date,totalCapital,unrializedPnL,rializedPnL,stocksOwned,stocksPriceToday,stocksPriceBoughtAt,putOwned,putOwnedSoldAt,putPriceToday,putOwnedContract,putOwnedStrike,callOwned,callOwnedSoldAt,callPriceToday,callOwnedContract,callOwnedStrike,trackType
2018-11-01,0.0,-8.0,0.0,0,273.51,0.0,1,1.82,1.9,SPY181102P00274500,274.5,0,0.0,0.0,,0.0,normalDay
2018-11-02,182.0,-261.0,182.0,100,271.89,274.5,1,1.82,0.0,SPY181102P00274500,274.5,0,0.0,0.0,,0.0,expirationDay
2018-11-05,182.0,-114.0,0.0,100,273.39,274.5,0,0.0,0.0,,0.0,1,0.03,0.06,SPY181116C00290000,290.0,normalDay
2018-11-06,182.0,56.0,0.0,100,275.12,274.5,0,0.0,0.0,,0.0,1,0.03,0.09,SPY181116C00290000,290.0,normalDay
2018-11-07,182.0,639.0,0.0,100,281.01,274.5,0,0.0,0.0,,0.0,1,0.03,0.15,SPY181116C00290000,290.0,normalDay
2018-11-08,182.0,592.0,0.0,100,280.5,274.5,0,0.0,0.0,,0.0,1,0.03,0.11,SPY181116C00290000,290.0,normalDay
2018-11-09,182.0,325.0,0.0,100,277.76,274.5,0,0.0,0.0,,0.0,1,0.03,0.04,SPY181116C00290000,290.0,normalDay
2018-11-12,182.0,-192.0,0.0,100,272.57,274.5,0,0.0,0.0,,0.0,1,0.03,0.02,SPY181116C00290000,290.0,normalDay
2018-11-13,182.0,-242.0,0.0,100,272.06,274.5,0,0.0,0.0,,0.0,1,0.03,0.01,SPY181116C00290000,290.0,normalDay
2018-11-14,182.0,-428.0,0.0,100,270.2,274.5,0,0.0,0.0,,0.0,1,0.03,0.01,SPY181116C00290000,290.0,normalDay
2018-11-15,182.0,-146.0,0.0,100,273.02,274.5,0,0.0,0.0,,0.0,1,0.03,0.01,SPY181116C00290000,290.0,normalDay
2018-11-16,185.0,-77.0,3.0,100,273.73,274.5,0,0.0,0.0,,0.0,1,0.03,0.0,SPY181116C00290000,290.0,expirationDay
2018-11-19,185.0,-543.0,0.0,100,269.1,274.5,0,0.0,0.0,,0.0,1,0.03,0.06,SPY181130C00285500,285.5,normalDay
2018-11-20,185.0,-1037.0,0.0,100,264.12,274.5,0,0.0,0.0,,0.0,1,0.03,0.02,SPY181130C00285500,285.5,normalDay
2018-11-21,185.0,-947.0,0.0,100,265.02,274.5,0,0.0,0.0,,0.0,1,0.03,0.02,SPY181130C00285500,285.5,normalDay
2018-11-23,185.0,-1123.0,0.0,100,263.25,274.5,0,0.0,0.0,,0.0,1,0.03,0.01,SPY181130C00285500,285.5,normalDay
2018-11-26,185.0,-698.0,0.0,100,267.5,274.5,0,0.0,0.0,,0.0,1,0.03,0.01,SPY181130C00285500,285.5,normalDay
2018-11-27,185.0,-608.0,0.0,100,268.4,274.5,0,0.0,0.0,,0.0,1,0.03,0.01,SPY181130C00285500,285.5,normalDay
2018-11-28,185.0,8.0,0.0,100,274.58,274.5,0,0.0,0.0,,0.0,1,0.03,0.03,SPY181130C00285500,285.5,normalDay
2018-11-29,185.0,-50.0,0.0,100,273.98,274.5,0,0.0,0.0,,0.0,1,0.03,0.01,SPY181130C00285500,285.5,normalDay
2018-11-30,188.0,115.0,3.0,100,275.65,274.5,0,0.0,0.0,,0.0,1,0.03,0.0,SPY181130C00285500,285.5,expirationDay
2018-12-03,188.0,476.0,0.0,100,279.3,274.5,0,0.0,0.0,,0.0,1,0.32,0.36,SPY181214C00287500,287.5,normalDay
2018-12-04,188.0,-398.0,0.0,100,270.25,274.5,0,0.0,0.0,,0.0,1,0.32,0.05,SPY181214C00287500,287.5,normalDay
2018-12-06,188.0,-438.0,0.0,100,269.84,274.5,0,0.0,0.0,,0.0,1,0.32,0.04,SPY181214C00287500,287.5,normalDay
2018-12-07,188.0,-1063.0,0.0,100,263.57,274.5,0,0.0,0.0,,0.0,1,0.32,0.02,SPY181214C00287500,287.5,normalDay
2018-12-10,188.0,-1012.0,0.0,100,264.07,274.5,0,0.0,0.0,,0.0,1,0.32,0.01,SPY181214C00287500,287.5,normalDay
2018-12-11,188.0,-1006.0,0.0,100,264.13,274.5,0,0.0,0.0,,0.0,1,0.32,0.01,SPY181214C00287500,287.5,normalDay
2018-12-12,188.0,-873.0,0.0,100,265.46,274.5,0,0.0,0.0,,0.0,1,0.32,0.01,SPY181214C00287500,287.5,normalDay
2018-12-13,188.0,-882.0,0.0,100,265.37,274.5,0,0.0,0.0,,0.0,1,0.32,0.01,SPY181214C00287500,287.5,normalDay
2018-12-14,220.0,-1403.0,32.0,100,260.47,274.5,0,0.0,0.0,,0.0,1,0.32,0.0,SPY181214C00287500,287.5,expirationDay
2018-12-17,220.0,-1914.0,0.0,100,255.36,274.5,0,0.0,0.0,,0.0,0,0.0,0.0,,0.0,bidTooLow
2018-12-18,220.0,-1942.0,0.0,100,255.08,274.5,0,0.0,0.0,,0.0,0,0.0,0.0,,0.0,bidTooLow
2018-12-19,220.0,-2324.0,0.0,100,251.26,274.5,0,0.0,0.0,,0.0,0,0.0,0.0,,0.0,bidTooLow
2018-12-20,220.0,-2733.0,0.0,100,247.17,274.5,0,0.0,0.0,,0.0,0,0.0,0.0,,0.0,bidTooLow
2018-12-21,220.0,-3380.0,0.0,100,240.7,274.5,0,0.0,0.0,,0.0,0,0.0,0.0,,0.0,bidTooLow
2018-12-24,220.0,-4016.0,0.0,100,234.34,274.5,0,0.0,0.0,,0.0,0,0.0,0.0,,0.0,bidTooLow
2018-12-26,220.0,-2832.0,0.0,100,246.18,274.5,0,0.0,0.0,,0.0,0,0.0,0.0,,0.0,bidTooLow
2018-12-27,220.0,-2643.0,0.0,100,248.07,274.5,0,0.0,0.0,,0.0,0,0.0,0.0,,0.0,bidTooLow
2018-12-28,220.0,-2675.0,0.0,100,247.75,274.5,0,0.0,0.0,,0.0,0,0.0,0.0,,0.0,bidTooLow
2018-12-31,220.0,-2458.0,0.0,100,249.92,274.5,0,0.0,0.0,,0.0,0,0.0,0.0,,0.0,bidTooLow
2019-01-02,220.0,-2432.0,0.0,100,250.18,274.5,0,0.0,0.0,,0.0,0,0.0,0.0,,0.0,bidTooLow
2019-01-03,220.0,-3029.0,0.0,100,244.21,274.5,0,0.0,0.0,,0.0,0,0.0,0.0,,0.0,bidTooLow
2019-01-04,220.0,-2211.0,0.0,100,252.39,274.5,0,0.0,0.0,,0.0,0,0.0,0.0,,0.0,bidTooLow
2019-01-07,220.0,-2012.0,0.0,100,254.38,274.5,0,0.0,0.0,,0.0,0,0.0,0.0,,0.0,bidTooLow
2019-01-08,220.0,-1773.0,0.0,100,256.77,274.5,0,0.0,0.0,,0.0,0,0.0,0.0,,0.0,bidTooLow
2019-01-09,220.0,-1656.0,0.0,100,257.97,274.5,0,0.0,0.0,,0.0,1,0.01,0.04,SPY190118C00276000,276.0,normalDay
2019-01-10,220.0,-1564.0,0.0,100,258.88,274.5,0,0.0,0.0,,0.0,1,0.01,0.03,SPY190118C00276000,276.0,normalDay
2019-01-11,220.0,-1553.0,0.0,100,258.98,274.5,0,0.0,0.0,,0.0,1,0.01,0.02,SPY190118C00276000,276.0,normalDay
2019-01-14,220.0,-1711.0,0.0,100,257.4,274.5,0,0.0,0.0,,0.0,1,0.01,0.02,SPY190118C00276000,276.0,normalDay
2019-01-15,220.0,-1415.0,0.0,100,260.35,274.5,0,0.0,0.0,,0.0,1,0.01,0.01,SPY190118C00276000,276.0,normalDay
2019-01-16,220.0,-1353.0,0.0,100,260.98,274.5,0,0.0,0.0,,0.0,1,0.01,0.02,SPY190118C00276000,276.0,normalDay
2019-01-17,220.0,-1154.0,0.0,100,262.96,274.5,0,0.0,0.0,,0.0,1,0.01,0.01,SPY190118C00276000,276.0,normalDay
2019-01-18,221.0,-804.0,1.0,100,266.46,274.5,0,0.0,0.0,,0.0,1,0.01,0.0,SPY190118C00276000,276.0,expirationDay
2019-01-22,221.0,-1167.0,0.0,100,262.86,274.5,0,0.0,0.0,,0.0,1,0.05,0.08,SPY190201C00277500,277.5,normalDay
2019-01-23,221.0,-1108.0,0.0,100,263.41,274.5,0,0.0,0.0,,0.0,1,0.05,0.04,SPY190201C00277500,277.5,normalDay
2019-01-24,221.0,-1093.0,0.0,100,263.55,274.5,0,0.0,0.0,,0.0,1,0.05,0.03,SPY190201C00277500,277.5,normalDay
2019-01-25,221.0,-870.0,0.0,100,265.78,274.5,0,0.0,0.0,,0.0,1,0.05,0.03,SPY190201C00277500,277.5,normalDay
2019-01-28,221.0,-1070.0,0.0,100,263.76,274.5,0,0.0,0.0,,0.0,1,0.05,0.01,SPY190201C00277500,277.5,normalDay
2019-01-29,221.0,-1105.0,0.0,100,263.41,274.5,0,0.0,0.0,,0.0,1,0.05,0.01,SPY190201C00277500,277.5,normalDay
2019-01-30,221.0,-688.0,0.0,100,267.58,274.5,0,0.0,0.0,,0.0,1,0.05,0.01,SPY190201C00277500,277.5,normalDay
2019-01-31,221.0,-453.0,0.0,100,269.93,274.5,0,0.0,0.0,,0.0,1,0.05,0.01,SPY190201C00277500,277.5,normalDay
2019-02-01,226.0,-444.0,5.0,100,270.06,274.5,0,0.0,0.0,,0.0,1,0.05,0.0,SPY190201C00277500,277.5,expirationDay
2019-02-04,226.0,-258.0,0.0,100,271.96,274.5,0,0.0,0.0,,0.0,1,0.51,0.55,SPY190215C00277000,277.0,normalDay
2019-02-05,226.0,-157.0,0.0,100,273.1,274.5,0,0.0,0.0,,0.0,1,0.51,0.68,SPY190215C00277000,277.0,normalDay
2019-02-06,226.0,-171.0,0.0,100,272.74,274.5,0,0.0,0.0,,0.0,1,0.51,0.46,SPY190215C00277000,277.0,normalDay
2019-02-07,226.0,-398.0,0.0,100,270.14,274.5,0,0.0,0.0,,0.0,1,0.51,0.13,SPY190215C00277000,277.0,normalDay
2019-02-08,226.0,-360.0,0.0,100,270.47,274.5,0,0.0,0.0,,0.0,1,0.51,0.08,SPY190215C00277000,277.0,normalDay
2019-02-11,226.0,-343.0,0.0,100,270.62,274.5,0,0.0,0.0,,0.0,1,0.51,0.06,SPY190215C00277000,277.0,normalDay
2019-02-12,226.0,-21.0,0.0,100,274.1,274.5,0,0.0,0.0,,0.0,1,0.51,0.32,SPY190215C00277000,277.0,normalDay
2019-02-13,226.0,66.0,0.0,100,274.99,274.5,0,0.0,0.0,,0.0,1,0.51,0.34,SPY190215C00277000,277.0,normalDay
2019-02-14,226.0,30.0,0.0,100,274.38,274.5,0,0.0,0.0,,0.0,1,0.51,0.09,SPY190215C00277000,277.0,normalDay
2019-02-15,527.0,30.0,301.0,0,277.37,0.0,0,0.0,0.0,,0.0,1,0.51,0.0,SPY190215C00277000,277.0,expirationDay
2019-02-19,527.0,-3.0,0.0,0,277.85,0.0,1,0.03,0.06,SPY190222P00269500,269.5,0,0.0,0.0,,0.0,normalDay
2019-02-20,527.0,0.0,0.0,0,278.41,0.0,1,0.03,0.03,SPY190222P00269500,269.5,0,0.0,0.0,,0.0,normalDay
2019-02-21,527.0,1.0,0.0,0,277.42,0.0,1,0.03,0.02,SPY190222P00269500,269.5,0,0.0,0.0,,0.0,normalDay
2019-02-22,530.0,0.0,3.0,0,279.14,0.0,1,0.03,0.0,SPY190222P00269500,269.5,0,0.0,0.0,,0.0,expirationDay
2019-02-25,530.0,-3.0,0.0,0,279.52,0.0,1,0.02,0.05,SPY190227P00272500,272.5,0,0.0,0.0,,0.0,normalDay
2019-02-26,530.0,0.0,0.0,0,279.32,0.0,1,0.02,0.02,SPY190227P00272500,272.5,0,0.0,0.0,,0.0,normalDay
2019-02-27,532.0,0.0,2.0,0,279.2,0.0,1,0.02,0.0,SPY190227P00272500,272.5,0,0.0,0.0,,0.0,expirationDay
2019-02-28,532.0,-3.0,0.0,0,278.68,0.0,1,0.01,0.04,SPY190301P00274500,274.5,0,0.0,0.0,,0.0,normalDay
2019-03-01,533.0,0.0,1.0,0,280.42,0.0,1,0.01,0.0,SPY190301P00274500,274.5,0,0.0,0.0,,0.0,expirationDay
2019-03-04,533.0,-3.0,0.0,0,279.4,0.0,1,0.15,0.18,SPY190306P00275500,275.5,0,0.0,0.0,,0.0,normalDay
2019-03-05,533.0,8.0,0.0,0,279.02,0.0,1,0.15,0.07,SPY190306P00275500,275.5,0,0.0,0.0,,0.0,normalDay
2019-03-06,548.0,0.0,15.0,0,277.33,0.0,1,0.15,0.0,SPY190306P00275500,275.5,0,0.0,0.0,,0.0,expirationDay
2019-03-07,548.0,-6.0,0.0,0,275.01,0.0,1,1.52,1.58,SPY190308P00276500,276.5,0,0.0,0.0,,0.0,normalDay
2019-03-08,700.0,-204.0,152.0,100,274.46,276.5,1,1.52,0.0,SPY190308P00276500,276.5,0,0.0,0.0,,0.0,expirationDay
2019-03-11,700.0,191.0,0.0,100,278.44,276.5,0,0.0,0.0,,0.0,1,0.12,0.15,SPY190322C00284500,284.5,normalDay
2019-03-12,700.0,294.0,0.0,100,279.49,276.5,0,0.0,0.0,,0.0,1,0.12,0.17,SPY190322C00284500,284.5,normalDay
2019-03-13,700.0,452.0,0.0,100,281.34,276.5,0,0.0,0.0,,0.0,1,0.12,0.44,SPY190322C00284500,284.5,normalDay
2019-03-14,700.0,450.0,0.0,100,281.16,276.5,0,0.0,0.0,,0.0,1,0.12,0.28,SPY190322C00284500,284.5,normalDay
2019-03-15,700.0,456.0,0.0,100,281.31,276.5,0,0.0,0.0,,0.0,1,0.12,0.37,SPY190322C00284500,284.5,normalDay
2019-03-18,700.0,540.0,0.0,100,282.33,276.5,0,0.0,0.0,,0.0,1,0.12,0.55,SPY190322C00284500,284.5,normalDay
2019-03-19,700.0,553.0,0.0,100,282.4,276.5,0,0.0,0.0,,0.0,1,0.12,0.49,SPY190322C00284500,284.5,normalDay
2019-03-20,700.0,502.0,0.0,100,281.55,276.5,0,0.0,0.0,,0.0,1,0.12,0.15,SPY190322C00284500,284.5,normalDay
2019-03-21,700.0,755.0,0.0,100,284.73,276.5,0,0.0,0.0,,0.0,1,0.12,0.8,SPY190322C00284500,284.5,normalDay
2019-03-22,712.0,275.0,12.0,100,279.25,276.5,0,0.0,0.0,,0.0,1,0.12,0.0,SPY190322C00284500,284.5,expirationDay
2019-03-25,712.0,251.0,0.0,100,279.04,276.5,0,0.0,0.0,,0.0,1,0.28,0.31,SPY190405C00287000,287.0,normalDay
2019-03-26,712.0,458.0,0.0,100,281.12,276.5,0,0.0,0.0,,0.0,1,0.28,0.32,SPY190405C00287000,287.0,normalDay
2019-03-27,712.0,327.0,0.0,100,279.65,276.5,0,0.0,0.0,,0.0,1,0.28,0.16,SPY190405C00287000,287.0,normalDay
2019-03-28,712.0,432.0,0.0,100,280.71,276.5,0,0.0,0.0,,0.0,1,0.28,0.17,SPY190405C00287000,287.0,normalDay
2019-03-29,712.0,601.0,0.0,100,282.48,276.5,0,0.0,0.0,,0.0,1,0.28,0.25,SPY190405C00287000,287.0,normalDay
2019-04-01,712.0,886.0,0.0,100,285.83,276.5,0,0.0,0.0,,0.0,1,0.28,0.75,SPY190405C00287000,287.0,normalDay
2019-04-02,712.0,912.0,0.0,100,285.97,276.5,0,0.0,0.0,,0.0,1,0.28,0.63,SPY190405C00287000,287.0,normalDay
2019-04-03,712.0,933.0,0.0,100,286.42,276.5,0,0.0,0.0,,0.0,1,0.28,0.87,SPY190405C00287000,287.0,normalDay
2019-04-04,712.0,1004.0,0.0,100,287.18,276.5,0,0.0,0.0,,0.0,1,0.28,0.92,SPY190405C00287000,287.0,normalDay
2019-04-05,1790.0,1004.0,1078.0,0,288.57,0.0,0,0.0,0.0,,0.0,1,0.28,0.0,SPY190405C00287000,287.0,expirationDay
2019-04-08,1790.0,0.0,0.0,0,288.79,0.0,0,0.0,0.0,,0.0,0,0.0,0.0,,0.0,bidTooLow
2019-04-09,1790.0,-3.0,0.0,0,287.31,0.0,1,0.19,0.22,SPY190412P00283000,283.0,0,0.0,0.0,,0.0,normalDay
2019-04-10,1790.0,15.0,0.0,0,288.29,0.0,1,0.19,0.04,SPY190412P00283000,283.0,0,0.0,0.0,,0.0,normalDay
2019-04-11,1790.0,17.0,0.0,0,288.21,0.0,1,0.19,0.02,SPY190412P00283000,283.0,0,0.0,0.0,,0.0,normalDay
2019-04-12,1809.0,0.0,19.0,0,290.16,0.0,1,0.19,0.0,SPY190412P00283000,283.0,0,0.0,0.0,,0.0,expirationDay
2019-04-15,1809.0,-3.0,0.0,0,289.97,0.0,1,0.07,0.1,SPY190418P00284500,284.5,0,0.0,0.0,,0.0,normalDay
2019-04-16,1809.0,0.0,0.0,0,290.16,0.0,1,0.07,0.07,SPY190418P00284500,284.5,0,0.0,0.0,,0.0,normalDay
2019-04-17,1809.0,3.0,0.0,0,289.45,0.0,1,0.07,0.04,SPY190418P00284500,284.5,0,0.0,0.0,,0.0,normalDay
2019-04-18,1816.0,0.0,7.0,0,290.02,0.0,1,0.07,0.0,SPY190418P00284500,284.5,0,0.0,0.0,,0.0,expirationDay
2019-04-22,1816.0,-3.0,0.0,0,290.27,0.0,1,0.04,0.07,SPY190424P00286000,286.0,0,0.0,0.0,,0.0,normalDay
2019-04-23,1816.0,2.0,0.0,0,292.88,0.0,1,0.04,0.02,SPY190424P00286000,286.0,0,0.0,0.0,,0.0,normalDay
2019-04-24,1820.0,0.0,4.0,0,292.23,0.0,1,0.04,0.0,SPY190424P00286000,286.0,0,0.0,0.0,,0.0,expirationDay
2019-04-25,1820.0,-3.0,0.0,0,292.05,0.0,1,0.04,0.07,SPY190426P00288000,288.0,0,0.0,0.0,,0.0,normalDay
2019-04-26,1824.0,0.0,4.0,0,293.41,0.0,1,0.04,0.0,SPY190426P00288000,288.0,0,0.0,0.0,,0.0,expirationDay
2019-04-29,1824.0,-3.0,0.0,0,293.87,0.0,1,0.11,0.14,SPY190501P00289500,289.5,0,0.0,0.0,,0.0,normalDay
2019-04-30,1824.0,5.0,0.0,0,294.02,0.0,1,0.11,0.06,SPY190501P00289500,289.5,0,0.0,0.0,,0.0,normalDay
2019-05-01,1835.0,0.0,11.0,0,291.81,0.0,1,0.11,0.0,SPY190501P00289500,289.5,0,0.0,0.0,,0.0,expirationDay
2019-05-02,1835.0,-3.0,0.0,0,291.18,0.0,1,0.57,0.6,SPY190503P00290500,290.5,0,0.0,0.0,,0.0,normalDay
2019-05-03,1892.0,0.0,57.0,0,294.03,0.0,1,0.57,0.0,SPY190503P00290500,290.5,0,0.0,0.0,,0.0,expirationDay
2019-05-06,1892.0,-3.0,0.0,0,292.82,0.0,1,0.6,0.63,SPY190508P00291000,291.0,0,0.0,0.0,,0.0,normalDay
2019-05-07,1892.0,-240.0,0.0,0,287.93,0.0,1,0.6,3.0,SPY190508P00291000,291.0,0,0.0,0.0,,0.0,normalDay
2019-05-08,1952.0,-347.0,60.0,100,287.53,291.0,1,0.6,0.0,SPY190508P00291000,291.0,0,0.0,0.0,,0.0,expirationDay
2019-05-09,1952.0,-438.0,0.0,100,286.66,291.0,0,0.0,0.0,,0.0,1,0.15,0.19,SPY190520C00297000,297.0,normalDay
2019-05-10,1952.0,-283.0,0.0,100,288.1,291.0,0,0.0,0.0,,0.0,1,0.15,0.08,SPY190520C00297000,297.0,normalDay
2019-05-13,1952.0,-1001.0,0.0,100,280.86,291.0,0,0.0,0.0,,0.0,1,0.15,0.02,SPY190520C00297000,297.0,normalDay
2019-05-14,1952.0,-747.0,0.0,100,283.4,291.0,0,0.0,0.0,,0.0,1,0.15,0.02,SPY190520C00297000,297.0,normalDay
2019-05-15,1952.0,-580.0,0.0,100,285.06,291.0,0,0.0,0.0,,0.0,1,0.15,0.01,SPY190520C00297000,297.0,normalDay
2019-05-16,1952.0,-316.0,0.0,100,287.7,291.0,0,0.0,0.0,,0.0,1,0.15,0.01,SPY190520C00297000,297.0,normalDay
2019-05-17,1952.0,-502.0,0.0,100,285.84,291.0,0,0.0,0.0,,0.0,1,0.15,0.01,SPY190520C00297000,297.0,normalDay
2019-05-20,1967.0,-705.0,15.0,100,283.95,291.0,0,0.0,0.0,,0.0,1,0.15,0.0,SPY190520C00297000,297.0,expirationDay
2019-05-21,1967.0,-449.0,0.0,100,286.51,291.0,0,0.0,0.0,,0.0,0,0.0,0.0,,0.0,bidTooLow
2019-05-22,1967.0,-537.0,0.0,100,285.63,291.0,0,0.0,0.0,,0.0,0,0.0,0.0,,0.0,bidTooLow
2019-05-23,1967.0,-886.0,0.0,100,282.14,291.0,0,0.0,0.0,,0.0,0,0.0,0.0,,0.0,bidTooLow
2019-05-24,1967.0,-822.0,0.0,100,282.78,291.0,0,0.0,0.0,,0.0,0,0.0,0.0,,0.0,bidTooLow
2019-05-28,1967.0,-1085.0,0.0,100,280.15,291.0,0,0.0,0.0,,0.0,0,0.0,0.0,,0.0,bidTooLow
2019-05-29,1967.0,-1273.0,0.0,100,278.27,291.0,0,0.0,0.0,,0.0,0,0.0,0.0,,0.0,bidTooLow
2019-05-30,1967.0,-1197.0,0.0,100,279.03,291.0,0,0.0,0.0,,0.0,0,0.0,0.0,,0.0,bidTooLow
2019-05-31,1967.0,-1573.0,0.0,100,275.27,291.0,0,0.0,0.0,,0.0,0,0.0,0.0,,0.0,bidTooLow
2019-06-03,1967.0,-1643.0,0.0,100,274.57,291.0,0,0.0,0.0,,0.0,0,0.0,0.0,,0.0,bidTooLow
2019-06-04,1967.0,-1047.0,0.0,100,280.53,291.0,0,0.0,0.0,,0.0,0,0.0,0.0,,0.0,bidTooLow
2019-06-05,1967.0,-807.0,0.0,100,282.96,291.0,0,0.0,0.0,,0.0,1,0.04,0.07,SPY190614C00294000,294.0,normalDay
2019-06-06,1967.0,-627.0,0.0,100,284.8,291.0,0,0.0,0.0,,0.0,1,0.04,0.11,SPY190614C00294000,294.0,normalDay
2019-06-07,1967.0,-355.0,0.0,100,287.65,291.0,0,0.0,0.0,,0.0,1,0.04,0.24,SPY190614C00294000,294.0,normalDay
2019-06-10,1967.0,-221.0,0.0,100,288.97,291.0,0,0.0,0.0,,0.0,1,0.04,0.22,SPY190614C00294000,294.0,normalDay
2019-06-11,1967.0,-218.0,0.0,100,288.9,291.0,0,0.0,0.0,,0.0,1,0.04,0.12,SPY190614C00294000,294.0,normalDay
2019-06-12,1967.0,-260.0,0.0,100,288.39,291.0,0,0.0,0.0,,0.0,1,0.04,0.03,SPY190614C00294000,294.0,normalDay
2019-06-13,1967.0,-141.0,0.0,100,289.58,291.0,0,0.0,0.0,,0.0,1,0.04,0.03,SPY190614C00294000,294.0,normalDay
2019-06-14,1971.0,-174.0,4.0,100,289.26,291.0,0,0.0,0.0,,0.0,1,0.04,0.0,SPY190614C00294000,294.0,expirationDay
2019-06-17,1971.0,-166.0,0.0,100,289.37,291.0,0,0.0,0.0,,0.0,1,0.09,0.12,SPY190628C00298000,298.0,normalDay
2019-06-18,1971.0,112.0,0.0,100,292.4,291.0,0,0.0,0.0,,0.0,1,0.09,0.37,SPY190628C00298000,298.0,normalDay
2019-06-19,1971.0,180.0,0.0,100,293.06,291.0,0,0.0,0.0,,0.0,1,0.09,0.35,SPY190628C00298000,298.0,normalDay
2019-06-20,1971.0,411.0,0.0,100,295.86,291.0,0,0.0,0.0,,0.0,1,0.09,0.84,SPY190628C00298000,298.0,normalDay
2019-06-21,1971.0,252.0,0.0,100,294.0,291.0,0,0.0,0.0,,0.0,1,0.09,0.57,SPY190628C00298000,298.0,normalDay
2019-06-24,1971.0,248.0,0.0,100,293.64,291.0,0,0.0,0.0,,0.0,1,0.09,0.25,SPY190628C00298000,298.0,normalDay
2019-06-25,1971.0,-18.0,0.0,100,290.76,291.0,0,0.0,0.0,,0.0,1,0.09,0.03,SPY190628C00298000,298.0,normalDay
2019-06-26,1971.0,-45.0,0.0,100,290.47,291.0,0,0.0,0.0,,0.0,1,0.09,0.01,SPY190628C00298000,298.0,normalDay
2019-06-27,1971.0,58.0,0.0,100,291.5,291.0,0,0.0,0.0,,0.0,1,0.09,0.01,SPY190628C00298000,298.0,normalDay
2019-06-28,1980.0,200.0,9.0,100,293.0,291.0,0,0.0,0.0,,0.0,1,0.09,0.0,SPY190628C00298000,298.0,expirationDay
2019-07-01,1980.0,463.0,0.0,100,295.66,291.0,0,0.0,0.0,,0.0,1,0.19,0.22,SPY190712C00302000,302.0,normalDay
2019-07-02,1980.0,547.0,0.0,100,296.43,291.0,0,0.0,0.0,,0.0,1,0.19,0.15,SPY190712C00302000,302.0,normalDay
2019-07-03,1980.0,752.0,0.0,100,298.8,291.0,0,0.0,0.0,,0.0,1,0.19,0.47,SPY190712C00302000,302.0,normalDay
2019-07-05,1980.0,744.0,0.0,100,298.46,291.0,0,0.0,0.0,,0.0,1,0.19,0.21,SPY190712C00302000,302.0,normalDay
2019-07-08,1980.0,595.0,0.0,100,296.82,291.0,0,0.0,0.0,,0.0,1,0.19,0.06,SPY190712C00302000,302.0,normalDay
2019-07-09,1980.0,632.0,0.0,100,297.19,291.0,0,0.0,0.0,,0.0,1,0.19,0.06,SPY190712C00302000,302.0,normalDay
2019-07-10,1980.0,774.0,0.0,100,298.61,291.0,0,0.0,0.0,,0.0,1,0.19,0.06,SPY190712C00302000,302.0,normalDay
2019-07-11,1980.0,848.0,0.0,100,299.31,291.0,0,0.0,0.0,,0.0,1,0.19,0.02,SPY190712C00302000,302.0,normalDay
2019-07-12,1999.0,965.0,19.0,100,300.65,291.0,0,0.0,0.0,,0.0,1,0.19,0.0,SPY190712C00302000,302.0,expirationDay
2019-07-15,1999.0,972.0,0.0,100,300.75,291.0,0,0.0,0.0,,0.0,1,0.29,0.32,SPY190726C00305000,305.0,normalDay
2019-07-16,1999.0,889.0,0.0,100,299.78,291.0,0,0.0,0.0,,0.0,1,0.29,0.18,SPY190726C00305000,305.0,normalDay
2019-07-17,1999.0,697.0,0.0,100,297.74,291.0,0,0.0,0.0,,0.0,1,0.29,0.06,SPY190726C00305000,305.0,normalDay
2019-07-18,1999.0,801.0,0.0,100,298.83,291.0,0,0.0,0.0,,0.0,1,0.29,0.11,SPY190726C00305000,305.0,normalDay
2019-07-19,1999.0,643.0,0.0,100,297.17,291.0,0,0.0,0.0,,0.0,1,0.29,0.03,SPY190726C00305000,305.0,normalDay
2019-07-22,1999.0,717.0,0.0,100,297.9,291.0,0,0.0,0.0,,0.0,1,0.29,0.02,SPY190726C00305000,305.0,normalDay
2019-07-23,1999.0,928.0,0.0,100,300.03,291.0,0,0.0,0.0,,0.0,1,0.29,0.04,SPY190726C00305000,305.0,normalDay
2019-07-24,1999.0,1069.0,0.0,100,301.44,291.0,0,0.0,0.0,,0.0,1,0.29,0.04,SPY190726C00305000,305.0,normalDay
2019-07-25,1999.0,928.0,0.0,100,300.0,291.0,0,0.0,0.0,,0.0,1,0.29,0.01,SPY190726C00305000,305.0,normalDay
2019-07-26,2028.0,1101.0,29.0,100,302.01,291.0,0,0.0,0.0,,0.0,1,0.29,0.0,SPY190726C00305000,305.0,expirationDay
2019-07-29,2028.0,1042.0,0.0,100,301.46,291.0,0,0.0,0.0,,0.0,1,1.1,1.14,SPY190809C00304000,304.0,normalDay
2019-07-30,2028.0,981.0,0.0,100,300.72,291.0,0,0.0,0.0,,0.0,1,1.1,1.01,SPY190809C00304000,304.0,normalDay
2019-07-31,2028.0,723.0,0.0,100,297.43,291.0,0,0.0,0.0,,0.0,1,1.1,0.3,SPY190809C00304000,304.0,normalDay
2019-08-01,2028.0,484.0,0.0,100,294.84,291.0,0,0.0,0.0,,0.0,1,1.1,0.1,SPY190809C00304000,304.0,normalDay
2019-08-02,2028.0,269.0,0.0,100,292.62,291.0,0,0.0,0.0,,0.0,1,1.1,0.03,SPY190809C00304000,304.0,normalDay
2019-08-05,2028.0,-610.0,0.0,100,283.82,291.0,0,0.0,0.0,,0.0,1,1.1,0.02,SPY190809C00304000,304.0,normalDay
2019-08-06,2028.0,-211.0,0.0,100,287.8,291.0,0,0.0,0.0,,0.0,1,1.1,0.01,SPY190809C00304000,304.0,normalDay
2019-08-07,2028.0,-194.0,0.0,100,287.97,291.0,0,0.0,0.0,,0.0,1,1.1,0.01,SPY190809C00304000,304.0,normalDay
2019-08-08,2028.0,371.0,0.0,100,293.62,291.0,0,0.0,0.0,,0.0,1,1.1,0.01,SPY190809C00304000,304.0,normalDay
2019-08-09,2138.0,62.0,110.0,100,291.62,291.0,0,0.0,0.0,,0.0,1,1.1,0.0,SPY190809C00304000,304.0,expirationDay
2019-08-12,2138.0,-293.0,0.0,100,288.07,291.0,0,0.0,0.0,,0.0,0,0.0,0.0,,0.0,bidTooLow
2019-08-13,2138.0,155.0,0.0,100,292.55,291.0,0,0.0,0.0,,0.0,0,0.0,0.0,,0.0,bidTooLow
2019-08-14,2138.0,-710.0,0.0,100,283.9,291.0,0,0.0,0.0,,0.0,0,0.0,0.0,,0.0,bidTooLow
2019-08-15,2138.0,-635.0,0.0,100,284.65,291.0,0,0.0,0.0,,0.0,0,0.0,0.0,,0.0,bidTooLow
2019-08-16,2138.0,-215.0,0.0,100,288.85,291.0,0,0.0,0.0,,0.0,0,0.0,0.0,,0.0,bidTooLow
2019-08-19,2138.0,133.0,0.0,100,292.33,291.0,0,0.0,0.0,,0.0,0,0.0,0.0,,0.0,bidTooLow
2019-08-20,2138.0,-91.0,0.0,100,290.09,291.0,0,0.0,0.0,,0.0,0,0.0,0.0,,0.0,bidTooLow
2019-08-21,2138.0,145.0,0.0,100,292.45,291.0,0,0.0,0.0,,0.0,0,0.0,0.0,,0.0,bidTooLow
2019-08-22,2138.0,136.0,0.0,100,292.36,291.0,0,0.0,0.0,,0.0,0,0.0,0.0,,0.0,bidTooLow
2019-08-23,2138.0,-615.0,0.0,100,284.85,291.0,0,0.0,0.0,,0.0,0,0.0,0.0,,0.0,bidTooLow
2019-08-26,2138.0,-303.0,0.0,100,288.0,291.0,0,0.0,0.0,,0.0,1,0.01,0.04,SPY190906C00303000,303.0,normalDay
2019-08-27,2138.0,-415.0,0.0,100,286.87,291.0,0,0.0,0.0,,0.0,1,0.01,0.03,SPY190906C00303000,303.0,normalDay
2019-08-28,2138.0,-213.0,0.0,100,288.89,291.0,0,0.0,0.0,,0.0,1,0.01,0.03,SPY190906C00303000,303.0,normalDay
2019-08-29,2138.0,153.0,0.0,100,292.58,291.0,0,0.0,0.0,,0.0,1,0.01,0.06,SPY190906C00303000,303.0,normalDay
2019-08-30,2138.0,142.0,0.0,100,292.45,291.0,0,0.0,0.0,,0.0,1,0.01,0.04,SPY190906C00303000,303.0,normalDay
2019-09-03,2138.0,-26.0,0.0,100,290.74,291.0,0,0.0,0.0,,0.0,1,0.01,0.01,SPY190906C00303000,303.0,normalDay
2019-09-04,2138.0,304.0,0.0,100,294.04,291.0,0,0.0,0.0,,0.0,1,0.01,0.01,SPY190906C00303000,303.0,normalDay
2019-09-05,2138.0,681.0,0.0,100,297.82,291.0,0,0.0,0.0,,0.0,1,0.01,0.02,SPY190906C00303000,303.0,normalDay
2019-09-06,2139.0,705.0,1.0,100,298.05,291.0,0,0.0,0.0,,0.0,1,0.01,0.0,SPY190906C00303000,303.0,expirationDay
2019-09-09,2139.0,717.0,0.0,100,298.2,291.0,0,0.0,0.0,,0.0,1,0.49,0.52,SPY190920C00303000,303.0,normalDay
2019-09-10,2139.0,720.0,0.0,100,298.13,291.0,0,0.0,0.0,,0.0,1,0.49,0.42,SPY190920C00303000,303.0,normalDay
2019-09-11,2139.0,883.0,0.0,100,300.25,291.0,0,0.0,0.0,,0.0,1,0.49,0.91,SPY190920C00303000,303.0,normalDay
2019-09-12,2139.0,959.0,0.0,100,301.29,291.0,0,0.0,0.0,,0.0,1,0.49,1.19,SPY190920C00303000,303.0,normalDay
2019-09-13,2139.0,968.0,0.0,100,301.09,291.0,0,0.0,0.0,,0.0,1,0.49,0.9,SPY190920C00303000,303.0,normalDay
2019-09-16,2139.0,914.0,0.0,100,300.16,291.0,0,0.0,0.0,,0.0,1,0.49,0.51,SPY190920C00303000,303.0,normalDay
2019-09-17,2139.0,985.0,0.0,100,300.92,291.0,0,0.0,0.0,,0.0,1,0.49,0.56,SPY190920C00303000,303.0,normalDay
2019-09-18,2139.0,1017.0,0.0,100,301.1,291.0,0,0.0,0.0,,0.0,1,0.49,0.42,SPY190920C00303000,303.0,normalDay
2019-09-19,2139.0,1051.0,0.0,100,301.08,291.0,0,0.0,0.0,,0.0,1,0.49,0.06,SPY190920C00303000,303.0,normalDay
2019-09-20,2188.0,728.0,49.0,100,298.28,291.0,0,0.0,0.0,,0.0,1,0.49,0.0,SPY190920C00303000,303.0,expirationDay
2019-09-23,2188.0,721.0,0.0,100,298.21,291.0,0,0.0,0.0,,0.0,0,0.0,0.0,,0.0,bidTooLow
2019-09-24,2188.0,487.0,0.0,100,295.87,291.0,0,0.0,0.0,,0.0,0,0.0,0.0,,0.0,bidTooLow
2019-09-25,2188.0,662.0,0.0,100,297.62,291.0,0,0.0,0.0,,0.0,0,0.0,0.0,,0.0,bidTooLow
2019-09-26,2188.0,597.0,0.0,100,297.0,291.0,0,0.0,0.0,,0.0,1,0.02,0.05,SPY191007C00307000,307.0,normalDay
2019-09-27,2188.0,439.0,0.0,100,295.4,291.0,0,0.0,0.0,,0.0,1,0.02,0.03,SPY191007C00307000,307.0,normalDay
2019-09-30,2188.0,578.0,0.0,100,296.77,291.0,0,0.0,0.0,,0.0,1,0.02,0.01,SPY191007C00307000,307.0,normalDay
2019-10-01,2188.0,225.0,0.0,100,293.24,291.0,0,0.0,0.0,,0.0,1,0.02,0.01,SPY191007C00307000,307.0,normalDay
2019-10-02,2188.0,-293.0,0.0,100,288.06,291.0,0,0.0,0.0,,0.0,1,0.02,0.01,SPY191007C00307000,307.0,normalDay
2019-10-03,2188.0,-57.0,0.0,100,290.42,291.0,0,0.0,0.0,,0.0,1,0.02,0.01,SPY191007C00307000,307.0,normalDay
2019-10-04,2188.0,336.0,0.0,100,294.35,291.0,0,0.0,0.0,,0.0,1,0.02,0.01,SPY191007C00307000,307.0,normalDay
2019-10-07,2190.0,208.0,2.0,100,293.08,291.0,0,0.0,0.0,,0.0,1,0.02,0.0,SPY191007C00307000,307.0,expirationDay
2019-10-08,2190.0,-247.0,0.0,100,288.53,291.0,0,0.0,0.0,,0.0,0,0.0,0.0,,0.0,bidTooLow
2019-10-09,2190.0,27.0,0.0,100,291.27,291.0,0,0.0,0.0,,0.0,0,0.0,0.0,,0.0,bidTooLow
2019-10-10,2190.0,224.0,0.0,100,293.24,291.0,0,0.0,0.0,,0.0,0,0.0,0.0,,0.0,bidTooLow
2019-10-11,2190.0,525.0,0.0,100,296.28,291.0,0,0.0,0.0,,0.0,1,0.04,0.07,SPY191021C00307000,307.0,normalDay
2019-10-14,2190.0,498.0,0.0,100,295.95,291.0,0,0.0,0.0,,0.0,1,0.04,0.01,SPY191021C00307000,307.0,normalDay
2019-10-15,2190.0,788.0,0.0,100,298.88,291.0,0,0.0,0.0,,0.0,1,0.04,0.04,SPY191021C00307000,307.0,normalDay
2019-10-16,2190.0,743.0,0.0,100,298.4,291.0,0,0.0,0.0,,0.0,1,0.04,0.01,SPY191021C00307000,307.0,normalDay
2019-10-17,2190.0,831.0,0.0,100,299.28,291.0,0,0.0,0.0,,0.0,1,0.04,0.01,SPY191021C00307000,307.0,normalDay
2019-10-18,2190.0,700.0,0.0,100,297.97,291.0,0,0.0,0.0,,0.0,1,0.04,0.01,SPY191021C00307000,307.0,normalDay
2019-10-21,2194.0,899.0,4.0,100,299.99,291.0,0,0.0,0.0,,0.0,1,0.04,0.0,SPY191021C00307000,307.0,expirationDay
2019-10-22,2194.0,798.0,0.0,100,299.01,291.0,0,0.0,0.0,,0.0,1,0.16,0.19,SPY191101C00306000,306.0,normalDay
2019-10-23,2194.0,887.0,0.0,100,299.88,291.0,0,0.0,0.0,,0.0,1,0.16,0.17,SPY191101C00306000,306.0,normalDay
2019-10-24,2194.0,941.0,0.0,100,300.37,291.0,0,0.0,0.0,,0.0,1,0.16,0.12,SPY191101C00306000,306.0,normalDay
2019-10-25,2194.0,1060.0,0.0,100,301.6,291.0,0,0.0,0.0,,0.0,1,0.16,0.16,SPY191101C00306000,306.0,normalDay
2019-10-28,2194.0,1208.0,0.0,100,303.3,291.0,0,0.0,0.0,,0.0,1,0.16,0.38,SPY191101C00306000,306.0,normalDay
2019-10-29,2194.0,1207.0,0.0,100,303.21,291.0,0,0.0,0.0,,0.0,1,0.16,0.3,SPY191101C00306000,306.0,normalDay
2019-10-30,2194.0,1297.0,0.0,100,304.14,291.0,0,0.0,0.0,,0.0,1,0.16,0.33,SPY191101C00306000,306.0,normalDay
2019-10-31,2194.0,1244.0,0.0,100,303.33,291.0,0,0.0,0.0,,0.0,1,0.16,0.05,SPY191101C00306000,306.0,normalDay
2019-11-01,3710.0,1244.0,1516.0,0,306.14,0.0,0,0.0,0.0,,0.0,1,0.16,0.0,SPY191101C00306000,306.0,expirationDay
2019-11-04,3710.0,0.0,0.0,0,307.37,0.0,0,0.0,0.0,,0.0,0,0.0,0.0,,0.0,bidTooLow
2019-11-05,3710.0,-3.0,0.0,0,307.03,0.0,1,0.03,0.06,SPY191108P00300000,300.0,0,0.0,0.0,,0.0,normalDay
2019-11-06,3710.0,1.0,0.0,0,307.1,0.0,1,0.03,0.02,SPY191108P00300000,300.0,0,0.0,0.0,,0.0,normalDay
2019-11-07,3710.0,1.0,0.0,0,308.18,0.0,1,0.03,0.02,SPY191108P00300000,300.0,0,0.0,0.0,,0.0,normalDay
2019-11-08,3713.0,0.0,3.0,0,308.94,0.0,1,0.03,0.0,SPY191108P00300000,300.0,0,0.0,0.0,,0.0,expirationDay
2019-11-11,3713.0,0.0,0.0,0,308.35,0.0,0,0.0,0.0,,0.0,0,0.0,0.0,,0.0,bidTooLow
2019-11-12,3713.0,-3.0,0.0,0,309.0,0.0,1,0.05,0.08,SPY191115P00303000,303.0,0,0.0,0.0,,0.0,normalDay
2019-11-13,3713.0,-1.0,0.0,0,309.1,0.0,1,0.05,0.06,SPY191115P00303000,303.0,0,0.0,0.0,,0.0,normalDay
2019-11-14,3713.0,1.0,0.0,0,309.55,0.0,1,0.05,0.04,SPY191115P00303000,303.0,0,0.0,0.0,,0.0,normalDay
2019-11-15,3718.0,0.0,5.0,0,311.79,0.0,1,0.05,0.0,SPY191115P00303000,303.0,0,0.0,0.0,,0.0,expirationDay
2019-11-18,3718.0,-3.0,0.0,0,312.02,0.0,1,0.02,0.05,SPY191120P00305500,305.5,0,0.0,0.0,,0.0,normalDay
2019-11-19,3718.0,-1.0,0.0,0,311.93,0.0,1,0.02,0.03,SPY191120P00305500,305.5,0,0.0,0.0,,0.0,normalDay
2019-11-20,3720.0,0.0,2.0,0,310.77,0.0,1,0.02,0.0,SPY191120P00305500,305.5,0,0.0,0.0,,0.0,expirationDay
2019-11-21,3720.0,-3.0,0.0,0,310.27,0.0,1,0.1,0.13,SPY191122P00307500,307.5,0,0.0,0.0,,0.0,normalDay
2019-11-22,3730.0,0.0,10.0,0,310.96,0.0,1,0.1,0.0,SPY191122P00307500,307.5,0,0.0,0.0,,0.0,expirationDay
2019-11-25,3730.0,-3.0,0.0,0,313.37,0.0,1,0.06,0.09,SPY191127P00308500,308.5,0,0.0,0.0,,0.0,normalDay
2019-11-26,3730.0,3.0,0.0,0,314.08,0.0,1,0.06,0.03,SPY191127P00308500,308.5,0,0.0,0.0,,0.0,normalDay
2019-11-27,3736.0,0.0,6.0,0,315.48,0.0,1,0.06,0.0,SPY191127P00308500,308.5,0,0.0,0.0,,0.0,expirationDay
2019-11-29,3736.0,-4.0,0.0,0,314.31,0.0,1,0.06,0.1,SPY191202P00310000,310.0,0,0.0,0.0,,0.0,normalDay
2019-12-02,3742.0,0.0,6.0,0,311.64,0.0,1,0.06,0.0,SPY191202P00310000,310.0,0,0.0,0.0,,0.0,expirationDay
2019-12-03,3742.0,-4.0,0.0,0,309.55,0.0,1,2.19,2.23,SPY191206P00310500,310.5,0,0.0,0.0,,0.0,normalDay
2019-12-04,3742.0,118.0,0.0,0,311.46,0.0,1,2.19,1.01,SPY191206P00310500,310.5,0,0.0,0.0,,0.0,normalDay
2019-12-05,3742.0,184.0,0.0,0,312.02,0.0,1,2.19,0.35,SPY191206P00310500,310.5,0,0.0,0.0,,0.0,normalDay
2019-12-06,3961.0,0.0,219.0,0,314.87,0.0,1,2.19,0.0,SPY191206P00310500,310.5,0,0.0,0.0,,0.0,expirationDay
2019-12-09,3961.0,-3.0,0.0,0,313.88,0.0,1,0.51,0.54,SPY191211P00311500,311.5,0,0.0,0.0,,0.0,normalDay
2019-12-10,3961.0,28.0,0.0,0,313.53,0.0,1,0.51,0.23,SPY191211P00311500,311.5,0,0.0,0.0,,0.0,normalDay
2019-12-11,4012.0,0.0,51.0,0,314.42,0.0,1,0.51,0.0,SPY191211P00311500,311.5,0,0.0,0.0,,0.0,expirationDay
2019-12-12,4012.0,-3.0,0.0,0,317.13,0.0,1,0.14,0.17,SPY191213P00312500,312.5,0,0.0,0.0,,0.0,normalDay
2019-12-13,4026.0,0.0,14.0,0,317.32,0.0,1,0.14,0.0,SPY191213P00312500,312.5,0,0.0,0.0,,0.0,expirationDay
2019-12-16,4026.0,-3.0,0.0,0,319.5,0.0,1,0.07,0.1,SPY191218P00313000,313.0,0,0.0,0.0,,0.0,normalDay
2019-12-17,4026.0,4.0,0.0,0,319.57,0.0,1,0.07,0.03,SPY191218P00313000,313.0,0,0.0,0.0,,0.0,normalDay
2019-12-18,4033.0,0.0,7.0,0,319.59,0.0,1,0.07,0.0,SPY191218P00313000,313.0,0,0.0,0.0,,0.0,expirationDay
2019-12-19,4033.0,-3.0,0.0,0,320.9,0.0,1,0.02,0.05,SPY191220P00314500,314.5,0,0.0,0.0,,0.0,normalDay
2019-12-20,4035.0,0.0,2.0,0,320.73,0.0,1,0.02,0.0,SPY191220P00314500,314.5,0,0.0,0.0,,0.0,expirationDay
2019-12-23,4035.0,0.0,0.0,0,321.22,0.0,0,0.0,0.0,,0.0,0,0.0,0.0,,0.0,bidTooLow
2019-12-24,4035.0,-3.0,0.0,0,321.23,0.0,1,0.02,0.05,SPY191227P00316000,316.0,0,0.0,0.0,,0.0,normalDay
2019-12-26,4035.0,0.0,0.0,0,322.94,0.0,1,0.02,0.02,SPY191227P00316000,316.0,0,0.0,0.0,,0.0,normalDay
2019-12-27,4037.0,0.0,2.0,0,322.86,0.0,1,0.02,0.0,SPY191227P00316000,316.0,0,0.0,0.0,,0.0,expirationDay
2019-12-30,4037.0,-3.0,0.0,0,321.08,0.0,1,0.07,0.1,SPY191231P00317000,317.0,0,0.0,0.0,,0.0,normalDay
2019-12-31,4044.0,0.0,7.0,0,321.86,0.0,1,0.07,0.0,SPY191231P00317000,317.0,0,0.0,0.0,,0.0,expirationDay
2020-01-02,4044.0,0.0,0.0,0,324.87,0.0,0,0.0,0.0,,0.0,0,0.0,0.0,,0.0,bidTooLow
2020-01-03,4044.0,-3.0,0.0,0,322.41,0.0,1,0.19,0.22,SPY200106P00319000,319.0,0,0.0,0.0,,0.0,normalDay
2020-01-06,4063.0,0.0,19.0,0,323.64,0.0,1,0.19,0.0,SPY200106P00319000,319.0,0,0.0,0.0,,0.0,expirationDay
2020-01-07,4063.0,-3.0,0.0,0,322.73,0.0,1,0.45,0.48,SPY200110P00319500,319.5,0,0.0,0.0,,0.0,normalDay
2020-01-08,4063.0,23.0,0.0,0,324.45,0.0,1,0.45,0.22,SPY200110P00319500,319.5,0,0.0,0.0,,0.0,normalDay
2020-01-09,4063.0,41.0,0.0,0,326.65,0.0,1,0.45,0.04,SPY200110P00319500,319.5,0,0.0,0.0,,0.0,normalDay
2020-01-10,4108.0,0.0,45.0,0,325.71,0.0,1,0.45,0.0,SPY200110P00319500,319.5,0,0.0,0.0,,0.0,expirationDay
2020-01-13,4108.0,-3.0,0.0,0,327.95,0.0,1,0.04,0.07,SPY200115P00322000,322.0,0,0.0,0.0,,0.0,normalDay
2020-01-14,4108.0,1.0,0.0,0,327.45,0.0,1,0.04,0.03,SPY200115P00322000,322.0,0,0.0,0.0,,0.0,normalDay
2020-01-15,4112.0,0.0,4.0,0,328.19,0.0,1,0.04,0.0,SPY200115P00322000,322.0,0,0.0,0.0,,0.0,expirationDay
2020-01-16,4112.0,-3.0,0.0,0,330.92,0.0,1,0.01,0.04,SPY200117P00323500,323.5,0,0.0,0.0,,0.0,normalDay
2020-01-17,4113.0,0.0,1.0,0,331.95,0.0,1,0.01,0.0,SPY200117P00323500,323.5,0,0.0,0.0,,0.0,expirationDay
2020-01-21,4113.0,-3.0,0.0,0,331.3,0.0,1,0.09,0.12,SPY200124P00324500,324.5,0,0.0,0.0,,0.0,normalDay
2020-01-22,4113.0,4.0,0.0,0,331.34,0.0,1,0.09,0.05,SPY200124P00324500,324.5,0,0.0,0.0,,0.0,normalDay
2020-01-23,4113.0,6.0,0.0,0,331.72,0.0,1,0.09,0.03,SPY200124P00324500,324.5,0,0.0,0.0,,0.0,normalDay
2020-01-24,4122.0,0.0,9.0,0,328.77,0.0,1,0.09,0.0,SPY200124P00324500,324.5,0,0.0,0.0,,0.0,expirationDay
2020-01-27,4122.0,-6.0,0.0,0,323.5,0.0,1,3.46,3.52,SPY200129P00326000,326.0,0,0.0,0.0,,0.0,normalDay
2020-01-28,4122.0,259.0,0.0,0,326.89,0.0,1,3.46,0.87,SPY200129P00326000,326.0,0,0.0,0.0,,0.0,normalDay
2020-01-29,4468.0,0.0,346.0,0,326.62,0.0,1,3.46,0.0,SPY200129P00326000,326.0,0,0.0,0.0,,0.0,expirationDay
2020-01-30,4468.0,-3.0,0.0,0,327.68,0.0,1,0.43,0.46,SPY200131P00327000,327.0,0,0.0,0.0,,0.0,normalDay
2020-01-31,4511.0,-527.0,43.0,100,321.73,327.0,1,0.43,0.0,SPY200131P00327000,327.0,0,0.0,0.0,,0.0,expirationDay
2020-02-03,4511.0,-291.0,0.0,100,324.12,327.0,0,0.0,0.0,,0.0,1,0.08,0.11,SPY200214C00336000,336.0,normalDay
2020-02-04,4511.0,167.0,0.0,100,329.06,327.0,0,0.0,0.0,,0.0,1,0.08,0.47,SPY200214C00336000,336.0,normalDay
2020-02-05,4511.0,484.0,0.0,100,332.86,327.0,0,0.0,0.0,,0.0,1,0.08,1.1,SPY200214C00336000,336.0,normalDay
2020-02-06,4511.0,596.0,0.0,100,333.98,327.0,0,0.0,0.0,,0.0,1,0.08,1.1,SPY200214C00336000,336.0,normalDay
2020-02-07,4511.0,463.0,0.0,100,332.2,327.0,0,0.0,0.0,,0.0,1,0.08,0.65,SPY200214C00336000,336.0,normalDay
2020-02-10,4511.0,663.0,0.0,100,334.68,327.0,0,0.0,0.0,,0.0,1,0.08,1.13,SPY200214C00336000,336.0,normalDay
2020-02-11,4511.0,717.0,0.0,100,335.26,327.0,0,0.0,0.0,,0.0,1,0.08,1.17,SPY200214C00336000,336.0,normalDay
2020-02-12,4511.0,851.0,0.0,100,337.42,327.0,0,0.0,0.0,,0.0,1,0.08,1.99,SPY200214C00336000,336.0,normalDay
2020-02-13,4511.0,841.0,0.0,100,337.06,327.0,0,0.0,0.0,,0.0,1,0.08,1.73,SPY200214C00336000,336.0,normalDay
2020-02-14,5419.0,841.0,908.0,0,337.6,0.0,0,0.0,0.0,,0.0,1,0.08,0.0,SPY200214C00336000,336.0,expirationDay
2020-02-18,5419.0,-3.0,0.0,0,336.73,0.0,1,0.26,0.29,SPY200221P00331000,331.0,0,0.0,0.0,,0.0,normalDay
2020-02-19,5419.0,18.0,0.0,0,338.34,0.0,1,0.26,0.08,SPY200221P00331000,331.0,0,0.0,0.0,,0.0,normalDay
2020-02-20,5419.0,19.0,0.0,0,336.95,0.0,1,0.26,0.07,SPY200221P00331000,331.0,0,0.0,0.0,,0.0,normalDay
2020-02-21,5445.0,0.0,26.0,0,333.48,0.0,1,0.26,0.0,SPY200221P00331000,331.0,0,0.0,0.0,,0.0,expirationDay
2020-02-24,5445.0,-40.0,0.0,0,322.42,0.0,1,8.97,9.37,SPY200226P00331000,331.0,0,0.0,0.0,,0.0,normalDay
2020-02-25,5445.0,-900.0,0.0,0,312.65,0.0,1,8.97,17.97,SPY200226P00331000,331.0,0,0.0,0.0,,0.0,normalDay
2020-02-26,6342.0,-1950.0,897.0,100,311.5,331.0,1,8.97,0.0,SPY200226P00331000,331.0,0,0.0,0.0,,0.0,expirationDay
2020-02-27,6342.0,-3349.0,0.0,100,297.51,331.0,0,0.0,0.0,,0.0,0,0.0,0.0,,0.0,bidTooLow
2020-02-28,6342.0,-3474.0,0.0,100,296.26,331.0,0,0.0,0.0,,0.0,0,0.0,0.0,,0.0,bidTooLow
2020-03-02,6342.0,-2191.0,0.0,100,309.09,331.0,0,0.0,0.0,,0.0,0,0.0,0.0,,0.0,bidTooLow
2020-03-03,6342.0,-3076.0,0.0,100,300.24,331.0,0,0.0,0.0,,0.0,0,0.0,0.0,,0.0,bidTooLow
2020-03-04,6342.0,-1814.0,0.0,100,312.86,331.0,0,0.0,0.0,,0.0,0,0.0,0.0,,0.0,bidTooLow
2020-03-05,6342.0,-2854.0,0.0,100,302.46,331.0,0,0.0,0.0,,0.0,0,0.0,0.0,,0.0,bidTooLow
2020-03-06,6342.0,-3354.0,0.0,100,297.46,331.0,0,0.0,0.0,,0.0,0,0.0,0.0,,0.0,bidTooLow
2020-03-09,6342.0,-5677.0,0.0,100,274.23,331.0,0,0.0,0.0,,0.0,0,0.0,0.0,,0.0,bidTooLow
2020-03-10,6342.0,-4258.0,0.0,100,288.42,331.0,0,0.0,0.0,,0.0,0,0.0,0.0,,0.0,bidTooLow
2020-03-11,6342.0,-5664.0,0.0,100,274.36,331.0,0,0.0,0.0,,0.0,0,0.0,0.0,,0.0,bidTooLow
2020-03-12,6342.0,-8289.0,0.0,100,248.11,331.0,0,0.0,0.0,,0.0,0,0.0,0.0,,0.0,bidTooLow
2020-03-13,6342.0,-6168.0,0.0,100,269.32,331.0,0,0.0,0.0,,0.0,0,0.0,0.0,,0.0,bidTooLow
2020-03-16,6342.0,-9115.0,0.0,100,239.85,331.0,0,0.0,0.0,,0.0,0,0.0,0.0,,0.0,bidTooLow
2020-03-17,6342.0,-7820.0,0.0,100,252.8,331.0,0,0.0,0.0,,0.0,0,0.0,0.0,,0.0,bidTooLow
2020-03-18,6342.0,-9100.0,0.0,100,240.0,331.0,0,0.0,0.0,,0.0,0,0.0,0.0,,0.0,bidTooLow
2020-03-19,6342.0,-9049.0,0.0,100,240.51,331.0,0,0.0,0.0,,0.0,0,0.0,0.0,,0.0,bidTooLow
2020-03-20,6342.0,-10220.0,0.0,100,228.8,331.0,0,0.0,0.0,,0.0,0,0.0,0.0,,0.0,bidTooLow
2020-03-23,6342.0,-10805.0,0.0,100,222.95,331.0,0,0.0,0.0,,0.0,0,0.0,0.0,,0.0,bidTooLow
2020-03-24,6342.0,-8785.0,0.0,100,243.15,331.0,0,0.0,0.0,,0.0,0,0.0,0.0,,0.0,bidTooLow
2020-03-25,6342.0,-8421.0,0.0,100,246.79,331.0,0,0.0,0.0,,0.0,0,0.0,0.0,,0.0,bidTooLow
2020-03-26,6342.0,-6980.0,0.0,100,261.2,331.0,0,0.0,0.0,,0.0,0,0.0,0.0,,0.0,bidTooLow
2020-03-27,6342.0,-7758.0,0.0,100,253.42,331.0,0,0.0,0.0,,0.0,0,0.0,0.0,,0.0,bidTooLow
2020-03-30,6342.0,-6935.0,0.0,100,261.65,331.0,0,0.0,0.0,,0.0,0,0.0,0.0,,0.0,bidTooLow
2020-03-31,6342.0,-7325.0,0.0,100,257.75,331.0,0,0.0,0.0,,0.0,0,0.0,0.0,,0.0,bidTooLow
2020-04-01,6342.0,-8485.0,0.0,100,246.15,331.0,0,0.0,0.0,,0.0,0,0.0,0.0,,0.0,bidTooLow
2020-04-02,6342.0,-7917.0,0.0,100,251.83,331.0,0,0.0,0.0,,0.0,0,0.0,0.0,,0.0,bidTooLow
2020-04-03,6342.0,-8281.0,0.0,100,248.19,331.0,0,0.0,0.0,,0.0,0,0.0,0.0,,0.0,bidTooLow
2020-04-06,6342.0,-6618.0,0.0,100,264.86,331.0,0,0.0,0.0,,0.0,1,0.15,0.19,SPY200417C00297000,297.0,normalDay
2020-04-07,6342.0,-6590.0,0.0,100,265.13,331.0,0,0.0,0.0,,0.0,1,0.15,0.18,SPY200417C00297000,297.0,normalDay
2020-04-08,6342.0,-5711.0,0.0,100,274.03,331.0,0,0.0,0.0,,0.0,1,0.15,0.29,SPY200417C00297000,297.0,normalDay
2020-04-09,6342.0,-5318.0,0.0,100,278.2,331.0,0,0.0,0.0,,0.0,1,0.15,0.53,SPY200417C00297000,297.0,normalDay
2020-04-13,6342.0,-5531.0,0.0,100,275.66,331.0,0,0.0,0.0,,0.0,1,0.15,0.12,SPY200417C00297000,297.0,normalDay
2020-04-14,6342.0,-4739.0,0.0,100,283.79,331.0,0,0.0,0.0,,0.0,1,0.15,0.33,SPY200417C00297000,297.0,normalDay
2020-04-15,6342.0,-5314.0,0.0,100,277.76,331.0,0,0.0,0.0,,0.0,1,0.15,0.05,SPY200417C00297000,297.0,normalDay
2020-04-16,6342.0,-5177.0,0.0,100,279.1,331.0,0,0.0,0.0,,0.0,1,0.15,0.02,SPY200417C00297000,297.0,normalDay
2020-04-17,6357.0,-4436.0,15.0,100,286.64,331.0,0,0.0,0.0,,0.0,1,0.15,0.0,SPY200417C00297000,297.0,expirationDay
2020-04-20,6357.0,-4944.0,0.0,100,281.59,331.0,0,0.0,0.0,,0.0,1,0.08,0.11,SPY200501C00312000,312.0,normalDay
2020-04-21,6357.0,-5794.0,0.0,100,273.04,331.0,0,0.0,0.0,,0.0,1,0.08,0.06,SPY200501C00312000,312.0,normalDay
2020-04-22,6357.0,-5186.0,0.0,100,279.1,331.0,0,0.0,0.0,,0.0,1,0.08,0.04,SPY200501C00312000,312.0,normalDay
2020-04-23,6357.0,-5187.0,0.0,100,279.08,331.0,0,0.0,0.0,,0.0,1,0.08,0.03,SPY200501C00312000,312.0,normalDay
2020-04-24,6357.0,-4797.0,0.0,100,282.97,331.0,0,0.0,0.0,,0.0,1,0.08,0.02,SPY200501C00312000,312.0,normalDay
2020-04-27,6357.0,-4389.0,0.0,100,287.05,331.0,0,0.0,0.0,,0.0,1,0.08,0.02,SPY200501C00312000,312.0,normalDay
2020-04-28,6357.0,-4520.0,0.0,100,285.73,331.0,0,0.0,0.0,,0.0,1,0.08,0.01,SPY200501C00312000,312.0,normalDay
2020-04-29,6357.0,-3773.0,0.0,100,293.21,331.0,0,0.0,0.0,,0.0,1,0.08,0.02,SPY200501C00312000,312.0,normalDay
2020-04-30,6357.0,-4045.0,0.0,100,290.48,331.0,0,0.0,0.0,,0.0,1,0.08,0.01,SPY200501C00312000,312.0,normalDay
2020-05-01,6365.0,-4821.0,8.0,100,282.79,331.0,0,0.0,0.0,,0.0,1,0.08,0.0,SPY200501C00312000,312.0,expirationDay
2020-05-04,6365.0,-4746.0,0.0,100,283.57,331.0,0,0.0,0.0,,0.0,1,0.34,0.37,SPY200515C00301000,301.0,normalDay
2020-05-05,6365.0,-4491.0,0.0,100,286.19,331.0,0,0.0,0.0,,0.0,1,0.34,0.44,SPY200515C00301000,301.0,normalDay
2020-05-06,6365.0,-4665.0,0.0,100,284.25,331.0,0,0.0,0.0,,0.0,1,0.34,0.24,SPY200515C00301000,301.0,normalDay
2020-05-07,6365.0,-4331.0,0.0,100,287.68,331.0,0,0.0,0.0,,0.0,1,0.34,0.33,SPY200515C00301000,301.0,normalDay
2020-05-08,6365.0,-3882.0,0.0,100,292.44,331.0,0,0.0,0.0,,0.0,1,0.34,0.6,SPY200515C00301000,301.0,normalDay
2020-05-11,6365.0,-3846.0,0.0,100,292.5,331.0,0,0.0,0.0,,0.0,1,0.34,0.3,SPY200515C00301000,301.0,normalDay
2020-05-12,6365.0,-4409.0,0.0,100,286.67,331.0,0,0.0,0.0,,0.0,1,0.34,0.1,SPY200515C00301000,301.0,normalDay
2020-05-13,6365.0,-4908.0,0.0,100,281.6,331.0,0,0.0,0.0,,0.0,1,0.34,0.02,SPY200515C00301000,301.0,normalDay
2020-05-14,6365.0,-4570.0,0.0,100,284.97,331.0,0,0.0,0.0,,0.0,1,0.34,0.01,SPY200515C00301000,301.0,normalDay
2020-05-15,6399.0,-4472.0,34.0,100,286.28,331.0,0,0.0,0.0,,0.0,1,0.34,0.0,SPY200515C00301000,301.0,expirationDay
2020-05-18,6399.0,-3605.0,0.0,100,295.0,331.0,0,0.0,0.0,,0.0,1,2.03,2.08,SPY200529C00301000,301.0,normalDay
2020-05-19,6399.0,-3833.0,0.0,100,291.97,331.0,0,0.0,0.0,,0.0,1,2.03,1.33,SPY200529C00301000,301.0,normalDay
2020-05-20,6399.0,-3444.0,0.0,100,296.93,331.0,0,0.0,0.0,,0.0,1,2.03,2.4,SPY200529C00301000,301.0,normalDay
2020-05-21,6399.0,-3543.0,0.0,100,294.88,331.0,0,0.0,0.0,,0.0,1,2.03,1.34,SPY200529C00301000,301.0,normalDay
2020-05-22,6399.0,-3459.0,0.0,100,295.44,331.0,0,0.0,0.0,,0.0,1,2.03,1.06,SPY200529C00301000,301.0,normalDay
2020-05-26,6399.0,-3159.0,0.0,100,299.08,331.0,0,0.0,0.0,,0.0,1,2.03,1.7,SPY200529C00301000,301.0,normalDay
2020-05-27,6399.0,-2935.0,0.0,100,303.53,331.0,0,0.0,0.0,,0.0,1,2.03,3.91,SPY200529C00301000,301.0,normalDay
2020-05-28,6399.0,-2960.0,0.0,100,302.97,331.0,0,0.0,0.0,,0.0,1,2.03,3.6,SPY200529C00301000,301.0,normalDay
2020-05-29,3602.0,-2960.0,-2797.0,0,304.32,0.0,0,0.0,0.0,,0.0,1,2.03,0.0,SPY200529C00301000,301.0,expirationDay
2020-06-01,3602.0,-3.0,0.0,0,305.55,0.0,1,0.06,0.09,SPY200603P00292000,292.0,0,0.0,0.0,,0.0,normalDay
2020-06-02,3602.0,4.0,0.0,0,308.08,0.0,1,0.06,0.02,SPY200603P00292000,292.0,0,0.0,0.0,,0.0,normalDay
2020-06-03,3608.0,0.0,6.0,0,312.18,0.0,1,0.06,0.0,SPY200603P00292000,292.0,0,0.0,0.0,,0.0,expirationDay
2020-06-04,3608.0,0.0,0.0,0,311.36,0.0,0,0.0,0.0,,0.0,0,0.0,0.0,,0.0,bidTooLow
2020-06-05,3608.0,0.0,0.0,0,319.34,0.0,0,0.0,0.0,,0.0,0,0.0,0.0,,0.0,bidTooLow
2020-06-08,3608.0,0.0,0.0,0,323.2,0.0,0,0.0,0.0,,0.0,0,0.0,0.0,,0.0,bidTooLow
2020-06-09,3608.0,-3.0,0.0,0,320.79,0.0,1,0.07,0.1,SPY200612P00300000,300.0,0,0.0,0.0,,0.0,normalDay
2020-06-10,3608.0,2.0,0.0,0,319.0,0.0,1,0.07,0.05,SPY200612P00300000,300.0,0,0.0,0.0,,0.0,normalDay
2020-06-11,3608.0,-243.0,0.0,0,300.61,0.0,1,0.07,2.5,SPY200612P00300000,300.0,0,0.0,0.0,,0.0,normalDay
2020-06-12,3615.0,0.0,7.0,0,304.21,0.0,1,0.07,0.0,SPY200612P00300000,300.0,0,0.0,0.0,,0.0,expirationDay
2020-06-15,3615.0,-4.0,0.0,0,307.05,0.0,1,2.37,2.41,SPY200617P00305000,305.0,0,0.0,0.0,,0.0,normalDay
2020-06-16,3615.0,186.0,0.0,0,312.96,0.0,1,2.37,0.51,SPY200617P00305000,305.0,0,0.0,0.0,,0.0,normalDay
2020-06-17,3852.0,0.0,237.0,0,311.66,0.0,1,2.37,0.0,SPY200617P00305000,305.0,0,0.0,0.0,,0.0,expirationDay
2020-06-18,3852.0,-3.0,0.0,0,311.78,0.0,1,0.96,0.99,SPY200619P00308000,308.0,0,0.0,0.0,,0.0,normalDay
2020-06-19,3948.0,0.0,96.0,0,308.64,0.0,1,0.96,0.0,SPY200619P00308000,308.0,0,0.0,0.0,,0.0,expirationDay
2020-06-22,3948.0,-3.0,0.0,0,310.62,0.0,1,1.83,1.86,SPY200624P00309000,309.0,0,0.0,0.0,,0.0,normalDay
2020-06-23,3948.0,100.0,0.0,0,312.05,0.0,1,1.83,0.83,SPY200624P00309000,309.0,0,0.0,0.0,,0.0,normalDay
2020-06-24,4131.0,-491.0,183.0,100,304.09,309.0,1,1.83,0.0,SPY200624P00309000,309.0,0,0.0,0.0,,0.0,expirationDay
2020-06-25,4131.0,-168.0,0.0,100,307.35,309.0,0,0.0,0.0,,0.0,1,0.16,0.19,SPY200706C00328000,328.0,normalDay
2020-06-26,4131.0,-884.0,0.0,100,300.05,309.0,0,0.0,0.0,,0.0,1,0.16,0.05,SPY200706C00328000,328.0,normalDay
2020-06-29,4131.0,-442.0,0.0,100,304.46,309.0,0,0.0,0.0,,0.0,1,0.16,0.04,SPY200706C00328000,328.0,normalDay
2020-06-30,4131.0,-54.0,0.0,100,308.36,309.0,0,0.0,0.0,,0.0,1,0.16,0.06,SPY200706C00328000,328.0,normalDay
2020-07-01,4131.0,165.0,0.0,100,310.52,309.0,0,0.0,0.0,,0.0,1,0.16,0.03,SPY200706C00328000,328.0,normalDay
2020-07-02,4131.0,338.0,0.0,100,312.23,309.0,0,0.0,0.0,,0.0,1,0.16,0.01,SPY200706C00328000,328.0,normalDay
2020-07-06,4147.0,805.0,16.0,100,317.05,309.0,0,0.0,0.0,,0.0,1,0.16,0.0,SPY200706C00328000,328.0,expirationDay
2020-07-07,4147.0,475.0,0.0,100,313.78,309.0,0,0.0,0.0,,0.0,1,0.61,0.64,SPY200717C00326000,326.0,normalDay
2020-07-08,4147.0,713.0,0.0,100,316.18,309.0,0,0.0,0.0,,0.0,1,0.61,0.66,SPY200717C00326000,326.0,normalDay
2020-07-09,4147.0,561.0,0.0,100,314.38,309.0,0,0.0,0.0,,0.0,1,0.61,0.38,SPY200717C00326000,326.0,normalDay
2020-07-10,4147.0,861.0,0.0,100,317.59,309.0,0,0.0,0.0,,0.0,1,0.61,0.59,SPY200717C00326000,326.0,normalDay
2020-07-13,4147.0,614.0,0.0,100,314.84,309.0,0,0.0,0.0,,0.0,1,0.61,0.31,SPY200717C00326000,326.0,normalDay
2020-07-14,4147.0,1005.0,0.0,100,318.92,309.0,0,0.0,0.0,,0.0,1,0.61,0.48,SPY200717C00326000,326.0,normalDay
2020-07-15,4147.0,1282.0,0.0,100,321.85,309.0,0,0.0,0.0,,0.0,1,0.61,0.64,SPY200717C00326000,326.0,normalDay
2020-07-16,4147.0,1230.0,0.0,100,320.79,309.0,0,0.0,0.0,,0.0,1,0.61,0.1,SPY200717C00326000,326.0,normalDay
2020-07-17,4208.0,1272.0,61.0,100,321.72,309.0,0,0.0,0.0,,0.0,1,0.61,0.0,SPY200717C00326000,326.0,expirationDay
2020-07-20,4208.0,1527.0,0.0,100,324.32,309.0,0,0.0,0.0,,0.0,1,1.02,1.07,SPY200731C00333000,333.0,normalDay
2020-07-21,4208.0,1584.0,0.0,100,325.01,309.0,0,0.0,0.0,,0.0,1,1.02,1.19,SPY200731C00333000,333.0,normalDay
2020-07-22,4208.0,1773.0,0.0,100,326.86,309.0,0,0.0,0.0,,0.0,1,1.02,1.15,SPY200731C00333000,333.0,normalDay
2020-07-23,4208.0,1452.0,0.0,100,322.96,309.0,0,0.0,0.0,,0.0,1,1.02,0.46,SPY200731C00333000,333.0,normalDay
2020-07-24,4208.0,1277.0,0.0,100,320.88,309.0,0,0.0,0.0,,0.0,1,1.02,0.13,SPY200731C00333000,333.0,normalDay
2020-07-27,4208.0,1514.0,0.0,100,323.22,309.0,0,0.0,0.0,,0.0,1,1.02,0.1,SPY200731C00333000,333.0,normalDay
2020-07-28,4208.0,1315.0,0.0,100,321.17,309.0,0,0.0,0.0,,0.0,1,1.02,0.04,SPY200731C00333000,333.0,normalDay
2020-07-29,4208.0,1709.0,0.0,100,325.12,309.0,0,0.0,0.0,,0.0,1,1.02,0.05,SPY200731C00333000,333.0,normalDay
2020-07-30,4208.0,1596.0,0.0,100,323.96,309.0,0,0.0,0.0,,0.0,1,1.02,0.02,SPY200731C00333000,333.0,normalDay
2020-07-31,4310.0,1752.0,102.0,100,326.52,309.0,0,0.0,0.0,,0.0,1,1.02,0.0,SPY200731C00333000,333.0,expirationDay
2020-08-03,4310.0,1974.0,0.0,100,328.79,309.0,0,0.0,0.0,,0.0,1,1.64,1.69,SPY200814C00334000,334.0,normalDay
2020-08-04,4310.0,2081.0,0.0,100,330.06,309.0,0,0.0,0.0,,0.0,1,1.64,1.89,SPY200814C00334000,334.0,normalDay
2020-08-05,4310.0,2243.0,0.0,100,332.11,309.0,0,0.0,0.0,,0.0,1,1.64,2.32,SPY200814C00334000,334.0,normalDay
2020-08-06,4310.0,2357.0,0.0,100,334.33,309.0,0,0.0,0.0,,0.0,1,1.64,3.4,SPY200814C00334000,334.0,normalDay
2020-08-07,4310.0,2420.0,0.0,100,334.57,309.0,0,0.0,0.0,,0.0,1,1.64,3.01,SPY200814C00334000,334.0,normalDay
2020-08-10,4310.0,2523.0,0.0,100,335.57,309.0,0,0.0,0.0,,0.0,1,1.64,2.98,SPY200814C00334000,334.0,normalDay
2020-08-11,4310.0,2361.0,0.0,100,332.8,309.0,0,0.0,0.0,,0.0,1,1.64,1.83,SPY200814C00334000,334.0,normalDay
2020-08-12,4310.0,2616.0,0.0,100,337.44,309.0,0,0.0,0.0,,0.0,1,1.64,3.92,SPY200814C00334000,334.0,normalDay
2020-08-13,4310.0,2646.0,0.0,100,336.83,309.0,0,0.0,0.0,,0.0,1,1.64,3.01,SPY200814C00334000,334.0,normalDay
2020-08-14,6974.0,2646.0,2664.0,0,336.84,0.0,0,0.0,0.0,,0.0,1,1.64,0.0,SPY200814C00334000,334.0,expirationDay
2020-08-17,6974.0,-3.0,0.0,0,337.91,0.0,1,0.07,0.1,SPY200819P00329000,329.0,0,0.0,0.0,,0.0,normalDay
2020-08-18,6974.0,2.0,0.0,0,338.64,0.0,1,0.07,0.05,SPY200819P00329000,329.0,0,0.0,0.0,,0.0,normalDay
2020-08-19,6981.0,0.0,7.0,0,337.23,0.0,1,0.07,0.0,SPY200819P00329000,329.0,0,0.0,0.0,,0.0,expirationDay
2020-08-20,6981.0,-3.0,0.0,0,338.28,0.0,1,0.07,0.1,SPY200821P00331000,331.0,0,0.0,0.0,,0.0,normalDay
2020-08-21,6988.0,0.0,7.0,0,339.48,0.0,1,0.07,0.0,SPY200821P00331000,331.0,0,0.0,0.0,,0.0,expirationDay
2020-08-24,6988.0,-3.0,0.0,0,342.92,0.0,1,0.09,0.12,SPY200826P00333000,333.0,0,0.0,0.0,,0.0,normalDay
2020-08-25,6988.0,6.0,0.0,0,344.12,0.0,1,0.09,0.03,SPY200826P00333000,333.0,0,0.0,0.0,,0.0,normalDay
2020-08-26,6997.0,0.0,9.0,0,347.57,0.0,1,0.09,0.0,SPY200826P00333000,333.0,0,0.0,0.0,,0.0,expirationDay
2020-08-27,6997.0,-3.0,0.0,0,348.33,0.0,1,0.03,0.06,SPY200828P00336000,336.0,0,0.0,0.0,,0.0,normalDay
2020-08-28,7000.0,0.0,3.0,0,350.58,0.0,1,0.03,0.0,SPY200828P00336000,336.0,0,0.0,0.0,,0.0,expirationDay
2020-08-31,7000.0,-3.0,0.0,0,349.31,0.0,1,0.16,0.19,SPY200902P00339000,339.0,0,0.0,0.0,,0.0,normalDay
2020-09-01,7000.0,13.0,0.0,0,352.6,0.0,1,0.16,0.03,SPY200902P00339000,339.0,0,0.0,0.0,,0.0,normalDay
2020-09-02,7016.0,0.0,16.0,0,357.7,0.0,1,0.16,0.0,SPY200902P00339000,339.0,0,0.0,0.0,,0.0,expirationDay
2020-09-03,7016.0,-6.0,0.0,0,345.39,0.0,1,0.93,0.99,SPY200904P00342000,342.0,0,0.0,0.0,,0.0,normalDay
2020-09-04,7109.0,0.0,93.0,0,342.57,0.0,1,0.93,0.0,SPY200904P00342000,342.0,0,0.0,0.0,,0.0,expirationDay
2020-09-08,7109.0,-16.0,0.0,0,333.21,0.0,1,9.37,9.53,SPY200911P00342000,342.0,0,0.0,0.0,,0.0,normalDay
2020-09-09,7109.0,499.0,0.0,0,339.79,0.0,1,9.37,4.38,SPY200911P00342000,342.0,0,0.0,0.0,,0.0,normalDay
2020-09-10,7109.0,123.0,0.0,0,333.89,0.0,1,9.37,8.14,SPY200911P00342000,342.0,0,0.0,0.0,,0.0,normalDay
2020-09-11,8046.0,-794.0,937.0,100,334.06,342.0,1,9.37,0.0,SPY200911P00342000,342.0,0,0.0,0.0,,0.0,expirationDay
2020-09-14,8046.0,-357.0,0.0,100,338.46,342.0,0,0.0,0.0,,0.0,1,0.06,0.09,SPY200925C00362000,362.0,normalDay
2020-09-15,8046.0,-187.0,0.0,100,340.17,342.0,0,0.0,0.0,,0.0,1,0.06,0.1,SPY200925C00362000,362.0,normalDay
2020-09-16,8046.0,-317.0,0.0,100,338.82,342.0,0,0.0,0.0,,0.0,1,0.06,0.05,SPY200925C00362000,362.0,normalDay
2020-09-17,8046.0,-613.0,0.0,100,335.84,342.0,0,0.0,0.0,,0.0,1,0.06,0.03,SPY200925C00362000,362.0,normalDay
2020-09-18,8046.0,-1131.0,0.0,100,330.65,342.0,0,0.0,0.0,,0.0,1,0.06,0.02,SPY200925C00362000,362.0,normalDay
2020-09-21,8046.0,-1498.0,0.0,100,326.97,342.0,0,0.0,0.0,,0.0,1,0.06,0.01,SPY200925C00362000,362.0,normalDay
2020-09-22,8046.0,-1165.0,0.0,100,330.3,342.0,0,0.0,0.0,,0.0,1,0.06,0.01,SPY200925C00362000,362.0,normalDay
2020-09-23,8046.0,-1931.0,0.0,100,322.64,342.0,0,0.0,0.0,,0.0,1,0.06,0.01,SPY200925C00362000,362.0,normalDay
2020-09-24,8046.0,-1845.0,0.0,100,323.5,342.0,0,0.0,0.0,,0.0,1,0.06,0.01,SPY200925C00362000,362.0,normalDay
2020-09-25,8052.0,-1327.0,6.0,100,328.73,342.0,0,0.0,0.0,,0.0,1,0.06,0.0,SPY200925C00362000,362.0,expirationDay
2020-09-28,8052.0,-784.0,0.0,100,334.19,342.0,0,0.0,0.0,,0.0,1,0.04,0.07,SPY201009C00364000,364.0,normalDay
2020-09-29,8052.0,-965.0,0.0,100,332.37,342.0,0,0.0,0.0,,0.0,1,0.04,0.06,SPY201009C00364000,364.0,normalDay
2020-09-30,8052.0,-713.0,0.0,100,334.89,342.0,0,0.0,0.0,,0.0,1,0.04,0.06,SPY201009C00364000,364.0,normalDay
2020-10-01,8052.0,-499.0,0.0,100,337.04,342.0,0,0.0,0.0,,0.0,1,0.04,0.07,SPY201009C00364000,364.0,normalDay
2020-10-02,8052.0,-814.0,0.0,100,333.84,342.0,0,0.0,0.0,,0.0,1,0.04,0.02,SPY201009C00364000,364.0,normalDay
2020-10-05,8052.0,-221.0,0.0,100,339.76,342.0,0,0.0,0.0,,0.0,1,0.04,0.01,SPY201009C00364000,364.0,normalDay
2020-10-06,8052.0,-704.0,0.0,100,334.93,342.0,0,0.0,0.0,,0.0,1,0.04,0.01,SPY201009C00364000,364.0,normalDay
2020-10-07,8052.0,-121.0,0.0,100,340.76,342.0,0,0.0,0.0,,0.0,1,0.04,0.01,SPY201009C00364000,364.0,normalDay
2020-10-08,8052.0,181.0,0.0,100,343.78,342.0,0,0.0,0.0,,0.0,1,0.04,0.01,SPY201009C00364000,364.0,normalDay
2020-10-09,8056.0,485.0,4.0,100,346.85,342.0,0,0.0,0.0,,0.0,1,0.04,0.0,SPY201009C00364000,364.0,expirationDay
2020-10-12,8056.0,1039.0,0.0,100,352.43,342.0,0,0.0,0.0,,0.0,1,2.31,2.35,SPY201023C00357000,357.0,normalDay
2020-10-13,8056.0,878.0,0.0,100,350.13,342.0,0,0.0,0.0,,0.0,1,2.31,1.66,SPY201023C00357000,357.0,normalDay
2020-10-14,8056.0,729.0,0.0,100,347.93,342.0,0,0.0,0.0,,0.0,1,2.31,0.95,SPY201023C00357000,357.0,normalDay
2020-10-15,8056.0,707.0,0.0,100,347.5,342.0,0,0.0,0.0,,0.0,1,2.31,0.74,SPY201023C00357000,357.0,normalDay
2020-10-16,8056.0,713.0,0.0,100,347.29,342.0,0,0.0,0.0,,0.0,1,2.31,0.47,SPY201023C00357000,357.0,normalDay
2020-10-19,8056.0,221.0,0.0,100,342.01,342.0,0,0.0,0.0,,0.0,1,2.31,0.11,SPY201023C00357000,357.0,normalDay
2020-10-20,8056.0,360.0,0.0,100,343.38,342.0,0,0.0,0.0,,0.0,1,2.31,0.09,SPY201023C00357000,357.0,normalDay
2020-10-21,8056.0,300.0,0.0,100,342.73,342.0,0,0.0,0.0,,0.0,1,2.31,0.04,SPY201023C00357000,357.0,normalDay
2020-10-22,8056.0,491.0,0.0,100,344.61,342.0,0,0.0,0.0,,0.0,1,2.31,0.01,SPY201023C00357000,357.0,normalDay
2020-10-23,8287.0,378.0,231.0,100,345.78,342.0,0,0.0,0.0,,0.0,1,2.31,0.0,SPY201023C00357000,357.0,expirationDay
2020-10-26,8287.0,-267.0,0.0,100,339.39,342.0,0,0.0,0.0,,0.0,1,0.86,0.92,SPY201106C00359000,359.0,normalDay
2020-10-27,8287.0,-356.0,0.0,100,338.22,342.0,0,0.0,0.0,,0.0,1,0.86,0.64,SPY201106C00359000,359.0,normalDay
2020-10-28,8287.0,-1458.0,0.0,100,326.66,342.0,0,0.0,0.0,,0.0,1,0.86,0.1,SPY201106C00359000,359.0,normalDay
2020-10-29,8287.0,-1127.0,0.0,100,329.98,342.0,0,0.0,0.0,,0.0,1,0.86,0.11,SPY201106C00359000,359.0,normalDay
2020-10-30,8287.0,-1466.0,0.0,100,326.54,342.0,0,0.0,0.0,,0.0,1,0.86,0.06,SPY201106C00359000,359.0,normalDay
2020-11-02,8287.0,-1101.0,0.0,100,330.2,342.0,0,0.0,0.0,,0.0,1,0.86,0.07,SPY201106C00359000,359.0,normalDay
2020-11-03,8287.0,-536.0,0.0,100,336.03,342.0,0,0.0,0.0,,0.0,1,0.86,0.25,SPY201106C00359000,359.0,normalDay
2020-11-04,8287.0,234.0,0.0,100,343.54,342.0,0,0.0,0.0,,0.0,1,0.86,0.06,SPY201106C00359000,359.0,normalDay
2020-11-05,8287.0,900.0,0.0,100,350.24,342.0,0,0.0,0.0,,0.0,1,0.86,0.1,SPY201106C00359000,359.0,normalDay
2020-11-06,8373.0,816.0,86.0,100,350.16,342.0,0,0.0,0.0,,0.0,1,0.86,0.0,SPY201106C00359000,359.0,expirationDay
2020-11-09,8373.0,1252.0,0.0,100,354.56,342.0,0,0.0,0.0,,0.0,1,1.47,1.51,SPY201120C00366000,366.0,normalDay
2020-11-10,8373.0,1262.0,0.0,100,354.04,342.0,0,0.0,0.0,,0.0,1,1.47,0.89,SPY201120C00366000,366.0,normalDay
2020-11-11,8373.0,1520.0,0.0,100,356.67,342.0,0,0.0,0.0,,0.0,1,1.47,0.94,SPY201120C00366000,366.0,normalDay
2020-11-12,8373.0,1232.0,0.0,100,353.21,342.0,0,0.0,0.0,,0.0,1,1.47,0.36,SPY201120C00366000,366.0,normalDay
2020-11-13,8373.0,1674.0,0.0,100,358.1,342.0,0,0.0,0.0,,0.0,1,1.47,0.83,SPY201120C00366000,366.0,normalDay
2020-11-16,8373.0,2087.0,0.0,100,362.57,342.0,0,0.0,0.0,,0.0,1,1.47,1.17,SPY201120C00366000,366.0,normalDay
2020-11-17,8373.0,1957.0,0.0,100,360.62,342.0,0,0.0,0.0,,0.0,1,1.47,0.52,SPY201120C00366000,366.0,normalDay
2020-11-18,8373.0,1568.0,0.0,100,356.28,342.0,0,0.0,0.0,,0.0,1,1.47,0.07,SPY201120C00366000,366.0,normalDay
2020-11-19,8373.0,1722.0,0.0,100,357.78,342.0,0,0.0,0.0,,0.0,1,1.47,0.03,SPY201120C00366000,366.0,normalDay
2020-11-20,8520.0,1333.0,147.0,100,355.33,342.0,0,0.0,0.0,,0.0,1,1.47,0.0,SPY201120C00366000,366.0,expirationDay
2020-11-23,8520.0,1543.0,0.0,100,357.46,342.0,0,0.0,0.0,,0.0,1,0.02,0.05,SPY201204C00383000,383.0,normalDay
2020-11-24,8520.0,2114.0,0.0,100,363.22,342.0,0,0.0,0.0,,0.0,1,0.02,0.1,SPY201204C00383000,383.0,normalDay
2020-11-25,8520.0,2062.0,0.0,100,362.66,342.0,0,0.0,0.0,,0.0,1,0.02,0.06,SPY201204C00383000,383.0,normalDay
2020-11-27,8520.0,2164.0,0.0,100,363.67,342.0,0,0.0,0.0,,0.0,1,0.02,0.05,SPY201204C00383000,383.0,normalDay
2020-11-30,8520.0,2006.0,0.0,100,362.06,342.0,0,0.0,0.0,,0.0,1,0.02,0.02,SPY201204C00383000,383.0,normalDay
2020-12-01,8520.0,2402.0,0.0,100,366.02,342.0,0,0.0,0.0,,0.0,1,0.02,0.02,SPY201204C00383000,383.0,normalDay
2020-12-02,8520.0,2480.0,0.0,100,366.79,342.0,0,0.0,0.0,,0.0,1,0.02,0.01,SPY201204C00383000,383.0,normalDay
2020-12-03,8520.0,2470.0,0.0,100,366.69,342.0,0,0.0,0.0,,0.0,1,0.02,0.01,SPY201204C00383000,383.0,normalDay
2020-12-04,8522.0,2785.0,2.0,100,369.85,342.0,0,0.0,0.0,,0.0,1,0.02,0.0,SPY201204C00383000,383.0,expirationDay
2020-12-07,8522.0,2706.0,0.0,100,369.09,342.0,0,0.0,0.0,,0.0,1,0.98,1.01,SPY201218C00376000,376.0,normalDay
2020-12-08,8522.0,2802.0,0.0,100,370.17,342.0,0,0.0,0.0,,0.0,1,0.98,1.13,SPY201218C00376000,376.0,normalDay
2020-12-09,8522.0,2531.0,0.0,100,366.85,342.0,0,0.0,0.0,,0.0,1,0.98,0.52,SPY201218C00376000,376.0,normalDay
2020-12-10,8522.0,2534.0,0.0,100,366.73,342.0,0,0.0,0.0,,0.0,1,0.98,0.37,SPY201218C00376000,376.0,normalDay
2020-12-11,8522.0,2505.0,0.0,100,366.3,342.0,0,0.0,0.0,,0.0,1,0.98,0.23,SPY201218C00376000,376.0,normalDay
2020-12-14,8522.0,2345.0,0.0,100,364.66,342.0,0,0.0,0.0,,0.0,1,0.98,0.19,SPY201218C00376000,376.0,normalDay
2020-12-15,8522.0,2830.0,0.0,100,369.59,342.0,0,0.0,0.0,,0.0,1,0.98,0.27,SPY201218C00376000,376.0,normalDay
2020-12-16,8522.0,2891.0,0.0,100,370.17,342.0,0,0.0,0.0,,0.0,1,0.98,0.24,SPY201218C00376000,376.0,normalDay
2020-12-17,8522.0,3104.0,0.0,100,372.24,342.0,0,0.0,0.0,,0.0,1,0.98,0.18,SPY201218C00376000,376.0,normalDay
2020-12-18,8620.0,2718.0,98.0,100,369.18,342.0,0,0.0,0.0,,0.0,1,0.98,0.0,SPY201218C00376000,376.0,expirationDay
2020-12-21,8620.0,2582.0,0.0,100,367.86,342.0,0,0.0,0.0,,0.0,1,0.74,0.78,SPY201231C00377000,377.0,normalDay
2020-12-22,8620.0,2554.0,0.0,100,367.24,342.0,0,0.0,0.0,,0.0,1,0.74,0.44,SPY201231C00377000,377.0,normalDay
2020-12-23,8620.0,2603.0,0.0,100,367.57,342.0,0,0.0,0.0,,0.0,1,0.74,0.28,SPY201231C00377000,377.0,normalDay
2020-12-24,8620.0,2750.0,0.0,100,369.0,342.0,0,0.0,0.0,,0.0,1,0.74,0.24,SPY201231C00377000,377.0,normalDay
2020-12-28,8620.0,3058.0,0.0,100,372.17,342.0,0,0.0,0.0,,0.0,1,0.74,0.33,SPY201231C00377000,377.0,normalDay
2020-12-29,8620.0,3006.0,0.0,100,371.46,342.0,0,0.0,0.0,,0.0,1,0.74,0.14,SPY201231C00377000,377.0,normalDay
2020-12-30,8620.0,3068.0,0.0,100,371.99,342.0,0,0.0,0.0,,0.0,1,0.74,0.05,SPY201231C00377000,377.0,normalDay
2020-12-31,8694.0,3188.0,74.0,100,373.88,342.0,0,0.0,0.0,,0.0,1,0.74,0.0,SPY201231C00377000,377.0,expirationDay
2021-01-04,8694.0,2675.0,0.0,100,368.79,342.0,0,0.0,0.0,,0.0,1,2.06,2.1,SPY210115C00376000,376.0,normalDay
2021-01-05,8694.0,2891.0,0.0,100,371.33,342.0,0,0.0,0.0,,0.0,1,2.06,2.48,SPY210115C00376000,376.0,normalDay
2021-01-06,8694.0,3024.0,0.0,100,373.55,342.0,0,0.0,0.0,,0.0,1,2.06,3.37,SPY210115C00376000,376.0,normalDay
2021-01-07,8694.0,3378.0,0.0,100,379.1,342.0,0,0.0,0.0,,0.0,1,2.06,5.38,SPY210115C00376000,376.0,normalDay
2021-01-08,8694.0,3420.0,0.0,100,381.26,342.0,0,0.0,0.0,,0.0,1,2.06,7.12,SPY210115C00376000,376.0,normalDay
2021-01-11,8694.0,3369.0,0.0,100,378.69,342.0,0,0.0,0.0,,0.0,1,2.06,5.06,SPY210115C00376000,376.0,normalDay
2021-01-12,8694.0,3460.0,0.0,100,378.77,342.0,0,0.0,0.0,,0.0,1,2.06,4.23,SPY210115C00376000,376.0,normalDay
2021-01-13,8694.0,3517.0,0.0,100,379.79,342.0,0,0.0,0.0,,0.0,1,2.06,4.68,SPY210115C00376000,376.0,normalDay
2021-01-14,8694.0,3527.0,0.0,100,378.46,342.0,0,0.0,0.0,,0.0,1,2.06,3.25,SPY210115C00376000,376.0,normalDay
2021-01-15,8900.0,3370.0,206.0,100,375.7,342.0,0,0.0,0.0,,0.0,1,2.06,0.0,SPY210115C00376000,376.0,expirationDay
2021-01-19,8900.0,3662.0,0.0,100,378.65,342.0,0,0.0,0.0,,0.0,1,0.75,0.78,SPY210129C00387500,387.5,normalDay
2021-01-20,8900.0,4078.0,0.0,100,383.89,342.0,0,0.0,0.0,,0.0,1,0.75,1.86,SPY210129C00387500,387.5,normalDay
2021-01-21,8900.0,4138.0,0.0,100,384.24,342.0,0,0.0,0.0,,0.0,1,0.75,1.61,SPY210129C00387500,387.5,normalDay
2021-01-22,8900.0,4074.0,0.0,100,382.88,342.0,0,0.0,0.0,,0.0,1,0.75,0.89,SPY210129C00387500,387.5,normalDay
2021-01-25,8900.0,4199.0,0.0,100,384.39,342.0,0,0.0,0.0,,0.0,1,0.75,1.15,SPY210129C00387500,387.5,normalDay
2021-01-26,8900.0,4161.0,0.0,100,383.79,342.0,0,0.0,0.0,,0.0,1,0.75,0.93,SPY210129C00387500,387.5,normalDay
2021-01-27,8900.0,3297.0,0.0,100,374.41,342.0,0,0.0,0.0,,0.0,1,0.75,0.19,SPY210129C00387500,387.5,normalDay
2021-01-28,8900.0,3634.0,0.0,100,377.63,342.0,0,0.0,0.0,,0.0,1,0.75,0.04,SPY210129C00387500,387.5,normalDay
2021-01-29,8975.0,2807.0,75.0,100,370.07,342.0,0,0.0,0.0,,0.0,1,0.75,0.0,SPY210129C00387500,387.5,expirationDay
2021-02-01,8975.0,3419.0,0.0,100,376.23,342.0,0,0.0,0.0,,0.0,1,0.36,0.4,SPY210212C00392000,392.0,normalDay
2021-02-02,8975.0,3915.0,0.0,100,381.55,342.0,0,0.0,0.0,,0.0,1,0.36,0.76,SPY210212C00392000,392.0,normalDay
2021-02-03,8975.0,3975.0,0.0,100,381.85,342.0,0,0.0,0.0,,0.0,1,0.36,0.46,SPY210212C00392000,392.0,normalDay
2021-02-04,8975.0,4369.0,0.0,100,386.19,342.0,0,0.0,0.0,,0.0,1,0.36,0.86,SPY210212C00392000,392.0,normalDay
2021-02-05,8975.0,4511.0,0.0,100,387.71,342.0,0,0.0,0.0,,0.0,1,0.36,0.96,SPY210212C00392000,392.0,normalDay
2021-02-08,8975.0,4736.0,0.0,100,390.51,342.0,0,0.0,0.0,,0.0,1,0.36,1.51,SPY210212C00392000,392.0,normalDay
2021-02-09,8975.0,4731.0,0.0,100,390.25,342.0,0,0.0,0.0,,0.0,1,0.36,1.3,SPY210212C00392000,392.0,normalDay
2021-02-10,8975.0,4737.0,0.0,100,390.08,342.0,0,0.0,0.0,,0.0,1,0.36,1.07,SPY210212C00392000,392.0,normalDay
2021-02-11,8975.0,4857.0,0.0,100,390.71,342.0,0,0.0,0.0,,0.0,1,0.36,0.5,SPY210212C00392000,392.0,normalDay
2021-02-12,14011.0,4857.0,5036.0,0,392.64,0.0,0,0.0,0.0,,0.0,1,0.36,0.0,SPY210212C00392000,392.0,expirationDay
2021-02-16,14011.0,-3.0,0.0,0,392.3,0.0,1,0.34,0.37,SPY210219P00383000,383.0,0,0.0,0.0,,0.0,normalDay
2021-02-17,14011.0,15.0,0.0,0,392.39,0.0,1,0.34,0.19,SPY210219P00383000,383.0,0,0.0,0.0,,0.0,normalDay
2021-02-18,14011.0,20.0,0.0,0,390.72,0.0,1,0.34,0.14,SPY210219P00383000,383.0,0,0.0,0.0,,0.0,normalDay
2021-02-19,14045.0,0.0,34.0,0,390.03,0.0,1,0.34,0.0,SPY210219P00383000,383.0,0,0.0,0.0,,0.0,expirationDay
2021-02-22,14045.0,-3.0,0.0,0,387.03,0.0,1,1.21,1.24,SPY210224P00385000,385.0,0,0.0,0.0,,0.0,normalDay
2021-02-23,14045.0,47.0,0.0,0,387.5,0.0,1,1.21,0.74,SPY210224P00385000,385.0,0,0.0,0.0,,0.0,normalDay
2021-02-24,14166.0,0.0,121.0,0,391.77,0.0,1,1.21,0.0,SPY210224P00385000,385.0,0,0.0,0.0,,0.0,expirationDay
2021-02-25,14166.0,-10.0,0.0,0,382.33,0.0,1,3.77,3.87,SPY210226P00386000,386.0,0,0.0,0.0,,0.0,normalDay
2021-02-26,14543.0,-564.0,377.0,100,380.36,386.0,1,3.77,0.0,SPY210226P00386000,386.0,0,0.0,0.0,,0.0,expirationDay
2021-03-01,14543.0,354.0,0.0,100,389.58,386.0,0,0.0,0.0,,0.0,1,0.58,0.62,SPY210312C00401000,401.0,normalDay
2021-03-02,14543.0,79.0,0.0,100,386.54,386.0,0,0.0,0.0,,0.0,1,0.58,0.33,SPY210312C00401000,401.0,normalDay
2021-03-03,14543.0,-415.0,0.0,100,381.42,386.0,0,0.0,0.0,,0.0,1,0.58,0.15,SPY210312C00401000,401.0,normalDay
2021-03-04,14543.0,-879.0,0.0,100,376.7,386.0,0,0.0,0.0,,0.0,1,0.58,0.07,SPY210312C00401000,401.0,normalDay
2021-03-05,14543.0,-187.0,0.0,100,383.63,386.0,0,0.0,0.0,,0.0,1,0.58,0.08,SPY210312C00401000,401.0,normalDay
2021-03-08,14543.0,-375.0,0.0,100,381.72,386.0,0,0.0,0.0,,0.0,1,0.58,0.05,SPY210312C00401000,401.0,normalDay
2021-03-09,14543.0,170.0,0.0,100,387.17,386.0,0,0.0,0.0,,0.0,1,0.58,0.05,SPY210312C00401000,401.0,normalDay
2021-03-10,14543.0,412.0,0.0,100,389.58,386.0,0,0.0,0.0,,0.0,1,0.58,0.04,SPY210312C00401000,401.0,normalDay
2021-03-11,14543.0,807.0,0.0,100,393.53,386.0,0,0.0,0.0,,0.0,1,0.58,0.04,SPY210312C00401000,401.0,normalDay
2021-03-12,14601.0,806.0,58.0,100,394.06,386.0,0,0.0,0.0,,0.0,1,0.58,0.0,SPY210312C00401000,401.0,expirationDay
2021-03-15,14601.0,1037.0,0.0,100,396.41,386.0,0,0.0,0.0,,0.0,1,1.01,1.05,SPY210326C00403000,403.0,normalDay
2021-03-16,14601.0,1009.0,0.0,100,395.91,386.0,0,0.0,0.0,,0.0,1,1.01,0.83,SPY210326C00403000,403.0,normalDay
2021-03-17,14601.0,1140.0,0.0,100,397.26,386.0,0,0.0,0.0,,0.0,1,1.01,0.87,SPY210326C00403000,403.0,normalDay
2021-03-18,14601.0,620.0,0.0,100,391.48,386.0,0,0.0,0.0,,0.0,1,1.01,0.29,SPY210326C00403000,403.0,normalDay
2021-03-19,14601.0,438.0,0.0,100,389.48,386.0,0,0.0,0.0,,0.0,1,1.01,0.11,SPY210326C00403000,403.0,normalDay
2021-03-22,14601.0,752.0,0.0,100,392.59,386.0,0,0.0,0.0,,0.0,1,1.01,0.08,SPY210326C00403000,403.0,normalDay
2021-03-23,14601.0,448.0,0.0,100,389.5,386.0,0,0.0,0.0,,0.0,1,1.01,0.03,SPY210326C00403000,403.0,normalDay
2021-03-24,14601.0,251.0,0.0,100,387.52,386.0,0,0.0,0.0,,0.0,1,1.01,0.02,SPY210326C00403000,403.0,normalDay
2021-03-25,14601.0,470.0,0.0,100,389.7,386.0,0,0.0,0.0,,0.0,1,1.01,0.01,SPY210326C00403000,403.0,normalDay
2021-03-26,14702.0,998.0,101.0,100,395.98,386.0,0,0.0,0.0,,0.0,1,1.01,0.0,SPY210326C00403000,403.0,expirationDay
2021-03-29,14702.0,973.0,0.0,100,395.78,386.0,0,0.0,0.0,,0.0,1,0.57,0.62,SPY210409C00406000,406.0,normalDay
2021-03-30,14702.0,902.0,0.0,100,394.73,386.0,0,0.0,0.0,,0.0,1,0.57,0.28,SPY210409C00406000,406.0,normalDay
2021-03-31,14702.0,1055.0,0.0,100,396.33,386.0,0,0.0,0.0,,0.0,1,0.57,0.35,SPY210409C00406000,406.0,normalDay
2021-04-01,14702.0,1447.0,0.0,100,400.61,386.0,0,0.0,0.0,,0.0,1,0.57,0.71,SPY210409C00406000,406.0,normalDay
2021-04-05,14702.0,1849.0,0.0,100,406.36,386.0,0,0.0,0.0,,0.0,1,0.57,2.44,SPY210409C00406000,406.0,normalDay
2021-04-06,14702.0,1870.0,0.0,100,406.12,386.0,0,0.0,0.0,,0.0,1,0.57,1.99,SPY210409C00406000,406.0,normalDay
2021-04-07,14702.0,1915.0,0.0,100,406.59,386.0,0,0.0,0.0,,0.0,1,0.57,2.01,SPY210409C00406000,406.0,normalDay
2021-04-08,14702.0,1998.0,0.0,100,408.52,386.0,0,0.0,0.0,,0.0,1,0.57,3.11,SPY210409C00406000,406.0,normalDay
2021-04-09,16759.0,1998.0,2057.0,0,411.49,0.0,0,0.0,0.0,,0.0,1,0.57,0.0,SPY210409C00406000,406.0,expirationDay
2021-04-12,16759.0,-3.0,0.0,0,411.64,0.0,1,0.01,0.04,SPY210414P00397000,397.0,0,0.0,0.0,,0.0,normalDay
2021-04-13,16759.0,-1.0,0.0,0,412.86,0.0,1,0.01,0.02,SPY210414P00397000,397.0,0,0.0,0.0,,0.0,normalDay
2021-04-14,16760.0,0.0,1.0,0,411.45,0.0,1,0.01,0.0,SPY210414P00397000,397.0,0,0.0,0.0,,0.0,expirationDay
2021-04-15,16760.0,0.0,0.0,0,415.87,0.0,0,0.0,0.0,,0.0,0,0.0,0.0,,0.0,bidTooLow
2021-04-16,16760.0,0.0,0.0,0,417.26,0.0,0,0.0,0.0,,0.0,0,0.0,0.0,,0.0,bidTooLow
2021-04-19,16760.0,-3.0,0.0,0,415.21,0.0,1,0.01,0.04,SPY210421P00402000,402.0,0,0.0,0.0,,0.0,normalDay
2021-04-20,16760.0,-3.0,0.0,0,412.17,0.0,1,0.01,0.04,SPY210421P00402000,402.0,0,0.0,0.0,,0.0,normalDay
2021-04-21,16761.0,0.0,1.0,0,416.07,0.0,1,0.01,0.0,SPY210421P00402000,402.0,0,0.0,0.0,,0.0,expirationDay
2021-04-22,16761.0,-3.0,0.0,0,412.27,0.0,1,0.13,0.16,SPY210423P00406000,406.0,0,0.0,0.0,,0.0,normalDay
2021-04-23,16774.0,0.0,13.0,0,416.74,0.0,1,0.13,0.0,SPY210423P00406000,406.0,0,0.0,0.0,,0.0,expirationDay
2021-04-26,16774.0,-3.0,0.0,0,417.61,0.0,1,0.09,0.12,SPY210428P00409000,409.0,0,0.0,0.0,,0.0,normalDay
2021-04-27,16774.0,4.0,0.0,0,417.52,0.0,1,0.09,0.05,SPY210428P00409000,409.0,0,0.0,0.0,,0.0,normalDay
2021-04-28,16783.0,0.0,9.0,0,417.4,0.0,1,0.09,0.0,SPY210428P00409000,409.0,0,0.0,0.0,,0.0,expirationDay
2021-04-29,16783.0,-3.0,0.0,0,420.06,0.0,1,0.03,0.06,SPY210430P00412000,412.0,0,0.0,0.0,,0.0,normalDay
2021-04-30,16786.0,0.0,3.0,0,417.3,0.0,1,0.03,0.0,SPY210430P00412000,412.0,0,0.0,0.0,,0.0,expirationDay
2021-05-03,16786.0,-3.0,0.0,0,418.2,0.0,1,0.4,0.43,SPY210505P00414000,414.0,0,0.0,0.0,,0.0,normalDay
2021-05-04,16786.0,-34.0,0.0,0,415.62,0.0,1,0.4,0.74,SPY210505P00414000,414.0,0,0.0,0.0,,0.0,normalDay
2021-05-05,16826.0,0.0,40.0,0,415.75,0.0,1,0.4,0.0,SPY210505P00414000,414.0,0,0.0,0.0,,0.0,expirationDay
2021-05-06,16826.0,-3.0,0.0,0,419.07,0.0,1,0.24,0.27,SPY210507P00415000,415.0,0,0.0,0.0,,0.0,normalDay
2021-05-07,16850.0,0.0,24.0,0,422.12,0.0,1,0.24,0.0,SPY210507P00415000,415.0,0,0.0,0.0,,0.0,expirationDay
2021-05-10,16850.0,-3.0,0.0,0,417.94,0.0,1,1.44,1.47,SPY210512P00416000,416.0,0,0.0,0.0,,0.0,normalDay
2021-05-11,16850.0,-135.0,0.0,0,414.21,0.0,1,1.44,2.79,SPY210512P00416000,416.0,0,0.0,0.0,,0.0,normalDay
2021-05-12,16994.0,-1059.0,144.0,100,405.41,416.0,1,1.44,0.0,SPY210512P00416000,416.0,0,0.0,0.0,,0.0,expirationDay
2021-05-13,16994.0,-575.0,0.0,100,410.28,416.0,0,0.0,0.0,,0.0,1,0.12,0.15,SPY210524C00427000,427.0,normalDay
2021-05-14,16994.0,43.0,0.0,100,416.58,416.0,0,0.0,0.0,,0.0,1,0.12,0.27,SPY210524C00427000,427.0,normalDay
2021-05-17,16994.0,-45.0,0.0,100,415.52,416.0,0,0.0,0.0,,0.0,1,0.12,0.09,SPY210524C00427000,427.0,normalDay
2021-05-18,16994.0,-398.0,0.0,100,411.94,416.0,0,0.0,0.0,,0.0,1,0.12,0.04,SPY210524C00427000,427.0,normalDay
2021-05-19,16994.0,-505.0,0.0,100,410.86,416.0,0,0.0,0.0,,0.0,1,0.12,0.03,SPY210524C00427000,427.0,normalDay
2021-05-20,16994.0,-63.0,0.0,100,415.28,416.0,0,0.0,0.0,,0.0,1,0.12,0.03,SPY210524C00427000,427.0,normalDay
2021-05-21,16994.0,-95.0,0.0,100,414.94,416.0,0,0.0,0.0,,0.0,1,0.12,0.01,SPY210524C00427000,427.0,normalDay
2021-05-24,17006.0,317.0,12.0,100,419.17,416.0,0,0.0,0.0,,0.0,1,0.12,0.0,SPY210524C00427000,427.0,expirationDay
2021-05-25,17006.0,220.0,0.0,100,418.24,416.0,0,0.0,0.0,,0.0,1,0.33,0.37,SPY210604C00427000,427.0,normalDay
2021-05-26,17006.0,316.0,0.0,100,419.07,416.0,0,0.0,0.0,,0.0,1,0.33,0.24,SPY210604C00427000,427.0,normalDay
2021-05-27,17006.0,339.0,0.0,100,419.29,416.0,0,0.0,0.0,,0.0,1,0.33,0.23,SPY210604C00427000,427.0,normalDay
2021-05-28,17006.0,421.0,0.0,100,420.04,416.0,0,0.0,0.0,,0.0,1,0.33,0.16,SPY210604C00427000,427.0,normalDay
2021-06-01,17006.0,391.0,0.0,100,419.67,416.0,0,0.0,0.0,,0.0,1,0.33,0.09,SPY210604C00427000,427.0,normalDay
2021-06-02,17006.0,462.0,0.0,100,420.33,416.0,0,0.0,0.0,,0.0,1,0.33,0.04,SPY210604C00427000,427.0,normalDay
2021-06-03,17006.0,308.0,0.0,100,418.77,416.0,0,0.0,0.0,,0.0,1,0.33,0.02,SPY210604C00427000,427.0,normalDay
2021-06-04,17039.0,660.0,33.0,100,422.6,416.0,0,0.0,0.0,,0.0,1,0.33,0.0,SPY210604C00427000,427.0,expirationDay
2021-06-07,17039.0,616.0,0.0,100,422.19,416.0,0,0.0,0.0,,0.0,1,0.57,0.6,SPY210618C00429000,429.0,normalDay
2021-06-08,17039.0,620.0,0.0,100,422.28,416.0,0,0.0,0.0,,0.0,1,0.57,0.65,SPY210618C00429000,429.0,normalDay
2021-06-09,17039.0,560.0,0.0,100,421.65,416.0,0,0.0,0.0,,0.0,1,0.57,0.62,SPY210618C00429000,429.0,normalDay
2021-06-10,17039.0,766.0,0.0,100,423.61,416.0,0,0.0,0.0,,0.0,1,0.57,0.52,SPY210618C00429000,429.0,normalDay
2021-06-11,17039.0,848.0,0.0,100,424.31,416.0,0,0.0,0.0,,0.0,1,0.57,0.4,SPY210618C00429000,429.0,normalDay
2021-06-14,17039.0,928.0,0.0,100,425.26,416.0,0,0.0,0.0,,0.0,1,0.57,0.55,SPY210618C00429000,429.0,normalDay
2021-06-15,17039.0,868.0,0.0,100,424.48,416.0,0,0.0,0.0,,0.0,1,0.57,0.37,SPY210618C00429000,429.0,normalDay
2021-06-16,17039.0,658.0,0.0,100,422.11,416.0,0,0.0,0.0,,0.0,1,0.57,0.1,SPY210618C00429000,429.0,normalDay
2021-06-17,17039.0,652.0,0.0,100,421.97,416.0,0,0.0,0.0,,0.0,1,0.57,0.02,SPY210618C00429000,429.0,normalDay
2021-06-18,17096.0,-108.0,57.0,100,414.92,416.0,0,0.0,0.0,,0.0,1,0.57,0.0,SPY210618C00429000,429.0,expirationDay
2021-06-21,17096.0,483.0,0.0,100,420.86,416.0,0,0.0,0.0,,0.0,1,0.63,0.66,SPY210702C00428000,428.0,normalDay
2021-06-22,17096.0,692.0,0.0,100,423.11,416.0,0,0.0,0.0,,0.0,1,0.63,0.82,SPY210702C00428000,428.0,normalDay
2021-06-23,17096.0,661.0,0.0,100,422.6,416.0,0,0.0,0.0,,0.0,1,0.63,0.62,SPY210702C00428000,428.0,normalDay
2021-06-24,17096.0,868.0,0.0,100,425.1,416.0,0,0.0,0.0,,0.0,1,0.63,1.05,SPY210702C00428000,428.0,normalDay
2021-06-25,17096.0,996.0,0.0,100,426.61,416.0,0,0.0,0.0,,0.0,1,0.63,1.28,SPY210702C00428000,428.0,normalDay
2021-06-28,17096.0,1082.0,0.0,100,427.47,416.0,0,0.0,0.0,,0.0,1,0.63,1.28,SPY210702C00428000,428.0,normalDay
2021-06-29,17096.0,1097.0,0.0,100,427.7,416.0,0,0.0,0.0,,0.0,1,0.63,1.36,SPY210702C00428000,428.0,normalDay
2021-06-30,17096.0,1115.0,0.0,100,428.06,416.0,0,0.0,0.0,,0.0,1,0.63,1.54,SPY210702C00428000,428.0,normalDay
2021-07-01,17096.0,1235.0,0.0,100,430.43,416.0,0,0.0,0.0,,0.0,1,0.63,2.71,SPY210702C00428000,428.0,normalDay
2021-07-02,18359.0,1235.0,1263.0,0,433.72,0.0,0,0.0,0.0,,0.0,1,0.63,0.0,SPY210702C00428000,428.0,expirationDay
2021-07-06,18359.0,-3.0,0.0,0,432.93,0.0,1,0.2,0.23,SPY210709P00425000,425.0,0,0.0,0.0,,0.0,normalDay
2021-07-07,18359.0,13.0,0.0,0,434.46,0.0,1,0.2,0.07,SPY210709P00425000,425.0,0,0.0,0.0,,0.0,normalDay
2021-07-08,18359.0,3.0,0.0,0,430.92,0.0,1,0.2,0.17,SPY210709P00425000,425.0,0,0.0,0.0,,0.0,normalDay
2021-07-09,18379.0,0.0,20.0,0,435.52,0.0,1,0.2,0.0,SPY210709P00425000,425.0,0,0.0,0.0,,0.0,expirationDay
2021-07-12,18379.0,-3.0,0.0,0,437.08,0.0,1,0.08,0.11,SPY210714P00427000,427.0,0,0.0,0.0,,0.0,normalDay
2021-07-13,18379.0,-1.0,0.0,0,435.59,0.0,1,0.08,0.09,SPY210714P00427000,427.0,0,0.0,0.0,,0.0,normalDay
2021-07-14,18387.0,0.0,8.0,0,436.24,0.0,1,0.08,0.0,SPY210714P00427000,427.0,0,0.0,0.0,,0.0,expirationDay
2021-07-15,18387.0,-3.0,0.0,0,434.75,0.0,1,0.1,0.13,SPY210716P00428000,428.0,0,0.0,0.0,,0.0,normalDay
2021-07-16,18397.0,0.0,10.0,0,431.34,0.0,1,0.1,0.0,SPY210716P00428000,428.0,0,0.0,0.0,,0.0,expirationDay
2021-07-19,18397.0,-49.0,0.0,0,424.97,0.0,1,4.47,4.96,SPY210721P00429000,429.0,0,0.0,0.0,,0.0,normalDay
2021-07-20,18397.0,376.0,0.0,0,431.06,0.0,1,4.47,0.71,SPY210721P00429000,429.0,0,0.0,0.0,,0.0,normalDay
2021-07-21,18844.0,0.0,447.0,0,434.55,0.0,1,4.47,0.0,SPY210721P00429000,429.0,0,0.0,0.0,,0.0,expirationDay
2021-07-22,18844.0,-3.0,0.0,0,435.46,0.0,1,0.11,0.14,SPY210723P00431000,431.0,0,0.0,0.0,,0.0,normalDay
2021-07-23,18855.0,0.0,11.0,0,439.94,0.0,1,0.11,0.0,SPY210723P00431000,431.0,0,0.0,0.0,,0.0,expirationDay
2021-07-26,18855.0,-3.0,0.0,0,441.02,0.0,1,0.13,0.16,SPY210728P00433000,433.0,0,0.0,0.0,,0.0,normalDay
2021-07-27,18855.0,-15.0,0.0,0,439.01,0.0,1,0.13,0.28,SPY210728P00433000,433.0,0,0.0,0.0,,0.0,normalDay
2021-07-28,18868.0,0.0,13.0,0,438.83,0.0,1,0.13,0.0,SPY210728P00433000,433.0,0,0.0,0.0,,0.0,expirationDay
2021-07-29,18868.0,-3.0,0.0,0,440.65,0.0,1,0.08,0.11,SPY210730P00435000,435.0,0,0.0,0.0,,0.0,normalDay
2021-07-30,18876.0,0.0,8.0,0,438.51,0.0,1,0.08,0.0,SPY210730P00435000,435.0,0,0.0,0.0,,0.0,expirationDay
2021-08-02,18876.0,-3.0,0.0,0,437.59,0.0,1,0.93,0.96,SPY210804P00435000,435.0,0,0.0,0.0,,0.0,normalDay
2021-08-03,18876.0,84.0,0.0,0,441.15,0.0,1,0.93,0.09,SPY210804P00435000,435.0,0,0.0,0.0,,0.0,normalDay
2021-08-04,18969.0,0.0,93.0,0,438.98,0.0,1,0.93,0.0,SPY210804P00435000,435.0,0,0.0,0.0,,0.0,expirationDay
2021-08-05,18969.0,-3.0,0.0,0,441.76,0.0,1,0.1,0.13,SPY210806P00436000,436.0,0,0.0,0.0,,0.0,normalDay
2021-08-06,18979.0,0.0,10.0,0,442.49,0.0,1,0.1,0.0,SPY210806P00436000,436.0,0,0.0,0.0,,0.0,expirationDay
2021-08-09,18979.0,-3.0,0.0,0,442.13,0.0,1,0.17,0.2,SPY210811P00437000,437.0,0,0.0,0.0,,0.0,normalDay
2021-08-10,18979.0,6.0,0.0,0,442.68,0.0,1,0.17,0.11,SPY210811P00437000,437.0,0,0.0,0.0,,0.0,normalDay
2021-08-11,18996.0,0.0,17.0,0,443.78,0.0,1,0.17,0.0,SPY210811P00437000,437.0,0,0.0,0.0,,0.0,expirationDay
2021-08-12,18996.0,-3.0,0.0,0,445.11,0.0,1,0.05,0.08,SPY210813P00438000,438.0,0,0.0,0.0,,0.0,normalDay
2021-08-13,19001.0,0.0,5.0,0,445.92,0.0,1,0.05,0.0,SPY210813P00438000,438.0,0,0.0,0.0,,0.0,expirationDay
2021-08-16,19001.0,-3.0,0.0,0,446.97,0.0,1,0.15,0.18,SPY210818P00440000,440.0,0,0.0,0.0,,0.0,normalDay
2021-08-17,19001.0,-20.0,0.0,0,444.04,0.0,1,0.15,0.35,SPY210818P00440000,440.0,0,0.0,0.0,,0.0,normalDay
2021-08-18,19016.0,-82.0,15.0,100,439.18,440.0,1,0.15,0.0,SPY210818P00440000,440.0,0,0.0,0.0,,0.0,expirationDay
2021-08-19,19016.0,-18.0,0.0,100,439.86,440.0,0,0.0,0.0,,0.0,1,0.62,0.66,SPY210830C00449000,449.0,normalDay
2021-08-20,19016.0,335.0,0.0,100,443.36,440.0,0,0.0,0.0,,0.0,1,0.62,0.63,SPY210830C00449000,449.0,normalDay
2021-08-23,19016.0,649.0,0.0,100,447.26,440.0,0,0.0,0.0,,0.0,1,0.62,1.39,SPY210830C00449000,449.0,normalDay
2021-08-24,19016.0,719.0,0.0,100,447.97,440.0,0,0.0,0.0,,0.0,1,0.62,1.4,SPY210830C00449000,449.0,normalDay
2021-08-25,19016.0,792.0,0.0,100,448.91,440.0,0,0.0,0.0,,0.0,1,0.62,1.61,SPY210830C00449000,449.0,normalDay
2021-08-26,19016.0,605.0,0.0,100,446.26,440.0,0,0.0,0.0,,0.0,1,0.62,0.83,SPY210830C00449000,449.0,normalDay
2021-08-27,19016.0,907.0,0.0,100,450.25,440.0,0,0.0,0.0,,0.0,1,0.62,1.8,SPY210830C00449000,449.0,normalDay
2021-08-30,19978.0,907.0,962.0,0,452.23,0.0,0,0.0,0.0,,0.0,1,0.62,0.0,SPY210830C00449000,449.0,expirationDay
2021-08-31,19978.0,-3.0,0.0,0,451.56,0.0,1,0.32,0.35,SPY210903P00445000,445.0,0,0.0,0.0,,0.0,normalDay
2021-09-01,19978.0,16.0,0.0,0,451.8,0.0,1,0.32,0.16,SPY210903P00445000,445.0,0,0.0,0.0,,0.0,normalDay
2021-09-02,19978.0,23.0,0.0,0,453.19,0.0,1,0.32,0.09,SPY210903P00445000,445.0,0,0.0,0.0,,0.0,normalDay
2021-09-03,20010.0,0.0,32.0,0,453.08,0.0,1,0.32,0.0,SPY210903P00445000,445.0,0,0.0,0.0,,0.0,expirationDay
2021-09-07,20010.0,-3.0,0.0,0,451.46,0.0,1,0.64,0.67,SPY210910P00447000,447.0,0,0.0,0.0,,0.0,normalDay
2021-09-08,20010.0,15.0,0.0,0,450.91,0.0,1,0.64,0.49,SPY210910P00447000,447.0,0,0.0,0.0,,0.0,normalDay
2021-09-09,20010.0,0.0,0.0,0,448.98,0.0,1,0.64,0.64,SPY210910P00447000,447.0,0,0.0,0.0,,0.0,normalDay
2021-09-10,20074.0,-156.0,64.0,100,445.44,447.0,1,0.64,0.0,SPY210910P00447000,447.0,0,0.0,0.0,,0.0,expirationDay
2021-09-13,20074.0,-45.0,0.0,100,446.58,447.0,0,0.0,0.0,,0.0,1,0.07,0.1,SPY210924C00460000,460.0,normalDay
2021-09-14,20074.0,-282.0,0.0,100,444.17,447.0,0,0.0,0.0,,0.0,1,0.07,0.06,SPY210924C00460000,460.0,normalDay
2021-09-15,20074.0,87.0,0.0,100,447.88,447.0,0,0.0,0.0,,0.0,1,0.07,0.08,SPY210924C00460000,460.0,normalDay
2021-09-16,20074.0,18.0,0.0,100,447.17,447.0,0,0.0,0.0,,0.0,1,0.07,0.06,SPY210924C00460000,460.0,normalDay
2021-09-17,20074.0,-556.0,0.0,100,441.4,447.0,0,0.0,0.0,,0.0,1,0.07,0.03,SPY210924C00460000,460.0,normalDay
2021-09-20,20074.0,-1292.0,0.0,100,434.04,447.0,0,0.0,0.0,,0.0,1,0.07,0.03,SPY210924C00460000,460.0,normalDay
2021-09-21,20074.0,-1331.0,0.0,100,433.63,447.0,0,0.0,0.0,,0.0,1,0.07,0.01,SPY210924C00460000,460.0,normalDay
2021-09-22,20074.0,-908.0,0.0,100,437.86,447.0,0,0.0,0.0,,0.0,1,0.07,0.01,SPY210924C00460000,460.0,normalDay
2021-09-23,20074.0,-376.0,0.0,100,443.18,447.0,0,0.0,0.0,,0.0,1,0.07,0.01,SPY210924C00460000,460.0,normalDay
2021-09-24,20081.0,-309.0,7.0,100,443.91,447.0,0,0.0,0.0,,0.0,1,0.07,0.0,SPY210924C00460000,460.0,expirationDay
2021-09-27,20081.0,-439.0,0.0,100,442.64,447.0,0,0.0,0.0,,0.0,1,0.03,0.06,SPY211008C00463000,463.0,normalDay
2021-09-28,20081.0,-1329.0,0.0,100,433.72,447.0,0,0.0,0.0,,0.0,1,0.03,0.04,SPY211008C00463000,463.0,normalDay
2021-09-29,20081.0,-1255.0,0.0,100,434.45,447.0,0,0.0,0.0,,0.0,1,0.03,0.03,SPY211008C00463000,463.0,normalDay
2021-09-30,20081.0,-1786.0,0.0,100,429.14,447.0,0,0.0,0.0,,0.0,1,0.03,0.03,SPY211008C00463000,463.0,normalDay
2021-10-01,20081.0,-1275.0,0.0,100,434.24,447.0,0,0.0,0.0,,0.0,1,0.03,0.02,SPY211008C00463000,463.0,normalDay
2021-10-04,20081.0,-1835.0,0.0,100,428.64,447.0,0,0.0,0.0,,0.0,1,0.03,0.02,SPY211008C00463000,463.0,normalDay
2021-10-05,20081.0,-1388.0,0.0,100,433.1,447.0,0,0.0,0.0,,0.0,1,0.03,0.01,SPY211008C00463000,463.0,normalDay
2021-10-06,20081.0,-1208.0,0.0,100,434.9,447.0,0,0.0,0.0,,0.0,1,0.03,0.01,SPY211008C00463000,463.0,normalDay
2021-10-07,20081.0,-832.0,0.0,100,438.66,447.0,0,0.0,0.0,,0.0,1,0.03,0.01,SPY211008C00463000,463.0,normalDay
2021-10-08,20084.0,-914.0,3.0,100,437.86,447.0,0,0.0,0.0,,0.0,1,0.03,0.0,SPY211008C00463000,463.0,expirationDay
2021-10-11,20084.0,-1234.0,0.0,100,434.69,447.0,0,0.0,0.0,,0.0,1,0.03,0.06,SPY211022C00454000,454.0,normalDay
2021-10-12,20084.0,-1339.0,0.0,100,433.62,447.0,0,0.0,0.0,,0.0,1,0.03,0.04,SPY211022C00454000,454.0,normalDay
2021-10-13,20084.0,-1184.0,0.0,100,435.18,447.0,0,0.0,0.0,,0.0,1,0.03,0.05,SPY211022C00454000,454.0,normalDay
2021-10-14,20084.0,-461.0,0.0,100,442.5,447.0,0,0.0,0.0,,0.0,1,0.03,0.14,SPY211022C00454000,454.0,normalDay
2021-10-15,20084.0,-129.0,0.0,100,445.87,447.0,0,0.0,0.0,,0.0,1,0.03,0.19,SPY211022C00454000,454.0,normalDay
2021-10-18,20084.0,4.0,0.0,100,447.19,447.0,0,0.0,0.0,,0.0,1,0.03,0.18,SPY211022C00454000,454.0,normalDay
2021-10-19,20084.0,319.0,0.0,100,450.64,447.0,0,0.0,0.0,,0.0,1,0.03,0.48,SPY211022C00454000,454.0,normalDay
2021-10-20,20084.0,490.0,0.0,100,452.41,447.0,0,0.0,0.0,,0.0,1,0.03,0.54,SPY211022C00454000,454.0,normalDay
2021-10-21,20084.0,593.0,0.0,100,453.59,447.0,0,0.0,0.0,,0.0,1,0.03,0.69,SPY211022C00454000,454.0,normalDay
2021-10-22,20087.0,612.0,3.0,100,453.12,447.0,0,0.0,0.0,,0.0,1,0.03,0.0,SPY211022C00454000,454.0,expirationDay
2021-10-25,20087.0,852.0,0.0,100,455.55,447.0,0,0.0,0.0,,0.0,1,0.17,0.2,SPY211105C00466000,466.0,normalDay
2021-10-26,20087.0,882.0,0.0,100,455.96,447.0,0,0.0,0.0,,0.0,1,0.17,0.31,SPY211105C00466000,466.0,normalDay
2021-10-27,20087.0,697.0,0.0,100,453.94,447.0,0,0.0,0.0,,0.0,1,0.17,0.14,SPY211105C00466000,466.0,normalDay
2021-10-28,20087.0,1115.0,0.0,100,458.32,447.0,0,0.0,0.0,,0.0,1,0.17,0.34,SPY211105C00466000,466.0,normalDay
2021-10-29,20087.0,1208.0,0.0,100,459.25,447.0,0,0.0,0.0,,0.0,1,0.17,0.34,SPY211105C00466000,466.0,normalDay
2021-11-01,20087.0,1290.0,0.0,100,460.04,447.0,0,0.0,0.0,,0.0,1,0.17,0.31,SPY211105C00466000,466.0,normalDay
2021-11-02,20087.0,1457.0,0.0,100,461.9,447.0,0,0.0,0.0,,0.0,1,0.17,0.5,SPY211105C00466000,466.0,normalDay
2021-11-03,20087.0,1694.0,0.0,100,464.72,447.0,0,0.0,0.0,,0.0,1,0.17,0.95,SPY211105C00466000,466.0,normalDay
2021-11-04,20087.0,1866.0,0.0,100,466.91,447.0,0,0.0,0.0,,0.0,1,0.17,1.42,SPY211105C00466000,466.0,normalDay
2021-11-05,22004.0,1866.0,1917.0,0,468.53,0.0,0,0.0,0.0,,0.0,1,0.17,0.0,SPY211105C00466000,466.0,expirationDay
2021-11-08,22004.0,-3.0,0.0,0,468.93,0.0,1,0.03,0.06,SPY211110P00453000,453.0,0,0.0,0.0,,0.0,normalDay
2021-11-09,22004.0,-1.0,0.0,0,467.38,0.0,1,0.03,0.04,SPY211110P00453000,453.0,0,0.0,0.0,,0.0,normalDay
2021-11-10,22007.0,0.0,3.0,0,463.62,0.0,1,0.03,0.0,SPY211110P00453000,453.0,0,0.0,0.0,,0.0,expirationDay
2021-11-11,22007.0,-3.0,0.0,0,463.77,0.0,1,0.08,0.11,SPY211112P00458000,458.0,0,0.0,0.0,,0.0,normalDay
2021-11-12,22015.0,0.0,8.0,0,467.27,0.0,1,0.08,0.0,SPY211112P00458000,458.0,0,0.0,0.0,,0.0,expirationDay
2021-11-15,22015.0,-3.0,0.0,0,467.43,0.0,1,0.1,0.13,SPY211117P00460000,460.0,0,0.0,0.0,,0.0,normalDay
2021-11-16,22015.0,5.0,0.0,0,469.28,0.0,1,0.1,0.05,SPY211117P00460000,460.0,0,0.0,0.0,,0.0,normalDay
2021-11-17,22025.0,0.0,10.0,0,468.14,0.0,1,0.1,0.0,SPY211117P00460000,460.0,0,0.0,0.0,,0.0,expirationDay
2021-11-18,22025.0,-3.0,0.0,0,469.73,0.0,1,0.06,0.09,SPY211119P00462500,462.5,0,0.0,0.0,,0.0,normalDay
2021-11-19,22031.0,0.0,6.0,0,468.89,0.0,1,0.06,0.0,SPY211119P00462500,462.5,0,0.0,0.0,,0.0,expirationDay
2021-11-22,22031.0,-4.0,0.0,0,467.57,0.0,1,0.91,0.95,SPY211124P00464000,464.0,0,0.0,0.0,,0.0,normalDay
2021-11-23,22031.0,50.0,0.0,0,468.19,0.0,1,0.91,0.41,SPY211124P00464000,464.0,0,0.0,0.0,,0.0,normalDay
2021-11-24,22122.0,0.0,91.0,0,469.44,0.0,1,0.91,0.0,SPY211124P00464000,464.0,0,0.0,0.0,,0.0,expirationDay
2021-11-26,22122.0,-211.0,0.0,0,458.97,0.0,1,7.72,9.83,SPY211129P00466000,466.0,0,0.0,0.0,,0.0,normalDay
2021-11-29,22894.0,-140.0,772.0,100,464.6,466.0,1,7.72,0.0,SPY211129P00466000,466.0,0,0.0,0.0,,0.0,expirationDay
2021-11-30,22894.0,-1047.0,0.0,100,455.56,466.0,0,0.0,0.0,,0.0,1,0.21,0.24,SPY211210C00477000,477.0,normalDay
2021-12-01,22894.0,-1544.0,0.0,100,450.5,466.0,0,0.0,0.0,,0.0,1,0.21,0.15,SPY211210C00477000,477.0,normalDay
2021-12-02,22894.0,-857.0,0.0,100,457.4,466.0,0,0.0,0.0,,0.0,1,0.21,0.18,SPY211210C00477000,477.0,normalDay
2021-12-03,22894.0,-1243.0,0.0,100,453.42,466.0,0,0.0,0.0,,0.0,1,0.21,0.06,SPY211210C00477000,477.0,normalDay
2021-12-06,22894.0,-703.0,0.0,100,458.79,466.0,0,0.0,0.0,,0.0,1,0.21,0.03,SPY211210C00477000,477.0,normalDay
2021-12-07,22894.0,230.0,0.0,100,468.28,466.0,0,0.0,0.0,,0.0,1,0.21,0.19,SPY211210C00477000,477.0,normalDay
2021-12-08,22894.0,364.0,0.0,100,469.52,466.0,0,0.0,0.0,,0.0,1,0.21,0.09,SPY211210C00477000,477.0,normalDay
2021-12-09,22894.0,54.0,0.0,100,466.35,466.0,0,0.0,0.0,,0.0,1,0.21,0.02,SPY211210C00477000,477.0,normalDay
2021-12-10,22915.0,474.0,21.0,100,470.74,466.0,0,0.0,0.0,,0.0,1,0.21,0.0,SPY211210C00477000,477.0,expirationDay
2021-12-13,22915.0,54.0,0.0,100,466.57,466.0,0,0.0,0.0,,0.0,1,0.09,0.12,SPY211223C00483000,483.0,normalDay
2021-12-14,22915.0,-263.0,0.0,100,463.36,466.0,0,0.0,0.0,,0.0,1,0.09,0.08,SPY211223C00483000,483.0,normalDay
2021-12-15,22915.0,454.0,0.0,100,470.6,466.0,0,0.0,0.0,,0.0,1,0.09,0.15,SPY211223C00483000,483.0,normalDay
2021-12-16,22915.0,47.0,0.0,100,466.45,466.0,0,0.0,0.0,,0.0,1,0.09,0.07,SPY211223C00483000,483.0,normalDay
2021-12-17,22915.0,-606.0,0.0,100,459.87,466.0,0,0.0,0.0,,0.0,1,0.09,0.02,SPY211223C00483000,483.0,normalDay
2021-12-20,22915.0,-1094.0,0.0,100,454.98,466.0,0,0.0,0.0,,0.0,1,0.09,0.01,SPY211223C00483000,483.0,normalDay
2021-12-21,22915.0,-286.0,0.0,100,463.06,466.0,0,0.0,0.0,,0.0,1,0.09,0.01,SPY211223C00483000,483.0,normalDay
2021-12-22,22915.0,177.0,0.0,100,467.69,466.0,0,0.0,0.0,,0.0,1,0.09,0.01,SPY211223C00483000,483.0,normalDay
2021-12-23,22924.0,460.0,9.0,100,470.6,466.0,0,0.0,0.0,,0.0,1,0.09,0.0,SPY211223C00483000,483.0,expirationDay
2021-12-27,22924.0,1122.0,0.0,100,477.26,466.0,0,0.0,0.0,,0.0,1,1.06,1.1,SPY220107C00484000,484.0,normalDay
2021-12-28,22924.0,1094.0,0.0,100,476.87,466.0,0,0.0,0.0,,0.0,1,1.06,0.99,SPY220107C00484000,484.0,normalDay
2021-12-29,22924.0,1173.0,0.0,100,477.48,466.0,0,0.0,0.0,,0.0,1,1.06,0.81,SPY220107C00484000,484.0,normalDay
2021-12-30,22924.0,1075.0,0.0,100,476.16,466.0,0,0.0,0.0,,0.0,1,1.06,0.47,SPY220107C00484000,484.0,normalDay
2021-12-31,22924.0,982.0,0.0,100,474.96,466.0,0,0.0,0.0,,0.0,1,1.06,0.2,SPY220107C00484000,484.0,normalDay
2022-01-03,22924.0,1252.0,0.0,100,477.71,466.0,0,0.0,0.0,,0.0,1,1.06,0.25,SPY220107C00484000,484.0,normalDay
2022-01-04,22924.0,1244.0,0.0,100,477.55,466.0,0,0.0,0.0,,0.0,1,1.06,0.17,SPY220107C00484000,484.0,normalDay
2022-01-05,22924.0,341.0,0.0,100,468.38,466.0,0,0.0,0.0,,0.0,1,1.06,0.03,SPY220107C00484000,484.0,normalDay
2022-01-06,22924.0,299.0,0.0,100,467.94,466.0,0,0.0,0.0,,0.0,1,1.06,0.01,SPY220107C00484000,484.0,normalDay
2022-01-07,23030.0,9.0,106.0,100,466.09,466.0,0,0.0,0.0,,0.0,1,1.06,0.0,SPY220107C00484000,484.0,expirationDay
2022-01-10,23030.0,-52.0,0.0,100,465.51,466.0,0,0.0,0.0,,0.0,1,0.02,0.05,SPY220121C00489000,489.0,normalDay
2022-01-11,23030.0,368.0,0.0,100,469.75,466.0,0,0.0,0.0,,0.0,1,0.02,0.09,SPY220121C00489000,489.0,normalDay
2022-01-12,23030.0,495.0,0.0,100,471.02,466.0,0,0.0,0.0,,0.0,1,0.02,0.09,SPY220121C00489000,489.0,normalDay
2022-01-13,23030.0,-149.0,0.0,100,464.53,466.0,0,0.0,0.0,,0.0,1,0.02,0.04,SPY220121C00489000,489.0,normalDay
2022-01-14,23030.0,-128.0,0.0,100,464.72,466.0,0,0.0,0.0,,0.0,1,0.02,0.02,SPY220121C00489000,489.0,normalDay
2022-01-18,23030.0,-951.0,0.0,100,456.49,466.0,0,0.0,0.0,,0.0,1,0.02,0.02,SPY220121C00489000,489.0,normalDay
2022-01-19,23030.0,-1424.0,0.0,100,451.75,466.0,0,0.0,0.0,,0.0,1,0.02,0.01,SPY220121C00489000,489.0,normalDay
2022-01-20,23030.0,-1924.0,0.0,100,446.75,466.0,0,0.0,0.0,,0.0,1,0.02,0.01,SPY220121C00489000,489.0,normalDay
2022-01-21,23032.0,-2802.0,2.0,100,437.98,466.0,0,0.0,0.0,,0.0,1,0.02,0.0,SPY220121C00489000,489.0,expirationDay
2022-01-24,23032.0,-2616.0,0.0,100,439.84,466.0,0,0.0,0.0,,0.0,0,0.0,0.0,,0.0,bidTooLow
2022-01-25,23032.0,-3153.0,0.0,100,434.47,466.0,0,0.0,0.0,,0.0,0,0.0,0.0,,0.0,bidTooLow
2022-01-26,23032.0,-3262.0,0.0,100,433.38,466.0,0,0.0,0.0,,0.0,0,0.0,0.0,,0.0,bidTooLow
2022-01-27,23032.0,-3476.0,0.0,100,431.24,466.0,0,0.0,0.0,,0.0,0,0.0,0.0,,0.0,bidTooLow
2022-01-28,23032.0,-2405.0,0.0,100,441.95,466.0,0,0.0,0.0,,0.0,0,0.0,0.0,,0.0,bidTooLow
2022-01-31,23032.0,-1609.0,0.0,100,449.91,466.0,0,0.0,0.0,,0.0,0,0.0,0.0,,0.0,bidTooLow
2022-02-01,23032.0,-1305.0,0.0,100,452.95,466.0,0,0.0,0.0,,0.0,0,0.0,0.0,,0.0,bidTooLow
2022-02-02,23032.0,-865.0,0.0,100,457.35,466.0,0,0.0,0.0,,0.0,0,0.0,0.0,,0.0,bidTooLow
2022-02-03,23032.0,-1940.0,0.0,100,446.6,466.0,0,0.0,0.0,,0.0,0,0.0,0.0,,0.0,bidTooLow
2022-02-04,23032.0,-1730.0,0.0,100,448.7,466.0,0,0.0,0.0,,0.0,0,0.0,0.0,,0.0,bidTooLow
2022-02-07,23032.0,-1874.0,0.0,100,447.26,466.0,0,0.0,0.0,,0.0,0,0.0,0.0,,0.0,bidTooLow
2022-02-08,23032.0,-1506.0,0.0,100,450.94,466.0,0,0.0,0.0,,0.0,0,0.0,0.0,,0.0,bidTooLow
2022-02-09,23032.0,-849.0,0.0,100,457.54,466.0,0,0.0,0.0,,0.0,1,0.06,0.09,SPY220218C00481000,481.0,normalDay
2022-02-10,23032.0,-1665.0,0.0,100,449.32,466.0,0,0.0,0.0,,0.0,1,0.06,0.03,SPY220218C00481000,481.0,normalDay
2022-02-11,23032.0,-2550.0,0.0,100,440.46,466.0,0,0.0,0.0,,0.0,1,0.06,0.02,SPY220218C00481000,481.0,normalDay
2022-02-14,23032.0,-2693.0,0.0,100,439.02,466.0,0,0.0,0.0,,0.0,1,0.06,0.01,SPY220218C00481000,481.0,normalDay
2022-02-15,23032.0,-1985.0,0.0,100,446.1,466.0,0,0.0,0.0,,0.0,1,0.06,0.01,SPY220218C00481000,481.0,normalDay
2022-02-16,23032.0,-1935.0,0.0,100,446.6,466.0,0,0.0,0.0,,0.0,1,0.06,0.01,SPY220218C00481000,481.0,normalDay
2022-02-17,23032.0,-2889.0,0.0,100,437.06,466.0,0,0.0,0.0,,0.0,1,0.06,0.01,SPY220218C00481000,481.0,normalDay
2022-02-18,23038.0,-3177.0,6.0,100,434.23,466.0,0,0.0,0.0,,0.0,1,0.06,0.0,SPY220218C00481000,481.0,expirationDay
2022-02-22,23038.0,-3646.0,0.0,100,429.57,466.0,0,0.0,0.0,,0.0,1,0.02,0.05,SPY220304C00468000,468.0,normalDay
2022-02-23,23038.0,-4407.0,0.0,100,421.95,466.0,0,0.0,0.0,,0.0,1,0.02,0.04,SPY220304C00468000,468.0,normalDay
2022-02-24,23038.0,-3772.0,0.0,100,428.3,466.0,0,0.0,0.0,,0.0,1,0.02,0.04,SPY220304C00468000,468.0,normalDay
2022-02-25,23038.0,-2828.0,0.0,100,437.75,466.0,0,0.0,0.0,,0.0,1,0.02,0.05,SPY220304C00468000,468.0,normalDay
2022-02-28,23038.0,-2938.0,0.0,100,436.63,466.0,0,0.0,0.0,,0.0,1,0.02,0.03,SPY220304C00468000,468.0,normalDay
2022-03-01,23038.0,-3602.0,0.0,100,429.98,466.0,0,0.0,0.0,,0.0,1,0.02,0.02,SPY220304C00468000,468.0,normalDay
2022-03-02,23038.0,-2810.0,0.0,100,437.89,466.0,0,0.0,0.0,,0.0,1,0.02,0.01,SPY220304C00468000,468.0,normalDay
2022-03-03,23038.0,-3028.0,0.0,100,435.71,466.0,0,0.0,0.0,,0.0,1,0.02,0.01,SPY220304C00468000,468.0,normalDay
2022-03-04,23040.0,-3383.0,2.0,100,432.17,466.0,0,0.0,0.0,,0.0,1,0.02,0.0,SPY220304C00468000,468.0,expirationDay
2022-03-07,23040.0,-4660.0,0.0,100,419.43,466.0,0,0.0,0.0,,0.0,1,0.02,0.05,SPY220318C00466000,466.0,normalDay
2022-03-08,23040.0,-4978.0,0.0,100,416.25,466.0,0,0.0,0.0,,0.0,1,0.02,0.05,SPY220318C00466000,466.0,normalDay
2022-03-09,23040.0,-3863.0,0.0,100,427.41,466.0,0,0.0,0.0,,0.0,1,0.02,0.06,SPY220318C00466000,466.0,normalDay
2022-03-10,23040.0,-4054.0,0.0,100,425.48,466.0,0,0.0,0.0,,0.0,1,0.02,0.04,SPY220318C00466000,466.0,normalDay
2022-03-11,23040.0,-4594.0,0.0,100,420.07,466.0,0,0.0,0.0,,0.0,1,0.02,0.03,SPY220318C00466000,466.0,normalDay
2022-03-14,23040.0,-4900.0,0.0,100,417.0,466.0,0,0.0,0.0,,0.0,1,0.02,0.02,SPY220318C00466000,466.0,normalDay
2022-03-15,23040.0,-3982.0,0.0,100,426.17,466.0,0,0.0,0.0,,0.0,1,0.02,0.01,SPY220318C00466000,466.0,normalDay
2022-03-16,23040.0,-3037.0,0.0,100,435.62,466.0,0,0.0,0.0,,0.0,1,0.02,0.01,SPY220318C00466000,466.0,normalDay
2022-03-17,23040.0,-2492.0,0.0,100,441.07,466.0,0,0.0,0.0,,0.0,1,0.02,0.01,SPY220318C00466000,466.0,normalDay
2022-03-18,23042.0,-2148.0,2.0,100,444.52,466.0,0,0.0,0.0,,0.0,1,0.02,0.0,SPY220318C00466000,466.0,expirationDay
2022-03-21,23042.0,-2166.0,0.0,100,444.39,466.0,0,0.0,0.0,,0.0,1,1.61,1.66,SPY220401C00456000,456.0,normalDay
2022-03-22,23042.0,-1750.0,0.0,100,449.59,466.0,0,0.0,0.0,,0.0,1,1.61,2.7,SPY220401C00456000,456.0,normalDay
2022-03-23,23042.0,-2169.0,0.0,100,443.8,466.0,0,0.0,0.0,,0.0,1,1.61,1.1,SPY220401C00456000,456.0,normalDay
2022-03-24,23042.0,-1611.0,0.0,100,450.49,466.0,0,0.0,0.0,,0.0,1,1.61,2.21,SPY220401C00456000,456.0,normalDay
2022-03-25,23042.0,-1406.0,0.0,100,452.69,466.0,0,0.0,0.0,,0.0,1,1.61,2.36,SPY220401C00456000,456.0,normalDay
2022-03-28,23042.0,-1159.0,0.0,100,455.91,466.0,0,0.0,0.0,,0.0,1,1.61,3.11,SPY220401C00456000,456.0,normalDay
2022-03-29,23042.0,-928.0,0.0,100,461.55,466.0,0,0.0,0.0,,0.0,1,1.61,6.44,SPY220401C00456000,456.0,normalDay
2022-03-30,23042.0,-1005.0,0.0,100,458.7,466.0,0,0.0,0.0,,0.0,1,1.61,4.36,SPY220401C00456000,456.0,normalDay
2022-03-31,23042.0,-1334.0,0.0,100,451.64,466.0,0,0.0,0.0,,0.0,1,1.61,0.59,SPY220401C00456000,456.0,normalDay
2022-04-01,23203.0,-1308.0,161.0,100,452.92,466.0,0,0.0,0.0,,0.0,1,1.61,0.0,SPY220401C00456000,456.0,expirationDay
2022-04-04,23203.0,-920.0,0.0,100,456.8,466.0,0,0.0,0.0,,0.0,0,0.0,0.0,,0.0,bidTooLow
2022-04-05,23203.0,-1497.0,0.0,100,451.03,466.0,0,0.0,0.0,,0.0,0,0.0,0.0,,0.0,bidTooLow
2022-04-06,23203.0,-1948.0,0.0,100,446.52,466.0,0,0.0,0.0,,0.0,0,0.0,0.0,,0.0,bidTooLow
2022-04-07,23203.0,-1723.0,0.0,100,448.77,466.0,0,0.0,0.0,,0.0,0,0.0,0.0,,0.0,bidTooLow
2022-04-08,23203.0,-1843.0,0.0,100,447.57,466.0,0,0.0,0.0,,0.0,0,0.0,0.0,,0.0,bidTooLow
2022-04-11,23203.0,-2608.0,0.0,100,439.92,466.0,0,0.0,0.0,,0.0,0,0.0,0.0,,0.0,bidTooLow
2022-04-12,23203.0,-2771.0,0.0,100,438.29,466.0,0,0.0,0.0,,0.0,0,0.0,0.0,,0.0,bidTooLow
2022-04-13,23203.0,-2269.0,0.0,100,443.31,466.0,0,0.0,0.0,,0.0,0,0.0,0.0,,0.0,bidTooLow
2022-04-14,23203.0,-2821.0,0.0,100,437.79,466.0,0,0.0,0.0,,0.0,0,0.0,0.0,,0.0,bidTooLow
2022-04-18,23203.0,-2803.0,0.0,100,437.97,466.0,0,0.0,0.0,,0.0,0,0.0,0.0,,0.0,bidTooLow
2022-04-19,23203.0,-2099.0,0.0,100,445.04,466.0,0,0.0,0.0,,0.0,1,0.01,0.04,SPY220429C00469000,469.0,normalDay
2022-04-20,23203.0,-2131.0,0.0,100,444.71,466.0,0,0.0,0.0,,0.0,1,0.01,0.03,SPY220429C00469000,469.0,normalDay
2022-04-21,23203.0,-2795.0,0.0,100,438.06,466.0,0,0.0,0.0,,0.0,1,0.01,0.02,SPY220429C00469000,469.0,normalDay
2022-04-22,23203.0,-3997.0,0.0,100,426.04,466.0,0,0.0,0.0,,0.0,1,0.01,0.02,SPY220429C00469000,469.0,normalDay
2022-04-25,23203.0,-3749.0,0.0,100,428.51,466.0,0,0.0,0.0,,0.0,1,0.01,0.01,SPY220429C00469000,469.0,normalDay
2022-04-26,23203.0,-4990.0,0.0,100,416.1,466.0,0,0.0,0.0,,0.0,1,0.01,0.01,SPY220429C00469000,469.0,normalDay
2022-04-27,23203.0,-4873.0,0.0,100,417.27,466.0,0,0.0,0.0,,0.0,1,0.01,0.01,SPY220429C00469000,469.0,normalDay
2022-04-28,23203.0,-3819.0,0.0,100,427.81,466.0,0,0.0,0.0,,0.0,1,0.01,0.01,SPY220429C00469000,469.0,normalDay
2022-04-29,23204.0,-5400.0,1.0,100,412.0,466.0,0,0.0,0.0,,0.0,1,0.01,0.0,SPY220429C00469000,469.0,expirationDay
2022-05-02,23204.0,-5152.0,0.0,100,414.48,466.0,0,0.0,0.0,,0.0,0,0.0,0.0,,0.0,bidTooLow
2022-05-03,23204.0,-4962.0,0.0,100,416.38,466.0,0,0.0,0.0,,0.0,0,0.0,0.0,,0.0,bidTooLow
2022-05-04,23204.0,-3694.0,0.0,100,429.06,466.0,0,0.0,0.0,,0.0,0,0.0,0.0,,0.0,bidTooLow
2022-05-05,23204.0,-5219.0,0.0,100,413.81,466.0,0,0.0,0.0,,0.0,0,0.0,0.0,,0.0,bidTooLow
2022-05-06,23204.0,-5466.0,0.0,100,411.34,466.0,0,0.0,0.0,,0.0,0,0.0,0.0,,0.0,bidTooLow
2022-05-09,23204.0,-6783.0,0.0,100,398.17,466.0,0,0.0,0.0,,0.0,0,0.0,0.0,,0.0,bidTooLow
2022-05-10,23204.0,-6691.0,0.0,100,399.09,466.0,0,0.0,0.0,,0.0,0,0.0,0.0,,0.0,bidTooLow
2022-05-11,23204.0,-7325.0,0.0,100,392.75,466.0,0,0.0,0.0,,0.0,0,0.0,0.0,,0.0,bidTooLow
2022-05-12,23204.0,-7366.0,0.0,100,392.34,466.0,0,0.0,0.0,,0.0,0,0.0,0.0,,0.0,bidTooLow
2022-05-13,23204.0,-6428.0,0.0,100,401.72,466.0,0,0.0,0.0,,0.0,0,0.0,0.0,,0.0,bidTooLow
2022-05-16,23204.0,-6591.0,0.0,100,400.09,466.0,0,0.0,0.0,,0.0,0,0.0,0.0,,0.0,bidTooLow
2022-05-17,23204.0,-5768.0,0.0,100,408.32,466.0,0,0.0,0.0,,0.0,0,0.0,0.0,,0.0,bidTooLow
2022-05-18,23204.0,-7414.0,0.0,100,391.86,466.0,0,0.0,0.0,,0.0,0,0.0,0.0,,0.0,bidTooLow
2022-05-19,23204.0,-7654.0,0.0,100,389.46,466.0,0,0.0,0.0,,0.0,0,0.0,0.0,,0.0,bidTooLow
2022-05-20,23204.0,-7637.0,0.0,100,389.63,466.0,0,0.0,0.0,,0.0,0,0.0,0.0,,0.0,bidTooLow
2022-05-23,23204.0,-6911.0,0.0,100,396.92,466.0,0,0.0,0.0,,0.0,1,0.01,0.04,SPY220603C00442000,442.0,normalDay
2022-05-24,23204.0,-7213.0,0.0,100,393.89,466.0,0,0.0,0.0,,0.0,1,0.01,0.03,SPY220603C00442000,442.0,normalDay
2022-05-25,23204.0,-6864.0,0.0,100,397.37,466.0,0,0.0,0.0,,0.0,1,0.01,0.02,SPY220603C00442000,442.0,normalDay
2022-05-26,23204.0,-6071.0,0.0,100,405.31,466.0,0,0.0,0.0,,0.0,1,0.01,0.03,SPY220603C00442000,442.0,normalDay
2022-05-27,23204.0,-5078.0,0.0,100,415.26,466.0,0,0.0,0.0,,0.0,1,0.01,0.05,SPY220603C00442000,442.0,normalDay
2022-05-31,23204.0,-5308.0,0.0,100,412.93,466.0,0,0.0,0.0,,0.0,1,0.01,0.02,SPY220603C00442000,442.0,normalDay
2022-06-01,23204.0,-5641.0,0.0,100,409.59,466.0,0,0.0,0.0,,0.0,1,0.01,0.01,SPY220603C00442000,442.0,normalDay
2022-06-02,23204.0,-4861.0,0.0,100,417.39,466.0,0,0.0,0.0,,0.0,1,0.01,0.01,SPY220603C00442000,442.0,normalDay
2022-06-03,23205.0,-5546.0,1.0,100,410.54,466.0,0,0.0,0.0,,0.0,1,0.01,0.0,SPY220603C00442000,442.0,expirationDay
2022-06-06,23205.0,-5424.0,0.0,100,411.79,466.0,0,0.0,0.0,,0.0,1,1.08,1.11,SPY220617C00428000,428.0,normalDay
2022-06-07,23205.0,-5064.0,0.0,100,415.74,466.0,0,0.0,0.0,,0.0,1,1.08,1.46,SPY220617C00428000,428.0,normalDay
2022-06-08,23205.0,-5435.0,0.0,100,411.22,466.0,0,0.0,0.0,,0.0,1,1.08,0.65,SPY220617C00428000,428.0,normalDay
2022-06-09,23205.0,-6372.0,0.0,100,401.44,466.0,0,0.0,0.0,,0.0,1,1.08,0.24,SPY220617C00428000,428.0,normalDay
2022-06-10,23205.0,-7516.0,0.0,100,389.8,466.0,0,0.0,0.0,,0.0,1,1.08,0.04,SPY220617C00428000,428.0,normalDay
2022-06-13,23205.0,-8995.0,0.0,100,375.0,466.0,0,0.0,0.0,,0.0,1,1.08,0.03,SPY220617C00428000,428.0,normalDay
2022-06-14,23205.0,-9107.0,0.0,100,373.87,466.0,0,0.0,0.0,,0.0,1,1.08,0.02,SPY220617C00428000,428.0,normalDay
2022-06-15,23205.0,-8573.0,0.0,100,379.2,466.0,0,0.0,0.0,,0.0,1,1.08,0.01,SPY220617C00428000,428.0,normalDay
2022-06-16,23205.0,-9828.0,0.0,100,366.65,466.0,0,0.0,0.0,,0.0,1,1.08,0.01,SPY220617C00428000,428.0,normalDay
2022-06-17,23313.0,-10014.0,108.0,100,365.86,466.0,0,0.0,0.0,,0.0,1,1.08,0.0,SPY220617C00428000,428.0,expirationDay
2022-06-21,23313.0,-9093.0,0.0,100,375.07,466.0,0,0.0,0.0,,0.0,0,0.0,0.0,,0.0,bidTooLow
2022-06-22,23313.0,-9161.0,0.0,100,374.39,466.0,0,0.0,0.0,,0.0,0,0.0,0.0,,0.0,bidTooLow
2022-06-23,23313.0,-8794.0,0.0,100,378.06,466.0,0,0.0,0.0,,0.0,0,0.0,0.0,,0.0,bidTooLow
2022-06-24,23313.0,-7592.0,0.0,100,390.08,466.0,0,0.0,0.0,,0.0,0,0.0,0.0,,0.0,bidTooLow
2022-06-27,23313.0,-7741.0,0.0,100,388.59,466.0,0,0.0,0.0,,0.0,0,0.0,0.0,,0.0,bidTooLow
2022-06-28,23313.0,-8535.0,0.0,100,380.65,466.0,0,0.0,0.0,,0.0,0,0.0,0.0,,0.0,bidTooLow
2022-06-29,23313.0,-8566.0,0.0,100,380.34,466.0,0,0.0,0.0,,0.0,0,0.0,0.0,,0.0,bidTooLow
2022-06-30,23313.0,-8875.0,0.0,100,377.25,466.0,0,0.0,0.0,,0.0,0,0.0,0.0,,0.0,bidTooLow
2022-07-01,23313.0,-8476.0,0.0,100,381.24,466.0,0,0.0,0.0,,0.0,0,0.0,0.0,,0.0,bidTooLow
2022-07-05,23313.0,-8404.0,0.0,100,381.96,466.0,0,0.0,0.0,,0.0,0,0.0,0.0,,0.0,bidTooLow
2022-07-06,23313.0,-8275.0,0.0,100,383.25,466.0,0,0.0,0.0,,0.0,0,0.0,0.0,,0.0,bidTooLow
2022-07-07,23313.0,-7704.0,0.0,100,388.99,466.0,0,0.0,0.0,,0.0,1,0.11,0.14,SPY220718C00414000,414.0,normalDay
2022-07-08,23313.0,-7728.0,0.0,100,388.67,466.0,0,0.0,0.0,,0.0,1,0.11,0.06,SPY220718C00414000,414.0,normalDay
2022-07-11,23313.0,-8168.0,0.0,100,384.23,466.0,0,0.0,0.0,,0.0,1,0.11,0.02,SPY220718C00414000,414.0,normalDay
2022-07-12,23313.0,-8508.0,0.0,100,380.83,466.0,0,0.0,0.0,,0.0,1,0.11,0.02,SPY220718C00414000,414.0,normalDay
2022-07-13,23313.0,-8707.0,0.0,100,378.83,466.0,0,0.0,0.0,,0.0,1,0.11,0.01,SPY220718C00414000,414.0,normalDay
2022-07-14,23313.0,-8799.0,0.0,100,377.91,466.0,0,0.0,0.0,,0.0,1,0.11,0.01,SPY220718C00414000,414.0,normalDay
2022-07-15,23313.0,-8077.0,0.0,100,385.13,466.0,0,0.0,0.0,,0.0,1,0.11,0.01,SPY220718C00414000,414.0,normalDay
2022-07-18,23324.0,-8405.0,11.0,100,381.95,466.0,0,0.0,0.0,,0.0,1,0.11,0.0,SPY220718C00414000,414.0,expirationDay
2022-07-19,23324.0,-7378.0,0.0,100,392.27,466.0,0,0.0,0.0,,0.0,1,4.18,4.23,SPY220729C00397500,397.5,normalDay
2022-07-20,23324.0,-7191.0,0.0,100,394.77,466.0,0,0.0,0.0,,0.0,1,4.18,4.86,SPY220729C00397500,397.5,normalDay
2022-07-21,23324.0,-6893.0,0.0,100,398.79,466.0,0,0.0,0.0,,0.0,1,4.18,5.9,SPY220729C00397500,397.5,normalDay
2022-07-22,23324.0,-7020.0,0.0,100,395.09,466.0,0,0.0,0.0,,0.0,1,4.18,3.47,SPY220729C00397500,397.5,normalDay
2022-07-25,23324.0,-6987.0,0.0,100,395.57,466.0,0,0.0,0.0,,0.0,1,4.18,3.62,SPY220729C00397500,397.5,normalDay
2022-07-26,23324.0,-7282.0,0.0,100,390.89,466.0,0,0.0,0.0,,0.0,1,4.18,1.89,SPY220729C00397500,397.5,normalDay
2022-07-27,23324.0,-6563.0,0.0,100,401.04,466.0,0,0.0,0.0,,0.0,1,4.18,4.85,SPY220729C00397500,397.5,normalDay
2022-07-28,23324.0,-6571.0,0.0,100,406.07,466.0,0,0.0,0.0,,0.0,1,4.18,9.96,SPY220729C00397500,397.5,normalDay
2022-07-29,16892.0,-6571.0,-6432.0,0,411.99,0.0,0,0.0,0.0,,0.0,1,4.18,0.0,SPY220729C00397500,397.5,expirationDay
2022-08-01,16892.0,-3.0,0.0,0,410.77,0.0,1,0.02,0.05,SPY220803P00390000,390.0,0,0.0,0.0,,0.0,normalDay
2022-08-02,16892.0,-1.0,0.0,0,408.06,0.0,1,0.02,0.03,SPY220803P00390000,390.0,0,0.0,0.0,,0.0,normalDay
2022-08-03,16894.0,0.0,2.0,0,414.45,0.0,1,0.02,0.0,SPY220803P00390000,390.0,0,0.0,0.0,,0.0,expirationDay
2022-08-04,16894.0,0.0,0.0,0,414.17,0.0,0,0.0,0.0,,0.0,0,0.0,0.0,,0.0,bidTooLow
2022-08-05,16894.0,-3.0,0.0,0,413.47,0.0,1,0.01,0.04,SPY220808P00396000,396.0,0,0.0,0.0,,0.0,normalDay
2022-08-08,16895.0,0.0,1.0,0,412.99,0.0,1,0.01,0.0,SPY220808P00396000,396.0,0,0.0,0.0,,0.0,expirationDay
2022-08-09,16895.0,-3.0,0.0,0,411.35,0.0,1,0.4,0.43,SPY220812P00399000,399.0,0,0.0,0.0,,0.0,normalDay
2022-08-10,16895.0,35.0,0.0,0,419.99,0.0,1,0.4,0.05,SPY220812P00399000,399.0,0,0.0,0.0,,0.0,normalDay
2022-08-11,16895.0,38.0,0.0,0,419.99,0.0,1,0.4,0.02,SPY220812P00399000,399.0,0,0.0,0.0,,0.0,normalDay
2022-08-12,16935.0,0.0,40.0,0,427.1,0.0,1,0.4,0.0,SPY220812P00399000,399.0,0,0.0,0.0,,0.0,expirationDay
2022-08-15,16935.0,0.0,0.0,0,428.86,0.0,0,0.0,0.0,,0.0,0,0.0,0.0,,0.0,bidTooLow
2022-08-16,16935.0,-3.0,0.0,0,429.7,0.0,1,0.05,0.08,SPY220819P00409000,409.0,0,0.0,0.0,,0.0,normalDay
2022-08-17,16935.0,1.0,0.0,0,426.65,0.0,1,0.05,0.04,SPY220819P00409000,409.0,0,0.0,0.0,,0.0,normalDay
2022-08-18,16935.0,2.0,0.0,0,427.89,0.0,1,0.05,0.03,SPY220819P00409000,409.0,0,0.0,0.0,,0.0,normalDay
2022-08-19,16940.0,0.0,5.0,0,422.14,0.0,1,0.05,0.0,SPY220819P00409000,409.0,0,0.0,0.0,,0.0,expirationDay
2022-08-22,16940.0,-4.0,0.0,0,413.35,0.0,1,3.36,3.4,SPY220824P00415000,415.0,0,0.0,0.0,,0.0,normalDay
2022-08-23,16940.0,-27.0,0.0,0,412.35,0.0,1,3.36,3.63,SPY220824P00415000,415.0,0,0.0,0.0,,0.0,normalDay
2022-08-24,17276.0,-133.0,336.0,100,413.67,415.0,1,3.36,0.0,SPY220824P00415000,415.0,0,0.0,0.0,,0.0,expirationDay
2022-08-25,17276.0,448.0,0.0,100,419.51,415.0,0,0.0,0.0,,0.0,1,0.15,0.18,SPY220902C00438000,438.0,normalDay
2022-08-26,17276.0,-956.0,0.0,100,405.31,415.0,0,0.0,0.0,,0.0,1,0.15,0.02,SPY220902C00438000,438.0,normalDay
2022-08-29,17276.0,-1223.0,0.0,100,402.63,415.0,0,0.0,0.0,,0.0,1,0.15,0.01,SPY220902C00438000,438.0,normalDay
2022-08-30,17276.0,-1665.0,0.0,100,398.21,415.0,0,0.0,0.0,,0.0,1,0.15,0.01,SPY220902C00438000,438.0,normalDay
2022-08-31,17276.0,-1968.0,0.0,100,395.18,415.0,0,0.0,0.0,,0.0,1,0.15,0.01,SPY220902C00438000,438.0,normalDay
2022-09-01,17276.0,-1844.0,0.0,100,396.42,415.0,0,0.0,0.0,,0.0,1,0.15,0.01,SPY220902C00438000,438.0,normalDay
2022-09-02,17291.0,-2276.0,15.0,100,392.24,415.0,0,0.0,0.0,,0.0,1,0.15,0.0,SPY220902C00438000,438.0,expirationDay
2022-09-06,17291.0,-2424.0,0.0,100,390.76,415.0,0,0.0,0.0,,0.0,0,0.0,0.0,,0.0,bidTooLow
2022-09-07,17291.0,-1722.0,0.0,100,397.78,415.0,0,0.0,0.0,,0.0,0,0.0,0.0,,0.0,bidTooLow
2022-09-08,17291.0,-1462.0,0.0,100,400.38,415.0,0,0.0,0.0,,0.0,0,0.0,0.0,,0.0,bidTooLow
2022-09-09,17291.0,-840.0,0.0,100,406.6,415.0,0,0.0,0.0,,0.0,0,0.0,0.0,,0.0,bidTooLow
2022-09-12,17291.0,-406.0,0.0,100,410.97,415.0,0,0.0,0.0,,0.0,1,0.05,0.08,SPY220923C00446000,446.0,normalDay
2022-09-13,17291.0,-2187.0,0.0,100,393.1,415.0,0,0.0,0.0,,0.0,1,0.05,0.02,SPY220923C00446000,446.0,normalDay
2022-09-14,17291.0,-2037.0,0.0,100,394.6,415.0,0,0.0,0.0,,0.0,1,0.05,0.02,SPY220923C00446000,446.0,normalDay
2022-09-15,17291.0,-2484.0,0.0,100,390.12,415.0,0,0.0,0.0,,0.0,1,0.05,0.01,SPY220923C00446000,446.0,normalDay
2022-09-16,17291.0,-2940.0,0.0,100,385.56,415.0,0,0.0,0.0,,0.0,1,0.05,0.01,SPY220923C00446000,446.0,normalDay
2022-09-19,17291.0,-2641.0,0.0,100,388.55,415.0,0,0.0,0.0,,0.0,1,0.05,0.01,SPY220923C00446000,446.0,normalDay
2022-09-20,17291.0,-3087.0,0.0,100,384.09,415.0,0,0.0,0.0,,0.0,1,0.05,0.01,SPY220923C00446000,446.0,normalDay
2022-09-21,17291.0,-3757.0,0.0,100,377.39,415.0,0,0.0,0.0,,0.0,1,0.05,0.01,SPY220923C00446000,446.0,normalDay
2022-09-22,17291.0,-4074.0,0.0,100,374.22,415.0,0,0.0,0.0,,0.0,1,0.05,0.01,SPY220923C00446000,446.0,normalDay
2022-09-23,17296.0,-4705.0,5.0,100,367.95,415.0,0,0.0,0.0,,0.0,1,0.05,0.0,SPY220923C00446000,446.0,expirationDay
2022-09-26,17296.0,-5069.0,0.0,100,364.31,415.0,0,0.0,0.0,,0.0,0,0.0,0.0,,0.0,bidTooLow
2022-09-27,17296.0,-5162.0,0.0,100,363.38,415.0,0,0.0,0.0,,0.0,0,0.0,0.0,,0.0,bidTooLow
2022-09-28,17296.0,-4447.0,0.0,100,370.53,415.0,0,0.0,0.0,,0.0,0,0.0,0.0,,0.0,bidTooLow
2022-09-29,17296.0,-5221.0,0.0,100,362.79,415.0,0,0.0,0.0,,0.0,0,0.0,0.0,,0.0,bidTooLow
2022-09-30,17296.0,-5782.0,0.0,100,357.18,415.0,0,0.0,0.0,,0.0,0,0.0,0.0,,0.0,bidTooLow
2022-10-03,17296.0,-4839.0,0.0,100,366.61,415.0,0,0.0,0.0,,0.0,0,0.0,0.0,,0.0,bidTooLow
2022-10-04,17296.0,-3706.0,0.0,100,377.97,415.0,0,0.0,0.0,,0.0,1,0.01,0.04,SPY221014C00428000,428.0,normalDay
2022-10-05,17296.0,-3792.0,0.0,100,377.09,415.0,0,0.0,0.0,,0.0,1,0.01,0.02,SPY221014C00428000,428.0,normalDay
2022-10-06,17296.0,-4181.0,0.0,100,373.2,415.0,0,0.0,0.0,,0.0,1,0.01,0.02,SPY221014C00428000,428.0,normalDay
2022-10-07,17296.0,-5221.0,0.0,100,362.79,415.0,0,0.0,0.0,,0.0,1,0.01,0.01,SPY221014C00428000,428.0,normalDay
2022-10-10,17296.0,-5498.0,0.0,100,360.02,415.0,0,0.0,0.0,,0.0,1,0.01,0.01,SPY221014C00428000,428.0,normalDay
2022-10-11,17296.0,-5726.0,0.0,100,357.74,415.0,0,0.0,0.0,,0.0,1,0.01,0.01,SPY221014C00428000,428.0,normalDay
2022-10-12,17296.0,-5844.0,0.0,100,356.56,415.0,0,0.0,0.0,,0.0,1,0.01,0.01,SPY221014C00428000,428.0,normalDay
2022-10-13,17296.0,-4903.0,0.0,100,365.97,415.0,0,0.0,0.0,,0.0,1,0.01,0.01,SPY221014C00428000,428.0,normalDay
2022-10-14,17297.0,-5737.0,1.0,100,357.63,415.0,0,0.0,0.0,,0.0,1,0.01,0.0,SPY221014C00428000,428.0,expirationDay
2022-10-17,17297.0,-4821.0,0.0,100,366.82,415.0,0,0.0,0.0,,0.0,1,0.78,0.81,SPY221028C00390000,390.0,normalDay
2022-10-18,17297.0,-4428.0,0.0,100,371.13,415.0,0,0.0,0.0,,0.0,1,0.78,1.19,SPY221028C00390000,390.0,normalDay
2022-10-19,17297.0,-4632.0,0.0,100,368.5,415.0,0,0.0,0.0,,0.0,1,0.78,0.6,SPY221028C00390000,390.0,normalDay
2022-10-20,17297.0,-4906.0,0.0,100,365.41,415.0,0,0.0,0.0,,0.0,1,0.78,0.25,SPY221028C00390000,390.0,normalDay
2022-10-21,17297.0,-4083.0,0.0,100,374.29,415.0,0,0.0,0.0,,0.0,1,0.78,0.9,SPY221028C00390000,390.0,normalDay
2022-10-24,17297.0,-3659.0,0.0,100,378.87,415.0,0,0.0,0.0,,0.0,1,0.78,1.24,SPY221028C00390000,390.0,normalDay
2022-10-25,17297.0,-3086.0,0.0,100,384.92,415.0,0,0.0,0.0,,0.0,1,0.78,1.56,SPY221028C00390000,390.0,normalDay
2022-10-26,17297.0,-3291.0,0.0,100,382.02,415.0,0,0.0,0.0,,0.0,1,0.78,0.71,SPY221028C00390000,390.0,normalDay
2022-10-27,17297.0,-3428.0,0.0,100,379.98,415.0,0,0.0,0.0,,0.0,1,0.78,0.04,SPY221028C00390000,390.0,normalDay
2022-10-28,17375.0,-2598.0,78.0,100,389.02,415.0,0,0.0,0.0,,0.0,1,0.78,0.0,SPY221028C00390000,390.0,expirationDay
2022-10-31,17375.0,-2883.0,0.0,100,386.21,415.0,0,0.0,0.0,,0.0,1,2.17,2.21,SPY221111C00402000,402.0,normalDay
2022-11-01,17375.0,-2996.0,0.0,100,384.52,415.0,0,0.0,0.0,,0.0,1,2.17,1.65,SPY221111C00402000,402.0,normalDay
2022-11-02,17375.0,-3834.0,0.0,100,374.87,415.0,0,0.0,0.0,,0.0,1,2.17,0.38,SPY221111C00402000,402.0,normalDay
2022-11-03,17375.0,-4198.0,0.0,100,371.01,415.0,0,0.0,0.0,,0.0,1,2.17,0.16,SPY221111C00402000,402.0,normalDay
2022-11-04,17375.0,-3666.0,0.0,100,376.35,415.0,0,0.0,0.0,,0.0,1,2.17,0.18,SPY221111C00402000,402.0,normalDay
2022-11-07,17375.0,-3304.0,0.0,100,379.95,415.0,0,0.0,0.0,,0.0,1,2.17,0.16,SPY221111C00402000,402.0,normalDay
2022-11-08,17375.0,-3104.0,0.0,100,382.0,415.0,0,0.0,0.0,,0.0,1,2.17,0.21,SPY221111C00402000,402.0,normalDay
2022-11-09,17375.0,-3872.0,0.0,100,374.13,415.0,0,0.0,0.0,,0.0,1,2.17,0.02,SPY221111C00402000,402.0,normalDay
2022-11-10,17375.0,-1841.0,0.0,100,394.69,415.0,0,0.0,0.0,,0.0,1,2.17,0.27,SPY221111C00402000,402.0,normalDay
2022-11-11,17592.0,-1649.0,217.0,100,398.51,415.0,0,0.0,0.0,,0.0,1,2.17,0.0,SPY221111C00402000,402.0,expirationDay
2022-11-14,17592.0,-1991.0,0.0,100,395.12,415.0,0,0.0,0.0,,0.0,1,1.44,1.47,SPY221125C00407000,407.0,normalDay
2022-11-15,17592.0,-1711.0,0.0,100,398.49,415.0,0,0.0,0.0,,0.0,1,1.44,2.04,SPY221125C00407000,407.0,normalDay
2022-11-16,17592.0,-1902.0,0.0,100,395.45,415.0,0,0.0,0.0,,0.0,1,1.44,0.91,SPY221125C00407000,407.0,normalDay
2022-11-17,17592.0,-1986.0,0.0,100,394.24,415.0,0,0.0,0.0,,0.0,1,1.44,0.54,SPY221125C00407000,407.0,normalDay
2022-11-18,17592.0,-1790.0,0.0,100,396.03,415.0,0,0.0,0.0,,0.0,1,1.44,0.37,SPY221125C00407000,407.0,normalDay
2022-11-21,17592.0,-1905.0,0.0,100,394.59,415.0,0,0.0,0.0,,0.0,1,1.44,0.08,SPY221125C00407000,407.0,normalDay
2022-11-22,17592.0,-1385.0,0.0,100,399.9,415.0,0,0.0,0.0,,0.0,1,1.44,0.19,SPY221125C00407000,407.0,normalDay
2022-11-23,17592.0,-1121.0,0.0,100,402.42,415.0,0,0.0,0.0,,0.0,1,1.44,0.07,SPY221125C00407000,407.0,normalDay
2022-11-25,17736.0,-1267.0,144.0,100,402.33,415.0,0,0.0,0.0,,0.0,1,1.44,0.0,SPY221125C00407000,407.0,expirationDay
2022-11-28,17736.0,-1912.0,0.0,100,395.91,415.0,0,0.0,0.0,,0.0,1,0.09,0.12,SPY221209C00419000,419.0,normalDay
2022-11-29,17736.0,-1976.0,0.0,100,395.23,415.0,0,0.0,0.0,,0.0,1,0.09,0.08,SPY221209C00419000,419.0,normalDay
2022-11-30,17736.0,-809.0,0.0,100,407.68,415.0,0,0.0,0.0,,0.0,1,0.09,0.86,SPY221209C00419000,419.0,normalDay
2022-12-01,17736.0,-804.0,0.0,100,407.38,415.0,0,0.0,0.0,,0.0,1,0.09,0.51,SPY221209C00419000,419.0,normalDay
2022-12-02,17736.0,-817.0,0.0,100,406.91,415.0,0,0.0,0.0,,0.0,1,0.09,0.17,SPY221209C00419000,419.0,normalDay
2022-12-05,17736.0,-1536.0,0.0,100,399.59,415.0,0,0.0,0.0,,0.0,1,0.09,0.04,SPY221209C00419000,419.0,normalDay
2022-12-06,17736.0,-2110.0,0.0,100,393.83,415.0,0,0.0,0.0,,0.0,1,0.09,0.02,SPY221209C00419000,419.0,normalDay
2022-12-07,17736.0,-2176.0,0.0,100,393.16,415.0,0,0.0,0.0,,0.0,1,0.09,0.01,SPY221209C00419000,419.0,normalDay
2022-12-08,17736.0,-1868.0,0.0,100,396.24,415.0,0,0.0,0.0,,0.0,1,0.09,0.01,SPY221209C00419000,419.0,normalDay
2022-12-09,17745.0,-2172.0,9.0,100,393.28,415.0,0,0.0,0.0,,0.0,1,0.09,0.0,SPY221209C00419000,419.0,expirationDay
2022-12-12,17745.0,-1609.0,0.0,100,398.95,415.0,0,0.0,0.0,,0.0,1,1.99,2.03,SPY221223C00412000,412.0,normalDay
2022-12-13,17745.0,-1289.0,0.0,100,401.97,415.0,0,0.0,0.0,,0.0,1,1.99,1.85,SPY221223C00412000,412.0,normalDay
2022-12-14,17745.0,-1428.0,0.0,100,399.4,415.0,0,0.0,0.0,,0.0,1,1.99,0.67,SPY221223C00412000,412.0,normalDay
2022-12-15,17745.0,-2349.0,0.0,100,389.63,415.0,0,0.0,0.0,,0.0,1,1.99,0.11,SPY221223C00412000,412.0,normalDay
2022-12-16,17745.0,-2978.0,0.0,100,383.27,415.0,0,0.0,0.0,,0.0,1,1.99,0.04,SPY221223C00412000,412.0,normalDay
2022-12-19,17745.0,-3301.0,0.0,100,380.02,415.0,0,0.0,0.0,,0.0,1,1.99,0.02,SPY221223C00412000,412.0,normalDay
2022-12-20,17745.0,-3248.0,0.0,100,380.54,415.0,0,0.0,0.0,,0.0,1,1.99,0.01,SPY221223C00412000,412.0,normalDay
2022-12-21,17745.0,-2679.0,0.0,100,386.23,415.0,0,0.0,0.0,,0.0,1,1.99,0.01,SPY221223C00412000,412.0,normalDay
2022-12-22,17745.0,-3230.0,0.0,100,380.72,415.0,0,0.0,0.0,,0.0,1,1.99,0.01,SPY221223C00412000,412.0,normalDay
2022-12-23,17944.0,-3209.0,199.0,100,382.91,415.0,0,0.0,0.0,,0.0,1,1.99,0.0,SPY221223C00412000,412.0,expirationDay
2022-12-27,17944.0,-3360.0,0.0,100,381.4,415.0,0,0.0,0.0,,0.0,0,0.0,0.0,,0.0,bidTooLow
2022-12-28,17944.0,-3834.0,0.0,100,376.66,415.0,0,0.0,0.0,,0.0,0,0.0,0.0,,0.0,bidTooLow
2022-12-29,17944.0,-3156.0,0.0,100,383.44,415.0,0,0.0,0.0,,0.0,0,0.0,0.0,,0.0,bidTooLow
2022-12-30,17944.0,-3257.0,0.0,100,382.43,415.0,0,0.0,0.0,,0.0,0,0.0,0.0,,0.0,bidTooLow
2023-01-03,17944.0,-3421.0,0.0,100,380.82,415.0,0,0.0,0.0,,0.0,1,0.04,0.07,SPY230113C00412000,412.0,normalDay
2023-01-04,17944.0,-3128.0,0.0,100,383.76,415.0,0,0.0,0.0,,0.0,1,0.04,0.08,SPY230113C00412000,412.0,normalDay
2023-01-05,17944.0,-3562.0,0.0,100,379.38,415.0,0,0.0,0.0,,0.0,1,0.04,0.04,SPY230113C00412000,412.0,normalDay
2023-01-06,17944.0,-2694.0,0.0,100,388.08,415.0,0,0.0,0.0,,0.0,1,0.04,0.06,SPY230113C00412000,412.0,normalDay
2023-01-09,17944.0,-2715.0,0.0,100,387.86,415.0,0,0.0,0.0,,0.0,1,0.04,0.05,SPY230113C00412000,412.0,normalDay
2023-01-10,17944.0,-2443.0,0.0,100,390.58,415.0,0,0.0,0.0,,0.0,1,0.04,0.05,SPY230113C00412000,412.0,normalDay
2023-01-11,17944.0,-1957.0,0.0,100,395.52,415.0,0,0.0,0.0,,0.0,1,0.04,0.13,SPY230113C00412000,412.0,normalDay
2023-01-12,17944.0,-1801.0,0.0,100,396.96,415.0,0,0.0,0.0,,0.0,1,0.04,0.01,SPY230113C00412000,412.0,normalDay
2023-01-13,17948.0,-1650.0,4.0,100,398.5,415.0,0,0.0,0.0,,0.0,1,0.04,0.0,SPY230113C00412000,412.0,expirationDay
2023-01-17,17948.0,-1726.0,0.0,100,397.77,415.0,0,0.0,0.0,,0.0,1,1.35,1.38,SPY230127C00405000,405.0,normalDay
2023-01-18,17948.0,-2248.0,0.0,100,391.49,415.0,0,0.0,0.0,,0.0,1,1.35,0.32,SPY230127C00405000,405.0,normalDay
2023-01-19,17948.0,-2514.0,0.0,100,388.64,415.0,0,0.0,0.0,,0.0,1,1.35,0.13,SPY230127C00405000,405.0,normalDay
2023-01-20,17948.0,-1825.0,0.0,100,395.88,415.0,0,0.0,0.0,,0.0,1,1.35,0.48,SPY230127C00405000,405.0,normalDay
2023-01-23,17948.0,-1427.0,0.0,100,400.63,415.0,0,0.0,0.0,,0.0,1,1.35,1.25,SPY230127C00405000,405.0,normalDay
2023-01-24,17948.0,-1465.0,0.0,100,400.2,415.0,0,0.0,0.0,,0.0,1,1.35,1.2,SPY230127C00405000,405.0,normalDay
2023-01-25,17948.0,-1396.0,0.0,100,400.35,415.0,0,0.0,0.0,,0.0,1,1.35,0.66,SPY230127C00405000,405.0,normalDay
2023-01-26,17948.0,-1035.0,0.0,100,404.75,415.0,0,0.0,0.0,,0.0,1,1.35,1.45,SPY230127C00405000,405.0,normalDay
2023-01-27,17083.0,-1035.0,-865.0,0,405.68,0.0,0,0.0,0.0,,0.0,1,1.35,0.0,SPY230127C00405000,405.0,expirationDay
2023-01-30,17083.0,-3.0,0.0,0,400.59,0.0,1,1.06,1.09,SPY230202P00393000,393.0,0,0.0,0.0,,0.0,normalDay
2023-01-31,17083.0,78.0,0.0,0,406.48,0.0,1,1.06,0.28,SPY230202P00393000,393.0,0,0.0,0.0,,0.0,normalDay
2023-02-01,17083.0,101.0,0.0,0,410.8,0.0,1,1.06,0.05,SPY230202P00393000,393.0,0,0.0,0.0,,0.0,normalDay
2023-02-02,17189.0,0.0,106.0,0,416.78,0.0,1,1.06,0.0,SPY230202P00393000,393.0,0,0.0,0.0,,0.0,expirationDay
2023-02-03,17189.0,-3.0,0.0,0,412.35,0.0,1,0.01,0.04,SPY230206P00399000,399.0,0,0.0,0.0,,0.0,normalDay
2023-02-06,17190.0,0.0,1.0,0,409.83,0.0,1,0.01,0.0,SPY230206P00399000,399.0,0,0.0,0.0,,0.0,expirationDay
2023-02-07,17190.0,-3.0,0.0,0,415.19,0.0,1,0.13,0.16,SPY230210P00401000,401.0,0,0.0,0.0,,0.0,normalDay
2023-02-08,17190.0,-6.0,0.0,0,410.65,0.0,1,0.13,0.19,SPY230210P00401000,401.0,0,0.0,0.0,,0.0,normalDay
2023-02-09,17190.0,-9.0,0.0,0,407.09,0.0,1,0.13,0.22,SPY230210P00401000,401.0,0,0.0,0.0,,0.0,normalDay
2023-02-10,17203.0,0.0,13.0,0,408.04,0.0,1,0.13,0.0,SPY230210P00401000,401.0,0,0.0,0.0,,0.0,expirationDay
2023-02-13,17203.0,-3.0,0.0,0,412.83,0.0,1,1.26,1.29,SPY230216P00404000,404.0,0,0.0,0.0,,0.0,normalDay
2023-02-14,17203.0,86.0,0.0,0,412.64,0.0,1,1.26,0.4,SPY230216P00404000,404.0,0,0.0,0.0,,0.0,normalDay
2023-02-15,17203.0,120.0,0.0,0,413.98,0.0,1,1.26,0.06,SPY230216P00404000,404.0,0,0.0,0.0,,0.0,normalDay
2023-02-16,17329.0,0.0,126.0,0,408.28,0.0,1,1.26,0.0,SPY230216P00404000,404.0,0,0.0,0.0,,0.0,expirationDay
2023-02-17,17397.0,-74.0,68.0,100,407.26,408.0,1,0.68,0.0,SPY230217P00408000,408.0,0,0.0,0.0,,0.0,expirationDay
2023-02-21,17397.0,-894.0,0.0,100,399.09,408.0,0,0.0,0.0,,0.0,1,0.06,0.09,SPY230303C00423000,423.0,normalDay
2023-02-22,17397.0,-943.0,0.0,100,398.54,408.0,0,0.0,0.0,,0.0,1,0.06,0.03,SPY230303C00423000,423.0,normalDay
2023-02-23,17397.0,-731.0,0.0,100,400.66,408.0,0,0.0,0.0,,0.0,1,0.06,0.03,SPY230303C00423000,423.0,normalDay
2023-02-24,17397.0,-1157.0,0.0,100,396.38,408.0,0,0.0,0.0,,0.0,1,0.06,0.01,SPY230303C00423000,423.0,normalDay
2023-02-27,17397.0,-1022.0,0.0,100,397.73,408.0,0,0.0,0.0,,0.0,1,0.06,0.01,SPY230303C00423000,423.0,normalDay
2023-02-28,17397.0,-1169.0,0.0,100,396.26,408.0,0,0.0,0.0,,0.0,1,0.06,0.01,SPY230303C00423000,423.0,normalDay
2023-03-01,17397.0,-1321.0,0.0,100,394.74,408.0,0,0.0,0.0,,0.0,1,0.06,0.01,SPY230303C00423000,423.0,normalDay
2023-03-02,17397.0,-1014.0,0.0,100,397.81,408.0,0,0.0,0.0,,0.0,1,0.06,0.01,SPY230303C00423000,423.0,normalDay
2023-03-03,17403.0,-381.0,6.0,100,404.19,408.0,0,0.0,0.0,,0.0,1,0.06,0.0,SPY230303C00423000,423.0,expirationDay
2023-03-06,17403.0,-356.0,0.0,100,404.47,408.0,0,0.0,0.0,,0.0,1,0.21,0.24,SPY230317C00424000,424.0,normalDay
2023-03-07,17403.0,-960.0,0.0,100,398.27,408.0,0,0.0,0.0,,0.0,1,0.21,0.08,SPY230317C00424000,424.0,normalDay
2023-03-08,17403.0,-893.0,0.0,100,398.92,408.0,0,0.0,0.0,,0.0,1,0.21,0.06,SPY230317C00424000,424.0,normalDay
2023-03-09,17403.0,-1627.0,0.0,100,391.56,408.0,0,0.0,0.0,,0.0,1,0.21,0.04,SPY230317C00424000,424.0,normalDay
2023-03-10,17403.0,-2190.0,0.0,100,385.91,408.0,0,0.0,0.0,,0.0,1,0.21,0.02,SPY230317C00424000,424.0,normalDay
2023-03-13,17403.0,-2245.0,0.0,100,385.36,408.0,0,0.0,0.0,,0.0,1,0.21,0.02,SPY230317C00424000,424.0,normalDay
2023-03-14,17403.0,-1607.0,0.0,100,391.73,408.0,0,0.0,0.0,,0.0,1,0.21,0.01,SPY230317C00424000,424.0,normalDay
2023-03-15,17403.0,-1852.0,0.0,100,389.28,408.0,0,0.0,0.0,,0.0,1,0.21,0.01,SPY230317C00424000,424.0,normalDay
2023-03-16,17403.0,-1169.0,0.0,100,396.11,408.0,0,0.0,0.0,,0.0,1,0.21,0.01,SPY230317C00424000,424.0,normalDay
2023-03-17,17424.0,-1801.0,21.0,100,389.99,408.0,0,0.0,0.0,,0.0,1,0.21,0.0,SPY230317C00424000,424.0,expirationDay
2023-03-20,17424.0,-1429.0,0.0,100,393.74,408.0,0,0.0,0.0,,0.0,1,0.52,0.55,SPY230331C00411000,411.0,normalDay
2023-03-21,17424.0,-968.0,0.0,100,398.91,408.0,0,0.0,0.0,,0.0,1,0.52,1.11,SPY230331C00411000,411.0,normalDay
2023-03-22,17424.0,-1559.0,0.0,100,392.11,408.0,0,0.0,0.0,,0.0,1,0.52,0.22,SPY230331C00411000,411.0,normalDay
2023-03-23,17424.0,-1446.0,0.0,100,393.17,408.0,0,0.0,0.0,,0.0,1,0.52,0.15,SPY230331C00411000,411.0,normalDay
2023-03-24,17424.0,-1184.0,0.0,100,395.75,408.0,0,0.0,0.0,,0.0,1,0.52,0.11,SPY230331C00411000,411.0,normalDay
2023-03-27,17424.0,-1106.0,0.0,100,396.49,408.0,0,0.0,0.0,,0.0,1,0.52,0.07,SPY230331C00411000,411.0,normalDay
2023-03-28,17424.0,-1192.0,0.0,100,395.6,408.0,0,0.0,0.0,,0.0,1,0.52,0.04,SPY230331C00411000,411.0,normalDay
2023-03-29,17424.0,-618.0,0.0,100,401.35,408.0,0,0.0,0.0,,0.0,1,0.52,0.05,SPY230331C00411000,411.0,normalDay
2023-03-30,17424.0,-381.0,0.0,100,403.7,408.0,0,0.0,0.0,,0.0,1,0.52,0.03,SPY230331C00411000,411.0,normalDay
2023-03-31,17476.0,139.0,52.0,100,409.39,408.0,0,0.0,0.0,,0.0,1,0.52,0.0,SPY230331C00411000,411.0,expirationDay
2023-04-03,17476.0,291.0,0.0,100,410.95,408.0,0,0.0,0.0,,0.0,1,2.52,2.56,SPY230414C00416000,416.0,normalDay
2023-04-04,17476.0,157.0,0.0,100,408.67,408.0,0,0.0,0.0,,0.0,1,2.52,1.62,SPY230414C00416000,416.0,normalDay
2023-04-05,17476.0,104.0,0.0,100,407.6,408.0,0,0.0,0.0,,0.0,1,2.52,1.08,SPY230414C00416000,416.0,normalDay
2023-04-06,17476.0,262.0,0.0,100,409.19,408.0,0,0.0,0.0,,0.0,1,2.52,1.09,SPY230414C00416000,416.0,normalDay
2023-04-10,17476.0,333.0,0.0,100,409.61,408.0,0,0.0,0.0,,0.0,1,2.52,0.8,SPY230414C00416000,416.0,normalDay
2023-04-11,17476.0,354.0,0.0,100,409.72,408.0,0,0.0,0.0,,0.0,1,2.52,0.7,SPY230414C00416000,416.0,normalDay
2023-04-12,17476.0,249.0,0.0,100,408.05,408.0,0,0.0,0.0,,0.0,1,2.52,0.08,SPY230414C00416000,416.0,normalDay
2023-04-13,17476.0,758.0,0.0,100,413.47,408.0,0,0.0,0.0,,0.0,1,2.52,0.41,SPY230414C00416000,416.0,normalDay
2023-04-14,17728.0,446.0,252.0,100,412.46,408.0,0,0.0,0.0,,0.0,1,2.52,0.0,SPY230414C00416000,416.0,expirationDay
2023-04-17,17728.0,591.0,0.0,100,413.94,408.0,0,0.0,0.0,,0.0,1,0.36,0.39,SPY230428C00426000,426.0,normalDay
2023-04-18,17728.0,626.0,0.0,100,414.21,408.0,0,0.0,0.0,,0.0,1,0.36,0.31,SPY230428C00426000,426.0,normalDay
2023-04-19,17728.0,630.0,0.0,100,414.14,408.0,0,0.0,0.0,,0.0,1,0.36,0.2,SPY230428C00426000,426.0,normalDay
2023-04-20,17728.0,416.0,0.0,100,411.88,408.0,0,0.0,0.0,,0.0,1,0.36,0.08,SPY230428C00426000,426.0,normalDay
2023-04-21,17728.0,451.0,0.0,100,412.2,408.0,0,0.0,0.0,,0.0,1,0.36,0.05,SPY230428C00426000,426.0,normalDay
2023-04-24,17728.0,497.0,0.0,100,412.63,408.0,0,0.0,0.0,,0.0,1,0.36,0.02,SPY230428C00426000,426.0,normalDay
2023-04-25,17728.0,-157.0,0.0,100,406.08,408.0,0,0.0,0.0,,0.0,1,0.36,0.01,SPY230428C00426000,426.0,normalDay
2023-04-26,17728.0,-329.0,0.0,100,404.36,408.0,0,0.0,0.0,,0.0,1,0.36,0.01,SPY230428C00426000,426.0,normalDay
2023-04-27,17728.0,476.0,0.0,100,412.41,408.0,0,0.0,0.0,,0.0,1,0.36,0.01,SPY230428C00426000,426.0,normalDay
2023-04-28,17764.0,793.0,36.0,100,415.93,408.0,0,0.0,0.0,,0.0,1,0.36,0.0,SPY230428C00426000,426.0,expirationDay
2023-05-01,17764.0,747.0,0.0,100,415.51,408.0,0,0.0,0.0,,0.0,1,2.21,2.25,SPY230512C00420000,420.0,normalDay
2023-05-02,17764.0,400.0,0.0,100,410.84,408.0,0,0.0,0.0,,0.0,1,2.21,1.05,SPY230512C00420000,420.0,normalDay
2023-05-03,17764.0,166.0,0.0,100,408.02,408.0,0,0.0,0.0,,0.0,1,2.21,0.57,SPY230512C00420000,420.0,normalDay
2023-05-04,17764.0,-85.0,0.0,100,405.13,408.0,0,0.0,0.0,,0.0,1,2.21,0.19,SPY230512C00420000,420.0,normalDay
2023-05-05,17764.0,638.0,0.0,100,412.63,408.0,0,0.0,0.0,,0.0,1,2.21,0.46,SPY230512C00420000,420.0,normalDay
2023-05-08,17764.0,668.0,0.0,100,412.74,408.0,0,0.0,0.0,,0.0,1,2.21,0.27,SPY230512C00420000,420.0,normalDay
2023-05-09,17764.0,496.0,0.0,100,410.93,408.0,0,0.0,0.0,,0.0,1,2.21,0.18,SPY230512C00420000,420.0,normalDay
2023-05-10,17764.0,698.0,0.0,100,412.85,408.0,0,0.0,0.0,,0.0,1,2.21,0.08,SPY230512C00420000,420.0,normalDay
2023-05-11,17764.0,632.0,0.0,100,412.13,408.0,0,0.0,0.0,,0.0,1,2.21,0.02,SPY230512C00420000,420.0,normalDay
2023-05-12,17985.0,359.0,221.0,100,411.59,408.0,0,0.0,0.0,,0.0,1,2.21,0.0,SPY230512C00420000,420.0,expirationDay
2023-05-15,17985.0,498.0,0.0,100,413.01,408.0,0,0.0,0.0,,0.0,1,0.67,0.7,SPY230526C00421000,421.0,normalDay
2023-05-16,17985.0,253.0,0.0,100,410.25,408.0,0,0.0,0.0,,0.0,1,0.67,0.39,SPY230526C00421000,421.0,normalDay
2023-05-17,17985.0,682.0,0.0,100,415.23,408.0,0,0.0,0.0,,0.0,1,0.67,1.08,SPY230526C00421000,421.0,normalDay
2023-05-18,17985.0,956.0,0.0,100,419.23,408.0,0,0.0,0.0,,0.0,1,0.67,2.34,SPY230526C00421000,421.0,normalDay
2023-05-19,17985.0,941.0,0.0,100,418.62,408.0,0,0.0,0.0,,0.0,1,0.67,1.88,SPY230526C00421000,421.0,normalDay
2023-05-22,17985.0,985.0,0.0,100,418.79,408.0,0,0.0,0.0,,0.0,1,0.67,1.61,SPY230526C00421000,421.0,normalDay
2023-05-23,17985.0,647.0,0.0,100,414.09,408.0,0,0.0,0.0,,0.0,1,0.67,0.29,SPY230526C00421000,421.0,normalDay
2023-05-24,17985.0,368.0,0.0,100,411.09,408.0,0,0.0,0.0,,0.0,1,0.67,0.08,SPY230526C00421000,421.0,normalDay
2023-05-25,17985.0,723.0,0.0,100,414.65,408.0,0,0.0,0.0,,0.0,1,0.67,0.09,SPY230526C00421000,421.0,normalDay
2023-05-26,18052.0,1202.0,67.0,100,420.02,408.0,0,0.0,0.0,,0.0,1,0.67,0.0,SPY230526C00421000,421.0,expirationDay
2023-05-30,18052.0,1215.0,0.0,100,420.18,408.0,0,0.0,0.0,,0.0,1,1.95,1.98,SPY230609C00425000,425.0,normalDay
2023-05-31,18052.0,1092.0,0.0,100,417.85,408.0,0,0.0,0.0,,0.0,1,1.95,0.88,SPY230609C00425000,425.0,normalDay
2023-06-01,18052.0,1416.0,0.0,100,421.82,408.0,0,0.0,0.0,,0.0,1,1.95,1.61,SPY230609C00425000,425.0,normalDay
2023-06-02,18052.0,1728.0,0.0,100,427.92,408.0,0,0.0,0.0,,0.0,1,1.95,4.59,SPY230609C00425000,425.0,normalDay
2023-06-05,18052.0,1740.0,0.0,100,427.1,408.0,0,0.0,0.0,,0.0,1,1.95,3.65,SPY230609C00425000,425.0,normalDay
2023-06-06,18052.0,1776.0,0.0,100,428.03,408.0,0,0.0,0.0,,0.0,1,1.95,4.22,SPY230609C00425000,425.0,normalDay
2023-06-07,18052.0,1790.0,0.0,100,426.55,408.0,0,0.0,0.0,,0.0,1,1.95,2.6,SPY230609C00425000,425.0,normalDay
2023-06-08,18052.0,1885.0,0.0,100,429.13,408.0,0,0.0,0.0,,0.0,1,1.95,4.23,SPY230609C00425000,425.0,normalDay
2023-06-09,19947.0,1885.0,1895.0,0,429.9,0.0,0,0.0,0.0,,0.0,1,1.95,0.0,SPY230609C00425000,425.0,expirationDay
2023-06-12,19947.0,-3.0,0.0,0,433.8,0.0,1,0.2,0.23,SPY230615P00420000,420.0,0,0.0,0.0,,0.0,normalDay
2023-06-13,19947.0,9.0,0.0,0,436.66,0.0,1,0.2,0.11,SPY230615P00420000,420.0,0,0.0,0.0,,0.0,normalDay
2023-06-14,19947.0,16.0,0.0,0,437.18,0.0,1,0.2,0.04,SPY230615P00420000,420.0,0,0.0,0.0,,0.0,normalDay
2023-06-15,19967.0,0.0,20.0,0,442.6,0.0,1,0.2,0.0,SPY230615P00420000,420.0,0,0.0,0.0,,0.0,expirationDay
2023-06-16,19967.0,0.0,0.0,0,439.46,0.0,0,0.0,0.0,,0.0,0,0.0,0.0,,0.0,bidTooLow
2023-06-20,19967.0,-3.0,0.0,0,437.18,0.0,1,0.06,0.09,SPY230623P00426000,426.0,0,0.0,0.0,,0.0,normalDay
2023-06-21,19967.0,0.0,0.0,0,434.94,0.0,1,0.06,0.06,SPY230623P00426000,426.0,0,0.0,0.0,,0.0,normalDay
2023-06-22,19967.0,3.0,0.0,0,436.51,0.0,1,0.06,0.03,SPY230623P00426000,426.0,0,0.0,0.0,,0.0,normalDay
2023-06-23,19973.0,0.0,6.0,0,433.21,0.0,1,0.06,0.0,SPY230623P00426000,426.0,0,0.0,0.0,,0.0,expirationDay
2023-06-26,19973.0,-3.0,0.0,0,431.44,0.0,1,0.95,0.98,SPY230629P00430000,430.0,0,0.0,0.0,,0.0,normalDay
2023-06-27,19973.0,81.0,0.0,0,436.17,0.0,1,0.95,0.14,SPY230629P00430000,430.0,0,0.0,0.0,,0.0,normalDay
2023-06-28,19973.0,90.0,0.0,0,436.39,0.0,1,0.95,0.05,SPY230629P00430000,430.0,0,0.0,0.0,,0.0,normalDay
2023-06-29,20068.0,0.0,95.0,0,438.11,0.0,1,0.95,0.0,SPY230629P00430000,430.0,0,0.0,0.0,,0.0,expirationDay
2023-06-30,20068.0,-3.0,0.0,0,443.28,0.0,1,0.02,0.05,SPY230703P00434000,434.0,0,0.0,0.0,,0.0,normalDay
2023-07-03,20070.0,0.0,2.0,0,443.79,0.0,1,0.02,0.0,SPY230703P00434000,434.0,0,0.0,0.0,,0.0,expirationDay
2023-07-05,20070.0,-3.0,0.0,0,443.13,0.0,1,0.07,0.1,SPY230707P00435000,435.0,0,0.0,0.0,,0.0,normalDay
2023-07-06,20070.0,-11.0,0.0,0,439.66,0.0,1,0.07,0.18,SPY230707P00435000,435.0,0,0.0,0.0,,0.0,normalDay
2023-07-07,20077.0,0.0,7.0,0,438.55,0.0,1,0.07,0.0,SPY230707P00435000,435.0,0,0.0,0.0,,0.0,expirationDay
2023-07-10,20077.0,-3.0,0.0,0,439.66,0.0,1,0.95,0.98,SPY230713P00437000,437.0,0,0.0,0.0,,0.0,normalDay
2023-07-11,20077.0,47.0,0.0,0,442.46,0.0,1,0.95,0.48,SPY230713P00437000,437.0,0,0.0,0.0,,0.0,normalDay
2023-07-12,20077.0,90.0,0.0,0,446.02,0.0,1,0.95,0.05,SPY230713P00437000,437.0,0,0.0,0.0,,0.0,normalDay
2023-07-13,20172.0,0.0,95.0,0,449.56,0.0,1,0.95,0.0,SPY230713P00437000,437.0,0,0.0,0.0,,0.0,expirationDay
2023-07-14,20172.0,-3.0,0.0,0,449.28,0.0,1,0.02,0.05,SPY230717P00440000,440.0,0,0.0,0.0,,0.0,normalDay
2023-07-17,20174.0,0.0,2.0,0,450.84,0.0,1,0.02,0.0,SPY230717P00440000,440.0,0,0.0,0.0,,0.0,expirationDay
2023-07-18,20174.0,-3.0,0.0,0,454.19,0.0,1,0.06,0.09,SPY230721P00441000,441.0,0,0.0,0.0,,0.0,normalDay
2023-07-19,20174.0,0.0,0.0,0,455.2,0.0,1,0.06,0.06,SPY230721P00441000,441.0,0,0.0,0.0,,0.0,normalDay
2023-07-20,20174.0,1.0,0.0,0,452.18,0.0,1,0.06,0.05,SPY230721P00441000,441.0,0,0.0,0.0,,0.0,normalDay
2023-07-21,20180.0,0.0,6.0,0,452.18,0.0,1,0.06,0.0,SPY230721P00441000,441.0,0,0.0,0.0,,0.0,expirationDay
2023-07-24,20180.0,-3.0,0.0,0,454.2,0.0,1,0.13,0.16,SPY230727P00444000,444.0,0,0.0,0.0,,0.0,normalDay
2023-07-25,20180.0,5.0,0.0,0,455.44,0.0,1,0.13,0.08,SPY230727P00444000,444.0,0,0.0,0.0,,0.0,normalDay
2023-07-26,20180.0,10.0,0.0,0,455.51,0.0,1,0.13,0.03,SPY230727P00444000,444.0,0,0.0,0.0,,0.0,normalDay
2023-07-27,20193.0,0.0,13.0,0,452.49,0.0,1,0.13,0.0,SPY230727P00444000,444.0,0,0.0,0.0,,0.0,expirationDay
2023-07-28,20193.0,-3.0,0.0,0,456.92,0.0,1,0.01,0.04,SPY230731P00448000,448.0,0,0.0,0.0,,0.0,normalDay
2023-07-31,20194.0,0.0,1.0,0,457.79,0.0,1,0.01,0.0,SPY230731P00448000,448.0,0,0.0,0.0,,0.0,expirationDay
2023-08-01,20194.0,-3.0,0.0,0,456.48,0.0,1,0.25,0.28,SPY230804P00449000,449.0,0,0.0,0.0,,0.0,normalDay
2023-08-02,20194.0,-128.0,0.0,0,450.13,0.0,1,0.25,1.53,SPY230804P00449000,449.0,0,0.0,0.0,,0.0,normalDay
2023-08-03,20194.0,-103.0,0.0,0,448.84,0.0,1,0.25,1.28,SPY230804P00449000,449.0,0,0.0,0.0,,0.0,normalDay
2023-08-04,20219.0,-219.0,25.0,100,446.81,449.0,1,0.25,0.0,SPY230804P00449000,449.0,0,0.0,0.0,,0.0,expirationDay
2023-08-07,20219.0,168.0,0.0,100,450.71,449.0,0,0.0,0.0,,0.0,1,0.3,0.33,SPY230818C00463000,463.0,normalDay
2023-08-08,20219.0,-15.0,0.0,100,448.75,449.0,0,0.0,0.0,,0.0,1,0.3,0.2,SPY230818C00463000,463.0,normalDay
2023-08-09,20219.0,-305.0,0.0,100,445.75,449.0,0,0.0,0.0,,0.0,1,0.3,0.1,SPY230818C00463000,463.0,normalDay
2023-08-10,20219.0,-285.0,0.0,100,445.91,449.0,0,0.0,0.0,,0.0,1,0.3,0.06,SPY230818C00463000,463.0,normalDay
2023-08-11,20219.0,-308.0,0.0,100,445.65,449.0,0,0.0,0.0,,0.0,1,0.3,0.03,SPY230818C00463000,463.0,normalDay
2023-08-14,20219.0,-61.0,0.0,100,448.11,449.0,0,0.0,0.0,,0.0,1,0.3,0.02,SPY230818C00463000,463.0,normalDay
2023-08-15,20219.0,-582.0,0.0,100,442.89,449.0,0,0.0,0.0,,0.0,1,0.3,0.01,SPY230818C00463000,463.0,normalDay
2023-08-16,20219.0,-907.0,0.0,100,439.64,449.0,0,0.0,0.0,,0.0,1,0.3,0.01,SPY230818C00463000,463.0,normalDay
2023-08-17,20219.0,-1242.0,0.0,100,436.29,449.0,0,0.0,0.0,,0.0,1,0.3,0.01,SPY230818C00463000,463.0,normalDay
2023-08-18,20249.0,-1250.0,30.0,100,436.5,449.0,0,0.0,0.0,,0.0,1,0.3,0.0,SPY230818C00463000,463.0,expirationDay
2023-08-21,20249.0,-966.0,0.0,100,439.34,449.0,0,0.0,0.0,,0.0,0,0.0,0.0,,0.0,bidTooLow
2023-08-22,20249.0,-1085.0,0.0,100,438.15,449.0,0,0.0,0.0,,0.0,0,0.0,0.0,,0.0,bidTooLow
2023-08-23,20249.0,-600.0,0.0,100,443.03,449.0,0,0.0,0.0,,0.0,1,0.02,0.05,SPY230901C00465000,465.0,normalDay
2023-08-24,20249.0,-1211.0,0.0,100,436.89,449.0,0,0.0,0.0,,0.0,1,0.02,0.02,SPY230901C00465000,465.0,normalDay
2023-08-25,20249.0,-903.0,0.0,100,439.97,449.0,0,0.0,0.0,,0.0,1,0.02,0.02,SPY230901C00465000,465.0,normalDay
2023-08-28,20249.0,-624.0,0.0,100,442.76,449.0,0,0.0,0.0,,0.0,1,0.02,0.02,SPY230901C00465000,465.0,normalDay
2023-08-29,20249.0,15.0,0.0,100,449.16,449.0,0,0.0,0.0,,0.0,1,0.02,0.03,SPY230901C00465000,465.0,normalDay
2023-08-30,20249.0,201.0,0.0,100,451.01,449.0,0,0.0,0.0,,0.0,1,0.02,0.02,SPY230901C00465000,465.0,normalDay
2023-08-31,20249.0,136.0,0.0,100,450.35,449.0,0,0.0,0.0,,0.0,1,0.02,0.01,SPY230901C00465000,465.0,normalDay
2023-09-01,20251.0,219.0,2.0,100,451.19,449.0,0,0.0,0.0,,0.0,1,0.02,0.0,SPY230901C00465000,465.0,expirationDay
2023-09-05,20251.0,21.0,0.0,100,449.24,449.0,0,0.0,0.0,,0.0,1,0.37,0.4,SPY230915C00459000,459.0,normalDay
2023-09-06,20251.0,-251.0,0.0,100,446.22,449.0,0,0.0,0.0,,0.0,1,0.37,0.1,SPY230915C00459000,459.0,normalDay
2023-09-07,20251.0,-384.0,0.0,100,444.85,449.0,0,0.0,0.0,,0.0,1,0.37,0.06,SPY230915C00459000,459.0,normalDay
2023-09-08,20251.0,-315.0,0.0,100,445.52,449.0,0,0.0,0.0,,0.0,1,0.37,0.04,SPY230915C00459000,459.0,normalDay
2023-09-11,20251.0,-23.0,0.0,100,448.45,449.0,0,0.0,0.0,,0.0,1,0.37,0.05,SPY230915C00459000,459.0,normalDay
2023-09-12,20251.0,-266.0,0.0,100,445.99,449.0,0,0.0,0.0,,0.0,1,0.37,0.02,SPY230915C00459000,459.0,normalDay
2023-09-13,20251.0,-214.0,0.0,100,446.51,449.0,0,0.0,0.0,,0.0,1,0.37,0.02,SPY230915C00459000,459.0,normalDay
2023-09-14,20251.0,171.0,0.0,100,450.36,449.0,0,0.0,0.0,,0.0,1,0.37,0.02,SPY230915C00459000,459.0,normalDay
2023-09-15,20288.0,-563.0,37.0,100,443.37,449.0,0,0.0,0.0,,0.0,1,0.37,0.0,SPY230915C00459000,459.0,expirationDay
2023-09-18,20288.0,-540.0,0.0,100,443.63,449.0,0,0.0,0.0,,0.0,1,0.11,0.14,SPY230929C00458000,458.0,normalDay
2023-09-19,20288.0,-628.0,0.0,100,442.71,449.0,0,0.0,0.0,,0.0,1,0.11,0.1,SPY230929C00458000,458.0,normalDay
2023-09-20,20288.0,-1029.0,0.0,100,438.64,449.0,0,0.0,0.0,,0.0,1,0.11,0.04,SPY230929C00458000,458.0,normalDay
2023-09-21,20288.0,-1752.0,0.0,100,431.39,449.0,0,0.0,0.0,,0.0,1,0.11,0.02,SPY230929C00458000,458.0,normalDay
2023-09-22,20288.0,-1848.0,0.0,100,430.42,449.0,0,0.0,0.0,,0.0,1,0.11,0.01,SPY230929C00458000,458.0,normalDay
2023-09-25,20288.0,-1667.0,0.0,100,432.23,449.0,0,0.0,0.0,,0.0,1,0.11,0.01,SPY230929C00458000,458.0,normalDay
2023-09-26,20288.0,-2302.0,0.0,100,425.88,449.0,0,0.0,0.0,,0.0,1,0.11,0.01,SPY230929C00458000,458.0,normalDay
2023-09-27,20288.0,-2285.0,0.0,100,426.05,449.0,0,0.0,0.0,,0.0,1,0.11,0.01,SPY230929C00458000,458.0,normalDay
2023-09-28,20288.0,-2038.0,0.0,100,428.52,449.0,0,0.0,0.0,,0.0,1,0.11,0.01,SPY230929C00458000,458.0,normalDay
2023-09-29,20299.0,-2152.0,11.0,100,427.48,449.0,0,0.0,0.0,,0.0,1,0.11,0.0,SPY230929C00458000,458.0,expirationDay
2023-10-02,20299.0,-2169.0,0.0,100,427.31,449.0,0,0.0,0.0,,0.0,0,0.0,0.0,,0.0,bidTooLow
2023-10-03,20299.0,-2741.0,0.0,100,421.59,449.0,0,0.0,0.0,,0.0,0,0.0,0.0,,0.0,bidTooLow
2023-10-04,20299.0,-2434.0,0.0,100,424.66,449.0,0,0.0,0.0,,0.0,0,0.0,0.0,,0.0,bidTooLow
2023-10-05,20299.0,-2450.0,0.0,100,424.5,449.0,0,0.0,0.0,,0.0,0,0.0,0.0,,0.0,bidTooLow
2023-10-06,20299.0,-1946.0,0.0,100,429.54,449.0,0,0.0,0.0,,0.0,0,0.0,0.0,,0.0,bidTooLow
2023-10-09,20299.0,-1671.0,0.0,100,432.29,449.0,0,0.0,0.0,,0.0,0,0.0,0.0,,0.0,bidTooLow
2023-10-10,20299.0,-1449.0,0.0,100,434.54,449.0,0,0.0,0.0,,0.0,1,0.02,0.05,SPY231020C00457000,457.0,normalDay
2023-10-11,20299.0,-1270.0,0.0,100,436.32,449.0,0,0.0,0.0,,0.0,1,0.02,0.04,SPY231020C00457000,457.0,normalDay
2023-10-12,20299.0,-1534.0,0.0,100,433.66,449.0,0,0.0,0.0,,0.0,1,0.02,0.02,SPY231020C00457000,457.0,normalDay
2023-10-13,20299.0,-1750.0,0.0,100,431.5,449.0,0,0.0,0.0,,0.0,1,0.02,0.02,SPY231020C00457000,457.0,normalDay
2023-10-16,20299.0,-1296.0,0.0,100,436.04,449.0,0,0.0,0.0,,0.0,1,0.02,0.02,SPY231020C00457000,457.0,normalDay
2023-10-17,20299.0,-1298.0,0.0,100,436.02,449.0,0,0.0,0.0,,0.0,1,0.02,0.02,SPY231020C00457000,457.0,normalDay
2023-10-18,20299.0,-1878.0,0.0,100,430.21,449.0,0,0.0,0.0,,0.0,1,0.02,0.01,SPY231020C00457000,457.0,normalDay
2023-10-19,20299.0,-2256.0,0.0,100,426.43,449.0,0,0.0,0.0,,0.0,1,0.02,0.01,SPY231020C00457000,457.0,normalDay
2023-10-20,20301.0,-2781.0,2.0,100,421.19,449.0,0,0.0,0.0,,0.0,1,0.02,0.0,SPY231020C00457000,457.0,expirationDay
2023-10-23,20301.0,-2857.0,0.0,100,420.46,449.0,0,0.0,0.0,,0.0,1,0.11,0.14,SPY231103C00443000,443.0,normalDay
2023-10-24,20301.0,-2541.0,0.0,100,423.63,449.0,0,0.0,0.0,,0.0,1,0.11,0.15,SPY231103C00443000,443.0,normalDay
2023-10-25,20301.0,-3138.0,0.0,100,417.55,449.0,0,0.0,0.0,,0.0,1,0.11,0.04,SPY231103C00443000,443.0,normalDay
2023-10-26,20301.0,-3637.0,0.0,100,412.55,449.0,0,0.0,0.0,,0.0,1,0.11,0.03,SPY231103C00443000,443.0,normalDay
2023-10-27,20301.0,-3823.0,0.0,100,410.68,449.0,0,0.0,0.0,,0.0,1,0.11,0.02,SPY231103C00443000,443.0,normalDay
2023-10-30,20301.0,-3332.0,0.0,100,415.59,449.0,0,0.0,0.0,,0.0,1,0.11,0.02,SPY231103C00443000,443.0,normalDay
2023-10-31,20301.0,-3070.0,0.0,100,418.2,449.0,0,0.0,0.0,,0.0,1,0.11,0.01,SPY231103C00443000,443.0,normalDay
2023-11-01,20301.0,-2624.0,0.0,100,422.66,449.0,0,0.0,0.0,,0.0,1,0.11,0.01,SPY231103C00443000,443.0,normalDay
2023-11-02,20301.0,-1814.0,0.0,100,430.76,449.0,0,0.0,0.0,,0.0,1,0.11,0.01,SPY231103C00443000,443.0,normalDay
2023-11-03,20312.0,-1431.0,11.0,100,434.69,449.0,0,0.0,0.0,,0.0,1,0.11,0.0,SPY231103C00443000,443.0,expirationDay
2023-11-06,20312.0,-1334.0,0.0,100,435.69,449.0,0,0.0,0.0,,0.0,1,0.13,0.16,SPY231117C00451000,451.0,normalDay
2023-11-07,20312.0,-1215.0,0.0,100,436.93,449.0,0,0.0,0.0,,0.0,1,0.13,0.21,SPY231117C00451000,451.0,normalDay
2023-11-08,20312.0,-1176.0,0.0,100,437.25,449.0,0,0.0,0.0,,0.0,1,0.13,0.14,SPY231117C00451000,451.0,normalDay
2023-11-09,20312.0,-1508.0,0.0,100,433.84,449.0,0,0.0,0.0,,0.0,1,0.13,0.05,SPY231117C00451000,451.0,normalDay
2023-11-10,20312.0,-847.0,0.0,100,440.61,449.0,0,0.0,0.0,,0.0,1,0.13,0.21,SPY231117C00451000,451.0,normalDay
2023-11-13,20312.0,-882.0,0.0,100,440.19,449.0,0,0.0,0.0,,0.0,1,0.13,0.14,SPY231117C00451000,451.0,normalDay
2023-11-14,20312.0,-159.0,0.0,100,448.73,449.0,0,0.0,0.0,,0.0,1,0.13,1.45,SPY231117C00451000,451.0,normalDay
2023-11-15,20312.0,-27.0,0.0,100,449.68,449.0,0,0.0,0.0,,0.0,1,0.13,1.08,SPY231117C00451000,451.0,normalDay
2023-11-16,20312.0,53.0,0.0,100,450.23,449.0,0,0.0,0.0,,0.0,1,0.13,0.83,SPY231117C00451000,451.0,normalDay
2023-11-17,20325.0,179.0,13.0,100,450.79,449.0,0,0.0,0.0,,0.0,1,0.13,0.0,SPY231117C00451000,451.0,expirationDay
2023-11-20,20325.0,523.0,0.0,100,454.26,449.0,0,0.0,0.0,,0.0,1,0.01,0.04,SPY231201C00474000,474.0,normalDay
2023-11-21,20325.0,425.0,0.0,100,453.27,449.0,0,0.0,0.0,,0.0,1,0.01,0.03,SPY231201C00474000,474.0,normalDay
2023-11-22,20325.0,600.0,0.0,100,455.02,449.0,0,0.0,0.0,,0.0,1,0.01,0.03,SPY231201C00474000,474.0,normalDay
2023-11-24,20325.0,629.0,0.0,100,455.3,449.0,0,0.0,0.0,,0.0,1,0.01,0.02,SPY231201C00474000,474.0,normalDay
2023-11-27,20325.0,547.0,0.0,100,454.48,449.0,0,0.0,0.0,,0.0,1,0.01,0.02,SPY231201C00474000,474.0,normalDay
2023-11-28,20325.0,592.0,0.0,100,454.93,449.0,0,0.0,0.0,,0.0,1,0.01,0.02,SPY231201C00474000,474.0,normalDay
2023-11-29,20325.0,561.0,0.0,100,454.61,449.0,0,0.0,0.0,,0.0,1,0.01,0.01,SPY231201C00474000,474.0,normalDay
2023-11-30,20325.0,740.0,0.0,100,456.4,449.0,0,0.0,0.0,,0.0,1,0.01,0.01,SPY231201C00474000,474.0,normalDay
