date,totalCapital,unrializedPnL,rializedPnL,stocksOwned,stocksPriceToday,stocksPriceBoughtAt,putOwned,putOwnedSoldAt,putPriceToday,putOwnedContract,putOwnedStrike,callOwned,callOwnedSoldAt,callPriceToday,callOwnedContract,callOwnedStrike,trackType
2018-11-01,0.0,0.0,0.0,0,273.51,0.0,0,0.0,0.0,,0.0,0,0.0,0.0,,0.0,bidTooLow
2018-11-02,0.0,0.0,0.0,0,271.89,0.0,0,0.0,0.0,,0.0,0,0.0,0.0,,0.0,bidTooLow
2018-11-05,0.0,-3.0,0.0,0,273.39,0.0,1,0.12,0.15,SPY181107P00262000,262.0,0,0.0,0.0,,0.0,normalDay
2018-11-06,0.0,5.0,0.0,0,275.12,0.0,1,0.12,0.07,SPY181107P00262000,262.0,0,0.0,0.0,,0.0,normalDay
2018-11-07,12.0,0.0,12.0,0,281.01,0.0,1,0.12,0.0,SPY181107P00262000,262.0,0,0.0,0.0,,0.0,expirationDay
2018-11-08,12.0,0.0,0.0,0,280.5,0.0,0,0.0,0.0,,0.0,0,0.0,0.0,,0.0,bidTooLow
2018-11-09,12.0,0.0,0.0,0,277.76,0.0,0,0.0,0.0,,0.0,0,0.0,0.0,,0.0,bidTooLow
2018-11-12,12.0,-3.0,0.0,0,272.57,0.0,1,0.16,0.19,SPY181114P00263000,263.0,0,0.0,0.0,,0.0,normalDay
2018-11-13,12.0,12.0,0.0,0,272.06,0.0,1,0.16,0.04,SPY181114P00263000,263.0,0,0.0,0.0,,0.0,normalDay
2018-11-14,28.0,0.0,16.0,0,270.2,0.0,1,0.16,0.0,SPY181114P00263000,263.0,0,0.0,0.0,,0.0,expirationDay
2018-11-15,28.0,-3.0,0.0,0,273.02,0.0,1,0.02,0.05,SPY181116P00263000,263.0,0,0.0,0.0,,0.0,normalDay
2018-11-16,30.0,0.0,2.0,0,273.73,0.0,1,0.02,0.0,SPY181116P00263000,263.0,0,0.0,0.0,,0.0,expirationDay
2018-11-19,30.0,-4.0,0.0,0,269.1,0.0,1,0.27,0.31,SPY181121P00263000,263.0,0,0.0,0.0,,0.0,normalDay
2018-11-20,30.0,-85.0,0.0,0,264.12,0.0,1,0.27,1.12,SPY181121P00263000,263.0,0,0.0,0.0,,0.0,normalDay
2018-11-21,57.0,0.0,27.0,0,265.02,0.0,1,0.27,0.0,SPY181121P00263000,263.0,0,0.0,0.0,,0.0,expirationDay
2018-11-23,57.0,-5.0,0.0,0,263.25,0.0,1,0.66,0.71,SPY181126P00260500,260.5,0,0.0,0.0,,0.0,normalDay
2018-11-26,123.0,0.0,66.0,0,267.5,0.0,1,0.66,0.0,SPY181126P00260500,260.5,0,0.0,0.0,,0.0,expirationDay
2018-11-27,123.0,-3.0,0.0,0,268.4,0.0,1,0.36,0.39,SPY181130P00262000,262.0,0,0.0,0.0,,0.0,normalDay
2018-11-28,123.0,31.0,0.0,0,274.58,0.0,1,0.36,0.05,SPY181130P00262000,262.0,0,0.0,0.0,,0.0,normalDay
2018-11-29,123.0,34.0,0.0,0,273.98,0.0,1,0.36,0.02,SPY181130P00262000,262.0,0,0.0,0.0,,0.0,normalDay
2018-11-30,159.0,0.0,36.0,0,275.65,0.0,1,0.36,0.0,SPY181130P00262000,262.0,0,0.0,0.0,,0.0,expirationDay
2018-12-03,159.0,0.0,0.0,0,279.3,0.0,0,0.0,0.0,,0.0,0,0.0,0.0,,0.0,bidTooLow
2018-12-04,159.0,-6.0,0.0,0,270.25,0.0,1,0.45,0.51,SPY181207P00262000,262.0,0,0.0,0.0,,0.0,normalDay
2018-12-06,159.0,35.0,0.0,0,269.84,0.0,1,0.45,0.1,SPY181207P00262000,262.0,0,0.0,0.0,,0.0,normalDay
2018-12-07,204.0,0.0,45.0,0,263.57,0.0,1,0.45,0.0,SPY181207P00262000,262.0,0,0.0,0.0,,0.0,expirationDay
2018-12-10,204.0,-5.0,0.0,0,264.07,0.0,1,0.92,0.97,SPY181212P00261000,261.0,0,0.0,0.0,,0.0,normalDay
2018-12-11,204.0,35.0,0.0,0,264.13,0.0,1,0.92,0.57,SPY181212P00261000,261.0,0,0.0,0.0,,0.0,normalDay
2018-12-12,296.0,0.0,92.0,0,265.46,0.0,1,0.92,0.0,SPY181212P00261000,261.0,0,0.0,0.0,,0.0,expirationDay
2018-12-13,296.0,-3.0,0.0,0,265.37,0.0,1,0.1,0.13,SPY181214P00259500,259.5,0,0.0,0.0,,0.0,normalDay
2018-12-14,306.0,0.0,10.0,0,260.47,0.0,1,0.1,0.0,SPY181214P00259500,259.5,0,0.0,0.0,,0.0,expirationDay
2018-12-17,306.0,-10.0,0.0,0,255.36,0.0,1,2.57,2.67,SPY181219P00256000,256.0,0,0.0,0.0,,0.0,normalDay
2018-12-18,306.0,-47.0,0.0,0,255.08,0.0,1,2.57,3.04,SPY181219P00256000,256.0,0,0.0,0.0,,0.0,normalDay
2018-12-19,563.0,-474.0,257.0,100,251.26,256.0,1,2.57,0.0,SPY181219P00256000,256.0,0,0.0,0.0,,0.0,expirationDay
2018-12-20,563.0,-883.0,0.0,100,247.17,256.0,0,0.0,0.0,,0.0,0,0.0,0.0,,0.0,bidTooLow
2018-12-21,563.0,-1530.0,0.0,100,240.7,256.0,0,0.0,0.0,,0.0,0,0.0,0.0,,0.0,bidTooLow
2018-12-24,563.0,-2166.0,0.0,100,234.34,256.0,0,0.0,0.0,,0.0,0,0.0,0.0,,0.0,bidTooLow
2018-12-26,563.0,-982.0,0.0,100,246.18,256.0,0,0.0,0.0,,0.0,0,0.0,0.0,,0.0,bidTooLow
2018-12-27,563.0,-793.0,0.0,100,248.07,256.0,0,0.0,0.0,,0.0,0,0.0,0.0,,0.0,bidTooLow
2018-12-28,563.0,-825.0,0.0,100,247.75,256.0,0,0.0,0.0,,0.0,0,0.0,0.0,,0.0,bidTooLow
2018-12-31,563.0,-608.0,0.0,100,249.92,256.0,0,0.0,0.0,,0.0,0,0.0,0.0,,0.0,bidTooLow
2019-01-02,563.0,-582.0,0.0,100,250.18,256.0,0,0.0,0.0,,0.0,0,0.0,0.0,,0.0,bidTooLow
2019-01-03,563.0,-1179.0,0.0,100,244.21,256.0,0,0.0,0.0,,0.0,0,0.0,0.0,,0.0,bidTooLow
2019-01-04,563.0,-361.0,0.0,100,252.39,256.0,0,0.0,0.0,,0.0,0,0.0,0.0,,0.0,bidTooLow
2019-01-07,563.0,-162.0,0.0,100,254.38,256.0,0,0.0,0.0,,0.0,0,0.0,0.0,,0.0,bidTooLow
2019-01-08,563.0,77.0,0.0,100,256.77,256.0,0,0.0,0.0,,0.0,0,0.0,0.0,,0.0,bidTooLow
2019-01-09,563.0,197.0,0.0,100,257.97,256.0,0,0.0,0.0,,0.0,0,0.0,0.0,,0.0,bidTooLow
2019-01-10,563.0,288.0,0.0,100,258.88,256.0,0,0.0,0.0,,0.0,0,0.0,0.0,,0.0,bidTooLow
2019-01-11,563.0,298.0,0.0,100,258.98,256.0,0,0.0,0.0,,0.0,0,0.0,0.0,,0.0,bidTooLow
2019-01-14,563.0,137.0,0.0,100,257.4,256.0,0,0.0,0.0,,0.0,1,0.01,0.04,SPY190118C00267500,267.5,normalDay
2019-01-15,563.0,429.0,0.0,100,260.35,256.0,0,0.0,0.0,,0.0,1,0.01,0.07,SPY190118C00267500,267.5,normalDay
2019-01-16,563.0,492.0,0.0,100,260.98,256.0,0,0.0,0.0,,0.0,1,0.01,0.07,SPY190118C00267500,267.5,normalDay
2019-01-17,563.0,688.0,0.0,100,262.96,256.0,0,0.0,0.0,,0.0,1,0.01,0.09,SPY190118C00267500,267.5,normalDay
2019-01-18,564.0,1046.0,1.0,100,266.46,256.0,0,0.0,0.0,,0.0,1,0.01,0.0,SPY190118C00267500,267.5,expirationDay
2019-01-22,564.0,686.0,0.0,100,262.86,256.0,0,0.0,0.0,,0.0,0,0.0,0.0,,0.0,bidTooLow
2019-01-23,564.0,741.0,0.0,100,263.41,256.0,0,0.0,0.0,,0.0,0,0.0,0.0,,0.0,bidTooLow
2019-01-24,564.0,755.0,0.0,100,263.55,256.0,0,0.0,0.0,,0.0,0,0.0,0.0,,0.0,bidTooLow
2019-01-25,564.0,978.0,0.0,100,265.78,256.0,0,0.0,0.0,,0.0,0,0.0,0.0,,0.0,bidTooLow
2019-01-28,564.0,773.0,0.0,100,263.76,256.0,0,0.0,0.0,,0.0,1,0.03,0.06,SPY190201C00273000,273.0,normalDay
2019-01-29,564.0,740.0,0.0,100,263.41,256.0,0,0.0,0.0,,0.0,1,0.03,0.04,SPY190201C00273000,273.0,normalDay
2019-01-30,564.0,1149.0,0.0,100,267.58,256.0,0,0.0,0.0,,0.0,1,0.03,0.12,SPY190201C00273000,273.0,normalDay
2019-01-31,564.0,1379.0,0.0,100,269.93,256.0,0,0.0,0.0,,0.0,1,0.03,0.17,SPY190201C00273000,273.0,normalDay
2019-02-01,567.0,1406.0,3.0,100,270.06,256.0,0,0.0,0.0,,0.0,1,0.03,0.0,SPY190201C00273000,273.0,expirationDay
2019-02-04,567.0,1593.0,0.0,100,271.96,256.0,0,0.0,0.0,,0.0,1,0.39,0.42,SPY190208C00274500,274.5,normalDay
2019-02-05,567.0,1684.0,0.0,100,273.1,256.0,0,0.0,0.0,,0.0,1,0.39,0.65,SPY190208C00274500,274.5,normalDay
2019-02-06,567.0,1682.0,0.0,100,272.74,256.0,0,0.0,0.0,,0.0,1,0.39,0.31,SPY190208C00274500,274.5,normalDay
2019-02-07,567.0,1451.0,0.0,100,270.14,256.0,0,0.0,0.0,,0.0,1,0.39,0.02,SPY190208C00274500,274.5,normalDay
2019-02-08,606.0,1447.0,39.0,100,270.47,256.0,0,0.0,0.0,,0.0,1,0.39,0.0,SPY190208C00274500,274.5,expirationDay
2019-02-11,606.0,1459.0,0.0,100,270.62,256.0,0,0.0,0.0,,0.0,1,0.01,0.04,SPY190215C00277500,277.5,normalDay
2019-02-12,606.0,1787.0,0.0,100,274.1,256.0,0,0.0,0.0,,0.0,1,0.01,0.24,SPY190215C00277500,277.5,normalDay
2019-02-13,606.0,1875.0,0.0,100,274.99,256.0,0,0.0,0.0,,0.0,1,0.01,0.25,SPY190215C00277500,277.5,normalDay
2019-02-14,606.0,1833.0,0.0,100,274.38,256.0,0,0.0,0.0,,0.0,1,0.01,0.06,SPY190215C00277500,277.5,normalDay
2019-02-15,607.0,2137.0,1.0,100,277.37,256.0,0,0.0,0.0,,0.0,1,0.01,0.0,SPY190215C00277500,277.5,expirationDay
2019-02-19,607.0,2181.0,0.0,100,277.85,256.0,0,0.0,0.0,,0.0,1,0.12,0.16,SPY190222C00281000,281.0,normalDay
2019-02-20,607.0,2237.0,0.0,100,278.41,256.0,0,0.0,0.0,,0.0,1,0.12,0.16,SPY190222C00281000,281.0,normalDay
2019-02-21,607.0,2151.0,0.0,100,277.42,256.0,0,0.0,0.0,,0.0,1,0.12,0.03,SPY190222C00281000,281.0,normalDay
2019-02-22,619.0,2314.0,12.0,100,279.14,256.0,0,0.0,0.0,,0.0,1,0.12,0.0,SPY190222C00281000,281.0,expirationDay
2019-02-25,619.0,2349.0,0.0,100,279.52,256.0,0,0.0,0.0,,0.0,1,0.14,0.17,SPY190301C00284000,284.0,normalDay
2019-02-26,619.0,2339.0,0.0,100,279.32,256.0,0,0.0,0.0,,0.0,1,0.14,0.07,SPY190301C00284000,284.0,normalDay
2019-02-27,619.0,2331.0,0.0,100,279.2,256.0,0,0.0,0.0,,0.0,1,0.14,0.03,SPY190301C00284000,284.0,normalDay
2019-02-28,619.0,2281.0,0.0,100,278.68,256.0,0,0.0,0.0,,0.0,1,0.14,0.01,SPY190301C00284000,284.0,normalDay
2019-03-01,633.0,2442.0,14.0,100,280.42,256.0,0,0.0,0.0,,0.0,1,0.14,0.0,SPY190301C00284000,284.0,expirationDay
2019-03-04,633.0,2337.0,0.0,100,279.4,256.0,0,0.0,0.0,,0.0,1,0.04,0.07,SPY190308C00284500,284.5,normalDay
2019-03-05,633.0,2303.0,0.0,100,279.02,256.0,0,0.0,0.0,,0.0,1,0.04,0.03,SPY190308C00284500,284.5,normalDay
2019-03-06,633.0,2136.0,0.0,100,277.33,256.0,0,0.0,0.0,,0.0,1,0.04,0.01,SPY190308C00284500,284.5,normalDay
2019-03-07,633.0,1904.0,0.0,100,275.01,256.0,0,0.0,0.0,,0.0,1,0.04,0.01,SPY190308C00284500,284.5,normalDay
2019-03-08,637.0,1846.0,4.0,100,274.46,256.0,0,0.0,0.0,,0.0,1,0.04,0.0,SPY190308C00284500,284.5,expirationDay
2019-03-11,637.0,2241.0,0.0,100,278.44,256.0,0,0.0,0.0,,0.0,1,0.06,0.09,SPY190315C00283500,283.5,normalDay
2019-03-12,637.0,2348.0,0.0,100,279.49,256.0,0,0.0,0.0,,0.0,1,0.06,0.07,SPY190315C00283500,283.5,normalDay
2019-03-13,637.0,2521.0,0.0,100,281.34,256.0,0,0.0,0.0,,0.0,1,0.06,0.19,SPY190315C00283500,283.5,normalDay
2019-03-14,637.0,2518.0,0.0,100,281.16,256.0,0,0.0,0.0,,0.0,1,0.06,0.04,SPY190315C00283500,283.5,normalDay
2019-03-15,643.0,2531.0,6.0,100,281.31,256.0,0,0.0,0.0,,0.0,1,0.06,0.0,SPY190315C00283500,283.5,expirationDay
2019-03-18,643.0,2630.0,0.0,100,282.33,256.0,0,0.0,0.0,,0.0,1,0.9,0.93,SPY190322C00283500,283.5,normalDay
2019-03-19,643.0,2648.0,0.0,100,282.4,256.0,0,0.0,0.0,,0.0,1,0.9,0.82,SPY190322C00283500,283.5,normalDay
2019-03-20,643.0,2613.0,0.0,100,281.55,256.0,0,0.0,0.0,,0.0,1,0.9,0.32,SPY190322C00283500,283.5,normalDay
2019-03-21,643.0,2815.0,0.0,100,284.73,256.0,0,0.0,0.0,,0.0,1,0.9,1.48,SPY190322C00283500,283.5,normalDay
2019-03-22,733.0,2325.0,90.0,100,279.25,256.0,0,0.0,0.0,,0.0,1,0.9,0.0,SPY190322C00283500,283.5,expirationDay
2019-03-25,733.0,2301.0,0.0,100,279.04,256.0,0,0.0,0.0,,0.0,1,0.14,0.17,SPY190329C00285000,285.0,normalDay
2019-03-26,733.0,2506.0,0.0,100,281.12,256.0,0,0.0,0.0,,0.0,1,0.14,0.2,SPY190329C00285000,285.0,normalDay
2019-03-27,733.0,2374.0,0.0,100,279.65,256.0,0,0.0,0.0,,0.0,1,0.14,0.05,SPY190329C00285000,285.0,normalDay
2019-03-28,733.0,2482.0,0.0,100,280.71,256.0,0,0.0,0.0,,0.0,1,0.14,0.03,SPY190329C00285000,285.0,normalDay
2019-03-29,747.0,2648.0,14.0,100,282.48,256.0,0,0.0,0.0,,0.0,1,0.14,0.0,SPY190329C00285000,285.0,expirationDay
2019-04-01,747.0,2980.0,0.0,100,285.83,256.0,0,0.0,0.0,,0.0,1,0.72,0.75,SPY190405C00287000,287.0,normalDay
2019-04-02,747.0,3006.0,0.0,100,285.97,256.0,0,0.0,0.0,,0.0,1,0.72,0.63,SPY190405C00287000,287.0,normalDay
2019-04-03,747.0,3027.0,0.0,100,286.42,256.0,0,0.0,0.0,,0.0,1,0.72,0.87,SPY190405C00287000,287.0,normalDay
2019-04-04,747.0,3098.0,0.0,100,287.18,256.0,0,0.0,0.0,,0.0,1,0.72,0.92,SPY190405C00287000,287.0,normalDay
2019-04-05,3919.0,3098.0,3172.0,0,288.57,0.0,0,0.0,0.0,,0.0,1,0.72,0.0,SPY190405C00287000,287.0,expirationDay
2019-04-08,3919.0,0.0,0.0,0,288.79,0.0,0,0.0,0.0,,0.0,0,0.0,0.0,,0.0,bidTooLow
2019-04-09,3919.0,-3.0,0.0,0,287.31,0.0,1,0.01,0.04,SPY190412P00277000,277.0,0,0.0,0.0,,0.0,normalDay
2019-04-10,3919.0,-1.0,0.0,0,288.29,0.0,1,0.01,0.02,SPY190412P00277000,277.0,0,0.0,0.0,,0.0,normalDay
2019-04-11,3919.0,0.0,0.0,0,288.21,0.0,1,0.01,0.01,SPY190412P00277000,277.0,0,0.0,0.0,,0.0,normalDay
2019-04-12,3920.0,0.0,1.0,0,290.16,0.0,1,0.01,0.0,SPY190412P00277000,277.0,0,0.0,0.0,,0.0,expirationDay
2019-04-15,3920.0,0.0,0.0,0,289.97,0.0,0,0.0,0.0,,0.0,0,0.0,0.0,,0.0,bidTooLow
2019-04-16,3920.0,0.0,0.0,0,290.16,0.0,0,0.0,0.0,,0.0,0,0.0,0.0,,0.0,bidTooLow
2019-04-17,3920.0,0.0,0.0,0,289.45,0.0,0,0.0,0.0,,0.0,0,0.0,0.0,,0.0,bidTooLow
2019-04-18,3920.0,0.0,0.0,0,290.02,0.0,0,0.0,0.0,,0.0,0,0.0,0.0,,0.0,bidTooLow
2019-04-22,3920.0,0.0,0.0,0,290.27,0.0,0,0.0,0.0,,0.0,0,0.0,0.0,,0.0,bidTooLow
2019-04-23,3920.0,0.0,0.0,0,292.88,0.0,0,0.0,0.0,,0.0,0,0.0,0.0,,0.0,bidTooLow
2019-04-24,3920.0,0.0,0.0,0,292.23,0.0,0,0.0,0.0,,0.0,0,0.0,0.0,,0.0,bidTooLow
2019-04-25,3920.0,0.0,0.0,0,292.05,0.0,0,0.0,0.0,,0.0,0,0.0,0.0,,0.0,bidTooLow
2019-04-26,3920.0,0.0,0.0,0,293.41,0.0,0,0.0,0.0,,0.0,0,0.0,0.0,,0.0,bidTooLow
2019-04-29,3920.0,-3.0,0.0,0,293.87,0.0,1,0.01,0.04,SPY190501P00284500,284.5,0,0.0,0.0,,0.0,normalDay
2019-04-30,3920.0,-1.0,0.0,0,294.02,0.0,1,0.01,0.02,SPY190501P00284500,284.5,0,0.0,0.0,,0.0,normalDay
2019-05-01,3921.0,0.0,1.0,0,291.81,0.0,1,0.01,0.0,SPY190501P00284500,284.5,0,0.0,0.0,,0.0,expirationDay
2019-05-02,3921.0,-3.0,0.0,0,291.18,0.0,1,0.05,0.08,SPY190503P00286500,286.5,0,0.0,0.0,,0.0,normalDay
2019-05-03,3926.0,0.0,5.0,0,294.03,0.0,1,0.05,0.0,SPY190503P00286500,286.5,0,0.0,0.0,,0.0,expirationDay
2019-05-06,3926.0,-3.0,0.0,0,292.82,0.0,1,0.14,0.17,SPY190508P00287000,287.0,0,0.0,0.0,,0.0,normalDay
2019-05-07,3926.0,-80.0,0.0,0,287.93,0.0,1,0.14,0.94,SPY190508P00287000,287.0,0,0.0,0.0,,0.0,normalDay
2019-05-08,3940.0,0.0,14.0,0,287.53,0.0,1,0.14,0.0,SPY190508P00287000,287.0,0,0.0,0.0,,0.0,expirationDay
2019-05-09,3940.0,-6.0,0.0,0,286.66,0.0,1,1.77,1.83,SPY190510P00286500,286.5,0,0.0,0.0,,0.0,normalDay
2019-05-10,4117.0,0.0,177.0,0,288.1,0.0,1,1.77,0.0,SPY190510P00286500,286.5,0,0.0,0.0,,0.0,expirationDay
2019-05-13,4117.0,-8.0,0.0,0,280.86,0.0,1,3.9,3.98,SPY190515P00284000,284.0,0,0.0,0.0,,0.0,normalDay
2019-05-14,4117.0,246.0,0.0,0,283.4,0.0,1,3.9,1.44,SPY190515P00284000,284.0,0,0.0,0.0,,0.0,normalDay
2019-05-15,4507.0,0.0,390.0,0,285.06,0.0,1,3.9,0.0,SPY190515P00284000,284.0,0,0.0,0.0,,0.0,expirationDay
2019-05-16,4507.0,-3.0,0.0,0,287.7,0.0,1,0.05,0.08,SPY190517P00282000,282.0,0,0.0,0.0,,0.0,normalDay
2019-05-17,4512.0,0.0,5.0,0,285.84,0.0,1,0.05,0.0,SPY190517P00282000,282.0,0,0.0,0.0,,0.0,expirationDay
2019-05-20,4512.0,-4.0,0.0,0,283.95,0.0,1,0.49,0.53,SPY190522P00281000,281.0,0,0.0,0.0,,0.0,normalDay
2019-05-21,4512.0,44.0,0.0,0,286.51,0.0,1,0.49,0.05,SPY190522P00281000,281.0,0,0.0,0.0,,0.0,normalDay
2019-05-22,4561.0,0.0,49.0,0,285.63,0.0,1,0.49,0.0,SPY190522P00281000,281.0,0,0.0,0.0,,0.0,expirationDay
2019-05-23,4561.0,-3.0,0.0,0,282.14,0.0,1,0.5,0.53,SPY190524P00280000,280.0,0,0.0,0.0,,0.0,normalDay
2019-05-24,4611.0,0.0,50.0,0,282.78,0.0,1,0.5,0.0,SPY190524P00280000,280.0,0,0.0,0.0,,0.0,expirationDay
2019-05-28,4611.0,-4.0,0.0,0,280.15,0.0,1,1.4,1.44,SPY190531P00279000,279.0,0,0.0,0.0,,0.0,normalDay
2019-05-29,4611.0,-58.0,0.0,0,278.27,0.0,1,1.4,1.98,SPY190531P00279000,279.0,0,0.0,0.0,,0.0,normalDay
2019-05-30,4611.0,39.0,0.0,0,279.03,0.0,1,1.4,1.01,SPY190531P00279000,279.0,0,0.0,0.0,,0.0,normalDay
2019-05-31,4751.0,-373.0,140.0,100,275.27,279.0,1,1.4,0.0,SPY190531P00279000,279.0,0,0.0,0.0,,0.0,expirationDay
2019-06-03,4751.0,-443.0,0.0,100,274.57,279.0,0,0.0,0.0,,0.0,0,0.0,0.0,,0.0,bidTooLow
2019-06-04,4751.0,153.0,0.0,100,280.53,279.0,0,0.0,0.0,,0.0,0,0.0,0.0,,0.0,bidTooLow
2019-06-05,4751.0,396.0,0.0,100,282.96,279.0,0,0.0,0.0,,0.0,0,0.0,0.0,,0.0,bidTooLow
2019-06-06,4751.0,580.0,0.0,100,284.8,279.0,0,0.0,0.0,,0.0,0,0.0,0.0,,0.0,bidTooLow
2019-06-07,4751.0,862.0,0.0,100,287.65,279.0,0,0.0,0.0,,0.0,1,0.01,0.04,SPY190610C00292000,292.0,normalDay
2019-06-10,4752.0,997.0,1.0,100,288.97,279.0,0,0.0,0.0,,0.0,1,0.01,0.0,SPY190610C00292000,292.0,expirationDay
2019-06-11,4752.0,987.0,0.0,100,288.9,279.0,0,0.0,0.0,,0.0,1,0.13,0.16,SPY190614C00293500,293.5,normalDay
2019-06-12,4752.0,947.0,0.0,100,288.39,279.0,0,0.0,0.0,,0.0,1,0.13,0.05,SPY190614C00293500,293.5,normalDay
2019-06-13,4752.0,1066.0,0.0,100,289.58,279.0,0,0.0,0.0,,0.0,1,0.13,0.05,SPY190614C00293500,293.5,normalDay
2019-06-14,4765.0,1026.0,13.0,100,289.26,279.0,0,0.0,0.0,,0.0,1,0.13,0.0,SPY190614C00293500,293.5,expirationDay
2019-06-17,4765.0,1034.0,0.0,100,289.37,279.0,0,0.0,0.0,,0.0,1,0.09,0.12,SPY190621C00295000,295.0,normalDay
2019-06-18,4765.0,1293.0,0.0,100,292.4,279.0,0,0.0,0.0,,0.0,1,0.09,0.56,SPY190621C00295000,295.0,normalDay
2019-06-19,4765.0,1379.0,0.0,100,293.06,279.0,0,0.0,0.0,,0.0,1,0.09,0.36,SPY190621C00295000,295.0,normalDay
2019-06-20,4765.0,1589.0,0.0,100,295.86,279.0,0,0.0,0.0,,0.0,1,0.09,1.06,SPY190621C00295000,295.0,normalDay
2019-06-21,4774.0,1500.0,9.0,100,294.0,279.0,0,0.0,0.0,,0.0,1,0.09,0.0,SPY190621C00295000,295.0,expirationDay
2019-06-24,4774.0,1464.0,0.0,100,293.64,279.0,0,0.0,0.0,,0.0,0,0.0,0.0,,0.0,bidTooLow
2019-06-25,4774.0,1176.0,0.0,100,290.76,279.0,0,0.0,0.0,,0.0,0,0.0,0.0,,0.0,bidTooLow
2019-06-26,4774.0,1147.0,0.0,100,290.47,279.0,0,0.0,0.0,,0.0,0,0.0,0.0,,0.0,bidTooLow
2019-06-27,4774.0,1250.0,0.0,100,291.5,279.0,0,0.0,0.0,,0.0,0,0.0,0.0,,0.0,bidTooLow
2019-06-28,4774.0,1397.0,0.0,100,293.0,279.0,0,0.0,0.0,,0.0,1,0.01,0.04,SPY190701C00301000,301.0,normalDay
2019-07-01,4775.0,1666.0,1.0,100,295.66,279.0,0,0.0,0.0,,0.0,1,0.01,0.0,SPY190701C00301000,301.0,expirationDay
2019-07-02,4775.0,1740.0,0.0,100,296.43,279.0,0,0.0,0.0,,0.0,1,0.09,0.12,SPY190705C00299500,299.5,normalDay
2019-07-03,4775.0,1939.0,0.0,100,298.8,279.0,0,0.0,0.0,,0.0,1,0.09,0.5,SPY190705C00299500,299.5,normalDay
2019-07-05,4784.0,1946.0,9.0,100,298.46,279.0,0,0.0,0.0,,0.0,1,0.09,0.0,SPY190705C00299500,299.5,expirationDay
2019-07-08,4784.0,1779.0,0.0,100,296.82,279.0,0,0.0,0.0,,0.0,1,0.1,0.13,SPY190712C00301000,301.0,normalDay
2019-07-09,4784.0,1817.0,0.0,100,297.19,279.0,0,0.0,0.0,,0.0,1,0.1,0.12,SPY190712C00301000,301.0,normalDay
2019-07-10,4784.0,1956.0,0.0,100,298.61,279.0,0,0.0,0.0,,0.0,1,0.1,0.15,SPY190712C00301000,301.0,normalDay
2019-07-11,4784.0,2033.0,0.0,100,299.31,279.0,0,0.0,0.0,,0.0,1,0.1,0.08,SPY190712C00301000,301.0,normalDay
2019-07-12,4794.0,2165.0,10.0,100,300.65,279.0,0,0.0,0.0,,0.0,1,0.1,0.0,SPY190712C00301000,301.0,expirationDay
2019-07-15,4794.0,2172.0,0.0,100,300.75,279.0,0,0.0,0.0,,0.0,1,0.1,0.13,SPY190719C00304000,304.0,normalDay
2019-07-16,4794.0,2084.0,0.0,100,299.78,279.0,0,0.0,0.0,,0.0,1,0.1,0.04,SPY190719C00304000,304.0,normalDay
2019-07-17,4794.0,1882.0,0.0,100,297.74,279.0,0,0.0,0.0,,0.0,1,0.1,0.02,SPY190719C00304000,304.0,normalDay
2019-07-18,4794.0,1992.0,0.0,100,298.83,279.0,0,0.0,0.0,,0.0,1,0.1,0.01,SPY190719C00304000,304.0,normalDay
2019-07-19,4804.0,1817.0,10.0,100,297.17,279.0,0,0.0,0.0,,0.0,1,0.1,0.0,SPY190719C00304000,304.0,expirationDay
2019-07-22,4804.0,1890.0,0.0,100,297.9,279.0,0,0.0,0.0,,0.0,0,0.0,0.0,,0.0,bidTooLow
2019-07-23,4804.0,2100.0,0.0,100,300.03,279.0,0,0.0,0.0,,0.0,1,0.02,0.05,SPY190726C00304500,304.5,normalDay
2019-07-24,4804.0,2240.0,0.0,100,301.44,279.0,0,0.0,0.0,,0.0,1,0.02,0.06,SPY190726C00304500,304.5,normalDay
2019-07-25,4804.0,2101.0,0.0,100,300.0,279.0,0,0.0,0.0,,0.0,1,0.02,0.01,SPY190726C00304500,304.5,normalDay
2019-07-26,4806.0,2301.0,2.0,100,302.01,279.0,0,0.0,0.0,,0.0,1,0.02,0.0,SPY190726C00304500,304.5,expirationDay
2019-07-29,4806.0,2242.0,0.0,100,301.46,279.0,0,0.0,0.0,,0.0,1,1.0,1.04,SPY190802C00303000,303.0,normalDay
2019-07-30,4806.0,2187.0,0.0,100,300.72,279.0,0,0.0,0.0,,0.0,1,1.0,0.85,SPY190802C00303000,303.0,normalDay
2019-07-31,4806.0,1934.0,0.0,100,297.43,279.0,0,0.0,0.0,,0.0,1,1.0,0.09,SPY190802C00303000,303.0,normalDay
2019-08-01,4806.0,1682.0,0.0,100,294.84,279.0,0,0.0,0.0,,0.0,1,1.0,0.02,SPY190802C00303000,303.0,normalDay
2019-08-02,4906.0,1362.0,100.0,100,292.62,279.0,0,0.0,0.0,,0.0,1,1.0,0.0,SPY190802C00303000,303.0,expirationDay
2019-08-05,4906.0,482.0,0.0,100,283.82,279.0,0,0.0,0.0,,0.0,0,0.0,0.0,,0.0,bidTooLow
2019-08-06,4906.0,880.0,0.0,100,287.8,279.0,0,0.0,0.0,,0.0,0,0.0,0.0,,0.0,bidTooLow
2019-08-07,4906.0,897.0,0.0,100,287.97,279.0,0,0.0,0.0,,0.0,0,0.0,0.0,,0.0,bidTooLow
2019-08-08,4906.0,1462.0,0.0,100,293.62,279.0,0,0.0,0.0,,0.0,0,0.0,0.0,,0.0,bidTooLow
2019-08-09,4906.0,1262.0,0.0,100,291.62,279.0,0,0.0,0.0,,0.0,0,0.0,0.0,,0.0,bidTooLow
2019-08-12,4906.0,907.0,0.0,100,288.07,279.0,0,0.0,0.0,,0.0,0,0.0,0.0,,0.0,bidTooLow
2019-08-13,4906.0,1355.0,0.0,100,292.55,279.0,0,0.0,0.0,,0.0,0,0.0,0.0,,0.0,bidTooLow
2019-08-14,4906.0,490.0,0.0,100,283.9,279.0,0,0.0,0.0,,0.0,0,0.0,0.0,,0.0,bidTooLow
2019-08-15,4906.0,565.0,0.0,100,284.65,279.0,0,0.0,0.0,,0.0,0,0.0,0.0,,0.0,bidTooLow
2019-08-16,4906.0,985.0,0.0,100,288.85,279.0,0,0.0,0.0,,0.0,0,0.0,0.0,,0.0,bidTooLow
2019-08-19,4906.0,1333.0,0.0,100,292.33,279.0,0,0.0,0.0,,0.0,0,0.0,0.0,,0.0,bidTooLow
2019-08-20,4906.0,1109.0,0.0,100,290.09,279.0,0,0.0,0.0,,0.0,0,0.0,0.0,,0.0,bidTooLow
2019-08-21,4906.0,1345.0,0.0,100,292.45,279.0,0,0.0,0.0,,0.0,0,0.0,0.0,,0.0,bidTooLow
2019-08-22,4906.0,1336.0,0.0,100,292.36,279.0,0,0.0,0.0,,0.0,0,0.0,0.0,,0.0,bidTooLow
2019-08-23,4906.0,585.0,0.0,100,284.85,279.0,0,0.0,0.0,,0.0,0,0.0,0.0,,0.0,bidTooLow
2019-08-26,4906.0,900.0,0.0,100,288.0,279.0,0,0.0,0.0,,0.0,0,0.0,0.0,,0.0,bidTooLow
2019-08-27,4906.0,787.0,0.0,100,286.87,279.0,0,0.0,0.0,,0.0,0,0.0,0.0,,0.0,bidTooLow
2019-08-28,4906.0,989.0,0.0,100,288.89,279.0,0,0.0,0.0,,0.0,0,0.0,0.0,,0.0,bidTooLow
2019-08-29,4906.0,1358.0,0.0,100,292.58,279.0,0,0.0,0.0,,0.0,0,0.0,0.0,,0.0,bidTooLow
2019-08-30,4906.0,1342.0,0.0,100,292.45,279.0,0,0.0,0.0,,0.0,1,0.15,0.18,SPY190903C00297000,297.0,normalDay
2019-09-03,4921.0,1174.0,15.0,100,290.74,279.0,0,0.0,0.0,,0.0,1,0.15,0.0,SPY190903C00297000,297.0,expirationDay
2019-09-04,4921.0,1501.0,0.0,100,294.04,279.0,0,0.0,0.0,,0.0,1,0.13,0.16,SPY190906C00297500,297.5,normalDay
2019-09-05,4921.0,1804.0,0.0,100,297.82,279.0,0,0.0,0.0,,0.0,1,0.13,0.91,SPY190906C00297500,297.5,normalDay
2019-09-06,6784.0,1804.0,1863.0,0,298.05,0.0,0,0.0,0.0,,0.0,1,0.13,0.0,SPY190906C00297500,297.5,expirationDay
2019-09-09,6784.0,0.0,0.0,0,298.2,0.0,0,0.0,0.0,,0.0,0,0.0,0.0,,0.0,bidTooLow
2019-09-10,6784.0,-3.0,0.0,0,298.13,0.0,1,0.01,0.04,SPY190913P00282500,282.5,0,0.0,0.0,,0.0,normalDay
2019-09-11,6784.0,-1.0,0.0,0,300.25,0.0,1,0.01,0.02,SPY190913P00282500,282.5,0,0.0,0.0,,0.0,normalDay
2019-09-12,6784.0,-1.0,0.0,0,301.29,0.0,1,0.01,0.02,SPY190913P00282500,282.5,0,0.0,0.0,,0.0,normalDay
2019-09-13,6785.0,0.0,1.0,0,301.09,0.0,1,0.01,0.0,SPY190913P00282500,282.5,0,0.0,0.0,,0.0,expirationDay
2019-09-16,6785.0,0.0,0.0,0,300.16,0.0,0,0.0,0.0,,0.0,0,0.0,0.0,,0.0,bidTooLow
2019-09-17,6785.0,-3.0,0.0,0,300.92,0.0,1,0.06,0.09,SPY190920P00284000,284.0,0,0.0,0.0,,0.0,normalDay
2019-09-18,6785.0,0.0,0.0,0,301.1,0.0,1,0.06,0.06,SPY190920P00284000,284.0,0,0.0,0.0,,0.0,normalDay
2019-09-19,6785.0,1.0,0.0,0,301.08,0.0,1,0.06,0.05,SPY190920P00284000,284.0,0,0.0,0.0,,0.0,normalDay
2019-09-20,6791.0,0.0,6.0,0,298.28,0.0,1,0.06,0.0,SPY190920P00284000,284.0,0,0.0,0.0,,0.0,expirationDay
2019-09-23,6791.0,0.0,0.0,0,298.21,0.0,0,0.0,0.0,,0.0,0,0.0,0.0,,0.0,bidTooLow
2019-09-24,6791.0,-3.0,0.0,0,295.87,0.0,1,0.23,0.26,SPY190927P00288000,288.0,0,0.0,0.0,,0.0,normalDay
2019-09-25,6791.0,15.0,0.0,0,297.62,0.0,1,0.23,0.08,SPY190927P00288000,288.0,0,0.0,0.0,,0.0,normalDay
2019-09-26,6791.0,21.0,0.0,0,297.0,0.0,1,0.23,0.02,SPY190927P00288000,288.0,0,0.0,0.0,,0.0,normalDay
2019-09-27,6814.0,0.0,23.0,0,295.4,0.0,1,0.23,0.0,SPY190927P00288000,288.0,0,0.0,0.0,,0.0,expirationDay
2019-09-30,6814.0,-3.0,0.0,0,296.77,0.0,1,0.21,0.24,SPY191002P00293000,293.0,0,0.0,0.0,,0.0,normalDay
2019-10-01,6814.0,-74.0,0.0,0,293.24,0.0,1,0.21,0.95,SPY191002P00293000,293.0,0,0.0,0.0,,0.0,normalDay
2019-10-02,6835.0,-494.0,21.0,100,288.06,293.0,1,0.21,0.0,SPY191002P00293000,293.0,0,0.0,0.0,,0.0,expirationDay
2019-10-03,6835.0,-258.0,0.0,100,290.42,293.0,0,0.0,0.0,,0.0,0,0.0,0.0,,0.0,bidTooLow
2019-10-04,6835.0,135.0,0.0,100,294.35,293.0,0,0.0,0.0,,0.0,0,0.0,0.0,,0.0,bidTooLow
2019-10-07,6835.0,8.0,0.0,100,293.08,293.0,0,0.0,0.0,,0.0,0,0.0,0.0,,0.0,bidTooLow
2019-10-08,6835.0,-447.0,0.0,100,288.53,293.0,0,0.0,0.0,,0.0,0,0.0,0.0,,0.0,bidTooLow
2019-10-09,6835.0,-173.0,0.0,100,291.27,293.0,0,0.0,0.0,,0.0,0,0.0,0.0,,0.0,bidTooLow
2019-10-10,6835.0,24.0,0.0,100,293.24,293.0,0,0.0,0.0,,0.0,0,0.0,0.0,,0.0,bidTooLow
2019-10-11,6835.0,328.0,0.0,100,296.28,293.0,0,0.0,0.0,,0.0,0,0.0,0.0,,0.0,bidTooLow
2019-10-14,6835.0,295.0,0.0,100,295.95,293.0,0,0.0,0.0,,0.0,0,0.0,0.0,,0.0,bidTooLow
2019-10-15,6835.0,585.0,0.0,100,298.88,293.0,0,0.0,0.0,,0.0,1,0.07,0.1,SPY191018C00304000,304.0,normalDay
2019-10-16,6835.0,544.0,0.0,100,298.4,293.0,0,0.0,0.0,,0.0,1,0.07,0.03,SPY191018C00304000,304.0,normalDay
2019-10-17,6835.0,633.0,0.0,100,299.28,293.0,0,0.0,0.0,,0.0,1,0.07,0.02,SPY191018C00304000,304.0,normalDay
2019-10-18,6842.0,497.0,7.0,100,297.97,293.0,0,0.0,0.0,,0.0,1,0.07,0.0,SPY191018C00304000,304.0,expirationDay
2019-10-21,6842.0,696.0,0.0,100,299.99,293.0,0,0.0,0.0,,0.0,1,0.19,0.22,SPY191025C00303500,303.5,normalDay
2019-10-22,6842.0,612.0,0.0,100,299.01,293.0,0,0.0,0.0,,0.0,1,0.19,0.08,SPY191025C00303500,303.5,normalDay
2019-10-23,6842.0,700.0,0.0,100,299.88,293.0,0,0.0,0.0,,0.0,1,0.19,0.07,SPY191025C00303500,303.5,normalDay
2019-10-24,6842.0,753.0,0.0,100,300.37,293.0,0,0.0,0.0,,0.0,1,0.19,0.03,SPY191025C00303500,303.5,normalDay
2019-10-25,6861.0,860.0,19.0,100,301.6,293.0,0,0.0,0.0,,0.0,1,0.19,0.0,SPY191025C00303500,303.5,expirationDay
2019-10-28,6861.0,1026.0,0.0,100,303.3,293.0,0,0.0,0.0,,0.0,1,0.17,0.21,SPY191101C00307000,307.0,normalDay
2019-10-29,6861.0,1023.0,0.0,100,303.21,293.0,0,0.0,0.0,,0.0,1,0.17,0.15,SPY191101C00307000,307.0,normalDay
2019-10-30,6861.0,1117.0,0.0,100,304.14,293.0,0,0.0,0.0,,0.0,1,0.17,0.14,SPY191101C00307000,307.0,normalDay
2019-10-31,6861.0,1048.0,0.0,100,303.33,293.0,0,0.0,0.0,,0.0,1,0.17,0.02,SPY191101C00307000,307.0,normalDay
2019-11-01,6878.0,1314.0,17.0,100,306.14,293.0,0,0.0,0.0,,0.0,1,0.17,0.0,SPY191101C00307000,307.0,expirationDay
2019-11-04,6878.0,1434.0,0.0,100,307.37,293.0,0,0.0,0.0,,0.0,1,0.12,0.15,SPY191108C00311000,311.0,normalDay
2019-11-05,6878.0,1407.0,0.0,100,307.03,293.0,0,0.0,0.0,,0.0,1,0.12,0.08,SPY191108C00311000,311.0,normalDay
2019-11-06,6878.0,1419.0,0.0,100,307.1,293.0,0,0.0,0.0,,0.0,1,0.12,0.03,SPY191108C00311000,311.0,normalDay
2019-11-07,6878.0,1527.0,0.0,100,308.18,293.0,0,0.0,0.0,,0.0,1,0.12,0.03,SPY191108C00311000,311.0,normalDay
2019-11-08,6890.0,1594.0,12.0,100,308.94,293.0,0,0.0,0.0,,0.0,1,0.12,0.0,SPY191108C00311000,311.0,expirationDay
2019-11-11,6890.0,1532.0,0.0,100,308.35,293.0,0,0.0,0.0,,0.0,1,0.08,0.11,SPY191115C00312500,312.5,normalDay
2019-11-12,6890.0,1600.0,0.0,100,309.0,293.0,0,0.0,0.0,,0.0,1,0.08,0.08,SPY191115C00312500,312.5,normalDay
2019-11-13,6890.0,1613.0,0.0,100,309.1,293.0,0,0.0,0.0,,0.0,1,0.08,0.05,SPY191115C00312500,312.5,normalDay
2019-11-14,6890.0,1660.0,0.0,100,309.55,293.0,0,0.0,0.0,,0.0,1,0.08,0.03,SPY191115C00312500,312.5,normalDay
2019-11-15,6898.0,1879.0,8.0,100,311.79,293.0,0,0.0,0.0,,0.0,1,0.08,0.0,SPY191115C00312500,312.5,expirationDay
2019-11-18,6898.0,1899.0,0.0,100,312.02,293.0,0,0.0,0.0,,0.0,1,0.17,0.2,SPY191122C00315000,315.0,normalDay
2019-11-19,6898.0,1899.0,0.0,100,311.93,293.0,0,0.0,0.0,,0.0,1,0.17,0.11,SPY191122C00315000,315.0,normalDay
2019-11-20,6898.0,1792.0,0.0,100,310.77,293.0,0,0.0,0.0,,0.0,1,0.17,0.02,SPY191122C00315000,315.0,normalDay
2019-11-21,6898.0,1743.0,0.0,100,310.27,293.0,0,0.0,0.0,,0.0,1,0.17,0.01,SPY191122C00315000,315.0,normalDay
2019-11-22,6915.0,1796.0,17.0,100,310.96,293.0,0,0.0,0.0,,0.0,1,0.17,0.0,SPY191122C00315000,315.0,expirationDay
2019-11-25,6915.0,2034.0,0.0,100,313.37,293.0,0,0.0,0.0,,0.0,1,0.09,0.12,SPY191129C00316000,316.0,normalDay
2019-11-26,6915.0,2102.0,0.0,100,314.08,293.0,0,0.0,0.0,,0.0,1,0.09,0.15,SPY191129C00316000,316.0,normalDay
2019-11-27,6915.0,2228.0,0.0,100,315.48,293.0,0,0.0,0.0,,0.0,1,0.09,0.29,SPY191129C00316000,316.0,normalDay
2019-11-29,6924.0,2131.0,9.0,100,314.31,293.0,0,0.0,0.0,,0.0,1,0.09,0.0,SPY191129C00316000,316.0,expirationDay
2019-12-02,6924.0,1861.0,0.0,100,311.64,293.0,0,0.0,0.0,,0.0,1,0.05,0.08,SPY191206C00317000,317.0,normalDay
2019-12-03,6924.0,1658.0,0.0,100,309.55,293.0,0,0.0,0.0,,0.0,1,0.05,0.02,SPY191206C00317000,317.0,normalDay
2019-12-04,6924.0,1849.0,0.0,100,311.46,293.0,0,0.0,0.0,,0.0,1,0.05,0.02,SPY191206C00317000,317.0,normalDay
2019-12-05,6924.0,1906.0,0.0,100,312.02,293.0,0,0.0,0.0,,0.0,1,0.05,0.01,SPY191206C00317000,317.0,normalDay
2019-12-06,6929.0,2187.0,5.0,100,314.87,293.0,0,0.0,0.0,,0.0,1,0.05,0.0,SPY191206C00317000,317.0,expirationDay
2019-12-09,6929.0,2085.0,0.0,100,313.88,293.0,0,0.0,0.0,,0.0,1,0.46,0.49,SPY191213C00316500,316.5,normalDay
2019-12-10,6929.0,2059.0,0.0,100,313.53,293.0,0,0.0,0.0,,0.0,1,0.46,0.4,SPY191213C00316500,316.5,normalDay
2019-12-11,6929.0,2153.0,0.0,100,314.42,293.0,0,0.0,0.0,,0.0,1,0.46,0.35,SPY191213C00316500,316.5,normalDay
2019-12-12,6929.0,2327.0,0.0,100,317.13,293.0,0,0.0,0.0,,0.0,1,0.46,1.32,SPY191213C00316500,316.5,normalDay
2019-12-13,9325.0,2327.0,2396.0,0,317.32,0.0,0,0.0,0.0,,0.0,1,0.46,0.0,SPY191213C00316500,316.5,expirationDay
2019-12-16,9325.0,-3.0,0.0,0,319.5,0.0,1,0.03,0.06,SPY191218P00308500,308.5,0,0.0,0.0,,0.0,normalDay
2019-12-17,9325.0,1.0,0.0,0,319.57,0.0,1,0.03,0.02,SPY191218P00308500,308.5,0,0.0,0.0,,0.0,normalDay
2019-12-18,9328.0,0.0,3.0,0,319.59,0.0,1,0.03,0.0,SPY191218P00308500,308.5,0,0.0,0.0,,0.0,expirationDay
2019-12-19,9328.0,-3.0,0.0,0,320.9,0.0,1,0.01,0.04,SPY191220P00308000,308.0,0,0.0,0.0,,0.0,normalDay
2019-12-20,9329.0,0.0,1.0,0,320.73,0.0,1,0.01,0.0,SPY191220P00308000,308.0,0,0.0,0.0,,0.0,expirationDay
2019-12-23,9329.0,0.0,0.0,0,321.22,0.0,0,0.0,0.0,,0.0,0,0.0,0.0,,0.0,bidTooLow
2019-12-24,9329.0,0.0,0.0,0,321.23,0.0,0,0.0,0.0,,0.0,0,0.0,0.0,,0.0,bidTooLow
2019-12-26,9329.0,0.0,0.0,0,322.94,0.0,0,0.0,0.0,,0.0,0,0.0,0.0,,0.0,bidTooLow
2019-12-27,9329.0,0.0,0.0,0,322.86,0.0,0,0.0,0.0,,0.0,0,0.0,0.0,,0.0,bidTooLow
2019-12-30,9329.0,0.0,0.0,0,321.08,0.0,0,0.0,0.0,,0.0,0,0.0,0.0,,0.0,bidTooLow
2019-12-31,9329.0,-3.0,0.0,0,321.86,0.0,1,0.07,0.1,SPY200103P00309500,309.5,0,0.0,0.0,,0.0,normalDay
2020-01-02,9329.0,6.0,0.0,0,324.87,0.0,1,0.07,0.01,SPY200103P00309500,309.5,0,0.0,0.0,,0.0,normalDay
2020-01-03,9336.0,0.0,7.0,0,322.41,0.0,1,0.07,0.0,SPY200103P00309500,309.5,0,0.0,0.0,,0.0,expirationDay
2020-01-06,9336.0,0.0,0.0,0,323.64,0.0,0,0.0,0.0,,0.0,0,0.0,0.0,,0.0,bidTooLow
2020-01-07,9336.0,-3.0,0.0,0,322.73,0.0,1,0.06,0.09,SPY200110P00314000,314.0,0,0.0,0.0,,0.0,normalDay
2020-01-08,9336.0,-2.0,0.0,0,324.45,0.0,1,0.06,0.08,SPY200110P00314000,314.0,0,0.0,0.0,,0.0,normalDay
2020-01-09,9336.0,4.0,0.0,0,326.65,0.0,1,0.06,0.02,SPY200110P00314000,314.0,0,0.0,0.0,,0.0,normalDay
2020-01-10,9342.0,0.0,6.0,0,325.71,0.0,1,0.06,0.0,SPY200110P00314000,314.0,0,0.0,0.0,,0.0,expirationDay
2020-01-13,9342.0,0.0,0.0,0,327.95,0.0,0,0.0,0.0,,0.0,0,0.0,0.0,,0.0,bidTooLow
2020-01-14,9342.0,-3.0,0.0,0,327.45,0.0,1,0.04,0.07,SPY200117P00317500,317.5,0,0.0,0.0,,0.0,normalDay
2020-01-15,9342.0,0.0,0.0,0,328.19,0.0,1,0.04,0.04,SPY200117P00317500,317.5,0,0.0,0.0,,0.0,normalDay
2020-01-16,9342.0,2.0,0.0,0,330.92,0.0,1,0.04,0.02,SPY200117P00317500,317.5,0,0.0,0.0,,0.0,normalDay
2020-01-17,9346.0,0.0,4.0,0,331.95,0.0,1,0.04,0.0,SPY200117P00317500,317.5,0,0.0,0.0,,0.0,expirationDay
2020-01-21,9346.0,0.0,0.0,0,331.3,0.0,0,0.0,0.0,,0.0,0,0.0,0.0,,0.0,bidTooLow
2020-01-22,9346.0,0.0,0.0,0,331.34,0.0,0,0.0,0.0,,0.0,0,0.0,0.0,,0.0,bidTooLow
2020-01-23,9346.0,0.0,0.0,0,331.72,0.0,0,0.0,0.0,,0.0,0,0.0,0.0,,0.0,bidTooLow
2020-01-24,9346.0,-3.0,0.0,0,328.77,0.0,1,0.04,0.07,SPY200127P00319000,319.0,0,0.0,0.0,,0.0,normalDay
2020-01-27,9350.0,0.0,4.0,0,323.5,0.0,1,0.04,0.0,SPY200127P00319000,319.0,0,0.0,0.0,,0.0,expirationDay
2020-01-28,9350.0,-3.0,0.0,0,326.89,0.0,1,0.41,0.44,SPY200131P00319500,319.5,0,0.0,0.0,,0.0,normalDay
2020-01-29,9350.0,19.0,0.0,0,326.62,0.0,1,0.41,0.22,SPY200131P00319500,319.5,0,0.0,0.0,,0.0,normalDay
2020-01-30,9350.0,36.0,0.0,0,327.68,0.0,1,0.41,0.05,SPY200131P00319500,319.5,0,0.0,0.0,,0.0,normalDay
2020-01-31,9391.0,0.0,41.0,0,321.73,0.0,1,0.41,0.0,SPY200131P00319500,319.5,0,0.0,0.0,,0.0,expirationDay
2020-02-03,9391.0,-3.0,0.0,0,324.12,0.0,1,1.1,1.13,SPY200205P00321000,321.0,0,0.0,0.0,,0.0,normalDay
2020-02-04,9391.0,106.0,0.0,0,329.06,0.0,1,1.1,0.04,SPY200205P00321000,321.0,0,0.0,0.0,,0.0,normalDay
2020-02-05,9501.0,0.0,110.0,0,332.86,0.0,1,1.1,0.0,SPY200205P00321000,321.0,0,0.0,0.0,,0.0,expirationDay
2020-02-06,9501.0,0.0,0.0,0,333.98,0.0,0,0.0,0.0,,0.0,0,0.0,0.0,,0.0,bidTooLow
2020-02-07,9501.0,0.0,0.0,0,332.2,0.0,0,0.0,0.0,,0.0,0,0.0,0.0,,0.0,bidTooLow
2020-02-10,9501.0,0.0,0.0,0,334.68,0.0,0,0.0,0.0,,0.0,0,0.0,0.0,,0.0,bidTooLow
2020-02-11,9501.0,-3.0,0.0,0,335.26,0.0,1,0.03,0.06,SPY200214P00322000,322.0,0,0.0,0.0,,0.0,normalDay
2020-02-12,9501.0,1.0,0.0,0,337.42,0.0,1,0.03,0.02,SPY200214P00322000,322.0,0,0.0,0.0,,0.0,normalDay
2020-02-13,9501.0,2.0,0.0,0,337.06,0.0,1,0.03,0.01,SPY200214P00322000,322.0,0,0.0,0.0,,0.0,normalDay
2020-02-14,9504.0,0.0,3.0,0,337.6,0.0,1,0.03,0.0,SPY200214P00322000,322.0,0,0.0,0.0,,0.0,expirationDay
2020-02-18,9504.0,-3.0,0.0,0,336.73,0.0,1,0.01,0.04,SPY200221P00321000,321.0,0,0.0,0.0,,0.0,normalDay
2020-02-19,9504.0,-2.0,0.0,0,338.34,0.0,1,0.01,0.03,SPY200221P00321000,321.0,0,0.0,0.0,,0.0,normalDay
2020-02-20,9504.0,-1.0,0.0,0,336.95,0.0,1,0.01,0.02,SPY200221P00321000,321.0,0,0.0,0.0,,0.0,normalDay
2020-02-21,9505.0,0.0,1.0,0,333.48,0.0,1,0.01,0.0,SPY200221P00321000,321.0,0,0.0,0.0,,0.0,expirationDay
2020-02-24,9505.0,-5.0,0.0,0,322.42,0.0,1,2.42,2.47,SPY200226P00320000,320.0,0,0.0,0.0,,0.0,normalDay
2020-02-25,9505.0,-476.0,0.0,0,312.65,0.0,1,2.42,7.18,SPY200226P00320000,320.0,0,0.0,0.0,,0.0,normalDay
2020-02-26,9747.0,-850.0,242.0,100,311.5,320.0,1,2.42,0.0,SPY200226P00320000,320.0,0,0.0,0.0,,0.0,expirationDay
2020-02-27,9747.0,-2249.0,0.0,100,297.51,320.0,0,0.0,0.0,,0.0,0,0.0,0.0,,0.0,bidTooLow
2020-02-28,9747.0,-2374.0,0.0,100,296.26,320.0,0,0.0,0.0,,0.0,0,0.0,0.0,,0.0,bidTooLow
2020-03-02,9747.0,-1091.0,0.0,100,309.09,320.0,0,0.0,0.0,,0.0,0,0.0,0.0,,0.0,bidTooLow
2020-03-03,9747.0,-1976.0,0.0,100,300.24,320.0,0,0.0,0.0,,0.0,0,0.0,0.0,,0.0,bidTooLow
2020-03-04,9747.0,-714.0,0.0,100,312.86,320.0,0,0.0,0.0,,0.0,0,0.0,0.0,,0.0,bidTooLow
2020-03-05,9747.0,-1754.0,0.0,100,302.46,320.0,0,0.0,0.0,,0.0,0,0.0,0.0,,0.0,bidTooLow
2020-03-06,9747.0,-2254.0,0.0,100,297.46,320.0,0,0.0,0.0,,0.0,0,0.0,0.0,,0.0,bidTooLow
2020-03-09,9747.0,-4577.0,0.0,100,274.23,320.0,0,0.0,0.0,,0.0,0,0.0,0.0,,0.0,bidTooLow
2020-03-10,9747.0,-3158.0,0.0,100,288.42,320.0,0,0.0,0.0,,0.0,0,0.0,0.0,,0.0,bidTooLow
2020-03-11,9747.0,-4564.0,0.0,100,274.36,320.0,0,0.0,0.0,,0.0,0,0.0,0.0,,0.0,bidTooLow
2020-03-12,9747.0,-7189.0,0.0,100,248.11,320.0,0,0.0,0.0,,0.0,0,0.0,0.0,,0.0,bidTooLow
2020-03-13,9747.0,-5068.0,0.0,100,269.32,320.0,0,0.0,0.0,,0.0,0,0.0,0.0,,0.0,bidTooLow
2020-03-16,9747.0,-8015.0,0.0,100,239.85,320.0,0,0.0,0.0,,0.0,0,0.0,0.0,,0.0,bidTooLow
2020-03-17,9747.0,-6720.0,0.0,100,252.8,320.0,0,0.0,0.0,,0.0,0,0.0,0.0,,0.0,bidTooLow
2020-03-18,9747.0,-8000.0,0.0,100,240.0,320.0,0,0.0,0.0,,0.0,0,0.0,0.0,,0.0,bidTooLow
2020-03-19,9747.0,-7949.0,0.0,100,240.51,320.0,0,0.0,0.0,,0.0,0,0.0,0.0,,0.0,bidTooLow
2020-03-20,9747.0,-9120.0,0.0,100,228.8,320.0,0,0.0,0.0,,0.0,0,0.0,0.0,,0.0,bidTooLow
2020-03-23,9747.0,-9705.0,0.0,100,222.95,320.0,0,0.0,0.0,,0.0,0,0.0,0.0,,0.0,bidTooLow
2020-03-24,9747.0,-7685.0,0.0,100,243.15,320.0,0,0.0,0.0,,0.0,0,0.0,0.0,,0.0,bidTooLow
2020-03-25,9747.0,-7321.0,0.0,100,246.79,320.0,0,0.0,0.0,,0.0,0,0.0,0.0,,0.0,bidTooLow
2020-03-26,9747.0,-5880.0,0.0,100,261.2,320.0,0,0.0,0.0,,0.0,0,0.0,0.0,,0.0,bidTooLow
2020-03-27,9747.0,-6658.0,0.0,100,253.42,320.0,0,0.0,0.0,,0.0,0,0.0,0.0,,0.0,bidTooLow
2020-03-30,9747.0,-5835.0,0.0,100,261.65,320.0,0,0.0,0.0,,0.0,0,0.0,0.0,,0.0,bidTooLow
2020-03-31,9747.0,-6225.0,0.0,100,257.75,320.0,0,0.0,0.0,,0.0,0,0.0,0.0,,0.0,bidTooLow
2020-04-01,9747.0,-7385.0,0.0,100,246.15,320.0,0,0.0,0.0,,0.0,0,0.0,0.0,,0.0,bidTooLow
2020-04-02,9747.0,-6817.0,0.0,100,251.83,320.0,0,0.0,0.0,,0.0,0,0.0,0.0,,0.0,bidTooLow
2020-04-03,9747.0,-7181.0,0.0,100,248.19,320.0,0,0.0,0.0,,0.0,0,0.0,0.0,,0.0,bidTooLow
2020-04-06,9747.0,-5517.0,0.0,100,264.86,320.0,0,0.0,0.0,,0.0,1,0.03,0.06,SPY200409C00289000,289.0,normalDay
2020-04-07,9747.0,-5488.0,0.0,100,265.13,320.0,0,0.0,0.0,,0.0,1,0.03,0.04,SPY200409C00289000,289.0,normalDay
2020-04-08,9747.0,-4598.0,0.0,100,274.03,320.0,0,0.0,0.0,,0.0,1,0.03,0.04,SPY200409C00289000,289.0,normalDay
2020-04-09,9750.0,-4180.0,3.0,100,278.2,320.0,0,0.0,0.0,,0.0,1,0.03,0.0,SPY200409C00289000,289.0,expirationDay
2020-04-13,9750.0,-4438.0,0.0,100,275.66,320.0,0,0.0,0.0,,0.0,1,0.67,0.71,SPY200417C00288000,288.0,normalDay
2020-04-14,9750.0,-3770.0,0.0,100,283.79,320.0,0,0.0,0.0,,0.0,1,0.67,2.16,SPY200417C00288000,288.0,normalDay
2020-04-15,9750.0,-4201.0,0.0,100,277.76,320.0,0,0.0,0.0,,0.0,1,0.67,0.44,SPY200417C00288000,288.0,normalDay
2020-04-16,9750.0,-4041.0,0.0,100,279.1,320.0,0,0.0,0.0,,0.0,1,0.67,0.18,SPY200417C00288000,288.0,normalDay
2020-04-17,9817.0,-3336.0,67.0,100,286.64,320.0,0,0.0,0.0,,0.0,1,0.67,0.0,SPY200417C00288000,288.0,expirationDay
2020-04-20,9817.0,-3844.0,0.0,100,281.59,320.0,0,0.0,0.0,,0.0,1,0.04,0.07,SPY200424C00303000,303.0,normalDay
2020-04-21,9817.0,-4694.0,0.0,100,273.04,320.0,0,0.0,0.0,,0.0,1,0.04,0.02,SPY200424C00303000,303.0,normalDay
2020-04-22,9817.0,-4087.0,0.0,100,279.1,320.0,0,0.0,0.0,,0.0,1,0.04,0.01,SPY200424C00303000,303.0,normalDay
2020-04-23,9817.0,-4089.0,0.0,100,279.08,320.0,0,0.0,0.0,,0.0,1,0.04,0.01,SPY200424C00303000,303.0,normalDay
2020-04-24,9821.0,-3703.0,4.0,100,282.97,320.0,0,0.0,0.0,,0.0,1,0.04,0.0,SPY200424C00303000,303.0,expirationDay
2020-04-27,9821.0,-3298.0,0.0,100,287.05,320.0,0,0.0,0.0,,0.0,1,0.07,0.1,SPY200501C00302000,302.0,normalDay
2020-04-28,9821.0,-3426.0,0.0,100,285.73,320.0,0,0.0,0.0,,0.0,1,0.07,0.06,SPY200501C00302000,302.0,normalDay
2020-04-29,9821.0,-2693.0,0.0,100,293.21,320.0,0,0.0,0.0,,0.0,1,0.07,0.21,SPY200501C00302000,302.0,normalDay
2020-04-30,9821.0,-2948.0,0.0,100,290.48,320.0,0,0.0,0.0,,0.0,1,0.07,0.03,SPY200501C00302000,302.0,normalDay
2020-05-01,9828.0,-3721.0,7.0,100,282.79,320.0,0,0.0,0.0,,0.0,1,0.07,0.0,SPY200501C00302000,302.0,expirationDay
2020-05-04,9828.0,-3646.0,0.0,100,283.57,320.0,0,0.0,0.0,,0.0,1,0.07,0.1,SPY200508C00298000,298.0,normalDay
2020-05-05,9828.0,-3386.0,0.0,100,286.19,320.0,0,0.0,0.0,,0.0,1,0.07,0.12,SPY200508C00298000,298.0,normalDay
2020-05-06,9828.0,-3572.0,0.0,100,284.25,320.0,0,0.0,0.0,,0.0,1,0.07,0.04,SPY200508C00298000,298.0,normalDay
2020-05-07,9828.0,-3227.0,0.0,100,287.68,320.0,0,0.0,0.0,,0.0,1,0.07,0.02,SPY200508C00298000,298.0,normalDay
2020-05-08,9835.0,-2756.0,7.0,100,292.44,320.0,0,0.0,0.0,,0.0,1,0.07,0.0,SPY200508C00298000,298.0,expirationDay
2020-05-11,9835.0,-2753.0,0.0,100,292.5,320.0,0,0.0,0.0,,0.0,1,0.91,0.94,SPY200515C00297000,297.0,normalDay
2020-05-12,9835.0,-3265.0,0.0,100,286.67,320.0,0,0.0,0.0,,0.0,1,0.91,0.23,SPY200515C00297000,297.0,normalDay
2020-05-13,9835.0,-3753.0,0.0,100,281.6,320.0,0,0.0,0.0,,0.0,1,0.91,0.04,SPY200515C00297000,297.0,normalDay
2020-05-14,9835.0,-3414.0,0.0,100,284.97,320.0,0,0.0,0.0,,0.0,1,0.91,0.02,SPY200515C00297000,297.0,normalDay
2020-05-15,9926.0,-3372.0,91.0,100,286.28,320.0,0,0.0,0.0,,0.0,1,0.91,0.0,SPY200515C00297000,297.0,expirationDay
2020-05-18,9926.0,-2504.0,0.0,100,295.0,320.0,0,0.0,0.0,,0.0,1,1.37,1.41,SPY200522C00299000,299.0,normalDay
2020-05-19,9926.0,-2730.0,0.0,100,291.97,320.0,0,0.0,0.0,,0.0,1,1.37,0.64,SPY200522C00299000,299.0,normalDay
2020-05-20,9926.0,-2310.0,0.0,100,296.93,320.0,0,0.0,0.0,,0.0,1,1.37,1.4,SPY200522C00299000,299.0,normalDay
2020-05-21,9926.0,-2400.0,0.0,100,294.88,320.0,0,0.0,0.0,,0.0,1,1.37,0.25,SPY200522C00299000,299.0,normalDay
2020-05-22,10063.0,-2456.0,137.0,100,295.44,320.0,0,0.0,0.0,,0.0,1,1.37,0.0,SPY200522C00299000,299.0,expirationDay
2020-05-26,10063.0,-2096.0,0.0,100,299.08,320.0,0,0.0,0.0,,0.0,1,1.25,1.29,SPY200529C00302000,302.0,normalDay
2020-05-27,10063.0,-1843.0,0.0,100,303.53,320.0,0,0.0,0.0,,0.0,1,1.25,3.21,SPY200529C00302000,302.0,normalDay
2020-05-28,10063.0,-1862.0,0.0,100,302.97,320.0,0,0.0,0.0,,0.0,1,1.25,2.84,SPY200529C00302000,302.0,normalDay
2020-05-29,8388.0,-1862.0,-1675.0,0,304.32,0.0,0,0.0,0.0,,0.0,1,1.25,0.0,SPY200529C00302000,302.0,expirationDay
2020-06-01,8388.0,0.0,0.0,0,305.55,0.0,0,0.0,0.0,,0.0,0,0.0,0.0,,0.0,bidTooLow
2020-06-02,8388.0,0.0,0.0,0,308.08,0.0,0,0.0,0.0,,0.0,0,0.0,0.0,,0.0,bidTooLow
2020-06-03,8388.0,0.0,0.0,0,312.18,0.0,0,0.0,0.0,,0.0,0,0.0,0.0,,0.0,bidTooLow
2020-06-04,8388.0,0.0,0.0,0,311.36,0.0,0,0.0,0.0,,0.0,0,0.0,0.0,,0.0,bidTooLow
2020-06-05,8388.0,0.0,0.0,0,319.34,0.0,0,0.0,0.0,,0.0,0,0.0,0.0,,0.0,bidTooLow
2020-06-08,8388.0,0.0,0.0,0,323.2,0.0,0,0.0,0.0,,0.0,0,0.0,0.0,,0.0,bidTooLow
2020-06-09,8388.0,-3.0,0.0,0,320.79,0.0,1,0.01,0.04,SPY200612P00277000,277.0,0,0.0,0.0,,0.0,normalDay
2020-06-10,8388.0,-1.0,0.0,0,319.0,0.0,1,0.01,0.02,SPY200612P00277000,277.0,0,0.0,0.0,,0.0,normalDay
2020-06-11,8388.0,-11.0,0.0,0,300.61,0.0,1,0.01,0.12,SPY200612P00277000,277.0,0,0.0,0.0,,0.0,normalDay
2020-06-12,8389.0,0.0,1.0,0,304.21,0.0,1,0.01,0.0,SPY200612P00277000,277.0,0,0.0,0.0,,0.0,expirationDay
2020-06-15,8389.0,-3.0,0.0,0,307.05,0.0,1,0.12,0.15,SPY200617P00287000,287.0,0,0.0,0.0,,0.0,normalDay
2020-06-16,8389.0,10.0,0.0,0,312.96,0.0,1,0.12,0.02,SPY200617P00287000,287.0,0,0.0,0.0,,0.0,normalDay
2020-06-17,8401.0,0.0,12.0,0,311.66,0.0,1,0.12,0.0,SPY200617P00287000,287.0,0,0.0,0.0,,0.0,expirationDay
2020-06-18,8401.0,-3.0,0.0,0,311.78,0.0,1,0.03,0.06,SPY200619P00292000,292.0,0,0.0,0.0,,0.0,normalDay
2020-06-19,8404.0,0.0,3.0,0,308.64,0.0,1,0.03,0.0,SPY200619P00292000,292.0,0,0.0,0.0,,0.0,expirationDay
2020-06-22,8404.0,-3.0,0.0,0,310.62,0.0,1,0.11,0.14,SPY200624P00296000,296.0,0,0.0,0.0,,0.0,normalDay
2020-06-23,8404.0,8.0,0.0,0,312.05,0.0,1,0.11,0.03,SPY200624P00296000,296.0,0,0.0,0.0,,0.0,normalDay
2020-06-24,8415.0,0.0,11.0,0,304.09,0.0,1,0.11,0.0,SPY200624P00296000,296.0,0,0.0,0.0,,0.0,expirationDay
2020-06-25,8415.0,-3.0,0.0,0,307.35,0.0,1,0.15,0.18,SPY200626P00299000,299.0,0,0.0,0.0,,0.0,normalDay
2020-06-26,8430.0,0.0,15.0,0,300.05,0.0,1,0.15,0.0,SPY200626P00299000,299.0,0,0.0,0.0,,0.0,expirationDay
2020-06-29,8430.0,-5.0,0.0,0,304.46,0.0,1,1.34,1.39,SPY200702P00298000,298.0,0,0.0,0.0,,0.0,normalDay
2020-06-30,8430.0,92.0,0.0,0,308.36,0.0,1,1.34,0.42,SPY200702P00298000,298.0,0,0.0,0.0,,0.0,normalDay
2020-07-01,8430.0,126.0,0.0,0,310.52,0.0,1,1.34,0.08,SPY200702P00298000,298.0,0,0.0,0.0,,0.0,normalDay
2020-07-02,8564.0,0.0,134.0,0,312.23,0.0,1,1.34,0.0,SPY200702P00298000,298.0,0,0.0,0.0,,0.0,expirationDay
2020-07-06,8564.0,0.0,0.0,0,317.05,0.0,0,0.0,0.0,,0.0,0,0.0,0.0,,0.0,bidTooLow
2020-07-07,8564.0,-3.0,0.0,0,313.78,0.0,1,0.19,0.22,SPY200710P00299000,299.0,0,0.0,0.0,,0.0,normalDay
2020-07-08,8564.0,14.0,0.0,0,316.18,0.0,1,0.19,0.05,SPY200710P00299000,299.0,0,0.0,0.0,,0.0,normalDay
2020-07-09,8564.0,15.0,0.0,0,314.38,0.0,1,0.19,0.04,SPY200710P00299000,299.0,0,0.0,0.0,,0.0,normalDay
2020-07-10,8583.0,0.0,19.0,0,317.59,0.0,1,0.19,0.0,SPY200710P00299000,299.0,0,0.0,0.0,,0.0,expirationDay
2020-07-13,8583.0,-3.0,0.0,0,314.84,0.0,1,0.26,0.29,SPY200715P00302000,302.0,0,0.0,0.0,,0.0,normalDay
2020-07-14,8583.0,23.0,0.0,0,318.92,0.0,1,0.26,0.03,SPY200715P00302000,302.0,0,0.0,0.0,,0.0,normalDay
2020-07-15,8609.0,0.0,26.0,0,321.85,0.0,1,0.26,0.0,SPY200715P00302000,302.0,0,0.0,0.0,,0.0,expirationDay
2020-07-16,8609.0,0.0,0.0,0,320.79,0.0,0,0.0,0.0,,0.0,0,0.0,0.0,,0.0,bidTooLow
2020-07-17,8609.0,0.0,0.0,0,321.72,0.0,0,0.0,0.0,,0.0,0,0.0,0.0,,0.0,bidTooLow
2020-07-20,8609.0,0.0,0.0,0,324.32,0.0,0,0.0,0.0,,0.0,0,0.0,0.0,,0.0,bidTooLow
2020-07-21,8609.0,0.0,0.0,0,325.01,0.0,0,0.0,0.0,,0.0,0,0.0,0.0,,0.0,bidTooLow
2020-07-22,8609.0,0.0,0.0,0,326.86,0.0,0,0.0,0.0,,0.0,0,0.0,0.0,,0.0,bidTooLow
2020-07-23,8609.0,0.0,0.0,0,322.96,0.0,0,0.0,0.0,,0.0,0,0.0,0.0,,0.0,bidTooLow
2020-07-24,8609.0,0.0,0.0,0,320.88,0.0,0,0.0,0.0,,0.0,0,0.0,0.0,,0.0,bidTooLow
2020-07-27,8609.0,0.0,0.0,0,323.22,0.0,0,0.0,0.0,,0.0,0,0.0,0.0,,0.0,bidTooLow
2020-07-28,8609.0,-3.0,0.0,0,321.17,0.0,1,0.22,0.25,SPY200731P00308000,308.0,0,0.0,0.0,,0.0,normalDay
2020-07-29,8609.0,16.0,0.0,0,325.12,0.0,1,0.22,0.06,SPY200731P00308000,308.0,0,0.0,0.0,,0.0,normalDay
2020-07-30,8609.0,17.0,0.0,0,323.96,0.0,1,0.22,0.05,SPY200731P00308000,308.0,0,0.0,0.0,,0.0,normalDay
2020-07-31,8631.0,0.0,22.0,0,326.52,0.0,1,0.22,0.0,SPY200731P00308000,308.0,0,0.0,0.0,,0.0,expirationDay
2020-08-03,8631.0,-3.0,0.0,0,328.79,0.0,1,0.02,0.05,SPY200805P00313000,313.0,0,0.0,0.0,,0.0,normalDay
2020-08-04,8631.0,0.0,0.0,0,330.06,0.0,1,0.02,0.02,SPY200805P00313000,313.0,0,0.0,0.0,,0.0,normalDay
2020-08-05,8633.0,0.0,2.0,0,332.11,0.0,1,0.02,0.0,SPY200805P00313000,313.0,0,0.0,0.0,,0.0,expirationDay
2020-08-06,8633.0,0.0,0.0,0,334.33,0.0,0,0.0,0.0,,0.0,0,0.0,0.0,,0.0,bidTooLow
2020-08-07,8633.0,0.0,0.0,0,334.57,0.0,0,0.0,0.0,,0.0,0,0.0,0.0,,0.0,bidTooLow
2020-08-10,8633.0,0.0,0.0,0,335.57,0.0,0,0.0,0.0,,0.0,0,0.0,0.0,,0.0,bidTooLow
2020-08-11,8633.0,-3.0,0.0,0,332.8,0.0,1,0.19,0.22,SPY200814P00317000,317.0,0,0.0,0.0,,0.0,normalDay
2020-08-12,8633.0,15.0,0.0,0,337.44,0.0,1,0.19,0.04,SPY200814P00317000,317.0,0,0.0,0.0,,0.0,normalDay
2020-08-13,8633.0,16.0,0.0,0,336.83,0.0,1,0.19,0.03,SPY200814P00317000,317.0,0,0.0,0.0,,0.0,normalDay
2020-08-14,8652.0,0.0,19.0,0,336.84,0.0,1,0.19,0.0,SPY200814P00317000,317.0,0,0.0,0.0,,0.0,expirationDay
2020-08-17,8652.0,0.0,0.0,0,337.91,0.0,0,0.0,0.0,,0.0,0,0.0,0.0,,0.0,bidTooLow
2020-08-18,8652.0,-3.0,0.0,0,338.64,0.0,1,0.04,0.07,SPY200821P00318000,318.0,0,0.0,0.0,,0.0,normalDay
2020-08-19,8652.0,-5.0,0.0,0,337.23,0.0,1,0.04,0.09,SPY200821P00318000,318.0,0,0.0,0.0,,0.0,normalDay
2020-08-20,8652.0,1.0,0.0,0,338.28,0.0,1,0.04,0.03,SPY200821P00318000,318.0,0,0.0,0.0,,0.0,normalDay
2020-08-21,8656.0,0.0,4.0,0,339.48,0.0,1,0.04,0.0,SPY200821P00318000,318.0,0,0.0,0.0,,0.0,expirationDay
2020-08-24,8656.0,-3.0,0.0,0,342.92,0.0,1,0.01,0.04,SPY200826P00322000,322.0,0,0.0,0.0,,0.0,normalDay
2020-08-25,8656.0,0.0,0.0,0,344.12,0.0,1,0.01,0.01,SPY200826P00322000,322.0,0,0.0,0.0,,0.0,normalDay
2020-08-26,8657.0,0.0,1.0,0,347.57,0.0,1,0.01,0.0,SPY200826P00322000,322.0,0,0.0,0.0,,0.0,expirationDay
2020-08-27,8657.0,0.0,0.0,0,348.33,0.0,0,0.0,0.0,,0.0,0,0.0,0.0,,0.0,bidTooLow
2020-08-28,8657.0,0.0,0.0,0,350.58,0.0,0,0.0,0.0,,0.0,0,0.0,0.0,,0.0,bidTooLow
2020-08-31,8657.0,-3.0,0.0,0,349.31,0.0,1,0.03,0.06,SPY200902P00327000,327.0,0,0.0,0.0,,0.0,normalDay
2020-09-01,8657.0,2.0,0.0,0,352.6,0.0,1,0.03,0.01,SPY200902P00327000,327.0,0,0.0,0.0,,0.0,normalDay
2020-09-02,8660.0,0.0,3.0,0,357.7,0.0,1,0.03,0.0,SPY200902P00327000,327.0,0,0.0,0.0,,0.0,expirationDay
2020-09-03,8660.0,-4.0,0.0,0,345.39,0.0,1,0.08,0.12,SPY200904P00328000,328.0,0,0.0,0.0,,0.0,normalDay
2020-09-04,8668.0,0.0,8.0,0,342.57,0.0,1,0.08,0.0,SPY200904P00328000,328.0,0,0.0,0.0,,0.0,expirationDay
2020-09-08,8668.0,-6.0,0.0,0,333.21,0.0,1,2.5,2.56,SPY200911P00329000,329.0,0,0.0,0.0,,0.0,normalDay
2020-09-09,8668.0,185.0,0.0,0,339.79,0.0,1,2.5,0.65,SPY200911P00329000,329.0,0,0.0,0.0,,0.0,normalDay
2020-09-10,8668.0,174.0,0.0,0,333.89,0.0,1,2.5,0.76,SPY200911P00329000,329.0,0,0.0,0.0,,0.0,normalDay
2020-09-11,8918.0,0.0,250.0,0,334.06,0.0,1,2.5,0.0,SPY200911P00329000,329.0,0,0.0,0.0,,0.0,expirationDay
2020-09-14,8918.0,-3.0,0.0,0,338.46,0.0,1,0.35,0.38,SPY200916P00329000,329.0,0,0.0,0.0,,0.0,normalDay
2020-09-15,8918.0,28.0,0.0,0,340.17,0.0,1,0.35,0.07,SPY200916P00329000,329.0,0,0.0,0.0,,0.0,normalDay
2020-09-16,8953.0,0.0,35.0,0,338.82,0.0,1,0.35,0.0,SPY200916P00329000,329.0,0,0.0,0.0,,0.0,expirationDay
2020-09-17,8953.0,-4.0,0.0,0,335.84,0.0,1,0.45,0.49,SPY200918P00329000,329.0,0,0.0,0.0,,0.0,normalDay
2020-09-18,8998.0,0.0,45.0,0,330.65,0.0,1,0.45,0.0,SPY200918P00329000,329.0,0,0.0,0.0,,0.0,expirationDay
2020-09-21,8998.0,-4.0,0.0,0,326.97,0.0,1,2.06,2.1,SPY200923P00326000,326.0,0,0.0,0.0,,0.0,normalDay
2020-09-22,8998.0,159.0,0.0,0,330.3,0.0,1,2.06,0.47,SPY200923P00326000,326.0,0,0.0,0.0,,0.0,normalDay
2020-09-23,9204.0,-336.0,206.0,100,322.64,326.0,1,2.06,0.0,SPY200923P00326000,326.0,0,0.0,0.0,,0.0,expirationDay
2020-09-24,9204.0,-250.0,0.0,100,323.5,326.0,0,0.0,0.0,,0.0,0,0.0,0.0,,0.0,bidTooLow
2020-09-25,9204.0,273.0,0.0,100,328.73,326.0,0,0.0,0.0,,0.0,0,0.0,0.0,,0.0,bidTooLow
2020-09-28,9204.0,819.0,0.0,100,334.19,326.0,0,0.0,0.0,,0.0,0,0.0,0.0,,0.0,bidTooLow
2020-09-29,9204.0,637.0,0.0,100,332.37,326.0,0,0.0,0.0,,0.0,0,0.0,0.0,,0.0,bidTooLow
2020-09-30,9204.0,889.0,0.0,100,334.89,326.0,0,0.0,0.0,,0.0,0,0.0,0.0,,0.0,bidTooLow
2020-10-01,9204.0,1101.0,0.0,100,337.04,326.0,0,0.0,0.0,,0.0,1,0.12,0.15,SPY201005C00348000,348.0,normalDay
2020-10-02,9204.0,794.0,0.0,100,333.84,326.0,0,0.0,0.0,,0.0,1,0.12,0.02,SPY201005C00348000,348.0,normalDay
2020-10-05,9216.0,1376.0,12.0,100,339.76,326.0,0,0.0,0.0,,0.0,1,0.12,0.0,SPY201005C00348000,348.0,expirationDay
2020-10-06,9216.0,890.0,0.0,100,334.93,326.0,0,0.0,0.0,,0.0,1,0.15,0.18,SPY201009C00346000,346.0,normalDay
2020-10-07,9216.0,1452.0,0.0,100,340.76,326.0,0,0.0,0.0,,0.0,1,0.15,0.39,SPY201009C00346000,346.0,normalDay
2020-10-08,9216.0,1754.0,0.0,100,343.78,326.0,0,0.0,0.0,,0.0,1,0.15,0.39,SPY201009C00346000,346.0,normalDay
2020-10-09,11231.0,1754.0,2015.0,0,346.85,0.0,0,0.0,0.0,,0.0,1,0.15,0.0,SPY201009C00346000,346.0,expirationDay
2020-10-12,11231.0,0.0,0.0,0,352.43,0.0,0,0.0,0.0,,0.0,0,0.0,0.0,,0.0,bidTooLow
2020-10-13,11231.0,-3.0,0.0,0,350.13,0.0,1,0.01,0.04,SPY201016P00320000,320.0,0,0.0,0.0,,0.0,normalDay
2020-10-14,11231.0,-3.0,0.0,0,347.93,0.0,1,0.01,0.04,SPY201016P00320000,320.0,0,0.0,0.0,,0.0,normalDay
2020-10-15,11231.0,-1.0,0.0,0,347.5,0.0,1,0.01,0.02,SPY201016P00320000,320.0,0,0.0,0.0,,0.0,normalDay
2020-10-16,11232.0,0.0,1.0,0,347.29,0.0,1,0.01,0.0,SPY201016P00320000,320.0,0,0.0,0.0,,0.0,expirationDay
2020-10-19,11232.0,-3.0,0.0,0,342.01,0.0,1,0.01,0.04,SPY201021P00320000,320.0,0,0.0,0.0,,0.0,normalDay
2020-10-20,11232.0,-1.0,0.0,0,343.38,0.0,1,0.01,0.02,SPY201021P00320000,320.0,0,0.0,0.0,,0.0,normalDay
2020-10-21,11233.0,0.0,1.0,0,342.73,0.0,1,0.01,0.0,SPY201021P00320000,320.0,0,0.0,0.0,,0.0,expirationDay
2020-10-22,11233.0,0.0,0.0,0,344.61,0.0,0,0.0,0.0,,0.0,0,0.0,0.0,,0.0,bidTooLow
2020-10-23,11233.0,0.0,0.0,0,345.78,0.0,0,0.0,0.0,,0.0,0,0.0,0.0,,0.0,bidTooLow
2020-10-26,11233.0,-3.0,0.0,0,339.39,0.0,1,0.51,0.54,SPY201028P00331000,331.0,0,0.0,0.0,,0.0,normalDay
2020-10-27,11233.0,33.0,0.0,0,338.22,0.0,1,0.51,0.18,SPY201028P00331000,331.0,0,0.0,0.0,,0.0,normalDay
2020-10-28,11284.0,-434.0,51.0,100,326.66,331.0,1,0.51,0.0,SPY201028P00331000,331.0,0,0.0,0.0,,0.0,expirationDay
2020-10-29,11284.0,-102.0,0.0,100,329.98,331.0,0,0.0,0.0,,0.0,0,0.0,0.0,,0.0,bidTooLow
2020-10-30,11284.0,-446.0,0.0,100,326.54,331.0,0,0.0,0.0,,0.0,0,0.0,0.0,,0.0,bidTooLow
2020-11-02,11284.0,-83.0,0.0,100,330.2,331.0,0,0.0,0.0,,0.0,1,0.04,0.07,SPY201106C00360000,360.0,normalDay
2020-11-03,11284.0,486.0,0.0,100,336.03,331.0,0,0.0,0.0,,0.0,1,0.04,0.21,SPY201106C00360000,360.0,normalDay
2020-11-04,11284.0,1253.0,0.0,100,343.54,331.0,0,0.0,0.0,,0.0,1,0.04,0.05,SPY201106C00360000,360.0,normalDay
2020-11-05,11284.0,1921.0,0.0,100,350.24,331.0,0,0.0,0.0,,0.0,1,0.04,0.07,SPY201106C00360000,360.0,normalDay
2020-11-06,11288.0,1916.0,4.0,100,350.16,331.0,0,0.0,0.0,,0.0,1,0.04,0.0,SPY201106C00360000,360.0,expirationDay
2020-11-09,11288.0,2351.0,0.0,100,354.56,331.0,0,0.0,0.0,,0.0,1,1.25,1.3,SPY201113C00362000,362.0,normalDay
2020-11-10,11288.0,2375.0,0.0,100,354.04,331.0,0,0.0,0.0,,0.0,1,1.25,0.54,SPY201113C00362000,362.0,normalDay
2020-11-11,11288.0,2648.0,0.0,100,356.67,331.0,0,0.0,0.0,,0.0,1,1.25,0.44,SPY201113C00362000,362.0,normalDay
2020-11-12,11288.0,2342.0,0.0,100,353.21,331.0,0,0.0,0.0,,0.0,1,1.25,0.04,SPY201113C00362000,362.0,normalDay
2020-11-13,11413.0,2710.0,125.0,100,358.1,331.0,0,0.0,0.0,,0.0,1,1.25,0.0,SPY201113C00362000,362.0,expirationDay
2020-11-16,11413.0,3153.0,0.0,100,362.57,331.0,0,0.0,0.0,,0.0,1,0.32,0.36,SPY201120C00370000,370.0,normalDay
2020-11-17,11413.0,2982.0,0.0,100,360.62,331.0,0,0.0,0.0,,0.0,1,0.32,0.12,SPY201120C00370000,370.0,normalDay
2020-11-18,11413.0,2558.0,0.0,100,356.28,331.0,0,0.0,0.0,,0.0,1,0.32,0.02,SPY201120C00370000,370.0,normalDay
2020-11-19,11413.0,2709.0,0.0,100,357.78,331.0,0,0.0,0.0,,0.0,1,0.32,0.01,SPY201120C00370000,370.0,normalDay
2020-11-20,11445.0,2433.0,32.0,100,355.33,331.0,0,0.0,0.0,,0.0,1,0.32,0.0,SPY201120C00370000,370.0,expirationDay
2020-11-23,11445.0,2646.0,0.0,100,357.46,331.0,0,0.0,0.0,,0.0,0,0.0,0.0,,0.0,bidTooLow
2020-11-24,11445.0,3222.0,0.0,100,363.22,331.0,0,0.0,0.0,,0.0,0,0.0,0.0,,0.0,bidTooLow
2020-11-25,11445.0,3166.0,0.0,100,362.66,331.0,0,0.0,0.0,,0.0,0,0.0,0.0,,0.0,bidTooLow
2020-11-27,11445.0,3267.0,0.0,100,363.67,331.0,0,0.0,0.0,,0.0,0,0.0,0.0,,0.0,bidTooLow
2020-11-30,11445.0,3103.0,0.0,100,362.06,331.0,0,0.0,0.0,,0.0,1,0.03,0.06,SPY201204C00376000,376.0,normalDay
2020-12-01,11445.0,3496.0,0.0,100,366.02,331.0,0,0.0,0.0,,0.0,1,0.03,0.09,SPY201204C00376000,376.0,normalDay
2020-12-02,11445.0,3576.0,0.0,100,366.79,331.0,0,0.0,0.0,,0.0,1,0.03,0.06,SPY201204C00376000,376.0,normalDay
2020-12-03,11445.0,3570.0,0.0,100,366.69,331.0,0,0.0,0.0,,0.0,1,0.03,0.02,SPY201204C00376000,376.0,normalDay
2020-12-04,11448.0,3885.0,3.0,100,369.85,331.0,0,0.0,0.0,,0.0,1,0.03,0.0,SPY201204C00376000,376.0,expirationDay
2020-12-07,11448.0,3806.0,0.0,100,369.09,331.0,0,0.0,0.0,,0.0,1,0.56,0.59,SPY201211C00373000,373.0,normalDay
2020-12-08,11448.0,3905.0,0.0,100,370.17,331.0,0,0.0,0.0,,0.0,1,0.56,0.68,SPY201211C00373000,373.0,normalDay
2020-12-09,11448.0,3628.0,0.0,100,366.85,331.0,0,0.0,0.0,,0.0,1,0.56,0.13,SPY201211C00373000,373.0,normalDay
2020-12-10,11448.0,3624.0,0.0,100,366.73,331.0,0,0.0,0.0,,0.0,1,0.56,0.05,SPY201211C00373000,373.0,normalDay
2020-12-11,11504.0,3530.0,56.0,100,366.3,331.0,0,0.0,0.0,,0.0,1,0.56,0.0,SPY201211C00373000,373.0,expirationDay
2020-12-14,11504.0,3363.0,0.0,100,364.66,331.0,0,0.0,0.0,,0.0,1,0.27,0.3,SPY201218C00374000,374.0,normalDay
2020-12-15,11504.0,3835.0,0.0,100,369.59,331.0,0,0.0,0.0,,0.0,1,0.27,0.51,SPY201218C00374000,374.0,normalDay
2020-12-16,11504.0,3899.0,0.0,100,370.17,331.0,0,0.0,0.0,,0.0,1,0.27,0.45,SPY201218C00374000,374.0,normalDay
2020-12-17,11504.0,4116.0,0.0,100,372.24,331.0,0,0.0,0.0,,0.0,1,0.27,0.35,SPY201218C00374000,374.0,normalDay
2020-12-18,11531.0,3818.0,27.0,100,369.18,331.0,0,0.0,0.0,,0.0,1,0.27,0.0,SPY201218C00374000,374.0,expirationDay
2020-12-21,11531.0,3683.0,0.0,100,367.86,331.0,0,0.0,0.0,,0.0,1,0.19,0.22,SPY201224C00375000,375.0,normalDay
2020-12-22,11531.0,3638.0,0.0,100,367.24,331.0,0,0.0,0.0,,0.0,1,0.19,0.05,SPY201224C00375000,375.0,normalDay
2020-12-23,11531.0,3674.0,0.0,100,367.57,331.0,0,0.0,0.0,,0.0,1,0.19,0.02,SPY201224C00375000,375.0,normalDay
2020-12-24,11550.0,3800.0,19.0,100,369.0,331.0,0,0.0,0.0,,0.0,1,0.19,0.0,SPY201224C00375000,375.0,expirationDay
2020-12-28,11550.0,4113.0,0.0,100,372.17,331.0,0,0.0,0.0,,0.0,1,0.96,1.0,SPY201231C00374000,374.0,normalDay
2020-12-29,11550.0,4086.0,0.0,100,371.46,331.0,0,0.0,0.0,,0.0,1,0.96,0.56,SPY201231C00374000,374.0,normalDay
2020-12-30,11550.0,4173.0,0.0,100,371.99,331.0,0,0.0,0.0,,0.0,1,0.96,0.22,SPY201231C00374000,374.0,normalDay
2020-12-31,11646.0,4288.0,96.0,100,373.88,331.0,0,0.0,0.0,,0.0,1,0.96,0.0,SPY201231C00374000,374.0,expirationDay
2021-01-04,11646.0,3775.0,0.0,100,368.79,331.0,0,0.0,0.0,,0.0,1,1.23,1.27,SPY210108C00375000,375.0,normalDay
2021-01-05,11646.0,4005.0,0.0,100,371.33,331.0,0,0.0,0.0,,0.0,1,1.23,1.51,SPY210108C00375000,375.0,normalDay
2021-01-06,11646.0,4178.0,0.0,100,373.55,331.0,0,0.0,0.0,,0.0,1,1.23,2.0,SPY210108C00375000,375.0,normalDay
2021-01-07,11646.0,4505.0,0.0,100,379.1,331.0,0,0.0,0.0,,0.0,1,1.23,4.28,SPY210108C00375000,375.0,normalDay
2021-01-08,16169.0,4505.0,4523.0,0,381.26,0.0,0,0.0,0.0,,0.0,1,1.23,0.0,SPY210108C00375000,375.0,expirationDay
2021-01-11,16169.0,-3.0,0.0,0,378.69,0.0,1,0.09,0.12,SPY210113P00363000,363.0,0,0.0,0.0,,0.0,normalDay
2021-01-12,16169.0,5.0,0.0,0,378.77,0.0,1,0.09,0.04,SPY210113P00363000,363.0,0,0.0,0.0,,0.0,normalDay
2021-01-13,16178.0,0.0,9.0,0,379.79,0.0,1,0.09,0.0,SPY210113P00363000,363.0,0,0.0,0.0,,0.0,expirationDay
2021-01-14,16178.0,-3.0,0.0,0,378.46,0.0,1,0.05,0.08,SPY210115P00364000,364.0,0,0.0,0.0,,0.0,normalDay
2021-01-15,16183.0,0.0,5.0,0,375.7,0.0,1,0.05,0.0,SPY210115P00364000,364.0,0,0.0,0.0,,0.0,expirationDay
2021-01-19,16183.0,-3.0,0.0,0,378.65,0.0,1,0.23,0.26,SPY210122P00364000,364.0,0,0.0,0.0,,0.0,normalDay
2021-01-20,16183.0,17.0,0.0,0,383.89,0.0,1,0.23,0.06,SPY210122P00364000,364.0,0,0.0,0.0,,0.0,normalDay
2021-01-21,16183.0,21.0,0.0,0,384.24,0.0,1,0.23,0.02,SPY210122P00364000,364.0,0,0.0,0.0,,0.0,normalDay
2021-01-22,16206.0,0.0,23.0,0,382.88,0.0,1,0.23,0.0,SPY210122P00364000,364.0,0,0.0,0.0,,0.0,expirationDay
2021-01-25,16206.0,-3.0,0.0,0,384.39,0.0,1,0.06,0.09,SPY210127P00367000,367.0,0,0.0,0.0,,0.0,normalDay
2021-01-26,16206.0,3.0,0.0,0,383.79,0.0,1,0.06,0.03,SPY210127P00367000,367.0,0,0.0,0.0,,0.0,normalDay
2021-01-27,16212.0,0.0,6.0,0,374.41,0.0,1,0.06,0.0,SPY210127P00367000,367.0,0,0.0,0.0,,0.0,expirationDay
2021-01-28,16212.0,-3.0,0.0,0,377.63,0.0,1,0.31,0.34,SPY210129P00369000,369.0,0,0.0,0.0,,0.0,normalDay
2021-01-29,16243.0,0.0,31.0,0,370.07,0.0,1,0.31,0.0,SPY210129P00369000,369.0,0,0.0,0.0,,0.0,expirationDay
2021-02-01,16243.0,-3.0,0.0,0,376.23,0.0,1,1.16,1.19,SPY210203P00369000,369.0,0,0.0,0.0,,0.0,normalDay
2021-02-02,16243.0,108.0,0.0,0,381.55,0.0,1,1.16,0.08,SPY210203P00369000,369.0,0,0.0,0.0,,0.0,normalDay
2021-02-03,16359.0,0.0,116.0,0,381.85,0.0,1,1.16,0.0,SPY210203P00369000,369.0,0,0.0,0.0,,0.0,expirationDay
2021-02-04,16359.0,0.0,0.0,0,386.19,0.0,0,0.0,0.0,,0.0,0,0.0,0.0,,0.0,bidTooLow
2021-02-05,16359.0,-3.0,0.0,0,387.71,0.0,1,0.01,0.04,SPY210208P00372000,372.0,0,0.0,0.0,,0.0,normalDay
2021-02-08,16360.0,0.0,1.0,0,390.51,0.0,1,0.01,0.0,SPY210208P00372000,372.0,0,0.0,0.0,,0.0,expirationDay
2021-02-09,16360.0,-3.0,0.0,0,390.25,0.0,1,0.05,0.08,SPY210212P00371000,371.0,0,0.0,0.0,,0.0,normalDay
2021-02-10,16360.0,-2.0,0.0,0,390.08,0.0,1,0.05,0.07,SPY210212P00371000,371.0,0,0.0,0.0,,0.0,normalDay
2021-02-11,16360.0,3.0,0.0,0,390.71,0.0,1,0.05,0.02,SPY210212P00371000,371.0,0,0.0,0.0,,0.0,normalDay
2021-02-12,16365.0,0.0,5.0,0,392.64,0.0,1,0.05,0.0,SPY210212P00371000,371.0,0,0.0,0.0,,0.0,expirationDay
2021-02-16,16365.0,-3.0,0.0,0,392.3,0.0,1,0.1,0.13,SPY210219P00371000,371.0,0,0.0,0.0,,0.0,normalDay
2021-02-17,16365.0,3.0,0.0,0,392.39,0.0,1,0.1,0.07,SPY210219P00371000,371.0,0,0.0,0.0,,0.0,normalDay
2021-02-18,16365.0,6.0,0.0,0,390.72,0.0,1,0.1,0.04,SPY210219P00371000,371.0,0,0.0,0.0,,0.0,normalDay
2021-02-19,16375.0,0.0,10.0,0,390.03,0.0,1,0.1,0.0,SPY210219P00371000,371.0,0,0.0,0.0,,0.0,expirationDay
2021-02-22,16375.0,-3.0,0.0,0,387.03,0.0,1,0.07,0.1,SPY210224P00372000,372.0,0,0.0,0.0,,0.0,normalDay
2021-02-23,16375.0,4.0,0.0,0,387.5,0.0,1,0.07,0.03,SPY210224P00372000,372.0,0,0.0,0.0,,0.0,normalDay
2021-02-24,16382.0,0.0,7.0,0,391.77,0.0,1,0.07,0.0,SPY210224P00372000,372.0,0,0.0,0.0,,0.0,expirationDay
2021-02-25,16382.0,-5.0,0.0,0,382.33,0.0,1,0.4,0.45,SPY210226P00374000,374.0,0,0.0,0.0,,0.0,normalDay
2021-02-26,16422.0,0.0,40.0,0,380.36,0.0,1,0.4,0.0,SPY210226P00374000,374.0,0,0.0,0.0,,0.0,expirationDay
2021-03-01,16422.0,-3.0,0.0,0,389.58,0.0,1,0.29,0.32,SPY210303P00378000,378.0,0,0.0,0.0,,0.0,normalDay
2021-03-02,16422.0,2.0,0.0,0,386.54,0.0,1,0.29,0.27,SPY210303P00378000,378.0,0,0.0,0.0,,0.0,normalDay
2021-03-03,16451.0,0.0,29.0,0,381.42,0.0,1,0.29,0.0,SPY210303P00378000,378.0,0,0.0,0.0,,0.0,expirationDay
2021-03-04,16451.0,-10.0,0.0,0,376.7,0.0,1,3.69,3.79,SPY210305P00379000,379.0,0,0.0,0.0,,0.0,normalDay
2021-03-05,16820.0,0.0,369.0,0,383.63,0.0,1,3.69,0.0,SPY210305P00379000,379.0,0,0.0,0.0,,0.0,expirationDay
2021-03-08,16820.0,-4.0,0.0,0,381.72,0.0,1,1.67,1.71,SPY210310P00378000,378.0,0,0.0,0.0,,0.0,normalDay
2021-03-09,16820.0,149.0,0.0,0,387.17,0.0,1,1.67,0.18,SPY210310P00378000,378.0,0,0.0,0.0,,0.0,normalDay
2021-03-10,16987.0,0.0,167.0,0,389.58,0.0,1,1.67,0.0,SPY210310P00378000,378.0,0,0.0,0.0,,0.0,expirationDay
2021-03-11,16987.0,0.0,0.0,0,393.53,0.0,0,0.0,0.0,,0.0,0,0.0,0.0,,0.0,bidTooLow
2021-03-12,16987.0,0.0,0.0,0,394.06,0.0,0,0.0,0.0,,0.0,0,0.0,0.0,,0.0,bidTooLow
2021-03-15,16987.0,-3.0,0.0,0,396.41,0.0,1,0.02,0.05,SPY210317P00377000,377.0,0,0.0,0.0,,0.0,normalDay
2021-03-16,16987.0,-2.0,0.0,0,395.91,0.0,1,0.02,0.04,SPY210317P00377000,377.0,0,0.0,0.0,,0.0,normalDay
2021-03-17,16989.0,0.0,2.0,0,397.26,0.0,1,0.02,0.0,SPY210317P00377000,377.0,0,0.0,0.0,,0.0,expirationDay
2021-03-18,16989.0,-3.0,0.0,0,391.48,0.0,1,0.12,0.15,SPY210319P00377000,377.0,0,0.0,0.0,,0.0,normalDay
2021-03-19,17001.0,0.0,12.0,0,389.48,0.0,1,0.12,0.0,SPY210319P00377000,377.0,0,0.0,0.0,,0.0,expirationDay
2021-03-22,17001.0,-3.0,0.0,0,392.59,0.0,1,0.01,0.04,SPY210324P00377000,377.0,0,0.0,0.0,,0.0,normalDay
2021-03-23,17001.0,-3.0,0.0,0,389.5,0.0,1,0.01,0.04,SPY210324P00377000,377.0,0,0.0,0.0,,0.0,normalDay
2021-03-24,17002.0,0.0,1.0,0,387.52,0.0,1,0.01,0.0,SPY210324P00377000,377.0,0,0.0,0.0,,0.0,expirationDay
2021-03-25,17002.0,-3.0,0.0,0,389.7,0.0,1,0.01,0.04,SPY210326P00377500,377.5,0,0.0,0.0,,0.0,normalDay
2021-03-26,17003.0,0.0,1.0,0,395.98,0.0,1,0.01,0.0,SPY210326P00377500,377.5,0,0.0,0.0,,0.0,expirationDay
2021-03-29,17003.0,-3.0,0.0,0,395.78,0.0,1,0.14,0.17,SPY210401P00378000,378.0,0,0.0,0.0,,0.0,normalDay
2021-03-30,17003.0,8.0,0.0,0,394.73,0.0,1,0.14,0.06,SPY210401P00378000,378.0,0,0.0,0.0,,0.0,normalDay
2021-03-31,17003.0,12.0,0.0,0,396.33,0.0,1,0.14,0.02,SPY210401P00378000,378.0,0,0.0,0.0,,0.0,normalDay
2021-04-01,17017.0,0.0,14.0,0,400.61,0.0,1,0.14,0.0,SPY210401P00378000,378.0,0,0.0,0.0,,0.0,expirationDay
2021-04-05,17017.0,-3.0,0.0,0,406.36,0.0,1,0.01,0.04,SPY210407P00384000,384.0,0,0.0,0.0,,0.0,normalDay
2021-04-06,17017.0,-1.0,0.0,0,406.12,0.0,1,0.01,0.02,SPY210407P00384000,384.0,0,0.0,0.0,,0.0,normalDay
2021-04-07,17018.0,0.0,1.0,0,406.59,0.0,1,0.01,0.0,SPY210407P00384000,384.0,0,0.0,0.0,,0.0,expirationDay
2021-04-08,17018.0,0.0,0.0,0,408.52,0.0,0,0.0,0.0,,0.0,0,0.0,0.0,,0.0,bidTooLow
2021-04-09,17018.0,0.0,0.0,0,411.49,0.0,0,0.0,0.0,,0.0,0,0.0,0.0,,0.0,bidTooLow
2021-04-12,17018.0,0.0,0.0,0,411.64,0.0,0,0.0,0.0,,0.0,0,0.0,0.0,,0.0,bidTooLow
2021-04-13,17018.0,0.0,0.0,0,412.86,0.0,0,0.0,0.0,,0.0,0,0.0,0.0,,0.0,bidTooLow
2021-04-14,17018.0,0.0,0.0,0,411.45,0.0,0,0.0,0.0,,0.0,0,0.0,0.0,,0.0,bidTooLow
2021-04-15,17018.0,0.0,0.0,0,415.87,0.0,0,0.0,0.0,,0.0,0,0.0,0.0,,0.0,bidTooLow
2021-04-16,17018.0,0.0,0.0,0,417.26,0.0,0,0.0,0.0,,0.0,0,0.0,0.0,,0.0,bidTooLow
2021-04-19,17018.0,0.0,0.0,0,415.21,0.0,0,0.0,0.0,,0.0,0,0.0,0.0,,0.0,bidTooLow
2021-04-20,17018.0,0.0,0.0,0,412.17,0.0,0,0.0,0.0,,0.0,0,0.0,0.0,,0.0,bidTooLow
2021-04-21,17018.0,0.0,0.0,0,416.07,0.0,0,0.0,0.0,,0.0,0,0.0,0.0,,0.0,bidTooLow
2021-04-22,17018.0,0.0,0.0,0,412.27,0.0,0,0.0,0.0,,0.0,0,0.0,0.0,,0.0,bidTooLow
2021-04-23,17018.0,0.0,0.0,0,416.74,0.0,0,0.0,0.0,,0.0,0,0.0,0.0,,0.0,bidTooLow
2021-04-26,17018.0,0.0,0.0,0,417.61,0.0,0,0.0,0.0,,0.0,0,0.0,0.0,,0.0,bidTooLow
2021-04-27,17018.0,-3.0,0.0,0,417.52,0.0,1,0.02,0.05,SPY210430P00397000,397.0,0,0.0,0.0,,0.0,normalDay
2021-04-28,17018.0,-1.0,0.0,0,417.4,0.0,1,0.02,0.03,SPY210430P00397000,397.0,0,0.0,0.0,,0.0,normalDay
2021-04-29,17018.0,0.0,0.0,0,420.06,0.0,1,0.02,0.02,SPY210430P00397000,397.0,0,0.0,0.0,,0.0,normalDay
2021-04-30,17020.0,0.0,2.0,0,417.3,0.0,1,0.02,0.0,SPY210430P00397000,397.0,0,0.0,0.0,,0.0,expirationDay
2021-05-03,17020.0,-3.0,0.0,0,418.2,0.0,1,0.05,0.08,SPY210505P00406000,406.0,0,0.0,0.0,,0.0,normalDay
2021-05-04,17020.0,-1.0,0.0,0,415.62,0.0,1,0.05,0.06,SPY210505P00406000,406.0,0,0.0,0.0,,0.0,normalDay
2021-05-05,17025.0,0.0,5.0,0,415.75,0.0,1,0.05,0.0,SPY210505P00406000,406.0,0,0.0,0.0,,0.0,expirationDay
2021-05-06,17025.0,-3.0,0.0,0,419.07,0.0,1,0.04,0.07,SPY210507P00410000,410.0,0,0.0,0.0,,0.0,normalDay
2021-05-07,17029.0,0.0,4.0,0,422.12,0.0,1,0.04,0.0,SPY210507P00410000,410.0,0,0.0,0.0,,0.0,expirationDay
2021-05-10,17029.0,-3.0,0.0,0,417.94,0.0,1,0.53,0.56,SPY210512P00411000,411.0,0,0.0,0.0,,0.0,normalDay
2021-05-11,17029.0,-29.0,0.0,0,414.21,0.0,1,0.53,0.82,SPY210512P00411000,411.0,0,0.0,0.0,,0.0,normalDay
2021-05-12,17082.0,-559.0,53.0,100,405.41,411.0,1,0.53,0.0,SPY210512P00411000,411.0,0,0.0,0.0,,0.0,expirationDay
2021-05-13,17082.0,-72.0,0.0,100,410.28,411.0,0,0.0,0.0,,0.0,0,0.0,0.0,,0.0,bidTooLow
2021-05-14,17082.0,558.0,0.0,100,416.58,411.0,0,0.0,0.0,,0.0,0,0.0,0.0,,0.0,bidTooLow
2021-05-17,17082.0,449.0,0.0,100,415.52,411.0,0,0.0,0.0,,0.0,1,0.08,0.11,SPY210521C00425000,425.0,normalDay
2021-05-18,17082.0,98.0,0.0,100,411.94,411.0,0,0.0,0.0,,0.0,1,0.08,0.04,SPY210521C00425000,425.0,normalDay
2021-05-19,17082.0,-8.0,0.0,100,410.86,411.0,0,0.0,0.0,,0.0,1,0.08,0.02,SPY210521C00425000,425.0,normalDay
2021-05-20,17082.0,434.0,0.0,100,415.28,411.0,0,0.0,0.0,,0.0,1,0.08,0.02,SPY210521C00425000,425.0,normalDay
2021-05-21,17090.0,394.0,8.0,100,414.94,411.0,0,0.0,0.0,,0.0,1,0.08,0.0,SPY210521C00425000,425.0,expirationDay
2021-05-24,17090.0,814.0,0.0,100,419.17,411.0,0,0.0,0.0,,0.0,1,0.23,0.26,SPY210528C00425000,425.0,normalDay
2021-05-25,17090.0,734.0,0.0,100,418.24,411.0,0,0.0,0.0,,0.0,1,0.23,0.13,SPY210528C00425000,425.0,normalDay
2021-05-26,17090.0,824.0,0.0,100,419.07,411.0,0,0.0,0.0,,0.0,1,0.23,0.06,SPY210528C00425000,425.0,normalDay
2021-05-27,17090.0,849.0,0.0,100,419.29,411.0,0,0.0,0.0,,0.0,1,0.23,0.03,SPY210528C00425000,425.0,normalDay
2021-05-28,17113.0,904.0,23.0,100,420.04,411.0,0,0.0,0.0,,0.0,1,0.23,0.0,SPY210528C00425000,425.0,expirationDay
2021-06-01,17113.0,864.0,0.0,100,419.67,411.0,0,0.0,0.0,,0.0,1,0.12,0.15,SPY210604C00426000,426.0,normalDay
2021-06-02,17113.0,938.0,0.0,100,420.33,411.0,0,0.0,0.0,,0.0,1,0.12,0.07,SPY210604C00426000,426.0,normalDay
2021-06-03,17113.0,787.0,0.0,100,418.77,411.0,0,0.0,0.0,,0.0,1,0.12,0.02,SPY210604C00426000,426.0,normalDay
2021-06-04,17125.0,1160.0,12.0,100,422.6,411.0,0,0.0,0.0,,0.0,1,0.12,0.0,SPY210604C00426000,426.0,expirationDay
2021-06-07,17125.0,1116.0,0.0,100,422.19,411.0,0,0.0,0.0,,0.0,1,0.21,0.24,SPY210611C00427000,427.0,normalDay
2021-06-08,17125.0,1128.0,0.0,100,422.28,411.0,0,0.0,0.0,,0.0,1,0.21,0.21,SPY210611C00427000,427.0,normalDay
2021-06-09,17125.0,1069.0,0.0,100,421.65,411.0,0,0.0,0.0,,0.0,1,0.21,0.17,SPY210611C00427000,427.0,normalDay
2021-06-10,17125.0,1276.0,0.0,100,423.61,411.0,0,0.0,0.0,,0.0,1,0.21,0.06,SPY210611C00427000,427.0,normalDay
2021-06-11,17146.0,1331.0,21.0,100,424.31,411.0,0,0.0,0.0,,0.0,1,0.21,0.0,SPY210611C00427000,427.0,expirationDay
2021-06-14,17146.0,1423.0,0.0,100,425.26,411.0,0,0.0,0.0,,0.0,1,0.52,0.55,SPY210618C00429000,429.0,normalDay
2021-06-15,17146.0,1363.0,0.0,100,424.48,411.0,0,0.0,0.0,,0.0,1,0.52,0.37,SPY210618C00429000,429.0,normalDay
2021-06-16,17146.0,1153.0,0.0,100,422.11,411.0,0,0.0,0.0,,0.0,1,0.52,0.1,SPY210618C00429000,429.0,normalDay
2021-06-17,17146.0,1147.0,0.0,100,421.97,411.0,0,0.0,0.0,,0.0,1,0.52,0.02,SPY210618C00429000,429.0,normalDay
2021-06-18,17198.0,392.0,52.0,100,414.92,411.0,0,0.0,0.0,,0.0,1,0.52,0.0,SPY210618C00429000,429.0,expirationDay
2021-06-21,17198.0,983.0,0.0,100,420.86,411.0,0,0.0,0.0,,0.0,1,0.16,0.19,SPY210625C00427000,427.0,normalDay
2021-06-22,17198.0,1198.0,0.0,100,423.11,411.0,0,0.0,0.0,,0.0,1,0.16,0.29,SPY210625C00427000,427.0,normalDay
2021-06-23,17198.0,1164.0,0.0,100,422.6,411.0,0,0.0,0.0,,0.0,1,0.16,0.12,SPY210625C00427000,427.0,normalDay
2021-06-24,17198.0,1406.0,0.0,100,425.1,411.0,0,0.0,0.0,,0.0,1,0.16,0.2,SPY210625C00427000,427.0,normalDay
2021-06-25,17214.0,1561.0,16.0,100,426.61,411.0,0,0.0,0.0,,0.0,1,0.16,0.0,SPY210625C00427000,427.0,expirationDay
2021-06-28,17214.0,1644.0,0.0,100,427.47,411.0,0,0.0,0.0,,0.0,1,0.81,0.84,SPY210702C00429000,429.0,normalDay
2021-06-29,17214.0,1665.0,0.0,100,427.7,411.0,0,0.0,0.0,,0.0,1,0.81,0.86,SPY210702C00429000,429.0,normalDay
2021-06-30,17214.0,1690.0,0.0,100,428.06,411.0,0,0.0,0.0,,0.0,1,0.81,0.97,SPY210702C00429000,429.0,normalDay
2021-07-01,17214.0,1836.0,0.0,100,430.43,411.0,0,0.0,0.0,,0.0,1,0.81,1.88,SPY210702C00429000,429.0,normalDay
2021-07-02,19095.0,1836.0,1881.0,0,433.72,0.0,0,0.0,0.0,,0.0,1,0.81,0.0,SPY210702C00429000,429.0,expirationDay
2021-07-06,19095.0,-3.0,0.0,0,432.93,0.0,1,0.02,0.05,SPY210709P00416000,416.0,0,0.0,0.0,,0.0,normalDay
2021-07-07,19095.0,-1.0,0.0,0,434.46,0.0,1,0.02,0.03,SPY210709P00416000,416.0,0,0.0,0.0,,0.0,normalDay
2021-07-08,19095.0,-1.0,0.0,0,430.92,0.0,1,0.02,0.03,SPY210709P00416000,416.0,0,0.0,0.0,,0.0,normalDay
2021-07-09,19097.0,0.0,2.0,0,435.52,0.0,1,0.02,0.0,SPY210709P00416000,416.0,0,0.0,0.0,,0.0,expirationDay
2021-07-12,19097.0,-3.0,0.0,0,437.08,0.0,1,0.01,0.04,SPY210714P00416000,416.0,0,0.0,0.0,,0.0,normalDay
2021-07-13,19097.0,-3.0,0.0,0,435.59,0.0,1,0.01,0.04,SPY210714P00416000,416.0,0,0.0,0.0,,0.0,normalDay
2021-07-14,19098.0,0.0,1.0,0,436.24,0.0,1,0.01,0.0,SPY210714P00416000,416.0,0,0.0,0.0,,0.0,expirationDay
2021-07-15,19098.0,-3.0,0.0,0,434.75,0.0,1,0.01,0.04,SPY210716P00417000,417.0,0,0.0,0.0,,0.0,normalDay
2021-07-16,19099.0,0.0,1.0,0,431.34,0.0,1,0.01,0.0,SPY210716P00417000,417.0,0,0.0,0.0,,0.0,expirationDay
2021-07-19,19099.0,-4.0,0.0,0,424.97,0.0,1,1.16,1.2,SPY210721P00420000,420.0,0,0.0,0.0,,0.0,normalDay
2021-07-20,19099.0,110.0,0.0,0,431.06,0.0,1,1.16,0.06,SPY210721P00420000,420.0,0,0.0,0.0,,0.0,normalDay
2021-07-21,19215.0,0.0,116.0,0,434.55,0.0,1,1.16,0.0,SPY210721P00420000,420.0,0,0.0,0.0,,0.0,expirationDay
2021-07-22,19215.0,0.0,0.0,0,435.46,0.0,0,0.0,0.0,,0.0,0,0.0,0.0,,0.0,bidTooLow
2021-07-23,19215.0,0.0,0.0,0,439.94,0.0,0,0.0,0.0,,0.0,0,0.0,0.0,,0.0,bidTooLow
2021-07-26,19215.0,-3.0,0.0,0,441.02,0.0,1,0.01,0.04,SPY210728P00425000,425.0,0,0.0,0.0,,0.0,normalDay
2021-07-27,19215.0,-3.0,0.0,0,439.01,0.0,1,0.01,0.04,SPY210728P00425000,425.0,0,0.0,0.0,,0.0,normalDay
2021-07-28,19216.0,0.0,1.0,0,438.83,0.0,1,0.01,0.0,SPY210728P00425000,425.0,0,0.0,0.0,,0.0,expirationDay
2021-07-29,19216.0,0.0,0.0,0,440.65,0.0,0,0.0,0.0,,0.0,0,0.0,0.0,,0.0,bidTooLow
2021-07-30,19216.0,-3.0,0.0,0,438.51,0.0,1,0.03,0.06,SPY210802P00427000,427.0,0,0.0,0.0,,0.0,normalDay
2021-08-02,19219.0,0.0,3.0,0,437.59,0.0,1,0.03,0.0,SPY210802P00427000,427.0,0,0.0,0.0,,0.0,expirationDay
2021-08-03,19219.0,-3.0,0.0,0,441.15,0.0,1,0.08,0.11,SPY210806P00428000,428.0,0,0.0,0.0,,0.0,normalDay
2021-08-04,19219.0,-2.0,0.0,0,438.98,0.0,1,0.08,0.1,SPY210806P00428000,428.0,0,0.0,0.0,,0.0,normalDay
2021-08-05,19219.0,5.0,0.0,0,441.76,0.0,1,0.08,0.03,SPY210806P00428000,428.0,0,0.0,0.0,,0.0,normalDay
2021-08-06,19227.0,0.0,8.0,0,442.49,0.0,1,0.08,0.0,SPY210806P00428000,428.0,0,0.0,0.0,,0.0,expirationDay
2021-08-09,19227.0,-3.0,0.0,0,442.13,0.0,1,0.01,0.04,SPY210811P00428000,428.0,0,0.0,0.0,,0.0,normalDay
2021-08-10,19227.0,-2.0,0.0,0,442.68,0.0,1,0.01,0.03,SPY210811P00428000,428.0,0,0.0,0.0,,0.0,normalDay
2021-08-11,19228.0,0.0,1.0,0,443.78,0.0,1,0.01,0.0,SPY210811P00428000,428.0,0,0.0,0.0,,0.0,expirationDay
2021-08-12,19228.0,-3.0,0.0,0,445.11,0.0,1,0.01,0.04,SPY210813P00429000,429.0,0,0.0,0.0,,0.0,normalDay
2021-08-13,19229.0,0.0,1.0,0,445.92,0.0,1,0.01,0.0,SPY210813P00429000,429.0,0,0.0,0.0,,0.0,expirationDay
2021-08-16,19229.0,-3.0,0.0,0,446.97,0.0,1,0.04,0.07,SPY210818P00433000,433.0,0,0.0,0.0,,0.0,normalDay
2021-08-17,19229.0,-4.0,0.0,0,444.04,0.0,1,0.04,0.08,SPY210818P00433000,433.0,0,0.0,0.0,,0.0,normalDay
2021-08-18,19233.0,0.0,4.0,0,439.18,0.0,1,0.04,0.0,SPY210818P00433000,433.0,0,0.0,0.0,,0.0,expirationDay
2021-08-19,19233.0,-4.0,0.0,0,439.86,0.0,1,0.6,0.64,SPY210820P00436000,436.0,0,0.0,0.0,,0.0,normalDay
2021-08-20,19293.0,0.0,60.0,0,443.36,0.0,1,0.6,0.0,SPY210820P00436000,436.0,0,0.0,0.0,,0.0,expirationDay
2021-08-23,19293.0,-3.0,0.0,0,447.26,0.0,1,0.04,0.07,SPY210825P00436000,436.0,0,0.0,0.0,,0.0,normalDay
2021-08-24,19293.0,0.0,0.0,0,447.97,0.0,1,0.04,0.04,SPY210825P00436000,436.0,0,0.0,0.0,,0.0,normalDay
2021-08-25,19297.0,0.0,4.0,0,448.91,0.0,1,0.04,0.0,SPY210825P00436000,436.0,0,0.0,0.0,,0.0,expirationDay
2021-08-26,19297.0,-3.0,0.0,0,446.26,0.0,1,0.06,0.09,SPY210827P00436000,436.0,0,0.0,0.0,,0.0,normalDay
2021-08-27,19303.0,0.0,6.0,0,450.25,0.0,1,0.06,0.0,SPY210827P00436000,436.0,0,0.0,0.0,,0.0,expirationDay
2021-08-30,19303.0,-3.0,0.0,0,452.23,0.0,1,0.02,0.05,SPY210901P00437000,437.0,0,0.0,0.0,,0.0,normalDay
2021-08-31,19303.0,-2.0,0.0,0,451.56,0.0,1,0.02,0.04,SPY210901P00437000,437.0,0,0.0,0.0,,0.0,normalDay
2021-09-01,19305.0,0.0,2.0,0,451.8,0.0,1,0.02,0.0,SPY210901P00437000,437.0,0,0.0,0.0,,0.0,expirationDay
2021-09-02,19305.0,0.0,0.0,0,453.19,0.0,0,0.0,0.0,,0.0,0,0.0,0.0,,0.0,bidTooLow
2021-09-03,19305.0,0.0,0.0,0,453.08,0.0,0,0.0,0.0,,0.0,0,0.0,0.0,,0.0,bidTooLow
2021-09-07,19305.0,-3.0,0.0,0,451.46,0.0,1,0.16,0.19,SPY210910P00439000,439.0,0,0.0,0.0,,0.0,normalDay
2021-09-08,19305.0,6.0,0.0,0,450.91,0.0,1,0.16,0.1,SPY210910P00439000,439.0,0,0.0,0.0,,0.0,normalDay
2021-09-09,19305.0,9.0,0.0,0,448.98,0.0,1,0.16,0.07,SPY210910P00439000,439.0,0,0.0,0.0,,0.0,normalDay
2021-09-10,19321.0,0.0,16.0,0,445.44,0.0,1,0.16,0.0,SPY210910P00439000,439.0,0,0.0,0.0,,0.0,expirationDay
2021-09-13,19321.0,-3.0,0.0,0,446.58,0.0,1,0.59,0.62,SPY210915P00440000,440.0,0,0.0,0.0,,0.0,normalDay
2021-09-14,19321.0,20.0,0.0,0,444.17,0.0,1,0.59,0.39,SPY210915P00440000,440.0,0,0.0,0.0,,0.0,normalDay
2021-09-15,19380.0,0.0,59.0,0,447.88,0.0,1,0.59,0.0,SPY210915P00440000,440.0,0,0.0,0.0,,0.0,expirationDay
2021-09-16,19380.0,-3.0,0.0,0,447.17,0.0,1,0.24,0.27,SPY210917P00441000,441.0,0,0.0,0.0,,0.0,normalDay
2021-09-17,19404.0,0.0,24.0,0,441.4,0.0,1,0.24,0.0,SPY210917P00441000,441.0,0,0.0,0.0,,0.0,expirationDay
2021-09-20,19404.0,-20.0,0.0,0,434.04,0.0,1,5.98,6.18,SPY210922P00439000,439.0,0,0.0,0.0,,0.0,normalDay
2021-09-21,19404.0,4.0,0.0,0,433.63,0.0,1,5.98,5.94,SPY210922P00439000,439.0,0,0.0,0.0,,0.0,normalDay
2021-09-22,20002.0,-114.0,598.0,100,437.86,439.0,1,5.98,0.0,SPY210922P00439000,439.0,0,0.0,0.0,,0.0,expirationDay
2021-09-23,20002.0,418.0,0.0,100,443.18,439.0,0,0.0,0.0,,0.0,0,0.0,0.0,,0.0,bidTooLow
2021-09-24,20002.0,491.0,0.0,100,443.91,439.0,0,0.0,0.0,,0.0,0,0.0,0.0,,0.0,bidTooLow
2021-09-27,20002.0,364.0,0.0,100,442.64,439.0,0,0.0,0.0,,0.0,0,0.0,0.0,,0.0,bidTooLow
2021-09-28,20002.0,-528.0,0.0,100,433.72,439.0,0,0.0,0.0,,0.0,0,0.0,0.0,,0.0,bidTooLow
2021-09-29,20002.0,-455.0,0.0,100,434.45,439.0,0,0.0,0.0,,0.0,0,0.0,0.0,,0.0,bidTooLow
2021-09-30,20002.0,-986.0,0.0,100,429.14,439.0,0,0.0,0.0,,0.0,0,0.0,0.0,,0.0,bidTooLow
2021-10-01,20002.0,-476.0,0.0,100,434.24,439.0,0,0.0,0.0,,0.0,0,0.0,0.0,,0.0,bidTooLow
2021-10-04,20002.0,-1036.0,0.0,100,428.64,439.0,0,0.0,0.0,,0.0,0,0.0,0.0,,0.0,bidTooLow
2021-10-05,20002.0,-590.0,0.0,100,433.1,439.0,0,0.0,0.0,,0.0,0,0.0,0.0,,0.0,bidTooLow
2021-10-06,20002.0,-410.0,0.0,100,434.9,439.0,0,0.0,0.0,,0.0,0,0.0,0.0,,0.0,bidTooLow
2021-10-07,20002.0,-34.0,0.0,100,438.66,439.0,0,0.0,0.0,,0.0,0,0.0,0.0,,0.0,bidTooLow
2021-10-08,20002.0,-114.0,0.0,100,437.86,439.0,0,0.0,0.0,,0.0,0,0.0,0.0,,0.0,bidTooLow
2021-10-11,20002.0,-434.0,0.0,100,434.69,439.0,0,0.0,0.0,,0.0,1,0.01,0.04,SPY211015C00451000,451.0,normalDay
2021-10-12,20002.0,-539.0,0.0,100,433.62,439.0,0,0.0,0.0,,0.0,1,0.01,0.02,SPY211015C00451000,451.0,normalDay
2021-10-13,20002.0,-383.0,0.0,100,435.18,439.0,0,0.0,0.0,,0.0,1,0.01,0.02,SPY211015C00451000,451.0,normalDay
2021-10-14,20002.0,348.0,0.0,100,442.5,439.0,0,0.0,0.0,,0.0,1,0.01,0.03,SPY211015C00451000,451.0,normalDay
2021-10-15,20003.0,687.0,1.0,100,445.87,439.0,0,0.0,0.0,,0.0,1,0.01,0.0,SPY211015C00451000,451.0,expirationDay
2021-10-18,20003.0,816.0,0.0,100,447.19,439.0,0,0.0,0.0,,0.0,1,0.88,0.91,SPY211022C00450000,450.0,normalDay
2021-10-19,20003.0,1023.0,0.0,100,450.64,439.0,0,0.0,0.0,,0.0,1,0.88,2.29,SPY211022C00450000,450.0,normalDay
2021-10-20,20003.0,1152.0,0.0,100,452.41,439.0,0,0.0,0.0,,0.0,1,0.88,2.77,SPY211022C00450000,450.0,normalDay
2021-10-21,20003.0,1173.0,0.0,100,453.59,439.0,0,0.0,0.0,,0.0,1,0.88,3.74,SPY211022C00450000,450.0,normalDay
2021-10-22,21191.0,1173.0,1188.0,0,453.12,0.0,0,0.0,0.0,,0.0,1,0.88,0.0,SPY211022C00450000,450.0,expirationDay
2021-10-25,21191.0,0.0,0.0,0,455.55,0.0,0,0.0,0.0,,0.0,0,0.0,0.0,,0.0,bidTooLow
2021-10-26,21191.0,-3.0,0.0,0,455.96,0.0,1,0.01,0.04,SPY211029P00423000,423.0,0,0.0,0.0,,0.0,normalDay
2021-10-27,21191.0,-2.0,0.0,0,453.94,0.0,1,0.01,0.03,SPY211029P00423000,423.0,0,0.0,0.0,,0.0,normalDay
2021-10-28,21191.0,0.0,0.0,0,458.32,0.0,1,0.01,0.01,SPY211029P00423000,423.0,0,0.0,0.0,,0.0,normalDay
2021-10-29,21192.0,0.0,1.0,0,459.25,0.0,1,0.01,0.0,SPY211029P00423000,423.0,0,0.0,0.0,,0.0,expirationDay
2021-11-01,21192.0,0.0,0.0,0,460.04,0.0,0,0.0,0.0,,0.0,0,0.0,0.0,,0.0,bidTooLow
2021-11-02,21192.0,-3.0,0.0,0,461.9,0.0,1,0.01,0.04,SPY211105P00429000,429.0,0,0.0,0.0,,0.0,normalDay
2021-11-03,21192.0,-1.0,0.0,0,464.72,0.0,1,0.01,0.02,SPY211105P00429000,429.0,0,0.0,0.0,,0.0,normalDay
2021-11-04,21192.0,-1.0,0.0,0,466.91,0.0,1,0.01,0.02,SPY211105P00429000,429.0,0,0.0,0.0,,0.0,normalDay
2021-11-05,21193.0,0.0,1.0,0,468.53,0.0,1,0.01,0.0,SPY211105P00429000,429.0,0,0.0,0.0,,0.0,expirationDay
2021-11-08,21193.0,0.0,0.0,0,468.93,0.0,0,0.0,0.0,,0.0,0,0.0,0.0,,0.0,bidTooLow
2021-11-09,21193.0,-3.0,0.0,0,467.38,0.0,1,0.01,0.04,SPY211112P00438000,438.0,0,0.0,0.0,,0.0,normalDay
2021-11-10,21193.0,-3.0,0.0,0,463.62,0.0,1,0.01,0.04,SPY211112P00438000,438.0,0,0.0,0.0,,0.0,normalDay
2021-11-11,21193.0,-1.0,0.0,0,463.77,0.0,1,0.01,0.02,SPY211112P00438000,438.0,0,0.0,0.0,,0.0,normalDay
2021-11-12,21194.0,0.0,1.0,0,467.27,0.0,1,0.01,0.0,SPY211112P00438000,438.0,0,0.0,0.0,,0.0,expirationDay
2021-11-15,21194.0,-3.0,0.0,0,467.43,0.0,1,0.01,0.04,SPY211117P00448000,448.0,0,0.0,0.0,,0.0,normalDay
2021-11-16,21194.0,-1.0,0.0,0,469.28,0.0,1,0.01,0.02,SPY211117P00448000,448.0,0,0.0,0.0,,0.0,normalDay
2021-11-17,21195.0,0.0,1.0,0,468.14,0.0,1,0.01,0.0,SPY211117P00448000,448.0,0,0.0,0.0,,0.0,expirationDay
2021-11-18,21195.0,-3.0,0.0,0,469.73,0.0,1,0.01,0.04,SPY211119P00452000,452.0,0,0.0,0.0,,0.0,normalDay
2021-11-19,21196.0,0.0,1.0,0,468.89,0.0,1,0.01,0.0,SPY211119P00452000,452.0,0,0.0,0.0,,0.0,expirationDay
2021-11-22,21196.0,-3.0,0.0,0,467.57,0.0,1,0.12,0.15,SPY211124P00455000,455.0,0,0.0,0.0,,0.0,normalDay
2021-11-23,21196.0,7.0,0.0,0,468.19,0.0,1,0.12,0.05,SPY211124P00455000,455.0,0,0.0,0.0,,0.0,normalDay
2021-11-24,21208.0,0.0,12.0,0,469.44,0.0,1,0.12,0.0,SPY211124P00455000,455.0,0,0.0,0.0,,0.0,expirationDay
2021-11-26,21208.0,-12.0,0.0,0,458.97,0.0,1,4.08,4.2,SPY211129P00459000,459.0,0,0.0,0.0,,0.0,normalDay
2021-11-29,21616.0,0.0,408.0,0,464.6,0.0,1,4.08,0.0,SPY211129P00459000,459.0,0,0.0,0.0,,0.0,expirationDay
2021-11-30,21616.0,-11.0,0.0,0,455.56,0.0,1,4.49,4.6,SPY211203P00459000,459.0,0,0.0,0.0,,0.0,normalDay
2021-12-01,21616.0,-515.0,0.0,0,450.5,0.0,1,4.49,9.64,SPY211203P00459000,459.0,0,0.0,0.0,,0.0,normalDay
2021-12-02,21616.0,122.0,0.0,0,457.4,0.0,1,4.49,3.27,SPY211203P00459000,459.0,0,0.0,0.0,,0.0,normalDay
2021-12-03,22065.0,-558.0,449.0,100,453.42,459.0,1,4.49,0.0,SPY211203P00459000,459.0,0,0.0,0.0,,0.0,expirationDay
2021-12-06,22065.0,-21.0,0.0,100,458.79,459.0,0,0.0,0.0,,0.0,0,0.0,0.0,,0.0,bidTooLow
2021-12-07,22065.0,925.0,0.0,100,468.28,459.0,0,0.0,0.0,,0.0,1,0.1,0.13,SPY211210C00478000,478.0,normalDay
2021-12-08,22065.0,1056.0,0.0,100,469.52,459.0,0,0.0,0.0,,0.0,1,0.1,0.06,SPY211210C00478000,478.0,normalDay
2021-12-09,22065.0,744.0,0.0,100,466.35,459.0,0,0.0,0.0,,0.0,1,0.1,0.01,SPY211210C00478000,478.0,normalDay
2021-12-10,22075.0,1174.0,10.0,100,470.74,459.0,0,0.0,0.0,,0.0,1,0.1,0.0,SPY211210C00478000,478.0,expirationDay
2021-12-13,22075.0,754.0,0.0,100,466.57,459.0,0,0.0,0.0,,0.0,1,0.06,0.09,SPY211217C00479000,479.0,normalDay
2021-12-14,22075.0,437.0,0.0,100,463.36,459.0,0,0.0,0.0,,0.0,1,0.06,0.05,SPY211217C00479000,479.0,normalDay
2021-12-15,22075.0,1156.0,0.0,100,470.6,459.0,0,0.0,0.0,,0.0,1,0.06,0.1,SPY211217C00479000,479.0,normalDay
2021-12-16,22075.0,747.0,0.0,100,466.45,459.0,0,0.0,0.0,,0.0,1,0.06,0.04,SPY211217C00479000,479.0,normalDay
2021-12-17,22081.0,87.0,6.0,100,459.87,459.0,0,0.0,0.0,,0.0,1,0.06,0.0,SPY211217C00479000,479.0,expirationDay
2021-12-20,22081.0,-402.0,0.0,100,454.98,459.0,0,0.0,0.0,,0.0,0,0.0,0.0,,0.0,bidTooLow
2021-12-21,22081.0,406.0,0.0,100,463.06,459.0,0,0.0,0.0,,0.0,0,0.0,0.0,,0.0,bidTooLow
2021-12-22,22081.0,869.0,0.0,100,467.69,459.0,0,0.0,0.0,,0.0,0,0.0,0.0,,0.0,bidTooLow
2021-12-23,22081.0,1157.0,0.0,100,470.6,459.0,0,0.0,0.0,,0.0,1,0.01,0.04,SPY211227C00478000,478.0,normalDay
2021-12-27,22082.0,1826.0,1.0,100,477.26,459.0,0,0.0,0.0,,0.0,1,0.01,0.0,SPY211227C00478000,478.0,expirationDay
2021-12-28,22082.0,1784.0,0.0,100,476.87,459.0,0,0.0,0.0,,0.0,1,0.3,0.33,SPY211231C00483000,483.0,normalDay
2021-12-29,22082.0,1864.0,0.0,100,477.48,459.0,0,0.0,0.0,,0.0,1,0.3,0.14,SPY211231C00483000,483.0,normalDay
2021-12-30,22082.0,1743.0,0.0,100,476.16,459.0,0,0.0,0.0,,0.0,1,0.3,0.03,SPY211231C00483000,483.0,normalDay
2021-12-31,22112.0,1596.0,30.0,100,474.96,459.0,0,0.0,0.0,,0.0,1,0.3,0.0,SPY211231C00483000,483.0,expirationDay
2022-01-03,22112.0,1868.0,0.0,100,477.71,459.0,0,0.0,0.0,,0.0,1,0.13,0.16,SPY220107C00485000,485.0,normalDay
2022-01-04,22112.0,1857.0,0.0,100,477.55,459.0,0,0.0,0.0,,0.0,1,0.13,0.11,SPY220107C00485000,485.0,normalDay
2022-01-05,22112.0,949.0,0.0,100,468.38,459.0,0,0.0,0.0,,0.0,1,0.13,0.02,SPY220107C00485000,485.0,normalDay
2022-01-06,22112.0,906.0,0.0,100,467.94,459.0,0,0.0,0.0,,0.0,1,0.13,0.01,SPY220107C00485000,485.0,normalDay
2022-01-07,22125.0,709.0,13.0,100,466.09,459.0,0,0.0,0.0,,0.0,1,0.13,0.0,SPY220107C00485000,485.0,expirationDay
2022-01-10,22125.0,651.0,0.0,100,465.51,459.0,0,0.0,0.0,,0.0,0,0.0,0.0,,0.0,bidTooLow
2022-01-11,22125.0,1075.0,0.0,100,469.75,459.0,0,0.0,0.0,,0.0,0,0.0,0.0,,0.0,bidTooLow
2022-01-12,22125.0,1202.0,0.0,100,471.02,459.0,0,0.0,0.0,,0.0,0,0.0,0.0,,0.0,bidTooLow
2022-01-13,22125.0,553.0,0.0,100,464.53,459.0,0,0.0,0.0,,0.0,0,0.0,0.0,,0.0,bidTooLow
2022-01-14,22125.0,572.0,0.0,100,464.72,459.0,0,0.0,0.0,,0.0,0,0.0,0.0,,0.0,bidTooLow
2022-01-18,22125.0,-251.0,0.0,100,456.49,459.0,0,0.0,0.0,,0.0,0,0.0,0.0,,0.0,bidTooLow
2022-01-19,22125.0,-725.0,0.0,100,451.75,459.0,0,0.0,0.0,,0.0,0,0.0,0.0,,0.0,bidTooLow
2022-01-20,22125.0,-1225.0,0.0,100,446.75,459.0,0,0.0,0.0,,0.0,0,0.0,0.0,,0.0,bidTooLow
2022-01-21,22125.0,-2102.0,0.0,100,437.98,459.0,0,0.0,0.0,,0.0,0,0.0,0.0,,0.0,bidTooLow
2022-01-24,22125.0,-1916.0,0.0,100,439.84,459.0,0,0.0,0.0,,0.0,0,0.0,0.0,,0.0,bidTooLow
2022-01-25,22125.0,-2453.0,0.0,100,434.47,459.0,0,0.0,0.0,,0.0,0,0.0,0.0,,0.0,bidTooLow
2022-01-26,22125.0,-2562.0,0.0,100,433.38,459.0,0,0.0,0.0,,0.0,0,0.0,0.0,,0.0,bidTooLow
2022-01-27,22125.0,-2776.0,0.0,100,431.24,459.0,0,0.0,0.0,,0.0,0,0.0,0.0,,0.0,bidTooLow
2022-01-28,22125.0,-1705.0,0.0,100,441.95,459.0,0,0.0,0.0,,0.0,0,0.0,0.0,,0.0,bidTooLow
2022-01-31,22125.0,-909.0,0.0,100,449.91,459.0,0,0.0,0.0,,0.0,0,0.0,0.0,,0.0,bidTooLow
2022-02-01,22125.0,-605.0,0.0,100,452.95,459.0,0,0.0,0.0,,0.0,0,0.0,0.0,,0.0,bidTooLow
2022-02-02,22125.0,-165.0,0.0,100,457.35,459.0,0,0.0,0.0,,0.0,0,0.0,0.0,,0.0,bidTooLow
2022-02-03,22125.0,-1240.0,0.0,100,446.6,459.0,0,0.0,0.0,,0.0,0,0.0,0.0,,0.0,bidTooLow
2022-02-04,22125.0,-1030.0,0.0,100,448.7,459.0,0,0.0,0.0,,0.0,0,0.0,0.0,,0.0,bidTooLow
2022-02-07,22125.0,-1174.0,0.0,100,447.26,459.0,0,0.0,0.0,,0.0,0,0.0,0.0,,0.0,bidTooLow
2022-02-08,22125.0,-806.0,0.0,100,450.94,459.0,0,0.0,0.0,,0.0,0,0.0,0.0,,0.0,bidTooLow
2022-02-09,22125.0,-146.0,0.0,100,457.54,459.0,0,0.0,0.0,,0.0,0,0.0,0.0,,0.0,bidTooLow
2022-02-10,22125.0,-968.0,0.0,100,449.32,459.0,0,0.0,0.0,,0.0,0,0.0,0.0,,0.0,bidTooLow
2022-02-11,22125.0,-1854.0,0.0,100,440.46,459.0,0,0.0,0.0,,0.0,0,0.0,0.0,,0.0,bidTooLow
2022-02-14,22125.0,-2001.0,0.0,100,439.02,459.0,0,0.0,0.0,,0.0,1,0.02,0.05,SPY220218C00465000,465.0,normalDay
2022-02-15,22125.0,-1293.0,0.0,100,446.1,459.0,0,0.0,0.0,,0.0,1,0.02,0.05,SPY220218C00465000,465.0,normalDay
2022-02-16,22125.0,-1241.0,0.0,100,446.6,459.0,0,0.0,0.0,,0.0,1,0.02,0.03,SPY220218C00465000,465.0,normalDay
2022-02-17,22125.0,-2193.0,0.0,100,437.06,459.0,0,0.0,0.0,,0.0,1,0.02,0.01,SPY220218C00465000,465.0,normalDay
2022-02-18,22127.0,-2477.0,2.0,100,434.23,459.0,0,0.0,0.0,,0.0,1,0.02,0.0,SPY220218C00465000,465.0,expirationDay
2022-02-22,22127.0,-2943.0,0.0,100,429.57,459.0,0,0.0,0.0,,0.0,0,0.0,0.0,,0.0,bidTooLow
2022-02-23,22127.0,-3705.0,0.0,100,421.95,459.0,0,0.0,0.0,,0.0,0,0.0,0.0,,0.0,bidTooLow
2022-02-24,22127.0,-3070.0,0.0,100,428.3,459.0,0,0.0,0.0,,0.0,0,0.0,0.0,,0.0,bidTooLow
2022-02-25,22127.0,-2125.0,0.0,100,437.75,459.0,0,0.0,0.0,,0.0,0,0.0,0.0,,0.0,bidTooLow
2022-02-28,22127.0,-2237.0,0.0,100,436.63,459.0,0,0.0,0.0,,0.0,0,0.0,0.0,,0.0,bidTooLow
2022-03-01,22127.0,-2902.0,0.0,100,429.98,459.0,0,0.0,0.0,,0.0,0,0.0,0.0,,0.0,bidTooLow
2022-03-02,22127.0,-2111.0,0.0,100,437.89,459.0,0,0.0,0.0,,0.0,0,0.0,0.0,,0.0,bidTooLow
2022-03-03,22127.0,-2329.0,0.0,100,435.71,459.0,0,0.0,0.0,,0.0,0,0.0,0.0,,0.0,bidTooLow
2022-03-04,22127.0,-2683.0,0.0,100,432.17,459.0,0,0.0,0.0,,0.0,0,0.0,0.0,,0.0,bidTooLow
2022-03-07,22127.0,-3957.0,0.0,100,419.43,459.0,0,0.0,0.0,,0.0,0,0.0,0.0,,0.0,bidTooLow
2022-03-08,22127.0,-4275.0,0.0,100,416.25,459.0,0,0.0,0.0,,0.0,0,0.0,0.0,,0.0,bidTooLow
2022-03-09,22127.0,-3159.0,0.0,100,427.41,459.0,0,0.0,0.0,,0.0,0,0.0,0.0,,0.0,bidTooLow
2022-03-10,22127.0,-3352.0,0.0,100,425.48,459.0,0,0.0,0.0,,0.0,0,0.0,0.0,,0.0,bidTooLow
2022-03-11,22127.0,-3893.0,0.0,100,420.07,459.0,0,0.0,0.0,,0.0,0,0.0,0.0,,0.0,bidTooLow
2022-03-14,22127.0,-4203.0,0.0,100,417.0,459.0,0,0.0,0.0,,0.0,1,0.01,0.04,SPY220318C00452000,452.0,normalDay
2022-03-15,22127.0,-3286.0,0.0,100,426.17,459.0,0,0.0,0.0,,0.0,1,0.01,0.04,SPY220318C00452000,452.0,normalDay
2022-03-16,22127.0,-2342.0,0.0,100,435.62,459.0,0,0.0,0.0,,0.0,1,0.01,0.05,SPY220318C00452000,452.0,normalDay
2022-03-17,22127.0,-1796.0,0.0,100,441.07,459.0,0,0.0,0.0,,0.0,1,0.01,0.04,SPY220318C00452000,452.0,normalDay
2022-03-18,22128.0,-1448.0,1.0,100,444.52,459.0,0,0.0,0.0,,0.0,1,0.01,0.0,SPY220318C00452000,452.0,expirationDay
2022-03-21,22128.0,-1464.0,0.0,100,444.39,459.0,0,0.0,0.0,,0.0,1,1.22,1.25,SPY220325C00451000,451.0,normalDay
2022-03-22,22128.0,-1065.0,0.0,100,449.59,459.0,0,0.0,0.0,,0.0,1,1.22,2.46,SPY220325C00451000,451.0,normalDay
2022-03-23,22128.0,-1443.0,0.0,100,443.8,459.0,0,0.0,0.0,,0.0,1,1.22,0.45,SPY220325C00451000,451.0,normalDay
2022-03-24,22128.0,-870.0,0.0,100,450.49,459.0,0,0.0,0.0,,0.0,1,1.22,1.41,SPY220325C00451000,451.0,normalDay
2022-03-25,21450.0,-870.0,-678.0,0,452.69,0.0,0,0.0,0.0,,0.0,1,1.22,0.0,SPY220325C00451000,451.0,expirationDay
2022-03-28,21450.0,0.0,0.0,0,455.91,0.0,0,0.0,0.0,,0.0,0,0.0,0.0,,0.0,bidTooLow
2022-03-29,21450.0,0.0,0.0,0,461.55,0.0,0,0.0,0.0,,0.0,0,0.0,0.0,,0.0,bidTooLow
2022-03-30,21450.0,0.0,0.0,0,458.7,0.0,0,0.0,0.0,,0.0,0,0.0,0.0,,0.0,bidTooLow
2022-03-31,21450.0,0.0,0.0,0,451.64,0.0,0,0.0,0.0,,0.0,0,0.0,0.0,,0.0,bidTooLow
2022-04-01,21450.0,0.0,0.0,0,452.92,0.0,0,0.0,0.0,,0.0,0,0.0,0.0,,0.0,bidTooLow
2022-04-04,21450.0,0.0,0.0,0,456.8,0.0,0,0.0,0.0,,0.0,0,0.0,0.0,,0.0,bidTooLow
2022-04-05,21450.0,-3.0,0.0,0,451.03,0.0,1,0.02,0.05,SPY220408P00416000,416.0,0,0.0,0.0,,0.0,normalDay
2022-04-06,21450.0,-2.0,0.0,0,446.52,0.0,1,0.02,0.04,SPY220408P00416000,416.0,0,0.0,0.0,,0.0,normalDay
2022-04-07,21450.0,0.0,0.0,0,448.77,0.0,1,0.02,0.02,SPY220408P00416000,416.0,0,0.0,0.0,,0.0,normalDay
2022-04-08,21452.0,0.0,2.0,0,447.57,0.0,1,0.02,0.0,SPY220408P00416000,416.0,0,0.0,0.0,,0.0,expirationDay
2022-04-11,21452.0,-4.0,0.0,0,439.92,0.0,1,1.08,1.12,SPY220414P00431000,431.0,0,0.0,0.0,,0.0,normalDay
2022-04-12,21452.0,40.0,0.0,0,438.29,0.0,1,1.08,0.68,SPY220414P00431000,431.0,0,0.0,0.0,,0.0,normalDay
2022-04-13,21452.0,100.0,0.0,0,443.31,0.0,1,1.08,0.08,SPY220414P00431000,431.0,0,0.0,0.0,,0.0,normalDay
2022-04-14,21560.0,0.0,108.0,0,437.79,0.0,1,1.08,0.0,SPY220414P00431000,431.0,0,0.0,0.0,,0.0,expirationDay
2022-04-18,21560.0,-3.0,0.0,0,437.97,0.0,1,0.83,0.86,SPY220420P00434000,434.0,0,0.0,0.0,,0.0,normalDay
2022-04-19,21560.0,73.0,0.0,0,445.04,0.0,1,0.83,0.1,SPY220420P00434000,434.0,0,0.0,0.0,,0.0,normalDay
2022-04-20,21643.0,0.0,83.0,0,444.71,0.0,1,0.83,0.0,SPY220420P00434000,434.0,0,0.0,0.0,,0.0,expirationDay
2022-04-21,21643.0,-3.0,0.0,0,438.06,0.0,1,0.56,0.59,SPY220422P00433000,433.0,0,0.0,0.0,,0.0,normalDay
2022-04-22,21699.0,-696.0,56.0,100,426.04,433.0,1,0.56,0.0,SPY220422P00433000,433.0,0,0.0,0.0,,0.0,expirationDay
2022-04-25,21699.0,-449.0,0.0,100,428.51,433.0,0,0.0,0.0,,0.0,0,0.0,0.0,,0.0,bidTooLow
2022-04-26,21699.0,-1690.0,0.0,100,416.1,433.0,0,0.0,0.0,,0.0,0,0.0,0.0,,0.0,bidTooLow
2022-04-27,21699.0,-1573.0,0.0,100,417.27,433.0,0,0.0,0.0,,0.0,0,0.0,0.0,,0.0,bidTooLow
2022-04-28,21699.0,-519.0,0.0,100,427.81,433.0,0,0.0,0.0,,0.0,0,0.0,0.0,,0.0,bidTooLow
2022-04-29,21699.0,-2100.0,0.0,100,412.0,433.0,0,0.0,0.0,,0.0,0,0.0,0.0,,0.0,bidTooLow
2022-05-02,21699.0,-1852.0,0.0,100,414.48,433.0,0,0.0,0.0,,0.0,0,0.0,0.0,,0.0,bidTooLow
2022-05-03,21699.0,-1662.0,0.0,100,416.38,433.0,0,0.0,0.0,,0.0,0,0.0,0.0,,0.0,bidTooLow
2022-05-04,21699.0,-394.0,0.0,100,429.06,433.0,0,0.0,0.0,,0.0,0,0.0,0.0,,0.0,bidTooLow
2022-05-05,21699.0,-1919.0,0.0,100,413.81,433.0,0,0.0,0.0,,0.0,0,0.0,0.0,,0.0,bidTooLow
2022-05-06,21699.0,-2166.0,0.0,100,411.34,433.0,0,0.0,0.0,,0.0,0,0.0,0.0,,0.0,bidTooLow
2022-05-09,21699.0,-3483.0,0.0,100,398.17,433.0,0,0.0,0.0,,0.0,0,0.0,0.0,,0.0,bidTooLow
2022-05-10,21699.0,-3391.0,0.0,100,399.09,433.0,0,0.0,0.0,,0.0,0,0.0,0.0,,0.0,bidTooLow
2022-05-11,21699.0,-4025.0,0.0,100,392.75,433.0,0,0.0,0.0,,0.0,0,0.0,0.0,,0.0,bidTooLow
2022-05-12,21699.0,-4066.0,0.0,100,392.34,433.0,0,0.0,0.0,,0.0,0,0.0,0.0,,0.0,bidTooLow
2022-05-13,21699.0,-3128.0,0.0,100,401.72,433.0,0,0.0,0.0,,0.0,0,0.0,0.0,,0.0,bidTooLow
2022-05-16,21699.0,-3291.0,0.0,100,400.09,433.0,0,0.0,0.0,,0.0,0,0.0,0.0,,0.0,bidTooLow
2022-05-17,21699.0,-2468.0,0.0,100,408.32,433.0,0,0.0,0.0,,0.0,0,0.0,0.0,,0.0,bidTooLow
2022-05-18,21699.0,-4114.0,0.0,100,391.86,433.0,0,0.0,0.0,,0.0,0,0.0,0.0,,0.0,bidTooLow
2022-05-19,21699.0,-4354.0,0.0,100,389.46,433.0,0,0.0,0.0,,0.0,0,0.0,0.0,,0.0,bidTooLow
2022-05-20,21699.0,-4337.0,0.0,100,389.63,433.0,0,0.0,0.0,,0.0,0,0.0,0.0,,0.0,bidTooLow
2022-05-23,21699.0,-3608.0,0.0,100,396.92,433.0,0,0.0,0.0,,0.0,0,0.0,0.0,,0.0,bidTooLow
2022-05-24,21699.0,-3911.0,0.0,100,393.89,433.0,0,0.0,0.0,,0.0,0,0.0,0.0,,0.0,bidTooLow
2022-05-25,21699.0,-3563.0,0.0,100,397.37,433.0,0,0.0,0.0,,0.0,0,0.0,0.0,,0.0,bidTooLow
2022-05-26,21699.0,-2769.0,0.0,100,405.31,433.0,0,0.0,0.0,,0.0,0,0.0,0.0,,0.0,bidTooLow
2022-05-27,21699.0,-1774.0,0.0,100,415.26,433.0,0,0.0,0.0,,0.0,0,0.0,0.0,,0.0,bidTooLow
2022-05-31,21699.0,-2010.0,0.0,100,412.93,433.0,0,0.0,0.0,,0.0,1,0.1,0.13,SPY220603C00429000,429.0,normalDay
2022-06-01,21699.0,-2334.0,0.0,100,409.59,433.0,0,0.0,0.0,,0.0,1,0.1,0.03,SPY220603C00429000,429.0,normalDay
2022-06-02,21699.0,-1554.0,0.0,100,417.39,433.0,0,0.0,0.0,,0.0,1,0.1,0.03,SPY220603C00429000,429.0,normalDay
2022-06-03,21709.0,-2246.0,10.0,100,410.54,433.0,0,0.0,0.0,,0.0,1,0.1,0.0,SPY220603C00429000,429.0,expirationDay
2022-06-06,21709.0,-2124.0,0.0,100,411.79,433.0,0,0.0,0.0,,0.0,1,0.65,0.68,SPY220610C00423000,423.0,normalDay
2022-06-07,21709.0,-1754.0,0.0,100,415.74,433.0,0,0.0,0.0,,0.0,1,0.65,0.93,SPY220610C00423000,423.0,normalDay
2022-06-08,21709.0,-2133.0,0.0,100,411.22,433.0,0,0.0,0.0,,0.0,1,0.65,0.2,SPY220610C00423000,423.0,normalDay
2022-06-09,21709.0,-3094.0,0.0,100,401.44,433.0,0,0.0,0.0,,0.0,1,0.65,0.03,SPY220610C00423000,423.0,normalDay
2022-06-10,21774.0,-4320.0,65.0,100,389.8,433.0,0,0.0,0.0,,0.0,1,0.65,0.0,SPY220610C00423000,423.0,expirationDay
2022-06-13,21774.0,-5800.0,0.0,100,375.0,433.0,0,0.0,0.0,,0.0,0,0.0,0.0,,0.0,bidTooLow
2022-06-14,21774.0,-5913.0,0.0,100,373.87,433.0,0,0.0,0.0,,0.0,0,0.0,0.0,,0.0,bidTooLow
2022-06-15,21774.0,-5380.0,0.0,100,379.2,433.0,0,0.0,0.0,,0.0,0,0.0,0.0,,0.0,bidTooLow
2022-06-16,21774.0,-6635.0,0.0,100,366.65,433.0,0,0.0,0.0,,0.0,0,0.0,0.0,,0.0,bidTooLow
2022-06-17,21774.0,-6714.0,0.0,100,365.86,433.0,0,0.0,0.0,,0.0,0,0.0,0.0,,0.0,bidTooLow
2022-06-21,21774.0,-5793.0,0.0,100,375.07,433.0,0,0.0,0.0,,0.0,0,0.0,0.0,,0.0,bidTooLow
2022-06-22,21774.0,-5861.0,0.0,100,374.39,433.0,0,0.0,0.0,,0.0,0,0.0,0.0,,0.0,bidTooLow
2022-06-23,21774.0,-5494.0,0.0,100,378.06,433.0,0,0.0,0.0,,0.0,0,0.0,0.0,,0.0,bidTooLow
2022-06-24,21774.0,-4292.0,0.0,100,390.08,433.0,0,0.0,0.0,,0.0,0,0.0,0.0,,0.0,bidTooLow
2022-06-27,21774.0,-4441.0,0.0,100,388.59,433.0,0,0.0,0.0,,0.0,0,0.0,0.0,,0.0,bidTooLow
2022-06-28,21774.0,-5235.0,0.0,100,380.65,433.0,0,0.0,0.0,,0.0,0,0.0,0.0,,0.0,bidTooLow
2022-06-29,21774.0,-5266.0,0.0,100,380.34,433.0,0,0.0,0.0,,0.0,0,0.0,0.0,,0.0,bidTooLow
2022-06-30,21774.0,-5575.0,0.0,100,377.25,433.0,0,0.0,0.0,,0.0,0,0.0,0.0,,0.0,bidTooLow
2022-07-01,21774.0,-5176.0,0.0,100,381.24,433.0,0,0.0,0.0,,0.0,0,0.0,0.0,,0.0,bidTooLow
2022-07-05,21774.0,-5104.0,0.0,100,381.96,433.0,0,0.0,0.0,,0.0,0,0.0,0.0,,0.0,bidTooLow
2022-07-06,21774.0,-4975.0,0.0,100,383.25,433.0,0,0.0,0.0,,0.0,0,0.0,0.0,,0.0,bidTooLow
2022-07-07,21774.0,-4401.0,0.0,100,388.99,433.0,0,0.0,0.0,,0.0,0,0.0,0.0,,0.0,bidTooLow
2022-07-08,21774.0,-4433.0,0.0,100,388.67,433.0,0,0.0,0.0,,0.0,0,0.0,0.0,,0.0,bidTooLow
2022-07-11,21774.0,-4880.0,0.0,100,384.23,433.0,0,0.0,0.0,,0.0,1,0.38,0.41,SPY220715C00397500,397.5,normalDay
2022-07-12,21774.0,-5198.0,0.0,100,380.83,433.0,0,0.0,0.0,,0.0,1,0.38,0.19,SPY220715C00397500,397.5,normalDay
2022-07-13,21774.0,-5382.0,0.0,100,378.83,433.0,0,0.0,0.0,,0.0,1,0.38,0.03,SPY220715C00397500,397.5,normalDay
2022-07-14,21774.0,-5472.0,0.0,100,377.91,433.0,0,0.0,0.0,,0.0,1,0.38,0.01,SPY220715C00397500,397.5,normalDay
2022-07-15,21812.0,-4787.0,38.0,100,385.13,433.0,0,0.0,0.0,,0.0,1,0.38,0.0,SPY220715C00397500,397.5,expirationDay
2022-07-18,21812.0,-5108.0,0.0,100,381.95,433.0,0,0.0,0.0,,0.0,1,0.26,0.29,SPY220722C00395000,395.0,normalDay
2022-07-19,21812.0,-4287.0,0.0,100,392.27,433.0,0,0.0,0.0,,0.0,1,0.26,2.4,SPY220722C00395000,395.0,normalDay
2022-07-20,21812.0,-4083.0,0.0,100,394.77,433.0,0,0.0,0.0,,0.0,1,0.26,2.86,SPY220722C00395000,395.0,normalDay
2022-07-21,21812.0,-3816.0,0.0,100,398.79,433.0,0,0.0,0.0,,0.0,1,0.26,4.21,SPY220722C00395000,395.0,normalDay
2022-07-22,18038.0,-3816.0,-3774.0,0,395.09,0.0,0,0.0,0.0,,0.0,1,0.26,0.0,SPY220722C00395000,395.0,expirationDay
2022-07-25,18038.0,0.0,0.0,0,395.57,0.0,0,0.0,0.0,,0.0,0,0.0,0.0,,0.0,bidTooLow
2022-07-26,18038.0,-3.0,0.0,0,390.89,0.0,1,0.23,0.26,SPY220729P00373000,373.0,0,0.0,0.0,,0.0,normalDay
2022-07-27,18038.0,17.0,0.0,0,401.04,0.0,1,0.23,0.06,SPY220729P00373000,373.0,0,0.0,0.0,,0.0,normalDay
2022-07-28,18038.0,21.0,0.0,0,406.07,0.0,1,0.23,0.02,SPY220729P00373000,373.0,0,0.0,0.0,,0.0,normalDay
2022-07-29,18061.0,0.0,23.0,0,411.99,0.0,1,0.23,0.0,SPY220729P00373000,373.0,0,0.0,0.0,,0.0,expirationDay
2022-08-01,18061.0,0.0,0.0,0,410.77,0.0,0,0.0,0.0,,0.0,0,0.0,0.0,,0.0,bidTooLow
2022-08-02,18061.0,-3.0,0.0,0,408.06,0.0,1,0.01,0.04,SPY220805P00371000,371.0,0,0.0,0.0,,0.0,normalDay
2022-08-03,18061.0,-1.0,0.0,0,414.45,0.0,1,0.01,0.02,SPY220805P00371000,371.0,0,0.0,0.0,,0.0,normalDay
2022-08-04,18061.0,0.0,0.0,0,414.17,0.0,1,0.01,0.01,SPY220805P00371000,371.0,0,0.0,0.0,,0.0,normalDay
2022-08-05,18062.0,0.0,1.0,0,413.47,0.0,1,0.01,0.0,SPY220805P00371000,371.0,0,0.0,0.0,,0.0,expirationDay
2022-08-08,18062.0,0.0,0.0,0,412.99,0.0,0,0.0,0.0,,0.0,0,0.0,0.0,,0.0,bidTooLow
2022-08-09,18062.0,0.0,0.0,0,411.35,0.0,0,0.0,0.0,,0.0,0,0.0,0.0,,0.0,bidTooLow
2022-08-10,18062.0,0.0,0.0,0,419.99,0.0,0,0.0,0.0,,0.0,0,0.0,0.0,,0.0,bidTooLow
2022-08-11,18062.0,0.0,0.0,0,419.99,0.0,0,0.0,0.0,,0.0,0,0.0,0.0,,0.0,bidTooLow
2022-08-12,18062.0,0.0,0.0,0,427.1,0.0,0,0.0,0.0,,0.0,0,0.0,0.0,,0.0,bidTooLow
2022-08-15,18062.0,0.0,0.0,0,428.86,0.0,0,0.0,0.0,,0.0,0,0.0,0.0,,0.0,bidTooLow
2022-08-16,18062.0,0.0,0.0,0,429.7,0.0,0,0.0,0.0,,0.0,0,0.0,0.0,,0.0,bidTooLow
2022-08-17,18062.0,0.0,0.0,0,426.65,0.0,0,0.0,0.0,,0.0,0,0.0,0.0,,0.0,bidTooLow
2022-08-18,18062.0,0.0,0.0,0,427.89,0.0,0,0.0,0.0,,0.0,0,0.0,0.0,,0.0,bidTooLow
2022-08-19,18062.0,0.0,0.0,0,422.14,0.0,0,0.0,0.0,,0.0,0,0.0,0.0,,0.0,bidTooLow
2022-08-22,18062.0,-3.0,0.0,0,413.35,0.0,1,0.03,0.06,SPY220824P00396000,396.0,0,0.0,0.0,,0.0,normalDay
2022-08-23,18062.0,0.0,0.0,0,412.35,0.0,1,0.03,0.03,SPY220824P00396000,396.0,0,0.0,0.0,,0.0,normalDay
2022-08-24,18065.0,0.0,3.0,0,413.67,0.0,1,0.03,0.0,SPY220824P00396000,396.0,0,0.0,0.0,,0.0,expirationDay
2022-08-25,18065.0,-3.0,0.0,0,419.51,0.0,1,0.04,0.07,SPY220826P00404000,404.0,0,0.0,0.0,,0.0,normalDay
2022-08-26,18069.0,0.0,4.0,0,405.31,0.0,1,0.04,0.0,SPY220826P00404000,404.0,0,0.0,0.0,,0.0,expirationDay
2022-08-29,18069.0,-3.0,0.0,0,402.63,0.0,1,2.31,2.34,SPY220831P00401000,401.0,0,0.0,0.0,,0.0,normalDay
2022-08-30,18069.0,-146.0,0.0,0,398.21,0.0,1,2.31,3.77,SPY220831P00401000,401.0,0,0.0,0.0,,0.0,normalDay
2022-08-31,18300.0,-582.0,231.0,100,395.18,401.0,1,2.31,0.0,SPY220831P00401000,401.0,0,0.0,0.0,,0.0,expirationDay
2022-09-01,18300.0,-458.0,0.0,100,396.42,401.0,0,0.0,0.0,,0.0,0,0.0,0.0,,0.0,bidTooLow
2022-09-02,18300.0,-876.0,0.0,100,392.24,401.0,0,0.0,0.0,,0.0,0,0.0,0.0,,0.0,bidTooLow
2022-09-06,18300.0,-1024.0,0.0,100,390.76,401.0,0,0.0,0.0,,0.0,0,0.0,0.0,,0.0,bidTooLow
2022-09-07,18300.0,-322.0,0.0,100,397.78,401.0,0,0.0,0.0,,0.0,0,0.0,0.0,,0.0,bidTooLow
2022-09-08,18300.0,-62.0,0.0,100,400.38,401.0,0,0.0,0.0,,0.0,0,0.0,0.0,,0.0,bidTooLow
2022-09-09,18300.0,560.0,0.0,100,406.6,401.0,0,0.0,0.0,,0.0,0,0.0,0.0,,0.0,bidTooLow
2022-09-12,18300.0,997.0,0.0,100,410.97,401.0,0,0.0,0.0,,0.0,0,0.0,0.0,,0.0,bidTooLow
2022-09-13,18300.0,-790.0,0.0,100,393.1,401.0,0,0.0,0.0,,0.0,0,0.0,0.0,,0.0,bidTooLow
2022-09-14,18300.0,-640.0,0.0,100,394.6,401.0,0,0.0,0.0,,0.0,0,0.0,0.0,,0.0,bidTooLow
2022-09-15,18300.0,-1088.0,0.0,100,390.12,401.0,0,0.0,0.0,,0.0,0,0.0,0.0,,0.0,bidTooLow
2022-09-16,18300.0,-1544.0,0.0,100,385.56,401.0,0,0.0,0.0,,0.0,0,0.0,0.0,,0.0,bidTooLow
2022-09-19,18300.0,-1245.0,0.0,100,388.55,401.0,0,0.0,0.0,,0.0,0,0.0,0.0,,0.0,bidTooLow
2022-09-20,18300.0,-1691.0,0.0,100,384.09,401.0,0,0.0,0.0,,0.0,0,0.0,0.0,,0.0,bidTooLow
2022-09-21,18300.0,-2361.0,0.0,100,377.39,401.0,0,0.0,0.0,,0.0,0,0.0,0.0,,0.0,bidTooLow
2022-09-22,18300.0,-2678.0,0.0,100,374.22,401.0,0,0.0,0.0,,0.0,0,0.0,0.0,,0.0,bidTooLow
2022-09-23,18300.0,-3305.0,0.0,100,367.95,401.0,0,0.0,0.0,,0.0,0,0.0,0.0,,0.0,bidTooLow
2022-09-26,18300.0,-3669.0,0.0,100,364.31,401.0,0,0.0,0.0,,0.0,0,0.0,0.0,,0.0,bidTooLow
2022-09-27,18300.0,-3762.0,0.0,100,363.38,401.0,0,0.0,0.0,,0.0,0,0.0,0.0,,0.0,bidTooLow
2022-09-28,18300.0,-3047.0,0.0,100,370.53,401.0,0,0.0,0.0,,0.0,0,0.0,0.0,,0.0,bidTooLow
2022-09-29,18300.0,-3821.0,0.0,100,362.79,401.0,0,0.0,0.0,,0.0,0,0.0,0.0,,0.0,bidTooLow
2022-09-30,18300.0,-4382.0,0.0,100,357.18,401.0,0,0.0,0.0,,0.0,0,0.0,0.0,,0.0,bidTooLow
2022-10-03,18300.0,-3439.0,0.0,100,366.61,401.0,0,0.0,0.0,,0.0,0,0.0,0.0,,0.0,bidTooLow
2022-10-04,18300.0,-2303.0,0.0,100,377.97,401.0,0,0.0,0.0,,0.0,0,0.0,0.0,,0.0,bidTooLow
2022-10-05,18300.0,-2391.0,0.0,100,377.09,401.0,0,0.0,0.0,,0.0,0,0.0,0.0,,0.0,bidTooLow
2022-10-06,18300.0,-2780.0,0.0,100,373.2,401.0,0,0.0,0.0,,0.0,0,0.0,0.0,,0.0,bidTooLow
2022-10-07,18300.0,-3821.0,0.0,100,362.79,401.0,0,0.0,0.0,,0.0,0,0.0,0.0,,0.0,bidTooLow
2022-10-10,18300.0,-4098.0,0.0,100,360.02,401.0,0,0.0,0.0,,0.0,0,0.0,0.0,,0.0,bidTooLow
2022-10-11,18300.0,-4326.0,0.0,100,357.74,401.0,0,0.0,0.0,,0.0,0,0.0,0.0,,0.0,bidTooLow
2022-10-12,18300.0,-4444.0,0.0,100,356.56,401.0,0,0.0,0.0,,0.0,0,0.0,0.0,,0.0,bidTooLow
2022-10-13,18300.0,-3503.0,0.0,100,365.97,401.0,0,0.0,0.0,,0.0,0,0.0,0.0,,0.0,bidTooLow
2022-10-14,18300.0,-4337.0,0.0,100,357.63,401.0,0,0.0,0.0,,0.0,0,0.0,0.0,,0.0,bidTooLow
2022-10-17,18300.0,-3421.0,0.0,100,366.82,401.0,0,0.0,0.0,,0.0,1,0.25,0.28,SPY221021C00386000,386.0,normalDay
2022-10-18,18300.0,-3003.0,0.0,100,371.13,401.0,0,0.0,0.0,,0.0,1,0.25,0.41,SPY221021C00386000,386.0,normalDay
2022-10-19,18300.0,-3233.0,0.0,100,368.5,401.0,0,0.0,0.0,,0.0,1,0.25,0.08,SPY221021C00386000,386.0,normalDay
2022-10-20,18300.0,-3536.0,0.0,100,365.41,401.0,0,0.0,0.0,,0.0,1,0.25,0.02,SPY221021C00386000,386.0,normalDay
2022-10-21,18325.0,-2671.0,25.0,100,374.29,401.0,0,0.0,0.0,,0.0,1,0.25,0.0,SPY221021C00386000,386.0,expirationDay
2022-10-24,18325.0,-2217.0,0.0,100,378.87,401.0,0,0.0,0.0,,0.0,1,2.77,2.81,SPY221028C00384000,384.0,normalDay
2022-10-25,18325.0,-1712.0,0.0,100,384.92,401.0,0,0.0,0.0,,0.0,1,2.77,3.81,SPY221028C00384000,384.0,normalDay
2022-10-26,18325.0,-1881.0,0.0,100,382.02,401.0,0,0.0,0.0,,0.0,1,2.77,2.6,SPY221028C00384000,384.0,normalDay
2022-10-27,18325.0,-1858.0,0.0,100,379.98,401.0,0,0.0,0.0,,0.0,1,2.77,0.33,SPY221028C00384000,384.0,normalDay
2022-10-28,16902.0,-1858.0,-1423.0,0,389.02,0.0,0,0.0,0.0,,0.0,1,2.77,0.0,SPY221028C00384000,384.0,expirationDay
2022-10-31,16902.0,0.0,0.0,0,386.21,0.0,0,0.0,0.0,,0.0,0,0.0,0.0,,0.0,bidTooLow
2022-11-01,16902.0,-3.0,0.0,0,384.52,0.0,1,0.02,0.05,SPY221104P00351000,351.0,0,0.0,0.0,,0.0,normalDay
2022-11-02,16902.0,-3.0,0.0,0,374.87,0.0,1,0.02,0.05,SPY221104P00351000,351.0,0,0.0,0.0,,0.0,normalDay
2022-11-03,16902.0,-1.0,0.0,0,371.01,0.0,1,0.02,0.03,SPY221104P00351000,351.0,0,0.0,0.0,,0.0,normalDay
2022-11-04,16904.0,0.0,2.0,0,376.35,0.0,1,0.02,0.0,SPY221104P00351000,351.0,0,0.0,0.0,,0.0,expirationDay
2022-11-07,16904.0,0.0,0.0,0,379.95,0.0,0,0.0,0.0,,0.0,0,0.0,0.0,,0.0,bidTooLow
2022-11-08,16904.0,-3.0,0.0,0,382.0,0.0,1,0.13,0.16,SPY221111P00356000,356.0,0,0.0,0.0,,0.0,normalDay
2022-11-09,16904.0,-7.0,0.0,0,374.13,0.0,1,0.13,0.2,SPY221111P00356000,356.0,0,0.0,0.0,,0.0,normalDay
2022-11-10,16904.0,11.0,0.0,0,394.69,0.0,1,0.13,0.02,SPY221111P00356000,356.0,0,0.0,0.0,,0.0,normalDay
2022-11-11,16917.0,0.0,13.0,0,398.51,0.0,1,0.13,0.0,SPY221111P00356000,356.0,0,0.0,0.0,,0.0,expirationDay
2022-11-14,16917.0,0.0,0.0,0,395.12,0.0,0,0.0,0.0,,0.0,0,0.0,0.0,,0.0,bidTooLow
2022-11-15,16917.0,-3.0,0.0,0,398.49,0.0,1,0.03,0.06,SPY221118P00363000,363.0,0,0.0,0.0,,0.0,normalDay
2022-11-16,16917.0,0.0,0.0,0,395.45,0.0,1,0.03,0.03,SPY221118P00363000,363.0,0,0.0,0.0,,0.0,normalDay
2022-11-17,16917.0,0.0,0.0,0,394.24,0.0,1,0.03,0.03,SPY221118P00363000,363.0,0,0.0,0.0,,0.0,normalDay
2022-11-18,16920.0,0.0,3.0,0,396.03,0.0,1,0.03,0.0,SPY221118P00363000,363.0,0,0.0,0.0,,0.0,expirationDay
2022-11-21,16920.0,0.0,0.0,0,394.59,0.0,0,0.0,0.0,,0.0,0,0.0,0.0,,0.0,bidTooLow
2022-11-22,16920.0,0.0,0.0,0,399.9,0.0,0,0.0,0.0,,0.0,0,0.0,0.0,,0.0,bidTooLow
2022-11-23,16920.0,0.0,0.0,0,402.42,0.0,0,0.0,0.0,,0.0,0,0.0,0.0,,0.0,bidTooLow
2022-11-25,16920.0,0.0,0.0,0,402.33,0.0,0,0.0,0.0,,0.0,0,0.0,0.0,,0.0,bidTooLow
2022-11-28,16920.0,-3.0,0.0,0,395.91,0.0,1,0.01,0.04,SPY221201P00369000,369.0,0,0.0,0.0,,0.0,normalDay
2022-11-29,16920.0,-2.0,0.0,0,395.23,0.0,1,0.01,0.03,SPY221201P00369000,369.0,0,0.0,0.0,,0.0,normalDay
2022-11-30,16920.0,-1.0,0.0,0,407.68,0.0,1,0.01,0.02,SPY221201P00369000,369.0,0,0.0,0.0,,0.0,normalDay
2022-12-01,16921.0,0.0,1.0,0,407.38,0.0,1,0.01,0.0,SPY221201P00369000,369.0,0,0.0,0.0,,0.0,expirationDay
2022-12-02,16921.0,0.0,0.0,0,406.91,0.0,0,0.0,0.0,,0.0,0,0.0,0.0,,0.0,bidTooLow
2022-12-05,16921.0,-3.0,0.0,0,399.59,0.0,1,0.01,0.04,SPY221208P00379000,379.0,0,0.0,0.0,,0.0,normalDay
2022-12-06,16921.0,-8.0,0.0,0,393.83,0.0,1,0.01,0.09,SPY221208P00379000,379.0,0,0.0,0.0,,0.0,normalDay
2022-12-07,16921.0,-2.0,0.0,0,393.16,0.0,1,0.01,0.03,SPY221208P00379000,379.0,0,0.0,0.0,,0.0,normalDay
2022-12-08,16922.0,0.0,1.0,0,396.24,0.0,1,0.01,0.0,SPY221208P00379000,379.0,0,0.0,0.0,,0.0,expirationDay
2022-12-09,16922.0,-3.0,0.0,0,393.28,0.0,1,0.49,0.52,SPY221212P00389000,389.0,0,0.0,0.0,,0.0,normalDay
2022-12-12,16971.0,0.0,49.0,0,398.95,0.0,1,0.49,0.0,SPY221212P00389000,389.0,0,0.0,0.0,,0.0,expirationDay
2022-12-13,16971.0,-4.0,0.0,0,401.97,0.0,1,1.05,1.09,SPY221216P00389000,389.0,0,0.0,0.0,,0.0,normalDay
2022-12-14,16971.0,48.0,0.0,0,399.4,0.0,1,1.05,0.57,SPY221216P00389000,389.0,0,0.0,0.0,,0.0,normalDay
2022-12-15,16971.0,-174.0,0.0,0,389.63,0.0,1,1.05,2.79,SPY221216P00389000,389.0,0,0.0,0.0,,0.0,normalDay
2022-12-16,17076.0,-573.0,105.0,100,383.27,389.0,1,1.05,0.0,SPY221216P00389000,389.0,0,0.0,0.0,,0.0,expirationDay
2022-12-19,17076.0,-898.0,0.0,100,380.02,389.0,0,0.0,0.0,,0.0,0,0.0,0.0,,0.0,bidTooLow
2022-12-20,17076.0,-846.0,0.0,100,380.54,389.0,0,0.0,0.0,,0.0,0,0.0,0.0,,0.0,bidTooLow
2022-12-21,17076.0,-277.0,0.0,100,386.23,389.0,0,0.0,0.0,,0.0,0,0.0,0.0,,0.0,bidTooLow
2022-12-22,17076.0,-828.0,0.0,100,380.72,389.0,0,0.0,0.0,,0.0,0,0.0,0.0,,0.0,bidTooLow
2022-12-23,17076.0,-609.0,0.0,100,382.91,389.0,0,0.0,0.0,,0.0,0,0.0,0.0,,0.0,bidTooLow
2022-12-27,17076.0,-760.0,0.0,100,381.4,389.0,0,0.0,0.0,,0.0,0,0.0,0.0,,0.0,bidTooLow
2022-12-28,17076.0,-1234.0,0.0,100,376.66,389.0,0,0.0,0.0,,0.0,0,0.0,0.0,,0.0,bidTooLow
2022-12-29,17076.0,-556.0,0.0,100,383.44,389.0,0,0.0,0.0,,0.0,0,0.0,0.0,,0.0,bidTooLow
2022-12-30,17076.0,-657.0,0.0,100,382.43,389.0,0,0.0,0.0,,0.0,0,0.0,0.0,,0.0,bidTooLow
2023-01-03,17076.0,-818.0,0.0,100,380.82,389.0,0,0.0,0.0,,0.0,0,0.0,0.0,,0.0,bidTooLow
2023-01-04,17076.0,-524.0,0.0,100,383.76,389.0,0,0.0,0.0,,0.0,0,0.0,0.0,,0.0,bidTooLow
2023-01-05,17076.0,-962.0,0.0,100,379.38,389.0,0,0.0,0.0,,0.0,0,0.0,0.0,,0.0,bidTooLow
2023-01-06,17076.0,-92.0,0.0,100,388.08,389.0,0,0.0,0.0,,0.0,0,0.0,0.0,,0.0,bidTooLow
2023-01-09,17076.0,-117.0,0.0,100,387.86,389.0,0,0.0,0.0,,0.0,1,0.38,0.41,SPY230113C00403000,403.0,normalDay
2023-01-10,17076.0,144.0,0.0,100,390.58,389.0,0,0.0,0.0,,0.0,1,0.38,0.52,SPY230113C00403000,403.0,normalDay
2023-01-11,17076.0,556.0,0.0,100,395.52,389.0,0,0.0,0.0,,0.0,1,0.38,1.34,SPY230113C00403000,403.0,normalDay
2023-01-12,17076.0,822.0,0.0,100,396.96,389.0,0,0.0,0.0,,0.0,1,0.38,0.12,SPY230113C00403000,403.0,normalDay
2023-01-13,17114.0,950.0,38.0,100,398.5,389.0,0,0.0,0.0,,0.0,1,0.38,0.0,SPY230113C00403000,403.0,expirationDay
2023-01-17,17114.0,874.0,0.0,100,397.77,389.0,0,0.0,0.0,,0.0,1,0.87,0.9,SPY230120C00402000,402.0,normalDay
2023-01-18,17114.0,328.0,0.0,100,391.49,389.0,0,0.0,0.0,,0.0,1,0.87,0.08,SPY230120C00402000,402.0,normalDay
2023-01-19,17114.0,48.0,0.0,100,388.64,389.0,0,0.0,0.0,,0.0,1,0.87,0.03,SPY230120C00402000,402.0,normalDay
2023-01-20,17201.0,688.0,87.0,100,395.88,389.0,0,0.0,0.0,,0.0,1,0.87,0.0,SPY230120C00402000,402.0,expirationDay
2023-01-23,17201.0,1160.0,0.0,100,400.63,389.0,0,0.0,0.0,,0.0,1,0.95,0.98,SPY230127C00406000,406.0,normalDay
2023-01-24,17201.0,1123.0,0.0,100,400.2,389.0,0,0.0,0.0,,0.0,1,0.95,0.92,SPY230127C00406000,406.0,normalDay
2023-01-25,17201.0,1184.0,0.0,100,400.35,389.0,0,0.0,0.0,,0.0,1,0.95,0.46,SPY230127C00406000,406.0,normalDay
2023-01-26,17201.0,1568.0,0.0,100,404.75,389.0,0,0.0,0.0,,0.0,1,0.95,1.02,SPY230127C00406000,406.0,normalDay
2023-01-27,17296.0,1668.0,95.0,100,405.68,389.0,0,0.0,0.0,,0.0,1,0.95,0.0,SPY230127C00406000,406.0,expirationDay
2023-01-30,17296.0,1156.0,0.0,100,400.59,389.0,0,0.0,0.0,,0.0,1,0.8,0.83,SPY230203C00413000,413.0,normalDay
2023-01-31,17296.0,1674.0,0.0,100,406.48,389.0,0,0.0,0.0,,0.0,1,0.8,1.54,SPY230203C00413000,413.0,normalDay
2023-02-01,17296.0,2012.0,0.0,100,410.8,389.0,0,0.0,0.0,,0.0,1,0.8,2.48,SPY230203C00413000,413.0,normalDay
2023-02-02,17296.0,2446.0,0.0,100,416.78,389.0,0,0.0,0.0,,0.0,1,0.8,4.12,SPY230203C00413000,413.0,normalDay
2023-02-03,17376.0,2335.0,80.0,100,412.35,389.0,0,0.0,0.0,,0.0,1,0.8,0.0,SPY230203C00413000,413.0,expirationDay
2023-02-06,17376.0,2080.0,0.0,100,409.83,389.0,0,0.0,0.0,,0.0,1,0.44,0.47,SPY230210C00420000,420.0,normalDay
2023-02-07,17376.0,2583.0,0.0,100,415.19,389.0,0,0.0,0.0,,0.0,1,0.44,0.8,SPY230210C00420000,420.0,normalDay
2023-02-08,17376.0,2192.0,0.0,100,410.65,389.0,0,0.0,0.0,,0.0,1,0.44,0.17,SPY230210C00420000,420.0,normalDay
2023-02-09,17376.0,1851.0,0.0,100,407.09,389.0,0,0.0,0.0,,0.0,1,0.44,0.02,SPY230210C00420000,420.0,normalDay
2023-02-10,17420.0,1904.0,44.0,100,408.04,389.0,0,0.0,0.0,,0.0,1,0.44,0.0,SPY230210C00420000,420.0,expirationDay
2023-02-13,17420.0,2380.0,0.0,100,412.83,389.0,0,0.0,0.0,,0.0,1,0.89,0.92,SPY230217C00423000,423.0,normalDay
2023-02-14,17420.0,2436.0,0.0,100,412.64,389.0,0,0.0,0.0,,0.0,1,0.89,0.17,SPY230217C00423000,423.0,normalDay
2023-02-15,17420.0,2577.0,0.0,100,413.98,389.0,0,0.0,0.0,,0.0,1,0.89,0.1,SPY230217C00423000,423.0,normalDay
2023-02-16,17420.0,2016.0,0.0,100,408.28,389.0,0,0.0,0.0,,0.0,1,0.89,0.01,SPY230217C00423000,423.0,normalDay
2023-02-17,17509.0,1826.0,89.0,100,407.26,389.0,0,0.0,0.0,,0.0,1,0.89,0.0,SPY230217C00423000,423.0,expirationDay
2023-02-21,17509.0,1009.0,0.0,100,399.09,389.0,0,0.0,0.0,,0.0,0,0.0,0.0,,0.0,bidTooLow
2023-02-22,17509.0,954.0,0.0,100,398.54,389.0,0,0.0,0.0,,0.0,0,0.0,0.0,,0.0,bidTooLow
2023-02-23,17509.0,1166.0,0.0,100,400.66,389.0,0,0.0,0.0,,0.0,0,0.0,0.0,,0.0,bidTooLow
2023-02-24,17509.0,738.0,0.0,100,396.38,389.0,0,0.0,0.0,,0.0,0,0.0,0.0,,0.0,bidTooLow
2023-02-27,17509.0,873.0,0.0,100,397.73,389.0,0,0.0,0.0,,0.0,0,0.0,0.0,,0.0,bidTooLow
2023-02-28,17509.0,726.0,0.0,100,396.26,389.0,0,0.0,0.0,,0.0,0,0.0,0.0,,0.0,bidTooLow
2023-03-01,17509.0,574.0,0.0,100,394.74,389.0,0,0.0,0.0,,0.0,0,0.0,0.0,,0.0,bidTooLow
2023-03-02,17509.0,881.0,0.0,100,397.81,389.0,0,0.0,0.0,,0.0,0,0.0,0.0,,0.0,bidTooLow
2023-03-03,17509.0,1519.0,0.0,100,404.19,389.0,0,0.0,0.0,,0.0,0,0.0,0.0,,0.0,bidTooLow
2023-03-06,17509.0,1544.0,0.0,100,404.47,389.0,0,0.0,0.0,,0.0,1,0.04,0.07,SPY230310C00421000,421.0,normalDay
2023-03-07,17509.0,929.0,0.0,100,398.27,389.0,0,0.0,0.0,,0.0,1,0.04,0.02,SPY230310C00421000,421.0,normalDay
2023-03-08,17509.0,995.0,0.0,100,398.92,389.0,0,0.0,0.0,,0.0,1,0.04,0.01,SPY230310C00421000,421.0,normalDay
2023-03-09,17509.0,259.0,0.0,100,391.56,389.0,0,0.0,0.0,,0.0,1,0.04,0.01,SPY230310C00421000,421.0,normalDay
2023-03-10,17513.0,-309.0,4.0,100,385.91,389.0,0,0.0,0.0,,0.0,1,0.04,0.0,SPY230310C00421000,421.0,expirationDay
2023-03-13,17513.0,-364.0,0.0,100,385.36,389.0,0,0.0,0.0,,0.0,0,0.0,0.0,,0.0,bidTooLow
2023-03-14,17513.0,273.0,0.0,100,391.73,389.0,0,0.0,0.0,,0.0,0,0.0,0.0,,0.0,bidTooLow
2023-03-15,17513.0,28.0,0.0,100,389.28,389.0,0,0.0,0.0,,0.0,0,0.0,0.0,,0.0,bidTooLow
2023-03-16,17513.0,711.0,0.0,100,396.11,389.0,0,0.0,0.0,,0.0,0,0.0,0.0,,0.0,bidTooLow
2023-03-17,17513.0,99.0,0.0,100,389.99,389.0,0,0.0,0.0,,0.0,0,0.0,0.0,,0.0,bidTooLow
2023-03-20,17513.0,471.0,0.0,100,393.74,389.0,0,0.0,0.0,,0.0,1,0.26,0.29,SPY230324C00408000,408.0,normalDay
2023-03-21,17513.0,947.0,0.0,100,398.91,389.0,0,0.0,0.0,,0.0,1,0.26,0.7,SPY230324C00408000,408.0,normalDay
2023-03-22,17513.0,331.0,0.0,100,392.11,389.0,0,0.0,0.0,,0.0,1,0.26,0.06,SPY230324C00408000,408.0,normalDay
2023-03-23,17513.0,442.0,0.0,100,393.17,389.0,0,0.0,0.0,,0.0,1,0.26,0.01,SPY230324C00408000,408.0,normalDay
2023-03-24,17539.0,675.0,26.0,100,395.75,389.0,0,0.0,0.0,,0.0,1,0.26,0.0,SPY230324C00408000,408.0,expirationDay
2023-03-27,17539.0,746.0,0.0,100,396.49,389.0,0,0.0,0.0,,0.0,1,0.2,0.23,SPY230331C00407000,407.0,normalDay
2023-03-28,17539.0,670.0,0.0,100,395.6,389.0,0,0.0,0.0,,0.0,1,0.2,0.1,SPY230331C00407000,407.0,normalDay
2023-03-29,17539.0,1230.0,0.0,100,401.35,389.0,0,0.0,0.0,,0.0,1,0.2,0.25,SPY230331C00407000,407.0,normalDay
2023-03-30,17539.0,1464.0,0.0,100,403.7,389.0,0,0.0,0.0,,0.0,1,0.2,0.26,SPY230331C00407000,407.0,normalDay
2023-03-31,19359.0,1464.0,1820.0,0,409.39,0.0,0,0.0,0.0,,0.0,1,0.2,0.0,SPY230331C00407000,407.0,expirationDay
2023-04-03,19359.0,0.0,0.0,0,410.95,0.0,0,0.0,0.0,,0.0,0,0.0,0.0,,0.0,bidTooLow
2023-04-04,19359.0,0.0,0.0,0,408.67,0.0,0,0.0,0.0,,0.0,0,0.0,0.0,,0.0,bidTooLow
2023-04-05,19359.0,0.0,0.0,0,407.6,0.0,0,0.0,0.0,,0.0,0,0.0,0.0,,0.0,bidTooLow
2023-04-06,19359.0,0.0,0.0,0,409.19,0.0,0,0.0,0.0,,0.0,0,0.0,0.0,,0.0,bidTooLow
2023-04-10,19359.0,0.0,0.0,0,409.61,0.0,0,0.0,0.0,,0.0,0,0.0,0.0,,0.0,bidTooLow
2023-04-11,19359.0,-3.0,0.0,0,409.72,0.0,1,0.02,0.05,SPY230414P00385000,385.0,0,0.0,0.0,,0.0,normalDay
2023-04-12,19359.0,-1.0,0.0,0,408.05,0.0,1,0.02,0.03,SPY230414P00385000,385.0,0,0.0,0.0,,0.0,normalDay
2023-04-13,19359.0,0.0,0.0,0,413.47,0.0,1,0.02,0.02,SPY230414P00385000,385.0,0,0.0,0.0,,0.0,normalDay
2023-04-14,19361.0,0.0,2.0,0,412.46,0.0,1,0.02,0.0,SPY230414P00385000,385.0,0,0.0,0.0,,0.0,expirationDay
2023-04-17,19361.0,-3.0,0.0,0,413.94,0.0,1,0.01,0.04,SPY230420P00389000,389.0,0,0.0,0.0,,0.0,normalDay
2023-04-18,19361.0,-3.0,0.0,0,414.21,0.0,1,0.01,0.04,SPY230420P00389000,389.0,0,0.0,0.0,,0.0,normalDay
2023-04-19,19361.0,-1.0,0.0,0,414.14,0.0,1,0.01,0.02,SPY230420P00389000,389.0,0,0.0,0.0,,0.0,normalDay
2023-04-20,19362.0,0.0,1.0,0,411.88,0.0,1,0.01,0.0,SPY230420P00389000,389.0,0,0.0,0.0,,0.0,expirationDay
2023-04-21,19362.0,0.0,0.0,0,412.2,0.0,0,0.0,0.0,,0.0,0,0.0,0.0,,0.0,bidTooLow
2023-04-24,19362.0,-3.0,0.0,0,412.63,0.0,1,0.03,0.06,SPY230427P00398000,398.0,0,0.0,0.0,,0.0,normalDay
2023-04-25,19362.0,-14.0,0.0,0,406.08,0.0,1,0.03,0.17,SPY230427P00398000,398.0,0,0.0,0.0,,0.0,normalDay
2023-04-26,19362.0,-9.0,0.0,0,404.36,0.0,1,0.03,0.12,SPY230427P00398000,398.0,0,0.0,0.0,,0.0,normalDay
2023-04-27,19365.0,0.0,3.0,0,412.41,0.0,1,0.03,0.0,SPY230427P00398000,398.0,0,0.0,0.0,,0.0,expirationDay
2023-04-28,19365.0,-3.0,0.0,0,415.93,0.0,1,0.01,0.04,SPY230501P00405000,405.0,0,0.0,0.0,,0.0,normalDay
2023-05-01,19366.0,0.0,1.0,0,415.51,0.0,1,0.01,0.0,SPY230501P00405000,405.0,0,0.0,0.0,,0.0,expirationDay
2023-05-02,19366.0,-3.0,0.0,0,410.84,0.0,1,1.13,1.16,SPY230505P00405000,405.0,0,0.0,0.0,,0.0,normalDay
2023-05-03,19366.0,-12.0,0.0,0,408.02,0.0,1,1.13,1.25,SPY230505P00405000,405.0,0,0.0,0.0,,0.0,normalDay
2023-05-04,19366.0,-100.0,0.0,0,405.13,0.0,1,1.13,2.13,SPY230505P00405000,405.0,0,0.0,0.0,,0.0,normalDay
2023-05-05,19479.0,0.0,113.0,0,412.63,0.0,1,1.13,0.0,SPY230505P00405000,405.0,0,0.0,0.0,,0.0,expirationDay
2023-05-08,19479.0,-3.0,0.0,0,412.74,0.0,1,0.39,0.42,SPY230511P00405000,405.0,0,0.0,0.0,,0.0,normalDay
2023-05-09,19479.0,-11.0,0.0,0,410.93,0.0,1,0.39,0.5,SPY230511P00405000,405.0,0,0.0,0.0,,0.0,normalDay
2023-05-10,19479.0,32.0,0.0,0,412.85,0.0,1,0.39,0.07,SPY230511P00405000,405.0,0,0.0,0.0,,0.0,normalDay
2023-05-11,19518.0,0.0,39.0,0,412.13,0.0,1,0.39,0.0,SPY230511P00405000,405.0,0,0.0,0.0,,0.0,expirationDay
2023-05-12,19518.0,-3.0,0.0,0,411.59,0.0,1,0.11,0.14,SPY230515P00405000,405.0,0,0.0,0.0,,0.0,normalDay
2023-05-15,19529.0,0.0,11.0,0,413.01,0.0,1,0.11,0.0,SPY230515P00405000,405.0,0,0.0,0.0,,0.0,expirationDay
2023-05-16,19529.0,-3.0,0.0,0,410.25,0.0,1,0.69,0.72,SPY230519P00405000,405.0,0,0.0,0.0,,0.0,normalDay
2023-05-17,19529.0,54.0,0.0,0,415.23,0.0,1,0.69,0.15,SPY230519P00405000,405.0,0,0.0,0.0,,0.0,normalDay
2023-05-18,19529.0,63.0,0.0,0,419.23,0.0,1,0.69,0.06,SPY230519P00405000,405.0,0,0.0,0.0,,0.0,normalDay
2023-05-19,19598.0,0.0,69.0,0,418.62,0.0,1,0.69,0.0,SPY230519P00405000,405.0,0,0.0,0.0,,0.0,expirationDay
2023-05-22,19598.0,-3.0,0.0,0,418.79,0.0,1,0.05,0.08,SPY230525P00404000,404.0,0,0.0,0.0,,0.0,normalDay
2023-05-23,19598.0,-7.0,0.0,0,414.09,0.0,1,0.05,0.12,SPY230525P00404000,404.0,0,0.0,0.0,,0.0,normalDay
2023-05-24,19598.0,-7.0,0.0,0,411.09,0.0,1,0.05,0.12,SPY230525P00404000,404.0,0,0.0,0.0,,0.0,normalDay
2023-05-25,19603.0,0.0,5.0,0,414.65,0.0,1,0.05,0.0,SPY230525P00404000,404.0,0,0.0,0.0,,0.0,expirationDay
2023-05-26,19603.0,0.0,0.0,0,420.02,0.0,0,0.0,0.0,,0.0,0,0.0,0.0,,0.0,bidTooLow
2023-05-30,19603.0,-3.0,0.0,0,420.18,0.0,1,0.1,0.13,SPY230602P00405000,405.0,0,0.0,0.0,,0.0,normalDay
2023-05-31,19603.0,0.0,0.0,0,417.85,0.0,1,0.1,0.1,SPY230602P00405000,405.0,0,0.0,0.0,,0.0,normalDay
2023-06-01,19603.0,7.0,0.0,0,421.82,0.0,1,0.1,0.03,SPY230602P00405000,405.0,0,0.0,0.0,,0.0,normalDay
2023-06-02,19613.0,0.0,10.0,0,427.92,0.0,1,0.1,0.0,SPY230602P00405000,405.0,0,0.0,0.0,,0.0,expirationDay
2023-06-05,19613.0,0.0,0.0,0,427.1,0.0,0,0.0,0.0,,0.0,0,0.0,0.0,,0.0,bidTooLow
2023-06-06,19613.0,-3.0,0.0,0,428.03,0.0,1,0.01,0.04,SPY230609P00406000,406.0,0,0.0,0.0,,0.0,normalDay
2023-06-07,19613.0,-3.0,0.0,0,426.55,0.0,1,0.01,0.04,SPY230609P00406000,406.0,0,0.0,0.0,,0.0,normalDay
2023-06-08,19613.0,-1.0,0.0,0,429.13,0.0,1,0.01,0.02,SPY230609P00406000,406.0,0,0.0,0.0,,0.0,normalDay
2023-06-09,19614.0,0.0,1.0,0,429.9,0.0,1,0.01,0.0,SPY230609P00406000,406.0,0,0.0,0.0,,0.0,expirationDay
2023-06-12,19614.0,-3.0,0.0,0,433.8,0.0,1,0.06,0.09,SPY230615P00407000,407.0,0,0.0,0.0,,0.0,normalDay
2023-06-13,19614.0,0.0,0.0,0,436.66,0.0,1,0.06,0.06,SPY230615P00407000,407.0,0,0.0,0.0,,0.0,normalDay
2023-06-14,19614.0,4.0,0.0,0,437.18,0.0,1,0.06,0.02,SPY230615P00407000,407.0,0,0.0,0.0,,0.0,normalDay
2023-06-15,19620.0,0.0,6.0,0,442.6,0.0,1,0.06,0.0,SPY230615P00407000,407.0,0,0.0,0.0,,0.0,expirationDay
2023-06-16,19620.0,0.0,0.0,0,439.46,0.0,0,0.0,0.0,,0.0,0,0.0,0.0,,0.0,bidTooLow
2023-06-20,19620.0,0.0,0.0,0,437.18,0.0,0,0.0,0.0,,0.0,0,0.0,0.0,,0.0,bidTooLow
2023-06-21,19620.0,0.0,0.0,0,434.94,0.0,0,0.0,0.0,,0.0,0,0.0,0.0,,0.0,bidTooLow
2023-06-22,19620.0,0.0,0.0,0,436.51,0.0,0,0.0,0.0,,0.0,0,0.0,0.0,,0.0,bidTooLow
2023-06-23,19620.0,0.0,0.0,0,433.21,0.0,0,0.0,0.0,,0.0,0,0.0,0.0,,0.0,bidTooLow
2023-06-26,19620.0,-3.0,0.0,0,431.44,0.0,1,0.04,0.07,SPY230629P00416000,416.0,0,0.0,0.0,,0.0,normalDay
2023-06-27,19620.0,0.0,0.0,0,436.17,0.0,1,0.04,0.04,SPY230629P00416000,416.0,0,0.0,0.0,,0.0,normalDay
2023-06-28,19620.0,2.0,0.0,0,436.39,0.0,1,0.04,0.02,SPY230629P00416000,416.0,0,0.0,0.0,,0.0,normalDay
2023-06-29,19624.0,0.0,4.0,0,438.11,0.0,1,0.04,0.0,SPY230629P00416000,416.0,0,0.0,0.0,,0.0,expirationDay
2023-06-30,19624.0,0.0,0.0,0,443.28,0.0,0,0.0,0.0,,0.0,0,0.0,0.0,,0.0,bidTooLow
2023-07-03,19624.0,-3.0,0.0,0,443.79,0.0,1,0.02,0.05,SPY230706P00425000,425.0,0,0.0,0.0,,0.0,normalDay
2023-07-05,19624.0,-1.0,0.0,0,443.13,0.0,1,0.02,0.03,SPY230706P00425000,425.0,0,0.0,0.0,,0.0,normalDay
2023-07-06,19626.0,0.0,2.0,0,439.66,0.0,1,0.02,0.0,SPY230706P00425000,425.0,0,0.0,0.0,,0.0,expirationDay
2023-07-07,19626.0,-3.0,0.0,0,438.55,0.0,1,0.01,0.04,SPY230710P00429000,429.0,0,0.0,0.0,,0.0,normalDay
2023-07-10,19627.0,0.0,1.0,0,439.66,0.0,1,0.01,0.0,SPY230710P00429000,429.0,0,0.0,0.0,,0.0,expirationDay
2023-07-11,19627.0,-3.0,0.0,0,442.46,0.0,1,0.16,0.19,SPY230714P00431000,431.0,0,0.0,0.0,,0.0,normalDay
2023-07-12,19627.0,11.0,0.0,0,446.02,0.0,1,0.16,0.05,SPY230714P00431000,431.0,0,0.0,0.0,,0.0,normalDay
2023-07-13,19627.0,12.0,0.0,0,449.56,0.0,1,0.16,0.04,SPY230714P00431000,431.0,0,0.0,0.0,,0.0,normalDay
2023-07-14,19643.0,0.0,16.0,0,449.28,0.0,1,0.16,0.0,SPY230714P00431000,431.0,0,0.0,0.0,,0.0,expirationDay
2023-07-17,19643.0,-3.0,0.0,0,450.84,0.0,1,0.02,0.05,SPY230720P00430000,430.0,0,0.0,0.0,,0.0,normalDay
2023-07-18,19643.0,-2.0,0.0,0,454.19,0.0,1,0.02,0.04,SPY230720P00430000,430.0,0,0.0,0.0,,0.0,normalDay
2023-07-19,19643.0,0.0,0.0,0,455.2,0.0,1,0.02,0.02,SPY230720P00430000,430.0,0,0.0,0.0,,0.0,normalDay
2023-07-20,19645.0,0.0,2.0,0,452.18,0.0,1,0.02,0.0,SPY230720P00430000,430.0,0,0.0,0.0,,0.0,expirationDay
2023-07-21,19645.0,0.0,0.0,0,452.18,0.0,0,0.0,0.0,,0.0,0,0.0,0.0,,0.0,bidTooLow
2023-07-24,19645.0,-3.0,0.0,0,454.2,0.0,1,0.01,0.04,SPY230727P00431000,431.0,0,0.0,0.0,,0.0,normalDay
2023-07-25,19645.0,-2.0,0.0,0,455.44,0.0,1,0.01,0.03,SPY230727P00431000,431.0,0,0.0,0.0,,0.0,normalDay
2023-07-26,19645.0,-1.0,0.0,0,455.51,0.0,1,0.01,0.02,SPY230727P00431000,431.0,0,0.0,0.0,,0.0,normalDay
2023-07-27,19646.0,0.0,1.0,0,452.49,0.0,1,0.01,0.0,SPY230727P00431000,431.0,0,0.0,0.0,,0.0,expirationDay
2023-07-28,19646.0,0.0,0.0,0,456.92,0.0,0,0.0,0.0,,0.0,0,0.0,0.0,,0.0,bidTooLow
2023-07-31,19646.0,-3.0,0.0,0,457.79,0.0,1,0.01,0.04,SPY230803P00437000,437.0,0,0.0,0.0,,0.0,normalDay
2023-08-01,19646.0,-2.0,0.0,0,456.48,0.0,1,0.01,0.03,SPY230803P00437000,437.0,0,0.0,0.0,,0.0,normalDay
2023-08-02,19646.0,-5.0,0.0,0,450.13,0.0,1,0.01,0.06,SPY230803P00437000,437.0,0,0.0,0.0,,0.0,normalDay
2023-08-03,19647.0,0.0,1.0,0,448.84,0.0,1,0.01,0.0,SPY230803P00437000,437.0,0,0.0,0.0,,0.0,expirationDay
2023-08-04,19647.0,-3.0,0.0,0,446.81,0.0,1,0.24,0.27,SPY230807P00442000,442.0,0,0.0,0.0,,0.0,normalDay
2023-08-07,19671.0,0.0,24.0,0,450.71,0.0,1,0.24,0.0,SPY230807P00442000,442.0,0,0.0,0.0,,0.0,expirationDay
2023-08-08,19671.0,-3.0,0.0,0,448.75,0.0,1,1.02,1.05,SPY230811P00445000,445.0,0,0.0,0.0,,0.0,normalDay
2023-08-09,19671.0,-78.0,0.0,0,445.75,0.0,1,1.02,1.8,SPY230811P00445000,445.0,0,0.0,0.0,,0.0,normalDay
2023-08-10,19671.0,-17.0,0.0,0,445.91,0.0,1,1.02,1.19,SPY230811P00445000,445.0,0,0.0,0.0,,0.0,normalDay
2023-08-11,19773.0,0.0,102.0,0,445.65,0.0,1,1.02,0.0,SPY230811P00445000,445.0,0,0.0,0.0,,0.0,expirationDay
2023-08-14,19773.0,-3.0,0.0,0,448.11,0.0,1,0.74,0.77,SPY230817P00444000,444.0,0,0.0,0.0,,0.0,normalDay
2023-08-15,19773.0,-183.0,0.0,0,442.89,0.0,1,0.74,2.57,SPY230817P00444000,444.0,0,0.0,0.0,,0.0,normalDay
2023-08-16,19773.0,-355.0,0.0,0,439.64,0.0,1,0.74,4.29,SPY230817P00444000,444.0,0,0.0,0.0,,0.0,normalDay
2023-08-17,19847.0,-771.0,74.0,100,436.29,444.0,1,0.74,0.0,SPY230817P00444000,444.0,0,0.0,0.0,,0.0,expirationDay
2023-08-18,19847.0,-750.0,0.0,100,436.5,444.0,0,0.0,0.0,,0.0,0,0.0,0.0,,0.0,bidTooLow
2023-08-21,19847.0,-466.0,0.0,100,439.34,444.0,0,0.0,0.0,,0.0,0,0.0,0.0,,0.0,bidTooLow
2023-08-22,19847.0,-585.0,0.0,100,438.15,444.0,0,0.0,0.0,,0.0,0,0.0,0.0,,0.0,bidTooLow
2023-08-23,19847.0,-97.0,0.0,100,443.03,444.0,0,0.0,0.0,,0.0,0,0.0,0.0,,0.0,bidTooLow
2023-08-24,19847.0,-711.0,0.0,100,436.89,444.0,0,0.0,0.0,,0.0,0,0.0,0.0,,0.0,bidTooLow
2023-08-25,19847.0,-403.0,0.0,100,439.97,444.0,0,0.0,0.0,,0.0,0,0.0,0.0,,0.0,bidTooLow
2023-08-28,19847.0,-127.0,0.0,100,442.76,444.0,0,0.0,0.0,,0.0,1,0.01,0.04,SPY230901C00457500,457.5,normalDay
2023-08-29,19847.0,500.0,0.0,100,449.16,444.0,0,0.0,0.0,,0.0,1,0.01,0.17,SPY230901C00457500,457.5,normalDay
2023-08-30,19847.0,687.0,0.0,100,451.01,444.0,0,0.0,0.0,,0.0,1,0.01,0.15,SPY230901C00457500,457.5,normalDay
2023-08-31,19847.0,633.0,0.0,100,450.35,444.0,0,0.0,0.0,,0.0,1,0.01,0.03,SPY230901C00457500,457.5,normalDay
2023-09-01,19848.0,719.0,1.0,100,451.19,444.0,0,0.0,0.0,,0.0,1,0.01,0.0,SPY230901C00457500,457.5,expirationDay
2023-09-05,19848.0,521.0,0.0,100,449.24,444.0,0,0.0,0.0,,0.0,1,0.12,0.15,SPY230908C00456000,456.0,normalDay
2023-09-06,19848.0,232.0,0.0,100,446.22,444.0,0,0.0,0.0,,0.0,1,0.12,0.02,SPY230908C00456000,456.0,normalDay
2023-09-07,19848.0,96.0,0.0,100,444.85,444.0,0,0.0,0.0,,0.0,1,0.12,0.01,SPY230908C00456000,456.0,normalDay
2023-09-08,19860.0,152.0,12.0,100,445.52,444.0,0,0.0,0.0,,0.0,1,0.12,0.0,SPY230908C00456000,456.0,expirationDay
2023-09-11,19860.0,442.0,0.0,100,448.45,444.0,0,0.0,0.0,,0.0,1,0.12,0.15,SPY230915C00456000,456.0,normalDay
2023-09-12,19860.0,206.0,0.0,100,445.99,444.0,0,0.0,0.0,,0.0,1,0.12,0.05,SPY230915C00456000,456.0,normalDay
2023-09-13,19860.0,261.0,0.0,100,446.51,444.0,0,0.0,0.0,,0.0,1,0.12,0.02,SPY230915C00456000,456.0,normalDay
2023-09-14,19860.0,645.0,0.0,100,450.36,444.0,0,0.0,0.0,,0.0,1,0.12,0.03,SPY230915C00456000,456.0,normalDay
2023-09-15,19872.0,-63.0,12.0,100,443.37,444.0,0,0.0,0.0,,0.0,1,0.12,0.0,SPY230915C00456000,456.0,expirationDay
2023-09-18,19872.0,-40.0,0.0,100,443.63,444.0,0,0.0,0.0,,0.0,1,0.01,0.04,SPY230922C00456000,456.0,normalDay
2023-09-19,19872.0,-130.0,0.0,100,442.71,444.0,0,0.0,0.0,,0.0,1,0.01,0.02,SPY230922C00456000,456.0,normalDay
2023-09-20,19872.0,-537.0,0.0,100,438.64,444.0,0,0.0,0.0,,0.0,1,0.01,0.02,SPY230922C00456000,456.0,normalDay
2023-09-21,19872.0,-1261.0,0.0,100,431.39,444.0,0,0.0,0.0,,0.0,1,0.01,0.01,SPY230922C00456000,456.0,normalDay
2023-09-22,19873.0,-1358.0,1.0,100,430.42,444.0,0,0.0,0.0,,0.0,1,0.01,0.0,SPY230922C00456000,456.0,expirationDay
2023-09-25,19873.0,-1177.0,0.0,100,432.23,444.0,0,0.0,0.0,,0.0,0,0.0,0.0,,0.0,bidTooLow
2023-09-26,19873.0,-1812.0,0.0,100,425.88,444.0,0,0.0,0.0,,0.0,0,0.0,0.0,,0.0,bidTooLow
2023-09-27,19873.0,-1795.0,0.0,100,426.05,444.0,0,0.0,0.0,,0.0,0,0.0,0.0,,0.0,bidTooLow
2023-09-28,19873.0,-1548.0,0.0,100,428.52,444.0,0,0.0,0.0,,0.0,0,0.0,0.0,,0.0,bidTooLow
2023-09-29,19873.0,-1652.0,0.0,100,427.48,444.0,0,0.0,0.0,,0.0,0,0.0,0.0,,0.0,bidTooLow
2023-10-02,19873.0,-1669.0,0.0,100,427.31,444.0,0,0.0,0.0,,0.0,0,0.0,0.0,,0.0,bidTooLow
2023-10-03,19873.0,-2241.0,0.0,100,421.59,444.0,0,0.0,0.0,,0.0,0,0.0,0.0,,0.0,bidTooLow
2023-10-04,19873.0,-1934.0,0.0,100,424.66,444.0,0,0.0,0.0,,0.0,0,0.0,0.0,,0.0,bidTooLow
2023-10-05,19873.0,-1950.0,0.0,100,424.5,444.0,0,0.0,0.0,,0.0,0,0.0,0.0,,0.0,bidTooLow
2023-10-06,19873.0,-1446.0,0.0,100,429.54,444.0,0,0.0,0.0,,0.0,0,0.0,0.0,,0.0,bidTooLow
2023-10-09,19873.0,-1171.0,0.0,100,432.29,444.0,0,0.0,0.0,,0.0,0,0.0,0.0,,0.0,bidTooLow
2023-10-10,19873.0,-946.0,0.0,100,434.54,444.0,0,0.0,0.0,,0.0,0,0.0,0.0,,0.0,bidTooLow
2023-10-11,19873.0,-768.0,0.0,100,436.32,444.0,0,0.0,0.0,,0.0,0,0.0,0.0,,0.0,bidTooLow
2023-10-12,19873.0,-1034.0,0.0,100,433.66,444.0,0,0.0,0.0,,0.0,0,0.0,0.0,,0.0,bidTooLow
2023-10-13,19873.0,-1250.0,0.0,100,431.5,444.0,0,0.0,0.0,,0.0,0,0.0,0.0,,0.0,bidTooLow
2023-10-16,19873.0,-799.0,0.0,100,436.04,444.0,0,0.0,0.0,,0.0,1,0.51,0.54,SPY231020C00443000,443.0,normalDay
2023-10-17,19873.0,-783.0,0.0,100,436.02,444.0,0,0.0,0.0,,0.0,1,0.51,0.36,SPY231020C00443000,443.0,normalDay
2023-10-18,19873.0,-1333.0,0.0,100,430.21,444.0,0,0.0,0.0,,0.0,1,0.51,0.05,SPY231020C00443000,443.0,normalDay
2023-10-19,19873.0,-1708.0,0.0,100,426.43,444.0,0,0.0,0.0,,0.0,1,0.51,0.02,SPY231020C00443000,443.0,normalDay
2023-10-20,19924.0,-2281.0,51.0,100,421.19,444.0,0,0.0,0.0,,0.0,1,0.51,0.0,SPY231020C00443000,443.0,expirationDay
2023-10-23,19924.0,-2354.0,0.0,100,420.46,444.0,0,0.0,0.0,,0.0,0,0.0,0.0,,0.0,bidTooLow
2023-10-24,19924.0,-2037.0,0.0,100,423.63,444.0,0,0.0,0.0,,0.0,0,0.0,0.0,,0.0,bidTooLow
2023-10-25,19924.0,-2645.0,0.0,100,417.55,444.0,0,0.0,0.0,,0.0,0,0.0,0.0,,0.0,bidTooLow
2023-10-26,19924.0,-3145.0,0.0,100,412.55,444.0,0,0.0,0.0,,0.0,0,0.0,0.0,,0.0,bidTooLow
2023-10-27,19924.0,-3332.0,0.0,100,410.68,444.0,0,0.0,0.0,,0.0,0,0.0,0.0,,0.0,bidTooLow
2023-10-30,19924.0,-2841.0,0.0,100,415.59,444.0,0,0.0,0.0,,0.0,0,0.0,0.0,,0.0,bidTooLow
2023-10-31,19924.0,-2580.0,0.0,100,418.2,444.0,0,0.0,0.0,,0.0,0,0.0,0.0,,0.0,bidTooLow
2023-11-01,19924.0,-2134.0,0.0,100,422.66,444.0,0,0.0,0.0,,0.0,0,0.0,0.0,,0.0,bidTooLow
2023-11-02,19924.0,-1324.0,0.0,100,430.76,444.0,0,0.0,0.0,,0.0,0,0.0,0.0,,0.0,bidTooLow
2023-11-03,19924.0,-931.0,0.0,100,434.69,444.0,0,0.0,0.0,,0.0,0,0.0,0.0,,0.0,bidTooLow
2023-11-06,19924.0,-834.0,0.0,100,435.69,444.0,0,0.0,0.0,,0.0,1,0.01,0.04,SPY231110C00447000,447.0,normalDay
2023-11-07,19924.0,-711.0,0.0,100,436.93,444.0,0,0.0,0.0,,0.0,1,0.01,0.05,SPY231110C00447000,447.0,normalDay
2023-11-08,19924.0,-676.0,0.0,100,437.25,444.0,0,0.0,0.0,,0.0,1,0.01,0.02,SPY231110C00447000,447.0,normalDay
2023-11-09,19924.0,-1016.0,0.0,100,433.84,444.0,0,0.0,0.0,,0.0,1,0.01,0.01,SPY231110C00447000,447.0,normalDay
2023-11-10,19925.0,-339.0,1.0,100,440.61,444.0,0,0.0,0.0,,0.0,1,0.01,0.0,SPY231110C00447000,447.0,expirationDay
2023-11-13,19925.0,-384.0,0.0,100,440.19,444.0,0,0.0,0.0,,0.0,1,0.17,0.2,SPY231117C00450000,450.0,normalDay
2023-11-14,19925.0,302.0,0.0,100,448.73,444.0,0,0.0,0.0,,0.0,1,0.17,1.88,SPY231117C00450000,450.0,normalDay
2023-11-15,19925.0,435.0,0.0,100,449.68,444.0,0,0.0,0.0,,0.0,1,0.17,1.5,SPY231117C00450000,450.0,normalDay
2023-11-16,19925.0,509.0,0.0,100,450.23,444.0,0,0.0,0.0,,0.0,1,0.17,1.31,SPY231117C00450000,450.0,normalDay
2023-11-17,20542.0,509.0,617.0,0,450.79,0.0,0,0.0,0.0,,0.0,1,0.17,0.0,SPY231117C00450000,450.0,expirationDay
2023-11-20,20542.0,0.0,0.0,0,454.26,0.0,0,0.0,0.0,,0.0,0,0.0,0.0,,0.0,bidTooLow
2023-11-21,20542.0,0.0,0.0,0,453.27,0.0,0,0.0,0.0,,0.0,0,0.0,0.0,,0.0,bidTooLow
2023-11-22,20542.0,0.0,0.0,0,455.02,0.0,0,0.0,0.0,,0.0,0,0.0,0.0,,0.0,bidTooLow
2023-11-24,20542.0,0.0,0.0,0,455.3,0.0,0,0.0,0.0,,0.0,0,0.0,0.0,,0.0,bidTooLow
2023-11-27,20542.0,0.0,0.0,0,454.48,0.0,0,0.0,0.0,,0.0,0,0.0,0.0,,0.0,bidTooLow
2023-11-28,20542.0,0.0,0.0,0,454.93,0.0,0,0.0,0.0,,0.0,0,0.0,0.0,,0.0,bidTooLow
2023-11-29,20542.0,0.0,0.0,0,454.61,0.0,0,0.0,0.0,,0.0,0,0.0,0.0,,0.0,bidTooLow
2023-11-30,20542.0,0.0,0.0,0,456.4,0.0,0,0.0,0.0,,0.0,0,0.0,0.0,,0.0,bidTooLow
