date,totalCapital,unrializedPnL,rializedPnL,stocksOwned,stocksPriceToday,stocksPriceBoughtAt,putOwned,putOwnedSoldAt,putPriceToday,putOwnedContract,putOwnedStrike,callOwned,callOwnedSoldAt,callPriceToday,callOwnedContract,callOwnedStrike,trackType
2018-11-01,0.0,-11.0,0.0,0,273.51,0.0,1,10.15,10.26,SPY190315P00271000,271.0,0,0.0,0.0,,0.0,normalDay
2018-11-02,0.0,-69.0,0.0,0,271.89,0.0,1,10.15,10.84,SPY190315P00271000,271.0,0,0.0,0.0,,0.0,normalDay
2018-11-05,0.0,19.0,0.0,0,273.39,0.0,1,10.15,9.96,SPY190315P00271000,271.0,0,0.0,0.0,,0.0,normalDay
2018-11-06,0.0,101.0,0.0,0,275.12,0.0,1,10.15,9.14,SPY190315P00271000,271.0,0,0.0,0.0,,0.0,normalDay
2018-11-07,0.0,351.0,0.0,0,281.01,0.0,1,10.15,6.64,SPY190315P00271000,271.0,0,0.0,0.0,,0.0,normalDay
2018-11-08,0.0,354.0,0.0,0,280.5,0.0,1,10.15,6.61,SPY190315P00271000,271.0,0,0.0,0.0,,0.0,normalDay
2018-11-09,0.0,243.0,0.0,0,277.76,0.0,1,10.15,7.72,SPY190315P00271000,271.0,0,0.0,0.0,,0.0,normalDay
2018-11-12,0.0,24.0,0.0,0,272.57,0.0,1,10.15,9.91,SPY190315P00271000,271.0,0,0.0,0.0,,0.0,normalDay
2018-11-13,0.0,-17.0,0.0,0,272.06,0.0,1,10.15,10.32,SPY190315P00271000,271.0,0,0.0,0.0,,0.0,normalDay
2018-11-14,0.0,-137.0,0.0,0,270.2,0.0,1,10.15,11.52,SPY190315P00271000,271.0,0,0.0,0.0,,0.0,normalDay
2018-11-15,0.0,9.0,0.0,0,273.02,0.0,1,10.15,10.06,SPY190315P00271000,271.0,0,0.0,0.0,,0.0,normalDay
2018-11-16,0.0,89.0,0.0,0,273.73,0.0,1,10.15,9.26,SPY190315P00271000,271.0,0,0.0,0.0,,0.0,normalDay
2018-11-19,0.0,-137.0,0.0,0,269.1,0.0,1,10.15,11.52,SPY190315P00271000,271.0,0,0.0,0.0,,0.0,normalDay
2018-11-20,0.0,-444.0,0.0,0,264.12,0.0,1,10.15,14.59,SPY190315P00271000,271.0,0,0.0,0.0,,0.0,normalDay
2018-11-21,0.0,-350.0,0.0,0,265.02,0.0,1,10.15,13.65,SPY190315P00271000,271.0,0,0.0,0.0,,0.0,normalDay
2018-11-23,0.0,-467.0,0.0,0,263.25,0.0,1,10.15,14.82,SPY190315P00271000,271.0,0,0.0,0.0,,0.0,normalDay
2018-11-26,0.0,-146.0,0.0,0,267.5,0.0,1,10.15,11.61,SPY190315P00271000,271.0,0,0.0,0.0,,0.0,normalDay
2018-11-27,0.0,-116.0,0.0,0,268.4,0.0,1,10.15,11.31,SPY190315P00271000,271.0,0,0.0,0.0,,0.0,normalDay
2018-11-28,0.0,143.0,0.0,0,274.58,0.0,1,10.15,8.72,SPY190315P00271000,271.0,0,0.0,0.0,,0.0,normalDay
2018-11-29,0.0,127.0,0.0,0,273.98,0.0,1,10.15,8.88,SPY190315P00271000,271.0,0,0.0,0.0,,0.0,normalDay
2018-11-30,0.0,217.0,0.0,0,275.65,0.0,1,10.15,7.98,SPY190315P00271000,271.0,0,0.0,0.0,,0.0,normalDay
2018-12-03,0.0,374.0,0.0,0,279.3,0.0,1,10.15,6.41,SPY190315P00271000,271.0,0,0.0,0.0,,0.0,normalDay
2018-12-04,0.0,-39.0,0.0,0,270.25,0.0,1,10.15,10.54,SPY190315P00271000,271.0,0,0.0,0.0,,0.0,normalDay
2018-12-06,0.0,-66.0,0.0,0,269.84,0.0,1,10.15,10.81,SPY190315P00271000,271.0,0,0.0,0.0,,0.0,normalDay
2018-12-07,0.0,-448.0,0.0,0,263.57,0.0,1,10.15,14.63,SPY190315P00271000,271.0,0,0.0,0.0,,0.0,normalDay
2018-12-10,0.0,-358.0,0.0,0,264.07,0.0,1,10.15,13.73,SPY190315P00271000,271.0,0,0.0,0.0,,0.0,normalDay
2018-12-11,0.0,-355.0,0.0,0,264.13,0.0,1,10.15,13.7,SPY190315P00271000,271.0,0,0.0,0.0,,0.0,normalDay
2018-12-12,0.0,-297.0,0.0,0,265.46,0.0,1,10.15,13.12,SPY190315P00271000,271.0,0,0.0,0.0,,0.0,normalDay
2018-12-13,0.0,-288.0,0.0,0,265.37,0.0,1,10.15,13.03,SPY190315P00271000,271.0,0,0.0,0.0,,0.0,normalDay
2018-12-14,0.0,-588.0,0.0,0,260.47,0.0,1,10.15,16.03,SPY190315P00271000,271.0,0,0.0,0.0,,0.0,normalDay
2018-12-17,0.0,-944.0,0.0,0,255.36,0.0,1,10.15,19.59,SPY190315P00271000,271.0,0,0.0,0.0,,0.0,normalDay
2018-12-18,0.0,-1037.0,0.0,0,255.08,0.0,1,10.15,20.52,SPY190315P00271000,271.0,0,0.0,0.0,,0.0,normalDay
2018-12-19,0.0,-1268.0,0.0,0,251.26,0.0,1,10.15,22.83,SPY190315P00271000,271.0,0,0.0,0.0,,0.0,normalDay
2018-12-20,0.0,-1580.0,0.0,0,247.17,0.0,1,10.15,25.95,SPY190315P00271000,271.0,0,0.0,0.0,,0.0,normalDay
2018-12-21,0.0,-2150.0,0.0,0,240.7,0.0,1,10.15,31.65,SPY190315P00271000,271.0,0,0.0,0.0,,0.0,normalDay
2018-12-24,0.0,-2925.0,0.0,0,234.34,0.0,1,10.15,39.4,SPY190315P00271000,271.0,0,0.0,0.0,,0.0,normalDay
2018-12-26,0.0,-1593.0,0.0,0,246.18,0.0,1,10.15,26.08,SPY190315P00271000,271.0,0,0.0,0.0,,0.0,normalDay
2018-12-27,0.0,-1423.0,0.0,0,248.07,0.0,1,10.15,24.38,SPY190315P00271000,271.0,0,0.0,0.0,,0.0,normalDay
2018-12-28,0.0,-1480.0,0.0,0,247.75,0.0,1,10.15,24.95,SPY190315P00271000,271.0,0,0.0,0.0,,0.0,normalDay
2018-12-31,0.0,-1265.0,0.0,0,249.92,0.0,1,10.15,22.8,SPY190315P00271000,271.0,0,0.0,0.0,,0.0,normalDay
2019-01-02,0.0,-1196.0,0.0,0,250.18,0.0,1,10.15,22.11,SPY190315P00271000,271.0,0,0.0,0.0,,0.0,normalDay
2019-01-03,0.0,-1761.0,0.0,0,244.21,0.0,1,10.15,27.76,SPY190315P00271000,271.0,0,0.0,0.0,,0.0,normalDay
2019-01-04,0.0,-1001.0,0.0,0,252.39,0.0,1,10.15,20.16,SPY190315P00271000,271.0,0,0.0,0.0,,0.0,normalDay
2019-01-07,0.0,-842.0,0.0,0,254.38,0.0,1,10.15,18.57,SPY190315P00271000,271.0,0,0.0,0.0,,0.0,normalDay
2019-01-08,0.0,-641.0,0.0,0,256.77,0.0,1,10.15,16.56,SPY190315P00271000,271.0,0,0.0,0.0,,0.0,normalDay
2019-01-09,0.0,-523.0,0.0,0,257.97,0.0,1,10.15,15.38,SPY190315P00271000,271.0,0,0.0,0.0,,0.0,normalDay
2019-01-10,0.0,-440.0,0.0,0,258.88,0.0,1,10.15,14.55,SPY190315P00271000,271.0,0,0.0,0.0,,0.0,normalDay
2019-01-11,0.0,-396.0,0.0,0,258.98,0.0,1,10.15,14.11,SPY190315P00271000,271.0,0,0.0,0.0,,0.0,normalDay
2019-01-14,0.0,-503.0,0.0,0,257.4,0.0,1,10.15,15.18,SPY190315P00271000,271.0,0,0.0,0.0,,0.0,normalDay
2019-01-15,0.0,-259.0,0.0,0,260.35,0.0,1,10.15,12.74,SPY190315P00271000,271.0,0,0.0,0.0,,0.0,normalDay
2019-01-16,0.0,-213.0,0.0,0,260.98,0.0,1,10.15,12.28,SPY190315P00271000,271.0,0,0.0,0.0,,0.0,normalDay
2019-01-17,0.0,-67.0,0.0,0,262.96,0.0,1,10.15,10.82,SPY190315P00271000,271.0,0,0.0,0.0,,0.0,normalDay
2019-01-18,0.0,137.0,0.0,0,266.46,0.0,1,10.15,8.78,SPY190315P00271000,271.0,0,0.0,0.0,,0.0,normalDay
2019-01-22,0.0,-103.0,0.0,0,262.86,0.0,1,10.15,11.18,SPY190315P00271000,271.0,0,0.0,0.0,,0.0,normalDay
2019-01-23,0.0,-74.0,0.0,0,263.41,0.0,1,10.15,10.89,SPY190315P00271000,271.0,0,0.0,0.0,,0.0,normalDay
2019-01-24,0.0,-64.0,0.0,0,263.55,0.0,1,10.15,10.79,SPY190315P00271000,271.0,0,0.0,0.0,,0.0,normalDay
2019-01-25,0.0,133.0,0.0,0,265.78,0.0,1,10.15,8.82,SPY190315P00271000,271.0,0,0.0,0.0,,0.0,normalDay
2019-01-28,0.0,0.0,0.0,0,263.76,0.0,1,10.15,10.15,SPY190315P00271000,271.0,0,0.0,0.0,,0.0,normalDay
2019-01-29,0.0,-34.0,0.0,0,263.41,0.0,1,10.15,10.49,SPY190315P00271000,271.0,0,0.0,0.0,,0.0,normalDay
2019-01-30,0.0,251.0,0.0,0,267.58,0.0,1,10.15,7.64,SPY190315P00271000,271.0,0,0.0,0.0,,0.0,normalDay
2019-01-31,0.0,435.0,0.0,0,269.93,0.0,1,10.15,5.8,SPY190315P00271000,271.0,0,0.0,0.0,,0.0,normalDay
2019-02-01,0.0,449.0,0.0,0,270.06,0.0,1,10.15,5.66,SPY190315P00271000,271.0,0,0.0,0.0,,0.0,normalDay
2019-02-04,0.0,559.0,0.0,0,271.96,0.0,1,10.15,4.56,SPY190315P00271000,271.0,0,0.0,0.0,,0.0,normalDay
2019-02-05,0.0,599.0,0.0,0,273.1,0.0,1,10.15,4.16,SPY190315P00271000,271.0,0,0.0,0.0,,0.0,normalDay
2019-02-06,0.0,604.0,0.0,0,272.74,0.0,1,10.15,4.11,SPY190315P00271000,271.0,0,0.0,0.0,,0.0,normalDay
2019-02-07,0.0,485.0,0.0,0,270.14,0.0,1,10.15,5.3,SPY190315P00271000,271.0,0,0.0,0.0,,0.0,normalDay
2019-02-08,0.0,508.0,0.0,0,270.47,0.0,1,10.15,5.07,SPY190315P00271000,271.0,0,0.0,0.0,,0.0,normalDay
2019-02-11,0.0,532.0,0.0,0,270.62,0.0,1,10.15,4.83,SPY190315P00271000,271.0,0,0.0,0.0,,0.0,normalDay
2019-02-12,0.0,695.0,0.0,0,274.1,0.0,1,10.15,3.2,SPY190315P00271000,271.0,0,0.0,0.0,,0.0,normalDay
2019-02-13,0.0,717.0,0.0,0,274.99,0.0,1,10.15,2.98,SPY190315P00271000,271.0,0,0.0,0.0,,0.0,normalDay
2019-02-14,0.0,692.0,0.0,0,274.38,0.0,1,10.15,3.23,SPY190315P00271000,271.0,0,0.0,0.0,,0.0,normalDay
2019-02-15,0.0,809.0,0.0,0,277.37,0.0,1,10.15,2.06,SPY190315P00271000,271.0,0,0.0,0.0,,0.0,normalDay
2019-02-19,0.0,837.0,0.0,0,277.85,0.0,1,10.15,1.78,SPY190315P00271000,271.0,0,0.0,0.0,,0.0,normalDay
2019-02-20,0.0,873.0,0.0,0,278.41,0.0,1,10.15,1.42,SPY190315P00271000,271.0,0,0.0,0.0,,0.0,normalDay
2019-02-21,0.0,851.0,0.0,0,277.42,0.0,1,10.15,1.64,SPY190315P00271000,271.0,0,0.0,0.0,,0.0,normalDay
2019-02-22,0.0,905.0,0.0,0,279.14,0.0,1,10.15,1.1,SPY190315P00271000,271.0,0,0.0,0.0,,0.0,normalDay
2019-02-25,0.0,911.0,0.0,0,279.52,0.0,1,10.15,1.04,SPY190315P00271000,271.0,0,0.0,0.0,,0.0,normalDay
2019-02-26,0.0,908.0,0.0,0,279.32,0.0,1,10.15,1.07,SPY190315P00271000,271.0,0,0.0,0.0,,0.0,normalDay
2019-02-27,0.0,920.0,0.0,0,279.2,0.0,1,10.15,0.95,SPY190315P00271000,271.0,0,0.0,0.0,,0.0,normalDay
2019-02-28,0.0,916.0,0.0,0,278.68,0.0,1,10.15,0.99,SPY190315P00271000,271.0,0,0.0,0.0,,0.0,normalDay
2019-03-01,0.0,958.0,0.0,0,280.42,0.0,1,10.15,0.57,SPY190315P00271000,271.0,0,0.0,0.0,,0.0,normalDay
2019-03-04,0.0,947.0,0.0,0,279.4,0.0,1,10.15,0.68,SPY190315P00271000,271.0,0,0.0,0.0,,0.0,normalDay
2019-03-05,0.0,951.0,0.0,0,279.02,0.0,1,10.15,0.64,SPY190315P00271000,271.0,0,0.0,0.0,,0.0,normalDay
2019-03-06,0.0,923.0,0.0,0,277.33,0.0,1,10.15,0.92,SPY190315P00271000,271.0,0,0.0,0.0,,0.0,normalDay
2019-03-07,0.0,880.0,0.0,0,275.01,0.0,1,10.15,1.35,SPY190315P00271000,271.0,0,0.0,0.0,,0.0,normalDay
2019-03-08,0.0,904.0,0.0,0,274.46,0.0,1,10.15,1.11,SPY190315P00271000,271.0,0,0.0,0.0,,0.0,normalDay
2019-03-11,0.0,991.0,0.0,0,278.44,0.0,1,10.15,0.24,SPY190315P00271000,271.0,0,0.0,0.0,,0.0,normalDay
2019-03-12,0.0,1004.0,0.0,0,279.49,0.0,1,10.15,0.11,SPY190315P00271000,271.0,0,0.0,0.0,,0.0,normalDay
2019-03-13,0.0,1011.0,0.0,0,281.34,0.0,1,10.15,0.04,SPY190315P00271000,271.0,0,0.0,0.0,,0.0,normalDay
2019-03-14,0.0,1012.0,0.0,0,281.16,0.0,1,10.15,0.03,SPY190315P00271000,271.0,0,0.0,0.0,,0.0,normalDay
2019-03-15,1015.0,0.0,1015.0,0,281.31,0.0,1,10.15,0.0,SPY190315P00271000,271.0,0,0.0,0.0,,0.0,expirationDay
2019-03-18,1015.0,-5.0,0.0,0,282.33,0.0,1,6.56,6.61,SPY190719P00278000,278.0,0,0.0,0.0,,0.0,normalDay
2019-03-19,1015.0,-27.0,0.0,0,282.4,0.0,1,6.56,6.83,SPY190719P00278000,278.0,0,0.0,0.0,,0.0,normalDay
2019-03-20,1015.0,-60.0,0.0,0,281.55,0.0,1,6.56,7.16,SPY190719P00278000,278.0,0,0.0,0.0,,0.0,normalDay
2019-03-21,1015.0,45.0,0.0,0,284.73,0.0,1,6.56,6.11,SPY190719P00278000,278.0,0,0.0,0.0,,0.0,normalDay
2019-03-22,1015.0,-178.0,0.0,0,279.25,0.0,1,6.56,8.34,SPY190719P00278000,278.0,0,0.0,0.0,,0.0,normalDay
2019-03-25,1015.0,-207.0,0.0,0,279.04,0.0,1,6.56,8.63,SPY190719P00278000,278.0,0,0.0,0.0,,0.0,normalDay
2019-03-26,1015.0,-103.0,0.0,0,281.12,0.0,1,6.56,7.59,SPY190719P00278000,278.0,0,0.0,0.0,,0.0,normalDay
2019-03-27,1015.0,-156.0,0.0,0,279.65,0.0,1,6.56,8.12,SPY190719P00278000,278.0,0,0.0,0.0,,0.0,normalDay
2019-03-28,1015.0,-92.0,0.0,0,280.71,0.0,1,6.56,7.48,SPY190719P00278000,278.0,0,0.0,0.0,,0.0,normalDay
2019-03-29,1015.0,-7.0,0.0,0,282.48,0.0,1,6.56,6.63,SPY190719P00278000,278.0,0,0.0,0.0,,0.0,normalDay
2019-04-01,1015.0,101.0,0.0,0,285.83,0.0,1,6.56,5.55,SPY190719P00278000,278.0,0,0.0,0.0,,0.0,normalDay
2019-04-02,1015.0,110.0,0.0,0,285.97,0.0,1,6.56,5.46,SPY190719P00278000,278.0,0,0.0,0.0,,0.0,normalDay
2019-04-03,1015.0,131.0,0.0,0,286.42,0.0,1,6.56,5.25,SPY190719P00278000,278.0,0,0.0,0.0,,0.0,normalDay
2019-04-04,1015.0,155.0,0.0,0,287.18,0.0,1,6.56,5.01,SPY190719P00278000,278.0,0,0.0,0.0,,0.0,normalDay
2019-04-05,1015.0,209.0,0.0,0,288.57,0.0,1,6.56,4.47,SPY190719P00278000,278.0,0,0.0,0.0,,0.0,normalDay
2019-04-08,1015.0,218.0,0.0,0,288.79,0.0,1,6.56,4.38,SPY190719P00278000,278.0,0,0.0,0.0,,0.0,normalDay
2019-04-09,1015.0,152.0,0.0,0,287.31,0.0,1,6.56,5.04,SPY190719P00278000,278.0,0,0.0,0.0,,0.0,normalDay
2019-04-10,1015.0,210.0,0.0,0,288.29,0.0,1,6.56,4.46,SPY190719P00278000,278.0,0,0.0,0.0,,0.0,normalDay
2019-04-11,1015.0,211.0,0.0,0,288.21,0.0,1,6.56,4.45,SPY190719P00278000,278.0,0,0.0,0.0,,0.0,normalDay
2019-04-12,1015.0,286.0,0.0,0,290.16,0.0,1,6.56,3.7,SPY190719P00278000,278.0,0,0.0,0.0,,0.0,normalDay
2019-04-15,1015.0,294.0,0.0,0,289.97,0.0,1,6.56,3.62,SPY190719P00278000,278.0,0,0.0,0.0,,0.0,normalDay
2019-04-16,1015.0,299.0,0.0,0,290.16,0.0,1,6.56,3.57,SPY190719P00278000,278.0,0,0.0,0.0,,0.0,normalDay
2019-04-17,1015.0,278.0,0.0,0,289.45,0.0,1,6.56,3.78,SPY190719P00278000,278.0,0,0.0,0.0,,0.0,normalDay
2019-04-18,1015.0,301.0,0.0,0,290.02,0.0,1,6.56,3.55,SPY190719P00278000,278.0,0,0.0,0.0,,0.0,normalDay
2019-04-22,1015.0,322.0,0.0,0,290.27,0.0,1,6.56,3.34,SPY190719P00278000,278.0,0,0.0,0.0,,0.0,normalDay
2019-04-23,1015.0,370.0,0.0,0,292.88,0.0,1,6.56,2.86,SPY190719P00278000,278.0,0,0.0,0.0,,0.0,normalDay
2019-04-24,1015.0,350.0,0.0,0,292.23,0.0,1,6.56,3.06,SPY190719P00278000,278.0,0,0.0,0.0,,0.0,normalDay
2019-04-25,1015.0,343.0,0.0,0,292.05,0.0,1,6.56,3.13,SPY190719P00278000,278.0,0,0.0,0.0,,0.0,normalDay
2019-04-26,1015.0,375.0,0.0,0,293.41,0.0,1,6.56,2.81,SPY190719P00278000,278.0,0,0.0,0.0,,0.0,normalDay
2019-04-29,1015.0,384.0,0.0,0,293.87,0.0,1,6.56,2.72,SPY190719P00278000,278.0,0,0.0,0.0,,0.0,normalDay
2019-04-30,1015.0,390.0,0.0,0,294.02,0.0,1,6.56,2.66,SPY190719P00278000,278.0,0,0.0,0.0,,0.0,normalDay
2019-05-01,1015.0,328.0,0.0,0,291.81,0.0,1,6.56,3.28,SPY190719P00278000,278.0,0,0.0,0.0,,0.0,normalDay
2019-05-02,1015.0,317.0,0.0,0,291.18,0.0,1,6.56,3.39,SPY190719P00278000,278.0,0,0.0,0.0,,0.0,normalDay
2019-05-03,1015.0,398.0,0.0,0,294.03,0.0,1,6.56,2.58,SPY190719P00278000,278.0,0,0.0,0.0,,0.0,normalDay
2019-05-06,1015.0,343.0,0.0,0,292.82,0.0,1,6.56,3.13,SPY190719P00278000,278.0,0,0.0,0.0,,0.0,normalDay
2019-05-07,1015.0,145.0,0.0,0,287.93,0.0,1,6.56,5.11,SPY190719P00278000,278.0,0,0.0,0.0,,0.0,normalDay
2019-05-08,1015.0,153.0,0.0,0,287.53,0.0,1,6.56,5.03,SPY190719P00278000,278.0,0,0.0,0.0,,0.0,normalDay
2019-05-09,1015.0,142.0,0.0,0,286.66,0.0,1,6.56,5.14,SPY190719P00278000,278.0,0,0.0,0.0,,0.0,normalDay
2019-05-10,1015.0,236.0,0.0,0,288.1,0.0,1,6.56,4.2,SPY190719P00278000,278.0,0,0.0,0.0,,0.0,normalDay
2019-05-13,1015.0,-75.0,0.0,0,280.86,0.0,1,6.56,7.31,SPY190719P00278000,278.0,0,0.0,0.0,,0.0,normalDay
2019-05-14,1015.0,71.0,0.0,0,283.4,0.0,1,6.56,5.85,SPY190719P00278000,278.0,0,0.0,0.0,,0.0,normalDay
2019-05-15,1015.0,169.0,0.0,0,285.06,0.0,1,6.56,4.87,SPY190719P00278000,278.0,0,0.0,0.0,,0.0,normalDay
2019-05-16,1015.0,269.0,0.0,0,287.7,0.0,1,6.56,3.87,SPY190719P00278000,278.0,0,0.0,0.0,,0.0,normalDay
2019-05-17,1015.0,212.0,0.0,0,285.84,0.0,1,6.56,4.44,SPY190719P00278000,278.0,0,0.0,0.0,,0.0,normalDay
2019-05-20,1015.0,170.0,0.0,0,283.95,0.0,1,6.56,4.86,SPY190719P00278000,278.0,0,0.0,0.0,,0.0,normalDay
2019-05-21,1015.0,274.0,0.0,0,286.51,0.0,1,6.56,3.82,SPY190719P00278000,278.0,0,0.0,0.0,,0.0,normalDay
2019-05-22,1015.0,259.0,0.0,0,285.63,0.0,1,6.56,3.97,SPY190719P00278000,278.0,0,0.0,0.0,,0.0,normalDay
2019-05-23,1015.0,103.0,0.0,0,282.14,0.0,1,6.56,5.53,SPY190719P00278000,278.0,0,0.0,0.0,,0.0,normalDay
2019-05-24,1015.0,161.0,0.0,0,282.78,0.0,1,6.56,4.95,SPY190719P00278000,278.0,0,0.0,0.0,,0.0,normalDay
2019-05-28,1015.0,66.0,0.0,0,280.15,0.0,1,6.56,5.9,SPY190719P00278000,278.0,0,0.0,0.0,,0.0,normalDay
2019-05-29,1015.0,-23.0,0.0,0,278.27,0.0,1,6.56,6.79,SPY190719P00278000,278.0,0,0.0,0.0,,0.0,normalDay
2019-05-30,1015.0,21.0,0.0,0,279.03,0.0,1,6.56,6.35,SPY190719P00278000,278.0,0,0.0,0.0,,0.0,normalDay
2019-05-31,1015.0,-177.0,0.0,0,275.27,0.0,1,6.56,8.33,SPY190719P00278000,278.0,0,0.0,0.0,,0.0,normalDay
2019-06-03,1015.0,-177.0,0.0,0,274.57,0.0,1,6.56,8.33,SPY190719P00278000,278.0,0,0.0,0.0,,0.0,normalDay
2019-06-04,1015.0,123.0,0.0,0,280.53,0.0,1,6.56,5.33,SPY190719P00278000,278.0,0,0.0,0.0,,0.0,normalDay
2019-06-05,1015.0,239.0,0.0,0,282.96,0.0,1,6.56,4.17,SPY190719P00278000,278.0,0,0.0,0.0,,0.0,normalDay
2019-06-06,1015.0,307.0,0.0,0,284.8,0.0,1,6.56,3.49,SPY190719P00278000,278.0,0,0.0,0.0,,0.0,normalDay
2019-06-07,1015.0,366.0,0.0,0,287.65,0.0,1,6.56,2.9,SPY190719P00278000,278.0,0,0.0,0.0,,0.0,normalDay
2019-06-10,1015.0,415.0,0.0,0,288.97,0.0,1,6.56,2.41,SPY190719P00278000,278.0,0,0.0,0.0,,0.0,normalDay
2019-06-11,1015.0,411.0,0.0,0,288.9,0.0,1,6.56,2.45,SPY190719P00278000,278.0,0,0.0,0.0,,0.0,normalDay
2019-06-12,1015.0,410.0,0.0,0,288.39,0.0,1,6.56,2.46,SPY190719P00278000,278.0,0,0.0,0.0,,0.0,normalDay
2019-06-13,1015.0,439.0,0.0,0,289.58,0.0,1,6.56,2.17,SPY190719P00278000,278.0,0,0.0,0.0,,0.0,normalDay
2019-06-14,1015.0,454.0,0.0,0,289.26,0.0,1,6.56,2.02,SPY190719P00278000,278.0,0,0.0,0.0,,0.0,normalDay
2019-06-17,1015.0,471.0,0.0,0,289.37,0.0,1,6.56,1.85,SPY190719P00278000,278.0,0,0.0,0.0,,0.0,normalDay
2019-06-18,1015.0,518.0,0.0,0,292.4,0.0,1,6.56,1.38,SPY190719P00278000,278.0,0,0.0,0.0,,0.0,normalDay
2019-06-19,1015.0,547.0,0.0,0,293.06,0.0,1,6.56,1.09,SPY190719P00278000,278.0,0,0.0,0.0,,0.0,normalDay
2019-06-20,1015.0,571.0,0.0,0,295.86,0.0,1,6.56,0.85,SPY190719P00278000,278.0,0,0.0,0.0,,0.0,normalDay
2019-06-21,1015.0,565.0,0.0,0,294.0,0.0,1,6.56,0.91,SPY190719P00278000,278.0,0,0.0,0.0,,0.0,normalDay
2019-06-24,1015.0,574.0,0.0,0,293.64,0.0,1,6.56,0.82,SPY190719P00278000,278.0,0,0.0,0.0,,0.0,normalDay
2019-06-25,1015.0,536.0,0.0,0,290.76,0.0,1,6.56,1.2,SPY190719P00278000,278.0,0,0.0,0.0,,0.0,normalDay
2019-06-26,1015.0,537.0,0.0,0,290.47,0.0,1,6.56,1.19,SPY190719P00278000,278.0,0,0.0,0.0,,0.0,normalDay
2019-06-27,1015.0,564.0,0.0,0,291.5,0.0,1,6.56,0.92,SPY190719P00278000,278.0,0,0.0,0.0,,0.0,normalDay
2019-06-28,1015.0,585.0,0.0,0,293.0,0.0,1,6.56,0.71,SPY190719P00278000,278.0,0,0.0,0.0,,0.0,normalDay
2019-07-01,1015.0,623.0,0.0,0,295.66,0.0,1,6.56,0.33,SPY190719P00278000,278.0,0,0.0,0.0,,0.0,normalDay
2019-07-02,1015.0,636.0,0.0,0,296.43,0.0,1,6.56,0.2,SPY190719P00278000,278.0,0,0.0,0.0,,0.0,normalDay
2019-07-03,1015.0,643.0,0.0,0,298.8,0.0,1,6.56,0.13,SPY190719P00278000,278.0,0,0.0,0.0,,0.0,normalDay
2019-07-05,1015.0,641.0,0.0,0,298.46,0.0,1,6.56,0.15,SPY190719P00278000,278.0,0,0.0,0.0,,0.0,normalDay
2019-07-08,1015.0,645.0,0.0,0,296.82,0.0,1,6.56,0.11,SPY190719P00278000,278.0,0,0.0,0.0,,0.0,normalDay
2019-07-09,1015.0,647.0,0.0,0,297.19,0.0,1,6.56,0.09,SPY190719P00278000,278.0,0,0.0,0.0,,0.0,normalDay
2019-07-10,1015.0,651.0,0.0,0,298.61,0.0,1,6.56,0.05,SPY190719P00278000,278.0,0,0.0,0.0,,0.0,normalDay
2019-07-11,1015.0,651.0,0.0,0,299.31,0.0,1,6.56,0.05,SPY190719P00278000,278.0,0,0.0,0.0,,0.0,normalDay
2019-07-12,1015.0,653.0,0.0,0,300.65,0.0,1,6.56,0.03,SPY190719P00278000,278.0,0,0.0,0.0,,0.0,normalDay
2019-07-15,1015.0,653.0,0.0,0,300.75,0.0,1,6.56,0.03,SPY190719P00278000,278.0,0,0.0,0.0,,0.0,normalDay
2019-07-16,1015.0,654.0,0.0,0,299.78,0.0,1,6.56,0.02,SPY190719P00278000,278.0,0,0.0,0.0,,0.0,normalDay
2019-07-17,1015.0,654.0,0.0,0,297.74,0.0,1,6.56,0.02,SPY190719P00278000,278.0,0,0.0,0.0,,0.0,normalDay
2019-07-18,1015.0,655.0,0.0,0,298.83,0.0,1,6.56,0.01,SPY190719P00278000,278.0,0,0.0,0.0,,0.0,normalDay
2019-07-19,1671.0,0.0,656.0,0,297.17,0.0,1,6.56,0.0,SPY190719P00278000,278.0,0,0.0,0.0,,0.0,expirationDay
2019-07-22,1671.0,-6.0,0.0,0,297.9,0.0,1,7.67,7.73,SPY191115P00295000,295.0,0,0.0,0.0,,0.0,normalDay
2019-07-23,1671.0,87.0,0.0,0,300.03,0.0,1,7.67,6.8,SPY191115P00295000,295.0,0,0.0,0.0,,0.0,normalDay
2019-07-24,1671.0,144.0,0.0,0,301.44,0.0,1,7.67,6.23,SPY191115P00295000,295.0,0,0.0,0.0,,0.0,normalDay
2019-07-25,1671.0,86.0,0.0,0,300.0,0.0,1,7.67,6.81,SPY191115P00295000,295.0,0,0.0,0.0,,0.0,normalDay
2019-07-26,1671.0,163.0,0.0,0,302.01,0.0,1,7.67,6.04,SPY191115P00295000,295.0,0,0.0,0.0,,0.0,normalDay
2019-07-29,1671.0,159.0,0.0,0,301.46,0.0,1,7.67,6.08,SPY191115P00295000,295.0,0,0.0,0.0,,0.0,normalDay
2019-07-30,1671.0,103.0,0.0,0,300.72,0.0,1,7.67,6.64,SPY191115P00295000,295.0,0,0.0,0.0,,0.0,normalDay
2019-07-31,1671.0,-56.0,0.0,0,297.43,0.0,1,7.67,8.23,SPY191115P00295000,295.0,0,0.0,0.0,,0.0,normalDay
2019-08-01,1671.0,-193.0,0.0,0,294.84,0.0,1,7.67,9.6,SPY191115P00295000,295.0,0,0.0,0.0,,0.0,normalDay
2019-08-02,1671.0,-289.0,0.0,0,292.62,0.0,1,7.67,10.56,SPY191115P00295000,295.0,0,0.0,0.0,,0.0,normalDay
2019-08-05,1671.0,-917.0,0.0,0,283.82,0.0,1,7.67,16.84,SPY191115P00295000,295.0,0,0.0,0.0,,0.0,normalDay
2019-08-06,1671.0,-573.0,0.0,0,287.8,0.0,1,7.67,13.4,SPY191115P00295000,295.0,0,0.0,0.0,,0.0,normalDay
2019-08-07,1671.0,-563.0,0.0,0,287.97,0.0,1,7.67,13.3,SPY191115P00295000,295.0,0,0.0,0.0,,0.0,normalDay
2019-08-08,1671.0,-214.0,0.0,0,293.62,0.0,1,7.67,9.81,SPY191115P00295000,295.0,0,0.0,0.0,,0.0,normalDay
2019-08-09,1671.0,-324.0,0.0,0,291.62,0.0,1,7.67,10.91,SPY191115P00295000,295.0,0,0.0,0.0,,0.0,normalDay
2019-08-12,1671.0,-596.0,0.0,0,288.07,0.0,1,7.67,13.63,SPY191115P00295000,295.0,0,0.0,0.0,,0.0,normalDay
2019-08-13,1671.0,-285.0,0.0,0,292.55,0.0,1,7.67,10.52,SPY191115P00295000,295.0,0,0.0,0.0,,0.0,normalDay
2019-08-14,1671.0,-849.0,0.0,0,283.9,0.0,1,7.67,16.16,SPY191115P00295000,295.0,0,0.0,0.0,,0.0,normalDay
2019-08-15,1671.0,-788.0,0.0,0,284.65,0.0,1,7.67,15.55,SPY191115P00295000,295.0,0,0.0,0.0,,0.0,normalDay
2019-08-16,1671.0,-509.0,0.0,0,288.85,0.0,1,7.67,12.76,SPY191115P00295000,295.0,0,0.0,0.0,,0.0,normalDay
2019-08-19,1671.0,-267.0,0.0,0,292.33,0.0,1,7.67,10.34,SPY191115P00295000,295.0,0,0.0,0.0,,0.0,normalDay
2019-08-20,1671.0,-397.0,0.0,0,290.09,0.0,1,7.67,11.64,SPY191115P00295000,295.0,0,0.0,0.0,,0.0,normalDay
2019-08-21,1671.0,-207.0,0.0,0,292.45,0.0,1,7.67,9.74,SPY191115P00295000,295.0,0,0.0,0.0,,0.0,normalDay
2019-08-22,1671.0,-239.0,0.0,0,292.36,0.0,1,7.67,10.06,SPY191115P00295000,295.0,0,0.0,0.0,,0.0,normalDay
2019-08-23,1671.0,-680.0,0.0,0,284.85,0.0,1,7.67,14.47,SPY191115P00295000,295.0,0,0.0,0.0,,0.0,normalDay
2019-08-26,1671.0,-495.0,0.0,0,288.0,0.0,1,7.67,12.62,SPY191115P00295000,295.0,0,0.0,0.0,,0.0,normalDay
2019-08-27,1671.0,-596.0,0.0,0,286.87,0.0,1,7.67,13.63,SPY191115P00295000,295.0,0,0.0,0.0,,0.0,normalDay
2019-08-28,1671.0,-449.0,0.0,0,288.89,0.0,1,7.67,12.16,SPY191115P00295000,295.0,0,0.0,0.0,,0.0,normalDay
2019-08-29,1671.0,-231.0,0.0,0,292.58,0.0,1,7.67,9.98,SPY191115P00295000,295.0,0,0.0,0.0,,0.0,normalDay
2019-08-30,1671.0,-245.0,0.0,0,292.45,0.0,1,7.67,10.12,SPY191115P00295000,295.0,0,0.0,0.0,,0.0,normalDay
2019-09-03,1671.0,-337.0,0.0,0,290.74,0.0,1,7.67,11.04,SPY191115P00295000,295.0,0,0.0,0.0,,0.0,normalDay
2019-09-04,1671.0,-117.0,0.0,0,294.04,0.0,1,7.67,8.84,SPY191115P00295000,295.0,0,0.0,0.0,,0.0,normalDay
2019-09-05,1671.0,61.0,0.0,0,297.82,0.0,1,7.67,7.06,SPY191115P00295000,295.0,0,0.0,0.0,,0.0,normalDay
2019-09-06,1671.0,124.0,0.0,0,298.05,0.0,1,7.67,6.43,SPY191115P00295000,295.0,0,0.0,0.0,,0.0,normalDay
2019-09-09,1671.0,133.0,0.0,0,298.2,0.0,1,7.67,6.34,SPY191115P00295000,295.0,0,0.0,0.0,,0.0,normalDay
2019-09-10,1671.0,140.0,0.0,0,298.13,0.0,1,7.67,6.27,SPY191115P00295000,295.0,0,0.0,0.0,,0.0,normalDay
2019-09-11,1671.0,235.0,0.0,0,300.25,0.0,1,7.67,5.32,SPY191115P00295000,295.0,0,0.0,0.0,,0.0,normalDay
2019-09-12,1671.0,296.0,0.0,0,301.29,0.0,1,7.67,4.71,SPY191115P00295000,295.0,0,0.0,0.0,,0.0,normalDay
2019-09-13,1671.0,298.0,0.0,0,301.09,0.0,1,7.67,4.69,SPY191115P00295000,295.0,0,0.0,0.0,,0.0,normalDay
2019-09-16,1671.0,267.0,0.0,0,300.16,0.0,1,7.67,5.0,SPY191115P00295000,295.0,0,0.0,0.0,,0.0,normalDay
2019-09-17,1671.0,285.0,0.0,0,300.92,0.0,1,7.67,4.82,SPY191115P00295000,295.0,0,0.0,0.0,,0.0,normalDay
2019-09-18,1671.0,318.0,0.0,0,301.1,0.0,1,7.67,4.49,SPY191115P00295000,295.0,0,0.0,0.0,,0.0,normalDay
2019-09-19,1671.0,317.0,0.0,0,301.08,0.0,1,7.67,4.5,SPY191115P00295000,295.0,0,0.0,0.0,,0.0,normalDay
2019-09-20,1671.0,240.0,0.0,0,298.28,0.0,1,7.67,5.27,SPY191115P00295000,295.0,0,0.0,0.0,,0.0,normalDay
2019-09-23,1671.0,275.0,0.0,0,298.21,0.0,1,7.67,4.92,SPY191115P00295000,295.0,0,0.0,0.0,,0.0,normalDay
2019-09-24,1671.0,154.0,0.0,0,295.87,0.0,1,7.67,6.13,SPY191115P00295000,295.0,0,0.0,0.0,,0.0,normalDay
2019-09-25,1671.0,228.0,0.0,0,297.62,0.0,1,7.67,5.39,SPY191115P00295000,295.0,0,0.0,0.0,,0.0,normalDay
2019-09-26,1671.0,227.0,0.0,0,297.0,0.0,1,7.67,5.4,SPY191115P00295000,295.0,0,0.0,0.0,,0.0,normalDay
2019-09-27,1671.0,139.0,0.0,0,295.4,0.0,1,7.67,6.28,SPY191115P00295000,295.0,0,0.0,0.0,,0.0,normalDay
2019-09-30,1671.0,245.0,0.0,0,296.77,0.0,1,7.67,5.22,SPY191115P00295000,295.0,0,0.0,0.0,,0.0,normalDay
2019-10-01,1671.0,51.0,0.0,0,293.24,0.0,1,7.67,7.16,SPY191115P00295000,295.0,0,0.0,0.0,,0.0,normalDay
2019-10-02,1671.0,-299.0,0.0,0,288.06,0.0,1,7.67,10.66,SPY191115P00295000,295.0,0,0.0,0.0,,0.0,normalDay
2019-10-03,1671.0,-98.0,0.0,0,290.42,0.0,1,7.67,8.65,SPY191115P00295000,295.0,0,0.0,0.0,,0.0,normalDay
2019-10-04,1671.0,150.0,0.0,0,294.35,0.0,1,7.67,6.17,SPY191115P00295000,295.0,0,0.0,0.0,,0.0,normalDay
2019-10-07,1671.0,95.0,0.0,0,293.08,0.0,1,7.67,6.72,SPY191115P00295000,295.0,0,0.0,0.0,,0.0,normalDay
2019-10-08,1671.0,-183.0,0.0,0,288.53,0.0,1,7.67,9.5,SPY191115P00295000,295.0,0,0.0,0.0,,0.0,normalDay
2019-10-09,1671.0,-3.0,0.0,0,291.27,0.0,1,7.67,7.7,SPY191115P00295000,295.0,0,0.0,0.0,,0.0,normalDay
2019-10-10,1671.0,135.0,0.0,0,293.24,0.0,1,7.67,6.32,SPY191115P00295000,295.0,0,0.0,0.0,,0.0,normalDay
2019-10-11,1671.0,318.0,0.0,0,296.28,0.0,1,7.67,4.49,SPY191115P00295000,295.0,0,0.0,0.0,,0.0,normalDay
2019-10-14,1671.0,349.0,0.0,0,295.95,0.0,1,7.67,4.18,SPY191115P00295000,295.0,0,0.0,0.0,,0.0,normalDay
2019-10-15,1671.0,487.0,0.0,0,298.88,0.0,1,7.67,2.8,SPY191115P00295000,295.0,0,0.0,0.0,,0.0,normalDay
2019-10-16,1671.0,481.0,0.0,0,298.4,0.0,1,7.67,2.86,SPY191115P00295000,295.0,0,0.0,0.0,,0.0,normalDay
2019-10-17,1671.0,503.0,0.0,0,299.28,0.0,1,7.67,2.64,SPY191115P00295000,295.0,0,0.0,0.0,,0.0,normalDay
2019-10-18,1671.0,472.0,0.0,0,297.97,0.0,1,7.67,2.95,SPY191115P00295000,295.0,0,0.0,0.0,,0.0,normalDay
2019-10-21,1671.0,559.0,0.0,0,299.99,0.0,1,7.67,2.08,SPY191115P00295000,295.0,0,0.0,0.0,,0.0,normalDay
2019-10-22,1671.0,530.0,0.0,0,299.01,0.0,1,7.67,2.37,SPY191115P00295000,295.0,0,0.0,0.0,,0.0,normalDay
2019-10-23,1671.0,575.0,0.0,0,299.88,0.0,1,7.67,1.92,SPY191115P00295000,295.0,0,0.0,0.0,,0.0,normalDay
2019-10-24,1671.0,596.0,0.0,0,300.37,0.0,1,7.67,1.71,SPY191115P00295000,295.0,0,0.0,0.0,,0.0,normalDay
2019-10-25,1671.0,646.0,0.0,0,301.6,0.0,1,7.67,1.21,SPY191115P00295000,295.0,0,0.0,0.0,,0.0,normalDay
2019-10-28,1671.0,678.0,0.0,0,303.3,0.0,1,7.67,0.89,SPY191115P00295000,295.0,0,0.0,0.0,,0.0,normalDay
2019-10-29,1671.0,679.0,0.0,0,303.21,0.0,1,7.67,0.88,SPY191115P00295000,295.0,0,0.0,0.0,,0.0,normalDay
2019-10-30,1671.0,709.0,0.0,0,304.14,0.0,1,7.67,0.58,SPY191115P00295000,295.0,0,0.0,0.0,,0.0,normalDay
2019-10-31,1671.0,690.0,0.0,0,303.33,0.0,1,7.67,0.77,SPY191115P00295000,295.0,0,0.0,0.0,,0.0,normalDay
2019-11-01,1671.0,733.0,0.0,0,306.14,0.0,1,7.67,0.34,SPY191115P00295000,295.0,0,0.0,0.0,,0.0,normalDay
2019-11-04,1671.0,743.0,0.0,0,307.37,0.0,1,7.67,0.24,SPY191115P00295000,295.0,0,0.0,0.0,,0.0,normalDay
2019-11-05,1671.0,746.0,0.0,0,307.03,0.0,1,7.67,0.21,SPY191115P00295000,295.0,0,0.0,0.0,,0.0,normalDay
2019-11-06,1671.0,755.0,0.0,0,307.1,0.0,1,7.67,0.12,SPY191115P00295000,295.0,0,0.0,0.0,,0.0,normalDay
2019-11-07,1671.0,758.0,0.0,0,308.18,0.0,1,7.67,0.09,SPY191115P00295000,295.0,0,0.0,0.0,,0.0,normalDay
2019-11-08,1671.0,763.0,0.0,0,308.94,0.0,1,7.67,0.04,SPY191115P00295000,295.0,0,0.0,0.0,,0.0,normalDay
2019-11-11,1671.0,764.0,0.0,0,308.35,0.0,1,7.67,0.03,SPY191115P00295000,295.0,0,0.0,0.0,,0.0,normalDay
2019-11-12,1671.0,765.0,0.0,0,309.0,0.0,1,7.67,0.02,SPY191115P00295000,295.0,0,0.0,0.0,,0.0,normalDay
2019-11-13,1671.0,765.0,0.0,0,309.1,0.0,1,7.67,0.02,SPY191115P00295000,295.0,0,0.0,0.0,,0.0,normalDay
2019-11-14,1671.0,766.0,0.0,0,309.55,0.0,1,7.67,0.01,SPY191115P00295000,295.0,0,0.0,0.0,,0.0,normalDay
2019-11-15,2438.0,0.0,767.0,0,311.79,0.0,1,7.67,0.0,SPY191115P00295000,295.0,0,0.0,0.0,,0.0,expirationDay
2019-11-18,2438.0,-6.0,0.0,0,312.02,0.0,1,7.82,7.88,SPY200331P00304000,304.0,0,0.0,0.0,,0.0,normalDay
2019-11-19,2438.0,-23.0,0.0,0,311.93,0.0,1,7.82,8.05,SPY200331P00304000,304.0,0,0.0,0.0,,0.0,normalDay
2019-11-20,2438.0,-70.0,0.0,0,310.77,0.0,1,7.82,8.52,SPY200331P00304000,304.0,0,0.0,0.0,,0.0,normalDay
2019-11-21,2438.0,-88.0,0.0,0,310.27,0.0,1,7.82,8.7,SPY200331P00304000,304.0,0,0.0,0.0,,0.0,normalDay
2019-11-22,2438.0,-45.0,0.0,0,310.96,0.0,1,7.82,8.27,SPY200331P00304000,304.0,0,0.0,0.0,,0.0,normalDay
2019-11-25,2438.0,52.0,0.0,0,313.37,0.0,1,7.82,7.3,SPY200331P00304000,304.0,0,0.0,0.0,,0.0,normalDay
2019-11-26,2438.0,92.0,0.0,0,314.08,0.0,1,7.82,6.9,SPY200331P00304000,304.0,0,0.0,0.0,,0.0,normalDay
2019-11-27,2438.0,125.0,0.0,0,315.48,0.0,1,7.82,6.57,SPY200331P00304000,304.0,0,0.0,0.0,,0.0,normalDay
2019-11-29,2438.0,76.0,0.0,0,314.31,0.0,1,7.82,7.06,SPY200331P00304000,304.0,0,0.0,0.0,,0.0,normalDay
2019-12-02,2438.0,-48.0,0.0,0,311.64,0.0,1,7.82,8.3,SPY200331P00304000,304.0,0,0.0,0.0,,0.0,normalDay
2019-12-03,2438.0,-154.0,0.0,0,309.55,0.0,1,7.82,9.36,SPY200331P00304000,304.0,0,0.0,0.0,,0.0,normalDay
2019-12-04,2438.0,-70.0,0.0,0,311.46,0.0,1,7.82,8.52,SPY200331P00304000,304.0,0,0.0,0.0,,0.0,normalDay
2019-12-05,2438.0,-24.0,0.0,0,312.02,0.0,1,7.82,8.06,SPY200331P00304000,304.0,0,0.0,0.0,,0.0,normalDay
2019-12-06,2438.0,85.0,0.0,0,314.87,0.0,1,7.82,6.97,SPY200331P00304000,304.0,0,0.0,0.0,,0.0,normalDay
2019-12-09,2438.0,29.0,0.0,0,313.88,0.0,1,7.82,7.53,SPY200331P00304000,304.0,0,0.0,0.0,,0.0,normalDay
2019-12-10,2438.0,43.0,0.0,0,313.53,0.0,1,7.82,7.39,SPY200331P00304000,304.0,0,0.0,0.0,,0.0,normalDay
2019-12-11,2438.0,85.0,0.0,0,314.42,0.0,1,7.82,6.97,SPY200331P00304000,304.0,0,0.0,0.0,,0.0,normalDay
2019-12-12,2438.0,184.0,0.0,0,317.13,0.0,1,7.82,5.98,SPY200331P00304000,304.0,0,0.0,0.0,,0.0,normalDay
2019-12-13,2438.0,236.0,0.0,0,317.32,0.0,1,7.82,5.46,SPY200331P00304000,304.0,0,0.0,0.0,,0.0,normalDay
2019-12-16,2438.0,318.0,0.0,0,319.5,0.0,1,7.82,4.64,SPY200331P00304000,304.0,0,0.0,0.0,,0.0,normalDay
2019-12-17,2438.0,313.0,0.0,0,319.57,0.0,1,7.82,4.69,SPY200331P00304000,304.0,0,0.0,0.0,,0.0,normalDay
2019-12-18,2438.0,312.0,0.0,0,319.59,0.0,1,7.82,4.7,SPY200331P00304000,304.0,0,0.0,0.0,,0.0,normalDay
2019-12-19,2438.0,348.0,0.0,0,320.9,0.0,1,7.82,4.34,SPY200331P00304000,304.0,0,0.0,0.0,,0.0,normalDay
2019-12-20,2438.0,368.0,0.0,0,320.73,0.0,1,7.82,4.14,SPY200331P00304000,304.0,0,0.0,0.0,,0.0,normalDay
2019-12-23,2438.0,369.0,0.0,0,321.22,0.0,1,7.82,4.13,SPY200331P00304000,304.0,0,0.0,0.0,,0.0,normalDay
2019-12-24,2438.0,373.0,0.0,0,321.23,0.0,1,7.82,4.09,SPY200331P00304000,304.0,0,0.0,0.0,,0.0,normalDay
2019-12-26,2438.0,410.0,0.0,0,322.94,0.0,1,7.82,3.72,SPY200331P00304000,304.0,0,0.0,0.0,,0.0,normalDay
2019-12-27,2438.0,391.0,0.0,0,322.86,0.0,1,7.82,3.91,SPY200331P00304000,304.0,0,0.0,0.0,,0.0,normalDay
2019-12-30,2438.0,345.0,0.0,0,321.08,0.0,1,7.82,4.37,SPY200331P00304000,304.0,0,0.0,0.0,,0.0,normalDay
2019-12-31,2438.0,391.0,0.0,0,321.86,0.0,1,7.82,3.91,SPY200331P00304000,304.0,0,0.0,0.0,,0.0,normalDay
2020-01-02,2438.0,463.0,0.0,0,324.87,0.0,1,7.82,3.19,SPY200331P00304000,304.0,0,0.0,0.0,,0.0,normalDay
2020-01-03,2438.0,394.0,0.0,0,322.41,0.0,1,7.82,3.88,SPY200331P00304000,304.0,0,0.0,0.0,,0.0,normalDay
2020-01-06,2438.0,433.0,0.0,0,323.64,0.0,1,7.82,3.49,SPY200331P00304000,304.0,0,0.0,0.0,,0.0,normalDay
2020-01-07,2438.0,418.0,0.0,0,322.73,0.0,1,7.82,3.64,SPY200331P00304000,304.0,0,0.0,0.0,,0.0,normalDay
2020-01-08,2438.0,468.0,0.0,0,324.45,0.0,1,7.82,3.14,SPY200331P00304000,304.0,0,0.0,0.0,,0.0,normalDay
2020-01-09,2438.0,518.0,0.0,0,326.65,0.0,1,7.82,2.64,SPY200331P00304000,304.0,0,0.0,0.0,,0.0,normalDay
2020-01-10,2438.0,504.0,0.0,0,325.71,0.0,1,7.82,2.78,SPY200331P00304000,304.0,0,0.0,0.0,,0.0,normalDay
2020-01-13,2438.0,554.0,0.0,0,327.95,0.0,1,7.82,2.28,SPY200331P00304000,304.0,0,0.0,0.0,,0.0,normalDay
2020-01-14,2438.0,556.0,0.0,0,327.45,0.0,1,7.82,2.26,SPY200331P00304000,304.0,0,0.0,0.0,,0.0,normalDay
2020-01-15,2438.0,567.0,0.0,0,328.19,0.0,1,7.82,2.15,SPY200331P00304000,304.0,0,0.0,0.0,,0.0,normalDay
2020-01-16,2438.0,598.0,0.0,0,330.92,0.0,1,7.82,1.84,SPY200331P00304000,304.0,0,0.0,0.0,,0.0,normalDay
2020-01-17,2438.0,612.0,0.0,0,331.95,0.0,1,7.82,1.7,SPY200331P00304000,304.0,0,0.0,0.0,,0.0,normalDay
2020-01-21,2438.0,606.0,0.0,0,331.3,0.0,1,7.82,1.76,SPY200331P00304000,304.0,0,0.0,0.0,,0.0,normalDay
2020-01-22,2438.0,607.0,0.0,0,331.34,0.0,1,7.82,1.75,SPY200331P00304000,304.0,0,0.0,0.0,,0.0,normalDay
2020-01-23,2438.0,610.0,0.0,0,331.72,0.0,1,7.82,1.72,SPY200331P00304000,304.0,0,0.0,0.0,,0.0,normalDay
2020-01-24,2438.0,556.0,0.0,0,328.77,0.0,1,7.82,2.26,SPY200331P00304000,304.0,0,0.0,0.0,,0.0,normalDay
2020-01-27,2438.0,408.0,0.0,0,323.5,0.0,1,7.82,3.74,SPY200331P00304000,304.0,0,0.0,0.0,,0.0,normalDay
2020-01-28,2438.0,513.0,0.0,0,326.89,0.0,1,7.82,2.69,SPY200331P00304000,304.0,0,0.0,0.0,,0.0,normalDay
2020-01-29,2438.0,514.0,0.0,0,326.62,0.0,1,7.82,2.68,SPY200331P00304000,304.0,0,0.0,0.0,,0.0,normalDay
2020-01-30,2438.0,557.0,0.0,0,327.68,0.0,1,7.82,2.25,SPY200331P00304000,304.0,0,0.0,0.0,,0.0,normalDay
2020-01-31,2438.0,409.0,0.0,0,321.73,0.0,1,7.82,3.73,SPY200331P00304000,304.0,0,0.0,0.0,,0.0,normalDay
2020-02-03,2438.0,467.0,0.0,0,324.12,0.0,1,7.82,3.15,SPY200331P00304000,304.0,0,0.0,0.0,,0.0,normalDay
2020-02-04,2438.0,586.0,0.0,0,329.06,0.0,1,7.82,1.96,SPY200331P00304000,304.0,0,0.0,0.0,,0.0,normalDay
2020-02-05,2438.0,637.0,0.0,0,332.86,0.0,1,7.82,1.45,SPY200331P00304000,304.0,0,0.0,0.0,,0.0,normalDay
2020-02-06,2438.0,646.0,0.0,0,333.98,0.0,1,7.82,1.36,SPY200331P00304000,304.0,0,0.0,0.0,,0.0,normalDay
2020-02-07,2438.0,629.0,0.0,0,332.2,0.0,1,7.82,1.53,SPY200331P00304000,304.0,0,0.0,0.0,,0.0,normalDay
2020-02-10,2438.0,660.0,0.0,0,334.68,0.0,1,7.82,1.22,SPY200331P00304000,304.0,0,0.0,0.0,,0.0,normalDay
2020-02-11,2438.0,665.0,0.0,0,335.26,0.0,1,7.82,1.17,SPY200331P00304000,304.0,0,0.0,0.0,,0.0,normalDay
2020-02-12,2438.0,692.0,0.0,0,337.42,0.0,1,7.82,0.9,SPY200331P00304000,304.0,0,0.0,0.0,,0.0,normalDay
2020-02-13,2438.0,689.0,0.0,0,337.06,0.0,1,7.82,0.93,SPY200331P00304000,304.0,0,0.0,0.0,,0.0,normalDay
2020-02-14,2438.0,700.0,0.0,0,337.6,0.0,1,7.82,0.82,SPY200331P00304000,304.0,0,0.0,0.0,,0.0,normalDay
2020-02-18,2438.0,696.0,0.0,0,336.73,0.0,1,7.82,0.86,SPY200331P00304000,304.0,0,0.0,0.0,,0.0,normalDay
2020-02-19,2438.0,709.0,0.0,0,338.34,0.0,1,7.82,0.73,SPY200331P00304000,304.0,0,0.0,0.0,,0.0,normalDay
2020-02-20,2438.0,694.0,0.0,0,336.95,0.0,1,7.82,0.88,SPY200331P00304000,304.0,0,0.0,0.0,,0.0,normalDay
2020-02-21,2438.0,657.0,0.0,0,333.48,0.0,1,7.82,1.25,SPY200331P00304000,304.0,0,0.0,0.0,,0.0,normalDay
2020-02-24,2438.0,394.0,0.0,0,322.42,0.0,1,7.82,3.88,SPY200331P00304000,304.0,0,0.0,0.0,,0.0,normalDay
2020-02-25,2438.0,151.0,0.0,0,312.65,0.0,1,7.82,6.31,SPY200331P00304000,304.0,0,0.0,0.0,,0.0,normalDay
2020-02-26,2438.0,115.0,0.0,0,311.5,0.0,1,7.82,6.67,SPY200331P00304000,304.0,0,0.0,0.0,,0.0,normalDay
2020-02-27,2438.0,-859.0,0.0,0,297.51,0.0,1,7.82,16.41,SPY200331P00304000,304.0,0,0.0,0.0,,0.0,normalDay
2020-02-28,2438.0,-924.0,0.0,0,296.26,0.0,1,7.82,17.06,SPY200331P00304000,304.0,0,0.0,0.0,,0.0,normalDay
2020-03-02,2438.0,-17.0,0.0,0,309.09,0.0,1,7.82,7.99,SPY200331P00304000,304.0,0,0.0,0.0,,0.0,normalDay
2020-03-03,2438.0,-439.0,0.0,0,300.24,0.0,1,7.82,12.21,SPY200331P00304000,304.0,0,0.0,0.0,,0.0,normalDay
2020-03-04,2438.0,98.0,0.0,0,312.86,0.0,1,7.82,6.84,SPY200331P00304000,304.0,0,0.0,0.0,,0.0,normalDay
2020-03-05,2438.0,-486.0,0.0,0,302.46,0.0,1,7.82,12.68,SPY200331P00304000,304.0,0,0.0,0.0,,0.0,normalDay
2020-03-06,2438.0,-749.0,0.0,0,297.46,0.0,1,7.82,15.31,SPY200331P00304000,304.0,0,0.0,0.0,,0.0,normalDay
2020-03-09,2438.0,-2555.0,0.0,0,274.23,0.0,1,7.82,33.37,SPY200331P00304000,304.0,0,0.0,0.0,,0.0,normalDay
2020-03-10,2438.0,-1317.0,0.0,0,288.42,0.0,1,7.82,20.99,SPY200331P00304000,304.0,0,0.0,0.0,,0.0,normalDay
2020-03-11,2438.0,-2515.0,0.0,0,274.36,0.0,1,7.82,32.97,SPY200331P00304000,304.0,0,0.0,0.0,,0.0,normalDay
2020-03-12,2438.0,-5035.0,0.0,0,248.11,0.0,1,7.82,58.17,SPY200331P00304000,304.0,0,0.0,0.0,,0.0,normalDay
2020-03-13,2438.0,-2932.0,0.0,0,269.32,0.0,1,7.82,37.14,SPY200331P00304000,304.0,0,0.0,0.0,,0.0,normalDay
2020-03-16,2438.0,-5482.0,0.0,0,239.85,0.0,1,7.82,62.64,SPY200331P00304000,304.0,0,0.0,0.0,,0.0,normalDay
2020-03-17,2438.0,-4650.0,0.0,0,252.8,0.0,1,7.82,54.32,SPY200331P00304000,304.0,0,0.0,0.0,,0.0,normalDay
2020-03-18,2438.0,-5867.0,0.0,0,240.0,0.0,1,7.82,66.49,SPY200331P00304000,304.0,0,0.0,0.0,,0.0,normalDay
2020-03-19,2438.0,-5825.0,0.0,0,240.51,0.0,1,7.82,66.07,SPY200331P00304000,304.0,0,0.0,0.0,,0.0,normalDay
2020-03-20,2438.0,-6767.0,0.0,0,228.8,0.0,1,7.82,75.49,SPY200331P00304000,304.0,0,0.0,0.0,,0.0,normalDay
2020-03-23,2438.0,-7557.0,0.0,0,222.95,0.0,1,7.82,83.39,SPY200331P00304000,304.0,0,0.0,0.0,,0.0,normalDay
2020-03-24,2438.0,-5415.0,0.0,0,243.15,0.0,1,7.82,61.97,SPY200331P00304000,304.0,0,0.0,0.0,,0.0,normalDay
2020-03-25,2438.0,-4935.0,0.0,0,246.79,0.0,1,7.82,57.17,SPY200331P00304000,304.0,0,0.0,0.0,,0.0,normalDay
2020-03-26,2438.0,-3582.0,0.0,0,261.2,0.0,1,7.82,43.64,SPY200331P00304000,304.0,0,0.0,0.0,,0.0,normalDay
2020-03-27,2438.0,-4363.0,0.0,0,253.42,0.0,1,7.82,51.45,SPY200331P00304000,304.0,0,0.0,0.0,,0.0,normalDay
2020-03-30,2438.0,-3557.0,0.0,0,261.65,0.0,1,7.82,43.39,SPY200331P00304000,304.0,0,0.0,0.0,,0.0,normalDay
2020-03-31,3220.0,-4625.0,782.0,100,257.75,304.0,1,7.82,0.0,SPY200331P00304000,304.0,0,0.0,0.0,,0.0,expirationDay
2020-04-01,3220.0,-5794.0,0.0,100,246.15,304.0,0,0.0,0.0,,0.0,1,2.69,2.78,SPY200420C00266000,266.0,normalDay
2020-04-02,3220.0,-5307.0,0.0,100,251.83,304.0,0,0.0,0.0,,0.0,1,2.69,3.59,SPY200420C00266000,266.0,normalDay
2020-04-03,3220.0,-5474.0,0.0,100,248.19,304.0,0,0.0,0.0,,0.0,1,2.69,1.62,SPY200420C00266000,266.0,normalDay
2020-04-06,3220.0,-4396.0,0.0,100,264.86,304.0,0,0.0,0.0,,0.0,1,2.69,7.51,SPY200420C00266000,266.0,normalDay
2020-04-07,3220.0,-4363.0,0.0,100,265.13,304.0,0,0.0,0.0,,0.0,1,2.69,7.45,SPY200420C00266000,266.0,normalDay
2020-04-08,3220.0,-3999.0,0.0,100,274.03,304.0,0,0.0,0.0,,0.0,1,2.69,12.71,SPY200420C00266000,266.0,normalDay
2020-04-09,3220.0,-3873.0,0.0,100,278.2,304.0,0,0.0,0.0,,0.0,1,2.69,15.62,SPY200420C00266000,266.0,normalDay
2020-04-13,3220.0,-3789.0,0.0,100,275.66,304.0,0,0.0,0.0,,0.0,1,2.69,12.24,SPY200420C00266000,266.0,normalDay
2020-04-14,3220.0,-3640.0,0.0,100,283.79,304.0,0,0.0,0.0,,0.0,1,2.69,18.88,SPY200420C00266000,266.0,normalDay
2020-04-15,3220.0,-3655.0,0.0,100,277.76,304.0,0,0.0,0.0,,0.0,1,2.69,13.0,SPY200420C00266000,266.0,normalDay
2020-04-16,3220.0,-3611.0,0.0,100,279.1,304.0,0,0.0,0.0,,0.0,1,2.69,13.9,SPY200420C00266000,266.0,normalDay
2020-04-17,3220.0,-3574.0,0.0,100,286.64,304.0,0,0.0,0.0,,0.0,1,2.69,21.07,SPY200420C00266000,266.0,normalDay
2020-04-20,-311.0,-3574.0,-3531.0,0,281.59,0.0,0,0.0,0.0,,0.0,1,2.69,0.0,SPY200420C00266000,266.0,expirationDay
2020-04-21,-311.0,-14.0,0.0,0,273.04,0.0,1,17.85,17.99,SPY200821P00257000,257.0,0,0.0,0.0,,0.0,normalDay
2020-04-22,-311.0,226.0,0.0,0,279.1,0.0,1,17.85,15.59,SPY200821P00257000,257.0,0,0.0,0.0,,0.0,normalDay
2020-04-23,-311.0,248.0,0.0,0,279.08,0.0,1,17.85,15.37,SPY200821P00257000,257.0,0,0.0,0.0,,0.0,normalDay
2020-04-24,-311.0,477.0,0.0,0,282.97,0.0,1,17.85,13.08,SPY200821P00257000,257.0,0,0.0,0.0,,0.0,normalDay
2020-04-27,-311.0,700.0,0.0,0,287.05,0.0,1,17.85,10.85,SPY200821P00257000,257.0,0,0.0,0.0,,0.0,normalDay
2020-04-28,-311.0,687.0,0.0,0,285.73,0.0,1,17.85,10.98,SPY200821P00257000,257.0,0,0.0,0.0,,0.0,normalDay
2020-04-29,-311.0,907.0,0.0,0,293.21,0.0,1,17.85,8.78,SPY200821P00257000,257.0,0,0.0,0.0,,0.0,normalDay
2020-04-30,-311.0,775.0,0.0,0,290.48,0.0,1,17.85,10.1,SPY200821P00257000,257.0,0,0.0,0.0,,0.0,normalDay
2020-05-01,-311.0,547.0,0.0,0,282.79,0.0,1,17.85,12.38,SPY200821P00257000,257.0,0,0.0,0.0,,0.0,normalDay
2020-05-04,-311.0,614.0,0.0,0,283.57,0.0,1,17.85,11.71,SPY200821P00257000,257.0,0,0.0,0.0,,0.0,normalDay
2020-05-05,-311.0,741.0,0.0,0,286.19,0.0,1,17.85,10.44,SPY200821P00257000,257.0,0,0.0,0.0,,0.0,normalDay
2020-05-06,-311.0,698.0,0.0,0,284.25,0.0,1,17.85,10.87,SPY200821P00257000,257.0,0,0.0,0.0,,0.0,normalDay
2020-05-07,-311.0,842.0,0.0,0,287.68,0.0,1,17.85,9.43,SPY200821P00257000,257.0,0,0.0,0.0,,0.0,normalDay
2020-05-08,-311.0,1035.0,0.0,0,292.44,0.0,1,17.85,7.5,SPY200821P00257000,257.0,0,0.0,0.0,,0.0,normalDay
2020-05-11,-311.0,1089.0,0.0,0,292.5,0.0,1,17.85,6.96,SPY200821P00257000,257.0,0,0.0,0.0,,0.0,normalDay
2020-05-12,-311.0,870.0,0.0,0,286.67,0.0,1,17.85,9.15,SPY200821P00257000,257.0,0,0.0,0.0,,0.0,normalDay
2020-05-13,-311.0,739.0,0.0,0,281.6,0.0,1,17.85,10.46,SPY200821P00257000,257.0,0,0.0,0.0,,0.0,normalDay
2020-05-14,-311.0,862.0,0.0,0,284.97,0.0,1,17.85,9.23,SPY200821P00257000,257.0,0,0.0,0.0,,0.0,normalDay
2020-05-15,-311.0,893.0,0.0,0,286.28,0.0,1,17.85,8.92,SPY200821P00257000,257.0,0,0.0,0.0,,0.0,normalDay
2020-05-18,-311.0,1143.0,0.0,0,295.0,0.0,1,17.85,6.42,SPY200821P00257000,257.0,0,0.0,0.0,,0.0,normalDay
2020-05-19,-311.0,1089.0,0.0,0,291.97,0.0,1,17.85,6.96,SPY200821P00257000,257.0,0,0.0,0.0,,0.0,normalDay
2020-05-20,-311.0,1227.0,0.0,0,296.93,0.0,1,17.85,5.58,SPY200821P00257000,257.0,0,0.0,0.0,,0.0,normalDay
2020-05-21,-311.0,1163.0,0.0,0,294.88,0.0,1,17.85,6.22,SPY200821P00257000,257.0,0,0.0,0.0,,0.0,normalDay
2020-05-22,-311.0,1195.0,0.0,0,295.44,0.0,1,17.85,5.9,SPY200821P00257000,257.0,0,0.0,0.0,,0.0,normalDay
2020-05-26,-311.0,1282.0,0.0,0,299.08,0.0,1,17.85,5.03,SPY200821P00257000,257.0,0,0.0,0.0,,0.0,normalDay
2020-05-27,-311.0,1352.0,0.0,0,303.53,0.0,1,17.85,4.33,SPY200821P00257000,257.0,0,0.0,0.0,,0.0,normalDay
2020-05-28,-311.0,1336.0,0.0,0,302.97,0.0,1,17.85,4.49,SPY200821P00257000,257.0,0,0.0,0.0,,0.0,normalDay
2020-05-29,-311.0,1378.0,0.0,0,304.32,0.0,1,17.85,4.07,SPY200821P00257000,257.0,0,0.0,0.0,,0.0,normalDay
2020-06-01,-311.0,1379.0,0.0,0,305.55,0.0,1,17.85,4.06,SPY200821P00257000,257.0,0,0.0,0.0,,0.0,normalDay
2020-06-02,-311.0,1433.0,0.0,0,308.08,0.0,1,17.85,3.52,SPY200821P00257000,257.0,0,0.0,0.0,,0.0,normalDay
2020-06-03,-311.0,1495.0,0.0,0,312.18,0.0,1,17.85,2.9,SPY200821P00257000,257.0,0,0.0,0.0,,0.0,normalDay
2020-06-04,-311.0,1499.0,0.0,0,311.36,0.0,1,17.85,2.86,SPY200821P00257000,257.0,0,0.0,0.0,,0.0,normalDay
2020-06-05,-311.0,1575.0,0.0,0,319.34,0.0,1,17.85,2.1,SPY200821P00257000,257.0,0,0.0,0.0,,0.0,normalDay
2020-06-08,-311.0,1587.0,0.0,0,323.2,0.0,1,17.85,1.98,SPY200821P00257000,257.0,0,0.0,0.0,,0.0,normalDay
2020-06-09,-311.0,1551.0,0.0,0,320.79,0.0,1,17.85,2.34,SPY200821P00257000,257.0,0,0.0,0.0,,0.0,normalDay
2020-06-10,-311.0,1536.0,0.0,0,319.0,0.0,1,17.85,2.49,SPY200821P00257000,257.0,0,0.0,0.0,,0.0,normalDay
2020-06-11,-311.0,1119.0,0.0,0,300.61,0.0,1,17.85,6.66,SPY200821P00257000,257.0,0,0.0,0.0,,0.0,normalDay
2020-06-12,-311.0,1240.0,0.0,0,304.21,0.0,1,17.85,5.45,SPY200821P00257000,257.0,0,0.0,0.0,,0.0,normalDay
2020-06-15,-311.0,1333.0,0.0,0,307.05,0.0,1,17.85,4.52,SPY200821P00257000,257.0,0,0.0,0.0,,0.0,normalDay
2020-06-16,-311.0,1398.0,0.0,0,312.96,0.0,1,17.85,3.87,SPY200821P00257000,257.0,0,0.0,0.0,,0.0,normalDay
2020-06-17,-311.0,1406.0,0.0,0,311.66,0.0,1,17.85,3.79,SPY200821P00257000,257.0,0,0.0,0.0,,0.0,normalDay
2020-06-18,-311.0,1432.0,0.0,0,311.78,0.0,1,17.85,3.53,SPY200821P00257000,257.0,0,0.0,0.0,,0.0,normalDay
2020-06-19,-311.0,1383.0,0.0,0,308.64,0.0,1,17.85,4.02,SPY200821P00257000,257.0,0,0.0,0.0,,0.0,normalDay
2020-06-22,-311.0,1489.0,0.0,0,310.62,0.0,1,17.85,2.96,SPY200821P00257000,257.0,0,0.0,0.0,,0.0,normalDay
2020-06-23,-311.0,1512.0,0.0,0,312.05,0.0,1,17.85,2.73,SPY200821P00257000,257.0,0,0.0,0.0,,0.0,normalDay
2020-06-24,-311.0,1433.0,0.0,0,304.09,0.0,1,17.85,3.52,SPY200821P00257000,257.0,0,0.0,0.0,,0.0,normalDay
2020-06-25,-311.0,1504.0,0.0,0,307.35,0.0,1,17.85,2.81,SPY200821P00257000,257.0,0,0.0,0.0,,0.0,normalDay
2020-06-26,-311.0,1418.0,0.0,0,300.05,0.0,1,17.85,3.67,SPY200821P00257000,257.0,0,0.0,0.0,,0.0,normalDay
2020-06-29,-311.0,1512.0,0.0,0,304.46,0.0,1,17.85,2.73,SPY200821P00257000,257.0,0,0.0,0.0,,0.0,normalDay
2020-06-30,-311.0,1578.0,0.0,0,308.36,0.0,1,17.85,2.07,SPY200821P00257000,257.0,0,0.0,0.0,,0.0,normalDay
2020-07-01,-311.0,1611.0,0.0,0,310.52,0.0,1,17.85,1.74,SPY200821P00257000,257.0,0,0.0,0.0,,0.0,normalDay
2020-07-02,-311.0,1634.0,0.0,0,312.23,0.0,1,17.85,1.51,SPY200821P00257000,257.0,0,0.0,0.0,,0.0,normalDay
2020-07-06,-311.0,1664.0,0.0,0,317.05,0.0,1,17.85,1.21,SPY200821P00257000,257.0,0,0.0,0.0,,0.0,normalDay
2020-07-07,-311.0,1641.0,0.0,0,313.78,0.0,1,17.85,1.44,SPY200821P00257000,257.0,0,0.0,0.0,,0.0,normalDay
2020-07-08,-311.0,1669.0,0.0,0,316.18,0.0,1,17.85,1.16,SPY200821P00257000,257.0,0,0.0,0.0,,0.0,normalDay
2020-07-09,-311.0,1658.0,0.0,0,314.38,0.0,1,17.85,1.27,SPY200821P00257000,257.0,0,0.0,0.0,,0.0,normalDay
2020-07-10,-311.0,1686.0,0.0,0,317.59,0.0,1,17.85,0.99,SPY200821P00257000,257.0,0,0.0,0.0,,0.0,normalDay
2020-07-13,-311.0,1636.0,0.0,0,314.84,0.0,1,17.85,1.49,SPY200821P00257000,257.0,0,0.0,0.0,,0.0,normalDay
2020-07-14,-311.0,1683.0,0.0,0,318.92,0.0,1,17.85,1.02,SPY200821P00257000,257.0,0,0.0,0.0,,0.0,normalDay
2020-07-15,-311.0,1711.0,0.0,0,321.85,0.0,1,17.85,0.74,SPY200821P00257000,257.0,0,0.0,0.0,,0.0,normalDay
2020-07-16,-311.0,1709.0,0.0,0,320.79,0.0,1,17.85,0.76,SPY200821P00257000,257.0,0,0.0,0.0,,0.0,normalDay
2020-07-17,-311.0,1732.0,0.0,0,321.72,0.0,1,17.85,0.53,SPY200821P00257000,257.0,0,0.0,0.0,,0.0,normalDay
2020-07-20,-311.0,1746.0,0.0,0,324.32,0.0,1,17.85,0.39,SPY200821P00257000,257.0,0,0.0,0.0,,0.0,normalDay
2020-07-21,-311.0,1745.0,0.0,0,325.01,0.0,1,17.85,0.4,SPY200821P00257000,257.0,0,0.0,0.0,,0.0,normalDay
2020-07-22,-311.0,1748.0,0.0,0,326.86,0.0,1,17.85,0.37,SPY200821P00257000,257.0,0,0.0,0.0,,0.0,normalDay
2020-07-23,-311.0,1739.0,0.0,0,322.96,0.0,1,17.85,0.46,SPY200821P00257000,257.0,0,0.0,0.0,,0.0,normalDay
2020-07-24,-311.0,1747.0,0.0,0,320.88,0.0,1,17.85,0.38,SPY200821P00257000,257.0,0,0.0,0.0,,0.0,normalDay
2020-07-27,-311.0,1758.0,0.0,0,323.22,0.0,1,17.85,0.27,SPY200821P00257000,257.0,0,0.0,0.0,,0.0,normalDay
2020-07-28,-311.0,1757.0,0.0,0,321.17,0.0,1,17.85,0.28,SPY200821P00257000,257.0,0,0.0,0.0,,0.0,normalDay
2020-07-29,-311.0,1764.0,0.0,0,325.12,0.0,1,17.85,0.21,SPY200821P00257000,257.0,0,0.0,0.0,,0.0,normalDay
2020-07-30,-311.0,1764.0,0.0,0,323.96,0.0,1,17.85,0.21,SPY200821P00257000,257.0,0,0.0,0.0,,0.0,normalDay
2020-07-31,-311.0,1768.0,0.0,0,326.52,0.0,1,17.85,0.17,SPY200821P00257000,257.0,0,0.0,0.0,,0.0,normalDay
2020-08-03,-311.0,1772.0,0.0,0,328.79,0.0,1,17.85,0.13,SPY200821P00257000,257.0,0,0.0,0.0,,0.0,normalDay
2020-08-04,-311.0,1774.0,0.0,0,330.06,0.0,1,17.85,0.11,SPY200821P00257000,257.0,0,0.0,0.0,,0.0,normalDay
2020-08-05,-311.0,1777.0,0.0,0,332.11,0.0,1,17.85,0.08,SPY200821P00257000,257.0,0,0.0,0.0,,0.0,normalDay
2020-08-06,-311.0,1777.0,0.0,0,334.33,0.0,1,17.85,0.08,SPY200821P00257000,257.0,0,0.0,0.0,,0.0,normalDay
2020-08-07,-311.0,1779.0,0.0,0,334.57,0.0,1,17.85,0.06,SPY200821P00257000,257.0,0,0.0,0.0,,0.0,normalDay
2020-08-10,-311.0,1781.0,0.0,0,335.57,0.0,1,17.85,0.04,SPY200821P00257000,257.0,0,0.0,0.0,,0.0,normalDay
2020-08-11,-311.0,1780.0,0.0,0,332.8,0.0,1,17.85,0.05,SPY200821P00257000,257.0,0,0.0,0.0,,0.0,normalDay
2020-08-12,-311.0,1782.0,0.0,0,337.44,0.0,1,17.85,0.03,SPY200821P00257000,257.0,0,0.0,0.0,,0.0,normalDay
2020-08-13,-311.0,1782.0,0.0,0,336.83,0.0,1,17.85,0.03,SPY200821P00257000,257.0,0,0.0,0.0,,0.0,normalDay
2020-08-14,-311.0,1783.0,0.0,0,336.84,0.0,1,17.85,0.02,SPY200821P00257000,257.0,0,0.0,0.0,,0.0,normalDay
2020-08-17,-311.0,1784.0,0.0,0,337.91,0.0,1,17.85,0.01,SPY200821P00257000,257.0,0,0.0,0.0,,0.0,normalDay
2020-08-18,-311.0,1784.0,0.0,0,338.64,0.0,1,17.85,0.01,SPY200821P00257000,257.0,0,0.0,0.0,,0.0,normalDay
2020-08-19,-311.0,1784.0,0.0,0,337.23,0.0,1,17.85,0.01,SPY200821P00257000,257.0,0,0.0,0.0,,0.0,normalDay
2020-08-20,-311.0,1784.0,0.0,0,338.28,0.0,1,17.85,0.01,SPY200821P00257000,257.0,0,0.0,0.0,,0.0,normalDay
2020-08-21,1474.0,0.0,1785.0,0,339.48,0.0,1,17.85,0.0,SPY200821P00257000,257.0,0,0.0,0.0,,0.0,expirationDay
2020-08-24,1474.0,-9.0,0.0,0,342.92,0.0,1,14.68,14.77,SPY201231P00330000,330.0,0,0.0,0.0,,0.0,normalDay
2020-08-25,1474.0,38.0,0.0,0,344.12,0.0,1,14.68,14.3,SPY201231P00330000,330.0,0,0.0,0.0,,0.0,normalDay
2020-08-26,1474.0,85.0,0.0,0,347.57,0.0,1,14.68,13.83,SPY201231P00330000,330.0,0,0.0,0.0,,0.0,normalDay
2020-08-27,1474.0,77.0,0.0,0,348.33,0.0,1,14.68,13.91,SPY201231P00330000,330.0,0,0.0,0.0,,0.0,normalDay
2020-08-28,1474.0,153.0,0.0,0,350.58,0.0,1,14.68,13.15,SPY201231P00330000,330.0,0,0.0,0.0,,0.0,normalDay
2020-08-31,1474.0,31.0,0.0,0,349.31,0.0,1,14.68,14.37,SPY201231P00330000,330.0,0,0.0,0.0,,0.0,normalDay
2020-09-01,1474.0,88.0,0.0,0,352.6,0.0,1,14.68,13.8,SPY201231P00330000,330.0,0,0.0,0.0,,0.0,normalDay
2020-09-02,1474.0,144.0,0.0,0,357.7,0.0,1,14.68,13.24,SPY201231P00330000,330.0,0,0.0,0.0,,0.0,normalDay
2020-09-03,1474.0,-283.0,0.0,0,345.39,0.0,1,14.68,17.51,SPY201231P00330000,330.0,0,0.0,0.0,,0.0,normalDay
2020-09-04,1474.0,-306.0,0.0,0,342.57,0.0,1,14.68,17.74,SPY201231P00330000,330.0,0,0.0,0.0,,0.0,normalDay
2020-09-08,1474.0,-539.0,0.0,0,333.21,0.0,1,14.68,20.07,SPY201231P00330000,330.0,0,0.0,0.0,,0.0,normalDay
2020-09-09,1474.0,-235.0,0.0,0,339.79,0.0,1,14.68,17.03,SPY201231P00330000,330.0,0,0.0,0.0,,0.0,normalDay
2020-09-10,1474.0,-446.0,0.0,0,333.89,0.0,1,14.68,19.14,SPY201231P00330000,330.0,0,0.0,0.0,,0.0,normalDay
2020-09-11,1474.0,-387.0,0.0,0,334.06,0.0,1,14.68,18.55,SPY201231P00330000,330.0,0,0.0,0.0,,0.0,normalDay
2020-09-14,1474.0,-134.0,0.0,0,338.46,0.0,1,14.68,16.02,SPY201231P00330000,330.0,0,0.0,0.0,,0.0,normalDay
2020-09-15,1474.0,-61.0,0.0,0,340.17,0.0,1,14.68,15.29,SPY201231P00330000,330.0,0,0.0,0.0,,0.0,normalDay
2020-09-16,1474.0,-124.0,0.0,0,338.82,0.0,1,14.68,15.92,SPY201231P00330000,330.0,0,0.0,0.0,,0.0,normalDay
2020-09-17,1474.0,-221.0,0.0,0,335.84,0.0,1,14.68,16.89,SPY201231P00330000,330.0,0,0.0,0.0,,0.0,normalDay
2020-09-18,1474.0,-357.0,0.0,0,330.65,0.0,1,14.68,18.25,SPY201231P00330000,330.0,0,0.0,0.0,,0.0,normalDay
2020-09-21,1474.0,-525.0,0.0,0,326.97,0.0,1,14.68,19.93,SPY201231P00330000,330.0,0,0.0,0.0,,0.0,normalDay
2020-09-22,1474.0,-426.0,0.0,0,330.3,0.0,1,14.68,18.94,SPY201231P00330000,330.0,0,0.0,0.0,,0.0,normalDay
2020-09-23,1474.0,-808.0,0.0,0,322.64,0.0,1,14.68,22.76,SPY201231P00330000,330.0,0,0.0,0.0,,0.0,normalDay
2020-09-24,1474.0,-727.0,0.0,0,323.5,0.0,1,14.68,21.95,SPY201231P00330000,330.0,0,0.0,0.0,,0.0,normalDay
2020-09-25,1474.0,-465.0,0.0,0,328.73,0.0,1,14.68,19.33,SPY201231P00330000,330.0,0,0.0,0.0,,0.0,normalDay
2020-09-28,1474.0,-226.0,0.0,0,334.19,0.0,1,14.68,16.94,SPY201231P00330000,330.0,0,0.0,0.0,,0.0,normalDay
2020-09-29,1474.0,-242.0,0.0,0,332.37,0.0,1,14.68,17.1,SPY201231P00330000,330.0,0,0.0,0.0,,0.0,normalDay
2020-09-30,1474.0,-219.0,0.0,0,334.89,0.0,1,14.68,16.87,SPY201231P00330000,330.0,0,0.0,0.0,,0.0,normalDay
2020-10-01,1474.0,-116.0,0.0,0,337.04,0.0,1,14.68,15.84,SPY201231P00330000,330.0,0,0.0,0.0,,0.0,normalDay
2020-10-02,1474.0,-249.0,0.0,0,333.84,0.0,1,14.68,17.17,SPY201231P00330000,330.0,0,0.0,0.0,,0.0,normalDay
2020-10-05,1474.0,21.0,0.0,0,339.76,0.0,1,14.68,14.47,SPY201231P00330000,330.0,0,0.0,0.0,,0.0,normalDay
2020-10-06,1474.0,-130.0,0.0,0,334.93,0.0,1,14.68,15.98,SPY201231P00330000,330.0,0,0.0,0.0,,0.0,normalDay
2020-10-07,1474.0,131.0,0.0,0,340.76,0.0,1,14.68,13.37,SPY201231P00330000,330.0,0,0.0,0.0,,0.0,normalDay
2020-10-08,1474.0,291.0,0.0,0,343.78,0.0,1,14.68,11.77,SPY201231P00330000,330.0,0,0.0,0.0,,0.0,normalDay
2020-10-09,1474.0,471.0,0.0,0,346.85,0.0,1,14.68,9.97,SPY201231P00330000,330.0,0,0.0,0.0,,0.0,normalDay
2020-10-12,1474.0,628.0,0.0,0,352.43,0.0,1,14.68,8.4,SPY201231P00330000,330.0,0,0.0,0.0,,0.0,normalDay
2020-10-13,1474.0,560.0,0.0,0,350.13,0.0,1,14.68,9.08,SPY201231P00330000,330.0,0,0.0,0.0,,0.0,normalDay
2020-10-14,1474.0,519.0,0.0,0,347.93,0.0,1,14.68,9.49,SPY201231P00330000,330.0,0,0.0,0.0,,0.0,normalDay
2020-10-15,1474.0,503.0,0.0,0,347.5,0.0,1,14.68,9.65,SPY201231P00330000,330.0,0,0.0,0.0,,0.0,normalDay
2020-10-16,1474.0,467.0,0.0,0,347.29,0.0,1,14.68,10.01,SPY201231P00330000,330.0,0,0.0,0.0,,0.0,normalDay
2020-10-19,1474.0,316.0,0.0,0,342.01,0.0,1,14.68,11.52,SPY201231P00330000,330.0,0,0.0,0.0,,0.0,normalDay
2020-10-20,1474.0,341.0,0.0,0,343.38,0.0,1,14.68,11.27,SPY201231P00330000,330.0,0,0.0,0.0,,0.0,normalDay
2020-10-21,1474.0,388.0,0.0,0,342.73,0.0,1,14.68,10.8,SPY201231P00330000,330.0,0,0.0,0.0,,0.0,normalDay
2020-10-22,1474.0,447.0,0.0,0,344.61,0.0,1,14.68,10.21,SPY201231P00330000,330.0,0,0.0,0.0,,0.0,normalDay
2020-10-23,1474.0,488.0,0.0,0,345.78,0.0,1,14.68,9.8,SPY201231P00330000,330.0,0,0.0,0.0,,0.0,normalDay
2020-10-26,1474.0,206.0,0.0,0,339.39,0.0,1,14.68,12.62,SPY201231P00330000,330.0,0,0.0,0.0,,0.0,normalDay
2020-10-27,1474.0,170.0,0.0,0,338.22,0.0,1,14.68,12.98,SPY201231P00330000,330.0,0,0.0,0.0,,0.0,normalDay
2020-10-28,1474.0,-519.0,0.0,0,326.66,0.0,1,14.68,19.87,SPY201231P00330000,330.0,0,0.0,0.0,,0.0,normalDay
2020-10-29,1474.0,-200.0,0.0,0,329.98,0.0,1,14.68,16.68,SPY201231P00330000,330.0,0,0.0,0.0,,0.0,normalDay
2020-10-30,1474.0,-367.0,0.0,0,326.54,0.0,1,14.68,18.35,SPY201231P00330000,330.0,0,0.0,0.0,,0.0,normalDay
2020-11-02,1474.0,-123.0,0.0,0,330.2,0.0,1,14.68,15.91,SPY201231P00330000,330.0,0,0.0,0.0,,0.0,normalDay
2020-11-03,1474.0,128.0,0.0,0,336.03,0.0,1,14.68,13.4,SPY201231P00330000,330.0,0,0.0,0.0,,0.0,normalDay
2020-11-04,1474.0,548.0,0.0,0,343.54,0.0,1,14.68,9.2,SPY201231P00330000,330.0,0,0.0,0.0,,0.0,normalDay
2020-11-05,1474.0,747.0,0.0,0,350.24,0.0,1,14.68,7.21,SPY201231P00330000,330.0,0,0.0,0.0,,0.0,normalDay
2020-11-06,1474.0,832.0,0.0,0,350.16,0.0,1,14.68,6.36,SPY201231P00330000,330.0,0,0.0,0.0,,0.0,normalDay
2020-11-09,1474.0,971.0,0.0,0,354.56,0.0,1,14.68,4.97,SPY201231P00330000,330.0,0,0.0,0.0,,0.0,normalDay
2020-11-10,1474.0,987.0,0.0,0,354.04,0.0,1,14.68,4.81,SPY201231P00330000,330.0,0,0.0,0.0,,0.0,normalDay
2020-11-11,1474.0,1063.0,0.0,0,356.67,0.0,1,14.68,4.05,SPY201231P00330000,330.0,0,0.0,0.0,,0.0,normalDay
2020-11-12,1474.0,969.0,0.0,0,353.21,0.0,1,14.68,4.99,SPY201231P00330000,330.0,0,0.0,0.0,,0.0,normalDay
2020-11-13,1474.0,1092.0,0.0,0,358.1,0.0,1,14.68,3.76,SPY201231P00330000,330.0,0,0.0,0.0,,0.0,normalDay
2020-11-16,1474.0,1177.0,0.0,0,362.57,0.0,1,14.68,2.91,SPY201231P00330000,330.0,0,0.0,0.0,,0.0,normalDay
2020-11-17,1474.0,1167.0,0.0,0,360.62,0.0,1,14.68,3.01,SPY201231P00330000,330.0,0,0.0,0.0,,0.0,normalDay
2020-11-18,1474.0,1112.0,0.0,0,356.28,0.0,1,14.68,3.56,SPY201231P00330000,330.0,0,0.0,0.0,,0.0,normalDay
2020-11-19,1474.0,1157.0,0.0,0,357.78,0.0,1,14.68,3.11,SPY201231P00330000,330.0,0,0.0,0.0,,0.0,normalDay
2020-11-20,1474.0,1117.0,0.0,0,355.33,0.0,1,14.68,3.51,SPY201231P00330000,330.0,0,0.0,0.0,,0.0,normalDay
2020-11-23,1474.0,1188.0,0.0,0,357.46,0.0,1,14.68,2.8,SPY201231P00330000,330.0,0,0.0,0.0,,0.0,normalDay
2020-11-24,1474.0,1269.0,0.0,0,363.22,0.0,1,14.68,1.99,SPY201231P00330000,330.0,0,0.0,0.0,,0.0,normalDay
2020-11-25,1474.0,1278.0,0.0,0,362.66,0.0,1,14.68,1.9,SPY201231P00330000,330.0,0,0.0,0.0,,0.0,normalDay
2020-11-27,1474.0,1308.0,0.0,0,363.67,0.0,1,14.68,1.6,SPY201231P00330000,330.0,0,0.0,0.0,,0.0,normalDay
2020-11-30,1474.0,1325.0,0.0,0,362.06,0.0,1,14.68,1.43,SPY201231P00330000,330.0,0,0.0,0.0,,0.0,normalDay
2020-12-01,1474.0,1344.0,0.0,0,366.02,0.0,1,14.68,1.24,SPY201231P00330000,330.0,0,0.0,0.0,,0.0,normalDay
2020-12-02,1474.0,1352.0,0.0,0,366.79,0.0,1,14.68,1.16,SPY201231P00330000,330.0,0,0.0,0.0,,0.0,normalDay
2020-12-03,1474.0,1352.0,0.0,0,366.69,0.0,1,14.68,1.16,SPY201231P00330000,330.0,0,0.0,0.0,,0.0,normalDay
2020-12-04,1474.0,1383.0,0.0,0,369.85,0.0,1,14.68,0.85,SPY201231P00330000,330.0,0,0.0,0.0,,0.0,normalDay
2020-12-07,1474.0,1392.0,0.0,0,369.09,0.0,1,14.68,0.76,SPY201231P00330000,330.0,0,0.0,0.0,,0.0,normalDay
2020-12-08,1474.0,1409.0,0.0,0,370.17,0.0,1,14.68,0.59,SPY201231P00330000,330.0,0,0.0,0.0,,0.0,normalDay
2020-12-09,1474.0,1387.0,0.0,0,366.85,0.0,1,14.68,0.81,SPY201231P00330000,330.0,0,0.0,0.0,,0.0,normalDay
2020-12-10,1474.0,1390.0,0.0,0,366.73,0.0,1,14.68,0.78,SPY201231P00330000,330.0,0,0.0,0.0,,0.0,normalDay
2020-12-11,1474.0,1388.0,0.0,0,366.3,0.0,1,14.68,0.8,SPY201231P00330000,330.0,0,0.0,0.0,,0.0,normalDay
2020-12-14,1474.0,1378.0,0.0,0,364.66,0.0,1,14.68,0.9,SPY201231P00330000,330.0,0,0.0,0.0,,0.0,normalDay
2020-12-15,1474.0,1413.0,0.0,0,369.59,0.0,1,14.68,0.55,SPY201231P00330000,330.0,0,0.0,0.0,,0.0,normalDay
2020-12-16,1474.0,1425.0,0.0,0,370.17,0.0,1,14.68,0.43,SPY201231P00330000,330.0,0,0.0,0.0,,0.0,normalDay
2020-12-17,1474.0,1433.0,0.0,0,372.24,0.0,1,14.68,0.35,SPY201231P00330000,330.0,0,0.0,0.0,,0.0,normalDay
2020-12-18,1474.0,1446.0,0.0,0,369.18,0.0,1,14.68,0.22,SPY201231P00330000,330.0,0,0.0,0.0,,0.0,normalDay
2020-12-21,1474.0,1439.0,0.0,0,367.86,0.0,1,14.68,0.29,SPY201231P00330000,330.0,0,0.0,0.0,,0.0,normalDay
2020-12-22,1474.0,1447.0,0.0,0,367.24,0.0,1,14.68,0.21,SPY201231P00330000,330.0,0,0.0,0.0,,0.0,normalDay
2020-12-23,1474.0,1454.0,0.0,0,367.57,0.0,1,14.68,0.14,SPY201231P00330000,330.0,0,0.0,0.0,,0.0,normalDay
2020-12-24,1474.0,1462.0,0.0,0,369.0,0.0,1,14.68,0.06,SPY201231P00330000,330.0,0,0.0,0.0,,0.0,normalDay
2020-12-28,1474.0,1466.0,0.0,0,372.17,0.0,1,14.68,0.02,SPY201231P00330000,330.0,0,0.0,0.0,,0.0,normalDay
2020-12-29,1474.0,1466.0,0.0,0,371.46,0.0,1,14.68,0.02,SPY201231P00330000,330.0,0,0.0,0.0,,0.0,normalDay
2020-12-30,1474.0,1467.0,0.0,0,371.99,0.0,1,14.68,0.01,SPY201231P00330000,330.0,0,0.0,0.0,,0.0,normalDay
2020-12-31,2942.0,0.0,1468.0,0,373.88,0.0,1,14.68,0.0,SPY201231P00330000,330.0,0,0.0,0.0,,0.0,expirationDay
2021-01-04,2942.0,-16.0,0.0,0,368.79,0.0,1,19.55,19.71,SPY210521P00368000,368.0,0,0.0,0.0,,0.0,normalDay
2021-01-05,2942.0,123.0,0.0,0,371.33,0.0,1,19.55,18.32,SPY210521P00368000,368.0,0,0.0,0.0,,0.0,normalDay
2021-01-06,2942.0,201.0,0.0,0,373.55,0.0,1,19.55,17.54,SPY210521P00368000,368.0,0,0.0,0.0,,0.0,normalDay
2021-01-07,2942.0,463.0,0.0,0,379.1,0.0,1,19.55,14.92,SPY210521P00368000,368.0,0,0.0,0.0,,0.0,normalDay
2021-01-08,2942.0,551.0,0.0,0,381.26,0.0,1,19.55,14.04,SPY210521P00368000,368.0,0,0.0,0.0,,0.0,normalDay
2021-01-11,2942.0,397.0,0.0,0,378.69,0.0,1,19.55,15.58,SPY210521P00368000,368.0,0,0.0,0.0,,0.0,normalDay
2021-01-12,2942.0,431.0,0.0,0,378.77,0.0,1,19.55,15.24,SPY210521P00368000,368.0,0,0.0,0.0,,0.0,normalDay
2021-01-13,2942.0,505.0,0.0,0,379.79,0.0,1,19.55,14.5,SPY210521P00368000,368.0,0,0.0,0.0,,0.0,normalDay
2021-01-14,2942.0,435.0,0.0,0,378.46,0.0,1,19.55,15.2,SPY210521P00368000,368.0,0,0.0,0.0,,0.0,normalDay
2021-01-15,2942.0,282.0,0.0,0,375.7,0.0,1,19.55,16.73,SPY210521P00368000,368.0,0,0.0,0.0,,0.0,normalDay
2021-01-19,2942.0,448.0,0.0,0,378.65,0.0,1,19.55,15.07,SPY210521P00368000,368.0,0,0.0,0.0,,0.0,normalDay
2021-01-20,2942.0,647.0,0.0,0,383.89,0.0,1,19.55,13.08,SPY210521P00368000,368.0,0,0.0,0.0,,0.0,normalDay
2021-01-21,2942.0,662.0,0.0,0,384.24,0.0,1,19.55,12.93,SPY210521P00368000,368.0,0,0.0,0.0,,0.0,normalDay
2021-01-22,2942.0,614.0,0.0,0,382.88,0.0,1,19.55,13.41,SPY210521P00368000,368.0,0,0.0,0.0,,0.0,normalDay
2021-01-25,2942.0,624.0,0.0,0,384.39,0.0,1,19.55,13.31,SPY210521P00368000,368.0,0,0.0,0.0,,0.0,normalDay
2021-01-26,2942.0,619.0,0.0,0,383.79,0.0,1,19.55,13.36,SPY210521P00368000,368.0,0,0.0,0.0,,0.0,normalDay
2021-01-27,2942.0,-18.0,0.0,0,374.41,0.0,1,19.55,19.73,SPY210521P00368000,368.0,0,0.0,0.0,,0.0,normalDay
2021-01-28,2942.0,230.0,0.0,0,377.63,0.0,1,19.55,17.25,SPY210521P00368000,368.0,0,0.0,0.0,,0.0,normalDay
2021-01-29,2942.0,-204.0,0.0,0,370.07,0.0,1,19.55,21.59,SPY210521P00368000,368.0,0,0.0,0.0,,0.0,normalDay
2021-02-01,2942.0,165.0,0.0,0,376.23,0.0,1,19.55,17.9,SPY210521P00368000,368.0,0,0.0,0.0,,0.0,normalDay
2021-02-02,2942.0,527.0,0.0,0,381.55,0.0,1,19.55,14.28,SPY210521P00368000,368.0,0,0.0,0.0,,0.0,normalDay
2021-02-03,2942.0,617.0,0.0,0,381.85,0.0,1,19.55,13.38,SPY210521P00368000,368.0,0,0.0,0.0,,0.0,normalDay
2021-02-04,2942.0,771.0,0.0,0,386.19,0.0,1,19.55,11.84,SPY210521P00368000,368.0,0,0.0,0.0,,0.0,normalDay
2021-02-05,2942.0,823.0,0.0,0,387.71,0.0,1,19.55,11.32,SPY210521P00368000,368.0,0,0.0,0.0,,0.0,normalDay
2021-02-08,2942.0,907.0,0.0,0,390.51,0.0,1,19.55,10.48,SPY210521P00368000,368.0,0,0.0,0.0,,0.0,normalDay
2021-02-09,2942.0,905.0,0.0,0,390.25,0.0,1,19.55,10.5,SPY210521P00368000,368.0,0,0.0,0.0,,0.0,normalDay
2021-02-10,2942.0,877.0,0.0,0,390.08,0.0,1,19.55,10.78,SPY210521P00368000,368.0,0,0.0,0.0,,0.0,normalDay
2021-02-11,2942.0,910.0,0.0,0,390.71,0.0,1,19.55,10.45,SPY210521P00368000,368.0,0,0.0,0.0,,0.0,normalDay
2021-02-12,2942.0,1009.0,0.0,0,392.64,0.0,1,19.55,9.46,SPY210521P00368000,368.0,0,0.0,0.0,,0.0,normalDay
2021-02-16,2942.0,996.0,0.0,0,392.3,0.0,1,19.55,9.59,SPY210521P00368000,368.0,0,0.0,0.0,,0.0,normalDay
2021-02-17,2942.0,1019.0,0.0,0,392.39,0.0,1,19.55,9.36,SPY210521P00368000,368.0,0,0.0,0.0,,0.0,normalDay
2021-02-18,2942.0,967.0,0.0,0,390.72,0.0,1,19.55,9.88,SPY210521P00368000,368.0,0,0.0,0.0,,0.0,normalDay
2021-02-19,2942.0,984.0,0.0,0,390.03,0.0,1,19.55,9.71,SPY210521P00368000,368.0,0,0.0,0.0,,0.0,normalDay
2021-02-22,2942.0,907.0,0.0,0,387.03,0.0,1,19.55,10.48,SPY210521P00368000,368.0,0,0.0,0.0,,0.0,normalDay
2021-02-23,2942.0,958.0,0.0,0,387.5,0.0,1,19.55,9.97,SPY210521P00368000,368.0,0,0.0,0.0,,0.0,normalDay
2021-02-24,2942.0,1114.0,0.0,0,391.77,0.0,1,19.55,8.41,SPY210521P00368000,368.0,0,0.0,0.0,,0.0,normalDay
2021-02-25,2942.0,714.0,0.0,0,382.33,0.0,1,19.55,12.41,SPY210521P00368000,368.0,0,0.0,0.0,,0.0,normalDay
2021-02-26,2942.0,719.0,0.0,0,380.36,0.0,1,19.55,12.36,SPY210521P00368000,368.0,0,0.0,0.0,,0.0,normalDay
2021-03-01,2942.0,1086.0,0.0,0,389.58,0.0,1,19.55,8.69,SPY210521P00368000,368.0,0,0.0,0.0,,0.0,normalDay
2021-03-02,2942.0,997.0,0.0,0,386.54,0.0,1,19.55,9.58,SPY210521P00368000,368.0,0,0.0,0.0,,0.0,normalDay
2021-03-03,2942.0,822.0,0.0,0,381.42,0.0,1,19.55,11.33,SPY210521P00368000,368.0,0,0.0,0.0,,0.0,normalDay
2021-03-04,2942.0,643.0,0.0,0,376.7,0.0,1,19.55,13.12,SPY210521P00368000,368.0,0,0.0,0.0,,0.0,normalDay
2021-03-05,2942.0,953.0,0.0,0,383.63,0.0,1,19.55,10.02,SPY210521P00368000,368.0,0,0.0,0.0,,0.0,normalDay
2021-03-08,2942.0,915.0,0.0,0,381.72,0.0,1,19.55,10.4,SPY210521P00368000,368.0,0,0.0,0.0,,0.0,normalDay
2021-03-09,2942.0,1091.0,0.0,0,387.17,0.0,1,19.55,8.64,SPY210521P00368000,368.0,0,0.0,0.0,,0.0,normalDay
2021-03-10,2942.0,1187.0,0.0,0,389.58,0.0,1,19.55,7.68,SPY210521P00368000,368.0,0,0.0,0.0,,0.0,normalDay
2021-03-11,2942.0,1281.0,0.0,0,393.53,0.0,1,19.55,6.74,SPY210521P00368000,368.0,0,0.0,0.0,,0.0,normalDay
2021-03-12,2942.0,1337.0,0.0,0,394.06,0.0,1,19.55,6.18,SPY210521P00368000,368.0,0,0.0,0.0,,0.0,normalDay
2021-03-15,2942.0,1429.0,0.0,0,396.41,0.0,1,19.55,5.26,SPY210521P00368000,368.0,0,0.0,0.0,,0.0,normalDay
2021-03-16,2942.0,1426.0,0.0,0,395.91,0.0,1,19.55,5.29,SPY210521P00368000,368.0,0,0.0,0.0,,0.0,normalDay
2021-03-17,2942.0,1483.0,0.0,0,397.26,0.0,1,19.55,4.72,SPY210521P00368000,368.0,0,0.0,0.0,,0.0,normalDay
2021-03-18,2942.0,1363.0,0.0,0,391.48,0.0,1,19.55,5.92,SPY210521P00368000,368.0,0,0.0,0.0,,0.0,normalDay
2021-03-19,2942.0,1361.0,0.0,0,389.48,0.0,1,19.55,5.94,SPY210521P00368000,368.0,0,0.0,0.0,,0.0,normalDay
2021-03-22,2942.0,1520.0,0.0,0,392.59,0.0,1,19.55,4.35,SPY210521P00368000,368.0,0,0.0,0.0,,0.0,normalDay
2021-03-23,2942.0,1440.0,0.0,0,389.5,0.0,1,19.55,5.15,SPY210521P00368000,368.0,0,0.0,0.0,,0.0,normalDay
2021-03-24,2942.0,1394.0,0.0,0,387.52,0.0,1,19.55,5.61,SPY210521P00368000,368.0,0,0.0,0.0,,0.0,normalDay
2021-03-25,2942.0,1480.0,0.0,0,389.7,0.0,1,19.55,4.75,SPY210521P00368000,368.0,0,0.0,0.0,,0.0,normalDay
2021-03-26,2942.0,1595.0,0.0,0,395.98,0.0,1,19.55,3.6,SPY210521P00368000,368.0,0,0.0,0.0,,0.0,normalDay
2021-03-29,2942.0,1574.0,0.0,0,395.78,0.0,1,19.55,3.81,SPY210521P00368000,368.0,0,0.0,0.0,,0.0,normalDay
2021-03-30,2942.0,1594.0,0.0,0,394.73,0.0,1,19.55,3.61,SPY210521P00368000,368.0,0,0.0,0.0,,0.0,normalDay
2021-03-31,2942.0,1635.0,0.0,0,396.33,0.0,1,19.55,3.2,SPY210521P00368000,368.0,0,0.0,0.0,,0.0,normalDay
2021-04-01,2942.0,1720.0,0.0,0,400.61,0.0,1,19.55,2.35,SPY210521P00368000,368.0,0,0.0,0.0,,0.0,normalDay
2021-04-05,2942.0,1779.0,0.0,0,406.36,0.0,1,19.55,1.76,SPY210521P00368000,368.0,0,0.0,0.0,,0.0,normalDay
2021-04-06,2942.0,1778.0,0.0,0,406.12,0.0,1,19.55,1.77,SPY210521P00368000,368.0,0,0.0,0.0,,0.0,normalDay
2021-04-07,2942.0,1800.0,0.0,0,406.59,0.0,1,19.55,1.55,SPY210521P00368000,368.0,0,0.0,0.0,,0.0,normalDay
2021-04-08,2942.0,1818.0,0.0,0,408.52,0.0,1,19.55,1.37,SPY210521P00368000,368.0,0,0.0,0.0,,0.0,normalDay
2021-04-09,2942.0,1831.0,0.0,0,411.49,0.0,1,19.55,1.24,SPY210521P00368000,368.0,0,0.0,0.0,,0.0,normalDay
2021-04-12,2942.0,1846.0,0.0,0,411.64,0.0,1,19.55,1.09,SPY210521P00368000,368.0,0,0.0,0.0,,0.0,normalDay
2021-04-13,2942.0,1860.0,0.0,0,412.86,0.0,1,19.55,0.95,SPY210521P00368000,368.0,0,0.0,0.0,,0.0,normalDay
2021-04-14,2942.0,1854.0,0.0,0,411.45,0.0,1,19.55,1.01,SPY210521P00368000,368.0,0,0.0,0.0,,0.0,normalDay
2021-04-15,2942.0,1875.0,0.0,0,415.87,0.0,1,19.55,0.8,SPY210521P00368000,368.0,0,0.0,0.0,,0.0,normalDay
2021-04-16,2942.0,1882.0,0.0,0,417.26,0.0,1,19.55,0.73,SPY210521P00368000,368.0,0,0.0,0.0,,0.0,normalDay
2021-04-19,2942.0,1878.0,0.0,0,415.21,0.0,1,19.55,0.77,SPY210521P00368000,368.0,0,0.0,0.0,,0.0,normalDay
2021-04-20,2942.0,1856.0,0.0,0,412.17,0.0,1,19.55,0.99,SPY210521P00368000,368.0,0,0.0,0.0,,0.0,normalDay
2021-04-21,2942.0,1888.0,0.0,0,416.07,0.0,1,19.55,0.67,SPY210521P00368000,368.0,0,0.0,0.0,,0.0,normalDay
2021-04-22,2942.0,1867.0,0.0,0,412.27,0.0,1,19.55,0.88,SPY210521P00368000,368.0,0,0.0,0.0,,0.0,normalDay
2021-04-23,2942.0,1902.0,0.0,0,416.74,0.0,1,19.55,0.53,SPY210521P00368000,368.0,0,0.0,0.0,,0.0,normalDay
2021-04-26,2942.0,1911.0,0.0,0,417.61,0.0,1,19.55,0.44,SPY210521P00368000,368.0,0,0.0,0.0,,0.0,normalDay
2021-04-27,2942.0,1915.0,0.0,0,417.52,0.0,1,19.55,0.4,SPY210521P00368000,368.0,0,0.0,0.0,,0.0,normalDay
2021-04-28,2942.0,1921.0,0.0,0,417.4,0.0,1,19.55,0.34,SPY210521P00368000,368.0,0,0.0,0.0,,0.0,normalDay
2021-04-29,2942.0,1922.0,0.0,0,420.06,0.0,1,19.55,0.33,SPY210521P00368000,368.0,0,0.0,0.0,,0.0,normalDay
2021-04-30,2942.0,1913.0,0.0,0,417.3,0.0,1,19.55,0.42,SPY210521P00368000,368.0,0,0.0,0.0,,0.0,normalDay
2021-05-03,2942.0,1920.0,0.0,0,418.2,0.0,1,19.55,0.35,SPY210521P00368000,368.0,0,0.0,0.0,,0.0,normalDay
2021-05-04,2942.0,1916.0,0.0,0,415.62,0.0,1,19.55,0.39,SPY210521P00368000,368.0,0,0.0,0.0,,0.0,normalDay
2021-05-05,2942.0,1918.0,0.0,0,415.75,0.0,1,19.55,0.37,SPY210521P00368000,368.0,0,0.0,0.0,,0.0,normalDay
2021-05-06,2942.0,1927.0,0.0,0,419.07,0.0,1,19.55,0.28,SPY210521P00368000,368.0,0,0.0,0.0,,0.0,normalDay
2021-05-07,2942.0,1933.0,0.0,0,422.12,0.0,1,19.55,0.22,SPY210521P00368000,368.0,0,0.0,0.0,,0.0,normalDay
2021-05-10,2942.0,1928.0,0.0,0,417.94,0.0,1,19.55,0.27,SPY210521P00368000,368.0,0,0.0,0.0,,0.0,normalDay
2021-05-11,2942.0,1925.0,0.0,0,414.21,0.0,1,19.55,0.3,SPY210521P00368000,368.0,0,0.0,0.0,,0.0,normalDay
2021-05-12,2942.0,1876.0,0.0,0,405.41,0.0,1,19.55,0.79,SPY210521P00368000,368.0,0,0.0,0.0,,0.0,normalDay
2021-05-13,2942.0,1925.0,0.0,0,410.28,0.0,1,19.55,0.3,SPY210521P00368000,368.0,0,0.0,0.0,,0.0,normalDay
2021-05-14,2942.0,1945.0,0.0,0,416.58,0.0,1,19.55,0.1,SPY210521P00368000,368.0,0,0.0,0.0,,0.0,normalDay
2021-05-17,2942.0,1950.0,0.0,0,415.52,0.0,1,19.55,0.05,SPY210521P00368000,368.0,0,0.0,0.0,,0.0,normalDay
2021-05-18,2942.0,1950.0,0.0,0,411.94,0.0,1,19.55,0.05,SPY210521P00368000,368.0,0,0.0,0.0,,0.0,normalDay
2021-05-19,2942.0,1951.0,0.0,0,410.86,0.0,1,19.55,0.04,SPY210521P00368000,368.0,0,0.0,0.0,,0.0,normalDay
2021-05-20,2942.0,1954.0,0.0,0,415.28,0.0,1,19.55,0.01,SPY210521P00368000,368.0,0,0.0,0.0,,0.0,normalDay
2021-05-21,4897.0,0.0,1955.0,0,414.94,0.0,1,19.55,0.0,SPY210521P00368000,368.0,0,0.0,0.0,,0.0,expirationDay
2021-05-24,4897.0,-12.0,0.0,0,419.17,0.0,1,15.29,15.41,SPY210930P00413000,413.0,0,0.0,0.0,,0.0,normalDay
2021-05-25,4897.0,-57.0,0.0,0,418.24,0.0,1,15.29,15.86,SPY210930P00413000,413.0,0,0.0,0.0,,0.0,normalDay
2021-05-26,4897.0,39.0,0.0,0,419.07,0.0,1,15.29,14.9,SPY210930P00413000,413.0,0,0.0,0.0,,0.0,normalDay
2021-05-27,4897.0,137.0,0.0,0,419.29,0.0,1,15.29,13.92,SPY210930P00413000,413.0,0,0.0,0.0,,0.0,normalDay
2021-05-28,4897.0,167.0,0.0,0,420.04,0.0,1,15.29,13.62,SPY210930P00413000,413.0,0,0.0,0.0,,0.0,normalDay
2021-06-01,4897.0,123.0,0.0,0,419.67,0.0,1,15.29,14.06,SPY210930P00413000,413.0,0,0.0,0.0,,0.0,normalDay
2021-06-02,4897.0,156.0,0.0,0,420.33,0.0,1,15.29,13.73,SPY210930P00413000,413.0,0,0.0,0.0,,0.0,normalDay
2021-06-03,4897.0,78.0,0.0,0,418.77,0.0,1,15.29,14.51,SPY210930P00413000,413.0,0,0.0,0.0,,0.0,normalDay
2021-06-04,4897.0,260.0,0.0,0,422.6,0.0,1,15.29,12.69,SPY210930P00413000,413.0,0,0.0,0.0,,0.0,normalDay
2021-06-07,4897.0,297.0,0.0,0,422.19,0.0,1,15.29,12.32,SPY210930P00413000,413.0,0,0.0,0.0,,0.0,normalDay
2021-06-08,4897.0,290.0,0.0,0,422.28,0.0,1,15.29,12.39,SPY210930P00413000,413.0,0,0.0,0.0,,0.0,normalDay
2021-06-09,4897.0,251.0,0.0,0,421.65,0.0,1,15.29,12.78,SPY210930P00413000,413.0,0,0.0,0.0,,0.0,normalDay
2021-06-10,4897.0,405.0,0.0,0,423.61,0.0,1,15.29,11.24,SPY210930P00413000,413.0,0,0.0,0.0,,0.0,normalDay
2021-06-11,4897.0,454.0,0.0,0,424.31,0.0,1,15.29,10.75,SPY210930P00413000,413.0,0,0.0,0.0,,0.0,normalDay
2021-06-14,4897.0,472.0,0.0,0,425.26,0.0,1,15.29,10.57,SPY210930P00413000,413.0,0,0.0,0.0,,0.0,normalDay
2021-06-15,4897.0,428.0,0.0,0,424.48,0.0,1,15.29,11.01,SPY210930P00413000,413.0,0,0.0,0.0,,0.0,normalDay
2021-06-16,4897.0,332.0,0.0,0,422.11,0.0,1,15.29,11.97,SPY210930P00413000,413.0,0,0.0,0.0,,0.0,normalDay
2021-06-17,4897.0,355.0,0.0,0,421.97,0.0,1,15.29,11.74,SPY210930P00413000,413.0,0,0.0,0.0,,0.0,normalDay
2021-06-18,4897.0,30.0,0.0,0,414.92,0.0,1,15.29,14.99,SPY210930P00413000,413.0,0,0.0,0.0,,0.0,normalDay
2021-06-21,4897.0,382.0,0.0,0,420.86,0.0,1,15.29,11.47,SPY210930P00413000,413.0,0,0.0,0.0,,0.0,normalDay
2021-06-22,4897.0,493.0,0.0,0,423.11,0.0,1,15.29,10.36,SPY210930P00413000,413.0,0,0.0,0.0,,0.0,normalDay
2021-06-23,4897.0,520.0,0.0,0,422.6,0.0,1,15.29,10.09,SPY210930P00413000,413.0,0,0.0,0.0,,0.0,normalDay
2021-06-24,4897.0,607.0,0.0,0,425.1,0.0,1,15.29,9.22,SPY210930P00413000,413.0,0,0.0,0.0,,0.0,normalDay
2021-06-25,4897.0,669.0,0.0,0,426.61,0.0,1,15.29,8.6,SPY210930P00413000,413.0,0,0.0,0.0,,0.0,normalDay
2021-06-28,4897.0,702.0,0.0,0,427.47,0.0,1,15.29,8.27,SPY210930P00413000,413.0,0,0.0,0.0,,0.0,normalDay
2021-06-29,4897.0,704.0,0.0,0,427.7,0.0,1,15.29,8.25,SPY210930P00413000,413.0,0,0.0,0.0,,0.0,normalDay
2021-06-30,4897.0,719.0,0.0,0,428.06,0.0,1,15.29,8.1,SPY210930P00413000,413.0,0,0.0,0.0,,0.0,normalDay
2021-07-01,4897.0,760.0,0.0,0,430.43,0.0,1,15.29,7.69,SPY210930P00413000,413.0,0,0.0,0.0,,0.0,normalDay
2021-07-02,4897.0,834.0,0.0,0,433.72,0.0,1,15.29,6.95,SPY210930P00413000,413.0,0,0.0,0.0,,0.0,normalDay
2021-07-06,4897.0,799.0,0.0,0,432.93,0.0,1,15.29,7.3,SPY210930P00413000,413.0,0,0.0,0.0,,0.0,normalDay
2021-07-07,4897.0,822.0,0.0,0,434.46,0.0,1,15.29,7.07,SPY210930P00413000,413.0,0,0.0,0.0,,0.0,normalDay
2021-07-08,4897.0,682.0,0.0,0,430.92,0.0,1,15.29,8.47,SPY210930P00413000,413.0,0,0.0,0.0,,0.0,normalDay
2021-07-09,4897.0,865.0,0.0,0,435.52,0.0,1,15.29,6.64,SPY210930P00413000,413.0,0,0.0,0.0,,0.0,normalDay
2021-07-12,4897.0,904.0,0.0,0,437.08,0.0,1,15.29,6.25,SPY210930P00413000,413.0,0,0.0,0.0,,0.0,normalDay
2021-07-13,4897.0,839.0,0.0,0,435.59,0.0,1,15.29,6.9,SPY210930P00413000,413.0,0,0.0,0.0,,0.0,normalDay
2021-07-14,4897.0,883.0,0.0,0,436.24,0.0,1,15.29,6.46,SPY210930P00413000,413.0,0,0.0,0.0,,0.0,normalDay
2021-07-15,4897.0,832.0,0.0,0,434.75,0.0,1,15.29,6.97,SPY210930P00413000,413.0,0,0.0,0.0,,0.0,normalDay
2021-07-16,4897.0,731.0,0.0,0,431.34,0.0,1,15.29,7.98,SPY210930P00413000,413.0,0,0.0,0.0,,0.0,normalDay
2021-07-19,4897.0,472.0,0.0,0,424.97,0.0,1,15.29,10.57,SPY210930P00413000,413.0,0,0.0,0.0,,0.0,normalDay
2021-07-20,4897.0,721.0,0.0,0,431.06,0.0,1,15.29,8.08,SPY210930P00413000,413.0,0,0.0,0.0,,0.0,normalDay
2021-07-21,4897.0,867.0,0.0,0,434.55,0.0,1,15.29,6.62,SPY210930P00413000,413.0,0,0.0,0.0,,0.0,normalDay
2021-07-22,4897.0,888.0,0.0,0,435.46,0.0,1,15.29,6.41,SPY210930P00413000,413.0,0,0.0,0.0,,0.0,normalDay
2021-07-23,4897.0,976.0,0.0,0,439.94,0.0,1,15.29,5.53,SPY210930P00413000,413.0,0,0.0,0.0,,0.0,normalDay
2021-07-26,4897.0,1012.0,0.0,0,441.02,0.0,1,15.29,5.17,SPY210930P00413000,413.0,0,0.0,0.0,,0.0,normalDay
2021-07-27,4897.0,929.0,0.0,0,439.01,0.0,1,15.29,6.0,SPY210930P00413000,413.0,0,0.0,0.0,,0.0,normalDay
2021-07-28,4897.0,966.0,0.0,0,438.83,0.0,1,15.29,5.63,SPY210930P00413000,413.0,0,0.0,0.0,,0.0,normalDay
2021-07-29,4897.0,1031.0,0.0,0,440.65,0.0,1,15.29,4.98,SPY210930P00413000,413.0,0,0.0,0.0,,0.0,normalDay
2021-07-30,4897.0,1000.0,0.0,0,438.51,0.0,1,15.29,5.29,SPY210930P00413000,413.0,0,0.0,0.0,,0.0,normalDay
2021-08-02,4897.0,960.0,0.0,0,437.59,0.0,1,15.29,5.69,SPY210930P00413000,413.0,0,0.0,0.0,,0.0,normalDay
2021-08-03,4897.0,1062.0,0.0,0,441.15,0.0,1,15.29,4.67,SPY210930P00413000,413.0,0,0.0,0.0,,0.0,normalDay
2021-08-04,4897.0,1044.0,0.0,0,438.98,0.0,1,15.29,4.85,SPY210930P00413000,413.0,0,0.0,0.0,,0.0,normalDay
2021-08-05,4897.0,1105.0,0.0,0,441.76,0.0,1,15.29,4.24,SPY210930P00413000,413.0,0,0.0,0.0,,0.0,normalDay
2021-08-06,4897.0,1154.0,0.0,0,442.49,0.0,1,15.29,3.75,SPY210930P00413000,413.0,0,0.0,0.0,,0.0,normalDay
2021-08-09,4897.0,1160.0,0.0,0,442.13,0.0,1,15.29,3.69,SPY210930P00413000,413.0,0,0.0,0.0,,0.0,normalDay
2021-08-10,4897.0,1168.0,0.0,0,442.68,0.0,1,15.29,3.61,SPY210930P00413000,413.0,0,0.0,0.0,,0.0,normalDay
2021-08-11,4897.0,1205.0,0.0,0,443.78,0.0,1,15.29,3.24,SPY210930P00413000,413.0,0,0.0,0.0,,0.0,normalDay
2021-08-12,4897.0,1241.0,0.0,0,445.11,0.0,1,15.29,2.88,SPY210930P00413000,413.0,0,0.0,0.0,,0.0,normalDay
2021-08-13,4897.0,1260.0,0.0,0,445.92,0.0,1,15.29,2.69,SPY210930P00413000,413.0,0,0.0,0.0,,0.0,normalDay
2021-08-16,4897.0,1275.0,0.0,0,446.97,0.0,1,15.29,2.54,SPY210930P00413000,413.0,0,0.0,0.0,,0.0,normalDay
2021-08-17,4897.0,1204.0,0.0,0,444.04,0.0,1,15.29,3.25,SPY210930P00413000,413.0,0,0.0,0.0,,0.0,normalDay
2021-08-18,4897.0,1068.0,0.0,0,439.18,0.0,1,15.29,4.61,SPY210930P00413000,413.0,0,0.0,0.0,,0.0,normalDay
2021-08-19,4897.0,1076.0,0.0,0,439.86,0.0,1,15.29,4.53,SPY210930P00413000,413.0,0,0.0,0.0,,0.0,normalDay
2021-08-20,4897.0,1209.0,0.0,0,443.36,0.0,1,15.29,3.2,SPY210930P00413000,413.0,0,0.0,0.0,,0.0,normalDay
2021-08-23,4897.0,1307.0,0.0,0,447.26,0.0,1,15.29,2.22,SPY210930P00413000,413.0,0,0.0,0.0,,0.0,normalDay
2021-08-24,4897.0,1318.0,0.0,0,447.97,0.0,1,15.29,2.11,SPY210930P00413000,413.0,0,0.0,0.0,,0.0,normalDay
2021-08-25,4897.0,1342.0,0.0,0,448.91,0.0,1,15.29,1.87,SPY210930P00413000,413.0,0,0.0,0.0,,0.0,normalDay
2021-08-26,4897.0,1288.0,0.0,0,446.26,0.0,1,15.29,2.41,SPY210930P00413000,413.0,0,0.0,0.0,,0.0,normalDay
2021-08-27,4897.0,1367.0,0.0,0,450.25,0.0,1,15.29,1.62,SPY210930P00413000,413.0,0,0.0,0.0,,0.0,normalDay
2021-08-30,4897.0,1397.0,0.0,0,452.23,0.0,1,15.29,1.32,SPY210930P00413000,413.0,0,0.0,0.0,,0.0,normalDay
2021-08-31,4897.0,1395.0,0.0,0,451.56,0.0,1,15.29,1.34,SPY210930P00413000,413.0,0,0.0,0.0,,0.0,normalDay
2021-09-01,4897.0,1410.0,0.0,0,451.8,0.0,1,15.29,1.19,SPY210930P00413000,413.0,0,0.0,0.0,,0.0,normalDay
2021-09-02,4897.0,1414.0,0.0,0,453.19,0.0,1,15.29,1.15,SPY210930P00413000,413.0,0,0.0,0.0,,0.0,normalDay
2021-09-03,4897.0,1417.0,0.0,0,453.08,0.0,1,15.29,1.12,SPY210930P00413000,413.0,0,0.0,0.0,,0.0,normalDay
2021-09-07,4897.0,1413.0,0.0,0,451.46,0.0,1,15.29,1.16,SPY210930P00413000,413.0,0,0.0,0.0,,0.0,normalDay
2021-09-08,4897.0,1420.0,0.0,0,450.91,0.0,1,15.29,1.09,SPY210930P00413000,413.0,0,0.0,0.0,,0.0,normalDay
2021-09-09,4897.0,1404.0,0.0,0,448.98,0.0,1,15.29,1.25,SPY210930P00413000,413.0,0,0.0,0.0,,0.0,normalDay
2021-09-10,4897.0,1356.0,0.0,0,445.44,0.0,1,15.29,1.73,SPY210930P00413000,413.0,0,0.0,0.0,,0.0,normalDay
2021-09-13,4897.0,1411.0,0.0,0,446.58,0.0,1,15.29,1.18,SPY210930P00413000,413.0,0,0.0,0.0,,0.0,normalDay
2021-09-14,4897.0,1408.0,0.0,0,444.17,0.0,1,15.29,1.21,SPY210930P00413000,413.0,0,0.0,0.0,,0.0,normalDay
2021-09-15,4897.0,1464.0,0.0,0,447.88,0.0,1,15.29,0.65,SPY210930P00413000,413.0,0,0.0,0.0,,0.0,normalDay
2021-09-16,4897.0,1462.0,0.0,0,447.17,0.0,1,15.29,0.67,SPY210930P00413000,413.0,0,0.0,0.0,,0.0,normalDay
2021-09-17,4897.0,1430.0,0.0,0,441.4,0.0,1,15.29,0.99,SPY210930P00413000,413.0,0,0.0,0.0,,0.0,normalDay
2021-09-20,4897.0,1334.0,0.0,0,434.04,0.0,1,15.29,1.95,SPY210930P00413000,413.0,0,0.0,0.0,,0.0,normalDay
2021-09-21,4897.0,1381.0,0.0,0,433.63,0.0,1,15.29,1.48,SPY210930P00413000,413.0,0,0.0,0.0,,0.0,normalDay
2021-09-22,4897.0,1481.0,0.0,0,437.86,0.0,1,15.29,0.48,SPY210930P00413000,413.0,0,0.0,0.0,,0.0,normalDay
2021-09-23,4897.0,1506.0,0.0,0,443.18,0.0,1,15.29,0.23,SPY210930P00413000,413.0,0,0.0,0.0,,0.0,normalDay
2021-09-24,4897.0,1514.0,0.0,0,443.91,0.0,1,15.29,0.15,SPY210930P00413000,413.0,0,0.0,0.0,,0.0,normalDay
2021-09-27,4897.0,1518.0,0.0,0,442.64,0.0,1,15.29,0.11,SPY210930P00413000,413.0,0,0.0,0.0,,0.0,normalDay
2021-09-28,4897.0,1504.0,0.0,0,433.72,0.0,1,15.29,0.25,SPY210930P00413000,413.0,0,0.0,0.0,,0.0,normalDay
2021-09-29,4897.0,1523.0,0.0,0,434.45,0.0,1,15.29,0.06,SPY210930P00413000,413.0,0,0.0,0.0,,0.0,normalDay
2021-09-30,6426.0,0.0,1529.0,0,429.14,0.0,1,15.29,0.0,SPY210930P00413000,413.0,0,0.0,0.0,,0.0,expirationDay
2021-10-01,6426.0,-14.0,0.0,0,434.24,0.0,1,21.72,21.86,SPY220218P00438000,438.0,0,0.0,0.0,,0.0,normalDay
2021-10-04,6426.0,-315.0,0.0,0,428.64,0.0,1,21.72,24.87,SPY220218P00438000,438.0,0,0.0,0.0,,0.0,normalDay
2021-10-05,6426.0,-58.0,0.0,0,433.1,0.0,1,21.72,22.3,SPY220218P00438000,438.0,0,0.0,0.0,,0.0,normalDay
2021-10-06,6426.0,24.0,0.0,0,434.9,0.0,1,21.72,21.48,SPY220218P00438000,438.0,0,0.0,0.0,,0.0,normalDay
2021-10-07,6426.0,242.0,0.0,0,438.66,0.0,1,21.72,19.3,SPY220218P00438000,438.0,0,0.0,0.0,,0.0,normalDay
2021-10-08,6426.0,211.0,0.0,0,437.86,0.0,1,21.72,19.61,SPY220218P00438000,438.0,0,0.0,0.0,,0.0,normalDay
2021-10-11,6426.0,94.0,0.0,0,434.69,0.0,1,21.72,20.78,SPY220218P00438000,438.0,0,0.0,0.0,,0.0,normalDay
2021-10-12,6426.0,49.0,0.0,0,433.62,0.0,1,21.72,21.23,SPY220218P00438000,438.0,0,0.0,0.0,,0.0,normalDay
2021-10-13,6426.0,224.0,0.0,0,435.18,0.0,1,21.72,19.48,SPY220218P00438000,438.0,0,0.0,0.0,,0.0,normalDay
2021-10-14,6426.0,577.0,0.0,0,442.5,0.0,1,21.72,15.95,SPY220218P00438000,438.0,0,0.0,0.0,,0.0,normalDay
2021-10-15,6426.0,693.0,0.0,0,445.87,0.0,1,21.72,14.79,SPY220218P00438000,438.0,0,0.0,0.0,,0.0,normalDay
2021-10-18,6426.0,750.0,0.0,0,447.19,0.0,1,21.72,14.22,SPY220218P00438000,438.0,0,0.0,0.0,,0.0,normalDay
2021-10-19,6426.0,902.0,0.0,0,450.64,0.0,1,21.72,12.7,SPY220218P00438000,438.0,0,0.0,0.0,,0.0,normalDay
2021-10-20,6426.0,939.0,0.0,0,452.41,0.0,1,21.72,12.33,SPY220218P00438000,438.0,0,0.0,0.0,,0.0,normalDay
2021-10-21,6426.0,999.0,0.0,0,453.59,0.0,1,21.72,11.73,SPY220218P00438000,438.0,0,0.0,0.0,,0.0,normalDay
2021-10-22,6426.0,949.0,0.0,0,453.12,0.0,1,21.72,12.23,SPY220218P00438000,438.0,0,0.0,0.0,,0.0,normalDay
2021-10-25,6426.0,1047.0,0.0,0,455.55,0.0,1,21.72,11.25,SPY220218P00438000,438.0,0,0.0,0.0,,0.0,normalDay
2021-10-26,6426.0,1068.0,0.0,0,455.96,0.0,1,21.72,11.04,SPY220218P00438000,438.0,0,0.0,0.0,,0.0,normalDay
2021-10-27,6426.0,970.0,0.0,0,453.94,0.0,1,21.72,12.02,SPY220218P00438000,438.0,0,0.0,0.0,,0.0,normalDay
2021-10-28,6426.0,1093.0,0.0,0,458.32,0.0,1,21.72,10.79,SPY220218P00438000,438.0,0,0.0,0.0,,0.0,normalDay
2021-10-29,6426.0,1130.0,0.0,0,459.25,0.0,1,21.72,10.42,SPY220218P00438000,438.0,0,0.0,0.0,,0.0,normalDay
2021-11-01,6426.0,1164.0,0.0,0,460.04,0.0,1,21.72,10.08,SPY220218P00438000,438.0,0,0.0,0.0,,0.0,normalDay
2021-11-02,6426.0,1218.0,0.0,0,461.9,0.0,1,21.72,9.54,SPY220218P00438000,438.0,0,0.0,0.0,,0.0,normalDay
2021-11-03,6426.0,1315.0,0.0,0,464.72,0.0,1,21.72,8.57,SPY220218P00438000,438.0,0,0.0,0.0,,0.0,normalDay
2021-11-04,6426.0,1356.0,0.0,0,466.91,0.0,1,21.72,8.16,SPY220218P00438000,438.0,0,0.0,0.0,,0.0,normalDay
2021-11-05,6426.0,1352.0,0.0,0,468.53,0.0,1,21.72,8.2,SPY220218P00438000,438.0,0,0.0,0.0,,0.0,normalDay
2021-11-08,6426.0,1348.0,0.0,0,468.93,0.0,1,21.72,8.24,SPY220218P00438000,438.0,0,0.0,0.0,,0.0,normalDay
2021-11-09,6426.0,1312.0,0.0,0,467.38,0.0,1,21.72,8.6,SPY220218P00438000,438.0,0,0.0,0.0,,0.0,normalDay
2021-11-10,6426.0,1229.0,0.0,0,463.62,0.0,1,21.72,9.43,SPY220218P00438000,438.0,0,0.0,0.0,,0.0,normalDay
2021-11-11,6426.0,1287.0,0.0,0,463.77,0.0,1,21.72,8.85,SPY220218P00438000,438.0,0,0.0,0.0,,0.0,normalDay
2021-11-12,6426.0,1396.0,0.0,0,467.27,0.0,1,21.72,7.76,SPY220218P00438000,438.0,0,0.0,0.0,,0.0,normalDay
2021-11-15,6426.0,1411.0,0.0,0,467.43,0.0,1,21.72,7.61,SPY220218P00438000,438.0,0,0.0,0.0,,0.0,normalDay
2021-11-16,6426.0,1453.0,0.0,0,469.28,0.0,1,21.72,7.19,SPY220218P00438000,438.0,0,0.0,0.0,,0.0,normalDay
2021-11-17,6426.0,1399.0,0.0,0,468.14,0.0,1,21.72,7.73,SPY220218P00438000,438.0,0,0.0,0.0,,0.0,normalDay
2021-11-18,6426.0,1428.0,0.0,0,469.73,0.0,1,21.72,7.44,SPY220218P00438000,438.0,0,0.0,0.0,,0.0,normalDay
2021-11-19,6426.0,1408.0,0.0,0,468.89,0.0,1,21.72,7.64,SPY220218P00438000,438.0,0,0.0,0.0,,0.0,normalDay
2021-11-22,6426.0,1365.0,0.0,0,467.57,0.0,1,21.72,8.07,SPY220218P00438000,438.0,0,0.0,0.0,,0.0,normalDay
2021-11-23,6426.0,1389.0,0.0,0,468.19,0.0,1,21.72,7.83,SPY220218P00438000,438.0,0,0.0,0.0,,0.0,normalDay
2021-11-24,6426.0,1448.0,0.0,0,469.44,0.0,1,21.72,7.24,SPY220218P00438000,438.0,0,0.0,0.0,,0.0,normalDay
2021-11-26,6426.0,741.0,0.0,0,458.97,0.0,1,21.72,14.31,SPY220218P00438000,438.0,0,0.0,0.0,,0.0,normalDay
2021-11-29,6426.0,1267.0,0.0,0,464.6,0.0,1,21.72,9.05,SPY220218P00438000,438.0,0,0.0,0.0,,0.0,normalDay
2021-11-30,6426.0,973.0,0.0,0,455.56,0.0,1,21.72,11.99,SPY220218P00438000,438.0,0,0.0,0.0,,0.0,normalDay
2021-12-01,6426.0,613.0,0.0,0,450.5,0.0,1,21.72,15.59,SPY220218P00438000,438.0,0,0.0,0.0,,0.0,normalDay
2021-12-02,6426.0,925.0,0.0,0,457.4,0.0,1,21.72,12.47,SPY220218P00438000,438.0,0,0.0,0.0,,0.0,normalDay
2021-12-03,6426.0,726.0,0.0,0,453.42,0.0,1,21.72,14.46,SPY220218P00438000,438.0,0,0.0,0.0,,0.0,normalDay
2021-12-06,6426.0,1017.0,0.0,0,458.79,0.0,1,21.72,11.55,SPY220218P00438000,438.0,0,0.0,0.0,,0.0,normalDay
2021-12-07,6426.0,1397.0,0.0,0,468.28,0.0,1,21.72,7.75,SPY220218P00438000,438.0,0,0.0,0.0,,0.0,normalDay
2021-12-08,6426.0,1495.0,0.0,0,469.52,0.0,1,21.72,6.77,SPY220218P00438000,438.0,0,0.0,0.0,,0.0,normalDay
2021-12-09,6426.0,1408.0,0.0,0,466.35,0.0,1,21.72,7.64,SPY220218P00438000,438.0,0,0.0,0.0,,0.0,normalDay
2021-12-10,6426.0,1558.0,0.0,0,470.74,0.0,1,21.72,6.14,SPY220218P00438000,438.0,0,0.0,0.0,,0.0,normalDay
2021-12-13,6426.0,1456.0,0.0,0,466.57,0.0,1,21.72,7.16,SPY220218P00438000,438.0,0,0.0,0.0,,0.0,normalDay
2021-12-14,6426.0,1359.0,0.0,0,463.36,0.0,1,21.72,8.13,SPY220218P00438000,438.0,0,0.0,0.0,,0.0,normalDay
2021-12-15,6426.0,1593.0,0.0,0,470.6,0.0,1,21.72,5.79,SPY220218P00438000,438.0,0,0.0,0.0,,0.0,normalDay
2021-12-16,6426.0,1491.0,0.0,0,466.45,0.0,1,21.72,6.81,SPY220218P00438000,438.0,0,0.0,0.0,,0.0,normalDay
2021-12-17,6426.0,1352.0,0.0,0,459.87,0.0,1,21.72,8.2,SPY220218P00438000,438.0,0,0.0,0.0,,0.0,normalDay
2021-12-20,6426.0,1235.0,0.0,0,454.98,0.0,1,21.72,9.37,SPY220218P00438000,438.0,0,0.0,0.0,,0.0,normalDay
2021-12-21,6426.0,1473.0,0.0,0,463.06,0.0,1,21.72,6.99,SPY220218P00438000,438.0,0,0.0,0.0,,0.0,normalDay
2021-12-22,6426.0,1638.0,0.0,0,467.69,0.0,1,21.72,5.34,SPY220218P00438000,438.0,0,0.0,0.0,,0.0,normalDay
2021-12-23,6426.0,1712.0,0.0,0,470.6,0.0,1,21.72,4.6,SPY220218P00438000,438.0,0,0.0,0.0,,0.0,normalDay
2021-12-27,6426.0,1837.0,0.0,0,477.26,0.0,1,21.72,3.35,SPY220218P00438000,438.0,0,0.0,0.0,,0.0,normalDay
2021-12-28,6426.0,1855.0,0.0,0,476.87,0.0,1,21.72,3.17,SPY220218P00438000,438.0,0,0.0,0.0,,0.0,normalDay
2021-12-29,6426.0,1890.0,0.0,0,477.48,0.0,1,21.72,2.82,SPY220218P00438000,438.0,0,0.0,0.0,,0.0,normalDay
2021-12-30,6426.0,1872.0,0.0,0,476.16,0.0,1,21.72,3.0,SPY220218P00438000,438.0,0,0.0,0.0,,0.0,normalDay
2021-12-31,6426.0,1883.0,0.0,0,474.96,0.0,1,21.72,2.89,SPY220218P00438000,438.0,0,0.0,0.0,,0.0,normalDay
2022-01-03,6426.0,1938.0,0.0,0,477.71,0.0,1,21.72,2.34,SPY220218P00438000,438.0,0,0.0,0.0,,0.0,normalDay
2022-01-04,6426.0,1934.0,0.0,0,477.55,0.0,1,21.72,2.38,SPY220218P00438000,438.0,0,0.0,0.0,,0.0,normalDay
2022-01-05,6426.0,1777.0,0.0,0,468.38,0.0,1,21.72,3.95,SPY220218P00438000,438.0,0,0.0,0.0,,0.0,normalDay
2022-01-06,6426.0,1785.0,0.0,0,467.94,0.0,1,21.72,3.87,SPY220218P00438000,438.0,0,0.0,0.0,,0.0,normalDay
2022-01-07,6426.0,1810.0,0.0,0,466.09,0.0,1,21.72,3.62,SPY220218P00438000,438.0,0,0.0,0.0,,0.0,normalDay
2022-01-10,6426.0,1813.0,0.0,0,465.51,0.0,1,21.72,3.59,SPY220218P00438000,438.0,0,0.0,0.0,,0.0,normalDay
2022-01-11,6426.0,1892.0,0.0,0,469.75,0.0,1,21.72,2.8,SPY220218P00438000,438.0,0,0.0,0.0,,0.0,normalDay
2022-01-12,6426.0,1932.0,0.0,0,471.02,0.0,1,21.72,2.4,SPY220218P00438000,438.0,0,0.0,0.0,,0.0,normalDay
2022-01-13,6426.0,1798.0,0.0,0,464.53,0.0,1,21.72,3.74,SPY220218P00438000,438.0,0,0.0,0.0,,0.0,normalDay
2022-01-14,6426.0,1844.0,0.0,0,464.72,0.0,1,21.72,3.28,SPY220218P00438000,438.0,0,0.0,0.0,,0.0,normalDay
2022-01-18,6426.0,1637.0,0.0,0,456.49,0.0,1,21.72,5.35,SPY220218P00438000,438.0,0,0.0,0.0,,0.0,normalDay
2022-01-19,6426.0,1548.0,0.0,0,451.75,0.0,1,21.72,6.24,SPY220218P00438000,438.0,0,0.0,0.0,,0.0,normalDay
2022-01-20,6426.0,1356.0,0.0,0,446.75,0.0,1,21.72,8.16,SPY220218P00438000,438.0,0,0.0,0.0,,0.0,normalDay
2022-01-21,6426.0,975.0,0.0,0,437.98,0.0,1,21.72,11.97,SPY220218P00438000,438.0,0,0.0,0.0,,0.0,normalDay
2022-01-24,6426.0,993.0,0.0,0,439.84,0.0,1,21.72,11.79,SPY220218P00438000,438.0,0,0.0,0.0,,0.0,normalDay
2022-01-25,6426.0,713.0,0.0,0,434.47,0.0,1,21.72,14.59,SPY220218P00438000,438.0,0,0.0,0.0,,0.0,normalDay
2022-01-26,6426.0,730.0,0.0,0,433.38,0.0,1,21.72,14.42,SPY220218P00438000,438.0,0,0.0,0.0,,0.0,normalDay
2022-01-27,6426.0,741.0,0.0,0,431.24,0.0,1,21.72,14.31,SPY220218P00438000,438.0,0,0.0,0.0,,0.0,normalDay
2022-01-28,6426.0,1293.0,0.0,0,441.95,0.0,1,21.72,8.79,SPY220218P00438000,438.0,0,0.0,0.0,,0.0,normalDay
2022-01-31,6426.0,1654.0,0.0,0,449.91,0.0,1,21.72,5.18,SPY220218P00438000,438.0,0,0.0,0.0,,0.0,normalDay
2022-02-01,6426.0,1853.0,0.0,0,452.95,0.0,1,21.72,3.19,SPY220218P00438000,438.0,0,0.0,0.0,,0.0,normalDay
2022-02-02,6426.0,1915.0,0.0,0,457.35,0.0,1,21.72,2.57,SPY220218P00438000,438.0,0,0.0,0.0,,0.0,normalDay
2022-02-03,6426.0,1748.0,0.0,0,446.6,0.0,1,21.72,4.24,SPY220218P00438000,438.0,0,0.0,0.0,,0.0,normalDay
2022-02-04,6426.0,1770.0,0.0,0,448.7,0.0,1,21.72,4.02,SPY220218P00438000,438.0,0,0.0,0.0,,0.0,normalDay
2022-02-07,6426.0,1851.0,0.0,0,447.26,0.0,1,21.72,3.21,SPY220218P00438000,438.0,0,0.0,0.0,,0.0,normalDay
2022-02-08,6426.0,1975.0,0.0,0,450.94,0.0,1,21.72,1.97,SPY220218P00438000,438.0,0,0.0,0.0,,0.0,normalDay
2022-02-09,6426.0,2081.0,0.0,0,457.54,0.0,1,21.72,0.91,SPY220218P00438000,438.0,0,0.0,0.0,,0.0,normalDay
2022-02-10,6426.0,1913.0,0.0,0,449.32,0.0,1,21.72,2.59,SPY220218P00438000,438.0,0,0.0,0.0,,0.0,normalDay
2022-02-11,6426.0,1644.0,0.0,0,440.46,0.0,1,21.72,5.28,SPY220218P00438000,438.0,0,0.0,0.0,,0.0,normalDay
2022-02-14,6426.0,1712.0,0.0,0,439.02,0.0,1,21.72,4.6,SPY220218P00438000,438.0,0,0.0,0.0,,0.0,normalDay
2022-02-15,6426.0,1987.0,0.0,0,446.1,0.0,1,21.72,1.85,SPY220218P00438000,438.0,0,0.0,0.0,,0.0,normalDay
2022-02-16,6426.0,2093.0,0.0,0,446.6,0.0,1,21.72,0.79,SPY220218P00438000,438.0,0,0.0,0.0,,0.0,normalDay
2022-02-17,6426.0,1855.0,0.0,0,437.06,0.0,1,21.72,3.17,SPY220218P00438000,438.0,0,0.0,0.0,,0.0,normalDay
2022-02-18,8598.0,-377.0,2172.0,100,434.23,438.0,1,21.72,0.0,SPY220218P00438000,438.0,0,0.0,0.0,,0.0,expirationDay
2022-02-22,8598.0,-848.0,0.0,100,429.57,438.0,0,0.0,0.0,,0.0,1,2.37,2.42,SPY220311C00447000,447.0,normalDay
2022-02-23,8598.0,-1463.0,0.0,100,421.95,438.0,0,0.0,0.0,,0.0,1,2.37,0.95,SPY220311C00447000,447.0,normalDay
2022-02-24,8598.0,-856.0,0.0,100,428.3,438.0,0,0.0,0.0,,0.0,1,2.37,1.23,SPY220311C00447000,447.0,normalDay
2022-02-25,8598.0,-108.0,0.0,100,437.75,438.0,0,0.0,0.0,,0.0,1,2.37,3.2,SPY220311C00447000,447.0,normalDay
2022-02-28,8598.0,-190.0,0.0,100,436.63,438.0,0,0.0,0.0,,0.0,1,2.37,2.9,SPY220311C00447000,447.0,normalDay
2022-03-01,8598.0,-740.0,0.0,100,429.98,438.0,0,0.0,0.0,,0.0,1,2.37,1.75,SPY220311C00447000,447.0,normalDay
2022-03-02,8598.0,-41.0,0.0,100,437.89,438.0,0,0.0,0.0,,0.0,1,2.37,2.67,SPY220311C00447000,447.0,normalDay
2022-03-03,8598.0,-175.0,0.0,100,435.71,438.0,0,0.0,0.0,,0.0,1,2.37,1.83,SPY220311C00447000,447.0,normalDay
2022-03-04,8598.0,-417.0,0.0,100,432.17,438.0,0,0.0,0.0,,0.0,1,2.37,0.71,SPY220311C00447000,447.0,normalDay
2022-03-07,8598.0,-1627.0,0.0,100,419.43,438.0,0,0.0,0.0,,0.0,1,2.37,0.07,SPY220311C00447000,447.0,normalDay
2022-03-08,8598.0,-1943.0,0.0,100,416.25,438.0,0,0.0,0.0,,0.0,1,2.37,0.05,SPY220311C00447000,447.0,normalDay
2022-03-09,8598.0,-828.0,0.0,100,427.41,438.0,0,0.0,0.0,,0.0,1,2.37,0.06,SPY220311C00447000,447.0,normalDay
2022-03-10,8598.0,-1016.0,0.0,100,425.48,438.0,0,0.0,0.0,,0.0,1,2.37,0.01,SPY220311C00447000,447.0,normalDay
2022-03-11,8835.0,-1793.0,237.0,100,420.07,438.0,0,0.0,0.0,,0.0,1,2.37,0.0,SPY220311C00447000,447.0,expirationDay
2022-03-14,8835.0,-2106.0,0.0,100,417.0,438.0,0,0.0,0.0,,0.0,1,2.77,2.83,SPY220401C00435000,435.0,normalDay
2022-03-15,8835.0,-1385.0,0.0,100,426.17,438.0,0,0.0,0.0,,0.0,1,2.77,4.79,SPY220401C00435000,435.0,normalDay
2022-03-16,8835.0,-749.0,0.0,100,435.62,438.0,0,0.0,0.0,,0.0,1,2.77,7.88,SPY220401C00435000,435.0,normalDay
2022-03-17,8835.0,-443.0,0.0,100,441.07,438.0,0,0.0,0.0,,0.0,1,2.77,10.27,SPY220401C00435000,435.0,normalDay
2022-03-18,8835.0,-451.0,0.0,100,444.52,438.0,0,0.0,0.0,,0.0,1,2.77,13.8,SPY220401C00435000,435.0,normalDay
2022-03-21,8835.0,-385.0,0.0,100,444.39,438.0,0,0.0,0.0,,0.0,1,2.77,13.01,SPY220401C00435000,435.0,normalDay
2022-03-22,8835.0,-242.0,0.0,100,449.59,438.0,0,0.0,0.0,,0.0,1,2.77,16.78,SPY220401C00435000,435.0,normalDay
2022-03-23,8835.0,-334.0,0.0,100,443.8,438.0,0,0.0,0.0,,0.0,1,2.77,11.91,SPY220401C00435000,435.0,normalDay
2022-03-24,8835.0,-142.0,0.0,100,450.49,438.0,0,0.0,0.0,,0.0,1,2.77,16.68,SPY220401C00435000,435.0,normalDay
2022-03-25,8835.0,-83.0,0.0,100,452.69,438.0,0,0.0,0.0,,0.0,1,2.77,18.29,SPY220401C00435000,435.0,normalDay
2022-03-28,8835.0,-61.0,0.0,100,455.91,438.0,0,0.0,0.0,,0.0,1,2.77,21.29,SPY220401C00435000,435.0,normalDay
2022-03-29,8835.0,-16.0,0.0,100,461.55,438.0,0,0.0,0.0,,0.0,1,2.77,26.48,SPY220401C00435000,435.0,normalDay
2022-03-30,8835.0,-82.0,0.0,100,458.7,438.0,0,0.0,0.0,,0.0,1,2.77,24.29,SPY220401C00435000,435.0,normalDay
2022-03-31,8835.0,-115.0,0.0,100,451.64,438.0,0,0.0,0.0,,0.0,1,2.77,17.56,SPY220401C00435000,435.0,normalDay
2022-04-01,8812.0,-115.0,-23.0,0,452.92,0.0,0,0.0,0.0,,0.0,1,2.77,0.0,SPY220401C00435000,435.0,expirationDay
2022-04-04,8812.0,-7.0,0.0,0,456.8,0.0,1,14.29,14.36,SPY220819P00435000,435.0,0,0.0,0.0,,0.0,normalDay
2022-04-05,8812.0,-241.0,0.0,0,451.03,0.0,1,14.29,16.7,SPY220819P00435000,435.0,0,0.0,0.0,,0.0,normalDay
2022-04-06,8812.0,-417.0,0.0,0,446.52,0.0,1,14.29,18.46,SPY220819P00435000,435.0,0,0.0,0.0,,0.0,normalDay
2022-04-07,8812.0,-334.0,0.0,0,448.77,0.0,1,14.29,17.63,SPY220819P00435000,435.0,0,0.0,0.0,,0.0,normalDay
2022-04-08,8812.0,-348.0,0.0,0,447.57,0.0,1,14.29,17.77,SPY220819P00435000,435.0,0,0.0,0.0,,0.0,normalDay
2022-04-11,8812.0,-674.0,0.0,0,439.92,0.0,1,14.29,21.03,SPY220819P00435000,435.0,0,0.0,0.0,,0.0,normalDay
2022-04-12,8812.0,-724.0,0.0,0,438.29,0.0,1,14.29,21.53,SPY220819P00435000,435.0,0,0.0,0.0,,0.0,normalDay
2022-04-13,8812.0,-448.0,0.0,0,443.31,0.0,1,14.29,18.77,SPY220819P00435000,435.0,0,0.0,0.0,,0.0,normalDay
2022-04-14,8812.0,-668.0,0.0,0,437.79,0.0,1,14.29,20.97,SPY220819P00435000,435.0,0,0.0,0.0,,0.0,normalDay
2022-04-18,8812.0,-556.0,0.0,0,437.97,0.0,1,14.29,19.85,SPY220819P00435000,435.0,0,0.0,0.0,,0.0,normalDay
2022-04-19,8812.0,-374.0,0.0,0,445.04,0.0,1,14.29,18.03,SPY220819P00435000,435.0,0,0.0,0.0,,0.0,normalDay
2022-04-20,8812.0,-239.0,0.0,0,444.71,0.0,1,14.29,16.68,SPY220819P00435000,435.0,0,0.0,0.0,,0.0,normalDay
2022-04-21,8812.0,-613.0,0.0,0,438.06,0.0,1,14.29,20.42,SPY220819P00435000,435.0,0,0.0,0.0,,0.0,normalDay
2022-04-22,8812.0,-1358.0,0.0,0,426.04,0.0,1,14.29,27.87,SPY220819P00435000,435.0,0,0.0,0.0,,0.0,normalDay
2022-04-25,8812.0,-1106.0,0.0,0,428.51,0.0,1,14.29,25.35,SPY220819P00435000,435.0,0,0.0,0.0,,0.0,normalDay
2022-04-26,8812.0,-1978.0,0.0,0,416.1,0.0,1,14.29,34.07,SPY220819P00435000,435.0,0,0.0,0.0,,0.0,normalDay
2022-04-27,8812.0,-1719.0,0.0,0,417.27,0.0,1,14.29,31.48,SPY220819P00435000,435.0,0,0.0,0.0,,0.0,normalDay
2022-04-28,8812.0,-1283.0,0.0,0,427.81,0.0,1,14.29,27.12,SPY220819P00435000,435.0,0,0.0,0.0,,0.0,normalDay
2022-04-29,8812.0,-2032.0,0.0,0,412.0,0.0,1,14.29,34.61,SPY220819P00435000,435.0,0,0.0,0.0,,0.0,normalDay
2022-05-02,8812.0,-1873.0,0.0,0,414.48,0.0,1,14.29,33.02,SPY220819P00435000,435.0,0,0.0,0.0,,0.0,normalDay
2022-05-03,8812.0,-1642.0,0.0,0,416.38,0.0,1,14.29,30.71,SPY220819P00435000,435.0,0,0.0,0.0,,0.0,normalDay
2022-05-04,8812.0,-925.0,0.0,0,429.06,0.0,1,14.29,23.54,SPY220819P00435000,435.0,0,0.0,0.0,,0.0,normalDay
2022-05-05,8812.0,-1923.0,0.0,0,413.81,0.0,1,14.29,33.52,SPY220819P00435000,435.0,0,0.0,0.0,,0.0,normalDay
2022-05-06,8812.0,-2128.0,0.0,0,411.34,0.0,1,14.29,35.57,SPY220819P00435000,435.0,0,0.0,0.0,,0.0,normalDay
2022-05-09,8812.0,-2932.0,0.0,0,398.17,0.0,1,14.29,43.61,SPY220819P00435000,435.0,0,0.0,0.0,,0.0,normalDay
2022-05-10,8812.0,-2887.0,0.0,0,399.09,0.0,1,14.29,43.16,SPY220819P00435000,435.0,0,0.0,0.0,,0.0,normalDay
2022-05-11,8812.0,-3354.0,0.0,0,392.75,0.0,1,14.29,47.83,SPY220819P00435000,435.0,0,0.0,0.0,,0.0,normalDay
2022-05-12,8812.0,-3398.0,0.0,0,392.34,0.0,1,14.29,48.27,SPY220819P00435000,435.0,0,0.0,0.0,,0.0,normalDay
2022-05-13,8812.0,-2658.0,0.0,0,401.72,0.0,1,14.29,40.87,SPY220819P00435000,435.0,0,0.0,0.0,,0.0,normalDay
2022-05-16,8812.0,-2704.0,0.0,0,400.09,0.0,1,14.29,41.33,SPY220819P00435000,435.0,0,0.0,0.0,,0.0,normalDay
2022-05-17,8812.0,-2046.0,0.0,0,408.32,0.0,1,14.29,34.75,SPY220819P00435000,435.0,0,0.0,0.0,,0.0,normalDay
2022-05-18,8812.0,-3451.0,0.0,0,391.86,0.0,1,14.29,48.8,SPY220819P00435000,435.0,0,0.0,0.0,,0.0,normalDay
2022-05-19,8812.0,-3572.0,0.0,0,389.46,0.0,1,14.29,50.01,SPY220819P00435000,435.0,0,0.0,0.0,,0.0,normalDay
2022-05-20,8812.0,-3543.0,0.0,0,389.63,0.0,1,14.29,49.72,SPY220819P00435000,435.0,0,0.0,0.0,,0.0,normalDay
2022-05-23,8812.0,-2880.0,0.0,0,396.92,0.0,1,14.29,43.09,SPY220819P00435000,435.0,0,0.0,0.0,,0.0,normalDay
2022-05-24,8812.0,-3147.0,0.0,0,393.89,0.0,1,14.29,45.76,SPY220819P00435000,435.0,0,0.0,0.0,,0.0,normalDay
2022-05-25,8812.0,-2875.0,0.0,0,397.37,0.0,1,14.29,43.04,SPY220819P00435000,435.0,0,0.0,0.0,,0.0,normalDay
2022-05-26,8812.0,-2304.0,0.0,0,405.31,0.0,1,14.29,37.33,SPY220819P00435000,435.0,0,0.0,0.0,,0.0,normalDay
2022-05-27,8812.0,-1509.0,0.0,0,415.26,0.0,1,14.29,29.38,SPY220819P00435000,435.0,0,0.0,0.0,,0.0,normalDay
2022-05-31,8812.0,-1638.0,0.0,0,412.93,0.0,1,14.29,30.67,SPY220819P00435000,435.0,0,0.0,0.0,,0.0,normalDay
2022-06-01,8812.0,-1835.0,0.0,0,409.59,0.0,1,14.29,32.64,SPY220819P00435000,435.0,0,0.0,0.0,,0.0,normalDay
2022-06-02,8812.0,-1255.0,0.0,0,417.39,0.0,1,14.29,26.84,SPY220819P00435000,435.0,0,0.0,0.0,,0.0,normalDay
2022-06-03,8812.0,-1698.0,0.0,0,410.54,0.0,1,14.29,31.27,SPY220819P00435000,435.0,0,0.0,0.0,,0.0,normalDay
2022-06-06,8812.0,-1598.0,0.0,0,411.79,0.0,1,14.29,30.27,SPY220819P00435000,435.0,0,0.0,0.0,,0.0,normalDay
2022-06-07,8812.0,-1318.0,0.0,0,415.74,0.0,1,14.29,27.47,SPY220819P00435000,435.0,0,0.0,0.0,,0.0,normalDay
2022-06-08,8812.0,-1612.0,0.0,0,411.22,0.0,1,14.29,30.41,SPY220819P00435000,435.0,0,0.0,0.0,,0.0,normalDay
2022-06-09,8812.0,-2364.0,0.0,0,401.44,0.0,1,14.29,37.93,SPY220819P00435000,435.0,0,0.0,0.0,,0.0,normalDay
2022-06-10,8812.0,-3338.0,0.0,0,389.8,0.0,1,14.29,47.67,SPY220819P00435000,435.0,0,0.0,0.0,,0.0,normalDay
2022-06-13,8812.0,-4791.0,0.0,0,375.0,0.0,1,14.29,62.2,SPY220819P00435000,435.0,0,0.0,0.0,,0.0,normalDay
2022-06-14,8812.0,-4970.0,0.0,0,373.87,0.0,1,14.29,63.99,SPY220819P00435000,435.0,0,0.0,0.0,,0.0,normalDay
2022-06-15,8812.0,-4376.0,0.0,0,379.2,0.0,1,14.29,58.05,SPY220819P00435000,435.0,0,0.0,0.0,,0.0,normalDay
2022-06-16,8812.0,-5550.0,0.0,0,366.65,0.0,1,14.29,69.79,SPY220819P00435000,435.0,0,0.0,0.0,,0.0,normalDay
2022-06-17,8812.0,-5456.0,0.0,0,365.86,0.0,1,14.29,68.85,SPY220819P00435000,435.0,0,0.0,0.0,,0.0,normalDay
2022-06-21,8812.0,-4616.0,0.0,0,375.07,0.0,1,14.29,60.45,SPY220819P00435000,435.0,0,0.0,0.0,,0.0,normalDay
2022-06-22,8812.0,-4640.0,0.0,0,374.39,0.0,1,14.29,60.69,SPY220819P00435000,435.0,0,0.0,0.0,,0.0,normalDay
2022-06-23,8812.0,-4405.0,0.0,0,378.06,0.0,1,14.29,58.34,SPY220819P00435000,435.0,0,0.0,0.0,,0.0,normalDay
2022-06-24,8812.0,-3251.0,0.0,0,390.08,0.0,1,14.29,46.8,SPY220819P00435000,435.0,0,0.0,0.0,,0.0,normalDay
2022-06-27,8812.0,-3247.0,0.0,0,388.59,0.0,1,14.29,46.76,SPY220819P00435000,435.0,0,0.0,0.0,,0.0,normalDay
2022-06-28,8812.0,-4065.0,0.0,0,380.65,0.0,1,14.29,54.94,SPY220819P00435000,435.0,0,0.0,0.0,,0.0,normalDay
2022-06-29,8812.0,-4048.0,0.0,0,380.34,0.0,1,14.29,54.77,SPY220819P00435000,435.0,0,0.0,0.0,,0.0,normalDay
2022-06-30,8812.0,-4463.0,0.0,0,377.25,0.0,1,14.29,58.92,SPY220819P00435000,435.0,0,0.0,0.0,,0.0,normalDay
2022-07-01,8812.0,-4006.0,0.0,0,381.24,0.0,1,14.29,54.35,SPY220819P00435000,435.0,0,0.0,0.0,,0.0,normalDay
2022-07-05,8812.0,-3959.0,0.0,0,381.96,0.0,1,14.29,53.88,SPY220819P00435000,435.0,0,0.0,0.0,,0.0,normalDay
2022-07-06,8812.0,-3741.0,0.0,0,383.25,0.0,1,14.29,51.7,SPY220819P00435000,435.0,0,0.0,0.0,,0.0,normalDay
2022-07-07,8812.0,-3238.0,0.0,0,388.99,0.0,1,14.29,46.67,SPY220819P00435000,435.0,0,0.0,0.0,,0.0,normalDay
2022-07-08,8812.0,-3207.0,0.0,0,388.67,0.0,1,14.29,46.36,SPY220819P00435000,435.0,0,0.0,0.0,,0.0,normalDay
2022-07-11,8812.0,-3638.0,0.0,0,384.23,0.0,1,14.29,50.67,SPY220819P00435000,435.0,0,0.0,0.0,,0.0,normalDay
2022-07-12,8812.0,-4056.0,0.0,0,380.83,0.0,1,14.29,54.85,SPY220819P00435000,435.0,0,0.0,0.0,,0.0,normalDay
2022-07-13,8812.0,-4257.0,0.0,0,378.83,0.0,1,14.29,56.86,SPY220819P00435000,435.0,0,0.0,0.0,,0.0,normalDay
2022-07-14,8812.0,-4292.0,0.0,0,377.91,0.0,1,14.29,57.21,SPY220819P00435000,435.0,0,0.0,0.0,,0.0,normalDay
2022-07-15,8812.0,-3590.0,0.0,0,385.13,0.0,1,14.29,50.19,SPY220819P00435000,435.0,0,0.0,0.0,,0.0,normalDay
2022-07-18,8812.0,-3896.0,0.0,0,381.95,0.0,1,14.29,53.25,SPY220819P00435000,435.0,0,0.0,0.0,,0.0,normalDay
2022-07-19,8812.0,-2818.0,0.0,0,392.27,0.0,1,14.29,42.47,SPY220819P00435000,435.0,0,0.0,0.0,,0.0,normalDay
2022-07-20,8812.0,-2589.0,0.0,0,394.77,0.0,1,14.29,40.18,SPY220819P00435000,435.0,0,0.0,0.0,,0.0,normalDay
2022-07-21,8812.0,-2262.0,0.0,0,398.79,0.0,1,14.29,36.91,SPY220819P00435000,435.0,0,0.0,0.0,,0.0,normalDay
2022-07-22,8812.0,-2641.0,0.0,0,395.09,0.0,1,14.29,40.7,SPY220819P00435000,435.0,0,0.0,0.0,,0.0,normalDay
2022-07-25,8812.0,-2505.0,0.0,0,395.57,0.0,1,14.29,39.34,SPY220819P00435000,435.0,0,0.0,0.0,,0.0,normalDay
2022-07-26,8812.0,-2958.0,0.0,0,390.89,0.0,1,14.29,43.87,SPY220819P00435000,435.0,0,0.0,0.0,,0.0,normalDay
2022-07-27,8812.0,-2092.0,0.0,0,401.04,0.0,1,14.29,35.21,SPY220819P00435000,435.0,0,0.0,0.0,,0.0,normalDay
2022-07-28,8812.0,-1397.0,0.0,0,406.07,0.0,1,14.29,28.26,SPY220819P00435000,435.0,0,0.0,0.0,,0.0,normalDay
2022-07-29,8812.0,-929.0,0.0,0,411.99,0.0,1,14.29,23.58,SPY220819P00435000,435.0,0,0.0,0.0,,0.0,normalDay
2022-08-01,8812.0,-1024.0,0.0,0,410.77,0.0,1,14.29,24.53,SPY220819P00435000,435.0,0,0.0,0.0,,0.0,normalDay
2022-08-02,8812.0,-1313.0,0.0,0,408.06,0.0,1,14.29,27.42,SPY220819P00435000,435.0,0,0.0,0.0,,0.0,normalDay
2022-08-03,8812.0,-699.0,0.0,0,414.45,0.0,1,14.29,21.28,SPY220819P00435000,435.0,0,0.0,0.0,,0.0,normalDay
2022-08-04,8812.0,-666.0,0.0,0,414.17,0.0,1,14.29,20.95,SPY220819P00435000,435.0,0,0.0,0.0,,0.0,normalDay
2022-08-05,8812.0,-785.0,0.0,0,413.47,0.0,1,14.29,22.14,SPY220819P00435000,435.0,0,0.0,0.0,,0.0,normalDay
2022-08-08,8812.0,-765.0,0.0,0,412.99,0.0,1,14.29,21.94,SPY220819P00435000,435.0,0,0.0,0.0,,0.0,normalDay
2022-08-09,8812.0,-913.0,0.0,0,411.35,0.0,1,14.29,23.42,SPY220819P00435000,435.0,0,0.0,0.0,,0.0,normalDay
2022-08-10,8812.0,-129.0,0.0,0,419.99,0.0,1,14.29,15.58,SPY220819P00435000,435.0,0,0.0,0.0,,0.0,normalDay
2022-08-11,8812.0,-48.0,0.0,0,419.99,0.0,1,14.29,14.77,SPY220819P00435000,435.0,0,0.0,0.0,,0.0,normalDay
2022-08-12,8812.0,532.0,0.0,0,427.1,0.0,1,14.29,8.97,SPY220819P00435000,435.0,0,0.0,0.0,,0.0,normalDay
2022-08-15,8812.0,725.0,0.0,0,428.86,0.0,1,14.29,7.04,SPY220819P00435000,435.0,0,0.0,0.0,,0.0,normalDay
2022-08-16,8812.0,802.0,0.0,0,429.7,0.0,1,14.29,6.27,SPY220819P00435000,435.0,0,0.0,0.0,,0.0,normalDay
2022-08-17,8812.0,583.0,0.0,0,426.65,0.0,1,14.29,8.46,SPY220819P00435000,435.0,0,0.0,0.0,,0.0,normalDay
2022-08-18,8812.0,691.0,0.0,0,427.89,0.0,1,14.29,7.38,SPY220819P00435000,435.0,0,0.0,0.0,,0.0,normalDay
2022-08-19,10241.0,-1286.0,1429.0,100,422.14,435.0,1,14.29,0.0,SPY220819P00435000,435.0,0,0.0,0.0,,0.0,expirationDay
2022-08-22,10241.0,-2170.0,0.0,100,413.35,435.0,0,0.0,0.0,,0.0,1,4.5,4.55,SPY220909C00420000,420.0,normalDay
2022-08-23,10241.0,-2193.0,0.0,100,412.35,435.0,0,0.0,0.0,,0.0,1,4.5,3.78,SPY220909C00420000,420.0,normalDay
2022-08-24,10241.0,-2068.0,0.0,100,413.67,435.0,0,0.0,0.0,,0.0,1,4.5,3.85,SPY220909C00420000,420.0,normalDay
2022-08-25,10241.0,-1689.0,0.0,100,419.51,435.0,0,0.0,0.0,,0.0,1,4.5,5.9,SPY220909C00420000,420.0,normalDay
2022-08-26,10241.0,-2653.0,0.0,100,405.31,435.0,0,0.0,0.0,,0.0,1,4.5,1.34,SPY220909C00420000,420.0,normalDay
2022-08-29,10241.0,-2860.0,0.0,100,402.63,435.0,0,0.0,0.0,,0.0,1,4.5,0.73,SPY220909C00420000,420.0,normalDay
2022-08-30,10241.0,-3257.0,0.0,100,398.21,435.0,0,0.0,0.0,,0.0,1,4.5,0.28,SPY220909C00420000,420.0,normalDay
2022-08-31,10241.0,-3547.0,0.0,100,395.18,435.0,0,0.0,0.0,,0.0,1,4.5,0.15,SPY220909C00420000,420.0,normalDay
2022-09-01,10241.0,-3420.0,0.0,100,396.42,435.0,0,0.0,0.0,,0.0,1,4.5,0.12,SPY220909C00420000,420.0,normalDay
2022-09-02,10241.0,-3829.0,0.0,100,392.24,435.0,0,0.0,0.0,,0.0,1,4.5,0.03,SPY220909C00420000,420.0,normalDay
2022-09-06,10241.0,-3976.0,0.0,100,390.76,435.0,0,0.0,0.0,,0.0,1,4.5,0.02,SPY220909C00420000,420.0,normalDay
2022-09-07,10241.0,-3273.0,0.0,100,397.78,435.0,0,0.0,0.0,,0.0,1,4.5,0.01,SPY220909C00420000,420.0,normalDay
2022-09-08,10241.0,-3013.0,0.0,100,400.38,435.0,0,0.0,0.0,,0.0,1,4.5,0.01,SPY220909C00420000,420.0,normalDay
2022-09-09,10691.0,-2840.0,450.0,100,406.6,435.0,0,0.0,0.0,,0.0,1,4.5,0.0,SPY220909C00420000,420.0,expirationDay
2022-09-12,10691.0,-2408.0,0.0,100,410.97,435.0,0,0.0,0.0,,0.0,1,5.62,5.67,SPY220930C00415000,415.0,normalDay
2022-09-13,10691.0,-3745.0,0.0,100,393.1,435.0,0,0.0,0.0,,0.0,1,5.62,1.17,SPY220930C00415000,415.0,normalDay
2022-09-14,10691.0,-3580.0,0.0,100,394.6,435.0,0,0.0,0.0,,0.0,1,5.62,1.02,SPY220930C00415000,415.0,normalDay
2022-09-15,10691.0,-3983.0,0.0,100,390.12,435.0,0,0.0,0.0,,0.0,1,5.62,0.57,SPY220930C00415000,415.0,normalDay
2022-09-16,10691.0,-4413.0,0.0,100,385.56,435.0,0,0.0,0.0,,0.0,1,5.62,0.31,SPY220930C00415000,415.0,normalDay
2022-09-19,10691.0,-4114.0,0.0,100,388.55,435.0,0,0.0,0.0,,0.0,1,5.62,0.31,SPY220930C00415000,415.0,normalDay
2022-09-20,10691.0,-4548.0,0.0,100,384.09,435.0,0,0.0,0.0,,0.0,1,5.62,0.19,SPY220930C00415000,415.0,normalDay
2022-09-21,10691.0,-5206.0,0.0,100,377.39,435.0,0,0.0,0.0,,0.0,1,5.62,0.07,SPY220930C00415000,415.0,normalDay
2022-09-22,10691.0,-5519.0,0.0,100,374.22,435.0,0,0.0,0.0,,0.0,1,5.62,0.03,SPY220930C00415000,415.0,normalDay
2022-09-23,10691.0,-6145.0,0.0,100,367.95,435.0,0,0.0,0.0,,0.0,1,5.62,0.02,SPY220930C00415000,415.0,normalDay
2022-09-26,10691.0,-6508.0,0.0,100,364.31,435.0,0,0.0,0.0,,0.0,1,5.62,0.01,SPY220930C00415000,415.0,normalDay
2022-09-27,10691.0,-6601.0,0.0,100,363.38,435.0,0,0.0,0.0,,0.0,1,5.62,0.01,SPY220930C00415000,415.0,normalDay
2022-09-28,10691.0,-5886.0,0.0,100,370.53,435.0,0,0.0,0.0,,0.0,1,5.62,0.01,SPY220930C00415000,415.0,normalDay
2022-09-29,10691.0,-6660.0,0.0,100,362.79,435.0,0,0.0,0.0,,0.0,1,5.62,0.01,SPY220930C00415000,415.0,normalDay
2022-09-30,11253.0,-7782.0,562.0,100,357.18,435.0,0,0.0,0.0,,0.0,1,5.62,0.0,SPY220930C00415000,415.0,expirationDay
2022-10-03,11253.0,-6842.0,0.0,100,366.61,435.0,0,0.0,0.0,,0.0,1,1.47,1.5,SPY221021C00389000,389.0,normalDay
2022-10-04,11253.0,-5947.0,0.0,100,377.97,435.0,0,0.0,0.0,,0.0,1,1.47,3.91,SPY221021C00389000,389.0,normalDay
2022-10-05,11253.0,-5999.0,0.0,100,377.09,435.0,0,0.0,0.0,,0.0,1,1.47,3.55,SPY221021C00389000,389.0,normalDay
2022-10-06,11253.0,-6281.0,0.0,100,373.2,435.0,0,0.0,0.0,,0.0,1,1.47,2.48,SPY221021C00389000,389.0,normalDay
2022-10-07,11253.0,-7134.0,0.0,100,362.79,435.0,0,0.0,0.0,,0.0,1,1.47,0.6,SPY221021C00389000,389.0,normalDay
2022-10-10,11253.0,-7392.0,0.0,100,360.02,435.0,0,0.0,0.0,,0.0,1,1.47,0.41,SPY221021C00389000,389.0,normalDay
2022-10-11,11253.0,-7615.0,0.0,100,357.74,435.0,0,0.0,0.0,,0.0,1,1.47,0.36,SPY221021C00389000,389.0,normalDay
2022-10-12,11253.0,-7723.0,0.0,100,356.56,435.0,0,0.0,0.0,,0.0,1,1.47,0.26,SPY221021C00389000,389.0,normalDay
2022-10-13,11253.0,-6815.0,0.0,100,365.97,435.0,0,0.0,0.0,,0.0,1,1.47,0.59,SPY221021C00389000,389.0,normalDay
2022-10-14,11253.0,-7598.0,0.0,100,357.63,435.0,0,0.0,0.0,,0.0,1,1.47,0.08,SPY221021C00389000,389.0,normalDay
2022-10-17,11253.0,-6686.0,0.0,100,366.82,435.0,0,0.0,0.0,,0.0,1,1.47,0.15,SPY221021C00389000,389.0,normalDay
2022-10-18,11253.0,-6261.0,0.0,100,371.13,435.0,0,0.0,0.0,,0.0,1,1.47,0.21,SPY221021C00389000,389.0,normalDay
2022-10-19,11253.0,-6507.0,0.0,100,368.5,435.0,0,0.0,0.0,,0.0,1,1.47,0.04,SPY221021C00389000,389.0,normalDay
2022-10-20,11253.0,-6813.0,0.0,100,365.41,435.0,0,0.0,0.0,,0.0,1,1.47,0.01,SPY221021C00389000,389.0,normalDay
2022-10-21,11400.0,-6071.0,147.0,100,374.29,435.0,0,0.0,0.0,,0.0,1,1.47,0.0,SPY221021C00389000,389.0,expirationDay
2022-10-24,11400.0,-5628.0,0.0,100,378.87,435.0,0,0.0,0.0,,0.0,1,15.77,15.92,SPY221111C00370000,370.0,normalDay
2022-10-25,11400.0,-5300.0,0.0,100,384.92,435.0,0,0.0,0.0,,0.0,1,15.77,18.69,SPY221111C00370000,370.0,normalDay
2022-10-26,11400.0,-5509.0,0.0,100,382.02,435.0,0,0.0,0.0,,0.0,1,15.77,17.88,SPY221111C00370000,370.0,normalDay
2022-10-27,11400.0,-5219.0,0.0,100,379.98,435.0,0,0.0,0.0,,0.0,1,15.77,12.94,SPY221111C00370000,370.0,normalDay
2022-10-28,11400.0,-5232.0,0.0,100,389.02,435.0,0,0.0,0.0,,0.0,1,15.77,22.11,SPY221111C00370000,370.0,normalDay
2022-10-31,11400.0,-5223.0,0.0,100,386.21,435.0,0,0.0,0.0,,0.0,1,15.77,19.21,SPY221111C00370000,370.0,normalDay
2022-11-01,11400.0,-5196.0,0.0,100,384.52,435.0,0,0.0,0.0,,0.0,1,15.77,17.25,SPY221111C00370000,370.0,normalDay
2022-11-02,11400.0,-5409.0,0.0,100,374.87,435.0,0,0.0,0.0,,0.0,1,15.77,9.73,SPY221111C00370000,370.0,normalDay
2022-11-03,11400.0,-5519.0,0.0,100,371.01,435.0,0,0.0,0.0,,0.0,1,15.77,6.97,SPY221111C00370000,370.0,normalDay
2022-11-04,11400.0,-5268.0,0.0,100,376.35,435.0,0,0.0,0.0,,0.0,1,15.77,9.8,SPY221111C00370000,370.0,normalDay
2022-11-07,11400.0,-5106.0,0.0,100,379.95,435.0,0,0.0,0.0,,0.0,1,15.77,11.78,SPY221111C00370000,370.0,normalDay
2022-11-08,11400.0,-5007.0,0.0,100,382.0,435.0,0,0.0,0.0,,0.0,1,15.77,12.84,SPY221111C00370000,370.0,normalDay
2022-11-09,11400.0,-5214.0,0.0,100,374.13,435.0,0,0.0,0.0,,0.0,1,15.77,7.04,SPY221111C00370000,370.0,normalDay
2022-11-10,11400.0,-4968.0,0.0,100,394.69,435.0,0,0.0,0.0,,0.0,1,15.77,25.14,SPY221111C00370000,370.0,normalDay
2022-11-11,6477.0,-4968.0,-4923.0,0,398.51,0.0,0,0.0,0.0,,0.0,1,15.77,0.0,SPY221111C00370000,370.0,expirationDay
2022-11-14,6477.0,-8.0,0.0,0,395.12,0.0,1,13.67,13.75,SPY230331P00375000,375.0,0,0.0,0.0,,0.0,normalDay
2022-11-15,6477.0,59.0,0.0,0,398.49,0.0,1,13.67,13.08,SPY230331P00375000,375.0,0,0.0,0.0,,0.0,normalDay
2022-11-16,6477.0,6.0,0.0,0,395.45,0.0,1,13.67,13.61,SPY230331P00375000,375.0,0,0.0,0.0,,0.0,normalDay
2022-11-17,6477.0,-18.0,0.0,0,394.24,0.0,1,13.67,13.85,SPY230331P00375000,375.0,0,0.0,0.0,,0.0,normalDay
2022-11-18,6477.0,43.0,0.0,0,396.03,0.0,1,13.67,13.24,SPY230331P00375000,375.0,0,0.0,0.0,,0.0,normalDay
2022-11-21,6477.0,71.0,0.0,0,394.59,0.0,1,13.67,12.96,SPY230331P00375000,375.0,0,0.0,0.0,,0.0,normalDay
2022-11-22,6477.0,248.0,0.0,0,399.9,0.0,1,13.67,11.19,SPY230331P00375000,375.0,0,0.0,0.0,,0.0,normalDay
2022-11-23,6477.0,329.0,0.0,0,402.42,0.0,1,13.67,10.38,SPY230331P00375000,375.0,0,0.0,0.0,,0.0,normalDay
2022-11-25,6477.0,323.0,0.0,0,402.33,0.0,1,13.67,10.44,SPY230331P00375000,375.0,0,0.0,0.0,,0.0,normalDay
2022-11-28,6477.0,135.0,0.0,0,395.91,0.0,1,13.67,12.32,SPY230331P00375000,375.0,0,0.0,0.0,,0.0,normalDay
2022-11-29,6477.0,134.0,0.0,0,395.23,0.0,1,13.67,12.33,SPY230331P00375000,375.0,0,0.0,0.0,,0.0,normalDay
2022-11-30,6477.0,460.0,0.0,0,407.68,0.0,1,13.67,9.07,SPY230331P00375000,375.0,0,0.0,0.0,,0.0,normalDay
2022-12-01,6477.0,469.0,0.0,0,407.38,0.0,1,13.67,8.98,SPY230331P00375000,375.0,0,0.0,0.0,,0.0,normalDay
2022-12-02,6477.0,485.0,0.0,0,406.91,0.0,1,13.67,8.82,SPY230331P00375000,375.0,0,0.0,0.0,,0.0,normalDay
2022-12-05,6477.0,318.0,0.0,0,399.59,0.0,1,13.67,10.49,SPY230331P00375000,375.0,0,0.0,0.0,,0.0,normalDay
2022-12-06,6477.0,140.0,0.0,0,393.83,0.0,1,13.67,12.27,SPY230331P00375000,375.0,0,0.0,0.0,,0.0,normalDay
2022-12-07,6477.0,103.0,0.0,0,393.16,0.0,1,13.67,12.64,SPY230331P00375000,375.0,0,0.0,0.0,,0.0,normalDay
2022-12-08,6477.0,209.0,0.0,0,396.24,0.0,1,13.67,11.58,SPY230331P00375000,375.0,0,0.0,0.0,,0.0,normalDay
2022-12-09,6477.0,119.0,0.0,0,393.28,0.0,1,13.67,12.48,SPY230331P00375000,375.0,0,0.0,0.0,,0.0,normalDay
2022-12-12,6477.0,260.0,0.0,0,398.95,0.0,1,13.67,11.07,SPY230331P00375000,375.0,0,0.0,0.0,,0.0,normalDay
2022-12-13,6477.0,425.0,0.0,0,401.97,0.0,1,13.67,9.42,SPY230331P00375000,375.0,0,0.0,0.0,,0.0,normalDay
2022-12-14,6477.0,424.0,0.0,0,399.4,0.0,1,13.67,9.43,SPY230331P00375000,375.0,0,0.0,0.0,,0.0,normalDay
2022-12-15,6477.0,97.0,0.0,0,389.63,0.0,1,13.67,12.7,SPY230331P00375000,375.0,0,0.0,0.0,,0.0,normalDay
2022-12-16,6477.0,-47.0,0.0,0,383.27,0.0,1,13.67,14.14,SPY230331P00375000,375.0,0,0.0,0.0,,0.0,normalDay
2022-12-19,6477.0,-128.0,0.0,0,380.02,0.0,1,13.67,14.95,SPY230331P00375000,375.0,0,0.0,0.0,,0.0,normalDay
2022-12-20,6477.0,-57.0,0.0,0,380.54,0.0,1,13.67,14.24,SPY230331P00375000,375.0,0,0.0,0.0,,0.0,normalDay
2022-12-21,6477.0,181.0,0.0,0,386.23,0.0,1,13.67,11.86,SPY230331P00375000,375.0,0,0.0,0.0,,0.0,normalDay
2022-12-22,6477.0,-61.0,0.0,0,380.72,0.0,1,13.67,14.28,SPY230331P00375000,375.0,0,0.0,0.0,,0.0,normalDay
2022-12-23,6477.0,36.0,0.0,0,382.91,0.0,1,13.67,13.31,SPY230331P00375000,375.0,0,0.0,0.0,,0.0,normalDay
2022-12-27,6477.0,9.0,0.0,0,381.4,0.0,1,13.67,13.58,SPY230331P00375000,375.0,0,0.0,0.0,,0.0,normalDay
2022-12-28,6477.0,-165.0,0.0,0,376.66,0.0,1,13.67,15.32,SPY230331P00375000,375.0,0,0.0,0.0,,0.0,normalDay
2022-12-29,6477.0,105.0,0.0,0,383.44,0.0,1,13.67,12.62,SPY230331P00375000,375.0,0,0.0,0.0,,0.0,normalDay
2022-12-30,6477.0,80.0,0.0,0,382.43,0.0,1,13.67,12.87,SPY230331P00375000,375.0,0,0.0,0.0,,0.0,normalDay
2023-01-03,6477.0,27.0,0.0,0,380.82,0.0,1,13.67,13.4,SPY230331P00375000,375.0,0,0.0,0.0,,0.0,normalDay
2023-01-04,6477.0,204.0,0.0,0,383.76,0.0,1,13.67,11.63,SPY230331P00375000,375.0,0,0.0,0.0,,0.0,normalDay
2023-01-05,6477.0,49.0,0.0,0,379.38,0.0,1,13.67,13.18,SPY230331P00375000,375.0,0,0.0,0.0,,0.0,normalDay
2023-01-06,6477.0,384.0,0.0,0,388.08,0.0,1,13.67,9.83,SPY230331P00375000,375.0,0,0.0,0.0,,0.0,normalDay
2023-01-09,6477.0,368.0,0.0,0,387.86,0.0,1,13.67,9.99,SPY230331P00375000,375.0,0,0.0,0.0,,0.0,normalDay
2023-01-10,6477.0,510.0,0.0,0,390.58,0.0,1,13.67,8.57,SPY230331P00375000,375.0,0,0.0,0.0,,0.0,normalDay
2023-01-11,6477.0,625.0,0.0,0,395.52,0.0,1,13.67,7.42,SPY230331P00375000,375.0,0,0.0,0.0,,0.0,normalDay
2023-01-12,6477.0,740.0,0.0,0,396.96,0.0,1,13.67,6.27,SPY230331P00375000,375.0,0,0.0,0.0,,0.0,normalDay
2023-01-13,6477.0,797.0,0.0,0,398.5,0.0,1,13.67,5.7,SPY230331P00375000,375.0,0,0.0,0.0,,0.0,normalDay
2023-01-17,6477.0,798.0,0.0,0,397.77,0.0,1,13.67,5.69,SPY230331P00375000,375.0,0,0.0,0.0,,0.0,normalDay
2023-01-18,6477.0,630.0,0.0,0,391.49,0.0,1,13.67,7.37,SPY230331P00375000,375.0,0,0.0,0.0,,0.0,normalDay
2023-01-19,6477.0,568.0,0.0,0,388.64,0.0,1,13.67,7.99,SPY230331P00375000,375.0,0,0.0,0.0,,0.0,normalDay
2023-01-20,6477.0,764.0,0.0,0,395.88,0.0,1,13.67,6.03,SPY230331P00375000,375.0,0,0.0,0.0,,0.0,normalDay
2023-01-23,6477.0,874.0,0.0,0,400.63,0.0,1,13.67,4.93,SPY230331P00375000,375.0,0,0.0,0.0,,0.0,normalDay
2023-01-24,6477.0,918.0,0.0,0,400.2,0.0,1,13.67,4.49,SPY230331P00375000,375.0,0,0.0,0.0,,0.0,normalDay
2023-01-25,6477.0,907.0,0.0,0,400.35,0.0,1,13.67,4.6,SPY230331P00375000,375.0,0,0.0,0.0,,0.0,normalDay
2023-01-26,6477.0,986.0,0.0,0,404.75,0.0,1,13.67,3.81,SPY230331P00375000,375.0,0,0.0,0.0,,0.0,normalDay
2023-01-27,6477.0,1009.0,0.0,0,405.68,0.0,1,13.67,3.58,SPY230331P00375000,375.0,0,0.0,0.0,,0.0,normalDay
2023-01-30,6477.0,932.0,0.0,0,400.59,0.0,1,13.67,4.35,SPY230331P00375000,375.0,0,0.0,0.0,,0.0,normalDay
2023-01-31,6477.0,1022.0,0.0,0,406.48,0.0,1,13.67,3.45,SPY230331P00375000,375.0,0,0.0,0.0,,0.0,normalDay
2023-02-01,6477.0,1109.0,0.0,0,410.8,0.0,1,13.67,2.58,SPY230331P00375000,375.0,0,0.0,0.0,,0.0,normalDay
2023-02-02,6477.0,1116.0,0.0,0,416.78,0.0,1,13.67,2.51,SPY230331P00375000,375.0,0,0.0,0.0,,0.0,normalDay
2023-02-03,6477.0,1103.0,0.0,0,412.35,0.0,1,13.67,2.64,SPY230331P00375000,375.0,0,0.0,0.0,,0.0,normalDay
2023-02-06,6477.0,1078.0,0.0,0,409.83,0.0,1,13.67,2.89,SPY230331P00375000,375.0,0,0.0,0.0,,0.0,normalDay
2023-02-07,6477.0,1145.0,0.0,0,415.19,0.0,1,13.67,2.22,SPY230331P00375000,375.0,0,0.0,0.0,,0.0,normalDay
2023-02-08,6477.0,1089.0,0.0,0,410.65,0.0,1,13.67,2.78,SPY230331P00375000,375.0,0,0.0,0.0,,0.0,normalDay
2023-02-09,6477.0,1035.0,0.0,0,407.09,0.0,1,13.67,3.32,SPY230331P00375000,375.0,0,0.0,0.0,,0.0,normalDay
2023-02-10,6477.0,1052.0,0.0,0,408.04,0.0,1,13.67,3.15,SPY230331P00375000,375.0,0,0.0,0.0,,0.0,normalDay
2023-02-13,6477.0,1136.0,0.0,0,412.83,0.0,1,13.67,2.31,SPY230331P00375000,375.0,0,0.0,0.0,,0.0,normalDay
2023-02-14,6477.0,1166.0,0.0,0,412.64,0.0,1,13.67,2.01,SPY230331P00375000,375.0,0,0.0,0.0,,0.0,normalDay
2023-02-15,6477.0,1199.0,0.0,0,413.98,0.0,1,13.67,1.68,SPY230331P00375000,375.0,0,0.0,0.0,,0.0,normalDay
2023-02-16,6477.0,1119.0,0.0,0,408.28,0.0,1,13.67,2.48,SPY230331P00375000,375.0,0,0.0,0.0,,0.0,normalDay
2023-02-17,6477.0,1124.0,0.0,0,407.26,0.0,1,13.67,2.43,SPY230331P00375000,375.0,0,0.0,0.0,,0.0,normalDay
2023-02-21,6477.0,1006.0,0.0,0,399.09,0.0,1,13.67,3.61,SPY230331P00375000,375.0,0,0.0,0.0,,0.0,normalDay
2023-02-22,6477.0,1023.0,0.0,0,398.54,0.0,1,13.67,3.44,SPY230331P00375000,375.0,0,0.0,0.0,,0.0,normalDay
2023-02-23,6477.0,1084.0,0.0,0,400.66,0.0,1,13.67,2.83,SPY230331P00375000,375.0,0,0.0,0.0,,0.0,normalDay
2023-02-24,6477.0,1015.0,0.0,0,396.38,0.0,1,13.67,3.52,SPY230331P00375000,375.0,0,0.0,0.0,,0.0,normalDay
2023-02-27,6477.0,1094.0,0.0,0,397.73,0.0,1,13.67,2.73,SPY230331P00375000,375.0,0,0.0,0.0,,0.0,normalDay
2023-02-28,6477.0,1084.0,0.0,0,396.26,0.0,1,13.67,2.83,SPY230331P00375000,375.0,0,0.0,0.0,,0.0,normalDay
2023-03-01,6477.0,1072.0,0.0,0,394.74,0.0,1,13.67,2.95,SPY230331P00375000,375.0,0,0.0,0.0,,0.0,normalDay
2023-03-02,6477.0,1151.0,0.0,0,397.81,0.0,1,13.67,2.16,SPY230331P00375000,375.0,0,0.0,0.0,,0.0,normalDay
2023-03-03,6477.0,1246.0,0.0,0,404.19,0.0,1,13.67,1.21,SPY230331P00375000,375.0,0,0.0,0.0,,0.0,normalDay
2023-03-06,6477.0,1259.0,0.0,0,404.47,0.0,1,13.67,1.08,SPY230331P00375000,375.0,0,0.0,0.0,,0.0,normalDay
2023-03-07,6477.0,1192.0,0.0,0,398.27,0.0,1,13.67,1.75,SPY230331P00375000,375.0,0,0.0,0.0,,0.0,normalDay
2023-03-08,6477.0,1217.0,0.0,0,398.92,0.0,1,13.67,1.5,SPY230331P00375000,375.0,0,0.0,0.0,,0.0,normalDay
2023-03-09,6477.0,1025.0,0.0,0,391.56,0.0,1,13.67,3.42,SPY230331P00375000,375.0,0,0.0,0.0,,0.0,normalDay
2023-03-10,6477.0,864.0,0.0,0,385.91,0.0,1,13.67,5.03,SPY230331P00375000,375.0,0,0.0,0.0,,0.0,normalDay
2023-03-13,6477.0,836.0,0.0,0,385.36,0.0,1,13.67,5.31,SPY230331P00375000,375.0,0,0.0,0.0,,0.0,normalDay
2023-03-14,6477.0,1087.0,0.0,0,391.73,0.0,1,13.67,2.8,SPY230331P00375000,375.0,0,0.0,0.0,,0.0,normalDay
2023-03-15,6477.0,971.0,0.0,0,389.28,0.0,1,13.67,3.96,SPY230331P00375000,375.0,0,0.0,0.0,,0.0,normalDay
2023-03-16,6477.0,1177.0,0.0,0,396.11,0.0,1,13.67,1.9,SPY230331P00375000,375.0,0,0.0,0.0,,0.0,normalDay
2023-03-17,6477.0,1089.0,0.0,0,389.99,0.0,1,13.67,2.78,SPY230331P00375000,375.0,0,0.0,0.0,,0.0,normalDay
2023-03-20,6477.0,1193.0,0.0,0,393.74,0.0,1,13.67,1.74,SPY230331P00375000,375.0,0,0.0,0.0,,0.0,normalDay
2023-03-21,6477.0,1296.0,0.0,0,398.91,0.0,1,13.67,0.71,SPY230331P00375000,375.0,0,0.0,0.0,,0.0,normalDay
2023-03-22,6477.0,1245.0,0.0,0,392.11,0.0,1,13.67,1.22,SPY230331P00375000,375.0,0,0.0,0.0,,0.0,normalDay
2023-03-23,6477.0,1268.0,0.0,0,393.17,0.0,1,13.67,0.99,SPY230331P00375000,375.0,0,0.0,0.0,,0.0,normalDay
2023-03-24,6477.0,1327.0,0.0,0,395.75,0.0,1,13.67,0.4,SPY230331P00375000,375.0,0,0.0,0.0,,0.0,normalDay
2023-03-27,6477.0,1357.0,0.0,0,396.49,0.0,1,13.67,0.1,SPY230331P00375000,375.0,0,0.0,0.0,,0.0,normalDay
2023-03-28,6477.0,1360.0,0.0,0,395.6,0.0,1,13.67,0.07,SPY230331P00375000,375.0,0,0.0,0.0,,0.0,normalDay
2023-03-29,6477.0,1363.0,0.0,0,401.35,0.0,1,13.67,0.04,SPY230331P00375000,375.0,0,0.0,0.0,,0.0,normalDay
2023-03-30,6477.0,1364.0,0.0,0,403.7,0.0,1,13.67,0.03,SPY230331P00375000,375.0,0,0.0,0.0,,0.0,normalDay
2023-03-31,7844.0,0.0,1367.0,0,409.39,0.0,1,13.67,0.0,SPY230331P00375000,375.0,0,0.0,0.0,,0.0,expirationDay
2023-04-03,7844.0,-6.0,0.0,0,410.95,0.0,1,10.46,10.52,SPY230818P00392000,392.0,0,0.0,0.0,,0.0,normalDay
2023-04-04,7844.0,-85.0,0.0,0,408.67,0.0,1,10.46,11.31,SPY230818P00392000,392.0,0,0.0,0.0,,0.0,normalDay
2023-04-05,7844.0,-126.0,0.0,0,407.6,0.0,1,10.46,11.72,SPY230818P00392000,392.0,0,0.0,0.0,,0.0,normalDay
2023-04-06,7844.0,-59.0,0.0,0,409.19,0.0,1,10.46,11.05,SPY230818P00392000,392.0,0,0.0,0.0,,0.0,normalDay
2023-04-10,7844.0,-11.0,0.0,0,409.61,0.0,1,10.46,10.57,SPY230818P00392000,392.0,0,0.0,0.0,,0.0,normalDay
2023-04-11,7844.0,6.0,0.0,0,409.72,0.0,1,10.46,10.4,SPY230818P00392000,392.0,0,0.0,0.0,,0.0,normalDay
2023-04-12,7844.0,-37.0,0.0,0,408.05,0.0,1,10.46,10.83,SPY230818P00392000,392.0,0,0.0,0.0,,0.0,normalDay
2023-04-13,7844.0,135.0,0.0,0,413.47,0.0,1,10.46,9.11,SPY230818P00392000,392.0,0,0.0,0.0,,0.0,normalDay
2023-04-14,7844.0,143.0,0.0,0,412.46,0.0,1,10.46,9.03,SPY230818P00392000,392.0,0,0.0,0.0,,0.0,normalDay
2023-04-17,7844.0,225.0,0.0,0,413.94,0.0,1,10.46,8.21,SPY230818P00392000,392.0,0,0.0,0.0,,0.0,normalDay
2023-04-18,7844.0,228.0,0.0,0,414.21,0.0,1,10.46,8.18,SPY230818P00392000,392.0,0,0.0,0.0,,0.0,normalDay
2023-04-19,7844.0,224.0,0.0,0,414.14,0.0,1,10.46,8.22,SPY230818P00392000,392.0,0,0.0,0.0,,0.0,normalDay
2023-04-20,7844.0,161.0,0.0,0,411.88,0.0,1,10.46,8.85,SPY230818P00392000,392.0,0,0.0,0.0,,0.0,normalDay
2023-04-21,7844.0,171.0,0.0,0,412.2,0.0,1,10.46,8.75,SPY230818P00392000,392.0,0,0.0,0.0,,0.0,normalDay
2023-04-24,7844.0,194.0,0.0,0,412.63,0.0,1,10.46,8.52,SPY230818P00392000,392.0,0,0.0,0.0,,0.0,normalDay
2023-04-25,7844.0,0.0,0.0,0,406.08,0.0,1,10.46,10.46,SPY230818P00392000,392.0,0,0.0,0.0,,0.0,normalDay
2023-04-26,7844.0,-62.0,0.0,0,404.36,0.0,1,10.46,11.08,SPY230818P00392000,392.0,0,0.0,0.0,,0.0,normalDay
2023-04-27,7844.0,220.0,0.0,0,412.41,0.0,1,10.46,8.26,SPY230818P00392000,392.0,0,0.0,0.0,,0.0,normalDay
2023-04-28,7844.0,315.0,0.0,0,415.93,0.0,1,10.46,7.31,SPY230818P00392000,392.0,0,0.0,0.0,,0.0,normalDay
2023-05-01,7844.0,325.0,0.0,0,415.51,0.0,1,10.46,7.21,SPY230818P00392000,392.0,0,0.0,0.0,,0.0,normalDay
2023-05-02,7844.0,178.0,0.0,0,410.84,0.0,1,10.46,8.68,SPY230818P00392000,392.0,0,0.0,0.0,,0.0,normalDay
2023-05-03,7844.0,103.0,0.0,0,408.02,0.0,1,10.46,9.43,SPY230818P00392000,392.0,0,0.0,0.0,,0.0,normalDay
2023-05-04,7844.0,-58.0,0.0,0,405.13,0.0,1,10.46,11.04,SPY230818P00392000,392.0,0,0.0,0.0,,0.0,normalDay
2023-05-05,7844.0,222.0,0.0,0,412.63,0.0,1,10.46,8.24,SPY230818P00392000,392.0,0,0.0,0.0,,0.0,normalDay
2023-05-08,7844.0,262.0,0.0,0,412.74,0.0,1,10.46,7.84,SPY230818P00392000,392.0,0,0.0,0.0,,0.0,normalDay
2023-05-09,7844.0,217.0,0.0,0,410.93,0.0,1,10.46,8.29,SPY230818P00392000,392.0,0,0.0,0.0,,0.0,normalDay
2023-05-10,7844.0,293.0,0.0,0,412.85,0.0,1,10.46,7.53,SPY230818P00392000,392.0,0,0.0,0.0,,0.0,normalDay
2023-05-11,7844.0,291.0,0.0,0,412.13,0.0,1,10.46,7.55,SPY230818P00392000,392.0,0,0.0,0.0,,0.0,normalDay
2023-05-12,7844.0,280.0,0.0,0,411.59,0.0,1,10.46,7.66,SPY230818P00392000,392.0,0,0.0,0.0,,0.0,normalDay
2023-05-15,7844.0,360.0,0.0,0,413.01,0.0,1,10.46,6.86,SPY230818P00392000,392.0,0,0.0,0.0,,0.0,normalDay
2023-05-16,7844.0,288.0,0.0,0,410.25,0.0,1,10.46,7.58,SPY230818P00392000,392.0,0,0.0,0.0,,0.0,normalDay
2023-05-17,7844.0,426.0,0.0,0,415.23,0.0,1,10.46,6.2,SPY230818P00392000,392.0,0,0.0,0.0,,0.0,normalDay
2023-05-18,7844.0,535.0,0.0,0,419.23,0.0,1,10.46,5.11,SPY230818P00392000,392.0,0,0.0,0.0,,0.0,normalDay
2023-05-19,7844.0,501.0,0.0,0,418.62,0.0,1,10.46,5.45,SPY230818P00392000,392.0,0,0.0,0.0,,0.0,normalDay
2023-05-22,7844.0,511.0,0.0,0,418.79,0.0,1,10.46,5.35,SPY230818P00392000,392.0,0,0.0,0.0,,0.0,normalDay
2023-05-23,7844.0,403.0,0.0,0,414.09,0.0,1,10.46,6.43,SPY230818P00392000,392.0,0,0.0,0.0,,0.0,normalDay
2023-05-24,7844.0,316.0,0.0,0,411.09,0.0,1,10.46,7.3,SPY230818P00392000,392.0,0,0.0,0.0,,0.0,normalDay
2023-05-25,7844.0,415.0,0.0,0,414.65,0.0,1,10.46,6.31,SPY230818P00392000,392.0,0,0.0,0.0,,0.0,normalDay
2023-05-26,7844.0,544.0,0.0,0,420.02,0.0,1,10.46,5.02,SPY230818P00392000,392.0,0,0.0,0.0,,0.0,normalDay
2023-05-30,7844.0,582.0,0.0,0,420.18,0.0,1,10.46,4.64,SPY230818P00392000,392.0,0,0.0,0.0,,0.0,normalDay
2023-05-31,7844.0,556.0,0.0,0,417.85,0.0,1,10.46,4.9,SPY230818P00392000,392.0,0,0.0,0.0,,0.0,normalDay
2023-06-01,7844.0,669.0,0.0,0,421.82,0.0,1,10.46,3.77,SPY230818P00392000,392.0,0,0.0,0.0,,0.0,normalDay
2023-06-02,7844.0,760.0,0.0,0,427.92,0.0,1,10.46,2.86,SPY230818P00392000,392.0,0,0.0,0.0,,0.0,normalDay
2023-06-05,7844.0,768.0,0.0,0,427.1,0.0,1,10.46,2.78,SPY230818P00392000,392.0,0,0.0,0.0,,0.0,normalDay
2023-06-06,7844.0,807.0,0.0,0,428.03,0.0,1,10.46,2.39,SPY230818P00392000,392.0,0,0.0,0.0,,0.0,normalDay
2023-06-07,7844.0,800.0,0.0,0,426.55,0.0,1,10.46,2.46,SPY230818P00392000,392.0,0,0.0,0.0,,0.0,normalDay
2023-06-08,7844.0,833.0,0.0,0,429.13,0.0,1,10.46,2.13,SPY230818P00392000,392.0,0,0.0,0.0,,0.0,normalDay
2023-06-09,7844.0,835.0,0.0,0,429.9,0.0,1,10.46,2.11,SPY230818P00392000,392.0,0,0.0,0.0,,0.0,normalDay
2023-06-12,7844.0,855.0,0.0,0,433.8,0.0,1,10.46,1.91,SPY230818P00392000,392.0,0,0.0,0.0,,0.0,normalDay
2023-06-13,7844.0,877.0,0.0,0,436.66,0.0,1,10.46,1.69,SPY230818P00392000,392.0,0,0.0,0.0,,0.0,normalDay
2023-06-14,7844.0,899.0,0.0,0,437.18,0.0,1,10.46,1.47,SPY230818P00392000,392.0,0,0.0,0.0,,0.0,normalDay
2023-06-15,7844.0,908.0,0.0,0,442.6,0.0,1,10.46,1.38,SPY230818P00392000,392.0,0,0.0,0.0,,0.0,normalDay
2023-06-16,7844.0,921.0,0.0,0,439.46,0.0,1,10.46,1.25,SPY230818P00392000,392.0,0,0.0,0.0,,0.0,normalDay
2023-06-20,7844.0,911.0,0.0,0,437.18,0.0,1,10.46,1.35,SPY230818P00392000,392.0,0,0.0,0.0,,0.0,normalDay
2023-06-21,7844.0,916.0,0.0,0,434.94,0.0,1,10.46,1.3,SPY230818P00392000,392.0,0,0.0,0.0,,0.0,normalDay
2023-06-22,7844.0,934.0,0.0,0,436.51,0.0,1,10.46,1.12,SPY230818P00392000,392.0,0,0.0,0.0,,0.0,normalDay
2023-06-23,7844.0,915.0,0.0,0,433.21,0.0,1,10.46,1.31,SPY230818P00392000,392.0,0,0.0,0.0,,0.0,normalDay
2023-06-26,7844.0,910.0,0.0,0,431.44,0.0,1,10.46,1.36,SPY230818P00392000,392.0,0,0.0,0.0,,0.0,normalDay
2023-06-27,7844.0,944.0,0.0,0,436.17,0.0,1,10.46,1.02,SPY230818P00392000,392.0,0,0.0,0.0,,0.0,normalDay
2023-06-28,7844.0,959.0,0.0,0,436.39,0.0,1,10.46,0.87,SPY230818P00392000,392.0,0,0.0,0.0,,0.0,normalDay
2023-06-29,7844.0,962.0,0.0,0,438.11,0.0,1,10.46,0.84,SPY230818P00392000,392.0,0,0.0,0.0,,0.0,normalDay
2023-06-30,7844.0,979.0,0.0,0,443.28,0.0,1,10.46,0.67,SPY230818P00392000,392.0,0,0.0,0.0,,0.0,normalDay
2023-07-03,7844.0,984.0,0.0,0,443.79,0.0,1,10.46,0.62,SPY230818P00392000,392.0,0,0.0,0.0,,0.0,normalDay
2023-07-05,7844.0,981.0,0.0,0,443.13,0.0,1,10.46,0.65,SPY230818P00392000,392.0,0,0.0,0.0,,0.0,normalDay
2023-07-06,7844.0,962.0,0.0,0,439.66,0.0,1,10.46,0.84,SPY230818P00392000,392.0,0,0.0,0.0,,0.0,normalDay
2023-07-07,7844.0,969.0,0.0,0,438.55,0.0,1,10.46,0.77,SPY230818P00392000,392.0,0,0.0,0.0,,0.0,normalDay
2023-07-10,7844.0,978.0,0.0,0,439.66,0.0,1,10.46,0.68,SPY230818P00392000,392.0,0,0.0,0.0,,0.0,normalDay
2023-07-11,7844.0,987.0,0.0,0,442.46,0.0,1,10.46,0.59,SPY230818P00392000,392.0,0,0.0,0.0,,0.0,normalDay
2023-07-12,7844.0,1005.0,0.0,0,446.02,0.0,1,10.46,0.41,SPY230818P00392000,392.0,0,0.0,0.0,,0.0,normalDay
2023-07-13,7844.0,1008.0,0.0,0,449.56,0.0,1,10.46,0.38,SPY230818P00392000,392.0,0,0.0,0.0,,0.0,normalDay
2023-07-14,7844.0,1012.0,0.0,0,449.28,0.0,1,10.46,0.34,SPY230818P00392000,392.0,0,0.0,0.0,,0.0,normalDay
2023-07-17,7844.0,1017.0,0.0,0,450.84,0.0,1,10.46,0.29,SPY230818P00392000,392.0,0,0.0,0.0,,0.0,normalDay
2023-07-18,7844.0,1021.0,0.0,0,454.19,0.0,1,10.46,0.25,SPY230818P00392000,392.0,0,0.0,0.0,,0.0,normalDay
2023-07-19,7844.0,1019.0,0.0,0,455.2,0.0,1,10.46,0.27,SPY230818P00392000,392.0,0,0.0,0.0,,0.0,normalDay
2023-07-20,7844.0,1017.0,0.0,0,452.18,0.0,1,10.46,0.29,SPY230818P00392000,392.0,0,0.0,0.0,,0.0,normalDay
2023-07-21,7844.0,1020.0,0.0,0,452.18,0.0,1,10.46,0.26,SPY230818P00392000,392.0,0,0.0,0.0,,0.0,normalDay
2023-07-24,7844.0,1025.0,0.0,0,454.2,0.0,1,10.46,0.21,SPY230818P00392000,392.0,0,0.0,0.0,,0.0,normalDay
2023-07-25,7844.0,1027.0,0.0,0,455.44,0.0,1,10.46,0.19,SPY230818P00392000,392.0,0,0.0,0.0,,0.0,normalDay
2023-07-26,7844.0,1031.0,0.0,0,455.51,0.0,1,10.46,0.15,SPY230818P00392000,392.0,0,0.0,0.0,,0.0,normalDay
2023-07-27,7844.0,1024.0,0.0,0,452.49,0.0,1,10.46,0.22,SPY230818P00392000,392.0,0,0.0,0.0,,0.0,normalDay
2023-07-28,7844.0,1033.0,0.0,0,456.92,0.0,1,10.46,0.13,SPY230818P00392000,392.0,0,0.0,0.0,,0.0,normalDay
2023-07-31,7844.0,1035.0,0.0,0,457.79,0.0,1,10.46,0.11,SPY230818P00392000,392.0,0,0.0,0.0,,0.0,normalDay
2023-08-01,7844.0,1035.0,0.0,0,456.48,0.0,1,10.46,0.11,SPY230818P00392000,392.0,0,0.0,0.0,,0.0,normalDay
2023-08-02,7844.0,1027.0,0.0,0,450.13,0.0,1,10.46,0.19,SPY230818P00392000,392.0,0,0.0,0.0,,0.0,normalDay
2023-08-03,7844.0,1028.0,0.0,0,448.84,0.0,1,10.46,0.18,SPY230818P00392000,392.0,0,0.0,0.0,,0.0,normalDay
2023-08-04,7844.0,1022.0,0.0,0,446.81,0.0,1,10.46,0.24,SPY230818P00392000,392.0,0,0.0,0.0,,0.0,normalDay
2023-08-07,7844.0,1034.0,0.0,0,450.71,0.0,1,10.46,0.12,SPY230818P00392000,392.0,0,0.0,0.0,,0.0,normalDay
2023-08-08,7844.0,1036.0,0.0,0,448.75,0.0,1,10.46,0.1,SPY230818P00392000,392.0,0,0.0,0.0,,0.0,normalDay
2023-08-09,7844.0,1037.0,0.0,0,445.75,0.0,1,10.46,0.09,SPY230818P00392000,392.0,0,0.0,0.0,,0.0,normalDay
2023-08-10,7844.0,1038.0,0.0,0,445.91,0.0,1,10.46,0.08,SPY230818P00392000,392.0,0,0.0,0.0,,0.0,normalDay
2023-08-11,7844.0,1042.0,0.0,0,445.65,0.0,1,10.46,0.04,SPY230818P00392000,392.0,0,0.0,0.0,,0.0,normalDay
2023-08-14,7844.0,1043.0,0.0,0,448.11,0.0,1,10.46,0.03,SPY230818P00392000,392.0,0,0.0,0.0,,0.0,normalDay
2023-08-15,7844.0,1042.0,0.0,0,442.89,0.0,1,10.46,0.04,SPY230818P00392000,392.0,0,0.0,0.0,,0.0,normalDay
2023-08-16,7844.0,1044.0,0.0,0,439.64,0.0,1,10.46,0.02,SPY230818P00392000,392.0,0,0.0,0.0,,0.0,normalDay
2023-08-17,7844.0,1044.0,0.0,0,436.29,0.0,1,10.46,0.02,SPY230818P00392000,392.0,0,0.0,0.0,,0.0,normalDay
2023-08-18,8890.0,0.0,1046.0,0,436.5,0.0,1,10.46,0.0,SPY230818P00392000,392.0,0,0.0,0.0,,0.0,expirationDay
2023-08-21,8890.0,-19.0,0.0,0,439.34,0.0,1,16.41,16.6,SPY231229P00445000,445.0,0,0.0,0.0,,0.0,normalDay
2023-08-22,8890.0,-41.0,0.0,0,438.15,0.0,1,16.41,16.82,SPY231229P00445000,445.0,0,0.0,0.0,,0.0,normalDay
2023-08-23,8890.0,208.0,0.0,0,443.03,0.0,1,16.41,14.33,SPY231229P00445000,445.0,0,0.0,0.0,,0.0,normalDay
2023-08-24,8890.0,-119.0,0.0,0,436.89,0.0,1,16.41,17.6,SPY231229P00445000,445.0,0,0.0,0.0,,0.0,normalDay
2023-08-25,8890.0,100.0,0.0,0,439.97,0.0,1,16.41,15.41,SPY231229P00445000,445.0,0,0.0,0.0,,0.0,normalDay
2023-08-28,8890.0,271.0,0.0,0,442.76,0.0,1,16.41,13.7,SPY231229P00445000,445.0,0,0.0,0.0,,0.0,normalDay
2023-08-29,8890.0,534.0,0.0,0,449.16,0.0,1,16.41,11.07,SPY231229P00445000,445.0,0,0.0,0.0,,0.0,normalDay
2023-08-30,8890.0,622.0,0.0,0,451.01,0.0,1,16.41,10.19,SPY231229P00445000,445.0,0,0.0,0.0,,0.0,normalDay
2023-08-31,8890.0,634.0,0.0,0,450.35,0.0,1,16.41,10.07,SPY231229P00445000,445.0,0,0.0,0.0,,0.0,normalDay
2023-09-01,8890.0,659.0,0.0,0,451.19,0.0,1,16.41,9.82,SPY231229P00445000,445.0,0,0.0,0.0,,0.0,normalDay
2023-09-05,8890.0,605.0,0.0,0,449.24,0.0,1,16.41,10.36,SPY231229P00445000,445.0,0,0.0,0.0,,0.0,normalDay
2023-09-06,8890.0,471.0,0.0,0,446.22,0.0,1,16.41,11.7,SPY231229P00445000,445.0,0,0.0,0.0,,0.0,normalDay
2023-09-07,8890.0,428.0,0.0,0,444.85,0.0,1,16.41,12.13,SPY231229P00445000,445.0,0,0.0,0.0,,0.0,normalDay
2023-09-08,8890.0,506.0,0.0,0,445.52,0.0,1,16.41,11.35,SPY231229P00445000,445.0,0,0.0,0.0,,0.0,normalDay
2023-09-11,8890.0,628.0,0.0,0,448.45,0.0,1,16.41,10.13,SPY231229P00445000,445.0,0,0.0,0.0,,0.0,normalDay
2023-09-12,8890.0,543.0,0.0,0,445.99,0.0,1,16.41,10.98,SPY231229P00445000,445.0,0,0.0,0.0,,0.0,normalDay
2023-09-13,8890.0,594.0,0.0,0,446.51,0.0,1,16.41,10.47,SPY231229P00445000,445.0,0,0.0,0.0,,0.0,normalDay
2023-09-14,8890.0,760.0,0.0,0,450.36,0.0,1,16.41,8.81,SPY231229P00445000,445.0,0,0.0,0.0,,0.0,normalDay
2023-09-15,8890.0,530.0,0.0,0,443.37,0.0,1,16.41,11.11,SPY231229P00445000,445.0,0,0.0,0.0,,0.0,normalDay
2023-09-18,8890.0,555.0,0.0,0,443.63,0.0,1,16.41,10.86,SPY231229P00445000,445.0,0,0.0,0.0,,0.0,normalDay
2023-09-19,8890.0,525.0,0.0,0,442.71,0.0,1,16.41,11.16,SPY231229P00445000,445.0,0,0.0,0.0,,0.0,normalDay
2023-09-20,8890.0,290.0,0.0,0,438.64,0.0,1,16.41,13.51,SPY231229P00445000,445.0,0,0.0,0.0,,0.0,normalDay
2023-09-21,8890.0,-155.0,0.0,0,431.39,0.0,1,16.41,17.96,SPY231229P00445000,445.0,0,0.0,0.0,,0.0,normalDay
2023-09-22,8890.0,-204.0,0.0,0,430.42,0.0,1,16.41,18.45,SPY231229P00445000,445.0,0,0.0,0.0,,0.0,normalDay
2023-09-25,8890.0,-83.0,0.0,0,432.23,0.0,1,16.41,17.24,SPY231229P00445000,445.0,0,0.0,0.0,,0.0,normalDay
2023-09-26,8890.0,-577.0,0.0,0,425.88,0.0,1,16.41,22.18,SPY231229P00445000,445.0,0,0.0,0.0,,0.0,normalDay
2023-09-27,8890.0,-516.0,0.0,0,426.05,0.0,1,16.41,21.57,SPY231229P00445000,445.0,0,0.0,0.0,,0.0,normalDay
2023-09-28,8890.0,-372.0,0.0,0,428.52,0.0,1,16.41,20.13,SPY231229P00445000,445.0,0,0.0,0.0,,0.0,normalDay
2023-09-29,8890.0,-491.0,0.0,0,427.48,0.0,1,16.41,21.32,SPY231229P00445000,445.0,0,0.0,0.0,,0.0,normalDay
2023-10-02,8890.0,-408.0,0.0,0,427.31,0.0,1,16.41,20.49,SPY231229P00445000,445.0,0,0.0,0.0,,0.0,normalDay
2023-10-03,8890.0,-883.0,0.0,0,421.59,0.0,1,16.41,25.24,SPY231229P00445000,445.0,0,0.0,0.0,,0.0,normalDay
2023-10-04,8890.0,-649.0,0.0,0,424.66,0.0,1,16.41,22.9,SPY231229P00445000,445.0,0,0.0,0.0,,0.0,normalDay
2023-10-05,8890.0,-690.0,0.0,0,424.5,0.0,1,16.41,23.31,SPY231229P00445000,445.0,0,0.0,0.0,,0.0,normalDay
2023-10-06,8890.0,-268.0,0.0,0,429.54,0.0,1,16.41,19.09,SPY231229P00445000,445.0,0,0.0,0.0,,0.0,normalDay
2023-10-09,8890.0,-63.0,0.0,0,432.29,0.0,1,16.41,17.04,SPY231229P00445000,445.0,0,0.0,0.0,,0.0,normalDay
2023-10-10,8890.0,86.0,0.0,0,434.54,0.0,1,16.41,15.55,SPY231229P00445000,445.0,0,0.0,0.0,,0.0,normalDay
2023-10-11,8890.0,256.0,0.0,0,436.32,0.0,1,16.41,13.85,SPY231229P00445000,445.0,0,0.0,0.0,,0.0,normalDay
2023-10-12,8890.0,83.0,0.0,0,433.66,0.0,1,16.41,15.58,SPY231229P00445000,445.0,0,0.0,0.0,,0.0,normalDay
2023-10-13,8890.0,-161.0,0.0,0,431.5,0.0,1,16.41,18.02,SPY231229P00445000,445.0,0,0.0,0.0,,0.0,normalDay
2023-10-16,8890.0,216.0,0.0,0,436.04,0.0,1,16.41,14.25,SPY231229P00445000,445.0,0,0.0,0.0,,0.0,normalDay
2023-10-17,8890.0,175.0,0.0,0,436.02,0.0,1,16.41,14.66,SPY231229P00445000,445.0,0,0.0,0.0,,0.0,normalDay
2023-10-18,8890.0,-165.0,0.0,0,430.21,0.0,1,16.41,18.06,SPY231229P00445000,445.0,0,0.0,0.0,,0.0,normalDay
2023-10-19,8890.0,-593.0,0.0,0,426.43,0.0,1,16.41,22.34,SPY231229P00445000,445.0,0,0.0,0.0,,0.0,normalDay
2023-10-20,8890.0,-915.0,0.0,0,421.19,0.0,1,16.41,25.56,SPY231229P00445000,445.0,0,0.0,0.0,,0.0,normalDay
2023-10-23,8890.0,-891.0,0.0,0,420.46,0.0,1,16.41,25.32,SPY231229P00445000,445.0,0,0.0,0.0,,0.0,normalDay
2023-10-24,8890.0,-767.0,0.0,0,423.63,0.0,1,16.41,24.08,SPY231229P00445000,445.0,0,0.0,0.0,,0.0,normalDay
2023-10-25,8890.0,-1259.0,0.0,0,417.55,0.0,1,16.41,29.0,SPY231229P00445000,445.0,0,0.0,0.0,,0.0,normalDay
2023-10-26,8890.0,-1726.0,0.0,0,412.55,0.0,1,16.41,33.67,SPY231229P00445000,445.0,0,0.0,0.0,,0.0,normalDay
2023-10-27,8890.0,-1859.0,0.0,0,410.68,0.0,1,16.41,35.0,SPY231229P00445000,445.0,0,0.0,0.0,,0.0,normalDay
2023-10-30,8890.0,-1385.0,0.0,0,415.59,0.0,1,16.41,30.26,SPY231229P00445000,445.0,0,0.0,0.0,,0.0,normalDay
2023-10-31,8890.0,-1136.0,0.0,0,418.2,0.0,1,16.41,27.77,SPY231229P00445000,445.0,0,0.0,0.0,,0.0,normalDay
2023-11-01,8890.0,-700.0,0.0,0,422.66,0.0,1,16.41,23.41,SPY231229P00445000,445.0,0,0.0,0.0,,0.0,normalDay
2023-11-02,8890.0,-63.0,0.0,0,430.76,0.0,1,16.41,17.04,SPY231229P00445000,445.0,0,0.0,0.0,,0.0,normalDay
2023-11-03,8890.0,275.0,0.0,0,434.69,0.0,1,16.41,13.66,SPY231229P00445000,445.0,0,0.0,0.0,,0.0,normalDay
2023-11-06,8890.0,325.0,0.0,0,435.69,0.0,1,16.41,13.16,SPY231229P00445000,445.0,0,0.0,0.0,,0.0,normalDay
2023-11-07,8890.0,413.0,0.0,0,436.93,0.0,1,16.41,12.28,SPY231229P00445000,445.0,0,0.0,0.0,,0.0,normalDay
2023-11-08,8890.0,439.0,0.0,0,437.25,0.0,1,16.41,12.02,SPY231229P00445000,445.0,0,0.0,0.0,,0.0,normalDay
2023-11-09,8890.0,241.0,0.0,0,433.84,0.0,1,16.41,14.0,SPY231229P00445000,445.0,0,0.0,0.0,,0.0,normalDay
2023-11-10,8890.0,697.0,0.0,0,440.61,0.0,1,16.41,9.44,SPY231229P00445000,445.0,0,0.0,0.0,,0.0,normalDay
2023-11-13,8890.0,671.0,0.0,0,440.19,0.0,1,16.41,9.7,SPY231229P00445000,445.0,0,0.0,0.0,,0.0,normalDay
2023-11-14,8890.0,1085.0,0.0,0,448.73,0.0,1,16.41,5.56,SPY231229P00445000,445.0,0,0.0,0.0,,0.0,normalDay
2023-11-15,8890.0,1102.0,0.0,0,449.68,0.0,1,16.41,5.39,SPY231229P00445000,445.0,0,0.0,0.0,,0.0,normalDay
2023-11-16,8890.0,1152.0,0.0,0,450.23,0.0,1,16.41,4.89,SPY231229P00445000,445.0,0,0.0,0.0,,0.0,normalDay
2023-11-17,8890.0,1182.0,0.0,0,450.79,0.0,1,16.41,4.59,SPY231229P00445000,445.0,0,0.0,0.0,,0.0,normalDay
2023-11-20,8890.0,1303.0,0.0,0,454.26,0.0,1,16.41,3.38,SPY231229P00445000,445.0,0,0.0,0.0,,0.0,normalDay
2023-11-21,8890.0,1280.0,0.0,0,453.27,0.0,1,16.41,3.61,SPY231229P00445000,445.0,0,0.0,0.0,,0.0,normalDay
2023-11-22,8890.0,1345.0,0.0,0,455.02,0.0,1,16.41,2.96,SPY231229P00445000,445.0,0,0.0,0.0,,0.0,normalDay
2023-11-24,8890.0,1379.0,0.0,0,455.3,0.0,1,16.41,2.62,SPY231229P00445000,445.0,0,0.0,0.0,,0.0,normalDay
2023-11-27,8890.0,1379.0,0.0,0,454.48,0.0,1,16.41,2.62,SPY231229P00445000,445.0,0,0.0,0.0,,0.0,normalDay
2023-11-28,8890.0,1394.0,0.0,0,454.93,0.0,1,16.41,2.47,SPY231229P00445000,445.0,0,0.0,0.0,,0.0,normalDay
2023-11-29,8890.0,1388.0,0.0,0,454.61,0.0,1,16.41,2.53,SPY231229P00445000,445.0,0,0.0,0.0,,0.0,normalDay
2023-11-30,8890.0,1412.0,0.0,0,456.4,0.0,1,16.41,2.29,SPY231229P00445000,445.0,0,0.0,0.0,,0.0,normalDay
