date,totalCapital,unrializedPnL,rializedPnL,stocksOwned,stocksPriceToday,stocksPriceBoughtAt,putOwned,putOwnedSoldAt,putPriceToday,putOwnedContract,putOwnedStrike,callOwned,callOwnedSoldAt,callPriceToday,callOwnedContract,callOwnedStrike,trackType
2018-11-01,0.0,-3.0,0.0,0,273.51,0.0,1,0.11,0.14,SPY181102P00266500,266.5,0,0.0,0.0,,0.0,normalDay
2018-11-02,11.0,0.0,11.0,0,271.89,0.0,1,0.11,0.0,SPY181102P00266500,266.5,0,0.0,0.0,,0.0,expirationDay
2018-11-05,11.0,-4.0,0.0,0,273.39,0.0,1,0.39,0.43,SPY181107P00266500,266.5,0,0.0,0.0,,0.0,normalDay
2018-11-06,11.0,19.0,0.0,0,275.12,0.0,1,0.39,0.2,SPY181107P00266500,266.5,0,0.0,0.0,,0.0,normalDay
2018-11-07,50.0,0.0,39.0,0,281.01,0.0,1,0.39,0.0,SPY181107P00266500,266.5,0,0.0,0.0,,0.0,expirationDay
2018-11-08,50.0,0.0,0.0,0,280.5,0.0,0,0.0,0.0,,0.0,0,0.0,0.0,,0.0,bidTooLow
2018-11-09,50.0,0.0,0.0,0,277.76,0.0,0,0.0,0.0,,0.0,0,0.0,0.0,,0.0,bidTooLow
2018-11-12,50.0,-4.0,0.0,0,272.57,0.0,1,0.43,0.47,SPY181114P00267000,267.0,0,0.0,0.0,,0.0,normalDay
2018-11-13,50.0,22.0,0.0,0,272.06,0.0,1,0.43,0.21,SPY181114P00267000,267.0,0,0.0,0.0,,0.0,normalDay
2018-11-14,93.0,0.0,43.0,0,270.2,0.0,1,0.43,0.0,SPY181114P00267000,267.0,0,0.0,0.0,,0.0,expirationDay
2018-11-15,93.0,-3.0,0.0,0,273.02,0.0,1,0.12,0.15,SPY181116P00267000,267.0,0,0.0,0.0,,0.0,normalDay
2018-11-16,105.0,0.0,12.0,0,273.73,0.0,1,0.12,0.0,SPY181116P00267000,267.0,0,0.0,0.0,,0.0,expirationDay
2018-11-19,105.0,-4.0,0.0,0,269.1,0.0,1,0.82,0.86,SPY181121P00266500,266.5,0,0.0,0.0,,0.0,normalDay
2018-11-20,105.0,-222.0,0.0,0,264.12,0.0,1,0.82,3.04,SPY181121P00266500,266.5,0,0.0,0.0,,0.0,normalDay
2018-11-21,187.0,-148.0,82.0,100,265.02,266.5,1,0.82,0.0,SPY181121P00266500,266.5,0,0.0,0.0,,0.0,expirationDay
2018-11-23,187.0,-337.0,0.0,100,263.25,266.5,0,0.0,0.0,,0.0,1,3.35,3.47,SPY190628C00291000,291.0,normalDay
2018-11-26,187.0,19.0,0.0,100,267.5,266.5,0,0.0,0.0,,0.0,1,3.35,4.16,SPY190628C00291000,291.0,normalDay
2018-11-27,187.0,85.0,0.0,100,268.4,266.5,0,0.0,0.0,,0.0,1,3.35,4.4,SPY190628C00291000,291.0,normalDay
2018-11-28,187.0,511.0,0.0,100,274.58,266.5,0,0.0,0.0,,0.0,1,3.35,6.32,SPY190628C00291000,291.0,normalDay
2018-11-29,187.0,453.0,0.0,100,273.98,266.5,0,0.0,0.0,,0.0,1,3.35,6.3,SPY190628C00291000,291.0,normalDay
2018-11-30,187.0,563.0,0.0,100,275.65,266.5,0,0.0,0.0,,0.0,1,3.35,6.87,SPY190628C00291000,291.0,normalDay
2018-12-03,187.0,859.0,0.0,100,279.3,266.5,0,0.0,0.0,,0.0,1,3.35,7.56,SPY190628C00291000,291.0,normalDay
2018-12-04,187.0,227.0,0.0,100,270.25,266.5,0,0.0,0.0,,0.0,1,3.35,4.83,SPY190628C00291000,291.0,normalDay
2018-12-06,187.0,192.0,0.0,100,269.84,266.5,0,0.0,0.0,,0.0,1,3.35,4.77,SPY190628C00291000,291.0,normalDay
2018-12-07,187.0,-301.0,0.0,100,263.57,266.5,0,0.0,0.0,,0.0,1,3.35,3.43,SPY190628C00291000,291.0,normalDay
2018-12-10,187.0,-267.0,0.0,100,264.07,266.5,0,0.0,0.0,,0.0,1,3.35,3.59,SPY190628C00291000,291.0,normalDay
2018-12-11,187.0,-257.0,0.0,100,264.13,266.5,0,0.0,0.0,,0.0,1,3.35,3.55,SPY190628C00291000,291.0,normalDay
2018-12-12,187.0,-155.0,0.0,100,265.46,266.5,0,0.0,0.0,,0.0,1,3.35,3.86,SPY190628C00291000,291.0,normalDay
2018-12-13,187.0,-162.0,0.0,100,265.37,266.5,0,0.0,0.0,,0.0,1,3.35,3.84,SPY190628C00291000,291.0,normalDay
2018-12-14,187.0,-572.0,0.0,100,260.47,266.5,0,0.0,0.0,,0.0,1,3.35,3.04,SPY190628C00291000,291.0,normalDay
2018-12-17,187.0,-1017.0,0.0,100,255.36,266.5,0,0.0,0.0,,0.0,1,3.35,2.38,SPY190628C00291000,291.0,normalDay
2018-12-18,187.0,-1035.0,0.0,100,255.08,266.5,0,0.0,0.0,,0.0,1,3.35,2.28,SPY190628C00291000,291.0,normalDay
2018-12-19,187.0,-1359.0,0.0,100,251.26,266.5,0,0.0,0.0,,0.0,1,3.35,1.7,SPY190628C00291000,291.0,normalDay
2018-12-20,187.0,-1753.0,0.0,100,247.17,266.5,0,0.0,0.0,,0.0,1,3.35,1.55,SPY190628C00291000,291.0,normalDay
2018-12-21,187.0,-2342.0,0.0,100,240.7,266.5,0,0.0,0.0,,0.0,1,3.35,0.97,SPY190628C00291000,291.0,normalDay
2018-12-24,187.0,-2950.0,0.0,100,234.34,266.5,0,0.0,0.0,,0.0,1,3.35,0.69,SPY190628C00291000,291.0,normalDay
2018-12-26,187.0,-1827.0,0.0,100,246.18,266.5,0,0.0,0.0,,0.0,1,3.35,1.3,SPY190628C00291000,291.0,normalDay
2018-12-27,187.0,-1673.0,0.0,100,248.07,266.5,0,0.0,0.0,,0.0,1,3.35,1.65,SPY190628C00291000,291.0,normalDay
2018-12-28,187.0,-1684.0,0.0,100,247.75,266.5,0,0.0,0.0,,0.0,1,3.35,1.44,SPY190628C00291000,291.0,normalDay
2018-12-31,187.0,-1460.0,0.0,100,249.92,266.5,0,0.0,0.0,,0.0,1,3.35,1.37,SPY190628C00291000,291.0,normalDay
2019-01-02,187.0,-1417.0,0.0,100,250.18,266.5,0,0.0,0.0,,0.0,1,3.35,1.2,SPY190628C00291000,291.0,normalDay
2019-01-03,187.0,-1971.0,0.0,100,244.21,266.5,0,0.0,0.0,,0.0,1,3.35,0.77,SPY190628C00291000,291.0,normalDay
2019-01-04,187.0,-1199.0,0.0,100,252.39,266.5,0,0.0,0.0,,0.0,1,3.35,1.23,SPY190628C00291000,291.0,normalDay
2019-01-07,187.0,-1006.0,0.0,100,254.38,266.5,0,0.0,0.0,,0.0,1,3.35,1.29,SPY190628C00291000,291.0,normalDay
2019-01-08,187.0,-783.0,0.0,100,256.77,266.5,0,0.0,0.0,,0.0,1,3.35,1.45,SPY190628C00291000,291.0,normalDay
2019-01-09,187.0,-660.0,0.0,100,257.97,266.5,0,0.0,0.0,,0.0,1,3.35,1.42,SPY190628C00291000,291.0,normalDay
2019-01-10,187.0,-578.0,0.0,100,258.88,266.5,0,0.0,0.0,,0.0,1,3.35,1.51,SPY190628C00291000,291.0,normalDay
2019-01-11,187.0,-541.0,0.0,100,258.98,266.5,0,0.0,0.0,,0.0,1,3.35,1.24,SPY190628C00291000,291.0,normalDay
2019-01-14,187.0,-672.0,0.0,100,257.4,266.5,0,0.0,0.0,,0.0,1,3.35,0.97,SPY190628C00291000,291.0,normalDay
2019-01-15,187.0,-384.0,0.0,100,260.35,266.5,0,0.0,0.0,,0.0,1,3.35,1.04,SPY190628C00291000,291.0,normalDay
2019-01-16,187.0,-328.0,0.0,100,260.98,266.5,0,0.0,0.0,,0.0,1,3.35,1.11,SPY190628C00291000,291.0,normalDay
2019-01-17,187.0,-154.0,0.0,100,262.96,266.5,0,0.0,0.0,,0.0,1,3.35,1.35,SPY190628C00291000,291.0,normalDay
2019-01-18,187.0,141.0,0.0,100,266.46,266.5,0,0.0,0.0,,0.0,1,3.35,1.9,SPY190628C00291000,291.0,normalDay
2019-01-22,187.0,-185.0,0.0,100,262.86,266.5,0,0.0,0.0,,0.0,1,3.35,1.56,SPY190628C00291000,291.0,normalDay
2019-01-23,187.0,-123.0,0.0,100,263.41,266.5,0,0.0,0.0,,0.0,1,3.35,1.49,SPY190628C00291000,291.0,normalDay
2019-01-24,187.0,-91.0,0.0,100,263.55,266.5,0,0.0,0.0,,0.0,1,3.35,1.31,SPY190628C00291000,291.0,normalDay
2019-01-25,187.0,96.0,0.0,100,265.78,266.5,0,0.0,0.0,,0.0,1,3.35,1.67,SPY190628C00291000,291.0,normalDay
2019-01-28,187.0,-75.0,0.0,100,263.76,266.5,0,0.0,0.0,,0.0,1,3.35,1.36,SPY190628C00291000,291.0,normalDay
2019-01-29,187.0,-104.0,0.0,100,263.41,266.5,0,0.0,0.0,,0.0,1,3.35,1.3,SPY190628C00291000,291.0,normalDay
2019-01-30,187.0,259.0,0.0,100,267.58,266.5,0,0.0,0.0,,0.0,1,3.35,1.84,SPY190628C00291000,291.0,normalDay
2019-01-31,187.0,453.0,0.0,100,269.93,266.5,0,0.0,0.0,,0.0,1,3.35,2.25,SPY190628C00291000,291.0,normalDay
2019-02-01,187.0,478.0,0.0,100,270.06,266.5,0,0.0,0.0,,0.0,1,3.35,2.13,SPY190628C00291000,291.0,normalDay
2019-02-04,187.0,645.0,0.0,100,271.96,266.5,0,0.0,0.0,,0.0,1,3.35,2.36,SPY190628C00291000,291.0,normalDay
2019-02-05,187.0,743.0,0.0,100,273.1,266.5,0,0.0,0.0,,0.0,1,3.35,2.52,SPY190628C00291000,291.0,normalDay
2019-02-06,187.0,725.0,0.0,100,272.74,266.5,0,0.0,0.0,,0.0,1,3.35,2.34,SPY190628C00291000,291.0,normalDay
2019-02-07,187.0,513.0,0.0,100,270.14,266.5,0,0.0,0.0,,0.0,1,3.35,1.86,SPY190628C00291000,291.0,normalDay
2019-02-08,187.0,550.0,0.0,100,270.47,266.5,0,0.0,0.0,,0.0,1,3.35,1.82,SPY190628C00291000,291.0,normalDay
2019-02-11,187.0,568.0,0.0,100,270.62,266.5,0,0.0,0.0,,0.0,1,3.35,1.79,SPY190628C00291000,291.0,normalDay
2019-02-12,187.0,837.0,0.0,100,274.1,266.5,0,0.0,0.0,,0.0,1,3.35,2.58,SPY190628C00291000,291.0,normalDay
2019-02-13,187.0,911.0,0.0,100,274.99,266.5,0,0.0,0.0,,0.0,1,3.35,2.73,SPY190628C00291000,291.0,normalDay
2019-02-14,187.0,861.0,0.0,100,274.38,266.5,0,0.0,0.0,,0.0,1,3.35,2.62,SPY190628C00291000,291.0,normalDay
2019-02-15,187.0,1096.0,0.0,100,277.37,266.5,0,0.0,0.0,,0.0,1,3.35,3.26,SPY190628C00291000,291.0,normalDay
2019-02-19,187.0,1160.0,0.0,100,277.85,266.5,0,0.0,0.0,,0.0,1,3.35,3.1,SPY190628C00291000,291.0,normalDay
2019-02-20,187.0,1219.0,0.0,100,278.41,266.5,0,0.0,0.0,,0.0,1,3.35,3.07,SPY190628C00291000,291.0,normalDay
2019-02-21,187.0,1156.0,0.0,100,277.42,266.5,0,0.0,0.0,,0.0,1,3.35,2.71,SPY190628C00291000,291.0,normalDay
2019-02-22,187.0,1296.0,0.0,100,279.14,266.5,0,0.0,0.0,,0.0,1,3.35,3.03,SPY190628C00291000,291.0,normalDay
2019-02-25,187.0,1314.0,0.0,100,279.52,266.5,0,0.0,0.0,,0.0,1,3.35,3.23,SPY190628C00291000,291.0,normalDay
2019-02-26,187.0,1304.0,0.0,100,279.32,266.5,0,0.0,0.0,,0.0,1,3.35,3.13,SPY190628C00291000,291.0,normalDay
2019-02-27,187.0,1301.0,0.0,100,279.2,266.5,0,0.0,0.0,,0.0,1,3.35,3.04,SPY190628C00291000,291.0,normalDay
2019-02-28,187.0,1278.0,0.0,100,278.68,266.5,0,0.0,0.0,,0.0,1,3.35,2.75,SPY190628C00291000,291.0,normalDay
2019-03-01,187.0,1427.0,0.0,100,280.42,266.5,0,0.0,0.0,,0.0,1,3.35,3.0,SPY190628C00291000,291.0,normalDay
2019-03-04,187.0,1359.0,0.0,100,279.4,266.5,0,0.0,0.0,,0.0,1,3.35,2.66,SPY190628C00291000,291.0,normalDay
2019-03-05,187.0,1331.0,0.0,100,279.02,266.5,0,0.0,0.0,,0.0,1,3.35,2.56,SPY190628C00291000,291.0,normalDay
2019-03-06,187.0,1199.0,0.0,100,277.33,266.5,0,0.0,0.0,,0.0,1,3.35,2.19,SPY190628C00291000,291.0,normalDay
2019-03-07,187.0,1007.0,0.0,100,275.01,266.5,0,0.0,0.0,,0.0,1,3.35,1.79,SPY190628C00291000,291.0,normalDay
2019-03-08,187.0,963.0,0.0,100,274.46,266.5,0,0.0,0.0,,0.0,1,3.35,1.68,SPY190628C00291000,291.0,normalDay
2019-03-11,187.0,1306.0,0.0,100,278.44,266.5,0,0.0,0.0,,0.0,1,3.35,2.23,SPY190628C00291000,291.0,normalDay
2019-03-12,187.0,1402.0,0.0,100,279.49,266.5,0,0.0,0.0,,0.0,1,3.35,2.32,SPY190628C00291000,291.0,normalDay
2019-03-13,187.0,1524.0,0.0,100,281.34,266.5,0,0.0,0.0,,0.0,1,3.35,2.95,SPY190628C00291000,291.0,normalDay
2019-03-14,187.0,1522.0,0.0,100,281.16,266.5,0,0.0,0.0,,0.0,1,3.35,2.79,SPY190628C00291000,291.0,normalDay
2019-03-15,187.0,1500.0,0.0,100,281.31,266.5,0,0.0,0.0,,0.0,1,3.35,3.16,SPY190628C00291000,291.0,normalDay
2019-03-18,187.0,1544.0,0.0,100,282.33,266.5,0,0.0,0.0,,0.0,1,3.35,3.74,SPY190628C00291000,291.0,normalDay
2019-03-19,187.0,1553.0,0.0,100,282.4,266.5,0,0.0,0.0,,0.0,1,3.35,3.72,SPY190628C00291000,291.0,normalDay
2019-03-20,187.0,1499.0,0.0,100,281.55,266.5,0,0.0,0.0,,0.0,1,3.35,3.41,SPY190628C00291000,291.0,normalDay
2019-03-21,187.0,1683.0,0.0,100,284.73,266.5,0,0.0,0.0,,0.0,1,3.35,4.75,SPY190628C00291000,291.0,normalDay
2019-03-22,187.0,1271.0,0.0,100,279.25,266.5,0,0.0,0.0,,0.0,1,3.35,3.39,SPY190628C00291000,291.0,normalDay
2019-03-25,187.0,1278.0,0.0,100,279.04,266.5,0,0.0,0.0,,0.0,1,3.35,3.11,SPY190628C00291000,291.0,normalDay
2019-03-26,187.0,1461.0,0.0,100,281.12,266.5,0,0.0,0.0,,0.0,1,3.35,3.36,SPY190628C00291000,291.0,normalDay
2019-03-27,187.0,1351.0,0.0,100,279.65,266.5,0,0.0,0.0,,0.0,1,3.35,2.99,SPY190628C00291000,291.0,normalDay
2019-03-28,187.0,1446.0,0.0,100,280.71,266.5,0,0.0,0.0,,0.0,1,3.35,3.1,SPY190628C00291000,291.0,normalDay
2019-03-29,187.0,1571.0,0.0,100,282.48,266.5,0,0.0,0.0,,0.0,1,3.35,3.62,SPY190628C00291000,291.0,normalDay
2019-04-01,187.0,1796.0,0.0,100,285.83,266.5,0,0.0,0.0,,0.0,1,3.35,4.72,SPY190628C00291000,291.0,normalDay
2019-04-02,187.0,1815.0,0.0,100,285.97,266.5,0,0.0,0.0,,0.0,1,3.35,4.67,SPY190628C00291000,291.0,normalDay
2019-04-03,187.0,1818.0,0.0,100,286.42,266.5,0,0.0,0.0,,0.0,1,3.35,5.09,SPY190628C00291000,291.0,normalDay
2019-04-04,187.0,1875.0,0.0,100,287.18,266.5,0,0.0,0.0,,0.0,1,3.35,5.28,SPY190628C00291000,291.0,normalDay
2019-04-05,187.0,1968.0,0.0,100,288.57,266.5,0,0.0,0.0,,0.0,1,3.35,5.74,SPY190628C00291000,291.0,normalDay
2019-04-08,187.0,1987.0,0.0,100,288.79,266.5,0,0.0,0.0,,0.0,1,3.35,5.77,SPY190628C00291000,291.0,normalDay
2019-04-09,187.0,1909.0,0.0,100,287.31,266.5,0,0.0,0.0,,0.0,1,3.35,5.07,SPY190628C00291000,291.0,normalDay
2019-04-10,187.0,1968.0,0.0,100,288.29,266.5,0,0.0,0.0,,0.0,1,3.35,5.46,SPY190628C00291000,291.0,normalDay
2019-04-11,187.0,1986.0,0.0,100,288.21,266.5,0,0.0,0.0,,0.0,1,3.35,5.2,SPY190628C00291000,291.0,normalDay
2019-04-12,187.0,2095.0,0.0,100,290.16,266.5,0,0.0,0.0,,0.0,1,3.35,6.06,SPY190628C00291000,291.0,normalDay
2019-04-15,187.0,2103.0,0.0,100,289.97,266.5,0,0.0,0.0,,0.0,1,3.35,5.79,SPY190628C00291000,291.0,normalDay
2019-04-16,187.0,2127.0,0.0,100,290.16,266.5,0,0.0,0.0,,0.0,1,3.35,5.74,SPY190628C00291000,291.0,normalDay
2019-04-17,187.0,2101.0,0.0,100,289.45,266.5,0,0.0,0.0,,0.0,1,3.35,5.29,SPY190628C00291000,291.0,normalDay
2019-04-18,187.0,2126.0,0.0,100,290.02,266.5,0,0.0,0.0,,0.0,1,3.35,5.61,SPY190628C00291000,291.0,normalDay
2019-04-22,187.0,2152.0,0.0,100,290.27,266.5,0,0.0,0.0,,0.0,1,3.35,5.6,SPY190628C00291000,291.0,normalDay
2019-04-23,187.0,2262.0,0.0,100,292.88,266.5,0,0.0,0.0,,0.0,1,3.35,7.11,SPY190628C00291000,291.0,normalDay
2019-04-24,187.0,2222.0,0.0,100,292.23,266.5,0,0.0,0.0,,0.0,1,3.35,6.86,SPY190628C00291000,291.0,normalDay
2019-04-25,187.0,2228.0,0.0,100,292.05,266.5,0,0.0,0.0,,0.0,1,3.35,6.62,SPY190628C00291000,291.0,normalDay
2019-04-26,187.0,2286.0,0.0,100,293.41,266.5,0,0.0,0.0,,0.0,1,3.35,7.4,SPY190628C00291000,291.0,normalDay
2019-04-29,187.0,2313.0,0.0,100,293.87,266.5,0,0.0,0.0,,0.0,1,3.35,7.59,SPY190628C00291000,291.0,normalDay
2019-04-30,187.0,2298.0,0.0,100,294.02,266.5,0,0.0,0.0,,0.0,1,3.35,7.89,SPY190628C00291000,291.0,normalDay
2019-05-01,187.0,2219.0,0.0,100,291.81,266.5,0,0.0,0.0,,0.0,1,3.35,6.47,SPY190628C00291000,291.0,normalDay
2019-05-02,187.0,2209.0,0.0,100,291.18,266.5,0,0.0,0.0,,0.0,1,3.35,5.94,SPY190628C00291000,291.0,normalDay
2019-05-03,187.0,2332.0,0.0,100,294.03,266.5,0,0.0,0.0,,0.0,1,3.35,7.56,SPY190628C00291000,291.0,normalDay
2019-05-06,187.0,2257.0,0.0,100,292.82,266.5,0,0.0,0.0,,0.0,1,3.35,7.1,SPY190628C00291000,291.0,normalDay
2019-05-07,187.0,1919.0,0.0,100,287.93,266.5,0,0.0,0.0,,0.0,1,3.35,5.59,SPY190628C00291000,291.0,normalDay
2019-05-08,187.0,1922.0,0.0,100,287.53,266.5,0,0.0,0.0,,0.0,1,3.35,5.16,SPY190628C00291000,291.0,normalDay
2019-05-09,187.0,1898.0,0.0,100,286.66,266.5,0,0.0,0.0,,0.0,1,3.35,4.53,SPY190628C00291000,291.0,normalDay
2019-05-10,187.0,2074.0,0.0,100,288.1,266.5,0,0.0,0.0,,0.0,1,3.35,4.21,SPY190628C00291000,291.0,normalDay
2019-05-13,187.0,1576.0,0.0,100,280.86,266.5,0,0.0,0.0,,0.0,1,3.35,1.95,SPY190628C00291000,291.0,normalDay
2019-05-14,187.0,1788.0,0.0,100,283.4,266.5,0,0.0,0.0,,0.0,1,3.35,2.37,SPY190628C00291000,291.0,normalDay
2019-05-15,187.0,1918.0,0.0,100,285.06,266.5,0,0.0,0.0,,0.0,1,3.35,2.73,SPY190628C00291000,291.0,normalDay
2019-05-16,187.0,2107.0,0.0,100,287.7,266.5,0,0.0,0.0,,0.0,1,3.35,3.48,SPY190628C00291000,291.0,normalDay
2019-05-17,187.0,1998.0,0.0,100,285.84,266.5,0,0.0,0.0,,0.0,1,3.35,2.71,SPY190628C00291000,291.0,normalDay
2019-05-20,187.0,1880.0,0.0,100,283.95,266.5,0,0.0,0.0,,0.0,1,3.35,2.0,SPY190628C00291000,291.0,normalDay
2019-05-21,187.0,2083.0,0.0,100,286.51,266.5,0,0.0,0.0,,0.0,1,3.35,2.53,SPY190628C00291000,291.0,normalDay
2019-05-22,187.0,2044.0,0.0,100,285.63,266.5,0,0.0,0.0,,0.0,1,3.35,2.04,SPY190628C00291000,291.0,normalDay
2019-05-23,187.0,1775.0,0.0,100,282.14,266.5,0,0.0,0.0,,0.0,1,3.35,1.24,SPY190628C00291000,291.0,normalDay
2019-05-24,187.0,1836.0,0.0,100,282.78,266.5,0,0.0,0.0,,0.0,1,3.35,1.27,SPY190628C00291000,291.0,normalDay
2019-05-28,187.0,1624.0,0.0,100,280.15,266.5,0,0.0,0.0,,0.0,1,3.35,0.76,SPY190628C00291000,291.0,normalDay
2019-05-29,187.0,1463.0,0.0,100,278.27,266.5,0,0.0,0.0,,0.0,1,3.35,0.49,SPY190628C00291000,291.0,normalDay
2019-05-30,187.0,1541.0,0.0,100,279.03,266.5,0,0.0,0.0,,0.0,1,3.35,0.47,SPY190628C00291000,291.0,normalDay
2019-05-31,187.0,1190.0,0.0,100,275.27,266.5,0,0.0,0.0,,0.0,1,3.35,0.22,SPY190628C00291000,291.0,normalDay
2019-06-03,187.0,1124.0,0.0,100,274.57,266.5,0,0.0,0.0,,0.0,1,3.35,0.18,SPY190628C00291000,291.0,normalDay
2019-06-04,187.0,1693.0,0.0,100,280.53,266.5,0,0.0,0.0,,0.0,1,3.35,0.45,SPY190628C00291000,291.0,normalDay
2019-06-05,187.0,1910.0,0.0,100,282.96,266.5,0,0.0,0.0,,0.0,1,3.35,0.71,SPY190628C00291000,291.0,normalDay
2019-06-06,187.0,2061.0,0.0,100,284.8,266.5,0,0.0,0.0,,0.0,1,3.35,1.04,SPY190628C00291000,291.0,normalDay
2019-06-07,187.0,2259.0,0.0,100,287.65,266.5,0,0.0,0.0,,0.0,1,3.35,1.91,SPY190628C00291000,291.0,normalDay
2019-06-10,187.0,2357.0,0.0,100,288.97,266.5,0,0.0,0.0,,0.0,1,3.35,2.25,SPY190628C00291000,291.0,normalDay
2019-06-11,187.0,2367.0,0.0,100,288.9,266.5,0,0.0,0.0,,0.0,1,3.35,2.08,SPY190628C00291000,291.0,normalDay
2019-06-12,187.0,2356.0,0.0,100,288.39,266.5,0,0.0,0.0,,0.0,1,3.35,1.68,SPY190628C00291000,291.0,normalDay
2019-06-13,187.0,2429.0,0.0,100,289.58,266.5,0,0.0,0.0,,0.0,1,3.35,2.14,SPY190628C00291000,291.0,normalDay
2019-06-14,187.0,2435.0,0.0,100,289.26,266.5,0,0.0,0.0,,0.0,1,3.35,1.76,SPY190628C00291000,291.0,normalDay
2019-06-17,187.0,2471.0,0.0,100,289.37,266.5,0,0.0,0.0,,0.0,1,3.35,1.51,SPY190628C00291000,291.0,normalDay
2019-06-18,187.0,2632.0,0.0,100,292.4,266.5,0,0.0,0.0,,0.0,1,3.35,2.93,SPY190628C00291000,291.0,normalDay
2019-06-19,187.0,2688.0,0.0,100,293.06,266.5,0,0.0,0.0,,0.0,1,3.35,3.03,SPY190628C00291000,291.0,normalDay
2019-06-20,187.0,2762.0,0.0,100,295.86,266.5,0,0.0,0.0,,0.0,1,3.35,5.09,SPY190628C00291000,291.0,normalDay
2019-06-21,187.0,2667.0,0.0,100,294.0,266.5,0,0.0,0.0,,0.0,1,3.35,4.18,SPY190628C00291000,291.0,normalDay
2019-06-24,187.0,2690.0,0.0,100,293.64,266.5,0,0.0,0.0,,0.0,1,3.35,3.59,SPY190628C00291000,291.0,normalDay
2019-06-25,187.0,2613.0,0.0,100,290.76,266.5,0,0.0,0.0,,0.0,1,3.35,1.48,SPY190628C00291000,291.0,normalDay
2019-06-26,187.0,2640.0,0.0,100,290.47,266.5,0,0.0,0.0,,0.0,1,3.35,0.92,SPY190628C00291000,291.0,normalDay
2019-06-27,187.0,2701.0,0.0,100,291.5,266.5,0,0.0,0.0,,0.0,1,3.35,1.34,SPY190628C00291000,291.0,normalDay
2019-06-28,2972.0,2701.0,2785.0,0,293.0,0.0,0,0.0,0.0,,0.0,1,3.35,0.0,SPY190628C00291000,291.0,expirationDay
2019-07-01,2972.0,0.0,0.0,0,295.66,0.0,0,0.0,0.0,,0.0,0,0.0,0.0,,0.0,bidTooLow
2019-07-02,2972.0,-3.0,0.0,0,296.43,0.0,1,0.01,0.04,SPY190705P00286500,286.5,0,0.0,0.0,,0.0,normalDay
2019-07-03,2972.0,-1.0,0.0,0,298.8,0.0,1,0.01,0.02,SPY190705P00286500,286.5,0,0.0,0.0,,0.0,normalDay
2019-07-05,2973.0,0.0,1.0,0,298.46,0.0,1,0.01,0.0,SPY190705P00286500,286.5,0,0.0,0.0,,0.0,expirationDay
2019-07-08,2973.0,0.0,0.0,0,296.82,0.0,0,0.0,0.0,,0.0,0,0.0,0.0,,0.0,bidTooLow
2019-07-09,2973.0,-3.0,0.0,0,297.19,0.0,1,0.03,0.06,SPY190712P00289000,289.0,0,0.0,0.0,,0.0,normalDay
2019-07-10,2973.0,1.0,0.0,0,298.61,0.0,1,0.03,0.02,SPY190712P00289000,289.0,0,0.0,0.0,,0.0,normalDay
2019-07-11,2973.0,1.0,0.0,0,299.31,0.0,1,0.03,0.02,SPY190712P00289000,289.0,0,0.0,0.0,,0.0,normalDay
2019-07-12,2976.0,0.0,3.0,0,300.65,0.0,1,0.03,0.0,SPY190712P00289000,289.0,0,0.0,0.0,,0.0,expirationDay
2019-07-15,2976.0,0.0,0.0,0,300.75,0.0,0,0.0,0.0,,0.0,0,0.0,0.0,,0.0,bidTooLow
2019-07-16,2976.0,-3.0,0.0,0,299.78,0.0,1,0.05,0.08,SPY190719P00292000,292.0,0,0.0,0.0,,0.0,normalDay
2019-07-17,2976.0,-4.0,0.0,0,297.74,0.0,1,0.05,0.09,SPY190719P00292000,292.0,0,0.0,0.0,,0.0,normalDay
2019-07-18,2976.0,1.0,0.0,0,298.83,0.0,1,0.05,0.04,SPY190719P00292000,292.0,0,0.0,0.0,,0.0,normalDay
2019-07-19,2981.0,0.0,5.0,0,297.17,0.0,1,0.05,0.0,SPY190719P00292000,292.0,0,0.0,0.0,,0.0,expirationDay
2019-07-22,2981.0,-3.0,0.0,0,297.9,0.0,1,0.05,0.08,SPY190724P00293000,293.0,0,0.0,0.0,,0.0,normalDay
2019-07-23,2981.0,3.0,0.0,0,300.03,0.0,1,0.05,0.02,SPY190724P00293000,293.0,0,0.0,0.0,,0.0,normalDay
2019-07-24,2986.0,0.0,5.0,0,301.44,0.0,1,0.05,0.0,SPY190724P00293000,293.0,0,0.0,0.0,,0.0,expirationDay
2019-07-25,2986.0,-3.0,0.0,0,300.0,0.0,1,0.01,0.04,SPY190726P00295000,295.0,0,0.0,0.0,,0.0,normalDay
2019-07-26,2987.0,0.0,1.0,0,302.01,0.0,1,0.01,0.0,SPY190726P00295000,295.0,0,0.0,0.0,,0.0,expirationDay
2019-07-29,2987.0,-3.0,0.0,0,301.46,0.0,1,0.16,0.19,SPY190731P00297000,297.0,0,0.0,0.0,,0.0,normalDay
2019-07-30,2987.0,-7.0,0.0,0,300.72,0.0,1,0.16,0.23,SPY190731P00297000,297.0,0,0.0,0.0,,0.0,normalDay
2019-07-31,3003.0,0.0,16.0,0,297.43,0.0,1,0.16,0.0,SPY190731P00297000,297.0,0,0.0,0.0,,0.0,expirationDay
2019-08-01,3003.0,-7.0,0.0,0,294.84,0.0,1,2.35,2.42,SPY190802P00297000,297.0,0,0.0,0.0,,0.0,normalDay
2019-08-02,3238.0,-438.0,235.0,100,292.62,297.0,1,2.35,0.0,SPY190802P00297000,297.0,0,0.0,0.0,,0.0,expirationDay
2019-08-05,3238.0,-1340.0,0.0,100,283.82,297.0,0,0.0,0.0,,0.0,1,2.65,2.87,SPY200320C00313000,313.0,normalDay
2019-08-06,3238.0,-996.0,0.0,100,287.8,297.0,0,0.0,0.0,,0.0,1,2.65,3.41,SPY200320C00313000,313.0,normalDay
2019-08-07,3238.0,-977.0,0.0,100,287.97,297.0,0,0.0,0.0,,0.0,1,2.65,3.39,SPY200320C00313000,313.0,normalDay
2019-08-08,3238.0,-531.0,0.0,100,293.62,297.0,0,0.0,0.0,,0.0,1,2.65,4.58,SPY200320C00313000,313.0,normalDay
2019-08-09,3238.0,-694.0,0.0,100,291.62,297.0,0,0.0,0.0,,0.0,1,2.65,4.21,SPY200320C00313000,313.0,normalDay
2019-08-12,3238.0,-976.0,0.0,100,288.07,297.0,0,0.0,0.0,,0.0,1,2.65,3.48,SPY200320C00313000,313.0,normalDay
2019-08-13,3238.0,-621.0,0.0,100,292.55,297.0,0,0.0,0.0,,0.0,1,2.65,4.41,SPY200320C00313000,313.0,normalDay
2019-08-14,3238.0,-1339.0,0.0,100,283.9,297.0,0,0.0,0.0,,0.0,1,2.65,2.94,SPY200320C00313000,313.0,normalDay
2019-08-15,3238.0,-1267.0,0.0,100,284.65,297.0,0,0.0,0.0,,0.0,1,2.65,2.97,SPY200320C00313000,313.0,normalDay
2019-08-16,3238.0,-915.0,0.0,100,288.85,297.0,0,0.0,0.0,,0.0,1,2.65,3.65,SPY200320C00313000,313.0,normalDay
2019-08-19,3238.0,-619.0,0.0,100,292.33,297.0,0,0.0,0.0,,0.0,1,2.65,4.17,SPY200320C00313000,313.0,normalDay
2019-08-20,3238.0,-785.0,0.0,100,290.09,297.0,0,0.0,0.0,,0.0,1,2.65,3.59,SPY200320C00313000,313.0,normalDay
2019-08-21,3238.0,-604.0,0.0,100,292.45,297.0,0,0.0,0.0,,0.0,1,2.65,4.14,SPY200320C00313000,313.0,normalDay
2019-08-22,3238.0,-608.0,0.0,100,292.36,297.0,0,0.0,0.0,,0.0,1,2.65,4.09,SPY200320C00313000,313.0,normalDay
2019-08-23,3238.0,-1251.0,0.0,100,284.85,297.0,0,0.0,0.0,,0.0,1,2.65,3.01,SPY200320C00313000,313.0,normalDay
2019-08-26,3238.0,-977.0,0.0,100,288.0,297.0,0,0.0,0.0,,0.0,1,2.65,3.42,SPY200320C00313000,313.0,normalDay
2019-08-27,3238.0,-1075.0,0.0,100,286.87,297.0,0,0.0,0.0,,0.0,1,2.65,3.27,SPY200320C00313000,313.0,normalDay
2019-08-28,3238.0,-918.0,0.0,100,288.89,297.0,0,0.0,0.0,,0.0,1,2.65,3.72,SPY200320C00313000,313.0,normalDay
2019-08-29,3238.0,-623.0,0.0,100,292.58,297.0,0,0.0,0.0,,0.0,1,2.65,4.46,SPY200320C00313000,313.0,normalDay
2019-08-30,3238.0,-645.0,0.0,100,292.45,297.0,0,0.0,0.0,,0.0,1,2.65,4.55,SPY200320C00313000,313.0,normalDay
2019-09-03,3238.0,-768.0,0.0,100,290.74,297.0,0,0.0,0.0,,0.0,1,2.65,4.07,SPY200320C00313000,313.0,normalDay
2019-09-04,3238.0,-498.0,0.0,100,294.04,297.0,0,0.0,0.0,,0.0,1,2.65,4.67,SPY200320C00313000,313.0,normalDay
2019-09-05,3238.0,-219.0,0.0,100,297.82,297.0,0,0.0,0.0,,0.0,1,2.65,5.66,SPY200320C00313000,313.0,normalDay
2019-09-06,3238.0,-189.0,0.0,100,298.05,297.0,0,0.0,0.0,,0.0,1,2.65,5.59,SPY200320C00313000,313.0,normalDay
2019-09-09,3238.0,-163.0,0.0,100,298.2,297.0,0,0.0,0.0,,0.0,1,2.65,5.48,SPY200320C00313000,313.0,normalDay
2019-09-10,3238.0,-169.0,0.0,100,298.13,297.0,0,0.0,0.0,,0.0,1,2.65,5.47,SPY200320C00313000,313.0,normalDay
2019-09-11,3238.0,-44.0,0.0,100,300.25,297.0,0,0.0,0.0,,0.0,1,2.65,6.34,SPY200320C00313000,313.0,normalDay
2019-09-12,3238.0,26.0,0.0,100,301.29,297.0,0,0.0,0.0,,0.0,1,2.65,6.68,SPY200320C00313000,313.0,normalDay
2019-09-13,3238.0,26.0,0.0,100,301.09,297.0,0,0.0,0.0,,0.0,1,2.65,6.48,SPY200320C00313000,313.0,normalDay
2019-09-16,3238.0,-46.0,0.0,100,300.16,297.0,0,0.0,0.0,,0.0,1,2.65,6.27,SPY200320C00313000,313.0,normalDay
2019-09-17,3238.0,-4.0,0.0,100,300.92,297.0,0,0.0,0.0,,0.0,1,2.65,6.61,SPY200320C00313000,313.0,normalDay
2019-09-18,3238.0,13.0,0.0,100,301.1,297.0,0,0.0,0.0,,0.0,1,2.65,6.62,SPY200320C00313000,313.0,normalDay
2019-09-19,3238.0,33.0,0.0,100,301.08,297.0,0,0.0,0.0,,0.0,1,2.65,6.4,SPY200320C00313000,313.0,normalDay
2019-09-20,3238.0,-213.0,0.0,100,298.28,297.0,0,0.0,0.0,,0.0,1,2.65,6.06,SPY200320C00313000,313.0,normalDay
2019-09-23,3238.0,-204.0,0.0,100,298.21,297.0,0,0.0,0.0,,0.0,1,2.65,5.9,SPY200320C00313000,313.0,normalDay
2019-09-24,3238.0,-375.0,0.0,100,295.87,297.0,0,0.0,0.0,,0.0,1,2.65,5.27,SPY200320C00313000,313.0,normalDay
2019-09-25,3238.0,-230.0,0.0,100,297.62,297.0,0,0.0,0.0,,0.0,1,2.65,5.57,SPY200320C00313000,313.0,normalDay
2019-09-26,3238.0,-274.0,0.0,100,297.0,297.0,0,0.0,0.0,,0.0,1,2.65,5.39,SPY200320C00313000,313.0,normalDay
2019-09-27,3238.0,-391.0,0.0,100,295.4,297.0,0,0.0,0.0,,0.0,1,2.65,4.96,SPY200320C00313000,313.0,normalDay
2019-09-30,3238.0,-273.0,0.0,100,296.77,297.0,0,0.0,0.0,,0.0,1,2.65,5.15,SPY200320C00313000,313.0,normalDay
2019-10-01,3238.0,-520.0,0.0,100,293.24,297.0,0,0.0,0.0,,0.0,1,2.65,4.09,SPY200320C00313000,313.0,normalDay
2019-10-02,3238.0,-910.0,0.0,100,288.06,297.0,0,0.0,0.0,,0.0,1,2.65,2.81,SPY200320C00313000,313.0,normalDay
2019-10-03,3238.0,-724.0,0.0,100,290.42,297.0,0,0.0,0.0,,0.0,1,2.65,3.31,SPY200320C00313000,313.0,normalDay
2019-10-04,3238.0,-402.0,0.0,100,294.35,297.0,0,0.0,0.0,,0.0,1,2.65,4.02,SPY200320C00313000,313.0,normalDay
2019-10-07,3238.0,-485.0,0.0,100,293.08,297.0,0,0.0,0.0,,0.0,1,2.65,3.58,SPY200320C00313000,313.0,normalDay
2019-10-08,3238.0,-859.0,0.0,100,288.53,297.0,0,0.0,0.0,,0.0,1,2.65,2.77,SPY200320C00313000,313.0,normalDay
2019-10-09,3238.0,-626.0,0.0,100,291.27,297.0,0,0.0,0.0,,0.0,1,2.65,3.18,SPY200320C00313000,313.0,normalDay
2019-10-10,3238.0,-477.0,0.0,100,293.24,297.0,0,0.0,0.0,,0.0,1,2.65,3.66,SPY200320C00313000,313.0,normalDay
2019-10-11,3238.0,-238.0,0.0,100,296.28,297.0,0,0.0,0.0,,0.0,1,2.65,4.31,SPY200320C00313000,313.0,normalDay
2019-10-14,3238.0,-217.0,0.0,100,295.95,297.0,0,0.0,0.0,,0.0,1,2.65,3.77,SPY200320C00313000,313.0,normalDay
2019-10-15,3238.0,-8.0,0.0,100,298.88,297.0,0,0.0,0.0,,0.0,1,2.65,4.61,SPY200320C00313000,313.0,normalDay
2019-10-16,3238.0,-31.0,0.0,100,298.4,297.0,0,0.0,0.0,,0.0,1,2.65,4.36,SPY200320C00313000,313.0,normalDay
2019-10-17,3238.0,36.0,0.0,100,299.28,297.0,0,0.0,0.0,,0.0,1,2.65,4.57,SPY200320C00313000,313.0,normalDay
2019-10-18,3238.0,-67.0,0.0,100,297.97,297.0,0,0.0,0.0,,0.0,1,2.65,4.29,SPY200320C00313000,313.0,normalDay
2019-10-21,3238.0,89.0,0.0,100,299.99,297.0,0,0.0,0.0,,0.0,1,2.65,4.75,SPY200320C00313000,313.0,normalDay
2019-10-22,3238.0,28.0,0.0,100,299.01,297.0,0,0.0,0.0,,0.0,1,2.65,4.38,SPY200320C00313000,313.0,normalDay
2019-10-23,3238.0,81.0,0.0,100,299.88,297.0,0,0.0,0.0,,0.0,1,2.65,4.72,SPY200320C00313000,313.0,normalDay
2019-10-24,3238.0,132.0,0.0,100,300.37,297.0,0,0.0,0.0,,0.0,1,2.65,4.7,SPY200320C00313000,313.0,normalDay
2019-10-25,3238.0,220.0,0.0,100,301.6,297.0,0,0.0,0.0,,0.0,1,2.65,5.05,SPY200320C00313000,313.0,normalDay
2019-10-28,3238.0,320.0,0.0,100,303.3,297.0,0,0.0,0.0,,0.0,1,2.65,5.75,SPY200320C00313000,313.0,normalDay
2019-10-29,3238.0,321.0,0.0,100,303.21,297.0,0,0.0,0.0,,0.0,1,2.65,5.65,SPY200320C00313000,313.0,normalDay
2019-10-30,3238.0,379.0,0.0,100,304.14,297.0,0,0.0,0.0,,0.0,1,2.65,6.0,SPY200320C00313000,313.0,normalDay
2019-10-31,3238.0,333.0,0.0,100,303.33,297.0,0,0.0,0.0,,0.0,1,2.65,5.65,SPY200320C00313000,313.0,normalDay
2019-11-01,3238.0,503.0,0.0,100,306.14,297.0,0,0.0,0.0,,0.0,1,2.65,6.76,SPY200320C00313000,313.0,normalDay
2019-11-04,3238.0,563.0,0.0,100,307.37,297.0,0,0.0,0.0,,0.0,1,2.65,7.39,SPY200320C00313000,313.0,normalDay
2019-11-05,3238.0,542.0,0.0,100,307.03,297.0,0,0.0,0.0,,0.0,1,2.65,7.26,SPY200320C00313000,313.0,normalDay
2019-11-06,3238.0,539.0,0.0,100,307.1,297.0,0,0.0,0.0,,0.0,1,2.65,7.36,SPY200320C00313000,313.0,normalDay
2019-11-07,3238.0,596.0,0.0,100,308.18,297.0,0,0.0,0.0,,0.0,1,2.65,7.87,SPY200320C00313000,313.0,normalDay
2019-11-08,3238.0,643.0,0.0,100,308.94,297.0,0,0.0,0.0,,0.0,1,2.65,8.16,SPY200320C00313000,313.0,normalDay
2019-11-11,3238.0,621.0,0.0,100,308.35,297.0,0,0.0,0.0,,0.0,1,2.65,7.79,SPY200320C00313000,313.0,normalDay
2019-11-12,3238.0,673.0,0.0,100,309.0,297.0,0,0.0,0.0,,0.0,1,2.65,7.92,SPY200320C00313000,313.0,normalDay
2019-11-13,3238.0,667.0,0.0,100,309.1,297.0,0,0.0,0.0,,0.0,1,2.65,8.08,SPY200320C00313000,313.0,normalDay
2019-11-14,3238.0,697.0,0.0,100,309.55,297.0,0,0.0,0.0,,0.0,1,2.65,8.23,SPY200320C00313000,313.0,normalDay
2019-11-15,3238.0,827.0,0.0,100,311.79,297.0,0,0.0,0.0,,0.0,1,2.65,9.17,SPY200320C00313000,313.0,normalDay
2019-11-18,3238.0,844.0,0.0,100,312.02,297.0,0,0.0,0.0,,0.0,1,2.65,9.23,SPY200320C00313000,313.0,normalDay
2019-11-19,3238.0,845.0,0.0,100,311.93,297.0,0,0.0,0.0,,0.0,1,2.65,9.13,SPY200320C00313000,313.0,normalDay
2019-11-20,3238.0,787.0,0.0,100,310.77,297.0,0,0.0,0.0,,0.0,1,2.65,8.55,SPY200320C00313000,313.0,normalDay
2019-11-21,3238.0,757.0,0.0,100,310.27,297.0,0,0.0,0.0,,0.0,1,2.65,8.35,SPY200320C00313000,313.0,normalDay
2019-11-22,3238.0,803.0,0.0,100,310.96,297.0,0,0.0,0.0,,0.0,1,2.65,8.58,SPY200320C00313000,313.0,normalDay
2019-11-25,3238.0,950.0,0.0,100,313.37,297.0,0,0.0,0.0,,0.0,1,2.65,9.52,SPY200320C00313000,313.0,normalDay
2019-11-26,3238.0,972.0,0.0,100,314.08,297.0,0,0.0,0.0,,0.0,1,2.65,10.01,SPY200320C00313000,313.0,normalDay
2019-11-27,3238.0,1027.0,0.0,100,315.48,297.0,0,0.0,0.0,,0.0,1,2.65,10.86,SPY200320C00313000,313.0,normalDay
2019-11-29,3238.0,958.0,0.0,100,314.31,297.0,0,0.0,0.0,,0.0,1,2.65,10.38,SPY200320C00313000,313.0,normalDay
2019-12-02,3238.0,832.0,0.0,100,311.64,297.0,0,0.0,0.0,,0.0,1,2.65,8.97,SPY200320C00313000,313.0,normalDay
2019-12-03,3238.0,715.0,0.0,100,309.55,297.0,0,0.0,0.0,,0.0,1,2.65,8.05,SPY200320C00313000,313.0,normalDay
2019-12-04,3238.0,836.0,0.0,100,311.46,297.0,0,0.0,0.0,,0.0,1,2.65,8.75,SPY200320C00313000,313.0,normalDay
2019-12-05,3238.0,856.0,0.0,100,312.02,297.0,0,0.0,0.0,,0.0,1,2.65,9.11,SPY200320C00313000,313.0,normalDay
2019-12-06,3238.0,1006.0,0.0,100,314.87,297.0,0,0.0,0.0,,0.0,1,2.65,10.46,SPY200320C00313000,313.0,normalDay
2019-12-09,3238.0,949.0,0.0,100,313.88,297.0,0,0.0,0.0,,0.0,1,2.65,10.04,SPY200320C00313000,313.0,normalDay
2019-12-10,3238.0,915.0,0.0,100,313.53,297.0,0,0.0,0.0,,0.0,1,2.65,10.03,SPY200320C00313000,313.0,normalDay
2019-12-11,3238.0,968.0,0.0,100,314.42,297.0,0,0.0,0.0,,0.0,1,2.65,10.39,SPY200320C00313000,313.0,normalDay
2019-12-12,3238.0,1119.0,0.0,100,317.13,297.0,0,0.0,0.0,,0.0,1,2.65,11.59,SPY200320C00313000,313.0,normalDay
2019-12-13,3238.0,1165.0,0.0,100,317.32,297.0,0,0.0,0.0,,0.0,1,2.65,11.32,SPY200320C00313000,313.0,normalDay
2019-12-16,3238.0,1242.0,0.0,100,319.5,297.0,0,0.0,0.0,,0.0,1,2.65,12.73,SPY200320C00313000,313.0,normalDay
2019-12-17,3238.0,1264.0,0.0,100,319.57,297.0,0,0.0,0.0,,0.0,1,2.65,12.58,SPY200320C00313000,313.0,normalDay
2019-12-18,3238.0,1248.0,0.0,100,319.59,297.0,0,0.0,0.0,,0.0,1,2.65,12.76,SPY200320C00313000,313.0,normalDay
2019-12-19,3238.0,1293.0,0.0,100,320.9,297.0,0,0.0,0.0,,0.0,1,2.65,13.62,SPY200320C00313000,313.0,normalDay
2019-12-20,3238.0,1160.0,0.0,100,320.73,297.0,0,0.0,0.0,,0.0,1,2.65,14.78,SPY200320C00313000,313.0,normalDay
2019-12-23,3238.0,1207.0,0.0,100,321.22,297.0,0,0.0,0.0,,0.0,1,2.65,14.8,SPY200320C00313000,313.0,normalDay
2019-12-24,3238.0,1211.0,0.0,100,321.23,297.0,0,0.0,0.0,,0.0,1,2.65,14.77,SPY200320C00313000,313.0,normalDay
2019-12-26,3238.0,1256.0,0.0,100,322.94,297.0,0,0.0,0.0,,0.0,1,2.65,16.03,SPY200320C00313000,313.0,normalDay
2019-12-27,3238.0,1261.0,0.0,100,322.86,297.0,0,0.0,0.0,,0.0,1,2.65,15.9,SPY200320C00313000,313.0,normalDay
2019-12-30,3238.0,1173.0,0.0,100,321.08,297.0,0,0.0,0.0,,0.0,1,2.65,15.0,SPY200320C00313000,313.0,normalDay
2019-12-31,3238.0,1218.0,0.0,100,321.86,297.0,0,0.0,0.0,,0.0,1,2.65,15.33,SPY200320C00313000,313.0,normalDay
2020-01-02,3238.0,1352.0,0.0,100,324.87,297.0,0,0.0,0.0,,0.0,1,2.65,17.0,SPY200320C00313000,313.0,normalDay
2020-01-03,3238.0,1247.0,0.0,100,322.41,297.0,0,0.0,0.0,,0.0,1,2.65,15.59,SPY200320C00313000,313.0,normalDay
2020-01-06,3238.0,1303.0,0.0,100,323.64,297.0,0,0.0,0.0,,0.0,1,2.65,16.26,SPY200320C00313000,313.0,normalDay
2020-01-07,3238.0,1317.0,0.0,100,322.73,297.0,0,0.0,0.0,,0.0,1,2.65,15.21,SPY200320C00313000,313.0,normalDay
2020-01-08,3238.0,1342.0,0.0,100,324.45,297.0,0,0.0,0.0,,0.0,1,2.65,16.68,SPY200320C00313000,313.0,normalDay
2020-01-09,3238.0,1433.0,0.0,100,326.65,297.0,0,0.0,0.0,,0.0,1,2.65,17.97,SPY200320C00313000,313.0,normalDay
2020-01-10,3238.0,1431.0,0.0,100,325.71,297.0,0,0.0,0.0,,0.0,1,2.65,17.05,SPY200320C00313000,313.0,normalDay
2020-01-13,3238.0,1479.0,0.0,100,327.95,297.0,0,0.0,0.0,,0.0,1,2.65,18.81,SPY200320C00313000,313.0,normalDay
2020-01-14,3238.0,1459.0,0.0,100,327.45,297.0,0,0.0,0.0,,0.0,1,2.65,18.51,SPY200320C00313000,313.0,normalDay
2020-01-15,3238.0,1491.0,0.0,100,328.19,297.0,0,0.0,0.0,,0.0,1,2.65,18.93,SPY200320C00313000,313.0,normalDay
2020-01-16,3238.0,1553.0,0.0,100,330.92,297.0,0,0.0,0.0,,0.0,1,2.65,21.04,SPY200320C00313000,313.0,normalDay
2020-01-17,3238.0,1576.0,0.0,100,331.95,297.0,0,0.0,0.0,,0.0,1,2.65,21.84,SPY200320C00313000,313.0,normalDay
2020-01-21,3238.0,1559.0,0.0,100,331.3,297.0,0,0.0,0.0,,0.0,1,2.65,21.36,SPY200320C00313000,313.0,normalDay
2020-01-22,3238.0,1562.0,0.0,100,331.34,297.0,0,0.0,0.0,,0.0,1,2.65,21.37,SPY200320C00313000,313.0,normalDay
2020-01-23,3238.0,1556.0,0.0,100,331.72,297.0,0,0.0,0.0,,0.0,1,2.65,21.81,SPY200320C00313000,313.0,normalDay
2020-01-24,3238.0,1481.0,0.0,100,328.77,297.0,0,0.0,0.0,,0.0,1,2.65,19.61,SPY200320C00313000,313.0,normalDay
2020-01-27,3238.0,1349.0,0.0,100,323.5,297.0,0,0.0,0.0,,0.0,1,2.65,15.66,SPY200320C00313000,313.0,normalDay
2020-01-28,3238.0,1435.0,0.0,100,326.89,297.0,0,0.0,0.0,,0.0,1,2.65,18.19,SPY200320C00313000,313.0,normalDay
2020-01-29,3238.0,1453.0,0.0,100,326.62,297.0,0,0.0,0.0,,0.0,1,2.65,17.74,SPY200320C00313000,313.0,normalDay
2020-01-30,3238.0,1440.0,0.0,100,327.68,297.0,0,0.0,0.0,,0.0,1,2.65,18.93,SPY200320C00313000,313.0,normalDay
2020-01-31,3238.0,1293.0,0.0,100,321.73,297.0,0,0.0,0.0,,0.0,1,2.65,14.45,SPY200320C00313000,313.0,normalDay
2020-02-03,3238.0,1432.0,0.0,100,324.12,297.0,0,0.0,0.0,,0.0,1,2.65,15.45,SPY200320C00313000,313.0,normalDay
2020-02-04,3238.0,1545.0,0.0,100,329.06,297.0,0,0.0,0.0,,0.0,1,2.65,19.26,SPY200320C00313000,313.0,normalDay
2020-02-05,3238.0,1600.0,0.0,100,332.86,297.0,0,0.0,0.0,,0.0,1,2.65,22.51,SPY200320C00313000,313.0,normalDay
2020-02-06,3238.0,1653.0,0.0,100,333.98,297.0,0,0.0,0.0,,0.0,1,2.65,23.1,SPY200320C00313000,313.0,normalDay
2020-02-07,3238.0,1614.0,0.0,100,332.2,297.0,0,0.0,0.0,,0.0,1,2.65,21.71,SPY200320C00313000,313.0,normalDay
2020-02-10,3238.0,1637.0,0.0,100,334.68,297.0,0,0.0,0.0,,0.0,1,2.65,23.96,SPY200320C00313000,313.0,normalDay
2020-02-11,3238.0,1658.0,0.0,100,335.26,297.0,0,0.0,0.0,,0.0,1,2.65,24.33,SPY200320C00313000,313.0,normalDay
2020-02-12,3238.0,1709.0,0.0,100,337.42,297.0,0,0.0,0.0,,0.0,1,2.65,25.98,SPY200320C00313000,313.0,normalDay
2020-02-13,3238.0,1686.0,0.0,100,337.06,297.0,0,0.0,0.0,,0.0,1,2.65,25.85,SPY200320C00313000,313.0,normalDay
2020-02-14,3238.0,1707.0,0.0,100,337.6,297.0,0,0.0,0.0,,0.0,1,2.65,26.18,SPY200320C00313000,313.0,normalDay
2020-02-18,3238.0,1718.0,0.0,100,336.73,297.0,0,0.0,0.0,,0.0,1,2.65,25.2,SPY200320C00313000,313.0,normalDay
2020-02-19,3238.0,1717.0,0.0,100,338.34,297.0,0,0.0,0.0,,0.0,1,2.65,26.82,SPY200320C00313000,313.0,normalDay
2020-02-20,3238.0,1718.0,0.0,100,336.95,297.0,0,0.0,0.0,,0.0,1,2.65,25.42,SPY200320C00313000,313.0,normalDay
2020-02-21,3238.0,1681.0,0.0,100,333.48,297.0,0,0.0,0.0,,0.0,1,2.65,22.32,SPY200320C00313000,313.0,normalDay
2020-02-24,3238.0,1410.0,0.0,100,322.42,297.0,0,0.0,0.0,,0.0,1,2.65,13.97,SPY200320C00313000,313.0,normalDay
2020-02-25,3238.0,999.0,0.0,100,312.65,297.0,0,0.0,0.0,,0.0,1,2.65,8.31,SPY200320C00313000,313.0,normalDay
2020-02-26,3238.0,1026.0,0.0,100,311.5,297.0,0,0.0,0.0,,0.0,1,2.65,6.89,SPY200320C00313000,313.0,normalDay
2020-02-27,3238.0,-6.0,0.0,100,297.51,297.0,0,0.0,0.0,,0.0,1,2.65,3.22,SPY200320C00313000,313.0,normalDay
2020-02-28,3238.0,-149.0,0.0,100,296.26,297.0,0,0.0,0.0,,0.0,1,2.65,3.4,SPY200320C00313000,313.0,normalDay
2020-03-02,3238.0,924.0,0.0,100,309.09,297.0,0,0.0,0.0,,0.0,1,2.65,5.5,SPY200320C00313000,313.0,normalDay
2020-03-03,3238.0,276.0,0.0,100,300.24,297.0,0,0.0,0.0,,0.0,1,2.65,3.13,SPY200320C00313000,313.0,normalDay
2020-03-04,3238.0,1191.0,0.0,100,312.86,297.0,0,0.0,0.0,,0.0,1,2.65,6.6,SPY200320C00313000,313.0,normalDay
2020-03-05,3238.0,467.0,0.0,100,302.46,297.0,0,0.0,0.0,,0.0,1,2.65,3.44,SPY200320C00313000,313.0,normalDay
2020-03-06,3238.0,152.0,0.0,100,297.46,297.0,0,0.0,0.0,,0.0,1,2.65,1.59,SPY200320C00313000,313.0,normalDay
2020-03-09,3238.0,-2045.0,0.0,100,274.23,297.0,0,0.0,0.0,,0.0,1,2.65,0.33,SPY200320C00313000,313.0,normalDay
2020-03-10,3238.0,-648.0,0.0,100,288.42,297.0,0,0.0,0.0,,0.0,1,2.65,0.55,SPY200320C00313000,313.0,normalDay
2020-03-11,3238.0,-2021.0,0.0,100,274.36,297.0,0,0.0,0.0,,0.0,1,2.65,0.22,SPY200320C00313000,313.0,normalDay
2020-03-12,3238.0,-4632.0,0.0,100,248.11,297.0,0,0.0,0.0,,0.0,1,2.65,0.08,SPY200320C00313000,313.0,normalDay
2020-03-13,3238.0,-2508.0,0.0,100,269.32,297.0,0,0.0,0.0,,0.0,1,2.65,0.05,SPY200320C00313000,313.0,normalDay
2020-03-16,3238.0,-5454.0,0.0,100,239.85,297.0,0,0.0,0.0,,0.0,1,2.65,0.04,SPY200320C00313000,313.0,normalDay
2020-03-17,3238.0,-4157.0,0.0,100,252.8,297.0,0,0.0,0.0,,0.0,1,2.65,0.02,SPY200320C00313000,313.0,normalDay
2020-03-18,3238.0,-5436.0,0.0,100,240.0,297.0,0,0.0,0.0,,0.0,1,2.65,0.01,SPY200320C00313000,313.0,normalDay
2020-03-19,3238.0,-5385.0,0.0,100,240.51,297.0,0,0.0,0.0,,0.0,1,2.65,0.01,SPY200320C00313000,313.0,normalDay
2020-03-20,3503.0,-6820.0,265.0,100,228.8,297.0,0,0.0,0.0,,0.0,1,2.65,0.0,SPY200320C00313000,313.0,expirationDay
2020-03-23,3503.0,-7417.0,0.0,100,222.95,297.0,0,0.0,0.0,,0.0,1,0.07,0.19,SPY201016C00390000,390.0,normalDay
2020-03-24,3503.0,-5408.0,0.0,100,243.15,297.0,0,0.0,0.0,,0.0,1,0.07,0.3,SPY201016C00390000,390.0,normalDay
2020-03-25,3503.0,-5058.0,0.0,100,246.79,297.0,0,0.0,0.0,,0.0,1,0.07,0.44,SPY201016C00390000,390.0,normalDay
2020-03-26,3503.0,-3600.0,0.0,100,261.2,297.0,0,0.0,0.0,,0.0,1,0.07,0.27,SPY201016C00390000,390.0,normalDay
2020-03-27,3503.0,-4373.0,0.0,100,253.42,297.0,0,0.0,0.0,,0.0,1,0.07,0.22,SPY201016C00390000,390.0,normalDay
2020-03-30,3503.0,-3546.0,0.0,100,261.65,297.0,0,0.0,0.0,,0.0,1,0.07,0.18,SPY201016C00390000,390.0,normalDay
2020-03-31,3503.0,-3936.0,0.0,100,257.75,297.0,0,0.0,0.0,,0.0,1,0.07,0.18,SPY201016C00390000,390.0,normalDay
2020-04-01,3503.0,-5095.0,0.0,100,246.15,297.0,0,0.0,0.0,,0.0,1,0.07,0.17,SPY201016C00390000,390.0,normalDay
2020-04-02,3503.0,-4531.0,0.0,100,251.83,297.0,0,0.0,0.0,,0.0,1,0.07,0.21,SPY201016C00390000,390.0,normalDay
2020-04-03,3503.0,-4892.0,0.0,100,248.19,297.0,0,0.0,0.0,,0.0,1,0.07,0.18,SPY201016C00390000,390.0,normalDay
2020-04-06,3503.0,-3232.0,0.0,100,264.86,297.0,0,0.0,0.0,,0.0,1,0.07,0.25,SPY201016C00390000,390.0,normalDay
2020-04-07,3503.0,-3201.0,0.0,100,265.13,297.0,0,0.0,0.0,,0.0,1,0.07,0.21,SPY201016C00390000,390.0,normalDay
2020-04-08,3503.0,-2315.0,0.0,100,274.03,297.0,0,0.0,0.0,,0.0,1,0.07,0.25,SPY201016C00390000,390.0,normalDay
2020-04-09,3503.0,-1899.0,0.0,100,278.2,297.0,0,0.0,0.0,,0.0,1,0.07,0.26,SPY201016C00390000,390.0,normalDay
2020-04-13,3503.0,-2149.0,0.0,100,275.66,297.0,0,0.0,0.0,,0.0,1,0.07,0.22,SPY201016C00390000,390.0,normalDay
2020-04-14,3503.0,-1340.0,0.0,100,283.79,297.0,0,0.0,0.0,,0.0,1,0.07,0.26,SPY201016C00390000,390.0,normalDay
2020-04-15,3503.0,-1934.0,0.0,100,277.76,297.0,0,0.0,0.0,,0.0,1,0.07,0.17,SPY201016C00390000,390.0,normalDay
2020-04-16,3503.0,-1805.0,0.0,100,279.1,297.0,0,0.0,0.0,,0.0,1,0.07,0.22,SPY201016C00390000,390.0,normalDay
2020-04-17,3503.0,-1049.0,0.0,100,286.64,297.0,0,0.0,0.0,,0.0,1,0.07,0.2,SPY201016C00390000,390.0,normalDay
2020-04-20,3503.0,-1553.0,0.0,100,281.59,297.0,0,0.0,0.0,,0.0,1,0.07,0.19,SPY201016C00390000,390.0,normalDay
2020-04-21,3503.0,-2406.0,0.0,100,273.04,297.0,0,0.0,0.0,,0.0,1,0.07,0.17,SPY201016C00390000,390.0,normalDay
2020-04-22,3503.0,-1801.0,0.0,100,279.1,297.0,0,0.0,0.0,,0.0,1,0.07,0.18,SPY201016C00390000,390.0,normalDay
2020-04-23,3503.0,-1803.0,0.0,100,279.08,297.0,0,0.0,0.0,,0.0,1,0.07,0.18,SPY201016C00390000,390.0,normalDay
2020-04-24,3503.0,-1412.0,0.0,100,282.97,297.0,0,0.0,0.0,,0.0,1,0.07,0.16,SPY201016C00390000,390.0,normalDay
2020-04-27,3503.0,-1006.0,0.0,100,287.05,297.0,0,0.0,0.0,,0.0,1,0.07,0.18,SPY201016C00390000,390.0,normalDay
2020-04-28,3503.0,-1134.0,0.0,100,285.73,297.0,0,0.0,0.0,,0.0,1,0.07,0.14,SPY201016C00390000,390.0,normalDay
2020-04-29,3503.0,-386.0,0.0,100,293.21,297.0,0,0.0,0.0,,0.0,1,0.07,0.14,SPY201016C00390000,390.0,normalDay
2020-04-30,3503.0,-659.0,0.0,100,290.48,297.0,0,0.0,0.0,,0.0,1,0.07,0.14,SPY201016C00390000,390.0,normalDay
2020-05-01,3503.0,-1429.0,0.0,100,282.79,297.0,0,0.0,0.0,,0.0,1,0.07,0.15,SPY201016C00390000,390.0,normalDay
2020-05-04,3503.0,-1351.0,0.0,100,283.57,297.0,0,0.0,0.0,,0.0,1,0.07,0.15,SPY201016C00390000,390.0,normalDay
2020-05-05,3503.0,-1085.0,0.0,100,286.19,297.0,0,0.0,0.0,,0.0,1,0.07,0.11,SPY201016C00390000,390.0,normalDay
2020-05-06,3503.0,-1278.0,0.0,100,284.25,297.0,0,0.0,0.0,,0.0,1,0.07,0.1,SPY201016C00390000,390.0,normalDay
2020-05-07,3503.0,-935.0,0.0,100,287.68,297.0,0,0.0,0.0,,0.0,1,0.07,0.1,SPY201016C00390000,390.0,normalDay
2020-05-08,3503.0,-459.0,0.0,100,292.44,297.0,0,0.0,0.0,,0.0,1,0.07,0.1,SPY201016C00390000,390.0,normalDay
2020-05-11,3503.0,-452.0,0.0,100,292.5,297.0,0,0.0,0.0,,0.0,1,0.07,0.09,SPY201016C00390000,390.0,normalDay
2020-05-12,3503.0,-1039.0,0.0,100,286.67,297.0,0,0.0,0.0,,0.0,1,0.07,0.13,SPY201016C00390000,390.0,normalDay
2020-05-13,3503.0,-1540.0,0.0,100,281.6,297.0,0,0.0,0.0,,0.0,1,0.07,0.07,SPY201016C00390000,390.0,normalDay
2020-05-14,3503.0,-1204.0,0.0,100,284.97,297.0,0,0.0,0.0,,0.0,1,0.07,0.08,SPY201016C00390000,390.0,normalDay
2020-05-15,3503.0,-1072.0,0.0,100,286.28,297.0,0,0.0,0.0,,0.0,1,0.07,0.07,SPY201016C00390000,390.0,normalDay
2020-05-18,3503.0,-203.0,0.0,100,295.0,297.0,0,0.0,0.0,,0.0,1,0.07,0.1,SPY201016C00390000,390.0,normalDay
2020-05-19,3503.0,-504.0,0.0,100,291.97,297.0,0,0.0,0.0,,0.0,1,0.07,0.08,SPY201016C00390000,390.0,normalDay
2020-05-20,3503.0,-11.0,0.0,100,296.93,297.0,0,0.0,0.0,,0.0,1,0.07,0.11,SPY201016C00390000,390.0,normalDay
2020-05-21,3503.0,-215.0,0.0,100,294.88,297.0,0,0.0,0.0,,0.0,1,0.07,0.1,SPY201016C00390000,390.0,normalDay
2020-05-22,3503.0,-160.0,0.0,100,295.44,297.0,0,0.0,0.0,,0.0,1,0.07,0.11,SPY201016C00390000,390.0,normalDay
2020-05-26,3503.0,204.0,0.0,100,299.08,297.0,0,0.0,0.0,,0.0,1,0.07,0.11,SPY201016C00390000,390.0,normalDay
2020-05-27,3503.0,647.0,0.0,100,303.53,297.0,0,0.0,0.0,,0.0,1,0.07,0.13,SPY201016C00390000,390.0,normalDay
2020-05-28,3503.0,592.0,0.0,100,302.97,297.0,0,0.0,0.0,,0.0,1,0.07,0.12,SPY201016C00390000,390.0,normalDay
2020-05-29,3503.0,724.0,0.0,100,304.32,297.0,0,0.0,0.0,,0.0,1,0.07,0.15,SPY201016C00390000,390.0,normalDay
2020-06-01,3503.0,847.0,0.0,100,305.55,297.0,0,0.0,0.0,,0.0,1,0.07,0.15,SPY201016C00390000,390.0,normalDay
2020-06-02,3503.0,1099.0,0.0,100,308.08,297.0,0,0.0,0.0,,0.0,1,0.07,0.16,SPY201016C00390000,390.0,normalDay
2020-06-03,3503.0,1505.0,0.0,100,312.18,297.0,0,0.0,0.0,,0.0,1,0.07,0.2,SPY201016C00390000,390.0,normalDay
2020-06-04,3503.0,1425.0,0.0,100,311.36,297.0,0,0.0,0.0,,0.0,1,0.07,0.18,SPY201016C00390000,390.0,normalDay
2020-06-05,3503.0,2211.0,0.0,100,319.34,297.0,0,0.0,0.0,,0.0,1,0.07,0.3,SPY201016C00390000,390.0,normalDay
2020-06-08,3503.0,2585.0,0.0,100,323.2,297.0,0,0.0,0.0,,0.0,1,0.07,0.42,SPY201016C00390000,390.0,normalDay
2020-06-09,3503.0,2350.0,0.0,100,320.79,297.0,0,0.0,0.0,,0.0,1,0.07,0.36,SPY201016C00390000,390.0,normalDay
2020-06-10,3503.0,2172.0,0.0,100,319.0,297.0,0,0.0,0.0,,0.0,1,0.07,0.35,SPY201016C00390000,390.0,normalDay
2020-06-11,3503.0,336.0,0.0,100,300.61,297.0,0,0.0,0.0,,0.0,1,0.07,0.32,SPY201016C00390000,390.0,normalDay
2020-06-12,3503.0,702.0,0.0,100,304.21,297.0,0,0.0,0.0,,0.0,1,0.07,0.26,SPY201016C00390000,390.0,normalDay
2020-06-15,3503.0,980.0,0.0,100,307.05,297.0,0,0.0,0.0,,0.0,1,0.07,0.32,SPY201016C00390000,390.0,normalDay
2020-06-16,3503.0,1563.0,0.0,100,312.96,297.0,0,0.0,0.0,,0.0,1,0.07,0.4,SPY201016C00390000,390.0,normalDay
2020-06-17,3503.0,1436.0,0.0,100,311.66,297.0,0,0.0,0.0,,0.0,1,0.07,0.37,SPY201016C00390000,390.0,normalDay
2020-06-18,3503.0,1449.0,0.0,100,311.78,297.0,0,0.0,0.0,,0.0,1,0.07,0.36,SPY201016C00390000,390.0,normalDay
2020-06-19,3503.0,1138.0,0.0,100,308.64,297.0,0,0.0,0.0,,0.0,1,0.07,0.33,SPY201016C00390000,390.0,normalDay
2020-06-22,3503.0,1336.0,0.0,100,310.62,297.0,0,0.0,0.0,,0.0,1,0.07,0.33,SPY201016C00390000,390.0,normalDay
2020-06-23,3503.0,1479.0,0.0,100,312.05,297.0,0,0.0,0.0,,0.0,1,0.07,0.33,SPY201016C00390000,390.0,normalDay
2020-06-24,3503.0,689.0,0.0,100,304.09,297.0,0,0.0,0.0,,0.0,1,0.07,0.27,SPY201016C00390000,390.0,normalDay
2020-06-25,3503.0,1015.0,0.0,100,307.35,297.0,0,0.0,0.0,,0.0,1,0.07,0.27,SPY201016C00390000,390.0,normalDay
2020-06-26,3503.0,289.0,0.0,100,300.05,297.0,0,0.0,0.0,,0.0,1,0.07,0.23,SPY201016C00390000,390.0,normalDay
2020-06-29,3503.0,731.0,0.0,100,304.46,297.0,0,0.0,0.0,,0.0,1,0.07,0.22,SPY201016C00390000,390.0,normalDay
2020-06-30,3503.0,1120.0,0.0,100,308.36,297.0,0,0.0,0.0,,0.0,1,0.07,0.23,SPY201016C00390000,390.0,normalDay
2020-07-01,3503.0,1335.0,0.0,100,310.52,297.0,0,0.0,0.0,,0.0,1,0.07,0.24,SPY201016C00390000,390.0,normalDay
2020-07-02,3503.0,1506.0,0.0,100,312.23,297.0,0,0.0,0.0,,0.0,1,0.07,0.24,SPY201016C00390000,390.0,normalDay
2020-07-06,3503.0,1983.0,0.0,100,317.05,297.0,0,0.0,0.0,,0.0,1,0.07,0.29,SPY201016C00390000,390.0,normalDay
2020-07-07,3503.0,1662.0,0.0,100,313.78,297.0,0,0.0,0.0,,0.0,1,0.07,0.23,SPY201016C00390000,390.0,normalDay
2020-07-08,3503.0,1901.0,0.0,100,316.18,297.0,0,0.0,0.0,,0.0,1,0.07,0.24,SPY201016C00390000,390.0,normalDay
2020-07-09,3503.0,1723.0,0.0,100,314.38,297.0,0,0.0,0.0,,0.0,1,0.07,0.22,SPY201016C00390000,390.0,normalDay
2020-07-10,3503.0,2041.0,0.0,100,317.59,297.0,0,0.0,0.0,,0.0,1,0.07,0.25,SPY201016C00390000,390.0,normalDay
2020-07-13,3503.0,1766.0,0.0,100,314.84,297.0,0,0.0,0.0,,0.0,1,0.07,0.25,SPY201016C00390000,390.0,normalDay
2020-07-14,3503.0,2170.0,0.0,100,318.92,297.0,0,0.0,0.0,,0.0,1,0.07,0.29,SPY201016C00390000,390.0,normalDay
2020-07-15,3503.0,2458.0,0.0,100,321.85,297.0,0,0.0,0.0,,0.0,1,0.07,0.34,SPY201016C00390000,390.0,normalDay
2020-07-16,3503.0,2357.0,0.0,100,320.79,297.0,0,0.0,0.0,,0.0,1,0.07,0.29,SPY201016C00390000,390.0,normalDay
2020-07-17,3503.0,2450.0,0.0,100,321.72,297.0,0,0.0,0.0,,0.0,1,0.07,0.29,SPY201016C00390000,390.0,normalDay
2020-07-20,3503.0,2709.0,0.0,100,324.32,297.0,0,0.0,0.0,,0.0,1,0.07,0.3,SPY201016C00390000,390.0,normalDay
2020-07-21,3503.0,2782.0,0.0,100,325.01,297.0,0,0.0,0.0,,0.0,1,0.07,0.26,SPY201016C00390000,390.0,normalDay
2020-07-22,3503.0,2968.0,0.0,100,326.86,297.0,0,0.0,0.0,,0.0,1,0.07,0.25,SPY201016C00390000,390.0,normalDay
2020-07-23,3503.0,2587.0,0.0,100,322.96,297.0,0,0.0,0.0,,0.0,1,0.07,0.16,SPY201016C00390000,390.0,normalDay
2020-07-24,3503.0,2379.0,0.0,100,320.88,297.0,0,0.0,0.0,,0.0,1,0.07,0.16,SPY201016C00390000,390.0,normalDay
2020-07-27,3503.0,2613.0,0.0,100,323.22,297.0,0,0.0,0.0,,0.0,1,0.07,0.16,SPY201016C00390000,390.0,normalDay
2020-07-28,3503.0,2411.0,0.0,100,321.17,297.0,0,0.0,0.0,,0.0,1,0.07,0.13,SPY201016C00390000,390.0,normalDay
2020-07-29,3503.0,2803.0,0.0,100,325.12,297.0,0,0.0,0.0,,0.0,1,0.07,0.16,SPY201016C00390000,390.0,normalDay
2020-07-30,3503.0,2688.0,0.0,100,323.96,297.0,0,0.0,0.0,,0.0,1,0.07,0.15,SPY201016C00390000,390.0,normalDay
2020-07-31,3503.0,2943.0,0.0,100,326.52,297.0,0,0.0,0.0,,0.0,1,0.07,0.16,SPY201016C00390000,390.0,normalDay
2020-08-03,3503.0,3169.0,0.0,100,328.79,297.0,0,0.0,0.0,,0.0,1,0.07,0.17,SPY201016C00390000,390.0,normalDay
2020-08-04,3503.0,3297.0,0.0,100,330.06,297.0,0,0.0,0.0,,0.0,1,0.07,0.16,SPY201016C00390000,390.0,normalDay
2020-08-05,3503.0,3500.0,0.0,100,332.11,297.0,0,0.0,0.0,,0.0,1,0.07,0.18,SPY201016C00390000,390.0,normalDay
2020-08-06,3503.0,3719.0,0.0,100,334.33,297.0,0,0.0,0.0,,0.0,1,0.07,0.21,SPY201016C00390000,390.0,normalDay
2020-08-07,3503.0,3746.0,0.0,100,334.57,297.0,0,0.0,0.0,,0.0,1,0.07,0.18,SPY201016C00390000,390.0,normalDay
2020-08-10,3503.0,3847.0,0.0,100,335.57,297.0,0,0.0,0.0,,0.0,1,0.07,0.17,SPY201016C00390000,390.0,normalDay
2020-08-11,3503.0,3575.0,0.0,100,332.8,297.0,0,0.0,0.0,,0.0,1,0.07,0.12,SPY201016C00390000,390.0,normalDay
2020-08-12,3503.0,4034.0,0.0,100,337.44,297.0,0,0.0,0.0,,0.0,1,0.07,0.17,SPY201016C00390000,390.0,normalDay
2020-08-13,3503.0,3975.0,0.0,100,336.83,297.0,0,0.0,0.0,,0.0,1,0.07,0.15,SPY201016C00390000,390.0,normalDay
2020-08-14,3503.0,3979.0,0.0,100,336.84,297.0,0,0.0,0.0,,0.0,1,0.07,0.12,SPY201016C00390000,390.0,normalDay
2020-08-17,3503.0,4087.0,0.0,100,337.91,297.0,0,0.0,0.0,,0.0,1,0.07,0.11,SPY201016C00390000,390.0,normalDay
2020-08-18,3503.0,4160.0,0.0,100,338.64,297.0,0,0.0,0.0,,0.0,1,0.07,0.11,SPY201016C00390000,390.0,normalDay
2020-08-19,3503.0,4021.0,0.0,100,337.23,297.0,0,0.0,0.0,,0.0,1,0.07,0.09,SPY201016C00390000,390.0,normalDay
2020-08-20,3503.0,4125.0,0.0,100,338.28,297.0,0,0.0,0.0,,0.0,1,0.07,0.1,SPY201016C00390000,390.0,normalDay
2020-08-21,3503.0,4245.0,0.0,100,339.48,297.0,0,0.0,0.0,,0.0,1,0.07,0.1,SPY201016C00390000,390.0,normalDay
2020-08-24,3503.0,4587.0,0.0,100,342.92,297.0,0,0.0,0.0,,0.0,1,0.07,0.12,SPY201016C00390000,390.0,normalDay
2020-08-25,3503.0,4706.0,0.0,100,344.12,297.0,0,0.0,0.0,,0.0,1,0.07,0.13,SPY201016C00390000,390.0,normalDay
2020-08-26,3503.0,5043.0,0.0,100,347.57,297.0,0,0.0,0.0,,0.0,1,0.07,0.21,SPY201016C00390000,390.0,normalDay
2020-08-27,3503.0,5111.0,0.0,100,348.33,297.0,0,0.0,0.0,,0.0,1,0.07,0.29,SPY201016C00390000,390.0,normalDay
2020-08-28,3503.0,5334.0,0.0,100,350.58,297.0,0,0.0,0.0,,0.0,1,0.07,0.31,SPY201016C00390000,390.0,normalDay
2020-08-31,3503.0,5202.0,0.0,100,349.31,297.0,0,0.0,0.0,,0.0,1,0.07,0.36,SPY201016C00390000,390.0,normalDay
2020-09-01,3503.0,5525.0,0.0,100,352.6,297.0,0,0.0,0.0,,0.0,1,0.07,0.42,SPY201016C00390000,390.0,normalDay
2020-09-02,3503.0,5971.0,0.0,100,357.7,297.0,0,0.0,0.0,,0.0,1,0.07,1.06,SPY201016C00390000,390.0,normalDay
2020-09-03,3503.0,4797.0,0.0,100,345.39,297.0,0,0.0,0.0,,0.0,1,0.07,0.49,SPY201016C00390000,390.0,normalDay
2020-09-04,3503.0,4535.0,0.0,100,342.57,297.0,0,0.0,0.0,,0.0,1,0.07,0.29,SPY201016C00390000,390.0,normalDay
2020-09-08,3503.0,3612.0,0.0,100,333.21,297.0,0,0.0,0.0,,0.0,1,0.07,0.16,SPY201016C00390000,390.0,normalDay
2020-09-09,3503.0,4267.0,0.0,100,339.79,297.0,0,0.0,0.0,,0.0,1,0.07,0.19,SPY201016C00390000,390.0,normalDay
2020-09-10,3503.0,3683.0,0.0,100,333.89,297.0,0,0.0,0.0,,0.0,1,0.07,0.13,SPY201016C00390000,390.0,normalDay
2020-09-11,3503.0,3704.0,0.0,100,334.06,297.0,0,0.0,0.0,,0.0,1,0.07,0.09,SPY201016C00390000,390.0,normalDay
2020-09-14,3503.0,4143.0,0.0,100,338.46,297.0,0,0.0,0.0,,0.0,1,0.07,0.1,SPY201016C00390000,390.0,normalDay
2020-09-15,3503.0,4315.0,0.0,100,340.17,297.0,0,0.0,0.0,,0.0,1,0.07,0.09,SPY201016C00390000,390.0,normalDay
2020-09-16,3503.0,4182.0,0.0,100,338.82,297.0,0,0.0,0.0,,0.0,1,0.07,0.07,SPY201016C00390000,390.0,normalDay
2020-09-17,3503.0,3885.0,0.0,100,335.84,297.0,0,0.0,0.0,,0.0,1,0.07,0.06,SPY201016C00390000,390.0,normalDay
2020-09-18,3503.0,3367.0,0.0,100,330.65,297.0,0,0.0,0.0,,0.0,1,0.07,0.05,SPY201016C00390000,390.0,normalDay
2020-09-21,3503.0,3000.0,0.0,100,326.97,297.0,0,0.0,0.0,,0.0,1,0.07,0.04,SPY201016C00390000,390.0,normalDay
2020-09-22,3503.0,3333.0,0.0,100,330.3,297.0,0,0.0,0.0,,0.0,1,0.07,0.04,SPY201016C00390000,390.0,normalDay
2020-09-23,3503.0,2567.0,0.0,100,322.64,297.0,0,0.0,0.0,,0.0,1,0.07,0.04,SPY201016C00390000,390.0,normalDay
2020-09-24,3503.0,2654.0,0.0,100,323.5,297.0,0,0.0,0.0,,0.0,1,0.07,0.03,SPY201016C00390000,390.0,normalDay
2020-09-25,3503.0,3178.0,0.0,100,328.73,297.0,0,0.0,0.0,,0.0,1,0.07,0.02,SPY201016C00390000,390.0,normalDay
2020-09-28,3503.0,3723.0,0.0,100,334.19,297.0,0,0.0,0.0,,0.0,1,0.07,0.03,SPY201016C00390000,390.0,normalDay
2020-09-29,3503.0,3542.0,0.0,100,332.37,297.0,0,0.0,0.0,,0.0,1,0.07,0.02,SPY201016C00390000,390.0,normalDay
2020-09-30,3503.0,3793.0,0.0,100,334.89,297.0,0,0.0,0.0,,0.0,1,0.07,0.03,SPY201016C00390000,390.0,normalDay
2020-10-01,3503.0,4008.0,0.0,100,337.04,297.0,0,0.0,0.0,,0.0,1,0.07,0.03,SPY201016C00390000,390.0,normalDay
2020-10-02,3503.0,3689.0,0.0,100,333.84,297.0,0,0.0,0.0,,0.0,1,0.07,0.02,SPY201016C00390000,390.0,normalDay
2020-10-05,3503.0,4282.0,0.0,100,339.76,297.0,0,0.0,0.0,,0.0,1,0.07,0.01,SPY201016C00390000,390.0,normalDay
2020-10-06,3503.0,3799.0,0.0,100,334.93,297.0,0,0.0,0.0,,0.0,1,0.07,0.01,SPY201016C00390000,390.0,normalDay
2020-10-07,3503.0,4382.0,0.0,100,340.76,297.0,0,0.0,0.0,,0.0,1,0.07,0.01,SPY201016C00390000,390.0,normalDay
2020-10-08,3503.0,4684.0,0.0,100,343.78,297.0,0,0.0,0.0,,0.0,1,0.07,0.01,SPY201016C00390000,390.0,normalDay
2020-10-09,3503.0,4991.0,0.0,100,346.85,297.0,0,0.0,0.0,,0.0,1,0.07,0.01,SPY201016C00390000,390.0,normalDay
2020-10-12,3503.0,5549.0,0.0,100,352.43,297.0,0,0.0,0.0,,0.0,1,0.07,0.01,SPY201016C00390000,390.0,normalDay
2020-10-13,3503.0,5319.0,0.0,100,350.13,297.0,0,0.0,0.0,,0.0,1,0.07,0.01,SPY201016C00390000,390.0,normalDay
2020-10-14,3503.0,5099.0,0.0,100,347.93,297.0,0,0.0,0.0,,0.0,1,0.07,0.01,SPY201016C00390000,390.0,normalDay
2020-10-15,3503.0,5056.0,0.0,100,347.5,297.0,0,0.0,0.0,,0.0,1,0.07,0.01,SPY201016C00390000,390.0,normalDay
2020-10-16,3510.0,5029.0,7.0,100,347.29,297.0,0,0.0,0.0,,0.0,1,0.07,0.0,SPY201016C00390000,390.0,expirationDay
2020-10-19,3510.0,4468.0,0.0,100,342.01,297.0,0,0.0,0.0,,0.0,1,9.7,10.03,SPY210521C00371000,371.0,normalDay
2020-10-20,3510.0,4593.0,0.0,100,343.38,297.0,0,0.0,0.0,,0.0,1,9.7,10.15,SPY210521C00371000,371.0,normalDay
2020-10-21,3510.0,4561.0,0.0,100,342.73,297.0,0,0.0,0.0,,0.0,1,9.7,9.82,SPY210521C00371000,371.0,normalDay
2020-10-22,3510.0,4727.0,0.0,100,344.61,297.0,0,0.0,0.0,,0.0,1,9.7,10.04,SPY210521C00371000,371.0,normalDay
2020-10-23,3510.0,4842.0,0.0,100,345.78,297.0,0,0.0,0.0,,0.0,1,9.7,10.06,SPY210521C00371000,371.0,normalDay
2020-10-26,3510.0,4328.0,0.0,100,339.39,297.0,0,0.0,0.0,,0.0,1,9.7,8.81,SPY210521C00371000,371.0,normalDay
2020-10-27,3510.0,4260.0,0.0,100,338.22,297.0,0,0.0,0.0,,0.0,1,9.7,8.32,SPY210521C00371000,371.0,normalDay
2020-10-28,3510.0,3319.0,0.0,100,326.66,297.0,0,0.0,0.0,,0.0,1,9.7,6.17,SPY210521C00371000,371.0,normalDay
2020-10-29,3510.0,3603.0,0.0,100,329.98,297.0,0,0.0,0.0,,0.0,1,9.7,6.65,SPY210521C00371000,371.0,normalDay
2020-10-30,3510.0,3355.0,0.0,100,326.54,297.0,0,0.0,0.0,,0.0,1,9.7,5.69,SPY210521C00371000,371.0,normalDay
2020-11-02,3510.0,3692.0,0.0,100,330.2,297.0,0,0.0,0.0,,0.0,1,9.7,5.98,SPY210521C00371000,371.0,normalDay
2020-11-03,3510.0,4173.0,0.0,100,336.03,297.0,0,0.0,0.0,,0.0,1,9.7,7.0,SPY210521C00371000,371.0,normalDay
2020-11-04,3510.0,4751.0,0.0,100,343.54,297.0,0,0.0,0.0,,0.0,1,9.7,8.73,SPY210521C00371000,371.0,normalDay
2020-11-05,3510.0,5134.0,0.0,100,350.24,297.0,0,0.0,0.0,,0.0,1,9.7,11.6,SPY210521C00371000,371.0,normalDay
2020-11-06,3510.0,5192.0,0.0,100,350.16,297.0,0,0.0,0.0,,0.0,1,9.7,10.94,SPY210521C00371000,371.0,normalDay
2020-11-09,3510.0,5459.0,0.0,100,354.56,297.0,0,0.0,0.0,,0.0,1,9.7,12.67,SPY210521C00371000,371.0,normalDay
2020-11-10,3510.0,5492.0,0.0,100,354.04,297.0,0,0.0,0.0,,0.0,1,9.7,11.82,SPY210521C00371000,371.0,normalDay
2020-11-11,3510.0,5662.0,0.0,100,356.67,297.0,0,0.0,0.0,,0.0,1,9.7,12.75,SPY210521C00371000,371.0,normalDay
2020-11-12,3510.0,5431.0,0.0,100,353.21,297.0,0,0.0,0.0,,0.0,1,9.7,11.6,SPY210521C00371000,371.0,normalDay
2020-11-13,3510.0,5751.0,0.0,100,358.1,297.0,0,0.0,0.0,,0.0,1,9.7,13.29,SPY210521C00371000,371.0,normalDay
2020-11-16,3510.0,5979.0,0.0,100,362.57,297.0,0,0.0,0.0,,0.0,1,9.7,15.48,SPY210521C00371000,371.0,normalDay
2020-11-17,3510.0,5880.0,0.0,100,360.62,297.0,0,0.0,0.0,,0.0,1,9.7,14.52,SPY210521C00371000,371.0,normalDay
2020-11-18,3510.0,5634.0,0.0,100,356.28,297.0,0,0.0,0.0,,0.0,1,9.7,12.64,SPY210521C00371000,371.0,normalDay
2020-11-19,3510.0,5755.0,0.0,100,357.78,297.0,0,0.0,0.0,,0.0,1,9.7,12.93,SPY210521C00371000,371.0,normalDay
2020-11-20,3510.0,5631.0,0.0,100,355.33,297.0,0,0.0,0.0,,0.0,1,9.7,11.72,SPY210521C00371000,371.0,normalDay
2020-11-23,3510.0,5784.0,0.0,100,357.46,297.0,0,0.0,0.0,,0.0,1,9.7,12.32,SPY210521C00371000,371.0,normalDay
2020-11-24,3510.0,6091.0,0.0,100,363.22,297.0,0,0.0,0.0,,0.0,1,9.7,15.01,SPY210521C00371000,371.0,normalDay
2020-11-25,3510.0,6109.0,0.0,100,362.66,297.0,0,0.0,0.0,,0.0,1,9.7,14.27,SPY210521C00371000,371.0,normalDay
2020-11-27,3510.0,6151.0,0.0,100,363.67,297.0,0,0.0,0.0,,0.0,1,9.7,14.86,SPY210521C00371000,371.0,normalDay
2020-11-30,3510.0,6064.0,0.0,100,362.06,297.0,0,0.0,0.0,,0.0,1,9.7,14.12,SPY210521C00371000,371.0,normalDay
2020-12-01,3510.0,6253.0,0.0,100,366.02,297.0,0,0.0,0.0,,0.0,1,9.7,16.19,SPY210521C00371000,371.0,normalDay
2020-12-02,3510.0,6277.0,0.0,100,366.79,297.0,0,0.0,0.0,,0.0,1,9.7,16.72,SPY210521C00371000,371.0,normalDay
2020-12-03,3510.0,6304.0,0.0,100,366.69,297.0,0,0.0,0.0,,0.0,1,9.7,16.35,SPY210521C00371000,371.0,normalDay
2020-12-04,3510.0,6473.0,0.0,100,369.85,297.0,0,0.0,0.0,,0.0,1,9.7,17.82,SPY210521C00371000,371.0,normalDay
2020-12-07,3510.0,6436.0,0.0,100,369.09,297.0,0,0.0,0.0,,0.0,1,9.7,17.43,SPY210521C00371000,371.0,normalDay
2020-12-08,3510.0,6494.0,0.0,100,370.17,297.0,0,0.0,0.0,,0.0,1,9.7,17.93,SPY210521C00371000,371.0,normalDay
2020-12-09,3510.0,6334.0,0.0,100,366.85,297.0,0,0.0,0.0,,0.0,1,9.7,16.21,SPY210521C00371000,371.0,normalDay
2020-12-10,3510.0,6320.0,0.0,100,366.73,297.0,0,0.0,0.0,,0.0,1,9.7,16.23,SPY210521C00371000,371.0,normalDay
2020-12-11,3510.0,6265.0,0.0,100,366.3,297.0,0,0.0,0.0,,0.0,1,9.7,16.35,SPY210521C00371000,371.0,normalDay
2020-12-14,3510.0,6150.0,0.0,100,364.66,297.0,0,0.0,0.0,,0.0,1,9.7,15.86,SPY210521C00371000,371.0,normalDay
2020-12-15,3510.0,6457.0,0.0,100,369.59,297.0,0,0.0,0.0,,0.0,1,9.7,17.72,SPY210521C00371000,371.0,normalDay
2020-12-16,3510.0,6489.0,0.0,100,370.17,297.0,0,0.0,0.0,,0.0,1,9.7,17.98,SPY210521C00371000,371.0,normalDay
2020-12-17,3510.0,6600.0,0.0,100,372.24,297.0,0,0.0,0.0,,0.0,1,9.7,18.94,SPY210521C00371000,371.0,normalDay
2020-12-18,3510.0,6330.0,0.0,100,369.18,297.0,0,0.0,0.0,,0.0,1,9.7,18.58,SPY210521C00371000,371.0,normalDay
2020-12-21,3510.0,6267.0,0.0,100,367.86,297.0,0,0.0,0.0,,0.0,1,9.7,17.89,SPY210521C00371000,371.0,normalDay
2020-12-22,3510.0,6272.0,0.0,100,367.24,297.0,0,0.0,0.0,,0.0,1,9.7,17.22,SPY210521C00371000,371.0,normalDay
2020-12-23,3510.0,6356.0,0.0,100,367.57,297.0,0,0.0,0.0,,0.0,1,9.7,16.71,SPY210521C00371000,371.0,normalDay
2020-12-24,3510.0,6458.0,0.0,100,369.0,297.0,0,0.0,0.0,,0.0,1,9.7,17.12,SPY210521C00371000,371.0,normalDay
2020-12-28,3510.0,6585.0,0.0,100,372.17,297.0,0,0.0,0.0,,0.0,1,9.7,19.02,SPY210521C00371000,371.0,normalDay
2020-12-29,3510.0,6497.0,0.0,100,371.46,297.0,0,0.0,0.0,,0.0,1,9.7,19.19,SPY210521C00371000,371.0,normalDay
2020-12-30,3510.0,6574.0,0.0,100,371.99,297.0,0,0.0,0.0,,0.0,1,9.7,18.95,SPY210521C00371000,371.0,normalDay
2020-12-31,3510.0,6623.0,0.0,100,373.88,297.0,0,0.0,0.0,,0.0,1,9.7,20.35,SPY210521C00371000,371.0,normalDay
2021-01-04,3510.0,6334.0,0.0,100,368.79,297.0,0,0.0,0.0,,0.0,1,9.7,18.15,SPY210521C00371000,371.0,normalDay
2021-01-05,3510.0,6505.0,0.0,100,371.33,297.0,0,0.0,0.0,,0.0,1,9.7,18.98,SPY210521C00371000,371.0,normalDay
2021-01-06,3510.0,6576.0,0.0,100,373.55,297.0,0,0.0,0.0,,0.0,1,9.7,20.49,SPY210521C00371000,371.0,normalDay
2021-01-07,3510.0,6873.0,0.0,100,379.1,297.0,0,0.0,0.0,,0.0,1,9.7,23.07,SPY210521C00371000,371.0,normalDay
2021-01-08,3510.0,6923.0,0.0,100,381.26,297.0,0,0.0,0.0,,0.0,1,9.7,24.73,SPY210521C00371000,371.0,normalDay
2021-01-11,3510.0,6766.0,0.0,100,378.69,297.0,0,0.0,0.0,,0.0,1,9.7,23.73,SPY210521C00371000,371.0,normalDay
2021-01-12,3510.0,6841.0,0.0,100,378.77,297.0,0,0.0,0.0,,0.0,1,9.7,23.06,SPY210521C00371000,371.0,normalDay
2021-01-13,3510.0,6885.0,0.0,100,379.79,297.0,0,0.0,0.0,,0.0,1,9.7,23.64,SPY210521C00371000,371.0,normalDay
2021-01-14,3510.0,6813.0,0.0,100,378.46,297.0,0,0.0,0.0,,0.0,1,9.7,23.03,SPY210521C00371000,371.0,normalDay
2021-01-15,3510.0,6747.0,0.0,100,375.7,297.0,0,0.0,0.0,,0.0,1,9.7,20.93,SPY210521C00371000,371.0,normalDay
2021-01-19,3510.0,6851.0,0.0,100,378.65,297.0,0,0.0,0.0,,0.0,1,9.7,22.84,SPY210521C00371000,371.0,normalDay
2021-01-20,3510.0,7054.0,0.0,100,383.89,297.0,0,0.0,0.0,,0.0,1,9.7,26.05,SPY210521C00371000,371.0,normalDay
2021-01-21,3510.0,7071.0,0.0,100,384.24,297.0,0,0.0,0.0,,0.0,1,9.7,26.23,SPY210521C00371000,371.0,normalDay
2021-01-22,3510.0,7019.0,0.0,100,382.88,297.0,0,0.0,0.0,,0.0,1,9.7,25.39,SPY210521C00371000,371.0,normalDay
2021-01-25,3510.0,7031.0,0.0,100,384.39,297.0,0,0.0,0.0,,0.0,1,9.7,26.78,SPY210521C00371000,371.0,normalDay
2021-01-26,3510.0,6955.0,0.0,100,383.79,297.0,0,0.0,0.0,,0.0,1,9.7,26.94,SPY210521C00371000,371.0,normalDay
2021-01-27,3510.0,6420.0,0.0,100,374.41,297.0,0,0.0,0.0,,0.0,1,9.7,22.91,SPY210521C00371000,371.0,normalDay
2021-01-28,3510.0,6601.0,0.0,100,377.63,297.0,0,0.0,0.0,,0.0,1,9.7,24.32,SPY210521C00371000,371.0,normalDay
2021-01-29,3510.0,6261.0,0.0,100,370.07,297.0,0,0.0,0.0,,0.0,1,9.7,20.16,SPY210521C00371000,371.0,normalDay
2021-02-01,3510.0,6624.0,0.0,100,376.23,297.0,0,0.0,0.0,,0.0,1,9.7,22.69,SPY210521C00371000,371.0,normalDay
2021-02-02,3510.0,6874.0,0.0,100,381.55,297.0,0,0.0,0.0,,0.0,1,9.7,25.51,SPY210521C00371000,371.0,normalDay
2021-02-03,3510.0,6966.0,0.0,100,381.85,297.0,0,0.0,0.0,,0.0,1,9.7,24.89,SPY210521C00371000,371.0,normalDay
2021-02-04,3510.0,7192.0,0.0,100,386.19,297.0,0,0.0,0.0,,0.0,1,9.7,26.97,SPY210521C00371000,371.0,normalDay
2021-02-05,3510.0,7240.0,0.0,100,387.71,297.0,0,0.0,0.0,,0.0,1,9.7,28.01,SPY210521C00371000,371.0,normalDay
2021-02-08,3510.0,7346.0,0.0,100,390.51,297.0,0,0.0,0.0,,0.0,1,9.7,29.75,SPY210521C00371000,371.0,normalDay
2021-02-09,3510.0,7297.0,0.0,100,390.25,297.0,0,0.0,0.0,,0.0,1,9.7,29.98,SPY210521C00371000,371.0,normalDay
2021-02-10,3510.0,7288.0,0.0,100,390.08,297.0,0,0.0,0.0,,0.0,1,9.7,29.9,SPY210521C00371000,371.0,normalDay
2021-02-11,3510.0,7360.0,0.0,100,390.71,297.0,0,0.0,0.0,,0.0,1,9.7,29.81,SPY210521C00371000,371.0,normalDay
2021-02-12,3510.0,7419.0,0.0,100,392.64,297.0,0,0.0,0.0,,0.0,1,9.7,31.15,SPY210521C00371000,371.0,normalDay
2021-02-16,3510.0,7440.0,0.0,100,392.3,297.0,0,0.0,0.0,,0.0,1,9.7,30.6,SPY210521C00371000,371.0,normalDay
2021-02-17,3510.0,7472.0,0.0,100,392.39,297.0,0,0.0,0.0,,0.0,1,9.7,30.37,SPY210521C00371000,371.0,normalDay
2021-02-18,3510.0,7401.0,0.0,100,390.72,297.0,0,0.0,0.0,,0.0,1,9.7,29.41,SPY210521C00371000,371.0,normalDay
2021-02-19,3510.0,7437.0,0.0,100,390.03,297.0,0,0.0,0.0,,0.0,1,9.7,28.36,SPY210521C00371000,371.0,normalDay
2021-02-22,3510.0,7327.0,0.0,100,387.03,297.0,0,0.0,0.0,,0.0,1,9.7,26.46,SPY210521C00371000,371.0,normalDay
2021-02-23,3510.0,7391.0,0.0,100,387.5,297.0,0,0.0,0.0,,0.0,1,9.7,26.29,SPY210521C00371000,371.0,normalDay
2021-02-24,3510.0,7531.0,0.0,100,391.77,297.0,0,0.0,0.0,,0.0,1,9.7,29.16,SPY210521C00371000,371.0,normalDay
2021-02-25,3510.0,7031.0,0.0,100,382.33,297.0,0,0.0,0.0,,0.0,1,9.7,24.72,SPY210521C00371000,371.0,normalDay
2021-02-26,3510.0,7095.0,0.0,100,380.36,297.0,0,0.0,0.0,,0.0,1,9.7,22.11,SPY210521C00371000,371.0,normalDay
2021-03-01,3510.0,7541.0,0.0,100,389.58,297.0,0,0.0,0.0,,0.0,1,9.7,26.87,SPY210521C00371000,371.0,normalDay
2021-03-02,3510.0,7435.0,0.0,100,386.54,297.0,0,0.0,0.0,,0.0,1,9.7,24.89,SPY210521C00371000,371.0,normalDay
2021-03-03,3510.0,7243.0,0.0,100,381.42,297.0,0,0.0,0.0,,0.0,1,9.7,21.69,SPY210521C00371000,371.0,normalDay
2021-03-04,3510.0,7026.0,0.0,100,376.7,297.0,0,0.0,0.0,,0.0,1,9.7,19.14,SPY210521C00371000,371.0,normalDay
2021-03-05,3510.0,7377.0,0.0,100,383.63,297.0,0,0.0,0.0,,0.0,1,9.7,22.56,SPY210521C00371000,371.0,normalDay
2021-03-08,3510.0,7299.0,0.0,100,381.72,297.0,0,0.0,0.0,,0.0,1,9.7,21.43,SPY210521C00371000,371.0,normalDay
2021-03-09,3510.0,7520.0,0.0,100,387.17,297.0,0,0.0,0.0,,0.0,1,9.7,24.67,SPY210521C00371000,371.0,normalDay
2021-03-10,3510.0,7584.0,0.0,100,389.58,297.0,0,0.0,0.0,,0.0,1,9.7,26.44,SPY210521C00371000,371.0,normalDay
2021-03-11,3510.0,7757.0,0.0,100,393.53,297.0,0,0.0,0.0,,0.0,1,9.7,28.66,SPY210521C00371000,371.0,normalDay
2021-03-12,3510.0,7770.0,0.0,100,394.06,297.0,0,0.0,0.0,,0.0,1,9.7,29.06,SPY210521C00371000,371.0,normalDay
2021-03-15,3510.0,7872.0,0.0,100,396.41,297.0,0,0.0,0.0,,0.0,1,9.7,30.39,SPY210521C00371000,371.0,normalDay
2021-03-16,3510.0,7876.0,0.0,100,395.91,297.0,0,0.0,0.0,,0.0,1,9.7,29.85,SPY210521C00371000,371.0,normalDay
2021-03-17,3510.0,7969.0,0.0,100,397.26,297.0,0,0.0,0.0,,0.0,1,9.7,30.27,SPY210521C00371000,371.0,normalDay
2021-03-18,3510.0,7754.0,0.0,100,391.48,297.0,0,0.0,0.0,,0.0,1,9.7,26.64,SPY210521C00371000,371.0,normalDay
2021-03-19,3510.0,7697.0,0.0,100,389.48,297.0,0,0.0,0.0,,0.0,1,9.7,25.21,SPY210521C00371000,371.0,normalDay
2021-03-22,3510.0,7847.0,0.0,100,392.59,297.0,0,0.0,0.0,,0.0,1,9.7,26.82,SPY210521C00371000,371.0,normalDay
2021-03-23,3510.0,7749.0,0.0,100,389.5,297.0,0,0.0,0.0,,0.0,1,9.7,24.71,SPY210521C00371000,371.0,normalDay
2021-03-24,3510.0,7709.0,0.0,100,387.52,297.0,0,0.0,0.0,,0.0,1,9.7,23.13,SPY210521C00371000,371.0,normalDay
2021-03-25,3510.0,7803.0,0.0,100,389.7,297.0,0,0.0,0.0,,0.0,1,9.7,24.37,SPY210521C00371000,371.0,normalDay
2021-03-26,3510.0,7968.0,0.0,100,395.98,297.0,0,0.0,0.0,,0.0,1,9.7,29.0,SPY210521C00371000,371.0,normalDay
2021-03-29,3510.0,7939.0,0.0,100,395.78,297.0,0,0.0,0.0,,0.0,1,9.7,29.09,SPY210521C00371000,371.0,normalDay
2021-03-30,3510.0,7981.0,0.0,100,394.73,297.0,0,0.0,0.0,,0.0,1,9.7,27.62,SPY210521C00371000,371.0,normalDay
2021-03-31,3510.0,8009.0,0.0,100,396.33,297.0,0,0.0,0.0,,0.0,1,9.7,28.94,SPY210521C00371000,371.0,normalDay
2021-04-01,3510.0,8071.0,0.0,100,400.61,297.0,0,0.0,0.0,,0.0,1,9.7,32.6,SPY210521C00371000,371.0,normalDay
2021-04-05,3510.0,8161.0,0.0,100,406.36,297.0,0,0.0,0.0,,0.0,1,9.7,37.45,SPY210521C00371000,371.0,normalDay
2021-04-06,3510.0,8159.0,0.0,100,406.12,297.0,0,0.0,0.0,,0.0,1,9.7,37.23,SPY210521C00371000,371.0,normalDay
2021-04-07,3510.0,8153.0,0.0,100,406.59,297.0,0,0.0,0.0,,0.0,1,9.7,37.76,SPY210521C00371000,371.0,normalDay
2021-04-08,3510.0,8172.0,0.0,100,408.52,297.0,0,0.0,0.0,,0.0,1,9.7,39.5,SPY210521C00371000,371.0,normalDay
2021-04-09,3510.0,8266.0,0.0,100,411.49,297.0,0,0.0,0.0,,0.0,1,9.7,41.53,SPY210521C00371000,371.0,normalDay
2021-04-12,3510.0,8243.0,0.0,100,411.64,297.0,0,0.0,0.0,,0.0,1,9.7,41.91,SPY210521C00371000,371.0,normalDay
2021-04-13,3510.0,8258.0,0.0,100,412.86,297.0,0,0.0,0.0,,0.0,1,9.7,42.98,SPY210521C00371000,371.0,normalDay
2021-04-14,3510.0,8209.0,0.0,100,411.45,297.0,0,0.0,0.0,,0.0,1,9.7,42.06,SPY210521C00371000,371.0,normalDay
2021-04-15,3510.0,8268.0,0.0,100,415.87,297.0,0,0.0,0.0,,0.0,1,9.7,45.89,SPY210521C00371000,371.0,normalDay
2021-04-16,3510.0,8297.0,0.0,100,417.26,297.0,0,0.0,0.0,,0.0,1,9.7,46.99,SPY210521C00371000,371.0,normalDay
2021-04-19,3510.0,8273.0,0.0,100,415.21,297.0,0,0.0,0.0,,0.0,1,9.7,45.18,SPY210521C00371000,371.0,normalDay
2021-04-20,3510.0,8276.0,0.0,100,412.17,297.0,0,0.0,0.0,,0.0,1,9.7,42.11,SPY210521C00371000,371.0,normalDay
2021-04-21,3510.0,8336.0,0.0,100,416.07,297.0,0,0.0,0.0,,0.0,1,9.7,45.41,SPY210521C00371000,371.0,normalDay
2021-04-22,3510.0,8285.0,0.0,100,412.27,297.0,0,0.0,0.0,,0.0,1,9.7,42.12,SPY210521C00371000,371.0,normalDay
2021-04-23,3510.0,8320.0,0.0,100,416.74,297.0,0,0.0,0.0,,0.0,1,9.7,46.24,SPY210521C00371000,371.0,normalDay
2021-04-26,3510.0,8296.0,0.0,100,417.61,297.0,0,0.0,0.0,,0.0,1,9.7,47.35,SPY210521C00371000,371.0,normalDay
2021-04-27,3510.0,8316.0,0.0,100,417.52,297.0,0,0.0,0.0,,0.0,1,9.7,47.06,SPY210521C00371000,371.0,normalDay
2021-04-28,3510.0,8277.0,0.0,100,417.4,297.0,0,0.0,0.0,,0.0,1,9.7,47.33,SPY210521C00371000,371.0,normalDay
2021-04-29,3510.0,8338.0,0.0,100,420.06,297.0,0,0.0,0.0,,0.0,1,9.7,49.38,SPY210521C00371000,371.0,normalDay
2021-04-30,3510.0,8285.0,0.0,100,417.3,297.0,0,0.0,0.0,,0.0,1,9.7,47.15,SPY210521C00371000,371.0,normalDay
2021-05-03,3510.0,8317.0,0.0,100,418.2,297.0,0,0.0,0.0,,0.0,1,9.7,47.73,SPY210521C00371000,371.0,normalDay
2021-05-04,3510.0,8326.0,0.0,100,415.62,297.0,0,0.0,0.0,,0.0,1,9.7,45.06,SPY210521C00371000,371.0,normalDay
2021-05-05,3510.0,8334.0,0.0,100,415.75,297.0,0,0.0,0.0,,0.0,1,9.7,45.11,SPY210521C00371000,371.0,normalDay
2021-05-06,3510.0,8325.0,0.0,100,419.07,297.0,0,0.0,0.0,,0.0,1,9.7,48.52,SPY210521C00371000,371.0,normalDay
2021-05-07,3510.0,8330.0,0.0,100,422.12,297.0,0,0.0,0.0,,0.0,1,9.7,51.52,SPY210521C00371000,371.0,normalDay
2021-05-10,3510.0,8363.0,0.0,100,417.94,297.0,0,0.0,0.0,,0.0,1,9.7,47.01,SPY210521C00371000,371.0,normalDay
2021-05-11,3510.0,8340.0,0.0,100,414.21,297.0,0,0.0,0.0,,0.0,1,9.7,43.51,SPY210521C00371000,371.0,normalDay
2021-05-12,3510.0,8263.0,0.0,100,405.41,297.0,0,0.0,0.0,,0.0,1,9.7,35.48,SPY210521C00371000,371.0,normalDay
2021-05-13,3510.0,8357.0,0.0,100,410.28,297.0,0,0.0,0.0,,0.0,1,9.7,39.41,SPY210521C00371000,371.0,normalDay
2021-05-14,3510.0,8301.0,0.0,100,416.58,297.0,0,0.0,0.0,,0.0,1,9.7,46.27,SPY210521C00371000,371.0,normalDay
2021-05-17,3510.0,8332.0,0.0,100,415.52,297.0,0,0.0,0.0,,0.0,1,9.7,44.9,SPY210521C00371000,371.0,normalDay
2021-05-18,3510.0,8355.0,0.0,100,411.94,297.0,0,0.0,0.0,,0.0,1,9.7,41.09,SPY210521C00371000,371.0,normalDay
2021-05-19,3510.0,8355.0,0.0,100,410.86,297.0,0,0.0,0.0,,0.0,1,9.7,40.01,SPY210521C00371000,371.0,normalDay
2021-05-20,3510.0,8387.0,0.0,100,415.28,297.0,0,0.0,0.0,,0.0,1,9.7,44.11,SPY210521C00371000,371.0,normalDay
2021-05-21,11880.0,8387.0,8370.0,0,414.94,0.0,0,0.0,0.0,,0.0,1,9.7,0.0,SPY210521C00371000,371.0,expirationDay
2021-05-24,11880.0,-3.0,0.0,0,419.17,0.0,1,0.13,0.16,SPY210526P00411000,411.0,0,0.0,0.0,,0.0,normalDay
2021-05-25,11880.0,5.0,0.0,0,418.24,0.0,1,0.13,0.08,SPY210526P00411000,411.0,0,0.0,0.0,,0.0,normalDay
2021-05-26,11893.0,0.0,13.0,0,419.07,0.0,1,0.13,0.0,SPY210526P00411000,411.0,0,0.0,0.0,,0.0,expirationDay
2021-05-27,11893.0,-3.0,0.0,0,419.29,0.0,1,0.03,0.06,SPY210528P00411000,411.0,0,0.0,0.0,,0.0,normalDay
2021-05-28,11896.0,0.0,3.0,0,420.04,0.0,1,0.03,0.0,SPY210528P00411000,411.0,0,0.0,0.0,,0.0,expirationDay
2021-06-01,11896.0,-3.0,0.0,0,419.67,0.0,1,0.22,0.25,SPY210604P00411000,411.0,0,0.0,0.0,,0.0,normalDay
2021-06-02,11896.0,14.0,0.0,0,420.33,0.0,1,0.22,0.08,SPY210604P00411000,411.0,0,0.0,0.0,,0.0,normalDay
2021-06-03,11896.0,13.0,0.0,0,418.77,0.0,1,0.22,0.09,SPY210604P00411000,411.0,0,0.0,0.0,,0.0,normalDay
2021-06-04,11918.0,0.0,22.0,0,422.6,0.0,1,0.22,0.0,SPY210604P00411000,411.0,0,0.0,0.0,,0.0,expirationDay
2021-06-07,11918.0,-3.0,0.0,0,422.19,0.0,1,0.03,0.06,SPY210609P00411000,411.0,0,0.0,0.0,,0.0,normalDay
2021-06-08,11918.0,-1.0,0.0,0,422.28,0.0,1,0.03,0.04,SPY210609P00411000,411.0,0,0.0,0.0,,0.0,normalDay
2021-06-09,11921.0,0.0,3.0,0,421.65,0.0,1,0.03,0.0,SPY210609P00411000,411.0,0,0.0,0.0,,0.0,expirationDay
2021-06-10,11921.0,-3.0,0.0,0,423.61,0.0,1,0.01,0.04,SPY210611P00413000,413.0,0,0.0,0.0,,0.0,normalDay
2021-06-11,11922.0,0.0,1.0,0,424.31,0.0,1,0.01,0.0,SPY210611P00413000,413.0,0,0.0,0.0,,0.0,expirationDay
2021-06-14,11922.0,-3.0,0.0,0,425.26,0.0,1,0.1,0.13,SPY210616P00415000,415.0,0,0.0,0.0,,0.0,normalDay
2021-06-15,11922.0,-5.0,0.0,0,424.48,0.0,1,0.1,0.15,SPY210616P00415000,415.0,0,0.0,0.0,,0.0,normalDay
2021-06-16,11932.0,0.0,10.0,0,422.11,0.0,1,0.1,0.0,SPY210616P00415000,415.0,0,0.0,0.0,,0.0,expirationDay
2021-06-17,11932.0,-3.0,0.0,0,421.97,0.0,1,0.42,0.45,SPY210618P00417000,417.0,0,0.0,0.0,,0.0,normalDay
2021-06-18,11974.0,-208.0,42.0,100,414.92,417.0,1,0.42,0.0,SPY210618P00417000,417.0,0,0.0,0.0,,0.0,expirationDay
2021-06-21,11974.0,366.0,0.0,100,420.86,417.0,0,0.0,0.0,,0.0,1,15.28,15.48,SPY220121C00430000,430.0,normalDay
2021-06-22,11974.0,557.0,0.0,100,423.11,417.0,0,0.0,0.0,,0.0,1,15.28,15.82,SPY220121C00430000,430.0,normalDay
2021-06-23,11974.0,562.0,0.0,100,422.6,417.0,0,0.0,0.0,,0.0,1,15.28,15.26,SPY220121C00430000,430.0,normalDay
2021-06-24,11974.0,690.0,0.0,100,425.1,417.0,0,0.0,0.0,,0.0,1,15.28,16.48,SPY220121C00430000,430.0,normalDay
2021-06-25,11974.0,764.0,0.0,100,426.61,417.0,0,0.0,0.0,,0.0,1,15.28,17.25,SPY220121C00430000,430.0,normalDay
2021-06-28,11974.0,805.0,0.0,100,427.47,417.0,0,0.0,0.0,,0.0,1,15.28,17.7,SPY220121C00430000,430.0,normalDay
2021-06-29,11974.0,775.0,0.0,100,427.7,417.0,0,0.0,0.0,,0.0,1,15.28,18.23,SPY220121C00430000,430.0,normalDay
2021-06-30,11974.0,766.0,0.0,100,428.06,417.0,0,0.0,0.0,,0.0,1,15.28,18.68,SPY220121C00430000,430.0,normalDay
2021-07-01,11974.0,888.0,0.0,100,430.43,417.0,0,0.0,0.0,,0.0,1,15.28,19.83,SPY220121C00430000,430.0,normalDay
2021-07-02,11974.0,1028.0,0.0,100,433.72,417.0,0,0.0,0.0,,0.0,1,15.28,21.72,SPY220121C00430000,430.0,normalDay
2021-07-06,11974.0,993.0,0.0,100,432.93,417.0,0,0.0,0.0,,0.0,1,15.28,21.28,SPY220121C00430000,430.0,normalDay
2021-07-07,11974.0,1010.0,0.0,100,434.46,417.0,0,0.0,0.0,,0.0,1,15.28,22.64,SPY220121C00430000,430.0,normalDay
2021-07-08,11974.0,838.0,0.0,100,430.92,417.0,0,0.0,0.0,,0.0,1,15.28,20.82,SPY220121C00430000,430.0,normalDay
2021-07-09,11974.0,1071.0,0.0,100,435.52,417.0,0,0.0,0.0,,0.0,1,15.28,23.09,SPY220121C00430000,430.0,normalDay
2021-07-12,11974.0,1101.0,0.0,100,437.08,417.0,0,0.0,0.0,,0.0,1,15.28,24.35,SPY220121C00430000,430.0,normalDay
2021-07-13,11974.0,1027.0,0.0,100,435.59,417.0,0,0.0,0.0,,0.0,1,15.28,23.6,SPY220121C00430000,430.0,normalDay
2021-07-14,11974.0,1035.0,0.0,100,436.24,417.0,0,0.0,0.0,,0.0,1,15.28,24.17,SPY220121C00430000,430.0,normalDay
2021-07-15,11974.0,1011.0,0.0,100,434.75,417.0,0,0.0,0.0,,0.0,1,15.28,22.92,SPY220121C00430000,430.0,normalDay
2021-07-16,11974.0,836.0,0.0,100,431.34,417.0,0,0.0,0.0,,0.0,1,15.28,21.26,SPY220121C00430000,430.0,normalDay
2021-07-19,11974.0,504.0,0.0,100,424.97,417.0,0,0.0,0.0,,0.0,1,15.28,18.21,SPY220121C00430000,430.0,normalDay
2021-07-20,11974.0,816.0,0.0,100,431.06,417.0,0,0.0,0.0,,0.0,1,15.28,21.18,SPY220121C00430000,430.0,normalDay
2021-07-21,11974.0,989.0,0.0,100,434.55,417.0,0,0.0,0.0,,0.0,1,15.28,22.94,SPY220121C00430000,430.0,normalDay
2021-07-22,11974.0,1022.0,0.0,100,435.46,417.0,0,0.0,0.0,,0.0,1,15.28,23.52,SPY220121C00430000,430.0,normalDay
2021-07-23,11974.0,1202.0,0.0,100,439.94,417.0,0,0.0,0.0,,0.0,1,15.28,26.2,SPY220121C00430000,430.0,normalDay
2021-07-26,11974.0,1230.0,0.0,100,441.02,417.0,0,0.0,0.0,,0.0,1,15.28,27.0,SPY220121C00430000,430.0,normalDay
2021-07-27,11974.0,1178.0,0.0,100,439.01,417.0,0,0.0,0.0,,0.0,1,15.28,25.51,SPY220121C00430000,430.0,normalDay
2021-07-28,11974.0,1168.0,0.0,100,438.83,417.0,0,0.0,0.0,,0.0,1,15.28,25.43,SPY220121C00430000,430.0,normalDay
2021-07-29,11974.0,1261.0,0.0,100,440.65,417.0,0,0.0,0.0,,0.0,1,15.28,26.32,SPY220121C00430000,430.0,normalDay
2021-07-30,11974.0,1135.0,0.0,100,438.51,417.0,0,0.0,0.0,,0.0,1,15.28,25.44,SPY220121C00430000,430.0,normalDay
2021-08-02,11974.0,1106.0,0.0,100,437.59,417.0,0,0.0,0.0,,0.0,1,15.28,24.81,SPY220121C00430000,430.0,normalDay
2021-08-03,11974.0,1299.0,0.0,100,441.15,417.0,0,0.0,0.0,,0.0,1,15.28,26.44,SPY220121C00430000,430.0,normalDay
2021-08-04,11974.0,1197.0,0.0,100,438.98,417.0,0,0.0,0.0,,0.0,1,15.28,25.29,SPY220121C00430000,430.0,normalDay
2021-08-05,11974.0,1342.0,0.0,100,441.76,417.0,0,0.0,0.0,,0.0,1,15.28,26.62,SPY220121C00430000,430.0,normalDay
2021-08-06,11974.0,1392.0,0.0,100,442.49,417.0,0,0.0,0.0,,0.0,1,15.28,26.85,SPY220121C00430000,430.0,normalDay
2021-08-09,11974.0,1357.0,0.0,100,442.13,417.0,0,0.0,0.0,,0.0,1,15.28,26.84,SPY220121C00430000,430.0,normalDay
2021-08-10,11974.0,1412.0,0.0,100,442.68,417.0,0,0.0,0.0,,0.0,1,15.28,26.84,SPY220121C00430000,430.0,normalDay
2021-08-11,11974.0,1460.0,0.0,100,443.78,417.0,0,0.0,0.0,,0.0,1,15.28,27.46,SPY220121C00430000,430.0,normalDay
2021-08-12,11974.0,1525.0,0.0,100,445.11,417.0,0,0.0,0.0,,0.0,1,15.28,28.14,SPY220121C00430000,430.0,normalDay
2021-08-13,11974.0,1558.0,0.0,100,445.92,417.0,0,0.0,0.0,,0.0,1,15.28,28.62,SPY220121C00430000,430.0,normalDay
2021-08-16,11974.0,1560.0,0.0,100,446.97,417.0,0,0.0,0.0,,0.0,1,15.28,29.65,SPY220121C00430000,430.0,normalDay
2021-08-17,11974.0,1478.0,0.0,100,444.04,417.0,0,0.0,0.0,,0.0,1,15.28,27.54,SPY220121C00430000,430.0,normalDay
2021-08-18,11974.0,1194.0,0.0,100,439.18,417.0,0,0.0,0.0,,0.0,1,15.28,25.52,SPY220121C00430000,430.0,normalDay
2021-08-19,11974.0,1202.0,0.0,100,439.86,417.0,0,0.0,0.0,,0.0,1,15.28,26.12,SPY220121C00430000,430.0,normalDay
2021-08-20,11974.0,1399.0,0.0,100,443.36,417.0,0,0.0,0.0,,0.0,1,15.28,27.65,SPY220121C00430000,430.0,normalDay
2021-08-23,11974.0,1551.0,0.0,100,447.26,417.0,0,0.0,0.0,,0.0,1,15.28,30.03,SPY220121C00430000,430.0,normalDay
2021-08-24,11974.0,1588.0,0.0,100,447.97,417.0,0,0.0,0.0,,0.0,1,15.28,30.37,SPY220121C00430000,430.0,normalDay
2021-08-25,11974.0,1642.0,0.0,100,448.91,417.0,0,0.0,0.0,,0.0,1,15.28,30.77,SPY220121C00430000,430.0,normalDay
2021-08-26,11974.0,1515.0,0.0,100,446.26,417.0,0,0.0,0.0,,0.0,1,15.28,29.39,SPY220121C00430000,430.0,normalDay
2021-08-27,11974.0,1698.0,0.0,100,450.25,417.0,0,0.0,0.0,,0.0,1,15.28,31.55,SPY220121C00430000,430.0,normalDay
2021-08-30,11974.0,1767.0,0.0,100,452.23,417.0,0,0.0,0.0,,0.0,1,15.28,32.84,SPY220121C00430000,430.0,normalDay
2021-08-31,11974.0,1698.0,0.0,100,451.56,417.0,0,0.0,0.0,,0.0,1,15.28,32.86,SPY220121C00430000,430.0,normalDay
2021-09-01,11974.0,1753.0,0.0,100,451.8,417.0,0,0.0,0.0,,0.0,1,15.28,32.55,SPY220121C00430000,430.0,normalDay
2021-09-02,11974.0,1810.0,0.0,100,453.19,417.0,0,0.0,0.0,,0.0,1,15.28,33.37,SPY220121C00430000,430.0,normalDay
2021-09-03,11974.0,1805.0,0.0,100,453.08,417.0,0,0.0,0.0,,0.0,1,15.28,33.31,SPY220121C00430000,430.0,normalDay
2021-09-07,11974.0,1747.0,0.0,100,451.46,417.0,0,0.0,0.0,,0.0,1,15.28,32.27,SPY220121C00430000,430.0,normalDay
2021-09-08,11974.0,1730.0,0.0,100,450.91,417.0,0,0.0,0.0,,0.0,1,15.28,31.89,SPY220121C00430000,430.0,normalDay
2021-09-09,11974.0,1681.0,0.0,100,448.98,417.0,0,0.0,0.0,,0.0,1,15.28,30.45,SPY220121C00430000,430.0,normalDay
2021-09-10,11974.0,1501.0,0.0,100,445.44,417.0,0,0.0,0.0,,0.0,1,15.28,28.71,SPY220121C00430000,430.0,normalDay
2021-09-13,11974.0,1601.0,0.0,100,446.58,417.0,0,0.0,0.0,,0.0,1,15.28,28.85,SPY220121C00430000,430.0,normalDay
2021-09-14,11974.0,1543.0,0.0,100,444.17,417.0,0,0.0,0.0,,0.0,1,15.28,27.02,SPY220121C00430000,430.0,normalDay
2021-09-15,11974.0,1717.0,0.0,100,447.88,417.0,0,0.0,0.0,,0.0,1,15.28,28.99,SPY220121C00430000,430.0,normalDay
2021-09-16,11974.0,1698.0,0.0,100,447.17,417.0,0,0.0,0.0,,0.0,1,15.28,28.47,SPY220121C00430000,430.0,normalDay
2021-09-17,11974.0,1380.0,0.0,100,441.4,417.0,0,0.0,0.0,,0.0,1,15.28,25.88,SPY220121C00430000,430.0,normalDay
2021-09-20,11974.0,1009.0,0.0,100,434.04,417.0,0,0.0,0.0,,0.0,1,15.28,22.23,SPY220121C00430000,430.0,normalDay
2021-09-21,11974.0,1050.0,0.0,100,433.63,417.0,0,0.0,0.0,,0.0,1,15.28,21.41,SPY220121C00430000,430.0,normalDay
2021-09-22,11974.0,1291.0,0.0,100,437.86,417.0,0,0.0,0.0,,0.0,1,15.28,23.23,SPY220121C00430000,430.0,normalDay
2021-09-23,11974.0,1534.0,0.0,100,443.18,417.0,0,0.0,0.0,,0.0,1,15.28,26.12,SPY220121C00430000,430.0,normalDay
2021-09-24,11974.0,1583.0,0.0,100,443.91,417.0,0,0.0,0.0,,0.0,1,15.28,26.36,SPY220121C00430000,430.0,normalDay
2021-09-27,11974.0,1568.0,0.0,100,442.64,417.0,0,0.0,0.0,,0.0,1,15.28,25.24,SPY220121C00430000,430.0,normalDay
2021-09-28,11974.0,1113.0,0.0,100,433.72,417.0,0,0.0,0.0,,0.0,1,15.28,20.87,SPY220121C00430000,430.0,normalDay
2021-09-29,11974.0,1158.0,0.0,100,434.45,417.0,0,0.0,0.0,,0.0,1,15.28,21.15,SPY220121C00430000,430.0,normalDay
2021-09-30,11974.0,946.0,0.0,100,429.14,417.0,0,0.0,0.0,,0.0,1,15.28,17.96,SPY220121C00430000,430.0,normalDay
2021-10-01,11974.0,1231.0,0.0,100,434.24,417.0,0,0.0,0.0,,0.0,1,15.28,20.21,SPY220121C00430000,430.0,normalDay
2021-10-04,11974.0,991.0,0.0,100,428.64,417.0,0,0.0,0.0,,0.0,1,15.28,17.01,SPY220121C00430000,430.0,normalDay
2021-10-05,11974.0,1234.0,0.0,100,433.1,417.0,0,0.0,0.0,,0.0,1,15.28,19.04,SPY220121C00430000,430.0,normalDay
2021-10-06,11974.0,1337.0,0.0,100,434.9,417.0,0,0.0,0.0,,0.0,1,15.28,19.81,SPY220121C00430000,430.0,normalDay
2021-10-07,11974.0,1503.0,0.0,100,438.66,417.0,0,0.0,0.0,,0.0,1,15.28,21.91,SPY220121C00430000,430.0,normalDay
2021-10-08,11974.0,1536.0,0.0,100,437.86,417.0,0,0.0,0.0,,0.0,1,15.28,20.78,SPY220121C00430000,430.0,normalDay
2021-10-11,11974.0,1422.0,0.0,100,434.69,417.0,0,0.0,0.0,,0.0,1,15.28,18.75,SPY220121C00430000,430.0,normalDay
2021-10-12,11974.0,1458.0,0.0,100,433.62,417.0,0,0.0,0.0,,0.0,1,15.28,17.32,SPY220121C00430000,430.0,normalDay
2021-10-13,11974.0,1524.0,0.0,100,435.18,417.0,0,0.0,0.0,,0.0,1,15.28,18.22,SPY220121C00430000,430.0,normalDay
2021-10-14,11974.0,1803.0,0.0,100,442.5,417.0,0,0.0,0.0,,0.0,1,15.28,22.75,SPY220121C00430000,430.0,normalDay
2021-10-15,11974.0,1896.0,0.0,100,445.87,417.0,0,0.0,0.0,,0.0,1,15.28,25.19,SPY220121C00430000,430.0,normalDay
2021-10-18,11974.0,1963.0,0.0,100,447.19,417.0,0,0.0,0.0,,0.0,1,15.28,25.84,SPY220121C00430000,430.0,normalDay
2021-10-19,11974.0,2010.0,0.0,100,450.64,417.0,0,0.0,0.0,,0.0,1,15.28,28.82,SPY220121C00430000,430.0,normalDay
2021-10-20,11974.0,2111.0,0.0,100,452.41,417.0,0,0.0,0.0,,0.0,1,15.28,29.58,SPY220121C00430000,430.0,normalDay
2021-10-21,11974.0,2142.0,0.0,100,453.59,417.0,0,0.0,0.0,,0.0,1,15.28,30.45,SPY220121C00430000,430.0,normalDay
2021-10-22,11974.0,2118.0,0.0,100,453.12,417.0,0,0.0,0.0,,0.0,1,15.28,30.22,SPY220121C00430000,430.0,normalDay
2021-10-25,11974.0,2223.0,0.0,100,455.55,417.0,0,0.0,0.0,,0.0,1,15.28,31.6,SPY220121C00430000,430.0,normalDay
2021-10-26,11974.0,2154.0,0.0,100,455.96,417.0,0,0.0,0.0,,0.0,1,15.28,32.7,SPY220121C00430000,430.0,normalDay
2021-10-27,11974.0,2081.0,0.0,100,453.94,417.0,0,0.0,0.0,,0.0,1,15.28,31.41,SPY220121C00430000,430.0,normalDay
2021-10-28,11974.0,2236.0,0.0,100,458.32,417.0,0,0.0,0.0,,0.0,1,15.28,34.24,SPY220121C00430000,430.0,normalDay
2021-10-29,11974.0,2222.0,0.0,100,459.25,417.0,0,0.0,0.0,,0.0,1,15.28,35.31,SPY220121C00430000,430.0,normalDay
2021-11-01,11974.0,2277.0,0.0,100,460.04,417.0,0,0.0,0.0,,0.0,1,15.28,35.55,SPY220121C00430000,430.0,normalDay
2021-11-02,11974.0,2344.0,0.0,100,461.9,417.0,0,0.0,0.0,,0.0,1,15.28,36.74,SPY220121C00430000,430.0,normalDay
2021-11-03,11974.0,2394.0,0.0,100,464.72,417.0,0,0.0,0.0,,0.0,1,15.28,39.06,SPY220121C00430000,430.0,normalDay
2021-11-04,11974.0,2447.0,0.0,100,466.91,417.0,0,0.0,0.0,,0.0,1,15.28,40.72,SPY220121C00430000,430.0,normalDay
2021-11-05,11974.0,2421.0,0.0,100,468.53,417.0,0,0.0,0.0,,0.0,1,15.28,42.6,SPY220121C00430000,430.0,normalDay
2021-11-08,11974.0,2429.0,0.0,100,468.93,417.0,0,0.0,0.0,,0.0,1,15.28,42.92,SPY220121C00430000,430.0,normalDay
2021-11-09,11974.0,2412.0,0.0,100,467.38,417.0,0,0.0,0.0,,0.0,1,15.28,41.54,SPY220121C00430000,430.0,normalDay
2021-11-10,11974.0,2328.0,0.0,100,463.62,417.0,0,0.0,0.0,,0.0,1,15.28,38.62,SPY220121C00430000,430.0,normalDay
2021-11-11,11974.0,2345.0,0.0,100,463.77,417.0,0,0.0,0.0,,0.0,1,15.28,38.6,SPY220121C00430000,430.0,normalDay
2021-11-12,11974.0,2422.0,0.0,100,467.27,417.0,0,0.0,0.0,,0.0,1,15.28,41.33,SPY220121C00430000,430.0,normalDay
2021-11-15,11974.0,2475.0,0.0,100,467.43,417.0,0,0.0,0.0,,0.0,1,15.28,40.96,SPY220121C00430000,430.0,normalDay
2021-11-16,11974.0,2485.0,0.0,100,469.28,417.0,0,0.0,0.0,,0.0,1,15.28,42.71,SPY220121C00430000,430.0,normalDay
2021-11-17,11974.0,2490.0,0.0,100,468.14,417.0,0,0.0,0.0,,0.0,1,15.28,41.52,SPY220121C00430000,430.0,normalDay
2021-11-18,11974.0,2481.0,0.0,100,469.73,417.0,0,0.0,0.0,,0.0,1,15.28,43.2,SPY220121C00430000,430.0,normalDay
2021-11-19,11974.0,2455.0,0.0,100,468.89,417.0,0,0.0,0.0,,0.0,1,15.28,42.62,SPY220121C00430000,430.0,normalDay
2021-11-22,11974.0,2435.0,0.0,100,467.57,417.0,0,0.0,0.0,,0.0,1,15.28,41.5,SPY220121C00430000,430.0,normalDay
2021-11-23,11974.0,2487.0,0.0,100,468.19,417.0,0,0.0,0.0,,0.0,1,15.28,41.6,SPY220121C00430000,430.0,normalDay
2021-11-24,11974.0,2505.0,0.0,100,469.44,417.0,0,0.0,0.0,,0.0,1,15.28,42.67,SPY220121C00430000,430.0,normalDay
2021-11-26,11974.0,2089.0,0.0,100,458.97,417.0,0,0.0,0.0,,0.0,1,15.28,36.36,SPY220121C00430000,430.0,normalDay
2021-11-29,11974.0,2373.0,0.0,100,464.6,417.0,0,0.0,0.0,,0.0,1,15.28,39.15,SPY220121C00430000,430.0,normalDay
2021-11-30,11974.0,1909.0,0.0,100,455.56,417.0,0,0.0,0.0,,0.0,1,15.28,34.75,SPY220121C00430000,430.0,normalDay
2021-12-01,11974.0,1860.0,0.0,100,450.5,417.0,0,0.0,0.0,,0.0,1,15.28,30.18,SPY220121C00430000,430.0,normalDay
2021-12-02,11974.0,2179.0,0.0,100,457.4,417.0,0,0.0,0.0,,0.0,1,15.28,33.89,SPY220121C00430000,430.0,normalDay
2021-12-03,11974.0,2008.0,0.0,100,453.42,417.0,0,0.0,0.0,,0.0,1,15.28,31.62,SPY220121C00430000,430.0,normalDay
2021-12-06,11974.0,2260.0,0.0,100,458.79,417.0,0,0.0,0.0,,0.0,1,15.28,34.47,SPY220121C00430000,430.0,normalDay
2021-12-07,11974.0,2518.0,0.0,100,468.28,417.0,0,0.0,0.0,,0.0,1,15.28,41.38,SPY220121C00430000,430.0,normalDay
2021-12-08,11974.0,2622.0,0.0,100,469.52,417.0,0,0.0,0.0,,0.0,1,15.28,41.58,SPY220121C00430000,430.0,normalDay
2021-12-09,11974.0,2568.0,0.0,100,466.35,417.0,0,0.0,0.0,,0.0,1,15.28,38.95,SPY220121C00430000,430.0,normalDay
2021-12-10,11974.0,2655.0,0.0,100,470.74,417.0,0,0.0,0.0,,0.0,1,15.28,42.47,SPY220121C00430000,430.0,normalDay
2021-12-13,11974.0,2638.0,0.0,100,466.57,417.0,0,0.0,0.0,,0.0,1,15.28,38.47,SPY220121C00430000,430.0,normalDay
2021-12-14,11974.0,2575.0,0.0,100,463.36,417.0,0,0.0,0.0,,0.0,1,15.28,35.89,SPY220121C00430000,430.0,normalDay
2021-12-15,11974.0,2659.0,0.0,100,470.6,417.0,0,0.0,0.0,,0.0,1,15.28,42.29,SPY220121C00430000,430.0,normalDay
2021-12-16,11974.0,2598.0,0.0,100,466.45,417.0,0,0.0,0.0,,0.0,1,15.28,38.75,SPY220121C00430000,430.0,normalDay
2021-12-17,11974.0,2386.0,0.0,100,459.87,417.0,0,0.0,0.0,,0.0,1,15.28,34.29,SPY220121C00430000,430.0,normalDay
2021-12-20,11974.0,2316.0,0.0,100,454.98,417.0,0,0.0,0.0,,0.0,1,15.28,30.1,SPY220121C00430000,430.0,normalDay
2021-12-21,11974.0,2532.0,0.0,100,463.06,417.0,0,0.0,0.0,,0.0,1,15.28,36.02,SPY220121C00430000,430.0,normalDay
2021-12-22,11974.0,2619.0,0.0,100,467.69,417.0,0,0.0,0.0,,0.0,1,15.28,39.78,SPY220121C00430000,430.0,normalDay
2021-12-23,11974.0,2629.0,0.0,100,470.6,417.0,0,0.0,0.0,,0.0,1,15.28,42.59,SPY220121C00430000,430.0,normalDay
2021-12-27,11974.0,2711.0,0.0,100,477.26,417.0,0,0.0,0.0,,0.0,1,15.28,48.43,SPY220121C00430000,430.0,normalDay
2021-12-28,11974.0,2667.0,0.0,100,476.87,417.0,0,0.0,0.0,,0.0,1,15.28,48.48,SPY220121C00430000,430.0,normalDay
2021-12-29,11974.0,2705.0,0.0,100,477.48,417.0,0,0.0,0.0,,0.0,1,15.28,48.71,SPY220121C00430000,430.0,normalDay
2021-12-30,11974.0,2741.0,0.0,100,476.16,417.0,0,0.0,0.0,,0.0,1,15.28,47.03,SPY220121C00430000,430.0,normalDay
2021-12-31,11974.0,2705.0,0.0,100,474.96,417.0,0,0.0,0.0,,0.0,1,15.28,46.19,SPY220121C00430000,430.0,normalDay
2022-01-03,11974.0,2775.0,0.0,100,477.71,417.0,0,0.0,0.0,,0.0,1,15.28,48.24,SPY220121C00430000,430.0,normalDay
2022-01-04,11974.0,2792.0,0.0,100,477.55,417.0,0,0.0,0.0,,0.0,1,15.28,47.91,SPY220121C00430000,430.0,normalDay
2022-01-05,11974.0,2692.0,0.0,100,468.38,417.0,0,0.0,0.0,,0.0,1,15.28,39.74,SPY220121C00430000,430.0,normalDay
2022-01-06,11974.0,2733.0,0.0,100,467.94,417.0,0,0.0,0.0,,0.0,1,15.28,38.89,SPY220121C00430000,430.0,normalDay
2022-01-07,11974.0,2704.0,0.0,100,466.09,417.0,0,0.0,0.0,,0.0,1,15.28,37.33,SPY220121C00430000,430.0,normalDay
2022-01-10,11974.0,2777.0,0.0,100,465.51,417.0,0,0.0,0.0,,0.0,1,15.28,36.02,SPY220121C00430000,430.0,normalDay
2022-01-11,11974.0,2791.0,0.0,100,469.75,417.0,0,0.0,0.0,,0.0,1,15.28,40.12,SPY220121C00430000,430.0,normalDay
2022-01-12,11974.0,2764.0,0.0,100,471.02,417.0,0,0.0,0.0,,0.0,1,15.28,41.66,SPY220121C00430000,430.0,normalDay
2022-01-13,11974.0,2795.0,0.0,100,464.53,417.0,0,0.0,0.0,,0.0,1,15.28,34.86,SPY220121C00430000,430.0,normalDay
2022-01-14,11974.0,2778.0,0.0,100,464.72,417.0,0,0.0,0.0,,0.0,1,15.28,35.22,SPY220121C00430000,430.0,normalDay
2022-01-18,11974.0,2822.0,0.0,100,456.49,417.0,0,0.0,0.0,,0.0,1,15.28,26.55,SPY220121C00430000,430.0,normalDay
2022-01-19,11974.0,2778.0,0.0,100,451.75,417.0,0,0.0,0.0,,0.0,1,15.28,22.25,SPY220121C00430000,430.0,normalDay
2022-01-20,11974.0,2823.0,0.0,100,446.75,417.0,0,0.0,0.0,,0.0,1,15.28,16.8,SPY220121C00430000,430.0,normalDay
2022-01-21,14802.0,2823.0,2828.0,0,437.98,0.0,0,0.0,0.0,,0.0,1,15.28,0.0,SPY220121C00430000,430.0,expirationDay
2022-01-24,14802.0,-21.0,0.0,0,439.84,0.0,1,12.4,12.61,SPY220126P00450000,450.0,0,0.0,0.0,,0.0,normalDay
2022-01-25,14802.0,-506.0,0.0,0,434.47,0.0,1,12.4,17.46,SPY220126P00450000,450.0,0,0.0,0.0,,0.0,normalDay
2022-01-26,16042.0,-1662.0,1240.0,100,433.38,450.0,1,12.4,0.0,SPY220126P00450000,450.0,0,0.0,0.0,,0.0,expirationDay
2022-01-27,16042.0,-1927.0,0.0,100,431.24,450.0,0,0.0,0.0,,0.0,1,0.62,1.13,SPY220715C00520000,520.0,normalDay
2022-01-28,16042.0,-883.0,0.0,100,441.95,450.0,0,0.0,0.0,,0.0,1,0.62,1.4,SPY220715C00520000,520.0,normalDay
2022-01-31,16042.0,-109.0,0.0,100,449.91,450.0,0,0.0,0.0,,0.0,1,0.62,1.62,SPY220715C00520000,520.0,normalDay
2022-02-01,16042.0,202.0,0.0,100,452.95,450.0,0,0.0,0.0,,0.0,1,0.62,1.55,SPY220715C00520000,520.0,normalDay
2022-02-02,16042.0,624.0,0.0,100,457.35,450.0,0,0.0,0.0,,0.0,1,0.62,1.73,SPY220715C00520000,520.0,normalDay
2022-02-03,16042.0,-438.0,0.0,100,446.6,450.0,0,0.0,0.0,,0.0,1,0.62,1.6,SPY220715C00520000,520.0,normalDay
2022-02-04,16042.0,-214.0,0.0,100,448.7,450.0,0,0.0,0.0,,0.0,1,0.62,1.46,SPY220715C00520000,520.0,normalDay
2022-02-07,16042.0,-355.0,0.0,100,447.26,450.0,0,0.0,0.0,,0.0,1,0.62,1.43,SPY220715C00520000,520.0,normalDay
2022-02-08,16042.0,37.0,0.0,100,450.94,450.0,0,0.0,0.0,,0.0,1,0.62,1.19,SPY220715C00520000,520.0,normalDay
2022-02-09,16042.0,673.0,0.0,100,457.54,450.0,0,0.0,0.0,,0.0,1,0.62,1.43,SPY220715C00520000,520.0,normalDay
2022-02-10,16042.0,-113.0,0.0,100,449.32,450.0,0,0.0,0.0,,0.0,1,0.62,1.07,SPY220715C00520000,520.0,normalDay
2022-02-11,16042.0,-984.0,0.0,100,440.46,450.0,0,0.0,0.0,,0.0,1,0.62,0.92,SPY220715C00520000,520.0,normalDay
2022-02-14,16042.0,-1124.0,0.0,100,439.02,450.0,0,0.0,0.0,,0.0,1,0.62,0.88,SPY220715C00520000,520.0,normalDay
2022-02-15,16042.0,-420.0,0.0,100,446.1,450.0,0,0.0,0.0,,0.0,1,0.62,0.92,SPY220715C00520000,520.0,normalDay
2022-02-16,16042.0,-365.0,0.0,100,446.6,450.0,0,0.0,0.0,,0.0,1,0.62,0.87,SPY220715C00520000,520.0,normalDay
2022-02-17,16042.0,-1300.0,0.0,100,437.06,450.0,0,0.0,0.0,,0.0,1,0.62,0.68,SPY220715C00520000,520.0,normalDay
2022-02-18,16042.0,-1605.0,0.0,100,434.23,450.0,0,0.0,0.0,,0.0,1,0.62,0.9,SPY220715C00520000,520.0,normalDay
2022-02-22,16042.0,-2035.0,0.0,100,429.57,450.0,0,0.0,0.0,,0.0,1,0.62,0.54,SPY220715C00520000,520.0,normalDay
2022-02-23,16042.0,-2786.0,0.0,100,421.95,450.0,0,0.0,0.0,,0.0,1,0.62,0.43,SPY220715C00520000,520.0,normalDay
2022-02-24,16042.0,-2160.0,0.0,100,428.3,450.0,0,0.0,0.0,,0.0,1,0.62,0.52,SPY220715C00520000,520.0,normalDay
2022-02-25,16042.0,-1245.0,0.0,100,437.75,450.0,0,0.0,0.0,,0.0,1,0.62,0.82,SPY220715C00520000,520.0,normalDay
2022-02-28,16042.0,-1347.0,0.0,100,436.63,450.0,0,0.0,0.0,,0.0,1,0.62,0.72,SPY220715C00520000,520.0,normalDay
2022-03-01,16042.0,-2005.0,0.0,100,429.98,450.0,0,0.0,0.0,,0.0,1,0.62,0.65,SPY220715C00520000,520.0,normalDay
2022-03-02,16042.0,-1224.0,0.0,100,437.89,450.0,0,0.0,0.0,,0.0,1,0.62,0.75,SPY220715C00520000,520.0,normalDay
2022-03-03,16042.0,-1430.0,0.0,100,435.71,450.0,0,0.0,0.0,,0.0,1,0.62,0.63,SPY220715C00520000,520.0,normalDay
2022-03-04,16042.0,-1775.0,0.0,100,432.17,450.0,0,0.0,0.0,,0.0,1,0.62,0.54,SPY220715C00520000,520.0,normalDay
2022-03-07,16042.0,-3038.0,0.0,100,419.43,450.0,0,0.0,0.0,,0.0,1,0.62,0.43,SPY220715C00520000,520.0,normalDay
2022-03-08,16042.0,-3352.0,0.0,100,416.25,450.0,0,0.0,0.0,,0.0,1,0.62,0.39,SPY220715C00520000,520.0,normalDay
2022-03-09,16042.0,-2248.0,0.0,100,427.41,450.0,0,0.0,0.0,,0.0,1,0.62,0.51,SPY220715C00520000,520.0,normalDay
2022-03-10,16042.0,-2434.0,0.0,100,425.48,450.0,0,0.0,0.0,,0.0,1,0.62,0.44,SPY220715C00520000,520.0,normalDay
2022-03-11,16042.0,-2967.0,0.0,100,420.07,450.0,0,0.0,0.0,,0.0,1,0.62,0.36,SPY220715C00520000,520.0,normalDay
2022-03-14,16042.0,-3272.0,0.0,100,417.0,450.0,0,0.0,0.0,,0.0,1,0.62,0.34,SPY220715C00520000,520.0,normalDay
2022-03-15,16042.0,-2361.0,0.0,100,426.17,450.0,0,0.0,0.0,,0.0,1,0.62,0.4,SPY220715C00520000,520.0,normalDay
2022-03-16,16042.0,-1423.0,0.0,100,435.62,450.0,0,0.0,0.0,,0.0,1,0.62,0.47,SPY220715C00520000,520.0,normalDay
2022-03-17,16042.0,-876.0,0.0,100,441.07,450.0,0,0.0,0.0,,0.0,1,0.62,0.45,SPY220715C00520000,520.0,normalDay
2022-03-18,16042.0,-533.0,0.0,100,444.52,450.0,0,0.0,0.0,,0.0,1,0.62,0.47,SPY220715C00520000,520.0,normalDay
2022-03-21,16042.0,-541.0,0.0,100,444.39,450.0,0,0.0,0.0,,0.0,1,0.62,0.42,SPY220715C00520000,520.0,normalDay
2022-03-22,16042.0,-34.0,0.0,100,449.59,450.0,0,0.0,0.0,,0.0,1,0.62,0.55,SPY220715C00520000,520.0,normalDay
2022-03-23,16042.0,-597.0,0.0,100,443.8,450.0,0,0.0,0.0,,0.0,1,0.62,0.39,SPY220715C00520000,520.0,normalDay
2022-03-24,16042.0,61.0,0.0,100,450.49,450.0,0,0.0,0.0,,0.0,1,0.62,0.5,SPY220715C00520000,520.0,normalDay
2022-03-25,16042.0,279.0,0.0,100,452.69,450.0,0,0.0,0.0,,0.0,1,0.62,0.52,SPY220715C00520000,520.0,normalDay
2022-03-28,16042.0,599.0,0.0,100,455.91,450.0,0,0.0,0.0,,0.0,1,0.62,0.54,SPY220715C00520000,520.0,normalDay
2022-03-29,16042.0,1145.0,0.0,100,461.55,450.0,0,0.0,0.0,,0.0,1,0.62,0.72,SPY220715C00520000,520.0,normalDay
2022-03-30,16042.0,869.0,0.0,100,458.7,450.0,0,0.0,0.0,,0.0,1,0.62,0.63,SPY220715C00520000,520.0,normalDay
2022-03-31,16042.0,183.0,0.0,100,451.64,450.0,0,0.0,0.0,,0.0,1,0.62,0.43,SPY220715C00520000,520.0,normalDay
2022-04-01,16042.0,318.0,0.0,100,452.92,450.0,0,0.0,0.0,,0.0,1,0.62,0.36,SPY220715C00520000,520.0,normalDay
2022-04-04,16042.0,703.0,0.0,100,456.8,450.0,0,0.0,0.0,,0.0,1,0.62,0.39,SPY220715C00520000,520.0,normalDay
2022-04-05,16042.0,133.0,0.0,100,451.03,450.0,0,0.0,0.0,,0.0,1,0.62,0.32,SPY220715C00520000,520.0,normalDay
2022-04-06,16042.0,-311.0,0.0,100,446.52,450.0,0,0.0,0.0,,0.0,1,0.62,0.25,SPY220715C00520000,520.0,normalDay
2022-04-07,16042.0,-86.0,0.0,100,448.77,450.0,0,0.0,0.0,,0.0,1,0.62,0.25,SPY220715C00520000,520.0,normalDay
2022-04-08,16042.0,-204.0,0.0,100,447.57,450.0,0,0.0,0.0,,0.0,1,0.62,0.23,SPY220715C00520000,520.0,normalDay
2022-04-11,16042.0,-964.0,0.0,100,439.92,450.0,0,0.0,0.0,,0.0,1,0.62,0.18,SPY220715C00520000,520.0,normalDay
2022-04-12,16042.0,-1125.0,0.0,100,438.29,450.0,0,0.0,0.0,,0.0,1,0.62,0.16,SPY220715C00520000,520.0,normalDay
2022-04-13,16042.0,-624.0,0.0,100,443.31,450.0,0,0.0,0.0,,0.0,1,0.62,0.17,SPY220715C00520000,520.0,normalDay
2022-04-14,16042.0,-1172.0,0.0,100,437.79,450.0,0,0.0,0.0,,0.0,1,0.62,0.13,SPY220715C00520000,520.0,normalDay
2022-04-18,16042.0,-1153.0,0.0,100,437.97,450.0,0,0.0,0.0,,0.0,1,0.62,0.12,SPY220715C00520000,520.0,normalDay
2022-04-19,16042.0,-447.0,0.0,100,445.04,450.0,0,0.0,0.0,,0.0,1,0.62,0.13,SPY220715C00520000,520.0,normalDay
2022-04-20,16042.0,-480.0,0.0,100,444.71,450.0,0,0.0,0.0,,0.0,1,0.62,0.13,SPY220715C00520000,520.0,normalDay
2022-04-21,16042.0,-1142.0,0.0,100,438.06,450.0,0,0.0,0.0,,0.0,1,0.62,0.1,SPY220715C00520000,520.0,normalDay
2022-04-22,16042.0,-2341.0,0.0,100,426.04,450.0,0,0.0,0.0,,0.0,1,0.62,0.07,SPY220715C00520000,520.0,normalDay
2022-04-25,16042.0,-2093.0,0.0,100,428.51,450.0,0,0.0,0.0,,0.0,1,0.62,0.06,SPY220715C00520000,520.0,normalDay
2022-04-26,16042.0,-3333.0,0.0,100,416.1,450.0,0,0.0,0.0,,0.0,1,0.62,0.05,SPY220715C00520000,520.0,normalDay
2022-04-27,16042.0,-3216.0,0.0,100,417.27,450.0,0,0.0,0.0,,0.0,1,0.62,0.05,SPY220715C00520000,520.0,normalDay
2022-04-28,16042.0,-2163.0,0.0,100,427.81,450.0,0,0.0,0.0,,0.0,1,0.62,0.06,SPY220715C00520000,520.0,normalDay
2022-04-29,16042.0,-3743.0,0.0,100,412.0,450.0,0,0.0,0.0,,0.0,1,0.62,0.05,SPY220715C00520000,520.0,normalDay
2022-05-02,16042.0,-3495.0,0.0,100,414.48,450.0,0,0.0,0.0,,0.0,1,0.62,0.05,SPY220715C00520000,520.0,normalDay
2022-05-03,16042.0,-3303.0,0.0,100,416.38,450.0,0,0.0,0.0,,0.0,1,0.62,0.03,SPY220715C00520000,520.0,normalDay
2022-05-04,16042.0,-2037.0,0.0,100,429.06,450.0,0,0.0,0.0,,0.0,1,0.62,0.05,SPY220715C00520000,520.0,normalDay
2022-05-05,16042.0,-3561.0,0.0,100,413.81,450.0,0,0.0,0.0,,0.0,1,0.62,0.04,SPY220715C00520000,520.0,normalDay
2022-05-06,16042.0,-3807.0,0.0,100,411.34,450.0,0,0.0,0.0,,0.0,1,0.62,0.03,SPY220715C00520000,520.0,normalDay
2022-05-09,16042.0,-5124.0,0.0,100,398.17,450.0,0,0.0,0.0,,0.0,1,0.62,0.03,SPY220715C00520000,520.0,normalDay
2022-05-10,16042.0,-5031.0,0.0,100,399.09,450.0,0,0.0,0.0,,0.0,1,0.62,0.02,SPY220715C00520000,520.0,normalDay
2022-05-11,16042.0,-5665.0,0.0,100,392.75,450.0,0,0.0,0.0,,0.0,1,0.62,0.02,SPY220715C00520000,520.0,normalDay
2022-05-12,16042.0,-5706.0,0.0,100,392.34,450.0,0,0.0,0.0,,0.0,1,0.62,0.02,SPY220715C00520000,520.0,normalDay
2022-05-13,16042.0,-4768.0,0.0,100,401.72,450.0,0,0.0,0.0,,0.0,1,0.62,0.02,SPY220715C00520000,520.0,normalDay
2022-05-16,16042.0,-4931.0,0.0,100,400.09,450.0,0,0.0,0.0,,0.0,1,0.62,0.02,SPY220715C00520000,520.0,normalDay
2022-05-17,16042.0,-4108.0,0.0,100,408.32,450.0,0,0.0,0.0,,0.0,1,0.62,0.02,SPY220715C00520000,520.0,normalDay
2022-05-18,16042.0,-5754.0,0.0,100,391.86,450.0,0,0.0,0.0,,0.0,1,0.62,0.02,SPY220715C00520000,520.0,normalDay
2022-05-19,16042.0,-5994.0,0.0,100,389.46,450.0,0,0.0,0.0,,0.0,1,0.62,0.02,SPY220715C00520000,520.0,normalDay
2022-05-20,16042.0,-5977.0,0.0,100,389.63,450.0,0,0.0,0.0,,0.0,1,0.62,0.02,SPY220715C00520000,520.0,normalDay
2022-05-23,16042.0,-5248.0,0.0,100,396.92,450.0,0,0.0,0.0,,0.0,1,0.62,0.02,SPY220715C00520000,520.0,normalDay
2022-05-24,16042.0,-5551.0,0.0,100,393.89,450.0,0,0.0,0.0,,0.0,1,0.62,0.02,SPY220715C00520000,520.0,normalDay
2022-05-25,16042.0,-5204.0,0.0,100,397.37,450.0,0,0.0,0.0,,0.0,1,0.62,0.03,SPY220715C00520000,520.0,normalDay
2022-05-26,16042.0,-4410.0,0.0,100,405.31,450.0,0,0.0,0.0,,0.0,1,0.62,0.03,SPY220715C00520000,520.0,normalDay
2022-05-27,16042.0,-3415.0,0.0,100,415.26,450.0,0,0.0,0.0,,0.0,1,0.62,0.03,SPY220715C00520000,520.0,normalDay
2022-05-31,16042.0,-3648.0,0.0,100,412.93,450.0,0,0.0,0.0,,0.0,1,0.62,0.03,SPY220715C00520000,520.0,normalDay
2022-06-01,16042.0,-3981.0,0.0,100,409.59,450.0,0,0.0,0.0,,0.0,1,0.62,0.02,SPY220715C00520000,520.0,normalDay
2022-06-02,16042.0,-3202.0,0.0,100,417.39,450.0,0,0.0,0.0,,0.0,1,0.62,0.03,SPY220715C00520000,520.0,normalDay
2022-06-03,16042.0,-3886.0,0.0,100,410.54,450.0,0,0.0,0.0,,0.0,1,0.62,0.02,SPY220715C00520000,520.0,normalDay
2022-06-06,16042.0,-3761.0,0.0,100,411.79,450.0,0,0.0,0.0,,0.0,1,0.62,0.02,SPY220715C00520000,520.0,normalDay
2022-06-07,16042.0,-3366.0,0.0,100,415.74,450.0,0,0.0,0.0,,0.0,1,0.62,0.02,SPY220715C00520000,520.0,normalDay
2022-06-08,16042.0,-3818.0,0.0,100,411.22,450.0,0,0.0,0.0,,0.0,1,0.62,0.02,SPY220715C00520000,520.0,normalDay
2022-06-09,16042.0,-4796.0,0.0,100,401.44,450.0,0,0.0,0.0,,0.0,1,0.62,0.02,SPY220715C00520000,520.0,normalDay
2022-06-10,16042.0,-5959.0,0.0,100,389.8,450.0,0,0.0,0.0,,0.0,1,0.62,0.01,SPY220715C00520000,520.0,normalDay
2022-06-13,16042.0,-7440.0,0.0,100,375.0,450.0,0,0.0,0.0,,0.0,1,0.62,0.02,SPY220715C00520000,520.0,normalDay
2022-06-14,16042.0,-7552.0,0.0,100,373.87,450.0,0,0.0,0.0,,0.0,1,0.62,0.01,SPY220715C00520000,520.0,normalDay
2022-06-15,16042.0,-7019.0,0.0,100,379.2,450.0,0,0.0,0.0,,0.0,1,0.62,0.01,SPY220715C00520000,520.0,normalDay
2022-06-16,16042.0,-8274.0,0.0,100,366.65,450.0,0,0.0,0.0,,0.0,1,0.62,0.01,SPY220715C00520000,520.0,normalDay
2022-06-17,16042.0,-8353.0,0.0,100,365.86,450.0,0,0.0,0.0,,0.0,1,0.62,0.01,SPY220715C00520000,520.0,normalDay
2022-06-21,16042.0,-7432.0,0.0,100,375.07,450.0,0,0.0,0.0,,0.0,1,0.62,0.01,SPY220715C00520000,520.0,normalDay
2022-06-22,16042.0,-7500.0,0.0,100,374.39,450.0,0,0.0,0.0,,0.0,1,0.62,0.01,SPY220715C00520000,520.0,normalDay
2022-06-23,16042.0,-7133.0,0.0,100,378.06,450.0,0,0.0,0.0,,0.0,1,0.62,0.01,SPY220715C00520000,520.0,normalDay
2022-06-24,16042.0,-5931.0,0.0,100,390.08,450.0,0,0.0,0.0,,0.0,1,0.62,0.01,SPY220715C00520000,520.0,normalDay
2022-06-27,16042.0,-6080.0,0.0,100,388.59,450.0,0,0.0,0.0,,0.0,1,0.62,0.01,SPY220715C00520000,520.0,normalDay
2022-06-28,16042.0,-6874.0,0.0,100,380.65,450.0,0,0.0,0.0,,0.0,1,0.62,0.01,SPY220715C00520000,520.0,normalDay
2022-06-29,16042.0,-6905.0,0.0,100,380.34,450.0,0,0.0,0.0,,0.0,1,0.62,0.01,SPY220715C00520000,520.0,normalDay
2022-06-30,16042.0,-7214.0,0.0,100,377.25,450.0,0,0.0,0.0,,0.0,1,0.62,0.01,SPY220715C00520000,520.0,normalDay
2022-07-01,16042.0,-6815.0,0.0,100,381.24,450.0,0,0.0,0.0,,0.0,1,0.62,0.01,SPY220715C00520000,520.0,normalDay
2022-07-05,16042.0,-6743.0,0.0,100,381.96,450.0,0,0.0,0.0,,0.0,1,0.62,0.01,SPY220715C00520000,520.0,normalDay
2022-07-06,16042.0,-6614.0,0.0,100,383.25,450.0,0,0.0,0.0,,0.0,1,0.62,0.01,SPY220715C00520000,520.0,normalDay
2022-07-07,16042.0,-6040.0,0.0,100,388.99,450.0,0,0.0,0.0,,0.0,1,0.62,0.01,SPY220715C00520000,520.0,normalDay
2022-07-08,16042.0,-6072.0,0.0,100,388.67,450.0,0,0.0,0.0,,0.0,1,0.62,0.01,SPY220715C00520000,520.0,normalDay
2022-07-11,16042.0,-6516.0,0.0,100,384.23,450.0,0,0.0,0.0,,0.0,1,0.62,0.01,SPY220715C00520000,520.0,normalDay
2022-07-12,16042.0,-6856.0,0.0,100,380.83,450.0,0,0.0,0.0,,0.0,1,0.62,0.01,SPY220715C00520000,520.0,normalDay
2022-07-13,16042.0,-7056.0,0.0,100,378.83,450.0,0,0.0,0.0,,0.0,1,0.62,0.01,SPY220715C00520000,520.0,normalDay
2022-07-14,16042.0,-7148.0,0.0,100,377.91,450.0,0,0.0,0.0,,0.0,1,0.62,0.01,SPY220715C00520000,520.0,normalDay
2022-07-15,16104.0,-6487.0,62.0,100,385.13,450.0,0,0.0,0.0,,0.0,1,0.62,0.0,SPY220715C00520000,520.0,expirationDay
2022-07-18,16104.0,-6818.0,0.0,100,381.95,450.0,0,0.0,0.0,,0.0,1,15.55,15.68,SPY230120C00405000,405.0,normalDay
2022-07-19,16104.0,-6303.0,0.0,100,392.27,450.0,0,0.0,0.0,,0.0,1,15.55,20.85,SPY230120C00405000,405.0,normalDay
2022-07-20,16104.0,-6163.0,0.0,100,394.77,450.0,0,0.0,0.0,,0.0,1,15.55,21.95,SPY230120C00405000,405.0,normalDay
2022-07-21,16104.0,-5916.0,0.0,100,398.79,450.0,0,0.0,0.0,,0.0,1,15.55,23.5,SPY230120C00405000,405.0,normalDay
2022-07-22,16104.0,-6055.0,0.0,100,395.09,450.0,0,0.0,0.0,,0.0,1,15.55,21.19,SPY230120C00405000,405.0,normalDay
2022-07-25,16104.0,-6053.0,0.0,100,395.57,450.0,0,0.0,0.0,,0.0,1,15.55,21.65,SPY230120C00405000,405.0,normalDay
2022-07-26,16104.0,-6314.0,0.0,100,390.89,450.0,0,0.0,0.0,,0.0,1,15.55,19.58,SPY230120C00405000,405.0,normalDay
2022-07-27,16104.0,-5705.0,0.0,100,401.04,450.0,0,0.0,0.0,,0.0,1,15.55,23.64,SPY230120C00405000,405.0,normalDay
2022-07-28,16104.0,-5568.0,0.0,100,406.07,450.0,0,0.0,0.0,,0.0,1,15.55,27.3,SPY230120C00405000,405.0,normalDay
2022-07-29,16104.0,-5255.0,0.0,100,411.99,450.0,0,0.0,0.0,,0.0,1,15.55,30.09,SPY230120C00405000,405.0,normalDay
2022-08-01,16104.0,-5375.0,0.0,100,410.77,450.0,0,0.0,0.0,,0.0,1,15.55,30.07,SPY230120C00405000,405.0,normalDay
2022-08-02,16104.0,-5495.0,0.0,100,408.06,450.0,0,0.0,0.0,,0.0,1,15.55,28.56,SPY230120C00405000,405.0,normalDay
2022-08-03,16104.0,-5177.0,0.0,100,414.45,450.0,0,0.0,0.0,,0.0,1,15.55,31.77,SPY230120C00405000,405.0,normalDay
2022-08-04,16104.0,-5218.0,0.0,100,414.17,450.0,0,0.0,0.0,,0.0,1,15.55,31.9,SPY230120C00405000,405.0,normalDay
2022-08-05,16104.0,-5199.0,0.0,100,413.47,450.0,0,0.0,0.0,,0.0,1,15.55,31.01,SPY230120C00405000,405.0,normalDay
2022-08-08,16104.0,-5241.0,0.0,100,412.99,450.0,0,0.0,0.0,,0.0,1,15.55,30.95,SPY230120C00405000,405.0,normalDay
2022-08-09,16104.0,-5308.0,0.0,100,411.35,450.0,0,0.0,0.0,,0.0,1,15.55,29.98,SPY230120C00405000,405.0,normalDay
2022-08-10,16104.0,-4927.0,0.0,100,419.99,450.0,0,0.0,0.0,,0.0,1,15.55,34.81,SPY230120C00405000,405.0,normalDay
2022-08-11,16104.0,-4969.0,0.0,100,419.99,450.0,0,0.0,0.0,,0.0,1,15.55,35.23,SPY230120C00405000,405.0,normalDay
2022-08-12,16104.0,-4670.0,0.0,100,427.1,450.0,0,0.0,0.0,,0.0,1,15.55,39.35,SPY230120C00405000,405.0,normalDay
2022-08-15,16104.0,-4621.0,0.0,100,428.86,450.0,0,0.0,0.0,,0.0,1,15.55,40.62,SPY230120C00405000,405.0,normalDay
2022-08-16,16104.0,-4586.0,0.0,100,429.7,450.0,0,0.0,0.0,,0.0,1,15.55,41.11,SPY230120C00405000,405.0,normalDay
2022-08-17,16104.0,-4729.0,0.0,100,426.65,450.0,0,0.0,0.0,,0.0,1,15.55,39.49,SPY230120C00405000,405.0,normalDay
2022-08-18,16104.0,-4631.0,0.0,100,427.89,450.0,0,0.0,0.0,,0.0,1,15.55,39.75,SPY230120C00405000,405.0,normalDay
2022-08-19,16104.0,-4835.0,0.0,100,422.14,450.0,0,0.0,0.0,,0.0,1,15.55,36.04,SPY230120C00405000,405.0,normalDay
2022-08-22,16104.0,-5173.0,0.0,100,413.35,450.0,0,0.0,0.0,,0.0,1,15.55,30.63,SPY230120C00405000,405.0,normalDay
2022-08-23,16104.0,-5153.0,0.0,100,412.35,450.0,0,0.0,0.0,,0.0,1,15.55,29.43,SPY230120C00405000,405.0,normalDay
2022-08-24,16104.0,-5067.0,0.0,100,413.67,450.0,0,0.0,0.0,,0.0,1,15.55,29.89,SPY230120C00405000,405.0,normalDay
2022-08-25,16104.0,-4802.0,0.0,100,419.51,450.0,0,0.0,0.0,,0.0,1,15.55,33.08,SPY230120C00405000,405.0,normalDay
2022-08-26,16104.0,-5396.0,0.0,100,405.31,450.0,0,0.0,0.0,,0.0,1,15.55,24.82,SPY230120C00405000,405.0,normalDay
2022-08-29,16104.0,-5499.0,0.0,100,402.63,450.0,0,0.0,0.0,,0.0,1,15.55,23.17,SPY230120C00405000,405.0,normalDay
2022-08-30,16104.0,-5684.0,0.0,100,398.21,450.0,0,0.0,0.0,,0.0,1,15.55,20.6,SPY230120C00405000,405.0,normalDay
2022-08-31,16104.0,-5811.0,0.0,100,395.18,450.0,0,0.0,0.0,,0.0,1,15.55,18.84,SPY230120C00405000,405.0,normalDay
2022-09-01,16104.0,-5699.0,0.0,100,396.42,450.0,0,0.0,0.0,,0.0,1,15.55,18.96,SPY230120C00405000,405.0,normalDay
2022-09-02,16104.0,-5917.0,0.0,100,392.24,450.0,0,0.0,0.0,,0.0,1,15.55,16.96,SPY230120C00405000,405.0,normalDay
2022-09-06,16104.0,-5958.0,0.0,100,390.76,450.0,0,0.0,0.0,,0.0,1,15.55,15.89,SPY230120C00405000,405.0,normalDay
2022-09-07,16104.0,-5552.0,0.0,100,397.78,450.0,0,0.0,0.0,,0.0,1,15.55,18.85,SPY230120C00405000,405.0,normalDay
2022-09-08,16104.0,-5434.0,0.0,100,400.38,450.0,0,0.0,0.0,,0.0,1,15.55,20.27,SPY230120C00405000,405.0,normalDay
2022-09-09,16104.0,-5112.0,0.0,100,406.6,450.0,0,0.0,0.0,,0.0,1,15.55,23.27,SPY230120C00405000,405.0,normalDay
2022-09-12,16104.0,-4983.0,0.0,100,410.97,450.0,0,0.0,0.0,,0.0,1,15.55,26.35,SPY230120C00405000,405.0,normalDay
2022-09-13,16104.0,-5861.0,0.0,100,393.1,450.0,0,0.0,0.0,,0.0,1,15.55,17.26,SPY230120C00405000,405.0,normalDay
2022-09-14,16104.0,-5716.0,0.0,100,394.6,450.0,0,0.0,0.0,,0.0,1,15.55,17.31,SPY230120C00405000,405.0,normalDay
2022-09-15,16104.0,-5971.0,0.0,100,390.12,450.0,0,0.0,0.0,,0.0,1,15.55,15.38,SPY230120C00405000,405.0,normalDay
2022-09-16,16104.0,-6265.0,0.0,100,385.56,450.0,0,0.0,0.0,,0.0,1,15.55,13.76,SPY230120C00405000,405.0,normalDay
2022-09-19,16104.0,-6047.0,0.0,100,388.55,450.0,0,0.0,0.0,,0.0,1,15.55,14.57,SPY230120C00405000,405.0,normalDay
2022-09-20,16104.0,-6330.0,0.0,100,384.09,450.0,0,0.0,0.0,,0.0,1,15.55,12.94,SPY230120C00405000,405.0,normalDay
2022-09-21,16104.0,-6721.0,0.0,100,377.39,450.0,0,0.0,0.0,,0.0,1,15.55,10.15,SPY230120C00405000,405.0,normalDay
2022-09-22,16104.0,-6907.0,0.0,100,374.22,450.0,0,0.0,0.0,,0.0,1,15.55,8.84,SPY230120C00405000,405.0,normalDay
2022-09-23,16104.0,-7365.0,0.0,100,367.95,450.0,0,0.0,0.0,,0.0,1,15.55,7.15,SPY230120C00405000,405.0,normalDay
2022-09-26,16104.0,-7637.0,0.0,100,364.31,450.0,0,0.0,0.0,,0.0,1,15.55,6.23,SPY230120C00405000,405.0,normalDay
2022-09-27,16104.0,-7700.0,0.0,100,363.38,450.0,0,0.0,0.0,,0.0,1,15.55,5.93,SPY230120C00405000,405.0,normalDay
2022-09-28,16104.0,-7140.0,0.0,100,370.53,450.0,0,0.0,0.0,,0.0,1,15.55,7.48,SPY230120C00405000,405.0,normalDay
2022-09-29,16104.0,-7708.0,0.0,100,362.79,450.0,0,0.0,0.0,,0.0,1,15.55,5.42,SPY230120C00405000,405.0,normalDay
2022-09-30,16104.0,-8139.0,0.0,100,357.18,450.0,0,0.0,0.0,,0.0,1,15.55,4.12,SPY230120C00405000,405.0,normalDay
2022-10-03,16104.0,-7374.0,0.0,100,366.61,450.0,0,0.0,0.0,,0.0,1,15.55,5.9,SPY230120C00405000,405.0,normalDay
2022-10-04,16104.0,-6561.0,0.0,100,377.97,450.0,0,0.0,0.0,,0.0,1,15.55,9.13,SPY230120C00405000,405.0,normalDay
2022-10-05,16104.0,-6622.0,0.0,100,377.09,450.0,0,0.0,0.0,,0.0,1,15.55,8.86,SPY230120C00405000,405.0,normalDay
2022-10-06,16104.0,-6901.0,0.0,100,373.2,450.0,0,0.0,0.0,,0.0,1,15.55,7.76,SPY230120C00405000,405.0,normalDay
2022-10-07,16104.0,-7650.0,0.0,100,362.79,450.0,0,0.0,0.0,,0.0,1,15.55,4.84,SPY230120C00405000,405.0,normalDay
2022-10-10,16104.0,-7907.0,0.0,100,360.02,450.0,0,0.0,0.0,,0.0,1,15.55,4.64,SPY230120C00405000,405.0,normalDay
2022-10-11,16104.0,-8101.0,0.0,100,357.74,450.0,0,0.0,0.0,,0.0,1,15.55,4.3,SPY230120C00405000,405.0,normalDay
2022-10-12,16104.0,-8203.0,0.0,100,356.56,450.0,0,0.0,0.0,,0.0,1,15.55,4.14,SPY230120C00405000,405.0,normalDay
2022-10-13,16104.0,-7458.0,0.0,100,365.97,450.0,0,0.0,0.0,,0.0,1,15.55,6.1,SPY230120C00405000,405.0,normalDay
2022-10-14,16104.0,-8099.0,0.0,100,357.63,450.0,0,0.0,0.0,,0.0,1,15.55,4.17,SPY230120C00405000,405.0,normalDay
2022-10-17,16104.0,-7379.0,0.0,100,366.82,450.0,0,0.0,0.0,,0.0,1,15.55,6.16,SPY230120C00405000,405.0,normalDay
2022-10-18,16104.0,-7057.0,0.0,100,371.13,450.0,0,0.0,0.0,,0.0,1,15.55,7.25,SPY230120C00405000,405.0,normalDay
2022-10-19,16104.0,-7207.0,0.0,100,368.5,450.0,0,0.0,0.0,,0.0,1,15.55,6.12,SPY230120C00405000,405.0,normalDay
2022-10-20,16104.0,-7425.0,0.0,100,365.41,450.0,0,0.0,0.0,,0.0,1,15.55,5.21,SPY230120C00405000,405.0,normalDay
2022-10-21,16104.0,-6788.0,0.0,100,374.29,450.0,0,0.0,0.0,,0.0,1,15.55,7.72,SPY230120C00405000,405.0,normalDay
2022-10-24,16104.0,-6467.0,0.0,100,378.87,450.0,0,0.0,0.0,,0.0,1,15.55,9.09,SPY230120C00405000,405.0,normalDay
2022-10-25,16104.0,-5972.0,0.0,100,384.92,450.0,0,0.0,0.0,,0.0,1,15.55,10.19,SPY230120C00405000,405.0,normalDay
2022-10-26,16104.0,-6184.0,0.0,100,382.02,450.0,0,0.0,0.0,,0.0,1,15.55,9.41,SPY230120C00405000,405.0,normalDay
2022-10-27,16104.0,-6139.0,0.0,100,379.98,450.0,0,0.0,0.0,,0.0,1,15.55,6.92,SPY230120C00405000,405.0,normalDay
2022-10-28,16104.0,-5669.0,0.0,100,389.02,450.0,0,0.0,0.0,,0.0,1,15.55,11.26,SPY230120C00405000,405.0,normalDay
2022-10-31,16104.0,-5788.0,0.0,100,386.21,450.0,0,0.0,0.0,,0.0,1,15.55,9.64,SPY230120C00405000,405.0,normalDay
2022-11-01,16104.0,-5866.0,0.0,100,384.52,450.0,0,0.0,0.0,,0.0,1,15.55,8.73,SPY230120C00405000,405.0,normalDay
2022-11-02,16104.0,-6520.0,0.0,100,374.87,450.0,0,0.0,0.0,,0.0,1,15.55,5.62,SPY230120C00405000,405.0,normalDay
2022-11-03,16104.0,-6794.0,0.0,100,371.01,450.0,0,0.0,0.0,,0.0,1,15.55,4.5,SPY230120C00405000,405.0,normalDay
2022-11-04,16104.0,-6374.0,0.0,100,376.35,450.0,0,0.0,0.0,,0.0,1,15.55,5.64,SPY230120C00405000,405.0,normalDay
2022-11-07,16104.0,-6086.0,0.0,100,379.95,450.0,0,0.0,0.0,,0.0,1,15.55,6.36,SPY230120C00405000,405.0,normalDay
2022-11-08,16104.0,-5945.0,0.0,100,382.0,450.0,0,0.0,0.0,,0.0,1,15.55,7.0,SPY230120C00405000,405.0,normalDay
2022-11-09,16104.0,-6526.0,0.0,100,374.13,450.0,0,0.0,0.0,,0.0,1,15.55,4.94,SPY230120C00405000,405.0,normalDay
2022-11-10,16104.0,-5155.0,0.0,100,394.69,450.0,0,0.0,0.0,,0.0,1,15.55,11.79,SPY230120C00405000,405.0,normalDay
2022-11-11,16104.0,-4849.0,0.0,100,398.51,450.0,0,0.0,0.0,,0.0,1,15.55,12.55,SPY230120C00405000,405.0,normalDay
2022-11-14,16104.0,-5037.0,0.0,100,395.12,450.0,0,0.0,0.0,,0.0,1,15.55,11.04,SPY230120C00405000,405.0,normalDay
2022-11-15,16104.0,-4835.0,0.0,100,398.49,450.0,0,0.0,0.0,,0.0,1,15.55,12.39,SPY230120C00405000,405.0,normalDay
2022-11-16,16104.0,-4970.0,0.0,100,395.45,450.0,0,0.0,0.0,,0.0,1,15.55,10.7,SPY230120C00405000,405.0,normalDay
2022-11-17,16104.0,-5009.0,0.0,100,394.24,450.0,0,0.0,0.0,,0.0,1,15.55,9.88,SPY230120C00405000,405.0,normalDay
2022-11-18,16104.0,-4851.0,0.0,100,396.03,450.0,0,0.0,0.0,,0.0,1,15.55,10.09,SPY230120C00405000,405.0,normalDay
2022-11-21,16104.0,-4880.0,0.0,100,394.59,450.0,0,0.0,0.0,,0.0,1,15.55,8.94,SPY230120C00405000,405.0,normalDay
2022-11-22,16104.0,-4529.0,0.0,100,399.9,450.0,0,0.0,0.0,,0.0,1,15.55,10.74,SPY230120C00405000,405.0,normalDay
2022-11-23,16104.0,-4362.0,0.0,100,402.42,450.0,0,0.0,0.0,,0.0,1,15.55,11.59,SPY230120C00405000,405.0,normalDay
2022-11-25,16104.0,-4342.0,0.0,100,402.33,450.0,0,0.0,0.0,,0.0,1,15.55,11.3,SPY230120C00405000,405.0,normalDay
2022-11-28,16104.0,-4706.0,0.0,100,395.91,450.0,0,0.0,0.0,,0.0,1,15.55,8.52,SPY230120C00405000,405.0,normalDay
2022-11-29,16104.0,-4707.0,0.0,100,395.23,450.0,0,0.0,0.0,,0.0,1,15.55,7.85,SPY230120C00405000,405.0,normalDay
2022-11-30,16104.0,-4088.0,0.0,100,407.68,450.0,0,0.0,0.0,,0.0,1,15.55,14.11,SPY230120C00405000,405.0,normalDay
2022-12-01,16104.0,-4023.0,0.0,100,407.38,450.0,0,0.0,0.0,,0.0,1,15.55,13.16,SPY230120C00405000,405.0,normalDay
2022-12-02,16104.0,-3986.0,0.0,100,406.91,450.0,0,0.0,0.0,,0.0,1,15.55,12.32,SPY230120C00405000,405.0,normalDay
2022-12-05,16104.0,-4355.0,0.0,100,399.59,450.0,0,0.0,0.0,,0.0,1,15.55,8.69,SPY230120C00405000,405.0,normalDay
2022-12-06,16104.0,-4719.0,0.0,100,393.83,450.0,0,0.0,0.0,,0.0,1,15.55,6.57,SPY230120C00405000,405.0,normalDay
2022-12-07,16104.0,-4762.0,0.0,100,393.16,450.0,0,0.0,0.0,,0.0,1,15.55,6.33,SPY230120C00405000,405.0,normalDay
2022-12-08,16104.0,-4541.0,0.0,100,396.24,450.0,0,0.0,0.0,,0.0,1,15.55,7.2,SPY230120C00405000,405.0,normalDay
2022-12-09,16104.0,-4722.0,0.0,100,393.28,450.0,0,0.0,0.0,,0.0,1,15.55,6.05,SPY230120C00405000,405.0,normalDay
2022-12-12,16104.0,-4402.0,0.0,100,398.95,450.0,0,0.0,0.0,,0.0,1,15.55,8.52,SPY230120C00405000,405.0,normalDay
2022-12-13,16104.0,-4160.0,0.0,100,401.97,450.0,0,0.0,0.0,,0.0,1,15.55,9.12,SPY230120C00405000,405.0,normalDay
2022-12-14,16104.0,-4233.0,0.0,100,399.4,450.0,0,0.0,0.0,,0.0,1,15.55,7.28,SPY230120C00405000,405.0,normalDay
2022-12-15,16104.0,-4827.0,0.0,100,389.63,450.0,0,0.0,0.0,,0.0,1,15.55,3.45,SPY230120C00405000,405.0,normalDay
2022-12-16,16104.0,-5332.0,0.0,100,383.27,450.0,0,0.0,0.0,,0.0,1,15.55,2.14,SPY230120C00405000,405.0,normalDay
2022-12-19,16104.0,-5585.0,0.0,100,380.02,450.0,0,0.0,0.0,,0.0,1,15.55,1.42,SPY230120C00405000,405.0,normalDay
2022-12-20,16104.0,-5525.0,0.0,100,380.54,450.0,0,0.0,0.0,,0.0,1,15.55,1.34,SPY230120C00405000,405.0,normalDay
2022-12-21,16104.0,-5024.0,0.0,100,386.23,450.0,0,0.0,0.0,,0.0,1,15.55,2.02,SPY230120C00405000,405.0,normalDay
2022-12-22,16104.0,-5501.0,0.0,100,380.72,450.0,0,0.0,0.0,,0.0,1,15.55,1.28,SPY230120C00405000,405.0,normalDay
2022-12-23,16104.0,-5283.0,0.0,100,382.91,450.0,0,0.0,0.0,,0.0,1,15.55,1.29,SPY230120C00405000,405.0,normalDay
2022-12-27,16104.0,-5410.0,0.0,100,381.4,450.0,0,0.0,0.0,,0.0,1,15.55,1.05,SPY230120C00405000,405.0,normalDay
2022-12-28,16104.0,-5841.0,0.0,100,376.66,450.0,0,0.0,0.0,,0.0,1,15.55,0.62,SPY230120C00405000,405.0,normalDay
2022-12-29,16104.0,-5205.0,0.0,100,383.44,450.0,0,0.0,0.0,,0.0,1,15.55,1.04,SPY230120C00405000,405.0,normalDay
2022-12-30,16104.0,-5286.0,0.0,100,382.43,450.0,0,0.0,0.0,,0.0,1,15.55,0.84,SPY230120C00405000,405.0,normalDay
2023-01-03,16104.0,-5414.0,0.0,100,380.82,450.0,0,0.0,0.0,,0.0,1,15.55,0.51,SPY230120C00405000,405.0,normalDay
2023-01-04,16104.0,-5134.0,0.0,100,383.76,450.0,0,0.0,0.0,,0.0,1,15.55,0.65,SPY230120C00405000,405.0,normalDay
2023-01-05,16104.0,-5541.0,0.0,100,379.38,450.0,0,0.0,0.0,,0.0,1,15.55,0.34,SPY230120C00405000,405.0,normalDay
2023-01-06,16104.0,-4715.0,0.0,100,388.08,450.0,0,0.0,0.0,,0.0,1,15.55,0.78,SPY230120C00405000,405.0,normalDay
2023-01-09,16104.0,-4733.0,0.0,100,387.86,450.0,0,0.0,0.0,,0.0,1,15.55,0.74,SPY230120C00405000,405.0,normalDay
2023-01-10,16104.0,-4474.0,0.0,100,390.58,450.0,0,0.0,0.0,,0.0,1,15.55,0.87,SPY230120C00405000,405.0,normalDay
2023-01-11,16104.0,-4084.0,0.0,100,395.52,450.0,0,0.0,0.0,,0.0,1,15.55,1.91,SPY230120C00405000,405.0,normalDay
2023-01-12,16104.0,-3842.0,0.0,100,396.96,450.0,0,0.0,0.0,,0.0,1,15.55,0.93,SPY230120C00405000,405.0,normalDay
2023-01-13,16104.0,-3658.0,0.0,100,398.5,450.0,0,0.0,0.0,,0.0,1,15.55,0.63,SPY230120C00405000,405.0,normalDay
2023-01-17,16104.0,-3701.0,0.0,100,397.77,450.0,0,0.0,0.0,,0.0,1,15.55,0.33,SPY230120C00405000,405.0,normalDay
2023-01-18,16104.0,-4300.0,0.0,100,391.49,450.0,0,0.0,0.0,,0.0,1,15.55,0.04,SPY230120C00405000,405.0,normalDay
2023-01-19,16104.0,-4583.0,0.0,100,388.64,450.0,0,0.0,0.0,,0.0,1,15.55,0.02,SPY230120C00405000,405.0,normalDay
2023-01-20,17659.0,-5412.0,1555.0,100,395.88,450.0,0,0.0,0.0,,0.0,1,15.55,0.0,SPY230120C00405000,405.0,expirationDay
2023-01-23,17659.0,-5001.0,0.0,100,400.63,450.0,0,0.0,0.0,,0.0,1,15.88,16.52,SPY230721C00415000,415.0,normalDay
2023-01-24,17659.0,-5049.0,0.0,100,400.2,450.0,0,0.0,0.0,,0.0,1,15.88,16.57,SPY230721C00415000,415.0,normalDay
2023-01-25,17659.0,-4913.0,0.0,100,400.35,450.0,0,0.0,0.0,,0.0,1,15.88,15.36,SPY230721C00415000,415.0,normalDay
2023-01-26,17659.0,-4706.0,0.0,100,404.75,450.0,0,0.0,0.0,,0.0,1,15.88,17.69,SPY230721C00415000,415.0,normalDay
2023-01-27,17659.0,-4665.0,0.0,100,405.68,450.0,0,0.0,0.0,,0.0,1,15.88,18.21,SPY230721C00415000,415.0,normalDay
2023-01-30,17659.0,-4908.0,0.0,100,400.59,450.0,0,0.0,0.0,,0.0,1,15.88,15.55,SPY230721C00415000,415.0,normalDay
2023-01-31,17659.0,-4599.0,0.0,100,406.48,450.0,0,0.0,0.0,,0.0,1,15.88,18.35,SPY230721C00415000,415.0,normalDay
2023-02-01,17659.0,-4478.0,0.0,100,410.8,450.0,0,0.0,0.0,,0.0,1,15.88,21.46,SPY230721C00415000,415.0,normalDay
2023-02-02,17659.0,-4152.0,0.0,100,416.78,450.0,0,0.0,0.0,,0.0,1,15.88,24.18,SPY230721C00415000,415.0,normalDay
2023-02-03,17659.0,-4370.0,0.0,100,412.35,450.0,0,0.0,0.0,,0.0,1,15.88,21.93,SPY230721C00415000,415.0,normalDay
2023-02-06,17659.0,-4482.0,0.0,100,409.83,450.0,0,0.0,0.0,,0.0,1,15.88,20.53,SPY230721C00415000,415.0,normalDay
2023-02-07,17659.0,-4208.0,0.0,100,415.19,450.0,0,0.0,0.0,,0.0,1,15.88,23.15,SPY230721C00415000,415.0,normalDay
2023-02-08,17659.0,-4462.0,0.0,100,410.65,450.0,0,0.0,0.0,,0.0,1,15.88,21.15,SPY230721C00415000,415.0,normalDay
2023-02-09,17659.0,-4617.0,0.0,100,407.09,450.0,0,0.0,0.0,,0.0,1,15.88,19.14,SPY230721C00415000,415.0,normalDay
2023-02-10,17659.0,-4582.0,0.0,100,408.04,450.0,0,0.0,0.0,,0.0,1,15.88,19.74,SPY230721C00415000,415.0,normalDay
2023-02-13,17659.0,-4349.0,0.0,100,412.83,450.0,0,0.0,0.0,,0.0,1,15.88,22.2,SPY230721C00415000,415.0,normalDay
2023-02-14,17659.0,-4267.0,0.0,100,412.64,450.0,0,0.0,0.0,,0.0,1,15.88,21.19,SPY230721C00415000,415.0,normalDay
2023-02-15,17659.0,-4217.0,0.0,100,413.98,450.0,0,0.0,0.0,,0.0,1,15.88,22.03,SPY230721C00415000,415.0,normalDay
2023-02-16,17659.0,-4444.0,0.0,100,408.28,450.0,0,0.0,0.0,,0.0,1,15.88,18.6,SPY230721C00415000,415.0,normalDay
2023-02-17,17659.0,-4492.0,0.0,100,407.26,450.0,0,0.0,0.0,,0.0,1,15.88,18.06,SPY230721C00415000,415.0,normalDay
2023-02-21,17659.0,-4929.0,0.0,100,399.09,450.0,0,0.0,0.0,,0.0,1,15.88,14.26,SPY230721C00415000,415.0,normalDay
2023-02-22,17659.0,-4913.0,0.0,100,398.54,450.0,0,0.0,0.0,,0.0,1,15.88,13.55,SPY230721C00415000,415.0,normalDay
2023-02-23,17659.0,-4717.0,0.0,100,400.66,450.0,0,0.0,0.0,,0.0,1,15.88,13.71,SPY230721C00415000,415.0,normalDay
2023-02-24,17659.0,-4977.0,0.0,100,396.38,450.0,0,0.0,0.0,,0.0,1,15.88,12.03,SPY230721C00415000,415.0,normalDay
2023-02-27,17659.0,-4864.0,0.0,100,397.73,450.0,0,0.0,0.0,,0.0,1,15.88,12.25,SPY230721C00415000,415.0,normalDay
2023-02-28,17659.0,-4884.0,0.0,100,396.26,450.0,0,0.0,0.0,,0.0,1,15.88,10.98,SPY230721C00415000,415.0,normalDay
2023-03-01,17659.0,-5000.0,0.0,100,394.74,450.0,0,0.0,0.0,,0.0,1,15.88,10.62,SPY230721C00415000,415.0,normalDay
2023-03-02,17659.0,-4788.0,0.0,100,397.81,450.0,0,0.0,0.0,,0.0,1,15.88,11.57,SPY230721C00415000,415.0,normalDay
2023-03-03,17659.0,-4438.0,0.0,100,404.19,450.0,0,0.0,0.0,,0.0,1,15.88,14.45,SPY230721C00415000,415.0,normalDay
2023-03-06,17659.0,-4392.0,0.0,100,404.47,450.0,0,0.0,0.0,,0.0,1,15.88,14.27,SPY230721C00415000,415.0,normalDay
2023-03-07,17659.0,-4730.0,0.0,100,398.27,450.0,0,0.0,0.0,,0.0,1,15.88,11.45,SPY230721C00415000,415.0,normalDay
2023-03-08,17659.0,-4654.0,0.0,100,398.92,450.0,0,0.0,0.0,,0.0,1,15.88,11.34,SPY230721C00415000,415.0,normalDay
2023-03-09,17659.0,-5152.0,0.0,100,391.56,450.0,0,0.0,0.0,,0.0,1,15.88,8.96,SPY230721C00415000,415.0,normalDay
2023-03-10,17659.0,-5543.0,0.0,100,385.91,450.0,0,0.0,0.0,,0.0,1,15.88,7.22,SPY230721C00415000,415.0,normalDay
2023-03-13,17659.0,-5612.0,0.0,100,385.36,450.0,0,0.0,0.0,,0.0,1,15.88,7.36,SPY230721C00415000,415.0,normalDay
2023-03-14,17659.0,-5110.0,0.0,100,391.73,450.0,0,0.0,0.0,,0.0,1,15.88,8.71,SPY230721C00415000,415.0,normalDay
2023-03-15,17659.0,-5327.0,0.0,100,389.28,450.0,0,0.0,0.0,,0.0,1,15.88,8.43,SPY230721C00415000,415.0,normalDay
2023-03-16,17659.0,-4835.0,0.0,100,396.11,450.0,0,0.0,0.0,,0.0,1,15.88,10.34,SPY230721C00415000,415.0,normalDay
2023-03-17,17659.0,-5372.0,0.0,100,389.99,450.0,0,0.0,0.0,,0.0,1,15.88,9.59,SPY230721C00415000,415.0,normalDay
2023-03-20,17659.0,-5062.0,0.0,100,393.74,450.0,0,0.0,0.0,,0.0,1,15.88,10.24,SPY230721C00415000,415.0,normalDay
2023-03-21,17659.0,-4692.0,0.0,100,398.91,450.0,0,0.0,0.0,,0.0,1,15.88,11.71,SPY230721C00415000,415.0,normalDay
2023-03-22,17659.0,-5084.0,0.0,100,392.11,450.0,0,0.0,0.0,,0.0,1,15.88,8.83,SPY230721C00415000,415.0,normalDay
2023-03-23,17659.0,-5029.0,0.0,100,393.17,450.0,0,0.0,0.0,,0.0,1,15.88,9.34,SPY230721C00415000,415.0,normalDay
2023-03-24,17659.0,-4848.0,0.0,100,395.75,450.0,0,0.0,0.0,,0.0,1,15.88,10.11,SPY230721C00415000,415.0,normalDay
2023-03-27,17659.0,-4736.0,0.0,100,396.49,450.0,0,0.0,0.0,,0.0,1,15.88,9.73,SPY230721C00415000,415.0,normalDay
2023-03-28,17659.0,-4776.0,0.0,100,395.6,450.0,0,0.0,0.0,,0.0,1,15.88,9.24,SPY230721C00415000,415.0,normalDay
2023-03-29,17659.0,-4411.0,0.0,100,401.35,450.0,0,0.0,0.0,,0.0,1,15.88,11.34,SPY230721C00415000,415.0,normalDay
2023-03-30,17659.0,-4285.0,0.0,100,403.7,450.0,0,0.0,0.0,,0.0,1,15.88,12.43,SPY230721C00415000,415.0,normalDay
2023-03-31,17659.0,-4017.0,0.0,100,409.39,450.0,0,0.0,0.0,,0.0,1,15.88,15.44,SPY230721C00415000,415.0,normalDay
2023-04-03,17659.0,-3889.0,0.0,100,410.95,450.0,0,0.0,0.0,,0.0,1,15.88,15.72,SPY230721C00415000,415.0,normalDay
2023-04-04,17659.0,-3995.0,0.0,100,408.67,450.0,0,0.0,0.0,,0.0,1,15.88,14.5,SPY230721C00415000,415.0,normalDay
2023-04-05,17659.0,-4030.0,0.0,100,407.6,450.0,0,0.0,0.0,,0.0,1,15.88,13.78,SPY230721C00415000,415.0,normalDay
2023-04-06,17659.0,-3922.0,0.0,100,409.19,450.0,0,0.0,0.0,,0.0,1,15.88,14.29,SPY230721C00415000,415.0,normalDay
2023-04-10,17659.0,-3903.0,0.0,100,409.61,450.0,0,0.0,0.0,,0.0,1,15.88,14.52,SPY230721C00415000,415.0,normalDay
2023-04-11,17659.0,-3873.0,0.0,100,409.72,450.0,0,0.0,0.0,,0.0,1,15.88,14.33,SPY230721C00415000,415.0,normalDay
2023-04-12,17659.0,-3901.0,0.0,100,408.05,450.0,0,0.0,0.0,,0.0,1,15.88,12.94,SPY230721C00415000,415.0,normalDay
2023-04-13,17659.0,-3629.0,0.0,100,413.47,450.0,0,0.0,0.0,,0.0,1,15.88,15.64,SPY230721C00415000,415.0,normalDay
2023-04-14,17659.0,-3645.0,0.0,100,412.46,450.0,0,0.0,0.0,,0.0,1,15.88,14.79,SPY230721C00415000,415.0,normalDay
2023-04-17,17659.0,-3523.0,0.0,100,413.94,450.0,0,0.0,0.0,,0.0,1,15.88,15.05,SPY230721C00415000,415.0,normalDay
2023-04-18,17659.0,-3473.0,0.0,100,414.21,450.0,0,0.0,0.0,,0.0,1,15.88,14.82,SPY230721C00415000,415.0,normalDay
2023-04-19,17659.0,-3465.0,0.0,100,414.14,450.0,0,0.0,0.0,,0.0,1,15.88,14.67,SPY230721C00415000,415.0,normalDay
2023-04-20,17659.0,-3582.0,0.0,100,411.88,450.0,0,0.0,0.0,,0.0,1,15.88,13.58,SPY230721C00415000,415.0,normalDay
2023-04-21,17659.0,-3522.0,0.0,100,412.2,450.0,0,0.0,0.0,,0.0,1,15.88,13.3,SPY230721C00415000,415.0,normalDay
2023-04-24,17659.0,-3486.0,0.0,100,412.63,450.0,0,0.0,0.0,,0.0,1,15.88,13.37,SPY230721C00415000,415.0,normalDay
2023-04-25,17659.0,-3897.0,0.0,100,406.08,450.0,0,0.0,0.0,,0.0,1,15.88,10.93,SPY230721C00415000,415.0,normalDay
2023-04-26,17659.0,-3909.0,0.0,100,404.36,450.0,0,0.0,0.0,,0.0,1,15.88,9.33,SPY230721C00415000,415.0,normalDay
2023-04-27,17659.0,-3505.0,0.0,100,412.41,450.0,0,0.0,0.0,,0.0,1,15.88,13.34,SPY230721C00415000,415.0,normalDay
2023-04-28,17659.0,-3279.0,0.0,100,415.93,450.0,0,0.0,0.0,,0.0,1,15.88,14.6,SPY230721C00415000,415.0,normalDay
2023-05-01,17659.0,-3266.0,0.0,100,415.51,450.0,0,0.0,0.0,,0.0,1,15.88,14.05,SPY230721C00415000,415.0,normalDay
2023-05-02,17659.0,-3496.0,0.0,100,410.84,450.0,0,0.0,0.0,,0.0,1,15.88,11.68,SPY230721C00415000,415.0,normalDay
2023-05-03,17659.0,-3660.0,0.0,100,408.02,450.0,0,0.0,0.0,,0.0,1,15.88,10.5,SPY230721C00415000,415.0,normalDay
2023-05-04,17659.0,-3801.0,0.0,100,405.13,450.0,0,0.0,0.0,,0.0,1,15.88,9.02,SPY230721C00415000,415.0,normalDay
2023-05-05,17659.0,-3350.0,0.0,100,412.63,450.0,0,0.0,0.0,,0.0,1,15.88,12.01,SPY230721C00415000,415.0,normalDay
2023-05-08,17659.0,-3320.0,0.0,100,412.74,450.0,0,0.0,0.0,,0.0,1,15.88,11.82,SPY230721C00415000,415.0,normalDay
2023-05-09,17659.0,-3430.0,0.0,100,410.93,450.0,0,0.0,0.0,,0.0,1,15.88,11.11,SPY230721C00415000,415.0,normalDay
2023-05-10,17659.0,-3296.0,0.0,100,412.85,450.0,0,0.0,0.0,,0.0,1,15.88,11.69,SPY230721C00415000,415.0,normalDay
2023-05-11,17659.0,-3280.0,0.0,100,412.13,450.0,0,0.0,0.0,,0.0,1,15.88,10.81,SPY230721C00415000,415.0,normalDay
2023-05-12,17659.0,-3265.0,0.0,100,411.59,450.0,0,0.0,0.0,,0.0,1,15.88,10.12,SPY230721C00415000,415.0,normalDay
2023-05-15,17659.0,-3168.0,0.0,100,413.01,450.0,0,0.0,0.0,,0.0,1,15.88,10.57,SPY230721C00415000,415.0,normalDay
2023-05-16,17659.0,-3312.0,0.0,100,410.25,450.0,0,0.0,0.0,,0.0,1,15.88,9.25,SPY230721C00415000,415.0,normalDay
2023-05-17,17659.0,-3040.0,0.0,100,415.23,450.0,0,0.0,0.0,,0.0,1,15.88,11.51,SPY230721C00415000,415.0,normalDay
2023-05-18,17659.0,-2873.0,0.0,100,419.23,450.0,0,0.0,0.0,,0.0,1,15.88,13.84,SPY230721C00415000,415.0,normalDay
2023-05-19,17659.0,-2909.0,0.0,100,418.62,450.0,0,0.0,0.0,,0.0,1,15.88,13.59,SPY230721C00415000,415.0,normalDay
2023-05-22,17659.0,-2906.0,0.0,100,418.79,450.0,0,0.0,0.0,,0.0,1,15.88,13.73,SPY230721C00415000,415.0,normalDay
2023-05-23,17659.0,-3080.0,0.0,100,414.09,450.0,0,0.0,0.0,,0.0,1,15.88,10.77,SPY230721C00415000,415.0,normalDay
2023-05-24,17659.0,-3243.0,0.0,100,411.09,450.0,0,0.0,0.0,,0.0,1,15.88,9.4,SPY230721C00415000,415.0,normalDay
2023-05-25,17659.0,-3032.0,0.0,100,414.65,450.0,0,0.0,0.0,,0.0,1,15.88,10.85,SPY230721C00415000,415.0,normalDay
2023-05-26,17659.0,-2825.0,0.0,100,420.02,450.0,0,0.0,0.0,,0.0,1,15.88,14.15,SPY230721C00415000,415.0,normalDay
2023-05-30,17659.0,-2768.0,0.0,100,420.18,450.0,0,0.0,0.0,,0.0,1,15.88,13.74,SPY230721C00415000,415.0,normalDay
2023-05-31,17659.0,-2800.0,0.0,100,417.85,450.0,0,0.0,0.0,,0.0,1,15.88,11.73,SPY230721C00415000,415.0,normalDay
2023-06-01,17659.0,-2626.0,0.0,100,421.82,450.0,0,0.0,0.0,,0.0,1,15.88,13.96,SPY230721C00415000,415.0,normalDay
2023-06-02,17659.0,-2438.0,0.0,100,427.92,450.0,0,0.0,0.0,,0.0,1,15.88,18.18,SPY230721C00415000,415.0,normalDay
2023-06-05,17659.0,-2430.0,0.0,100,427.1,450.0,0,0.0,0.0,,0.0,1,15.88,17.28,SPY230721C00415000,415.0,normalDay
2023-06-06,17659.0,-2394.0,0.0,100,428.03,450.0,0,0.0,0.0,,0.0,1,15.88,17.85,SPY230721C00415000,415.0,normalDay
2023-06-07,17659.0,-2382.0,0.0,100,426.55,450.0,0,0.0,0.0,,0.0,1,15.88,16.25,SPY230721C00415000,415.0,normalDay
2023-06-08,17659.0,-2281.0,0.0,100,429.13,450.0,0,0.0,0.0,,0.0,1,15.88,17.82,SPY230721C00415000,415.0,normalDay
2023-06-09,17659.0,-2314.0,0.0,100,429.9,450.0,0,0.0,0.0,,0.0,1,15.88,18.92,SPY230721C00415000,415.0,normalDay
2023-06-12,17659.0,-2217.0,0.0,100,433.8,450.0,0,0.0,0.0,,0.0,1,15.88,21.85,SPY230721C00415000,415.0,normalDay
2023-06-13,17659.0,-2186.0,0.0,100,436.66,450.0,0,0.0,0.0,,0.0,1,15.88,24.4,SPY230721C00415000,415.0,normalDay
2023-06-14,17659.0,-2183.0,0.0,100,437.18,450.0,0,0.0,0.0,,0.0,1,15.88,24.89,SPY230721C00415000,415.0,normalDay
2023-06-15,17659.0,-2058.0,0.0,100,442.6,450.0,0,0.0,0.0,,0.0,1,15.88,29.06,SPY230721C00415000,415.0,normalDay
2023-06-16,17659.0,-2293.0,0.0,100,439.46,450.0,0,0.0,0.0,,0.0,1,15.88,28.27,SPY230721C00415000,415.0,normalDay
2023-06-20,17659.0,-2213.0,0.0,100,437.18,450.0,0,0.0,0.0,,0.0,1,15.88,25.19,SPY230721C00415000,415.0,normalDay
2023-06-21,17659.0,-2264.0,0.0,100,434.94,450.0,0,0.0,0.0,,0.0,1,15.88,23.46,SPY230721C00415000,415.0,normalDay
2023-06-22,17659.0,-2186.0,0.0,100,436.51,450.0,0,0.0,0.0,,0.0,1,15.88,24.25,SPY230721C00415000,415.0,normalDay
2023-06-23,17659.0,-2235.0,0.0,100,433.21,450.0,0,0.0,0.0,,0.0,1,15.88,21.44,SPY230721C00415000,415.0,normalDay
2023-06-26,17659.0,-2251.0,0.0,100,431.44,450.0,0,0.0,0.0,,0.0,1,15.88,19.83,SPY230721C00415000,415.0,normalDay
2023-06-27,17659.0,-2148.0,0.0,100,436.17,450.0,0,0.0,0.0,,0.0,1,15.88,23.53,SPY230721C00415000,415.0,normalDay
2023-06-28,17659.0,-2189.0,0.0,100,436.39,450.0,0,0.0,0.0,,0.0,1,15.88,24.16,SPY230721C00415000,415.0,normalDay
2023-06-29,17659.0,-2120.0,0.0,100,438.11,450.0,0,0.0,0.0,,0.0,1,15.88,25.19,SPY230721C00415000,415.0,normalDay
2023-06-30,17659.0,-2110.0,0.0,100,443.28,450.0,0,0.0,0.0,,0.0,1,15.88,30.26,SPY230721C00415000,415.0,normalDay
2023-07-03,17659.0,-2095.0,0.0,100,443.79,450.0,0,0.0,0.0,,0.0,1,15.88,30.62,SPY230721C00415000,415.0,normalDay
2023-07-05,17659.0,-2052.0,0.0,100,443.13,450.0,0,0.0,0.0,,0.0,1,15.88,29.53,SPY230721C00415000,415.0,normalDay
2023-07-06,17659.0,-2063.0,0.0,100,439.66,450.0,0,0.0,0.0,,0.0,1,15.88,26.17,SPY230721C00415000,415.0,normalDay
2023-07-07,17659.0,-2073.0,0.0,100,438.55,450.0,0,0.0,0.0,,0.0,1,15.88,25.16,SPY230721C00415000,415.0,normalDay
2023-07-10,17659.0,-2042.0,0.0,100,439.66,450.0,0,0.0,0.0,,0.0,1,15.88,25.96,SPY230721C00415000,415.0,normalDay
2023-07-11,17659.0,-1994.0,0.0,100,442.46,450.0,0,0.0,0.0,,0.0,1,15.88,28.28,SPY230721C00415000,415.0,normalDay
2023-07-12,17659.0,-2026.0,0.0,100,446.02,450.0,0,0.0,0.0,,0.0,1,15.88,32.16,SPY230721C00415000,415.0,normalDay
2023-07-13,17659.0,-1963.0,0.0,100,449.56,450.0,0,0.0,0.0,,0.0,1,15.88,35.07,SPY230721C00415000,415.0,normalDay
2023-07-14,17659.0,-1936.0,0.0,100,449.28,450.0,0,0.0,0.0,,0.0,1,15.88,34.52,SPY230721C00415000,415.0,normalDay
2023-07-17,17659.0,-1919.0,0.0,100,450.84,450.0,0,0.0,0.0,,0.0,1,15.88,35.91,SPY230721C00415000,415.0,normalDay
2023-07-18,17659.0,-1936.0,0.0,100,454.19,450.0,0,0.0,0.0,,0.0,1,15.88,39.43,SPY230721C00415000,415.0,normalDay
2023-07-19,17659.0,-1934.0,0.0,100,455.2,450.0,0,0.0,0.0,,0.0,1,15.88,40.42,SPY230721C00415000,415.0,normalDay
2023-07-20,17659.0,-1959.0,0.0,100,452.18,450.0,0,0.0,0.0,,0.0,1,15.88,37.65,SPY230721C00415000,415.0,normalDay
2023-07-21,15747.0,-1959.0,-1912.0,0,452.18,0.0,0,0.0,0.0,,0.0,1,15.88,0.0,SPY230721C00415000,415.0,expirationDay
2023-07-24,15747.0,-3.0,0.0,0,454.2,0.0,1,0.02,0.05,SPY230727P00436000,436.0,0,0.0,0.0,,0.0,normalDay
2023-07-25,15747.0,-2.0,0.0,0,455.44,0.0,1,0.02,0.04,SPY230727P00436000,436.0,0,0.0,0.0,,0.0,normalDay
2023-07-26,15747.0,0.0,0.0,0,455.51,0.0,1,0.02,0.02,SPY230727P00436000,436.0,0,0.0,0.0,,0.0,normalDay
2023-07-27,15749.0,0.0,2.0,0,452.49,0.0,1,0.02,0.0,SPY230727P00436000,436.0,0,0.0,0.0,,0.0,expirationDay
2023-07-28,15749.0,0.0,0.0,0,456.92,0.0,0,0.0,0.0,,0.0,0,0.0,0.0,,0.0,bidTooLow
2023-07-31,15749.0,-3.0,0.0,0,457.79,0.0,1,0.03,0.06,SPY230803P00442000,442.0,0,0.0,0.0,,0.0,normalDay
2023-08-01,15749.0,-1.0,0.0,0,456.48,0.0,1,0.03,0.04,SPY230803P00442000,442.0,0,0.0,0.0,,0.0,normalDay
2023-08-02,15749.0,-8.0,0.0,0,450.13,0.0,1,0.03,0.11,SPY230803P00442000,442.0,0,0.0,0.0,,0.0,normalDay
2023-08-03,15752.0,0.0,3.0,0,448.84,0.0,1,0.03,0.0,SPY230803P00442000,442.0,0,0.0,0.0,,0.0,expirationDay
2023-08-04,15752.0,-3.0,0.0,0,446.81,0.0,1,0.79,0.82,SPY230807P00445000,445.0,0,0.0,0.0,,0.0,normalDay
2023-08-07,15831.0,0.0,79.0,0,450.71,0.0,1,0.79,0.0,SPY230807P00445000,445.0,0,0.0,0.0,,0.0,expirationDay
2023-08-08,15831.0,-3.0,0.0,0,448.75,0.0,1,1.93,1.96,SPY230811P00448000,448.0,0,0.0,0.0,,0.0,normalDay
2023-08-09,15831.0,-129.0,0.0,0,445.75,0.0,1,1.93,3.22,SPY230811P00448000,448.0,0,0.0,0.0,,0.0,normalDay
2023-08-10,15831.0,-89.0,0.0,0,445.91,0.0,1,1.93,2.82,SPY230811P00448000,448.0,0,0.0,0.0,,0.0,normalDay
2023-08-11,16024.0,-235.0,193.0,100,445.65,448.0,1,1.93,0.0,SPY230811P00448000,448.0,0,0.0,0.0,,0.0,expirationDay
2023-08-14,16024.0,-4.0,0.0,100,448.11,448.0,0,0.0,0.0,,0.0,1,17.61,17.76,SPY240328C00465000,465.0,normalDay
2023-08-15,16024.0,-285.0,0.0,100,442.89,448.0,0,0.0,0.0,,0.0,1,17.61,15.35,SPY240328C00465000,465.0,normalDay
2023-08-16,16024.0,-484.0,0.0,100,439.64,448.0,0,0.0,0.0,,0.0,1,17.61,14.09,SPY240328C00465000,465.0,normalDay
2023-08-17,16024.0,-669.0,0.0,100,436.29,448.0,0,0.0,0.0,,0.0,1,17.61,12.59,SPY240328C00465000,465.0,normalDay
2023-08-18,16024.0,-638.0,0.0,100,436.5,448.0,0,0.0,0.0,,0.0,1,17.61,12.49,SPY240328C00465000,465.0,normalDay
2023-08-21,16024.0,-429.0,0.0,100,439.34,448.0,0,0.0,0.0,,0.0,1,17.61,13.24,SPY240328C00465000,465.0,normalDay
2023-08-22,16024.0,-496.0,0.0,100,438.15,448.0,0,0.0,0.0,,0.0,1,17.61,12.72,SPY240328C00465000,465.0,normalDay
2023-08-23,16024.0,-204.0,0.0,100,443.03,448.0,0,0.0,0.0,,0.0,1,17.61,14.68,SPY240328C00465000,465.0,normalDay
2023-08-24,16024.0,-600.0,0.0,100,436.89,448.0,0,0.0,0.0,,0.0,1,17.61,12.5,SPY240328C00465000,465.0,normalDay
2023-08-25,16024.0,-323.0,0.0,100,439.97,448.0,0,0.0,0.0,,0.0,1,17.61,12.81,SPY240328C00465000,465.0,normalDay
2023-08-28,16024.0,-142.0,0.0,100,442.76,448.0,0,0.0,0.0,,0.0,1,17.61,13.79,SPY240328C00465000,465.0,normalDay
2023-08-29,16024.0,203.0,0.0,100,449.16,448.0,0,0.0,0.0,,0.0,1,17.61,16.74,SPY240328C00465000,465.0,normalDay
2023-08-30,16024.0,319.0,0.0,100,451.01,448.0,0,0.0,0.0,,0.0,1,17.61,17.43,SPY240328C00465000,465.0,normalDay
2023-08-31,16024.0,305.0,0.0,100,450.35,448.0,0,0.0,0.0,,0.0,1,17.61,16.91,SPY240328C00465000,465.0,normalDay
2023-09-01,16024.0,397.0,0.0,100,451.19,448.0,0,0.0,0.0,,0.0,1,17.61,16.83,SPY240328C00465000,465.0,normalDay
2023-09-05,16024.0,304.0,0.0,100,449.24,448.0,0,0.0,0.0,,0.0,1,17.61,15.81,SPY240328C00465000,465.0,normalDay
2023-09-06,16024.0,163.0,0.0,100,446.22,448.0,0,0.0,0.0,,0.0,1,17.61,14.2,SPY240328C00465000,465.0,normalDay
2023-09-07,16024.0,100.0,0.0,100,444.85,448.0,0,0.0,0.0,,0.0,1,17.61,13.46,SPY240328C00465000,465.0,normalDay
2023-09-08,16024.0,150.0,0.0,100,445.52,448.0,0,0.0,0.0,,0.0,1,17.61,13.63,SPY240328C00465000,465.0,normalDay
2023-09-11,16024.0,345.0,0.0,100,448.45,448.0,0,0.0,0.0,,0.0,1,17.61,14.61,SPY240328C00465000,465.0,normalDay
2023-09-12,16024.0,219.0,0.0,100,445.99,448.0,0,0.0,0.0,,0.0,1,17.61,13.41,SPY240328C00465000,465.0,normalDay
2023-09-13,16024.0,270.0,0.0,100,446.51,448.0,0,0.0,0.0,,0.0,1,17.61,13.42,SPY240328C00465000,465.0,normalDay
2023-09-14,16024.0,504.0,0.0,100,450.36,448.0,0,0.0,0.0,,0.0,1,17.61,14.93,SPY240328C00465000,465.0,normalDay
2023-09-15,16024.0,70.0,0.0,100,443.37,448.0,0,0.0,0.0,,0.0,1,17.61,12.28,SPY240328C00465000,465.0,normalDay
2023-09-18,16024.0,98.0,0.0,100,443.63,448.0,0,0.0,0.0,,0.0,1,17.61,12.26,SPY240328C00465000,465.0,normalDay
2023-09-19,16024.0,56.0,0.0,100,442.71,448.0,0,0.0,0.0,,0.0,1,17.61,11.76,SPY240328C00465000,465.0,normalDay
2023-09-20,16024.0,-168.0,0.0,100,438.64,448.0,0,0.0,0.0,,0.0,1,17.61,9.93,SPY240328C00465000,465.0,normalDay
2023-09-21,16024.0,-676.0,0.0,100,431.39,448.0,0,0.0,0.0,,0.0,1,17.61,7.76,SPY240328C00465000,465.0,normalDay
2023-09-22,16024.0,-731.0,0.0,100,430.42,448.0,0,0.0,0.0,,0.0,1,17.61,7.34,SPY240328C00465000,465.0,normalDay
2023-09-25,16024.0,-603.0,0.0,100,432.23,448.0,0,0.0,0.0,,0.0,1,17.61,7.87,SPY240328C00465000,465.0,normalDay
2023-09-26,16024.0,-1129.0,0.0,100,425.88,448.0,0,0.0,0.0,,0.0,1,17.61,6.78,SPY240328C00465000,465.0,normalDay
2023-09-27,16024.0,-1062.0,0.0,100,426.05,448.0,0,0.0,0.0,,0.0,1,17.61,6.28,SPY240328C00465000,465.0,normalDay
2023-09-28,16024.0,-850.0,0.0,100,428.52,448.0,0,0.0,0.0,,0.0,1,17.61,6.63,SPY240328C00465000,465.0,normalDay
2023-09-29,16024.0,-979.0,0.0,100,427.48,448.0,0,0.0,0.0,,0.0,1,17.61,6.88,SPY240328C00465000,465.0,normalDay
2023-10-02,16024.0,-930.0,0.0,100,427.31,448.0,0,0.0,0.0,,0.0,1,17.61,6.22,SPY240328C00465000,465.0,normalDay
2023-10-03,16024.0,-1412.0,0.0,100,421.59,448.0,0,0.0,0.0,,0.0,1,17.61,5.32,SPY240328C00465000,465.0,normalDay
2023-10-04,16024.0,-1148.0,0.0,100,424.66,448.0,0,0.0,0.0,,0.0,1,17.61,5.75,SPY240328C00465000,465.0,normalDay
2023-10-05,16024.0,-1136.0,0.0,100,424.5,448.0,0,0.0,0.0,,0.0,1,17.61,5.47,SPY240328C00465000,465.0,normalDay
2023-10-06,16024.0,-774.0,0.0,100,429.54,448.0,0,0.0,0.0,,0.0,1,17.61,6.89,SPY240328C00465000,465.0,normalDay
2023-10-09,16024.0,-573.0,0.0,100,432.29,448.0,0,0.0,0.0,,0.0,1,17.61,7.63,SPY240328C00465000,465.0,normalDay
2023-10-10,16024.0,-392.0,0.0,100,434.54,448.0,0,0.0,0.0,,0.0,1,17.61,8.07,SPY240328C00465000,465.0,normalDay
2023-10-11,16024.0,-248.0,0.0,100,436.32,448.0,0,0.0,0.0,,0.0,1,17.61,8.41,SPY240328C00465000,465.0,normalDay
2023-10-12,16024.0,-395.0,0.0,100,433.66,448.0,0,0.0,0.0,,0.0,1,17.61,7.22,SPY240328C00465000,465.0,normalDay
2023-10-13,16024.0,-572.0,0.0,100,431.5,448.0,0,0.0,0.0,,0.0,1,17.61,6.83,SPY240328C00465000,465.0,normalDay
2023-10-16,16024.0,-218.0,0.0,100,436.04,448.0,0,0.0,0.0,,0.0,1,17.61,7.83,SPY240328C00465000,465.0,normalDay
2023-10-17,16024.0,-215.0,0.0,100,436.02,448.0,0,0.0,0.0,,0.0,1,17.61,7.78,SPY240328C00465000,465.0,normalDay
2023-10-18,16024.0,-662.0,0.0,100,430.21,448.0,0,0.0,0.0,,0.0,1,17.61,6.44,SPY240328C00465000,465.0,normalDay
2023-10-19,16024.0,-924.0,0.0,100,426.43,448.0,0,0.0,0.0,,0.0,1,17.61,5.28,SPY240328C00465000,465.0,normalDay
2023-10-20,16024.0,-1342.0,0.0,100,421.19,448.0,0,0.0,0.0,,0.0,1,17.61,4.22,SPY240328C00465000,465.0,normalDay
2023-10-23,16024.0,-1375.0,0.0,100,420.46,448.0,0,0.0,0.0,,0.0,1,17.61,3.82,SPY240328C00465000,465.0,normalDay
2023-10-24,16024.0,-1133.0,0.0,100,423.63,448.0,0,0.0,0.0,,0.0,1,17.61,4.57,SPY240328C00465000,465.0,normalDay
2023-10-25,16024.0,-1628.0,0.0,100,417.55,448.0,0,0.0,0.0,,0.0,1,17.61,3.44,SPY240328C00465000,465.0,normalDay
2023-10-26,16024.0,-2021.0,0.0,100,412.55,448.0,0,0.0,0.0,,0.0,1,17.61,2.37,SPY240328C00465000,465.0,normalDay
2023-10-27,16024.0,-2187.0,0.0,100,410.68,448.0,0,0.0,0.0,,0.0,1,17.61,2.16,SPY240328C00465000,465.0,normalDay
2023-10-30,16024.0,-1739.0,0.0,100,415.59,448.0,0,0.0,0.0,,0.0,1,17.61,2.59,SPY240328C00465000,465.0,normalDay
2023-10-31,16024.0,-1467.0,0.0,100,418.2,448.0,0,0.0,0.0,,0.0,1,17.61,2.48,SPY240328C00465000,465.0,normalDay
2023-11-01,16024.0,-1084.0,0.0,100,422.66,448.0,0,0.0,0.0,,0.0,1,17.61,3.11,SPY240328C00465000,465.0,normalDay
2023-11-02,16024.0,-406.0,0.0,100,430.76,448.0,0,0.0,0.0,,0.0,1,17.61,4.43,SPY240328C00465000,465.0,normalDay
2023-11-03,16024.0,-93.0,0.0,100,434.69,448.0,0,0.0,0.0,,0.0,1,17.61,5.23,SPY240328C00465000,465.0,normalDay
2023-11-06,16024.0,24.0,0.0,100,435.69,448.0,0,0.0,0.0,,0.0,1,17.61,5.06,SPY240328C00465000,465.0,normalDay
2023-11-07,16024.0,110.0,0.0,100,436.93,448.0,0,0.0,0.0,,0.0,1,17.61,5.44,SPY240328C00465000,465.0,normalDay
2023-11-08,16024.0,152.0,0.0,100,437.25,448.0,0,0.0,0.0,,0.0,1,17.61,5.34,SPY240328C00465000,465.0,normalDay
2023-11-09,16024.0,-109.0,0.0,100,433.84,448.0,0,0.0,0.0,,0.0,1,17.61,4.54,SPY240328C00465000,465.0,normalDay
2023-11-10,16024.0,397.0,0.0,100,440.61,448.0,0,0.0,0.0,,0.0,1,17.61,6.25,SPY240328C00465000,465.0,normalDay
2023-11-13,16024.0,377.0,0.0,100,440.19,448.0,0,0.0,0.0,,0.0,1,17.61,6.03,SPY240328C00465000,465.0,normalDay
2023-11-14,16024.0,895.0,0.0,100,448.73,448.0,0,0.0,0.0,,0.0,1,17.61,9.39,SPY240328C00465000,465.0,normalDay
2023-11-15,16024.0,987.0,0.0,100,449.68,448.0,0,0.0,0.0,,0.0,1,17.61,9.42,SPY240328C00465000,465.0,normalDay
2023-11-16,16024.0,1030.0,0.0,100,450.23,448.0,0,0.0,0.0,,0.0,1,17.61,9.54,SPY240328C00465000,465.0,normalDay
2023-11-17,16024.0,1083.0,0.0,100,450.79,448.0,0,0.0,0.0,,0.0,1,17.61,9.57,SPY240328C00465000,465.0,normalDay
2023-11-20,16024.0,1276.0,0.0,100,454.26,448.0,0,0.0,0.0,,0.0,1,17.61,11.11,SPY240328C00465000,465.0,normalDay
2023-11-21,16024.0,1267.0,0.0,100,453.27,448.0,0,0.0,0.0,,0.0,1,17.61,10.21,SPY240328C00465000,465.0,normalDay
2023-11-22,16024.0,1342.0,0.0,100,455.02,448.0,0,0.0,0.0,,0.0,1,17.61,11.21,SPY240328C00465000,465.0,normalDay
2023-11-24,16024.0,1392.0,0.0,100,455.3,448.0,0,0.0,0.0,,0.0,1,17.61,10.99,SPY240328C00465000,465.0,normalDay
2023-11-27,16024.0,1358.0,0.0,100,454.48,448.0,0,0.0,0.0,,0.0,1,17.61,10.51,SPY240328C00465000,465.0,normalDay
2023-11-28,16024.0,1392.0,0.0,100,454.93,448.0,0,0.0,0.0,,0.0,1,17.61,10.62,SPY240328C00465000,465.0,normalDay
2023-11-29,16024.0,1344.0,0.0,100,454.61,448.0,0,0.0,0.0,,0.0,1,17.61,10.78,SPY240328C00465000,465.0,normalDay
2023-11-30,16024.0,1482.0,0.0,100,456.4,448.0,0,0.0,0.0,,0.0,1,17.61,11.19,SPY240328C00465000,465.0,normalDay
