date,totalCapital,unrializedPnL,rializedPnL,stocksOwned,stocksPriceToday,stocksPriceBoughtAt,putOwned,putOwnedSoldAt,putPriceToday,putOwnedContract,putOwnedStrike,callOwned,callOwnedSoldAt,callPriceToday,callOwnedContract,callOwnedStrike,trackType
2018-11-01,0.0,-4.0,0.0,0,273.51,0.0,1,0.72,0.76,SPY181112P00261000,261.0,0,0.0,0.0,,0.0,normalDay
2018-11-02,0.0,-1.0,0.0,0,271.89,0.0,1,0.72,0.73,SPY181112P00261000,261.0,0,0.0,0.0,,0.0,normalDay
2018-11-05,0.0,28.0,0.0,0,273.39,0.0,1,0.72,0.44,SPY181112P00261000,261.0,0,0.0,0.0,,0.0,normalDay
2018-11-06,0.0,39.0,0.0,0,275.12,0.0,1,0.72,0.33,SPY181112P00261000,261.0,0,0.0,0.0,,0.0,normalDay
2018-11-07,0.0,68.0,0.0,0,281.01,0.0,1,0.72,0.04,SPY181112P00261000,261.0,0,0.0,0.0,,0.0,normalDay
2018-11-08,0.0,69.0,0.0,0,280.5,0.0,1,0.72,0.03,SPY181112P00261000,261.0,0,0.0,0.0,,0.0,normalDay
2018-11-09,0.0,70.0,0.0,0,277.76,0.0,1,0.72,0.02,SPY181112P00261000,261.0,0,0.0,0.0,,0.0,normalDay
2018-11-12,72.0,0.0,72.0,0,272.57,0.0,1,0.72,0.0,SPY181112P00261000,261.0,0,0.0,0.0,,0.0,expirationDay
2018-11-13,72.0,-5.0,0.0,0,272.06,0.0,1,0.89,0.94,SPY181123P00263000,263.0,0,0.0,0.0,,0.0,normalDay
2018-11-14,72.0,-41.0,0.0,0,270.2,0.0,1,0.89,1.3,SPY181123P00263000,263.0,0,0.0,0.0,,0.0,normalDay
2018-11-15,72.0,34.0,0.0,0,273.02,0.0,1,0.89,0.55,SPY181123P00263000,263.0,0,0.0,0.0,,0.0,normalDay
2018-11-16,72.0,67.0,0.0,0,273.73,0.0,1,0.89,0.22,SPY181123P00263000,263.0,0,0.0,0.0,,0.0,normalDay
2018-11-19,72.0,39.0,0.0,0,269.1,0.0,1,0.89,0.5,SPY181123P00263000,263.0,0,0.0,0.0,,0.0,normalDay
2018-11-20,72.0,-77.0,0.0,0,264.12,0.0,1,0.89,1.66,SPY181123P00263000,263.0,0,0.0,0.0,,0.0,normalDay
2018-11-21,72.0,46.0,0.0,0,265.02,0.0,1,0.89,0.43,SPY181123P00263000,263.0,0,0.0,0.0,,0.0,normalDay
2018-11-23,161.0,0.0,89.0,0,263.25,0.0,1,0.89,0.0,SPY181123P00263000,263.0,0,0.0,0.0,,0.0,expirationDay
2018-11-26,161.0,-4.0,0.0,0,267.5,0.0,1,1.25,1.29,SPY181207P00261000,261.0,0,0.0,0.0,,0.0,normalDay
2018-11-27,161.0,-2.0,0.0,0,268.4,0.0,1,1.25,1.27,SPY181207P00261000,261.0,0,0.0,0.0,,0.0,normalDay
2018-11-28,161.0,76.0,0.0,0,274.58,0.0,1,1.25,0.49,SPY181207P00261000,261.0,0,0.0,0.0,,0.0,normalDay
2018-11-29,161.0,73.0,0.0,0,273.98,0.0,1,1.25,0.52,SPY181207P00261000,261.0,0,0.0,0.0,,0.0,normalDay
2018-11-30,161.0,95.0,0.0,0,275.65,0.0,1,1.25,0.3,SPY181207P00261000,261.0,0,0.0,0.0,,0.0,normalDay
2018-12-03,161.0,121.0,0.0,0,279.3,0.0,1,1.25,0.04,SPY181207P00261000,261.0,0,0.0,0.0,,0.0,normalDay
2018-12-04,161.0,83.0,0.0,0,270.25,0.0,1,1.25,0.42,SPY181207P00261000,261.0,0,0.0,0.0,,0.0,normalDay
2018-12-06,161.0,118.0,0.0,0,269.84,0.0,1,1.25,0.07,SPY181207P00261000,261.0,0,0.0,0.0,,0.0,normalDay
2018-12-07,286.0,0.0,125.0,0,263.57,0.0,1,1.25,0.0,SPY181207P00261000,261.0,0,0.0,0.0,,0.0,expirationDay
2018-12-10,286.0,-7.0,0.0,0,264.07,0.0,1,3.2,3.27,SPY181221P00261000,261.0,0,0.0,0.0,,0.0,normalDay
2018-12-11,286.0,22.0,0.0,0,264.13,0.0,1,3.2,2.98,SPY181221P00261000,261.0,0,0.0,0.0,,0.0,normalDay
2018-12-12,286.0,73.0,0.0,0,265.46,0.0,1,3.2,2.47,SPY181221P00261000,261.0,0,0.0,0.0,,0.0,normalDay
2018-12-13,286.0,120.0,0.0,0,265.37,0.0,1,3.2,2.0,SPY181221P00261000,261.0,0,0.0,0.0,,0.0,normalDay
2018-12-14,286.0,-79.0,0.0,0,260.47,0.0,1,3.2,3.99,SPY181221P00261000,261.0,0,0.0,0.0,,0.0,normalDay
2018-12-17,286.0,-442.0,0.0,0,255.36,0.0,1,3.2,7.62,SPY181221P00261000,261.0,0,0.0,0.0,,0.0,normalDay
2018-12-18,286.0,-531.0,0.0,0,255.08,0.0,1,3.2,8.51,SPY181221P00261000,261.0,0,0.0,0.0,,0.0,normalDay
2018-12-19,286.0,-796.0,0.0,0,251.26,0.0,1,3.2,11.16,SPY181221P00261000,261.0,0,0.0,0.0,,0.0,normalDay
2018-12-20,286.0,-1137.0,0.0,0,247.17,0.0,1,3.2,14.57,SPY181221P00261000,261.0,0,0.0,0.0,,0.0,normalDay
2018-12-21,606.0,-2030.0,320.0,100,240.7,261.0,1,3.2,0.0,SPY181221P00261000,261.0,0,0.0,0.0,,0.0,expirationDay
2018-12-24,606.0,-2666.0,0.0,100,234.34,261.0,0,0.0,0.0,,0.0,0,0.0,0.0,,0.0,bidTooLow
2018-12-26,606.0,-1485.0,0.0,100,246.18,261.0,0,0.0,0.0,,0.0,1,0.03,0.06,SPY190104C00270000,270.0,normalDay
2018-12-27,606.0,-1297.0,0.0,100,248.07,261.0,0,0.0,0.0,,0.0,1,0.03,0.07,SPY190104C00270000,270.0,normalDay
2018-12-28,606.0,-1326.0,0.0,100,247.75,261.0,0,0.0,0.0,,0.0,1,0.03,0.04,SPY190104C00270000,270.0,normalDay
2018-12-31,606.0,-1107.0,0.0,100,249.92,261.0,0,0.0,0.0,,0.0,1,0.03,0.02,SPY190104C00270000,270.0,normalDay
2019-01-02,606.0,-1080.0,0.0,100,250.18,261.0,0,0.0,0.0,,0.0,1,0.03,0.01,SPY190104C00270000,270.0,normalDay
2019-01-03,606.0,-1677.0,0.0,100,244.21,261.0,0,0.0,0.0,,0.0,1,0.03,0.01,SPY190104C00270000,270.0,normalDay
2019-01-04,609.0,-861.0,3.0,100,252.39,261.0,0,0.0,0.0,,0.0,1,0.03,0.0,SPY190104C00270000,270.0,expirationDay
2019-01-07,609.0,-667.0,0.0,100,254.38,261.0,0,0.0,0.0,,0.0,1,1.48,1.53,SPY190118C00259000,259.0,normalDay
2019-01-08,609.0,-485.0,0.0,100,256.77,261.0,0,0.0,0.0,,0.0,1,1.48,2.1,SPY190118C00259000,259.0,normalDay
2019-01-09,609.0,-391.0,0.0,100,257.97,261.0,0,0.0,0.0,,0.0,1,1.48,2.36,SPY190118C00259000,259.0,normalDay
2019-01-10,609.0,-323.0,0.0,100,258.88,261.0,0,0.0,0.0,,0.0,1,1.48,2.59,SPY190118C00259000,259.0,normalDay
2019-01-11,609.0,-269.0,0.0,100,258.98,261.0,0,0.0,0.0,,0.0,1,1.48,2.15,SPY190118C00259000,259.0,normalDay
2019-01-14,609.0,-321.0,0.0,100,257.4,261.0,0,0.0,0.0,,0.0,1,1.48,1.09,SPY190118C00259000,259.0,normalDay
2019-01-15,609.0,-150.0,0.0,100,260.35,261.0,0,0.0,0.0,,0.0,1,1.48,2.33,SPY190118C00259000,259.0,normalDay
2019-01-16,609.0,-111.0,0.0,100,260.98,261.0,0,0.0,0.0,,0.0,1,1.48,2.57,SPY190118C00259000,259.0,normalDay
2019-01-17,609.0,-78.0,0.0,100,262.96,261.0,0,0.0,0.0,,0.0,1,1.48,4.22,SPY190118C00259000,259.0,normalDay
2019-01-18,557.0,-78.0,-52.0,0,266.46,0.0,0,0.0,0.0,,0.0,1,1.48,0.0,SPY190118C00259000,259.0,expirationDay
2019-01-22,557.0,-3.0,0.0,0,262.86,0.0,1,0.12,0.15,SPY190201P00237000,237.0,0,0.0,0.0,,0.0,normalDay
2019-01-23,557.0,7.0,0.0,0,263.41,0.0,1,0.12,0.05,SPY190201P00237000,237.0,0,0.0,0.0,,0.0,normalDay
2019-01-24,557.0,7.0,0.0,0,263.55,0.0,1,0.12,0.05,SPY190201P00237000,237.0,0,0.0,0.0,,0.0,normalDay
2019-01-25,557.0,10.0,0.0,0,265.78,0.0,1,0.12,0.02,SPY190201P00237000,237.0,0,0.0,0.0,,0.0,normalDay
2019-01-28,557.0,10.0,0.0,0,263.76,0.0,1,0.12,0.02,SPY190201P00237000,237.0,0,0.0,0.0,,0.0,normalDay
2019-01-29,557.0,11.0,0.0,0,263.41,0.0,1,0.12,0.01,SPY190201P00237000,237.0,0,0.0,0.0,,0.0,normalDay
2019-01-30,557.0,11.0,0.0,0,267.58,0.0,1,0.12,0.01,SPY190201P00237000,237.0,0,0.0,0.0,,0.0,normalDay
2019-01-31,557.0,11.0,0.0,0,269.93,0.0,1,0.12,0.01,SPY190201P00237000,237.0,0,0.0,0.0,,0.0,normalDay
2019-02-01,569.0,0.0,12.0,0,270.06,0.0,1,0.12,0.0,SPY190201P00237000,237.0,0,0.0,0.0,,0.0,expirationDay
2019-02-04,569.0,-3.0,0.0,0,271.96,0.0,1,0.1,0.13,SPY190215P00253500,253.5,0,0.0,0.0,,0.0,normalDay
2019-02-05,569.0,0.0,0.0,0,273.1,0.0,1,0.1,0.1,SPY190215P00253500,253.5,0,0.0,0.0,,0.0,normalDay
2019-02-06,569.0,2.0,0.0,0,272.74,0.0,1,0.1,0.08,SPY190215P00253500,253.5,0,0.0,0.0,,0.0,normalDay
2019-02-07,569.0,-3.0,0.0,0,270.14,0.0,1,0.1,0.13,SPY190215P00253500,253.5,0,0.0,0.0,,0.0,normalDay
2019-02-08,569.0,4.0,0.0,0,270.47,0.0,1,0.1,0.06,SPY190215P00253500,253.5,0,0.0,0.0,,0.0,normalDay
2019-02-11,569.0,7.0,0.0,0,270.62,0.0,1,0.1,0.03,SPY190215P00253500,253.5,0,0.0,0.0,,0.0,normalDay
2019-02-12,569.0,8.0,0.0,0,274.1,0.0,1,0.1,0.02,SPY190215P00253500,253.5,0,0.0,0.0,,0.0,normalDay
2019-02-13,569.0,8.0,0.0,0,274.99,0.0,1,0.1,0.02,SPY190215P00253500,253.5,0,0.0,0.0,,0.0,normalDay
2019-02-14,569.0,9.0,0.0,0,274.38,0.0,1,0.1,0.01,SPY190215P00253500,253.5,0,0.0,0.0,,0.0,normalDay
2019-02-15,579.0,0.0,10.0,0,277.37,0.0,1,0.1,0.0,SPY190215P00253500,253.5,0,0.0,0.0,,0.0,expirationDay
2019-02-19,579.0,-3.0,0.0,0,277.85,0.0,1,0.1,0.13,SPY190301P00260500,260.5,0,0.0,0.0,,0.0,normalDay
2019-02-20,579.0,2.0,0.0,0,278.41,0.0,1,0.1,0.08,SPY190301P00260500,260.5,0,0.0,0.0,,0.0,normalDay
2019-02-21,579.0,3.0,0.0,0,277.42,0.0,1,0.1,0.07,SPY190301P00260500,260.5,0,0.0,0.0,,0.0,normalDay
2019-02-22,579.0,7.0,0.0,0,279.14,0.0,1,0.1,0.03,SPY190301P00260500,260.5,0,0.0,0.0,,0.0,normalDay
2019-02-25,579.0,7.0,0.0,0,279.52,0.0,1,0.1,0.03,SPY190301P00260500,260.5,0,0.0,0.0,,0.0,normalDay
2019-02-26,579.0,8.0,0.0,0,279.32,0.0,1,0.1,0.02,SPY190301P00260500,260.5,0,0.0,0.0,,0.0,normalDay
2019-02-27,579.0,8.0,0.0,0,279.2,0.0,1,0.1,0.02,SPY190301P00260500,260.5,0,0.0,0.0,,0.0,normalDay
2019-02-28,579.0,9.0,0.0,0,278.68,0.0,1,0.1,0.01,SPY190301P00260500,260.5,0,0.0,0.0,,0.0,normalDay
2019-03-01,589.0,0.0,10.0,0,280.42,0.0,1,0.1,0.0,SPY190301P00260500,260.5,0,0.0,0.0,,0.0,expirationDay
2019-03-04,589.0,-3.0,0.0,0,279.4,0.0,1,0.49,0.52,SPY190315P00269000,269.0,0,0.0,0.0,,0.0,normalDay
2019-03-05,589.0,1.0,0.0,0,279.02,0.0,1,0.49,0.48,SPY190315P00269000,269.0,0,0.0,0.0,,0.0,normalDay
2019-03-06,589.0,-18.0,0.0,0,277.33,0.0,1,0.49,0.67,SPY190315P00269000,269.0,0,0.0,0.0,,0.0,normalDay
2019-03-07,589.0,-47.0,0.0,0,275.01,0.0,1,0.49,0.96,SPY190315P00269000,269.0,0,0.0,0.0,,0.0,normalDay
2019-03-08,589.0,-25.0,0.0,0,274.46,0.0,1,0.49,0.74,SPY190315P00269000,269.0,0,0.0,0.0,,0.0,normalDay
2019-03-11,589.0,34.0,0.0,0,278.44,0.0,1,0.49,0.15,SPY190315P00269000,269.0,0,0.0,0.0,,0.0,normalDay
2019-03-12,589.0,42.0,0.0,0,279.49,0.0,1,0.49,0.07,SPY190315P00269000,269.0,0,0.0,0.0,,0.0,normalDay
2019-03-13,589.0,46.0,0.0,0,281.34,0.0,1,0.49,0.03,SPY190315P00269000,269.0,0,0.0,0.0,,0.0,normalDay
2019-03-14,589.0,46.0,0.0,0,281.16,0.0,1,0.49,0.03,SPY190315P00269000,269.0,0,0.0,0.0,,0.0,normalDay
2019-03-15,638.0,0.0,49.0,0,281.31,0.0,1,0.49,0.0,SPY190315P00269000,269.0,0,0.0,0.0,,0.0,expirationDay
2019-03-18,638.0,-3.0,0.0,0,282.33,0.0,1,0.48,0.51,SPY190329P00275000,275.0,0,0.0,0.0,,0.0,normalDay
2019-03-19,638.0,-10.0,0.0,0,282.4,0.0,1,0.48,0.58,SPY190329P00275000,275.0,0,0.0,0.0,,0.0,normalDay
2019-03-20,638.0,-9.0,0.0,0,281.55,0.0,1,0.48,0.57,SPY190329P00275000,275.0,0,0.0,0.0,,0.0,normalDay
2019-03-21,638.0,24.0,0.0,0,284.73,0.0,1,0.48,0.24,SPY190329P00275000,275.0,0,0.0,0.0,,0.0,normalDay
2019-03-22,638.0,-50.0,0.0,0,279.25,0.0,1,0.48,0.98,SPY190329P00275000,275.0,0,0.0,0.0,,0.0,normalDay
2019-03-25,638.0,-20.0,0.0,0,279.04,0.0,1,0.48,0.68,SPY190329P00275000,275.0,0,0.0,0.0,,0.0,normalDay
2019-03-26,638.0,26.0,0.0,0,281.12,0.0,1,0.48,0.22,SPY190329P00275000,275.0,0,0.0,0.0,,0.0,normalDay
2019-03-27,638.0,23.0,0.0,0,279.65,0.0,1,0.48,0.25,SPY190329P00275000,275.0,0,0.0,0.0,,0.0,normalDay
2019-03-28,638.0,44.0,0.0,0,280.71,0.0,1,0.48,0.04,SPY190329P00275000,275.0,0,0.0,0.0,,0.0,normalDay
2019-03-29,686.0,0.0,48.0,0,282.48,0.0,1,0.48,0.0,SPY190329P00275000,275.0,0,0.0,0.0,,0.0,expirationDay
2019-04-01,686.0,-3.0,0.0,0,285.83,0.0,1,0.25,0.28,SPY190412P00275000,275.0,0,0.0,0.0,,0.0,normalDay
2019-04-02,686.0,3.0,0.0,0,285.97,0.0,1,0.25,0.22,SPY190412P00275000,275.0,0,0.0,0.0,,0.0,normalDay
2019-04-03,686.0,6.0,0.0,0,286.42,0.0,1,0.25,0.19,SPY190412P00275000,275.0,0,0.0,0.0,,0.0,normalDay
2019-04-04,686.0,14.0,0.0,0,287.18,0.0,1,0.25,0.11,SPY190412P00275000,275.0,0,0.0,0.0,,0.0,normalDay
2019-04-05,686.0,20.0,0.0,0,288.57,0.0,1,0.25,0.05,SPY190412P00275000,275.0,0,0.0,0.0,,0.0,normalDay
2019-04-08,686.0,23.0,0.0,0,288.79,0.0,1,0.25,0.02,SPY190412P00275000,275.0,0,0.0,0.0,,0.0,normalDay
2019-04-09,686.0,22.0,0.0,0,287.31,0.0,1,0.25,0.03,SPY190412P00275000,275.0,0,0.0,0.0,,0.0,normalDay
2019-04-10,686.0,24.0,0.0,0,288.29,0.0,1,0.25,0.01,SPY190412P00275000,275.0,0,0.0,0.0,,0.0,normalDay
2019-04-11,686.0,24.0,0.0,0,288.21,0.0,1,0.25,0.01,SPY190412P00275000,275.0,0,0.0,0.0,,0.0,normalDay
2019-04-12,711.0,0.0,25.0,0,290.16,0.0,1,0.25,0.0,SPY190412P00275000,275.0,0,0.0,0.0,,0.0,expirationDay
2019-04-15,711.0,-3.0,0.0,0,289.97,0.0,1,0.15,0.18,SPY190426P00277500,277.5,0,0.0,0.0,,0.0,normalDay
2019-04-16,711.0,-1.0,0.0,0,290.16,0.0,1,0.15,0.16,SPY190426P00277500,277.5,0,0.0,0.0,,0.0,normalDay
2019-04-17,711.0,-1.0,0.0,0,289.45,0.0,1,0.15,0.16,SPY190426P00277500,277.5,0,0.0,0.0,,0.0,normalDay
2019-04-18,711.0,8.0,0.0,0,290.02,0.0,1,0.15,0.07,SPY190426P00277500,277.5,0,0.0,0.0,,0.0,normalDay
2019-04-22,711.0,12.0,0.0,0,290.27,0.0,1,0.15,0.03,SPY190426P00277500,277.5,0,0.0,0.0,,0.0,normalDay
2019-04-23,711.0,13.0,0.0,0,292.88,0.0,1,0.15,0.02,SPY190426P00277500,277.5,0,0.0,0.0,,0.0,normalDay
2019-04-24,711.0,13.0,0.0,0,292.23,0.0,1,0.15,0.02,SPY190426P00277500,277.5,0,0.0,0.0,,0.0,normalDay
2019-04-25,711.0,14.0,0.0,0,292.05,0.0,1,0.15,0.01,SPY190426P00277500,277.5,0,0.0,0.0,,0.0,normalDay
2019-04-26,726.0,0.0,15.0,0,293.41,0.0,1,0.15,0.0,SPY190426P00277500,277.5,0,0.0,0.0,,0.0,expirationDay
2019-04-29,726.0,-3.0,0.0,0,293.87,0.0,1,0.43,0.46,SPY190510P00285000,285.0,0,0.0,0.0,,0.0,normalDay
2019-04-30,726.0,4.0,0.0,0,294.02,0.0,1,0.43,0.39,SPY190510P00285000,285.0,0,0.0,0.0,,0.0,normalDay
2019-05-01,726.0,-27.0,0.0,0,291.81,0.0,1,0.43,0.7,SPY190510P00285000,285.0,0,0.0,0.0,,0.0,normalDay
2019-05-02,726.0,-19.0,0.0,0,291.18,0.0,1,0.43,0.62,SPY190510P00285000,285.0,0,0.0,0.0,,0.0,normalDay
2019-05-03,726.0,26.0,0.0,0,294.03,0.0,1,0.43,0.17,SPY190510P00285000,285.0,0,0.0,0.0,,0.0,normalDay
2019-05-06,726.0,12.0,0.0,0,292.82,0.0,1,0.43,0.31,SPY190510P00285000,285.0,0,0.0,0.0,,0.0,normalDay
2019-05-07,726.0,-94.0,0.0,0,287.93,0.0,1,0.43,1.37,SPY190510P00285000,285.0,0,0.0,0.0,,0.0,normalDay
2019-05-08,726.0,-80.0,0.0,0,287.53,0.0,1,0.43,1.23,SPY190510P00285000,285.0,0,0.0,0.0,,0.0,normalDay
2019-05-09,726.0,-92.0,0.0,0,286.66,0.0,1,0.43,1.35,SPY190510P00285000,285.0,0,0.0,0.0,,0.0,normalDay
2019-05-10,769.0,0.0,43.0,0,288.1,0.0,1,0.43,0.0,SPY190510P00285000,285.0,0,0.0,0.0,,0.0,expirationDay
2019-05-13,769.0,-6.0,0.0,0,280.86,0.0,1,5.49,5.55,SPY190524P00284000,284.0,0,0.0,0.0,,0.0,normalDay
2019-05-14,769.0,195.0,0.0,0,283.4,0.0,1,5.49,3.54,SPY190524P00284000,284.0,0,0.0,0.0,,0.0,normalDay
2019-05-15,769.0,325.0,0.0,0,285.06,0.0,1,5.49,2.24,SPY190524P00284000,284.0,0,0.0,0.0,,0.0,normalDay
2019-05-16,769.0,425.0,0.0,0,287.7,0.0,1,5.49,1.24,SPY190524P00284000,284.0,0,0.0,0.0,,0.0,normalDay
2019-05-17,769.0,372.0,0.0,0,285.84,0.0,1,5.49,1.77,SPY190524P00284000,284.0,0,0.0,0.0,,0.0,normalDay
2019-05-20,769.0,348.0,0.0,0,283.95,0.0,1,5.49,2.01,SPY190524P00284000,284.0,0,0.0,0.0,,0.0,normalDay
2019-05-21,769.0,476.0,0.0,0,286.51,0.0,1,5.49,0.73,SPY190524P00284000,284.0,0,0.0,0.0,,0.0,normalDay
2019-05-22,769.0,484.0,0.0,0,285.63,0.0,1,5.49,0.65,SPY190524P00284000,284.0,0,0.0,0.0,,0.0,normalDay
2019-05-23,769.0,314.0,0.0,0,282.14,0.0,1,5.49,2.35,SPY190524P00284000,284.0,0,0.0,0.0,,0.0,normalDay
2019-05-24,1318.0,-122.0,549.0,100,282.78,284.0,1,5.49,0.0,SPY190524P00284000,284.0,0,0.0,0.0,,0.0,expirationDay
2019-05-28,1318.0,-389.0,0.0,100,280.15,284.0,0,0.0,0.0,,0.0,1,0.15,0.19,SPY190607C00290000,290.0,normalDay
2019-05-29,1318.0,-565.0,0.0,100,278.27,284.0,0,0.0,0.0,,0.0,1,0.15,0.07,SPY190607C00290000,290.0,normalDay
2019-05-30,1318.0,-487.0,0.0,100,279.03,284.0,0,0.0,0.0,,0.0,1,0.15,0.05,SPY190607C00290000,290.0,normalDay
2019-05-31,1318.0,-860.0,0.0,100,275.27,284.0,0,0.0,0.0,,0.0,1,0.15,0.02,SPY190607C00290000,290.0,normalDay
2019-06-03,1318.0,-929.0,0.0,100,274.57,284.0,0,0.0,0.0,,0.0,1,0.15,0.01,SPY190607C00290000,290.0,normalDay
2019-06-04,1318.0,-333.0,0.0,100,280.53,284.0,0,0.0,0.0,,0.0,1,0.15,0.01,SPY190607C00290000,290.0,normalDay
2019-06-05,1318.0,-91.0,0.0,100,282.96,284.0,0,0.0,0.0,,0.0,1,0.15,0.02,SPY190607C00290000,290.0,normalDay
2019-06-06,1318.0,93.0,0.0,100,284.8,284.0,0,0.0,0.0,,0.0,1,0.15,0.02,SPY190607C00290000,290.0,normalDay
2019-06-07,1333.0,365.0,15.0,100,287.65,284.0,0,0.0,0.0,,0.0,1,0.15,0.0,SPY190607C00290000,290.0,expirationDay
2019-06-10,1333.0,485.0,0.0,100,288.97,284.0,0,0.0,0.0,,0.0,1,4.73,4.85,SPY190621C00286000,286.0,normalDay
2019-06-11,1333.0,505.0,0.0,100,288.9,284.0,0,0.0,0.0,,0.0,1,4.73,4.58,SPY190621C00286000,286.0,normalDay
2019-06-12,1333.0,509.0,0.0,100,288.39,284.0,0,0.0,0.0,,0.0,1,4.73,4.03,SPY190621C00286000,286.0,normalDay
2019-06-13,1333.0,555.0,0.0,100,289.58,284.0,0,0.0,0.0,,0.0,1,4.73,4.76,SPY190621C00286000,286.0,normalDay
2019-06-14,1333.0,563.0,0.0,100,289.26,284.0,0,0.0,0.0,,0.0,1,4.73,4.36,SPY190621C00286000,286.0,normalDay
2019-06-17,1333.0,595.0,0.0,100,289.37,284.0,0,0.0,0.0,,0.0,1,4.73,4.15,SPY190621C00286000,286.0,normalDay
2019-06-18,1333.0,637.0,0.0,100,292.4,284.0,0,0.0,0.0,,0.0,1,4.73,6.76,SPY190621C00286000,286.0,normalDay
2019-06-19,1333.0,639.0,0.0,100,293.06,284.0,0,0.0,0.0,,0.0,1,4.73,7.4,SPY190621C00286000,286.0,normalDay
2019-06-20,1333.0,664.0,0.0,100,295.86,284.0,0,0.0,0.0,,0.0,1,4.73,9.95,SPY190621C00286000,286.0,normalDay
2019-06-21,2006.0,664.0,673.0,0,294.0,0.0,0,0.0,0.0,,0.0,1,4.73,0.0,SPY190621C00286000,286.0,expirationDay
2019-06-24,2006.0,-3.0,0.0,0,293.64,0.0,1,0.14,0.17,SPY190705P00273000,273.0,0,0.0,0.0,,0.0,normalDay
2019-06-25,2006.0,-10.0,0.0,0,290.76,0.0,1,0.14,0.24,SPY190705P00273000,273.0,0,0.0,0.0,,0.0,normalDay
2019-06-26,2006.0,-5.0,0.0,0,290.47,0.0,1,0.14,0.19,SPY190705P00273000,273.0,0,0.0,0.0,,0.0,normalDay
2019-06-27,2006.0,1.0,0.0,0,291.5,0.0,1,0.14,0.13,SPY190705P00273000,273.0,0,0.0,0.0,,0.0,normalDay
2019-06-28,2006.0,5.0,0.0,0,293.0,0.0,1,0.14,0.09,SPY190705P00273000,273.0,0,0.0,0.0,,0.0,normalDay
2019-07-01,2006.0,12.0,0.0,0,295.66,0.0,1,0.14,0.02,SPY190705P00273000,273.0,0,0.0,0.0,,0.0,normalDay
2019-07-02,2006.0,13.0,0.0,0,296.43,0.0,1,0.14,0.01,SPY190705P00273000,273.0,0,0.0,0.0,,0.0,normalDay
2019-07-03,2006.0,13.0,0.0,0,298.8,0.0,1,0.14,0.01,SPY190705P00273000,273.0,0,0.0,0.0,,0.0,normalDay
2019-07-05,2020.0,0.0,14.0,0,298.46,0.0,1,0.14,0.0,SPY190705P00273000,273.0,0,0.0,0.0,,0.0,expirationDay
2019-07-08,2020.0,-3.0,0.0,0,296.82,0.0,1,0.24,0.27,SPY190719P00286000,286.0,0,0.0,0.0,,0.0,normalDay
2019-07-09,2020.0,1.0,0.0,0,297.19,0.0,1,0.24,0.23,SPY190719P00286000,286.0,0,0.0,0.0,,0.0,normalDay
2019-07-10,2020.0,12.0,0.0,0,298.61,0.0,1,0.24,0.12,SPY190719P00286000,286.0,0,0.0,0.0,,0.0,normalDay
2019-07-11,2020.0,14.0,0.0,0,299.31,0.0,1,0.24,0.1,SPY190719P00286000,286.0,0,0.0,0.0,,0.0,normalDay
2019-07-12,2020.0,18.0,0.0,0,300.65,0.0,1,0.24,0.06,SPY190719P00286000,286.0,0,0.0,0.0,,0.0,normalDay
2019-07-15,2020.0,18.0,0.0,0,300.75,0.0,1,0.24,0.06,SPY190719P00286000,286.0,0,0.0,0.0,,0.0,normalDay
2019-07-16,2020.0,19.0,0.0,0,299.78,0.0,1,0.24,0.05,SPY190719P00286000,286.0,0,0.0,0.0,,0.0,normalDay
2019-07-17,2020.0,20.0,0.0,0,297.74,0.0,1,0.24,0.04,SPY190719P00286000,286.0,0,0.0,0.0,,0.0,normalDay
2019-07-18,2020.0,22.0,0.0,0,298.83,0.0,1,0.24,0.02,SPY190719P00286000,286.0,0,0.0,0.0,,0.0,normalDay
2019-07-19,2044.0,0.0,24.0,0,297.17,0.0,1,0.24,0.0,SPY190719P00286000,286.0,0,0.0,0.0,,0.0,expirationDay
2019-07-22,2044.0,-3.0,0.0,0,297.9,0.0,1,0.68,0.71,SPY190802P00290000,290.0,0,0.0,0.0,,0.0,normalDay
2019-07-23,2044.0,28.0,0.0,0,300.03,0.0,1,0.68,0.4,SPY190802P00290000,290.0,0,0.0,0.0,,0.0,normalDay
2019-07-24,2044.0,45.0,0.0,0,301.44,0.0,1,0.68,0.23,SPY190802P00290000,290.0,0,0.0,0.0,,0.0,normalDay
2019-07-25,2044.0,43.0,0.0,0,300.0,0.0,1,0.68,0.25,SPY190802P00290000,290.0,0,0.0,0.0,,0.0,normalDay
2019-07-26,2044.0,58.0,0.0,0,302.01,0.0,1,0.68,0.1,SPY190802P00290000,290.0,0,0.0,0.0,,0.0,normalDay
2019-07-29,2044.0,60.0,0.0,0,301.46,0.0,1,0.68,0.08,SPY190802P00290000,290.0,0,0.0,0.0,,0.0,normalDay
2019-07-30,2044.0,57.0,0.0,0,300.72,0.0,1,0.68,0.11,SPY190802P00290000,290.0,0,0.0,0.0,,0.0,normalDay
2019-07-31,2044.0,30.0,0.0,0,297.43,0.0,1,0.68,0.38,SPY190802P00290000,290.0,0,0.0,0.0,,0.0,normalDay
2019-08-01,2044.0,47.0,0.0,0,294.84,0.0,1,0.68,0.21,SPY190802P00290000,290.0,0,0.0,0.0,,0.0,normalDay
2019-08-02,2112.0,0.0,68.0,0,292.62,0.0,1,0.68,0.0,SPY190802P00290000,290.0,0,0.0,0.0,,0.0,expirationDay
2019-08-05,2112.0,-23.0,0.0,0,283.82,0.0,1,8.2,8.43,SPY190816P00290000,290.0,0,0.0,0.0,,0.0,normalDay
2019-08-06,2112.0,352.0,0.0,0,287.8,0.0,1,8.2,4.68,SPY190816P00290000,290.0,0,0.0,0.0,,0.0,normalDay
2019-08-07,2112.0,382.0,0.0,0,287.97,0.0,1,8.2,4.38,SPY190816P00290000,290.0,0,0.0,0.0,,0.0,normalDay
2019-08-08,2112.0,671.0,0.0,0,293.62,0.0,1,8.2,1.49,SPY190816P00290000,290.0,0,0.0,0.0,,0.0,normalDay
2019-08-09,2112.0,623.0,0.0,0,291.62,0.0,1,8.2,1.97,SPY190816P00290000,290.0,0,0.0,0.0,,0.0,normalDay
2019-08-12,2112.0,446.0,0.0,0,288.07,0.0,1,8.2,3.74,SPY190816P00290000,290.0,0,0.0,0.0,,0.0,normalDay
2019-08-13,2112.0,711.0,0.0,0,292.55,0.0,1,8.2,1.09,SPY190816P00290000,290.0,0,0.0,0.0,,0.0,normalDay
2019-08-14,2112.0,193.0,0.0,0,283.9,0.0,1,8.2,6.27,SPY190816P00290000,290.0,0,0.0,0.0,,0.0,normalDay
2019-08-15,2112.0,293.0,0.0,0,284.65,0.0,1,8.2,5.27,SPY190816P00290000,290.0,0,0.0,0.0,,0.0,normalDay
2019-08-16,2932.0,-115.0,820.0,100,288.85,290.0,1,8.2,0.0,SPY190816P00290000,290.0,0,0.0,0.0,,0.0,expirationDay
2019-08-19,2932.0,230.0,0.0,100,292.33,290.0,0,0.0,0.0,,0.0,1,0.7,0.73,SPY190830C00297500,297.5,normalDay
2019-08-20,2932.0,41.0,0.0,100,290.09,290.0,0,0.0,0.0,,0.0,1,0.7,0.38,SPY190830C00297500,297.5,normalDay
2019-08-21,2932.0,246.0,0.0,100,292.45,290.0,0,0.0,0.0,,0.0,1,0.7,0.69,SPY190830C00297500,297.5,normalDay
2019-08-22,2932.0,253.0,0.0,100,292.36,290.0,0,0.0,0.0,,0.0,1,0.7,0.53,SPY190830C00297500,297.5,normalDay
2019-08-23,2932.0,-453.0,0.0,100,284.85,290.0,0,0.0,0.0,,0.0,1,0.7,0.08,SPY190830C00297500,297.5,normalDay
2019-08-26,2932.0,-135.0,0.0,100,288.0,290.0,0,0.0,0.0,,0.0,1,0.7,0.05,SPY190830C00297500,297.5,normalDay
2019-08-27,2932.0,-245.0,0.0,100,286.87,290.0,0,0.0,0.0,,0.0,1,0.7,0.02,SPY190830C00297500,297.5,normalDay
2019-08-28,2932.0,-42.0,0.0,100,288.89,290.0,0,0.0,0.0,,0.0,1,0.7,0.01,SPY190830C00297500,297.5,normalDay
2019-08-29,2932.0,326.0,0.0,100,292.58,290.0,0,0.0,0.0,,0.0,1,0.7,0.02,SPY190830C00297500,297.5,normalDay
2019-08-30,3002.0,245.0,70.0,100,292.45,290.0,0,0.0,0.0,,0.0,1,0.7,0.0,SPY190830C00297500,297.5,expirationDay
2019-09-03,3002.0,71.0,0.0,100,290.74,290.0,0,0.0,0.0,,0.0,1,2.68,2.71,SPY190913C00292000,292.0,normalDay
2019-09-04,3002.0,269.0,0.0,100,294.04,290.0,0,0.0,0.0,,0.0,1,2.68,4.03,SPY190913C00292000,292.0,normalDay
2019-09-05,3002.0,417.0,0.0,100,297.82,290.0,0,0.0,0.0,,0.0,1,2.68,6.33,SPY190913C00292000,292.0,normalDay
2019-09-06,3002.0,408.0,0.0,100,298.05,290.0,0,0.0,0.0,,0.0,1,2.68,6.65,SPY190913C00292000,292.0,normalDay
2019-09-09,3002.0,453.0,0.0,100,298.2,290.0,0,0.0,0.0,,0.0,1,2.68,6.35,SPY190913C00292000,292.0,normalDay
2019-09-10,3002.0,455.0,0.0,100,298.13,290.0,0,0.0,0.0,,0.0,1,2.68,6.26,SPY190913C00292000,292.0,normalDay
2019-09-11,3002.0,449.0,0.0,100,300.25,290.0,0,0.0,0.0,,0.0,1,2.68,8.44,SPY190913C00292000,292.0,normalDay
2019-09-12,3002.0,435.0,0.0,100,301.29,290.0,0,0.0,0.0,,0.0,1,2.68,9.62,SPY190913C00292000,292.0,normalDay
2019-09-13,3470.0,435.0,468.0,0,301.09,0.0,0,0.0,0.0,,0.0,1,2.68,0.0,SPY190913C00292000,292.0,expirationDay
2019-09-16,3470.0,-3.0,0.0,0,300.16,0.0,1,0.3,0.33,SPY190927P00284000,284.0,0,0.0,0.0,,0.0,normalDay
2019-09-17,3470.0,1.0,0.0,0,300.92,0.0,1,0.3,0.29,SPY190927P00284000,284.0,0,0.0,0.0,,0.0,normalDay
2019-09-18,3470.0,7.0,0.0,0,301.1,0.0,1,0.3,0.23,SPY190927P00284000,284.0,0,0.0,0.0,,0.0,normalDay
2019-09-19,3470.0,12.0,0.0,0,301.08,0.0,1,0.3,0.18,SPY190927P00284000,284.0,0,0.0,0.0,,0.0,normalDay
2019-09-20,3470.0,11.0,0.0,0,298.28,0.0,1,0.3,0.19,SPY190927P00284000,284.0,0,0.0,0.0,,0.0,normalDay
2019-09-23,3470.0,24.0,0.0,0,298.21,0.0,1,0.3,0.06,SPY190927P00284000,284.0,0,0.0,0.0,,0.0,normalDay
2019-09-24,3470.0,17.0,0.0,0,295.87,0.0,1,0.3,0.13,SPY190927P00284000,284.0,0,0.0,0.0,,0.0,normalDay
2019-09-25,3470.0,26.0,0.0,0,297.62,0.0,1,0.3,0.04,SPY190927P00284000,284.0,0,0.0,0.0,,0.0,normalDay
2019-09-26,3470.0,29.0,0.0,0,297.0,0.0,1,0.3,0.01,SPY190927P00284000,284.0,0,0.0,0.0,,0.0,normalDay
2019-09-27,3500.0,0.0,30.0,0,295.4,0.0,1,0.3,0.0,SPY190927P00284000,284.0,0,0.0,0.0,,0.0,expirationDay
2019-09-30,3500.0,-4.0,0.0,0,296.77,0.0,1,1.51,1.55,SPY191011P00292500,292.5,0,0.0,0.0,,0.0,normalDay
2019-10-01,3500.0,-150.0,0.0,0,293.24,0.0,1,1.51,3.01,SPY191011P00292500,292.5,0,0.0,0.0,,0.0,normalDay
2019-10-02,3500.0,-474.0,0.0,0,288.06,0.0,1,1.51,6.25,SPY191011P00292500,292.5,0,0.0,0.0,,0.0,normalDay
2019-10-03,3500.0,-259.0,0.0,0,290.42,0.0,1,1.51,4.1,SPY191011P00292500,292.5,0,0.0,0.0,,0.0,normalDay
2019-10-04,3500.0,-35.0,0.0,0,294.35,0.0,1,1.51,1.86,SPY191011P00292500,292.5,0,0.0,0.0,,0.0,normalDay
2019-10-07,3500.0,-55.0,0.0,0,293.08,0.0,1,1.51,2.06,SPY191011P00292500,292.5,0,0.0,0.0,,0.0,normalDay
2019-10-08,3500.0,-314.0,0.0,0,288.53,0.0,1,1.51,4.65,SPY191011P00292500,292.5,0,0.0,0.0,,0.0,normalDay
2019-10-09,3500.0,-112.0,0.0,0,291.27,0.0,1,1.51,2.63,SPY191011P00292500,292.5,0,0.0,0.0,,0.0,normalDay
2019-10-10,3500.0,28.0,0.0,0,293.24,0.0,1,1.51,1.23,SPY191011P00292500,292.5,0,0.0,0.0,,0.0,normalDay
2019-10-11,3651.0,0.0,151.0,0,296.28,0.0,1,1.51,0.0,SPY191011P00292500,292.5,0,0.0,0.0,,0.0,expirationDay
2019-10-14,3651.0,-3.0,0.0,0,295.95,0.0,1,0.71,0.74,SPY191025P00287500,287.5,0,0.0,0.0,,0.0,normalDay
2019-10-15,3651.0,41.0,0.0,0,298.88,0.0,1,0.71,0.3,SPY191025P00287500,287.5,0,0.0,0.0,,0.0,normalDay
2019-10-16,3651.0,47.0,0.0,0,298.4,0.0,1,0.71,0.24,SPY191025P00287500,287.5,0,0.0,0.0,,0.0,normalDay
2019-10-17,3651.0,57.0,0.0,0,299.28,0.0,1,0.71,0.14,SPY191025P00287500,287.5,0,0.0,0.0,,0.0,normalDay
2019-10-18,3651.0,59.0,0.0,0,297.97,0.0,1,0.71,0.12,SPY191025P00287500,287.5,0,0.0,0.0,,0.0,normalDay
2019-10-21,3651.0,67.0,0.0,0,299.99,0.0,1,0.71,0.04,SPY191025P00287500,287.5,0,0.0,0.0,,0.0,normalDay
2019-10-22,3651.0,67.0,0.0,0,299.01,0.0,1,0.71,0.04,SPY191025P00287500,287.5,0,0.0,0.0,,0.0,normalDay
2019-10-23,3651.0,69.0,0.0,0,299.88,0.0,1,0.71,0.02,SPY191025P00287500,287.5,0,0.0,0.0,,0.0,normalDay
2019-10-24,3651.0,70.0,0.0,0,300.37,0.0,1,0.71,0.01,SPY191025P00287500,287.5,0,0.0,0.0,,0.0,normalDay
2019-10-25,3722.0,0.0,71.0,0,301.6,0.0,1,0.71,0.0,SPY191025P00287500,287.5,0,0.0,0.0,,0.0,expirationDay
2019-10-28,3722.0,-3.0,0.0,0,303.3,0.0,1,0.13,0.16,SPY191108P00287500,287.5,0,0.0,0.0,,0.0,normalDay
2019-10-29,3722.0,0.0,0.0,0,303.21,0.0,1,0.13,0.13,SPY191108P00287500,287.5,0,0.0,0.0,,0.0,normalDay
2019-10-30,3722.0,5.0,0.0,0,304.14,0.0,1,0.13,0.08,SPY191108P00287500,287.5,0,0.0,0.0,,0.0,normalDay
2019-10-31,3722.0,4.0,0.0,0,303.33,0.0,1,0.13,0.09,SPY191108P00287500,287.5,0,0.0,0.0,,0.0,normalDay
2019-11-01,3722.0,10.0,0.0,0,306.14,0.0,1,0.13,0.03,SPY191108P00287500,287.5,0,0.0,0.0,,0.0,normalDay
2019-11-04,3722.0,11.0,0.0,0,307.37,0.0,1,0.13,0.02,SPY191108P00287500,287.5,0,0.0,0.0,,0.0,normalDay
2019-11-05,3722.0,12.0,0.0,0,307.03,0.0,1,0.13,0.01,SPY191108P00287500,287.5,0,0.0,0.0,,0.0,normalDay
2019-11-06,3722.0,12.0,0.0,0,307.1,0.0,1,0.13,0.01,SPY191108P00287500,287.5,0,0.0,0.0,,0.0,normalDay
2019-11-07,3722.0,12.0,0.0,0,308.18,0.0,1,0.13,0.01,SPY191108P00287500,287.5,0,0.0,0.0,,0.0,normalDay
2019-11-08,3735.0,0.0,13.0,0,308.94,0.0,1,0.13,0.0,SPY191108P00287500,287.5,0,0.0,0.0,,0.0,expirationDay
2019-11-11,3735.0,-3.0,0.0,0,308.35,0.0,1,0.16,0.19,SPY191122P00296000,296.0,0,0.0,0.0,,0.0,normalDay
2019-11-12,3735.0,-2.0,0.0,0,309.0,0.0,1,0.16,0.18,SPY191122P00296000,296.0,0,0.0,0.0,,0.0,normalDay
2019-11-13,3735.0,2.0,0.0,0,309.1,0.0,1,0.16,0.14,SPY191122P00296000,296.0,0,0.0,0.0,,0.0,normalDay
2019-11-14,3735.0,3.0,0.0,0,309.55,0.0,1,0.16,0.13,SPY191122P00296000,296.0,0,0.0,0.0,,0.0,normalDay
2019-11-15,3735.0,11.0,0.0,0,311.79,0.0,1,0.16,0.05,SPY191122P00296000,296.0,0,0.0,0.0,,0.0,normalDay
2019-11-18,3735.0,13.0,0.0,0,312.02,0.0,1,0.16,0.03,SPY191122P00296000,296.0,0,0.0,0.0,,0.0,normalDay
2019-11-19,3735.0,13.0,0.0,0,311.93,0.0,1,0.16,0.03,SPY191122P00296000,296.0,0,0.0,0.0,,0.0,normalDay
2019-11-20,3735.0,12.0,0.0,0,310.77,0.0,1,0.16,0.04,SPY191122P00296000,296.0,0,0.0,0.0,,0.0,normalDay
2019-11-21,3735.0,15.0,0.0,0,310.27,0.0,1,0.16,0.01,SPY191122P00296000,296.0,0,0.0,0.0,,0.0,normalDay
2019-11-22,3751.0,0.0,16.0,0,310.96,0.0,1,0.16,0.0,SPY191122P00296000,296.0,0,0.0,0.0,,0.0,expirationDay
2019-11-25,3751.0,-3.0,0.0,0,313.37,0.0,1,0.27,0.3,SPY191206P00303000,303.0,0,0.0,0.0,,0.0,normalDay
2019-11-26,3751.0,5.0,0.0,0,314.08,0.0,1,0.27,0.22,SPY191206P00303000,303.0,0,0.0,0.0,,0.0,normalDay
2019-11-27,3751.0,12.0,0.0,0,315.48,0.0,1,0.27,0.15,SPY191206P00303000,303.0,0,0.0,0.0,,0.0,normalDay
2019-11-29,3751.0,10.0,0.0,0,314.31,0.0,1,0.27,0.17,SPY191206P00303000,303.0,0,0.0,0.0,,0.0,normalDay
2019-12-02,3751.0,-1.0,0.0,0,311.64,0.0,1,0.27,0.28,SPY191206P00303000,303.0,0,0.0,0.0,,0.0,normalDay
2019-12-03,3751.0,-8.0,0.0,0,309.55,0.0,1,0.27,0.35,SPY191206P00303000,303.0,0,0.0,0.0,,0.0,normalDay
2019-12-04,3751.0,18.0,0.0,0,311.46,0.0,1,0.27,0.09,SPY191206P00303000,303.0,0,0.0,0.0,,0.0,normalDay
2019-12-05,3751.0,25.0,0.0,0,312.02,0.0,1,0.27,0.02,SPY191206P00303000,303.0,0,0.0,0.0,,0.0,normalDay
2019-12-06,3778.0,0.0,27.0,0,314.87,0.0,1,0.27,0.0,SPY191206P00303000,303.0,0,0.0,0.0,,0.0,expirationDay
2019-12-09,3778.0,-3.0,0.0,0,313.88,0.0,1,1.68,1.71,SPY191220P00307500,307.5,0,0.0,0.0,,0.0,normalDay
2019-12-10,3778.0,18.0,0.0,0,313.53,0.0,1,1.68,1.5,SPY191220P00307500,307.5,0,0.0,0.0,,0.0,normalDay
2019-12-11,3778.0,55.0,0.0,0,314.42,0.0,1,1.68,1.13,SPY191220P00307500,307.5,0,0.0,0.0,,0.0,normalDay
2019-12-12,3778.0,102.0,0.0,0,317.13,0.0,1,1.68,0.66,SPY191220P00307500,307.5,0,0.0,0.0,,0.0,normalDay
2019-12-13,3778.0,129.0,0.0,0,317.32,0.0,1,1.68,0.39,SPY191220P00307500,307.5,0,0.0,0.0,,0.0,normalDay
2019-12-16,3778.0,153.0,0.0,0,319.5,0.0,1,1.68,0.15,SPY191220P00307500,307.5,0,0.0,0.0,,0.0,normalDay
2019-12-17,3778.0,160.0,0.0,0,319.57,0.0,1,1.68,0.08,SPY191220P00307500,307.5,0,0.0,0.0,,0.0,normalDay
2019-12-18,3778.0,163.0,0.0,0,319.59,0.0,1,1.68,0.05,SPY191220P00307500,307.5,0,0.0,0.0,,0.0,normalDay
2019-12-19,3778.0,164.0,0.0,0,320.9,0.0,1,1.68,0.04,SPY191220P00307500,307.5,0,0.0,0.0,,0.0,normalDay
2019-12-20,3946.0,0.0,168.0,0,320.73,0.0,1,1.68,0.0,SPY191220P00307500,307.5,0,0.0,0.0,,0.0,expirationDay
2019-12-23,3946.0,-3.0,0.0,0,321.22,0.0,1,0.21,0.24,SPY200103P00308500,308.5,0,0.0,0.0,,0.0,normalDay
2019-12-24,3946.0,2.0,0.0,0,321.23,0.0,1,0.21,0.19,SPY200103P00308500,308.5,0,0.0,0.0,,0.0,normalDay
2019-12-26,3946.0,10.0,0.0,0,322.94,0.0,1,0.21,0.11,SPY200103P00308500,308.5,0,0.0,0.0,,0.0,normalDay
2019-12-27,3946.0,13.0,0.0,0,322.86,0.0,1,0.21,0.08,SPY200103P00308500,308.5,0,0.0,0.0,,0.0,normalDay
2019-12-30,3946.0,13.0,0.0,0,321.08,0.0,1,0.21,0.08,SPY200103P00308500,308.5,0,0.0,0.0,,0.0,normalDay
2019-12-31,3946.0,12.0,0.0,0,321.86,0.0,1,0.21,0.09,SPY200103P00308500,308.5,0,0.0,0.0,,0.0,normalDay
2020-01-02,3946.0,20.0,0.0,0,324.87,0.0,1,0.21,0.01,SPY200103P00308500,308.5,0,0.0,0.0,,0.0,normalDay
2020-01-03,3967.0,0.0,21.0,0,322.41,0.0,1,0.21,0.0,SPY200103P00308500,308.5,0,0.0,0.0,,0.0,expirationDay
2020-01-06,3967.0,-3.0,0.0,0,323.64,0.0,1,0.43,0.46,SPY200117P00313000,313.0,0,0.0,0.0,,0.0,normalDay
2020-01-07,3967.0,-6.0,0.0,0,322.73,0.0,1,0.43,0.49,SPY200117P00313000,313.0,0,0.0,0.0,,0.0,normalDay
2020-01-08,3967.0,11.0,0.0,0,324.45,0.0,1,0.43,0.32,SPY200117P00313000,313.0,0,0.0,0.0,,0.0,normalDay
2020-01-09,3967.0,27.0,0.0,0,326.65,0.0,1,0.43,0.16,SPY200117P00313000,313.0,0,0.0,0.0,,0.0,normalDay
2020-01-10,3967.0,32.0,0.0,0,325.71,0.0,1,0.43,0.11,SPY200117P00313000,313.0,0,0.0,0.0,,0.0,normalDay
2020-01-13,3967.0,39.0,0.0,0,327.95,0.0,1,0.43,0.04,SPY200117P00313000,313.0,0,0.0,0.0,,0.0,normalDay
2020-01-14,3967.0,39.0,0.0,0,327.45,0.0,1,0.43,0.04,SPY200117P00313000,313.0,0,0.0,0.0,,0.0,normalDay
2020-01-15,3967.0,40.0,0.0,0,328.19,0.0,1,0.43,0.03,SPY200117P00313000,313.0,0,0.0,0.0,,0.0,normalDay
2020-01-16,3967.0,41.0,0.0,0,330.92,0.0,1,0.43,0.02,SPY200117P00313000,313.0,0,0.0,0.0,,0.0,normalDay
2020-01-17,4010.0,0.0,43.0,0,331.95,0.0,1,0.43,0.0,SPY200117P00313000,313.0,0,0.0,0.0,,0.0,expirationDay
2020-01-21,4010.0,-3.0,0.0,0,331.3,0.0,1,0.23,0.26,SPY200131P00318000,318.0,0,0.0,0.0,,0.0,normalDay
2020-01-22,4010.0,5.0,0.0,0,331.34,0.0,1,0.23,0.18,SPY200131P00318000,318.0,0,0.0,0.0,,0.0,normalDay
2020-01-23,4010.0,8.0,0.0,0,331.72,0.0,1,0.23,0.15,SPY200131P00318000,318.0,0,0.0,0.0,,0.0,normalDay
2020-01-24,4010.0,-15.0,0.0,0,328.77,0.0,1,0.23,0.38,SPY200131P00318000,318.0,0,0.0,0.0,,0.0,normalDay
2020-01-27,4010.0,-103.0,0.0,0,323.5,0.0,1,0.23,1.26,SPY200131P00318000,318.0,0,0.0,0.0,,0.0,normalDay
2020-01-28,4010.0,-9.0,0.0,0,326.89,0.0,1,0.23,0.32,SPY200131P00318000,318.0,0,0.0,0.0,,0.0,normalDay
2020-01-29,4010.0,8.0,0.0,0,326.62,0.0,1,0.23,0.15,SPY200131P00318000,318.0,0,0.0,0.0,,0.0,normalDay
2020-01-30,4010.0,19.0,0.0,0,327.68,0.0,1,0.23,0.04,SPY200131P00318000,318.0,0,0.0,0.0,,0.0,normalDay
2020-01-31,4033.0,0.0,23.0,0,321.73,0.0,1,0.23,0.0,SPY200131P00318000,318.0,0,0.0,0.0,,0.0,expirationDay
2020-02-03,4033.0,-4.0,0.0,0,324.12,0.0,1,2.87,2.91,SPY200214P00321000,321.0,0,0.0,0.0,,0.0,normalDay
2020-02-04,4033.0,182.0,0.0,0,329.06,0.0,1,2.87,1.05,SPY200214P00321000,321.0,0,0.0,0.0,,0.0,normalDay
2020-02-05,4033.0,248.0,0.0,0,332.86,0.0,1,2.87,0.39,SPY200214P00321000,321.0,0,0.0,0.0,,0.0,normalDay
2020-02-06,4033.0,258.0,0.0,0,333.98,0.0,1,2.87,0.29,SPY200214P00321000,321.0,0,0.0,0.0,,0.0,normalDay
2020-02-07,4033.0,255.0,0.0,0,332.2,0.0,1,2.87,0.32,SPY200214P00321000,321.0,0,0.0,0.0,,0.0,normalDay
2020-02-10,4033.0,279.0,0.0,0,334.68,0.0,1,2.87,0.08,SPY200214P00321000,321.0,0,0.0,0.0,,0.0,normalDay
2020-02-11,4033.0,282.0,0.0,0,335.26,0.0,1,2.87,0.05,SPY200214P00321000,321.0,0,0.0,0.0,,0.0,normalDay
2020-02-12,4033.0,285.0,0.0,0,337.42,0.0,1,2.87,0.02,SPY200214P00321000,321.0,0,0.0,0.0,,0.0,normalDay
2020-02-13,4033.0,286.0,0.0,0,337.06,0.0,1,2.87,0.01,SPY200214P00321000,321.0,0,0.0,0.0,,0.0,normalDay
2020-02-14,4320.0,0.0,287.0,0,337.6,0.0,1,2.87,0.0,SPY200214P00321000,321.0,0,0.0,0.0,,0.0,expirationDay
2020-02-18,4320.0,-3.0,0.0,0,336.73,0.0,1,0.24,0.27,SPY200228P00321000,321.0,0,0.0,0.0,,0.0,normalDay
2020-02-19,4320.0,9.0,0.0,0,338.34,0.0,1,0.24,0.15,SPY200228P00321000,321.0,0,0.0,0.0,,0.0,normalDay
2020-02-20,4320.0,7.0,0.0,0,336.95,0.0,1,0.24,0.17,SPY200228P00321000,321.0,0,0.0,0.0,,0.0,normalDay
2020-02-21,4320.0,-2.0,0.0,0,333.48,0.0,1,0.24,0.26,SPY200228P00321000,321.0,0,0.0,0.0,,0.0,normalDay
2020-02-24,4320.0,-357.0,0.0,0,322.42,0.0,1,0.24,3.81,SPY200228P00321000,321.0,0,0.0,0.0,,0.0,normalDay
2020-02-25,4320.0,-860.0,0.0,0,312.65,0.0,1,0.24,8.84,SPY200228P00321000,321.0,0,0.0,0.0,,0.0,normalDay
2020-02-26,4320.0,-1011.0,0.0,0,311.5,0.0,1,0.24,10.35,SPY200228P00321000,321.0,0,0.0,0.0,,0.0,normalDay
2020-02-27,4320.0,-2357.0,0.0,0,297.51,0.0,1,0.24,23.81,SPY200228P00321000,321.0,0,0.0,0.0,,0.0,normalDay
2020-02-28,4344.0,-2474.0,24.0,100,296.26,321.0,1,0.24,0.0,SPY200228P00321000,321.0,0,0.0,0.0,,0.0,expirationDay
2020-03-02,4344.0,-1194.0,0.0,100,309.09,321.0,0,0.0,0.0,,0.0,1,0.07,0.1,SPY200313C00336000,336.0,normalDay
2020-03-03,4344.0,-2076.0,0.0,100,300.24,321.0,0,0.0,0.0,,0.0,1,0.07,0.07,SPY200313C00336000,336.0,normalDay
2020-03-04,4344.0,-817.0,0.0,100,312.86,321.0,0,0.0,0.0,,0.0,1,0.07,0.1,SPY200313C00336000,336.0,normalDay
2020-03-05,4344.0,-1851.0,0.0,100,302.46,321.0,0,0.0,0.0,,0.0,1,0.07,0.04,SPY200313C00336000,336.0,normalDay
2020-03-06,4344.0,-2350.0,0.0,100,297.46,321.0,0,0.0,0.0,,0.0,1,0.07,0.03,SPY200313C00336000,336.0,normalDay
2020-03-09,4344.0,-4672.0,0.0,100,274.23,321.0,0,0.0,0.0,,0.0,1,0.07,0.02,SPY200313C00336000,336.0,normalDay
2020-03-10,4344.0,-3252.0,0.0,100,288.42,321.0,0,0.0,0.0,,0.0,1,0.07,0.01,SPY200313C00336000,336.0,normalDay
2020-03-11,4344.0,-4658.0,0.0,100,274.36,321.0,0,0.0,0.0,,0.0,1,0.07,0.01,SPY200313C00336000,336.0,normalDay
2020-03-12,4344.0,-7283.0,0.0,100,248.11,321.0,0,0.0,0.0,,0.0,1,0.07,0.01,SPY200313C00336000,336.0,normalDay
2020-03-13,4351.0,-5168.0,7.0,100,269.32,321.0,0,0.0,0.0,,0.0,1,0.07,0.0,SPY200313C00336000,336.0,expirationDay
2020-03-16,4351.0,-8119.0,0.0,100,239.85,321.0,0,0.0,0.0,,0.0,1,0.02,0.06,SPY200327C00320000,320.0,normalDay
2020-03-17,4351.0,-6822.0,0.0,100,252.8,321.0,0,0.0,0.0,,0.0,1,0.02,0.04,SPY200327C00320000,320.0,normalDay
2020-03-18,4351.0,-8102.0,0.0,100,240.0,321.0,0,0.0,0.0,,0.0,1,0.02,0.04,SPY200327C00320000,320.0,normalDay
2020-03-19,4351.0,-8050.0,0.0,100,240.51,321.0,0,0.0,0.0,,0.0,1,0.02,0.03,SPY200327C00320000,320.0,normalDay
2020-03-20,4351.0,-9220.0,0.0,100,228.8,321.0,0,0.0,0.0,,0.0,1,0.02,0.02,SPY200327C00320000,320.0,normalDay
2020-03-23,4351.0,-9804.0,0.0,100,222.95,321.0,0,0.0,0.0,,0.0,1,0.02,0.01,SPY200327C00320000,320.0,normalDay
2020-03-24,4351.0,-7784.0,0.0,100,243.15,321.0,0,0.0,0.0,,0.0,1,0.02,0.01,SPY200327C00320000,320.0,normalDay
2020-03-25,4351.0,-7420.0,0.0,100,246.79,321.0,0,0.0,0.0,,0.0,1,0.02,0.01,SPY200327C00320000,320.0,normalDay
2020-03-26,4351.0,-5979.0,0.0,100,261.2,321.0,0,0.0,0.0,,0.0,1,0.02,0.01,SPY200327C00320000,320.0,normalDay
2020-03-27,4353.0,-6758.0,2.0,100,253.42,321.0,0,0.0,0.0,,0.0,1,0.02,0.0,SPY200327C00320000,320.0,expirationDay
2020-03-30,4353.0,-5943.0,0.0,100,261.65,321.0,0,0.0,0.0,,0.0,1,1.59,1.67,SPY200409C00281000,281.0,normalDay
2020-03-31,4353.0,-6206.0,0.0,100,257.75,321.0,0,0.0,0.0,,0.0,1,1.59,0.4,SPY200409C00281000,281.0,normalDay
2020-04-01,4353.0,-7341.0,0.0,100,246.15,321.0,0,0.0,0.0,,0.0,1,1.59,0.15,SPY200409C00281000,281.0,normalDay
2020-04-02,4353.0,-6771.0,0.0,100,251.83,321.0,0,0.0,0.0,,0.0,1,1.59,0.13,SPY200409C00281000,281.0,normalDay
2020-04-03,4353.0,-7126.0,0.0,100,248.19,321.0,0,0.0,0.0,,0.0,1,1.59,0.04,SPY200409C00281000,281.0,normalDay
2020-04-06,4353.0,-5484.0,0.0,100,264.86,321.0,0,0.0,0.0,,0.0,1,1.59,0.29,SPY200409C00281000,281.0,normalDay
2020-04-07,4353.0,-5450.0,0.0,100,265.13,321.0,0,0.0,0.0,,0.0,1,1.59,0.22,SPY200409C00281000,281.0,normalDay
2020-04-08,4353.0,-4593.0,0.0,100,274.03,321.0,0,0.0,0.0,,0.0,1,1.59,0.55,SPY200409C00281000,281.0,normalDay
2020-04-09,4512.0,-4280.0,159.0,100,278.2,321.0,0,0.0,0.0,,0.0,1,1.59,0.0,SPY200409C00281000,281.0,expirationDay
2020-04-13,4512.0,-4563.0,0.0,100,275.66,321.0,0,0.0,0.0,,0.0,1,16.05,16.34,SPY200424C00263000,263.0,normalDay
2020-04-14,4512.0,-4388.0,0.0,100,283.79,321.0,0,0.0,0.0,,0.0,1,16.05,22.72,SPY200424C00263000,263.0,normalDay
2020-04-15,4512.0,-4443.0,0.0,100,277.76,321.0,0,0.0,0.0,,0.0,1,16.05,17.24,SPY200424C00263000,263.0,normalDay
2020-04-16,4512.0,-4396.0,0.0,100,279.1,321.0,0,0.0,0.0,,0.0,1,16.05,18.11,SPY200424C00263000,263.0,normalDay
2020-04-17,4512.0,-4283.0,0.0,100,286.64,321.0,0,0.0,0.0,,0.0,1,16.05,24.52,SPY200424C00263000,263.0,normalDay
2020-04-20,4512.0,-4273.0,0.0,100,281.59,321.0,0,0.0,0.0,,0.0,1,16.05,19.37,SPY200424C00263000,263.0,normalDay
2020-04-21,4512.0,-4366.0,0.0,100,273.04,321.0,0,0.0,0.0,,0.0,1,16.05,11.75,SPY200424C00263000,263.0,normalDay
2020-04-22,4512.0,-4175.0,0.0,100,279.1,321.0,0,0.0,0.0,,0.0,1,16.05,15.9,SPY200424C00263000,263.0,normalDay
2020-04-23,4512.0,-4175.0,0.0,100,279.08,321.0,0,0.0,0.0,,0.0,1,16.05,15.88,SPY200424C00263000,263.0,normalDay
2020-04-24,317.0,-4175.0,-4195.0,0,282.97,0.0,0,0.0,0.0,,0.0,1,16.05,0.0,SPY200424C00263000,263.0,expirationDay
2020-04-27,317.0,-3.0,0.0,0,287.05,0.0,1,0.25,0.28,SPY200508P00246000,246.0,0,0.0,0.0,,0.0,normalDay
2020-04-28,317.0,-4.0,0.0,0,285.73,0.0,1,0.25,0.29,SPY200508P00246000,246.0,0,0.0,0.0,,0.0,normalDay
2020-04-29,317.0,10.0,0.0,0,293.21,0.0,1,0.25,0.15,SPY200508P00246000,246.0,0,0.0,0.0,,0.0,normalDay
2020-04-30,317.0,10.0,0.0,0,290.48,0.0,1,0.25,0.15,SPY200508P00246000,246.0,0,0.0,0.0,,0.0,normalDay
2020-05-01,317.0,13.0,0.0,0,282.79,0.0,1,0.25,0.12,SPY200508P00246000,246.0,0,0.0,0.0,,0.0,normalDay
2020-05-04,317.0,21.0,0.0,0,283.57,0.0,1,0.25,0.04,SPY200508P00246000,246.0,0,0.0,0.0,,0.0,normalDay
2020-05-05,317.0,22.0,0.0,0,286.19,0.0,1,0.25,0.03,SPY200508P00246000,246.0,0,0.0,0.0,,0.0,normalDay
2020-05-06,317.0,23.0,0.0,0,284.25,0.0,1,0.25,0.02,SPY200508P00246000,246.0,0,0.0,0.0,,0.0,normalDay
2020-05-07,317.0,24.0,0.0,0,287.68,0.0,1,0.25,0.01,SPY200508P00246000,246.0,0,0.0,0.0,,0.0,normalDay
2020-05-08,342.0,0.0,25.0,0,292.44,0.0,1,0.25,0.0,SPY200508P00246000,246.0,0,0.0,0.0,,0.0,expirationDay
2020-05-11,342.0,-4.0,0.0,0,292.5,0.0,1,1.02,1.06,SPY200522P00274000,274.0,0,0.0,0.0,,0.0,normalDay
2020-05-12,342.0,-139.0,0.0,0,286.67,0.0,1,1.02,2.41,SPY200522P00274000,274.0,0,0.0,0.0,,0.0,normalDay
2020-05-13,342.0,-199.0,0.0,0,281.6,0.0,1,1.02,3.01,SPY200522P00274000,274.0,0,0.0,0.0,,0.0,normalDay
2020-05-14,342.0,-91.0,0.0,0,284.97,0.0,1,1.02,1.93,SPY200522P00274000,274.0,0,0.0,0.0,,0.0,normalDay
2020-05-15,342.0,-36.0,0.0,0,286.28,0.0,1,1.02,1.38,SPY200522P00274000,274.0,0,0.0,0.0,,0.0,normalDay
2020-05-18,342.0,85.0,0.0,0,295.0,0.0,1,1.02,0.17,SPY200522P00274000,274.0,0,0.0,0.0,,0.0,normalDay
2020-05-19,342.0,90.0,0.0,0,291.97,0.0,1,1.02,0.12,SPY200522P00274000,274.0,0,0.0,0.0,,0.0,normalDay
2020-05-20,342.0,100.0,0.0,0,296.93,0.0,1,1.02,0.02,SPY200522P00274000,274.0,0,0.0,0.0,,0.0,normalDay
2020-05-21,342.0,101.0,0.0,0,294.88,0.0,1,1.02,0.01,SPY200522P00274000,274.0,0,0.0,0.0,,0.0,normalDay
2020-05-22,444.0,0.0,102.0,0,295.44,0.0,1,1.02,0.0,SPY200522P00274000,274.0,0,0.0,0.0,,0.0,expirationDay
2020-05-26,444.0,-4.0,0.0,0,299.08,0.0,1,0.71,0.75,SPY200605P00279000,279.0,0,0.0,0.0,,0.0,normalDay
2020-05-27,444.0,28.0,0.0,0,303.53,0.0,1,0.71,0.43,SPY200605P00279000,279.0,0,0.0,0.0,,0.0,normalDay
2020-05-28,444.0,32.0,0.0,0,302.97,0.0,1,0.71,0.39,SPY200605P00279000,279.0,0,0.0,0.0,,0.0,normalDay
2020-05-29,444.0,54.0,0.0,0,304.32,0.0,1,0.71,0.17,SPY200605P00279000,279.0,0,0.0,0.0,,0.0,normalDay
2020-06-01,444.0,64.0,0.0,0,305.55,0.0,1,0.71,0.07,SPY200605P00279000,279.0,0,0.0,0.0,,0.0,normalDay
2020-06-02,444.0,68.0,0.0,0,308.08,0.0,1,0.71,0.03,SPY200605P00279000,279.0,0,0.0,0.0,,0.0,normalDay
2020-06-03,444.0,69.0,0.0,0,312.18,0.0,1,0.71,0.02,SPY200605P00279000,279.0,0,0.0,0.0,,0.0,normalDay
2020-06-04,444.0,70.0,0.0,0,311.36,0.0,1,0.71,0.01,SPY200605P00279000,279.0,0,0.0,0.0,,0.0,normalDay
2020-06-05,515.0,0.0,71.0,0,319.34,0.0,1,0.71,0.0,SPY200605P00279000,279.0,0,0.0,0.0,,0.0,expirationDay
2020-06-08,515.0,-3.0,0.0,0,323.2,0.0,1,0.16,0.19,SPY200619P00277000,277.0,0,0.0,0.0,,0.0,normalDay
2020-06-09,515.0,-6.0,0.0,0,320.79,0.0,1,0.16,0.22,SPY200619P00277000,277.0,0,0.0,0.0,,0.0,normalDay
2020-06-10,515.0,-4.0,0.0,0,319.0,0.0,1,0.16,0.2,SPY200619P00277000,277.0,0,0.0,0.0,,0.0,normalDay
2020-06-11,515.0,-156.0,0.0,0,300.61,0.0,1,0.16,1.72,SPY200619P00277000,277.0,0,0.0,0.0,,0.0,normalDay
2020-06-12,515.0,-57.0,0.0,0,304.21,0.0,1,0.16,0.73,SPY200619P00277000,277.0,0,0.0,0.0,,0.0,normalDay
2020-06-15,515.0,-9.0,0.0,0,307.05,0.0,1,0.16,0.25,SPY200619P00277000,277.0,0,0.0,0.0,,0.0,normalDay
2020-06-16,515.0,8.0,0.0,0,312.96,0.0,1,0.16,0.08,SPY200619P00277000,277.0,0,0.0,0.0,,0.0,normalDay
2020-06-17,515.0,12.0,0.0,0,311.66,0.0,1,0.16,0.04,SPY200619P00277000,277.0,0,0.0,0.0,,0.0,normalDay
2020-06-18,515.0,13.0,0.0,0,311.78,0.0,1,0.16,0.03,SPY200619P00277000,277.0,0,0.0,0.0,,0.0,normalDay
2020-06-19,531.0,0.0,16.0,0,308.64,0.0,1,0.16,0.0,SPY200619P00277000,277.0,0,0.0,0.0,,0.0,expirationDay
2020-06-22,531.0,-5.0,0.0,0,310.62,0.0,1,1.92,1.97,SPY200702P00296000,296.0,0,0.0,0.0,,0.0,normalDay
2020-06-23,531.0,38.0,0.0,0,312.05,0.0,1,1.92,1.54,SPY200702P00296000,296.0,0,0.0,0.0,,0.0,normalDay
2020-06-24,531.0,-101.0,0.0,0,304.09,0.0,1,1.92,2.93,SPY200702P00296000,296.0,0,0.0,0.0,,0.0,normalDay
2020-06-25,531.0,32.0,0.0,0,307.35,0.0,1,1.92,1.6,SPY200702P00296000,296.0,0,0.0,0.0,,0.0,normalDay
2020-06-26,531.0,-98.0,0.0,0,300.05,0.0,1,1.92,2.9,SPY200702P00296000,296.0,0,0.0,0.0,,0.0,normalDay
2020-06-29,531.0,88.0,0.0,0,304.46,0.0,1,1.92,1.04,SPY200702P00296000,296.0,0,0.0,0.0,,0.0,normalDay
2020-06-30,531.0,163.0,0.0,0,308.36,0.0,1,1.92,0.29,SPY200702P00296000,296.0,0,0.0,0.0,,0.0,normalDay
2020-07-01,531.0,186.0,0.0,0,310.52,0.0,1,1.92,0.06,SPY200702P00296000,296.0,0,0.0,0.0,,0.0,normalDay
2020-07-02,723.0,0.0,192.0,0,312.23,0.0,1,1.92,0.0,SPY200702P00296000,296.0,0,0.0,0.0,,0.0,expirationDay
2020-07-06,723.0,-3.0,0.0,0,317.05,0.0,1,1.06,1.09,SPY200717P00298000,298.0,0,0.0,0.0,,0.0,normalDay
2020-07-07,723.0,-34.0,0.0,0,313.78,0.0,1,1.06,1.4,SPY200717P00298000,298.0,0,0.0,0.0,,0.0,normalDay
2020-07-08,723.0,30.0,0.0,0,316.18,0.0,1,1.06,0.76,SPY200717P00298000,298.0,0,0.0,0.0,,0.0,normalDay
2020-07-09,723.0,18.0,0.0,0,314.38,0.0,1,1.06,0.88,SPY200717P00298000,298.0,0,0.0,0.0,,0.0,normalDay
2020-07-10,723.0,77.0,0.0,0,317.59,0.0,1,1.06,0.29,SPY200717P00298000,298.0,0,0.0,0.0,,0.0,normalDay
2020-07-13,723.0,51.0,0.0,0,314.84,0.0,1,1.06,0.55,SPY200717P00298000,298.0,0,0.0,0.0,,0.0,normalDay
2020-07-14,723.0,91.0,0.0,0,318.92,0.0,1,1.06,0.15,SPY200717P00298000,298.0,0,0.0,0.0,,0.0,normalDay
2020-07-15,723.0,103.0,0.0,0,321.85,0.0,1,1.06,0.03,SPY200717P00298000,298.0,0,0.0,0.0,,0.0,normalDay
2020-07-16,723.0,103.0,0.0,0,320.79,0.0,1,1.06,0.03,SPY200717P00298000,298.0,0,0.0,0.0,,0.0,normalDay
2020-07-17,829.0,0.0,106.0,0,321.72,0.0,1,1.06,0.0,SPY200717P00298000,298.0,0,0.0,0.0,,0.0,expirationDay
2020-07-20,829.0,-4.0,0.0,0,324.32,0.0,1,0.47,0.51,SPY200731P00300000,300.0,0,0.0,0.0,,0.0,normalDay
2020-07-21,829.0,4.0,0.0,0,325.01,0.0,1,0.47,0.43,SPY200731P00300000,300.0,0,0.0,0.0,,0.0,normalDay
2020-07-22,829.0,19.0,0.0,0,326.86,0.0,1,0.47,0.28,SPY200731P00300000,300.0,0,0.0,0.0,,0.0,normalDay
2020-07-23,829.0,5.0,0.0,0,322.96,0.0,1,0.47,0.42,SPY200731P00300000,300.0,0,0.0,0.0,,0.0,normalDay
2020-07-24,829.0,25.0,0.0,0,320.88,0.0,1,0.47,0.22,SPY200731P00300000,300.0,0,0.0,0.0,,0.0,normalDay
2020-07-27,829.0,40.0,0.0,0,323.22,0.0,1,0.47,0.07,SPY200731P00300000,300.0,0,0.0,0.0,,0.0,normalDay
2020-07-28,829.0,40.0,0.0,0,321.17,0.0,1,0.47,0.07,SPY200731P00300000,300.0,0,0.0,0.0,,0.0,normalDay
2020-07-29,829.0,44.0,0.0,0,325.12,0.0,1,0.47,0.03,SPY200731P00300000,300.0,0,0.0,0.0,,0.0,normalDay
2020-07-30,829.0,45.0,0.0,0,323.96,0.0,1,0.47,0.02,SPY200731P00300000,300.0,0,0.0,0.0,,0.0,normalDay
2020-07-31,876.0,0.0,47.0,0,326.52,0.0,1,0.47,0.0,SPY200731P00300000,300.0,0,0.0,0.0,,0.0,expirationDay
2020-08-03,876.0,-4.0,0.0,0,328.79,0.0,1,0.91,0.95,SPY200814P00313000,313.0,0,0.0,0.0,,0.0,normalDay
2020-08-04,876.0,22.0,0.0,0,330.06,0.0,1,0.91,0.69,SPY200814P00313000,313.0,0,0.0,0.0,,0.0,normalDay
2020-08-05,876.0,49.0,0.0,0,332.11,0.0,1,0.91,0.42,SPY200814P00313000,313.0,0,0.0,0.0,,0.0,normalDay
2020-08-06,876.0,59.0,0.0,0,334.33,0.0,1,0.91,0.32,SPY200814P00313000,313.0,0,0.0,0.0,,0.0,normalDay
2020-08-07,876.0,74.0,0.0,0,334.57,0.0,1,0.91,0.17,SPY200814P00313000,313.0,0,0.0,0.0,,0.0,normalDay
2020-08-10,876.0,84.0,0.0,0,335.57,0.0,1,0.91,0.07,SPY200814P00313000,313.0,0,0.0,0.0,,0.0,normalDay
2020-08-11,876.0,78.0,0.0,0,332.8,0.0,1,0.91,0.13,SPY200814P00313000,313.0,0,0.0,0.0,,0.0,normalDay
2020-08-12,876.0,88.0,0.0,0,337.44,0.0,1,0.91,0.03,SPY200814P00313000,313.0,0,0.0,0.0,,0.0,normalDay
2020-08-13,876.0,89.0,0.0,0,336.83,0.0,1,0.91,0.02,SPY200814P00313000,313.0,0,0.0,0.0,,0.0,normalDay
2020-08-14,967.0,0.0,91.0,0,336.84,0.0,1,0.91,0.0,SPY200814P00313000,313.0,0,0.0,0.0,,0.0,expirationDay
2020-08-17,967.0,-3.0,0.0,0,337.91,0.0,1,0.46,0.49,SPY200828P00318000,318.0,0,0.0,0.0,,0.0,normalDay
2020-08-18,967.0,4.0,0.0,0,338.64,0.0,1,0.46,0.42,SPY200828P00318000,318.0,0,0.0,0.0,,0.0,normalDay
2020-08-19,967.0,-4.0,0.0,0,337.23,0.0,1,0.46,0.5,SPY200828P00318000,318.0,0,0.0,0.0,,0.0,normalDay
2020-08-20,967.0,11.0,0.0,0,338.28,0.0,1,0.46,0.35,SPY200828P00318000,318.0,0,0.0,0.0,,0.0,normalDay
2020-08-21,967.0,28.0,0.0,0,339.48,0.0,1,0.46,0.18,SPY200828P00318000,318.0,0,0.0,0.0,,0.0,normalDay
2020-08-24,967.0,39.0,0.0,0,342.92,0.0,1,0.46,0.07,SPY200828P00318000,318.0,0,0.0,0.0,,0.0,normalDay
2020-08-25,967.0,42.0,0.0,0,344.12,0.0,1,0.46,0.04,SPY200828P00318000,318.0,0,0.0,0.0,,0.0,normalDay
2020-08-26,967.0,41.0,0.0,0,347.57,0.0,1,0.46,0.05,SPY200828P00318000,318.0,0,0.0,0.0,,0.0,normalDay
2020-08-27,967.0,44.0,0.0,0,348.33,0.0,1,0.46,0.02,SPY200828P00318000,318.0,0,0.0,0.0,,0.0,normalDay
2020-08-28,1013.0,0.0,46.0,0,350.58,0.0,1,0.46,0.0,SPY200828P00318000,318.0,0,0.0,0.0,,0.0,expirationDay
2020-08-31,1013.0,-3.0,0.0,0,349.31,0.0,1,0.62,0.65,SPY200911P00327000,327.0,0,0.0,0.0,,0.0,normalDay
2020-09-01,1013.0,22.0,0.0,0,352.6,0.0,1,0.62,0.4,SPY200911P00327000,327.0,0,0.0,0.0,,0.0,normalDay
2020-09-02,1013.0,35.0,0.0,0,357.7,0.0,1,0.62,0.27,SPY200911P00327000,327.0,0,0.0,0.0,,0.0,normalDay
2020-09-03,1013.0,-54.0,0.0,0,345.39,0.0,1,0.62,1.16,SPY200911P00327000,327.0,0,0.0,0.0,,0.0,normalDay
2020-09-04,1013.0,-64.0,0.0,0,342.57,0.0,1,0.62,1.26,SPY200911P00327000,327.0,0,0.0,0.0,,0.0,normalDay
2020-09-08,1013.0,-139.0,0.0,0,333.21,0.0,1,0.62,2.01,SPY200911P00327000,327.0,0,0.0,0.0,,0.0,normalDay
2020-09-09,1013.0,14.0,0.0,0,339.79,0.0,1,0.62,0.48,SPY200911P00327000,327.0,0,0.0,0.0,,0.0,normalDay
2020-09-10,1013.0,15.0,0.0,0,333.89,0.0,1,0.62,0.47,SPY200911P00327000,327.0,0,0.0,0.0,,0.0,normalDay
2020-09-11,1075.0,0.0,62.0,0,334.06,0.0,1,0.62,0.0,SPY200911P00327000,327.0,0,0.0,0.0,,0.0,expirationDay
2020-09-14,1075.0,-5.0,0.0,0,338.46,0.0,1,2.5,2.55,SPY200925P00329000,329.0,0,0.0,0.0,,0.0,normalDay
2020-09-15,1075.0,58.0,0.0,0,340.17,0.0,1,2.5,1.92,SPY200925P00329000,329.0,0,0.0,0.0,,0.0,normalDay
2020-09-16,1075.0,53.0,0.0,0,338.82,0.0,1,2.5,1.97,SPY200925P00329000,329.0,0,0.0,0.0,,0.0,normalDay
2020-09-17,1075.0,8.0,0.0,0,335.84,0.0,1,2.5,2.42,SPY200925P00329000,329.0,0,0.0,0.0,,0.0,normalDay
2020-09-18,1075.0,-81.0,0.0,0,330.65,0.0,1,2.5,3.31,SPY200925P00329000,329.0,0,0.0,0.0,,0.0,normalDay
2020-09-21,1075.0,-198.0,0.0,0,326.97,0.0,1,2.5,4.48,SPY200925P00329000,329.0,0,0.0,0.0,,0.0,normalDay
2020-09-22,1075.0,5.0,0.0,0,330.3,0.0,1,2.5,2.45,SPY200925P00329000,329.0,0,0.0,0.0,,0.0,normalDay
2020-09-23,1075.0,-425.0,0.0,0,322.64,0.0,1,2.5,6.75,SPY200925P00329000,329.0,0,0.0,0.0,,0.0,normalDay
2020-09-24,1075.0,-293.0,0.0,0,323.5,0.0,1,2.5,5.43,SPY200925P00329000,329.0,0,0.0,0.0,,0.0,normalDay
2020-09-25,1325.0,-27.0,250.0,100,328.73,329.0,1,2.5,0.0,SPY200925P00329000,329.0,0,0.0,0.0,,0.0,expirationDay
2020-09-28,1325.0,514.0,0.0,100,334.19,329.0,0,0.0,0.0,,0.0,1,1.57,1.62,SPY201009C00343000,343.0,normalDay
2020-09-29,1325.0,357.0,0.0,100,332.37,329.0,0,0.0,0.0,,0.0,1,1.57,1.37,SPY201009C00343000,343.0,normalDay
2020-09-30,1325.0,611.0,0.0,100,334.89,329.0,0,0.0,0.0,,0.0,1,1.57,1.35,SPY201009C00343000,343.0,normalDay
2020-10-01,1325.0,757.0,0.0,100,337.04,329.0,0,0.0,0.0,,0.0,1,1.57,2.04,SPY201009C00343000,343.0,normalDay
2020-10-02,1325.0,554.0,0.0,100,333.84,329.0,0,0.0,0.0,,0.0,1,1.57,0.87,SPY201009C00343000,343.0,normalDay
2020-10-05,1325.0,1071.0,0.0,100,339.76,329.0,0,0.0,0.0,,0.0,1,1.57,1.62,SPY201009C00343000,343.0,normalDay
2020-10-06,1325.0,702.0,0.0,100,334.93,329.0,0,0.0,0.0,,0.0,1,1.57,0.48,SPY201009C00343000,343.0,normalDay
2020-10-07,1325.0,1222.0,0.0,100,340.76,329.0,0,0.0,0.0,,0.0,1,1.57,1.11,SPY201009C00343000,343.0,normalDay
2020-10-08,1325.0,1471.0,0.0,100,343.78,329.0,0,0.0,0.0,,0.0,1,1.57,1.64,SPY201009C00343000,343.0,normalDay
2020-10-09,2882.0,1471.0,1557.0,0,346.85,0.0,0,0.0,0.0,,0.0,1,1.57,0.0,SPY201009C00343000,343.0,expirationDay
2020-10-12,2882.0,-4.0,0.0,0,352.43,0.0,1,0.21,0.25,SPY201023P00320000,320.0,0,0.0,0.0,,0.0,normalDay
2020-10-13,2882.0,-3.0,0.0,0,350.13,0.0,1,0.21,0.24,SPY201023P00320000,320.0,0,0.0,0.0,,0.0,normalDay
2020-10-14,2882.0,0.0,0.0,0,347.93,0.0,1,0.21,0.21,SPY201023P00320000,320.0,0,0.0,0.0,,0.0,normalDay
2020-10-15,2882.0,5.0,0.0,0,347.5,0.0,1,0.21,0.16,SPY201023P00320000,320.0,0,0.0,0.0,,0.0,normalDay
2020-10-16,2882.0,10.0,0.0,0,347.29,0.0,1,0.21,0.11,SPY201023P00320000,320.0,0,0.0,0.0,,0.0,normalDay
2020-10-19,2882.0,9.0,0.0,0,342.01,0.0,1,0.21,0.12,SPY201023P00320000,320.0,0,0.0,0.0,,0.0,normalDay
2020-10-20,2882.0,16.0,0.0,0,343.38,0.0,1,0.21,0.05,SPY201023P00320000,320.0,0,0.0,0.0,,0.0,normalDay
2020-10-21,2882.0,18.0,0.0,0,342.73,0.0,1,0.21,0.03,SPY201023P00320000,320.0,0,0.0,0.0,,0.0,normalDay
2020-10-22,2882.0,19.0,0.0,0,344.61,0.0,1,0.21,0.02,SPY201023P00320000,320.0,0,0.0,0.0,,0.0,normalDay
2020-10-23,2903.0,0.0,21.0,0,345.78,0.0,1,0.21,0.0,SPY201023P00320000,320.0,0,0.0,0.0,,0.0,expirationDay
2020-10-26,2903.0,-10.0,0.0,0,339.39,0.0,1,4.94,5.04,SPY201106P00331000,331.0,0,0.0,0.0,,0.0,normalDay
2020-10-27,2903.0,-14.0,0.0,0,338.22,0.0,1,4.94,5.08,SPY201106P00331000,331.0,0,0.0,0.0,,0.0,normalDay
2020-10-28,2903.0,-649.0,0.0,0,326.66,0.0,1,4.94,11.43,SPY201106P00331000,331.0,0,0.0,0.0,,0.0,normalDay
2020-10-29,2903.0,-330.0,0.0,0,329.98,0.0,1,4.94,8.24,SPY201106P00331000,331.0,0,0.0,0.0,,0.0,normalDay
2020-10-30,2903.0,-431.0,0.0,0,326.54,0.0,1,4.94,9.25,SPY201106P00331000,331.0,0,0.0,0.0,,0.0,normalDay
2020-11-02,2903.0,-168.0,0.0,0,330.2,0.0,1,4.94,6.62,SPY201106P00331000,331.0,0,0.0,0.0,,0.0,normalDay
2020-11-03,2903.0,52.0,0.0,0,336.03,0.0,1,4.94,4.42,SPY201106P00331000,331.0,0,0.0,0.0,,0.0,normalDay
2020-11-04,2903.0,431.0,0.0,0,343.54,0.0,1,4.94,0.63,SPY201106P00331000,331.0,0,0.0,0.0,,0.0,normalDay
2020-11-05,2903.0,489.0,0.0,0,350.24,0.0,1,4.94,0.05,SPY201106P00331000,331.0,0,0.0,0.0,,0.0,normalDay
2020-11-06,3397.0,0.0,494.0,0,350.16,0.0,1,4.94,0.0,SPY201106P00331000,331.0,0,0.0,0.0,,0.0,expirationDay
2020-11-09,3397.0,-3.0,0.0,0,354.56,0.0,1,0.59,0.62,SPY201120P00325000,325.0,0,0.0,0.0,,0.0,normalDay
2020-11-10,3397.0,12.0,0.0,0,354.04,0.0,1,0.59,0.47,SPY201120P00325000,325.0,0,0.0,0.0,,0.0,normalDay
2020-11-11,3397.0,31.0,0.0,0,356.67,0.0,1,0.59,0.28,SPY201120P00325000,325.0,0,0.0,0.0,,0.0,normalDay
2020-11-12,3397.0,16.0,0.0,0,353.21,0.0,1,0.59,0.43,SPY201120P00325000,325.0,0,0.0,0.0,,0.0,normalDay
2020-11-13,3397.0,42.0,0.0,0,358.1,0.0,1,0.59,0.17,SPY201120P00325000,325.0,0,0.0,0.0,,0.0,normalDay
2020-11-16,3397.0,54.0,0.0,0,362.57,0.0,1,0.59,0.05,SPY201120P00325000,325.0,0,0.0,0.0,,0.0,normalDay
2020-11-17,3397.0,55.0,0.0,0,360.62,0.0,1,0.59,0.04,SPY201120P00325000,325.0,0,0.0,0.0,,0.0,normalDay
2020-11-18,3397.0,55.0,0.0,0,356.28,0.0,1,0.59,0.04,SPY201120P00325000,325.0,0,0.0,0.0,,0.0,normalDay
2020-11-19,3397.0,57.0,0.0,0,357.78,0.0,1,0.59,0.02,SPY201120P00325000,325.0,0,0.0,0.0,,0.0,normalDay
2020-11-20,3456.0,0.0,59.0,0,355.33,0.0,1,0.59,0.0,SPY201120P00325000,325.0,0,0.0,0.0,,0.0,expirationDay
2020-11-23,3456.0,-4.0,0.0,0,357.46,0.0,1,0.22,0.26,SPY201204P00324000,324.0,0,0.0,0.0,,0.0,normalDay
2020-11-24,3456.0,9.0,0.0,0,363.22,0.0,1,0.22,0.13,SPY201204P00324000,324.0,0,0.0,0.0,,0.0,normalDay
2020-11-25,3456.0,13.0,0.0,0,362.66,0.0,1,0.22,0.09,SPY201204P00324000,324.0,0,0.0,0.0,,0.0,normalDay
2020-11-27,3456.0,17.0,0.0,0,363.67,0.0,1,0.22,0.05,SPY201204P00324000,324.0,0,0.0,0.0,,0.0,normalDay
2020-11-30,3456.0,18.0,0.0,0,362.06,0.0,1,0.22,0.04,SPY201204P00324000,324.0,0,0.0,0.0,,0.0,normalDay
2020-12-01,3456.0,19.0,0.0,0,366.02,0.0,1,0.22,0.03,SPY201204P00324000,324.0,0,0.0,0.0,,0.0,normalDay
2020-12-02,3456.0,20.0,0.0,0,366.79,0.0,1,0.22,0.02,SPY201204P00324000,324.0,0,0.0,0.0,,0.0,normalDay
2020-12-03,3456.0,21.0,0.0,0,366.69,0.0,1,0.22,0.01,SPY201204P00324000,324.0,0,0.0,0.0,,0.0,normalDay
2020-12-04,3478.0,0.0,22.0,0,369.85,0.0,1,0.22,0.0,SPY201204P00324000,324.0,0,0.0,0.0,,0.0,expirationDay
2020-12-07,3478.0,-3.0,0.0,0,369.09,0.0,1,0.84,0.87,SPY201218P00350000,350.0,0,0.0,0.0,,0.0,normalDay
2020-12-08,3478.0,25.0,0.0,0,370.17,0.0,1,0.84,0.59,SPY201218P00350000,350.0,0,0.0,0.0,,0.0,normalDay
2020-12-09,3478.0,-4.0,0.0,0,366.85,0.0,1,0.84,0.88,SPY201218P00350000,350.0,0,0.0,0.0,,0.0,normalDay
2020-12-10,3478.0,12.0,0.0,0,366.73,0.0,1,0.84,0.72,SPY201218P00350000,350.0,0,0.0,0.0,,0.0,normalDay
2020-12-11,3478.0,14.0,0.0,0,366.3,0.0,1,0.84,0.7,SPY201218P00350000,350.0,0,0.0,0.0,,0.0,normalDay
2020-12-14,3478.0,19.0,0.0,0,364.66,0.0,1,0.84,0.65,SPY201218P00350000,350.0,0,0.0,0.0,,0.0,normalDay
2020-12-15,3478.0,58.0,0.0,0,369.59,0.0,1,0.84,0.26,SPY201218P00350000,350.0,0,0.0,0.0,,0.0,normalDay
2020-12-16,3478.0,72.0,0.0,0,370.17,0.0,1,0.84,0.12,SPY201218P00350000,350.0,0,0.0,0.0,,0.0,normalDay
2020-12-17,3478.0,76.0,0.0,0,372.24,0.0,1,0.84,0.08,SPY201218P00350000,350.0,0,0.0,0.0,,0.0,normalDay
2020-12-18,3562.0,0.0,84.0,0,369.18,0.0,1,0.84,0.0,SPY201218P00350000,350.0,0,0.0,0.0,,0.0,expirationDay
2020-12-21,3562.0,-5.0,0.0,0,367.86,0.0,1,2.2,2.25,SPY201231P00360000,360.0,0,0.0,0.0,,0.0,normalDay
2020-12-22,3562.0,26.0,0.0,0,367.24,0.0,1,2.2,1.94,SPY201231P00360000,360.0,0,0.0,0.0,,0.0,normalDay
2020-12-23,3562.0,80.0,0.0,0,367.57,0.0,1,2.2,1.4,SPY201231P00360000,360.0,0,0.0,0.0,,0.0,normalDay
2020-12-24,3562.0,149.0,0.0,0,369.0,0.0,1,2.2,0.71,SPY201231P00360000,360.0,0,0.0,0.0,,0.0,normalDay
2020-12-28,3562.0,205.0,0.0,0,372.17,0.0,1,2.2,0.15,SPY201231P00360000,360.0,0,0.0,0.0,,0.0,normalDay
2020-12-29,3562.0,206.0,0.0,0,371.46,0.0,1,2.2,0.14,SPY201231P00360000,360.0,0,0.0,0.0,,0.0,normalDay
2020-12-30,3562.0,213.0,0.0,0,371.99,0.0,1,2.2,0.07,SPY201231P00360000,360.0,0,0.0,0.0,,0.0,normalDay
2020-12-31,3782.0,0.0,220.0,0,373.88,0.0,1,2.2,0.0,SPY201231P00360000,360.0,0,0.0,0.0,,0.0,expirationDay
2021-01-04,3782.0,-3.0,0.0,0,368.79,0.0,1,4.2,4.23,SPY210115P00365000,365.0,0,0.0,0.0,,0.0,normalDay
2021-01-05,3782.0,112.0,0.0,0,371.33,0.0,1,4.2,3.08,SPY210115P00365000,365.0,0,0.0,0.0,,0.0,normalDay
2021-01-06,3782.0,173.0,0.0,0,373.55,0.0,1,4.2,2.47,SPY210115P00365000,365.0,0,0.0,0.0,,0.0,normalDay
2021-01-07,3782.0,336.0,0.0,0,379.1,0.0,1,4.2,0.84,SPY210115P00365000,365.0,0,0.0,0.0,,0.0,normalDay
2021-01-08,3782.0,370.0,0.0,0,381.26,0.0,1,4.2,0.5,SPY210115P00365000,365.0,0,0.0,0.0,,0.0,normalDay
2021-01-11,3782.0,369.0,0.0,0,378.69,0.0,1,4.2,0.51,SPY210115P00365000,365.0,0,0.0,0.0,,0.0,normalDay
2021-01-12,3782.0,392.0,0.0,0,378.77,0.0,1,4.2,0.28,SPY210115P00365000,365.0,0,0.0,0.0,,0.0,normalDay
2021-01-13,3782.0,408.0,0.0,0,379.79,0.0,1,4.2,0.12,SPY210115P00365000,365.0,0,0.0,0.0,,0.0,normalDay
2021-01-14,3782.0,412.0,0.0,0,378.46,0.0,1,4.2,0.08,SPY210115P00365000,365.0,0,0.0,0.0,,0.0,normalDay
2021-01-15,4202.0,0.0,420.0,0,375.7,0.0,1,4.2,0.0,SPY210115P00365000,365.0,0,0.0,0.0,,0.0,expirationDay
2021-01-19,4202.0,-4.0,0.0,0,378.65,0.0,1,1.39,1.43,SPY210129P00364000,364.0,0,0.0,0.0,,0.0,normalDay
2021-01-20,4202.0,77.0,0.0,0,383.89,0.0,1,1.39,0.62,SPY210129P00364000,364.0,0,0.0,0.0,,0.0,normalDay
2021-01-21,4202.0,95.0,0.0,0,384.24,0.0,1,1.39,0.44,SPY210129P00364000,364.0,0,0.0,0.0,,0.0,normalDay
2021-01-22,4202.0,104.0,0.0,0,382.88,0.0,1,1.39,0.35,SPY210129P00364000,364.0,0,0.0,0.0,,0.0,normalDay
2021-01-25,4202.0,120.0,0.0,0,384.39,0.0,1,1.39,0.19,SPY210129P00364000,364.0,0,0.0,0.0,,0.0,normalDay
2021-01-26,4202.0,127.0,0.0,0,383.79,0.0,1,1.39,0.12,SPY210129P00364000,364.0,0,0.0,0.0,,0.0,normalDay
2021-01-27,4202.0,3.0,0.0,0,374.41,0.0,1,1.39,1.36,SPY210129P00364000,364.0,0,0.0,0.0,,0.0,normalDay
2021-01-28,4202.0,126.0,0.0,0,377.63,0.0,1,1.39,0.13,SPY210129P00364000,364.0,0,0.0,0.0,,0.0,normalDay
2021-01-29,4341.0,0.0,139.0,0,370.07,0.0,1,1.39,0.0,SPY210129P00364000,364.0,0,0.0,0.0,,0.0,expirationDay
2021-02-01,4341.0,-6.0,0.0,0,376.23,0.0,1,4.22,4.28,SPY210212P00369000,369.0,0,0.0,0.0,,0.0,normalDay
2021-02-02,4341.0,247.0,0.0,0,381.55,0.0,1,4.22,1.75,SPY210212P00369000,369.0,0,0.0,0.0,,0.0,normalDay
2021-02-03,4341.0,307.0,0.0,0,381.85,0.0,1,4.22,1.15,SPY210212P00369000,369.0,0,0.0,0.0,,0.0,normalDay
2021-02-04,4341.0,367.0,0.0,0,386.19,0.0,1,4.22,0.55,SPY210212P00369000,369.0,0,0.0,0.0,,0.0,normalDay
2021-02-05,4341.0,399.0,0.0,0,387.71,0.0,1,4.22,0.23,SPY210212P00369000,369.0,0,0.0,0.0,,0.0,normalDay
2021-02-08,4341.0,413.0,0.0,0,390.51,0.0,1,4.22,0.09,SPY210212P00369000,369.0,0,0.0,0.0,,0.0,normalDay
2021-02-09,4341.0,415.0,0.0,0,390.25,0.0,1,4.22,0.07,SPY210212P00369000,369.0,0,0.0,0.0,,0.0,normalDay
2021-02-10,4341.0,416.0,0.0,0,390.08,0.0,1,4.22,0.06,SPY210212P00369000,369.0,0,0.0,0.0,,0.0,normalDay
2021-02-11,4341.0,420.0,0.0,0,390.71,0.0,1,4.22,0.02,SPY210212P00369000,369.0,0,0.0,0.0,,0.0,normalDay
2021-02-12,4763.0,0.0,422.0,0,392.64,0.0,1,4.22,0.0,SPY210212P00369000,369.0,0,0.0,0.0,,0.0,expirationDay
2021-02-16,4763.0,-4.0,0.0,0,392.3,0.0,1,0.66,0.7,SPY210226P00371000,371.0,0,0.0,0.0,,0.0,normalDay
2021-02-17,4763.0,14.0,0.0,0,392.39,0.0,1,0.66,0.52,SPY210226P00371000,371.0,0,0.0,0.0,,0.0,normalDay
2021-02-18,4763.0,9.0,0.0,0,390.72,0.0,1,0.66,0.57,SPY210226P00371000,371.0,0,0.0,0.0,,0.0,normalDay
2021-02-19,4763.0,34.0,0.0,0,390.03,0.0,1,0.66,0.32,SPY210226P00371000,371.0,0,0.0,0.0,,0.0,normalDay
2021-02-22,4763.0,34.0,0.0,0,387.03,0.0,1,0.66,0.32,SPY210226P00371000,371.0,0,0.0,0.0,,0.0,normalDay
2021-02-23,4763.0,45.0,0.0,0,387.5,0.0,1,0.66,0.21,SPY210226P00371000,371.0,0,0.0,0.0,,0.0,normalDay
2021-02-24,4763.0,62.0,0.0,0,391.77,0.0,1,0.66,0.04,SPY210226P00371000,371.0,0,0.0,0.0,,0.0,normalDay
2021-02-25,4763.0,41.0,0.0,0,382.33,0.0,1,0.66,0.25,SPY210226P00371000,371.0,0,0.0,0.0,,0.0,normalDay
2021-02-26,4829.0,0.0,66.0,0,380.36,0.0,1,0.66,0.0,SPY210226P00371000,371.0,0,0.0,0.0,,0.0,expirationDay
2021-03-01,4829.0,-5.0,0.0,0,389.58,0.0,1,2.12,2.17,SPY210312P00378000,378.0,0,0.0,0.0,,0.0,normalDay
2021-03-02,4829.0,-64.0,0.0,0,386.54,0.0,1,2.12,2.76,SPY210312P00378000,378.0,0,0.0,0.0,,0.0,normalDay
2021-03-03,4829.0,-223.0,0.0,0,381.42,0.0,1,2.12,4.35,SPY210312P00378000,378.0,0,0.0,0.0,,0.0,normalDay
2021-03-04,4829.0,-421.0,0.0,0,376.7,0.0,1,2.12,6.33,SPY210312P00378000,378.0,0,0.0,0.0,,0.0,normalDay
2021-03-05,4829.0,-66.0,0.0,0,383.63,0.0,1,2.12,2.78,SPY210312P00378000,378.0,0,0.0,0.0,,0.0,normalDay
2021-03-08,4829.0,-64.0,0.0,0,381.72,0.0,1,2.12,2.76,SPY210312P00378000,378.0,0,0.0,0.0,,0.0,normalDay
2021-03-09,4829.0,120.0,0.0,0,387.17,0.0,1,2.12,0.92,SPY210312P00378000,378.0,0,0.0,0.0,,0.0,normalDay
2021-03-10,4829.0,193.0,0.0,0,389.58,0.0,1,2.12,0.19,SPY210312P00378000,378.0,0,0.0,0.0,,0.0,normalDay
2021-03-11,4829.0,208.0,0.0,0,393.53,0.0,1,2.12,0.04,SPY210312P00378000,378.0,0,0.0,0.0,,0.0,normalDay
2021-03-12,5041.0,0.0,212.0,0,394.06,0.0,1,2.12,0.0,SPY210312P00378000,378.0,0,0.0,0.0,,0.0,expirationDay
2021-03-15,5041.0,-3.0,0.0,0,396.41,0.0,1,0.8,0.83,SPY210326P00377000,377.0,0,0.0,0.0,,0.0,normalDay
2021-03-16,5041.0,-1.0,0.0,0,395.91,0.0,1,0.8,0.81,SPY210326P00377000,377.0,0,0.0,0.0,,0.0,normalDay
2021-03-17,5041.0,29.0,0.0,0,397.26,0.0,1,0.8,0.51,SPY210326P00377000,377.0,0,0.0,0.0,,0.0,normalDay
2021-03-18,5041.0,-23.0,0.0,0,391.48,0.0,1,0.8,1.03,SPY210326P00377000,377.0,0,0.0,0.0,,0.0,normalDay
2021-03-19,5041.0,1.0,0.0,0,389.48,0.0,1,0.8,0.79,SPY210326P00377000,377.0,0,0.0,0.0,,0.0,normalDay
2021-03-22,5041.0,64.0,0.0,0,392.59,0.0,1,0.8,0.16,SPY210326P00377000,377.0,0,0.0,0.0,,0.0,normalDay
2021-03-23,5041.0,55.0,0.0,0,389.5,0.0,1,0.8,0.25,SPY210326P00377000,377.0,0,0.0,0.0,,0.0,normalDay
2021-03-24,5041.0,59.0,0.0,0,387.52,0.0,1,0.8,0.21,SPY210326P00377000,377.0,0,0.0,0.0,,0.0,normalDay
2021-03-25,5041.0,76.0,0.0,0,389.7,0.0,1,0.8,0.04,SPY210326P00377000,377.0,0,0.0,0.0,,0.0,normalDay
2021-03-26,5121.0,0.0,80.0,0,395.98,0.0,1,0.8,0.0,SPY210326P00377000,377.0,0,0.0,0.0,,0.0,expirationDay
2021-03-29,5121.0,-4.0,0.0,0,395.78,0.0,1,0.97,1.01,SPY210409P00378000,378.0,0,0.0,0.0,,0.0,normalDay
2021-03-30,5121.0,14.0,0.0,0,394.73,0.0,1,0.97,0.83,SPY210409P00378000,378.0,0,0.0,0.0,,0.0,normalDay
2021-03-31,5121.0,52.0,0.0,0,396.33,0.0,1,0.97,0.45,SPY210409P00378000,378.0,0,0.0,0.0,,0.0,normalDay
2021-04-01,5121.0,87.0,0.0,0,400.61,0.0,1,0.97,0.1,SPY210409P00378000,378.0,0,0.0,0.0,,0.0,normalDay
2021-04-05,5121.0,91.0,0.0,0,406.36,0.0,1,0.97,0.06,SPY210409P00378000,378.0,0,0.0,0.0,,0.0,normalDay
2021-04-06,5121.0,92.0,0.0,0,406.12,0.0,1,0.97,0.05,SPY210409P00378000,378.0,0,0.0,0.0,,0.0,normalDay
2021-04-07,5121.0,95.0,0.0,0,406.59,0.0,1,0.97,0.02,SPY210409P00378000,378.0,0,0.0,0.0,,0.0,normalDay
2021-04-08,5121.0,96.0,0.0,0,408.52,0.0,1,0.97,0.01,SPY210409P00378000,378.0,0,0.0,0.0,,0.0,normalDay
2021-04-09,5218.0,0.0,97.0,0,411.49,0.0,1,0.97,0.0,SPY210409P00378000,378.0,0,0.0,0.0,,0.0,expirationDay
2021-04-12,5218.0,-3.0,0.0,0,411.64,0.0,1,0.16,0.19,SPY210423P00383000,383.0,0,0.0,0.0,,0.0,normalDay
2021-04-13,5218.0,2.0,0.0,0,412.86,0.0,1,0.16,0.14,SPY210423P00383000,383.0,0,0.0,0.0,,0.0,normalDay
2021-04-14,5218.0,1.0,0.0,0,411.45,0.0,1,0.16,0.15,SPY210423P00383000,383.0,0,0.0,0.0,,0.0,normalDay
2021-04-15,5218.0,5.0,0.0,0,415.87,0.0,1,0.16,0.11,SPY210423P00383000,383.0,0,0.0,0.0,,0.0,normalDay
2021-04-16,5218.0,12.0,0.0,0,417.26,0.0,1,0.16,0.04,SPY210423P00383000,383.0,0,0.0,0.0,,0.0,normalDay
2021-04-19,5218.0,14.0,0.0,0,415.21,0.0,1,0.16,0.02,SPY210423P00383000,383.0,0,0.0,0.0,,0.0,normalDay
2021-04-20,5218.0,13.0,0.0,0,412.17,0.0,1,0.16,0.03,SPY210423P00383000,383.0,0,0.0,0.0,,0.0,normalDay
2021-04-21,5218.0,14.0,0.0,0,416.07,0.0,1,0.16,0.02,SPY210423P00383000,383.0,0,0.0,0.0,,0.0,normalDay
2021-04-22,5218.0,15.0,0.0,0,412.27,0.0,1,0.16,0.01,SPY210423P00383000,383.0,0,0.0,0.0,,0.0,normalDay
2021-04-23,5234.0,0.0,16.0,0,416.74,0.0,1,0.16,0.0,SPY210423P00383000,383.0,0,0.0,0.0,,0.0,expirationDay
2021-04-26,5234.0,-3.0,0.0,0,417.61,0.0,1,0.36,0.39,SPY210507P00395000,395.0,0,0.0,0.0,,0.0,normalDay
2021-04-27,5234.0,3.0,0.0,0,417.52,0.0,1,0.36,0.33,SPY210507P00395000,395.0,0,0.0,0.0,,0.0,normalDay
2021-04-28,5234.0,16.0,0.0,0,417.4,0.0,1,0.36,0.2,SPY210507P00395000,395.0,0,0.0,0.0,,0.0,normalDay
2021-04-29,5234.0,21.0,0.0,0,420.06,0.0,1,0.36,0.15,SPY210507P00395000,395.0,0,0.0,0.0,,0.0,normalDay
2021-04-30,5234.0,18.0,0.0,0,417.3,0.0,1,0.36,0.18,SPY210507P00395000,395.0,0,0.0,0.0,,0.0,normalDay
2021-05-03,5234.0,26.0,0.0,0,418.2,0.0,1,0.36,0.1,SPY210507P00395000,395.0,0,0.0,0.0,,0.0,normalDay
2021-05-04,5234.0,26.0,0.0,0,415.62,0.0,1,0.36,0.1,SPY210507P00395000,395.0,0,0.0,0.0,,0.0,normalDay
2021-05-05,5234.0,28.0,0.0,0,415.75,0.0,1,0.36,0.08,SPY210507P00395000,395.0,0,0.0,0.0,,0.0,normalDay
2021-05-06,5234.0,33.0,0.0,0,419.07,0.0,1,0.36,0.03,SPY210507P00395000,395.0,0,0.0,0.0,,0.0,normalDay
2021-05-07,5270.0,0.0,36.0,0,422.12,0.0,1,0.36,0.0,SPY210507P00395000,395.0,0,0.0,0.0,,0.0,expirationDay
2021-05-10,5270.0,-4.0,0.0,0,417.94,0.0,1,2.61,2.65,SPY210521P00411000,411.0,0,0.0,0.0,,0.0,normalDay
2021-05-11,5270.0,-127.0,0.0,0,414.21,0.0,1,2.61,3.88,SPY210521P00411000,411.0,0,0.0,0.0,,0.0,normalDay
2021-05-12,5270.0,-623.0,0.0,0,405.41,0.0,1,2.61,8.84,SPY210521P00411000,411.0,0,0.0,0.0,,0.0,normalDay
2021-05-13,5270.0,-264.0,0.0,0,410.28,0.0,1,2.61,5.25,SPY210521P00411000,411.0,0,0.0,0.0,,0.0,normalDay
2021-05-14,5270.0,94.0,0.0,0,416.58,0.0,1,2.61,1.67,SPY210521P00411000,411.0,0,0.0,0.0,,0.0,normalDay
2021-05-17,5270.0,109.0,0.0,0,415.52,0.0,1,2.61,1.52,SPY210521P00411000,411.0,0,0.0,0.0,,0.0,normalDay
2021-05-18,5270.0,14.0,0.0,0,411.94,0.0,1,2.61,2.47,SPY210521P00411000,411.0,0,0.0,0.0,,0.0,normalDay
2021-05-19,5270.0,13.0,0.0,0,410.86,0.0,1,2.61,2.48,SPY210521P00411000,411.0,0,0.0,0.0,,0.0,normalDay
2021-05-20,5270.0,226.0,0.0,0,415.28,0.0,1,2.61,0.35,SPY210521P00411000,411.0,0,0.0,0.0,,0.0,normalDay
2021-05-21,5531.0,0.0,261.0,0,414.94,0.0,1,2.61,0.0,SPY210521P00411000,411.0,0,0.0,0.0,,0.0,expirationDay
2021-05-24,5531.0,-3.0,0.0,0,419.17,0.0,1,1.11,1.14,SPY210604P00408000,408.0,0,0.0,0.0,,0.0,normalDay
2021-05-25,5531.0,-16.0,0.0,0,418.24,0.0,1,1.11,1.27,SPY210604P00408000,408.0,0,0.0,0.0,,0.0,normalDay
2021-05-26,5531.0,31.0,0.0,0,419.07,0.0,1,1.11,0.8,SPY210604P00408000,408.0,0,0.0,0.0,,0.0,normalDay
2021-05-27,5531.0,62.0,0.0,0,419.29,0.0,1,1.11,0.49,SPY210604P00408000,408.0,0,0.0,0.0,,0.0,normalDay
2021-05-28,5531.0,78.0,0.0,0,420.04,0.0,1,1.11,0.33,SPY210604P00408000,408.0,0,0.0,0.0,,0.0,normalDay
2021-06-01,5531.0,96.0,0.0,0,419.67,0.0,1,1.11,0.15,SPY210604P00408000,408.0,0,0.0,0.0,,0.0,normalDay
2021-06-02,5531.0,106.0,0.0,0,420.33,0.0,1,1.11,0.05,SPY210604P00408000,408.0,0,0.0,0.0,,0.0,normalDay
2021-06-03,5531.0,106.0,0.0,0,418.77,0.0,1,1.11,0.05,SPY210604P00408000,408.0,0,0.0,0.0,,0.0,normalDay
2021-06-04,5642.0,0.0,111.0,0,422.6,0.0,1,1.11,0.0,SPY210604P00408000,408.0,0,0.0,0.0,,0.0,expirationDay
2021-06-07,5642.0,-3.0,0.0,0,422.19,0.0,1,0.83,0.86,SPY210618P00408000,408.0,0,0.0,0.0,,0.0,normalDay
2021-06-08,5642.0,-14.0,0.0,0,422.28,0.0,1,0.83,0.97,SPY210618P00408000,408.0,0,0.0,0.0,,0.0,normalDay
2021-06-09,5642.0,-29.0,0.0,0,421.65,0.0,1,0.83,1.12,SPY210618P00408000,408.0,0,0.0,0.0,,0.0,normalDay
2021-06-10,5642.0,31.0,0.0,0,423.61,0.0,1,0.83,0.52,SPY210618P00408000,408.0,0,0.0,0.0,,0.0,normalDay
2021-06-11,5642.0,45.0,0.0,0,424.31,0.0,1,0.83,0.38,SPY210618P00408000,408.0,0,0.0,0.0,,0.0,normalDay
2021-06-14,5642.0,60.0,0.0,0,425.26,0.0,1,0.83,0.23,SPY210618P00408000,408.0,0,0.0,0.0,,0.0,normalDay
2021-06-15,5642.0,54.0,0.0,0,424.48,0.0,1,0.83,0.29,SPY210618P00408000,408.0,0,0.0,0.0,,0.0,normalDay
2021-06-16,5642.0,44.0,0.0,0,422.11,0.0,1,0.83,0.39,SPY210618P00408000,408.0,0,0.0,0.0,,0.0,normalDay
2021-06-17,5642.0,69.0,0.0,0,421.97,0.0,1,0.83,0.14,SPY210618P00408000,408.0,0,0.0,0.0,,0.0,normalDay
2021-06-18,5725.0,0.0,83.0,0,414.92,0.0,1,0.83,0.0,SPY210618P00408000,408.0,0,0.0,0.0,,0.0,expirationDay
2021-06-21,5725.0,-4.0,0.0,0,420.86,0.0,1,2.18,2.22,SPY210702P00416000,416.0,0,0.0,0.0,,0.0,normalDay
2021-06-22,5725.0,78.0,0.0,0,423.11,0.0,1,2.18,1.4,SPY210702P00416000,416.0,0,0.0,0.0,,0.0,normalDay
2021-06-23,5725.0,101.0,0.0,0,422.6,0.0,1,2.18,1.17,SPY210702P00416000,416.0,0,0.0,0.0,,0.0,normalDay
2021-06-24,5725.0,151.0,0.0,0,425.1,0.0,1,2.18,0.67,SPY210702P00416000,416.0,0,0.0,0.0,,0.0,normalDay
2021-06-25,5725.0,179.0,0.0,0,426.61,0.0,1,2.18,0.39,SPY210702P00416000,416.0,0,0.0,0.0,,0.0,normalDay
2021-06-28,5725.0,201.0,0.0,0,427.47,0.0,1,2.18,0.17,SPY210702P00416000,416.0,0,0.0,0.0,,0.0,normalDay
2021-06-29,5725.0,207.0,0.0,0,427.7,0.0,1,2.18,0.11,SPY210702P00416000,416.0,0,0.0,0.0,,0.0,normalDay
2021-06-30,5725.0,212.0,0.0,0,428.06,0.0,1,2.18,0.06,SPY210702P00416000,416.0,0,0.0,0.0,,0.0,normalDay
2021-07-01,5725.0,215.0,0.0,0,430.43,0.0,1,2.18,0.03,SPY210702P00416000,416.0,0,0.0,0.0,,0.0,normalDay
2021-07-02,5943.0,0.0,218.0,0,433.72,0.0,1,2.18,0.0,SPY210702P00416000,416.0,0,0.0,0.0,,0.0,expirationDay
2021-07-06,5943.0,-3.0,0.0,0,432.93,0.0,1,0.6,0.63,SPY210716P00416000,416.0,0,0.0,0.0,,0.0,normalDay
2021-07-07,5943.0,17.0,0.0,0,434.46,0.0,1,0.6,0.43,SPY210716P00416000,416.0,0,0.0,0.0,,0.0,normalDay
2021-07-08,5943.0,-38.0,0.0,0,430.92,0.0,1,0.6,0.98,SPY210716P00416000,416.0,0,0.0,0.0,,0.0,normalDay
2021-07-09,5943.0,33.0,0.0,0,435.52,0.0,1,0.6,0.27,SPY210716P00416000,416.0,0,0.0,0.0,,0.0,normalDay
2021-07-12,5943.0,49.0,0.0,0,437.08,0.0,1,0.6,0.11,SPY210716P00416000,416.0,0,0.0,0.0,,0.0,normalDay
2021-07-13,5943.0,47.0,0.0,0,435.59,0.0,1,0.6,0.13,SPY210716P00416000,416.0,0,0.0,0.0,,0.0,normalDay
2021-07-14,5943.0,55.0,0.0,0,436.24,0.0,1,0.6,0.05,SPY210716P00416000,416.0,0,0.0,0.0,,0.0,normalDay
2021-07-15,5943.0,57.0,0.0,0,434.75,0.0,1,0.6,0.03,SPY210716P00416000,416.0,0,0.0,0.0,,0.0,normalDay
2021-07-16,6003.0,0.0,60.0,0,431.34,0.0,1,0.6,0.0,SPY210716P00416000,416.0,0,0.0,0.0,,0.0,expirationDay
2021-07-19,6003.0,-5.0,0.0,0,424.97,0.0,1,3.88,3.93,SPY210730P00420000,420.0,0,0.0,0.0,,0.0,normalDay
2021-07-20,6003.0,207.0,0.0,0,431.06,0.0,1,3.88,1.81,SPY210730P00420000,420.0,0,0.0,0.0,,0.0,normalDay
2021-07-21,6003.0,314.0,0.0,0,434.55,0.0,1,3.88,0.74,SPY210730P00420000,420.0,0,0.0,0.0,,0.0,normalDay
2021-07-22,6003.0,338.0,0.0,0,435.46,0.0,1,3.88,0.5,SPY210730P00420000,420.0,0,0.0,0.0,,0.0,normalDay
2021-07-23,6003.0,371.0,0.0,0,439.94,0.0,1,3.88,0.17,SPY210730P00420000,420.0,0,0.0,0.0,,0.0,normalDay
2021-07-26,6003.0,381.0,0.0,0,441.02,0.0,1,3.88,0.07,SPY210730P00420000,420.0,0,0.0,0.0,,0.0,normalDay
2021-07-27,6003.0,374.0,0.0,0,439.01,0.0,1,3.88,0.14,SPY210730P00420000,420.0,0,0.0,0.0,,0.0,normalDay
2021-07-28,6003.0,383.0,0.0,0,438.83,0.0,1,3.88,0.05,SPY210730P00420000,420.0,0,0.0,0.0,,0.0,normalDay
2021-07-29,6003.0,386.0,0.0,0,440.65,0.0,1,3.88,0.02,SPY210730P00420000,420.0,0,0.0,0.0,,0.0,normalDay
2021-07-30,6391.0,0.0,388.0,0,438.51,0.0,1,3.88,0.0,SPY210730P00420000,420.0,0,0.0,0.0,,0.0,expirationDay
2021-08-02,6391.0,-4.0,0.0,0,437.59,0.0,1,1.67,1.71,SPY210813P00427500,427.5,0,0.0,0.0,,0.0,normalDay
2021-08-03,6391.0,86.0,0.0,0,441.15,0.0,1,1.67,0.81,SPY210813P00427500,427.5,0,0.0,0.0,,0.0,normalDay
2021-08-04,6391.0,83.0,0.0,0,438.98,0.0,1,1.67,0.84,SPY210813P00427500,427.5,0,0.0,0.0,,0.0,normalDay
2021-08-05,6391.0,118.0,0.0,0,441.76,0.0,1,1.67,0.49,SPY210813P00427500,427.5,0,0.0,0.0,,0.0,normalDay
2021-08-06,6391.0,150.0,0.0,0,442.49,0.0,1,1.67,0.17,SPY210813P00427500,427.5,0,0.0,0.0,,0.0,normalDay
2021-08-09,6391.0,155.0,0.0,0,442.13,0.0,1,1.67,0.12,SPY210813P00427500,427.5,0,0.0,0.0,,0.0,normalDay
2021-08-10,6391.0,156.0,0.0,0,442.68,0.0,1,1.67,0.11,SPY210813P00427500,427.5,0,0.0,0.0,,0.0,normalDay
2021-08-11,6391.0,162.0,0.0,0,443.78,0.0,1,1.67,0.05,SPY210813P00427500,427.5,0,0.0,0.0,,0.0,normalDay
2021-08-12,6391.0,163.0,0.0,0,445.11,0.0,1,1.67,0.04,SPY210813P00427500,427.5,0,0.0,0.0,,0.0,normalDay
2021-08-13,6558.0,0.0,167.0,0,445.92,0.0,1,1.67,0.0,SPY210813P00427500,427.5,0,0.0,0.0,,0.0,expirationDay
2021-08-16,6558.0,-3.0,0.0,0,446.97,0.0,1,0.75,0.78,SPY210827P00433000,433.0,0,0.0,0.0,,0.0,normalDay
2021-08-17,6558.0,-72.0,0.0,0,444.04,0.0,1,0.75,1.47,SPY210827P00433000,433.0,0,0.0,0.0,,0.0,normalDay
2021-08-18,6558.0,-228.0,0.0,0,439.18,0.0,1,0.75,3.03,SPY210827P00433000,433.0,0,0.0,0.0,,0.0,normalDay
2021-08-19,6558.0,-173.0,0.0,0,439.86,0.0,1,0.75,2.48,SPY210827P00433000,433.0,0,0.0,0.0,,0.0,normalDay
2021-08-20,6558.0,-7.0,0.0,0,443.36,0.0,1,0.75,0.82,SPY210827P00433000,433.0,0,0.0,0.0,,0.0,normalDay
2021-08-23,6558.0,59.0,0.0,0,447.26,0.0,1,0.75,0.16,SPY210827P00433000,433.0,0,0.0,0.0,,0.0,normalDay
2021-08-24,6558.0,64.0,0.0,0,447.97,0.0,1,0.75,0.11,SPY210827P00433000,433.0,0,0.0,0.0,,0.0,normalDay
2021-08-25,6558.0,69.0,0.0,0,448.91,0.0,1,0.75,0.06,SPY210827P00433000,433.0,0,0.0,0.0,,0.0,normalDay
2021-08-26,6558.0,68.0,0.0,0,446.26,0.0,1,0.75,0.07,SPY210827P00433000,433.0,0,0.0,0.0,,0.0,normalDay
2021-08-27,6633.0,0.0,75.0,0,450.25,0.0,1,0.75,0.0,SPY210827P00433000,433.0,0,0.0,0.0,,0.0,expirationDay
2021-08-30,6633.0,-3.0,0.0,0,452.23,0.0,1,0.54,0.57,SPY210910P00437000,437.0,0,0.0,0.0,,0.0,normalDay
2021-08-31,6633.0,-5.0,0.0,0,451.56,0.0,1,0.54,0.59,SPY210910P00437000,437.0,0,0.0,0.0,,0.0,normalDay
2021-09-01,6633.0,12.0,0.0,0,451.8,0.0,1,0.54,0.42,SPY210910P00437000,437.0,0,0.0,0.0,,0.0,normalDay
2021-09-02,6633.0,15.0,0.0,0,453.19,0.0,1,0.54,0.39,SPY210910P00437000,437.0,0,0.0,0.0,,0.0,normalDay
2021-09-03,6633.0,32.0,0.0,0,453.08,0.0,1,0.54,0.22,SPY210910P00437000,437.0,0,0.0,0.0,,0.0,normalDay
2021-09-07,6633.0,39.0,0.0,0,451.46,0.0,1,0.54,0.15,SPY210910P00437000,437.0,0,0.0,0.0,,0.0,normalDay
2021-09-08,6633.0,46.0,0.0,0,450.91,0.0,1,0.54,0.08,SPY210910P00437000,437.0,0,0.0,0.0,,0.0,normalDay
2021-09-09,6633.0,49.0,0.0,0,448.98,0.0,1,0.54,0.05,SPY210910P00437000,437.0,0,0.0,0.0,,0.0,normalDay
2021-09-10,6687.0,0.0,54.0,0,445.44,0.0,1,0.54,0.0,SPY210910P00437000,437.0,0,0.0,0.0,,0.0,expirationDay
2021-09-13,6687.0,-4.0,0.0,0,446.58,0.0,1,2.97,3.01,SPY210924P00440000,440.0,0,0.0,0.0,,0.0,normalDay
2021-09-14,6687.0,-54.0,0.0,0,444.17,0.0,1,2.97,3.51,SPY210924P00440000,440.0,0,0.0,0.0,,0.0,normalDay
2021-09-15,6687.0,115.0,0.0,0,447.88,0.0,1,2.97,1.82,SPY210924P00440000,440.0,0,0.0,0.0,,0.0,normalDay
2021-09-16,6687.0,107.0,0.0,0,447.17,0.0,1,2.97,1.9,SPY210924P00440000,440.0,0,0.0,0.0,,0.0,normalDay
2021-09-17,6687.0,-57.0,0.0,0,441.4,0.0,1,2.97,3.54,SPY210924P00440000,440.0,0,0.0,0.0,,0.0,normalDay
2021-09-20,6687.0,-465.0,0.0,0,434.04,0.0,1,2.97,7.62,SPY210924P00440000,440.0,0,0.0,0.0,,0.0,normalDay
2021-09-21,6687.0,-451.0,0.0,0,433.63,0.0,1,2.97,7.48,SPY210924P00440000,440.0,0,0.0,0.0,,0.0,normalDay
2021-09-22,6687.0,-46.0,0.0,0,437.86,0.0,1,2.97,3.43,SPY210924P00440000,440.0,0,0.0,0.0,,0.0,normalDay
2021-09-23,6687.0,252.0,0.0,0,443.18,0.0,1,2.97,0.45,SPY210924P00440000,440.0,0,0.0,0.0,,0.0,normalDay
2021-09-24,6984.0,0.0,297.0,0,443.91,0.0,1,2.97,0.0,SPY210924P00440000,440.0,0,0.0,0.0,,0.0,expirationDay
2021-09-27,6984.0,-3.0,0.0,0,442.64,0.0,1,2.02,2.05,SPY211008P00434000,434.0,0,0.0,0.0,,0.0,normalDay
2021-09-28,6984.0,-371.0,0.0,0,433.72,0.0,1,2.02,5.73,SPY211008P00434000,434.0,0,0.0,0.0,,0.0,normalDay
2021-09-29,6984.0,-282.0,0.0,0,434.45,0.0,1,2.02,4.84,SPY211008P00434000,434.0,0,0.0,0.0,,0.0,normalDay
2021-09-30,6984.0,-520.0,0.0,0,429.14,0.0,1,2.02,7.22,SPY211008P00434000,434.0,0,0.0,0.0,,0.0,normalDay
2021-10-01,6984.0,-189.0,0.0,0,434.24,0.0,1,2.02,3.91,SPY211008P00434000,434.0,0,0.0,0.0,,0.0,normalDay
2021-10-04,6984.0,-481.0,0.0,0,428.64,0.0,1,2.02,6.83,SPY211008P00434000,434.0,0,0.0,0.0,,0.0,normalDay
2021-10-05,6984.0,-136.0,0.0,0,433.1,0.0,1,2.02,3.38,SPY211008P00434000,434.0,0,0.0,0.0,,0.0,normalDay
2021-10-06,6984.0,-35.0,0.0,0,434.9,0.0,1,2.02,2.37,SPY211008P00434000,434.0,0,0.0,0.0,,0.0,normalDay
2021-10-07,6984.0,162.0,0.0,0,438.66,0.0,1,2.02,0.4,SPY211008P00434000,434.0,0,0.0,0.0,,0.0,normalDay
2021-10-08,7186.0,0.0,202.0,0,437.86,0.0,1,2.02,0.0,SPY211008P00434000,434.0,0,0.0,0.0,,0.0,expirationDay
2021-10-11,7186.0,-3.0,0.0,0,434.69,0.0,1,2.81,2.84,SPY211022P00426000,426.0,0,0.0,0.0,,0.0,normalDay
2021-10-12,7186.0,-8.0,0.0,0,433.62,0.0,1,2.81,2.89,SPY211022P00426000,426.0,0,0.0,0.0,,0.0,normalDay
2021-10-13,7186.0,111.0,0.0,0,435.18,0.0,1,2.81,1.7,SPY211022P00426000,426.0,0,0.0,0.0,,0.0,normalDay
2021-10-14,7186.0,231.0,0.0,0,442.5,0.0,1,2.81,0.5,SPY211022P00426000,426.0,0,0.0,0.0,,0.0,normalDay
2021-10-15,7186.0,258.0,0.0,0,445.87,0.0,1,2.81,0.23,SPY211022P00426000,426.0,0,0.0,0.0,,0.0,normalDay
2021-10-18,7186.0,273.0,0.0,0,447.19,0.0,1,2.81,0.08,SPY211022P00426000,426.0,0,0.0,0.0,,0.0,normalDay
2021-10-19,7186.0,277.0,0.0,0,450.64,0.0,1,2.81,0.04,SPY211022P00426000,426.0,0,0.0,0.0,,0.0,normalDay
2021-10-20,7186.0,278.0,0.0,0,452.41,0.0,1,2.81,0.03,SPY211022P00426000,426.0,0,0.0,0.0,,0.0,normalDay
2021-10-21,7186.0,280.0,0.0,0,453.59,0.0,1,2.81,0.01,SPY211022P00426000,426.0,0,0.0,0.0,,0.0,normalDay
2021-10-22,7467.0,0.0,281.0,0,453.12,0.0,1,2.81,0.0,SPY211022P00426000,426.0,0,0.0,0.0,,0.0,expirationDay
2021-10-25,7467.0,-3.0,0.0,0,455.55,0.0,1,0.2,0.23,SPY211105P00423000,423.0,0,0.0,0.0,,0.0,normalDay
2021-10-26,7467.0,-5.0,0.0,0,455.96,0.0,1,0.2,0.25,SPY211105P00423000,423.0,0,0.0,0.0,,0.0,normalDay
2021-10-27,7467.0,-6.0,0.0,0,453.94,0.0,1,0.2,0.26,SPY211105P00423000,423.0,0,0.0,0.0,,0.0,normalDay
2021-10-28,7467.0,5.0,0.0,0,458.32,0.0,1,0.2,0.15,SPY211105P00423000,423.0,0,0.0,0.0,,0.0,normalDay
2021-10-29,7467.0,12.0,0.0,0,459.25,0.0,1,0.2,0.08,SPY211105P00423000,423.0,0,0.0,0.0,,0.0,normalDay
2021-11-01,7467.0,15.0,0.0,0,460.04,0.0,1,0.2,0.05,SPY211105P00423000,423.0,0,0.0,0.0,,0.0,normalDay
2021-11-02,7467.0,16.0,0.0,0,461.9,0.0,1,0.2,0.04,SPY211105P00423000,423.0,0,0.0,0.0,,0.0,normalDay
2021-11-03,7467.0,18.0,0.0,0,464.72,0.0,1,0.2,0.02,SPY211105P00423000,423.0,0,0.0,0.0,,0.0,normalDay
2021-11-04,7467.0,19.0,0.0,0,466.91,0.0,1,0.2,0.01,SPY211105P00423000,423.0,0,0.0,0.0,,0.0,normalDay
2021-11-05,7487.0,0.0,20.0,0,468.53,0.0,1,0.2,0.0,SPY211105P00423000,423.0,0,0.0,0.0,,0.0,expirationDay
2021-11-08,7487.0,-3.0,0.0,0,468.93,0.0,1,0.3,0.33,SPY211119P00434000,434.0,0,0.0,0.0,,0.0,normalDay
2021-11-09,7487.0,-2.0,0.0,0,467.38,0.0,1,0.3,0.32,SPY211119P00434000,434.0,0,0.0,0.0,,0.0,normalDay
2021-11-10,7487.0,-5.0,0.0,0,463.62,0.0,1,0.3,0.35,SPY211119P00434000,434.0,0,0.0,0.0,,0.0,normalDay
2021-11-11,7487.0,10.0,0.0,0,463.77,0.0,1,0.3,0.2,SPY211119P00434000,434.0,0,0.0,0.0,,0.0,normalDay
2021-11-12,7487.0,20.0,0.0,0,467.27,0.0,1,0.3,0.1,SPY211119P00434000,434.0,0,0.0,0.0,,0.0,normalDay
2021-11-15,7487.0,26.0,0.0,0,467.43,0.0,1,0.3,0.04,SPY211119P00434000,434.0,0,0.0,0.0,,0.0,normalDay
2021-11-16,7487.0,26.0,0.0,0,469.28,0.0,1,0.3,0.04,SPY211119P00434000,434.0,0,0.0,0.0,,0.0,normalDay
2021-11-17,7487.0,27.0,0.0,0,468.14,0.0,1,0.3,0.03,SPY211119P00434000,434.0,0,0.0,0.0,,0.0,normalDay
2021-11-18,7487.0,28.0,0.0,0,469.73,0.0,1,0.3,0.02,SPY211119P00434000,434.0,0,0.0,0.0,,0.0,normalDay
2021-11-19,7517.0,0.0,30.0,0,468.89,0.0,1,0.3,0.0,SPY211119P00434000,434.0,0,0.0,0.0,,0.0,expirationDay
2021-11-22,7517.0,-4.0,0.0,0,467.57,0.0,1,1.42,1.46,SPY211203P00455000,455.0,0,0.0,0.0,,0.0,normalDay
2021-11-23,7517.0,12.0,0.0,0,468.19,0.0,1,1.42,1.3,SPY211203P00455000,455.0,0,0.0,0.0,,0.0,normalDay
2021-11-24,7517.0,57.0,0.0,0,469.44,0.0,1,1.42,0.85,SPY211203P00455000,455.0,0,0.0,0.0,,0.0,normalDay
2021-11-26,7517.0,-426.0,0.0,0,458.97,0.0,1,1.42,5.68,SPY211203P00455000,455.0,0,0.0,0.0,,0.0,normalDay
2021-11-29,7517.0,27.0,0.0,0,464.6,0.0,1,1.42,1.15,SPY211203P00455000,455.0,0,0.0,0.0,,0.0,normalDay
2021-11-30,7517.0,-168.0,0.0,0,455.56,0.0,1,1.42,3.1,SPY211203P00455000,455.0,0,0.0,0.0,,0.0,normalDay
2021-12-01,7517.0,-548.0,0.0,0,450.5,0.0,1,1.42,6.9,SPY211203P00455000,455.0,0,0.0,0.0,,0.0,normalDay
2021-12-02,7517.0,-17.0,0.0,0,457.4,0.0,1,1.42,1.59,SPY211203P00455000,455.0,0,0.0,0.0,,0.0,normalDay
2021-12-03,7659.0,-158.0,142.0,100,453.42,455.0,1,1.42,0.0,SPY211203P00455000,455.0,0,0.0,0.0,,0.0,expirationDay
2021-12-06,7659.0,375.0,0.0,100,458.79,455.0,0,0.0,0.0,,0.0,1,1.84,1.88,SPY211217C00468000,468.0,normalDay
2021-12-07,7659.0,1006.0,0.0,100,468.28,455.0,0,0.0,0.0,,0.0,1,1.84,5.06,SPY211217C00468000,468.0,normalDay
2021-12-08,7659.0,1148.0,0.0,100,469.52,455.0,0,0.0,0.0,,0.0,1,1.84,4.88,SPY211217C00468000,468.0,normalDay
2021-12-09,7659.0,990.0,0.0,100,466.35,455.0,0,0.0,0.0,,0.0,1,1.84,3.29,SPY211217C00468000,468.0,normalDay
2021-12-10,7659.0,1260.0,0.0,100,470.74,455.0,0,0.0,0.0,,0.0,1,1.84,4.98,SPY211217C00468000,468.0,normalDay
2021-12-13,7659.0,1103.0,0.0,100,466.57,455.0,0,0.0,0.0,,0.0,1,1.84,2.38,SPY211217C00468000,468.0,normalDay
2021-12-14,7659.0,909.0,0.0,100,463.36,455.0,0,0.0,0.0,,0.0,1,1.84,1.11,SPY211217C00468000,468.0,normalDay
2021-12-15,7659.0,1356.0,0.0,100,470.6,455.0,0,0.0,0.0,,0.0,1,1.84,3.88,SPY211217C00468000,468.0,normalDay
2021-12-16,7659.0,1231.0,0.0,100,466.45,455.0,0,0.0,0.0,,0.0,1,1.84,0.98,SPY211217C00468000,468.0,normalDay
2021-12-17,7843.0,487.0,184.0,100,459.87,455.0,0,0.0,0.0,,0.0,1,1.84,0.0,SPY211217C00468000,468.0,expirationDay
2021-12-20,7843.0,-5.0,0.0,100,454.98,455.0,0,0.0,0.0,,0.0,1,1.48,1.51,SPY211231C00467000,467.0,normalDay
2021-12-21,7843.0,650.0,0.0,100,463.06,455.0,0,0.0,0.0,,0.0,1,1.48,3.04,SPY211231C00467000,467.0,normalDay
2021-12-22,7843.0,988.0,0.0,100,467.69,455.0,0,0.0,0.0,,0.0,1,1.48,4.29,SPY211231C00467000,467.0,normalDay
2021-12-23,7843.0,1114.0,0.0,100,470.6,455.0,0,0.0,0.0,,0.0,1,1.48,5.94,SPY211231C00467000,467.0,normalDay
2021-12-27,7843.0,1296.0,0.0,100,477.26,455.0,0,0.0,0.0,,0.0,1,1.48,10.78,SPY211231C00467000,467.0,normalDay
2021-12-28,7843.0,1255.0,0.0,100,476.87,455.0,0,0.0,0.0,,0.0,1,1.48,10.8,SPY211231C00467000,467.0,normalDay
2021-12-29,7843.0,1304.0,0.0,100,477.48,455.0,0,0.0,0.0,,0.0,1,1.48,10.92,SPY211231C00467000,467.0,normalDay
2021-12-30,7843.0,1343.0,0.0,100,476.16,455.0,0,0.0,0.0,,0.0,1,1.48,9.21,SPY211231C00467000,467.0,normalDay
2021-12-31,9191.0,1343.0,1348.0,0,474.96,0.0,0,0.0,0.0,,0.0,1,1.48,0.0,SPY211231C00467000,467.0,expirationDay
2022-01-03,9191.0,-4.0,0.0,0,477.71,0.0,1,0.44,0.48,SPY220114P00456000,456.0,0,0.0,0.0,,0.0,normalDay
2022-01-04,9191.0,-1.0,0.0,0,477.55,0.0,1,0.44,0.45,SPY220114P00456000,456.0,0,0.0,0.0,,0.0,normalDay
2022-01-05,9191.0,-119.0,0.0,0,468.38,0.0,1,0.44,1.63,SPY220114P00456000,456.0,0,0.0,0.0,,0.0,normalDay
2022-01-06,9191.0,-89.0,0.0,0,467.94,0.0,1,0.44,1.33,SPY220114P00456000,456.0,0,0.0,0.0,,0.0,normalDay
2022-01-07,9191.0,-52.0,0.0,0,466.09,0.0,1,0.44,0.96,SPY220114P00456000,456.0,0,0.0,0.0,,0.0,normalDay
2022-01-10,9191.0,-57.0,0.0,0,465.51,0.0,1,0.44,1.01,SPY220114P00456000,456.0,0,0.0,0.0,,0.0,normalDay
2022-01-11,9191.0,10.0,0.0,0,469.75,0.0,1,0.44,0.34,SPY220114P00456000,456.0,0,0.0,0.0,,0.0,normalDay
2022-01-12,9191.0,35.0,0.0,0,471.02,0.0,1,0.44,0.09,SPY220114P00456000,456.0,0,0.0,0.0,,0.0,normalDay
2022-01-13,9191.0,19.0,0.0,0,464.53,0.0,1,0.44,0.25,SPY220114P00456000,456.0,0,0.0,0.0,,0.0,normalDay
2022-01-14,9235.0,0.0,44.0,0,464.72,0.0,1,0.44,0.0,SPY220114P00456000,456.0,0,0.0,0.0,,0.0,expirationDay
2022-01-18,9235.0,-4.0,0.0,0,456.49,0.0,1,6.52,6.56,SPY220128P00456000,456.0,0,0.0,0.0,,0.0,normalDay
2022-01-19,9235.0,-161.0,0.0,0,451.75,0.0,1,6.52,8.13,SPY220128P00456000,456.0,0,0.0,0.0,,0.0,normalDay
2022-01-20,9235.0,-517.0,0.0,0,446.75,0.0,1,6.52,11.69,SPY220128P00456000,456.0,0,0.0,0.0,,0.0,normalDay
2022-01-21,9235.0,-1214.0,0.0,0,437.98,0.0,1,6.52,18.66,SPY220128P00456000,456.0,0,0.0,0.0,,0.0,normalDay
2022-01-24,9235.0,-1167.0,0.0,0,439.84,0.0,1,6.52,18.19,SPY220128P00456000,456.0,0,0.0,0.0,,0.0,normalDay
2022-01-25,9235.0,-1703.0,0.0,0,434.47,0.0,1,6.52,23.55,SPY220128P00456000,456.0,0,0.0,0.0,,0.0,normalDay
2022-01-26,9235.0,-1696.0,0.0,0,433.38,0.0,1,6.52,23.48,SPY220128P00456000,456.0,0,0.0,0.0,,0.0,normalDay
2022-01-27,9235.0,-1780.0,0.0,0,431.24,0.0,1,6.52,24.32,SPY220128P00456000,456.0,0,0.0,0.0,,0.0,normalDay
2022-01-28,9887.0,-1405.0,652.0,100,441.95,456.0,1,6.52,0.0,SPY220128P00456000,456.0,0,0.0,0.0,,0.0,expirationDay
2022-01-31,9887.0,-612.0,0.0,100,449.91,456.0,0,0.0,0.0,,0.0,1,0.76,0.79,SPY220211C00467000,467.0,normalDay
2022-02-01,9887.0,-303.0,0.0,100,452.95,456.0,0,0.0,0.0,,0.0,1,0.76,0.74,SPY220211C00467000,467.0,normalDay
2022-02-02,9887.0,124.0,0.0,100,457.35,456.0,0,0.0,0.0,,0.0,1,0.76,0.87,SPY220211C00467000,467.0,normalDay
2022-02-03,9887.0,-914.0,0.0,100,446.6,456.0,0,0.0,0.0,,0.0,1,0.76,0.5,SPY220211C00467000,467.0,normalDay
2022-02-04,9887.0,-667.0,0.0,100,448.7,456.0,0,0.0,0.0,,0.0,1,0.76,0.13,SPY220211C00467000,467.0,normalDay
2022-02-07,9887.0,-803.0,0.0,100,447.26,456.0,0,0.0,0.0,,0.0,1,0.76,0.05,SPY220211C00467000,467.0,normalDay
2022-02-08,9887.0,-435.0,0.0,100,450.94,456.0,0,0.0,0.0,,0.0,1,0.76,0.05,SPY220211C00467000,467.0,normalDay
2022-02-09,9887.0,205.0,0.0,100,457.54,456.0,0,0.0,0.0,,0.0,1,0.76,0.25,SPY220211C00467000,467.0,normalDay
2022-02-10,9887.0,-594.0,0.0,100,449.32,456.0,0,0.0,0.0,,0.0,1,0.76,0.02,SPY220211C00467000,467.0,normalDay
2022-02-11,9963.0,-1554.0,76.0,100,440.46,456.0,0,0.0,0.0,,0.0,1,0.76,0.0,SPY220211C00467000,467.0,expirationDay
2022-02-14,9963.0,-1702.0,0.0,100,439.02,456.0,0,0.0,0.0,,0.0,1,2.07,2.11,SPY220225C00451000,451.0,normalDay
2022-02-15,9963.0,-1102.0,0.0,100,446.1,456.0,0,0.0,0.0,,0.0,1,2.07,3.19,SPY220225C00451000,451.0,normalDay
2022-02-16,9963.0,-1013.0,0.0,100,446.6,456.0,0,0.0,0.0,,0.0,1,2.07,2.8,SPY220225C00451000,451.0,normalDay
2022-02-17,9963.0,-1784.0,0.0,100,437.06,456.0,0,0.0,0.0,,0.0,1,2.07,0.97,SPY220225C00451000,451.0,normalDay
2022-02-18,9963.0,-2008.0,0.0,100,434.23,456.0,0,0.0,0.0,,0.0,1,2.07,0.38,SPY220225C00451000,451.0,normalDay
2022-02-22,9963.0,-2443.0,0.0,100,429.57,456.0,0,0.0,0.0,,0.0,1,2.07,0.07,SPY220225C00451000,451.0,normalDay
2022-02-23,9963.0,-3201.0,0.0,100,421.95,456.0,0,0.0,0.0,,0.0,1,2.07,0.03,SPY220225C00451000,451.0,normalDay
2022-02-24,9963.0,-2565.0,0.0,100,428.3,456.0,0,0.0,0.0,,0.0,1,2.07,0.02,SPY220225C00451000,451.0,normalDay
2022-02-25,10170.0,-1825.0,207.0,100,437.75,456.0,0,0.0,0.0,,0.0,1,2.07,0.0,SPY220225C00451000,451.0,expirationDay
2022-02-28,10170.0,-1942.0,0.0,100,436.63,456.0,0,0.0,0.0,,0.0,1,1.9,1.95,SPY220311C00450000,450.0,normalDay
2022-03-01,10170.0,-2523.0,0.0,100,429.98,456.0,0,0.0,0.0,,0.0,1,1.9,1.11,SPY220311C00450000,450.0,normalDay
2022-03-02,10170.0,-1792.0,0.0,100,437.89,456.0,0,0.0,0.0,,0.0,1,1.9,1.71,SPY220311C00450000,450.0,normalDay
2022-03-03,10170.0,-1944.0,0.0,100,435.71,456.0,0,0.0,0.0,,0.0,1,1.9,1.05,SPY220311C00450000,450.0,normalDay
2022-03-04,10170.0,-2226.0,0.0,100,432.17,456.0,0,0.0,0.0,,0.0,1,1.9,0.33,SPY220311C00450000,450.0,normalDay
2022-03-07,10170.0,-3472.0,0.0,100,419.43,456.0,0,0.0,0.0,,0.0,1,1.9,0.05,SPY220311C00450000,450.0,normalDay
2022-03-08,10170.0,-3789.0,0.0,100,416.25,456.0,0,0.0,0.0,,0.0,1,1.9,0.04,SPY220311C00450000,450.0,normalDay
2022-03-09,10170.0,-2672.0,0.0,100,427.41,456.0,0,0.0,0.0,,0.0,1,1.9,0.03,SPY220311C00450000,450.0,normalDay
2022-03-10,10170.0,-2863.0,0.0,100,425.48,456.0,0,0.0,0.0,,0.0,1,1.9,0.01,SPY220311C00450000,450.0,normalDay
2022-03-11,10360.0,-3593.0,190.0,100,420.07,456.0,0,0.0,0.0,,0.0,1,1.9,0.0,SPY220311C00450000,450.0,expirationDay
2022-03-14,10360.0,-3904.0,0.0,100,417.0,456.0,0,0.0,0.0,,0.0,1,1.25,1.29,SPY220325C00437000,437.0,normalDay
2022-03-15,10360.0,-3104.0,0.0,100,426.17,456.0,0,0.0,0.0,,0.0,1,1.25,2.46,SPY220325C00437000,437.0,normalDay
2022-03-16,10360.0,-2387.0,0.0,100,435.62,456.0,0,0.0,0.0,,0.0,1,1.25,4.74,SPY220325C00437000,437.0,normalDay
2022-03-17,10360.0,-2051.0,0.0,100,441.07,456.0,0,0.0,0.0,,0.0,1,1.25,6.83,SPY220325C00437000,437.0,normalDay
2022-03-18,10360.0,-2052.0,0.0,100,444.52,456.0,0,0.0,0.0,,0.0,1,1.25,10.29,SPY220325C00437000,437.0,normalDay
2022-03-21,10360.0,-1966.0,0.0,100,444.39,456.0,0,0.0,0.0,,0.0,1,1.25,9.3,SPY220325C00437000,437.0,normalDay
2022-03-22,10360.0,-1842.0,0.0,100,449.59,456.0,0,0.0,0.0,,0.0,1,1.25,13.26,SPY220325C00437000,437.0,normalDay
2022-03-23,10360.0,-1879.0,0.0,100,443.8,456.0,0,0.0,0.0,,0.0,1,1.25,7.84,SPY220325C00437000,437.0,normalDay
2022-03-24,10360.0,-1783.0,0.0,100,450.49,456.0,0,0.0,0.0,,0.0,1,1.25,13.57,SPY220325C00437000,437.0,normalDay
2022-03-25,8585.0,-1783.0,-1775.0,0,452.69,0.0,0,0.0,0.0,,0.0,1,1.25,0.0,SPY220325C00437000,437.0,expirationDay
2022-03-28,8585.0,-3.0,0.0,0,455.91,0.0,1,0.2,0.23,SPY220408P00411000,411.0,0,0.0,0.0,,0.0,normalDay
2022-03-29,8585.0,4.0,0.0,0,461.55,0.0,1,0.2,0.16,SPY220408P00411000,411.0,0,0.0,0.0,,0.0,normalDay
2022-03-30,8585.0,7.0,0.0,0,458.7,0.0,1,0.2,0.13,SPY220408P00411000,411.0,0,0.0,0.0,,0.0,normalDay
2022-03-31,8585.0,3.0,0.0,0,451.64,0.0,1,0.2,0.17,SPY220408P00411000,411.0,0,0.0,0.0,,0.0,normalDay
2022-04-01,8585.0,12.0,0.0,0,452.92,0.0,1,0.2,0.08,SPY220408P00411000,411.0,0,0.0,0.0,,0.0,normalDay
2022-04-04,8585.0,16.0,0.0,0,456.8,0.0,1,0.2,0.04,SPY220408P00411000,411.0,0,0.0,0.0,,0.0,normalDay
2022-04-05,8585.0,16.0,0.0,0,451.03,0.0,1,0.2,0.04,SPY220408P00411000,411.0,0,0.0,0.0,,0.0,normalDay
2022-04-06,8585.0,17.0,0.0,0,446.52,0.0,1,0.2,0.03,SPY220408P00411000,411.0,0,0.0,0.0,,0.0,normalDay
2022-04-07,8585.0,18.0,0.0,0,448.77,0.0,1,0.2,0.02,SPY220408P00411000,411.0,0,0.0,0.0,,0.0,normalDay
2022-04-08,8605.0,0.0,20.0,0,447.57,0.0,1,0.2,0.0,SPY220408P00411000,411.0,0,0.0,0.0,,0.0,expirationDay
2022-04-11,8605.0,-4.0,0.0,0,439.92,0.0,1,3.41,3.45,SPY220422P00431000,431.0,0,0.0,0.0,,0.0,normalDay
2022-04-12,8605.0,-8.0,0.0,0,438.29,0.0,1,3.41,3.49,SPY220422P00431000,431.0,0,0.0,0.0,,0.0,normalDay
2022-04-13,8605.0,185.0,0.0,0,443.31,0.0,1,3.41,1.56,SPY220422P00431000,431.0,0,0.0,0.0,,0.0,normalDay
2022-04-14,8605.0,114.0,0.0,0,437.79,0.0,1,3.41,2.27,SPY220422P00431000,431.0,0,0.0,0.0,,0.0,normalDay
2022-04-18,8605.0,225.0,0.0,0,437.97,0.0,1,3.41,1.16,SPY220422P00431000,431.0,0,0.0,0.0,,0.0,normalDay
2022-04-19,8605.0,293.0,0.0,0,445.04,0.0,1,3.41,0.48,SPY220422P00431000,431.0,0,0.0,0.0,,0.0,normalDay
2022-04-20,8605.0,330.0,0.0,0,444.71,0.0,1,3.41,0.11,SPY220422P00431000,431.0,0,0.0,0.0,,0.0,normalDay
2022-04-21,8605.0,310.0,0.0,0,438.06,0.0,1,3.41,0.31,SPY220422P00431000,431.0,0,0.0,0.0,,0.0,normalDay
2022-04-22,8946.0,-496.0,341.0,100,426.04,431.0,1,3.41,0.0,SPY220422P00431000,431.0,0,0.0,0.0,,0.0,expirationDay
2022-04-25,8946.0,-252.0,0.0,100,428.51,431.0,0,0.0,0.0,,0.0,1,0.34,0.37,SPY220506C00452000,452.0,normalDay
2022-04-26,8946.0,-1466.0,0.0,100,416.1,431.0,0,0.0,0.0,,0.0,1,0.34,0.1,SPY220506C00452000,452.0,normalDay
2022-04-27,8946.0,-1347.0,0.0,100,417.27,431.0,0,0.0,0.0,,0.0,1,0.34,0.08,SPY220506C00452000,452.0,normalDay
2022-04-28,8946.0,-301.0,0.0,100,427.81,431.0,0,0.0,0.0,,0.0,1,0.34,0.16,SPY220506C00452000,452.0,normalDay
2022-04-29,8946.0,-1869.0,0.0,100,412.0,431.0,0,0.0,0.0,,0.0,1,0.34,0.03,SPY220506C00452000,452.0,normalDay
2022-05-02,8946.0,-1621.0,0.0,100,414.48,431.0,0,0.0,0.0,,0.0,1,0.34,0.03,SPY220506C00452000,452.0,normalDay
2022-05-03,8946.0,-1430.0,0.0,100,416.38,431.0,0,0.0,0.0,,0.0,1,0.34,0.02,SPY220506C00452000,452.0,normalDay
2022-05-04,8946.0,-162.0,0.0,100,429.06,431.0,0,0.0,0.0,,0.0,1,0.34,0.02,SPY220506C00452000,452.0,normalDay
2022-05-05,8946.0,-1686.0,0.0,100,413.81,431.0,0,0.0,0.0,,0.0,1,0.34,0.01,SPY220506C00452000,452.0,normalDay
2022-05-06,8980.0,-1966.0,34.0,100,411.34,431.0,0,0.0,0.0,,0.0,1,0.34,0.0,SPY220506C00452000,452.0,expirationDay
2022-05-09,8980.0,-3286.0,0.0,100,398.17,431.0,0,0.0,0.0,,0.0,1,0.27,0.3,SPY220520C00436000,436.0,normalDay
2022-05-10,8980.0,-3181.0,0.0,100,399.09,431.0,0,0.0,0.0,,0.0,1,0.27,0.17,SPY220520C00436000,436.0,normalDay
2022-05-11,8980.0,-3807.0,0.0,100,392.75,431.0,0,0.0,0.0,,0.0,1,0.27,0.09,SPY220520C00436000,436.0,normalDay
2022-05-12,8980.0,-3845.0,0.0,100,392.34,431.0,0,0.0,0.0,,0.0,1,0.27,0.06,SPY220520C00436000,436.0,normalDay
2022-05-13,8980.0,-2904.0,0.0,100,401.72,431.0,0,0.0,0.0,,0.0,1,0.27,0.03,SPY220520C00436000,436.0,normalDay
2022-05-16,8980.0,-3066.0,0.0,100,400.09,431.0,0,0.0,0.0,,0.0,1,0.27,0.02,SPY220520C00436000,436.0,normalDay
2022-05-17,8980.0,-2243.0,0.0,100,408.32,431.0,0,0.0,0.0,,0.0,1,0.27,0.02,SPY220520C00436000,436.0,normalDay
2022-05-18,8980.0,-3889.0,0.0,100,391.86,431.0,0,0.0,0.0,,0.0,1,0.27,0.02,SPY220520C00436000,436.0,normalDay
2022-05-19,8980.0,-4128.0,0.0,100,389.46,431.0,0,0.0,0.0,,0.0,1,0.27,0.01,SPY220520C00436000,436.0,normalDay
2022-05-20,9007.0,-4137.0,27.0,100,389.63,431.0,0,0.0,0.0,,0.0,1,0.27,0.0,SPY220520C00436000,436.0,expirationDay
2022-05-23,9007.0,-3412.0,0.0,100,396.92,431.0,0,0.0,0.0,,0.0,1,1.24,1.28,SPY220603C00415000,415.0,normalDay
2022-05-24,9007.0,-3667.0,0.0,100,393.89,431.0,0,0.0,0.0,,0.0,1,1.24,0.8,SPY220603C00415000,415.0,normalDay
2022-05-25,9007.0,-3323.0,0.0,100,397.37,431.0,0,0.0,0.0,,0.0,1,1.24,0.84,SPY220603C00415000,415.0,normalDay
2022-05-26,9007.0,-2615.0,0.0,100,405.31,431.0,0,0.0,0.0,,0.0,1,1.24,1.7,SPY220603C00415000,415.0,normalDay
2022-05-27,9007.0,-1963.0,0.0,100,415.26,431.0,0,0.0,0.0,,0.0,1,1.24,5.13,SPY220603C00415000,415.0,normalDay
2022-05-31,9007.0,-1978.0,0.0,100,412.93,431.0,0,0.0,0.0,,0.0,1,1.24,2.95,SPY220603C00415000,415.0,normalDay
2022-06-01,9007.0,-2137.0,0.0,100,409.59,431.0,0,0.0,0.0,,0.0,1,1.24,1.2,SPY220603C00415000,415.0,normalDay
2022-06-02,9007.0,-1610.0,0.0,100,417.39,431.0,0,0.0,0.0,,0.0,1,1.24,3.73,SPY220603C00415000,415.0,normalDay
2022-06-03,9131.0,-2046.0,124.0,100,410.54,431.0,0,0.0,0.0,,0.0,1,1.24,0.0,SPY220603C00415000,415.0,expirationDay
2022-06-06,9131.0,-1927.0,0.0,100,411.79,431.0,0,0.0,0.0,,0.0,1,8.91,8.97,SPY220617C00408000,408.0,normalDay
2022-06-07,9131.0,-1726.0,0.0,100,415.74,431.0,0,0.0,0.0,,0.0,1,8.91,10.91,SPY220617C00408000,408.0,normalDay
2022-06-08,9131.0,-1868.0,0.0,100,411.22,431.0,0,0.0,0.0,,0.0,1,8.91,7.81,SPY220617C00408000,408.0,normalDay
2022-06-09,9131.0,-2423.0,0.0,100,401.44,431.0,0,0.0,0.0,,0.0,1,8.91,3.58,SPY220617C00408000,408.0,normalDay
2022-06-10,9131.0,-3292.0,0.0,100,389.8,431.0,0,0.0,0.0,,0.0,1,8.91,0.63,SPY220617C00408000,408.0,normalDay
2022-06-13,9131.0,-4725.0,0.0,100,375.0,431.0,0,0.0,0.0,,0.0,1,8.91,0.16,SPY220617C00408000,408.0,normalDay
2022-06-14,9131.0,-4831.0,0.0,100,373.87,431.0,0,0.0,0.0,,0.0,1,8.91,0.09,SPY220617C00408000,408.0,normalDay
2022-06-15,9131.0,-4292.0,0.0,100,379.2,431.0,0,0.0,0.0,,0.0,1,8.91,0.03,SPY220617C00408000,408.0,normalDay
2022-06-16,9131.0,-5545.0,0.0,100,366.65,431.0,0,0.0,0.0,,0.0,1,8.91,0.01,SPY220617C00408000,408.0,normalDay
2022-06-17,10022.0,-6514.0,891.0,100,365.86,431.0,0,0.0,0.0,,0.0,1,8.91,0.0,SPY220617C00408000,408.0,expirationDay
2022-06-21,10022.0,-5596.0,0.0,100,375.07,431.0,0,0.0,0.0,,0.0,1,0.1,0.13,SPY220701C00409000,409.0,normalDay
2022-06-22,10022.0,-5661.0,0.0,100,374.39,431.0,0,0.0,0.0,,0.0,1,0.1,0.1,SPY220701C00409000,409.0,normalDay
2022-06-23,10022.0,-5293.0,0.0,100,378.06,431.0,0,0.0,0.0,,0.0,1,0.1,0.09,SPY220701C00409000,409.0,normalDay
2022-06-24,10022.0,-4111.0,0.0,100,390.08,431.0,0,0.0,0.0,,0.0,1,0.1,0.29,SPY220701C00409000,409.0,normalDay
2022-06-27,10022.0,-4252.0,0.0,100,388.59,431.0,0,0.0,0.0,,0.0,1,0.1,0.21,SPY220701C00409000,409.0,normalDay
2022-06-28,10022.0,-5028.0,0.0,100,380.65,431.0,0,0.0,0.0,,0.0,1,0.1,0.03,SPY220701C00409000,409.0,normalDay
2022-06-29,10022.0,-5058.0,0.0,100,380.34,431.0,0,0.0,0.0,,0.0,1,0.1,0.02,SPY220701C00409000,409.0,normalDay
2022-06-30,10022.0,-5366.0,0.0,100,377.25,431.0,0,0.0,0.0,,0.0,1,0.1,0.01,SPY220701C00409000,409.0,normalDay
2022-07-01,10032.0,-4976.0,10.0,100,381.24,431.0,0,0.0,0.0,,0.0,1,0.1,0.0,SPY220701C00409000,409.0,expirationDay
2022-07-05,10032.0,-4907.0,0.0,100,381.96,431.0,0,0.0,0.0,,0.0,1,1.6,1.63,SPY220715C00395000,395.0,normalDay
2022-07-06,10032.0,-4794.0,0.0,100,383.25,431.0,0,0.0,0.0,,0.0,1,1.6,1.79,SPY220715C00395000,395.0,normalDay
2022-07-07,10032.0,-4309.0,0.0,100,388.99,431.0,0,0.0,0.0,,0.0,1,1.6,2.68,SPY220715C00395000,395.0,normalDay
2022-07-08,10032.0,-4275.0,0.0,100,388.67,431.0,0,0.0,0.0,,0.0,1,1.6,2.02,SPY220715C00395000,395.0,normalDay
2022-07-11,10032.0,-4589.0,0.0,100,384.23,431.0,0,0.0,0.0,,0.0,1,1.6,0.72,SPY220715C00395000,395.0,normalDay
2022-07-12,10032.0,-4891.0,0.0,100,380.83,431.0,0,0.0,0.0,,0.0,1,1.6,0.34,SPY220715C00395000,395.0,normalDay
2022-07-13,10032.0,-5062.0,0.0,100,378.83,431.0,0,0.0,0.0,,0.0,1,1.6,0.05,SPY220715C00395000,395.0,normalDay
2022-07-14,10032.0,-5151.0,0.0,100,377.91,431.0,0,0.0,0.0,,0.0,1,1.6,0.02,SPY220715C00395000,395.0,normalDay
2022-07-15,10192.0,-4587.0,160.0,100,385.13,431.0,0,0.0,0.0,,0.0,1,1.6,0.0,SPY220715C00395000,395.0,expirationDay
2022-07-18,10192.0,-4909.0,0.0,100,381.95,431.0,0,0.0,0.0,,0.0,1,5.36,5.4,SPY220729C00385000,385.0,normalDay
2022-07-19,10192.0,-4513.0,0.0,100,392.27,431.0,0,0.0,0.0,,0.0,1,5.36,11.76,SPY220729C00385000,385.0,normalDay
2022-07-20,10192.0,-4382.0,0.0,100,394.77,431.0,0,0.0,0.0,,0.0,1,5.36,12.95,SPY220729C00385000,385.0,normalDay
2022-07-21,10192.0,-4217.0,0.0,100,398.79,431.0,0,0.0,0.0,,0.0,1,5.36,15.32,SPY220729C00385000,385.0,normalDay
2022-07-22,10192.0,-4223.0,0.0,100,395.09,431.0,0,0.0,0.0,,0.0,1,5.36,11.68,SPY220729C00385000,385.0,normalDay
2022-07-25,10192.0,-4245.0,0.0,100,395.57,431.0,0,0.0,0.0,,0.0,1,5.36,12.38,SPY220729C00385000,385.0,normalDay
2022-07-26,10192.0,-4378.0,0.0,100,390.89,431.0,0,0.0,0.0,,0.0,1,5.36,9.03,SPY220729C00385000,385.0,normalDay
2022-07-27,10192.0,-4050.0,0.0,100,401.04,431.0,0,0.0,0.0,,0.0,1,5.36,15.9,SPY220729C00385000,385.0,normalDay
2022-07-28,10192.0,-4199.0,0.0,100,406.07,431.0,0,0.0,0.0,,0.0,1,5.36,22.42,SPY220729C00385000,385.0,normalDay
2022-07-29,6128.0,-4199.0,-4064.0,0,411.99,0.0,0,0.0,0.0,,0.0,1,5.36,0.0,SPY220729C00385000,385.0,expirationDay
2022-08-01,6128.0,-3.0,0.0,0,410.77,0.0,1,0.19,0.22,SPY220812P00371000,371.0,0,0.0,0.0,,0.0,normalDay
2022-08-02,6128.0,-5.0,0.0,0,408.06,0.0,1,0.19,0.24,SPY220812P00371000,371.0,0,0.0,0.0,,0.0,normalDay
2022-08-03,6128.0,11.0,0.0,0,414.45,0.0,1,0.19,0.08,SPY220812P00371000,371.0,0,0.0,0.0,,0.0,normalDay
2022-08-04,6128.0,14.0,0.0,0,414.17,0.0,1,0.19,0.05,SPY220812P00371000,371.0,0,0.0,0.0,,0.0,normalDay
2022-08-05,6128.0,14.0,0.0,0,413.47,0.0,1,0.19,0.05,SPY220812P00371000,371.0,0,0.0,0.0,,0.0,normalDay
2022-08-08,6128.0,16.0,0.0,0,412.99,0.0,1,0.19,0.03,SPY220812P00371000,371.0,0,0.0,0.0,,0.0,normalDay
2022-08-09,6128.0,16.0,0.0,0,411.35,0.0,1,0.19,0.03,SPY220812P00371000,371.0,0,0.0,0.0,,0.0,normalDay
2022-08-10,6128.0,18.0,0.0,0,419.99,0.0,1,0.19,0.01,SPY220812P00371000,371.0,0,0.0,0.0,,0.0,normalDay
2022-08-11,6128.0,18.0,0.0,0,419.99,0.0,1,0.19,0.01,SPY220812P00371000,371.0,0,0.0,0.0,,0.0,normalDay
2022-08-12,6147.0,0.0,19.0,0,427.1,0.0,1,0.19,0.0,SPY220812P00371000,371.0,0,0.0,0.0,,0.0,expirationDay
2022-08-15,6147.0,-3.0,0.0,0,428.86,0.0,1,0.1,0.13,SPY220826P00386000,386.0,0,0.0,0.0,,0.0,normalDay
2022-08-16,6147.0,-2.0,0.0,0,429.7,0.0,1,0.1,0.12,SPY220826P00386000,386.0,0,0.0,0.0,,0.0,normalDay
2022-08-17,6147.0,2.0,0.0,0,426.65,0.0,1,0.1,0.08,SPY220826P00386000,386.0,0,0.0,0.0,,0.0,normalDay
2022-08-18,6147.0,4.0,0.0,0,427.89,0.0,1,0.1,0.06,SPY220826P00386000,386.0,0,0.0,0.0,,0.0,normalDay
2022-08-19,6147.0,5.0,0.0,0,422.14,0.0,1,0.1,0.05,SPY220826P00386000,386.0,0,0.0,0.0,,0.0,normalDay
2022-08-22,6147.0,1.0,0.0,0,413.35,0.0,1,0.1,0.09,SPY220826P00386000,386.0,0,0.0,0.0,,0.0,normalDay
2022-08-23,6147.0,3.0,0.0,0,412.35,0.0,1,0.1,0.07,SPY220826P00386000,386.0,0,0.0,0.0,,0.0,normalDay
2022-08-24,6147.0,7.0,0.0,0,413.67,0.0,1,0.1,0.03,SPY220826P00386000,386.0,0,0.0,0.0,,0.0,normalDay
2022-08-25,6147.0,8.0,0.0,0,419.51,0.0,1,0.1,0.02,SPY220826P00386000,386.0,0,0.0,0.0,,0.0,normalDay
2022-08-26,6157.0,0.0,10.0,0,405.31,0.0,1,0.1,0.0,SPY220826P00386000,386.0,0,0.0,0.0,,0.0,expirationDay
2022-08-29,6157.0,-5.0,0.0,0,402.63,0.0,1,5.59,5.64,SPY220909P00401000,401.0,0,0.0,0.0,,0.0,normalDay
2022-08-30,6157.0,-174.0,0.0,0,398.21,0.0,1,5.59,7.33,SPY220909P00401000,401.0,0,0.0,0.0,,0.0,normalDay
2022-08-31,6157.0,-294.0,0.0,0,395.18,0.0,1,5.59,8.53,SPY220909P00401000,401.0,0,0.0,0.0,,0.0,normalDay
2022-09-01,6157.0,-190.0,0.0,0,396.42,0.0,1,5.59,7.49,SPY220909P00401000,401.0,0,0.0,0.0,,0.0,normalDay
2022-09-02,6157.0,-405.0,0.0,0,392.24,0.0,1,5.59,9.64,SPY220909P00401000,401.0,0,0.0,0.0,,0.0,normalDay
2022-09-06,6157.0,-566.0,0.0,0,390.76,0.0,1,5.59,11.25,SPY220909P00401000,401.0,0,0.0,0.0,,0.0,normalDay
2022-09-07,6157.0,65.0,0.0,0,397.78,0.0,1,5.59,4.94,SPY220909P00401000,401.0,0,0.0,0.0,,0.0,normalDay
2022-09-08,6157.0,357.0,0.0,0,400.38,0.0,1,5.59,2.02,SPY220909P00401000,401.0,0,0.0,0.0,,0.0,normalDay
2022-09-09,6716.0,0.0,559.0,0,406.6,0.0,1,5.59,0.0,SPY220909P00401000,401.0,0,0.0,0.0,,0.0,expirationDay
2022-09-12,6716.0,-3.0,0.0,0,410.97,0.0,1,0.81,0.84,SPY220923P00384000,384.0,0,0.0,0.0,,0.0,normalDay
2022-09-13,6716.0,-303.0,0.0,0,393.1,0.0,1,0.81,3.84,SPY220923P00384000,384.0,0,0.0,0.0,,0.0,normalDay
2022-09-14,6716.0,-234.0,0.0,0,394.6,0.0,1,0.81,3.15,SPY220923P00384000,384.0,0,0.0,0.0,,0.0,normalDay
2022-09-15,6716.0,-302.0,0.0,0,390.12,0.0,1,0.81,3.83,SPY220923P00384000,384.0,0,0.0,0.0,,0.0,normalDay
2022-09-16,6716.0,-397.0,0.0,0,385.56,0.0,1,0.81,4.78,SPY220923P00384000,384.0,0,0.0,0.0,,0.0,normalDay
2022-09-19,6716.0,-250.0,0.0,0,388.55,0.0,1,0.81,3.31,SPY220923P00384000,384.0,0,0.0,0.0,,0.0,normalDay
2022-09-20,6716.0,-414.0,0.0,0,384.09,0.0,1,0.81,4.95,SPY220923P00384000,384.0,0,0.0,0.0,,0.0,normalDay
2022-09-21,6716.0,-724.0,0.0,0,377.39,0.0,1,0.81,8.05,SPY220923P00384000,384.0,0,0.0,0.0,,0.0,normalDay
2022-09-22,6716.0,-882.0,0.0,0,374.22,0.0,1,0.81,9.63,SPY220923P00384000,384.0,0,0.0,0.0,,0.0,normalDay
2022-09-23,6797.0,-1605.0,81.0,100,367.95,384.0,1,0.81,0.0,SPY220923P00384000,384.0,0,0.0,0.0,,0.0,expirationDay
2022-09-26,6797.0,-1972.0,0.0,100,364.31,384.0,0,0.0,0.0,,0.0,1,0.17,0.2,SPY221007C00399000,399.0,normalDay
2022-09-27,6797.0,-2058.0,0.0,100,363.38,384.0,0,0.0,0.0,,0.0,1,0.17,0.13,SPY221007C00399000,399.0,normalDay
2022-09-28,6797.0,-1350.0,0.0,100,370.53,384.0,0,0.0,0.0,,0.0,1,0.17,0.2,SPY221007C00399000,399.0,normalDay
2022-09-29,6797.0,-2110.0,0.0,100,362.79,384.0,0,0.0,0.0,,0.0,1,0.17,0.06,SPY221007C00399000,399.0,normalDay
2022-09-30,6797.0,-2667.0,0.0,100,357.18,384.0,0,0.0,0.0,,0.0,1,0.17,0.02,SPY221007C00399000,399.0,normalDay
2022-10-03,6797.0,-1724.0,0.0,100,366.61,384.0,0,0.0,0.0,,0.0,1,0.17,0.02,SPY221007C00399000,399.0,normalDay
2022-10-04,6797.0,-594.0,0.0,100,377.97,384.0,0,0.0,0.0,,0.0,1,0.17,0.08,SPY221007C00399000,399.0,normalDay
2022-10-05,6797.0,-676.0,0.0,100,377.09,384.0,0,0.0,0.0,,0.0,1,0.17,0.02,SPY221007C00399000,399.0,normalDay
2022-10-06,6797.0,-1064.0,0.0,100,373.2,384.0,0,0.0,0.0,,0.0,1,0.17,0.01,SPY221007C00399000,399.0,normalDay
2022-10-07,6814.0,-2121.0,17.0,100,362.79,384.0,0,0.0,0.0,,0.0,1,0.17,0.0,SPY221007C00399000,399.0,expirationDay
2022-10-10,6814.0,-2401.0,0.0,100,360.02,384.0,0,0.0,0.0,,0.0,1,0.87,0.9,SPY221021C00383000,383.0,normalDay
2022-10-11,6814.0,-2614.0,0.0,100,357.74,384.0,0,0.0,0.0,,0.0,1,0.87,0.75,SPY221021C00383000,383.0,normalDay
2022-10-12,6814.0,-2715.0,0.0,100,356.56,384.0,0,0.0,0.0,,0.0,1,0.87,0.58,SPY221021C00383000,383.0,normalDay
2022-10-13,6814.0,-1843.0,0.0,100,365.97,384.0,0,0.0,0.0,,0.0,1,0.87,1.27,SPY221021C00383000,383.0,normalDay
2022-10-14,6814.0,-2567.0,0.0,100,357.63,384.0,0,0.0,0.0,,0.0,1,0.87,0.17,SPY221021C00383000,383.0,normalDay
2022-10-17,6814.0,-1682.0,0.0,100,366.82,384.0,0,0.0,0.0,,0.0,1,0.87,0.51,SPY221021C00383000,383.0,normalDay
2022-10-18,6814.0,-1278.0,0.0,100,371.13,384.0,0,0.0,0.0,,0.0,1,0.87,0.78,SPY221021C00383000,383.0,normalDay
2022-10-19,6814.0,-1478.0,0.0,100,368.5,384.0,0,0.0,0.0,,0.0,1,0.87,0.15,SPY221021C00383000,383.0,normalDay
2022-10-20,6814.0,-1774.0,0.0,100,365.41,384.0,0,0.0,0.0,,0.0,1,0.87,0.02,SPY221021C00383000,383.0,normalDay
2022-10-21,6901.0,-971.0,87.0,100,374.29,384.0,0,0.0,0.0,,0.0,1,0.87,0.0,SPY221021C00383000,383.0,expirationDay
2022-10-24,6901.0,-527.0,0.0,100,378.87,384.0,0,0.0,0.0,,0.0,1,12.19,12.33,SPY221104C00372000,372.0,normalDay
2022-10-25,6901.0,-195.0,0.0,100,384.92,384.0,0,0.0,0.0,,0.0,1,12.19,15.06,SPY221104C00372000,372.0,normalDay
2022-10-26,6901.0,-401.0,0.0,100,382.02,384.0,0,0.0,0.0,,0.0,1,12.19,14.22,SPY221104C00372000,372.0,normalDay
2022-10-27,6901.0,-97.0,0.0,100,379.98,384.0,0,0.0,0.0,,0.0,1,12.19,9.14,SPY221104C00372000,372.0,normalDay
2022-10-28,6901.0,-136.0,0.0,100,389.02,384.0,0,0.0,0.0,,0.0,1,12.19,18.57,SPY221104C00372000,372.0,normalDay
2022-10-31,6901.0,-111.0,0.0,100,386.21,384.0,0,0.0,0.0,,0.0,1,12.19,15.51,SPY221104C00372000,372.0,normalDay
2022-11-01,6901.0,-77.0,0.0,100,384.52,384.0,0,0.0,0.0,,0.0,1,12.19,13.48,SPY221104C00372000,372.0,normalDay
2022-11-02,6901.0,-209.0,0.0,100,374.87,384.0,0,0.0,0.0,,0.0,1,12.19,5.15,SPY221104C00372000,372.0,normalDay
2022-11-03,6901.0,-313.0,0.0,100,371.01,384.0,0,0.0,0.0,,0.0,1,12.19,2.33,SPY221104C00372000,372.0,normalDay
2022-11-04,6920.0,-313.0,19.0,0,376.35,0.0,0,0.0,0.0,,0.0,1,12.19,0.0,SPY221104C00372000,372.0,expirationDay
2022-11-07,6920.0,-3.0,0.0,0,379.95,0.0,1,0.61,0.64,SPY221118P00354000,354.0,0,0.0,0.0,,0.0,normalDay
2022-11-08,6920.0,-3.0,0.0,0,382.0,0.0,1,0.61,0.64,SPY221118P00354000,354.0,0,0.0,0.0,,0.0,normalDay
2022-11-09,6920.0,-43.0,0.0,0,374.13,0.0,1,0.61,1.04,SPY221118P00354000,354.0,0,0.0,0.0,,0.0,normalDay
2022-11-10,6920.0,49.0,0.0,0,394.69,0.0,1,0.61,0.12,SPY221118P00354000,354.0,0,0.0,0.0,,0.0,normalDay
2022-11-11,6920.0,53.0,0.0,0,398.51,0.0,1,0.61,0.08,SPY221118P00354000,354.0,0,0.0,0.0,,0.0,normalDay
2022-11-14,6920.0,57.0,0.0,0,395.12,0.0,1,0.61,0.04,SPY221118P00354000,354.0,0,0.0,0.0,,0.0,normalDay
2022-11-15,6920.0,57.0,0.0,0,398.49,0.0,1,0.61,0.04,SPY221118P00354000,354.0,0,0.0,0.0,,0.0,normalDay
2022-11-16,6920.0,58.0,0.0,0,395.45,0.0,1,0.61,0.03,SPY221118P00354000,354.0,0,0.0,0.0,,0.0,normalDay
2022-11-17,6920.0,59.0,0.0,0,394.24,0.0,1,0.61,0.02,SPY221118P00354000,354.0,0,0.0,0.0,,0.0,normalDay
2022-11-18,6981.0,0.0,61.0,0,396.03,0.0,1,0.61,0.0,SPY221118P00354000,354.0,0,0.0,0.0,,0.0,expirationDay
2022-11-21,6981.0,-3.0,0.0,0,394.59,0.0,1,0.29,0.32,SPY221202P00369000,369.0,0,0.0,0.0,,0.0,normalDay
2022-11-22,6981.0,8.0,0.0,0,399.9,0.0,1,0.29,0.21,SPY221202P00369000,369.0,0,0.0,0.0,,0.0,normalDay
2022-11-23,6981.0,17.0,0.0,0,402.42,0.0,1,0.29,0.12,SPY221202P00369000,369.0,0,0.0,0.0,,0.0,normalDay
2022-11-25,6981.0,21.0,0.0,0,402.33,0.0,1,0.29,0.08,SPY221202P00369000,369.0,0,0.0,0.0,,0.0,normalDay
2022-11-28,6981.0,23.0,0.0,0,395.91,0.0,1,0.29,0.06,SPY221202P00369000,369.0,0,0.0,0.0,,0.0,normalDay
2022-11-29,6981.0,24.0,0.0,0,395.23,0.0,1,0.29,0.05,SPY221202P00369000,369.0,0,0.0,0.0,,0.0,normalDay
2022-11-30,6981.0,26.0,0.0,0,407.68,0.0,1,0.29,0.03,SPY221202P00369000,369.0,0,0.0,0.0,,0.0,normalDay
2022-12-01,6981.0,28.0,0.0,0,407.38,0.0,1,0.29,0.01,SPY221202P00369000,369.0,0,0.0,0.0,,0.0,normalDay
2022-12-02,7010.0,0.0,29.0,0,406.91,0.0,1,0.29,0.0,SPY221202P00369000,369.0,0,0.0,0.0,,0.0,expirationDay
2022-12-05,7010.0,-3.0,0.0,0,399.59,0.0,1,1.2,1.23,SPY221216P00379000,379.0,0,0.0,0.0,,0.0,normalDay
2022-12-06,7010.0,-116.0,0.0,0,393.83,0.0,1,1.2,2.36,SPY221216P00379000,379.0,0,0.0,0.0,,0.0,normalDay
2022-12-07,7010.0,-120.0,0.0,0,393.16,0.0,1,1.2,2.4,SPY221216P00379000,379.0,0,0.0,0.0,,0.0,normalDay
2022-12-08,7010.0,-37.0,0.0,0,396.24,0.0,1,1.2,1.57,SPY221216P00379000,379.0,0,0.0,0.0,,0.0,normalDay
2022-12-09,7010.0,-68.0,0.0,0,393.28,0.0,1,1.2,1.88,SPY221216P00379000,379.0,0,0.0,0.0,,0.0,normalDay
2022-12-12,7010.0,2.0,0.0,0,398.95,0.0,1,1.2,1.18,SPY221216P00379000,379.0,0,0.0,0.0,,0.0,normalDay
2022-12-13,7010.0,97.0,0.0,0,401.97,0.0,1,1.2,0.23,SPY221216P00379000,379.0,0,0.0,0.0,,0.0,normalDay
2022-12-14,7010.0,109.0,0.0,0,399.4,0.0,1,1.2,0.11,SPY221216P00379000,379.0,0,0.0,0.0,,0.0,normalDay
2022-12-15,7010.0,96.0,0.0,0,389.63,0.0,1,1.2,0.24,SPY221216P00379000,379.0,0,0.0,0.0,,0.0,normalDay
2022-12-16,7130.0,0.0,120.0,0,383.27,0.0,1,1.2,0.0,SPY221216P00379000,379.0,0,0.0,0.0,,0.0,expirationDay
2022-12-19,7130.0,-14.0,0.0,0,380.02,0.0,1,6.24,6.38,SPY221230P00383000,383.0,0,0.0,0.0,,0.0,normalDay
2022-12-20,7130.0,78.0,0.0,0,380.54,0.0,1,6.24,5.46,SPY221230P00383000,383.0,0,0.0,0.0,,0.0,normalDay
2022-12-21,7130.0,384.0,0.0,0,386.23,0.0,1,6.24,2.4,SPY221230P00383000,383.0,0,0.0,0.0,,0.0,normalDay
2022-12-22,7130.0,125.0,0.0,0,380.72,0.0,1,6.24,4.99,SPY221230P00383000,383.0,0,0.0,0.0,,0.0,normalDay
2022-12-23,7130.0,297.0,0.0,0,382.91,0.0,1,6.24,3.27,SPY221230P00383000,383.0,0,0.0,0.0,,0.0,normalDay
2022-12-27,7130.0,291.0,0.0,0,381.4,0.0,1,6.24,3.33,SPY221230P00383000,383.0,0,0.0,0.0,,0.0,normalDay
2022-12-28,7130.0,-35.0,0.0,0,376.66,0.0,1,6.24,6.59,SPY221230P00383000,383.0,0,0.0,0.0,,0.0,normalDay
2022-12-29,7130.0,484.0,0.0,0,383.44,0.0,1,6.24,1.4,SPY221230P00383000,383.0,0,0.0,0.0,,0.0,normalDay
2022-12-30,7754.0,-57.0,624.0,100,382.43,383.0,1,6.24,0.0,SPY221230P00383000,383.0,0,0.0,0.0,,0.0,expirationDay
2023-01-03,7754.0,-222.0,0.0,100,380.82,383.0,0,0.0,0.0,,0.0,1,1.42,1.46,SPY230113C00394000,394.0,normalDay
2023-01-04,7754.0,26.0,0.0,100,383.76,383.0,0,0.0,0.0,,0.0,1,1.42,1.92,SPY230113C00394000,394.0,normalDay
2023-01-05,7754.0,-321.0,0.0,100,379.38,383.0,0,0.0,0.0,,0.0,1,1.42,1.01,SPY230113C00394000,394.0,normalDay
2023-01-06,7754.0,407.0,0.0,100,388.08,383.0,0,0.0,0.0,,0.0,1,1.42,2.43,SPY230113C00394000,394.0,normalDay
2023-01-09,7754.0,407.0,0.0,100,387.86,383.0,0,0.0,0.0,,0.0,1,1.42,2.21,SPY230113C00394000,394.0,normalDay
2023-01-10,7754.0,608.0,0.0,100,390.58,383.0,0,0.0,0.0,,0.0,1,1.42,2.92,SPY230113C00394000,394.0,normalDay
2023-01-11,7754.0,868.0,0.0,100,395.52,383.0,0,0.0,0.0,,0.0,1,1.42,5.26,SPY230113C00394000,394.0,normalDay
2023-01-12,7754.0,1165.0,0.0,100,396.96,383.0,0,0.0,0.0,,0.0,1,1.42,3.73,SPY230113C00394000,394.0,normalDay
2023-01-13,8996.0,1165.0,1242.0,0,398.5,0.0,0,0.0,0.0,,0.0,1,1.42,0.0,SPY230113C00394000,394.0,expirationDay
2023-01-17,8996.0,-3.0,0.0,0,397.77,0.0,1,0.15,0.18,SPY230127P00372000,372.0,0,0.0,0.0,,0.0,normalDay
2023-01-18,8996.0,-11.0,0.0,0,391.49,0.0,1,0.15,0.26,SPY230127P00372000,372.0,0,0.0,0.0,,0.0,normalDay
2023-01-19,8996.0,-15.0,0.0,0,388.64,0.0,1,0.15,0.3,SPY230127P00372000,372.0,0,0.0,0.0,,0.0,normalDay
2023-01-20,8996.0,5.0,0.0,0,395.88,0.0,1,0.15,0.1,SPY230127P00372000,372.0,0,0.0,0.0,,0.0,normalDay
2023-01-23,8996.0,9.0,0.0,0,400.63,0.0,1,0.15,0.06,SPY230127P00372000,372.0,0,0.0,0.0,,0.0,normalDay
2023-01-24,8996.0,11.0,0.0,0,400.2,0.0,1,0.15,0.04,SPY230127P00372000,372.0,0,0.0,0.0,,0.0,normalDay
2023-01-25,8996.0,12.0,0.0,0,400.35,0.0,1,0.15,0.03,SPY230127P00372000,372.0,0,0.0,0.0,,0.0,normalDay
2023-01-26,8996.0,14.0,0.0,0,404.75,0.0,1,0.15,0.01,SPY230127P00372000,372.0,0,0.0,0.0,,0.0,normalDay
2023-01-27,9011.0,0.0,15.0,0,405.68,0.0,1,0.15,0.0,SPY230127P00372000,372.0,0,0.0,0.0,,0.0,expirationDay
2023-01-30,9011.0,-3.0,0.0,0,400.59,0.0,1,0.49,0.52,SPY230210P00378000,378.0,0,0.0,0.0,,0.0,normalDay
2023-01-31,9011.0,19.0,0.0,0,406.48,0.0,1,0.49,0.3,SPY230210P00378000,378.0,0,0.0,0.0,,0.0,normalDay
2023-02-01,9011.0,36.0,0.0,0,410.8,0.0,1,0.49,0.13,SPY230210P00378000,378.0,0,0.0,0.0,,0.0,normalDay
2023-02-02,9011.0,39.0,0.0,0,416.78,0.0,1,0.49,0.1,SPY230210P00378000,378.0,0,0.0,0.0,,0.0,normalDay
2023-02-03,9011.0,45.0,0.0,0,412.35,0.0,1,0.49,0.04,SPY230210P00378000,378.0,0,0.0,0.0,,0.0,normalDay
2023-02-06,9011.0,46.0,0.0,0,409.83,0.0,1,0.49,0.03,SPY230210P00378000,378.0,0,0.0,0.0,,0.0,normalDay
2023-02-07,9011.0,47.0,0.0,0,415.19,0.0,1,0.49,0.02,SPY230210P00378000,378.0,0,0.0,0.0,,0.0,normalDay
2023-02-08,9011.0,47.0,0.0,0,410.65,0.0,1,0.49,0.02,SPY230210P00378000,378.0,0,0.0,0.0,,0.0,normalDay
2023-02-09,9011.0,47.0,0.0,0,407.09,0.0,1,0.49,0.02,SPY230210P00378000,378.0,0,0.0,0.0,,0.0,normalDay
2023-02-10,9060.0,0.0,49.0,0,408.04,0.0,1,0.49,0.0,SPY230210P00378000,378.0,0,0.0,0.0,,0.0,expirationDay
2023-02-13,9060.0,-3.0,0.0,0,412.83,0.0,1,0.54,0.57,SPY230224P00389000,389.0,0,0.0,0.0,,0.0,normalDay
2023-02-14,9060.0,19.0,0.0,0,412.64,0.0,1,0.54,0.35,SPY230224P00389000,389.0,0,0.0,0.0,,0.0,normalDay
2023-02-15,9060.0,36.0,0.0,0,413.98,0.0,1,0.54,0.18,SPY230224P00389000,389.0,0,0.0,0.0,,0.0,normalDay
2023-02-16,9060.0,2.0,0.0,0,408.28,0.0,1,0.54,0.52,SPY230224P00389000,389.0,0,0.0,0.0,,0.0,normalDay
2023-02-17,9060.0,35.0,0.0,0,407.26,0.0,1,0.54,0.19,SPY230224P00389000,389.0,0,0.0,0.0,,0.0,normalDay
2023-02-21,9060.0,0.0,0.0,0,399.09,0.0,1,0.54,0.54,SPY230224P00389000,389.0,0,0.0,0.0,,0.0,normalDay
2023-02-22,9060.0,30.0,0.0,0,398.54,0.0,1,0.54,0.24,SPY230224P00389000,389.0,0,0.0,0.0,,0.0,normalDay
2023-02-23,9060.0,48.0,0.0,0,400.66,0.0,1,0.54,0.06,SPY230224P00389000,389.0,0,0.0,0.0,,0.0,normalDay
2023-02-24,9114.0,0.0,54.0,0,396.38,0.0,1,0.54,0.0,SPY230224P00389000,389.0,0,0.0,0.0,,0.0,expirationDay
2023-02-27,9114.0,-3.0,0.0,0,397.73,0.0,1,3.74,3.77,SPY230310P00395000,395.0,0,0.0,0.0,,0.0,normalDay
2023-02-28,9114.0,-57.0,0.0,0,396.26,0.0,1,3.74,4.31,SPY230310P00395000,395.0,0,0.0,0.0,,0.0,normalDay
2023-03-01,9114.0,-98.0,0.0,0,394.74,0.0,1,3.74,4.72,SPY230310P00395000,395.0,0,0.0,0.0,,0.0,normalDay
2023-03-02,9114.0,70.0,0.0,0,397.81,0.0,1,3.74,3.04,SPY230310P00395000,395.0,0,0.0,0.0,,0.0,normalDay
2023-03-03,9114.0,275.0,0.0,0,404.19,0.0,1,3.74,0.99,SPY230310P00395000,395.0,0,0.0,0.0,,0.0,normalDay
2023-03-06,9114.0,301.0,0.0,0,404.47,0.0,1,3.74,0.73,SPY230310P00395000,395.0,0,0.0,0.0,,0.0,normalDay
2023-03-07,9114.0,198.0,0.0,0,398.27,0.0,1,3.74,1.76,SPY230310P00395000,395.0,0,0.0,0.0,,0.0,normalDay
2023-03-08,9114.0,247.0,0.0,0,398.92,0.0,1,3.74,1.27,SPY230310P00395000,395.0,0,0.0,0.0,,0.0,normalDay
2023-03-09,9114.0,-121.0,0.0,0,391.56,0.0,1,3.74,4.95,SPY230310P00395000,395.0,0,0.0,0.0,,0.0,normalDay
2023-03-10,9488.0,-909.0,374.0,100,385.91,395.0,1,3.74,0.0,SPY230310P00395000,395.0,0,0.0,0.0,,0.0,expirationDay
2023-03-13,9488.0,-967.0,0.0,100,385.36,395.0,0,0.0,0.0,,0.0,1,0.73,0.76,SPY230324C00406000,406.0,normalDay
2023-03-14,9488.0,-336.0,0.0,100,391.73,395.0,0,0.0,0.0,,0.0,1,0.73,0.82,SPY230324C00406000,406.0,normalDay
2023-03-15,9488.0,-551.0,0.0,100,389.28,395.0,0,0.0,0.0,,0.0,1,0.73,0.52,SPY230324C00406000,406.0,normalDay
2023-03-16,9488.0,79.0,0.0,100,396.11,395.0,0,0.0,0.0,,0.0,1,0.73,1.05,SPY230324C00406000,406.0,normalDay
2023-03-17,9488.0,-478.0,0.0,100,389.99,395.0,0,0.0,0.0,,0.0,1,0.73,0.5,SPY230324C00406000,406.0,normalDay
2023-03-20,9488.0,-103.0,0.0,100,393.74,395.0,0,0.0,0.0,,0.0,1,0.73,0.5,SPY230324C00406000,406.0,normalDay
2023-03-21,9488.0,351.0,0.0,100,398.91,395.0,0,0.0,0.0,,0.0,1,0.73,1.13,SPY230324C00406000,406.0,normalDay
2023-03-22,9488.0,-225.0,0.0,100,392.11,395.0,0,0.0,0.0,,0.0,1,0.73,0.09,SPY230324C00406000,406.0,normalDay
2023-03-23,9488.0,-112.0,0.0,100,393.17,395.0,0,0.0,0.0,,0.0,1,0.73,0.02,SPY230324C00406000,406.0,normalDay
2023-03-24,9561.0,75.0,73.0,100,395.75,395.0,0,0.0,0.0,,0.0,1,0.73,0.0,SPY230324C00406000,406.0,expirationDay
2023-03-27,9561.0,145.0,0.0,100,396.49,395.0,0,0.0,0.0,,0.0,1,4.37,4.41,SPY230406C00398000,398.0,normalDay
2023-03-28,9561.0,136.0,0.0,100,395.6,395.0,0,0.0,0.0,,0.0,1,4.37,3.61,SPY230406C00398000,398.0,normalDay
2023-03-29,9561.0,442.0,0.0,100,401.35,395.0,0,0.0,0.0,,0.0,1,4.37,6.3,SPY230406C00398000,398.0,normalDay
2023-03-30,9561.0,539.0,0.0,100,403.7,395.0,0,0.0,0.0,,0.0,1,4.37,7.68,SPY230406C00398000,398.0,normalDay
2023-03-31,9561.0,647.0,0.0,100,409.39,395.0,0,0.0,0.0,,0.0,1,4.37,12.29,SPY230406C00398000,398.0,normalDay
2023-04-03,9561.0,688.0,0.0,100,410.95,395.0,0,0.0,0.0,,0.0,1,4.37,13.44,SPY230406C00398000,398.0,normalDay
2023-04-04,9561.0,682.0,0.0,100,408.67,395.0,0,0.0,0.0,,0.0,1,4.37,11.22,SPY230406C00398000,398.0,normalDay
2023-04-05,9561.0,704.0,0.0,100,407.6,395.0,0,0.0,0.0,,0.0,1,4.37,9.93,SPY230406C00398000,398.0,normalDay
2023-04-06,10298.0,704.0,737.0,0,409.19,0.0,0,0.0,0.0,,0.0,1,4.37,0.0,SPY230406C00398000,398.0,expirationDay
2023-04-10,10298.0,-3.0,0.0,0,409.61,0.0,1,0.24,0.27,SPY230421P00383000,383.0,0,0.0,0.0,,0.0,normalDay
2023-04-11,10298.0,0.0,0.0,0,409.72,0.0,1,0.24,0.24,SPY230421P00383000,383.0,0,0.0,0.0,,0.0,normalDay
2023-04-12,10298.0,1.0,0.0,0,408.05,0.0,1,0.24,0.23,SPY230421P00383000,383.0,0,0.0,0.0,,0.0,normalDay
2023-04-13,10298.0,13.0,0.0,0,413.47,0.0,1,0.24,0.11,SPY230421P00383000,383.0,0,0.0,0.0,,0.0,normalDay
2023-04-14,10298.0,17.0,0.0,0,412.46,0.0,1,0.24,0.07,SPY230421P00383000,383.0,0,0.0,0.0,,0.0,normalDay
2023-04-17,10298.0,19.0,0.0,0,413.94,0.0,1,0.24,0.05,SPY230421P00383000,383.0,0,0.0,0.0,,0.0,normalDay
2023-04-18,10298.0,20.0,0.0,0,414.21,0.0,1,0.24,0.04,SPY230421P00383000,383.0,0,0.0,0.0,,0.0,normalDay
2023-04-19,10298.0,20.0,0.0,0,414.14,0.0,1,0.24,0.04,SPY230421P00383000,383.0,0,0.0,0.0,,0.0,normalDay
2023-04-20,10298.0,22.0,0.0,0,411.88,0.0,1,0.24,0.02,SPY230421P00383000,383.0,0,0.0,0.0,,0.0,normalDay
2023-04-21,10322.0,0.0,24.0,0,412.2,0.0,1,0.24,0.0,SPY230421P00383000,383.0,0,0.0,0.0,,0.0,expirationDay
2023-04-24,10322.0,-3.0,0.0,0,412.63,0.0,1,0.93,0.96,SPY230505P00398000,398.0,0,0.0,0.0,,0.0,normalDay
2023-04-25,10322.0,-105.0,0.0,0,406.08,0.0,1,0.93,1.98,SPY230505P00398000,398.0,0,0.0,0.0,,0.0,normalDay
2023-04-26,10322.0,-147.0,0.0,0,404.36,0.0,1,0.93,2.4,SPY230505P00398000,398.0,0,0.0,0.0,,0.0,normalDay
2023-04-27,10322.0,41.0,0.0,0,412.41,0.0,1,0.93,0.52,SPY230505P00398000,398.0,0,0.0,0.0,,0.0,normalDay
2023-04-28,10322.0,73.0,0.0,0,415.93,0.0,1,0.93,0.2,SPY230505P00398000,398.0,0,0.0,0.0,,0.0,normalDay
2023-05-01,10322.0,82.0,0.0,0,415.51,0.0,1,0.93,0.11,SPY230505P00398000,398.0,0,0.0,0.0,,0.0,normalDay
2023-05-02,10322.0,65.0,0.0,0,410.84,0.0,1,0.93,0.28,SPY230505P00398000,398.0,0,0.0,0.0,,0.0,normalDay
2023-05-03,10322.0,65.0,0.0,0,408.02,0.0,1,0.93,0.28,SPY230505P00398000,398.0,0,0.0,0.0,,0.0,normalDay
2023-05-04,10322.0,59.0,0.0,0,405.13,0.0,1,0.93,0.34,SPY230505P00398000,398.0,0,0.0,0.0,,0.0,normalDay
2023-05-05,10415.0,0.0,93.0,0,412.63,0.0,1,0.93,0.0,SPY230505P00398000,398.0,0,0.0,0.0,,0.0,expirationDay
2023-05-08,10415.0,-3.0,0.0,0,412.74,0.0,1,1.61,1.64,SPY230519P00405000,405.0,0,0.0,0.0,,0.0,normalDay
2023-05-09,10415.0,-40.0,0.0,0,410.93,0.0,1,1.61,2.01,SPY230519P00405000,405.0,0,0.0,0.0,,0.0,normalDay
2023-05-10,10415.0,46.0,0.0,0,412.85,0.0,1,1.61,1.15,SPY230519P00405000,405.0,0,0.0,0.0,,0.0,normalDay
2023-05-11,10415.0,52.0,0.0,0,412.13,0.0,1,1.61,1.09,SPY230519P00405000,405.0,0,0.0,0.0,,0.0,normalDay
2023-05-12,10415.0,61.0,0.0,0,411.59,0.0,1,1.61,1.0,SPY230519P00405000,405.0,0,0.0,0.0,,0.0,normalDay
2023-05-15,10415.0,115.0,0.0,0,413.01,0.0,1,1.61,0.46,SPY230519P00405000,405.0,0,0.0,0.0,,0.0,normalDay
2023-05-16,10415.0,89.0,0.0,0,410.25,0.0,1,1.61,0.72,SPY230519P00405000,405.0,0,0.0,0.0,,0.0,normalDay
2023-05-17,10415.0,146.0,0.0,0,415.23,0.0,1,1.61,0.15,SPY230519P00405000,405.0,0,0.0,0.0,,0.0,normalDay
2023-05-18,10415.0,155.0,0.0,0,419.23,0.0,1,1.61,0.06,SPY230519P00405000,405.0,0,0.0,0.0,,0.0,normalDay
2023-05-19,10576.0,0.0,161.0,0,418.62,0.0,1,1.61,0.0,SPY230519P00405000,405.0,0,0.0,0.0,,0.0,expirationDay
2023-05-22,10576.0,-3.0,0.0,0,418.79,0.0,1,0.78,0.81,SPY230602P00404000,404.0,0,0.0,0.0,,0.0,normalDay
2023-05-23,10576.0,-66.0,0.0,0,414.09,0.0,1,0.78,1.44,SPY230602P00404000,404.0,0,0.0,0.0,,0.0,normalDay
2023-05-24,10576.0,-126.0,0.0,0,411.09,0.0,1,0.78,2.04,SPY230602P00404000,404.0,0,0.0,0.0,,0.0,normalDay
2023-05-25,10576.0,-33.0,0.0,0,414.65,0.0,1,0.78,1.11,SPY230602P00404000,404.0,0,0.0,0.0,,0.0,normalDay
2023-05-26,10576.0,28.0,0.0,0,420.02,0.0,1,0.78,0.5,SPY230602P00404000,404.0,0,0.0,0.0,,0.0,normalDay
2023-05-30,10576.0,66.0,0.0,0,420.18,0.0,1,0.78,0.12,SPY230602P00404000,404.0,0,0.0,0.0,,0.0,normalDay
2023-05-31,10576.0,69.0,0.0,0,417.85,0.0,1,0.78,0.09,SPY230602P00404000,404.0,0,0.0,0.0,,0.0,normalDay
2023-06-01,10576.0,75.0,0.0,0,421.82,0.0,1,0.78,0.03,SPY230602P00404000,404.0,0,0.0,0.0,,0.0,normalDay
2023-06-02,10654.0,0.0,78.0,0,427.92,0.0,1,0.78,0.0,SPY230602P00404000,404.0,0,0.0,0.0,,0.0,expirationDay
2023-06-05,10654.0,-3.0,0.0,0,427.1,0.0,1,0.35,0.38,SPY230616P00406000,406.0,0,0.0,0.0,,0.0,normalDay
2023-06-06,10654.0,5.0,0.0,0,428.03,0.0,1,0.35,0.3,SPY230616P00406000,406.0,0,0.0,0.0,,0.0,normalDay
2023-06-07,10654.0,6.0,0.0,0,426.55,0.0,1,0.35,0.29,SPY230616P00406000,406.0,0,0.0,0.0,,0.0,normalDay
2023-06-08,10654.0,14.0,0.0,0,429.13,0.0,1,0.35,0.21,SPY230616P00406000,406.0,0,0.0,0.0,,0.0,normalDay
2023-06-09,10654.0,20.0,0.0,0,429.9,0.0,1,0.35,0.15,SPY230616P00406000,406.0,0,0.0,0.0,,0.0,normalDay
2023-06-12,10654.0,23.0,0.0,0,433.8,0.0,1,0.35,0.12,SPY230616P00406000,406.0,0,0.0,0.0,,0.0,normalDay
2023-06-13,10654.0,26.0,0.0,0,436.66,0.0,1,0.35,0.09,SPY230616P00406000,406.0,0,0.0,0.0,,0.0,normalDay
2023-06-14,10654.0,30.0,0.0,0,437.18,0.0,1,0.35,0.05,SPY230616P00406000,406.0,0,0.0,0.0,,0.0,normalDay
2023-06-15,10654.0,31.0,0.0,0,442.6,0.0,1,0.35,0.04,SPY230616P00406000,406.0,0,0.0,0.0,,0.0,normalDay
2023-06-16,10689.0,0.0,35.0,0,439.46,0.0,1,0.35,0.0,SPY230616P00406000,406.0,0,0.0,0.0,,0.0,expirationDay
2023-06-20,10689.0,-3.0,0.0,0,437.18,0.0,1,0.08,0.11,SPY230630P00408000,408.0,0,0.0,0.0,,0.0,normalDay
2023-06-21,10689.0,-1.0,0.0,0,434.94,0.0,1,0.08,0.09,SPY230630P00408000,408.0,0,0.0,0.0,,0.0,normalDay
2023-06-22,10689.0,2.0,0.0,0,436.51,0.0,1,0.08,0.06,SPY230630P00408000,408.0,0,0.0,0.0,,0.0,normalDay
2023-06-23,10689.0,1.0,0.0,0,433.21,0.0,1,0.08,0.07,SPY230630P00408000,408.0,0,0.0,0.0,,0.0,normalDay
2023-06-26,10689.0,1.0,0.0,0,431.44,0.0,1,0.08,0.07,SPY230630P00408000,408.0,0,0.0,0.0,,0.0,normalDay
2023-06-27,10689.0,3.0,0.0,0,436.17,0.0,1,0.08,0.05,SPY230630P00408000,408.0,0,0.0,0.0,,0.0,normalDay
2023-06-28,10689.0,5.0,0.0,0,436.39,0.0,1,0.08,0.03,SPY230630P00408000,408.0,0,0.0,0.0,,0.0,normalDay
2023-06-29,10689.0,6.0,0.0,0,438.11,0.0,1,0.08,0.02,SPY230630P00408000,408.0,0,0.0,0.0,,0.0,normalDay
2023-06-30,10697.0,0.0,8.0,0,443.28,0.0,1,0.08,0.0,SPY230630P00408000,408.0,0,0.0,0.0,,0.0,expirationDay
2023-07-03,10697.0,-4.0,0.0,0,443.79,0.0,1,0.22,0.26,SPY230714P00425000,425.0,0,0.0,0.0,,0.0,normalDay
2023-07-05,10697.0,-1.0,0.0,0,443.13,0.0,1,0.22,0.23,SPY230714P00425000,425.0,0,0.0,0.0,,0.0,normalDay
2023-07-06,10697.0,-13.0,0.0,0,439.66,0.0,1,0.22,0.35,SPY230714P00425000,425.0,0,0.0,0.0,,0.0,normalDay
2023-07-07,10697.0,3.0,0.0,0,438.55,0.0,1,0.22,0.19,SPY230714P00425000,425.0,0,0.0,0.0,,0.0,normalDay
2023-07-10,10697.0,12.0,0.0,0,439.66,0.0,1,0.22,0.1,SPY230714P00425000,425.0,0,0.0,0.0,,0.0,normalDay
2023-07-11,10697.0,14.0,0.0,0,442.46,0.0,1,0.22,0.08,SPY230714P00425000,425.0,0,0.0,0.0,,0.0,normalDay
2023-07-12,10697.0,19.0,0.0,0,446.02,0.0,1,0.22,0.03,SPY230714P00425000,425.0,0,0.0,0.0,,0.0,normalDay
2023-07-13,10697.0,19.0,0.0,0,449.56,0.0,1,0.22,0.03,SPY230714P00425000,425.0,0,0.0,0.0,,0.0,normalDay
2023-07-14,10719.0,0.0,22.0,0,449.28,0.0,1,0.22,0.0,SPY230714P00425000,425.0,0,0.0,0.0,,0.0,expirationDay
2023-07-17,10719.0,-3.0,0.0,0,450.84,0.0,1,0.24,0.27,SPY230728P00430000,430.0,0,0.0,0.0,,0.0,normalDay
2023-07-18,10719.0,5.0,0.0,0,454.19,0.0,1,0.24,0.19,SPY230728P00430000,430.0,0,0.0,0.0,,0.0,normalDay
2023-07-19,10719.0,8.0,0.0,0,455.2,0.0,1,0.24,0.16,SPY230728P00430000,430.0,0,0.0,0.0,,0.0,normalDay
2023-07-20,10719.0,6.0,0.0,0,452.18,0.0,1,0.24,0.18,SPY230728P00430000,430.0,0,0.0,0.0,,0.0,normalDay
2023-07-21,10719.0,15.0,0.0,0,452.18,0.0,1,0.24,0.09,SPY230728P00430000,430.0,0,0.0,0.0,,0.0,normalDay
2023-07-24,10719.0,19.0,0.0,0,454.2,0.0,1,0.24,0.05,SPY230728P00430000,430.0,0,0.0,0.0,,0.0,normalDay
2023-07-25,10719.0,20.0,0.0,0,455.44,0.0,1,0.24,0.04,SPY230728P00430000,430.0,0,0.0,0.0,,0.0,normalDay
2023-07-26,10719.0,21.0,0.0,0,455.51,0.0,1,0.24,0.03,SPY230728P00430000,430.0,0,0.0,0.0,,0.0,normalDay
2023-07-27,10719.0,20.0,0.0,0,452.49,0.0,1,0.24,0.04,SPY230728P00430000,430.0,0,0.0,0.0,,0.0,normalDay
2023-07-28,10743.0,0.0,24.0,0,456.92,0.0,1,0.24,0.0,SPY230728P00430000,430.0,0,0.0,0.0,,0.0,expirationDay
2023-07-31,10743.0,-3.0,0.0,0,457.79,0.0,1,0.22,0.25,SPY230811P00437000,437.0,0,0.0,0.0,,0.0,normalDay
2023-08-01,10743.0,-4.0,0.0,0,456.48,0.0,1,0.22,0.26,SPY230811P00437000,437.0,0,0.0,0.0,,0.0,normalDay
2023-08-02,10743.0,-49.0,0.0,0,450.13,0.0,1,0.22,0.71,SPY230811P00437000,437.0,0,0.0,0.0,,0.0,normalDay
2023-08-03,10743.0,-36.0,0.0,0,448.84,0.0,1,0.22,0.58,SPY230811P00437000,437.0,0,0.0,0.0,,0.0,normalDay
2023-08-04,10743.0,-59.0,0.0,0,446.81,0.0,1,0.22,0.81,SPY230811P00437000,437.0,0,0.0,0.0,,0.0,normalDay
2023-08-07,10743.0,3.0,0.0,0,450.71,0.0,1,0.22,0.19,SPY230811P00437000,437.0,0,0.0,0.0,,0.0,normalDay
2023-08-08,10743.0,5.0,0.0,0,448.75,0.0,1,0.22,0.17,SPY230811P00437000,437.0,0,0.0,0.0,,0.0,normalDay
2023-08-09,10743.0,1.0,0.0,0,445.75,0.0,1,0.22,0.21,SPY230811P00437000,437.0,0,0.0,0.0,,0.0,normalDay
2023-08-10,10743.0,14.0,0.0,0,445.91,0.0,1,0.22,0.08,SPY230811P00437000,437.0,0,0.0,0.0,,0.0,normalDay
2023-08-11,10765.0,0.0,22.0,0,445.65,0.0,1,0.22,0.0,SPY230811P00437000,437.0,0,0.0,0.0,,0.0,expirationDay
2023-08-14,10765.0,-3.0,0.0,0,448.11,0.0,1,2.31,2.34,SPY230825P00444000,444.0,0,0.0,0.0,,0.0,normalDay
2023-08-15,10765.0,-229.0,0.0,0,442.89,0.0,1,2.31,4.6,SPY230825P00444000,444.0,0,0.0,0.0,,0.0,normalDay
2023-08-16,10765.0,-376.0,0.0,0,439.64,0.0,1,2.31,6.07,SPY230825P00444000,444.0,0,0.0,0.0,,0.0,normalDay
2023-08-17,10765.0,-638.0,0.0,0,436.29,0.0,1,2.31,8.69,SPY230825P00444000,444.0,0,0.0,0.0,,0.0,normalDay
2023-08-18,10765.0,-581.0,0.0,0,436.5,0.0,1,2.31,8.12,SPY230825P00444000,444.0,0,0.0,0.0,,0.0,normalDay
2023-08-21,10765.0,-355.0,0.0,0,439.34,0.0,1,2.31,5.86,SPY230825P00444000,444.0,0,0.0,0.0,,0.0,normalDay
2023-08-22,10765.0,-407.0,0.0,0,438.15,0.0,1,2.31,6.38,SPY230825P00444000,444.0,0,0.0,0.0,,0.0,normalDay
2023-08-23,10765.0,-49.0,0.0,0,443.03,0.0,1,2.31,2.8,SPY230825P00444000,444.0,0,0.0,0.0,,0.0,normalDay
2023-08-24,10765.0,-499.0,0.0,0,436.89,0.0,1,2.31,7.3,SPY230825P00444000,444.0,0,0.0,0.0,,0.0,normalDay
2023-08-25,10996.0,-403.0,231.0,100,439.97,444.0,1,2.31,0.0,SPY230825P00444000,444.0,0,0.0,0.0,,0.0,expirationDay
2023-08-28,10996.0,-127.0,0.0,100,442.76,444.0,0,0.0,0.0,,0.0,1,1.74,1.77,SPY230908C00448000,448.0,normalDay
2023-08-29,10996.0,233.0,0.0,100,449.16,444.0,0,0.0,0.0,,0.0,1,1.74,4.57,SPY230908C00448000,448.0,normalDay
2023-08-30,10996.0,341.0,0.0,100,451.01,444.0,0,0.0,0.0,,0.0,1,1.74,5.34,SPY230908C00448000,448.0,normalDay
2023-08-31,10996.0,343.0,0.0,100,450.35,444.0,0,0.0,0.0,,0.0,1,1.74,4.66,SPY230908C00448000,448.0,normalDay
2023-09-01,10996.0,453.0,0.0,100,451.19,444.0,0,0.0,0.0,,0.0,1,1.74,4.4,SPY230908C00448000,448.0,normalDay
2023-09-05,10996.0,420.0,0.0,100,449.24,444.0,0,0.0,0.0,,0.0,1,1.74,2.78,SPY230908C00448000,448.0,normalDay
2023-09-06,10996.0,312.0,0.0,100,446.22,444.0,0,0.0,0.0,,0.0,1,1.74,0.84,SPY230908C00448000,448.0,normalDay
2023-09-07,10996.0,239.0,0.0,100,444.85,444.0,0,0.0,0.0,,0.0,1,1.74,0.2,SPY230908C00448000,448.0,normalDay
2023-09-08,11170.0,152.0,174.0,100,445.52,444.0,0,0.0,0.0,,0.0,1,1.74,0.0,SPY230908C00448000,448.0,expirationDay
2023-09-11,11170.0,441.0,0.0,100,448.45,444.0,0,0.0,0.0,,0.0,1,3.72,3.76,SPY230922C00447500,447.5,normalDay
2023-09-12,11170.0,311.0,0.0,100,445.99,444.0,0,0.0,0.0,,0.0,1,3.72,2.6,SPY230922C00447500,447.5,normalDay
2023-09-13,11170.0,393.0,0.0,100,446.51,444.0,0,0.0,0.0,,0.0,1,3.72,2.3,SPY230922C00447500,447.5,normalDay
2023-09-14,11170.0,622.0,0.0,100,450.36,444.0,0,0.0,0.0,,0.0,1,3.72,3.86,SPY230922C00447500,447.5,normalDay
2023-09-15,11170.0,196.0,0.0,100,443.37,444.0,0,0.0,0.0,,0.0,1,3.72,1.13,SPY230922C00447500,447.5,normalDay
2023-09-18,11170.0,232.0,0.0,100,443.63,444.0,0,0.0,0.0,,0.0,1,3.72,1.03,SPY230922C00447500,447.5,normalDay
2023-09-19,11170.0,178.0,0.0,100,442.71,444.0,0,0.0,0.0,,0.0,1,3.72,0.65,SPY230922C00447500,447.5,normalDay
2023-09-20,11170.0,-170.0,0.0,100,438.64,444.0,0,0.0,0.0,,0.0,1,3.72,0.06,SPY230922C00447500,447.5,normalDay
2023-09-21,11170.0,-890.0,0.0,100,431.39,444.0,0,0.0,0.0,,0.0,1,3.72,0.01,SPY230922C00447500,447.5,normalDay
2023-09-22,11542.0,-1358.0,372.0,100,430.42,444.0,0,0.0,0.0,,0.0,1,3.72,0.0,SPY230922C00447500,447.5,expirationDay
2023-09-25,11542.0,-1180.0,0.0,100,432.23,444.0,0,0.0,0.0,,0.0,1,0.15,0.18,SPY231006C00449000,449.0,normalDay
2023-09-26,11542.0,-1804.0,0.0,100,425.88,444.0,0,0.0,0.0,,0.0,1,0.15,0.07,SPY231006C00449000,449.0,normalDay
2023-09-27,11542.0,-1785.0,0.0,100,426.05,444.0,0,0.0,0.0,,0.0,1,0.15,0.05,SPY231006C00449000,449.0,normalDay
2023-09-28,11542.0,-1539.0,0.0,100,428.52,444.0,0,0.0,0.0,,0.0,1,0.15,0.06,SPY231006C00449000,449.0,normalDay
2023-09-29,11542.0,-1639.0,0.0,100,427.48,444.0,0,0.0,0.0,,0.0,1,0.15,0.02,SPY231006C00449000,449.0,normalDay
2023-10-02,11542.0,-1656.0,0.0,100,427.31,444.0,0,0.0,0.0,,0.0,1,0.15,0.02,SPY231006C00449000,449.0,normalDay
2023-10-03,11542.0,-2227.0,0.0,100,421.59,444.0,0,0.0,0.0,,0.0,1,0.15,0.01,SPY231006C00449000,449.0,normalDay
2023-10-04,11542.0,-1920.0,0.0,100,424.66,444.0,0,0.0,0.0,,0.0,1,0.15,0.01,SPY231006C00449000,449.0,normalDay
2023-10-05,11542.0,-1936.0,0.0,100,424.5,444.0,0,0.0,0.0,,0.0,1,0.15,0.01,SPY231006C00449000,449.0,normalDay
2023-10-06,11557.0,-1446.0,15.0,100,429.54,444.0,0,0.0,0.0,,0.0,1,0.15,0.0,SPY231006C00449000,449.0,expirationDay
2023-10-09,11557.0,-1174.0,0.0,100,432.29,444.0,0,0.0,0.0,,0.0,1,1.8,1.83,SPY231020C00440000,440.0,normalDay
2023-10-10,11557.0,-978.0,0.0,100,434.54,444.0,0,0.0,0.0,,0.0,1,1.8,2.12,SPY231020C00440000,440.0,normalDay
2023-10-11,11557.0,-838.0,0.0,100,436.32,444.0,0,0.0,0.0,,0.0,1,1.8,2.5,SPY231020C00440000,440.0,normalDay
2023-10-12,11557.0,-978.0,0.0,100,433.66,444.0,0,0.0,0.0,,0.0,1,1.8,1.24,SPY231020C00440000,440.0,normalDay
2023-10-13,11557.0,-1132.0,0.0,100,431.5,444.0,0,0.0,0.0,,0.0,1,1.8,0.62,SPY231020C00440000,440.0,normalDay
2023-10-16,11557.0,-748.0,0.0,100,436.04,444.0,0,0.0,0.0,,0.0,1,1.8,1.32,SPY231020C00440000,440.0,normalDay
2023-10-17,11557.0,-720.0,0.0,100,436.02,444.0,0,0.0,0.0,,0.0,1,1.8,1.02,SPY231020C00440000,440.0,normalDay
2023-10-18,11557.0,-1212.0,0.0,100,430.21,444.0,0,0.0,0.0,,0.0,1,1.8,0.13,SPY231020C00440000,440.0,normalDay
2023-10-19,11557.0,-1580.0,0.0,100,426.43,444.0,0,0.0,0.0,,0.0,1,1.8,0.03,SPY231020C00440000,440.0,normalDay
2023-10-20,11737.0,-2281.0,180.0,100,421.19,444.0,0,0.0,0.0,,0.0,1,1.8,0.0,SPY231020C00440000,440.0,expirationDay
2023-10-23,11737.0,-2357.0,0.0,100,420.46,444.0,0,0.0,0.0,,0.0,1,1.47,1.5,SPY231103C00432000,432.0,normalDay
2023-10-24,11737.0,-2070.0,0.0,100,423.63,444.0,0,0.0,0.0,,0.0,1,1.47,1.8,SPY231103C00432000,432.0,normalDay
2023-10-25,11737.0,-2553.0,0.0,100,417.55,444.0,0,0.0,0.0,,0.0,1,1.47,0.55,SPY231103C00432000,432.0,normalDay
2023-10-26,11737.0,-3014.0,0.0,100,412.55,444.0,0,0.0,0.0,,0.0,1,1.47,0.16,SPY231103C00432000,432.0,normalDay
2023-10-27,11737.0,-3191.0,0.0,100,410.68,444.0,0,0.0,0.0,,0.0,1,1.47,0.06,SPY231103C00432000,432.0,normalDay
2023-10-30,11737.0,-2701.0,0.0,100,415.59,444.0,0,0.0,0.0,,0.0,1,1.47,0.07,SPY231103C00432000,432.0,normalDay
2023-10-31,11737.0,-2438.0,0.0,100,418.2,444.0,0,0.0,0.0,,0.0,1,1.47,0.05,SPY231103C00432000,432.0,normalDay
2023-11-01,11737.0,-1995.0,0.0,100,422.66,444.0,0,0.0,0.0,,0.0,1,1.47,0.08,SPY231103C00432000,432.0,normalDay
2023-11-02,11737.0,-1265.0,0.0,100,430.76,444.0,0,0.0,0.0,,0.0,1,1.47,0.88,SPY231103C00432000,432.0,normalDay
2023-11-03,10684.0,-1265.0,-1053.0,0,434.69,0.0,0,0.0,0.0,,0.0,1,1.47,0.0,SPY231103C00432000,432.0,expirationDay
2023-11-06,10684.0,-3.0,0.0,0,435.69,0.0,1,0.22,0.25,SPY231117P00409000,409.0,0,0.0,0.0,,0.0,normalDay
2023-11-07,10684.0,2.0,0.0,0,436.93,0.0,1,0.22,0.2,SPY231117P00409000,409.0,0,0.0,0.0,,0.0,normalDay
2023-11-08,10684.0,6.0,0.0,0,437.25,0.0,1,0.22,0.16,SPY231117P00409000,409.0,0,0.0,0.0,,0.0,normalDay
2023-11-09,10684.0,5.0,0.0,0,433.84,0.0,1,0.22,0.17,SPY231117P00409000,409.0,0,0.0,0.0,,0.0,normalDay
2023-11-10,10684.0,13.0,0.0,0,440.61,0.0,1,0.22,0.09,SPY231117P00409000,409.0,0,0.0,0.0,,0.0,normalDay
2023-11-13,10684.0,16.0,0.0,0,440.19,0.0,1,0.22,0.06,SPY231117P00409000,409.0,0,0.0,0.0,,0.0,normalDay
2023-11-14,10684.0,17.0,0.0,0,448.73,0.0,1,0.22,0.05,SPY231117P00409000,409.0,0,0.0,0.0,,0.0,normalDay
2023-11-15,10684.0,19.0,0.0,0,449.68,0.0,1,0.22,0.03,SPY231117P00409000,409.0,0,0.0,0.0,,0.0,normalDay
2023-11-16,10684.0,20.0,0.0,0,450.23,0.0,1,0.22,0.02,SPY231117P00409000,409.0,0,0.0,0.0,,0.0,normalDay
2023-11-17,10706.0,0.0,22.0,0,450.79,0.0,1,0.22,0.0,SPY231117P00409000,409.0,0,0.0,0.0,,0.0,expirationDay
2023-11-20,10706.0,-3.0,0.0,0,454.26,0.0,1,0.04,0.07,SPY231201P00406000,406.0,0,0.0,0.0,,0.0,normalDay
2023-11-21,10706.0,-2.0,0.0,0,453.27,0.0,1,0.04,0.06,SPY231201P00406000,406.0,0,0.0,0.0,,0.0,normalDay
2023-11-22,10706.0,-1.0,0.0,0,455.02,0.0,1,0.04,0.05,SPY231201P00406000,406.0,0,0.0,0.0,,0.0,normalDay
2023-11-24,10706.0,1.0,0.0,0,455.3,0.0,1,0.04,0.03,SPY231201P00406000,406.0,0,0.0,0.0,,0.0,normalDay
2023-11-27,10706.0,2.0,0.0,0,454.48,0.0,1,0.04,0.02,SPY231201P00406000,406.0,0,0.0,0.0,,0.0,normalDay
2023-11-28,10706.0,2.0,0.0,0,454.93,0.0,1,0.04,0.02,SPY231201P00406000,406.0,0,0.0,0.0,,0.0,normalDay
2023-11-29,10706.0,3.0,0.0,0,454.61,0.0,1,0.04,0.01,SPY231201P00406000,406.0,0,0.0,0.0,,0.0,normalDay
2023-11-30,10706.0,3.0,0.0,0,456.4,0.0,1,0.04,0.01,SPY231201P00406000,406.0,0,0.0,0.0,,0.0,normalDay
