date,totalCapital,unrializedPnL,rializedPnL,stocksOwned,stocksPriceToday,stocksPriceBoughtAt,putOwned,putOwnedSoldAt,putPriceToday,putOwnedContract,putOwnedStrike,callOwned,callOwnedSoldAt,callPriceToday,callOwnedContract,callOwnedStrike,trackType
2018-11-01,0.0,-4.0,0.0,0,273.51,0.0,1,1.2,1.24,SPY181107P00268000,268.0,0,0.0,0.0,,0.0,normalDay
2018-11-02,0.0,-8.0,0.0,0,271.89,0.0,1,1.2,1.28,SPY181107P00268000,268.0,0,0.0,0.0,,0.0,normalDay
2018-11-05,0.0,59.0,0.0,0,273.39,0.0,1,1.2,0.61,SPY181107P00268000,268.0,0,0.0,0.0,,0.0,normalDay
2018-11-06,0.0,90.0,0.0,0,275.12,0.0,1,1.2,0.3,SPY181107P00268000,268.0,0,0.0,0.0,,0.0,normalDay
2018-11-07,120.0,0.0,120.0,0,281.01,0.0,1,1.2,0.0,SPY181107P00268000,268.0,0,0.0,0.0,,0.0,expirationDay
2018-11-08,120.0,-3.0,0.0,0,280.5,0.0,1,0.14,0.17,SPY181114P00268500,268.5,0,0.0,0.0,,0.0,normalDay
2018-11-09,120.0,-5.0,0.0,0,277.76,0.0,1,0.14,0.19,SPY181114P00268500,268.5,0,0.0,0.0,,0.0,normalDay
2018-11-12,120.0,-53.0,0.0,0,272.57,0.0,1,0.14,0.67,SPY181114P00268500,268.5,0,0.0,0.0,,0.0,normalDay
2018-11-13,120.0,-24.0,0.0,0,272.06,0.0,1,0.14,0.38,SPY181114P00268500,268.5,0,0.0,0.0,,0.0,normalDay
2018-11-14,134.0,0.0,14.0,0,270.2,0.0,1,0.14,0.0,SPY181114P00268500,268.5,0,0.0,0.0,,0.0,expirationDay
2018-11-15,134.0,-3.0,0.0,0,273.02,0.0,1,1.02,1.05,SPY181121P00268000,268.0,0,0.0,0.0,,0.0,normalDay
2018-11-16,134.0,54.0,0.0,0,273.73,0.0,1,1.02,0.48,SPY181121P00268000,268.0,0,0.0,0.0,,0.0,normalDay
2018-11-19,134.0,-26.0,0.0,0,269.1,0.0,1,1.02,1.28,SPY181121P00268000,268.0,0,0.0,0.0,,0.0,normalDay
2018-11-20,134.0,-343.0,0.0,0,264.12,0.0,1,1.02,4.45,SPY181121P00268000,268.0,0,0.0,0.0,,0.0,normalDay
2018-11-21,236.0,-298.0,102.0,100,265.02,268.0,1,1.02,0.0,SPY181121P00268000,268.0,0,0.0,0.0,,0.0,expirationDay
2018-11-23,236.0,-475.0,0.0,100,263.25,268.0,0,0.0,0.0,,0.0,0,0.0,0.0,,0.0,bidTooLow
2018-11-26,236.0,-53.0,0.0,100,267.5,268.0,0,0.0,0.0,,0.0,1,0.04,0.07,SPY181205C00281000,281.0,normalDay
2018-11-27,236.0,33.0,0.0,100,268.4,268.0,0,0.0,0.0,,0.0,1,0.04,0.11,SPY181205C00281000,281.0,normalDay
2018-11-28,236.0,588.0,0.0,100,274.58,268.0,0,0.0,0.0,,0.0,1,0.04,0.74,SPY181205C00281000,281.0,normalDay
2018-11-29,236.0,539.0,0.0,100,273.98,268.0,0,0.0,0.0,,0.0,1,0.04,0.63,SPY181205C00281000,281.0,normalDay
2018-11-30,236.0,669.0,0.0,100,275.65,268.0,0,0.0,0.0,,0.0,1,0.04,1.0,SPY181205C00281000,281.0,normalDay
2018-12-03,236.0,1096.0,0.0,100,279.3,268.0,0,0.0,0.0,,0.0,1,0.04,0.38,SPY181205C00281000,281.0,normalDay
2018-12-04,236.0,228.0,0.0,100,270.25,268.0,0,0.0,0.0,,0.0,1,0.04,0.01,SPY181205C00281000,281.0,normalDay
2018-12-06,240.0,184.0,4.0,100,269.84,268.0,0,0.0,0.0,,0.0,1,0.04,0.0,SPY181205C00281000,281.0,optionNotFound
2018-12-07,240.0,-446.0,0.0,100,263.57,268.0,0,0.0,0.0,,0.0,1,0.04,0.07,SPY181214C00280000,280.0,normalDay
2018-12-10,240.0,-392.0,0.0,100,264.07,268.0,0,0.0,0.0,,0.0,1,0.04,0.03,SPY181214C00280000,280.0,normalDay
2018-12-11,240.0,-385.0,0.0,100,264.13,268.0,0,0.0,0.0,,0.0,1,0.04,0.02,SPY181214C00280000,280.0,normalDay
2018-12-12,240.0,-252.0,0.0,100,265.46,268.0,0,0.0,0.0,,0.0,1,0.04,0.02,SPY181214C00280000,280.0,normalDay
2018-12-13,240.0,-260.0,0.0,100,265.37,268.0,0,0.0,0.0,,0.0,1,0.04,0.01,SPY181214C00280000,280.0,normalDay
2018-12-14,244.0,-753.0,4.0,100,260.47,268.0,0,0.0,0.0,,0.0,1,0.04,0.0,SPY181214C00280000,280.0,expirationDay
2018-12-17,244.0,-1267.0,0.0,100,255.36,268.0,0,0.0,0.0,,0.0,1,0.01,0.04,SPY181226C00278000,278.0,normalDay
2018-12-18,244.0,-1295.0,0.0,100,255.08,268.0,0,0.0,0.0,,0.0,1,0.01,0.04,SPY181226C00278000,278.0,normalDay
2018-12-19,244.0,-1676.0,0.0,100,251.26,268.0,0,0.0,0.0,,0.0,1,0.01,0.03,SPY181226C00278000,278.0,normalDay
2018-12-20,244.0,-2084.0,0.0,100,247.17,268.0,0,0.0,0.0,,0.0,1,0.01,0.02,SPY181226C00278000,278.0,normalDay
2018-12-21,244.0,-2730.0,0.0,100,240.7,268.0,0,0.0,0.0,,0.0,1,0.01,0.01,SPY181226C00278000,278.0,normalDay
2018-12-24,244.0,-3366.0,0.0,100,234.34,268.0,0,0.0,0.0,,0.0,1,0.01,0.01,SPY181226C00278000,278.0,normalDay
2018-12-26,245.0,-2182.0,1.0,100,246.18,268.0,0,0.0,0.0,,0.0,1,0.01,0.0,SPY181226C00278000,278.0,expirationDay
2018-12-27,245.0,-1993.0,0.0,100,248.07,268.0,0,0.0,0.0,,0.0,0,0.0,0.0,,0.0,bidTooLow
2018-12-28,245.0,-2025.0,0.0,100,247.75,268.0,0,0.0,0.0,,0.0,0,0.0,0.0,,0.0,bidTooLow
2018-12-31,245.0,-1808.0,0.0,100,249.92,268.0,0,0.0,0.0,,0.0,0,0.0,0.0,,0.0,bidTooLow
2019-01-02,245.0,-1782.0,0.0,100,250.18,268.0,0,0.0,0.0,,0.0,0,0.0,0.0,,0.0,bidTooLow
2019-01-03,245.0,-2379.0,0.0,100,244.21,268.0,0,0.0,0.0,,0.0,0,0.0,0.0,,0.0,bidTooLow
2019-01-04,245.0,-1561.0,0.0,100,252.39,268.0,0,0.0,0.0,,0.0,0,0.0,0.0,,0.0,bidTooLow
2019-01-07,245.0,-1365.0,0.0,100,254.38,268.0,0,0.0,0.0,,0.0,1,0.04,0.07,SPY190116C00269000,269.0,normalDay
2019-01-08,245.0,-1127.0,0.0,100,256.77,268.0,0,0.0,0.0,,0.0,1,0.04,0.08,SPY190116C00269000,269.0,normalDay
2019-01-09,245.0,-1006.0,0.0,100,257.97,268.0,0,0.0,0.0,,0.0,1,0.04,0.07,SPY190116C00269000,269.0,normalDay
2019-01-10,245.0,-915.0,0.0,100,258.88,268.0,0,0.0,0.0,,0.0,1,0.04,0.07,SPY190116C00269000,269.0,normalDay
2019-01-11,245.0,-900.0,0.0,100,258.98,268.0,0,0.0,0.0,,0.0,1,0.04,0.02,SPY190116C00269000,269.0,normalDay
2019-01-14,245.0,-1056.0,0.0,100,257.4,268.0,0,0.0,0.0,,0.0,1,0.04,0.0,SPY190116C00269000,269.0,normalDay
2019-01-15,245.0,-762.0,0.0,100,260.35,268.0,0,0.0,0.0,,0.0,1,0.04,0.01,SPY190116C00269000,269.0,normalDay
2019-01-16,249.0,-702.0,4.0,100,260.98,268.0,0,0.0,0.0,,0.0,1,0.04,0.0,SPY190116C00269000,269.0,expirationDay
2019-01-17,249.0,-509.0,0.0,100,262.96,268.0,0,0.0,0.0,,0.0,1,0.99,1.04,SPY190125C00265500,265.5,normalDay
2019-01-18,249.0,-294.0,0.0,100,266.46,268.0,0,0.0,0.0,,0.0,1,0.99,2.39,SPY190125C00265500,265.5,normalDay
2019-01-22,249.0,-488.0,0.0,100,262.86,268.0,0,0.0,0.0,,0.0,1,0.99,0.73,SPY190125C00265500,265.5,normalDay
2019-01-23,249.0,-406.0,0.0,100,263.41,268.0,0,0.0,0.0,,0.0,1,0.99,0.46,SPY190125C00265500,265.5,normalDay
2019-01-24,249.0,-358.0,0.0,100,263.55,268.0,0,0.0,0.0,,0.0,1,0.99,0.12,SPY190125C00265500,265.5,normalDay
2019-01-25,98.0,-358.0,-151.0,0,265.78,0.0,0,0.0,0.0,,0.0,1,0.99,0.0,SPY190125C00265500,265.5,expirationDay
2019-01-28,98.0,-3.0,0.0,0,263.76,0.0,1,0.09,0.12,SPY190201P00251500,251.5,0,0.0,0.0,,0.0,normalDay
2019-01-29,98.0,-1.0,0.0,0,263.41,0.0,1,0.09,0.1,SPY190201P00251500,251.5,0,0.0,0.0,,0.0,normalDay
2019-01-30,98.0,7.0,0.0,0,267.58,0.0,1,0.09,0.02,SPY190201P00251500,251.5,0,0.0,0.0,,0.0,normalDay
2019-01-31,98.0,8.0,0.0,0,269.93,0.0,1,0.09,0.01,SPY190201P00251500,251.5,0,0.0,0.0,,0.0,normalDay
2019-02-01,107.0,0.0,9.0,0,270.06,0.0,1,0.09,0.0,SPY190201P00251500,251.5,0,0.0,0.0,,0.0,expirationDay
2019-02-04,107.0,0.0,0.0,0,271.96,0.0,0,0.0,0.0,,0.0,0,0.0,0.0,,0.0,bidTooLow
2019-02-05,107.0,-3.0,0.0,0,273.1,0.0,1,0.01,0.04,SPY190211P00259000,259.0,0,0.0,0.0,,0.0,normalDay
2019-02-06,107.0,-2.0,0.0,0,272.74,0.0,1,0.01,0.03,SPY190211P00259000,259.0,0,0.0,0.0,,0.0,normalDay
2019-02-07,107.0,-3.0,0.0,0,270.14,0.0,1,0.01,0.04,SPY190211P00259000,259.0,0,0.0,0.0,,0.0,normalDay
2019-02-08,107.0,0.0,0.0,0,270.47,0.0,1,0.01,0.01,SPY190211P00259000,259.0,0,0.0,0.0,,0.0,normalDay
2019-02-11,108.0,0.0,1.0,0,270.62,0.0,1,0.01,0.0,SPY190211P00259000,259.0,0,0.0,0.0,,0.0,expirationDay
2019-02-12,108.0,-3.0,0.0,0,274.1,0.0,1,0.03,0.06,SPY190215P00263000,263.0,0,0.0,0.0,,0.0,normalDay
2019-02-13,108.0,-1.0,0.0,0,274.99,0.0,1,0.03,0.04,SPY190215P00263000,263.0,0,0.0,0.0,,0.0,normalDay
2019-02-14,108.0,0.0,0.0,0,274.38,0.0,1,0.03,0.03,SPY190215P00263000,263.0,0,0.0,0.0,,0.0,normalDay
2019-02-15,111.0,0.0,3.0,0,277.37,0.0,1,0.03,0.0,SPY190215P00263000,263.0,0,0.0,0.0,,0.0,expirationDay
2019-02-19,111.0,-3.0,0.0,0,277.85,0.0,1,0.02,0.05,SPY190225P00265000,265.0,0,0.0,0.0,,0.0,normalDay
2019-02-20,111.0,-1.0,0.0,0,278.41,0.0,1,0.02,0.03,SPY190225P00265000,265.0,0,0.0,0.0,,0.0,normalDay
2019-02-21,111.0,0.0,0.0,0,277.42,0.0,1,0.02,0.02,SPY190225P00265000,265.0,0,0.0,0.0,,0.0,normalDay
2019-02-22,111.0,1.0,0.0,0,279.14,0.0,1,0.02,0.01,SPY190225P00265000,265.0,0,0.0,0.0,,0.0,normalDay
2019-02-25,113.0,0.0,2.0,0,279.52,0.0,1,0.02,0.0,SPY190225P00265000,265.0,0,0.0,0.0,,0.0,expirationDay
2019-02-26,113.0,-3.0,0.0,0,279.32,0.0,1,0.09,0.12,SPY190304P00269000,269.0,0,0.0,0.0,,0.0,normalDay
2019-02-27,113.0,2.0,0.0,0,279.2,0.0,1,0.09,0.07,SPY190304P00269000,269.0,0,0.0,0.0,,0.0,normalDay
2019-02-28,113.0,5.0,0.0,0,278.68,0.0,1,0.09,0.04,SPY190304P00269000,269.0,0,0.0,0.0,,0.0,normalDay
2019-03-01,113.0,7.0,0.0,0,280.42,0.0,1,0.09,0.02,SPY190304P00269000,269.0,0,0.0,0.0,,0.0,normalDay
2019-03-04,122.0,0.0,9.0,0,279.4,0.0,1,0.09,0.0,SPY190304P00269000,269.0,0,0.0,0.0,,0.0,expirationDay
2019-03-05,122.0,-4.0,0.0,0,279.02,0.0,1,0.22,0.26,SPY190311P00273000,273.0,0,0.0,0.0,,0.0,normalDay
2019-03-06,122.0,-18.0,0.0,0,277.33,0.0,1,0.22,0.4,SPY190311P00273000,273.0,0,0.0,0.0,,0.0,normalDay
2019-03-07,122.0,-41.0,0.0,0,275.01,0.0,1,0.22,0.63,SPY190311P00273000,273.0,0,0.0,0.0,,0.0,normalDay
2019-03-08,122.0,-14.0,0.0,0,274.46,0.0,1,0.22,0.36,SPY190311P00273000,273.0,0,0.0,0.0,,0.0,normalDay
2019-03-11,144.0,0.0,22.0,0,278.44,0.0,1,0.22,0.0,SPY190311P00273000,273.0,0,0.0,0.0,,0.0,expirationDay
2019-03-12,144.0,-4.0,0.0,0,279.49,0.0,1,0.69,0.73,SPY190318P00276000,276.0,0,0.0,0.0,,0.0,normalDay
2019-03-13,144.0,44.0,0.0,0,281.34,0.0,1,0.69,0.25,SPY190318P00276000,276.0,0,0.0,0.0,,0.0,normalDay
2019-03-14,144.0,52.0,0.0,0,281.16,0.0,1,0.69,0.17,SPY190318P00276000,276.0,0,0.0,0.0,,0.0,normalDay
2019-03-15,144.0,66.0,0.0,0,281.31,0.0,1,0.69,0.03,SPY190318P00276000,276.0,0,0.0,0.0,,0.0,normalDay
2019-03-18,213.0,0.0,69.0,0,282.33,0.0,1,0.69,0.0,SPY190318P00276000,276.0,0,0.0,0.0,,0.0,expirationDay
2019-03-19,213.0,-3.0,0.0,0,282.4,0.0,1,0.33,0.36,SPY190325P00277000,277.0,0,0.0,0.0,,0.0,normalDay
2019-03-20,213.0,2.0,0.0,0,281.55,0.0,1,0.33,0.31,SPY190325P00277000,277.0,0,0.0,0.0,,0.0,normalDay
2019-03-21,213.0,27.0,0.0,0,284.73,0.0,1,0.33,0.06,SPY190325P00277000,277.0,0,0.0,0.0,,0.0,normalDay
2019-03-22,213.0,-1.0,0.0,0,279.25,0.0,1,0.33,0.34,SPY190325P00277000,277.0,0,0.0,0.0,,0.0,normalDay
2019-03-25,246.0,0.0,33.0,0,279.04,0.0,1,0.33,0.0,SPY190325P00277000,277.0,0,0.0,0.0,,0.0,expirationDay
2019-03-26,246.0,-3.0,0.0,0,281.12,0.0,1,0.67,0.7,SPY190401P00277500,277.5,0,0.0,0.0,,0.0,normalDay
2019-03-27,246.0,-24.0,0.0,0,279.65,0.0,1,0.67,0.91,SPY190401P00277500,277.5,0,0.0,0.0,,0.0,normalDay
2019-03-28,246.0,31.0,0.0,0,280.71,0.0,1,0.67,0.36,SPY190401P00277500,277.5,0,0.0,0.0,,0.0,normalDay
2019-03-29,246.0,63.0,0.0,0,282.48,0.0,1,0.67,0.04,SPY190401P00277500,277.5,0,0.0,0.0,,0.0,normalDay
2019-04-01,313.0,0.0,67.0,0,285.83,0.0,1,0.67,0.0,SPY190401P00277500,277.5,0,0.0,0.0,,0.0,expirationDay
2019-04-02,313.0,-3.0,0.0,0,285.97,0.0,1,0.09,0.12,SPY190408P00278000,278.0,0,0.0,0.0,,0.0,normalDay
2019-04-03,313.0,2.0,0.0,0,286.42,0.0,1,0.09,0.07,SPY190408P00278000,278.0,0,0.0,0.0,,0.0,normalDay
2019-04-04,313.0,6.0,0.0,0,287.18,0.0,1,0.09,0.03,SPY190408P00278000,278.0,0,0.0,0.0,,0.0,normalDay
2019-04-05,313.0,8.0,0.0,0,288.57,0.0,1,0.09,0.01,SPY190408P00278000,278.0,0,0.0,0.0,,0.0,normalDay
2019-04-08,322.0,0.0,9.0,0,288.79,0.0,1,0.09,0.0,SPY190408P00278000,278.0,0,0.0,0.0,,0.0,expirationDay
2019-04-09,322.0,-3.0,0.0,0,287.31,0.0,1,0.13,0.16,SPY190415P00280000,280.0,0,0.0,0.0,,0.0,normalDay
2019-04-10,322.0,8.0,0.0,0,288.29,0.0,1,0.13,0.05,SPY190415P00280000,280.0,0,0.0,0.0,,0.0,normalDay
2019-04-11,322.0,10.0,0.0,0,288.21,0.0,1,0.13,0.03,SPY190415P00280000,280.0,0,0.0,0.0,,0.0,normalDay
2019-04-12,322.0,11.0,0.0,0,290.16,0.0,1,0.13,0.02,SPY190415P00280000,280.0,0,0.0,0.0,,0.0,normalDay
2019-04-15,335.0,0.0,13.0,0,289.97,0.0,1,0.13,0.0,SPY190415P00280000,280.0,0,0.0,0.0,,0.0,expirationDay
2019-04-16,335.0,-3.0,0.0,0,290.16,0.0,1,0.04,0.07,SPY190422P00281500,281.5,0,0.0,0.0,,0.0,normalDay
2019-04-17,335.0,-2.0,0.0,0,289.45,0.0,1,0.04,0.06,SPY190422P00281500,281.5,0,0.0,0.0,,0.0,normalDay
2019-04-18,335.0,2.0,0.0,0,290.02,0.0,1,0.04,0.02,SPY190422P00281500,281.5,0,0.0,0.0,,0.0,normalDay
2019-04-22,339.0,0.0,4.0,0,290.27,0.0,1,0.04,0.0,SPY190422P00281500,281.5,0,0.0,0.0,,0.0,expirationDay
2019-04-23,339.0,-3.0,0.0,0,292.88,0.0,1,0.06,0.09,SPY190429P00283500,283.5,0,0.0,0.0,,0.0,normalDay
2019-04-24,339.0,-3.0,0.0,0,292.23,0.0,1,0.06,0.09,SPY190429P00283500,283.5,0,0.0,0.0,,0.0,normalDay
2019-04-25,339.0,0.0,0.0,0,292.05,0.0,1,0.06,0.06,SPY190429P00283500,283.5,0,0.0,0.0,,0.0,normalDay
2019-04-26,339.0,3.0,0.0,0,293.41,0.0,1,0.06,0.03,SPY190429P00283500,283.5,0,0.0,0.0,,0.0,normalDay
2019-04-29,345.0,0.0,6.0,0,293.87,0.0,1,0.06,0.0,SPY190429P00283500,283.5,0,0.0,0.0,,0.0,expirationDay
2019-04-30,345.0,-4.0,0.0,0,294.02,0.0,1,0.19,0.23,SPY190506P00287500,287.5,0,0.0,0.0,,0.0,normalDay
2019-05-01,345.0,-28.0,0.0,0,291.81,0.0,1,0.19,0.47,SPY190506P00287500,287.5,0,0.0,0.0,,0.0,normalDay
2019-05-02,345.0,-12.0,0.0,0,291.18,0.0,1,0.19,0.31,SPY190506P00287500,287.5,0,0.0,0.0,,0.0,normalDay
2019-05-03,345.0,16.0,0.0,0,294.03,0.0,1,0.19,0.03,SPY190506P00287500,287.5,0,0.0,0.0,,0.0,normalDay
2019-05-06,364.0,0.0,19.0,0,292.82,0.0,1,0.19,0.0,SPY190506P00287500,287.5,0,0.0,0.0,,0.0,expirationDay
2019-05-07,364.0,-8.0,0.0,0,287.93,0.0,1,3.07,3.15,SPY190513P00289000,289.0,0,0.0,0.0,,0.0,normalDay
2019-05-08,364.0,-8.0,0.0,0,287.53,0.0,1,3.07,3.15,SPY190513P00289000,289.0,0,0.0,0.0,,0.0,normalDay
2019-05-09,364.0,-65.0,0.0,0,286.66,0.0,1,3.07,3.72,SPY190513P00289000,289.0,0,0.0,0.0,,0.0,normalDay
2019-05-10,364.0,114.0,0.0,0,288.1,0.0,1,3.07,1.93,SPY190513P00289000,289.0,0,0.0,0.0,,0.0,normalDay
2019-05-13,671.0,-814.0,307.0,100,280.86,289.0,1,3.07,0.0,SPY190513P00289000,289.0,0,0.0,0.0,,0.0,expirationDay
2019-05-14,671.0,-560.0,0.0,100,283.4,289.0,0,0.0,0.0,,0.0,0,0.0,0.0,,0.0,bidTooLow
2019-05-15,671.0,-394.0,0.0,100,285.06,289.0,0,0.0,0.0,,0.0,0,0.0,0.0,,0.0,bidTooLow
2019-05-16,671.0,-133.0,0.0,100,287.7,289.0,0,0.0,0.0,,0.0,1,0.03,0.06,SPY190524C00297000,297.0,normalDay
2019-05-17,671.0,-316.0,0.0,100,285.84,289.0,0,0.0,0.0,,0.0,1,0.03,0.03,SPY190524C00297000,297.0,normalDay
2019-05-20,671.0,-503.0,0.0,100,283.95,289.0,0,0.0,0.0,,0.0,1,0.03,0.01,SPY190524C00297000,297.0,normalDay
2019-05-21,671.0,-247.0,0.0,100,286.51,289.0,0,0.0,0.0,,0.0,1,0.03,0.01,SPY190524C00297000,297.0,normalDay
2019-05-22,671.0,-335.0,0.0,100,285.63,289.0,0,0.0,0.0,,0.0,1,0.03,0.01,SPY190524C00297000,297.0,normalDay
2019-05-23,671.0,-684.0,0.0,100,282.14,289.0,0,0.0,0.0,,0.0,1,0.03,0.01,SPY190524C00297000,297.0,normalDay
2019-05-24,674.0,-622.0,3.0,100,282.78,289.0,0,0.0,0.0,,0.0,1,0.03,0.0,SPY190524C00297000,297.0,expirationDay
2019-05-28,674.0,-885.0,0.0,100,280.15,289.0,0,0.0,0.0,,0.0,0,0.0,0.0,,0.0,bidTooLow
2019-05-29,674.0,-1073.0,0.0,100,278.27,289.0,0,0.0,0.0,,0.0,0,0.0,0.0,,0.0,bidTooLow
2019-05-30,674.0,-997.0,0.0,100,279.03,289.0,0,0.0,0.0,,0.0,0,0.0,0.0,,0.0,bidTooLow
2019-05-31,674.0,-1373.0,0.0,100,275.27,289.0,0,0.0,0.0,,0.0,0,0.0,0.0,,0.0,bidTooLow
2019-06-03,674.0,-1443.0,0.0,100,274.57,289.0,0,0.0,0.0,,0.0,0,0.0,0.0,,0.0,bidTooLow
2019-06-04,674.0,-850.0,0.0,100,280.53,289.0,0,0.0,0.0,,0.0,1,0.02,0.05,SPY190612C00291000,291.0,normalDay
2019-06-05,674.0,-611.0,0.0,100,282.96,289.0,0,0.0,0.0,,0.0,1,0.02,0.09,SPY190612C00291000,291.0,normalDay
2019-06-06,674.0,-434.0,0.0,100,284.8,289.0,0,0.0,0.0,,0.0,1,0.02,0.16,SPY190612C00291000,291.0,normalDay
2019-06-07,674.0,-177.0,0.0,100,287.65,289.0,0,0.0,0.0,,0.0,1,0.02,0.44,SPY190612C00291000,291.0,normalDay
2019-06-10,674.0,-45.0,0.0,100,288.97,289.0,0,0.0,0.0,,0.0,1,0.02,0.44,SPY190612C00291000,291.0,normalDay
2019-06-11,674.0,-24.0,0.0,100,288.9,289.0,0,0.0,0.0,,0.0,1,0.02,0.16,SPY190612C00291000,291.0,normalDay
2019-06-12,676.0,-61.0,2.0,100,288.39,289.0,0,0.0,0.0,,0.0,1,0.02,0.0,SPY190612C00291000,291.0,expirationDay
2019-06-13,676.0,54.0,0.0,100,289.58,289.0,0,0.0,0.0,,0.0,1,1.1,1.14,SPY190621C00292000,292.0,normalDay
2019-06-14,676.0,61.0,0.0,100,289.26,289.0,0,0.0,0.0,,0.0,1,1.1,0.75,SPY190621C00292000,292.0,normalDay
2019-06-17,676.0,91.0,0.0,100,289.37,289.0,0,0.0,0.0,,0.0,1,1.1,0.56,SPY190621C00292000,292.0,normalDay
2019-06-18,676.0,268.0,0.0,100,292.4,289.0,0,0.0,0.0,,0.0,1,1.1,1.82,SPY190621C00292000,292.0,normalDay
2019-06-19,676.0,342.0,0.0,100,293.06,289.0,0,0.0,0.0,,0.0,1,1.1,1.74,SPY190621C00292000,292.0,normalDay
2019-06-20,676.0,401.0,0.0,100,295.86,289.0,0,0.0,0.0,,0.0,1,1.1,3.95,SPY190621C00292000,292.0,normalDay
2019-06-21,1086.0,401.0,410.0,0,294.0,0.0,0,0.0,0.0,,0.0,1,1.1,0.0,SPY190621C00292000,292.0,expirationDay
2019-06-24,1086.0,-3.0,0.0,0,293.64,0.0,1,0.03,0.06,SPY190628P00280000,280.0,0,0.0,0.0,,0.0,normalDay
2019-06-25,1086.0,-4.0,0.0,0,290.76,0.0,1,0.03,0.07,SPY190628P00280000,280.0,0,0.0,0.0,,0.0,normalDay
2019-06-26,1086.0,-1.0,0.0,0,290.47,0.0,1,0.03,0.04,SPY190628P00280000,280.0,0,0.0,0.0,,0.0,normalDay
2019-06-27,1086.0,1.0,0.0,0,291.5,0.0,1,0.03,0.02,SPY190628P00280000,280.0,0,0.0,0.0,,0.0,normalDay
2019-06-28,1089.0,0.0,3.0,0,293.0,0.0,1,0.03,0.0,SPY190628P00280000,280.0,0,0.0,0.0,,0.0,expirationDay
2019-07-01,1089.0,-3.0,0.0,0,295.66,0.0,1,0.04,0.07,SPY190705P00286000,286.0,0,0.0,0.0,,0.0,normalDay
2019-07-02,1089.0,0.0,0.0,0,296.43,0.0,1,0.04,0.04,SPY190705P00286000,286.0,0,0.0,0.0,,0.0,normalDay
2019-07-03,1089.0,2.0,0.0,0,298.8,0.0,1,0.04,0.02,SPY190705P00286000,286.0,0,0.0,0.0,,0.0,normalDay
2019-07-05,1093.0,0.0,4.0,0,298.46,0.0,1,0.04,0.0,SPY190705P00286000,286.0,0,0.0,0.0,,0.0,expirationDay
2019-07-08,1093.0,-3.0,0.0,0,296.82,0.0,1,0.07,0.1,SPY190712P00289500,289.5,0,0.0,0.0,,0.0,normalDay
2019-07-09,1093.0,0.0,0.0,0,297.19,0.0,1,0.07,0.07,SPY190712P00289500,289.5,0,0.0,0.0,,0.0,normalDay
2019-07-10,1093.0,4.0,0.0,0,298.61,0.0,1,0.07,0.03,SPY190712P00289500,289.5,0,0.0,0.0,,0.0,normalDay
2019-07-11,1093.0,5.0,0.0,0,299.31,0.0,1,0.07,0.02,SPY190712P00289500,289.5,0,0.0,0.0,,0.0,normalDay
2019-07-12,1100.0,0.0,7.0,0,300.65,0.0,1,0.07,0.0,SPY190712P00289500,289.5,0,0.0,0.0,,0.0,expirationDay
2019-07-15,1100.0,-3.0,0.0,0,300.75,0.0,1,0.07,0.1,SPY190719P00292000,292.0,0,0.0,0.0,,0.0,normalDay
2019-07-16,1100.0,-1.0,0.0,0,299.78,0.0,1,0.07,0.08,SPY190719P00292000,292.0,0,0.0,0.0,,0.0,normalDay
2019-07-17,1100.0,-2.0,0.0,0,297.74,0.0,1,0.07,0.09,SPY190719P00292000,292.0,0,0.0,0.0,,0.0,normalDay
2019-07-18,1100.0,3.0,0.0,0,298.83,0.0,1,0.07,0.04,SPY190719P00292000,292.0,0,0.0,0.0,,0.0,normalDay
2019-07-19,1107.0,0.0,7.0,0,297.17,0.0,1,0.07,0.0,SPY190719P00292000,292.0,0,0.0,0.0,,0.0,expirationDay
2019-07-22,1107.0,-3.0,0.0,0,297.9,0.0,1,0.3,0.33,SPY190726P00293500,293.5,0,0.0,0.0,,0.0,normalDay
2019-07-23,1107.0,22.0,0.0,0,300.03,0.0,1,0.3,0.08,SPY190726P00293500,293.5,0,0.0,0.0,,0.0,normalDay
2019-07-24,1107.0,26.0,0.0,0,301.44,0.0,1,0.3,0.04,SPY190726P00293500,293.5,0,0.0,0.0,,0.0,normalDay
2019-07-25,1107.0,27.0,0.0,0,300.0,0.0,1,0.3,0.03,SPY190726P00293500,293.5,0,0.0,0.0,,0.0,normalDay
2019-07-26,1137.0,0.0,30.0,0,302.01,0.0,1,0.3,0.0,SPY190726P00293500,293.5,0,0.0,0.0,,0.0,expirationDay
2019-07-29,1137.0,-3.0,0.0,0,301.46,0.0,1,0.42,0.45,SPY190802P00297000,297.0,0,0.0,0.0,,0.0,normalDay
2019-07-30,1137.0,-32.0,0.0,0,300.72,0.0,1,0.42,0.74,SPY190802P00297000,297.0,0,0.0,0.0,,0.0,normalDay
2019-07-31,1137.0,-131.0,0.0,0,297.43,0.0,1,0.42,1.73,SPY190802P00297000,297.0,0,0.0,0.0,,0.0,normalDay
2019-08-01,1137.0,-200.0,0.0,0,294.84,0.0,1,0.42,2.42,SPY190802P00297000,297.0,0,0.0,0.0,,0.0,normalDay
2019-08-02,1179.0,-438.0,42.0,100,292.62,297.0,1,0.42,0.0,SPY190802P00297000,297.0,0,0.0,0.0,,0.0,expirationDay
2019-08-05,1179.0,-1318.0,0.0,100,283.82,297.0,0,0.0,0.0,,0.0,0,0.0,0.0,,0.0,bidTooLow
2019-08-06,1179.0,-920.0,0.0,100,287.8,297.0,0,0.0,0.0,,0.0,0,0.0,0.0,,0.0,bidTooLow
2019-08-07,1179.0,-903.0,0.0,100,287.97,297.0,0,0.0,0.0,,0.0,0,0.0,0.0,,0.0,bidTooLow
2019-08-08,1179.0,-338.0,0.0,100,293.62,297.0,0,0.0,0.0,,0.0,0,0.0,0.0,,0.0,bidTooLow
2019-08-09,1179.0,-538.0,0.0,100,291.62,297.0,0,0.0,0.0,,0.0,0,0.0,0.0,,0.0,bidTooLow
2019-08-12,1179.0,-893.0,0.0,100,288.07,297.0,0,0.0,0.0,,0.0,0,0.0,0.0,,0.0,bidTooLow
2019-08-13,1179.0,-445.0,0.0,100,292.55,297.0,0,0.0,0.0,,0.0,0,0.0,0.0,,0.0,bidTooLow
2019-08-14,1179.0,-1310.0,0.0,100,283.9,297.0,0,0.0,0.0,,0.0,0,0.0,0.0,,0.0,bidTooLow
2019-08-15,1179.0,-1235.0,0.0,100,284.65,297.0,0,0.0,0.0,,0.0,0,0.0,0.0,,0.0,bidTooLow
2019-08-16,1179.0,-815.0,0.0,100,288.85,297.0,0,0.0,0.0,,0.0,0,0.0,0.0,,0.0,bidTooLow
2019-08-19,1179.0,-467.0,0.0,100,292.33,297.0,0,0.0,0.0,,0.0,0,0.0,0.0,,0.0,bidTooLow
2019-08-20,1179.0,-691.0,0.0,100,290.09,297.0,0,0.0,0.0,,0.0,0,0.0,0.0,,0.0,bidTooLow
2019-08-21,1179.0,-458.0,0.0,100,292.45,297.0,0,0.0,0.0,,0.0,1,0.06,0.09,SPY190830C00302500,302.5,normalDay
2019-08-22,1179.0,-463.0,0.0,100,292.36,297.0,0,0.0,0.0,,0.0,1,0.06,0.05,SPY190830C00302500,302.5,normalDay
2019-08-23,1179.0,-1211.0,0.0,100,284.85,297.0,0,0.0,0.0,,0.0,1,0.06,0.02,SPY190830C00302500,302.5,normalDay
2019-08-26,1179.0,-895.0,0.0,100,288.0,297.0,0,0.0,0.0,,0.0,1,0.06,0.01,SPY190830C00302500,302.5,normalDay
2019-08-27,1179.0,-1008.0,0.0,100,286.87,297.0,0,0.0,0.0,,0.0,1,0.06,0.01,SPY190830C00302500,302.5,normalDay
2019-08-28,1179.0,-806.0,0.0,100,288.89,297.0,0,0.0,0.0,,0.0,1,0.06,0.01,SPY190830C00302500,302.5,normalDay
2019-08-29,1179.0,-437.0,0.0,100,292.58,297.0,0,0.0,0.0,,0.0,1,0.06,0.01,SPY190830C00302500,302.5,normalDay
2019-08-30,1185.0,-455.0,6.0,100,292.45,297.0,0,0.0,0.0,,0.0,1,0.06,0.0,SPY190830C00302500,302.5,expirationDay
2019-09-03,1185.0,-629.0,0.0,100,290.74,297.0,0,0.0,0.0,,0.0,1,0.87,0.9,SPY190911C00295000,295.0,normalDay
2019-09-04,1185.0,-373.0,0.0,100,294.04,297.0,0,0.0,0.0,,0.0,1,0.87,1.64,SPY190911C00295000,295.0,normalDay
2019-09-05,1185.0,-178.0,0.0,100,297.82,297.0,0,0.0,0.0,,0.0,1,0.87,3.47,SPY190911C00295000,295.0,normalDay
2019-09-06,1185.0,-174.0,0.0,100,298.05,297.0,0,0.0,0.0,,0.0,1,0.87,3.66,SPY190911C00295000,295.0,normalDay
2019-09-09,1185.0,-122.0,0.0,100,298.2,297.0,0,0.0,0.0,,0.0,1,0.87,3.29,SPY190911C00295000,295.0,normalDay
2019-09-10,1185.0,-108.0,0.0,100,298.13,297.0,0,0.0,0.0,,0.0,1,0.87,3.08,SPY190911C00295000,295.0,normalDay
2019-09-11,1072.0,-108.0,-113.0,0,300.25,0.0,0,0.0,0.0,,0.0,1,0.87,0.0,SPY190911C00295000,295.0,expirationDay
2019-09-12,1072.0,-3.0,0.0,0,301.29,0.0,1,0.07,0.1,SPY190918P00287500,287.5,0,0.0,0.0,,0.0,normalDay
2019-09-13,1072.0,-1.0,0.0,0,301.09,0.0,1,0.07,0.08,SPY190918P00287500,287.5,0,0.0,0.0,,0.0,normalDay
2019-09-16,1072.0,2.0,0.0,0,300.16,0.0,1,0.07,0.05,SPY190918P00287500,287.5,0,0.0,0.0,,0.0,normalDay
2019-09-17,1072.0,5.0,0.0,0,300.92,0.0,1,0.07,0.02,SPY190918P00287500,287.5,0,0.0,0.0,,0.0,normalDay
2019-09-18,1079.0,0.0,7.0,0,301.1,0.0,1,0.07,0.0,SPY190918P00287500,287.5,0,0.0,0.0,,0.0,expirationDay
2019-09-19,1079.0,-3.0,0.0,0,301.08,0.0,1,0.19,0.22,SPY190925P00290000,290.0,0,0.0,0.0,,0.0,normalDay
2019-09-20,1079.0,-5.0,0.0,0,298.28,0.0,1,0.19,0.24,SPY190925P00290000,290.0,0,0.0,0.0,,0.0,normalDay
2019-09-23,1079.0,15.0,0.0,0,298.21,0.0,1,0.19,0.04,SPY190925P00290000,290.0,0,0.0,0.0,,0.0,normalDay
2019-09-24,1079.0,10.0,0.0,0,295.87,0.0,1,0.19,0.09,SPY190925P00290000,290.0,0,0.0,0.0,,0.0,normalDay
2019-09-25,1098.0,0.0,19.0,0,297.62,0.0,1,0.19,0.0,SPY190925P00290000,290.0,0,0.0,0.0,,0.0,expirationDay
2019-09-26,1098.0,-3.0,0.0,0,297.0,0.0,1,1.12,1.15,SPY191002P00295000,295.0,0,0.0,0.0,,0.0,normalDay
2019-09-27,1098.0,-57.0,0.0,0,295.4,0.0,1,1.12,1.69,SPY191002P00295000,295.0,0,0.0,0.0,,0.0,normalDay
2019-09-30,1098.0,61.0,0.0,0,296.77,0.0,1,1.12,0.51,SPY191002P00295000,295.0,0,0.0,0.0,,0.0,normalDay
2019-10-01,1098.0,-95.0,0.0,0,293.24,0.0,1,1.12,2.07,SPY191002P00295000,295.0,0,0.0,0.0,,0.0,normalDay
2019-10-02,1210.0,-694.0,112.0,100,288.06,295.0,1,1.12,0.0,SPY191002P00295000,295.0,0,0.0,0.0,,0.0,expirationDay
2019-10-03,1210.0,-458.0,0.0,100,290.42,295.0,0,0.0,0.0,,0.0,0,0.0,0.0,,0.0,bidTooLow
2019-10-04,1210.0,-65.0,0.0,100,294.35,295.0,0,0.0,0.0,,0.0,0,0.0,0.0,,0.0,bidTooLow
2019-10-07,1210.0,-195.0,0.0,100,293.08,295.0,0,0.0,0.0,,0.0,1,0.03,0.06,SPY191016C00304000,304.0,normalDay
2019-10-08,1210.0,-647.0,0.0,100,288.53,295.0,0,0.0,0.0,,0.0,1,0.03,0.03,SPY191016C00304000,304.0,normalDay
2019-10-09,1210.0,-372.0,0.0,100,291.27,295.0,0,0.0,0.0,,0.0,1,0.03,0.02,SPY191016C00304000,304.0,normalDay
2019-10-10,1210.0,-179.0,0.0,100,293.24,295.0,0,0.0,0.0,,0.0,1,0.03,0.06,SPY191016C00304000,304.0,normalDay
2019-10-11,1210.0,123.0,0.0,100,296.28,295.0,0,0.0,0.0,,0.0,1,0.03,0.08,SPY191016C00304000,304.0,normalDay
2019-10-14,1210.0,97.0,0.0,100,295.95,295.0,0,0.0,0.0,,0.0,1,0.03,0.01,SPY191016C00304000,304.0,normalDay
2019-10-15,1210.0,389.0,0.0,100,298.88,295.0,0,0.0,0.0,,0.0,1,0.03,0.02,SPY191016C00304000,304.0,normalDay
2019-10-16,1213.0,340.0,3.0,100,298.4,295.0,0,0.0,0.0,,0.0,1,0.03,0.0,SPY191016C00304000,304.0,expirationDay
2019-10-17,1213.0,425.0,0.0,100,299.28,295.0,0,0.0,0.0,,0.0,1,0.91,0.94,SPY191025C00301000,301.0,normalDay
2019-10-18,1213.0,333.0,0.0,100,297.97,295.0,0,0.0,0.0,,0.0,1,0.91,0.55,SPY191025C00301000,301.0,normalDay
2019-10-21,1213.0,498.0,0.0,100,299.99,295.0,0,0.0,0.0,,0.0,1,0.91,0.92,SPY191025C00301000,301.0,normalDay
2019-10-22,1213.0,447.0,0.0,100,299.01,295.0,0,0.0,0.0,,0.0,1,0.91,0.45,SPY191025C00301000,301.0,normalDay
2019-10-23,1213.0,524.0,0.0,100,299.88,295.0,0,0.0,0.0,,0.0,1,0.91,0.55,SPY191025C00301000,301.0,normalDay
2019-10-24,1213.0,599.0,0.0,100,300.37,295.0,0,0.0,0.0,,0.0,1,0.91,0.29,SPY191025C00301000,301.0,normalDay
2019-10-25,1904.0,599.0,691.0,0,301.6,0.0,0,0.0,0.0,,0.0,1,0.91,0.0,SPY191025C00301000,301.0,expirationDay
2019-10-28,1904.0,-3.0,0.0,0,303.3,0.0,1,0.03,0.06,SPY191101P00292000,292.0,0,0.0,0.0,,0.0,normalDay
2019-10-29,1904.0,-2.0,0.0,0,303.21,0.0,1,0.03,0.05,SPY191101P00292000,292.0,0,0.0,0.0,,0.0,normalDay
2019-10-30,1904.0,1.0,0.0,0,304.14,0.0,1,0.03,0.02,SPY191101P00292000,292.0,0,0.0,0.0,,0.0,normalDay
2019-10-31,1904.0,2.0,0.0,0,303.33,0.0,1,0.03,0.01,SPY191101P00292000,292.0,0,0.0,0.0,,0.0,normalDay
2019-11-01,1907.0,0.0,3.0,0,306.14,0.0,1,0.03,0.0,SPY191101P00292000,292.0,0,0.0,0.0,,0.0,expirationDay
2019-11-04,1907.0,-3.0,0.0,0,307.37,0.0,1,0.01,0.04,SPY191108P00295000,295.0,0,0.0,0.0,,0.0,normalDay
2019-11-05,1907.0,-1.0,0.0,0,307.03,0.0,1,0.01,0.02,SPY191108P00295000,295.0,0,0.0,0.0,,0.0,normalDay
2019-11-06,1907.0,0.0,0.0,0,307.1,0.0,1,0.01,0.01,SPY191108P00295000,295.0,0,0.0,0.0,,0.0,normalDay
2019-11-07,1907.0,0.0,0.0,0,308.18,0.0,1,0.01,0.01,SPY191108P00295000,295.0,0,0.0,0.0,,0.0,normalDay
2019-11-08,1908.0,0.0,1.0,0,308.94,0.0,1,0.01,0.0,SPY191108P00295000,295.0,0,0.0,0.0,,0.0,expirationDay
2019-11-11,1908.0,-3.0,0.0,0,308.35,0.0,1,0.02,0.05,SPY191115P00299500,299.5,0,0.0,0.0,,0.0,normalDay
2019-11-12,1908.0,-2.0,0.0,0,309.0,0.0,1,0.02,0.04,SPY191115P00299500,299.5,0,0.0,0.0,,0.0,normalDay
2019-11-13,1908.0,-2.0,0.0,0,309.1,0.0,1,0.02,0.04,SPY191115P00299500,299.5,0,0.0,0.0,,0.0,normalDay
2019-11-14,1908.0,0.0,0.0,0,309.55,0.0,1,0.02,0.02,SPY191115P00299500,299.5,0,0.0,0.0,,0.0,normalDay
2019-11-15,1910.0,0.0,2.0,0,311.79,0.0,1,0.02,0.0,SPY191115P00299500,299.5,0,0.0,0.0,,0.0,expirationDay
2019-11-18,1910.0,-3.0,0.0,0,312.02,0.0,1,0.04,0.07,SPY191122P00302000,302.0,0,0.0,0.0,,0.0,normalDay
2019-11-19,1910.0,-2.0,0.0,0,311.93,0.0,1,0.04,0.06,SPY191122P00302000,302.0,0,0.0,0.0,,0.0,normalDay
2019-11-20,1910.0,-3.0,0.0,0,310.77,0.0,1,0.04,0.07,SPY191122P00302000,302.0,0,0.0,0.0,,0.0,normalDay
2019-11-21,1910.0,1.0,0.0,0,310.27,0.0,1,0.04,0.03,SPY191122P00302000,302.0,0,0.0,0.0,,0.0,normalDay
2019-11-22,1914.0,0.0,4.0,0,310.96,0.0,1,0.04,0.0,SPY191122P00302000,302.0,0,0.0,0.0,,0.0,expirationDay
2019-11-25,1914.0,-3.0,0.0,0,313.37,0.0,1,0.05,0.08,SPY191129P00305500,305.5,0,0.0,0.0,,0.0,normalDay
2019-11-26,1914.0,0.0,0.0,0,314.08,0.0,1,0.05,0.05,SPY191129P00305500,305.5,0,0.0,0.0,,0.0,normalDay
2019-11-27,1914.0,3.0,0.0,0,315.48,0.0,1,0.05,0.02,SPY191129P00305500,305.5,0,0.0,0.0,,0.0,normalDay
2019-11-29,1919.0,0.0,5.0,0,314.31,0.0,1,0.05,0.0,SPY191129P00305500,305.5,0,0.0,0.0,,0.0,expirationDay
2019-12-02,1919.0,-3.0,0.0,0,311.64,0.0,1,0.72,0.75,SPY191206P00308000,308.0,0,0.0,0.0,,0.0,normalDay
2019-12-03,1919.0,-52.0,0.0,0,309.55,0.0,1,0.72,1.24,SPY191206P00308000,308.0,0,0.0,0.0,,0.0,normalDay
2019-12-04,1919.0,28.0,0.0,0,311.46,0.0,1,0.72,0.44,SPY191206P00308000,308.0,0,0.0,0.0,,0.0,normalDay
2019-12-05,1919.0,61.0,0.0,0,312.02,0.0,1,0.72,0.11,SPY191206P00308000,308.0,0,0.0,0.0,,0.0,normalDay
2019-12-06,1991.0,0.0,72.0,0,314.87,0.0,1,0.72,0.0,SPY191206P00308000,308.0,0,0.0,0.0,,0.0,expirationDay
2019-12-09,1991.0,-3.0,0.0,0,313.88,0.0,1,0.65,0.68,SPY191213P00309500,309.5,0,0.0,0.0,,0.0,normalDay
2019-12-10,1991.0,20.0,0.0,0,313.53,0.0,1,0.65,0.45,SPY191213P00309500,309.5,0,0.0,0.0,,0.0,normalDay
2019-12-11,1991.0,46.0,0.0,0,314.42,0.0,1,0.65,0.19,SPY191213P00309500,309.5,0,0.0,0.0,,0.0,normalDay
2019-12-12,1991.0,58.0,0.0,0,317.13,0.0,1,0.65,0.07,SPY191213P00309500,309.5,0,0.0,0.0,,0.0,normalDay
2019-12-13,2056.0,0.0,65.0,0,317.32,0.0,1,0.65,0.0,SPY191213P00309500,309.5,0,0.0,0.0,,0.0,expirationDay
2019-12-16,2056.0,-3.0,0.0,0,319.5,0.0,1,0.19,0.22,SPY191220P00311000,311.0,0,0.0,0.0,,0.0,normalDay
2019-12-17,2056.0,7.0,0.0,0,319.57,0.0,1,0.19,0.12,SPY191220P00311000,311.0,0,0.0,0.0,,0.0,normalDay
2019-12-18,2056.0,13.0,0.0,0,319.59,0.0,1,0.19,0.06,SPY191220P00311000,311.0,0,0.0,0.0,,0.0,normalDay
2019-12-19,2056.0,15.0,0.0,0,320.9,0.0,1,0.19,0.04,SPY191220P00311000,311.0,0,0.0,0.0,,0.0,normalDay
2019-12-20,2075.0,0.0,19.0,0,320.73,0.0,1,0.19,0.0,SPY191220P00311000,311.0,0,0.0,0.0,,0.0,expirationDay
2019-12-23,2075.0,-3.0,0.0,0,321.22,0.0,1,0.02,0.05,SPY191227P00312000,312.0,0,0.0,0.0,,0.0,normalDay
2019-12-24,2075.0,-1.0,0.0,0,321.23,0.0,1,0.02,0.03,SPY191227P00312000,312.0,0,0.0,0.0,,0.0,normalDay
2019-12-26,2075.0,1.0,0.0,0,322.94,0.0,1,0.02,0.01,SPY191227P00312000,312.0,0,0.0,0.0,,0.0,normalDay
2019-12-27,2077.0,0.0,2.0,0,322.86,0.0,1,0.02,0.0,SPY191227P00312000,312.0,0,0.0,0.0,,0.0,expirationDay
2019-12-30,2077.0,-3.0,0.0,0,321.08,0.0,1,0.14,0.17,SPY200103P00313000,313.0,0,0.0,0.0,,0.0,normalDay
2019-12-31,2077.0,2.0,0.0,0,321.86,0.0,1,0.14,0.12,SPY200103P00313000,313.0,0,0.0,0.0,,0.0,normalDay
2020-01-02,2077.0,12.0,0.0,0,324.87,0.0,1,0.14,0.02,SPY200103P00313000,313.0,0,0.0,0.0,,0.0,normalDay
2020-01-03,2091.0,0.0,14.0,0,322.41,0.0,1,0.14,0.0,SPY200103P00313000,313.0,0,0.0,0.0,,0.0,expirationDay
2020-01-06,2091.0,-3.0,0.0,0,323.64,0.0,1,0.13,0.16,SPY200110P00316000,316.0,0,0.0,0.0,,0.0,normalDay
2020-01-07,2091.0,-3.0,0.0,0,322.73,0.0,1,0.13,0.16,SPY200110P00316000,316.0,0,0.0,0.0,,0.0,normalDay
2020-01-08,2091.0,2.0,0.0,0,324.45,0.0,1,0.13,0.11,SPY200110P00316000,316.0,0,0.0,0.0,,0.0,normalDay
2020-01-09,2091.0,11.0,0.0,0,326.65,0.0,1,0.13,0.02,SPY200110P00316000,316.0,0,0.0,0.0,,0.0,normalDay
2020-01-10,2104.0,0.0,13.0,0,325.71,0.0,1,0.13,0.0,SPY200110P00316000,316.0,0,0.0,0.0,,0.0,expirationDay
2020-01-13,2104.0,-3.0,0.0,0,327.95,0.0,1,0.08,0.11,SPY200117P00319500,319.5,0,0.0,0.0,,0.0,normalDay
2020-01-14,2104.0,-3.0,0.0,0,327.45,0.0,1,0.08,0.11,SPY200117P00319500,319.5,0,0.0,0.0,,0.0,normalDay
2020-01-15,2104.0,3.0,0.0,0,328.19,0.0,1,0.08,0.05,SPY200117P00319500,319.5,0,0.0,0.0,,0.0,normalDay
2020-01-16,2104.0,6.0,0.0,0,330.92,0.0,1,0.08,0.02,SPY200117P00319500,319.5,0,0.0,0.0,,0.0,normalDay
2020-01-17,2112.0,0.0,8.0,0,331.95,0.0,1,0.08,0.0,SPY200117P00319500,319.5,0,0.0,0.0,,0.0,expirationDay
2020-01-21,2112.0,-3.0,0.0,0,331.3,0.0,1,0.07,0.1,SPY200127P00321000,321.0,0,0.0,0.0,,0.0,normalDay
2020-01-22,2112.0,2.0,0.0,0,331.34,0.0,1,0.07,0.05,SPY200127P00321000,321.0,0,0.0,0.0,,0.0,normalDay
2020-01-23,2112.0,2.0,0.0,0,331.72,0.0,1,0.07,0.05,SPY200127P00321000,321.0,0,0.0,0.0,,0.0,normalDay
2020-01-24,2112.0,-3.0,0.0,0,328.77,0.0,1,0.07,0.1,SPY200127P00321000,321.0,0,0.0,0.0,,0.0,normalDay
2020-01-27,2119.0,0.0,7.0,0,323.5,0.0,1,0.07,0.0,SPY200127P00321000,321.0,0,0.0,0.0,,0.0,expirationDay
2020-01-28,2119.0,-4.0,0.0,0,326.89,0.0,1,1.2,1.24,SPY200203P00323000,323.0,0,0.0,0.0,,0.0,normalDay
2020-01-29,2119.0,23.0,0.0,0,326.62,0.0,1,1.2,0.97,SPY200203P00323000,323.0,0,0.0,0.0,,0.0,normalDay
2020-01-30,2119.0,84.0,0.0,0,327.68,0.0,1,1.2,0.36,SPY200203P00323000,323.0,0,0.0,0.0,,0.0,normalDay
2020-01-31,2119.0,-123.0,0.0,0,321.73,0.0,1,1.2,2.43,SPY200203P00323000,323.0,0,0.0,0.0,,0.0,normalDay
2020-02-03,2239.0,0.0,120.0,0,324.12,0.0,1,1.2,0.0,SPY200203P00323000,323.0,0,0.0,0.0,,0.0,expirationDay
2020-02-04,2239.0,-4.0,0.0,0,329.06,0.0,1,0.78,0.82,SPY200210P00324000,324.0,0,0.0,0.0,,0.0,normalDay
2020-02-05,2239.0,61.0,0.0,0,332.86,0.0,1,0.78,0.17,SPY200210P00324000,324.0,0,0.0,0.0,,0.0,normalDay
2020-02-06,2239.0,71.0,0.0,0,333.98,0.0,1,0.78,0.07,SPY200210P00324000,324.0,0,0.0,0.0,,0.0,normalDay
2020-02-07,2239.0,72.0,0.0,0,332.2,0.0,1,0.78,0.06,SPY200210P00324000,324.0,0,0.0,0.0,,0.0,normalDay
2020-02-10,2317.0,0.0,78.0,0,334.68,0.0,1,0.78,0.0,SPY200210P00324000,324.0,0,0.0,0.0,,0.0,expirationDay
2020-02-11,2317.0,-3.0,0.0,0,335.26,0.0,1,0.09,0.12,SPY200214P00326000,326.0,0,0.0,0.0,,0.0,normalDay
2020-02-12,2317.0,6.0,0.0,0,337.42,0.0,1,0.09,0.03,SPY200214P00326000,326.0,0,0.0,0.0,,0.0,normalDay
2020-02-13,2317.0,7.0,0.0,0,337.06,0.0,1,0.09,0.02,SPY200214P00326000,326.0,0,0.0,0.0,,0.0,normalDay
2020-02-14,2326.0,0.0,9.0,0,337.6,0.0,1,0.09,0.0,SPY200214P00326000,326.0,0,0.0,0.0,,0.0,expirationDay
2020-02-18,2326.0,-3.0,0.0,0,336.73,0.0,1,0.12,0.15,SPY200224P00326000,326.0,0,0.0,0.0,,0.0,normalDay
2020-02-19,2326.0,5.0,0.0,0,338.34,0.0,1,0.12,0.07,SPY200224P00326000,326.0,0,0.0,0.0,,0.0,normalDay
2020-02-20,2326.0,6.0,0.0,0,336.95,0.0,1,0.12,0.06,SPY200224P00326000,326.0,0,0.0,0.0,,0.0,normalDay
2020-02-21,2326.0,4.0,0.0,0,333.48,0.0,1,0.12,0.08,SPY200224P00326000,326.0,0,0.0,0.0,,0.0,normalDay
2020-02-24,2338.0,-358.0,12.0,100,322.42,326.0,1,0.12,0.0,SPY200224P00326000,326.0,0,0.0,0.0,,0.0,expirationDay
2020-02-25,2338.0,-1335.0,0.0,100,312.65,326.0,0,0.0,0.0,,0.0,0,0.0,0.0,,0.0,bidTooLow
2020-02-26,2338.0,-1450.0,0.0,100,311.5,326.0,0,0.0,0.0,,0.0,0,0.0,0.0,,0.0,bidTooLow
2020-02-27,2338.0,-2849.0,0.0,100,297.51,326.0,0,0.0,0.0,,0.0,0,0.0,0.0,,0.0,bidTooLow
2020-02-28,2338.0,-2974.0,0.0,100,296.26,326.0,0,0.0,0.0,,0.0,0,0.0,0.0,,0.0,bidTooLow
2020-03-02,2338.0,-1691.0,0.0,100,309.09,326.0,0,0.0,0.0,,0.0,0,0.0,0.0,,0.0,bidTooLow
2020-03-03,2338.0,-2576.0,0.0,100,300.24,326.0,0,0.0,0.0,,0.0,0,0.0,0.0,,0.0,bidTooLow
2020-03-04,2338.0,-1314.0,0.0,100,312.86,326.0,0,0.0,0.0,,0.0,0,0.0,0.0,,0.0,bidTooLow
2020-03-05,2338.0,-2354.0,0.0,100,302.46,326.0,0,0.0,0.0,,0.0,0,0.0,0.0,,0.0,bidTooLow
2020-03-06,2338.0,-2854.0,0.0,100,297.46,326.0,0,0.0,0.0,,0.0,0,0.0,0.0,,0.0,bidTooLow
2020-03-09,2338.0,-5177.0,0.0,100,274.23,326.0,0,0.0,0.0,,0.0,0,0.0,0.0,,0.0,bidTooLow
2020-03-10,2338.0,-3758.0,0.0,100,288.42,326.0,0,0.0,0.0,,0.0,0,0.0,0.0,,0.0,bidTooLow
2020-03-11,2338.0,-5164.0,0.0,100,274.36,326.0,0,0.0,0.0,,0.0,0,0.0,0.0,,0.0,bidTooLow
2020-03-12,2338.0,-7789.0,0.0,100,248.11,326.0,0,0.0,0.0,,0.0,0,0.0,0.0,,0.0,bidTooLow
2020-03-13,2338.0,-5668.0,0.0,100,269.32,326.0,0,0.0,0.0,,0.0,0,0.0,0.0,,0.0,bidTooLow
2020-03-16,2338.0,-8615.0,0.0,100,239.85,326.0,0,0.0,0.0,,0.0,0,0.0,0.0,,0.0,bidTooLow
2020-03-17,2338.0,-7320.0,0.0,100,252.8,326.0,0,0.0,0.0,,0.0,0,0.0,0.0,,0.0,bidTooLow
2020-03-18,2338.0,-8600.0,0.0,100,240.0,326.0,0,0.0,0.0,,0.0,0,0.0,0.0,,0.0,bidTooLow
2020-03-19,2338.0,-8549.0,0.0,100,240.51,326.0,0,0.0,0.0,,0.0,0,0.0,0.0,,0.0,bidTooLow
2020-03-20,2338.0,-9720.0,0.0,100,228.8,326.0,0,0.0,0.0,,0.0,0,0.0,0.0,,0.0,bidTooLow
2020-03-23,2338.0,-10305.0,0.0,100,222.95,326.0,0,0.0,0.0,,0.0,0,0.0,0.0,,0.0,bidTooLow
2020-03-24,2338.0,-8285.0,0.0,100,243.15,326.0,0,0.0,0.0,,0.0,0,0.0,0.0,,0.0,bidTooLow
2020-03-25,2338.0,-7921.0,0.0,100,246.79,326.0,0,0.0,0.0,,0.0,0,0.0,0.0,,0.0,bidTooLow
2020-03-26,2338.0,-6480.0,0.0,100,261.2,326.0,0,0.0,0.0,,0.0,0,0.0,0.0,,0.0,bidTooLow
2020-03-27,2338.0,-7258.0,0.0,100,253.42,326.0,0,0.0,0.0,,0.0,0,0.0,0.0,,0.0,bidTooLow
2020-03-30,2338.0,-6438.0,0.0,100,261.65,326.0,0,0.0,0.0,,0.0,1,0.05,0.08,SPY200408C00310000,310.0,normalDay
2020-03-31,2338.0,-6823.0,0.0,100,257.75,326.0,0,0.0,0.0,,0.0,1,0.05,0.03,SPY200408C00310000,310.0,normalDay
2020-04-01,2338.0,-7982.0,0.0,100,246.15,326.0,0,0.0,0.0,,0.0,1,0.05,0.02,SPY200408C00310000,310.0,normalDay
2020-04-02,2338.0,-7413.0,0.0,100,251.83,326.0,0,0.0,0.0,,0.0,1,0.05,0.01,SPY200408C00310000,310.0,normalDay
2020-04-03,2338.0,-7777.0,0.0,100,248.19,326.0,0,0.0,0.0,,0.0,1,0.05,0.01,SPY200408C00310000,310.0,normalDay
2020-04-06,2338.0,-6110.0,0.0,100,264.86,326.0,0,0.0,0.0,,0.0,1,0.05,0.01,SPY200408C00310000,310.0,normalDay
2020-04-07,2338.0,-6083.0,0.0,100,265.13,326.0,0,0.0,0.0,,0.0,1,0.05,0.01,SPY200408C00310000,310.0,normalDay
2020-04-08,2343.0,-5197.0,5.0,100,274.03,326.0,0,0.0,0.0,,0.0,1,0.05,0.0,SPY200408C00310000,310.0,expirationDay
2020-04-09,2343.0,-4790.0,0.0,100,278.2,326.0,0,0.0,0.0,,0.0,1,6.46,6.56,SPY200417C00278000,278.0,normalDay
2020-04-13,2343.0,-4749.0,0.0,100,275.66,326.0,0,0.0,0.0,,0.0,1,6.46,3.61,SPY200417C00278000,278.0,normalDay
2020-04-14,2343.0,-4375.0,0.0,100,283.79,326.0,0,0.0,0.0,,0.0,1,6.46,8.0,SPY200417C00278000,278.0,normalDay
2020-04-15,2343.0,-4502.0,0.0,100,277.76,326.0,0,0.0,0.0,,0.0,1,6.46,3.24,SPY200417C00278000,278.0,normalDay
2020-04-16,2343.0,-4344.0,0.0,100,279.1,326.0,0,0.0,0.0,,0.0,1,6.46,3.0,SPY200417C00278000,278.0,normalDay
2020-04-17,-1811.0,-4344.0,-4154.0,0,286.64,0.0,0,0.0,0.0,,0.0,1,6.46,0.0,SPY200417C00278000,278.0,expirationDay
2020-04-20,-1811.0,-4.0,0.0,0,281.59,0.0,1,0.07,0.11,SPY200424P00246000,246.0,0,0.0,0.0,,0.0,normalDay
2020-04-21,-1811.0,-5.0,0.0,0,273.04,0.0,1,0.07,0.12,SPY200424P00246000,246.0,0,0.0,0.0,,0.0,normalDay
2020-04-22,-1811.0,5.0,0.0,0,279.1,0.0,1,0.07,0.02,SPY200424P00246000,246.0,0,0.0,0.0,,0.0,normalDay
2020-04-23,-1811.0,6.0,0.0,0,279.08,0.0,1,0.07,0.01,SPY200424P00246000,246.0,0,0.0,0.0,,0.0,normalDay
2020-04-24,-1804.0,0.0,7.0,0,282.97,0.0,1,0.07,0.0,SPY200424P00246000,246.0,0,0.0,0.0,,0.0,expirationDay
2020-04-27,-1804.0,-3.0,0.0,0,287.05,0.0,1,0.03,0.06,SPY200501P00259000,259.0,0,0.0,0.0,,0.0,normalDay
2020-04-28,-1804.0,-1.0,0.0,0,285.73,0.0,1,0.03,0.04,SPY200501P00259000,259.0,0,0.0,0.0,,0.0,normalDay
2020-04-29,-1804.0,1.0,0.0,0,293.21,0.0,1,0.03,0.02,SPY200501P00259000,259.0,0,0.0,0.0,,0.0,normalDay
2020-04-30,-1804.0,2.0,0.0,0,290.48,0.0,1,0.03,0.01,SPY200501P00259000,259.0,0,0.0,0.0,,0.0,normalDay
2020-05-01,-1801.0,0.0,3.0,0,282.79,0.0,1,0.03,0.0,SPY200501P00259000,259.0,0,0.0,0.0,,0.0,expirationDay
2020-05-04,-1801.0,-3.0,0.0,0,283.57,0.0,1,1.13,1.16,SPY200508P00273000,273.0,0,0.0,0.0,,0.0,normalDay
2020-05-05,-1801.0,65.0,0.0,0,286.19,0.0,1,1.13,0.48,SPY200508P00273000,273.0,0,0.0,0.0,,0.0,normalDay
2020-05-06,-1801.0,81.0,0.0,0,284.25,0.0,1,1.13,0.32,SPY200508P00273000,273.0,0,0.0,0.0,,0.0,normalDay
2020-05-07,-1801.0,109.0,0.0,0,287.68,0.0,1,1.13,0.04,SPY200508P00273000,273.0,0,0.0,0.0,,0.0,normalDay
2020-05-08,-1688.0,0.0,113.0,0,292.44,0.0,1,1.13,0.0,SPY200508P00273000,273.0,0,0.0,0.0,,0.0,expirationDay
2020-05-11,-1688.0,-3.0,0.0,0,292.5,0.0,1,0.36,0.39,SPY200515P00279000,279.0,0,0.0,0.0,,0.0,normalDay
2020-05-12,-1688.0,-96.0,0.0,0,286.67,0.0,1,0.36,1.32,SPY200515P00279000,279.0,0,0.0,0.0,,0.0,normalDay
2020-05-13,-1688.0,-134.0,0.0,0,281.6,0.0,1,0.36,1.7,SPY200515P00279000,279.0,0,0.0,0.0,,0.0,normalDay
2020-05-14,-1688.0,3.0,0.0,0,284.97,0.0,1,0.36,0.33,SPY200515P00279000,279.0,0,0.0,0.0,,0.0,normalDay
2020-05-15,-1652.0,0.0,36.0,0,286.28,0.0,1,0.36,0.0,SPY200515P00279000,279.0,0,0.0,0.0,,0.0,expirationDay
2020-05-18,-1652.0,-4.0,0.0,0,295.0,0.0,1,0.38,0.42,SPY200522P00280000,280.0,0,0.0,0.0,,0.0,normalDay
2020-05-19,-1652.0,0.0,0.0,0,291.97,0.0,1,0.38,0.38,SPY200522P00280000,280.0,0,0.0,0.0,,0.0,normalDay
2020-05-20,-1652.0,34.0,0.0,0,296.93,0.0,1,0.38,0.04,SPY200522P00280000,280.0,0,0.0,0.0,,0.0,normalDay
2020-05-21,-1652.0,36.0,0.0,0,294.88,0.0,1,0.38,0.02,SPY200522P00280000,280.0,0,0.0,0.0,,0.0,normalDay
2020-05-22,-1614.0,0.0,38.0,0,295.44,0.0,1,0.38,0.0,SPY200522P00280000,280.0,0,0.0,0.0,,0.0,expirationDay
2020-05-26,-1614.0,-3.0,0.0,0,299.08,0.0,1,0.32,0.35,SPY200601P00284000,284.0,0,0.0,0.0,,0.0,normalDay
2020-05-27,-1614.0,18.0,0.0,0,303.53,0.0,1,0.32,0.14,SPY200601P00284000,284.0,0,0.0,0.0,,0.0,normalDay
2020-05-28,-1614.0,22.0,0.0,0,302.97,0.0,1,0.32,0.1,SPY200601P00284000,284.0,0,0.0,0.0,,0.0,normalDay
2020-05-29,-1614.0,30.0,0.0,0,304.32,0.0,1,0.32,0.02,SPY200601P00284000,284.0,0,0.0,0.0,,0.0,normalDay
2020-06-01,-1582.0,0.0,32.0,0,305.55,0.0,1,0.32,0.0,SPY200601P00284000,284.0,0,0.0,0.0,,0.0,expirationDay
2020-06-02,-1582.0,-3.0,0.0,0,308.08,0.0,1,0.1,0.13,SPY200608P00286000,286.0,0,0.0,0.0,,0.0,normalDay
2020-06-03,-1582.0,4.0,0.0,0,312.18,0.0,1,0.1,0.06,SPY200608P00286000,286.0,0,0.0,0.0,,0.0,normalDay
2020-06-04,-1582.0,7.0,0.0,0,311.36,0.0,1,0.1,0.03,SPY200608P00286000,286.0,0,0.0,0.0,,0.0,normalDay
2020-06-05,-1582.0,9.0,0.0,0,319.34,0.0,1,0.1,0.01,SPY200608P00286000,286.0,0,0.0,0.0,,0.0,normalDay
2020-06-08,-1572.0,0.0,10.0,0,323.2,0.0,1,0.1,0.0,SPY200608P00286000,286.0,0,0.0,0.0,,0.0,expirationDay
2020-06-09,-1572.0,-3.0,0.0,0,320.79,0.0,1,0.07,0.1,SPY200615P00289000,289.0,0,0.0,0.0,,0.0,normalDay
2020-06-10,-1572.0,0.0,0.0,0,319.0,0.0,1,0.07,0.07,SPY200615P00289000,289.0,0,0.0,0.0,,0.0,normalDay
2020-06-11,-1572.0,-141.0,0.0,0,300.61,0.0,1,0.07,1.48,SPY200615P00289000,289.0,0,0.0,0.0,,0.0,normalDay
2020-06-12,-1572.0,-25.0,0.0,0,304.21,0.0,1,0.07,0.32,SPY200615P00289000,289.0,0,0.0,0.0,,0.0,normalDay
2020-06-15,-1565.0,0.0,7.0,0,307.05,0.0,1,0.07,0.0,SPY200615P00289000,289.0,0,0.0,0.0,,0.0,expirationDay
2020-06-16,-1565.0,-4.0,0.0,0,312.96,0.0,1,1.42,1.46,SPY200622P00298000,298.0,0,0.0,0.0,,0.0,normalDay
2020-06-17,-1565.0,55.0,0.0,0,311.66,0.0,1,1.42,0.87,SPY200622P00298000,298.0,0,0.0,0.0,,0.0,normalDay
2020-06-18,-1565.0,93.0,0.0,0,311.78,0.0,1,1.42,0.49,SPY200622P00298000,298.0,0,0.0,0.0,,0.0,normalDay
2020-06-19,-1565.0,93.0,0.0,0,308.64,0.0,1,1.42,0.49,SPY200622P00298000,298.0,0,0.0,0.0,,0.0,normalDay
2020-06-22,-1423.0,0.0,142.0,0,310.62,0.0,1,1.42,0.0,SPY200622P00298000,298.0,0,0.0,0.0,,0.0,expirationDay
2020-06-23,-1423.0,-4.0,0.0,0,312.05,0.0,1,1.61,1.65,SPY200629P00304000,304.0,0,0.0,0.0,,0.0,normalDay
2020-06-24,-1423.0,-216.0,0.0,0,304.09,0.0,1,1.61,3.77,SPY200629P00304000,304.0,0,0.0,0.0,,0.0,normalDay
2020-06-25,-1423.0,-9.0,0.0,0,307.35,0.0,1,1.61,1.7,SPY200629P00304000,304.0,0,0.0,0.0,,0.0,normalDay
2020-06-26,-1423.0,-231.0,0.0,0,300.05,0.0,1,1.61,3.92,SPY200629P00304000,304.0,0,0.0,0.0,,0.0,normalDay
2020-06-29,-1262.0,0.0,161.0,0,304.46,0.0,1,1.61,0.0,SPY200629P00304000,304.0,0,0.0,0.0,,0.0,expirationDay
2020-06-30,-1262.0,-4.0,0.0,0,308.36,0.0,1,2.04,2.08,SPY200706P00304000,304.0,0,0.0,0.0,,0.0,normalDay
2020-07-01,-1262.0,112.0,0.0,0,310.52,0.0,1,2.04,0.92,SPY200706P00304000,304.0,0,0.0,0.0,,0.0,normalDay
2020-07-02,-1262.0,185.0,0.0,0,312.23,0.0,1,2.04,0.19,SPY200706P00304000,304.0,0,0.0,0.0,,0.0,normalDay
2020-07-06,-1058.0,0.0,204.0,0,317.05,0.0,1,2.04,0.0,SPY200706P00304000,304.0,0,0.0,0.0,,0.0,expirationDay
2020-07-07,-1058.0,-4.0,0.0,0,313.78,0.0,1,0.96,1.0,SPY200713P00304000,304.0,0,0.0,0.0,,0.0,normalDay
2020-07-08,-1058.0,61.0,0.0,0,316.18,0.0,1,0.96,0.35,SPY200713P00304000,304.0,0,0.0,0.0,,0.0,normalDay
2020-07-09,-1058.0,61.0,0.0,0,314.38,0.0,1,0.96,0.35,SPY200713P00304000,304.0,0,0.0,0.0,,0.0,normalDay
2020-07-10,-1058.0,93.0,0.0,0,317.59,0.0,1,0.96,0.03,SPY200713P00304000,304.0,0,0.0,0.0,,0.0,normalDay
2020-07-13,-962.0,0.0,96.0,0,314.84,0.0,1,0.96,0.0,SPY200713P00304000,304.0,0,0.0,0.0,,0.0,expirationDay
2020-07-14,-962.0,-4.0,0.0,0,318.92,0.0,1,0.92,0.96,SPY200720P00307000,307.0,0,0.0,0.0,,0.0,normalDay
2020-07-15,-962.0,61.0,0.0,0,321.85,0.0,1,0.92,0.31,SPY200720P00307000,307.0,0,0.0,0.0,,0.0,normalDay
2020-07-16,-962.0,66.0,0.0,0,320.79,0.0,1,0.92,0.26,SPY200720P00307000,307.0,0,0.0,0.0,,0.0,normalDay
2020-07-17,-962.0,88.0,0.0,0,321.72,0.0,1,0.92,0.04,SPY200720P00307000,307.0,0,0.0,0.0,,0.0,normalDay
2020-07-20,-870.0,0.0,92.0,0,324.32,0.0,1,0.92,0.0,SPY200720P00307000,307.0,0,0.0,0.0,,0.0,expirationDay
2020-07-21,-870.0,-3.0,0.0,0,325.01,0.0,1,0.13,0.16,SPY200727P00307000,307.0,0,0.0,0.0,,0.0,normalDay
2020-07-22,-870.0,5.0,0.0,0,326.86,0.0,1,0.13,0.08,SPY200727P00307000,307.0,0,0.0,0.0,,0.0,normalDay
2020-07-23,-870.0,1.0,0.0,0,322.96,0.0,1,0.13,0.12,SPY200727P00307000,307.0,0,0.0,0.0,,0.0,normalDay
2020-07-24,-870.0,10.0,0.0,0,320.88,0.0,1,0.13,0.03,SPY200727P00307000,307.0,0,0.0,0.0,,0.0,normalDay
2020-07-27,-857.0,0.0,13.0,0,323.22,0.0,1,0.13,0.0,SPY200727P00307000,307.0,0,0.0,0.0,,0.0,expirationDay
2020-07-28,-857.0,-4.0,0.0,0,321.17,0.0,1,1.16,1.2,SPY200803P00314000,314.0,0,0.0,0.0,,0.0,normalDay
2020-07-29,-857.0,78.0,0.0,0,325.12,0.0,1,1.16,0.38,SPY200803P00314000,314.0,0,0.0,0.0,,0.0,normalDay
2020-07-30,-857.0,81.0,0.0,0,323.96,0.0,1,1.16,0.35,SPY200803P00314000,314.0,0,0.0,0.0,,0.0,normalDay
2020-07-31,-857.0,110.0,0.0,0,326.52,0.0,1,1.16,0.06,SPY200803P00314000,314.0,0,0.0,0.0,,0.0,normalDay
2020-08-03,-741.0,0.0,116.0,0,328.79,0.0,1,1.16,0.0,SPY200803P00314000,314.0,0,0.0,0.0,,0.0,expirationDay
2020-08-04,-741.0,-3.0,0.0,0,330.06,0.0,1,0.34,0.37,SPY200810P00318000,318.0,0,0.0,0.0,,0.0,normalDay
2020-08-05,-741.0,19.0,0.0,0,332.11,0.0,1,0.34,0.15,SPY200810P00318000,318.0,0,0.0,0.0,,0.0,normalDay
2020-08-06,-741.0,23.0,0.0,0,334.33,0.0,1,0.34,0.11,SPY200810P00318000,318.0,0,0.0,0.0,,0.0,normalDay
2020-08-07,-741.0,30.0,0.0,0,334.57,0.0,1,0.34,0.04,SPY200810P00318000,318.0,0,0.0,0.0,,0.0,normalDay
2020-08-10,-707.0,0.0,34.0,0,335.57,0.0,1,0.34,0.0,SPY200810P00318000,318.0,0,0.0,0.0,,0.0,expirationDay
2020-08-11,-707.0,-3.0,0.0,0,332.8,0.0,1,0.73,0.76,SPY200817P00322000,322.0,0,0.0,0.0,,0.0,normalDay
2020-08-12,-707.0,58.0,0.0,0,337.44,0.0,1,0.73,0.15,SPY200817P00322000,322.0,0,0.0,0.0,,0.0,normalDay
2020-08-13,-707.0,63.0,0.0,0,336.83,0.0,1,0.73,0.1,SPY200817P00322000,322.0,0,0.0,0.0,,0.0,normalDay
2020-08-14,-707.0,70.0,0.0,0,336.84,0.0,1,0.73,0.03,SPY200817P00322000,322.0,0,0.0,0.0,,0.0,normalDay
2020-08-17,-634.0,0.0,73.0,0,337.91,0.0,1,0.73,0.0,SPY200817P00322000,322.0,0,0.0,0.0,,0.0,expirationDay
2020-08-18,-634.0,-3.0,0.0,0,338.64,0.0,1,0.17,0.2,SPY200824P00324000,324.0,0,0.0,0.0,,0.0,normalDay
2020-08-19,-634.0,-8.0,0.0,0,337.23,0.0,1,0.17,0.25,SPY200824P00324000,324.0,0,0.0,0.0,,0.0,normalDay
2020-08-20,-634.0,5.0,0.0,0,338.28,0.0,1,0.17,0.12,SPY200824P00324000,324.0,0,0.0,0.0,,0.0,normalDay
2020-08-21,-634.0,10.0,0.0,0,339.48,0.0,1,0.17,0.07,SPY200824P00324000,324.0,0,0.0,0.0,,0.0,normalDay
2020-08-24,-617.0,0.0,17.0,0,342.92,0.0,1,0.17,0.0,SPY200824P00324000,324.0,0,0.0,0.0,,0.0,expirationDay
2020-08-25,-617.0,-3.0,0.0,0,344.12,0.0,1,0.16,0.19,SPY200831P00329000,329.0,0,0.0,0.0,,0.0,normalDay
2020-08-26,-617.0,0.0,0.0,0,347.57,0.0,1,0.16,0.16,SPY200831P00329000,329.0,0,0.0,0.0,,0.0,normalDay
2020-08-27,-617.0,7.0,0.0,0,348.33,0.0,1,0.16,0.09,SPY200831P00329000,329.0,0,0.0,0.0,,0.0,normalDay
2020-08-28,-617.0,12.0,0.0,0,350.58,0.0,1,0.16,0.04,SPY200831P00329000,329.0,0,0.0,0.0,,0.0,normalDay
2020-08-31,-601.0,0.0,16.0,0,349.31,0.0,1,0.16,0.0,SPY200831P00329000,329.0,0,0.0,0.0,,0.0,expirationDay
2020-09-01,-601.0,-3.0,0.0,0,352.6,0.0,1,0.07,0.1,SPY200904P00334000,334.0,0,0.0,0.0,,0.0,normalDay
2020-09-02,-601.0,1.0,0.0,0,357.7,0.0,1,0.07,0.06,SPY200904P00334000,334.0,0,0.0,0.0,,0.0,normalDay
2020-09-03,-601.0,-15.0,0.0,0,345.39,0.0,1,0.07,0.22,SPY200904P00334000,334.0,0,0.0,0.0,,0.0,normalDay
2020-09-04,-594.0,0.0,7.0,0,342.57,0.0,1,0.07,0.0,SPY200904P00334000,334.0,0,0.0,0.0,,0.0,expirationDay
2020-09-08,-594.0,-8.0,0.0,0,333.21,0.0,1,5.98,6.06,SPY200914P00336000,336.0,0,0.0,0.0,,0.0,normalDay
2020-09-09,-594.0,338.0,0.0,0,339.79,0.0,1,5.98,2.6,SPY200914P00336000,336.0,0,0.0,0.0,,0.0,normalDay
2020-09-10,-594.0,167.0,0.0,0,333.89,0.0,1,5.98,4.31,SPY200914P00336000,336.0,0,0.0,0.0,,0.0,normalDay
2020-09-11,-594.0,232.0,0.0,0,334.06,0.0,1,5.98,3.66,SPY200914P00336000,336.0,0,0.0,0.0,,0.0,normalDay
2020-09-14,4.0,0.0,598.0,0,338.46,0.0,1,5.98,0.0,SPY200914P00336000,336.0,0,0.0,0.0,,0.0,expirationDay
2020-09-15,4.0,-4.0,0.0,0,340.17,0.0,1,2.3,2.34,SPY200921P00336000,336.0,0,0.0,0.0,,0.0,normalDay
2020-09-16,4.0,-16.0,0.0,0,338.82,0.0,1,2.3,2.46,SPY200921P00336000,336.0,0,0.0,0.0,,0.0,normalDay
2020-09-17,4.0,-103.0,0.0,0,335.84,0.0,1,2.3,3.33,SPY200921P00336000,336.0,0,0.0,0.0,,0.0,normalDay
2020-09-18,4.0,-326.0,0.0,0,330.65,0.0,1,2.3,5.56,SPY200921P00336000,336.0,0,0.0,0.0,,0.0,normalDay
2020-09-21,234.0,-903.0,230.0,100,326.97,336.0,1,2.3,0.0,SPY200921P00336000,336.0,0,0.0,0.0,,0.0,expirationDay
2020-09-22,234.0,-573.0,0.0,100,330.3,336.0,0,0.0,0.0,,0.0,1,0.01,0.04,SPY200930C00356000,356.0,normalDay
2020-09-23,234.0,-1337.0,0.0,100,322.64,336.0,0,0.0,0.0,,0.0,1,0.01,0.02,SPY200930C00356000,356.0,normalDay
2020-09-24,234.0,-1250.0,0.0,100,323.5,336.0,0,0.0,0.0,,0.0,1,0.01,0.01,SPY200930C00356000,356.0,normalDay
2020-09-25,234.0,-727.0,0.0,100,328.73,336.0,0,0.0,0.0,,0.0,1,0.01,0.01,SPY200930C00356000,356.0,normalDay
2020-09-28,234.0,-181.0,0.0,100,334.19,336.0,0,0.0,0.0,,0.0,1,0.01,0.01,SPY200930C00356000,356.0,normalDay
2020-09-29,234.0,-363.0,0.0,100,332.37,336.0,0,0.0,0.0,,0.0,1,0.01,0.01,SPY200930C00356000,356.0,normalDay
2020-09-30,235.0,-111.0,1.0,100,334.89,336.0,0,0.0,0.0,,0.0,1,0.01,0.0,SPY200930C00356000,356.0,expirationDay
2020-10-01,235.0,100.0,0.0,100,337.04,336.0,0,0.0,0.0,,0.0,1,1.44,1.48,SPY201009C00345000,345.0,normalDay
2020-10-02,235.0,-128.0,0.0,100,333.84,336.0,0,0.0,0.0,,0.0,1,1.44,0.56,SPY201009C00345000,345.0,normalDay
2020-10-05,235.0,418.0,0.0,100,339.76,336.0,0,0.0,0.0,,0.0,1,1.44,1.02,SPY201009C00345000,345.0,normalDay
2020-10-06,235.0,12.0,0.0,100,334.93,336.0,0,0.0,0.0,,0.0,1,1.44,0.25,SPY201009C00345000,345.0,normalDay
2020-10-07,235.0,564.0,0.0,100,340.76,336.0,0,0.0,0.0,,0.0,1,1.44,0.56,SPY201009C00345000,345.0,normalDay
2020-10-08,235.0,855.0,0.0,100,343.78,336.0,0,0.0,0.0,,0.0,1,1.44,0.67,SPY201009C00345000,345.0,normalDay
2020-10-09,1279.0,855.0,1044.0,0,346.85,0.0,0,0.0,0.0,,0.0,1,1.44,0.0,SPY201009C00345000,345.0,expirationDay
2020-10-12,1279.0,-3.0,0.0,0,352.43,0.0,1,0.08,0.11,SPY201016P00328000,328.0,0,0.0,0.0,,0.0,normalDay
2020-10-13,1279.0,1.0,0.0,0,350.13,0.0,1,0.08,0.07,SPY201016P00328000,328.0,0,0.0,0.0,,0.0,normalDay
2020-10-14,1279.0,1.0,0.0,0,347.93,0.0,1,0.08,0.07,SPY201016P00328000,328.0,0,0.0,0.0,,0.0,normalDay
2020-10-15,1279.0,5.0,0.0,0,347.5,0.0,1,0.08,0.03,SPY201016P00328000,328.0,0,0.0,0.0,,0.0,normalDay
2020-10-16,1287.0,0.0,8.0,0,347.29,0.0,1,0.08,0.0,SPY201016P00328000,328.0,0,0.0,0.0,,0.0,expirationDay
2020-10-19,1287.0,-3.0,0.0,0,342.01,0.0,1,0.49,0.52,SPY201023P00330000,330.0,0,0.0,0.0,,0.0,normalDay
2020-10-20,1287.0,25.0,0.0,0,343.38,0.0,1,0.49,0.24,SPY201023P00330000,330.0,0,0.0,0.0,,0.0,normalDay
2020-10-21,1287.0,40.0,0.0,0,342.73,0.0,1,0.49,0.09,SPY201023P00330000,330.0,0,0.0,0.0,,0.0,normalDay
2020-10-22,1287.0,46.0,0.0,0,344.61,0.0,1,0.49,0.03,SPY201023P00330000,330.0,0,0.0,0.0,,0.0,normalDay
2020-10-23,1336.0,0.0,49.0,0,345.78,0.0,1,0.49,0.0,SPY201023P00330000,330.0,0,0.0,0.0,,0.0,expirationDay
2020-10-26,1336.0,-5.0,0.0,0,339.39,0.0,1,2.81,2.86,SPY201030P00337000,337.0,0,0.0,0.0,,0.0,normalDay
2020-10-27,1336.0,30.0,0.0,0,338.22,0.0,1,2.81,2.51,SPY201030P00337000,337.0,0,0.0,0.0,,0.0,normalDay
2020-10-28,1336.0,-823.0,0.0,0,326.66,0.0,1,2.81,11.04,SPY201030P00337000,337.0,0,0.0,0.0,,0.0,normalDay
2020-10-29,1336.0,-421.0,0.0,0,329.98,0.0,1,2.81,7.02,SPY201030P00337000,337.0,0,0.0,0.0,,0.0,normalDay
2020-10-30,1617.0,-1046.0,281.0,100,326.54,337.0,1,2.81,0.0,SPY201030P00337000,337.0,0,0.0,0.0,,0.0,expirationDay
2020-11-02,1617.0,-684.0,0.0,100,330.2,337.0,0,0.0,0.0,,0.0,1,0.26,0.3,SPY201111C00355000,355.0,normalDay
2020-11-03,1617.0,-145.0,0.0,100,336.03,337.0,0,0.0,0.0,,0.0,1,0.26,0.74,SPY201111C00355000,355.0,normalDay
2020-11-04,1617.0,596.0,0.0,100,343.54,337.0,0,0.0,0.0,,0.0,1,0.26,0.84,SPY201111C00355000,355.0,normalDay
2020-11-05,1617.0,1139.0,0.0,100,350.24,337.0,0,0.0,0.0,,0.0,1,0.26,2.11,SPY201111C00355000,355.0,normalDay
2020-11-06,1617.0,1207.0,0.0,100,350.16,337.0,0,0.0,0.0,,0.0,1,0.26,1.35,SPY201111C00355000,355.0,normalDay
2020-11-09,1617.0,1471.0,0.0,100,354.56,337.0,0,0.0,0.0,,0.0,1,0.26,3.11,SPY201111C00355000,355.0,normalDay
2020-11-10,1617.0,1575.0,0.0,100,354.04,337.0,0,0.0,0.0,,0.0,1,0.26,1.55,SPY201111C00355000,355.0,normalDay
2020-11-11,3443.0,1575.0,1826.0,0,356.67,0.0,0,0.0,0.0,,0.0,1,0.26,0.0,SPY201111C00355000,355.0,expirationDay
2020-11-12,3443.0,-3.0,0.0,0,353.21,0.0,1,0.37,0.4,SPY201118P00333000,333.0,0,0.0,0.0,,0.0,normalDay
2020-11-13,3443.0,22.0,0.0,0,358.1,0.0,1,0.37,0.15,SPY201118P00333000,333.0,0,0.0,0.0,,0.0,normalDay
2020-11-16,3443.0,33.0,0.0,0,362.57,0.0,1,0.37,0.04,SPY201118P00333000,333.0,0,0.0,0.0,,0.0,normalDay
2020-11-17,3443.0,35.0,0.0,0,360.62,0.0,1,0.37,0.02,SPY201118P00333000,333.0,0,0.0,0.0,,0.0,normalDay
2020-11-18,3480.0,0.0,37.0,0,356.28,0.0,1,0.37,0.0,SPY201118P00333000,333.0,0,0.0,0.0,,0.0,expirationDay
2020-11-19,3480.0,-3.0,0.0,0,357.78,0.0,1,0.14,0.17,SPY201125P00335000,335.0,0,0.0,0.0,,0.0,normalDay
2020-11-20,3480.0,3.0,0.0,0,355.33,0.0,1,0.14,0.11,SPY201125P00335000,335.0,0,0.0,0.0,,0.0,normalDay
2020-11-23,3480.0,11.0,0.0,0,357.46,0.0,1,0.14,0.03,SPY201125P00335000,335.0,0,0.0,0.0,,0.0,normalDay
2020-11-24,3480.0,13.0,0.0,0,363.22,0.0,1,0.14,0.01,SPY201125P00335000,335.0,0,0.0,0.0,,0.0,normalDay
2020-11-25,3494.0,0.0,14.0,0,362.66,0.0,1,0.14,0.0,SPY201125P00335000,335.0,0,0.0,0.0,,0.0,expirationDay
2020-11-27,3494.0,-3.0,0.0,0,363.67,0.0,1,0.05,0.08,SPY201202P00342000,342.0,0,0.0,0.0,,0.0,normalDay
2020-11-30,3494.0,0.0,0.0,0,362.06,0.0,1,0.05,0.05,SPY201202P00342000,342.0,0,0.0,0.0,,0.0,normalDay
2020-12-01,3494.0,3.0,0.0,0,366.02,0.0,1,0.05,0.02,SPY201202P00342000,342.0,0,0.0,0.0,,0.0,normalDay
2020-12-02,3499.0,0.0,5.0,0,366.79,0.0,1,0.05,0.0,SPY201202P00342000,342.0,0,0.0,0.0,,0.0,expirationDay
2020-12-03,3499.0,-3.0,0.0,0,366.69,0.0,1,0.43,0.46,SPY201209P00354000,354.0,0,0.0,0.0,,0.0,normalDay
2020-12-04,3499.0,29.0,0.0,0,369.85,0.0,1,0.43,0.14,SPY201209P00354000,354.0,0,0.0,0.0,,0.0,normalDay
2020-12-07,3499.0,38.0,0.0,0,369.09,0.0,1,0.43,0.05,SPY201209P00354000,354.0,0,0.0,0.0,,0.0,normalDay
2020-12-08,3499.0,41.0,0.0,0,370.17,0.0,1,0.43,0.02,SPY201209P00354000,354.0,0,0.0,0.0,,0.0,normalDay
2020-12-09,3542.0,0.0,43.0,0,366.85,0.0,1,0.43,0.0,SPY201209P00354000,354.0,0,0.0,0.0,,0.0,expirationDay
2020-12-10,3542.0,-4.0,0.0,0,366.73,0.0,1,0.83,0.87,SPY201216P00358000,358.0,0,0.0,0.0,,0.0,normalDay
2020-12-11,3542.0,0.0,0.0,0,366.3,0.0,1,0.83,0.83,SPY201216P00358000,358.0,0,0.0,0.0,,0.0,normalDay
2020-12-14,3542.0,8.0,0.0,0,364.66,0.0,1,0.83,0.75,SPY201216P00358000,358.0,0,0.0,0.0,,0.0,normalDay
2020-12-15,3542.0,71.0,0.0,0,369.59,0.0,1,0.83,0.12,SPY201216P00358000,358.0,0,0.0,0.0,,0.0,normalDay
2020-12-16,3625.0,0.0,83.0,0,370.17,0.0,1,0.83,0.0,SPY201216P00358000,358.0,0,0.0,0.0,,0.0,expirationDay
2020-12-17,3625.0,-3.0,0.0,0,372.24,0.0,1,0.66,0.69,SPY201223P00361000,361.0,0,0.0,0.0,,0.0,normalDay
2020-12-18,3625.0,20.0,0.0,0,369.18,0.0,1,0.66,0.46,SPY201223P00361000,361.0,0,0.0,0.0,,0.0,normalDay
2020-12-21,3625.0,1.0,0.0,0,367.86,0.0,1,0.66,0.65,SPY201223P00361000,361.0,0,0.0,0.0,,0.0,normalDay
2020-12-22,3625.0,47.0,0.0,0,367.24,0.0,1,0.66,0.19,SPY201223P00361000,361.0,0,0.0,0.0,,0.0,normalDay
2020-12-23,3691.0,0.0,66.0,0,367.57,0.0,1,0.66,0.0,SPY201223P00361000,361.0,0,0.0,0.0,,0.0,expirationDay
2020-12-24,3691.0,-5.0,0.0,0,369.0,0.0,1,1.03,1.08,SPY201230P00365000,365.0,0,0.0,0.0,,0.0,normalDay
2020-12-28,3691.0,88.0,0.0,0,372.17,0.0,1,1.03,0.15,SPY201230P00365000,365.0,0,0.0,0.0,,0.0,normalDay
2020-12-29,3691.0,91.0,0.0,0,371.46,0.0,1,1.03,0.12,SPY201230P00365000,365.0,0,0.0,0.0,,0.0,normalDay
2020-12-30,3794.0,0.0,103.0,0,371.99,0.0,1,1.03,0.0,SPY201230P00365000,365.0,0,0.0,0.0,,0.0,expirationDay
2020-12-31,3794.0,-3.0,0.0,0,373.88,0.0,1,1.11,1.14,SPY210106P00367000,367.0,0,0.0,0.0,,0.0,normalDay
2021-01-04,3794.0,-105.0,0.0,0,368.79,0.0,1,1.11,2.16,SPY210106P00367000,367.0,0,0.0,0.0,,0.0,normalDay
2021-01-05,3794.0,30.0,0.0,0,371.33,0.0,1,1.11,0.81,SPY210106P00367000,367.0,0,0.0,0.0,,0.0,normalDay
2021-01-06,3905.0,0.0,111.0,0,373.55,0.0,1,1.11,0.0,SPY210106P00367000,367.0,0,0.0,0.0,,0.0,expirationDay
2021-01-07,3905.0,-3.0,0.0,0,379.1,0.0,1,0.53,0.56,SPY210113P00367000,367.0,0,0.0,0.0,,0.0,normalDay
2021-01-08,3905.0,22.0,0.0,0,381.26,0.0,1,0.53,0.31,SPY210113P00367000,367.0,0,0.0,0.0,,0.0,normalDay
2021-01-11,3905.0,32.0,0.0,0,378.69,0.0,1,0.53,0.21,SPY210113P00367000,367.0,0,0.0,0.0,,0.0,normalDay
2021-01-12,3905.0,47.0,0.0,0,378.77,0.0,1,0.53,0.06,SPY210113P00367000,367.0,0,0.0,0.0,,0.0,normalDay
2021-01-13,3958.0,0.0,53.0,0,379.79,0.0,1,0.53,0.0,SPY210113P00367000,367.0,0,0.0,0.0,,0.0,expirationDay
2021-01-14,3958.0,-3.0,0.0,0,378.46,0.0,1,0.82,0.85,SPY210120P00369000,369.0,0,0.0,0.0,,0.0,normalDay
2021-01-15,3958.0,-36.0,0.0,0,375.7,0.0,1,0.82,1.18,SPY210120P00369000,369.0,0,0.0,0.0,,0.0,normalDay
2021-01-19,3958.0,73.0,0.0,0,378.65,0.0,1,0.82,0.09,SPY210120P00369000,369.0,0,0.0,0.0,,0.0,normalDay
2021-01-20,4040.0,0.0,82.0,0,383.89,0.0,1,0.82,0.0,SPY210120P00369000,369.0,0,0.0,0.0,,0.0,expirationDay
2021-01-21,4040.0,-3.0,0.0,0,384.24,0.0,1,0.34,0.37,SPY210127P00370000,370.0,0,0.0,0.0,,0.0,normalDay
2021-01-22,4040.0,4.0,0.0,0,382.88,0.0,1,0.34,0.3,SPY210127P00370000,370.0,0,0.0,0.0,,0.0,normalDay
2021-01-25,4040.0,22.0,0.0,0,384.39,0.0,1,0.34,0.12,SPY210127P00370000,370.0,0,0.0,0.0,,0.0,normalDay
2021-01-26,4040.0,29.0,0.0,0,383.79,0.0,1,0.34,0.05,SPY210127P00370000,370.0,0,0.0,0.0,,0.0,normalDay
2021-01-27,4074.0,0.0,34.0,0,374.41,0.0,1,0.34,0.0,SPY210127P00370000,370.0,0,0.0,0.0,,0.0,expirationDay
2021-01-28,4074.0,-5.0,0.0,0,377.63,0.0,1,2.83,2.88,SPY210203P00373000,373.0,0,0.0,0.0,,0.0,normalDay
2021-01-29,4074.0,-403.0,0.0,0,370.07,0.0,1,2.83,6.86,SPY210203P00373000,373.0,0,0.0,0.0,,0.0,normalDay
2021-02-01,4074.0,78.0,0.0,0,376.23,0.0,1,2.83,2.05,SPY210203P00373000,373.0,0,0.0,0.0,,0.0,normalDay
2021-02-02,4074.0,266.0,0.0,0,381.55,0.0,1,2.83,0.17,SPY210203P00373000,373.0,0,0.0,0.0,,0.0,normalDay
2021-02-03,4357.0,0.0,283.0,0,381.85,0.0,1,2.83,0.0,SPY210203P00373000,373.0,0,0.0,0.0,,0.0,expirationDay
2021-02-04,4357.0,-3.0,0.0,0,386.19,0.0,1,0.6,0.63,SPY210210P00376000,376.0,0,0.0,0.0,,0.0,normalDay
2021-02-05,4357.0,35.0,0.0,0,387.71,0.0,1,0.6,0.25,SPY210210P00376000,376.0,0,0.0,0.0,,0.0,normalDay
2021-02-08,4357.0,53.0,0.0,0,390.51,0.0,1,0.6,0.07,SPY210210P00376000,376.0,0,0.0,0.0,,0.0,normalDay
2021-02-09,4357.0,57.0,0.0,0,390.25,0.0,1,0.6,0.03,SPY210210P00376000,376.0,0,0.0,0.0,,0.0,normalDay
2021-02-10,4417.0,0.0,60.0,0,390.08,0.0,1,0.6,0.0,SPY210210P00376000,376.0,0,0.0,0.0,,0.0,expirationDay
2021-02-11,4417.0,-3.0,0.0,0,390.71,0.0,1,0.33,0.36,SPY210217P00377000,377.0,0,0.0,0.0,,0.0,normalDay
2021-02-12,4417.0,23.0,0.0,0,392.64,0.0,1,0.33,0.1,SPY210217P00377000,377.0,0,0.0,0.0,,0.0,normalDay
2021-02-16,4417.0,27.0,0.0,0,392.3,0.0,1,0.33,0.06,SPY210217P00377000,377.0,0,0.0,0.0,,0.0,normalDay
2021-02-17,4450.0,0.0,33.0,0,392.39,0.0,1,0.33,0.0,SPY210217P00377000,377.0,0,0.0,0.0,,0.0,expirationDay
2021-02-18,4450.0,-3.0,0.0,0,390.72,0.0,1,0.56,0.59,SPY210224P00378000,378.0,0,0.0,0.0,,0.0,normalDay
2021-02-19,4450.0,22.0,0.0,0,390.03,0.0,1,0.56,0.34,SPY210224P00378000,378.0,0,0.0,0.0,,0.0,normalDay
2021-02-22,4450.0,29.0,0.0,0,387.03,0.0,1,0.56,0.27,SPY210224P00378000,378.0,0,0.0,0.0,,0.0,normalDay
2021-02-23,4450.0,47.0,0.0,0,387.5,0.0,1,0.56,0.09,SPY210224P00378000,378.0,0,0.0,0.0,,0.0,normalDay
2021-02-24,4506.0,0.0,56.0,0,391.77,0.0,1,0.56,0.0,SPY210224P00378000,378.0,0,0.0,0.0,,0.0,expirationDay
2021-02-25,4506.0,-7.0,0.0,0,382.33,0.0,1,3.89,3.96,SPY210303P00380000,380.0,0,0.0,0.0,,0.0,normalDay
2021-02-26,4506.0,-44.0,0.0,0,380.36,0.0,1,3.89,4.33,SPY210303P00380000,380.0,0,0.0,0.0,,0.0,normalDay
2021-03-01,4506.0,345.0,0.0,0,389.58,0.0,1,3.89,0.44,SPY210303P00380000,380.0,0,0.0,0.0,,0.0,normalDay
2021-03-02,4506.0,347.0,0.0,0,386.54,0.0,1,3.89,0.42,SPY210303P00380000,380.0,0,0.0,0.0,,0.0,normalDay
2021-03-03,4895.0,0.0,389.0,0,381.42,0.0,1,3.89,0.0,SPY210303P00380000,380.0,0,0.0,0.0,,0.0,expirationDay
2021-03-04,4895.0,-8.0,0.0,0,376.7,0.0,1,8.07,8.15,SPY210310P00383000,383.0,0,0.0,0.0,,0.0,normalDay
2021-03-05,4895.0,453.0,0.0,0,383.63,0.0,1,8.07,3.54,SPY210310P00383000,383.0,0,0.0,0.0,,0.0,normalDay
2021-03-08,4895.0,463.0,0.0,0,381.72,0.0,1,8.07,3.44,SPY210310P00383000,383.0,0,0.0,0.0,,0.0,normalDay
2021-03-09,4895.0,745.0,0.0,0,387.17,0.0,1,8.07,0.62,SPY210310P00383000,383.0,0,0.0,0.0,,0.0,normalDay
2021-03-10,5702.0,0.0,807.0,0,389.58,0.0,1,8.07,0.0,SPY210310P00383000,383.0,0,0.0,0.0,,0.0,expirationDay
2021-03-11,5702.0,-4.0,0.0,0,393.53,0.0,1,0.85,0.89,SPY210317P00383000,383.0,0,0.0,0.0,,0.0,normalDay
2021-03-12,5702.0,47.0,0.0,0,394.06,0.0,1,0.85,0.38,SPY210317P00383000,383.0,0,0.0,0.0,,0.0,normalDay
2021-03-15,5702.0,75.0,0.0,0,396.41,0.0,1,0.85,0.1,SPY210317P00383000,383.0,0,0.0,0.0,,0.0,normalDay
2021-03-16,5702.0,79.0,0.0,0,395.91,0.0,1,0.85,0.06,SPY210317P00383000,383.0,0,0.0,0.0,,0.0,normalDay
2021-03-17,5787.0,0.0,85.0,0,397.26,0.0,1,0.85,0.0,SPY210317P00383000,383.0,0,0.0,0.0,,0.0,expirationDay
2021-03-18,5787.0,-3.0,0.0,0,391.48,0.0,1,1.09,1.12,SPY210324P00382000,382.0,0,0.0,0.0,,0.0,normalDay
2021-03-19,5787.0,30.0,0.0,0,389.48,0.0,1,1.09,0.79,SPY210324P00382000,382.0,0,0.0,0.0,,0.0,normalDay
2021-03-22,5787.0,99.0,0.0,0,392.59,0.0,1,1.09,0.1,SPY210324P00382000,382.0,0,0.0,0.0,,0.0,normalDay
2021-03-23,5787.0,98.0,0.0,0,389.5,0.0,1,1.09,0.11,SPY210324P00382000,382.0,0,0.0,0.0,,0.0,normalDay
2021-03-24,5896.0,0.0,109.0,0,387.52,0.0,1,1.09,0.0,SPY210324P00382000,382.0,0,0.0,0.0,,0.0,expirationDay
2021-03-25,5896.0,-3.0,0.0,0,389.7,0.0,1,1.0,1.03,SPY210331P00383000,383.0,0,0.0,0.0,,0.0,normalDay
2021-03-26,5896.0,65.0,0.0,0,395.98,0.0,1,1.0,0.35,SPY210331P00383000,383.0,0,0.0,0.0,,0.0,normalDay
2021-03-29,5896.0,85.0,0.0,0,395.78,0.0,1,1.0,0.15,SPY210331P00383000,383.0,0,0.0,0.0,,0.0,normalDay
2021-03-30,5896.0,96.0,0.0,0,394.73,0.0,1,1.0,0.04,SPY210331P00383000,383.0,0,0.0,0.0,,0.0,normalDay
2021-03-31,5996.0,0.0,100.0,0,396.33,0.0,1,1.0,0.0,SPY210331P00383000,383.0,0,0.0,0.0,,0.0,expirationDay
2021-04-01,5996.0,-3.0,0.0,0,400.61,0.0,1,0.09,0.12,SPY210407P00387000,387.0,0,0.0,0.0,,0.0,normalDay
2021-04-05,5996.0,4.0,0.0,0,406.36,0.0,1,0.09,0.05,SPY210407P00387000,387.0,0,0.0,0.0,,0.0,normalDay
2021-04-06,5996.0,7.0,0.0,0,406.12,0.0,1,0.09,0.02,SPY210407P00387000,387.0,0,0.0,0.0,,0.0,normalDay
2021-04-07,6005.0,0.0,9.0,0,406.59,0.0,1,0.09,0.0,SPY210407P00387000,387.0,0,0.0,0.0,,0.0,expirationDay
2021-04-08,6005.0,-3.0,0.0,0,408.52,0.0,1,0.1,0.13,SPY210414P00390000,390.0,0,0.0,0.0,,0.0,normalDay
2021-04-09,6005.0,4.0,0.0,0,411.49,0.0,1,0.1,0.06,SPY210414P00390000,390.0,0,0.0,0.0,,0.0,normalDay
2021-04-12,6005.0,7.0,0.0,0,411.64,0.0,1,0.1,0.03,SPY210414P00390000,390.0,0,0.0,0.0,,0.0,normalDay
2021-04-13,6005.0,9.0,0.0,0,412.86,0.0,1,0.1,0.01,SPY210414P00390000,390.0,0,0.0,0.0,,0.0,normalDay
2021-04-14,6015.0,0.0,10.0,0,411.45,0.0,1,0.1,0.0,SPY210414P00390000,390.0,0,0.0,0.0,,0.0,expirationDay
2021-04-15,6015.0,-3.0,0.0,0,415.87,0.0,1,0.05,0.08,SPY210421P00391000,391.0,0,0.0,0.0,,0.0,normalDay
2021-04-16,6015.0,2.0,0.0,0,417.26,0.0,1,0.05,0.03,SPY210421P00391000,391.0,0,0.0,0.0,,0.0,normalDay
2021-04-19,6015.0,3.0,0.0,0,415.21,0.0,1,0.05,0.02,SPY210421P00391000,391.0,0,0.0,0.0,,0.0,normalDay
2021-04-20,6015.0,4.0,0.0,0,412.17,0.0,1,0.05,0.01,SPY210421P00391000,391.0,0,0.0,0.0,,0.0,normalDay
2021-04-21,6020.0,0.0,5.0,0,416.07,0.0,1,0.05,0.0,SPY210421P00391000,391.0,0,0.0,0.0,,0.0,expirationDay
2021-04-22,6020.0,-3.0,0.0,0,412.27,0.0,1,0.3,0.33,SPY210428P00398000,398.0,0,0.0,0.0,,0.0,normalDay
2021-04-23,6020.0,22.0,0.0,0,416.74,0.0,1,0.3,0.08,SPY210428P00398000,398.0,0,0.0,0.0,,0.0,normalDay
2021-04-26,6020.0,27.0,0.0,0,417.61,0.0,1,0.3,0.03,SPY210428P00398000,398.0,0,0.0,0.0,,0.0,normalDay
2021-04-27,6020.0,28.0,0.0,0,417.52,0.0,1,0.3,0.02,SPY210428P00398000,398.0,0,0.0,0.0,,0.0,normalDay
2021-04-28,6050.0,0.0,30.0,0,417.4,0.0,1,0.3,0.0,SPY210428P00398000,398.0,0,0.0,0.0,,0.0,expirationDay
2021-04-29,6050.0,-3.0,0.0,0,420.06,0.0,1,0.25,0.28,SPY210505P00408000,408.0,0,0.0,0.0,,0.0,normalDay
2021-04-30,6050.0,-14.0,0.0,0,417.3,0.0,1,0.25,0.39,SPY210505P00408000,408.0,0,0.0,0.0,,0.0,normalDay
2021-05-03,6050.0,14.0,0.0,0,418.2,0.0,1,0.25,0.11,SPY210505P00408000,408.0,0,0.0,0.0,,0.0,normalDay
2021-05-04,6050.0,17.0,0.0,0,415.62,0.0,1,0.25,0.08,SPY210505P00408000,408.0,0,0.0,0.0,,0.0,normalDay
2021-05-05,6075.0,0.0,25.0,0,415.75,0.0,1,0.25,0.0,SPY210505P00408000,408.0,0,0.0,0.0,,0.0,expirationDay
2021-05-06,6075.0,-3.0,0.0,0,419.07,0.0,1,0.9,0.93,SPY210512P00413000,413.0,0,0.0,0.0,,0.0,normalDay
2021-05-07,6075.0,53.0,0.0,0,422.12,0.0,1,0.9,0.37,SPY210512P00413000,413.0,0,0.0,0.0,,0.0,normalDay
2021-05-10,6075.0,9.0,0.0,0,417.94,0.0,1,0.9,0.81,SPY210512P00413000,413.0,0,0.0,0.0,,0.0,normalDay
2021-05-11,6075.0,-44.0,0.0,0,414.21,0.0,1,0.9,1.34,SPY210512P00413000,413.0,0,0.0,0.0,,0.0,normalDay
2021-05-12,6165.0,-759.0,90.0,100,405.41,413.0,1,0.9,0.0,SPY210512P00413000,413.0,0,0.0,0.0,,0.0,expirationDay
2021-05-13,6165.0,-275.0,0.0,100,410.28,413.0,0,0.0,0.0,,0.0,1,0.27,0.3,SPY210521C00423000,423.0,normalDay
2021-05-14,6165.0,314.0,0.0,100,416.58,413.0,0,0.0,0.0,,0.0,1,0.27,0.71,SPY210521C00423000,423.0,normalDay
2021-05-17,6165.0,252.0,0.0,100,415.52,413.0,0,0.0,0.0,,0.0,1,0.27,0.27,SPY210521C00423000,423.0,normalDay
2021-05-18,6165.0,-87.0,0.0,100,411.94,413.0,0,0.0,0.0,,0.0,1,0.27,0.08,SPY210521C00423000,423.0,normalDay
2021-05-19,6165.0,-191.0,0.0,100,410.86,413.0,0,0.0,0.0,,0.0,1,0.27,0.04,SPY210521C00423000,423.0,normalDay
2021-05-20,6165.0,251.0,0.0,100,415.28,413.0,0,0.0,0.0,,0.0,1,0.27,0.04,SPY210521C00423000,423.0,normalDay
2021-05-21,6192.0,194.0,27.0,100,414.94,413.0,0,0.0,0.0,,0.0,1,0.27,0.0,SPY210521C00423000,423.0,expirationDay
2021-05-24,6192.0,614.0,0.0,100,419.17,413.0,0,0.0,0.0,,0.0,1,1.04,1.07,SPY210602C00423000,423.0,normalDay
2021-05-25,6192.0,550.0,0.0,100,418.24,413.0,0,0.0,0.0,,0.0,1,1.04,0.78,SPY210602C00423000,423.0,normalDay
2021-05-26,6192.0,654.0,0.0,100,419.07,413.0,0,0.0,0.0,,0.0,1,1.04,0.57,SPY210602C00423000,423.0,normalDay
2021-05-27,6192.0,678.0,0.0,100,419.29,413.0,0,0.0,0.0,,0.0,1,1.04,0.55,SPY210602C00423000,423.0,normalDay
2021-05-28,6192.0,769.0,0.0,100,420.04,413.0,0,0.0,0.0,,0.0,1,1.04,0.39,SPY210602C00423000,423.0,normalDay
2021-06-01,6192.0,760.0,0.0,100,419.67,413.0,0,0.0,0.0,,0.0,1,1.04,0.11,SPY210602C00423000,423.0,normalDay
2021-06-02,6296.0,733.0,104.0,100,420.33,413.0,0,0.0,0.0,,0.0,1,1.04,0.0,SPY210602C00423000,423.0,expirationDay
2021-06-03,6296.0,574.0,0.0,100,418.77,413.0,0,0.0,0.0,,0.0,1,0.77,0.8,SPY210611C00424000,424.0,normalDay
2021-06-04,6296.0,899.0,0.0,100,422.6,413.0,0,0.0,0.0,,0.0,1,0.77,1.38,SPY210611C00424000,424.0,normalDay
2021-06-07,6296.0,894.0,0.0,100,422.19,413.0,0,0.0,0.0,,0.0,1,0.77,1.02,SPY210611C00424000,424.0,normalDay
2021-06-08,6296.0,910.0,0.0,100,422.28,413.0,0,0.0,0.0,,0.0,1,0.77,0.95,SPY210611C00424000,424.0,normalDay
2021-06-09,6296.0,865.0,0.0,100,421.65,413.0,0,0.0,0.0,,0.0,1,0.77,0.77,SPY210611C00424000,424.0,normalDay
2021-06-10,6296.0,1073.0,0.0,100,423.61,413.0,0,0.0,0.0,,0.0,1,0.77,0.65,SPY210611C00424000,424.0,normalDay
2021-06-11,7473.0,1073.0,1177.0,0,424.31,0.0,0,0.0,0.0,,0.0,1,0.77,0.0,SPY210611C00424000,424.0,expirationDay
2021-06-14,7473.0,-3.0,0.0,0,425.26,0.0,1,0.48,0.51,SPY210618P00415000,415.0,0,0.0,0.0,,0.0,normalDay
2021-06-15,7473.0,-15.0,0.0,0,424.48,0.0,1,0.48,0.63,SPY210618P00415000,415.0,0,0.0,0.0,,0.0,normalDay
2021-06-16,7473.0,-40.0,0.0,0,422.11,0.0,1,0.48,0.88,SPY210618P00415000,415.0,0,0.0,0.0,,0.0,normalDay
2021-06-17,7473.0,16.0,0.0,0,421.97,0.0,1,0.48,0.32,SPY210618P00415000,415.0,0,0.0,0.0,,0.0,normalDay
2021-06-18,7521.0,-8.0,48.0,100,414.92,415.0,1,0.48,0.0,SPY210618P00415000,415.0,0,0.0,0.0,,0.0,expirationDay
2021-06-21,7521.0,582.0,0.0,100,420.86,415.0,0,0.0,0.0,,0.0,1,0.78,0.82,SPY210630C00426000,426.0,normalDay
2021-06-22,7521.0,785.0,0.0,100,423.11,415.0,0,0.0,0.0,,0.0,1,0.78,1.04,SPY210630C00426000,426.0,normalDay
2021-06-23,7521.0,758.0,0.0,100,422.6,415.0,0,0.0,0.0,,0.0,1,0.78,0.8,SPY210630C00426000,426.0,normalDay
2021-06-24,7521.0,949.0,0.0,100,425.1,415.0,0,0.0,0.0,,0.0,1,0.78,1.39,SPY210630C00426000,426.0,normalDay
2021-06-25,7521.0,1047.0,0.0,100,426.61,415.0,0,0.0,0.0,,0.0,1,0.78,1.92,SPY210630C00426000,426.0,normalDay
2021-06-28,7521.0,1121.0,0.0,100,427.47,415.0,0,0.0,0.0,,0.0,1,0.78,2.04,SPY210630C00426000,426.0,normalDay
2021-06-29,7521.0,1128.0,0.0,100,427.7,415.0,0,0.0,0.0,,0.0,1,0.78,2.2,SPY210630C00426000,426.0,normalDay
2021-06-30,8699.0,1128.0,1178.0,0,428.06,0.0,0,0.0,0.0,,0.0,1,0.78,0.0,SPY210630C00426000,426.0,expirationDay
2021-07-01,8699.0,-3.0,0.0,0,430.43,0.0,1,0.22,0.25,SPY210707P00421000,421.0,0,0.0,0.0,,0.0,normalDay
2021-07-02,8699.0,15.0,0.0,0,433.72,0.0,1,0.22,0.07,SPY210707P00421000,421.0,0,0.0,0.0,,0.0,normalDay
2021-07-06,8699.0,20.0,0.0,0,432.93,0.0,1,0.22,0.02,SPY210707P00421000,421.0,0,0.0,0.0,,0.0,normalDay
2021-07-07,8721.0,0.0,22.0,0,434.46,0.0,1,0.22,0.0,SPY210707P00421000,421.0,0,0.0,0.0,,0.0,expirationDay
2021-07-08,8721.0,-3.0,0.0,0,430.92,0.0,1,0.85,0.88,SPY210714P00421000,421.0,0,0.0,0.0,,0.0,normalDay
2021-07-09,8721.0,66.0,0.0,0,435.52,0.0,1,0.85,0.19,SPY210714P00421000,421.0,0,0.0,0.0,,0.0,normalDay
2021-07-12,8721.0,80.0,0.0,0,437.08,0.0,1,0.85,0.05,SPY210714P00421000,421.0,0,0.0,0.0,,0.0,normalDay
2021-07-13,8721.0,80.0,0.0,0,435.59,0.0,1,0.85,0.05,SPY210714P00421000,421.0,0,0.0,0.0,,0.0,normalDay
2021-07-14,8806.0,0.0,85.0,0,436.24,0.0,1,0.85,0.0,SPY210714P00421000,421.0,0,0.0,0.0,,0.0,expirationDay
2021-07-15,8806.0,-3.0,0.0,0,434.75,0.0,1,0.43,0.46,SPY210721P00423000,423.0,0,0.0,0.0,,0.0,normalDay
2021-07-16,8806.0,-21.0,0.0,0,431.34,0.0,1,0.43,0.64,SPY210721P00423000,423.0,0,0.0,0.0,,0.0,normalDay
2021-07-19,8806.0,-151.0,0.0,0,424.97,0.0,1,0.43,1.94,SPY210721P00423000,423.0,0,0.0,0.0,,0.0,normalDay
2021-07-20,8806.0,32.0,0.0,0,431.06,0.0,1,0.43,0.11,SPY210721P00423000,423.0,0,0.0,0.0,,0.0,normalDay
2021-07-21,8849.0,0.0,43.0,0,434.55,0.0,1,0.43,0.0,SPY210721P00423000,423.0,0,0.0,0.0,,0.0,expirationDay
2021-07-22,8849.0,-3.0,0.0,0,435.46,0.0,1,0.64,0.67,SPY210728P00428000,428.0,0,0.0,0.0,,0.0,normalDay
2021-07-23,8849.0,44.0,0.0,0,439.94,0.0,1,0.64,0.2,SPY210728P00428000,428.0,0,0.0,0.0,,0.0,normalDay
2021-07-26,8849.0,58.0,0.0,0,441.02,0.0,1,0.64,0.06,SPY210728P00428000,428.0,0,0.0,0.0,,0.0,normalDay
2021-07-27,8849.0,57.0,0.0,0,439.01,0.0,1,0.64,0.07,SPY210728P00428000,428.0,0,0.0,0.0,,0.0,normalDay
2021-07-28,8913.0,0.0,64.0,0,438.83,0.0,1,0.64,0.0,SPY210728P00428000,428.0,0,0.0,0.0,,0.0,expirationDay
2021-07-29,8913.0,-3.0,0.0,0,440.65,0.0,1,0.4,0.43,SPY210804P00431000,431.0,0,0.0,0.0,,0.0,normalDay
2021-07-30,8913.0,-6.0,0.0,0,438.51,0.0,1,0.4,0.46,SPY210804P00431000,431.0,0,0.0,0.0,,0.0,normalDay
2021-08-02,8913.0,2.0,0.0,0,437.59,0.0,1,0.4,0.38,SPY210804P00431000,431.0,0,0.0,0.0,,0.0,normalDay
2021-08-03,8913.0,37.0,0.0,0,441.15,0.0,1,0.4,0.03,SPY210804P00431000,431.0,0,0.0,0.0,,0.0,normalDay
2021-08-04,8953.0,0.0,40.0,0,438.98,0.0,1,0.4,0.0,SPY210804P00431000,431.0,0,0.0,0.0,,0.0,expirationDay
2021-08-05,8953.0,-3.0,0.0,0,441.76,0.0,1,0.47,0.5,SPY210811P00433000,433.0,0,0.0,0.0,,0.0,normalDay
2021-08-06,8953.0,31.0,0.0,0,442.49,0.0,1,0.47,0.16,SPY210811P00433000,433.0,0,0.0,0.0,,0.0,normalDay
2021-08-09,8953.0,39.0,0.0,0,442.13,0.0,1,0.47,0.08,SPY210811P00433000,433.0,0,0.0,0.0,,0.0,normalDay
2021-08-10,8953.0,43.0,0.0,0,442.68,0.0,1,0.47,0.04,SPY210811P00433000,433.0,0,0.0,0.0,,0.0,normalDay
2021-08-11,9000.0,0.0,47.0,0,443.78,0.0,1,0.47,0.0,SPY210811P00433000,433.0,0,0.0,0.0,,0.0,expirationDay
2021-08-12,9000.0,-3.0,0.0,0,445.11,0.0,1,0.21,0.24,SPY210818P00434000,434.0,0,0.0,0.0,,0.0,normalDay
2021-08-13,9000.0,7.0,0.0,0,445.92,0.0,1,0.21,0.14,SPY210818P00434000,434.0,0,0.0,0.0,,0.0,normalDay
2021-08-16,9000.0,13.0,0.0,0,446.97,0.0,1,0.21,0.08,SPY210818P00434000,434.0,0,0.0,0.0,,0.0,normalDay
2021-08-17,9000.0,12.0,0.0,0,444.04,0.0,1,0.21,0.09,SPY210818P00434000,434.0,0,0.0,0.0,,0.0,normalDay
2021-08-18,9021.0,0.0,21.0,0,439.18,0.0,1,0.21,0.0,SPY210818P00434000,434.0,0,0.0,0.0,,0.0,expirationDay
2021-08-19,9021.0,-5.0,0.0,0,439.86,0.0,1,2.99,3.04,SPY210825P00439000,439.0,0,0.0,0.0,,0.0,normalDay
2021-08-20,9021.0,211.0,0.0,0,443.36,0.0,1,2.99,0.88,SPY210825P00439000,439.0,0,0.0,0.0,,0.0,normalDay
2021-08-23,9021.0,288.0,0.0,0,447.26,0.0,1,2.99,0.11,SPY210825P00439000,439.0,0,0.0,0.0,,0.0,normalDay
2021-08-24,9021.0,294.0,0.0,0,447.97,0.0,1,2.99,0.05,SPY210825P00439000,439.0,0,0.0,0.0,,0.0,normalDay
2021-08-25,9320.0,0.0,299.0,0,448.91,0.0,1,2.99,0.0,SPY210825P00439000,439.0,0,0.0,0.0,,0.0,expirationDay
2021-08-26,9320.0,-3.0,0.0,0,446.26,0.0,1,1.21,1.24,SPY210901P00440000,440.0,0,0.0,0.0,,0.0,normalDay
2021-08-27,9320.0,95.0,0.0,0,450.25,0.0,1,1.21,0.26,SPY210901P00440000,440.0,0,0.0,0.0,,0.0,normalDay
2021-08-30,9320.0,115.0,0.0,0,452.23,0.0,1,1.21,0.06,SPY210901P00440000,440.0,0,0.0,0.0,,0.0,normalDay
2021-08-31,9320.0,117.0,0.0,0,451.56,0.0,1,1.21,0.04,SPY210901P00440000,440.0,0,0.0,0.0,,0.0,normalDay
2021-09-01,9441.0,0.0,121.0,0,451.8,0.0,1,1.21,0.0,SPY210901P00440000,440.0,0,0.0,0.0,,0.0,expirationDay
2021-09-02,9441.0,-3.0,0.0,0,453.19,0.0,1,0.25,0.28,SPY210908P00442000,442.0,0,0.0,0.0,,0.0,normalDay
2021-09-03,9441.0,11.0,0.0,0,453.08,0.0,1,0.25,0.14,SPY210908P00442000,442.0,0,0.0,0.0,,0.0,normalDay
2021-09-07,9441.0,20.0,0.0,0,451.46,0.0,1,0.25,0.05,SPY210908P00442000,442.0,0,0.0,0.0,,0.0,normalDay
2021-09-08,9466.0,0.0,25.0,0,450.91,0.0,1,0.25,0.0,SPY210908P00442000,442.0,0,0.0,0.0,,0.0,expirationDay
2021-09-09,9466.0,-3.0,0.0,0,448.98,0.0,1,1.4,1.43,SPY210915P00444000,444.0,0,0.0,0.0,,0.0,normalDay
2021-09-10,9466.0,-111.0,0.0,0,445.44,0.0,1,1.4,2.51,SPY210915P00444000,444.0,0,0.0,0.0,,0.0,normalDay
2021-09-13,9466.0,22.0,0.0,0,446.58,0.0,1,1.4,1.18,SPY210915P00444000,444.0,0,0.0,0.0,,0.0,normalDay
2021-09-14,9466.0,12.0,0.0,0,444.17,0.0,1,1.4,1.28,SPY210915P00444000,444.0,0,0.0,0.0,,0.0,normalDay
2021-09-15,9606.0,0.0,140.0,0,447.88,0.0,1,1.4,0.0,SPY210915P00444000,444.0,0,0.0,0.0,,0.0,expirationDay
2021-09-16,9606.0,-4.0,0.0,0,447.17,0.0,1,2.52,2.56,SPY210922P00445000,445.0,0,0.0,0.0,,0.0,normalDay
2021-09-17,9606.0,-263.0,0.0,0,441.4,0.0,1,2.52,5.15,SPY210922P00445000,445.0,0,0.0,0.0,,0.0,normalDay
2021-09-20,9606.0,-880.0,0.0,0,434.04,0.0,1,2.52,11.32,SPY210922P00445000,445.0,0,0.0,0.0,,0.0,normalDay
2021-09-21,9606.0,-908.0,0.0,0,433.63,0.0,1,2.52,11.6,SPY210922P00445000,445.0,0,0.0,0.0,,0.0,normalDay
2021-09-22,9858.0,-714.0,252.0,100,437.86,445.0,1,2.52,0.0,SPY210922P00445000,445.0,0,0.0,0.0,,0.0,expirationDay
2021-09-23,9858.0,-185.0,0.0,100,443.18,445.0,0,0.0,0.0,,0.0,1,0.12,0.15,SPY211001C00457000,457.0,normalDay
2021-09-24,9858.0,-103.0,0.0,100,443.91,445.0,0,0.0,0.0,,0.0,1,0.12,0.06,SPY211001C00457000,457.0,normalDay
2021-09-27,9858.0,-228.0,0.0,100,442.64,445.0,0,0.0,0.0,,0.0,1,0.12,0.04,SPY211001C00457000,457.0,normalDay
2021-09-28,9858.0,-1118.0,0.0,100,433.72,445.0,0,0.0,0.0,,0.0,1,0.12,0.02,SPY211001C00457000,457.0,normalDay
2021-09-29,9858.0,-1044.0,0.0,100,434.45,445.0,0,0.0,0.0,,0.0,1,0.12,0.01,SPY211001C00457000,457.0,normalDay
2021-09-30,9858.0,-1575.0,0.0,100,429.14,445.0,0,0.0,0.0,,0.0,1,0.12,0.01,SPY211001C00457000,457.0,normalDay
2021-10-01,9870.0,-1076.0,12.0,100,434.24,445.0,0,0.0,0.0,,0.0,1,0.12,0.0,SPY211001C00457000,457.0,expirationDay
2021-10-04,9870.0,-1639.0,0.0,100,428.64,445.0,0,0.0,0.0,,0.0,1,0.03,0.06,SPY211013C00454000,454.0,normalDay
2021-10-05,9870.0,-1193.0,0.0,100,433.1,445.0,0,0.0,0.0,,0.0,1,0.03,0.06,SPY211013C00454000,454.0,normalDay
2021-10-06,9870.0,-1012.0,0.0,100,434.9,445.0,0,0.0,0.0,,0.0,1,0.03,0.05,SPY211013C00454000,454.0,normalDay
2021-10-07,9870.0,-637.0,0.0,100,438.66,445.0,0,0.0,0.0,,0.0,1,0.03,0.06,SPY211013C00454000,454.0,normalDay
2021-10-08,9870.0,-713.0,0.0,100,437.86,445.0,0,0.0,0.0,,0.0,1,0.03,0.02,SPY211013C00454000,454.0,normalDay
2021-10-11,9870.0,-1030.0,0.0,100,434.69,445.0,0,0.0,0.0,,0.0,1,0.03,0.02,SPY211013C00454000,454.0,normalDay
2021-10-12,9870.0,-1136.0,0.0,100,433.62,445.0,0,0.0,0.0,,0.0,1,0.03,0.01,SPY211013C00454000,454.0,normalDay
2021-10-13,9873.0,-982.0,3.0,100,435.18,445.0,0,0.0,0.0,,0.0,1,0.03,0.0,SPY211013C00454000,454.0,expirationDay
2021-10-14,9873.0,-253.0,0.0,100,442.5,445.0,0,0.0,0.0,,0.0,1,2.27,2.3,SPY211022C00444000,444.0,normalDay
2021-10-15,9873.0,-63.0,0.0,100,445.87,445.0,0,0.0,0.0,,0.0,1,2.27,3.77,SPY211022C00444000,444.0,normalDay
2021-10-18,9873.0,11.0,0.0,100,447.19,445.0,0,0.0,0.0,,0.0,1,2.27,4.35,SPY211022C00444000,444.0,normalDay
2021-10-19,9873.0,52.0,0.0,100,450.64,445.0,0,0.0,0.0,,0.0,1,2.27,7.39,SPY211022C00444000,444.0,normalDay
2021-10-20,9873.0,142.0,0.0,100,452.41,445.0,0,0.0,0.0,,0.0,1,2.27,8.26,SPY211022C00444000,444.0,normalDay
2021-10-21,9873.0,126.0,0.0,100,453.59,445.0,0,0.0,0.0,,0.0,1,2.27,9.6,SPY211022C00444000,444.0,normalDay
2021-10-22,10000.0,126.0,127.0,0,453.12,0.0,0,0.0,0.0,,0.0,1,2.27,0.0,SPY211022C00444000,444.0,expirationDay
2021-10-25,10000.0,-3.0,0.0,0,455.55,0.0,1,0.03,0.06,SPY211029P00432000,432.0,0,0.0,0.0,,0.0,normalDay
2021-10-26,10000.0,-3.0,0.0,0,455.96,0.0,1,0.03,0.06,SPY211029P00432000,432.0,0,0.0,0.0,,0.0,normalDay
2021-10-27,10000.0,-1.0,0.0,0,453.94,0.0,1,0.03,0.04,SPY211029P00432000,432.0,0,0.0,0.0,,0.0,normalDay
2021-10-28,10000.0,1.0,0.0,0,458.32,0.0,1,0.03,0.02,SPY211029P00432000,432.0,0,0.0,0.0,,0.0,normalDay
2021-10-29,10003.0,0.0,3.0,0,459.25,0.0,1,0.03,0.0,SPY211029P00432000,432.0,0,0.0,0.0,,0.0,expirationDay
2021-11-01,10003.0,-3.0,0.0,0,460.04,0.0,1,0.06,0.09,SPY211105P00437000,437.0,0,0.0,0.0,,0.0,normalDay
2021-11-02,10003.0,0.0,0.0,0,461.9,0.0,1,0.06,0.06,SPY211105P00437000,437.0,0,0.0,0.0,,0.0,normalDay
2021-11-03,10003.0,3.0,0.0,0,464.72,0.0,1,0.06,0.03,SPY211105P00437000,437.0,0,0.0,0.0,,0.0,normalDay
2021-11-04,10003.0,4.0,0.0,0,466.91,0.0,1,0.06,0.02,SPY211105P00437000,437.0,0,0.0,0.0,,0.0,normalDay
2021-11-05,10009.0,0.0,6.0,0,468.53,0.0,1,0.06,0.0,SPY211105P00437000,437.0,0,0.0,0.0,,0.0,expirationDay
2021-11-08,10009.0,-3.0,0.0,0,468.93,0.0,1,0.04,0.07,SPY211112P00444000,444.0,0,0.0,0.0,,0.0,normalDay
2021-11-09,10009.0,-2.0,0.0,0,467.38,0.0,1,0.04,0.06,SPY211112P00444000,444.0,0,0.0,0.0,,0.0,normalDay
2021-11-10,10009.0,-2.0,0.0,0,463.62,0.0,1,0.04,0.06,SPY211112P00444000,444.0,0,0.0,0.0,,0.0,normalDay
2021-11-11,10009.0,2.0,0.0,0,463.77,0.0,1,0.04,0.02,SPY211112P00444000,444.0,0,0.0,0.0,,0.0,normalDay
2021-11-12,10013.0,0.0,4.0,0,467.27,0.0,1,0.04,0.0,SPY211112P00444000,444.0,0,0.0,0.0,,0.0,expirationDay
2021-11-15,10013.0,-3.0,0.0,0,467.43,0.0,1,0.13,0.16,SPY211119P00455000,455.0,0,0.0,0.0,,0.0,normalDay
2021-11-16,10013.0,1.0,0.0,0,469.28,0.0,1,0.13,0.12,SPY211119P00455000,455.0,0,0.0,0.0,,0.0,normalDay
2021-11-17,10013.0,6.0,0.0,0,468.14,0.0,1,0.13,0.07,SPY211119P00455000,455.0,0,0.0,0.0,,0.0,normalDay
2021-11-18,10013.0,9.0,0.0,0,469.73,0.0,1,0.13,0.04,SPY211119P00455000,455.0,0,0.0,0.0,,0.0,normalDay
2021-11-19,10026.0,0.0,13.0,0,468.89,0.0,1,0.13,0.0,SPY211119P00455000,455.0,0,0.0,0.0,,0.0,expirationDay
2021-11-22,10026.0,-3.0,0.0,0,467.57,0.0,1,0.54,0.57,SPY211126P00460000,460.0,0,0.0,0.0,,0.0,normalDay
2021-11-23,10026.0,18.0,0.0,0,468.19,0.0,1,0.54,0.36,SPY211126P00460000,460.0,0,0.0,0.0,,0.0,normalDay
2021-11-24,10026.0,48.0,0.0,0,469.44,0.0,1,0.54,0.06,SPY211126P00460000,460.0,0,0.0,0.0,,0.0,normalDay
2021-11-26,10080.0,-103.0,54.0,100,458.97,460.0,1,0.54,0.0,SPY211126P00460000,460.0,0,0.0,0.0,,0.0,expirationDay
2021-11-29,10080.0,457.0,0.0,100,464.6,460.0,0,0.0,0.0,,0.0,1,1.14,1.17,SPY211208C00472000,472.0,normalDay
2021-11-30,10080.0,-373.0,0.0,100,455.56,460.0,0,0.0,0.0,,0.0,1,1.14,0.43,SPY211208C00472000,472.0,normalDay
2021-12-01,10080.0,-856.0,0.0,100,450.5,460.0,0,0.0,0.0,,0.0,1,1.14,0.2,SPY211208C00472000,472.0,normalDay
2021-12-02,10080.0,-173.0,0.0,100,457.4,460.0,0,0.0,0.0,,0.0,1,1.14,0.27,SPY211208C00472000,472.0,normalDay
2021-12-03,10080.0,-554.0,0.0,100,453.42,460.0,0,0.0,0.0,,0.0,1,1.14,0.1,SPY211208C00472000,472.0,normalDay
2021-12-06,10080.0,-10.0,0.0,100,458.79,460.0,0,0.0,0.0,,0.0,1,1.14,0.03,SPY211208C00472000,472.0,normalDay
2021-12-07,10080.0,916.0,0.0,100,468.28,460.0,0,0.0,0.0,,0.0,1,1.14,0.26,SPY211208C00472000,472.0,normalDay
2021-12-08,10194.0,952.0,114.0,100,469.52,460.0,0,0.0,0.0,,0.0,1,1.14,0.0,SPY211208C00472000,472.0,expirationDay
2021-12-09,10194.0,631.0,0.0,100,466.35,460.0,0,0.0,0.0,,0.0,1,0.77,0.81,SPY211217C00475000,475.0,normalDay
2021-12-10,10194.0,1039.0,0.0,100,470.74,460.0,0,0.0,0.0,,0.0,1,0.77,1.12,SPY211217C00475000,475.0,normalDay
2021-12-13,10194.0,701.0,0.0,100,466.57,460.0,0,0.0,0.0,,0.0,1,0.77,0.33,SPY211217C00475000,475.0,normalDay
2021-12-14,10194.0,399.0,0.0,100,463.36,460.0,0,0.0,0.0,,0.0,1,0.77,0.14,SPY211217C00475000,475.0,normalDay
2021-12-15,10194.0,1092.0,0.0,100,470.6,460.0,0,0.0,0.0,,0.0,1,0.77,0.45,SPY211217C00475000,475.0,normalDay
2021-12-16,10194.0,716.0,0.0,100,466.45,460.0,0,0.0,0.0,,0.0,1,0.77,0.06,SPY211217C00475000,475.0,normalDay
2021-12-17,10271.0,-13.0,77.0,100,459.87,460.0,0,0.0,0.0,,0.0,1,0.77,0.0,SPY211217C00475000,475.0,expirationDay
2021-12-20,10271.0,-505.0,0.0,100,454.98,460.0,0,0.0,0.0,,0.0,1,0.17,0.2,SPY211229C00474000,474.0,normalDay
2021-12-21,10271.0,281.0,0.0,100,463.06,460.0,0,0.0,0.0,,0.0,1,0.17,0.42,SPY211229C00474000,474.0,normalDay
2021-12-22,10271.0,735.0,0.0,100,467.69,460.0,0,0.0,0.0,,0.0,1,0.17,0.51,SPY211229C00474000,474.0,normalDay
2021-12-23,10271.0,979.0,0.0,100,470.6,460.0,0,0.0,0.0,,0.0,1,0.17,0.98,SPY211229C00474000,474.0,normalDay
2021-12-27,10271.0,1349.0,0.0,100,477.26,460.0,0,0.0,0.0,,0.0,1,0.17,3.94,SPY211229C00474000,474.0,normalDay
2021-12-28,10271.0,1330.0,0.0,100,476.87,460.0,0,0.0,0.0,,0.0,1,0.17,3.74,SPY211229C00474000,474.0,normalDay
2021-12-29,11688.0,1330.0,1417.0,0,477.48,0.0,0,0.0,0.0,,0.0,1,0.17,0.0,SPY211229C00474000,474.0,expirationDay
2021-12-30,11688.0,-3.0,0.0,0,476.16,0.0,1,0.16,0.19,SPY220105P00459000,459.0,0,0.0,0.0,,0.0,normalDay
2021-12-31,11688.0,5.0,0.0,0,474.96,0.0,1,0.16,0.11,SPY220105P00459000,459.0,0,0.0,0.0,,0.0,normalDay
2022-01-03,11688.0,14.0,0.0,0,477.71,0.0,1,0.16,0.02,SPY220105P00459000,459.0,0,0.0,0.0,,0.0,normalDay
2022-01-04,11688.0,14.0,0.0,0,477.55,0.0,1,0.16,0.02,SPY220105P00459000,459.0,0,0.0,0.0,,0.0,normalDay
2022-01-05,11704.0,0.0,16.0,0,468.38,0.0,1,0.16,0.0,SPY220105P00459000,459.0,0,0.0,0.0,,0.0,expirationDay
2022-01-06,11704.0,-3.0,0.0,0,467.94,0.0,1,2.1,2.13,SPY220112P00464000,464.0,0,0.0,0.0,,0.0,normalDay
2022-01-07,11704.0,23.0,0.0,0,466.09,0.0,1,2.1,1.87,SPY220112P00464000,464.0,0,0.0,0.0,,0.0,normalDay
2022-01-10,11704.0,18.0,0.0,0,465.51,0.0,1,2.1,1.92,SPY220112P00464000,464.0,0,0.0,0.0,,0.0,normalDay
2022-01-11,11704.0,174.0,0.0,0,469.75,0.0,1,2.1,0.36,SPY220112P00464000,464.0,0,0.0,0.0,,0.0,normalDay
2022-01-12,11914.0,0.0,210.0,0,471.02,0.0,1,2.1,0.0,SPY220112P00464000,464.0,0,0.0,0.0,,0.0,expirationDay
2022-01-13,11914.0,-4.0,0.0,0,464.53,0.0,1,3.49,3.53,SPY220119P00464000,464.0,0,0.0,0.0,,0.0,normalDay
2022-01-14,11914.0,92.0,0.0,0,464.72,0.0,1,3.49,2.57,SPY220119P00464000,464.0,0,0.0,0.0,,0.0,normalDay
2022-01-18,11914.0,-451.0,0.0,0,456.49,0.0,1,3.49,8.0,SPY220119P00464000,464.0,0,0.0,0.0,,0.0,normalDay
2022-01-19,12263.0,-1225.0,349.0,100,451.75,464.0,1,3.49,0.0,SPY220119P00464000,464.0,0,0.0,0.0,,0.0,expirationDay
2022-01-20,12263.0,-1725.0,0.0,100,446.75,464.0,0,0.0,0.0,,0.0,0,0.0,0.0,,0.0,bidTooLow
2022-01-21,12263.0,-2602.0,0.0,100,437.98,464.0,0,0.0,0.0,,0.0,0,0.0,0.0,,0.0,bidTooLow
2022-01-24,12263.0,-2416.0,0.0,100,439.84,464.0,0,0.0,0.0,,0.0,0,0.0,0.0,,0.0,bidTooLow
2022-01-25,12263.0,-2953.0,0.0,100,434.47,464.0,0,0.0,0.0,,0.0,0,0.0,0.0,,0.0,bidTooLow
2022-01-26,12263.0,-3062.0,0.0,100,433.38,464.0,0,0.0,0.0,,0.0,0,0.0,0.0,,0.0,bidTooLow
2022-01-27,12263.0,-3276.0,0.0,100,431.24,464.0,0,0.0,0.0,,0.0,0,0.0,0.0,,0.0,bidTooLow
2022-01-28,12263.0,-2205.0,0.0,100,441.95,464.0,0,0.0,0.0,,0.0,0,0.0,0.0,,0.0,bidTooLow
2022-01-31,12263.0,-1409.0,0.0,100,449.91,464.0,0,0.0,0.0,,0.0,0,0.0,0.0,,0.0,bidTooLow
2022-02-01,12263.0,-1105.0,0.0,100,452.95,464.0,0,0.0,0.0,,0.0,0,0.0,0.0,,0.0,bidTooLow
2022-02-02,12263.0,-668.0,0.0,100,457.35,464.0,0,0.0,0.0,,0.0,1,0.05,0.08,SPY220211C00478000,478.0,normalDay
2022-02-03,12263.0,-1740.0,0.0,100,446.6,464.0,0,0.0,0.0,,0.0,1,0.05,0.05,SPY220211C00478000,478.0,normalDay
2022-02-04,12263.0,-1527.0,0.0,100,448.7,464.0,0,0.0,0.0,,0.0,1,0.05,0.02,SPY220211C00478000,478.0,normalDay
2022-02-07,12263.0,-1670.0,0.0,100,447.26,464.0,0,0.0,0.0,,0.0,1,0.05,0.01,SPY220211C00478000,478.0,normalDay
2022-02-08,12263.0,-1302.0,0.0,100,450.94,464.0,0,0.0,0.0,,0.0,1,0.05,0.01,SPY220211C00478000,478.0,normalDay
2022-02-09,12263.0,-642.0,0.0,100,457.54,464.0,0,0.0,0.0,,0.0,1,0.05,0.01,SPY220211C00478000,478.0,normalDay
2022-02-10,12263.0,-1464.0,0.0,100,449.32,464.0,0,0.0,0.0,,0.0,1,0.05,0.01,SPY220211C00478000,478.0,normalDay
2022-02-11,12268.0,-2354.0,5.0,100,440.46,464.0,0,0.0,0.0,,0.0,1,0.05,0.0,SPY220211C00478000,478.0,expirationDay
2022-02-14,12268.0,-2501.0,0.0,100,439.02,464.0,0,0.0,0.0,,0.0,1,0.23,0.26,SPY220223C00460000,460.0,normalDay
2022-02-15,12268.0,-1809.0,0.0,100,446.1,464.0,0,0.0,0.0,,0.0,1,0.23,0.42,SPY220223C00460000,460.0,normalDay
2022-02-16,12268.0,-1740.0,0.0,100,446.6,464.0,0,0.0,0.0,,0.0,1,0.23,0.23,SPY220223C00460000,460.0,normalDay
2022-02-17,12268.0,-2677.0,0.0,100,437.06,464.0,0,0.0,0.0,,0.0,1,0.23,0.06,SPY220223C00460000,460.0,normalDay
2022-02-18,12268.0,-2956.0,0.0,100,434.23,464.0,0,0.0,0.0,,0.0,1,0.23,0.02,SPY220223C00460000,460.0,normalDay
2022-02-22,12268.0,-3421.0,0.0,100,429.57,464.0,0,0.0,0.0,,0.0,1,0.23,0.01,SPY220223C00460000,460.0,normalDay
2022-02-23,12291.0,-4205.0,23.0,100,421.95,464.0,0,0.0,0.0,,0.0,1,0.23,0.0,SPY220223C00460000,460.0,expirationDay
2022-02-24,12291.0,-3573.0,0.0,100,428.3,464.0,0,0.0,0.0,,0.0,1,0.04,0.07,SPY220304C00461000,461.0,normalDay
2022-02-25,12291.0,-2631.0,0.0,100,437.75,464.0,0,0.0,0.0,,0.0,1,0.04,0.1,SPY220304C00461000,461.0,normalDay
2022-02-28,12291.0,-2740.0,0.0,100,436.63,464.0,0,0.0,0.0,,0.0,1,0.04,0.07,SPY220304C00461000,461.0,normalDay
2022-03-01,12291.0,-3401.0,0.0,100,429.98,464.0,0,0.0,0.0,,0.0,1,0.04,0.03,SPY220304C00461000,461.0,normalDay
2022-03-02,12291.0,-2609.0,0.0,100,437.89,464.0,0,0.0,0.0,,0.0,1,0.04,0.02,SPY220304C00461000,461.0,normalDay
2022-03-03,12291.0,-2826.0,0.0,100,435.71,464.0,0,0.0,0.0,,0.0,1,0.04,0.01,SPY220304C00461000,461.0,normalDay
2022-03-04,12295.0,-3183.0,4.0,100,432.17,464.0,0,0.0,0.0,,0.0,1,0.04,0.0,SPY220304C00461000,461.0,expirationDay
2022-03-07,12295.0,-4460.0,0.0,100,419.43,464.0,0,0.0,0.0,,0.0,1,0.07,0.1,SPY220316C00455000,455.0,normalDay
2022-03-08,12295.0,-4775.0,0.0,100,416.25,464.0,0,0.0,0.0,,0.0,1,0.07,0.07,SPY220316C00455000,455.0,normalDay
2022-03-09,12295.0,-3664.0,0.0,100,427.41,464.0,0,0.0,0.0,,0.0,1,0.07,0.12,SPY220316C00455000,455.0,normalDay
2022-03-10,12295.0,-3849.0,0.0,100,425.48,464.0,0,0.0,0.0,,0.0,1,0.07,0.04,SPY220316C00455000,455.0,normalDay
2022-03-11,12295.0,-4388.0,0.0,100,420.07,464.0,0,0.0,0.0,,0.0,1,0.07,0.02,SPY220316C00455000,455.0,normalDay
2022-03-14,12295.0,-4694.0,0.0,100,417.0,464.0,0,0.0,0.0,,0.0,1,0.07,0.01,SPY220316C00455000,455.0,normalDay
2022-03-15,12295.0,-3777.0,0.0,100,426.17,464.0,0,0.0,0.0,,0.0,1,0.07,0.01,SPY220316C00455000,455.0,normalDay
2022-03-16,12302.0,-2838.0,7.0,100,435.62,464.0,0,0.0,0.0,,0.0,1,0.07,0.0,SPY220316C00455000,455.0,expirationDay
2022-03-17,12302.0,-2296.0,0.0,100,441.07,464.0,0,0.0,0.0,,0.0,1,3.46,3.49,SPY220325C00443000,443.0,normalDay
2022-03-18,12302.0,-2195.0,0.0,100,444.52,464.0,0,0.0,0.0,,0.0,1,3.46,5.93,SPY220325C00443000,443.0,normalDay
2022-03-21,12302.0,-2106.0,0.0,100,444.39,464.0,0,0.0,0.0,,0.0,1,3.46,4.91,SPY220325C00443000,443.0,normalDay
2022-03-22,12302.0,-1892.0,0.0,100,449.59,464.0,0,0.0,0.0,,0.0,1,3.46,7.97,SPY220325C00443000,443.0,normalDay
2022-03-23,12302.0,-2005.0,0.0,100,443.8,464.0,0,0.0,0.0,,0.0,1,3.46,3.31,SPY220325C00443000,443.0,normalDay
2022-03-24,12302.0,-1776.0,0.0,100,450.49,464.0,0,0.0,0.0,,0.0,1,3.46,7.71,SPY220325C00443000,443.0,normalDay
2022-03-25,10548.0,-1776.0,-1754.0,0,452.69,0.0,0,0.0,0.0,,0.0,1,3.46,0.0,SPY220325C00443000,443.0,expirationDay
2022-03-28,10548.0,-3.0,0.0,0,455.91,0.0,1,0.03,0.06,SPY220401P00423000,423.0,0,0.0,0.0,,0.0,normalDay
2022-03-29,10548.0,-1.0,0.0,0,461.55,0.0,1,0.03,0.04,SPY220401P00423000,423.0,0,0.0,0.0,,0.0,normalDay
2022-03-30,10548.0,0.0,0.0,0,458.7,0.0,1,0.03,0.03,SPY220401P00423000,423.0,0,0.0,0.0,,0.0,normalDay
2022-03-31,10548.0,1.0,0.0,0,451.64,0.0,1,0.03,0.02,SPY220401P00423000,423.0,0,0.0,0.0,,0.0,normalDay
2022-04-01,10551.0,0.0,3.0,0,452.92,0.0,1,0.03,0.0,SPY220401P00423000,423.0,0,0.0,0.0,,0.0,expirationDay
2022-04-04,10551.0,-3.0,0.0,0,456.8,0.0,1,0.02,0.05,SPY220408P00427000,427.0,0,0.0,0.0,,0.0,normalDay
2022-04-05,10551.0,-5.0,0.0,0,451.03,0.0,1,0.02,0.07,SPY220408P00427000,427.0,0,0.0,0.0,,0.0,normalDay
2022-04-06,10551.0,-4.0,0.0,0,446.52,0.0,1,0.02,0.06,SPY220408P00427000,427.0,0,0.0,0.0,,0.0,normalDay
2022-04-07,10551.0,0.0,0.0,0,448.77,0.0,1,0.02,0.02,SPY220408P00427000,427.0,0,0.0,0.0,,0.0,normalDay
2022-04-08,10553.0,0.0,2.0,0,447.57,0.0,1,0.02,0.0,SPY220408P00427000,427.0,0,0.0,0.0,,0.0,expirationDay
2022-04-11,10553.0,-5.0,0.0,0,439.92,0.0,1,3.86,3.91,SPY220414P00440000,440.0,0,0.0,0.0,,0.0,normalDay
2022-04-12,10553.0,20.0,0.0,0,438.29,0.0,1,3.86,3.66,SPY220414P00440000,440.0,0,0.0,0.0,,0.0,normalDay
2022-04-13,10553.0,312.0,0.0,0,443.31,0.0,1,3.86,0.74,SPY220414P00440000,440.0,0,0.0,0.0,,0.0,normalDay
2022-04-14,10939.0,-221.0,386.0,100,437.79,440.0,1,3.86,0.0,SPY220414P00440000,440.0,0,0.0,0.0,,0.0,expirationDay
2022-04-18,10939.0,-206.0,0.0,100,437.97,440.0,0,0.0,0.0,,0.0,1,0.03,0.06,SPY220427C00461000,461.0,normalDay
2022-04-19,10939.0,495.0,0.0,100,445.04,440.0,0,0.0,0.0,,0.0,1,0.03,0.12,SPY220427C00461000,461.0,normalDay
2022-04-20,10939.0,463.0,0.0,100,444.71,440.0,0,0.0,0.0,,0.0,1,0.03,0.11,SPY220427C00461000,461.0,normalDay
2022-04-21,10939.0,-194.0,0.0,100,438.06,440.0,0,0.0,0.0,,0.0,1,0.03,0.03,SPY220427C00461000,461.0,normalDay
2022-04-22,10939.0,-1395.0,0.0,100,426.04,440.0,0,0.0,0.0,,0.0,1,0.03,0.02,SPY220427C00461000,461.0,normalDay
2022-04-25,10939.0,-1147.0,0.0,100,428.51,440.0,0,0.0,0.0,,0.0,1,0.03,0.01,SPY220427C00461000,461.0,normalDay
2022-04-26,10939.0,-2388.0,0.0,100,416.1,440.0,0,0.0,0.0,,0.0,1,0.03,0.01,SPY220427C00461000,461.0,normalDay
2022-04-27,10942.0,-2273.0,3.0,100,417.27,440.0,0,0.0,0.0,,0.0,1,0.03,0.0,SPY220427C00461000,461.0,expirationDay
2022-04-28,10942.0,-1219.0,0.0,100,427.81,440.0,0,0.0,0.0,,0.0,0,0.0,0.0,,0.0,bidTooLow
2022-04-29,10942.0,-2800.0,0.0,100,412.0,440.0,0,0.0,0.0,,0.0,0,0.0,0.0,,0.0,bidTooLow
2022-05-02,10942.0,-2555.0,0.0,100,414.48,440.0,0,0.0,0.0,,0.0,1,0.01,0.04,SPY220511C00460000,460.0,normalDay
2022-05-03,10942.0,-2363.0,0.0,100,416.38,440.0,0,0.0,0.0,,0.0,1,0.01,0.02,SPY220511C00460000,460.0,normalDay
2022-05-04,10942.0,-1096.0,0.0,100,429.06,440.0,0,0.0,0.0,,0.0,1,0.01,0.03,SPY220511C00460000,460.0,normalDay
2022-05-05,10942.0,-2620.0,0.0,100,413.81,440.0,0,0.0,0.0,,0.0,1,0.01,0.02,SPY220511C00460000,460.0,normalDay
2022-05-06,10942.0,-2866.0,0.0,100,411.34,440.0,0,0.0,0.0,,0.0,1,0.01,0.01,SPY220511C00460000,460.0,normalDay
2022-05-09,10942.0,-4183.0,0.0,100,398.17,440.0,0,0.0,0.0,,0.0,1,0.01,0.01,SPY220511C00460000,460.0,normalDay
2022-05-10,10942.0,-4091.0,0.0,100,399.09,440.0,0,0.0,0.0,,0.0,1,0.01,0.01,SPY220511C00460000,460.0,normalDay
2022-05-11,10943.0,-4725.0,1.0,100,392.75,440.0,0,0.0,0.0,,0.0,1,0.01,0.0,SPY220511C00460000,460.0,expirationDay
2022-05-12,10943.0,-4766.0,0.0,100,392.34,440.0,0,0.0,0.0,,0.0,0,0.0,0.0,,0.0,bidTooLow
2022-05-13,10943.0,-3828.0,0.0,100,401.72,440.0,0,0.0,0.0,,0.0,0,0.0,0.0,,0.0,bidTooLow
2022-05-16,10943.0,-3991.0,0.0,100,400.09,440.0,0,0.0,0.0,,0.0,0,0.0,0.0,,0.0,bidTooLow
2022-05-17,10943.0,-3168.0,0.0,100,408.32,440.0,0,0.0,0.0,,0.0,0,0.0,0.0,,0.0,bidTooLow
2022-05-18,10943.0,-4817.0,0.0,100,391.86,440.0,0,0.0,0.0,,0.0,1,0.01,0.04,SPY220527C00436000,436.0,normalDay
2022-05-19,10943.0,-5056.0,0.0,100,389.46,440.0,0,0.0,0.0,,0.0,1,0.01,0.03,SPY220527C00436000,436.0,normalDay
2022-05-20,10943.0,-5038.0,0.0,100,389.63,440.0,0,0.0,0.0,,0.0,1,0.01,0.02,SPY220527C00436000,436.0,normalDay
2022-05-23,10943.0,-4309.0,0.0,100,396.92,440.0,0,0.0,0.0,,0.0,1,0.01,0.02,SPY220527C00436000,436.0,normalDay
2022-05-24,10943.0,-4612.0,0.0,100,393.89,440.0,0,0.0,0.0,,0.0,1,0.01,0.02,SPY220527C00436000,436.0,normalDay
2022-05-25,10943.0,-4263.0,0.0,100,397.37,440.0,0,0.0,0.0,,0.0,1,0.01,0.01,SPY220527C00436000,436.0,normalDay
2022-05-26,10943.0,-3469.0,0.0,100,405.31,440.0,0,0.0,0.0,,0.0,1,0.01,0.01,SPY220527C00436000,436.0,normalDay
2022-05-27,10944.0,-2474.0,1.0,100,415.26,440.0,0,0.0,0.0,,0.0,1,0.01,0.0,SPY220527C00436000,436.0,expirationDay
2022-05-31,10944.0,-2711.0,0.0,100,412.93,440.0,0,0.0,0.0,,0.0,1,1.98,2.02,SPY220608C00422000,422.0,normalDay
2022-06-01,10944.0,-2936.0,0.0,100,409.59,440.0,0,0.0,0.0,,0.0,1,1.98,0.93,SPY220608C00422000,422.0,normalDay
2022-06-02,10944.0,-2297.0,0.0,100,417.39,440.0,0,0.0,0.0,,0.0,1,1.98,2.34,SPY220608C00422000,422.0,normalDay
2022-06-03,10944.0,-2791.0,0.0,100,410.54,440.0,0,0.0,0.0,,0.0,1,1.98,0.43,SPY220608C00422000,422.0,normalDay
2022-06-06,10944.0,-2643.0,0.0,100,411.79,440.0,0,0.0,0.0,,0.0,1,1.98,0.2,SPY220608C00422000,422.0,normalDay
2022-06-07,10944.0,-2243.0,0.0,100,415.74,440.0,0,0.0,0.0,,0.0,1,1.98,0.15,SPY220608C00422000,422.0,normalDay
2022-06-08,11142.0,-2878.0,198.0,100,411.22,440.0,0,0.0,0.0,,0.0,1,1.98,0.0,SPY220608C00422000,422.0,expirationDay
2022-06-09,11142.0,-3859.0,0.0,100,401.44,440.0,0,0.0,0.0,,0.0,1,0.77,0.8,SPY220617C00420000,420.0,normalDay
2022-06-10,11142.0,-4953.0,0.0,100,389.8,440.0,0,0.0,0.0,,0.0,1,0.77,0.1,SPY220617C00420000,420.0,normalDay
2022-06-13,11142.0,-6428.0,0.0,100,375.0,440.0,0,0.0,0.0,,0.0,1,0.77,0.05,SPY220617C00420000,420.0,normalDay
2022-06-14,11142.0,-6539.0,0.0,100,373.87,440.0,0,0.0,0.0,,0.0,1,0.77,0.03,SPY220617C00420000,420.0,normalDay
2022-06-15,11142.0,-6004.0,0.0,100,379.2,440.0,0,0.0,0.0,,0.0,1,0.77,0.01,SPY220617C00420000,420.0,normalDay
2022-06-16,11142.0,-7259.0,0.0,100,366.65,440.0,0,0.0,0.0,,0.0,1,0.77,0.01,SPY220617C00420000,420.0,normalDay
2022-06-17,11219.0,-7414.0,77.0,100,365.86,440.0,0,0.0,0.0,,0.0,1,0.77,0.0,SPY220617C00420000,420.0,expirationDay
2022-06-21,11219.0,-6493.0,0.0,100,375.07,440.0,0,0.0,0.0,,0.0,0,0.0,0.0,,0.0,bidTooLow
2022-06-22,11219.0,-6561.0,0.0,100,374.39,440.0,0,0.0,0.0,,0.0,0,0.0,0.0,,0.0,bidTooLow
2022-06-23,11219.0,-6194.0,0.0,100,378.06,440.0,0,0.0,0.0,,0.0,0,0.0,0.0,,0.0,bidTooLow
2022-06-24,11219.0,-4995.0,0.0,100,390.08,440.0,0,0.0,0.0,,0.0,1,0.01,0.04,SPY220701C00428000,428.0,normalDay
2022-06-27,11219.0,-5142.0,0.0,100,388.59,440.0,0,0.0,0.0,,0.0,1,0.01,0.02,SPY220701C00428000,428.0,normalDay
2022-06-28,11219.0,-5935.0,0.0,100,380.65,440.0,0,0.0,0.0,,0.0,1,0.01,0.01,SPY220701C00428000,428.0,normalDay
2022-06-29,11219.0,-5966.0,0.0,100,380.34,440.0,0,0.0,0.0,,0.0,1,0.01,0.01,SPY220701C00428000,428.0,normalDay
2022-06-30,11219.0,-6275.0,0.0,100,377.25,440.0,0,0.0,0.0,,0.0,1,0.01,0.01,SPY220701C00428000,428.0,normalDay
2022-07-01,11220.0,-5876.0,1.0,100,381.24,440.0,0,0.0,0.0,,0.0,1,0.01,0.0,SPY220701C00428000,428.0,expirationDay
2022-07-05,11220.0,-5807.0,0.0,100,381.96,440.0,0,0.0,0.0,,0.0,1,0.03,0.06,SPY220713C00412000,412.0,normalDay
2022-07-06,11220.0,-5677.0,0.0,100,383.25,440.0,0,0.0,0.0,,0.0,1,0.03,0.05,SPY220713C00412000,412.0,normalDay
2022-07-07,11220.0,-5103.0,0.0,100,388.99,440.0,0,0.0,0.0,,0.0,1,0.03,0.05,SPY220713C00412000,412.0,normalDay
2022-07-08,11220.0,-5132.0,0.0,100,388.67,440.0,0,0.0,0.0,,0.0,1,0.03,0.02,SPY220713C00412000,412.0,normalDay
2022-07-11,11220.0,-5575.0,0.0,100,384.23,440.0,0,0.0,0.0,,0.0,1,0.03,0.01,SPY220713C00412000,412.0,normalDay
2022-07-12,11220.0,-5915.0,0.0,100,380.83,440.0,0,0.0,0.0,,0.0,1,0.03,0.01,SPY220713C00412000,412.0,normalDay
2022-07-13,11223.0,-6117.0,3.0,100,378.83,440.0,0,0.0,0.0,,0.0,1,0.03,0.0,SPY220713C00412000,412.0,expirationDay
2022-07-14,11223.0,-6212.0,0.0,100,377.91,440.0,0,0.0,0.0,,0.0,1,0.7,0.73,SPY220722C00392000,392.0,normalDay
2022-07-15,11223.0,-5566.0,0.0,100,385.13,440.0,0,0.0,0.0,,0.0,1,0.7,1.49,SPY220722C00392000,392.0,normalDay
2022-07-18,11223.0,-5799.0,0.0,100,381.95,440.0,0,0.0,0.0,,0.0,1,0.7,0.64,SPY220722C00392000,392.0,normalDay
2022-07-19,11223.0,-5101.0,0.0,100,392.27,440.0,0,0.0,0.0,,0.0,1,0.7,3.98,SPY220722C00392000,392.0,normalDay
2022-07-20,11223.0,-4930.0,0.0,100,394.77,440.0,0,0.0,0.0,,0.0,1,0.7,4.77,SPY220722C00392000,392.0,normalDay
2022-07-21,11223.0,-4744.0,0.0,100,398.79,440.0,0,0.0,0.0,,0.0,1,0.7,6.93,SPY220722C00392000,392.0,normalDay
2022-07-22,6493.0,-4744.0,-4730.0,0,395.09,0.0,0,0.0,0.0,,0.0,1,0.7,0.0,SPY220722C00392000,392.0,expirationDay
2022-07-25,6493.0,-3.0,0.0,0,395.57,0.0,1,0.38,0.41,SPY220729P00379000,379.0,0,0.0,0.0,,0.0,normalDay
2022-07-26,6493.0,-40.0,0.0,0,390.89,0.0,1,0.38,0.78,SPY220729P00379000,379.0,0,0.0,0.0,,0.0,normalDay
2022-07-27,6493.0,27.0,0.0,0,401.04,0.0,1,0.38,0.11,SPY220729P00379000,379.0,0,0.0,0.0,,0.0,normalDay
2022-07-28,6493.0,35.0,0.0,0,406.07,0.0,1,0.38,0.03,SPY220729P00379000,379.0,0,0.0,0.0,,0.0,normalDay
2022-07-29,6531.0,0.0,38.0,0,411.99,0.0,1,0.38,0.0,SPY220729P00379000,379.0,0,0.0,0.0,,0.0,expirationDay
2022-08-01,6531.0,-3.0,0.0,0,410.77,0.0,1,0.05,0.08,SPY220805P00381000,381.0,0,0.0,0.0,,0.0,normalDay
2022-08-02,6531.0,-3.0,0.0,0,408.06,0.0,1,0.05,0.08,SPY220805P00381000,381.0,0,0.0,0.0,,0.0,normalDay
2022-08-03,6531.0,2.0,0.0,0,414.45,0.0,1,0.05,0.03,SPY220805P00381000,381.0,0,0.0,0.0,,0.0,normalDay
2022-08-04,6531.0,4.0,0.0,0,414.17,0.0,1,0.05,0.01,SPY220805P00381000,381.0,0,0.0,0.0,,0.0,normalDay
2022-08-05,6536.0,0.0,5.0,0,413.47,0.0,1,0.05,0.0,SPY220805P00381000,381.0,0,0.0,0.0,,0.0,expirationDay
2022-08-08,6536.0,-3.0,0.0,0,412.99,0.0,1,0.02,0.05,SPY220812P00385000,385.0,0,0.0,0.0,,0.0,normalDay
2022-08-09,6536.0,-3.0,0.0,0,411.35,0.0,1,0.02,0.05,SPY220812P00385000,385.0,0,0.0,0.0,,0.0,normalDay
2022-08-10,6536.0,0.0,0.0,0,419.99,0.0,1,0.02,0.02,SPY220812P00385000,385.0,0,0.0,0.0,,0.0,normalDay
2022-08-11,6536.0,1.0,0.0,0,419.99,0.0,1,0.02,0.01,SPY220812P00385000,385.0,0,0.0,0.0,,0.0,normalDay
2022-08-12,6538.0,0.0,2.0,0,427.1,0.0,1,0.02,0.0,SPY220812P00385000,385.0,0,0.0,0.0,,0.0,expirationDay
2022-08-15,6538.0,-3.0,0.0,0,428.86,0.0,1,0.01,0.04,SPY220819P00397000,397.0,0,0.0,0.0,,0.0,normalDay
2022-08-16,6538.0,-3.0,0.0,0,429.7,0.0,1,0.01,0.04,SPY220819P00397000,397.0,0,0.0,0.0,,0.0,normalDay
2022-08-17,6538.0,-1.0,0.0,0,426.65,0.0,1,0.01,0.02,SPY220819P00397000,397.0,0,0.0,0.0,,0.0,normalDay
2022-08-18,6538.0,-1.0,0.0,0,427.89,0.0,1,0.01,0.02,SPY220819P00397000,397.0,0,0.0,0.0,,0.0,normalDay
2022-08-19,6539.0,0.0,1.0,0,422.14,0.0,1,0.01,0.0,SPY220819P00397000,397.0,0,0.0,0.0,,0.0,expirationDay
2022-08-22,6539.0,-3.0,0.0,0,413.35,0.0,1,1.42,1.45,SPY220826P00406000,406.0,0,0.0,0.0,,0.0,normalDay
2022-08-23,6539.0,-10.0,0.0,0,412.35,0.0,1,1.42,1.52,SPY220826P00406000,406.0,0,0.0,0.0,,0.0,normalDay
2022-08-24,6539.0,75.0,0.0,0,413.67,0.0,1,1.42,0.67,SPY220826P00406000,406.0,0,0.0,0.0,,0.0,normalDay
2022-08-25,6539.0,131.0,0.0,0,419.51,0.0,1,1.42,0.11,SPY220826P00406000,406.0,0,0.0,0.0,,0.0,normalDay
2022-08-26,6681.0,-69.0,142.0,100,405.31,406.0,1,1.42,0.0,SPY220826P00406000,406.0,0,0.0,0.0,,0.0,expirationDay
2022-08-29,6681.0,-340.0,0.0,100,402.63,406.0,0,0.0,0.0,,0.0,1,0.02,0.05,SPY220907C00432000,432.0,normalDay
2022-08-30,6681.0,-779.0,0.0,100,398.21,406.0,0,0.0,0.0,,0.0,1,0.02,0.02,SPY220907C00432000,432.0,normalDay
2022-08-31,6681.0,-1082.0,0.0,100,395.18,406.0,0,0.0,0.0,,0.0,1,0.02,0.02,SPY220907C00432000,432.0,normalDay
2022-09-01,6681.0,-957.0,0.0,100,396.42,406.0,0,0.0,0.0,,0.0,1,0.02,0.01,SPY220907C00432000,432.0,normalDay
2022-09-02,6681.0,-1375.0,0.0,100,392.24,406.0,0,0.0,0.0,,0.0,1,0.02,0.01,SPY220907C00432000,432.0,normalDay
2022-09-06,6681.0,-1523.0,0.0,100,390.76,406.0,0,0.0,0.0,,0.0,1,0.02,0.01,SPY220907C00432000,432.0,normalDay
2022-09-07,6683.0,-822.0,2.0,100,397.78,406.0,0,0.0,0.0,,0.0,1,0.02,0.0,SPY220907C00432000,432.0,expirationDay
2022-09-08,6683.0,-562.0,0.0,100,400.38,406.0,0,0.0,0.0,,0.0,0,0.0,0.0,,0.0,bidTooLow
2022-09-09,6683.0,60.0,0.0,100,406.6,406.0,0,0.0,0.0,,0.0,0,0.0,0.0,,0.0,bidTooLow
2022-09-12,6683.0,494.0,0.0,100,410.97,406.0,0,0.0,0.0,,0.0,1,0.3,0.33,SPY220921C00433000,433.0,normalDay
2022-09-13,6683.0,-1263.0,0.0,100,393.1,406.0,0,0.0,0.0,,0.0,1,0.3,0.03,SPY220921C00433000,433.0,normalDay
2022-09-14,6683.0,-1112.0,0.0,100,394.6,406.0,0,0.0,0.0,,0.0,1,0.3,0.02,SPY220921C00433000,433.0,normalDay
2022-09-15,6683.0,-1559.0,0.0,100,390.12,406.0,0,0.0,0.0,,0.0,1,0.3,0.01,SPY220921C00433000,433.0,normalDay
2022-09-16,6683.0,-2015.0,0.0,100,385.56,406.0,0,0.0,0.0,,0.0,1,0.3,0.01,SPY220921C00433000,433.0,normalDay
2022-09-19,6683.0,-1716.0,0.0,100,388.55,406.0,0,0.0,0.0,,0.0,1,0.3,0.01,SPY220921C00433000,433.0,normalDay
2022-09-20,6683.0,-2162.0,0.0,100,384.09,406.0,0,0.0,0.0,,0.0,1,0.3,0.01,SPY220921C00433000,433.0,normalDay
2022-09-21,6713.0,-2861.0,30.0,100,377.39,406.0,0,0.0,0.0,,0.0,1,0.3,0.0,SPY220921C00433000,433.0,expirationDay
2022-09-22,6713.0,-3178.0,0.0,100,374.22,406.0,0,0.0,0.0,,0.0,0,0.0,0.0,,0.0,bidTooLow
2022-09-23,6713.0,-3805.0,0.0,100,367.95,406.0,0,0.0,0.0,,0.0,0,0.0,0.0,,0.0,bidTooLow
2022-09-26,6713.0,-4169.0,0.0,100,364.31,406.0,0,0.0,0.0,,0.0,0,0.0,0.0,,0.0,bidTooLow
2022-09-27,6713.0,-4262.0,0.0,100,363.38,406.0,0,0.0,0.0,,0.0,0,0.0,0.0,,0.0,bidTooLow
2022-09-28,6713.0,-3550.0,0.0,100,370.53,406.0,0,0.0,0.0,,0.0,1,0.01,0.04,SPY221007C00412000,412.0,normalDay
2022-09-29,6713.0,-4322.0,0.0,100,362.79,406.0,0,0.0,0.0,,0.0,1,0.01,0.02,SPY221007C00412000,412.0,normalDay
2022-09-30,6713.0,-4882.0,0.0,100,357.18,406.0,0,0.0,0.0,,0.0,1,0.01,0.01,SPY221007C00412000,412.0,normalDay
2022-10-03,6713.0,-3939.0,0.0,100,366.61,406.0,0,0.0,0.0,,0.0,1,0.01,0.01,SPY221007C00412000,412.0,normalDay
2022-10-04,6713.0,-2804.0,0.0,100,377.97,406.0,0,0.0,0.0,,0.0,1,0.01,0.02,SPY221007C00412000,412.0,normalDay
2022-10-05,6713.0,-2891.0,0.0,100,377.09,406.0,0,0.0,0.0,,0.0,1,0.01,0.01,SPY221007C00412000,412.0,normalDay
2022-10-06,6713.0,-3280.0,0.0,100,373.2,406.0,0,0.0,0.0,,0.0,1,0.01,0.01,SPY221007C00412000,412.0,normalDay
2022-10-07,6714.0,-4321.0,1.0,100,362.79,406.0,0,0.0,0.0,,0.0,1,0.01,0.0,SPY221007C00412000,412.0,expirationDay
2022-10-10,6714.0,-4601.0,0.0,100,360.02,406.0,0,0.0,0.0,,0.0,1,0.08,0.11,SPY221019C00395000,395.0,normalDay
2022-10-11,6714.0,-4828.0,0.0,100,357.74,406.0,0,0.0,0.0,,0.0,1,0.08,0.1,SPY221019C00395000,395.0,normalDay
2022-10-12,6714.0,-4942.0,0.0,100,356.56,406.0,0,0.0,0.0,,0.0,1,0.08,0.06,SPY221019C00395000,395.0,normalDay
2022-10-13,6714.0,-4006.0,0.0,100,365.97,406.0,0,0.0,0.0,,0.0,1,0.08,0.11,SPY221019C00395000,395.0,normalDay
2022-10-14,6714.0,-4831.0,0.0,100,357.63,406.0,0,0.0,0.0,,0.0,1,0.08,0.02,SPY221019C00395000,395.0,normalDay
2022-10-17,6714.0,-3912.0,0.0,100,366.82,406.0,0,0.0,0.0,,0.0,1,0.08,0.02,SPY221019C00395000,395.0,normalDay
2022-10-18,6714.0,-3480.0,0.0,100,371.13,406.0,0,0.0,0.0,,0.0,1,0.08,0.01,SPY221019C00395000,395.0,normalDay
2022-10-19,6722.0,-3750.0,8.0,100,368.5,406.0,0,0.0,0.0,,0.0,1,0.08,0.0,SPY221019C00395000,395.0,expirationDay
2022-10-20,6722.0,-4063.0,0.0,100,365.41,406.0,0,0.0,0.0,,0.0,1,1.73,1.77,SPY221028C00377000,377.0,normalDay
2022-10-21,6722.0,-3436.0,0.0,100,374.29,406.0,0,0.0,0.0,,0.0,1,1.73,4.38,SPY221028C00377000,377.0,normalDay
2022-10-24,6722.0,-3136.0,0.0,100,378.87,406.0,0,0.0,0.0,,0.0,1,1.73,5.96,SPY221028C00377000,377.0,normalDay
2022-10-25,6722.0,-2760.0,0.0,100,384.92,406.0,0,0.0,0.0,,0.0,1,1.73,8.25,SPY221028C00377000,377.0,normalDay
2022-10-26,6722.0,-2940.0,0.0,100,382.02,406.0,0,0.0,0.0,,0.0,1,1.73,7.15,SPY221028C00377000,377.0,normalDay
2022-10-27,6722.0,-2641.0,0.0,100,379.98,406.0,0,0.0,0.0,,0.0,1,1.73,2.12,SPY221028C00377000,377.0,normalDay
2022-10-28,3995.0,-2641.0,-2727.0,0,389.02,0.0,0,0.0,0.0,,0.0,1,1.73,0.0,SPY221028C00377000,377.0,expirationDay
2022-10-31,3995.0,-3.0,0.0,0,386.21,0.0,1,0.13,0.16,SPY221104P00362000,362.0,0,0.0,0.0,,0.0,normalDay
2022-11-01,3995.0,-4.0,0.0,0,384.52,0.0,1,0.13,0.17,SPY221104P00362000,362.0,0,0.0,0.0,,0.0,normalDay
2022-11-02,3995.0,-15.0,0.0,0,374.87,0.0,1,0.13,0.28,SPY221104P00362000,362.0,0,0.0,0.0,,0.0,normalDay
2022-11-03,3995.0,-9.0,0.0,0,371.01,0.0,1,0.13,0.22,SPY221104P00362000,362.0,0,0.0,0.0,,0.0,normalDay
2022-11-04,4008.0,0.0,13.0,0,376.35,0.0,1,0.13,0.0,SPY221104P00362000,362.0,0,0.0,0.0,,0.0,expirationDay
2022-11-07,4008.0,-3.0,0.0,0,379.95,0.0,1,0.62,0.65,SPY221111P00364000,364.0,0,0.0,0.0,,0.0,normalDay
2022-11-08,4008.0,11.0,0.0,0,382.0,0.0,1,0.62,0.51,SPY221111P00364000,364.0,0,0.0,0.0,,0.0,normalDay
2022-11-09,4008.0,-36.0,0.0,0,374.13,0.0,1,0.62,0.98,SPY221111P00364000,364.0,0,0.0,0.0,,0.0,normalDay
2022-11-10,4008.0,59.0,0.0,0,394.69,0.0,1,0.62,0.03,SPY221111P00364000,364.0,0,0.0,0.0,,0.0,normalDay
2022-11-11,4070.0,0.0,62.0,0,398.51,0.0,1,0.62,0.0,SPY221111P00364000,364.0,0,0.0,0.0,,0.0,expirationDay
2022-11-14,4070.0,-3.0,0.0,0,395.12,0.0,1,0.1,0.13,SPY221118P00371000,371.0,0,0.0,0.0,,0.0,normalDay
2022-11-15,4070.0,0.0,0.0,0,398.49,0.0,1,0.1,0.1,SPY221118P00371000,371.0,0,0.0,0.0,,0.0,normalDay
2022-11-16,4070.0,5.0,0.0,0,395.45,0.0,1,0.1,0.05,SPY221118P00371000,371.0,0,0.0,0.0,,0.0,normalDay
2022-11-17,4070.0,6.0,0.0,0,394.24,0.0,1,0.1,0.04,SPY221118P00371000,371.0,0,0.0,0.0,,0.0,normalDay
2022-11-18,4080.0,0.0,10.0,0,396.03,0.0,1,0.1,0.0,SPY221118P00371000,371.0,0,0.0,0.0,,0.0,expirationDay
2022-11-21,4080.0,-3.0,0.0,0,394.59,0.0,1,0.04,0.07,SPY221125P00378000,378.0,0,0.0,0.0,,0.0,normalDay
2022-11-22,4080.0,0.0,0.0,0,399.9,0.0,1,0.04,0.04,SPY221125P00378000,378.0,0,0.0,0.0,,0.0,normalDay
2022-11-23,4080.0,2.0,0.0,0,402.42,0.0,1,0.04,0.02,SPY221125P00378000,378.0,0,0.0,0.0,,0.0,normalDay
2022-11-25,4084.0,0.0,4.0,0,402.33,0.0,1,0.04,0.0,SPY221125P00378000,378.0,0,0.0,0.0,,0.0,expirationDay
2022-11-28,4084.0,-3.0,0.0,0,395.91,0.0,1,0.2,0.23,SPY221202P00380000,380.0,0,0.0,0.0,,0.0,normalDay
2022-11-29,4084.0,0.0,0.0,0,395.23,0.0,1,0.2,0.2,SPY221202P00380000,380.0,0,0.0,0.0,,0.0,normalDay
2022-11-30,4084.0,15.0,0.0,0,407.68,0.0,1,0.2,0.05,SPY221202P00380000,380.0,0,0.0,0.0,,0.0,normalDay
2022-12-01,4084.0,18.0,0.0,0,407.38,0.0,1,0.2,0.02,SPY221202P00380000,380.0,0,0.0,0.0,,0.0,normalDay
2022-12-02,4104.0,0.0,20.0,0,406.91,0.0,1,0.2,0.0,SPY221202P00380000,380.0,0,0.0,0.0,,0.0,expirationDay
2022-12-05,4104.0,-3.0,0.0,0,399.59,0.0,1,0.27,0.3,SPY221209P00387500,387.5,0,0.0,0.0,,0.0,normalDay
2022-12-06,4104.0,-69.0,0.0,0,393.83,0.0,1,0.27,0.96,SPY221209P00387500,387.5,0,0.0,0.0,,0.0,normalDay
2022-12-07,4104.0,-51.0,0.0,0,393.16,0.0,1,0.27,0.78,SPY221209P00387500,387.5,0,0.0,0.0,,0.0,normalDay
2022-12-08,4104.0,9.0,0.0,0,396.24,0.0,1,0.27,0.18,SPY221209P00387500,387.5,0,0.0,0.0,,0.0,normalDay
2022-12-09,4131.0,0.0,27.0,0,393.28,0.0,1,0.27,0.0,SPY221209P00387500,387.5,0,0.0,0.0,,0.0,expirationDay
2022-12-12,4131.0,-4.0,0.0,0,398.95,0.0,1,5.28,5.32,SPY221216P00394000,394.0,0,0.0,0.0,,0.0,normalDay
2022-12-13,4131.0,299.0,0.0,0,401.97,0.0,1,5.28,2.29,SPY221216P00394000,394.0,0,0.0,0.0,,0.0,normalDay
2022-12-14,4131.0,384.0,0.0,0,399.4,0.0,1,5.28,1.44,SPY221216P00394000,394.0,0,0.0,0.0,,0.0,normalDay
2022-12-15,4131.0,-125.0,0.0,0,389.63,0.0,1,5.28,6.53,SPY221216P00394000,394.0,0,0.0,0.0,,0.0,normalDay
2022-12-16,4659.0,-1073.0,528.0,100,383.27,394.0,1,5.28,0.0,SPY221216P00394000,394.0,0,0.0,0.0,,0.0,expirationDay
2022-12-19,4659.0,-1401.0,0.0,100,380.02,394.0,0,0.0,0.0,,0.0,1,0.01,0.04,SPY221228C00410000,410.0,normalDay
2022-12-20,4659.0,-1348.0,0.0,100,380.54,394.0,0,0.0,0.0,,0.0,1,0.01,0.03,SPY221228C00410000,410.0,normalDay
2022-12-21,4659.0,-779.0,0.0,100,386.23,394.0,0,0.0,0.0,,0.0,1,0.01,0.03,SPY221228C00410000,410.0,normalDay
2022-12-22,4659.0,-1329.0,0.0,100,380.72,394.0,0,0.0,0.0,,0.0,1,0.01,0.02,SPY221228C00410000,410.0,normalDay
2022-12-23,4659.0,-1109.0,0.0,100,382.91,394.0,0,0.0,0.0,,0.0,1,0.01,0.01,SPY221228C00410000,410.0,normalDay
2022-12-27,4659.0,-1260.0,0.0,100,381.4,394.0,0,0.0,0.0,,0.0,1,0.01,0.01,SPY221228C00410000,410.0,normalDay
2022-12-28,4660.0,-1734.0,1.0,100,376.66,394.0,0,0.0,0.0,,0.0,1,0.01,0.0,SPY221228C00410000,410.0,expirationDay
2022-12-29,4660.0,-1059.0,0.0,100,383.44,394.0,0,0.0,0.0,,0.0,1,0.02,0.05,SPY230106C00408000,408.0,normalDay
2022-12-30,4660.0,-1158.0,0.0,100,382.43,394.0,0,0.0,0.0,,0.0,1,0.02,0.03,SPY230106C00408000,408.0,normalDay
2023-01-03,4660.0,-1318.0,0.0,100,380.82,394.0,0,0.0,0.0,,0.0,1,0.02,0.02,SPY230106C00408000,408.0,normalDay
2023-01-04,4660.0,-1023.0,0.0,100,383.76,394.0,0,0.0,0.0,,0.0,1,0.02,0.01,SPY230106C00408000,408.0,normalDay
2023-01-05,4660.0,-1461.0,0.0,100,379.38,394.0,0,0.0,0.0,,0.0,1,0.02,0.01,SPY230106C00408000,408.0,normalDay
2023-01-06,4662.0,-592.0,2.0,100,388.08,394.0,0,0.0,0.0,,0.0,1,0.02,0.0,SPY230106C00408000,408.0,expirationDay
2023-01-09,4662.0,-618.0,0.0,100,387.86,394.0,0,0.0,0.0,,0.0,1,1.38,1.42,SPY230118C00399000,399.0,normalDay
2023-01-10,4662.0,-380.0,0.0,100,390.58,394.0,0,0.0,0.0,,0.0,1,1.38,1.76,SPY230118C00399000,399.0,normalDay
2023-01-11,4662.0,-57.0,0.0,100,395.52,394.0,0,0.0,0.0,,0.0,1,1.38,3.47,SPY230118C00399000,399.0,normalDay
2023-01-12,4662.0,224.0,0.0,100,396.96,394.0,0,0.0,0.0,,0.0,1,1.38,2.1,SPY230118C00399000,399.0,normalDay
2023-01-13,4662.0,403.0,0.0,100,398.5,394.0,0,0.0,0.0,,0.0,1,1.38,1.85,SPY230118C00399000,399.0,normalDay
2023-01-17,4662.0,407.0,0.0,100,397.77,394.0,0,0.0,0.0,,0.0,1,1.38,1.08,SPY230118C00399000,399.0,normalDay
2023-01-18,4800.0,-251.0,138.0,100,391.49,394.0,0,0.0,0.0,,0.0,1,1.38,0.0,SPY230118C00399000,399.0,expirationDay
2023-01-19,4800.0,-539.0,0.0,100,388.64,394.0,0,0.0,0.0,,0.0,1,0.56,0.59,SPY230127C00399000,399.0,normalDay
2023-01-20,4800.0,45.0,0.0,100,395.88,394.0,0,0.0,0.0,,0.0,1,0.56,1.99,SPY230127C00399000,399.0,normalDay
2023-01-23,4800.0,321.0,0.0,100,400.63,394.0,0,0.0,0.0,,0.0,1,0.56,3.98,SPY230127C00399000,399.0,normalDay
2023-01-24,4800.0,261.0,0.0,100,400.2,394.0,0,0.0,0.0,,0.0,1,0.56,4.15,SPY230127C00399000,399.0,normalDay
2023-01-25,4800.0,367.0,0.0,100,400.35,394.0,0,0.0,0.0,,0.0,1,0.56,3.24,SPY230127C00399000,399.0,normalDay
2023-01-26,4800.0,512.0,0.0,100,404.75,394.0,0,0.0,0.0,,0.0,1,0.56,6.19,SPY230127C00399000,399.0,normalDay
2023-01-27,5356.0,512.0,556.0,0,405.68,0.0,0,0.0,0.0,,0.0,1,0.56,0.0,SPY230127C00399000,399.0,expirationDay
2023-01-30,5356.0,-3.0,0.0,0,400.59,0.0,1,0.46,0.49,SPY230203P00386000,386.0,0,0.0,0.0,,0.0,normalDay
2023-01-31,5356.0,28.0,0.0,0,406.48,0.0,1,0.46,0.18,SPY230203P00386000,386.0,0,0.0,0.0,,0.0,normalDay
2023-02-01,5356.0,39.0,0.0,0,410.8,0.0,1,0.46,0.07,SPY230203P00386000,386.0,0,0.0,0.0,,0.0,normalDay
2023-02-02,5356.0,43.0,0.0,0,416.78,0.0,1,0.46,0.03,SPY230203P00386000,386.0,0,0.0,0.0,,0.0,normalDay
2023-02-03,5402.0,0.0,46.0,0,412.35,0.0,1,0.46,0.0,SPY230203P00386000,386.0,0,0.0,0.0,,0.0,expirationDay
2023-02-06,5402.0,-3.0,0.0,0,409.83,0.0,1,0.1,0.13,SPY230210P00393000,393.0,0,0.0,0.0,,0.0,normalDay
2023-02-07,5402.0,6.0,0.0,0,415.19,0.0,1,0.1,0.04,SPY230210P00393000,393.0,0,0.0,0.0,,0.0,normalDay
2023-02-08,5402.0,6.0,0.0,0,410.65,0.0,1,0.1,0.04,SPY230210P00393000,393.0,0,0.0,0.0,,0.0,normalDay
2023-02-09,5402.0,6.0,0.0,0,407.09,0.0,1,0.1,0.04,SPY230210P00393000,393.0,0,0.0,0.0,,0.0,normalDay
2023-02-10,5412.0,0.0,10.0,0,408.04,0.0,1,0.1,0.0,SPY230210P00393000,393.0,0,0.0,0.0,,0.0,expirationDay
2023-02-13,5412.0,-3.0,0.0,0,412.83,0.0,1,0.57,0.6,SPY230217P00397000,397.0,0,0.0,0.0,,0.0,normalDay
2023-02-14,5412.0,36.0,0.0,0,412.64,0.0,1,0.57,0.21,SPY230217P00397000,397.0,0,0.0,0.0,,0.0,normalDay
2023-02-15,5412.0,50.0,0.0,0,413.98,0.0,1,0.57,0.07,SPY230217P00397000,397.0,0,0.0,0.0,,0.0,normalDay
2023-02-16,5412.0,34.0,0.0,0,408.28,0.0,1,0.57,0.23,SPY230217P00397000,397.0,0,0.0,0.0,,0.0,normalDay
2023-02-17,5469.0,0.0,57.0,0,407.26,0.0,1,0.57,0.0,SPY230217P00397000,397.0,0,0.0,0.0,,0.0,expirationDay
2023-02-21,5469.0,-4.0,0.0,0,399.09,0.0,1,5.52,5.56,SPY230227P00403000,403.0,0,0.0,0.0,,0.0,normalDay
2023-02-22,5469.0,11.0,0.0,0,398.54,0.0,1,5.52,5.41,SPY230227P00403000,403.0,0,0.0,0.0,,0.0,normalDay
2023-02-23,5469.0,169.0,0.0,0,400.66,0.0,1,5.52,3.83,SPY230227P00403000,403.0,0,0.0,0.0,,0.0,normalDay
2023-02-24,5469.0,-145.0,0.0,0,396.38,0.0,1,5.52,6.97,SPY230227P00403000,403.0,0,0.0,0.0,,0.0,normalDay
2023-02-27,6021.0,-527.0,552.0,100,397.73,403.0,1,5.52,0.0,SPY230227P00403000,403.0,0,0.0,0.0,,0.0,expirationDay
2023-02-28,6021.0,-677.0,0.0,100,396.26,403.0,0,0.0,0.0,,0.0,1,0.02,0.05,SPY230309C00419000,419.0,normalDay
2023-03-01,6021.0,-827.0,0.0,100,394.74,403.0,0,0.0,0.0,,0.0,1,0.02,0.03,SPY230309C00419000,419.0,normalDay
2023-03-02,6021.0,-520.0,0.0,100,397.81,403.0,0,0.0,0.0,,0.0,1,0.02,0.03,SPY230309C00419000,419.0,normalDay
2023-03-03,6021.0,112.0,0.0,100,404.19,403.0,0,0.0,0.0,,0.0,1,0.02,0.09,SPY230309C00419000,419.0,normalDay
2023-03-06,6021.0,144.0,0.0,100,404.47,403.0,0,0.0,0.0,,0.0,1,0.02,0.05,SPY230309C00419000,419.0,normalDay
2023-03-07,6021.0,-472.0,0.0,100,398.27,403.0,0,0.0,0.0,,0.0,1,0.02,0.01,SPY230309C00419000,419.0,normalDay
2023-03-08,6021.0,-407.0,0.0,100,398.92,403.0,0,0.0,0.0,,0.0,1,0.02,0.01,SPY230309C00419000,419.0,normalDay
2023-03-09,6023.0,-1144.0,2.0,100,391.56,403.0,0,0.0,0.0,,0.0,1,0.02,0.0,SPY230309C00419000,419.0,expirationDay
2023-03-10,6023.0,-1712.0,0.0,100,385.91,403.0,0,0.0,0.0,,0.0,1,0.02,0.05,SPY230317C00415000,415.0,normalDay
2023-03-13,6023.0,-1767.0,0.0,100,385.36,403.0,0,0.0,0.0,,0.0,1,0.02,0.05,SPY230317C00415000,415.0,normalDay
2023-03-14,6023.0,-1127.0,0.0,100,391.73,403.0,0,0.0,0.0,,0.0,1,0.02,0.02,SPY230317C00415000,415.0,normalDay
2023-03-15,6023.0,-1371.0,0.0,100,389.28,403.0,0,0.0,0.0,,0.0,1,0.02,0.01,SPY230317C00415000,415.0,normalDay
2023-03-16,6023.0,-688.0,0.0,100,396.11,403.0,0,0.0,0.0,,0.0,1,0.02,0.01,SPY230317C00415000,415.0,normalDay
2023-03-17,6025.0,-1301.0,2.0,100,389.99,403.0,0,0.0,0.0,,0.0,1,0.02,0.0,SPY230317C00415000,415.0,expirationDay
2023-03-20,6025.0,-930.0,0.0,100,393.74,403.0,0,0.0,0.0,,0.0,1,1.22,1.26,SPY230329C00405000,405.0,normalDay
2023-03-21,6025.0,-516.0,0.0,100,398.91,403.0,0,0.0,0.0,,0.0,1,1.22,2.29,SPY230329C00405000,405.0,normalDay
2023-03-22,6025.0,-1010.0,0.0,100,392.11,403.0,0,0.0,0.0,,0.0,1,1.22,0.43,SPY230329C00405000,405.0,normalDay
2023-03-23,6025.0,-891.0,0.0,100,393.17,403.0,0,0.0,0.0,,0.0,1,1.22,0.3,SPY230329C00405000,405.0,normalDay
2023-03-24,6025.0,-631.0,0.0,100,395.75,403.0,0,0.0,0.0,,0.0,1,1.22,0.28,SPY230329C00405000,405.0,normalDay
2023-03-27,6025.0,-539.0,0.0,100,396.49,403.0,0,0.0,0.0,,0.0,1,1.22,0.1,SPY230329C00405000,405.0,normalDay
2023-03-28,6025.0,-620.0,0.0,100,395.6,403.0,0,0.0,0.0,,0.0,1,1.22,0.02,SPY230329C00405000,405.0,normalDay
2023-03-29,6147.0,-165.0,122.0,100,401.35,403.0,0,0.0,0.0,,0.0,1,1.22,0.0,SPY230329C00405000,405.0,expirationDay
2023-03-30,6147.0,66.0,0.0,100,403.7,403.0,0,0.0,0.0,,0.0,1,2.86,2.9,SPY230406C00405000,405.0,normalDay
2023-03-31,6147.0,309.0,0.0,100,409.39,403.0,0,0.0,0.0,,0.0,1,2.86,6.16,SPY230406C00405000,405.0,normalDay
2023-04-03,6147.0,401.0,0.0,100,410.95,403.0,0,0.0,0.0,,0.0,1,2.86,6.8,SPY230406C00405000,405.0,normalDay
2023-04-04,6147.0,389.0,0.0,100,408.67,403.0,0,0.0,0.0,,0.0,1,2.86,4.64,SPY230406C00405000,405.0,normalDay
2023-04-05,6147.0,438.0,0.0,100,407.6,403.0,0,0.0,0.0,,0.0,1,2.86,3.08,SPY230406C00405000,405.0,normalDay
2023-04-06,6633.0,438.0,486.0,0,409.19,0.0,0,0.0,0.0,,0.0,1,2.86,0.0,SPY230406C00405000,405.0,expirationDay
2023-04-10,6633.0,-3.0,0.0,0,409.61,0.0,1,0.07,0.1,SPY230414P00391000,391.0,0,0.0,0.0,,0.0,normalDay
2023-04-11,6633.0,-2.0,0.0,0,409.72,0.0,1,0.07,0.09,SPY230414P00391000,391.0,0,0.0,0.0,,0.0,normalDay
2023-04-12,6633.0,2.0,0.0,0,408.05,0.0,1,0.07,0.05,SPY230414P00391000,391.0,0,0.0,0.0,,0.0,normalDay
2023-04-13,6633.0,5.0,0.0,0,413.47,0.0,1,0.07,0.02,SPY230414P00391000,391.0,0,0.0,0.0,,0.0,normalDay
2023-04-14,6640.0,0.0,7.0,0,412.46,0.0,1,0.07,0.0,SPY230414P00391000,391.0,0,0.0,0.0,,0.0,expirationDay
2023-04-17,6640.0,-3.0,0.0,0,413.94,0.0,1,0.07,0.1,SPY230421P00397000,397.0,0,0.0,0.0,,0.0,normalDay
2023-04-18,6640.0,-2.0,0.0,0,414.21,0.0,1,0.07,0.09,SPY230421P00397000,397.0,0,0.0,0.0,,0.0,normalDay
2023-04-19,6640.0,1.0,0.0,0,414.14,0.0,1,0.07,0.06,SPY230421P00397000,397.0,0,0.0,0.0,,0.0,normalDay
2023-04-20,6640.0,4.0,0.0,0,411.88,0.0,1,0.07,0.03,SPY230421P00397000,397.0,0,0.0,0.0,,0.0,normalDay
2023-04-21,6647.0,0.0,7.0,0,412.2,0.0,1,0.07,0.0,SPY230421P00397000,397.0,0,0.0,0.0,,0.0,expirationDay
2023-04-24,6647.0,-3.0,0.0,0,412.63,0.0,1,0.28,0.31,SPY230428P00403000,403.0,0,0.0,0.0,,0.0,normalDay
2023-04-25,6647.0,-82.0,0.0,0,406.08,0.0,1,0.28,1.1,SPY230428P00403000,403.0,0,0.0,0.0,,0.0,normalDay
2023-04-26,6647.0,-116.0,0.0,0,404.36,0.0,1,0.28,1.44,SPY230428P00403000,403.0,0,0.0,0.0,,0.0,normalDay
2023-04-27,6647.0,21.0,0.0,0,412.41,0.0,1,0.28,0.07,SPY230428P00403000,403.0,0,0.0,0.0,,0.0,normalDay
2023-04-28,6675.0,0.0,28.0,0,415.93,0.0,1,0.28,0.0,SPY230428P00403000,403.0,0,0.0,0.0,,0.0,expirationDay
2023-05-01,6675.0,-3.0,0.0,0,415.51,0.0,1,0.68,0.71,SPY230505P00408000,408.0,0,0.0,0.0,,0.0,normalDay
2023-05-02,6675.0,-123.0,0.0,0,410.84,0.0,1,0.68,1.91,SPY230505P00408000,408.0,0,0.0,0.0,,0.0,normalDay
2023-05-03,6675.0,-153.0,0.0,0,408.02,0.0,1,0.68,2.21,SPY230505P00408000,408.0,0,0.0,0.0,,0.0,normalDay
2023-05-04,6675.0,-326.0,0.0,0,405.13,0.0,1,0.68,3.94,SPY230505P00408000,408.0,0,0.0,0.0,,0.0,normalDay
2023-05-05,6743.0,0.0,68.0,0,412.63,0.0,1,0.68,0.0,SPY230505P00408000,408.0,0,0.0,0.0,,0.0,expirationDay
2023-05-08,6743.0,-3.0,0.0,0,412.74,0.0,1,1.04,1.07,SPY230512P00408000,408.0,0,0.0,0.0,,0.0,normalDay
2023-05-09,6743.0,-37.0,0.0,0,410.93,0.0,1,1.04,1.41,SPY230512P00408000,408.0,0,0.0,0.0,,0.0,normalDay
2023-05-10,6743.0,64.0,0.0,0,412.85,0.0,1,1.04,0.4,SPY230512P00408000,408.0,0,0.0,0.0,,0.0,normalDay
2023-05-11,6743.0,80.0,0.0,0,412.13,0.0,1,1.04,0.24,SPY230512P00408000,408.0,0,0.0,0.0,,0.0,normalDay
2023-05-12,6847.0,0.0,104.0,0,411.59,0.0,1,1.04,0.0,SPY230512P00408000,408.0,0,0.0,0.0,,0.0,expirationDay
2023-05-15,6847.0,-3.0,0.0,0,413.01,0.0,1,0.74,0.77,SPY230519P00408000,408.0,0,0.0,0.0,,0.0,normalDay
2023-05-16,6847.0,-56.0,0.0,0,410.25,0.0,1,0.74,1.3,SPY230519P00408000,408.0,0,0.0,0.0,,0.0,normalDay
2023-05-17,6847.0,49.0,0.0,0,415.23,0.0,1,0.74,0.25,SPY230519P00408000,408.0,0,0.0,0.0,,0.0,normalDay
2023-05-18,6847.0,67.0,0.0,0,419.23,0.0,1,0.74,0.07,SPY230519P00408000,408.0,0,0.0,0.0,,0.0,normalDay
2023-05-19,6921.0,0.0,74.0,0,418.62,0.0,1,0.74,0.0,SPY230519P00408000,408.0,0,0.0,0.0,,0.0,expirationDay
2023-05-22,6921.0,-3.0,0.0,0,418.79,0.0,1,0.24,0.27,SPY230526P00408000,408.0,0,0.0,0.0,,0.0,normalDay
2023-05-23,6921.0,-39.0,0.0,0,414.09,0.0,1,0.24,0.63,SPY230526P00408000,408.0,0,0.0,0.0,,0.0,normalDay
2023-05-24,6921.0,-75.0,0.0,0,411.09,0.0,1,0.24,0.99,SPY230526P00408000,408.0,0,0.0,0.0,,0.0,normalDay
2023-05-25,6921.0,8.0,0.0,0,414.65,0.0,1,0.24,0.16,SPY230526P00408000,408.0,0,0.0,0.0,,0.0,normalDay
2023-05-26,6945.0,0.0,24.0,0,420.02,0.0,1,0.24,0.0,SPY230526P00408000,408.0,0,0.0,0.0,,0.0,expirationDay
2023-05-30,6945.0,-3.0,0.0,0,420.18,0.0,1,0.42,0.45,SPY230605P00410000,410.0,0,0.0,0.0,,0.0,normalDay
2023-05-31,6945.0,-8.0,0.0,0,417.85,0.0,1,0.42,0.5,SPY230605P00410000,410.0,0,0.0,0.0,,0.0,normalDay
2023-06-01,6945.0,32.0,0.0,0,421.82,0.0,1,0.42,0.1,SPY230605P00410000,410.0,0,0.0,0.0,,0.0,normalDay
2023-06-02,6945.0,40.0,0.0,0,427.92,0.0,1,0.42,0.02,SPY230605P00410000,410.0,0,0.0,0.0,,0.0,normalDay
2023-06-05,6987.0,0.0,42.0,0,427.1,0.0,1,0.42,0.0,SPY230605P00410000,410.0,0,0.0,0.0,,0.0,expirationDay
2023-06-06,6987.0,-3.0,0.0,0,428.03,0.0,1,0.07,0.1,SPY230612P00412000,412.0,0,0.0,0.0,,0.0,normalDay
2023-06-07,6987.0,-2.0,0.0,0,426.55,0.0,1,0.07,0.09,SPY230612P00412000,412.0,0,0.0,0.0,,0.0,normalDay
2023-06-08,6987.0,2.0,0.0,0,429.13,0.0,1,0.07,0.05,SPY230612P00412000,412.0,0,0.0,0.0,,0.0,normalDay
2023-06-09,6987.0,3.0,0.0,0,429.9,0.0,1,0.07,0.04,SPY230612P00412000,412.0,0,0.0,0.0,,0.0,normalDay
2023-06-12,6994.0,0.0,7.0,0,433.8,0.0,1,0.07,0.0,SPY230612P00412000,412.0,0,0.0,0.0,,0.0,expirationDay
2023-06-13,6994.0,-3.0,0.0,0,436.66,0.0,1,0.1,0.13,SPY230616P00415000,415.0,0,0.0,0.0,,0.0,normalDay
2023-06-14,6994.0,3.0,0.0,0,437.18,0.0,1,0.1,0.07,SPY230616P00415000,415.0,0,0.0,0.0,,0.0,normalDay
2023-06-15,6994.0,4.0,0.0,0,442.6,0.0,1,0.1,0.06,SPY230616P00415000,415.0,0,0.0,0.0,,0.0,normalDay
2023-06-16,7004.0,0.0,10.0,0,439.46,0.0,1,0.1,0.0,SPY230616P00415000,415.0,0,0.0,0.0,,0.0,expirationDay
2023-06-20,7004.0,-3.0,0.0,0,437.18,0.0,1,0.03,0.06,SPY230626P00418000,418.0,0,0.0,0.0,,0.0,normalDay
2023-06-21,7004.0,-1.0,0.0,0,434.94,0.0,1,0.03,0.04,SPY230626P00418000,418.0,0,0.0,0.0,,0.0,normalDay
2023-06-22,7004.0,0.0,0.0,0,436.51,0.0,1,0.03,0.03,SPY230626P00418000,418.0,0,0.0,0.0,,0.0,normalDay
2023-06-23,7004.0,0.0,0.0,0,433.21,0.0,1,0.03,0.03,SPY230626P00418000,418.0,0,0.0,0.0,,0.0,normalDay
2023-06-26,7007.0,0.0,3.0,0,431.44,0.0,1,0.03,0.0,SPY230626P00418000,418.0,0,0.0,0.0,,0.0,expirationDay
2023-06-27,7007.0,-3.0,0.0,0,436.17,0.0,1,0.13,0.16,SPY230703P00424000,424.0,0,0.0,0.0,,0.0,normalDay
2023-06-28,7007.0,6.0,0.0,0,436.39,0.0,1,0.13,0.07,SPY230703P00424000,424.0,0,0.0,0.0,,0.0,normalDay
2023-06-29,7007.0,7.0,0.0,0,438.11,0.0,1,0.13,0.06,SPY230703P00424000,424.0,0,0.0,0.0,,0.0,normalDay
2023-06-30,7007.0,10.0,0.0,0,443.28,0.0,1,0.13,0.03,SPY230703P00424000,424.0,0,0.0,0.0,,0.0,normalDay
2023-07-03,7020.0,0.0,13.0,0,443.79,0.0,1,0.13,0.0,SPY230703P00424000,424.0,0,0.0,0.0,,0.0,expirationDay
2023-07-05,7020.0,-3.0,0.0,0,443.13,0.0,1,0.11,0.14,SPY230711P00431000,431.0,0,0.0,0.0,,0.0,normalDay
2023-07-06,7020.0,-14.0,0.0,0,439.66,0.0,1,0.11,0.25,SPY230711P00431000,431.0,0,0.0,0.0,,0.0,normalDay
2023-07-07,7020.0,0.0,0.0,0,438.55,0.0,1,0.11,0.11,SPY230711P00431000,431.0,0,0.0,0.0,,0.0,normalDay
2023-07-10,7020.0,8.0,0.0,0,439.66,0.0,1,0.11,0.03,SPY230711P00431000,431.0,0,0.0,0.0,,0.0,normalDay
2023-07-11,7031.0,0.0,11.0,0,442.46,0.0,1,0.11,0.0,SPY230711P00431000,431.0,0,0.0,0.0,,0.0,expirationDay
2023-07-12,7031.0,-3.0,0.0,0,446.02,0.0,1,0.11,0.14,SPY230718P00435000,435.0,0,0.0,0.0,,0.0,normalDay
2023-07-13,7031.0,0.0,0.0,0,449.56,0.0,1,0.11,0.11,SPY230718P00435000,435.0,0,0.0,0.0,,0.0,normalDay
2023-07-14,7031.0,5.0,0.0,0,449.28,0.0,1,0.11,0.06,SPY230718P00435000,435.0,0,0.0,0.0,,0.0,normalDay
2023-07-17,7031.0,8.0,0.0,0,450.84,0.0,1,0.11,0.03,SPY230718P00435000,435.0,0,0.0,0.0,,0.0,normalDay
2023-07-18,7042.0,0.0,11.0,0,454.19,0.0,1,0.11,0.0,SPY230718P00435000,435.0,0,0.0,0.0,,0.0,expirationDay
2023-07-19,7042.0,-3.0,0.0,0,455.2,0.0,1,0.04,0.07,SPY230725P00435000,435.0,0,0.0,0.0,,0.0,normalDay
2023-07-20,7042.0,-4.0,0.0,0,452.18,0.0,1,0.04,0.08,SPY230725P00435000,435.0,0,0.0,0.0,,0.0,normalDay
2023-07-21,7042.0,1.0,0.0,0,452.18,0.0,1,0.04,0.03,SPY230725P00435000,435.0,0,0.0,0.0,,0.0,normalDay
2023-07-24,7042.0,2.0,0.0,0,454.2,0.0,1,0.04,0.02,SPY230725P00435000,435.0,0,0.0,0.0,,0.0,normalDay
2023-07-25,7046.0,0.0,4.0,0,455.44,0.0,1,0.04,0.0,SPY230725P00435000,435.0,0,0.0,0.0,,0.0,expirationDay
2023-07-26,7046.0,-3.0,0.0,0,455.51,0.0,1,0.06,0.09,SPY230801P00440000,440.0,0,0.0,0.0,,0.0,normalDay
2023-07-27,7046.0,-11.0,0.0,0,452.49,0.0,1,0.06,0.17,SPY230801P00440000,440.0,0,0.0,0.0,,0.0,normalDay
2023-07-28,7046.0,2.0,0.0,0,456.92,0.0,1,0.06,0.04,SPY230801P00440000,440.0,0,0.0,0.0,,0.0,normalDay
2023-07-31,7046.0,4.0,0.0,0,457.79,0.0,1,0.06,0.02,SPY230801P00440000,440.0,0,0.0,0.0,,0.0,normalDay
2023-08-01,7052.0,0.0,6.0,0,456.48,0.0,1,0.06,0.0,SPY230801P00440000,440.0,0,0.0,0.0,,0.0,expirationDay
2023-08-02,7052.0,-3.0,0.0,0,450.13,0.0,1,0.87,0.9,SPY230808P00444000,444.0,0,0.0,0.0,,0.0,normalDay
2023-08-03,7052.0,15.0,0.0,0,448.84,0.0,1,0.87,0.72,SPY230808P00444000,444.0,0,0.0,0.0,,0.0,normalDay
2023-08-04,7052.0,-18.0,0.0,0,446.81,0.0,1,0.87,1.05,SPY230808P00444000,444.0,0,0.0,0.0,,0.0,normalDay
2023-08-07,7052.0,80.0,0.0,0,450.71,0.0,1,0.87,0.07,SPY230808P00444000,444.0,0,0.0,0.0,,0.0,normalDay
2023-08-08,7139.0,0.0,87.0,0,448.75,0.0,1,0.87,0.0,SPY230808P00444000,444.0,0,0.0,0.0,,0.0,expirationDay
2023-08-09,7139.0,-3.0,0.0,0,445.75,0.0,1,4.35,4.38,SPY230815P00449000,449.0,0,0.0,0.0,,0.0,normalDay
2023-08-10,7139.0,4.0,0.0,0,445.91,0.0,1,4.35,4.31,SPY230815P00449000,449.0,0,0.0,0.0,,0.0,normalDay
2023-08-11,7139.0,55.0,0.0,0,445.65,0.0,1,4.35,3.8,SPY230815P00449000,449.0,0,0.0,0.0,,0.0,normalDay
2023-08-14,7139.0,269.0,0.0,0,448.11,0.0,1,4.35,1.66,SPY230815P00449000,449.0,0,0.0,0.0,,0.0,normalDay
2023-08-15,7574.0,-611.0,435.0,100,442.89,449.0,1,4.35,0.0,SPY230815P00449000,449.0,0,0.0,0.0,,0.0,expirationDay
2023-08-16,7574.0,-939.0,0.0,100,439.64,449.0,0,0.0,0.0,,0.0,1,0.06,0.09,SPY230825C00459000,459.0,normalDay
2023-08-17,7574.0,-1269.0,0.0,100,436.29,449.0,0,0.0,0.0,,0.0,1,0.06,0.04,SPY230825C00459000,459.0,normalDay
2023-08-18,7574.0,-1246.0,0.0,100,436.5,449.0,0,0.0,0.0,,0.0,1,0.06,0.02,SPY230825C00459000,459.0,normalDay
2023-08-21,7574.0,-962.0,0.0,100,439.34,449.0,0,0.0,0.0,,0.0,1,0.06,0.02,SPY230825C00459000,459.0,normalDay
2023-08-22,7574.0,-1081.0,0.0,100,438.15,449.0,0,0.0,0.0,,0.0,1,0.06,0.02,SPY230825C00459000,459.0,normalDay
2023-08-23,7574.0,-593.0,0.0,100,443.03,449.0,0,0.0,0.0,,0.0,1,0.06,0.02,SPY230825C00459000,459.0,normalDay
2023-08-24,7574.0,-1206.0,0.0,100,436.89,449.0,0,0.0,0.0,,0.0,1,0.06,0.01,SPY230825C00459000,459.0,normalDay
2023-08-25,7580.0,-903.0,6.0,100,439.97,449.0,0,0.0,0.0,,0.0,1,0.06,0.0,SPY230825C00459000,459.0,expirationDay
2023-08-28,7580.0,-627.0,0.0,100,442.76,449.0,0,0.0,0.0,,0.0,1,0.21,0.24,SPY230906C00454000,454.0,normalDay
2023-08-29,7580.0,-76.0,0.0,100,449.16,449.0,0,0.0,0.0,,0.0,1,0.21,1.13,SPY230906C00454000,454.0,normalDay
2023-08-30,7580.0,87.0,0.0,100,451.01,449.0,0,0.0,0.0,,0.0,1,0.21,1.35,SPY230906C00454000,454.0,normalDay
2023-08-31,7580.0,62.0,0.0,100,450.35,449.0,0,0.0,0.0,,0.0,1,0.21,0.94,SPY230906C00454000,454.0,normalDay
2023-09-01,7580.0,194.0,0.0,100,451.19,449.0,0,0.0,0.0,,0.0,1,0.21,0.46,SPY230906C00454000,454.0,normalDay
2023-09-05,7580.0,41.0,0.0,100,449.24,449.0,0,0.0,0.0,,0.0,1,0.21,0.04,SPY230906C00454000,454.0,normalDay
2023-09-06,7601.0,-278.0,21.0,100,446.22,449.0,0,0.0,0.0,,0.0,1,0.21,0.0,SPY230906C00454000,454.0,expirationDay
2023-09-07,7601.0,-418.0,0.0,100,444.85,449.0,0,0.0,0.0,,0.0,1,0.37,0.4,SPY230915C00453000,453.0,normalDay
2023-09-08,7601.0,-340.0,0.0,100,445.52,449.0,0,0.0,0.0,,0.0,1,0.37,0.29,SPY230915C00453000,453.0,normalDay
2023-09-11,7601.0,-69.0,0.0,100,448.45,449.0,0,0.0,0.0,,0.0,1,0.37,0.51,SPY230915C00453000,453.0,normalDay
2023-09-12,7601.0,-280.0,0.0,100,445.99,449.0,0,0.0,0.0,,0.0,1,0.37,0.16,SPY230915C00453000,453.0,normalDay
2023-09-13,7601.0,-218.0,0.0,100,446.51,449.0,0,0.0,0.0,,0.0,1,0.37,0.06,SPY230915C00453000,453.0,normalDay
2023-09-14,7601.0,163.0,0.0,100,450.36,449.0,0,0.0,0.0,,0.0,1,0.37,0.1,SPY230915C00453000,453.0,normalDay
2023-09-15,7638.0,-563.0,37.0,100,443.37,449.0,0,0.0,0.0,,0.0,1,0.37,0.0,SPY230915C00453000,453.0,expirationDay
2023-09-18,7638.0,-540.0,0.0,100,443.63,449.0,0,0.0,0.0,,0.0,1,0.34,0.37,SPY230927C00453000,453.0,normalDay
2023-09-19,7638.0,-619.0,0.0,100,442.71,449.0,0,0.0,0.0,,0.0,1,0.34,0.24,SPY230927C00453000,453.0,normalDay
2023-09-20,7638.0,-1008.0,0.0,100,438.64,449.0,0,0.0,0.0,,0.0,1,0.34,0.06,SPY230927C00453000,453.0,normalDay
2023-09-21,7638.0,-1729.0,0.0,100,431.39,449.0,0,0.0,0.0,,0.0,1,0.34,0.02,SPY230927C00453000,453.0,normalDay
2023-09-22,7638.0,-1825.0,0.0,100,430.42,449.0,0,0.0,0.0,,0.0,1,0.34,0.01,SPY230927C00453000,453.0,normalDay
2023-09-25,7638.0,-1644.0,0.0,100,432.23,449.0,0,0.0,0.0,,0.0,1,0.34,0.01,SPY230927C00453000,453.0,normalDay
2023-09-26,7638.0,-2279.0,0.0,100,425.88,449.0,0,0.0,0.0,,0.0,1,0.34,0.01,SPY230927C00453000,453.0,normalDay
2023-09-27,7672.0,-2295.0,34.0,100,426.05,449.0,0,0.0,0.0,,0.0,1,0.34,0.0,SPY230927C00453000,453.0,expirationDay
2023-09-28,7672.0,-2048.0,0.0,100,428.52,449.0,0,0.0,0.0,,0.0,0,0.0,0.0,,0.0,bidTooLow
2023-09-29,7672.0,-2152.0,0.0,100,427.48,449.0,0,0.0,0.0,,0.0,0,0.0,0.0,,0.0,bidTooLow
2023-10-02,7672.0,-2169.0,0.0,100,427.31,449.0,0,0.0,0.0,,0.0,0,0.0,0.0,,0.0,bidTooLow
2023-10-03,7672.0,-2741.0,0.0,100,421.59,449.0,0,0.0,0.0,,0.0,0,0.0,0.0,,0.0,bidTooLow
2023-10-04,7672.0,-2434.0,0.0,100,424.66,449.0,0,0.0,0.0,,0.0,0,0.0,0.0,,0.0,bidTooLow
2023-10-05,7672.0,-2450.0,0.0,100,424.5,449.0,0,0.0,0.0,,0.0,0,0.0,0.0,,0.0,bidTooLow
2023-10-06,7672.0,-1946.0,0.0,100,429.54,449.0,0,0.0,0.0,,0.0,0,0.0,0.0,,0.0,bidTooLow
2023-10-09,7672.0,-1674.0,0.0,100,432.29,449.0,0,0.0,0.0,,0.0,1,0.06,0.09,SPY231018C00450000,450.0,normalDay
2023-10-10,7672.0,-1451.0,0.0,100,434.54,449.0,0,0.0,0.0,,0.0,1,0.06,0.11,SPY231018C00450000,450.0,normalDay
2023-10-11,7672.0,-1270.0,0.0,100,436.32,449.0,0,0.0,0.0,,0.0,1,0.06,0.08,SPY231018C00450000,450.0,normalDay
2023-10-12,7672.0,-1531.0,0.0,100,433.66,449.0,0,0.0,0.0,,0.0,1,0.06,0.03,SPY231018C00450000,450.0,normalDay
2023-10-13,7672.0,-1746.0,0.0,100,431.5,449.0,0,0.0,0.0,,0.0,1,0.06,0.02,SPY231018C00450000,450.0,normalDay
2023-10-16,7672.0,-1292.0,0.0,100,436.04,449.0,0,0.0,0.0,,0.0,1,0.06,0.02,SPY231018C00450000,450.0,normalDay
2023-10-17,7672.0,-1293.0,0.0,100,436.02,449.0,0,0.0,0.0,,0.0,1,0.06,0.01,SPY231018C00450000,450.0,normalDay
2023-10-18,7678.0,-1879.0,6.0,100,430.21,449.0,0,0.0,0.0,,0.0,1,0.06,0.0,SPY231018C00450000,450.0,expirationDay
2023-10-19,7678.0,-2260.0,0.0,100,426.43,449.0,0,0.0,0.0,,0.0,1,0.71,0.74,SPY231027C00437500,437.5,normalDay
2023-10-20,7678.0,-2724.0,0.0,100,421.19,449.0,0,0.0,0.0,,0.0,1,0.71,0.14,SPY231027C00437500,437.5,normalDay
2023-10-23,7678.0,-2788.0,0.0,100,420.46,449.0,0,0.0,0.0,,0.0,1,0.71,0.05,SPY231027C00437500,437.5,normalDay
2023-10-24,7678.0,-2470.0,0.0,100,423.63,449.0,0,0.0,0.0,,0.0,1,0.71,0.04,SPY231027C00437500,437.5,normalDay
2023-10-25,7678.0,-3076.0,0.0,100,417.55,449.0,0,0.0,0.0,,0.0,1,0.71,0.02,SPY231027C00437500,437.5,normalDay
2023-10-26,7678.0,-3575.0,0.0,100,412.55,449.0,0,0.0,0.0,,0.0,1,0.71,0.01,SPY231027C00437500,437.5,normalDay
2023-10-27,7749.0,-3832.0,71.0,100,410.68,449.0,0,0.0,0.0,,0.0,1,0.71,0.0,SPY231027C00437500,437.5,expirationDay
2023-10-30,7749.0,-3344.0,0.0,100,415.59,449.0,0,0.0,0.0,,0.0,1,0.01,0.04,SPY231108C00440000,440.0,normalDay
2023-10-31,7749.0,-3082.0,0.0,100,418.2,449.0,0,0.0,0.0,,0.0,1,0.01,0.03,SPY231108C00440000,440.0,normalDay
2023-11-01,7749.0,-2637.0,0.0,100,422.66,449.0,0,0.0,0.0,,0.0,1,0.01,0.04,SPY231108C00440000,440.0,normalDay
2023-11-02,7749.0,-1843.0,0.0,100,430.76,449.0,0,0.0,0.0,,0.0,1,0.01,0.2,SPY231108C00440000,440.0,normalDay
2023-11-03,7749.0,-1476.0,0.0,100,434.69,449.0,0,0.0,0.0,,0.0,1,0.01,0.46,SPY231108C00440000,440.0,normalDay
2023-11-06,7749.0,-1349.0,0.0,100,435.69,449.0,0,0.0,0.0,,0.0,1,0.01,0.19,SPY231108C00440000,440.0,normalDay
2023-11-07,7749.0,-1221.0,0.0,100,436.93,449.0,0,0.0,0.0,,0.0,1,0.01,0.15,SPY231108C00440000,440.0,normalDay
2023-11-08,7750.0,-1175.0,1.0,100,437.25,449.0,0,0.0,0.0,,0.0,1,0.01,0.0,SPY231108C00440000,440.0,expirationDay
2023-11-09,7750.0,-1519.0,0.0,100,433.84,449.0,0,0.0,0.0,,0.0,1,0.66,0.69,SPY231117C00442000,442.0,normalDay
2023-11-10,7750.0,-1019.0,0.0,100,440.61,449.0,0,0.0,0.0,,0.0,1,0.66,2.46,SPY231117C00442000,442.0,normalDay
2023-11-13,7750.0,-1030.0,0.0,100,440.19,449.0,0,0.0,0.0,,0.0,1,0.66,2.15,SPY231117C00442000,442.0,normalDay
2023-11-14,7750.0,-740.0,0.0,100,448.73,449.0,0,0.0,0.0,,0.0,1,0.66,7.79,SPY231117C00442000,442.0,normalDay
2023-11-15,7750.0,-643.0,0.0,100,449.68,449.0,0,0.0,0.0,,0.0,1,0.66,7.77,SPY231117C00442000,442.0,normalDay
2023-11-16,7750.0,-652.0,0.0,100,450.23,449.0,0,0.0,0.0,,0.0,1,0.66,8.41,SPY231117C00442000,442.0,normalDay
2023-11-17,7116.0,-652.0,-634.0,0,450.79,0.0,0,0.0,0.0,,0.0,1,0.66,0.0,SPY231117C00442000,442.0,expirationDay
2023-11-20,7116.0,0.0,0.0,0,454.26,0.0,0,0.0,0.0,,0.0,0,0.0,0.0,,0.0,bidTooLow
2023-11-21,7116.0,0.0,0.0,0,453.27,0.0,0,0.0,0.0,,0.0,0,0.0,0.0,,0.0,bidTooLow
2023-11-22,7116.0,0.0,0.0,0,455.02,0.0,0,0.0,0.0,,0.0,0,0.0,0.0,,0.0,bidTooLow
2023-11-24,7116.0,-3.0,0.0,0,455.3,0.0,1,0.01,0.04,SPY231130P00425000,425.0,0,0.0,0.0,,0.0,normalDay
2023-11-27,7116.0,-2.0,0.0,0,454.48,0.0,1,0.01,0.03,SPY231130P00425000,425.0,0,0.0,0.0,,0.0,normalDay
2023-11-28,7116.0,-1.0,0.0,0,454.93,0.0,1,0.01,0.02,SPY231130P00425000,425.0,0,0.0,0.0,,0.0,normalDay
2023-11-29,7116.0,0.0,0.0,0,454.61,0.0,1,0.01,0.01,SPY231130P00425000,425.0,0,0.0,0.0,,0.0,normalDay
2023-11-30,7117.0,0.0,1.0,0,456.4,0.0,1,0.01,0.0,SPY231130P00425000,425.0,0,0.0,0.0,,0.0,expirationDay
