date,totalCapital,unrializedPnL,rializedPnL,stocksOwned,stocksPriceToday,stocksPriceBoughtAt,putOwned,putOwnedSoldAt,putPriceToday,putOwnedContract,putOwnedStrike,callOwned,callOwnedSoldAt,callPriceToday,callOwnedContract,callOwnedStrike,trackType
2018-11-01,0.0,-8.0,0.0,0,273.51,0.0,1,4.42,4.5,SPY181114P00275000,275.0,0,0.0,0.0,,0.0,normalDay
2018-11-02,0.0,-60.0,0.0,0,271.89,0.0,1,4.42,5.02,SPY181114P00275000,275.0,0,0.0,0.0,,0.0,normalDay
2018-11-05,0.0,60.0,0.0,0,273.39,0.0,1,4.42,3.82,SPY181114P00275000,275.0,0,0.0,0.0,,0.0,normalDay
2018-11-06,0.0,150.0,0.0,0,275.12,0.0,1,4.42,2.92,SPY181114P00275000,275.0,0,0.0,0.0,,0.0,normalDay
2018-11-07,0.0,383.0,0.0,0,281.01,0.0,1,4.42,0.59,SPY181114P00275000,275.0,0,0.0,0.0,,0.0,normalDay
2018-11-08,0.0,390.0,0.0,0,280.5,0.0,1,4.42,0.52,SPY181114P00275000,275.0,0,0.0,0.0,,0.0,normalDay
2018-11-09,0.0,353.0,0.0,0,277.76,0.0,1,4.42,0.89,SPY181114P00275000,275.0,0,0.0,0.0,,0.0,normalDay
2018-11-12,0.0,140.0,0.0,0,272.57,0.0,1,4.42,3.02,SPY181114P00275000,275.0,0,0.0,0.0,,0.0,normalDay
2018-11-13,0.0,113.0,0.0,0,272.06,0.0,1,4.42,3.29,SPY181114P00275000,275.0,0,0.0,0.0,,0.0,normalDay
2018-11-14,442.0,-480.0,442.0,100,270.2,275.0,1,4.42,0.0,SPY181114P00275000,275.0,0,0.0,0.0,,0.0,expirationDay
2018-11-15,442.0,-203.0,0.0,100,273.02,275.0,0,0.0,0.0,,0.0,1,2.22,2.27,SPY181123C00274000,274.0,normalDay
2018-11-16,442.0,-130.0,0.0,100,273.73,275.0,0,0.0,0.0,,0.0,1,2.22,2.25,SPY181123C00274000,274.0,normalDay
2018-11-19,442.0,-411.0,0.0,100,269.1,275.0,0,0.0,0.0,,0.0,1,2.22,0.43,SPY181123C00274000,274.0,normalDay
2018-11-20,442.0,-869.0,0.0,100,264.12,275.0,0,0.0,0.0,,0.0,1,2.22,0.03,SPY181123C00274000,274.0,normalDay
2018-11-21,442.0,-777.0,0.0,100,265.02,275.0,0,0.0,0.0,,0.0,1,2.22,0.01,SPY181123C00274000,274.0,normalDay
2018-11-23,664.0,-1175.0,222.0,100,263.25,275.0,0,0.0,0.0,,0.0,1,2.22,0.0,SPY181123C00274000,274.0,expirationDay
2018-11-26,664.0,-753.0,0.0,100,267.5,275.0,0,0.0,0.0,,0.0,1,0.56,0.59,SPY181203C00273000,273.0,normalDay
2018-11-27,664.0,-678.0,0.0,100,268.4,275.0,0,0.0,0.0,,0.0,1,0.56,0.74,SPY181203C00273000,273.0,normalDay
2018-11-28,664.0,-310.0,0.0,100,274.58,275.0,0,0.0,0.0,,0.0,1,0.56,3.24,SPY181203C00273000,273.0,normalDay
2018-11-29,664.0,-354.0,0.0,100,273.98,275.0,0,0.0,0.0,,0.0,1,0.56,3.08,SPY181203C00273000,273.0,normalDay
2018-11-30,664.0,-326.0,0.0,100,275.65,275.0,0,0.0,0.0,,0.0,1,0.56,4.47,SPY181203C00273000,273.0,normalDay
2018-12-03,520.0,-326.0,-144.0,0,279.3,0.0,0,0.0,0.0,,0.0,1,0.56,0.0,SPY181203C00273000,273.0,expirationDay
2018-12-04,520.0,-11.0,0.0,0,270.25,0.0,1,4.76,4.87,SPY181217P00272000,272.0,0,0.0,0.0,,0.0,normalDay
2018-12-06,520.0,-3.0,0.0,0,269.84,0.0,1,4.76,4.79,SPY181217P00272000,272.0,0,0.0,0.0,,0.0,normalDay
2018-12-07,520.0,-460.0,0.0,0,263.57,0.0,1,4.76,9.36,SPY181217P00272000,272.0,0,0.0,0.0,,0.0,normalDay
2018-12-10,520.0,-338.0,0.0,0,264.07,0.0,1,4.76,8.14,SPY181217P00272000,272.0,0,0.0,0.0,,0.0,normalDay
2018-12-11,520.0,-337.0,0.0,0,264.13,0.0,1,4.76,8.13,SPY181217P00272000,272.0,0,0.0,0.0,,0.0,normalDay
2018-12-12,520.0,-241.0,0.0,0,265.46,0.0,1,4.76,7.17,SPY181217P00272000,272.0,0,0.0,0.0,,0.0,normalDay
2018-12-13,520.0,-232.0,0.0,0,265.37,0.0,1,4.76,7.08,SPY181217P00272000,272.0,0,0.0,0.0,,0.0,normalDay
2018-12-14,520.0,-685.0,0.0,0,260.47,0.0,1,4.76,11.61,SPY181217P00272000,272.0,0,0.0,0.0,,0.0,normalDay
2018-12-17,996.0,-1664.0,476.0,100,255.36,272.0,1,4.76,0.0,SPY181217P00272000,272.0,0,0.0,0.0,,0.0,expirationDay
2018-12-18,996.0,-1695.0,0.0,100,255.08,272.0,0,0.0,0.0,,0.0,1,0.15,0.18,SPY181226C00268500,268.5,normalDay
2018-12-19,996.0,-2064.0,0.0,100,251.26,272.0,0,0.0,0.0,,0.0,1,0.15,0.05,SPY181226C00268500,268.5,normalDay
2018-12-20,996.0,-2472.0,0.0,100,247.17,272.0,0,0.0,0.0,,0.0,1,0.15,0.04,SPY181226C00268500,268.5,normalDay
2018-12-21,996.0,-3117.0,0.0,100,240.7,272.0,0,0.0,0.0,,0.0,1,0.15,0.02,SPY181226C00268500,268.5,normalDay
2018-12-24,996.0,-3752.0,0.0,100,234.34,272.0,0,0.0,0.0,,0.0,1,0.15,0.01,SPY181226C00268500,268.5,normalDay
2018-12-26,1011.0,-2582.0,15.0,100,246.18,272.0,0,0.0,0.0,,0.0,1,0.15,0.0,SPY181226C00268500,268.5,expirationDay
2018-12-27,1011.0,-2398.0,0.0,100,248.07,272.0,0,0.0,0.0,,0.0,1,0.22,0.27,SPY190104C00264000,264.0,normalDay
2018-12-28,1011.0,-2415.0,0.0,100,247.75,272.0,0,0.0,0.0,,0.0,1,0.22,0.12,SPY190104C00264000,264.0,normalDay
2018-12-31,1011.0,-2190.0,0.0,100,249.92,272.0,0,0.0,0.0,,0.0,1,0.22,0.04,SPY190104C00264000,264.0,normalDay
2019-01-02,1011.0,-2161.0,0.0,100,250.18,272.0,0,0.0,0.0,,0.0,1,0.22,0.01,SPY190104C00264000,264.0,normalDay
2019-01-03,1011.0,-2758.0,0.0,100,244.21,272.0,0,0.0,0.0,,0.0,1,0.22,0.01,SPY190104C00264000,264.0,normalDay
2019-01-04,1033.0,-1961.0,22.0,100,252.39,272.0,0,0.0,0.0,,0.0,1,0.22,0.0,SPY190104C00264000,264.0,expirationDay
2019-01-07,1033.0,-1769.0,0.0,100,254.38,272.0,0,0.0,0.0,,0.0,1,1.84,1.91,SPY190114C00256000,256.0,normalDay
2019-01-08,1033.0,-1611.0,0.0,100,256.77,272.0,0,0.0,0.0,,0.0,1,1.84,2.72,SPY190114C00256000,256.0,normalDay
2019-01-09,1033.0,-1535.0,0.0,100,257.97,272.0,0,0.0,0.0,,0.0,1,1.84,3.16,SPY190114C00256000,256.0,normalDay
2019-01-10,1033.0,-1487.0,0.0,100,258.88,272.0,0,0.0,0.0,,0.0,1,1.84,3.59,SPY190114C00256000,256.0,normalDay
2019-01-11,1033.0,-1431.0,0.0,100,258.98,272.0,0,0.0,0.0,,0.0,1,1.84,3.13,SPY190114C00256000,256.0,normalDay
2019-01-14,-383.0,-1431.0,-1416.0,0,257.4,0.0,0,0.0,0.0,,0.0,1,1.84,0.0,SPY190114C00256000,256.0,expirationDay
2019-01-15,-383.0,-4.0,0.0,0,260.35,0.0,1,0.68,0.72,SPY190128P00251500,251.5,0,0.0,0.0,,0.0,normalDay
2019-01-16,-383.0,9.0,0.0,0,260.98,0.0,1,0.68,0.59,SPY190128P00251500,251.5,0,0.0,0.0,,0.0,normalDay
2019-01-17,-383.0,35.0,0.0,0,262.96,0.0,1,0.68,0.33,SPY190128P00251500,251.5,0,0.0,0.0,,0.0,normalDay
2019-01-18,-383.0,57.0,0.0,0,266.46,0.0,1,0.68,0.11,SPY190128P00251500,251.5,0,0.0,0.0,,0.0,normalDay
2019-01-22,-383.0,49.0,0.0,0,262.86,0.0,1,0.68,0.19,SPY190128P00251500,251.5,0,0.0,0.0,,0.0,normalDay
2019-01-23,-383.0,63.0,0.0,0,263.41,0.0,1,0.68,0.05,SPY190128P00251500,251.5,0,0.0,0.0,,0.0,normalDay
2019-01-24,-383.0,65.0,0.0,0,263.55,0.0,1,0.68,0.03,SPY190128P00251500,251.5,0,0.0,0.0,,0.0,normalDay
2019-01-25,-383.0,67.0,0.0,0,265.78,0.0,1,0.68,0.01,SPY190128P00251500,251.5,0,0.0,0.0,,0.0,normalDay
2019-01-28,-315.0,0.0,68.0,0,263.76,0.0,1,0.68,0.0,SPY190128P00251500,251.5,0,0.0,0.0,,0.0,expirationDay
2019-01-29,-315.0,-5.0,0.0,0,263.41,0.0,1,1.8,1.85,SPY190211P00259000,259.0,0,0.0,0.0,,0.0,normalDay
2019-01-30,-315.0,106.0,0.0,0,267.58,0.0,1,1.8,0.74,SPY190211P00259000,259.0,0,0.0,0.0,,0.0,normalDay
2019-01-31,-315.0,149.0,0.0,0,269.93,0.0,1,1.8,0.31,SPY190211P00259000,259.0,0,0.0,0.0,,0.0,normalDay
2019-02-01,-315.0,161.0,0.0,0,270.06,0.0,1,1.8,0.19,SPY190211P00259000,259.0,0,0.0,0.0,,0.0,normalDay
2019-02-04,-315.0,174.0,0.0,0,271.96,0.0,1,1.8,0.06,SPY190211P00259000,259.0,0,0.0,0.0,,0.0,normalDay
2019-02-05,-315.0,176.0,0.0,0,273.1,0.0,1,1.8,0.04,SPY190211P00259000,259.0,0,0.0,0.0,,0.0,normalDay
2019-02-06,-315.0,177.0,0.0,0,272.74,0.0,1,1.8,0.03,SPY190211P00259000,259.0,0,0.0,0.0,,0.0,normalDay
2019-02-07,-315.0,176.0,0.0,0,270.14,0.0,1,1.8,0.04,SPY190211P00259000,259.0,0,0.0,0.0,,0.0,normalDay
2019-02-08,-315.0,179.0,0.0,0,270.47,0.0,1,1.8,0.01,SPY190211P00259000,259.0,0,0.0,0.0,,0.0,normalDay
2019-02-11,-135.0,0.0,180.0,0,270.62,0.0,1,1.8,0.0,SPY190211P00259000,259.0,0,0.0,0.0,,0.0,expirationDay
2019-02-12,-135.0,-3.0,0.0,0,274.1,0.0,1,0.61,0.64,SPY190225P00267000,267.0,0,0.0,0.0,,0.0,normalDay
2019-02-13,-135.0,11.0,0.0,0,274.99,0.0,1,0.61,0.5,SPY190225P00267000,267.0,0,0.0,0.0,,0.0,normalDay
2019-02-14,-135.0,6.0,0.0,0,274.38,0.0,1,0.61,0.55,SPY190225P00267000,267.0,0,0.0,0.0,,0.0,normalDay
2019-02-15,-135.0,43.0,0.0,0,277.37,0.0,1,0.61,0.18,SPY190225P00267000,267.0,0,0.0,0.0,,0.0,normalDay
2019-02-19,-135.0,54.0,0.0,0,277.85,0.0,1,0.61,0.07,SPY190225P00267000,267.0,0,0.0,0.0,,0.0,normalDay
2019-02-20,-135.0,58.0,0.0,0,278.41,0.0,1,0.61,0.03,SPY190225P00267000,267.0,0,0.0,0.0,,0.0,normalDay
2019-02-21,-135.0,58.0,0.0,0,277.42,0.0,1,0.61,0.03,SPY190225P00267000,267.0,0,0.0,0.0,,0.0,normalDay
2019-02-22,-135.0,60.0,0.0,0,279.14,0.0,1,0.61,0.01,SPY190225P00267000,267.0,0,0.0,0.0,,0.0,normalDay
2019-02-25,-74.0,0.0,61.0,0,279.52,0.0,1,0.61,0.0,SPY190225P00267000,267.0,0,0.0,0.0,,0.0,expirationDay
2019-02-26,-74.0,-4.0,0.0,0,279.32,0.0,1,0.91,0.95,SPY190311P00274000,274.0,0,0.0,0.0,,0.0,normalDay
2019-02-27,-74.0,12.0,0.0,0,279.2,0.0,1,0.91,0.79,SPY190311P00274000,274.0,0,0.0,0.0,,0.0,normalDay
2019-02-28,-74.0,12.0,0.0,0,278.68,0.0,1,0.91,0.79,SPY190311P00274000,274.0,0,0.0,0.0,,0.0,normalDay
2019-03-01,-74.0,56.0,0.0,0,280.42,0.0,1,0.91,0.35,SPY190311P00274000,274.0,0,0.0,0.0,,0.0,normalDay
2019-03-04,-74.0,49.0,0.0,0,279.4,0.0,1,0.91,0.42,SPY190311P00274000,274.0,0,0.0,0.0,,0.0,normalDay
2019-03-05,-74.0,58.0,0.0,0,279.02,0.0,1,0.91,0.33,SPY190311P00274000,274.0,0,0.0,0.0,,0.0,normalDay
2019-03-06,-74.0,38.0,0.0,0,277.33,0.0,1,0.91,0.53,SPY190311P00274000,274.0,0,0.0,0.0,,0.0,normalDay
2019-03-07,-74.0,3.0,0.0,0,275.01,0.0,1,0.91,0.88,SPY190311P00274000,274.0,0,0.0,0.0,,0.0,normalDay
2019-03-08,-74.0,30.0,0.0,0,274.46,0.0,1,0.91,0.61,SPY190311P00274000,274.0,0,0.0,0.0,,0.0,normalDay
2019-03-11,17.0,0.0,91.0,0,278.44,0.0,1,0.91,0.0,SPY190311P00274000,274.0,0,0.0,0.0,,0.0,expirationDay
2019-03-12,17.0,-5.0,0.0,0,279.49,0.0,1,1.9,1.95,SPY190325P00277500,277.5,0,0.0,0.0,,0.0,normalDay
2019-03-13,17.0,75.0,0.0,0,281.34,0.0,1,1.9,1.15,SPY190325P00277500,277.5,0,0.0,0.0,,0.0,normalDay
2019-03-14,17.0,74.0,0.0,0,281.16,0.0,1,1.9,1.16,SPY190325P00277500,277.5,0,0.0,0.0,,0.0,normalDay
2019-03-15,17.0,127.0,0.0,0,281.31,0.0,1,1.9,0.63,SPY190325P00277500,277.5,0,0.0,0.0,,0.0,normalDay
2019-03-18,17.0,156.0,0.0,0,282.33,0.0,1,1.9,0.34,SPY190325P00277500,277.5,0,0.0,0.0,,0.0,normalDay
2019-03-19,17.0,148.0,0.0,0,282.4,0.0,1,1.9,0.42,SPY190325P00277500,277.5,0,0.0,0.0,,0.0,normalDay
2019-03-20,17.0,154.0,0.0,0,281.55,0.0,1,1.9,0.36,SPY190325P00277500,277.5,0,0.0,0.0,,0.0,normalDay
2019-03-21,17.0,183.0,0.0,0,284.73,0.0,1,1.9,0.07,SPY190325P00277500,277.5,0,0.0,0.0,,0.0,normalDay
2019-03-22,17.0,147.0,0.0,0,279.25,0.0,1,1.9,0.43,SPY190325P00277500,277.5,0,0.0,0.0,,0.0,normalDay
2019-03-25,207.0,0.0,190.0,0,279.04,0.0,1,1.9,0.0,SPY190325P00277500,277.5,0,0.0,0.0,,0.0,expirationDay
2019-03-26,207.0,-5.0,0.0,0,281.12,0.0,1,2.13,2.18,SPY190408P00280000,280.0,0,0.0,0.0,,0.0,normalDay
2019-03-27,207.0,-53.0,0.0,0,279.65,0.0,1,2.13,2.66,SPY190408P00280000,280.0,0,0.0,0.0,,0.0,normalDay
2019-03-28,207.0,23.0,0.0,0,280.71,0.0,1,2.13,1.9,SPY190408P00280000,280.0,0,0.0,0.0,,0.0,normalDay
2019-03-29,207.0,111.0,0.0,0,282.48,0.0,1,2.13,1.02,SPY190408P00280000,280.0,0,0.0,0.0,,0.0,normalDay
2019-04-01,207.0,183.0,0.0,0,285.83,0.0,1,2.13,0.3,SPY190408P00280000,280.0,0,0.0,0.0,,0.0,normalDay
2019-04-02,207.0,192.0,0.0,0,285.97,0.0,1,2.13,0.21,SPY190408P00280000,280.0,0,0.0,0.0,,0.0,normalDay
2019-04-03,207.0,201.0,0.0,0,286.42,0.0,1,2.13,0.12,SPY190408P00280000,280.0,0,0.0,0.0,,0.0,normalDay
2019-04-04,207.0,207.0,0.0,0,287.18,0.0,1,2.13,0.06,SPY190408P00280000,280.0,0,0.0,0.0,,0.0,normalDay
2019-04-05,207.0,212.0,0.0,0,288.57,0.0,1,2.13,0.01,SPY190408P00280000,280.0,0,0.0,0.0,,0.0,normalDay
2019-04-08,420.0,0.0,213.0,0,288.79,0.0,1,2.13,0.0,SPY190408P00280000,280.0,0,0.0,0.0,,0.0,expirationDay
2019-04-09,420.0,-4.0,0.0,0,287.31,0.0,1,0.95,0.99,SPY190422P00283500,283.5,0,0.0,0.0,,0.0,normalDay
2019-04-10,420.0,42.0,0.0,0,288.29,0.0,1,0.95,0.53,SPY190422P00283500,283.5,0,0.0,0.0,,0.0,normalDay
2019-04-11,420.0,46.0,0.0,0,288.21,0.0,1,0.95,0.49,SPY190422P00283500,283.5,0,0.0,0.0,,0.0,normalDay
2019-04-12,420.0,75.0,0.0,0,290.16,0.0,1,0.95,0.2,SPY190422P00283500,283.5,0,0.0,0.0,,0.0,normalDay
2019-04-15,420.0,81.0,0.0,0,289.97,0.0,1,0.95,0.14,SPY190422P00283500,283.5,0,0.0,0.0,,0.0,normalDay
2019-04-16,420.0,84.0,0.0,0,290.16,0.0,1,0.95,0.11,SPY190422P00283500,283.5,0,0.0,0.0,,0.0,normalDay
2019-04-17,420.0,85.0,0.0,0,289.45,0.0,1,0.95,0.1,SPY190422P00283500,283.5,0,0.0,0.0,,0.0,normalDay
2019-04-18,420.0,93.0,0.0,0,290.02,0.0,1,0.95,0.02,SPY190422P00283500,283.5,0,0.0,0.0,,0.0,normalDay
2019-04-22,515.0,0.0,95.0,0,290.27,0.0,1,0.95,0.0,SPY190422P00283500,283.5,0,0.0,0.0,,0.0,expirationDay
2019-04-23,515.0,-4.0,0.0,0,292.88,0.0,1,0.6,0.64,SPY190506P00287000,287.0,0,0.0,0.0,,0.0,normalDay
2019-04-24,515.0,-13.0,0.0,0,292.23,0.0,1,0.6,0.73,SPY190506P00287000,287.0,0,0.0,0.0,,0.0,normalDay
2019-04-25,515.0,-8.0,0.0,0,292.05,0.0,1,0.6,0.68,SPY190506P00287000,287.0,0,0.0,0.0,,0.0,normalDay
2019-04-26,515.0,17.0,0.0,0,293.41,0.0,1,0.6,0.43,SPY190506P00287000,287.0,0,0.0,0.0,,0.0,normalDay
2019-04-29,515.0,32.0,0.0,0,293.87,0.0,1,0.6,0.28,SPY190506P00287000,287.0,0,0.0,0.0,,0.0,normalDay
2019-04-30,515.0,39.0,0.0,0,294.02,0.0,1,0.6,0.21,SPY190506P00287000,287.0,0,0.0,0.0,,0.0,normalDay
2019-05-01,515.0,18.0,0.0,0,291.81,0.0,1,0.6,0.42,SPY190506P00287000,287.0,0,0.0,0.0,,0.0,normalDay
2019-05-02,515.0,34.0,0.0,0,291.18,0.0,1,0.6,0.26,SPY190506P00287000,287.0,0,0.0,0.0,,0.0,normalDay
2019-05-03,515.0,58.0,0.0,0,294.03,0.0,1,0.6,0.02,SPY190506P00287000,287.0,0,0.0,0.0,,0.0,normalDay
2019-05-06,575.0,0.0,60.0,0,292.82,0.0,1,0.6,0.0,SPY190506P00287000,287.0,0,0.0,0.0,,0.0,expirationDay
2019-05-07,575.0,-9.0,0.0,0,287.93,0.0,1,4.93,5.02,SPY190520P00291000,291.0,0,0.0,0.0,,0.0,normalDay
2019-05-08,575.0,-14.0,0.0,0,287.53,0.0,1,4.93,5.07,SPY190520P00291000,291.0,0,0.0,0.0,,0.0,normalDay
2019-05-09,575.0,-64.0,0.0,0,286.66,0.0,1,4.93,5.57,SPY190520P00291000,291.0,0,0.0,0.0,,0.0,normalDay
2019-05-10,575.0,79.0,0.0,0,288.1,0.0,1,4.93,4.14,SPY190520P00291000,291.0,0,0.0,0.0,,0.0,normalDay
2019-05-13,575.0,-560.0,0.0,0,280.86,0.0,1,4.93,10.53,SPY190520P00291000,291.0,0,0.0,0.0,,0.0,normalDay
2019-05-14,575.0,-281.0,0.0,0,283.4,0.0,1,4.93,7.74,SPY190520P00291000,291.0,0,0.0,0.0,,0.0,normalDay
2019-05-15,575.0,-100.0,0.0,0,285.06,0.0,1,4.93,5.93,SPY190520P00291000,291.0,0,0.0,0.0,,0.0,normalDay
2019-05-16,575.0,132.0,0.0,0,287.7,0.0,1,4.93,3.61,SPY190520P00291000,291.0,0,0.0,0.0,,0.0,normalDay
2019-05-17,575.0,-30.0,0.0,0,285.84,0.0,1,4.93,5.23,SPY190520P00291000,291.0,0,0.0,0.0,,0.0,normalDay
2019-05-20,1068.0,-705.0,493.0,100,283.95,291.0,1,4.93,0.0,SPY190520P00291000,291.0,0,0.0,0.0,,0.0,expirationDay
2019-05-21,1068.0,-453.0,0.0,100,286.51,291.0,0,0.0,0.0,,0.0,1,0.62,0.66,SPY190529C00290000,290.0,normalDay
2019-05-22,1068.0,-503.0,0.0,100,285.63,291.0,0,0.0,0.0,,0.0,1,0.62,0.28,SPY190529C00290000,290.0,normalDay
2019-05-23,1068.0,-829.0,0.0,100,282.14,291.0,0,0.0,0.0,,0.0,1,0.62,0.05,SPY190529C00290000,290.0,normalDay
2019-05-24,1068.0,-762.0,0.0,100,282.78,291.0,0,0.0,0.0,,0.0,1,0.62,0.02,SPY190529C00290000,290.0,normalDay
2019-05-28,1068.0,-1024.0,0.0,100,280.15,291.0,0,0.0,0.0,,0.0,1,0.62,0.01,SPY190529C00290000,290.0,normalDay
2019-05-29,1130.0,-1273.0,62.0,100,278.27,291.0,0,0.0,0.0,,0.0,1,0.62,0.0,SPY190529C00290000,290.0,expirationDay
2019-05-30,1130.0,-1200.0,0.0,100,279.03,291.0,0,0.0,0.0,,0.0,1,0.17,0.2,SPY190607C00287000,287.0,normalDay
2019-05-31,1130.0,-1562.0,0.0,100,275.27,291.0,0,0.0,0.0,,0.0,1,0.17,0.06,SPY190607C00287000,287.0,normalDay
2019-06-03,1130.0,-1628.0,0.0,100,274.57,291.0,0,0.0,0.0,,0.0,1,0.17,0.02,SPY190607C00287000,287.0,normalDay
2019-06-04,1130.0,-1035.0,0.0,100,280.53,291.0,0,0.0,0.0,,0.0,1,0.17,0.05,SPY190607C00287000,287.0,normalDay
2019-06-05,1130.0,-799.0,0.0,100,282.96,291.0,0,0.0,0.0,,0.0,1,0.17,0.12,SPY190607C00287000,287.0,normalDay
2019-06-06,1130.0,-622.0,0.0,100,284.8,291.0,0,0.0,0.0,,0.0,1,0.17,0.19,SPY190607C00287000,287.0,normalDay
2019-06-07,747.0,-622.0,-383.0,0,287.65,0.0,0,0.0,0.0,,0.0,1,0.17,0.0,SPY190607C00287000,287.0,expirationDay
2019-06-10,747.0,-3.0,0.0,0,288.97,0.0,1,1.36,1.39,SPY190621P00283000,283.0,0,0.0,0.0,,0.0,normalDay
2019-06-11,747.0,3.0,0.0,0,288.9,0.0,1,1.36,1.33,SPY190621P00283000,283.0,0,0.0,0.0,,0.0,normalDay
2019-06-12,747.0,14.0,0.0,0,288.39,0.0,1,1.36,1.22,SPY190621P00283000,283.0,0,0.0,0.0,,0.0,normalDay
2019-06-13,747.0,56.0,0.0,0,289.58,0.0,1,1.36,0.8,SPY190621P00283000,283.0,0,0.0,0.0,,0.0,normalDay
2019-06-14,747.0,78.0,0.0,0,289.26,0.0,1,1.36,0.58,SPY190621P00283000,283.0,0,0.0,0.0,,0.0,normalDay
2019-06-17,747.0,92.0,0.0,0,289.37,0.0,1,1.36,0.44,SPY190621P00283000,283.0,0,0.0,0.0,,0.0,normalDay
2019-06-18,747.0,117.0,0.0,0,292.4,0.0,1,1.36,0.19,SPY190621P00283000,283.0,0,0.0,0.0,,0.0,normalDay
2019-06-19,747.0,130.0,0.0,0,293.06,0.0,1,1.36,0.06,SPY190621P00283000,283.0,0,0.0,0.0,,0.0,normalDay
2019-06-20,747.0,131.0,0.0,0,295.86,0.0,1,1.36,0.05,SPY190621P00283000,283.0,0,0.0,0.0,,0.0,normalDay
2019-06-21,883.0,0.0,136.0,0,294.0,0.0,1,1.36,0.0,SPY190621P00283000,283.0,0,0.0,0.0,,0.0,expirationDay
2019-06-24,883.0,-4.0,0.0,0,293.64,0.0,1,0.87,0.91,SPY190705P00286000,286.0,0,0.0,0.0,,0.0,normalDay
2019-06-25,883.0,-58.0,0.0,0,290.76,0.0,1,0.87,1.45,SPY190705P00286000,286.0,0,0.0,0.0,,0.0,normalDay
2019-06-26,883.0,-53.0,0.0,0,290.47,0.0,1,0.87,1.4,SPY190705P00286000,286.0,0,0.0,0.0,,0.0,normalDay
2019-06-27,883.0,-7.0,0.0,0,291.5,0.0,1,0.87,0.94,SPY190705P00286000,286.0,0,0.0,0.0,,0.0,normalDay
2019-06-28,883.0,27.0,0.0,0,293.0,0.0,1,0.87,0.6,SPY190705P00286000,286.0,0,0.0,0.0,,0.0,normalDay
2019-07-01,883.0,80.0,0.0,0,295.66,0.0,1,0.87,0.07,SPY190705P00286000,286.0,0,0.0,0.0,,0.0,normalDay
2019-07-02,883.0,83.0,0.0,0,296.43,0.0,1,0.87,0.04,SPY190705P00286000,286.0,0,0.0,0.0,,0.0,normalDay
2019-07-03,883.0,85.0,0.0,0,298.8,0.0,1,0.87,0.02,SPY190705P00286000,286.0,0,0.0,0.0,,0.0,normalDay
2019-07-05,970.0,0.0,87.0,0,298.46,0.0,1,0.87,0.0,SPY190705P00286000,286.0,0,0.0,0.0,,0.0,expirationDay
2019-07-08,970.0,-3.0,0.0,0,296.82,0.0,1,0.77,0.8,SPY190719P00293000,293.0,0,0.0,0.0,,0.0,normalDay
2019-07-09,970.0,3.0,0.0,0,297.19,0.0,1,0.77,0.74,SPY190719P00293000,293.0,0,0.0,0.0,,0.0,normalDay
2019-07-10,970.0,40.0,0.0,0,298.61,0.0,1,0.77,0.37,SPY190719P00293000,293.0,0,0.0,0.0,,0.0,normalDay
2019-07-11,970.0,49.0,0.0,0,299.31,0.0,1,0.77,0.28,SPY190719P00293000,293.0,0,0.0,0.0,,0.0,normalDay
2019-07-12,970.0,61.0,0.0,0,300.65,0.0,1,0.77,0.16,SPY190719P00293000,293.0,0,0.0,0.0,,0.0,normalDay
2019-07-15,970.0,65.0,0.0,0,300.75,0.0,1,0.77,0.12,SPY190719P00293000,293.0,0,0.0,0.0,,0.0,normalDay
2019-07-16,970.0,67.0,0.0,0,299.78,0.0,1,0.77,0.1,SPY190719P00293000,293.0,0,0.0,0.0,,0.0,normalDay
2019-07-17,970.0,65.0,0.0,0,297.74,0.0,1,0.77,0.12,SPY190719P00293000,293.0,0,0.0,0.0,,0.0,normalDay
2019-07-18,970.0,72.0,0.0,0,298.83,0.0,1,0.77,0.05,SPY190719P00293000,293.0,0,0.0,0.0,,0.0,normalDay
2019-07-19,1047.0,0.0,77.0,0,297.17,0.0,1,0.77,0.0,SPY190719P00293000,293.0,0,0.0,0.0,,0.0,expirationDay
2019-07-22,1047.0,-4.0,0.0,0,297.9,0.0,1,2.09,2.13,SPY190802P00297000,297.0,0,0.0,0.0,,0.0,normalDay
2019-07-23,1047.0,80.0,0.0,0,300.03,0.0,1,2.09,1.29,SPY190802P00297000,297.0,0,0.0,0.0,,0.0,normalDay
2019-07-24,1047.0,125.0,0.0,0,301.44,0.0,1,2.09,0.84,SPY190802P00297000,297.0,0,0.0,0.0,,0.0,normalDay
2019-07-25,1047.0,100.0,0.0,0,300.0,0.0,1,2.09,1.09,SPY190802P00297000,297.0,0,0.0,0.0,,0.0,normalDay
2019-07-26,1047.0,155.0,0.0,0,302.01,0.0,1,2.09,0.54,SPY190802P00297000,297.0,0,0.0,0.0,,0.0,normalDay
2019-07-29,1047.0,164.0,0.0,0,301.46,0.0,1,2.09,0.45,SPY190802P00297000,297.0,0,0.0,0.0,,0.0,normalDay
2019-07-30,1047.0,135.0,0.0,0,300.72,0.0,1,2.09,0.74,SPY190802P00297000,297.0,0,0.0,0.0,,0.0,normalDay
2019-07-31,1047.0,36.0,0.0,0,297.43,0.0,1,2.09,1.73,SPY190802P00297000,297.0,0,0.0,0.0,,0.0,normalDay
2019-08-01,1047.0,-33.0,0.0,0,294.84,0.0,1,2.09,2.42,SPY190802P00297000,297.0,0,0.0,0.0,,0.0,normalDay
2019-08-02,1256.0,-438.0,209.0,100,292.62,297.0,1,2.09,0.0,SPY190802P00297000,297.0,0,0.0,0.0,,0.0,expirationDay
2019-08-05,1256.0,-1321.0,0.0,100,283.82,297.0,0,0.0,0.0,,0.0,1,0.02,0.05,SPY190812C00299000,299.0,normalDay
2019-08-06,1256.0,-922.0,0.0,100,287.8,297.0,0,0.0,0.0,,0.0,1,0.02,0.04,SPY190812C00299000,299.0,normalDay
2019-08-07,1256.0,-903.0,0.0,100,287.97,297.0,0,0.0,0.0,,0.0,1,0.02,0.02,SPY190812C00299000,299.0,normalDay
2019-08-08,1256.0,-341.0,0.0,100,293.62,297.0,0,0.0,0.0,,0.0,1,0.02,0.05,SPY190812C00299000,299.0,normalDay
2019-08-09,1256.0,-537.0,0.0,100,291.62,297.0,0,0.0,0.0,,0.0,1,0.02,0.01,SPY190812C00299000,299.0,normalDay
2019-08-12,1258.0,-893.0,2.0,100,288.07,297.0,0,0.0,0.0,,0.0,1,0.02,0.0,SPY190812C00299000,299.0,expirationDay
2019-08-13,1258.0,-448.0,0.0,100,292.55,297.0,0,0.0,0.0,,0.0,1,0.7,0.73,SPY190821C00297000,297.0,normalDay
2019-08-14,1258.0,-1246.0,0.0,100,283.9,297.0,0,0.0,0.0,,0.0,1,0.7,0.06,SPY190821C00297000,297.0,normalDay
2019-08-15,1258.0,-1169.0,0.0,100,284.65,297.0,0,0.0,0.0,,0.0,1,0.7,0.04,SPY190821C00297000,297.0,normalDay
2019-08-16,1258.0,-749.0,0.0,100,288.85,297.0,0,0.0,0.0,,0.0,1,0.7,0.04,SPY190821C00297000,297.0,normalDay
2019-08-19,1258.0,-403.0,0.0,100,292.33,297.0,0,0.0,0.0,,0.0,1,0.7,0.06,SPY190821C00297000,297.0,normalDay
2019-08-20,1258.0,-623.0,0.0,100,290.09,297.0,0,0.0,0.0,,0.0,1,0.7,0.02,SPY190821C00297000,297.0,normalDay
2019-08-21,1328.0,-455.0,70.0,100,292.45,297.0,0,0.0,0.0,,0.0,1,0.7,0.0,SPY190821C00297000,297.0,expirationDay
2019-08-22,1328.0,-468.0,0.0,100,292.36,297.0,0,0.0,0.0,,0.0,1,1.76,1.8,SPY190830C00294000,294.0,normalDay
2019-08-23,1328.0,-1074.0,0.0,100,284.85,297.0,0,0.0,0.0,,0.0,1,1.76,0.35,SPY190830C00294000,294.0,normalDay
2019-08-26,1328.0,-757.0,0.0,100,288.0,297.0,0,0.0,0.0,,0.0,1,1.76,0.33,SPY190830C00294000,294.0,normalDay
2019-08-27,1328.0,-852.0,0.0,100,286.87,297.0,0,0.0,0.0,,0.0,1,1.76,0.15,SPY190830C00294000,294.0,normalDay
2019-08-28,1328.0,-650.0,0.0,100,288.89,297.0,0,0.0,0.0,,0.0,1,1.76,0.15,SPY190830C00294000,294.0,normalDay
2019-08-29,1328.0,-305.0,0.0,100,292.58,297.0,0,0.0,0.0,,0.0,1,1.76,0.39,SPY190830C00294000,294.0,normalDay
2019-08-30,1504.0,-455.0,176.0,100,292.45,297.0,0,0.0,0.0,,0.0,1,1.76,0.0,SPY190830C00294000,294.0,expirationDay
2019-09-03,1504.0,-630.0,0.0,100,290.74,297.0,0,0.0,0.0,,0.0,1,3.4,3.44,SPY190911C00290000,290.0,normalDay
2019-09-04,1504.0,-469.0,0.0,100,294.04,297.0,0,0.0,0.0,,0.0,1,3.4,5.13,SPY190911C00290000,290.0,normalDay
2019-09-05,1504.0,-359.0,0.0,100,297.82,297.0,0,0.0,0.0,,0.0,1,3.4,7.81,SPY190911C00290000,290.0,normalDay
2019-09-06,1504.0,-389.0,0.0,100,298.05,297.0,0,0.0,0.0,,0.0,1,3.4,8.34,SPY190911C00290000,290.0,normalDay
2019-09-09,1504.0,-353.0,0.0,100,298.2,297.0,0,0.0,0.0,,0.0,1,3.4,8.13,SPY190911C00290000,290.0,normalDay
2019-09-10,1504.0,-351.0,0.0,100,298.13,297.0,0,0.0,0.0,,0.0,1,3.4,8.04,SPY190911C00290000,290.0,normalDay
2019-09-11,1144.0,-351.0,-360.0,0,300.25,0.0,0,0.0,0.0,,0.0,1,3.4,0.0,SPY190911C00290000,290.0,expirationDay
2019-09-12,1144.0,-4.0,0.0,0,301.29,0.0,1,0.79,0.83,SPY190925P00293000,293.0,0,0.0,0.0,,0.0,normalDay
2019-09-13,1144.0,6.0,0.0,0,301.09,0.0,1,0.79,0.73,SPY190925P00293000,293.0,0,0.0,0.0,,0.0,normalDay
2019-09-16,1144.0,-1.0,0.0,0,300.16,0.0,1,0.79,0.8,SPY190925P00293000,293.0,0,0.0,0.0,,0.0,normalDay
2019-09-17,1144.0,13.0,0.0,0,300.92,0.0,1,0.79,0.66,SPY190925P00293000,293.0,0,0.0,0.0,,0.0,normalDay
2019-09-18,1144.0,31.0,0.0,0,301.1,0.0,1,0.79,0.48,SPY190925P00293000,293.0,0,0.0,0.0,,0.0,normalDay
2019-09-19,1144.0,44.0,0.0,0,301.08,0.0,1,0.79,0.35,SPY190925P00293000,293.0,0,0.0,0.0,,0.0,normalDay
2019-09-20,1144.0,35.0,0.0,0,298.28,0.0,1,0.79,0.44,SPY190925P00293000,293.0,0,0.0,0.0,,0.0,normalDay
2019-09-23,1144.0,70.0,0.0,0,298.21,0.0,1,0.79,0.09,SPY190925P00293000,293.0,0,0.0,0.0,,0.0,normalDay
2019-09-24,1144.0,51.0,0.0,0,295.87,0.0,1,0.79,0.28,SPY190925P00293000,293.0,0,0.0,0.0,,0.0,normalDay
2019-09-25,1223.0,0.0,79.0,0,297.62,0.0,1,0.79,0.0,SPY190925P00293000,293.0,0,0.0,0.0,,0.0,expirationDay
2019-09-26,1223.0,-5.0,0.0,0,297.0,0.0,1,3.04,3.09,SPY191009P00298000,298.0,0,0.0,0.0,,0.0,normalDay
2019-09-27,1223.0,-106.0,0.0,0,295.4,0.0,1,3.04,4.1,SPY191009P00298000,298.0,0,0.0,0.0,,0.0,normalDay
2019-09-30,1223.0,33.0,0.0,0,296.77,0.0,1,3.04,2.71,SPY191009P00298000,298.0,0,0.0,0.0,,0.0,normalDay
2019-10-01,1223.0,-227.0,0.0,0,293.24,0.0,1,3.04,5.31,SPY191009P00298000,298.0,0,0.0,0.0,,0.0,normalDay
2019-10-02,1223.0,-759.0,0.0,0,288.06,0.0,1,3.04,10.63,SPY191009P00298000,298.0,0,0.0,0.0,,0.0,normalDay
2019-10-03,1223.0,-468.0,0.0,0,290.42,0.0,1,3.04,7.72,SPY191009P00298000,298.0,0,0.0,0.0,,0.0,normalDay
2019-10-04,1223.0,-93.0,0.0,0,294.35,0.0,1,3.04,3.97,SPY191009P00298000,298.0,0,0.0,0.0,,0.0,normalDay
2019-10-07,1223.0,-207.0,0.0,0,293.08,0.0,1,3.04,5.11,SPY191009P00298000,298.0,0,0.0,0.0,,0.0,normalDay
2019-10-08,1223.0,-642.0,0.0,0,288.53,0.0,1,3.04,9.46,SPY191009P00298000,298.0,0,0.0,0.0,,0.0,normalDay
2019-10-09,1527.0,-673.0,304.0,100,291.27,298.0,1,3.04,0.0,SPY191009P00298000,298.0,0,0.0,0.0,,0.0,expirationDay
2019-10-10,1527.0,-479.0,0.0,100,293.24,298.0,0,0.0,0.0,,0.0,1,1.34,1.37,SPY191018C00297000,297.0,normalDay
2019-10-11,1527.0,-254.0,0.0,100,296.28,298.0,0,0.0,0.0,,0.0,1,1.34,2.16,SPY191018C00297000,297.0,normalDay
2019-10-14,1527.0,-188.0,0.0,100,295.95,298.0,0,0.0,0.0,,0.0,1,1.34,1.17,SPY191018C00297000,297.0,normalDay
2019-10-15,1527.0,-49.0,0.0,100,298.88,298.0,0,0.0,0.0,,0.0,1,1.34,2.71,SPY191018C00297000,297.0,normalDay
2019-10-16,1527.0,-39.0,0.0,100,298.4,298.0,0,0.0,0.0,,0.0,1,1.34,2.13,SPY191018C00297000,297.0,normalDay
2019-10-17,1527.0,23.0,0.0,100,299.28,298.0,0,0.0,0.0,,0.0,1,1.34,2.39,SPY191018C00297000,297.0,normalDay
2019-10-18,1561.0,23.0,34.0,0,297.97,0.0,0,0.0,0.0,,0.0,1,1.34,0.0,SPY191018C00297000,297.0,expirationDay
2019-10-21,1561.0,-3.0,0.0,0,299.99,0.0,1,0.99,1.02,SPY191101P00295000,295.0,0,0.0,0.0,,0.0,normalDay
2019-10-22,1561.0,-22.0,0.0,0,299.01,0.0,1,0.99,1.21,SPY191101P00295000,295.0,0,0.0,0.0,,0.0,normalDay
2019-10-23,1561.0,19.0,0.0,0,299.88,0.0,1,0.99,0.8,SPY191101P00295000,295.0,0,0.0,0.0,,0.0,normalDay
2019-10-24,1561.0,39.0,0.0,0,300.37,0.0,1,0.99,0.6,SPY191101P00295000,295.0,0,0.0,0.0,,0.0,normalDay
2019-10-25,1561.0,72.0,0.0,0,301.6,0.0,1,0.99,0.27,SPY191101P00295000,295.0,0,0.0,0.0,,0.0,normalDay
2019-10-28,1561.0,86.0,0.0,0,303.3,0.0,1,0.99,0.13,SPY191101P00295000,295.0,0,0.0,0.0,,0.0,normalDay
2019-10-29,1561.0,88.0,0.0,0,303.21,0.0,1,0.99,0.11,SPY191101P00295000,295.0,0,0.0,0.0,,0.0,normalDay
2019-10-30,1561.0,95.0,0.0,0,304.14,0.0,1,0.99,0.04,SPY191101P00295000,295.0,0,0.0,0.0,,0.0,normalDay
2019-10-31,1561.0,97.0,0.0,0,303.33,0.0,1,0.99,0.02,SPY191101P00295000,295.0,0,0.0,0.0,,0.0,normalDay
2019-11-01,1660.0,0.0,99.0,0,306.14,0.0,1,0.99,0.0,SPY191101P00295000,295.0,0,0.0,0.0,,0.0,expirationDay
2019-11-04,1660.0,-3.0,0.0,0,307.37,0.0,1,0.39,0.42,SPY191115P00299000,299.0,0,0.0,0.0,,0.0,normalDay
2019-11-05,1660.0,0.0,0.0,0,307.03,0.0,1,0.39,0.39,SPY191115P00299000,299.0,0,0.0,0.0,,0.0,normalDay
2019-11-06,1660.0,15.0,0.0,0,307.1,0.0,1,0.39,0.24,SPY191115P00299000,299.0,0,0.0,0.0,,0.0,normalDay
2019-11-07,1660.0,22.0,0.0,0,308.18,0.0,1,0.39,0.17,SPY191115P00299000,299.0,0,0.0,0.0,,0.0,normalDay
2019-11-08,1660.0,32.0,0.0,0,308.94,0.0,1,0.39,0.07,SPY191115P00299000,299.0,0,0.0,0.0,,0.0,normalDay
2019-11-11,1660.0,34.0,0.0,0,308.35,0.0,1,0.39,0.05,SPY191115P00299000,299.0,0,0.0,0.0,,0.0,normalDay
2019-11-12,1660.0,36.0,0.0,0,309.0,0.0,1,0.39,0.03,SPY191115P00299000,299.0,0,0.0,0.0,,0.0,normalDay
2019-11-13,1660.0,36.0,0.0,0,309.1,0.0,1,0.39,0.03,SPY191115P00299000,299.0,0,0.0,0.0,,0.0,normalDay
2019-11-14,1660.0,37.0,0.0,0,309.55,0.0,1,0.39,0.02,SPY191115P00299000,299.0,0,0.0,0.0,,0.0,normalDay
2019-11-15,1699.0,0.0,39.0,0,311.79,0.0,1,0.39,0.0,SPY191115P00299000,299.0,0,0.0,0.0,,0.0,expirationDay
2019-11-18,1699.0,-3.0,0.0,0,312.02,0.0,1,0.54,0.57,SPY191129P00306000,306.0,0,0.0,0.0,,0.0,normalDay
2019-11-19,1699.0,2.0,0.0,0,311.93,0.0,1,0.54,0.52,SPY191129P00306000,306.0,0,0.0,0.0,,0.0,normalDay
2019-11-20,1699.0,-7.0,0.0,0,310.77,0.0,1,0.54,0.61,SPY191129P00306000,306.0,0,0.0,0.0,,0.0,normalDay
2019-11-21,1699.0,-1.0,0.0,0,310.27,0.0,1,0.54,0.55,SPY191129P00306000,306.0,0,0.0,0.0,,0.0,normalDay
2019-11-22,1699.0,29.0,0.0,0,310.96,0.0,1,0.54,0.25,SPY191129P00306000,306.0,0,0.0,0.0,,0.0,normalDay
2019-11-25,1699.0,45.0,0.0,0,313.37,0.0,1,0.54,0.09,SPY191129P00306000,306.0,0,0.0,0.0,,0.0,normalDay
2019-11-26,1699.0,48.0,0.0,0,314.08,0.0,1,0.54,0.06,SPY191129P00306000,306.0,0,0.0,0.0,,0.0,normalDay
2019-11-27,1699.0,52.0,0.0,0,315.48,0.0,1,0.54,0.02,SPY191129P00306000,306.0,0,0.0,0.0,,0.0,normalDay
2019-11-29,1753.0,0.0,54.0,0,314.31,0.0,1,0.54,0.0,SPY191129P00306000,306.0,0,0.0,0.0,,0.0,expirationDay
2019-12-02,1753.0,-3.0,0.0,0,311.64,0.0,1,2.45,2.48,SPY191213P00311000,311.0,0,0.0,0.0,,0.0,normalDay
2019-12-03,1753.0,-118.0,0.0,0,309.55,0.0,1,2.45,3.63,SPY191213P00311000,311.0,0,0.0,0.0,,0.0,normalDay
2019-12-04,1753.0,-7.0,0.0,0,311.46,0.0,1,2.45,2.52,SPY191213P00311000,311.0,0,0.0,0.0,,0.0,normalDay
2019-12-05,1753.0,60.0,0.0,0,312.02,0.0,1,2.45,1.85,SPY191213P00311000,311.0,0,0.0,0.0,,0.0,normalDay
2019-12-06,1753.0,169.0,0.0,0,314.87,0.0,1,2.45,0.76,SPY191213P00311000,311.0,0,0.0,0.0,,0.0,normalDay
2019-12-09,1753.0,151.0,0.0,0,313.88,0.0,1,2.45,0.94,SPY191213P00311000,311.0,0,0.0,0.0,,0.0,normalDay
2019-12-10,1753.0,177.0,0.0,0,313.53,0.0,1,2.45,0.68,SPY191213P00311000,311.0,0,0.0,0.0,,0.0,normalDay
2019-12-11,1753.0,214.0,0.0,0,314.42,0.0,1,2.45,0.31,SPY191213P00311000,311.0,0,0.0,0.0,,0.0,normalDay
2019-12-12,1753.0,235.0,0.0,0,317.13,0.0,1,2.45,0.1,SPY191213P00311000,311.0,0,0.0,0.0,,0.0,normalDay
2019-12-13,1998.0,0.0,245.0,0,317.32,0.0,1,2.45,0.0,SPY191213P00311000,311.0,0,0.0,0.0,,0.0,expirationDay
2019-12-16,1998.0,-4.0,0.0,0,319.5,0.0,1,0.72,0.76,SPY191227P00313500,313.5,0,0.0,0.0,,0.0,normalDay
2019-12-17,1998.0,7.0,0.0,0,319.57,0.0,1,0.72,0.65,SPY191227P00313500,313.5,0,0.0,0.0,,0.0,normalDay
2019-12-18,1998.0,21.0,0.0,0,319.59,0.0,1,0.72,0.51,SPY191227P00313500,313.5,0,0.0,0.0,,0.0,normalDay
2019-12-19,1998.0,50.0,0.0,0,320.9,0.0,1,0.72,0.22,SPY191227P00313500,313.5,0,0.0,0.0,,0.0,normalDay
2019-12-20,1998.0,60.0,0.0,0,320.73,0.0,1,0.72,0.12,SPY191227P00313500,313.5,0,0.0,0.0,,0.0,normalDay
2019-12-23,1998.0,66.0,0.0,0,321.22,0.0,1,0.72,0.06,SPY191227P00313500,313.5,0,0.0,0.0,,0.0,normalDay
2019-12-24,1998.0,69.0,0.0,0,321.23,0.0,1,0.72,0.03,SPY191227P00313500,313.5,0,0.0,0.0,,0.0,normalDay
2019-12-26,1998.0,71.0,0.0,0,322.94,0.0,1,0.72,0.01,SPY191227P00313500,313.5,0,0.0,0.0,,0.0,normalDay
2019-12-27,2070.0,0.0,72.0,0,322.86,0.0,1,0.72,0.0,SPY191227P00313500,313.5,0,0.0,0.0,,0.0,expirationDay
2019-12-30,2070.0,-3.0,0.0,0,321.08,0.0,1,1.38,1.41,SPY200110P00317500,317.5,0,0.0,0.0,,0.0,normalDay
2019-12-31,2070.0,40.0,0.0,0,321.86,0.0,1,1.38,0.98,SPY200110P00317500,317.5,0,0.0,0.0,,0.0,normalDay
2020-01-02,2070.0,107.0,0.0,0,324.87,0.0,1,1.38,0.31,SPY200110P00317500,317.5,0,0.0,0.0,,0.0,normalDay
2020-01-03,2070.0,68.0,0.0,0,322.41,0.0,1,1.38,0.7,SPY200110P00317500,317.5,0,0.0,0.0,,0.0,normalDay
2020-01-06,2070.0,114.0,0.0,0,323.64,0.0,1,1.38,0.24,SPY200110P00317500,317.5,0,0.0,0.0,,0.0,normalDay
2020-01-07,2070.0,112.0,0.0,0,322.73,0.0,1,1.38,0.26,SPY200110P00317500,317.5,0,0.0,0.0,,0.0,normalDay
2020-01-08,2070.0,124.0,0.0,0,324.45,0.0,1,1.38,0.14,SPY200110P00317500,317.5,0,0.0,0.0,,0.0,normalDay
2020-01-09,2070.0,135.0,0.0,0,326.65,0.0,1,1.38,0.03,SPY200110P00317500,317.5,0,0.0,0.0,,0.0,normalDay
2020-01-10,2208.0,0.0,138.0,0,325.71,0.0,1,1.38,0.0,SPY200110P00317500,317.5,0,0.0,0.0,,0.0,expirationDay
2020-01-13,2208.0,-3.0,0.0,0,327.95,0.0,1,0.63,0.66,SPY200124P00322500,322.5,0,0.0,0.0,,0.0,normalDay
2020-01-14,2208.0,-2.0,0.0,0,327.45,0.0,1,0.63,0.65,SPY200124P00322500,322.5,0,0.0,0.0,,0.0,normalDay
2020-01-15,2208.0,18.0,0.0,0,328.19,0.0,1,0.63,0.45,SPY200124P00322500,322.5,0,0.0,0.0,,0.0,normalDay
2020-01-16,2208.0,40.0,0.0,0,330.92,0.0,1,0.63,0.23,SPY200124P00322500,322.5,0,0.0,0.0,,0.0,normalDay
2020-01-17,2208.0,54.0,0.0,0,331.95,0.0,1,0.63,0.09,SPY200124P00322500,322.5,0,0.0,0.0,,0.0,normalDay
2020-01-21,2208.0,56.0,0.0,0,331.3,0.0,1,0.63,0.07,SPY200124P00322500,322.5,0,0.0,0.0,,0.0,normalDay
2020-01-22,2208.0,60.0,0.0,0,331.34,0.0,1,0.63,0.03,SPY200124P00322500,322.5,0,0.0,0.0,,0.0,normalDay
2020-01-23,2208.0,61.0,0.0,0,331.72,0.0,1,0.63,0.02,SPY200124P00322500,322.5,0,0.0,0.0,,0.0,normalDay
2020-01-24,2271.0,0.0,63.0,0,328.77,0.0,1,0.63,0.0,SPY200124P00322500,322.5,0,0.0,0.0,,0.0,expirationDay
2020-01-27,2271.0,-5.0,0.0,0,323.5,0.0,1,5.2,5.25,SPY200207P00326000,326.0,0,0.0,0.0,,0.0,normalDay
2020-01-28,2271.0,214.0,0.0,0,326.89,0.0,1,5.2,3.06,SPY200207P00326000,326.0,0,0.0,0.0,,0.0,normalDay
2020-01-29,2271.0,215.0,0.0,0,326.62,0.0,1,5.2,3.05,SPY200207P00326000,326.0,0,0.0,0.0,,0.0,normalDay
2020-01-30,2271.0,321.0,0.0,0,327.68,0.0,1,5.2,1.99,SPY200207P00326000,326.0,0,0.0,0.0,,0.0,normalDay
2020-01-31,2271.0,-28.0,0.0,0,321.73,0.0,1,5.2,5.48,SPY200207P00326000,326.0,0,0.0,0.0,,0.0,normalDay
2020-02-03,2271.0,145.0,0.0,0,324.12,0.0,1,5.2,3.75,SPY200207P00326000,326.0,0,0.0,0.0,,0.0,normalDay
2020-02-04,2271.0,425.0,0.0,0,329.06,0.0,1,5.2,0.95,SPY200207P00326000,326.0,0,0.0,0.0,,0.0,normalDay
2020-02-05,2271.0,506.0,0.0,0,332.86,0.0,1,5.2,0.14,SPY200207P00326000,326.0,0,0.0,0.0,,0.0,normalDay
2020-02-06,2271.0,517.0,0.0,0,333.98,0.0,1,5.2,0.03,SPY200207P00326000,326.0,0,0.0,0.0,,0.0,normalDay
2020-02-07,2791.0,0.0,520.0,0,332.2,0.0,1,5.2,0.0,SPY200207P00326000,326.0,0,0.0,0.0,,0.0,expirationDay
2020-02-10,2791.0,-4.0,0.0,0,334.68,0.0,1,1.08,1.12,SPY200221P00329000,329.0,0,0.0,0.0,,0.0,normalDay
2020-02-11,2791.0,13.0,0.0,0,335.26,0.0,1,1.08,0.95,SPY200221P00329000,329.0,0,0.0,0.0,,0.0,normalDay
2020-02-12,2791.0,64.0,0.0,0,337.42,0.0,1,1.08,0.44,SPY200221P00329000,329.0,0,0.0,0.0,,0.0,normalDay
2020-02-13,2791.0,62.0,0.0,0,337.06,0.0,1,1.08,0.46,SPY200221P00329000,329.0,0,0.0,0.0,,0.0,normalDay
2020-02-14,2791.0,81.0,0.0,0,337.6,0.0,1,1.08,0.27,SPY200221P00329000,329.0,0,0.0,0.0,,0.0,normalDay
2020-02-18,2791.0,91.0,0.0,0,336.73,0.0,1,1.08,0.17,SPY200221P00329000,329.0,0,0.0,0.0,,0.0,normalDay
2020-02-19,2791.0,102.0,0.0,0,338.34,0.0,1,1.08,0.06,SPY200221P00329000,329.0,0,0.0,0.0,,0.0,normalDay
2020-02-20,2791.0,104.0,0.0,0,336.95,0.0,1,1.08,0.04,SPY200221P00329000,329.0,0,0.0,0.0,,0.0,normalDay
2020-02-21,2899.0,0.0,108.0,0,333.48,0.0,1,1.08,0.0,SPY200221P00329000,329.0,0,0.0,0.0,,0.0,expirationDay
2020-02-24,2899.0,-9.0,0.0,0,322.42,0.0,1,10.37,10.46,SPY200306P00331000,331.0,0,0.0,0.0,,0.0,normalDay
2020-02-25,2899.0,-789.0,0.0,0,312.65,0.0,1,10.37,18.26,SPY200306P00331000,331.0,0,0.0,0.0,,0.0,normalDay
2020-02-26,2899.0,-988.0,0.0,0,311.5,0.0,1,10.37,20.25,SPY200306P00331000,331.0,0,0.0,0.0,,0.0,normalDay
2020-02-27,2899.0,-2341.0,0.0,0,297.51,0.0,1,10.37,33.78,SPY200306P00331000,331.0,0,0.0,0.0,,0.0,normalDay
2020-02-28,2899.0,-2420.0,0.0,0,296.26,0.0,1,10.37,34.57,SPY200306P00331000,331.0,0,0.0,0.0,,0.0,normalDay
2020-03-02,2899.0,-1167.0,0.0,0,309.09,0.0,1,10.37,22.04,SPY200306P00331000,331.0,0,0.0,0.0,,0.0,normalDay
2020-03-03,2899.0,-1927.0,0.0,0,300.24,0.0,1,10.37,29.64,SPY200306P00331000,331.0,0,0.0,0.0,,0.0,normalDay
2020-03-04,2899.0,-885.0,0.0,0,312.86,0.0,1,10.37,19.22,SPY200306P00331000,331.0,0,0.0,0.0,,0.0,normalDay
2020-03-05,2899.0,-1867.0,0.0,0,302.46,0.0,1,10.37,29.04,SPY200306P00331000,331.0,0,0.0,0.0,,0.0,normalDay
2020-03-06,3936.0,-3354.0,1037.0,100,297.46,331.0,1,10.37,0.0,SPY200306P00331000,331.0,0,0.0,0.0,,0.0,expirationDay
2020-03-09,3936.0,-5677.0,0.0,100,274.23,331.0,0,0.0,0.0,,0.0,0,0.0,0.0,,0.0,bidTooLow
2020-03-10,3936.0,-4261.0,0.0,100,288.42,331.0,0,0.0,0.0,,0.0,1,0.04,0.07,SPY200318C00322000,322.0,normalDay
2020-03-11,3936.0,-5664.0,0.0,100,274.36,331.0,0,0.0,0.0,,0.0,1,0.04,0.04,SPY200318C00322000,322.0,normalDay
2020-03-12,3936.0,-8288.0,0.0,100,248.11,331.0,0,0.0,0.0,,0.0,1,0.04,0.03,SPY200318C00322000,322.0,normalDay
2020-03-13,3936.0,-6166.0,0.0,100,269.32,331.0,0,0.0,0.0,,0.0,1,0.04,0.02,SPY200318C00322000,322.0,normalDay
2020-03-16,3936.0,-9113.0,0.0,100,239.85,331.0,0,0.0,0.0,,0.0,1,0.04,0.02,SPY200318C00322000,322.0,normalDay
2020-03-17,3936.0,-7817.0,0.0,100,252.8,331.0,0,0.0,0.0,,0.0,1,0.04,0.01,SPY200318C00322000,322.0,normalDay
2020-03-18,3940.0,-9100.0,4.0,100,240.0,331.0,0,0.0,0.0,,0.0,1,0.04,0.0,SPY200318C00322000,322.0,expirationDay
2020-03-19,3940.0,-9052.0,0.0,100,240.51,331.0,0,0.0,0.0,,0.0,1,0.1,0.13,SPY200327C00295000,295.0,normalDay
2020-03-20,3940.0,-10215.0,0.0,100,228.8,331.0,0,0.0,0.0,,0.0,1,0.1,0.05,SPY200327C00295000,295.0,normalDay
2020-03-23,3940.0,-10798.0,0.0,100,222.95,331.0,0,0.0,0.0,,0.0,1,0.1,0.03,SPY200327C00295000,295.0,normalDay
2020-03-24,3940.0,-8779.0,0.0,100,243.15,331.0,0,0.0,0.0,,0.0,1,0.1,0.04,SPY200327C00295000,295.0,normalDay
2020-03-25,3940.0,-8412.0,0.0,100,246.79,331.0,0,0.0,0.0,,0.0,1,0.1,0.01,SPY200327C00295000,295.0,normalDay
2020-03-26,3940.0,-6971.0,0.0,100,261.2,331.0,0,0.0,0.0,,0.0,1,0.1,0.01,SPY200327C00295000,295.0,normalDay
2020-03-27,3950.0,-7758.0,10.0,100,253.42,331.0,0,0.0,0.0,,0.0,1,0.1,0.0,SPY200327C00295000,295.0,expirationDay
2020-03-30,3950.0,-6948.0,0.0,100,261.65,331.0,0,0.0,0.0,,0.0,1,3.18,3.31,SPY200406C00271000,271.0,normalDay
2020-03-31,3950.0,-7107.0,0.0,100,257.75,331.0,0,0.0,0.0,,0.0,1,3.18,1.0,SPY200406C00271000,271.0,normalDay
2020-04-01,3950.0,-8186.0,0.0,100,246.15,331.0,0,0.0,0.0,,0.0,1,3.18,0.19,SPY200406C00271000,271.0,normalDay
2020-04-02,3950.0,-7619.0,0.0,100,251.83,331.0,0,0.0,0.0,,0.0,1,3.18,0.2,SPY200406C00271000,271.0,normalDay
2020-04-03,3950.0,-7965.0,0.0,100,248.19,331.0,0,0.0,0.0,,0.0,1,3.18,0.02,SPY200406C00271000,271.0,normalDay
2020-04-06,4268.0,-6614.0,318.0,100,264.86,331.0,0,0.0,0.0,,0.0,1,3.18,0.0,SPY200406C00271000,271.0,expirationDay
2020-04-07,4268.0,-6607.0,0.0,100,265.13,331.0,0,0.0,0.0,,0.0,1,12.89,13.09,SPY200415C00255000,255.0,normalDay
2020-04-08,4268.0,-6443.0,0.0,100,274.03,331.0,0,0.0,0.0,,0.0,1,12.89,20.35,SPY200415C00255000,255.0,normalDay
2020-04-09,4268.0,-6387.0,0.0,100,278.2,331.0,0,0.0,0.0,,0.0,1,12.89,23.96,SPY200415C00255000,255.0,normalDay
2020-04-13,4268.0,-6324.0,0.0,100,275.66,331.0,0,0.0,0.0,,0.0,1,12.89,20.79,SPY200415C00255000,255.0,normalDay
2020-04-14,4268.0,-6348.0,0.0,100,283.79,331.0,0,0.0,0.0,,0.0,1,12.89,29.16,SPY200415C00255000,255.0,normalDay
2020-04-15,-2043.0,-6348.0,-6311.0,0,277.76,0.0,0,0.0,0.0,,0.0,1,12.89,0.0,SPY200415C00255000,255.0,expirationDay
2020-04-16,-2043.0,-5.0,0.0,0,279.1,0.0,1,2.29,2.34,SPY200429P00258000,258.0,0,0.0,0.0,,0.0,normalDay
2020-04-17,-2043.0,130.0,0.0,0,286.64,0.0,1,2.29,0.99,SPY200429P00258000,258.0,0,0.0,0.0,,0.0,normalDay
2020-04-20,-2043.0,89.0,0.0,0,281.59,0.0,1,2.29,1.4,SPY200429P00258000,258.0,0,0.0,0.0,,0.0,normalDay
2020-04-21,-2043.0,3.0,0.0,0,273.04,0.0,1,2.29,2.26,SPY200429P00258000,258.0,0,0.0,0.0,,0.0,normalDay
2020-04-22,-2043.0,140.0,0.0,0,279.1,0.0,1,2.29,0.89,SPY200429P00258000,258.0,0,0.0,0.0,,0.0,normalDay
2020-04-23,-2043.0,174.0,0.0,0,279.08,0.0,1,2.29,0.55,SPY200429P00258000,258.0,0,0.0,0.0,,0.0,normalDay
2020-04-24,-2043.0,221.0,0.0,0,282.97,0.0,1,2.29,0.08,SPY200429P00258000,258.0,0,0.0,0.0,,0.0,normalDay
2020-04-27,-2043.0,227.0,0.0,0,287.05,0.0,1,2.29,0.02,SPY200429P00258000,258.0,0,0.0,0.0,,0.0,normalDay
2020-04-28,-2043.0,228.0,0.0,0,285.73,0.0,1,2.29,0.01,SPY200429P00258000,258.0,0,0.0,0.0,,0.0,normalDay
2020-04-29,-1814.0,0.0,229.0,0,293.21,0.0,1,2.29,0.0,SPY200429P00258000,258.0,0,0.0,0.0,,0.0,expirationDay
2020-04-30,-1814.0,-6.0,0.0,0,290.48,0.0,1,2.9,2.96,SPY200513P00277000,277.0,0,0.0,0.0,,0.0,normalDay
2020-05-01,-1814.0,-185.0,0.0,0,282.79,0.0,1,2.9,4.75,SPY200513P00277000,277.0,0,0.0,0.0,,0.0,normalDay
2020-05-04,-1814.0,-63.0,0.0,0,283.57,0.0,1,2.9,3.53,SPY200513P00277000,277.0,0,0.0,0.0,,0.0,normalDay
2020-05-05,-1814.0,59.0,0.0,0,286.19,0.0,1,2.9,2.31,SPY200513P00277000,277.0,0,0.0,0.0,,0.0,normalDay
2020-05-06,-1814.0,38.0,0.0,0,284.25,0.0,1,2.9,2.52,SPY200513P00277000,277.0,0,0.0,0.0,,0.0,normalDay
2020-05-07,-1814.0,183.0,0.0,0,287.68,0.0,1,2.9,1.07,SPY200513P00277000,277.0,0,0.0,0.0,,0.0,normalDay
2020-05-08,-1814.0,269.0,0.0,0,292.44,0.0,1,2.9,0.21,SPY200513P00277000,277.0,0,0.0,0.0,,0.0,normalDay
2020-05-11,-1814.0,284.0,0.0,0,292.5,0.0,1,2.9,0.06,SPY200513P00277000,277.0,0,0.0,0.0,,0.0,normalDay
2020-05-12,-1814.0,277.0,0.0,0,286.67,0.0,1,2.9,0.13,SPY200513P00277000,277.0,0,0.0,0.0,,0.0,normalDay
2020-05-13,-1524.0,0.0,290.0,0,281.6,0.0,1,2.9,0.0,SPY200513P00277000,277.0,0,0.0,0.0,,0.0,expirationDay
2020-05-14,-1524.0,-7.0,0.0,0,284.97,0.0,1,5.71,5.78,SPY200527P00285000,285.0,0,0.0,0.0,,0.0,normalDay
2020-05-15,-1524.0,62.0,0.0,0,286.28,0.0,1,5.71,5.09,SPY200527P00285000,285.0,0,0.0,0.0,,0.0,normalDay
2020-05-18,-1524.0,407.0,0.0,0,295.0,0.0,1,5.71,1.64,SPY200527P00285000,285.0,0,0.0,0.0,,0.0,normalDay
2020-05-19,-1524.0,377.0,0.0,0,291.97,0.0,1,5.71,1.94,SPY200527P00285000,285.0,0,0.0,0.0,,0.0,normalDay
2020-05-20,-1524.0,505.0,0.0,0,296.93,0.0,1,5.71,0.66,SPY200527P00285000,285.0,0,0.0,0.0,,0.0,normalDay
2020-05-21,-1524.0,496.0,0.0,0,294.88,0.0,1,5.71,0.75,SPY200527P00285000,285.0,0,0.0,0.0,,0.0,normalDay
2020-05-22,-1524.0,541.0,0.0,0,295.44,0.0,1,5.71,0.3,SPY200527P00285000,285.0,0,0.0,0.0,,0.0,normalDay
2020-05-26,-1524.0,569.0,0.0,0,299.08,0.0,1,5.71,0.02,SPY200527P00285000,285.0,0,0.0,0.0,,0.0,normalDay
2020-05-27,-953.0,0.0,571.0,0,303.53,0.0,1,5.71,0.0,SPY200527P00285000,285.0,0,0.0,0.0,,0.0,expirationDay
2020-05-28,-953.0,-4.0,0.0,0,302.97,0.0,1,1.95,1.99,SPY200610P00291000,291.0,0,0.0,0.0,,0.0,normalDay
2020-05-29,-953.0,52.0,0.0,0,304.32,0.0,1,1.95,1.43,SPY200610P00291000,291.0,0,0.0,0.0,,0.0,normalDay
2020-06-01,-953.0,79.0,0.0,0,305.55,0.0,1,1.95,1.16,SPY200610P00291000,291.0,0,0.0,0.0,,0.0,normalDay
2020-06-02,-953.0,134.0,0.0,0,308.08,0.0,1,1.95,0.61,SPY200610P00291000,291.0,0,0.0,0.0,,0.0,normalDay
2020-06-03,-953.0,171.0,0.0,0,312.18,0.0,1,1.95,0.24,SPY200610P00291000,291.0,0,0.0,0.0,,0.0,normalDay
2020-06-04,-953.0,177.0,0.0,0,311.36,0.0,1,1.95,0.18,SPY200610P00291000,291.0,0,0.0,0.0,,0.0,normalDay
2020-06-05,-953.0,189.0,0.0,0,319.34,0.0,1,1.95,0.06,SPY200610P00291000,291.0,0,0.0,0.0,,0.0,normalDay
2020-06-08,-953.0,193.0,0.0,0,323.2,0.0,1,1.95,0.02,SPY200610P00291000,291.0,0,0.0,0.0,,0.0,normalDay
2020-06-09,-953.0,194.0,0.0,0,320.79,0.0,1,1.95,0.01,SPY200610P00291000,291.0,0,0.0,0.0,,0.0,normalDay
2020-06-10,-758.0,0.0,195.0,0,319.0,0.0,1,1.95,0.0,SPY200610P00291000,291.0,0,0.0,0.0,,0.0,expirationDay
2020-06-11,-758.0,-28.0,0.0,0,300.61,0.0,1,10.11,10.39,SPY200624P00304000,304.0,0,0.0,0.0,,0.0,normalDay
2020-06-12,-758.0,230.0,0.0,0,304.21,0.0,1,10.11,7.81,SPY200624P00304000,304.0,0,0.0,0.0,,0.0,normalDay
2020-06-15,-758.0,471.0,0.0,0,307.05,0.0,1,10.11,5.4,SPY200624P00304000,304.0,0,0.0,0.0,,0.0,normalDay
2020-06-16,-758.0,659.0,0.0,0,312.96,0.0,1,10.11,3.52,SPY200624P00304000,304.0,0,0.0,0.0,,0.0,normalDay
2020-06-17,-758.0,727.0,0.0,0,311.66,0.0,1,10.11,2.84,SPY200624P00304000,304.0,0,0.0,0.0,,0.0,normalDay
2020-06-18,-758.0,792.0,0.0,0,311.78,0.0,1,10.11,2.19,SPY200624P00304000,304.0,0,0.0,0.0,,0.0,normalDay
2020-06-19,-758.0,717.0,0.0,0,308.64,0.0,1,10.11,2.94,SPY200624P00304000,304.0,0,0.0,0.0,,0.0,normalDay
2020-06-22,-758.0,941.0,0.0,0,310.62,0.0,1,10.11,0.7,SPY200624P00304000,304.0,0,0.0,0.0,,0.0,normalDay
2020-06-23,-758.0,994.0,0.0,0,312.05,0.0,1,10.11,0.17,SPY200624P00304000,304.0,0,0.0,0.0,,0.0,normalDay
2020-06-24,253.0,0.0,1011.0,0,304.09,0.0,1,10.11,0.0,SPY200624P00304000,304.0,0,0.0,0.0,,0.0,expirationDay
2020-06-25,253.0,-7.0,0.0,0,307.35,0.0,1,7.44,7.51,SPY200708P00311000,311.0,0,0.0,0.0,,0.0,normalDay
2020-06-26,253.0,-408.0,0.0,0,300.05,0.0,1,7.44,11.52,SPY200708P00311000,311.0,0,0.0,0.0,,0.0,normalDay
2020-06-29,253.0,-79.0,0.0,0,304.46,0.0,1,7.44,8.23,SPY200708P00311000,311.0,0,0.0,0.0,,0.0,normalDay
2020-06-30,253.0,180.0,0.0,0,308.36,0.0,1,7.44,5.64,SPY200708P00311000,311.0,0,0.0,0.0,,0.0,normalDay
2020-07-01,253.0,361.0,0.0,0,310.52,0.0,1,7.44,3.83,SPY200708P00311000,311.0,0,0.0,0.0,,0.0,normalDay
2020-07-02,253.0,528.0,0.0,0,312.23,0.0,1,7.44,2.16,SPY200708P00311000,311.0,0,0.0,0.0,,0.0,normalDay
2020-07-06,253.0,693.0,0.0,0,317.05,0.0,1,7.44,0.51,SPY200708P00311000,311.0,0,0.0,0.0,,0.0,normalDay
2020-07-07,253.0,671.0,0.0,0,313.78,0.0,1,7.44,0.73,SPY200708P00311000,311.0,0,0.0,0.0,,0.0,normalDay
2020-07-08,997.0,0.0,744.0,0,316.18,0.0,1,7.44,0.0,SPY200708P00311000,311.0,0,0.0,0.0,,0.0,expirationDay
2020-07-09,997.0,-6.0,0.0,0,314.38,0.0,1,3.54,3.6,SPY200722P00309000,309.0,0,0.0,0.0,,0.0,normalDay
2020-07-10,997.0,144.0,0.0,0,317.59,0.0,1,3.54,2.1,SPY200722P00309000,309.0,0,0.0,0.0,,0.0,normalDay
2020-07-13,997.0,24.0,0.0,0,314.84,0.0,1,3.54,3.3,SPY200722P00309000,309.0,0,0.0,0.0,,0.0,normalDay
2020-07-14,997.0,171.0,0.0,0,318.92,0.0,1,3.54,1.83,SPY200722P00309000,309.0,0,0.0,0.0,,0.0,normalDay
2020-07-15,997.0,265.0,0.0,0,321.85,0.0,1,3.54,0.89,SPY200722P00309000,309.0,0,0.0,0.0,,0.0,normalDay
2020-07-16,997.0,263.0,0.0,0,320.79,0.0,1,3.54,0.91,SPY200722P00309000,309.0,0,0.0,0.0,,0.0,normalDay
2020-07-17,997.0,327.0,0.0,0,321.72,0.0,1,3.54,0.27,SPY200722P00309000,309.0,0,0.0,0.0,,0.0,normalDay
2020-07-20,997.0,350.0,0.0,0,324.32,0.0,1,3.54,0.04,SPY200722P00309000,309.0,0,0.0,0.0,,0.0,normalDay
2020-07-21,997.0,352.0,0.0,0,325.01,0.0,1,3.54,0.02,SPY200722P00309000,309.0,0,0.0,0.0,,0.0,normalDay
2020-07-22,1351.0,0.0,354.0,0,326.86,0.0,1,3.54,0.0,SPY200722P00309000,309.0,0,0.0,0.0,,0.0,expirationDay
2020-07-23,1351.0,-5.0,0.0,0,322.96,0.0,1,3.09,3.14,SPY200805P00316000,316.0,0,0.0,0.0,,0.0,normalDay
2020-07-24,1351.0,11.0,0.0,0,320.88,0.0,1,3.09,2.98,SPY200805P00316000,316.0,0,0.0,0.0,,0.0,normalDay
2020-07-27,1351.0,133.0,0.0,0,323.22,0.0,1,3.09,1.76,SPY200805P00316000,316.0,0,0.0,0.0,,0.0,normalDay
2020-07-28,1351.0,86.0,0.0,0,321.17,0.0,1,3.09,2.23,SPY200805P00316000,316.0,0,0.0,0.0,,0.0,normalDay
2020-07-29,1351.0,206.0,0.0,0,325.12,0.0,1,3.09,1.03,SPY200805P00316000,316.0,0,0.0,0.0,,0.0,normalDay
2020-07-30,1351.0,199.0,0.0,0,323.96,0.0,1,3.09,1.1,SPY200805P00316000,316.0,0,0.0,0.0,,0.0,normalDay
2020-07-31,1351.0,276.0,0.0,0,326.52,0.0,1,3.09,0.33,SPY200805P00316000,316.0,0,0.0,0.0,,0.0,normalDay
2020-08-03,1351.0,301.0,0.0,0,328.79,0.0,1,3.09,0.08,SPY200805P00316000,316.0,0,0.0,0.0,,0.0,normalDay
2020-08-04,1351.0,306.0,0.0,0,330.06,0.0,1,3.09,0.03,SPY200805P00316000,316.0,0,0.0,0.0,,0.0,normalDay
2020-08-05,1660.0,0.0,309.0,0,332.11,0.0,1,3.09,0.0,SPY200805P00316000,316.0,0,0.0,0.0,,0.0,expirationDay
2020-08-06,1660.0,-4.0,0.0,0,334.33,0.0,1,1.43,1.47,SPY200819P00324000,324.0,0,0.0,0.0,,0.0,normalDay
2020-08-07,1660.0,18.0,0.0,0,334.57,0.0,1,1.43,1.25,SPY200819P00324000,324.0,0,0.0,0.0,,0.0,normalDay
2020-08-10,1660.0,57.0,0.0,0,335.57,0.0,1,1.43,0.86,SPY200819P00324000,324.0,0,0.0,0.0,,0.0,normalDay
2020-08-11,1660.0,-5.0,0.0,0,332.8,0.0,1,1.43,1.48,SPY200819P00324000,324.0,0,0.0,0.0,,0.0,normalDay
2020-08-12,1660.0,97.0,0.0,0,337.44,0.0,1,1.43,0.46,SPY200819P00324000,324.0,0,0.0,0.0,,0.0,normalDay
2020-08-13,1660.0,107.0,0.0,0,336.83,0.0,1,1.43,0.36,SPY200819P00324000,324.0,0,0.0,0.0,,0.0,normalDay
2020-08-14,1660.0,125.0,0.0,0,336.84,0.0,1,1.43,0.18,SPY200819P00324000,324.0,0,0.0,0.0,,0.0,normalDay
2020-08-17,1660.0,138.0,0.0,0,337.91,0.0,1,1.43,0.05,SPY200819P00324000,324.0,0,0.0,0.0,,0.0,normalDay
2020-08-18,1660.0,140.0,0.0,0,338.64,0.0,1,1.43,0.03,SPY200819P00324000,324.0,0,0.0,0.0,,0.0,normalDay
2020-08-19,1803.0,0.0,143.0,0,337.23,0.0,1,1.43,0.0,SPY200819P00324000,324.0,0,0.0,0.0,,0.0,expirationDay
2020-08-20,1803.0,-5.0,0.0,0,338.28,0.0,1,2.15,2.2,SPY200902P00332000,332.0,0,0.0,0.0,,0.0,normalDay
2020-08-21,1803.0,53.0,0.0,0,339.48,0.0,1,2.15,1.62,SPY200902P00332000,332.0,0,0.0,0.0,,0.0,normalDay
2020-08-24,1803.0,129.0,0.0,0,342.92,0.0,1,2.15,0.86,SPY200902P00332000,332.0,0,0.0,0.0,,0.0,normalDay
2020-08-25,1803.0,158.0,0.0,0,344.12,0.0,1,2.15,0.57,SPY200902P00332000,332.0,0,0.0,0.0,,0.0,normalDay
2020-08-26,1803.0,174.0,0.0,0,347.57,0.0,1,2.15,0.41,SPY200902P00332000,332.0,0,0.0,0.0,,0.0,normalDay
2020-08-27,1803.0,187.0,0.0,0,348.33,0.0,1,2.15,0.28,SPY200902P00332000,332.0,0,0.0,0.0,,0.0,normalDay
2020-08-28,1803.0,206.0,0.0,0,350.58,0.0,1,2.15,0.09,SPY200902P00332000,332.0,0,0.0,0.0,,0.0,normalDay
2020-08-31,1803.0,207.0,0.0,0,349.31,0.0,1,2.15,0.08,SPY200902P00332000,332.0,0,0.0,0.0,,0.0,normalDay
2020-09-01,1803.0,213.0,0.0,0,352.6,0.0,1,2.15,0.02,SPY200902P00332000,332.0,0,0.0,0.0,,0.0,normalDay
2020-09-02,2018.0,0.0,215.0,0,357.7,0.0,1,2.15,0.0,SPY200902P00332000,332.0,0,0.0,0.0,,0.0,expirationDay
2020-09-03,2018.0,-12.0,0.0,0,345.39,0.0,1,4.72,4.84,SPY200916P00342000,342.0,0,0.0,0.0,,0.0,normalDay
2020-09-04,2018.0,-128.0,0.0,0,342.57,0.0,1,4.72,6.0,SPY200916P00342000,342.0,0,0.0,0.0,,0.0,normalDay
2020-09-08,2018.0,-589.0,0.0,0,333.21,0.0,1,4.72,10.61,SPY200916P00342000,342.0,0,0.0,0.0,,0.0,normalDay
2020-09-09,2018.0,-133.0,0.0,0,339.79,0.0,1,4.72,6.05,SPY200916P00342000,342.0,0,0.0,0.0,,0.0,normalDay
2020-09-10,2018.0,-459.0,0.0,0,333.89,0.0,1,4.72,9.31,SPY200916P00342000,342.0,0,0.0,0.0,,0.0,normalDay
2020-09-11,2018.0,-458.0,0.0,0,334.06,0.0,1,4.72,9.3,SPY200916P00342000,342.0,0,0.0,0.0,,0.0,normalDay
2020-09-14,2018.0,33.0,0.0,0,338.46,0.0,1,4.72,4.39,SPY200916P00342000,342.0,0,0.0,0.0,,0.0,normalDay
2020-09-15,2018.0,222.0,0.0,0,340.17,0.0,1,4.72,2.5,SPY200916P00342000,342.0,0,0.0,0.0,,0.0,normalDay
2020-09-16,2490.0,-318.0,472.0,100,338.82,342.0,1,4.72,0.0,SPY200916P00342000,342.0,0,0.0,0.0,,0.0,expirationDay
2020-09-17,2490.0,-619.0,0.0,100,335.84,342.0,0,0.0,0.0,,0.0,1,0.77,0.8,SPY200925C00345000,345.0,normalDay
2020-09-18,2490.0,-1078.0,0.0,100,330.65,342.0,0,0.0,0.0,,0.0,1,0.77,0.2,SPY200925C00345000,345.0,normalDay
2020-09-21,2490.0,-1432.0,0.0,100,326.97,342.0,0,0.0,0.0,,0.0,1,0.77,0.06,SPY200925C00345000,345.0,normalDay
2020-09-22,2490.0,-1097.0,0.0,100,330.3,342.0,0,0.0,0.0,,0.0,1,0.77,0.04,SPY200925C00345000,345.0,normalDay
2020-09-23,2490.0,-1861.0,0.0,100,322.64,342.0,0,0.0,0.0,,0.0,1,0.77,0.02,SPY200925C00345000,345.0,normalDay
2020-09-24,2490.0,-1774.0,0.0,100,323.5,342.0,0,0.0,0.0,,0.0,1,0.77,0.01,SPY200925C00345000,345.0,normalDay
2020-09-25,2567.0,-1327.0,77.0,100,328.73,342.0,0,0.0,0.0,,0.0,1,0.77,0.0,SPY200925C00345000,345.0,expirationDay
2020-09-28,2567.0,-785.0,0.0,100,334.19,342.0,0,0.0,0.0,,0.0,1,1.45,1.49,SPY201005C00340000,340.0,normalDay
2020-09-29,2567.0,-941.0,0.0,100,332.37,342.0,0,0.0,0.0,,0.0,1,1.45,1.23,SPY201005C00340000,340.0,normalDay
2020-09-30,2567.0,-668.0,0.0,100,334.89,342.0,0,0.0,0.0,,0.0,1,1.45,1.02,SPY201005C00340000,340.0,normalDay
2020-10-01,2567.0,-503.0,0.0,100,337.04,342.0,0,0.0,0.0,,0.0,1,1.45,1.52,SPY201005C00340000,340.0,normalDay
2020-10-02,2567.0,-702.0,0.0,100,333.84,342.0,0,0.0,0.0,,0.0,1,1.45,0.31,SPY201005C00340000,340.0,normalDay
2020-10-05,2712.0,-224.0,145.0,100,339.76,342.0,0,0.0,0.0,,0.0,1,1.45,0.0,SPY201005C00340000,340.0,expirationDay
2020-10-06,2712.0,-717.0,0.0,100,334.93,342.0,0,0.0,0.0,,0.0,1,4.5,4.6,SPY201014C00335000,335.0,normalDay
2020-10-07,2712.0,-414.0,0.0,100,340.76,342.0,0,0.0,0.0,,0.0,1,4.5,7.4,SPY201014C00335000,335.0,normalDay
2020-10-08,2712.0,-310.0,0.0,100,343.78,342.0,0,0.0,0.0,,0.0,1,4.5,9.38,SPY201014C00335000,335.0,normalDay
2020-10-09,2712.0,-289.0,0.0,100,346.85,342.0,0,0.0,0.0,,0.0,1,4.5,12.24,SPY201014C00335000,335.0,normalDay
2020-10-12,2712.0,-267.0,0.0,100,352.43,342.0,0,0.0,0.0,,0.0,1,4.5,17.6,SPY201014C00335000,335.0,normalDay
2020-10-13,2712.0,-264.0,0.0,100,350.13,342.0,0,0.0,0.0,,0.0,1,4.5,15.27,SPY201014C00335000,335.0,normalDay
2020-10-14,2462.0,-264.0,-250.0,0,347.93,0.0,0,0.0,0.0,,0.0,1,4.5,0.0,SPY201014C00335000,335.0,expirationDay
2020-10-15,2462.0,-5.0,0.0,0,347.5,0.0,1,1.94,1.99,SPY201028P00337000,337.0,0,0.0,0.0,,0.0,normalDay
2020-10-16,2462.0,0.0,0.0,0,347.29,0.0,1,1.94,1.94,SPY201028P00337000,337.0,0,0.0,0.0,,0.0,normalDay
2020-10-19,2462.0,-81.0,0.0,0,342.01,0.0,1,1.94,2.75,SPY201028P00337000,337.0,0,0.0,0.0,,0.0,normalDay
2020-10-20,2462.0,-37.0,0.0,0,343.38,0.0,1,1.94,2.31,SPY201028P00337000,337.0,0,0.0,0.0,,0.0,normalDay
2020-10-21,2462.0,21.0,0.0,0,342.73,0.0,1,1.94,1.73,SPY201028P00337000,337.0,0,0.0,0.0,,0.0,normalDay
2020-10-22,2462.0,82.0,0.0,0,344.61,0.0,1,1.94,1.12,SPY201028P00337000,337.0,0,0.0,0.0,,0.0,normalDay
2020-10-23,2462.0,136.0,0.0,0,345.78,0.0,1,1.94,0.58,SPY201028P00337000,337.0,0,0.0,0.0,,0.0,normalDay
2020-10-26,2462.0,25.0,0.0,0,339.39,0.0,1,1.94,1.69,SPY201028P00337000,337.0,0,0.0,0.0,,0.0,normalDay
2020-10-27,2462.0,80.0,0.0,0,338.22,0.0,1,1.94,1.14,SPY201028P00337000,337.0,0,0.0,0.0,,0.0,normalDay
2020-10-28,2656.0,-1034.0,194.0,100,326.66,337.0,1,1.94,0.0,SPY201028P00337000,337.0,0,0.0,0.0,,0.0,expirationDay
2020-10-29,2656.0,-712.0,0.0,100,329.98,337.0,0,0.0,0.0,,0.0,1,2.23,2.33,SPY201106C00344000,344.0,normalDay
2020-10-30,2656.0,-908.0,0.0,100,326.54,337.0,0,0.0,0.0,,0.0,1,2.23,0.85,SPY201106C00344000,344.0,normalDay
2020-11-02,2656.0,-556.0,0.0,100,330.2,337.0,0,0.0,0.0,,0.0,1,2.23,0.99,SPY201106C00344000,344.0,normalDay
2020-11-03,2656.0,-91.0,0.0,100,336.03,337.0,0,0.0,0.0,,0.0,1,2.23,2.17,SPY201106C00344000,344.0,normalDay
2020-11-04,2656.0,552.0,0.0,100,343.54,337.0,0,0.0,0.0,,0.0,1,2.23,3.25,SPY201106C00344000,344.0,normalDay
2020-11-05,2656.0,864.0,0.0,100,350.24,337.0,0,0.0,0.0,,0.0,1,2.23,6.83,SPY201106C00344000,344.0,normalDay
2020-11-06,3579.0,864.0,923.0,0,350.16,0.0,0,0.0,0.0,,0.0,1,2.23,0.0,SPY201106C00344000,344.0,expirationDay
2020-11-09,3579.0,-4.0,0.0,0,354.56,0.0,1,1.95,1.99,SPY201120P00342000,342.0,0,0.0,0.0,,0.0,normalDay
2020-11-10,3579.0,24.0,0.0,0,354.04,0.0,1,1.95,1.71,SPY201120P00342000,342.0,0,0.0,0.0,,0.0,normalDay
2020-11-11,3579.0,99.0,0.0,0,356.67,0.0,1,1.95,0.96,SPY201120P00342000,342.0,0,0.0,0.0,,0.0,normalDay
2020-11-12,3579.0,46.0,0.0,0,353.21,0.0,1,1.95,1.49,SPY201120P00342000,342.0,0,0.0,0.0,,0.0,normalDay
2020-11-13,3579.0,134.0,0.0,0,358.1,0.0,1,1.95,0.61,SPY201120P00342000,342.0,0,0.0,0.0,,0.0,normalDay
2020-11-16,3579.0,181.0,0.0,0,362.57,0.0,1,1.95,0.14,SPY201120P00342000,342.0,0,0.0,0.0,,0.0,normalDay
2020-11-17,3579.0,184.0,0.0,0,360.62,0.0,1,1.95,0.11,SPY201120P00342000,342.0,0,0.0,0.0,,0.0,normalDay
2020-11-18,3579.0,184.0,0.0,0,356.28,0.0,1,1.95,0.11,SPY201120P00342000,342.0,0,0.0,0.0,,0.0,normalDay
2020-11-19,3579.0,190.0,0.0,0,357.78,0.0,1,1.95,0.05,SPY201120P00342000,342.0,0,0.0,0.0,,0.0,normalDay
2020-11-20,3774.0,0.0,195.0,0,355.33,0.0,1,1.95,0.0,SPY201120P00342000,342.0,0,0.0,0.0,,0.0,expirationDay
2020-11-23,3774.0,-4.0,0.0,0,357.46,0.0,1,1.7,1.74,SPY201204P00348000,348.0,0,0.0,0.0,,0.0,normalDay
2020-11-24,3774.0,93.0,0.0,0,363.22,0.0,1,1.7,0.77,SPY201204P00348000,348.0,0,0.0,0.0,,0.0,normalDay
2020-11-25,3774.0,110.0,0.0,0,362.66,0.0,1,1.7,0.6,SPY201204P00348000,348.0,0,0.0,0.0,,0.0,normalDay
2020-11-27,3774.0,133.0,0.0,0,363.67,0.0,1,1.7,0.37,SPY201204P00348000,348.0,0,0.0,0.0,,0.0,normalDay
2020-11-30,3774.0,148.0,0.0,0,362.06,0.0,1,1.7,0.22,SPY201204P00348000,348.0,0,0.0,0.0,,0.0,normalDay
2020-12-01,3774.0,161.0,0.0,0,366.02,0.0,1,1.7,0.09,SPY201204P00348000,348.0,0,0.0,0.0,,0.0,normalDay
2020-12-02,3774.0,165.0,0.0,0,366.79,0.0,1,1.7,0.05,SPY201204P00348000,348.0,0,0.0,0.0,,0.0,normalDay
2020-12-03,3774.0,165.0,0.0,0,366.69,0.0,1,1.7,0.05,SPY201204P00348000,348.0,0,0.0,0.0,,0.0,normalDay
2020-12-04,3944.0,0.0,170.0,0,369.85,0.0,1,1.7,0.0,SPY201204P00348000,348.0,0,0.0,0.0,,0.0,expirationDay
2020-12-07,3944.0,-3.0,0.0,0,369.09,0.0,1,2.2,2.23,SPY201218P00361000,361.0,0,0.0,0.0,,0.0,normalDay
2020-12-08,3944.0,60.0,0.0,0,370.17,0.0,1,2.2,1.6,SPY201218P00361000,361.0,0,0.0,0.0,,0.0,normalDay
2020-12-09,3944.0,-35.0,0.0,0,366.85,0.0,1,2.2,2.55,SPY201218P00361000,361.0,0,0.0,0.0,,0.0,normalDay
2020-12-10,3944.0,-7.0,0.0,0,366.73,0.0,1,2.2,2.27,SPY201218P00361000,361.0,0,0.0,0.0,,0.0,normalDay
2020-12-11,3944.0,-4.0,0.0,0,366.3,0.0,1,2.2,2.24,SPY201218P00361000,361.0,0,0.0,0.0,,0.0,normalDay
2020-12-14,3944.0,-15.0,0.0,0,364.66,0.0,1,2.2,2.35,SPY201218P00361000,361.0,0,0.0,0.0,,0.0,normalDay
2020-12-15,3944.0,132.0,0.0,0,369.59,0.0,1,2.2,0.88,SPY201218P00361000,361.0,0,0.0,0.0,,0.0,normalDay
2020-12-16,3944.0,173.0,0.0,0,370.17,0.0,1,2.2,0.47,SPY201218P00361000,361.0,0,0.0,0.0,,0.0,normalDay
2020-12-17,3944.0,205.0,0.0,0,372.24,0.0,1,2.2,0.15,SPY201218P00361000,361.0,0,0.0,0.0,,0.0,normalDay
2020-12-18,4164.0,0.0,220.0,0,369.18,0.0,1,2.2,0.0,SPY201218P00361000,361.0,0,0.0,0.0,,0.0,expirationDay
2020-12-21,4164.0,-6.0,0.0,0,367.86,0.0,1,4.0,4.06,SPY201231P00367000,367.0,0,0.0,0.0,,0.0,normalDay
2020-12-22,4164.0,19.0,0.0,0,367.24,0.0,1,4.0,3.81,SPY201231P00367000,367.0,0,0.0,0.0,,0.0,normalDay
2020-12-23,4164.0,96.0,0.0,0,367.57,0.0,1,4.0,3.04,SPY201231P00367000,367.0,0,0.0,0.0,,0.0,normalDay
2020-12-24,4164.0,207.0,0.0,0,369.0,0.0,1,4.0,1.93,SPY201231P00367000,367.0,0,0.0,0.0,,0.0,normalDay
2020-12-28,4164.0,349.0,0.0,0,372.17,0.0,1,4.0,0.51,SPY201231P00367000,367.0,0,0.0,0.0,,0.0,normalDay
2020-12-29,4164.0,347.0,0.0,0,371.46,0.0,1,4.0,0.53,SPY201231P00367000,367.0,0,0.0,0.0,,0.0,normalDay
2020-12-30,4164.0,381.0,0.0,0,371.99,0.0,1,4.0,0.19,SPY201231P00367000,367.0,0,0.0,0.0,,0.0,normalDay
2020-12-31,4564.0,0.0,400.0,0,373.88,0.0,1,4.0,0.0,SPY201231P00367000,367.0,0,0.0,0.0,,0.0,expirationDay
2021-01-04,4564.0,-4.0,0.0,0,368.79,0.0,1,5.5,5.54,SPY210115P00369000,369.0,0,0.0,0.0,,0.0,normalDay
2021-01-05,4564.0,138.0,0.0,0,371.33,0.0,1,5.5,4.12,SPY210115P00369000,369.0,0,0.0,0.0,,0.0,normalDay
2021-01-06,4564.0,221.0,0.0,0,373.55,0.0,1,5.5,3.29,SPY210115P00369000,369.0,0,0.0,0.0,,0.0,normalDay
2021-01-07,4564.0,432.0,0.0,0,379.1,0.0,1,5.5,1.18,SPY210115P00369000,369.0,0,0.0,0.0,,0.0,normalDay
2021-01-08,4564.0,477.0,0.0,0,381.26,0.0,1,5.5,0.73,SPY210115P00369000,369.0,0,0.0,0.0,,0.0,normalDay
2021-01-11,4564.0,468.0,0.0,0,378.69,0.0,1,5.5,0.82,SPY210115P00369000,369.0,0,0.0,0.0,,0.0,normalDay
2021-01-12,4564.0,500.0,0.0,0,378.77,0.0,1,5.5,0.5,SPY210115P00369000,369.0,0,0.0,0.0,,0.0,normalDay
2021-01-13,4564.0,532.0,0.0,0,379.79,0.0,1,5.5,0.18,SPY210115P00369000,369.0,0,0.0,0.0,,0.0,normalDay
2021-01-14,4564.0,538.0,0.0,0,378.46,0.0,1,5.5,0.12,SPY210115P00369000,369.0,0,0.0,0.0,,0.0,normalDay
2021-01-15,5114.0,0.0,550.0,0,375.7,0.0,1,5.5,0.0,SPY210115P00369000,369.0,0,0.0,0.0,,0.0,expirationDay
2021-01-19,5114.0,-5.0,0.0,0,378.65,0.0,1,3.38,3.43,SPY210201P00374000,374.0,0,0.0,0.0,,0.0,normalDay
2021-01-20,5114.0,168.0,0.0,0,383.89,0.0,1,3.38,1.7,SPY210201P00374000,374.0,0,0.0,0.0,,0.0,normalDay
2021-01-21,5114.0,200.0,0.0,0,384.24,0.0,1,3.38,1.38,SPY210201P00374000,374.0,0,0.0,0.0,,0.0,normalDay
2021-01-22,5114.0,208.0,0.0,0,382.88,0.0,1,3.38,1.3,SPY210201P00374000,374.0,0,0.0,0.0,,0.0,normalDay
2021-01-25,5114.0,248.0,0.0,0,384.39,0.0,1,3.38,0.9,SPY210201P00374000,374.0,0,0.0,0.0,,0.0,normalDay
2021-01-26,5114.0,267.0,0.0,0,383.79,0.0,1,3.38,0.71,SPY210201P00374000,374.0,0,0.0,0.0,,0.0,normalDay
2021-01-27,5114.0,-158.0,0.0,0,374.41,0.0,1,3.38,4.96,SPY210201P00374000,374.0,0,0.0,0.0,,0.0,normalDay
2021-01-28,5114.0,138.0,0.0,0,377.63,0.0,1,3.38,2.0,SPY210201P00374000,374.0,0,0.0,0.0,,0.0,normalDay
2021-01-29,5114.0,-251.0,0.0,0,370.07,0.0,1,3.38,5.89,SPY210201P00374000,374.0,0,0.0,0.0,,0.0,normalDay
2021-02-01,5452.0,0.0,338.0,0,376.23,0.0,1,3.38,0.0,SPY210201P00374000,374.0,0,0.0,0.0,,0.0,expirationDay
2021-02-02,5452.0,-8.0,0.0,0,381.55,0.0,1,3.48,3.56,SPY210212P00379000,379.0,0,0.0,0.0,,0.0,normalDay
2021-02-03,5452.0,76.0,0.0,0,381.85,0.0,1,3.48,2.72,SPY210212P00379000,379.0,0,0.0,0.0,,0.0,normalDay
2021-02-04,5452.0,206.0,0.0,0,386.19,0.0,1,3.48,1.42,SPY210212P00379000,379.0,0,0.0,0.0,,0.0,normalDay
2021-02-05,5452.0,273.0,0.0,0,387.71,0.0,1,3.48,0.75,SPY210212P00379000,379.0,0,0.0,0.0,,0.0,normalDay
2021-02-08,5452.0,318.0,0.0,0,390.51,0.0,1,3.48,0.3,SPY210212P00379000,379.0,0,0.0,0.0,,0.0,normalDay
2021-02-09,5452.0,326.0,0.0,0,390.25,0.0,1,3.48,0.22,SPY210212P00379000,379.0,0,0.0,0.0,,0.0,normalDay
2021-02-10,5452.0,329.0,0.0,0,390.08,0.0,1,3.48,0.19,SPY210212P00379000,379.0,0,0.0,0.0,,0.0,normalDay
2021-02-11,5452.0,344.0,0.0,0,390.71,0.0,1,3.48,0.04,SPY210212P00379000,379.0,0,0.0,0.0,,0.0,normalDay
2021-02-12,5800.0,0.0,348.0,0,392.64,0.0,1,3.48,0.0,SPY210212P00379000,379.0,0,0.0,0.0,,0.0,expirationDay
2021-02-16,5800.0,-5.0,0.0,0,392.3,0.0,1,2.18,2.23,SPY210301P00384000,384.0,0,0.0,0.0,,0.0,normalDay
2021-02-17,5800.0,30.0,0.0,0,392.39,0.0,1,2.18,1.88,SPY210301P00384000,384.0,0,0.0,0.0,,0.0,normalDay
2021-02-18,5800.0,0.0,0.0,0,390.72,0.0,1,2.18,2.18,SPY210301P00384000,384.0,0,0.0,0.0,,0.0,normalDay
2021-02-19,5800.0,29.0,0.0,0,390.03,0.0,1,2.18,1.89,SPY210301P00384000,384.0,0,0.0,0.0,,0.0,normalDay
2021-02-22,5800.0,-18.0,0.0,0,387.03,0.0,1,2.18,2.36,SPY210301P00384000,384.0,0,0.0,0.0,,0.0,normalDay
2021-02-23,5800.0,9.0,0.0,0,387.5,0.0,1,2.18,2.09,SPY210301P00384000,384.0,0,0.0,0.0,,0.0,normalDay
2021-02-24,5800.0,151.0,0.0,0,391.77,0.0,1,2.18,0.67,SPY210301P00384000,384.0,0,0.0,0.0,,0.0,normalDay
2021-02-25,5800.0,-182.0,0.0,0,382.33,0.0,1,2.18,4.0,SPY210301P00384000,384.0,0,0.0,0.0,,0.0,normalDay
2021-02-26,5800.0,-242.0,0.0,0,380.36,0.0,1,2.18,4.6,SPY210301P00384000,384.0,0,0.0,0.0,,0.0,normalDay
2021-03-01,6018.0,0.0,218.0,0,389.58,0.0,1,2.18,0.0,SPY210301P00384000,384.0,0,0.0,0.0,,0.0,expirationDay
2021-03-02,6018.0,-6.0,0.0,0,386.54,0.0,1,5.98,6.04,SPY210315P00388000,388.0,0,0.0,0.0,,0.0,normalDay
2021-03-03,6018.0,-307.0,0.0,0,381.42,0.0,1,5.98,9.05,SPY210315P00388000,388.0,0,0.0,0.0,,0.0,normalDay
2021-03-04,6018.0,-639.0,0.0,0,376.7,0.0,1,5.98,12.37,SPY210315P00388000,388.0,0,0.0,0.0,,0.0,normalDay
2021-03-05,6018.0,-96.0,0.0,0,383.63,0.0,1,5.98,6.94,SPY210315P00388000,388.0,0,0.0,0.0,,0.0,normalDay
2021-03-08,6018.0,-165.0,0.0,0,381.72,0.0,1,5.98,7.63,SPY210315P00388000,388.0,0,0.0,0.0,,0.0,normalDay
2021-03-09,6018.0,183.0,0.0,0,387.17,0.0,1,5.98,4.15,SPY210315P00388000,388.0,0,0.0,0.0,,0.0,normalDay
2021-03-10,6018.0,394.0,0.0,0,389.58,0.0,1,5.98,2.04,SPY210315P00388000,388.0,0,0.0,0.0,,0.0,normalDay
2021-03-11,6018.0,527.0,0.0,0,393.53,0.0,1,5.98,0.71,SPY210315P00388000,388.0,0,0.0,0.0,,0.0,normalDay
2021-03-12,6018.0,581.0,0.0,0,394.06,0.0,1,5.98,0.17,SPY210315P00388000,388.0,0,0.0,0.0,,0.0,normalDay
2021-03-15,6616.0,0.0,598.0,0,396.41,0.0,1,5.98,0.0,SPY210315P00388000,388.0,0,0.0,0.0,,0.0,expirationDay
2021-03-16,6616.0,-6.0,0.0,0,395.91,0.0,1,2.24,2.3,SPY210329P00388000,388.0,0,0.0,0.0,,0.0,normalDay
2021-03-17,6616.0,51.0,0.0,0,397.26,0.0,1,2.24,1.73,SPY210329P00388000,388.0,0,0.0,0.0,,0.0,normalDay
2021-03-18,6616.0,-92.0,0.0,0,391.48,0.0,1,2.24,3.16,SPY210329P00388000,388.0,0,0.0,0.0,,0.0,normalDay
2021-03-19,6616.0,-91.0,0.0,0,389.48,0.0,1,2.24,3.15,SPY210329P00388000,388.0,0,0.0,0.0,,0.0,normalDay
2021-03-22,6616.0,98.0,0.0,0,392.59,0.0,1,2.24,1.26,SPY210329P00388000,388.0,0,0.0,0.0,,0.0,normalDay
2021-03-23,6616.0,7.0,0.0,0,389.5,0.0,1,2.24,2.17,SPY210329P00388000,388.0,0,0.0,0.0,,0.0,normalDay
2021-03-24,6616.0,-46.0,0.0,0,387.52,0.0,1,2.24,2.7,SPY210329P00388000,388.0,0,0.0,0.0,,0.0,normalDay
2021-03-25,6616.0,96.0,0.0,0,389.7,0.0,1,2.24,1.28,SPY210329P00388000,388.0,0,0.0,0.0,,0.0,normalDay
2021-03-26,6616.0,207.0,0.0,0,395.98,0.0,1,2.24,0.17,SPY210329P00388000,388.0,0,0.0,0.0,,0.0,normalDay
2021-03-29,6840.0,0.0,224.0,0,395.78,0.0,1,2.24,0.0,SPY210329P00388000,388.0,0,0.0,0.0,,0.0,expirationDay
2021-03-30,6840.0,-5.0,0.0,0,394.73,0.0,1,2.64,2.69,SPY210412P00390000,390.0,0,0.0,0.0,,0.0,normalDay
2021-03-31,6840.0,77.0,0.0,0,396.33,0.0,1,2.64,1.87,SPY210412P00390000,390.0,0,0.0,0.0,,0.0,normalDay
2021-04-01,6840.0,191.0,0.0,0,400.61,0.0,1,2.64,0.73,SPY210412P00390000,390.0,0,0.0,0.0,,0.0,normalDay
2021-04-05,6840.0,241.0,0.0,0,406.36,0.0,1,2.64,0.23,SPY210412P00390000,390.0,0,0.0,0.0,,0.0,normalDay
2021-04-06,6840.0,246.0,0.0,0,406.12,0.0,1,2.64,0.18,SPY210412P00390000,390.0,0,0.0,0.0,,0.0,normalDay
2021-04-07,6840.0,256.0,0.0,0,406.59,0.0,1,2.64,0.08,SPY210412P00390000,390.0,0,0.0,0.0,,0.0,normalDay
2021-04-08,6840.0,260.0,0.0,0,408.52,0.0,1,2.64,0.04,SPY210412P00390000,390.0,0,0.0,0.0,,0.0,normalDay
2021-04-09,6840.0,262.0,0.0,0,411.49,0.0,1,2.64,0.02,SPY210412P00390000,390.0,0,0.0,0.0,,0.0,normalDay
2021-04-12,7104.0,0.0,264.0,0,411.64,0.0,1,2.64,0.0,SPY210412P00390000,390.0,0,0.0,0.0,,0.0,expirationDay
2021-04-13,7104.0,-4.0,0.0,0,412.86,0.0,1,0.8,0.84,SPY210426P00400000,400.0,0,0.0,0.0,,0.0,normalDay
2021-04-14,7104.0,-10.0,0.0,0,411.45,0.0,1,0.8,0.9,SPY210426P00400000,400.0,0,0.0,0.0,,0.0,normalDay
2021-04-15,7104.0,30.0,0.0,0,415.87,0.0,1,0.8,0.5,SPY210426P00400000,400.0,0,0.0,0.0,,0.0,normalDay
2021-04-16,7104.0,52.0,0.0,0,417.26,0.0,1,0.8,0.28,SPY210426P00400000,400.0,0,0.0,0.0,,0.0,normalDay
2021-04-19,7104.0,59.0,0.0,0,415.21,0.0,1,0.8,0.21,SPY210426P00400000,400.0,0,0.0,0.0,,0.0,normalDay
2021-04-20,7104.0,41.0,0.0,0,412.17,0.0,1,0.8,0.39,SPY210426P00400000,400.0,0,0.0,0.0,,0.0,normalDay
2021-04-21,7104.0,73.0,0.0,0,416.07,0.0,1,0.8,0.07,SPY210426P00400000,400.0,0,0.0,0.0,,0.0,normalDay
2021-04-22,7104.0,65.0,0.0,0,412.27,0.0,1,0.8,0.15,SPY210426P00400000,400.0,0,0.0,0.0,,0.0,normalDay
2021-04-23,7104.0,77.0,0.0,0,416.74,0.0,1,0.8,0.03,SPY210426P00400000,400.0,0,0.0,0.0,,0.0,normalDay
2021-04-26,7184.0,0.0,80.0,0,417.61,0.0,1,0.8,0.0,SPY210426P00400000,400.0,0,0.0,0.0,,0.0,expirationDay
2021-04-27,7184.0,-5.0,0.0,0,417.52,0.0,1,1.75,1.8,SPY210510P00410000,410.0,0,0.0,0.0,,0.0,normalDay
2021-04-28,7184.0,34.0,0.0,0,417.4,0.0,1,1.75,1.41,SPY210510P00410000,410.0,0,0.0,0.0,,0.0,normalDay
2021-04-29,7184.0,78.0,0.0,0,420.06,0.0,1,1.75,0.97,SPY210510P00410000,410.0,0,0.0,0.0,,0.0,normalDay
2021-04-30,7184.0,51.0,0.0,0,417.3,0.0,1,1.75,1.24,SPY210510P00410000,410.0,0,0.0,0.0,,0.0,normalDay
2021-05-03,7184.0,104.0,0.0,0,418.2,0.0,1,1.75,0.71,SPY210510P00410000,410.0,0,0.0,0.0,,0.0,normalDay
2021-05-04,7184.0,57.0,0.0,0,415.62,0.0,1,1.75,1.18,SPY210510P00410000,410.0,0,0.0,0.0,,0.0,normalDay
2021-05-05,7184.0,86.0,0.0,0,415.75,0.0,1,1.75,0.89,SPY210510P00410000,410.0,0,0.0,0.0,,0.0,normalDay
2021-05-06,7184.0,152.0,0.0,0,419.07,0.0,1,1.75,0.23,SPY210510P00410000,410.0,0,0.0,0.0,,0.0,normalDay
2021-05-07,7184.0,168.0,0.0,0,422.12,0.0,1,1.75,0.07,SPY210510P00410000,410.0,0,0.0,0.0,,0.0,normalDay
2021-05-10,7359.0,0.0,175.0,0,417.94,0.0,1,1.75,0.0,SPY210510P00410000,410.0,0,0.0,0.0,,0.0,expirationDay
2021-05-11,7359.0,-6.0,0.0,0,414.21,0.0,1,5.99,6.05,SPY210524P00416000,416.0,0,0.0,0.0,,0.0,normalDay
2021-05-12,7359.0,-634.0,0.0,0,405.41,0.0,1,5.99,12.33,SPY210524P00416000,416.0,0,0.0,0.0,,0.0,normalDay
2021-05-13,7359.0,-218.0,0.0,0,410.28,0.0,1,5.99,8.17,SPY210524P00416000,416.0,0,0.0,0.0,,0.0,normalDay
2021-05-14,7359.0,277.0,0.0,0,416.58,0.0,1,5.99,3.22,SPY210524P00416000,416.0,0,0.0,0.0,,0.0,normalDay
2021-05-17,7359.0,269.0,0.0,0,415.52,0.0,1,5.99,3.3,SPY210524P00416000,416.0,0,0.0,0.0,,0.0,normalDay
2021-05-18,7359.0,50.0,0.0,0,411.94,0.0,1,5.99,5.49,SPY210524P00416000,416.0,0,0.0,0.0,,0.0,normalDay
2021-05-19,7359.0,-14.0,0.0,0,410.86,0.0,1,5.99,6.13,SPY210524P00416000,416.0,0,0.0,0.0,,0.0,normalDay
2021-05-20,7359.0,341.0,0.0,0,415.28,0.0,1,5.99,2.58,SPY210524P00416000,416.0,0,0.0,0.0,,0.0,normalDay
2021-05-21,7359.0,422.0,0.0,0,414.94,0.0,1,5.99,1.77,SPY210524P00416000,416.0,0,0.0,0.0,,0.0,normalDay
2021-05-24,7958.0,0.0,599.0,0,419.17,0.0,1,5.99,0.0,SPY210524P00416000,416.0,0,0.0,0.0,,0.0,expirationDay
2021-05-25,7958.0,-5.0,0.0,0,418.24,0.0,1,2.98,3.03,SPY210607P00416000,416.0,0,0.0,0.0,,0.0,normalDay
2021-05-26,7958.0,73.0,0.0,0,419.07,0.0,1,2.98,2.25,SPY210607P00416000,416.0,0,0.0,0.0,,0.0,normalDay
2021-05-27,7958.0,137.0,0.0,0,419.29,0.0,1,2.98,1.61,SPY210607P00416000,416.0,0,0.0,0.0,,0.0,normalDay
2021-05-28,7958.0,173.0,0.0,0,420.04,0.0,1,2.98,1.25,SPY210607P00416000,416.0,0,0.0,0.0,,0.0,normalDay
2021-06-01,7958.0,190.0,0.0,0,419.67,0.0,1,2.98,1.08,SPY210607P00416000,416.0,0,0.0,0.0,,0.0,normalDay
2021-06-02,7958.0,236.0,0.0,0,420.33,0.0,1,2.98,0.62,SPY210607P00416000,416.0,0,0.0,0.0,,0.0,normalDay
2021-06-03,7958.0,208.0,0.0,0,418.77,0.0,1,2.98,0.9,SPY210607P00416000,416.0,0,0.0,0.0,,0.0,normalDay
2021-06-04,7958.0,289.0,0.0,0,422.6,0.0,1,2.98,0.09,SPY210607P00416000,416.0,0,0.0,0.0,,0.0,normalDay
2021-06-07,8256.0,0.0,298.0,0,422.19,0.0,1,2.98,0.0,SPY210607P00416000,416.0,0,0.0,0.0,,0.0,expirationDay
2021-06-08,8256.0,-4.0,0.0,0,422.28,0.0,1,2.43,2.47,SPY210621P00417000,417.0,0,0.0,0.0,,0.0,normalDay
2021-06-09,8256.0,-32.0,0.0,0,421.65,0.0,1,2.43,2.75,SPY210621P00417000,417.0,0,0.0,0.0,,0.0,normalDay
2021-06-10,8256.0,95.0,0.0,0,423.61,0.0,1,2.43,1.48,SPY210621P00417000,417.0,0,0.0,0.0,,0.0,normalDay
2021-06-11,8256.0,131.0,0.0,0,424.31,0.0,1,2.43,1.12,SPY210621P00417000,417.0,0,0.0,0.0,,0.0,normalDay
2021-06-14,8256.0,159.0,0.0,0,425.26,0.0,1,2.43,0.84,SPY210621P00417000,417.0,0,0.0,0.0,,0.0,normalDay
2021-06-15,8256.0,140.0,0.0,0,424.48,0.0,1,2.43,1.03,SPY210621P00417000,417.0,0,0.0,0.0,,0.0,normalDay
2021-06-16,8256.0,92.0,0.0,0,422.11,0.0,1,2.43,1.51,SPY210621P00417000,417.0,0,0.0,0.0,,0.0,normalDay
2021-06-17,8256.0,155.0,0.0,0,421.97,0.0,1,2.43,0.88,SPY210621P00417000,417.0,0,0.0,0.0,,0.0,normalDay
2021-06-18,8256.0,-58.0,0.0,0,414.92,0.0,1,2.43,3.01,SPY210621P00417000,417.0,0,0.0,0.0,,0.0,normalDay
2021-06-21,8499.0,0.0,243.0,0,420.86,0.0,1,2.43,0.0,SPY210621P00417000,417.0,0,0.0,0.0,,0.0,expirationDay
2021-06-22,8499.0,-4.0,0.0,0,423.11,0.0,1,2.31,2.35,SPY210702P00421000,421.0,0,0.0,0.0,,0.0,normalDay
2021-06-23,8499.0,17.0,0.0,0,422.6,0.0,1,2.31,2.14,SPY210702P00421000,421.0,0,0.0,0.0,,0.0,normalDay
2021-06-24,8499.0,106.0,0.0,0,425.1,0.0,1,2.31,1.25,SPY210702P00421000,421.0,0,0.0,0.0,,0.0,normalDay
2021-06-25,8499.0,156.0,0.0,0,426.61,0.0,1,2.31,0.75,SPY210702P00421000,421.0,0,0.0,0.0,,0.0,normalDay
2021-06-28,8499.0,192.0,0.0,0,427.47,0.0,1,2.31,0.39,SPY210702P00421000,421.0,0,0.0,0.0,,0.0,normalDay
2021-06-29,8499.0,206.0,0.0,0,427.7,0.0,1,2.31,0.25,SPY210702P00421000,421.0,0,0.0,0.0,,0.0,normalDay
2021-06-30,8499.0,219.0,0.0,0,428.06,0.0,1,2.31,0.12,SPY210702P00421000,421.0,0,0.0,0.0,,0.0,normalDay
2021-07-01,8499.0,225.0,0.0,0,430.43,0.0,1,2.31,0.06,SPY210702P00421000,421.0,0,0.0,0.0,,0.0,normalDay
2021-07-02,8730.0,0.0,231.0,0,433.72,0.0,1,2.31,0.0,SPY210702P00421000,421.0,0,0.0,0.0,,0.0,expirationDay
2021-07-06,8730.0,-3.0,0.0,0,432.93,0.0,1,1.47,1.5,SPY210719P00425000,425.0,0,0.0,0.0,,0.0,normalDay
2021-07-07,8730.0,36.0,0.0,0,434.46,0.0,1,1.47,1.11,SPY210719P00425000,425.0,0,0.0,0.0,,0.0,normalDay
2021-07-08,8730.0,-84.0,0.0,0,430.92,0.0,1,1.47,2.31,SPY210719P00425000,425.0,0,0.0,0.0,,0.0,normalDay
2021-07-09,8730.0,69.0,0.0,0,435.52,0.0,1,1.47,0.78,SPY210719P00425000,425.0,0,0.0,0.0,,0.0,normalDay
2021-07-12,8730.0,107.0,0.0,0,437.08,0.0,1,1.47,0.4,SPY210719P00425000,425.0,0,0.0,0.0,,0.0,normalDay
2021-07-13,8730.0,94.0,0.0,0,435.59,0.0,1,1.47,0.53,SPY210719P00425000,425.0,0,0.0,0.0,,0.0,normalDay
2021-07-14,8730.0,127.0,0.0,0,436.24,0.0,1,1.47,0.2,SPY210719P00425000,425.0,0,0.0,0.0,,0.0,normalDay
2021-07-15,8730.0,123.0,0.0,0,434.75,0.0,1,1.47,0.24,SPY210719P00425000,425.0,0,0.0,0.0,,0.0,normalDay
2021-07-16,8730.0,120.0,0.0,0,431.34,0.0,1,1.47,0.27,SPY210719P00425000,425.0,0,0.0,0.0,,0.0,normalDay
2021-07-19,8877.0,-3.0,147.0,100,424.97,425.0,1,1.47,0.0,SPY210719P00425000,425.0,0,0.0,0.0,,0.0,expirationDay
2021-07-20,8877.0,603.0,0.0,100,431.06,425.0,0,0.0,0.0,,0.0,1,3.01,3.04,SPY210728C00432000,432.0,normalDay
2021-07-21,8877.0,801.0,0.0,100,434.55,425.0,0,0.0,0.0,,0.0,1,3.01,4.55,SPY210728C00432000,432.0,normalDay
2021-07-22,8877.0,851.0,0.0,100,435.46,425.0,0,0.0,0.0,,0.0,1,3.01,4.96,SPY210728C00432000,432.0,normalDay
2021-07-23,8877.0,977.0,0.0,100,439.94,425.0,0,0.0,0.0,,0.0,1,3.01,8.18,SPY210728C00432000,432.0,normalDay
2021-07-26,8877.0,987.0,0.0,100,441.02,425.0,0,0.0,0.0,,0.0,1,3.01,9.16,SPY210728C00432000,432.0,normalDay
2021-07-27,8877.0,1044.0,0.0,100,439.01,425.0,0,0.0,0.0,,0.0,1,3.01,6.58,SPY210728C00432000,432.0,normalDay
2021-07-28,9878.0,1044.0,1001.0,0,438.83,0.0,0,0.0,0.0,,0.0,1,3.01,0.0,SPY210728C00432000,432.0,expirationDay
2021-07-29,9878.0,-4.0,0.0,0,440.65,0.0,1,2.03,2.07,SPY210811P00435000,435.0,0,0.0,0.0,,0.0,normalDay
2021-07-30,9878.0,-32.0,0.0,0,438.51,0.0,1,2.03,2.35,SPY210811P00435000,435.0,0,0.0,0.0,,0.0,normalDay
2021-08-02,9878.0,-56.0,0.0,0,437.59,0.0,1,2.03,2.59,SPY210811P00435000,435.0,0,0.0,0.0,,0.0,normalDay
2021-08-03,9878.0,86.0,0.0,0,441.15,0.0,1,2.03,1.17,SPY210811P00435000,435.0,0,0.0,0.0,,0.0,normalDay
2021-08-04,9878.0,70.0,0.0,0,438.98,0.0,1,2.03,1.33,SPY210811P00435000,435.0,0,0.0,0.0,,0.0,normalDay
2021-08-05,9878.0,135.0,0.0,0,441.76,0.0,1,2.03,0.68,SPY210811P00435000,435.0,0,0.0,0.0,,0.0,normalDay
2021-08-06,9878.0,179.0,0.0,0,442.49,0.0,1,2.03,0.24,SPY210811P00435000,435.0,0,0.0,0.0,,0.0,normalDay
2021-08-09,9878.0,191.0,0.0,0,442.13,0.0,1,2.03,0.12,SPY210811P00435000,435.0,0,0.0,0.0,,0.0,normalDay
2021-08-10,9878.0,197.0,0.0,0,442.68,0.0,1,2.03,0.06,SPY210811P00435000,435.0,0,0.0,0.0,,0.0,normalDay
2021-08-11,10081.0,0.0,203.0,0,443.78,0.0,1,2.03,0.0,SPY210811P00435000,435.0,0,0.0,0.0,,0.0,expirationDay
2021-08-12,10081.0,-3.0,0.0,0,445.11,0.0,1,1.42,1.45,SPY210825P00439000,439.0,0,0.0,0.0,,0.0,normalDay
2021-08-13,10081.0,40.0,0.0,0,445.92,0.0,1,1.42,1.02,SPY210825P00439000,439.0,0,0.0,0.0,,0.0,normalDay
2021-08-16,10081.0,65.0,0.0,0,446.97,0.0,1,1.42,0.77,SPY210825P00439000,439.0,0,0.0,0.0,,0.0,normalDay
2021-08-17,10081.0,-28.0,0.0,0,444.04,0.0,1,1.42,1.7,SPY210825P00439000,439.0,0,0.0,0.0,,0.0,normalDay
2021-08-18,10081.0,-243.0,0.0,0,439.18,0.0,1,1.42,3.85,SPY210825P00439000,439.0,0,0.0,0.0,,0.0,normalDay
2021-08-19,10081.0,-162.0,0.0,0,439.86,0.0,1,1.42,3.04,SPY210825P00439000,439.0,0,0.0,0.0,,0.0,normalDay
2021-08-20,10081.0,54.0,0.0,0,443.36,0.0,1,1.42,0.88,SPY210825P00439000,439.0,0,0.0,0.0,,0.0,normalDay
2021-08-23,10081.0,131.0,0.0,0,447.26,0.0,1,1.42,0.11,SPY210825P00439000,439.0,0,0.0,0.0,,0.0,normalDay
2021-08-24,10081.0,137.0,0.0,0,447.97,0.0,1,1.42,0.05,SPY210825P00439000,439.0,0,0.0,0.0,,0.0,normalDay
2021-08-25,10223.0,0.0,142.0,0,448.91,0.0,1,1.42,0.0,SPY210825P00439000,439.0,0,0.0,0.0,,0.0,expirationDay
2021-08-26,10223.0,-4.0,0.0,0,446.26,0.0,1,2.86,2.9,SPY210908P00443000,443.0,0,0.0,0.0,,0.0,normalDay
2021-08-27,10223.0,170.0,0.0,0,450.25,0.0,1,2.86,1.16,SPY210908P00443000,443.0,0,0.0,0.0,,0.0,normalDay
2021-08-30,10223.0,228.0,0.0,0,452.23,0.0,1,2.86,0.58,SPY210908P00443000,443.0,0,0.0,0.0,,0.0,normalDay
2021-08-31,10223.0,226.0,0.0,0,451.56,0.0,1,2.86,0.6,SPY210908P00443000,443.0,0,0.0,0.0,,0.0,normalDay
2021-09-01,10223.0,247.0,0.0,0,451.8,0.0,1,2.86,0.39,SPY210908P00443000,443.0,0,0.0,0.0,,0.0,normalDay
2021-09-02,10223.0,254.0,0.0,0,453.19,0.0,1,2.86,0.32,SPY210908P00443000,443.0,0,0.0,0.0,,0.0,normalDay
2021-09-03,10223.0,270.0,0.0,0,453.08,0.0,1,2.86,0.16,SPY210908P00443000,443.0,0,0.0,0.0,,0.0,normalDay
2021-09-07,10223.0,281.0,0.0,0,451.46,0.0,1,2.86,0.05,SPY210908P00443000,443.0,0,0.0,0.0,,0.0,normalDay
2021-09-08,10509.0,0.0,286.0,0,450.91,0.0,1,2.86,0.0,SPY210908P00443000,443.0,0,0.0,0.0,,0.0,expirationDay
2021-09-09,10509.0,-12.0,0.0,0,448.98,0.0,1,4.51,4.63,SPY210922P00448000,448.0,0,0.0,0.0,,0.0,normalDay
2021-09-10,10509.0,-196.0,0.0,0,445.44,0.0,1,4.51,6.47,SPY210922P00448000,448.0,0,0.0,0.0,,0.0,normalDay
2021-09-13,10509.0,-53.0,0.0,0,446.58,0.0,1,4.51,5.04,SPY210922P00448000,448.0,0,0.0,0.0,,0.0,normalDay
2021-09-14,10509.0,-196.0,0.0,0,444.17,0.0,1,4.51,6.47,SPY210922P00448000,448.0,0,0.0,0.0,,0.0,normalDay
2021-09-15,10509.0,96.0,0.0,0,447.88,0.0,1,4.51,3.55,SPY210922P00448000,448.0,0,0.0,0.0,,0.0,normalDay
2021-09-16,10509.0,51.0,0.0,0,447.17,0.0,1,4.51,4.0,SPY210922P00448000,448.0,0,0.0,0.0,,0.0,normalDay
2021-09-17,10509.0,-273.0,0.0,0,441.4,0.0,1,4.51,7.24,SPY210922P00448000,448.0,0,0.0,0.0,,0.0,normalDay
2021-09-20,10509.0,-970.0,0.0,0,434.04,0.0,1,4.51,14.21,SPY210922P00448000,448.0,0,0.0,0.0,,0.0,normalDay
2021-09-21,10509.0,-1009.0,0.0,0,433.63,0.0,1,4.51,14.6,SPY210922P00448000,448.0,0,0.0,0.0,,0.0,normalDay
2021-09-22,10960.0,-1014.0,451.0,100,437.86,448.0,1,4.51,0.0,SPY210922P00448000,448.0,0,0.0,0.0,,0.0,expirationDay
2021-09-23,10960.0,-485.0,0.0,100,443.18,448.0,0,0.0,0.0,,0.0,1,1.28,1.31,SPY211001C00448000,448.0,normalDay
2021-09-24,10960.0,-387.0,0.0,100,443.91,448.0,0,0.0,0.0,,0.0,1,1.28,1.06,SPY211001C00448000,448.0,normalDay
2021-09-27,10960.0,-449.0,0.0,100,442.64,448.0,0,0.0,0.0,,0.0,1,1.28,0.41,SPY211001C00448000,448.0,normalDay
2021-09-28,10960.0,-1309.0,0.0,100,433.72,448.0,0,0.0,0.0,,0.0,1,1.28,0.09,SPY211001C00448000,448.0,normalDay
2021-09-29,10960.0,-1230.0,0.0,100,434.45,448.0,0,0.0,0.0,,0.0,1,1.28,0.03,SPY211001C00448000,448.0,normalDay
2021-09-30,10960.0,-1760.0,0.0,100,429.14,448.0,0,0.0,0.0,,0.0,1,1.28,0.02,SPY211001C00448000,448.0,normalDay
2021-10-01,11088.0,-1376.0,128.0,100,434.24,448.0,0,0.0,0.0,,0.0,1,1.28,0.0,SPY211001C00448000,448.0,expirationDay
2021-10-04,11088.0,-1939.0,0.0,100,428.64,448.0,0,0.0,0.0,,0.0,1,0.25,0.28,SPY211011C00443000,443.0,normalDay
2021-10-05,11088.0,-1500.0,0.0,100,433.1,448.0,0,0.0,0.0,,0.0,1,0.25,0.35,SPY211011C00443000,443.0,normalDay
2021-10-06,11088.0,-1327.0,0.0,100,434.9,448.0,0,0.0,0.0,,0.0,1,0.25,0.42,SPY211011C00443000,443.0,normalDay
2021-10-07,11088.0,-976.0,0.0,100,438.66,448.0,0,0.0,0.0,,0.0,1,0.25,0.67,SPY211011C00443000,443.0,normalDay
2021-10-08,11088.0,-1000.0,0.0,100,437.86,448.0,0,0.0,0.0,,0.0,1,0.25,0.11,SPY211011C00443000,443.0,normalDay
2021-10-11,11113.0,-1331.0,25.0,100,434.69,448.0,0,0.0,0.0,,0.0,1,0.25,0.0,SPY211011C00443000,443.0,expirationDay
2021-10-12,11113.0,-1442.0,0.0,100,433.62,448.0,0,0.0,0.0,,0.0,1,1.33,1.37,SPY211020C00439000,439.0,normalDay
2021-10-13,11113.0,-1304.0,0.0,100,435.18,448.0,0,0.0,0.0,,0.0,1,1.33,1.55,SPY211020C00439000,439.0,normalDay
2021-10-14,11113.0,-919.0,0.0,100,442.5,448.0,0,0.0,0.0,,0.0,1,1.33,5.02,SPY211020C00439000,439.0,normalDay
2021-10-15,11113.0,-820.0,0.0,100,445.87,448.0,0,0.0,0.0,,0.0,1,1.33,7.4,SPY211020C00439000,439.0,normalDay
2021-10-18,11113.0,-781.0,0.0,100,447.19,448.0,0,0.0,0.0,,0.0,1,1.33,8.33,SPY211020C00439000,439.0,normalDay
2021-10-19,11113.0,-813.0,0.0,100,450.64,448.0,0,0.0,0.0,,0.0,1,1.33,12.1,SPY211020C00439000,439.0,normalDay
2021-10-20,10346.0,-813.0,-767.0,0,452.41,0.0,0,0.0,0.0,,0.0,1,1.33,0.0,SPY211020C00439000,439.0,expirationDay
2021-10-21,10346.0,-3.0,0.0,0,453.59,0.0,1,0.78,0.81,SPY211103P00439000,439.0,0,0.0,0.0,,0.0,normalDay
2021-10-22,10346.0,1.0,0.0,0,453.12,0.0,1,0.78,0.77,SPY211103P00439000,439.0,0,0.0,0.0,,0.0,normalDay
2021-10-25,10346.0,36.0,0.0,0,455.55,0.0,1,0.78,0.42,SPY211103P00439000,439.0,0,0.0,0.0,,0.0,normalDay
2021-10-26,10346.0,38.0,0.0,0,455.96,0.0,1,0.78,0.4,SPY211103P00439000,439.0,0,0.0,0.0,,0.0,normalDay
2021-10-27,10346.0,35.0,0.0,0,453.94,0.0,1,0.78,0.43,SPY211103P00439000,439.0,0,0.0,0.0,,0.0,normalDay
2021-10-28,10346.0,61.0,0.0,0,458.32,0.0,1,0.78,0.17,SPY211103P00439000,439.0,0,0.0,0.0,,0.0,normalDay
2021-10-29,10346.0,71.0,0.0,0,459.25,0.0,1,0.78,0.07,SPY211103P00439000,439.0,0,0.0,0.0,,0.0,normalDay
2021-11-01,10346.0,75.0,0.0,0,460.04,0.0,1,0.78,0.03,SPY211103P00439000,439.0,0,0.0,0.0,,0.0,normalDay
2021-11-02,10346.0,76.0,0.0,0,461.9,0.0,1,0.78,0.02,SPY211103P00439000,439.0,0,0.0,0.0,,0.0,normalDay
2021-11-03,10424.0,0.0,78.0,0,464.72,0.0,1,0.78,0.0,SPY211103P00439000,439.0,0,0.0,0.0,,0.0,expirationDay
2021-11-04,10424.0,-3.0,0.0,0,466.91,0.0,1,0.83,0.86,SPY211117P00451000,451.0,0,0.0,0.0,,0.0,normalDay
2021-11-05,10424.0,14.0,0.0,0,468.53,0.0,1,0.83,0.69,SPY211117P00451000,451.0,0,0.0,0.0,,0.0,normalDay
2021-11-08,10424.0,32.0,0.0,0,468.93,0.0,1,0.83,0.51,SPY211117P00451000,451.0,0,0.0,0.0,,0.0,normalDay
2021-11-09,10424.0,29.0,0.0,0,467.38,0.0,1,0.83,0.54,SPY211117P00451000,451.0,0,0.0,0.0,,0.0,normalDay
2021-11-10,10424.0,9.0,0.0,0,463.62,0.0,1,0.83,0.74,SPY211117P00451000,451.0,0,0.0,0.0,,0.0,normalDay
2021-11-11,10424.0,46.0,0.0,0,463.77,0.0,1,0.83,0.37,SPY211117P00451000,451.0,0,0.0,0.0,,0.0,normalDay
2021-11-12,10424.0,73.0,0.0,0,467.27,0.0,1,0.83,0.1,SPY211117P00451000,451.0,0,0.0,0.0,,0.0,normalDay
2021-11-15,10424.0,79.0,0.0,0,467.43,0.0,1,0.83,0.04,SPY211117P00451000,451.0,0,0.0,0.0,,0.0,normalDay
2021-11-16,10424.0,80.0,0.0,0,469.28,0.0,1,0.83,0.03,SPY211117P00451000,451.0,0,0.0,0.0,,0.0,normalDay
2021-11-17,10507.0,0.0,83.0,0,468.14,0.0,1,0.83,0.0,SPY211117P00451000,451.0,0,0.0,0.0,,0.0,expirationDay
2021-11-18,10507.0,-4.0,0.0,0,469.73,0.0,1,1.76,1.8,SPY211201P00463000,463.0,0,0.0,0.0,,0.0,normalDay
2021-11-19,10507.0,-6.0,0.0,0,468.89,0.0,1,1.76,1.82,SPY211201P00463000,463.0,0,0.0,0.0,,0.0,normalDay
2021-11-22,10507.0,-37.0,0.0,0,467.57,0.0,1,1.76,2.13,SPY211201P00463000,463.0,0,0.0,0.0,,0.0,normalDay
2021-11-23,10507.0,-9.0,0.0,0,468.19,0.0,1,1.76,1.85,SPY211201P00463000,463.0,0,0.0,0.0,,0.0,normalDay
2021-11-24,10507.0,70.0,0.0,0,469.44,0.0,1,1.76,1.06,SPY211201P00463000,463.0,0,0.0,0.0,,0.0,normalDay
2021-11-26,10507.0,-672.0,0.0,0,458.97,0.0,1,1.76,8.48,SPY211201P00463000,463.0,0,0.0,0.0,,0.0,normalDay
2021-11-29,10507.0,7.0,0.0,0,464.6,0.0,1,1.76,1.69,SPY211201P00463000,463.0,0,0.0,0.0,,0.0,normalDay
2021-11-30,10507.0,-404.0,0.0,0,455.56,0.0,1,1.76,5.8,SPY211201P00463000,463.0,0,0.0,0.0,,0.0,normalDay
2021-12-01,10683.0,-1250.0,176.0,100,450.5,463.0,1,1.76,0.0,SPY211201P00463000,463.0,0,0.0,0.0,,0.0,expirationDay
2021-12-02,10683.0,-564.0,0.0,100,457.4,463.0,0,0.0,0.0,,0.0,1,1.57,1.61,SPY211210C00467000,467.0,normalDay
2021-12-03,10683.0,-872.0,0.0,100,453.42,463.0,0,0.0,0.0,,0.0,1,1.57,0.71,SPY211210C00467000,467.0,normalDay
2021-12-06,10683.0,-347.0,0.0,100,458.79,463.0,0,0.0,0.0,,0.0,1,1.57,0.83,SPY211210C00467000,467.0,normalDay
2021-12-07,10683.0,320.0,0.0,100,468.28,463.0,0,0.0,0.0,,0.0,1,1.57,3.65,SPY211210C00467000,467.0,normalDay
2021-12-08,10683.0,455.0,0.0,100,469.52,463.0,0,0.0,0.0,,0.0,1,1.57,3.54,SPY211210C00467000,467.0,normalDay
2021-12-09,10683.0,363.0,0.0,100,466.35,463.0,0,0.0,0.0,,0.0,1,1.57,1.29,SPY211210C00467000,467.0,normalDay
2021-12-10,11240.0,363.0,557.0,0,470.74,0.0,0,0.0,0.0,,0.0,1,1.57,0.0,SPY211210C00467000,467.0,expirationDay
2021-12-13,11240.0,-4.0,0.0,0,466.57,0.0,1,4.52,4.56,SPY211223P00464000,464.0,0,0.0,0.0,,0.0,normalDay
2021-12-14,11240.0,-176.0,0.0,0,463.36,0.0,1,4.52,6.28,SPY211223P00464000,464.0,0,0.0,0.0,,0.0,normalDay
2021-12-15,11240.0,227.0,0.0,0,470.6,0.0,1,4.52,2.25,SPY211223P00464000,464.0,0,0.0,0.0,,0.0,normalDay
2021-12-16,11240.0,81.0,0.0,0,466.45,0.0,1,4.52,3.71,SPY211223P00464000,464.0,0,0.0,0.0,,0.0,normalDay
2021-12-17,11240.0,-152.0,0.0,0,459.87,0.0,1,4.52,6.04,SPY211223P00464000,464.0,0,0.0,0.0,,0.0,normalDay
2021-12-20,11240.0,-462.0,0.0,0,454.98,0.0,1,4.52,9.14,SPY211223P00464000,464.0,0,0.0,0.0,,0.0,normalDay
2021-12-21,11240.0,156.0,0.0,0,463.06,0.0,1,4.52,2.96,SPY211223P00464000,464.0,0,0.0,0.0,,0.0,normalDay
2021-12-22,11240.0,416.0,0.0,0,467.69,0.0,1,4.52,0.36,SPY211223P00464000,464.0,0,0.0,0.0,,0.0,normalDay
2021-12-23,11692.0,0.0,452.0,0,470.6,0.0,1,4.52,0.0,SPY211223P00464000,464.0,0,0.0,0.0,,0.0,expirationDay
2021-12-27,11692.0,-3.0,0.0,0,477.26,0.0,1,1.07,1.1,SPY220107P00464000,464.0,0,0.0,0.0,,0.0,normalDay
2021-12-28,11692.0,13.0,0.0,0,476.87,0.0,1,1.07,0.94,SPY220107P00464000,464.0,0,0.0,0.0,,0.0,normalDay
2021-12-29,11692.0,55.0,0.0,0,477.48,0.0,1,1.07,0.52,SPY220107P00464000,464.0,0,0.0,0.0,,0.0,normalDay
2021-12-30,11692.0,44.0,0.0,0,476.16,0.0,1,1.07,0.63,SPY220107P00464000,464.0,0,0.0,0.0,,0.0,normalDay
2021-12-31,11692.0,60.0,0.0,0,474.96,0.0,1,1.07,0.47,SPY220107P00464000,464.0,0,0.0,0.0,,0.0,normalDay
2022-01-03,11692.0,95.0,0.0,0,477.71,0.0,1,1.07,0.12,SPY220107P00464000,464.0,0,0.0,0.0,,0.0,normalDay
2022-01-04,11692.0,96.0,0.0,0,477.55,0.0,1,1.07,0.11,SPY220107P00464000,464.0,0,0.0,0.0,,0.0,normalDay
2022-01-05,11692.0,1.0,0.0,0,468.38,0.0,1,1.07,1.06,SPY220107P00464000,464.0,0,0.0,0.0,,0.0,normalDay
2022-01-06,11692.0,57.0,0.0,0,467.94,0.0,1,1.07,0.5,SPY220107P00464000,464.0,0,0.0,0.0,,0.0,normalDay
2022-01-07,11799.0,0.0,107.0,0,466.09,0.0,1,1.07,0.0,SPY220107P00464000,464.0,0,0.0,0.0,,0.0,expirationDay
2022-01-10,11799.0,-12.0,0.0,0,465.51,0.0,1,6.4,6.52,SPY220121P00469000,469.0,0,0.0,0.0,,0.0,normalDay
2022-01-11,11799.0,228.0,0.0,0,469.75,0.0,1,6.4,4.12,SPY220121P00469000,469.0,0,0.0,0.0,,0.0,normalDay
2022-01-12,11799.0,334.0,0.0,0,471.02,0.0,1,6.4,3.06,SPY220121P00469000,469.0,0,0.0,0.0,,0.0,normalDay
2022-01-13,11799.0,-49.0,0.0,0,464.53,0.0,1,6.4,6.89,SPY220121P00469000,469.0,0,0.0,0.0,,0.0,normalDay
2022-01-14,11799.0,43.0,0.0,0,464.72,0.0,1,6.4,5.97,SPY220121P00469000,469.0,0,0.0,0.0,,0.0,normalDay
2022-01-18,11799.0,-665.0,0.0,0,456.49,0.0,1,6.4,13.05,SPY220121P00469000,469.0,0,0.0,0.0,,0.0,normalDay
2022-01-19,11799.0,-1066.0,0.0,0,451.75,0.0,1,6.4,17.06,SPY220121P00469000,469.0,0,0.0,0.0,,0.0,normalDay
2022-01-20,11799.0,-1645.0,0.0,0,446.75,0.0,1,6.4,22.85,SPY220121P00469000,469.0,0,0.0,0.0,,0.0,normalDay
2022-01-21,12439.0,-3102.0,640.0,100,437.98,469.0,1,6.4,0.0,SPY220121P00469000,469.0,0,0.0,0.0,,0.0,expirationDay
2022-01-24,12439.0,-2919.0,0.0,100,439.84,469.0,0,0.0,0.0,,0.0,1,0.11,0.14,SPY220131C00470000,470.0,normalDay
2022-01-25,12439.0,-3447.0,0.0,100,434.47,469.0,0,0.0,0.0,,0.0,1,0.11,0.05,SPY220131C00470000,470.0,normalDay
2022-01-26,12439.0,-3554.0,0.0,100,433.38,469.0,0,0.0,0.0,,0.0,1,0.11,0.03,SPY220131C00470000,470.0,normalDay
2022-01-27,12439.0,-3767.0,0.0,100,431.24,469.0,0,0.0,0.0,,0.0,1,0.11,0.02,SPY220131C00470000,470.0,normalDay
2022-01-28,12439.0,-2695.0,0.0,100,441.95,469.0,0,0.0,0.0,,0.0,1,0.11,0.01,SPY220131C00470000,470.0,normalDay
2022-01-31,12450.0,-1909.0,11.0,100,449.91,469.0,0,0.0,0.0,,0.0,1,0.11,0.0,SPY220131C00470000,470.0,expirationDay
2022-02-01,12450.0,-1609.0,0.0,100,452.95,469.0,0,0.0,0.0,,0.0,1,2.49,2.53,SPY220209C00458000,458.0,normalDay
2022-02-02,12450.0,-1226.0,0.0,100,457.35,469.0,0,0.0,0.0,,0.0,1,2.49,3.1,SPY220209C00458000,458.0,normalDay
2022-02-03,12450.0,-2151.0,0.0,100,446.6,469.0,0,0.0,0.0,,0.0,1,2.49,1.6,SPY220209C00458000,458.0,normalDay
2022-02-04,12450.0,-1838.0,0.0,100,448.7,469.0,0,0.0,0.0,,0.0,1,2.49,0.57,SPY220209C00458000,458.0,normalDay
2022-02-07,12450.0,-1942.0,0.0,100,447.26,469.0,0,0.0,0.0,,0.0,1,2.49,0.17,SPY220209C00458000,458.0,normalDay
2022-02-08,12450.0,-1569.0,0.0,100,450.94,469.0,0,0.0,0.0,,0.0,1,2.49,0.12,SPY220209C00458000,458.0,normalDay
2022-02-09,12699.0,-1146.0,249.0,100,457.54,469.0,0,0.0,0.0,,0.0,1,2.49,0.0,SPY220209C00458000,458.0,expirationDay
2022-02-10,12699.0,-1971.0,0.0,100,449.32,469.0,0,0.0,0.0,,0.0,1,4.81,4.84,SPY220218C00451000,451.0,normalDay
2022-02-11,12699.0,-2552.0,0.0,100,440.46,469.0,0,0.0,0.0,,0.0,1,4.81,1.79,SPY220218C00451000,451.0,normalDay
2022-02-14,12699.0,-2596.0,0.0,100,439.02,469.0,0,0.0,0.0,,0.0,1,4.81,0.79,SPY220218C00451000,451.0,normalDay
2022-02-15,12699.0,-1943.0,0.0,100,446.1,469.0,0,0.0,0.0,,0.0,1,4.81,1.34,SPY220218C00451000,451.0,normalDay
2022-02-16,12699.0,-1852.0,0.0,100,446.6,469.0,0,0.0,0.0,,0.0,1,4.81,0.93,SPY220218C00451000,451.0,normalDay
2022-02-17,12699.0,-2718.0,0.0,100,437.06,469.0,0,0.0,0.0,,0.0,1,4.81,0.05,SPY220218C00451000,451.0,normalDay
2022-02-18,13180.0,-3477.0,481.0,100,434.23,469.0,0,0.0,0.0,,0.0,1,4.81,0.0,SPY220218C00451000,451.0,expirationDay
2022-02-22,13180.0,-3948.0,0.0,100,429.57,469.0,0,0.0,0.0,,0.0,1,0.98,1.03,SPY220302C00446000,446.0,normalDay
2022-02-23,13180.0,-4628.0,0.0,100,421.95,469.0,0,0.0,0.0,,0.0,1,0.98,0.21,SPY220302C00446000,446.0,normalDay
2022-02-24,13180.0,-4000.0,0.0,100,428.3,469.0,0,0.0,0.0,,0.0,1,0.98,0.28,SPY220302C00446000,446.0,normalDay
2022-02-25,13180.0,-3144.0,0.0,100,437.75,469.0,0,0.0,0.0,,0.0,1,0.98,1.17,SPY220302C00446000,446.0,normalDay
2022-02-28,13180.0,-3200.0,0.0,100,436.63,469.0,0,0.0,0.0,,0.0,1,0.98,0.61,SPY220302C00446000,446.0,normalDay
2022-03-01,13180.0,-3810.0,0.0,100,429.98,469.0,0,0.0,0.0,,0.0,1,0.98,0.06,SPY220302C00446000,446.0,normalDay
2022-03-02,13278.0,-3111.0,98.0,100,437.89,469.0,0,0.0,0.0,,0.0,1,0.98,0.0,SPY220302C00446000,446.0,expirationDay
2022-03-03,13278.0,-3334.0,0.0,100,435.71,469.0,0,0.0,0.0,,0.0,1,3.26,3.31,SPY220311C00443000,443.0,normalDay
2022-03-04,13278.0,-3523.0,0.0,100,432.17,469.0,0,0.0,0.0,,0.0,1,3.26,1.66,SPY220311C00443000,443.0,normalDay
2022-03-07,13278.0,-4648.0,0.0,100,419.43,469.0,0,0.0,0.0,,0.0,1,3.26,0.17,SPY220311C00443000,443.0,normalDay
2022-03-08,13278.0,-4957.0,0.0,100,416.25,469.0,0,0.0,0.0,,0.0,1,3.26,0.08,SPY220311C00443000,443.0,normalDay
2022-03-09,13278.0,-3849.0,0.0,100,427.41,469.0,0,0.0,0.0,,0.0,1,3.26,0.16,SPY220311C00443000,443.0,normalDay
2022-03-10,13278.0,-4028.0,0.0,100,425.48,469.0,0,0.0,0.0,,0.0,1,3.26,0.02,SPY220311C00443000,443.0,normalDay
2022-03-11,13604.0,-4893.0,326.0,100,420.07,469.0,0,0.0,0.0,,0.0,1,3.26,0.0,SPY220311C00443000,443.0,expirationDay
2022-03-14,13604.0,-5203.0,0.0,100,417.0,469.0,0,0.0,0.0,,0.0,1,0.92,0.95,SPY220321C00434000,434.0,normalDay
2022-03-15,13604.0,-4392.0,0.0,100,426.17,469.0,0,0.0,0.0,,0.0,1,0.92,2.01,SPY220321C00434000,434.0,normalDay
2022-03-16,13604.0,-3703.0,0.0,100,435.62,469.0,0,0.0,0.0,,0.0,1,0.92,4.57,SPY220321C00434000,434.0,normalDay
2022-03-17,13604.0,-3408.0,0.0,100,441.07,469.0,0,0.0,0.0,,0.0,1,0.92,7.07,SPY220321C00434000,434.0,normalDay
2022-03-18,13604.0,-3471.0,0.0,100,444.52,469.0,0,0.0,0.0,,0.0,1,0.92,11.15,SPY220321C00434000,434.0,normalDay
2022-03-21,10196.0,-3471.0,-3408.0,0,444.39,0.0,0,0.0,0.0,,0.0,1,0.92,0.0,SPY220321C00434000,434.0,expirationDay
2022-03-22,10196.0,-9.0,0.0,0,449.59,0.0,1,1.8,1.89,SPY220404P00431000,431.0,0,0.0,0.0,,0.0,normalDay
2022-03-23,10196.0,-80.0,0.0,0,443.8,0.0,1,1.8,2.6,SPY220404P00431000,431.0,0,0.0,0.0,,0.0,normalDay
2022-03-24,10196.0,70.0,0.0,0,450.49,0.0,1,1.8,1.1,SPY220404P00431000,431.0,0,0.0,0.0,,0.0,normalDay
2022-03-25,10196.0,120.0,0.0,0,452.69,0.0,1,1.8,0.6,SPY220404P00431000,431.0,0,0.0,0.0,,0.0,normalDay
2022-03-28,10196.0,163.0,0.0,0,455.91,0.0,1,1.8,0.17,SPY220404P00431000,431.0,0,0.0,0.0,,0.0,normalDay
2022-03-29,10196.0,171.0,0.0,0,461.55,0.0,1,1.8,0.09,SPY220404P00431000,431.0,0,0.0,0.0,,0.0,normalDay
2022-03-30,10196.0,175.0,0.0,0,458.7,0.0,1,1.8,0.05,SPY220404P00431000,431.0,0,0.0,0.0,,0.0,normalDay
2022-03-31,10196.0,170.0,0.0,0,451.64,0.0,1,1.8,0.1,SPY220404P00431000,431.0,0,0.0,0.0,,0.0,normalDay
2022-04-01,10196.0,177.0,0.0,0,452.92,0.0,1,1.8,0.03,SPY220404P00431000,431.0,0,0.0,0.0,,0.0,normalDay
2022-04-04,10376.0,0.0,180.0,0,456.8,0.0,1,1.8,0.0,SPY220404P00431000,431.0,0,0.0,0.0,,0.0,expirationDay
2022-04-05,10376.0,-4.0,0.0,0,451.03,0.0,1,2.51,2.55,SPY220418P00443000,443.0,0,0.0,0.0,,0.0,normalDay
2022-04-06,10376.0,-134.0,0.0,0,446.52,0.0,1,2.51,3.85,SPY220418P00443000,443.0,0,0.0,0.0,,0.0,normalDay
2022-04-07,10376.0,-40.0,0.0,0,448.77,0.0,1,2.51,2.91,SPY220418P00443000,443.0,0,0.0,0.0,,0.0,normalDay
2022-04-08,10376.0,-18.0,0.0,0,447.57,0.0,1,2.51,2.69,SPY220418P00443000,443.0,0,0.0,0.0,,0.0,normalDay
2022-04-11,10376.0,-364.0,0.0,0,439.92,0.0,1,2.51,6.15,SPY220418P00443000,443.0,0,0.0,0.0,,0.0,normalDay
2022-04-12,10376.0,-388.0,0.0,0,438.29,0.0,1,2.51,6.39,SPY220418P00443000,443.0,0,0.0,0.0,,0.0,normalDay
2022-04-13,10376.0,-26.0,0.0,0,443.31,0.0,1,2.51,2.77,SPY220418P00443000,443.0,0,0.0,0.0,,0.0,normalDay
2022-04-14,10376.0,-329.0,0.0,0,437.79,0.0,1,2.51,5.8,SPY220418P00443000,443.0,0,0.0,0.0,,0.0,normalDay
2022-04-18,10627.0,-503.0,251.0,100,437.97,443.0,1,2.51,0.0,SPY220418P00443000,443.0,0,0.0,0.0,,0.0,expirationDay
2022-04-19,10627.0,200.0,0.0,100,445.04,443.0,0,0.0,0.0,,0.0,1,1.33,1.37,SPY220427C00451000,451.0,normalDay
2022-04-20,10627.0,132.0,0.0,100,444.71,443.0,0,0.0,0.0,,0.0,1,1.33,1.72,SPY220427C00451000,451.0,normalDay
2022-04-21,10627.0,-390.0,0.0,100,438.06,443.0,0,0.0,0.0,,0.0,1,1.33,0.29,SPY220427C00451000,451.0,normalDay
2022-04-22,10627.0,-1567.0,0.0,100,426.04,443.0,0,0.0,0.0,,0.0,1,1.33,0.04,SPY220427C00451000,451.0,normalDay
2022-04-25,10627.0,-1318.0,0.0,100,428.51,443.0,0,0.0,0.0,,0.0,1,1.33,0.02,SPY220427C00451000,451.0,normalDay
2022-04-26,10627.0,-2558.0,0.0,100,416.1,443.0,0,0.0,0.0,,0.0,1,1.33,0.01,SPY220427C00451000,451.0,normalDay
2022-04-27,10760.0,-2573.0,133.0,100,417.27,443.0,0,0.0,0.0,,0.0,1,1.33,0.0,SPY220427C00451000,451.0,expirationDay
2022-04-28,10760.0,-1522.0,0.0,100,427.81,443.0,0,0.0,0.0,,0.0,1,0.86,0.89,SPY220506C00443000,443.0,normalDay
2022-04-29,10760.0,-3028.0,0.0,100,412.0,443.0,0,0.0,0.0,,0.0,1,0.86,0.14,SPY220506C00443000,443.0,normalDay
2022-05-02,10760.0,-2778.0,0.0,100,414.48,443.0,0,0.0,0.0,,0.0,1,0.86,0.12,SPY220506C00443000,443.0,normalDay
2022-05-03,10760.0,-2581.0,0.0,100,416.38,443.0,0,0.0,0.0,,0.0,1,0.86,0.05,SPY220506C00443000,443.0,normalDay
2022-05-04,10760.0,-1319.0,0.0,100,429.06,443.0,0,0.0,0.0,,0.0,1,0.86,0.11,SPY220506C00443000,443.0,normalDay
2022-05-05,10760.0,-2835.0,0.0,100,413.81,443.0,0,0.0,0.0,,0.0,1,0.86,0.02,SPY220506C00443000,443.0,normalDay
2022-05-06,10846.0,-3166.0,86.0,100,411.34,443.0,0,0.0,0.0,,0.0,1,0.86,0.0,SPY220506C00443000,443.0,expirationDay
2022-05-09,10846.0,-4486.0,0.0,100,398.17,443.0,0,0.0,0.0,,0.0,1,0.18,0.21,SPY220516C00431000,431.0,normalDay
2022-05-10,10846.0,-4384.0,0.0,100,399.09,443.0,0,0.0,0.0,,0.0,1,0.18,0.11,SPY220516C00431000,431.0,normalDay
2022-05-11,10846.0,-5011.0,0.0,100,392.75,443.0,0,0.0,0.0,,0.0,1,0.18,0.04,SPY220516C00431000,431.0,normalDay
2022-05-12,10846.0,-5050.0,0.0,100,392.34,443.0,0,0.0,0.0,,0.0,1,0.18,0.02,SPY220516C00431000,431.0,normalDay
2022-05-13,10846.0,-4111.0,0.0,100,401.72,443.0,0,0.0,0.0,,0.0,1,0.18,0.01,SPY220516C00431000,431.0,normalDay
2022-05-16,10864.0,-4291.0,18.0,100,400.09,443.0,0,0.0,0.0,,0.0,1,0.18,0.0,SPY220516C00431000,431.0,expirationDay
2022-05-17,10864.0,-3472.0,0.0,100,408.32,443.0,0,0.0,0.0,,0.0,1,1.98,2.02,SPY220525C00418000,418.0,normalDay
2022-05-18,10864.0,-4936.0,0.0,100,391.86,443.0,0,0.0,0.0,,0.0,1,1.98,0.2,SPY220525C00418000,418.0,normalDay
2022-05-19,10864.0,-5168.0,0.0,100,389.46,443.0,0,0.0,0.0,,0.0,1,1.98,0.12,SPY220525C00418000,418.0,normalDay
2022-05-20,10864.0,-5144.0,0.0,100,389.63,443.0,0,0.0,0.0,,0.0,1,1.98,0.05,SPY220525C00418000,418.0,normalDay
2022-05-23,10864.0,-4414.0,0.0,100,396.92,443.0,0,0.0,0.0,,0.0,1,1.98,0.04,SPY220525C00418000,418.0,normalDay
2022-05-24,10864.0,-4714.0,0.0,100,393.89,443.0,0,0.0,0.0,,0.0,1,1.98,0.01,SPY220525C00418000,418.0,normalDay
2022-05-25,11062.0,-4563.0,198.0,100,397.37,443.0,0,0.0,0.0,,0.0,1,1.98,0.0,SPY220525C00418000,418.0,expirationDay
2022-05-26,11062.0,-3774.0,0.0,100,405.31,443.0,0,0.0,0.0,,0.0,1,4.97,5.02,SPY220603C00406000,406.0,normalDay
2022-05-27,11062.0,-3414.0,0.0,100,415.26,443.0,0,0.0,0.0,,0.0,1,4.97,11.37,SPY220603C00406000,406.0,normalDay
2022-05-31,11062.0,-3354.0,0.0,100,412.93,443.0,0,0.0,0.0,,0.0,1,4.97,8.44,SPY220603C00406000,406.0,normalDay
2022-06-01,11062.0,-3386.0,0.0,100,409.59,443.0,0,0.0,0.0,,0.0,1,4.97,5.42,SPY220603C00406000,406.0,normalDay
2022-06-02,11062.0,-3229.0,0.0,100,417.39,443.0,0,0.0,0.0,,0.0,1,4.97,11.65,SPY220603C00406000,406.0,normalDay
2022-06-03,7859.0,-3229.0,-3203.0,0,410.54,0.0,0,0.0,0.0,,0.0,1,4.97,0.0,SPY220603C00406000,406.0,expirationDay
2022-06-06,7859.0,-3.0,0.0,0,411.79,0.0,1,4.09,4.12,SPY220617P00402000,402.0,0,0.0,0.0,,0.0,normalDay
2022-06-07,7859.0,139.0,0.0,0,415.74,0.0,1,4.09,2.7,SPY220617P00402000,402.0,0,0.0,0.0,,0.0,normalDay
2022-06-08,7859.0,71.0,0.0,0,411.22,0.0,1,4.09,3.38,SPY220617P00402000,402.0,0,0.0,0.0,,0.0,normalDay
2022-06-09,7859.0,-351.0,0.0,0,401.44,0.0,1,4.09,7.6,SPY220617P00402000,402.0,0,0.0,0.0,,0.0,normalDay
2022-06-10,7859.0,-1068.0,0.0,0,389.8,0.0,1,4.09,14.77,SPY220617P00402000,402.0,0,0.0,0.0,,0.0,normalDay
2022-06-13,7859.0,-2487.0,0.0,0,375.0,0.0,1,4.09,28.96,SPY220617P00402000,402.0,0,0.0,0.0,,0.0,normalDay
2022-06-14,7859.0,-2666.0,0.0,0,373.87,0.0,1,4.09,30.75,SPY220617P00402000,402.0,0,0.0,0.0,,0.0,normalDay
2022-06-15,7859.0,-2055.0,0.0,0,379.2,0.0,1,4.09,24.64,SPY220617P00402000,402.0,0,0.0,0.0,,0.0,normalDay
2022-06-16,7859.0,-3231.0,0.0,0,366.65,0.0,1,4.09,36.4,SPY220617P00402000,402.0,0,0.0,0.0,,0.0,normalDay
2022-06-17,8268.0,-3614.0,409.0,100,365.86,402.0,1,4.09,0.0,SPY220617P00402000,402.0,0,0.0,0.0,,0.0,expirationDay
2022-06-21,8268.0,-2696.0,0.0,100,375.07,402.0,0,0.0,0.0,,0.0,1,0.12,0.15,SPY220629C00402000,402.0,normalDay
2022-06-22,8268.0,-2759.0,0.0,100,374.39,402.0,0,0.0,0.0,,0.0,1,0.12,0.1,SPY220629C00402000,402.0,normalDay
2022-06-23,8268.0,-2390.0,0.0,100,378.06,402.0,0,0.0,0.0,,0.0,1,0.12,0.08,SPY220629C00402000,402.0,normalDay
2022-06-24,8268.0,-1222.0,0.0,100,390.08,402.0,0,0.0,0.0,,0.0,1,0.12,0.42,SPY220629C00402000,402.0,normalDay
2022-06-27,8268.0,-1352.0,0.0,100,388.59,402.0,0,0.0,0.0,,0.0,1,0.12,0.23,SPY220629C00402000,402.0,normalDay
2022-06-28,8268.0,-2124.0,0.0,100,380.65,402.0,0,0.0,0.0,,0.0,1,0.12,0.01,SPY220629C00402000,402.0,normalDay
2022-06-29,8280.0,-2166.0,12.0,100,380.34,402.0,0,0.0,0.0,,0.0,1,0.12,0.0,SPY220629C00402000,402.0,expirationDay
2022-06-30,8280.0,-2478.0,0.0,100,377.25,402.0,0,0.0,0.0,,0.0,1,0.59,0.62,SPY220708C00393000,393.0,normalDay
2022-07-01,8280.0,-2086.0,0.0,100,381.24,402.0,0,0.0,0.0,,0.0,1,0.59,0.69,SPY220708C00393000,393.0,normalDay
2022-07-05,8280.0,-1990.0,0.0,100,381.96,402.0,0,0.0,0.0,,0.0,1,0.59,0.45,SPY220708C00393000,393.0,normalDay
2022-07-06,8280.0,-1853.0,0.0,100,383.25,402.0,0,0.0,0.0,,0.0,1,0.59,0.37,SPY220708C00393000,393.0,normalDay
2022-07-07,8280.0,-1299.0,0.0,100,388.99,402.0,0,0.0,0.0,,0.0,1,0.59,0.57,SPY220708C00393000,393.0,normalDay
2022-07-08,8339.0,-1333.0,59.0,100,388.67,402.0,0,0.0,0.0,,0.0,1,0.59,0.0,SPY220708C00393000,393.0,expirationDay
2022-07-11,8339.0,-1785.0,0.0,100,384.23,402.0,0,0.0,0.0,,0.0,1,6.36,6.44,SPY220718C00382000,382.0,normalDay
2022-07-12,8339.0,-1905.0,0.0,100,380.83,402.0,0,0.0,0.0,,0.0,1,6.36,4.24,SPY220718C00382000,382.0,normalDay
2022-07-13,8339.0,-1940.0,0.0,100,378.83,402.0,0,0.0,0.0,,0.0,1,6.36,2.59,SPY220718C00382000,382.0,normalDay
2022-07-14,8339.0,-1927.0,0.0,100,377.91,402.0,0,0.0,0.0,,0.0,1,6.36,1.54,SPY220718C00382000,382.0,normalDay
2022-07-15,8339.0,-1445.0,0.0,100,385.13,402.0,0,0.0,0.0,,0.0,1,6.36,3.94,SPY220718C00382000,382.0,normalDay
2022-07-18,8975.0,-2005.0,636.0,100,381.95,402.0,0,0.0,0.0,,0.0,1,6.36,0.0,SPY220718C00382000,382.0,expirationDay
2022-07-19,8975.0,-979.0,0.0,100,392.27,402.0,0,0.0,0.0,,0.0,1,11.5,11.56,SPY220727C00384000,384.0,normalDay
2022-07-20,8975.0,-878.0,0.0,100,394.77,402.0,0,0.0,0.0,,0.0,1,11.5,13.05,SPY220727C00384000,384.0,normalDay
2022-07-21,8975.0,-711.0,0.0,100,398.79,402.0,0,0.0,0.0,,0.0,1,11.5,15.4,SPY220727C00384000,384.0,normalDay
2022-07-22,8975.0,-704.0,0.0,100,395.09,402.0,0,0.0,0.0,,0.0,1,11.5,11.63,SPY220727C00384000,384.0,normalDay
2022-07-25,8975.0,-743.0,0.0,100,395.57,402.0,0,0.0,0.0,,0.0,1,11.5,12.5,SPY220727C00384000,384.0,normalDay
2022-07-26,8975.0,-804.0,0.0,100,390.89,402.0,0,0.0,0.0,,0.0,1,11.5,8.43,SPY220727C00384000,384.0,normalDay
2022-07-27,8325.0,-804.0,-650.0,0,401.04,0.0,0,0.0,0.0,,0.0,1,11.5,0.0,SPY220727C00384000,384.0,expirationDay
2022-07-28,8325.0,-4.0,0.0,0,406.07,0.0,1,1.13,1.17,SPY220810P00388000,388.0,0,0.0,0.0,,0.0,normalDay
2022-07-29,8325.0,62.0,0.0,0,411.99,0.0,1,1.13,0.51,SPY220810P00388000,388.0,0,0.0,0.0,,0.0,normalDay
2022-08-01,8325.0,58.0,0.0,0,410.77,0.0,1,1.13,0.55,SPY220810P00388000,388.0,0,0.0,0.0,,0.0,normalDay
2022-08-02,8325.0,43.0,0.0,0,408.06,0.0,1,1.13,0.7,SPY220810P00388000,388.0,0,0.0,0.0,,0.0,normalDay
2022-08-03,8325.0,97.0,0.0,0,414.45,0.0,1,1.13,0.16,SPY220810P00388000,388.0,0,0.0,0.0,,0.0,normalDay
2022-08-04,8325.0,105.0,0.0,0,414.17,0.0,1,1.13,0.08,SPY220810P00388000,388.0,0,0.0,0.0,,0.0,normalDay
2022-08-05,8325.0,107.0,0.0,0,413.47,0.0,1,1.13,0.06,SPY220810P00388000,388.0,0,0.0,0.0,,0.0,normalDay
2022-08-08,8325.0,110.0,0.0,0,412.99,0.0,1,1.13,0.03,SPY220810P00388000,388.0,0,0.0,0.0,,0.0,normalDay
2022-08-09,8325.0,111.0,0.0,0,411.35,0.0,1,1.13,0.02,SPY220810P00388000,388.0,0,0.0,0.0,,0.0,normalDay
2022-08-10,8438.0,0.0,113.0,0,419.99,0.0,1,1.13,0.0,SPY220810P00388000,388.0,0,0.0,0.0,,0.0,expirationDay
2022-08-11,8438.0,-3.0,0.0,0,419.99,0.0,1,1.05,1.08,SPY220824P00404000,404.0,0,0.0,0.0,,0.0,normalDay
2022-08-12,8438.0,62.0,0.0,0,427.1,0.0,1,1.05,0.43,SPY220824P00404000,404.0,0,0.0,0.0,,0.0,normalDay
2022-08-15,8438.0,84.0,0.0,0,428.86,0.0,1,1.05,0.21,SPY220824P00404000,404.0,0,0.0,0.0,,0.0,normalDay
2022-08-16,8438.0,88.0,0.0,0,429.7,0.0,1,1.05,0.17,SPY220824P00404000,404.0,0,0.0,0.0,,0.0,normalDay
2022-08-17,8438.0,93.0,0.0,0,426.65,0.0,1,1.05,0.12,SPY220824P00404000,404.0,0,0.0,0.0,,0.0,normalDay
2022-08-18,8438.0,98.0,0.0,0,427.89,0.0,1,1.05,0.07,SPY220824P00404000,404.0,0,0.0,0.0,,0.0,normalDay
2022-08-19,8438.0,98.0,0.0,0,422.14,0.0,1,1.05,0.07,SPY220824P00404000,404.0,0,0.0,0.0,,0.0,normalDay
2022-08-22,8438.0,73.0,0.0,0,413.35,0.0,1,1.05,0.32,SPY220824P00404000,404.0,0,0.0,0.0,,0.0,normalDay
2022-08-23,8438.0,92.0,0.0,0,412.35,0.0,1,1.05,0.13,SPY220824P00404000,404.0,0,0.0,0.0,,0.0,normalDay
2022-08-24,8543.0,0.0,105.0,0,413.67,0.0,1,1.05,0.0,SPY220824P00404000,404.0,0,0.0,0.0,,0.0,expirationDay
2022-08-25,8543.0,-4.0,0.0,0,419.51,0.0,1,5.04,5.08,SPY220907P00418000,418.0,0,0.0,0.0,,0.0,normalDay
2022-08-26,8543.0,-922.0,0.0,0,405.31,0.0,1,5.04,14.26,SPY220907P00418000,418.0,0,0.0,0.0,,0.0,normalDay
2022-08-29,8543.0,-1085.0,0.0,0,402.63,0.0,1,5.04,15.89,SPY220907P00418000,418.0,0,0.0,0.0,,0.0,normalDay
2022-08-30,8543.0,-1491.0,0.0,0,398.21,0.0,1,5.04,19.95,SPY220907P00418000,418.0,0,0.0,0.0,,0.0,normalDay
2022-08-31,8543.0,-1768.0,0.0,0,395.18,0.0,1,5.04,22.72,SPY220907P00418000,418.0,0,0.0,0.0,,0.0,normalDay
2022-09-01,8543.0,-1665.0,0.0,0,396.42,0.0,1,5.04,21.69,SPY220907P00418000,418.0,0,0.0,0.0,,0.0,normalDay
2022-09-02,8543.0,-2037.0,0.0,0,392.24,0.0,1,5.04,25.41,SPY220907P00418000,418.0,0,0.0,0.0,,0.0,normalDay
2022-09-06,8543.0,-2277.0,0.0,0,390.76,0.0,1,5.04,27.81,SPY220907P00418000,418.0,0,0.0,0.0,,0.0,normalDay
2022-09-07,9047.0,-2022.0,504.0,100,397.78,418.0,1,5.04,0.0,SPY220907P00418000,418.0,0,0.0,0.0,,0.0,expirationDay
2022-09-08,9047.0,-1765.0,0.0,100,400.38,418.0,0,0.0,0.0,,0.0,1,0.62,0.65,SPY220916C00415000,415.0,normalDay
2022-09-09,9047.0,-1198.0,0.0,100,406.6,418.0,0,0.0,0.0,,0.0,1,0.62,1.2,SPY220916C00415000,415.0,normalDay
2022-09-12,9047.0,-905.0,0.0,100,410.97,418.0,0,0.0,0.0,,0.0,1,0.62,2.64,SPY220916C00415000,415.0,normalDay
2022-09-13,9047.0,-2436.0,0.0,100,393.1,418.0,0,0.0,0.0,,0.0,1,0.62,0.08,SPY220916C00415000,415.0,normalDay
2022-09-14,9047.0,-2281.0,0.0,100,394.6,418.0,0,0.0,0.0,,0.0,1,0.62,0.03,SPY220916C00415000,415.0,normalDay
2022-09-15,9047.0,-2727.0,0.0,100,390.12,418.0,0,0.0,0.0,,0.0,1,0.62,0.01,SPY220916C00415000,415.0,normalDay
2022-09-16,9109.0,-3244.0,62.0,100,385.56,418.0,0,0.0,0.0,,0.0,1,0.62,0.0,SPY220916C00415000,415.0,expirationDay
2022-09-19,9109.0,-2948.0,0.0,100,388.55,418.0,0,0.0,0.0,,0.0,1,0.86,0.89,SPY220926C00403000,403.0,normalDay
2022-09-20,9109.0,-3353.0,0.0,100,384.09,418.0,0,0.0,0.0,,0.0,1,0.86,0.48,SPY220926C00403000,403.0,normalDay
2022-09-21,9109.0,-3984.0,0.0,100,377.39,418.0,0,0.0,0.0,,0.0,1,0.86,0.09,SPY220926C00403000,403.0,normalDay
2022-09-22,9109.0,-4293.0,0.0,100,374.22,418.0,0,0.0,0.0,,0.0,1,0.86,0.01,SPY220926C00403000,403.0,normalDay
2022-09-23,9109.0,-4920.0,0.0,100,367.95,418.0,0,0.0,0.0,,0.0,1,0.86,0.01,SPY220926C00403000,403.0,normalDay
2022-09-26,9195.0,-5369.0,86.0,100,364.31,418.0,0,0.0,0.0,,0.0,1,0.86,0.0,SPY220926C00403000,403.0,expirationDay
2022-09-27,9195.0,-5465.0,0.0,100,363.38,418.0,0,0.0,0.0,,0.0,1,0.11,0.14,SPY221005C00393000,393.0,normalDay
2022-09-28,9195.0,-4758.0,0.0,100,370.53,418.0,0,0.0,0.0,,0.0,1,0.11,0.22,SPY221005C00393000,393.0,normalDay
2022-09-29,9195.0,-5515.0,0.0,100,362.79,418.0,0,0.0,0.0,,0.0,1,0.11,0.05,SPY221005C00393000,393.0,normalDay
2022-09-30,9195.0,-6073.0,0.0,100,357.18,418.0,0,0.0,0.0,,0.0,1,0.11,0.02,SPY221005C00393000,393.0,normalDay
2022-10-03,9195.0,-5129.0,0.0,100,366.61,418.0,0,0.0,0.0,,0.0,1,0.11,0.01,SPY221005C00393000,393.0,normalDay
2022-10-04,9195.0,-3994.0,0.0,100,377.97,418.0,0,0.0,0.0,,0.0,1,0.11,0.02,SPY221005C00393000,393.0,normalDay
2022-10-05,9206.0,-4091.0,11.0,100,377.09,418.0,0,0.0,0.0,,0.0,1,0.11,0.0,SPY221005C00393000,393.0,expirationDay
2022-10-06,9206.0,-4484.0,0.0,100,373.2,418.0,0,0.0,0.0,,0.0,1,2.38,2.42,SPY221014C00384000,384.0,normalDay
2022-10-07,9206.0,-5319.0,0.0,100,362.79,418.0,0,0.0,0.0,,0.0,1,2.38,0.36,SPY221014C00384000,384.0,normalDay
2022-10-10,9206.0,-5576.0,0.0,100,360.02,418.0,0,0.0,0.0,,0.0,1,2.38,0.16,SPY221014C00384000,384.0,normalDay
2022-10-11,9206.0,-5799.0,0.0,100,357.74,418.0,0,0.0,0.0,,0.0,1,2.38,0.11,SPY221014C00384000,384.0,normalDay
2022-10-12,9206.0,-5911.0,0.0,100,356.56,418.0,0,0.0,0.0,,0.0,1,2.38,0.05,SPY221014C00384000,384.0,normalDay
2022-10-13,9206.0,-4967.0,0.0,100,365.97,418.0,0,0.0,0.0,,0.0,1,2.38,0.02,SPY221014C00384000,384.0,normalDay
2022-10-14,9444.0,-6037.0,238.0,100,357.63,418.0,0,0.0,0.0,,0.0,1,2.38,0.0,SPY221014C00384000,384.0,expirationDay
2022-10-17,9444.0,-5122.0,0.0,100,366.82,418.0,0,0.0,0.0,,0.0,1,4.32,4.36,SPY221024C00370000,370.0,normalDay
2022-10-18,9444.0,-4888.0,0.0,100,371.13,418.0,0,0.0,0.0,,0.0,1,4.32,6.33,SPY221024C00370000,370.0,normalDay
2022-10-19,9444.0,-4874.0,0.0,100,368.5,418.0,0,0.0,0.0,,0.0,1,4.32,3.56,SPY221024C00370000,370.0,normalDay
2022-10-20,9444.0,-4990.0,0.0,100,365.41,418.0,0,0.0,0.0,,0.0,1,4.32,1.63,SPY221024C00370000,370.0,normalDay
2022-10-21,9444.0,-4484.0,0.0,100,374.29,418.0,0,0.0,0.0,,0.0,1,4.32,5.45,SPY221024C00370000,370.0,normalDay
2022-10-24,5076.0,-4484.0,-4368.0,0,378.87,0.0,0,0.0,0.0,,0.0,1,4.32,0.0,SPY221024C00370000,370.0,expirationDay
2022-10-25,5076.0,-8.0,0.0,0,384.92,0.0,1,2.59,2.67,SPY221107P00368000,368.0,0,0.0,0.0,,0.0,normalDay
2022-10-26,5076.0,28.0,0.0,0,382.02,0.0,1,2.59,2.31,SPY221107P00368000,368.0,0,0.0,0.0,,0.0,normalDay
2022-10-27,5076.0,-100.0,0.0,0,379.98,0.0,1,2.59,3.59,SPY221107P00368000,368.0,0,0.0,0.0,,0.0,normalDay
2022-10-28,5076.0,176.0,0.0,0,389.02,0.0,1,2.59,0.83,SPY221107P00368000,368.0,0,0.0,0.0,,0.0,normalDay
2022-10-31,5076.0,197.0,0.0,0,386.21,0.0,1,2.59,0.62,SPY221107P00368000,368.0,0,0.0,0.0,,0.0,normalDay
2022-11-01,5076.0,190.0,0.0,0,384.52,0.0,1,2.59,0.69,SPY221107P00368000,368.0,0,0.0,0.0,,0.0,normalDay
2022-11-02,5076.0,97.0,0.0,0,374.87,0.0,1,2.59,1.62,SPY221107P00368000,368.0,0,0.0,0.0,,0.0,normalDay
2022-11-03,5076.0,47.0,0.0,0,371.01,0.0,1,2.59,2.12,SPY221107P00368000,368.0,0,0.0,0.0,,0.0,normalDay
2022-11-04,5076.0,238.0,0.0,0,376.35,0.0,1,2.59,0.21,SPY221107P00368000,368.0,0,0.0,0.0,,0.0,normalDay
2022-11-07,5335.0,0.0,259.0,0,379.95,0.0,1,2.59,0.0,SPY221107P00368000,368.0,0,0.0,0.0,,0.0,expirationDay
2022-11-08,5335.0,-5.0,0.0,0,382.0,0.0,1,4.54,4.59,SPY221121P00375000,375.0,0,0.0,0.0,,0.0,normalDay
2022-11-09,5335.0,-266.0,0.0,0,374.13,0.0,1,4.54,7.2,SPY221121P00375000,375.0,0,0.0,0.0,,0.0,normalDay
2022-11-10,5335.0,363.0,0.0,0,394.69,0.0,1,4.54,0.91,SPY221121P00375000,375.0,0,0.0,0.0,,0.0,normalDay
2022-11-11,5335.0,412.0,0.0,0,398.51,0.0,1,4.54,0.42,SPY221121P00375000,375.0,0,0.0,0.0,,0.0,normalDay
2022-11-14,5335.0,426.0,0.0,0,395.12,0.0,1,4.54,0.28,SPY221121P00375000,375.0,0,0.0,0.0,,0.0,normalDay
2022-11-15,5335.0,435.0,0.0,0,398.49,0.0,1,4.54,0.19,SPY221121P00375000,375.0,0,0.0,0.0,,0.0,normalDay
2022-11-16,5335.0,443.0,0.0,0,395.45,0.0,1,4.54,0.11,SPY221121P00375000,375.0,0,0.0,0.0,,0.0,normalDay
2022-11-17,5335.0,443.0,0.0,0,394.24,0.0,1,4.54,0.11,SPY221121P00375000,375.0,0,0.0,0.0,,0.0,normalDay
2022-11-18,5335.0,451.0,0.0,0,396.03,0.0,1,4.54,0.03,SPY221121P00375000,375.0,0,0.0,0.0,,0.0,normalDay
2022-11-21,5789.0,0.0,454.0,0,394.59,0.0,1,4.54,0.0,SPY221121P00375000,375.0,0,0.0,0.0,,0.0,expirationDay
2022-11-22,5789.0,-4.0,0.0,0,399.9,0.0,1,1.29,1.33,SPY221205P00387000,387.0,0,0.0,0.0,,0.0,normalDay
2022-11-23,5789.0,57.0,0.0,0,402.42,0.0,1,1.29,0.72,SPY221205P00387000,387.0,0,0.0,0.0,,0.0,normalDay
2022-11-25,5789.0,74.0,0.0,0,402.33,0.0,1,1.29,0.55,SPY221205P00387000,387.0,0,0.0,0.0,,0.0,normalDay
2022-11-28,5789.0,10.0,0.0,0,395.91,0.0,1,1.29,1.19,SPY221205P00387000,387.0,0,0.0,0.0,,0.0,normalDay
2022-11-29,5789.0,6.0,0.0,0,395.23,0.0,1,1.29,1.23,SPY221205P00387000,387.0,0,0.0,0.0,,0.0,normalDay
2022-11-30,5789.0,115.0,0.0,0,407.68,0.0,1,1.29,0.14,SPY221205P00387000,387.0,0,0.0,0.0,,0.0,normalDay
2022-12-01,5789.0,125.0,0.0,0,407.38,0.0,1,1.29,0.04,SPY221205P00387000,387.0,0,0.0,0.0,,0.0,normalDay
2022-12-02,5789.0,127.0,0.0,0,406.91,0.0,1,1.29,0.02,SPY221205P00387000,387.0,0,0.0,0.0,,0.0,normalDay
2022-12-05,5918.0,0.0,129.0,0,399.59,0.0,1,1.29,0.0,SPY221205P00387000,387.0,0,0.0,0.0,,0.0,expirationDay
2022-12-06,5918.0,-21.0,0.0,0,393.83,0.0,1,9.19,9.4,SPY221219P00397000,397.0,0,0.0,0.0,,0.0,normalDay
2022-12-07,5918.0,-63.0,0.0,0,393.16,0.0,1,9.19,9.82,SPY221219P00397000,397.0,0,0.0,0.0,,0.0,normalDay
2022-12-08,5918.0,142.0,0.0,0,396.24,0.0,1,9.19,7.77,SPY221219P00397000,397.0,0,0.0,0.0,,0.0,normalDay
2022-12-09,5918.0,-9.0,0.0,0,393.28,0.0,1,9.19,9.28,SPY221219P00397000,397.0,0,0.0,0.0,,0.0,normalDay
2022-12-12,5918.0,235.0,0.0,0,398.95,0.0,1,9.19,6.84,SPY221219P00397000,397.0,0,0.0,0.0,,0.0,normalDay
2022-12-13,5918.0,556.0,0.0,0,401.97,0.0,1,9.19,3.63,SPY221219P00397000,397.0,0,0.0,0.0,,0.0,normalDay
2022-12-14,5918.0,624.0,0.0,0,399.4,0.0,1,9.19,2.95,SPY221219P00397000,397.0,0,0.0,0.0,,0.0,normalDay
2022-12-15,5918.0,-39.0,0.0,0,389.63,0.0,1,9.19,9.58,SPY221219P00397000,397.0,0,0.0,0.0,,0.0,normalDay
2022-12-16,5918.0,-476.0,0.0,0,383.27,0.0,1,9.19,13.95,SPY221219P00397000,397.0,0,0.0,0.0,,0.0,normalDay
2022-12-19,6837.0,-1698.0,919.0,100,380.02,397.0,1,9.19,0.0,SPY221219P00397000,397.0,0,0.0,0.0,,0.0,expirationDay
2022-12-20,6837.0,-1649.0,0.0,100,380.54,397.0,0,0.0,0.0,,0.0,1,0.1,0.13,SPY221228C00399000,399.0,normalDay
2022-12-21,6837.0,-1090.0,0.0,100,386.23,397.0,0,0.0,0.0,,0.0,1,0.1,0.23,SPY221228C00399000,399.0,normalDay
2022-12-22,6837.0,-1624.0,0.0,100,380.72,397.0,0,0.0,0.0,,0.0,1,0.1,0.06,SPY221228C00399000,399.0,normalDay
2022-12-23,6837.0,-1401.0,0.0,100,382.91,397.0,0,0.0,0.0,,0.0,1,0.1,0.02,SPY221228C00399000,399.0,normalDay
2022-12-27,6837.0,-1551.0,0.0,100,381.4,397.0,0,0.0,0.0,,0.0,1,0.1,0.01,SPY221228C00399000,399.0,normalDay
2022-12-28,6847.0,-2034.0,10.0,100,376.66,397.0,0,0.0,0.0,,0.0,1,0.1,0.0,SPY221228C00399000,399.0,expirationDay
2022-12-29,6847.0,-1360.0,0.0,100,383.44,397.0,0,0.0,0.0,,0.0,1,0.8,0.84,SPY230106C00394000,394.0,normalDay
2022-12-30,6847.0,-1432.0,0.0,100,382.43,397.0,0,0.0,0.0,,0.0,1,0.8,0.55,SPY230106C00394000,394.0,normalDay
2023-01-03,6847.0,-1560.0,0.0,100,380.82,397.0,0,0.0,0.0,,0.0,1,0.8,0.22,SPY230106C00394000,394.0,normalDay
2023-01-04,6847.0,-1266.0,0.0,100,383.76,397.0,0,0.0,0.0,,0.0,1,0.8,0.22,SPY230106C00394000,394.0,normalDay
2023-01-05,6847.0,-1685.0,0.0,100,379.38,397.0,0,0.0,0.0,,0.0,1,0.8,0.03,SPY230106C00394000,394.0,normalDay
2023-01-06,6927.0,-892.0,80.0,100,388.08,397.0,0,0.0,0.0,,0.0,1,0.8,0.0,SPY230106C00394000,394.0,expirationDay
2023-01-09,6927.0,-918.0,0.0,100,387.86,397.0,0,0.0,0.0,,0.0,1,5.07,5.11,SPY230117C00388000,388.0,normalDay
2023-01-10,6927.0,-770.0,0.0,100,390.58,397.0,0,0.0,0.0,,0.0,1,5.07,6.35,SPY230117C00388000,388.0,normalDay
2023-01-11,6927.0,-616.0,0.0,100,395.52,397.0,0,0.0,0.0,,0.0,1,5.07,9.75,SPY230117C00388000,388.0,normalDay
2023-01-12,6927.0,-451.0,0.0,100,396.96,397.0,0,0.0,0.0,,0.0,1,5.07,9.54,SPY230117C00388000,388.0,normalDay
2023-01-13,6927.0,-385.0,0.0,100,398.5,397.0,0,0.0,0.0,,0.0,1,5.07,10.42,SPY230117C00388000,388.0,normalDay
2023-01-17,6534.0,-385.0,-393.0,0,397.77,0.0,0,0.0,0.0,,0.0,1,5.07,0.0,SPY230117C00388000,388.0,expirationDay
2023-01-18,6534.0,-4.0,0.0,0,391.49,0.0,1,2.43,2.47,SPY230131P00386000,386.0,0,0.0,0.0,,0.0,normalDay
2023-01-19,6534.0,-73.0,0.0,0,388.64,0.0,1,2.43,3.16,SPY230131P00386000,386.0,0,0.0,0.0,,0.0,normalDay
2023-01-20,6534.0,128.0,0.0,0,395.88,0.0,1,2.43,1.15,SPY230131P00386000,386.0,0,0.0,0.0,,0.0,normalDay
2023-01-23,6534.0,197.0,0.0,0,400.63,0.0,1,2.43,0.46,SPY230131P00386000,386.0,0,0.0,0.0,,0.0,normalDay
2023-01-24,6534.0,212.0,0.0,0,400.2,0.0,1,2.43,0.31,SPY230131P00386000,386.0,0,0.0,0.0,,0.0,normalDay
2023-01-25,6534.0,218.0,0.0,0,400.35,0.0,1,2.43,0.25,SPY230131P00386000,386.0,0,0.0,0.0,,0.0,normalDay
2023-01-26,6534.0,235.0,0.0,0,404.75,0.0,1,2.43,0.08,SPY230131P00386000,386.0,0,0.0,0.0,,0.0,normalDay
2023-01-27,6534.0,237.0,0.0,0,405.68,0.0,1,2.43,0.06,SPY230131P00386000,386.0,0,0.0,0.0,,0.0,normalDay
2023-01-30,6534.0,240.0,0.0,0,400.59,0.0,1,2.43,0.03,SPY230131P00386000,386.0,0,0.0,0.0,,0.0,normalDay
2023-01-31,6777.0,0.0,243.0,0,406.48,0.0,1,2.43,0.0,SPY230131P00386000,386.0,0,0.0,0.0,,0.0,expirationDay
2023-02-01,6777.0,-5.0,0.0,0,410.8,0.0,1,1.21,1.26,SPY230214P00396000,396.0,0,0.0,0.0,,0.0,normalDay
2023-02-02,6777.0,35.0,0.0,0,416.78,0.0,1,1.21,0.86,SPY230214P00396000,396.0,0,0.0,0.0,,0.0,normalDay
2023-02-03,6777.0,38.0,0.0,0,412.35,0.0,1,1.21,0.83,SPY230214P00396000,396.0,0,0.0,0.0,,0.0,normalDay
2023-02-06,6777.0,26.0,0.0,0,409.83,0.0,1,1.21,0.95,SPY230214P00396000,396.0,0,0.0,0.0,,0.0,normalDay
2023-02-07,6777.0,83.0,0.0,0,415.19,0.0,1,1.21,0.38,SPY230214P00396000,396.0,0,0.0,0.0,,0.0,normalDay
2023-02-08,6777.0,65.0,0.0,0,410.65,0.0,1,1.21,0.56,SPY230214P00396000,396.0,0,0.0,0.0,,0.0,normalDay
2023-02-09,6777.0,21.0,0.0,0,407.09,0.0,1,1.21,1.0,SPY230214P00396000,396.0,0,0.0,0.0,,0.0,normalDay
2023-02-10,6777.0,64.0,0.0,0,408.04,0.0,1,1.21,0.57,SPY230214P00396000,396.0,0,0.0,0.0,,0.0,normalDay
2023-02-13,6777.0,111.0,0.0,0,412.83,0.0,1,1.21,0.1,SPY230214P00396000,396.0,0,0.0,0.0,,0.0,normalDay
2023-02-14,6898.0,0.0,121.0,0,412.64,0.0,1,1.21,0.0,SPY230214P00396000,396.0,0,0.0,0.0,,0.0,expirationDay
2023-02-15,6898.0,-3.0,0.0,0,413.98,0.0,1,1.97,2.0,SPY230228P00407000,407.0,0,0.0,0.0,,0.0,normalDay
2023-02-16,6898.0,-227.0,0.0,0,408.28,0.0,1,1.97,4.24,SPY230228P00407000,407.0,0,0.0,0.0,,0.0,normalDay
2023-02-17,6898.0,-209.0,0.0,0,407.26,0.0,1,1.97,4.06,SPY230228P00407000,407.0,0,0.0,0.0,,0.0,normalDay
2023-02-21,6898.0,-664.0,0.0,0,399.09,0.0,1,1.97,8.61,SPY230228P00407000,407.0,0,0.0,0.0,,0.0,normalDay
2023-02-22,6898.0,-674.0,0.0,0,398.54,0.0,1,1.97,8.71,SPY230228P00407000,407.0,0,0.0,0.0,,0.0,normalDay
2023-02-23,6898.0,-514.0,0.0,0,400.66,0.0,1,1.97,7.11,SPY230228P00407000,407.0,0,0.0,0.0,,0.0,normalDay
2023-02-24,6898.0,-897.0,0.0,0,396.38,0.0,1,1.97,10.94,SPY230228P00407000,407.0,0,0.0,0.0,,0.0,normalDay
2023-02-27,6898.0,-723.0,0.0,0,397.73,0.0,1,1.97,9.2,SPY230228P00407000,407.0,0,0.0,0.0,,0.0,normalDay
2023-02-28,7095.0,-1074.0,197.0,100,396.26,407.0,1,1.97,0.0,SPY230228P00407000,407.0,0,0.0,0.0,,0.0,expirationDay
2023-03-01,7095.0,-1229.0,0.0,100,394.74,407.0,0,0.0,0.0,,0.0,1,0.28,0.31,SPY230309C00409000,409.0,normalDay
2023-03-02,7095.0,-932.0,0.0,100,397.81,407.0,0,0.0,0.0,,0.0,1,0.28,0.41,SPY230309C00409000,409.0,normalDay
2023-03-03,7095.0,-392.0,0.0,100,404.19,407.0,0,0.0,0.0,,0.0,1,0.28,1.39,SPY230309C00409000,409.0,normalDay
2023-03-06,7095.0,-337.0,0.0,100,404.47,407.0,0,0.0,0.0,,0.0,1,0.28,1.12,SPY230309C00409000,409.0,normalDay
2023-03-07,7095.0,-851.0,0.0,100,398.27,407.0,0,0.0,0.0,,0.0,1,0.28,0.06,SPY230309C00409000,409.0,normalDay
2023-03-08,7095.0,-782.0,0.0,100,398.92,407.0,0,0.0,0.0,,0.0,1,0.28,0.02,SPY230309C00409000,409.0,normalDay
2023-03-09,7123.0,-1544.0,28.0,100,391.56,407.0,0,0.0,0.0,,0.0,1,0.28,0.0,SPY230309C00409000,409.0,expirationDay
2023-03-10,7123.0,-2112.0,0.0,100,385.91,407.0,0,0.0,0.0,,0.0,1,0.26,0.29,SPY230317C00404000,404.0,normalDay
2023-03-13,7123.0,-2168.0,0.0,100,385.36,407.0,0,0.0,0.0,,0.0,1,0.26,0.3,SPY230317C00404000,404.0,normalDay
2023-03-14,7123.0,-1515.0,0.0,100,391.73,407.0,0,0.0,0.0,,0.0,1,0.26,0.14,SPY230317C00404000,404.0,normalDay
2023-03-15,7123.0,-1752.0,0.0,100,389.28,407.0,0,0.0,0.0,,0.0,1,0.26,0.06,SPY230317C00404000,404.0,normalDay
2023-03-16,7123.0,-1068.0,0.0,100,396.11,407.0,0,0.0,0.0,,0.0,1,0.26,0.05,SPY230317C00404000,404.0,normalDay
2023-03-17,7149.0,-1701.0,26.0,100,389.99,407.0,0,0.0,0.0,,0.0,1,0.26,0.0,SPY230317C00404000,404.0,expirationDay
2023-03-20,7149.0,-1331.0,0.0,100,393.74,407.0,0,0.0,0.0,,0.0,1,3.96,4.01,SPY230328C00397000,397.0,normalDay
2023-03-21,7149.0,-1018.0,0.0,100,398.91,407.0,0,0.0,0.0,,0.0,1,3.96,6.05,SPY230328C00397000,397.0,normalDay
2023-03-22,7149.0,-1302.0,0.0,100,392.11,407.0,0,0.0,0.0,,0.0,1,3.96,2.09,SPY230328C00397000,397.0,normalDay
2023-03-23,7149.0,-1188.0,0.0,100,393.17,407.0,0,0.0,0.0,,0.0,1,3.96,2.01,SPY230328C00397000,397.0,normalDay
2023-03-24,7149.0,-951.0,0.0,100,395.75,407.0,0,0.0,0.0,,0.0,1,3.96,2.22,SPY230328C00397000,397.0,normalDay
2023-03-27,7149.0,-808.0,0.0,100,396.49,407.0,0,0.0,0.0,,0.0,1,3.96,1.53,SPY230328C00397000,397.0,normalDay
2023-03-28,7545.0,-1140.0,396.0,100,395.6,407.0,0,0.0,0.0,,0.0,1,3.96,0.0,SPY230328C00397000,397.0,expirationDay
2023-03-29,7545.0,-575.0,0.0,100,401.35,407.0,0,0.0,0.0,,0.0,1,6.91,7.01,SPY230406C00397000,397.0,normalDay
2023-03-30,7545.0,-488.0,0.0,100,403.7,407.0,0,0.0,0.0,,0.0,1,6.91,8.49,SPY230406C00397000,397.0,normalDay
2023-03-31,7545.0,-393.0,0.0,100,409.39,407.0,0,0.0,0.0,,0.0,1,6.91,13.23,SPY230406C00397000,397.0,normalDay
2023-04-03,7545.0,-356.0,0.0,100,410.95,407.0,0,0.0,0.0,,0.0,1,6.91,14.42,SPY230406C00397000,397.0,normalDay
2023-04-04,7545.0,-362.0,0.0,100,408.67,407.0,0,0.0,0.0,,0.0,1,6.91,12.2,SPY230406C00397000,397.0,normalDay
2023-04-05,7545.0,-343.0,0.0,100,407.6,407.0,0,0.0,0.0,,0.0,1,6.91,10.94,SPY230406C00397000,397.0,normalDay
2023-04-06,7236.0,-343.0,-309.0,0,409.19,0.0,0,0.0,0.0,,0.0,1,6.91,0.0,SPY230406C00397000,397.0,expirationDay
2023-04-10,7236.0,-3.0,0.0,0,409.61,0.0,1,1.25,1.28,SPY230421P00399000,399.0,0,0.0,0.0,,0.0,normalDay
2023-04-11,7236.0,12.0,0.0,0,409.72,0.0,1,1.25,1.13,SPY230421P00399000,399.0,0,0.0,0.0,,0.0,normalDay
2023-04-12,7236.0,7.0,0.0,0,408.05,0.0,1,1.25,1.18,SPY230421P00399000,399.0,0,0.0,0.0,,0.0,normalDay
2023-04-13,7236.0,86.0,0.0,0,413.47,0.0,1,1.25,0.39,SPY230421P00399000,399.0,0,0.0,0.0,,0.0,normalDay
2023-04-14,7236.0,101.0,0.0,0,412.46,0.0,1,1.25,0.24,SPY230421P00399000,399.0,0,0.0,0.0,,0.0,normalDay
2023-04-17,7236.0,113.0,0.0,0,413.94,0.0,1,1.25,0.12,SPY230421P00399000,399.0,0,0.0,0.0,,0.0,normalDay
2023-04-18,7236.0,114.0,0.0,0,414.21,0.0,1,1.25,0.11,SPY230421P00399000,399.0,0,0.0,0.0,,0.0,normalDay
2023-04-19,7236.0,118.0,0.0,0,414.14,0.0,1,1.25,0.07,SPY230421P00399000,399.0,0,0.0,0.0,,0.0,normalDay
2023-04-20,7236.0,122.0,0.0,0,411.88,0.0,1,1.25,0.03,SPY230421P00399000,399.0,0,0.0,0.0,,0.0,normalDay
2023-04-21,7361.0,0.0,125.0,0,412.2,0.0,1,1.25,0.0,SPY230421P00399000,399.0,0,0.0,0.0,,0.0,expirationDay
2023-04-24,7361.0,-3.0,0.0,0,412.63,0.0,1,2.93,2.96,SPY230505P00409000,409.0,0,0.0,0.0,,0.0,normalDay
2023-04-25,7361.0,-253.0,0.0,0,406.08,0.0,1,2.93,5.46,SPY230505P00409000,409.0,0,0.0,0.0,,0.0,normalDay
2023-04-26,7361.0,-384.0,0.0,0,404.36,0.0,1,2.93,6.77,SPY230505P00409000,409.0,0,0.0,0.0,,0.0,normalDay
2023-04-27,7361.0,64.0,0.0,0,412.41,0.0,1,2.93,2.29,SPY230505P00409000,409.0,0,0.0,0.0,,0.0,normalDay
2023-04-28,7361.0,175.0,0.0,0,415.93,0.0,1,2.93,1.18,SPY230505P00409000,409.0,0,0.0,0.0,,0.0,normalDay
2023-05-01,7361.0,208.0,0.0,0,415.51,0.0,1,2.93,0.85,SPY230505P00409000,409.0,0,0.0,0.0,,0.0,normalDay
2023-05-02,7361.0,70.0,0.0,0,410.84,0.0,1,2.93,2.23,SPY230505P00409000,409.0,0,0.0,0.0,,0.0,normalDay
2023-05-03,7361.0,30.0,0.0,0,408.02,0.0,1,2.93,2.63,SPY230505P00409000,409.0,0,0.0,0.0,,0.0,normalDay
2023-05-04,7361.0,-178.0,0.0,0,405.13,0.0,1,2.93,4.71,SPY230505P00409000,409.0,0,0.0,0.0,,0.0,normalDay
2023-05-05,7654.0,0.0,293.0,0,412.63,0.0,1,2.93,0.0,SPY230505P00409000,409.0,0,0.0,0.0,,0.0,expirationDay
2023-05-08,7654.0,-3.0,0.0,0,412.74,0.0,1,3.01,3.04,SPY230519P00411000,411.0,0,0.0,0.0,,0.0,normalDay
2023-05-09,7654.0,-72.0,0.0,0,410.93,0.0,1,3.01,3.73,SPY230519P00411000,411.0,0,0.0,0.0,,0.0,normalDay
2023-05-10,7654.0,62.0,0.0,0,412.85,0.0,1,3.01,2.39,SPY230519P00411000,411.0,0,0.0,0.0,,0.0,normalDay
2023-05-11,7654.0,54.0,0.0,0,412.13,0.0,1,3.01,2.47,SPY230519P00411000,411.0,0,0.0,0.0,,0.0,normalDay
2023-05-12,7654.0,53.0,0.0,0,411.59,0.0,1,3.01,2.48,SPY230519P00411000,411.0,0,0.0,0.0,,0.0,normalDay
2023-05-15,7654.0,164.0,0.0,0,413.01,0.0,1,3.01,1.37,SPY230519P00411000,411.0,0,0.0,0.0,,0.0,normalDay
2023-05-16,7654.0,64.0,0.0,0,410.25,0.0,1,3.01,2.37,SPY230519P00411000,411.0,0,0.0,0.0,,0.0,normalDay
2023-05-17,7654.0,249.0,0.0,0,415.23,0.0,1,3.01,0.52,SPY230519P00411000,411.0,0,0.0,0.0,,0.0,normalDay
2023-05-18,7654.0,292.0,0.0,0,419.23,0.0,1,3.01,0.09,SPY230519P00411000,411.0,0,0.0,0.0,,0.0,normalDay
2023-05-19,7955.0,0.0,301.0,0,418.62,0.0,1,3.01,0.0,SPY230519P00411000,411.0,0,0.0,0.0,,0.0,expirationDay
2023-05-22,7955.0,-3.0,0.0,0,418.79,0.0,1,1.8,1.83,SPY230602P00412500,412.5,0,0.0,0.0,,0.0,normalDay
2023-05-23,7955.0,-152.0,0.0,0,414.09,0.0,1,1.8,3.32,SPY230602P00412500,412.5,0,0.0,0.0,,0.0,normalDay
2023-05-24,7955.0,-281.0,0.0,0,411.09,0.0,1,1.8,4.61,SPY230602P00412500,412.5,0,0.0,0.0,,0.0,normalDay
2023-05-25,7955.0,-108.0,0.0,0,414.65,0.0,1,1.8,2.88,SPY230602P00412500,412.5,0,0.0,0.0,,0.0,normalDay
2023-05-26,7955.0,60.0,0.0,0,420.02,0.0,1,1.8,1.2,SPY230602P00412500,412.5,0,0.0,0.0,,0.0,normalDay
2023-05-30,7955.0,136.0,0.0,0,420.18,0.0,1,1.8,0.44,SPY230602P00412500,412.5,0,0.0,0.0,,0.0,normalDay
2023-05-31,7955.0,130.0,0.0,0,417.85,0.0,1,1.8,0.5,SPY230602P00412500,412.5,0,0.0,0.0,,0.0,normalDay
2023-06-01,7955.0,173.0,0.0,0,421.82,0.0,1,1.8,0.07,SPY230602P00412500,412.5,0,0.0,0.0,,0.0,normalDay
2023-06-02,8135.0,0.0,180.0,0,427.92,0.0,1,1.8,0.0,SPY230602P00412500,412.5,0,0.0,0.0,,0.0,expirationDay
2023-06-05,8135.0,-3.0,0.0,0,427.1,0.0,1,1.12,1.15,SPY230616P00417000,417.0,0,0.0,0.0,,0.0,normalDay
2023-06-06,8135.0,27.0,0.0,0,428.03,0.0,1,1.12,0.85,SPY230616P00417000,417.0,0,0.0,0.0,,0.0,normalDay
2023-06-07,8135.0,21.0,0.0,0,426.55,0.0,1,1.12,0.91,SPY230616P00417000,417.0,0,0.0,0.0,,0.0,normalDay
2023-06-08,8135.0,57.0,0.0,0,429.13,0.0,1,1.12,0.55,SPY230616P00417000,417.0,0,0.0,0.0,,0.0,normalDay
2023-06-09,8135.0,71.0,0.0,0,429.9,0.0,1,1.12,0.41,SPY230616P00417000,417.0,0,0.0,0.0,,0.0,normalDay
2023-06-12,8135.0,85.0,0.0,0,433.8,0.0,1,1.12,0.27,SPY230616P00417000,417.0,0,0.0,0.0,,0.0,normalDay
2023-06-13,8135.0,98.0,0.0,0,436.66,0.0,1,1.12,0.14,SPY230616P00417000,417.0,0,0.0,0.0,,0.0,normalDay
2023-06-14,8135.0,105.0,0.0,0,437.18,0.0,1,1.12,0.07,SPY230616P00417000,417.0,0,0.0,0.0,,0.0,normalDay
2023-06-15,8135.0,106.0,0.0,0,442.6,0.0,1,1.12,0.06,SPY230616P00417000,417.0,0,0.0,0.0,,0.0,normalDay
2023-06-16,8247.0,0.0,112.0,0,439.46,0.0,1,1.12,0.0,SPY230616P00417000,417.0,0,0.0,0.0,,0.0,expirationDay
2023-06-20,8247.0,-3.0,0.0,0,437.18,0.0,1,1.17,1.2,SPY230703P00430000,430.0,0,0.0,0.0,,0.0,normalDay
2023-06-21,8247.0,-9.0,0.0,0,434.94,0.0,1,1.17,1.26,SPY230703P00430000,430.0,0,0.0,0.0,,0.0,normalDay
2023-06-22,8247.0,41.0,0.0,0,436.51,0.0,1,1.17,0.76,SPY230703P00430000,430.0,0,0.0,0.0,,0.0,normalDay
2023-06-23,8247.0,-16.0,0.0,0,433.21,0.0,1,1.17,1.33,SPY230703P00430000,430.0,0,0.0,0.0,,0.0,normalDay
2023-06-26,8247.0,-31.0,0.0,0,431.44,0.0,1,1.17,1.48,SPY230703P00430000,430.0,0,0.0,0.0,,0.0,normalDay
2023-06-27,8247.0,71.0,0.0,0,436.17,0.0,1,1.17,0.46,SPY230703P00430000,430.0,0,0.0,0.0,,0.0,normalDay
2023-06-28,8247.0,94.0,0.0,0,436.39,0.0,1,1.17,0.23,SPY230703P00430000,430.0,0,0.0,0.0,,0.0,normalDay
2023-06-29,8247.0,105.0,0.0,0,438.11,0.0,1,1.17,0.12,SPY230703P00430000,430.0,0,0.0,0.0,,0.0,normalDay
2023-06-30,8247.0,113.0,0.0,0,443.28,0.0,1,1.17,0.04,SPY230703P00430000,430.0,0,0.0,0.0,,0.0,normalDay
2023-07-03,8364.0,0.0,117.0,0,443.79,0.0,1,1.17,0.0,SPY230703P00430000,430.0,0,0.0,0.0,,0.0,expirationDay
2023-07-05,8364.0,-3.0,0.0,0,443.13,0.0,1,1.15,1.18,SPY230718P00436000,436.0,0,0.0,0.0,,0.0,normalDay
2023-07-06,8364.0,-91.0,0.0,0,439.66,0.0,1,1.15,2.06,SPY230718P00436000,436.0,0,0.0,0.0,,0.0,normalDay
2023-07-07,8364.0,-72.0,0.0,0,438.55,0.0,1,1.15,1.87,SPY230718P00436000,436.0,0,0.0,0.0,,0.0,normalDay
2023-07-10,8364.0,-28.0,0.0,0,439.66,0.0,1,1.15,1.43,SPY230718P00436000,436.0,0,0.0,0.0,,0.0,normalDay
2023-07-11,8364.0,27.0,0.0,0,442.46,0.0,1,1.15,0.88,SPY230718P00436000,436.0,0,0.0,0.0,,0.0,normalDay
2023-07-12,8364.0,99.0,0.0,0,446.02,0.0,1,1.15,0.16,SPY230718P00436000,436.0,0,0.0,0.0,,0.0,normalDay
2023-07-13,8364.0,103.0,0.0,0,449.56,0.0,1,1.15,0.12,SPY230718P00436000,436.0,0,0.0,0.0,,0.0,normalDay
2023-07-14,8364.0,108.0,0.0,0,449.28,0.0,1,1.15,0.07,SPY230718P00436000,436.0,0,0.0,0.0,,0.0,normalDay
2023-07-17,8364.0,112.0,0.0,0,450.84,0.0,1,1.15,0.03,SPY230718P00436000,436.0,0,0.0,0.0,,0.0,normalDay
2023-07-18,8479.0,0.0,115.0,0,454.19,0.0,1,1.15,0.0,SPY230718P00436000,436.0,0,0.0,0.0,,0.0,expirationDay
2023-07-19,8479.0,-3.0,0.0,0,455.2,0.0,1,0.62,0.65,SPY230801P00442000,442.0,0,0.0,0.0,,0.0,normalDay
2023-07-20,8479.0,-22.0,0.0,0,452.18,0.0,1,0.62,0.84,SPY230801P00442000,442.0,0,0.0,0.0,,0.0,normalDay
2023-07-21,8479.0,0.0,0.0,0,452.18,0.0,1,0.62,0.62,SPY230801P00442000,442.0,0,0.0,0.0,,0.0,normalDay
2023-07-24,8479.0,26.0,0.0,0,454.2,0.0,1,0.62,0.36,SPY230801P00442000,442.0,0,0.0,0.0,,0.0,normalDay
2023-07-25,8479.0,38.0,0.0,0,455.44,0.0,1,0.62,0.24,SPY230801P00442000,442.0,0,0.0,0.0,,0.0,normalDay
2023-07-26,8479.0,51.0,0.0,0,455.51,0.0,1,0.62,0.11,SPY230801P00442000,442.0,0,0.0,0.0,,0.0,normalDay
2023-07-27,8479.0,39.0,0.0,0,452.49,0.0,1,0.62,0.23,SPY230801P00442000,442.0,0,0.0,0.0,,0.0,normalDay
2023-07-28,8479.0,58.0,0.0,0,456.92,0.0,1,0.62,0.04,SPY230801P00442000,442.0,0,0.0,0.0,,0.0,normalDay
2023-07-31,8479.0,60.0,0.0,0,457.79,0.0,1,0.62,0.02,SPY230801P00442000,442.0,0,0.0,0.0,,0.0,normalDay
2023-08-01,8541.0,0.0,62.0,0,456.48,0.0,1,0.62,0.0,SPY230801P00442000,442.0,0,0.0,0.0,,0.0,expirationDay
2023-08-02,8541.0,-4.0,0.0,0,450.13,0.0,1,3.78,3.82,SPY230815P00450000,450.0,0,0.0,0.0,,0.0,normalDay
2023-08-03,8541.0,7.0,0.0,0,448.84,0.0,1,3.78,3.71,SPY230815P00450000,450.0,0,0.0,0.0,,0.0,normalDay
2023-08-04,8541.0,-149.0,0.0,0,446.81,0.0,1,3.78,5.27,SPY230815P00450000,450.0,0,0.0,0.0,,0.0,normalDay
2023-08-07,8541.0,119.0,0.0,0,450.71,0.0,1,3.78,2.59,SPY230815P00450000,450.0,0,0.0,0.0,,0.0,normalDay
2023-08-08,8541.0,30.0,0.0,0,448.75,0.0,1,3.78,3.48,SPY230815P00450000,450.0,0,0.0,0.0,,0.0,normalDay
2023-08-09,8541.0,-121.0,0.0,0,445.75,0.0,1,3.78,4.99,SPY230815P00450000,450.0,0,0.0,0.0,,0.0,normalDay
2023-08-10,8541.0,-127.0,0.0,0,445.91,0.0,1,3.78,5.05,SPY230815P00450000,450.0,0,0.0,0.0,,0.0,normalDay
2023-08-11,8541.0,-80.0,0.0,0,445.65,0.0,1,3.78,4.58,SPY230815P00450000,450.0,0,0.0,0.0,,0.0,normalDay
2023-08-14,8541.0,146.0,0.0,0,448.11,0.0,1,3.78,2.32,SPY230815P00450000,450.0,0,0.0,0.0,,0.0,normalDay
2023-08-15,8919.0,-711.0,378.0,100,442.89,450.0,1,3.78,0.0,SPY230815P00450000,450.0,0,0.0,0.0,,0.0,expirationDay
2023-08-16,8919.0,-1039.0,0.0,100,439.64,450.0,0,0.0,0.0,,0.0,1,0.31,0.34,SPY230824C00452000,452.0,normalDay
2023-08-17,8919.0,-1351.0,0.0,100,436.29,450.0,0,0.0,0.0,,0.0,1,0.31,0.11,SPY230824C00452000,452.0,normalDay
2023-08-18,8919.0,-1324.0,0.0,100,436.5,450.0,0,0.0,0.0,,0.0,1,0.31,0.05,SPY230824C00452000,452.0,normalDay
2023-08-21,8919.0,-1038.0,0.0,100,439.34,450.0,0,0.0,0.0,,0.0,1,0.31,0.03,SPY230824C00452000,452.0,normalDay
2023-08-22,8919.0,-1156.0,0.0,100,438.15,450.0,0,0.0,0.0,,0.0,1,0.31,0.02,SPY230824C00452000,452.0,normalDay
2023-08-23,8919.0,-669.0,0.0,100,443.03,450.0,0,0.0,0.0,,0.0,1,0.31,0.03,SPY230824C00452000,452.0,normalDay
2023-08-24,8950.0,-1311.0,31.0,100,436.89,450.0,0,0.0,0.0,,0.0,1,0.31,0.0,SPY230824C00452000,452.0,expirationDay
2023-08-25,8950.0,-1006.0,0.0,100,439.97,450.0,0,0.0,0.0,,0.0,1,0.71,0.74,SPY230901C00447000,447.0,normalDay
2023-08-28,8950.0,-759.0,0.0,100,442.76,450.0,0,0.0,0.0,,0.0,1,0.71,1.06,SPY230901C00447000,447.0,normalDay
2023-08-29,8950.0,-401.0,0.0,100,449.16,450.0,0,0.0,0.0,,0.0,1,0.71,3.88,SPY230901C00447000,447.0,normalDay
2023-08-30,8950.0,-317.0,0.0,100,451.01,450.0,0,0.0,0.0,,0.0,1,0.71,4.89,SPY230901C00447000,447.0,normalDay
2023-08-31,8950.0,-307.0,0.0,100,450.35,450.0,0,0.0,0.0,,0.0,1,0.71,4.13,SPY230901C00447000,447.0,normalDay
2023-09-01,8721.0,-307.0,-229.0,0,451.19,0.0,0,0.0,0.0,,0.0,1,0.71,0.0,SPY230901C00447000,447.0,expirationDay
2023-09-05,8721.0,-3.0,0.0,0,449.24,0.0,1,2.03,2.06,SPY230918P00444000,444.0,0,0.0,0.0,,0.0,normalDay
2023-09-06,8721.0,-102.0,0.0,0,446.22,0.0,1,2.03,3.05,SPY230918P00444000,444.0,0,0.0,0.0,,0.0,normalDay
2023-09-07,8721.0,-146.0,0.0,0,444.85,0.0,1,2.03,3.49,SPY230918P00444000,444.0,0,0.0,0.0,,0.0,normalDay
2023-09-08,8721.0,-55.0,0.0,0,445.52,0.0,1,2.03,2.58,SPY230918P00444000,444.0,0,0.0,0.0,,0.0,normalDay
2023-09-11,8721.0,67.0,0.0,0,448.45,0.0,1,2.03,1.36,SPY230918P00444000,444.0,0,0.0,0.0,,0.0,normalDay
2023-09-12,8721.0,-12.0,0.0,0,445.99,0.0,1,2.03,2.15,SPY230918P00444000,444.0,0,0.0,0.0,,0.0,normalDay
2023-09-13,8721.0,69.0,0.0,0,446.51,0.0,1,2.03,1.34,SPY230918P00444000,444.0,0,0.0,0.0,,0.0,normalDay
2023-09-14,8721.0,180.0,0.0,0,450.36,0.0,1,2.03,0.23,SPY230918P00444000,444.0,0,0.0,0.0,,0.0,normalDay
2023-09-15,8721.0,62.0,0.0,0,443.37,0.0,1,2.03,1.41,SPY230918P00444000,444.0,0,0.0,0.0,,0.0,normalDay
2023-09-18,8924.0,-37.0,203.0,100,443.63,444.0,1,2.03,0.0,SPY230918P00444000,444.0,0,0.0,0.0,,0.0,expirationDay
2023-09-19,8924.0,-132.0,0.0,100,442.71,444.0,0,0.0,0.0,,0.0,1,1.45,1.48,SPY230927C00447000,447.0,normalDay
2023-09-20,8924.0,-430.0,0.0,100,438.64,444.0,0,0.0,0.0,,0.0,1,1.45,0.39,SPY230927C00447000,447.0,normalDay
2023-09-21,8924.0,-1120.0,0.0,100,431.39,444.0,0,0.0,0.0,,0.0,1,1.45,0.04,SPY230927C00447000,447.0,normalDay
2023-09-22,8924.0,-1215.0,0.0,100,430.42,444.0,0,0.0,0.0,,0.0,1,1.45,0.02,SPY230927C00447000,447.0,normalDay
2023-09-25,8924.0,-1033.0,0.0,100,432.23,444.0,0,0.0,0.0,,0.0,1,1.45,0.01,SPY230927C00447000,447.0,normalDay
2023-09-26,8924.0,-1668.0,0.0,100,425.88,444.0,0,0.0,0.0,,0.0,1,1.45,0.01,SPY230927C00447000,447.0,normalDay
2023-09-27,9069.0,-1795.0,145.0,100,426.05,444.0,0,0.0,0.0,,0.0,1,1.45,0.0,SPY230927C00447000,447.0,expirationDay
2023-09-28,9069.0,-1551.0,0.0,100,428.52,444.0,0,0.0,0.0,,0.0,1,0.13,0.16,SPY231006C00444000,444.0,normalDay
2023-09-29,9069.0,-1645.0,0.0,100,427.48,444.0,0,0.0,0.0,,0.0,1,0.13,0.06,SPY231006C00444000,444.0,normalDay
2023-10-02,9069.0,-1659.0,0.0,100,427.31,444.0,0,0.0,0.0,,0.0,1,0.13,0.03,SPY231006C00444000,444.0,normalDay
2023-10-03,9069.0,-2230.0,0.0,100,421.59,444.0,0,0.0,0.0,,0.0,1,0.13,0.02,SPY231006C00444000,444.0,normalDay
2023-10-04,9069.0,-1922.0,0.0,100,424.66,444.0,0,0.0,0.0,,0.0,1,0.13,0.01,SPY231006C00444000,444.0,normalDay
2023-10-05,9069.0,-1938.0,0.0,100,424.5,444.0,0,0.0,0.0,,0.0,1,0.13,0.01,SPY231006C00444000,444.0,normalDay
2023-10-06,9082.0,-1446.0,13.0,100,429.54,444.0,0,0.0,0.0,,0.0,1,0.13,0.0,SPY231006C00444000,444.0,expirationDay
2023-10-09,9082.0,-1175.0,0.0,100,432.29,444.0,0,0.0,0.0,,0.0,1,2.39,2.43,SPY231017C00436000,436.0,normalDay
2023-10-10,9082.0,-999.0,0.0,100,434.54,444.0,0,0.0,0.0,,0.0,1,2.39,2.92,SPY231017C00436000,436.0,normalDay
2023-10-11,9082.0,-893.0,0.0,100,436.32,444.0,0,0.0,0.0,,0.0,1,2.39,3.64,SPY231017C00436000,436.0,normalDay
2023-10-12,9082.0,-960.0,0.0,100,433.66,444.0,0,0.0,0.0,,0.0,1,2.39,1.65,SPY231017C00436000,436.0,normalDay
2023-10-13,9082.0,-1080.0,0.0,100,431.5,444.0,0,0.0,0.0,,0.0,1,2.39,0.69,SPY231017C00436000,436.0,normalDay
2023-10-16,9082.0,-708.0,0.0,100,436.04,444.0,0,0.0,0.0,,0.0,1,2.39,1.51,SPY231017C00436000,436.0,normalDay
2023-10-17,8521.0,-708.0,-561.0,0,436.02,0.0,0,0.0,0.0,,0.0,1,2.39,0.0,SPY231017C00436000,436.0,expirationDay
2023-10-18,8521.0,-4.0,0.0,0,430.21,0.0,1,4.56,4.6,SPY231031P00430000,430.0,0,0.0,0.0,,0.0,normalDay
2023-10-19,8521.0,-285.0,0.0,0,426.43,0.0,1,4.56,7.41,SPY231031P00430000,430.0,0,0.0,0.0,,0.0,normalDay
2023-10-20,8521.0,-538.0,0.0,0,421.19,0.0,1,4.56,9.94,SPY231031P00430000,430.0,0,0.0,0.0,,0.0,normalDay
2023-10-23,8521.0,-494.0,0.0,0,420.46,0.0,1,4.56,9.5,SPY231031P00430000,430.0,0,0.0,0.0,,0.0,normalDay
2023-10-24,8521.0,-250.0,0.0,0,423.63,0.0,1,4.56,7.06,SPY231031P00430000,430.0,0,0.0,0.0,,0.0,normalDay
2023-10-25,8521.0,-771.0,0.0,0,417.55,0.0,1,4.56,12.27,SPY231031P00430000,430.0,0,0.0,0.0,,0.0,normalDay
2023-10-26,8521.0,-1269.0,0.0,0,412.55,0.0,1,4.56,17.25,SPY231031P00430000,430.0,0,0.0,0.0,,0.0,normalDay
2023-10-27,8521.0,-1485.0,0.0,0,410.68,0.0,1,4.56,19.41,SPY231031P00430000,430.0,0,0.0,0.0,,0.0,normalDay
2023-10-30,8521.0,-1013.0,0.0,0,415.59,0.0,1,4.56,14.69,SPY231031P00430000,430.0,0,0.0,0.0,,0.0,normalDay
2023-10-31,8977.0,-1180.0,456.0,100,418.2,430.0,1,4.56,0.0,SPY231031P00430000,430.0,0,0.0,0.0,,0.0,expirationDay
2023-11-01,8977.0,-738.0,0.0,100,422.66,430.0,0,0.0,0.0,,0.0,1,1.69,1.73,SPY231109C00428000,428.0,normalDay
2023-11-02,8977.0,-249.0,0.0,100,430.76,430.0,0,0.0,0.0,,0.0,1,1.69,4.94,SPY231109C00428000,428.0,normalDay
2023-11-03,8977.0,-166.0,0.0,100,434.69,430.0,0,0.0,0.0,,0.0,1,1.69,8.04,SPY231109C00428000,428.0,normalDay
2023-11-06,8977.0,-67.0,0.0,100,435.69,430.0,0,0.0,0.0,,0.0,1,1.69,8.05,SPY231109C00428000,428.0,normalDay
2023-11-07,8977.0,-64.0,0.0,100,436.93,430.0,0,0.0,0.0,,0.0,1,1.69,9.26,SPY231109C00428000,428.0,normalDay
2023-11-08,8977.0,-31.0,0.0,100,437.25,430.0,0,0.0,0.0,,0.0,1,1.69,9.25,SPY231109C00428000,428.0,normalDay
2023-11-09,8946.0,-31.0,-31.0,0,433.84,0.0,0,0.0,0.0,,0.0,1,1.69,0.0,SPY231109C00428000,428.0,expirationDay
2023-11-10,8946.0,-3.0,0.0,0,440.61,0.0,1,0.5,0.53,SPY231122P00427000,427.0,0,0.0,0.0,,0.0,normalDay
2023-11-13,8946.0,4.0,0.0,0,440.19,0.0,1,0.5,0.46,SPY231122P00427000,427.0,0,0.0,0.0,,0.0,normalDay
2023-11-14,8946.0,35.0,0.0,0,448.73,0.0,1,0.5,0.15,SPY231122P00427000,427.0,0,0.0,0.0,,0.0,normalDay
2023-11-15,8946.0,41.0,0.0,0,449.68,0.0,1,0.5,0.09,SPY231122P00427000,427.0,0,0.0,0.0,,0.0,normalDay
2023-11-16,8946.0,42.0,0.0,0,450.23,0.0,1,0.5,0.08,SPY231122P00427000,427.0,0,0.0,0.0,,0.0,normalDay
2023-11-17,8946.0,46.0,0.0,0,450.79,0.0,1,0.5,0.04,SPY231122P00427000,427.0,0,0.0,0.0,,0.0,normalDay
2023-11-20,8946.0,48.0,0.0,0,454.26,0.0,1,0.5,0.02,SPY231122P00427000,427.0,0,0.0,0.0,,0.0,normalDay
2023-11-21,8946.0,48.0,0.0,0,453.27,0.0,1,0.5,0.02,SPY231122P00427000,427.0,0,0.0,0.0,,0.0,normalDay
2023-11-22,8996.0,0.0,50.0,0,455.02,0.0,1,0.5,0.0,SPY231122P00427000,427.0,0,0.0,0.0,,0.0,expirationDay
2023-11-24,8996.0,-3.0,0.0,0,455.3,0.0,1,0.25,0.28,SPY231207P00440000,440.0,0,0.0,0.0,,0.0,normalDay
2023-11-27,8996.0,1.0,0.0,0,454.48,0.0,1,0.25,0.24,SPY231207P00440000,440.0,0,0.0,0.0,,0.0,normalDay
2023-11-28,8996.0,5.0,0.0,0,454.93,0.0,1,0.25,0.2,SPY231207P00440000,440.0,0,0.0,0.0,,0.0,normalDay
2023-11-29,8996.0,6.0,0.0,0,454.61,0.0,1,0.25,0.19,SPY231207P00440000,440.0,0,0.0,0.0,,0.0,normalDay
2023-11-30,8996.0,14.0,0.0,0,456.4,0.0,1,0.25,0.11,SPY231207P00440000,440.0,0,0.0,0.0,,0.0,normalDay
