date,totalCapital,unrializedPnL,rializedPnL,stocksOwned,stocksPriceToday,stocksPriceBoughtAt,putOwned,putOwnedSoldAt,putPriceToday,putOwnedContract,putOwnedStrike,callOwned,callOwnedSoldAt,callPriceToday,callOwnedContract,callOwnedStrike,trackType
2018-11-01,0.0,0.0,0.0,0,273.51,0.0,0,0.0,0.0,,0.0,0,0.0,0.0,,0.0,bidTooLow
2018-11-02,0.0,0.0,0.0,0,271.89,0.0,0,0.0,0.0,,0.0,0,0.0,0.0,,0.0,bidTooLow
2018-11-05,0.0,0.0,0.0,0,273.39,0.0,0,0.0,0.0,,0.0,0,0.0,0.0,,0.0,bidTooLow
2018-11-06,0.0,-3.0,0.0,0,275.12,0.0,1,0.05,0.08,SPY181109P00255000,255.0,0,0.0,0.0,,0.0,normalDay
2018-11-07,0.0,3.0,0.0,0,281.01,0.0,1,0.05,0.02,SPY181109P00255000,255.0,0,0.0,0.0,,0.0,normalDay
2018-11-08,0.0,4.0,0.0,0,280.5,0.0,1,0.05,0.01,SPY181109P00255000,255.0,0,0.0,0.0,,0.0,normalDay
2018-11-09,5.0,0.0,5.0,0,277.76,0.0,1,0.05,0.0,SPY181109P00255000,255.0,0,0.0,0.0,,0.0,expirationDay
2018-11-12,5.0,-3.0,0.0,0,272.57,0.0,1,0.01,0.04,SPY181114P00254000,254.0,0,0.0,0.0,,0.0,normalDay
2018-11-13,5.0,0.0,0.0,0,272.06,0.0,1,0.01,0.01,SPY181114P00254000,254.0,0,0.0,0.0,,0.0,normalDay
2018-11-14,6.0,0.0,1.0,0,270.2,0.0,1,0.01,0.0,SPY181114P00254000,254.0,0,0.0,0.0,,0.0,expirationDay
2018-11-15,6.0,0.0,0.0,0,273.02,0.0,0,0.0,0.0,,0.0,0,0.0,0.0,,0.0,bidTooLow
2018-11-16,6.0,0.0,0.0,0,273.73,0.0,0,0.0,0.0,,0.0,0,0.0,0.0,,0.0,bidTooLow
2018-11-19,6.0,-3.0,0.0,0,269.1,0.0,1,0.02,0.05,SPY181121P00255000,255.0,0,0.0,0.0,,0.0,normalDay
2018-11-20,6.0,-3.0,0.0,0,264.12,0.0,1,0.02,0.05,SPY181121P00255000,255.0,0,0.0,0.0,,0.0,normalDay
2018-11-21,8.0,0.0,2.0,0,265.02,0.0,1,0.02,0.0,SPY181121P00255000,255.0,0,0.0,0.0,,0.0,expirationDay
2018-11-23,8.0,-3.0,0.0,0,263.25,0.0,1,0.03,0.06,SPY181126P00251000,251.0,0,0.0,0.0,,0.0,normalDay
2018-11-26,11.0,0.0,3.0,0,267.5,0.0,1,0.03,0.0,SPY181126P00251000,251.0,0,0.0,0.0,,0.0,expirationDay
2018-11-27,11.0,-3.0,0.0,0,268.4,0.0,1,0.01,0.04,SPY181130P00253000,253.0,0,0.0,0.0,,0.0,normalDay
2018-11-28,11.0,-1.0,0.0,0,274.58,0.0,1,0.01,0.02,SPY181130P00253000,253.0,0,0.0,0.0,,0.0,normalDay
2018-11-29,11.0,0.0,0.0,0,273.98,0.0,1,0.01,0.01,SPY181130P00253000,253.0,0,0.0,0.0,,0.0,normalDay
2018-11-30,12.0,0.0,1.0,0,275.65,0.0,1,0.01,0.0,SPY181130P00253000,253.0,0,0.0,0.0,,0.0,expirationDay
2018-12-03,12.0,0.0,0.0,0,279.3,0.0,0,0.0,0.0,,0.0,0,0.0,0.0,,0.0,bidTooLow
2018-12-04,12.0,-3.0,0.0,0,270.25,0.0,1,0.09,0.12,SPY181207P00252500,252.5,0,0.0,0.0,,0.0,normalDay
2018-12-06,12.0,7.0,0.0,0,269.84,0.0,1,0.09,0.02,SPY181207P00252500,252.5,0,0.0,0.0,,0.0,normalDay
2018-12-07,21.0,0.0,9.0,0,263.57,0.0,1,0.09,0.0,SPY181207P00252500,252.5,0,0.0,0.0,,0.0,expirationDay
2018-12-10,21.0,-3.0,0.0,0,264.07,0.0,1,0.13,0.16,SPY181212P00252000,252.0,0,0.0,0.0,,0.0,normalDay
2018-12-11,21.0,9.0,0.0,0,264.13,0.0,1,0.13,0.04,SPY181212P00252000,252.0,0,0.0,0.0,,0.0,normalDay
2018-12-12,34.0,0.0,13.0,0,265.46,0.0,1,0.13,0.0,SPY181212P00252000,252.0,0,0.0,0.0,,0.0,expirationDay
2018-12-13,34.0,0.0,0.0,0,265.37,0.0,0,0.0,0.0,,0.0,0,0.0,0.0,,0.0,bidTooLow
2018-12-14,34.0,-3.0,0.0,0,260.47,0.0,1,0.03,0.06,SPY181217P00249000,249.0,0,0.0,0.0,,0.0,normalDay
2018-12-17,37.0,0.0,3.0,0,255.36,0.0,1,0.03,0.0,SPY181217P00249000,249.0,0,0.0,0.0,,0.0,expirationDay
2018-12-18,37.0,-3.0,0.0,0,255.08,0.0,1,0.53,0.56,SPY181221P00243000,243.0,0,0.0,0.0,,0.0,normalDay
2018-12-19,37.0,-5.0,0.0,0,251.26,0.0,1,0.53,0.58,SPY181221P00243000,243.0,0,0.0,0.0,,0.0,normalDay
2018-12-20,37.0,-14.0,0.0,0,247.17,0.0,1,0.53,0.67,SPY181221P00243000,243.0,0,0.0,0.0,,0.0,normalDay
2018-12-21,90.0,-230.0,53.0,100,240.7,243.0,1,0.53,0.0,SPY181221P00243000,243.0,0,0.0,0.0,,0.0,expirationDay
2018-12-24,90.0,-866.0,0.0,100,234.34,243.0,0,0.0,0.0,,0.0,0,0.0,0.0,,0.0,bidTooLow
2018-12-26,90.0,318.0,0.0,100,246.18,243.0,0,0.0,0.0,,0.0,0,0.0,0.0,,0.0,bidTooLow
2018-12-27,90.0,507.0,0.0,100,248.07,243.0,0,0.0,0.0,,0.0,0,0.0,0.0,,0.0,bidTooLow
2018-12-28,90.0,475.0,0.0,100,247.75,243.0,0,0.0,0.0,,0.0,0,0.0,0.0,,0.0,bidTooLow
2018-12-31,90.0,692.0,0.0,100,249.92,243.0,0,0.0,0.0,,0.0,0,0.0,0.0,,0.0,bidTooLow
2019-01-02,90.0,718.0,0.0,100,250.18,243.0,0,0.0,0.0,,0.0,0,0.0,0.0,,0.0,bidTooLow
2019-01-03,90.0,121.0,0.0,100,244.21,243.0,0,0.0,0.0,,0.0,0,0.0,0.0,,0.0,bidTooLow
2019-01-04,90.0,939.0,0.0,100,252.39,243.0,0,0.0,0.0,,0.0,0,0.0,0.0,,0.0,bidTooLow
2019-01-07,90.0,1138.0,0.0,100,254.38,243.0,0,0.0,0.0,,0.0,0,0.0,0.0,,0.0,bidTooLow
2019-01-08,90.0,1377.0,0.0,100,256.77,243.0,0,0.0,0.0,,0.0,0,0.0,0.0,,0.0,bidTooLow
2019-01-09,90.0,1497.0,0.0,100,257.97,243.0,0,0.0,0.0,,0.0,0,0.0,0.0,,0.0,bidTooLow
2019-01-10,90.0,1585.0,0.0,100,258.88,243.0,0,0.0,0.0,,0.0,1,0.02,0.05,SPY190116C00270000,270.0,normalDay
2019-01-11,90.0,1598.0,0.0,100,258.98,243.0,0,0.0,0.0,,0.0,1,0.02,0.02,SPY190116C00270000,270.0,normalDay
2019-01-14,90.0,1441.0,0.0,100,257.4,243.0,0,0.0,0.0,,0.0,1,0.02,0.01,SPY190116C00270000,270.0,normalDay
2019-01-15,90.0,1736.0,0.0,100,260.35,243.0,0,0.0,0.0,,0.0,1,0.02,0.01,SPY190116C00270000,270.0,normalDay
2019-01-16,92.0,1798.0,2.0,100,260.98,243.0,0,0.0,0.0,,0.0,1,0.02,0.0,SPY190116C00270000,270.0,expirationDay
2019-01-17,92.0,1992.0,0.0,100,262.96,243.0,0,0.0,0.0,,0.0,1,0.14,0.18,SPY190123C00269000,269.0,normalDay
2019-01-18,92.0,2312.0,0.0,100,266.46,243.0,0,0.0,0.0,,0.0,1,0.14,0.48,SPY190123C00269000,269.0,normalDay
2019-01-22,92.0,1998.0,0.0,100,262.86,243.0,0,0.0,0.0,,0.0,1,0.14,0.02,SPY190123C00269000,269.0,normalDay
2019-01-23,106.0,2041.0,14.0,100,263.41,243.0,0,0.0,0.0,,0.0,1,0.14,0.0,SPY190123C00269000,269.0,expirationDay
2019-01-24,106.0,2052.0,0.0,100,263.55,243.0,0,0.0,0.0,,0.0,1,0.06,0.09,SPY190130C00271000,271.0,normalDay
2019-01-25,106.0,2265.0,0.0,100,265.78,243.0,0,0.0,0.0,,0.0,1,0.06,0.19,SPY190130C00271000,271.0,normalDay
2019-01-28,106.0,2080.0,0.0,100,263.76,243.0,0,0.0,0.0,,0.0,1,0.06,0.02,SPY190130C00271000,271.0,normalDay
2019-01-29,106.0,2046.0,0.0,100,263.41,243.0,0,0.0,0.0,,0.0,1,0.06,0.01,SPY190130C00271000,271.0,normalDay
2019-01-30,112.0,2458.0,6.0,100,267.58,243.0,0,0.0,0.0,,0.0,1,0.06,0.0,SPY190130C00271000,271.0,expirationDay
2019-01-31,112.0,2689.0,0.0,100,269.93,243.0,0,0.0,0.0,,0.0,1,0.49,0.53,SPY190206C00274000,274.0,normalDay
2019-02-01,112.0,2732.0,0.0,100,270.06,243.0,0,0.0,0.0,,0.0,1,0.49,0.23,SPY190206C00274000,274.0,normalDay
2019-02-04,112.0,2922.0,0.0,100,271.96,243.0,0,0.0,0.0,,0.0,1,0.49,0.23,SPY190206C00274000,274.0,normalDay
2019-02-05,112.0,3027.0,0.0,100,273.1,243.0,0,0.0,0.0,,0.0,1,0.49,0.32,SPY190206C00274000,274.0,normalDay
2019-02-06,161.0,2974.0,49.0,100,272.74,243.0,0,0.0,0.0,,0.0,1,0.49,0.0,SPY190206C00274000,274.0,expirationDay
2019-02-07,161.0,2710.0,0.0,100,270.14,243.0,0,0.0,0.0,,0.0,1,0.06,0.1,SPY190213C00276000,276.0,normalDay
2019-02-08,161.0,2748.0,0.0,100,270.47,243.0,0,0.0,0.0,,0.0,1,0.06,0.05,SPY190213C00276000,276.0,normalDay
2019-02-11,161.0,2766.0,0.0,100,270.62,243.0,0,0.0,0.0,,0.0,1,0.06,0.02,SPY190213C00276000,276.0,normalDay
2019-02-12,161.0,3102.0,0.0,100,274.1,243.0,0,0.0,0.0,,0.0,1,0.06,0.14,SPY190213C00276000,276.0,normalDay
2019-02-13,167.0,3199.0,6.0,100,274.99,243.0,0,0.0,0.0,,0.0,1,0.06,0.0,SPY190213C00276000,276.0,expirationDay
2019-02-14,167.0,3135.0,0.0,100,274.38,243.0,0,0.0,0.0,,0.0,1,0.2,0.23,SPY190220C00278500,278.5,normalDay
2019-02-15,167.0,3392.0,0.0,100,277.37,243.0,0,0.0,0.0,,0.0,1,0.2,0.65,SPY190220C00278500,278.5,normalDay
2019-02-19,167.0,3478.0,0.0,100,277.85,243.0,0,0.0,0.0,,0.0,1,0.2,0.27,SPY190220C00278500,278.5,normalDay
2019-02-20,187.0,3541.0,20.0,100,278.41,243.0,0,0.0,0.0,,0.0,1,0.2,0.0,SPY190220C00278500,278.5,expirationDay
2019-02-21,187.0,3439.0,0.0,100,277.42,243.0,0,0.0,0.0,,0.0,1,0.14,0.17,SPY190227C00282000,282.0,normalDay
2019-02-22,187.0,3606.0,0.0,100,279.14,243.0,0,0.0,0.0,,0.0,1,0.14,0.22,SPY190227C00282000,282.0,normalDay
2019-02-25,187.0,3643.0,0.0,100,279.52,243.0,0,0.0,0.0,,0.0,1,0.14,0.23,SPY190227C00282000,282.0,normalDay
2019-02-26,187.0,3642.0,0.0,100,279.32,243.0,0,0.0,0.0,,0.0,1,0.14,0.04,SPY190227C00282000,282.0,normalDay
2019-02-27,201.0,3620.0,14.0,100,279.2,243.0,0,0.0,0.0,,0.0,1,0.14,0.0,SPY190227C00282000,282.0,expirationDay
2019-02-28,201.0,3565.0,0.0,100,278.68,243.0,0,0.0,0.0,,0.0,1,0.09,0.12,SPY190306C00283000,283.0,normalDay
2019-03-01,201.0,3728.0,0.0,100,280.42,243.0,0,0.0,0.0,,0.0,1,0.09,0.23,SPY190306C00283000,283.0,normalDay
2019-03-04,201.0,3644.0,0.0,100,279.4,243.0,0,0.0,0.0,,0.0,1,0.09,0.05,SPY190306C00283000,283.0,normalDay
2019-03-05,201.0,3609.0,0.0,100,279.02,243.0,0,0.0,0.0,,0.0,1,0.09,0.02,SPY190306C00283000,283.0,normalDay
2019-03-06,210.0,3433.0,9.0,100,277.33,243.0,0,0.0,0.0,,0.0,1,0.09,0.0,SPY190306C00283000,283.0,expirationDay
2019-03-07,210.0,3201.0,0.0,100,275.01,243.0,0,0.0,0.0,,0.0,0,0.0,0.0,,0.0,bidTooLow
2019-03-08,210.0,3146.0,0.0,100,274.46,243.0,0,0.0,0.0,,0.0,0,0.0,0.0,,0.0,bidTooLow
2019-03-11,210.0,3541.0,0.0,100,278.44,243.0,0,0.0,0.0,,0.0,1,0.08,0.11,SPY190315C00283000,283.0,normalDay
2019-03-12,210.0,3648.0,0.0,100,279.49,243.0,0,0.0,0.0,,0.0,1,0.08,0.09,SPY190315C00283000,283.0,normalDay
2019-03-13,210.0,3814.0,0.0,100,281.34,243.0,0,0.0,0.0,,0.0,1,0.08,0.28,SPY190315C00283000,283.0,normalDay
2019-03-14,210.0,3818.0,0.0,100,281.16,243.0,0,0.0,0.0,,0.0,1,0.08,0.06,SPY190315C00283000,283.0,normalDay
2019-03-15,218.0,3831.0,8.0,100,281.31,243.0,0,0.0,0.0,,0.0,1,0.08,0.0,SPY190315C00283000,283.0,expirationDay
2019-03-18,218.0,3930.0,0.0,100,282.33,243.0,0,0.0,0.0,,0.0,1,0.9,0.93,SPY190322C00283500,283.5,normalDay
2019-03-19,218.0,3948.0,0.0,100,282.4,243.0,0,0.0,0.0,,0.0,1,0.9,0.82,SPY190322C00283500,283.5,normalDay
2019-03-20,218.0,3913.0,0.0,100,281.55,243.0,0,0.0,0.0,,0.0,1,0.9,0.32,SPY190322C00283500,283.5,normalDay
2019-03-21,218.0,4115.0,0.0,100,284.73,243.0,0,0.0,0.0,,0.0,1,0.9,1.48,SPY190322C00283500,283.5,normalDay
2019-03-22,308.0,3625.0,90.0,100,279.25,243.0,0,0.0,0.0,,0.0,1,0.9,0.0,SPY190322C00283500,283.5,expirationDay
2019-03-25,308.0,3601.0,0.0,100,279.04,243.0,0,0.0,0.0,,0.0,1,0.14,0.17,SPY190329C00285000,285.0,normalDay
2019-03-26,308.0,3806.0,0.0,100,281.12,243.0,0,0.0,0.0,,0.0,1,0.14,0.2,SPY190329C00285000,285.0,normalDay
2019-03-27,308.0,3674.0,0.0,100,279.65,243.0,0,0.0,0.0,,0.0,1,0.14,0.05,SPY190329C00285000,285.0,normalDay
2019-03-28,308.0,3782.0,0.0,100,280.71,243.0,0,0.0,0.0,,0.0,1,0.14,0.03,SPY190329C00285000,285.0,normalDay
2019-03-29,322.0,3948.0,14.0,100,282.48,243.0,0,0.0,0.0,,0.0,1,0.14,0.0,SPY190329C00285000,285.0,expirationDay
2019-04-01,322.0,4280.0,0.0,100,285.83,243.0,0,0.0,0.0,,0.0,1,0.72,0.75,SPY190405C00287000,287.0,normalDay
2019-04-02,322.0,4306.0,0.0,100,285.97,243.0,0,0.0,0.0,,0.0,1,0.72,0.63,SPY190405C00287000,287.0,normalDay
2019-04-03,322.0,4327.0,0.0,100,286.42,243.0,0,0.0,0.0,,0.0,1,0.72,0.87,SPY190405C00287000,287.0,normalDay
2019-04-04,322.0,4398.0,0.0,100,287.18,243.0,0,0.0,0.0,,0.0,1,0.72,0.92,SPY190405C00287000,287.0,normalDay
2019-04-05,4794.0,4398.0,4472.0,0,288.57,0.0,0,0.0,0.0,,0.0,1,0.72,0.0,SPY190405C00287000,287.0,expirationDay
2019-04-08,4794.0,0.0,0.0,0,288.79,0.0,0,0.0,0.0,,0.0,0,0.0,0.0,,0.0,bidTooLow
2019-04-09,4794.0,0.0,0.0,0,287.31,0.0,0,0.0,0.0,,0.0,0,0.0,0.0,,0.0,bidTooLow
2019-04-10,4794.0,0.0,0.0,0,288.29,0.0,0,0.0,0.0,,0.0,0,0.0,0.0,,0.0,bidTooLow
2019-04-11,4794.0,0.0,0.0,0,288.21,0.0,0,0.0,0.0,,0.0,0,0.0,0.0,,0.0,bidTooLow
2019-04-12,4794.0,0.0,0.0,0,290.16,0.0,0,0.0,0.0,,0.0,0,0.0,0.0,,0.0,bidTooLow
2019-04-15,4794.0,0.0,0.0,0,289.97,0.0,0,0.0,0.0,,0.0,0,0.0,0.0,,0.0,bidTooLow
2019-04-16,4794.0,0.0,0.0,0,290.16,0.0,0,0.0,0.0,,0.0,0,0.0,0.0,,0.0,bidTooLow
2019-04-17,4794.0,0.0,0.0,0,289.45,0.0,0,0.0,0.0,,0.0,0,0.0,0.0,,0.0,bidTooLow
2019-04-18,4794.0,0.0,0.0,0,290.02,0.0,0,0.0,0.0,,0.0,0,0.0,0.0,,0.0,bidTooLow
2019-04-22,4794.0,0.0,0.0,0,290.27,0.0,0,0.0,0.0,,0.0,0,0.0,0.0,,0.0,bidTooLow
2019-04-23,4794.0,0.0,0.0,0,292.88,0.0,0,0.0,0.0,,0.0,0,0.0,0.0,,0.0,bidTooLow
2019-04-24,4794.0,0.0,0.0,0,292.23,0.0,0,0.0,0.0,,0.0,0,0.0,0.0,,0.0,bidTooLow
2019-04-25,4794.0,0.0,0.0,0,292.05,0.0,0,0.0,0.0,,0.0,0,0.0,0.0,,0.0,bidTooLow
2019-04-26,4794.0,0.0,0.0,0,293.41,0.0,0,0.0,0.0,,0.0,0,0.0,0.0,,0.0,bidTooLow
2019-04-29,4794.0,0.0,0.0,0,293.87,0.0,0,0.0,0.0,,0.0,0,0.0,0.0,,0.0,bidTooLow
2019-04-30,4794.0,-3.0,0.0,0,294.02,0.0,1,0.02,0.05,SPY190503P00280500,280.5,0,0.0,0.0,,0.0,normalDay
2019-05-01,4794.0,-6.0,0.0,0,291.81,0.0,1,0.02,0.08,SPY190503P00280500,280.5,0,0.0,0.0,,0.0,normalDay
2019-05-02,4794.0,-1.0,0.0,0,291.18,0.0,1,0.02,0.03,SPY190503P00280500,280.5,0,0.0,0.0,,0.0,normalDay
2019-05-03,4796.0,0.0,2.0,0,294.03,0.0,1,0.02,0.0,SPY190503P00280500,280.5,0,0.0,0.0,,0.0,expirationDay
2019-05-06,4796.0,-3.0,0.0,0,292.82,0.0,1,0.03,0.06,SPY190508P00283000,283.0,0,0.0,0.0,,0.0,normalDay
2019-05-07,4796.0,-18.0,0.0,0,287.93,0.0,1,0.03,0.21,SPY190508P00283000,283.0,0,0.0,0.0,,0.0,normalDay
2019-05-08,4799.0,0.0,3.0,0,287.53,0.0,1,0.03,0.0,SPY190508P00283000,283.0,0,0.0,0.0,,0.0,expirationDay
2019-05-09,4799.0,-3.0,0.0,0,286.66,0.0,1,0.76,0.79,SPY190510P00282500,282.5,0,0.0,0.0,,0.0,normalDay
2019-05-10,4875.0,0.0,76.0,0,288.1,0.0,1,0.76,0.0,SPY190510P00282500,282.5,0,0.0,0.0,,0.0,expirationDay
2019-05-13,4875.0,-6.0,0.0,0,280.86,0.0,1,1.26,1.32,SPY190515P00278500,278.5,0,0.0,0.0,,0.0,normalDay
2019-05-14,4875.0,111.0,0.0,0,283.4,0.0,1,1.26,0.15,SPY190515P00278500,278.5,0,0.0,0.0,,0.0,normalDay
2019-05-15,5001.0,0.0,126.0,0,285.06,0.0,1,1.26,0.0,SPY190515P00278500,278.5,0,0.0,0.0,,0.0,expirationDay
2019-05-16,5001.0,0.0,0.0,0,287.7,0.0,0,0.0,0.0,,0.0,0,0.0,0.0,,0.0,bidTooLow
2019-05-17,5001.0,0.0,0.0,0,285.84,0.0,0,0.0,0.0,,0.0,0,0.0,0.0,,0.0,bidTooLow
2019-05-20,5001.0,0.0,0.0,0,283.95,0.0,0,0.0,0.0,,0.0,0,0.0,0.0,,0.0,bidTooLow
2019-05-21,5001.0,-3.0,0.0,0,286.51,0.0,1,0.01,0.04,SPY190524P00274000,274.0,0,0.0,0.0,,0.0,normalDay
2019-05-22,5001.0,-1.0,0.0,0,285.63,0.0,1,0.01,0.02,SPY190524P00274000,274.0,0,0.0,0.0,,0.0,normalDay
2019-05-23,5001.0,-4.0,0.0,0,282.14,0.0,1,0.01,0.05,SPY190524P00274000,274.0,0,0.0,0.0,,0.0,normalDay
2019-05-24,5002.0,0.0,1.0,0,282.78,0.0,1,0.01,0.0,SPY190524P00274000,274.0,0,0.0,0.0,,0.0,expirationDay
2019-05-28,5002.0,-3.0,0.0,0,280.15,0.0,1,0.13,0.16,SPY190531P00271000,271.0,0,0.0,0.0,,0.0,normalDay
2019-05-29,5002.0,0.0,0.0,0,278.27,0.0,1,0.13,0.13,SPY190531P00271000,271.0,0,0.0,0.0,,0.0,normalDay
2019-05-30,5002.0,10.0,0.0,0,279.03,0.0,1,0.13,0.03,SPY190531P00271000,271.0,0,0.0,0.0,,0.0,normalDay
2019-05-31,5015.0,0.0,13.0,0,275.27,0.0,1,0.13,0.0,SPY190531P00271000,271.0,0,0.0,0.0,,0.0,expirationDay
2019-06-03,5015.0,-3.0,0.0,0,274.57,0.0,1,0.04,0.07,SPY190605P00266000,266.0,0,0.0,0.0,,0.0,normalDay
2019-06-04,5015.0,3.0,0.0,0,280.53,0.0,1,0.04,0.01,SPY190605P00266000,266.0,0,0.0,0.0,,0.0,normalDay
2019-06-05,5019.0,0.0,4.0,0,282.96,0.0,1,0.04,0.0,SPY190605P00266000,266.0,0,0.0,0.0,,0.0,expirationDay
2019-06-06,5019.0,0.0,0.0,0,284.8,0.0,0,0.0,0.0,,0.0,0,0.0,0.0,,0.0,bidTooLow
2019-06-07,5019.0,0.0,0.0,0,287.65,0.0,0,0.0,0.0,,0.0,0,0.0,0.0,,0.0,bidTooLow
2019-06-10,5019.0,0.0,0.0,0,288.97,0.0,0,0.0,0.0,,0.0,0,0.0,0.0,,0.0,bidTooLow
2019-06-11,5019.0,0.0,0.0,0,288.9,0.0,0,0.0,0.0,,0.0,0,0.0,0.0,,0.0,bidTooLow
2019-06-12,5019.0,0.0,0.0,0,288.39,0.0,0,0.0,0.0,,0.0,0,0.0,0.0,,0.0,bidTooLow
2019-06-13,5019.0,0.0,0.0,0,289.58,0.0,0,0.0,0.0,,0.0,0,0.0,0.0,,0.0,bidTooLow
2019-06-14,5019.0,0.0,0.0,0,289.26,0.0,0,0.0,0.0,,0.0,0,0.0,0.0,,0.0,bidTooLow
2019-06-17,5019.0,0.0,0.0,0,289.37,0.0,0,0.0,0.0,,0.0,0,0.0,0.0,,0.0,bidTooLow
2019-06-18,5019.0,0.0,0.0,0,292.4,0.0,0,0.0,0.0,,0.0,0,0.0,0.0,,0.0,bidTooLow
2019-06-19,5019.0,0.0,0.0,0,293.06,0.0,0,0.0,0.0,,0.0,0,0.0,0.0,,0.0,bidTooLow
2019-06-20,5019.0,0.0,0.0,0,295.86,0.0,0,0.0,0.0,,0.0,0,0.0,0.0,,0.0,bidTooLow
2019-06-21,5019.0,0.0,0.0,0,294.0,0.0,0,0.0,0.0,,0.0,0,0.0,0.0,,0.0,bidTooLow
2019-06-24,5019.0,0.0,0.0,0,293.64,0.0,0,0.0,0.0,,0.0,0,0.0,0.0,,0.0,bidTooLow
2019-06-25,5019.0,0.0,0.0,0,290.76,0.0,0,0.0,0.0,,0.0,0,0.0,0.0,,0.0,bidTooLow
2019-06-26,5019.0,0.0,0.0,0,290.47,0.0,0,0.0,0.0,,0.0,0,0.0,0.0,,0.0,bidTooLow
2019-06-27,5019.0,0.0,0.0,0,291.5,0.0,0,0.0,0.0,,0.0,0,0.0,0.0,,0.0,bidTooLow
2019-06-28,5019.0,0.0,0.0,0,293.0,0.0,0,0.0,0.0,,0.0,0,0.0,0.0,,0.0,bidTooLow
2019-07-01,5019.0,0.0,0.0,0,295.66,0.0,0,0.0,0.0,,0.0,0,0.0,0.0,,0.0,bidTooLow
2019-07-02,5019.0,0.0,0.0,0,296.43,0.0,0,0.0,0.0,,0.0,0,0.0,0.0,,0.0,bidTooLow
2019-07-03,5019.0,0.0,0.0,0,298.8,0.0,0,0.0,0.0,,0.0,0,0.0,0.0,,0.0,bidTooLow
2019-07-05,5019.0,0.0,0.0,0,298.46,0.0,0,0.0,0.0,,0.0,0,0.0,0.0,,0.0,bidTooLow
2019-07-08,5019.0,0.0,0.0,0,296.82,0.0,0,0.0,0.0,,0.0,0,0.0,0.0,,0.0,bidTooLow
2019-07-09,5019.0,0.0,0.0,0,297.19,0.0,0,0.0,0.0,,0.0,0,0.0,0.0,,0.0,bidTooLow
2019-07-10,5019.0,0.0,0.0,0,298.61,0.0,0,0.0,0.0,,0.0,0,0.0,0.0,,0.0,bidTooLow
2019-07-11,5019.0,0.0,0.0,0,299.31,0.0,0,0.0,0.0,,0.0,0,0.0,0.0,,0.0,bidTooLow
2019-07-12,5019.0,0.0,0.0,0,300.65,0.0,0,0.0,0.0,,0.0,0,0.0,0.0,,0.0,bidTooLow
2019-07-15,5019.0,0.0,0.0,0,300.75,0.0,0,0.0,0.0,,0.0,0,0.0,0.0,,0.0,bidTooLow
2019-07-16,5019.0,0.0,0.0,0,299.78,0.0,0,0.0,0.0,,0.0,0,0.0,0.0,,0.0,bidTooLow
2019-07-17,5019.0,0.0,0.0,0,297.74,0.0,0,0.0,0.0,,0.0,0,0.0,0.0,,0.0,bidTooLow
2019-07-18,5019.0,0.0,0.0,0,298.83,0.0,0,0.0,0.0,,0.0,0,0.0,0.0,,0.0,bidTooLow
2019-07-19,5019.0,0.0,0.0,0,297.17,0.0,0,0.0,0.0,,0.0,0,0.0,0.0,,0.0,bidTooLow
2019-07-22,5019.0,0.0,0.0,0,297.9,0.0,0,0.0,0.0,,0.0,0,0.0,0.0,,0.0,bidTooLow
2019-07-23,5019.0,0.0,0.0,0,300.03,0.0,0,0.0,0.0,,0.0,0,0.0,0.0,,0.0,bidTooLow
2019-07-24,5019.0,0.0,0.0,0,301.44,0.0,0,0.0,0.0,,0.0,0,0.0,0.0,,0.0,bidTooLow
2019-07-25,5019.0,0.0,0.0,0,300.0,0.0,0,0.0,0.0,,0.0,0,0.0,0.0,,0.0,bidTooLow
2019-07-26,5019.0,0.0,0.0,0,302.01,0.0,0,0.0,0.0,,0.0,0,0.0,0.0,,0.0,bidTooLow
2019-07-29,5019.0,-3.0,0.0,0,301.46,0.0,1,0.01,0.04,SPY190731P00292000,292.0,0,0.0,0.0,,0.0,normalDay
2019-07-30,5019.0,-3.0,0.0,0,300.72,0.0,1,0.01,0.04,SPY190731P00292000,292.0,0,0.0,0.0,,0.0,normalDay
2019-07-31,5020.0,0.0,1.0,0,297.43,0.0,1,0.01,0.0,SPY190731P00292000,292.0,0,0.0,0.0,,0.0,expirationDay
2019-08-01,5020.0,-3.0,0.0,0,294.84,0.0,1,0.4,0.43,SPY190802P00292000,292.0,0,0.0,0.0,,0.0,normalDay
2019-08-02,5060.0,0.0,40.0,0,292.62,0.0,1,0.4,0.0,SPY190802P00292000,292.0,0,0.0,0.0,,0.0,expirationDay
2019-08-05,5060.0,-5.0,0.0,0,283.82,0.0,1,2.84,2.89,SPY190807P00283000,283.0,0,0.0,0.0,,0.0,normalDay
2019-08-06,5060.0,247.0,0.0,0,287.8,0.0,1,2.84,0.37,SPY190807P00283000,283.0,0,0.0,0.0,,0.0,normalDay
2019-08-07,5344.0,0.0,284.0,0,287.97,0.0,1,2.84,0.0,SPY190807P00283000,283.0,0,0.0,0.0,,0.0,expirationDay
2019-08-08,5344.0,0.0,0.0,0,293.62,0.0,0,0.0,0.0,,0.0,0,0.0,0.0,,0.0,bidTooLow
2019-08-09,5344.0,0.0,0.0,0,291.62,0.0,0,0.0,0.0,,0.0,0,0.0,0.0,,0.0,bidTooLow
2019-08-12,5344.0,-3.0,0.0,0,288.07,0.0,1,0.07,0.1,SPY190814P00275000,275.0,0,0.0,0.0,,0.0,normalDay
2019-08-13,5344.0,6.0,0.0,0,292.55,0.0,1,0.07,0.01,SPY190814P00275000,275.0,0,0.0,0.0,,0.0,normalDay
2019-08-14,5351.0,0.0,7.0,0,283.9,0.0,1,0.07,0.0,SPY190814P00275000,275.0,0,0.0,0.0,,0.0,expirationDay
2019-08-15,5351.0,0.0,0.0,0,284.65,0.0,0,0.0,0.0,,0.0,0,0.0,0.0,,0.0,bidTooLow
2019-08-16,5351.0,0.0,0.0,0,288.85,0.0,0,0.0,0.0,,0.0,0,0.0,0.0,,0.0,bidTooLow
2019-08-19,5351.0,0.0,0.0,0,292.33,0.0,0,0.0,0.0,,0.0,0,0.0,0.0,,0.0,bidTooLow
2019-08-20,5351.0,0.0,0.0,0,290.09,0.0,0,0.0,0.0,,0.0,0,0.0,0.0,,0.0,bidTooLow
2019-08-21,5351.0,0.0,0.0,0,292.45,0.0,0,0.0,0.0,,0.0,0,0.0,0.0,,0.0,bidTooLow
2019-08-22,5351.0,0.0,0.0,0,292.36,0.0,0,0.0,0.0,,0.0,0,0.0,0.0,,0.0,bidTooLow
2019-08-23,5351.0,-3.0,0.0,0,284.85,0.0,1,0.06,0.09,SPY190826P00272000,272.0,0,0.0,0.0,,0.0,normalDay
2019-08-26,5357.0,0.0,6.0,0,288.0,0.0,1,0.06,0.0,SPY190826P00272000,272.0,0,0.0,0.0,,0.0,expirationDay
2019-08-27,5357.0,-3.0,0.0,0,286.87,0.0,1,0.13,0.16,SPY190830P00275000,275.0,0,0.0,0.0,,0.0,normalDay
2019-08-28,5357.0,9.0,0.0,0,288.89,0.0,1,0.13,0.04,SPY190830P00275000,275.0,0,0.0,0.0,,0.0,normalDay
2019-08-29,5357.0,11.0,0.0,0,292.58,0.0,1,0.13,0.02,SPY190830P00275000,275.0,0,0.0,0.0,,0.0,normalDay
2019-08-30,5370.0,0.0,13.0,0,292.45,0.0,1,0.13,0.0,SPY190830P00275000,275.0,0,0.0,0.0,,0.0,expirationDay
2019-09-03,5370.0,-3.0,0.0,0,290.74,0.0,1,0.09,0.12,SPY190906P00278000,278.0,0,0.0,0.0,,0.0,normalDay
2019-09-04,5370.0,6.0,0.0,0,294.04,0.0,1,0.09,0.03,SPY190906P00278000,278.0,0,0.0,0.0,,0.0,normalDay
2019-09-05,5370.0,7.0,0.0,0,297.82,0.0,1,0.09,0.02,SPY190906P00278000,278.0,0,0.0,0.0,,0.0,normalDay
2019-09-06,5379.0,0.0,9.0,0,298.05,0.0,1,0.09,0.0,SPY190906P00278000,278.0,0,0.0,0.0,,0.0,expirationDay
2019-09-09,5379.0,0.0,0.0,0,298.2,0.0,0,0.0,0.0,,0.0,0,0.0,0.0,,0.0,bidTooLow
2019-09-10,5379.0,0.0,0.0,0,298.13,0.0,0,0.0,0.0,,0.0,0,0.0,0.0,,0.0,bidTooLow
2019-09-11,5379.0,0.0,0.0,0,300.25,0.0,0,0.0,0.0,,0.0,0,0.0,0.0,,0.0,bidTooLow
2019-09-12,5379.0,0.0,0.0,0,301.29,0.0,0,0.0,0.0,,0.0,0,0.0,0.0,,0.0,bidTooLow
2019-09-13,5379.0,0.0,0.0,0,301.09,0.0,0,0.0,0.0,,0.0,0,0.0,0.0,,0.0,bidTooLow
2019-09-16,5379.0,0.0,0.0,0,300.16,0.0,0,0.0,0.0,,0.0,0,0.0,0.0,,0.0,bidTooLow
2019-09-17,5379.0,-3.0,0.0,0,300.92,0.0,1,0.02,0.05,SPY190920P00275000,275.0,0,0.0,0.0,,0.0,normalDay
2019-09-18,5379.0,-1.0,0.0,0,301.1,0.0,1,0.02,0.03,SPY190920P00275000,275.0,0,0.0,0.0,,0.0,normalDay
2019-09-19,5379.0,0.0,0.0,0,301.08,0.0,1,0.02,0.02,SPY190920P00275000,275.0,0,0.0,0.0,,0.0,normalDay
2019-09-20,5381.0,0.0,2.0,0,298.28,0.0,1,0.02,0.0,SPY190920P00275000,275.0,0,0.0,0.0,,0.0,expirationDay
2019-09-23,5381.0,0.0,0.0,0,298.21,0.0,0,0.0,0.0,,0.0,0,0.0,0.0,,0.0,bidTooLow
2019-09-24,5381.0,-3.0,0.0,0,295.87,0.0,1,0.05,0.08,SPY190927P00280000,280.0,0,0.0,0.0,,0.0,normalDay
2019-09-25,5381.0,2.0,0.0,0,297.62,0.0,1,0.05,0.03,SPY190927P00280000,280.0,0,0.0,0.0,,0.0,normalDay
2019-09-26,5381.0,4.0,0.0,0,297.0,0.0,1,0.05,0.01,SPY190927P00280000,280.0,0,0.0,0.0,,0.0,normalDay
2019-09-27,5386.0,0.0,5.0,0,295.4,0.0,1,0.05,0.0,SPY190927P00280000,280.0,0,0.0,0.0,,0.0,expirationDay
2019-09-30,5386.0,-3.0,0.0,0,296.77,0.0,1,0.03,0.06,SPY191002P00288000,288.0,0,0.0,0.0,,0.0,normalDay
2019-10-01,5386.0,-6.0,0.0,0,293.24,0.0,1,0.03,0.09,SPY191002P00288000,288.0,0,0.0,0.0,,0.0,normalDay
2019-10-02,5389.0,0.0,3.0,0,288.06,0.0,1,0.03,0.0,SPY191002P00288000,288.0,0,0.0,0.0,,0.0,expirationDay
2019-10-03,5389.0,-3.0,0.0,0,290.42,0.0,1,0.09,0.12,SPY191004P00284000,284.0,0,0.0,0.0,,0.0,normalDay
2019-10-04,5398.0,0.0,9.0,0,294.35,0.0,1,0.09,0.0,SPY191004P00284000,284.0,0,0.0,0.0,,0.0,expirationDay
2019-10-07,5398.0,-3.0,0.0,0,293.08,0.0,1,0.02,0.05,SPY191009P00283000,283.0,0,0.0,0.0,,0.0,normalDay
2019-10-08,5398.0,-10.0,0.0,0,288.53,0.0,1,0.02,0.12,SPY191009P00283000,283.0,0,0.0,0.0,,0.0,normalDay
2019-10-09,5400.0,0.0,2.0,0,291.27,0.0,1,0.02,0.0,SPY191009P00283000,283.0,0,0.0,0.0,,0.0,expirationDay
2019-10-10,5400.0,0.0,0.0,0,293.24,0.0,0,0.0,0.0,,0.0,0,0.0,0.0,,0.0,bidTooLow
2019-10-11,5400.0,0.0,0.0,0,296.28,0.0,0,0.0,0.0,,0.0,0,0.0,0.0,,0.0,bidTooLow
2019-10-14,5400.0,0.0,0.0,0,295.95,0.0,0,0.0,0.0,,0.0,0,0.0,0.0,,0.0,bidTooLow
2019-10-15,5400.0,-3.0,0.0,0,298.88,0.0,1,0.01,0.04,SPY191018P00281000,281.0,0,0.0,0.0,,0.0,normalDay
2019-10-16,5400.0,-1.0,0.0,0,298.4,0.0,1,0.01,0.02,SPY191018P00281000,281.0,0,0.0,0.0,,0.0,normalDay
2019-10-17,5400.0,0.0,0.0,0,299.28,0.0,1,0.01,0.01,SPY191018P00281000,281.0,0,0.0,0.0,,0.0,normalDay
2019-10-18,5401.0,0.0,1.0,0,297.97,0.0,1,0.01,0.0,SPY191018P00281000,281.0,0,0.0,0.0,,0.0,expirationDay
2019-10-21,5401.0,0.0,0.0,0,299.99,0.0,0,0.0,0.0,,0.0,0,0.0,0.0,,0.0,bidTooLow
2019-10-22,5401.0,0.0,0.0,0,299.01,0.0,0,0.0,0.0,,0.0,0,0.0,0.0,,0.0,bidTooLow
2019-10-23,5401.0,0.0,0.0,0,299.88,0.0,0,0.0,0.0,,0.0,0,0.0,0.0,,0.0,bidTooLow
2019-10-24,5401.0,0.0,0.0,0,300.37,0.0,0,0.0,0.0,,0.0,0,0.0,0.0,,0.0,bidTooLow
2019-10-25,5401.0,0.0,0.0,0,301.6,0.0,0,0.0,0.0,,0.0,0,0.0,0.0,,0.0,bidTooLow
2019-10-28,5401.0,0.0,0.0,0,303.3,0.0,0,0.0,0.0,,0.0,0,0.0,0.0,,0.0,bidTooLow
2019-10-29,5401.0,0.0,0.0,0,303.21,0.0,0,0.0,0.0,,0.0,0,0.0,0.0,,0.0,bidTooLow
2019-10-30,5401.0,0.0,0.0,0,304.14,0.0,0,0.0,0.0,,0.0,0,0.0,0.0,,0.0,bidTooLow
2019-10-31,5401.0,0.0,0.0,0,303.33,0.0,0,0.0,0.0,,0.0,0,0.0,0.0,,0.0,bidTooLow
2019-11-01,5401.0,0.0,0.0,0,306.14,0.0,0,0.0,0.0,,0.0,0,0.0,0.0,,0.0,bidTooLow
2019-11-04,5401.0,0.0,0.0,0,307.37,0.0,0,0.0,0.0,,0.0,0,0.0,0.0,,0.0,bidTooLow
2019-11-05,5401.0,0.0,0.0,0,307.03,0.0,0,0.0,0.0,,0.0,0,0.0,0.0,,0.0,bidTooLow
2019-11-06,5401.0,0.0,0.0,0,307.1,0.0,0,0.0,0.0,,0.0,0,0.0,0.0,,0.0,bidTooLow
2019-11-07,5401.0,0.0,0.0,0,308.18,0.0,0,0.0,0.0,,0.0,0,0.0,0.0,,0.0,bidTooLow
2019-11-08,5401.0,0.0,0.0,0,308.94,0.0,0,0.0,0.0,,0.0,0,0.0,0.0,,0.0,bidTooLow
2019-11-11,5401.0,0.0,0.0,0,308.35,0.0,0,0.0,0.0,,0.0,0,0.0,0.0,,0.0,bidTooLow
2019-11-12,5401.0,0.0,0.0,0,309.0,0.0,0,0.0,0.0,,0.0,0,0.0,0.0,,0.0,bidTooLow
2019-11-13,5401.0,0.0,0.0,0,309.1,0.0,0,0.0,0.0,,0.0,0,0.0,0.0,,0.0,bidTooLow
2019-11-14,5401.0,0.0,0.0,0,309.55,0.0,0,0.0,0.0,,0.0,0,0.0,0.0,,0.0,bidTooLow
2019-11-15,5401.0,0.0,0.0,0,311.79,0.0,0,0.0,0.0,,0.0,0,0.0,0.0,,0.0,bidTooLow
2019-11-18,5401.0,0.0,0.0,0,312.02,0.0,0,0.0,0.0,,0.0,0,0.0,0.0,,0.0,bidTooLow
2019-11-19,5401.0,0.0,0.0,0,311.93,0.0,0,0.0,0.0,,0.0,0,0.0,0.0,,0.0,bidTooLow
2019-11-20,5401.0,0.0,0.0,0,310.77,0.0,0,0.0,0.0,,0.0,0,0.0,0.0,,0.0,bidTooLow
2019-11-21,5401.0,0.0,0.0,0,310.27,0.0,0,0.0,0.0,,0.0,0,0.0,0.0,,0.0,bidTooLow
2019-11-22,5401.0,0.0,0.0,0,310.96,0.0,0,0.0,0.0,,0.0,0,0.0,0.0,,0.0,bidTooLow
2019-11-25,5401.0,0.0,0.0,0,313.37,0.0,0,0.0,0.0,,0.0,0,0.0,0.0,,0.0,bidTooLow
2019-11-26,5401.0,0.0,0.0,0,314.08,0.0,0,0.0,0.0,,0.0,0,0.0,0.0,,0.0,bidTooLow
2019-11-27,5401.0,0.0,0.0,0,315.48,0.0,0,0.0,0.0,,0.0,0,0.0,0.0,,0.0,bidTooLow
2019-11-29,5401.0,0.0,0.0,0,314.31,0.0,0,0.0,0.0,,0.0,0,0.0,0.0,,0.0,bidTooLow
2019-12-02,5401.0,-3.0,0.0,0,311.64,0.0,1,0.03,0.06,SPY191204P00301000,301.0,0,0.0,0.0,,0.0,normalDay
2019-12-03,5401.0,0.0,0.0,0,309.55,0.0,1,0.03,0.03,SPY191204P00301000,301.0,0,0.0,0.0,,0.0,normalDay
2019-12-04,5404.0,0.0,3.0,0,311.46,0.0,1,0.03,0.0,SPY191204P00301000,301.0,0,0.0,0.0,,0.0,expirationDay
2019-12-05,5404.0,0.0,0.0,0,312.02,0.0,0,0.0,0.0,,0.0,0,0.0,0.0,,0.0,bidTooLow
2019-12-06,5404.0,-3.0,0.0,0,314.87,0.0,1,0.01,0.04,SPY191209P00303500,303.5,0,0.0,0.0,,0.0,normalDay
2019-12-09,5405.0,0.0,1.0,0,313.88,0.0,1,0.01,0.0,SPY191209P00303500,303.5,0,0.0,0.0,,0.0,expirationDay
2019-12-10,5405.0,-3.0,0.0,0,313.53,0.0,1,0.1,0.13,SPY191213P00304500,304.5,0,0.0,0.0,,0.0,normalDay
2019-12-11,5405.0,5.0,0.0,0,314.42,0.0,1,0.1,0.05,SPY191213P00304500,304.5,0,0.0,0.0,,0.0,normalDay
2019-12-12,5405.0,8.0,0.0,0,317.13,0.0,1,0.1,0.02,SPY191213P00304500,304.5,0,0.0,0.0,,0.0,normalDay
2019-12-13,5415.0,0.0,10.0,0,317.32,0.0,1,0.1,0.0,SPY191213P00304500,304.5,0,0.0,0.0,,0.0,expirationDay
2019-12-16,5415.0,-3.0,0.0,0,319.5,0.0,1,0.01,0.04,SPY191218P00304000,304.0,0,0.0,0.0,,0.0,normalDay
2019-12-17,5415.0,0.0,0.0,0,319.57,0.0,1,0.01,0.01,SPY191218P00304000,304.0,0,0.0,0.0,,0.0,normalDay
2019-12-18,5416.0,0.0,1.0,0,319.59,0.0,1,0.01,0.0,SPY191218P00304000,304.0,0,0.0,0.0,,0.0,expirationDay
2019-12-19,5416.0,0.0,0.0,0,320.9,0.0,0,0.0,0.0,,0.0,0,0.0,0.0,,0.0,bidTooLow
2019-12-20,5416.0,0.0,0.0,0,320.73,0.0,0,0.0,0.0,,0.0,0,0.0,0.0,,0.0,bidTooLow
2019-12-23,5416.0,0.0,0.0,0,321.22,0.0,0,0.0,0.0,,0.0,0,0.0,0.0,,0.0,bidTooLow
2019-12-24,5416.0,0.0,0.0,0,321.23,0.0,0,0.0,0.0,,0.0,0,0.0,0.0,,0.0,bidTooLow
2019-12-26,5416.0,0.0,0.0,0,322.94,0.0,0,0.0,0.0,,0.0,0,0.0,0.0,,0.0,bidTooLow
2019-12-27,5416.0,0.0,0.0,0,322.86,0.0,0,0.0,0.0,,0.0,0,0.0,0.0,,0.0,bidTooLow
2019-12-30,5416.0,0.0,0.0,0,321.08,0.0,0,0.0,0.0,,0.0,0,0.0,0.0,,0.0,bidTooLow
2019-12-31,5416.0,-3.0,0.0,0,321.86,0.0,1,0.04,0.07,SPY200103P00302000,302.0,0,0.0,0.0,,0.0,normalDay
2020-01-02,5416.0,3.0,0.0,0,324.87,0.0,1,0.04,0.01,SPY200103P00302000,302.0,0,0.0,0.0,,0.0,normalDay
2020-01-03,5420.0,0.0,4.0,0,322.41,0.0,1,0.04,0.0,SPY200103P00302000,302.0,0,0.0,0.0,,0.0,expirationDay
2020-01-06,5420.0,0.0,0.0,0,323.64,0.0,0,0.0,0.0,,0.0,0,0.0,0.0,,0.0,bidTooLow
2020-01-07,5420.0,0.0,0.0,0,322.73,0.0,0,0.0,0.0,,0.0,0,0.0,0.0,,0.0,bidTooLow
2020-01-08,5420.0,-3.0,0.0,0,324.45,0.0,1,0.02,0.05,SPY200110P00309000,309.0,0,0.0,0.0,,0.0,normalDay
2020-01-09,5420.0,1.0,0.0,0,326.65,0.0,1,0.02,0.01,SPY200110P00309000,309.0,0,0.0,0.0,,0.0,normalDay
2020-01-10,5422.0,0.0,2.0,0,325.71,0.0,1,0.02,0.0,SPY200110P00309000,309.0,0,0.0,0.0,,0.0,expirationDay
2020-01-13,5422.0,0.0,0.0,0,327.95,0.0,0,0.0,0.0,,0.0,0,0.0,0.0,,0.0,bidTooLow
2020-01-14,5422.0,-3.0,0.0,0,327.45,0.0,1,0.01,0.04,SPY200117P00313000,313.0,0,0.0,0.0,,0.0,normalDay
2020-01-15,5422.0,-2.0,0.0,0,328.19,0.0,1,0.01,0.03,SPY200117P00313000,313.0,0,0.0,0.0,,0.0,normalDay
2020-01-16,5422.0,-1.0,0.0,0,330.92,0.0,1,0.01,0.02,SPY200117P00313000,313.0,0,0.0,0.0,,0.0,normalDay
2020-01-17,5423.0,0.0,1.0,0,331.95,0.0,1,0.01,0.0,SPY200117P00313000,313.0,0,0.0,0.0,,0.0,expirationDay
2020-01-21,5423.0,0.0,0.0,0,331.3,0.0,0,0.0,0.0,,0.0,0,0.0,0.0,,0.0,bidTooLow
2020-01-22,5423.0,0.0,0.0,0,331.34,0.0,0,0.0,0.0,,0.0,0,0.0,0.0,,0.0,bidTooLow
2020-01-23,5423.0,0.0,0.0,0,331.72,0.0,0,0.0,0.0,,0.0,0,0.0,0.0,,0.0,bidTooLow
2020-01-24,5423.0,0.0,0.0,0,328.77,0.0,0,0.0,0.0,,0.0,0,0.0,0.0,,0.0,bidTooLow
2020-01-27,5423.0,-3.0,0.0,0,323.5,0.0,1,0.24,0.27,SPY200129P00313000,313.0,0,0.0,0.0,,0.0,normalDay
2020-01-28,5423.0,22.0,0.0,0,326.89,0.0,1,0.24,0.02,SPY200129P00313000,313.0,0,0.0,0.0,,0.0,normalDay
2020-01-29,5447.0,0.0,24.0,0,326.62,0.0,1,0.24,0.0,SPY200129P00313000,313.0,0,0.0,0.0,,0.0,expirationDay
2020-01-30,5447.0,0.0,0.0,0,327.68,0.0,0,0.0,0.0,,0.0,0,0.0,0.0,,0.0,bidTooLow
2020-01-31,5447.0,-3.0,0.0,0,321.73,0.0,1,0.45,0.48,SPY200203P00315000,315.0,0,0.0,0.0,,0.0,normalDay
2020-02-03,5492.0,0.0,45.0,0,324.12,0.0,1,0.45,0.0,SPY200203P00315000,315.0,0,0.0,0.0,,0.0,expirationDay
2020-02-04,5492.0,-3.0,0.0,0,329.06,0.0,1,0.07,0.1,SPY200207P00316000,316.0,0,0.0,0.0,,0.0,normalDay
2020-02-05,5492.0,4.0,0.0,0,332.86,0.0,1,0.07,0.03,SPY200207P00316000,316.0,0,0.0,0.0,,0.0,normalDay
2020-02-06,5492.0,6.0,0.0,0,333.98,0.0,1,0.07,0.01,SPY200207P00316000,316.0,0,0.0,0.0,,0.0,normalDay
2020-02-07,5499.0,0.0,7.0,0,332.2,0.0,1,0.07,0.0,SPY200207P00316000,316.0,0,0.0,0.0,,0.0,expirationDay
2020-02-10,5499.0,0.0,0.0,0,334.68,0.0,0,0.0,0.0,,0.0,0,0.0,0.0,,0.0,bidTooLow
2020-02-11,5499.0,0.0,0.0,0,335.26,0.0,0,0.0,0.0,,0.0,0,0.0,0.0,,0.0,bidTooLow
2020-02-12,5499.0,0.0,0.0,0,337.42,0.0,0,0.0,0.0,,0.0,0,0.0,0.0,,0.0,bidTooLow
2020-02-13,5499.0,0.0,0.0,0,337.06,0.0,0,0.0,0.0,,0.0,0,0.0,0.0,,0.0,bidTooLow
2020-02-14,5499.0,0.0,0.0,0,337.6,0.0,0,0.0,0.0,,0.0,0,0.0,0.0,,0.0,bidTooLow
2020-02-18,5499.0,0.0,0.0,0,336.73,0.0,0,0.0,0.0,,0.0,0,0.0,0.0,,0.0,bidTooLow
2020-02-19,5499.0,0.0,0.0,0,338.34,0.0,0,0.0,0.0,,0.0,0,0.0,0.0,,0.0,bidTooLow
2020-02-20,5499.0,0.0,0.0,0,336.95,0.0,0,0.0,0.0,,0.0,0,0.0,0.0,,0.0,bidTooLow
2020-02-21,5499.0,0.0,0.0,0,333.48,0.0,0,0.0,0.0,,0.0,0,0.0,0.0,,0.0,bidTooLow
2020-02-24,5499.0,-4.0,0.0,0,322.42,0.0,1,0.83,0.87,SPY200226P00310000,310.0,0,0.0,0.0,,0.0,normalDay
2020-02-25,5499.0,-60.0,0.0,0,312.65,0.0,1,0.83,1.43,SPY200226P00310000,310.0,0,0.0,0.0,,0.0,normalDay
2020-02-26,5582.0,0.0,83.0,0,311.5,0.0,1,0.83,0.0,SPY200226P00310000,310.0,0,0.0,0.0,,0.0,expirationDay
2020-02-27,5582.0,-14.0,0.0,0,297.51,0.0,1,1.18,1.32,SPY200228P00287500,287.5,0,0.0,0.0,,0.0,normalDay
2020-02-28,5700.0,0.0,118.0,0,296.26,0.0,1,1.18,0.0,SPY200228P00287500,287.5,0,0.0,0.0,,0.0,expirationDay
2020-03-02,5700.0,-3.0,0.0,0,309.09,0.0,1,0.06,0.09,SPY200304P00275000,275.0,0,0.0,0.0,,0.0,normalDay
2020-03-03,5700.0,3.0,0.0,0,300.24,0.0,1,0.06,0.03,SPY200304P00275000,275.0,0,0.0,0.0,,0.0,normalDay
2020-03-04,5706.0,0.0,6.0,0,312.86,0.0,1,0.06,0.0,SPY200304P00275000,275.0,0,0.0,0.0,,0.0,expirationDay
2020-03-05,5706.0,0.0,0.0,0,302.46,0.0,0,0.0,0.0,,0.0,0,0.0,0.0,,0.0,bidTooLow
2020-03-06,5706.0,-4.0,0.0,0,297.46,0.0,1,0.01,0.05,SPY200309P00259000,259.0,0,0.0,0.0,,0.0,normalDay
2020-03-09,5707.0,0.0,1.0,0,274.23,0.0,1,0.01,0.0,SPY200309P00259000,259.0,0,0.0,0.0,,0.0,expirationDay
2020-03-10,5707.0,-4.0,0.0,0,288.42,0.0,1,0.09,0.13,SPY200313P00240000,240.0,0,0.0,0.0,,0.0,normalDay
2020-03-11,5707.0,-41.0,0.0,0,274.36,0.0,1,0.09,0.5,SPY200313P00240000,240.0,0,0.0,0.0,,0.0,normalDay
2020-03-12,5707.0,-416.0,0.0,0,248.11,0.0,1,0.09,4.25,SPY200313P00240000,240.0,0,0.0,0.0,,0.0,normalDay
2020-03-13,5716.0,0.0,9.0,0,269.32,0.0,1,0.09,0.0,SPY200313P00240000,240.0,0,0.0,0.0,,0.0,expirationDay
2020-03-16,5716.0,-11.0,0.0,0,239.85,0.0,1,0.68,0.79,SPY200318P00195000,195.0,0,0.0,0.0,,0.0,normalDay
2020-03-17,5716.0,65.0,0.0,0,252.8,0.0,1,0.68,0.03,SPY200318P00195000,195.0,0,0.0,0.0,,0.0,normalDay
2020-03-18,5784.0,0.0,68.0,0,240.0,0.0,1,0.68,0.0,SPY200318P00195000,195.0,0,0.0,0.0,,0.0,expirationDay
2020-03-19,5784.0,0.0,0.0,0,240.51,0.0,0,0.0,0.0,,0.0,0,0.0,0.0,,0.0,bidTooLow
2020-03-20,5784.0,0.0,0.0,0,228.8,0.0,0,0.0,0.0,,0.0,0,0.0,0.0,,0.0,bidTooLow
2020-03-23,5784.0,0.0,0.0,0,222.95,0.0,0,0.0,0.0,,0.0,0,0.0,0.0,,0.0,bidTooLow
2020-03-24,5784.0,0.0,0.0,0,243.15,0.0,0,0.0,0.0,,0.0,0,0.0,0.0,,0.0,bidTooLow
2020-03-25,5784.0,0.0,0.0,0,246.79,0.0,0,0.0,0.0,,0.0,0,0.0,0.0,,0.0,bidTooLow
2020-03-26,5784.0,0.0,0.0,0,261.2,0.0,0,0.0,0.0,,0.0,0,0.0,0.0,,0.0,bidTooLow
2020-03-27,5784.0,0.0,0.0,0,253.42,0.0,0,0.0,0.0,,0.0,0,0.0,0.0,,0.0,bidTooLow
2020-03-30,5784.0,0.0,0.0,0,261.65,0.0,0,0.0,0.0,,0.0,0,0.0,0.0,,0.0,bidTooLow
2020-03-31,5784.0,0.0,0.0,0,257.75,0.0,0,0.0,0.0,,0.0,0,0.0,0.0,,0.0,bidTooLow
2020-04-01,5784.0,0.0,0.0,0,246.15,0.0,0,0.0,0.0,,0.0,0,0.0,0.0,,0.0,bidTooLow
2020-04-02,5784.0,0.0,0.0,0,251.83,0.0,0,0.0,0.0,,0.0,0,0.0,0.0,,0.0,bidTooLow
2020-04-03,5784.0,0.0,0.0,0,248.19,0.0,0,0.0,0.0,,0.0,0,0.0,0.0,,0.0,bidTooLow
2020-04-06,5784.0,0.0,0.0,0,264.86,0.0,0,0.0,0.0,,0.0,0,0.0,0.0,,0.0,bidTooLow
2020-04-07,5784.0,0.0,0.0,0,265.13,0.0,0,0.0,0.0,,0.0,0,0.0,0.0,,0.0,bidTooLow
2020-04-08,5784.0,0.0,0.0,0,274.03,0.0,0,0.0,0.0,,0.0,0,0.0,0.0,,0.0,bidTooLow
2020-04-09,5784.0,0.0,0.0,0,278.2,0.0,0,0.0,0.0,,0.0,0,0.0,0.0,,0.0,bidTooLow
2020-04-13,5784.0,0.0,0.0,0,275.66,0.0,0,0.0,0.0,,0.0,0,0.0,0.0,,0.0,bidTooLow
2020-04-14,5784.0,0.0,0.0,0,283.79,0.0,0,0.0,0.0,,0.0,0,0.0,0.0,,0.0,bidTooLow
2020-04-15,5784.0,0.0,0.0,0,277.76,0.0,0,0.0,0.0,,0.0,0,0.0,0.0,,0.0,bidTooLow
2020-04-16,5784.0,0.0,0.0,0,279.1,0.0,0,0.0,0.0,,0.0,0,0.0,0.0,,0.0,bidTooLow
2020-04-17,5784.0,0.0,0.0,0,286.64,0.0,0,0.0,0.0,,0.0,0,0.0,0.0,,0.0,bidTooLow
2020-04-20,5784.0,0.0,0.0,0,281.59,0.0,0,0.0,0.0,,0.0,0,0.0,0.0,,0.0,bidTooLow
2020-04-21,5784.0,0.0,0.0,0,273.04,0.0,0,0.0,0.0,,0.0,0,0.0,0.0,,0.0,bidTooLow
2020-04-22,5784.0,0.0,0.0,0,279.1,0.0,0,0.0,0.0,,0.0,0,0.0,0.0,,0.0,bidTooLow
2020-04-23,5784.0,0.0,0.0,0,279.08,0.0,0,0.0,0.0,,0.0,0,0.0,0.0,,0.0,bidTooLow
2020-04-24,5784.0,0.0,0.0,0,282.97,0.0,0,0.0,0.0,,0.0,0,0.0,0.0,,0.0,bidTooLow
2020-04-27,5784.0,0.0,0.0,0,287.05,0.0,0,0.0,0.0,,0.0,0,0.0,0.0,,0.0,bidTooLow
2020-04-28,5784.0,0.0,0.0,0,285.73,0.0,0,0.0,0.0,,0.0,0,0.0,0.0,,0.0,bidTooLow
2020-04-29,5784.0,0.0,0.0,0,293.21,0.0,0,0.0,0.0,,0.0,0,0.0,0.0,,0.0,bidTooLow
2020-04-30,5784.0,0.0,0.0,0,290.48,0.0,0,0.0,0.0,,0.0,0,0.0,0.0,,0.0,bidTooLow
2020-05-01,5784.0,0.0,0.0,0,282.79,0.0,0,0.0,0.0,,0.0,0,0.0,0.0,,0.0,bidTooLow
2020-05-04,5784.0,0.0,0.0,0,283.57,0.0,0,0.0,0.0,,0.0,0,0.0,0.0,,0.0,bidTooLow
2020-05-05,5784.0,-3.0,0.0,0,286.19,0.0,1,0.02,0.05,SPY200508P00257000,257.0,0,0.0,0.0,,0.0,normalDay
2020-05-06,5784.0,-1.0,0.0,0,284.25,0.0,1,0.02,0.03,SPY200508P00257000,257.0,0,0.0,0.0,,0.0,normalDay
2020-05-07,5784.0,1.0,0.0,0,287.68,0.0,1,0.02,0.01,SPY200508P00257000,257.0,0,0.0,0.0,,0.0,normalDay
2020-05-08,5786.0,0.0,2.0,0,292.44,0.0,1,0.02,0.0,SPY200508P00257000,257.0,0,0.0,0.0,,0.0,expirationDay
2020-05-11,5786.0,0.0,0.0,0,292.5,0.0,0,0.0,0.0,,0.0,0,0.0,0.0,,0.0,bidTooLow
2020-05-12,5786.0,-3.0,0.0,0,286.67,0.0,1,0.13,0.16,SPY200515P00264000,264.0,0,0.0,0.0,,0.0,normalDay
2020-05-13,5786.0,3.0,0.0,0,281.6,0.0,1,0.13,0.1,SPY200515P00264000,264.0,0,0.0,0.0,,0.0,normalDay
2020-05-14,5786.0,11.0,0.0,0,284.97,0.0,1,0.13,0.02,SPY200515P00264000,264.0,0,0.0,0.0,,0.0,normalDay
2020-05-15,5799.0,0.0,13.0,0,286.28,0.0,1,0.13,0.0,SPY200515P00264000,264.0,0,0.0,0.0,,0.0,expirationDay
2020-05-18,5799.0,0.0,0.0,0,295.0,0.0,0,0.0,0.0,,0.0,0,0.0,0.0,,0.0,bidTooLow
2020-05-19,5799.0,-3.0,0.0,0,291.97,0.0,1,0.03,0.06,SPY200522P00269000,269.0,0,0.0,0.0,,0.0,normalDay
2020-05-20,5799.0,1.0,0.0,0,296.93,0.0,1,0.03,0.02,SPY200522P00269000,269.0,0,0.0,0.0,,0.0,normalDay
2020-05-21,5799.0,2.0,0.0,0,294.88,0.0,1,0.03,0.01,SPY200522P00269000,269.0,0,0.0,0.0,,0.0,normalDay
2020-05-22,5802.0,0.0,3.0,0,295.44,0.0,1,0.03,0.0,SPY200522P00269000,269.0,0,0.0,0.0,,0.0,expirationDay
2020-05-26,5802.0,-3.0,0.0,0,299.08,0.0,1,0.01,0.04,SPY200529P00270000,270.0,0,0.0,0.0,,0.0,normalDay
2020-05-27,5802.0,-1.0,0.0,0,303.53,0.0,1,0.01,0.02,SPY200529P00270000,270.0,0,0.0,0.0,,0.0,normalDay
2020-05-28,5802.0,-1.0,0.0,0,302.97,0.0,1,0.01,0.02,SPY200529P00270000,270.0,0,0.0,0.0,,0.0,normalDay
2020-05-29,5803.0,0.0,1.0,0,304.32,0.0,1,0.01,0.0,SPY200529P00270000,270.0,0,0.0,0.0,,0.0,expirationDay
2020-06-01,5803.0,0.0,0.0,0,305.55,0.0,0,0.0,0.0,,0.0,0,0.0,0.0,,0.0,bidTooLow
2020-06-02,5803.0,0.0,0.0,0,308.08,0.0,0,0.0,0.0,,0.0,0,0.0,0.0,,0.0,bidTooLow
2020-06-03,5803.0,0.0,0.0,0,312.18,0.0,0,0.0,0.0,,0.0,0,0.0,0.0,,0.0,bidTooLow
2020-06-04,5803.0,0.0,0.0,0,311.36,0.0,0,0.0,0.0,,0.0,0,0.0,0.0,,0.0,bidTooLow
2020-06-05,5803.0,0.0,0.0,0,319.34,0.0,0,0.0,0.0,,0.0,0,0.0,0.0,,0.0,bidTooLow
2020-06-08,5803.0,0.0,0.0,0,323.2,0.0,0,0.0,0.0,,0.0,0,0.0,0.0,,0.0,bidTooLow
2020-06-09,5803.0,0.0,0.0,0,320.79,0.0,0,0.0,0.0,,0.0,0,0.0,0.0,,0.0,bidTooLow
2020-06-10,5803.0,0.0,0.0,0,319.0,0.0,0,0.0,0.0,,0.0,0,0.0,0.0,,0.0,bidTooLow
2020-06-11,5803.0,-3.0,0.0,0,300.61,0.0,1,0.01,0.04,SPY200612P00261000,261.0,0,0.0,0.0,,0.0,normalDay
2020-06-12,5804.0,0.0,1.0,0,304.21,0.0,1,0.01,0.0,SPY200612P00261000,261.0,0,0.0,0.0,,0.0,expirationDay
2020-06-15,5804.0,-3.0,0.0,0,307.05,0.0,1,0.02,0.05,SPY200617P00270000,270.0,0,0.0,0.0,,0.0,normalDay
2020-06-16,5804.0,1.0,0.0,0,312.96,0.0,1,0.02,0.01,SPY200617P00270000,270.0,0,0.0,0.0,,0.0,normalDay
2020-06-17,5806.0,0.0,2.0,0,311.66,0.0,1,0.02,0.0,SPY200617P00270000,270.0,0,0.0,0.0,,0.0,expirationDay
2020-06-18,5806.0,0.0,0.0,0,311.78,0.0,0,0.0,0.0,,0.0,0,0.0,0.0,,0.0,bidTooLow
2020-06-19,5806.0,-3.0,0.0,0,308.64,0.0,1,0.01,0.04,SPY200622P00281000,281.0,0,0.0,0.0,,0.0,normalDay
2020-06-22,5807.0,0.0,1.0,0,310.62,0.0,1,0.01,0.0,SPY200622P00281000,281.0,0,0.0,0.0,,0.0,expirationDay
2020-06-23,5807.0,-3.0,0.0,0,312.05,0.0,1,0.04,0.07,SPY200626P00286000,286.0,0,0.0,0.0,,0.0,normalDay
2020-06-24,5807.0,-7.0,0.0,0,304.09,0.0,1,0.04,0.11,SPY200626P00286000,286.0,0,0.0,0.0,,0.0,normalDay
2020-06-25,5807.0,2.0,0.0,0,307.35,0.0,1,0.04,0.02,SPY200626P00286000,286.0,0,0.0,0.0,,0.0,normalDay
2020-06-26,5811.0,0.0,4.0,0,300.05,0.0,1,0.04,0.0,SPY200626P00286000,286.0,0,0.0,0.0,,0.0,expirationDay
2020-06-29,5811.0,-3.0,0.0,0,304.46,0.0,1,0.2,0.23,SPY200702P00286000,286.0,0,0.0,0.0,,0.0,normalDay
2020-06-30,5811.0,11.0,0.0,0,308.36,0.0,1,0.2,0.09,SPY200702P00286000,286.0,0,0.0,0.0,,0.0,normalDay
2020-07-01,5811.0,18.0,0.0,0,310.52,0.0,1,0.2,0.02,SPY200702P00286000,286.0,0,0.0,0.0,,0.0,normalDay
2020-07-02,5831.0,0.0,20.0,0,312.23,0.0,1,0.2,0.0,SPY200702P00286000,286.0,0,0.0,0.0,,0.0,expirationDay
2020-07-06,5831.0,0.0,0.0,0,317.05,0.0,0,0.0,0.0,,0.0,0,0.0,0.0,,0.0,bidTooLow
2020-07-07,5831.0,-3.0,0.0,0,313.78,0.0,1,0.03,0.06,SPY200710P00289000,289.0,0,0.0,0.0,,0.0,normalDay
2020-07-08,5831.0,1.0,0.0,0,316.18,0.0,1,0.03,0.02,SPY200710P00289000,289.0,0,0.0,0.0,,0.0,normalDay
2020-07-09,5831.0,1.0,0.0,0,314.38,0.0,1,0.03,0.02,SPY200710P00289000,289.0,0,0.0,0.0,,0.0,normalDay
2020-07-10,5834.0,0.0,3.0,0,317.59,0.0,1,0.03,0.0,SPY200710P00289000,289.0,0,0.0,0.0,,0.0,expirationDay
2020-07-13,5834.0,-3.0,0.0,0,314.84,0.0,1,0.05,0.08,SPY200715P00293000,293.0,0,0.0,0.0,,0.0,normalDay
2020-07-14,5834.0,3.0,0.0,0,318.92,0.0,1,0.05,0.02,SPY200715P00293000,293.0,0,0.0,0.0,,0.0,normalDay
2020-07-15,5839.0,0.0,5.0,0,321.85,0.0,1,0.05,0.0,SPY200715P00293000,293.0,0,0.0,0.0,,0.0,expirationDay
2020-07-16,5839.0,0.0,0.0,0,320.79,0.0,0,0.0,0.0,,0.0,0,0.0,0.0,,0.0,bidTooLow
2020-07-17,5839.0,0.0,0.0,0,321.72,0.0,0,0.0,0.0,,0.0,0,0.0,0.0,,0.0,bidTooLow
2020-07-20,5839.0,0.0,0.0,0,324.32,0.0,0,0.0,0.0,,0.0,0,0.0,0.0,,0.0,bidTooLow
2020-07-21,5839.0,0.0,0.0,0,325.01,0.0,0,0.0,0.0,,0.0,0,0.0,0.0,,0.0,bidTooLow
2020-07-22,5839.0,0.0,0.0,0,326.86,0.0,0,0.0,0.0,,0.0,0,0.0,0.0,,0.0,bidTooLow
2020-07-23,5839.0,0.0,0.0,0,322.96,0.0,0,0.0,0.0,,0.0,0,0.0,0.0,,0.0,bidTooLow
2020-07-24,5839.0,0.0,0.0,0,320.88,0.0,0,0.0,0.0,,0.0,0,0.0,0.0,,0.0,bidTooLow
2020-07-27,5839.0,0.0,0.0,0,323.22,0.0,0,0.0,0.0,,0.0,0,0.0,0.0,,0.0,bidTooLow
2020-07-28,5839.0,-3.0,0.0,0,321.17,0.0,1,0.04,0.07,SPY200731P00299000,299.0,0,0.0,0.0,,0.0,normalDay
2020-07-29,5839.0,1.0,0.0,0,325.12,0.0,1,0.04,0.03,SPY200731P00299000,299.0,0,0.0,0.0,,0.0,normalDay
2020-07-30,5839.0,2.0,0.0,0,323.96,0.0,1,0.04,0.02,SPY200731P00299000,299.0,0,0.0,0.0,,0.0,normalDay
2020-07-31,5843.0,0.0,4.0,0,326.52,0.0,1,0.04,0.0,SPY200731P00299000,299.0,0,0.0,0.0,,0.0,expirationDay
2020-08-03,5843.0,0.0,0.0,0,328.79,0.0,0,0.0,0.0,,0.0,0,0.0,0.0,,0.0,bidTooLow
2020-08-04,5843.0,-3.0,0.0,0,330.06,0.0,1,0.01,0.04,SPY200807P00306000,306.0,0,0.0,0.0,,0.0,normalDay
2020-08-05,5843.0,-1.0,0.0,0,332.11,0.0,1,0.01,0.02,SPY200807P00306000,306.0,0,0.0,0.0,,0.0,normalDay
2020-08-06,5843.0,-1.0,0.0,0,334.33,0.0,1,0.01,0.02,SPY200807P00306000,306.0,0,0.0,0.0,,0.0,normalDay
2020-08-07,5844.0,0.0,1.0,0,334.57,0.0,1,0.01,0.0,SPY200807P00306000,306.0,0,0.0,0.0,,0.0,expirationDay
2020-08-10,5844.0,0.0,0.0,0,335.57,0.0,0,0.0,0.0,,0.0,0,0.0,0.0,,0.0,bidTooLow
2020-08-11,5844.0,-3.0,0.0,0,332.8,0.0,1,0.06,0.09,SPY200814P00308000,308.0,0,0.0,0.0,,0.0,normalDay
2020-08-12,5844.0,4.0,0.0,0,337.44,0.0,1,0.06,0.02,SPY200814P00308000,308.0,0,0.0,0.0,,0.0,normalDay
2020-08-13,5844.0,4.0,0.0,0,336.83,0.0,1,0.06,0.02,SPY200814P00308000,308.0,0,0.0,0.0,,0.0,normalDay
2020-08-14,5850.0,0.0,6.0,0,336.84,0.0,1,0.06,0.0,SPY200814P00308000,308.0,0,0.0,0.0,,0.0,expirationDay
2020-08-17,5850.0,0.0,0.0,0,337.91,0.0,0,0.0,0.0,,0.0,0,0.0,0.0,,0.0,bidTooLow
2020-08-18,5850.0,-3.0,0.0,0,338.64,0.0,1,0.01,0.04,SPY200821P00307000,307.0,0,0.0,0.0,,0.0,normalDay
2020-08-19,5850.0,-4.0,0.0,0,337.23,0.0,1,0.01,0.05,SPY200821P00307000,307.0,0,0.0,0.0,,0.0,normalDay
2020-08-20,5850.0,-1.0,0.0,0,338.28,0.0,1,0.01,0.02,SPY200821P00307000,307.0,0,0.0,0.0,,0.0,normalDay
2020-08-21,5851.0,0.0,1.0,0,339.48,0.0,1,0.01,0.0,SPY200821P00307000,307.0,0,0.0,0.0,,0.0,expirationDay
2020-08-24,5851.0,0.0,0.0,0,342.92,0.0,0,0.0,0.0,,0.0,0,0.0,0.0,,0.0,bidTooLow
2020-08-25,5851.0,0.0,0.0,0,344.12,0.0,0,0.0,0.0,,0.0,0,0.0,0.0,,0.0,bidTooLow
2020-08-26,5851.0,-3.0,0.0,0,347.57,0.0,1,0.01,0.04,SPY200828P00314000,314.0,0,0.0,0.0,,0.0,normalDay
2020-08-27,5851.0,-1.0,0.0,0,348.33,0.0,1,0.01,0.02,SPY200828P00314000,314.0,0,0.0,0.0,,0.0,normalDay
2020-08-28,5852.0,0.0,1.0,0,350.58,0.0,1,0.01,0.0,SPY200828P00314000,314.0,0,0.0,0.0,,0.0,expirationDay
2020-08-31,5852.0,-3.0,0.0,0,349.31,0.0,1,0.01,0.04,SPY200902P00317000,317.0,0,0.0,0.0,,0.0,normalDay
2020-09-01,5852.0,0.0,0.0,0,352.6,0.0,1,0.01,0.01,SPY200902P00317000,317.0,0,0.0,0.0,,0.0,normalDay
2020-09-02,5853.0,0.0,1.0,0,357.7,0.0,1,0.01,0.0,SPY200902P00317000,317.0,0,0.0,0.0,,0.0,expirationDay
2020-09-03,5853.0,-3.0,0.0,0,345.39,0.0,1,0.03,0.06,SPY200904P00316000,316.0,0,0.0,0.0,,0.0,normalDay
2020-09-04,5856.0,0.0,3.0,0,342.57,0.0,1,0.03,0.0,SPY200904P00316000,316.0,0,0.0,0.0,,0.0,expirationDay
2020-09-08,5856.0,-4.0,0.0,0,333.21,0.0,1,0.56,0.6,SPY200911P00317000,317.0,0,0.0,0.0,,0.0,normalDay
2020-09-09,5856.0,41.0,0.0,0,339.79,0.0,1,0.56,0.15,SPY200911P00317000,317.0,0,0.0,0.0,,0.0,normalDay
2020-09-10,5856.0,48.0,0.0,0,333.89,0.0,1,0.56,0.08,SPY200911P00317000,317.0,0,0.0,0.0,,0.0,normalDay
2020-09-11,5912.0,0.0,56.0,0,334.06,0.0,1,0.56,0.0,SPY200911P00317000,317.0,0,0.0,0.0,,0.0,expirationDay
2020-09-14,5912.0,-3.0,0.0,0,338.46,0.0,1,0.06,0.09,SPY200916P00317000,317.0,0,0.0,0.0,,0.0,normalDay
2020-09-15,5912.0,4.0,0.0,0,340.17,0.0,1,0.06,0.02,SPY200916P00317000,317.0,0,0.0,0.0,,0.0,normalDay
2020-09-16,5918.0,0.0,6.0,0,338.82,0.0,1,0.06,0.0,SPY200916P00317000,317.0,0,0.0,0.0,,0.0,expirationDay
2020-09-17,5918.0,-3.0,0.0,0,335.84,0.0,1,0.07,0.1,SPY200918P00317000,317.0,0,0.0,0.0,,0.0,normalDay
2020-09-18,5925.0,0.0,7.0,0,330.65,0.0,1,0.07,0.0,SPY200918P00317000,317.0,0,0.0,0.0,,0.0,expirationDay
2020-09-21,5925.0,-3.0,0.0,0,326.97,0.0,1,0.08,0.11,SPY200923P00311000,311.0,0,0.0,0.0,,0.0,normalDay
2020-09-22,5925.0,6.0,0.0,0,330.3,0.0,1,0.08,0.02,SPY200923P00311000,311.0,0,0.0,0.0,,0.0,normalDay
2020-09-23,5933.0,0.0,8.0,0,322.64,0.0,1,0.08,0.0,SPY200923P00311000,311.0,0,0.0,0.0,,0.0,expirationDay
2020-09-24,5933.0,0.0,0.0,0,323.5,0.0,0,0.0,0.0,,0.0,0,0.0,0.0,,0.0,bidTooLow
2020-09-25,5933.0,0.0,0.0,0,328.73,0.0,0,0.0,0.0,,0.0,0,0.0,0.0,,0.0,bidTooLow
2020-09-28,5933.0,0.0,0.0,0,334.19,0.0,0,0.0,0.0,,0.0,0,0.0,0.0,,0.0,bidTooLow
2020-09-29,5933.0,-3.0,0.0,0,332.37,0.0,1,0.01,0.04,SPY201002P00302000,302.0,0,0.0,0.0,,0.0,normalDay
2020-09-30,5933.0,-2.0,0.0,0,334.89,0.0,1,0.01,0.03,SPY201002P00302000,302.0,0,0.0,0.0,,0.0,normalDay
2020-10-01,5933.0,0.0,0.0,0,337.04,0.0,1,0.01,0.01,SPY201002P00302000,302.0,0,0.0,0.0,,0.0,normalDay
2020-10-02,5934.0,0.0,1.0,0,333.84,0.0,1,0.01,0.0,SPY201002P00302000,302.0,0,0.0,0.0,,0.0,expirationDay
2020-10-05,5934.0,0.0,0.0,0,339.76,0.0,0,0.0,0.0,,0.0,0,0.0,0.0,,0.0,bidTooLow
2020-10-06,5934.0,-3.0,0.0,0,334.93,0.0,1,0.07,0.1,SPY201009P00314000,314.0,0,0.0,0.0,,0.0,normalDay
2020-10-07,5934.0,5.0,0.0,0,340.76,0.0,1,0.07,0.02,SPY201009P00314000,314.0,0,0.0,0.0,,0.0,normalDay
2020-10-08,5934.0,6.0,0.0,0,343.78,0.0,1,0.07,0.01,SPY201009P00314000,314.0,0,0.0,0.0,,0.0,normalDay
2020-10-09,5941.0,0.0,7.0,0,346.85,0.0,1,0.07,0.0,SPY201009P00314000,314.0,0,0.0,0.0,,0.0,expirationDay
2020-10-12,5941.0,0.0,0.0,0,352.43,0.0,0,0.0,0.0,,0.0,0,0.0,0.0,,0.0,bidTooLow
2020-10-13,5941.0,0.0,0.0,0,350.13,0.0,0,0.0,0.0,,0.0,0,0.0,0.0,,0.0,bidTooLow
2020-10-14,5941.0,0.0,0.0,0,347.93,0.0,0,0.0,0.0,,0.0,0,0.0,0.0,,0.0,bidTooLow
2020-10-15,5941.0,0.0,0.0,0,347.5,0.0,0,0.0,0.0,,0.0,0,0.0,0.0,,0.0,bidTooLow
2020-10-16,5941.0,0.0,0.0,0,347.29,0.0,0,0.0,0.0,,0.0,0,0.0,0.0,,0.0,bidTooLow
2020-10-19,5941.0,0.0,0.0,0,342.01,0.0,0,0.0,0.0,,0.0,0,0.0,0.0,,0.0,bidTooLow
2020-10-20,5941.0,0.0,0.0,0,343.38,0.0,0,0.0,0.0,,0.0,0,0.0,0.0,,0.0,bidTooLow
2020-10-21,5941.0,0.0,0.0,0,342.73,0.0,0,0.0,0.0,,0.0,0,0.0,0.0,,0.0,bidTooLow
2020-10-22,5941.0,0.0,0.0,0,344.61,0.0,0,0.0,0.0,,0.0,0,0.0,0.0,,0.0,bidTooLow
2020-10-23,5941.0,0.0,0.0,0,345.78,0.0,0,0.0,0.0,,0.0,0,0.0,0.0,,0.0,bidTooLow
2020-10-26,5941.0,-3.0,0.0,0,339.39,0.0,1,0.08,0.11,SPY201028P00320000,320.0,0,0.0,0.0,,0.0,normalDay
2020-10-27,5941.0,5.0,0.0,0,338.22,0.0,1,0.08,0.03,SPY201028P00320000,320.0,0,0.0,0.0,,0.0,normalDay
2020-10-28,5949.0,0.0,8.0,0,326.66,0.0,1,0.08,0.0,SPY201028P00320000,320.0,0,0.0,0.0,,0.0,expirationDay
2020-10-29,5949.0,-3.0,0.0,0,329.98,0.0,1,0.11,0.14,SPY201030P00317000,317.0,0,0.0,0.0,,0.0,normalDay
2020-10-30,5960.0,0.0,11.0,0,326.54,0.0,1,0.11,0.0,SPY201030P00317000,317.0,0,0.0,0.0,,0.0,expirationDay
2020-11-02,5960.0,-4.0,0.0,0,330.2,0.0,1,0.88,0.92,SPY201104P00312000,312.0,0,0.0,0.0,,0.0,normalDay
2020-11-03,5960.0,55.0,0.0,0,336.03,0.0,1,0.88,0.33,SPY201104P00312000,312.0,0,0.0,0.0,,0.0,normalDay
2020-11-04,6048.0,0.0,88.0,0,343.54,0.0,1,0.88,0.0,SPY201104P00312000,312.0,0,0.0,0.0,,0.0,expirationDay
2020-11-05,6048.0,0.0,0.0,0,350.24,0.0,0,0.0,0.0,,0.0,0,0.0,0.0,,0.0,bidTooLow
2020-11-06,6048.0,0.0,0.0,0,350.16,0.0,0,0.0,0.0,,0.0,0,0.0,0.0,,0.0,bidTooLow
2020-11-09,6048.0,0.0,0.0,0,354.56,0.0,0,0.0,0.0,,0.0,0,0.0,0.0,,0.0,bidTooLow
2020-11-10,6048.0,0.0,0.0,0,354.04,0.0,0,0.0,0.0,,0.0,0,0.0,0.0,,0.0,bidTooLow
2020-11-11,6048.0,0.0,0.0,0,356.67,0.0,0,0.0,0.0,,0.0,0,0.0,0.0,,0.0,bidTooLow
2020-11-12,6048.0,0.0,0.0,0,353.21,0.0,0,0.0,0.0,,0.0,0,0.0,0.0,,0.0,bidTooLow
2020-11-13,6048.0,0.0,0.0,0,358.1,0.0,0,0.0,0.0,,0.0,0,0.0,0.0,,0.0,bidTooLow
2020-11-16,6048.0,0.0,0.0,0,362.57,0.0,0,0.0,0.0,,0.0,0,0.0,0.0,,0.0,bidTooLow
2020-11-17,6048.0,0.0,0.0,0,360.62,0.0,0,0.0,0.0,,0.0,0,0.0,0.0,,0.0,bidTooLow
2020-11-18,6048.0,0.0,0.0,0,356.28,0.0,0,0.0,0.0,,0.0,0,0.0,0.0,,0.0,bidTooLow
2020-11-19,6048.0,0.0,0.0,0,357.78,0.0,0,0.0,0.0,,0.0,0,0.0,0.0,,0.0,bidTooLow
2020-11-20,6048.0,0.0,0.0,0,355.33,0.0,0,0.0,0.0,,0.0,0,0.0,0.0,,0.0,bidTooLow
2020-11-23,6048.0,0.0,0.0,0,357.46,0.0,0,0.0,0.0,,0.0,0,0.0,0.0,,0.0,bidTooLow
2020-11-24,6048.0,0.0,0.0,0,363.22,0.0,0,0.0,0.0,,0.0,0,0.0,0.0,,0.0,bidTooLow
2020-11-25,6048.0,0.0,0.0,0,362.66,0.0,0,0.0,0.0,,0.0,0,0.0,0.0,,0.0,bidTooLow
2020-11-27,6048.0,0.0,0.0,0,363.67,0.0,0,0.0,0.0,,0.0,0,0.0,0.0,,0.0,bidTooLow
2020-11-30,6048.0,0.0,0.0,0,362.06,0.0,0,0.0,0.0,,0.0,0,0.0,0.0,,0.0,bidTooLow
2020-12-01,6048.0,0.0,0.0,0,366.02,0.0,0,0.0,0.0,,0.0,0,0.0,0.0,,0.0,bidTooLow
2020-12-02,6048.0,0.0,0.0,0,366.79,0.0,0,0.0,0.0,,0.0,0,0.0,0.0,,0.0,bidTooLow
2020-12-03,6048.0,0.0,0.0,0,366.69,0.0,0,0.0,0.0,,0.0,0,0.0,0.0,,0.0,bidTooLow
2020-12-04,6048.0,0.0,0.0,0,369.85,0.0,0,0.0,0.0,,0.0,0,0.0,0.0,,0.0,bidTooLow
2020-12-07,6048.0,0.0,0.0,0,369.09,0.0,0,0.0,0.0,,0.0,0,0.0,0.0,,0.0,bidTooLow
2020-12-08,6048.0,0.0,0.0,0,370.17,0.0,0,0.0,0.0,,0.0,0,0.0,0.0,,0.0,bidTooLow
2020-12-09,6048.0,-3.0,0.0,0,366.85,0.0,1,0.03,0.06,SPY201211P00342500,342.5,0,0.0,0.0,,0.0,normalDay
2020-12-10,6048.0,1.0,0.0,0,366.73,0.0,1,0.03,0.02,SPY201211P00342500,342.5,0,0.0,0.0,,0.0,normalDay
2020-12-11,6051.0,0.0,3.0,0,366.3,0.0,1,0.03,0.0,SPY201211P00342500,342.5,0,0.0,0.0,,0.0,expirationDay
2020-12-14,6051.0,-3.0,0.0,0,364.66,0.0,1,0.21,0.24,SPY201216P00347000,347.0,0,0.0,0.0,,0.0,normalDay
2020-12-15,6051.0,15.0,0.0,0,369.59,0.0,1,0.21,0.06,SPY201216P00347000,347.0,0,0.0,0.0,,0.0,normalDay
2020-12-16,6072.0,0.0,21.0,0,370.17,0.0,1,0.21,0.0,SPY201216P00347000,347.0,0,0.0,0.0,,0.0,expirationDay
2020-12-17,6072.0,-3.0,0.0,0,372.24,0.0,1,0.05,0.08,SPY201218P00348000,348.0,0,0.0,0.0,,0.0,normalDay
2020-12-18,6077.0,0.0,5.0,0,369.18,0.0,1,0.05,0.0,SPY201218P00348000,348.0,0,0.0,0.0,,0.0,expirationDay
2020-12-21,6077.0,-3.0,0.0,0,367.86,0.0,1,0.2,0.23,SPY201224P00353000,353.0,0,0.0,0.0,,0.0,normalDay
2020-12-22,6077.0,13.0,0.0,0,367.24,0.0,1,0.2,0.07,SPY201224P00353000,353.0,0,0.0,0.0,,0.0,normalDay
2020-12-23,6077.0,18.0,0.0,0,367.57,0.0,1,0.2,0.02,SPY201224P00353000,353.0,0,0.0,0.0,,0.0,normalDay
2020-12-24,6097.0,0.0,20.0,0,369.0,0.0,1,0.2,0.0,SPY201224P00353000,353.0,0,0.0,0.0,,0.0,expirationDay
2020-12-28,6097.0,-3.0,0.0,0,372.17,0.0,1,0.1,0.13,SPY201231P00359000,359.0,0,0.0,0.0,,0.0,normalDay
2020-12-29,6097.0,-2.0,0.0,0,371.46,0.0,1,0.1,0.12,SPY201231P00359000,359.0,0,0.0,0.0,,0.0,normalDay
2020-12-30,6097.0,4.0,0.0,0,371.99,0.0,1,0.1,0.06,SPY201231P00359000,359.0,0,0.0,0.0,,0.0,normalDay
2020-12-31,6107.0,0.0,10.0,0,373.88,0.0,1,0.1,0.0,SPY201231P00359000,359.0,0,0.0,0.0,,0.0,expirationDay
2021-01-04,6107.0,-3.0,0.0,0,368.79,0.0,1,0.76,0.79,SPY210106P00360000,360.0,0,0.0,0.0,,0.0,normalDay
2021-01-05,6107.0,54.0,0.0,0,371.33,0.0,1,0.76,0.22,SPY210106P00360000,360.0,0,0.0,0.0,,0.0,normalDay
2021-01-06,6183.0,0.0,76.0,0,373.55,0.0,1,0.76,0.0,SPY210106P00360000,360.0,0,0.0,0.0,,0.0,expirationDay
2021-01-07,6183.0,0.0,0.0,0,379.1,0.0,0,0.0,0.0,,0.0,0,0.0,0.0,,0.0,bidTooLow
2021-01-08,6183.0,0.0,0.0,0,381.26,0.0,0,0.0,0.0,,0.0,0,0.0,0.0,,0.0,bidTooLow
2021-01-11,6183.0,-3.0,0.0,0,378.69,0.0,1,0.03,0.06,SPY210113P00355000,355.0,0,0.0,0.0,,0.0,normalDay
2021-01-12,6183.0,1.0,0.0,0,378.77,0.0,1,0.03,0.02,SPY210113P00355000,355.0,0,0.0,0.0,,0.0,normalDay
2021-01-13,6186.0,0.0,3.0,0,379.79,0.0,1,0.03,0.0,SPY210113P00355000,355.0,0,0.0,0.0,,0.0,expirationDay
2021-01-14,6186.0,-3.0,0.0,0,378.46,0.0,1,0.03,0.06,SPY210115P00356000,356.0,0,0.0,0.0,,0.0,normalDay
2021-01-15,6189.0,0.0,3.0,0,375.7,0.0,1,0.03,0.0,SPY210115P00356000,356.0,0,0.0,0.0,,0.0,expirationDay
2021-01-19,6189.0,-3.0,0.0,0,378.65,0.0,1,0.08,0.11,SPY210122P00356000,356.0,0,0.0,0.0,,0.0,normalDay
2021-01-20,6189.0,4.0,0.0,0,383.89,0.0,1,0.08,0.04,SPY210122P00356000,356.0,0,0.0,0.0,,0.0,normalDay
2021-01-21,6189.0,6.0,0.0,0,384.24,0.0,1,0.08,0.02,SPY210122P00356000,356.0,0,0.0,0.0,,0.0,normalDay
2021-01-22,6197.0,0.0,8.0,0,382.88,0.0,1,0.08,0.0,SPY210122P00356000,356.0,0,0.0,0.0,,0.0,expirationDay
2021-01-25,6197.0,-3.0,0.0,0,384.39,0.0,1,0.01,0.04,SPY210127P00357000,357.0,0,0.0,0.0,,0.0,normalDay
2021-01-26,6197.0,-1.0,0.0,0,383.79,0.0,1,0.01,0.02,SPY210127P00357000,357.0,0,0.0,0.0,,0.0,normalDay
2021-01-27,6198.0,0.0,1.0,0,374.41,0.0,1,0.01,0.0,SPY210127P00357000,357.0,0,0.0,0.0,,0.0,expirationDay
2021-01-28,6198.0,-3.0,0.0,0,377.63,0.0,1,0.05,0.08,SPY210129P00360000,360.0,0,0.0,0.0,,0.0,normalDay
2021-01-29,6203.0,0.0,5.0,0,370.07,0.0,1,0.05,0.0,SPY210129P00360000,360.0,0,0.0,0.0,,0.0,expirationDay
2021-02-01,6203.0,-3.0,0.0,0,376.23,0.0,1,0.28,0.31,SPY210203P00360000,360.0,0,0.0,0.0,,0.0,normalDay
2021-02-02,6203.0,24.0,0.0,0,381.55,0.0,1,0.28,0.04,SPY210203P00360000,360.0,0,0.0,0.0,,0.0,normalDay
2021-02-03,6231.0,0.0,28.0,0,381.85,0.0,1,0.28,0.0,SPY210203P00360000,360.0,0,0.0,0.0,,0.0,expirationDay
2021-02-04,6231.0,0.0,0.0,0,386.19,0.0,0,0.0,0.0,,0.0,0,0.0,0.0,,0.0,bidTooLow
2021-02-05,6231.0,0.0,0.0,0,387.71,0.0,0,0.0,0.0,,0.0,0,0.0,0.0,,0.0,bidTooLow
2021-02-08,6231.0,0.0,0.0,0,390.51,0.0,0,0.0,0.0,,0.0,0,0.0,0.0,,0.0,bidTooLow
2021-02-09,6231.0,-3.0,0.0,0,390.25,0.0,1,0.01,0.04,SPY210212P00361000,361.0,0,0.0,0.0,,0.0,normalDay
2021-02-10,6231.0,-3.0,0.0,0,390.08,0.0,1,0.01,0.04,SPY210212P00361000,361.0,0,0.0,0.0,,0.0,normalDay
2021-02-11,6231.0,-1.0,0.0,0,390.71,0.0,1,0.01,0.02,SPY210212P00361000,361.0,0,0.0,0.0,,0.0,normalDay
2021-02-12,6232.0,0.0,1.0,0,392.64,0.0,1,0.01,0.0,SPY210212P00361000,361.0,0,0.0,0.0,,0.0,expirationDay
2021-02-16,6232.0,-3.0,0.0,0,392.3,0.0,1,0.06,0.09,SPY210219P00360000,360.0,0,0.0,0.0,,0.0,normalDay
2021-02-17,6232.0,1.0,0.0,0,392.39,0.0,1,0.06,0.05,SPY210219P00360000,360.0,0,0.0,0.0,,0.0,normalDay
2021-02-18,6232.0,4.0,0.0,0,390.72,0.0,1,0.06,0.02,SPY210219P00360000,360.0,0,0.0,0.0,,0.0,normalDay
2021-02-19,6238.0,0.0,6.0,0,390.03,0.0,1,0.06,0.0,SPY210219P00360000,360.0,0,0.0,0.0,,0.0,expirationDay
2021-02-22,6238.0,-3.0,0.0,0,387.03,0.0,1,0.01,0.04,SPY210224P00360000,360.0,0,0.0,0.0,,0.0,normalDay
2021-02-23,6238.0,0.0,0.0,0,387.5,0.0,1,0.01,0.01,SPY210224P00360000,360.0,0,0.0,0.0,,0.0,normalDay
2021-02-24,6239.0,0.0,1.0,0,391.77,0.0,1,0.01,0.0,SPY210224P00360000,360.0,0,0.0,0.0,,0.0,expirationDay
2021-02-25,6239.0,-3.0,0.0,0,382.33,0.0,1,0.05,0.08,SPY210226P00362500,362.5,0,0.0,0.0,,0.0,normalDay
2021-02-26,6244.0,0.0,5.0,0,380.36,0.0,1,0.05,0.0,SPY210226P00362500,362.5,0,0.0,0.0,,0.0,expirationDay
2021-03-01,6244.0,-3.0,0.0,0,389.58,0.0,1,0.1,0.13,SPY210303P00370000,370.0,0,0.0,0.0,,0.0,normalDay
2021-03-02,6244.0,3.0,0.0,0,386.54,0.0,1,0.1,0.07,SPY210303P00370000,370.0,0,0.0,0.0,,0.0,normalDay
2021-03-03,6254.0,0.0,10.0,0,381.42,0.0,1,0.1,0.0,SPY210303P00370000,370.0,0,0.0,0.0,,0.0,expirationDay
2021-03-04,6254.0,-5.0,0.0,0,376.7,0.0,1,0.82,0.87,SPY210305P00371000,371.0,0,0.0,0.0,,0.0,normalDay
2021-03-05,6336.0,0.0,82.0,0,383.63,0.0,1,0.82,0.0,SPY210305P00371000,371.0,0,0.0,0.0,,0.0,expirationDay
2021-03-08,6336.0,-3.0,0.0,0,381.72,0.0,1,0.41,0.44,SPY210310P00369000,369.0,0,0.0,0.0,,0.0,normalDay
2021-03-09,6336.0,37.0,0.0,0,387.17,0.0,1,0.41,0.04,SPY210310P00369000,369.0,0,0.0,0.0,,0.0,normalDay
2021-03-10,6377.0,0.0,41.0,0,389.58,0.0,1,0.41,0.0,SPY210310P00369000,369.0,0,0.0,0.0,,0.0,expirationDay
2021-03-11,6377.0,0.0,0.0,0,393.53,0.0,0,0.0,0.0,,0.0,0,0.0,0.0,,0.0,bidTooLow
2021-03-12,6377.0,0.0,0.0,0,394.06,0.0,0,0.0,0.0,,0.0,0,0.0,0.0,,0.0,bidTooLow
2021-03-15,6377.0,0.0,0.0,0,396.41,0.0,0,0.0,0.0,,0.0,0,0.0,0.0,,0.0,bidTooLow
2021-03-16,6377.0,-3.0,0.0,0,395.91,0.0,1,0.07,0.1,SPY210319P00367000,367.0,0,0.0,0.0,,0.0,normalDay
2021-03-17,6377.0,4.0,0.0,0,397.26,0.0,1,0.07,0.03,SPY210319P00367000,367.0,0,0.0,0.0,,0.0,normalDay
2021-03-18,6377.0,-1.0,0.0,0,391.48,0.0,1,0.07,0.08,SPY210319P00367000,367.0,0,0.0,0.0,,0.0,normalDay
2021-03-19,6384.0,0.0,7.0,0,389.48,0.0,1,0.07,0.0,SPY210319P00367000,367.0,0,0.0,0.0,,0.0,expirationDay
2021-03-22,6384.0,0.0,0.0,0,392.59,0.0,0,0.0,0.0,,0.0,0,0.0,0.0,,0.0,bidTooLow
2021-03-23,6384.0,-3.0,0.0,0,389.5,0.0,1,0.05,0.08,SPY210326P00366000,366.0,0,0.0,0.0,,0.0,normalDay
2021-03-24,6384.0,-1.0,0.0,0,387.52,0.0,1,0.05,0.06,SPY210326P00366000,366.0,0,0.0,0.0,,0.0,normalDay
2021-03-25,6384.0,4.0,0.0,0,389.7,0.0,1,0.05,0.01,SPY210326P00366000,366.0,0,0.0,0.0,,0.0,normalDay
2021-03-26,6389.0,0.0,5.0,0,395.98,0.0,1,0.05,0.0,SPY210326P00366000,366.0,0,0.0,0.0,,0.0,expirationDay
2021-03-29,6389.0,-3.0,0.0,0,395.78,0.0,1,0.04,0.07,SPY210401P00368000,368.0,0,0.0,0.0,,0.0,normalDay
2021-03-30,6389.0,1.0,0.0,0,394.73,0.0,1,0.04,0.03,SPY210401P00368000,368.0,0,0.0,0.0,,0.0,normalDay
2021-03-31,6389.0,3.0,0.0,0,396.33,0.0,1,0.04,0.01,SPY210401P00368000,368.0,0,0.0,0.0,,0.0,normalDay
2021-04-01,6393.0,0.0,4.0,0,400.61,0.0,1,0.04,0.0,SPY210401P00368000,368.0,0,0.0,0.0,,0.0,expirationDay
2021-04-05,6393.0,0.0,0.0,0,406.36,0.0,0,0.0,0.0,,0.0,0,0.0,0.0,,0.0,bidTooLow
2021-04-06,6393.0,-3.0,0.0,0,406.12,0.0,1,0.01,0.04,SPY210409P00374000,374.0,0,0.0,0.0,,0.0,normalDay
2021-04-07,6393.0,-1.0,0.0,0,406.59,0.0,1,0.01,0.02,SPY210409P00374000,374.0,0,0.0,0.0,,0.0,normalDay
2021-04-08,6393.0,0.0,0.0,0,408.52,0.0,1,0.01,0.01,SPY210409P00374000,374.0,0,0.0,0.0,,0.0,normalDay
2021-04-09,6394.0,0.0,1.0,0,411.49,0.0,1,0.01,0.0,SPY210409P00374000,374.0,0,0.0,0.0,,0.0,expirationDay
2021-04-12,6394.0,0.0,0.0,0,411.64,0.0,0,0.0,0.0,,0.0,0,0.0,0.0,,0.0,bidTooLow
2021-04-13,6394.0,0.0,0.0,0,412.86,0.0,0,0.0,0.0,,0.0,0,0.0,0.0,,0.0,bidTooLow
2021-04-14,6394.0,0.0,0.0,0,411.45,0.0,0,0.0,0.0,,0.0,0,0.0,0.0,,0.0,bidTooLow
2021-04-15,6394.0,0.0,0.0,0,415.87,0.0,0,0.0,0.0,,0.0,0,0.0,0.0,,0.0,bidTooLow
2021-04-16,6394.0,0.0,0.0,0,417.26,0.0,0,0.0,0.0,,0.0,0,0.0,0.0,,0.0,bidTooLow
2021-04-19,6394.0,0.0,0.0,0,415.21,0.0,0,0.0,0.0,,0.0,0,0.0,0.0,,0.0,bidTooLow
2021-04-20,6394.0,0.0,0.0,0,412.17,0.0,0,0.0,0.0,,0.0,0,0.0,0.0,,0.0,bidTooLow
2021-04-21,6394.0,0.0,0.0,0,416.07,0.0,0,0.0,0.0,,0.0,0,0.0,0.0,,0.0,bidTooLow
2021-04-22,6394.0,0.0,0.0,0,412.27,0.0,0,0.0,0.0,,0.0,0,0.0,0.0,,0.0,bidTooLow
2021-04-23,6394.0,0.0,0.0,0,416.74,0.0,0,0.0,0.0,,0.0,0,0.0,0.0,,0.0,bidTooLow
2021-04-26,6394.0,0.0,0.0,0,417.61,0.0,0,0.0,0.0,,0.0,0,0.0,0.0,,0.0,bidTooLow
2021-04-27,6394.0,0.0,0.0,0,417.52,0.0,0,0.0,0.0,,0.0,0,0.0,0.0,,0.0,bidTooLow
2021-04-28,6394.0,0.0,0.0,0,417.4,0.0,0,0.0,0.0,,0.0,0,0.0,0.0,,0.0,bidTooLow
2021-04-29,6394.0,0.0,0.0,0,420.06,0.0,0,0.0,0.0,,0.0,0,0.0,0.0,,0.0,bidTooLow
2021-04-30,6394.0,-3.0,0.0,0,417.3,0.0,1,0.02,0.05,SPY210503P00397000,397.0,0,0.0,0.0,,0.0,normalDay
2021-05-03,6396.0,0.0,2.0,0,418.2,0.0,1,0.02,0.0,SPY210503P00397000,397.0,0,0.0,0.0,,0.0,expirationDay
2021-05-04,6396.0,-3.0,0.0,0,415.62,0.0,1,0.13,0.16,SPY210507P00401000,401.0,0,0.0,0.0,,0.0,normalDay
2021-05-05,6396.0,3.0,0.0,0,415.75,0.0,1,0.13,0.1,SPY210507P00401000,401.0,0,0.0,0.0,,0.0,normalDay
2021-05-06,6396.0,9.0,0.0,0,419.07,0.0,1,0.13,0.04,SPY210507P00401000,401.0,0,0.0,0.0,,0.0,normalDay
2021-05-07,6409.0,0.0,13.0,0,422.12,0.0,1,0.13,0.0,SPY210507P00401000,401.0,0,0.0,0.0,,0.0,expirationDay
2021-05-10,6409.0,-3.0,0.0,0,417.94,0.0,1,0.22,0.25,SPY210512P00406000,406.0,0,0.0,0.0,,0.0,normalDay
2021-05-11,6409.0,-5.0,0.0,0,414.21,0.0,1,0.22,0.27,SPY210512P00406000,406.0,0,0.0,0.0,,0.0,normalDay
2021-05-12,6431.0,-59.0,22.0,100,405.41,406.0,1,0.22,0.0,SPY210512P00406000,406.0,0,0.0,0.0,,0.0,expirationDay
2021-05-13,6431.0,425.0,0.0,100,410.28,406.0,0,0.0,0.0,,0.0,1,0.06,0.09,SPY210519C00424000,424.0,normalDay
2021-05-14,6431.0,1042.0,0.0,100,416.58,406.0,0,0.0,0.0,,0.0,1,0.06,0.22,SPY210519C00424000,424.0,normalDay
2021-05-17,6431.0,954.0,0.0,100,415.52,406.0,0,0.0,0.0,,0.0,1,0.06,0.04,SPY210519C00424000,424.0,normalDay
2021-05-18,6431.0,599.0,0.0,100,411.94,406.0,0,0.0,0.0,,0.0,1,0.06,0.01,SPY210519C00424000,424.0,normalDay
2021-05-19,6437.0,486.0,6.0,100,410.86,406.0,0,0.0,0.0,,0.0,1,0.06,0.0,SPY210519C00424000,424.0,expirationDay
2021-05-20,6437.0,925.0,0.0,100,415.28,406.0,0,0.0,0.0,,0.0,1,0.17,0.2,SPY210526C00424000,424.0,normalDay
2021-05-21,6437.0,904.0,0.0,100,414.94,406.0,0,0.0,0.0,,0.0,1,0.17,0.07,SPY210526C00424000,424.0,normalDay
2021-05-24,6437.0,1318.0,0.0,100,419.17,406.0,0,0.0,0.0,,0.0,1,0.17,0.16,SPY210526C00424000,424.0,normalDay
2021-05-25,6437.0,1238.0,0.0,100,418.24,406.0,0,0.0,0.0,,0.0,1,0.17,0.03,SPY210526C00424000,424.0,normalDay
2021-05-26,6454.0,1307.0,17.0,100,419.07,406.0,0,0.0,0.0,,0.0,1,0.17,0.0,SPY210526C00424000,424.0,expirationDay
2021-05-27,6454.0,1326.0,0.0,100,419.29,406.0,0,0.0,0.0,,0.0,1,0.17,0.2,SPY210602C00425000,425.0,normalDay
2021-05-28,6454.0,1407.0,0.0,100,420.04,406.0,0,0.0,0.0,,0.0,1,0.17,0.14,SPY210602C00425000,425.0,normalDay
2021-06-01,6454.0,1381.0,0.0,100,419.67,406.0,0,0.0,0.0,,0.0,1,0.17,0.03,SPY210602C00425000,425.0,normalDay
2021-06-02,6471.0,1433.0,17.0,100,420.33,406.0,0,0.0,0.0,,0.0,1,0.17,0.0,SPY210602C00425000,425.0,expirationDay
2021-06-03,6471.0,1274.0,0.0,100,418.77,406.0,0,0.0,0.0,,0.0,1,0.15,0.18,SPY210609C00426000,426.0,normalDay
2021-06-04,6471.0,1646.0,0.0,100,422.6,406.0,0,0.0,0.0,,0.0,1,0.15,0.29,SPY210609C00426000,426.0,normalDay
2021-06-07,6471.0,1623.0,0.0,100,422.19,406.0,0,0.0,0.0,,0.0,1,0.15,0.11,SPY210609C00426000,426.0,normalDay
2021-06-08,6471.0,1638.0,0.0,100,422.28,406.0,0,0.0,0.0,,0.0,1,0.15,0.05,SPY210609C00426000,426.0,normalDay
2021-06-09,6486.0,1565.0,15.0,100,421.65,406.0,0,0.0,0.0,,0.0,1,0.15,0.0,SPY210609C00426000,426.0,expirationDay
2021-06-10,6486.0,1758.0,0.0,100,423.61,406.0,0,0.0,0.0,,0.0,1,0.64,0.67,SPY210616C00427000,427.0,normalDay
2021-06-11,6486.0,1844.0,0.0,100,424.31,406.0,0,0.0,0.0,,0.0,1,0.64,0.51,SPY210616C00427000,427.0,normalDay
2021-06-14,6486.0,1923.0,0.0,100,425.26,406.0,0,0.0,0.0,,0.0,1,0.64,0.67,SPY210616C00427000,427.0,normalDay
2021-06-15,6486.0,1872.0,0.0,100,424.48,406.0,0,0.0,0.0,,0.0,1,0.64,0.4,SPY210616C00427000,427.0,normalDay
2021-06-16,6550.0,1611.0,64.0,100,422.11,406.0,0,0.0,0.0,,0.0,1,0.64,0.0,SPY210616C00427000,427.0,expirationDay
2021-06-17,6550.0,1594.0,0.0,100,421.97,406.0,0,0.0,0.0,,0.0,1,0.23,0.26,SPY210623C00427000,427.0,normalDay
2021-06-18,6550.0,908.0,0.0,100,414.92,406.0,0,0.0,0.0,,0.0,1,0.23,0.07,SPY210623C00427000,427.0,normalDay
2021-06-21,6550.0,1504.0,0.0,100,420.86,406.0,0,0.0,0.0,,0.0,1,0.23,0.05,SPY210623C00427000,427.0,normalDay
2021-06-22,6550.0,1729.0,0.0,100,423.11,406.0,0,0.0,0.0,,0.0,1,0.23,0.05,SPY210623C00427000,427.0,normalDay
2021-06-23,6573.0,1660.0,23.0,100,422.6,406.0,0,0.0,0.0,,0.0,1,0.23,0.0,SPY210623C00427000,427.0,expirationDay
2021-06-24,6573.0,1907.0,0.0,100,425.1,406.0,0,0.0,0.0,,0.0,1,0.92,0.95,SPY210630C00427000,427.0,normalDay
2021-06-25,6573.0,2021.0,0.0,100,426.61,406.0,0,0.0,0.0,,0.0,1,0.92,1.32,SPY210630C00427000,427.0,normalDay
2021-06-28,6573.0,2105.0,0.0,100,427.47,406.0,0,0.0,0.0,,0.0,1,0.92,1.34,SPY210630C00427000,427.0,normalDay
2021-06-29,6573.0,2124.0,0.0,100,427.7,406.0,0,0.0,0.0,,0.0,1,0.92,1.38,SPY210630C00427000,427.0,normalDay
2021-06-30,8765.0,2124.0,2192.0,0,428.06,0.0,0,0.0,0.0,,0.0,1,0.92,0.0,SPY210630C00427000,427.0,expirationDay
2021-07-01,8765.0,0.0,0.0,0,430.43,0.0,0,0.0,0.0,,0.0,0,0.0,0.0,,0.0,bidTooLow
2021-07-02,8765.0,0.0,0.0,0,433.72,0.0,0,0.0,0.0,,0.0,0,0.0,0.0,,0.0,bidTooLow
2021-07-06,8765.0,0.0,0.0,0,432.93,0.0,0,0.0,0.0,,0.0,0,0.0,0.0,,0.0,bidTooLow
2021-07-07,8765.0,0.0,0.0,0,434.46,0.0,0,0.0,0.0,,0.0,0,0.0,0.0,,0.0,bidTooLow
2021-07-08,8765.0,0.0,0.0,0,430.92,0.0,0,0.0,0.0,,0.0,0,0.0,0.0,,0.0,bidTooLow
2021-07-09,8765.0,0.0,0.0,0,435.52,0.0,0,0.0,0.0,,0.0,0,0.0,0.0,,0.0,bidTooLow
2021-07-12,8765.0,0.0,0.0,0,437.08,0.0,0,0.0,0.0,,0.0,0,0.0,0.0,,0.0,bidTooLow
2021-07-13,8765.0,-3.0,0.0,0,435.59,0.0,1,0.05,0.08,SPY210716P00405000,405.0,0,0.0,0.0,,0.0,normalDay
2021-07-14,8765.0,2.0,0.0,0,436.24,0.0,1,0.05,0.03,SPY210716P00405000,405.0,0,0.0,0.0,,0.0,normalDay
2021-07-15,8765.0,3.0,0.0,0,434.75,0.0,1,0.05,0.02,SPY210716P00405000,405.0,0,0.0,0.0,,0.0,normalDay
2021-07-16,8770.0,0.0,5.0,0,431.34,0.0,1,0.05,0.0,SPY210716P00405000,405.0,0,0.0,0.0,,0.0,expirationDay
2021-07-19,8770.0,-3.0,0.0,0,424.97,0.0,1,0.27,0.3,SPY210721P00411000,411.0,0,0.0,0.0,,0.0,normalDay
2021-07-20,8770.0,25.0,0.0,0,431.06,0.0,1,0.27,0.02,SPY210721P00411000,411.0,0,0.0,0.0,,0.0,normalDay
2021-07-21,8797.0,0.0,27.0,0,434.55,0.0,1,0.27,0.0,SPY210721P00411000,411.0,0,0.0,0.0,,0.0,expirationDay
2021-07-22,8797.0,0.0,0.0,0,435.46,0.0,0,0.0,0.0,,0.0,0,0.0,0.0,,0.0,bidTooLow
2021-07-23,8797.0,0.0,0.0,0,439.94,0.0,0,0.0,0.0,,0.0,0,0.0,0.0,,0.0,bidTooLow
2021-07-26,8797.0,0.0,0.0,0,441.02,0.0,0,0.0,0.0,,0.0,0,0.0,0.0,,0.0,bidTooLow
2021-07-27,8797.0,-3.0,0.0,0,439.01,0.0,1,0.09,0.12,SPY210730P00418000,418.0,0,0.0,0.0,,0.0,normalDay
2021-07-28,8797.0,4.0,0.0,0,438.83,0.0,1,0.09,0.05,SPY210730P00418000,418.0,0,0.0,0.0,,0.0,normalDay
2021-07-29,8797.0,7.0,0.0,0,440.65,0.0,1,0.09,0.02,SPY210730P00418000,418.0,0,0.0,0.0,,0.0,normalDay
2021-07-30,8806.0,0.0,9.0,0,438.51,0.0,1,0.09,0.0,SPY210730P00418000,418.0,0,0.0,0.0,,0.0,expirationDay
2021-08-02,8806.0,-3.0,0.0,0,437.59,0.0,1,0.02,0.05,SPY210804P00421000,421.0,0,0.0,0.0,,0.0,normalDay
2021-08-03,8806.0,0.0,0.0,0,441.15,0.0,1,0.02,0.02,SPY210804P00421000,421.0,0,0.0,0.0,,0.0,normalDay
2021-08-04,8808.0,0.0,2.0,0,438.98,0.0,1,0.02,0.0,SPY210804P00421000,421.0,0,0.0,0.0,,0.0,expirationDay
2021-08-05,8808.0,0.0,0.0,0,441.76,0.0,0,0.0,0.0,,0.0,0,0.0,0.0,,0.0,bidTooLow
2021-08-06,8808.0,0.0,0.0,0,442.49,0.0,0,0.0,0.0,,0.0,0,0.0,0.0,,0.0,bidTooLow
2021-08-09,8808.0,0.0,0.0,0,442.13,0.0,0,0.0,0.0,,0.0,0,0.0,0.0,,0.0,bidTooLow
2021-08-10,8808.0,-3.0,0.0,0,442.68,0.0,1,0.03,0.06,SPY210813P00420000,420.0,0,0.0,0.0,,0.0,normalDay
2021-08-11,8808.0,-1.0,0.0,0,443.78,0.0,1,0.03,0.04,SPY210813P00420000,420.0,0,0.0,0.0,,0.0,normalDay
2021-08-12,8808.0,1.0,0.0,0,445.11,0.0,1,0.03,0.02,SPY210813P00420000,420.0,0,0.0,0.0,,0.0,normalDay
2021-08-13,8811.0,0.0,3.0,0,445.92,0.0,1,0.03,0.0,SPY210813P00420000,420.0,0,0.0,0.0,,0.0,expirationDay
2021-08-16,8811.0,-3.0,0.0,0,446.97,0.0,1,0.02,0.05,SPY210818P00426000,426.0,0,0.0,0.0,,0.0,normalDay
2021-08-17,8811.0,-1.0,0.0,0,444.04,0.0,1,0.02,0.03,SPY210818P00426000,426.0,0,0.0,0.0,,0.0,normalDay
2021-08-18,8813.0,0.0,2.0,0,439.18,0.0,1,0.02,0.0,SPY210818P00426000,426.0,0,0.0,0.0,,0.0,expirationDay
2021-08-19,8813.0,-3.0,0.0,0,439.86,0.0,1,0.19,0.22,SPY210820P00431000,431.0,0,0.0,0.0,,0.0,normalDay
2021-08-20,8832.0,0.0,19.0,0,443.36,0.0,1,0.19,0.0,SPY210820P00431000,431.0,0,0.0,0.0,,0.0,expirationDay
2021-08-23,8832.0,-3.0,0.0,0,447.26,0.0,1,0.02,0.05,SPY210825P00431000,431.0,0,0.0,0.0,,0.0,normalDay
2021-08-24,8832.0,-1.0,0.0,0,447.97,0.0,1,0.02,0.03,SPY210825P00431000,431.0,0,0.0,0.0,,0.0,normalDay
2021-08-25,8834.0,0.0,2.0,0,448.91,0.0,1,0.02,0.0,SPY210825P00431000,431.0,0,0.0,0.0,,0.0,expirationDay
2021-08-26,8834.0,-3.0,0.0,0,446.26,0.0,1,0.04,0.07,SPY210827P00430000,430.0,0,0.0,0.0,,0.0,normalDay
2021-08-27,8838.0,0.0,4.0,0,450.25,0.0,1,0.04,0.0,SPY210827P00430000,430.0,0,0.0,0.0,,0.0,expirationDay
2021-08-30,8838.0,-3.0,0.0,0,452.23,0.0,1,0.01,0.04,SPY210901P00431000,431.0,0,0.0,0.0,,0.0,normalDay
2021-08-31,8838.0,-2.0,0.0,0,451.56,0.0,1,0.01,0.03,SPY210901P00431000,431.0,0,0.0,0.0,,0.0,normalDay
2021-09-01,8839.0,0.0,1.0,0,451.8,0.0,1,0.01,0.0,SPY210901P00431000,431.0,0,0.0,0.0,,0.0,expirationDay
2021-09-02,8839.0,0.0,0.0,0,453.19,0.0,0,0.0,0.0,,0.0,0,0.0,0.0,,0.0,bidTooLow
2021-09-03,8839.0,0.0,0.0,0,453.08,0.0,0,0.0,0.0,,0.0,0,0.0,0.0,,0.0,bidTooLow
2021-09-07,8839.0,-3.0,0.0,0,451.46,0.0,1,0.06,0.09,SPY210910P00431000,431.0,0,0.0,0.0,,0.0,normalDay
2021-09-08,8839.0,0.0,0.0,0,450.91,0.0,1,0.06,0.06,SPY210910P00431000,431.0,0,0.0,0.0,,0.0,normalDay
2021-09-09,8839.0,3.0,0.0,0,448.98,0.0,1,0.06,0.03,SPY210910P00431000,431.0,0,0.0,0.0,,0.0,normalDay
2021-09-10,8845.0,0.0,6.0,0,445.44,0.0,1,0.06,0.0,SPY210910P00431000,431.0,0,0.0,0.0,,0.0,expirationDay
2021-09-13,8845.0,-3.0,0.0,0,446.58,0.0,1,0.23,0.26,SPY210915P00432000,432.0,0,0.0,0.0,,0.0,normalDay
2021-09-14,8845.0,15.0,0.0,0,444.17,0.0,1,0.23,0.08,SPY210915P00432000,432.0,0,0.0,0.0,,0.0,normalDay
2021-09-15,8868.0,0.0,23.0,0,447.88,0.0,1,0.23,0.0,SPY210915P00432000,432.0,0,0.0,0.0,,0.0,expirationDay
2021-09-16,8868.0,-3.0,0.0,0,447.17,0.0,1,0.09,0.12,SPY210917P00435000,435.0,0,0.0,0.0,,0.0,normalDay
2021-09-17,8877.0,0.0,9.0,0,441.4,0.0,1,0.09,0.0,SPY210917P00435000,435.0,0,0.0,0.0,,0.0,expirationDay
2021-09-20,8877.0,-4.0,0.0,0,434.04,0.0,1,2.14,2.18,SPY210922P00431000,431.0,0,0.0,0.0,,0.0,normalDay
2021-09-21,8877.0,83.0,0.0,0,433.63,0.0,1,2.14,1.31,SPY210922P00431000,431.0,0,0.0,0.0,,0.0,normalDay
2021-09-22,9091.0,0.0,214.0,0,437.86,0.0,1,2.14,0.0,SPY210922P00431000,431.0,0,0.0,0.0,,0.0,expirationDay
2021-09-23,9091.0,0.0,0.0,0,443.18,0.0,0,0.0,0.0,,0.0,0,0.0,0.0,,0.0,bidTooLow
2021-09-24,9091.0,-3.0,0.0,0,443.91,0.0,1,0.04,0.07,SPY210927P00424000,424.0,0,0.0,0.0,,0.0,normalDay
2021-09-27,9095.0,0.0,4.0,0,442.64,0.0,1,0.04,0.0,SPY210927P00424000,424.0,0,0.0,0.0,,0.0,expirationDay
2021-09-28,9095.0,-3.0,0.0,0,433.72,0.0,1,0.71,0.74,SPY211001P00421000,421.0,0,0.0,0.0,,0.0,normalDay
2021-09-29,9095.0,44.0,0.0,0,434.45,0.0,1,0.71,0.27,SPY211001P00421000,421.0,0,0.0,0.0,,0.0,normalDay
2021-09-30,9095.0,47.0,0.0,0,429.14,0.0,1,0.71,0.24,SPY211001P00421000,421.0,0,0.0,0.0,,0.0,normalDay
2021-10-01,9166.0,0.0,71.0,0,434.24,0.0,1,0.71,0.0,SPY211001P00421000,421.0,0,0.0,0.0,,0.0,expirationDay
2021-10-04,9166.0,-3.0,0.0,0,428.64,0.0,1,0.17,0.2,SPY211006P00414000,414.0,0,0.0,0.0,,0.0,normalDay
2021-10-05,9166.0,15.0,0.0,0,433.1,0.0,1,0.17,0.02,SPY211006P00414000,414.0,0,0.0,0.0,,0.0,normalDay
2021-10-06,9183.0,0.0,17.0,0,434.9,0.0,1,0.17,0.0,SPY211006P00414000,414.0,0,0.0,0.0,,0.0,expirationDay
2021-10-07,9183.0,0.0,0.0,0,438.66,0.0,0,0.0,0.0,,0.0,0,0.0,0.0,,0.0,bidTooLow
2021-10-08,9183.0,-3.0,0.0,0,437.86,0.0,1,0.01,0.04,SPY211011P00416000,416.0,0,0.0,0.0,,0.0,normalDay
2021-10-11,9184.0,0.0,1.0,0,434.69,0.0,1,0.01,0.0,SPY211011P00416000,416.0,0,0.0,0.0,,0.0,expirationDay
2021-10-12,9184.0,-3.0,0.0,0,433.62,0.0,1,0.2,0.23,SPY211015P00416000,416.0,0,0.0,0.0,,0.0,normalDay
2021-10-13,9184.0,12.0,0.0,0,435.18,0.0,1,0.2,0.08,SPY211015P00416000,416.0,0,0.0,0.0,,0.0,normalDay
2021-10-14,9184.0,16.0,0.0,0,442.5,0.0,1,0.2,0.04,SPY211015P00416000,416.0,0,0.0,0.0,,0.0,normalDay
2021-10-15,9204.0,0.0,20.0,0,445.87,0.0,1,0.2,0.0,SPY211015P00416000,416.0,0,0.0,0.0,,0.0,expirationDay
2021-10-18,9204.0,0.0,0.0,0,447.19,0.0,0,0.0,0.0,,0.0,0,0.0,0.0,,0.0,bidTooLow
2021-10-19,9204.0,0.0,0.0,0,450.64,0.0,0,0.0,0.0,,0.0,0,0.0,0.0,,0.0,bidTooLow
2021-10-20,9204.0,0.0,0.0,0,452.41,0.0,0,0.0,0.0,,0.0,0,0.0,0.0,,0.0,bidTooLow
2021-10-21,9204.0,0.0,0.0,0,453.59,0.0,0,0.0,0.0,,0.0,0,0.0,0.0,,0.0,bidTooLow
2021-10-22,9204.0,0.0,0.0,0,453.12,0.0,0,0.0,0.0,,0.0,0,0.0,0.0,,0.0,bidTooLow
2021-10-25,9204.0,0.0,0.0,0,455.55,0.0,0,0.0,0.0,,0.0,0,0.0,0.0,,0.0,bidTooLow
2021-10-26,9204.0,0.0,0.0,0,455.96,0.0,0,0.0,0.0,,0.0,0,0.0,0.0,,0.0,bidTooLow
2021-10-27,9204.0,0.0,0.0,0,453.94,0.0,0,0.0,0.0,,0.0,0,0.0,0.0,,0.0,bidTooLow
2021-10-28,9204.0,0.0,0.0,0,458.32,0.0,0,0.0,0.0,,0.0,0,0.0,0.0,,0.0,bidTooLow
2021-10-29,9204.0,0.0,0.0,0,459.25,0.0,0,0.0,0.0,,0.0,0,0.0,0.0,,0.0,bidTooLow
2021-11-01,9204.0,0.0,0.0,0,460.04,0.0,0,0.0,0.0,,0.0,0,0.0,0.0,,0.0,bidTooLow
2021-11-02,9204.0,0.0,0.0,0,461.9,0.0,0,0.0,0.0,,0.0,0,0.0,0.0,,0.0,bidTooLow
2021-11-03,9204.0,0.0,0.0,0,464.72,0.0,0,0.0,0.0,,0.0,0,0.0,0.0,,0.0,bidTooLow
2021-11-04,9204.0,0.0,0.0,0,466.91,0.0,0,0.0,0.0,,0.0,0,0.0,0.0,,0.0,bidTooLow
2021-11-05,9204.0,0.0,0.0,0,468.53,0.0,0,0.0,0.0,,0.0,0,0.0,0.0,,0.0,bidTooLow
2021-11-08,9204.0,0.0,0.0,0,468.93,0.0,0,0.0,0.0,,0.0,0,0.0,0.0,,0.0,bidTooLow
2021-11-09,9204.0,0.0,0.0,0,467.38,0.0,0,0.0,0.0,,0.0,0,0.0,0.0,,0.0,bidTooLow
2021-11-10,9204.0,0.0,0.0,0,463.62,0.0,0,0.0,0.0,,0.0,0,0.0,0.0,,0.0,bidTooLow
2021-11-11,9204.0,0.0,0.0,0,463.77,0.0,0,0.0,0.0,,0.0,0,0.0,0.0,,0.0,bidTooLow
2021-11-12,9204.0,0.0,0.0,0,467.27,0.0,0,0.0,0.0,,0.0,0,0.0,0.0,,0.0,bidTooLow
2021-11-15,9204.0,0.0,0.0,0,467.43,0.0,0,0.0,0.0,,0.0,0,0.0,0.0,,0.0,bidTooLow
2021-11-16,9204.0,-3.0,0.0,0,469.28,0.0,1,0.02,0.05,SPY211119P00439000,439.0,0,0.0,0.0,,0.0,normalDay
2021-11-17,9204.0,-1.0,0.0,0,468.14,0.0,1,0.02,0.03,SPY211119P00439000,439.0,0,0.0,0.0,,0.0,normalDay
2021-11-18,9204.0,0.0,0.0,0,469.73,0.0,1,0.02,0.02,SPY211119P00439000,439.0,0,0.0,0.0,,0.0,normalDay
2021-11-19,9206.0,0.0,2.0,0,468.89,0.0,1,0.02,0.0,SPY211119P00439000,439.0,0,0.0,0.0,,0.0,expirationDay
2021-11-22,9206.0,-3.0,0.0,0,467.57,0.0,1,0.04,0.07,SPY211124P00446000,446.0,0,0.0,0.0,,0.0,normalDay
2021-11-23,9206.0,2.0,0.0,0,468.19,0.0,1,0.04,0.02,SPY211124P00446000,446.0,0,0.0,0.0,,0.0,normalDay
2021-11-24,9210.0,0.0,4.0,0,469.44,0.0,1,0.04,0.0,SPY211124P00446000,446.0,0,0.0,0.0,,0.0,expirationDay
2021-11-26,9210.0,-130.0,0.0,0,458.97,0.0,1,1.38,2.68,SPY211129P00453000,453.0,0,0.0,0.0,,0.0,normalDay
2021-11-29,9348.0,0.0,138.0,0,464.6,0.0,1,1.38,0.0,SPY211129P00453000,453.0,0,0.0,0.0,,0.0,expirationDay
2021-11-30,9348.0,-8.0,0.0,0,455.56,0.0,1,2.22,2.3,SPY211203P00452000,452.0,0,0.0,0.0,,0.0,normalDay
2021-12-01,9348.0,-296.0,0.0,0,450.5,0.0,1,2.22,5.18,SPY211203P00452000,452.0,0,0.0,0.0,,0.0,normalDay
2021-12-02,9348.0,133.0,0.0,0,457.4,0.0,1,2.22,0.89,SPY211203P00452000,452.0,0,0.0,0.0,,0.0,normalDay
2021-12-03,9570.0,0.0,222.0,0,453.42,0.0,1,2.22,0.0,SPY211203P00452000,452.0,0,0.0,0.0,,0.0,expirationDay
2021-12-06,9570.0,-3.0,0.0,0,458.79,0.0,1,0.23,0.26,SPY211208P00441000,441.0,0,0.0,0.0,,0.0,normalDay
2021-12-07,9570.0,20.0,0.0,0,468.28,0.0,1,0.23,0.03,SPY211208P00441000,441.0,0,0.0,0.0,,0.0,normalDay
2021-12-08,9593.0,0.0,23.0,0,469.52,0.0,1,0.23,0.0,SPY211208P00441000,441.0,0,0.0,0.0,,0.0,expirationDay
2021-12-09,9593.0,0.0,0.0,0,466.35,0.0,0,0.0,0.0,,0.0,0,0.0,0.0,,0.0,bidTooLow
2021-12-10,9593.0,0.0,0.0,0,470.74,0.0,0,0.0,0.0,,0.0,0,0.0,0.0,,0.0,bidTooLow
2021-12-13,9593.0,-3.0,0.0,0,466.57,0.0,1,0.01,0.04,SPY211215P00441000,441.0,0,0.0,0.0,,0.0,normalDay
2021-12-14,9593.0,-2.0,0.0,0,463.36,0.0,1,0.01,0.03,SPY211215P00441000,441.0,0,0.0,0.0,,0.0,normalDay
2021-12-15,9594.0,0.0,1.0,0,470.6,0.0,1,0.01,0.0,SPY211215P00441000,441.0,0,0.0,0.0,,0.0,expirationDay
2021-12-16,9594.0,-3.0,0.0,0,466.45,0.0,1,0.02,0.05,SPY211217P00441000,441.0,0,0.0,0.0,,0.0,normalDay
2021-12-17,9596.0,0.0,2.0,0,459.87,0.0,1,0.02,0.0,SPY211217P00441000,441.0,0,0.0,0.0,,0.0,expirationDay
2021-12-20,9596.0,-3.0,0.0,0,454.98,0.0,1,0.25,0.28,SPY211223P00439000,439.0,0,0.0,0.0,,0.0,normalDay
2021-12-21,9596.0,21.0,0.0,0,463.06,0.0,1,0.25,0.04,SPY211223P00439000,439.0,0,0.0,0.0,,0.0,normalDay
2021-12-22,9596.0,24.0,0.0,0,467.69,0.0,1,0.25,0.01,SPY211223P00439000,439.0,0,0.0,0.0,,0.0,normalDay
2021-12-23,9621.0,0.0,25.0,0,470.6,0.0,1,0.25,0.0,SPY211223P00439000,439.0,0,0.0,0.0,,0.0,expirationDay
2021-12-27,9621.0,0.0,0.0,0,477.26,0.0,0,0.0,0.0,,0.0,0,0.0,0.0,,0.0,bidTooLow
2021-12-28,9621.0,0.0,0.0,0,476.87,0.0,0,0.0,0.0,,0.0,0,0.0,0.0,,0.0,bidTooLow
2021-12-29,9621.0,0.0,0.0,0,477.48,0.0,0,0.0,0.0,,0.0,0,0.0,0.0,,0.0,bidTooLow
2021-12-30,9621.0,0.0,0.0,0,476.16,0.0,0,0.0,0.0,,0.0,0,0.0,0.0,,0.0,bidTooLow
2021-12-31,9621.0,0.0,0.0,0,474.96,0.0,0,0.0,0.0,,0.0,0,0.0,0.0,,0.0,bidTooLow
2022-01-03,9621.0,0.0,0.0,0,477.71,0.0,0,0.0,0.0,,0.0,0,0.0,0.0,,0.0,bidTooLow
2022-01-04,9621.0,0.0,0.0,0,477.55,0.0,0,0.0,0.0,,0.0,0,0.0,0.0,,0.0,bidTooLow
2022-01-05,9621.0,-3.0,0.0,0,468.38,0.0,1,0.03,0.06,SPY220107P00445000,445.0,0,0.0,0.0,,0.0,normalDay
2022-01-06,9621.0,1.0,0.0,0,467.94,0.0,1,0.03,0.02,SPY220107P00445000,445.0,0,0.0,0.0,,0.0,normalDay
2022-01-07,9624.0,0.0,3.0,0,466.09,0.0,1,0.03,0.0,SPY220107P00445000,445.0,0,0.0,0.0,,0.0,expirationDay
2022-01-10,9624.0,-3.0,0.0,0,465.51,0.0,1,0.03,0.06,SPY220112P00444000,444.0,0,0.0,0.0,,0.0,normalDay
2022-01-11,9624.0,1.0,0.0,0,469.75,0.0,1,0.03,0.02,SPY220112P00444000,444.0,0,0.0,0.0,,0.0,normalDay
2022-01-12,9627.0,0.0,3.0,0,471.02,0.0,1,0.03,0.0,SPY220112P00444000,444.0,0,0.0,0.0,,0.0,expirationDay
2022-01-13,9627.0,-3.0,0.0,0,464.53,0.0,1,0.01,0.04,SPY220114P00445000,445.0,0,0.0,0.0,,0.0,normalDay
2022-01-14,9628.0,0.0,1.0,0,464.72,0.0,1,0.01,0.0,SPY220114P00445000,445.0,0,0.0,0.0,,0.0,expirationDay
2022-01-18,9628.0,-3.0,0.0,0,456.49,0.0,1,0.76,0.79,SPY220121P00443000,443.0,0,0.0,0.0,,0.0,normalDay
2022-01-19,9628.0,1.0,0.0,0,451.75,0.0,1,0.76,0.75,SPY220121P00443000,443.0,0,0.0,0.0,,0.0,normalDay
2022-01-20,9628.0,-66.0,0.0,0,446.75,0.0,1,0.76,1.42,SPY220121P00443000,443.0,0,0.0,0.0,,0.0,normalDay
2022-01-21,9704.0,-502.0,76.0,100,437.98,443.0,1,0.76,0.0,SPY220121P00443000,443.0,0,0.0,0.0,,0.0,expirationDay
2022-01-24,9704.0,-316.0,0.0,100,439.84,443.0,0,0.0,0.0,,0.0,0,0.0,0.0,,0.0,bidTooLow
2022-01-25,9704.0,-853.0,0.0,100,434.47,443.0,0,0.0,0.0,,0.0,0,0.0,0.0,,0.0,bidTooLow
2022-01-26,9704.0,-962.0,0.0,100,433.38,443.0,0,0.0,0.0,,0.0,0,0.0,0.0,,0.0,bidTooLow
2022-01-27,9704.0,-1176.0,0.0,100,431.24,443.0,0,0.0,0.0,,0.0,0,0.0,0.0,,0.0,bidTooLow
2022-01-28,9704.0,-105.0,0.0,100,441.95,443.0,0,0.0,0.0,,0.0,0,0.0,0.0,,0.0,bidTooLow
2022-01-31,9704.0,691.0,0.0,100,449.91,443.0,0,0.0,0.0,,0.0,0,0.0,0.0,,0.0,bidTooLow
2022-02-01,9704.0,995.0,0.0,100,452.95,443.0,0,0.0,0.0,,0.0,0,0.0,0.0,,0.0,bidTooLow
2022-02-02,9704.0,1435.0,0.0,100,457.35,443.0,0,0.0,0.0,,0.0,0,0.0,0.0,,0.0,bidTooLow
2022-02-03,9704.0,360.0,0.0,100,446.6,443.0,0,0.0,0.0,,0.0,0,0.0,0.0,,0.0,bidTooLow
2022-02-04,9704.0,570.0,0.0,100,448.7,443.0,0,0.0,0.0,,0.0,0,0.0,0.0,,0.0,bidTooLow
2022-02-07,9704.0,426.0,0.0,100,447.26,443.0,0,0.0,0.0,,0.0,0,0.0,0.0,,0.0,bidTooLow
2022-02-08,9704.0,794.0,0.0,100,450.94,443.0,0,0.0,0.0,,0.0,0,0.0,0.0,,0.0,bidTooLow
2022-02-09,9704.0,1451.0,0.0,100,457.54,443.0,0,0.0,0.0,,0.0,1,0.04,0.07,SPY220214C00474000,474.0,normalDay
2022-02-10,9704.0,634.0,0.0,100,449.32,443.0,0,0.0,0.0,,0.0,1,0.04,0.02,SPY220214C00474000,474.0,normalDay
2022-02-11,9704.0,-251.0,0.0,100,440.46,443.0,0,0.0,0.0,,0.0,1,0.04,0.01,SPY220214C00474000,474.0,normalDay
2022-02-14,9708.0,-398.0,4.0,100,439.02,443.0,0,0.0,0.0,,0.0,1,0.04,0.0,SPY220214C00474000,474.0,expirationDay
2022-02-15,9708.0,307.0,0.0,100,446.1,443.0,0,0.0,0.0,,0.0,1,0.04,0.07,SPY220218C00463000,463.0,normalDay
2022-02-16,9708.0,361.0,0.0,100,446.6,443.0,0,0.0,0.0,,0.0,1,0.04,0.03,SPY220218C00463000,463.0,normalDay
2022-02-17,9708.0,-591.0,0.0,100,437.06,443.0,0,0.0,0.0,,0.0,1,0.04,0.01,SPY220218C00463000,463.0,normalDay
2022-02-18,9712.0,-877.0,4.0,100,434.23,443.0,0,0.0,0.0,,0.0,1,0.04,0.0,SPY220218C00463000,463.0,expirationDay
2022-02-22,9712.0,-1343.0,0.0,100,429.57,443.0,0,0.0,0.0,,0.0,0,0.0,0.0,,0.0,bidTooLow
2022-02-23,9712.0,-2105.0,0.0,100,421.95,443.0,0,0.0,0.0,,0.0,0,0.0,0.0,,0.0,bidTooLow
2022-02-24,9712.0,-1470.0,0.0,100,428.3,443.0,0,0.0,0.0,,0.0,0,0.0,0.0,,0.0,bidTooLow
2022-02-25,9712.0,-525.0,0.0,100,437.75,443.0,0,0.0,0.0,,0.0,0,0.0,0.0,,0.0,bidTooLow
2022-02-28,9712.0,-640.0,0.0,100,436.63,443.0,0,0.0,0.0,,0.0,1,0.01,0.04,SPY220304C00465000,465.0,normalDay
2022-03-01,9712.0,-1303.0,0.0,100,429.98,443.0,0,0.0,0.0,,0.0,1,0.01,0.02,SPY220304C00465000,465.0,normalDay
2022-03-02,9712.0,-511.0,0.0,100,437.89,443.0,0,0.0,0.0,,0.0,1,0.01,0.01,SPY220304C00465000,465.0,normalDay
2022-03-03,9712.0,-729.0,0.0,100,435.71,443.0,0,0.0,0.0,,0.0,1,0.01,0.01,SPY220304C00465000,465.0,normalDay
2022-03-04,9713.0,-1083.0,1.0,100,432.17,443.0,0,0.0,0.0,,0.0,1,0.01,0.0,SPY220304C00465000,465.0,expirationDay
2022-03-07,9713.0,-2357.0,0.0,100,419.43,443.0,0,0.0,0.0,,0.0,0,0.0,0.0,,0.0,bidTooLow
2022-03-08,9713.0,-2675.0,0.0,100,416.25,443.0,0,0.0,0.0,,0.0,0,0.0,0.0,,0.0,bidTooLow
2022-03-09,9713.0,-1559.0,0.0,100,427.41,443.0,0,0.0,0.0,,0.0,0,0.0,0.0,,0.0,bidTooLow
2022-03-10,9713.0,-1755.0,0.0,100,425.48,443.0,0,0.0,0.0,,0.0,1,0.02,0.05,SPY220316C00454000,454.0,normalDay
2022-03-11,9713.0,-2293.0,0.0,100,420.07,443.0,0,0.0,0.0,,0.0,1,0.02,0.02,SPY220316C00454000,454.0,normalDay
2022-03-14,9713.0,-2599.0,0.0,100,417.0,443.0,0,0.0,0.0,,0.0,1,0.02,0.01,SPY220316C00454000,454.0,normalDay
2022-03-15,9713.0,-1682.0,0.0,100,426.17,443.0,0,0.0,0.0,,0.0,1,0.02,0.01,SPY220316C00454000,454.0,normalDay
2022-03-16,9715.0,-738.0,2.0,100,435.62,443.0,0,0.0,0.0,,0.0,1,0.02,0.0,SPY220316C00454000,454.0,expirationDay
2022-03-17,9715.0,-197.0,0.0,100,441.07,443.0,0,0.0,0.0,,0.0,1,1.26,1.3,SPY220323C00447000,447.0,normalDay
2022-03-18,9715.0,5.0,0.0,100,444.52,443.0,0,0.0,0.0,,0.0,1,1.26,2.73,SPY220323C00447000,447.0,normalDay
2022-03-21,9715.0,103.0,0.0,100,444.39,443.0,0,0.0,0.0,,0.0,1,1.26,1.62,SPY220323C00447000,447.0,normalDay
2022-03-22,9715.0,423.0,0.0,100,449.59,443.0,0,0.0,0.0,,0.0,1,1.26,3.62,SPY220323C00447000,447.0,normalDay
2022-03-23,9841.0,80.0,126.0,100,443.8,443.0,0,0.0,0.0,,0.0,1,1.26,0.0,SPY220323C00447000,447.0,expirationDay
2022-03-24,9841.0,746.0,0.0,100,450.49,443.0,0,0.0,0.0,,0.0,1,0.88,0.91,SPY220330C00458000,458.0,normalDay
2022-03-25,9841.0,970.0,0.0,100,452.69,443.0,0,0.0,0.0,,0.0,1,0.88,0.87,SPY220330C00458000,458.0,normalDay
2022-03-28,9841.0,1263.0,0.0,100,455.91,443.0,0,0.0,0.0,,0.0,1,0.88,1.16,SPY220330C00458000,458.0,normalDay
2022-03-29,9841.0,1569.0,0.0,100,461.55,443.0,0,0.0,0.0,,0.0,1,0.88,3.74,SPY220330C00458000,458.0,normalDay
2022-03-30,11429.0,1569.0,1588.0,0,458.7,0.0,0,0.0,0.0,,0.0,1,0.88,0.0,SPY220330C00458000,458.0,expirationDay
2022-03-31,11429.0,0.0,0.0,0,451.64,0.0,0,0.0,0.0,,0.0,0,0.0,0.0,,0.0,bidTooLow
2022-04-01,11429.0,0.0,0.0,0,452.92,0.0,0,0.0,0.0,,0.0,0,0.0,0.0,,0.0,bidTooLow
2022-04-04,11429.0,0.0,0.0,0,456.8,0.0,0,0.0,0.0,,0.0,0,0.0,0.0,,0.0,bidTooLow
2022-04-05,11429.0,0.0,0.0,0,451.03,0.0,0,0.0,0.0,,0.0,0,0.0,0.0,,0.0,bidTooLow
2022-04-06,11429.0,0.0,0.0,0,446.52,0.0,0,0.0,0.0,,0.0,0,0.0,0.0,,0.0,bidTooLow
2022-04-07,11429.0,0.0,0.0,0,448.77,0.0,0,0.0,0.0,,0.0,0,0.0,0.0,,0.0,bidTooLow
2022-04-08,11429.0,0.0,0.0,0,447.57,0.0,0,0.0,0.0,,0.0,0,0.0,0.0,,0.0,bidTooLow
2022-04-11,11429.0,-3.0,0.0,0,439.92,0.0,1,0.14,0.17,SPY220414P00416000,416.0,0,0.0,0.0,,0.0,normalDay
2022-04-12,11429.0,4.0,0.0,0,438.29,0.0,1,0.14,0.1,SPY220414P00416000,416.0,0,0.0,0.0,,0.0,normalDay
2022-04-13,11429.0,10.0,0.0,0,443.31,0.0,1,0.14,0.04,SPY220414P00416000,416.0,0,0.0,0.0,,0.0,normalDay
2022-04-14,11443.0,0.0,14.0,0,437.79,0.0,1,0.14,0.0,SPY220414P00416000,416.0,0,0.0,0.0,,0.0,expirationDay
2022-04-18,11443.0,-3.0,0.0,0,437.97,0.0,1,0.02,0.05,SPY220420P00422000,422.0,0,0.0,0.0,,0.0,normalDay
2022-04-19,11443.0,0.0,0.0,0,445.04,0.0,1,0.02,0.02,SPY220420P00422000,422.0,0,0.0,0.0,,0.0,normalDay
2022-04-20,11445.0,0.0,2.0,0,444.71,0.0,1,0.02,0.0,SPY220420P00422000,422.0,0,0.0,0.0,,0.0,expirationDay
2022-04-21,11445.0,-3.0,0.0,0,438.06,0.0,1,0.02,0.05,SPY220422P00420000,420.0,0,0.0,0.0,,0.0,normalDay
2022-04-22,11447.0,0.0,2.0,0,426.04,0.0,1,0.02,0.0,SPY220422P00420000,420.0,0,0.0,0.0,,0.0,expirationDay
2022-04-25,11447.0,-3.0,0.0,0,428.51,0.0,1,0.14,0.17,SPY220427P00409000,409.0,0,0.0,0.0,,0.0,normalDay
2022-04-26,11447.0,-113.0,0.0,0,416.1,0.0,1,0.14,1.27,SPY220427P00409000,409.0,0,0.0,0.0,,0.0,normalDay
2022-04-27,11461.0,0.0,14.0,0,417.27,0.0,1,0.14,0.0,SPY220427P00409000,409.0,0,0.0,0.0,,0.0,expirationDay
2022-04-28,11461.0,-3.0,0.0,0,427.81,0.0,1,0.02,0.05,SPY220429P00396000,396.0,0,0.0,0.0,,0.0,normalDay
2022-04-29,11463.0,0.0,2.0,0,412.0,0.0,1,0.02,0.0,SPY220429P00396000,396.0,0,0.0,0.0,,0.0,expirationDay
2022-05-02,11463.0,-3.0,0.0,0,414.48,0.0,1,0.11,0.14,SPY220504P00386000,386.0,0,0.0,0.0,,0.0,normalDay
2022-05-03,11463.0,9.0,0.0,0,416.38,0.0,1,0.11,0.02,SPY220504P00386000,386.0,0,0.0,0.0,,0.0,normalDay
2022-05-04,11474.0,0.0,11.0,0,429.06,0.0,1,0.11,0.0,SPY220504P00386000,386.0,0,0.0,0.0,,0.0,expirationDay
2022-05-05,11474.0,-3.0,0.0,0,413.81,0.0,1,0.01,0.04,SPY220506P00383000,383.0,0,0.0,0.0,,0.0,normalDay
2022-05-06,11475.0,0.0,1.0,0,411.34,0.0,1,0.01,0.0,SPY220506P00383000,383.0,0,0.0,0.0,,0.0,expirationDay
2022-05-09,11475.0,-3.0,0.0,0,398.17,0.0,1,0.19,0.22,SPY220511P00375000,375.0,0,0.0,0.0,,0.0,normalDay
2022-05-10,11475.0,15.0,0.0,0,399.09,0.0,1,0.19,0.04,SPY220511P00375000,375.0,0,0.0,0.0,,0.0,normalDay
2022-05-11,11494.0,0.0,19.0,0,392.75,0.0,1,0.19,0.0,SPY220511P00375000,375.0,0,0.0,0.0,,0.0,expirationDay
2022-05-12,11494.0,0.0,0.0,0,392.34,0.0,0,0.0,0.0,,0.0,0,0.0,0.0,,0.0,bidTooLow
2022-05-13,11494.0,0.0,0.0,0,401.72,0.0,0,0.0,0.0,,0.0,0,0.0,0.0,,0.0,bidTooLow
2022-05-16,11494.0,0.0,0.0,0,400.09,0.0,0,0.0,0.0,,0.0,0,0.0,0.0,,0.0,bidTooLow
2022-05-17,11494.0,-3.0,0.0,0,408.32,0.0,1,0.01,0.04,SPY220520P00359000,359.0,0,0.0,0.0,,0.0,normalDay
2022-05-18,11494.0,-10.0,0.0,0,391.86,0.0,1,0.01,0.11,SPY220520P00359000,359.0,0,0.0,0.0,,0.0,normalDay
2022-05-19,11494.0,-2.0,0.0,0,389.46,0.0,1,0.01,0.03,SPY220520P00359000,359.0,0,0.0,0.0,,0.0,normalDay
2022-05-20,11495.0,0.0,1.0,0,389.63,0.0,1,0.01,0.0,SPY220520P00359000,359.0,0,0.0,0.0,,0.0,expirationDay
2022-05-23,11495.0,0.0,0.0,0,396.92,0.0,0,0.0,0.0,,0.0,0,0.0,0.0,,0.0,bidTooLow
2022-05-24,11495.0,-3.0,0.0,0,393.89,0.0,1,0.02,0.05,SPY220527P00358000,358.0,0,0.0,0.0,,0.0,normalDay
2022-05-25,11495.0,0.0,0.0,0,397.37,0.0,1,0.02,0.02,SPY220527P00358000,358.0,0,0.0,0.0,,0.0,normalDay
2022-05-26,11495.0,1.0,0.0,0,405.31,0.0,1,0.02,0.01,SPY220527P00358000,358.0,0,0.0,0.0,,0.0,normalDay
2022-05-27,11497.0,0.0,2.0,0,415.26,0.0,1,0.02,0.0,SPY220527P00358000,358.0,0,0.0,0.0,,0.0,expirationDay
2022-05-31,11497.0,0.0,0.0,0,412.93,0.0,0,0.0,0.0,,0.0,0,0.0,0.0,,0.0,bidTooLow
2022-06-01,11497.0,0.0,0.0,0,409.59,0.0,0,0.0,0.0,,0.0,0,0.0,0.0,,0.0,bidTooLow
2022-06-02,11497.0,0.0,0.0,0,417.39,0.0,0,0.0,0.0,,0.0,0,0.0,0.0,,0.0,bidTooLow
2022-06-03,11497.0,0.0,0.0,0,410.54,0.0,0,0.0,0.0,,0.0,0,0.0,0.0,,0.0,bidTooLow
2022-06-06,11497.0,0.0,0.0,0,411.79,0.0,0,0.0,0.0,,0.0,0,0.0,0.0,,0.0,bidTooLow
2022-06-07,11497.0,0.0,0.0,0,415.74,0.0,0,0.0,0.0,,0.0,0,0.0,0.0,,0.0,bidTooLow
2022-06-08,11497.0,0.0,0.0,0,411.22,0.0,0,0.0,0.0,,0.0,0,0.0,0.0,,0.0,bidTooLow
2022-06-09,11497.0,0.0,0.0,0,401.44,0.0,0,0.0,0.0,,0.0,0,0.0,0.0,,0.0,bidTooLow
2022-06-10,11497.0,-3.0,0.0,0,389.8,0.0,1,0.1,0.13,SPY220613P00367000,367.0,0,0.0,0.0,,0.0,normalDay
2022-06-13,11507.0,0.0,10.0,0,375.0,0.0,1,0.1,0.0,SPY220613P00367000,367.0,0,0.0,0.0,,0.0,expirationDay
2022-06-14,11507.0,-3.0,0.0,0,373.87,0.0,1,0.82,0.85,SPY220617P00351000,351.0,0,0.0,0.0,,0.0,normalDay
2022-06-15,11507.0,66.0,0.0,0,379.2,0.0,1,0.82,0.16,SPY220617P00351000,351.0,0,0.0,0.0,,0.0,normalDay
2022-06-16,11507.0,46.0,0.0,0,366.65,0.0,1,0.82,0.36,SPY220617P00351000,351.0,0,0.0,0.0,,0.0,normalDay
2022-06-17,11589.0,0.0,82.0,0,365.86,0.0,1,0.82,0.0,SPY220617P00351000,351.0,0,0.0,0.0,,0.0,expirationDay
2022-06-21,11589.0,-3.0,0.0,0,375.07,0.0,1,0.01,0.04,SPY220624P00329000,329.0,0,0.0,0.0,,0.0,normalDay
2022-06-22,11589.0,-1.0,0.0,0,374.39,0.0,1,0.01,0.02,SPY220624P00329000,329.0,0,0.0,0.0,,0.0,normalDay
2022-06-23,11589.0,0.0,0.0,0,378.06,0.0,1,0.01,0.01,SPY220624P00329000,329.0,0,0.0,0.0,,0.0,normalDay
2022-06-24,11590.0,0.0,1.0,0,390.08,0.0,1,0.01,0.0,SPY220624P00329000,329.0,0,0.0,0.0,,0.0,expirationDay
2022-06-27,11590.0,0.0,0.0,0,388.59,0.0,0,0.0,0.0,,0.0,0,0.0,0.0,,0.0,bidTooLow
2022-06-28,11590.0,0.0,0.0,0,380.65,0.0,0,0.0,0.0,,0.0,0,0.0,0.0,,0.0,bidTooLow
2022-06-29,11590.0,0.0,0.0,0,380.34,0.0,0,0.0,0.0,,0.0,0,0.0,0.0,,0.0,bidTooLow
2022-06-30,11590.0,0.0,0.0,0,377.25,0.0,0,0.0,0.0,,0.0,0,0.0,0.0,,0.0,bidTooLow
2022-07-01,11590.0,0.0,0.0,0,381.24,0.0,0,0.0,0.0,,0.0,0,0.0,0.0,,0.0,bidTooLow
2022-07-05,11590.0,0.0,0.0,0,381.96,0.0,0,0.0,0.0,,0.0,0,0.0,0.0,,0.0,bidTooLow
2022-07-06,11590.0,0.0,0.0,0,383.25,0.0,0,0.0,0.0,,0.0,0,0.0,0.0,,0.0,bidTooLow
2022-07-07,11590.0,0.0,0.0,0,388.99,0.0,0,0.0,0.0,,0.0,0,0.0,0.0,,0.0,bidTooLow
2022-07-08,11590.0,0.0,0.0,0,388.67,0.0,0,0.0,0.0,,0.0,0,0.0,0.0,,0.0,bidTooLow
2022-07-11,11590.0,0.0,0.0,0,384.23,0.0,0,0.0,0.0,,0.0,0,0.0,0.0,,0.0,bidTooLow
2022-07-12,11590.0,-3.0,0.0,0,380.83,0.0,1,0.13,0.16,SPY220715P00354000,354.0,0,0.0,0.0,,0.0,normalDay
2022-07-13,11590.0,8.0,0.0,0,378.83,0.0,1,0.13,0.05,SPY220715P00354000,354.0,0,0.0,0.0,,0.0,normalDay
2022-07-14,11590.0,10.0,0.0,0,377.91,0.0,1,0.13,0.03,SPY220715P00354000,354.0,0,0.0,0.0,,0.0,normalDay
2022-07-15,11603.0,0.0,13.0,0,385.13,0.0,1,0.13,0.0,SPY220715P00354000,354.0,0,0.0,0.0,,0.0,expirationDay
2022-07-18,11603.0,0.0,0.0,0,381.95,0.0,0,0.0,0.0,,0.0,0,0.0,0.0,,0.0,bidTooLow
2022-07-19,11603.0,-3.0,0.0,0,392.27,0.0,1,0.02,0.05,SPY220722P00363000,363.0,0,0.0,0.0,,0.0,normalDay
2022-07-20,11603.0,0.0,0.0,0,394.77,0.0,1,0.02,0.02,SPY220722P00363000,363.0,0,0.0,0.0,,0.0,normalDay
2022-07-21,11603.0,1.0,0.0,0,398.79,0.0,1,0.02,0.01,SPY220722P00363000,363.0,0,0.0,0.0,,0.0,normalDay
2022-07-22,11605.0,0.0,2.0,0,395.09,0.0,1,0.02,0.0,SPY220722P00363000,363.0,0,0.0,0.0,,0.0,expirationDay
2022-07-25,11605.0,0.0,0.0,0,395.57,0.0,0,0.0,0.0,,0.0,0,0.0,0.0,,0.0,bidTooLow
2022-07-26,11605.0,-3.0,0.0,0,390.89,0.0,1,0.02,0.05,SPY220729P00361000,361.0,0,0.0,0.0,,0.0,normalDay
2022-07-27,11605.0,-1.0,0.0,0,401.04,0.0,1,0.02,0.03,SPY220729P00361000,361.0,0,0.0,0.0,,0.0,normalDay
2022-07-28,11605.0,1.0,0.0,0,406.07,0.0,1,0.02,0.01,SPY220729P00361000,361.0,0,0.0,0.0,,0.0,normalDay
2022-07-29,11607.0,0.0,2.0,0,411.99,0.0,1,0.02,0.0,SPY220729P00361000,361.0,0,0.0,0.0,,0.0,expirationDay
2022-08-01,11607.0,0.0,0.0,0,410.77,0.0,0,0.0,0.0,,0.0,0,0.0,0.0,,0.0,bidTooLow
2022-08-02,11607.0,0.0,0.0,0,408.06,0.0,0,0.0,0.0,,0.0,0,0.0,0.0,,0.0,bidTooLow
2022-08-03,11607.0,0.0,0.0,0,414.45,0.0,0,0.0,0.0,,0.0,0,0.0,0.0,,0.0,bidTooLow
2022-08-04,11607.0,0.0,0.0,0,414.17,0.0,0,0.0,0.0,,0.0,0,0.0,0.0,,0.0,bidTooLow
2022-08-05,11607.0,0.0,0.0,0,413.47,0.0,0,0.0,0.0,,0.0,0,0.0,0.0,,0.0,bidTooLow
2022-08-08,11607.0,0.0,0.0,0,412.99,0.0,0,0.0,0.0,,0.0,0,0.0,0.0,,0.0,bidTooLow
2022-08-09,11607.0,0.0,0.0,0,411.35,0.0,0,0.0,0.0,,0.0,0,0.0,0.0,,0.0,bidTooLow
2022-08-10,11607.0,0.0,0.0,0,419.99,0.0,0,0.0,0.0,,0.0,0,0.0,0.0,,0.0,bidTooLow
2022-08-11,11607.0,0.0,0.0,0,419.99,0.0,0,0.0,0.0,,0.0,0,0.0,0.0,,0.0,bidTooLow
2022-08-12,11607.0,0.0,0.0,0,427.1,0.0,0,0.0,0.0,,0.0,0,0.0,0.0,,0.0,bidTooLow
2022-08-15,11607.0,0.0,0.0,0,428.86,0.0,0,0.0,0.0,,0.0,0,0.0,0.0,,0.0,bidTooLow
2022-08-16,11607.0,0.0,0.0,0,429.7,0.0,0,0.0,0.0,,0.0,0,0.0,0.0,,0.0,bidTooLow
2022-08-17,11607.0,0.0,0.0,0,426.65,0.0,0,0.0,0.0,,0.0,0,0.0,0.0,,0.0,bidTooLow
2022-08-18,11607.0,0.0,0.0,0,427.89,0.0,0,0.0,0.0,,0.0,0,0.0,0.0,,0.0,bidTooLow
2022-08-19,11607.0,0.0,0.0,0,422.14,0.0,0,0.0,0.0,,0.0,0,0.0,0.0,,0.0,bidTooLow
2022-08-22,11607.0,0.0,0.0,0,413.35,0.0,0,0.0,0.0,,0.0,0,0.0,0.0,,0.0,bidTooLow
2022-08-23,11607.0,-3.0,0.0,0,412.35,0.0,1,0.04,0.07,SPY220826P00385000,385.0,0,0.0,0.0,,0.0,normalDay
2022-08-24,11607.0,1.0,0.0,0,413.67,0.0,1,0.04,0.03,SPY220826P00385000,385.0,0,0.0,0.0,,0.0,normalDay
2022-08-25,11607.0,2.0,0.0,0,419.51,0.0,1,0.04,0.02,SPY220826P00385000,385.0,0,0.0,0.0,,0.0,normalDay
2022-08-26,11611.0,0.0,4.0,0,405.31,0.0,1,0.04,0.0,SPY220826P00385000,385.0,0,0.0,0.0,,0.0,expirationDay
2022-08-29,11611.0,-3.0,0.0,0,402.63,0.0,1,0.1,0.13,SPY220831P00387000,387.0,0,0.0,0.0,,0.0,normalDay
2022-08-30,11611.0,1.0,0.0,0,398.21,0.0,1,0.1,0.09,SPY220831P00387000,387.0,0,0.0,0.0,,0.0,normalDay
2022-08-31,11621.0,0.0,10.0,0,395.18,0.0,1,0.1,0.0,SPY220831P00387000,387.0,0,0.0,0.0,,0.0,expirationDay
2022-09-01,11621.0,0.0,0.0,0,396.42,0.0,0,0.0,0.0,,0.0,0,0.0,0.0,,0.0,bidTooLow
2022-09-02,11621.0,0.0,0.0,0,392.24,0.0,0,0.0,0.0,,0.0,0,0.0,0.0,,0.0,bidTooLow
2022-09-06,11621.0,-3.0,0.0,0,390.76,0.0,1,0.04,0.07,SPY220909P00363000,363.0,0,0.0,0.0,,0.0,normalDay
2022-09-07,11621.0,1.0,0.0,0,397.78,0.0,1,0.04,0.03,SPY220909P00363000,363.0,0,0.0,0.0,,0.0,normalDay
2022-09-08,11621.0,3.0,0.0,0,400.38,0.0,1,0.04,0.01,SPY220909P00363000,363.0,0,0.0,0.0,,0.0,normalDay
2022-09-09,11625.0,0.0,4.0,0,406.6,0.0,1,0.04,0.0,SPY220909P00363000,363.0,0,0.0,0.0,,0.0,expirationDay
2022-09-12,11625.0,0.0,0.0,0,410.97,0.0,0,0.0,0.0,,0.0,0,0.0,0.0,,0.0,bidTooLow
2022-09-13,11625.0,-3.0,0.0,0,393.1,0.0,1,0.17,0.2,SPY220916P00360000,360.0,0,0.0,0.0,,0.0,normalDay
2022-09-14,11625.0,11.0,0.0,0,394.6,0.0,1,0.17,0.06,SPY220916P00360000,360.0,0,0.0,0.0,,0.0,normalDay
2022-09-15,11625.0,14.0,0.0,0,390.12,0.0,1,0.17,0.03,SPY220916P00360000,360.0,0,0.0,0.0,,0.0,normalDay
2022-09-16,11642.0,0.0,17.0,0,385.56,0.0,1,0.17,0.0,SPY220916P00360000,360.0,0,0.0,0.0,,0.0,expirationDay
2022-09-19,11642.0,-3.0,0.0,0,388.55,0.0,1,0.02,0.05,SPY220921P00363000,363.0,0,0.0,0.0,,0.0,normalDay
2022-09-20,11642.0,-4.0,0.0,0,384.09,0.0,1,0.02,0.06,SPY220921P00363000,363.0,0,0.0,0.0,,0.0,normalDay
2022-09-21,11644.0,0.0,2.0,0,377.39,0.0,1,0.02,0.0,SPY220921P00363000,363.0,0,0.0,0.0,,0.0,expirationDay
2022-09-22,11644.0,0.0,0.0,0,374.22,0.0,0,0.0,0.0,,0.0,0,0.0,0.0,,0.0,bidTooLow
2022-09-23,11644.0,-3.0,0.0,0,367.95,0.0,1,0.09,0.12,SPY220926P00351000,351.0,0,0.0,0.0,,0.0,normalDay
2022-09-26,11653.0,0.0,9.0,0,364.31,0.0,1,0.09,0.0,SPY220926P00351000,351.0,0,0.0,0.0,,0.0,expirationDay
2022-09-27,11653.0,-3.0,0.0,0,363.38,0.0,1,0.08,0.11,SPY220930P00338000,338.0,0,0.0,0.0,,0.0,normalDay
2022-09-28,11653.0,4.0,0.0,0,370.53,0.0,1,0.08,0.04,SPY220930P00338000,338.0,0,0.0,0.0,,0.0,normalDay
2022-09-29,11653.0,5.0,0.0,0,362.79,0.0,1,0.08,0.03,SPY220930P00338000,338.0,0,0.0,0.0,,0.0,normalDay
2022-09-30,11661.0,0.0,8.0,0,357.18,0.0,1,0.08,0.0,SPY220930P00338000,338.0,0,0.0,0.0,,0.0,expirationDay
2022-10-03,11661.0,0.0,0.0,0,366.61,0.0,0,0.0,0.0,,0.0,0,0.0,0.0,,0.0,bidTooLow
2022-10-04,11661.0,0.0,0.0,0,377.97,0.0,0,0.0,0.0,,0.0,0,0.0,0.0,,0.0,bidTooLow
2022-10-05,11661.0,0.0,0.0,0,377.09,0.0,0,0.0,0.0,,0.0,0,0.0,0.0,,0.0,bidTooLow
2022-10-06,11661.0,0.0,0.0,0,373.2,0.0,0,0.0,0.0,,0.0,0,0.0,0.0,,0.0,bidTooLow
2022-10-07,11661.0,0.0,0.0,0,362.79,0.0,0,0.0,0.0,,0.0,0,0.0,0.0,,0.0,bidTooLow
2022-10-10,11661.0,0.0,0.0,0,360.02,0.0,0,0.0,0.0,,0.0,0,0.0,0.0,,0.0,bidTooLow
2022-10-11,11661.0,-3.0,0.0,0,357.74,0.0,1,0.13,0.16,SPY221014P00330000,330.0,0,0.0,0.0,,0.0,normalDay
2022-10-12,11661.0,4.0,0.0,0,356.56,0.0,1,0.13,0.09,SPY221014P00330000,330.0,0,0.0,0.0,,0.0,normalDay
2022-10-13,11661.0,10.0,0.0,0,365.97,0.0,1,0.13,0.03,SPY221014P00330000,330.0,0,0.0,0.0,,0.0,normalDay
2022-10-14,11674.0,0.0,13.0,0,357.63,0.0,1,0.13,0.0,SPY221014P00330000,330.0,0,0.0,0.0,,0.0,expirationDay
2022-10-17,11674.0,-3.0,0.0,0,366.82,0.0,1,0.02,0.05,SPY221019P00337000,337.0,0,0.0,0.0,,0.0,normalDay
2022-10-18,11674.0,1.0,0.0,0,371.13,0.0,1,0.02,0.01,SPY221019P00337000,337.0,0,0.0,0.0,,0.0,normalDay
2022-10-19,11676.0,0.0,2.0,0,368.5,0.0,1,0.02,0.0,SPY221019P00337000,337.0,0,0.0,0.0,,0.0,expirationDay
2022-10-20,11676.0,0.0,0.0,0,365.41,0.0,0,0.0,0.0,,0.0,0,0.0,0.0,,0.0,bidTooLow
2022-10-21,11676.0,0.0,0.0,0,374.29,0.0,0,0.0,0.0,,0.0,0,0.0,0.0,,0.0,bidTooLow
2022-10-24,11676.0,0.0,0.0,0,378.87,0.0,0,0.0,0.0,,0.0,0,0.0,0.0,,0.0,bidTooLow
2022-10-25,11676.0,0.0,0.0,0,384.92,0.0,0,0.0,0.0,,0.0,0,0.0,0.0,,0.0,bidTooLow
2022-10-26,11676.0,0.0,0.0,0,382.02,0.0,0,0.0,0.0,,0.0,0,0.0,0.0,,0.0,bidTooLow
2022-10-27,11676.0,0.0,0.0,0,379.98,0.0,0,0.0,0.0,,0.0,0,0.0,0.0,,0.0,bidTooLow
2022-10-28,11676.0,0.0,0.0,0,389.02,0.0,0,0.0,0.0,,0.0,0,0.0,0.0,,0.0,bidTooLow
2022-10-31,11676.0,0.0,0.0,0,386.21,0.0,0,0.0,0.0,,0.0,0,0.0,0.0,,0.0,bidTooLow
2022-11-01,11676.0,0.0,0.0,0,384.52,0.0,0,0.0,0.0,,0.0,0,0.0,0.0,,0.0,bidTooLow
2022-11-02,11676.0,0.0,0.0,0,374.87,0.0,0,0.0,0.0,,0.0,0,0.0,0.0,,0.0,bidTooLow
2022-11-03,11676.0,0.0,0.0,0,371.01,0.0,0,0.0,0.0,,0.0,0,0.0,0.0,,0.0,bidTooLow
2022-11-04,11676.0,0.0,0.0,0,376.35,0.0,0,0.0,0.0,,0.0,0,0.0,0.0,,0.0,bidTooLow
2022-11-07,11676.0,0.0,0.0,0,379.95,0.0,0,0.0,0.0,,0.0,0,0.0,0.0,,0.0,bidTooLow
2022-11-08,11676.0,-3.0,0.0,0,382.0,0.0,1,0.01,0.04,SPY221111P00340000,340.0,0,0.0,0.0,,0.0,normalDay
2022-11-09,11676.0,-3.0,0.0,0,374.13,0.0,1,0.01,0.04,SPY221111P00340000,340.0,0,0.0,0.0,,0.0,normalDay
2022-11-10,11676.0,0.0,0.0,0,394.69,0.0,1,0.01,0.01,SPY221111P00340000,340.0,0,0.0,0.0,,0.0,normalDay
2022-11-11,11677.0,0.0,1.0,0,398.51,0.0,1,0.01,0.0,SPY221111P00340000,340.0,0,0.0,0.0,,0.0,expirationDay
2022-11-14,11677.0,0.0,0.0,0,395.12,0.0,0,0.0,0.0,,0.0,0,0.0,0.0,,0.0,bidTooLow
2022-11-15,11677.0,0.0,0.0,0,398.49,0.0,0,0.0,0.0,,0.0,0,0.0,0.0,,0.0,bidTooLow
2022-11-16,11677.0,0.0,0.0,0,395.45,0.0,0,0.0,0.0,,0.0,0,0.0,0.0,,0.0,bidTooLow
2022-11-17,11677.0,0.0,0.0,0,394.24,0.0,0,0.0,0.0,,0.0,0,0.0,0.0,,0.0,bidTooLow
2022-11-18,11677.0,0.0,0.0,0,396.03,0.0,0,0.0,0.0,,0.0,0,0.0,0.0,,0.0,bidTooLow
2022-11-21,11677.0,0.0,0.0,0,394.59,0.0,0,0.0,0.0,,0.0,0,0.0,0.0,,0.0,bidTooLow
2022-11-22,11677.0,0.0,0.0,0,399.9,0.0,0,0.0,0.0,,0.0,0,0.0,0.0,,0.0,bidTooLow
2022-11-23,11677.0,0.0,0.0,0,402.42,0.0,0,0.0,0.0,,0.0,0,0.0,0.0,,0.0,bidTooLow
2022-11-25,11677.0,0.0,0.0,0,402.33,0.0,0,0.0,0.0,,0.0,0,0.0,0.0,,0.0,bidTooLow
2022-11-28,11677.0,0.0,0.0,0,395.91,0.0,0,0.0,0.0,,0.0,0,0.0,0.0,,0.0,bidTooLow
2022-11-29,11677.0,0.0,0.0,0,395.23,0.0,0,0.0,0.0,,0.0,0,0.0,0.0,,0.0,bidTooLow
2022-11-30,11677.0,0.0,0.0,0,407.68,0.0,0,0.0,0.0,,0.0,0,0.0,0.0,,0.0,bidTooLow
2022-12-01,11677.0,0.0,0.0,0,407.38,0.0,0,0.0,0.0,,0.0,0,0.0,0.0,,0.0,bidTooLow
2022-12-02,11677.0,0.0,0.0,0,406.91,0.0,0,0.0,0.0,,0.0,0,0.0,0.0,,0.0,bidTooLow
2022-12-05,11677.0,0.0,0.0,0,399.59,0.0,0,0.0,0.0,,0.0,0,0.0,0.0,,0.0,bidTooLow
2022-12-06,11677.0,-3.0,0.0,0,393.83,0.0,1,0.03,0.06,SPY221209P00367000,367.0,0,0.0,0.0,,0.0,normalDay
2022-12-07,11677.0,0.0,0.0,0,393.16,0.0,1,0.03,0.03,SPY221209P00367000,367.0,0,0.0,0.0,,0.0,normalDay
2022-12-08,11677.0,1.0,0.0,0,396.24,0.0,1,0.03,0.02,SPY221209P00367000,367.0,0,0.0,0.0,,0.0,normalDay
2022-12-09,11680.0,0.0,3.0,0,393.28,0.0,1,0.03,0.0,SPY221209P00367000,367.0,0,0.0,0.0,,0.0,expirationDay
2022-12-12,11680.0,-3.0,0.0,0,398.95,0.0,1,0.85,0.88,SPY221215P00380000,380.0,0,0.0,0.0,,0.0,normalDay
2022-12-13,11680.0,70.0,0.0,0,401.97,0.0,1,0.85,0.15,SPY221215P00380000,380.0,0,0.0,0.0,,0.0,normalDay
2022-12-14,11680.0,80.0,0.0,0,399.4,0.0,1,0.85,0.05,SPY221215P00380000,380.0,0,0.0,0.0,,0.0,normalDay
2022-12-15,11765.0,0.0,85.0,0,389.63,0.0,1,0.85,0.0,SPY221215P00380000,380.0,0,0.0,0.0,,0.0,expirationDay
2022-12-16,11765.0,-3.0,0.0,0,383.27,0.0,1,0.13,0.16,SPY221219P00375000,375.0,0,0.0,0.0,,0.0,normalDay
2022-12-19,11778.0,0.0,13.0,0,380.02,0.0,1,0.13,0.0,SPY221219P00375000,375.0,0,0.0,0.0,,0.0,expirationDay
2022-12-20,11778.0,-3.0,0.0,0,380.54,0.0,1,0.11,0.14,SPY221223P00365000,365.0,0,0.0,0.0,,0.0,normalDay
2022-12-21,11778.0,8.0,0.0,0,386.23,0.0,1,0.11,0.03,SPY221223P00365000,365.0,0,0.0,0.0,,0.0,normalDay
2022-12-22,11778.0,5.0,0.0,0,380.72,0.0,1,0.11,0.06,SPY221223P00365000,365.0,0,0.0,0.0,,0.0,normalDay
2022-12-23,11789.0,0.0,11.0,0,382.91,0.0,1,0.11,0.0,SPY221223P00365000,365.0,0,0.0,0.0,,0.0,expirationDay
2022-12-27,11789.0,-3.0,0.0,0,381.4,0.0,1,0.01,0.04,SPY221230P00357000,357.0,0,0.0,0.0,,0.0,normalDay
2022-12-28,11789.0,-3.0,0.0,0,376.66,0.0,1,0.01,0.04,SPY221230P00357000,357.0,0,0.0,0.0,,0.0,normalDay
2022-12-29,11789.0,-1.0,0.0,0,383.44,0.0,1,0.01,0.02,SPY221230P00357000,357.0,0,0.0,0.0,,0.0,normalDay
2022-12-30,11790.0,0.0,1.0,0,382.43,0.0,1,0.01,0.0,SPY221230P00357000,357.0,0,0.0,0.0,,0.0,expirationDay
2023-01-03,11790.0,-3.0,0.0,0,380.82,0.0,1,0.02,0.05,SPY230106P00358000,358.0,0,0.0,0.0,,0.0,normalDay
2023-01-04,11790.0,0.0,0.0,0,383.76,0.0,1,0.02,0.02,SPY230106P00358000,358.0,0,0.0,0.0,,0.0,normalDay
2023-01-05,11790.0,0.0,0.0,0,379.38,0.0,1,0.02,0.02,SPY230106P00358000,358.0,0,0.0,0.0,,0.0,normalDay
2023-01-06,11792.0,0.0,2.0,0,388.08,0.0,1,0.02,0.0,SPY230106P00358000,358.0,0,0.0,0.0,,0.0,expirationDay
2023-01-09,11792.0,-3.0,0.0,0,387.86,0.0,1,0.01,0.04,SPY230112P00359000,359.0,0,0.0,0.0,,0.0,normalDay
2023-01-10,11792.0,-1.0,0.0,0,390.58,0.0,1,0.01,0.02,SPY230112P00359000,359.0,0,0.0,0.0,,0.0,normalDay
2023-01-11,11792.0,0.0,0.0,0,395.52,0.0,1,0.01,0.01,SPY230112P00359000,359.0,0,0.0,0.0,,0.0,normalDay
2023-01-12,11793.0,0.0,1.0,0,396.96,0.0,1,0.01,0.0,SPY230112P00359000,359.0,0,0.0,0.0,,0.0,expirationDay
2023-01-13,11793.0,0.0,0.0,0,398.5,0.0,0,0.0,0.0,,0.0,0,0.0,0.0,,0.0,bidTooLow
2023-01-17,11793.0,0.0,0.0,0,397.77,0.0,0,0.0,0.0,,0.0,0,0.0,0.0,,0.0,bidTooLow
2023-01-18,11793.0,0.0,0.0,0,391.49,0.0,0,0.0,0.0,,0.0,0,0.0,0.0,,0.0,bidTooLow
2023-01-19,11793.0,0.0,0.0,0,388.64,0.0,0,0.0,0.0,,0.0,0,0.0,0.0,,0.0,bidTooLow
2023-01-20,11793.0,0.0,0.0,0,395.88,0.0,0,0.0,0.0,,0.0,0,0.0,0.0,,0.0,bidTooLow
2023-01-23,11793.0,0.0,0.0,0,400.63,0.0,0,0.0,0.0,,0.0,0,0.0,0.0,,0.0,bidTooLow
2023-01-24,11793.0,0.0,0.0,0,400.2,0.0,0,0.0,0.0,,0.0,0,0.0,0.0,,0.0,bidTooLow
2023-01-25,11793.0,0.0,0.0,0,400.35,0.0,0,0.0,0.0,,0.0,0,0.0,0.0,,0.0,bidTooLow
2023-01-26,11793.0,0.0,0.0,0,404.75,0.0,0,0.0,0.0,,0.0,0,0.0,0.0,,0.0,bidTooLow
2023-01-27,11793.0,0.0,0.0,0,405.68,0.0,0,0.0,0.0,,0.0,0,0.0,0.0,,0.0,bidTooLow
2023-01-30,11793.0,0.0,0.0,0,400.59,0.0,0,0.0,0.0,,0.0,0,0.0,0.0,,0.0,bidTooLow
2023-01-31,11793.0,0.0,0.0,0,406.48,0.0,0,0.0,0.0,,0.0,0,0.0,0.0,,0.0,bidTooLow
2023-02-01,11793.0,0.0,0.0,0,410.8,0.0,0,0.0,0.0,,0.0,0,0.0,0.0,,0.0,bidTooLow
2023-02-02,11793.0,0.0,0.0,0,416.78,0.0,0,0.0,0.0,,0.0,0,0.0,0.0,,0.0,bidTooLow
2023-02-03,11793.0,0.0,0.0,0,412.35,0.0,0,0.0,0.0,,0.0,0,0.0,0.0,,0.0,bidTooLow
2023-02-06,11793.0,0.0,0.0,0,409.83,0.0,0,0.0,0.0,,0.0,0,0.0,0.0,,0.0,bidTooLow
2023-02-07,11793.0,0.0,0.0,0,415.19,0.0,0,0.0,0.0,,0.0,0,0.0,0.0,,0.0,bidTooLow
2023-02-08,11793.0,0.0,0.0,0,410.65,0.0,0,0.0,0.0,,0.0,0,0.0,0.0,,0.0,bidTooLow
2023-02-09,11793.0,0.0,0.0,0,407.09,0.0,0,0.0,0.0,,0.0,0,0.0,0.0,,0.0,bidTooLow
2023-02-10,11793.0,0.0,0.0,0,408.04,0.0,0,0.0,0.0,,0.0,0,0.0,0.0,,0.0,bidTooLow
2023-02-13,11793.0,-3.0,0.0,0,412.83,0.0,1,0.02,0.05,SPY230216P00375000,375.0,0,0.0,0.0,,0.0,normalDay
2023-02-14,11793.0,0.0,0.0,0,412.64,0.0,1,0.02,0.02,SPY230216P00375000,375.0,0,0.0,0.0,,0.0,normalDay
2023-02-15,11793.0,1.0,0.0,0,413.98,0.0,1,0.02,0.01,SPY230216P00375000,375.0,0,0.0,0.0,,0.0,normalDay
2023-02-16,11795.0,0.0,2.0,0,408.28,0.0,1,0.02,0.0,SPY230216P00375000,375.0,0,0.0,0.0,,0.0,expirationDay
2023-02-17,11795.0,0.0,0.0,0,407.26,0.0,0,0.0,0.0,,0.0,0,0.0,0.0,,0.0,bidTooLow
2023-02-21,11795.0,-3.0,0.0,0,399.09,0.0,1,0.41,0.44,SPY230224P00388000,388.0,0,0.0,0.0,,0.0,normalDay
2023-02-22,11795.0,23.0,0.0,0,398.54,0.0,1,0.41,0.18,SPY230224P00388000,388.0,0,0.0,0.0,,0.0,normalDay
2023-02-23,11795.0,36.0,0.0,0,400.66,0.0,1,0.41,0.05,SPY230224P00388000,388.0,0,0.0,0.0,,0.0,normalDay
2023-02-24,11836.0,0.0,41.0,0,396.38,0.0,1,0.41,0.0,SPY230224P00388000,388.0,0,0.0,0.0,,0.0,expirationDay
2023-02-27,11836.0,-3.0,0.0,0,397.73,0.0,1,0.05,0.08,SPY230302P00383000,383.0,0,0.0,0.0,,0.0,normalDay
2023-02-28,11836.0,-1.0,0.0,0,396.26,0.0,1,0.05,0.06,SPY230302P00383000,383.0,0,0.0,0.0,,0.0,normalDay
2023-03-01,11836.0,2.0,0.0,0,394.74,0.0,1,0.05,0.03,SPY230302P00383000,383.0,0,0.0,0.0,,0.0,normalDay
2023-03-02,11841.0,0.0,5.0,0,397.81,0.0,1,0.05,0.0,SPY230302P00383000,383.0,0,0.0,0.0,,0.0,expirationDay
2023-03-03,11841.0,0.0,0.0,0,404.19,0.0,0,0.0,0.0,,0.0,0,0.0,0.0,,0.0,bidTooLow
2023-03-06,11841.0,0.0,0.0,0,404.47,0.0,0,0.0,0.0,,0.0,0,0.0,0.0,,0.0,bidTooLow
2023-03-07,11841.0,-3.0,0.0,0,398.27,0.0,1,0.05,0.08,SPY230310P00379000,379.0,0,0.0,0.0,,0.0,normalDay
2023-03-08,11841.0,2.0,0.0,0,398.92,0.0,1,0.05,0.03,SPY230310P00379000,379.0,0,0.0,0.0,,0.0,normalDay
2023-03-09,11841.0,-11.0,0.0,0,391.56,0.0,1,0.05,0.16,SPY230310P00379000,379.0,0,0.0,0.0,,0.0,normalDay
2023-03-10,11846.0,0.0,5.0,0,385.91,0.0,1,0.05,0.0,SPY230310P00379000,379.0,0,0.0,0.0,,0.0,expirationDay
2023-03-13,11846.0,-3.0,0.0,0,385.36,0.0,1,0.75,0.78,SPY230316P00370000,370.0,0,0.0,0.0,,0.0,normalDay
2023-03-14,11846.0,66.0,0.0,0,391.73,0.0,1,0.75,0.09,SPY230316P00370000,370.0,0,0.0,0.0,,0.0,normalDay
2023-03-15,11846.0,71.0,0.0,0,389.28,0.0,1,0.75,0.04,SPY230316P00370000,370.0,0,0.0,0.0,,0.0,normalDay
2023-03-16,11921.0,0.0,75.0,0,396.11,0.0,1,0.75,0.0,SPY230316P00370000,370.0,0,0.0,0.0,,0.0,expirationDay
2023-03-17,11921.0,-3.0,0.0,0,389.99,0.0,1,0.05,0.08,SPY230320P00374000,374.0,0,0.0,0.0,,0.0,normalDay
2023-03-20,11926.0,0.0,5.0,0,393.74,0.0,1,0.05,0.0,SPY230320P00374000,374.0,0,0.0,0.0,,0.0,expirationDay
2023-03-21,11926.0,-3.0,0.0,0,398.91,0.0,1,0.09,0.12,SPY230324P00375000,375.0,0,0.0,0.0,,0.0,normalDay
2023-03-22,11926.0,-6.0,0.0,0,392.11,0.0,1,0.09,0.15,SPY230324P00375000,375.0,0,0.0,0.0,,0.0,normalDay
2023-03-23,11926.0,5.0,0.0,0,393.17,0.0,1,0.09,0.04,SPY230324P00375000,375.0,0,0.0,0.0,,0.0,normalDay
2023-03-24,11935.0,0.0,9.0,0,395.75,0.0,1,0.09,0.0,SPY230324P00375000,375.0,0,0.0,0.0,,0.0,expirationDay
2023-03-27,11935.0,-3.0,0.0,0,396.49,0.0,1,0.02,0.05,SPY230330P00375000,375.0,0,0.0,0.0,,0.0,normalDay
2023-03-28,11935.0,-1.0,0.0,0,395.6,0.0,1,0.02,0.03,SPY230330P00375000,375.0,0,0.0,0.0,,0.0,normalDay
2023-03-29,11935.0,0.0,0.0,0,401.35,0.0,1,0.02,0.02,SPY230330P00375000,375.0,0,0.0,0.0,,0.0,normalDay
2023-03-30,11937.0,0.0,2.0,0,403.7,0.0,1,0.02,0.0,SPY230330P00375000,375.0,0,0.0,0.0,,0.0,expirationDay
2023-03-31,11937.0,0.0,0.0,0,409.39,0.0,0,0.0,0.0,,0.0,0,0.0,0.0,,0.0,bidTooLow
2023-04-03,11937.0,0.0,0.0,0,410.95,0.0,0,0.0,0.0,,0.0,0,0.0,0.0,,0.0,bidTooLow
2023-04-04,11937.0,0.0,0.0,0,408.67,0.0,0,0.0,0.0,,0.0,0,0.0,0.0,,0.0,bidTooLow
2023-04-05,11937.0,0.0,0.0,0,407.6,0.0,0,0.0,0.0,,0.0,0,0.0,0.0,,0.0,bidTooLow
2023-04-06,11937.0,0.0,0.0,0,409.19,0.0,0,0.0,0.0,,0.0,0,0.0,0.0,,0.0,bidTooLow
2023-04-10,11937.0,0.0,0.0,0,409.61,0.0,0,0.0,0.0,,0.0,0,0.0,0.0,,0.0,bidTooLow
2023-04-11,11937.0,0.0,0.0,0,409.72,0.0,0,0.0,0.0,,0.0,0,0.0,0.0,,0.0,bidTooLow
2023-04-12,11937.0,0.0,0.0,0,408.05,0.0,0,0.0,0.0,,0.0,0,0.0,0.0,,0.0,bidTooLow
2023-04-13,11937.0,0.0,0.0,0,413.47,0.0,0,0.0,0.0,,0.0,0,0.0,0.0,,0.0,bidTooLow
2023-04-14,11937.0,0.0,0.0,0,412.46,0.0,0,0.0,0.0,,0.0,0,0.0,0.0,,0.0,bidTooLow
2023-04-17,11937.0,0.0,0.0,0,413.94,0.0,0,0.0,0.0,,0.0,0,0.0,0.0,,0.0,bidTooLow
2023-04-18,11937.0,0.0,0.0,0,414.21,0.0,0,0.0,0.0,,0.0,0,0.0,0.0,,0.0,bidTooLow
2023-04-19,11937.0,0.0,0.0,0,414.14,0.0,0,0.0,0.0,,0.0,0,0.0,0.0,,0.0,bidTooLow
2023-04-20,11937.0,0.0,0.0,0,411.88,0.0,0,0.0,0.0,,0.0,0,0.0,0.0,,0.0,bidTooLow
2023-04-21,11937.0,0.0,0.0,0,412.2,0.0,0,0.0,0.0,,0.0,0,0.0,0.0,,0.0,bidTooLow
2023-04-24,11937.0,0.0,0.0,0,412.63,0.0,0,0.0,0.0,,0.0,0,0.0,0.0,,0.0,bidTooLow
2023-04-25,11937.0,-3.0,0.0,0,406.08,0.0,1,0.07,0.1,SPY230428P00391000,391.0,0,0.0,0.0,,0.0,normalDay
2023-04-26,11937.0,0.0,0.0,0,404.36,0.0,1,0.07,0.07,SPY230428P00391000,391.0,0,0.0,0.0,,0.0,normalDay
2023-04-27,11937.0,4.0,0.0,0,412.41,0.0,1,0.07,0.03,SPY230428P00391000,391.0,0,0.0,0.0,,0.0,normalDay
2023-04-28,11944.0,0.0,7.0,0,415.93,0.0,1,0.07,0.0,SPY230428P00391000,391.0,0,0.0,0.0,,0.0,expirationDay
2023-05-01,11944.0,-3.0,0.0,0,415.51,0.0,1,0.04,0.07,SPY230504P00399000,399.0,0,0.0,0.0,,0.0,normalDay
2023-05-02,11944.0,-11.0,0.0,0,410.84,0.0,1,0.04,0.15,SPY230504P00399000,399.0,0,0.0,0.0,,0.0,normalDay
2023-05-03,11944.0,-8.0,0.0,0,408.02,0.0,1,0.04,0.12,SPY230504P00399000,399.0,0,0.0,0.0,,0.0,normalDay
2023-05-04,11948.0,0.0,4.0,0,405.13,0.0,1,0.04,0.0,SPY230504P00399000,399.0,0,0.0,0.0,,0.0,expirationDay
2023-05-05,11948.0,-3.0,0.0,0,412.63,0.0,1,0.02,0.05,SPY230508P00398000,398.0,0,0.0,0.0,,0.0,normalDay
2023-05-08,11950.0,0.0,2.0,0,412.74,0.0,1,0.02,0.0,SPY230508P00398000,398.0,0,0.0,0.0,,0.0,expirationDay
2023-05-09,11950.0,-3.0,0.0,0,410.93,0.0,1,0.16,0.19,SPY230512P00399000,399.0,0,0.0,0.0,,0.0,normalDay
2023-05-10,11950.0,9.0,0.0,0,412.85,0.0,1,0.16,0.07,SPY230512P00399000,399.0,0,0.0,0.0,,0.0,normalDay
2023-05-11,11950.0,13.0,0.0,0,412.13,0.0,1,0.16,0.03,SPY230512P00399000,399.0,0,0.0,0.0,,0.0,normalDay
2023-05-12,11966.0,0.0,16.0,0,411.59,0.0,1,0.16,0.0,SPY230512P00399000,399.0,0,0.0,0.0,,0.0,expirationDay
2023-05-15,11966.0,-3.0,0.0,0,413.01,0.0,1,0.08,0.11,SPY230518P00399000,399.0,0,0.0,0.0,,0.0,normalDay
2023-05-16,11966.0,-5.0,0.0,0,410.25,0.0,1,0.08,0.13,SPY230518P00399000,399.0,0,0.0,0.0,,0.0,normalDay
2023-05-17,11966.0,4.0,0.0,0,415.23,0.0,1,0.08,0.04,SPY230518P00399000,399.0,0,0.0,0.0,,0.0,normalDay
2023-05-18,11974.0,0.0,8.0,0,419.23,0.0,1,0.08,0.0,SPY230518P00399000,399.0,0,0.0,0.0,,0.0,expirationDay
2023-05-19,11974.0,0.0,0.0,0,418.62,0.0,0,0.0,0.0,,0.0,0,0.0,0.0,,0.0,bidTooLow
2023-05-22,11974.0,-3.0,0.0,0,418.79,0.0,1,0.01,0.04,SPY230525P00396000,396.0,0,0.0,0.0,,0.0,normalDay
2023-05-23,11974.0,-3.0,0.0,0,414.09,0.0,1,0.01,0.04,SPY230525P00396000,396.0,0,0.0,0.0,,0.0,normalDay
2023-05-24,11974.0,-4.0,0.0,0,411.09,0.0,1,0.01,0.05,SPY230525P00396000,396.0,0,0.0,0.0,,0.0,normalDay
2023-05-25,11975.0,0.0,1.0,0,414.65,0.0,1,0.01,0.0,SPY230525P00396000,396.0,0,0.0,0.0,,0.0,expirationDay
2023-05-26,11975.0,0.0,0.0,0,420.02,0.0,0,0.0,0.0,,0.0,0,0.0,0.0,,0.0,bidTooLow
2023-05-30,11975.0,-3.0,0.0,0,420.18,0.0,1,0.05,0.08,SPY230602P00398000,398.0,0,0.0,0.0,,0.0,normalDay
2023-05-31,11975.0,-1.0,0.0,0,417.85,0.0,1,0.05,0.06,SPY230602P00398000,398.0,0,0.0,0.0,,0.0,normalDay
2023-06-01,11975.0,2.0,0.0,0,421.82,0.0,1,0.05,0.03,SPY230602P00398000,398.0,0,0.0,0.0,,0.0,normalDay
2023-06-02,11980.0,0.0,5.0,0,427.92,0.0,1,0.05,0.0,SPY230602P00398000,398.0,0,0.0,0.0,,0.0,expirationDay
2023-06-05,11980.0,0.0,0.0,0,427.1,0.0,0,0.0,0.0,,0.0,0,0.0,0.0,,0.0,bidTooLow
2023-06-06,11980.0,0.0,0.0,0,428.03,0.0,0,0.0,0.0,,0.0,0,0.0,0.0,,0.0,bidTooLow
2023-06-07,11980.0,0.0,0.0,0,426.55,0.0,0,0.0,0.0,,0.0,0,0.0,0.0,,0.0,bidTooLow
2023-06-08,11980.0,0.0,0.0,0,429.13,0.0,0,0.0,0.0,,0.0,0,0.0,0.0,,0.0,bidTooLow
2023-06-09,11980.0,0.0,0.0,0,429.9,0.0,0,0.0,0.0,,0.0,0,0.0,0.0,,0.0,bidTooLow
2023-06-12,11980.0,-3.0,0.0,0,433.8,0.0,1,0.03,0.06,SPY230615P00395000,395.0,0,0.0,0.0,,0.0,normalDay
2023-06-13,11980.0,-1.0,0.0,0,436.66,0.0,1,0.03,0.04,SPY230615P00395000,395.0,0,0.0,0.0,,0.0,normalDay
2023-06-14,11980.0,1.0,0.0,0,437.18,0.0,1,0.03,0.02,SPY230615P00395000,395.0,0,0.0,0.0,,0.0,normalDay
2023-06-15,11983.0,0.0,3.0,0,442.6,0.0,1,0.03,0.0,SPY230615P00395000,395.0,0,0.0,0.0,,0.0,expirationDay
2023-06-16,11983.0,0.0,0.0,0,439.46,0.0,0,0.0,0.0,,0.0,0,0.0,0.0,,0.0,bidTooLow
2023-06-20,11983.0,0.0,0.0,0,437.18,0.0,0,0.0,0.0,,0.0,0,0.0,0.0,,0.0,bidTooLow
2023-06-21,11983.0,0.0,0.0,0,434.94,0.0,0,0.0,0.0,,0.0,0,0.0,0.0,,0.0,bidTooLow
2023-06-22,11983.0,0.0,0.0,0,436.51,0.0,0,0.0,0.0,,0.0,0,0.0,0.0,,0.0,bidTooLow
2023-06-23,11983.0,0.0,0.0,0,433.21,0.0,0,0.0,0.0,,0.0,0,0.0,0.0,,0.0,bidTooLow
2023-06-26,11983.0,-3.0,0.0,0,431.44,0.0,1,0.01,0.04,SPY230629P00404000,404.0,0,0.0,0.0,,0.0,normalDay
2023-06-27,11983.0,-2.0,0.0,0,436.17,0.0,1,0.01,0.03,SPY230629P00404000,404.0,0,0.0,0.0,,0.0,normalDay
2023-06-28,11983.0,0.0,0.0,0,436.39,0.0,1,0.01,0.01,SPY230629P00404000,404.0,0,0.0,0.0,,0.0,normalDay
2023-06-29,11984.0,0.0,1.0,0,438.11,0.0,1,0.01,0.0,SPY230629P00404000,404.0,0,0.0,0.0,,0.0,expirationDay
2023-06-30,11984.0,0.0,0.0,0,443.28,0.0,0,0.0,0.0,,0.0,0,0.0,0.0,,0.0,bidTooLow
2023-07-03,11984.0,0.0,0.0,0,443.79,0.0,0,0.0,0.0,,0.0,0,0.0,0.0,,0.0,bidTooLow
2023-07-05,11984.0,0.0,0.0,0,443.13,0.0,0,0.0,0.0,,0.0,0,0.0,0.0,,0.0,bidTooLow
2023-07-06,11984.0,0.0,0.0,0,439.66,0.0,0,0.0,0.0,,0.0,0,0.0,0.0,,0.0,bidTooLow
2023-07-07,11984.0,0.0,0.0,0,438.55,0.0,0,0.0,0.0,,0.0,0,0.0,0.0,,0.0,bidTooLow
2023-07-10,11984.0,-3.0,0.0,0,439.66,0.0,1,0.02,0.05,SPY230713P00423000,423.0,0,0.0,0.0,,0.0,normalDay
2023-07-11,11984.0,-3.0,0.0,0,442.46,0.0,1,0.02,0.05,SPY230713P00423000,423.0,0,0.0,0.0,,0.0,normalDay
2023-07-12,11984.0,0.0,0.0,0,446.02,0.0,1,0.02,0.02,SPY230713P00423000,423.0,0,0.0,0.0,,0.0,normalDay
2023-07-13,11986.0,0.0,2.0,0,449.56,0.0,1,0.02,0.0,SPY230713P00423000,423.0,0,0.0,0.0,,0.0,expirationDay
2023-07-14,11986.0,0.0,0.0,0,449.28,0.0,0,0.0,0.0,,0.0,0,0.0,0.0,,0.0,bidTooLow
2023-07-17,11986.0,-3.0,0.0,0,450.84,0.0,1,0.01,0.04,SPY230720P00420000,420.0,0,0.0,0.0,,0.0,normalDay
2023-07-18,11986.0,-2.0,0.0,0,454.19,0.0,1,0.01,0.03,SPY230720P00420000,420.0,0,0.0,0.0,,0.0,normalDay
2023-07-19,11986.0,-1.0,0.0,0,455.2,0.0,1,0.01,0.02,SPY230720P00420000,420.0,0,0.0,0.0,,0.0,normalDay
2023-07-20,11987.0,0.0,1.0,0,452.18,0.0,1,0.01,0.0,SPY230720P00420000,420.0,0,0.0,0.0,,0.0,expirationDay
2023-07-21,11987.0,0.0,0.0,0,452.18,0.0,0,0.0,0.0,,0.0,0,0.0,0.0,,0.0,bidTooLow
2023-07-24,11987.0,0.0,0.0,0,454.2,0.0,0,0.0,0.0,,0.0,0,0.0,0.0,,0.0,bidTooLow
2023-07-25,11987.0,0.0,0.0,0,455.44,0.0,0,0.0,0.0,,0.0,0,0.0,0.0,,0.0,bidTooLow
2023-07-26,11987.0,0.0,0.0,0,455.51,0.0,0,0.0,0.0,,0.0,0,0.0,0.0,,0.0,bidTooLow
2023-07-27,11987.0,0.0,0.0,0,452.49,0.0,0,0.0,0.0,,0.0,0,0.0,0.0,,0.0,bidTooLow
2023-07-28,11987.0,0.0,0.0,0,456.92,0.0,0,0.0,0.0,,0.0,0,0.0,0.0,,0.0,bidTooLow
2023-07-31,11987.0,0.0,0.0,0,457.79,0.0,0,0.0,0.0,,0.0,0,0.0,0.0,,0.0,bidTooLow
2023-08-01,11987.0,0.0,0.0,0,456.48,0.0,0,0.0,0.0,,0.0,0,0.0,0.0,,0.0,bidTooLow
2023-08-02,11987.0,-3.0,0.0,0,450.13,0.0,1,0.03,0.06,SPY230804P00427500,427.5,0,0.0,0.0,,0.0,normalDay
2023-08-03,11987.0,1.0,0.0,0,448.84,0.0,1,0.03,0.02,SPY230804P00427500,427.5,0,0.0,0.0,,0.0,normalDay
2023-08-04,11990.0,0.0,3.0,0,446.81,0.0,1,0.03,0.0,SPY230804P00427500,427.5,0,0.0,0.0,,0.0,expirationDay
2023-08-07,11990.0,-3.0,0.0,0,450.71,0.0,1,0.08,0.11,SPY230810P00437000,437.0,0,0.0,0.0,,0.0,normalDay
2023-08-08,11990.0,0.0,0.0,0,448.75,0.0,1,0.08,0.08,SPY230810P00437000,437.0,0,0.0,0.0,,0.0,normalDay
2023-08-09,11990.0,1.0,0.0,0,445.75,0.0,1,0.08,0.07,SPY230810P00437000,437.0,0,0.0,0.0,,0.0,normalDay
2023-08-10,11998.0,0.0,8.0,0,445.91,0.0,1,0.08,0.0,SPY230810P00437000,437.0,0,0.0,0.0,,0.0,expirationDay
2023-08-11,11998.0,-3.0,0.0,0,445.65,0.0,1,0.02,0.05,SPY230814P00437000,437.0,0,0.0,0.0,,0.0,normalDay
2023-08-14,12000.0,0.0,2.0,0,448.11,0.0,1,0.02,0.0,SPY230814P00437000,437.0,0,0.0,0.0,,0.0,expirationDay
2023-08-15,12000.0,-3.0,0.0,0,442.89,0.0,1,0.34,0.37,SPY230818P00434000,434.0,0,0.0,0.0,,0.0,normalDay
2023-08-16,12000.0,-10.0,0.0,0,439.64,0.0,1,0.34,0.44,SPY230818P00434000,434.0,0,0.0,0.0,,0.0,normalDay
2023-08-17,12000.0,-34.0,0.0,0,436.29,0.0,1,0.34,0.68,SPY230818P00434000,434.0,0,0.0,0.0,,0.0,normalDay
2023-08-18,12034.0,0.0,34.0,0,436.5,0.0,1,0.34,0.0,SPY230818P00434000,434.0,0,0.0,0.0,,0.0,expirationDay
2023-08-21,12034.0,-3.0,0.0,0,439.34,0.0,1,0.08,0.11,SPY230824P00423000,423.0,0,0.0,0.0,,0.0,normalDay
2023-08-22,12034.0,3.0,0.0,0,438.15,0.0,1,0.08,0.05,SPY230824P00423000,423.0,0,0.0,0.0,,0.0,normalDay
2023-08-23,12034.0,5.0,0.0,0,443.03,0.0,1,0.08,0.03,SPY230824P00423000,423.0,0,0.0,0.0,,0.0,normalDay
2023-08-24,12042.0,0.0,8.0,0,436.89,0.0,1,0.08,0.0,SPY230824P00423000,423.0,0,0.0,0.0,,0.0,expirationDay
2023-08-25,12042.0,0.0,0.0,0,439.97,0.0,0,0.0,0.0,,0.0,0,0.0,0.0,,0.0,bidTooLow
2023-08-28,12042.0,-3.0,0.0,0,442.76,0.0,1,0.02,0.05,SPY230831P00423000,423.0,0,0.0,0.0,,0.0,normalDay
2023-08-29,12042.0,-1.0,0.0,0,449.16,0.0,1,0.02,0.03,SPY230831P00423000,423.0,0,0.0,0.0,,0.0,normalDay
2023-08-30,12042.0,0.0,0.0,0,451.01,0.0,1,0.02,0.02,SPY230831P00423000,423.0,0,0.0,0.0,,0.0,normalDay
2023-08-31,12044.0,0.0,2.0,0,450.35,0.0,1,0.02,0.0,SPY230831P00423000,423.0,0,0.0,0.0,,0.0,expirationDay
2023-09-01,12044.0,0.0,0.0,0,451.19,0.0,0,0.0,0.0,,0.0,0,0.0,0.0,,0.0,bidTooLow
2023-09-05,12044.0,0.0,0.0,0,449.24,0.0,0,0.0,0.0,,0.0,0,0.0,0.0,,0.0,bidTooLow
2023-09-06,12044.0,0.0,0.0,0,446.22,0.0,0,0.0,0.0,,0.0,0,0.0,0.0,,0.0,bidTooLow
2023-09-07,12044.0,0.0,0.0,0,444.85,0.0,0,0.0,0.0,,0.0,0,0.0,0.0,,0.0,bidTooLow
2023-09-08,12044.0,0.0,0.0,0,445.52,0.0,0,0.0,0.0,,0.0,0,0.0,0.0,,0.0,bidTooLow
2023-09-11,12044.0,-3.0,0.0,0,448.45,0.0,1,0.02,0.05,SPY230914P00424000,424.0,0,0.0,0.0,,0.0,normalDay
2023-09-12,12044.0,-2.0,0.0,0,445.99,0.0,1,0.02,0.04,SPY230914P00424000,424.0,0,0.0,0.0,,0.0,normalDay
2023-09-13,12044.0,0.0,0.0,0,446.51,0.0,1,0.02,0.02,SPY230914P00424000,424.0,0,0.0,0.0,,0.0,normalDay
2023-09-14,12046.0,0.0,2.0,0,450.36,0.0,1,0.02,0.0,SPY230914P00424000,424.0,0,0.0,0.0,,0.0,expirationDay
2023-09-15,12046.0,0.0,0.0,0,443.37,0.0,0,0.0,0.0,,0.0,0,0.0,0.0,,0.0,bidTooLow
2023-09-18,12046.0,-3.0,0.0,0,443.63,0.0,1,0.03,0.06,SPY230921P00429000,429.0,0,0.0,0.0,,0.0,normalDay
2023-09-19,12046.0,-2.0,0.0,0,442.71,0.0,1,0.03,0.05,SPY230921P00429000,429.0,0,0.0,0.0,,0.0,normalDay
2023-09-20,12046.0,-2.0,0.0,0,438.64,0.0,1,0.03,0.05,SPY230921P00429000,429.0,0,0.0,0.0,,0.0,normalDay
2023-09-21,12049.0,0.0,3.0,0,431.39,0.0,1,0.03,0.0,SPY230921P00429000,429.0,0,0.0,0.0,,0.0,expirationDay
2023-09-22,12049.0,-3.0,0.0,0,430.42,0.0,1,0.13,0.16,SPY230925P00422000,422.0,0,0.0,0.0,,0.0,normalDay
2023-09-25,12062.0,0.0,13.0,0,432.23,0.0,1,0.13,0.0,SPY230925P00422000,422.0,0,0.0,0.0,,0.0,expirationDay
2023-09-26,12062.0,-3.0,0.0,0,425.88,0.0,1,0.42,0.45,SPY230929P00414000,414.0,0,0.0,0.0,,0.0,normalDay
2023-09-27,12062.0,19.0,0.0,0,426.05,0.0,1,0.42,0.23,SPY230929P00414000,414.0,0,0.0,0.0,,0.0,normalDay
2023-09-28,12062.0,34.0,0.0,0,428.52,0.0,1,0.42,0.08,SPY230929P00414000,414.0,0,0.0,0.0,,0.0,normalDay
2023-09-29,12104.0,0.0,42.0,0,427.48,0.0,1,0.42,0.0,SPY230929P00414000,414.0,0,0.0,0.0,,0.0,expirationDay
2023-10-02,12104.0,-3.0,0.0,0,427.31,0.0,1,0.01,0.04,SPY231005P00405000,405.0,0,0.0,0.0,,0.0,normalDay
2023-10-03,12104.0,-7.0,0.0,0,421.59,0.0,1,0.01,0.08,SPY231005P00405000,405.0,0,0.0,0.0,,0.0,normalDay
2023-10-04,12104.0,-2.0,0.0,0,424.66,0.0,1,0.01,0.03,SPY231005P00405000,405.0,0,0.0,0.0,,0.0,normalDay
2023-10-05,12105.0,0.0,1.0,0,424.5,0.0,1,0.01,0.0,SPY231005P00405000,405.0,0,0.0,0.0,,0.0,expirationDay
2023-10-06,12105.0,0.0,0.0,0,429.54,0.0,0,0.0,0.0,,0.0,0,0.0,0.0,,0.0,bidTooLow
2023-10-09,12105.0,-3.0,0.0,0,432.29,0.0,1,0.04,0.07,SPY231012P00400000,400.0,0,0.0,0.0,,0.0,normalDay
2023-10-10,12105.0,-1.0,0.0,0,434.54,0.0,1,0.04,0.05,SPY231012P00400000,400.0,0,0.0,0.0,,0.0,normalDay
2023-10-11,12105.0,2.0,0.0,0,436.32,0.0,1,0.04,0.02,SPY231012P00400000,400.0,0,0.0,0.0,,0.0,normalDay
2023-10-12,12109.0,0.0,4.0,0,433.66,0.0,1,0.04,0.0,SPY231012P00400000,400.0,0,0.0,0.0,,0.0,expirationDay
2023-10-13,12109.0,-3.0,0.0,0,431.5,0.0,1,0.02,0.05,SPY231016P00409000,409.0,0,0.0,0.0,,0.0,normalDay
2023-10-16,12111.0,0.0,2.0,0,436.04,0.0,1,0.02,0.0,SPY231016P00409000,409.0,0,0.0,0.0,,0.0,expirationDay
2023-10-17,12111.0,-3.0,0.0,0,436.02,0.0,1,0.07,0.1,SPY231020P00413000,413.0,0,0.0,0.0,,0.0,normalDay
2023-10-18,12111.0,-1.0,0.0,0,430.21,0.0,1,0.07,0.08,SPY231020P00413000,413.0,0,0.0,0.0,,0.0,normalDay
2023-10-19,12111.0,-1.0,0.0,0,426.43,0.0,1,0.07,0.08,SPY231020P00413000,413.0,0,0.0,0.0,,0.0,normalDay
2023-10-20,12118.0,0.0,7.0,0,421.19,0.0,1,0.07,0.0,SPY231020P00413000,413.0,0,0.0,0.0,,0.0,expirationDay
2023-10-23,12118.0,-3.0,0.0,0,420.46,0.0,1,0.32,0.35,SPY231026P00410000,410.0,0,0.0,0.0,,0.0,normalDay
2023-10-24,12118.0,24.0,0.0,0,423.63,0.0,1,0.32,0.08,SPY231026P00410000,410.0,0,0.0,0.0,,0.0,normalDay
2023-10-25,12118.0,20.0,0.0,0,417.55,0.0,1,0.32,0.12,SPY231026P00410000,410.0,0,0.0,0.0,,0.0,normalDay
2023-10-26,12150.0,0.0,32.0,0,412.55,0.0,1,0.32,0.0,SPY231026P00410000,410.0,0,0.0,0.0,,0.0,expirationDay
2023-10-27,12150.0,-3.0,0.0,0,410.68,0.0,1,0.03,0.06,SPY231030P00398000,398.0,0,0.0,0.0,,0.0,normalDay
2023-10-30,12153.0,0.0,3.0,0,415.59,0.0,1,0.03,0.0,SPY231030P00398000,398.0,0,0.0,0.0,,0.0,expirationDay
2023-10-31,12153.0,-3.0,0.0,0,418.2,0.0,1,0.04,0.07,SPY231103P00395000,395.0,0,0.0,0.0,,0.0,normalDay
2023-11-01,12153.0,1.0,0.0,0,422.66,0.0,1,0.04,0.03,SPY231103P00395000,395.0,0,0.0,0.0,,0.0,normalDay
2023-11-02,12153.0,2.0,0.0,0,430.76,0.0,1,0.04,0.02,SPY231103P00395000,395.0,0,0.0,0.0,,0.0,normalDay
2023-11-03,12157.0,0.0,4.0,0,434.69,0.0,1,0.04,0.0,SPY231103P00395000,395.0,0,0.0,0.0,,0.0,expirationDay
2023-11-06,12157.0,0.0,0.0,0,435.69,0.0,0,0.0,0.0,,0.0,0,0.0,0.0,,0.0,bidTooLow
2023-11-07,12157.0,0.0,0.0,0,436.93,0.0,0,0.0,0.0,,0.0,0,0.0,0.0,,0.0,bidTooLow
2023-11-08,12157.0,0.0,0.0,0,437.25,0.0,0,0.0,0.0,,0.0,0,0.0,0.0,,0.0,bidTooLow
2023-11-09,12157.0,0.0,0.0,0,433.84,0.0,0,0.0,0.0,,0.0,0,0.0,0.0,,0.0,bidTooLow
2023-11-10,12157.0,0.0,0.0,0,440.61,0.0,0,0.0,0.0,,0.0,0,0.0,0.0,,0.0,bidTooLow
2023-11-13,12157.0,0.0,0.0,0,440.19,0.0,0,0.0,0.0,,0.0,0,0.0,0.0,,0.0,bidTooLow
2023-11-14,12157.0,0.0,0.0,0,448.73,0.0,0,0.0,0.0,,0.0,0,0.0,0.0,,0.0,bidTooLow
2023-11-15,12157.0,0.0,0.0,0,449.68,0.0,0,0.0,0.0,,0.0,0,0.0,0.0,,0.0,bidTooLow
2023-11-16,12157.0,0.0,0.0,0,450.23,0.0,0,0.0,0.0,,0.0,0,0.0,0.0,,0.0,bidTooLow
2023-11-17,12157.0,0.0,0.0,0,450.79,0.0,0,0.0,0.0,,0.0,0,0.0,0.0,,0.0,bidTooLow
2023-11-20,12157.0,0.0,0.0,0,454.26,0.0,0,0.0,0.0,,0.0,0,0.0,0.0,,0.0,bidTooLow
2023-11-21,12157.0,0.0,0.0,0,453.27,0.0,0,0.0,0.0,,0.0,0,0.0,0.0,,0.0,bidTooLow
2023-11-22,12157.0,0.0,0.0,0,455.02,0.0,0,0.0,0.0,,0.0,0,0.0,0.0,,0.0,bidTooLow
2023-11-24,12157.0,0.0,0.0,0,455.3,0.0,0,0.0,0.0,,0.0,0,0.0,0.0,,0.0,bidTooLow
2023-11-27,12157.0,0.0,0.0,0,454.48,0.0,0,0.0,0.0,,0.0,0,0.0,0.0,,0.0,bidTooLow
2023-11-28,12157.0,0.0,0.0,0,454.93,0.0,0,0.0,0.0,,0.0,0,0.0,0.0,,0.0,bidTooLow
2023-11-29,12157.0,0.0,0.0,0,454.61,0.0,0,0.0,0.0,,0.0,0,0.0,0.0,,0.0,bidTooLow
2023-11-30,12157.0,0.0,0.0,0,456.4,0.0,0,0.0,0.0,,0.0,0,0.0,0.0,,0.0,bidTooLow
