date,totalCapital,unrializedPnL,rializedPnL,stocksOwned,stocksPriceToday,stocksPriceBoughtAt,putOwned,putOwnedSoldAt,putPriceToday,putOwnedContract,putOwnedStrike,callOwned,callOwnedSoldAt,callPriceToday,callOwnedContract,callOwnedStrike,trackType
2018-11-01,0.0,-8.0,0.0,0,273.51,0.0,1,5.36,5.44,SPY181203P00274000,274.0,0,0.0,0.0,,0.0,normalDay
2018-11-02,0.0,-64.0,0.0,0,271.89,0.0,1,5.36,6.0,SPY181203P00274000,274.0,0,0.0,0.0,,0.0,normalDay
2018-11-05,0.0,35.0,0.0,0,273.39,0.0,1,5.36,5.01,SPY181203P00274000,274.0,0,0.0,0.0,,0.0,normalDay
2018-11-06,0.0,110.0,0.0,0,275.12,0.0,1,5.36,4.26,SPY181203P00274000,274.0,0,0.0,0.0,,0.0,normalDay
2018-11-07,0.0,352.0,0.0,0,281.01,0.0,1,5.36,1.84,SPY181203P00274000,274.0,0,0.0,0.0,,0.0,normalDay
2018-11-08,0.0,347.0,0.0,0,280.5,0.0,1,5.36,1.89,SPY181203P00274000,274.0,0,0.0,0.0,,0.0,normalDay
2018-11-09,0.0,268.0,0.0,0,277.76,0.0,1,5.36,2.68,SPY181203P00274000,274.0,0,0.0,0.0,,0.0,normalDay
2018-11-12,0.0,47.0,0.0,0,272.57,0.0,1,5.36,4.89,SPY181203P00274000,274.0,0,0.0,0.0,,0.0,normalDay
2018-11-13,0.0,19.0,0.0,0,272.06,0.0,1,5.36,5.17,SPY181203P00274000,274.0,0,0.0,0.0,,0.0,normalDay
2018-11-14,0.0,-123.0,0.0,0,270.2,0.0,1,5.36,6.59,SPY181203P00274000,274.0,0,0.0,0.0,,0.0,normalDay
2018-11-15,0.0,87.0,0.0,0,273.02,0.0,1,5.36,4.49,SPY181203P00274000,274.0,0,0.0,0.0,,0.0,normalDay
2018-11-16,0.0,175.0,0.0,0,273.73,0.0,1,5.36,3.61,SPY181203P00274000,274.0,0,0.0,0.0,,0.0,normalDay
2018-11-19,0.0,-87.0,0.0,0,269.1,0.0,1,5.36,6.23,SPY181203P00274000,274.0,0,0.0,0.0,,0.0,normalDay
2018-11-20,0.0,-536.0,0.0,0,264.12,0.0,1,5.36,10.72,SPY181203P00274000,274.0,0,0.0,0.0,,0.0,normalDay
2018-11-21,0.0,-430.0,0.0,0,265.02,0.0,1,5.36,9.66,SPY181203P00274000,274.0,0,0.0,0.0,,0.0,normalDay
2018-11-23,0.0,-634.0,0.0,0,263.25,0.0,1,5.36,11.7,SPY181203P00274000,274.0,0,0.0,0.0,,0.0,normalDay
2018-11-26,0.0,-153.0,0.0,0,267.5,0.0,1,5.36,6.89,SPY181203P00274000,274.0,0,0.0,0.0,,0.0,normalDay
2018-11-27,0.0,-110.0,0.0,0,268.4,0.0,1,5.36,6.46,SPY181203P00274000,274.0,0,0.0,0.0,,0.0,normalDay
2018-11-28,0.0,295.0,0.0,0,274.58,0.0,1,5.36,2.41,SPY181203P00274000,274.0,0,0.0,0.0,,0.0,normalDay
2018-11-29,0.0,299.0,0.0,0,273.98,0.0,1,5.36,2.37,SPY181203P00274000,274.0,0,0.0,0.0,,0.0,normalDay
2018-11-30,0.0,377.0,0.0,0,275.65,0.0,1,5.36,1.59,SPY181203P00274000,274.0,0,0.0,0.0,,0.0,normalDay
2018-12-03,536.0,0.0,536.0,0,279.3,0.0,1,5.36,0.0,SPY181203P00274000,274.0,0,0.0,0.0,,0.0,expirationDay
2018-12-04,536.0,-13.0,0.0,0,270.25,0.0,1,6.28,6.41,SPY190104P00271000,271.0,0,0.0,0.0,,0.0,normalDay
2018-12-06,536.0,-22.0,0.0,0,269.84,0.0,1,6.28,6.5,SPY190104P00271000,271.0,0,0.0,0.0,,0.0,normalDay
2018-12-07,536.0,-463.0,0.0,0,263.57,0.0,1,6.28,10.91,SPY190104P00271000,271.0,0,0.0,0.0,,0.0,normalDay
2018-12-10,536.0,-338.0,0.0,0,264.07,0.0,1,6.28,9.66,SPY190104P00271000,271.0,0,0.0,0.0,,0.0,normalDay
2018-12-11,536.0,-326.0,0.0,0,264.13,0.0,1,6.28,9.54,SPY190104P00271000,271.0,0,0.0,0.0,,0.0,normalDay
2018-12-12,536.0,-258.0,0.0,0,265.46,0.0,1,6.28,8.86,SPY190104P00271000,271.0,0,0.0,0.0,,0.0,normalDay
2018-12-13,536.0,-232.0,0.0,0,265.37,0.0,1,6.28,8.6,SPY190104P00271000,271.0,0,0.0,0.0,,0.0,normalDay
2018-12-14,536.0,-607.0,0.0,0,260.47,0.0,1,6.28,12.35,SPY190104P00271000,271.0,0,0.0,0.0,,0.0,normalDay
2018-12-17,536.0,-1089.0,0.0,0,255.36,0.0,1,6.28,17.17,SPY190104P00271000,271.0,0,0.0,0.0,,0.0,normalDay
2018-12-18,536.0,-1180.0,0.0,0,255.08,0.0,1,6.28,18.08,SPY190104P00271000,271.0,0,0.0,0.0,,0.0,normalDay
2018-12-19,536.0,-1491.0,0.0,0,251.26,0.0,1,6.28,21.19,SPY190104P00271000,271.0,0,0.0,0.0,,0.0,normalDay
2018-12-20,536.0,-1832.0,0.0,0,247.17,0.0,1,6.28,24.6,SPY190104P00271000,271.0,0,0.0,0.0,,0.0,normalDay
2018-12-21,536.0,-2477.0,0.0,0,240.7,0.0,1,6.28,31.05,SPY190104P00271000,271.0,0,0.0,0.0,,0.0,normalDay
2018-12-24,536.0,-3262.0,0.0,0,234.34,0.0,1,6.28,38.9,SPY190104P00271000,271.0,0,0.0,0.0,,0.0,normalDay
2018-12-26,536.0,-1854.0,0.0,0,246.18,0.0,1,6.28,24.82,SPY190104P00271000,271.0,0,0.0,0.0,,0.0,normalDay
2018-12-27,536.0,-1628.0,0.0,0,248.07,0.0,1,6.28,22.56,SPY190104P00271000,271.0,0,0.0,0.0,,0.0,normalDay
2018-12-28,536.0,-1711.0,0.0,0,247.75,0.0,1,6.28,23.39,SPY190104P00271000,271.0,0,0.0,0.0,,0.0,normalDay
2018-12-31,536.0,-1513.0,0.0,0,249.92,0.0,1,6.28,21.41,SPY190104P00271000,271.0,0,0.0,0.0,,0.0,normalDay
2019-01-02,536.0,-1462.0,0.0,0,250.18,0.0,1,6.28,20.9,SPY190104P00271000,271.0,0,0.0,0.0,,0.0,normalDay
2019-01-03,536.0,-2081.0,0.0,0,244.21,0.0,1,6.28,27.09,SPY190104P00271000,271.0,0,0.0,0.0,,0.0,normalDay
2019-01-04,1164.0,-1861.0,628.0,100,252.39,271.0,1,6.28,0.0,SPY190104P00271000,271.0,0,0.0,0.0,,0.0,expirationDay
2019-01-07,1164.0,-1670.0,0.0,100,254.38,271.0,0,0.0,0.0,,0.0,1,2.08,2.16,SPY190628C00285000,285.0,normalDay
2019-01-08,1164.0,-1460.0,0.0,100,256.77,271.0,0,0.0,0.0,,0.0,1,2.08,2.45,SPY190628C00285000,285.0,normalDay
2019-01-09,1164.0,-1341.0,0.0,100,257.97,271.0,0,0.0,0.0,,0.0,1,2.08,2.46,SPY190628C00285000,285.0,normalDay
2019-01-10,1164.0,-1262.0,0.0,100,258.88,271.0,0,0.0,0.0,,0.0,1,2.08,2.58,SPY190628C00285000,285.0,normalDay
2019-01-11,1164.0,-1218.0,0.0,100,258.98,271.0,0,0.0,0.0,,0.0,1,2.08,2.24,SPY190628C00285000,285.0,normalDay
2019-01-14,1164.0,-1331.0,0.0,100,257.4,271.0,0,0.0,0.0,,0.0,1,2.08,1.79,SPY190628C00285000,285.0,normalDay
2019-01-15,1164.0,-1055.0,0.0,100,260.35,271.0,0,0.0,0.0,,0.0,1,2.08,1.98,SPY190628C00285000,285.0,normalDay
2019-01-16,1164.0,-1003.0,0.0,100,260.98,271.0,0,0.0,0.0,,0.0,1,2.08,2.09,SPY190628C00285000,285.0,normalDay
2019-01-17,1164.0,-847.0,0.0,100,262.96,271.0,0,0.0,0.0,,0.0,1,2.08,2.51,SPY190628C00285000,285.0,normalDay
2019-01-18,1164.0,-584.0,0.0,100,266.46,271.0,0,0.0,0.0,,0.0,1,2.08,3.38,SPY190628C00285000,285.0,normalDay
2019-01-22,1164.0,-884.0,0.0,100,262.86,271.0,0,0.0,0.0,,0.0,1,2.08,2.78,SPY190628C00285000,285.0,normalDay
2019-01-23,1164.0,-821.0,0.0,100,263.41,271.0,0,0.0,0.0,,0.0,1,2.08,2.7,SPY190628C00285000,285.0,normalDay
2019-01-24,1164.0,-777.0,0.0,100,263.55,271.0,0,0.0,0.0,,0.0,1,2.08,2.4,SPY190628C00285000,285.0,normalDay
2019-01-25,1164.0,-617.0,0.0,100,265.78,271.0,0,0.0,0.0,,0.0,1,2.08,3.03,SPY190628C00285000,285.0,normalDay
2019-01-28,1164.0,-769.0,0.0,100,263.76,271.0,0,0.0,0.0,,0.0,1,2.08,2.53,SPY190628C00285000,285.0,normalDay
2019-01-29,1164.0,-792.0,0.0,100,263.41,271.0,0,0.0,0.0,,0.0,1,2.08,2.41,SPY190628C00285000,285.0,normalDay
2019-01-30,1164.0,-466.0,0.0,100,267.58,271.0,0,0.0,0.0,,0.0,1,2.08,3.32,SPY190628C00285000,285.0,normalDay
2019-01-31,1164.0,-295.0,0.0,100,269.93,271.0,0,0.0,0.0,,0.0,1,2.08,3.96,SPY190628C00285000,285.0,normalDay
2019-02-01,1164.0,-264.0,0.0,100,270.06,271.0,0,0.0,0.0,,0.0,1,2.08,3.78,SPY190628C00285000,285.0,normalDay
2019-02-04,1164.0,-112.0,0.0,100,271.96,271.0,0,0.0,0.0,,0.0,1,2.08,4.16,SPY190628C00285000,285.0,normalDay
2019-02-05,1164.0,-23.0,0.0,100,273.1,271.0,0,0.0,0.0,,0.0,1,2.08,4.41,SPY190628C00285000,285.0,normalDay
2019-02-06,1164.0,-38.0,0.0,100,272.74,271.0,0,0.0,0.0,,0.0,1,2.08,4.2,SPY190628C00285000,285.0,normalDay
2019-02-07,1164.0,-224.0,0.0,100,270.14,271.0,0,0.0,0.0,,0.0,1,2.08,3.46,SPY190628C00285000,285.0,normalDay
2019-02-08,1164.0,-185.0,0.0,100,270.47,271.0,0,0.0,0.0,,0.0,1,2.08,3.4,SPY190628C00285000,285.0,normalDay
2019-02-11,1164.0,-167.0,0.0,100,270.62,271.0,0,0.0,0.0,,0.0,1,2.08,3.37,SPY190628C00285000,285.0,normalDay
2019-02-12,1164.0,60.0,0.0,100,274.1,271.0,0,0.0,0.0,,0.0,1,2.08,4.58,SPY190628C00285000,285.0,normalDay
2019-02-13,1164.0,123.0,0.0,100,274.99,271.0,0,0.0,0.0,,0.0,1,2.08,4.84,SPY190628C00285000,285.0,normalDay
2019-02-14,1164.0,79.0,0.0,100,274.38,271.0,0,0.0,0.0,,0.0,1,2.08,4.67,SPY190628C00285000,285.0,normalDay
2019-02-15,1164.0,277.0,0.0,100,277.37,271.0,0,0.0,0.0,,0.0,1,2.08,5.68,SPY190628C00285000,285.0,normalDay
2019-02-19,1164.0,342.0,0.0,100,277.85,271.0,0,0.0,0.0,,0.0,1,2.08,5.51,SPY190628C00285000,285.0,normalDay
2019-02-20,1164.0,393.0,0.0,100,278.41,271.0,0,0.0,0.0,,0.0,1,2.08,5.56,SPY190628C00285000,285.0,normalDay
2019-02-21,1164.0,342.0,0.0,100,277.42,271.0,0,0.0,0.0,,0.0,1,2.08,5.08,SPY190628C00285000,285.0,normalDay
2019-02-22,1164.0,461.0,0.0,100,279.14,271.0,0,0.0,0.0,,0.0,1,2.08,5.61,SPY190628C00285000,285.0,normalDay
2019-02-25,1164.0,472.0,0.0,100,279.52,271.0,0,0.0,0.0,,0.0,1,2.08,5.88,SPY190628C00285000,285.0,normalDay
2019-02-26,1164.0,464.0,0.0,100,279.32,271.0,0,0.0,0.0,,0.0,1,2.08,5.76,SPY190628C00285000,285.0,normalDay
2019-02-27,1164.0,460.0,0.0,100,279.2,271.0,0,0.0,0.0,,0.0,1,2.08,5.68,SPY190628C00285000,285.0,normalDay
2019-02-28,1164.0,448.0,0.0,100,278.68,271.0,0,0.0,0.0,,0.0,1,2.08,5.28,SPY190628C00285000,285.0,normalDay
2019-03-01,1164.0,572.0,0.0,100,280.42,271.0,0,0.0,0.0,,0.0,1,2.08,5.78,SPY190628C00285000,285.0,normalDay
2019-03-04,1164.0,521.0,0.0,100,279.4,271.0,0,0.0,0.0,,0.0,1,2.08,5.27,SPY190628C00285000,285.0,normalDay
2019-03-05,1164.0,500.0,0.0,100,279.02,271.0,0,0.0,0.0,,0.0,1,2.08,5.1,SPY190628C00285000,285.0,normalDay
2019-03-06,1164.0,391.0,0.0,100,277.33,271.0,0,0.0,0.0,,0.0,1,2.08,4.5,SPY190628C00285000,285.0,normalDay
2019-03-07,1164.0,230.0,0.0,100,275.01,271.0,0,0.0,0.0,,0.0,1,2.08,3.79,SPY190628C00285000,285.0,normalDay
2019-03-08,1164.0,195.0,0.0,100,274.46,271.0,0,0.0,0.0,,0.0,1,2.08,3.59,SPY190628C00285000,285.0,normalDay
2019-03-11,1164.0,491.0,0.0,100,278.44,271.0,0,0.0,0.0,,0.0,1,2.08,4.61,SPY190628C00285000,285.0,normalDay
2019-03-12,1164.0,577.0,0.0,100,279.49,271.0,0,0.0,0.0,,0.0,1,2.08,4.8,SPY190628C00285000,285.0,normalDay
2019-03-13,1164.0,668.0,0.0,100,281.34,271.0,0,0.0,0.0,,0.0,1,2.08,5.74,SPY190628C00285000,285.0,normalDay
2019-03-14,1164.0,676.0,0.0,100,281.16,271.0,0,0.0,0.0,,0.0,1,2.08,5.48,SPY190628C00285000,285.0,normalDay
2019-03-15,1164.0,632.0,0.0,100,281.31,271.0,0,0.0,0.0,,0.0,1,2.08,6.07,SPY190628C00285000,285.0,normalDay
2019-03-18,1164.0,658.0,0.0,100,282.33,271.0,0,0.0,0.0,,0.0,1,2.08,6.83,SPY190628C00285000,285.0,normalDay
2019-03-19,1164.0,671.0,0.0,100,282.4,271.0,0,0.0,0.0,,0.0,1,2.08,6.77,SPY190628C00285000,285.0,normalDay
2019-03-20,1164.0,631.0,0.0,100,281.55,271.0,0,0.0,0.0,,0.0,1,2.08,6.32,SPY190628C00285000,285.0,normalDay
2019-03-21,1164.0,765.0,0.0,100,284.73,271.0,0,0.0,0.0,,0.0,1,2.08,8.16,SPY190628C00285000,285.0,normalDay
2019-03-22,1164.0,413.0,0.0,100,279.25,271.0,0,0.0,0.0,,0.0,1,2.08,6.2,SPY190628C00285000,285.0,normalDay
2019-03-25,1164.0,433.0,0.0,100,279.04,271.0,0,0.0,0.0,,0.0,1,2.08,5.79,SPY190628C00285000,285.0,normalDay
2019-03-26,1164.0,593.0,0.0,100,281.12,271.0,0,0.0,0.0,,0.0,1,2.08,6.27,SPY190628C00285000,285.0,normalDay
2019-03-27,1164.0,502.0,0.0,100,279.65,271.0,0,0.0,0.0,,0.0,1,2.08,5.71,SPY190628C00285000,285.0,normalDay
2019-03-28,1164.0,580.0,0.0,100,280.71,271.0,0,0.0,0.0,,0.0,1,2.08,5.99,SPY190628C00285000,285.0,normalDay
2019-03-29,1164.0,678.0,0.0,100,282.48,271.0,0,0.0,0.0,,0.0,1,2.08,6.78,SPY190628C00285000,285.0,normalDay
2019-04-01,1164.0,862.0,0.0,100,285.83,271.0,0,0.0,0.0,,0.0,1,2.08,8.29,SPY190628C00285000,285.0,normalDay
2019-04-02,1164.0,883.0,0.0,100,285.97,271.0,0,0.0,0.0,,0.0,1,2.08,8.22,SPY190628C00285000,285.0,normalDay
2019-04-03,1164.0,871.0,0.0,100,286.42,271.0,0,0.0,0.0,,0.0,1,2.08,8.79,SPY190628C00285000,285.0,normalDay
2019-04-04,1164.0,919.0,0.0,100,287.18,271.0,0,0.0,0.0,,0.0,1,2.08,9.07,SPY190628C00285000,285.0,normalDay
2019-04-05,1164.0,990.0,0.0,100,288.57,271.0,0,0.0,0.0,,0.0,1,2.08,9.75,SPY190628C00285000,285.0,normalDay
2019-04-08,1164.0,1007.0,0.0,100,288.79,271.0,0,0.0,0.0,,0.0,1,2.08,9.8,SPY190628C00285000,285.0,normalDay
2019-04-09,1164.0,953.0,0.0,100,287.31,271.0,0,0.0,0.0,,0.0,1,2.08,8.86,SPY190628C00285000,285.0,normalDay
2019-04-10,1164.0,993.0,0.0,100,288.29,271.0,0,0.0,0.0,,0.0,1,2.08,9.44,SPY190628C00285000,285.0,normalDay
2019-04-11,1164.0,1016.0,0.0,100,288.21,271.0,0,0.0,0.0,,0.0,1,2.08,9.13,SPY190628C00285000,285.0,normalDay
2019-04-12,1164.0,1097.0,0.0,100,290.16,271.0,0,0.0,0.0,,0.0,1,2.08,10.27,SPY190628C00285000,285.0,normalDay
2019-04-15,1164.0,1106.0,0.0,100,289.97,271.0,0,0.0,0.0,,0.0,1,2.08,9.99,SPY190628C00285000,285.0,normalDay
2019-04-16,1164.0,1127.0,0.0,100,290.16,271.0,0,0.0,0.0,,0.0,1,2.08,9.97,SPY190628C00285000,285.0,normalDay
2019-04-17,1164.0,1114.0,0.0,100,289.45,271.0,0,0.0,0.0,,0.0,1,2.08,9.39,SPY190628C00285000,285.0,normalDay
2019-04-18,1164.0,1128.0,0.0,100,290.02,271.0,0,0.0,0.0,,0.0,1,2.08,9.82,SPY190628C00285000,285.0,normalDay
2019-04-22,1164.0,1141.0,0.0,100,290.27,271.0,0,0.0,0.0,,0.0,1,2.08,9.94,SPY190628C00285000,285.0,normalDay
2019-04-23,1164.0,1219.0,0.0,100,292.88,271.0,0,0.0,0.0,,0.0,1,2.08,11.77,SPY190628C00285000,285.0,normalDay
2019-04-24,1164.0,1185.0,0.0,100,292.23,271.0,0,0.0,0.0,,0.0,1,2.08,11.46,SPY190628C00285000,285.0,normalDay
2019-04-25,1164.0,1195.0,0.0,100,292.05,271.0,0,0.0,0.0,,0.0,1,2.08,11.18,SPY190628C00285000,285.0,normalDay
2019-04-26,1164.0,1233.0,0.0,100,293.41,271.0,0,0.0,0.0,,0.0,1,2.08,12.16,SPY190628C00285000,285.0,normalDay
2019-04-29,1164.0,1258.0,0.0,100,293.87,271.0,0,0.0,0.0,,0.0,1,2.08,12.37,SPY190628C00285000,285.0,normalDay
2019-04-30,1164.0,1239.0,0.0,100,294.02,271.0,0,0.0,0.0,,0.0,1,2.08,12.71,SPY190628C00285000,285.0,normalDay
2019-05-01,1164.0,1195.0,0.0,100,291.81,271.0,0,0.0,0.0,,0.0,1,2.08,10.94,SPY190628C00285000,285.0,normalDay
2019-05-02,1164.0,1191.0,0.0,100,291.18,271.0,0,0.0,0.0,,0.0,1,2.08,10.35,SPY190628C00285000,285.0,normalDay
2019-05-03,1164.0,1275.0,0.0,100,294.03,271.0,0,0.0,0.0,,0.0,1,2.08,12.36,SPY190628C00285000,285.0,normalDay
2019-05-06,1164.0,1220.0,0.0,100,292.82,271.0,0,0.0,0.0,,0.0,1,2.08,11.7,SPY190628C00285000,285.0,normalDay
2019-05-07,1164.0,945.0,0.0,100,287.93,271.0,0,0.0,0.0,,0.0,1,2.08,9.56,SPY190628C00285000,285.0,normalDay
2019-05-08,1164.0,949.0,0.0,100,287.53,271.0,0,0.0,0.0,,0.0,1,2.08,9.12,SPY190628C00285000,285.0,normalDay
2019-05-09,1164.0,941.0,0.0,100,286.66,271.0,0,0.0,0.0,,0.0,1,2.08,8.33,SPY190628C00285000,285.0,normalDay
2019-05-10,1164.0,1102.0,0.0,100,288.1,271.0,0,0.0,0.0,,0.0,1,2.08,8.16,SPY190628C00285000,285.0,normalDay
2019-05-13,1164.0,732.0,0.0,100,280.86,271.0,0,0.0,0.0,,0.0,1,2.08,4.62,SPY190628C00285000,285.0,normalDay
2019-05-14,1164.0,900.0,0.0,100,283.4,271.0,0,0.0,0.0,,0.0,1,2.08,5.48,SPY190628C00285000,285.0,normalDay
2019-05-15,1164.0,1004.0,0.0,100,285.06,271.0,0,0.0,0.0,,0.0,1,2.08,6.1,SPY190628C00285000,285.0,normalDay
2019-05-16,1164.0,1150.0,0.0,100,287.7,271.0,0,0.0,0.0,,0.0,1,2.08,7.28,SPY190628C00285000,285.0,normalDay
2019-05-17,1164.0,1072.0,0.0,100,285.84,271.0,0,0.0,0.0,,0.0,1,2.08,6.2,SPY190628C00285000,285.0,normalDay
2019-05-20,1164.0,996.0,0.0,100,283.95,271.0,0,0.0,0.0,,0.0,1,2.08,5.07,SPY190628C00285000,285.0,normalDay
2019-05-21,1164.0,1155.0,0.0,100,286.51,271.0,0,0.0,0.0,,0.0,1,2.08,6.04,SPY190628C00285000,285.0,normalDay
2019-05-22,1164.0,1139.0,0.0,100,285.63,271.0,0,0.0,0.0,,0.0,1,2.08,5.32,SPY190628C00285000,285.0,normalDay
2019-05-23,1164.0,953.0,0.0,100,282.14,271.0,0,0.0,0.0,,0.0,1,2.08,3.69,SPY190628C00285000,285.0,normalDay
2019-05-24,1164.0,1000.0,0.0,100,282.78,271.0,0,0.0,0.0,,0.0,1,2.08,3.86,SPY190628C00285000,285.0,normalDay
2019-05-28,1164.0,852.0,0.0,100,280.15,271.0,0,0.0,0.0,,0.0,1,2.08,2.71,SPY190628C00285000,285.0,normalDay
2019-05-29,1164.0,747.0,0.0,100,278.27,271.0,0,0.0,0.0,,0.0,1,2.08,1.88,SPY190628C00285000,285.0,normalDay
2019-05-30,1164.0,820.0,0.0,100,279.03,271.0,0,0.0,0.0,,0.0,1,2.08,1.91,SPY190628C00285000,285.0,normalDay
2019-05-31,1164.0,533.0,0.0,100,275.27,271.0,0,0.0,0.0,,0.0,1,2.08,1.02,SPY190628C00285000,285.0,normalDay
2019-06-03,1164.0,481.0,0.0,100,274.57,271.0,0,0.0,0.0,,0.0,1,2.08,0.84,SPY190628C00285000,285.0,normalDay
2019-06-04,1164.0,960.0,0.0,100,280.53,271.0,0,0.0,0.0,,0.0,1,2.08,2.01,SPY190628C00285000,285.0,normalDay
2019-06-05,1164.0,1131.0,0.0,100,282.96,271.0,0,0.0,0.0,,0.0,1,2.08,2.73,SPY190628C00285000,285.0,normalDay
2019-06-06,1164.0,1239.0,0.0,100,284.8,271.0,0,0.0,0.0,,0.0,1,2.08,3.49,SPY190628C00285000,285.0,normalDay
2019-06-07,1164.0,1349.0,0.0,100,287.65,271.0,0,0.0,0.0,,0.0,1,2.08,5.24,SPY190628C00285000,285.0,normalDay
2019-06-10,1164.0,1409.0,0.0,100,288.97,271.0,0,0.0,0.0,,0.0,1,2.08,5.96,SPY190628C00285000,285.0,normalDay
2019-06-11,1164.0,1424.0,0.0,100,288.9,271.0,0,0.0,0.0,,0.0,1,2.08,5.74,SPY190628C00285000,285.0,normalDay
2019-06-12,1164.0,1422.0,0.0,100,288.39,271.0,0,0.0,0.0,,0.0,1,2.08,5.25,SPY190628C00285000,285.0,normalDay
2019-06-13,1164.0,1461.0,0.0,100,289.58,271.0,0,0.0,0.0,,0.0,1,2.08,6.05,SPY190628C00285000,285.0,normalDay
2019-06-14,1164.0,1471.0,0.0,100,289.26,271.0,0,0.0,0.0,,0.0,1,2.08,5.63,SPY190628C00285000,285.0,normalDay
2019-06-17,1164.0,1502.0,0.0,100,289.37,271.0,0,0.0,0.0,,0.0,1,2.08,5.43,SPY190628C00285000,285.0,normalDay
2019-06-18,1164.0,1560.0,0.0,100,292.4,271.0,0,0.0,0.0,,0.0,1,2.08,7.88,SPY190628C00285000,285.0,normalDay
2019-06-19,1164.0,1574.0,0.0,100,293.06,271.0,0,0.0,0.0,,0.0,1,2.08,8.4,SPY190628C00285000,285.0,normalDay
2019-06-20,1164.0,1586.0,0.0,100,295.86,271.0,0,0.0,0.0,,0.0,1,2.08,11.08,SPY190628C00285000,285.0,normalDay
2019-06-21,1164.0,1550.0,0.0,100,294.0,271.0,0,0.0,0.0,,0.0,1,2.08,9.58,SPY190628C00285000,285.0,normalDay
2019-06-24,1164.0,1566.0,0.0,100,293.64,271.0,0,0.0,0.0,,0.0,1,2.08,9.06,SPY190628C00285000,285.0,normalDay
2019-06-25,1164.0,1558.0,0.0,100,290.76,271.0,0,0.0,0.0,,0.0,1,2.08,6.26,SPY190628C00285000,285.0,normalDay
2019-06-26,1164.0,1595.0,0.0,100,290.47,271.0,0,0.0,0.0,,0.0,1,2.08,5.6,SPY190628C00285000,285.0,normalDay
2019-06-27,1164.0,1560.0,0.0,100,291.5,271.0,0,0.0,0.0,,0.0,1,2.08,6.98,SPY190628C00285000,285.0,normalDay
2019-06-28,2772.0,1560.0,1608.0,0,293.0,0.0,0,0.0,0.0,,0.0,1,2.08,0.0,SPY190628C00285000,285.0,expirationDay
2019-07-01,2772.0,-5.0,0.0,0,295.66,0.0,1,2.11,2.16,SPY190802P00289000,289.0,0,0.0,0.0,,0.0,normalDay
2019-07-02,2772.0,43.0,0.0,0,296.43,0.0,1,2.11,1.68,SPY190802P00289000,289.0,0,0.0,0.0,,0.0,normalDay
2019-07-03,2772.0,91.0,0.0,0,298.8,0.0,1,2.11,1.2,SPY190802P00289000,289.0,0,0.0,0.0,,0.0,normalDay
2019-07-05,2772.0,81.0,0.0,0,298.46,0.0,1,2.11,1.3,SPY190802P00289000,289.0,0,0.0,0.0,,0.0,normalDay
2019-07-08,2772.0,61.0,0.0,0,296.82,0.0,1,2.11,1.5,SPY190802P00289000,289.0,0,0.0,0.0,,0.0,normalDay
2019-07-09,2772.0,59.0,0.0,0,297.19,0.0,1,2.11,1.52,SPY190802P00289000,289.0,0,0.0,0.0,,0.0,normalDay
2019-07-10,2772.0,110.0,0.0,0,298.61,0.0,1,2.11,1.01,SPY190802P00289000,289.0,0,0.0,0.0,,0.0,normalDay
2019-07-11,2772.0,120.0,0.0,0,299.31,0.0,1,2.11,0.91,SPY190802P00289000,289.0,0,0.0,0.0,,0.0,normalDay
2019-07-12,2772.0,141.0,0.0,0,300.65,0.0,1,2.11,0.7,SPY190802P00289000,289.0,0,0.0,0.0,,0.0,normalDay
2019-07-15,2772.0,146.0,0.0,0,300.75,0.0,1,2.11,0.65,SPY190802P00289000,289.0,0,0.0,0.0,,0.0,normalDay
2019-07-16,2772.0,139.0,0.0,0,299.78,0.0,1,2.11,0.72,SPY190802P00289000,289.0,0,0.0,0.0,,0.0,normalDay
2019-07-17,2772.0,111.0,0.0,0,297.74,0.0,1,2.11,1.0,SPY190802P00289000,289.0,0,0.0,0.0,,0.0,normalDay
2019-07-18,2772.0,132.0,0.0,0,298.83,0.0,1,2.11,0.79,SPY190802P00289000,289.0,0,0.0,0.0,,0.0,normalDay
2019-07-19,2772.0,113.0,0.0,0,297.17,0.0,1,2.11,0.98,SPY190802P00289000,289.0,0,0.0,0.0,,0.0,normalDay
2019-07-22,2772.0,150.0,0.0,0,297.9,0.0,1,2.11,0.61,SPY190802P00289000,289.0,0,0.0,0.0,,0.0,normalDay
2019-07-23,2772.0,177.0,0.0,0,300.03,0.0,1,2.11,0.34,SPY190802P00289000,289.0,0,0.0,0.0,,0.0,normalDay
2019-07-24,2772.0,191.0,0.0,0,301.44,0.0,1,2.11,0.2,SPY190802P00289000,289.0,0,0.0,0.0,,0.0,normalDay
2019-07-25,2772.0,191.0,0.0,0,300.0,0.0,1,2.11,0.2,SPY190802P00289000,289.0,0,0.0,0.0,,0.0,normalDay
2019-07-26,2772.0,203.0,0.0,0,302.01,0.0,1,2.11,0.08,SPY190802P00289000,289.0,0,0.0,0.0,,0.0,normalDay
2019-07-29,2772.0,204.0,0.0,0,301.46,0.0,1,2.11,0.07,SPY190802P00289000,289.0,0,0.0,0.0,,0.0,normalDay
2019-07-30,2772.0,203.0,0.0,0,300.72,0.0,1,2.11,0.08,SPY190802P00289000,289.0,0,0.0,0.0,,0.0,normalDay
2019-07-31,2772.0,180.0,0.0,0,297.43,0.0,1,2.11,0.31,SPY190802P00289000,289.0,0,0.0,0.0,,0.0,normalDay
2019-08-01,2772.0,196.0,0.0,0,294.84,0.0,1,2.11,0.15,SPY190802P00289000,289.0,0,0.0,0.0,,0.0,normalDay
2019-08-02,2983.0,0.0,211.0,0,292.62,0.0,1,2.11,0.0,SPY190802P00289000,289.0,0,0.0,0.0,,0.0,expirationDay
2019-08-05,2983.0,-29.0,0.0,0,283.82,0.0,1,14.73,15.02,SPY190906P00297500,297.5,0,0.0,0.0,,0.0,normalDay
2019-08-06,2983.0,399.0,0.0,0,287.8,0.0,1,14.73,10.74,SPY190906P00297500,297.5,0,0.0,0.0,,0.0,normalDay
2019-08-07,2983.0,423.0,0.0,0,287.97,0.0,1,14.73,10.5,SPY190906P00297500,297.5,0,0.0,0.0,,0.0,normalDay
2019-08-08,2983.0,844.0,0.0,0,293.62,0.0,1,14.73,6.29,SPY190906P00297500,297.5,0,0.0,0.0,,0.0,normalDay
2019-08-09,2983.0,725.0,0.0,0,291.62,0.0,1,14.73,7.48,SPY190906P00297500,297.5,0,0.0,0.0,,0.0,normalDay
2019-08-12,2983.0,415.0,0.0,0,288.07,0.0,1,14.73,10.58,SPY190906P00297500,297.5,0,0.0,0.0,,0.0,normalDay
2019-08-13,2983.0,795.0,0.0,0,292.55,0.0,1,14.73,6.78,SPY190906P00297500,297.5,0,0.0,0.0,,0.0,normalDay
2019-08-14,2983.0,85.0,0.0,0,283.9,0.0,1,14.73,13.88,SPY190906P00297500,297.5,0,0.0,0.0,,0.0,normalDay
2019-08-15,2983.0,165.0,0.0,0,284.65,0.0,1,14.73,13.08,SPY190906P00297500,297.5,0,0.0,0.0,,0.0,normalDay
2019-08-16,2983.0,540.0,0.0,0,288.85,0.0,1,14.73,9.33,SPY190906P00297500,297.5,0,0.0,0.0,,0.0,normalDay
2019-08-19,2983.0,837.0,0.0,0,292.33,0.0,1,14.73,6.36,SPY190906P00297500,297.5,0,0.0,0.0,,0.0,normalDay
2019-08-20,2983.0,648.0,0.0,0,290.09,0.0,1,14.73,8.25,SPY190906P00297500,297.5,0,0.0,0.0,,0.0,normalDay
2019-08-21,2983.0,894.0,0.0,0,292.45,0.0,1,14.73,5.79,SPY190906P00297500,297.5,0,0.0,0.0,,0.0,normalDay
2019-08-22,2983.0,862.0,0.0,0,292.36,0.0,1,14.73,6.11,SPY190906P00297500,297.5,0,0.0,0.0,,0.0,normalDay
2019-08-23,2983.0,275.0,0.0,0,284.85,0.0,1,14.73,11.98,SPY190906P00297500,297.5,0,0.0,0.0,,0.0,normalDay
2019-08-26,2983.0,523.0,0.0,0,288.0,0.0,1,14.73,9.5,SPY190906P00297500,297.5,0,0.0,0.0,,0.0,normalDay
2019-08-27,2983.0,389.0,0.0,0,286.87,0.0,1,14.73,10.84,SPY190906P00297500,297.5,0,0.0,0.0,,0.0,normalDay
2019-08-28,2983.0,606.0,0.0,0,288.89,0.0,1,14.73,8.67,SPY190906P00297500,297.5,0,0.0,0.0,,0.0,normalDay
2019-08-29,2983.0,929.0,0.0,0,292.58,0.0,1,14.73,5.44,SPY190906P00297500,297.5,0,0.0,0.0,,0.0,normalDay
2019-08-30,2983.0,910.0,0.0,0,292.45,0.0,1,14.73,5.63,SPY190906P00297500,297.5,0,0.0,0.0,,0.0,normalDay
2019-09-03,2983.0,781.0,0.0,0,290.74,0.0,1,14.73,6.92,SPY190906P00297500,297.5,0,0.0,0.0,,0.0,normalDay
2019-09-04,2983.0,1106.0,0.0,0,294.04,0.0,1,14.73,3.67,SPY190906P00297500,297.5,0,0.0,0.0,,0.0,normalDay
2019-09-05,2983.0,1374.0,0.0,0,297.82,0.0,1,14.73,0.99,SPY190906P00297500,297.5,0,0.0,0.0,,0.0,normalDay
2019-09-06,4456.0,0.0,1473.0,0,298.05,0.0,1,14.73,0.0,SPY190906P00297500,297.5,0,0.0,0.0,,0.0,expirationDay
2019-09-09,4456.0,-4.0,0.0,0,298.2,0.0,1,2.57,2.61,SPY191011P00290000,290.0,0,0.0,0.0,,0.0,normalDay
2019-09-10,4456.0,2.0,0.0,0,298.13,0.0,1,2.57,2.55,SPY191011P00290000,290.0,0,0.0,0.0,,0.0,normalDay
2019-09-11,4456.0,65.0,0.0,0,300.25,0.0,1,2.57,1.92,SPY191011P00290000,290.0,0,0.0,0.0,,0.0,normalDay
2019-09-12,4456.0,100.0,0.0,0,301.29,0.0,1,2.57,1.57,SPY191011P00290000,290.0,0,0.0,0.0,,0.0,normalDay
2019-09-13,4456.0,112.0,0.0,0,301.09,0.0,1,2.57,1.45,SPY191011P00290000,290.0,0,0.0,0.0,,0.0,normalDay
2019-09-16,4456.0,98.0,0.0,0,300.16,0.0,1,2.57,1.59,SPY191011P00290000,290.0,0,0.0,0.0,,0.0,normalDay
2019-09-17,4456.0,116.0,0.0,0,300.92,0.0,1,2.57,1.41,SPY191011P00290000,290.0,0,0.0,0.0,,0.0,normalDay
2019-09-18,4456.0,136.0,0.0,0,301.1,0.0,1,2.57,1.21,SPY191011P00290000,290.0,0,0.0,0.0,,0.0,normalDay
2019-09-19,4456.0,138.0,0.0,0,301.08,0.0,1,2.57,1.19,SPY191011P00290000,290.0,0,0.0,0.0,,0.0,normalDay
2019-09-20,4456.0,95.0,0.0,0,298.28,0.0,1,2.57,1.62,SPY191011P00290000,290.0,0,0.0,0.0,,0.0,normalDay
2019-09-23,4456.0,127.0,0.0,0,298.21,0.0,1,2.57,1.3,SPY191011P00290000,290.0,0,0.0,0.0,,0.0,normalDay
2019-09-24,4456.0,53.0,0.0,0,295.87,0.0,1,2.57,2.04,SPY191011P00290000,290.0,0,0.0,0.0,,0.0,normalDay
2019-09-25,4456.0,112.0,0.0,0,297.62,0.0,1,2.57,1.45,SPY191011P00290000,290.0,0,0.0,0.0,,0.0,normalDay
2019-09-26,4456.0,120.0,0.0,0,297.0,0.0,1,2.57,1.37,SPY191011P00290000,290.0,0,0.0,0.0,,0.0,normalDay
2019-09-27,4456.0,71.0,0.0,0,295.4,0.0,1,2.57,1.86,SPY191011P00290000,290.0,0,0.0,0.0,,0.0,normalDay
2019-09-30,4456.0,145.0,0.0,0,296.77,0.0,1,2.57,1.12,SPY191011P00290000,290.0,0,0.0,0.0,,0.0,normalDay
2019-10-01,4456.0,33.0,0.0,0,293.24,0.0,1,2.57,2.24,SPY191011P00290000,290.0,0,0.0,0.0,,0.0,normalDay
2019-10-02,4456.0,-226.0,0.0,0,288.06,0.0,1,2.57,4.83,SPY191011P00290000,290.0,0,0.0,0.0,,0.0,normalDay
2019-10-03,4456.0,-44.0,0.0,0,290.42,0.0,1,2.57,3.01,SPY191011P00290000,290.0,0,0.0,0.0,,0.0,normalDay
2019-10-04,4456.0,134.0,0.0,0,294.35,0.0,1,2.57,1.23,SPY191011P00290000,290.0,0,0.0,0.0,,0.0,normalDay
2019-10-07,4456.0,129.0,0.0,0,293.08,0.0,1,2.57,1.28,SPY191011P00290000,290.0,0,0.0,0.0,,0.0,normalDay
2019-10-08,4456.0,-53.0,0.0,0,288.53,0.0,1,2.57,3.1,SPY191011P00290000,290.0,0,0.0,0.0,,0.0,normalDay
2019-10-09,4456.0,109.0,0.0,0,291.27,0.0,1,2.57,1.48,SPY191011P00290000,290.0,0,0.0,0.0,,0.0,normalDay
2019-10-10,4456.0,202.0,0.0,0,293.24,0.0,1,2.57,0.55,SPY191011P00290000,290.0,0,0.0,0.0,,0.0,normalDay
2019-10-11,4713.0,0.0,257.0,0,296.28,0.0,1,2.57,0.0,SPY191011P00290000,290.0,0,0.0,0.0,,0.0,expirationDay
2019-10-14,4713.0,-4.0,0.0,0,295.95,0.0,1,4.14,4.18,SPY191115P00295000,295.0,0,0.0,0.0,,0.0,normalDay
2019-10-15,4713.0,134.0,0.0,0,298.88,0.0,1,4.14,2.8,SPY191115P00295000,295.0,0,0.0,0.0,,0.0,normalDay
2019-10-16,4713.0,128.0,0.0,0,298.4,0.0,1,4.14,2.86,SPY191115P00295000,295.0,0,0.0,0.0,,0.0,normalDay
2019-10-17,4713.0,150.0,0.0,0,299.28,0.0,1,4.14,2.64,SPY191115P00295000,295.0,0,0.0,0.0,,0.0,normalDay
2019-10-18,4713.0,119.0,0.0,0,297.97,0.0,1,4.14,2.95,SPY191115P00295000,295.0,0,0.0,0.0,,0.0,normalDay
2019-10-21,4713.0,206.0,0.0,0,299.99,0.0,1,4.14,2.08,SPY191115P00295000,295.0,0,0.0,0.0,,0.0,normalDay
2019-10-22,4713.0,177.0,0.0,0,299.01,0.0,1,4.14,2.37,SPY191115P00295000,295.0,0,0.0,0.0,,0.0,normalDay
2019-10-23,4713.0,222.0,0.0,0,299.88,0.0,1,4.14,1.92,SPY191115P00295000,295.0,0,0.0,0.0,,0.0,normalDay
2019-10-24,4713.0,243.0,0.0,0,300.37,0.0,1,4.14,1.71,SPY191115P00295000,295.0,0,0.0,0.0,,0.0,normalDay
2019-10-25,4713.0,293.0,0.0,0,301.6,0.0,1,4.14,1.21,SPY191115P00295000,295.0,0,0.0,0.0,,0.0,normalDay
2019-10-28,4713.0,325.0,0.0,0,303.3,0.0,1,4.14,0.89,SPY191115P00295000,295.0,0,0.0,0.0,,0.0,normalDay
2019-10-29,4713.0,326.0,0.0,0,303.21,0.0,1,4.14,0.88,SPY191115P00295000,295.0,0,0.0,0.0,,0.0,normalDay
2019-10-30,4713.0,356.0,0.0,0,304.14,0.0,1,4.14,0.58,SPY191115P00295000,295.0,0,0.0,0.0,,0.0,normalDay
2019-10-31,4713.0,337.0,0.0,0,303.33,0.0,1,4.14,0.77,SPY191115P00295000,295.0,0,0.0,0.0,,0.0,normalDay
2019-11-01,4713.0,380.0,0.0,0,306.14,0.0,1,4.14,0.34,SPY191115P00295000,295.0,0,0.0,0.0,,0.0,normalDay
2019-11-04,4713.0,390.0,0.0,0,307.37,0.0,1,4.14,0.24,SPY191115P00295000,295.0,0,0.0,0.0,,0.0,normalDay
2019-11-05,4713.0,393.0,0.0,0,307.03,0.0,1,4.14,0.21,SPY191115P00295000,295.0,0,0.0,0.0,,0.0,normalDay
2019-11-06,4713.0,402.0,0.0,0,307.1,0.0,1,4.14,0.12,SPY191115P00295000,295.0,0,0.0,0.0,,0.0,normalDay
2019-11-07,4713.0,405.0,0.0,0,308.18,0.0,1,4.14,0.09,SPY191115P00295000,295.0,0,0.0,0.0,,0.0,normalDay
2019-11-08,4713.0,410.0,0.0,0,308.94,0.0,1,4.14,0.04,SPY191115P00295000,295.0,0,0.0,0.0,,0.0,normalDay
2019-11-11,4713.0,411.0,0.0,0,308.35,0.0,1,4.14,0.03,SPY191115P00295000,295.0,0,0.0,0.0,,0.0,normalDay
2019-11-12,4713.0,412.0,0.0,0,309.0,0.0,1,4.14,0.02,SPY191115P00295000,295.0,0,0.0,0.0,,0.0,normalDay
2019-11-13,4713.0,412.0,0.0,0,309.1,0.0,1,4.14,0.02,SPY191115P00295000,295.0,0,0.0,0.0,,0.0,normalDay
2019-11-14,4713.0,413.0,0.0,0,309.55,0.0,1,4.14,0.01,SPY191115P00295000,295.0,0,0.0,0.0,,0.0,normalDay
2019-11-15,5127.0,0.0,414.0,0,311.79,0.0,1,4.14,0.0,SPY191115P00295000,295.0,0,0.0,0.0,,0.0,expirationDay
2019-11-18,5127.0,-3.0,0.0,0,312.02,0.0,1,2.23,2.26,SPY191220P00305000,305.0,0,0.0,0.0,,0.0,normalDay
2019-11-19,5127.0,-12.0,0.0,0,311.93,0.0,1,2.23,2.35,SPY191220P00305000,305.0,0,0.0,0.0,,0.0,normalDay
2019-11-20,5127.0,-36.0,0.0,0,310.77,0.0,1,2.23,2.59,SPY191220P00305000,305.0,0,0.0,0.0,,0.0,normalDay
2019-11-21,5127.0,-49.0,0.0,0,310.27,0.0,1,2.23,2.72,SPY191220P00305000,305.0,0,0.0,0.0,,0.0,normalDay
2019-11-22,5127.0,-7.0,0.0,0,310.96,0.0,1,2.23,2.3,SPY191220P00305000,305.0,0,0.0,0.0,,0.0,normalDay
2019-11-25,5127.0,67.0,0.0,0,313.37,0.0,1,2.23,1.56,SPY191220P00305000,305.0,0,0.0,0.0,,0.0,normalDay
2019-11-26,5127.0,95.0,0.0,0,314.08,0.0,1,2.23,1.28,SPY191220P00305000,305.0,0,0.0,0.0,,0.0,normalDay
2019-11-27,5127.0,116.0,0.0,0,315.48,0.0,1,2.23,1.07,SPY191220P00305000,305.0,0,0.0,0.0,,0.0,normalDay
2019-11-29,5127.0,91.0,0.0,0,314.31,0.0,1,2.23,1.32,SPY191220P00305000,305.0,0,0.0,0.0,,0.0,normalDay
2019-12-02,5127.0,9.0,0.0,0,311.64,0.0,1,2.23,2.14,SPY191220P00305000,305.0,0,0.0,0.0,,0.0,normalDay
2019-12-03,5127.0,-70.0,0.0,0,309.55,0.0,1,2.23,2.93,SPY191220P00305000,305.0,0,0.0,0.0,,0.0,normalDay
2019-12-04,5127.0,6.0,0.0,0,311.46,0.0,1,2.23,2.17,SPY191220P00305000,305.0,0,0.0,0.0,,0.0,normalDay
2019-12-05,5127.0,48.0,0.0,0,312.02,0.0,1,2.23,1.75,SPY191220P00305000,305.0,0,0.0,0.0,,0.0,normalDay
2019-12-06,5127.0,123.0,0.0,0,314.87,0.0,1,2.23,1.0,SPY191220P00305000,305.0,0,0.0,0.0,,0.0,normalDay
2019-12-09,5127.0,93.0,0.0,0,313.88,0.0,1,2.23,1.3,SPY191220P00305000,305.0,0,0.0,0.0,,0.0,normalDay
2019-12-10,5127.0,112.0,0.0,0,313.53,0.0,1,2.23,1.11,SPY191220P00305000,305.0,0,0.0,0.0,,0.0,normalDay
2019-12-11,5127.0,141.0,0.0,0,314.42,0.0,1,2.23,0.82,SPY191220P00305000,305.0,0,0.0,0.0,,0.0,normalDay
2019-12-12,5127.0,175.0,0.0,0,317.13,0.0,1,2.23,0.48,SPY191220P00305000,305.0,0,0.0,0.0,,0.0,normalDay
2019-12-13,5127.0,193.0,0.0,0,317.32,0.0,1,2.23,0.3,SPY191220P00305000,305.0,0,0.0,0.0,,0.0,normalDay
2019-12-16,5127.0,211.0,0.0,0,319.5,0.0,1,2.23,0.12,SPY191220P00305000,305.0,0,0.0,0.0,,0.0,normalDay
2019-12-17,5127.0,216.0,0.0,0,319.57,0.0,1,2.23,0.07,SPY191220P00305000,305.0,0,0.0,0.0,,0.0,normalDay
2019-12-18,5127.0,218.0,0.0,0,319.59,0.0,1,2.23,0.05,SPY191220P00305000,305.0,0,0.0,0.0,,0.0,normalDay
2019-12-19,5127.0,220.0,0.0,0,320.9,0.0,1,2.23,0.03,SPY191220P00305000,305.0,0,0.0,0.0,,0.0,normalDay
2019-12-20,5350.0,0.0,223.0,0,320.73,0.0,1,2.23,0.0,SPY191220P00305000,305.0,0,0.0,0.0,,0.0,expirationDay
2019-12-23,5350.0,-5.0,0.0,0,321.22,0.0,1,1.95,2.0,SPY200124P00315000,315.0,0,0.0,0.0,,0.0,normalDay
2019-12-24,5350.0,0.0,0.0,0,321.23,0.0,1,1.95,1.95,SPY200124P00315000,315.0,0,0.0,0.0,,0.0,normalDay
2019-12-26,5350.0,37.0,0.0,0,322.94,0.0,1,1.95,1.58,SPY200124P00315000,315.0,0,0.0,0.0,,0.0,normalDay
2019-12-27,5350.0,16.0,0.0,0,322.86,0.0,1,1.95,1.79,SPY200124P00315000,315.0,0,0.0,0.0,,0.0,normalDay
2019-12-30,5350.0,-27.0,0.0,0,321.08,0.0,1,1.95,2.22,SPY200124P00315000,315.0,0,0.0,0.0,,0.0,normalDay
2019-12-31,5350.0,23.0,0.0,0,321.86,0.0,1,1.95,1.72,SPY200124P00315000,315.0,0,0.0,0.0,,0.0,normalDay
2020-01-02,5350.0,96.0,0.0,0,324.87,0.0,1,1.95,0.99,SPY200124P00315000,315.0,0,0.0,0.0,,0.0,normalDay
2020-01-03,5350.0,36.0,0.0,0,322.41,0.0,1,1.95,1.59,SPY200124P00315000,315.0,0,0.0,0.0,,0.0,normalDay
2020-01-06,5350.0,86.0,0.0,0,323.64,0.0,1,1.95,1.09,SPY200124P00315000,315.0,0,0.0,0.0,,0.0,normalDay
2020-01-07,5350.0,73.0,0.0,0,322.73,0.0,1,1.95,1.22,SPY200124P00315000,315.0,0,0.0,0.0,,0.0,normalDay
2020-01-08,5350.0,110.0,0.0,0,324.45,0.0,1,1.95,0.85,SPY200124P00315000,315.0,0,0.0,0.0,,0.0,normalDay
2020-01-09,5350.0,143.0,0.0,0,326.65,0.0,1,1.95,0.52,SPY200124P00315000,315.0,0,0.0,0.0,,0.0,normalDay
2020-01-10,5350.0,145.0,0.0,0,325.71,0.0,1,1.95,0.5,SPY200124P00315000,315.0,0,0.0,0.0,,0.0,normalDay
2020-01-13,5350.0,174.0,0.0,0,327.95,0.0,1,1.95,0.21,SPY200124P00315000,315.0,0,0.0,0.0,,0.0,normalDay
2020-01-14,5350.0,175.0,0.0,0,327.45,0.0,1,1.95,0.2,SPY200124P00315000,315.0,0,0.0,0.0,,0.0,normalDay
2020-01-15,5350.0,182.0,0.0,0,328.19,0.0,1,1.95,0.13,SPY200124P00315000,315.0,0,0.0,0.0,,0.0,normalDay
2020-01-16,5350.0,186.0,0.0,0,330.92,0.0,1,1.95,0.09,SPY200124P00315000,315.0,0,0.0,0.0,,0.0,normalDay
2020-01-17,5350.0,191.0,0.0,0,331.95,0.0,1,1.95,0.04,SPY200124P00315000,315.0,0,0.0,0.0,,0.0,normalDay
2020-01-21,5350.0,193.0,0.0,0,331.3,0.0,1,1.95,0.02,SPY200124P00315000,315.0,0,0.0,0.0,,0.0,normalDay
2020-01-22,5350.0,194.0,0.0,0,331.34,0.0,1,1.95,0.01,SPY200124P00315000,315.0,0,0.0,0.0,,0.0,normalDay
2020-01-23,5350.0,194.0,0.0,0,331.72,0.0,1,1.95,0.01,SPY200124P00315000,315.0,0,0.0,0.0,,0.0,normalDay
2020-01-24,5545.0,0.0,195.0,0,328.77,0.0,1,1.95,0.0,SPY200124P00315000,315.0,0,0.0,0.0,,0.0,expirationDay
2020-01-27,5545.0,-6.0,0.0,0,323.5,0.0,1,6.99,7.05,SPY200228P00326000,326.0,0,0.0,0.0,,0.0,normalDay
2020-01-28,5545.0,212.0,0.0,0,326.89,0.0,1,6.99,4.87,SPY200228P00326000,326.0,0,0.0,0.0,,0.0,normalDay
2020-01-29,5545.0,200.0,0.0,0,326.62,0.0,1,6.99,4.99,SPY200228P00326000,326.0,0,0.0,0.0,,0.0,normalDay
2020-01-30,5545.0,304.0,0.0,0,327.68,0.0,1,6.99,3.95,SPY200228P00326000,326.0,0,0.0,0.0,,0.0,normalDay
2020-01-31,5545.0,-32.0,0.0,0,321.73,0.0,1,6.99,7.31,SPY200228P00326000,326.0,0,0.0,0.0,,0.0,normalDay
2020-02-03,5545.0,93.0,0.0,0,324.12,0.0,1,6.99,6.06,SPY200228P00326000,326.0,0,0.0,0.0,,0.0,normalDay
2020-02-04,5545.0,369.0,0.0,0,329.06,0.0,1,6.99,3.3,SPY200228P00326000,326.0,0,0.0,0.0,,0.0,normalDay
2020-02-05,5545.0,501.0,0.0,0,332.86,0.0,1,6.99,1.98,SPY200228P00326000,326.0,0,0.0,0.0,,0.0,normalDay
2020-02-06,5545.0,526.0,0.0,0,333.98,0.0,1,6.99,1.73,SPY200228P00326000,326.0,0,0.0,0.0,,0.0,normalDay
2020-02-07,5545.0,489.0,0.0,0,332.2,0.0,1,6.99,2.1,SPY200228P00326000,326.0,0,0.0,0.0,,0.0,normalDay
2020-02-10,5545.0,565.0,0.0,0,334.68,0.0,1,6.99,1.34,SPY200228P00326000,326.0,0,0.0,0.0,,0.0,normalDay
2020-02-11,5545.0,576.0,0.0,0,335.26,0.0,1,6.99,1.23,SPY200228P00326000,326.0,0,0.0,0.0,,0.0,normalDay
2020-02-12,5545.0,628.0,0.0,0,337.42,0.0,1,6.99,0.71,SPY200228P00326000,326.0,0,0.0,0.0,,0.0,normalDay
2020-02-13,5545.0,625.0,0.0,0,337.06,0.0,1,6.99,0.74,SPY200228P00326000,326.0,0,0.0,0.0,,0.0,normalDay
2020-02-14,5545.0,645.0,0.0,0,337.6,0.0,1,6.99,0.54,SPY200228P00326000,326.0,0,0.0,0.0,,0.0,normalDay
2020-02-18,5545.0,648.0,0.0,0,336.73,0.0,1,6.99,0.51,SPY200228P00326000,326.0,0,0.0,0.0,,0.0,normalDay
2020-02-19,5545.0,673.0,0.0,0,338.34,0.0,1,6.99,0.26,SPY200228P00326000,326.0,0,0.0,0.0,,0.0,normalDay
2020-02-20,5545.0,664.0,0.0,0,336.95,0.0,1,6.99,0.35,SPY200228P00326000,326.0,0,0.0,0.0,,0.0,normalDay
2020-02-21,5545.0,628.0,0.0,0,333.48,0.0,1,6.99,0.71,SPY200228P00326000,326.0,0,0.0,0.0,,0.0,normalDay
2020-02-24,5545.0,93.0,0.0,0,322.42,0.0,1,6.99,6.06,SPY200228P00326000,326.0,0,0.0,0.0,,0.0,normalDay
2020-02-25,5545.0,-620.0,0.0,0,312.65,0.0,1,6.99,13.19,SPY200228P00326000,326.0,0,0.0,0.0,,0.0,normalDay
2020-02-26,5545.0,-809.0,0.0,0,311.5,0.0,1,6.99,15.08,SPY200228P00326000,326.0,0,0.0,0.0,,0.0,normalDay
2020-02-27,5545.0,-2183.0,0.0,0,297.51,0.0,1,6.99,28.82,SPY200228P00326000,326.0,0,0.0,0.0,,0.0,normalDay
2020-02-28,6244.0,-2974.0,699.0,100,296.26,326.0,1,6.99,0.0,SPY200228P00326000,326.0,0,0.0,0.0,,0.0,expirationDay
2020-03-02,6244.0,-1734.0,0.0,100,309.09,326.0,0,0.0,0.0,,0.0,1,0.09,0.52,SPY201016C00375000,375.0,normalDay
2020-03-03,6244.0,-2633.0,0.0,100,300.24,326.0,0,0.0,0.0,,0.0,1,0.09,0.66,SPY201016C00375000,375.0,normalDay
2020-03-04,6244.0,-1369.0,0.0,100,312.86,326.0,0,0.0,0.0,,0.0,1,0.09,0.64,SPY201016C00375000,375.0,normalDay
2020-03-05,6244.0,-2400.0,0.0,100,302.46,326.0,0,0.0,0.0,,0.0,1,0.09,0.55,SPY201016C00375000,375.0,normalDay
2020-03-06,6244.0,-2916.0,0.0,100,297.46,326.0,0,0.0,0.0,,0.0,1,0.09,0.71,SPY201016C00375000,375.0,normalDay
2020-03-09,6244.0,-5248.0,0.0,100,274.23,326.0,0,0.0,0.0,,0.0,1,0.09,0.8,SPY201016C00375000,375.0,normalDay
2020-03-10,6244.0,-3799.0,0.0,100,288.42,326.0,0,0.0,0.0,,0.0,1,0.09,0.5,SPY201016C00375000,375.0,normalDay
2020-03-11,6244.0,-5205.0,0.0,100,274.36,326.0,0,0.0,0.0,,0.0,1,0.09,0.5,SPY201016C00375000,375.0,normalDay
2020-03-12,6244.0,-7812.0,0.0,100,248.11,326.0,0,0.0,0.0,,0.0,1,0.09,0.32,SPY201016C00375000,375.0,normalDay
2020-03-13,6244.0,-5729.0,0.0,100,269.32,326.0,0,0.0,0.0,,0.0,1,0.09,0.7,SPY201016C00375000,375.0,normalDay
2020-03-16,6244.0,-8656.0,0.0,100,239.85,326.0,0,0.0,0.0,,0.0,1,0.09,0.5,SPY201016C00375000,375.0,normalDay
2020-03-17,6244.0,-7351.0,0.0,100,252.8,326.0,0,0.0,0.0,,0.0,1,0.09,0.4,SPY201016C00375000,375.0,normalDay
2020-03-18,6244.0,-8636.0,0.0,100,240.0,326.0,0,0.0,0.0,,0.0,1,0.09,0.45,SPY201016C00375000,375.0,normalDay
2020-03-19,6244.0,-8589.0,0.0,100,240.51,326.0,0,0.0,0.0,,0.0,1,0.09,0.49,SPY201016C00375000,375.0,normalDay
2020-03-20,6244.0,-9734.0,0.0,100,228.8,326.0,0,0.0,0.0,,0.0,1,0.09,0.23,SPY201016C00375000,375.0,normalDay
2020-03-23,6244.0,-10326.0,0.0,100,222.95,326.0,0,0.0,0.0,,0.0,1,0.09,0.3,SPY201016C00375000,375.0,normalDay
2020-03-24,6244.0,-8323.0,0.0,100,243.15,326.0,0,0.0,0.0,,0.0,1,0.09,0.47,SPY201016C00375000,375.0,normalDay
2020-03-25,6244.0,-7974.0,0.0,100,246.79,326.0,0,0.0,0.0,,0.0,1,0.09,0.62,SPY201016C00375000,375.0,normalDay
2020-03-26,6244.0,-6512.0,0.0,100,261.2,326.0,0,0.0,0.0,,0.0,1,0.09,0.41,SPY201016C00375000,375.0,normalDay
2020-03-27,6244.0,-7278.0,0.0,100,253.42,326.0,0,0.0,0.0,,0.0,1,0.09,0.29,SPY201016C00375000,375.0,normalDay
2020-03-30,6244.0,-6451.0,0.0,100,261.65,326.0,0,0.0,0.0,,0.0,1,0.09,0.25,SPY201016C00375000,375.0,normalDay
2020-03-31,6244.0,-6830.0,0.0,100,257.75,326.0,0,0.0,0.0,,0.0,1,0.09,0.14,SPY201016C00375000,375.0,normalDay
2020-04-01,6244.0,-7995.0,0.0,100,246.15,326.0,0,0.0,0.0,,0.0,1,0.09,0.19,SPY201016C00375000,375.0,normalDay
2020-04-02,6244.0,-7434.0,0.0,100,251.83,326.0,0,0.0,0.0,,0.0,1,0.09,0.26,SPY201016C00375000,375.0,normalDay
2020-04-03,6244.0,-7795.0,0.0,100,248.19,326.0,0,0.0,0.0,,0.0,1,0.09,0.23,SPY201016C00375000,375.0,normalDay
2020-04-06,6244.0,-6140.0,0.0,100,264.86,326.0,0,0.0,0.0,,0.0,1,0.09,0.35,SPY201016C00375000,375.0,normalDay
2020-04-07,6244.0,-6107.0,0.0,100,265.13,326.0,0,0.0,0.0,,0.0,1,0.09,0.29,SPY201016C00375000,375.0,normalDay
2020-04-08,6244.0,-5227.0,0.0,100,274.03,326.0,0,0.0,0.0,,0.0,1,0.09,0.39,SPY201016C00375000,375.0,normalDay
2020-04-09,6244.0,-4810.0,0.0,100,278.2,326.0,0,0.0,0.0,,0.0,1,0.09,0.39,SPY201016C00375000,375.0,normalDay
2020-04-13,6244.0,-5056.0,0.0,100,275.66,326.0,0,0.0,0.0,,0.0,1,0.09,0.31,SPY201016C00375000,375.0,normalDay
2020-04-14,6244.0,-4253.0,0.0,100,283.79,326.0,0,0.0,0.0,,0.0,1,0.09,0.41,SPY201016C00375000,375.0,normalDay
2020-04-15,6244.0,-4841.0,0.0,100,277.76,326.0,0,0.0,0.0,,0.0,1,0.09,0.26,SPY201016C00375000,375.0,normalDay
2020-04-16,6244.0,-4716.0,0.0,100,279.1,326.0,0,0.0,0.0,,0.0,1,0.09,0.35,SPY201016C00375000,375.0,normalDay
2020-04-17,6244.0,-3967.0,0.0,100,286.64,326.0,0,0.0,0.0,,0.0,1,0.09,0.4,SPY201016C00375000,375.0,normalDay
2020-04-20,6244.0,-4464.0,0.0,100,281.59,326.0,0,0.0,0.0,,0.0,1,0.09,0.32,SPY201016C00375000,375.0,normalDay
2020-04-21,6244.0,-5312.0,0.0,100,273.04,326.0,0,0.0,0.0,,0.0,1,0.09,0.25,SPY201016C00375000,375.0,normalDay
2020-04-22,6244.0,-4710.0,0.0,100,279.1,326.0,0,0.0,0.0,,0.0,1,0.09,0.29,SPY201016C00375000,375.0,normalDay
2020-04-23,6244.0,-4714.0,0.0,100,279.08,326.0,0,0.0,0.0,,0.0,1,0.09,0.31,SPY201016C00375000,375.0,normalDay
2020-04-24,6244.0,-4325.0,0.0,100,282.97,326.0,0,0.0,0.0,,0.0,1,0.09,0.31,SPY201016C00375000,375.0,normalDay
2020-04-27,6244.0,-3917.0,0.0,100,287.05,326.0,0,0.0,0.0,,0.0,1,0.09,0.31,SPY201016C00375000,375.0,normalDay
2020-04-28,6244.0,-4042.0,0.0,100,285.73,326.0,0,0.0,0.0,,0.0,1,0.09,0.24,SPY201016C00375000,375.0,normalDay
2020-04-29,6244.0,-3299.0,0.0,100,293.21,326.0,0,0.0,0.0,,0.0,1,0.09,0.29,SPY201016C00375000,375.0,normalDay
2020-04-30,6244.0,-3575.0,0.0,100,290.48,326.0,0,0.0,0.0,,0.0,1,0.09,0.32,SPY201016C00375000,375.0,normalDay
2020-05-01,6244.0,-4336.0,0.0,100,282.79,326.0,0,0.0,0.0,,0.0,1,0.09,0.24,SPY201016C00375000,375.0,normalDay
2020-05-04,6244.0,-4259.0,0.0,100,283.57,326.0,0,0.0,0.0,,0.0,1,0.09,0.25,SPY201016C00375000,375.0,normalDay
2020-05-05,6244.0,-3994.0,0.0,100,286.19,326.0,0,0.0,0.0,,0.0,1,0.09,0.22,SPY201016C00375000,375.0,normalDay
2020-05-06,6244.0,-4185.0,0.0,100,284.25,326.0,0,0.0,0.0,,0.0,1,0.09,0.19,SPY201016C00375000,375.0,normalDay
2020-05-07,6244.0,-3844.0,0.0,100,287.68,326.0,0,0.0,0.0,,0.0,1,0.09,0.21,SPY201016C00375000,375.0,normalDay
2020-05-08,6244.0,-3369.0,0.0,100,292.44,326.0,0,0.0,0.0,,0.0,1,0.09,0.22,SPY201016C00375000,375.0,normalDay
2020-05-11,6244.0,-3360.0,0.0,100,292.5,326.0,0,0.0,0.0,,0.0,1,0.09,0.19,SPY201016C00375000,375.0,normalDay
2020-05-12,6244.0,-3943.0,0.0,100,286.67,326.0,0,0.0,0.0,,0.0,1,0.09,0.19,SPY201016C00375000,375.0,normalDay
2020-05-13,6244.0,-4442.0,0.0,100,281.6,326.0,0,0.0,0.0,,0.0,1,0.09,0.11,SPY201016C00375000,375.0,normalDay
2020-05-14,6244.0,-4107.0,0.0,100,284.97,326.0,0,0.0,0.0,,0.0,1,0.09,0.13,SPY201016C00375000,375.0,normalDay
2020-05-15,6244.0,-3975.0,0.0,100,286.28,326.0,0,0.0,0.0,,0.0,1,0.09,0.12,SPY201016C00375000,375.0,normalDay
2020-05-18,6244.0,-3114.0,0.0,100,295.0,326.0,0,0.0,0.0,,0.0,1,0.09,0.23,SPY201016C00375000,375.0,normalDay
2020-05-19,6244.0,-3413.0,0.0,100,291.97,326.0,0,0.0,0.0,,0.0,1,0.09,0.19,SPY201016C00375000,375.0,normalDay
2020-05-20,6244.0,-2923.0,0.0,100,296.93,326.0,0,0.0,0.0,,0.0,1,0.09,0.25,SPY201016C00375000,375.0,normalDay
2020-05-21,6244.0,-3128.0,0.0,100,294.88,326.0,0,0.0,0.0,,0.0,1,0.09,0.25,SPY201016C00375000,375.0,normalDay
2020-05-22,6244.0,-3072.0,0.0,100,295.44,326.0,0,0.0,0.0,,0.0,1,0.09,0.25,SPY201016C00375000,375.0,normalDay
2020-05-26,6244.0,-2702.0,0.0,100,299.08,326.0,0,0.0,0.0,,0.0,1,0.09,0.19,SPY201016C00375000,375.0,normalDay
2020-05-27,6244.0,-2262.0,0.0,100,303.53,326.0,0,0.0,0.0,,0.0,1,0.09,0.24,SPY201016C00375000,375.0,normalDay
2020-05-28,6244.0,-2319.0,0.0,100,302.97,326.0,0,0.0,0.0,,0.0,1,0.09,0.25,SPY201016C00375000,375.0,normalDay
2020-05-29,6244.0,-2192.0,0.0,100,304.32,326.0,0,0.0,0.0,,0.0,1,0.09,0.33,SPY201016C00375000,375.0,normalDay
2020-06-01,6244.0,-2065.0,0.0,100,305.55,326.0,0,0.0,0.0,,0.0,1,0.09,0.29,SPY201016C00375000,375.0,normalDay
2020-06-02,6244.0,-1818.0,0.0,100,308.08,326.0,0,0.0,0.0,,0.0,1,0.09,0.35,SPY201016C00375000,375.0,normalDay
2020-06-03,6244.0,-1419.0,0.0,100,312.18,326.0,0,0.0,0.0,,0.0,1,0.09,0.46,SPY201016C00375000,375.0,normalDay
2020-06-04,6244.0,-1493.0,0.0,100,311.36,326.0,0,0.0,0.0,,0.0,1,0.09,0.38,SPY201016C00375000,375.0,normalDay
2020-06-05,6244.0,-716.0,0.0,100,319.34,326.0,0,0.0,0.0,,0.0,1,0.09,0.59,SPY201016C00375000,375.0,normalDay
2020-06-08,6244.0,-355.0,0.0,100,323.2,326.0,0,0.0,0.0,,0.0,1,0.09,0.84,SPY201016C00375000,375.0,normalDay
2020-06-09,6244.0,-600.0,0.0,100,320.79,326.0,0,0.0,0.0,,0.0,1,0.09,0.88,SPY201016C00375000,375.0,normalDay
2020-06-10,6244.0,-760.0,0.0,100,319.0,326.0,0,0.0,0.0,,0.0,1,0.09,0.69,SPY201016C00375000,375.0,normalDay
2020-06-11,6244.0,-2586.0,0.0,100,300.61,326.0,0,0.0,0.0,,0.0,1,0.09,0.56,SPY201016C00375000,375.0,normalDay
2020-06-12,6244.0,-2221.0,0.0,100,304.21,326.0,0,0.0,0.0,,0.0,1,0.09,0.51,SPY201016C00375000,375.0,normalDay
2020-06-15,6244.0,-1944.0,0.0,100,307.05,326.0,0,0.0,0.0,,0.0,1,0.09,0.58,SPY201016C00375000,375.0,normalDay
2020-06-16,6244.0,-1373.0,0.0,100,312.96,326.0,0,0.0,0.0,,0.0,1,0.09,0.78,SPY201016C00375000,375.0,normalDay
2020-06-17,6244.0,-1498.0,0.0,100,311.66,326.0,0,0.0,0.0,,0.0,1,0.09,0.73,SPY201016C00375000,375.0,normalDay
2020-06-18,6244.0,-1482.0,0.0,100,311.78,326.0,0,0.0,0.0,,0.0,1,0.09,0.69,SPY201016C00375000,375.0,normalDay
2020-06-19,6244.0,-1790.0,0.0,100,308.64,326.0,0,0.0,0.0,,0.0,1,0.09,0.63,SPY201016C00375000,375.0,normalDay
2020-06-22,6244.0,-1593.0,0.0,100,310.62,326.0,0,0.0,0.0,,0.0,1,0.09,0.64,SPY201016C00375000,375.0,normalDay
2020-06-23,6244.0,-1449.0,0.0,100,312.05,326.0,0,0.0,0.0,,0.0,1,0.09,0.63,SPY201016C00375000,375.0,normalDay
2020-06-24,6244.0,-2230.0,0.0,100,304.09,326.0,0,0.0,0.0,,0.0,1,0.09,0.48,SPY201016C00375000,375.0,normalDay
2020-06-25,6244.0,-1908.0,0.0,100,307.35,326.0,0,0.0,0.0,,0.0,1,0.09,0.52,SPY201016C00375000,375.0,normalDay
2020-06-26,6244.0,-2626.0,0.0,100,300.05,326.0,0,0.0,0.0,,0.0,1,0.09,0.4,SPY201016C00375000,375.0,normalDay
2020-06-29,6244.0,-2184.0,0.0,100,304.46,326.0,0,0.0,0.0,,0.0,1,0.09,0.39,SPY201016C00375000,375.0,normalDay
2020-06-30,6244.0,-1797.0,0.0,100,308.36,326.0,0,0.0,0.0,,0.0,1,0.09,0.42,SPY201016C00375000,375.0,normalDay
2020-07-01,6244.0,-1585.0,0.0,100,310.52,326.0,0,0.0,0.0,,0.0,1,0.09,0.46,SPY201016C00375000,375.0,normalDay
2020-07-02,6244.0,-1415.0,0.0,100,312.23,326.0,0,0.0,0.0,,0.0,1,0.09,0.47,SPY201016C00375000,375.0,normalDay
2020-07-06,6244.0,-947.0,0.0,100,317.05,326.0,0,0.0,0.0,,0.0,1,0.09,0.61,SPY201016C00375000,375.0,normalDay
2020-07-07,6244.0,-1261.0,0.0,100,313.78,326.0,0,0.0,0.0,,0.0,1,0.09,0.48,SPY201016C00375000,375.0,normalDay
2020-07-08,6244.0,-1023.0,0.0,100,316.18,326.0,0,0.0,0.0,,0.0,1,0.09,0.5,SPY201016C00375000,375.0,normalDay
2020-07-09,6244.0,-1198.0,0.0,100,314.38,326.0,0,0.0,0.0,,0.0,1,0.09,0.45,SPY201016C00375000,375.0,normalDay
2020-07-10,6244.0,-884.0,0.0,100,317.59,326.0,0,0.0,0.0,,0.0,1,0.09,0.52,SPY201016C00375000,375.0,normalDay
2020-07-13,6244.0,-1158.0,0.0,100,314.84,326.0,0,0.0,0.0,,0.0,1,0.09,0.51,SPY201016C00375000,375.0,normalDay
2020-07-14,6244.0,-759.0,0.0,100,318.92,326.0,0,0.0,0.0,,0.0,1,0.09,0.6,SPY201016C00375000,375.0,normalDay
2020-07-15,6244.0,-478.0,0.0,100,321.85,326.0,0,0.0,0.0,,0.0,1,0.09,0.72,SPY201016C00375000,375.0,normalDay
2020-07-16,6244.0,-574.0,0.0,100,320.79,326.0,0,0.0,0.0,,0.0,1,0.09,0.62,SPY201016C00375000,375.0,normalDay
2020-07-17,6244.0,-482.0,0.0,100,321.72,326.0,0,0.0,0.0,,0.0,1,0.09,0.63,SPY201016C00375000,375.0,normalDay
2020-07-20,6244.0,-224.0,0.0,100,324.32,326.0,0,0.0,0.0,,0.0,1,0.09,0.65,SPY201016C00375000,375.0,normalDay
2020-07-21,6244.0,-150.0,0.0,100,325.01,326.0,0,0.0,0.0,,0.0,1,0.09,0.6,SPY201016C00375000,375.0,normalDay
2020-07-22,6244.0,35.0,0.0,100,326.86,326.0,0,0.0,0.0,,0.0,1,0.09,0.6,SPY201016C00375000,375.0,normalDay
2020-07-23,6244.0,-336.0,0.0,100,322.96,326.0,0,0.0,0.0,,0.0,1,0.09,0.41,SPY201016C00375000,375.0,normalDay
2020-07-24,6244.0,-541.0,0.0,100,320.88,326.0,0,0.0,0.0,,0.0,1,0.09,0.38,SPY201016C00375000,375.0,normalDay
2020-07-27,6244.0,-308.0,0.0,100,323.22,326.0,0,0.0,0.0,,0.0,1,0.09,0.39,SPY201016C00375000,375.0,normalDay
2020-07-28,6244.0,-506.0,0.0,100,321.17,326.0,0,0.0,0.0,,0.0,1,0.09,0.32,SPY201016C00375000,375.0,normalDay
2020-07-29,6244.0,-120.0,0.0,100,325.12,326.0,0,0.0,0.0,,0.0,1,0.09,0.41,SPY201016C00375000,375.0,normalDay
2020-07-30,6244.0,-234.0,0.0,100,323.96,326.0,0,0.0,0.0,,0.0,1,0.09,0.39,SPY201016C00375000,375.0,normalDay
2020-07-31,6244.0,19.0,0.0,100,326.52,326.0,0,0.0,0.0,,0.0,1,0.09,0.42,SPY201016C00375000,375.0,normalDay
2020-08-03,6244.0,242.0,0.0,100,328.79,326.0,0,0.0,0.0,,0.0,1,0.09,0.46,SPY201016C00375000,375.0,normalDay
2020-08-04,6244.0,370.0,0.0,100,330.06,326.0,0,0.0,0.0,,0.0,1,0.09,0.45,SPY201016C00375000,375.0,normalDay
2020-08-05,6244.0,570.0,0.0,100,332.11,326.0,0,0.0,0.0,,0.0,1,0.09,0.5,SPY201016C00375000,375.0,normalDay
2020-08-06,6244.0,784.0,0.0,100,334.33,326.0,0,0.0,0.0,,0.0,1,0.09,0.58,SPY201016C00375000,375.0,normalDay
2020-08-07,6244.0,812.0,0.0,100,334.57,326.0,0,0.0,0.0,,0.0,1,0.09,0.54,SPY201016C00375000,375.0,normalDay
2020-08-10,6244.0,915.0,0.0,100,335.57,326.0,0,0.0,0.0,,0.0,1,0.09,0.51,SPY201016C00375000,375.0,normalDay
2020-08-11,6244.0,649.0,0.0,100,332.8,326.0,0,0.0,0.0,,0.0,1,0.09,0.4,SPY201016C00375000,375.0,normalDay
2020-08-12,6244.0,1098.0,0.0,100,337.44,326.0,0,0.0,0.0,,0.0,1,0.09,0.55,SPY201016C00375000,375.0,normalDay
2020-08-13,6244.0,1043.0,0.0,100,336.83,326.0,0,0.0,0.0,,0.0,1,0.09,0.49,SPY201016C00375000,375.0,normalDay
2020-08-14,6244.0,1052.0,0.0,100,336.84,326.0,0,0.0,0.0,,0.0,1,0.09,0.41,SPY201016C00375000,375.0,normalDay
2020-08-17,6244.0,1160.0,0.0,100,337.91,326.0,0,0.0,0.0,,0.0,1,0.09,0.4,SPY201016C00375000,375.0,normalDay
2020-08-18,6244.0,1233.0,0.0,100,338.64,326.0,0,0.0,0.0,,0.0,1,0.09,0.4,SPY201016C00375000,375.0,normalDay
2020-08-19,6244.0,1098.0,0.0,100,337.23,326.0,0,0.0,0.0,,0.0,1,0.09,0.34,SPY201016C00375000,375.0,normalDay
2020-08-20,6244.0,1203.0,0.0,100,338.28,326.0,0,0.0,0.0,,0.0,1,0.09,0.34,SPY201016C00375000,375.0,normalDay
2020-08-21,6244.0,1320.0,0.0,100,339.48,326.0,0,0.0,0.0,,0.0,1,0.09,0.37,SPY201016C00375000,375.0,normalDay
2020-08-24,6244.0,1655.0,0.0,100,342.92,326.0,0,0.0,0.0,,0.0,1,0.09,0.46,SPY201016C00375000,375.0,normalDay
2020-08-25,6244.0,1770.0,0.0,100,344.12,326.0,0,0.0,0.0,,0.0,1,0.09,0.51,SPY201016C00375000,375.0,normalDay
2020-08-26,6244.0,2086.0,0.0,100,347.57,326.0,0,0.0,0.0,,0.0,1,0.09,0.8,SPY201016C00375000,375.0,normalDay
2020-08-27,6244.0,2141.0,0.0,100,348.33,326.0,0,0.0,0.0,,0.0,1,0.09,1.01,SPY201016C00375000,375.0,normalDay
2020-08-28,6244.0,2353.0,0.0,100,350.58,326.0,0,0.0,0.0,,0.0,1,0.09,1.14,SPY201016C00375000,375.0,normalDay
2020-08-31,6244.0,2211.0,0.0,100,349.31,326.0,0,0.0,0.0,,0.0,1,0.09,1.29,SPY201016C00375000,375.0,normalDay
2020-09-01,6244.0,2510.0,0.0,100,352.6,326.0,0,0.0,0.0,,0.0,1,0.09,1.59,SPY201016C00375000,375.0,normalDay
2020-09-02,6244.0,2875.0,0.0,100,357.7,326.0,0,0.0,0.0,,0.0,1,0.09,3.04,SPY201016C00375000,375.0,normalDay
2020-09-03,6244.0,1806.0,0.0,100,345.39,326.0,0,0.0,0.0,,0.0,1,0.09,1.42,SPY201016C00375000,375.0,normalDay
2020-09-04,6244.0,1589.0,0.0,100,342.57,326.0,0,0.0,0.0,,0.0,1,0.09,0.77,SPY201016C00375000,375.0,normalDay
2020-09-08,6244.0,693.0,0.0,100,333.21,326.0,0,0.0,0.0,,0.0,1,0.09,0.37,SPY201016C00375000,375.0,normalDay
2020-09-09,6244.0,1334.0,0.0,100,339.79,326.0,0,0.0,0.0,,0.0,1,0.09,0.54,SPY201016C00375000,375.0,normalDay
2020-09-10,6244.0,765.0,0.0,100,333.89,326.0,0,0.0,0.0,,0.0,1,0.09,0.33,SPY201016C00375000,375.0,normalDay
2020-09-11,6244.0,792.0,0.0,100,334.06,326.0,0,0.0,0.0,,0.0,1,0.09,0.23,SPY201016C00375000,375.0,normalDay
2020-09-14,6244.0,1228.0,0.0,100,338.46,326.0,0,0.0,0.0,,0.0,1,0.09,0.27,SPY201016C00375000,375.0,normalDay
2020-09-15,6244.0,1398.0,0.0,100,340.17,326.0,0,0.0,0.0,,0.0,1,0.09,0.28,SPY201016C00375000,375.0,normalDay
2020-09-16,6244.0,1271.0,0.0,100,338.82,326.0,0,0.0,0.0,,0.0,1,0.09,0.2,SPY201016C00375000,375.0,normalDay
2020-09-17,6244.0,976.0,0.0,100,335.84,326.0,0,0.0,0.0,,0.0,1,0.09,0.17,SPY201016C00375000,375.0,normalDay
2020-09-18,6244.0,462.0,0.0,100,330.65,326.0,0,0.0,0.0,,0.0,1,0.09,0.12,SPY201016C00375000,375.0,normalDay
2020-09-21,6244.0,97.0,0.0,100,326.97,326.0,0,0.0,0.0,,0.0,1,0.09,0.09,SPY201016C00375000,375.0,normalDay
2020-09-22,6244.0,430.0,0.0,100,330.3,326.0,0,0.0,0.0,,0.0,1,0.09,0.09,SPY201016C00375000,375.0,normalDay
2020-09-23,6244.0,-333.0,0.0,100,322.64,326.0,0,0.0,0.0,,0.0,1,0.09,0.06,SPY201016C00375000,375.0,normalDay
2020-09-24,6244.0,-246.0,0.0,100,323.5,326.0,0,0.0,0.0,,0.0,1,0.09,0.05,SPY201016C00375000,375.0,normalDay
2020-09-25,6244.0,277.0,0.0,100,328.73,326.0,0,0.0,0.0,,0.0,1,0.09,0.05,SPY201016C00375000,375.0,normalDay
2020-09-28,6244.0,821.0,0.0,100,334.19,326.0,0,0.0,0.0,,0.0,1,0.09,0.07,SPY201016C00375000,375.0,normalDay
2020-09-29,6244.0,640.0,0.0,100,332.37,326.0,0,0.0,0.0,,0.0,1,0.09,0.06,SPY201016C00375000,375.0,normalDay
2020-09-30,6244.0,891.0,0.0,100,334.89,326.0,0,0.0,0.0,,0.0,1,0.09,0.07,SPY201016C00375000,375.0,normalDay
2020-10-01,6244.0,1104.0,0.0,100,337.04,326.0,0,0.0,0.0,,0.0,1,0.09,0.09,SPY201016C00375000,375.0,normalDay
2020-10-02,6244.0,788.0,0.0,100,333.84,326.0,0,0.0,0.0,,0.0,1,0.09,0.05,SPY201016C00375000,375.0,normalDay
2020-10-05,6244.0,1382.0,0.0,100,339.76,326.0,0,0.0,0.0,,0.0,1,0.09,0.03,SPY201016C00375000,375.0,normalDay
2020-10-06,6244.0,900.0,0.0,100,334.93,326.0,0,0.0,0.0,,0.0,1,0.09,0.02,SPY201016C00375000,375.0,normalDay
2020-10-07,6244.0,1483.0,0.0,100,340.76,326.0,0,0.0,0.0,,0.0,1,0.09,0.02,SPY201016C00375000,375.0,normalDay
2020-10-08,6244.0,1786.0,0.0,100,343.78,326.0,0,0.0,0.0,,0.0,1,0.09,0.01,SPY201016C00375000,375.0,normalDay
2020-10-09,6244.0,2093.0,0.0,100,346.85,326.0,0,0.0,0.0,,0.0,1,0.09,0.01,SPY201016C00375000,375.0,normalDay
2020-10-12,6244.0,2650.0,0.0,100,352.43,326.0,0,0.0,0.0,,0.0,1,0.09,0.02,SPY201016C00375000,375.0,normalDay
2020-10-13,6244.0,2421.0,0.0,100,350.13,326.0,0,0.0,0.0,,0.0,1,0.09,0.01,SPY201016C00375000,375.0,normalDay
2020-10-14,6244.0,2201.0,0.0,100,347.93,326.0,0,0.0,0.0,,0.0,1,0.09,0.01,SPY201016C00375000,375.0,normalDay
2020-10-15,6244.0,2158.0,0.0,100,347.5,326.0,0,0.0,0.0,,0.0,1,0.09,0.01,SPY201016C00375000,375.0,normalDay
2020-10-16,6253.0,2129.0,9.0,100,347.29,326.0,0,0.0,0.0,,0.0,1,0.09,0.0,SPY201016C00375000,375.0,expirationDay
2020-10-19,6253.0,1568.0,0.0,100,342.01,326.0,0,0.0,0.0,,0.0,1,10.07,10.4,SPY210521C00370000,370.0,normalDay
2020-10-20,6253.0,1693.0,0.0,100,343.38,326.0,0,0.0,0.0,,0.0,1,10.07,10.52,SPY210521C00370000,370.0,normalDay
2020-10-21,6253.0,1661.0,0.0,100,342.73,326.0,0,0.0,0.0,,0.0,1,10.07,10.19,SPY210521C00370000,370.0,normalDay
2020-10-22,6253.0,1827.0,0.0,100,344.61,326.0,0,0.0,0.0,,0.0,1,10.07,10.41,SPY210521C00370000,370.0,normalDay
2020-10-23,6253.0,1940.0,0.0,100,345.78,326.0,0,0.0,0.0,,0.0,1,10.07,10.45,SPY210521C00370000,370.0,normalDay
2020-10-26,6253.0,1430.0,0.0,100,339.39,326.0,0,0.0,0.0,,0.0,1,10.07,9.16,SPY210521C00370000,370.0,normalDay
2020-10-27,6253.0,1363.0,0.0,100,338.22,326.0,0,0.0,0.0,,0.0,1,10.07,8.66,SPY210521C00370000,370.0,normalDay
2020-10-28,6253.0,430.0,0.0,100,326.66,326.0,0,0.0,0.0,,0.0,1,10.07,6.43,SPY210521C00370000,370.0,normalDay
2020-10-29,6253.0,713.0,0.0,100,329.98,326.0,0,0.0,0.0,,0.0,1,10.07,6.92,SPY210521C00370000,370.0,normalDay
2020-10-30,6253.0,466.0,0.0,100,326.54,326.0,0,0.0,0.0,,0.0,1,10.07,5.95,SPY210521C00370000,370.0,normalDay
2020-11-02,6253.0,804.0,0.0,100,330.2,326.0,0,0.0,0.0,,0.0,1,10.07,6.23,SPY210521C00370000,370.0,normalDay
2020-11-03,6253.0,1281.0,0.0,100,336.03,326.0,0,0.0,0.0,,0.0,1,10.07,7.29,SPY210521C00370000,370.0,normalDay
2020-11-04,6253.0,1853.0,0.0,100,343.54,326.0,0,0.0,0.0,,0.0,1,10.07,9.08,SPY210521C00370000,370.0,normalDay
2020-11-05,6253.0,2228.0,0.0,100,350.24,326.0,0,0.0,0.0,,0.0,1,10.07,12.03,SPY210521C00370000,370.0,normalDay
2020-11-06,6253.0,2289.0,0.0,100,350.16,326.0,0,0.0,0.0,,0.0,1,10.07,11.34,SPY210521C00370000,370.0,normalDay
2020-11-09,6253.0,2550.0,0.0,100,354.56,326.0,0,0.0,0.0,,0.0,1,10.07,13.13,SPY210521C00370000,370.0,normalDay
2020-11-10,6253.0,2537.0,0.0,100,354.04,326.0,0,0.0,0.0,,0.0,1,10.07,12.74,SPY210521C00370000,370.0,normalDay
2020-11-11,6253.0,2751.0,0.0,100,356.67,326.0,0,0.0,0.0,,0.0,1,10.07,13.23,SPY210521C00370000,370.0,normalDay
2020-11-12,6253.0,2524.0,0.0,100,353.21,326.0,0,0.0,0.0,,0.0,1,10.07,12.04,SPY210521C00370000,370.0,normalDay
2020-11-13,6253.0,2841.0,0.0,100,358.1,326.0,0,0.0,0.0,,0.0,1,10.07,13.76,SPY210521C00370000,370.0,normalDay
2020-11-16,6253.0,3063.0,0.0,100,362.57,326.0,0,0.0,0.0,,0.0,1,10.07,16.01,SPY210521C00370000,370.0,normalDay
2020-11-17,6253.0,2966.0,0.0,100,360.62,326.0,0,0.0,0.0,,0.0,1,10.07,15.03,SPY210521C00370000,370.0,normalDay
2020-11-18,6253.0,2724.0,0.0,100,356.28,326.0,0,0.0,0.0,,0.0,1,10.07,13.11,SPY210521C00370000,370.0,normalDay
2020-11-19,6253.0,2844.0,0.0,100,357.78,326.0,0,0.0,0.0,,0.0,1,10.07,13.41,SPY210521C00370000,370.0,normalDay
2020-11-20,6253.0,2722.0,0.0,100,355.33,326.0,0,0.0,0.0,,0.0,1,10.07,12.18,SPY210521C00370000,370.0,normalDay
2020-11-23,6253.0,2873.0,0.0,100,357.46,326.0,0,0.0,0.0,,0.0,1,10.07,12.8,SPY210521C00370000,370.0,normalDay
2020-11-24,6253.0,3174.0,0.0,100,363.22,326.0,0,0.0,0.0,,0.0,1,10.07,15.55,SPY210521C00370000,370.0,normalDay
2020-11-25,6253.0,3193.0,0.0,100,362.66,326.0,0,0.0,0.0,,0.0,1,10.07,14.8,SPY210521C00370000,370.0,normalDay
2020-11-27,6253.0,3233.0,0.0,100,363.67,326.0,0,0.0,0.0,,0.0,1,10.07,15.41,SPY210521C00370000,370.0,normalDay
2020-11-30,6253.0,3148.0,0.0,100,362.06,326.0,0,0.0,0.0,,0.0,1,10.07,14.65,SPY210521C00370000,370.0,normalDay
2020-12-01,6253.0,3333.0,0.0,100,366.02,326.0,0,0.0,0.0,,0.0,1,10.07,16.76,SPY210521C00370000,370.0,normalDay
2020-12-02,6253.0,3357.0,0.0,100,366.79,326.0,0,0.0,0.0,,0.0,1,10.07,17.29,SPY210521C00370000,370.0,normalDay
2020-12-03,6253.0,3385.0,0.0,100,366.69,326.0,0,0.0,0.0,,0.0,1,10.07,16.91,SPY210521C00370000,370.0,normalDay
2020-12-04,6253.0,3550.0,0.0,100,369.85,326.0,0,0.0,0.0,,0.0,1,10.07,18.42,SPY210521C00370000,370.0,normalDay
2020-12-07,6253.0,3514.0,0.0,100,369.09,326.0,0,0.0,0.0,,0.0,1,10.07,18.02,SPY210521C00370000,370.0,normalDay
2020-12-08,6253.0,3570.0,0.0,100,370.17,326.0,0,0.0,0.0,,0.0,1,10.07,18.54,SPY210521C00370000,370.0,normalDay
2020-12-09,6253.0,3413.0,0.0,100,366.85,326.0,0,0.0,0.0,,0.0,1,10.07,16.79,SPY210521C00370000,370.0,normalDay
2020-12-10,6253.0,3399.0,0.0,100,366.73,326.0,0,0.0,0.0,,0.0,1,10.07,16.81,SPY210521C00370000,370.0,normalDay
2020-12-11,6253.0,3345.0,0.0,100,366.3,326.0,0,0.0,0.0,,0.0,1,10.07,16.92,SPY210521C00370000,370.0,normalDay
2020-12-14,6253.0,3232.0,0.0,100,364.66,326.0,0,0.0,0.0,,0.0,1,10.07,16.41,SPY210521C00370000,370.0,normalDay
2020-12-15,6253.0,3533.0,0.0,100,369.59,326.0,0,0.0,0.0,,0.0,1,10.07,18.33,SPY210521C00370000,370.0,normalDay
2020-12-16,6253.0,3565.0,0.0,100,370.17,326.0,0,0.0,0.0,,0.0,1,10.07,18.59,SPY210521C00370000,370.0,normalDay
2020-12-17,6253.0,3675.0,0.0,100,372.24,326.0,0,0.0,0.0,,0.0,1,10.07,19.56,SPY210521C00370000,370.0,normalDay
2020-12-18,6253.0,3404.0,0.0,100,369.18,326.0,0,0.0,0.0,,0.0,1,10.07,19.21,SPY210521C00370000,370.0,normalDay
2020-12-21,6253.0,3343.0,0.0,100,367.86,326.0,0,0.0,0.0,,0.0,1,10.07,18.5,SPY210521C00370000,370.0,normalDay
2020-12-22,6253.0,3349.0,0.0,100,367.24,326.0,0,0.0,0.0,,0.0,1,10.07,17.82,SPY210521C00370000,370.0,normalDay
2020-12-23,6253.0,3432.0,0.0,100,367.57,326.0,0,0.0,0.0,,0.0,1,10.07,17.32,SPY210521C00370000,370.0,normalDay
2020-12-24,6253.0,3533.0,0.0,100,369.0,326.0,0,0.0,0.0,,0.0,1,10.07,17.74,SPY210521C00370000,370.0,normalDay
2020-12-28,6253.0,3657.0,0.0,100,372.17,326.0,0,0.0,0.0,,0.0,1,10.07,19.67,SPY210521C00370000,370.0,normalDay
2020-12-29,6253.0,3569.0,0.0,100,371.46,326.0,0,0.0,0.0,,0.0,1,10.07,19.84,SPY210521C00370000,370.0,normalDay
2020-12-30,6253.0,3647.0,0.0,100,371.99,326.0,0,0.0,0.0,,0.0,1,10.07,19.59,SPY210521C00370000,370.0,normalDay
2020-12-31,6253.0,3693.0,0.0,100,373.88,326.0,0,0.0,0.0,,0.0,1,10.07,21.02,SPY210521C00370000,370.0,normalDay
2021-01-04,6253.0,3409.0,0.0,100,368.79,326.0,0,0.0,0.0,,0.0,1,10.07,18.77,SPY210521C00370000,370.0,normalDay
2021-01-05,6253.0,3578.0,0.0,100,371.33,326.0,0,0.0,0.0,,0.0,1,10.07,19.62,SPY210521C00370000,370.0,normalDay
2021-01-06,6253.0,3647.0,0.0,100,373.55,326.0,0,0.0,0.0,,0.0,1,10.07,21.15,SPY210521C00370000,370.0,normalDay
2021-01-07,6253.0,3941.0,0.0,100,379.1,326.0,0,0.0,0.0,,0.0,1,10.07,23.76,SPY210521C00370000,370.0,normalDay
2021-01-08,6253.0,3989.0,0.0,100,381.26,326.0,0,0.0,0.0,,0.0,1,10.07,25.44,SPY210521C00370000,370.0,normalDay
2021-01-11,6253.0,3833.0,0.0,100,378.69,326.0,0,0.0,0.0,,0.0,1,10.07,24.43,SPY210521C00370000,370.0,normalDay
2021-01-12,6253.0,3909.0,0.0,100,378.77,326.0,0,0.0,0.0,,0.0,1,10.07,23.75,SPY210521C00370000,370.0,normalDay
2021-01-13,6253.0,3947.0,0.0,100,379.79,326.0,0,0.0,0.0,,0.0,1,10.07,24.39,SPY210521C00370000,370.0,normalDay
2021-01-14,6253.0,3883.0,0.0,100,378.46,326.0,0,0.0,0.0,,0.0,1,10.07,23.7,SPY210521C00370000,370.0,normalDay
2021-01-15,6253.0,3817.0,0.0,100,375.7,326.0,0,0.0,0.0,,0.0,1,10.07,21.6,SPY210521C00370000,370.0,normalDay
2021-01-19,6253.0,3918.0,0.0,100,378.65,326.0,0,0.0,0.0,,0.0,1,10.07,23.54,SPY210521C00370000,370.0,normalDay
2021-01-20,6253.0,4118.0,0.0,100,383.89,326.0,0,0.0,0.0,,0.0,1,10.07,26.78,SPY210521C00370000,370.0,normalDay
2021-01-21,6253.0,4135.0,0.0,100,384.24,326.0,0,0.0,0.0,,0.0,1,10.07,26.96,SPY210521C00370000,370.0,normalDay
2021-01-22,6253.0,4084.0,0.0,100,382.88,326.0,0,0.0,0.0,,0.0,1,10.07,26.11,SPY210521C00370000,370.0,normalDay
2021-01-25,6253.0,4096.0,0.0,100,384.39,326.0,0,0.0,0.0,,0.0,1,10.07,27.5,SPY210521C00370000,370.0,normalDay
2021-01-26,6253.0,4019.0,0.0,100,383.79,326.0,0,0.0,0.0,,0.0,1,10.07,27.67,SPY210521C00370000,370.0,normalDay
2021-01-27,6253.0,3492.0,0.0,100,374.41,326.0,0,0.0,0.0,,0.0,1,10.07,23.56,SPY210521C00370000,370.0,normalDay
2021-01-28,6253.0,3670.0,0.0,100,377.63,326.0,0,0.0,0.0,,0.0,1,10.07,25.0,SPY210521C00370000,370.0,normalDay
2021-01-29,6253.0,3336.0,0.0,100,370.07,326.0,0,0.0,0.0,,0.0,1,10.07,20.78,SPY210521C00370000,370.0,normalDay
2021-02-01,6253.0,3695.0,0.0,100,376.23,326.0,0,0.0,0.0,,0.0,1,10.07,23.35,SPY210521C00370000,370.0,normalDay
2021-02-02,6253.0,3935.0,0.0,100,381.55,326.0,0,0.0,0.0,,0.0,1,10.07,26.27,SPY210521C00370000,370.0,normalDay
2021-02-03,6253.0,4028.0,0.0,100,381.85,326.0,0,0.0,0.0,,0.0,1,10.07,25.64,SPY210521C00370000,370.0,normalDay
2021-02-04,6253.0,4256.0,0.0,100,386.19,326.0,0,0.0,0.0,,0.0,1,10.07,27.7,SPY210521C00370000,370.0,normalDay
2021-02-05,6253.0,4302.0,0.0,100,387.71,326.0,0,0.0,0.0,,0.0,1,10.07,28.76,SPY210521C00370000,370.0,normalDay
2021-02-08,6253.0,4406.0,0.0,100,390.51,326.0,0,0.0,0.0,,0.0,1,10.07,30.52,SPY210521C00370000,370.0,normalDay
2021-02-09,6253.0,4356.0,0.0,100,390.25,326.0,0,0.0,0.0,,0.0,1,10.07,30.76,SPY210521C00370000,370.0,normalDay
2021-02-10,6253.0,4347.0,0.0,100,390.08,326.0,0,0.0,0.0,,0.0,1,10.07,30.68,SPY210521C00370000,370.0,normalDay
2021-02-11,6253.0,4420.0,0.0,100,390.71,326.0,0,0.0,0.0,,0.0,1,10.07,30.58,SPY210521C00370000,370.0,normalDay
2021-02-12,6253.0,4477.0,0.0,100,392.64,326.0,0,0.0,0.0,,0.0,1,10.07,31.94,SPY210521C00370000,370.0,normalDay
2021-02-16,6253.0,4501.0,0.0,100,392.3,326.0,0,0.0,0.0,,0.0,1,10.07,31.36,SPY210521C00370000,370.0,normalDay
2021-02-17,6253.0,4528.0,0.0,100,392.39,326.0,0,0.0,0.0,,0.0,1,10.07,31.18,SPY210521C00370000,370.0,normalDay
2021-02-18,6253.0,4461.0,0.0,100,390.72,326.0,0,0.0,0.0,,0.0,1,10.07,30.18,SPY210521C00370000,370.0,normalDay
2021-02-19,6253.0,4496.0,0.0,100,390.03,326.0,0,0.0,0.0,,0.0,1,10.07,29.14,SPY210521C00370000,370.0,normalDay
2021-02-22,6253.0,4388.0,0.0,100,387.03,326.0,0,0.0,0.0,,0.0,1,10.07,27.22,SPY210521C00370000,370.0,normalDay
2021-02-23,6253.0,4452.0,0.0,100,387.5,326.0,0,0.0,0.0,,0.0,1,10.07,27.05,SPY210521C00370000,370.0,normalDay
2021-02-24,6253.0,4589.0,0.0,100,391.77,326.0,0,0.0,0.0,,0.0,1,10.07,29.95,SPY210521C00370000,370.0,normalDay
2021-02-25,6253.0,4096.0,0.0,100,382.33,326.0,0,0.0,0.0,,0.0,1,10.07,25.44,SPY210521C00370000,370.0,normalDay
2021-02-26,6253.0,4160.0,0.0,100,380.36,326.0,0,0.0,0.0,,0.0,1,10.07,22.83,SPY210521C00370000,370.0,normalDay
2021-03-01,6253.0,4599.0,0.0,100,389.58,326.0,0,0.0,0.0,,0.0,1,10.07,27.66,SPY210521C00370000,370.0,normalDay
2021-03-02,6253.0,4501.0,0.0,100,386.54,326.0,0,0.0,0.0,,0.0,1,10.07,25.6,SPY210521C00370000,370.0,normalDay
2021-03-03,6253.0,4308.0,0.0,100,381.42,326.0,0,0.0,0.0,,0.0,1,10.07,22.41,SPY210521C00370000,370.0,normalDay
2021-03-04,6253.0,4095.0,0.0,100,376.7,326.0,0,0.0,0.0,,0.0,1,10.07,19.82,SPY210521C00370000,370.0,normalDay
2021-03-05,6253.0,4441.0,0.0,100,383.63,326.0,0,0.0,0.0,,0.0,1,10.07,23.29,SPY210521C00370000,370.0,normalDay
2021-03-08,6253.0,4364.0,0.0,100,381.72,326.0,0,0.0,0.0,,0.0,1,10.07,22.15,SPY210521C00370000,370.0,normalDay
2021-03-09,6253.0,4581.0,0.0,100,387.17,326.0,0,0.0,0.0,,0.0,1,10.07,25.43,SPY210521C00370000,370.0,normalDay
2021-03-10,6253.0,4642.0,0.0,100,389.58,326.0,0,0.0,0.0,,0.0,1,10.07,27.23,SPY210521C00370000,370.0,normalDay
2021-03-11,6253.0,4813.0,0.0,100,393.53,326.0,0,0.0,0.0,,0.0,1,10.07,29.47,SPY210521C00370000,370.0,normalDay
2021-03-12,6253.0,4825.0,0.0,100,394.06,326.0,0,0.0,0.0,,0.0,1,10.07,29.88,SPY210521C00370000,370.0,normalDay
2021-03-15,6253.0,4929.0,0.0,100,396.41,326.0,0,0.0,0.0,,0.0,1,10.07,31.19,SPY210521C00370000,370.0,normalDay
2021-03-16,6253.0,4935.0,0.0,100,395.91,326.0,0,0.0,0.0,,0.0,1,10.07,30.63,SPY210521C00370000,370.0,normalDay
2021-03-17,6253.0,5023.0,0.0,100,397.26,326.0,0,0.0,0.0,,0.0,1,10.07,31.1,SPY210521C00370000,370.0,normalDay
2021-03-18,6253.0,4818.0,0.0,100,391.48,326.0,0,0.0,0.0,,0.0,1,10.07,27.37,SPY210521C00370000,370.0,normalDay
2021-03-19,6253.0,4753.0,0.0,100,389.48,326.0,0,0.0,0.0,,0.0,1,10.07,26.02,SPY210521C00370000,370.0,normalDay
2021-03-22,6253.0,4899.0,0.0,100,392.59,326.0,0,0.0,0.0,,0.0,1,10.07,27.67,SPY210521C00370000,370.0,normalDay
2021-03-23,6253.0,4804.0,0.0,100,389.5,326.0,0,0.0,0.0,,0.0,1,10.07,25.53,SPY210521C00370000,370.0,normalDay
2021-03-24,6253.0,4764.0,0.0,100,387.52,326.0,0,0.0,0.0,,0.0,1,10.07,23.95,SPY210521C00370000,370.0,normalDay
2021-03-25,6253.0,4857.0,0.0,100,389.7,326.0,0,0.0,0.0,,0.0,1,10.07,25.2,SPY210521C00370000,370.0,normalDay
2021-03-26,6253.0,5012.0,0.0,100,395.98,326.0,0,0.0,0.0,,0.0,1,10.07,29.93,SPY210521C00370000,370.0,normalDay
2021-03-29,6253.0,4989.0,0.0,100,395.78,326.0,0,0.0,0.0,,0.0,1,10.07,29.96,SPY210521C00370000,370.0,normalDay
2021-03-30,6253.0,5031.0,0.0,100,394.73,326.0,0,0.0,0.0,,0.0,1,10.07,28.49,SPY210521C00370000,370.0,normalDay
2021-03-31,6253.0,5052.0,0.0,100,396.33,326.0,0,0.0,0.0,,0.0,1,10.07,29.88,SPY210521C00370000,370.0,normalDay
2021-04-01,6253.0,5117.0,0.0,100,400.61,326.0,0,0.0,0.0,,0.0,1,10.07,33.51,SPY210521C00370000,370.0,normalDay
2021-04-05,6253.0,5205.0,0.0,100,406.36,326.0,0,0.0,0.0,,0.0,1,10.07,38.38,SPY210521C00370000,370.0,normalDay
2021-04-06,6253.0,5203.0,0.0,100,406.12,326.0,0,0.0,0.0,,0.0,1,10.07,38.16,SPY210521C00370000,370.0,normalDay
2021-04-07,6253.0,5196.0,0.0,100,406.59,326.0,0,0.0,0.0,,0.0,1,10.07,38.7,SPY210521C00370000,370.0,normalDay
2021-04-08,6253.0,5215.0,0.0,100,408.52,326.0,0,0.0,0.0,,0.0,1,10.07,40.44,SPY210521C00370000,370.0,normalDay
2021-04-09,6253.0,5300.0,0.0,100,411.49,326.0,0,0.0,0.0,,0.0,1,10.07,42.56,SPY210521C00370000,370.0,normalDay
2021-04-12,6253.0,5285.0,0.0,100,411.64,326.0,0,0.0,0.0,,0.0,1,10.07,42.86,SPY210521C00370000,370.0,normalDay
2021-04-13,6253.0,5294.0,0.0,100,412.86,326.0,0,0.0,0.0,,0.0,1,10.07,43.99,SPY210521C00370000,370.0,normalDay
2021-04-14,6253.0,5250.0,0.0,100,411.45,326.0,0,0.0,0.0,,0.0,1,10.07,43.02,SPY210521C00370000,370.0,normalDay
2021-04-15,6253.0,5299.0,0.0,100,415.87,326.0,0,0.0,0.0,,0.0,1,10.07,46.95,SPY210521C00370000,370.0,normalDay
2021-04-16,6253.0,5330.0,0.0,100,417.26,326.0,0,0.0,0.0,,0.0,1,10.07,48.03,SPY210521C00370000,370.0,normalDay
2021-04-19,6253.0,5313.0,0.0,100,415.21,326.0,0,0.0,0.0,,0.0,1,10.07,46.15,SPY210521C00370000,370.0,normalDay
2021-04-20,6253.0,5319.0,0.0,100,412.17,326.0,0,0.0,0.0,,0.0,1,10.07,43.05,SPY210521C00370000,370.0,normalDay
2021-04-21,6253.0,5364.0,0.0,100,416.07,326.0,0,0.0,0.0,,0.0,1,10.07,46.5,SPY210521C00370000,370.0,normalDay
2021-04-22,6253.0,5326.0,0.0,100,412.27,326.0,0,0.0,0.0,,0.0,1,10.07,43.08,SPY210521C00370000,370.0,normalDay
2021-04-23,6253.0,5347.0,0.0,100,416.74,326.0,0,0.0,0.0,,0.0,1,10.07,47.34,SPY210521C00370000,370.0,normalDay
2021-04-26,6253.0,5335.0,0.0,100,417.61,326.0,0,0.0,0.0,,0.0,1,10.07,48.33,SPY210521C00370000,370.0,normalDay
2021-04-27,6253.0,5341.0,0.0,100,417.52,326.0,0,0.0,0.0,,0.0,1,10.07,48.18,SPY210521C00370000,370.0,normalDay
2021-04-28,6253.0,5307.0,0.0,100,417.4,326.0,0,0.0,0.0,,0.0,1,10.07,48.4,SPY210521C00370000,370.0,normalDay
2021-04-29,6253.0,5365.0,0.0,100,420.06,326.0,0,0.0,0.0,,0.0,1,10.07,50.48,SPY210521C00370000,370.0,normalDay
2021-04-30,6253.0,5322.0,0.0,100,417.3,326.0,0,0.0,0.0,,0.0,1,10.07,48.15,SPY210521C00370000,370.0,normalDay
2021-05-03,6253.0,5355.0,0.0,100,418.2,326.0,0,0.0,0.0,,0.0,1,10.07,48.72,SPY210521C00370000,370.0,normalDay
2021-05-04,6253.0,5363.0,0.0,100,415.62,326.0,0,0.0,0.0,,0.0,1,10.07,46.06,SPY210521C00370000,370.0,normalDay
2021-05-05,6253.0,5370.0,0.0,100,415.75,326.0,0,0.0,0.0,,0.0,1,10.07,46.12,SPY210521C00370000,370.0,normalDay
2021-05-06,6253.0,5363.0,0.0,100,419.07,326.0,0,0.0,0.0,,0.0,1,10.07,49.51,SPY210521C00370000,370.0,normalDay
2021-05-07,6253.0,5367.0,0.0,100,422.12,326.0,0,0.0,0.0,,0.0,1,10.07,52.52,SPY210521C00370000,370.0,normalDay
2021-05-10,6253.0,5401.0,0.0,100,417.94,326.0,0,0.0,0.0,,0.0,1,10.07,48.0,SPY210521C00370000,370.0,normalDay
2021-05-11,6253.0,5378.0,0.0,100,414.21,326.0,0,0.0,0.0,,0.0,1,10.07,44.5,SPY210521C00370000,370.0,normalDay
2021-05-12,6253.0,5304.0,0.0,100,405.41,326.0,0,0.0,0.0,,0.0,1,10.07,36.44,SPY210521C00370000,370.0,normalDay
2021-05-13,6253.0,5395.0,0.0,100,410.28,326.0,0,0.0,0.0,,0.0,1,10.07,40.4,SPY210521C00370000,370.0,normalDay
2021-05-14,6253.0,5338.0,0.0,100,416.58,326.0,0,0.0,0.0,,0.0,1,10.07,47.27,SPY210521C00370000,370.0,normalDay
2021-05-17,6253.0,5368.0,0.0,100,415.52,326.0,0,0.0,0.0,,0.0,1,10.07,45.91,SPY210521C00370000,370.0,normalDay
2021-05-18,6253.0,5392.0,0.0,100,411.94,326.0,0,0.0,0.0,,0.0,1,10.07,42.09,SPY210521C00370000,370.0,normalDay
2021-05-19,6253.0,5392.0,0.0,100,410.86,326.0,0,0.0,0.0,,0.0,1,10.07,41.01,SPY210521C00370000,370.0,normalDay
2021-05-20,6253.0,5424.0,0.0,100,415.28,326.0,0,0.0,0.0,,0.0,1,10.07,45.11,SPY210521C00370000,370.0,normalDay
2021-05-21,11660.0,5424.0,5407.0,0,414.94,0.0,0,0.0,0.0,,0.0,1,10.07,0.0,SPY210521C00370000,370.0,expirationDay
2021-05-24,11660.0,-5.0,0.0,0,419.17,0.0,1,5.96,6.01,SPY210625P00415000,415.0,0,0.0,0.0,,0.0,normalDay
2021-05-25,11660.0,-45.0,0.0,0,418.24,0.0,1,5.96,6.41,SPY210625P00415000,415.0,0,0.0,0.0,,0.0,normalDay
2021-05-26,11660.0,47.0,0.0,0,419.07,0.0,1,5.96,5.49,SPY210625P00415000,415.0,0,0.0,0.0,,0.0,normalDay
2021-05-27,11660.0,119.0,0.0,0,419.29,0.0,1,5.96,4.77,SPY210625P00415000,415.0,0,0.0,0.0,,0.0,normalDay
2021-05-28,11660.0,146.0,0.0,0,420.04,0.0,1,5.96,4.5,SPY210625P00415000,415.0,0,0.0,0.0,,0.0,normalDay
2021-06-01,11660.0,129.0,0.0,0,419.67,0.0,1,5.96,4.67,SPY210625P00415000,415.0,0,0.0,0.0,,0.0,normalDay
2021-06-02,11660.0,186.0,0.0,0,420.33,0.0,1,5.96,4.1,SPY210625P00415000,415.0,0,0.0,0.0,,0.0,normalDay
2021-06-03,11660.0,124.0,0.0,0,418.77,0.0,1,5.96,4.72,SPY210625P00415000,415.0,0,0.0,0.0,,0.0,normalDay
2021-06-04,11660.0,288.0,0.0,0,422.6,0.0,1,5.96,3.08,SPY210625P00415000,415.0,0,0.0,0.0,,0.0,normalDay
2021-06-07,11660.0,332.0,0.0,0,422.19,0.0,1,5.96,2.64,SPY210625P00415000,415.0,0,0.0,0.0,,0.0,normalDay
2021-06-08,11660.0,322.0,0.0,0,422.28,0.0,1,5.96,2.74,SPY210625P00415000,415.0,0,0.0,0.0,,0.0,normalDay
2021-06-09,11660.0,293.0,0.0,0,421.65,0.0,1,5.96,3.03,SPY210625P00415000,415.0,0,0.0,0.0,,0.0,normalDay
2021-06-10,11660.0,410.0,0.0,0,423.61,0.0,1,5.96,1.86,SPY210625P00415000,415.0,0,0.0,0.0,,0.0,normalDay
2021-06-11,11660.0,445.0,0.0,0,424.31,0.0,1,5.96,1.51,SPY210625P00415000,415.0,0,0.0,0.0,,0.0,normalDay
2021-06-14,11660.0,468.0,0.0,0,425.26,0.0,1,5.96,1.28,SPY210625P00415000,415.0,0,0.0,0.0,,0.0,normalDay
2021-06-15,11660.0,449.0,0.0,0,424.48,0.0,1,5.96,1.47,SPY210625P00415000,415.0,0,0.0,0.0,,0.0,normalDay
2021-06-16,11660.0,396.0,0.0,0,422.11,0.0,1,5.96,2.0,SPY210625P00415000,415.0,0,0.0,0.0,,0.0,normalDay
2021-06-17,11660.0,443.0,0.0,0,421.97,0.0,1,5.96,1.53,SPY210625P00415000,415.0,0,0.0,0.0,,0.0,normalDay
2021-06-18,11660.0,211.0,0.0,0,414.92,0.0,1,5.96,3.85,SPY210625P00415000,415.0,0,0.0,0.0,,0.0,normalDay
2021-06-21,11660.0,514.0,0.0,0,420.86,0.0,1,5.96,0.82,SPY210625P00415000,415.0,0,0.0,0.0,,0.0,normalDay
2021-06-22,11660.0,566.0,0.0,0,423.11,0.0,1,5.96,0.3,SPY210625P00415000,415.0,0,0.0,0.0,,0.0,normalDay
2021-06-23,11660.0,582.0,0.0,0,422.6,0.0,1,5.96,0.14,SPY210625P00415000,415.0,0,0.0,0.0,,0.0,normalDay
2021-06-24,11660.0,592.0,0.0,0,425.1,0.0,1,5.96,0.04,SPY210625P00415000,415.0,0,0.0,0.0,,0.0,normalDay
2021-06-25,12256.0,0.0,596.0,0,426.61,0.0,1,5.96,0.0,SPY210625P00415000,415.0,0,0.0,0.0,,0.0,expirationDay
2021-06-28,12256.0,-4.0,0.0,0,427.47,0.0,1,4.14,4.18,SPY210730P00422000,422.0,0,0.0,0.0,,0.0,normalDay
2021-06-29,12256.0,15.0,0.0,0,427.7,0.0,1,4.14,3.99,SPY210730P00422000,422.0,0,0.0,0.0,,0.0,normalDay
2021-06-30,12256.0,46.0,0.0,0,428.06,0.0,1,4.14,3.68,SPY210730P00422000,422.0,0,0.0,0.0,,0.0,normalDay
2021-07-01,12256.0,93.0,0.0,0,430.43,0.0,1,4.14,3.21,SPY210730P00422000,422.0,0,0.0,0.0,,0.0,normalDay
2021-07-02,12256.0,166.0,0.0,0,433.72,0.0,1,4.14,2.48,SPY210730P00422000,422.0,0,0.0,0.0,,0.0,normalDay
2021-07-06,12256.0,149.0,0.0,0,432.93,0.0,1,4.14,2.65,SPY210730P00422000,422.0,0,0.0,0.0,,0.0,normalDay
2021-07-07,12256.0,186.0,0.0,0,434.46,0.0,1,4.14,2.28,SPY210730P00422000,422.0,0,0.0,0.0,,0.0,normalDay
2021-07-08,12256.0,52.0,0.0,0,430.92,0.0,1,4.14,3.62,SPY210730P00422000,422.0,0,0.0,0.0,,0.0,normalDay
2021-07-09,12256.0,219.0,0.0,0,435.52,0.0,1,4.14,1.95,SPY210730P00422000,422.0,0,0.0,0.0,,0.0,normalDay
2021-07-12,12256.0,263.0,0.0,0,437.08,0.0,1,4.14,1.51,SPY210730P00422000,422.0,0,0.0,0.0,,0.0,normalDay
2021-07-13,12256.0,226.0,0.0,0,435.59,0.0,1,4.14,1.88,SPY210730P00422000,422.0,0,0.0,0.0,,0.0,normalDay
2021-07-14,12256.0,275.0,0.0,0,436.24,0.0,1,4.14,1.39,SPY210730P00422000,422.0,0,0.0,0.0,,0.0,normalDay
2021-07-15,12256.0,246.0,0.0,0,434.75,0.0,1,4.14,1.68,SPY210730P00422000,422.0,0,0.0,0.0,,0.0,normalDay
2021-07-16,12256.0,173.0,0.0,0,431.34,0.0,1,4.14,2.41,SPY210730P00422000,422.0,0,0.0,0.0,,0.0,normalDay
2021-07-19,12256.0,-35.0,0.0,0,424.97,0.0,1,4.14,4.49,SPY210730P00422000,422.0,0,0.0,0.0,,0.0,normalDay
2021-07-20,12256.0,203.0,0.0,0,431.06,0.0,1,4.14,2.11,SPY210730P00422000,422.0,0,0.0,0.0,,0.0,normalDay
2021-07-21,12256.0,325.0,0.0,0,434.55,0.0,1,4.14,0.89,SPY210730P00422000,422.0,0,0.0,0.0,,0.0,normalDay
2021-07-22,12256.0,353.0,0.0,0,435.46,0.0,1,4.14,0.61,SPY210730P00422000,422.0,0,0.0,0.0,,0.0,normalDay
2021-07-23,12256.0,393.0,0.0,0,439.94,0.0,1,4.14,0.21,SPY210730P00422000,422.0,0,0.0,0.0,,0.0,normalDay
2021-07-26,12256.0,406.0,0.0,0,441.02,0.0,1,4.14,0.08,SPY210730P00422000,422.0,0,0.0,0.0,,0.0,normalDay
2021-07-27,12256.0,397.0,0.0,0,439.01,0.0,1,4.14,0.17,SPY210730P00422000,422.0,0,0.0,0.0,,0.0,normalDay
2021-07-28,12256.0,408.0,0.0,0,438.83,0.0,1,4.14,0.06,SPY210730P00422000,422.0,0,0.0,0.0,,0.0,normalDay
2021-07-29,12256.0,412.0,0.0,0,440.65,0.0,1,4.14,0.02,SPY210730P00422000,422.0,0,0.0,0.0,,0.0,normalDay
2021-07-30,12670.0,0.0,414.0,0,438.51,0.0,1,4.14,0.0,SPY210730P00422000,422.0,0,0.0,0.0,,0.0,expirationDay
2021-08-02,12670.0,-5.0,0.0,0,437.59,0.0,1,6.68,6.73,SPY210903P00435000,435.0,0,0.0,0.0,,0.0,normalDay
2021-08-03,12670.0,156.0,0.0,0,441.15,0.0,1,6.68,5.12,SPY210903P00435000,435.0,0,0.0,0.0,,0.0,normalDay
2021-08-04,12670.0,117.0,0.0,0,438.98,0.0,1,6.68,5.51,SPY210903P00435000,435.0,0,0.0,0.0,,0.0,normalDay
2021-08-05,12670.0,219.0,0.0,0,441.76,0.0,1,6.68,4.49,SPY210903P00435000,435.0,0,0.0,0.0,,0.0,normalDay
2021-08-06,12670.0,287.0,0.0,0,442.49,0.0,1,6.68,3.81,SPY210903P00435000,435.0,0,0.0,0.0,,0.0,normalDay
2021-08-09,12670.0,304.0,0.0,0,442.13,0.0,1,6.68,3.64,SPY210903P00435000,435.0,0,0.0,0.0,,0.0,normalDay
2021-08-10,12670.0,309.0,0.0,0,442.68,0.0,1,6.68,3.59,SPY210903P00435000,435.0,0,0.0,0.0,,0.0,normalDay
2021-08-11,12670.0,369.0,0.0,0,443.78,0.0,1,6.68,2.99,SPY210903P00435000,435.0,0,0.0,0.0,,0.0,normalDay
2021-08-12,12670.0,422.0,0.0,0,445.11,0.0,1,6.68,2.46,SPY210903P00435000,435.0,0,0.0,0.0,,0.0,normalDay
2021-08-13,12670.0,460.0,0.0,0,445.92,0.0,1,6.68,2.08,SPY210903P00435000,435.0,0,0.0,0.0,,0.0,normalDay
2021-08-16,12670.0,486.0,0.0,0,446.97,0.0,1,6.68,1.82,SPY210903P00435000,435.0,0,0.0,0.0,,0.0,normalDay
2021-08-17,12670.0,386.0,0.0,0,444.04,0.0,1,6.68,2.82,SPY210903P00435000,435.0,0,0.0,0.0,,0.0,normalDay
2021-08-18,12670.0,186.0,0.0,0,439.18,0.0,1,6.68,4.82,SPY210903P00435000,435.0,0,0.0,0.0,,0.0,normalDay
2021-08-19,12670.0,234.0,0.0,0,439.86,0.0,1,6.68,4.34,SPY210903P00435000,435.0,0,0.0,0.0,,0.0,normalDay
2021-08-20,12670.0,430.0,0.0,0,443.36,0.0,1,6.68,2.38,SPY210903P00435000,435.0,0,0.0,0.0,,0.0,normalDay
2021-08-23,12670.0,565.0,0.0,0,447.26,0.0,1,6.68,1.03,SPY210903P00435000,435.0,0,0.0,0.0,,0.0,normalDay
2021-08-24,12670.0,579.0,0.0,0,447.97,0.0,1,6.68,0.89,SPY210903P00435000,435.0,0,0.0,0.0,,0.0,normalDay
2021-08-25,12670.0,606.0,0.0,0,448.91,0.0,1,6.68,0.62,SPY210903P00435000,435.0,0,0.0,0.0,,0.0,normalDay
2021-08-26,12670.0,549.0,0.0,0,446.26,0.0,1,6.68,1.19,SPY210903P00435000,435.0,0,0.0,0.0,,0.0,normalDay
2021-08-27,12670.0,636.0,0.0,0,450.25,0.0,1,6.68,0.32,SPY210903P00435000,435.0,0,0.0,0.0,,0.0,normalDay
2021-08-30,12670.0,657.0,0.0,0,452.23,0.0,1,6.68,0.11,SPY210903P00435000,435.0,0,0.0,0.0,,0.0,normalDay
2021-08-31,12670.0,658.0,0.0,0,451.56,0.0,1,6.68,0.1,SPY210903P00435000,435.0,0,0.0,0.0,,0.0,normalDay
2021-09-01,12670.0,663.0,0.0,0,451.8,0.0,1,6.68,0.05,SPY210903P00435000,435.0,0,0.0,0.0,,0.0,normalDay
2021-09-02,12670.0,665.0,0.0,0,453.19,0.0,1,6.68,0.03,SPY210903P00435000,435.0,0,0.0,0.0,,0.0,normalDay
2021-09-03,13338.0,0.0,668.0,0,453.08,0.0,1,6.68,0.0,SPY210903P00435000,435.0,0,0.0,0.0,,0.0,expirationDay
2021-09-07,13338.0,-5.0,0.0,0,451.46,0.0,1,5.42,5.47,SPY211008P00446000,446.0,0,0.0,0.0,,0.0,normalDay
2021-09-08,13338.0,-9.0,0.0,0,450.91,0.0,1,5.42,5.51,SPY211008P00446000,446.0,0,0.0,0.0,,0.0,normalDay
2021-09-09,13338.0,-113.0,0.0,0,448.98,0.0,1,5.42,6.55,SPY211008P00446000,446.0,0,0.0,0.0,,0.0,normalDay
2021-09-10,13338.0,-279.0,0.0,0,445.44,0.0,1,5.42,8.21,SPY211008P00446000,446.0,0,0.0,0.0,,0.0,normalDay
2021-09-13,13338.0,-140.0,0.0,0,446.58,0.0,1,5.42,6.82,SPY211008P00446000,446.0,0,0.0,0.0,,0.0,normalDay
2021-09-14,13338.0,-258.0,0.0,0,444.17,0.0,1,5.42,8.0,SPY211008P00446000,446.0,0,0.0,0.0,,0.0,normalDay
2021-09-15,13338.0,-24.0,0.0,0,447.88,0.0,1,5.42,5.66,SPY211008P00446000,446.0,0,0.0,0.0,,0.0,normalDay
2021-09-16,13338.0,-60.0,0.0,0,447.17,0.0,1,5.42,6.02,SPY211008P00446000,446.0,0,0.0,0.0,,0.0,normalDay
2021-09-17,13338.0,-328.0,0.0,0,441.4,0.0,1,5.42,8.7,SPY211008P00446000,446.0,0,0.0,0.0,,0.0,normalDay
2021-09-20,13338.0,-868.0,0.0,0,434.04,0.0,1,5.42,14.1,SPY211008P00446000,446.0,0,0.0,0.0,,0.0,normalDay
2021-09-21,13338.0,-870.0,0.0,0,433.63,0.0,1,5.42,14.12,SPY211008P00446000,446.0,0,0.0,0.0,,0.0,normalDay
2021-09-22,13338.0,-462.0,0.0,0,437.86,0.0,1,5.42,10.04,SPY211008P00446000,446.0,0,0.0,0.0,,0.0,normalDay
2021-09-23,13338.0,-76.0,0.0,0,443.18,0.0,1,5.42,6.18,SPY211008P00446000,446.0,0,0.0,0.0,,0.0,normalDay
2021-09-24,13338.0,19.0,0.0,0,443.91,0.0,1,5.42,5.23,SPY211008P00446000,446.0,0,0.0,0.0,,0.0,normalDay
2021-09-27,13338.0,-37.0,0.0,0,442.64,0.0,1,5.42,5.79,SPY211008P00446000,446.0,0,0.0,0.0,,0.0,normalDay
2021-09-28,13338.0,-714.0,0.0,0,433.72,0.0,1,5.42,12.56,SPY211008P00446000,446.0,0,0.0,0.0,,0.0,normalDay
2021-09-29,13338.0,-641.0,0.0,0,434.45,0.0,1,5.42,11.83,SPY211008P00446000,446.0,0,0.0,0.0,,0.0,normalDay
2021-09-30,13338.0,-1137.0,0.0,0,429.14,0.0,1,5.42,16.79,SPY211008P00446000,446.0,0,0.0,0.0,,0.0,normalDay
2021-10-01,13338.0,-638.0,0.0,0,434.24,0.0,1,5.42,11.8,SPY211008P00446000,446.0,0,0.0,0.0,,0.0,normalDay
2021-10-04,13338.0,-1182.0,0.0,0,428.64,0.0,1,5.42,17.24,SPY211008P00446000,446.0,0,0.0,0.0,,0.0,normalDay
2021-10-05,13338.0,-753.0,0.0,0,433.1,0.0,1,5.42,12.95,SPY211008P00446000,446.0,0,0.0,0.0,,0.0,normalDay
2021-10-06,13338.0,-599.0,0.0,0,434.9,0.0,1,5.42,11.41,SPY211008P00446000,446.0,0,0.0,0.0,,0.0,normalDay
2021-10-07,13338.0,-192.0,0.0,0,438.66,0.0,1,5.42,7.34,SPY211008P00446000,446.0,0,0.0,0.0,,0.0,normalDay
2021-10-08,13880.0,-814.0,542.0,100,437.86,446.0,1,5.42,0.0,SPY211008P00446000,446.0,0,0.0,0.0,,0.0,expirationDay
2021-10-11,13880.0,-1156.0,0.0,100,434.69,446.0,0,0.0,0.0,,0.0,1,9.01,9.26,SPY220331C00458000,458.0,normalDay
2021-10-12,13880.0,-1167.0,0.0,100,433.62,446.0,0,0.0,0.0,,0.0,1,9.01,8.3,SPY220331C00458000,458.0,normalDay
2021-10-13,13880.0,-1055.0,0.0,100,435.18,446.0,0,0.0,0.0,,0.0,1,9.01,8.74,SPY220331C00458000,458.0,normalDay
2021-10-14,13880.0,-592.0,0.0,100,442.5,446.0,0,0.0,0.0,,0.0,1,9.01,11.43,SPY220331C00458000,458.0,normalDay
2021-10-15,13880.0,-405.0,0.0,100,445.87,446.0,0,0.0,0.0,,0.0,1,9.01,12.93,SPY220331C00458000,458.0,normalDay
2021-10-18,13880.0,-330.0,0.0,100,447.19,446.0,0,0.0,0.0,,0.0,1,9.01,13.5,SPY220331C00458000,458.0,normalDay
2021-10-19,13880.0,-157.0,0.0,100,450.64,446.0,0,0.0,0.0,,0.0,1,9.01,15.22,SPY220331C00458000,458.0,normalDay
2021-10-20,13880.0,-20.0,0.0,100,452.41,446.0,0,0.0,0.0,,0.0,1,9.01,15.62,SPY220331C00458000,458.0,normalDay
2021-10-21,13880.0,43.0,0.0,100,453.59,446.0,0,0.0,0.0,,0.0,1,9.01,16.17,SPY220331C00458000,458.0,normalDay
2021-10-22,13880.0,11.0,0.0,100,453.12,446.0,0,0.0,0.0,,0.0,1,9.01,16.02,SPY220331C00458000,458.0,normalDay
2021-10-25,13880.0,173.0,0.0,100,455.55,446.0,0,0.0,0.0,,0.0,1,9.01,16.83,SPY220331C00458000,458.0,normalDay
2021-10-26,13880.0,129.0,0.0,100,455.96,446.0,0,0.0,0.0,,0.0,1,9.01,17.68,SPY220331C00458000,458.0,normalDay
2021-10-27,13880.0,-6.0,0.0,100,453.94,446.0,0,0.0,0.0,,0.0,1,9.01,17.01,SPY220331C00458000,458.0,normalDay
2021-10-28,13880.0,230.0,0.0,100,458.32,446.0,0,0.0,0.0,,0.0,1,9.01,19.03,SPY220331C00458000,458.0,normalDay
2021-10-29,13880.0,242.0,0.0,100,459.25,446.0,0,0.0,0.0,,0.0,1,9.01,19.84,SPY220331C00458000,458.0,normalDay
2021-11-01,13880.0,296.0,0.0,100,460.04,446.0,0,0.0,0.0,,0.0,1,9.01,20.09,SPY220331C00458000,458.0,normalDay
2021-11-02,13880.0,402.0,0.0,100,461.9,446.0,0,0.0,0.0,,0.0,1,9.01,20.89,SPY220331C00458000,458.0,normalDay
2021-11-03,13880.0,515.0,0.0,100,464.72,446.0,0,0.0,0.0,,0.0,1,9.01,22.58,SPY220331C00458000,458.0,normalDay
2021-11-04,13880.0,593.0,0.0,100,466.91,446.0,0,0.0,0.0,,0.0,1,9.01,23.99,SPY220331C00458000,458.0,normalDay
2021-11-05,13880.0,598.0,0.0,100,468.53,446.0,0,0.0,0.0,,0.0,1,9.01,25.56,SPY220331C00458000,458.0,normalDay
2021-11-08,13880.0,610.0,0.0,100,468.93,446.0,0,0.0,0.0,,0.0,1,9.01,25.84,SPY220331C00458000,458.0,normalDay
2021-11-09,13880.0,537.0,0.0,100,467.38,446.0,0,0.0,0.0,,0.0,1,9.01,25.02,SPY220331C00458000,458.0,normalDay
2021-11-10,13880.0,399.0,0.0,100,463.62,446.0,0,0.0,0.0,,0.0,1,9.01,22.64,SPY220331C00458000,458.0,normalDay
2021-11-11,13880.0,426.0,0.0,100,463.77,446.0,0,0.0,0.0,,0.0,1,9.01,22.52,SPY220331C00458000,458.0,normalDay
2021-11-12,13880.0,565.0,0.0,100,467.27,446.0,0,0.0,0.0,,0.0,1,9.01,24.63,SPY220331C00458000,458.0,normalDay
2021-11-15,13880.0,617.0,0.0,100,467.43,446.0,0,0.0,0.0,,0.0,1,9.01,24.27,SPY220331C00458000,458.0,normalDay
2021-11-16,13880.0,662.0,0.0,100,469.28,446.0,0,0.0,0.0,,0.0,1,9.01,25.67,SPY220331C00458000,458.0,normalDay
2021-11-17,13880.0,612.0,0.0,100,468.14,446.0,0,0.0,0.0,,0.0,1,9.01,25.03,SPY220331C00458000,458.0,normalDay
2021-11-18,13880.0,634.0,0.0,100,469.73,446.0,0,0.0,0.0,,0.0,1,9.01,26.4,SPY220331C00458000,458.0,normalDay
2021-11-19,13880.0,603.0,0.0,100,468.89,446.0,0,0.0,0.0,,0.0,1,9.01,25.87,SPY220331C00458000,458.0,normalDay
2021-11-22,13880.0,550.0,0.0,100,467.57,446.0,0,0.0,0.0,,0.0,1,9.01,25.08,SPY220331C00458000,458.0,normalDay
2021-11-23,13880.0,605.0,0.0,100,468.19,446.0,0,0.0,0.0,,0.0,1,9.01,25.15,SPY220331C00458000,458.0,normalDay
2021-11-24,13880.0,643.0,0.0,100,469.44,446.0,0,0.0,0.0,,0.0,1,9.01,26.02,SPY220331C00458000,458.0,normalDay
2021-11-26,13880.0,-90.0,0.0,100,458.97,446.0,0,0.0,0.0,,0.0,1,9.01,22.88,SPY220331C00458000,458.0,normalDay
2021-11-29,13880.0,403.0,0.0,100,464.6,446.0,0,0.0,0.0,,0.0,1,9.01,23.58,SPY220331C00458000,458.0,normalDay
2021-11-30,13880.0,-236.0,0.0,100,455.56,446.0,0,0.0,0.0,,0.0,1,9.01,20.93,SPY220331C00458000,458.0,normalDay
2021-12-01,13880.0,-454.0,0.0,100,450.5,446.0,0,0.0,0.0,,0.0,1,9.01,18.05,SPY220331C00458000,458.0,normalDay
2021-12-02,13880.0,-28.0,0.0,100,457.4,446.0,0,0.0,0.0,,0.0,1,9.01,20.69,SPY220331C00458000,458.0,normalDay
2021-12-03,13880.0,-324.0,0.0,100,453.42,446.0,0,0.0,0.0,,0.0,1,9.01,19.67,SPY220331C00458000,458.0,normalDay
2021-12-06,13880.0,59.0,0.0,100,458.79,446.0,0,0.0,0.0,,0.0,1,9.01,21.21,SPY220331C00458000,458.0,normalDay
2021-12-07,13880.0,576.0,0.0,100,468.28,446.0,0,0.0,0.0,,0.0,1,9.01,25.53,SPY220331C00458000,458.0,normalDay
2021-12-08,13880.0,702.0,0.0,100,469.52,446.0,0,0.0,0.0,,0.0,1,9.01,25.51,SPY220331C00458000,458.0,normalDay
2021-12-09,13880.0,583.0,0.0,100,466.35,446.0,0,0.0,0.0,,0.0,1,9.01,23.53,SPY220331C00458000,458.0,normalDay
2021-12-10,13880.0,786.0,0.0,100,470.74,446.0,0,0.0,0.0,,0.0,1,9.01,25.89,SPY220331C00458000,458.0,normalDay
2021-12-13,13880.0,636.0,0.0,100,466.57,446.0,0,0.0,0.0,,0.0,1,9.01,23.22,SPY220331C00458000,458.0,normalDay
2021-12-14,13880.0,474.0,0.0,100,463.36,446.0,0,0.0,0.0,,0.0,1,9.01,21.63,SPY220331C00458000,458.0,normalDay
2021-12-15,13880.0,796.0,0.0,100,470.6,446.0,0,0.0,0.0,,0.0,1,9.01,25.65,SPY220331C00458000,458.0,normalDay
2021-12-16,13880.0,593.0,0.0,100,466.45,446.0,0,0.0,0.0,,0.0,1,9.01,23.53,SPY220331C00458000,458.0,normalDay
2021-12-17,13880.0,235.0,0.0,100,459.87,446.0,0,0.0,0.0,,0.0,1,9.01,20.53,SPY220331C00458000,458.0,normalDay
2021-12-20,13880.0,51.0,0.0,100,454.98,446.0,0,0.0,0.0,,0.0,1,9.01,17.48,SPY220331C00458000,458.0,normalDay
2021-12-21,13880.0,456.0,0.0,100,463.06,446.0,0,0.0,0.0,,0.0,1,9.01,21.51,SPY220331C00458000,458.0,normalDay
2021-12-22,13880.0,683.0,0.0,100,467.69,446.0,0,0.0,0.0,,0.0,1,9.01,23.87,SPY220331C00458000,458.0,normalDay
2021-12-23,13880.0,769.0,0.0,100,470.6,446.0,0,0.0,0.0,,0.0,1,9.01,25.92,SPY220331C00458000,458.0,normalDay
2021-12-27,13880.0,1025.0,0.0,100,477.26,446.0,0,0.0,0.0,,0.0,1,9.01,30.02,SPY220331C00458000,458.0,normalDay
2021-12-28,13880.0,1004.0,0.0,100,476.87,446.0,0,0.0,0.0,,0.0,1,9.01,29.84,SPY220331C00458000,458.0,normalDay
2021-12-29,13880.0,1086.0,0.0,100,477.48,446.0,0,0.0,0.0,,0.0,1,9.01,29.63,SPY220331C00458000,458.0,normalDay
2021-12-30,13880.0,1072.0,0.0,100,476.16,446.0,0,0.0,0.0,,0.0,1,9.01,28.45,SPY220331C00458000,458.0,normalDay
2021-12-31,13880.0,1048.0,0.0,100,474.96,446.0,0,0.0,0.0,,0.0,1,9.01,27.49,SPY220331C00458000,458.0,normalDay
2022-01-03,13880.0,1193.0,0.0,100,477.71,446.0,0,0.0,0.0,,0.0,1,9.01,28.79,SPY220331C00458000,458.0,normalDay
2022-01-04,13880.0,1211.0,0.0,100,477.55,446.0,0,0.0,0.0,,0.0,1,9.01,28.45,SPY220331C00458000,458.0,normalDay
2022-01-05,13880.0,856.0,0.0,100,468.38,446.0,0,0.0,0.0,,0.0,1,9.01,22.83,SPY220331C00458000,458.0,normalDay
2022-01-06,13880.0,840.0,0.0,100,467.94,446.0,0,0.0,0.0,,0.0,1,9.01,22.55,SPY220331C00458000,458.0,normalDay
2022-01-07,13880.0,828.0,0.0,100,466.09,446.0,0,0.0,0.0,,0.0,1,9.01,20.82,SPY220331C00458000,458.0,normalDay
2022-01-10,13880.0,879.0,0.0,100,465.51,446.0,0,0.0,0.0,,0.0,1,9.01,19.73,SPY220331C00458000,458.0,normalDay
2022-01-11,13880.0,1048.0,0.0,100,469.75,446.0,0,0.0,0.0,,0.0,1,9.01,22.28,SPY220331C00458000,458.0,normalDay
2022-01-12,13880.0,1101.0,0.0,100,471.02,446.0,0,0.0,0.0,,0.0,1,9.01,23.02,SPY220331C00458000,458.0,normalDay
2022-01-13,13880.0,849.0,0.0,100,464.53,446.0,0,0.0,0.0,,0.0,1,9.01,19.05,SPY220331C00458000,458.0,normalDay
2022-01-14,13880.0,882.0,0.0,100,464.72,446.0,0,0.0,0.0,,0.0,1,9.01,18.91,SPY220331C00458000,458.0,normalDay
2022-01-18,13880.0,511.0,0.0,100,456.49,446.0,0,0.0,0.0,,0.0,1,9.01,14.39,SPY220331C00458000,458.0,normalDay
2022-01-19,13880.0,270.0,0.0,100,451.75,446.0,0,0.0,0.0,,0.0,1,9.01,12.06,SPY220331C00458000,458.0,normalDay
2022-01-20,13880.0,6.0,0.0,100,446.75,446.0,0,0.0,0.0,,0.0,1,9.01,9.7,SPY220331C00458000,458.0,normalDay
2022-01-21,13880.0,-626.0,0.0,100,437.98,446.0,0,0.0,0.0,,0.0,1,9.01,7.25,SPY220331C00458000,458.0,normalDay
2022-01-24,13880.0,-456.0,0.0,100,439.84,446.0,0,0.0,0.0,,0.0,1,9.01,7.41,SPY220331C00458000,458.0,normalDay
2022-01-25,13880.0,-795.0,0.0,100,434.47,446.0,0,0.0,0.0,,0.0,1,9.01,5.43,SPY220331C00458000,458.0,normalDay
2022-01-26,13880.0,-891.0,0.0,100,433.38,446.0,0,0.0,0.0,,0.0,1,9.01,5.3,SPY220331C00458000,458.0,normalDay
2022-01-27,13880.0,-1048.0,0.0,100,431.24,446.0,0,0.0,0.0,,0.0,1,9.01,4.73,SPY220331C00458000,458.0,normalDay
2022-01-28,13880.0,-222.0,0.0,100,441.95,446.0,0,0.0,0.0,,0.0,1,9.01,7.18,SPY220331C00458000,458.0,normalDay
2022-01-31,13880.0,361.0,0.0,100,449.91,446.0,0,0.0,0.0,,0.0,1,9.01,9.31,SPY220331C00458000,458.0,normalDay
2022-02-01,13880.0,580.0,0.0,100,452.95,446.0,0,0.0,0.0,,0.0,1,9.01,10.16,SPY220331C00458000,458.0,normalDay
2022-02-02,13880.0,919.0,0.0,100,457.35,446.0,0,0.0,0.0,,0.0,1,9.01,11.17,SPY220331C00458000,458.0,normalDay
2022-02-03,13880.0,28.0,0.0,100,446.6,446.0,0,0.0,0.0,,0.0,1,9.01,9.33,SPY220331C00458000,458.0,normalDay
2022-02-04,13880.0,355.0,0.0,100,448.7,446.0,0,0.0,0.0,,0.0,1,9.01,8.16,SPY220331C00458000,458.0,normalDay
2022-02-07,13880.0,276.0,0.0,100,447.26,446.0,0,0.0,0.0,,0.0,1,9.01,7.51,SPY220331C00458000,458.0,normalDay
2022-02-08,13880.0,553.0,0.0,100,450.94,446.0,0,0.0,0.0,,0.0,1,9.01,8.42,SPY220331C00458000,458.0,normalDay
2022-02-09,13880.0,949.0,0.0,100,457.54,446.0,0,0.0,0.0,,0.0,1,9.01,11.06,SPY220331C00458000,458.0,normalDay
2022-02-10,13880.0,429.0,0.0,100,449.32,446.0,0,0.0,0.0,,0.0,1,9.01,8.04,SPY220331C00458000,458.0,normalDay
2022-02-11,13880.0,-205.0,0.0,100,440.46,446.0,0,0.0,0.0,,0.0,1,9.01,5.52,SPY220331C00458000,458.0,normalDay
2022-02-14,13880.0,-267.0,0.0,100,439.02,446.0,0,0.0,0.0,,0.0,1,9.01,4.7,SPY220331C00458000,458.0,normalDay
2022-02-15,13880.0,328.0,0.0,100,446.1,446.0,0,0.0,0.0,,0.0,1,9.01,5.83,SPY220331C00458000,458.0,normalDay
2022-02-16,13880.0,402.0,0.0,100,446.6,446.0,0,0.0,0.0,,0.0,1,9.01,5.59,SPY220331C00458000,458.0,normalDay
2022-02-17,13880.0,-334.0,0.0,100,437.06,446.0,0,0.0,0.0,,0.0,1,9.01,3.41,SPY220331C00458000,458.0,normalDay
2022-02-18,13880.0,-559.0,0.0,100,434.23,446.0,0,0.0,0.0,,0.0,1,9.01,2.83,SPY220331C00458000,458.0,normalDay
2022-02-22,13880.0,-943.0,0.0,100,429.57,446.0,0,0.0,0.0,,0.0,1,9.01,2.01,SPY220331C00458000,458.0,normalDay
2022-02-23,13880.0,-1612.0,0.0,100,421.95,446.0,0,0.0,0.0,,0.0,1,9.01,1.08,SPY220331C00458000,458.0,normalDay
2022-02-24,13880.0,-1013.0,0.0,100,428.3,446.0,0,0.0,0.0,,0.0,1,9.01,1.44,SPY220331C00458000,458.0,normalDay
2022-02-25,13880.0,-207.0,0.0,100,437.75,446.0,0,0.0,0.0,,0.0,1,9.01,2.83,SPY220331C00458000,458.0,normalDay
2022-02-28,13880.0,-311.0,0.0,100,436.63,446.0,0,0.0,0.0,,0.0,1,9.01,2.75,SPY220331C00458000,458.0,normalDay
2022-03-01,13880.0,-912.0,0.0,100,429.98,446.0,0,0.0,0.0,,0.0,1,9.01,2.11,SPY220331C00458000,458.0,normalDay
2022-03-02,13880.0,-192.0,0.0,100,437.89,446.0,0,0.0,0.0,,0.0,1,9.01,2.82,SPY220331C00458000,458.0,normalDay
2022-03-03,13880.0,-352.0,0.0,100,435.71,446.0,0,0.0,0.0,,0.0,1,9.01,2.24,SPY220331C00458000,458.0,normalDay
2022-03-04,13880.0,-632.0,0.0,100,432.17,446.0,0,0.0,0.0,,0.0,1,9.01,1.5,SPY220331C00458000,458.0,normalDay
2022-03-07,13880.0,-1809.0,0.0,100,419.43,446.0,0,0.0,0.0,,0.0,1,9.01,0.53,SPY220331C00458000,458.0,normalDay
2022-03-08,13880.0,-2111.0,0.0,100,416.25,446.0,0,0.0,0.0,,0.0,1,9.01,0.37,SPY220331C00458000,458.0,normalDay
2022-03-09,13880.0,-1039.0,0.0,100,427.41,446.0,0,0.0,0.0,,0.0,1,9.01,0.81,SPY220331C00458000,458.0,normalDay
2022-03-10,13880.0,-1201.0,0.0,100,425.48,446.0,0,0.0,0.0,,0.0,1,9.01,0.5,SPY220331C00458000,458.0,normalDay
2022-03-11,13880.0,-1726.0,0.0,100,420.07,446.0,0,0.0,0.0,,0.0,1,9.01,0.34,SPY220331C00458000,458.0,normalDay
2022-03-14,13880.0,-2021.0,0.0,100,417.0,446.0,0,0.0,0.0,,0.0,1,9.01,0.22,SPY220331C00458000,458.0,normalDay
2022-03-15,13880.0,-1120.0,0.0,100,426.17,446.0,0,0.0,0.0,,0.0,1,9.01,0.38,SPY220331C00458000,458.0,normalDay
2022-03-16,13880.0,-202.0,0.0,100,435.62,446.0,0,0.0,0.0,,0.0,1,9.01,0.65,SPY220331C00458000,458.0,normalDay
2022-03-17,13880.0,317.0,0.0,100,441.07,446.0,0,0.0,0.0,,0.0,1,9.01,0.91,SPY220331C00458000,458.0,normalDay
2022-03-18,13880.0,606.0,0.0,100,444.52,446.0,0,0.0,0.0,,0.0,1,9.01,1.47,SPY220331C00458000,458.0,normalDay
2022-03-21,13880.0,636.0,0.0,100,444.39,446.0,0,0.0,0.0,,0.0,1,9.01,1.04,SPY220331C00458000,458.0,normalDay
2022-03-22,13880.0,1081.0,0.0,100,449.59,446.0,0,0.0,0.0,,0.0,1,9.01,1.79,SPY220331C00458000,458.0,normalDay
2022-03-23,13880.0,620.0,0.0,100,443.8,446.0,0,0.0,0.0,,0.0,1,9.01,0.61,SPY220331C00458000,458.0,normalDay
2022-03-24,13880.0,1220.0,0.0,100,450.49,446.0,0,0.0,0.0,,0.0,1,9.01,1.3,SPY220331C00458000,458.0,normalDay
2022-03-25,13880.0,1442.0,0.0,100,452.69,446.0,0,0.0,0.0,,0.0,1,9.01,1.28,SPY220331C00458000,458.0,normalDay
2022-03-28,13880.0,1724.0,0.0,100,455.91,446.0,0,0.0,0.0,,0.0,1,9.01,1.68,SPY220331C00458000,458.0,normalDay
2022-03-29,13880.0,2013.0,0.0,100,461.55,446.0,0,0.0,0.0,,0.0,1,9.01,4.43,SPY220331C00458000,458.0,normalDay
2022-03-30,13880.0,1941.0,0.0,100,458.7,446.0,0,0.0,0.0,,0.0,1,9.01,2.3,SPY220331C00458000,458.0,normalDay
2022-03-31,14781.0,564.0,901.0,100,451.64,446.0,0,0.0,0.0,,0.0,1,9.01,0.0,SPY220331C00458000,458.0,expirationDay
2022-04-01,14781.0,641.0,0.0,100,452.92,446.0,0,0.0,0.0,,0.0,1,5.61,6.12,SPY220930C00494000,494.0,normalDay
2022-04-04,14781.0,961.0,0.0,100,456.8,446.0,0,0.0,0.0,,0.0,1,5.61,6.8,SPY220930C00494000,494.0,normalDay
2022-04-05,14781.0,458.0,0.0,100,451.03,446.0,0,0.0,0.0,,0.0,1,5.61,6.06,SPY220930C00494000,494.0,normalDay
2022-04-06,14781.0,139.0,0.0,100,446.52,446.0,0,0.0,0.0,,0.0,1,5.61,4.74,SPY220930C00494000,494.0,normalDay
2022-04-07,14781.0,322.0,0.0,100,448.77,446.0,0,0.0,0.0,,0.0,1,5.61,5.16,SPY220930C00494000,494.0,normalDay
2022-04-08,14781.0,238.0,0.0,100,447.57,446.0,0,0.0,0.0,,0.0,1,5.61,4.8,SPY220930C00494000,494.0,normalDay
2022-04-11,14781.0,-408.0,0.0,100,439.92,446.0,0,0.0,0.0,,0.0,1,5.61,3.61,SPY220930C00494000,494.0,normalDay
2022-04-12,14781.0,-549.0,0.0,100,438.29,446.0,0,0.0,0.0,,0.0,1,5.61,3.39,SPY220930C00494000,494.0,normalDay
2022-04-13,14781.0,-85.0,0.0,100,443.31,446.0,0,0.0,0.0,,0.0,1,5.61,3.77,SPY220930C00494000,494.0,normalDay
2022-04-14,14781.0,-572.0,0.0,100,437.79,446.0,0,0.0,0.0,,0.0,1,5.61,3.12,SPY220930C00494000,494.0,normalDay
2022-04-18,14781.0,-548.0,0.0,100,437.97,446.0,0,0.0,0.0,,0.0,1,5.61,3.06,SPY220930C00494000,494.0,normalDay
2022-04-19,14781.0,100.0,0.0,100,445.04,446.0,0,0.0,0.0,,0.0,1,5.61,3.65,SPY220930C00494000,494.0,normalDay
2022-04-20,14781.0,44.0,0.0,100,444.71,446.0,0,0.0,0.0,,0.0,1,5.61,3.88,SPY220930C00494000,494.0,normalDay
2022-04-21,14781.0,-516.0,0.0,100,438.06,446.0,0,0.0,0.0,,0.0,1,5.61,2.83,SPY220930C00494000,494.0,normalDay
2022-04-22,14781.0,-1619.0,0.0,100,426.04,446.0,0,0.0,0.0,,0.0,1,5.61,1.84,SPY220930C00494000,494.0,normalDay
2022-04-25,14781.0,-1387.0,0.0,100,428.51,446.0,0,0.0,0.0,,0.0,1,5.61,1.99,SPY220930C00494000,494.0,normalDay
2022-04-26,14781.0,-2560.0,0.0,100,416.1,446.0,0,0.0,0.0,,0.0,1,5.61,1.31,SPY220930C00494000,494.0,normalDay
2022-04-27,14781.0,-2458.0,0.0,100,417.27,446.0,0,0.0,0.0,,0.0,1,5.61,1.46,SPY220930C00494000,494.0,normalDay
2022-04-28,14781.0,-1460.0,0.0,100,427.81,446.0,0,0.0,0.0,,0.0,1,5.61,2.02,SPY220930C00494000,494.0,normalDay
2022-04-29,14781.0,-2957.0,0.0,100,412.0,446.0,0,0.0,0.0,,0.0,1,5.61,1.18,SPY220930C00494000,494.0,normalDay
2022-05-02,14781.0,-2716.0,0.0,100,414.48,446.0,0,0.0,0.0,,0.0,1,5.61,1.25,SPY220930C00494000,494.0,normalDay
2022-05-03,14781.0,-2511.0,0.0,100,416.38,446.0,0,0.0,0.0,,0.0,1,5.61,1.1,SPY220930C00494000,494.0,normalDay
2022-05-04,14781.0,-1298.0,0.0,100,429.06,446.0,0,0.0,0.0,,0.0,1,5.61,1.65,SPY220930C00494000,494.0,normalDay
2022-05-05,14781.0,-2764.0,0.0,100,413.81,446.0,0,0.0,0.0,,0.0,1,5.61,1.06,SPY220930C00494000,494.0,normalDay
2022-05-06,14781.0,-2994.0,0.0,100,411.34,446.0,0,0.0,0.0,,0.0,1,5.61,0.89,SPY220930C00494000,494.0,normalDay
2022-05-09,14781.0,-4282.0,0.0,100,398.17,446.0,0,0.0,0.0,,0.0,1,5.61,0.6,SPY220930C00494000,494.0,normalDay
2022-05-10,14781.0,-4182.0,0.0,100,399.09,446.0,0,0.0,0.0,,0.0,1,5.61,0.52,SPY220930C00494000,494.0,normalDay
2022-05-11,14781.0,-4808.0,0.0,100,392.75,446.0,0,0.0,0.0,,0.0,1,5.61,0.44,SPY220930C00494000,494.0,normalDay
2022-05-12,14781.0,-4844.0,0.0,100,392.34,446.0,0,0.0,0.0,,0.0,1,5.61,0.39,SPY220930C00494000,494.0,normalDay
2022-05-13,14781.0,-3905.0,0.0,100,401.72,446.0,0,0.0,0.0,,0.0,1,5.61,0.38,SPY220930C00494000,494.0,normalDay
2022-05-16,14781.0,-4062.0,0.0,100,400.09,446.0,0,0.0,0.0,,0.0,1,5.61,0.32,SPY220930C00494000,494.0,normalDay
2022-05-17,14781.0,-3253.0,0.0,100,408.32,446.0,0,0.0,0.0,,0.0,1,5.61,0.46,SPY220930C00494000,494.0,normalDay
2022-05-18,14781.0,-4875.0,0.0,100,391.86,446.0,0,0.0,0.0,,0.0,1,5.61,0.22,SPY220930C00494000,494.0,normalDay
2022-05-19,14781.0,-5113.0,0.0,100,389.46,446.0,0,0.0,0.0,,0.0,1,5.61,0.2,SPY220930C00494000,494.0,normalDay
2022-05-20,14781.0,-5100.0,0.0,100,389.63,446.0,0,0.0,0.0,,0.0,1,5.61,0.24,SPY220930C00494000,494.0,normalDay
2022-05-23,14781.0,-4385.0,0.0,100,396.92,446.0,0,0.0,0.0,,0.0,1,5.61,0.38,SPY220930C00494000,494.0,normalDay
2022-05-24,14781.0,-4686.0,0.0,100,393.89,446.0,0,0.0,0.0,,0.0,1,5.61,0.36,SPY220930C00494000,494.0,normalDay
2022-05-25,14781.0,-4341.0,0.0,100,397.37,446.0,0,0.0,0.0,,0.0,1,5.61,0.39,SPY220930C00494000,494.0,normalDay
2022-05-26,14781.0,-3563.0,0.0,100,405.31,446.0,0,0.0,0.0,,0.0,1,5.61,0.55,SPY220930C00494000,494.0,normalDay
2022-05-27,14781.0,-2589.0,0.0,100,415.26,446.0,0,0.0,0.0,,0.0,1,5.61,0.76,SPY220930C00494000,494.0,normalDay
2022-05-31,14781.0,-2802.0,0.0,100,412.93,446.0,0,0.0,0.0,,0.0,1,5.61,0.56,SPY220930C00494000,494.0,normalDay
2022-06-01,14781.0,-3124.0,0.0,100,409.59,446.0,0,0.0,0.0,,0.0,1,5.61,0.44,SPY220930C00494000,494.0,normalDay
2022-06-02,14781.0,-2361.0,0.0,100,417.39,446.0,0,0.0,0.0,,0.0,1,5.61,0.61,SPY220930C00494000,494.0,normalDay
2022-06-03,14781.0,-3030.0,0.0,100,410.54,446.0,0,0.0,0.0,,0.0,1,5.61,0.45,SPY220930C00494000,494.0,normalDay
2022-06-06,14781.0,-2903.0,0.0,100,411.79,446.0,0,0.0,0.0,,0.0,1,5.61,0.43,SPY220930C00494000,494.0,normalDay
2022-06-07,14781.0,-2512.0,0.0,100,415.74,446.0,0,0.0,0.0,,0.0,1,5.61,0.47,SPY220930C00494000,494.0,normalDay
2022-06-08,14781.0,-2955.0,0.0,100,411.22,446.0,0,0.0,0.0,,0.0,1,5.61,0.38,SPY220930C00494000,494.0,normalDay
2022-06-09,14781.0,-3923.0,0.0,100,401.44,446.0,0,0.0,0.0,,0.0,1,5.61,0.28,SPY220930C00494000,494.0,normalDay
2022-06-10,14781.0,-5077.0,0.0,100,389.8,446.0,0,0.0,0.0,,0.0,1,5.61,0.18,SPY220930C00494000,494.0,normalDay
2022-06-13,14781.0,-6552.0,0.0,100,375.0,446.0,0,0.0,0.0,,0.0,1,5.61,0.13,SPY220930C00494000,494.0,normalDay
2022-06-14,14781.0,-6663.0,0.0,100,373.87,446.0,0,0.0,0.0,,0.0,1,5.61,0.11,SPY220930C00494000,494.0,normalDay
2022-06-15,14781.0,-6131.0,0.0,100,379.2,446.0,0,0.0,0.0,,0.0,1,5.61,0.12,SPY220930C00494000,494.0,normalDay
2022-06-16,14781.0,-7383.0,0.0,100,366.65,446.0,0,0.0,0.0,,0.0,1,5.61,0.09,SPY220930C00494000,494.0,normalDay
2022-06-17,14781.0,-7463.0,0.0,100,365.86,446.0,0,0.0,0.0,,0.0,1,5.61,0.1,SPY220930C00494000,494.0,normalDay
2022-06-21,14781.0,-6543.0,0.0,100,375.07,446.0,0,0.0,0.0,,0.0,1,5.61,0.11,SPY220930C00494000,494.0,normalDay
2022-06-22,14781.0,-6611.0,0.0,100,374.39,446.0,0,0.0,0.0,,0.0,1,5.61,0.11,SPY220930C00494000,494.0,normalDay
2022-06-23,14781.0,-6244.0,0.0,100,378.06,446.0,0,0.0,0.0,,0.0,1,5.61,0.11,SPY220930C00494000,494.0,normalDay
2022-06-24,14781.0,-5047.0,0.0,100,390.08,446.0,0,0.0,0.0,,0.0,1,5.61,0.16,SPY220930C00494000,494.0,normalDay
2022-06-27,14781.0,-5194.0,0.0,100,388.59,446.0,0,0.0,0.0,,0.0,1,5.61,0.14,SPY220930C00494000,494.0,normalDay
2022-06-28,14781.0,-5984.0,0.0,100,380.65,446.0,0,0.0,0.0,,0.0,1,5.61,0.1,SPY220930C00494000,494.0,normalDay
2022-06-29,14781.0,-6015.0,0.0,100,380.34,446.0,0,0.0,0.0,,0.0,1,5.61,0.1,SPY220930C00494000,494.0,normalDay
2022-06-30,14781.0,-6323.0,0.0,100,377.25,446.0,0,0.0,0.0,,0.0,1,5.61,0.09,SPY220930C00494000,494.0,normalDay
2022-07-01,14781.0,-5923.0,0.0,100,381.24,446.0,0,0.0,0.0,,0.0,1,5.61,0.08,SPY220930C00494000,494.0,normalDay
2022-07-05,14781.0,-5850.0,0.0,100,381.96,446.0,0,0.0,0.0,,0.0,1,5.61,0.07,SPY220930C00494000,494.0,normalDay
2022-07-06,14781.0,-5721.0,0.0,100,383.25,446.0,0,0.0,0.0,,0.0,1,5.61,0.07,SPY220930C00494000,494.0,normalDay
2022-07-07,14781.0,-5148.0,0.0,100,388.99,446.0,0,0.0,0.0,,0.0,1,5.61,0.08,SPY220930C00494000,494.0,normalDay
2022-07-08,14781.0,-5180.0,0.0,100,388.67,446.0,0,0.0,0.0,,0.0,1,5.61,0.08,SPY220930C00494000,494.0,normalDay
2022-07-11,14781.0,-5621.0,0.0,100,384.23,446.0,0,0.0,0.0,,0.0,1,5.61,0.05,SPY220930C00494000,494.0,normalDay
2022-07-12,14781.0,-5961.0,0.0,100,380.83,446.0,0,0.0,0.0,,0.0,1,5.61,0.05,SPY220930C00494000,494.0,normalDay
2022-07-13,14781.0,-6161.0,0.0,100,378.83,446.0,0,0.0,0.0,,0.0,1,5.61,0.05,SPY220930C00494000,494.0,normalDay
2022-07-14,14781.0,-6252.0,0.0,100,377.91,446.0,0,0.0,0.0,,0.0,1,5.61,0.04,SPY220930C00494000,494.0,normalDay
2022-07-15,14781.0,-5532.0,0.0,100,385.13,446.0,0,0.0,0.0,,0.0,1,5.61,0.06,SPY220930C00494000,494.0,normalDay
2022-07-18,14781.0,-5849.0,0.0,100,381.95,446.0,0,0.0,0.0,,0.0,1,5.61,0.05,SPY220930C00494000,494.0,normalDay
2022-07-19,14781.0,-4821.0,0.0,100,392.27,446.0,0,0.0,0.0,,0.0,1,5.61,0.09,SPY220930C00494000,494.0,normalDay
2022-07-20,14781.0,-4571.0,0.0,100,394.77,446.0,0,0.0,0.0,,0.0,1,5.61,0.09,SPY220930C00494000,494.0,normalDay
2022-07-21,14781.0,-4169.0,0.0,100,398.79,446.0,0,0.0,0.0,,0.0,1,5.61,0.09,SPY220930C00494000,494.0,normalDay
2022-07-22,14781.0,-4536.0,0.0,100,395.09,446.0,0,0.0,0.0,,0.0,1,5.61,0.06,SPY220930C00494000,494.0,normalDay
2022-07-25,14781.0,-4486.0,0.0,100,395.57,446.0,0,0.0,0.0,,0.0,1,5.61,0.04,SPY220930C00494000,494.0,normalDay
2022-07-26,14781.0,-4954.0,0.0,100,390.89,446.0,0,0.0,0.0,,0.0,1,5.61,0.04,SPY220930C00494000,494.0,normalDay
2022-07-27,14781.0,-3941.0,0.0,100,401.04,446.0,0,0.0,0.0,,0.0,1,5.61,0.06,SPY220930C00494000,494.0,normalDay
2022-07-28,14781.0,-3438.0,0.0,100,406.07,446.0,0,0.0,0.0,,0.0,1,5.61,0.06,SPY220930C00494000,494.0,normalDay
2022-07-29,14781.0,-2847.0,0.0,100,411.99,446.0,0,0.0,0.0,,0.0,1,5.61,0.07,SPY220930C00494000,494.0,normalDay
2022-08-01,14781.0,-2967.0,0.0,100,410.77,446.0,0,0.0,0.0,,0.0,1,5.61,0.05,SPY220930C00494000,494.0,normalDay
2022-08-02,14781.0,-3237.0,0.0,100,408.06,446.0,0,0.0,0.0,,0.0,1,5.61,0.04,SPY220930C00494000,494.0,normalDay
2022-08-03,14781.0,-2599.0,0.0,100,414.45,446.0,0,0.0,0.0,,0.0,1,5.61,0.05,SPY220930C00494000,494.0,normalDay
2022-08-04,14781.0,-2626.0,0.0,100,414.17,446.0,0,0.0,0.0,,0.0,1,5.61,0.04,SPY220930C00494000,494.0,normalDay
2022-08-05,14781.0,-2695.0,0.0,100,413.47,446.0,0,0.0,0.0,,0.0,1,5.61,0.03,SPY220930C00494000,494.0,normalDay
2022-08-08,14781.0,-2743.0,0.0,100,412.99,446.0,0,0.0,0.0,,0.0,1,5.61,0.03,SPY220930C00494000,494.0,normalDay
2022-08-09,14781.0,-2907.0,0.0,100,411.35,446.0,0,0.0,0.0,,0.0,1,5.61,0.03,SPY220930C00494000,494.0,normalDay
2022-08-10,14781.0,-2044.0,0.0,100,419.99,446.0,0,0.0,0.0,,0.0,1,5.61,0.04,SPY220930C00494000,494.0,normalDay
2022-08-11,14781.0,-2043.0,0.0,100,419.99,446.0,0,0.0,0.0,,0.0,1,5.61,0.03,SPY220930C00494000,494.0,normalDay
2022-08-12,14781.0,-1334.0,0.0,100,427.1,446.0,0,0.0,0.0,,0.0,1,5.61,0.05,SPY220930C00494000,494.0,normalDay
2022-08-15,14781.0,-1158.0,0.0,100,428.86,446.0,0,0.0,0.0,,0.0,1,5.61,0.05,SPY220930C00494000,494.0,normalDay
2022-08-16,14781.0,-1074.0,0.0,100,429.7,446.0,0,0.0,0.0,,0.0,1,5.61,0.05,SPY220930C00494000,494.0,normalDay
2022-08-17,14781.0,-1378.0,0.0,100,426.65,446.0,0,0.0,0.0,,0.0,1,5.61,0.04,SPY220930C00494000,494.0,normalDay
2022-08-18,14781.0,-1253.0,0.0,100,427.89,446.0,0,0.0,0.0,,0.0,1,5.61,0.03,SPY220930C00494000,494.0,normalDay
2022-08-19,14781.0,-1827.0,0.0,100,422.14,446.0,0,0.0,0.0,,0.0,1,5.61,0.02,SPY220930C00494000,494.0,normalDay
2022-08-22,14781.0,-2706.0,0.0,100,413.35,446.0,0,0.0,0.0,,0.0,1,5.61,0.02,SPY220930C00494000,494.0,normalDay
2022-08-23,14781.0,-2806.0,0.0,100,412.35,446.0,0,0.0,0.0,,0.0,1,5.61,0.02,SPY220930C00494000,494.0,normalDay
2022-08-24,14781.0,-2673.0,0.0,100,413.67,446.0,0,0.0,0.0,,0.0,1,5.61,0.01,SPY220930C00494000,494.0,normalDay
2022-08-25,14781.0,-2089.0,0.0,100,419.51,446.0,0,0.0,0.0,,0.0,1,5.61,0.01,SPY220930C00494000,494.0,normalDay
2022-08-26,14781.0,-3509.0,0.0,100,405.31,446.0,0,0.0,0.0,,0.0,1,5.61,0.01,SPY220930C00494000,494.0,normalDay
2022-08-29,14781.0,-3777.0,0.0,100,402.63,446.0,0,0.0,0.0,,0.0,1,5.61,0.01,SPY220930C00494000,494.0,normalDay
2022-08-30,14781.0,-4219.0,0.0,100,398.21,446.0,0,0.0,0.0,,0.0,1,5.61,0.01,SPY220930C00494000,494.0,normalDay
2022-08-31,14781.0,-4522.0,0.0,100,395.18,446.0,0,0.0,0.0,,0.0,1,5.61,0.01,SPY220930C00494000,494.0,normalDay
2022-09-01,14781.0,-4398.0,0.0,100,396.42,446.0,0,0.0,0.0,,0.0,1,5.61,0.01,SPY220930C00494000,494.0,normalDay
2022-09-02,14781.0,-4816.0,0.0,100,392.24,446.0,0,0.0,0.0,,0.0,1,5.61,0.01,SPY220930C00494000,494.0,normalDay
2022-09-06,14781.0,-4964.0,0.0,100,390.76,446.0,0,0.0,0.0,,0.0,1,5.61,0.01,SPY220930C00494000,494.0,normalDay
2022-09-07,14781.0,-4262.0,0.0,100,397.78,446.0,0,0.0,0.0,,0.0,1,5.61,0.01,SPY220930C00494000,494.0,normalDay
2022-09-08,14781.0,-4002.0,0.0,100,400.38,446.0,0,0.0,0.0,,0.0,1,5.61,0.01,SPY220930C00494000,494.0,normalDay
2022-09-09,14781.0,-3380.0,0.0,100,406.6,446.0,0,0.0,0.0,,0.0,1,5.61,0.01,SPY220930C00494000,494.0,normalDay
2022-09-12,14781.0,-2943.0,0.0,100,410.97,446.0,0,0.0,0.0,,0.0,1,5.61,0.01,SPY220930C00494000,494.0,normalDay
2022-09-13,14781.0,-4730.0,0.0,100,393.1,446.0,0,0.0,0.0,,0.0,1,5.61,0.01,SPY220930C00494000,494.0,normalDay
2022-09-14,14781.0,-4580.0,0.0,100,394.6,446.0,0,0.0,0.0,,0.0,1,5.61,0.01,SPY220930C00494000,494.0,normalDay
2022-09-15,14781.0,-5028.0,0.0,100,390.12,446.0,0,0.0,0.0,,0.0,1,5.61,0.01,SPY220930C00494000,494.0,normalDay
2022-09-16,14781.0,-5484.0,0.0,100,385.56,446.0,0,0.0,0.0,,0.0,1,5.61,0.01,SPY220930C00494000,494.0,normalDay
2022-09-19,14781.0,-5185.0,0.0,100,388.55,446.0,0,0.0,0.0,,0.0,1,5.61,0.01,SPY220930C00494000,494.0,normalDay
2022-09-20,14781.0,-5631.0,0.0,100,384.09,446.0,0,0.0,0.0,,0.0,1,5.61,0.01,SPY220930C00494000,494.0,normalDay
2022-09-21,14781.0,-6301.0,0.0,100,377.39,446.0,0,0.0,0.0,,0.0,1,5.61,0.01,SPY220930C00494000,494.0,normalDay
2022-09-22,14781.0,-6618.0,0.0,100,374.22,446.0,0,0.0,0.0,,0.0,1,5.61,0.01,SPY220930C00494000,494.0,normalDay
2022-09-23,14781.0,-7245.0,0.0,100,367.95,446.0,0,0.0,0.0,,0.0,1,5.61,0.01,SPY220930C00494000,494.0,normalDay
2022-09-26,14781.0,-7609.0,0.0,100,364.31,446.0,0,0.0,0.0,,0.0,1,5.61,0.01,SPY220930C00494000,494.0,normalDay
2022-09-27,14781.0,-7702.0,0.0,100,363.38,446.0,0,0.0,0.0,,0.0,1,5.61,0.01,SPY220930C00494000,494.0,normalDay
2022-09-28,14781.0,-6987.0,0.0,100,370.53,446.0,0,0.0,0.0,,0.0,1,5.61,0.01,SPY220930C00494000,494.0,normalDay
2022-09-29,14781.0,-7761.0,0.0,100,362.79,446.0,0,0.0,0.0,,0.0,1,5.61,0.01,SPY220930C00494000,494.0,normalDay
2022-09-30,15342.0,-8882.0,561.0,100,357.18,446.0,0,0.0,0.0,,0.0,1,5.61,0.0,SPY220930C00494000,494.0,expirationDay
2022-10-03,15342.0,-7963.0,0.0,100,366.61,446.0,0,0.0,0.0,,0.0,1,3.03,3.27,SPY230331C00440000,440.0,normalDay
2022-10-04,15342.0,-7004.0,0.0,100,377.97,446.0,0,0.0,0.0,,0.0,1,3.03,5.04,SPY230331C00440000,440.0,normalDay
2022-10-05,15342.0,-7082.0,0.0,100,377.09,446.0,0,0.0,0.0,,0.0,1,3.03,4.94,SPY230331C00440000,440.0,normalDay
2022-10-06,15342.0,-7411.0,0.0,100,373.2,446.0,0,0.0,0.0,,0.0,1,3.03,4.34,SPY230331C00440000,440.0,normalDay
2022-10-07,15342.0,-8296.0,0.0,100,362.79,446.0,0,0.0,0.0,,0.0,1,3.03,2.78,SPY230331C00440000,440.0,normalDay
2022-10-10,15342.0,-8572.0,0.0,100,360.02,446.0,0,0.0,0.0,,0.0,1,3.03,2.77,SPY230331C00440000,440.0,normalDay
2022-10-11,15342.0,-8793.0,0.0,100,357.74,446.0,0,0.0,0.0,,0.0,1,3.03,2.7,SPY230331C00440000,440.0,normalDay
2022-10-12,15342.0,-8913.0,0.0,100,356.56,446.0,0,0.0,0.0,,0.0,1,3.03,2.72,SPY230331C00440000,440.0,normalDay
2022-10-13,15342.0,-8079.0,0.0,100,365.97,446.0,0,0.0,0.0,,0.0,1,3.03,3.79,SPY230331C00440000,440.0,normalDay
2022-10-14,15342.0,-8804.0,0.0,100,357.63,446.0,0,0.0,0.0,,0.0,1,3.03,2.7,SPY230331C00440000,440.0,normalDay
2022-10-17,15342.0,-8009.0,0.0,100,366.82,446.0,0,0.0,0.0,,0.0,1,3.03,3.94,SPY230331C00440000,440.0,normalDay
2022-10-18,15342.0,-7644.0,0.0,100,371.13,446.0,0,0.0,0.0,,0.0,1,3.03,4.6,SPY230331C00440000,440.0,normalDay
2022-10-19,15342.0,-7842.0,0.0,100,368.5,446.0,0,0.0,0.0,,0.0,1,3.03,3.95,SPY230331C00440000,440.0,normalDay
2022-10-20,15342.0,-8097.0,0.0,100,365.41,446.0,0,0.0,0.0,,0.0,1,3.03,3.41,SPY230331C00440000,440.0,normalDay
2022-10-21,15342.0,-7364.0,0.0,100,374.29,446.0,0,0.0,0.0,,0.0,1,3.03,4.96,SPY230331C00440000,440.0,normalDay
2022-10-24,15342.0,-6986.0,0.0,100,378.87,446.0,0,0.0,0.0,,0.0,1,3.03,5.76,SPY230331C00440000,440.0,normalDay
2022-10-25,15342.0,-6438.0,0.0,100,384.92,446.0,0,0.0,0.0,,0.0,1,3.03,6.33,SPY230331C00440000,440.0,normalDay
2022-10-26,15342.0,-6670.0,0.0,100,382.02,446.0,0,0.0,0.0,,0.0,1,3.03,5.75,SPY230331C00440000,440.0,normalDay
2022-10-27,15342.0,-6748.0,0.0,100,379.98,446.0,0,0.0,0.0,,0.0,1,3.03,4.49,SPY230331C00440000,440.0,normalDay
2022-10-28,15342.0,-6053.0,0.0,100,389.02,446.0,0,0.0,0.0,,0.0,1,3.03,6.58,SPY230331C00440000,440.0,normalDay
2022-10-31,15342.0,-6237.0,0.0,100,386.21,446.0,0,0.0,0.0,,0.0,1,3.03,5.61,SPY230331C00440000,440.0,normalDay
2022-11-01,15342.0,-6356.0,0.0,100,384.52,446.0,0,0.0,0.0,,0.0,1,3.03,5.11,SPY230331C00440000,440.0,normalDay
2022-11-02,15342.0,-7169.0,0.0,100,374.87,446.0,0,0.0,0.0,,0.0,1,3.03,3.59,SPY230331C00440000,440.0,normalDay
2022-11-03,15342.0,-7476.0,0.0,100,371.01,446.0,0,0.0,0.0,,0.0,1,3.03,2.8,SPY230331C00440000,440.0,normalDay
2022-11-04,15342.0,-6999.0,0.0,100,376.35,446.0,0,0.0,0.0,,0.0,1,3.03,3.37,SPY230331C00440000,440.0,normalDay
2022-11-07,15342.0,-6685.0,0.0,100,379.95,446.0,0,0.0,0.0,,0.0,1,3.03,3.83,SPY230331C00440000,440.0,normalDay
2022-11-08,15342.0,-6518.0,0.0,100,382.0,446.0,0,0.0,0.0,,0.0,1,3.03,4.21,SPY230331C00440000,440.0,normalDay
2022-11-09,15342.0,-7191.0,0.0,100,374.13,446.0,0,0.0,0.0,,0.0,1,3.03,3.07,SPY230331C00440000,440.0,normalDay
2022-11-10,15342.0,-5507.0,0.0,100,394.69,446.0,0,0.0,0.0,,0.0,1,3.03,6.79,SPY230331C00440000,440.0,normalDay
2022-11-11,15342.0,-5146.0,0.0,100,398.51,446.0,0,0.0,0.0,,0.0,1,3.03,7.0,SPY230331C00440000,440.0,normalDay
2022-11-14,15342.0,-5393.0,0.0,100,395.12,446.0,0,0.0,0.0,,0.0,1,3.03,6.08,SPY230331C00440000,440.0,normalDay
2022-11-15,15342.0,-5125.0,0.0,100,398.49,446.0,0,0.0,0.0,,0.0,1,3.03,6.77,SPY230331C00440000,440.0,normalDay
2022-11-16,15342.0,-5327.0,0.0,100,395.45,446.0,0,0.0,0.0,,0.0,1,3.03,5.75,SPY230331C00440000,440.0,normalDay
2022-11-17,15342.0,-5409.0,0.0,100,394.24,446.0,0,0.0,0.0,,0.0,1,3.03,5.36,SPY230331C00440000,440.0,normalDay
2022-11-18,15342.0,-5237.0,0.0,100,396.03,446.0,0,0.0,0.0,,0.0,1,3.03,5.43,SPY230331C00440000,440.0,normalDay
2022-11-21,15342.0,-5316.0,0.0,100,394.59,446.0,0,0.0,0.0,,0.0,1,3.03,4.78,SPY230331C00440000,440.0,normalDay
2022-11-22,15342.0,-4864.0,0.0,100,399.9,446.0,0,0.0,0.0,,0.0,1,3.03,5.57,SPY230331C00440000,440.0,normalDay
2022-11-23,15342.0,-4637.0,0.0,100,402.42,446.0,0,0.0,0.0,,0.0,1,3.03,5.82,SPY230331C00440000,440.0,normalDay
2022-11-25,15342.0,-4639.0,0.0,100,402.33,446.0,0,0.0,0.0,,0.0,1,3.03,5.75,SPY230331C00440000,440.0,normalDay
2022-11-28,15342.0,-5142.0,0.0,100,395.91,446.0,0,0.0,0.0,,0.0,1,3.03,4.36,SPY230331C00440000,440.0,normalDay
2022-11-29,15342.0,-5181.0,0.0,100,395.23,446.0,0,0.0,0.0,,0.0,1,3.03,4.07,SPY230331C00440000,440.0,normalDay
2022-11-30,15342.0,-4226.0,0.0,100,407.68,446.0,0,0.0,0.0,,0.0,1,3.03,6.97,SPY230331C00440000,440.0,normalDay
2022-12-01,15342.0,-4208.0,0.0,100,407.38,446.0,0,0.0,0.0,,0.0,1,3.03,6.49,SPY230331C00440000,440.0,normalDay
2022-12-02,15342.0,-4200.0,0.0,100,406.91,446.0,0,0.0,0.0,,0.0,1,3.03,5.94,SPY230331C00440000,440.0,normalDay
2022-12-05,15342.0,-4759.0,0.0,100,399.59,446.0,0,0.0,0.0,,0.0,1,3.03,4.21,SPY230331C00440000,440.0,normalDay
2022-12-06,15342.0,-5245.0,0.0,100,393.83,446.0,0,0.0,0.0,,0.0,1,3.03,3.31,SPY230331C00440000,440.0,normalDay
2022-12-07,15342.0,-5304.0,0.0,100,393.16,446.0,0,0.0,0.0,,0.0,1,3.03,3.23,SPY230331C00440000,440.0,normalDay
2022-12-08,15342.0,-5032.0,0.0,100,396.24,446.0,0,0.0,0.0,,0.0,1,3.03,3.59,SPY230331C00440000,440.0,normalDay
2022-12-09,15342.0,-5287.0,0.0,100,393.28,446.0,0,0.0,0.0,,0.0,1,3.03,3.18,SPY230331C00440000,440.0,normalDay
2022-12-12,15342.0,-4837.0,0.0,100,398.95,446.0,0,0.0,0.0,,0.0,1,3.03,4.35,SPY230331C00440000,440.0,normalDay
2022-12-13,15342.0,-4557.0,0.0,100,401.97,446.0,0,0.0,0.0,,0.0,1,3.03,4.57,SPY230331C00440000,440.0,normalDay
2022-12-14,15342.0,-4756.0,0.0,100,399.4,446.0,0,0.0,0.0,,0.0,1,3.03,3.99,SPY230331C00440000,440.0,normalDay
2022-12-15,15342.0,-5558.0,0.0,100,389.63,446.0,0,0.0,0.0,,0.0,1,3.03,2.24,SPY230331C00440000,440.0,normalDay
2022-12-16,15342.0,-6132.0,0.0,100,383.27,446.0,0,0.0,0.0,,0.0,1,3.03,1.62,SPY230331C00440000,440.0,normalDay
2022-12-19,15342.0,-6422.0,0.0,100,380.02,446.0,0,0.0,0.0,,0.0,1,3.03,1.27,SPY230331C00440000,440.0,normalDay
2022-12-20,15342.0,-6365.0,0.0,100,380.54,446.0,0,0.0,0.0,,0.0,1,3.03,1.22,SPY230331C00440000,440.0,normalDay
2022-12-21,15342.0,-5821.0,0.0,100,386.23,446.0,0,0.0,0.0,,0.0,1,3.03,1.47,SPY230331C00440000,440.0,normalDay
2022-12-22,15342.0,-6348.0,0.0,100,380.72,446.0,0,0.0,0.0,,0.0,1,3.03,1.23,SPY230331C00440000,440.0,normalDay
2022-12-23,15342.0,-6126.0,0.0,100,382.91,446.0,0,0.0,0.0,,0.0,1,3.03,1.2,SPY230331C00440000,440.0,normalDay
2022-12-27,15342.0,-6267.0,0.0,100,381.4,446.0,0,0.0,0.0,,0.0,1,3.03,1.1,SPY230331C00440000,440.0,normalDay
2022-12-28,15342.0,-6712.0,0.0,100,376.66,446.0,0,0.0,0.0,,0.0,1,3.03,0.81,SPY230331C00440000,440.0,normalDay
2022-12-29,15342.0,-6065.0,0.0,100,383.44,446.0,0,0.0,0.0,,0.0,1,3.03,1.12,SPY230331C00440000,440.0,normalDay
2022-12-30,15342.0,-6162.0,0.0,100,382.43,446.0,0,0.0,0.0,,0.0,1,3.03,1.08,SPY230331C00440000,440.0,normalDay
2023-01-03,15342.0,-6302.0,0.0,100,380.82,446.0,0,0.0,0.0,,0.0,1,3.03,0.87,SPY230331C00440000,440.0,normalDay
2023-01-04,15342.0,-6014.0,0.0,100,383.76,446.0,0,0.0,0.0,,0.0,1,3.03,0.93,SPY230331C00440000,440.0,normalDay
2023-01-05,15342.0,-6424.0,0.0,100,379.38,446.0,0,0.0,0.0,,0.0,1,3.03,0.65,SPY230331C00440000,440.0,normalDay
2023-01-06,15342.0,-5591.0,0.0,100,388.08,446.0,0,0.0,0.0,,0.0,1,3.03,1.02,SPY230331C00440000,440.0,normalDay
2023-01-09,15342.0,-5609.0,0.0,100,387.86,446.0,0,0.0,0.0,,0.0,1,3.03,0.98,SPY230331C00440000,440.0,normalDay
2023-01-10,15342.0,-5337.0,0.0,100,390.58,446.0,0,0.0,0.0,,0.0,1,3.03,0.98,SPY230331C00440000,440.0,normalDay
2023-01-11,15342.0,-4889.0,0.0,100,395.52,446.0,0,0.0,0.0,,0.0,1,3.03,1.44,SPY230331C00440000,440.0,normalDay
2023-01-12,15342.0,-4724.0,0.0,100,396.96,446.0,0,0.0,0.0,,0.0,1,3.03,1.23,SPY230331C00440000,440.0,normalDay
2023-01-13,15342.0,-4554.0,0.0,100,398.5,446.0,0,0.0,0.0,,0.0,1,3.03,1.07,SPY230331C00440000,440.0,normalDay
2023-01-17,15342.0,-4612.0,0.0,100,397.77,446.0,0,0.0,0.0,,0.0,1,3.03,0.92,SPY230331C00440000,440.0,normalDay
2023-01-18,15342.0,-5206.0,0.0,100,391.49,446.0,0,0.0,0.0,,0.0,1,3.03,0.58,SPY230331C00440000,440.0,normalDay
2023-01-19,15342.0,-5474.0,0.0,100,388.64,446.0,0,0.0,0.0,,0.0,1,3.03,0.41,SPY230331C00440000,440.0,normalDay
2023-01-20,15342.0,-4775.0,0.0,100,395.88,446.0,0,0.0,0.0,,0.0,1,3.03,0.66,SPY230331C00440000,440.0,normalDay
2023-01-23,15342.0,-4332.0,0.0,100,400.63,446.0,0,0.0,0.0,,0.0,1,3.03,0.98,SPY230331C00440000,440.0,normalDay
2023-01-24,15342.0,-4370.0,0.0,100,400.2,446.0,0,0.0,0.0,,0.0,1,3.03,0.93,SPY230331C00440000,440.0,normalDay
2023-01-25,15342.0,-4345.0,0.0,100,400.35,446.0,0,0.0,0.0,,0.0,1,3.03,0.83,SPY230331C00440000,440.0,normalDay
2023-01-26,15342.0,-3933.0,0.0,100,404.75,446.0,0,0.0,0.0,,0.0,1,3.03,1.11,SPY230331C00440000,440.0,normalDay
2023-01-27,15342.0,-3841.0,0.0,100,405.68,446.0,0,0.0,0.0,,0.0,1,3.03,1.12,SPY230331C00440000,440.0,normalDay
2023-01-30,15342.0,-4320.0,0.0,100,400.59,446.0,0,0.0,0.0,,0.0,1,3.03,0.82,SPY230331C00440000,440.0,normalDay
2023-01-31,15342.0,-3759.0,0.0,100,406.48,446.0,0,0.0,0.0,,0.0,1,3.03,1.1,SPY230331C00440000,440.0,normalDay
2023-02-01,15342.0,-3375.0,0.0,100,410.8,446.0,0,0.0,0.0,,0.0,1,3.03,1.58,SPY230331C00440000,440.0,normalDay
2023-02-02,15342.0,-2874.0,0.0,100,416.78,446.0,0,0.0,0.0,,0.0,1,3.03,2.55,SPY230331C00440000,440.0,normalDay
2023-02-03,15342.0,-3241.0,0.0,100,412.35,446.0,0,0.0,0.0,,0.0,1,3.03,1.79,SPY230331C00440000,440.0,normalDay
2023-02-06,15342.0,-3457.0,0.0,100,409.83,446.0,0,0.0,0.0,,0.0,1,3.03,1.43,SPY230331C00440000,440.0,normalDay
2023-02-07,15342.0,-2972.0,0.0,100,415.19,446.0,0,0.0,0.0,,0.0,1,3.03,1.94,SPY230331C00440000,440.0,normalDay
2023-02-08,15342.0,-3381.0,0.0,100,410.65,446.0,0,0.0,0.0,,0.0,1,3.03,1.49,SPY230331C00440000,440.0,normalDay
2023-02-09,15342.0,-3701.0,0.0,100,407.09,446.0,0,0.0,0.0,,0.0,1,3.03,1.13,SPY230331C00440000,440.0,normalDay
2023-02-10,15342.0,-3608.0,0.0,100,408.04,446.0,0,0.0,0.0,,0.0,1,3.03,1.15,SPY230331C00440000,440.0,normalDay
2023-02-13,15342.0,-3174.0,0.0,100,412.83,446.0,0,0.0,0.0,,0.0,1,3.03,1.6,SPY230331C00440000,440.0,normalDay
2023-02-14,15342.0,-3145.0,0.0,100,412.64,446.0,0,0.0,0.0,,0.0,1,3.03,1.12,SPY230331C00440000,440.0,normalDay
2023-02-15,15342.0,-3013.0,0.0,100,413.98,446.0,0,0.0,0.0,,0.0,1,3.03,1.14,SPY230331C00440000,440.0,normalDay
2023-02-16,15342.0,-3532.0,0.0,100,408.28,446.0,0,0.0,0.0,,0.0,1,3.03,0.63,SPY230331C00440000,440.0,normalDay
2023-02-17,15342.0,-3619.0,0.0,100,407.26,446.0,0,0.0,0.0,,0.0,1,3.03,0.48,SPY230331C00440000,440.0,normalDay
2023-02-21,15342.0,-4409.0,0.0,100,399.09,446.0,0,0.0,0.0,,0.0,1,3.03,0.21,SPY230331C00440000,440.0,normalDay
2023-02-22,15342.0,-4457.0,0.0,100,398.54,446.0,0,0.0,0.0,,0.0,1,3.03,0.14,SPY230331C00440000,440.0,normalDay
2023-02-23,15342.0,-4246.0,0.0,100,400.66,446.0,0,0.0,0.0,,0.0,1,3.03,0.15,SPY230331C00440000,440.0,normalDay
2023-02-24,15342.0,-4669.0,0.0,100,396.38,446.0,0,0.0,0.0,,0.0,1,3.03,0.1,SPY230331C00440000,440.0,normalDay
2023-02-27,15342.0,-4534.0,0.0,100,397.73,446.0,0,0.0,0.0,,0.0,1,3.03,0.1,SPY230331C00440000,440.0,normalDay
2023-02-28,15342.0,-4678.0,0.0,100,396.26,446.0,0,0.0,0.0,,0.0,1,3.03,0.07,SPY230331C00440000,440.0,normalDay
2023-03-01,15342.0,-4829.0,0.0,100,394.74,446.0,0,0.0,0.0,,0.0,1,3.03,0.06,SPY230331C00440000,440.0,normalDay
2023-03-02,15342.0,-4521.0,0.0,100,397.81,446.0,0,0.0,0.0,,0.0,1,3.03,0.05,SPY230331C00440000,440.0,normalDay
2023-03-03,15342.0,-3890.0,0.0,100,404.19,446.0,0,0.0,0.0,,0.0,1,3.03,0.12,SPY230331C00440000,440.0,normalDay
2023-03-06,15342.0,-3860.0,0.0,100,404.47,446.0,0,0.0,0.0,,0.0,1,3.03,0.1,SPY230331C00440000,440.0,normalDay
2023-03-07,15342.0,-4475.0,0.0,100,398.27,446.0,0,0.0,0.0,,0.0,1,3.03,0.05,SPY230331C00440000,440.0,normalDay
2023-03-08,15342.0,-4410.0,0.0,100,398.92,446.0,0,0.0,0.0,,0.0,1,3.03,0.05,SPY230331C00440000,440.0,normalDay
2023-03-09,15342.0,-5145.0,0.0,100,391.56,446.0,0,0.0,0.0,,0.0,1,3.03,0.04,SPY230331C00440000,440.0,normalDay
2023-03-10,15342.0,-5709.0,0.0,100,385.91,446.0,0,0.0,0.0,,0.0,1,3.03,0.03,SPY230331C00440000,440.0,normalDay
2023-03-13,15342.0,-5764.0,0.0,100,385.36,446.0,0,0.0,0.0,,0.0,1,3.03,0.03,SPY230331C00440000,440.0,normalDay
2023-03-14,15342.0,-5126.0,0.0,100,391.73,446.0,0,0.0,0.0,,0.0,1,3.03,0.02,SPY230331C00440000,440.0,normalDay
2023-03-15,15342.0,-5371.0,0.0,100,389.28,446.0,0,0.0,0.0,,0.0,1,3.03,0.02,SPY230331C00440000,440.0,normalDay
2023-03-16,15342.0,-4690.0,0.0,100,396.11,446.0,0,0.0,0.0,,0.0,1,3.03,0.04,SPY230331C00440000,440.0,normalDay
2023-03-17,15342.0,-5300.0,0.0,100,389.99,446.0,0,0.0,0.0,,0.0,1,3.03,0.02,SPY230331C00440000,440.0,normalDay
2023-03-20,15342.0,-4925.0,0.0,100,393.74,446.0,0,0.0,0.0,,0.0,1,3.03,0.02,SPY230331C00440000,440.0,normalDay
2023-03-21,15342.0,-4408.0,0.0,100,398.91,446.0,0,0.0,0.0,,0.0,1,3.03,0.02,SPY230331C00440000,440.0,normalDay
2023-03-22,15342.0,-5087.0,0.0,100,392.11,446.0,0,0.0,0.0,,0.0,1,3.03,0.01,SPY230331C00440000,440.0,normalDay
2023-03-23,15342.0,-4981.0,0.0,100,393.17,446.0,0,0.0,0.0,,0.0,1,3.03,0.01,SPY230331C00440000,440.0,normalDay
2023-03-24,15342.0,-4723.0,0.0,100,395.75,446.0,0,0.0,0.0,,0.0,1,3.03,0.01,SPY230331C00440000,440.0,normalDay
2023-03-27,15342.0,-4649.0,0.0,100,396.49,446.0,0,0.0,0.0,,0.0,1,3.03,0.01,SPY230331C00440000,440.0,normalDay
2023-03-28,15342.0,-4738.0,0.0,100,395.6,446.0,0,0.0,0.0,,0.0,1,3.03,0.01,SPY230331C00440000,440.0,normalDay
2023-03-29,15342.0,-4163.0,0.0,100,401.35,446.0,0,0.0,0.0,,0.0,1,3.03,0.01,SPY230331C00440000,440.0,normalDay
2023-03-30,15342.0,-3928.0,0.0,100,403.7,446.0,0,0.0,0.0,,0.0,1,3.03,0.01,SPY230331C00440000,440.0,normalDay
2023-03-31,15645.0,-3661.0,303.0,100,409.39,446.0,0,0.0,0.0,,0.0,1,3.03,0.0,SPY230331C00440000,440.0,expirationDay
2023-04-03,15645.0,-3571.0,0.0,100,410.95,446.0,0,0.0,0.0,,0.0,1,21.04,21.7,SPY231020C00420000,420.0,normalDay
2023-04-04,15645.0,-3644.0,0.0,100,408.67,446.0,0,0.0,0.0,,0.0,1,21.04,20.15,SPY231020C00420000,420.0,normalDay
2023-04-05,15645.0,-3689.0,0.0,100,407.6,446.0,0,0.0,0.0,,0.0,1,21.04,19.53,SPY231020C00420000,420.0,normalDay
2023-04-06,15645.0,-3581.0,0.0,100,409.19,446.0,0,0.0,0.0,,0.0,1,21.04,20.04,SPY231020C00420000,420.0,normalDay
2023-04-10,15645.0,-3577.0,0.0,100,409.61,446.0,0,0.0,0.0,,0.0,1,21.04,20.42,SPY231020C00420000,420.0,normalDay
2023-04-11,15645.0,-3547.0,0.0,100,409.72,446.0,0,0.0,0.0,,0.0,1,21.04,20.23,SPY231020C00420000,420.0,normalDay
2023-04-12,15645.0,-3576.0,0.0,100,408.05,446.0,0,0.0,0.0,,0.0,1,21.04,18.85,SPY231020C00420000,420.0,normalDay
2023-04-13,15645.0,-3338.0,0.0,100,413.47,446.0,0,0.0,0.0,,0.0,1,21.04,21.89,SPY231020C00420000,420.0,normalDay
2023-04-14,15645.0,-3369.0,0.0,100,412.46,446.0,0,0.0,0.0,,0.0,1,21.04,21.19,SPY231020C00420000,420.0,normalDay
2023-04-17,15645.0,-3253.0,0.0,100,413.94,446.0,0,0.0,0.0,,0.0,1,21.04,21.51,SPY231020C00420000,420.0,normalDay
2023-04-18,15645.0,-3204.0,0.0,100,414.21,446.0,0,0.0,0.0,,0.0,1,21.04,21.29,SPY231020C00420000,420.0,normalDay
2023-04-19,15645.0,-3201.0,0.0,100,414.14,446.0,0,0.0,0.0,,0.0,1,21.04,21.19,SPY231020C00420000,420.0,normalDay
2023-04-20,15645.0,-3301.0,0.0,100,411.88,446.0,0,0.0,0.0,,0.0,1,21.04,19.93,SPY231020C00420000,420.0,normalDay
2023-04-21,15645.0,-3260.0,0.0,100,412.2,446.0,0,0.0,0.0,,0.0,1,21.04,19.84,SPY231020C00420000,420.0,normalDay
2023-04-24,15645.0,-3248.0,0.0,100,412.63,446.0,0,0.0,0.0,,0.0,1,21.04,20.15,SPY231020C00420000,420.0,normalDay
2023-04-25,15645.0,-3619.0,0.0,100,406.08,446.0,0,0.0,0.0,,0.0,1,21.04,17.31,SPY231020C00420000,420.0,normalDay
2023-04-26,15645.0,-3633.0,0.0,100,404.36,446.0,0,0.0,0.0,,0.0,1,21.04,15.73,SPY231020C00420000,420.0,normalDay
2023-04-27,15645.0,-3265.0,0.0,100,412.41,446.0,0,0.0,0.0,,0.0,1,21.04,20.1,SPY231020C00420000,420.0,normalDay
2023-04-28,15645.0,-3039.0,0.0,100,415.93,446.0,0,0.0,0.0,,0.0,1,21.04,21.36,SPY231020C00420000,420.0,normalDay
2023-05-01,15645.0,-3042.0,0.0,100,415.51,446.0,0,0.0,0.0,,0.0,1,21.04,20.97,SPY231020C00420000,420.0,normalDay
2023-05-02,15645.0,-3245.0,0.0,100,410.84,446.0,0,0.0,0.0,,0.0,1,21.04,18.33,SPY231020C00420000,420.0,normalDay
2023-05-03,15645.0,-3420.0,0.0,100,408.02,446.0,0,0.0,0.0,,0.0,1,21.04,17.26,SPY231020C00420000,420.0,normalDay
2023-05-04,15645.0,-3522.0,0.0,100,405.13,446.0,0,0.0,0.0,,0.0,1,21.04,15.39,SPY231020C00420000,420.0,normalDay
2023-05-05,15645.0,-3118.0,0.0,100,412.63,446.0,0,0.0,0.0,,0.0,1,21.04,18.85,SPY231020C00420000,420.0,normalDay
2023-05-08,15645.0,-3084.0,0.0,100,412.74,446.0,0,0.0,0.0,,0.0,1,21.04,18.62,SPY231020C00420000,420.0,normalDay
2023-05-09,15645.0,-3191.0,0.0,100,410.93,446.0,0,0.0,0.0,,0.0,1,21.04,17.88,SPY231020C00420000,420.0,normalDay
2023-05-10,15645.0,-3059.0,0.0,100,412.85,446.0,0,0.0,0.0,,0.0,1,21.04,18.48,SPY231020C00420000,420.0,normalDay
2023-05-11,15645.0,-3040.0,0.0,100,412.13,446.0,0,0.0,0.0,,0.0,1,21.04,17.57,SPY231020C00420000,420.0,normalDay
2023-05-12,15645.0,-3044.0,0.0,100,411.59,446.0,0,0.0,0.0,,0.0,1,21.04,17.07,SPY231020C00420000,420.0,normalDay
2023-05-15,15645.0,-2938.0,0.0,100,413.01,446.0,0,0.0,0.0,,0.0,1,21.04,17.43,SPY231020C00420000,420.0,normalDay
2023-05-16,15645.0,-3085.0,0.0,100,410.25,446.0,0,0.0,0.0,,0.0,1,21.04,16.14,SPY231020C00420000,420.0,normalDay
2023-05-17,15645.0,-2824.0,0.0,100,415.23,446.0,0,0.0,0.0,,0.0,1,21.04,18.51,SPY231020C00420000,420.0,normalDay
2023-05-18,15645.0,-2632.0,0.0,100,419.23,446.0,0,0.0,0.0,,0.0,1,21.04,20.59,SPY231020C00420000,420.0,normalDay
2023-05-19,15645.0,-2665.0,0.0,100,418.62,446.0,0,0.0,0.0,,0.0,1,21.04,20.31,SPY231020C00420000,420.0,normalDay
2023-05-22,15645.0,-2677.0,0.0,100,418.79,446.0,0,0.0,0.0,,0.0,1,21.04,20.6,SPY231020C00420000,420.0,normalDay
2023-05-23,15645.0,-2852.0,0.0,100,414.09,446.0,0,0.0,0.0,,0.0,1,21.04,17.65,SPY231020C00420000,420.0,normalDay
2023-05-24,15645.0,-3019.0,0.0,100,411.09,446.0,0,0.0,0.0,,0.0,1,21.04,16.32,SPY231020C00420000,420.0,normalDay
2023-05-25,15645.0,-2812.0,0.0,100,414.65,446.0,0,0.0,0.0,,0.0,1,21.04,17.81,SPY231020C00420000,420.0,normalDay
2023-05-26,15645.0,-2602.0,0.0,100,420.02,446.0,0,0.0,0.0,,0.0,1,21.04,21.08,SPY231020C00420000,420.0,normalDay
2023-05-30,15645.0,-2546.0,0.0,100,420.18,446.0,0,0.0,0.0,,0.0,1,21.04,20.68,SPY231020C00420000,420.0,normalDay
2023-05-31,15645.0,-2592.0,0.0,100,417.85,446.0,0,0.0,0.0,,0.0,1,21.04,18.81,SPY231020C00420000,420.0,normalDay
2023-06-01,15645.0,-2401.0,0.0,100,421.82,446.0,0,0.0,0.0,,0.0,1,21.04,20.87,SPY231020C00420000,420.0,normalDay
2023-06-02,15645.0,-2153.0,0.0,100,427.92,446.0,0,0.0,0.0,,0.0,1,21.04,24.49,SPY231020C00420000,420.0,normalDay
2023-06-05,15645.0,-2152.0,0.0,100,427.1,446.0,0,0.0,0.0,,0.0,1,21.04,23.66,SPY231020C00420000,420.0,normalDay
2023-06-06,15645.0,-2084.0,0.0,100,428.03,446.0,0,0.0,0.0,,0.0,1,21.04,23.91,SPY231020C00420000,420.0,normalDay
2023-06-07,15645.0,-2076.0,0.0,100,426.55,446.0,0,0.0,0.0,,0.0,1,21.04,22.35,SPY231020C00420000,420.0,normalDay
2023-06-08,15645.0,-1958.0,0.0,100,429.13,446.0,0,0.0,0.0,,0.0,1,21.04,23.75,SPY231020C00420000,420.0,normalDay
2023-06-09,15645.0,-1970.0,0.0,100,429.9,446.0,0,0.0,0.0,,0.0,1,21.04,24.64,SPY231020C00420000,420.0,normalDay
2023-06-12,15645.0,-1842.0,0.0,100,433.8,446.0,0,0.0,0.0,,0.0,1,21.04,27.26,SPY231020C00420000,420.0,normalDay
2023-06-13,15645.0,-1795.0,0.0,100,436.66,446.0,0,0.0,0.0,,0.0,1,21.04,29.65,SPY231020C00420000,420.0,normalDay
2023-06-14,15645.0,-1784.0,0.0,100,437.18,446.0,0,0.0,0.0,,0.0,1,21.04,30.06,SPY231020C00420000,420.0,normalDay
2023-06-15,15645.0,-1619.0,0.0,100,442.6,446.0,0,0.0,0.0,,0.0,1,21.04,33.83,SPY231020C00420000,420.0,normalDay
2023-06-16,15645.0,-1865.0,0.0,100,439.46,446.0,0,0.0,0.0,,0.0,1,21.04,33.15,SPY231020C00420000,420.0,normalDay
2023-06-20,15645.0,-1843.0,0.0,100,437.18,446.0,0,0.0,0.0,,0.0,1,21.04,30.65,SPY231020C00420000,420.0,normalDay
2023-06-21,15645.0,-1900.0,0.0,100,434.94,446.0,0,0.0,0.0,,0.0,1,21.04,28.98,SPY231020C00420000,420.0,normalDay
2023-06-22,15645.0,-1805.0,0.0,100,436.51,446.0,0,0.0,0.0,,0.0,1,21.04,29.6,SPY231020C00420000,420.0,normalDay
2023-06-23,15645.0,-1893.0,0.0,100,433.21,446.0,0,0.0,0.0,,0.0,1,21.04,27.18,SPY231020C00420000,420.0,normalDay
2023-06-26,15645.0,-1926.0,0.0,100,431.44,446.0,0,0.0,0.0,,0.0,1,21.04,25.74,SPY231020C00420000,420.0,normalDay
2023-06-27,15645.0,-1743.0,0.0,100,436.17,446.0,0,0.0,0.0,,0.0,1,21.04,28.64,SPY231020C00420000,420.0,normalDay
2023-06-28,15645.0,-1750.0,0.0,100,436.39,446.0,0,0.0,0.0,,0.0,1,21.04,28.93,SPY231020C00420000,420.0,normalDay
2023-06-29,15645.0,-1689.0,0.0,100,438.11,446.0,0,0.0,0.0,,0.0,1,21.04,30.04,SPY231020C00420000,420.0,normalDay
2023-06-30,15645.0,-1597.0,0.0,100,443.28,446.0,0,0.0,0.0,,0.0,1,21.04,34.29,SPY231020C00420000,420.0,normalDay
2023-07-03,15645.0,-1663.0,0.0,100,443.79,446.0,0,0.0,0.0,,0.0,1,21.04,35.46,SPY231020C00420000,420.0,normalDay
2023-07-05,15645.0,-1584.0,0.0,100,443.13,446.0,0,0.0,0.0,,0.0,1,21.04,34.01,SPY231020C00420000,420.0,normalDay
2023-07-06,15645.0,-1673.0,0.0,100,439.66,446.0,0,0.0,0.0,,0.0,1,21.04,31.43,SPY231020C00420000,420.0,normalDay
2023-07-07,15645.0,-1696.0,0.0,100,438.55,446.0,0,0.0,0.0,,0.0,1,21.04,30.55,SPY231020C00420000,420.0,normalDay
2023-07-10,15645.0,-1635.0,0.0,100,439.66,446.0,0,0.0,0.0,,0.0,1,21.04,31.05,SPY231020C00420000,420.0,normalDay
2023-07-11,15645.0,-1534.0,0.0,100,442.46,446.0,0,0.0,0.0,,0.0,1,21.04,32.84,SPY231020C00420000,420.0,normalDay
2023-07-12,15645.0,-1463.0,0.0,100,446.02,446.0,0,0.0,0.0,,0.0,1,21.04,35.69,SPY231020C00420000,420.0,normalDay
2023-07-13,15645.0,-1385.0,0.0,100,449.56,446.0,0,0.0,0.0,,0.0,1,21.04,38.45,SPY231020C00420000,420.0,normalDay
2023-07-14,15645.0,-1356.0,0.0,100,449.28,446.0,0,0.0,0.0,,0.0,1,21.04,37.88,SPY231020C00420000,420.0,normalDay
2023-07-17,15645.0,-1317.0,0.0,100,450.84,446.0,0,0.0,0.0,,0.0,1,21.04,39.05,SPY231020C00420000,420.0,normalDay
2023-07-18,15645.0,-1288.0,0.0,100,454.19,446.0,0,0.0,0.0,,0.0,1,21.04,42.11,SPY231020C00420000,420.0,normalDay
2023-07-19,15645.0,-1297.0,0.0,100,455.2,446.0,0,0.0,0.0,,0.0,1,21.04,43.21,SPY231020C00420000,420.0,normalDay
2023-07-20,15645.0,-1347.0,0.0,100,452.18,446.0,0,0.0,0.0,,0.0,1,21.04,40.69,SPY231020C00420000,420.0,normalDay
2023-07-21,15645.0,-1298.0,0.0,100,452.18,446.0,0,0.0,0.0,,0.0,1,21.04,40.2,SPY231020C00420000,420.0,normalDay
2023-07-24,15645.0,-1276.0,0.0,100,454.2,446.0,0,0.0,0.0,,0.0,1,21.04,42.0,SPY231020C00420000,420.0,normalDay
2023-07-25,15645.0,-1303.0,0.0,100,455.44,446.0,0,0.0,0.0,,0.0,1,21.04,43.51,SPY231020C00420000,420.0,normalDay
2023-07-26,15645.0,-1299.0,0.0,100,455.51,446.0,0,0.0,0.0,,0.0,1,21.04,43.54,SPY231020C00420000,420.0,normalDay
2023-07-27,15645.0,-1301.0,0.0,100,452.49,446.0,0,0.0,0.0,,0.0,1,21.04,40.54,SPY231020C00420000,420.0,normalDay
2023-07-28,15645.0,-1184.0,0.0,100,456.92,446.0,0,0.0,0.0,,0.0,1,21.04,43.8,SPY231020C00420000,420.0,normalDay
2023-07-31,15645.0,-1166.0,0.0,100,457.79,446.0,0,0.0,0.0,,0.0,1,21.04,44.49,SPY231020C00420000,420.0,normalDay
2023-08-01,15645.0,-1151.0,0.0,100,456.48,446.0,0,0.0,0.0,,0.0,1,21.04,43.03,SPY231020C00420000,420.0,normalDay
2023-08-02,15645.0,-1295.0,0.0,100,450.13,446.0,0,0.0,0.0,,0.0,1,21.04,38.12,SPY231020C00420000,420.0,normalDay
2023-08-03,15645.0,-1402.0,0.0,100,448.84,446.0,0,0.0,0.0,,0.0,1,21.04,37.9,SPY231020C00420000,420.0,normalDay
2023-08-04,15645.0,-1320.0,0.0,100,446.81,446.0,0,0.0,0.0,,0.0,1,21.04,35.05,SPY231020C00420000,420.0,normalDay
2023-08-07,15645.0,-1221.0,0.0,100,450.71,446.0,0,0.0,0.0,,0.0,1,21.04,37.96,SPY231020C00420000,420.0,normalDay
2023-08-08,15645.0,-1229.0,0.0,100,448.75,446.0,0,0.0,0.0,,0.0,1,21.04,36.08,SPY231020C00420000,420.0,normalDay
2023-08-09,15645.0,-1299.0,0.0,100,445.75,446.0,0,0.0,0.0,,0.0,1,21.04,33.78,SPY231020C00420000,420.0,normalDay
2023-08-10,15645.0,-1229.0,0.0,100,445.91,446.0,0,0.0,0.0,,0.0,1,21.04,33.24,SPY231020C00420000,420.0,normalDay
2023-08-11,15645.0,-1214.0,0.0,100,445.65,446.0,0,0.0,0.0,,0.0,1,21.04,32.83,SPY231020C00420000,420.0,normalDay
2023-08-14,15645.0,-1138.0,0.0,100,448.11,446.0,0,0.0,0.0,,0.0,1,21.04,34.53,SPY231020C00420000,420.0,normalDay
2023-08-15,15645.0,-1228.0,0.0,100,442.89,446.0,0,0.0,0.0,,0.0,1,21.04,30.21,SPY231020C00420000,420.0,normalDay
2023-08-16,15645.0,-1306.0,0.0,100,439.64,446.0,0,0.0,0.0,,0.0,1,21.04,27.74,SPY231020C00420000,420.0,normalDay
2023-08-17,15645.0,-1346.0,0.0,100,436.29,446.0,0,0.0,0.0,,0.0,1,21.04,24.79,SPY231020C00420000,420.0,normalDay
2023-08-18,15645.0,-1305.0,0.0,100,436.5,446.0,0,0.0,0.0,,0.0,1,21.04,24.59,SPY231020C00420000,420.0,normalDay
2023-08-21,15645.0,-1184.0,0.0,100,439.34,446.0,0,0.0,0.0,,0.0,1,21.04,26.22,SPY231020C00420000,420.0,normalDay
2023-08-22,15645.0,-1201.0,0.0,100,438.15,446.0,0,0.0,0.0,,0.0,1,21.04,25.2,SPY231020C00420000,420.0,normalDay
2023-08-23,15645.0,-1105.0,0.0,100,443.03,446.0,0,0.0,0.0,,0.0,1,21.04,29.12,SPY231020C00420000,420.0,normalDay
2023-08-24,15645.0,-1208.0,0.0,100,436.89,446.0,0,0.0,0.0,,0.0,1,21.04,24.01,SPY231020C00420000,420.0,normalDay
2023-08-25,15645.0,-1105.0,0.0,100,439.97,446.0,0,0.0,0.0,,0.0,1,21.04,26.06,SPY231020C00420000,420.0,normalDay
2023-08-28,15645.0,-1019.0,0.0,100,442.76,446.0,0,0.0,0.0,,0.0,1,21.04,27.99,SPY231020C00420000,420.0,normalDay
2023-08-29,15645.0,-919.0,0.0,100,449.16,446.0,0,0.0,0.0,,0.0,1,21.04,33.39,SPY231020C00420000,420.0,normalDay
2023-08-30,15645.0,-871.0,0.0,100,451.01,446.0,0,0.0,0.0,,0.0,1,21.04,34.76,SPY231020C00420000,420.0,normalDay
2023-08-31,15645.0,-881.0,0.0,100,450.35,446.0,0,0.0,0.0,,0.0,1,21.04,34.2,SPY231020C00420000,420.0,normalDay
2023-09-01,15645.0,-788.0,0.0,100,451.19,446.0,0,0.0,0.0,,0.0,1,21.04,34.11,SPY231020C00420000,420.0,normalDay
2023-09-05,15645.0,-819.0,0.0,100,449.24,446.0,0,0.0,0.0,,0.0,1,21.04,32.47,SPY231020C00420000,420.0,normalDay
2023-09-06,15645.0,-836.0,0.0,100,446.22,446.0,0,0.0,0.0,,0.0,1,21.04,29.62,SPY231020C00420000,420.0,normalDay
2023-09-07,15645.0,-836.0,0.0,100,444.85,446.0,0,0.0,0.0,,0.0,1,21.04,28.25,SPY231020C00420000,420.0,normalDay
2023-09-08,15645.0,-833.0,0.0,100,445.52,446.0,0,0.0,0.0,,0.0,1,21.04,28.89,SPY231020C00420000,420.0,normalDay
2023-09-11,15645.0,-759.0,0.0,100,448.45,446.0,0,0.0,0.0,,0.0,1,21.04,31.08,SPY231020C00420000,420.0,normalDay
2023-09-12,15645.0,-793.0,0.0,100,445.99,446.0,0,0.0,0.0,,0.0,1,21.04,28.96,SPY231020C00420000,420.0,normalDay
2023-09-13,15645.0,-768.0,0.0,100,446.51,446.0,0,0.0,0.0,,0.0,1,21.04,29.23,SPY231020C00420000,420.0,normalDay
2023-09-14,15645.0,-705.0,0.0,100,450.36,446.0,0,0.0,0.0,,0.0,1,21.04,32.45,SPY231020C00420000,420.0,normalDay
2023-09-15,15645.0,-855.0,0.0,100,443.37,446.0,0,0.0,0.0,,0.0,1,21.04,26.96,SPY231020C00420000,420.0,normalDay
2023-09-18,15645.0,-846.0,0.0,100,443.63,446.0,0,0.0,0.0,,0.0,1,21.04,27.13,SPY231020C00420000,420.0,normalDay
2023-09-19,15645.0,-843.0,0.0,100,442.71,446.0,0,0.0,0.0,,0.0,1,21.04,26.18,SPY231020C00420000,420.0,normalDay
2023-09-20,15645.0,-839.0,0.0,100,438.64,446.0,0,0.0,0.0,,0.0,1,21.04,22.07,SPY231020C00420000,420.0,normalDay
2023-09-21,15645.0,-1008.0,0.0,100,431.39,446.0,0,0.0,0.0,,0.0,1,21.04,16.51,SPY231020C00420000,420.0,normalDay
2023-09-22,15645.0,-1018.0,0.0,100,430.42,446.0,0,0.0,0.0,,0.0,1,21.04,15.64,SPY231020C00420000,420.0,normalDay
2023-09-25,15645.0,-939.0,0.0,100,432.23,446.0,0,0.0,0.0,,0.0,1,21.04,16.66,SPY231020C00420000,420.0,normalDay
2023-09-26,15645.0,-1146.0,0.0,100,425.88,446.0,0,0.0,0.0,,0.0,1,21.04,12.38,SPY231020C00420000,420.0,normalDay
2023-09-27,15645.0,-1096.0,0.0,100,426.05,446.0,0,0.0,0.0,,0.0,1,21.04,12.05,SPY231020C00420000,420.0,normalDay
2023-09-28,15645.0,-946.0,0.0,100,428.52,446.0,0,0.0,0.0,,0.0,1,21.04,13.02,SPY231020C00420000,420.0,normalDay
2023-09-29,15645.0,-991.0,0.0,100,427.48,446.0,0,0.0,0.0,,0.0,1,21.04,12.43,SPY231020C00420000,420.0,normalDay
2023-10-02,15645.0,-952.0,0.0,100,427.31,446.0,0,0.0,0.0,,0.0,1,21.04,11.87,SPY231020C00420000,420.0,normalDay
2023-10-03,15645.0,-1168.0,0.0,100,421.59,446.0,0,0.0,0.0,,0.0,1,21.04,8.31,SPY231020C00420000,420.0,normalDay
2023-10-04,15645.0,-973.0,0.0,100,424.66,446.0,0,0.0,0.0,,0.0,1,21.04,9.43,SPY231020C00420000,420.0,normalDay
2023-10-05,15645.0,-934.0,0.0,100,424.5,446.0,0,0.0,0.0,,0.0,1,21.04,8.88,SPY231020C00420000,420.0,normalDay
2023-10-06,15645.0,-803.0,0.0,100,429.54,446.0,0,0.0,0.0,,0.0,1,21.04,12.61,SPY231020C00420000,420.0,normalDay
2023-10-09,15645.0,-728.0,0.0,100,432.29,446.0,0,0.0,0.0,,0.0,1,21.04,14.61,SPY231020C00420000,420.0,normalDay
2023-10-10,15645.0,-654.0,0.0,100,434.54,446.0,0,0.0,0.0,,0.0,1,21.04,16.12,SPY231020C00420000,420.0,normalDay
2023-10-11,15645.0,-675.0,0.0,100,436.32,446.0,0,0.0,0.0,,0.0,1,21.04,18.11,SPY231020C00420000,420.0,normalDay
2023-10-12,15645.0,-633.0,0.0,100,433.66,446.0,0,0.0,0.0,,0.0,1,21.04,15.03,SPY231020C00420000,420.0,normalDay
2023-10-13,15645.0,-589.0,0.0,100,431.5,446.0,0,0.0,0.0,,0.0,1,21.04,12.43,SPY231020C00420000,420.0,normalDay
2023-10-16,15645.0,-570.0,0.0,100,436.04,446.0,0,0.0,0.0,,0.0,1,21.04,16.78,SPY231020C00420000,420.0,normalDay
2023-10-17,15645.0,-517.0,0.0,100,436.02,446.0,0,0.0,0.0,,0.0,1,21.04,16.23,SPY231020C00420000,420.0,normalDay
2023-10-18,15645.0,-594.0,0.0,100,430.21,446.0,0,0.0,0.0,,0.0,1,21.04,11.19,SPY231020C00420000,420.0,normalDay
2023-10-19,15645.0,-479.0,0.0,100,426.43,446.0,0,0.0,0.0,,0.0,1,21.04,6.26,SPY231020C00420000,420.0,normalDay
2023-10-20,15149.0,-479.0,-496.0,0,421.19,0.0,0,0.0,0.0,,0.0,1,21.04,0.0,SPY231020C00420000,420.0,expirationDay
2023-10-23,15149.0,-5.0,0.0,0,420.46,0.0,1,10.74,10.79,SPY231124P00427500,427.5,0,0.0,0.0,,0.0,normalDay
2023-10-24,15149.0,185.0,0.0,0,423.63,0.0,1,10.74,8.89,SPY231124P00427500,427.5,0,0.0,0.0,,0.0,normalDay
2023-10-25,15149.0,-345.0,0.0,0,417.55,0.0,1,10.74,14.19,SPY231124P00427500,427.5,0,0.0,0.0,,0.0,normalDay
2023-10-26,15149.0,-603.0,0.0,0,412.55,0.0,1,10.74,16.77,SPY231124P00427500,427.5,0,0.0,0.0,,0.0,normalDay
2023-10-27,15149.0,-749.0,0.0,0,410.68,0.0,1,10.74,18.23,SPY231124P00427500,427.5,0,0.0,0.0,,0.0,normalDay
2023-10-30,15149.0,-324.0,0.0,0,415.59,0.0,1,10.74,13.98,SPY231124P00427500,427.5,0,0.0,0.0,,0.0,normalDay
2023-10-31,15149.0,-105.0,0.0,0,418.2,0.0,1,10.74,11.79,SPY231124P00427500,427.5,0,0.0,0.0,,0.0,normalDay
2023-11-01,15149.0,259.0,0.0,0,422.66,0.0,1,10.74,8.15,SPY231124P00427500,427.5,0,0.0,0.0,,0.0,normalDay
2023-11-02,15149.0,671.0,0.0,0,430.76,0.0,1,10.74,4.03,SPY231124P00427500,427.5,0,0.0,0.0,,0.0,normalDay
2023-11-03,15149.0,833.0,0.0,0,434.69,0.0,1,10.74,2.41,SPY231124P00427500,427.5,0,0.0,0.0,,0.0,normalDay
2023-11-06,15149.0,876.0,0.0,0,435.69,0.0,1,10.74,1.98,SPY231124P00427500,427.5,0,0.0,0.0,,0.0,normalDay
2023-11-07,15149.0,915.0,0.0,0,436.93,0.0,1,10.74,1.59,SPY231124P00427500,427.5,0,0.0,0.0,,0.0,normalDay
2023-11-08,15149.0,939.0,0.0,0,437.25,0.0,1,10.74,1.35,SPY231124P00427500,427.5,0,0.0,0.0,,0.0,normalDay
2023-11-09,15149.0,875.0,0.0,0,433.84,0.0,1,10.74,1.99,SPY231124P00427500,427.5,0,0.0,0.0,,0.0,normalDay
2023-11-10,15149.0,1008.0,0.0,0,440.61,0.0,1,10.74,0.66,SPY231124P00427500,427.5,0,0.0,0.0,,0.0,normalDay
2023-11-13,15149.0,1016.0,0.0,0,440.19,0.0,1,10.74,0.58,SPY231124P00427500,427.5,0,0.0,0.0,,0.0,normalDay
2023-11-14,15149.0,1056.0,0.0,0,448.73,0.0,1,10.74,0.18,SPY231124P00427500,427.5,0,0.0,0.0,,0.0,normalDay
2023-11-15,15149.0,1061.0,0.0,0,449.68,0.0,1,10.74,0.13,SPY231124P00427500,427.5,0,0.0,0.0,,0.0,normalDay
2023-11-16,15149.0,1064.0,0.0,0,450.23,0.0,1,10.74,0.1,SPY231124P00427500,427.5,0,0.0,0.0,,0.0,normalDay
2023-11-17,15149.0,1068.0,0.0,0,450.79,0.0,1,10.74,0.06,SPY231124P00427500,427.5,0,0.0,0.0,,0.0,normalDay
2023-11-20,15149.0,1071.0,0.0,0,454.26,0.0,1,10.74,0.03,SPY231124P00427500,427.5,0,0.0,0.0,,0.0,normalDay
2023-11-21,15149.0,1071.0,0.0,0,453.27,0.0,1,10.74,0.03,SPY231124P00427500,427.5,0,0.0,0.0,,0.0,normalDay
2023-11-22,15149.0,1072.0,0.0,0,455.02,0.0,1,10.74,0.02,SPY231124P00427500,427.5,0,0.0,0.0,,0.0,normalDay
2023-11-24,16223.0,0.0,1074.0,0,455.3,0.0,1,10.74,0.0,SPY231124P00427500,427.5,0,0.0,0.0,,0.0,expirationDay
2023-11-27,16223.0,-3.0,0.0,0,454.48,0.0,1,1.57,1.6,SPY231229P00438000,438.0,0,0.0,0.0,,0.0,normalDay
2023-11-28,16223.0,7.0,0.0,0,454.93,0.0,1,1.57,1.5,SPY231229P00438000,438.0,0,0.0,0.0,,0.0,normalDay
2023-11-29,16223.0,3.0,0.0,0,454.61,0.0,1,1.57,1.54,SPY231229P00438000,438.0,0,0.0,0.0,,0.0,normalDay
2023-11-30,16223.0,18.0,0.0,0,456.4,0.0,1,1.57,1.39,SPY231229P00438000,438.0,0,0.0,0.0,,0.0,normalDay
