date,totalCapital,unrializedPnL,rializedPnL,stocksOwned,stocksPriceToday,stocksPriceBoughtAt,putOwned,putOwnedSoldAt,putPriceToday,putOwnedContract,putOwnedStrike,callOwned,callOwnedSoldAt,callPriceToday,callOwnedContract,callOwnedStrike,trackType
2018-11-01,0.0,-5.0,0.0,0,273.51,0.0,1,0.84,0.89,SPY181203P00250000,250.0,0,0.0,0.0,,0.0,normalDay
2018-11-02,0.0,-7.0,0.0,0,271.89,0.0,1,0.84,0.91,SPY181203P00250000,250.0,0,0.0,0.0,,0.0,normalDay
2018-11-05,0.0,9.0,0.0,0,273.39,0.0,1,0.84,0.75,SPY181203P00250000,250.0,0,0.0,0.0,,0.0,normalDay
2018-11-06,0.0,16.0,0.0,0,275.12,0.0,1,0.84,0.68,SPY181203P00250000,250.0,0,0.0,0.0,,0.0,normalDay
2018-11-07,0.0,58.0,0.0,0,281.01,0.0,1,0.84,0.26,SPY181203P00250000,250.0,0,0.0,0.0,,0.0,normalDay
2018-11-08,0.0,55.0,0.0,0,280.5,0.0,1,0.84,0.29,SPY181203P00250000,250.0,0,0.0,0.0,,0.0,normalDay
2018-11-09,0.0,51.0,0.0,0,277.76,0.0,1,0.84,0.33,SPY181203P00250000,250.0,0,0.0,0.0,,0.0,normalDay
2018-11-12,0.0,21.0,0.0,0,272.57,0.0,1,0.84,0.63,SPY181203P00250000,250.0,0,0.0,0.0,,0.0,normalDay
2018-11-13,0.0,25.0,0.0,0,272.06,0.0,1,0.84,0.59,SPY181203P00250000,250.0,0,0.0,0.0,,0.0,normalDay
2018-11-14,0.0,13.0,0.0,0,270.2,0.0,1,0.84,0.71,SPY181203P00250000,250.0,0,0.0,0.0,,0.0,normalDay
2018-11-15,0.0,42.0,0.0,0,273.02,0.0,1,0.84,0.42,SPY181203P00250000,250.0,0,0.0,0.0,,0.0,normalDay
2018-11-16,0.0,59.0,0.0,0,273.73,0.0,1,0.84,0.25,SPY181203P00250000,250.0,0,0.0,0.0,,0.0,normalDay
2018-11-19,0.0,45.0,0.0,0,269.1,0.0,1,0.84,0.39,SPY181203P00250000,250.0,0,0.0,0.0,,0.0,normalDay
2018-11-20,0.0,2.0,0.0,0,264.12,0.0,1,0.84,0.82,SPY181203P00250000,250.0,0,0.0,0.0,,0.0,normalDay
2018-11-21,0.0,40.0,0.0,0,265.02,0.0,1,0.84,0.44,SPY181203P00250000,250.0,0,0.0,0.0,,0.0,normalDay
2018-11-23,0.0,36.0,0.0,0,263.25,0.0,1,0.84,0.48,SPY181203P00250000,250.0,0,0.0,0.0,,0.0,normalDay
2018-11-26,0.0,74.0,0.0,0,267.5,0.0,1,0.84,0.1,SPY181203P00250000,250.0,0,0.0,0.0,,0.0,normalDay
2018-11-27,0.0,76.0,0.0,0,268.4,0.0,1,0.84,0.08,SPY181203P00250000,250.0,0,0.0,0.0,,0.0,normalDay
2018-11-28,0.0,80.0,0.0,0,274.58,0.0,1,0.84,0.04,SPY181203P00250000,250.0,0,0.0,0.0,,0.0,normalDay
2018-11-29,0.0,81.0,0.0,0,273.98,0.0,1,0.84,0.03,SPY181203P00250000,250.0,0,0.0,0.0,,0.0,normalDay
2018-11-30,0.0,82.0,0.0,0,275.65,0.0,1,0.84,0.02,SPY181203P00250000,250.0,0,0.0,0.0,,0.0,normalDay
2018-12-03,84.0,0.0,84.0,0,279.3,0.0,1,0.84,0.0,SPY181203P00250000,250.0,0,0.0,0.0,,0.0,expirationDay
2018-12-04,84.0,-8.0,0.0,0,270.25,0.0,1,1.53,1.61,SPY190104P00253000,253.0,0,0.0,0.0,,0.0,normalDay
2018-12-06,84.0,-11.0,0.0,0,269.84,0.0,1,1.53,1.64,SPY190104P00253000,253.0,0,0.0,0.0,,0.0,normalDay
2018-12-07,84.0,-150.0,0.0,0,263.57,0.0,1,1.53,3.03,SPY190104P00253000,253.0,0,0.0,0.0,,0.0,normalDay
2018-12-10,84.0,-80.0,0.0,0,264.07,0.0,1,1.53,2.33,SPY190104P00253000,253.0,0,0.0,0.0,,0.0,normalDay
2018-12-11,84.0,-59.0,0.0,0,264.13,0.0,1,1.53,2.12,SPY190104P00253000,253.0,0,0.0,0.0,,0.0,normalDay
2018-12-12,84.0,-24.0,0.0,0,265.46,0.0,1,1.53,1.77,SPY190104P00253000,253.0,0,0.0,0.0,,0.0,normalDay
2018-12-13,84.0,5.0,0.0,0,265.37,0.0,1,1.53,1.48,SPY190104P00253000,253.0,0,0.0,0.0,,0.0,normalDay
2018-12-14,84.0,-92.0,0.0,0,260.47,0.0,1,1.53,2.45,SPY190104P00253000,253.0,0,0.0,0.0,,0.0,normalDay
2018-12-17,84.0,-282.0,0.0,0,255.36,0.0,1,1.53,4.35,SPY190104P00253000,253.0,0,0.0,0.0,,0.0,normalDay
2018-12-18,84.0,-331.0,0.0,0,255.08,0.0,1,1.53,4.84,SPY190104P00253000,253.0,0,0.0,0.0,,0.0,normalDay
2018-12-19,84.0,-443.0,0.0,0,251.26,0.0,1,1.53,5.96,SPY190104P00253000,253.0,0,0.0,0.0,,0.0,normalDay
2018-12-20,84.0,-705.0,0.0,0,247.17,0.0,1,1.53,8.58,SPY190104P00253000,253.0,0,0.0,0.0,,0.0,normalDay
2018-12-21,84.0,-1224.0,0.0,0,240.7,0.0,1,1.53,13.77,SPY190104P00253000,253.0,0,0.0,0.0,,0.0,normalDay
2018-12-24,84.0,-1967.0,0.0,0,234.34,0.0,1,1.53,21.2,SPY190104P00253000,253.0,0,0.0,0.0,,0.0,normalDay
2018-12-26,84.0,-690.0,0.0,0,246.18,0.0,1,1.53,8.43,SPY190104P00253000,253.0,0,0.0,0.0,,0.0,normalDay
2018-12-27,84.0,-539.0,0.0,0,248.07,0.0,1,1.53,6.92,SPY190104P00253000,253.0,0,0.0,0.0,,0.0,normalDay
2018-12-28,84.0,-543.0,0.0,0,247.75,0.0,1,1.53,6.96,SPY190104P00253000,253.0,0,0.0,0.0,,0.0,normalDay
2018-12-31,84.0,-299.0,0.0,0,249.92,0.0,1,1.53,4.52,SPY190104P00253000,253.0,0,0.0,0.0,,0.0,normalDay
2019-01-02,84.0,-178.0,0.0,0,250.18,0.0,1,1.53,3.31,SPY190104P00253000,253.0,0,0.0,0.0,,0.0,normalDay
2019-01-03,84.0,-753.0,0.0,0,244.21,0.0,1,1.53,9.06,SPY190104P00253000,253.0,0,0.0,0.0,,0.0,normalDay
2019-01-04,237.0,-61.0,153.0,100,252.39,253.0,1,1.53,0.0,SPY190104P00253000,253.0,0,0.0,0.0,,0.0,expirationDay
2019-01-07,237.0,133.0,0.0,100,254.38,253.0,0,0.0,0.0,,0.0,1,0.21,0.26,SPY190418C00295000,295.0,normalDay
2019-01-08,237.0,372.0,0.0,100,256.77,253.0,0,0.0,0.0,,0.0,1,0.21,0.26,SPY190418C00295000,295.0,normalDay
2019-01-09,237.0,495.0,0.0,100,257.97,253.0,0,0.0,0.0,,0.0,1,0.21,0.23,SPY190418C00295000,295.0,normalDay
2019-01-10,237.0,584.0,0.0,100,258.88,253.0,0,0.0,0.0,,0.0,1,0.21,0.25,SPY190418C00295000,295.0,normalDay
2019-01-11,237.0,601.0,0.0,100,258.98,253.0,0,0.0,0.0,,0.0,1,0.21,0.18,SPY190418C00295000,295.0,normalDay
2019-01-14,237.0,447.0,0.0,100,257.4,253.0,0,0.0,0.0,,0.0,1,0.21,0.14,SPY190418C00295000,295.0,normalDay
2019-01-15,237.0,741.0,0.0,100,260.35,253.0,0,0.0,0.0,,0.0,1,0.21,0.15,SPY190418C00295000,295.0,normalDay
2019-01-16,237.0,800.0,0.0,100,260.98,253.0,0,0.0,0.0,,0.0,1,0.21,0.19,SPY190418C00295000,295.0,normalDay
2019-01-17,237.0,995.0,0.0,100,262.96,253.0,0,0.0,0.0,,0.0,1,0.21,0.22,SPY190418C00295000,295.0,normalDay
2019-01-18,237.0,1331.0,0.0,100,266.46,253.0,0,0.0,0.0,,0.0,1,0.21,0.36,SPY190418C00295000,295.0,normalDay
2019-01-22,237.0,980.0,0.0,100,262.86,253.0,0,0.0,0.0,,0.0,1,0.21,0.27,SPY190418C00295000,295.0,normalDay
2019-01-23,237.0,1038.0,0.0,100,263.41,253.0,0,0.0,0.0,,0.0,1,0.21,0.24,SPY190418C00295000,295.0,normalDay
2019-01-24,237.0,1055.0,0.0,100,263.55,253.0,0,0.0,0.0,,0.0,1,0.21,0.21,SPY190418C00295000,295.0,normalDay
2019-01-25,237.0,1274.0,0.0,100,265.78,253.0,0,0.0,0.0,,0.0,1,0.21,0.25,SPY190418C00295000,295.0,normalDay
2019-01-28,237.0,1077.0,0.0,100,263.76,253.0,0,0.0,0.0,,0.0,1,0.21,0.2,SPY190418C00295000,295.0,normalDay
2019-01-29,237.0,1042.0,0.0,100,263.41,253.0,0,0.0,0.0,,0.0,1,0.21,0.2,SPY190418C00295000,295.0,normalDay
2019-01-30,237.0,1451.0,0.0,100,267.58,253.0,0,0.0,0.0,,0.0,1,0.21,0.28,SPY190418C00295000,295.0,normalDay
2019-01-31,237.0,1678.0,0.0,100,269.93,253.0,0,0.0,0.0,,0.0,1,0.21,0.36,SPY190418C00295000,295.0,normalDay
2019-02-01,237.0,1696.0,0.0,100,270.06,253.0,0,0.0,0.0,,0.0,1,0.21,0.31,SPY190418C00295000,295.0,normalDay
2019-02-04,237.0,1882.0,0.0,100,271.96,253.0,0,0.0,0.0,,0.0,1,0.21,0.35,SPY190418C00295000,295.0,normalDay
2019-02-05,237.0,1993.0,0.0,100,273.1,253.0,0,0.0,0.0,,0.0,1,0.21,0.38,SPY190418C00295000,295.0,normalDay
2019-02-06,237.0,1963.0,0.0,100,272.74,253.0,0,0.0,0.0,,0.0,1,0.21,0.32,SPY190418C00295000,295.0,normalDay
2019-02-07,237.0,1714.0,0.0,100,270.14,253.0,0,0.0,0.0,,0.0,1,0.21,0.21,SPY190418C00295000,295.0,normalDay
2019-02-08,237.0,1749.0,0.0,100,270.47,253.0,0,0.0,0.0,,0.0,1,0.21,0.19,SPY190418C00295000,295.0,normalDay
2019-02-11,237.0,1765.0,0.0,100,270.62,253.0,0,0.0,0.0,,0.0,1,0.21,0.18,SPY190418C00295000,295.0,normalDay
2019-02-12,237.0,2098.0,0.0,100,274.1,253.0,0,0.0,0.0,,0.0,1,0.21,0.33,SPY190418C00295000,295.0,normalDay
2019-02-13,237.0,2185.0,0.0,100,274.99,253.0,0,0.0,0.0,,0.0,1,0.21,0.35,SPY190418C00295000,295.0,normalDay
2019-02-14,237.0,2127.0,0.0,100,274.38,253.0,0,0.0,0.0,,0.0,1,0.21,0.32,SPY190418C00295000,295.0,normalDay
2019-02-15,237.0,2417.0,0.0,100,277.37,253.0,0,0.0,0.0,,0.0,1,0.21,0.41,SPY190418C00295000,295.0,normalDay
2019-02-19,237.0,2471.0,0.0,100,277.85,253.0,0,0.0,0.0,,0.0,1,0.21,0.35,SPY190418C00295000,295.0,normalDay
2019-02-20,237.0,2529.0,0.0,100,278.41,253.0,0,0.0,0.0,,0.0,1,0.21,0.33,SPY190418C00295000,295.0,normalDay
2019-02-21,237.0,2440.0,0.0,100,277.42,253.0,0,0.0,0.0,,0.0,1,0.21,0.23,SPY190418C00295000,295.0,normalDay
2019-02-22,237.0,2606.0,0.0,100,279.14,253.0,0,0.0,0.0,,0.0,1,0.21,0.29,SPY190418C00295000,295.0,normalDay
2019-02-25,237.0,2640.0,0.0,100,279.52,253.0,0,0.0,0.0,,0.0,1,0.21,0.33,SPY190418C00295000,295.0,normalDay
2019-02-26,237.0,2625.0,0.0,100,279.32,253.0,0,0.0,0.0,,0.0,1,0.21,0.28,SPY190418C00295000,295.0,normalDay
2019-02-27,237.0,2617.0,0.0,100,279.2,253.0,0,0.0,0.0,,0.0,1,0.21,0.24,SPY190418C00295000,295.0,normalDay
2019-02-28,237.0,2570.0,0.0,100,278.68,253.0,0,0.0,0.0,,0.0,1,0.21,0.19,SPY190418C00295000,295.0,normalDay
2019-03-01,237.0,2742.0,0.0,100,280.42,253.0,0,0.0,0.0,,0.0,1,0.21,0.21,SPY190418C00295000,295.0,normalDay
2019-03-04,237.0,2646.0,0.0,100,279.4,253.0,0,0.0,0.0,,0.0,1,0.21,0.15,SPY190418C00295000,295.0,normalDay
2019-03-05,237.0,2608.0,0.0,100,279.02,253.0,0,0.0,0.0,,0.0,1,0.21,0.15,SPY190418C00295000,295.0,normalDay
2019-03-06,237.0,2443.0,0.0,100,277.33,253.0,0,0.0,0.0,,0.0,1,0.21,0.11,SPY190418C00295000,295.0,normalDay
2019-03-07,237.0,2214.0,0.0,100,275.01,253.0,0,0.0,0.0,,0.0,1,0.21,0.08,SPY190418C00295000,295.0,normalDay
2019-03-08,237.0,2161.0,0.0,100,274.46,253.0,0,0.0,0.0,,0.0,1,0.21,0.06,SPY190418C00295000,295.0,normalDay
2019-03-11,237.0,2556.0,0.0,100,278.44,253.0,0,0.0,0.0,,0.0,1,0.21,0.09,SPY190418C00295000,295.0,normalDay
2019-03-12,237.0,2661.0,0.0,100,279.49,253.0,0,0.0,0.0,,0.0,1,0.21,0.09,SPY190418C00295000,295.0,normalDay
2019-03-13,237.0,2839.0,0.0,100,281.34,253.0,0,0.0,0.0,,0.0,1,0.21,0.16,SPY190418C00295000,295.0,normalDay
2019-03-14,237.0,2822.0,0.0,100,281.16,253.0,0,0.0,0.0,,0.0,1,0.21,0.15,SPY190418C00295000,295.0,normalDay
2019-03-15,237.0,2836.0,0.0,100,281.31,253.0,0,0.0,0.0,,0.0,1,0.21,0.16,SPY190418C00295000,295.0,normalDay
2019-03-18,237.0,2932.0,0.0,100,282.33,253.0,0,0.0,0.0,,0.0,1,0.21,0.22,SPY190418C00295000,295.0,normalDay
2019-03-19,237.0,2940.0,0.0,100,282.4,253.0,0,0.0,0.0,,0.0,1,0.21,0.21,SPY190418C00295000,295.0,normalDay
2019-03-20,237.0,2860.0,0.0,100,281.55,253.0,0,0.0,0.0,,0.0,1,0.21,0.16,SPY190418C00295000,295.0,normalDay
2019-03-21,237.0,3153.0,0.0,100,284.73,253.0,0,0.0,0.0,,0.0,1,0.21,0.41,SPY190418C00295000,295.0,normalDay
2019-03-22,237.0,2630.0,0.0,100,279.25,253.0,0,0.0,0.0,,0.0,1,0.21,0.16,SPY190418C00295000,295.0,normalDay
2019-03-25,237.0,2615.0,0.0,100,279.04,253.0,0,0.0,0.0,,0.0,1,0.21,0.1,SPY190418C00295000,295.0,normalDay
2019-03-26,237.0,2824.0,0.0,100,281.12,253.0,0,0.0,0.0,,0.0,1,0.21,0.09,SPY190418C00295000,295.0,normalDay
2019-03-27,237.0,2680.0,0.0,100,279.65,253.0,0,0.0,0.0,,0.0,1,0.21,0.06,SPY190418C00295000,295.0,normalDay
2019-03-28,237.0,2787.0,0.0,100,280.71,253.0,0,0.0,0.0,,0.0,1,0.21,0.05,SPY190418C00295000,295.0,normalDay
2019-03-29,237.0,2962.0,0.0,100,282.48,253.0,0,0.0,0.0,,0.0,1,0.21,0.07,SPY190418C00295000,295.0,normalDay
2019-04-01,237.0,3289.0,0.0,100,285.83,253.0,0,0.0,0.0,,0.0,1,0.21,0.15,SPY190418C00295000,295.0,normalDay
2019-04-02,237.0,3304.0,0.0,100,285.97,253.0,0,0.0,0.0,,0.0,1,0.21,0.14,SPY190418C00295000,295.0,normalDay
2019-04-03,237.0,3344.0,0.0,100,286.42,253.0,0,0.0,0.0,,0.0,1,0.21,0.19,SPY190418C00295000,295.0,normalDay
2019-04-04,237.0,3421.0,0.0,100,287.18,253.0,0,0.0,0.0,,0.0,1,0.21,0.18,SPY190418C00295000,295.0,normalDay
2019-04-05,237.0,3559.0,0.0,100,288.57,253.0,0,0.0,0.0,,0.0,1,0.21,0.19,SPY190418C00295000,295.0,normalDay
2019-04-08,237.0,3584.0,0.0,100,288.79,253.0,0,0.0,0.0,,0.0,1,0.21,0.16,SPY190418C00295000,295.0,normalDay
2019-04-09,237.0,3445.0,0.0,100,287.31,253.0,0,0.0,0.0,,0.0,1,0.21,0.07,SPY190418C00295000,295.0,normalDay
2019-04-10,237.0,3543.0,0.0,100,288.29,253.0,0,0.0,0.0,,0.0,1,0.21,0.07,SPY190418C00295000,295.0,normalDay
2019-04-11,237.0,3538.0,0.0,100,288.21,253.0,0,0.0,0.0,,0.0,1,0.21,0.04,SPY190418C00295000,295.0,normalDay
2019-04-12,237.0,3730.0,0.0,100,290.16,253.0,0,0.0,0.0,,0.0,1,0.21,0.07,SPY190418C00295000,295.0,normalDay
2019-04-15,237.0,3715.0,0.0,100,289.97,253.0,0,0.0,0.0,,0.0,1,0.21,0.03,SPY190418C00295000,295.0,normalDay
2019-04-16,237.0,3735.0,0.0,100,290.16,253.0,0,0.0,0.0,,0.0,1,0.21,0.02,SPY190418C00295000,295.0,normalDay
2019-04-17,237.0,3665.0,0.0,100,289.45,253.0,0,0.0,0.0,,0.0,1,0.21,0.01,SPY190418C00295000,295.0,normalDay
2019-04-18,258.0,3702.0,21.0,100,290.02,253.0,0,0.0,0.0,,0.0,1,0.21,0.0,SPY190418C00295000,295.0,expirationDay
2019-04-22,258.0,3722.0,0.0,100,290.27,253.0,0,0.0,0.0,,0.0,1,2.1,2.15,SPY190816C00304000,304.0,normalDay
2019-04-23,258.0,3919.0,0.0,100,292.88,253.0,0,0.0,0.0,,0.0,1,2.1,2.79,SPY190816C00304000,304.0,normalDay
2019-04-24,258.0,3863.0,0.0,100,292.23,253.0,0,0.0,0.0,,0.0,1,2.1,2.7,SPY190816C00304000,304.0,normalDay
2019-04-25,258.0,3855.0,0.0,100,292.05,253.0,0,0.0,0.0,,0.0,1,2.1,2.6,SPY190816C00304000,304.0,normalDay
2019-04-26,258.0,3957.0,0.0,100,293.41,253.0,0,0.0,0.0,,0.0,1,2.1,2.94,SPY190816C00304000,304.0,normalDay
2019-04-29,258.0,3993.0,0.0,100,293.87,253.0,0,0.0,0.0,,0.0,1,2.1,3.04,SPY190816C00304000,304.0,normalDay
2019-04-30,258.0,3995.0,0.0,100,294.02,253.0,0,0.0,0.0,,0.0,1,2.1,3.17,SPY190816C00304000,304.0,normalDay
2019-05-01,258.0,3834.0,0.0,100,291.81,253.0,0,0.0,0.0,,0.0,1,2.1,2.57,SPY190816C00304000,304.0,normalDay
2019-05-02,258.0,3800.0,0.0,100,291.18,253.0,0,0.0,0.0,,0.0,1,2.1,2.28,SPY190816C00304000,304.0,normalDay
2019-05-03,258.0,4013.0,0.0,100,294.03,253.0,0,0.0,0.0,,0.0,1,2.1,3.0,SPY190816C00304000,304.0,normalDay
2019-05-06,258.0,3913.0,0.0,100,292.82,253.0,0,0.0,0.0,,0.0,1,2.1,2.79,SPY190816C00304000,304.0,normalDay
2019-05-07,258.0,3474.0,0.0,100,287.93,253.0,0,0.0,0.0,,0.0,1,2.1,2.29,SPY190816C00304000,304.0,normalDay
2019-05-08,258.0,3463.0,0.0,100,287.53,253.0,0,0.0,0.0,,0.0,1,2.1,2.0,SPY190816C00304000,304.0,normalDay
2019-05-09,258.0,3406.0,0.0,100,286.66,253.0,0,0.0,0.0,,0.0,1,2.1,1.7,SPY190816C00304000,304.0,normalDay
2019-05-10,258.0,3568.0,0.0,100,288.1,253.0,0,0.0,0.0,,0.0,1,2.1,1.52,SPY190816C00304000,304.0,normalDay
2019-05-13,258.0,2914.0,0.0,100,280.86,253.0,0,0.0,0.0,,0.0,1,2.1,0.82,SPY190816C00304000,304.0,normalDay
2019-05-14,258.0,3158.0,0.0,100,283.4,253.0,0,0.0,0.0,,0.0,1,2.1,0.92,SPY190816C00304000,304.0,normalDay
2019-05-15,258.0,3314.0,0.0,100,285.06,253.0,0,0.0,0.0,,0.0,1,2.1,1.02,SPY190816C00304000,304.0,normalDay
2019-05-16,258.0,3549.0,0.0,100,287.7,253.0,0,0.0,0.0,,0.0,1,2.1,1.31,SPY190816C00304000,304.0,normalDay
2019-05-17,258.0,3392.0,0.0,100,285.84,253.0,0,0.0,0.0,,0.0,1,2.1,1.02,SPY190816C00304000,304.0,normalDay
2019-05-20,258.0,3225.0,0.0,100,283.95,253.0,0,0.0,0.0,,0.0,1,2.1,0.8,SPY190816C00304000,304.0,normalDay
2019-05-21,258.0,3467.0,0.0,100,286.51,253.0,0,0.0,0.0,,0.0,1,2.1,0.94,SPY190816C00304000,304.0,normalDay
2019-05-22,258.0,3396.0,0.0,100,285.63,253.0,0,0.0,0.0,,0.0,1,2.1,0.77,SPY190816C00304000,304.0,normalDay
2019-05-23,258.0,3065.0,0.0,100,282.14,253.0,0,0.0,0.0,,0.0,1,2.1,0.59,SPY190816C00304000,304.0,normalDay
2019-05-24,258.0,3130.0,0.0,100,282.78,253.0,0,0.0,0.0,,0.0,1,2.1,0.58,SPY190816C00304000,304.0,normalDay
2019-05-28,258.0,2881.0,0.0,100,280.15,253.0,0,0.0,0.0,,0.0,1,2.1,0.44,SPY190816C00304000,304.0,normalDay
2019-05-29,258.0,2701.0,0.0,100,278.27,253.0,0,0.0,0.0,,0.0,1,2.1,0.36,SPY190816C00304000,304.0,normalDay
2019-05-30,258.0,2775.0,0.0,100,279.03,253.0,0,0.0,0.0,,0.0,1,2.1,0.38,SPY190816C00304000,304.0,normalDay
2019-05-31,258.0,2410.0,0.0,100,275.27,253.0,0,0.0,0.0,,0.0,1,2.1,0.27,SPY190816C00304000,304.0,normalDay
2019-06-03,258.0,2344.0,0.0,100,274.57,253.0,0,0.0,0.0,,0.0,1,2.1,0.23,SPY190816C00304000,304.0,normalDay
2019-06-04,258.0,2925.0,0.0,100,280.53,253.0,0,0.0,0.0,,0.0,1,2.1,0.38,SPY190816C00304000,304.0,normalDay
2019-06-05,258.0,3155.0,0.0,100,282.96,253.0,0,0.0,0.0,,0.0,1,2.1,0.51,SPY190816C00304000,304.0,normalDay
2019-06-06,258.0,3330.0,0.0,100,284.8,253.0,0,0.0,0.0,,0.0,1,2.1,0.6,SPY190816C00304000,304.0,normalDay
2019-06-07,258.0,3578.0,0.0,100,287.65,253.0,0,0.0,0.0,,0.0,1,2.1,0.97,SPY190816C00304000,304.0,normalDay
2019-06-10,258.0,3694.0,0.0,100,288.97,253.0,0,0.0,0.0,,0.0,1,2.1,1.13,SPY190816C00304000,304.0,normalDay
2019-06-11,258.0,3694.0,0.0,100,288.9,253.0,0,0.0,0.0,,0.0,1,2.1,1.06,SPY190816C00304000,304.0,normalDay
2019-06-12,258.0,3658.0,0.0,100,288.39,253.0,0,0.0,0.0,,0.0,1,2.1,0.91,SPY190816C00304000,304.0,normalDay
2019-06-13,258.0,3760.0,0.0,100,289.58,253.0,0,0.0,0.0,,0.0,1,2.1,1.08,SPY190816C00304000,304.0,normalDay
2019-06-14,258.0,3740.0,0.0,100,289.26,253.0,0,0.0,0.0,,0.0,1,2.1,0.96,SPY190816C00304000,304.0,normalDay
2019-06-17,258.0,3758.0,0.0,100,289.37,253.0,0,0.0,0.0,,0.0,1,2.1,0.89,SPY190816C00304000,304.0,normalDay
2019-06-18,258.0,4007.0,0.0,100,292.4,253.0,0,0.0,0.0,,0.0,1,2.1,1.43,SPY190816C00304000,304.0,normalDay
2019-06-19,258.0,4071.0,0.0,100,293.06,253.0,0,0.0,0.0,,0.0,1,2.1,1.45,SPY190816C00304000,304.0,normalDay
2019-06-20,258.0,4271.0,0.0,100,295.86,253.0,0,0.0,0.0,,0.0,1,2.1,2.25,SPY190816C00304000,304.0,normalDay
2019-06-21,258.0,4084.0,0.0,100,294.0,253.0,0,0.0,0.0,,0.0,1,2.1,2.26,SPY190816C00304000,304.0,normalDay
2019-06-24,258.0,4078.0,0.0,100,293.64,253.0,0,0.0,0.0,,0.0,1,2.1,1.96,SPY190816C00304000,304.0,normalDay
2019-06-25,258.0,3855.0,0.0,100,290.76,253.0,0,0.0,0.0,,0.0,1,2.1,1.31,SPY190816C00304000,304.0,normalDay
2019-06-26,258.0,3849.0,0.0,100,290.47,253.0,0,0.0,0.0,,0.0,1,2.1,1.08,SPY190816C00304000,304.0,normalDay
2019-06-27,258.0,3937.0,0.0,100,291.5,253.0,0,0.0,0.0,,0.0,1,2.1,1.23,SPY190816C00304000,304.0,normalDay
2019-06-28,258.0,4057.0,0.0,100,293.0,253.0,0,0.0,0.0,,0.0,1,2.1,1.53,SPY190816C00304000,304.0,normalDay
2019-07-01,258.0,4320.0,0.0,100,295.66,253.0,0,0.0,0.0,,0.0,1,2.1,1.56,SPY190816C00304000,304.0,normalDay
2019-07-02,258.0,4406.0,0.0,100,296.43,253.0,0,0.0,0.0,,0.0,1,2.1,1.47,SPY190816C00304000,304.0,normalDay
2019-07-03,258.0,4562.0,0.0,100,298.8,253.0,0,0.0,0.0,,0.0,1,2.1,2.28,SPY190816C00304000,304.0,normalDay
2019-07-05,258.0,4562.0,0.0,100,298.46,253.0,0,0.0,0.0,,0.0,1,2.1,1.94,SPY190816C00304000,304.0,normalDay
2019-07-08,258.0,4440.0,0.0,100,296.82,253.0,0,0.0,0.0,,0.0,1,2.1,1.52,SPY190816C00304000,304.0,normalDay
2019-07-09,258.0,4473.0,0.0,100,297.19,253.0,0,0.0,0.0,,0.0,1,2.1,1.56,SPY190816C00304000,304.0,normalDay
2019-07-10,258.0,4584.0,0.0,100,298.61,253.0,0,0.0,0.0,,0.0,1,2.1,1.87,SPY190816C00304000,304.0,normalDay
2019-07-11,258.0,4641.0,0.0,100,299.31,253.0,0,0.0,0.0,,0.0,1,2.1,2.0,SPY190816C00304000,304.0,normalDay
2019-07-12,258.0,4739.0,0.0,100,300.65,253.0,0,0.0,0.0,,0.0,1,2.1,2.36,SPY190816C00304000,304.0,normalDay
2019-07-15,258.0,4762.0,0.0,100,300.75,253.0,0,0.0,0.0,,0.0,1,2.1,2.23,SPY190816C00304000,304.0,normalDay
2019-07-16,258.0,4706.0,0.0,100,299.78,253.0,0,0.0,0.0,,0.0,1,2.1,1.82,SPY190816C00304000,304.0,normalDay
2019-07-17,258.0,4565.0,0.0,100,297.74,253.0,0,0.0,0.0,,0.0,1,2.1,1.19,SPY190816C00304000,304.0,normalDay
2019-07-18,258.0,4645.0,0.0,100,298.83,253.0,0,0.0,0.0,,0.0,1,2.1,1.48,SPY190816C00304000,304.0,normalDay
2019-07-19,258.0,4531.0,0.0,100,297.17,253.0,0,0.0,0.0,,0.0,1,2.1,0.96,SPY190816C00304000,304.0,normalDay
2019-07-22,258.0,4610.0,0.0,100,297.9,253.0,0,0.0,0.0,,0.0,1,2.1,0.9,SPY190816C00304000,304.0,normalDay
2019-07-23,258.0,4776.0,0.0,100,300.03,253.0,0,0.0,0.0,,0.0,1,2.1,1.37,SPY190816C00304000,304.0,normalDay
2019-07-24,258.0,4872.0,0.0,100,301.44,253.0,0,0.0,0.0,,0.0,1,2.1,1.82,SPY190816C00304000,304.0,normalDay
2019-07-25,258.0,4776.0,0.0,100,300.0,253.0,0,0.0,0.0,,0.0,1,2.1,1.34,SPY190816C00304000,304.0,normalDay
2019-07-26,258.0,4920.0,0.0,100,302.01,253.0,0,0.0,0.0,,0.0,1,2.1,1.91,SPY190816C00304000,304.0,normalDay
2019-07-29,258.0,4890.0,0.0,100,301.46,253.0,0,0.0,0.0,,0.0,1,2.1,1.66,SPY190816C00304000,304.0,normalDay
2019-07-30,258.0,4829.0,0.0,100,300.72,253.0,0,0.0,0.0,,0.0,1,2.1,1.53,SPY190816C00304000,304.0,normalDay
2019-07-31,258.0,4587.0,0.0,100,297.43,253.0,0,0.0,0.0,,0.0,1,2.1,0.66,SPY190816C00304000,304.0,normalDay
2019-08-01,258.0,4359.0,0.0,100,294.84,253.0,0,0.0,0.0,,0.0,1,2.1,0.35,SPY190816C00304000,304.0,normalDay
2019-08-02,258.0,4162.0,0.0,100,292.62,253.0,0,0.0,0.0,,0.0,1,2.1,0.1,SPY190816C00304000,304.0,normalDay
2019-08-05,258.0,3288.0,0.0,100,283.82,253.0,0,0.0,0.0,,0.0,1,2.1,0.04,SPY190816C00304000,304.0,normalDay
2019-08-06,258.0,3686.0,0.0,100,287.8,253.0,0,0.0,0.0,,0.0,1,2.1,0.04,SPY190816C00304000,304.0,normalDay
2019-08-07,258.0,3704.0,0.0,100,287.97,253.0,0,0.0,0.0,,0.0,1,2.1,0.03,SPY190816C00304000,304.0,normalDay
2019-08-08,258.0,4267.0,0.0,100,293.62,253.0,0,0.0,0.0,,0.0,1,2.1,0.05,SPY190816C00304000,304.0,normalDay
2019-08-09,258.0,4069.0,0.0,100,291.62,253.0,0,0.0,0.0,,0.0,1,2.1,0.03,SPY190816C00304000,304.0,normalDay
2019-08-12,258.0,3715.0,0.0,100,288.07,253.0,0,0.0,0.0,,0.0,1,2.1,0.02,SPY190816C00304000,304.0,normalDay
2019-08-13,258.0,4163.0,0.0,100,292.55,253.0,0,0.0,0.0,,0.0,1,2.1,0.02,SPY190816C00304000,304.0,normalDay
2019-08-14,258.0,3299.0,0.0,100,283.9,253.0,0,0.0,0.0,,0.0,1,2.1,0.01,SPY190816C00304000,304.0,normalDay
2019-08-15,258.0,3374.0,0.0,100,284.65,253.0,0,0.0,0.0,,0.0,1,2.1,0.01,SPY190816C00304000,304.0,normalDay
2019-08-16,468.0,3585.0,210.0,100,288.85,253.0,0,0.0,0.0,,0.0,1,2.1,0.0,SPY190816C00304000,304.0,expirationDay
2019-08-19,468.0,3928.0,0.0,100,292.33,253.0,0,0.0,0.0,,0.0,1,0.58,0.63,SPY191231C00323000,323.0,normalDay
2019-08-20,468.0,3715.0,0.0,100,290.09,253.0,0,0.0,0.0,,0.0,1,0.58,0.52,SPY191231C00323000,323.0,normalDay
2019-08-21,468.0,3944.0,0.0,100,292.45,253.0,0,0.0,0.0,,0.0,1,0.58,0.59,SPY191231C00323000,323.0,normalDay
2019-08-22,468.0,3938.0,0.0,100,292.36,253.0,0,0.0,0.0,,0.0,1,0.58,0.56,SPY191231C00323000,323.0,normalDay
2019-08-23,468.0,3201.0,0.0,100,284.85,253.0,0,0.0,0.0,,0.0,1,0.58,0.42,SPY191231C00323000,323.0,normalDay
2019-08-26,468.0,3505.0,0.0,100,288.0,253.0,0,0.0,0.0,,0.0,1,0.58,0.53,SPY191231C00323000,323.0,normalDay
2019-08-27,468.0,3393.0,0.0,100,286.87,253.0,0,0.0,0.0,,0.0,1,0.58,0.52,SPY191231C00323000,323.0,normalDay
2019-08-28,468.0,3584.0,0.0,100,288.89,253.0,0,0.0,0.0,,0.0,1,0.58,0.63,SPY191231C00323000,323.0,normalDay
2019-08-29,468.0,3945.0,0.0,100,292.58,253.0,0,0.0,0.0,,0.0,1,0.58,0.71,SPY191231C00323000,323.0,normalDay
2019-08-30,468.0,3930.0,0.0,100,292.45,253.0,0,0.0,0.0,,0.0,1,0.58,0.73,SPY191231C00323000,323.0,normalDay
2019-09-03,468.0,3772.0,0.0,100,290.74,253.0,0,0.0,0.0,,0.0,1,0.58,0.6,SPY191231C00323000,323.0,normalDay
2019-09-04,468.0,4095.0,0.0,100,294.04,253.0,0,0.0,0.0,,0.0,1,0.58,0.67,SPY191231C00323000,323.0,normalDay
2019-09-05,468.0,4451.0,0.0,100,297.82,253.0,0,0.0,0.0,,0.0,1,0.58,0.89,SPY191231C00323000,323.0,normalDay
2019-09-06,468.0,4480.0,0.0,100,298.05,253.0,0,0.0,0.0,,0.0,1,0.58,0.83,SPY191231C00323000,323.0,normalDay
2019-09-09,468.0,4501.0,0.0,100,298.2,253.0,0,0.0,0.0,,0.0,1,0.58,0.77,SPY191231C00323000,323.0,normalDay
2019-09-10,468.0,4496.0,0.0,100,298.13,253.0,0,0.0,0.0,,0.0,1,0.58,0.75,SPY191231C00323000,323.0,normalDay
2019-09-11,468.0,4686.0,0.0,100,300.25,253.0,0,0.0,0.0,,0.0,1,0.58,0.97,SPY191231C00323000,323.0,normalDay
2019-09-12,468.0,4784.0,0.0,100,301.29,253.0,0,0.0,0.0,,0.0,1,0.58,1.03,SPY191231C00323000,323.0,normalDay
2019-09-13,468.0,4771.0,0.0,100,301.09,253.0,0,0.0,0.0,,0.0,1,0.58,0.96,SPY191231C00323000,323.0,normalDay
2019-09-16,468.0,4685.0,0.0,100,300.16,253.0,0,0.0,0.0,,0.0,1,0.58,0.89,SPY191231C00323000,323.0,normalDay
2019-09-17,468.0,4750.0,0.0,100,300.92,253.0,0,0.0,0.0,,0.0,1,0.58,1.0,SPY191231C00323000,323.0,normalDay
2019-09-18,468.0,4776.0,0.0,100,301.1,253.0,0,0.0,0.0,,0.0,1,0.58,0.92,SPY191231C00323000,323.0,normalDay
2019-09-19,468.0,4775.0,0.0,100,301.08,253.0,0,0.0,0.0,,0.0,1,0.58,0.91,SPY191231C00323000,323.0,normalDay
2019-09-20,468.0,4509.0,0.0,100,298.28,253.0,0,0.0,0.0,,0.0,1,0.58,0.77,SPY191231C00323000,323.0,normalDay
2019-09-23,468.0,4511.0,0.0,100,298.21,253.0,0,0.0,0.0,,0.0,1,0.58,0.68,SPY191231C00323000,323.0,normalDay
2019-09-24,468.0,4286.0,0.0,100,295.87,253.0,0,0.0,0.0,,0.0,1,0.58,0.59,SPY191231C00323000,323.0,normalDay
2019-09-25,468.0,4460.0,0.0,100,297.62,253.0,0,0.0,0.0,,0.0,1,0.58,0.6,SPY191231C00323000,323.0,normalDay
2019-09-26,468.0,4403.0,0.0,100,297.0,253.0,0,0.0,0.0,,0.0,1,0.58,0.55,SPY191231C00323000,323.0,normalDay
2019-09-27,468.0,4250.0,0.0,100,295.4,253.0,0,0.0,0.0,,0.0,1,0.58,0.48,SPY191231C00323000,323.0,normalDay
2019-09-30,468.0,4390.0,0.0,100,296.77,253.0,0,0.0,0.0,,0.0,1,0.58,0.45,SPY191231C00323000,323.0,normalDay
2019-10-01,468.0,4050.0,0.0,100,293.24,253.0,0,0.0,0.0,,0.0,1,0.58,0.32,SPY191231C00323000,323.0,normalDay
2019-10-02,468.0,3541.0,0.0,100,288.06,253.0,0,0.0,0.0,,0.0,1,0.58,0.23,SPY191231C00323000,323.0,normalDay
2019-10-03,468.0,3777.0,0.0,100,290.42,253.0,0,0.0,0.0,,0.0,1,0.58,0.23,SPY191231C00323000,323.0,normalDay
2019-10-04,468.0,4166.0,0.0,100,294.35,253.0,0,0.0,0.0,,0.0,1,0.58,0.27,SPY191231C00323000,323.0,normalDay
2019-10-07,468.0,4042.0,0.0,100,293.08,253.0,0,0.0,0.0,,0.0,1,0.58,0.24,SPY191231C00323000,323.0,normalDay
2019-10-08,468.0,3592.0,0.0,100,288.53,253.0,0,0.0,0.0,,0.0,1,0.58,0.19,SPY191231C00323000,323.0,normalDay
2019-10-09,468.0,3864.0,0.0,100,291.27,253.0,0,0.0,0.0,,0.0,1,0.58,0.21,SPY191231C00323000,323.0,normalDay
2019-10-10,468.0,4058.0,0.0,100,293.24,253.0,0,0.0,0.0,,0.0,1,0.58,0.24,SPY191231C00323000,323.0,normalDay
2019-10-11,468.0,4357.0,0.0,100,296.28,253.0,0,0.0,0.0,,0.0,1,0.58,0.29,SPY191231C00323000,323.0,normalDay
2019-10-14,468.0,4332.0,0.0,100,295.95,253.0,0,0.0,0.0,,0.0,1,0.58,0.21,SPY191231C00323000,323.0,normalDay
2019-10-15,468.0,4614.0,0.0,100,298.88,253.0,0,0.0,0.0,,0.0,1,0.58,0.32,SPY191231C00323000,323.0,normalDay
2019-10-16,468.0,4569.0,0.0,100,298.4,253.0,0,0.0,0.0,,0.0,1,0.58,0.29,SPY191231C00323000,323.0,normalDay
2019-10-17,468.0,4655.0,0.0,100,299.28,253.0,0,0.0,0.0,,0.0,1,0.58,0.31,SPY191231C00323000,323.0,normalDay
2019-10-18,468.0,4527.0,0.0,100,297.97,253.0,0,0.0,0.0,,0.0,1,0.58,0.28,SPY191231C00323000,323.0,normalDay
2019-10-21,468.0,4725.0,0.0,100,299.99,253.0,0,0.0,0.0,,0.0,1,0.58,0.32,SPY191231C00323000,323.0,normalDay
2019-10-22,468.0,4631.0,0.0,100,299.01,253.0,0,0.0,0.0,,0.0,1,0.58,0.28,SPY191231C00323000,323.0,normalDay
2019-10-23,468.0,4718.0,0.0,100,299.88,253.0,0,0.0,0.0,,0.0,1,0.58,0.28,SPY191231C00323000,323.0,normalDay
2019-10-24,468.0,4767.0,0.0,100,300.37,253.0,0,0.0,0.0,,0.0,1,0.58,0.28,SPY191231C00323000,323.0,normalDay
2019-10-25,468.0,4887.0,0.0,100,301.6,253.0,0,0.0,0.0,,0.0,1,0.58,0.31,SPY191231C00323000,323.0,normalDay
2019-10-28,468.0,5047.0,0.0,100,303.3,253.0,0,0.0,0.0,,0.0,1,0.58,0.41,SPY191231C00323000,323.0,normalDay
2019-10-29,468.0,5043.0,0.0,100,303.21,253.0,0,0.0,0.0,,0.0,1,0.58,0.36,SPY191231C00323000,323.0,normalDay
2019-10-30,468.0,5138.0,0.0,100,304.14,253.0,0,0.0,0.0,,0.0,1,0.58,0.34,SPY191231C00323000,323.0,normalDay
2019-10-31,468.0,5063.0,0.0,100,303.33,253.0,0,0.0,0.0,,0.0,1,0.58,0.28,SPY191231C00323000,323.0,normalDay
2019-11-01,468.0,5330.0,0.0,100,306.14,253.0,0,0.0,0.0,,0.0,1,0.58,0.42,SPY191231C00323000,323.0,normalDay
2019-11-04,468.0,5443.0,0.0,100,307.37,253.0,0,0.0,0.0,,0.0,1,0.58,0.52,SPY191231C00323000,323.0,normalDay
2019-11-05,468.0,5411.0,0.0,100,307.03,253.0,0,0.0,0.0,,0.0,1,0.58,0.5,SPY191231C00323000,323.0,normalDay
2019-11-06,468.0,5423.0,0.0,100,307.1,253.0,0,0.0,0.0,,0.0,1,0.58,0.45,SPY191231C00323000,323.0,normalDay
2019-11-07,468.0,5525.0,0.0,100,308.18,253.0,0,0.0,0.0,,0.0,1,0.58,0.51,SPY191231C00323000,323.0,normalDay
2019-11-08,468.0,5598.0,0.0,100,308.94,253.0,0,0.0,0.0,,0.0,1,0.58,0.54,SPY191231C00323000,323.0,normalDay
2019-11-11,468.0,5548.0,0.0,100,308.35,253.0,0,0.0,0.0,,0.0,1,0.58,0.45,SPY191231C00323000,323.0,normalDay
2019-11-12,468.0,5612.0,0.0,100,309.0,253.0,0,0.0,0.0,,0.0,1,0.58,0.46,SPY191231C00323000,323.0,normalDay
2019-11-13,468.0,5625.0,0.0,100,309.1,253.0,0,0.0,0.0,,0.0,1,0.58,0.43,SPY191231C00323000,323.0,normalDay
2019-11-14,468.0,5672.0,0.0,100,309.55,253.0,0,0.0,0.0,,0.0,1,0.58,0.41,SPY191231C00323000,323.0,normalDay
2019-11-15,468.0,5885.0,0.0,100,311.79,253.0,0,0.0,0.0,,0.0,1,0.58,0.52,SPY191231C00323000,323.0,normalDay
2019-11-18,468.0,5911.0,0.0,100,312.02,253.0,0,0.0,0.0,,0.0,1,0.58,0.49,SPY191231C00323000,323.0,normalDay
2019-11-19,468.0,5905.0,0.0,100,311.93,253.0,0,0.0,0.0,,0.0,1,0.58,0.46,SPY191231C00323000,323.0,normalDay
2019-11-20,468.0,5806.0,0.0,100,310.77,253.0,0,0.0,0.0,,0.0,1,0.58,0.29,SPY191231C00323000,323.0,normalDay
2019-11-21,468.0,5759.0,0.0,100,310.27,253.0,0,0.0,0.0,,0.0,1,0.58,0.26,SPY191231C00323000,323.0,normalDay
2019-11-22,468.0,5830.0,0.0,100,310.96,253.0,0,0.0,0.0,,0.0,1,0.58,0.24,SPY191231C00323000,323.0,normalDay
2019-11-25,468.0,6062.0,0.0,100,313.37,253.0,0,0.0,0.0,,0.0,1,0.58,0.33,SPY191231C00323000,323.0,normalDay
2019-11-26,468.0,6129.0,0.0,100,314.08,253.0,0,0.0,0.0,,0.0,1,0.58,0.37,SPY191231C00323000,323.0,normalDay
2019-11-27,468.0,6248.0,0.0,100,315.48,253.0,0,0.0,0.0,,0.0,1,0.58,0.58,SPY191231C00323000,323.0,normalDay
2019-11-29,468.0,6147.0,0.0,100,314.31,253.0,0,0.0,0.0,,0.0,1,0.58,0.42,SPY191231C00323000,323.0,normalDay
2019-12-02,468.0,5901.0,0.0,100,311.64,253.0,0,0.0,0.0,,0.0,1,0.58,0.21,SPY191231C00323000,323.0,normalDay
2019-12-03,468.0,5698.0,0.0,100,309.55,253.0,0,0.0,0.0,,0.0,1,0.58,0.15,SPY191231C00323000,323.0,normalDay
2019-12-04,468.0,5887.0,0.0,100,311.46,253.0,0,0.0,0.0,,0.0,1,0.58,0.17,SPY191231C00323000,323.0,normalDay
2019-12-05,468.0,5942.0,0.0,100,312.02,253.0,0,0.0,0.0,,0.0,1,0.58,0.18,SPY191231C00323000,323.0,normalDay
2019-12-06,468.0,6217.0,0.0,100,314.87,253.0,0,0.0,0.0,,0.0,1,0.58,0.28,SPY191231C00323000,323.0,normalDay
2019-12-09,468.0,6123.0,0.0,100,313.88,253.0,0,0.0,0.0,,0.0,1,0.58,0.23,SPY191231C00323000,323.0,normalDay
2019-12-10,468.0,6094.0,0.0,100,313.53,253.0,0,0.0,0.0,,0.0,1,0.58,0.17,SPY191231C00323000,323.0,normalDay
2019-12-11,468.0,6182.0,0.0,100,314.42,253.0,0,0.0,0.0,,0.0,1,0.58,0.18,SPY191231C00323000,323.0,normalDay
2019-12-12,468.0,6432.0,0.0,100,317.13,253.0,0,0.0,0.0,,0.0,1,0.58,0.39,SPY191231C00323000,323.0,normalDay
2019-12-13,468.0,6468.0,0.0,100,317.32,253.0,0,0.0,0.0,,0.0,1,0.58,0.22,SPY191231C00323000,323.0,normalDay
2019-12-16,468.0,6653.0,0.0,100,319.5,253.0,0,0.0,0.0,,0.0,1,0.58,0.55,SPY191231C00323000,323.0,normalDay
2019-12-17,468.0,6671.0,0.0,100,319.57,253.0,0,0.0,0.0,,0.0,1,0.58,0.44,SPY191231C00323000,323.0,normalDay
2019-12-18,468.0,6678.0,0.0,100,319.59,253.0,0,0.0,0.0,,0.0,1,0.58,0.39,SPY191231C00323000,323.0,normalDay
2019-12-19,468.0,6802.0,0.0,100,320.9,253.0,0,0.0,0.0,,0.0,1,0.58,0.46,SPY191231C00323000,323.0,normalDay
2019-12-20,468.0,6739.0,0.0,100,320.73,253.0,0,0.0,0.0,,0.0,1,0.58,0.92,SPY191231C00323000,323.0,normalDay
2019-12-23,468.0,6809.0,0.0,100,321.22,253.0,0,0.0,0.0,,0.0,1,0.58,0.71,SPY191231C00323000,323.0,normalDay
2019-12-24,468.0,6821.0,0.0,100,321.23,253.0,0,0.0,0.0,,0.0,1,0.58,0.6,SPY191231C00323000,323.0,normalDay
2019-12-26,468.0,6943.0,0.0,100,322.94,253.0,0,0.0,0.0,,0.0,1,0.58,1.09,SPY191231C00323000,323.0,normalDay
2019-12-27,468.0,6950.0,0.0,100,322.86,253.0,0,0.0,0.0,,0.0,1,0.58,0.94,SPY191231C00323000,323.0,normalDay
2019-12-30,468.0,6845.0,0.0,100,321.08,253.0,0,0.0,0.0,,0.0,1,0.58,0.21,SPY191231C00323000,323.0,normalDay
2019-12-31,526.0,6886.0,58.0,100,321.86,253.0,0,0.0,0.0,,0.0,1,0.58,0.0,SPY191231C00323000,323.0,expirationDay
2020-01-02,526.0,7180.0,0.0,100,324.87,253.0,0,0.0,0.0,,0.0,1,4.32,4.39,SPY200515C00337000,337.0,normalDay
2020-01-03,526.0,6987.0,0.0,100,322.41,253.0,0,0.0,0.0,,0.0,1,4.32,3.86,SPY200515C00337000,337.0,normalDay
2020-01-06,526.0,7090.0,0.0,100,323.64,253.0,0,0.0,0.0,,0.0,1,4.32,4.06,SPY200515C00337000,337.0,normalDay
2020-01-07,526.0,7047.0,0.0,100,322.73,253.0,0,0.0,0.0,,0.0,1,4.32,3.58,SPY200515C00337000,337.0,normalDay
2020-01-08,526.0,7162.0,0.0,100,324.45,253.0,0,0.0,0.0,,0.0,1,4.32,4.15,SPY200515C00337000,337.0,normalDay
2020-01-09,526.0,7329.0,0.0,100,326.65,253.0,0,0.0,0.0,,0.0,1,4.32,4.68,SPY200515C00337000,337.0,normalDay
2020-01-10,526.0,7284.0,0.0,100,325.71,253.0,0,0.0,0.0,,0.0,1,4.32,4.19,SPY200515C00337000,337.0,normalDay
2020-01-13,526.0,7436.0,0.0,100,327.95,253.0,0,0.0,0.0,,0.0,1,4.32,4.91,SPY200515C00337000,337.0,normalDay
2020-01-14,526.0,7399.0,0.0,100,327.45,253.0,0,0.0,0.0,,0.0,1,4.32,4.78,SPY200515C00337000,337.0,normalDay
2020-01-15,526.0,7450.0,0.0,100,328.19,253.0,0,0.0,0.0,,0.0,1,4.32,5.01,SPY200515C00337000,337.0,normalDay
2020-01-16,526.0,7613.0,0.0,100,330.92,253.0,0,0.0,0.0,,0.0,1,4.32,6.11,SPY200515C00337000,337.0,normalDay
2020-01-17,526.0,7671.0,0.0,100,331.95,253.0,0,0.0,0.0,,0.0,1,4.32,6.56,SPY200515C00337000,337.0,normalDay
2020-01-21,526.0,7632.0,0.0,100,331.3,253.0,0,0.0,0.0,,0.0,1,4.32,6.3,SPY200515C00337000,337.0,normalDay
2020-01-22,526.0,7630.0,0.0,100,331.34,253.0,0,0.0,0.0,,0.0,1,4.32,6.36,SPY200515C00337000,337.0,normalDay
2020-01-23,526.0,7648.0,0.0,100,331.72,253.0,0,0.0,0.0,,0.0,1,4.32,6.56,SPY200515C00337000,337.0,normalDay
2020-01-24,526.0,7455.0,0.0,100,328.77,253.0,0,0.0,0.0,,0.0,1,4.32,5.54,SPY200515C00337000,337.0,normalDay
2020-01-27,526.0,7104.0,0.0,100,323.5,253.0,0,0.0,0.0,,0.0,1,4.32,3.78,SPY200515C00337000,337.0,normalDay
2020-01-28,526.0,7333.0,0.0,100,326.89,253.0,0,0.0,0.0,,0.0,1,4.32,4.88,SPY200515C00337000,337.0,normalDay
2020-01-29,526.0,7327.0,0.0,100,326.62,253.0,0,0.0,0.0,,0.0,1,4.32,4.67,SPY200515C00337000,337.0,normalDay
2020-01-30,526.0,7389.0,0.0,100,327.68,253.0,0,0.0,0.0,,0.0,1,4.32,5.11,SPY200515C00337000,337.0,normalDay
2020-01-31,526.0,6982.0,0.0,100,321.73,253.0,0,0.0,0.0,,0.0,1,4.32,3.23,SPY200515C00337000,337.0,normalDay
2020-02-03,526.0,7181.0,0.0,100,324.12,253.0,0,0.0,0.0,,0.0,1,4.32,3.63,SPY200515C00337000,337.0,normalDay
2020-02-04,526.0,7515.0,0.0,100,329.06,253.0,0,0.0,0.0,,0.0,1,4.32,5.23,SPY200515C00337000,337.0,normalDay
2020-02-05,526.0,7734.0,0.0,100,332.86,253.0,0,0.0,0.0,,0.0,1,4.32,6.84,SPY200515C00337000,337.0,normalDay
2020-02-06,526.0,7824.0,0.0,100,333.98,253.0,0,0.0,0.0,,0.0,1,4.32,7.06,SPY200515C00337000,337.0,normalDay
2020-02-07,526.0,7711.0,0.0,100,332.2,253.0,0,0.0,0.0,,0.0,1,4.32,6.41,SPY200515C00337000,337.0,normalDay
2020-02-10,526.0,7842.0,0.0,100,334.68,253.0,0,0.0,0.0,,0.0,1,4.32,7.58,SPY200515C00337000,337.0,normalDay
2020-02-11,526.0,7872.0,0.0,100,335.26,253.0,0,0.0,0.0,,0.0,1,4.32,7.86,SPY200515C00337000,337.0,normalDay
2020-02-12,526.0,8003.0,0.0,100,337.42,253.0,0,0.0,0.0,,0.0,1,4.32,8.71,SPY200515C00337000,337.0,normalDay
2020-02-13,526.0,7967.0,0.0,100,337.06,253.0,0,0.0,0.0,,0.0,1,4.32,8.71,SPY200515C00337000,337.0,normalDay
2020-02-14,526.0,8012.0,0.0,100,337.6,253.0,0,0.0,0.0,,0.0,1,4.32,8.8,SPY200515C00337000,337.0,normalDay
2020-02-18,526.0,7982.0,0.0,100,336.73,253.0,0,0.0,0.0,,0.0,1,4.32,8.23,SPY200515C00337000,337.0,normalDay
2020-02-19,526.0,8049.0,0.0,100,338.34,253.0,0,0.0,0.0,,0.0,1,4.32,9.17,SPY200515C00337000,337.0,normalDay
2020-02-20,526.0,7983.0,0.0,100,336.95,253.0,0,0.0,0.0,,0.0,1,4.32,8.44,SPY200515C00337000,337.0,normalDay
2020-02-21,526.0,7772.0,0.0,100,333.48,253.0,0,0.0,0.0,,0.0,1,4.32,7.08,SPY200515C00337000,337.0,normalDay
2020-02-24,526.0,7024.0,0.0,100,322.42,253.0,0,0.0,0.0,,0.0,1,4.32,3.5,SPY200515C00337000,337.0,normalDay
2020-02-25,526.0,6216.0,0.0,100,312.65,253.0,0,0.0,0.0,,0.0,1,4.32,1.81,SPY200515C00337000,337.0,normalDay
2020-02-26,526.0,6140.0,0.0,100,311.5,253.0,0,0.0,0.0,,0.0,1,4.32,1.42,SPY200515C00337000,337.0,normalDay
2020-02-27,526.0,4809.0,0.0,100,297.51,253.0,0,0.0,0.0,,0.0,1,4.32,0.74,SPY200515C00337000,337.0,normalDay
2020-02-28,526.0,4687.0,0.0,100,296.26,253.0,0,0.0,0.0,,0.0,1,4.32,0.71,SPY200515C00337000,337.0,normalDay
2020-03-02,526.0,5906.0,0.0,100,309.09,253.0,0,0.0,0.0,,0.0,1,4.32,1.35,SPY200515C00337000,337.0,normalDay
2020-03-03,526.0,5062.0,0.0,100,300.24,253.0,0,0.0,0.0,,0.0,1,4.32,0.94,SPY200515C00337000,337.0,normalDay
2020-03-04,526.0,6207.0,0.0,100,312.86,253.0,0,0.0,0.0,,0.0,1,4.32,2.11,SPY200515C00337000,337.0,normalDay
2020-03-05,526.0,5244.0,0.0,100,302.46,253.0,0,0.0,0.0,,0.0,1,4.32,1.34,SPY200515C00337000,337.0,normalDay
2020-03-06,526.0,4761.0,0.0,100,297.46,253.0,0,0.0,0.0,,0.0,1,4.32,1.17,SPY200515C00337000,337.0,normalDay
2020-03-09,526.0,2487.0,0.0,100,274.23,253.0,0,0.0,0.0,,0.0,1,4.32,0.68,SPY200515C00337000,337.0,normalDay
2020-03-10,526.0,3891.0,0.0,100,288.42,253.0,0,0.0,0.0,,0.0,1,4.32,0.83,SPY200515C00337000,337.0,normalDay
2020-03-11,526.0,2518.0,0.0,100,274.36,253.0,0,0.0,0.0,,0.0,1,4.32,0.5,SPY200515C00337000,337.0,normalDay
2020-03-12,526.0,-87.0,0.0,100,248.11,253.0,0,0.0,0.0,,0.0,1,4.32,0.3,SPY200515C00337000,337.0,normalDay
2020-03-13,526.0,2025.0,0.0,100,269.32,253.0,0,0.0,0.0,,0.0,1,4.32,0.39,SPY200515C00337000,337.0,normalDay
2020-03-16,526.0,-914.0,0.0,100,239.85,253.0,0,0.0,0.0,,0.0,1,4.32,0.31,SPY200515C00337000,337.0,normalDay
2020-03-17,526.0,372.0,0.0,100,252.8,253.0,0,0.0,0.0,,0.0,1,4.32,0.4,SPY200515C00337000,337.0,normalDay
2020-03-18,526.0,-896.0,0.0,100,240.0,253.0,0,0.0,0.0,,0.0,1,4.32,0.28,SPY200515C00337000,337.0,normalDay
2020-03-19,526.0,-835.0,0.0,100,240.51,253.0,0,0.0,0.0,,0.0,1,4.32,0.18,SPY200515C00337000,337.0,normalDay
2020-03-20,526.0,-1999.0,0.0,100,228.8,253.0,0,0.0,0.0,,0.0,1,4.32,0.11,SPY200515C00337000,337.0,normalDay
2020-03-23,526.0,-2586.0,0.0,100,222.95,253.0,0,0.0,0.0,,0.0,1,4.32,0.13,SPY200515C00337000,337.0,normalDay
2020-03-24,526.0,-580.0,0.0,100,243.15,253.0,0,0.0,0.0,,0.0,1,4.32,0.27,SPY200515C00337000,337.0,normalDay
2020-03-25,526.0,-211.0,0.0,100,246.79,253.0,0,0.0,0.0,,0.0,1,4.32,0.22,SPY200515C00337000,337.0,normalDay
2020-03-26,526.0,1225.0,0.0,100,261.2,253.0,0,0.0,0.0,,0.0,1,4.32,0.27,SPY200515C00337000,337.0,normalDay
2020-03-27,526.0,458.0,0.0,100,253.42,253.0,0,0.0,0.0,,0.0,1,4.32,0.16,SPY200515C00337000,337.0,normalDay
2020-03-30,526.0,1280.0,0.0,100,261.65,253.0,0,0.0,0.0,,0.0,1,4.32,0.17,SPY200515C00337000,337.0,normalDay
2020-03-31,526.0,899.0,0.0,100,257.75,253.0,0,0.0,0.0,,0.0,1,4.32,0.08,SPY200515C00337000,337.0,normalDay
2020-04-01,526.0,-259.0,0.0,100,246.15,253.0,0,0.0,0.0,,0.0,1,4.32,0.06,SPY200515C00337000,337.0,normalDay
2020-04-02,526.0,309.0,0.0,100,251.83,253.0,0,0.0,0.0,,0.0,1,4.32,0.06,SPY200515C00337000,337.0,normalDay
2020-04-03,526.0,-54.0,0.0,100,248.19,253.0,0,0.0,0.0,,0.0,1,4.32,0.05,SPY200515C00337000,337.0,normalDay
2020-04-06,526.0,1612.0,0.0,100,264.86,253.0,0,0.0,0.0,,0.0,1,4.32,0.06,SPY200515C00337000,337.0,normalDay
2020-04-07,526.0,1638.0,0.0,100,265.13,253.0,0,0.0,0.0,,0.0,1,4.32,0.07,SPY200515C00337000,337.0,normalDay
2020-04-08,526.0,2525.0,0.0,100,274.03,253.0,0,0.0,0.0,,0.0,1,4.32,0.1,SPY200515C00337000,337.0,normalDay
2020-04-09,526.0,2939.0,0.0,100,278.2,253.0,0,0.0,0.0,,0.0,1,4.32,0.13,SPY200515C00337000,337.0,normalDay
2020-04-13,526.0,2691.0,0.0,100,275.66,253.0,0,0.0,0.0,,0.0,1,4.32,0.07,SPY200515C00337000,337.0,normalDay
2020-04-14,526.0,3500.0,0.0,100,283.79,253.0,0,0.0,0.0,,0.0,1,4.32,0.11,SPY200515C00337000,337.0,normalDay
2020-04-15,526.0,2901.0,0.0,100,277.76,253.0,0,0.0,0.0,,0.0,1,4.32,0.07,SPY200515C00337000,337.0,normalDay
2020-04-16,526.0,3036.0,0.0,100,279.1,253.0,0,0.0,0.0,,0.0,1,4.32,0.06,SPY200515C00337000,337.0,normalDay
2020-04-17,526.0,3788.0,0.0,100,286.64,253.0,0,0.0,0.0,,0.0,1,4.32,0.08,SPY200515C00337000,337.0,normalDay
2020-04-20,526.0,3285.0,0.0,100,281.59,253.0,0,0.0,0.0,,0.0,1,4.32,0.06,SPY200515C00337000,337.0,normalDay
2020-04-21,526.0,2432.0,0.0,100,273.04,253.0,0,0.0,0.0,,0.0,1,4.32,0.04,SPY200515C00337000,337.0,normalDay
2020-04-22,526.0,3039.0,0.0,100,279.1,253.0,0,0.0,0.0,,0.0,1,4.32,0.03,SPY200515C00337000,337.0,normalDay
2020-04-23,526.0,3037.0,0.0,100,279.08,253.0,0,0.0,0.0,,0.0,1,4.32,0.03,SPY200515C00337000,337.0,normalDay
2020-04-24,526.0,3427.0,0.0,100,282.97,253.0,0,0.0,0.0,,0.0,1,4.32,0.02,SPY200515C00337000,337.0,normalDay
2020-04-27,526.0,3835.0,0.0,100,287.05,253.0,0,0.0,0.0,,0.0,1,4.32,0.02,SPY200515C00337000,337.0,normalDay
2020-04-28,526.0,3702.0,0.0,100,285.73,253.0,0,0.0,0.0,,0.0,1,4.32,0.03,SPY200515C00337000,337.0,normalDay
2020-04-29,526.0,4449.0,0.0,100,293.21,253.0,0,0.0,0.0,,0.0,1,4.32,0.04,SPY200515C00337000,337.0,normalDay
2020-04-30,526.0,4176.0,0.0,100,290.48,253.0,0,0.0,0.0,,0.0,1,4.32,0.04,SPY200515C00337000,337.0,normalDay
2020-05-01,526.0,3410.0,0.0,100,282.79,253.0,0,0.0,0.0,,0.0,1,4.32,0.01,SPY200515C00337000,337.0,normalDay
2020-05-04,526.0,3488.0,0.0,100,283.57,253.0,0,0.0,0.0,,0.0,1,4.32,0.01,SPY200515C00337000,337.0,normalDay
2020-05-05,526.0,3750.0,0.0,100,286.19,253.0,0,0.0,0.0,,0.0,1,4.32,0.01,SPY200515C00337000,337.0,normalDay
2020-05-06,526.0,3556.0,0.0,100,284.25,253.0,0,0.0,0.0,,0.0,1,4.32,0.01,SPY200515C00337000,337.0,normalDay
2020-05-07,526.0,3899.0,0.0,100,287.68,253.0,0,0.0,0.0,,0.0,1,4.32,0.01,SPY200515C00337000,337.0,normalDay
2020-05-08,526.0,4375.0,0.0,100,292.44,253.0,0,0.0,0.0,,0.0,1,4.32,0.01,SPY200515C00337000,337.0,normalDay
2020-05-11,526.0,4381.0,0.0,100,292.5,253.0,0,0.0,0.0,,0.0,1,4.32,0.01,SPY200515C00337000,337.0,normalDay
2020-05-12,526.0,3798.0,0.0,100,286.67,253.0,0,0.0,0.0,,0.0,1,4.32,0.01,SPY200515C00337000,337.0,normalDay
2020-05-13,526.0,3291.0,0.0,100,281.6,253.0,0,0.0,0.0,,0.0,1,4.32,0.01,SPY200515C00337000,337.0,normalDay
2020-05-14,526.0,3628.0,0.0,100,284.97,253.0,0,0.0,0.0,,0.0,1,4.32,0.01,SPY200515C00337000,337.0,normalDay
2020-05-15,958.0,3328.0,432.0,100,286.28,253.0,0,0.0,0.0,,0.0,1,4.32,0.0,SPY200515C00337000,337.0,expirationDay
2020-05-18,958.0,4167.0,0.0,100,295.0,253.0,0,0.0,0.0,,0.0,1,8.49,8.82,SPY200930C00311000,311.0,normalDay
2020-05-19,958.0,3954.0,0.0,100,291.97,253.0,0,0.0,0.0,,0.0,1,8.49,7.92,SPY200930C00311000,311.0,normalDay
2020-05-20,958.0,4286.0,0.0,100,296.93,253.0,0,0.0,0.0,,0.0,1,8.49,9.56,SPY200930C00311000,311.0,normalDay
2020-05-21,958.0,4153.0,0.0,100,294.88,253.0,0,0.0,0.0,,0.0,1,8.49,8.84,SPY200930C00311000,311.0,normalDay
2020-05-22,958.0,4188.0,0.0,100,295.44,253.0,0,0.0,0.0,,0.0,1,8.49,9.05,SPY200930C00311000,311.0,normalDay
2020-05-26,958.0,4442.0,0.0,100,299.08,253.0,0,0.0,0.0,,0.0,1,8.49,10.15,SPY200930C00311000,311.0,normalDay
2020-05-27,958.0,4715.0,0.0,100,303.53,253.0,0,0.0,0.0,,0.0,1,8.49,11.87,SPY200930C00311000,311.0,normalDay
2020-05-28,958.0,4623.0,0.0,100,302.97,253.0,0,0.0,0.0,,0.0,1,8.49,12.23,SPY200930C00311000,311.0,normalDay
2020-05-29,958.0,4707.0,0.0,100,304.32,253.0,0,0.0,0.0,,0.0,1,8.49,12.74,SPY200930C00311000,311.0,normalDay
2020-06-01,958.0,4815.0,0.0,100,305.55,253.0,0,0.0,0.0,,0.0,1,8.49,12.89,SPY200930C00311000,311.0,normalDay
2020-06-02,958.0,4972.0,0.0,100,308.08,253.0,0,0.0,0.0,,0.0,1,8.49,13.85,SPY200930C00311000,311.0,normalDay
2020-06-03,958.0,5150.0,0.0,100,312.18,253.0,0,0.0,0.0,,0.0,1,8.49,16.17,SPY200930C00311000,311.0,normalDay
2020-06-04,958.0,5116.0,0.0,100,311.36,253.0,0,0.0,0.0,,0.0,1,8.49,15.69,SPY200930C00311000,311.0,normalDay
2020-06-05,958.0,5477.0,0.0,100,319.34,253.0,0,0.0,0.0,,0.0,1,8.49,20.06,SPY200930C00311000,311.0,normalDay
2020-06-08,958.0,5608.0,0.0,100,323.2,253.0,0,0.0,0.0,,0.0,1,8.49,22.61,SPY200930C00311000,311.0,normalDay
2020-06-09,958.0,5383.0,0.0,100,320.79,253.0,0,0.0,0.0,,0.0,1,8.49,22.45,SPY200930C00311000,311.0,normalDay
2020-06-10,958.0,5385.0,0.0,100,319.0,253.0,0,0.0,0.0,,0.0,1,8.49,20.64,SPY200930C00311000,311.0,normalDay
2020-06-11,958.0,4171.0,0.0,100,300.61,253.0,0,0.0,0.0,,0.0,1,8.49,14.39,SPY200930C00311000,311.0,normalDay
2020-06-12,958.0,4527.0,0.0,100,304.21,253.0,0,0.0,0.0,,0.0,1,8.49,14.43,SPY200930C00311000,311.0,normalDay
2020-06-15,958.0,4696.0,0.0,100,307.05,253.0,0,0.0,0.0,,0.0,1,8.49,15.58,SPY200930C00311000,311.0,normalDay
2020-06-16,958.0,4973.0,0.0,100,312.96,253.0,0,0.0,0.0,,0.0,1,8.49,18.72,SPY200930C00311000,311.0,normalDay
2020-06-17,958.0,4892.0,0.0,100,311.66,253.0,0,0.0,0.0,,0.0,1,8.49,18.23,SPY200930C00311000,311.0,normalDay
2020-06-18,958.0,4937.0,0.0,100,311.78,253.0,0,0.0,0.0,,0.0,1,8.49,17.9,SPY200930C00311000,311.0,normalDay
2020-06-19,958.0,4797.0,0.0,100,308.64,253.0,0,0.0,0.0,,0.0,1,8.49,16.16,SPY200930C00311000,311.0,normalDay
2020-06-22,958.0,4910.0,0.0,100,310.62,253.0,0,0.0,0.0,,0.0,1,8.49,17.01,SPY200930C00311000,311.0,normalDay
2020-06-23,958.0,5006.0,0.0,100,312.05,253.0,0,0.0,0.0,,0.0,1,8.49,17.48,SPY200930C00311000,311.0,normalDay
2020-06-24,958.0,4569.0,0.0,100,304.09,253.0,0,0.0,0.0,,0.0,1,8.49,13.89,SPY200930C00311000,311.0,normalDay
2020-06-25,958.0,4798.0,0.0,100,307.35,253.0,0,0.0,0.0,,0.0,1,8.49,14.86,SPY200930C00311000,311.0,normalDay
2020-06-26,958.0,4372.0,0.0,100,300.05,253.0,0,0.0,0.0,,0.0,1,8.49,11.82,SPY200930C00311000,311.0,normalDay
2020-06-29,958.0,4739.0,0.0,100,304.46,253.0,0,0.0,0.0,,0.0,1,8.49,12.56,SPY200930C00311000,311.0,normalDay
2020-06-30,958.0,4996.0,0.0,100,308.36,253.0,0,0.0,0.0,,0.0,1,8.49,13.89,SPY200930C00311000,311.0,normalDay
2020-07-01,958.0,5128.0,0.0,100,310.52,253.0,0,0.0,0.0,,0.0,1,8.49,14.73,SPY200930C00311000,311.0,normalDay
2020-07-02,958.0,5201.0,0.0,100,312.23,253.0,0,0.0,0.0,,0.0,1,8.49,15.71,SPY200930C00311000,311.0,normalDay
2020-07-06,958.0,5424.0,0.0,100,317.05,253.0,0,0.0,0.0,,0.0,1,8.49,18.3,SPY200930C00311000,311.0,normalDay
2020-07-07,958.0,5272.0,0.0,100,313.78,253.0,0,0.0,0.0,,0.0,1,8.49,16.55,SPY200930C00311000,311.0,normalDay
2020-07-08,958.0,5390.0,0.0,100,316.18,253.0,0,0.0,0.0,,0.0,1,8.49,17.77,SPY200930C00311000,311.0,normalDay
2020-07-09,958.0,5304.0,0.0,100,314.38,253.0,0,0.0,0.0,,0.0,1,8.49,16.83,SPY200930C00311000,311.0,normalDay
2020-07-10,958.0,5450.0,0.0,100,317.59,253.0,0,0.0,0.0,,0.0,1,8.49,18.58,SPY200930C00311000,311.0,normalDay
2020-07-13,958.0,5270.0,0.0,100,314.84,253.0,0,0.0,0.0,,0.0,1,8.49,17.63,SPY200930C00311000,311.0,normalDay
2020-07-14,958.0,5514.0,0.0,100,318.92,253.0,0,0.0,0.0,,0.0,1,8.49,19.27,SPY200930C00311000,311.0,normalDay
2020-07-15,958.0,5616.0,0.0,100,321.85,253.0,0,0.0,0.0,,0.0,1,8.49,21.18,SPY200930C00311000,311.0,normalDay
2020-07-16,958.0,5679.0,0.0,100,320.79,253.0,0,0.0,0.0,,0.0,1,8.49,19.49,SPY200930C00311000,311.0,normalDay
2020-07-17,958.0,5693.0,0.0,100,321.72,253.0,0,0.0,0.0,,0.0,1,8.49,20.28,SPY200930C00311000,311.0,normalDay
2020-07-20,958.0,5839.0,0.0,100,324.32,253.0,0,0.0,0.0,,0.0,1,8.49,21.42,SPY200930C00311000,311.0,normalDay
2020-07-21,958.0,5856.0,0.0,100,325.01,253.0,0,0.0,0.0,,0.0,1,8.49,21.94,SPY200930C00311000,311.0,normalDay
2020-07-22,958.0,5953.0,0.0,100,326.86,253.0,0,0.0,0.0,,0.0,1,8.49,22.82,SPY200930C00311000,311.0,normalDay
2020-07-23,958.0,5853.0,0.0,100,322.96,253.0,0,0.0,0.0,,0.0,1,8.49,19.92,SPY200930C00311000,311.0,normalDay
2020-07-24,958.0,5762.0,0.0,100,320.88,253.0,0,0.0,0.0,,0.0,1,8.49,18.75,SPY200930C00311000,311.0,normalDay
2020-07-27,958.0,5883.0,0.0,100,323.22,253.0,0,0.0,0.0,,0.0,1,8.49,19.88,SPY200930C00311000,311.0,normalDay
2020-07-28,958.0,5826.0,0.0,100,321.17,253.0,0,0.0,0.0,,0.0,1,8.49,18.4,SPY200930C00311000,311.0,normalDay
2020-07-29,958.0,5978.0,0.0,100,325.12,253.0,0,0.0,0.0,,0.0,1,8.49,20.83,SPY200930C00311000,311.0,normalDay
2020-07-30,958.0,5885.0,0.0,100,323.96,253.0,0,0.0,0.0,,0.0,1,8.49,20.6,SPY200930C00311000,311.0,normalDay
2020-07-31,958.0,5978.0,0.0,100,326.52,253.0,0,0.0,0.0,,0.0,1,8.49,22.23,SPY200930C00311000,311.0,normalDay
2020-08-03,958.0,6079.0,0.0,100,328.79,253.0,0,0.0,0.0,,0.0,1,8.49,23.49,SPY200930C00311000,311.0,normalDay
2020-08-04,958.0,6140.0,0.0,100,330.06,253.0,0,0.0,0.0,,0.0,1,8.49,24.15,SPY200930C00311000,311.0,normalDay
2020-08-05,958.0,6202.0,0.0,100,332.11,253.0,0,0.0,0.0,,0.0,1,8.49,25.58,SPY200930C00311000,311.0,normalDay
2020-08-06,958.0,6232.0,0.0,100,334.33,253.0,0,0.0,0.0,,0.0,1,8.49,27.5,SPY200930C00311000,311.0,normalDay
2020-08-07,958.0,6259.0,0.0,100,334.57,253.0,0,0.0,0.0,,0.0,1,8.49,27.47,SPY200930C00311000,311.0,normalDay
2020-08-10,958.0,6317.0,0.0,100,335.57,253.0,0,0.0,0.0,,0.0,1,8.49,27.89,SPY200930C00311000,311.0,normalDay
2020-08-11,958.0,6228.0,0.0,100,332.8,253.0,0,0.0,0.0,,0.0,1,8.49,26.01,SPY200930C00311000,311.0,normalDay
2020-08-12,958.0,6338.0,0.0,100,337.44,253.0,0,0.0,0.0,,0.0,1,8.49,29.55,SPY200930C00311000,311.0,normalDay
2020-08-13,958.0,6351.0,0.0,100,336.83,253.0,0,0.0,0.0,,0.0,1,8.49,28.81,SPY200930C00311000,311.0,normalDay
2020-08-14,958.0,6362.0,0.0,100,336.84,253.0,0,0.0,0.0,,0.0,1,8.49,28.71,SPY200930C00311000,311.0,normalDay
2020-08-17,958.0,6387.0,0.0,100,337.91,253.0,0,0.0,0.0,,0.0,1,8.49,29.53,SPY200930C00311000,311.0,normalDay
2020-08-18,958.0,6411.0,0.0,100,338.64,253.0,0,0.0,0.0,,0.0,1,8.49,30.02,SPY200930C00311000,311.0,normalDay
2020-08-19,958.0,6389.0,0.0,100,337.23,253.0,0,0.0,0.0,,0.0,1,8.49,28.83,SPY200930C00311000,311.0,normalDay
2020-08-20,958.0,6411.0,0.0,100,338.28,253.0,0,0.0,0.0,,0.0,1,8.49,29.66,SPY200930C00311000,311.0,normalDay
2020-08-21,958.0,6408.0,0.0,100,339.48,253.0,0,0.0,0.0,,0.0,1,8.49,30.89,SPY200930C00311000,311.0,normalDay
2020-08-24,958.0,6475.0,0.0,100,342.92,253.0,0,0.0,0.0,,0.0,1,8.49,33.66,SPY200930C00311000,311.0,normalDay
2020-08-25,958.0,6477.0,0.0,100,344.12,253.0,0,0.0,0.0,,0.0,1,8.49,34.84,SPY200930C00311000,311.0,normalDay
2020-08-26,958.0,6483.0,0.0,100,347.57,253.0,0,0.0,0.0,,0.0,1,8.49,38.23,SPY200930C00311000,311.0,normalDay
2020-08-27,958.0,6461.0,0.0,100,348.33,253.0,0,0.0,0.0,,0.0,1,8.49,39.21,SPY200930C00311000,311.0,normalDay
2020-08-28,958.0,6530.0,0.0,100,350.58,253.0,0,0.0,0.0,,0.0,1,8.49,40.77,SPY200930C00311000,311.0,normalDay
2020-08-31,958.0,6433.0,0.0,100,349.31,253.0,0,0.0,0.0,,0.0,1,8.49,40.47,SPY200930C00311000,311.0,normalDay
2020-09-01,958.0,6519.0,0.0,100,352.6,253.0,0,0.0,0.0,,0.0,1,8.49,42.9,SPY200930C00311000,311.0,normalDay
2020-09-02,958.0,6516.0,0.0,100,357.7,253.0,0,0.0,0.0,,0.0,1,8.49,48.03,SPY200930C00311000,311.0,normalDay
2020-09-03,958.0,6332.0,0.0,100,345.39,253.0,0,0.0,0.0,,0.0,1,8.49,37.56,SPY200930C00311000,311.0,normalDay
2020-09-04,958.0,6453.0,0.0,100,342.57,253.0,0,0.0,0.0,,0.0,1,8.49,33.53,SPY200930C00311000,311.0,normalDay
2020-09-08,958.0,6371.0,0.0,100,333.21,253.0,0,0.0,0.0,,0.0,1,8.49,24.99,SPY200930C00311000,311.0,normalDay
2020-09-09,958.0,6531.0,0.0,100,339.79,253.0,0,0.0,0.0,,0.0,1,8.49,29.97,SPY200930C00311000,311.0,normalDay
2020-09-10,958.0,6453.0,0.0,100,333.89,253.0,0,0.0,0.0,,0.0,1,8.49,24.85,SPY200930C00311000,311.0,normalDay
2020-09-11,958.0,6603.0,0.0,100,334.06,253.0,0,0.0,0.0,,0.0,1,8.49,23.52,SPY200930C00311000,311.0,normalDay
2020-09-14,958.0,6571.0,0.0,100,338.46,253.0,0,0.0,0.0,,0.0,1,8.49,28.24,SPY200930C00311000,311.0,normalDay
2020-09-15,958.0,6574.0,0.0,100,340.17,253.0,0,0.0,0.0,,0.0,1,8.49,29.92,SPY200930C00311000,311.0,normalDay
2020-09-16,958.0,6632.0,0.0,100,338.82,253.0,0,0.0,0.0,,0.0,1,8.49,27.99,SPY200930C00311000,311.0,normalDay
2020-09-17,958.0,6598.0,0.0,100,335.84,253.0,0,0.0,0.0,,0.0,1,8.49,25.35,SPY200930C00311000,311.0,normalDay
2020-09-18,958.0,6546.0,0.0,100,330.65,253.0,0,0.0,0.0,,0.0,1,8.49,20.68,SPY200930C00311000,311.0,normalDay
2020-09-21,958.0,6491.0,0.0,100,326.97,253.0,0,0.0,0.0,,0.0,1,8.49,17.55,SPY200930C00311000,311.0,normalDay
2020-09-22,958.0,6613.0,0.0,100,330.3,253.0,0,0.0,0.0,,0.0,1,8.49,19.66,SPY200930C00311000,311.0,normalDay
2020-09-23,958.0,6514.0,0.0,100,322.64,253.0,0,0.0,0.0,,0.0,1,8.49,12.99,SPY200930C00311000,311.0,normalDay
2020-09-24,958.0,6534.0,0.0,100,323.5,253.0,0,0.0,0.0,,0.0,1,8.49,13.65,SPY200930C00311000,311.0,normalDay
2020-09-25,958.0,6620.0,0.0,100,328.73,253.0,0,0.0,0.0,,0.0,1,8.49,18.02,SPY200930C00311000,311.0,normalDay
2020-09-28,958.0,6630.0,0.0,100,334.19,253.0,0,0.0,0.0,,0.0,1,8.49,23.38,SPY200930C00311000,311.0,normalDay
2020-09-29,958.0,6561.0,0.0,100,332.37,253.0,0,0.0,0.0,,0.0,1,8.49,22.25,SPY200930C00311000,311.0,normalDay
2020-09-30,7607.0,6561.0,6649.0,0,334.89,0.0,0,0.0,0.0,,0.0,1,8.49,0.0,SPY200930C00311000,311.0,expirationDay
2020-10-01,7607.0,-7.0,0.0,0,337.04,0.0,1,2.53,2.6,SPY201102P00310000,310.0,0,0.0,0.0,,0.0,normalDay
2020-10-02,7607.0,-41.0,0.0,0,333.84,0.0,1,2.53,2.94,SPY201102P00310000,310.0,0,0.0,0.0,,0.0,normalDay
2020-10-05,7607.0,71.0,0.0,0,339.76,0.0,1,2.53,1.82,SPY201102P00310000,310.0,0,0.0,0.0,,0.0,normalDay
2020-10-06,7607.0,15.0,0.0,0,334.93,0.0,1,2.53,2.38,SPY201102P00310000,310.0,0,0.0,0.0,,0.0,normalDay
2020-10-07,7607.0,110.0,0.0,0,340.76,0.0,1,2.53,1.43,SPY201102P00310000,310.0,0,0.0,0.0,,0.0,normalDay
2020-10-08,7607.0,158.0,0.0,0,343.78,0.0,1,2.53,0.95,SPY201102P00310000,310.0,0,0.0,0.0,,0.0,normalDay
2020-10-09,7607.0,192.0,0.0,0,346.85,0.0,1,2.53,0.61,SPY201102P00310000,310.0,0,0.0,0.0,,0.0,normalDay
2020-10-12,7607.0,212.0,0.0,0,352.43,0.0,1,2.53,0.41,SPY201102P00310000,310.0,0,0.0,0.0,,0.0,normalDay
2020-10-13,7607.0,210.0,0.0,0,350.13,0.0,1,2.53,0.43,SPY201102P00310000,310.0,0,0.0,0.0,,0.0,normalDay
2020-10-14,7607.0,210.0,0.0,0,347.93,0.0,1,2.53,0.43,SPY201102P00310000,310.0,0,0.0,0.0,,0.0,normalDay
2020-10-15,7607.0,214.0,0.0,0,347.5,0.0,1,2.53,0.39,SPY201102P00310000,310.0,0,0.0,0.0,,0.0,normalDay
2020-10-16,7607.0,217.0,0.0,0,347.29,0.0,1,2.53,0.36,SPY201102P00310000,310.0,0,0.0,0.0,,0.0,normalDay
2020-10-19,7607.0,207.0,0.0,0,342.01,0.0,1,2.53,0.46,SPY201102P00310000,310.0,0,0.0,0.0,,0.0,normalDay
2020-10-20,7607.0,218.0,0.0,0,343.38,0.0,1,2.53,0.35,SPY201102P00310000,310.0,0,0.0,0.0,,0.0,normalDay
2020-10-21,7607.0,229.0,0.0,0,342.73,0.0,1,2.53,0.24,SPY201102P00310000,310.0,0,0.0,0.0,,0.0,normalDay
2020-10-22,7607.0,238.0,0.0,0,344.61,0.0,1,2.53,0.15,SPY201102P00310000,310.0,0,0.0,0.0,,0.0,normalDay
2020-10-23,7607.0,242.0,0.0,0,345.78,0.0,1,2.53,0.11,SPY201102P00310000,310.0,0,0.0,0.0,,0.0,normalDay
2020-10-26,7607.0,233.0,0.0,0,339.39,0.0,1,2.53,0.2,SPY201102P00310000,310.0,0,0.0,0.0,,0.0,normalDay
2020-10-27,7607.0,239.0,0.0,0,338.22,0.0,1,2.53,0.14,SPY201102P00310000,310.0,0,0.0,0.0,,0.0,normalDay
2020-10-28,7607.0,137.0,0.0,0,326.66,0.0,1,2.53,1.16,SPY201102P00310000,310.0,0,0.0,0.0,,0.0,normalDay
2020-10-29,7607.0,221.0,0.0,0,329.98,0.0,1,2.53,0.32,SPY201102P00310000,310.0,0,0.0,0.0,,0.0,normalDay
2020-10-30,7607.0,208.0,0.0,0,326.54,0.0,1,2.53,0.45,SPY201102P00310000,310.0,0,0.0,0.0,,0.0,normalDay
2020-11-02,7860.0,0.0,253.0,0,330.2,0.0,1,2.53,0.0,SPY201102P00310000,310.0,0,0.0,0.0,,0.0,expirationDay
2020-11-03,7860.0,-8.0,0.0,0,336.03,0.0,1,5.22,5.3,SPY201204P00312500,312.5,0,0.0,0.0,,0.0,normalDay
2020-11-04,7860.0,237.0,0.0,0,343.54,0.0,1,5.22,2.85,SPY201204P00312500,312.5,0,0.0,0.0,,0.0,normalDay
2020-11-05,7860.0,326.0,0.0,0,350.24,0.0,1,5.22,1.96,SPY201204P00312500,312.5,0,0.0,0.0,,0.0,normalDay
2020-11-06,7860.0,385.0,0.0,0,350.16,0.0,1,5.22,1.37,SPY201204P00312500,312.5,0,0.0,0.0,,0.0,normalDay
2020-11-09,7860.0,420.0,0.0,0,354.56,0.0,1,5.22,1.02,SPY201204P00312500,312.5,0,0.0,0.0,,0.0,normalDay
2020-11-10,7860.0,432.0,0.0,0,354.04,0.0,1,5.22,0.9,SPY201204P00312500,312.5,0,0.0,0.0,,0.0,normalDay
2020-11-11,7860.0,453.0,0.0,0,356.67,0.0,1,5.22,0.69,SPY201204P00312500,312.5,0,0.0,0.0,,0.0,normalDay
2020-11-12,7860.0,429.0,0.0,0,353.21,0.0,1,5.22,0.93,SPY201204P00312500,312.5,0,0.0,0.0,,0.0,normalDay
2020-11-13,7860.0,467.0,0.0,0,358.1,0.0,1,5.22,0.55,SPY201204P00312500,312.5,0,0.0,0.0,,0.0,normalDay
2020-11-16,7860.0,489.0,0.0,0,362.57,0.0,1,5.22,0.33,SPY201204P00312500,312.5,0,0.0,0.0,,0.0,normalDay
2020-11-17,7860.0,493.0,0.0,0,360.62,0.0,1,5.22,0.29,SPY201204P00312500,312.5,0,0.0,0.0,,0.0,normalDay
2020-11-18,7860.0,485.0,0.0,0,356.28,0.0,1,5.22,0.37,SPY201204P00312500,312.5,0,0.0,0.0,,0.0,normalDay
2020-11-19,7860.0,492.0,0.0,0,357.78,0.0,1,5.22,0.3,SPY201204P00312500,312.5,0,0.0,0.0,,0.0,normalDay
2020-11-20,7860.0,497.0,0.0,0,355.33,0.0,1,5.22,0.25,SPY201204P00312500,312.5,0,0.0,0.0,,0.0,normalDay
2020-11-23,7860.0,507.0,0.0,0,357.46,0.0,1,5.22,0.15,SPY201204P00312500,312.5,0,0.0,0.0,,0.0,normalDay
2020-11-24,7860.0,514.0,0.0,0,363.22,0.0,1,5.22,0.08,SPY201204P00312500,312.5,0,0.0,0.0,,0.0,normalDay
2020-11-25,7860.0,517.0,0.0,0,362.66,0.0,1,5.22,0.05,SPY201204P00312500,312.5,0,0.0,0.0,,0.0,normalDay
2020-11-27,7860.0,519.0,0.0,0,363.67,0.0,1,5.22,0.03,SPY201204P00312500,312.5,0,0.0,0.0,,0.0,normalDay
2020-11-30,7860.0,518.0,0.0,0,362.06,0.0,1,5.22,0.04,SPY201204P00312500,312.5,0,0.0,0.0,,0.0,normalDay
2020-12-01,7860.0,520.0,0.0,0,366.02,0.0,1,5.22,0.02,SPY201204P00312500,312.5,0,0.0,0.0,,0.0,normalDay
2020-12-02,7860.0,521.0,0.0,0,366.79,0.0,1,5.22,0.01,SPY201204P00312500,312.5,0,0.0,0.0,,0.0,normalDay
2020-12-03,7860.0,521.0,0.0,0,366.69,0.0,1,5.22,0.01,SPY201204P00312500,312.5,0,0.0,0.0,,0.0,normalDay
2020-12-04,8382.0,0.0,522.0,0,369.85,0.0,1,5.22,0.0,SPY201204P00312500,312.5,0,0.0,0.0,,0.0,expirationDay
2020-12-07,8382.0,-4.0,0.0,0,369.09,0.0,1,2.38,2.42,SPY210108P00342500,342.5,0,0.0,0.0,,0.0,normalDay
2020-12-08,8382.0,41.0,0.0,0,370.17,0.0,1,2.38,1.97,SPY210108P00342500,342.5,0,0.0,0.0,,0.0,normalDay
2020-12-09,8382.0,-20.0,0.0,0,366.85,0.0,1,2.38,2.58,SPY210108P00342500,342.5,0,0.0,0.0,,0.0,normalDay
2020-12-10,8382.0,-14.0,0.0,0,366.73,0.0,1,2.38,2.52,SPY210108P00342500,342.5,0,0.0,0.0,,0.0,normalDay
2020-12-11,8382.0,-25.0,0.0,0,366.3,0.0,1,2.38,2.63,SPY210108P00342500,342.5,0,0.0,0.0,,0.0,normalDay
2020-12-14,8382.0,-42.0,0.0,0,364.66,0.0,1,2.38,2.8,SPY210108P00342500,342.5,0,0.0,0.0,,0.0,normalDay
2020-12-15,8382.0,41.0,0.0,0,369.59,0.0,1,2.38,1.97,SPY210108P00342500,342.5,0,0.0,0.0,,0.0,normalDay
2020-12-16,8382.0,74.0,0.0,0,370.17,0.0,1,2.38,1.64,SPY210108P00342500,342.5,0,0.0,0.0,,0.0,normalDay
2020-12-17,8382.0,110.0,0.0,0,372.24,0.0,1,2.38,1.28,SPY210108P00342500,342.5,0,0.0,0.0,,0.0,normalDay
2020-12-18,8382.0,119.0,0.0,0,369.18,0.0,1,2.38,1.19,SPY210108P00342500,342.5,0,0.0,0.0,,0.0,normalDay
2020-12-21,8382.0,69.0,0.0,0,367.86,0.0,1,2.38,1.69,SPY210108P00342500,342.5,0,0.0,0.0,,0.0,normalDay
2020-12-22,8382.0,90.0,0.0,0,367.24,0.0,1,2.38,1.48,SPY210108P00342500,342.5,0,0.0,0.0,,0.0,normalDay
2020-12-23,8382.0,117.0,0.0,0,367.57,0.0,1,2.38,1.21,SPY210108P00342500,342.5,0,0.0,0.0,,0.0,normalDay
2020-12-24,8382.0,156.0,0.0,0,369.0,0.0,1,2.38,0.82,SPY210108P00342500,342.5,0,0.0,0.0,,0.0,normalDay
2020-12-28,8382.0,192.0,0.0,0,372.17,0.0,1,2.38,0.46,SPY210108P00342500,342.5,0,0.0,0.0,,0.0,normalDay
2020-12-29,8382.0,187.0,0.0,0,371.46,0.0,1,2.38,0.51,SPY210108P00342500,342.5,0,0.0,0.0,,0.0,normalDay
2020-12-30,8382.0,197.0,0.0,0,371.99,0.0,1,2.38,0.41,SPY210108P00342500,342.5,0,0.0,0.0,,0.0,normalDay
2020-12-31,8382.0,212.0,0.0,0,373.88,0.0,1,2.38,0.26,SPY210108P00342500,342.5,0,0.0,0.0,,0.0,normalDay
2021-01-04,8382.0,203.0,0.0,0,368.79,0.0,1,2.38,0.35,SPY210108P00342500,342.5,0,0.0,0.0,,0.0,normalDay
2021-01-05,8382.0,224.0,0.0,0,371.33,0.0,1,2.38,0.14,SPY210108P00342500,342.5,0,0.0,0.0,,0.0,normalDay
2021-01-06,8382.0,228.0,0.0,0,373.55,0.0,1,2.38,0.1,SPY210108P00342500,342.5,0,0.0,0.0,,0.0,normalDay
2021-01-07,8382.0,237.0,0.0,0,379.1,0.0,1,2.38,0.01,SPY210108P00342500,342.5,0,0.0,0.0,,0.0,normalDay
2021-01-08,8620.0,0.0,238.0,0,381.26,0.0,1,2.38,0.0,SPY210108P00342500,342.5,0,0.0,0.0,,0.0,expirationDay
2021-01-11,8620.0,-6.0,0.0,0,378.69,0.0,1,3.24,3.3,SPY210212P00355000,355.0,0,0.0,0.0,,0.0,normalDay
2021-01-12,8620.0,20.0,0.0,0,378.77,0.0,1,3.24,3.04,SPY210212P00355000,355.0,0,0.0,0.0,,0.0,normalDay
2021-01-13,8620.0,72.0,0.0,0,379.79,0.0,1,3.24,2.52,SPY210212P00355000,355.0,0,0.0,0.0,,0.0,normalDay
2021-01-14,8620.0,42.0,0.0,0,378.46,0.0,1,3.24,2.82,SPY210212P00355000,355.0,0,0.0,0.0,,0.0,normalDay
2021-01-15,8620.0,-18.0,0.0,0,375.7,0.0,1,3.24,3.42,SPY210212P00355000,355.0,0,0.0,0.0,,0.0,normalDay
2021-01-19,8620.0,87.0,0.0,0,378.65,0.0,1,3.24,2.37,SPY210212P00355000,355.0,0,0.0,0.0,,0.0,normalDay
2021-01-20,8620.0,173.0,0.0,0,383.89,0.0,1,3.24,1.51,SPY210212P00355000,355.0,0,0.0,0.0,,0.0,normalDay
2021-01-21,8620.0,190.0,0.0,0,384.24,0.0,1,3.24,1.34,SPY210212P00355000,355.0,0,0.0,0.0,,0.0,normalDay
2021-01-22,8620.0,187.0,0.0,0,382.88,0.0,1,3.24,1.37,SPY210212P00355000,355.0,0,0.0,0.0,,0.0,normalDay
2021-01-25,8620.0,204.0,0.0,0,384.39,0.0,1,3.24,1.2,SPY210212P00355000,355.0,0,0.0,0.0,,0.0,normalDay
2021-01-26,8620.0,219.0,0.0,0,383.79,0.0,1,3.24,1.05,SPY210212P00355000,355.0,0,0.0,0.0,,0.0,normalDay
2021-01-27,8620.0,-63.0,0.0,0,374.41,0.0,1,3.24,3.87,SPY210212P00355000,355.0,0,0.0,0.0,,0.0,normalDay
2021-01-28,8620.0,77.0,0.0,0,377.63,0.0,1,3.24,2.47,SPY210212P00355000,355.0,0,0.0,0.0,,0.0,normalDay
2021-01-29,8620.0,-124.0,0.0,0,370.07,0.0,1,3.24,4.48,SPY210212P00355000,355.0,0,0.0,0.0,,0.0,normalDay
2021-02-01,8620.0,131.0,0.0,0,376.23,0.0,1,3.24,1.93,SPY210212P00355000,355.0,0,0.0,0.0,,0.0,normalDay
2021-02-02,8620.0,253.0,0.0,0,381.55,0.0,1,3.24,0.71,SPY210212P00355000,355.0,0,0.0,0.0,,0.0,normalDay
2021-02-03,8620.0,285.0,0.0,0,381.85,0.0,1,3.24,0.39,SPY210212P00355000,355.0,0,0.0,0.0,,0.0,normalDay
2021-02-04,8620.0,305.0,0.0,0,386.19,0.0,1,3.24,0.19,SPY210212P00355000,355.0,0,0.0,0.0,,0.0,normalDay
2021-02-05,8620.0,317.0,0.0,0,387.71,0.0,1,3.24,0.07,SPY210212P00355000,355.0,0,0.0,0.0,,0.0,normalDay
2021-02-08,8620.0,319.0,0.0,0,390.51,0.0,1,3.24,0.05,SPY210212P00355000,355.0,0,0.0,0.0,,0.0,normalDay
2021-02-09,8620.0,320.0,0.0,0,390.25,0.0,1,3.24,0.04,SPY210212P00355000,355.0,0,0.0,0.0,,0.0,normalDay
2021-02-10,8620.0,321.0,0.0,0,390.08,0.0,1,3.24,0.03,SPY210212P00355000,355.0,0,0.0,0.0,,0.0,normalDay
2021-02-11,8620.0,323.0,0.0,0,390.71,0.0,1,3.24,0.01,SPY210212P00355000,355.0,0,0.0,0.0,,0.0,normalDay
2021-02-12,8944.0,0.0,324.0,0,392.64,0.0,1,3.24,0.0,SPY210212P00355000,355.0,0,0.0,0.0,,0.0,expirationDay
2021-02-16,8944.0,-3.0,0.0,0,392.3,0.0,1,2.18,2.21,SPY210319P00361000,361.0,0,0.0,0.0,,0.0,normalDay
2021-02-17,8944.0,10.0,0.0,0,392.39,0.0,1,2.18,2.08,SPY210319P00361000,361.0,0,0.0,0.0,,0.0,normalDay
2021-02-18,8944.0,-15.0,0.0,0,390.72,0.0,1,2.18,2.33,SPY210319P00361000,361.0,0,0.0,0.0,,0.0,normalDay
2021-02-19,8944.0,-4.0,0.0,0,390.03,0.0,1,2.18,2.22,SPY210319P00361000,361.0,0,0.0,0.0,,0.0,normalDay
2021-02-22,8944.0,-30.0,0.0,0,387.03,0.0,1,2.18,2.48,SPY210319P00361000,361.0,0,0.0,0.0,,0.0,normalDay
2021-02-23,8944.0,-6.0,0.0,0,387.5,0.0,1,2.18,2.24,SPY210319P00361000,361.0,0,0.0,0.0,,0.0,normalDay
2021-02-24,8944.0,72.0,0.0,0,391.77,0.0,1,2.18,1.46,SPY210319P00361000,361.0,0,0.0,0.0,,0.0,normalDay
2021-02-25,8944.0,-153.0,0.0,0,382.33,0.0,1,2.18,3.71,SPY210319P00361000,361.0,0,0.0,0.0,,0.0,normalDay
2021-02-26,8944.0,-162.0,0.0,0,380.36,0.0,1,2.18,3.8,SPY210319P00361000,361.0,0,0.0,0.0,,0.0,normalDay
2021-03-01,8944.0,61.0,0.0,0,389.58,0.0,1,2.18,1.57,SPY210319P00361000,361.0,0,0.0,0.0,,0.0,normalDay
2021-03-02,8944.0,30.0,0.0,0,386.54,0.0,1,2.18,1.88,SPY210319P00361000,361.0,0,0.0,0.0,,0.0,normalDay
2021-03-03,8944.0,-37.0,0.0,0,381.42,0.0,1,2.18,2.55,SPY210319P00361000,361.0,0,0.0,0.0,,0.0,normalDay
2021-03-04,8944.0,-143.0,0.0,0,376.7,0.0,1,2.18,3.61,SPY210319P00361000,361.0,0,0.0,0.0,,0.0,normalDay
2021-03-05,8944.0,40.0,0.0,0,383.63,0.0,1,2.18,1.78,SPY210319P00361000,361.0,0,0.0,0.0,,0.0,normalDay
2021-03-08,8944.0,41.0,0.0,0,381.72,0.0,1,2.18,1.77,SPY210319P00361000,361.0,0,0.0,0.0,,0.0,normalDay
2021-03-09,8944.0,126.0,0.0,0,387.17,0.0,1,2.18,0.92,SPY210319P00361000,361.0,0,0.0,0.0,,0.0,normalDay
2021-03-10,8944.0,171.0,0.0,0,389.58,0.0,1,2.18,0.47,SPY210319P00361000,361.0,0,0.0,0.0,,0.0,normalDay
2021-03-11,8944.0,189.0,0.0,0,393.53,0.0,1,2.18,0.29,SPY210319P00361000,361.0,0,0.0,0.0,,0.0,normalDay
2021-03-12,8944.0,207.0,0.0,0,394.06,0.0,1,2.18,0.11,SPY210319P00361000,361.0,0,0.0,0.0,,0.0,normalDay
2021-03-15,8944.0,213.0,0.0,0,396.41,0.0,1,2.18,0.05,SPY210319P00361000,361.0,0,0.0,0.0,,0.0,normalDay
2021-03-16,8944.0,211.0,0.0,0,395.91,0.0,1,2.18,0.07,SPY210319P00361000,361.0,0,0.0,0.0,,0.0,normalDay
2021-03-17,8944.0,215.0,0.0,0,397.26,0.0,1,2.18,0.03,SPY210319P00361000,361.0,0,0.0,0.0,,0.0,normalDay
2021-03-18,8944.0,212.0,0.0,0,391.48,0.0,1,2.18,0.06,SPY210319P00361000,361.0,0,0.0,0.0,,0.0,normalDay
2021-03-19,9162.0,0.0,218.0,0,389.48,0.0,1,2.18,0.0,SPY210319P00361000,361.0,0,0.0,0.0,,0.0,expirationDay
2021-03-22,9162.0,-4.0,0.0,0,392.59,0.0,1,1.93,1.97,SPY210423P00367500,367.5,0,0.0,0.0,,0.0,normalDay
2021-03-23,9162.0,-60.0,0.0,0,389.5,0.0,1,1.93,2.53,SPY210423P00367500,367.5,0,0.0,0.0,,0.0,normalDay
2021-03-24,9162.0,-91.0,0.0,0,387.52,0.0,1,1.93,2.84,SPY210423P00367500,367.5,0,0.0,0.0,,0.0,normalDay
2021-03-25,9162.0,-27.0,0.0,0,389.7,0.0,1,1.93,2.2,SPY210423P00367500,367.5,0,0.0,0.0,,0.0,normalDay
2021-03-26,9162.0,46.0,0.0,0,395.98,0.0,1,1.93,1.47,SPY210423P00367500,367.5,0,0.0,0.0,,0.0,normalDay
2021-03-29,9162.0,31.0,0.0,0,395.78,0.0,1,1.93,1.62,SPY210423P00367500,367.5,0,0.0,0.0,,0.0,normalDay
2021-03-30,9162.0,52.0,0.0,0,394.73,0.0,1,1.93,1.41,SPY210423P00367500,367.5,0,0.0,0.0,,0.0,normalDay
2021-03-31,9162.0,81.0,0.0,0,396.33,0.0,1,1.93,1.12,SPY210423P00367500,367.5,0,0.0,0.0,,0.0,normalDay
2021-04-01,9162.0,129.0,0.0,0,400.61,0.0,1,1.93,0.64,SPY210423P00367500,367.5,0,0.0,0.0,,0.0,normalDay
2021-04-05,9162.0,153.0,0.0,0,406.36,0.0,1,1.93,0.4,SPY210423P00367500,367.5,0,0.0,0.0,,0.0,normalDay
2021-04-06,9162.0,154.0,0.0,0,406.12,0.0,1,1.93,0.39,SPY210423P00367500,367.5,0,0.0,0.0,,0.0,normalDay
2021-04-07,9162.0,165.0,0.0,0,406.59,0.0,1,1.93,0.28,SPY210423P00367500,367.5,0,0.0,0.0,,0.0,normalDay
2021-04-08,9162.0,172.0,0.0,0,408.52,0.0,1,1.93,0.21,SPY210423P00367500,367.5,0,0.0,0.0,,0.0,normalDay
2021-04-09,9162.0,179.0,0.0,0,411.49,0.0,1,1.93,0.14,SPY210423P00367500,367.5,0,0.0,0.0,,0.0,normalDay
2021-04-12,9162.0,185.0,0.0,0,411.64,0.0,1,1.93,0.08,SPY210423P00367500,367.5,0,0.0,0.0,,0.0,normalDay
2021-04-13,9162.0,186.0,0.0,0,412.86,0.0,1,1.93,0.07,SPY210423P00367500,367.5,0,0.0,0.0,,0.0,normalDay
2021-04-14,9162.0,186.0,0.0,0,411.45,0.0,1,1.93,0.07,SPY210423P00367500,367.5,0,0.0,0.0,,0.0,normalDay
2021-04-15,9162.0,187.0,0.0,0,415.87,0.0,1,1.93,0.06,SPY210423P00367500,367.5,0,0.0,0.0,,0.0,normalDay
2021-04-16,9162.0,191.0,0.0,0,417.26,0.0,1,1.93,0.02,SPY210423P00367500,367.5,0,0.0,0.0,,0.0,normalDay
2021-04-19,9162.0,192.0,0.0,0,415.21,0.0,1,1.93,0.01,SPY210423P00367500,367.5,0,0.0,0.0,,0.0,normalDay
2021-04-20,9162.0,191.0,0.0,0,412.17,0.0,1,1.93,0.02,SPY210423P00367500,367.5,0,0.0,0.0,,0.0,normalDay
2021-04-21,9162.0,192.0,0.0,0,416.07,0.0,1,1.93,0.01,SPY210423P00367500,367.5,0,0.0,0.0,,0.0,normalDay
2021-04-22,9162.0,192.0,0.0,0,412.27,0.0,1,1.93,0.01,SPY210423P00367500,367.5,0,0.0,0.0,,0.0,normalDay
2021-04-23,9355.0,0.0,193.0,0,416.74,0.0,1,1.93,0.0,SPY210423P00367500,367.5,0,0.0,0.0,,0.0,expirationDay
2021-04-26,9355.0,-4.0,0.0,0,417.61,0.0,1,1.28,1.32,SPY210528P00382000,382.0,0,0.0,0.0,,0.0,normalDay
2021-04-27,9355.0,2.0,0.0,0,417.52,0.0,1,1.28,1.26,SPY210528P00382000,382.0,0,0.0,0.0,,0.0,normalDay
2021-04-28,9355.0,16.0,0.0,0,417.4,0.0,1,1.28,1.12,SPY210528P00382000,382.0,0,0.0,0.0,,0.0,normalDay
2021-04-29,9355.0,25.0,0.0,0,420.06,0.0,1,1.28,1.03,SPY210528P00382000,382.0,0,0.0,0.0,,0.0,normalDay
2021-04-30,9355.0,4.0,0.0,0,417.3,0.0,1,1.28,1.24,SPY210528P00382000,382.0,0,0.0,0.0,,0.0,normalDay
2021-05-03,9355.0,25.0,0.0,0,418.2,0.0,1,1.28,1.03,SPY210528P00382000,382.0,0,0.0,0.0,,0.0,normalDay
2021-05-04,9355.0,2.0,0.0,0,415.62,0.0,1,1.28,1.26,SPY210528P00382000,382.0,0,0.0,0.0,,0.0,normalDay
2021-05-05,9355.0,10.0,0.0,0,415.75,0.0,1,1.28,1.18,SPY210528P00382000,382.0,0,0.0,0.0,,0.0,normalDay
2021-05-06,9355.0,41.0,0.0,0,419.07,0.0,1,1.28,0.87,SPY210528P00382000,382.0,0,0.0,0.0,,0.0,normalDay
2021-05-07,9355.0,68.0,0.0,0,422.12,0.0,1,1.28,0.6,SPY210528P00382000,382.0,0,0.0,0.0,,0.0,normalDay
2021-05-10,9355.0,39.0,0.0,0,417.94,0.0,1,1.28,0.89,SPY210528P00382000,382.0,0,0.0,0.0,,0.0,normalDay
2021-05-11,9355.0,12.0,0.0,0,414.21,0.0,1,1.28,1.16,SPY210528P00382000,382.0,0,0.0,0.0,,0.0,normalDay
2021-05-12,9355.0,-150.0,0.0,0,405.41,0.0,1,1.28,2.78,SPY210528P00382000,382.0,0,0.0,0.0,,0.0,normalDay
2021-05-13,9355.0,-13.0,0.0,0,410.28,0.0,1,1.28,1.41,SPY210528P00382000,382.0,0,0.0,0.0,,0.0,normalDay
2021-05-14,9355.0,75.0,0.0,0,416.58,0.0,1,1.28,0.53,SPY210528P00382000,382.0,0,0.0,0.0,,0.0,normalDay
2021-05-17,9355.0,89.0,0.0,0,415.52,0.0,1,1.28,0.39,SPY210528P00382000,382.0,0,0.0,0.0,,0.0,normalDay
2021-05-18,9355.0,71.0,0.0,0,411.94,0.0,1,1.28,0.57,SPY210528P00382000,382.0,0,0.0,0.0,,0.0,normalDay
2021-05-19,9355.0,77.0,0.0,0,410.86,0.0,1,1.28,0.51,SPY210528P00382000,382.0,0,0.0,0.0,,0.0,normalDay
2021-05-20,9355.0,104.0,0.0,0,415.28,0.0,1,1.28,0.24,SPY210528P00382000,382.0,0,0.0,0.0,,0.0,normalDay
2021-05-21,9355.0,116.0,0.0,0,414.94,0.0,1,1.28,0.12,SPY210528P00382000,382.0,0,0.0,0.0,,0.0,normalDay
2021-05-24,9355.0,124.0,0.0,0,419.17,0.0,1,1.28,0.04,SPY210528P00382000,382.0,0,0.0,0.0,,0.0,normalDay
2021-05-25,9355.0,123.0,0.0,0,418.24,0.0,1,1.28,0.05,SPY210528P00382000,382.0,0,0.0,0.0,,0.0,normalDay
2021-05-26,9355.0,126.0,0.0,0,419.07,0.0,1,1.28,0.02,SPY210528P00382000,382.0,0,0.0,0.0,,0.0,normalDay
2021-05-27,9355.0,127.0,0.0,0,419.29,0.0,1,1.28,0.01,SPY210528P00382000,382.0,0,0.0,0.0,,0.0,normalDay
2021-05-28,9483.0,0.0,128.0,0,420.04,0.0,1,1.28,0.0,SPY210528P00382000,382.0,0,0.0,0.0,,0.0,expirationDay
2021-06-01,9483.0,-6.0,0.0,0,419.67,0.0,1,2.8,2.86,SPY210702P00401000,401.0,0,0.0,0.0,,0.0,normalDay
2021-06-02,9483.0,27.0,0.0,0,420.33,0.0,1,2.8,2.53,SPY210702P00401000,401.0,0,0.0,0.0,,0.0,normalDay
2021-06-03,9483.0,-5.0,0.0,0,418.77,0.0,1,2.8,2.85,SPY210702P00401000,401.0,0,0.0,0.0,,0.0,normalDay
2021-06-04,9483.0,82.0,0.0,0,422.6,0.0,1,2.8,1.98,SPY210702P00401000,401.0,0,0.0,0.0,,0.0,normalDay
2021-06-07,9483.0,110.0,0.0,0,422.19,0.0,1,2.8,1.7,SPY210702P00401000,401.0,0,0.0,0.0,,0.0,normalDay
2021-06-08,9483.0,102.0,0.0,0,422.28,0.0,1,2.8,1.78,SPY210702P00401000,401.0,0,0.0,0.0,,0.0,normalDay
2021-06-09,9483.0,82.0,0.0,0,421.65,0.0,1,2.8,1.98,SPY210702P00401000,401.0,0,0.0,0.0,,0.0,normalDay
2021-06-10,9483.0,147.0,0.0,0,423.61,0.0,1,2.8,1.33,SPY210702P00401000,401.0,0,0.0,0.0,,0.0,normalDay
2021-06-11,9483.0,167.0,0.0,0,424.31,0.0,1,2.8,1.13,SPY210702P00401000,401.0,0,0.0,0.0,,0.0,normalDay
2021-06-14,9483.0,181.0,0.0,0,425.26,0.0,1,2.8,0.99,SPY210702P00401000,401.0,0,0.0,0.0,,0.0,normalDay
2021-06-15,9483.0,174.0,0.0,0,424.48,0.0,1,2.8,1.06,SPY210702P00401000,401.0,0,0.0,0.0,,0.0,normalDay
2021-06-16,9483.0,147.0,0.0,0,422.11,0.0,1,2.8,1.33,SPY210702P00401000,401.0,0,0.0,0.0,,0.0,normalDay
2021-06-17,9483.0,171.0,0.0,0,421.97,0.0,1,2.8,1.09,SPY210702P00401000,401.0,0,0.0,0.0,,0.0,normalDay
2021-06-18,9483.0,61.0,0.0,0,414.92,0.0,1,2.8,2.19,SPY210702P00401000,401.0,0,0.0,0.0,,0.0,normalDay
2021-06-21,9483.0,201.0,0.0,0,420.86,0.0,1,2.8,0.79,SPY210702P00401000,401.0,0,0.0,0.0,,0.0,normalDay
2021-06-22,9483.0,234.0,0.0,0,423.11,0.0,1,2.8,0.46,SPY210702P00401000,401.0,0,0.0,0.0,,0.0,normalDay
2021-06-23,9483.0,249.0,0.0,0,422.6,0.0,1,2.8,0.31,SPY210702P00401000,401.0,0,0.0,0.0,,0.0,normalDay
2021-06-24,9483.0,260.0,0.0,0,425.1,0.0,1,2.8,0.2,SPY210702P00401000,401.0,0,0.0,0.0,,0.0,normalDay
2021-06-25,9483.0,268.0,0.0,0,426.61,0.0,1,2.8,0.12,SPY210702P00401000,401.0,0,0.0,0.0,,0.0,normalDay
2021-06-28,9483.0,274.0,0.0,0,427.47,0.0,1,2.8,0.06,SPY210702P00401000,401.0,0,0.0,0.0,,0.0,normalDay
2021-06-29,9483.0,275.0,0.0,0,427.7,0.0,1,2.8,0.05,SPY210702P00401000,401.0,0,0.0,0.0,,0.0,normalDay
2021-06-30,9483.0,277.0,0.0,0,428.06,0.0,1,2.8,0.03,SPY210702P00401000,401.0,0,0.0,0.0,,0.0,normalDay
2021-07-01,9483.0,278.0,0.0,0,430.43,0.0,1,2.8,0.02,SPY210702P00401000,401.0,0,0.0,0.0,,0.0,normalDay
2021-07-02,9763.0,0.0,280.0,0,433.72,0.0,1,2.8,0.0,SPY210702P00401000,401.0,0,0.0,0.0,,0.0,expirationDay
2021-07-06,9763.0,-3.0,0.0,0,432.93,0.0,1,1.9,1.93,SPY210806P00409000,409.0,0,0.0,0.0,,0.0,normalDay
2021-07-07,9763.0,20.0,0.0,0,434.46,0.0,1,1.9,1.7,SPY210806P00409000,409.0,0,0.0,0.0,,0.0,normalDay
2021-07-08,9763.0,-70.0,0.0,0,430.92,0.0,1,1.9,2.6,SPY210806P00409000,409.0,0,0.0,0.0,,0.0,normalDay
2021-07-09,9763.0,40.0,0.0,0,435.52,0.0,1,1.9,1.5,SPY210806P00409000,409.0,0,0.0,0.0,,0.0,normalDay
2021-07-12,9763.0,70.0,0.0,0,437.08,0.0,1,1.9,1.2,SPY210806P00409000,409.0,0,0.0,0.0,,0.0,normalDay
2021-07-13,9763.0,47.0,0.0,0,435.59,0.0,1,1.9,1.43,SPY210806P00409000,409.0,0,0.0,0.0,,0.0,normalDay
2021-07-14,9763.0,80.0,0.0,0,436.24,0.0,1,1.9,1.1,SPY210806P00409000,409.0,0,0.0,0.0,,0.0,normalDay
2021-07-15,9763.0,62.0,0.0,0,434.75,0.0,1,1.9,1.28,SPY210806P00409000,409.0,0,0.0,0.0,,0.0,normalDay
2021-07-16,9763.0,19.0,0.0,0,431.34,0.0,1,1.9,1.71,SPY210806P00409000,409.0,0,0.0,0.0,,0.0,normalDay
2021-07-19,9763.0,-112.0,0.0,0,424.97,0.0,1,1.9,3.02,SPY210806P00409000,409.0,0,0.0,0.0,,0.0,normalDay
2021-07-20,9763.0,26.0,0.0,0,431.06,0.0,1,1.9,1.64,SPY210806P00409000,409.0,0,0.0,0.0,,0.0,normalDay
2021-07-21,9763.0,103.0,0.0,0,434.55,0.0,1,1.9,0.87,SPY210806P00409000,409.0,0,0.0,0.0,,0.0,normalDay
2021-07-22,9763.0,119.0,0.0,0,435.46,0.0,1,1.9,0.71,SPY210806P00409000,409.0,0,0.0,0.0,,0.0,normalDay
2021-07-23,9763.0,149.0,0.0,0,439.94,0.0,1,1.9,0.41,SPY210806P00409000,409.0,0,0.0,0.0,,0.0,normalDay
2021-07-26,9763.0,166.0,0.0,0,441.02,0.0,1,1.9,0.24,SPY210806P00409000,409.0,0,0.0,0.0,,0.0,normalDay
2021-07-27,9763.0,149.0,0.0,0,439.01,0.0,1,1.9,0.41,SPY210806P00409000,409.0,0,0.0,0.0,,0.0,normalDay
2021-07-28,9763.0,166.0,0.0,0,438.83,0.0,1,1.9,0.24,SPY210806P00409000,409.0,0,0.0,0.0,,0.0,normalDay
2021-07-29,9763.0,178.0,0.0,0,440.65,0.0,1,1.9,0.12,SPY210806P00409000,409.0,0,0.0,0.0,,0.0,normalDay
2021-07-30,9763.0,178.0,0.0,0,438.51,0.0,1,1.9,0.12,SPY210806P00409000,409.0,0,0.0,0.0,,0.0,normalDay
2021-08-02,9763.0,184.0,0.0,0,437.59,0.0,1,1.9,0.06,SPY210806P00409000,409.0,0,0.0,0.0,,0.0,normalDay
2021-08-03,9763.0,187.0,0.0,0,441.15,0.0,1,1.9,0.03,SPY210806P00409000,409.0,0,0.0,0.0,,0.0,normalDay
2021-08-04,9763.0,188.0,0.0,0,438.98,0.0,1,1.9,0.02,SPY210806P00409000,409.0,0,0.0,0.0,,0.0,normalDay
2021-08-05,9763.0,189.0,0.0,0,441.76,0.0,1,1.9,0.01,SPY210806P00409000,409.0,0,0.0,0.0,,0.0,normalDay
2021-08-06,9953.0,0.0,190.0,0,442.49,0.0,1,1.9,0.0,SPY210806P00409000,409.0,0,0.0,0.0,,0.0,expirationDay
2021-08-09,9953.0,-4.0,0.0,0,442.13,0.0,1,2.45,2.49,SPY210910P00421000,421.0,0,0.0,0.0,,0.0,normalDay
2021-08-10,9953.0,2.0,0.0,0,442.68,0.0,1,2.45,2.43,SPY210910P00421000,421.0,0,0.0,0.0,,0.0,normalDay
2021-08-11,9953.0,39.0,0.0,0,443.78,0.0,1,2.45,2.06,SPY210910P00421000,421.0,0,0.0,0.0,,0.0,normalDay
2021-08-12,9953.0,71.0,0.0,0,445.11,0.0,1,2.45,1.74,SPY210910P00421000,421.0,0,0.0,0.0,,0.0,normalDay
2021-08-13,9953.0,92.0,0.0,0,445.92,0.0,1,2.45,1.53,SPY210910P00421000,421.0,0,0.0,0.0,,0.0,normalDay
2021-08-16,9953.0,107.0,0.0,0,446.97,0.0,1,2.45,1.38,SPY210910P00421000,421.0,0,0.0,0.0,,0.0,normalDay
2021-08-17,9953.0,47.0,0.0,0,444.04,0.0,1,2.45,1.98,SPY210910P00421000,421.0,0,0.0,0.0,,0.0,normalDay
2021-08-18,9953.0,-82.0,0.0,0,439.18,0.0,1,2.45,3.27,SPY210910P00421000,421.0,0,0.0,0.0,,0.0,normalDay
2021-08-19,9953.0,-60.0,0.0,0,439.86,0.0,1,2.45,3.05,SPY210910P00421000,421.0,0,0.0,0.0,,0.0,normalDay
2021-08-20,9953.0,70.0,0.0,0,443.36,0.0,1,2.45,1.75,SPY210910P00421000,421.0,0,0.0,0.0,,0.0,normalDay
2021-08-23,9953.0,155.0,0.0,0,447.26,0.0,1,2.45,0.9,SPY210910P00421000,421.0,0,0.0,0.0,,0.0,normalDay
2021-08-24,9953.0,165.0,0.0,0,447.97,0.0,1,2.45,0.8,SPY210910P00421000,421.0,0,0.0,0.0,,0.0,normalDay
2021-08-25,9953.0,181.0,0.0,0,448.91,0.0,1,2.45,0.64,SPY210910P00421000,421.0,0,0.0,0.0,,0.0,normalDay
2021-08-26,9953.0,144.0,0.0,0,446.26,0.0,1,2.45,1.01,SPY210910P00421000,421.0,0,0.0,0.0,,0.0,normalDay
2021-08-27,9953.0,201.0,0.0,0,450.25,0.0,1,2.45,0.44,SPY210910P00421000,421.0,0,0.0,0.0,,0.0,normalDay
2021-08-30,9953.0,221.0,0.0,0,452.23,0.0,1,2.45,0.24,SPY210910P00421000,421.0,0,0.0,0.0,,0.0,normalDay
2021-08-31,9953.0,220.0,0.0,0,451.56,0.0,1,2.45,0.25,SPY210910P00421000,421.0,0,0.0,0.0,,0.0,normalDay
2021-09-01,9953.0,229.0,0.0,0,451.8,0.0,1,2.45,0.16,SPY210910P00421000,421.0,0,0.0,0.0,,0.0,normalDay
2021-09-02,9953.0,229.0,0.0,0,453.19,0.0,1,2.45,0.16,SPY210910P00421000,421.0,0,0.0,0.0,,0.0,normalDay
2021-09-03,9953.0,234.0,0.0,0,453.08,0.0,1,2.45,0.11,SPY210910P00421000,421.0,0,0.0,0.0,,0.0,normalDay
2021-09-07,9953.0,240.0,0.0,0,451.46,0.0,1,2.45,0.05,SPY210910P00421000,421.0,0,0.0,0.0,,0.0,normalDay
2021-09-08,9953.0,241.0,0.0,0,450.91,0.0,1,2.45,0.04,SPY210910P00421000,421.0,0,0.0,0.0,,0.0,normalDay
2021-09-09,9953.0,243.0,0.0,0,448.98,0.0,1,2.45,0.02,SPY210910P00421000,421.0,0,0.0,0.0,,0.0,normalDay
2021-09-10,10198.0,0.0,245.0,0,445.44,0.0,1,2.45,0.0,SPY210910P00421000,421.0,0,0.0,0.0,,0.0,expirationDay
2021-09-13,10198.0,-4.0,0.0,0,446.58,0.0,1,4.49,4.53,SPY211015P00433000,433.0,0,0.0,0.0,,0.0,normalDay
2021-09-14,10198.0,-59.0,0.0,0,444.17,0.0,1,4.49,5.08,SPY211015P00433000,433.0,0,0.0,0.0,,0.0,normalDay
2021-09-15,10198.0,75.0,0.0,0,447.88,0.0,1,4.49,3.74,SPY211015P00433000,433.0,0,0.0,0.0,,0.0,normalDay
2021-09-16,10198.0,55.0,0.0,0,447.17,0.0,1,4.49,3.94,SPY211015P00433000,433.0,0,0.0,0.0,,0.0,normalDay
2021-09-17,10198.0,-100.0,0.0,0,441.4,0.0,1,4.49,5.49,SPY211015P00433000,433.0,0,0.0,0.0,,0.0,normalDay
2021-09-20,10198.0,-430.0,0.0,0,434.04,0.0,1,4.49,8.79,SPY211015P00433000,433.0,0,0.0,0.0,,0.0,normalDay
2021-09-21,10198.0,-404.0,0.0,0,433.63,0.0,1,4.49,8.53,SPY211015P00433000,433.0,0,0.0,0.0,,0.0,normalDay
2021-09-22,10198.0,-117.0,0.0,0,437.86,0.0,1,4.49,5.66,SPY211015P00433000,433.0,0,0.0,0.0,,0.0,normalDay
2021-09-23,10198.0,100.0,0.0,0,443.18,0.0,1,4.49,3.49,SPY211015P00433000,433.0,0,0.0,0.0,,0.0,normalDay
2021-09-24,10198.0,151.0,0.0,0,443.91,0.0,1,4.49,2.98,SPY211015P00433000,433.0,0,0.0,0.0,,0.0,normalDay
2021-09-27,10198.0,136.0,0.0,0,442.64,0.0,1,4.49,3.13,SPY211015P00433000,433.0,0,0.0,0.0,,0.0,normalDay
2021-09-28,10198.0,-230.0,0.0,0,433.72,0.0,1,4.49,6.79,SPY211015P00433000,433.0,0,0.0,0.0,,0.0,normalDay
2021-09-29,10198.0,-165.0,0.0,0,434.45,0.0,1,4.49,6.14,SPY211015P00433000,433.0,0,0.0,0.0,,0.0,normalDay
2021-09-30,10198.0,-390.0,0.0,0,429.14,0.0,1,4.49,8.39,SPY211015P00433000,433.0,0,0.0,0.0,,0.0,normalDay
2021-10-01,10198.0,-92.0,0.0,0,434.24,0.0,1,4.49,5.41,SPY211015P00433000,433.0,0,0.0,0.0,,0.0,normalDay
2021-10-04,10198.0,-350.0,0.0,0,428.64,0.0,1,4.49,7.99,SPY211015P00433000,433.0,0,0.0,0.0,,0.0,normalDay
2021-10-05,10198.0,-65.0,0.0,0,433.1,0.0,1,4.49,5.14,SPY211015P00433000,433.0,0,0.0,0.0,,0.0,normalDay
2021-10-06,10198.0,25.0,0.0,0,434.9,0.0,1,4.49,4.24,SPY211015P00433000,433.0,0,0.0,0.0,,0.0,normalDay
2021-10-07,10198.0,211.0,0.0,0,438.66,0.0,1,4.49,2.38,SPY211015P00433000,433.0,0,0.0,0.0,,0.0,normalDay
2021-10-08,10198.0,224.0,0.0,0,437.86,0.0,1,4.49,2.25,SPY211015P00433000,433.0,0,0.0,0.0,,0.0,normalDay
2021-10-11,10198.0,149.0,0.0,0,434.69,0.0,1,4.49,3.0,SPY211015P00433000,433.0,0,0.0,0.0,,0.0,normalDay
2021-10-12,10198.0,137.0,0.0,0,433.62,0.0,1,4.49,3.12,SPY211015P00433000,433.0,0,0.0,0.0,,0.0,normalDay
2021-10-13,10198.0,316.0,0.0,0,435.18,0.0,1,4.49,1.33,SPY211015P00433000,433.0,0,0.0,0.0,,0.0,normalDay
2021-10-14,10198.0,440.0,0.0,0,442.5,0.0,1,4.49,0.09,SPY211015P00433000,433.0,0,0.0,0.0,,0.0,normalDay
2021-10-15,10647.0,0.0,449.0,0,445.87,0.0,1,4.49,0.0,SPY211015P00433000,433.0,0,0.0,0.0,,0.0,expirationDay
2021-10-18,10647.0,-3.0,0.0,0,447.19,0.0,1,1.79,1.82,SPY211119P00418000,418.0,0,0.0,0.0,,0.0,normalDay
2021-10-19,10647.0,40.0,0.0,0,450.64,0.0,1,1.79,1.39,SPY211119P00418000,418.0,0,0.0,0.0,,0.0,normalDay
2021-10-20,10647.0,53.0,0.0,0,452.41,0.0,1,1.79,1.26,SPY211119P00418000,418.0,0,0.0,0.0,,0.0,normalDay
2021-10-21,10647.0,72.0,0.0,0,453.59,0.0,1,1.79,1.07,SPY211119P00418000,418.0,0,0.0,0.0,,0.0,normalDay
2021-10-22,10647.0,67.0,0.0,0,453.12,0.0,1,1.79,1.12,SPY211119P00418000,418.0,0,0.0,0.0,,0.0,normalDay
2021-10-25,10647.0,97.0,0.0,0,455.55,0.0,1,1.79,0.82,SPY211119P00418000,418.0,0,0.0,0.0,,0.0,normalDay
2021-10-26,10647.0,92.0,0.0,0,455.96,0.0,1,1.79,0.87,SPY211119P00418000,418.0,0,0.0,0.0,,0.0,normalDay
2021-10-27,10647.0,75.0,0.0,0,453.94,0.0,1,1.79,1.04,SPY211119P00418000,418.0,0,0.0,0.0,,0.0,normalDay
2021-10-28,10647.0,104.0,0.0,0,458.32,0.0,1,1.79,0.75,SPY211119P00418000,418.0,0,0.0,0.0,,0.0,normalDay
2021-10-29,10647.0,114.0,0.0,0,459.25,0.0,1,1.79,0.65,SPY211119P00418000,418.0,0,0.0,0.0,,0.0,normalDay
2021-11-01,10647.0,130.0,0.0,0,460.04,0.0,1,1.79,0.49,SPY211119P00418000,418.0,0,0.0,0.0,,0.0,normalDay
2021-11-02,10647.0,138.0,0.0,0,461.9,0.0,1,1.79,0.41,SPY211119P00418000,418.0,0,0.0,0.0,,0.0,normalDay
2021-11-03,10647.0,151.0,0.0,0,464.72,0.0,1,1.79,0.28,SPY211119P00418000,418.0,0,0.0,0.0,,0.0,normalDay
2021-11-04,10647.0,151.0,0.0,0,466.91,0.0,1,1.79,0.28,SPY211119P00418000,418.0,0,0.0,0.0,,0.0,normalDay
2021-11-05,10647.0,154.0,0.0,0,468.53,0.0,1,1.79,0.25,SPY211119P00418000,418.0,0,0.0,0.0,,0.0,normalDay
2021-11-08,10647.0,159.0,0.0,0,468.93,0.0,1,1.79,0.2,SPY211119P00418000,418.0,0,0.0,0.0,,0.0,normalDay
2021-11-09,10647.0,161.0,0.0,0,467.38,0.0,1,1.79,0.18,SPY211119P00418000,418.0,0,0.0,0.0,,0.0,normalDay
2021-11-10,10647.0,161.0,0.0,0,463.62,0.0,1,1.79,0.18,SPY211119P00418000,418.0,0,0.0,0.0,,0.0,normalDay
2021-11-11,10647.0,168.0,0.0,0,463.77,0.0,1,1.79,0.11,SPY211119P00418000,418.0,0,0.0,0.0,,0.0,normalDay
2021-11-12,10647.0,173.0,0.0,0,467.27,0.0,1,1.79,0.06,SPY211119P00418000,418.0,0,0.0,0.0,,0.0,normalDay
2021-11-15,10647.0,176.0,0.0,0,467.43,0.0,1,1.79,0.03,SPY211119P00418000,418.0,0,0.0,0.0,,0.0,normalDay
2021-11-16,10647.0,177.0,0.0,0,469.28,0.0,1,1.79,0.02,SPY211119P00418000,418.0,0,0.0,0.0,,0.0,normalDay
2021-11-17,10647.0,178.0,0.0,0,468.14,0.0,1,1.79,0.01,SPY211119P00418000,418.0,0,0.0,0.0,,0.0,normalDay
2021-11-18,10647.0,178.0,0.0,0,469.73,0.0,1,1.79,0.01,SPY211119P00418000,418.0,0,0.0,0.0,,0.0,normalDay
2021-11-19,10826.0,0.0,179.0,0,468.89,0.0,1,1.79,0.0,SPY211119P00418000,418.0,0,0.0,0.0,,0.0,expirationDay
2021-11-22,10826.0,-5.0,0.0,0,467.57,0.0,1,3.62,3.67,SPY211223P00447000,447.0,0,0.0,0.0,,0.0,normalDay
2021-11-23,10826.0,16.0,0.0,0,468.19,0.0,1,3.62,3.46,SPY211223P00447000,447.0,0,0.0,0.0,,0.0,normalDay
2021-11-24,10826.0,63.0,0.0,0,469.44,0.0,1,3.62,2.99,SPY211223P00447000,447.0,0,0.0,0.0,,0.0,normalDay
2021-11-26,10826.0,-664.0,0.0,0,458.97,0.0,1,3.62,10.26,SPY211223P00447000,447.0,0,0.0,0.0,,0.0,normalDay
2021-11-29,10826.0,-74.0,0.0,0,464.6,0.0,1,3.62,4.36,SPY211223P00447000,447.0,0,0.0,0.0,,0.0,normalDay
2021-11-30,10826.0,-333.0,0.0,0,455.56,0.0,1,3.62,6.95,SPY211223P00447000,447.0,0,0.0,0.0,,0.0,normalDay
2021-12-01,10826.0,-730.0,0.0,0,450.5,0.0,1,3.62,10.92,SPY211223P00447000,447.0,0,0.0,0.0,,0.0,normalDay
2021-12-02,10826.0,-337.0,0.0,0,457.4,0.0,1,3.62,6.99,SPY211223P00447000,447.0,0,0.0,0.0,,0.0,normalDay
2021-12-03,10826.0,-494.0,0.0,0,453.42,0.0,1,3.62,8.56,SPY211223P00447000,447.0,0,0.0,0.0,,0.0,normalDay
2021-12-06,10826.0,-183.0,0.0,0,458.79,0.0,1,3.62,5.45,SPY211223P00447000,447.0,0,0.0,0.0,,0.0,normalDay
2021-12-07,10826.0,135.0,0.0,0,468.28,0.0,1,3.62,2.27,SPY211223P00447000,447.0,0,0.0,0.0,,0.0,normalDay
2021-12-08,10826.0,215.0,0.0,0,469.52,0.0,1,3.62,1.47,SPY211223P00447000,447.0,0,0.0,0.0,,0.0,normalDay
2021-12-09,10826.0,155.0,0.0,0,466.35,0.0,1,3.62,2.07,SPY211223P00447000,447.0,0,0.0,0.0,,0.0,normalDay
2021-12-10,10826.0,268.0,0.0,0,470.74,0.0,1,3.62,0.94,SPY211223P00447000,447.0,0,0.0,0.0,,0.0,normalDay
2021-12-13,10826.0,245.0,0.0,0,466.57,0.0,1,3.62,1.17,SPY211223P00447000,447.0,0,0.0,0.0,,0.0,normalDay
2021-12-14,10826.0,195.0,0.0,0,463.36,0.0,1,3.62,1.67,SPY211223P00447000,447.0,0,0.0,0.0,,0.0,normalDay
2021-12-15,10826.0,314.0,0.0,0,470.6,0.0,1,3.62,0.48,SPY211223P00447000,447.0,0,0.0,0.0,,0.0,normalDay
2021-12-16,10826.0,289.0,0.0,0,466.45,0.0,1,3.62,0.73,SPY211223P00447000,447.0,0,0.0,0.0,,0.0,normalDay
2021-12-17,10826.0,266.0,0.0,0,459.87,0.0,1,3.62,0.96,SPY211223P00447000,447.0,0,0.0,0.0,,0.0,normalDay
2021-12-20,10826.0,247.0,0.0,0,454.98,0.0,1,3.62,1.15,SPY211223P00447000,447.0,0,0.0,0.0,,0.0,normalDay
2021-12-21,10826.0,351.0,0.0,0,463.06,0.0,1,3.62,0.11,SPY211223P00447000,447.0,0,0.0,0.0,,0.0,normalDay
2021-12-22,10826.0,360.0,0.0,0,467.69,0.0,1,3.62,0.02,SPY211223P00447000,447.0,0,0.0,0.0,,0.0,normalDay
2021-12-23,11188.0,0.0,362.0,0,470.6,0.0,1,3.62,0.0,SPY211223P00447000,447.0,0,0.0,0.0,,0.0,expirationDay
2021-12-27,11188.0,-3.0,0.0,0,477.26,0.0,1,1.53,1.56,SPY220128P00438000,438.0,0,0.0,0.0,,0.0,normalDay
2021-12-28,11188.0,6.0,0.0,0,476.87,0.0,1,1.53,1.47,SPY220128P00438000,438.0,0,0.0,0.0,,0.0,normalDay
2021-12-29,11188.0,32.0,0.0,0,477.48,0.0,1,1.53,1.21,SPY220128P00438000,438.0,0,0.0,0.0,,0.0,normalDay
2021-12-30,11188.0,19.0,0.0,0,476.16,0.0,1,1.53,1.34,SPY220128P00438000,438.0,0,0.0,0.0,,0.0,normalDay
2021-12-31,11188.0,30.0,0.0,0,474.96,0.0,1,1.53,1.23,SPY220128P00438000,438.0,0,0.0,0.0,,0.0,normalDay
2022-01-03,11188.0,67.0,0.0,0,477.71,0.0,1,1.53,0.86,SPY220128P00438000,438.0,0,0.0,0.0,,0.0,normalDay
2022-01-04,11188.0,67.0,0.0,0,477.55,0.0,1,1.53,0.86,SPY220128P00438000,438.0,0,0.0,0.0,,0.0,normalDay
2022-01-05,11188.0,-31.0,0.0,0,468.38,0.0,1,1.53,1.84,SPY220128P00438000,438.0,0,0.0,0.0,,0.0,normalDay
2022-01-06,11188.0,-14.0,0.0,0,467.94,0.0,1,1.53,1.67,SPY220128P00438000,438.0,0,0.0,0.0,,0.0,normalDay
2022-01-07,11188.0,11.0,0.0,0,466.09,0.0,1,1.53,1.42,SPY220128P00438000,438.0,0,0.0,0.0,,0.0,normalDay
2022-01-10,11188.0,9.0,0.0,0,465.51,0.0,1,1.53,1.44,SPY220128P00438000,438.0,0,0.0,0.0,,0.0,normalDay
2022-01-11,11188.0,54.0,0.0,0,469.75,0.0,1,1.53,0.99,SPY220128P00438000,438.0,0,0.0,0.0,,0.0,normalDay
2022-01-12,11188.0,83.0,0.0,0,471.02,0.0,1,1.53,0.7,SPY220128P00438000,438.0,0,0.0,0.0,,0.0,normalDay
2022-01-13,11188.0,13.0,0.0,0,464.53,0.0,1,1.53,1.4,SPY220128P00438000,438.0,0,0.0,0.0,,0.0,normalDay
2022-01-14,11188.0,51.0,0.0,0,464.72,0.0,1,1.53,1.02,SPY220128P00438000,438.0,0,0.0,0.0,,0.0,normalDay
2022-01-18,11188.0,-47.0,0.0,0,456.49,0.0,1,1.53,2.0,SPY220128P00438000,438.0,0,0.0,0.0,,0.0,normalDay
2022-01-19,11188.0,-71.0,0.0,0,451.75,0.0,1,1.53,2.24,SPY220128P00438000,438.0,0,0.0,0.0,,0.0,normalDay
2022-01-20,11188.0,-199.0,0.0,0,446.75,0.0,1,1.53,3.52,SPY220128P00438000,438.0,0,0.0,0.0,,0.0,normalDay
2022-01-21,11188.0,-537.0,0.0,0,437.98,0.0,1,1.53,6.9,SPY220128P00438000,438.0,0,0.0,0.0,,0.0,normalDay
2022-01-24,11188.0,-506.0,0.0,0,439.84,0.0,1,1.53,6.59,SPY220128P00438000,438.0,0,0.0,0.0,,0.0,normalDay
2022-01-25,11188.0,-746.0,0.0,0,434.47,0.0,1,1.53,8.99,SPY220128P00438000,438.0,0,0.0,0.0,,0.0,normalDay
2022-01-26,11188.0,-646.0,0.0,0,433.38,0.0,1,1.53,7.99,SPY220128P00438000,438.0,0,0.0,0.0,,0.0,normalDay
2022-01-27,11188.0,-568.0,0.0,0,431.24,0.0,1,1.53,7.21,SPY220128P00438000,438.0,0,0.0,0.0,,0.0,normalDay
2022-01-28,11341.0,0.0,153.0,0,441.95,0.0,1,1.53,0.0,SPY220128P00438000,438.0,0,0.0,0.0,,0.0,expirationDay
2022-01-31,11341.0,-4.0,0.0,0,449.91,0.0,1,1.9,1.94,SPY220304P00398000,398.0,0,0.0,0.0,,0.0,normalDay
2022-02-01,11341.0,65.0,0.0,0,452.95,0.0,1,1.9,1.25,SPY220304P00398000,398.0,0,0.0,0.0,,0.0,normalDay
2022-02-02,11341.0,82.0,0.0,0,457.35,0.0,1,1.9,1.08,SPY220304P00398000,398.0,0,0.0,0.0,,0.0,normalDay
2022-02-03,11341.0,30.0,0.0,0,446.6,0.0,1,1.9,1.6,SPY220304P00398000,398.0,0,0.0,0.0,,0.0,normalDay
2022-02-04,11341.0,49.0,0.0,0,448.7,0.0,1,1.9,1.41,SPY220304P00398000,398.0,0,0.0,0.0,,0.0,normalDay
2022-02-07,11341.0,82.0,0.0,0,447.26,0.0,1,1.9,1.08,SPY220304P00398000,398.0,0,0.0,0.0,,0.0,normalDay
2022-02-08,11341.0,111.0,0.0,0,450.94,0.0,1,1.9,0.79,SPY220304P00398000,398.0,0,0.0,0.0,,0.0,normalDay
2022-02-09,11341.0,140.0,0.0,0,457.54,0.0,1,1.9,0.5,SPY220304P00398000,398.0,0,0.0,0.0,,0.0,normalDay
2022-02-10,11341.0,88.0,0.0,0,449.32,0.0,1,1.9,1.02,SPY220304P00398000,398.0,0,0.0,0.0,,0.0,normalDay
2022-02-11,11341.0,0.0,0.0,0,440.46,0.0,1,1.9,1.9,SPY220304P00398000,398.0,0,0.0,0.0,,0.0,normalDay
2022-02-14,11341.0,19.0,0.0,0,439.02,0.0,1,1.9,1.71,SPY220304P00398000,398.0,0,0.0,0.0,,0.0,normalDay
2022-02-15,11341.0,92.0,0.0,0,446.1,0.0,1,1.9,0.98,SPY220304P00398000,398.0,0,0.0,0.0,,0.0,normalDay
2022-02-16,11341.0,126.0,0.0,0,446.6,0.0,1,1.9,0.64,SPY220304P00398000,398.0,0,0.0,0.0,,0.0,normalDay
2022-02-17,11341.0,52.0,0.0,0,437.06,0.0,1,1.9,1.38,SPY220304P00398000,398.0,0,0.0,0.0,,0.0,normalDay
2022-02-18,11341.0,71.0,0.0,0,434.23,0.0,1,1.9,1.19,SPY220304P00398000,398.0,0,0.0,0.0,,0.0,normalDay
2022-02-22,11341.0,95.0,0.0,0,429.57,0.0,1,1.9,0.95,SPY220304P00398000,398.0,0,0.0,0.0,,0.0,normalDay
2022-02-23,11341.0,38.0,0.0,0,421.95,0.0,1,1.9,1.52,SPY220304P00398000,398.0,0,0.0,0.0,,0.0,normalDay
2022-02-24,11341.0,91.0,0.0,0,428.3,0.0,1,1.9,0.99,SPY220304P00398000,398.0,0,0.0,0.0,,0.0,normalDay
2022-02-25,11341.0,155.0,0.0,0,437.75,0.0,1,1.9,0.35,SPY220304P00398000,398.0,0,0.0,0.0,,0.0,normalDay
2022-02-28,11341.0,154.0,0.0,0,436.63,0.0,1,1.9,0.36,SPY220304P00398000,398.0,0,0.0,0.0,,0.0,normalDay
2022-03-01,11341.0,167.0,0.0,0,429.98,0.0,1,1.9,0.23,SPY220304P00398000,398.0,0,0.0,0.0,,0.0,normalDay
2022-03-02,11341.0,183.0,0.0,0,437.89,0.0,1,1.9,0.07,SPY220304P00398000,398.0,0,0.0,0.0,,0.0,normalDay
2022-03-03,11341.0,188.0,0.0,0,435.71,0.0,1,1.9,0.02,SPY220304P00398000,398.0,0,0.0,0.0,,0.0,normalDay
2022-03-04,11531.0,0.0,190.0,0,432.17,0.0,1,1.9,0.0,SPY220304P00398000,398.0,0,0.0,0.0,,0.0,expirationDay
2022-03-07,11531.0,-9.0,0.0,0,419.43,0.0,1,10.11,10.2,SPY220408P00402000,402.0,0,0.0,0.0,,0.0,normalDay
2022-03-08,11531.0,-24.0,0.0,0,416.25,0.0,1,10.11,10.35,SPY220408P00402000,402.0,0,0.0,0.0,,0.0,normalDay
2022-03-09,11531.0,371.0,0.0,0,427.41,0.0,1,10.11,6.4,SPY220408P00402000,402.0,0,0.0,0.0,,0.0,normalDay
2022-03-10,11531.0,394.0,0.0,0,425.48,0.0,1,10.11,6.17,SPY220408P00402000,402.0,0,0.0,0.0,,0.0,normalDay
2022-03-11,11531.0,295.0,0.0,0,420.07,0.0,1,10.11,7.16,SPY220408P00402000,402.0,0,0.0,0.0,,0.0,normalDay
2022-03-14,11531.0,246.0,0.0,0,417.0,0.0,1,10.11,7.65,SPY220408P00402000,402.0,0,0.0,0.0,,0.0,normalDay
2022-03-15,11531.0,495.0,0.0,0,426.17,0.0,1,10.11,5.16,SPY220408P00402000,402.0,0,0.0,0.0,,0.0,normalDay
2022-03-16,11531.0,729.0,0.0,0,435.62,0.0,1,10.11,2.82,SPY220408P00402000,402.0,0,0.0,0.0,,0.0,normalDay
2022-03-17,11531.0,810.0,0.0,0,441.07,0.0,1,10.11,2.01,SPY220408P00402000,402.0,0,0.0,0.0,,0.0,normalDay
2022-03-18,11531.0,873.0,0.0,0,444.52,0.0,1,10.11,1.38,SPY220408P00402000,402.0,0,0.0,0.0,,0.0,normalDay
2022-03-21,11531.0,912.0,0.0,0,444.39,0.0,1,10.11,0.99,SPY220408P00402000,402.0,0,0.0,0.0,,0.0,normalDay
2022-03-22,11531.0,935.0,0.0,0,449.59,0.0,1,10.11,0.76,SPY220408P00402000,402.0,0,0.0,0.0,,0.0,normalDay
2022-03-23,11531.0,925.0,0.0,0,443.8,0.0,1,10.11,0.86,SPY220408P00402000,402.0,0,0.0,0.0,,0.0,normalDay
2022-03-24,11531.0,965.0,0.0,0,450.49,0.0,1,10.11,0.46,SPY220408P00402000,402.0,0,0.0,0.0,,0.0,normalDay
2022-03-25,11531.0,978.0,0.0,0,452.69,0.0,1,10.11,0.33,SPY220408P00402000,402.0,0,0.0,0.0,,0.0,normalDay
2022-03-28,11531.0,995.0,0.0,0,455.91,0.0,1,10.11,0.16,SPY220408P00402000,402.0,0,0.0,0.0,,0.0,normalDay
2022-03-29,11531.0,999.0,0.0,0,461.55,0.0,1,10.11,0.12,SPY220408P00402000,402.0,0,0.0,0.0,,0.0,normalDay
2022-03-30,11531.0,1001.0,0.0,0,458.7,0.0,1,10.11,0.1,SPY220408P00402000,402.0,0,0.0,0.0,,0.0,normalDay
2022-03-31,11531.0,997.0,0.0,0,451.64,0.0,1,10.11,0.14,SPY220408P00402000,402.0,0,0.0,0.0,,0.0,normalDay
2022-04-01,11531.0,1004.0,0.0,0,452.92,0.0,1,10.11,0.07,SPY220408P00402000,402.0,0,0.0,0.0,,0.0,normalDay
2022-04-04,11531.0,1007.0,0.0,0,456.8,0.0,1,10.11,0.04,SPY220408P00402000,402.0,0,0.0,0.0,,0.0,normalDay
2022-04-05,11531.0,1008.0,0.0,0,451.03,0.0,1,10.11,0.03,SPY220408P00402000,402.0,0,0.0,0.0,,0.0,normalDay
2022-04-06,11531.0,1009.0,0.0,0,446.52,0.0,1,10.11,0.02,SPY220408P00402000,402.0,0,0.0,0.0,,0.0,normalDay
2022-04-07,11531.0,1010.0,0.0,0,448.77,0.0,1,10.11,0.01,SPY220408P00402000,402.0,0,0.0,0.0,,0.0,normalDay
2022-04-08,12542.0,0.0,1011.0,0,447.57,0.0,1,10.11,0.0,SPY220408P00402000,402.0,0,0.0,0.0,,0.0,expirationDay
2022-04-11,12542.0,-6.0,0.0,0,439.92,0.0,1,4.58,4.64,SPY220513P00417000,417.0,0,0.0,0.0,,0.0,normalDay
2022-04-12,12542.0,-17.0,0.0,0,438.29,0.0,1,4.58,4.75,SPY220513P00417000,417.0,0,0.0,0.0,,0.0,normalDay
2022-04-13,12542.0,143.0,0.0,0,443.31,0.0,1,4.58,3.15,SPY220513P00417000,417.0,0,0.0,0.0,,0.0,normalDay
2022-04-14,12542.0,56.0,0.0,0,437.79,0.0,1,4.58,4.02,SPY220513P00417000,417.0,0,0.0,0.0,,0.0,normalDay
2022-04-18,12542.0,144.0,0.0,0,437.97,0.0,1,4.58,3.14,SPY220513P00417000,417.0,0,0.0,0.0,,0.0,normalDay
2022-04-19,12542.0,222.0,0.0,0,445.04,0.0,1,4.58,2.36,SPY220513P00417000,417.0,0,0.0,0.0,,0.0,normalDay
2022-04-20,12542.0,276.0,0.0,0,444.71,0.0,1,4.58,1.82,SPY220513P00417000,417.0,0,0.0,0.0,,0.0,normalDay
2022-04-21,12542.0,136.0,0.0,0,438.06,0.0,1,4.58,3.22,SPY220513P00417000,417.0,0,0.0,0.0,,0.0,normalDay
2022-04-22,12542.0,-289.0,0.0,0,426.04,0.0,1,4.58,7.47,SPY220513P00417000,417.0,0,0.0,0.0,,0.0,normalDay
2022-04-25,12542.0,-110.0,0.0,0,428.51,0.0,1,4.58,5.68,SPY220513P00417000,417.0,0,0.0,0.0,,0.0,normalDay
2022-04-26,12542.0,-732.0,0.0,0,416.1,0.0,1,4.58,11.9,SPY220513P00417000,417.0,0,0.0,0.0,,0.0,normalDay
2022-04-27,12542.0,-488.0,0.0,0,417.27,0.0,1,4.58,9.46,SPY220513P00417000,417.0,0,0.0,0.0,,0.0,normalDay
2022-04-28,12542.0,-156.0,0.0,0,427.81,0.0,1,4.58,6.14,SPY220513P00417000,417.0,0,0.0,0.0,,0.0,normalDay
2022-04-29,12542.0,-733.0,0.0,0,412.0,0.0,1,4.58,11.91,SPY220513P00417000,417.0,0,0.0,0.0,,0.0,normalDay
2022-05-02,12542.0,-534.0,0.0,0,414.48,0.0,1,4.58,9.92,SPY220513P00417000,417.0,0,0.0,0.0,,0.0,normalDay
2022-05-03,12542.0,-332.0,0.0,0,416.38,0.0,1,4.58,7.9,SPY220513P00417000,417.0,0,0.0,0.0,,0.0,normalDay
2022-05-04,12542.0,174.0,0.0,0,429.06,0.0,1,4.58,2.84,SPY220513P00417000,417.0,0,0.0,0.0,,0.0,normalDay
2022-05-05,12542.0,-490.0,0.0,0,413.81,0.0,1,4.58,9.48,SPY220513P00417000,417.0,0,0.0,0.0,,0.0,normalDay
2022-05-06,12542.0,-595.0,0.0,0,411.34,0.0,1,4.58,10.53,SPY220513P00417000,417.0,0,0.0,0.0,,0.0,normalDay
2022-05-09,12542.0,-1433.0,0.0,0,398.17,0.0,1,4.58,18.91,SPY220513P00417000,417.0,0,0.0,0.0,,0.0,normalDay
2022-05-10,12542.0,-1391.0,0.0,0,399.09,0.0,1,4.58,18.49,SPY220513P00417000,417.0,0,0.0,0.0,,0.0,normalDay
2022-05-11,12542.0,-1935.0,0.0,0,392.75,0.0,1,4.58,23.93,SPY220513P00417000,417.0,0,0.0,0.0,,0.0,normalDay
2022-05-12,12542.0,-2021.0,0.0,0,392.34,0.0,1,4.58,24.79,SPY220513P00417000,417.0,0,0.0,0.0,,0.0,normalDay
2022-05-13,13000.0,-1528.0,458.0,100,401.72,417.0,1,4.58,0.0,SPY220513P00417000,417.0,0,0.0,0.0,,0.0,expirationDay
2022-05-16,13000.0,-1695.0,0.0,100,400.09,417.0,0,0.0,0.0,,0.0,1,0.32,0.36,SPY220930C00492000,492.0,normalDay
2022-05-17,13000.0,-888.0,0.0,100,408.32,417.0,0,0.0,0.0,,0.0,1,0.32,0.52,SPY220930C00492000,492.0,normalDay
2022-05-18,13000.0,-2506.0,0.0,100,391.86,417.0,0,0.0,0.0,,0.0,1,0.32,0.24,SPY220930C00492000,492.0,normalDay
2022-05-19,13000.0,-2745.0,0.0,100,389.46,417.0,0,0.0,0.0,,0.0,1,0.32,0.23,SPY220930C00492000,492.0,normalDay
2022-05-20,13000.0,-2732.0,0.0,100,389.63,417.0,0,0.0,0.0,,0.0,1,0.32,0.27,SPY220930C00492000,492.0,normalDay
2022-05-23,13000.0,-2018.0,0.0,100,396.92,417.0,0,0.0,0.0,,0.0,1,0.32,0.42,SPY220930C00492000,492.0,normalDay
2022-05-24,13000.0,-2318.0,0.0,100,393.89,417.0,0,0.0,0.0,,0.0,1,0.32,0.39,SPY220930C00492000,492.0,normalDay
2022-05-25,13000.0,-1974.0,0.0,100,397.37,417.0,0,0.0,0.0,,0.0,1,0.32,0.43,SPY220930C00492000,492.0,normalDay
2022-05-26,13000.0,-1199.0,0.0,100,405.31,417.0,0,0.0,0.0,,0.0,1,0.32,0.62,SPY220930C00492000,492.0,normalDay
2022-05-27,13000.0,-227.0,0.0,100,415.26,417.0,0,0.0,0.0,,0.0,1,0.32,0.85,SPY220930C00492000,492.0,normalDay
2022-05-31,13000.0,-438.0,0.0,100,412.93,417.0,0,0.0,0.0,,0.0,1,0.32,0.63,SPY220930C00492000,492.0,normalDay
2022-06-01,13000.0,-758.0,0.0,100,409.59,417.0,0,0.0,0.0,,0.0,1,0.32,0.49,SPY220930C00492000,492.0,normalDay
2022-06-02,13000.0,3.0,0.0,100,417.39,417.0,0,0.0,0.0,,0.0,1,0.32,0.68,SPY220930C00492000,492.0,normalDay
2022-06-03,13000.0,-664.0,0.0,100,410.54,417.0,0,0.0,0.0,,0.0,1,0.32,0.5,SPY220930C00492000,492.0,normalDay
2022-06-06,13000.0,-537.0,0.0,100,411.79,417.0,0,0.0,0.0,,0.0,1,0.32,0.48,SPY220930C00492000,492.0,normalDay
2022-06-07,13000.0,-146.0,0.0,100,415.74,417.0,0,0.0,0.0,,0.0,1,0.32,0.52,SPY220930C00492000,492.0,normalDay
2022-06-08,13000.0,-589.0,0.0,100,411.22,417.0,0,0.0,0.0,,0.0,1,0.32,0.43,SPY220930C00492000,492.0,normalDay
2022-06-09,13000.0,-1555.0,0.0,100,401.44,417.0,0,0.0,0.0,,0.0,1,0.32,0.31,SPY220930C00492000,492.0,normalDay
2022-06-10,13000.0,-2707.0,0.0,100,389.8,417.0,0,0.0,0.0,,0.0,1,0.32,0.19,SPY220930C00492000,492.0,normalDay
2022-06-13,13000.0,-4182.0,0.0,100,375.0,417.0,0,0.0,0.0,,0.0,1,0.32,0.14,SPY220930C00492000,492.0,normalDay
2022-06-14,13000.0,-4293.0,0.0,100,373.87,417.0,0,0.0,0.0,,0.0,1,0.32,0.12,SPY220930C00492000,492.0,normalDay
2022-06-15,13000.0,-3760.0,0.0,100,379.2,417.0,0,0.0,0.0,,0.0,1,0.32,0.12,SPY220930C00492000,492.0,normalDay
2022-06-16,13000.0,-5013.0,0.0,100,366.65,417.0,0,0.0,0.0,,0.0,1,0.32,0.1,SPY220930C00492000,492.0,normalDay
2022-06-17,13000.0,-5093.0,0.0,100,365.86,417.0,0,0.0,0.0,,0.0,1,0.32,0.11,SPY220930C00492000,492.0,normalDay
2022-06-21,13000.0,-4173.0,0.0,100,375.07,417.0,0,0.0,0.0,,0.0,1,0.32,0.12,SPY220930C00492000,492.0,normalDay
2022-06-22,13000.0,-4241.0,0.0,100,374.39,417.0,0,0.0,0.0,,0.0,1,0.32,0.12,SPY220930C00492000,492.0,normalDay
2022-06-23,13000.0,-3874.0,0.0,100,378.06,417.0,0,0.0,0.0,,0.0,1,0.32,0.12,SPY220930C00492000,492.0,normalDay
2022-06-24,13000.0,-2678.0,0.0,100,390.08,417.0,0,0.0,0.0,,0.0,1,0.32,0.18,SPY220930C00492000,492.0,normalDay
2022-06-27,13000.0,-2824.0,0.0,100,388.59,417.0,0,0.0,0.0,,0.0,1,0.32,0.15,SPY220930C00492000,492.0,normalDay
2022-06-28,13000.0,-3614.0,0.0,100,380.65,417.0,0,0.0,0.0,,0.0,1,0.32,0.11,SPY220930C00492000,492.0,normalDay
2022-06-29,13000.0,-3645.0,0.0,100,380.34,417.0,0,0.0,0.0,,0.0,1,0.32,0.11,SPY220930C00492000,492.0,normalDay
2022-06-30,13000.0,-3952.0,0.0,100,377.25,417.0,0,0.0,0.0,,0.0,1,0.32,0.09,SPY220930C00492000,492.0,normalDay
2022-07-01,13000.0,-3552.0,0.0,100,381.24,417.0,0,0.0,0.0,,0.0,1,0.32,0.08,SPY220930C00492000,492.0,normalDay
2022-07-05,13000.0,-3480.0,0.0,100,381.96,417.0,0,0.0,0.0,,0.0,1,0.32,0.08,SPY220930C00492000,492.0,normalDay
2022-07-06,13000.0,-3350.0,0.0,100,383.25,417.0,0,0.0,0.0,,0.0,1,0.32,0.07,SPY220930C00492000,492.0,normalDay
2022-07-07,13000.0,-2778.0,0.0,100,388.99,417.0,0,0.0,0.0,,0.0,1,0.32,0.09,SPY220930C00492000,492.0,normalDay
2022-07-08,13000.0,-2809.0,0.0,100,388.67,417.0,0,0.0,0.0,,0.0,1,0.32,0.08,SPY220930C00492000,492.0,normalDay
2022-07-11,13000.0,-3251.0,0.0,100,384.23,417.0,0,0.0,0.0,,0.0,1,0.32,0.06,SPY220930C00492000,492.0,normalDay
2022-07-12,13000.0,-3590.0,0.0,100,380.83,417.0,0,0.0,0.0,,0.0,1,0.32,0.05,SPY220930C00492000,492.0,normalDay
2022-07-13,13000.0,-3790.0,0.0,100,378.83,417.0,0,0.0,0.0,,0.0,1,0.32,0.05,SPY220930C00492000,492.0,normalDay
2022-07-14,13000.0,-3882.0,0.0,100,377.91,417.0,0,0.0,0.0,,0.0,1,0.32,0.05,SPY220930C00492000,492.0,normalDay
2022-07-15,13000.0,-3161.0,0.0,100,385.13,417.0,0,0.0,0.0,,0.0,1,0.32,0.06,SPY220930C00492000,492.0,normalDay
2022-07-18,13000.0,-3478.0,0.0,100,381.95,417.0,0,0.0,0.0,,0.0,1,0.32,0.05,SPY220930C00492000,492.0,normalDay
2022-07-19,13000.0,-2450.0,0.0,100,392.27,417.0,0,0.0,0.0,,0.0,1,0.32,0.09,SPY220930C00492000,492.0,normalDay
2022-07-20,13000.0,-2201.0,0.0,100,394.77,417.0,0,0.0,0.0,,0.0,1,0.32,0.1,SPY220930C00492000,492.0,normalDay
2022-07-21,13000.0,-1798.0,0.0,100,398.79,417.0,0,0.0,0.0,,0.0,1,0.32,0.09,SPY220930C00492000,492.0,normalDay
2022-07-22,13000.0,-2166.0,0.0,100,395.09,417.0,0,0.0,0.0,,0.0,1,0.32,0.07,SPY220930C00492000,492.0,normalDay
2022-07-25,13000.0,-2116.0,0.0,100,395.57,417.0,0,0.0,0.0,,0.0,1,0.32,0.05,SPY220930C00492000,492.0,normalDay
2022-07-26,13000.0,-2583.0,0.0,100,390.89,417.0,0,0.0,0.0,,0.0,1,0.32,0.04,SPY220930C00492000,492.0,normalDay
2022-07-27,13000.0,-1570.0,0.0,100,401.04,417.0,0,0.0,0.0,,0.0,1,0.32,0.06,SPY220930C00492000,492.0,normalDay
2022-07-28,13000.0,-1068.0,0.0,100,406.07,417.0,0,0.0,0.0,,0.0,1,0.32,0.07,SPY220930C00492000,492.0,normalDay
2022-07-29,13000.0,-476.0,0.0,100,411.99,417.0,0,0.0,0.0,,0.0,1,0.32,0.07,SPY220930C00492000,492.0,normalDay
2022-08-01,13000.0,-597.0,0.0,100,410.77,417.0,0,0.0,0.0,,0.0,1,0.32,0.06,SPY220930C00492000,492.0,normalDay
2022-08-02,13000.0,-867.0,0.0,100,408.06,417.0,0,0.0,0.0,,0.0,1,0.32,0.05,SPY220930C00492000,492.0,normalDay
2022-08-03,13000.0,-229.0,0.0,100,414.45,417.0,0,0.0,0.0,,0.0,1,0.32,0.06,SPY220930C00492000,492.0,normalDay
2022-08-04,13000.0,-255.0,0.0,100,414.17,417.0,0,0.0,0.0,,0.0,1,0.32,0.04,SPY220930C00492000,492.0,normalDay
2022-08-05,13000.0,-324.0,0.0,100,413.47,417.0,0,0.0,0.0,,0.0,1,0.32,0.03,SPY220930C00492000,492.0,normalDay
2022-08-08,13000.0,-372.0,0.0,100,412.99,417.0,0,0.0,0.0,,0.0,1,0.32,0.03,SPY220930C00492000,492.0,normalDay
2022-08-09,13000.0,-536.0,0.0,100,411.35,417.0,0,0.0,0.0,,0.0,1,0.32,0.03,SPY220930C00492000,492.0,normalDay
2022-08-10,13000.0,327.0,0.0,100,419.99,417.0,0,0.0,0.0,,0.0,1,0.32,0.04,SPY220930C00492000,492.0,normalDay
2022-08-11,13000.0,327.0,0.0,100,419.99,417.0,0,0.0,0.0,,0.0,1,0.32,0.04,SPY220930C00492000,492.0,normalDay
2022-08-12,13000.0,1037.0,0.0,100,427.1,417.0,0,0.0,0.0,,0.0,1,0.32,0.05,SPY220930C00492000,492.0,normalDay
2022-08-15,13000.0,1213.0,0.0,100,428.86,417.0,0,0.0,0.0,,0.0,1,0.32,0.05,SPY220930C00492000,492.0,normalDay
2022-08-16,13000.0,1297.0,0.0,100,429.7,417.0,0,0.0,0.0,,0.0,1,0.32,0.05,SPY220930C00492000,492.0,normalDay
2022-08-17,13000.0,993.0,0.0,100,426.65,417.0,0,0.0,0.0,,0.0,1,0.32,0.04,SPY220930C00492000,492.0,normalDay
2022-08-18,13000.0,1118.0,0.0,100,427.89,417.0,0,0.0,0.0,,0.0,1,0.32,0.03,SPY220930C00492000,492.0,normalDay
2022-08-19,13000.0,544.0,0.0,100,422.14,417.0,0,0.0,0.0,,0.0,1,0.32,0.02,SPY220930C00492000,492.0,normalDay
2022-08-22,13000.0,-335.0,0.0,100,413.35,417.0,0,0.0,0.0,,0.0,1,0.32,0.02,SPY220930C00492000,492.0,normalDay
2022-08-23,13000.0,-435.0,0.0,100,412.35,417.0,0,0.0,0.0,,0.0,1,0.32,0.02,SPY220930C00492000,492.0,normalDay
2022-08-24,13000.0,-302.0,0.0,100,413.67,417.0,0,0.0,0.0,,0.0,1,0.32,0.01,SPY220930C00492000,492.0,normalDay
2022-08-25,13000.0,281.0,0.0,100,419.51,417.0,0,0.0,0.0,,0.0,1,0.32,0.02,SPY220930C00492000,492.0,normalDay
2022-08-26,13000.0,-1138.0,0.0,100,405.31,417.0,0,0.0,0.0,,0.0,1,0.32,0.01,SPY220930C00492000,492.0,normalDay
2022-08-29,13000.0,-1406.0,0.0,100,402.63,417.0,0,0.0,0.0,,0.0,1,0.32,0.01,SPY220930C00492000,492.0,normalDay
2022-08-30,13000.0,-1848.0,0.0,100,398.21,417.0,0,0.0,0.0,,0.0,1,0.32,0.01,SPY220930C00492000,492.0,normalDay
2022-08-31,13000.0,-2151.0,0.0,100,395.18,417.0,0,0.0,0.0,,0.0,1,0.32,0.01,SPY220930C00492000,492.0,normalDay
2022-09-01,13000.0,-2027.0,0.0,100,396.42,417.0,0,0.0,0.0,,0.0,1,0.32,0.01,SPY220930C00492000,492.0,normalDay
2022-09-02,13000.0,-2445.0,0.0,100,392.24,417.0,0,0.0,0.0,,0.0,1,0.32,0.01,SPY220930C00492000,492.0,normalDay
2022-09-06,13000.0,-2593.0,0.0,100,390.76,417.0,0,0.0,0.0,,0.0,1,0.32,0.01,SPY220930C00492000,492.0,normalDay
2022-09-07,13000.0,-1891.0,0.0,100,397.78,417.0,0,0.0,0.0,,0.0,1,0.32,0.01,SPY220930C00492000,492.0,normalDay
2022-09-08,13000.0,-1631.0,0.0,100,400.38,417.0,0,0.0,0.0,,0.0,1,0.32,0.01,SPY220930C00492000,492.0,normalDay
2022-09-09,13000.0,-1009.0,0.0,100,406.6,417.0,0,0.0,0.0,,0.0,1,0.32,0.01,SPY220930C00492000,492.0,normalDay
2022-09-12,13000.0,-572.0,0.0,100,410.97,417.0,0,0.0,0.0,,0.0,1,0.32,0.01,SPY220930C00492000,492.0,normalDay
2022-09-13,13000.0,-2359.0,0.0,100,393.1,417.0,0,0.0,0.0,,0.0,1,0.32,0.01,SPY220930C00492000,492.0,normalDay
2022-09-14,13000.0,-2209.0,0.0,100,394.6,417.0,0,0.0,0.0,,0.0,1,0.32,0.01,SPY220930C00492000,492.0,normalDay
2022-09-15,13000.0,-2657.0,0.0,100,390.12,417.0,0,0.0,0.0,,0.0,1,0.32,0.01,SPY220930C00492000,492.0,normalDay
2022-09-16,13000.0,-3113.0,0.0,100,385.56,417.0,0,0.0,0.0,,0.0,1,0.32,0.01,SPY220930C00492000,492.0,normalDay
2022-09-19,13000.0,-2814.0,0.0,100,388.55,417.0,0,0.0,0.0,,0.0,1,0.32,0.01,SPY220930C00492000,492.0,normalDay
2022-09-20,13000.0,-3260.0,0.0,100,384.09,417.0,0,0.0,0.0,,0.0,1,0.32,0.01,SPY220930C00492000,492.0,normalDay
2022-09-21,13000.0,-3930.0,0.0,100,377.39,417.0,0,0.0,0.0,,0.0,1,0.32,0.01,SPY220930C00492000,492.0,normalDay
2022-09-22,13000.0,-4247.0,0.0,100,374.22,417.0,0,0.0,0.0,,0.0,1,0.32,0.01,SPY220930C00492000,492.0,normalDay
2022-09-23,13000.0,-4874.0,0.0,100,367.95,417.0,0,0.0,0.0,,0.0,1,0.32,0.01,SPY220930C00492000,492.0,normalDay
2022-09-26,13000.0,-5238.0,0.0,100,364.31,417.0,0,0.0,0.0,,0.0,1,0.32,0.01,SPY220930C00492000,492.0,normalDay
2022-09-27,13000.0,-5331.0,0.0,100,363.38,417.0,0,0.0,0.0,,0.0,1,0.32,0.01,SPY220930C00492000,492.0,normalDay
2022-09-28,13000.0,-4616.0,0.0,100,370.53,417.0,0,0.0,0.0,,0.0,1,0.32,0.01,SPY220930C00492000,492.0,normalDay
2022-09-29,13000.0,-5390.0,0.0,100,362.79,417.0,0,0.0,0.0,,0.0,1,0.32,0.01,SPY220930C00492000,492.0,normalDay
2022-09-30,13032.0,-5982.0,32.0,100,357.18,417.0,0,0.0,0.0,,0.0,1,0.32,0.0,SPY220930C00492000,492.0,expirationDay
2022-10-03,13032.0,-5042.0,0.0,100,366.61,417.0,0,0.0,0.0,,0.0,1,0.5,0.53,SPY230120C00455000,455.0,normalDay
2022-10-04,13032.0,-3949.0,0.0,100,377.97,417.0,0,0.0,0.0,,0.0,1,0.5,0.96,SPY230120C00455000,455.0,normalDay
2022-10-05,13032.0,-4022.0,0.0,100,377.09,417.0,0,0.0,0.0,,0.0,1,0.5,0.81,SPY230120C00455000,455.0,normalDay
2022-10-06,13032.0,-4398.0,0.0,100,373.2,417.0,0,0.0,0.0,,0.0,1,0.5,0.68,SPY230120C00455000,455.0,normalDay
2022-10-07,13032.0,-5413.0,0.0,100,362.79,417.0,0,0.0,0.0,,0.0,1,0.5,0.42,SPY230120C00455000,455.0,normalDay
2022-10-10,13032.0,-5692.0,0.0,100,360.02,417.0,0,0.0,0.0,,0.0,1,0.5,0.44,SPY230120C00455000,455.0,normalDay
2022-10-11,13032.0,-5919.0,0.0,100,357.74,417.0,0,0.0,0.0,,0.0,1,0.5,0.43,SPY230120C00455000,455.0,normalDay
2022-10-12,13032.0,-6036.0,0.0,100,356.56,417.0,0,0.0,0.0,,0.0,1,0.5,0.42,SPY230120C00455000,455.0,normalDay
2022-10-13,13032.0,-5118.0,0.0,100,365.97,417.0,0,0.0,0.0,,0.0,1,0.5,0.65,SPY230120C00455000,455.0,normalDay
2022-10-14,13032.0,-5929.0,0.0,100,357.63,417.0,0,0.0,0.0,,0.0,1,0.5,0.42,SPY230120C00455000,455.0,normalDay
2022-10-17,13032.0,-5031.0,0.0,100,366.82,417.0,0,0.0,0.0,,0.0,1,0.5,0.63,SPY230120C00455000,455.0,normalDay
2022-10-18,13032.0,-4612.0,0.0,100,371.13,417.0,0,0.0,0.0,,0.0,1,0.5,0.75,SPY230120C00455000,455.0,normalDay
2022-10-19,13032.0,-4860.0,0.0,100,368.5,417.0,0,0.0,0.0,,0.0,1,0.5,0.6,SPY230120C00455000,455.0,normalDay
2022-10-20,13032.0,-5153.0,0.0,100,365.41,417.0,0,0.0,0.0,,0.0,1,0.5,0.44,SPY230120C00455000,455.0,normalDay
2022-10-21,13032.0,-4302.0,0.0,100,374.29,417.0,0,0.0,0.0,,0.0,1,0.5,0.81,SPY230120C00455000,455.0,normalDay
2022-10-24,13032.0,-3862.0,0.0,100,378.87,417.0,0,0.0,0.0,,0.0,1,0.5,0.99,SPY230120C00455000,455.0,normalDay
2022-10-25,13032.0,-3263.0,0.0,100,384.92,417.0,0,0.0,0.0,,0.0,1,0.5,1.05,SPY230120C00455000,455.0,normalDay
2022-10-26,13032.0,-3531.0,0.0,100,382.02,417.0,0,0.0,0.0,,0.0,1,0.5,0.83,SPY230120C00455000,455.0,normalDay
2022-10-27,13032.0,-3702.0,0.0,100,379.98,417.0,0,0.0,0.0,,0.0,1,0.5,0.5,SPY230120C00455000,455.0,normalDay
2022-10-28,13032.0,-2847.0,0.0,100,389.02,417.0,0,0.0,0.0,,0.0,1,0.5,0.99,SPY230120C00455000,455.0,normalDay
2022-10-31,13032.0,-3101.0,0.0,100,386.21,417.0,0,0.0,0.0,,0.0,1,0.5,0.72,SPY230120C00455000,455.0,normalDay
2022-11-01,13032.0,-3259.0,0.0,100,384.52,417.0,0,0.0,0.0,,0.0,1,0.5,0.61,SPY230120C00455000,455.0,normalDay
2022-11-02,13032.0,-4195.0,0.0,100,374.87,417.0,0,0.0,0.0,,0.0,1,0.5,0.32,SPY230120C00455000,455.0,normalDay
2022-11-03,13032.0,-4571.0,0.0,100,371.01,417.0,0,0.0,0.0,,0.0,1,0.5,0.22,SPY230120C00455000,455.0,normalDay
2022-11-04,13032.0,-4042.0,0.0,100,376.35,417.0,0,0.0,0.0,,0.0,1,0.5,0.27,SPY230120C00455000,455.0,normalDay
2022-11-07,13032.0,-3686.0,0.0,100,379.95,417.0,0,0.0,0.0,,0.0,1,0.5,0.31,SPY230120C00455000,455.0,normalDay
2022-11-08,13032.0,-3486.0,0.0,100,382.0,417.0,0,0.0,0.0,,0.0,1,0.5,0.36,SPY230120C00455000,455.0,normalDay
2022-11-09,13032.0,-4259.0,0.0,100,374.13,417.0,0,0.0,0.0,,0.0,1,0.5,0.22,SPY230120C00455000,455.0,normalDay
2022-11-10,13032.0,-2261.0,0.0,100,394.69,417.0,0,0.0,0.0,,0.0,1,0.5,0.8,SPY230120C00455000,455.0,normalDay
2022-11-11,13032.0,-1873.0,0.0,100,398.51,417.0,0,0.0,0.0,,0.0,1,0.5,0.74,SPY230120C00455000,455.0,normalDay
2022-11-14,13032.0,-2191.0,0.0,100,395.12,417.0,0,0.0,0.0,,0.0,1,0.5,0.53,SPY230120C00455000,455.0,normalDay
2022-11-15,13032.0,-1864.0,0.0,100,398.49,417.0,0,0.0,0.0,,0.0,1,0.5,0.63,SPY230120C00455000,455.0,normalDay
2022-11-16,13032.0,-2150.0,0.0,100,395.45,417.0,0,0.0,0.0,,0.0,1,0.5,0.45,SPY230120C00455000,455.0,normalDay
2022-11-17,13032.0,-2264.0,0.0,100,394.24,417.0,0,0.0,0.0,,0.0,1,0.5,0.38,SPY230120C00455000,455.0,normalDay
2022-11-18,13032.0,-2083.0,0.0,100,396.03,417.0,0,0.0,0.0,,0.0,1,0.5,0.36,SPY230120C00455000,455.0,normalDay
2022-11-21,13032.0,-2216.0,0.0,100,394.59,417.0,0,0.0,0.0,,0.0,1,0.5,0.25,SPY230120C00455000,455.0,normalDay
2022-11-22,13032.0,-1689.0,0.0,100,399.9,417.0,0,0.0,0.0,,0.0,1,0.5,0.29,SPY230120C00455000,455.0,normalDay
2022-11-23,13032.0,-1435.0,0.0,100,402.42,417.0,0,0.0,0.0,,0.0,1,0.5,0.27,SPY230120C00455000,455.0,normalDay
2022-11-25,13032.0,-1441.0,0.0,100,402.33,417.0,0,0.0,0.0,,0.0,1,0.5,0.24,SPY230120C00455000,455.0,normalDay
2022-11-28,13032.0,-2074.0,0.0,100,395.91,417.0,0,0.0,0.0,,0.0,1,0.5,0.15,SPY230120C00455000,455.0,normalDay
2022-11-29,13032.0,-2140.0,0.0,100,395.23,417.0,0,0.0,0.0,,0.0,1,0.5,0.13,SPY230120C00455000,455.0,normalDay
2022-11-30,13032.0,-919.0,0.0,100,407.68,417.0,0,0.0,0.0,,0.0,1,0.5,0.37,SPY230120C00455000,455.0,normalDay
2022-12-01,13032.0,-945.0,0.0,100,407.38,417.0,0,0.0,0.0,,0.0,1,0.5,0.33,SPY230120C00455000,455.0,normalDay
2022-12-02,13032.0,-981.0,0.0,100,406.91,417.0,0,0.0,0.0,,0.0,1,0.5,0.22,SPY230120C00455000,455.0,normalDay
2022-12-05,13032.0,-1704.0,0.0,100,399.59,417.0,0,0.0,0.0,,0.0,1,0.5,0.13,SPY230120C00455000,455.0,normalDay
2022-12-06,13032.0,-2278.0,0.0,100,393.83,417.0,0,0.0,0.0,,0.0,1,0.5,0.11,SPY230120C00455000,455.0,normalDay
2022-12-07,13032.0,-2344.0,0.0,100,393.16,417.0,0,0.0,0.0,,0.0,1,0.5,0.1,SPY230120C00455000,455.0,normalDay
2022-12-08,13032.0,-2038.0,0.0,100,396.24,417.0,0,0.0,0.0,,0.0,1,0.5,0.12,SPY230120C00455000,455.0,normalDay
2022-12-09,13032.0,-2332.0,0.0,100,393.28,417.0,0,0.0,0.0,,0.0,1,0.5,0.1,SPY230120C00455000,455.0,normalDay
2022-12-12,13032.0,-1776.0,0.0,100,398.95,417.0,0,0.0,0.0,,0.0,1,0.5,0.21,SPY230120C00455000,455.0,normalDay
2022-12-13,13032.0,-1468.0,0.0,100,401.97,417.0,0,0.0,0.0,,0.0,1,0.5,0.15,SPY230120C00455000,455.0,normalDay
2022-12-14,13032.0,-1718.0,0.0,100,399.4,417.0,0,0.0,0.0,,0.0,1,0.5,0.08,SPY230120C00455000,455.0,normalDay
2022-12-15,13032.0,-2693.0,0.0,100,389.63,417.0,0,0.0,0.0,,0.0,1,0.5,0.06,SPY230120C00455000,455.0,normalDay
2022-12-16,13032.0,-3328.0,0.0,100,383.27,417.0,0,0.0,0.0,,0.0,1,0.5,0.05,SPY230120C00455000,455.0,normalDay
2022-12-19,13032.0,-3651.0,0.0,100,380.02,417.0,0,0.0,0.0,,0.0,1,0.5,0.03,SPY230120C00455000,455.0,normalDay
2022-12-20,13032.0,-3599.0,0.0,100,380.54,417.0,0,0.0,0.0,,0.0,1,0.5,0.03,SPY230120C00455000,455.0,normalDay
2022-12-21,13032.0,-3030.0,0.0,100,386.23,417.0,0,0.0,0.0,,0.0,1,0.5,0.03,SPY230120C00455000,455.0,normalDay
2022-12-22,13032.0,-3581.0,0.0,100,380.72,417.0,0,0.0,0.0,,0.0,1,0.5,0.03,SPY230120C00455000,455.0,normalDay
2022-12-23,13032.0,-3361.0,0.0,100,382.91,417.0,0,0.0,0.0,,0.0,1,0.5,0.02,SPY230120C00455000,455.0,normalDay
2022-12-27,13032.0,-3512.0,0.0,100,381.4,417.0,0,0.0,0.0,,0.0,1,0.5,0.02,SPY230120C00455000,455.0,normalDay
2022-12-28,13032.0,-3986.0,0.0,100,376.66,417.0,0,0.0,0.0,,0.0,1,0.5,0.02,SPY230120C00455000,455.0,normalDay
2022-12-29,13032.0,-3308.0,0.0,100,383.44,417.0,0,0.0,0.0,,0.0,1,0.5,0.02,SPY230120C00455000,455.0,normalDay
2022-12-30,13032.0,-3409.0,0.0,100,382.43,417.0,0,0.0,0.0,,0.0,1,0.5,0.02,SPY230120C00455000,455.0,normalDay
2023-01-03,13032.0,-3569.0,0.0,100,380.82,417.0,0,0.0,0.0,,0.0,1,0.5,0.01,SPY230120C00455000,455.0,normalDay
2023-01-04,13032.0,-3275.0,0.0,100,383.76,417.0,0,0.0,0.0,,0.0,1,0.5,0.01,SPY230120C00455000,455.0,normalDay
2023-01-05,13032.0,-3713.0,0.0,100,379.38,417.0,0,0.0,0.0,,0.0,1,0.5,0.01,SPY230120C00455000,455.0,normalDay
2023-01-06,13032.0,-2843.0,0.0,100,388.08,417.0,0,0.0,0.0,,0.0,1,0.5,0.01,SPY230120C00455000,455.0,normalDay
2023-01-09,13032.0,-2865.0,0.0,100,387.86,417.0,0,0.0,0.0,,0.0,1,0.5,0.01,SPY230120C00455000,455.0,normalDay
2023-01-10,13032.0,-2593.0,0.0,100,390.58,417.0,0,0.0,0.0,,0.0,1,0.5,0.01,SPY230120C00455000,455.0,normalDay
2023-01-11,13032.0,-2099.0,0.0,100,395.52,417.0,0,0.0,0.0,,0.0,1,0.5,0.01,SPY230120C00455000,455.0,normalDay
2023-01-12,13032.0,-1955.0,0.0,100,396.96,417.0,0,0.0,0.0,,0.0,1,0.5,0.01,SPY230120C00455000,455.0,normalDay
2023-01-13,13032.0,-1801.0,0.0,100,398.5,417.0,0,0.0,0.0,,0.0,1,0.5,0.01,SPY230120C00455000,455.0,normalDay
2023-01-17,13032.0,-1874.0,0.0,100,397.77,417.0,0,0.0,0.0,,0.0,1,0.5,0.01,SPY230120C00455000,455.0,normalDay
2023-01-18,13032.0,-2502.0,0.0,100,391.49,417.0,0,0.0,0.0,,0.0,1,0.5,0.01,SPY230120C00455000,455.0,normalDay
2023-01-19,13032.0,-2787.0,0.0,100,388.64,417.0,0,0.0,0.0,,0.0,1,0.5,0.01,SPY230120C00455000,455.0,normalDay
2023-01-20,13082.0,-2112.0,50.0,100,395.88,417.0,0,0.0,0.0,,0.0,1,0.5,0.0,SPY230120C00455000,455.0,expirationDay
2023-01-23,13082.0,-1645.0,0.0,100,400.63,417.0,0,0.0,0.0,,0.0,1,6.92,7.0,SPY230519C00425000,425.0,normalDay
2023-01-24,13082.0,-1679.0,0.0,100,400.2,417.0,0,0.0,0.0,,0.0,1,6.92,6.91,SPY230519C00425000,425.0,normalDay
2023-01-25,13082.0,-1610.0,0.0,100,400.35,417.0,0,0.0,0.0,,0.0,1,6.92,6.37,SPY230519C00425000,425.0,normalDay
2023-01-26,13082.0,-1305.0,0.0,100,404.75,417.0,0,0.0,0.0,,0.0,1,6.92,7.72,SPY230519C00425000,425.0,normalDay
2023-01-27,13082.0,-1237.0,0.0,100,405.68,417.0,0,0.0,0.0,,0.0,1,6.92,7.97,SPY230519C00425000,425.0,normalDay
2023-01-30,13082.0,-1597.0,0.0,100,400.59,417.0,0,0.0,0.0,,0.0,1,6.92,6.48,SPY230519C00425000,425.0,normalDay
2023-01-31,13082.0,-1165.0,0.0,100,406.48,417.0,0,0.0,0.0,,0.0,1,6.92,8.05,SPY230519C00425000,425.0,normalDay
2023-02-01,13082.0,-934.0,0.0,100,410.8,417.0,0,0.0,0.0,,0.0,1,6.92,10.06,SPY230519C00425000,425.0,normalDay
2023-02-02,13082.0,-581.0,0.0,100,416.78,417.0,0,0.0,0.0,,0.0,1,6.92,12.51,SPY230519C00425000,425.0,normalDay
2023-02-03,13082.0,-829.0,0.0,100,412.35,417.0,0,0.0,0.0,,0.0,1,6.92,10.56,SPY230519C00425000,425.0,normalDay
2023-02-06,13082.0,-986.0,0.0,100,409.83,417.0,0,0.0,0.0,,0.0,1,6.92,9.61,SPY230519C00425000,425.0,normalDay
2023-02-07,13082.0,-636.0,0.0,100,415.19,417.0,0,0.0,0.0,,0.0,1,6.92,11.47,SPY230519C00425000,425.0,normalDay
2023-02-08,13082.0,-956.0,0.0,100,410.65,417.0,0,0.0,0.0,,0.0,1,6.92,10.13,SPY230519C00425000,425.0,normalDay
2023-02-09,13082.0,-1183.0,0.0,100,407.09,417.0,0,0.0,0.0,,0.0,1,6.92,8.84,SPY230519C00425000,425.0,normalDay
2023-02-10,13082.0,-1113.0,0.0,100,408.04,417.0,0,0.0,0.0,,0.0,1,6.92,9.09,SPY230519C00425000,425.0,normalDay
2023-02-13,13082.0,-820.0,0.0,100,412.83,417.0,0,0.0,0.0,,0.0,1,6.92,10.95,SPY230519C00425000,425.0,normalDay
2023-02-14,13082.0,-728.0,0.0,100,412.64,417.0,0,0.0,0.0,,0.0,1,6.92,9.84,SPY230519C00425000,425.0,normalDay
2023-02-15,13082.0,-647.0,0.0,100,413.98,417.0,0,0.0,0.0,,0.0,1,6.92,10.37,SPY230519C00425000,425.0,normalDay
2023-02-16,13082.0,-982.0,0.0,100,408.28,417.0,0,0.0,0.0,,0.0,1,6.92,8.02,SPY230519C00425000,425.0,normalDay
2023-02-17,13082.0,-1028.0,0.0,100,407.26,417.0,0,0.0,0.0,,0.0,1,6.92,7.46,SPY230519C00425000,425.0,normalDay
2023-02-21,13082.0,-1608.0,0.0,100,399.09,417.0,0,0.0,0.0,,0.0,1,6.92,5.09,SPY230519C00425000,425.0,normalDay
2023-02-22,13082.0,-1613.0,0.0,100,398.54,417.0,0,0.0,0.0,,0.0,1,6.92,4.59,SPY230519C00425000,425.0,normalDay
2023-02-23,13082.0,-1409.0,0.0,100,400.66,417.0,0,0.0,0.0,,0.0,1,6.92,4.67,SPY230519C00425000,425.0,normalDay
2023-02-24,13082.0,-1751.0,0.0,100,396.38,417.0,0,0.0,0.0,,0.0,1,6.92,3.81,SPY230519C00425000,425.0,normalDay
2023-02-27,13082.0,-1615.0,0.0,100,397.73,417.0,0,0.0,0.0,,0.0,1,6.92,3.8,SPY230519C00425000,425.0,normalDay
2023-02-28,13082.0,-1695.0,0.0,100,396.26,417.0,0,0.0,0.0,,0.0,1,6.92,3.13,SPY230519C00425000,425.0,normalDay
2023-03-01,13082.0,-1831.0,0.0,100,394.74,417.0,0,0.0,0.0,,0.0,1,6.92,2.97,SPY230519C00425000,425.0,normalDay
2023-03-02,13082.0,-1565.0,0.0,100,397.81,417.0,0,0.0,0.0,,0.0,1,6.92,3.38,SPY230519C00425000,425.0,normalDay
2023-03-03,13082.0,-1082.0,0.0,100,404.19,417.0,0,0.0,0.0,,0.0,1,6.92,4.93,SPY230519C00425000,425.0,normalDay
2023-03-06,13082.0,-1042.0,0.0,100,404.47,417.0,0,0.0,0.0,,0.0,1,6.92,4.81,SPY230519C00425000,425.0,normalDay
2023-03-07,13082.0,-1507.0,0.0,100,398.27,417.0,0,0.0,0.0,,0.0,1,6.92,3.26,SPY230519C00425000,425.0,normalDay
2023-03-08,13082.0,-1431.0,0.0,100,398.92,417.0,0,0.0,0.0,,0.0,1,6.92,3.15,SPY230519C00425000,425.0,normalDay
2023-03-09,13082.0,-2075.0,0.0,100,391.56,417.0,0,0.0,0.0,,0.0,1,6.92,2.23,SPY230519C00425000,425.0,normalDay
2023-03-10,13082.0,-2559.0,0.0,100,385.91,417.0,0,0.0,0.0,,0.0,1,6.92,1.42,SPY230519C00425000,425.0,normalDay
2023-03-13,13082.0,-2624.0,0.0,100,385.36,417.0,0,0.0,0.0,,0.0,1,6.92,1.52,SPY230519C00425000,425.0,normalDay
2023-03-14,13082.0,-2017.0,0.0,100,391.73,417.0,0,0.0,0.0,,0.0,1,6.92,1.82,SPY230519C00425000,425.0,normalDay
2023-03-15,13082.0,-2244.0,0.0,100,389.28,417.0,0,0.0,0.0,,0.0,1,6.92,1.64,SPY230519C00425000,425.0,normalDay
2023-03-16,13082.0,-1634.0,0.0,100,396.11,417.0,0,0.0,0.0,,0.0,1,6.92,2.37,SPY230519C00425000,425.0,normalDay
2023-03-17,13082.0,-2215.0,0.0,100,389.99,417.0,0,0.0,0.0,,0.0,1,6.92,2.06,SPY230519C00425000,425.0,normalDay
2023-03-20,13082.0,-1854.0,0.0,100,393.74,417.0,0,0.0,0.0,,0.0,1,6.92,2.2,SPY230519C00425000,425.0,normalDay
2023-03-21,13082.0,-1408.0,0.0,100,398.91,417.0,0,0.0,0.0,,0.0,1,6.92,2.91,SPY230519C00425000,425.0,normalDay
2023-03-22,13082.0,-1963.0,0.0,100,392.11,417.0,0,0.0,0.0,,0.0,1,6.92,1.66,SPY230519C00425000,425.0,normalDay
2023-03-23,13082.0,-1870.0,0.0,100,393.17,417.0,0,0.0,0.0,,0.0,1,6.92,1.79,SPY230519C00425000,425.0,normalDay
2023-03-24,13082.0,-1632.0,0.0,100,395.75,417.0,0,0.0,0.0,,0.0,1,6.92,1.99,SPY230519C00425000,425.0,normalDay
2023-03-27,13082.0,-1533.0,0.0,100,396.49,417.0,0,0.0,0.0,,0.0,1,6.92,1.74,SPY230519C00425000,425.0,normalDay
2023-03-28,13082.0,-1601.0,0.0,100,395.6,417.0,0,0.0,0.0,,0.0,1,6.92,1.53,SPY230519C00425000,425.0,normalDay
2023-03-29,13082.0,-1098.0,0.0,100,401.35,417.0,0,0.0,0.0,,0.0,1,6.92,2.25,SPY230519C00425000,425.0,normalDay
2023-03-30,13082.0,-901.0,0.0,100,403.7,417.0,0,0.0,0.0,,0.0,1,6.92,2.63,SPY230519C00425000,425.0,normalDay
2023-03-31,13082.0,-489.0,0.0,100,409.39,417.0,0,0.0,0.0,,0.0,1,6.92,4.2,SPY230519C00425000,425.0,normalDay
2023-04-03,13082.0,-340.0,0.0,100,410.95,417.0,0,0.0,0.0,,0.0,1,6.92,4.27,SPY230519C00425000,425.0,normalDay
2023-04-04,13082.0,-485.0,0.0,100,408.67,417.0,0,0.0,0.0,,0.0,1,6.92,3.44,SPY230519C00425000,425.0,normalDay
2023-04-05,13082.0,-546.0,0.0,100,407.6,417.0,0,0.0,0.0,,0.0,1,6.92,2.98,SPY230519C00425000,425.0,normalDay
2023-04-06,13082.0,-403.0,0.0,100,409.19,417.0,0,0.0,0.0,,0.0,1,6.92,3.14,SPY230519C00425000,425.0,normalDay
2023-04-10,13082.0,-359.0,0.0,100,409.61,417.0,0,0.0,0.0,,0.0,1,6.92,3.12,SPY230519C00425000,425.0,normalDay
2023-04-11,13082.0,-338.0,0.0,100,409.72,417.0,0,0.0,0.0,,0.0,1,6.92,3.02,SPY230519C00425000,425.0,normalDay
2023-04-12,13082.0,-423.0,0.0,100,408.05,417.0,0,0.0,0.0,,0.0,1,6.92,2.2,SPY230519C00425000,425.0,normalDay
2023-04-13,13082.0,-9.0,0.0,100,413.47,417.0,0,0.0,0.0,,0.0,1,6.92,3.48,SPY230519C00425000,425.0,normalDay
2023-04-14,13082.0,-46.0,0.0,100,412.46,417.0,0,0.0,0.0,,0.0,1,6.92,2.84,SPY230519C00425000,425.0,normalDay
2023-04-17,13082.0,96.0,0.0,100,413.94,417.0,0,0.0,0.0,,0.0,1,6.92,2.9,SPY230519C00425000,425.0,normalDay
2023-04-18,13082.0,151.0,0.0,100,414.21,417.0,0,0.0,0.0,,0.0,1,6.92,2.62,SPY230519C00425000,425.0,normalDay
2023-04-19,13082.0,167.0,0.0,100,414.14,417.0,0,0.0,0.0,,0.0,1,6.92,2.39,SPY230519C00425000,425.0,normalDay
2023-04-20,13082.0,3.0,0.0,100,411.88,417.0,0,0.0,0.0,,0.0,1,6.92,1.77,SPY230519C00425000,425.0,normalDay
2023-04-21,13082.0,55.0,0.0,100,412.2,417.0,0,0.0,0.0,,0.0,1,6.92,1.57,SPY230519C00425000,425.0,normalDay
2023-04-24,13082.0,110.0,0.0,100,412.63,417.0,0,0.0,0.0,,0.0,1,6.92,1.45,SPY230519C00425000,425.0,normalDay
2023-04-25,13082.0,-471.0,0.0,100,406.08,417.0,0,0.0,0.0,,0.0,1,6.92,0.71,SPY230519C00425000,425.0,normalDay
2023-04-26,13082.0,-610.0,0.0,100,404.36,417.0,0,0.0,0.0,,0.0,1,6.92,0.38,SPY230519C00425000,425.0,normalDay
2023-04-27,13082.0,101.0,0.0,100,412.41,417.0,0,0.0,0.0,,0.0,1,6.92,1.32,SPY230519C00425000,425.0,normalDay
2023-04-28,13082.0,414.0,0.0,100,415.93,417.0,0,0.0,0.0,,0.0,1,6.92,1.71,SPY230519C00425000,425.0,normalDay
2023-05-01,13082.0,403.0,0.0,100,415.51,417.0,0,0.0,0.0,,0.0,1,6.92,1.4,SPY230519C00425000,425.0,normalDay
2023-05-02,13082.0,11.0,0.0,100,410.84,417.0,0,0.0,0.0,,0.0,1,6.92,0.65,SPY230519C00425000,425.0,normalDay
2023-05-03,13082.0,-249.0,0.0,100,408.02,417.0,0,0.0,0.0,,0.0,1,6.92,0.43,SPY230519C00425000,425.0,normalDay
2023-05-04,13082.0,-514.0,0.0,100,405.13,417.0,0,0.0,0.0,,0.0,1,6.92,0.19,SPY230519C00425000,425.0,normalDay
2023-05-05,13082.0,215.0,0.0,100,412.63,417.0,0,0.0,0.0,,0.0,1,6.92,0.4,SPY230519C00425000,425.0,normalDay
2023-05-08,13082.0,241.0,0.0,100,412.74,417.0,0,0.0,0.0,,0.0,1,6.92,0.25,SPY230519C00425000,425.0,normalDay
2023-05-09,13082.0,67.0,0.0,100,410.93,417.0,0,0.0,0.0,,0.0,1,6.92,0.18,SPY230519C00425000,425.0,normalDay
2023-05-10,13082.0,260.0,0.0,100,412.85,417.0,0,0.0,0.0,,0.0,1,6.92,0.17,SPY230519C00425000,425.0,normalDay
2023-05-11,13082.0,198.0,0.0,100,412.13,417.0,0,0.0,0.0,,0.0,1,6.92,0.07,SPY230519C00425000,425.0,normalDay
2023-05-12,13082.0,148.0,0.0,100,411.59,417.0,0,0.0,0.0,,0.0,1,6.92,0.03,SPY230519C00425000,425.0,normalDay
2023-05-15,13082.0,290.0,0.0,100,413.01,417.0,0,0.0,0.0,,0.0,1,6.92,0.03,SPY230519C00425000,425.0,normalDay
2023-05-16,13082.0,14.0,0.0,100,410.25,417.0,0,0.0,0.0,,0.0,1,6.92,0.03,SPY230519C00425000,425.0,normalDay
2023-05-17,13082.0,511.0,0.0,100,415.23,417.0,0,0.0,0.0,,0.0,1,6.92,0.04,SPY230519C00425000,425.0,normalDay
2023-05-18,13082.0,909.0,0.0,100,419.23,417.0,0,0.0,0.0,,0.0,1,6.92,0.06,SPY230519C00425000,425.0,normalDay
2023-05-19,13774.0,162.0,692.0,100,418.62,417.0,0,0.0,0.0,,0.0,1,6.92,0.0,SPY230519C00425000,425.0,expirationDay
2023-05-22,13774.0,168.0,0.0,100,418.79,417.0,0,0.0,0.0,,0.0,1,11.91,12.02,SPY230929C00430000,430.0,normalDay
2023-05-23,13774.0,-80.0,0.0,100,414.09,417.0,0,0.0,0.0,,0.0,1,11.91,9.8,SPY230929C00430000,430.0,normalDay
2023-05-24,13774.0,-269.0,0.0,100,411.09,417.0,0,0.0,0.0,,0.0,1,11.91,8.69,SPY230929C00430000,430.0,normalDay
2023-05-25,13774.0,-25.0,0.0,100,414.65,417.0,0,0.0,0.0,,0.0,1,11.91,9.81,SPY230929C00430000,430.0,normalDay
2023-05-26,13774.0,258.0,0.0,100,420.02,417.0,0,0.0,0.0,,0.0,1,11.91,12.35,SPY230929C00430000,430.0,normalDay
2023-05-30,13774.0,305.0,0.0,100,420.18,417.0,0,0.0,0.0,,0.0,1,11.91,12.04,SPY230929C00430000,430.0,normalDay
2023-05-31,13774.0,232.0,0.0,100,417.85,417.0,0,0.0,0.0,,0.0,1,11.91,10.44,SPY230929C00430000,430.0,normalDay
2023-06-01,13774.0,476.0,0.0,100,421.82,417.0,0,0.0,0.0,,0.0,1,11.91,11.97,SPY230929C00430000,430.0,normalDay
2023-06-02,13774.0,756.0,0.0,100,427.92,417.0,0,0.0,0.0,,0.0,1,11.91,15.27,SPY230929C00430000,430.0,normalDay
2023-06-05,13774.0,755.0,0.0,100,427.1,417.0,0,0.0,0.0,,0.0,1,11.91,14.46,SPY230929C00430000,430.0,normalDay
2023-06-06,13774.0,834.0,0.0,100,428.03,417.0,0,0.0,0.0,,0.0,1,11.91,14.6,SPY230929C00430000,430.0,normalDay
2023-06-07,13774.0,811.0,0.0,100,426.55,417.0,0,0.0,0.0,,0.0,1,11.91,13.35,SPY230929C00430000,430.0,normalDay
2023-06-08,13774.0,960.0,0.0,100,429.13,417.0,0,0.0,0.0,,0.0,1,11.91,14.44,SPY230929C00430000,430.0,normalDay
2023-06-09,13774.0,957.0,0.0,100,429.9,417.0,0,0.0,0.0,,0.0,1,11.91,15.24,SPY230929C00430000,430.0,normalDay
2023-06-12,13774.0,1108.0,0.0,100,433.8,417.0,0,0.0,0.0,,0.0,1,11.91,17.63,SPY230929C00430000,430.0,normalDay
2023-06-13,13774.0,1177.0,0.0,100,436.66,417.0,0,0.0,0.0,,0.0,1,11.91,19.8,SPY230929C00430000,430.0,normalDay
2023-06-14,13774.0,1193.0,0.0,100,437.18,417.0,0,0.0,0.0,,0.0,1,11.91,20.16,SPY230929C00430000,430.0,normalDay
2023-06-15,13774.0,1379.0,0.0,100,442.6,417.0,0,0.0,0.0,,0.0,1,11.91,23.72,SPY230929C00430000,430.0,normalDay
2023-06-16,13774.0,1135.0,0.0,100,439.46,417.0,0,0.0,0.0,,0.0,1,11.91,23.02,SPY230929C00430000,430.0,normalDay
2023-06-20,13774.0,1139.0,0.0,100,437.18,417.0,0,0.0,0.0,,0.0,1,11.91,20.7,SPY230929C00430000,430.0,normalDay
2023-06-21,13774.0,1078.0,0.0,100,434.94,417.0,0,0.0,0.0,,0.0,1,11.91,19.07,SPY230929C00430000,430.0,normalDay
2023-06-22,13774.0,1182.0,0.0,100,436.51,417.0,0,0.0,0.0,,0.0,1,11.91,19.6,SPY230929C00430000,430.0,normalDay
2023-06-23,13774.0,1076.0,0.0,100,433.21,417.0,0,0.0,0.0,,0.0,1,11.91,17.36,SPY230929C00430000,430.0,normalDay
2023-06-26,13774.0,1033.0,0.0,100,431.44,417.0,0,0.0,0.0,,0.0,1,11.91,16.02,SPY230929C00430000,430.0,normalDay
2023-06-27,13774.0,1247.0,0.0,100,436.17,417.0,0,0.0,0.0,,0.0,1,11.91,18.61,SPY230929C00430000,430.0,normalDay
2023-06-28,13774.0,1243.0,0.0,100,436.39,417.0,0,0.0,0.0,,0.0,1,11.91,18.87,SPY230929C00430000,430.0,normalDay
2023-06-29,13774.0,1312.0,0.0,100,438.11,417.0,0,0.0,0.0,,0.0,1,11.91,19.9,SPY230929C00430000,430.0,normalDay
2023-06-30,13774.0,1429.0,0.0,100,443.28,417.0,0,0.0,0.0,,0.0,1,11.91,23.9,SPY230929C00430000,430.0,normalDay
2023-07-03,13774.0,1400.0,0.0,100,443.79,417.0,0,0.0,0.0,,0.0,1,11.91,24.7,SPY230929C00430000,430.0,normalDay
2023-07-05,13774.0,1445.0,0.0,100,443.13,417.0,0,0.0,0.0,,0.0,1,11.91,23.59,SPY230929C00430000,430.0,normalDay
2023-07-06,13774.0,1339.0,0.0,100,439.66,417.0,0,0.0,0.0,,0.0,1,11.91,21.18,SPY230929C00430000,430.0,normalDay
2023-07-07,13774.0,1312.0,0.0,100,438.55,417.0,0,0.0,0.0,,0.0,1,11.91,20.34,SPY230929C00430000,430.0,normalDay
2023-07-10,13774.0,1377.0,0.0,100,439.66,417.0,0,0.0,0.0,,0.0,1,11.91,20.8,SPY230929C00430000,430.0,normalDay
2023-07-11,13774.0,1494.0,0.0,100,442.46,417.0,0,0.0,0.0,,0.0,1,11.91,22.43,SPY230929C00430000,430.0,normalDay
2023-07-12,13774.0,1584.0,0.0,100,446.02,417.0,0,0.0,0.0,,0.0,1,11.91,25.09,SPY230929C00430000,430.0,normalDay
2023-07-13,13774.0,1674.0,0.0,100,449.56,417.0,0,0.0,0.0,,0.0,1,11.91,27.73,SPY230929C00430000,430.0,normalDay
2023-07-14,13774.0,1703.0,0.0,100,449.28,417.0,0,0.0,0.0,,0.0,1,11.91,27.16,SPY230929C00430000,430.0,normalDay
2023-07-17,13774.0,1748.0,0.0,100,450.84,417.0,0,0.0,0.0,,0.0,1,11.91,28.27,SPY230929C00430000,430.0,normalDay
2023-07-18,13774.0,1787.0,0.0,100,454.19,417.0,0,0.0,0.0,,0.0,1,11.91,31.23,SPY230929C00430000,430.0,normalDay
2023-07-19,13774.0,1780.0,0.0,100,455.2,417.0,0,0.0,0.0,,0.0,1,11.91,32.31,SPY230929C00430000,430.0,normalDay
2023-07-20,13774.0,1727.0,0.0,100,452.18,417.0,0,0.0,0.0,,0.0,1,11.91,29.82,SPY230929C00430000,430.0,normalDay
2023-07-21,13774.0,1778.0,0.0,100,452.18,417.0,0,0.0,0.0,,0.0,1,11.91,29.31,SPY230929C00430000,430.0,normalDay
2023-07-24,13774.0,1806.0,0.0,100,454.2,417.0,0,0.0,0.0,,0.0,1,11.91,31.05,SPY230929C00430000,430.0,normalDay
2023-07-25,13774.0,1777.0,0.0,100,455.44,417.0,0,0.0,0.0,,0.0,1,11.91,32.58,SPY230929C00430000,430.0,normalDay
2023-07-26,13774.0,1777.0,0.0,100,455.51,417.0,0,0.0,0.0,,0.0,1,11.91,32.65,SPY230929C00430000,430.0,normalDay
2023-07-27,13774.0,1786.0,0.0,100,452.49,417.0,0,0.0,0.0,,0.0,1,11.91,29.54,SPY230929C00430000,430.0,normalDay
2023-07-28,13774.0,1907.0,0.0,100,456.92,417.0,0,0.0,0.0,,0.0,1,11.91,32.76,SPY230929C00430000,430.0,normalDay
2023-07-31,13774.0,1929.0,0.0,100,457.79,417.0,0,0.0,0.0,,0.0,1,11.91,33.41,SPY230929C00430000,430.0,normalDay
2023-08-01,13774.0,1943.0,0.0,100,456.48,417.0,0,0.0,0.0,,0.0,1,11.91,31.96,SPY230929C00430000,430.0,normalDay
2023-08-02,13774.0,1786.0,0.0,100,450.13,417.0,0,0.0,0.0,,0.0,1,11.91,27.18,SPY230929C00430000,430.0,normalDay
2023-08-03,13774.0,1630.0,0.0,100,448.84,417.0,0,0.0,0.0,,0.0,1,11.91,27.45,SPY230929C00430000,430.0,normalDay
2023-08-04,13774.0,1767.0,0.0,100,446.81,417.0,0,0.0,0.0,,0.0,1,11.91,24.05,SPY230929C00430000,430.0,normalDay
2023-08-07,13774.0,1869.0,0.0,100,450.71,417.0,0,0.0,0.0,,0.0,1,11.91,26.93,SPY230929C00430000,430.0,normalDay
2023-08-08,13774.0,1855.0,0.0,100,448.75,417.0,0,0.0,0.0,,0.0,1,11.91,25.11,SPY230929C00430000,430.0,normalDay
2023-08-09,13774.0,1774.0,0.0,100,445.75,417.0,0,0.0,0.0,,0.0,1,11.91,22.92,SPY230929C00430000,430.0,normalDay
2023-08-10,13774.0,1859.0,0.0,100,445.91,417.0,0,0.0,0.0,,0.0,1,11.91,22.23,SPY230929C00430000,430.0,normalDay
2023-08-11,13774.0,1866.0,0.0,100,445.65,417.0,0,0.0,0.0,,0.0,1,11.91,21.9,SPY230929C00430000,430.0,normalDay
2023-08-14,13774.0,1962.0,0.0,100,448.11,417.0,0,0.0,0.0,,0.0,1,11.91,23.4,SPY230929C00430000,430.0,normalDay
2023-08-15,13774.0,1850.0,0.0,100,442.89,417.0,0,0.0,0.0,,0.0,1,11.91,19.3,SPY230929C00430000,430.0,normalDay
2023-08-16,13774.0,1759.0,0.0,100,439.64,417.0,0,0.0,0.0,,0.0,1,11.91,16.96,SPY230929C00430000,430.0,normalDay
2023-08-17,13774.0,1683.0,0.0,100,436.29,417.0,0,0.0,0.0,,0.0,1,11.91,14.37,SPY230929C00430000,430.0,normalDay
2023-08-18,13774.0,1730.0,0.0,100,436.5,417.0,0,0.0,0.0,,0.0,1,11.91,14.11,SPY230929C00430000,430.0,normalDay
2023-08-21,13774.0,1888.0,0.0,100,439.34,417.0,0,0.0,0.0,,0.0,1,11.91,15.37,SPY230929C00430000,430.0,normalDay
2023-08-22,13774.0,1850.0,0.0,100,438.15,417.0,0,0.0,0.0,,0.0,1,11.91,14.56,SPY230929C00430000,430.0,normalDay
2023-08-23,13774.0,1987.0,0.0,100,443.03,417.0,0,0.0,0.0,,0.0,1,11.91,18.07,SPY230929C00430000,430.0,normalDay
2023-08-24,13774.0,1837.0,0.0,100,436.89,417.0,0,0.0,0.0,,0.0,1,11.91,13.43,SPY230929C00430000,430.0,normalDay
2023-08-25,13774.0,1985.0,0.0,100,439.97,417.0,0,0.0,0.0,,0.0,1,11.91,15.03,SPY230929C00430000,430.0,normalDay
2023-08-28,13774.0,2086.0,0.0,100,442.76,417.0,0,0.0,0.0,,0.0,1,11.91,16.81,SPY230929C00430000,430.0,normalDay
2023-08-29,13774.0,2198.0,0.0,100,449.16,417.0,0,0.0,0.0,,0.0,1,11.91,22.09,SPY230929C00430000,430.0,normalDay
2023-08-30,13774.0,2247.0,0.0,100,451.01,417.0,0,0.0,0.0,,0.0,1,11.91,23.45,SPY230929C00430000,430.0,normalDay
2023-08-31,13774.0,2249.0,0.0,100,450.35,417.0,0,0.0,0.0,,0.0,1,11.91,22.77,SPY230929C00430000,430.0,normalDay
2023-09-01,13774.0,2338.0,0.0,100,451.19,417.0,0,0.0,0.0,,0.0,1,11.91,22.72,SPY230929C00430000,430.0,normalDay
2023-09-05,13774.0,2312.0,0.0,100,449.24,417.0,0,0.0,0.0,,0.0,1,11.91,21.03,SPY230929C00430000,430.0,normalDay
2023-09-06,13774.0,2301.0,0.0,100,446.22,417.0,0,0.0,0.0,,0.0,1,11.91,18.12,SPY230929C00430000,430.0,normalDay
2023-09-07,13774.0,2296.0,0.0,100,444.85,417.0,0,0.0,0.0,,0.0,1,11.91,16.8,SPY230929C00430000,430.0,normalDay
2023-09-08,13774.0,2307.0,0.0,100,445.52,417.0,0,0.0,0.0,,0.0,1,11.91,17.36,SPY230929C00430000,430.0,normalDay
2023-09-11,13774.0,2387.0,0.0,100,448.45,417.0,0,0.0,0.0,,0.0,1,11.91,19.49,SPY230929C00430000,430.0,normalDay
2023-09-12,13774.0,2364.0,0.0,100,445.99,417.0,0,0.0,0.0,,0.0,1,11.91,17.26,SPY230929C00430000,430.0,normalDay
2023-09-13,13774.0,2400.0,0.0,100,446.51,417.0,0,0.0,0.0,,0.0,1,11.91,17.42,SPY230929C00430000,430.0,normalDay
2023-09-14,13774.0,2450.0,0.0,100,450.36,417.0,0,0.0,0.0,,0.0,1,11.91,20.77,SPY230929C00430000,430.0,normalDay
2023-09-15,13774.0,2318.0,0.0,100,443.37,417.0,0,0.0,0.0,,0.0,1,11.91,15.1,SPY230929C00430000,430.0,normalDay
2023-09-18,13774.0,2330.0,0.0,100,443.63,417.0,0,0.0,0.0,,0.0,1,11.91,15.24,SPY230929C00430000,430.0,normalDay
2023-09-19,13774.0,2329.0,0.0,100,442.71,417.0,0,0.0,0.0,,0.0,1,11.91,14.33,SPY230929C00430000,430.0,normalDay
2023-09-20,13774.0,2335.0,0.0,100,438.64,417.0,0,0.0,0.0,,0.0,1,11.91,10.2,SPY230929C00430000,430.0,normalDay
2023-09-21,13774.0,2114.0,0.0,100,431.39,417.0,0,0.0,0.0,,0.0,1,11.91,5.16,SPY230929C00430000,430.0,normalDay
2023-09-22,13774.0,2113.0,0.0,100,430.42,417.0,0,0.0,0.0,,0.0,1,11.91,4.2,SPY230929C00430000,430.0,normalDay
2023-09-25,13774.0,2240.0,0.0,100,432.23,417.0,0,0.0,0.0,,0.0,1,11.91,4.74,SPY230929C00430000,430.0,normalDay
2023-09-26,13774.0,1928.0,0.0,100,425.88,417.0,0,0.0,0.0,,0.0,1,11.91,1.51,SPY230929C00430000,430.0,normalDay
2023-09-27,13774.0,1981.0,0.0,100,426.05,417.0,0,0.0,0.0,,0.0,1,11.91,1.15,SPY230929C00430000,430.0,normalDay
2023-09-28,13774.0,2232.0,0.0,100,428.52,417.0,0,0.0,0.0,,0.0,1,11.91,1.11,SPY230929C00430000,430.0,normalDay
2023-09-29,14965.0,1048.0,1191.0,100,427.48,417.0,0,0.0,0.0,,0.0,1,11.91,0.0,SPY230929C00430000,430.0,expirationDay
2023-10-02,14965.0,1025.0,0.0,100,427.31,417.0,0,0.0,0.0,,0.0,1,1.32,1.38,SPY240216C00480000,480.0,normalDay
2023-10-03,14965.0,475.0,0.0,100,421.59,417.0,0,0.0,0.0,,0.0,1,1.32,1.16,SPY240216C00480000,480.0,normalDay
2023-10-04,14965.0,770.0,0.0,100,424.66,417.0,0,0.0,0.0,,0.0,1,1.32,1.28,SPY240216C00480000,480.0,normalDay
2023-10-05,14965.0,762.0,0.0,100,424.5,417.0,0,0.0,0.0,,0.0,1,1.32,1.2,SPY240216C00480000,480.0,normalDay
2023-10-06,14965.0,1220.0,0.0,100,429.54,417.0,0,0.0,0.0,,0.0,1,1.32,1.66,SPY240216C00480000,480.0,normalDay
2023-10-09,14965.0,1469.0,0.0,100,432.29,417.0,0,0.0,0.0,,0.0,1,1.32,1.92,SPY240216C00480000,480.0,normalDay
2023-10-10,14965.0,1684.0,0.0,100,434.54,417.0,0,0.0,0.0,,0.0,1,1.32,2.02,SPY240216C00480000,480.0,normalDay
2023-10-11,14965.0,1849.0,0.0,100,436.32,417.0,0,0.0,0.0,,0.0,1,1.32,2.15,SPY240216C00480000,480.0,normalDay
2023-10-12,14965.0,1635.0,0.0,100,433.66,417.0,0,0.0,0.0,,0.0,1,1.32,1.63,SPY240216C00480000,480.0,normalDay
2023-10-13,14965.0,1426.0,0.0,100,431.5,417.0,0,0.0,0.0,,0.0,1,1.32,1.56,SPY240216C00480000,480.0,normalDay
2023-10-16,14965.0,1852.0,0.0,100,436.04,417.0,0,0.0,0.0,,0.0,1,1.32,1.84,SPY240216C00480000,480.0,normalDay
2023-10-17,14965.0,1851.0,0.0,100,436.02,417.0,0,0.0,0.0,,0.0,1,1.32,1.83,SPY240216C00480000,480.0,normalDay
2023-10-18,14965.0,1316.0,0.0,100,430.21,417.0,0,0.0,0.0,,0.0,1,1.32,1.37,SPY240216C00480000,480.0,normalDay
2023-10-19,14965.0,970.0,0.0,100,426.43,417.0,0,0.0,0.0,,0.0,1,1.32,1.05,SPY240216C00480000,480.0,normalDay
2023-10-20,14965.0,473.0,0.0,100,421.19,417.0,0,0.0,0.0,,0.0,1,1.32,0.78,SPY240216C00480000,480.0,normalDay
2023-10-23,14965.0,411.0,0.0,100,420.46,417.0,0,0.0,0.0,,0.0,1,1.32,0.67,SPY240216C00480000,480.0,normalDay
2023-10-24,14965.0,720.0,0.0,100,423.63,417.0,0,0.0,0.0,,0.0,1,1.32,0.75,SPY240216C00480000,480.0,normalDay
2023-10-25,14965.0,135.0,0.0,100,417.55,417.0,0,0.0,0.0,,0.0,1,1.32,0.52,SPY240216C00480000,480.0,normalDay
2023-10-26,14965.0,-353.0,0.0,100,412.55,417.0,0,0.0,0.0,,0.0,1,1.32,0.4,SPY240216C00480000,480.0,normalDay
2023-10-27,14965.0,-538.0,0.0,100,410.68,417.0,0,0.0,0.0,,0.0,1,1.32,0.38,SPY240216C00480000,480.0,normalDay
2023-10-30,14965.0,-50.0,0.0,100,415.59,417.0,0,0.0,0.0,,0.0,1,1.32,0.41,SPY240216C00480000,480.0,normalDay
2023-10-31,14965.0,216.0,0.0,100,418.2,417.0,0,0.0,0.0,,0.0,1,1.32,0.36,SPY240216C00480000,480.0,normalDay
2023-11-01,14965.0,651.0,0.0,100,422.66,417.0,0,0.0,0.0,,0.0,1,1.32,0.47,SPY240216C00480000,480.0,normalDay
2023-11-02,14965.0,1434.0,0.0,100,430.76,417.0,0,0.0,0.0,,0.0,1,1.32,0.74,SPY240216C00480000,480.0,normalDay
2023-11-03,14965.0,1810.0,0.0,100,434.69,417.0,0,0.0,0.0,,0.0,1,1.32,0.91,SPY240216C00480000,480.0,normalDay
2023-11-06,14965.0,1919.0,0.0,100,435.69,417.0,0,0.0,0.0,,0.0,1,1.32,0.82,SPY240216C00480000,480.0,normalDay
2023-11-07,14965.0,2035.0,0.0,100,436.93,417.0,0,0.0,0.0,,0.0,1,1.32,0.9,SPY240216C00480000,480.0,normalDay
2023-11-08,14965.0,2072.0,0.0,100,437.25,417.0,0,0.0,0.0,,0.0,1,1.32,0.85,SPY240216C00480000,480.0,normalDay
2023-11-09,14965.0,1749.0,0.0,100,433.84,417.0,0,0.0,0.0,,0.0,1,1.32,0.67,SPY240216C00480000,480.0,normalDay
2023-11-10,14965.0,2389.0,0.0,100,440.61,417.0,0,0.0,0.0,,0.0,1,1.32,1.04,SPY240216C00480000,480.0,normalDay
2023-11-13,14965.0,2354.0,0.0,100,440.19,417.0,0,0.0,0.0,,0.0,1,1.32,0.97,SPY240216C00480000,480.0,normalDay
2023-11-14,14965.0,3090.0,0.0,100,448.73,417.0,0,0.0,0.0,,0.0,1,1.32,2.15,SPY240216C00480000,480.0,normalDay
2023-11-15,14965.0,3190.0,0.0,100,449.68,417.0,0,0.0,0.0,,0.0,1,1.32,2.1,SPY240216C00480000,480.0,normalDay
2023-11-16,14965.0,3250.0,0.0,100,450.23,417.0,0,0.0,0.0,,0.0,1,1.32,2.05,SPY240216C00480000,480.0,normalDay
2023-11-17,14965.0,3304.0,0.0,100,450.79,417.0,0,0.0,0.0,,0.0,1,1.32,2.07,SPY240216C00480000,480.0,normalDay
2023-11-20,14965.0,3600.0,0.0,100,454.26,417.0,0,0.0,0.0,,0.0,1,1.32,2.58,SPY240216C00480000,480.0,normalDay
2023-11-21,14965.0,3537.0,0.0,100,453.27,417.0,0,0.0,0.0,,0.0,1,1.32,2.22,SPY240216C00480000,480.0,normalDay
2023-11-22,14965.0,3686.0,0.0,100,455.02,417.0,0,0.0,0.0,,0.0,1,1.32,2.48,SPY240216C00480000,480.0,normalDay
2023-11-24,14965.0,3731.0,0.0,100,455.3,417.0,0,0.0,0.0,,0.0,1,1.32,2.31,SPY240216C00480000,480.0,normalDay
2023-11-27,14965.0,3667.0,0.0,100,454.48,417.0,0,0.0,0.0,,0.0,1,1.32,2.13,SPY240216C00480000,480.0,normalDay
2023-11-28,14965.0,3711.0,0.0,100,454.93,417.0,0,0.0,0.0,,0.0,1,1.32,2.14,SPY240216C00480000,480.0,normalDay
2023-11-29,14965.0,3668.0,0.0,100,454.61,417.0,0,0.0,0.0,,0.0,1,1.32,2.25,SPY240216C00480000,480.0,normalDay
2023-11-30,14965.0,3839.0,0.0,100,456.4,417.0,0,0.0,0.0,,0.0,1,1.32,2.33,SPY240216C00480000,480.0,normalDay
