date,totalCapital,unrializedPnL,rializedPnL,stocksOwned,stocksPriceToday,stocksPriceBoughtAt,putOwned,putOwnedSoldAt,putPriceToday,putOwnedContract,putOwnedStrike,callOwned,callOwnedSoldAt,callPriceToday,callOwnedContract,callOwnedStrike,trackType
2018-11-01,0.0,-6.0,0.0,0,273.51,0.0,1,4.87,4.93,SPY181221P00267000,267.0,0,0.0,0.0,,0.0,normalDay
2018-11-02,0.0,-50.0,0.0,0,271.89,0.0,1,4.87,5.37,SPY181221P00267000,267.0,0,0.0,0.0,,0.0,normalDay
2018-11-05,0.0,18.0,0.0,0,273.39,0.0,1,4.87,4.69,SPY181221P00267000,267.0,0,0.0,0.0,,0.0,normalDay
2018-11-06,0.0,79.0,0.0,0,275.12,0.0,1,4.87,4.08,SPY181221P00267000,267.0,0,0.0,0.0,,0.0,normalDay
2018-11-07,0.0,270.0,0.0,0,281.01,0.0,1,4.87,2.17,SPY181221P00267000,267.0,0,0.0,0.0,,0.0,normalDay
2018-11-08,0.0,265.0,0.0,0,280.5,0.0,1,4.87,2.22,SPY181221P00267000,267.0,0,0.0,0.0,,0.0,normalDay
2018-11-09,0.0,199.0,0.0,0,277.76,0.0,1,4.87,2.88,SPY181221P00267000,267.0,0,0.0,0.0,,0.0,normalDay
2018-11-12,0.0,36.0,0.0,0,272.57,0.0,1,4.87,4.51,SPY181221P00267000,267.0,0,0.0,0.0,,0.0,normalDay
2018-11-13,0.0,21.0,0.0,0,272.06,0.0,1,4.87,4.66,SPY181221P00267000,267.0,0,0.0,0.0,,0.0,normalDay
2018-11-14,0.0,-75.0,0.0,0,270.2,0.0,1,4.87,5.62,SPY181221P00267000,267.0,0,0.0,0.0,,0.0,normalDay
2018-11-15,0.0,67.0,0.0,0,273.02,0.0,1,4.87,4.2,SPY181221P00267000,267.0,0,0.0,0.0,,0.0,normalDay
2018-11-16,0.0,142.0,0.0,0,273.73,0.0,1,4.87,3.45,SPY181221P00267000,267.0,0,0.0,0.0,,0.0,normalDay
2018-11-19,0.0,-33.0,0.0,0,269.1,0.0,1,4.87,5.2,SPY181221P00267000,267.0,0,0.0,0.0,,0.0,normalDay
2018-11-20,0.0,-320.0,0.0,0,264.12,0.0,1,4.87,8.07,SPY181221P00267000,267.0,0,0.0,0.0,,0.0,normalDay
2018-11-21,0.0,-218.0,0.0,0,265.02,0.0,1,4.87,7.05,SPY181221P00267000,267.0,0,0.0,0.0,,0.0,normalDay
2018-11-23,0.0,-339.0,0.0,0,263.25,0.0,1,4.87,8.26,SPY181221P00267000,267.0,0,0.0,0.0,,0.0,normalDay
2018-11-26,0.0,-8.0,0.0,0,267.5,0.0,1,4.87,4.95,SPY181221P00267000,267.0,0,0.0,0.0,,0.0,normalDay
2018-11-27,0.0,9.0,0.0,0,268.4,0.0,1,4.87,4.78,SPY181221P00267000,267.0,0,0.0,0.0,,0.0,normalDay
2018-11-28,0.0,221.0,0.0,0,274.58,0.0,1,4.87,2.66,SPY181221P00267000,267.0,0,0.0,0.0,,0.0,normalDay
2018-11-29,0.0,211.0,0.0,0,273.98,0.0,1,4.87,2.76,SPY181221P00267000,267.0,0,0.0,0.0,,0.0,normalDay
2018-11-30,0.0,267.0,0.0,0,275.65,0.0,1,4.87,2.2,SPY181221P00267000,267.0,0,0.0,0.0,,0.0,normalDay
2018-12-03,0.0,383.0,0.0,0,279.3,0.0,1,4.87,1.04,SPY181221P00267000,267.0,0,0.0,0.0,,0.0,normalDay
2018-12-04,0.0,96.0,0.0,0,270.25,0.0,1,4.87,3.91,SPY181221P00267000,267.0,0,0.0,0.0,,0.0,normalDay
2018-12-06,0.0,103.0,0.0,0,269.84,0.0,1,4.87,3.84,SPY181221P00267000,267.0,0,0.0,0.0,,0.0,normalDay
2018-12-07,0.0,-258.0,0.0,0,263.57,0.0,1,4.87,7.45,SPY181221P00267000,267.0,0,0.0,0.0,,0.0,normalDay
2018-12-10,0.0,-128.0,0.0,0,264.07,0.0,1,4.87,6.15,SPY181221P00267000,267.0,0,0.0,0.0,,0.0,normalDay
2018-12-11,0.0,-103.0,0.0,0,264.13,0.0,1,4.87,5.9,SPY181221P00267000,267.0,0,0.0,0.0,,0.0,normalDay
2018-12-12,0.0,-31.0,0.0,0,265.46,0.0,1,4.87,5.18,SPY181221P00267000,267.0,0,0.0,0.0,,0.0,normalDay
2018-12-13,0.0,6.0,0.0,0,265.37,0.0,1,4.87,4.81,SPY181221P00267000,267.0,0,0.0,0.0,,0.0,normalDay
2018-12-14,0.0,-350.0,0.0,0,260.47,0.0,1,4.87,8.37,SPY181221P00267000,267.0,0,0.0,0.0,,0.0,normalDay
2018-12-17,0.0,-819.0,0.0,0,255.36,0.0,1,4.87,13.06,SPY181221P00267000,267.0,0,0.0,0.0,,0.0,normalDay
2018-12-18,0.0,-913.0,0.0,0,255.08,0.0,1,4.87,14.0,SPY181221P00267000,267.0,0,0.0,0.0,,0.0,normalDay
2018-12-19,0.0,-1225.0,0.0,0,251.26,0.0,1,4.87,17.12,SPY181221P00267000,267.0,0,0.0,0.0,,0.0,normalDay
2018-12-20,0.0,-1569.0,0.0,0,247.17,0.0,1,4.87,20.56,SPY181221P00267000,267.0,0,0.0,0.0,,0.0,normalDay
2018-12-21,487.0,-2630.0,487.0,100,240.7,267.0,1,4.87,0.0,SPY181221P00267000,267.0,0,0.0,0.0,,0.0,expirationDay
2018-12-24,487.0,-3321.0,0.0,100,234.34,267.0,0,0.0,0.0,,0.0,1,1.89,2.44,SPY190628C00273000,273.0,normalDay
2018-12-26,487.0,-2325.0,0.0,100,246.18,267.0,0,0.0,0.0,,0.0,1,1.89,4.32,SPY190628C00273000,273.0,normalDay
2018-12-27,487.0,-2225.0,0.0,100,248.07,267.0,0,0.0,0.0,,0.0,1,1.89,5.21,SPY190628C00273000,273.0,normalDay
2018-12-28,487.0,-2202.0,0.0,100,247.75,267.0,0,0.0,0.0,,0.0,1,1.89,4.66,SPY190628C00273000,273.0,normalDay
2018-12-31,487.0,-1982.0,0.0,100,249.92,267.0,0,0.0,0.0,,0.0,1,1.89,4.63,SPY190628C00273000,273.0,normalDay
2019-01-02,487.0,-1939.0,0.0,100,250.18,267.0,0,0.0,0.0,,0.0,1,1.89,4.46,SPY190628C00273000,273.0,normalDay
2019-01-03,487.0,-2408.0,0.0,100,244.21,267.0,0,0.0,0.0,,0.0,1,1.89,3.18,SPY190628C00273000,273.0,normalDay
2019-01-04,487.0,-1766.0,0.0,100,252.39,267.0,0,0.0,0.0,,0.0,1,1.89,4.94,SPY190628C00273000,273.0,normalDay
2019-01-07,487.0,-1603.0,0.0,100,254.38,267.0,0,0.0,0.0,,0.0,1,1.89,5.3,SPY190628C00273000,273.0,normalDay
2019-01-08,487.0,-1427.0,0.0,100,256.77,267.0,0,0.0,0.0,,0.0,1,1.89,5.93,SPY190628C00273000,273.0,normalDay
2019-01-09,487.0,-1324.0,0.0,100,257.97,267.0,0,0.0,0.0,,0.0,1,1.89,6.1,SPY190628C00273000,273.0,normalDay
2019-01-10,487.0,-1261.0,0.0,100,258.88,267.0,0,0.0,0.0,,0.0,1,1.89,6.38,SPY190628C00273000,273.0,normalDay
2019-01-11,487.0,-1206.0,0.0,100,258.98,267.0,0,0.0,0.0,,0.0,1,1.89,5.93,SPY190628C00273000,273.0,normalDay
2019-01-14,487.0,-1282.0,0.0,100,257.4,267.0,0,0.0,0.0,,0.0,1,1.89,5.11,SPY190628C00273000,273.0,normalDay
2019-01-15,487.0,-1047.0,0.0,100,260.35,267.0,0,0.0,0.0,,0.0,1,1.89,5.71,SPY190628C00273000,273.0,normalDay
2019-01-16,487.0,-1006.0,0.0,100,260.98,267.0,0,0.0,0.0,,0.0,1,1.89,5.93,SPY190628C00273000,273.0,normalDay
2019-01-17,487.0,-896.0,0.0,100,262.96,267.0,0,0.0,0.0,,0.0,1,1.89,6.81,SPY190628C00273000,273.0,normalDay
2019-01-18,487.0,-699.0,0.0,100,266.46,267.0,0,0.0,0.0,,0.0,1,1.89,8.34,SPY190628C00273000,273.0,normalDay
2019-01-22,487.0,-940.0,0.0,100,262.86,267.0,0,0.0,0.0,,0.0,1,1.89,7.15,SPY190628C00273000,273.0,normalDay
2019-01-23,487.0,-879.0,0.0,100,263.41,267.0,0,0.0,0.0,,0.0,1,1.89,7.09,SPY190628C00273000,273.0,normalDay
2019-01-24,487.0,-816.0,0.0,100,263.55,267.0,0,0.0,0.0,,0.0,1,1.89,6.6,SPY190628C00273000,273.0,normalDay
2019-01-25,487.0,-717.0,0.0,100,265.78,267.0,0,0.0,0.0,,0.0,1,1.89,7.84,SPY190628C00273000,273.0,normalDay
2019-01-28,487.0,-826.0,0.0,100,263.76,267.0,0,0.0,0.0,,0.0,1,1.89,6.91,SPY190628C00273000,273.0,normalDay
2019-01-29,487.0,-836.0,0.0,100,263.41,267.0,0,0.0,0.0,,0.0,1,1.89,6.66,SPY190628C00273000,273.0,normalDay
2019-01-30,487.0,-593.0,0.0,100,267.58,267.0,0,0.0,0.0,,0.0,1,1.89,8.4,SPY190628C00273000,273.0,normalDay
2019-01-31,487.0,-476.0,0.0,100,269.93,267.0,0,0.0,0.0,,0.0,1,1.89,9.58,SPY190628C00273000,273.0,normalDay
2019-02-01,487.0,-435.0,0.0,100,270.06,267.0,0,0.0,0.0,,0.0,1,1.89,9.3,SPY190628C00273000,273.0,normalDay
2019-02-04,487.0,-319.0,0.0,100,271.96,267.0,0,0.0,0.0,,0.0,1,1.89,10.04,SPY190628C00273000,273.0,normalDay
2019-02-05,487.0,-251.0,0.0,100,273.1,267.0,0,0.0,0.0,,0.0,1,1.89,10.5,SPY190628C00273000,273.0,normalDay
2019-02-06,487.0,-262.0,0.0,100,272.74,267.0,0,0.0,0.0,,0.0,1,1.89,10.25,SPY190628C00273000,273.0,normalDay
2019-02-07,487.0,-395.0,0.0,100,270.14,267.0,0,0.0,0.0,,0.0,1,1.89,8.98,SPY190628C00273000,273.0,normalDay
2019-02-08,487.0,-357.0,0.0,100,270.47,267.0,0,0.0,0.0,,0.0,1,1.89,8.93,SPY190628C00273000,273.0,normalDay
2019-02-11,487.0,-340.0,0.0,100,270.62,267.0,0,0.0,0.0,,0.0,1,1.89,8.91,SPY190628C00273000,273.0,normalDay
2019-02-12,487.0,-194.0,0.0,100,274.1,267.0,0,0.0,0.0,,0.0,1,1.89,10.93,SPY190628C00273000,273.0,normalDay
2019-02-13,487.0,-148.0,0.0,100,274.99,267.0,0,0.0,0.0,,0.0,1,1.89,11.36,SPY190628C00273000,273.0,normalDay
2019-02-14,487.0,-180.0,0.0,100,274.38,267.0,0,0.0,0.0,,0.0,1,1.89,11.07,SPY190628C00273000,273.0,normalDay
2019-02-15,487.0,-54.0,0.0,100,277.37,267.0,0,0.0,0.0,,0.0,1,1.89,12.8,SPY190628C00273000,273.0,normalDay
2019-02-19,487.0,9.0,0.0,100,277.85,267.0,0,0.0,0.0,,0.0,1,1.89,12.65,SPY190628C00273000,273.0,normalDay
2019-02-20,487.0,37.0,0.0,100,278.41,267.0,0,0.0,0.0,,0.0,1,1.89,12.93,SPY190628C00273000,273.0,normalDay
2019-02-21,487.0,3.0,0.0,100,277.42,267.0,0,0.0,0.0,,0.0,1,1.89,12.28,SPY190628C00273000,273.0,normalDay
2019-02-22,487.0,86.0,0.0,100,279.14,267.0,0,0.0,0.0,,0.0,1,1.89,13.17,SPY190628C00273000,273.0,normalDay
2019-02-25,487.0,83.0,0.0,100,279.52,267.0,0,0.0,0.0,,0.0,1,1.89,13.58,SPY190628C00273000,273.0,normalDay
2019-02-26,487.0,82.0,0.0,100,279.32,267.0,0,0.0,0.0,,0.0,1,1.89,13.39,SPY190628C00273000,273.0,normalDay
2019-02-27,487.0,75.0,0.0,100,279.2,267.0,0,0.0,0.0,,0.0,1,1.89,13.34,SPY190628C00273000,273.0,normalDay
2019-02-28,487.0,75.0,0.0,100,278.68,267.0,0,0.0,0.0,,0.0,1,1.89,12.82,SPY190628C00273000,273.0,normalDay
2019-03-01,487.0,152.0,0.0,100,280.42,267.0,0,0.0,0.0,,0.0,1,1.89,13.79,SPY190628C00273000,273.0,normalDay
2019-03-04,487.0,127.0,0.0,100,279.4,267.0,0,0.0,0.0,,0.0,1,1.89,13.02,SPY190628C00273000,273.0,normalDay
2019-03-05,487.0,114.0,0.0,100,279.02,267.0,0,0.0,0.0,,0.0,1,1.89,12.77,SPY190628C00273000,273.0,normalDay
2019-03-06,487.0,43.0,0.0,100,277.33,267.0,0,0.0,0.0,,0.0,1,1.89,11.79,SPY190628C00273000,273.0,normalDay
2019-03-07,487.0,-65.0,0.0,100,275.01,267.0,0,0.0,0.0,,0.0,1,1.89,10.55,SPY190628C00273000,273.0,normalDay
2019-03-08,487.0,-82.0,0.0,100,274.46,267.0,0,0.0,0.0,,0.0,1,1.89,10.17,SPY190628C00273000,273.0,normalDay
2019-03-11,487.0,129.0,0.0,100,278.44,267.0,0,0.0,0.0,,0.0,1,1.89,12.04,SPY190628C00273000,273.0,normalDay
2019-03-12,487.0,194.0,0.0,100,279.49,267.0,0,0.0,0.0,,0.0,1,1.89,12.44,SPY190628C00273000,273.0,normalDay
2019-03-13,487.0,236.0,0.0,100,281.34,267.0,0,0.0,0.0,,0.0,1,1.89,13.87,SPY190628C00273000,273.0,normalDay
2019-03-14,487.0,261.0,0.0,100,281.16,267.0,0,0.0,0.0,,0.0,1,1.89,13.44,SPY190628C00273000,273.0,normalDay
2019-03-15,487.0,183.0,0.0,100,281.31,267.0,0,0.0,0.0,,0.0,1,1.89,14.37,SPY190628C00273000,273.0,normalDay
2019-03-18,487.0,188.0,0.0,100,282.33,267.0,0,0.0,0.0,,0.0,1,1.89,15.34,SPY190628C00273000,273.0,normalDay
2019-03-19,487.0,211.0,0.0,100,282.4,267.0,0,0.0,0.0,,0.0,1,1.89,15.18,SPY190628C00273000,273.0,normalDay
2019-03-20,487.0,190.0,0.0,100,281.55,267.0,0,0.0,0.0,,0.0,1,1.89,14.54,SPY190628C00273000,273.0,normalDay
2019-03-21,487.0,263.0,0.0,100,284.73,267.0,0,0.0,0.0,,0.0,1,1.89,16.99,SPY190628C00273000,273.0,normalDay
2019-03-22,487.0,2.0,0.0,100,279.25,267.0,0,0.0,0.0,,0.0,1,1.89,14.12,SPY190628C00273000,273.0,normalDay
2019-03-25,487.0,41.0,0.0,100,279.04,267.0,0,0.0,0.0,,0.0,1,1.89,13.52,SPY190628C00273000,273.0,normalDay
2019-03-26,487.0,159.0,0.0,100,281.12,267.0,0,0.0,0.0,,0.0,1,1.89,14.42,SPY190628C00273000,273.0,normalDay
2019-03-27,487.0,97.0,0.0,100,279.65,267.0,0,0.0,0.0,,0.0,1,1.89,13.57,SPY190628C00273000,273.0,normalDay
2019-03-28,487.0,149.0,0.0,100,280.71,267.0,0,0.0,0.0,,0.0,1,1.89,14.11,SPY190628C00273000,273.0,normalDay
2019-03-29,487.0,205.0,0.0,100,282.48,267.0,0,0.0,0.0,,0.0,1,1.89,15.32,SPY190628C00273000,273.0,normalDay
2019-04-01,487.0,327.0,0.0,100,285.83,267.0,0,0.0,0.0,,0.0,1,1.89,17.45,SPY190628C00273000,273.0,normalDay
2019-04-02,487.0,346.0,0.0,100,285.97,267.0,0,0.0,0.0,,0.0,1,1.89,17.4,SPY190628C00273000,273.0,normalDay
2019-04-03,487.0,319.0,0.0,100,286.42,267.0,0,0.0,0.0,,0.0,1,1.89,18.12,SPY190628C00273000,273.0,normalDay
2019-04-04,487.0,354.0,0.0,100,287.18,267.0,0,0.0,0.0,,0.0,1,1.89,18.53,SPY190628C00273000,273.0,normalDay
2019-04-05,487.0,394.0,0.0,100,288.57,267.0,0,0.0,0.0,,0.0,1,1.89,19.52,SPY190628C00273000,273.0,normalDay
2019-04-08,487.0,404.0,0.0,100,288.79,267.0,0,0.0,0.0,,0.0,1,1.89,19.64,SPY190628C00273000,273.0,normalDay
2019-04-09,487.0,384.0,0.0,100,287.31,267.0,0,0.0,0.0,,0.0,1,1.89,18.36,SPY190628C00273000,273.0,normalDay
2019-04-10,487.0,397.0,0.0,100,288.29,267.0,0,0.0,0.0,,0.0,1,1.89,19.21,SPY190628C00273000,273.0,normalDay
2019-04-11,487.0,428.0,0.0,100,288.21,267.0,0,0.0,0.0,,0.0,1,1.89,18.82,SPY190628C00273000,273.0,normalDay
2019-04-12,487.0,462.0,0.0,100,290.16,267.0,0,0.0,0.0,,0.0,1,1.89,20.43,SPY190628C00273000,273.0,normalDay
2019-04-15,487.0,470.0,0.0,100,289.97,267.0,0,0.0,0.0,,0.0,1,1.89,20.16,SPY190628C00273000,273.0,normalDay
2019-04-16,487.0,487.0,0.0,100,290.16,267.0,0,0.0,0.0,,0.0,1,1.89,20.18,SPY190628C00273000,273.0,normalDay
2019-04-17,487.0,492.0,0.0,100,289.45,267.0,0,0.0,0.0,,0.0,1,1.89,19.42,SPY190628C00273000,273.0,normalDay
2019-04-18,487.0,486.0,0.0,100,290.02,267.0,0,0.0,0.0,,0.0,1,1.89,20.05,SPY190628C00273000,273.0,normalDay
2019-04-22,487.0,488.0,0.0,100,290.27,267.0,0,0.0,0.0,,0.0,1,1.89,20.28,SPY190628C00273000,273.0,normalDay
2019-04-23,487.0,536.0,0.0,100,292.88,267.0,0,0.0,0.0,,0.0,1,1.89,22.41,SPY190628C00273000,273.0,normalDay
2019-04-24,487.0,511.0,0.0,100,292.23,267.0,0,0.0,0.0,,0.0,1,1.89,22.01,SPY190628C00273000,273.0,normalDay
2019-04-25,487.0,526.0,0.0,100,292.05,267.0,0,0.0,0.0,,0.0,1,1.89,21.68,SPY190628C00273000,273.0,normalDay
2019-04-26,487.0,544.0,0.0,100,293.41,267.0,0,0.0,0.0,,0.0,1,1.89,22.86,SPY190628C00273000,273.0,normalDay
2019-04-29,487.0,563.0,0.0,100,293.87,267.0,0,0.0,0.0,,0.0,1,1.89,23.13,SPY190628C00273000,273.0,normalDay
2019-04-30,487.0,542.0,0.0,100,294.02,267.0,0,0.0,0.0,,0.0,1,1.89,23.49,SPY190628C00273000,273.0,normalDay
2019-05-01,487.0,529.0,0.0,100,291.81,267.0,0,0.0,0.0,,0.0,1,1.89,21.41,SPY190628C00273000,273.0,normalDay
2019-05-02,487.0,537.0,0.0,100,291.18,267.0,0,0.0,0.0,,0.0,1,1.89,20.7,SPY190628C00273000,273.0,normalDay
2019-05-03,487.0,575.0,0.0,100,294.03,267.0,0,0.0,0.0,,0.0,1,1.89,23.17,SPY190628C00273000,273.0,normalDay
2019-05-06,487.0,551.0,0.0,100,292.82,267.0,0,0.0,0.0,,0.0,1,1.89,22.2,SPY190628C00273000,273.0,normalDay
2019-05-07,487.0,373.0,0.0,100,287.93,267.0,0,0.0,0.0,,0.0,1,1.89,19.09,SPY190628C00273000,273.0,normalDay
2019-05-08,487.0,375.0,0.0,100,287.53,267.0,0,0.0,0.0,,0.0,1,1.89,18.67,SPY190628C00273000,273.0,normalDay
2019-05-09,487.0,387.0,0.0,100,286.66,267.0,0,0.0,0.0,,0.0,1,1.89,17.68,SPY190628C00273000,273.0,normalDay
2019-05-10,487.0,512.0,0.0,100,288.1,267.0,0,0.0,0.0,,0.0,1,1.89,17.87,SPY190628C00273000,273.0,normalDay
2019-05-13,487.0,312.0,0.0,100,280.86,267.0,0,0.0,0.0,,0.0,1,1.89,12.63,SPY190628C00273000,273.0,normalDay
2019-05-14,487.0,415.0,0.0,100,283.4,267.0,0,0.0,0.0,,0.0,1,1.89,14.14,SPY190628C00273000,273.0,normalDay
2019-05-15,487.0,474.0,0.0,100,285.06,267.0,0,0.0,0.0,,0.0,1,1.89,15.21,SPY190628C00273000,273.0,normalDay
2019-05-16,487.0,559.0,0.0,100,287.7,267.0,0,0.0,0.0,,0.0,1,1.89,17.0,SPY190628C00273000,273.0,normalDay
2019-05-17,487.0,514.0,0.0,100,285.84,267.0,0,0.0,0.0,,0.0,1,1.89,15.59,SPY190628C00273000,273.0,normalDay
2019-05-20,487.0,486.0,0.0,100,283.95,267.0,0,0.0,0.0,,0.0,1,1.89,13.98,SPY190628C00273000,273.0,normalDay
2019-05-21,487.0,579.0,0.0,100,286.51,267.0,0,0.0,0.0,,0.0,1,1.89,15.61,SPY190628C00273000,273.0,normalDay
2019-05-22,487.0,574.0,0.0,100,285.63,267.0,0,0.0,0.0,,0.0,1,1.89,14.78,SPY190628C00273000,273.0,normalDay
2019-05-23,487.0,506.0,0.0,100,282.14,267.0,0,0.0,0.0,,0.0,1,1.89,11.97,SPY190628C00273000,273.0,normalDay
2019-05-24,487.0,520.0,0.0,100,282.78,267.0,0,0.0,0.0,,0.0,1,1.89,12.47,SPY190628C00273000,273.0,normalDay
2019-05-28,487.0,459.0,0.0,100,280.15,267.0,0,0.0,0.0,,0.0,1,1.89,10.45,SPY190628C00273000,273.0,normalDay
2019-05-29,487.0,440.0,0.0,100,278.27,267.0,0,0.0,0.0,,0.0,1,1.89,8.76,SPY190628C00273000,273.0,normalDay
2019-05-30,487.0,492.0,0.0,100,279.03,267.0,0,0.0,0.0,,0.0,1,1.89,9.0,SPY190628C00273000,273.0,normalDay
2019-05-31,487.0,361.0,0.0,100,275.27,267.0,0,0.0,0.0,,0.0,1,1.89,6.55,SPY190628C00273000,273.0,normalDay
2019-06-03,487.0,347.0,0.0,100,274.57,267.0,0,0.0,0.0,,0.0,1,1.89,5.99,SPY190628C00273000,273.0,normalDay
2019-06-04,487.0,583.0,0.0,100,280.53,267.0,0,0.0,0.0,,0.0,1,1.89,9.59,SPY190628C00273000,273.0,normalDay
2019-06-05,487.0,651.0,0.0,100,282.96,267.0,0,0.0,0.0,,0.0,1,1.89,11.34,SPY190628C00273000,273.0,normalDay
2019-06-06,487.0,691.0,0.0,100,284.8,267.0,0,0.0,0.0,,0.0,1,1.89,12.78,SPY190628C00273000,273.0,normalDay
2019-06-07,487.0,711.0,0.0,100,287.65,267.0,0,0.0,0.0,,0.0,1,1.89,15.43,SPY190628C00273000,273.0,normalDay
2019-06-10,487.0,726.0,0.0,100,288.97,267.0,0,0.0,0.0,,0.0,1,1.89,16.6,SPY190628C00273000,273.0,normalDay
2019-06-11,487.0,742.0,0.0,100,288.9,267.0,0,0.0,0.0,,0.0,1,1.89,16.37,SPY190628C00273000,273.0,normalDay
2019-06-12,487.0,736.0,0.0,100,288.39,267.0,0,0.0,0.0,,0.0,1,1.89,15.92,SPY190628C00273000,273.0,normalDay
2019-06-13,487.0,743.0,0.0,100,289.58,267.0,0,0.0,0.0,,0.0,1,1.89,17.04,SPY190628C00273000,273.0,normalDay
2019-06-14,487.0,735.0,0.0,100,289.26,267.0,0,0.0,0.0,,0.0,1,1.89,16.8,SPY190628C00273000,273.0,normalDay
2019-06-17,487.0,750.0,0.0,100,289.37,267.0,0,0.0,0.0,,0.0,1,1.89,16.76,SPY190628C00273000,273.0,normalDay
2019-06-18,487.0,767.0,0.0,100,292.4,267.0,0,0.0,0.0,,0.0,1,1.89,19.62,SPY190628C00273000,273.0,normalDay
2019-06-19,487.0,754.0,0.0,100,293.06,267.0,0,0.0,0.0,,0.0,1,1.89,20.41,SPY190628C00273000,273.0,normalDay
2019-06-20,487.0,767.0,0.0,100,295.86,267.0,0,0.0,0.0,,0.0,1,1.89,23.08,SPY190628C00273000,273.0,normalDay
2019-06-21,487.0,747.0,0.0,100,294.0,267.0,0,0.0,0.0,,0.0,1,1.89,21.42,SPY190628C00273000,273.0,normalDay
2019-06-24,487.0,756.0,0.0,100,293.64,267.0,0,0.0,0.0,,0.0,1,1.89,20.97,SPY190628C00273000,273.0,normalDay
2019-06-25,487.0,757.0,0.0,100,290.76,267.0,0,0.0,0.0,,0.0,1,1.89,18.08,SPY190628C00273000,273.0,normalDay
2019-06-26,487.0,787.0,0.0,100,290.47,267.0,0,0.0,0.0,,0.0,1,1.89,17.49,SPY190628C00273000,273.0,normalDay
2019-06-27,487.0,744.0,0.0,100,291.5,267.0,0,0.0,0.0,,0.0,1,1.89,18.95,SPY190628C00273000,273.0,normalDay
2019-06-28,1276.0,744.0,789.0,0,293.0,0.0,0,0.0,0.0,,0.0,1,1.89,0.0,SPY190628C00273000,273.0,expirationDay
2019-07-01,1276.0,-3.0,0.0,0,295.66,0.0,1,2.29,2.32,SPY190816P00286000,286.0,0,0.0,0.0,,0.0,normalDay
2019-07-02,1276.0,40.0,0.0,0,296.43,0.0,1,2.29,1.89,SPY190816P00286000,286.0,0,0.0,0.0,,0.0,normalDay
2019-07-03,1276.0,84.0,0.0,0,298.8,0.0,1,2.29,1.45,SPY190816P00286000,286.0,0,0.0,0.0,,0.0,normalDay
2019-07-05,1276.0,74.0,0.0,0,298.46,0.0,1,2.29,1.55,SPY190816P00286000,286.0,0,0.0,0.0,,0.0,normalDay
2019-07-08,1276.0,56.0,0.0,0,296.82,0.0,1,2.29,1.73,SPY190816P00286000,286.0,0,0.0,0.0,,0.0,normalDay
2019-07-09,1276.0,54.0,0.0,0,297.19,0.0,1,2.29,1.75,SPY190816P00286000,286.0,0,0.0,0.0,,0.0,normalDay
2019-07-10,1276.0,98.0,0.0,0,298.61,0.0,1,2.29,1.31,SPY190816P00286000,286.0,0,0.0,0.0,,0.0,normalDay
2019-07-11,1276.0,110.0,0.0,0,299.31,0.0,1,2.29,1.19,SPY190816P00286000,286.0,0,0.0,0.0,,0.0,normalDay
2019-07-12,1276.0,132.0,0.0,0,300.65,0.0,1,2.29,0.97,SPY190816P00286000,286.0,0,0.0,0.0,,0.0,normalDay
2019-07-15,1276.0,138.0,0.0,0,300.75,0.0,1,2.29,0.91,SPY190816P00286000,286.0,0,0.0,0.0,,0.0,normalDay
2019-07-16,1276.0,131.0,0.0,0,299.78,0.0,1,2.29,0.98,SPY190816P00286000,286.0,0,0.0,0.0,,0.0,normalDay
2019-07-17,1276.0,101.0,0.0,0,297.74,0.0,1,2.29,1.28,SPY190816P00286000,286.0,0,0.0,0.0,,0.0,normalDay
2019-07-18,1276.0,122.0,0.0,0,298.83,0.0,1,2.29,1.07,SPY190816P00286000,286.0,0,0.0,0.0,,0.0,normalDay
2019-07-19,1276.0,98.0,0.0,0,297.17,0.0,1,2.29,1.31,SPY190816P00286000,286.0,0,0.0,0.0,,0.0,normalDay
2019-07-22,1276.0,131.0,0.0,0,297.9,0.0,1,2.29,0.98,SPY190816P00286000,286.0,0,0.0,0.0,,0.0,normalDay
2019-07-23,1276.0,164.0,0.0,0,300.03,0.0,1,2.29,0.65,SPY190816P00286000,286.0,0,0.0,0.0,,0.0,normalDay
2019-07-24,1276.0,179.0,0.0,0,301.44,0.0,1,2.29,0.5,SPY190816P00286000,286.0,0,0.0,0.0,,0.0,normalDay
2019-07-25,1276.0,170.0,0.0,0,300.0,0.0,1,2.29,0.59,SPY190816P00286000,286.0,0,0.0,0.0,,0.0,normalDay
2019-07-26,1276.0,188.0,0.0,0,302.01,0.0,1,2.29,0.41,SPY190816P00286000,286.0,0,0.0,0.0,,0.0,normalDay
2019-07-29,1276.0,190.0,0.0,0,301.46,0.0,1,2.29,0.39,SPY190816P00286000,286.0,0,0.0,0.0,,0.0,normalDay
2019-07-30,1276.0,179.0,0.0,0,300.72,0.0,1,2.29,0.5,SPY190816P00286000,286.0,0,0.0,0.0,,0.0,normalDay
2019-07-31,1276.0,133.0,0.0,0,297.43,0.0,1,2.29,0.96,SPY190816P00286000,286.0,0,0.0,0.0,,0.0,normalDay
2019-08-01,1276.0,82.0,0.0,0,294.84,0.0,1,2.29,1.47,SPY190816P00286000,286.0,0,0.0,0.0,,0.0,normalDay
2019-08-02,1276.0,54.0,0.0,0,292.62,0.0,1,2.29,1.75,SPY190816P00286000,286.0,0,0.0,0.0,,0.0,normalDay
2019-08-05,1276.0,-385.0,0.0,0,283.82,0.0,1,2.29,6.14,SPY190816P00286000,286.0,0,0.0,0.0,,0.0,normalDay
2019-08-06,1276.0,-83.0,0.0,0,287.8,0.0,1,2.29,3.12,SPY190816P00286000,286.0,0,0.0,0.0,,0.0,normalDay
2019-08-07,1276.0,-55.0,0.0,0,287.97,0.0,1,2.29,2.84,SPY190816P00286000,286.0,0,0.0,0.0,,0.0,normalDay
2019-08-08,1276.0,144.0,0.0,0,293.62,0.0,1,2.29,0.85,SPY190816P00286000,286.0,0,0.0,0.0,,0.0,normalDay
2019-08-09,1276.0,120.0,0.0,0,291.62,0.0,1,2.29,1.09,SPY190816P00286000,286.0,0,0.0,0.0,,0.0,normalDay
2019-08-12,1276.0,23.0,0.0,0,288.07,0.0,1,2.29,2.06,SPY190816P00286000,286.0,0,0.0,0.0,,0.0,normalDay
2019-08-13,1276.0,184.0,0.0,0,292.55,0.0,1,2.29,0.45,SPY190816P00286000,286.0,0,0.0,0.0,,0.0,normalDay
2019-08-14,1276.0,-120.0,0.0,0,283.9,0.0,1,2.29,3.49,SPY190816P00286000,286.0,0,0.0,0.0,,0.0,normalDay
2019-08-15,1276.0,18.0,0.0,0,284.65,0.0,1,2.29,2.11,SPY190816P00286000,286.0,0,0.0,0.0,,0.0,normalDay
2019-08-16,1505.0,0.0,229.0,0,288.85,0.0,1,2.29,0.0,SPY190816P00286000,286.0,0,0.0,0.0,,0.0,expirationDay
2019-08-19,1505.0,-4.0,0.0,0,292.33,0.0,1,4.23,4.27,SPY190930P00286000,286.0,0,0.0,0.0,,0.0,normalDay
2019-08-20,1505.0,-94.0,0.0,0,290.09,0.0,1,4.23,5.17,SPY190930P00286000,286.0,0,0.0,0.0,,0.0,normalDay
2019-08-21,1505.0,47.0,0.0,0,292.45,0.0,1,4.23,3.76,SPY190930P00286000,286.0,0,0.0,0.0,,0.0,normalDay
2019-08-22,1505.0,20.0,0.0,0,292.36,0.0,1,4.23,4.03,SPY190930P00286000,286.0,0,0.0,0.0,,0.0,normalDay
2019-08-23,1505.0,-290.0,0.0,0,284.85,0.0,1,4.23,7.13,SPY190930P00286000,286.0,0,0.0,0.0,,0.0,normalDay
2019-08-26,1505.0,-149.0,0.0,0,288.0,0.0,1,4.23,5.72,SPY190930P00286000,286.0,0,0.0,0.0,,0.0,normalDay
2019-08-27,1505.0,-223.0,0.0,0,286.87,0.0,1,4.23,6.46,SPY190930P00286000,286.0,0,0.0,0.0,,0.0,normalDay
2019-08-28,1505.0,-100.0,0.0,0,288.89,0.0,1,4.23,5.23,SPY190930P00286000,286.0,0,0.0,0.0,,0.0,normalDay
2019-08-29,1505.0,53.0,0.0,0,292.58,0.0,1,4.23,3.7,SPY190930P00286000,286.0,0,0.0,0.0,,0.0,normalDay
2019-08-30,1505.0,39.0,0.0,0,292.45,0.0,1,4.23,3.84,SPY190930P00286000,286.0,0,0.0,0.0,,0.0,normalDay
2019-09-03,1505.0,2.0,0.0,0,290.74,0.0,1,4.23,4.21,SPY190930P00286000,286.0,0,0.0,0.0,,0.0,normalDay
2019-09-04,1505.0,158.0,0.0,0,294.04,0.0,1,4.23,2.65,SPY190930P00286000,286.0,0,0.0,0.0,,0.0,normalDay
2019-09-05,1505.0,257.0,0.0,0,297.82,0.0,1,4.23,1.66,SPY190930P00286000,286.0,0,0.0,0.0,,0.0,normalDay
2019-09-06,1505.0,298.0,0.0,0,298.05,0.0,1,4.23,1.25,SPY190930P00286000,286.0,0,0.0,0.0,,0.0,normalDay
2019-09-09,1505.0,312.0,0.0,0,298.2,0.0,1,4.23,1.11,SPY190930P00286000,286.0,0,0.0,0.0,,0.0,normalDay
2019-09-10,1505.0,319.0,0.0,0,298.13,0.0,1,4.23,1.04,SPY190930P00286000,286.0,0,0.0,0.0,,0.0,normalDay
2019-09-11,1505.0,352.0,0.0,0,300.25,0.0,1,4.23,0.71,SPY190930P00286000,286.0,0,0.0,0.0,,0.0,normalDay
2019-09-12,1505.0,368.0,0.0,0,301.29,0.0,1,4.23,0.55,SPY190930P00286000,286.0,0,0.0,0.0,,0.0,normalDay
2019-09-13,1505.0,374.0,0.0,0,301.09,0.0,1,4.23,0.49,SPY190930P00286000,286.0,0,0.0,0.0,,0.0,normalDay
2019-09-16,1505.0,373.0,0.0,0,300.16,0.0,1,4.23,0.5,SPY190930P00286000,286.0,0,0.0,0.0,,0.0,normalDay
2019-09-17,1505.0,380.0,0.0,0,300.92,0.0,1,4.23,0.43,SPY190930P00286000,286.0,0,0.0,0.0,,0.0,normalDay
2019-09-18,1505.0,389.0,0.0,0,301.1,0.0,1,4.23,0.34,SPY190930P00286000,286.0,0,0.0,0.0,,0.0,normalDay
2019-09-19,1505.0,395.0,0.0,0,301.08,0.0,1,4.23,0.28,SPY190930P00286000,286.0,0,0.0,0.0,,0.0,normalDay
2019-09-20,1505.0,389.0,0.0,0,298.28,0.0,1,4.23,0.34,SPY190930P00286000,286.0,0,0.0,0.0,,0.0,normalDay
2019-09-23,1505.0,409.0,0.0,0,298.21,0.0,1,4.23,0.14,SPY190930P00286000,286.0,0,0.0,0.0,,0.0,normalDay
2019-09-24,1505.0,391.0,0.0,0,295.87,0.0,1,4.23,0.32,SPY190930P00286000,286.0,0,0.0,0.0,,0.0,normalDay
2019-09-25,1505.0,410.0,0.0,0,297.62,0.0,1,4.23,0.13,SPY190930P00286000,286.0,0,0.0,0.0,,0.0,normalDay
2019-09-26,1505.0,416.0,0.0,0,297.0,0.0,1,4.23,0.07,SPY190930P00286000,286.0,0,0.0,0.0,,0.0,normalDay
2019-09-27,1505.0,417.0,0.0,0,295.4,0.0,1,4.23,0.06,SPY190930P00286000,286.0,0,0.0,0.0,,0.0,normalDay
2019-09-30,1928.0,0.0,423.0,0,296.77,0.0,1,4.23,0.0,SPY190930P00286000,286.0,0,0.0,0.0,,0.0,expirationDay
2019-10-01,1928.0,-5.0,0.0,0,293.24,0.0,1,7.51,7.56,SPY191115P00296000,296.0,0,0.0,0.0,,0.0,normalDay
2019-10-02,1928.0,-370.0,0.0,0,288.06,0.0,1,7.51,11.21,SPY191115P00296000,296.0,0,0.0,0.0,,0.0,normalDay
2019-10-03,1928.0,-162.0,0.0,0,290.42,0.0,1,7.51,9.13,SPY191115P00296000,296.0,0,0.0,0.0,,0.0,normalDay
2019-10-04,1928.0,97.0,0.0,0,294.35,0.0,1,7.51,6.54,SPY191115P00296000,296.0,0,0.0,0.0,,0.0,normalDay
2019-10-07,1928.0,39.0,0.0,0,293.08,0.0,1,7.51,7.12,SPY191115P00296000,296.0,0,0.0,0.0,,0.0,normalDay
2019-10-08,1928.0,-252.0,0.0,0,288.53,0.0,1,7.51,10.03,SPY191115P00296000,296.0,0,0.0,0.0,,0.0,normalDay
2019-10-09,1928.0,-66.0,0.0,0,291.27,0.0,1,7.51,8.17,SPY191115P00296000,296.0,0,0.0,0.0,,0.0,normalDay
2019-10-10,1928.0,78.0,0.0,0,293.24,0.0,1,7.51,6.73,SPY191115P00296000,296.0,0,0.0,0.0,,0.0,normalDay
2019-10-11,1928.0,269.0,0.0,0,296.28,0.0,1,7.51,4.82,SPY191115P00296000,296.0,0,0.0,0.0,,0.0,normalDay
2019-10-14,1928.0,298.0,0.0,0,295.95,0.0,1,7.51,4.53,SPY191115P00296000,296.0,0,0.0,0.0,,0.0,normalDay
2019-10-15,1928.0,445.0,0.0,0,298.88,0.0,1,7.51,3.06,SPY191115P00296000,296.0,0,0.0,0.0,,0.0,normalDay
2019-10-16,1928.0,437.0,0.0,0,298.4,0.0,1,7.51,3.14,SPY191115P00296000,296.0,0,0.0,0.0,,0.0,normalDay
2019-10-17,1928.0,462.0,0.0,0,299.28,0.0,1,7.51,2.89,SPY191115P00296000,296.0,0,0.0,0.0,,0.0,normalDay
2019-10-18,1928.0,427.0,0.0,0,297.97,0.0,1,7.51,3.24,SPY191115P00296000,296.0,0,0.0,0.0,,0.0,normalDay
2019-10-21,1928.0,521.0,0.0,0,299.99,0.0,1,7.51,2.3,SPY191115P00296000,296.0,0,0.0,0.0,,0.0,normalDay
2019-10-22,1928.0,489.0,0.0,0,299.01,0.0,1,7.51,2.62,SPY191115P00296000,296.0,0,0.0,0.0,,0.0,normalDay
2019-10-23,1928.0,538.0,0.0,0,299.88,0.0,1,7.51,2.13,SPY191115P00296000,296.0,0,0.0,0.0,,0.0,normalDay
2019-10-24,1928.0,560.0,0.0,0,300.37,0.0,1,7.51,1.91,SPY191115P00296000,296.0,0,0.0,0.0,,0.0,normalDay
2019-10-25,1928.0,615.0,0.0,0,301.6,0.0,1,7.51,1.36,SPY191115P00296000,296.0,0,0.0,0.0,,0.0,normalDay
2019-10-28,1928.0,651.0,0.0,0,303.3,0.0,1,7.51,1.0,SPY191115P00296000,296.0,0,0.0,0.0,,0.0,normalDay
2019-10-29,1928.0,651.0,0.0,0,303.21,0.0,1,7.51,1.0,SPY191115P00296000,296.0,0,0.0,0.0,,0.0,normalDay
2019-10-30,1928.0,684.0,0.0,0,304.14,0.0,1,7.51,0.67,SPY191115P00296000,296.0,0,0.0,0.0,,0.0,normalDay
2019-10-31,1928.0,663.0,0.0,0,303.33,0.0,1,7.51,0.88,SPY191115P00296000,296.0,0,0.0,0.0,,0.0,normalDay
2019-11-01,1928.0,711.0,0.0,0,306.14,0.0,1,7.51,0.4,SPY191115P00296000,296.0,0,0.0,0.0,,0.0,normalDay
2019-11-04,1928.0,724.0,0.0,0,307.37,0.0,1,7.51,0.27,SPY191115P00296000,296.0,0,0.0,0.0,,0.0,normalDay
2019-11-05,1928.0,727.0,0.0,0,307.03,0.0,1,7.51,0.24,SPY191115P00296000,296.0,0,0.0,0.0,,0.0,normalDay
2019-11-06,1928.0,737.0,0.0,0,307.1,0.0,1,7.51,0.14,SPY191115P00296000,296.0,0,0.0,0.0,,0.0,normalDay
2019-11-07,1928.0,741.0,0.0,0,308.18,0.0,1,7.51,0.1,SPY191115P00296000,296.0,0,0.0,0.0,,0.0,normalDay
2019-11-08,1928.0,747.0,0.0,0,308.94,0.0,1,7.51,0.04,SPY191115P00296000,296.0,0,0.0,0.0,,0.0,normalDay
2019-11-11,1928.0,747.0,0.0,0,308.35,0.0,1,7.51,0.04,SPY191115P00296000,296.0,0,0.0,0.0,,0.0,normalDay
2019-11-12,1928.0,748.0,0.0,0,309.0,0.0,1,7.51,0.03,SPY191115P00296000,296.0,0,0.0,0.0,,0.0,normalDay
2019-11-13,1928.0,748.0,0.0,0,309.1,0.0,1,7.51,0.03,SPY191115P00296000,296.0,0,0.0,0.0,,0.0,normalDay
2019-11-14,1928.0,749.0,0.0,0,309.55,0.0,1,7.51,0.02,SPY191115P00296000,296.0,0,0.0,0.0,,0.0,normalDay
2019-11-15,2679.0,0.0,751.0,0,311.79,0.0,1,7.51,0.0,SPY191115P00296000,296.0,0,0.0,0.0,,0.0,expirationDay
2019-11-18,2679.0,-4.0,0.0,0,312.02,0.0,1,2.25,2.29,SPY191231P00302000,302.0,0,0.0,0.0,,0.0,normalDay
2019-11-19,2679.0,-13.0,0.0,0,311.93,0.0,1,2.25,2.38,SPY191231P00302000,302.0,0,0.0,0.0,,0.0,normalDay
2019-11-20,2679.0,-36.0,0.0,0,310.77,0.0,1,2.25,2.61,SPY191231P00302000,302.0,0,0.0,0.0,,0.0,normalDay
2019-11-21,2679.0,-47.0,0.0,0,310.27,0.0,1,2.25,2.72,SPY191231P00302000,302.0,0,0.0,0.0,,0.0,normalDay
2019-11-22,2679.0,-10.0,0.0,0,310.96,0.0,1,2.25,2.35,SPY191231P00302000,302.0,0,0.0,0.0,,0.0,normalDay
2019-11-25,2679.0,57.0,0.0,0,313.37,0.0,1,2.25,1.68,SPY191231P00302000,302.0,0,0.0,0.0,,0.0,normalDay
2019-11-26,2679.0,82.0,0.0,0,314.08,0.0,1,2.25,1.43,SPY191231P00302000,302.0,0,0.0,0.0,,0.0,normalDay
2019-11-27,2679.0,101.0,0.0,0,315.48,0.0,1,2.25,1.24,SPY191231P00302000,302.0,0,0.0,0.0,,0.0,normalDay
2019-11-29,2679.0,76.0,0.0,0,314.31,0.0,1,2.25,1.49,SPY191231P00302000,302.0,0,0.0,0.0,,0.0,normalDay
2019-12-02,2679.0,-5.0,0.0,0,311.64,0.0,1,2.25,2.3,SPY191231P00302000,302.0,0,0.0,0.0,,0.0,normalDay
2019-12-03,2679.0,-74.0,0.0,0,309.55,0.0,1,2.25,2.99,SPY191231P00302000,302.0,0,0.0,0.0,,0.0,normalDay
2019-12-04,2679.0,-7.0,0.0,0,311.46,0.0,1,2.25,2.32,SPY191231P00302000,302.0,0,0.0,0.0,,0.0,normalDay
2019-12-05,2679.0,28.0,0.0,0,312.02,0.0,1,2.25,1.97,SPY191231P00302000,302.0,0,0.0,0.0,,0.0,normalDay
2019-12-06,2679.0,96.0,0.0,0,314.87,0.0,1,2.25,1.29,SPY191231P00302000,302.0,0,0.0,0.0,,0.0,normalDay
2019-12-09,2679.0,65.0,0.0,0,313.88,0.0,1,2.25,1.6,SPY191231P00302000,302.0,0,0.0,0.0,,0.0,normalDay
2019-12-10,2679.0,76.0,0.0,0,313.53,0.0,1,2.25,1.49,SPY191231P00302000,302.0,0,0.0,0.0,,0.0,normalDay
2019-12-11,2679.0,108.0,0.0,0,314.42,0.0,1,2.25,1.17,SPY191231P00302000,302.0,0,0.0,0.0,,0.0,normalDay
2019-12-12,2679.0,149.0,0.0,0,317.13,0.0,1,2.25,0.76,SPY191231P00302000,302.0,0,0.0,0.0,,0.0,normalDay
2019-12-13,2679.0,171.0,0.0,0,317.32,0.0,1,2.25,0.54,SPY191231P00302000,302.0,0,0.0,0.0,,0.0,normalDay
2019-12-16,2679.0,193.0,0.0,0,319.5,0.0,1,2.25,0.32,SPY191231P00302000,302.0,0,0.0,0.0,,0.0,normalDay
2019-12-17,2679.0,197.0,0.0,0,319.57,0.0,1,2.25,0.28,SPY191231P00302000,302.0,0,0.0,0.0,,0.0,normalDay
2019-12-18,2679.0,203.0,0.0,0,319.59,0.0,1,2.25,0.22,SPY191231P00302000,302.0,0,0.0,0.0,,0.0,normalDay
2019-12-19,2679.0,211.0,0.0,0,320.9,0.0,1,2.25,0.14,SPY191231P00302000,302.0,0,0.0,0.0,,0.0,normalDay
2019-12-20,2679.0,214.0,0.0,0,320.73,0.0,1,2.25,0.11,SPY191231P00302000,302.0,0,0.0,0.0,,0.0,normalDay
2019-12-23,2679.0,219.0,0.0,0,321.22,0.0,1,2.25,0.06,SPY191231P00302000,302.0,0,0.0,0.0,,0.0,normalDay
2019-12-24,2679.0,221.0,0.0,0,321.23,0.0,1,2.25,0.04,SPY191231P00302000,302.0,0,0.0,0.0,,0.0,normalDay
2019-12-26,2679.0,223.0,0.0,0,322.94,0.0,1,2.25,0.02,SPY191231P00302000,302.0,0,0.0,0.0,,0.0,normalDay
2019-12-27,2679.0,223.0,0.0,0,322.86,0.0,1,2.25,0.02,SPY191231P00302000,302.0,0,0.0,0.0,,0.0,normalDay
2019-12-30,2679.0,224.0,0.0,0,321.08,0.0,1,2.25,0.01,SPY191231P00302000,302.0,0,0.0,0.0,,0.0,normalDay
2019-12-31,2904.0,0.0,225.0,0,321.86,0.0,1,2.25,0.0,SPY191231P00302000,302.0,0,0.0,0.0,,0.0,expirationDay
2020-01-02,2904.0,-3.0,0.0,0,324.87,0.0,1,2.45,2.48,SPY200221P00314000,314.0,0,0.0,0.0,,0.0,normalDay
2020-01-03,2904.0,-84.0,0.0,0,322.41,0.0,1,2.45,3.29,SPY200221P00314000,314.0,0,0.0,0.0,,0.0,normalDay
2020-01-06,2904.0,-36.0,0.0,0,323.64,0.0,1,2.45,2.81,SPY200221P00314000,314.0,0,0.0,0.0,,0.0,normalDay
2020-01-07,2904.0,-54.0,0.0,0,322.73,0.0,1,2.45,2.99,SPY200221P00314000,314.0,0,0.0,0.0,,0.0,normalDay
2020-01-08,2904.0,4.0,0.0,0,324.45,0.0,1,2.45,2.41,SPY200221P00314000,314.0,0,0.0,0.0,,0.0,normalDay
2020-01-09,2904.0,57.0,0.0,0,326.65,0.0,1,2.45,1.88,SPY200221P00314000,314.0,0,0.0,0.0,,0.0,normalDay
2020-01-10,2904.0,43.0,0.0,0,325.71,0.0,1,2.45,2.02,SPY200221P00314000,314.0,0,0.0,0.0,,0.0,normalDay
2020-01-13,2904.0,95.0,0.0,0,327.95,0.0,1,2.45,1.5,SPY200221P00314000,314.0,0,0.0,0.0,,0.0,normalDay
2020-01-14,2904.0,96.0,0.0,0,327.45,0.0,1,2.45,1.49,SPY200221P00314000,314.0,0,0.0,0.0,,0.0,normalDay
2020-01-15,2904.0,110.0,0.0,0,328.19,0.0,1,2.45,1.35,SPY200221P00314000,314.0,0,0.0,0.0,,0.0,normalDay
2020-01-16,2904.0,137.0,0.0,0,330.92,0.0,1,2.45,1.08,SPY200221P00314000,314.0,0,0.0,0.0,,0.0,normalDay
2020-01-17,2904.0,151.0,0.0,0,331.95,0.0,1,2.45,0.94,SPY200221P00314000,314.0,0,0.0,0.0,,0.0,normalDay
2020-01-21,2904.0,147.0,0.0,0,331.3,0.0,1,2.45,0.98,SPY200221P00314000,314.0,0,0.0,0.0,,0.0,normalDay
2020-01-22,2904.0,149.0,0.0,0,331.34,0.0,1,2.45,0.96,SPY200221P00314000,314.0,0,0.0,0.0,,0.0,normalDay
2020-01-23,2904.0,152.0,0.0,0,331.72,0.0,1,2.45,0.93,SPY200221P00314000,314.0,0,0.0,0.0,,0.0,normalDay
2020-01-24,2904.0,105.0,0.0,0,328.77,0.0,1,2.45,1.4,SPY200221P00314000,314.0,0,0.0,0.0,,0.0,normalDay
2020-01-27,2904.0,-37.0,0.0,0,323.5,0.0,1,2.45,2.82,SPY200221P00314000,314.0,0,0.0,0.0,,0.0,normalDay
2020-01-28,2904.0,77.0,0.0,0,326.89,0.0,1,2.45,1.68,SPY200221P00314000,314.0,0,0.0,0.0,,0.0,normalDay
2020-01-29,2904.0,78.0,0.0,0,326.62,0.0,1,2.45,1.67,SPY200221P00314000,314.0,0,0.0,0.0,,0.0,normalDay
2020-01-30,2904.0,129.0,0.0,0,327.68,0.0,1,2.45,1.16,SPY200221P00314000,314.0,0,0.0,0.0,,0.0,normalDay
2020-01-31,2904.0,-26.0,0.0,0,321.73,0.0,1,2.45,2.71,SPY200221P00314000,314.0,0,0.0,0.0,,0.0,normalDay
2020-02-03,2904.0,54.0,0.0,0,324.12,0.0,1,2.45,1.91,SPY200221P00314000,314.0,0,0.0,0.0,,0.0,normalDay
2020-02-04,2904.0,169.0,0.0,0,329.06,0.0,1,2.45,0.76,SPY200221P00314000,314.0,0,0.0,0.0,,0.0,normalDay
2020-02-05,2904.0,207.0,0.0,0,332.86,0.0,1,2.45,0.38,SPY200221P00314000,314.0,0,0.0,0.0,,0.0,normalDay
2020-02-06,2904.0,211.0,0.0,0,333.98,0.0,1,2.45,0.34,SPY200221P00314000,314.0,0,0.0,0.0,,0.0,normalDay
2020-02-07,2904.0,206.0,0.0,0,332.2,0.0,1,2.45,0.39,SPY200221P00314000,314.0,0,0.0,0.0,,0.0,normalDay
2020-02-10,2904.0,226.0,0.0,0,334.68,0.0,1,2.45,0.19,SPY200221P00314000,314.0,0,0.0,0.0,,0.0,normalDay
2020-02-11,2904.0,228.0,0.0,0,335.26,0.0,1,2.45,0.17,SPY200221P00314000,314.0,0,0.0,0.0,,0.0,normalDay
2020-02-12,2904.0,237.0,0.0,0,337.42,0.0,1,2.45,0.08,SPY200221P00314000,314.0,0,0.0,0.0,,0.0,normalDay
2020-02-13,2904.0,237.0,0.0,0,337.06,0.0,1,2.45,0.08,SPY200221P00314000,314.0,0,0.0,0.0,,0.0,normalDay
2020-02-14,2904.0,241.0,0.0,0,337.6,0.0,1,2.45,0.04,SPY200221P00314000,314.0,0,0.0,0.0,,0.0,normalDay
2020-02-18,2904.0,242.0,0.0,0,336.73,0.0,1,2.45,0.03,SPY200221P00314000,314.0,0,0.0,0.0,,0.0,normalDay
2020-02-19,2904.0,243.0,0.0,0,338.34,0.0,1,2.45,0.02,SPY200221P00314000,314.0,0,0.0,0.0,,0.0,normalDay
2020-02-20,2904.0,244.0,0.0,0,336.95,0.0,1,2.45,0.01,SPY200221P00314000,314.0,0,0.0,0.0,,0.0,normalDay
2020-02-21,3149.0,0.0,245.0,0,333.48,0.0,1,2.45,0.0,SPY200221P00314000,314.0,0,0.0,0.0,,0.0,expirationDay
2020-02-24,3149.0,-17.0,0.0,0,322.42,0.0,1,10.92,11.09,SPY200417P00325000,325.0,0,0.0,0.0,,0.0,normalDay
2020-02-25,3149.0,-572.0,0.0,0,312.65,0.0,1,10.92,16.64,SPY200417P00325000,325.0,0,0.0,0.0,,0.0,normalDay
2020-02-26,3149.0,-700.0,0.0,0,311.5,0.0,1,10.92,17.92,SPY200417P00325000,325.0,0,0.0,0.0,,0.0,normalDay
2020-02-27,3149.0,-1909.0,0.0,0,297.51,0.0,1,10.92,30.01,SPY200417P00325000,325.0,0,0.0,0.0,,0.0,normalDay
2020-02-28,3149.0,-2027.0,0.0,0,296.26,0.0,1,10.92,31.19,SPY200417P00325000,325.0,0,0.0,0.0,,0.0,normalDay
2020-03-02,3149.0,-905.0,0.0,0,309.09,0.0,1,10.92,19.97,SPY200417P00325000,325.0,0,0.0,0.0,,0.0,normalDay
2020-03-03,3149.0,-1543.0,0.0,0,300.24,0.0,1,10.92,26.35,SPY200417P00325000,325.0,0,0.0,0.0,,0.0,normalDay
2020-03-04,3149.0,-717.0,0.0,0,312.86,0.0,1,10.92,18.09,SPY200417P00325000,325.0,0,0.0,0.0,,0.0,normalDay
2020-03-05,3149.0,-1589.0,0.0,0,302.46,0.0,1,10.92,26.81,SPY200417P00325000,325.0,0,0.0,0.0,,0.0,normalDay
2020-03-06,3149.0,-2044.0,0.0,0,297.46,0.0,1,10.92,31.36,SPY200417P00325000,325.0,0,0.0,0.0,,0.0,normalDay
2020-03-09,3149.0,-4255.0,0.0,0,274.23,0.0,1,10.92,53.47,SPY200417P00325000,325.0,0,0.0,0.0,,0.0,normalDay
2020-03-10,3149.0,-2874.0,0.0,0,288.42,0.0,1,10.92,39.66,SPY200417P00325000,325.0,0,0.0,0.0,,0.0,normalDay
2020-03-11,3149.0,-4208.0,0.0,0,274.36,0.0,1,10.92,53.0,SPY200417P00325000,325.0,0,0.0,0.0,,0.0,normalDay
2020-03-12,3149.0,-6765.0,0.0,0,248.11,0.0,1,10.92,78.57,SPY200417P00325000,325.0,0,0.0,0.0,,0.0,normalDay
2020-03-13,3149.0,-4746.0,0.0,0,269.32,0.0,1,10.92,58.38,SPY200417P00325000,325.0,0,0.0,0.0,,0.0,normalDay
2020-03-16,3149.0,-7292.0,0.0,0,239.85,0.0,1,10.92,83.84,SPY200417P00325000,325.0,0,0.0,0.0,,0.0,normalDay
2020-03-17,3149.0,-6446.0,0.0,0,252.8,0.0,1,10.92,75.38,SPY200417P00325000,325.0,0,0.0,0.0,,0.0,normalDay
2020-03-18,3149.0,-7550.0,0.0,0,240.0,0.0,1,10.92,86.42,SPY200417P00325000,325.0,0,0.0,0.0,,0.0,normalDay
2020-03-19,3149.0,-7555.0,0.0,0,240.51,0.0,1,10.92,86.47,SPY200417P00325000,325.0,0,0.0,0.0,,0.0,normalDay
2020-03-20,3149.0,-8513.0,0.0,0,228.8,0.0,1,10.92,96.05,SPY200417P00325000,325.0,0,0.0,0.0,,0.0,normalDay
2020-03-23,3149.0,-9313.0,0.0,0,222.95,0.0,1,10.92,104.05,SPY200417P00325000,325.0,0,0.0,0.0,,0.0,normalDay
2020-03-24,3149.0,-7181.0,0.0,0,243.15,0.0,1,10.92,82.73,SPY200417P00325000,325.0,0,0.0,0.0,,0.0,normalDay
2020-03-25,3149.0,-6720.0,0.0,0,246.79,0.0,1,10.92,78.12,SPY200417P00325000,325.0,0,0.0,0.0,,0.0,normalDay
2020-03-26,3149.0,-5366.0,0.0,0,261.2,0.0,1,10.92,64.58,SPY200417P00325000,325.0,0,0.0,0.0,,0.0,normalDay
2020-03-27,3149.0,-6153.0,0.0,0,253.42,0.0,1,10.92,72.45,SPY200417P00325000,325.0,0,0.0,0.0,,0.0,normalDay
2020-03-30,3149.0,-5353.0,0.0,0,261.65,0.0,1,10.92,64.45,SPY200417P00325000,325.0,0,0.0,0.0,,0.0,normalDay
2020-03-31,3149.0,-5764.0,0.0,0,257.75,0.0,1,10.92,68.56,SPY200417P00325000,325.0,0,0.0,0.0,,0.0,normalDay
2020-04-01,3149.0,-6864.0,0.0,0,246.15,0.0,1,10.92,79.56,SPY200417P00325000,325.0,0,0.0,0.0,,0.0,normalDay
2020-04-02,3149.0,-6182.0,0.0,0,251.83,0.0,1,10.92,72.74,SPY200417P00325000,325.0,0,0.0,0.0,,0.0,normalDay
2020-04-03,3149.0,-6590.0,0.0,0,248.19,0.0,1,10.92,76.82,SPY200417P00325000,325.0,0,0.0,0.0,,0.0,normalDay
2020-04-06,3149.0,-4935.0,0.0,0,264.86,0.0,1,10.92,60.27,SPY200417P00325000,325.0,0,0.0,0.0,,0.0,normalDay
2020-04-07,3149.0,-5041.0,0.0,0,265.13,0.0,1,10.92,61.33,SPY200417P00325000,325.0,0,0.0,0.0,,0.0,normalDay
2020-04-08,3149.0,-4022.0,0.0,0,274.03,0.0,1,10.92,51.14,SPY200417P00325000,325.0,0,0.0,0.0,,0.0,normalDay
2020-04-09,3149.0,-3589.0,0.0,0,278.2,0.0,1,10.92,46.81,SPY200417P00325000,325.0,0,0.0,0.0,,0.0,normalDay
2020-04-13,3149.0,-3857.0,0.0,0,275.66,0.0,1,10.92,49.49,SPY200417P00325000,325.0,0,0.0,0.0,,0.0,normalDay
2020-04-14,3149.0,-3019.0,0.0,0,283.79,0.0,1,10.92,41.11,SPY200417P00325000,325.0,0,0.0,0.0,,0.0,normalDay
2020-04-15,3149.0,-3655.0,0.0,0,277.76,0.0,1,10.92,47.47,SPY200417P00325000,325.0,0,0.0,0.0,,0.0,normalDay
2020-04-16,3149.0,-3505.0,0.0,0,279.1,0.0,1,10.92,45.97,SPY200417P00325000,325.0,0,0.0,0.0,,0.0,normalDay
2020-04-17,4241.0,-3836.0,1092.0,100,286.64,325.0,1,10.92,0.0,SPY200417P00325000,325.0,0,0.0,0.0,,0.0,expirationDay
2020-04-20,4241.0,-4406.0,0.0,100,281.59,325.0,0,0.0,0.0,,0.0,1,28.78,29.43,SPY201120C00278000,278.0,normalDay
2020-04-21,4241.0,-4868.0,0.0,100,273.04,325.0,0,0.0,0.0,,0.0,1,28.78,25.5,SPY201120C00278000,278.0,normalDay
2020-04-22,4241.0,-4532.0,0.0,100,279.1,325.0,0,0.0,0.0,,0.0,1,28.78,28.2,SPY201120C00278000,278.0,normalDay
2020-04-23,4241.0,-4513.0,0.0,100,279.08,325.0,0,0.0,0.0,,0.0,1,28.78,27.99,SPY201120C00278000,278.0,normalDay
2020-04-24,4241.0,-4244.0,0.0,100,282.97,325.0,0,0.0,0.0,,0.0,1,28.78,29.19,SPY201120C00278000,278.0,normalDay
2020-04-27,4241.0,-3972.0,0.0,100,287.05,325.0,0,0.0,0.0,,0.0,1,28.78,30.55,SPY201120C00278000,278.0,normalDay
2020-04-28,4241.0,-4017.0,0.0,100,285.73,325.0,0,0.0,0.0,,0.0,1,28.78,29.68,SPY201120C00278000,278.0,normalDay
2020-04-29,4241.0,-3677.0,0.0,100,293.21,325.0,0,0.0,0.0,,0.0,1,28.78,33.76,SPY201120C00278000,278.0,normalDay
2020-04-30,4241.0,-3748.0,0.0,100,290.48,325.0,0,0.0,0.0,,0.0,1,28.78,31.74,SPY201120C00278000,278.0,normalDay
2020-05-01,4241.0,-4164.0,0.0,100,282.79,325.0,0,0.0,0.0,,0.0,1,28.78,28.21,SPY201120C00278000,278.0,normalDay
2020-05-04,4241.0,-4058.0,0.0,100,283.57,325.0,0,0.0,0.0,,0.0,1,28.78,27.93,SPY201120C00278000,278.0,normalDay
2020-05-05,4241.0,-3951.0,0.0,100,286.19,325.0,0,0.0,0.0,,0.0,1,28.78,29.48,SPY201120C00278000,278.0,normalDay
2020-05-06,4241.0,-4005.0,0.0,100,284.25,325.0,0,0.0,0.0,,0.0,1,28.78,28.08,SPY201120C00278000,278.0,normalDay
2020-05-07,4241.0,-3863.0,0.0,100,287.68,325.0,0,0.0,0.0,,0.0,1,28.78,30.09,SPY201120C00278000,278.0,normalDay
2020-05-08,4241.0,-3608.0,0.0,100,292.44,325.0,0,0.0,0.0,,0.0,1,28.78,32.3,SPY201120C00278000,278.0,normalDay
2020-05-11,4241.0,-3553.0,0.0,100,292.5,325.0,0,0.0,0.0,,0.0,1,28.78,31.81,SPY201120C00278000,278.0,normalDay
2020-05-12,4241.0,-3731.0,0.0,100,286.67,325.0,0,0.0,0.0,,0.0,1,28.78,27.76,SPY201120C00278000,278.0,normalDay
2020-05-13,4241.0,-4082.0,0.0,100,281.6,325.0,0,0.0,0.0,,0.0,1,28.78,26.2,SPY201120C00278000,278.0,normalDay
2020-05-14,4241.0,-3908.0,0.0,100,284.97,325.0,0,0.0,0.0,,0.0,1,28.78,27.83,SPY201120C00278000,278.0,normalDay
2020-05-15,4241.0,-3741.0,0.0,100,286.28,325.0,0,0.0,0.0,,0.0,1,28.78,27.47,SPY201120C00278000,278.0,normalDay
2020-05-18,4241.0,-3408.0,0.0,100,295.0,325.0,0,0.0,0.0,,0.0,1,28.78,32.86,SPY201120C00278000,278.0,normalDay
2020-05-19,4241.0,-3551.0,0.0,100,291.97,325.0,0,0.0,0.0,,0.0,1,28.78,31.26,SPY201120C00278000,278.0,normalDay
2020-05-20,4241.0,-3335.0,0.0,100,296.93,325.0,0,0.0,0.0,,0.0,1,28.78,34.06,SPY201120C00278000,278.0,normalDay
2020-05-21,4241.0,-3396.0,0.0,100,294.88,325.0,0,0.0,0.0,,0.0,1,28.78,32.62,SPY201120C00278000,278.0,normalDay
2020-05-22,4241.0,-3381.0,0.0,100,295.44,325.0,0,0.0,0.0,,0.0,1,28.78,33.03,SPY201120C00278000,278.0,normalDay
2020-05-26,4241.0,-3237.0,0.0,100,299.08,325.0,0,0.0,0.0,,0.0,1,28.78,35.23,SPY201120C00278000,278.0,normalDay
2020-05-27,4241.0,-3072.0,0.0,100,303.53,325.0,0,0.0,0.0,,0.0,1,28.78,38.03,SPY201120C00278000,278.0,normalDay
2020-05-28,4241.0,-3154.0,0.0,100,302.97,325.0,0,0.0,0.0,,0.0,1,28.78,38.29,SPY201120C00278000,278.0,normalDay
2020-05-29,4241.0,-3091.0,0.0,100,304.32,325.0,0,0.0,0.0,,0.0,1,28.78,39.01,SPY201120C00278000,278.0,normalDay
2020-06-01,4241.0,-2985.0,0.0,100,305.55,325.0,0,0.0,0.0,,0.0,1,28.78,39.18,SPY201120C00278000,278.0,normalDay
2020-06-02,4241.0,-2875.0,0.0,100,308.08,325.0,0,0.0,0.0,,0.0,1,28.78,40.61,SPY201120C00278000,278.0,normalDay
2020-06-03,4241.0,-2777.0,0.0,100,312.18,325.0,0,0.0,0.0,,0.0,1,28.78,43.73,SPY201120C00278000,278.0,normalDay
2020-06-04,4241.0,-2799.0,0.0,100,311.36,325.0,0,0.0,0.0,,0.0,1,28.78,43.13,SPY201120C00278000,278.0,normalDay
2020-06-05,4241.0,-2584.0,0.0,100,319.34,325.0,0,0.0,0.0,,0.0,1,28.78,48.96,SPY201120C00278000,278.0,normalDay
2020-06-08,4241.0,-2488.0,0.0,100,323.2,325.0,0,0.0,0.0,,0.0,1,28.78,51.86,SPY201120C00278000,278.0,normalDay
2020-06-09,4241.0,-2690.0,0.0,100,320.79,325.0,0,0.0,0.0,,0.0,1,28.78,51.47,SPY201120C00278000,278.0,normalDay
2020-06-10,4241.0,-2644.0,0.0,100,319.0,325.0,0,0.0,0.0,,0.0,1,28.78,49.22,SPY201120C00278000,278.0,normalDay
2020-06-11,4241.0,-3512.0,0.0,100,300.61,325.0,0,0.0,0.0,,0.0,1,28.78,39.51,SPY201120C00278000,278.0,normalDay
2020-06-12,4241.0,-3239.0,0.0,100,304.21,325.0,0,0.0,0.0,,0.0,1,28.78,40.38,SPY201120C00278000,278.0,normalDay
2020-06-15,4241.0,-3143.0,0.0,100,307.05,325.0,0,0.0,0.0,,0.0,1,28.78,42.26,SPY201120C00278000,278.0,normalDay
2020-06-16,4241.0,-2977.0,0.0,100,312.96,325.0,0,0.0,0.0,,0.0,1,28.78,46.51,SPY201120C00278000,278.0,normalDay
2020-06-17,4241.0,-3051.0,0.0,100,311.66,325.0,0,0.0,0.0,,0.0,1,28.78,45.95,SPY201120C00278000,278.0,normalDay
2020-06-18,4241.0,-3004.0,0.0,100,311.78,325.0,0,0.0,0.0,,0.0,1,28.78,45.6,SPY201120C00278000,278.0,normalDay
2020-06-19,4241.0,-3121.0,0.0,100,308.64,325.0,0,0.0,0.0,,0.0,1,28.78,43.63,SPY201120C00278000,278.0,normalDay
2020-06-22,4241.0,-3048.0,0.0,100,310.62,325.0,0,0.0,0.0,,0.0,1,28.78,44.88,SPY201120C00278000,278.0,normalDay
2020-06-23,4241.0,-2969.0,0.0,100,312.05,325.0,0,0.0,0.0,,0.0,1,28.78,45.52,SPY201120C00278000,278.0,normalDay
2020-06-24,4241.0,-3269.0,0.0,100,304.09,325.0,0,0.0,0.0,,0.0,1,28.78,40.56,SPY201120C00278000,278.0,normalDay
2020-06-25,4241.0,-3095.0,0.0,100,307.35,325.0,0,0.0,0.0,,0.0,1,28.78,42.08,SPY201120C00278000,278.0,normalDay
2020-06-26,4241.0,-3386.0,0.0,100,300.05,325.0,0,0.0,0.0,,0.0,1,28.78,37.69,SPY201120C00278000,278.0,normalDay
2020-06-29,4241.0,-3129.0,0.0,100,304.46,325.0,0,0.0,0.0,,0.0,1,28.78,39.53,SPY201120C00278000,278.0,normalDay
2020-06-30,4241.0,-2944.0,0.0,100,308.36,325.0,0,0.0,0.0,,0.0,1,28.78,41.58,SPY201120C00278000,278.0,normalDay
2020-07-01,4241.0,-2859.0,0.0,100,310.52,325.0,0,0.0,0.0,,0.0,1,28.78,42.89,SPY201120C00278000,278.0,normalDay
2020-07-02,4241.0,-2836.0,0.0,100,312.23,325.0,0,0.0,0.0,,0.0,1,28.78,44.37,SPY201120C00278000,278.0,normalDay
2020-07-06,4241.0,-2690.0,0.0,100,317.05,325.0,0,0.0,0.0,,0.0,1,28.78,47.73,SPY201120C00278000,278.0,normalDay
2020-07-07,4241.0,-2805.0,0.0,100,313.78,325.0,0,0.0,0.0,,0.0,1,28.78,45.61,SPY201120C00278000,278.0,normalDay
2020-07-08,4241.0,-2725.0,0.0,100,316.18,325.0,0,0.0,0.0,,0.0,1,28.78,47.21,SPY201120C00278000,278.0,normalDay
2020-07-09,4241.0,-2774.0,0.0,100,314.38,325.0,0,0.0,0.0,,0.0,1,28.78,45.9,SPY201120C00278000,278.0,normalDay
2020-07-10,4241.0,-2695.0,0.0,100,317.59,325.0,0,0.0,0.0,,0.0,1,28.78,48.32,SPY201120C00278000,278.0,normalDay
2020-07-13,4241.0,-2831.0,0.0,100,314.84,325.0,0,0.0,0.0,,0.0,1,28.78,46.93,SPY201120C00278000,278.0,normalDay
2020-07-14,4241.0,-2653.0,0.0,100,318.92,325.0,0,0.0,0.0,,0.0,1,28.78,49.23,SPY201120C00278000,278.0,normalDay
2020-07-15,4241.0,-2604.0,0.0,100,321.85,325.0,0,0.0,0.0,,0.0,1,28.78,51.67,SPY201120C00278000,278.0,normalDay
2020-07-16,4241.0,-2521.0,0.0,100,320.79,325.0,0,0.0,0.0,,0.0,1,28.78,49.78,SPY201120C00278000,278.0,normalDay
2020-07-17,4241.0,-2560.0,0.0,100,321.72,325.0,0,0.0,0.0,,0.0,1,28.78,51.1,SPY201120C00278000,278.0,normalDay
2020-07-20,4241.0,-2468.0,0.0,100,324.32,325.0,0,0.0,0.0,,0.0,1,28.78,52.78,SPY201120C00278000,278.0,normalDay
2020-07-21,4241.0,-2459.0,0.0,100,325.01,325.0,0,0.0,0.0,,0.0,1,28.78,53.38,SPY201120C00278000,278.0,normalDay
2020-07-22,4241.0,-2383.0,0.0,100,326.86,325.0,0,0.0,0.0,,0.0,1,28.78,54.47,SPY201120C00278000,278.0,normalDay
2020-07-23,4241.0,-2411.0,0.0,100,322.96,325.0,0,0.0,0.0,,0.0,1,28.78,50.85,SPY201120C00278000,278.0,normalDay
2020-07-24,4241.0,-2492.0,0.0,100,320.88,325.0,0,0.0,0.0,,0.0,1,28.78,49.58,SPY201120C00278000,278.0,normalDay
2020-07-27,4241.0,-2435.0,0.0,100,323.22,325.0,0,0.0,0.0,,0.0,1,28.78,51.35,SPY201120C00278000,278.0,normalDay
2020-07-28,4241.0,-2449.0,0.0,100,321.17,325.0,0,0.0,0.0,,0.0,1,28.78,49.44,SPY201120C00278000,278.0,normalDay
2020-07-29,4241.0,-2382.0,0.0,100,325.12,325.0,0,0.0,0.0,,0.0,1,28.78,52.72,SPY201120C00278000,278.0,normalDay
2020-07-30,4241.0,-2440.0,0.0,100,323.96,325.0,0,0.0,0.0,,0.0,1,28.78,52.14,SPY201120C00278000,278.0,normalDay
2020-07-31,4241.0,-2397.0,0.0,100,326.52,325.0,0,0.0,0.0,,0.0,1,28.78,54.27,SPY201120C00278000,278.0,normalDay
2020-08-03,4241.0,-2324.0,0.0,100,328.79,325.0,0,0.0,0.0,,0.0,1,28.78,55.81,SPY201120C00278000,278.0,normalDay
2020-08-04,4241.0,-2264.0,0.0,100,330.06,325.0,0,0.0,0.0,,0.0,1,28.78,56.48,SPY201120C00278000,278.0,normalDay
2020-08-05,4241.0,-2227.0,0.0,100,332.11,325.0,0,0.0,0.0,,0.0,1,28.78,58.16,SPY201120C00278000,278.0,normalDay
2020-08-06,4241.0,-2221.0,0.0,100,334.33,325.0,0,0.0,0.0,,0.0,1,28.78,60.32,SPY201120C00278000,278.0,normalDay
2020-08-07,4241.0,-2200.0,0.0,100,334.57,325.0,0,0.0,0.0,,0.0,1,28.78,60.35,SPY201120C00278000,278.0,normalDay
2020-08-10,4241.0,-2154.0,0.0,100,335.57,325.0,0,0.0,0.0,,0.0,1,28.78,60.89,SPY201120C00278000,278.0,normalDay
2020-08-11,4241.0,-2232.0,0.0,100,332.8,325.0,0,0.0,0.0,,0.0,1,28.78,58.9,SPY201120C00278000,278.0,normalDay
2020-08-12,4241.0,-2151.0,0.0,100,337.44,325.0,0,0.0,0.0,,0.0,1,28.78,62.73,SPY201120C00278000,278.0,normalDay
2020-08-13,4241.0,-2137.0,0.0,100,336.83,325.0,0,0.0,0.0,,0.0,1,28.78,61.98,SPY201120C00278000,278.0,normalDay
2020-08-14,4241.0,-2138.0,0.0,100,336.84,325.0,0,0.0,0.0,,0.0,1,28.78,62.0,SPY201120C00278000,278.0,normalDay
2020-08-17,4241.0,-2097.0,0.0,100,337.91,325.0,0,0.0,0.0,,0.0,1,28.78,62.66,SPY201120C00278000,278.0,normalDay
2020-08-18,4241.0,-2084.0,0.0,100,338.64,325.0,0,0.0,0.0,,0.0,1,28.78,63.26,SPY201120C00278000,278.0,normalDay
2020-08-19,4241.0,-2118.0,0.0,100,337.23,325.0,0,0.0,0.0,,0.0,1,28.78,62.19,SPY201120C00278000,278.0,normalDay
2020-08-20,4241.0,-2089.0,0.0,100,338.28,325.0,0,0.0,0.0,,0.0,1,28.78,62.95,SPY201120C00278000,278.0,normalDay
2020-08-21,4241.0,-2102.0,0.0,100,339.48,325.0,0,0.0,0.0,,0.0,1,28.78,64.28,SPY201120C00278000,278.0,normalDay
2020-08-24,4241.0,-2042.0,0.0,100,342.92,325.0,0,0.0,0.0,,0.0,1,28.78,67.12,SPY201120C00278000,278.0,normalDay
2020-08-25,4241.0,-2050.0,0.0,100,344.12,325.0,0,0.0,0.0,,0.0,1,28.78,68.4,SPY201120C00278000,278.0,normalDay
2020-08-26,4241.0,-2039.0,0.0,100,347.57,325.0,0,0.0,0.0,,0.0,1,28.78,71.74,SPY201120C00278000,278.0,normalDay
2020-08-27,4241.0,-2080.0,0.0,100,348.33,325.0,0,0.0,0.0,,0.0,1,28.78,72.91,SPY201120C00278000,278.0,normalDay
2020-08-28,4241.0,-2037.0,0.0,100,350.58,325.0,0,0.0,0.0,,0.0,1,28.78,74.73,SPY201120C00278000,278.0,normalDay
2020-08-31,4241.0,-2122.0,0.0,100,349.31,325.0,0,0.0,0.0,,0.0,1,28.78,74.31,SPY201120C00278000,278.0,normalDay
2020-09-01,4241.0,-2048.0,0.0,100,352.6,325.0,0,0.0,0.0,,0.0,1,28.78,76.86,SPY201120C00278000,278.0,normalDay
2020-09-02,4241.0,-2059.0,0.0,100,357.7,325.0,0,0.0,0.0,,0.0,1,28.78,82.07,SPY201120C00278000,278.0,normalDay
2020-09-03,4241.0,-2298.0,0.0,100,345.39,325.0,0,0.0,0.0,,0.0,1,28.78,72.15,SPY201120C00278000,278.0,normalDay
2020-09-04,4241.0,-2126.0,0.0,100,342.57,325.0,0,0.0,0.0,,0.0,1,28.78,67.61,SPY201120C00278000,278.0,normalDay
2020-09-08,4241.0,-2185.0,0.0,100,333.21,325.0,0,0.0,0.0,,0.0,1,28.78,58.84,SPY201120C00278000,278.0,normalDay
2020-09-09,4241.0,-2022.0,0.0,100,339.79,325.0,0,0.0,0.0,,0.0,1,28.78,63.79,SPY201120C00278000,278.0,normalDay
2020-09-10,4241.0,-2122.0,0.0,100,333.89,325.0,0,0.0,0.0,,0.0,1,28.78,58.89,SPY201120C00278000,278.0,normalDay
2020-09-11,4241.0,-1977.0,0.0,100,334.06,325.0,0,0.0,0.0,,0.0,1,28.78,57.61,SPY201120C00278000,278.0,normalDay
2020-09-14,4241.0,-1975.0,0.0,100,338.46,325.0,0,0.0,0.0,,0.0,1,28.78,61.99,SPY201120C00278000,278.0,normalDay
2020-09-15,4241.0,-2007.0,0.0,100,340.17,325.0,0,0.0,0.0,,0.0,1,28.78,64.02,SPY201120C00278000,278.0,normalDay
2020-09-16,4241.0,-1956.0,0.0,100,338.82,325.0,0,0.0,0.0,,0.0,1,28.78,62.16,SPY201120C00278000,278.0,normalDay
2020-09-17,4241.0,-1996.0,0.0,100,335.84,325.0,0,0.0,0.0,,0.0,1,28.78,59.58,SPY201120C00278000,278.0,normalDay
2020-09-18,4241.0,-2094.0,0.0,100,330.65,325.0,0,0.0,0.0,,0.0,1,28.78,55.37,SPY201120C00278000,278.0,normalDay
2020-09-21,4241.0,-2160.0,0.0,100,326.97,325.0,0,0.0,0.0,,0.0,1,28.78,52.35,SPY201120C00278000,278.0,normalDay
2020-09-22,4241.0,-2062.0,0.0,100,330.3,325.0,0,0.0,0.0,,0.0,1,28.78,54.7,SPY201120C00278000,278.0,normalDay
2020-09-23,4241.0,-2190.0,0.0,100,322.64,325.0,0,0.0,0.0,,0.0,1,28.78,48.32,SPY201120C00278000,278.0,normalDay
2020-09-24,4241.0,-2186.0,0.0,100,323.5,325.0,0,0.0,0.0,,0.0,1,28.78,49.14,SPY201120C00278000,278.0,normalDay
2020-09-25,4241.0,-2070.0,0.0,100,328.73,325.0,0,0.0,0.0,,0.0,1,28.78,53.21,SPY201120C00278000,278.0,normalDay
2020-09-28,4241.0,-2022.0,0.0,100,334.19,325.0,0,0.0,0.0,,0.0,1,28.78,58.19,SPY201120C00278000,278.0,normalDay
2020-09-29,4241.0,-2090.0,0.0,100,332.37,325.0,0,0.0,0.0,,0.0,1,28.78,57.05,SPY201120C00278000,278.0,normalDay
2020-09-30,4241.0,-1909.0,0.0,100,334.89,325.0,0,0.0,0.0,,0.0,1,28.78,57.76,SPY201120C00278000,278.0,normalDay
2020-10-01,4241.0,-2003.0,0.0,100,337.04,325.0,0,0.0,0.0,,0.0,1,28.78,60.85,SPY201120C00278000,278.0,normalDay
2020-10-02,4241.0,-2016.0,0.0,100,333.84,325.0,0,0.0,0.0,,0.0,1,28.78,57.78,SPY201120C00278000,278.0,normalDay
2020-10-05,4241.0,-1926.0,0.0,100,339.76,325.0,0,0.0,0.0,,0.0,1,28.78,62.8,SPY201120C00278000,278.0,normalDay
2020-10-06,4241.0,-2033.0,0.0,100,334.93,325.0,0,0.0,0.0,,0.0,1,28.78,59.04,SPY201120C00278000,278.0,normalDay
2020-10-07,4241.0,-1927.0,0.0,100,340.76,325.0,0,0.0,0.0,,0.0,1,28.78,63.81,SPY201120C00278000,278.0,normalDay
2020-10-08,4241.0,-1896.0,0.0,100,343.78,325.0,0,0.0,0.0,,0.0,1,28.78,66.52,SPY201120C00278000,278.0,normalDay
2020-10-09,4241.0,-1913.0,0.0,100,346.85,325.0,0,0.0,0.0,,0.0,1,28.78,69.76,SPY201120C00278000,278.0,normalDay
2020-10-12,4241.0,-1900.0,0.0,100,352.43,325.0,0,0.0,0.0,,0.0,1,28.78,75.21,SPY201120C00278000,278.0,normalDay
2020-10-13,4241.0,-1901.0,0.0,100,350.13,325.0,0,0.0,0.0,,0.0,1,28.78,72.92,SPY201120C00278000,278.0,normalDay
2020-10-14,4241.0,-1898.0,0.0,100,347.93,325.0,0,0.0,0.0,,0.0,1,28.78,70.69,SPY201120C00278000,278.0,normalDay
2020-10-15,4241.0,-1899.0,0.0,100,347.5,325.0,0,0.0,0.0,,0.0,1,28.78,70.27,SPY201120C00278000,278.0,normalDay
2020-10-16,4241.0,-1858.0,0.0,100,347.29,325.0,0,0.0,0.0,,0.0,1,28.78,69.65,SPY201120C00278000,278.0,normalDay
2020-10-19,4241.0,-1935.0,0.0,100,342.01,325.0,0,0.0,0.0,,0.0,1,28.78,65.14,SPY201120C00278000,278.0,normalDay
2020-10-20,4241.0,-1885.0,0.0,100,343.38,325.0,0,0.0,0.0,,0.0,1,28.78,66.01,SPY201120C00278000,278.0,normalDay
2020-10-21,4241.0,-1958.0,0.0,100,342.73,325.0,0,0.0,0.0,,0.0,1,28.78,66.09,SPY201120C00278000,278.0,normalDay
2020-10-22,4241.0,-1867.0,0.0,100,344.61,325.0,0,0.0,0.0,,0.0,1,28.78,67.06,SPY201120C00278000,278.0,normalDay
2020-10-23,4241.0,-1836.0,0.0,100,345.78,325.0,0,0.0,0.0,,0.0,1,28.78,67.92,SPY201120C00278000,278.0,normalDay
2020-10-26,4241.0,-1923.0,0.0,100,339.39,325.0,0,0.0,0.0,,0.0,1,28.78,62.4,SPY201120C00278000,278.0,normalDay
2020-10-27,4241.0,-1932.0,0.0,100,338.22,325.0,0,0.0,0.0,,0.0,1,28.78,61.32,SPY201120C00278000,278.0,normalDay
2020-10-28,4241.0,-2012.0,0.0,100,326.66,325.0,0,0.0,0.0,,0.0,1,28.78,50.56,SPY201120C00278000,278.0,normalDay
2020-10-29,4241.0,-2071.0,0.0,100,329.98,325.0,0,0.0,0.0,,0.0,1,28.78,54.47,SPY201120C00278000,278.0,normalDay
2020-10-30,4241.0,-2072.0,0.0,100,326.54,325.0,0,0.0,0.0,,0.0,1,28.78,51.04,SPY201120C00278000,278.0,normalDay
2020-11-02,4241.0,-1981.0,0.0,100,330.2,325.0,0,0.0,0.0,,0.0,1,28.78,53.79,SPY201120C00278000,278.0,normalDay
2020-11-03,4241.0,-1847.0,0.0,100,336.03,325.0,0,0.0,0.0,,0.0,1,28.78,58.28,SPY201120C00278000,278.0,normalDay
2020-11-04,4241.0,-1896.0,0.0,100,343.54,325.0,0,0.0,0.0,,0.0,1,28.78,66.28,SPY201120C00278000,278.0,normalDay
2020-11-05,4241.0,-1891.0,0.0,100,350.24,325.0,0,0.0,0.0,,0.0,1,28.78,72.93,SPY201120C00278000,278.0,normalDay
2020-11-06,4241.0,-1859.0,0.0,100,350.16,325.0,0,0.0,0.0,,0.0,1,28.78,72.53,SPY201120C00278000,278.0,normalDay
2020-11-09,4241.0,-1962.0,0.0,100,354.56,325.0,0,0.0,0.0,,0.0,1,28.78,77.96,SPY201120C00278000,278.0,normalDay
2020-11-10,4241.0,-1918.0,0.0,100,354.04,325.0,0,0.0,0.0,,0.0,1,28.78,77.0,SPY201120C00278000,278.0,normalDay
2020-11-11,4241.0,-1917.0,0.0,100,356.67,325.0,0,0.0,0.0,,0.0,1,28.78,79.62,SPY201120C00278000,278.0,normalDay
2020-11-12,4241.0,-1907.0,0.0,100,353.21,325.0,0,0.0,0.0,,0.0,1,28.78,76.06,SPY201120C00278000,278.0,normalDay
2020-11-13,4241.0,-1857.0,0.0,100,358.1,325.0,0,0.0,0.0,,0.0,1,28.78,80.45,SPY201120C00278000,278.0,normalDay
2020-11-16,4241.0,-1834.0,0.0,100,362.57,325.0,0,0.0,0.0,,0.0,1,28.78,84.69,SPY201120C00278000,278.0,normalDay
2020-11-17,4241.0,-1855.0,0.0,100,360.62,325.0,0,0.0,0.0,,0.0,1,28.78,82.95,SPY201120C00278000,278.0,normalDay
2020-11-18,4241.0,-1868.0,0.0,100,356.28,325.0,0,0.0,0.0,,0.0,1,28.78,78.74,SPY201120C00278000,278.0,normalDay
2020-11-19,4241.0,-1859.0,0.0,100,357.78,325.0,0,0.0,0.0,,0.0,1,28.78,80.15,SPY201120C00278000,278.0,normalDay
2020-11-20,2419.0,-1859.0,-1822.0,0,355.33,0.0,0,0.0,0.0,,0.0,1,28.78,0.0,SPY201120C00278000,278.0,expirationDay
2020-11-23,2419.0,-5.0,0.0,0,357.46,0.0,1,5.05,5.1,SPY210115P00335000,335.0,0,0.0,0.0,,0.0,normalDay
2020-11-24,2419.0,115.0,0.0,0,363.22,0.0,1,5.05,3.9,SPY210115P00335000,335.0,0,0.0,0.0,,0.0,normalDay
2020-11-25,2419.0,129.0,0.0,0,362.66,0.0,1,5.05,3.76,SPY210115P00335000,335.0,0,0.0,0.0,,0.0,normalDay
2020-11-27,2419.0,159.0,0.0,0,363.67,0.0,1,5.05,3.46,SPY210115P00335000,335.0,0,0.0,0.0,,0.0,normalDay
2020-11-30,2419.0,174.0,0.0,0,362.06,0.0,1,5.05,3.31,SPY210115P00335000,335.0,0,0.0,0.0,,0.0,normalDay
2020-12-01,2419.0,210.0,0.0,0,366.02,0.0,1,5.05,2.95,SPY210115P00335000,335.0,0,0.0,0.0,,0.0,normalDay
2020-12-02,2419.0,225.0,0.0,0,366.79,0.0,1,5.05,2.8,SPY210115P00335000,335.0,0,0.0,0.0,,0.0,normalDay
2020-12-03,2419.0,222.0,0.0,0,366.69,0.0,1,5.05,2.83,SPY210115P00335000,335.0,0,0.0,0.0,,0.0,normalDay
2020-12-04,2419.0,277.0,0.0,0,369.85,0.0,1,5.05,2.28,SPY210115P00335000,335.0,0,0.0,0.0,,0.0,normalDay
2020-12-07,2419.0,283.0,0.0,0,369.09,0.0,1,5.05,2.22,SPY210115P00335000,335.0,0,0.0,0.0,,0.0,normalDay
2020-12-08,2419.0,324.0,0.0,0,370.17,0.0,1,5.05,1.81,SPY210115P00335000,335.0,0,0.0,0.0,,0.0,normalDay
2020-12-09,2419.0,275.0,0.0,0,366.85,0.0,1,5.05,2.3,SPY210115P00335000,335.0,0,0.0,0.0,,0.0,normalDay
2020-12-10,2419.0,283.0,0.0,0,366.73,0.0,1,5.05,2.22,SPY210115P00335000,335.0,0,0.0,0.0,,0.0,normalDay
2020-12-11,2419.0,267.0,0.0,0,366.3,0.0,1,5.05,2.38,SPY210115P00335000,335.0,0,0.0,0.0,,0.0,normalDay
2020-12-14,2419.0,249.0,0.0,0,364.66,0.0,1,5.05,2.56,SPY210115P00335000,335.0,0,0.0,0.0,,0.0,normalDay
2020-12-15,2419.0,318.0,0.0,0,369.59,0.0,1,5.05,1.87,SPY210115P00335000,335.0,0,0.0,0.0,,0.0,normalDay
2020-12-16,2419.0,344.0,0.0,0,370.17,0.0,1,5.05,1.61,SPY210115P00335000,335.0,0,0.0,0.0,,0.0,normalDay
2020-12-17,2419.0,375.0,0.0,0,372.24,0.0,1,5.05,1.3,SPY210115P00335000,335.0,0,0.0,0.0,,0.0,normalDay
2020-12-18,2419.0,381.0,0.0,0,369.18,0.0,1,5.05,1.24,SPY210115P00335000,335.0,0,0.0,0.0,,0.0,normalDay
2020-12-21,2419.0,333.0,0.0,0,367.86,0.0,1,5.05,1.72,SPY210115P00335000,335.0,0,0.0,0.0,,0.0,normalDay
2020-12-22,2419.0,350.0,0.0,0,367.24,0.0,1,5.05,1.55,SPY210115P00335000,335.0,0,0.0,0.0,,0.0,normalDay
2020-12-23,2419.0,372.0,0.0,0,367.57,0.0,1,5.05,1.33,SPY210115P00335000,335.0,0,0.0,0.0,,0.0,normalDay
2020-12-24,2419.0,406.0,0.0,0,369.0,0.0,1,5.05,0.99,SPY210115P00335000,335.0,0,0.0,0.0,,0.0,normalDay
2020-12-28,2419.0,441.0,0.0,0,372.17,0.0,1,5.05,0.64,SPY210115P00335000,335.0,0,0.0,0.0,,0.0,normalDay
2020-12-29,2419.0,434.0,0.0,0,371.46,0.0,1,5.05,0.71,SPY210115P00335000,335.0,0,0.0,0.0,,0.0,normalDay
2020-12-30,2419.0,443.0,0.0,0,371.99,0.0,1,5.05,0.62,SPY210115P00335000,335.0,0,0.0,0.0,,0.0,normalDay
2020-12-31,2419.0,455.0,0.0,0,373.88,0.0,1,5.05,0.5,SPY210115P00335000,335.0,0,0.0,0.0,,0.0,normalDay
2021-01-04,2419.0,436.0,0.0,0,368.79,0.0,1,5.05,0.69,SPY210115P00335000,335.0,0,0.0,0.0,,0.0,normalDay
2021-01-05,2419.0,459.0,0.0,0,371.33,0.0,1,5.05,0.46,SPY210115P00335000,335.0,0,0.0,0.0,,0.0,normalDay
2021-01-06,2419.0,461.0,0.0,0,373.55,0.0,1,5.05,0.44,SPY210115P00335000,335.0,0,0.0,0.0,,0.0,normalDay
2021-01-07,2419.0,486.0,0.0,0,379.1,0.0,1,5.05,0.19,SPY210115P00335000,335.0,0,0.0,0.0,,0.0,normalDay
2021-01-08,2419.0,496.0,0.0,0,381.26,0.0,1,5.05,0.09,SPY210115P00335000,335.0,0,0.0,0.0,,0.0,normalDay
2021-01-11,2419.0,497.0,0.0,0,378.69,0.0,1,5.05,0.08,SPY210115P00335000,335.0,0,0.0,0.0,,0.0,normalDay
2021-01-12,2419.0,500.0,0.0,0,378.77,0.0,1,5.05,0.05,SPY210115P00335000,335.0,0,0.0,0.0,,0.0,normalDay
2021-01-13,2419.0,502.0,0.0,0,379.79,0.0,1,5.05,0.03,SPY210115P00335000,335.0,0,0.0,0.0,,0.0,normalDay
2021-01-14,2419.0,503.0,0.0,0,378.46,0.0,1,5.05,0.02,SPY210115P00335000,335.0,0,0.0,0.0,,0.0,normalDay
2021-01-15,2924.0,0.0,505.0,0,375.7,0.0,1,5.05,0.0,SPY210115P00335000,335.0,0,0.0,0.0,,0.0,expirationDay
2021-01-19,2924.0,-5.0,0.0,0,378.65,0.0,1,6.21,6.26,SPY210226P00369000,369.0,0,0.0,0.0,,0.0,normalDay
2021-01-20,2924.0,160.0,0.0,0,383.89,0.0,1,6.21,4.61,SPY210226P00369000,369.0,0,0.0,0.0,,0.0,normalDay
2021-01-21,2924.0,185.0,0.0,0,384.24,0.0,1,6.21,4.36,SPY210226P00369000,369.0,0,0.0,0.0,,0.0,normalDay
2021-01-22,2924.0,159.0,0.0,0,382.88,0.0,1,6.21,4.62,SPY210226P00369000,369.0,0,0.0,0.0,,0.0,normalDay
2021-01-25,2924.0,187.0,0.0,0,384.39,0.0,1,6.21,4.34,SPY210226P00369000,369.0,0,0.0,0.0,,0.0,normalDay
2021-01-26,2924.0,202.0,0.0,0,383.79,0.0,1,6.21,4.19,SPY210226P00369000,369.0,0,0.0,0.0,,0.0,normalDay
2021-01-27,2924.0,-333.0,0.0,0,374.41,0.0,1,6.21,9.54,SPY210226P00369000,369.0,0,0.0,0.0,,0.0,normalDay
2021-01-28,2924.0,-92.0,0.0,0,377.63,0.0,1,6.21,7.13,SPY210226P00369000,369.0,0,0.0,0.0,,0.0,normalDay
2021-01-29,2924.0,-488.0,0.0,0,370.07,0.0,1,6.21,11.09,SPY210226P00369000,369.0,0,0.0,0.0,,0.0,normalDay
2021-02-01,2924.0,-94.0,0.0,0,376.23,0.0,1,6.21,7.15,SPY210226P00369000,369.0,0,0.0,0.0,,0.0,normalDay
2021-02-02,2924.0,206.0,0.0,0,381.55,0.0,1,6.21,4.15,SPY210226P00369000,369.0,0,0.0,0.0,,0.0,normalDay
2021-02-03,2924.0,279.0,0.0,0,381.85,0.0,1,6.21,3.42,SPY210226P00369000,369.0,0,0.0,0.0,,0.0,normalDay
2021-02-04,2924.0,384.0,0.0,0,386.19,0.0,1,6.21,2.37,SPY210226P00369000,369.0,0,0.0,0.0,,0.0,normalDay
2021-02-05,2924.0,436.0,0.0,0,387.71,0.0,1,6.21,1.85,SPY210226P00369000,369.0,0,0.0,0.0,,0.0,normalDay
2021-02-08,2924.0,483.0,0.0,0,390.51,0.0,1,6.21,1.38,SPY210226P00369000,369.0,0,0.0,0.0,,0.0,normalDay
2021-02-09,2924.0,490.0,0.0,0,390.25,0.0,1,6.21,1.31,SPY210226P00369000,369.0,0,0.0,0.0,,0.0,normalDay
2021-02-10,2924.0,486.0,0.0,0,390.08,0.0,1,6.21,1.35,SPY210226P00369000,369.0,0,0.0,0.0,,0.0,normalDay
2021-02-11,2924.0,510.0,0.0,0,390.71,0.0,1,6.21,1.11,SPY210226P00369000,369.0,0,0.0,0.0,,0.0,normalDay
2021-02-12,2924.0,557.0,0.0,0,392.64,0.0,1,6.21,0.64,SPY210226P00369000,369.0,0,0.0,0.0,,0.0,normalDay
2021-02-16,2924.0,560.0,0.0,0,392.3,0.0,1,6.21,0.61,SPY210226P00369000,369.0,0,0.0,0.0,,0.0,normalDay
2021-02-17,2924.0,576.0,0.0,0,392.39,0.0,1,6.21,0.45,SPY210226P00369000,369.0,0,0.0,0.0,,0.0,normalDay
2021-02-18,2924.0,571.0,0.0,0,390.72,0.0,1,6.21,0.5,SPY210226P00369000,369.0,0,0.0,0.0,,0.0,normalDay
2021-02-19,2924.0,595.0,0.0,0,390.03,0.0,1,6.21,0.26,SPY210226P00369000,369.0,0,0.0,0.0,,0.0,normalDay
2021-02-22,2924.0,596.0,0.0,0,387.03,0.0,1,6.21,0.25,SPY210226P00369000,369.0,0,0.0,0.0,,0.0,normalDay
2021-02-23,2924.0,605.0,0.0,0,387.5,0.0,1,6.21,0.16,SPY210226P00369000,369.0,0,0.0,0.0,,0.0,normalDay
2021-02-24,2924.0,617.0,0.0,0,391.77,0.0,1,6.21,0.04,SPY210226P00369000,369.0,0,0.0,0.0,,0.0,normalDay
2021-02-25,2924.0,604.0,0.0,0,382.33,0.0,1,6.21,0.17,SPY210226P00369000,369.0,0,0.0,0.0,,0.0,normalDay
2021-02-26,3545.0,0.0,621.0,0,380.36,0.0,1,6.21,0.0,SPY210226P00369000,369.0,0,0.0,0.0,,0.0,expirationDay
2021-03-01,3545.0,-5.0,0.0,0,389.58,0.0,1,8.01,8.06,SPY210416P00382000,382.0,0,0.0,0.0,,0.0,normalDay
2021-03-02,3545.0,-134.0,0.0,0,386.54,0.0,1,8.01,9.35,SPY210416P00382000,382.0,0,0.0,0.0,,0.0,normalDay
2021-03-03,3545.0,-375.0,0.0,0,381.42,0.0,1,8.01,11.76,SPY210416P00382000,382.0,0,0.0,0.0,,0.0,normalDay
2021-03-04,3545.0,-625.0,0.0,0,376.7,0.0,1,8.01,14.26,SPY210416P00382000,382.0,0,0.0,0.0,,0.0,normalDay
2021-03-05,3545.0,-206.0,0.0,0,383.63,0.0,1,8.01,10.07,SPY210416P00382000,382.0,0,0.0,0.0,,0.0,normalDay
2021-03-08,3545.0,-273.0,0.0,0,381.72,0.0,1,8.01,10.74,SPY210416P00382000,382.0,0,0.0,0.0,,0.0,normalDay
2021-03-09,3545.0,-23.0,0.0,0,387.17,0.0,1,8.01,8.24,SPY210416P00382000,382.0,0,0.0,0.0,,0.0,normalDay
2021-03-10,3545.0,127.0,0.0,0,389.58,0.0,1,8.01,6.74,SPY210416P00382000,382.0,0,0.0,0.0,,0.0,normalDay
2021-03-11,3545.0,246.0,0.0,0,393.53,0.0,1,8.01,5.55,SPY210416P00382000,382.0,0,0.0,0.0,,0.0,normalDay
2021-03-12,3545.0,322.0,0.0,0,394.06,0.0,1,8.01,4.79,SPY210416P00382000,382.0,0,0.0,0.0,,0.0,normalDay
2021-03-15,3545.0,425.0,0.0,0,396.41,0.0,1,8.01,3.76,SPY210416P00382000,382.0,0,0.0,0.0,,0.0,normalDay
2021-03-16,3545.0,421.0,0.0,0,395.91,0.0,1,8.01,3.8,SPY210416P00382000,382.0,0,0.0,0.0,,0.0,normalDay
2021-03-17,3545.0,478.0,0.0,0,397.26,0.0,1,8.01,3.23,SPY210416P00382000,382.0,0,0.0,0.0,,0.0,normalDay
2021-03-18,3545.0,340.0,0.0,0,391.48,0.0,1,8.01,4.61,SPY210416P00382000,382.0,0,0.0,0.0,,0.0,normalDay
2021-03-19,3545.0,323.0,0.0,0,389.48,0.0,1,8.01,4.78,SPY210416P00382000,382.0,0,0.0,0.0,,0.0,normalDay
2021-03-22,3545.0,498.0,0.0,0,392.59,0.0,1,8.01,3.03,SPY210416P00382000,382.0,0,0.0,0.0,,0.0,normalDay
2021-03-23,3545.0,399.0,0.0,0,389.5,0.0,1,8.01,4.02,SPY210416P00382000,382.0,0,0.0,0.0,,0.0,normalDay
2021-03-24,3545.0,341.0,0.0,0,387.52,0.0,1,8.01,4.6,SPY210416P00382000,382.0,0,0.0,0.0,,0.0,normalDay
2021-03-25,3545.0,448.0,0.0,0,389.7,0.0,1,8.01,3.53,SPY210416P00382000,382.0,0,0.0,0.0,,0.0,normalDay
2021-03-26,3545.0,584.0,0.0,0,395.98,0.0,1,8.01,2.17,SPY210416P00382000,382.0,0,0.0,0.0,,0.0,normalDay
2021-03-29,3545.0,570.0,0.0,0,395.78,0.0,1,8.01,2.31,SPY210416P00382000,382.0,0,0.0,0.0,,0.0,normalDay
2021-03-30,3545.0,589.0,0.0,0,394.73,0.0,1,8.01,2.12,SPY210416P00382000,382.0,0,0.0,0.0,,0.0,normalDay
2021-03-31,3545.0,640.0,0.0,0,396.33,0.0,1,8.01,1.61,SPY210416P00382000,382.0,0,0.0,0.0,,0.0,normalDay
2021-04-01,3545.0,720.0,0.0,0,400.61,0.0,1,8.01,0.81,SPY210416P00382000,382.0,0,0.0,0.0,,0.0,normalDay
2021-04-05,3545.0,760.0,0.0,0,406.36,0.0,1,8.01,0.41,SPY210416P00382000,382.0,0,0.0,0.0,,0.0,normalDay
2021-04-06,3545.0,763.0,0.0,0,406.12,0.0,1,8.01,0.38,SPY210416P00382000,382.0,0,0.0,0.0,,0.0,normalDay
2021-04-07,3545.0,778.0,0.0,0,406.59,0.0,1,8.01,0.23,SPY210416P00382000,382.0,0,0.0,0.0,,0.0,normalDay
2021-04-08,3545.0,785.0,0.0,0,408.52,0.0,1,8.01,0.16,SPY210416P00382000,382.0,0,0.0,0.0,,0.0,normalDay
2021-04-09,3545.0,793.0,0.0,0,411.49,0.0,1,8.01,0.08,SPY210416P00382000,382.0,0,0.0,0.0,,0.0,normalDay
2021-04-12,3545.0,798.0,0.0,0,411.64,0.0,1,8.01,0.03,SPY210416P00382000,382.0,0,0.0,0.0,,0.0,normalDay
2021-04-13,3545.0,798.0,0.0,0,412.86,0.0,1,8.01,0.03,SPY210416P00382000,382.0,0,0.0,0.0,,0.0,normalDay
2021-04-14,3545.0,798.0,0.0,0,411.45,0.0,1,8.01,0.03,SPY210416P00382000,382.0,0,0.0,0.0,,0.0,normalDay
2021-04-15,3545.0,800.0,0.0,0,415.87,0.0,1,8.01,0.01,SPY210416P00382000,382.0,0,0.0,0.0,,0.0,normalDay
2021-04-16,4346.0,0.0,801.0,0,417.26,0.0,1,8.01,0.0,SPY210416P00382000,382.0,0,0.0,0.0,,0.0,expirationDay
2021-04-19,4346.0,-6.0,0.0,0,415.21,0.0,1,2.83,2.89,SPY210528P00392500,392.5,0,0.0,0.0,,0.0,normalDay
2021-04-20,4346.0,-85.0,0.0,0,412.17,0.0,1,2.83,3.68,SPY210528P00392500,392.5,0,0.0,0.0,,0.0,normalDay
2021-04-21,4346.0,15.0,0.0,0,416.07,0.0,1,2.83,2.68,SPY210528P00392500,392.5,0,0.0,0.0,,0.0,normalDay
2021-04-22,4346.0,-65.0,0.0,0,412.27,0.0,1,2.83,3.48,SPY210528P00392500,392.5,0,0.0,0.0,,0.0,normalDay
2021-04-23,4346.0,41.0,0.0,0,416.74,0.0,1,2.83,2.42,SPY210528P00392500,392.5,0,0.0,0.0,,0.0,normalDay
2021-04-26,4346.0,71.0,0.0,0,417.61,0.0,1,2.83,2.12,SPY210528P00392500,392.5,0,0.0,0.0,,0.0,normalDay
2021-04-27,4346.0,77.0,0.0,0,417.52,0.0,1,2.83,2.06,SPY210528P00392500,392.5,0,0.0,0.0,,0.0,normalDay
2021-04-28,4346.0,98.0,0.0,0,417.4,0.0,1,2.83,1.85,SPY210528P00392500,392.5,0,0.0,0.0,,0.0,normalDay
2021-04-29,4346.0,116.0,0.0,0,420.06,0.0,1,2.83,1.67,SPY210528P00392500,392.5,0,0.0,0.0,,0.0,normalDay
2021-04-30,4346.0,85.0,0.0,0,417.3,0.0,1,2.83,1.98,SPY210528P00392500,392.5,0,0.0,0.0,,0.0,normalDay
2021-05-03,4346.0,118.0,0.0,0,418.2,0.0,1,2.83,1.65,SPY210528P00392500,392.5,0,0.0,0.0,,0.0,normalDay
2021-05-04,4346.0,77.0,0.0,0,415.62,0.0,1,2.83,2.06,SPY210528P00392500,392.5,0,0.0,0.0,,0.0,normalDay
2021-05-05,4346.0,89.0,0.0,0,415.75,0.0,1,2.83,1.94,SPY210528P00392500,392.5,0,0.0,0.0,,0.0,normalDay
2021-05-06,4346.0,144.0,0.0,0,419.07,0.0,1,2.83,1.39,SPY210528P00392500,392.5,0,0.0,0.0,,0.0,normalDay
2021-05-07,4346.0,188.0,0.0,0,422.12,0.0,1,2.83,0.95,SPY210528P00392500,392.5,0,0.0,0.0,,0.0,normalDay
2021-05-10,4346.0,137.0,0.0,0,417.94,0.0,1,2.83,1.46,SPY210528P00392500,392.5,0,0.0,0.0,,0.0,normalDay
2021-05-11,4346.0,85.0,0.0,0,414.21,0.0,1,2.83,1.98,SPY210528P00392500,392.5,0,0.0,0.0,,0.0,normalDay
2021-05-12,4346.0,-161.0,0.0,0,405.41,0.0,1,2.83,4.44,SPY210528P00392500,392.5,0,0.0,0.0,,0.0,normalDay
2021-05-13,4346.0,33.0,0.0,0,410.28,0.0,1,2.83,2.5,SPY210528P00392500,392.5,0,0.0,0.0,,0.0,normalDay
2021-05-14,4346.0,187.0,0.0,0,416.58,0.0,1,2.83,0.96,SPY210528P00392500,392.5,0,0.0,0.0,,0.0,normalDay
2021-05-17,4346.0,203.0,0.0,0,415.52,0.0,1,2.83,0.8,SPY210528P00392500,392.5,0,0.0,0.0,,0.0,normalDay
2021-05-18,4346.0,168.0,0.0,0,411.94,0.0,1,2.83,1.15,SPY210528P00392500,392.5,0,0.0,0.0,,0.0,normalDay
2021-05-19,4346.0,173.0,0.0,0,410.86,0.0,1,2.83,1.1,SPY210528P00392500,392.5,0,0.0,0.0,,0.0,normalDay
2021-05-20,4346.0,231.0,0.0,0,415.28,0.0,1,2.83,0.52,SPY210528P00392500,392.5,0,0.0,0.0,,0.0,normalDay
2021-05-21,4346.0,252.0,0.0,0,414.94,0.0,1,2.83,0.31,SPY210528P00392500,392.5,0,0.0,0.0,,0.0,normalDay
2021-05-24,4346.0,276.0,0.0,0,419.17,0.0,1,2.83,0.07,SPY210528P00392500,392.5,0,0.0,0.0,,0.0,normalDay
2021-05-25,4346.0,275.0,0.0,0,418.24,0.0,1,2.83,0.08,SPY210528P00392500,392.5,0,0.0,0.0,,0.0,normalDay
2021-05-26,4346.0,280.0,0.0,0,419.07,0.0,1,2.83,0.03,SPY210528P00392500,392.5,0,0.0,0.0,,0.0,normalDay
2021-05-27,4346.0,281.0,0.0,0,419.29,0.0,1,2.83,0.02,SPY210528P00392500,392.5,0,0.0,0.0,,0.0,normalDay
2021-05-28,4629.0,0.0,283.0,0,420.04,0.0,1,2.83,0.0,SPY210528P00392500,392.5,0,0.0,0.0,,0.0,expirationDay
2021-06-01,4629.0,-5.0,0.0,0,419.67,0.0,1,6.18,6.23,SPY210716P00412000,412.0,0,0.0,0.0,,0.0,normalDay
2021-06-02,4629.0,41.0,0.0,0,420.33,0.0,1,6.18,5.77,SPY210716P00412000,412.0,0,0.0,0.0,,0.0,normalDay
2021-06-03,4629.0,-20.0,0.0,0,418.77,0.0,1,6.18,6.38,SPY210716P00412000,412.0,0,0.0,0.0,,0.0,normalDay
2021-06-04,4629.0,134.0,0.0,0,422.6,0.0,1,6.18,4.84,SPY210716P00412000,412.0,0,0.0,0.0,,0.0,normalDay
2021-06-07,4629.0,175.0,0.0,0,422.19,0.0,1,6.18,4.43,SPY210716P00412000,412.0,0,0.0,0.0,,0.0,normalDay
2021-06-08,4629.0,167.0,0.0,0,422.28,0.0,1,6.18,4.51,SPY210716P00412000,412.0,0,0.0,0.0,,0.0,normalDay
2021-06-09,4629.0,134.0,0.0,0,421.65,0.0,1,6.18,4.84,SPY210716P00412000,412.0,0,0.0,0.0,,0.0,normalDay
2021-06-10,4629.0,252.0,0.0,0,423.61,0.0,1,6.18,3.66,SPY210716P00412000,412.0,0,0.0,0.0,,0.0,normalDay
2021-06-11,4629.0,285.0,0.0,0,424.31,0.0,1,6.18,3.33,SPY210716P00412000,412.0,0,0.0,0.0,,0.0,normalDay
2021-06-14,4629.0,308.0,0.0,0,425.26,0.0,1,6.18,3.1,SPY210716P00412000,412.0,0,0.0,0.0,,0.0,normalDay
2021-06-15,4629.0,286.0,0.0,0,424.48,0.0,1,6.18,3.32,SPY210716P00412000,412.0,0,0.0,0.0,,0.0,normalDay
2021-06-16,4629.0,220.0,0.0,0,422.11,0.0,1,6.18,3.98,SPY210716P00412000,412.0,0,0.0,0.0,,0.0,normalDay
2021-06-17,4629.0,247.0,0.0,0,421.97,0.0,1,6.18,3.71,SPY210716P00412000,412.0,0,0.0,0.0,,0.0,normalDay
2021-06-18,4629.0,-10.0,0.0,0,414.92,0.0,1,6.18,6.28,SPY210716P00412000,412.0,0,0.0,0.0,,0.0,normalDay
2021-06-21,4629.0,286.0,0.0,0,420.86,0.0,1,6.18,3.32,SPY210716P00412000,412.0,0,0.0,0.0,,0.0,normalDay
2021-06-22,4629.0,364.0,0.0,0,423.11,0.0,1,6.18,2.54,SPY210716P00412000,412.0,0,0.0,0.0,,0.0,normalDay
2021-06-23,4629.0,379.0,0.0,0,422.6,0.0,1,6.18,2.39,SPY210716P00412000,412.0,0,0.0,0.0,,0.0,normalDay
2021-06-24,4629.0,434.0,0.0,0,425.1,0.0,1,6.18,1.84,SPY210716P00412000,412.0,0,0.0,0.0,,0.0,normalDay
2021-06-25,4629.0,477.0,0.0,0,426.61,0.0,1,6.18,1.41,SPY210716P00412000,412.0,0,0.0,0.0,,0.0,normalDay
2021-06-28,4629.0,501.0,0.0,0,427.47,0.0,1,6.18,1.17,SPY210716P00412000,412.0,0,0.0,0.0,,0.0,normalDay
2021-06-29,4629.0,506.0,0.0,0,427.7,0.0,1,6.18,1.12,SPY210716P00412000,412.0,0,0.0,0.0,,0.0,normalDay
2021-06-30,4629.0,525.0,0.0,0,428.06,0.0,1,6.18,0.93,SPY210716P00412000,412.0,0,0.0,0.0,,0.0,normalDay
2021-07-01,4629.0,540.0,0.0,0,430.43,0.0,1,6.18,0.78,SPY210716P00412000,412.0,0,0.0,0.0,,0.0,normalDay
2021-07-02,4629.0,569.0,0.0,0,433.72,0.0,1,6.18,0.49,SPY210716P00412000,412.0,0,0.0,0.0,,0.0,normalDay
2021-07-06,4629.0,570.0,0.0,0,432.93,0.0,1,6.18,0.48,SPY210716P00412000,412.0,0,0.0,0.0,,0.0,normalDay
2021-07-07,4629.0,585.0,0.0,0,434.46,0.0,1,6.18,0.33,SPY210716P00412000,412.0,0,0.0,0.0,,0.0,normalDay
2021-07-08,4629.0,546.0,0.0,0,430.92,0.0,1,6.18,0.72,SPY210716P00412000,412.0,0,0.0,0.0,,0.0,normalDay
2021-07-09,4629.0,598.0,0.0,0,435.52,0.0,1,6.18,0.2,SPY210716P00412000,412.0,0,0.0,0.0,,0.0,normalDay
2021-07-12,4629.0,610.0,0.0,0,437.08,0.0,1,6.18,0.08,SPY210716P00412000,412.0,0,0.0,0.0,,0.0,normalDay
2021-07-13,4629.0,607.0,0.0,0,435.59,0.0,1,6.18,0.11,SPY210716P00412000,412.0,0,0.0,0.0,,0.0,normalDay
2021-07-14,4629.0,614.0,0.0,0,436.24,0.0,1,6.18,0.04,SPY210716P00412000,412.0,0,0.0,0.0,,0.0,normalDay
2021-07-15,4629.0,615.0,0.0,0,434.75,0.0,1,6.18,0.03,SPY210716P00412000,412.0,0,0.0,0.0,,0.0,normalDay
2021-07-16,5247.0,0.0,618.0,0,431.34,0.0,1,6.18,0.0,SPY210716P00412000,412.0,0,0.0,0.0,,0.0,expirationDay
2021-07-19,5247.0,-12.0,0.0,0,424.97,0.0,1,9.34,9.46,SPY210827P00424000,424.0,0,0.0,0.0,,0.0,normalDay
2021-07-20,5247.0,276.0,0.0,0,431.06,0.0,1,9.34,6.58,SPY210827P00424000,424.0,0,0.0,0.0,,0.0,normalDay
2021-07-21,5247.0,439.0,0.0,0,434.55,0.0,1,9.34,4.95,SPY210827P00424000,424.0,0,0.0,0.0,,0.0,normalDay
2021-07-22,5247.0,469.0,0.0,0,435.46,0.0,1,9.34,4.65,SPY210827P00424000,424.0,0,0.0,0.0,,0.0,normalDay
2021-07-23,5247.0,570.0,0.0,0,439.94,0.0,1,9.34,3.64,SPY210827P00424000,424.0,0,0.0,0.0,,0.0,normalDay
2021-07-26,5247.0,611.0,0.0,0,441.02,0.0,1,9.34,3.23,SPY210827P00424000,424.0,0,0.0,0.0,,0.0,normalDay
2021-07-27,5247.0,532.0,0.0,0,439.01,0.0,1,9.34,4.02,SPY210827P00424000,424.0,0,0.0,0.0,,0.0,normalDay
2021-07-28,5247.0,576.0,0.0,0,438.83,0.0,1,9.34,3.58,SPY210827P00424000,424.0,0,0.0,0.0,,0.0,normalDay
2021-07-29,5247.0,643.0,0.0,0,440.65,0.0,1,9.34,2.91,SPY210827P00424000,424.0,0,0.0,0.0,,0.0,normalDay
2021-07-30,5247.0,617.0,0.0,0,438.51,0.0,1,9.34,3.17,SPY210827P00424000,424.0,0,0.0,0.0,,0.0,normalDay
2021-08-02,5247.0,591.0,0.0,0,437.59,0.0,1,9.34,3.43,SPY210827P00424000,424.0,0,0.0,0.0,,0.0,normalDay
2021-08-03,5247.0,695.0,0.0,0,441.15,0.0,1,9.34,2.39,SPY210827P00424000,424.0,0,0.0,0.0,,0.0,normalDay
2021-08-04,5247.0,682.0,0.0,0,438.98,0.0,1,9.34,2.52,SPY210827P00424000,424.0,0,0.0,0.0,,0.0,normalDay
2021-08-05,5247.0,739.0,0.0,0,441.76,0.0,1,9.34,1.95,SPY210827P00424000,424.0,0,0.0,0.0,,0.0,normalDay
2021-08-06,5247.0,785.0,0.0,0,442.49,0.0,1,9.34,1.49,SPY210827P00424000,424.0,0,0.0,0.0,,0.0,normalDay
2021-08-09,5247.0,799.0,0.0,0,442.13,0.0,1,9.34,1.35,SPY210827P00424000,424.0,0,0.0,0.0,,0.0,normalDay
2021-08-10,5247.0,802.0,0.0,0,442.68,0.0,1,9.34,1.32,SPY210827P00424000,424.0,0,0.0,0.0,,0.0,normalDay
2021-08-11,5247.0,838.0,0.0,0,443.78,0.0,1,9.34,0.96,SPY210827P00424000,424.0,0,0.0,0.0,,0.0,normalDay
2021-08-12,5247.0,863.0,0.0,0,445.11,0.0,1,9.34,0.71,SPY210827P00424000,424.0,0,0.0,0.0,,0.0,normalDay
2021-08-13,5247.0,879.0,0.0,0,445.92,0.0,1,9.34,0.55,SPY210827P00424000,424.0,0,0.0,0.0,,0.0,normalDay
2021-08-16,5247.0,890.0,0.0,0,446.97,0.0,1,9.34,0.44,SPY210827P00424000,424.0,0,0.0,0.0,,0.0,normalDay
2021-08-17,5247.0,855.0,0.0,0,444.04,0.0,1,9.34,0.79,SPY210827P00424000,424.0,0,0.0,0.0,,0.0,normalDay
2021-08-18,5247.0,765.0,0.0,0,439.18,0.0,1,9.34,1.69,SPY210827P00424000,424.0,0,0.0,0.0,,0.0,normalDay
2021-08-19,5247.0,800.0,0.0,0,439.86,0.0,1,9.34,1.34,SPY210827P00424000,424.0,0,0.0,0.0,,0.0,normalDay
2021-08-20,5247.0,903.0,0.0,0,443.36,0.0,1,9.34,0.31,SPY210827P00424000,424.0,0,0.0,0.0,,0.0,normalDay
2021-08-23,5247.0,925.0,0.0,0,447.26,0.0,1,9.34,0.09,SPY210827P00424000,424.0,0,0.0,0.0,,0.0,normalDay
2021-08-24,5247.0,927.0,0.0,0,447.97,0.0,1,9.34,0.07,SPY210827P00424000,424.0,0,0.0,0.0,,0.0,normalDay
2021-08-25,5247.0,930.0,0.0,0,448.91,0.0,1,9.34,0.04,SPY210827P00424000,424.0,0,0.0,0.0,,0.0,normalDay
2021-08-26,5247.0,929.0,0.0,0,446.26,0.0,1,9.34,0.05,SPY210827P00424000,424.0,0,0.0,0.0,,0.0,normalDay
2021-08-27,6181.0,0.0,934.0,0,450.25,0.0,1,9.34,0.0,SPY210827P00424000,424.0,0,0.0,0.0,,0.0,expirationDay
2021-08-30,6181.0,-3.0,0.0,0,452.23,0.0,1,5.25,5.28,SPY211015P00440000,440.0,0,0.0,0.0,,0.0,normalDay
2021-08-31,6181.0,-1.0,0.0,0,451.56,0.0,1,5.25,5.26,SPY211015P00440000,440.0,0,0.0,0.0,,0.0,normalDay
2021-09-01,6181.0,26.0,0.0,0,451.8,0.0,1,5.25,4.99,SPY211015P00440000,440.0,0,0.0,0.0,,0.0,normalDay
2021-09-02,6181.0,60.0,0.0,0,453.19,0.0,1,5.25,4.65,SPY211015P00440000,440.0,0,0.0,0.0,,0.0,normalDay
2021-09-03,6181.0,63.0,0.0,0,453.08,0.0,1,5.25,4.62,SPY211015P00440000,440.0,0,0.0,0.0,,0.0,normalDay
2021-09-07,6181.0,18.0,0.0,0,451.46,0.0,1,5.25,5.07,SPY211015P00440000,440.0,0,0.0,0.0,,0.0,normalDay
2021-09-08,6181.0,16.0,0.0,0,450.91,0.0,1,5.25,5.09,SPY211015P00440000,440.0,0,0.0,0.0,,0.0,normalDay
2021-09-09,6181.0,-62.0,0.0,0,448.98,0.0,1,5.25,5.87,SPY211015P00440000,440.0,0,0.0,0.0,,0.0,normalDay
2021-09-10,6181.0,-182.0,0.0,0,445.44,0.0,1,5.25,7.07,SPY211015P00440000,440.0,0,0.0,0.0,,0.0,normalDay
2021-09-13,6181.0,-69.0,0.0,0,446.58,0.0,1,5.25,5.94,SPY211015P00440000,440.0,0,0.0,0.0,,0.0,normalDay
2021-09-14,6181.0,-150.0,0.0,0,444.17,0.0,1,5.25,6.75,SPY211015P00440000,440.0,0,0.0,0.0,,0.0,normalDay
2021-09-15,6181.0,24.0,0.0,0,447.88,0.0,1,5.25,5.01,SPY211015P00440000,440.0,0,0.0,0.0,,0.0,normalDay
2021-09-16,6181.0,-5.0,0.0,0,447.17,0.0,1,5.25,5.3,SPY211015P00440000,440.0,0,0.0,0.0,,0.0,normalDay
2021-09-17,6181.0,-194.0,0.0,0,441.4,0.0,1,5.25,7.19,SPY211015P00440000,440.0,0,0.0,0.0,,0.0,normalDay
2021-09-20,6181.0,-622.0,0.0,0,434.04,0.0,1,5.25,11.47,SPY211015P00440000,440.0,0,0.0,0.0,,0.0,normalDay
2021-09-21,6181.0,-611.0,0.0,0,433.63,0.0,1,5.25,11.36,SPY211015P00440000,440.0,0,0.0,0.0,,0.0,normalDay
2021-09-22,6181.0,-264.0,0.0,0,437.86,0.0,1,5.25,7.89,SPY211015P00440000,440.0,0,0.0,0.0,,0.0,normalDay
2021-09-23,6181.0,21.0,0.0,0,443.18,0.0,1,5.25,5.04,SPY211015P00440000,440.0,0,0.0,0.0,,0.0,normalDay
2021-09-24,6181.0,91.0,0.0,0,443.91,0.0,1,5.25,4.34,SPY211015P00440000,440.0,0,0.0,0.0,,0.0,normalDay
2021-09-27,6181.0,60.0,0.0,0,442.64,0.0,1,5.25,4.65,SPY211015P00440000,440.0,0,0.0,0.0,,0.0,normalDay
2021-09-28,6181.0,-439.0,0.0,0,433.72,0.0,1,5.25,9.64,SPY211015P00440000,440.0,0,0.0,0.0,,0.0,normalDay
2021-09-29,6181.0,-367.0,0.0,0,434.45,0.0,1,5.25,8.92,SPY211015P00440000,440.0,0,0.0,0.0,,0.0,normalDay
2021-09-30,6181.0,-685.0,0.0,0,429.14,0.0,1,5.25,12.1,SPY211015P00440000,440.0,0,0.0,0.0,,0.0,normalDay
2021-10-01,6181.0,-320.0,0.0,0,434.24,0.0,1,5.25,8.45,SPY211015P00440000,440.0,0,0.0,0.0,,0.0,normalDay
2021-10-04,6181.0,-717.0,0.0,0,428.64,0.0,1,5.25,12.42,SPY211015P00440000,440.0,0,0.0,0.0,,0.0,normalDay
2021-10-05,6181.0,-347.0,0.0,0,433.1,0.0,1,5.25,8.72,SPY211015P00440000,440.0,0,0.0,0.0,,0.0,normalDay
2021-10-06,6181.0,-228.0,0.0,0,434.9,0.0,1,5.25,7.53,SPY211015P00440000,440.0,0,0.0,0.0,,0.0,normalDay
2021-10-07,6181.0,66.0,0.0,0,438.66,0.0,1,5.25,4.59,SPY211015P00440000,440.0,0,0.0,0.0,,0.0,normalDay
2021-10-08,6181.0,42.0,0.0,0,437.86,0.0,1,5.25,4.83,SPY211015P00440000,440.0,0,0.0,0.0,,0.0,normalDay
2021-10-11,6181.0,-132.0,0.0,0,434.69,0.0,1,5.25,6.57,SPY211015P00440000,440.0,0,0.0,0.0,,0.0,normalDay
2021-10-12,6181.0,-243.0,0.0,0,433.62,0.0,1,5.25,7.68,SPY211015P00440000,440.0,0,0.0,0.0,,0.0,normalDay
2021-10-13,6181.0,1.0,0.0,0,435.18,0.0,1,5.25,5.24,SPY211015P00440000,440.0,0,0.0,0.0,,0.0,normalDay
2021-10-14,6181.0,472.0,0.0,0,442.5,0.0,1,5.25,0.53,SPY211015P00440000,440.0,0,0.0,0.0,,0.0,normalDay
2021-10-15,6706.0,0.0,525.0,0,445.87,0.0,1,5.25,0.0,SPY211015P00440000,440.0,0,0.0,0.0,,0.0,expirationDay
2021-10-18,6706.0,-4.0,0.0,0,447.19,0.0,1,3.73,3.77,SPY211126P00431000,431.0,0,0.0,0.0,,0.0,normalDay
2021-10-19,6706.0,75.0,0.0,0,450.64,0.0,1,3.73,2.98,SPY211126P00431000,431.0,0,0.0,0.0,,0.0,normalDay
2021-10-20,6706.0,99.0,0.0,0,452.41,0.0,1,3.73,2.74,SPY211126P00431000,431.0,0,0.0,0.0,,0.0,normalDay
2021-10-21,6706.0,134.0,0.0,0,453.59,0.0,1,3.73,2.39,SPY211126P00431000,431.0,0,0.0,0.0,,0.0,normalDay
2021-10-22,6706.0,118.0,0.0,0,453.12,0.0,1,3.73,2.55,SPY211126P00431000,431.0,0,0.0,0.0,,0.0,normalDay
2021-10-25,6706.0,169.0,0.0,0,455.55,0.0,1,3.73,2.04,SPY211126P00431000,431.0,0,0.0,0.0,,0.0,normalDay
2021-10-26,6706.0,169.0,0.0,0,455.96,0.0,1,3.73,2.04,SPY211126P00431000,431.0,0,0.0,0.0,,0.0,normalDay
2021-10-27,6706.0,129.0,0.0,0,453.94,0.0,1,3.73,2.44,SPY211126P00431000,431.0,0,0.0,0.0,,0.0,normalDay
2021-10-28,6706.0,189.0,0.0,0,458.32,0.0,1,3.73,1.84,SPY211126P00431000,431.0,0,0.0,0.0,,0.0,normalDay
2021-10-29,6706.0,211.0,0.0,0,459.25,0.0,1,3.73,1.62,SPY211126P00431000,431.0,0,0.0,0.0,,0.0,normalDay
2021-11-01,6706.0,241.0,0.0,0,460.04,0.0,1,3.73,1.32,SPY211126P00431000,431.0,0,0.0,0.0,,0.0,normalDay
2021-11-02,6706.0,262.0,0.0,0,461.9,0.0,1,3.73,1.11,SPY211126P00431000,431.0,0,0.0,0.0,,0.0,normalDay
2021-11-03,6706.0,298.0,0.0,0,464.72,0.0,1,3.73,0.75,SPY211126P00431000,431.0,0,0.0,0.0,,0.0,normalDay
2021-11-04,6706.0,305.0,0.0,0,466.91,0.0,1,3.73,0.68,SPY211126P00431000,431.0,0,0.0,0.0,,0.0,normalDay
2021-11-05,6706.0,305.0,0.0,0,468.53,0.0,1,3.73,0.68,SPY211126P00431000,431.0,0,0.0,0.0,,0.0,normalDay
2021-11-08,6706.0,311.0,0.0,0,468.93,0.0,1,3.73,0.62,SPY211126P00431000,431.0,0,0.0,0.0,,0.0,normalDay
2021-11-09,6706.0,309.0,0.0,0,467.38,0.0,1,3.73,0.64,SPY211126P00431000,431.0,0,0.0,0.0,,0.0,normalDay
2021-11-10,6706.0,299.0,0.0,0,463.62,0.0,1,3.73,0.74,SPY211126P00431000,431.0,0,0.0,0.0,,0.0,normalDay
2021-11-11,6706.0,324.0,0.0,0,463.77,0.0,1,3.73,0.49,SPY211126P00431000,431.0,0,0.0,0.0,,0.0,normalDay
2021-11-12,6706.0,346.0,0.0,0,467.27,0.0,1,3.73,0.27,SPY211126P00431000,431.0,0,0.0,0.0,,0.0,normalDay
2021-11-15,6706.0,356.0,0.0,0,467.43,0.0,1,3.73,0.17,SPY211126P00431000,431.0,0,0.0,0.0,,0.0,normalDay
2021-11-16,6706.0,359.0,0.0,0,469.28,0.0,1,3.73,0.14,SPY211126P00431000,431.0,0,0.0,0.0,,0.0,normalDay
2021-11-17,6706.0,362.0,0.0,0,468.14,0.0,1,3.73,0.11,SPY211126P00431000,431.0,0,0.0,0.0,,0.0,normalDay
2021-11-18,6706.0,364.0,0.0,0,469.73,0.0,1,3.73,0.09,SPY211126P00431000,431.0,0,0.0,0.0,,0.0,normalDay
2021-11-19,6706.0,366.0,0.0,0,468.89,0.0,1,3.73,0.07,SPY211126P00431000,431.0,0,0.0,0.0,,0.0,normalDay
2021-11-22,6706.0,368.0,0.0,0,467.57,0.0,1,3.73,0.05,SPY211126P00431000,431.0,0,0.0,0.0,,0.0,normalDay
2021-11-23,6706.0,370.0,0.0,0,468.19,0.0,1,3.73,0.03,SPY211126P00431000,431.0,0,0.0,0.0,,0.0,normalDay
2021-11-24,6706.0,371.0,0.0,0,469.44,0.0,1,3.73,0.02,SPY211126P00431000,431.0,0,0.0,0.0,,0.0,normalDay
2021-11-26,7079.0,0.0,373.0,0,458.97,0.0,1,3.73,0.0,SPY211126P00431000,431.0,0,0.0,0.0,,0.0,expirationDay
2021-11-29,7079.0,-6.0,0.0,0,464.6,0.0,1,12.03,12.09,SPY220121P00463000,463.0,0,0.0,0.0,,0.0,normalDay
2021-11-30,7079.0,-475.0,0.0,0,455.56,0.0,1,12.03,16.78,SPY220121P00463000,463.0,0,0.0,0.0,,0.0,normalDay
2021-12-01,7079.0,-993.0,0.0,0,450.5,0.0,1,12.03,21.96,SPY220121P00463000,463.0,0,0.0,0.0,,0.0,normalDay
2021-12-02,7079.0,-471.0,0.0,0,457.4,0.0,1,12.03,16.74,SPY220121P00463000,463.0,0,0.0,0.0,,0.0,normalDay
2021-12-03,7079.0,-730.0,0.0,0,453.42,0.0,1,12.03,19.33,SPY220121P00463000,463.0,0,0.0,0.0,,0.0,normalDay
2021-12-06,7079.0,-346.0,0.0,0,458.79,0.0,1,12.03,15.49,SPY220121P00463000,463.0,0,0.0,0.0,,0.0,normalDay
2021-12-07,7079.0,239.0,0.0,0,468.28,0.0,1,12.03,9.64,SPY220121P00463000,463.0,0,0.0,0.0,,0.0,normalDay
2021-12-08,7079.0,353.0,0.0,0,469.52,0.0,1,12.03,8.5,SPY220121P00463000,463.0,0,0.0,0.0,,0.0,normalDay
2021-12-09,7079.0,216.0,0.0,0,466.35,0.0,1,12.03,9.87,SPY220121P00463000,463.0,0,0.0,0.0,,0.0,normalDay
2021-12-10,7079.0,469.0,0.0,0,470.74,0.0,1,12.03,7.34,SPY220121P00463000,463.0,0,0.0,0.0,,0.0,normalDay
2021-12-13,7079.0,291.0,0.0,0,466.57,0.0,1,12.03,9.12,SPY220121P00463000,463.0,0,0.0,0.0,,0.0,normalDay
2021-12-14,7079.0,121.0,0.0,0,463.36,0.0,1,12.03,10.82,SPY220121P00463000,463.0,0,0.0,0.0,,0.0,normalDay
2021-12-15,7079.0,509.0,0.0,0,470.6,0.0,1,12.03,6.94,SPY220121P00463000,463.0,0,0.0,0.0,,0.0,normalDay
2021-12-16,7079.0,353.0,0.0,0,466.45,0.0,1,12.03,8.5,SPY220121P00463000,463.0,0,0.0,0.0,,0.0,normalDay
2021-12-17,7079.0,110.0,0.0,0,459.87,0.0,1,12.03,10.93,SPY220121P00463000,463.0,0,0.0,0.0,,0.0,normalDay
2021-12-20,7079.0,-152.0,0.0,0,454.98,0.0,1,12.03,13.55,SPY220121P00463000,463.0,0,0.0,0.0,,0.0,normalDay
2021-12-21,7079.0,292.0,0.0,0,463.06,0.0,1,12.03,9.11,SPY220121P00463000,463.0,0,0.0,0.0,,0.0,normalDay
2021-12-22,7079.0,573.0,0.0,0,467.69,0.0,1,12.03,6.3,SPY220121P00463000,463.0,0,0.0,0.0,,0.0,normalDay
2021-12-23,7079.0,716.0,0.0,0,470.6,0.0,1,12.03,4.87,SPY220121P00463000,463.0,0,0.0,0.0,,0.0,normalDay
2021-12-27,7079.0,914.0,0.0,0,477.26,0.0,1,12.03,2.89,SPY220121P00463000,463.0,0,0.0,0.0,,0.0,normalDay
2021-12-28,7079.0,936.0,0.0,0,476.87,0.0,1,12.03,2.67,SPY220121P00463000,463.0,0,0.0,0.0,,0.0,normalDay
2021-12-29,7079.0,974.0,0.0,0,477.48,0.0,1,12.03,2.29,SPY220121P00463000,463.0,0,0.0,0.0,,0.0,normalDay
2021-12-30,7079.0,944.0,0.0,0,476.16,0.0,1,12.03,2.59,SPY220121P00463000,463.0,0,0.0,0.0,,0.0,normalDay
2021-12-31,7079.0,950.0,0.0,0,474.96,0.0,1,12.03,2.53,SPY220121P00463000,463.0,0,0.0,0.0,,0.0,normalDay
2022-01-03,7079.0,1035.0,0.0,0,477.71,0.0,1,12.03,1.68,SPY220121P00463000,463.0,0,0.0,0.0,,0.0,normalDay
2022-01-04,7079.0,1034.0,0.0,0,477.55,0.0,1,12.03,1.69,SPY220121P00463000,463.0,0,0.0,0.0,,0.0,normalDay
2022-01-05,7079.0,773.0,0.0,0,468.38,0.0,1,12.03,4.3,SPY220121P00463000,463.0,0,0.0,0.0,,0.0,normalDay
2022-01-06,7079.0,792.0,0.0,0,467.94,0.0,1,12.03,4.11,SPY220121P00463000,463.0,0,0.0,0.0,,0.0,normalDay
2022-01-07,7079.0,816.0,0.0,0,466.09,0.0,1,12.03,3.87,SPY220121P00463000,463.0,0,0.0,0.0,,0.0,normalDay
2022-01-10,7079.0,795.0,0.0,0,465.51,0.0,1,12.03,4.08,SPY220121P00463000,463.0,0,0.0,0.0,,0.0,normalDay
2022-01-11,7079.0,955.0,0.0,0,469.75,0.0,1,12.03,2.48,SPY220121P00463000,463.0,0,0.0,0.0,,0.0,normalDay
2022-01-12,7079.0,1036.0,0.0,0,471.02,0.0,1,12.03,1.67,SPY220121P00463000,463.0,0,0.0,0.0,,0.0,normalDay
2022-01-13,7079.0,793.0,0.0,0,464.53,0.0,1,12.03,4.1,SPY220121P00463000,463.0,0,0.0,0.0,,0.0,normalDay
2022-01-14,7079.0,883.0,0.0,0,464.72,0.0,1,12.03,3.2,SPY220121P00463000,463.0,0,0.0,0.0,,0.0,normalDay
2022-01-18,7079.0,404.0,0.0,0,456.49,0.0,1,12.03,7.99,SPY220121P00463000,463.0,0,0.0,0.0,,0.0,normalDay
2022-01-19,7079.0,82.0,0.0,0,451.75,0.0,1,12.03,11.21,SPY220121P00463000,463.0,0,0.0,0.0,,0.0,normalDay
2022-01-20,7079.0,-486.0,0.0,0,446.75,0.0,1,12.03,16.89,SPY220121P00463000,463.0,0,0.0,0.0,,0.0,normalDay
2022-01-21,8282.0,-2502.0,1203.0,100,437.98,463.0,1,12.03,0.0,SPY220121P00463000,463.0,0,0.0,0.0,,0.0,expirationDay
2022-01-24,8282.0,-2643.0,0.0,100,439.84,463.0,0,0.0,0.0,,0.0,1,6.89,10.16,SPY220715C00475000,475.0,normalDay
2022-01-25,8282.0,-2912.0,0.0,100,434.47,463.0,0,0.0,0.0,,0.0,1,6.89,7.48,SPY220715C00475000,475.0,normalDay
2022-01-26,8282.0,-3026.0,0.0,100,433.38,463.0,0,0.0,0.0,,0.0,1,6.89,7.53,SPY220715C00475000,475.0,normalDay
2022-01-27,8282.0,-3130.0,0.0,100,431.24,463.0,0,0.0,0.0,,0.0,1,6.89,6.43,SPY220715C00475000,475.0,normalDay
2022-01-28,8282.0,-2283.0,0.0,100,441.95,463.0,0,0.0,0.0,,0.0,1,6.89,8.67,SPY220715C00475000,475.0,normalDay
2022-01-31,8282.0,-1676.0,0.0,100,449.91,463.0,0,0.0,0.0,,0.0,1,6.89,10.56,SPY220715C00475000,475.0,normalDay
2022-02-01,8282.0,-1423.0,0.0,100,452.95,463.0,0,0.0,0.0,,0.0,1,6.89,11.07,SPY220715C00475000,475.0,normalDay
2022-02-02,8282.0,-1087.0,0.0,100,457.35,463.0,0,0.0,0.0,,0.0,1,6.89,12.11,SPY220715C00475000,475.0,normalDay
2022-02-03,8282.0,-2027.0,0.0,100,446.6,463.0,0,0.0,0.0,,0.0,1,6.89,10.76,SPY220715C00475000,475.0,normalDay
2022-02-04,8282.0,-1740.0,0.0,100,448.7,463.0,0,0.0,0.0,,0.0,1,6.89,9.99,SPY220715C00475000,475.0,normalDay
2022-02-07,8282.0,-1833.0,0.0,100,447.26,463.0,0,0.0,0.0,,0.0,1,6.89,9.48,SPY220715C00475000,475.0,normalDay
2022-02-08,8282.0,-1535.0,0.0,100,450.94,463.0,0,0.0,0.0,,0.0,1,6.89,10.18,SPY220715C00475000,475.0,normalDay
2022-02-09,8282.0,-1088.0,0.0,100,457.54,463.0,0,0.0,0.0,,0.0,1,6.89,12.31,SPY220715C00475000,475.0,normalDay
2022-02-10,8282.0,-1660.0,0.0,100,449.32,463.0,0,0.0,0.0,,0.0,1,6.89,9.81,SPY220715C00475000,475.0,normalDay
2022-02-11,8282.0,-2328.0,0.0,100,440.46,463.0,0,0.0,0.0,,0.0,1,6.89,7.63,SPY220715C00475000,475.0,normalDay
2022-02-14,8282.0,-2417.0,0.0,100,439.02,463.0,0,0.0,0.0,,0.0,1,6.89,7.08,SPY220715C00475000,475.0,normalDay
2022-02-15,8282.0,-1823.0,0.0,100,446.1,463.0,0,0.0,0.0,,0.0,1,6.89,8.22,SPY220715C00475000,475.0,normalDay
2022-02-16,8282.0,-1743.0,0.0,100,446.6,463.0,0,0.0,0.0,,0.0,1,6.89,7.92,SPY220715C00475000,475.0,normalDay
2022-02-17,8282.0,-2502.0,0.0,100,437.06,463.0,0,0.0,0.0,,0.0,1,6.89,5.97,SPY220715C00475000,475.0,normalDay
2022-02-18,8282.0,-2718.0,0.0,100,434.23,463.0,0,0.0,0.0,,0.0,1,6.89,5.3,SPY220715C00475000,475.0,normalDay
2022-02-22,8282.0,-3113.0,0.0,100,429.57,463.0,0,0.0,0.0,,0.0,1,6.89,4.59,SPY220715C00475000,475.0,normalDay
2022-02-23,8282.0,-3753.0,0.0,100,421.95,463.0,0,0.0,0.0,,0.0,1,6.89,3.37,SPY220715C00475000,475.0,normalDay
2022-02-24,8282.0,-3186.0,0.0,100,428.3,463.0,0,0.0,0.0,,0.0,1,6.89,4.05,SPY220715C00475000,475.0,normalDay
2022-02-25,8282.0,-2430.0,0.0,100,437.75,463.0,0,0.0,0.0,,0.0,1,6.89,5.94,SPY220715C00475000,475.0,normalDay
2022-02-28,8282.0,-2551.0,0.0,100,436.63,463.0,0,0.0,0.0,,0.0,1,6.89,6.03,SPY220715C00475000,475.0,normalDay
2022-03-01,8282.0,-3154.0,0.0,100,429.98,463.0,0,0.0,0.0,,0.0,1,6.89,5.41,SPY220715C00475000,475.0,normalDay
2022-03-02,8282.0,-2466.0,0.0,100,437.89,463.0,0,0.0,0.0,,0.0,1,6.89,6.44,SPY220715C00475000,475.0,normalDay
2022-03-03,8282.0,-2632.0,0.0,100,435.71,463.0,0,0.0,0.0,,0.0,1,6.89,5.92,SPY220715C00475000,475.0,normalDay
2022-03-04,8282.0,-2915.0,0.0,100,432.17,463.0,0,0.0,0.0,,0.0,1,6.89,5.21,SPY220715C00475000,475.0,normalDay
2022-03-07,8282.0,-4018.0,0.0,100,419.43,463.0,0,0.0,0.0,,0.0,1,6.89,3.5,SPY220715C00475000,475.0,normalDay
2022-03-08,8282.0,-4273.0,0.0,100,416.25,463.0,0,0.0,0.0,,0.0,1,6.89,2.87,SPY220715C00475000,475.0,normalDay
2022-03-09,8282.0,-3327.0,0.0,100,427.41,463.0,0,0.0,0.0,,0.0,1,6.89,4.57,SPY220715C00475000,475.0,normalDay
2022-03-10,8282.0,-3424.0,0.0,100,425.48,463.0,0,0.0,0.0,,0.0,1,6.89,3.61,SPY220715C00475000,475.0,normalDay
2022-03-11,8282.0,-3888.0,0.0,100,420.07,463.0,0,0.0,0.0,,0.0,1,6.89,2.84,SPY220715C00475000,475.0,normalDay
2022-03-14,8282.0,-4167.0,0.0,100,417.0,463.0,0,0.0,0.0,,0.0,1,6.89,2.56,SPY220715C00475000,475.0,normalDay
2022-03-15,8282.0,-3343.0,0.0,100,426.17,463.0,0,0.0,0.0,,0.0,1,6.89,3.49,SPY220715C00475000,475.0,normalDay
2022-03-16,8282.0,-2492.0,0.0,100,435.62,463.0,0,0.0,0.0,,0.0,1,6.89,4.43,SPY220715C00475000,475.0,normalDay
2022-03-17,8282.0,-2004.0,0.0,100,441.07,463.0,0,0.0,0.0,,0.0,1,6.89,5.0,SPY220715C00475000,475.0,normalDay
2022-03-18,8282.0,-1740.0,0.0,100,444.52,463.0,0,0.0,0.0,,0.0,1,6.89,5.81,SPY220715C00475000,475.0,normalDay
2022-03-21,8282.0,-1727.0,0.0,100,444.39,463.0,0,0.0,0.0,,0.0,1,6.89,5.55,SPY220715C00475000,475.0,normalDay
2022-03-22,8282.0,-1338.0,0.0,100,449.59,463.0,0,0.0,0.0,,0.0,1,6.89,6.86,SPY220715C00475000,475.0,normalDay
2022-03-23,8282.0,-1740.0,0.0,100,443.8,463.0,0,0.0,0.0,,0.0,1,6.89,5.09,SPY220715C00475000,475.0,normalDay
2022-03-24,8282.0,-1236.0,0.0,100,450.49,463.0,0,0.0,0.0,,0.0,1,6.89,6.74,SPY220715C00475000,475.0,normalDay
2022-03-25,8282.0,-1065.0,0.0,100,452.69,463.0,0,0.0,0.0,,0.0,1,6.89,7.23,SPY220715C00475000,475.0,normalDay
2022-03-28,8282.0,-822.0,0.0,100,455.91,463.0,0,0.0,0.0,,0.0,1,6.89,8.02,SPY220715C00475000,475.0,normalDay
2022-03-29,8282.0,-438.0,0.0,100,461.55,463.0,0,0.0,0.0,,0.0,1,6.89,9.82,SPY220715C00475000,475.0,normalDay
2022-03-30,8282.0,-650.0,0.0,100,458.7,463.0,0,0.0,0.0,,0.0,1,6.89,9.09,SPY220715C00475000,475.0,normalDay
2022-03-31,8282.0,-1127.0,0.0,100,451.64,463.0,0,0.0,0.0,,0.0,1,6.89,6.8,SPY220715C00475000,475.0,normalDay
2022-04-01,8282.0,-960.0,0.0,100,452.92,463.0,0,0.0,0.0,,0.0,1,6.89,6.41,SPY220715C00475000,475.0,normalDay
2022-04-04,8282.0,-647.0,0.0,100,456.8,463.0,0,0.0,0.0,,0.0,1,6.89,7.16,SPY220715C00475000,475.0,normalDay
2022-04-05,8282.0,-1096.0,0.0,100,451.03,463.0,0,0.0,0.0,,0.0,1,6.89,5.88,SPY220715C00475000,475.0,normalDay
2022-04-06,8282.0,-1417.0,0.0,100,446.52,463.0,0,0.0,0.0,,0.0,1,6.89,4.58,SPY220715C00475000,475.0,normalDay
2022-04-07,8282.0,-1242.0,0.0,100,448.77,463.0,0,0.0,0.0,,0.0,1,6.89,5.08,SPY220715C00475000,475.0,normalDay
2022-04-08,8282.0,-1313.0,0.0,100,447.57,463.0,0,0.0,0.0,,0.0,1,6.89,4.59,SPY220715C00475000,475.0,normalDay
2022-04-11,8282.0,-1928.0,0.0,100,439.92,463.0,0,0.0,0.0,,0.0,1,6.89,3.09,SPY220715C00475000,475.0,normalDay
2022-04-12,8282.0,-2062.0,0.0,100,438.29,463.0,0,0.0,0.0,,0.0,1,6.89,2.8,SPY220715C00475000,475.0,normalDay
2022-04-13,8282.0,-1599.0,0.0,100,443.31,463.0,0,0.0,0.0,,0.0,1,6.89,3.19,SPY220715C00475000,475.0,normalDay
2022-04-14,8282.0,-2070.0,0.0,100,437.79,463.0,0,0.0,0.0,,0.0,1,6.89,2.38,SPY220715C00475000,475.0,normalDay
2022-04-18,8282.0,-2040.0,0.0,100,437.97,463.0,0,0.0,0.0,,0.0,1,6.89,2.26,SPY220715C00475000,475.0,normalDay
2022-04-19,8282.0,-1398.0,0.0,100,445.04,463.0,0,0.0,0.0,,0.0,1,6.89,2.91,SPY220715C00475000,475.0,normalDay
2022-04-20,8282.0,-1461.0,0.0,100,444.71,463.0,0,0.0,0.0,,0.0,1,6.89,3.21,SPY220715C00475000,475.0,normalDay
2022-04-21,8282.0,-2012.0,0.0,100,438.06,463.0,0,0.0,0.0,,0.0,1,6.89,2.07,SPY220715C00475000,475.0,normalDay
2022-04-22,8282.0,-3121.0,0.0,100,426.04,463.0,0,0.0,0.0,,0.0,1,6.89,1.14,SPY220715C00475000,475.0,normalDay
2022-04-25,8282.0,-2880.0,0.0,100,428.51,463.0,0,0.0,0.0,,0.0,1,6.89,1.2,SPY220715C00475000,475.0,normalDay
2022-04-26,8282.0,-4070.0,0.0,100,416.1,463.0,0,0.0,0.0,,0.0,1,6.89,0.69,SPY220715C00475000,475.0,normalDay
2022-04-27,8282.0,-3962.0,0.0,100,417.27,463.0,0,0.0,0.0,,0.0,1,6.89,0.78,SPY220715C00475000,475.0,normalDay
2022-04-28,8282.0,-2954.0,0.0,100,427.81,463.0,0,0.0,0.0,,0.0,1,6.89,1.24,SPY220715C00475000,475.0,normalDay
2022-04-29,8282.0,-4477.0,0.0,100,412.0,463.0,0,0.0,0.0,,0.0,1,6.89,0.66,SPY220715C00475000,475.0,normalDay
2022-05-02,8282.0,-4237.0,0.0,100,414.48,463.0,0,0.0,0.0,,0.0,1,6.89,0.74,SPY220715C00475000,475.0,normalDay
2022-05-03,8282.0,-4032.0,0.0,100,416.38,463.0,0,0.0,0.0,,0.0,1,6.89,0.59,SPY220715C00475000,475.0,normalDay
2022-05-04,8282.0,-2809.0,0.0,100,429.06,463.0,0,0.0,0.0,,0.0,1,6.89,1.04,SPY220715C00475000,475.0,normalDay
2022-05-05,8282.0,-4288.0,0.0,100,413.81,463.0,0,0.0,0.0,,0.0,1,6.89,0.58,SPY220715C00475000,475.0,normalDay
2022-05-06,8282.0,-4521.0,0.0,100,411.34,463.0,0,0.0,0.0,,0.0,1,6.89,0.44,SPY220715C00475000,475.0,normalDay
2022-05-09,8282.0,-5826.0,0.0,100,398.17,463.0,0,0.0,0.0,,0.0,1,6.89,0.32,SPY220715C00475000,475.0,normalDay
2022-05-10,8282.0,-5727.0,0.0,100,399.09,463.0,0,0.0,0.0,,0.0,1,6.89,0.25,SPY220715C00475000,475.0,normalDay
2022-05-11,8282.0,-6357.0,0.0,100,392.75,463.0,0,0.0,0.0,,0.0,1,6.89,0.21,SPY220715C00475000,475.0,normalDay
2022-05-12,8282.0,-6395.0,0.0,100,392.34,463.0,0,0.0,0.0,,0.0,1,6.89,0.18,SPY220715C00475000,475.0,normalDay
2022-05-13,8282.0,-5456.0,0.0,100,401.72,463.0,0,0.0,0.0,,0.0,1,6.89,0.17,SPY220715C00475000,475.0,normalDay
2022-05-16,8282.0,-5613.0,0.0,100,400.09,463.0,0,0.0,0.0,,0.0,1,6.89,0.11,SPY220715C00475000,475.0,normalDay
2022-05-17,8282.0,-4794.0,0.0,100,408.32,463.0,0,0.0,0.0,,0.0,1,6.89,0.15,SPY220715C00475000,475.0,normalDay
2022-05-18,8282.0,-6432.0,0.0,100,391.86,463.0,0,0.0,0.0,,0.0,1,6.89,0.07,SPY220715C00475000,475.0,normalDay
2022-05-19,8282.0,-6672.0,0.0,100,389.46,463.0,0,0.0,0.0,,0.0,1,6.89,0.07,SPY220715C00475000,475.0,normalDay
2022-05-20,8282.0,-6656.0,0.0,100,389.63,463.0,0,0.0,0.0,,0.0,1,6.89,0.08,SPY220715C00475000,475.0,normalDay
2022-05-23,8282.0,-5930.0,0.0,100,396.92,463.0,0,0.0,0.0,,0.0,1,6.89,0.11,SPY220715C00475000,475.0,normalDay
2022-05-24,8282.0,-6233.0,0.0,100,393.89,463.0,0,0.0,0.0,,0.0,1,6.89,0.11,SPY220715C00475000,475.0,normalDay
2022-05-25,8282.0,-5886.0,0.0,100,397.37,463.0,0,0.0,0.0,,0.0,1,6.89,0.12,SPY220715C00475000,475.0,normalDay
2022-05-26,8282.0,-5097.0,0.0,100,405.31,463.0,0,0.0,0.0,,0.0,1,6.89,0.17,SPY220715C00475000,475.0,normalDay
2022-05-27,8282.0,-4108.0,0.0,100,415.26,463.0,0,0.0,0.0,,0.0,1,6.89,0.23,SPY220715C00475000,475.0,normalDay
2022-05-31,8282.0,-4331.0,0.0,100,412.93,463.0,0,0.0,0.0,,0.0,1,6.89,0.13,SPY220715C00475000,475.0,normalDay
2022-06-01,8282.0,-4662.0,0.0,100,409.59,463.0,0,0.0,0.0,,0.0,1,6.89,0.1,SPY220715C00475000,475.0,normalDay
2022-06-02,8282.0,-3885.0,0.0,100,417.39,463.0,0,0.0,0.0,,0.0,1,6.89,0.13,SPY220715C00475000,475.0,normalDay
2022-06-03,8282.0,-4566.0,0.0,100,410.54,463.0,0,0.0,0.0,,0.0,1,6.89,0.09,SPY220715C00475000,475.0,normalDay
2022-06-06,8282.0,-4440.0,0.0,100,411.79,463.0,0,0.0,0.0,,0.0,1,6.89,0.08,SPY220715C00475000,475.0,normalDay
2022-06-07,8282.0,-4045.0,0.0,100,415.74,463.0,0,0.0,0.0,,0.0,1,6.89,0.08,SPY220715C00475000,475.0,normalDay
2022-06-08,8282.0,-4495.0,0.0,100,411.22,463.0,0,0.0,0.0,,0.0,1,6.89,0.06,SPY220715C00475000,475.0,normalDay
2022-06-09,8282.0,-5472.0,0.0,100,401.44,463.0,0,0.0,0.0,,0.0,1,6.89,0.05,SPY220715C00475000,475.0,normalDay
2022-06-10,8282.0,-6634.0,0.0,100,389.8,463.0,0,0.0,0.0,,0.0,1,6.89,0.03,SPY220715C00475000,475.0,normalDay
2022-06-13,8282.0,-8115.0,0.0,100,375.0,463.0,0,0.0,0.0,,0.0,1,6.89,0.04,SPY220715C00475000,475.0,normalDay
2022-06-14,8282.0,-8228.0,0.0,100,373.87,463.0,0,0.0,0.0,,0.0,1,6.89,0.04,SPY220715C00475000,475.0,normalDay
2022-06-15,8282.0,-7694.0,0.0,100,379.2,463.0,0,0.0,0.0,,0.0,1,6.89,0.03,SPY220715C00475000,475.0,normalDay
2022-06-16,8282.0,-8949.0,0.0,100,366.65,463.0,0,0.0,0.0,,0.0,1,6.89,0.03,SPY220715C00475000,475.0,normalDay
2022-06-17,8282.0,-9028.0,0.0,100,365.86,463.0,0,0.0,0.0,,0.0,1,6.89,0.03,SPY220715C00475000,475.0,normalDay
2022-06-21,8282.0,-8106.0,0.0,100,375.07,463.0,0,0.0,0.0,,0.0,1,6.89,0.02,SPY220715C00475000,475.0,normalDay
2022-06-22,8282.0,-8174.0,0.0,100,374.39,463.0,0,0.0,0.0,,0.0,1,6.89,0.02,SPY220715C00475000,475.0,normalDay
2022-06-23,8282.0,-7807.0,0.0,100,378.06,463.0,0,0.0,0.0,,0.0,1,6.89,0.02,SPY220715C00475000,475.0,normalDay
2022-06-24,8282.0,-6605.0,0.0,100,390.08,463.0,0,0.0,0.0,,0.0,1,6.89,0.02,SPY220715C00475000,475.0,normalDay
2022-06-27,8282.0,-6754.0,0.0,100,388.59,463.0,0,0.0,0.0,,0.0,1,6.89,0.02,SPY220715C00475000,475.0,normalDay
2022-06-28,8282.0,-7547.0,0.0,100,380.65,463.0,0,0.0,0.0,,0.0,1,6.89,0.01,SPY220715C00475000,475.0,normalDay
2022-06-29,8282.0,-7578.0,0.0,100,380.34,463.0,0,0.0,0.0,,0.0,1,6.89,0.01,SPY220715C00475000,475.0,normalDay
2022-06-30,8282.0,-7887.0,0.0,100,377.25,463.0,0,0.0,0.0,,0.0,1,6.89,0.01,SPY220715C00475000,475.0,normalDay
2022-07-01,8282.0,-7488.0,0.0,100,381.24,463.0,0,0.0,0.0,,0.0,1,6.89,0.01,SPY220715C00475000,475.0,normalDay
2022-07-05,8282.0,-7416.0,0.0,100,381.96,463.0,0,0.0,0.0,,0.0,1,6.89,0.01,SPY220715C00475000,475.0,normalDay
2022-07-06,8282.0,-7287.0,0.0,100,383.25,463.0,0,0.0,0.0,,0.0,1,6.89,0.01,SPY220715C00475000,475.0,normalDay
2022-07-07,8282.0,-6713.0,0.0,100,388.99,463.0,0,0.0,0.0,,0.0,1,6.89,0.01,SPY220715C00475000,475.0,normalDay
2022-07-08,8282.0,-6745.0,0.0,100,388.67,463.0,0,0.0,0.0,,0.0,1,6.89,0.01,SPY220715C00475000,475.0,normalDay
2022-07-11,8282.0,-7189.0,0.0,100,384.23,463.0,0,0.0,0.0,,0.0,1,6.89,0.01,SPY220715C00475000,475.0,normalDay
2022-07-12,8282.0,-7529.0,0.0,100,380.83,463.0,0,0.0,0.0,,0.0,1,6.89,0.01,SPY220715C00475000,475.0,normalDay
2022-07-13,8282.0,-7729.0,0.0,100,378.83,463.0,0,0.0,0.0,,0.0,1,6.89,0.01,SPY220715C00475000,475.0,normalDay
2022-07-14,8282.0,-7821.0,0.0,100,377.91,463.0,0,0.0,0.0,,0.0,1,6.89,0.01,SPY220715C00475000,475.0,normalDay
2022-07-15,8971.0,-7787.0,689.0,100,385.13,463.0,0,0.0,0.0,,0.0,1,6.89,0.0,SPY220715C00475000,475.0,expirationDay
2022-07-18,8971.0,-8119.0,0.0,100,381.95,463.0,0,0.0,0.0,,0.0,1,25.85,25.99,SPY230120C00385000,385.0,normalDay
2022-07-19,8971.0,-7733.0,0.0,100,392.27,463.0,0,0.0,0.0,,0.0,1,25.85,32.45,SPY230120C00385000,385.0,normalDay
2022-07-20,8971.0,-7637.0,0.0,100,394.77,463.0,0,0.0,0.0,,0.0,1,25.85,33.99,SPY230120C00385000,385.0,normalDay
2022-07-21,8971.0,-7432.0,0.0,100,398.79,463.0,0,0.0,0.0,,0.0,1,25.85,35.96,SPY230120C00385000,385.0,normalDay
2022-07-22,8971.0,-7521.0,0.0,100,395.09,463.0,0,0.0,0.0,,0.0,1,25.85,33.15,SPY230120C00385000,385.0,normalDay
2022-07-25,8971.0,-7546.0,0.0,100,395.57,463.0,0,0.0,0.0,,0.0,1,25.85,33.88,SPY230120C00385000,385.0,normalDay
2022-07-26,8971.0,-7863.0,0.0,100,390.89,463.0,0,0.0,0.0,,0.0,1,25.85,32.37,SPY230120C00385000,385.0,normalDay
2022-07-27,8971.0,-7256.0,0.0,100,401.04,463.0,0,0.0,0.0,,0.0,1,25.85,36.45,SPY230120C00385000,385.0,normalDay
2022-07-28,8971.0,-7198.0,0.0,100,406.07,463.0,0,0.0,0.0,,0.0,1,25.85,40.9,SPY230120C00385000,385.0,normalDay
2022-07-29,8971.0,-6926.0,0.0,100,411.99,463.0,0,0.0,0.0,,0.0,1,25.85,44.1,SPY230120C00385000,385.0,normalDay
2022-08-01,8971.0,-7013.0,0.0,100,410.77,463.0,0,0.0,0.0,,0.0,1,25.85,43.75,SPY230120C00385000,385.0,normalDay
2022-08-02,8971.0,-7103.0,0.0,100,408.06,463.0,0,0.0,0.0,,0.0,1,25.85,41.94,SPY230120C00385000,385.0,normalDay
2022-08-03,8971.0,-6849.0,0.0,100,414.45,463.0,0,0.0,0.0,,0.0,1,25.85,45.79,SPY230120C00385000,385.0,normalDay
2022-08-04,8971.0,-6891.0,0.0,100,414.17,463.0,0,0.0,0.0,,0.0,1,25.85,45.93,SPY230120C00385000,385.0,normalDay
2022-08-05,8971.0,-6858.0,0.0,100,413.47,463.0,0,0.0,0.0,,0.0,1,25.85,44.9,SPY230120C00385000,385.0,normalDay
2022-08-08,8971.0,-6898.0,0.0,100,412.99,463.0,0,0.0,0.0,,0.0,1,25.85,44.82,SPY230120C00385000,385.0,normalDay
2022-08-09,8971.0,-6953.0,0.0,100,411.35,463.0,0,0.0,0.0,,0.0,1,25.85,43.73,SPY230120C00385000,385.0,normalDay
2022-08-10,8971.0,-6660.0,0.0,100,419.99,463.0,0,0.0,0.0,,0.0,1,25.85,49.44,SPY230120C00385000,385.0,normalDay
2022-08-11,8971.0,-6710.0,0.0,100,419.99,463.0,0,0.0,0.0,,0.0,1,25.85,49.94,SPY230120C00385000,385.0,normalDay
2022-08-12,8971.0,-6464.0,0.0,100,427.1,463.0,0,0.0,0.0,,0.0,1,25.85,54.59,SPY230120C00385000,385.0,normalDay
2022-08-15,8971.0,-6437.0,0.0,100,428.86,463.0,0,0.0,0.0,,0.0,1,25.85,56.08,SPY230120C00385000,385.0,normalDay
2022-08-16,8971.0,-6406.0,0.0,100,429.7,463.0,0,0.0,0.0,,0.0,1,25.85,56.61,SPY230120C00385000,385.0,normalDay
2022-08-17,8971.0,-6521.0,0.0,100,426.65,463.0,0,0.0,0.0,,0.0,1,25.85,54.71,SPY230120C00385000,385.0,normalDay
2022-08-18,8971.0,-6435.0,0.0,100,427.89,463.0,0,0.0,0.0,,0.0,1,25.85,55.09,SPY230120C00385000,385.0,normalDay
2022-08-19,8971.0,-6587.0,0.0,100,422.14,463.0,0,0.0,0.0,,0.0,1,25.85,50.86,SPY230120C00385000,385.0,normalDay
2022-08-22,8971.0,-6843.0,0.0,100,413.35,463.0,0,0.0,0.0,,0.0,1,25.85,44.63,SPY230120C00385000,385.0,normalDay
2022-08-23,8971.0,-6796.0,0.0,100,412.35,463.0,0,0.0,0.0,,0.0,1,25.85,43.16,SPY230120C00385000,385.0,normalDay
2022-08-24,8971.0,-6730.0,0.0,100,413.67,463.0,0,0.0,0.0,,0.0,1,25.85,43.82,SPY230120C00385000,385.0,normalDay
2022-08-25,8971.0,-6528.0,0.0,100,419.51,463.0,0,0.0,0.0,,0.0,1,25.85,47.64,SPY230120C00385000,385.0,normalDay
2022-08-26,8971.0,-6967.0,0.0,100,405.31,463.0,0,0.0,0.0,,0.0,1,25.85,37.83,SPY230120C00385000,385.0,normalDay
2022-08-29,8971.0,-7048.0,0.0,100,402.63,463.0,0,0.0,0.0,,0.0,1,25.85,35.96,SPY230120C00385000,385.0,normalDay
2022-08-30,8971.0,-7177.0,0.0,100,398.21,463.0,0,0.0,0.0,,0.0,1,25.85,32.83,SPY230120C00385000,385.0,normalDay
2022-08-31,8971.0,-7259.0,0.0,100,395.18,463.0,0,0.0,0.0,,0.0,1,25.85,30.62,SPY230120C00385000,385.0,normalDay
2022-09-01,8971.0,-7162.0,0.0,100,396.42,463.0,0,0.0,0.0,,0.0,1,25.85,30.89,SPY230120C00385000,385.0,normalDay
2022-09-02,8971.0,-7324.0,0.0,100,392.24,463.0,0,0.0,0.0,,0.0,1,25.85,28.33,SPY230120C00385000,385.0,normalDay
2022-09-06,8971.0,-7332.0,0.0,100,390.76,463.0,0,0.0,0.0,,0.0,1,25.85,26.93,SPY230120C00385000,385.0,normalDay
2022-09-07,8971.0,-7170.0,0.0,100,397.78,463.0,0,0.0,0.0,,0.0,1,25.85,32.33,SPY230120C00385000,385.0,normalDay
2022-09-08,8971.0,-6942.0,0.0,100,400.38,463.0,0,0.0,0.0,,0.0,1,25.85,32.65,SPY230120C00385000,385.0,normalDay
2022-09-09,8971.0,-6696.0,0.0,100,406.6,463.0,0,0.0,0.0,,0.0,1,25.85,36.41,SPY230120C00385000,385.0,normalDay
2022-09-12,8971.0,-6624.0,0.0,100,410.97,463.0,0,0.0,0.0,,0.0,1,25.85,40.06,SPY230120C00385000,385.0,normalDay
2022-09-13,8971.0,-7284.0,0.0,100,393.1,463.0,0,0.0,0.0,,0.0,1,25.85,28.79,SPY230120C00385000,385.0,normalDay
2022-09-14,8971.0,-7135.0,0.0,100,394.6,463.0,0,0.0,0.0,,0.0,1,25.85,28.8,SPY230120C00385000,385.0,normalDay
2022-09-15,8971.0,-7334.0,0.0,100,390.12,463.0,0,0.0,0.0,,0.0,1,25.85,26.31,SPY230120C00385000,385.0,normalDay
2022-09-16,8971.0,-7571.0,0.0,100,385.56,463.0,0,0.0,0.0,,0.0,1,25.85,24.12,SPY230120C00385000,385.0,normalDay
2022-09-19,8971.0,-7405.0,0.0,100,388.55,463.0,0,0.0,0.0,,0.0,1,25.85,25.45,SPY230120C00385000,385.0,normalDay
2022-09-20,8971.0,-7615.0,0.0,100,384.09,463.0,0,0.0,0.0,,0.0,1,25.85,23.09,SPY230120C00385000,385.0,normalDay
2022-09-21,8971.0,-7895.0,0.0,100,377.39,463.0,0,0.0,0.0,,0.0,1,25.85,19.19,SPY230120C00385000,385.0,normalDay
2022-09-22,8971.0,-8005.0,0.0,100,374.22,463.0,0,0.0,0.0,,0.0,1,25.85,17.12,SPY230120C00385000,385.0,normalDay
2022-09-23,8971.0,-8354.0,0.0,100,367.95,463.0,0,0.0,0.0,,0.0,1,25.85,14.34,SPY230120C00385000,385.0,normalDay
2022-09-26,8971.0,-8566.0,0.0,100,364.31,463.0,0,0.0,0.0,,0.0,1,25.85,12.82,SPY230120C00385000,385.0,normalDay
2022-09-27,8971.0,-8628.0,0.0,100,363.38,463.0,0,0.0,0.0,,0.0,1,25.85,12.51,SPY230120C00385000,385.0,normalDay
2022-09-28,8971.0,-8174.0,0.0,100,370.53,463.0,0,0.0,0.0,,0.0,1,25.85,15.12,SPY230120C00385000,385.0,normalDay
2022-09-29,8971.0,-8609.0,0.0,100,362.79,463.0,0,0.0,0.0,,0.0,1,25.85,11.73,SPY230120C00385000,385.0,normalDay
2022-09-30,8971.0,-8948.0,0.0,100,357.18,463.0,0,0.0,0.0,,0.0,1,25.85,9.51,SPY230120C00385000,385.0,normalDay
2022-10-03,8971.0,-8321.0,0.0,100,366.61,463.0,0,0.0,0.0,,0.0,1,25.85,12.67,SPY230120C00385000,385.0,normalDay
2022-10-04,8971.0,-7698.0,0.0,100,377.97,463.0,0,0.0,0.0,,0.0,1,25.85,17.8,SPY230120C00385000,385.0,normalDay
2022-10-05,8971.0,-7756.0,0.0,100,377.09,463.0,0,0.0,0.0,,0.0,1,25.85,17.5,SPY230120C00385000,385.0,normalDay
2022-10-06,8971.0,-7959.0,0.0,100,373.2,463.0,0,0.0,0.0,,0.0,1,25.85,15.64,SPY230120C00385000,385.0,normalDay
2022-10-07,8971.0,-8513.0,0.0,100,362.79,463.0,0,0.0,0.0,,0.0,1,25.85,10.77,SPY230120C00385000,385.0,normalDay
2022-10-10,8971.0,-8733.0,0.0,100,360.02,463.0,0,0.0,0.0,,0.0,1,25.85,10.2,SPY230120C00385000,385.0,normalDay
2022-10-11,8971.0,-8892.0,0.0,100,357.74,463.0,0,0.0,0.0,,0.0,1,25.85,9.51,SPY230120C00385000,385.0,normalDay
2022-10-12,8971.0,-8966.0,0.0,100,356.56,463.0,0,0.0,0.0,,0.0,1,25.85,9.07,SPY230120C00385000,385.0,normalDay
2022-10-13,8971.0,-8366.0,0.0,100,365.97,463.0,0,0.0,0.0,,0.0,1,25.85,12.48,SPY230120C00385000,385.0,normalDay
2022-10-14,8971.0,-8859.0,0.0,100,357.63,463.0,0,0.0,0.0,,0.0,1,25.85,9.07,SPY230120C00385000,385.0,normalDay
2022-10-17,8971.0,-8294.0,0.0,100,366.82,463.0,0,0.0,0.0,,0.0,1,25.85,12.61,SPY230120C00385000,385.0,normalDay
2022-10-18,8971.0,-8049.0,0.0,100,371.13,463.0,0,0.0,0.0,,0.0,1,25.85,14.47,SPY230120C00385000,385.0,normalDay
2022-10-19,8971.0,-8136.0,0.0,100,368.5,463.0,0,0.0,0.0,,0.0,1,25.85,12.71,SPY230120C00385000,385.0,normalDay
2022-10-20,8971.0,-8302.0,0.0,100,365.41,463.0,0,0.0,0.0,,0.0,1,25.85,11.28,SPY230120C00385000,385.0,normalDay
2022-10-21,8971.0,-7811.0,0.0,100,374.29,463.0,0,0.0,0.0,,0.0,1,25.85,15.25,SPY230120C00385000,385.0,normalDay
2022-10-24,8971.0,-7562.0,0.0,100,378.87,463.0,0,0.0,0.0,,0.0,1,25.85,17.34,SPY230120C00385000,385.0,normalDay
2022-10-25,8971.0,-7159.0,0.0,100,384.92,463.0,0,0.0,0.0,,0.0,1,25.85,19.36,SPY230120C00385000,385.0,normalDay
2022-10-26,8971.0,-7360.0,0.0,100,382.02,463.0,0,0.0,0.0,,0.0,1,25.85,18.47,SPY230120C00385000,385.0,normalDay
2022-10-27,8971.0,-7186.0,0.0,100,379.98,463.0,0,0.0,0.0,,0.0,1,25.85,14.69,SPY230120C00385000,385.0,normalDay
2022-10-28,8971.0,-6957.0,0.0,100,389.02,463.0,0,0.0,0.0,,0.0,1,25.85,21.44,SPY230120C00385000,385.0,normalDay
2022-10-31,8971.0,-7029.0,0.0,100,386.21,463.0,0,0.0,0.0,,0.0,1,25.85,19.35,SPY230120C00385000,385.0,normalDay
2022-11-01,8971.0,-7052.0,0.0,100,384.52,463.0,0,0.0,0.0,,0.0,1,25.85,17.89,SPY230120C00385000,385.0,normalDay
2022-11-02,8971.0,-7505.0,0.0,100,374.87,463.0,0,0.0,0.0,,0.0,1,25.85,12.77,SPY230120C00385000,385.0,normalDay
2022-11-03,8971.0,-7691.0,0.0,100,371.01,463.0,0,0.0,0.0,,0.0,1,25.85,10.77,SPY230120C00385000,385.0,normalDay
2022-11-04,8971.0,-7366.0,0.0,100,376.35,463.0,0,0.0,0.0,,0.0,1,25.85,12.86,SPY230120C00385000,385.0,normalDay
2022-11-07,8971.0,-7145.0,0.0,100,379.95,463.0,0,0.0,0.0,,0.0,1,25.85,14.25,SPY230120C00385000,385.0,normalDay
2022-11-08,8971.0,-7043.0,0.0,100,382.0,463.0,0,0.0,0.0,,0.0,1,25.85,15.28,SPY230120C00385000,385.0,normalDay
2022-11-09,8971.0,-7475.0,0.0,100,374.13,463.0,0,0.0,0.0,,0.0,1,25.85,11.73,SPY230120C00385000,385.0,normalDay
2022-11-10,8971.0,-6531.0,0.0,100,394.69,463.0,0,0.0,0.0,,0.0,1,25.85,22.85,SPY230120C00385000,385.0,normalDay
2022-11-11,8971.0,-6325.0,0.0,100,398.51,463.0,0,0.0,0.0,,0.0,1,25.85,24.61,SPY230120C00385000,385.0,normalDay
2022-11-14,8971.0,-6463.0,0.0,100,395.12,463.0,0,0.0,0.0,,0.0,1,25.85,22.6,SPY230120C00385000,385.0,normalDay
2022-11-15,8971.0,-6331.0,0.0,100,398.49,463.0,0,0.0,0.0,,0.0,1,25.85,24.65,SPY230120C00385000,385.0,normalDay
2022-11-16,8971.0,-6392.0,0.0,100,395.45,463.0,0,0.0,0.0,,0.0,1,25.85,22.22,SPY230120C00385000,385.0,normalDay
2022-11-17,8971.0,-6389.0,0.0,100,394.24,463.0,0,0.0,0.0,,0.0,1,25.85,20.98,SPY230120C00385000,385.0,normalDay
2022-11-18,8971.0,-6265.0,0.0,100,396.03,463.0,0,0.0,0.0,,0.0,1,25.85,21.53,SPY230120C00385000,385.0,normalDay
2022-11-21,8971.0,-6274.0,0.0,100,394.59,463.0,0,0.0,0.0,,0.0,1,25.85,20.18,SPY230120C00385000,385.0,normalDay
2022-11-22,8971.0,-6044.0,0.0,100,399.9,463.0,0,0.0,0.0,,0.0,1,25.85,23.19,SPY230120C00385000,385.0,normalDay
2022-11-23,8971.0,-5950.0,0.0,100,402.42,463.0,0,0.0,0.0,,0.0,1,25.85,24.77,SPY230120C00385000,385.0,normalDay
2022-11-25,8971.0,-6139.0,0.0,100,402.33,463.0,0,0.0,0.0,,0.0,1,25.85,26.57,SPY230120C00385000,385.0,normalDay
2022-11-28,8971.0,-6145.0,0.0,100,395.91,463.0,0,0.0,0.0,,0.0,1,25.85,20.21,SPY230120C00385000,385.0,normalDay
2022-11-29,8971.0,-6122.0,0.0,100,395.23,463.0,0,0.0,0.0,,0.0,1,25.85,19.3,SPY230120C00385000,385.0,normalDay
2022-11-30,8971.0,-5788.0,0.0,100,407.68,463.0,0,0.0,0.0,,0.0,1,25.85,28.41,SPY230120C00385000,385.0,normalDay
2022-12-01,8971.0,-5715.0,0.0,100,407.38,463.0,0,0.0,0.0,,0.0,1,25.85,27.38,SPY230120C00385000,385.0,normalDay
2022-12-02,8971.0,-5672.0,0.0,100,406.91,463.0,0,0.0,0.0,,0.0,1,25.85,26.48,SPY230120C00385000,385.0,normalDay
2022-12-05,8971.0,-5876.0,0.0,100,399.59,463.0,0,0.0,0.0,,0.0,1,25.85,21.2,SPY230120C00385000,385.0,normalDay
2022-12-06,8971.0,-6098.0,0.0,100,393.83,463.0,0,0.0,0.0,,0.0,1,25.85,17.66,SPY230120C00385000,385.0,normalDay
2022-12-07,8971.0,-6117.0,0.0,100,393.16,463.0,0,0.0,0.0,,0.0,1,25.85,17.18,SPY230120C00385000,385.0,normalDay
2022-12-08,8971.0,-5980.0,0.0,100,396.24,463.0,0,0.0,0.0,,0.0,1,25.85,18.89,SPY230120C00385000,385.0,normalDay
2022-12-09,8971.0,-6078.0,0.0,100,393.28,463.0,0,0.0,0.0,,0.0,1,25.85,16.91,SPY230120C00385000,385.0,normalDay
2022-12-12,8971.0,-5874.0,0.0,100,398.95,463.0,0,0.0,0.0,,0.0,1,25.85,20.54,SPY230120C00385000,385.0,normalDay
2022-12-13,8971.0,-5734.0,0.0,100,401.97,463.0,0,0.0,0.0,,0.0,1,25.85,22.16,SPY230120C00385000,385.0,normalDay
2022-12-14,8971.0,-5767.0,0.0,100,399.4,463.0,0,0.0,0.0,,0.0,1,25.85,19.92,SPY230120C00385000,385.0,normalDay
2022-12-15,8971.0,-6032.0,0.0,100,389.63,463.0,0,0.0,0.0,,0.0,1,25.85,12.8,SPY230120C00385000,385.0,normalDay
2022-12-16,8971.0,-6361.0,0.0,100,383.27,463.0,0,0.0,0.0,,0.0,1,25.85,9.73,SPY230120C00385000,385.0,normalDay
2022-12-19,8971.0,-6465.0,0.0,100,380.02,463.0,0,0.0,0.0,,0.0,1,25.85,7.52,SPY230120C00385000,385.0,normalDay
2022-12-20,8971.0,-6416.0,0.0,100,380.54,463.0,0,0.0,0.0,,0.0,1,25.85,7.55,SPY230120C00385000,385.0,normalDay
2022-12-21,8971.0,-6093.0,0.0,100,386.23,463.0,0,0.0,0.0,,0.0,1,25.85,10.01,SPY230120C00385000,385.0,normalDay
2022-12-22,8971.0,-6382.0,0.0,100,380.72,463.0,0,0.0,0.0,,0.0,1,25.85,7.39,SPY230120C00385000,385.0,normalDay
2022-12-23,8971.0,-6219.0,0.0,100,382.91,463.0,0,0.0,0.0,,0.0,1,25.85,7.95,SPY230120C00385000,385.0,normalDay
2022-12-27,8971.0,-6275.0,0.0,100,381.4,463.0,0,0.0,0.0,,0.0,1,25.85,7.0,SPY230120C00385000,385.0,normalDay
2022-12-28,8971.0,-6541.0,0.0,100,376.66,463.0,0,0.0,0.0,,0.0,1,25.85,4.92,SPY230120C00385000,385.0,normalDay
2022-12-29,8971.0,-6114.0,0.0,100,383.44,463.0,0,0.0,0.0,,0.0,1,25.85,7.43,SPY230120C00385000,385.0,normalDay
2022-12-30,8971.0,-6165.0,0.0,100,382.43,463.0,0,0.0,0.0,,0.0,1,25.85,6.93,SPY230120C00385000,385.0,normalDay
2023-01-03,8971.0,-6172.0,0.0,100,380.82,463.0,0,0.0,0.0,,0.0,1,25.85,5.39,SPY230120C00385000,385.0,normalDay
2023-01-04,8971.0,-5996.0,0.0,100,383.76,463.0,0,0.0,0.0,,0.0,1,25.85,6.57,SPY230120C00385000,385.0,normalDay
2023-01-05,8971.0,-6219.0,0.0,100,379.38,463.0,0,0.0,0.0,,0.0,1,25.85,4.42,SPY230120C00385000,385.0,normalDay
2023-01-06,8971.0,-5711.0,0.0,100,388.08,463.0,0,0.0,0.0,,0.0,1,25.85,8.04,SPY230120C00385000,385.0,normalDay
2023-01-09,8971.0,-5698.0,0.0,100,387.86,463.0,0,0.0,0.0,,0.0,1,25.85,7.69,SPY230120C00385000,385.0,normalDay
2023-01-10,8971.0,-5572.0,0.0,100,390.58,463.0,0,0.0,0.0,,0.0,1,25.85,9.15,SPY230120C00385000,385.0,normalDay
2023-01-11,8971.0,-5450.0,0.0,100,395.52,463.0,0,0.0,0.0,,0.0,1,25.85,12.87,SPY230120C00385000,385.0,normalDay
2023-01-12,8971.0,-5323.0,0.0,100,396.96,463.0,0,0.0,0.0,,0.0,1,25.85,13.04,SPY230120C00385000,385.0,normalDay
2023-01-13,8971.0,-5251.0,0.0,100,398.5,463.0,0,0.0,0.0,,0.0,1,25.85,13.86,SPY230120C00385000,385.0,normalDay
2023-01-17,8971.0,-5265.0,0.0,100,397.77,463.0,0,0.0,0.0,,0.0,1,25.85,13.27,SPY230120C00385000,385.0,normalDay
2023-01-18,8971.0,-5270.0,0.0,100,391.49,463.0,0,0.0,0.0,,0.0,1,25.85,7.04,SPY230120C00385000,385.0,normalDay
2023-01-19,8971.0,-5287.0,0.0,100,388.64,463.0,0,0.0,0.0,,0.0,1,25.85,4.36,SPY230120C00385000,385.0,normalDay
2023-01-20,3756.0,-5287.0,-5215.0,0,395.88,0.0,0,0.0,0.0,,0.0,1,25.85,0.0,SPY230120C00385000,385.0,expirationDay
2023-01-23,3756.0,-4.0,0.0,0,400.63,0.0,1,4.63,4.67,SPY230317P00380000,380.0,0,0.0,0.0,,0.0,normalDay
2023-01-24,3756.0,41.0,0.0,0,400.2,0.0,1,4.63,4.22,SPY230317P00380000,380.0,0,0.0,0.0,,0.0,normalDay
2023-01-25,3756.0,27.0,0.0,0,400.35,0.0,1,4.63,4.36,SPY230317P00380000,380.0,0,0.0,0.0,,0.0,normalDay
2023-01-26,3756.0,115.0,0.0,0,404.75,0.0,1,4.63,3.48,SPY230317P00380000,380.0,0,0.0,0.0,,0.0,normalDay
2023-01-27,3756.0,140.0,0.0,0,405.68,0.0,1,4.63,3.23,SPY230317P00380000,380.0,0,0.0,0.0,,0.0,normalDay
2023-01-30,3756.0,58.0,0.0,0,400.59,0.0,1,4.63,4.05,SPY230317P00380000,380.0,0,0.0,0.0,,0.0,normalDay
2023-01-31,3756.0,156.0,0.0,0,406.48,0.0,1,4.63,3.07,SPY230317P00380000,380.0,0,0.0,0.0,,0.0,normalDay
2023-02-01,3756.0,249.0,0.0,0,410.8,0.0,1,4.63,2.14,SPY230317P00380000,380.0,0,0.0,0.0,,0.0,normalDay
2023-02-02,3756.0,258.0,0.0,0,416.78,0.0,1,4.63,2.05,SPY230317P00380000,380.0,0,0.0,0.0,,0.0,normalDay
2023-02-03,3756.0,251.0,0.0,0,412.35,0.0,1,4.63,2.12,SPY230317P00380000,380.0,0,0.0,0.0,,0.0,normalDay
2023-02-06,3756.0,227.0,0.0,0,409.83,0.0,1,4.63,2.36,SPY230317P00380000,380.0,0,0.0,0.0,,0.0,normalDay
2023-02-07,3756.0,292.0,0.0,0,415.19,0.0,1,4.63,1.71,SPY230317P00380000,380.0,0,0.0,0.0,,0.0,normalDay
2023-02-08,3756.0,244.0,0.0,0,410.65,0.0,1,4.63,2.19,SPY230317P00380000,380.0,0,0.0,0.0,,0.0,normalDay
2023-02-09,3756.0,191.0,0.0,0,407.09,0.0,1,4.63,2.72,SPY230317P00380000,380.0,0,0.0,0.0,,0.0,normalDay
2023-02-10,3756.0,211.0,0.0,0,408.04,0.0,1,4.63,2.52,SPY230317P00380000,380.0,0,0.0,0.0,,0.0,normalDay
2023-02-13,3756.0,292.0,0.0,0,412.83,0.0,1,4.63,1.71,SPY230317P00380000,380.0,0,0.0,0.0,,0.0,normalDay
2023-02-14,3756.0,322.0,0.0,0,412.64,0.0,1,4.63,1.41,SPY230317P00380000,380.0,0,0.0,0.0,,0.0,normalDay
2023-02-15,3756.0,351.0,0.0,0,413.98,0.0,1,4.63,1.12,SPY230317P00380000,380.0,0,0.0,0.0,,0.0,normalDay
2023-02-16,3756.0,278.0,0.0,0,408.28,0.0,1,4.63,1.85,SPY230317P00380000,380.0,0,0.0,0.0,,0.0,normalDay
2023-02-17,3756.0,288.0,0.0,0,407.26,0.0,1,4.63,1.75,SPY230317P00380000,380.0,0,0.0,0.0,,0.0,normalDay
2023-02-21,3756.0,177.0,0.0,0,399.09,0.0,1,4.63,2.86,SPY230317P00380000,380.0,0,0.0,0.0,,0.0,normalDay
2023-02-22,3756.0,195.0,0.0,0,398.54,0.0,1,4.63,2.68,SPY230317P00380000,380.0,0,0.0,0.0,,0.0,normalDay
2023-02-23,3756.0,257.0,0.0,0,400.66,0.0,1,4.63,2.06,SPY230317P00380000,380.0,0,0.0,0.0,,0.0,normalDay
2023-02-24,3756.0,195.0,0.0,0,396.38,0.0,1,4.63,2.68,SPY230317P00380000,380.0,0,0.0,0.0,,0.0,normalDay
2023-02-27,3756.0,275.0,0.0,0,397.73,0.0,1,4.63,1.88,SPY230317P00380000,380.0,0,0.0,0.0,,0.0,normalDay
2023-02-28,3756.0,262.0,0.0,0,396.26,0.0,1,4.63,2.01,SPY230317P00380000,380.0,0,0.0,0.0,,0.0,normalDay
2023-03-01,3756.0,254.0,0.0,0,394.74,0.0,1,4.63,2.09,SPY230317P00380000,380.0,0,0.0,0.0,,0.0,normalDay
2023-03-02,3756.0,331.0,0.0,0,397.81,0.0,1,4.63,1.32,SPY230317P00380000,380.0,0,0.0,0.0,,0.0,normalDay
2023-03-03,3756.0,405.0,0.0,0,404.19,0.0,1,4.63,0.58,SPY230317P00380000,380.0,0,0.0,0.0,,0.0,normalDay
2023-03-06,3756.0,416.0,0.0,0,404.47,0.0,1,4.63,0.47,SPY230317P00380000,380.0,0,0.0,0.0,,0.0,normalDay
2023-03-07,3756.0,371.0,0.0,0,398.27,0.0,1,4.63,0.92,SPY230317P00380000,380.0,0,0.0,0.0,,0.0,normalDay
2023-03-08,3756.0,389.0,0.0,0,398.92,0.0,1,4.63,0.74,SPY230317P00380000,380.0,0,0.0,0.0,,0.0,normalDay
2023-03-09,3756.0,233.0,0.0,0,391.56,0.0,1,4.63,2.3,SPY230317P00380000,380.0,0,0.0,0.0,,0.0,normalDay
2023-03-10,3756.0,102.0,0.0,0,385.91,0.0,1,4.63,3.61,SPY230317P00380000,380.0,0,0.0,0.0,,0.0,normalDay
2023-03-13,3756.0,101.0,0.0,0,385.36,0.0,1,4.63,3.62,SPY230317P00380000,380.0,0,0.0,0.0,,0.0,normalDay
2023-03-14,3756.0,375.0,0.0,0,391.73,0.0,1,4.63,0.88,SPY230317P00380000,380.0,0,0.0,0.0,,0.0,normalDay
2023-03-15,3756.0,350.0,0.0,0,389.28,0.0,1,4.63,1.13,SPY230317P00380000,380.0,0,0.0,0.0,,0.0,normalDay
2023-03-16,3756.0,456.0,0.0,0,396.11,0.0,1,4.63,0.07,SPY230317P00380000,380.0,0,0.0,0.0,,0.0,normalDay
2023-03-17,4219.0,0.0,463.0,0,389.99,0.0,1,4.63,0.0,SPY230317P00380000,380.0,0,0.0,0.0,,0.0,expirationDay
2023-03-20,4219.0,-7.0,0.0,0,393.74,0.0,1,8.64,8.71,SPY230428P00390000,390.0,0,0.0,0.0,,0.0,normalDay
2023-03-21,4219.0,254.0,0.0,0,398.91,0.0,1,8.64,6.1,SPY230428P00390000,390.0,0,0.0,0.0,,0.0,normalDay
2023-03-22,4219.0,2.0,0.0,0,392.11,0.0,1,8.64,8.62,SPY230428P00390000,390.0,0,0.0,0.0,,0.0,normalDay
2023-03-23,4219.0,30.0,0.0,0,393.17,0.0,1,8.64,8.34,SPY230428P00390000,390.0,0,0.0,0.0,,0.0,normalDay
2023-03-24,4219.0,163.0,0.0,0,395.75,0.0,1,8.64,7.01,SPY230428P00390000,390.0,0,0.0,0.0,,0.0,normalDay
2023-03-27,4219.0,277.0,0.0,0,396.49,0.0,1,8.64,5.87,SPY230428P00390000,390.0,0,0.0,0.0,,0.0,normalDay
2023-03-28,4219.0,298.0,0.0,0,395.6,0.0,1,8.64,5.66,SPY230428P00390000,390.0,0,0.0,0.0,,0.0,normalDay
2023-03-29,4219.0,467.0,0.0,0,401.35,0.0,1,8.64,3.97,SPY230428P00390000,390.0,0,0.0,0.0,,0.0,normalDay
2023-03-30,4219.0,535.0,0.0,0,403.7,0.0,1,8.64,3.29,SPY230428P00390000,390.0,0,0.0,0.0,,0.0,normalDay
2023-03-31,4219.0,645.0,0.0,0,409.39,0.0,1,8.64,2.19,SPY230428P00390000,390.0,0,0.0,0.0,,0.0,normalDay
2023-04-03,4219.0,705.0,0.0,0,410.95,0.0,1,8.64,1.59,SPY230428P00390000,390.0,0,0.0,0.0,,0.0,normalDay
2023-04-04,4219.0,687.0,0.0,0,408.67,0.0,1,8.64,1.77,SPY230428P00390000,390.0,0,0.0,0.0,,0.0,normalDay
2023-04-05,4219.0,684.0,0.0,0,407.6,0.0,1,8.64,1.8,SPY230428P00390000,390.0,0,0.0,0.0,,0.0,normalDay
2023-04-06,4219.0,726.0,0.0,0,409.19,0.0,1,8.64,1.38,SPY230428P00390000,390.0,0,0.0,0.0,,0.0,normalDay
2023-04-10,4219.0,756.0,0.0,0,409.61,0.0,1,8.64,1.08,SPY230428P00390000,390.0,0,0.0,0.0,,0.0,normalDay
2023-04-11,4219.0,765.0,0.0,0,409.72,0.0,1,8.64,0.99,SPY230428P00390000,390.0,0,0.0,0.0,,0.0,normalDay
2023-04-12,4219.0,760.0,0.0,0,408.05,0.0,1,8.64,1.04,SPY230428P00390000,390.0,0,0.0,0.0,,0.0,normalDay
2023-04-13,4219.0,816.0,0.0,0,413.47,0.0,1,8.64,0.48,SPY230428P00390000,390.0,0,0.0,0.0,,0.0,normalDay
2023-04-14,4219.0,828.0,0.0,0,412.46,0.0,1,8.64,0.36,SPY230428P00390000,390.0,0,0.0,0.0,,0.0,normalDay
2023-04-17,4219.0,840.0,0.0,0,413.94,0.0,1,8.64,0.24,SPY230428P00390000,390.0,0,0.0,0.0,,0.0,normalDay
2023-04-18,4219.0,841.0,0.0,0,414.21,0.0,1,8.64,0.23,SPY230428P00390000,390.0,0,0.0,0.0,,0.0,normalDay
2023-04-19,4219.0,847.0,0.0,0,414.14,0.0,1,8.64,0.17,SPY230428P00390000,390.0,0,0.0,0.0,,0.0,normalDay
2023-04-20,4219.0,849.0,0.0,0,411.88,0.0,1,8.64,0.15,SPY230428P00390000,390.0,0,0.0,0.0,,0.0,normalDay
2023-04-21,4219.0,853.0,0.0,0,412.2,0.0,1,8.64,0.11,SPY230428P00390000,390.0,0,0.0,0.0,,0.0,normalDay
2023-04-24,4219.0,859.0,0.0,0,412.63,0.0,1,8.64,0.05,SPY230428P00390000,390.0,0,0.0,0.0,,0.0,normalDay
2023-04-25,4219.0,855.0,0.0,0,406.08,0.0,1,8.64,0.09,SPY230428P00390000,390.0,0,0.0,0.0,,0.0,normalDay
2023-04-26,4219.0,858.0,0.0,0,404.36,0.0,1,8.64,0.06,SPY230428P00390000,390.0,0,0.0,0.0,,0.0,normalDay
2023-04-27,4219.0,861.0,0.0,0,412.41,0.0,1,8.64,0.03,SPY230428P00390000,390.0,0,0.0,0.0,,0.0,normalDay
2023-04-28,5083.0,0.0,864.0,0,415.93,0.0,1,8.64,0.0,SPY230428P00390000,390.0,0,0.0,0.0,,0.0,expirationDay
2023-05-01,5083.0,-4.0,0.0,0,415.51,0.0,1,5.63,5.67,SPY230616P00408000,408.0,0,0.0,0.0,,0.0,normalDay
2023-05-02,5083.0,-205.0,0.0,0,410.84,0.0,1,5.63,7.68,SPY230616P00408000,408.0,0,0.0,0.0,,0.0,normalDay
2023-05-03,5083.0,-302.0,0.0,0,408.02,0.0,1,5.63,8.65,SPY230616P00408000,408.0,0,0.0,0.0,,0.0,normalDay
2023-05-04,5083.0,-520.0,0.0,0,405.13,0.0,1,5.63,10.83,SPY230616P00408000,408.0,0,0.0,0.0,,0.0,normalDay
2023-05-05,5083.0,-127.0,0.0,0,412.63,0.0,1,5.63,6.9,SPY230616P00408000,408.0,0,0.0,0.0,,0.0,normalDay
2023-05-08,5083.0,-75.0,0.0,0,412.74,0.0,1,5.63,6.38,SPY230616P00408000,408.0,0,0.0,0.0,,0.0,normalDay
2023-05-09,5083.0,-136.0,0.0,0,410.93,0.0,1,5.63,6.99,SPY230616P00408000,408.0,0,0.0,0.0,,0.0,normalDay
2023-05-10,5083.0,-31.0,0.0,0,412.85,0.0,1,5.63,5.94,SPY230616P00408000,408.0,0,0.0,0.0,,0.0,normalDay
2023-05-11,5083.0,-43.0,0.0,0,412.13,0.0,1,5.63,6.06,SPY230616P00408000,408.0,0,0.0,0.0,,0.0,normalDay
2023-05-12,5083.0,-57.0,0.0,0,411.59,0.0,1,5.63,6.2,SPY230616P00408000,408.0,0,0.0,0.0,,0.0,normalDay
2023-05-15,5083.0,42.0,0.0,0,413.01,0.0,1,5.63,5.21,SPY230616P00408000,408.0,0,0.0,0.0,,0.0,normalDay
2023-05-16,5083.0,-63.0,0.0,0,410.25,0.0,1,5.63,6.26,SPY230616P00408000,408.0,0,0.0,0.0,,0.0,normalDay
2023-05-17,5083.0,126.0,0.0,0,415.23,0.0,1,5.63,4.37,SPY230616P00408000,408.0,0,0.0,0.0,,0.0,normalDay
2023-05-18,5083.0,252.0,0.0,0,419.23,0.0,1,5.63,3.11,SPY230616P00408000,408.0,0,0.0,0.0,,0.0,normalDay
2023-05-19,5083.0,220.0,0.0,0,418.62,0.0,1,5.63,3.43,SPY230616P00408000,408.0,0,0.0,0.0,,0.0,normalDay
2023-05-22,5083.0,238.0,0.0,0,418.79,0.0,1,5.63,3.25,SPY230616P00408000,408.0,0,0.0,0.0,,0.0,normalDay
2023-05-23,5083.0,92.0,0.0,0,414.09,0.0,1,5.63,4.71,SPY230616P00408000,408.0,0,0.0,0.0,,0.0,normalDay
2023-05-24,5083.0,-29.0,0.0,0,411.09,0.0,1,5.63,5.92,SPY230616P00408000,408.0,0,0.0,0.0,,0.0,normalDay
2023-05-25,5083.0,115.0,0.0,0,414.65,0.0,1,5.63,4.48,SPY230616P00408000,408.0,0,0.0,0.0,,0.0,normalDay
2023-05-26,5083.0,285.0,0.0,0,420.02,0.0,1,5.63,2.78,SPY230616P00408000,408.0,0,0.0,0.0,,0.0,normalDay
2023-05-30,5083.0,344.0,0.0,0,420.18,0.0,1,5.63,2.19,SPY230616P00408000,408.0,0,0.0,0.0,,0.0,normalDay
2023-05-31,5083.0,315.0,0.0,0,417.85,0.0,1,5.63,2.48,SPY230616P00408000,408.0,0,0.0,0.0,,0.0,normalDay
2023-06-01,5083.0,436.0,0.0,0,421.82,0.0,1,5.63,1.27,SPY230616P00408000,408.0,0,0.0,0.0,,0.0,normalDay
2023-06-02,5083.0,509.0,0.0,0,427.92,0.0,1,5.63,0.54,SPY230616P00408000,408.0,0,0.0,0.0,,0.0,normalDay
2023-06-05,5083.0,518.0,0.0,0,427.1,0.0,1,5.63,0.45,SPY230616P00408000,408.0,0,0.0,0.0,,0.0,normalDay
2023-06-06,5083.0,528.0,0.0,0,428.03,0.0,1,5.63,0.35,SPY230616P00408000,408.0,0,0.0,0.0,,0.0,normalDay
2023-06-07,5083.0,529.0,0.0,0,426.55,0.0,1,5.63,0.34,SPY230616P00408000,408.0,0,0.0,0.0,,0.0,normalDay
2023-06-08,5083.0,540.0,0.0,0,429.13,0.0,1,5.63,0.23,SPY230616P00408000,408.0,0,0.0,0.0,,0.0,normalDay
2023-06-09,5083.0,546.0,0.0,0,429.9,0.0,1,5.63,0.17,SPY230616P00408000,408.0,0,0.0,0.0,,0.0,normalDay
2023-06-12,5083.0,549.0,0.0,0,433.8,0.0,1,5.63,0.14,SPY230616P00408000,408.0,0,0.0,0.0,,0.0,normalDay
2023-06-13,5083.0,553.0,0.0,0,436.66,0.0,1,5.63,0.1,SPY230616P00408000,408.0,0,0.0,0.0,,0.0,normalDay
2023-06-14,5083.0,558.0,0.0,0,437.18,0.0,1,5.63,0.05,SPY230616P00408000,408.0,0,0.0,0.0,,0.0,normalDay
2023-06-15,5083.0,559.0,0.0,0,442.6,0.0,1,5.63,0.04,SPY230616P00408000,408.0,0,0.0,0.0,,0.0,normalDay
2023-06-16,5646.0,0.0,563.0,0,439.46,0.0,1,5.63,0.0,SPY230616P00408000,408.0,0,0.0,0.0,,0.0,expirationDay
2023-06-20,5646.0,-4.0,0.0,0,437.18,0.0,1,1.83,1.87,SPY230728P00417000,417.0,0,0.0,0.0,,0.0,normalDay
2023-06-21,5646.0,-8.0,0.0,0,434.94,0.0,1,1.83,1.91,SPY230728P00417000,417.0,0,0.0,0.0,,0.0,normalDay
2023-06-22,5646.0,22.0,0.0,0,436.51,0.0,1,1.83,1.61,SPY230728P00417000,417.0,0,0.0,0.0,,0.0,normalDay
2023-06-23,5646.0,-17.0,0.0,0,433.21,0.0,1,1.83,2.0,SPY230728P00417000,417.0,0,0.0,0.0,,0.0,normalDay
2023-06-26,5646.0,-29.0,0.0,0,431.44,0.0,1,1.83,2.12,SPY230728P00417000,417.0,0,0.0,0.0,,0.0,normalDay
2023-06-27,5646.0,39.0,0.0,0,436.17,0.0,1,1.83,1.44,SPY230728P00417000,417.0,0,0.0,0.0,,0.0,normalDay
2023-06-28,5646.0,59.0,0.0,0,436.39,0.0,1,1.83,1.24,SPY230728P00417000,417.0,0,0.0,0.0,,0.0,normalDay
2023-06-29,5646.0,73.0,0.0,0,438.11,0.0,1,1.83,1.1,SPY230728P00417000,417.0,0,0.0,0.0,,0.0,normalDay
2023-06-30,5646.0,110.0,0.0,0,443.28,0.0,1,1.83,0.73,SPY230728P00417000,417.0,0,0.0,0.0,,0.0,normalDay
2023-07-03,5646.0,120.0,0.0,0,443.79,0.0,1,1.83,0.63,SPY230728P00417000,417.0,0,0.0,0.0,,0.0,normalDay
2023-07-05,5646.0,117.0,0.0,0,443.13,0.0,1,1.83,0.66,SPY230728P00417000,417.0,0,0.0,0.0,,0.0,normalDay
2023-07-06,5646.0,87.0,0.0,0,439.66,0.0,1,1.83,0.96,SPY230728P00417000,417.0,0,0.0,0.0,,0.0,normalDay
2023-07-07,5646.0,102.0,0.0,0,438.55,0.0,1,1.83,0.81,SPY230728P00417000,417.0,0,0.0,0.0,,0.0,normalDay
2023-07-10,5646.0,117.0,0.0,0,439.66,0.0,1,1.83,0.66,SPY230728P00417000,417.0,0,0.0,0.0,,0.0,normalDay
2023-07-11,5646.0,133.0,0.0,0,442.46,0.0,1,1.83,0.5,SPY230728P00417000,417.0,0,0.0,0.0,,0.0,normalDay
2023-07-12,5646.0,156.0,0.0,0,446.02,0.0,1,1.83,0.27,SPY230728P00417000,417.0,0,0.0,0.0,,0.0,normalDay
2023-07-13,5646.0,158.0,0.0,0,449.56,0.0,1,1.83,0.25,SPY230728P00417000,417.0,0,0.0,0.0,,0.0,normalDay
2023-07-14,5646.0,163.0,0.0,0,449.28,0.0,1,1.83,0.2,SPY230728P00417000,417.0,0,0.0,0.0,,0.0,normalDay
2023-07-17,5646.0,169.0,0.0,0,450.84,0.0,1,1.83,0.14,SPY230728P00417000,417.0,0,0.0,0.0,,0.0,normalDay
2023-07-18,5646.0,171.0,0.0,0,454.19,0.0,1,1.83,0.12,SPY230728P00417000,417.0,0,0.0,0.0,,0.0,normalDay
2023-07-19,5646.0,173.0,0.0,0,455.2,0.0,1,1.83,0.1,SPY230728P00417000,417.0,0,0.0,0.0,,0.0,normalDay
2023-07-20,5646.0,173.0,0.0,0,452.18,0.0,1,1.83,0.1,SPY230728P00417000,417.0,0,0.0,0.0,,0.0,normalDay
2023-07-21,5646.0,178.0,0.0,0,452.18,0.0,1,1.83,0.05,SPY230728P00417000,417.0,0,0.0,0.0,,0.0,normalDay
2023-07-24,5646.0,180.0,0.0,0,454.2,0.0,1,1.83,0.03,SPY230728P00417000,417.0,0,0.0,0.0,,0.0,normalDay
2023-07-25,5646.0,180.0,0.0,0,455.44,0.0,1,1.83,0.03,SPY230728P00417000,417.0,0,0.0,0.0,,0.0,normalDay
2023-07-26,5646.0,181.0,0.0,0,455.51,0.0,1,1.83,0.02,SPY230728P00417000,417.0,0,0.0,0.0,,0.0,normalDay
2023-07-27,5646.0,180.0,0.0,0,452.49,0.0,1,1.83,0.03,SPY230728P00417000,417.0,0,0.0,0.0,,0.0,normalDay
2023-07-28,5829.0,0.0,183.0,0,456.92,0.0,1,1.83,0.0,SPY230728P00417000,417.0,0,0.0,0.0,,0.0,expirationDay
2023-07-31,5829.0,-3.0,0.0,0,457.79,0.0,1,2.99,3.02,SPY230915P00443000,443.0,0,0.0,0.0,,0.0,normalDay
2023-08-01,5829.0,-34.0,0.0,0,456.48,0.0,1,2.99,3.33,SPY230915P00443000,443.0,0,0.0,0.0,,0.0,normalDay
2023-08-02,5829.0,-240.0,0.0,0,450.13,0.0,1,2.99,5.39,SPY230915P00443000,443.0,0,0.0,0.0,,0.0,normalDay
2023-08-03,5829.0,-232.0,0.0,0,448.84,0.0,1,2.99,5.31,SPY230915P00443000,443.0,0,0.0,0.0,,0.0,normalDay
2023-08-04,5829.0,-356.0,0.0,0,446.81,0.0,1,2.99,6.55,SPY230915P00443000,443.0,0,0.0,0.0,,0.0,normalDay
2023-08-07,5829.0,-169.0,0.0,0,450.71,0.0,1,2.99,4.68,SPY230915P00443000,443.0,0,0.0,0.0,,0.0,normalDay
2023-08-08,5829.0,-236.0,0.0,0,448.75,0.0,1,2.99,5.35,SPY230915P00443000,443.0,0,0.0,0.0,,0.0,normalDay
2023-08-09,5829.0,-307.0,0.0,0,445.75,0.0,1,2.99,6.06,SPY230915P00443000,443.0,0,0.0,0.0,,0.0,normalDay
2023-08-10,5829.0,-312.0,0.0,0,445.91,0.0,1,2.99,6.11,SPY230915P00443000,443.0,0,0.0,0.0,,0.0,normalDay
2023-08-11,5829.0,-272.0,0.0,0,445.65,0.0,1,2.99,5.71,SPY230915P00443000,443.0,0,0.0,0.0,,0.0,normalDay
2023-08-14,5829.0,-162.0,0.0,0,448.11,0.0,1,2.99,4.61,SPY230915P00443000,443.0,0,0.0,0.0,,0.0,normalDay
2023-08-15,5829.0,-399.0,0.0,0,442.89,0.0,1,2.99,6.98,SPY230915P00443000,443.0,0,0.0,0.0,,0.0,normalDay
2023-08-16,5829.0,-541.0,0.0,0,439.64,0.0,1,2.99,8.4,SPY230915P00443000,443.0,0,0.0,0.0,,0.0,normalDay
2023-08-17,5829.0,-762.0,0.0,0,436.29,0.0,1,2.99,10.61,SPY230915P00443000,443.0,0,0.0,0.0,,0.0,normalDay
2023-08-18,5829.0,-709.0,0.0,0,436.5,0.0,1,2.99,10.08,SPY230915P00443000,443.0,0,0.0,0.0,,0.0,normalDay
2023-08-21,5829.0,-534.0,0.0,0,439.34,0.0,1,2.99,8.33,SPY230915P00443000,443.0,0,0.0,0.0,,0.0,normalDay
2023-08-22,5829.0,-570.0,0.0,0,438.15,0.0,1,2.99,8.69,SPY230915P00443000,443.0,0,0.0,0.0,,0.0,normalDay
2023-08-23,5829.0,-285.0,0.0,0,443.03,0.0,1,2.99,5.84,SPY230915P00443000,443.0,0,0.0,0.0,,0.0,normalDay
2023-08-24,5829.0,-643.0,0.0,0,436.89,0.0,1,2.99,9.42,SPY230915P00443000,443.0,0,0.0,0.0,,0.0,normalDay
2023-08-25,5829.0,-396.0,0.0,0,439.97,0.0,1,2.99,6.95,SPY230915P00443000,443.0,0,0.0,0.0,,0.0,normalDay
2023-08-28,5829.0,-204.0,0.0,0,442.76,0.0,1,2.99,5.03,SPY230915P00443000,443.0,0,0.0,0.0,,0.0,normalDay
2023-08-29,5829.0,48.0,0.0,0,449.16,0.0,1,2.99,2.51,SPY230915P00443000,443.0,0,0.0,0.0,,0.0,normalDay
2023-08-30,5829.0,120.0,0.0,0,451.01,0.0,1,2.99,1.79,SPY230915P00443000,443.0,0,0.0,0.0,,0.0,normalDay
2023-08-31,5829.0,135.0,0.0,0,450.35,0.0,1,2.99,1.64,SPY230915P00443000,443.0,0,0.0,0.0,,0.0,normalDay
2023-09-01,5829.0,167.0,0.0,0,451.19,0.0,1,2.99,1.32,SPY230915P00443000,443.0,0,0.0,0.0,,0.0,normalDay
2023-09-05,5829.0,138.0,0.0,0,449.24,0.0,1,2.99,1.61,SPY230915P00443000,443.0,0,0.0,0.0,,0.0,normalDay
2023-09-06,5829.0,56.0,0.0,0,446.22,0.0,1,2.99,2.43,SPY230915P00443000,443.0,0,0.0,0.0,,0.0,normalDay
2023-09-07,5829.0,20.0,0.0,0,444.85,0.0,1,2.99,2.79,SPY230915P00443000,443.0,0,0.0,0.0,,0.0,normalDay
2023-09-08,5829.0,108.0,0.0,0,445.52,0.0,1,2.99,1.91,SPY230915P00443000,443.0,0,0.0,0.0,,0.0,normalDay
2023-09-11,5829.0,210.0,0.0,0,448.45,0.0,1,2.99,0.89,SPY230915P00443000,443.0,0,0.0,0.0,,0.0,normalDay
2023-09-12,5829.0,149.0,0.0,0,445.99,0.0,1,2.99,1.5,SPY230915P00443000,443.0,0,0.0,0.0,,0.0,normalDay
2023-09-13,5829.0,224.0,0.0,0,446.51,0.0,1,2.99,0.75,SPY230915P00443000,443.0,0,0.0,0.0,,0.0,normalDay
2023-09-14,5829.0,292.0,0.0,0,450.36,0.0,1,2.99,0.07,SPY230915P00443000,443.0,0,0.0,0.0,,0.0,normalDay
2023-09-15,6128.0,0.0,299.0,0,443.37,0.0,1,2.99,0.0,SPY230915P00443000,443.0,0,0.0,0.0,,0.0,expirationDay
2023-09-18,6128.0,-4.0,0.0,0,443.63,0.0,1,4.8,4.84,SPY231027P00440000,440.0,0,0.0,0.0,,0.0,normalDay
2023-09-19,6128.0,-31.0,0.0,0,442.71,0.0,1,4.8,5.11,SPY231027P00440000,440.0,0,0.0,0.0,,0.0,normalDay
2023-09-20,6128.0,-234.0,0.0,0,438.64,0.0,1,4.8,7.14,SPY231027P00440000,440.0,0,0.0,0.0,,0.0,normalDay
2023-09-21,6128.0,-674.0,0.0,0,431.39,0.0,1,4.8,11.54,SPY231027P00440000,440.0,0,0.0,0.0,,0.0,normalDay
2023-09-22,6128.0,-712.0,0.0,0,430.42,0.0,1,4.8,11.92,SPY231027P00440000,440.0,0,0.0,0.0,,0.0,normalDay
2023-09-25,6128.0,-575.0,0.0,0,432.23,0.0,1,4.8,10.55,SPY231027P00440000,440.0,0,0.0,0.0,,0.0,normalDay
2023-09-26,6128.0,-1034.0,0.0,0,425.88,0.0,1,4.8,15.14,SPY231027P00440000,440.0,0,0.0,0.0,,0.0,normalDay
2023-09-27,6128.0,-1000.0,0.0,0,426.05,0.0,1,4.8,14.8,SPY231027P00440000,440.0,0,0.0,0.0,,0.0,normalDay
2023-09-28,6128.0,-838.0,0.0,0,428.52,0.0,1,4.8,13.18,SPY231027P00440000,440.0,0,0.0,0.0,,0.0,normalDay
2023-09-29,6128.0,-883.0,0.0,0,427.48,0.0,1,4.8,13.63,SPY231027P00440000,440.0,0,0.0,0.0,,0.0,normalDay
2023-10-02,6128.0,-875.0,0.0,0,427.31,0.0,1,4.8,13.55,SPY231027P00440000,440.0,0,0.0,0.0,,0.0,normalDay
2023-10-03,6128.0,-1364.0,0.0,0,421.59,0.0,1,4.8,18.44,SPY231027P00440000,440.0,0,0.0,0.0,,0.0,normalDay
2023-10-04,6128.0,-1121.0,0.0,0,424.66,0.0,1,4.8,16.01,SPY231027P00440000,440.0,0,0.0,0.0,,0.0,normalDay
2023-10-05,6128.0,-1154.0,0.0,0,424.5,0.0,1,4.8,16.34,SPY231027P00440000,440.0,0,0.0,0.0,,0.0,normalDay
2023-10-06,6128.0,-667.0,0.0,0,429.54,0.0,1,4.8,11.47,SPY231027P00440000,440.0,0,0.0,0.0,,0.0,normalDay
2023-10-09,6128.0,-461.0,0.0,0,432.29,0.0,1,4.8,9.41,SPY231027P00440000,440.0,0,0.0,0.0,,0.0,normalDay
2023-10-10,6128.0,-300.0,0.0,0,434.54,0.0,1,4.8,7.8,SPY231027P00440000,440.0,0,0.0,0.0,,0.0,normalDay
2023-10-11,6128.0,-113.0,0.0,0,436.32,0.0,1,4.8,5.93,SPY231027P00440000,440.0,0,0.0,0.0,,0.0,normalDay
2023-10-12,6128.0,-297.0,0.0,0,433.66,0.0,1,4.8,7.77,SPY231027P00440000,440.0,0,0.0,0.0,,0.0,normalDay
2023-10-13,6128.0,-525.0,0.0,0,431.5,0.0,1,4.8,10.05,SPY231027P00440000,440.0,0,0.0,0.0,,0.0,normalDay
2023-10-16,6128.0,-121.0,0.0,0,436.04,0.0,1,4.8,6.01,SPY231027P00440000,440.0,0,0.0,0.0,,0.0,normalDay
2023-10-17,6128.0,-147.0,0.0,0,436.02,0.0,1,4.8,6.27,SPY231027P00440000,440.0,0,0.0,0.0,,0.0,normalDay
2023-10-18,6128.0,-512.0,0.0,0,430.21,0.0,1,4.8,9.92,SPY231027P00440000,440.0,0,0.0,0.0,,0.0,normalDay
2023-10-19,6128.0,-969.0,0.0,0,426.43,0.0,1,4.8,14.49,SPY231027P00440000,440.0,0,0.0,0.0,,0.0,normalDay
2023-10-20,6128.0,-1404.0,0.0,0,421.19,0.0,1,4.8,18.84,SPY231027P00440000,440.0,0,0.0,0.0,,0.0,normalDay
2023-10-23,6128.0,-1406.0,0.0,0,420.46,0.0,1,4.8,18.86,SPY231027P00440000,440.0,0,0.0,0.0,,0.0,normalDay
2023-10-24,6128.0,-1139.0,0.0,0,423.63,0.0,1,4.8,16.19,SPY231027P00440000,440.0,0,0.0,0.0,,0.0,normalDay
2023-10-25,6128.0,-1753.0,0.0,0,417.55,0.0,1,4.8,22.33,SPY231027P00440000,440.0,0,0.0,0.0,,0.0,normalDay
2023-10-26,6128.0,-2244.0,0.0,0,412.55,0.0,1,4.8,27.24,SPY231027P00440000,440.0,0,0.0,0.0,,0.0,normalDay
2023-10-27,6608.0,-2932.0,480.0,100,410.68,440.0,1,4.8,0.0,SPY231027P00440000,440.0,0,0.0,0.0,,0.0,expirationDay
2023-10-30,6608.0,-2474.0,0.0,100,415.59,440.0,0,0.0,0.0,,0.0,1,12.49,12.82,SPY240328C00433000,433.0,normalDay
2023-10-31,6608.0,-2242.0,0.0,100,418.2,440.0,0,0.0,0.0,,0.0,1,12.49,13.11,SPY240328C00433000,433.0,normalDay
2023-11-01,6608.0,-1995.0,0.0,100,422.66,440.0,0,0.0,0.0,,0.0,1,12.49,15.1,SPY240328C00433000,433.0,normalDay
2023-11-02,6608.0,-1610.0,0.0,100,430.76,440.0,0,0.0,0.0,,0.0,1,12.49,19.35,SPY240328C00433000,433.0,normalDay
2023-11-03,6608.0,-1437.0,0.0,100,434.69,440.0,0,0.0,0.0,,0.0,1,12.49,21.55,SPY240328C00433000,433.0,normalDay
2023-11-06,6608.0,-1347.0,0.0,100,435.69,440.0,0,0.0,0.0,,0.0,1,12.49,21.65,SPY240328C00433000,433.0,normalDay
2023-11-07,6608.0,-1316.0,0.0,100,436.93,440.0,0,0.0,0.0,,0.0,1,12.49,22.58,SPY240328C00433000,433.0,normalDay
2023-11-08,6608.0,-1261.0,0.0,100,437.25,440.0,0,0.0,0.0,,0.0,1,12.49,22.35,SPY240328C00433000,433.0,normalDay
2023-11-09,6608.0,-1420.0,0.0,100,433.84,440.0,0,0.0,0.0,,0.0,1,12.49,20.53,SPY240328C00433000,433.0,normalDay
2023-11-10,6608.0,-1119.0,0.0,100,440.61,440.0,0,0.0,0.0,,0.0,1,12.49,24.29,SPY240328C00433000,433.0,normalDay
2023-11-13,6608.0,-1117.0,0.0,100,440.19,440.0,0,0.0,0.0,,0.0,1,12.49,23.85,SPY240328C00433000,433.0,normalDay
2023-11-14,6608.0,-931.0,0.0,100,448.73,440.0,0,0.0,0.0,,0.0,1,12.49,30.53,SPY240328C00433000,433.0,normalDay
2023-11-15,6608.0,-840.0,0.0,100,449.68,440.0,0,0.0,0.0,,0.0,1,12.49,30.57,SPY240328C00433000,433.0,normalDay
2023-11-16,6608.0,-831.0,0.0,100,450.23,440.0,0,0.0,0.0,,0.0,1,12.49,31.03,SPY240328C00433000,433.0,normalDay
2023-11-17,6608.0,-786.0,0.0,100,450.79,440.0,0,0.0,0.0,,0.0,1,12.49,31.14,SPY240328C00433000,433.0,normalDay
2023-11-20,6608.0,-701.0,0.0,100,454.26,440.0,0,0.0,0.0,,0.0,1,12.49,33.76,SPY240328C00433000,433.0,normalDay
2023-11-21,6608.0,-666.0,0.0,100,453.27,440.0,0,0.0,0.0,,0.0,1,12.49,32.42,SPY240328C00433000,433.0,normalDay
2023-11-22,6608.0,-693.0,0.0,100,455.02,440.0,0,0.0,0.0,,0.0,1,12.49,34.44,SPY240328C00433000,433.0,normalDay
2023-11-24,6608.0,-669.0,0.0,100,455.3,440.0,0,0.0,0.0,,0.0,1,12.49,34.48,SPY240328C00433000,433.0,normalDay
2023-11-27,6608.0,-676.0,0.0,100,454.48,440.0,0,0.0,0.0,,0.0,1,12.49,33.73,SPY240328C00433000,433.0,normalDay
2023-11-28,6608.0,-653.0,0.0,100,454.93,440.0,0,0.0,0.0,,0.0,1,12.49,33.95,SPY240328C00433000,433.0,normalDay
2023-11-29,6608.0,-642.0,0.0,100,454.61,440.0,0,0.0,0.0,,0.0,1,12.49,33.52,SPY240328C00433000,433.0,normalDay
2023-11-30,6608.0,-606.0,0.0,100,456.4,440.0,0,0.0,0.0,,0.0,1,12.49,34.95,SPY240328C00433000,433.0,normalDay
