date,totalCapital,unrializedPnL,rializedPnL,stocksOwned,stocksPriceToday,stocksPriceBoughtAt,putOwned,putOwnedSoldAt,putPriceToday,putOwnedContract,putOwnedStrike,callOwned,callOwnedSoldAt,callPriceToday,callOwnedContract,callOwnedStrike,trackType
2018-11-01,0.0,-3.0,0.0,0,273.51,0.0,1,0.05,0.08,SPY181102P00264500,264.5,0,0.0,0.0,,0.0,normalDay
2018-11-02,5.0,0.0,5.0,0,271.89,0.0,1,0.05,0.0,SPY181102P00264500,264.5,0,0.0,0.0,,0.0,expirationDay
2018-11-05,5.0,-3.0,0.0,0,273.39,0.0,1,0.28,0.31,SPY181107P00265000,265.0,0,0.0,0.0,,0.0,normalDay
2018-11-06,5.0,14.0,0.0,0,275.12,0.0,1,0.28,0.14,SPY181107P00265000,265.0,0,0.0,0.0,,0.0,normalDay
2018-11-07,33.0,0.0,28.0,0,281.01,0.0,1,0.28,0.0,SPY181107P00265000,265.0,0,0.0,0.0,,0.0,expirationDay
2018-11-08,33.0,0.0,0.0,0,280.5,0.0,0,0.0,0.0,,0.0,0,0.0,0.0,,0.0,bidTooLow
2018-11-09,33.0,0.0,0.0,0,277.76,0.0,0,0.0,0.0,,0.0,0,0.0,0.0,,0.0,bidTooLow
2018-11-12,33.0,-4.0,0.0,0,272.57,0.0,1,0.33,0.37,SPY181114P00266000,266.0,0,0.0,0.0,,0.0,normalDay
2018-11-13,33.0,19.0,0.0,0,272.06,0.0,1,0.33,0.14,SPY181114P00266000,266.0,0,0.0,0.0,,0.0,normalDay
2018-11-14,66.0,0.0,33.0,0,270.2,0.0,1,0.33,0.0,SPY181114P00266000,266.0,0,0.0,0.0,,0.0,expirationDay
2018-11-15,66.0,-3.0,0.0,0,273.02,0.0,1,0.05,0.08,SPY181116P00265000,265.0,0,0.0,0.0,,0.0,normalDay
2018-11-16,71.0,0.0,5.0,0,273.73,0.0,1,0.05,0.0,SPY181116P00265000,265.0,0,0.0,0.0,,0.0,expirationDay
2018-11-19,71.0,-4.0,0.0,0,269.1,0.0,1,0.52,0.56,SPY181121P00265000,265.0,0,0.0,0.0,,0.0,normalDay
2018-11-20,71.0,-153.0,0.0,0,264.12,0.0,1,0.52,2.05,SPY181121P00265000,265.0,0,0.0,0.0,,0.0,normalDay
2018-11-21,123.0,0.0,52.0,0,265.02,0.0,1,0.52,0.0,SPY181121P00265000,265.0,0,0.0,0.0,,0.0,expirationDay
2018-11-23,123.0,-7.0,0.0,0,263.25,0.0,1,1.67,1.74,SPY181126P00263500,263.5,0,0.0,0.0,,0.0,normalDay
2018-11-26,290.0,0.0,167.0,0,267.5,0.0,1,1.67,0.0,SPY181126P00263500,263.5,0,0.0,0.0,,0.0,expirationDay
2018-11-27,290.0,-3.0,0.0,0,268.4,0.0,1,0.64,0.67,SPY181130P00264000,264.0,0,0.0,0.0,,0.0,normalDay
2018-11-28,290.0,57.0,0.0,0,274.58,0.0,1,0.64,0.07,SPY181130P00264000,264.0,0,0.0,0.0,,0.0,normalDay
2018-11-29,290.0,62.0,0.0,0,273.98,0.0,1,0.64,0.02,SPY181130P00264000,264.0,0,0.0,0.0,,0.0,normalDay
2018-11-30,354.0,0.0,64.0,0,275.65,0.0,1,0.64,0.0,SPY181130P00264000,264.0,0,0.0,0.0,,0.0,expirationDay
2018-12-03,354.0,0.0,0.0,0,279.3,0.0,0,0.0,0.0,,0.0,0,0.0,0.0,,0.0,bidTooLow
2018-12-04,354.0,-6.0,0.0,0,270.25,0.0,1,0.78,0.84,SPY181207P00264500,264.5,0,0.0,0.0,,0.0,normalDay
2018-12-06,354.0,53.0,0.0,0,269.84,0.0,1,0.78,0.25,SPY181207P00264500,264.5,0,0.0,0.0,,0.0,normalDay
2018-12-07,432.0,-93.0,78.0,100,263.57,264.5,1,0.78,0.0,SPY181207P00264500,264.5,0,0.0,0.0,,0.0,expirationDay
2018-12-10,432.0,-43.0,0.0,100,264.07,264.5,0,0.0,0.0,,0.0,0,0.0,0.0,,0.0,bidTooLow
2018-12-11,432.0,-37.0,0.0,100,264.13,264.5,0,0.0,0.0,,0.0,0,0.0,0.0,,0.0,bidTooLow
2018-12-12,432.0,96.0,0.0,100,265.46,264.5,0,0.0,0.0,,0.0,0,0.0,0.0,,0.0,bidTooLow
2018-12-13,432.0,87.0,0.0,100,265.37,264.5,0,0.0,0.0,,0.0,0,0.0,0.0,,0.0,bidTooLow
2018-12-14,432.0,-403.0,0.0,100,260.47,264.5,0,0.0,0.0,,0.0,0,0.0,0.0,,0.0,bidTooLow
2018-12-17,432.0,-914.0,0.0,100,255.36,264.5,0,0.0,0.0,,0.0,0,0.0,0.0,,0.0,bidTooLow
2018-12-18,432.0,-942.0,0.0,100,255.08,264.5,0,0.0,0.0,,0.0,0,0.0,0.0,,0.0,bidTooLow
2018-12-19,432.0,-1324.0,0.0,100,251.26,264.5,0,0.0,0.0,,0.0,0,0.0,0.0,,0.0,bidTooLow
2018-12-20,432.0,-1733.0,0.0,100,247.17,264.5,0,0.0,0.0,,0.0,0,0.0,0.0,,0.0,bidTooLow
2018-12-21,432.0,-2380.0,0.0,100,240.7,264.5,0,0.0,0.0,,0.0,0,0.0,0.0,,0.0,bidTooLow
2018-12-24,432.0,-3016.0,0.0,100,234.34,264.5,0,0.0,0.0,,0.0,0,0.0,0.0,,0.0,bidTooLow
2018-12-26,432.0,-1832.0,0.0,100,246.18,264.5,0,0.0,0.0,,0.0,0,0.0,0.0,,0.0,bidTooLow
2018-12-27,432.0,-1643.0,0.0,100,248.07,264.5,0,0.0,0.0,,0.0,0,0.0,0.0,,0.0,bidTooLow
2018-12-28,432.0,-1675.0,0.0,100,247.75,264.5,0,0.0,0.0,,0.0,0,0.0,0.0,,0.0,bidTooLow
2018-12-31,432.0,-1458.0,0.0,100,249.92,264.5,0,0.0,0.0,,0.0,0,0.0,0.0,,0.0,bidTooLow
2019-01-02,432.0,-1432.0,0.0,100,250.18,264.5,0,0.0,0.0,,0.0,0,0.0,0.0,,0.0,bidTooLow
2019-01-03,432.0,-2029.0,0.0,100,244.21,264.5,0,0.0,0.0,,0.0,0,0.0,0.0,,0.0,bidTooLow
2019-01-04,432.0,-1211.0,0.0,100,252.39,264.5,0,0.0,0.0,,0.0,0,0.0,0.0,,0.0,bidTooLow
2019-01-07,432.0,-1012.0,0.0,100,254.38,264.5,0,0.0,0.0,,0.0,0,0.0,0.0,,0.0,bidTooLow
2019-01-08,432.0,-773.0,0.0,100,256.77,264.5,0,0.0,0.0,,0.0,0,0.0,0.0,,0.0,bidTooLow
2019-01-09,432.0,-653.0,0.0,100,257.97,264.5,0,0.0,0.0,,0.0,0,0.0,0.0,,0.0,bidTooLow
2019-01-10,432.0,-562.0,0.0,100,258.88,264.5,0,0.0,0.0,,0.0,0,0.0,0.0,,0.0,bidTooLow
2019-01-11,432.0,-552.0,0.0,100,258.98,264.5,0,0.0,0.0,,0.0,0,0.0,0.0,,0.0,bidTooLow
2019-01-14,432.0,-710.0,0.0,100,257.4,264.5,0,0.0,0.0,,0.0,0,0.0,0.0,,0.0,bidTooLow
2019-01-15,432.0,-415.0,0.0,100,260.35,264.5,0,0.0,0.0,,0.0,0,0.0,0.0,,0.0,bidTooLow
2019-01-16,432.0,-352.0,0.0,100,260.98,264.5,0,0.0,0.0,,0.0,0,0.0,0.0,,0.0,bidTooLow
2019-01-17,432.0,-154.0,0.0,100,262.96,264.5,0,0.0,0.0,,0.0,0,0.0,0.0,,0.0,bidTooLow
2019-01-18,432.0,196.0,0.0,100,266.46,264.5,0,0.0,0.0,,0.0,0,0.0,0.0,,0.0,bidTooLow
2019-01-22,432.0,-164.0,0.0,100,262.86,264.5,0,0.0,0.0,,0.0,0,0.0,0.0,,0.0,bidTooLow
2019-01-23,432.0,-109.0,0.0,100,263.41,264.5,0,0.0,0.0,,0.0,0,0.0,0.0,,0.0,bidTooLow
2019-01-24,432.0,-95.0,0.0,100,263.55,264.5,0,0.0,0.0,,0.0,0,0.0,0.0,,0.0,bidTooLow
2019-01-25,432.0,128.0,0.0,100,265.78,264.5,0,0.0,0.0,,0.0,0,0.0,0.0,,0.0,bidTooLow
2019-01-28,432.0,-74.0,0.0,100,263.76,264.5,0,0.0,0.0,,0.0,0,0.0,0.0,,0.0,bidTooLow
2019-01-29,432.0,-109.0,0.0,100,263.41,264.5,0,0.0,0.0,,0.0,0,0.0,0.0,,0.0,bidTooLow
2019-01-30,432.0,308.0,0.0,100,267.58,264.5,0,0.0,0.0,,0.0,0,0.0,0.0,,0.0,bidTooLow
2019-01-31,432.0,543.0,0.0,100,269.93,264.5,0,0.0,0.0,,0.0,0,0.0,0.0,,0.0,bidTooLow
2019-02-01,432.0,556.0,0.0,100,270.06,264.5,0,0.0,0.0,,0.0,0,0.0,0.0,,0.0,bidTooLow
2019-02-04,432.0,746.0,0.0,100,271.96,264.5,0,0.0,0.0,,0.0,0,0.0,0.0,,0.0,bidTooLow
2019-02-05,432.0,857.0,0.0,100,273.1,264.5,0,0.0,0.0,,0.0,1,0.06,0.09,SPY190208C00278000,278.0,normalDay
2019-02-06,432.0,828.0,0.0,100,272.74,264.5,0,0.0,0.0,,0.0,1,0.06,0.02,SPY190208C00278000,278.0,normalDay
2019-02-07,432.0,569.0,0.0,100,270.14,264.5,0,0.0,0.0,,0.0,1,0.06,0.01,SPY190208C00278000,278.0,normalDay
2019-02-08,438.0,597.0,6.0,100,270.47,264.5,0,0.0,0.0,,0.0,1,0.06,0.0,SPY190208C00278000,278.0,expirationDay
2019-02-11,438.0,612.0,0.0,100,270.62,264.5,0,0.0,0.0,,0.0,0,0.0,0.0,,0.0,bidTooLow
2019-02-12,438.0,957.0,0.0,100,274.1,264.5,0,0.0,0.0,,0.0,1,0.02,0.05,SPY190215C00280000,280.0,normalDay
2019-02-13,438.0,1046.0,0.0,100,274.99,264.5,0,0.0,0.0,,0.0,1,0.02,0.05,SPY190215C00280000,280.0,normalDay
2019-02-14,438.0,988.0,0.0,100,274.38,264.5,0,0.0,0.0,,0.0,1,0.02,0.02,SPY190215C00280000,280.0,normalDay
2019-02-15,440.0,1287.0,2.0,100,277.37,264.5,0,0.0,0.0,,0.0,1,0.02,0.0,SPY190215C00280000,280.0,expirationDay
2019-02-19,440.0,1335.0,0.0,100,277.85,264.5,0,0.0,0.0,,0.0,0,0.0,0.0,,0.0,bidTooLow
2019-02-20,440.0,1391.0,0.0,100,278.41,264.5,0,0.0,0.0,,0.0,0,0.0,0.0,,0.0,bidTooLow
2019-02-21,440.0,1292.0,0.0,100,277.42,264.5,0,0.0,0.0,,0.0,0,0.0,0.0,,0.0,bidTooLow
2019-02-22,440.0,1464.0,0.0,100,279.14,264.5,0,0.0,0.0,,0.0,0,0.0,0.0,,0.0,bidTooLow
2019-02-25,440.0,1502.0,0.0,100,279.52,264.5,0,0.0,0.0,,0.0,0,0.0,0.0,,0.0,bidTooLow
2019-02-26,440.0,1482.0,0.0,100,279.32,264.5,0,0.0,0.0,,0.0,0,0.0,0.0,,0.0,bidTooLow
2019-02-27,440.0,1470.0,0.0,100,279.2,264.5,0,0.0,0.0,,0.0,0,0.0,0.0,,0.0,bidTooLow
2019-02-28,440.0,1418.0,0.0,100,278.68,264.5,0,0.0,0.0,,0.0,0,0.0,0.0,,0.0,bidTooLow
2019-03-01,440.0,1592.0,0.0,100,280.42,264.5,0,0.0,0.0,,0.0,0,0.0,0.0,,0.0,bidTooLow
2019-03-04,440.0,1490.0,0.0,100,279.4,264.5,0,0.0,0.0,,0.0,0,0.0,0.0,,0.0,bidTooLow
2019-03-05,440.0,1452.0,0.0,100,279.02,264.5,0,0.0,0.0,,0.0,0,0.0,0.0,,0.0,bidTooLow
2019-03-06,440.0,1283.0,0.0,100,277.33,264.5,0,0.0,0.0,,0.0,0,0.0,0.0,,0.0,bidTooLow
2019-03-07,440.0,1051.0,0.0,100,275.01,264.5,0,0.0,0.0,,0.0,0,0.0,0.0,,0.0,bidTooLow
2019-03-08,440.0,996.0,0.0,100,274.46,264.5,0,0.0,0.0,,0.0,0,0.0,0.0,,0.0,bidTooLow
2019-03-11,440.0,1394.0,0.0,100,278.44,264.5,0,0.0,0.0,,0.0,0,0.0,0.0,,0.0,bidTooLow
2019-03-12,440.0,1496.0,0.0,100,279.49,264.5,0,0.0,0.0,,0.0,1,0.04,0.07,SPY190315C00283500,283.5,normalDay
2019-03-13,440.0,1669.0,0.0,100,281.34,264.5,0,0.0,0.0,,0.0,1,0.04,0.19,SPY190315C00283500,283.5,normalDay
2019-03-14,440.0,1666.0,0.0,100,281.16,264.5,0,0.0,0.0,,0.0,1,0.04,0.04,SPY190315C00283500,283.5,normalDay
2019-03-15,444.0,1681.0,4.0,100,281.31,264.5,0,0.0,0.0,,0.0,1,0.04,0.0,SPY190315C00283500,283.5,expirationDay
2019-03-18,444.0,1780.0,0.0,100,282.33,264.5,0,0.0,0.0,,0.0,1,0.13,0.16,SPY190320C00285000,285.0,normalDay
2019-03-19,444.0,1794.0,0.0,100,282.4,264.5,0,0.0,0.0,,0.0,1,0.13,0.09,SPY190320C00285000,285.0,normalDay
2019-03-20,457.0,1705.0,13.0,100,281.55,264.5,0,0.0,0.0,,0.0,1,0.13,0.0,SPY190320C00285000,285.0,expirationDay
2019-03-21,457.0,2020.0,0.0,100,284.73,264.5,0,0.0,0.0,,0.0,1,0.04,0.07,SPY190322C00287000,287.0,normalDay
2019-03-22,461.0,1475.0,4.0,100,279.25,264.5,0,0.0,0.0,,0.0,1,0.04,0.0,SPY190322C00287000,287.0,expirationDay
2019-03-25,461.0,1454.0,0.0,100,279.04,264.5,0,0.0,0.0,,0.0,0,0.0,0.0,,0.0,bidTooLow
2019-03-26,461.0,1659.0,0.0,100,281.12,264.5,0,0.0,0.0,,0.0,1,0.02,0.05,SPY190329C00287000,287.0,normalDay
2019-03-27,461.0,1515.0,0.0,100,279.65,264.5,0,0.0,0.0,,0.0,1,0.02,0.02,SPY190329C00287000,287.0,normalDay
2019-03-28,461.0,1622.0,0.0,100,280.71,264.5,0,0.0,0.0,,0.0,1,0.02,0.01,SPY190329C00287000,287.0,normalDay
2019-03-29,463.0,1798.0,2.0,100,282.48,264.5,0,0.0,0.0,,0.0,1,0.02,0.0,SPY190329C00287000,287.0,expirationDay
2019-04-01,463.0,2130.0,0.0,100,285.83,264.5,0,0.0,0.0,,0.0,1,0.03,0.06,SPY190403C00289000,289.0,normalDay
2019-04-02,463.0,2148.0,0.0,100,285.97,264.5,0,0.0,0.0,,0.0,1,0.03,0.02,SPY190403C00289000,289.0,normalDay
2019-04-03,466.0,2192.0,3.0,100,286.42,264.5,0,0.0,0.0,,0.0,1,0.03,0.0,SPY190403C00289000,289.0,expirationDay
2019-04-04,466.0,2268.0,0.0,100,287.18,264.5,0,0.0,0.0,,0.0,0,0.0,0.0,,0.0,bidTooLow
2019-04-05,466.0,2404.0,0.0,100,288.57,264.5,0,0.0,0.0,,0.0,1,0.01,0.04,SPY190408C00291000,291.0,normalDay
2019-04-08,467.0,2429.0,1.0,100,288.79,264.5,0,0.0,0.0,,0.0,1,0.01,0.0,SPY190408C00291000,291.0,expirationDay
2019-04-09,467.0,2281.0,0.0,100,287.31,264.5,0,0.0,0.0,,0.0,0,0.0,0.0,,0.0,bidTooLow
2019-04-10,467.0,2379.0,0.0,100,288.29,264.5,0,0.0,0.0,,0.0,0,0.0,0.0,,0.0,bidTooLow
2019-04-11,467.0,2371.0,0.0,100,288.21,264.5,0,0.0,0.0,,0.0,0,0.0,0.0,,0.0,bidTooLow
2019-04-12,467.0,2566.0,0.0,100,290.16,264.5,0,0.0,0.0,,0.0,0,0.0,0.0,,0.0,bidTooLow
2019-04-15,467.0,2547.0,0.0,100,289.97,264.5,0,0.0,0.0,,0.0,0,0.0,0.0,,0.0,bidTooLow
2019-04-16,467.0,2566.0,0.0,100,290.16,264.5,0,0.0,0.0,,0.0,0,0.0,0.0,,0.0,bidTooLow
2019-04-17,467.0,2495.0,0.0,100,289.45,264.5,0,0.0,0.0,,0.0,0,0.0,0.0,,0.0,bidTooLow
2019-04-18,467.0,2552.0,0.0,100,290.02,264.5,0,0.0,0.0,,0.0,0,0.0,0.0,,0.0,bidTooLow
2019-04-22,467.0,2577.0,0.0,100,290.27,264.5,0,0.0,0.0,,0.0,0,0.0,0.0,,0.0,bidTooLow
2019-04-23,467.0,2838.0,0.0,100,292.88,264.5,0,0.0,0.0,,0.0,0,0.0,0.0,,0.0,bidTooLow
2019-04-24,467.0,2773.0,0.0,100,292.23,264.5,0,0.0,0.0,,0.0,0,0.0,0.0,,0.0,bidTooLow
2019-04-25,467.0,2755.0,0.0,100,292.05,264.5,0,0.0,0.0,,0.0,0,0.0,0.0,,0.0,bidTooLow
2019-04-26,467.0,2891.0,0.0,100,293.41,264.5,0,0.0,0.0,,0.0,0,0.0,0.0,,0.0,bidTooLow
2019-04-29,467.0,2934.0,0.0,100,293.87,264.5,0,0.0,0.0,,0.0,1,0.05,0.08,SPY190501C00297000,297.0,normalDay
2019-04-30,467.0,2955.0,0.0,100,294.02,264.5,0,0.0,0.0,,0.0,1,0.05,0.02,SPY190501C00297000,297.0,normalDay
2019-05-01,472.0,2731.0,5.0,100,291.81,264.5,0,0.0,0.0,,0.0,1,0.05,0.0,SPY190501C00297000,297.0,expirationDay
2019-05-02,472.0,2668.0,0.0,100,291.18,264.5,0,0.0,0.0,,0.0,0,0.0,0.0,,0.0,bidTooLow
2019-05-03,472.0,2953.0,0.0,100,294.03,264.5,0,0.0,0.0,,0.0,0,0.0,0.0,,0.0,bidTooLow
2019-05-06,472.0,2829.0,0.0,100,292.82,264.5,0,0.0,0.0,,0.0,1,0.01,0.04,SPY190508C00297000,297.0,normalDay
2019-05-07,472.0,2343.0,0.0,100,287.93,264.5,0,0.0,0.0,,0.0,1,0.01,0.01,SPY190508C00297000,297.0,normalDay
2019-05-08,473.0,2303.0,1.0,100,287.53,264.5,0,0.0,0.0,,0.0,1,0.01,0.0,SPY190508C00297000,297.0,expirationDay
2019-05-09,473.0,2216.0,0.0,100,286.66,264.5,0,0.0,0.0,,0.0,0,0.0,0.0,,0.0,bidTooLow
2019-05-10,473.0,2360.0,0.0,100,288.1,264.5,0,0.0,0.0,,0.0,0,0.0,0.0,,0.0,bidTooLow
2019-05-13,473.0,1636.0,0.0,100,280.86,264.5,0,0.0,0.0,,0.0,0,0.0,0.0,,0.0,bidTooLow
2019-05-14,473.0,1890.0,0.0,100,283.4,264.5,0,0.0,0.0,,0.0,0,0.0,0.0,,0.0,bidTooLow
2019-05-15,473.0,2056.0,0.0,100,285.06,264.5,0,0.0,0.0,,0.0,0,0.0,0.0,,0.0,bidTooLow
2019-05-16,473.0,2320.0,0.0,100,287.7,264.5,0,0.0,0.0,,0.0,0,0.0,0.0,,0.0,bidTooLow
2019-05-17,473.0,2134.0,0.0,100,285.84,264.5,0,0.0,0.0,,0.0,0,0.0,0.0,,0.0,bidTooLow
2019-05-20,473.0,1945.0,0.0,100,283.95,264.5,0,0.0,0.0,,0.0,0,0.0,0.0,,0.0,bidTooLow
2019-05-21,473.0,2201.0,0.0,100,286.51,264.5,0,0.0,0.0,,0.0,0,0.0,0.0,,0.0,bidTooLow
2019-05-22,473.0,2113.0,0.0,100,285.63,264.5,0,0.0,0.0,,0.0,0,0.0,0.0,,0.0,bidTooLow
2019-05-23,473.0,1764.0,0.0,100,282.14,264.5,0,0.0,0.0,,0.0,0,0.0,0.0,,0.0,bidTooLow
2019-05-24,473.0,1828.0,0.0,100,282.78,264.5,0,0.0,0.0,,0.0,0,0.0,0.0,,0.0,bidTooLow
2019-05-28,473.0,1565.0,0.0,100,280.15,264.5,0,0.0,0.0,,0.0,0,0.0,0.0,,0.0,bidTooLow
2019-05-29,473.0,1377.0,0.0,100,278.27,264.5,0,0.0,0.0,,0.0,0,0.0,0.0,,0.0,bidTooLow
2019-05-30,473.0,1453.0,0.0,100,279.03,264.5,0,0.0,0.0,,0.0,0,0.0,0.0,,0.0,bidTooLow
2019-05-31,473.0,1077.0,0.0,100,275.27,264.5,0,0.0,0.0,,0.0,0,0.0,0.0,,0.0,bidTooLow
2019-06-03,473.0,1007.0,0.0,100,274.57,264.5,0,0.0,0.0,,0.0,0,0.0,0.0,,0.0,bidTooLow
2019-06-04,473.0,1603.0,0.0,100,280.53,264.5,0,0.0,0.0,,0.0,0,0.0,0.0,,0.0,bidTooLow
2019-06-05,473.0,1846.0,0.0,100,282.96,264.5,0,0.0,0.0,,0.0,0,0.0,0.0,,0.0,bidTooLow
2019-06-06,473.0,2030.0,0.0,100,284.8,264.5,0,0.0,0.0,,0.0,0,0.0,0.0,,0.0,bidTooLow
2019-06-07,473.0,2315.0,0.0,100,287.65,264.5,0,0.0,0.0,,0.0,0,0.0,0.0,,0.0,bidTooLow
2019-06-10,473.0,2447.0,0.0,100,288.97,264.5,0,0.0,0.0,,0.0,0,0.0,0.0,,0.0,bidTooLow
2019-06-11,473.0,2437.0,0.0,100,288.9,264.5,0,0.0,0.0,,0.0,1,0.01,0.04,SPY190614C00296000,296.0,normalDay
2019-06-12,473.0,2389.0,0.0,100,288.39,264.5,0,0.0,0.0,,0.0,1,0.01,0.01,SPY190614C00296000,296.0,normalDay
2019-06-13,473.0,2508.0,0.0,100,289.58,264.5,0,0.0,0.0,,0.0,1,0.01,0.01,SPY190614C00296000,296.0,normalDay
2019-06-14,474.0,2476.0,1.0,100,289.26,264.5,0,0.0,0.0,,0.0,1,0.01,0.0,SPY190614C00296000,296.0,expirationDay
2019-06-17,474.0,2487.0,0.0,100,289.37,264.5,0,0.0,0.0,,0.0,0,0.0,0.0,,0.0,bidTooLow
2019-06-18,474.0,2787.0,0.0,100,292.4,264.5,0,0.0,0.0,,0.0,1,0.02,0.05,SPY190621C00300000,300.0,normalDay
2019-06-19,474.0,2855.0,0.0,100,293.06,264.5,0,0.0,0.0,,0.0,1,0.02,0.03,SPY190621C00300000,300.0,normalDay
2019-06-20,474.0,3132.0,0.0,100,295.86,264.5,0,0.0,0.0,,0.0,1,0.02,0.06,SPY190621C00300000,300.0,normalDay
2019-06-21,476.0,2950.0,2.0,100,294.0,264.5,0,0.0,0.0,,0.0,1,0.02,0.0,SPY190621C00300000,300.0,expirationDay
2019-06-24,476.0,2914.0,0.0,100,293.64,264.5,0,0.0,0.0,,0.0,0,0.0,0.0,,0.0,bidTooLow
2019-06-25,476.0,2626.0,0.0,100,290.76,264.5,0,0.0,0.0,,0.0,0,0.0,0.0,,0.0,bidTooLow
2019-06-26,476.0,2597.0,0.0,100,290.47,264.5,0,0.0,0.0,,0.0,0,0.0,0.0,,0.0,bidTooLow
2019-06-27,476.0,2700.0,0.0,100,291.5,264.5,0,0.0,0.0,,0.0,0,0.0,0.0,,0.0,bidTooLow
2019-06-28,476.0,2850.0,0.0,100,293.0,264.5,0,0.0,0.0,,0.0,0,0.0,0.0,,0.0,bidTooLow
2019-07-01,476.0,3116.0,0.0,100,295.66,264.5,0,0.0,0.0,,0.0,0,0.0,0.0,,0.0,bidTooLow
2019-07-02,476.0,3190.0,0.0,100,296.43,264.5,0,0.0,0.0,,0.0,1,0.02,0.05,SPY190705C00301000,301.0,normalDay
2019-07-03,476.0,3418.0,0.0,100,298.8,264.5,0,0.0,0.0,,0.0,1,0.02,0.14,SPY190705C00301000,301.0,normalDay
2019-07-05,478.0,3396.0,2.0,100,298.46,264.5,0,0.0,0.0,,0.0,1,0.02,0.0,SPY190705C00301000,301.0,expirationDay
2019-07-08,478.0,3232.0,0.0,100,296.82,264.5,0,0.0,0.0,,0.0,0,0.0,0.0,,0.0,bidTooLow
2019-07-09,478.0,3269.0,0.0,100,297.19,264.5,0,0.0,0.0,,0.0,0,0.0,0.0,,0.0,bidTooLow
2019-07-10,478.0,3411.0,0.0,100,298.61,264.5,0,0.0,0.0,,0.0,0,0.0,0.0,,0.0,bidTooLow
2019-07-11,478.0,3481.0,0.0,100,299.31,264.5,0,0.0,0.0,,0.0,0,0.0,0.0,,0.0,bidTooLow
2019-07-12,478.0,3615.0,0.0,100,300.65,264.5,0,0.0,0.0,,0.0,0,0.0,0.0,,0.0,bidTooLow
2019-07-15,478.0,3625.0,0.0,100,300.75,264.5,0,0.0,0.0,,0.0,0,0.0,0.0,,0.0,bidTooLow
2019-07-16,478.0,3528.0,0.0,100,299.78,264.5,0,0.0,0.0,,0.0,0,0.0,0.0,,0.0,bidTooLow
2019-07-17,478.0,3324.0,0.0,100,297.74,264.5,0,0.0,0.0,,0.0,0,0.0,0.0,,0.0,bidTooLow
2019-07-18,478.0,3433.0,0.0,100,298.83,264.5,0,0.0,0.0,,0.0,0,0.0,0.0,,0.0,bidTooLow
2019-07-19,478.0,3267.0,0.0,100,297.17,264.5,0,0.0,0.0,,0.0,0,0.0,0.0,,0.0,bidTooLow
2019-07-22,478.0,3340.0,0.0,100,297.9,264.5,0,0.0,0.0,,0.0,0,0.0,0.0,,0.0,bidTooLow
2019-07-23,478.0,3553.0,0.0,100,300.03,264.5,0,0.0,0.0,,0.0,0,0.0,0.0,,0.0,bidTooLow
2019-07-24,478.0,3694.0,0.0,100,301.44,264.5,0,0.0,0.0,,0.0,0,0.0,0.0,,0.0,bidTooLow
2019-07-25,478.0,3550.0,0.0,100,300.0,264.5,0,0.0,0.0,,0.0,0,0.0,0.0,,0.0,bidTooLow
2019-07-26,478.0,3751.0,0.0,100,302.01,264.5,0,0.0,0.0,,0.0,0,0.0,0.0,,0.0,bidTooLow
2019-07-29,478.0,3693.0,0.0,100,301.46,264.5,0,0.0,0.0,,0.0,1,0.16,0.19,SPY190731C00304500,304.5,normalDay
2019-07-30,478.0,3632.0,0.0,100,300.72,264.5,0,0.0,0.0,,0.0,1,0.16,0.06,SPY190731C00304500,304.5,normalDay
2019-07-31,494.0,3293.0,16.0,100,297.43,264.5,0,0.0,0.0,,0.0,1,0.16,0.0,SPY190731C00304500,304.5,expirationDay
2019-08-01,494.0,3034.0,0.0,100,294.84,264.5,0,0.0,0.0,,0.0,0,0.0,0.0,,0.0,bidTooLow
2019-08-02,494.0,2812.0,0.0,100,292.62,264.5,0,0.0,0.0,,0.0,0,0.0,0.0,,0.0,bidTooLow
2019-08-05,494.0,1932.0,0.0,100,283.82,264.5,0,0.0,0.0,,0.0,0,0.0,0.0,,0.0,bidTooLow
2019-08-06,494.0,2330.0,0.0,100,287.8,264.5,0,0.0,0.0,,0.0,0,0.0,0.0,,0.0,bidTooLow
2019-08-07,494.0,2347.0,0.0,100,287.97,264.5,0,0.0,0.0,,0.0,0,0.0,0.0,,0.0,bidTooLow
2019-08-08,494.0,2912.0,0.0,100,293.62,264.5,0,0.0,0.0,,0.0,0,0.0,0.0,,0.0,bidTooLow
2019-08-09,494.0,2712.0,0.0,100,291.62,264.5,0,0.0,0.0,,0.0,0,0.0,0.0,,0.0,bidTooLow
2019-08-12,494.0,2357.0,0.0,100,288.07,264.5,0,0.0,0.0,,0.0,0,0.0,0.0,,0.0,bidTooLow
2019-08-13,494.0,2805.0,0.0,100,292.55,264.5,0,0.0,0.0,,0.0,0,0.0,0.0,,0.0,bidTooLow
2019-08-14,494.0,1940.0,0.0,100,283.9,264.5,0,0.0,0.0,,0.0,0,0.0,0.0,,0.0,bidTooLow
2019-08-15,494.0,2015.0,0.0,100,284.65,264.5,0,0.0,0.0,,0.0,0,0.0,0.0,,0.0,bidTooLow
2019-08-16,494.0,2435.0,0.0,100,288.85,264.5,0,0.0,0.0,,0.0,0,0.0,0.0,,0.0,bidTooLow
2019-08-19,494.0,2783.0,0.0,100,292.33,264.5,0,0.0,0.0,,0.0,0,0.0,0.0,,0.0,bidTooLow
2019-08-20,494.0,2559.0,0.0,100,290.09,264.5,0,0.0,0.0,,0.0,0,0.0,0.0,,0.0,bidTooLow
2019-08-21,494.0,2795.0,0.0,100,292.45,264.5,0,0.0,0.0,,0.0,0,0.0,0.0,,0.0,bidTooLow
2019-08-22,494.0,2786.0,0.0,100,292.36,264.5,0,0.0,0.0,,0.0,0,0.0,0.0,,0.0,bidTooLow
2019-08-23,494.0,2035.0,0.0,100,284.85,264.5,0,0.0,0.0,,0.0,0,0.0,0.0,,0.0,bidTooLow
2019-08-26,494.0,2350.0,0.0,100,288.0,264.5,0,0.0,0.0,,0.0,0,0.0,0.0,,0.0,bidTooLow
2019-08-27,494.0,2237.0,0.0,100,286.87,264.5,0,0.0,0.0,,0.0,0,0.0,0.0,,0.0,bidTooLow
2019-08-28,494.0,2439.0,0.0,100,288.89,264.5,0,0.0,0.0,,0.0,0,0.0,0.0,,0.0,bidTooLow
2019-08-29,494.0,2808.0,0.0,100,292.58,264.5,0,0.0,0.0,,0.0,0,0.0,0.0,,0.0,bidTooLow
2019-08-30,494.0,2795.0,0.0,100,292.45,264.5,0,0.0,0.0,,0.0,0,0.0,0.0,,0.0,bidTooLow
2019-09-03,494.0,2621.0,0.0,100,290.74,264.5,0,0.0,0.0,,0.0,1,0.02,0.05,SPY190906C00298000,298.0,normalDay
2019-09-04,494.0,2945.0,0.0,100,294.04,264.5,0,0.0,0.0,,0.0,1,0.02,0.11,SPY190906C00298000,298.0,normalDay
2019-09-05,494.0,3268.0,0.0,100,297.82,264.5,0,0.0,0.0,,0.0,1,0.02,0.66,SPY190906C00298000,298.0,normalDay
2019-09-06,3846.0,3268.0,3352.0,0,298.05,0.0,0,0.0,0.0,,0.0,1,0.02,0.0,SPY190906C00298000,298.0,expirationDay
2019-09-09,3846.0,0.0,0.0,0,298.2,0.0,0,0.0,0.0,,0.0,0,0.0,0.0,,0.0,bidTooLow
2019-09-10,3846.0,-3.0,0.0,0,298.13,0.0,1,0.01,0.04,SPY190913P00284500,284.5,0,0.0,0.0,,0.0,normalDay
2019-09-11,3846.0,-1.0,0.0,0,300.25,0.0,1,0.01,0.02,SPY190913P00284500,284.5,0,0.0,0.0,,0.0,normalDay
2019-09-12,3846.0,-1.0,0.0,0,301.29,0.0,1,0.01,0.02,SPY190913P00284500,284.5,0,0.0,0.0,,0.0,normalDay
2019-09-13,3847.0,0.0,1.0,0,301.09,0.0,1,0.01,0.0,SPY190913P00284500,284.5,0,0.0,0.0,,0.0,expirationDay
2019-09-16,3847.0,-3.0,0.0,0,300.16,0.0,1,0.01,0.04,SPY190918P00286500,286.5,0,0.0,0.0,,0.0,normalDay
2019-09-17,3847.0,-1.0,0.0,0,300.92,0.0,1,0.01,0.02,SPY190918P00286500,286.5,0,0.0,0.0,,0.0,normalDay
2019-09-18,3848.0,0.0,1.0,0,301.1,0.0,1,0.01,0.0,SPY190918P00286500,286.5,0,0.0,0.0,,0.0,expirationDay
2019-09-19,3848.0,-3.0,0.0,0,301.08,0.0,1,0.03,0.06,SPY190920P00287000,287.0,0,0.0,0.0,,0.0,normalDay
2019-09-20,3851.0,0.0,3.0,0,298.28,0.0,1,0.03,0.0,SPY190920P00287000,287.0,0,0.0,0.0,,0.0,expirationDay
2019-09-23,3851.0,0.0,0.0,0,298.21,0.0,0,0.0,0.0,,0.0,0,0.0,0.0,,0.0,bidTooLow
2019-09-24,3851.0,-3.0,0.0,0,295.87,0.0,1,0.38,0.41,SPY190927P00290000,290.0,0,0.0,0.0,,0.0,normalDay
2019-09-25,3851.0,26.0,0.0,0,297.62,0.0,1,0.38,0.12,SPY190927P00290000,290.0,0,0.0,0.0,,0.0,normalDay
2019-09-26,3851.0,35.0,0.0,0,297.0,0.0,1,0.38,0.03,SPY190927P00290000,290.0,0,0.0,0.0,,0.0,normalDay
2019-09-27,3889.0,0.0,38.0,0,295.4,0.0,1,0.38,0.0,SPY190927P00290000,290.0,0,0.0,0.0,,0.0,expirationDay
2019-09-30,3889.0,-3.0,0.0,0,296.77,0.0,1,0.32,0.35,SPY191002P00294000,294.0,0,0.0,0.0,,0.0,normalDay
2019-10-01,3889.0,-111.0,0.0,0,293.24,0.0,1,0.32,1.43,SPY191002P00294000,294.0,0,0.0,0.0,,0.0,normalDay
2019-10-02,3921.0,-594.0,32.0,100,288.06,294.0,1,0.32,0.0,SPY191002P00294000,294.0,0,0.0,0.0,,0.0,expirationDay
2019-10-03,3921.0,-358.0,0.0,100,290.42,294.0,0,0.0,0.0,,0.0,0,0.0,0.0,,0.0,bidTooLow
2019-10-04,3921.0,35.0,0.0,100,294.35,294.0,0,0.0,0.0,,0.0,0,0.0,0.0,,0.0,bidTooLow
2019-10-07,3921.0,-92.0,0.0,100,293.08,294.0,0,0.0,0.0,,0.0,0,0.0,0.0,,0.0,bidTooLow
2019-10-08,3921.0,-547.0,0.0,100,288.53,294.0,0,0.0,0.0,,0.0,0,0.0,0.0,,0.0,bidTooLow
2019-10-09,3921.0,-273.0,0.0,100,291.27,294.0,0,0.0,0.0,,0.0,0,0.0,0.0,,0.0,bidTooLow
2019-10-10,3921.0,-76.0,0.0,100,293.24,294.0,0,0.0,0.0,,0.0,0,0.0,0.0,,0.0,bidTooLow
2019-10-11,3921.0,228.0,0.0,100,296.28,294.0,0,0.0,0.0,,0.0,0,0.0,0.0,,0.0,bidTooLow
2019-10-14,3921.0,195.0,0.0,100,295.95,294.0,0,0.0,0.0,,0.0,0,0.0,0.0,,0.0,bidTooLow
2019-10-15,3921.0,485.0,0.0,100,298.88,294.0,0,0.0,0.0,,0.0,1,0.01,0.04,SPY191018C00306000,306.0,normalDay
2019-10-16,3921.0,440.0,0.0,100,298.4,294.0,0,0.0,0.0,,0.0,1,0.01,0.01,SPY191018C00306000,306.0,normalDay
2019-10-17,3921.0,528.0,0.0,100,299.28,294.0,0,0.0,0.0,,0.0,1,0.01,0.01,SPY191018C00306000,306.0,normalDay
2019-10-18,3922.0,397.0,1.0,100,297.97,294.0,0,0.0,0.0,,0.0,1,0.01,0.0,SPY191018C00306000,306.0,expirationDay
2019-10-21,3922.0,599.0,0.0,100,299.99,294.0,0,0.0,0.0,,0.0,0,0.0,0.0,,0.0,bidTooLow
2019-10-22,3922.0,501.0,0.0,100,299.01,294.0,0,0.0,0.0,,0.0,0,0.0,0.0,,0.0,bidTooLow
2019-10-23,3922.0,588.0,0.0,100,299.88,294.0,0,0.0,0.0,,0.0,0,0.0,0.0,,0.0,bidTooLow
2019-10-24,3922.0,637.0,0.0,100,300.37,294.0,0,0.0,0.0,,0.0,0,0.0,0.0,,0.0,bidTooLow
2019-10-25,3922.0,760.0,0.0,100,301.6,294.0,0,0.0,0.0,,0.0,0,0.0,0.0,,0.0,bidTooLow
2019-10-28,3922.0,930.0,0.0,100,303.3,294.0,0,0.0,0.0,,0.0,0,0.0,0.0,,0.0,bidTooLow
2019-10-29,3922.0,921.0,0.0,100,303.21,294.0,0,0.0,0.0,,0.0,0,0.0,0.0,,0.0,bidTooLow
2019-10-30,3922.0,1014.0,0.0,100,304.14,294.0,0,0.0,0.0,,0.0,0,0.0,0.0,,0.0,bidTooLow
2019-10-31,3922.0,933.0,0.0,100,303.33,294.0,0,0.0,0.0,,0.0,0,0.0,0.0,,0.0,bidTooLow
2019-11-01,3922.0,1214.0,0.0,100,306.14,294.0,0,0.0,0.0,,0.0,0,0.0,0.0,,0.0,bidTooLow
2019-11-04,3922.0,1337.0,0.0,100,307.37,294.0,0,0.0,0.0,,0.0,0,0.0,0.0,,0.0,bidTooLow
2019-11-05,3922.0,1303.0,0.0,100,307.03,294.0,0,0.0,0.0,,0.0,0,0.0,0.0,,0.0,bidTooLow
2019-11-06,3922.0,1310.0,0.0,100,307.1,294.0,0,0.0,0.0,,0.0,0,0.0,0.0,,0.0,bidTooLow
2019-11-07,3922.0,1418.0,0.0,100,308.18,294.0,0,0.0,0.0,,0.0,0,0.0,0.0,,0.0,bidTooLow
2019-11-08,3922.0,1494.0,0.0,100,308.94,294.0,0,0.0,0.0,,0.0,0,0.0,0.0,,0.0,bidTooLow
2019-11-11,3922.0,1435.0,0.0,100,308.35,294.0,0,0.0,0.0,,0.0,0,0.0,0.0,,0.0,bidTooLow
2019-11-12,3922.0,1500.0,0.0,100,309.0,294.0,0,0.0,0.0,,0.0,0,0.0,0.0,,0.0,bidTooLow
2019-11-13,3922.0,1510.0,0.0,100,309.1,294.0,0,0.0,0.0,,0.0,0,0.0,0.0,,0.0,bidTooLow
2019-11-14,3922.0,1555.0,0.0,100,309.55,294.0,0,0.0,0.0,,0.0,0,0.0,0.0,,0.0,bidTooLow
2019-11-15,3922.0,1779.0,0.0,100,311.79,294.0,0,0.0,0.0,,0.0,0,0.0,0.0,,0.0,bidTooLow
2019-11-18,3922.0,1802.0,0.0,100,312.02,294.0,0,0.0,0.0,,0.0,0,0.0,0.0,,0.0,bidTooLow
2019-11-19,3922.0,1793.0,0.0,100,311.93,294.0,0,0.0,0.0,,0.0,0,0.0,0.0,,0.0,bidTooLow
2019-11-20,3922.0,1677.0,0.0,100,310.77,294.0,0,0.0,0.0,,0.0,0,0.0,0.0,,0.0,bidTooLow
2019-11-21,3922.0,1627.0,0.0,100,310.27,294.0,0,0.0,0.0,,0.0,0,0.0,0.0,,0.0,bidTooLow
2019-11-22,3922.0,1696.0,0.0,100,310.96,294.0,0,0.0,0.0,,0.0,0,0.0,0.0,,0.0,bidTooLow
2019-11-25,3922.0,1937.0,0.0,100,313.37,294.0,0,0.0,0.0,,0.0,0,0.0,0.0,,0.0,bidTooLow
2019-11-26,3922.0,2005.0,0.0,100,314.08,294.0,0,0.0,0.0,,0.0,1,0.01,0.04,SPY191129C00317500,317.5,normalDay
2019-11-27,3922.0,2144.0,0.0,100,315.48,294.0,0,0.0,0.0,,0.0,1,0.01,0.05,SPY191129C00317500,317.5,normalDay
2019-11-29,3923.0,2031.0,1.0,100,314.31,294.0,0,0.0,0.0,,0.0,1,0.01,0.0,SPY191129C00317500,317.5,expirationDay
2019-12-02,3923.0,1764.0,0.0,100,311.64,294.0,0,0.0,0.0,,0.0,0,0.0,0.0,,0.0,bidTooLow
2019-12-03,3923.0,1555.0,0.0,100,309.55,294.0,0,0.0,0.0,,0.0,0,0.0,0.0,,0.0,bidTooLow
2019-12-04,3923.0,1746.0,0.0,100,311.46,294.0,0,0.0,0.0,,0.0,0,0.0,0.0,,0.0,bidTooLow
2019-12-05,3923.0,1802.0,0.0,100,312.02,294.0,0,0.0,0.0,,0.0,0,0.0,0.0,,0.0,bidTooLow
2019-12-06,3923.0,2084.0,0.0,100,314.87,294.0,0,0.0,0.0,,0.0,1,0.01,0.04,SPY191209C00318000,318.0,normalDay
2019-12-09,3924.0,1988.0,1.0,100,313.88,294.0,0,0.0,0.0,,0.0,1,0.01,0.0,SPY191209C00318000,318.0,expirationDay
2019-12-10,3924.0,1950.0,0.0,100,313.53,294.0,0,0.0,0.0,,0.0,1,0.11,0.14,SPY191213C00318000,318.0,normalDay
2019-12-11,3924.0,2042.0,0.0,100,314.42,294.0,0,0.0,0.0,,0.0,1,0.11,0.11,SPY191213C00318000,318.0,normalDay
2019-12-12,3924.0,2273.0,0.0,100,317.13,294.0,0,0.0,0.0,,0.0,1,0.11,0.51,SPY191213C00318000,318.0,normalDay
2019-12-13,3935.0,2332.0,11.0,100,317.32,294.0,0,0.0,0.0,,0.0,1,0.11,0.0,SPY191213C00318000,318.0,expirationDay
2019-12-16,3935.0,2547.0,0.0,100,319.5,294.0,0,0.0,0.0,,0.0,1,0.35,0.38,SPY191218C00321000,321.0,normalDay
2019-12-17,3935.0,2580.0,0.0,100,319.57,294.0,0,0.0,0.0,,0.0,1,0.35,0.12,SPY191218C00321000,321.0,normalDay
2019-12-18,3970.0,2559.0,35.0,100,319.59,294.0,0,0.0,0.0,,0.0,1,0.35,0.0,SPY191218C00321000,321.0,expirationDay
2019-12-19,3970.0,2690.0,0.0,100,320.9,294.0,0,0.0,0.0,,0.0,0,0.0,0.0,,0.0,bidTooLow
2019-12-20,3970.0,2673.0,0.0,100,320.73,294.0,0,0.0,0.0,,0.0,0,0.0,0.0,,0.0,bidTooLow
2019-12-23,3970.0,2722.0,0.0,100,321.22,294.0,0,0.0,0.0,,0.0,0,0.0,0.0,,0.0,bidTooLow
2019-12-24,3970.0,2723.0,0.0,100,321.23,294.0,0,0.0,0.0,,0.0,0,0.0,0.0,,0.0,bidTooLow
2019-12-26,3970.0,2894.0,0.0,100,322.94,294.0,0,0.0,0.0,,0.0,0,0.0,0.0,,0.0,bidTooLow
2019-12-27,3970.0,2886.0,0.0,100,322.86,294.0,0,0.0,0.0,,0.0,0,0.0,0.0,,0.0,bidTooLow
2019-12-30,3970.0,2708.0,0.0,100,321.08,294.0,0,0.0,0.0,,0.0,0,0.0,0.0,,0.0,bidTooLow
2019-12-31,3970.0,2786.0,0.0,100,321.86,294.0,0,0.0,0.0,,0.0,0,0.0,0.0,,0.0,bidTooLow
2020-01-02,3970.0,3087.0,0.0,100,324.87,294.0,0,0.0,0.0,,0.0,0,0.0,0.0,,0.0,bidTooLow
2020-01-03,3970.0,2841.0,0.0,100,322.41,294.0,0,0.0,0.0,,0.0,0,0.0,0.0,,0.0,bidTooLow
2020-01-06,3970.0,2964.0,0.0,100,323.64,294.0,0,0.0,0.0,,0.0,0,0.0,0.0,,0.0,bidTooLow
2020-01-07,3970.0,2873.0,0.0,100,322.73,294.0,0,0.0,0.0,,0.0,0,0.0,0.0,,0.0,bidTooLow
2020-01-08,3970.0,3045.0,0.0,100,324.45,294.0,0,0.0,0.0,,0.0,0,0.0,0.0,,0.0,bidTooLow
2020-01-09,3970.0,3265.0,0.0,100,326.65,294.0,0,0.0,0.0,,0.0,0,0.0,0.0,,0.0,bidTooLow
2020-01-10,3970.0,3171.0,0.0,100,325.71,294.0,0,0.0,0.0,,0.0,0,0.0,0.0,,0.0,bidTooLow
2020-01-13,3970.0,3392.0,0.0,100,327.95,294.0,0,0.0,0.0,,0.0,1,0.18,0.21,SPY200115C00330000,330.0,normalDay
2020-01-14,3970.0,3357.0,0.0,100,327.45,294.0,0,0.0,0.0,,0.0,1,0.18,0.06,SPY200115C00330000,330.0,normalDay
2020-01-15,3988.0,3419.0,18.0,100,328.19,294.0,0,0.0,0.0,,0.0,1,0.18,0.0,SPY200115C00330000,330.0,expirationDay
2020-01-16,3988.0,3689.0,0.0,100,330.92,294.0,0,0.0,0.0,,0.0,1,0.04,0.07,SPY200117C00333000,333.0,normalDay
2020-01-17,3992.0,3795.0,4.0,100,331.95,294.0,0,0.0,0.0,,0.0,1,0.04,0.0,SPY200117C00333000,333.0,expirationDay
2020-01-21,3992.0,3727.0,0.0,100,331.3,294.0,0,0.0,0.0,,0.0,1,0.02,0.05,SPY200124C00336000,336.0,normalDay
2020-01-22,3992.0,3734.0,0.0,100,331.34,294.0,0,0.0,0.0,,0.0,1,0.02,0.02,SPY200124C00336000,336.0,normalDay
2020-01-23,3992.0,3773.0,0.0,100,331.72,294.0,0,0.0,0.0,,0.0,1,0.02,0.01,SPY200124C00336000,336.0,normalDay
2020-01-24,3994.0,3477.0,2.0,100,328.77,294.0,0,0.0,0.0,,0.0,1,0.02,0.0,SPY200124C00336000,336.0,expirationDay
2020-01-27,3994.0,2950.0,0.0,100,323.5,294.0,0,0.0,0.0,,0.0,0,0.0,0.0,,0.0,bidTooLow
2020-01-28,3994.0,3289.0,0.0,100,326.89,294.0,0,0.0,0.0,,0.0,0,0.0,0.0,,0.0,bidTooLow
2020-01-29,3994.0,3262.0,0.0,100,326.62,294.0,0,0.0,0.0,,0.0,0,0.0,0.0,,0.0,bidTooLow
2020-01-30,3994.0,3368.0,0.0,100,327.68,294.0,0,0.0,0.0,,0.0,0,0.0,0.0,,0.0,bidTooLow
2020-01-31,3994.0,2773.0,0.0,100,321.73,294.0,0,0.0,0.0,,0.0,0,0.0,0.0,,0.0,bidTooLow
2020-02-03,3994.0,3012.0,0.0,100,324.12,294.0,0,0.0,0.0,,0.0,0,0.0,0.0,,0.0,bidTooLow
2020-02-04,3994.0,3503.0,0.0,100,329.06,294.0,0,0.0,0.0,,0.0,1,0.01,0.04,SPY200207C00337000,337.0,normalDay
2020-02-05,3994.0,3880.0,0.0,100,332.86,294.0,0,0.0,0.0,,0.0,1,0.01,0.07,SPY200207C00337000,337.0,normalDay
2020-02-06,3994.0,3995.0,0.0,100,333.98,294.0,0,0.0,0.0,,0.0,1,0.01,0.04,SPY200207C00337000,337.0,normalDay
2020-02-07,3995.0,3820.0,1.0,100,332.2,294.0,0,0.0,0.0,,0.0,1,0.01,0.0,SPY200207C00337000,337.0,expirationDay
2020-02-10,3995.0,4068.0,0.0,100,334.68,294.0,0,0.0,0.0,,0.0,0,0.0,0.0,,0.0,bidTooLow
2020-02-11,3995.0,4123.0,0.0,100,335.26,294.0,0,0.0,0.0,,0.0,1,0.02,0.05,SPY200214C00341000,341.0,normalDay
2020-02-12,3995.0,4336.0,0.0,100,337.42,294.0,0,0.0,0.0,,0.0,1,0.02,0.08,SPY200214C00341000,341.0,normalDay
2020-02-13,3995.0,4306.0,0.0,100,337.06,294.0,0,0.0,0.0,,0.0,1,0.02,0.02,SPY200214C00341000,341.0,normalDay
2020-02-14,3997.0,4360.0,2.0,100,337.6,294.0,0,0.0,0.0,,0.0,1,0.02,0.0,SPY200214C00341000,341.0,expirationDay
2020-02-18,3997.0,4273.0,0.0,100,336.73,294.0,0,0.0,0.0,,0.0,0,0.0,0.0,,0.0,bidTooLow
2020-02-19,3997.0,4434.0,0.0,100,338.34,294.0,0,0.0,0.0,,0.0,0,0.0,0.0,,0.0,bidTooLow
2020-02-20,3997.0,4295.0,0.0,100,336.95,294.0,0,0.0,0.0,,0.0,0,0.0,0.0,,0.0,bidTooLow
2020-02-21,3997.0,3948.0,0.0,100,333.48,294.0,0,0.0,0.0,,0.0,0,0.0,0.0,,0.0,bidTooLow
2020-02-24,3997.0,2842.0,0.0,100,322.42,294.0,0,0.0,0.0,,0.0,0,0.0,0.0,,0.0,bidTooLow
2020-02-25,3997.0,1865.0,0.0,100,312.65,294.0,0,0.0,0.0,,0.0,0,0.0,0.0,,0.0,bidTooLow
2020-02-26,3997.0,1750.0,0.0,100,311.5,294.0,0,0.0,0.0,,0.0,0,0.0,0.0,,0.0,bidTooLow
2020-02-27,3997.0,351.0,0.0,100,297.51,294.0,0,0.0,0.0,,0.0,0,0.0,0.0,,0.0,bidTooLow
2020-02-28,3997.0,226.0,0.0,100,296.26,294.0,0,0.0,0.0,,0.0,0,0.0,0.0,,0.0,bidTooLow
2020-03-02,3997.0,1509.0,0.0,100,309.09,294.0,0,0.0,0.0,,0.0,0,0.0,0.0,,0.0,bidTooLow
2020-03-03,3997.0,624.0,0.0,100,300.24,294.0,0,0.0,0.0,,0.0,0,0.0,0.0,,0.0,bidTooLow
2020-03-04,3997.0,1886.0,0.0,100,312.86,294.0,0,0.0,0.0,,0.0,0,0.0,0.0,,0.0,bidTooLow
2020-03-05,3997.0,846.0,0.0,100,302.46,294.0,0,0.0,0.0,,0.0,0,0.0,0.0,,0.0,bidTooLow
2020-03-06,3997.0,346.0,0.0,100,297.46,294.0,0,0.0,0.0,,0.0,0,0.0,0.0,,0.0,bidTooLow
2020-03-09,3997.0,-1977.0,0.0,100,274.23,294.0,0,0.0,0.0,,0.0,0,0.0,0.0,,0.0,bidTooLow
2020-03-10,3997.0,-558.0,0.0,100,288.42,294.0,0,0.0,0.0,,0.0,0,0.0,0.0,,0.0,bidTooLow
2020-03-11,3997.0,-1964.0,0.0,100,274.36,294.0,0,0.0,0.0,,0.0,0,0.0,0.0,,0.0,bidTooLow
2020-03-12,3997.0,-4589.0,0.0,100,248.11,294.0,0,0.0,0.0,,0.0,0,0.0,0.0,,0.0,bidTooLow
2020-03-13,3997.0,-2468.0,0.0,100,269.32,294.0,0,0.0,0.0,,0.0,0,0.0,0.0,,0.0,bidTooLow
2020-03-16,3997.0,-5415.0,0.0,100,239.85,294.0,0,0.0,0.0,,0.0,0,0.0,0.0,,0.0,bidTooLow
2020-03-17,3997.0,-4120.0,0.0,100,252.8,294.0,0,0.0,0.0,,0.0,0,0.0,0.0,,0.0,bidTooLow
2020-03-18,3997.0,-5400.0,0.0,100,240.0,294.0,0,0.0,0.0,,0.0,0,0.0,0.0,,0.0,bidTooLow
2020-03-19,3997.0,-5349.0,0.0,100,240.51,294.0,0,0.0,0.0,,0.0,0,0.0,0.0,,0.0,bidTooLow
2020-03-20,3997.0,-6520.0,0.0,100,228.8,294.0,0,0.0,0.0,,0.0,0,0.0,0.0,,0.0,bidTooLow
2020-03-23,3997.0,-7105.0,0.0,100,222.95,294.0,0,0.0,0.0,,0.0,0,0.0,0.0,,0.0,bidTooLow
2020-03-24,3997.0,-5085.0,0.0,100,243.15,294.0,0,0.0,0.0,,0.0,0,0.0,0.0,,0.0,bidTooLow
2020-03-25,3997.0,-4721.0,0.0,100,246.79,294.0,0,0.0,0.0,,0.0,0,0.0,0.0,,0.0,bidTooLow
2020-03-26,3997.0,-3280.0,0.0,100,261.2,294.0,0,0.0,0.0,,0.0,0,0.0,0.0,,0.0,bidTooLow
2020-03-27,3997.0,-4058.0,0.0,100,253.42,294.0,0,0.0,0.0,,0.0,0,0.0,0.0,,0.0,bidTooLow
2020-03-30,3997.0,-3235.0,0.0,100,261.65,294.0,0,0.0,0.0,,0.0,0,0.0,0.0,,0.0,bidTooLow
2020-03-31,3997.0,-3625.0,0.0,100,257.75,294.0,0,0.0,0.0,,0.0,0,0.0,0.0,,0.0,bidTooLow
2020-04-01,3997.0,-4785.0,0.0,100,246.15,294.0,0,0.0,0.0,,0.0,0,0.0,0.0,,0.0,bidTooLow
2020-04-02,3997.0,-4217.0,0.0,100,251.83,294.0,0,0.0,0.0,,0.0,0,0.0,0.0,,0.0,bidTooLow
2020-04-03,3997.0,-4581.0,0.0,100,248.19,294.0,0,0.0,0.0,,0.0,0,0.0,0.0,,0.0,bidTooLow
2020-04-06,3997.0,-2914.0,0.0,100,264.86,294.0,0,0.0,0.0,,0.0,0,0.0,0.0,,0.0,bidTooLow
2020-04-07,3997.0,-2887.0,0.0,100,265.13,294.0,0,0.0,0.0,,0.0,0,0.0,0.0,,0.0,bidTooLow
2020-04-08,3997.0,-1997.0,0.0,100,274.03,294.0,0,0.0,0.0,,0.0,0,0.0,0.0,,0.0,bidTooLow
2020-04-09,3997.0,-1580.0,0.0,100,278.2,294.0,0,0.0,0.0,,0.0,0,0.0,0.0,,0.0,bidTooLow
2020-04-13,3997.0,-1834.0,0.0,100,275.66,294.0,0,0.0,0.0,,0.0,0,0.0,0.0,,0.0,bidTooLow
2020-04-14,3997.0,-1024.0,0.0,100,283.79,294.0,0,0.0,0.0,,0.0,1,0.06,0.09,SPY200417C00303000,303.0,normalDay
2020-04-15,3997.0,-1619.0,0.0,100,277.76,294.0,0,0.0,0.0,,0.0,1,0.06,0.01,SPY200417C00303000,303.0,normalDay
2020-04-16,3997.0,-1485.0,0.0,100,279.1,294.0,0,0.0,0.0,,0.0,1,0.06,0.01,SPY200417C00303000,303.0,normalDay
2020-04-17,4003.0,-736.0,6.0,100,286.64,294.0,0,0.0,0.0,,0.0,1,0.06,0.0,SPY200417C00303000,303.0,expirationDay
2020-04-20,4003.0,-1241.0,0.0,100,281.59,294.0,0,0.0,0.0,,0.0,0,0.0,0.0,,0.0,bidTooLow
2020-04-21,4003.0,-2096.0,0.0,100,273.04,294.0,0,0.0,0.0,,0.0,0,0.0,0.0,,0.0,bidTooLow
2020-04-22,4003.0,-1490.0,0.0,100,279.1,294.0,0,0.0,0.0,,0.0,0,0.0,0.0,,0.0,bidTooLow
2020-04-23,4003.0,-1492.0,0.0,100,279.08,294.0,0,0.0,0.0,,0.0,0,0.0,0.0,,0.0,bidTooLow
2020-04-24,4003.0,-1103.0,0.0,100,282.97,294.0,0,0.0,0.0,,0.0,0,0.0,0.0,,0.0,bidTooLow
2020-04-27,4003.0,-695.0,0.0,100,287.05,294.0,0,0.0,0.0,,0.0,0,0.0,0.0,,0.0,bidTooLow
2020-04-28,4003.0,-827.0,0.0,100,285.73,294.0,0,0.0,0.0,,0.0,0,0.0,0.0,,0.0,bidTooLow
2020-04-29,4003.0,-79.0,0.0,100,293.21,294.0,0,0.0,0.0,,0.0,0,0.0,0.0,,0.0,bidTooLow
2020-04-30,4003.0,-352.0,0.0,100,290.48,294.0,0,0.0,0.0,,0.0,0,0.0,0.0,,0.0,bidTooLow
2020-05-01,4003.0,-1121.0,0.0,100,282.79,294.0,0,0.0,0.0,,0.0,0,0.0,0.0,,0.0,bidTooLow
2020-05-04,4003.0,-1043.0,0.0,100,283.57,294.0,0,0.0,0.0,,0.0,0,0.0,0.0,,0.0,bidTooLow
2020-05-05,4003.0,-784.0,0.0,100,286.19,294.0,0,0.0,0.0,,0.0,1,0.01,0.04,SPY200508C00301000,301.0,normalDay
2020-05-06,4003.0,-976.0,0.0,100,284.25,294.0,0,0.0,0.0,,0.0,1,0.01,0.02,SPY200508C00301000,301.0,normalDay
2020-05-07,4003.0,-632.0,0.0,100,287.68,294.0,0,0.0,0.0,,0.0,1,0.01,0.01,SPY200508C00301000,301.0,normalDay
2020-05-08,4004.0,-156.0,1.0,100,292.44,294.0,0,0.0,0.0,,0.0,1,0.01,0.0,SPY200508C00301000,301.0,expirationDay
2020-05-11,4004.0,-153.0,0.0,100,292.5,294.0,0,0.0,0.0,,0.0,1,0.08,0.11,SPY200513C00300000,300.0,normalDay
2020-05-12,4004.0,-726.0,0.0,100,286.67,294.0,0,0.0,0.0,,0.0,1,0.08,0.01,SPY200513C00300000,300.0,normalDay
2020-05-13,4012.0,-1240.0,8.0,100,281.6,294.0,0,0.0,0.0,,0.0,1,0.08,0.0,SPY200513C00300000,300.0,expirationDay
2020-05-14,4012.0,-903.0,0.0,100,284.97,294.0,0,0.0,0.0,,0.0,0,0.0,0.0,,0.0,bidTooLow
2020-05-15,4012.0,-772.0,0.0,100,286.28,294.0,0,0.0,0.0,,0.0,0,0.0,0.0,,0.0,bidTooLow
2020-05-18,4012.0,97.0,0.0,100,295.0,294.0,0,0.0,0.0,,0.0,1,0.23,0.26,SPY200520C00302000,302.0,normalDay
2020-05-19,4012.0,-183.0,0.0,100,291.97,294.0,0,0.0,0.0,,0.0,1,0.23,0.03,SPY200520C00302000,302.0,normalDay
2020-05-20,4035.0,293.0,23.0,100,296.93,294.0,0,0.0,0.0,,0.0,1,0.23,0.0,SPY200520C00302000,302.0,expirationDay
2020-05-21,4035.0,85.0,0.0,100,294.88,294.0,0,0.0,0.0,,0.0,1,0.04,0.07,SPY200522C00302000,302.0,normalDay
2020-05-22,4039.0,144.0,4.0,100,295.44,294.0,0,0.0,0.0,,0.0,1,0.04,0.0,SPY200522C00302000,302.0,expirationDay
2020-05-26,4039.0,505.0,0.0,100,299.08,294.0,0,0.0,0.0,,0.0,1,0.47,0.5,SPY200529C00305000,305.0,normalDay
2020-05-27,4039.0,849.0,0.0,100,303.53,294.0,0,0.0,0.0,,0.0,1,0.47,1.51,SPY200529C00305000,305.0,normalDay
2020-05-28,4039.0,838.0,0.0,100,302.97,294.0,0,0.0,0.0,,0.0,1,0.47,1.06,SPY200529C00305000,305.0,normalDay
2020-05-29,4086.0,1032.0,47.0,100,304.32,294.0,0,0.0,0.0,,0.0,1,0.47,0.0,SPY200529C00305000,305.0,expirationDay
2020-06-01,4086.0,1152.0,0.0,100,305.55,294.0,0,0.0,0.0,,0.0,1,0.03,0.06,SPY200603C00315000,315.0,normalDay
2020-06-02,4086.0,1408.0,0.0,100,308.08,294.0,0,0.0,0.0,,0.0,1,0.03,0.03,SPY200603C00315000,315.0,normalDay
2020-06-03,4089.0,1818.0,3.0,100,312.18,294.0,0,0.0,0.0,,0.0,1,0.03,0.0,SPY200603C00315000,315.0,expirationDay
2020-06-04,4089.0,1736.0,0.0,100,311.36,294.0,0,0.0,0.0,,0.0,0,0.0,0.0,,0.0,bidTooLow
2020-06-05,4089.0,2531.0,0.0,100,319.34,294.0,0,0.0,0.0,,0.0,1,0.08,0.11,SPY200608C00328000,328.0,normalDay
2020-06-08,4097.0,2920.0,8.0,100,323.2,294.0,0,0.0,0.0,,0.0,1,0.08,0.0,SPY200608C00328000,328.0,expirationDay
2020-06-09,4097.0,2676.0,0.0,100,320.79,294.0,0,0.0,0.0,,0.0,1,0.03,0.06,SPY200612C00338000,338.0,normalDay
2020-06-10,4097.0,2500.0,0.0,100,319.0,294.0,0,0.0,0.0,,0.0,1,0.03,0.03,SPY200612C00338000,338.0,normalDay
2020-06-11,4097.0,663.0,0.0,100,300.61,294.0,0,0.0,0.0,,0.0,1,0.03,0.01,SPY200612C00338000,338.0,normalDay
2020-06-12,4100.0,1021.0,3.0,100,304.21,294.0,0,0.0,0.0,,0.0,1,0.03,0.0,SPY200612C00338000,338.0,expirationDay
2020-06-15,4100.0,1305.0,0.0,100,307.05,294.0,0,0.0,0.0,,0.0,0,0.0,0.0,,0.0,bidTooLow
2020-06-16,4100.0,1893.0,0.0,100,312.96,294.0,0,0.0,0.0,,0.0,1,0.02,0.05,SPY200619C00334000,334.0,normalDay
2020-06-17,4100.0,1766.0,0.0,100,311.66,294.0,0,0.0,0.0,,0.0,1,0.02,0.02,SPY200619C00334000,334.0,normalDay
2020-06-18,4100.0,1779.0,0.0,100,311.78,294.0,0,0.0,0.0,,0.0,1,0.02,0.01,SPY200619C00334000,334.0,normalDay
2020-06-19,4102.0,1464.0,2.0,100,308.64,294.0,0,0.0,0.0,,0.0,1,0.02,0.0,SPY200619C00334000,334.0,expirationDay
2020-06-22,4102.0,1662.0,0.0,100,310.62,294.0,0,0.0,0.0,,0.0,0,0.0,0.0,,0.0,bidTooLow
2020-06-23,4102.0,1805.0,0.0,100,312.05,294.0,0,0.0,0.0,,0.0,0,0.0,0.0,,0.0,bidTooLow
2020-06-24,4102.0,1009.0,0.0,100,304.09,294.0,0,0.0,0.0,,0.0,0,0.0,0.0,,0.0,bidTooLow
2020-06-25,4102.0,1335.0,0.0,100,307.35,294.0,0,0.0,0.0,,0.0,0,0.0,0.0,,0.0,bidTooLow
2020-06-26,4102.0,605.0,0.0,100,300.05,294.0,0,0.0,0.0,,0.0,0,0.0,0.0,,0.0,bidTooLow
2020-06-29,4102.0,1046.0,0.0,100,304.46,294.0,0,0.0,0.0,,0.0,0,0.0,0.0,,0.0,bidTooLow
2020-06-30,4102.0,1436.0,0.0,100,308.36,294.0,0,0.0,0.0,,0.0,0,0.0,0.0,,0.0,bidTooLow
2020-07-01,4102.0,1652.0,0.0,100,310.52,294.0,0,0.0,0.0,,0.0,0,0.0,0.0,,0.0,bidTooLow
2020-07-02,4102.0,1823.0,0.0,100,312.23,294.0,0,0.0,0.0,,0.0,0,0.0,0.0,,0.0,bidTooLow
2020-07-06,4102.0,2305.0,0.0,100,317.05,294.0,0,0.0,0.0,,0.0,0,0.0,0.0,,0.0,bidTooLow
2020-07-07,4102.0,1975.0,0.0,100,313.78,294.0,0,0.0,0.0,,0.0,1,0.03,0.06,SPY200710C00327000,327.0,normalDay
2020-07-08,4102.0,2218.0,0.0,100,316.18,294.0,0,0.0,0.0,,0.0,1,0.03,0.03,SPY200710C00327000,327.0,normalDay
2020-07-09,4102.0,2040.0,0.0,100,314.38,294.0,0,0.0,0.0,,0.0,1,0.03,0.01,SPY200710C00327000,327.0,normalDay
2020-07-10,4105.0,2359.0,3.0,100,317.59,294.0,0,0.0,0.0,,0.0,1,0.03,0.0,SPY200710C00327000,327.0,expirationDay
2020-07-13,4105.0,2081.0,0.0,100,314.84,294.0,0,0.0,0.0,,0.0,1,0.08,0.11,SPY200715C00325000,325.0,normalDay
2020-07-14,4105.0,2491.0,0.0,100,318.92,294.0,0,0.0,0.0,,0.0,1,0.08,0.09,SPY200715C00325000,325.0,normalDay
2020-07-15,4113.0,2785.0,8.0,100,321.85,294.0,0,0.0,0.0,,0.0,1,0.08,0.0,SPY200715C00325000,325.0,expirationDay
2020-07-16,4113.0,2679.0,0.0,100,320.79,294.0,0,0.0,0.0,,0.0,0,0.0,0.0,,0.0,bidTooLow
2020-07-17,4113.0,2772.0,0.0,100,321.72,294.0,0,0.0,0.0,,0.0,0,0.0,0.0,,0.0,bidTooLow
2020-07-20,4113.0,3029.0,0.0,100,324.32,294.0,0,0.0,0.0,,0.0,1,0.03,0.06,SPY200722C00333000,333.0,normalDay
2020-07-21,4113.0,3102.0,0.0,100,325.01,294.0,0,0.0,0.0,,0.0,1,0.03,0.02,SPY200722C00333000,333.0,normalDay
2020-07-22,4116.0,3286.0,3.0,100,326.86,294.0,0,0.0,0.0,,0.0,1,0.03,0.0,SPY200722C00333000,333.0,expirationDay
2020-07-23,4116.0,2896.0,0.0,100,322.96,294.0,0,0.0,0.0,,0.0,0,0.0,0.0,,0.0,bidTooLow
2020-07-24,4116.0,2688.0,0.0,100,320.88,294.0,0,0.0,0.0,,0.0,0,0.0,0.0,,0.0,bidTooLow
2020-07-27,4116.0,2922.0,0.0,100,323.22,294.0,0,0.0,0.0,,0.0,0,0.0,0.0,,0.0,bidTooLow
2020-07-28,4116.0,2717.0,0.0,100,321.17,294.0,0,0.0,0.0,,0.0,0,0.0,0.0,,0.0,bidTooLow
2020-07-29,4116.0,3112.0,0.0,100,325.12,294.0,0,0.0,0.0,,0.0,0,0.0,0.0,,0.0,bidTooLow
2020-07-30,4116.0,2996.0,0.0,100,323.96,294.0,0,0.0,0.0,,0.0,0,0.0,0.0,,0.0,bidTooLow
2020-07-31,4116.0,3249.0,0.0,100,326.52,294.0,0,0.0,0.0,,0.0,1,0.02,0.05,SPY200803C00333000,333.0,normalDay
2020-08-03,4118.0,3479.0,2.0,100,328.79,294.0,0,0.0,0.0,,0.0,1,0.02,0.0,SPY200803C00333000,333.0,expirationDay
2020-08-04,4118.0,3603.0,0.0,100,330.06,294.0,0,0.0,0.0,,0.0,1,0.32,0.35,SPY200807C00335000,335.0,normalDay
2020-08-05,4118.0,3798.0,0.0,100,332.11,294.0,0,0.0,0.0,,0.0,1,0.32,0.45,SPY200807C00335000,335.0,normalDay
2020-08-06,4118.0,3964.0,0.0,100,334.33,294.0,0,0.0,0.0,,0.0,1,0.32,1.01,SPY200807C00335000,335.0,normalDay
2020-08-07,4150.0,4057.0,32.0,100,334.57,294.0,0,0.0,0.0,,0.0,1,0.32,0.0,SPY200807C00335000,335.0,expirationDay
2020-08-10,4150.0,4154.0,0.0,100,335.57,294.0,0,0.0,0.0,,0.0,1,0.04,0.07,SPY200812C00341000,341.0,normalDay
2020-08-11,4150.0,3882.0,0.0,100,332.8,294.0,0,0.0,0.0,,0.0,1,0.04,0.02,SPY200812C00341000,341.0,normalDay
2020-08-12,4154.0,4344.0,4.0,100,337.44,294.0,0,0.0,0.0,,0.0,1,0.04,0.0,SPY200812C00341000,341.0,expirationDay
2020-08-13,4154.0,4283.0,0.0,100,336.83,294.0,0,0.0,0.0,,0.0,0,0.0,0.0,,0.0,bidTooLow
2020-08-14,4154.0,4284.0,0.0,100,336.84,294.0,0,0.0,0.0,,0.0,0,0.0,0.0,,0.0,bidTooLow
2020-08-17,4154.0,4391.0,0.0,100,337.91,294.0,0,0.0,0.0,,0.0,0,0.0,0.0,,0.0,bidTooLow
2020-08-18,4154.0,4464.0,0.0,100,338.64,294.0,0,0.0,0.0,,0.0,0,0.0,0.0,,0.0,bidTooLow
2020-08-19,4154.0,4323.0,0.0,100,337.23,294.0,0,0.0,0.0,,0.0,0,0.0,0.0,,0.0,bidTooLow
2020-08-20,4154.0,4428.0,0.0,100,338.28,294.0,0,0.0,0.0,,0.0,0,0.0,0.0,,0.0,bidTooLow
2020-08-21,4154.0,4548.0,0.0,100,339.48,294.0,0,0.0,0.0,,0.0,0,0.0,0.0,,0.0,bidTooLow
2020-08-24,4154.0,4892.0,0.0,100,342.92,294.0,0,0.0,0.0,,0.0,0,0.0,0.0,,0.0,bidTooLow
2020-08-25,4154.0,5009.0,0.0,100,344.12,294.0,0,0.0,0.0,,0.0,1,0.06,0.09,SPY200828C00351000,351.0,normalDay
2020-08-26,4154.0,5288.0,0.0,100,347.57,294.0,0,0.0,0.0,,0.0,1,0.06,0.75,SPY200828C00351000,351.0,normalDay
2020-08-27,4154.0,5398.0,0.0,100,348.33,294.0,0,0.0,0.0,,0.0,1,0.06,0.41,SPY200828C00351000,351.0,normalDay
2020-08-28,4160.0,5658.0,6.0,100,350.58,294.0,0,0.0,0.0,,0.0,1,0.06,0.0,SPY200828C00351000,351.0,expirationDay
2020-08-31,4160.0,5527.0,0.0,100,349.31,294.0,0,0.0,0.0,,0.0,1,0.06,0.1,SPY200902C00357000,357.0,normalDay
2020-09-01,4160.0,5862.0,0.0,100,352.6,294.0,0,0.0,0.0,,0.0,1,0.06,0.04,SPY200902C00357000,357.0,normalDay
2020-09-02,10466.0,5862.0,6306.0,0,357.7,0.0,0,0.0,0.0,,0.0,1,0.06,0.0,SPY200902C00357000,357.0,expirationDay
2020-09-03,10466.0,-4.0,0.0,0,345.39,0.0,1,0.13,0.17,SPY200904P00332000,332.0,0,0.0,0.0,,0.0,normalDay
2020-09-04,10479.0,0.0,13.0,0,342.57,0.0,1,0.13,0.0,SPY200904P00332000,332.0,0,0.0,0.0,,0.0,expirationDay
2020-09-08,10479.0,-6.0,0.0,0,333.21,0.0,1,3.54,3.6,SPY200911P00332000,332.0,0,0.0,0.0,,0.0,normalDay
2020-09-09,10479.0,251.0,0.0,0,339.79,0.0,1,3.54,1.03,SPY200911P00332000,332.0,0,0.0,0.0,,0.0,normalDay
2020-09-10,10479.0,206.0,0.0,0,333.89,0.0,1,3.54,1.48,SPY200911P00332000,332.0,0,0.0,0.0,,0.0,normalDay
2020-09-11,10833.0,0.0,354.0,0,334.06,0.0,1,3.54,0.0,SPY200911P00332000,332.0,0,0.0,0.0,,0.0,expirationDay
2020-09-14,10833.0,-3.0,0.0,0,338.46,0.0,1,0.81,0.84,SPY200916P00333000,333.0,0,0.0,0.0,,0.0,normalDay
2020-09-15,10833.0,65.0,0.0,0,340.17,0.0,1,0.81,0.16,SPY200916P00333000,333.0,0,0.0,0.0,,0.0,normalDay
2020-09-16,10914.0,0.0,81.0,0,338.82,0.0,1,0.81,0.0,SPY200916P00333000,333.0,0,0.0,0.0,,0.0,expirationDay
2020-09-17,10914.0,-4.0,0.0,0,335.84,0.0,1,1.2,1.24,SPY200918P00333000,333.0,0,0.0,0.0,,0.0,normalDay
2020-09-18,11034.0,-235.0,120.0,100,330.65,333.0,1,1.2,0.0,SPY200918P00333000,333.0,0,0.0,0.0,,0.0,expirationDay
2020-09-21,11034.0,-603.0,0.0,100,326.97,333.0,0,0.0,0.0,,0.0,0,0.0,0.0,,0.0,bidTooLow
2020-09-22,11034.0,-270.0,0.0,100,330.3,333.0,0,0.0,0.0,,0.0,0,0.0,0.0,,0.0,bidTooLow
2020-09-23,11034.0,-1036.0,0.0,100,322.64,333.0,0,0.0,0.0,,0.0,0,0.0,0.0,,0.0,bidTooLow
2020-09-24,11034.0,-950.0,0.0,100,323.5,333.0,0,0.0,0.0,,0.0,0,0.0,0.0,,0.0,bidTooLow
2020-09-25,11034.0,-427.0,0.0,100,328.73,333.0,0,0.0,0.0,,0.0,0,0.0,0.0,,0.0,bidTooLow
2020-09-28,11034.0,119.0,0.0,100,334.19,333.0,0,0.0,0.0,,0.0,0,0.0,0.0,,0.0,bidTooLow
2020-09-29,11034.0,-63.0,0.0,100,332.37,333.0,0,0.0,0.0,,0.0,0,0.0,0.0,,0.0,bidTooLow
2020-09-30,11034.0,189.0,0.0,100,334.89,333.0,0,0.0,0.0,,0.0,0,0.0,0.0,,0.0,bidTooLow
2020-10-01,11034.0,404.0,0.0,100,337.04,333.0,0,0.0,0.0,,0.0,0,0.0,0.0,,0.0,bidTooLow
2020-10-02,11034.0,84.0,0.0,100,333.84,333.0,0,0.0,0.0,,0.0,0,0.0,0.0,,0.0,bidTooLow
2020-10-05,11034.0,673.0,0.0,100,339.76,333.0,0,0.0,0.0,,0.0,1,0.06,0.09,SPY201007C00349000,349.0,normalDay
2020-10-06,11034.0,198.0,0.0,100,334.93,333.0,0,0.0,0.0,,0.0,1,0.06,0.01,SPY201007C00349000,349.0,normalDay
2020-10-07,11040.0,776.0,6.0,100,340.76,333.0,0,0.0,0.0,,0.0,1,0.06,0.0,SPY201007C00349000,349.0,expirationDay
2020-10-08,11040.0,1078.0,0.0,100,343.78,333.0,0,0.0,0.0,,0.0,0,0.0,0.0,,0.0,bidTooLow
2020-10-09,11040.0,1385.0,0.0,100,346.85,333.0,0,0.0,0.0,,0.0,0,0.0,0.0,,0.0,bidTooLow
2020-10-12,11040.0,1940.0,0.0,100,352.43,333.0,0,0.0,0.0,,0.0,1,0.24,0.27,SPY201014C00358000,358.0,normalDay
2020-10-13,11040.0,1734.0,0.0,100,350.13,333.0,0,0.0,0.0,,0.0,1,0.24,0.03,SPY201014C00358000,358.0,normalDay
2020-10-14,11064.0,1493.0,24.0,100,347.93,333.0,0,0.0,0.0,,0.0,1,0.24,0.0,SPY201014C00358000,358.0,expirationDay
2020-10-15,11064.0,1450.0,0.0,100,347.5,333.0,0,0.0,0.0,,0.0,0,0.0,0.0,,0.0,bidTooLow
2020-10-16,11064.0,1429.0,0.0,100,347.29,333.0,0,0.0,0.0,,0.0,0,0.0,0.0,,0.0,bidTooLow
2020-10-19,11064.0,901.0,0.0,100,342.01,333.0,0,0.0,0.0,,0.0,0,0.0,0.0,,0.0,bidTooLow
2020-10-20,11064.0,1038.0,0.0,100,343.38,333.0,0,0.0,0.0,,0.0,0,0.0,0.0,,0.0,bidTooLow
2020-10-21,11064.0,973.0,0.0,100,342.73,333.0,0,0.0,0.0,,0.0,0,0.0,0.0,,0.0,bidTooLow
2020-10-22,11064.0,1161.0,0.0,100,344.61,333.0,0,0.0,0.0,,0.0,0,0.0,0.0,,0.0,bidTooLow
2020-10-23,11064.0,1278.0,0.0,100,345.78,333.0,0,0.0,0.0,,0.0,0,0.0,0.0,,0.0,bidTooLow
2020-10-26,11064.0,639.0,0.0,100,339.39,333.0,0,0.0,0.0,,0.0,0,0.0,0.0,,0.0,bidTooLow
2020-10-27,11064.0,522.0,0.0,100,338.22,333.0,0,0.0,0.0,,0.0,0,0.0,0.0,,0.0,bidTooLow
2020-10-28,11064.0,-634.0,0.0,100,326.66,333.0,0,0.0,0.0,,0.0,0,0.0,0.0,,0.0,bidTooLow
2020-10-29,11064.0,-302.0,0.0,100,329.98,333.0,0,0.0,0.0,,0.0,0,0.0,0.0,,0.0,bidTooLow
2020-10-30,11064.0,-646.0,0.0,100,326.54,333.0,0,0.0,0.0,,0.0,0,0.0,0.0,,0.0,bidTooLow
2020-11-02,11064.0,-280.0,0.0,100,330.2,333.0,0,0.0,0.0,,0.0,0,0.0,0.0,,0.0,bidTooLow
2020-11-03,11064.0,300.0,0.0,100,336.03,333.0,0,0.0,0.0,,0.0,1,0.1,0.13,SPY201106C00364000,364.0,normalDay
2020-11-04,11064.0,1062.0,0.0,100,343.54,333.0,0,0.0,0.0,,0.0,1,0.1,0.02,SPY201106C00364000,364.0,normalDay
2020-11-05,11064.0,1732.0,0.0,100,350.24,333.0,0,0.0,0.0,,0.0,1,0.1,0.02,SPY201106C00364000,364.0,normalDay
2020-11-06,11074.0,1716.0,10.0,100,350.16,333.0,0,0.0,0.0,,0.0,1,0.1,0.0,SPY201106C00364000,364.0,expirationDay
2020-11-09,11074.0,2153.0,0.0,100,354.56,333.0,0,0.0,0.0,,0.0,1,0.09,0.12,SPY201111C00367000,367.0,normalDay
2020-11-10,11074.0,2112.0,0.0,100,354.04,333.0,0,0.0,0.0,,0.0,1,0.09,0.01,SPY201111C00367000,367.0,normalDay
2020-11-11,11083.0,2367.0,9.0,100,356.67,333.0,0,0.0,0.0,,0.0,1,0.09,0.0,SPY201111C00367000,367.0,expirationDay
2020-11-12,11083.0,2021.0,0.0,100,353.21,333.0,0,0.0,0.0,,0.0,0,0.0,0.0,,0.0,bidTooLow
2020-11-13,11083.0,2510.0,0.0,100,358.1,333.0,0,0.0,0.0,,0.0,0,0.0,0.0,,0.0,bidTooLow
2020-11-16,11083.0,2957.0,0.0,100,362.57,333.0,0,0.0,0.0,,0.0,0,0.0,0.0,,0.0,bidTooLow
2020-11-17,11083.0,2762.0,0.0,100,360.62,333.0,0,0.0,0.0,,0.0,0,0.0,0.0,,0.0,bidTooLow
2020-11-18,11083.0,2328.0,0.0,100,356.28,333.0,0,0.0,0.0,,0.0,0,0.0,0.0,,0.0,bidTooLow
2020-11-19,11083.0,2478.0,0.0,100,357.78,333.0,0,0.0,0.0,,0.0,0,0.0,0.0,,0.0,bidTooLow
2020-11-20,11083.0,2233.0,0.0,100,355.33,333.0,0,0.0,0.0,,0.0,0,0.0,0.0,,0.0,bidTooLow
2020-11-23,11083.0,2446.0,0.0,100,357.46,333.0,0,0.0,0.0,,0.0,0,0.0,0.0,,0.0,bidTooLow
2020-11-24,11083.0,3022.0,0.0,100,363.22,333.0,0,0.0,0.0,,0.0,0,0.0,0.0,,0.0,bidTooLow
2020-11-25,11083.0,2966.0,0.0,100,362.66,333.0,0,0.0,0.0,,0.0,0,0.0,0.0,,0.0,bidTooLow
2020-11-27,11083.0,3067.0,0.0,100,363.67,333.0,0,0.0,0.0,,0.0,0,0.0,0.0,,0.0,bidTooLow
2020-11-30,11083.0,2906.0,0.0,100,362.06,333.0,0,0.0,0.0,,0.0,0,0.0,0.0,,0.0,bidTooLow
2020-12-01,11083.0,3299.0,0.0,100,366.02,333.0,0,0.0,0.0,,0.0,1,0.02,0.05,SPY201204C00378000,378.0,normalDay
2020-12-02,11083.0,3378.0,0.0,100,366.79,333.0,0,0.0,0.0,,0.0,1,0.02,0.03,SPY201204C00378000,378.0,normalDay
2020-12-03,11083.0,3370.0,0.0,100,366.69,333.0,0,0.0,0.0,,0.0,1,0.02,0.01,SPY201204C00378000,378.0,normalDay
2020-12-04,11085.0,3685.0,2.0,100,369.85,333.0,0,0.0,0.0,,0.0,1,0.02,0.0,SPY201204C00378000,378.0,expirationDay
2020-12-07,11085.0,3606.0,0.0,100,369.09,333.0,0,0.0,0.0,,0.0,1,0.02,0.05,SPY201209C00376000,376.0,normalDay
2020-12-08,11085.0,3716.0,0.0,100,370.17,333.0,0,0.0,0.0,,0.0,1,0.02,0.03,SPY201209C00376000,376.0,normalDay
2020-12-09,11087.0,3385.0,2.0,100,366.85,333.0,0,0.0,0.0,,0.0,1,0.02,0.0,SPY201209C00376000,376.0,expirationDay
2020-12-10,11087.0,3373.0,0.0,100,366.73,333.0,0,0.0,0.0,,0.0,0,0.0,0.0,,0.0,bidTooLow
2020-12-11,11087.0,3330.0,0.0,100,366.3,333.0,0,0.0,0.0,,0.0,0,0.0,0.0,,0.0,bidTooLow
2020-12-14,11087.0,3163.0,0.0,100,364.66,333.0,0,0.0,0.0,,0.0,1,0.02,0.05,SPY201216C00377000,377.0,normalDay
2020-12-15,11087.0,3658.0,0.0,100,369.59,333.0,0,0.0,0.0,,0.0,1,0.02,0.03,SPY201216C00377000,377.0,normalDay
2020-12-16,11089.0,3717.0,2.0,100,370.17,333.0,0,0.0,0.0,,0.0,1,0.02,0.0,SPY201216C00377000,377.0,expirationDay
2020-12-17,11089.0,3921.0,0.0,100,372.24,333.0,0,0.0,0.0,,0.0,1,0.05,0.08,SPY201218C00379000,379.0,normalDay
2020-12-18,11094.0,3618.0,5.0,100,369.18,333.0,0,0.0,0.0,,0.0,1,0.05,0.0,SPY201218C00379000,379.0,expirationDay
2020-12-21,11094.0,3483.0,0.0,100,367.86,333.0,0,0.0,0.0,,0.0,1,0.08,0.11,SPY201224C00377000,377.0,normalDay
2020-12-22,11094.0,3429.0,0.0,100,367.24,333.0,0,0.0,0.0,,0.0,1,0.08,0.03,SPY201224C00377000,377.0,normalDay
2020-12-23,11094.0,3464.0,0.0,100,367.57,333.0,0,0.0,0.0,,0.0,1,0.08,0.01,SPY201224C00377000,377.0,normalDay
2020-12-24,11102.0,3600.0,8.0,100,369.0,333.0,0,0.0,0.0,,0.0,1,0.08,0.0,SPY201224C00377000,377.0,expirationDay
2020-12-28,11102.0,3914.0,0.0,100,372.17,333.0,0,0.0,0.0,,0.0,1,0.66,0.69,SPY201231C00375000,375.0,normalDay
2020-12-29,11102.0,3877.0,0.0,100,371.46,333.0,0,0.0,0.0,,0.0,1,0.66,0.35,SPY201231C00375000,375.0,normalDay
2020-12-30,11102.0,3954.0,0.0,100,371.99,333.0,0,0.0,0.0,,0.0,1,0.66,0.11,SPY201231C00375000,375.0,normalDay
2020-12-31,11168.0,4088.0,66.0,100,373.88,333.0,0,0.0,0.0,,0.0,1,0.66,0.0,SPY201231C00375000,375.0,expirationDay
2021-01-04,11168.0,3576.0,0.0,100,368.79,333.0,0,0.0,0.0,,0.0,1,0.37,0.4,SPY210106C00376000,376.0,normalDay
2021-01-05,11168.0,3838.0,0.0,100,371.33,333.0,0,0.0,0.0,,0.0,1,0.37,0.32,SPY210106C00376000,376.0,normalDay
2021-01-06,11205.0,4055.0,37.0,100,373.55,333.0,0,0.0,0.0,,0.0,1,0.37,0.0,SPY210106C00376000,376.0,expirationDay
2021-01-07,11205.0,4606.0,0.0,100,379.1,333.0,0,0.0,0.0,,0.0,1,0.7,0.74,SPY210108C00380000,380.0,normalDay
2021-01-08,15975.0,4606.0,4770.0,0,381.26,0.0,0,0.0,0.0,,0.0,1,0.7,0.0,SPY210108C00380000,380.0,expirationDay
2021-01-11,15975.0,-3.0,0.0,0,378.69,0.0,1,0.13,0.16,SPY210113P00365000,365.0,0,0.0,0.0,,0.0,normalDay
2021-01-12,15975.0,9.0,0.0,0,378.77,0.0,1,0.13,0.04,SPY210113P00365000,365.0,0,0.0,0.0,,0.0,normalDay
2021-01-13,15988.0,0.0,13.0,0,379.79,0.0,1,0.13,0.0,SPY210113P00365000,365.0,0,0.0,0.0,,0.0,expirationDay
2021-01-14,15988.0,-3.0,0.0,0,378.46,0.0,1,0.06,0.09,SPY210115P00366000,366.0,0,0.0,0.0,,0.0,normalDay
2021-01-15,15994.0,0.0,6.0,0,375.7,0.0,1,0.06,0.0,SPY210115P00366000,366.0,0,0.0,0.0,,0.0,expirationDay
2021-01-19,15994.0,-3.0,0.0,0,378.65,0.0,1,0.38,0.41,SPY210122P00367000,367.0,0,0.0,0.0,,0.0,normalDay
2021-01-20,15994.0,30.0,0.0,0,383.89,0.0,1,0.38,0.08,SPY210122P00367000,367.0,0,0.0,0.0,,0.0,normalDay
2021-01-21,15994.0,35.0,0.0,0,384.24,0.0,1,0.38,0.03,SPY210122P00367000,367.0,0,0.0,0.0,,0.0,normalDay
2021-01-22,16032.0,0.0,38.0,0,382.88,0.0,1,0.38,0.0,SPY210122P00367000,367.0,0,0.0,0.0,,0.0,expirationDay
2021-01-25,16032.0,-3.0,0.0,0,384.39,0.0,1,0.07,0.1,SPY210127P00369000,369.0,0,0.0,0.0,,0.0,normalDay
2021-01-26,16032.0,3.0,0.0,0,383.79,0.0,1,0.07,0.04,SPY210127P00369000,369.0,0,0.0,0.0,,0.0,normalDay
2021-01-27,16039.0,0.0,7.0,0,374.41,0.0,1,0.07,0.0,SPY210127P00369000,369.0,0,0.0,0.0,,0.0,expirationDay
2021-01-28,16039.0,-3.0,0.0,0,377.63,0.0,1,0.49,0.52,SPY210129P00371000,371.0,0,0.0,0.0,,0.0,normalDay
2021-01-29,16088.0,-93.0,49.0,100,370.07,371.0,1,0.49,0.0,SPY210129P00371000,371.0,0,0.0,0.0,,0.0,expirationDay
2021-02-01,16088.0,523.0,0.0,100,376.23,371.0,0,0.0,0.0,,0.0,0,0.0,0.0,,0.0,bidTooLow
2021-02-02,16088.0,1052.0,0.0,100,381.55,371.0,0,0.0,0.0,,0.0,1,0.12,0.15,SPY210205C00391000,391.0,normalDay
2021-02-03,16088.0,1092.0,0.0,100,381.85,371.0,0,0.0,0.0,,0.0,1,0.12,0.05,SPY210205C00391000,391.0,normalDay
2021-02-04,16088.0,1525.0,0.0,100,386.19,371.0,0,0.0,0.0,,0.0,1,0.12,0.06,SPY210205C00391000,391.0,normalDay
2021-02-05,16100.0,1671.0,12.0,100,387.71,371.0,0,0.0,0.0,,0.0,1,0.12,0.0,SPY210205C00391000,391.0,expirationDay
2021-02-08,16100.0,1948.0,0.0,100,390.51,371.0,0,0.0,0.0,,0.0,1,0.18,0.21,SPY210210C00395000,395.0,normalDay
2021-02-09,16100.0,1938.0,0.0,100,390.25,371.0,0,0.0,0.0,,0.0,1,0.18,0.05,SPY210210C00395000,395.0,normalDay
2021-02-10,16118.0,1908.0,18.0,100,390.08,371.0,0,0.0,0.0,,0.0,1,0.18,0.0,SPY210210C00395000,395.0,expirationDay
2021-02-11,16118.0,1971.0,0.0,100,390.71,371.0,0,0.0,0.0,,0.0,0,0.0,0.0,,0.0,bidTooLow
2021-02-12,16118.0,2164.0,0.0,100,392.64,371.0,0,0.0,0.0,,0.0,0,0.0,0.0,,0.0,bidTooLow
2021-02-16,16118.0,2127.0,0.0,100,392.3,371.0,0,0.0,0.0,,0.0,1,0.02,0.05,SPY210219C00403000,403.0,normalDay
2021-02-17,16118.0,2138.0,0.0,100,392.39,371.0,0,0.0,0.0,,0.0,1,0.02,0.03,SPY210219C00403000,403.0,normalDay
2021-02-18,16118.0,1973.0,0.0,100,390.72,371.0,0,0.0,0.0,,0.0,1,0.02,0.01,SPY210219C00403000,403.0,normalDay
2021-02-19,16120.0,1903.0,2.0,100,390.03,371.0,0,0.0,0.0,,0.0,1,0.02,0.0,SPY210219C00403000,403.0,expirationDay
2021-02-22,16120.0,1603.0,0.0,100,387.03,371.0,0,0.0,0.0,,0.0,0,0.0,0.0,,0.0,bidTooLow
2021-02-23,16120.0,1650.0,0.0,100,387.5,371.0,0,0.0,0.0,,0.0,0,0.0,0.0,,0.0,bidTooLow
2021-02-24,16120.0,2077.0,0.0,100,391.77,371.0,0,0.0,0.0,,0.0,0,0.0,0.0,,0.0,bidTooLow
2021-02-25,16120.0,1133.0,0.0,100,382.33,371.0,0,0.0,0.0,,0.0,0,0.0,0.0,,0.0,bidTooLow
2021-02-26,16120.0,936.0,0.0,100,380.36,371.0,0,0.0,0.0,,0.0,0,0.0,0.0,,0.0,bidTooLow
2021-03-01,16120.0,1858.0,0.0,100,389.58,371.0,0,0.0,0.0,,0.0,0,0.0,0.0,,0.0,bidTooLow
2021-03-02,16120.0,1551.0,0.0,100,386.54,371.0,0,0.0,0.0,,0.0,1,0.03,0.06,SPY210305C00400000,400.0,normalDay
2021-03-03,16120.0,1043.0,0.0,100,381.42,371.0,0,0.0,0.0,,0.0,1,0.03,0.02,SPY210305C00400000,400.0,normalDay
2021-03-04,16120.0,572.0,0.0,100,376.7,371.0,0,0.0,0.0,,0.0,1,0.03,0.01,SPY210305C00400000,400.0,normalDay
2021-03-05,16123.0,1263.0,3.0,100,383.63,371.0,0,0.0,0.0,,0.0,1,0.03,0.0,SPY210305C00400000,400.0,expirationDay
2021-03-08,16123.0,1072.0,0.0,100,381.72,371.0,0,0.0,0.0,,0.0,0,0.0,0.0,,0.0,bidTooLow
2021-03-09,16123.0,1614.0,0.0,100,387.17,371.0,0,0.0,0.0,,0.0,1,0.02,0.05,SPY210312C00401000,401.0,normalDay
2021-03-10,16123.0,1856.0,0.0,100,389.58,371.0,0,0.0,0.0,,0.0,1,0.02,0.04,SPY210312C00401000,401.0,normalDay
2021-03-11,16123.0,2251.0,0.0,100,393.53,371.0,0,0.0,0.0,,0.0,1,0.02,0.04,SPY210312C00401000,401.0,normalDay
2021-03-12,16125.0,2306.0,2.0,100,394.06,371.0,0,0.0,0.0,,0.0,1,0.02,0.0,SPY210312C00401000,401.0,expirationDay
2021-03-15,16125.0,2538.0,0.0,100,396.41,371.0,0,0.0,0.0,,0.0,1,0.11,0.14,SPY210317C00404000,404.0,normalDay
2021-03-16,16125.0,2499.0,0.0,100,395.91,371.0,0,0.0,0.0,,0.0,1,0.11,0.03,SPY210317C00404000,404.0,normalDay
2021-03-17,16136.0,2626.0,11.0,100,397.26,371.0,0,0.0,0.0,,0.0,1,0.11,0.0,SPY210317C00404000,404.0,expirationDay
2021-03-18,16136.0,2048.0,0.0,100,391.48,371.0,0,0.0,0.0,,0.0,0,0.0,0.0,,0.0,bidTooLow
2021-03-19,16136.0,1848.0,0.0,100,389.48,371.0,0,0.0,0.0,,0.0,0,0.0,0.0,,0.0,bidTooLow
2021-03-22,16136.0,2159.0,0.0,100,392.59,371.0,0,0.0,0.0,,0.0,0,0.0,0.0,,0.0,bidTooLow
2021-03-23,16136.0,1850.0,0.0,100,389.5,371.0,0,0.0,0.0,,0.0,0,0.0,0.0,,0.0,bidTooLow
2021-03-24,16136.0,1652.0,0.0,100,387.52,371.0,0,0.0,0.0,,0.0,0,0.0,0.0,,0.0,bidTooLow
2021-03-25,16136.0,1870.0,0.0,100,389.7,371.0,0,0.0,0.0,,0.0,0,0.0,0.0,,0.0,bidTooLow
2021-03-26,16136.0,2498.0,0.0,100,395.98,371.0,0,0.0,0.0,,0.0,0,0.0,0.0,,0.0,bidTooLow
2021-03-29,16136.0,2475.0,0.0,100,395.78,371.0,0,0.0,0.0,,0.0,1,0.03,0.06,SPY210401C00407000,407.0,normalDay
2021-03-30,16136.0,2374.0,0.0,100,394.73,371.0,0,0.0,0.0,,0.0,1,0.03,0.02,SPY210401C00407000,407.0,normalDay
2021-03-31,16136.0,2534.0,0.0,100,396.33,371.0,0,0.0,0.0,,0.0,1,0.03,0.02,SPY210401C00407000,407.0,normalDay
2021-04-01,16139.0,2961.0,3.0,100,400.61,371.0,0,0.0,0.0,,0.0,1,0.03,0.0,SPY210401C00407000,407.0,expirationDay
2021-04-05,16139.0,3533.0,0.0,100,406.36,371.0,0,0.0,0.0,,0.0,1,0.55,0.58,SPY210407C00409000,409.0,normalDay
2021-04-06,16139.0,3547.0,0.0,100,406.12,371.0,0,0.0,0.0,,0.0,1,0.55,0.2,SPY210407C00409000,409.0,normalDay
2021-04-07,16194.0,3559.0,55.0,100,406.59,371.0,0,0.0,0.0,,0.0,1,0.55,0.0,SPY210407C00409000,409.0,expirationDay
2021-04-08,16194.0,3752.0,0.0,100,408.52,371.0,0,0.0,0.0,,0.0,0,0.0,0.0,,0.0,bidTooLow
2021-04-09,16194.0,4046.0,0.0,100,411.49,371.0,0,0.0,0.0,,0.0,1,0.01,0.04,SPY210412C00418000,418.0,normalDay
2021-04-12,16195.0,4064.0,1.0,100,411.64,371.0,0,0.0,0.0,,0.0,1,0.01,0.0,SPY210412C00418000,418.0,expirationDay
2021-04-13,16195.0,4183.0,0.0,100,412.86,371.0,0,0.0,0.0,,0.0,1,0.01,0.04,SPY210416C00424000,424.0,normalDay
2021-04-14,16195.0,4044.0,0.0,100,411.45,371.0,0,0.0,0.0,,0.0,1,0.01,0.02,SPY210416C00424000,424.0,normalDay
2021-04-15,16195.0,4486.0,0.0,100,415.87,371.0,0,0.0,0.0,,0.0,1,0.01,0.02,SPY210416C00424000,424.0,normalDay
2021-04-16,16196.0,4626.0,1.0,100,417.26,371.0,0,0.0,0.0,,0.0,1,0.01,0.0,SPY210416C00424000,424.0,expirationDay
2021-04-19,16196.0,4421.0,0.0,100,415.21,371.0,0,0.0,0.0,,0.0,0,0.0,0.0,,0.0,bidTooLow
2021-04-20,16196.0,4117.0,0.0,100,412.17,371.0,0,0.0,0.0,,0.0,0,0.0,0.0,,0.0,bidTooLow
2021-04-21,16196.0,4507.0,0.0,100,416.07,371.0,0,0.0,0.0,,0.0,0,0.0,0.0,,0.0,bidTooLow
2021-04-22,16196.0,4127.0,0.0,100,412.27,371.0,0,0.0,0.0,,0.0,0,0.0,0.0,,0.0,bidTooLow
2021-04-23,16196.0,4574.0,0.0,100,416.74,371.0,0,0.0,0.0,,0.0,0,0.0,0.0,,0.0,bidTooLow
2021-04-26,16196.0,4661.0,0.0,100,417.61,371.0,0,0.0,0.0,,0.0,0,0.0,0.0,,0.0,bidTooLow
2021-04-27,16196.0,4652.0,0.0,100,417.52,371.0,0,0.0,0.0,,0.0,0,0.0,0.0,,0.0,bidTooLow
2021-04-28,16196.0,4640.0,0.0,100,417.4,371.0,0,0.0,0.0,,0.0,0,0.0,0.0,,0.0,bidTooLow
2021-04-29,16196.0,4906.0,0.0,100,420.06,371.0,0,0.0,0.0,,0.0,0,0.0,0.0,,0.0,bidTooLow
2021-04-30,16196.0,4630.0,0.0,100,417.3,371.0,0,0.0,0.0,,0.0,0,0.0,0.0,,0.0,bidTooLow
2021-05-03,16196.0,4720.0,0.0,100,418.2,371.0,0,0.0,0.0,,0.0,0,0.0,0.0,,0.0,bidTooLow
2021-05-04,16196.0,4459.0,0.0,100,415.62,371.0,0,0.0,0.0,,0.0,1,0.02,0.05,SPY210507C00425000,425.0,normalDay
2021-05-05,16196.0,4474.0,0.0,100,415.75,371.0,0,0.0,0.0,,0.0,1,0.02,0.03,SPY210507C00425000,425.0,normalDay
2021-05-06,16196.0,4806.0,0.0,100,419.07,371.0,0,0.0,0.0,,0.0,1,0.02,0.03,SPY210507C00425000,425.0,normalDay
2021-05-07,16198.0,5112.0,2.0,100,422.12,371.0,0,0.0,0.0,,0.0,1,0.02,0.0,SPY210507C00425000,425.0,expirationDay
2021-05-10,16198.0,4691.0,0.0,100,417.94,371.0,0,0.0,0.0,,0.0,1,0.06,0.09,SPY210512C00425000,425.0,normalDay
2021-05-11,16198.0,4326.0,0.0,100,414.21,371.0,0,0.0,0.0,,0.0,1,0.06,0.01,SPY210512C00425000,425.0,normalDay
2021-05-12,16204.0,3441.0,6.0,100,405.41,371.0,0,0.0,0.0,,0.0,1,0.06,0.0,SPY210512C00425000,425.0,expirationDay
2021-05-13,16204.0,3928.0,0.0,100,410.28,371.0,0,0.0,0.0,,0.0,0,0.0,0.0,,0.0,bidTooLow
2021-05-14,16204.0,4558.0,0.0,100,416.58,371.0,0,0.0,0.0,,0.0,0,0.0,0.0,,0.0,bidTooLow
2021-05-17,16204.0,4452.0,0.0,100,415.52,371.0,0,0.0,0.0,,0.0,0,0.0,0.0,,0.0,bidTooLow
2021-05-18,16204.0,4094.0,0.0,100,411.94,371.0,0,0.0,0.0,,0.0,0,0.0,0.0,,0.0,bidTooLow
2021-05-19,16204.0,3986.0,0.0,100,410.86,371.0,0,0.0,0.0,,0.0,0,0.0,0.0,,0.0,bidTooLow
2021-05-20,16204.0,4428.0,0.0,100,415.28,371.0,0,0.0,0.0,,0.0,0,0.0,0.0,,0.0,bidTooLow
2021-05-21,16204.0,4394.0,0.0,100,414.94,371.0,0,0.0,0.0,,0.0,0,0.0,0.0,,0.0,bidTooLow
2021-05-24,16204.0,4814.0,0.0,100,419.17,371.0,0,0.0,0.0,,0.0,1,0.01,0.04,SPY210526C00427000,427.0,normalDay
2021-05-25,16204.0,4724.0,0.0,100,418.24,371.0,0,0.0,0.0,,0.0,1,0.01,0.01,SPY210526C00427000,427.0,normalDay
2021-05-26,16205.0,4807.0,1.0,100,419.07,371.0,0,0.0,0.0,,0.0,1,0.01,0.0,SPY210526C00427000,427.0,expirationDay
2021-05-27,16205.0,4829.0,0.0,100,419.29,371.0,0,0.0,0.0,,0.0,0,0.0,0.0,,0.0,bidTooLow
2021-05-28,16205.0,4904.0,0.0,100,420.04,371.0,0,0.0,0.0,,0.0,0,0.0,0.0,,0.0,bidTooLow
2021-06-01,16205.0,4864.0,0.0,100,419.67,371.0,0,0.0,0.0,,0.0,1,0.03,0.06,SPY210604C00428000,428.0,normalDay
2021-06-02,16205.0,4933.0,0.0,100,420.33,371.0,0,0.0,0.0,,0.0,1,0.03,0.03,SPY210604C00428000,428.0,normalDay
2021-06-03,16205.0,4779.0,0.0,100,418.77,371.0,0,0.0,0.0,,0.0,1,0.03,0.01,SPY210604C00428000,428.0,normalDay
2021-06-04,16208.0,5160.0,3.0,100,422.6,371.0,0,0.0,0.0,,0.0,1,0.03,0.0,SPY210604C00428000,428.0,expirationDay
2021-06-07,16208.0,5119.0,0.0,100,422.19,371.0,0,0.0,0.0,,0.0,0,0.0,0.0,,0.0,bidTooLow
2021-06-08,16208.0,5125.0,0.0,100,422.28,371.0,0,0.0,0.0,,0.0,1,0.02,0.05,SPY210611C00430000,430.0,normalDay
2021-06-09,16208.0,5063.0,0.0,100,421.65,371.0,0,0.0,0.0,,0.0,1,0.02,0.04,SPY210611C00430000,430.0,normalDay
2021-06-10,16208.0,5261.0,0.0,100,423.61,371.0,0,0.0,0.0,,0.0,1,0.02,0.02,SPY210611C00430000,430.0,normalDay
2021-06-11,16210.0,5331.0,2.0,100,424.31,371.0,0,0.0,0.0,,0.0,1,0.02,0.0,SPY210611C00430000,430.0,expirationDay
2021-06-14,16210.0,5423.0,0.0,100,425.26,371.0,0,0.0,0.0,,0.0,1,0.06,0.09,SPY210616C00431000,431.0,normalDay
2021-06-15,16210.0,5350.0,0.0,100,424.48,371.0,0,0.0,0.0,,0.0,1,0.06,0.04,SPY210616C00431000,431.0,normalDay
2021-06-16,16216.0,5111.0,6.0,100,422.11,371.0,0,0.0,0.0,,0.0,1,0.06,0.0,SPY210616C00431000,431.0,expirationDay
2021-06-17,16216.0,5097.0,0.0,100,421.97,371.0,0,0.0,0.0,,0.0,0,0.0,0.0,,0.0,bidTooLow
2021-06-18,16216.0,4392.0,0.0,100,414.92,371.0,0,0.0,0.0,,0.0,0,0.0,0.0,,0.0,bidTooLow
2021-06-21,16216.0,4986.0,0.0,100,420.86,371.0,0,0.0,0.0,,0.0,0,0.0,0.0,,0.0,bidTooLow
2021-06-22,16216.0,5208.0,0.0,100,423.11,371.0,0,0.0,0.0,,0.0,1,0.1,0.13,SPY210625C00429000,429.0,normalDay
2021-06-23,16216.0,5166.0,0.0,100,422.6,371.0,0,0.0,0.0,,0.0,1,0.1,0.04,SPY210625C00429000,429.0,normalDay
2021-06-24,16216.0,5415.0,0.0,100,425.1,371.0,0,0.0,0.0,,0.0,1,0.1,0.05,SPY210625C00429000,429.0,normalDay
2021-06-25,16226.0,5561.0,10.0,100,426.61,371.0,0,0.0,0.0,,0.0,1,0.1,0.0,SPY210625C00429000,429.0,expirationDay
2021-06-28,16226.0,5644.0,0.0,100,427.47,371.0,0,0.0,0.0,,0.0,1,0.1,0.13,SPY210630C00431000,431.0,normalDay
2021-06-29,16226.0,5675.0,0.0,100,427.7,371.0,0,0.0,0.0,,0.0,1,0.1,0.05,SPY210630C00431000,431.0,normalDay
2021-06-30,16236.0,5706.0,10.0,100,428.06,371.0,0,0.0,0.0,,0.0,1,0.1,0.0,SPY210630C00431000,431.0,expirationDay
2021-07-01,16236.0,5940.0,0.0,100,430.43,371.0,0,0.0,0.0,,0.0,1,0.02,0.05,SPY210702C00434000,434.0,normalDay
2021-07-02,16238.0,6272.0,2.0,100,433.72,371.0,0,0.0,0.0,,0.0,1,0.02,0.0,SPY210702C00434000,434.0,expirationDay
2021-07-06,16238.0,6190.0,0.0,100,432.93,371.0,0,0.0,0.0,,0.0,1,0.1,0.13,SPY210709C00438000,438.0,normalDay
2021-07-07,16238.0,6337.0,0.0,100,434.46,371.0,0,0.0,0.0,,0.0,1,0.1,0.19,SPY210709C00438000,438.0,normalDay
2021-07-08,16238.0,6000.0,0.0,100,430.92,371.0,0,0.0,0.0,,0.0,1,0.1,0.02,SPY210709C00438000,438.0,normalDay
2021-07-09,16248.0,6452.0,10.0,100,435.52,371.0,0,0.0,0.0,,0.0,1,0.1,0.0,SPY210709C00438000,438.0,expirationDay
2021-07-12,16248.0,6605.0,0.0,100,437.08,371.0,0,0.0,0.0,,0.0,1,0.03,0.06,SPY210714C00444000,444.0,normalDay
2021-07-13,16248.0,6460.0,0.0,100,435.59,371.0,0,0.0,0.0,,0.0,1,0.03,0.02,SPY210714C00444000,444.0,normalDay
2021-07-14,16251.0,6524.0,3.0,100,436.24,371.0,0,0.0,0.0,,0.0,1,0.03,0.0,SPY210714C00444000,444.0,expirationDay
2021-07-15,16251.0,6375.0,0.0,100,434.75,371.0,0,0.0,0.0,,0.0,0,0.0,0.0,,0.0,bidTooLow
2021-07-16,16251.0,6034.0,0.0,100,431.34,371.0,0,0.0,0.0,,0.0,0,0.0,0.0,,0.0,bidTooLow
2021-07-19,16251.0,5397.0,0.0,100,424.97,371.0,0,0.0,0.0,,0.0,0,0.0,0.0,,0.0,bidTooLow
2021-07-20,16251.0,6006.0,0.0,100,431.06,371.0,0,0.0,0.0,,0.0,0,0.0,0.0,,0.0,bidTooLow
2021-07-21,16251.0,6355.0,0.0,100,434.55,371.0,0,0.0,0.0,,0.0,0,0.0,0.0,,0.0,bidTooLow
2021-07-22,16251.0,6446.0,0.0,100,435.46,371.0,0,0.0,0.0,,0.0,0,0.0,0.0,,0.0,bidTooLow
2021-07-23,16251.0,6891.0,0.0,100,439.94,371.0,0,0.0,0.0,,0.0,1,0.06,0.09,SPY210726C00444000,444.0,normalDay
2021-07-26,16257.0,7002.0,6.0,100,441.02,371.0,0,0.0,0.0,,0.0,1,0.06,0.0,SPY210726C00444000,444.0,expirationDay
2021-07-27,16257.0,6798.0,0.0,100,439.01,371.0,0,0.0,0.0,,0.0,1,0.14,0.17,SPY210730C00446000,446.0,normalDay
2021-07-28,16257.0,6791.0,0.0,100,438.83,371.0,0,0.0,0.0,,0.0,1,0.14,0.06,SPY210730C00446000,446.0,normalDay
2021-07-29,16257.0,6976.0,0.0,100,440.65,371.0,0,0.0,0.0,,0.0,1,0.14,0.03,SPY210730C00446000,446.0,normalDay
2021-07-30,16271.0,6751.0,14.0,100,438.51,371.0,0,0.0,0.0,,0.0,1,0.14,0.0,SPY210730C00446000,446.0,expirationDay
2021-08-02,16271.0,6659.0,0.0,100,437.59,371.0,0,0.0,0.0,,0.0,0,0.0,0.0,,0.0,bidTooLow
2021-08-03,16271.0,7012.0,0.0,100,441.15,371.0,0,0.0,0.0,,0.0,1,0.02,0.05,SPY210806C00448000,448.0,normalDay
2021-08-04,16271.0,6798.0,0.0,100,438.98,371.0,0,0.0,0.0,,0.0,1,0.02,0.02,SPY210806C00448000,448.0,normalDay
2021-08-05,16271.0,7076.0,0.0,100,441.76,371.0,0,0.0,0.0,,0.0,1,0.02,0.02,SPY210806C00448000,448.0,normalDay
2021-08-06,16273.0,7149.0,2.0,100,442.49,371.0,0,0.0,0.0,,0.0,1,0.02,0.0,SPY210806C00448000,448.0,expirationDay
2021-08-09,16273.0,7113.0,0.0,100,442.13,371.0,0,0.0,0.0,,0.0,0,0.0,0.0,,0.0,bidTooLow
2021-08-10,16273.0,7168.0,0.0,100,442.68,371.0,0,0.0,0.0,,0.0,0,0.0,0.0,,0.0,bidTooLow
2021-08-11,16273.0,7278.0,0.0,100,443.78,371.0,0,0.0,0.0,,0.0,0,0.0,0.0,,0.0,bidTooLow
2021-08-12,16273.0,7411.0,0.0,100,445.11,371.0,0,0.0,0.0,,0.0,0,0.0,0.0,,0.0,bidTooLow
2021-08-13,16273.0,7492.0,0.0,100,445.92,371.0,0,0.0,0.0,,0.0,0,0.0,0.0,,0.0,bidTooLow
2021-08-16,16273.0,7594.0,0.0,100,446.97,371.0,0,0.0,0.0,,0.0,1,0.04,0.07,SPY210818C00452000,452.0,normalDay
2021-08-17,16273.0,7307.0,0.0,100,444.04,371.0,0,0.0,0.0,,0.0,1,0.04,0.01,SPY210818C00452000,452.0,normalDay
2021-08-18,16277.0,6818.0,4.0,100,439.18,371.0,0,0.0,0.0,,0.0,1,0.04,0.0,SPY210818C00452000,452.0,expirationDay
2021-08-19,16277.0,6886.0,0.0,100,439.86,371.0,0,0.0,0.0,,0.0,0,0.0,0.0,,0.0,bidTooLow
2021-08-20,16277.0,7236.0,0.0,100,443.36,371.0,0,0.0,0.0,,0.0,0,0.0,0.0,,0.0,bidTooLow
2021-08-23,16277.0,7623.0,0.0,100,447.26,371.0,0,0.0,0.0,,0.0,1,0.12,0.15,SPY210825C00451000,451.0,normalDay
2021-08-24,16277.0,7703.0,0.0,100,447.97,371.0,0,0.0,0.0,,0.0,1,0.12,0.06,SPY210825C00451000,451.0,normalDay
2021-08-25,16289.0,7791.0,12.0,100,448.91,371.0,0,0.0,0.0,,0.0,1,0.12,0.0,SPY210825C00451000,451.0,expirationDay
2021-08-26,16289.0,7526.0,0.0,100,446.26,371.0,0,0.0,0.0,,0.0,0,0.0,0.0,,0.0,bidTooLow
2021-08-27,16289.0,7922.0,0.0,100,450.25,371.0,0,0.0,0.0,,0.0,1,0.03,0.06,SPY210830C00454000,454.0,normalDay
2021-08-30,16292.0,8123.0,3.0,100,452.23,371.0,0,0.0,0.0,,0.0,1,0.03,0.0,SPY210830C00454000,454.0,expirationDay
2021-08-31,16292.0,8053.0,0.0,100,451.56,371.0,0,0.0,0.0,,0.0,1,0.1,0.13,SPY210903C00457000,457.0,normalDay
2021-09-01,16292.0,8085.0,0.0,100,451.8,371.0,0,0.0,0.0,,0.0,1,0.1,0.05,SPY210903C00457000,457.0,normalDay
2021-09-02,16292.0,8223.0,0.0,100,453.19,371.0,0,0.0,0.0,,0.0,1,0.1,0.06,SPY210903C00457000,457.0,normalDay
2021-09-03,16302.0,8208.0,10.0,100,453.08,371.0,0,0.0,0.0,,0.0,1,0.1,0.0,SPY210903C00457000,457.0,expirationDay
2021-09-07,16302.0,8043.0,0.0,100,451.46,371.0,0,0.0,0.0,,0.0,1,0.01,0.04,SPY210910C00460000,460.0,normalDay
2021-09-08,16302.0,7990.0,0.0,100,450.91,371.0,0,0.0,0.0,,0.0,1,0.01,0.02,SPY210910C00460000,460.0,normalDay
2021-09-09,16302.0,7798.0,0.0,100,448.98,371.0,0,0.0,0.0,,0.0,1,0.01,0.01,SPY210910C00460000,460.0,normalDay
2021-09-10,16303.0,7444.0,1.0,100,445.44,371.0,0,0.0,0.0,,0.0,1,0.01,0.0,SPY210910C00460000,460.0,expirationDay
2021-09-13,16303.0,7558.0,0.0,100,446.58,371.0,0,0.0,0.0,,0.0,0,0.0,0.0,,0.0,bidTooLow
2021-09-14,16303.0,7317.0,0.0,100,444.17,371.0,0,0.0,0.0,,0.0,0,0.0,0.0,,0.0,bidTooLow
2021-09-15,16303.0,7688.0,0.0,100,447.88,371.0,0,0.0,0.0,,0.0,0,0.0,0.0,,0.0,bidTooLow
2021-09-16,16303.0,7617.0,0.0,100,447.17,371.0,0,0.0,0.0,,0.0,0,0.0,0.0,,0.0,bidTooLow
2021-09-17,16303.0,7040.0,0.0,100,441.4,371.0,0,0.0,0.0,,0.0,0,0.0,0.0,,0.0,bidTooLow
2021-09-20,16303.0,6304.0,0.0,100,434.04,371.0,0,0.0,0.0,,0.0,0,0.0,0.0,,0.0,bidTooLow
2021-09-21,16303.0,6263.0,0.0,100,433.63,371.0,0,0.0,0.0,,0.0,0,0.0,0.0,,0.0,bidTooLow
2021-09-22,16303.0,6686.0,0.0,100,437.86,371.0,0,0.0,0.0,,0.0,0,0.0,0.0,,0.0,bidTooLow
2021-09-23,16303.0,7218.0,0.0,100,443.18,371.0,0,0.0,0.0,,0.0,0,0.0,0.0,,0.0,bidTooLow
2021-09-24,16303.0,7291.0,0.0,100,443.91,371.0,0,0.0,0.0,,0.0,0,0.0,0.0,,0.0,bidTooLow
2021-09-27,16303.0,7164.0,0.0,100,442.64,371.0,0,0.0,0.0,,0.0,0,0.0,0.0,,0.0,bidTooLow
2021-09-28,16303.0,6272.0,0.0,100,433.72,371.0,0,0.0,0.0,,0.0,0,0.0,0.0,,0.0,bidTooLow
2021-09-29,16303.0,6345.0,0.0,100,434.45,371.0,0,0.0,0.0,,0.0,0,0.0,0.0,,0.0,bidTooLow
2021-09-30,16303.0,5814.0,0.0,100,429.14,371.0,0,0.0,0.0,,0.0,0,0.0,0.0,,0.0,bidTooLow
2021-10-01,16303.0,6324.0,0.0,100,434.24,371.0,0,0.0,0.0,,0.0,0,0.0,0.0,,0.0,bidTooLow
2021-10-04,16303.0,5764.0,0.0,100,428.64,371.0,0,0.0,0.0,,0.0,0,0.0,0.0,,0.0,bidTooLow
2021-10-05,16303.0,6210.0,0.0,100,433.1,371.0,0,0.0,0.0,,0.0,0,0.0,0.0,,0.0,bidTooLow
2021-10-06,16303.0,6390.0,0.0,100,434.9,371.0,0,0.0,0.0,,0.0,0,0.0,0.0,,0.0,bidTooLow
2021-10-07,16303.0,6766.0,0.0,100,438.66,371.0,0,0.0,0.0,,0.0,0,0.0,0.0,,0.0,bidTooLow
2021-10-08,16303.0,6686.0,0.0,100,437.86,371.0,0,0.0,0.0,,0.0,0,0.0,0.0,,0.0,bidTooLow
2021-10-11,16303.0,6369.0,0.0,100,434.69,371.0,0,0.0,0.0,,0.0,0,0.0,0.0,,0.0,bidTooLow
2021-10-12,16303.0,6262.0,0.0,100,433.62,371.0,0,0.0,0.0,,0.0,0,0.0,0.0,,0.0,bidTooLow
2021-10-13,16303.0,6418.0,0.0,100,435.18,371.0,0,0.0,0.0,,0.0,0,0.0,0.0,,0.0,bidTooLow
2021-10-14,16303.0,7147.0,0.0,100,442.5,371.0,0,0.0,0.0,,0.0,1,0.01,0.04,SPY211015C00450000,450.0,normalDay
2021-10-15,16304.0,7487.0,1.0,100,445.87,371.0,0,0.0,0.0,,0.0,1,0.01,0.0,SPY211015C00450000,450.0,expirationDay
2021-10-18,16304.0,7616.0,0.0,100,447.19,371.0,0,0.0,0.0,,0.0,1,0.07,0.1,SPY211020C00453000,453.0,normalDay
2021-10-19,16304.0,7949.0,0.0,100,450.64,371.0,0,0.0,0.0,,0.0,1,0.07,0.22,SPY211020C00453000,453.0,normalDay
2021-10-20,16311.0,8141.0,7.0,100,452.41,371.0,0,0.0,0.0,,0.0,1,0.07,0.0,SPY211020C00453000,453.0,expirationDay
2021-10-21,16311.0,8259.0,0.0,100,453.59,371.0,0,0.0,0.0,,0.0,0,0.0,0.0,,0.0,bidTooLow
2021-10-22,16311.0,8212.0,0.0,100,453.12,371.0,0,0.0,0.0,,0.0,0,0.0,0.0,,0.0,bidTooLow
2021-10-25,16311.0,8455.0,0.0,100,455.55,371.0,0,0.0,0.0,,0.0,0,0.0,0.0,,0.0,bidTooLow
2021-10-26,16311.0,8496.0,0.0,100,455.96,371.0,0,0.0,0.0,,0.0,0,0.0,0.0,,0.0,bidTooLow
2021-10-27,16311.0,8294.0,0.0,100,453.94,371.0,0,0.0,0.0,,0.0,0,0.0,0.0,,0.0,bidTooLow
2021-10-28,16311.0,8732.0,0.0,100,458.32,371.0,0,0.0,0.0,,0.0,0,0.0,0.0,,0.0,bidTooLow
2021-10-29,16311.0,8825.0,0.0,100,459.25,371.0,0,0.0,0.0,,0.0,0,0.0,0.0,,0.0,bidTooLow
2021-11-01,16311.0,8904.0,0.0,100,460.04,371.0,0,0.0,0.0,,0.0,0,0.0,0.0,,0.0,bidTooLow
2021-11-02,16311.0,9090.0,0.0,100,461.9,371.0,0,0.0,0.0,,0.0,0,0.0,0.0,,0.0,bidTooLow
2021-11-03,16311.0,9372.0,0.0,100,464.72,371.0,0,0.0,0.0,,0.0,0,0.0,0.0,,0.0,bidTooLow
2021-11-04,16311.0,9591.0,0.0,100,466.91,371.0,0,0.0,0.0,,0.0,0,0.0,0.0,,0.0,bidTooLow
2021-11-05,16311.0,9753.0,0.0,100,468.53,371.0,0,0.0,0.0,,0.0,0,0.0,0.0,,0.0,bidTooLow
2021-11-08,16311.0,9793.0,0.0,100,468.93,371.0,0,0.0,0.0,,0.0,0,0.0,0.0,,0.0,bidTooLow
2021-11-09,16311.0,9638.0,0.0,100,467.38,371.0,0,0.0,0.0,,0.0,0,0.0,0.0,,0.0,bidTooLow
2021-11-10,16311.0,9262.0,0.0,100,463.62,371.0,0,0.0,0.0,,0.0,0,0.0,0.0,,0.0,bidTooLow
2021-11-11,16311.0,9277.0,0.0,100,463.77,371.0,0,0.0,0.0,,0.0,0,0.0,0.0,,0.0,bidTooLow
2021-11-12,16311.0,9627.0,0.0,100,467.27,371.0,0,0.0,0.0,,0.0,0,0.0,0.0,,0.0,bidTooLow
2021-11-15,16311.0,9643.0,0.0,100,467.43,371.0,0,0.0,0.0,,0.0,0,0.0,0.0,,0.0,bidTooLow
2021-11-16,16311.0,9828.0,0.0,100,469.28,371.0,0,0.0,0.0,,0.0,0,0.0,0.0,,0.0,bidTooLow
2021-11-17,16311.0,9714.0,0.0,100,468.14,371.0,0,0.0,0.0,,0.0,0,0.0,0.0,,0.0,bidTooLow
2021-11-18,16311.0,9873.0,0.0,100,469.73,371.0,0,0.0,0.0,,0.0,0,0.0,0.0,,0.0,bidTooLow
2021-11-19,16311.0,9789.0,0.0,100,468.89,371.0,0,0.0,0.0,,0.0,0,0.0,0.0,,0.0,bidTooLow
2021-11-22,16311.0,9657.0,0.0,100,467.57,371.0,0,0.0,0.0,,0.0,0,0.0,0.0,,0.0,bidTooLow
2021-11-23,16311.0,9719.0,0.0,100,468.19,371.0,0,0.0,0.0,,0.0,0,0.0,0.0,,0.0,bidTooLow
2021-11-24,16311.0,9844.0,0.0,100,469.44,371.0,0,0.0,0.0,,0.0,0,0.0,0.0,,0.0,bidTooLow
2021-11-26,16311.0,8797.0,0.0,100,458.97,371.0,0,0.0,0.0,,0.0,0,0.0,0.0,,0.0,bidTooLow
2021-11-29,16311.0,9360.0,0.0,100,464.6,371.0,0,0.0,0.0,,0.0,0,0.0,0.0,,0.0,bidTooLow
2021-11-30,16311.0,8453.0,0.0,100,455.56,371.0,0,0.0,0.0,,0.0,1,0.01,0.04,SPY211203C00477500,477.5,normalDay
2021-12-01,16311.0,7949.0,0.0,100,450.5,371.0,0,0.0,0.0,,0.0,1,0.01,0.02,SPY211203C00477500,477.5,normalDay
2021-12-02,16311.0,8640.0,0.0,100,457.4,371.0,0,0.0,0.0,,0.0,1,0.01,0.01,SPY211203C00477500,477.5,normalDay
2021-12-03,16312.0,8242.0,1.0,100,453.42,371.0,0,0.0,0.0,,0.0,1,0.01,0.0,SPY211203C00477500,477.5,expirationDay
2021-12-06,16312.0,8779.0,0.0,100,458.79,371.0,0,0.0,0.0,,0.0,0,0.0,0.0,,0.0,bidTooLow
2021-12-07,16312.0,9725.0,0.0,100,468.28,371.0,0,0.0,0.0,,0.0,1,0.01,0.04,SPY211210C00482000,482.0,normalDay
2021-12-08,16312.0,9851.0,0.0,100,469.52,371.0,0,0.0,0.0,,0.0,1,0.01,0.02,SPY211210C00482000,482.0,normalDay
2021-12-09,16312.0,9535.0,0.0,100,466.35,371.0,0,0.0,0.0,,0.0,1,0.01,0.01,SPY211210C00482000,482.0,normalDay
2021-12-10,16313.0,9974.0,1.0,100,470.74,371.0,0,0.0,0.0,,0.0,1,0.01,0.0,SPY211210C00482000,482.0,expirationDay
2021-12-13,16313.0,9557.0,0.0,100,466.57,371.0,0,0.0,0.0,,0.0,0,0.0,0.0,,0.0,bidTooLow
2021-12-14,16313.0,9236.0,0.0,100,463.36,371.0,0,0.0,0.0,,0.0,0,0.0,0.0,,0.0,bidTooLow
2021-12-15,16313.0,9960.0,0.0,100,470.6,371.0,0,0.0,0.0,,0.0,0,0.0,0.0,,0.0,bidTooLow
2021-12-16,16313.0,9545.0,0.0,100,466.45,371.0,0,0.0,0.0,,0.0,0,0.0,0.0,,0.0,bidTooLow
2021-12-17,16313.0,8887.0,0.0,100,459.87,371.0,0,0.0,0.0,,0.0,0,0.0,0.0,,0.0,bidTooLow
2021-12-20,16313.0,8398.0,0.0,100,454.98,371.0,0,0.0,0.0,,0.0,0,0.0,0.0,,0.0,bidTooLow
2021-12-21,16313.0,9206.0,0.0,100,463.06,371.0,0,0.0,0.0,,0.0,0,0.0,0.0,,0.0,bidTooLow
2021-12-22,16313.0,9669.0,0.0,100,467.69,371.0,0,0.0,0.0,,0.0,0,0.0,0.0,,0.0,bidTooLow
2021-12-23,16313.0,9960.0,0.0,100,470.6,371.0,0,0.0,0.0,,0.0,0,0.0,0.0,,0.0,bidTooLow
2021-12-27,16313.0,10623.0,0.0,100,477.26,371.0,0,0.0,0.0,,0.0,1,0.03,0.06,SPY211229C00485000,485.0,normalDay
2021-12-28,16313.0,10588.0,0.0,100,476.87,371.0,0,0.0,0.0,,0.0,1,0.03,0.02,SPY211229C00485000,485.0,normalDay
2021-12-29,16316.0,10648.0,3.0,100,477.48,371.0,0,0.0,0.0,,0.0,1,0.03,0.0,SPY211229C00485000,485.0,expirationDay
2021-12-30,16316.0,10516.0,0.0,100,476.16,371.0,0,0.0,0.0,,0.0,0,0.0,0.0,,0.0,bidTooLow
2021-12-31,16316.0,10396.0,0.0,100,474.96,371.0,0,0.0,0.0,,0.0,0,0.0,0.0,,0.0,bidTooLow
2022-01-03,16316.0,10671.0,0.0,100,477.71,371.0,0,0.0,0.0,,0.0,0,0.0,0.0,,0.0,bidTooLow
2022-01-04,16316.0,10655.0,0.0,100,477.55,371.0,0,0.0,0.0,,0.0,0,0.0,0.0,,0.0,bidTooLow
2022-01-05,16316.0,9738.0,0.0,100,468.38,371.0,0,0.0,0.0,,0.0,0,0.0,0.0,,0.0,bidTooLow
2022-01-06,16316.0,9694.0,0.0,100,467.94,371.0,0,0.0,0.0,,0.0,0,0.0,0.0,,0.0,bidTooLow
2022-01-07,16316.0,9509.0,0.0,100,466.09,371.0,0,0.0,0.0,,0.0,0,0.0,0.0,,0.0,bidTooLow
2022-01-10,16316.0,9451.0,0.0,100,465.51,371.0,0,0.0,0.0,,0.0,0,0.0,0.0,,0.0,bidTooLow
2022-01-11,16316.0,9875.0,0.0,100,469.75,371.0,0,0.0,0.0,,0.0,0,0.0,0.0,,0.0,bidTooLow
2022-01-12,16316.0,10002.0,0.0,100,471.02,371.0,0,0.0,0.0,,0.0,0,0.0,0.0,,0.0,bidTooLow
2022-01-13,16316.0,9353.0,0.0,100,464.53,371.0,0,0.0,0.0,,0.0,0,0.0,0.0,,0.0,bidTooLow
2022-01-14,16316.0,9372.0,0.0,100,464.72,371.0,0,0.0,0.0,,0.0,0,0.0,0.0,,0.0,bidTooLow
2022-01-18,16316.0,8549.0,0.0,100,456.49,371.0,0,0.0,0.0,,0.0,0,0.0,0.0,,0.0,bidTooLow
2022-01-19,16316.0,8075.0,0.0,100,451.75,371.0,0,0.0,0.0,,0.0,0,0.0,0.0,,0.0,bidTooLow
2022-01-20,16316.0,7575.0,0.0,100,446.75,371.0,0,0.0,0.0,,0.0,0,0.0,0.0,,0.0,bidTooLow
2022-01-21,16316.0,6698.0,0.0,100,437.98,371.0,0,0.0,0.0,,0.0,0,0.0,0.0,,0.0,bidTooLow
2022-01-24,16316.0,6884.0,0.0,100,439.84,371.0,0,0.0,0.0,,0.0,0,0.0,0.0,,0.0,bidTooLow
2022-01-25,16316.0,6347.0,0.0,100,434.47,371.0,0,0.0,0.0,,0.0,0,0.0,0.0,,0.0,bidTooLow
2022-01-26,16316.0,6238.0,0.0,100,433.38,371.0,0,0.0,0.0,,0.0,0,0.0,0.0,,0.0,bidTooLow
2022-01-27,16316.0,6024.0,0.0,100,431.24,371.0,0,0.0,0.0,,0.0,0,0.0,0.0,,0.0,bidTooLow
2022-01-28,16316.0,7095.0,0.0,100,441.95,371.0,0,0.0,0.0,,0.0,0,0.0,0.0,,0.0,bidTooLow
2022-01-31,16316.0,7891.0,0.0,100,449.91,371.0,0,0.0,0.0,,0.0,0,0.0,0.0,,0.0,bidTooLow
2022-02-01,16316.0,8195.0,0.0,100,452.95,371.0,0,0.0,0.0,,0.0,0,0.0,0.0,,0.0,bidTooLow
2022-02-02,16316.0,8635.0,0.0,100,457.35,371.0,0,0.0,0.0,,0.0,0,0.0,0.0,,0.0,bidTooLow
2022-02-03,16316.0,7560.0,0.0,100,446.6,371.0,0,0.0,0.0,,0.0,0,0.0,0.0,,0.0,bidTooLow
2022-02-04,16316.0,7770.0,0.0,100,448.7,371.0,0,0.0,0.0,,0.0,0,0.0,0.0,,0.0,bidTooLow
2022-02-07,16316.0,7626.0,0.0,100,447.26,371.0,0,0.0,0.0,,0.0,0,0.0,0.0,,0.0,bidTooLow
2022-02-08,16316.0,7994.0,0.0,100,450.94,371.0,0,0.0,0.0,,0.0,0,0.0,0.0,,0.0,bidTooLow
2022-02-09,16316.0,8654.0,0.0,100,457.54,371.0,0,0.0,0.0,,0.0,0,0.0,0.0,,0.0,bidTooLow
2022-02-10,16316.0,7832.0,0.0,100,449.32,371.0,0,0.0,0.0,,0.0,0,0.0,0.0,,0.0,bidTooLow
2022-02-11,16316.0,6946.0,0.0,100,440.46,371.0,0,0.0,0.0,,0.0,0,0.0,0.0,,0.0,bidTooLow
2022-02-14,16316.0,6802.0,0.0,100,439.02,371.0,0,0.0,0.0,,0.0,0,0.0,0.0,,0.0,bidTooLow
2022-02-15,16316.0,7510.0,0.0,100,446.1,371.0,0,0.0,0.0,,0.0,0,0.0,0.0,,0.0,bidTooLow
2022-02-16,16316.0,7560.0,0.0,100,446.6,371.0,0,0.0,0.0,,0.0,0,0.0,0.0,,0.0,bidTooLow
2022-02-17,16316.0,6606.0,0.0,100,437.06,371.0,0,0.0,0.0,,0.0,0,0.0,0.0,,0.0,bidTooLow
2022-02-18,16316.0,6323.0,0.0,100,434.23,371.0,0,0.0,0.0,,0.0,0,0.0,0.0,,0.0,bidTooLow
2022-02-22,16316.0,5857.0,0.0,100,429.57,371.0,0,0.0,0.0,,0.0,0,0.0,0.0,,0.0,bidTooLow
2022-02-23,16316.0,5095.0,0.0,100,421.95,371.0,0,0.0,0.0,,0.0,0,0.0,0.0,,0.0,bidTooLow
2022-02-24,16316.0,5730.0,0.0,100,428.3,371.0,0,0.0,0.0,,0.0,0,0.0,0.0,,0.0,bidTooLow
2022-02-25,16316.0,6675.0,0.0,100,437.75,371.0,0,0.0,0.0,,0.0,0,0.0,0.0,,0.0,bidTooLow
2022-02-28,16316.0,6563.0,0.0,100,436.63,371.0,0,0.0,0.0,,0.0,0,0.0,0.0,,0.0,bidTooLow
2022-03-01,16316.0,5898.0,0.0,100,429.98,371.0,0,0.0,0.0,,0.0,0,0.0,0.0,,0.0,bidTooLow
2022-03-02,16316.0,6689.0,0.0,100,437.89,371.0,0,0.0,0.0,,0.0,0,0.0,0.0,,0.0,bidTooLow
2022-03-03,16316.0,6471.0,0.0,100,435.71,371.0,0,0.0,0.0,,0.0,0,0.0,0.0,,0.0,bidTooLow
2022-03-04,16316.0,6117.0,0.0,100,432.17,371.0,0,0.0,0.0,,0.0,0,0.0,0.0,,0.0,bidTooLow
2022-03-07,16316.0,4843.0,0.0,100,419.43,371.0,0,0.0,0.0,,0.0,0,0.0,0.0,,0.0,bidTooLow
2022-03-08,16316.0,4525.0,0.0,100,416.25,371.0,0,0.0,0.0,,0.0,0,0.0,0.0,,0.0,bidTooLow
2022-03-09,16316.0,5641.0,0.0,100,427.41,371.0,0,0.0,0.0,,0.0,0,0.0,0.0,,0.0,bidTooLow
2022-03-10,16316.0,5448.0,0.0,100,425.48,371.0,0,0.0,0.0,,0.0,0,0.0,0.0,,0.0,bidTooLow
2022-03-11,16316.0,4907.0,0.0,100,420.07,371.0,0,0.0,0.0,,0.0,0,0.0,0.0,,0.0,bidTooLow
2022-03-14,16316.0,4600.0,0.0,100,417.0,371.0,0,0.0,0.0,,0.0,0,0.0,0.0,,0.0,bidTooLow
2022-03-15,16316.0,5517.0,0.0,100,426.17,371.0,0,0.0,0.0,,0.0,0,0.0,0.0,,0.0,bidTooLow
2022-03-16,16316.0,6459.0,0.0,100,435.62,371.0,0,0.0,0.0,,0.0,1,0.01,0.04,SPY220318C00454000,454.0,normalDay
2022-03-17,16316.0,7005.0,0.0,100,441.07,371.0,0,0.0,0.0,,0.0,1,0.01,0.03,SPY220318C00454000,454.0,normalDay
2022-03-18,16317.0,7352.0,1.0,100,444.52,371.0,0,0.0,0.0,,0.0,1,0.01,0.0,SPY220318C00454000,454.0,expirationDay
2022-03-21,16317.0,7336.0,0.0,100,444.39,371.0,0,0.0,0.0,,0.0,1,0.01,0.04,SPY220323C00457000,457.0,normalDay
2022-03-22,16317.0,7854.0,0.0,100,449.59,371.0,0,0.0,0.0,,0.0,1,0.01,0.06,SPY220323C00457000,457.0,normalDay
2022-03-23,16318.0,7280.0,1.0,100,443.8,371.0,0,0.0,0.0,,0.0,1,0.01,0.0,SPY220323C00457000,457.0,expirationDay
2022-03-24,16318.0,7949.0,0.0,100,450.49,371.0,0,0.0,0.0,,0.0,0,0.0,0.0,,0.0,bidTooLow
2022-03-25,16318.0,8169.0,0.0,100,452.69,371.0,0,0.0,0.0,,0.0,0,0.0,0.0,,0.0,bidTooLow
2022-03-28,16318.0,8491.0,0.0,100,455.91,371.0,0,0.0,0.0,,0.0,0,0.0,0.0,,0.0,bidTooLow
2022-03-29,16318.0,9055.0,0.0,100,461.55,371.0,0,0.0,0.0,,0.0,0,0.0,0.0,,0.0,bidTooLow
2022-03-30,16318.0,8770.0,0.0,100,458.7,371.0,0,0.0,0.0,,0.0,0,0.0,0.0,,0.0,bidTooLow
2022-03-31,16318.0,8064.0,0.0,100,451.64,371.0,0,0.0,0.0,,0.0,0,0.0,0.0,,0.0,bidTooLow
2022-04-01,16318.0,8192.0,0.0,100,452.92,371.0,0,0.0,0.0,,0.0,0,0.0,0.0,,0.0,bidTooLow
2022-04-04,16318.0,8580.0,0.0,100,456.8,371.0,0,0.0,0.0,,0.0,0,0.0,0.0,,0.0,bidTooLow
2022-04-05,16318.0,8003.0,0.0,100,451.03,371.0,0,0.0,0.0,,0.0,0,0.0,0.0,,0.0,bidTooLow
2022-04-06,16318.0,7552.0,0.0,100,446.52,371.0,0,0.0,0.0,,0.0,0,0.0,0.0,,0.0,bidTooLow
2022-04-07,16318.0,7777.0,0.0,100,448.77,371.0,0,0.0,0.0,,0.0,0,0.0,0.0,,0.0,bidTooLow
2022-04-08,16318.0,7657.0,0.0,100,447.57,371.0,0,0.0,0.0,,0.0,0,0.0,0.0,,0.0,bidTooLow
2022-04-11,16318.0,6892.0,0.0,100,439.92,371.0,0,0.0,0.0,,0.0,0,0.0,0.0,,0.0,bidTooLow
2022-04-12,16318.0,6729.0,0.0,100,438.29,371.0,0,0.0,0.0,,0.0,0,0.0,0.0,,0.0,bidTooLow
2022-04-13,16318.0,7231.0,0.0,100,443.31,371.0,0,0.0,0.0,,0.0,0,0.0,0.0,,0.0,bidTooLow
2022-04-14,16318.0,6679.0,0.0,100,437.79,371.0,0,0.0,0.0,,0.0,0,0.0,0.0,,0.0,bidTooLow
2022-04-18,16318.0,6697.0,0.0,100,437.97,371.0,0,0.0,0.0,,0.0,0,0.0,0.0,,0.0,bidTooLow
2022-04-19,16318.0,7404.0,0.0,100,445.04,371.0,0,0.0,0.0,,0.0,0,0.0,0.0,,0.0,bidTooLow
2022-04-20,16318.0,7371.0,0.0,100,444.71,371.0,0,0.0,0.0,,0.0,0,0.0,0.0,,0.0,bidTooLow
2022-04-21,16318.0,6706.0,0.0,100,438.06,371.0,0,0.0,0.0,,0.0,0,0.0,0.0,,0.0,bidTooLow
2022-04-22,16318.0,5504.0,0.0,100,426.04,371.0,0,0.0,0.0,,0.0,0,0.0,0.0,,0.0,bidTooLow
2022-04-25,16318.0,5751.0,0.0,100,428.51,371.0,0,0.0,0.0,,0.0,0,0.0,0.0,,0.0,bidTooLow
2022-04-26,16318.0,4510.0,0.0,100,416.1,371.0,0,0.0,0.0,,0.0,0,0.0,0.0,,0.0,bidTooLow
2022-04-27,16318.0,4627.0,0.0,100,417.27,371.0,0,0.0,0.0,,0.0,0,0.0,0.0,,0.0,bidTooLow
2022-04-28,16318.0,5681.0,0.0,100,427.81,371.0,0,0.0,0.0,,0.0,0,0.0,0.0,,0.0,bidTooLow
2022-04-29,16318.0,4100.0,0.0,100,412.0,371.0,0,0.0,0.0,,0.0,0,0.0,0.0,,0.0,bidTooLow
2022-05-02,16318.0,4348.0,0.0,100,414.48,371.0,0,0.0,0.0,,0.0,0,0.0,0.0,,0.0,bidTooLow
2022-05-03,16318.0,4538.0,0.0,100,416.38,371.0,0,0.0,0.0,,0.0,0,0.0,0.0,,0.0,bidTooLow
2022-05-04,16318.0,5806.0,0.0,100,429.06,371.0,0,0.0,0.0,,0.0,0,0.0,0.0,,0.0,bidTooLow
2022-05-05,16318.0,4281.0,0.0,100,413.81,371.0,0,0.0,0.0,,0.0,0,0.0,0.0,,0.0,bidTooLow
2022-05-06,16318.0,4034.0,0.0,100,411.34,371.0,0,0.0,0.0,,0.0,0,0.0,0.0,,0.0,bidTooLow
2022-05-09,16318.0,2717.0,0.0,100,398.17,371.0,0,0.0,0.0,,0.0,0,0.0,0.0,,0.0,bidTooLow
2022-05-10,16318.0,2809.0,0.0,100,399.09,371.0,0,0.0,0.0,,0.0,0,0.0,0.0,,0.0,bidTooLow
2022-05-11,16318.0,2175.0,0.0,100,392.75,371.0,0,0.0,0.0,,0.0,0,0.0,0.0,,0.0,bidTooLow
2022-05-12,16318.0,2134.0,0.0,100,392.34,371.0,0,0.0,0.0,,0.0,0,0.0,0.0,,0.0,bidTooLow
2022-05-13,16318.0,3072.0,0.0,100,401.72,371.0,0,0.0,0.0,,0.0,0,0.0,0.0,,0.0,bidTooLow
2022-05-16,16318.0,2909.0,0.0,100,400.09,371.0,0,0.0,0.0,,0.0,0,0.0,0.0,,0.0,bidTooLow
2022-05-17,16318.0,3732.0,0.0,100,408.32,371.0,0,0.0,0.0,,0.0,0,0.0,0.0,,0.0,bidTooLow
2022-05-18,16318.0,2086.0,0.0,100,391.86,371.0,0,0.0,0.0,,0.0,0,0.0,0.0,,0.0,bidTooLow
2022-05-19,16318.0,1846.0,0.0,100,389.46,371.0,0,0.0,0.0,,0.0,0,0.0,0.0,,0.0,bidTooLow
2022-05-20,16318.0,1863.0,0.0,100,389.63,371.0,0,0.0,0.0,,0.0,0,0.0,0.0,,0.0,bidTooLow
2022-05-23,16318.0,2592.0,0.0,100,396.92,371.0,0,0.0,0.0,,0.0,0,0.0,0.0,,0.0,bidTooLow
2022-05-24,16318.0,2289.0,0.0,100,393.89,371.0,0,0.0,0.0,,0.0,0,0.0,0.0,,0.0,bidTooLow
2022-05-25,16318.0,2637.0,0.0,100,397.37,371.0,0,0.0,0.0,,0.0,0,0.0,0.0,,0.0,bidTooLow
2022-05-26,16318.0,3431.0,0.0,100,405.31,371.0,0,0.0,0.0,,0.0,0,0.0,0.0,,0.0,bidTooLow
2022-05-27,16318.0,4426.0,0.0,100,415.26,371.0,0,0.0,0.0,,0.0,0,0.0,0.0,,0.0,bidTooLow
2022-05-31,16318.0,4190.0,0.0,100,412.93,371.0,0,0.0,0.0,,0.0,1,0.01,0.04,SPY220603C00435000,435.0,normalDay
2022-06-01,16318.0,3858.0,0.0,100,409.59,371.0,0,0.0,0.0,,0.0,1,0.01,0.02,SPY220603C00435000,435.0,normalDay
2022-06-02,16318.0,4639.0,0.0,100,417.39,371.0,0,0.0,0.0,,0.0,1,0.01,0.01,SPY220603C00435000,435.0,normalDay
2022-06-03,16319.0,3954.0,1.0,100,410.54,371.0,0,0.0,0.0,,0.0,1,0.01,0.0,SPY220603C00435000,435.0,expirationDay
2022-06-06,16319.0,4079.0,0.0,100,411.79,371.0,0,0.0,0.0,,0.0,0,0.0,0.0,,0.0,bidTooLow
2022-06-07,16319.0,4471.0,0.0,100,415.74,371.0,0,0.0,0.0,,0.0,1,0.07,0.1,SPY220610C00431000,431.0,normalDay
2022-06-08,16319.0,4026.0,0.0,100,411.22,371.0,0,0.0,0.0,,0.0,1,0.07,0.03,SPY220610C00431000,431.0,normalDay
2022-06-09,16319.0,3050.0,0.0,100,401.44,371.0,0,0.0,0.0,,0.0,1,0.07,0.01,SPY220610C00431000,431.0,normalDay
2022-06-10,16326.0,1880.0,7.0,100,389.8,371.0,0,0.0,0.0,,0.0,1,0.07,0.0,SPY220610C00431000,431.0,expirationDay
2022-06-13,16326.0,400.0,0.0,100,375.0,371.0,0,0.0,0.0,,0.0,0,0.0,0.0,,0.0,bidTooLow
2022-06-14,16326.0,287.0,0.0,100,373.87,371.0,0,0.0,0.0,,0.0,0,0.0,0.0,,0.0,bidTooLow
2022-06-15,16326.0,820.0,0.0,100,379.2,371.0,0,0.0,0.0,,0.0,0,0.0,0.0,,0.0,bidTooLow
2022-06-16,16326.0,-435.0,0.0,100,366.65,371.0,0,0.0,0.0,,0.0,0,0.0,0.0,,0.0,bidTooLow
2022-06-17,16326.0,-514.0,0.0,100,365.86,371.0,0,0.0,0.0,,0.0,0,0.0,0.0,,0.0,bidTooLow
2022-06-21,16326.0,407.0,0.0,100,375.07,371.0,0,0.0,0.0,,0.0,0,0.0,0.0,,0.0,bidTooLow
2022-06-22,16326.0,339.0,0.0,100,374.39,371.0,0,0.0,0.0,,0.0,0,0.0,0.0,,0.0,bidTooLow
2022-06-23,16326.0,706.0,0.0,100,378.06,371.0,0,0.0,0.0,,0.0,0,0.0,0.0,,0.0,bidTooLow
2022-06-24,16326.0,1908.0,0.0,100,390.08,371.0,0,0.0,0.0,,0.0,0,0.0,0.0,,0.0,bidTooLow
2022-06-27,16326.0,1759.0,0.0,100,388.59,371.0,0,0.0,0.0,,0.0,0,0.0,0.0,,0.0,bidTooLow
2022-06-28,16326.0,965.0,0.0,100,380.65,371.0,0,0.0,0.0,,0.0,0,0.0,0.0,,0.0,bidTooLow
2022-06-29,16326.0,934.0,0.0,100,380.34,371.0,0,0.0,0.0,,0.0,0,0.0,0.0,,0.0,bidTooLow
2022-06-30,16326.0,625.0,0.0,100,377.25,371.0,0,0.0,0.0,,0.0,0,0.0,0.0,,0.0,bidTooLow
2022-07-01,16326.0,1024.0,0.0,100,381.24,371.0,0,0.0,0.0,,0.0,0,0.0,0.0,,0.0,bidTooLow
2022-07-05,16326.0,1096.0,0.0,100,381.96,371.0,0,0.0,0.0,,0.0,0,0.0,0.0,,0.0,bidTooLow
2022-07-06,16326.0,1225.0,0.0,100,383.25,371.0,0,0.0,0.0,,0.0,0,0.0,0.0,,0.0,bidTooLow
2022-07-07,16326.0,1799.0,0.0,100,388.99,371.0,0,0.0,0.0,,0.0,0,0.0,0.0,,0.0,bidTooLow
2022-07-08,16326.0,1767.0,0.0,100,388.67,371.0,0,0.0,0.0,,0.0,0,0.0,0.0,,0.0,bidTooLow
2022-07-11,16326.0,1323.0,0.0,100,384.23,371.0,0,0.0,0.0,,0.0,0,0.0,0.0,,0.0,bidTooLow
2022-07-12,16326.0,980.0,0.0,100,380.83,371.0,0,0.0,0.0,,0.0,1,0.08,0.11,SPY220715C00400000,400.0,normalDay
2022-07-13,16326.0,789.0,0.0,100,378.83,371.0,0,0.0,0.0,,0.0,1,0.08,0.02,SPY220715C00400000,400.0,normalDay
2022-07-14,16326.0,698.0,0.0,100,377.91,371.0,0,0.0,0.0,,0.0,1,0.08,0.01,SPY220715C00400000,400.0,normalDay
2022-07-15,16334.0,1413.0,8.0,100,385.13,371.0,0,0.0,0.0,,0.0,1,0.08,0.0,SPY220715C00400000,400.0,expirationDay
2022-07-18,16334.0,1095.0,0.0,100,381.95,371.0,0,0.0,0.0,,0.0,0,0.0,0.0,,0.0,bidTooLow
2022-07-19,16334.0,2124.0,0.0,100,392.27,371.0,0,0.0,0.0,,0.0,1,1.24,1.27,SPY220722C00398000,398.0,normalDay
2022-07-20,16334.0,2349.0,0.0,100,394.77,371.0,0,0.0,0.0,,0.0,1,1.24,1.52,SPY220722C00398000,398.0,normalDay
2022-07-21,16334.0,2697.0,0.0,100,398.79,371.0,0,0.0,0.0,,0.0,1,1.24,2.06,SPY220722C00398000,398.0,normalDay
2022-07-22,16458.0,2409.0,124.0,100,395.09,371.0,0,0.0,0.0,,0.0,1,1.24,0.0,SPY220722C00398000,398.0,expirationDay
2022-07-25,16458.0,2454.0,0.0,100,395.57,371.0,0,0.0,0.0,,0.0,1,0.27,0.3,SPY220727C00406000,406.0,normalDay
2022-07-26,16458.0,2014.0,0.0,100,390.89,371.0,0,0.0,0.0,,0.0,1,0.27,0.02,SPY220727C00406000,406.0,normalDay
2022-07-27,16485.0,3004.0,27.0,100,401.04,371.0,0,0.0,0.0,,0.0,1,0.27,0.0,SPY220727C00406000,406.0,expirationDay
2022-07-28,16485.0,3504.0,0.0,100,406.07,371.0,0,0.0,0.0,,0.0,1,0.2,0.23,SPY220729C00413000,413.0,normalDay
2022-07-29,16505.0,4099.0,20.0,100,411.99,371.0,0,0.0,0.0,,0.0,1,0.2,0.0,SPY220729C00413000,413.0,expirationDay
2022-08-01,16505.0,3974.0,0.0,100,410.77,371.0,0,0.0,0.0,,0.0,1,0.06,0.09,SPY220803C00422000,422.0,normalDay
2022-08-02,16505.0,3710.0,0.0,100,408.06,371.0,0,0.0,0.0,,0.0,1,0.06,0.02,SPY220803C00422000,422.0,normalDay
2022-08-03,16511.0,4345.0,6.0,100,414.45,371.0,0,0.0,0.0,,0.0,1,0.06,0.0,SPY220803C00422000,422.0,expirationDay
2022-08-04,16511.0,4317.0,0.0,100,414.17,371.0,0,0.0,0.0,,0.0,0,0.0,0.0,,0.0,bidTooLow
2022-08-05,16511.0,4247.0,0.0,100,413.47,371.0,0,0.0,0.0,,0.0,0,0.0,0.0,,0.0,bidTooLow
2022-08-08,16511.0,4199.0,0.0,100,412.99,371.0,0,0.0,0.0,,0.0,0,0.0,0.0,,0.0,bidTooLow
2022-08-09,16511.0,4035.0,0.0,100,411.35,371.0,0,0.0,0.0,,0.0,0,0.0,0.0,,0.0,bidTooLow
2022-08-10,16511.0,4899.0,0.0,100,419.99,371.0,0,0.0,0.0,,0.0,0,0.0,0.0,,0.0,bidTooLow
2022-08-11,16511.0,4899.0,0.0,100,419.99,371.0,0,0.0,0.0,,0.0,0,0.0,0.0,,0.0,bidTooLow
2022-08-12,16511.0,5610.0,0.0,100,427.1,371.0,0,0.0,0.0,,0.0,0,0.0,0.0,,0.0,bidTooLow
2022-08-15,16511.0,5786.0,0.0,100,428.86,371.0,0,0.0,0.0,,0.0,0,0.0,0.0,,0.0,bidTooLow
2022-08-16,16511.0,5867.0,0.0,100,429.7,371.0,0,0.0,0.0,,0.0,1,0.01,0.04,SPY220819C00445000,445.0,normalDay
2022-08-17,16511.0,5564.0,0.0,100,426.65,371.0,0,0.0,0.0,,0.0,1,0.01,0.02,SPY220819C00445000,445.0,normalDay
2022-08-18,16511.0,5689.0,0.0,100,427.89,371.0,0,0.0,0.0,,0.0,1,0.01,0.01,SPY220819C00445000,445.0,normalDay
2022-08-19,16512.0,5114.0,1.0,100,422.14,371.0,0,0.0,0.0,,0.0,1,0.01,0.0,SPY220819C00445000,445.0,expirationDay
2022-08-22,16512.0,4235.0,0.0,100,413.35,371.0,0,0.0,0.0,,0.0,0,0.0,0.0,,0.0,bidTooLow
2022-08-23,16512.0,4135.0,0.0,100,412.35,371.0,0,0.0,0.0,,0.0,0,0.0,0.0,,0.0,bidTooLow
2022-08-24,16512.0,4267.0,0.0,100,413.67,371.0,0,0.0,0.0,,0.0,0,0.0,0.0,,0.0,bidTooLow
2022-08-25,16512.0,4851.0,0.0,100,419.51,371.0,0,0.0,0.0,,0.0,0,0.0,0.0,,0.0,bidTooLow
2022-08-26,16512.0,3431.0,0.0,100,405.31,371.0,0,0.0,0.0,,0.0,0,0.0,0.0,,0.0,bidTooLow
2022-08-29,16512.0,3163.0,0.0,100,402.63,371.0,0,0.0,0.0,,0.0,0,0.0,0.0,,0.0,bidTooLow
2022-08-30,16512.0,2721.0,0.0,100,398.21,371.0,0,0.0,0.0,,0.0,0,0.0,0.0,,0.0,bidTooLow
2022-08-31,16512.0,2418.0,0.0,100,395.18,371.0,0,0.0,0.0,,0.0,0,0.0,0.0,,0.0,bidTooLow
2022-09-01,16512.0,2542.0,0.0,100,396.42,371.0,0,0.0,0.0,,0.0,0,0.0,0.0,,0.0,bidTooLow
2022-09-02,16512.0,2124.0,0.0,100,392.24,371.0,0,0.0,0.0,,0.0,0,0.0,0.0,,0.0,bidTooLow
2022-09-06,16512.0,1976.0,0.0,100,390.76,371.0,0,0.0,0.0,,0.0,0,0.0,0.0,,0.0,bidTooLow
2022-09-07,16512.0,2678.0,0.0,100,397.78,371.0,0,0.0,0.0,,0.0,0,0.0,0.0,,0.0,bidTooLow
2022-09-08,16512.0,2938.0,0.0,100,400.38,371.0,0,0.0,0.0,,0.0,0,0.0,0.0,,0.0,bidTooLow
2022-09-09,16512.0,3560.0,0.0,100,406.6,371.0,0,0.0,0.0,,0.0,0,0.0,0.0,,0.0,bidTooLow
2022-09-12,16512.0,3997.0,0.0,100,410.97,371.0,0,0.0,0.0,,0.0,0,0.0,0.0,,0.0,bidTooLow
2022-09-13,16512.0,2210.0,0.0,100,393.1,371.0,0,0.0,0.0,,0.0,0,0.0,0.0,,0.0,bidTooLow
2022-09-14,16512.0,2360.0,0.0,100,394.6,371.0,0,0.0,0.0,,0.0,0,0.0,0.0,,0.0,bidTooLow
2022-09-15,16512.0,1912.0,0.0,100,390.12,371.0,0,0.0,0.0,,0.0,0,0.0,0.0,,0.0,bidTooLow
2022-09-16,16512.0,1456.0,0.0,100,385.56,371.0,0,0.0,0.0,,0.0,0,0.0,0.0,,0.0,bidTooLow
2022-09-19,16512.0,1755.0,0.0,100,388.55,371.0,0,0.0,0.0,,0.0,0,0.0,0.0,,0.0,bidTooLow
2022-09-20,16512.0,1309.0,0.0,100,384.09,371.0,0,0.0,0.0,,0.0,0,0.0,0.0,,0.0,bidTooLow
2022-09-21,16512.0,639.0,0.0,100,377.39,371.0,0,0.0,0.0,,0.0,0,0.0,0.0,,0.0,bidTooLow
2022-09-22,16512.0,322.0,0.0,100,374.22,371.0,0,0.0,0.0,,0.0,0,0.0,0.0,,0.0,bidTooLow
2022-09-23,16512.0,-305.0,0.0,100,367.95,371.0,0,0.0,0.0,,0.0,0,0.0,0.0,,0.0,bidTooLow
2022-09-26,16512.0,-669.0,0.0,100,364.31,371.0,0,0.0,0.0,,0.0,0,0.0,0.0,,0.0,bidTooLow
2022-09-27,16512.0,-762.0,0.0,100,363.38,371.0,0,0.0,0.0,,0.0,0,0.0,0.0,,0.0,bidTooLow
2022-09-28,16512.0,-47.0,0.0,100,370.53,371.0,0,0.0,0.0,,0.0,0,0.0,0.0,,0.0,bidTooLow
2022-09-29,16512.0,-821.0,0.0,100,362.79,371.0,0,0.0,0.0,,0.0,0,0.0,0.0,,0.0,bidTooLow
2022-09-30,16512.0,-1382.0,0.0,100,357.18,371.0,0,0.0,0.0,,0.0,0,0.0,0.0,,0.0,bidTooLow
2022-10-03,16512.0,-439.0,0.0,100,366.61,371.0,0,0.0,0.0,,0.0,0,0.0,0.0,,0.0,bidTooLow
2022-10-04,16512.0,697.0,0.0,100,377.97,371.0,0,0.0,0.0,,0.0,0,0.0,0.0,,0.0,bidTooLow
2022-10-05,16512.0,609.0,0.0,100,377.09,371.0,0,0.0,0.0,,0.0,0,0.0,0.0,,0.0,bidTooLow
2022-10-06,16512.0,220.0,0.0,100,373.2,371.0,0,0.0,0.0,,0.0,0,0.0,0.0,,0.0,bidTooLow
2022-10-07,16512.0,-821.0,0.0,100,362.79,371.0,0,0.0,0.0,,0.0,0,0.0,0.0,,0.0,bidTooLow
2022-10-10,16512.0,-1098.0,0.0,100,360.02,371.0,0,0.0,0.0,,0.0,0,0.0,0.0,,0.0,bidTooLow
2022-10-11,16512.0,-1326.0,0.0,100,357.74,371.0,0,0.0,0.0,,0.0,0,0.0,0.0,,0.0,bidTooLow
2022-10-12,16512.0,-1444.0,0.0,100,356.56,371.0,0,0.0,0.0,,0.0,0,0.0,0.0,,0.0,bidTooLow
2022-10-13,16512.0,-503.0,0.0,100,365.97,371.0,0,0.0,0.0,,0.0,0,0.0,0.0,,0.0,bidTooLow
2022-10-14,16512.0,-1337.0,0.0,100,357.63,371.0,0,0.0,0.0,,0.0,0,0.0,0.0,,0.0,bidTooLow
2022-10-17,16512.0,-418.0,0.0,100,366.82,371.0,0,0.0,0.0,,0.0,0,0.0,0.0,,0.0,bidTooLow
2022-10-18,16512.0,10.0,0.0,100,371.13,371.0,0,0.0,0.0,,0.0,1,0.24,0.27,SPY221021C00388000,388.0,normalDay
2022-10-19,16512.0,-231.0,0.0,100,368.5,371.0,0,0.0,0.0,,0.0,1,0.24,0.05,SPY221021C00388000,388.0,normalDay
2022-10-20,16512.0,-537.0,0.0,100,365.41,371.0,0,0.0,0.0,,0.0,1,0.24,0.02,SPY221021C00388000,388.0,normalDay
2022-10-21,16536.0,329.0,24.0,100,374.29,371.0,0,0.0,0.0,,0.0,1,0.24,0.0,SPY221021C00388000,388.0,expirationDay
2022-10-24,16536.0,784.0,0.0,100,378.87,371.0,0,0.0,0.0,,0.0,1,0.57,0.6,SPY221026C00388000,388.0,normalDay
2022-10-25,16536.0,1390.0,0.0,100,384.92,371.0,0,0.0,0.0,,0.0,1,0.57,0.59,SPY221026C00388000,388.0,normalDay
2022-10-26,16593.0,1102.0,57.0,100,382.02,371.0,0,0.0,0.0,,0.0,1,0.57,0.0,SPY221026C00388000,388.0,expirationDay
2022-10-27,16593.0,898.0,0.0,100,379.98,371.0,0,0.0,0.0,,0.0,0,0.0,0.0,,0.0,bidTooLow
2022-10-28,16593.0,1799.0,0.0,100,389.02,371.0,0,0.0,0.0,,0.0,1,0.05,0.08,SPY221031C00399000,399.0,normalDay
2022-10-31,16598.0,1521.0,5.0,100,386.21,371.0,0,0.0,0.0,,0.0,1,0.05,0.0,SPY221031C00399000,399.0,expirationDay
2022-11-01,16598.0,1349.0,0.0,100,384.52,371.0,0,0.0,0.0,,0.0,1,0.29,0.32,SPY221104C00403000,403.0,normalDay
2022-11-02,16598.0,413.0,0.0,100,374.87,371.0,0,0.0,0.0,,0.0,1,0.29,0.03,SPY221104C00403000,403.0,normalDay
2022-11-03,16598.0,29.0,0.0,100,371.01,371.0,0,0.0,0.0,,0.0,1,0.29,0.01,SPY221104C00403000,403.0,normalDay
2022-11-04,16627.0,535.0,29.0,100,376.35,371.0,0,0.0,0.0,,0.0,1,0.29,0.0,SPY221104C00403000,403.0,expirationDay
2022-11-07,16627.0,895.0,0.0,100,379.95,371.0,0,0.0,0.0,,0.0,0,0.0,0.0,,0.0,bidTooLow
2022-11-08,16627.0,1097.0,0.0,100,382.0,371.0,0,0.0,0.0,,0.0,1,0.14,0.17,SPY221111C00403000,403.0,normalDay
2022-11-09,16627.0,325.0,0.0,100,374.13,371.0,0,0.0,0.0,,0.0,1,0.14,0.02,SPY221111C00403000,403.0,normalDay
2022-11-10,16627.0,2365.0,0.0,100,394.69,371.0,0,0.0,0.0,,0.0,1,0.14,0.18,SPY221111C00403000,403.0,normalDay
2022-11-11,16641.0,2751.0,14.0,100,398.51,371.0,0,0.0,0.0,,0.0,1,0.14,0.0,SPY221111C00403000,403.0,expirationDay
2022-11-14,16641.0,2409.0,0.0,100,395.12,371.0,0,0.0,0.0,,0.0,1,0.09,0.12,SPY221116C00408000,408.0,normalDay
2022-11-15,16641.0,2749.0,0.0,100,398.49,371.0,0,0.0,0.0,,0.0,1,0.09,0.09,SPY221116C00408000,408.0,normalDay
2022-11-16,16650.0,2445.0,9.0,100,395.45,371.0,0,0.0,0.0,,0.0,1,0.09,0.0,SPY221116C00408000,408.0,expirationDay
2022-11-17,16650.0,2324.0,0.0,100,394.24,371.0,0,0.0,0.0,,0.0,0,0.0,0.0,,0.0,bidTooLow
2022-11-18,16650.0,2503.0,0.0,100,396.03,371.0,0,0.0,0.0,,0.0,0,0.0,0.0,,0.0,bidTooLow
2022-11-21,16650.0,2359.0,0.0,100,394.59,371.0,0,0.0,0.0,,0.0,0,0.0,0.0,,0.0,bidTooLow
2022-11-22,16650.0,2890.0,0.0,100,399.9,371.0,0,0.0,0.0,,0.0,0,0.0,0.0,,0.0,bidTooLow
2022-11-23,16650.0,3142.0,0.0,100,402.42,371.0,0,0.0,0.0,,0.0,0,0.0,0.0,,0.0,bidTooLow
2022-11-25,16650.0,3133.0,0.0,100,402.33,371.0,0,0.0,0.0,,0.0,0,0.0,0.0,,0.0,bidTooLow
2022-11-28,16650.0,2491.0,0.0,100,395.91,371.0,0,0.0,0.0,,0.0,0,0.0,0.0,,0.0,bidTooLow
2022-11-29,16650.0,2423.0,0.0,100,395.23,371.0,0,0.0,0.0,,0.0,0,0.0,0.0,,0.0,bidTooLow
2022-11-30,16650.0,3665.0,0.0,100,407.68,371.0,0,0.0,0.0,,0.0,1,0.01,0.04,SPY221202C00424000,424.0,normalDay
2022-12-01,16650.0,3637.0,0.0,100,407.38,371.0,0,0.0,0.0,,0.0,1,0.01,0.02,SPY221202C00424000,424.0,normalDay
2022-12-02,16651.0,3591.0,1.0,100,406.91,371.0,0,0.0,0.0,,0.0,1,0.01,0.0,SPY221202C00424000,424.0,expirationDay
2022-12-05,16651.0,2859.0,0.0,100,399.59,371.0,0,0.0,0.0,,0.0,0,0.0,0.0,,0.0,bidTooLow
2022-12-06,16651.0,2283.0,0.0,100,393.83,371.0,0,0.0,0.0,,0.0,0,0.0,0.0,,0.0,bidTooLow
2022-12-07,16651.0,2216.0,0.0,100,393.16,371.0,0,0.0,0.0,,0.0,0,0.0,0.0,,0.0,bidTooLow
2022-12-08,16651.0,2524.0,0.0,100,396.24,371.0,0,0.0,0.0,,0.0,0,0.0,0.0,,0.0,bidTooLow
2022-12-09,16651.0,2228.0,0.0,100,393.28,371.0,0,0.0,0.0,,0.0,0,0.0,0.0,,0.0,bidTooLow
2022-12-12,16651.0,2792.0,0.0,100,398.95,371.0,0,0.0,0.0,,0.0,1,1.36,1.39,SPY221215C00413000,413.0,normalDay
2022-12-13,16651.0,3143.0,0.0,100,401.97,371.0,0,0.0,0.0,,0.0,1,1.36,0.9,SPY221215C00413000,413.0,normalDay
2022-12-14,16651.0,2974.0,0.0,100,399.4,371.0,0,0.0,0.0,,0.0,1,1.36,0.02,SPY221215C00413000,413.0,normalDay
2022-12-15,16787.0,1863.0,136.0,100,389.63,371.0,0,0.0,0.0,,0.0,1,1.36,0.0,SPY221215C00413000,413.0,expirationDay
2022-12-16,16787.0,1227.0,0.0,100,383.27,371.0,0,0.0,0.0,,0.0,0,0.0,0.0,,0.0,bidTooLow
2022-12-19,16787.0,902.0,0.0,100,380.02,371.0,0,0.0,0.0,,0.0,0,0.0,0.0,,0.0,bidTooLow
2022-12-20,16787.0,954.0,0.0,100,380.54,371.0,0,0.0,0.0,,0.0,0,0.0,0.0,,0.0,bidTooLow
2022-12-21,16787.0,1523.0,0.0,100,386.23,371.0,0,0.0,0.0,,0.0,0,0.0,0.0,,0.0,bidTooLow
2022-12-22,16787.0,972.0,0.0,100,380.72,371.0,0,0.0,0.0,,0.0,0,0.0,0.0,,0.0,bidTooLow
2022-12-23,16787.0,1191.0,0.0,100,382.91,371.0,0,0.0,0.0,,0.0,0,0.0,0.0,,0.0,bidTooLow
2022-12-27,16787.0,1040.0,0.0,100,381.4,371.0,0,0.0,0.0,,0.0,0,0.0,0.0,,0.0,bidTooLow
2022-12-28,16787.0,566.0,0.0,100,376.66,371.0,0,0.0,0.0,,0.0,0,0.0,0.0,,0.0,bidTooLow
2022-12-29,16787.0,1244.0,0.0,100,383.44,371.0,0,0.0,0.0,,0.0,0,0.0,0.0,,0.0,bidTooLow
2022-12-30,16787.0,1143.0,0.0,100,382.43,371.0,0,0.0,0.0,,0.0,0,0.0,0.0,,0.0,bidTooLow
2023-01-03,16787.0,982.0,0.0,100,380.82,371.0,0,0.0,0.0,,0.0,0,0.0,0.0,,0.0,bidTooLow
2023-01-04,16787.0,1276.0,0.0,100,383.76,371.0,0,0.0,0.0,,0.0,0,0.0,0.0,,0.0,bidTooLow
2023-01-05,16787.0,838.0,0.0,100,379.38,371.0,0,0.0,0.0,,0.0,0,0.0,0.0,,0.0,bidTooLow
2023-01-06,16787.0,1708.0,0.0,100,388.08,371.0,0,0.0,0.0,,0.0,0,0.0,0.0,,0.0,bidTooLow
2023-01-09,16787.0,1683.0,0.0,100,387.86,371.0,0,0.0,0.0,,0.0,1,0.05,0.08,SPY230112C00408000,408.0,normalDay
2023-01-10,16787.0,1954.0,0.0,100,390.58,371.0,0,0.0,0.0,,0.0,1,0.05,0.09,SPY230112C00408000,408.0,normalDay
2023-01-11,16787.0,2435.0,0.0,100,395.52,371.0,0,0.0,0.0,,0.0,1,0.05,0.22,SPY230112C00408000,408.0,normalDay
2023-01-12,16792.0,2596.0,5.0,100,396.96,371.0,0,0.0,0.0,,0.0,1,0.05,0.0,SPY230112C00408000,408.0,expirationDay
2023-01-13,16792.0,2750.0,0.0,100,398.5,371.0,0,0.0,0.0,,0.0,0,0.0,0.0,,0.0,bidTooLow
2023-01-17,16792.0,2674.0,0.0,100,397.77,371.0,0,0.0,0.0,,0.0,1,0.2,0.23,SPY230120C00406000,406.0,normalDay
2023-01-18,16792.0,2066.0,0.0,100,391.49,371.0,0,0.0,0.0,,0.0,1,0.2,0.03,SPY230120C00406000,406.0,normalDay
2023-01-19,16792.0,1783.0,0.0,100,388.64,371.0,0,0.0,0.0,,0.0,1,0.2,0.01,SPY230120C00406000,406.0,normalDay
2023-01-20,16812.0,2488.0,20.0,100,395.88,371.0,0,0.0,0.0,,0.0,1,0.2,0.0,SPY230120C00406000,406.0,expirationDay
2023-01-23,16812.0,2960.0,0.0,100,400.63,371.0,0,0.0,0.0,,0.0,1,0.16,0.19,SPY230126C00410000,410.0,normalDay
2023-01-24,16812.0,2922.0,0.0,100,400.2,371.0,0,0.0,0.0,,0.0,1,0.16,0.14,SPY230126C00410000,410.0,normalDay
2023-01-25,16812.0,2949.0,0.0,100,400.35,371.0,0,0.0,0.0,,0.0,1,0.16,0.02,SPY230126C00410000,410.0,normalDay
2023-01-26,16828.0,3375.0,16.0,100,404.75,371.0,0,0.0,0.0,,0.0,1,0.16,0.0,SPY230126C00410000,410.0,expirationDay
2023-01-27,16828.0,3468.0,0.0,100,405.68,371.0,0,0.0,0.0,,0.0,0,0.0,0.0,,0.0,bidTooLow
2023-01-30,16828.0,2956.0,0.0,100,400.59,371.0,0,0.0,0.0,,0.0,1,0.13,0.16,SPY230202C00417000,417.0,normalDay
2023-01-31,16828.0,3532.0,0.0,100,406.48,371.0,0,0.0,0.0,,0.0,1,0.13,0.29,SPY230202C00417000,417.0,normalDay
2023-02-01,16828.0,3971.0,0.0,100,410.8,371.0,0,0.0,0.0,,0.0,1,0.13,0.22,SPY230202C00417000,417.0,normalDay
2023-02-02,16841.0,4578.0,13.0,100,416.78,371.0,0,0.0,0.0,,0.0,1,0.13,0.0,SPY230202C00417000,417.0,expirationDay
2023-02-03,16841.0,4135.0,0.0,100,412.35,371.0,0,0.0,0.0,,0.0,0,0.0,0.0,,0.0,bidTooLow
2023-02-06,16841.0,3880.0,0.0,100,409.83,371.0,0,0.0,0.0,,0.0,1,0.03,0.06,SPY230209C00425000,425.0,normalDay
2023-02-07,16841.0,4415.0,0.0,100,415.19,371.0,0,0.0,0.0,,0.0,1,0.03,0.07,SPY230209C00425000,425.0,normalDay
2023-02-08,16841.0,3967.0,0.0,100,410.65,371.0,0,0.0,0.0,,0.0,1,0.03,0.01,SPY230209C00425000,425.0,normalDay
2023-02-09,16844.0,3609.0,3.0,100,407.09,371.0,0,0.0,0.0,,0.0,1,0.03,0.0,SPY230209C00425000,425.0,expirationDay
2023-02-10,16844.0,3704.0,0.0,100,408.04,371.0,0,0.0,0.0,,0.0,0,0.0,0.0,,0.0,bidTooLow
2023-02-13,16844.0,4180.0,0.0,100,412.83,371.0,0,0.0,0.0,,0.0,1,0.18,0.21,SPY230216C00428000,428.0,normalDay
2023-02-14,16844.0,4180.0,0.0,100,412.64,371.0,0,0.0,0.0,,0.0,1,0.18,0.02,SPY230216C00428000,428.0,normalDay
2023-02-15,16844.0,4315.0,0.0,100,413.98,371.0,0,0.0,0.0,,0.0,1,0.18,0.01,SPY230216C00428000,428.0,normalDay
2023-02-16,16862.0,3728.0,18.0,100,408.28,371.0,0,0.0,0.0,,0.0,1,0.18,0.0,SPY230216C00428000,428.0,expirationDay
2023-02-17,16862.0,3626.0,0.0,100,407.26,371.0,0,0.0,0.0,,0.0,0,0.0,0.0,,0.0,bidTooLow
2023-02-21,16862.0,2809.0,0.0,100,399.09,371.0,0,0.0,0.0,,0.0,0,0.0,0.0,,0.0,bidTooLow
2023-02-22,16862.0,2754.0,0.0,100,398.54,371.0,0,0.0,0.0,,0.0,0,0.0,0.0,,0.0,bidTooLow
2023-02-23,16862.0,2966.0,0.0,100,400.66,371.0,0,0.0,0.0,,0.0,0,0.0,0.0,,0.0,bidTooLow
2023-02-24,16862.0,2538.0,0.0,100,396.38,371.0,0,0.0,0.0,,0.0,0,0.0,0.0,,0.0,bidTooLow
2023-02-27,16862.0,2673.0,0.0,100,397.73,371.0,0,0.0,0.0,,0.0,0,0.0,0.0,,0.0,bidTooLow
2023-02-28,16862.0,2526.0,0.0,100,396.26,371.0,0,0.0,0.0,,0.0,0,0.0,0.0,,0.0,bidTooLow
2023-03-01,16862.0,2374.0,0.0,100,394.74,371.0,0,0.0,0.0,,0.0,0,0.0,0.0,,0.0,bidTooLow
2023-03-02,16862.0,2681.0,0.0,100,397.81,371.0,0,0.0,0.0,,0.0,0,0.0,0.0,,0.0,bidTooLow
2023-03-03,16862.0,3319.0,0.0,100,404.19,371.0,0,0.0,0.0,,0.0,0,0.0,0.0,,0.0,bidTooLow
2023-03-06,16862.0,3347.0,0.0,100,404.47,371.0,0,0.0,0.0,,0.0,0,0.0,0.0,,0.0,bidTooLow
2023-03-07,16862.0,2727.0,0.0,100,398.27,371.0,0,0.0,0.0,,0.0,0,0.0,0.0,,0.0,bidTooLow
2023-03-08,16862.0,2792.0,0.0,100,398.92,371.0,0,0.0,0.0,,0.0,0,0.0,0.0,,0.0,bidTooLow
2023-03-09,16862.0,2056.0,0.0,100,391.56,371.0,0,0.0,0.0,,0.0,0,0.0,0.0,,0.0,bidTooLow
2023-03-10,16862.0,1491.0,0.0,100,385.91,371.0,0,0.0,0.0,,0.0,0,0.0,0.0,,0.0,bidTooLow
2023-03-13,16862.0,1436.0,0.0,100,385.36,371.0,0,0.0,0.0,,0.0,0,0.0,0.0,,0.0,bidTooLow
2023-03-14,16862.0,2073.0,0.0,100,391.73,371.0,0,0.0,0.0,,0.0,0,0.0,0.0,,0.0,bidTooLow
2023-03-15,16862.0,1828.0,0.0,100,389.28,371.0,0,0.0,0.0,,0.0,0,0.0,0.0,,0.0,bidTooLow
2023-03-16,16862.0,2511.0,0.0,100,396.11,371.0,0,0.0,0.0,,0.0,0,0.0,0.0,,0.0,bidTooLow
2023-03-17,16862.0,1899.0,0.0,100,389.99,371.0,0,0.0,0.0,,0.0,0,0.0,0.0,,0.0,bidTooLow
2023-03-20,16862.0,2271.0,0.0,100,393.74,371.0,0,0.0,0.0,,0.0,1,0.06,0.09,SPY230323C00411000,411.0,normalDay
2023-03-21,16862.0,2777.0,0.0,100,398.91,371.0,0,0.0,0.0,,0.0,1,0.06,0.2,SPY230323C00411000,411.0,normalDay
2023-03-22,16862.0,2116.0,0.0,100,392.11,371.0,0,0.0,0.0,,0.0,1,0.06,0.01,SPY230323C00411000,411.0,normalDay
2023-03-23,16868.0,2217.0,6.0,100,393.17,371.0,0,0.0,0.0,,0.0,1,0.06,0.0,SPY230323C00411000,411.0,expirationDay
2023-03-24,16868.0,2475.0,0.0,100,395.75,371.0,0,0.0,0.0,,0.0,0,0.0,0.0,,0.0,bidTooLow
2023-03-27,16868.0,2546.0,0.0,100,396.49,371.0,0,0.0,0.0,,0.0,1,0.01,0.04,SPY230330C00410000,410.0,normalDay
2023-03-28,16868.0,2459.0,0.0,100,395.6,371.0,0,0.0,0.0,,0.0,1,0.01,0.02,SPY230330C00410000,410.0,normalDay
2023-03-29,16868.0,3034.0,0.0,100,401.35,371.0,0,0.0,0.0,,0.0,1,0.01,0.02,SPY230330C00410000,410.0,normalDay
2023-03-30,16869.0,3270.0,1.0,100,403.7,371.0,0,0.0,0.0,,0.0,1,0.01,0.0,SPY230330C00410000,410.0,expirationDay
2023-03-31,16869.0,3836.0,0.0,100,409.39,371.0,0,0.0,0.0,,0.0,1,0.17,0.2,SPY230403C00414000,414.0,normalDay
2023-04-03,16886.0,3995.0,17.0,100,410.95,371.0,0,0.0,0.0,,0.0,1,0.17,0.0,SPY230403C00414000,414.0,expirationDay
2023-04-04,16886.0,3764.0,0.0,100,408.67,371.0,0,0.0,0.0,,0.0,1,0.01,0.04,SPY230406C00418000,418.0,normalDay
2023-04-05,16886.0,3660.0,0.0,100,407.6,371.0,0,0.0,0.0,,0.0,1,0.01,0.01,SPY230406C00418000,418.0,normalDay
2023-04-06,16887.0,3819.0,1.0,100,409.19,371.0,0,0.0,0.0,,0.0,1,0.01,0.0,SPY230406C00418000,418.0,expirationDay
2023-04-10,16887.0,3858.0,0.0,100,409.61,371.0,0,0.0,0.0,,0.0,1,0.01,0.04,SPY230413C00423000,423.0,normalDay
2023-04-11,16887.0,3870.0,0.0,100,409.72,371.0,0,0.0,0.0,,0.0,1,0.01,0.03,SPY230413C00423000,423.0,normalDay
2023-04-12,16887.0,3705.0,0.0,100,408.05,371.0,0,0.0,0.0,,0.0,1,0.01,0.01,SPY230413C00423000,423.0,normalDay
2023-04-13,16888.0,4247.0,1.0,100,413.47,371.0,0,0.0,0.0,,0.0,1,0.01,0.0,SPY230413C00423000,423.0,expirationDay
2023-04-14,16888.0,4146.0,0.0,100,412.46,371.0,0,0.0,0.0,,0.0,0,0.0,0.0,,0.0,bidTooLow
2023-04-17,16888.0,4294.0,0.0,100,413.94,371.0,0,0.0,0.0,,0.0,0,0.0,0.0,,0.0,bidTooLow
2023-04-18,16888.0,4321.0,0.0,100,414.21,371.0,0,0.0,0.0,,0.0,0,0.0,0.0,,0.0,bidTooLow
2023-04-19,16888.0,4314.0,0.0,100,414.14,371.0,0,0.0,0.0,,0.0,0,0.0,0.0,,0.0,bidTooLow
2023-04-20,16888.0,4088.0,0.0,100,411.88,371.0,0,0.0,0.0,,0.0,0,0.0,0.0,,0.0,bidTooLow
2023-04-21,16888.0,4120.0,0.0,100,412.2,371.0,0,0.0,0.0,,0.0,0,0.0,0.0,,0.0,bidTooLow
2023-04-24,16888.0,4163.0,0.0,100,412.63,371.0,0,0.0,0.0,,0.0,0,0.0,0.0,,0.0,bidTooLow
2023-04-25,16888.0,3508.0,0.0,100,406.08,371.0,0,0.0,0.0,,0.0,0,0.0,0.0,,0.0,bidTooLow
2023-04-26,16888.0,3336.0,0.0,100,404.36,371.0,0,0.0,0.0,,0.0,0,0.0,0.0,,0.0,bidTooLow
2023-04-27,16888.0,4138.0,0.0,100,412.41,371.0,0,0.0,0.0,,0.0,1,0.01,0.04,SPY230428C00420000,420.0,normalDay
2023-04-28,16889.0,4493.0,1.0,100,415.93,371.0,0,0.0,0.0,,0.0,1,0.01,0.0,SPY230428C00420000,420.0,expirationDay
2023-05-01,16889.0,4448.0,0.0,100,415.51,371.0,0,0.0,0.0,,0.0,1,0.57,0.6,SPY230504C00421000,421.0,normalDay
2023-05-02,16889.0,4030.0,0.0,100,410.84,371.0,0,0.0,0.0,,0.0,1,0.57,0.11,SPY230504C00421000,421.0,normalDay
2023-05-03,16889.0,3758.0,0.0,100,408.02,371.0,0,0.0,0.0,,0.0,1,0.57,0.01,SPY230504C00421000,421.0,normalDay
2023-05-04,16946.0,3413.0,57.0,100,405.13,371.0,0,0.0,0.0,,0.0,1,0.57,0.0,SPY230504C00421000,421.0,expirationDay
2023-05-05,16946.0,4163.0,0.0,100,412.63,371.0,0,0.0,0.0,,0.0,0,0.0,0.0,,0.0,bidTooLow
2023-05-08,16946.0,4171.0,0.0,100,412.74,371.0,0,0.0,0.0,,0.0,1,0.08,0.11,SPY230511C00421000,421.0,normalDay
2023-05-09,16946.0,3995.0,0.0,100,410.93,371.0,0,0.0,0.0,,0.0,1,0.08,0.06,SPY230511C00421000,421.0,normalDay
2023-05-10,16946.0,4191.0,0.0,100,412.85,371.0,0,0.0,0.0,,0.0,1,0.08,0.02,SPY230511C00421000,421.0,normalDay
2023-05-11,16954.0,4113.0,8.0,100,412.13,371.0,0,0.0,0.0,,0.0,1,0.08,0.0,SPY230511C00421000,421.0,expirationDay
2023-05-12,16954.0,4059.0,0.0,100,411.59,371.0,0,0.0,0.0,,0.0,0,0.0,0.0,,0.0,bidTooLow
2023-05-15,16954.0,4198.0,0.0,100,413.01,371.0,0,0.0,0.0,,0.0,1,0.03,0.06,SPY230518C00421000,421.0,normalDay
2023-05-16,16954.0,3925.0,0.0,100,410.25,371.0,0,0.0,0.0,,0.0,1,0.03,0.03,SPY230518C00421000,421.0,normalDay
2023-05-17,16954.0,4422.0,0.0,100,415.23,371.0,0,0.0,0.0,,0.0,1,0.03,0.04,SPY230518C00421000,421.0,normalDay
2023-05-18,16957.0,4823.0,3.0,100,419.23,371.0,0,0.0,0.0,,0.0,1,0.03,0.0,SPY230518C00421000,421.0,expirationDay
2023-05-19,16957.0,4759.0,0.0,100,418.62,371.0,0,0.0,0.0,,0.0,1,0.06,0.09,SPY230522C00424000,424.0,normalDay
2023-05-22,16963.0,4779.0,6.0,100,418.79,371.0,0,0.0,0.0,,0.0,1,0.06,0.0,SPY230522C00424000,424.0,expirationDay
2023-05-23,16963.0,4306.0,0.0,100,414.09,371.0,0,0.0,0.0,,0.0,1,0.03,0.06,SPY230526C00425000,425.0,normalDay
2023-05-24,16963.0,4010.0,0.0,100,411.09,371.0,0,0.0,0.0,,0.0,1,0.03,0.02,SPY230526C00425000,425.0,normalDay
2023-05-25,16963.0,4366.0,0.0,100,414.65,371.0,0,0.0,0.0,,0.0,1,0.03,0.02,SPY230526C00425000,425.0,normalDay
2023-05-26,16966.0,4902.0,3.0,100,420.02,371.0,0,0.0,0.0,,0.0,1,0.03,0.0,SPY230526C00425000,425.0,expirationDay
2023-05-30,16966.0,4915.0,0.0,100,420.18,371.0,0,0.0,0.0,,0.0,1,0.52,0.55,SPY230602C00426000,426.0,normalDay
2023-05-31,16966.0,4727.0,0.0,100,417.85,371.0,0,0.0,0.0,,0.0,1,0.52,0.1,SPY230602C00426000,426.0,normalDay
2023-06-01,16966.0,5117.0,0.0,100,421.82,371.0,0,0.0,0.0,,0.0,1,0.52,0.17,SPY230602C00426000,426.0,normalDay
2023-06-02,22518.0,5117.0,5552.0,0,427.92,0.0,0,0.0,0.0,,0.0,1,0.52,0.0,SPY230602C00426000,426.0,expirationDay
2023-06-05,22518.0,-3.0,0.0,0,427.1,0.0,1,0.01,0.04,SPY230608P00409000,409.0,0,0.0,0.0,,0.0,normalDay
2023-06-06,22518.0,-2.0,0.0,0,428.03,0.0,1,0.01,0.03,SPY230608P00409000,409.0,0,0.0,0.0,,0.0,normalDay
2023-06-07,22518.0,-1.0,0.0,0,426.55,0.0,1,0.01,0.02,SPY230608P00409000,409.0,0,0.0,0.0,,0.0,normalDay
2023-06-08,22519.0,0.0,1.0,0,429.13,0.0,1,0.01,0.0,SPY230608P00409000,409.0,0,0.0,0.0,,0.0,expirationDay
2023-06-09,22519.0,0.0,0.0,0,429.9,0.0,0,0.0,0.0,,0.0,0,0.0,0.0,,0.0,bidTooLow
2023-06-12,22519.0,-3.0,0.0,0,433.8,0.0,1,0.07,0.1,SPY230615P00411000,411.0,0,0.0,0.0,,0.0,normalDay
2023-06-13,22519.0,0.0,0.0,0,436.66,0.0,1,0.07,0.07,SPY230615P00411000,411.0,0,0.0,0.0,,0.0,normalDay
2023-06-14,22519.0,4.0,0.0,0,437.18,0.0,1,0.07,0.03,SPY230615P00411000,411.0,0,0.0,0.0,,0.0,normalDay
2023-06-15,22526.0,0.0,7.0,0,442.6,0.0,1,0.07,0.0,SPY230615P00411000,411.0,0,0.0,0.0,,0.0,expirationDay
2023-06-16,22526.0,0.0,0.0,0,439.46,0.0,0,0.0,0.0,,0.0,0,0.0,0.0,,0.0,bidTooLow
2023-06-20,22526.0,0.0,0.0,0,437.18,0.0,0,0.0,0.0,,0.0,0,0.0,0.0,,0.0,bidTooLow
2023-06-21,22526.0,0.0,0.0,0,434.94,0.0,0,0.0,0.0,,0.0,0,0.0,0.0,,0.0,bidTooLow
2023-06-22,22526.0,0.0,0.0,0,436.51,0.0,0,0.0,0.0,,0.0,0,0.0,0.0,,0.0,bidTooLow
2023-06-23,22526.0,0.0,0.0,0,433.21,0.0,0,0.0,0.0,,0.0,0,0.0,0.0,,0.0,bidTooLow
2023-06-26,22526.0,-3.0,0.0,0,431.44,0.0,1,0.07,0.1,SPY230629P00420000,420.0,0,0.0,0.0,,0.0,normalDay
2023-06-27,22526.0,2.0,0.0,0,436.17,0.0,1,0.07,0.05,SPY230629P00420000,420.0,0,0.0,0.0,,0.0,normalDay
2023-06-28,22526.0,5.0,0.0,0,436.39,0.0,1,0.07,0.02,SPY230629P00420000,420.0,0,0.0,0.0,,0.0,normalDay
2023-06-29,22533.0,0.0,7.0,0,438.11,0.0,1,0.07,0.0,SPY230629P00420000,420.0,0,0.0,0.0,,0.0,expirationDay
2023-06-30,22533.0,0.0,0.0,0,443.28,0.0,0,0.0,0.0,,0.0,0,0.0,0.0,,0.0,bidTooLow
2023-07-03,22533.0,-3.0,0.0,0,443.79,0.0,1,0.02,0.05,SPY230706P00427000,427.0,0,0.0,0.0,,0.0,normalDay
2023-07-05,22533.0,-1.0,0.0,0,443.13,0.0,1,0.02,0.03,SPY230706P00427000,427.0,0,0.0,0.0,,0.0,normalDay
2023-07-06,22535.0,0.0,2.0,0,439.66,0.0,1,0.02,0.0,SPY230706P00427000,427.0,0,0.0,0.0,,0.0,expirationDay
2023-07-07,22535.0,-3.0,0.0,0,438.55,0.0,1,0.02,0.05,SPY230710P00431000,431.0,0,0.0,0.0,,0.0,normalDay
2023-07-10,22537.0,0.0,2.0,0,439.66,0.0,1,0.02,0.0,SPY230710P00431000,431.0,0,0.0,0.0,,0.0,expirationDay
2023-07-11,22537.0,-3.0,0.0,0,442.46,0.0,1,0.24,0.27,SPY230714P00433000,433.0,0,0.0,0.0,,0.0,normalDay
2023-07-12,22537.0,18.0,0.0,0,446.02,0.0,1,0.24,0.06,SPY230714P00433000,433.0,0,0.0,0.0,,0.0,normalDay
2023-07-13,22537.0,19.0,0.0,0,449.56,0.0,1,0.24,0.05,SPY230714P00433000,433.0,0,0.0,0.0,,0.0,normalDay
2023-07-14,22561.0,0.0,24.0,0,449.28,0.0,1,0.24,0.0,SPY230714P00433000,433.0,0,0.0,0.0,,0.0,expirationDay
2023-07-17,22561.0,-3.0,0.0,0,450.84,0.0,1,0.02,0.05,SPY230720P00432000,432.0,0,0.0,0.0,,0.0,normalDay
2023-07-18,22561.0,-2.0,0.0,0,454.19,0.0,1,0.02,0.04,SPY230720P00432000,432.0,0,0.0,0.0,,0.0,normalDay
2023-07-19,22561.0,0.0,0.0,0,455.2,0.0,1,0.02,0.02,SPY230720P00432000,432.0,0,0.0,0.0,,0.0,normalDay
2023-07-20,22563.0,0.0,2.0,0,452.18,0.0,1,0.02,0.0,SPY230720P00432000,432.0,0,0.0,0.0,,0.0,expirationDay
2023-07-21,22563.0,0.0,0.0,0,452.18,0.0,0,0.0,0.0,,0.0,0,0.0,0.0,,0.0,bidTooLow
2023-07-24,22563.0,-3.0,0.0,0,454.2,0.0,1,0.02,0.05,SPY230727P00434000,434.0,0,0.0,0.0,,0.0,normalDay
2023-07-25,22563.0,-1.0,0.0,0,455.44,0.0,1,0.02,0.03,SPY230727P00434000,434.0,0,0.0,0.0,,0.0,normalDay
2023-07-26,22563.0,0.0,0.0,0,455.51,0.0,1,0.02,0.02,SPY230727P00434000,434.0,0,0.0,0.0,,0.0,normalDay
2023-07-27,22565.0,0.0,2.0,0,452.49,0.0,1,0.02,0.0,SPY230727P00434000,434.0,0,0.0,0.0,,0.0,expirationDay
2023-07-28,22565.0,0.0,0.0,0,456.92,0.0,0,0.0,0.0,,0.0,0,0.0,0.0,,0.0,bidTooLow
2023-07-31,22565.0,-3.0,0.0,0,457.79,0.0,1,0.02,0.05,SPY230803P00440000,440.0,0,0.0,0.0,,0.0,normalDay
2023-08-01,22565.0,-2.0,0.0,0,456.48,0.0,1,0.02,0.04,SPY230803P00440000,440.0,0,0.0,0.0,,0.0,normalDay
2023-08-02,22565.0,-6.0,0.0,0,450.13,0.0,1,0.02,0.08,SPY230803P00440000,440.0,0,0.0,0.0,,0.0,normalDay
2023-08-03,22567.0,0.0,2.0,0,448.84,0.0,1,0.02,0.0,SPY230803P00440000,440.0,0,0.0,0.0,,0.0,expirationDay
2023-08-04,22567.0,-3.0,0.0,0,446.81,0.0,1,0.54,0.57,SPY230807P00444000,444.0,0,0.0,0.0,,0.0,normalDay
2023-08-07,22621.0,0.0,54.0,0,450.71,0.0,1,0.54,0.0,SPY230807P00444000,444.0,0,0.0,0.0,,0.0,expirationDay
2023-08-08,22621.0,-3.0,0.0,0,448.75,0.0,1,1.57,1.6,SPY230811P00447000,447.0,0,0.0,0.0,,0.0,normalDay
2023-08-09,22621.0,-111.0,0.0,0,445.75,0.0,1,1.57,2.68,SPY230811P00447000,447.0,0,0.0,0.0,,0.0,normalDay
2023-08-10,22621.0,-59.0,0.0,0,445.91,0.0,1,1.57,2.16,SPY230811P00447000,447.0,0,0.0,0.0,,0.0,normalDay
2023-08-11,22778.0,-135.0,157.0,100,445.65,447.0,1,1.57,0.0,SPY230811P00447000,447.0,0,0.0,0.0,,0.0,expirationDay
2023-08-14,22778.0,111.0,0.0,100,448.11,447.0,0,0.0,0.0,,0.0,0,0.0,0.0,,0.0,bidTooLow
2023-08-15,22778.0,-411.0,0.0,100,442.89,447.0,0,0.0,0.0,,0.0,0,0.0,0.0,,0.0,bidTooLow
2023-08-16,22778.0,-736.0,0.0,100,439.64,447.0,0,0.0,0.0,,0.0,0,0.0,0.0,,0.0,bidTooLow
2023-08-17,22778.0,-1071.0,0.0,100,436.29,447.0,0,0.0,0.0,,0.0,0,0.0,0.0,,0.0,bidTooLow
2023-08-18,22778.0,-1050.0,0.0,100,436.5,447.0,0,0.0,0.0,,0.0,0,0.0,0.0,,0.0,bidTooLow
2023-08-21,22778.0,-766.0,0.0,100,439.34,447.0,0,0.0,0.0,,0.0,0,0.0,0.0,,0.0,bidTooLow
2023-08-22,22778.0,-885.0,0.0,100,438.15,447.0,0,0.0,0.0,,0.0,0,0.0,0.0,,0.0,bidTooLow
2023-08-23,22778.0,-397.0,0.0,100,443.03,447.0,0,0.0,0.0,,0.0,0,0.0,0.0,,0.0,bidTooLow
2023-08-24,22778.0,-1011.0,0.0,100,436.89,447.0,0,0.0,0.0,,0.0,0,0.0,0.0,,0.0,bidTooLow
2023-08-25,22778.0,-703.0,0.0,100,439.97,447.0,0,0.0,0.0,,0.0,0,0.0,0.0,,0.0,bidTooLow
2023-08-28,22778.0,-424.0,0.0,100,442.76,447.0,0,0.0,0.0,,0.0,0,0.0,0.0,,0.0,bidTooLow
2023-08-29,22778.0,213.0,0.0,100,449.16,447.0,0,0.0,0.0,,0.0,1,0.11,0.14,SPY230901C00458000,458.0,normalDay
2023-08-30,22778.0,400.0,0.0,100,451.01,447.0,0,0.0,0.0,,0.0,1,0.11,0.12,SPY230901C00458000,458.0,normalDay
2023-08-31,22778.0,343.0,0.0,100,450.35,447.0,0,0.0,0.0,,0.0,1,0.11,0.03,SPY230901C00458000,458.0,normalDay
2023-09-01,22789.0,419.0,11.0,100,451.19,447.0,0,0.0,0.0,,0.0,1,0.11,0.0,SPY230901C00458000,458.0,expirationDay
2023-09-05,22789.0,221.0,0.0,100,449.24,447.0,0,0.0,0.0,,0.0,1,0.01,0.04,SPY230908C00459000,459.0,normalDay
2023-09-06,22789.0,-79.0,0.0,100,446.22,447.0,0,0.0,0.0,,0.0,1,0.01,0.02,SPY230908C00459000,459.0,normalDay
2023-09-07,22789.0,-215.0,0.0,100,444.85,447.0,0,0.0,0.0,,0.0,1,0.01,0.01,SPY230908C00459000,459.0,normalDay
2023-09-08,22790.0,-148.0,1.0,100,445.52,447.0,0,0.0,0.0,,0.0,1,0.01,0.0,SPY230908C00459000,459.0,expirationDay
2023-09-11,22790.0,145.0,0.0,100,448.45,447.0,0,0.0,0.0,,0.0,0,0.0,0.0,,0.0,bidTooLow
2023-09-12,22790.0,-101.0,0.0,100,445.99,447.0,0,0.0,0.0,,0.0,0,0.0,0.0,,0.0,bidTooLow
2023-09-13,22790.0,-49.0,0.0,100,446.51,447.0,0,0.0,0.0,,0.0,0,0.0,0.0,,0.0,bidTooLow
2023-09-14,22790.0,336.0,0.0,100,450.36,447.0,0,0.0,0.0,,0.0,0,0.0,0.0,,0.0,bidTooLow
2023-09-15,22790.0,-363.0,0.0,100,443.37,447.0,0,0.0,0.0,,0.0,0,0.0,0.0,,0.0,bidTooLow
2023-09-18,22790.0,-337.0,0.0,100,443.63,447.0,0,0.0,0.0,,0.0,0,0.0,0.0,,0.0,bidTooLow
2023-09-19,22790.0,-429.0,0.0,100,442.71,447.0,0,0.0,0.0,,0.0,0,0.0,0.0,,0.0,bidTooLow
2023-09-20,22790.0,-836.0,0.0,100,438.64,447.0,0,0.0,0.0,,0.0,0,0.0,0.0,,0.0,bidTooLow
2023-09-21,22790.0,-1561.0,0.0,100,431.39,447.0,0,0.0,0.0,,0.0,0,0.0,0.0,,0.0,bidTooLow
2023-09-22,22790.0,-1658.0,0.0,100,430.42,447.0,0,0.0,0.0,,0.0,0,0.0,0.0,,0.0,bidTooLow
2023-09-25,22790.0,-1477.0,0.0,100,432.23,447.0,0,0.0,0.0,,0.0,0,0.0,0.0,,0.0,bidTooLow
2023-09-26,22790.0,-2112.0,0.0,100,425.88,447.0,0,0.0,0.0,,0.0,0,0.0,0.0,,0.0,bidTooLow
2023-09-27,22790.0,-2095.0,0.0,100,426.05,447.0,0,0.0,0.0,,0.0,0,0.0,0.0,,0.0,bidTooLow
2023-09-28,22790.0,-1848.0,0.0,100,428.52,447.0,0,0.0,0.0,,0.0,0,0.0,0.0,,0.0,bidTooLow
2023-09-29,22790.0,-1952.0,0.0,100,427.48,447.0,0,0.0,0.0,,0.0,0,0.0,0.0,,0.0,bidTooLow
2023-10-02,22790.0,-1969.0,0.0,100,427.31,447.0,0,0.0,0.0,,0.0,0,0.0,0.0,,0.0,bidTooLow
2023-10-03,22790.0,-2541.0,0.0,100,421.59,447.0,0,0.0,0.0,,0.0,0,0.0,0.0,,0.0,bidTooLow
2023-10-04,22790.0,-2234.0,0.0,100,424.66,447.0,0,0.0,0.0,,0.0,0,0.0,0.0,,0.0,bidTooLow
2023-10-05,22790.0,-2250.0,0.0,100,424.5,447.0,0,0.0,0.0,,0.0,0,0.0,0.0,,0.0,bidTooLow
2023-10-06,22790.0,-1746.0,0.0,100,429.54,447.0,0,0.0,0.0,,0.0,0,0.0,0.0,,0.0,bidTooLow
2023-10-09,22790.0,-1471.0,0.0,100,432.29,447.0,0,0.0,0.0,,0.0,0,0.0,0.0,,0.0,bidTooLow
2023-10-10,22790.0,-1246.0,0.0,100,434.54,447.0,0,0.0,0.0,,0.0,0,0.0,0.0,,0.0,bidTooLow
2023-10-11,22790.0,-1068.0,0.0,100,436.32,447.0,0,0.0,0.0,,0.0,0,0.0,0.0,,0.0,bidTooLow
2023-10-12,22790.0,-1334.0,0.0,100,433.66,447.0,0,0.0,0.0,,0.0,0,0.0,0.0,,0.0,bidTooLow
2023-10-13,22790.0,-1550.0,0.0,100,431.5,447.0,0,0.0,0.0,,0.0,0,0.0,0.0,,0.0,bidTooLow
2023-10-16,22790.0,-1099.0,0.0,100,436.04,447.0,0,0.0,0.0,,0.0,1,0.03,0.06,SPY231019C00447000,447.0,normalDay
2023-10-17,22790.0,-1098.0,0.0,100,436.02,447.0,0,0.0,0.0,,0.0,1,0.03,0.03,SPY231019C00447000,447.0,normalDay
2023-10-18,22790.0,-1678.0,0.0,100,430.21,447.0,0,0.0,0.0,,0.0,1,0.03,0.02,SPY231019C00447000,447.0,normalDay
2023-10-19,22793.0,-2057.0,3.0,100,426.43,447.0,0,0.0,0.0,,0.0,1,0.03,0.0,SPY231019C00447000,447.0,expirationDay
2023-10-20,22793.0,-2581.0,0.0,100,421.19,447.0,0,0.0,0.0,,0.0,0,0.0,0.0,,0.0,bidTooLow
2023-10-23,22793.0,-2654.0,0.0,100,420.46,447.0,0,0.0,0.0,,0.0,0,0.0,0.0,,0.0,bidTooLow
2023-10-24,22793.0,-2337.0,0.0,100,423.63,447.0,0,0.0,0.0,,0.0,0,0.0,0.0,,0.0,bidTooLow
2023-10-25,22793.0,-2945.0,0.0,100,417.55,447.0,0,0.0,0.0,,0.0,0,0.0,0.0,,0.0,bidTooLow
2023-10-26,22793.0,-3445.0,0.0,100,412.55,447.0,0,0.0,0.0,,0.0,0,0.0,0.0,,0.0,bidTooLow
2023-10-27,22793.0,-3632.0,0.0,100,410.68,447.0,0,0.0,0.0,,0.0,0,0.0,0.0,,0.0,bidTooLow
2023-10-30,22793.0,-3141.0,0.0,100,415.59,447.0,0,0.0,0.0,,0.0,0,0.0,0.0,,0.0,bidTooLow
2023-10-31,22793.0,-2880.0,0.0,100,418.2,447.0,0,0.0,0.0,,0.0,0,0.0,0.0,,0.0,bidTooLow
2023-11-01,22793.0,-2434.0,0.0,100,422.66,447.0,0,0.0,0.0,,0.0,0,0.0,0.0,,0.0,bidTooLow
2023-11-02,22793.0,-1624.0,0.0,100,430.76,447.0,0,0.0,0.0,,0.0,0,0.0,0.0,,0.0,bidTooLow
2023-11-03,22793.0,-1231.0,0.0,100,434.69,447.0,0,0.0,0.0,,0.0,0,0.0,0.0,,0.0,bidTooLow
2023-11-06,22793.0,-1131.0,0.0,100,435.69,447.0,0,0.0,0.0,,0.0,0,0.0,0.0,,0.0,bidTooLow
2023-11-07,22793.0,-1007.0,0.0,100,436.93,447.0,0,0.0,0.0,,0.0,0,0.0,0.0,,0.0,bidTooLow
2023-11-08,22793.0,-975.0,0.0,100,437.25,447.0,0,0.0,0.0,,0.0,0,0.0,0.0,,0.0,bidTooLow
2023-11-09,22793.0,-1316.0,0.0,100,433.84,447.0,0,0.0,0.0,,0.0,0,0.0,0.0,,0.0,bidTooLow
2023-11-10,22793.0,-639.0,0.0,100,440.61,447.0,0,0.0,0.0,,0.0,0,0.0,0.0,,0.0,bidTooLow
2023-11-13,22793.0,-681.0,0.0,100,440.19,447.0,0,0.0,0.0,,0.0,0,0.0,0.0,,0.0,bidTooLow
2023-11-14,22793.0,170.0,0.0,100,448.73,447.0,0,0.0,0.0,,0.0,1,0.09,0.12,SPY231117C00459000,459.0,normalDay
2023-11-15,22793.0,272.0,0.0,100,449.68,447.0,0,0.0,0.0,,0.0,1,0.09,0.05,SPY231117C00459000,459.0,normalDay
2023-11-16,22793.0,330.0,0.0,100,450.23,447.0,0,0.0,0.0,,0.0,1,0.09,0.02,SPY231117C00459000,459.0,normalDay
2023-11-17,22802.0,379.0,9.0,100,450.79,447.0,0,0.0,0.0,,0.0,1,0.09,0.0,SPY231117C00459000,459.0,expirationDay
2023-11-20,22802.0,726.0,0.0,100,454.26,447.0,0,0.0,0.0,,0.0,0,0.0,0.0,,0.0,bidTooLow
2023-11-21,22802.0,627.0,0.0,100,453.27,447.0,0,0.0,0.0,,0.0,0,0.0,0.0,,0.0,bidTooLow
2023-11-22,22802.0,802.0,0.0,100,455.02,447.0,0,0.0,0.0,,0.0,0,0.0,0.0,,0.0,bidTooLow
2023-11-24,22802.0,830.0,0.0,100,455.3,447.0,0,0.0,0.0,,0.0,0,0.0,0.0,,0.0,bidTooLow
2023-11-27,22802.0,748.0,0.0,100,454.48,447.0,0,0.0,0.0,,0.0,0,0.0,0.0,,0.0,bidTooLow
2023-11-28,22802.0,793.0,0.0,100,454.93,447.0,0,0.0,0.0,,0.0,0,0.0,0.0,,0.0,bidTooLow
2023-11-29,22802.0,761.0,0.0,100,454.61,447.0,0,0.0,0.0,,0.0,0,0.0,0.0,,0.0,bidTooLow
2023-11-30,22802.0,940.0,0.0,100,456.4,447.0,0,0.0,0.0,,0.0,0,0.0,0.0,,0.0,bidTooLow
