date,totalCapital,unrializedPnL,rializedPnL,stocksOwned,stocksPriceToday,stocksPriceBoughtAt,putOwned,putOwnedSoldAt,putPriceToday,putOwnedContract,putOwnedStrike,callOwned,callOwnedSoldAt,callPriceToday,callOwnedContract,callOwnedStrike,trackType
2018-11-01,0.0,-6.0,0.0,0,273.51,0.0,1,3.61,3.67,SPY181221P00262000,262.0,0,0.0,0.0,,0.0,normalDay
2018-11-02,0.0,-35.0,0.0,0,271.89,0.0,1,3.61,3.96,SPY181221P00262000,262.0,0,0.0,0.0,,0.0,normalDay
2018-11-05,0.0,16.0,0.0,0,273.39,0.0,1,3.61,3.45,SPY181221P00262000,262.0,0,0.0,0.0,,0.0,normalDay
2018-11-06,0.0,61.0,0.0,0,275.12,0.0,1,3.61,3.0,SPY181221P00262000,262.0,0,0.0,0.0,,0.0,normalDay
2018-11-07,0.0,207.0,0.0,0,281.01,0.0,1,3.61,1.54,SPY181221P00262000,262.0,0,0.0,0.0,,0.0,normalDay
2018-11-08,0.0,203.0,0.0,0,280.5,0.0,1,3.61,1.58,SPY181221P00262000,262.0,0,0.0,0.0,,0.0,normalDay
2018-11-09,0.0,155.0,0.0,0,277.76,0.0,1,3.61,2.06,SPY181221P00262000,262.0,0,0.0,0.0,,0.0,normalDay
2018-11-12,0.0,34.0,0.0,0,272.57,0.0,1,3.61,3.27,SPY181221P00262000,262.0,0,0.0,0.0,,0.0,normalDay
2018-11-13,0.0,26.0,0.0,0,272.06,0.0,1,3.61,3.35,SPY181221P00262000,262.0,0,0.0,0.0,,0.0,normalDay
2018-11-14,0.0,-43.0,0.0,0,270.2,0.0,1,3.61,4.04,SPY181221P00262000,262.0,0,0.0,0.0,,0.0,normalDay
2018-11-15,0.0,65.0,0.0,0,273.02,0.0,1,3.61,2.96,SPY181221P00262000,262.0,0,0.0,0.0,,0.0,normalDay
2018-11-16,0.0,125.0,0.0,0,273.73,0.0,1,3.61,2.36,SPY181221P00262000,262.0,0,0.0,0.0,,0.0,normalDay
2018-11-19,0.0,2.0,0.0,0,269.1,0.0,1,3.61,3.59,SPY181221P00262000,262.0,0,0.0,0.0,,0.0,normalDay
2018-11-20,0.0,-215.0,0.0,0,264.12,0.0,1,3.61,5.76,SPY181221P00262000,262.0,0,0.0,0.0,,0.0,normalDay
2018-11-21,0.0,-126.0,0.0,0,265.02,0.0,1,3.61,4.87,SPY181221P00262000,262.0,0,0.0,0.0,,0.0,normalDay
2018-11-23,0.0,-211.0,0.0,0,263.25,0.0,1,3.61,5.72,SPY181221P00262000,262.0,0,0.0,0.0,,0.0,normalDay
2018-11-26,0.0,49.0,0.0,0,267.5,0.0,1,3.61,3.12,SPY181221P00262000,262.0,0,0.0,0.0,,0.0,normalDay
2018-11-27,0.0,59.0,0.0,0,268.4,0.0,1,3.61,3.02,SPY181221P00262000,262.0,0,0.0,0.0,,0.0,normalDay
2018-11-28,0.0,200.0,0.0,0,274.58,0.0,1,3.61,1.61,SPY181221P00262000,262.0,0,0.0,0.0,,0.0,normalDay
2018-11-29,0.0,188.0,0.0,0,273.98,0.0,1,3.61,1.73,SPY181221P00262000,262.0,0,0.0,0.0,,0.0,normalDay
2018-11-30,0.0,226.0,0.0,0,275.65,0.0,1,3.61,1.35,SPY181221P00262000,262.0,0,0.0,0.0,,0.0,normalDay
2018-12-03,0.0,301.0,0.0,0,279.3,0.0,1,3.61,0.6,SPY181221P00262000,262.0,0,0.0,0.0,,0.0,normalDay
2018-12-04,0.0,116.0,0.0,0,270.25,0.0,1,3.61,2.45,SPY181221P00262000,262.0,0,0.0,0.0,,0.0,normalDay
2018-12-06,0.0,121.0,0.0,0,269.84,0.0,1,3.61,2.4,SPY181221P00262000,262.0,0,0.0,0.0,,0.0,normalDay
2018-12-07,0.0,-124.0,0.0,0,263.57,0.0,1,3.61,4.85,SPY181221P00262000,262.0,0,0.0,0.0,,0.0,normalDay
2018-12-10,0.0,-3.0,0.0,0,264.07,0.0,1,3.61,3.64,SPY181221P00262000,262.0,0,0.0,0.0,,0.0,normalDay
2018-12-11,0.0,26.0,0.0,0,264.13,0.0,1,3.61,3.35,SPY181221P00262000,262.0,0,0.0,0.0,,0.0,normalDay
2018-12-12,0.0,80.0,0.0,0,265.46,0.0,1,3.61,2.81,SPY181221P00262000,262.0,0,0.0,0.0,,0.0,normalDay
2018-12-13,0.0,129.0,0.0,0,265.37,0.0,1,3.61,2.32,SPY181221P00262000,262.0,0,0.0,0.0,,0.0,normalDay
2018-12-14,0.0,-103.0,0.0,0,260.47,0.0,1,3.61,4.64,SPY181221P00262000,262.0,0,0.0,0.0,,0.0,normalDay
2018-12-17,0.0,-489.0,0.0,0,255.36,0.0,1,3.61,8.5,SPY181221P00262000,262.0,0,0.0,0.0,,0.0,normalDay
2018-12-18,0.0,-569.0,0.0,0,255.08,0.0,1,3.61,9.3,SPY181221P00262000,262.0,0,0.0,0.0,,0.0,normalDay
2018-12-19,0.0,-854.0,0.0,0,251.26,0.0,1,3.61,12.15,SPY181221P00262000,262.0,0,0.0,0.0,,0.0,normalDay
2018-12-20,0.0,-1202.0,0.0,0,247.17,0.0,1,3.61,15.63,SPY181221P00262000,262.0,0,0.0,0.0,,0.0,normalDay
2018-12-21,361.0,-2130.0,361.0,100,240.7,262.0,1,3.61,0.0,SPY181221P00262000,262.0,0,0.0,0.0,,0.0,expirationDay
2018-12-24,361.0,-2856.0,0.0,100,234.34,262.0,0,0.0,0.0,,0.0,1,3.09,3.99,SPY190628C00266000,266.0,normalDay
2018-12-26,361.0,-1920.0,0.0,100,246.18,262.0,0,0.0,0.0,,0.0,1,3.09,6.47,SPY190628C00266000,266.0,normalDay
2018-12-27,361.0,-1841.0,0.0,100,248.07,262.0,0,0.0,0.0,,0.0,1,3.09,7.57,SPY190628C00266000,266.0,normalDay
2018-12-28,361.0,-1808.0,0.0,100,247.75,262.0,0,0.0,0.0,,0.0,1,3.09,6.92,SPY190628C00266000,266.0,normalDay
2018-12-31,361.0,-1601.0,0.0,100,249.92,262.0,0,0.0,0.0,,0.0,1,3.09,7.02,SPY190628C00266000,266.0,normalDay
2019-01-02,361.0,-1554.0,0.0,100,250.18,262.0,0,0.0,0.0,,0.0,1,3.09,6.81,SPY190628C00266000,266.0,normalDay
2019-01-03,361.0,-1979.0,0.0,100,244.21,262.0,0,0.0,0.0,,0.0,1,3.09,5.09,SPY190628C00266000,266.0,normalDay
2019-01-04,361.0,-1408.0,0.0,100,252.39,262.0,0,0.0,0.0,,0.0,1,3.09,7.56,SPY190628C00266000,266.0,normalDay
2019-01-07,361.0,-1260.0,0.0,100,254.38,262.0,0,0.0,0.0,,0.0,1,3.09,8.07,SPY190628C00266000,266.0,normalDay
2019-01-08,361.0,-1108.0,0.0,100,256.77,262.0,0,0.0,0.0,,0.0,1,3.09,8.94,SPY190628C00266000,266.0,normalDay
2019-01-09,361.0,-1018.0,0.0,100,257.97,262.0,0,0.0,0.0,,0.0,1,3.09,9.24,SPY190628C00266000,266.0,normalDay
2019-01-10,361.0,-968.0,0.0,100,258.88,262.0,0,0.0,0.0,,0.0,1,3.09,9.65,SPY190628C00266000,266.0,normalDay
2019-01-11,361.0,-912.0,0.0,100,258.98,262.0,0,0.0,0.0,,0.0,1,3.09,9.19,SPY190628C00266000,266.0,normalDay
2019-01-14,361.0,-969.0,0.0,100,257.4,262.0,0,0.0,0.0,,0.0,1,3.09,8.18,SPY190628C00266000,266.0,normalDay
2019-01-15,361.0,-766.0,0.0,100,260.35,262.0,0,0.0,0.0,,0.0,1,3.09,9.1,SPY190628C00266000,266.0,normalDay
2019-01-16,361.0,-732.0,0.0,100,260.98,262.0,0,0.0,0.0,,0.0,1,3.09,9.39,SPY190628C00266000,266.0,normalDay
2019-01-17,361.0,-648.0,0.0,100,262.96,262.0,0,0.0,0.0,,0.0,1,3.09,10.53,SPY190628C00266000,266.0,normalDay
2019-01-18,361.0,-483.0,0.0,100,266.46,262.0,0,0.0,0.0,,0.0,1,3.09,12.38,SPY190628C00266000,266.0,normalDay
2019-01-22,361.0,-691.0,0.0,100,262.86,262.0,0,0.0,0.0,,0.0,1,3.09,10.86,SPY190628C00266000,266.0,normalDay
2019-01-23,361.0,-632.0,0.0,100,263.41,262.0,0,0.0,0.0,,0.0,1,3.09,10.82,SPY190628C00266000,266.0,normalDay
2019-01-24,361.0,-563.0,0.0,100,263.55,262.0,0,0.0,0.0,,0.0,1,3.09,10.27,SPY190628C00266000,266.0,normalDay
2019-01-25,361.0,-494.0,0.0,100,265.78,262.0,0,0.0,0.0,,0.0,1,3.09,11.81,SPY190628C00266000,266.0,normalDay
2019-01-28,361.0,-582.0,0.0,100,263.76,262.0,0,0.0,0.0,,0.0,1,3.09,10.67,SPY190628C00266000,266.0,normalDay
2019-01-29,361.0,-586.0,0.0,100,263.41,262.0,0,0.0,0.0,,0.0,1,3.09,10.36,SPY190628C00266000,266.0,normalDay
2019-01-30,361.0,-384.0,0.0,100,267.58,262.0,0,0.0,0.0,,0.0,1,3.09,12.51,SPY190628C00266000,266.0,normalDay
2019-01-31,361.0,-299.0,0.0,100,269.93,262.0,0,0.0,0.0,,0.0,1,3.09,14.01,SPY190628C00266000,266.0,normalDay
2019-02-01,361.0,-257.0,0.0,100,270.06,262.0,0,0.0,0.0,,0.0,1,3.09,13.72,SPY190628C00266000,266.0,normalDay
2019-02-04,361.0,-159.0,0.0,100,271.96,262.0,0,0.0,0.0,,0.0,1,3.09,14.64,SPY190628C00266000,266.0,normalDay
2019-02-05,361.0,-100.0,0.0,100,273.1,262.0,0,0.0,0.0,,0.0,1,3.09,15.19,SPY190628C00266000,266.0,normalDay
2019-02-06,361.0,-112.0,0.0,100,272.74,262.0,0,0.0,0.0,,0.0,1,3.09,14.95,SPY190628C00266000,266.0,normalDay
2019-02-07,361.0,-217.0,0.0,100,270.14,262.0,0,0.0,0.0,,0.0,1,3.09,13.4,SPY190628C00266000,266.0,normalDay
2019-02-08,361.0,-182.0,0.0,100,270.47,262.0,0,0.0,0.0,,0.0,1,3.09,13.38,SPY190628C00266000,266.0,normalDay
2019-02-11,361.0,-164.0,0.0,100,270.62,262.0,0,0.0,0.0,,0.0,1,3.09,13.35,SPY190628C00266000,266.0,normalDay
2019-02-12,361.0,-56.0,0.0,100,274.1,262.0,0,0.0,0.0,,0.0,1,3.09,15.75,SPY190628C00266000,266.0,normalDay
2019-02-13,361.0,-17.0,0.0,100,274.99,262.0,0,0.0,0.0,,0.0,1,3.09,16.25,SPY190628C00266000,266.0,normalDay
2019-02-14,361.0,-42.0,0.0,100,274.38,262.0,0,0.0,0.0,,0.0,1,3.09,15.89,SPY190628C00266000,266.0,normalDay
2019-02-15,361.0,52.0,0.0,100,277.37,262.0,0,0.0,0.0,,0.0,1,3.09,17.94,SPY190628C00266000,266.0,normalDay
2019-02-19,361.0,112.0,0.0,100,277.85,262.0,0,0.0,0.0,,0.0,1,3.09,17.82,SPY190628C00266000,266.0,normalDay
2019-02-20,361.0,130.0,0.0,100,278.41,262.0,0,0.0,0.0,,0.0,1,3.09,18.2,SPY190628C00266000,266.0,normalDay
2019-02-21,361.0,100.0,0.0,100,277.42,262.0,0,0.0,0.0,,0.0,1,3.09,17.51,SPY190628C00266000,266.0,normalDay
2019-02-22,361.0,169.0,0.0,100,279.14,262.0,0,0.0,0.0,,0.0,1,3.09,18.54,SPY190628C00266000,266.0,normalDay
2019-02-25,361.0,159.0,0.0,100,279.52,262.0,0,0.0,0.0,,0.0,1,3.09,19.02,SPY190628C00266000,266.0,normalDay
2019-02-26,361.0,162.0,0.0,100,279.32,262.0,0,0.0,0.0,,0.0,1,3.09,18.79,SPY190628C00266000,266.0,normalDay
2019-02-27,361.0,154.0,0.0,100,279.2,262.0,0,0.0,0.0,,0.0,1,3.09,18.75,SPY190628C00266000,266.0,normalDay
2019-02-28,361.0,158.0,0.0,100,278.68,262.0,0,0.0,0.0,,0.0,1,3.09,18.19,SPY190628C00266000,266.0,normalDay
2019-03-01,361.0,216.0,0.0,100,280.42,262.0,0,0.0,0.0,,0.0,1,3.09,19.35,SPY190628C00266000,266.0,normalDay
2019-03-04,361.0,201.0,0.0,100,279.4,262.0,0,0.0,0.0,,0.0,1,3.09,18.48,SPY190628C00266000,266.0,normalDay
2019-03-05,361.0,190.0,0.0,100,279.02,262.0,0,0.0,0.0,,0.0,1,3.09,18.21,SPY190628C00266000,266.0,normalDay
2019-03-06,361.0,137.0,0.0,100,277.33,262.0,0,0.0,0.0,,0.0,1,3.09,17.05,SPY190628C00266000,266.0,normalDay
2019-03-07,361.0,51.0,0.0,100,275.01,262.0,0,0.0,0.0,,0.0,1,3.09,15.59,SPY190628C00266000,266.0,normalDay
2019-03-08,361.0,41.0,0.0,100,274.46,262.0,0,0.0,0.0,,0.0,1,3.09,15.14,SPY190628C00266000,266.0,normalDay
2019-03-11,361.0,216.0,0.0,100,278.44,262.0,0,0.0,0.0,,0.0,1,3.09,17.37,SPY190628C00266000,266.0,normalDay
2019-03-12,361.0,266.0,0.0,100,279.49,262.0,0,0.0,0.0,,0.0,1,3.09,17.92,SPY190628C00266000,266.0,normalDay
2019-03-13,361.0,292.0,0.0,100,281.34,262.0,0,0.0,0.0,,0.0,1,3.09,19.51,SPY190628C00266000,266.0,normalDay
2019-03-14,361.0,321.0,0.0,100,281.16,262.0,0,0.0,0.0,,0.0,1,3.09,19.04,SPY190628C00266000,266.0,normalDay
2019-03-15,361.0,230.0,0.0,100,281.31,262.0,0,0.0,0.0,,0.0,1,3.09,20.1,SPY190628C00266000,266.0,normalDay
2019-03-18,361.0,231.0,0.0,100,282.33,262.0,0,0.0,0.0,,0.0,1,3.09,21.11,SPY190628C00266000,266.0,normalDay
2019-03-19,361.0,256.0,0.0,100,282.4,262.0,0,0.0,0.0,,0.0,1,3.09,20.93,SPY190628C00266000,266.0,normalDay
2019-03-20,361.0,237.0,0.0,100,281.55,262.0,0,0.0,0.0,,0.0,1,3.09,20.27,SPY190628C00266000,266.0,normalDay
2019-03-21,361.0,285.0,0.0,100,284.73,262.0,0,0.0,0.0,,0.0,1,3.09,22.97,SPY190628C00266000,266.0,normalDay
2019-03-22,361.0,72.0,0.0,100,279.25,262.0,0,0.0,0.0,,0.0,1,3.09,19.62,SPY190628C00266000,266.0,normalDay
2019-03-25,361.0,121.0,0.0,100,279.04,262.0,0,0.0,0.0,,0.0,1,3.09,18.92,SPY190628C00266000,266.0,normalDay
2019-03-26,361.0,219.0,0.0,100,281.12,262.0,0,0.0,0.0,,0.0,1,3.09,20.02,SPY190628C00266000,266.0,normalDay
2019-03-27,361.0,170.0,0.0,100,279.65,262.0,0,0.0,0.0,,0.0,1,3.09,19.04,SPY190628C00266000,266.0,normalDay
2019-03-28,361.0,208.0,0.0,100,280.71,262.0,0,0.0,0.0,,0.0,1,3.09,19.72,SPY190628C00266000,266.0,normalDay
2019-03-29,361.0,238.0,0.0,100,282.48,262.0,0,0.0,0.0,,0.0,1,3.09,21.19,SPY190628C00266000,266.0,normalDay
2019-04-01,361.0,344.0,0.0,100,285.83,262.0,0,0.0,0.0,,0.0,1,3.09,23.48,SPY190628C00266000,266.0,normalDay
2019-04-02,361.0,362.0,0.0,100,285.97,262.0,0,0.0,0.0,,0.0,1,3.09,23.44,SPY190628C00266000,266.0,normalDay
2019-04-03,361.0,330.0,0.0,100,286.42,262.0,0,0.0,0.0,,0.0,1,3.09,24.21,SPY190628C00266000,266.0,normalDay
2019-04-04,361.0,359.0,0.0,100,287.18,262.0,0,0.0,0.0,,0.0,1,3.09,24.68,SPY190628C00266000,266.0,normalDay
2019-04-05,361.0,396.0,0.0,100,288.57,262.0,0,0.0,0.0,,0.0,1,3.09,25.7,SPY190628C00266000,266.0,normalDay
2019-04-08,361.0,402.0,0.0,100,288.79,262.0,0,0.0,0.0,,0.0,1,3.09,25.86,SPY190628C00266000,266.0,normalDay
2019-04-09,361.0,387.0,0.0,100,287.31,262.0,0,0.0,0.0,,0.0,1,3.09,24.53,SPY190628C00266000,266.0,normalDay
2019-04-10,361.0,390.0,0.0,100,288.29,262.0,0,0.0,0.0,,0.0,1,3.09,25.48,SPY190628C00266000,266.0,normalDay
2019-04-11,361.0,419.0,0.0,100,288.21,262.0,0,0.0,0.0,,0.0,1,3.09,25.11,SPY190628C00266000,266.0,normalDay
2019-04-12,361.0,443.0,0.0,100,290.16,262.0,0,0.0,0.0,,0.0,1,3.09,26.82,SPY190628C00266000,266.0,normalDay
2019-04-15,361.0,448.0,0.0,100,289.97,262.0,0,0.0,0.0,,0.0,1,3.09,26.58,SPY190628C00266000,266.0,normalDay
2019-04-16,361.0,465.0,0.0,100,290.16,262.0,0,0.0,0.0,,0.0,1,3.09,26.6,SPY190628C00266000,266.0,normalDay
2019-04-17,361.0,473.0,0.0,100,289.45,262.0,0,0.0,0.0,,0.0,1,3.09,25.81,SPY190628C00266000,266.0,normalDay
2019-04-18,361.0,462.0,0.0,100,290.02,262.0,0,0.0,0.0,,0.0,1,3.09,26.49,SPY190628C00266000,266.0,normalDay
2019-04-22,361.0,458.0,0.0,100,290.27,262.0,0,0.0,0.0,,0.0,1,3.09,26.78,SPY190628C00266000,266.0,normalDay
2019-04-23,361.0,496.0,0.0,100,292.88,262.0,0,0.0,0.0,,0.0,1,3.09,29.01,SPY190628C00266000,266.0,normalDay
2019-04-24,361.0,475.0,0.0,100,292.23,262.0,0,0.0,0.0,,0.0,1,3.09,28.57,SPY190628C00266000,266.0,normalDay
2019-04-25,361.0,491.0,0.0,100,292.05,262.0,0,0.0,0.0,,0.0,1,3.09,28.23,SPY190628C00266000,266.0,normalDay
2019-04-26,361.0,505.0,0.0,100,293.41,262.0,0,0.0,0.0,,0.0,1,3.09,29.45,SPY190628C00266000,266.0,normalDay
2019-04-29,361.0,521.0,0.0,100,293.87,262.0,0,0.0,0.0,,0.0,1,3.09,29.75,SPY190628C00266000,266.0,normalDay
2019-04-30,361.0,499.0,0.0,100,294.02,262.0,0,0.0,0.0,,0.0,1,3.09,30.12,SPY190628C00266000,266.0,normalDay
2019-05-01,361.0,499.0,0.0,100,291.81,262.0,0,0.0,0.0,,0.0,1,3.09,27.91,SPY190628C00266000,266.0,normalDay
2019-05-02,361.0,509.0,0.0,100,291.18,262.0,0,0.0,0.0,,0.0,1,3.09,27.18,SPY190628C00266000,266.0,normalDay
2019-05-03,361.0,532.0,0.0,100,294.03,262.0,0,0.0,0.0,,0.0,1,3.09,29.8,SPY190628C00266000,266.0,normalDay
2019-05-06,361.0,518.0,0.0,100,292.82,262.0,0,0.0,0.0,,0.0,1,3.09,28.73,SPY190628C00266000,266.0,normalDay
2019-05-07,361.0,378.0,0.0,100,287.93,262.0,0,0.0,0.0,,0.0,1,3.09,25.24,SPY190628C00266000,266.0,normalDay
2019-05-08,361.0,380.0,0.0,100,287.53,262.0,0,0.0,0.0,,0.0,1,3.09,24.82,SPY190628C00266000,266.0,normalDay
2019-05-09,361.0,398.0,0.0,100,286.66,262.0,0,0.0,0.0,,0.0,1,3.09,23.77,SPY190628C00266000,266.0,normalDay
2019-05-10,361.0,507.0,0.0,100,288.1,262.0,0,0.0,0.0,,0.0,1,3.09,24.12,SPY190628C00266000,266.0,normalDay
2019-05-13,361.0,370.0,0.0,100,280.86,262.0,0,0.0,0.0,,0.0,1,3.09,18.25,SPY190628C00266000,266.0,normalDay
2019-05-14,361.0,441.0,0.0,100,283.4,262.0,0,0.0,0.0,,0.0,1,3.09,20.08,SPY190628C00266000,266.0,normalDay
2019-05-15,361.0,482.0,0.0,100,285.06,262.0,0,0.0,0.0,,0.0,1,3.09,21.33,SPY190628C00266000,266.0,normalDay
2019-05-16,361.0,540.0,0.0,100,287.7,262.0,0,0.0,0.0,,0.0,1,3.09,23.39,SPY190628C00266000,266.0,normalDay
2019-05-17,361.0,505.0,0.0,100,285.84,262.0,0,0.0,0.0,,0.0,1,3.09,21.88,SPY190628C00266000,266.0,normalDay
2019-05-20,361.0,492.0,0.0,100,283.95,262.0,0,0.0,0.0,,0.0,1,3.09,20.12,SPY190628C00266000,266.0,normalDay
2019-05-21,361.0,558.0,0.0,100,286.51,262.0,0,0.0,0.0,,0.0,1,3.09,22.02,SPY190628C00266000,266.0,normalDay
2019-05-22,361.0,557.0,0.0,100,285.63,262.0,0,0.0,0.0,,0.0,1,3.09,21.15,SPY190628C00266000,266.0,normalDay
2019-05-23,361.0,530.0,0.0,100,282.14,262.0,0,0.0,0.0,,0.0,1,3.09,17.93,SPY190628C00266000,266.0,normalDay
2019-05-24,361.0,527.0,0.0,100,282.78,262.0,0,0.0,0.0,,0.0,1,3.09,18.6,SPY190628C00266000,266.0,normalDay
2019-05-28,361.0,494.0,0.0,100,280.15,262.0,0,0.0,0.0,,0.0,1,3.09,16.3,SPY190628C00266000,266.0,normalDay
2019-05-29,361.0,503.0,0.0,100,278.27,262.0,0,0.0,0.0,,0.0,1,3.09,14.33,SPY190628C00266000,266.0,normalDay
2019-05-30,361.0,541.0,0.0,100,279.03,262.0,0,0.0,0.0,,0.0,1,3.09,14.71,SPY190628C00266000,266.0,normalDay
2019-05-31,361.0,469.0,0.0,100,275.27,262.0,0,0.0,0.0,,0.0,1,3.09,11.67,SPY190628C00266000,266.0,normalDay
2019-06-03,361.0,453.0,0.0,100,274.57,262.0,0,0.0,0.0,,0.0,1,3.09,11.13,SPY190628C00266000,266.0,normalDay
2019-06-04,361.0,594.0,0.0,100,280.53,262.0,0,0.0,0.0,,0.0,1,3.09,15.68,SPY190628C00266000,266.0,normalDay
2019-06-05,361.0,630.0,0.0,100,282.96,262.0,0,0.0,0.0,,0.0,1,3.09,17.75,SPY190628C00266000,266.0,normalDay
2019-06-06,361.0,647.0,0.0,100,284.8,262.0,0,0.0,0.0,,0.0,1,3.09,19.42,SPY190628C00266000,266.0,normalDay
2019-06-07,361.0,661.0,0.0,100,287.65,262.0,0,0.0,0.0,,0.0,1,3.09,22.13,SPY190628C00266000,266.0,normalDay
2019-06-10,361.0,665.0,0.0,100,288.97,262.0,0,0.0,0.0,,0.0,1,3.09,23.41,SPY190628C00266000,266.0,normalDay
2019-06-11,361.0,679.0,0.0,100,288.9,262.0,0,0.0,0.0,,0.0,1,3.09,23.2,SPY190628C00266000,266.0,normalDay
2019-06-12,361.0,672.0,0.0,100,288.39,262.0,0,0.0,0.0,,0.0,1,3.09,22.76,SPY190628C00266000,266.0,normalDay
2019-06-13,361.0,673.0,0.0,100,289.58,262.0,0,0.0,0.0,,0.0,1,3.09,23.94,SPY190628C00266000,266.0,normalDay
2019-06-14,361.0,663.0,0.0,100,289.26,262.0,0,0.0,0.0,,0.0,1,3.09,23.72,SPY190628C00266000,266.0,normalDay
2019-06-17,361.0,676.0,0.0,100,289.37,262.0,0,0.0,0.0,,0.0,1,3.09,23.7,SPY190628C00266000,266.0,normalDay
2019-06-18,361.0,688.0,0.0,100,292.4,262.0,0,0.0,0.0,,0.0,1,3.09,26.61,SPY190628C00266000,266.0,normalDay
2019-06-19,361.0,676.0,0.0,100,293.06,262.0,0,0.0,0.0,,0.0,1,3.09,27.39,SPY190628C00266000,266.0,normalDay
2019-06-20,361.0,687.0,0.0,100,295.86,262.0,0,0.0,0.0,,0.0,1,3.09,30.08,SPY190628C00266000,266.0,normalDay
2019-06-21,361.0,670.0,0.0,100,294.0,262.0,0,0.0,0.0,,0.0,1,3.09,28.39,SPY190628C00266000,266.0,normalDay
2019-06-24,361.0,678.0,0.0,100,293.64,262.0,0,0.0,0.0,,0.0,1,3.09,27.95,SPY190628C00266000,266.0,normalDay
2019-06-25,361.0,678.0,0.0,100,290.76,262.0,0,0.0,0.0,,0.0,1,3.09,25.07,SPY190628C00266000,266.0,normalDay
2019-06-26,361.0,708.0,0.0,100,290.47,262.0,0,0.0,0.0,,0.0,1,3.09,24.48,SPY190628C00266000,266.0,normalDay
2019-06-27,361.0,665.0,0.0,100,291.5,262.0,0,0.0,0.0,,0.0,1,3.09,25.94,SPY190628C00266000,266.0,normalDay
2019-06-28,1070.0,665.0,709.0,0,293.0,0.0,0,0.0,0.0,,0.0,1,3.09,0.0,SPY190628C00266000,266.0,expirationDay
2019-07-01,1070.0,-3.0,0.0,0,295.66,0.0,1,1.72,1.75,SPY190816P00282000,282.0,0,0.0,0.0,,0.0,normalDay
2019-07-02,1070.0,31.0,0.0,0,296.43,0.0,1,1.72,1.41,SPY190816P00282000,282.0,0,0.0,0.0,,0.0,normalDay
2019-07-03,1070.0,63.0,0.0,0,298.8,0.0,1,1.72,1.09,SPY190816P00282000,282.0,0,0.0,0.0,,0.0,normalDay
2019-07-05,1070.0,56.0,0.0,0,298.46,0.0,1,1.72,1.16,SPY190816P00282000,282.0,0,0.0,0.0,,0.0,normalDay
2019-07-08,1070.0,43.0,0.0,0,296.82,0.0,1,1.72,1.29,SPY190816P00282000,282.0,0,0.0,0.0,,0.0,normalDay
2019-07-09,1070.0,42.0,0.0,0,297.19,0.0,1,1.72,1.3,SPY190816P00282000,282.0,0,0.0,0.0,,0.0,normalDay
2019-07-10,1070.0,75.0,0.0,0,298.61,0.0,1,1.72,0.97,SPY190816P00282000,282.0,0,0.0,0.0,,0.0,normalDay
2019-07-11,1070.0,84.0,0.0,0,299.31,0.0,1,1.72,0.88,SPY190816P00282000,282.0,0,0.0,0.0,,0.0,normalDay
2019-07-12,1070.0,100.0,0.0,0,300.65,0.0,1,1.72,0.72,SPY190816P00282000,282.0,0,0.0,0.0,,0.0,normalDay
2019-07-15,1070.0,104.0,0.0,0,300.75,0.0,1,1.72,0.68,SPY190816P00282000,282.0,0,0.0,0.0,,0.0,normalDay
2019-07-16,1070.0,99.0,0.0,0,299.78,0.0,1,1.72,0.73,SPY190816P00282000,282.0,0,0.0,0.0,,0.0,normalDay
2019-07-17,1070.0,77.0,0.0,0,297.74,0.0,1,1.72,0.95,SPY190816P00282000,282.0,0,0.0,0.0,,0.0,normalDay
2019-07-18,1070.0,94.0,0.0,0,298.83,0.0,1,1.72,0.78,SPY190816P00282000,282.0,0,0.0,0.0,,0.0,normalDay
2019-07-19,1070.0,78.0,0.0,0,297.17,0.0,1,1.72,0.94,SPY190816P00282000,282.0,0,0.0,0.0,,0.0,normalDay
2019-07-22,1070.0,104.0,0.0,0,297.9,0.0,1,1.72,0.68,SPY190816P00282000,282.0,0,0.0,0.0,,0.0,normalDay
2019-07-23,1070.0,127.0,0.0,0,300.03,0.0,1,1.72,0.45,SPY190816P00282000,282.0,0,0.0,0.0,,0.0,normalDay
2019-07-24,1070.0,137.0,0.0,0,301.44,0.0,1,1.72,0.35,SPY190816P00282000,282.0,0,0.0,0.0,,0.0,normalDay
2019-07-25,1070.0,132.0,0.0,0,300.0,0.0,1,1.72,0.4,SPY190816P00282000,282.0,0,0.0,0.0,,0.0,normalDay
2019-07-26,1070.0,144.0,0.0,0,302.01,0.0,1,1.72,0.28,SPY190816P00282000,282.0,0,0.0,0.0,,0.0,normalDay
2019-07-29,1070.0,145.0,0.0,0,301.46,0.0,1,1.72,0.27,SPY190816P00282000,282.0,0,0.0,0.0,,0.0,normalDay
2019-07-30,1070.0,138.0,0.0,0,300.72,0.0,1,1.72,0.34,SPY190816P00282000,282.0,0,0.0,0.0,,0.0,normalDay
2019-07-31,1070.0,107.0,0.0,0,297.43,0.0,1,1.72,0.65,SPY190816P00282000,282.0,0,0.0,0.0,,0.0,normalDay
2019-08-01,1070.0,73.0,0.0,0,294.84,0.0,1,1.72,0.99,SPY190816P00282000,282.0,0,0.0,0.0,,0.0,normalDay
2019-08-02,1070.0,57.0,0.0,0,292.62,0.0,1,1.72,1.15,SPY190816P00282000,282.0,0,0.0,0.0,,0.0,normalDay
2019-08-05,1070.0,-277.0,0.0,0,283.82,0.0,1,1.72,4.49,SPY190816P00282000,282.0,0,0.0,0.0,,0.0,normalDay
2019-08-06,1070.0,-35.0,0.0,0,287.8,0.0,1,1.72,2.07,SPY190816P00282000,282.0,0,0.0,0.0,,0.0,normalDay
2019-08-07,1070.0,-8.0,0.0,0,287.97,0.0,1,1.72,1.8,SPY190816P00282000,282.0,0,0.0,0.0,,0.0,normalDay
2019-08-08,1070.0,122.0,0.0,0,293.62,0.0,1,1.72,0.5,SPY190816P00282000,282.0,0,0.0,0.0,,0.0,normalDay
2019-08-09,1070.0,112.0,0.0,0,291.62,0.0,1,1.72,0.6,SPY190816P00282000,282.0,0,0.0,0.0,,0.0,normalDay
2019-08-12,1070.0,63.0,0.0,0,288.07,0.0,1,1.72,1.09,SPY190816P00282000,282.0,0,0.0,0.0,,0.0,normalDay
2019-08-13,1070.0,153.0,0.0,0,292.55,0.0,1,1.72,0.19,SPY190816P00282000,282.0,0,0.0,0.0,,0.0,normalDay
2019-08-14,1070.0,-6.0,0.0,0,283.9,0.0,1,1.72,1.78,SPY190816P00282000,282.0,0,0.0,0.0,,0.0,normalDay
2019-08-15,1070.0,107.0,0.0,0,284.65,0.0,1,1.72,0.65,SPY190816P00282000,282.0,0,0.0,0.0,,0.0,normalDay
2019-08-16,1242.0,0.0,172.0,0,288.85,0.0,1,1.72,0.0,SPY190816P00282000,282.0,0,0.0,0.0,,0.0,expirationDay
2019-08-19,1242.0,-5.0,0.0,0,292.33,0.0,1,3.08,3.13,SPY190930P00281000,281.0,0,0.0,0.0,,0.0,normalDay
2019-08-20,1242.0,-71.0,0.0,0,290.09,0.0,1,3.08,3.79,SPY190930P00281000,281.0,0,0.0,0.0,,0.0,normalDay
2019-08-21,1242.0,41.0,0.0,0,292.45,0.0,1,3.08,2.67,SPY190930P00281000,281.0,0,0.0,0.0,,0.0,normalDay
2019-08-22,1242.0,18.0,0.0,0,292.36,0.0,1,3.08,2.9,SPY190930P00281000,281.0,0,0.0,0.0,,0.0,normalDay
2019-08-23,1242.0,-226.0,0.0,0,284.85,0.0,1,3.08,5.34,SPY190930P00281000,281.0,0,0.0,0.0,,0.0,normalDay
2019-08-26,1242.0,-112.0,0.0,0,288.0,0.0,1,3.08,4.2,SPY190930P00281000,281.0,0,0.0,0.0,,0.0,normalDay
2019-08-27,1242.0,-171.0,0.0,0,286.87,0.0,1,3.08,4.79,SPY190930P00281000,281.0,0,0.0,0.0,,0.0,normalDay
2019-08-28,1242.0,-73.0,0.0,0,288.89,0.0,1,3.08,3.81,SPY190930P00281000,281.0,0,0.0,0.0,,0.0,normalDay
2019-08-29,1242.0,42.0,0.0,0,292.58,0.0,1,3.08,2.66,SPY190930P00281000,281.0,0,0.0,0.0,,0.0,normalDay
2019-08-30,1242.0,31.0,0.0,0,292.45,0.0,1,3.08,2.77,SPY190930P00281000,281.0,0,0.0,0.0,,0.0,normalDay
2019-09-03,1242.0,8.0,0.0,0,290.74,0.0,1,3.08,3.0,SPY190930P00281000,281.0,0,0.0,0.0,,0.0,normalDay
2019-09-04,1242.0,129.0,0.0,0,294.04,0.0,1,3.08,1.79,SPY190930P00281000,281.0,0,0.0,0.0,,0.0,normalDay
2019-09-05,1242.0,196.0,0.0,0,297.82,0.0,1,3.08,1.12,SPY190930P00281000,281.0,0,0.0,0.0,,0.0,normalDay
2019-09-06,1242.0,227.0,0.0,0,298.05,0.0,1,3.08,0.81,SPY190930P00281000,281.0,0,0.0,0.0,,0.0,normalDay
2019-09-09,1242.0,237.0,0.0,0,298.2,0.0,1,3.08,0.71,SPY190930P00281000,281.0,0,0.0,0.0,,0.0,normalDay
2019-09-10,1242.0,243.0,0.0,0,298.13,0.0,1,3.08,0.65,SPY190930P00281000,281.0,0,0.0,0.0,,0.0,normalDay
2019-09-11,1242.0,264.0,0.0,0,300.25,0.0,1,3.08,0.44,SPY190930P00281000,281.0,0,0.0,0.0,,0.0,normalDay
2019-09-12,1242.0,273.0,0.0,0,301.29,0.0,1,3.08,0.35,SPY190930P00281000,281.0,0,0.0,0.0,,0.0,normalDay
2019-09-13,1242.0,278.0,0.0,0,301.09,0.0,1,3.08,0.3,SPY190930P00281000,281.0,0,0.0,0.0,,0.0,normalDay
2019-09-16,1242.0,278.0,0.0,0,300.16,0.0,1,3.08,0.3,SPY190930P00281000,281.0,0,0.0,0.0,,0.0,normalDay
2019-09-17,1242.0,282.0,0.0,0,300.92,0.0,1,3.08,0.26,SPY190930P00281000,281.0,0,0.0,0.0,,0.0,normalDay
2019-09-18,1242.0,287.0,0.0,0,301.1,0.0,1,3.08,0.21,SPY190930P00281000,281.0,0,0.0,0.0,,0.0,normalDay
2019-09-19,1242.0,290.0,0.0,0,301.08,0.0,1,3.08,0.18,SPY190930P00281000,281.0,0,0.0,0.0,,0.0,normalDay
2019-09-20,1242.0,289.0,0.0,0,298.28,0.0,1,3.08,0.19,SPY190930P00281000,281.0,0,0.0,0.0,,0.0,normalDay
2019-09-23,1242.0,301.0,0.0,0,298.21,0.0,1,3.08,0.07,SPY190930P00281000,281.0,0,0.0,0.0,,0.0,normalDay
2019-09-24,1242.0,292.0,0.0,0,295.87,0.0,1,3.08,0.16,SPY190930P00281000,281.0,0,0.0,0.0,,0.0,normalDay
2019-09-25,1242.0,301.0,0.0,0,297.62,0.0,1,3.08,0.07,SPY190930P00281000,281.0,0,0.0,0.0,,0.0,normalDay
2019-09-26,1242.0,304.0,0.0,0,297.0,0.0,1,3.08,0.04,SPY190930P00281000,281.0,0,0.0,0.0,,0.0,normalDay
2019-09-27,1242.0,304.0,0.0,0,295.4,0.0,1,3.08,0.04,SPY190930P00281000,281.0,0,0.0,0.0,,0.0,normalDay
2019-09-30,1550.0,0.0,308.0,0,296.77,0.0,1,3.08,0.0,SPY190930P00281000,281.0,0,0.0,0.0,,0.0,expirationDay
2019-10-01,1550.0,-5.0,0.0,0,293.24,0.0,1,6.74,6.79,SPY191115P00294000,294.0,0,0.0,0.0,,0.0,normalDay
2019-10-02,1550.0,-339.0,0.0,0,288.06,0.0,1,6.74,10.13,SPY191115P00294000,294.0,0,0.0,0.0,,0.0,normalDay
2019-10-03,1550.0,-147.0,0.0,0,290.42,0.0,1,6.74,8.21,SPY191115P00294000,294.0,0,0.0,0.0,,0.0,normalDay
2019-10-04,1550.0,91.0,0.0,0,294.35,0.0,1,6.74,5.83,SPY191115P00294000,294.0,0,0.0,0.0,,0.0,normalDay
2019-10-07,1550.0,40.0,0.0,0,293.08,0.0,1,6.74,6.34,SPY191115P00294000,294.0,0,0.0,0.0,,0.0,normalDay
2019-10-08,1550.0,-226.0,0.0,0,288.53,0.0,1,6.74,9.0,SPY191115P00294000,294.0,0,0.0,0.0,,0.0,normalDay
2019-10-09,1550.0,-53.0,0.0,0,291.27,0.0,1,6.74,7.27,SPY191115P00294000,294.0,0,0.0,0.0,,0.0,normalDay
2019-10-10,1550.0,81.0,0.0,0,293.24,0.0,1,6.74,5.93,SPY191115P00294000,294.0,0,0.0,0.0,,0.0,normalDay
2019-10-11,1550.0,258.0,0.0,0,296.28,0.0,1,6.74,4.16,SPY191115P00294000,294.0,0,0.0,0.0,,0.0,normalDay
2019-10-14,1550.0,288.0,0.0,0,295.95,0.0,1,6.74,3.86,SPY191115P00294000,294.0,0,0.0,0.0,,0.0,normalDay
2019-10-15,1550.0,417.0,0.0,0,298.88,0.0,1,6.74,2.57,SPY191115P00294000,294.0,0,0.0,0.0,,0.0,normalDay
2019-10-16,1550.0,412.0,0.0,0,298.4,0.0,1,6.74,2.62,SPY191115P00294000,294.0,0,0.0,0.0,,0.0,normalDay
2019-10-17,1550.0,433.0,0.0,0,299.28,0.0,1,6.74,2.41,SPY191115P00294000,294.0,0,0.0,0.0,,0.0,normalDay
2019-10-18,1550.0,405.0,0.0,0,297.97,0.0,1,6.74,2.69,SPY191115P00294000,294.0,0,0.0,0.0,,0.0,normalDay
2019-10-21,1550.0,486.0,0.0,0,299.99,0.0,1,6.74,1.88,SPY191115P00294000,294.0,0,0.0,0.0,,0.0,normalDay
2019-10-22,1550.0,459.0,0.0,0,299.01,0.0,1,6.74,2.15,SPY191115P00294000,294.0,0,0.0,0.0,,0.0,normalDay
2019-10-23,1550.0,501.0,0.0,0,299.88,0.0,1,6.74,1.73,SPY191115P00294000,294.0,0,0.0,0.0,,0.0,normalDay
2019-10-24,1550.0,521.0,0.0,0,300.37,0.0,1,6.74,1.53,SPY191115P00294000,294.0,0,0.0,0.0,,0.0,normalDay
2019-10-25,1550.0,567.0,0.0,0,301.6,0.0,1,6.74,1.07,SPY191115P00294000,294.0,0,0.0,0.0,,0.0,normalDay
2019-10-28,1550.0,595.0,0.0,0,303.3,0.0,1,6.74,0.79,SPY191115P00294000,294.0,0,0.0,0.0,,0.0,normalDay
2019-10-29,1550.0,597.0,0.0,0,303.21,0.0,1,6.74,0.77,SPY191115P00294000,294.0,0,0.0,0.0,,0.0,normalDay
2019-10-30,1550.0,623.0,0.0,0,304.14,0.0,1,6.74,0.51,SPY191115P00294000,294.0,0,0.0,0.0,,0.0,normalDay
2019-10-31,1550.0,606.0,0.0,0,303.33,0.0,1,6.74,0.68,SPY191115P00294000,294.0,0,0.0,0.0,,0.0,normalDay
2019-11-01,1550.0,644.0,0.0,0,306.14,0.0,1,6.74,0.3,SPY191115P00294000,294.0,0,0.0,0.0,,0.0,normalDay
2019-11-04,1550.0,653.0,0.0,0,307.37,0.0,1,6.74,0.21,SPY191115P00294000,294.0,0,0.0,0.0,,0.0,normalDay
2019-11-05,1550.0,656.0,0.0,0,307.03,0.0,1,6.74,0.18,SPY191115P00294000,294.0,0,0.0,0.0,,0.0,normalDay
2019-11-06,1550.0,663.0,0.0,0,307.1,0.0,1,6.74,0.11,SPY191115P00294000,294.0,0,0.0,0.0,,0.0,normalDay
2019-11-07,1550.0,667.0,0.0,0,308.18,0.0,1,6.74,0.07,SPY191115P00294000,294.0,0,0.0,0.0,,0.0,normalDay
2019-11-08,1550.0,670.0,0.0,0,308.94,0.0,1,6.74,0.04,SPY191115P00294000,294.0,0,0.0,0.0,,0.0,normalDay
2019-11-11,1550.0,671.0,0.0,0,308.35,0.0,1,6.74,0.03,SPY191115P00294000,294.0,0,0.0,0.0,,0.0,normalDay
2019-11-12,1550.0,672.0,0.0,0,309.0,0.0,1,6.74,0.02,SPY191115P00294000,294.0,0,0.0,0.0,,0.0,normalDay
2019-11-13,1550.0,672.0,0.0,0,309.1,0.0,1,6.74,0.02,SPY191115P00294000,294.0,0,0.0,0.0,,0.0,normalDay
2019-11-14,1550.0,673.0,0.0,0,309.55,0.0,1,6.74,0.01,SPY191115P00294000,294.0,0,0.0,0.0,,0.0,normalDay
2019-11-15,2224.0,0.0,674.0,0,311.79,0.0,1,6.74,0.0,SPY191115P00294000,294.0,0,0.0,0.0,,0.0,expirationDay
2019-11-18,2224.0,-4.0,0.0,0,312.02,0.0,1,1.81,1.85,SPY191231P00299000,299.0,0,0.0,0.0,,0.0,normalDay
2019-11-19,2224.0,-12.0,0.0,0,311.93,0.0,1,1.81,1.93,SPY191231P00299000,299.0,0,0.0,0.0,,0.0,normalDay
2019-11-20,2224.0,-30.0,0.0,0,310.77,0.0,1,1.81,2.11,SPY191231P00299000,299.0,0,0.0,0.0,,0.0,normalDay
2019-11-21,2224.0,-38.0,0.0,0,310.27,0.0,1,1.81,2.19,SPY191231P00299000,299.0,0,0.0,0.0,,0.0,normalDay
2019-11-22,2224.0,-7.0,0.0,0,310.96,0.0,1,1.81,1.88,SPY191231P00299000,299.0,0,0.0,0.0,,0.0,normalDay
2019-11-25,2224.0,49.0,0.0,0,313.37,0.0,1,1.81,1.32,SPY191231P00299000,299.0,0,0.0,0.0,,0.0,normalDay
2019-11-26,2224.0,69.0,0.0,0,314.08,0.0,1,1.81,1.12,SPY191231P00299000,299.0,0,0.0,0.0,,0.0,normalDay
2019-11-27,2224.0,83.0,0.0,0,315.48,0.0,1,1.81,0.98,SPY191231P00299000,299.0,0,0.0,0.0,,0.0,normalDay
2019-11-29,2224.0,63.0,0.0,0,314.31,0.0,1,1.81,1.18,SPY191231P00299000,299.0,0,0.0,0.0,,0.0,normalDay
2019-12-02,2224.0,-1.0,0.0,0,311.64,0.0,1,1.81,1.82,SPY191231P00299000,299.0,0,0.0,0.0,,0.0,normalDay
2019-12-03,2224.0,-56.0,0.0,0,309.55,0.0,1,1.81,2.37,SPY191231P00299000,299.0,0,0.0,0.0,,0.0,normalDay
2019-12-04,2224.0,0.0,0.0,0,311.46,0.0,1,1.81,1.81,SPY191231P00299000,299.0,0,0.0,0.0,,0.0,normalDay
2019-12-05,2224.0,29.0,0.0,0,312.02,0.0,1,1.81,1.52,SPY191231P00299000,299.0,0,0.0,0.0,,0.0,normalDay
2019-12-06,2224.0,82.0,0.0,0,314.87,0.0,1,1.81,0.99,SPY191231P00299000,299.0,0,0.0,0.0,,0.0,normalDay
2019-12-09,2224.0,55.0,0.0,0,313.88,0.0,1,1.81,1.26,SPY191231P00299000,299.0,0,0.0,0.0,,0.0,normalDay
2019-12-10,2224.0,65.0,0.0,0,313.53,0.0,1,1.81,1.16,SPY191231P00299000,299.0,0,0.0,0.0,,0.0,normalDay
2019-12-11,2224.0,92.0,0.0,0,314.42,0.0,1,1.81,0.89,SPY191231P00299000,299.0,0,0.0,0.0,,0.0,normalDay
2019-12-12,2224.0,123.0,0.0,0,317.13,0.0,1,1.81,0.58,SPY191231P00299000,299.0,0,0.0,0.0,,0.0,normalDay
2019-12-13,2224.0,139.0,0.0,0,317.32,0.0,1,1.81,0.42,SPY191231P00299000,299.0,0,0.0,0.0,,0.0,normalDay
2019-12-16,2224.0,155.0,0.0,0,319.5,0.0,1,1.81,0.26,SPY191231P00299000,299.0,0,0.0,0.0,,0.0,normalDay
2019-12-17,2224.0,159.0,0.0,0,319.57,0.0,1,1.81,0.22,SPY191231P00299000,299.0,0,0.0,0.0,,0.0,normalDay
2019-12-18,2224.0,164.0,0.0,0,319.59,0.0,1,1.81,0.17,SPY191231P00299000,299.0,0,0.0,0.0,,0.0,normalDay
2019-12-19,2224.0,170.0,0.0,0,320.9,0.0,1,1.81,0.11,SPY191231P00299000,299.0,0,0.0,0.0,,0.0,normalDay
2019-12-20,2224.0,172.0,0.0,0,320.73,0.0,1,1.81,0.09,SPY191231P00299000,299.0,0,0.0,0.0,,0.0,normalDay
2019-12-23,2224.0,176.0,0.0,0,321.22,0.0,1,1.81,0.05,SPY191231P00299000,299.0,0,0.0,0.0,,0.0,normalDay
2019-12-24,2224.0,178.0,0.0,0,321.23,0.0,1,1.81,0.03,SPY191231P00299000,299.0,0,0.0,0.0,,0.0,normalDay
2019-12-26,2224.0,179.0,0.0,0,322.94,0.0,1,1.81,0.02,SPY191231P00299000,299.0,0,0.0,0.0,,0.0,normalDay
2019-12-27,2224.0,179.0,0.0,0,322.86,0.0,1,1.81,0.02,SPY191231P00299000,299.0,0,0.0,0.0,,0.0,normalDay
2019-12-30,2224.0,180.0,0.0,0,321.08,0.0,1,1.81,0.01,SPY191231P00299000,299.0,0,0.0,0.0,,0.0,normalDay
2019-12-31,2405.0,0.0,181.0,0,321.86,0.0,1,1.81,0.0,SPY191231P00299000,299.0,0,0.0,0.0,,0.0,expirationDay
2020-01-02,2405.0,-3.0,0.0,0,324.87,0.0,1,2.04,2.07,SPY200221P00311000,311.0,0,0.0,0.0,,0.0,normalDay
2020-01-03,2405.0,-74.0,0.0,0,322.41,0.0,1,2.04,2.78,SPY200221P00311000,311.0,0,0.0,0.0,,0.0,normalDay
2020-01-06,2405.0,-29.0,0.0,0,323.64,0.0,1,2.04,2.33,SPY200221P00311000,311.0,0,0.0,0.0,,0.0,normalDay
2020-01-07,2405.0,-44.0,0.0,0,322.73,0.0,1,2.04,2.48,SPY200221P00311000,311.0,0,0.0,0.0,,0.0,normalDay
2020-01-08,2405.0,4.0,0.0,0,324.45,0.0,1,2.04,2.0,SPY200221P00311000,311.0,0,0.0,0.0,,0.0,normalDay
2020-01-09,2405.0,49.0,0.0,0,326.65,0.0,1,2.04,1.55,SPY200221P00311000,311.0,0,0.0,0.0,,0.0,normalDay
2020-01-10,2405.0,38.0,0.0,0,325.71,0.0,1,2.04,1.66,SPY200221P00311000,311.0,0,0.0,0.0,,0.0,normalDay
2020-01-13,2405.0,83.0,0.0,0,327.95,0.0,1,2.04,1.21,SPY200221P00311000,311.0,0,0.0,0.0,,0.0,normalDay
2020-01-14,2405.0,84.0,0.0,0,327.45,0.0,1,2.04,1.2,SPY200221P00311000,311.0,0,0.0,0.0,,0.0,normalDay
2020-01-15,2405.0,95.0,0.0,0,328.19,0.0,1,2.04,1.09,SPY200221P00311000,311.0,0,0.0,0.0,,0.0,normalDay
2020-01-16,2405.0,116.0,0.0,0,330.92,0.0,1,2.04,0.88,SPY200221P00311000,311.0,0,0.0,0.0,,0.0,normalDay
2020-01-17,2405.0,128.0,0.0,0,331.95,0.0,1,2.04,0.76,SPY200221P00311000,311.0,0,0.0,0.0,,0.0,normalDay
2020-01-21,2405.0,126.0,0.0,0,331.3,0.0,1,2.04,0.78,SPY200221P00311000,311.0,0,0.0,0.0,,0.0,normalDay
2020-01-22,2405.0,128.0,0.0,0,331.34,0.0,1,2.04,0.76,SPY200221P00311000,311.0,0,0.0,0.0,,0.0,normalDay
2020-01-23,2405.0,131.0,0.0,0,331.72,0.0,1,2.04,0.73,SPY200221P00311000,311.0,0,0.0,0.0,,0.0,normalDay
2020-01-24,2405.0,94.0,0.0,0,328.77,0.0,1,2.04,1.1,SPY200221P00311000,311.0,0,0.0,0.0,,0.0,normalDay
2020-01-27,2405.0,-24.0,0.0,0,323.5,0.0,1,2.04,2.28,SPY200221P00311000,311.0,0,0.0,0.0,,0.0,normalDay
2020-01-28,2405.0,71.0,0.0,0,326.89,0.0,1,2.04,1.33,SPY200221P00311000,311.0,0,0.0,0.0,,0.0,normalDay
2020-01-29,2405.0,74.0,0.0,0,326.62,0.0,1,2.04,1.3,SPY200221P00311000,311.0,0,0.0,0.0,,0.0,normalDay
2020-01-30,2405.0,116.0,0.0,0,327.68,0.0,1,2.04,0.88,SPY200221P00311000,311.0,0,0.0,0.0,,0.0,normalDay
2020-01-31,2405.0,-8.0,0.0,0,321.73,0.0,1,2.04,2.12,SPY200221P00311000,311.0,0,0.0,0.0,,0.0,normalDay
2020-02-03,2405.0,59.0,0.0,0,324.12,0.0,1,2.04,1.45,SPY200221P00311000,311.0,0,0.0,0.0,,0.0,normalDay
2020-02-04,2405.0,148.0,0.0,0,329.06,0.0,1,2.04,0.56,SPY200221P00311000,311.0,0,0.0,0.0,,0.0,normalDay
2020-02-05,2405.0,176.0,0.0,0,332.86,0.0,1,2.04,0.28,SPY200221P00311000,311.0,0,0.0,0.0,,0.0,normalDay
2020-02-06,2405.0,178.0,0.0,0,333.98,0.0,1,2.04,0.26,SPY200221P00311000,311.0,0,0.0,0.0,,0.0,normalDay
2020-02-07,2405.0,176.0,0.0,0,332.2,0.0,1,2.04,0.28,SPY200221P00311000,311.0,0,0.0,0.0,,0.0,normalDay
2020-02-10,2405.0,189.0,0.0,0,334.68,0.0,1,2.04,0.15,SPY200221P00311000,311.0,0,0.0,0.0,,0.0,normalDay
2020-02-11,2405.0,191.0,0.0,0,335.26,0.0,1,2.04,0.13,SPY200221P00311000,311.0,0,0.0,0.0,,0.0,normalDay
2020-02-12,2405.0,198.0,0.0,0,337.42,0.0,1,2.04,0.06,SPY200221P00311000,311.0,0,0.0,0.0,,0.0,normalDay
2020-02-13,2405.0,198.0,0.0,0,337.06,0.0,1,2.04,0.06,SPY200221P00311000,311.0,0,0.0,0.0,,0.0,normalDay
2020-02-14,2405.0,200.0,0.0,0,337.6,0.0,1,2.04,0.04,SPY200221P00311000,311.0,0,0.0,0.0,,0.0,normalDay
2020-02-18,2405.0,202.0,0.0,0,336.73,0.0,1,2.04,0.02,SPY200221P00311000,311.0,0,0.0,0.0,,0.0,normalDay
2020-02-19,2405.0,203.0,0.0,0,338.34,0.0,1,2.04,0.01,SPY200221P00311000,311.0,0,0.0,0.0,,0.0,normalDay
2020-02-20,2405.0,203.0,0.0,0,336.95,0.0,1,2.04,0.01,SPY200221P00311000,311.0,0,0.0,0.0,,0.0,normalDay
2020-02-21,2609.0,0.0,204.0,0,333.48,0.0,1,2.04,0.0,SPY200221P00311000,311.0,0,0.0,0.0,,0.0,expirationDay
2020-02-24,2609.0,-7.0,0.0,0,322.42,0.0,1,9.42,9.49,SPY200417P00321000,321.0,0,0.0,0.0,,0.0,normalDay
2020-02-25,2609.0,-498.0,0.0,0,312.65,0.0,1,9.42,14.4,SPY200417P00321000,321.0,0,0.0,0.0,,0.0,normalDay
2020-02-26,2609.0,-601.0,0.0,0,311.5,0.0,1,9.42,15.43,SPY200417P00321000,321.0,0,0.0,0.0,,0.0,normalDay
2020-02-27,2609.0,-1743.0,0.0,0,297.51,0.0,1,9.42,26.85,SPY200417P00321000,321.0,0,0.0,0.0,,0.0,normalDay
2020-02-28,2609.0,-1854.0,0.0,0,296.26,0.0,1,9.42,27.96,SPY200417P00321000,321.0,0,0.0,0.0,,0.0,normalDay
2020-03-02,2609.0,-797.0,0.0,0,309.09,0.0,1,9.42,17.39,SPY200417P00321000,321.0,0,0.0,0.0,,0.0,normalDay
2020-03-03,2609.0,-1385.0,0.0,0,300.24,0.0,1,9.42,23.27,SPY200417P00321000,321.0,0,0.0,0.0,,0.0,normalDay
2020-03-04,2609.0,-629.0,0.0,0,312.86,0.0,1,9.42,15.71,SPY200417P00321000,321.0,0,0.0,0.0,,0.0,normalDay
2020-03-05,2609.0,-1428.0,0.0,0,302.46,0.0,1,9.42,23.7,SPY200417P00321000,321.0,0,0.0,0.0,,0.0,normalDay
2020-03-06,2609.0,-1874.0,0.0,0,297.46,0.0,1,9.42,28.16,SPY200417P00321000,321.0,0,0.0,0.0,,0.0,normalDay
2020-03-09,2609.0,-4028.0,0.0,0,274.23,0.0,1,9.42,49.7,SPY200417P00321000,321.0,0,0.0,0.0,,0.0,normalDay
2020-03-10,2609.0,-2667.0,0.0,0,288.42,0.0,1,9.42,36.09,SPY200417P00321000,321.0,0,0.0,0.0,,0.0,normalDay
2020-03-11,2609.0,-3963.0,0.0,0,274.36,0.0,1,9.42,49.05,SPY200417P00321000,321.0,0,0.0,0.0,,0.0,normalDay
2020-03-12,2609.0,-6518.0,0.0,0,248.11,0.0,1,9.42,74.6,SPY200417P00321000,321.0,0,0.0,0.0,,0.0,normalDay
2020-03-13,2609.0,-4501.0,0.0,0,269.32,0.0,1,9.42,54.43,SPY200417P00321000,321.0,0,0.0,0.0,,0.0,normalDay
2020-03-16,2609.0,-7051.0,0.0,0,239.85,0.0,1,9.42,79.93,SPY200417P00321000,321.0,0,0.0,0.0,,0.0,normalDay
2020-03-17,2609.0,-6195.0,0.0,0,252.8,0.0,1,9.42,71.37,SPY200417P00321000,321.0,0,0.0,0.0,,0.0,normalDay
2020-03-18,2609.0,-7302.0,0.0,0,240.0,0.0,1,9.42,82.44,SPY200417P00321000,321.0,0,0.0,0.0,,0.0,normalDay
2020-03-19,2609.0,-7308.0,0.0,0,240.51,0.0,1,9.42,82.5,SPY200417P00321000,321.0,0,0.0,0.0,,0.0,normalDay
2020-03-20,2609.0,-8266.0,0.0,0,228.8,0.0,1,9.42,92.08,SPY200417P00321000,321.0,0,0.0,0.0,,0.0,normalDay
2020-03-23,2609.0,-9066.0,0.0,0,222.95,0.0,1,9.42,100.08,SPY200417P00321000,321.0,0,0.0,0.0,,0.0,normalDay
2020-03-24,2609.0,-6935.0,0.0,0,243.15,0.0,1,9.42,78.77,SPY200417P00321000,321.0,0,0.0,0.0,,0.0,normalDay
2020-03-25,2609.0,-6474.0,0.0,0,246.79,0.0,1,9.42,74.16,SPY200417P00321000,321.0,0,0.0,0.0,,0.0,normalDay
2020-03-26,2609.0,-5120.0,0.0,0,261.2,0.0,1,9.42,60.62,SPY200417P00321000,321.0,0,0.0,0.0,,0.0,normalDay
2020-03-27,2609.0,-5907.0,0.0,0,253.42,0.0,1,9.42,68.49,SPY200417P00321000,321.0,0,0.0,0.0,,0.0,normalDay
2020-03-30,2609.0,-5105.0,0.0,0,261.65,0.0,1,9.42,60.47,SPY200417P00321000,321.0,0,0.0,0.0,,0.0,normalDay
2020-03-31,2609.0,-5505.0,0.0,0,257.75,0.0,1,9.42,64.47,SPY200417P00321000,321.0,0,0.0,0.0,,0.0,normalDay
2020-04-01,2609.0,-6611.0,0.0,0,246.15,0.0,1,9.42,75.53,SPY200417P00321000,321.0,0,0.0,0.0,,0.0,normalDay
2020-04-02,2609.0,-5932.0,0.0,0,251.83,0.0,1,9.42,68.74,SPY200417P00321000,321.0,0,0.0,0.0,,0.0,normalDay
2020-04-03,2609.0,-6335.0,0.0,0,248.19,0.0,1,9.42,72.77,SPY200417P00321000,321.0,0,0.0,0.0,,0.0,normalDay
2020-04-06,2609.0,-4685.0,0.0,0,264.86,0.0,1,9.42,56.27,SPY200417P00321000,321.0,0,0.0,0.0,,0.0,normalDay
2020-04-07,2609.0,-4782.0,0.0,0,265.13,0.0,1,9.42,57.24,SPY200417P00321000,321.0,0,0.0,0.0,,0.0,normalDay
2020-04-08,2609.0,-3778.0,0.0,0,274.03,0.0,1,9.42,47.2,SPY200417P00321000,321.0,0,0.0,0.0,,0.0,normalDay
2020-04-09,2609.0,-3364.0,0.0,0,278.2,0.0,1,9.42,43.06,SPY200417P00321000,321.0,0,0.0,0.0,,0.0,normalDay
2020-04-13,2609.0,-3608.0,0.0,0,275.66,0.0,1,9.42,45.5,SPY200417P00321000,321.0,0,0.0,0.0,,0.0,normalDay
2020-04-14,2609.0,-2769.0,0.0,0,283.79,0.0,1,9.42,37.11,SPY200417P00321000,321.0,0,0.0,0.0,,0.0,normalDay
2020-04-15,2609.0,-3405.0,0.0,0,277.76,0.0,1,9.42,43.47,SPY200417P00321000,321.0,0,0.0,0.0,,0.0,normalDay
2020-04-16,2609.0,-3255.0,0.0,0,279.1,0.0,1,9.42,41.97,SPY200417P00321000,321.0,0,0.0,0.0,,0.0,normalDay
2020-04-17,3551.0,-3436.0,942.0,100,286.64,321.0,1,9.42,0.0,SPY200417P00321000,321.0,0,0.0,0.0,,0.0,expirationDay
2020-04-20,3551.0,-4011.0,0.0,100,281.59,321.0,0,0.0,0.0,,0.0,1,35.07,35.77,SPY201120C00268000,268.0,normalDay
2020-04-21,3551.0,-4427.0,0.0,100,273.04,321.0,0,0.0,0.0,,0.0,1,35.07,31.38,SPY201120C00268000,268.0,normalDay
2020-04-22,3551.0,-4120.0,0.0,100,279.1,321.0,0,0.0,0.0,,0.0,1,35.07,34.37,SPY201120C00268000,268.0,normalDay
2020-04-23,3551.0,-4100.0,0.0,100,279.08,321.0,0,0.0,0.0,,0.0,1,35.07,34.15,SPY201120C00268000,268.0,normalDay
2020-04-24,3551.0,-3856.0,0.0,100,282.97,321.0,0,0.0,0.0,,0.0,1,35.07,35.6,SPY201120C00268000,268.0,normalDay
2020-04-27,3551.0,-3614.0,0.0,100,287.05,321.0,0,0.0,0.0,,0.0,1,35.07,37.26,SPY201120C00268000,268.0,normalDay
2020-04-28,3551.0,-3659.0,0.0,100,285.73,321.0,0,0.0,0.0,,0.0,1,35.07,36.39,SPY201120C00268000,268.0,normalDay
2020-04-29,3551.0,-3354.0,0.0,100,293.21,321.0,0,0.0,0.0,,0.0,1,35.07,40.82,SPY201120C00268000,268.0,normalDay
2020-04-30,3551.0,-3403.0,0.0,100,290.48,321.0,0,0.0,0.0,,0.0,1,35.07,38.58,SPY201120C00268000,268.0,normalDay
2020-05-01,3551.0,-3797.0,0.0,100,282.79,321.0,0,0.0,0.0,,0.0,1,35.07,34.83,SPY201120C00268000,268.0,normalDay
2020-05-04,3551.0,-3678.0,0.0,100,283.57,321.0,0,0.0,0.0,,0.0,1,35.07,34.42,SPY201120C00268000,268.0,normalDay
2020-05-05,3551.0,-3588.0,0.0,100,286.19,321.0,0,0.0,0.0,,0.0,1,35.07,36.14,SPY201120C00268000,268.0,normalDay
2020-05-06,3551.0,-3630.0,0.0,100,284.25,321.0,0,0.0,0.0,,0.0,1,35.07,34.62,SPY201120C00268000,268.0,normalDay
2020-05-07,3551.0,-3510.0,0.0,100,287.68,321.0,0,0.0,0.0,,0.0,1,35.07,36.85,SPY201120C00268000,268.0,normalDay
2020-05-08,3551.0,-3292.0,0.0,100,292.44,321.0,0,0.0,0.0,,0.0,1,35.07,39.43,SPY201120C00268000,268.0,normalDay
2020-05-11,3551.0,-3235.0,0.0,100,292.5,321.0,0,0.0,0.0,,0.0,1,35.07,38.92,SPY201120C00268000,268.0,normalDay
2020-05-12,3551.0,-3377.0,0.0,100,286.67,321.0,0,0.0,0.0,,0.0,1,35.07,34.51,SPY201120C00268000,268.0,normalDay
2020-05-13,3551.0,-3706.0,0.0,100,281.6,321.0,0,0.0,0.0,,0.0,1,35.07,32.73,SPY201120C00268000,268.0,normalDay
2020-05-14,3551.0,-3551.0,0.0,100,284.97,321.0,0,0.0,0.0,,0.0,1,35.07,34.55,SPY201120C00268000,268.0,normalDay
2020-05-15,3551.0,-3389.0,0.0,100,286.28,321.0,0,0.0,0.0,,0.0,1,35.07,34.24,SPY201120C00268000,268.0,normalDay
2020-05-18,3551.0,-3115.0,0.0,100,295.0,321.0,0,0.0,0.0,,0.0,1,35.07,40.22,SPY201120C00268000,268.0,normalDay
2020-05-19,3551.0,-3240.0,0.0,100,291.97,321.0,0,0.0,0.0,,0.0,1,35.07,38.44,SPY201120C00268000,268.0,normalDay
2020-05-20,3551.0,-3047.0,0.0,100,296.93,321.0,0,0.0,0.0,,0.0,1,35.07,41.47,SPY201120C00268000,268.0,normalDay
2020-05-21,3551.0,-3093.0,0.0,100,294.88,321.0,0,0.0,0.0,,0.0,1,35.07,39.88,SPY201120C00268000,268.0,normalDay
2020-05-22,3551.0,-3080.0,0.0,100,295.44,321.0,0,0.0,0.0,,0.0,1,35.07,40.31,SPY201120C00268000,268.0,normalDay
2020-05-26,3551.0,-2960.0,0.0,100,299.08,321.0,0,0.0,0.0,,0.0,1,35.07,42.75,SPY201120C00268000,268.0,normalDay
2020-05-27,3551.0,-2816.0,0.0,100,303.53,321.0,0,0.0,0.0,,0.0,1,35.07,45.76,SPY201120C00268000,268.0,normalDay
2020-05-28,3551.0,-2893.0,0.0,100,302.97,321.0,0,0.0,0.0,,0.0,1,35.07,45.97,SPY201120C00268000,268.0,normalDay
2020-05-29,3551.0,-2836.0,0.0,100,304.32,321.0,0,0.0,0.0,,0.0,1,35.07,46.75,SPY201120C00268000,268.0,normalDay
2020-06-01,3551.0,-2733.0,0.0,100,305.55,321.0,0,0.0,0.0,,0.0,1,35.07,46.95,SPY201120C00268000,268.0,normalDay
2020-06-02,3551.0,-2632.0,0.0,100,308.08,321.0,0,0.0,0.0,,0.0,1,35.07,48.47,SPY201120C00268000,268.0,normalDay
2020-06-03,3551.0,-2553.0,0.0,100,312.18,321.0,0,0.0,0.0,,0.0,1,35.07,51.78,SPY201120C00268000,268.0,normalDay
2020-06-04,3551.0,-2570.0,0.0,100,311.36,321.0,0,0.0,0.0,,0.0,1,35.07,51.13,SPY201120C00268000,268.0,normalDay
2020-06-05,3551.0,-2390.0,0.0,100,319.34,321.0,0,0.0,0.0,,0.0,1,35.07,57.31,SPY201120C00268000,268.0,normalDay
2020-06-08,3551.0,-2297.0,0.0,100,323.2,321.0,0,0.0,0.0,,0.0,1,35.07,60.24,SPY201120C00268000,268.0,normalDay
2020-06-09,3551.0,-2495.0,0.0,100,320.79,321.0,0,0.0,0.0,,0.0,1,35.07,59.81,SPY201120C00268000,268.0,normalDay
2020-06-10,3551.0,-2439.0,0.0,100,319.0,321.0,0,0.0,0.0,,0.0,1,35.07,57.46,SPY201120C00268000,268.0,normalDay
2020-06-11,3551.0,-3217.0,0.0,100,300.61,321.0,0,0.0,0.0,,0.0,1,35.07,46.85,SPY201120C00268000,268.0,normalDay
2020-06-12,3551.0,-2968.0,0.0,100,304.21,321.0,0,0.0,0.0,,0.0,1,35.07,47.96,SPY201120C00268000,268.0,normalDay
2020-06-15,3551.0,-2885.0,0.0,100,307.05,321.0,0,0.0,0.0,,0.0,1,35.07,49.97,SPY201120C00268000,268.0,normalDay
2020-06-16,3551.0,-2743.0,0.0,100,312.96,321.0,0,0.0,0.0,,0.0,1,35.07,54.46,SPY201120C00268000,268.0,normalDay
2020-06-17,3551.0,-2809.0,0.0,100,311.66,321.0,0,0.0,0.0,,0.0,1,35.07,53.82,SPY201120C00268000,268.0,normalDay
2020-06-18,3551.0,-2758.0,0.0,100,311.78,321.0,0,0.0,0.0,,0.0,1,35.07,53.43,SPY201120C00268000,268.0,normalDay
2020-06-19,3551.0,-2863.0,0.0,100,308.64,321.0,0,0.0,0.0,,0.0,1,35.07,51.34,SPY201120C00268000,268.0,normalDay
2020-06-22,3551.0,-2812.0,0.0,100,310.62,321.0,0,0.0,0.0,,0.0,1,35.07,52.81,SPY201120C00268000,268.0,normalDay
2020-06-23,3551.0,-2735.0,0.0,100,312.05,321.0,0,0.0,0.0,,0.0,1,35.07,53.47,SPY201120C00268000,268.0,normalDay
2020-06-24,3551.0,-2998.0,0.0,100,304.09,321.0,0,0.0,0.0,,0.0,1,35.07,48.14,SPY201120C00268000,268.0,normalDay
2020-06-25,3551.0,-2843.0,0.0,100,307.35,321.0,0,0.0,0.0,,0.0,1,35.07,49.85,SPY201120C00268000,268.0,normalDay
2020-06-26,3551.0,-3099.0,0.0,100,300.05,321.0,0,0.0,0.0,,0.0,1,35.07,45.11,SPY201120C00268000,268.0,normalDay
2020-06-29,3551.0,-2868.0,0.0,100,304.46,321.0,0,0.0,0.0,,0.0,1,35.07,47.21,SPY201120C00268000,268.0,normalDay
2020-06-30,3551.0,-2702.0,0.0,100,308.36,321.0,0,0.0,0.0,,0.0,1,35.07,49.45,SPY201120C00268000,268.0,normalDay
2020-07-01,3551.0,-2629.0,0.0,100,310.52,321.0,0,0.0,0.0,,0.0,1,35.07,50.88,SPY201120C00268000,268.0,normalDay
2020-07-02,3551.0,-2616.0,0.0,100,312.23,321.0,0,0.0,0.0,,0.0,1,35.07,52.46,SPY201120C00268000,268.0,normalDay
2020-07-06,3551.0,-2488.0,0.0,100,317.05,321.0,0,0.0,0.0,,0.0,1,35.07,56.0,SPY201120C00268000,268.0,normalDay
2020-07-07,3551.0,-2587.0,0.0,100,313.78,321.0,0,0.0,0.0,,0.0,1,35.07,53.72,SPY201120C00268000,268.0,normalDay
2020-07-08,3551.0,-2518.0,0.0,100,316.18,321.0,0,0.0,0.0,,0.0,1,35.07,55.43,SPY201120C00268000,268.0,normalDay
2020-07-09,3551.0,-2555.0,0.0,100,314.38,321.0,0,0.0,0.0,,0.0,1,35.07,54.0,SPY201120C00268000,268.0,normalDay
2020-07-10,3551.0,-2494.0,0.0,100,317.59,321.0,0,0.0,0.0,,0.0,1,35.07,56.6,SPY201120C00268000,268.0,normalDay
2020-07-13,3551.0,-2607.0,0.0,100,314.84,321.0,0,0.0,0.0,,0.0,1,35.07,54.98,SPY201120C00268000,268.0,normalDay
2020-07-14,3551.0,-2451.0,0.0,100,318.92,321.0,0,0.0,0.0,,0.0,1,35.07,57.5,SPY201120C00268000,268.0,normalDay
2020-07-15,3551.0,-2419.0,0.0,100,321.85,321.0,0,0.0,0.0,,0.0,1,35.07,60.11,SPY201120C00268000,268.0,normalDay
2020-07-16,3551.0,-2334.0,0.0,100,320.79,321.0,0,0.0,0.0,,0.0,1,35.07,58.2,SPY201120C00268000,268.0,normalDay
2020-07-17,3551.0,-2388.0,0.0,100,321.72,321.0,0,0.0,0.0,,0.0,1,35.07,59.67,SPY201120C00268000,268.0,normalDay
2020-07-20,3551.0,-2305.0,0.0,100,324.32,321.0,0,0.0,0.0,,0.0,1,35.07,61.44,SPY201120C00268000,268.0,normalDay
2020-07-21,3551.0,-2297.0,0.0,100,325.01,321.0,0,0.0,0.0,,0.0,1,35.07,62.05,SPY201120C00268000,268.0,normalDay
2020-07-22,3551.0,-2228.0,0.0,100,326.86,321.0,0,0.0,0.0,,0.0,1,35.07,63.21,SPY201120C00268000,268.0,normalDay
2020-07-23,3551.0,-2249.0,0.0,100,322.96,321.0,0,0.0,0.0,,0.0,1,35.07,59.52,SPY201120C00268000,268.0,normalDay
2020-07-24,3551.0,-2344.0,0.0,100,320.88,321.0,0,0.0,0.0,,0.0,1,35.07,58.39,SPY201120C00268000,268.0,normalDay
2020-07-27,3551.0,-2276.0,0.0,100,323.22,321.0,0,0.0,0.0,,0.0,1,35.07,60.05,SPY201120C00268000,268.0,normalDay
2020-07-28,3551.0,-2291.0,0.0,100,321.17,321.0,0,0.0,0.0,,0.0,1,35.07,58.15,SPY201120C00268000,268.0,normalDay
2020-07-29,3551.0,-2224.0,0.0,100,325.12,321.0,0,0.0,0.0,,0.0,1,35.07,61.43,SPY201120C00268000,268.0,normalDay
2020-07-30,3551.0,-2284.0,0.0,100,323.96,321.0,0,0.0,0.0,,0.0,1,35.07,60.87,SPY201120C00268000,268.0,normalDay
2020-07-31,3551.0,-2243.0,0.0,100,326.52,321.0,0,0.0,0.0,,0.0,1,35.07,63.02,SPY201120C00268000,268.0,normalDay
2020-08-03,3551.0,-2177.0,0.0,100,328.79,321.0,0,0.0,0.0,,0.0,1,35.07,64.63,SPY201120C00268000,268.0,normalDay
2020-08-04,3551.0,-2125.0,0.0,100,330.06,321.0,0,0.0,0.0,,0.0,1,35.07,65.38,SPY201120C00268000,268.0,normalDay
2020-08-05,3551.0,-2100.0,0.0,100,332.11,321.0,0,0.0,0.0,,0.0,1,35.07,67.18,SPY201120C00268000,268.0,normalDay
2020-08-06,3551.0,-2099.0,0.0,100,334.33,321.0,0,0.0,0.0,,0.0,1,35.07,69.39,SPY201120C00268000,268.0,normalDay
2020-08-07,3551.0,-2079.0,0.0,100,334.57,321.0,0,0.0,0.0,,0.0,1,35.07,69.43,SPY201120C00268000,268.0,normalDay
2020-08-10,3551.0,-2052.0,0.0,100,335.57,321.0,0,0.0,0.0,,0.0,1,35.07,70.16,SPY201120C00268000,268.0,normalDay
2020-08-11,3551.0,-2104.0,0.0,100,332.8,321.0,0,0.0,0.0,,0.0,1,35.07,67.91,SPY201120C00268000,268.0,normalDay
2020-08-12,3551.0,-2039.0,0.0,100,337.44,321.0,0,0.0,0.0,,0.0,1,35.07,71.9,SPY201120C00268000,268.0,normalDay
2020-08-13,3551.0,-2030.0,0.0,100,336.83,321.0,0,0.0,0.0,,0.0,1,35.07,71.2,SPY201120C00268000,268.0,normalDay
2020-08-14,3551.0,-2028.0,0.0,100,336.84,321.0,0,0.0,0.0,,0.0,1,35.07,71.19,SPY201120C00268000,268.0,normalDay
2020-08-17,3551.0,-2018.0,0.0,100,337.91,321.0,0,0.0,0.0,,0.0,1,35.07,72.16,SPY201120C00268000,268.0,normalDay
2020-08-18,3551.0,-2010.0,0.0,100,338.64,321.0,0,0.0,0.0,,0.0,1,35.07,72.81,SPY201120C00268000,268.0,normalDay
2020-08-19,3551.0,-2015.0,0.0,100,337.23,321.0,0,0.0,0.0,,0.0,1,35.07,71.45,SPY201120C00268000,268.0,normalDay
2020-08-20,3551.0,-1992.0,0.0,100,338.28,321.0,0,0.0,0.0,,0.0,1,35.07,72.27,SPY201120C00268000,268.0,normalDay
2020-08-21,3551.0,-2030.0,0.0,100,339.48,321.0,0,0.0,0.0,,0.0,1,35.07,73.85,SPY201120C00268000,268.0,normalDay
2020-08-24,3551.0,-1973.0,0.0,100,342.92,321.0,0,0.0,0.0,,0.0,1,35.07,76.72,SPY201120C00268000,268.0,normalDay
2020-08-25,3551.0,-1975.0,0.0,100,344.12,321.0,0,0.0,0.0,,0.0,1,35.07,77.94,SPY201120C00268000,268.0,normalDay
2020-08-26,3551.0,-1976.0,0.0,100,347.57,321.0,0,0.0,0.0,,0.0,1,35.07,81.4,SPY201120C00268000,268.0,normalDay
2020-08-27,3551.0,-2003.0,0.0,100,348.33,321.0,0,0.0,0.0,,0.0,1,35.07,82.43,SPY201120C00268000,268.0,normalDay
2020-08-28,3551.0,-1962.0,0.0,100,350.58,321.0,0,0.0,0.0,,0.0,1,35.07,84.27,SPY201120C00268000,268.0,normalDay
2020-08-31,3551.0,-2044.0,0.0,100,349.31,321.0,0,0.0,0.0,,0.0,1,35.07,83.82,SPY201120C00268000,268.0,normalDay
2020-09-01,3551.0,-1982.0,0.0,100,352.6,321.0,0,0.0,0.0,,0.0,1,35.07,86.49,SPY201120C00268000,268.0,normalDay
2020-09-02,3551.0,-1994.0,0.0,100,357.7,321.0,0,0.0,0.0,,0.0,1,35.07,91.71,SPY201120C00268000,268.0,normalDay
2020-09-03,3551.0,-2185.0,0.0,100,345.39,321.0,0,0.0,0.0,,0.0,1,35.07,81.31,SPY201120C00268000,268.0,normalDay
2020-09-04,3551.0,-2015.0,0.0,100,342.57,321.0,0,0.0,0.0,,0.0,1,35.07,76.79,SPY201120C00268000,268.0,normalDay
2020-09-08,3551.0,-2064.0,0.0,100,333.21,321.0,0,0.0,0.0,,0.0,1,35.07,67.92,SPY201120C00268000,268.0,normalDay
2020-09-09,3551.0,-1952.0,0.0,100,339.79,321.0,0,0.0,0.0,,0.0,1,35.07,73.38,SPY201120C00268000,268.0,normalDay
2020-09-10,3551.0,-2021.0,0.0,100,333.89,321.0,0,0.0,0.0,,0.0,1,35.07,68.17,SPY201120C00268000,268.0,normalDay
2020-09-11,3551.0,-1897.0,0.0,100,334.06,321.0,0,0.0,0.0,,0.0,1,35.07,67.1,SPY201120C00268000,268.0,normalDay
2020-09-14,3551.0,-1922.0,0.0,100,338.46,321.0,0,0.0,0.0,,0.0,1,35.07,71.75,SPY201120C00268000,268.0,normalDay
2020-09-15,3551.0,-1929.0,0.0,100,340.17,321.0,0,0.0,0.0,,0.0,1,35.07,73.53,SPY201120C00268000,268.0,normalDay
2020-09-16,3551.0,-1884.0,0.0,100,338.82,321.0,0,0.0,0.0,,0.0,1,35.07,71.73,SPY201120C00268000,268.0,normalDay
2020-09-17,3551.0,-1926.0,0.0,100,335.84,321.0,0,0.0,0.0,,0.0,1,35.07,69.17,SPY201120C00268000,268.0,normalDay
2020-09-18,3551.0,-2011.0,0.0,100,330.65,321.0,0,0.0,0.0,,0.0,1,35.07,64.83,SPY201120C00268000,268.0,normalDay
2020-09-21,3551.0,-2049.0,0.0,100,326.97,321.0,0,0.0,0.0,,0.0,1,35.07,61.53,SPY201120C00268000,268.0,normalDay
2020-09-22,3551.0,-1959.0,0.0,100,330.3,321.0,0,0.0,0.0,,0.0,1,35.07,63.96,SPY201120C00268000,268.0,normalDay
2020-09-23,3551.0,-2057.0,0.0,100,322.64,321.0,0,0.0,0.0,,0.0,1,35.07,57.28,SPY201120C00268000,268.0,normalDay
2020-09-24,3551.0,-2056.0,0.0,100,323.5,321.0,0,0.0,0.0,,0.0,1,35.07,58.13,SPY201120C00268000,268.0,normalDay
2020-09-25,3551.0,-1962.0,0.0,100,328.73,321.0,0,0.0,0.0,,0.0,1,35.07,62.42,SPY201120C00268000,268.0,normalDay
2020-09-28,3551.0,-1939.0,0.0,100,334.19,321.0,0,0.0,0.0,,0.0,1,35.07,67.65,SPY201120C00268000,268.0,normalDay
2020-09-29,3551.0,-2004.0,0.0,100,332.37,321.0,0,0.0,0.0,,0.0,1,35.07,66.48,SPY201120C00268000,268.0,normalDay
2020-09-30,3551.0,-1822.0,0.0,100,334.89,321.0,0,0.0,0.0,,0.0,1,35.07,67.18,SPY201120C00268000,268.0,normalDay
2020-10-01,3551.0,-1923.0,0.0,100,337.04,321.0,0,0.0,0.0,,0.0,1,35.07,70.34,SPY201120C00268000,268.0,normalDay
2020-10-02,3551.0,-1926.0,0.0,100,333.84,321.0,0,0.0,0.0,,0.0,1,35.07,67.17,SPY201120C00268000,268.0,normalDay
2020-10-05,3551.0,-1858.0,0.0,100,339.76,321.0,0,0.0,0.0,,0.0,1,35.07,72.41,SPY201120C00268000,268.0,normalDay
2020-10-06,3551.0,-1954.0,0.0,100,334.93,321.0,0,0.0,0.0,,0.0,1,35.07,68.54,SPY201120C00268000,268.0,normalDay
2020-10-07,3551.0,-1863.0,0.0,100,340.76,321.0,0,0.0,0.0,,0.0,1,35.07,73.46,SPY201120C00268000,268.0,normalDay
2020-10-08,3551.0,-1841.0,0.0,100,343.78,321.0,0,0.0,0.0,,0.0,1,35.07,76.26,SPY201120C00268000,268.0,normalDay
2020-10-09,3551.0,-1872.0,0.0,100,346.85,321.0,0,0.0,0.0,,0.0,1,35.07,79.64,SPY201120C00268000,268.0,normalDay
2020-10-12,3551.0,-1869.0,0.0,100,352.43,321.0,0,0.0,0.0,,0.0,1,35.07,85.19,SPY201120C00268000,268.0,normalDay
2020-10-13,3551.0,-1867.0,0.0,100,350.13,321.0,0,0.0,0.0,,0.0,1,35.07,82.87,SPY201120C00268000,268.0,normalDay
2020-10-14,3551.0,-1845.0,0.0,100,347.93,321.0,0,0.0,0.0,,0.0,1,35.07,80.45,SPY201120C00268000,268.0,normalDay
2020-10-15,3551.0,-1877.0,0.0,100,347.5,321.0,0,0.0,0.0,,0.0,1,35.07,80.34,SPY201120C00268000,268.0,normalDay
2020-10-16,3551.0,-1811.0,0.0,100,347.29,321.0,0,0.0,0.0,,0.0,1,35.07,79.47,SPY201120C00268000,268.0,normalDay
2020-10-19,3551.0,-1883.0,0.0,100,342.01,321.0,0,0.0,0.0,,0.0,1,35.07,74.91,SPY201120C00268000,268.0,normalDay
2020-10-20,3551.0,-1837.0,0.0,100,343.38,321.0,0,0.0,0.0,,0.0,1,35.07,75.82,SPY201120C00268000,268.0,normalDay
2020-10-21,3551.0,-1899.0,0.0,100,342.73,321.0,0,0.0,0.0,,0.0,1,35.07,75.79,SPY201120C00268000,268.0,normalDay
2020-10-22,3551.0,-1823.0,0.0,100,344.61,321.0,0,0.0,0.0,,0.0,1,35.07,76.91,SPY201120C00268000,268.0,normalDay
2020-10-23,3551.0,-1794.0,0.0,100,345.78,321.0,0,0.0,0.0,,0.0,1,35.07,77.79,SPY201120C00268000,268.0,normalDay
2020-10-26,3551.0,-1893.0,0.0,100,339.39,321.0,0,0.0,0.0,,0.0,1,35.07,72.39,SPY201120C00268000,268.0,normalDay
2020-10-27,3551.0,-1876.0,0.0,100,338.22,321.0,0,0.0,0.0,,0.0,1,35.07,71.05,SPY201120C00268000,268.0,normalDay
2020-10-28,3551.0,-1957.0,0.0,100,326.66,321.0,0,0.0,0.0,,0.0,1,35.07,60.3,SPY201120C00268000,268.0,normalDay
2020-10-29,3551.0,-2003.0,0.0,100,329.98,321.0,0,0.0,0.0,,0.0,1,35.07,64.08,SPY201120C00268000,268.0,normalDay
2020-10-30,3551.0,-1999.0,0.0,100,326.54,321.0,0,0.0,0.0,,0.0,1,35.07,60.6,SPY201120C00268000,268.0,normalDay
2020-11-02,3551.0,-1922.0,0.0,100,330.2,321.0,0,0.0,0.0,,0.0,1,35.07,63.49,SPY201120C00268000,268.0,normalDay
2020-11-03,3551.0,-1797.0,0.0,100,336.03,321.0,0,0.0,0.0,,0.0,1,35.07,68.07,SPY201120C00268000,268.0,normalDay
2020-11-04,3551.0,-1857.0,0.0,100,343.54,321.0,0,0.0,0.0,,0.0,1,35.07,76.18,SPY201120C00268000,268.0,normalDay
2020-11-05,3551.0,-1861.0,0.0,100,350.24,321.0,0,0.0,0.0,,0.0,1,35.07,82.92,SPY201120C00268000,268.0,normalDay
2020-11-06,3551.0,-1827.0,0.0,100,350.16,321.0,0,0.0,0.0,,0.0,1,35.07,82.5,SPY201120C00268000,268.0,normalDay
2020-11-09,3551.0,-1930.0,0.0,100,354.56,321.0,0,0.0,0.0,,0.0,1,35.07,87.93,SPY201120C00268000,268.0,normalDay
2020-11-10,3551.0,-1887.0,0.0,100,354.04,321.0,0,0.0,0.0,,0.0,1,35.07,86.98,SPY201120C00268000,268.0,normalDay
2020-11-11,3551.0,-1887.0,0.0,100,356.67,321.0,0,0.0,0.0,,0.0,1,35.07,89.61,SPY201120C00268000,268.0,normalDay
2020-11-12,3551.0,-1878.0,0.0,100,353.21,321.0,0,0.0,0.0,,0.0,1,35.07,86.06,SPY201120C00268000,268.0,normalDay
2020-11-13,3551.0,-1827.0,0.0,100,358.1,321.0,0,0.0,0.0,,0.0,1,35.07,90.44,SPY201120C00268000,268.0,normalDay
2020-11-16,3551.0,-1807.0,0.0,100,362.57,321.0,0,0.0,0.0,,0.0,1,35.07,94.71,SPY201120C00268000,268.0,normalDay
2020-11-17,3551.0,-1825.0,0.0,100,360.62,321.0,0,0.0,0.0,,0.0,1,35.07,92.94,SPY201120C00268000,268.0,normalDay
2020-11-18,3551.0,-1839.0,0.0,100,356.28,321.0,0,0.0,0.0,,0.0,1,35.07,88.74,SPY201120C00268000,268.0,normalDay
2020-11-19,3551.0,-1830.0,0.0,100,357.78,321.0,0,0.0,0.0,,0.0,1,35.07,90.15,SPY201120C00268000,268.0,normalDay
2020-11-20,1758.0,-1830.0,-1793.0,0,355.33,0.0,0,0.0,0.0,,0.0,1,35.07,0.0,SPY201120C00268000,268.0,expirationDay
2020-11-23,1758.0,-5.0,0.0,0,357.46,0.0,1,3.64,3.69,SPY210115P00325000,325.0,0,0.0,0.0,,0.0,normalDay
2020-11-24,1758.0,84.0,0.0,0,363.22,0.0,1,3.64,2.8,SPY210115P00325000,325.0,0,0.0,0.0,,0.0,normalDay
2020-11-25,1758.0,99.0,0.0,0,362.66,0.0,1,3.64,2.65,SPY210115P00325000,325.0,0,0.0,0.0,,0.0,normalDay
2020-11-27,1758.0,125.0,0.0,0,363.67,0.0,1,3.64,2.39,SPY210115P00325000,325.0,0,0.0,0.0,,0.0,normalDay
2020-11-30,1758.0,141.0,0.0,0,362.06,0.0,1,3.64,2.23,SPY210115P00325000,325.0,0,0.0,0.0,,0.0,normalDay
2020-12-01,1758.0,162.0,0.0,0,366.02,0.0,1,3.64,2.02,SPY210115P00325000,325.0,0,0.0,0.0,,0.0,normalDay
2020-12-02,1758.0,171.0,0.0,0,366.79,0.0,1,3.64,1.93,SPY210115P00325000,325.0,0,0.0,0.0,,0.0,normalDay
2020-12-03,1758.0,169.0,0.0,0,366.69,0.0,1,3.64,1.95,SPY210115P00325000,325.0,0,0.0,0.0,,0.0,normalDay
2020-12-04,1758.0,211.0,0.0,0,369.85,0.0,1,3.64,1.53,SPY210115P00325000,325.0,0,0.0,0.0,,0.0,normalDay
2020-12-07,1758.0,216.0,0.0,0,369.09,0.0,1,3.64,1.48,SPY210115P00325000,325.0,0,0.0,0.0,,0.0,normalDay
2020-12-08,1758.0,245.0,0.0,0,370.17,0.0,1,3.64,1.19,SPY210115P00325000,325.0,0,0.0,0.0,,0.0,normalDay
2020-12-09,1758.0,215.0,0.0,0,366.85,0.0,1,3.64,1.49,SPY210115P00325000,325.0,0,0.0,0.0,,0.0,normalDay
2020-12-10,1758.0,219.0,0.0,0,366.73,0.0,1,3.64,1.45,SPY210115P00325000,325.0,0,0.0,0.0,,0.0,normalDay
2020-12-11,1758.0,207.0,0.0,0,366.3,0.0,1,3.64,1.57,SPY210115P00325000,325.0,0,0.0,0.0,,0.0,normalDay
2020-12-14,1758.0,193.0,0.0,0,364.66,0.0,1,3.64,1.71,SPY210115P00325000,325.0,0,0.0,0.0,,0.0,normalDay
2020-12-15,1758.0,240.0,0.0,0,369.59,0.0,1,3.64,1.24,SPY210115P00325000,325.0,0,0.0,0.0,,0.0,normalDay
2020-12-16,1758.0,257.0,0.0,0,370.17,0.0,1,3.64,1.07,SPY210115P00325000,325.0,0,0.0,0.0,,0.0,normalDay
2020-12-17,1758.0,277.0,0.0,0,372.24,0.0,1,3.64,0.87,SPY210115P00325000,325.0,0,0.0,0.0,,0.0,normalDay
2020-12-18,1758.0,283.0,0.0,0,369.18,0.0,1,3.64,0.81,SPY210115P00325000,325.0,0,0.0,0.0,,0.0,normalDay
2020-12-21,1758.0,250.0,0.0,0,367.86,0.0,1,3.64,1.14,SPY210115P00325000,325.0,0,0.0,0.0,,0.0,normalDay
2020-12-22,1758.0,264.0,0.0,0,367.24,0.0,1,3.64,1.0,SPY210115P00325000,325.0,0,0.0,0.0,,0.0,normalDay
2020-12-23,1758.0,279.0,0.0,0,367.57,0.0,1,3.64,0.85,SPY210115P00325000,325.0,0,0.0,0.0,,0.0,normalDay
2020-12-24,1758.0,302.0,0.0,0,369.0,0.0,1,3.64,0.62,SPY210115P00325000,325.0,0,0.0,0.0,,0.0,normalDay
2020-12-28,1758.0,322.0,0.0,0,372.17,0.0,1,3.64,0.42,SPY210115P00325000,325.0,0,0.0,0.0,,0.0,normalDay
2020-12-29,1758.0,317.0,0.0,0,371.46,0.0,1,3.64,0.47,SPY210115P00325000,325.0,0,0.0,0.0,,0.0,normalDay
2020-12-30,1758.0,323.0,0.0,0,371.99,0.0,1,3.64,0.41,SPY210115P00325000,325.0,0,0.0,0.0,,0.0,normalDay
2020-12-31,1758.0,329.0,0.0,0,373.88,0.0,1,3.64,0.35,SPY210115P00325000,325.0,0,0.0,0.0,,0.0,normalDay
2021-01-04,1758.0,321.0,0.0,0,368.79,0.0,1,3.64,0.43,SPY210115P00325000,325.0,0,0.0,0.0,,0.0,normalDay
2021-01-05,1758.0,335.0,0.0,0,371.33,0.0,1,3.64,0.29,SPY210115P00325000,325.0,0,0.0,0.0,,0.0,normalDay
2021-01-06,1758.0,333.0,0.0,0,373.55,0.0,1,3.64,0.31,SPY210115P00325000,325.0,0,0.0,0.0,,0.0,normalDay
2021-01-07,1758.0,351.0,0.0,0,379.1,0.0,1,3.64,0.13,SPY210115P00325000,325.0,0,0.0,0.0,,0.0,normalDay
2021-01-08,1758.0,358.0,0.0,0,381.26,0.0,1,3.64,0.06,SPY210115P00325000,325.0,0,0.0,0.0,,0.0,normalDay
2021-01-11,1758.0,358.0,0.0,0,378.69,0.0,1,3.64,0.06,SPY210115P00325000,325.0,0,0.0,0.0,,0.0,normalDay
2021-01-12,1758.0,360.0,0.0,0,378.77,0.0,1,3.64,0.04,SPY210115P00325000,325.0,0,0.0,0.0,,0.0,normalDay
2021-01-13,1758.0,362.0,0.0,0,379.79,0.0,1,3.64,0.02,SPY210115P00325000,325.0,0,0.0,0.0,,0.0,normalDay
2021-01-14,1758.0,363.0,0.0,0,378.46,0.0,1,3.64,0.01,SPY210115P00325000,325.0,0,0.0,0.0,,0.0,normalDay
2021-01-15,2122.0,0.0,364.0,0,375.7,0.0,1,3.64,0.0,SPY210115P00325000,325.0,0,0.0,0.0,,0.0,expirationDay
2021-01-19,2122.0,-6.0,0.0,0,378.65,0.0,1,5.36,5.42,SPY210226P00365000,365.0,0,0.0,0.0,,0.0,normalDay
2021-01-20,2122.0,140.0,0.0,0,383.89,0.0,1,5.36,3.96,SPY210226P00365000,365.0,0,0.0,0.0,,0.0,normalDay
2021-01-21,2122.0,162.0,0.0,0,384.24,0.0,1,5.36,3.74,SPY210226P00365000,365.0,0,0.0,0.0,,0.0,normalDay
2021-01-22,2122.0,141.0,0.0,0,382.88,0.0,1,5.36,3.95,SPY210226P00365000,365.0,0,0.0,0.0,,0.0,normalDay
2021-01-25,2122.0,164.0,0.0,0,384.39,0.0,1,5.36,3.72,SPY210226P00365000,365.0,0,0.0,0.0,,0.0,normalDay
2021-01-26,2122.0,179.0,0.0,0,383.79,0.0,1,5.36,3.57,SPY210226P00365000,365.0,0,0.0,0.0,,0.0,normalDay
2021-01-27,2122.0,-302.0,0.0,0,374.41,0.0,1,5.36,8.38,SPY210226P00365000,365.0,0,0.0,0.0,,0.0,normalDay
2021-01-28,2122.0,-87.0,0.0,0,377.63,0.0,1,5.36,6.23,SPY210226P00365000,365.0,0,0.0,0.0,,0.0,normalDay
2021-01-29,2122.0,-445.0,0.0,0,370.07,0.0,1,5.36,9.81,SPY210226P00365000,365.0,0,0.0,0.0,,0.0,normalDay
2021-02-01,2122.0,-82.0,0.0,0,376.23,0.0,1,5.36,6.18,SPY210226P00365000,365.0,0,0.0,0.0,,0.0,normalDay
2021-02-02,2122.0,184.0,0.0,0,381.55,0.0,1,5.36,3.52,SPY210226P00365000,365.0,0,0.0,0.0,,0.0,normalDay
2021-02-03,2122.0,252.0,0.0,0,381.85,0.0,1,5.36,2.84,SPY210226P00365000,365.0,0,0.0,0.0,,0.0,normalDay
2021-02-04,2122.0,341.0,0.0,0,386.19,0.0,1,5.36,1.95,SPY210226P00365000,365.0,0,0.0,0.0,,0.0,normalDay
2021-02-05,2122.0,386.0,0.0,0,387.71,0.0,1,5.36,1.5,SPY210226P00365000,365.0,0,0.0,0.0,,0.0,normalDay
2021-02-08,2122.0,425.0,0.0,0,390.51,0.0,1,5.36,1.11,SPY210226P00365000,365.0,0,0.0,0.0,,0.0,normalDay
2021-02-09,2122.0,431.0,0.0,0,390.25,0.0,1,5.36,1.05,SPY210226P00365000,365.0,0,0.0,0.0,,0.0,normalDay
2021-02-10,2122.0,428.0,0.0,0,390.08,0.0,1,5.36,1.08,SPY210226P00365000,365.0,0,0.0,0.0,,0.0,normalDay
2021-02-11,2122.0,449.0,0.0,0,390.71,0.0,1,5.36,0.87,SPY210226P00365000,365.0,0,0.0,0.0,,0.0,normalDay
2021-02-12,2122.0,487.0,0.0,0,392.64,0.0,1,5.36,0.49,SPY210226P00365000,365.0,0,0.0,0.0,,0.0,normalDay
2021-02-16,2122.0,490.0,0.0,0,392.3,0.0,1,5.36,0.46,SPY210226P00365000,365.0,0,0.0,0.0,,0.0,normalDay
2021-02-17,2122.0,502.0,0.0,0,392.39,0.0,1,5.36,0.34,SPY210226P00365000,365.0,0,0.0,0.0,,0.0,normalDay
2021-02-18,2122.0,499.0,0.0,0,390.72,0.0,1,5.36,0.37,SPY210226P00365000,365.0,0,0.0,0.0,,0.0,normalDay
2021-02-19,2122.0,517.0,0.0,0,390.03,0.0,1,5.36,0.19,SPY210226P00365000,365.0,0,0.0,0.0,,0.0,normalDay
2021-02-22,2122.0,519.0,0.0,0,387.03,0.0,1,5.36,0.17,SPY210226P00365000,365.0,0,0.0,0.0,,0.0,normalDay
2021-02-23,2122.0,526.0,0.0,0,387.5,0.0,1,5.36,0.1,SPY210226P00365000,365.0,0,0.0,0.0,,0.0,normalDay
2021-02-24,2122.0,533.0,0.0,0,391.77,0.0,1,5.36,0.03,SPY210226P00365000,365.0,0,0.0,0.0,,0.0,normalDay
2021-02-25,2122.0,526.0,0.0,0,382.33,0.0,1,5.36,0.1,SPY210226P00365000,365.0,0,0.0,0.0,,0.0,normalDay
2021-02-26,2658.0,0.0,536.0,0,380.36,0.0,1,5.36,0.0,SPY210226P00365000,365.0,0,0.0,0.0,,0.0,expirationDay
2021-03-01,2658.0,-5.0,0.0,0,389.58,0.0,1,7.24,7.29,SPY210416P00379000,379.0,0,0.0,0.0,,0.0,normalDay
2021-03-02,2658.0,-121.0,0.0,0,386.54,0.0,1,7.24,8.45,SPY210416P00379000,379.0,0,0.0,0.0,,0.0,normalDay
2021-03-03,2658.0,-339.0,0.0,0,381.42,0.0,1,7.24,10.63,SPY210416P00379000,379.0,0,0.0,0.0,,0.0,normalDay
2021-03-04,2658.0,-563.0,0.0,0,376.7,0.0,1,7.24,12.87,SPY210416P00379000,379.0,0,0.0,0.0,,0.0,normalDay
2021-03-05,2658.0,-181.0,0.0,0,383.63,0.0,1,7.24,9.05,SPY210416P00379000,379.0,0,0.0,0.0,,0.0,normalDay
2021-03-08,2658.0,-236.0,0.0,0,381.72,0.0,1,7.24,9.6,SPY210416P00379000,379.0,0,0.0,0.0,,0.0,normalDay
2021-03-09,2658.0,-10.0,0.0,0,387.17,0.0,1,7.24,7.34,SPY210416P00379000,379.0,0,0.0,0.0,,0.0,normalDay
2021-03-10,2658.0,126.0,0.0,0,389.58,0.0,1,7.24,5.98,SPY210416P00379000,379.0,0,0.0,0.0,,0.0,normalDay
2021-03-11,2658.0,232.0,0.0,0,393.53,0.0,1,7.24,4.92,SPY210416P00379000,379.0,0,0.0,0.0,,0.0,normalDay
2021-03-12,2658.0,304.0,0.0,0,394.06,0.0,1,7.24,4.2,SPY210416P00379000,379.0,0,0.0,0.0,,0.0,normalDay
2021-03-15,2658.0,396.0,0.0,0,396.41,0.0,1,7.24,3.28,SPY210416P00379000,379.0,0,0.0,0.0,,0.0,normalDay
2021-03-16,2658.0,393.0,0.0,0,395.91,0.0,1,7.24,3.31,SPY210416P00379000,379.0,0,0.0,0.0,,0.0,normalDay
2021-03-17,2658.0,444.0,0.0,0,397.26,0.0,1,7.24,2.8,SPY210416P00379000,379.0,0,0.0,0.0,,0.0,normalDay
2021-03-18,2658.0,325.0,0.0,0,391.48,0.0,1,7.24,3.99,SPY210416P00379000,379.0,0,0.0,0.0,,0.0,normalDay
2021-03-19,2658.0,311.0,0.0,0,389.48,0.0,1,7.24,4.13,SPY210416P00379000,379.0,0,0.0,0.0,,0.0,normalDay
2021-03-22,2658.0,467.0,0.0,0,392.59,0.0,1,7.24,2.57,SPY210416P00379000,379.0,0,0.0,0.0,,0.0,normalDay
2021-03-23,2658.0,381.0,0.0,0,389.5,0.0,1,7.24,3.43,SPY210416P00379000,379.0,0,0.0,0.0,,0.0,normalDay
2021-03-24,2658.0,334.0,0.0,0,387.52,0.0,1,7.24,3.9,SPY210416P00379000,379.0,0,0.0,0.0,,0.0,normalDay
2021-03-25,2658.0,428.0,0.0,0,389.7,0.0,1,7.24,2.96,SPY210416P00379000,379.0,0,0.0,0.0,,0.0,normalDay
2021-03-26,2658.0,540.0,0.0,0,395.98,0.0,1,7.24,1.84,SPY210416P00379000,379.0,0,0.0,0.0,,0.0,normalDay
2021-03-29,2658.0,527.0,0.0,0,395.78,0.0,1,7.24,1.97,SPY210416P00379000,379.0,0,0.0,0.0,,0.0,normalDay
2021-03-30,2658.0,547.0,0.0,0,394.73,0.0,1,7.24,1.77,SPY210416P00379000,379.0,0,0.0,0.0,,0.0,normalDay
2021-03-31,2658.0,592.0,0.0,0,396.33,0.0,1,7.24,1.32,SPY210416P00379000,379.0,0,0.0,0.0,,0.0,normalDay
2021-04-01,2658.0,659.0,0.0,0,400.61,0.0,1,7.24,0.65,SPY210416P00379000,379.0,0,0.0,0.0,,0.0,normalDay
2021-04-05,2658.0,690.0,0.0,0,406.36,0.0,1,7.24,0.34,SPY210416P00379000,379.0,0,0.0,0.0,,0.0,normalDay
2021-04-06,2658.0,693.0,0.0,0,406.12,0.0,1,7.24,0.31,SPY210416P00379000,379.0,0,0.0,0.0,,0.0,normalDay
2021-04-07,2658.0,705.0,0.0,0,406.59,0.0,1,7.24,0.19,SPY210416P00379000,379.0,0,0.0,0.0,,0.0,normalDay
2021-04-08,2658.0,711.0,0.0,0,408.52,0.0,1,7.24,0.13,SPY210416P00379000,379.0,0,0.0,0.0,,0.0,normalDay
2021-04-09,2658.0,717.0,0.0,0,411.49,0.0,1,7.24,0.07,SPY210416P00379000,379.0,0,0.0,0.0,,0.0,normalDay
2021-04-12,2658.0,721.0,0.0,0,411.64,0.0,1,7.24,0.03,SPY210416P00379000,379.0,0,0.0,0.0,,0.0,normalDay
2021-04-13,2658.0,722.0,0.0,0,412.86,0.0,1,7.24,0.02,SPY210416P00379000,379.0,0,0.0,0.0,,0.0,normalDay
2021-04-14,2658.0,722.0,0.0,0,411.45,0.0,1,7.24,0.02,SPY210416P00379000,379.0,0,0.0,0.0,,0.0,normalDay
2021-04-15,2658.0,723.0,0.0,0,415.87,0.0,1,7.24,0.01,SPY210416P00379000,379.0,0,0.0,0.0,,0.0,normalDay
2021-04-16,3382.0,0.0,724.0,0,417.26,0.0,1,7.24,0.0,SPY210416P00379000,379.0,0,0.0,0.0,,0.0,expirationDay
2021-04-19,3382.0,-5.0,0.0,0,415.21,0.0,1,2.09,2.14,SPY210528P00385000,385.0,0,0.0,0.0,,0.0,normalDay
2021-04-20,3382.0,-64.0,0.0,0,412.17,0.0,1,2.09,2.73,SPY210528P00385000,385.0,0,0.0,0.0,,0.0,normalDay
2021-04-21,3382.0,12.0,0.0,0,416.07,0.0,1,2.09,1.97,SPY210528P00385000,385.0,0,0.0,0.0,,0.0,normalDay
2021-04-22,3382.0,-46.0,0.0,0,412.27,0.0,1,2.09,2.55,SPY210528P00385000,385.0,0,0.0,0.0,,0.0,normalDay
2021-04-23,3382.0,36.0,0.0,0,416.74,0.0,1,2.09,1.73,SPY210528P00385000,385.0,0,0.0,0.0,,0.0,normalDay
2021-04-26,3382.0,58.0,0.0,0,417.61,0.0,1,2.09,1.51,SPY210528P00385000,385.0,0,0.0,0.0,,0.0,normalDay
2021-04-27,3382.0,64.0,0.0,0,417.52,0.0,1,2.09,1.45,SPY210528P00385000,385.0,0,0.0,0.0,,0.0,normalDay
2021-04-28,3382.0,80.0,0.0,0,417.4,0.0,1,2.09,1.29,SPY210528P00385000,385.0,0,0.0,0.0,,0.0,normalDay
2021-04-29,3382.0,91.0,0.0,0,420.06,0.0,1,2.09,1.18,SPY210528P00385000,385.0,0,0.0,0.0,,0.0,normalDay
2021-04-30,3382.0,67.0,0.0,0,417.3,0.0,1,2.09,1.42,SPY210528P00385000,385.0,0,0.0,0.0,,0.0,normalDay
2021-05-03,3382.0,91.0,0.0,0,418.2,0.0,1,2.09,1.18,SPY210528P00385000,385.0,0,0.0,0.0,,0.0,normalDay
2021-05-04,3382.0,64.0,0.0,0,415.62,0.0,1,2.09,1.45,SPY210528P00385000,385.0,0,0.0,0.0,,0.0,normalDay
2021-05-05,3382.0,73.0,0.0,0,415.75,0.0,1,2.09,1.36,SPY210528P00385000,385.0,0,0.0,0.0,,0.0,normalDay
2021-05-06,3382.0,110.0,0.0,0,419.07,0.0,1,2.09,0.99,SPY210528P00385000,385.0,0,0.0,0.0,,0.0,normalDay
2021-05-07,3382.0,141.0,0.0,0,422.12,0.0,1,2.09,0.68,SPY210528P00385000,385.0,0,0.0,0.0,,0.0,normalDay
2021-05-10,3382.0,107.0,0.0,0,417.94,0.0,1,2.09,1.02,SPY210528P00385000,385.0,0,0.0,0.0,,0.0,normalDay
2021-05-11,3382.0,74.0,0.0,0,414.21,0.0,1,2.09,1.35,SPY210528P00385000,385.0,0,0.0,0.0,,0.0,normalDay
2021-05-12,3382.0,-108.0,0.0,0,405.41,0.0,1,2.09,3.17,SPY210528P00385000,385.0,0,0.0,0.0,,0.0,normalDay
2021-05-13,3382.0,43.0,0.0,0,410.28,0.0,1,2.09,1.66,SPY210528P00385000,385.0,0,0.0,0.0,,0.0,normalDay
2021-05-14,3382.0,147.0,0.0,0,416.58,0.0,1,2.09,0.62,SPY210528P00385000,385.0,0,0.0,0.0,,0.0,normalDay
2021-05-17,3382.0,161.0,0.0,0,415.52,0.0,1,2.09,0.48,SPY210528P00385000,385.0,0,0.0,0.0,,0.0,normalDay
2021-05-18,3382.0,140.0,0.0,0,411.94,0.0,1,2.09,0.69,SPY210528P00385000,385.0,0,0.0,0.0,,0.0,normalDay
2021-05-19,3382.0,146.0,0.0,0,410.86,0.0,1,2.09,0.63,SPY210528P00385000,385.0,0,0.0,0.0,,0.0,normalDay
2021-05-20,3382.0,179.0,0.0,0,415.28,0.0,1,2.09,0.3,SPY210528P00385000,385.0,0,0.0,0.0,,0.0,normalDay
2021-05-21,3382.0,193.0,0.0,0,414.94,0.0,1,2.09,0.16,SPY210528P00385000,385.0,0,0.0,0.0,,0.0,normalDay
2021-05-24,3382.0,204.0,0.0,0,419.17,0.0,1,2.09,0.05,SPY210528P00385000,385.0,0,0.0,0.0,,0.0,normalDay
2021-05-25,3382.0,203.0,0.0,0,418.24,0.0,1,2.09,0.06,SPY210528P00385000,385.0,0,0.0,0.0,,0.0,normalDay
2021-05-26,3382.0,206.0,0.0,0,419.07,0.0,1,2.09,0.03,SPY210528P00385000,385.0,0,0.0,0.0,,0.0,normalDay
2021-05-27,3382.0,208.0,0.0,0,419.29,0.0,1,2.09,0.01,SPY210528P00385000,385.0,0,0.0,0.0,,0.0,normalDay
2021-05-28,3591.0,0.0,209.0,0,420.04,0.0,1,2.09,0.0,SPY210528P00385000,385.0,0,0.0,0.0,,0.0,expirationDay
2021-06-01,3591.0,-5.0,0.0,0,419.67,0.0,1,5.26,5.31,SPY210716P00408000,408.0,0,0.0,0.0,,0.0,normalDay
2021-06-02,3591.0,37.0,0.0,0,420.33,0.0,1,5.26,4.89,SPY210716P00408000,408.0,0,0.0,0.0,,0.0,normalDay
2021-06-03,3591.0,-15.0,0.0,0,418.77,0.0,1,5.26,5.41,SPY210716P00408000,408.0,0,0.0,0.0,,0.0,normalDay
2021-06-04,3591.0,118.0,0.0,0,422.6,0.0,1,5.26,4.08,SPY210716P00408000,408.0,0,0.0,0.0,,0.0,normalDay
2021-06-07,3591.0,156.0,0.0,0,422.19,0.0,1,5.26,3.7,SPY210716P00408000,408.0,0,0.0,0.0,,0.0,normalDay
2021-06-08,3591.0,148.0,0.0,0,422.28,0.0,1,5.26,3.78,SPY210716P00408000,408.0,0,0.0,0.0,,0.0,normalDay
2021-06-09,3591.0,118.0,0.0,0,421.65,0.0,1,5.26,4.08,SPY210716P00408000,408.0,0,0.0,0.0,,0.0,normalDay
2021-06-10,3591.0,221.0,0.0,0,423.61,0.0,1,5.26,3.05,SPY210716P00408000,408.0,0,0.0,0.0,,0.0,normalDay
2021-06-11,3591.0,249.0,0.0,0,424.31,0.0,1,5.26,2.77,SPY210716P00408000,408.0,0,0.0,0.0,,0.0,normalDay
2021-06-14,3591.0,269.0,0.0,0,425.26,0.0,1,5.26,2.57,SPY210716P00408000,408.0,0,0.0,0.0,,0.0,normalDay
2021-06-15,3591.0,250.0,0.0,0,424.48,0.0,1,5.26,2.76,SPY210716P00408000,408.0,0,0.0,0.0,,0.0,normalDay
2021-06-16,3591.0,195.0,0.0,0,422.11,0.0,1,5.26,3.31,SPY210716P00408000,408.0,0,0.0,0.0,,0.0,normalDay
2021-06-17,3591.0,221.0,0.0,0,421.97,0.0,1,5.26,3.05,SPY210716P00408000,408.0,0,0.0,0.0,,0.0,normalDay
2021-06-18,3591.0,5.0,0.0,0,414.92,0.0,1,5.26,5.21,SPY210716P00408000,408.0,0,0.0,0.0,,0.0,normalDay
2021-06-21,3591.0,255.0,0.0,0,420.86,0.0,1,5.26,2.71,SPY210716P00408000,408.0,0,0.0,0.0,,0.0,normalDay
2021-06-22,3591.0,322.0,0.0,0,423.11,0.0,1,5.26,2.04,SPY210716P00408000,408.0,0,0.0,0.0,,0.0,normalDay
2021-06-23,3591.0,335.0,0.0,0,422.6,0.0,1,5.26,1.91,SPY210716P00408000,408.0,0,0.0,0.0,,0.0,normalDay
2021-06-24,3591.0,380.0,0.0,0,425.1,0.0,1,5.26,1.46,SPY210716P00408000,408.0,0,0.0,0.0,,0.0,normalDay
2021-06-25,3591.0,413.0,0.0,0,426.61,0.0,1,5.26,1.13,SPY210716P00408000,408.0,0,0.0,0.0,,0.0,normalDay
2021-06-28,3591.0,433.0,0.0,0,427.47,0.0,1,5.26,0.93,SPY210716P00408000,408.0,0,0.0,0.0,,0.0,normalDay
2021-06-29,3591.0,437.0,0.0,0,427.7,0.0,1,5.26,0.89,SPY210716P00408000,408.0,0,0.0,0.0,,0.0,normalDay
2021-06-30,3591.0,453.0,0.0,0,428.06,0.0,1,5.26,0.73,SPY210716P00408000,408.0,0,0.0,0.0,,0.0,normalDay
2021-07-01,3591.0,465.0,0.0,0,430.43,0.0,1,5.26,0.61,SPY210716P00408000,408.0,0,0.0,0.0,,0.0,normalDay
2021-07-02,3591.0,486.0,0.0,0,433.72,0.0,1,5.26,0.4,SPY210716P00408000,408.0,0,0.0,0.0,,0.0,normalDay
2021-07-06,3591.0,489.0,0.0,0,432.93,0.0,1,5.26,0.37,SPY210716P00408000,408.0,0,0.0,0.0,,0.0,normalDay
2021-07-07,3591.0,501.0,0.0,0,434.46,0.0,1,5.26,0.25,SPY210716P00408000,408.0,0,0.0,0.0,,0.0,normalDay
2021-07-08,3591.0,472.0,0.0,0,430.92,0.0,1,5.26,0.54,SPY210716P00408000,408.0,0,0.0,0.0,,0.0,normalDay
2021-07-09,3591.0,511.0,0.0,0,435.52,0.0,1,5.26,0.15,SPY210716P00408000,408.0,0,0.0,0.0,,0.0,normalDay
2021-07-12,3591.0,519.0,0.0,0,437.08,0.0,1,5.26,0.07,SPY210716P00408000,408.0,0,0.0,0.0,,0.0,normalDay
2021-07-13,3591.0,517.0,0.0,0,435.59,0.0,1,5.26,0.09,SPY210716P00408000,408.0,0,0.0,0.0,,0.0,normalDay
2021-07-14,3591.0,523.0,0.0,0,436.24,0.0,1,5.26,0.03,SPY210716P00408000,408.0,0,0.0,0.0,,0.0,normalDay
2021-07-15,3591.0,524.0,0.0,0,434.75,0.0,1,5.26,0.02,SPY210716P00408000,408.0,0,0.0,0.0,,0.0,normalDay
2021-07-16,4117.0,0.0,526.0,0,431.34,0.0,1,5.26,0.0,SPY210716P00408000,408.0,0,0.0,0.0,,0.0,expirationDay
2021-07-19,4117.0,-7.0,0.0,0,424.97,0.0,1,8.19,8.26,SPY210827P00420000,420.0,0,0.0,0.0,,0.0,normalDay
2021-07-20,4117.0,246.0,0.0,0,431.06,0.0,1,8.19,5.73,SPY210827P00420000,420.0,0,0.0,0.0,,0.0,normalDay
2021-07-21,4117.0,392.0,0.0,0,434.55,0.0,1,8.19,4.27,SPY210827P00420000,420.0,0,0.0,0.0,,0.0,normalDay
2021-07-22,4117.0,418.0,0.0,0,435.46,0.0,1,8.19,4.01,SPY210827P00420000,420.0,0,0.0,0.0,,0.0,normalDay
2021-07-23,4117.0,505.0,0.0,0,439.94,0.0,1,8.19,3.14,SPY210827P00420000,420.0,0,0.0,0.0,,0.0,normalDay
2021-07-26,4117.0,543.0,0.0,0,441.02,0.0,1,8.19,2.76,SPY210827P00420000,420.0,0,0.0,0.0,,0.0,normalDay
2021-07-27,4117.0,473.0,0.0,0,439.01,0.0,1,8.19,3.46,SPY210827P00420000,420.0,0,0.0,0.0,,0.0,normalDay
2021-07-28,4117.0,515.0,0.0,0,438.83,0.0,1,8.19,3.04,SPY210827P00420000,420.0,0,0.0,0.0,,0.0,normalDay
2021-07-29,4117.0,574.0,0.0,0,440.65,0.0,1,8.19,2.45,SPY210827P00420000,420.0,0,0.0,0.0,,0.0,normalDay
2021-07-30,4117.0,551.0,0.0,0,438.51,0.0,1,8.19,2.68,SPY210827P00420000,420.0,0,0.0,0.0,,0.0,normalDay
2021-08-02,4117.0,530.0,0.0,0,437.59,0.0,1,8.19,2.89,SPY210827P00420000,420.0,0,0.0,0.0,,0.0,normalDay
2021-08-03,4117.0,620.0,0.0,0,441.15,0.0,1,8.19,1.99,SPY210827P00420000,420.0,0,0.0,0.0,,0.0,normalDay
2021-08-04,4117.0,611.0,0.0,0,438.98,0.0,1,8.19,2.08,SPY210827P00420000,420.0,0,0.0,0.0,,0.0,normalDay
2021-08-05,4117.0,658.0,0.0,0,441.76,0.0,1,8.19,1.61,SPY210827P00420000,420.0,0,0.0,0.0,,0.0,normalDay
2021-08-06,4117.0,698.0,0.0,0,442.49,0.0,1,8.19,1.21,SPY210827P00420000,420.0,0,0.0,0.0,,0.0,normalDay
2021-08-09,4117.0,710.0,0.0,0,442.13,0.0,1,8.19,1.09,SPY210827P00420000,420.0,0,0.0,0.0,,0.0,normalDay
2021-08-10,4117.0,713.0,0.0,0,442.68,0.0,1,8.19,1.06,SPY210827P00420000,420.0,0,0.0,0.0,,0.0,normalDay
2021-08-11,4117.0,744.0,0.0,0,443.78,0.0,1,8.19,0.75,SPY210827P00420000,420.0,0,0.0,0.0,,0.0,normalDay
2021-08-12,4117.0,763.0,0.0,0,445.11,0.0,1,8.19,0.56,SPY210827P00420000,420.0,0,0.0,0.0,,0.0,normalDay
2021-08-13,4117.0,775.0,0.0,0,445.92,0.0,1,8.19,0.44,SPY210827P00420000,420.0,0,0.0,0.0,,0.0,normalDay
2021-08-16,4117.0,784.0,0.0,0,446.97,0.0,1,8.19,0.35,SPY210827P00420000,420.0,0,0.0,0.0,,0.0,normalDay
2021-08-17,4117.0,757.0,0.0,0,444.04,0.0,1,8.19,0.62,SPY210827P00420000,420.0,0,0.0,0.0,,0.0,normalDay
2021-08-18,4117.0,686.0,0.0,0,439.18,0.0,1,8.19,1.33,SPY210827P00420000,420.0,0,0.0,0.0,,0.0,normalDay
2021-08-19,4117.0,715.0,0.0,0,439.86,0.0,1,8.19,1.04,SPY210827P00420000,420.0,0,0.0,0.0,,0.0,normalDay
2021-08-20,4117.0,797.0,0.0,0,443.36,0.0,1,8.19,0.22,SPY210827P00420000,420.0,0,0.0,0.0,,0.0,normalDay
2021-08-23,4117.0,811.0,0.0,0,447.26,0.0,1,8.19,0.08,SPY210827P00420000,420.0,0,0.0,0.0,,0.0,normalDay
2021-08-24,4117.0,813.0,0.0,0,447.97,0.0,1,8.19,0.06,SPY210827P00420000,420.0,0,0.0,0.0,,0.0,normalDay
2021-08-25,4117.0,816.0,0.0,0,448.91,0.0,1,8.19,0.03,SPY210827P00420000,420.0,0,0.0,0.0,,0.0,normalDay
2021-08-26,4117.0,815.0,0.0,0,446.26,0.0,1,8.19,0.04,SPY210827P00420000,420.0,0,0.0,0.0,,0.0,normalDay
2021-08-27,4936.0,0.0,819.0,0,450.25,0.0,1,8.19,0.0,SPY210827P00420000,420.0,0,0.0,0.0,,0.0,expirationDay
2021-08-30,4936.0,-3.0,0.0,0,452.23,0.0,1,4.89,4.92,SPY211015P00438000,438.0,0,0.0,0.0,,0.0,normalDay
2021-08-31,4936.0,-2.0,0.0,0,451.56,0.0,1,4.89,4.91,SPY211015P00438000,438.0,0,0.0,0.0,,0.0,normalDay
2021-09-01,4936.0,27.0,0.0,0,451.8,0.0,1,4.89,4.62,SPY211015P00438000,438.0,0,0.0,0.0,,0.0,normalDay
2021-09-02,4936.0,57.0,0.0,0,453.19,0.0,1,4.89,4.32,SPY211015P00438000,438.0,0,0.0,0.0,,0.0,normalDay
2021-09-03,4936.0,59.0,0.0,0,453.08,0.0,1,4.89,4.3,SPY211015P00438000,438.0,0,0.0,0.0,,0.0,normalDay
2021-09-07,4936.0,17.0,0.0,0,451.46,0.0,1,4.89,4.72,SPY211015P00438000,438.0,0,0.0,0.0,,0.0,normalDay
2021-09-08,4936.0,17.0,0.0,0,450.91,0.0,1,4.89,4.72,SPY211015P00438000,438.0,0,0.0,0.0,,0.0,normalDay
2021-09-09,4936.0,-54.0,0.0,0,448.98,0.0,1,4.89,5.43,SPY211015P00438000,438.0,0,0.0,0.0,,0.0,normalDay
2021-09-10,4936.0,-168.0,0.0,0,445.44,0.0,1,4.89,6.57,SPY211015P00438000,438.0,0,0.0,0.0,,0.0,normalDay
2021-09-13,4936.0,-59.0,0.0,0,446.58,0.0,1,4.89,5.48,SPY211015P00438000,438.0,0,0.0,0.0,,0.0,normalDay
2021-09-14,4936.0,-132.0,0.0,0,444.17,0.0,1,4.89,6.21,SPY211015P00438000,438.0,0,0.0,0.0,,0.0,normalDay
2021-09-15,4936.0,30.0,0.0,0,447.88,0.0,1,4.89,4.59,SPY211015P00438000,438.0,0,0.0,0.0,,0.0,normalDay
2021-09-16,4936.0,3.0,0.0,0,447.17,0.0,1,4.89,4.86,SPY211015P00438000,438.0,0,0.0,0.0,,0.0,normalDay
2021-09-17,4936.0,-184.0,0.0,0,441.4,0.0,1,4.89,6.73,SPY211015P00438000,438.0,0,0.0,0.0,,0.0,normalDay
2021-09-20,4936.0,-573.0,0.0,0,434.04,0.0,1,4.89,10.62,SPY211015P00438000,438.0,0,0.0,0.0,,0.0,normalDay
2021-09-21,4936.0,-559.0,0.0,0,433.63,0.0,1,4.89,10.48,SPY211015P00438000,438.0,0,0.0,0.0,,0.0,normalDay
2021-09-22,4936.0,-227.0,0.0,0,437.86,0.0,1,4.89,7.16,SPY211015P00438000,438.0,0,0.0,0.0,,0.0,normalDay
2021-09-23,4936.0,37.0,0.0,0,443.18,0.0,1,4.89,4.52,SPY211015P00438000,438.0,0,0.0,0.0,,0.0,normalDay
2021-09-24,4936.0,101.0,0.0,0,443.91,0.0,1,4.89,3.88,SPY211015P00438000,438.0,0,0.0,0.0,,0.0,normalDay
2021-09-27,4936.0,76.0,0.0,0,442.64,0.0,1,4.89,4.13,SPY211015P00438000,438.0,0,0.0,0.0,,0.0,normalDay
2021-09-28,4936.0,-382.0,0.0,0,433.72,0.0,1,4.89,8.71,SPY211015P00438000,438.0,0,0.0,0.0,,0.0,normalDay
2021-09-29,4936.0,-314.0,0.0,0,434.45,0.0,1,4.89,8.03,SPY211015P00438000,438.0,0,0.0,0.0,,0.0,normalDay
2021-09-30,4936.0,-606.0,0.0,0,429.14,0.0,1,4.89,10.95,SPY211015P00438000,438.0,0,0.0,0.0,,0.0,normalDay
2021-10-01,4936.0,-253.0,0.0,0,434.24,0.0,1,4.89,7.42,SPY211015P00438000,438.0,0,0.0,0.0,,0.0,normalDay
2021-10-04,4936.0,-609.0,0.0,0,428.64,0.0,1,4.89,10.98,SPY211015P00438000,438.0,0,0.0,0.0,,0.0,normalDay
2021-10-05,4936.0,-261.0,0.0,0,433.1,0.0,1,4.89,7.5,SPY211015P00438000,438.0,0,0.0,0.0,,0.0,normalDay
2021-10-06,4936.0,-153.0,0.0,0,434.9,0.0,1,4.89,6.42,SPY211015P00438000,438.0,0,0.0,0.0,,0.0,normalDay
2021-10-07,4936.0,110.0,0.0,0,438.66,0.0,1,4.89,3.79,SPY211015P00438000,438.0,0,0.0,0.0,,0.0,normalDay
2021-10-08,4936.0,103.0,0.0,0,437.86,0.0,1,4.89,3.86,SPY211015P00438000,438.0,0,0.0,0.0,,0.0,normalDay
2021-10-11,4936.0,-39.0,0.0,0,434.69,0.0,1,4.89,5.28,SPY211015P00438000,438.0,0,0.0,0.0,,0.0,normalDay
2021-10-12,4936.0,-119.0,0.0,0,433.62,0.0,1,4.89,6.08,SPY211015P00438000,438.0,0,0.0,0.0,,0.0,normalDay
2021-10-13,4936.0,120.0,0.0,0,435.18,0.0,1,4.89,3.69,SPY211015P00438000,438.0,0,0.0,0.0,,0.0,normalDay
2021-10-14,4936.0,461.0,0.0,0,442.5,0.0,1,4.89,0.28,SPY211015P00438000,438.0,0,0.0,0.0,,0.0,normalDay
2021-10-15,5425.0,0.0,489.0,0,445.87,0.0,1,4.89,0.0,SPY211015P00438000,438.0,0,0.0,0.0,,0.0,expirationDay
2021-10-18,5425.0,-4.0,0.0,0,447.19,0.0,1,3.19,3.23,SPY211126P00427000,427.0,0,0.0,0.0,,0.0,normalDay
2021-10-19,5425.0,63.0,0.0,0,450.64,0.0,1,3.19,2.56,SPY211126P00427000,427.0,0,0.0,0.0,,0.0,normalDay
2021-10-20,5425.0,84.0,0.0,0,452.41,0.0,1,3.19,2.35,SPY211126P00427000,427.0,0,0.0,0.0,,0.0,normalDay
2021-10-21,5425.0,114.0,0.0,0,453.59,0.0,1,3.19,2.05,SPY211126P00427000,427.0,0,0.0,0.0,,0.0,normalDay
2021-10-22,5425.0,101.0,0.0,0,453.12,0.0,1,3.19,2.18,SPY211126P00427000,427.0,0,0.0,0.0,,0.0,normalDay
2021-10-25,5425.0,146.0,0.0,0,455.55,0.0,1,3.19,1.73,SPY211126P00427000,427.0,0,0.0,0.0,,0.0,normalDay
2021-10-26,5425.0,145.0,0.0,0,455.96,0.0,1,3.19,1.74,SPY211126P00427000,427.0,0,0.0,0.0,,0.0,normalDay
2021-10-27,5425.0,110.0,0.0,0,453.94,0.0,1,3.19,2.09,SPY211126P00427000,427.0,0,0.0,0.0,,0.0,normalDay
2021-10-28,5425.0,162.0,0.0,0,458.32,0.0,1,3.19,1.57,SPY211126P00427000,427.0,0,0.0,0.0,,0.0,normalDay
2021-10-29,5425.0,182.0,0.0,0,459.25,0.0,1,3.19,1.37,SPY211126P00427000,427.0,0,0.0,0.0,,0.0,normalDay
2021-11-01,5425.0,209.0,0.0,0,460.04,0.0,1,3.19,1.1,SPY211126P00427000,427.0,0,0.0,0.0,,0.0,normalDay
2021-11-02,5425.0,227.0,0.0,0,461.9,0.0,1,3.19,0.92,SPY211126P00427000,427.0,0,0.0,0.0,,0.0,normalDay
2021-11-03,5425.0,256.0,0.0,0,464.72,0.0,1,3.19,0.63,SPY211126P00427000,427.0,0,0.0,0.0,,0.0,normalDay
2021-11-04,5425.0,260.0,0.0,0,466.91,0.0,1,3.19,0.59,SPY211126P00427000,427.0,0,0.0,0.0,,0.0,normalDay
2021-11-05,5425.0,260.0,0.0,0,468.53,0.0,1,3.19,0.59,SPY211126P00427000,427.0,0,0.0,0.0,,0.0,normalDay
2021-11-08,5425.0,266.0,0.0,0,468.93,0.0,1,3.19,0.53,SPY211126P00427000,427.0,0,0.0,0.0,,0.0,normalDay
2021-11-09,5425.0,265.0,0.0,0,467.38,0.0,1,3.19,0.54,SPY211126P00427000,427.0,0,0.0,0.0,,0.0,normalDay
2021-11-10,5425.0,258.0,0.0,0,463.62,0.0,1,3.19,0.61,SPY211126P00427000,427.0,0,0.0,0.0,,0.0,normalDay
2021-11-11,5425.0,278.0,0.0,0,463.77,0.0,1,3.19,0.41,SPY211126P00427000,427.0,0,0.0,0.0,,0.0,normalDay
2021-11-12,5425.0,296.0,0.0,0,467.27,0.0,1,3.19,0.23,SPY211126P00427000,427.0,0,0.0,0.0,,0.0,normalDay
2021-11-15,5425.0,305.0,0.0,0,467.43,0.0,1,3.19,0.14,SPY211126P00427000,427.0,0,0.0,0.0,,0.0,normalDay
2021-11-16,5425.0,307.0,0.0,0,469.28,0.0,1,3.19,0.12,SPY211126P00427000,427.0,0,0.0,0.0,,0.0,normalDay
2021-11-17,5425.0,310.0,0.0,0,468.14,0.0,1,3.19,0.09,SPY211126P00427000,427.0,0,0.0,0.0,,0.0,normalDay
2021-11-18,5425.0,311.0,0.0,0,469.73,0.0,1,3.19,0.08,SPY211126P00427000,427.0,0,0.0,0.0,,0.0,normalDay
2021-11-19,5425.0,313.0,0.0,0,468.89,0.0,1,3.19,0.06,SPY211126P00427000,427.0,0,0.0,0.0,,0.0,normalDay
2021-11-22,5425.0,314.0,0.0,0,467.57,0.0,1,3.19,0.05,SPY211126P00427000,427.0,0,0.0,0.0,,0.0,normalDay
2021-11-23,5425.0,316.0,0.0,0,468.19,0.0,1,3.19,0.03,SPY211126P00427000,427.0,0,0.0,0.0,,0.0,normalDay
2021-11-24,5425.0,317.0,0.0,0,469.44,0.0,1,3.19,0.02,SPY211126P00427000,427.0,0,0.0,0.0,,0.0,normalDay
2021-11-26,5744.0,0.0,319.0,0,458.97,0.0,1,3.19,0.0,SPY211126P00427000,427.0,0,0.0,0.0,,0.0,expirationDay
2021-11-29,5744.0,-6.0,0.0,0,464.6,0.0,1,11.06,11.12,SPY220121P00460000,460.0,0,0.0,0.0,,0.0,normalDay
2021-11-30,5744.0,-439.0,0.0,0,455.56,0.0,1,11.06,15.45,SPY220121P00460000,460.0,0,0.0,0.0,,0.0,normalDay
2021-12-01,5744.0,-945.0,0.0,0,450.5,0.0,1,11.06,20.51,SPY220121P00460000,460.0,0,0.0,0.0,,0.0,normalDay
2021-12-02,5744.0,-444.0,0.0,0,457.4,0.0,1,11.06,15.5,SPY220121P00460000,460.0,0,0.0,0.0,,0.0,normalDay
2021-12-03,5744.0,-690.0,0.0,0,453.42,0.0,1,11.06,17.96,SPY220121P00460000,460.0,0,0.0,0.0,,0.0,normalDay
2021-12-06,5744.0,-308.0,0.0,0,458.79,0.0,1,11.06,14.14,SPY220121P00460000,460.0,0,0.0,0.0,,0.0,normalDay
2021-12-07,5744.0,227.0,0.0,0,468.28,0.0,1,11.06,8.79,SPY220121P00460000,460.0,0,0.0,0.0,,0.0,normalDay
2021-12-08,5744.0,337.0,0.0,0,469.52,0.0,1,11.06,7.69,SPY220121P00460000,460.0,0,0.0,0.0,,0.0,normalDay
2021-12-09,5744.0,213.0,0.0,0,466.35,0.0,1,11.06,8.93,SPY220121P00460000,460.0,0,0.0,0.0,,0.0,normalDay
2021-12-10,5744.0,444.0,0.0,0,470.74,0.0,1,11.06,6.62,SPY220121P00460000,460.0,0,0.0,0.0,,0.0,normalDay
2021-12-13,5744.0,287.0,0.0,0,466.57,0.0,1,11.06,8.19,SPY220121P00460000,460.0,0,0.0,0.0,,0.0,normalDay
2021-12-14,5744.0,130.0,0.0,0,463.36,0.0,1,11.06,9.76,SPY220121P00460000,460.0,0,0.0,0.0,,0.0,normalDay
2021-12-15,5744.0,484.0,0.0,0,470.6,0.0,1,11.06,6.22,SPY220121P00460000,460.0,0,0.0,0.0,,0.0,normalDay
2021-12-16,5744.0,344.0,0.0,0,466.45,0.0,1,11.06,7.62,SPY220121P00460000,460.0,0,0.0,0.0,,0.0,normalDay
2021-12-17,5744.0,124.0,0.0,0,459.87,0.0,1,11.06,9.82,SPY220121P00460000,460.0,0,0.0,0.0,,0.0,normalDay
2021-12-20,5744.0,-111.0,0.0,0,454.98,0.0,1,11.06,12.17,SPY220121P00460000,460.0,0,0.0,0.0,,0.0,normalDay
2021-12-21,5744.0,295.0,0.0,0,463.06,0.0,1,11.06,8.11,SPY220121P00460000,460.0,0,0.0,0.0,,0.0,normalDay
2021-12-22,5744.0,551.0,0.0,0,467.69,0.0,1,11.06,5.55,SPY220121P00460000,460.0,0,0.0,0.0,,0.0,normalDay
2021-12-23,5744.0,679.0,0.0,0,470.6,0.0,1,11.06,4.27,SPY220121P00460000,460.0,0,0.0,0.0,,0.0,normalDay
2021-12-27,5744.0,854.0,0.0,0,477.26,0.0,1,11.06,2.52,SPY220121P00460000,460.0,0,0.0,0.0,,0.0,normalDay
2021-12-28,5744.0,873.0,0.0,0,476.87,0.0,1,11.06,2.33,SPY220121P00460000,460.0,0,0.0,0.0,,0.0,normalDay
2021-12-29,5744.0,910.0,0.0,0,477.48,0.0,1,11.06,1.96,SPY220121P00460000,460.0,0,0.0,0.0,,0.0,normalDay
2021-12-30,5744.0,885.0,0.0,0,476.16,0.0,1,11.06,2.21,SPY220121P00460000,460.0,0,0.0,0.0,,0.0,normalDay
2021-12-31,5744.0,892.0,0.0,0,474.96,0.0,1,11.06,2.14,SPY220121P00460000,460.0,0,0.0,0.0,,0.0,normalDay
2022-01-03,5744.0,966.0,0.0,0,477.71,0.0,1,11.06,1.4,SPY220121P00460000,460.0,0,0.0,0.0,,0.0,normalDay
2022-01-04,5744.0,967.0,0.0,0,477.55,0.0,1,11.06,1.39,SPY220121P00460000,460.0,0,0.0,0.0,,0.0,normalDay
2022-01-05,5744.0,746.0,0.0,0,468.38,0.0,1,11.06,3.6,SPY220121P00460000,460.0,0,0.0,0.0,,0.0,normalDay
2022-01-06,5744.0,766.0,0.0,0,467.94,0.0,1,11.06,3.4,SPY220121P00460000,460.0,0,0.0,0.0,,0.0,normalDay
2022-01-07,5744.0,795.0,0.0,0,466.09,0.0,1,11.06,3.11,SPY220121P00460000,460.0,0,0.0,0.0,,0.0,normalDay
2022-01-10,5744.0,782.0,0.0,0,465.51,0.0,1,11.06,3.24,SPY220121P00460000,460.0,0,0.0,0.0,,0.0,normalDay
2022-01-11,5744.0,911.0,0.0,0,469.75,0.0,1,11.06,1.95,SPY220121P00460000,460.0,0,0.0,0.0,,0.0,normalDay
2022-01-12,5744.0,983.0,0.0,0,471.02,0.0,1,11.06,1.23,SPY220121P00460000,460.0,0,0.0,0.0,,0.0,normalDay
2022-01-13,5744.0,789.0,0.0,0,464.53,0.0,1,11.06,3.17,SPY220121P00460000,460.0,0,0.0,0.0,,0.0,normalDay
2022-01-14,5744.0,873.0,0.0,0,464.72,0.0,1,11.06,2.33,SPY220121P00460000,460.0,0,0.0,0.0,,0.0,normalDay
2022-01-18,5744.0,509.0,0.0,0,456.49,0.0,1,11.06,5.97,SPY220121P00460000,460.0,0,0.0,0.0,,0.0,normalDay
2022-01-19,5744.0,256.0,0.0,0,451.75,0.0,1,11.06,8.5,SPY220121P00460000,460.0,0,0.0,0.0,,0.0,normalDay
2022-01-20,5744.0,-285.0,0.0,0,446.75,0.0,1,11.06,13.91,SPY220121P00460000,460.0,0,0.0,0.0,,0.0,normalDay
2022-01-21,6850.0,-2202.0,1106.0,100,437.98,460.0,1,11.06,0.0,SPY220121P00460000,460.0,0,0.0,0.0,,0.0,expirationDay
2022-01-24,6850.0,-2340.0,0.0,100,439.84,460.0,0,0.0,0.0,,0.0,1,8.8,12.04,SPY220715C00470000,470.0,normalDay
2022-01-25,6850.0,-2588.0,0.0,100,434.47,460.0,0,0.0,0.0,,0.0,1,8.8,9.15,SPY220715C00470000,470.0,normalDay
2022-01-26,6850.0,-2699.0,0.0,100,433.38,460.0,0,0.0,0.0,,0.0,1,8.8,9.17,SPY220715C00470000,470.0,normalDay
2022-01-27,6850.0,-2790.0,0.0,100,431.24,460.0,0,0.0,0.0,,0.0,1,8.8,7.94,SPY220715C00470000,470.0,normalDay
2022-01-28,6850.0,-1983.0,0.0,100,441.95,460.0,0,0.0,0.0,,0.0,1,8.8,10.58,SPY220715C00470000,470.0,normalDay
2022-01-31,6850.0,-1401.0,0.0,100,449.91,460.0,0,0.0,0.0,,0.0,1,8.8,12.72,SPY220715C00470000,470.0,normalDay
2022-02-01,6850.0,-1163.0,0.0,100,452.95,460.0,0,0.0,0.0,,0.0,1,8.8,13.38,SPY220715C00470000,470.0,normalDay
2022-02-02,6850.0,-839.0,0.0,100,457.35,460.0,0,0.0,0.0,,0.0,1,8.8,14.54,SPY220715C00470000,470.0,normalDay
2022-02-03,6850.0,-1761.0,0.0,100,446.6,460.0,0,0.0,0.0,,0.0,1,8.8,13.01,SPY220715C00470000,470.0,normalDay
2022-02-04,6850.0,-1464.0,0.0,100,448.7,460.0,0,0.0,0.0,,0.0,1,8.8,12.14,SPY220715C00470000,470.0,normalDay
2022-02-07,6850.0,-1550.0,0.0,100,447.26,460.0,0,0.0,0.0,,0.0,1,8.8,11.56,SPY220715C00470000,470.0,normalDay
2022-02-08,6850.0,-1263.0,0.0,100,450.94,460.0,0,0.0,0.0,,0.0,1,8.8,12.37,SPY220715C00470000,470.0,normalDay
2022-02-09,6850.0,-844.0,0.0,100,457.54,460.0,0,0.0,0.0,,0.0,1,8.8,14.78,SPY220715C00470000,470.0,normalDay
2022-02-10,6850.0,-1386.0,0.0,100,449.32,460.0,0,0.0,0.0,,0.0,1,8.8,11.98,SPY220715C00470000,470.0,normalDay
2022-02-11,6850.0,-2022.0,0.0,100,440.46,460.0,0,0.0,0.0,,0.0,1,8.8,9.48,SPY220715C00470000,470.0,normalDay
2022-02-14,6850.0,-2098.0,0.0,100,439.02,460.0,0,0.0,0.0,,0.0,1,8.8,8.8,SPY220715C00470000,470.0,normalDay
2022-02-15,6850.0,-1523.0,0.0,100,446.1,460.0,0,0.0,0.0,,0.0,1,8.8,10.13,SPY220715C00470000,470.0,normalDay
2022-02-16,6850.0,-1445.0,0.0,100,446.6,460.0,0,0.0,0.0,,0.0,1,8.8,9.85,SPY220715C00470000,470.0,normalDay
2022-02-17,6850.0,-2167.0,0.0,100,437.06,460.0,0,0.0,0.0,,0.0,1,8.8,7.53,SPY220715C00470000,470.0,normalDay
2022-02-18,6850.0,-2369.0,0.0,100,434.23,460.0,0,0.0,0.0,,0.0,1,8.8,6.72,SPY220715C00470000,470.0,normalDay
2022-02-22,6850.0,-2746.0,0.0,100,429.57,460.0,0,0.0,0.0,,0.0,1,8.8,5.83,SPY220715C00470000,470.0,normalDay
2022-02-23,6850.0,-3353.0,0.0,100,421.95,460.0,0,0.0,0.0,,0.0,1,8.8,4.28,SPY220715C00470000,470.0,normalDay
2022-02-24,6850.0,-2798.0,0.0,100,428.3,460.0,0,0.0,0.0,,0.0,1,8.8,5.08,SPY220715C00470000,470.0,normalDay
2022-02-25,6850.0,-2088.0,0.0,100,437.75,460.0,0,0.0,0.0,,0.0,1,8.8,7.43,SPY220715C00470000,470.0,normalDay
2022-02-28,6850.0,-2206.0,0.0,100,436.63,460.0,0,0.0,0.0,,0.0,1,8.8,7.49,SPY220715C00470000,470.0,normalDay
2022-03-01,6850.0,-2798.0,0.0,100,429.98,460.0,0,0.0,0.0,,0.0,1,8.8,6.76,SPY220715C00470000,470.0,normalDay
2022-03-02,6850.0,-2135.0,0.0,100,437.89,460.0,0,0.0,0.0,,0.0,1,8.8,8.04,SPY220715C00470000,470.0,normalDay
2022-03-03,6850.0,-2296.0,0.0,100,435.71,460.0,0,0.0,0.0,,0.0,1,8.8,7.47,SPY220715C00470000,470.0,normalDay
2022-03-04,6850.0,-2564.0,0.0,100,432.17,460.0,0,0.0,0.0,,0.0,1,8.8,6.61,SPY220715C00470000,470.0,normalDay
2022-03-07,6850.0,-3621.0,0.0,100,419.43,460.0,0,0.0,0.0,,0.0,1,8.8,4.44,SPY220715C00470000,470.0,normalDay
2022-03-08,6850.0,-3860.0,0.0,100,416.25,460.0,0,0.0,0.0,,0.0,1,8.8,3.65,SPY220715C00470000,470.0,normalDay
2022-03-09,6850.0,-3016.0,0.0,100,427.41,460.0,0,0.0,0.0,,0.0,1,8.8,6.37,SPY220715C00470000,470.0,normalDay
2022-03-10,6850.0,-3032.0,0.0,100,425.48,460.0,0,0.0,0.0,,0.0,1,8.8,4.6,SPY220715C00470000,470.0,normalDay
2022-03-11,6850.0,-3478.0,0.0,100,420.07,460.0,0,0.0,0.0,,0.0,1,8.8,3.65,SPY220715C00470000,470.0,normalDay
2022-03-14,6850.0,-3749.0,0.0,100,417.0,460.0,0,0.0,0.0,,0.0,1,8.8,3.29,SPY220715C00470000,470.0,normalDay
2022-03-15,6850.0,-2951.0,0.0,100,426.17,460.0,0,0.0,0.0,,0.0,1,8.8,4.48,SPY220715C00470000,470.0,normalDay
2022-03-16,6850.0,-2128.0,0.0,100,435.62,460.0,0,0.0,0.0,,0.0,1,8.8,5.7,SPY220715C00470000,470.0,normalDay
2022-03-17,6850.0,-1659.0,0.0,100,441.07,460.0,0,0.0,0.0,,0.0,1,8.8,6.46,SPY220715C00470000,470.0,normalDay
2022-03-18,6850.0,-1419.0,0.0,100,444.52,460.0,0,0.0,0.0,,0.0,1,8.8,7.51,SPY220715C00470000,470.0,normalDay
2022-03-21,6850.0,-1404.0,0.0,100,444.39,460.0,0,0.0,0.0,,0.0,1,8.8,7.23,SPY220715C00470000,470.0,normalDay
2022-03-22,6850.0,-1038.0,0.0,100,449.59,460.0,0,0.0,0.0,,0.0,1,8.8,8.77,SPY220715C00470000,470.0,normalDay
2022-03-23,6850.0,-1407.0,0.0,100,443.8,460.0,0,0.0,0.0,,0.0,1,8.8,6.67,SPY220715C00470000,470.0,normalDay
2022-03-24,6850.0,-941.0,0.0,100,450.49,460.0,0,0.0,0.0,,0.0,1,8.8,8.7,SPY220715C00470000,470.0,normalDay
2022-03-25,6850.0,-780.0,0.0,100,452.69,460.0,0,0.0,0.0,,0.0,1,8.8,9.29,SPY220715C00470000,470.0,normalDay
2022-03-28,6850.0,-557.0,0.0,100,455.91,460.0,0,0.0,0.0,,0.0,1,8.8,10.28,SPY220715C00470000,470.0,normalDay
2022-03-29,6850.0,-203.0,0.0,100,461.55,460.0,0,0.0,0.0,,0.0,1,8.8,12.38,SPY220715C00470000,470.0,normalDay
2022-03-30,6850.0,-403.0,0.0,100,458.7,460.0,0,0.0,0.0,,0.0,1,8.8,11.53,SPY220715C00470000,470.0,normalDay
2022-03-31,6850.0,-838.0,0.0,100,451.64,460.0,0,0.0,0.0,,0.0,1,8.8,8.82,SPY220715C00470000,470.0,normalDay
2022-04-01,6850.0,-668.0,0.0,100,452.92,460.0,0,0.0,0.0,,0.0,1,8.8,8.4,SPY220715C00470000,470.0,normalDay
2022-04-04,6850.0,-375.0,0.0,100,456.8,460.0,0,0.0,0.0,,0.0,1,8.8,9.35,SPY220715C00470000,470.0,normalDay
2022-04-05,6850.0,-796.0,0.0,100,451.03,460.0,0,0.0,0.0,,0.0,1,8.8,7.79,SPY220715C00470000,470.0,normalDay
2022-04-06,6850.0,-1088.0,0.0,100,446.52,460.0,0,0.0,0.0,,0.0,1,8.8,6.2,SPY220715C00470000,470.0,normalDay
2022-04-07,6850.0,-926.0,0.0,100,448.77,460.0,0,0.0,0.0,,0.0,1,8.8,6.83,SPY220715C00470000,470.0,normalDay
2022-04-08,6850.0,-986.0,0.0,100,447.57,460.0,0,0.0,0.0,,0.0,1,8.8,6.23,SPY220715C00470000,470.0,normalDay
2022-04-11,6850.0,-1558.0,0.0,100,439.92,460.0,0,0.0,0.0,,0.0,1,8.8,4.3,SPY220715C00470000,470.0,normalDay
2022-04-12,6850.0,-1682.0,0.0,100,438.29,460.0,0,0.0,0.0,,0.0,1,8.8,3.91,SPY220715C00470000,470.0,normalDay
2022-04-13,6850.0,-1233.0,0.0,100,443.31,460.0,0,0.0,0.0,,0.0,1,8.8,4.44,SPY220715C00470000,470.0,normalDay
2022-04-14,6850.0,-1676.0,0.0,100,437.79,460.0,0,0.0,0.0,,0.0,1,8.8,3.35,SPY220715C00470000,470.0,normalDay
2022-04-18,6850.0,-1648.0,0.0,100,437.97,460.0,0,0.0,0.0,,0.0,1,8.8,3.25,SPY220715C00470000,470.0,normalDay
2022-04-19,6850.0,-1028.0,0.0,100,445.04,460.0,0,0.0,0.0,,0.0,1,8.8,4.12,SPY220715C00470000,470.0,normalDay
2022-04-20,6850.0,-1101.0,0.0,100,444.71,460.0,0,0.0,0.0,,0.0,1,8.8,4.52,SPY220715C00470000,470.0,normalDay
2022-04-21,6850.0,-1612.0,0.0,100,438.06,460.0,0,0.0,0.0,,0.0,1,8.8,2.98,SPY220715C00470000,470.0,normalDay
2022-04-22,6850.0,-2683.0,0.0,100,426.04,460.0,0,0.0,0.0,,0.0,1,8.8,1.67,SPY220715C00470000,470.0,normalDay
2022-04-25,6850.0,-2449.0,0.0,100,428.51,460.0,0,0.0,0.0,,0.0,1,8.8,1.8,SPY220715C00470000,470.0,normalDay
2022-04-26,6850.0,-3613.0,0.0,100,416.1,460.0,0,0.0,0.0,,0.0,1,8.8,1.03,SPY220715C00470000,470.0,normalDay
2022-04-27,6850.0,-3509.0,0.0,100,417.27,460.0,0,0.0,0.0,,0.0,1,8.8,1.16,SPY220715C00470000,470.0,normalDay
2022-04-28,6850.0,-2521.0,0.0,100,427.81,460.0,0,0.0,0.0,,0.0,1,8.8,1.82,SPY220715C00470000,470.0,normalDay
2022-04-29,6850.0,-4016.0,0.0,100,412.0,460.0,0,0.0,0.0,,0.0,1,8.8,0.96,SPY220715C00470000,470.0,normalDay
2022-05-02,6850.0,-3779.0,0.0,100,414.48,460.0,0,0.0,0.0,,0.0,1,8.8,1.07,SPY220715C00470000,470.0,normalDay
2022-05-03,6850.0,-3572.0,0.0,100,416.38,460.0,0,0.0,0.0,,0.0,1,8.8,0.9,SPY220715C00470000,470.0,normalDay
2022-05-04,6850.0,-2372.0,0.0,100,429.06,460.0,0,0.0,0.0,,0.0,1,8.8,1.58,SPY220715C00470000,470.0,normalDay
2022-05-05,6850.0,-3826.0,0.0,100,413.81,460.0,0,0.0,0.0,,0.0,1,8.8,0.87,SPY220715C00470000,470.0,normalDay
2022-05-06,6850.0,-4054.0,0.0,100,411.34,460.0,0,0.0,0.0,,0.0,1,8.8,0.68,SPY220715C00470000,470.0,normalDay
2022-05-09,6850.0,-5349.0,0.0,100,398.17,460.0,0,0.0,0.0,,0.0,1,8.8,0.46,SPY220715C00470000,470.0,normalDay
2022-05-10,6850.0,-5248.0,0.0,100,399.09,460.0,0,0.0,0.0,,0.0,1,8.8,0.37,SPY220715C00470000,470.0,normalDay
2022-05-11,6850.0,-5875.0,0.0,100,392.75,460.0,0,0.0,0.0,,0.0,1,8.8,0.3,SPY220715C00470000,470.0,normalDay
2022-05-12,6850.0,-5911.0,0.0,100,392.34,460.0,0,0.0,0.0,,0.0,1,8.8,0.25,SPY220715C00470000,470.0,normalDay
2022-05-13,6850.0,-4972.0,0.0,100,401.72,460.0,0,0.0,0.0,,0.0,1,8.8,0.24,SPY220715C00470000,470.0,normalDay
2022-05-16,6850.0,-5127.0,0.0,100,400.09,460.0,0,0.0,0.0,,0.0,1,8.8,0.16,SPY220715C00470000,470.0,normalDay
2022-05-17,6850.0,-4312.0,0.0,100,408.32,460.0,0,0.0,0.0,,0.0,1,8.8,0.24,SPY220715C00470000,470.0,normalDay
2022-05-18,6850.0,-5945.0,0.0,100,391.86,460.0,0,0.0,0.0,,0.0,1,8.8,0.11,SPY220715C00470000,470.0,normalDay
2022-05-19,6850.0,-6184.0,0.0,100,389.46,460.0,0,0.0,0.0,,0.0,1,8.8,0.1,SPY220715C00470000,470.0,normalDay
2022-05-20,6850.0,-6168.0,0.0,100,389.63,460.0,0,0.0,0.0,,0.0,1,8.8,0.11,SPY220715C00470000,470.0,normalDay
2022-05-23,6850.0,-5443.0,0.0,100,396.92,460.0,0,0.0,0.0,,0.0,1,8.8,0.15,SPY220715C00470000,470.0,normalDay
2022-05-24,6850.0,-5746.0,0.0,100,393.89,460.0,0,0.0,0.0,,0.0,1,8.8,0.15,SPY220715C00470000,470.0,normalDay
2022-05-25,6850.0,-5399.0,0.0,100,397.37,460.0,0,0.0,0.0,,0.0,1,8.8,0.16,SPY220715C00470000,470.0,normalDay
2022-05-26,6850.0,-4612.0,0.0,100,405.31,460.0,0,0.0,0.0,,0.0,1,8.8,0.23,SPY220715C00470000,470.0,normalDay
2022-05-27,6850.0,-3627.0,0.0,100,415.26,460.0,0,0.0,0.0,,0.0,1,8.8,0.33,SPY220715C00470000,470.0,normalDay
2022-05-31,6850.0,-3846.0,0.0,100,412.93,460.0,0,0.0,0.0,,0.0,1,8.8,0.19,SPY220715C00470000,470.0,normalDay
2022-06-01,6850.0,-4174.0,0.0,100,409.59,460.0,0,0.0,0.0,,0.0,1,8.8,0.13,SPY220715C00470000,470.0,normalDay
2022-06-02,6850.0,-3400.0,0.0,100,417.39,460.0,0,0.0,0.0,,0.0,1,8.8,0.19,SPY220715C00470000,470.0,normalDay
2022-06-03,6850.0,-4078.0,0.0,100,410.54,460.0,0,0.0,0.0,,0.0,1,8.8,0.12,SPY220715C00470000,470.0,normalDay
2022-06-06,6850.0,-3952.0,0.0,100,411.79,460.0,0,0.0,0.0,,0.0,1,8.8,0.11,SPY220715C00470000,470.0,normalDay
2022-06-07,6850.0,-3557.0,0.0,100,415.74,460.0,0,0.0,0.0,,0.0,1,8.8,0.11,SPY220715C00470000,470.0,normalDay
2022-06-08,6850.0,-4007.0,0.0,100,411.22,460.0,0,0.0,0.0,,0.0,1,8.8,0.09,SPY220715C00470000,470.0,normalDay
2022-06-09,6850.0,-4982.0,0.0,100,401.44,460.0,0,0.0,0.0,,0.0,1,8.8,0.06,SPY220715C00470000,470.0,normalDay
2022-06-10,6850.0,-6144.0,0.0,100,389.8,460.0,0,0.0,0.0,,0.0,1,8.8,0.04,SPY220715C00470000,470.0,normalDay
2022-06-13,6850.0,-7624.0,0.0,100,375.0,460.0,0,0.0,0.0,,0.0,1,8.8,0.04,SPY220715C00470000,470.0,normalDay
2022-06-14,6850.0,-7737.0,0.0,100,373.87,460.0,0,0.0,0.0,,0.0,1,8.8,0.04,SPY220715C00470000,470.0,normalDay
2022-06-15,6850.0,-7203.0,0.0,100,379.2,460.0,0,0.0,0.0,,0.0,1,8.8,0.03,SPY220715C00470000,470.0,normalDay
2022-06-16,6850.0,-8458.0,0.0,100,366.65,460.0,0,0.0,0.0,,0.0,1,8.8,0.03,SPY220715C00470000,470.0,normalDay
2022-06-17,6850.0,-8537.0,0.0,100,365.86,460.0,0,0.0,0.0,,0.0,1,8.8,0.03,SPY220715C00470000,470.0,normalDay
2022-06-21,6850.0,-7616.0,0.0,100,375.07,460.0,0,0.0,0.0,,0.0,1,8.8,0.03,SPY220715C00470000,470.0,normalDay
2022-06-22,6850.0,-7684.0,0.0,100,374.39,460.0,0,0.0,0.0,,0.0,1,8.8,0.03,SPY220715C00470000,470.0,normalDay
2022-06-23,6850.0,-7316.0,0.0,100,378.06,460.0,0,0.0,0.0,,0.0,1,8.8,0.02,SPY220715C00470000,470.0,normalDay
2022-06-24,6850.0,-6114.0,0.0,100,390.08,460.0,0,0.0,0.0,,0.0,1,8.8,0.02,SPY220715C00470000,470.0,normalDay
2022-06-27,6850.0,-6263.0,0.0,100,388.59,460.0,0,0.0,0.0,,0.0,1,8.8,0.02,SPY220715C00470000,470.0,normalDay
2022-06-28,6850.0,-7057.0,0.0,100,380.65,460.0,0,0.0,0.0,,0.0,1,8.8,0.02,SPY220715C00470000,470.0,normalDay
2022-06-29,6850.0,-7088.0,0.0,100,380.34,460.0,0,0.0,0.0,,0.0,1,8.8,0.02,SPY220715C00470000,470.0,normalDay
2022-06-30,6850.0,-7396.0,0.0,100,377.25,460.0,0,0.0,0.0,,0.0,1,8.8,0.01,SPY220715C00470000,470.0,normalDay
2022-07-01,6850.0,-6997.0,0.0,100,381.24,460.0,0,0.0,0.0,,0.0,1,8.8,0.01,SPY220715C00470000,470.0,normalDay
2022-07-05,6850.0,-6925.0,0.0,100,381.96,460.0,0,0.0,0.0,,0.0,1,8.8,0.01,SPY220715C00470000,470.0,normalDay
2022-07-06,6850.0,-6796.0,0.0,100,383.25,460.0,0,0.0,0.0,,0.0,1,8.8,0.01,SPY220715C00470000,470.0,normalDay
2022-07-07,6850.0,-6222.0,0.0,100,388.99,460.0,0,0.0,0.0,,0.0,1,8.8,0.01,SPY220715C00470000,470.0,normalDay
2022-07-08,6850.0,-6254.0,0.0,100,388.67,460.0,0,0.0,0.0,,0.0,1,8.8,0.01,SPY220715C00470000,470.0,normalDay
2022-07-11,6850.0,-6698.0,0.0,100,384.23,460.0,0,0.0,0.0,,0.0,1,8.8,0.01,SPY220715C00470000,470.0,normalDay
2022-07-12,6850.0,-7038.0,0.0,100,380.83,460.0,0,0.0,0.0,,0.0,1,8.8,0.01,SPY220715C00470000,470.0,normalDay
2022-07-13,6850.0,-7238.0,0.0,100,378.83,460.0,0,0.0,0.0,,0.0,1,8.8,0.01,SPY220715C00470000,470.0,normalDay
2022-07-14,6850.0,-7330.0,0.0,100,377.91,460.0,0,0.0,0.0,,0.0,1,8.8,0.01,SPY220715C00470000,470.0,normalDay
2022-07-15,7730.0,-7487.0,880.0,100,385.13,460.0,0,0.0,0.0,,0.0,1,8.8,0.0,SPY220715C00470000,470.0,expirationDay
2022-07-18,7730.0,-7819.0,0.0,100,381.95,460.0,0,0.0,0.0,,0.0,1,25.85,25.99,SPY230120C00385000,385.0,normalDay
2022-07-19,7730.0,-7433.0,0.0,100,392.27,460.0,0,0.0,0.0,,0.0,1,25.85,32.45,SPY230120C00385000,385.0,normalDay
2022-07-20,7730.0,-7337.0,0.0,100,394.77,460.0,0,0.0,0.0,,0.0,1,25.85,33.99,SPY230120C00385000,385.0,normalDay
2022-07-21,7730.0,-7132.0,0.0,100,398.79,460.0,0,0.0,0.0,,0.0,1,25.85,35.96,SPY230120C00385000,385.0,normalDay
2022-07-22,7730.0,-7221.0,0.0,100,395.09,460.0,0,0.0,0.0,,0.0,1,25.85,33.15,SPY230120C00385000,385.0,normalDay
2022-07-25,7730.0,-7246.0,0.0,100,395.57,460.0,0,0.0,0.0,,0.0,1,25.85,33.88,SPY230120C00385000,385.0,normalDay
2022-07-26,7730.0,-7563.0,0.0,100,390.89,460.0,0,0.0,0.0,,0.0,1,25.85,32.37,SPY230120C00385000,385.0,normalDay
2022-07-27,7730.0,-6956.0,0.0,100,401.04,460.0,0,0.0,0.0,,0.0,1,25.85,36.45,SPY230120C00385000,385.0,normalDay
2022-07-28,7730.0,-6898.0,0.0,100,406.07,460.0,0,0.0,0.0,,0.0,1,25.85,40.9,SPY230120C00385000,385.0,normalDay
2022-07-29,7730.0,-6626.0,0.0,100,411.99,460.0,0,0.0,0.0,,0.0,1,25.85,44.1,SPY230120C00385000,385.0,normalDay
2022-08-01,7730.0,-6713.0,0.0,100,410.77,460.0,0,0.0,0.0,,0.0,1,25.85,43.75,SPY230120C00385000,385.0,normalDay
2022-08-02,7730.0,-6803.0,0.0,100,408.06,460.0,0,0.0,0.0,,0.0,1,25.85,41.94,SPY230120C00385000,385.0,normalDay
2022-08-03,7730.0,-6549.0,0.0,100,414.45,460.0,0,0.0,0.0,,0.0,1,25.85,45.79,SPY230120C00385000,385.0,normalDay
2022-08-04,7730.0,-6591.0,0.0,100,414.17,460.0,0,0.0,0.0,,0.0,1,25.85,45.93,SPY230120C00385000,385.0,normalDay
2022-08-05,7730.0,-6558.0,0.0,100,413.47,460.0,0,0.0,0.0,,0.0,1,25.85,44.9,SPY230120C00385000,385.0,normalDay
2022-08-08,7730.0,-6598.0,0.0,100,412.99,460.0,0,0.0,0.0,,0.0,1,25.85,44.82,SPY230120C00385000,385.0,normalDay
2022-08-09,7730.0,-6653.0,0.0,100,411.35,460.0,0,0.0,0.0,,0.0,1,25.85,43.73,SPY230120C00385000,385.0,normalDay
2022-08-10,7730.0,-6360.0,0.0,100,419.99,460.0,0,0.0,0.0,,0.0,1,25.85,49.44,SPY230120C00385000,385.0,normalDay
2022-08-11,7730.0,-6410.0,0.0,100,419.99,460.0,0,0.0,0.0,,0.0,1,25.85,49.94,SPY230120C00385000,385.0,normalDay
2022-08-12,7730.0,-6164.0,0.0,100,427.1,460.0,0,0.0,0.0,,0.0,1,25.85,54.59,SPY230120C00385000,385.0,normalDay
2022-08-15,7730.0,-6137.0,0.0,100,428.86,460.0,0,0.0,0.0,,0.0,1,25.85,56.08,SPY230120C00385000,385.0,normalDay
2022-08-16,7730.0,-6106.0,0.0,100,429.7,460.0,0,0.0,0.0,,0.0,1,25.85,56.61,SPY230120C00385000,385.0,normalDay
2022-08-17,7730.0,-6221.0,0.0,100,426.65,460.0,0,0.0,0.0,,0.0,1,25.85,54.71,SPY230120C00385000,385.0,normalDay
2022-08-18,7730.0,-6135.0,0.0,100,427.89,460.0,0,0.0,0.0,,0.0,1,25.85,55.09,SPY230120C00385000,385.0,normalDay
2022-08-19,7730.0,-6287.0,0.0,100,422.14,460.0,0,0.0,0.0,,0.0,1,25.85,50.86,SPY230120C00385000,385.0,normalDay
2022-08-22,7730.0,-6543.0,0.0,100,413.35,460.0,0,0.0,0.0,,0.0,1,25.85,44.63,SPY230120C00385000,385.0,normalDay
2022-08-23,7730.0,-6496.0,0.0,100,412.35,460.0,0,0.0,0.0,,0.0,1,25.85,43.16,SPY230120C00385000,385.0,normalDay
2022-08-24,7730.0,-6430.0,0.0,100,413.67,460.0,0,0.0,0.0,,0.0,1,25.85,43.82,SPY230120C00385000,385.0,normalDay
2022-08-25,7730.0,-6228.0,0.0,100,419.51,460.0,0,0.0,0.0,,0.0,1,25.85,47.64,SPY230120C00385000,385.0,normalDay
2022-08-26,7730.0,-6667.0,0.0,100,405.31,460.0,0,0.0,0.0,,0.0,1,25.85,37.83,SPY230120C00385000,385.0,normalDay
2022-08-29,7730.0,-6748.0,0.0,100,402.63,460.0,0,0.0,0.0,,0.0,1,25.85,35.96,SPY230120C00385000,385.0,normalDay
2022-08-30,7730.0,-6877.0,0.0,100,398.21,460.0,0,0.0,0.0,,0.0,1,25.85,32.83,SPY230120C00385000,385.0,normalDay
2022-08-31,7730.0,-6959.0,0.0,100,395.18,460.0,0,0.0,0.0,,0.0,1,25.85,30.62,SPY230120C00385000,385.0,normalDay
2022-09-01,7730.0,-6862.0,0.0,100,396.42,460.0,0,0.0,0.0,,0.0,1,25.85,30.89,SPY230120C00385000,385.0,normalDay
2022-09-02,7730.0,-7024.0,0.0,100,392.24,460.0,0,0.0,0.0,,0.0,1,25.85,28.33,SPY230120C00385000,385.0,normalDay
2022-09-06,7730.0,-7032.0,0.0,100,390.76,460.0,0,0.0,0.0,,0.0,1,25.85,26.93,SPY230120C00385000,385.0,normalDay
2022-09-07,7730.0,-6870.0,0.0,100,397.78,460.0,0,0.0,0.0,,0.0,1,25.85,32.33,SPY230120C00385000,385.0,normalDay
2022-09-08,7730.0,-6642.0,0.0,100,400.38,460.0,0,0.0,0.0,,0.0,1,25.85,32.65,SPY230120C00385000,385.0,normalDay
2022-09-09,7730.0,-6396.0,0.0,100,406.6,460.0,0,0.0,0.0,,0.0,1,25.85,36.41,SPY230120C00385000,385.0,normalDay
2022-09-12,7730.0,-6324.0,0.0,100,410.97,460.0,0,0.0,0.0,,0.0,1,25.85,40.06,SPY230120C00385000,385.0,normalDay
2022-09-13,7730.0,-6984.0,0.0,100,393.1,460.0,0,0.0,0.0,,0.0,1,25.85,28.79,SPY230120C00385000,385.0,normalDay
2022-09-14,7730.0,-6835.0,0.0,100,394.6,460.0,0,0.0,0.0,,0.0,1,25.85,28.8,SPY230120C00385000,385.0,normalDay
2022-09-15,7730.0,-7034.0,0.0,100,390.12,460.0,0,0.0,0.0,,0.0,1,25.85,26.31,SPY230120C00385000,385.0,normalDay
2022-09-16,7730.0,-7271.0,0.0,100,385.56,460.0,0,0.0,0.0,,0.0,1,25.85,24.12,SPY230120C00385000,385.0,normalDay
2022-09-19,7730.0,-7105.0,0.0,100,388.55,460.0,0,0.0,0.0,,0.0,1,25.85,25.45,SPY230120C00385000,385.0,normalDay
2022-09-20,7730.0,-7315.0,0.0,100,384.09,460.0,0,0.0,0.0,,0.0,1,25.85,23.09,SPY230120C00385000,385.0,normalDay
2022-09-21,7730.0,-7595.0,0.0,100,377.39,460.0,0,0.0,0.0,,0.0,1,25.85,19.19,SPY230120C00385000,385.0,normalDay
2022-09-22,7730.0,-7705.0,0.0,100,374.22,460.0,0,0.0,0.0,,0.0,1,25.85,17.12,SPY230120C00385000,385.0,normalDay
2022-09-23,7730.0,-8054.0,0.0,100,367.95,460.0,0,0.0,0.0,,0.0,1,25.85,14.34,SPY230120C00385000,385.0,normalDay
2022-09-26,7730.0,-8266.0,0.0,100,364.31,460.0,0,0.0,0.0,,0.0,1,25.85,12.82,SPY230120C00385000,385.0,normalDay
2022-09-27,7730.0,-8328.0,0.0,100,363.38,460.0,0,0.0,0.0,,0.0,1,25.85,12.51,SPY230120C00385000,385.0,normalDay
2022-09-28,7730.0,-7874.0,0.0,100,370.53,460.0,0,0.0,0.0,,0.0,1,25.85,15.12,SPY230120C00385000,385.0,normalDay
2022-09-29,7730.0,-8309.0,0.0,100,362.79,460.0,0,0.0,0.0,,0.0,1,25.85,11.73,SPY230120C00385000,385.0,normalDay
2022-09-30,7730.0,-8648.0,0.0,100,357.18,460.0,0,0.0,0.0,,0.0,1,25.85,9.51,SPY230120C00385000,385.0,normalDay
2022-10-03,7730.0,-8021.0,0.0,100,366.61,460.0,0,0.0,0.0,,0.0,1,25.85,12.67,SPY230120C00385000,385.0,normalDay
2022-10-04,7730.0,-7398.0,0.0,100,377.97,460.0,0,0.0,0.0,,0.0,1,25.85,17.8,SPY230120C00385000,385.0,normalDay
2022-10-05,7730.0,-7456.0,0.0,100,377.09,460.0,0,0.0,0.0,,0.0,1,25.85,17.5,SPY230120C00385000,385.0,normalDay
2022-10-06,7730.0,-7659.0,0.0,100,373.2,460.0,0,0.0,0.0,,0.0,1,25.85,15.64,SPY230120C00385000,385.0,normalDay
2022-10-07,7730.0,-8213.0,0.0,100,362.79,460.0,0,0.0,0.0,,0.0,1,25.85,10.77,SPY230120C00385000,385.0,normalDay
2022-10-10,7730.0,-8433.0,0.0,100,360.02,460.0,0,0.0,0.0,,0.0,1,25.85,10.2,SPY230120C00385000,385.0,normalDay
2022-10-11,7730.0,-8592.0,0.0,100,357.74,460.0,0,0.0,0.0,,0.0,1,25.85,9.51,SPY230120C00385000,385.0,normalDay
2022-10-12,7730.0,-8666.0,0.0,100,356.56,460.0,0,0.0,0.0,,0.0,1,25.85,9.07,SPY230120C00385000,385.0,normalDay
2022-10-13,7730.0,-8066.0,0.0,100,365.97,460.0,0,0.0,0.0,,0.0,1,25.85,12.48,SPY230120C00385000,385.0,normalDay
2022-10-14,7730.0,-8559.0,0.0,100,357.63,460.0,0,0.0,0.0,,0.0,1,25.85,9.07,SPY230120C00385000,385.0,normalDay
2022-10-17,7730.0,-7994.0,0.0,100,366.82,460.0,0,0.0,0.0,,0.0,1,25.85,12.61,SPY230120C00385000,385.0,normalDay
2022-10-18,7730.0,-7749.0,0.0,100,371.13,460.0,0,0.0,0.0,,0.0,1,25.85,14.47,SPY230120C00385000,385.0,normalDay
2022-10-19,7730.0,-7836.0,0.0,100,368.5,460.0,0,0.0,0.0,,0.0,1,25.85,12.71,SPY230120C00385000,385.0,normalDay
2022-10-20,7730.0,-8002.0,0.0,100,365.41,460.0,0,0.0,0.0,,0.0,1,25.85,11.28,SPY230120C00385000,385.0,normalDay
2022-10-21,7730.0,-7511.0,0.0,100,374.29,460.0,0,0.0,0.0,,0.0,1,25.85,15.25,SPY230120C00385000,385.0,normalDay
2022-10-24,7730.0,-7262.0,0.0,100,378.87,460.0,0,0.0,0.0,,0.0,1,25.85,17.34,SPY230120C00385000,385.0,normalDay
2022-10-25,7730.0,-6859.0,0.0,100,384.92,460.0,0,0.0,0.0,,0.0,1,25.85,19.36,SPY230120C00385000,385.0,normalDay
2022-10-26,7730.0,-7060.0,0.0,100,382.02,460.0,0,0.0,0.0,,0.0,1,25.85,18.47,SPY230120C00385000,385.0,normalDay
2022-10-27,7730.0,-6886.0,0.0,100,379.98,460.0,0,0.0,0.0,,0.0,1,25.85,14.69,SPY230120C00385000,385.0,normalDay
2022-10-28,7730.0,-6657.0,0.0,100,389.02,460.0,0,0.0,0.0,,0.0,1,25.85,21.44,SPY230120C00385000,385.0,normalDay
2022-10-31,7730.0,-6729.0,0.0,100,386.21,460.0,0,0.0,0.0,,0.0,1,25.85,19.35,SPY230120C00385000,385.0,normalDay
2022-11-01,7730.0,-6752.0,0.0,100,384.52,460.0,0,0.0,0.0,,0.0,1,25.85,17.89,SPY230120C00385000,385.0,normalDay
2022-11-02,7730.0,-7205.0,0.0,100,374.87,460.0,0,0.0,0.0,,0.0,1,25.85,12.77,SPY230120C00385000,385.0,normalDay
2022-11-03,7730.0,-7391.0,0.0,100,371.01,460.0,0,0.0,0.0,,0.0,1,25.85,10.77,SPY230120C00385000,385.0,normalDay
2022-11-04,7730.0,-7066.0,0.0,100,376.35,460.0,0,0.0,0.0,,0.0,1,25.85,12.86,SPY230120C00385000,385.0,normalDay
2022-11-07,7730.0,-6845.0,0.0,100,379.95,460.0,0,0.0,0.0,,0.0,1,25.85,14.25,SPY230120C00385000,385.0,normalDay
2022-11-08,7730.0,-6743.0,0.0,100,382.0,460.0,0,0.0,0.0,,0.0,1,25.85,15.28,SPY230120C00385000,385.0,normalDay
2022-11-09,7730.0,-7175.0,0.0,100,374.13,460.0,0,0.0,0.0,,0.0,1,25.85,11.73,SPY230120C00385000,385.0,normalDay
2022-11-10,7730.0,-6231.0,0.0,100,394.69,460.0,0,0.0,0.0,,0.0,1,25.85,22.85,SPY230120C00385000,385.0,normalDay
2022-11-11,7730.0,-6025.0,0.0,100,398.51,460.0,0,0.0,0.0,,0.0,1,25.85,24.61,SPY230120C00385000,385.0,normalDay
2022-11-14,7730.0,-6163.0,0.0,100,395.12,460.0,0,0.0,0.0,,0.0,1,25.85,22.6,SPY230120C00385000,385.0,normalDay
2022-11-15,7730.0,-6031.0,0.0,100,398.49,460.0,0,0.0,0.0,,0.0,1,25.85,24.65,SPY230120C00385000,385.0,normalDay
2022-11-16,7730.0,-6092.0,0.0,100,395.45,460.0,0,0.0,0.0,,0.0,1,25.85,22.22,SPY230120C00385000,385.0,normalDay
2022-11-17,7730.0,-6089.0,0.0,100,394.24,460.0,0,0.0,0.0,,0.0,1,25.85,20.98,SPY230120C00385000,385.0,normalDay
2022-11-18,7730.0,-5965.0,0.0,100,396.03,460.0,0,0.0,0.0,,0.0,1,25.85,21.53,SPY230120C00385000,385.0,normalDay
2022-11-21,7730.0,-5974.0,0.0,100,394.59,460.0,0,0.0,0.0,,0.0,1,25.85,20.18,SPY230120C00385000,385.0,normalDay
2022-11-22,7730.0,-5744.0,0.0,100,399.9,460.0,0,0.0,0.0,,0.0,1,25.85,23.19,SPY230120C00385000,385.0,normalDay
2022-11-23,7730.0,-5650.0,0.0,100,402.42,460.0,0,0.0,0.0,,0.0,1,25.85,24.77,SPY230120C00385000,385.0,normalDay
2022-11-25,7730.0,-5839.0,0.0,100,402.33,460.0,0,0.0,0.0,,0.0,1,25.85,26.57,SPY230120C00385000,385.0,normalDay
2022-11-28,7730.0,-5845.0,0.0,100,395.91,460.0,0,0.0,0.0,,0.0,1,25.85,20.21,SPY230120C00385000,385.0,normalDay
2022-11-29,7730.0,-5822.0,0.0,100,395.23,460.0,0,0.0,0.0,,0.0,1,25.85,19.3,SPY230120C00385000,385.0,normalDay
2022-11-30,7730.0,-5488.0,0.0,100,407.68,460.0,0,0.0,0.0,,0.0,1,25.85,28.41,SPY230120C00385000,385.0,normalDay
2022-12-01,7730.0,-5415.0,0.0,100,407.38,460.0,0,0.0,0.0,,0.0,1,25.85,27.38,SPY230120C00385000,385.0,normalDay
2022-12-02,7730.0,-5372.0,0.0,100,406.91,460.0,0,0.0,0.0,,0.0,1,25.85,26.48,SPY230120C00385000,385.0,normalDay
2022-12-05,7730.0,-5576.0,0.0,100,399.59,460.0,0,0.0,0.0,,0.0,1,25.85,21.2,SPY230120C00385000,385.0,normalDay
2022-12-06,7730.0,-5798.0,0.0,100,393.83,460.0,0,0.0,0.0,,0.0,1,25.85,17.66,SPY230120C00385000,385.0,normalDay
2022-12-07,7730.0,-5817.0,0.0,100,393.16,460.0,0,0.0,0.0,,0.0,1,25.85,17.18,SPY230120C00385000,385.0,normalDay
2022-12-08,7730.0,-5680.0,0.0,100,396.24,460.0,0,0.0,0.0,,0.0,1,25.85,18.89,SPY230120C00385000,385.0,normalDay
2022-12-09,7730.0,-5778.0,0.0,100,393.28,460.0,0,0.0,0.0,,0.0,1,25.85,16.91,SPY230120C00385000,385.0,normalDay
2022-12-12,7730.0,-5574.0,0.0,100,398.95,460.0,0,0.0,0.0,,0.0,1,25.85,20.54,SPY230120C00385000,385.0,normalDay
2022-12-13,7730.0,-5434.0,0.0,100,401.97,460.0,0,0.0,0.0,,0.0,1,25.85,22.16,SPY230120C00385000,385.0,normalDay
2022-12-14,7730.0,-5467.0,0.0,100,399.4,460.0,0,0.0,0.0,,0.0,1,25.85,19.92,SPY230120C00385000,385.0,normalDay
2022-12-15,7730.0,-5732.0,0.0,100,389.63,460.0,0,0.0,0.0,,0.0,1,25.85,12.8,SPY230120C00385000,385.0,normalDay
2022-12-16,7730.0,-6061.0,0.0,100,383.27,460.0,0,0.0,0.0,,0.0,1,25.85,9.73,SPY230120C00385000,385.0,normalDay
2022-12-19,7730.0,-6165.0,0.0,100,380.02,460.0,0,0.0,0.0,,0.0,1,25.85,7.52,SPY230120C00385000,385.0,normalDay
2022-12-20,7730.0,-6116.0,0.0,100,380.54,460.0,0,0.0,0.0,,0.0,1,25.85,7.55,SPY230120C00385000,385.0,normalDay
2022-12-21,7730.0,-5793.0,0.0,100,386.23,460.0,0,0.0,0.0,,0.0,1,25.85,10.01,SPY230120C00385000,385.0,normalDay
2022-12-22,7730.0,-6082.0,0.0,100,380.72,460.0,0,0.0,0.0,,0.0,1,25.85,7.39,SPY230120C00385000,385.0,normalDay
2022-12-23,7730.0,-5919.0,0.0,100,382.91,460.0,0,0.0,0.0,,0.0,1,25.85,7.95,SPY230120C00385000,385.0,normalDay
2022-12-27,7730.0,-5975.0,0.0,100,381.4,460.0,0,0.0,0.0,,0.0,1,25.85,7.0,SPY230120C00385000,385.0,normalDay
2022-12-28,7730.0,-6241.0,0.0,100,376.66,460.0,0,0.0,0.0,,0.0,1,25.85,4.92,SPY230120C00385000,385.0,normalDay
2022-12-29,7730.0,-5814.0,0.0,100,383.44,460.0,0,0.0,0.0,,0.0,1,25.85,7.43,SPY230120C00385000,385.0,normalDay
2022-12-30,7730.0,-5865.0,0.0,100,382.43,460.0,0,0.0,0.0,,0.0,1,25.85,6.93,SPY230120C00385000,385.0,normalDay
2023-01-03,7730.0,-5872.0,0.0,100,380.82,460.0,0,0.0,0.0,,0.0,1,25.85,5.39,SPY230120C00385000,385.0,normalDay
2023-01-04,7730.0,-5696.0,0.0,100,383.76,460.0,0,0.0,0.0,,0.0,1,25.85,6.57,SPY230120C00385000,385.0,normalDay
2023-01-05,7730.0,-5919.0,0.0,100,379.38,460.0,0,0.0,0.0,,0.0,1,25.85,4.42,SPY230120C00385000,385.0,normalDay
2023-01-06,7730.0,-5411.0,0.0,100,388.08,460.0,0,0.0,0.0,,0.0,1,25.85,8.04,SPY230120C00385000,385.0,normalDay
2023-01-09,7730.0,-5398.0,0.0,100,387.86,460.0,0,0.0,0.0,,0.0,1,25.85,7.69,SPY230120C00385000,385.0,normalDay
2023-01-10,7730.0,-5272.0,0.0,100,390.58,460.0,0,0.0,0.0,,0.0,1,25.85,9.15,SPY230120C00385000,385.0,normalDay
2023-01-11,7730.0,-5150.0,0.0,100,395.52,460.0,0,0.0,0.0,,0.0,1,25.85,12.87,SPY230120C00385000,385.0,normalDay
2023-01-12,7730.0,-5023.0,0.0,100,396.96,460.0,0,0.0,0.0,,0.0,1,25.85,13.04,SPY230120C00385000,385.0,normalDay
2023-01-13,7730.0,-4951.0,0.0,100,398.5,460.0,0,0.0,0.0,,0.0,1,25.85,13.86,SPY230120C00385000,385.0,normalDay
2023-01-17,7730.0,-4965.0,0.0,100,397.77,460.0,0,0.0,0.0,,0.0,1,25.85,13.27,SPY230120C00385000,385.0,normalDay
2023-01-18,7730.0,-4970.0,0.0,100,391.49,460.0,0,0.0,0.0,,0.0,1,25.85,7.04,SPY230120C00385000,385.0,normalDay
2023-01-19,7730.0,-4987.0,0.0,100,388.64,460.0,0,0.0,0.0,,0.0,1,25.85,4.36,SPY230120C00385000,385.0,normalDay
2023-01-20,2815.0,-4987.0,-4915.0,0,395.88,0.0,0,0.0,0.0,,0.0,1,25.85,0.0,SPY230120C00385000,385.0,expirationDay
2023-01-23,2815.0,-3.0,0.0,0,400.63,0.0,1,3.61,3.64,SPY230317P00374000,374.0,0,0.0,0.0,,0.0,normalDay
2023-01-24,2815.0,33.0,0.0,0,400.2,0.0,1,3.61,3.28,SPY230317P00374000,374.0,0,0.0,0.0,,0.0,normalDay
2023-01-25,2815.0,25.0,0.0,0,400.35,0.0,1,3.61,3.36,SPY230317P00374000,374.0,0,0.0,0.0,,0.0,normalDay
2023-01-26,2815.0,93.0,0.0,0,404.75,0.0,1,3.61,2.68,SPY230317P00374000,374.0,0,0.0,0.0,,0.0,normalDay
2023-01-27,2815.0,112.0,0.0,0,405.68,0.0,1,3.61,2.49,SPY230317P00374000,374.0,0,0.0,0.0,,0.0,normalDay
2023-01-30,2815.0,49.0,0.0,0,400.59,0.0,1,3.61,3.12,SPY230317P00374000,374.0,0,0.0,0.0,,0.0,normalDay
2023-01-31,2815.0,125.0,0.0,0,406.48,0.0,1,3.61,2.36,SPY230317P00374000,374.0,0,0.0,0.0,,0.0,normalDay
2023-02-01,2815.0,197.0,0.0,0,410.8,0.0,1,3.61,1.64,SPY230317P00374000,374.0,0,0.0,0.0,,0.0,normalDay
2023-02-02,2815.0,200.0,0.0,0,416.78,0.0,1,3.61,1.61,SPY230317P00374000,374.0,0,0.0,0.0,,0.0,normalDay
2023-02-03,2815.0,198.0,0.0,0,412.35,0.0,1,3.61,1.63,SPY230317P00374000,374.0,0,0.0,0.0,,0.0,normalDay
2023-02-06,2815.0,182.0,0.0,0,409.83,0.0,1,3.61,1.79,SPY230317P00374000,374.0,0,0.0,0.0,,0.0,normalDay
2023-02-07,2815.0,232.0,0.0,0,415.19,0.0,1,3.61,1.29,SPY230317P00374000,374.0,0,0.0,0.0,,0.0,normalDay
2023-02-08,2815.0,196.0,0.0,0,410.65,0.0,1,3.61,1.65,SPY230317P00374000,374.0,0,0.0,0.0,,0.0,normalDay
2023-02-09,2815.0,158.0,0.0,0,407.09,0.0,1,3.61,2.03,SPY230317P00374000,374.0,0,0.0,0.0,,0.0,normalDay
2023-02-10,2815.0,176.0,0.0,0,408.04,0.0,1,3.61,1.85,SPY230317P00374000,374.0,0,0.0,0.0,,0.0,normalDay
2023-02-13,2815.0,237.0,0.0,0,412.83,0.0,1,3.61,1.24,SPY230317P00374000,374.0,0,0.0,0.0,,0.0,normalDay
2023-02-14,2815.0,262.0,0.0,0,412.64,0.0,1,3.61,0.99,SPY230317P00374000,374.0,0,0.0,0.0,,0.0,normalDay
2023-02-15,2815.0,282.0,0.0,0,413.98,0.0,1,3.61,0.79,SPY230317P00374000,374.0,0,0.0,0.0,,0.0,normalDay
2023-02-16,2815.0,227.0,0.0,0,408.28,0.0,1,3.61,1.34,SPY230317P00374000,374.0,0,0.0,0.0,,0.0,normalDay
2023-02-17,2815.0,238.0,0.0,0,407.26,0.0,1,3.61,1.23,SPY230317P00374000,374.0,0,0.0,0.0,,0.0,normalDay
2023-02-21,2815.0,163.0,0.0,0,399.09,0.0,1,3.61,1.98,SPY230317P00374000,374.0,0,0.0,0.0,,0.0,normalDay
2023-02-22,2815.0,179.0,0.0,0,398.54,0.0,1,3.61,1.82,SPY230317P00374000,374.0,0,0.0,0.0,,0.0,normalDay
2023-02-23,2815.0,226.0,0.0,0,400.66,0.0,1,3.61,1.35,SPY230317P00374000,374.0,0,0.0,0.0,,0.0,normalDay
2023-02-24,2815.0,189.0,0.0,0,396.38,0.0,1,3.61,1.72,SPY230317P00374000,374.0,0,0.0,0.0,,0.0,normalDay
2023-02-27,2815.0,250.0,0.0,0,397.73,0.0,1,3.61,1.11,SPY230317P00374000,374.0,0,0.0,0.0,,0.0,normalDay
2023-02-28,2815.0,244.0,0.0,0,396.26,0.0,1,3.61,1.17,SPY230317P00374000,374.0,0,0.0,0.0,,0.0,normalDay
2023-03-01,2815.0,245.0,0.0,0,394.74,0.0,1,3.61,1.16,SPY230317P00374000,374.0,0,0.0,0.0,,0.0,normalDay
2023-03-02,2815.0,293.0,0.0,0,397.81,0.0,1,3.61,0.68,SPY230317P00374000,374.0,0,0.0,0.0,,0.0,normalDay
2023-03-03,2815.0,328.0,0.0,0,404.19,0.0,1,3.61,0.33,SPY230317P00374000,374.0,0,0.0,0.0,,0.0,normalDay
2023-03-06,2815.0,335.0,0.0,0,404.47,0.0,1,3.61,0.26,SPY230317P00374000,374.0,0,0.0,0.0,,0.0,normalDay
2023-03-07,2815.0,313.0,0.0,0,398.27,0.0,1,3.61,0.48,SPY230317P00374000,374.0,0,0.0,0.0,,0.0,normalDay
2023-03-08,2815.0,325.0,0.0,0,398.92,0.0,1,3.61,0.36,SPY230317P00374000,374.0,0,0.0,0.0,,0.0,normalDay
2023-03-09,2815.0,240.0,0.0,0,391.56,0.0,1,3.61,1.21,SPY230317P00374000,374.0,0,0.0,0.0,,0.0,normalDay
2023-03-10,2815.0,163.0,0.0,0,385.91,0.0,1,3.61,1.98,SPY230317P00374000,374.0,0,0.0,0.0,,0.0,normalDay
2023-03-13,2815.0,164.0,0.0,0,385.36,0.0,1,3.61,1.97,SPY230317P00374000,374.0,0,0.0,0.0,,0.0,normalDay
2023-03-14,2815.0,323.0,0.0,0,391.73,0.0,1,3.61,0.38,SPY230317P00374000,374.0,0,0.0,0.0,,0.0,normalDay
2023-03-15,2815.0,317.0,0.0,0,389.28,0.0,1,3.61,0.44,SPY230317P00374000,374.0,0,0.0,0.0,,0.0,normalDay
2023-03-16,2815.0,357.0,0.0,0,396.11,0.0,1,3.61,0.04,SPY230317P00374000,374.0,0,0.0,0.0,,0.0,normalDay
2023-03-17,3176.0,0.0,361.0,0,389.99,0.0,1,3.61,0.0,SPY230317P00374000,374.0,0,0.0,0.0,,0.0,expirationDay
2023-03-20,3176.0,-9.0,0.0,0,393.74,0.0,1,7.12,7.21,SPY230428P00385000,385.0,0,0.0,0.0,,0.0,normalDay
2023-03-21,3176.0,222.0,0.0,0,398.91,0.0,1,7.12,4.9,SPY230428P00385000,385.0,0,0.0,0.0,,0.0,normalDay
2023-03-22,3176.0,17.0,0.0,0,392.11,0.0,1,7.12,6.95,SPY230428P00385000,385.0,0,0.0,0.0,,0.0,normalDay
2023-03-23,3176.0,36.0,0.0,0,393.17,0.0,1,7.12,6.76,SPY230428P00385000,385.0,0,0.0,0.0,,0.0,normalDay
2023-03-24,3176.0,149.0,0.0,0,395.75,0.0,1,7.12,5.63,SPY230428P00385000,385.0,0,0.0,0.0,,0.0,normalDay
2023-03-27,3176.0,255.0,0.0,0,396.49,0.0,1,7.12,4.57,SPY230428P00385000,385.0,0,0.0,0.0,,0.0,normalDay
2023-03-28,3176.0,279.0,0.0,0,395.6,0.0,1,7.12,4.33,SPY230428P00385000,385.0,0,0.0,0.0,,0.0,normalDay
2023-03-29,3176.0,413.0,0.0,0,401.35,0.0,1,7.12,2.99,SPY230428P00385000,385.0,0,0.0,0.0,,0.0,normalDay
2023-03-30,3176.0,465.0,0.0,0,403.7,0.0,1,7.12,2.47,SPY230428P00385000,385.0,0,0.0,0.0,,0.0,normalDay
2023-03-31,3176.0,549.0,0.0,0,409.39,0.0,1,7.12,1.63,SPY230428P00385000,385.0,0,0.0,0.0,,0.0,normalDay
2023-04-03,3176.0,597.0,0.0,0,410.95,0.0,1,7.12,1.15,SPY230428P00385000,385.0,0,0.0,0.0,,0.0,normalDay
2023-04-04,3176.0,585.0,0.0,0,408.67,0.0,1,7.12,1.27,SPY230428P00385000,385.0,0,0.0,0.0,,0.0,normalDay
2023-04-05,3176.0,586.0,0.0,0,407.6,0.0,1,7.12,1.26,SPY230428P00385000,385.0,0,0.0,0.0,,0.0,normalDay
2023-04-06,3176.0,617.0,0.0,0,409.19,0.0,1,7.12,0.95,SPY230428P00385000,385.0,0,0.0,0.0,,0.0,normalDay
2023-04-10,3176.0,639.0,0.0,0,409.61,0.0,1,7.12,0.73,SPY230428P00385000,385.0,0,0.0,0.0,,0.0,normalDay
2023-04-11,3176.0,645.0,0.0,0,409.72,0.0,1,7.12,0.67,SPY230428P00385000,385.0,0,0.0,0.0,,0.0,normalDay
2023-04-12,3176.0,643.0,0.0,0,408.05,0.0,1,7.12,0.69,SPY230428P00385000,385.0,0,0.0,0.0,,0.0,normalDay
2023-04-13,3176.0,680.0,0.0,0,413.47,0.0,1,7.12,0.32,SPY230428P00385000,385.0,0,0.0,0.0,,0.0,normalDay
2023-04-14,3176.0,688.0,0.0,0,412.46,0.0,1,7.12,0.24,SPY230428P00385000,385.0,0,0.0,0.0,,0.0,normalDay
2023-04-17,3176.0,696.0,0.0,0,413.94,0.0,1,7.12,0.16,SPY230428P00385000,385.0,0,0.0,0.0,,0.0,normalDay
2023-04-18,3176.0,696.0,0.0,0,414.21,0.0,1,7.12,0.16,SPY230428P00385000,385.0,0,0.0,0.0,,0.0,normalDay
2023-04-19,3176.0,701.0,0.0,0,414.14,0.0,1,7.12,0.11,SPY230428P00385000,385.0,0,0.0,0.0,,0.0,normalDay
2023-04-20,3176.0,701.0,0.0,0,411.88,0.0,1,7.12,0.11,SPY230428P00385000,385.0,0,0.0,0.0,,0.0,normalDay
2023-04-21,3176.0,705.0,0.0,0,412.2,0.0,1,7.12,0.07,SPY230428P00385000,385.0,0,0.0,0.0,,0.0,normalDay
2023-04-24,3176.0,708.0,0.0,0,412.63,0.0,1,7.12,0.04,SPY230428P00385000,385.0,0,0.0,0.0,,0.0,normalDay
2023-04-25,3176.0,707.0,0.0,0,406.08,0.0,1,7.12,0.05,SPY230428P00385000,385.0,0,0.0,0.0,,0.0,normalDay
2023-04-26,3176.0,708.0,0.0,0,404.36,0.0,1,7.12,0.04,SPY230428P00385000,385.0,0,0.0,0.0,,0.0,normalDay
2023-04-27,3176.0,710.0,0.0,0,412.41,0.0,1,7.12,0.02,SPY230428P00385000,385.0,0,0.0,0.0,,0.0,normalDay
2023-04-28,3888.0,0.0,712.0,0,415.93,0.0,1,7.12,0.0,SPY230428P00385000,385.0,0,0.0,0.0,,0.0,expirationDay
2023-05-01,3888.0,-4.0,0.0,0,415.51,0.0,1,4.97,5.01,SPY230616P00405000,405.0,0,0.0,0.0,,0.0,normalDay
2023-05-02,3888.0,-187.0,0.0,0,410.84,0.0,1,4.97,6.84,SPY230616P00405000,405.0,0,0.0,0.0,,0.0,normalDay
2023-05-03,3888.0,-273.0,0.0,0,408.02,0.0,1,4.97,7.7,SPY230616P00405000,405.0,0,0.0,0.0,,0.0,normalDay
2023-05-04,3888.0,-473.0,0.0,0,405.13,0.0,1,4.97,9.7,SPY230616P00405000,405.0,0,0.0,0.0,,0.0,normalDay
2023-05-05,3888.0,-114.0,0.0,0,412.63,0.0,1,4.97,6.11,SPY230616P00405000,405.0,0,0.0,0.0,,0.0,normalDay
2023-05-08,3888.0,-66.0,0.0,0,412.74,0.0,1,4.97,5.63,SPY230616P00405000,405.0,0,0.0,0.0,,0.0,normalDay
2023-05-09,3888.0,-120.0,0.0,0,410.93,0.0,1,4.97,6.17,SPY230616P00405000,405.0,0,0.0,0.0,,0.0,normalDay
2023-05-10,3888.0,-24.0,0.0,0,412.85,0.0,1,4.97,5.21,SPY230616P00405000,405.0,0,0.0,0.0,,0.0,normalDay
2023-05-11,3888.0,-32.0,0.0,0,412.13,0.0,1,4.97,5.29,SPY230616P00405000,405.0,0,0.0,0.0,,0.0,normalDay
2023-05-12,3888.0,-42.0,0.0,0,411.59,0.0,1,4.97,5.39,SPY230616P00405000,405.0,0,0.0,0.0,,0.0,normalDay
2023-05-15,3888.0,46.0,0.0,0,413.01,0.0,1,4.97,4.51,SPY230616P00405000,405.0,0,0.0,0.0,,0.0,normalDay
2023-05-16,3888.0,-44.0,0.0,0,410.25,0.0,1,4.97,5.41,SPY230616P00405000,405.0,0,0.0,0.0,,0.0,normalDay
2023-05-17,3888.0,123.0,0.0,0,415.23,0.0,1,4.97,3.74,SPY230616P00405000,405.0,0,0.0,0.0,,0.0,normalDay
2023-05-18,3888.0,233.0,0.0,0,419.23,0.0,1,4.97,2.64,SPY230616P00405000,405.0,0,0.0,0.0,,0.0,normalDay
2023-05-19,3888.0,204.0,0.0,0,418.62,0.0,1,4.97,2.93,SPY230616P00405000,405.0,0,0.0,0.0,,0.0,normalDay
2023-05-22,3888.0,219.0,0.0,0,418.79,0.0,1,4.97,2.78,SPY230616P00405000,405.0,0,0.0,0.0,,0.0,normalDay
2023-05-23,3888.0,96.0,0.0,0,414.09,0.0,1,4.97,4.01,SPY230616P00405000,405.0,0,0.0,0.0,,0.0,normalDay
2023-05-24,3888.0,-10.0,0.0,0,411.09,0.0,1,4.97,5.07,SPY230616P00405000,405.0,0,0.0,0.0,,0.0,normalDay
2023-05-25,3888.0,117.0,0.0,0,414.65,0.0,1,4.97,3.8,SPY230616P00405000,405.0,0,0.0,0.0,,0.0,normalDay
2023-05-26,3888.0,263.0,0.0,0,420.02,0.0,1,4.97,2.34,SPY230616P00405000,405.0,0,0.0,0.0,,0.0,normalDay
2023-05-30,3888.0,318.0,0.0,0,420.18,0.0,1,4.97,1.79,SPY230616P00405000,405.0,0,0.0,0.0,,0.0,normalDay
2023-05-31,3888.0,298.0,0.0,0,417.85,0.0,1,4.97,1.99,SPY230616P00405000,405.0,0,0.0,0.0,,0.0,normalDay
2023-06-01,3888.0,397.0,0.0,0,421.82,0.0,1,4.97,1.0,SPY230616P00405000,405.0,0,0.0,0.0,,0.0,normalDay
2023-06-02,3888.0,453.0,0.0,0,427.92,0.0,1,4.97,0.44,SPY230616P00405000,405.0,0,0.0,0.0,,0.0,normalDay
2023-06-05,3888.0,462.0,0.0,0,427.1,0.0,1,4.97,0.35,SPY230616P00405000,405.0,0,0.0,0.0,,0.0,normalDay
2023-06-06,3888.0,469.0,0.0,0,428.03,0.0,1,4.97,0.28,SPY230616P00405000,405.0,0,0.0,0.0,,0.0,normalDay
2023-06-07,3888.0,470.0,0.0,0,426.55,0.0,1,4.97,0.27,SPY230616P00405000,405.0,0,0.0,0.0,,0.0,normalDay
2023-06-08,3888.0,477.0,0.0,0,429.13,0.0,1,4.97,0.2,SPY230616P00405000,405.0,0,0.0,0.0,,0.0,normalDay
2023-06-09,3888.0,482.0,0.0,0,429.9,0.0,1,4.97,0.15,SPY230616P00405000,405.0,0,0.0,0.0,,0.0,normalDay
2023-06-12,3888.0,485.0,0.0,0,433.8,0.0,1,4.97,0.12,SPY230616P00405000,405.0,0,0.0,0.0,,0.0,normalDay
2023-06-13,3888.0,488.0,0.0,0,436.66,0.0,1,4.97,0.09,SPY230616P00405000,405.0,0,0.0,0.0,,0.0,normalDay
2023-06-14,3888.0,492.0,0.0,0,437.18,0.0,1,4.97,0.05,SPY230616P00405000,405.0,0,0.0,0.0,,0.0,normalDay
2023-06-15,3888.0,493.0,0.0,0,442.6,0.0,1,4.97,0.04,SPY230616P00405000,405.0,0,0.0,0.0,,0.0,normalDay
2023-06-16,4385.0,0.0,497.0,0,439.46,0.0,1,4.97,0.0,SPY230616P00405000,405.0,0,0.0,0.0,,0.0,expirationDay
2023-06-20,4385.0,-3.0,0.0,0,437.18,0.0,1,1.21,1.24,SPY230728P00409000,409.0,0,0.0,0.0,,0.0,normalDay
2023-06-21,4385.0,-3.0,0.0,0,434.94,0.0,1,1.21,1.24,SPY230728P00409000,409.0,0,0.0,0.0,,0.0,normalDay
2023-06-22,4385.0,17.0,0.0,0,436.51,0.0,1,1.21,1.04,SPY230728P00409000,409.0,0,0.0,0.0,,0.0,normalDay
2023-06-23,4385.0,-8.0,0.0,0,433.21,0.0,1,1.21,1.29,SPY230728P00409000,409.0,0,0.0,0.0,,0.0,normalDay
2023-06-26,4385.0,-15.0,0.0,0,431.44,0.0,1,1.21,1.36,SPY230728P00409000,409.0,0,0.0,0.0,,0.0,normalDay
2023-06-27,4385.0,28.0,0.0,0,436.17,0.0,1,1.21,0.93,SPY230728P00409000,409.0,0,0.0,0.0,,0.0,normalDay
2023-06-28,4385.0,43.0,0.0,0,436.39,0.0,1,1.21,0.78,SPY230728P00409000,409.0,0,0.0,0.0,,0.0,normalDay
2023-06-29,4385.0,51.0,0.0,0,438.11,0.0,1,1.21,0.7,SPY230728P00409000,409.0,0,0.0,0.0,,0.0,normalDay
2023-06-30,4385.0,71.0,0.0,0,443.28,0.0,1,1.21,0.5,SPY230728P00409000,409.0,0,0.0,0.0,,0.0,normalDay
2023-07-03,4385.0,79.0,0.0,0,443.79,0.0,1,1.21,0.42,SPY230728P00409000,409.0,0,0.0,0.0,,0.0,normalDay
2023-07-05,4385.0,77.0,0.0,0,443.13,0.0,1,1.21,0.44,SPY230728P00409000,409.0,0,0.0,0.0,,0.0,normalDay
2023-07-06,4385.0,60.0,0.0,0,439.66,0.0,1,1.21,0.61,SPY230728P00409000,409.0,0,0.0,0.0,,0.0,normalDay
2023-07-07,4385.0,70.0,0.0,0,438.55,0.0,1,1.21,0.51,SPY230728P00409000,409.0,0,0.0,0.0,,0.0,normalDay
2023-07-10,4385.0,80.0,0.0,0,439.66,0.0,1,1.21,0.41,SPY230728P00409000,409.0,0,0.0,0.0,,0.0,normalDay
2023-07-11,4385.0,89.0,0.0,0,442.46,0.0,1,1.21,0.32,SPY230728P00409000,409.0,0,0.0,0.0,,0.0,normalDay
2023-07-12,4385.0,102.0,0.0,0,446.02,0.0,1,1.21,0.19,SPY230728P00409000,409.0,0,0.0,0.0,,0.0,normalDay
2023-07-13,4385.0,102.0,0.0,0,449.56,0.0,1,1.21,0.19,SPY230728P00409000,409.0,0,0.0,0.0,,0.0,normalDay
2023-07-14,4385.0,106.0,0.0,0,449.28,0.0,1,1.21,0.15,SPY230728P00409000,409.0,0,0.0,0.0,,0.0,normalDay
2023-07-17,4385.0,110.0,0.0,0,450.84,0.0,1,1.21,0.11,SPY230728P00409000,409.0,0,0.0,0.0,,0.0,normalDay
2023-07-18,4385.0,112.0,0.0,0,454.19,0.0,1,1.21,0.09,SPY230728P00409000,409.0,0,0.0,0.0,,0.0,normalDay
2023-07-19,4385.0,113.0,0.0,0,455.2,0.0,1,1.21,0.08,SPY230728P00409000,409.0,0,0.0,0.0,,0.0,normalDay
2023-07-20,4385.0,113.0,0.0,0,452.18,0.0,1,1.21,0.08,SPY230728P00409000,409.0,0,0.0,0.0,,0.0,normalDay
2023-07-21,4385.0,117.0,0.0,0,452.18,0.0,1,1.21,0.04,SPY230728P00409000,409.0,0,0.0,0.0,,0.0,normalDay
2023-07-24,4385.0,118.0,0.0,0,454.2,0.0,1,1.21,0.03,SPY230728P00409000,409.0,0,0.0,0.0,,0.0,normalDay
2023-07-25,4385.0,119.0,0.0,0,455.44,0.0,1,1.21,0.02,SPY230728P00409000,409.0,0,0.0,0.0,,0.0,normalDay
2023-07-26,4385.0,119.0,0.0,0,455.51,0.0,1,1.21,0.02,SPY230728P00409000,409.0,0,0.0,0.0,,0.0,normalDay
2023-07-27,4385.0,119.0,0.0,0,452.49,0.0,1,1.21,0.02,SPY230728P00409000,409.0,0,0.0,0.0,,0.0,normalDay
2023-07-28,4506.0,0.0,121.0,0,456.92,0.0,1,1.21,0.0,SPY230728P00409000,409.0,0,0.0,0.0,,0.0,expirationDay
2023-07-31,4506.0,-3.0,0.0,0,457.79,0.0,1,2.35,2.38,SPY230915P00438000,438.0,0,0.0,0.0,,0.0,normalDay
2023-08-01,4506.0,-26.0,0.0,0,456.48,0.0,1,2.35,2.61,SPY230915P00438000,438.0,0,0.0,0.0,,0.0,normalDay
2023-08-02,4506.0,-194.0,0.0,0,450.13,0.0,1,2.35,4.29,SPY230915P00438000,438.0,0,0.0,0.0,,0.0,normalDay
2023-08-03,4506.0,-186.0,0.0,0,448.84,0.0,1,2.35,4.21,SPY230915P00438000,438.0,0,0.0,0.0,,0.0,normalDay
2023-08-04,4506.0,-288.0,0.0,0,446.81,0.0,1,2.35,5.23,SPY230915P00438000,438.0,0,0.0,0.0,,0.0,normalDay
2023-08-07,4506.0,-133.0,0.0,0,450.71,0.0,1,2.35,3.68,SPY230915P00438000,438.0,0,0.0,0.0,,0.0,normalDay
2023-08-08,4506.0,-184.0,0.0,0,448.75,0.0,1,2.35,4.19,SPY230915P00438000,438.0,0,0.0,0.0,,0.0,normalDay
2023-08-09,4506.0,-235.0,0.0,0,445.75,0.0,1,2.35,4.7,SPY230915P00438000,438.0,0,0.0,0.0,,0.0,normalDay
2023-08-10,4506.0,-235.0,0.0,0,445.91,0.0,1,2.35,4.7,SPY230915P00438000,438.0,0,0.0,0.0,,0.0,normalDay
2023-08-11,4506.0,-196.0,0.0,0,445.65,0.0,1,2.35,4.31,SPY230915P00438000,438.0,0,0.0,0.0,,0.0,normalDay
2023-08-14,4506.0,-108.0,0.0,0,448.11,0.0,1,2.35,3.43,SPY230915P00438000,438.0,0,0.0,0.0,,0.0,normalDay
2023-08-15,4506.0,-291.0,0.0,0,442.89,0.0,1,2.35,5.26,SPY230915P00438000,438.0,0,0.0,0.0,,0.0,normalDay
2023-08-16,4506.0,-399.0,0.0,0,439.64,0.0,1,2.35,6.34,SPY230915P00438000,438.0,0,0.0,0.0,,0.0,normalDay
2023-08-17,4506.0,-578.0,0.0,0,436.29,0.0,1,2.35,8.13,SPY230915P00438000,438.0,0,0.0,0.0,,0.0,normalDay
2023-08-18,4506.0,-522.0,0.0,0,436.5,0.0,1,2.35,7.57,SPY230915P00438000,438.0,0,0.0,0.0,,0.0,normalDay
2023-08-21,4506.0,-373.0,0.0,0,439.34,0.0,1,2.35,6.08,SPY230915P00438000,438.0,0,0.0,0.0,,0.0,normalDay
2023-08-22,4506.0,-394.0,0.0,0,438.15,0.0,1,2.35,6.29,SPY230915P00438000,438.0,0,0.0,0.0,,0.0,normalDay
2023-08-23,4506.0,-174.0,0.0,0,443.03,0.0,1,2.35,4.09,SPY230915P00438000,438.0,0,0.0,0.0,,0.0,normalDay
2023-08-24,4506.0,-433.0,0.0,0,436.89,0.0,1,2.35,6.68,SPY230915P00438000,438.0,0,0.0,0.0,,0.0,normalDay
2023-08-25,4506.0,-238.0,0.0,0,439.97,0.0,1,2.35,4.73,SPY230915P00438000,438.0,0,0.0,0.0,,0.0,normalDay
2023-08-28,4506.0,-87.0,0.0,0,442.76,0.0,1,2.35,3.22,SPY230915P00438000,438.0,0,0.0,0.0,,0.0,normalDay
2023-08-29,4506.0,80.0,0.0,0,449.16,0.0,1,2.35,1.55,SPY230915P00438000,438.0,0,0.0,0.0,,0.0,normalDay
2023-08-30,4506.0,128.0,0.0,0,451.01,0.0,1,2.35,1.07,SPY230915P00438000,438.0,0,0.0,0.0,,0.0,normalDay
2023-08-31,4506.0,143.0,0.0,0,450.35,0.0,1,2.35,0.92,SPY230915P00438000,438.0,0,0.0,0.0,,0.0,normalDay
2023-09-01,4506.0,163.0,0.0,0,451.19,0.0,1,2.35,0.72,SPY230915P00438000,438.0,0,0.0,0.0,,0.0,normalDay
2023-09-05,4506.0,151.0,0.0,0,449.24,0.0,1,2.35,0.84,SPY230915P00438000,438.0,0,0.0,0.0,,0.0,normalDay
2023-09-06,4506.0,114.0,0.0,0,446.22,0.0,1,2.35,1.21,SPY230915P00438000,438.0,0,0.0,0.0,,0.0,normalDay
2023-09-07,4506.0,107.0,0.0,0,444.85,0.0,1,2.35,1.28,SPY230915P00438000,438.0,0,0.0,0.0,,0.0,normalDay
2023-09-08,4506.0,161.0,0.0,0,445.52,0.0,1,2.35,0.74,SPY230915P00438000,438.0,0,0.0,0.0,,0.0,normalDay
2023-09-11,4506.0,205.0,0.0,0,448.45,0.0,1,2.35,0.3,SPY230915P00438000,438.0,0,0.0,0.0,,0.0,normalDay
2023-09-12,4506.0,187.0,0.0,0,445.99,0.0,1,2.35,0.48,SPY230915P00438000,438.0,0,0.0,0.0,,0.0,normalDay
2023-09-13,4506.0,221.0,0.0,0,446.51,0.0,1,2.35,0.14,SPY230915P00438000,438.0,0,0.0,0.0,,0.0,normalDay
2023-09-14,4506.0,231.0,0.0,0,450.36,0.0,1,2.35,0.04,SPY230915P00438000,438.0,0,0.0,0.0,,0.0,normalDay
2023-09-15,4741.0,0.0,235.0,0,443.37,0.0,1,2.35,0.0,SPY230915P00438000,438.0,0,0.0,0.0,,0.0,expirationDay
2023-09-18,4741.0,-4.0,0.0,0,443.63,0.0,1,4.01,4.05,SPY231027P00437000,437.0,0,0.0,0.0,,0.0,normalDay
2023-09-19,4741.0,-25.0,0.0,0,442.71,0.0,1,4.01,4.26,SPY231027P00437000,437.0,0,0.0,0.0,,0.0,normalDay
2023-09-20,4741.0,-197.0,0.0,0,438.64,0.0,1,4.01,5.98,SPY231027P00437000,437.0,0,0.0,0.0,,0.0,normalDay
2023-09-21,4741.0,-584.0,0.0,0,431.39,0.0,1,4.01,9.85,SPY231027P00437000,437.0,0,0.0,0.0,,0.0,normalDay
2023-09-22,4741.0,-614.0,0.0,0,430.42,0.0,1,4.01,10.15,SPY231027P00437000,437.0,0,0.0,0.0,,0.0,normalDay
2023-09-25,4741.0,-489.0,0.0,0,432.23,0.0,1,4.01,8.9,SPY231027P00437000,437.0,0,0.0,0.0,,0.0,normalDay
2023-09-26,4741.0,-904.0,0.0,0,425.88,0.0,1,4.01,13.05,SPY231027P00437000,437.0,0,0.0,0.0,,0.0,normalDay
2023-09-27,4741.0,-866.0,0.0,0,426.05,0.0,1,4.01,12.67,SPY231027P00437000,437.0,0,0.0,0.0,,0.0,normalDay
2023-09-28,4741.0,-714.0,0.0,0,428.52,0.0,1,4.01,11.15,SPY231027P00437000,437.0,0,0.0,0.0,,0.0,normalDay
2023-09-29,4741.0,-754.0,0.0,0,427.48,0.0,1,4.01,11.55,SPY231027P00437000,437.0,0,0.0,0.0,,0.0,normalDay
2023-10-02,4741.0,-742.0,0.0,0,427.31,0.0,1,4.01,11.43,SPY231027P00437000,437.0,0,0.0,0.0,,0.0,normalDay
2023-10-03,4741.0,-1192.0,0.0,0,421.59,0.0,1,4.01,15.93,SPY231027P00437000,437.0,0,0.0,0.0,,0.0,normalDay
2023-10-04,4741.0,-962.0,0.0,0,424.66,0.0,1,4.01,13.63,SPY231027P00437000,437.0,0,0.0,0.0,,0.0,normalDay
2023-10-05,4741.0,-988.0,0.0,0,424.5,0.0,1,4.01,13.89,SPY231027P00437000,437.0,0,0.0,0.0,,0.0,normalDay
2023-10-06,4741.0,-543.0,0.0,0,429.54,0.0,1,4.01,9.44,SPY231027P00437000,437.0,0,0.0,0.0,,0.0,normalDay
2023-10-09,4741.0,-359.0,0.0,0,432.29,0.0,1,4.01,7.6,SPY231027P00437000,437.0,0,0.0,0.0,,0.0,normalDay
2023-10-10,4741.0,-214.0,0.0,0,434.54,0.0,1,4.01,6.15,SPY231027P00437000,437.0,0,0.0,0.0,,0.0,normalDay
2023-10-11,4741.0,-53.0,0.0,0,436.32,0.0,1,4.01,4.54,SPY231027P00437000,437.0,0,0.0,0.0,,0.0,normalDay
2023-10-12,4741.0,-200.0,0.0,0,433.66,0.0,1,4.01,6.01,SPY231027P00437000,437.0,0,0.0,0.0,,0.0,normalDay
2023-10-13,4741.0,-402.0,0.0,0,431.5,0.0,1,4.01,8.03,SPY231027P00437000,437.0,0,0.0,0.0,,0.0,normalDay
2023-10-16,4741.0,-50.0,0.0,0,436.04,0.0,1,4.01,4.51,SPY231027P00437000,437.0,0,0.0,0.0,,0.0,normalDay
2023-10-17,4741.0,-69.0,0.0,0,436.02,0.0,1,4.01,4.7,SPY231027P00437000,437.0,0,0.0,0.0,,0.0,normalDay
2023-10-18,4741.0,-372.0,0.0,0,430.21,0.0,1,4.01,7.73,SPY231027P00437000,437.0,0,0.0,0.0,,0.0,normalDay
2023-10-19,4741.0,-783.0,0.0,0,426.43,0.0,1,4.01,11.84,SPY231027P00437000,437.0,0,0.0,0.0,,0.0,normalDay
2023-10-20,4741.0,-1183.0,0.0,0,421.19,0.0,1,4.01,15.84,SPY231027P00437000,437.0,0,0.0,0.0,,0.0,normalDay
2023-10-23,4741.0,-1185.0,0.0,0,420.46,0.0,1,4.01,15.86,SPY231027P00437000,437.0,0,0.0,0.0,,0.0,normalDay
2023-10-24,4741.0,-918.0,0.0,0,423.63,0.0,1,4.01,13.19,SPY231027P00437000,437.0,0,0.0,0.0,,0.0,normalDay
2023-10-25,4741.0,-1532.0,0.0,0,417.55,0.0,1,4.01,19.33,SPY231027P00437000,437.0,0,0.0,0.0,,0.0,normalDay
2023-10-26,4741.0,-2024.0,0.0,0,412.55,0.0,1,4.01,24.25,SPY231027P00437000,437.0,0,0.0,0.0,,0.0,normalDay
2023-10-27,5142.0,-2632.0,401.0,100,410.68,437.0,1,4.01,0.0,SPY231027P00437000,437.0,0,0.0,0.0,,0.0,expirationDay
2023-10-30,5142.0,-2166.0,0.0,100,415.59,437.0,0,0.0,0.0,,0.0,1,15.15,15.4,SPY240328C00428000,428.0,normalDay
2023-10-31,5142.0,-1946.0,0.0,100,418.2,437.0,0,0.0,0.0,,0.0,1,15.15,15.81,SPY240328C00428000,428.0,normalDay
2023-11-01,5142.0,-1720.0,0.0,100,422.66,437.0,0,0.0,0.0,,0.0,1,15.15,18.01,SPY240328C00428000,428.0,normalDay
2023-11-02,5142.0,-1343.0,0.0,100,430.76,437.0,0,0.0,0.0,,0.0,1,15.15,22.34,SPY240328C00428000,428.0,normalDay
2023-11-03,5142.0,-1249.0,0.0,100,434.69,437.0,0,0.0,0.0,,0.0,1,15.15,25.33,SPY240328C00428000,428.0,normalDay
2023-11-06,5142.0,-1133.0,0.0,100,435.69,437.0,0,0.0,0.0,,0.0,1,15.15,25.17,SPY240328C00428000,428.0,normalDay
2023-11-07,5142.0,-1108.0,0.0,100,436.93,437.0,0,0.0,0.0,,0.0,1,15.15,26.16,SPY240328C00428000,428.0,normalDay
2023-11-08,5142.0,-1054.0,0.0,100,437.25,437.0,0,0.0,0.0,,0.0,1,15.15,25.94,SPY240328C00428000,428.0,normalDay
2023-11-09,5142.0,-1200.0,0.0,100,433.84,437.0,0,0.0,0.0,,0.0,1,15.15,23.99,SPY240328C00428000,428.0,normalDay
2023-11-10,5142.0,-969.0,0.0,100,440.61,437.0,0,0.0,0.0,,0.0,1,15.15,28.45,SPY240328C00428000,428.0,normalDay
2023-11-13,5142.0,-957.0,0.0,100,440.19,437.0,0,0.0,0.0,,0.0,1,15.15,27.91,SPY240328C00428000,428.0,normalDay
2023-11-14,5142.0,-766.0,0.0,100,448.73,437.0,0,0.0,0.0,,0.0,1,15.15,34.54,SPY240328C00428000,428.0,normalDay
2023-11-15,5142.0,-676.0,0.0,100,449.68,437.0,0,0.0,0.0,,0.0,1,15.15,34.59,SPY240328C00428000,428.0,normalDay
2023-11-16,5142.0,-671.0,0.0,100,450.23,437.0,0,0.0,0.0,,0.0,1,15.15,35.09,SPY240328C00428000,428.0,normalDay
2023-11-17,5142.0,-628.0,0.0,100,450.79,437.0,0,0.0,0.0,,0.0,1,15.15,35.22,SPY240328C00428000,428.0,normalDay
2023-11-20,5142.0,-553.0,0.0,100,454.26,437.0,0,0.0,0.0,,0.0,1,15.15,37.94,SPY240328C00428000,428.0,normalDay
2023-11-21,5142.0,-515.0,0.0,100,453.27,437.0,0,0.0,0.0,,0.0,1,15.15,36.57,SPY240328C00428000,428.0,normalDay
2023-11-22,5142.0,-555.0,0.0,100,455.02,437.0,0,0.0,0.0,,0.0,1,15.15,38.72,SPY240328C00428000,428.0,normalDay
2023-11-24,5142.0,-535.0,0.0,100,455.3,437.0,0,0.0,0.0,,0.0,1,15.15,38.8,SPY240328C00428000,428.0,normalDay
2023-11-27,5142.0,-541.0,0.0,100,454.48,437.0,0,0.0,0.0,,0.0,1,15.15,38.04,SPY240328C00428000,428.0,normalDay
2023-11-28,5142.0,-518.0,0.0,100,454.93,437.0,0,0.0,0.0,,0.0,1,15.15,38.26,SPY240328C00428000,428.0,normalDay
2023-11-29,5142.0,-499.0,0.0,100,454.61,437.0,0,0.0,0.0,,0.0,1,15.15,37.75,SPY240328C00428000,428.0,normalDay
2023-11-30,5142.0,-474.0,0.0,100,456.4,437.0,0,0.0,0.0,,0.0,1,15.15,39.29,SPY240328C00428000,428.0,normalDay
