date,totalCapital,unrializedPnL,rializedPnL,stocksOwned,stocksPriceToday,stocksPriceBoughtAt,putOwned,putOwnedSoldAt,putPriceToday,putOwnedContract,putOwnedStrike,callOwned,callOwnedSoldAt,callPriceToday,callOwnedContract,callOwnedStrike,trackType
2018-11-01,0.0,-8.0,0.0,0,273.51,0.0,1,5.07,5.15,SPY190315P00251000,251.0,0,0.0,0.0,,0.0,normalDay
2018-11-02,0.0,-37.0,0.0,0,271.89,0.0,1,5.07,5.44,SPY190315P00251000,251.0,0,0.0,0.0,,0.0,normalDay
2018-11-05,0.0,10.0,0.0,0,273.39,0.0,1,5.07,4.97,SPY190315P00251000,251.0,0,0.0,0.0,,0.0,normalDay
2018-11-06,0.0,55.0,0.0,0,275.12,0.0,1,5.07,4.52,SPY190315P00251000,251.0,0,0.0,0.0,,0.0,normalDay
2018-11-07,0.0,188.0,0.0,0,281.01,0.0,1,5.07,3.19,SPY190315P00251000,251.0,0,0.0,0.0,,0.0,normalDay
2018-11-08,0.0,190.0,0.0,0,280.5,0.0,1,5.07,3.17,SPY190315P00251000,251.0,0,0.0,0.0,,0.0,normalDay
2018-11-09,0.0,129.0,0.0,0,277.76,0.0,1,5.07,3.78,SPY190315P00251000,251.0,0,0.0,0.0,,0.0,normalDay
2018-11-12,0.0,12.0,0.0,0,272.57,0.0,1,5.07,4.95,SPY190315P00251000,251.0,0,0.0,0.0,,0.0,normalDay
2018-11-13,0.0,-8.0,0.0,0,272.06,0.0,1,5.07,5.15,SPY190315P00251000,251.0,0,0.0,0.0,,0.0,normalDay
2018-11-14,0.0,-74.0,0.0,0,270.2,0.0,1,5.07,5.81,SPY190315P00251000,251.0,0,0.0,0.0,,0.0,normalDay
2018-11-15,0.0,9.0,0.0,0,273.02,0.0,1,5.07,4.98,SPY190315P00251000,251.0,0,0.0,0.0,,0.0,normalDay
2018-11-16,0.0,60.0,0.0,0,273.73,0.0,1,5.07,4.47,SPY190315P00251000,251.0,0,0.0,0.0,,0.0,normalDay
2018-11-19,0.0,-54.0,0.0,0,269.1,0.0,1,5.07,5.61,SPY190315P00251000,251.0,0,0.0,0.0,,0.0,normalDay
2018-11-20,0.0,-223.0,0.0,0,264.12,0.0,1,5.07,7.3,SPY190315P00251000,251.0,0,0.0,0.0,,0.0,normalDay
2018-11-21,0.0,-158.0,0.0,0,265.02,0.0,1,5.07,6.65,SPY190315P00251000,251.0,0,0.0,0.0,,0.0,normalDay
2018-11-23,0.0,-211.0,0.0,0,263.25,0.0,1,5.07,7.18,SPY190315P00251000,251.0,0,0.0,0.0,,0.0,normalDay
2018-11-26,0.0,-23.0,0.0,0,267.5,0.0,1,5.07,5.3,SPY190315P00251000,251.0,0,0.0,0.0,,0.0,normalDay
2018-11-27,0.0,-6.0,0.0,0,268.4,0.0,1,5.07,5.13,SPY190315P00251000,251.0,0,0.0,0.0,,0.0,normalDay
2018-11-28,0.0,119.0,0.0,0,274.58,0.0,1,5.07,3.88,SPY190315P00251000,251.0,0,0.0,0.0,,0.0,normalDay
2018-11-29,0.0,103.0,0.0,0,273.98,0.0,1,5.07,4.04,SPY190315P00251000,251.0,0,0.0,0.0,,0.0,normalDay
2018-11-30,0.0,148.0,0.0,0,275.65,0.0,1,5.07,3.59,SPY190315P00251000,251.0,0,0.0,0.0,,0.0,normalDay
2018-12-03,0.0,227.0,0.0,0,279.3,0.0,1,5.07,2.8,SPY190315P00251000,251.0,0,0.0,0.0,,0.0,normalDay
2018-12-04,0.0,18.0,0.0,0,270.25,0.0,1,5.07,4.89,SPY190315P00251000,251.0,0,0.0,0.0,,0.0,normalDay
2018-12-06,0.0,9.0,0.0,0,269.84,0.0,1,5.07,4.98,SPY190315P00251000,251.0,0,0.0,0.0,,0.0,normalDay
2018-12-07,0.0,-181.0,0.0,0,263.57,0.0,1,5.07,6.88,SPY190315P00251000,251.0,0,0.0,0.0,,0.0,normalDay
2018-12-10,0.0,-126.0,0.0,0,264.07,0.0,1,5.07,6.33,SPY190315P00251000,251.0,0,0.0,0.0,,0.0,normalDay
2018-12-11,0.0,-114.0,0.0,0,264.13,0.0,1,5.07,6.21,SPY190315P00251000,251.0,0,0.0,0.0,,0.0,normalDay
2018-12-12,0.0,-83.0,0.0,0,265.46,0.0,1,5.07,5.9,SPY190315P00251000,251.0,0,0.0,0.0,,0.0,normalDay
2018-12-13,0.0,-64.0,0.0,0,265.37,0.0,1,5.07,5.71,SPY190315P00251000,251.0,0,0.0,0.0,,0.0,normalDay
2018-12-14,0.0,-203.0,0.0,0,260.47,0.0,1,5.07,7.1,SPY190315P00251000,251.0,0,0.0,0.0,,0.0,normalDay
2018-12-17,0.0,-397.0,0.0,0,255.36,0.0,1,5.07,9.04,SPY190315P00251000,251.0,0,0.0,0.0,,0.0,normalDay
2018-12-18,0.0,-443.0,0.0,0,255.08,0.0,1,5.07,9.5,SPY190315P00251000,251.0,0,0.0,0.0,,0.0,normalDay
2018-12-19,0.0,-538.0,0.0,0,251.26,0.0,1,5.07,10.45,SPY190315P00251000,251.0,0,0.0,0.0,,0.0,normalDay
2018-12-20,0.0,-750.0,0.0,0,247.17,0.0,1,5.07,12.57,SPY190315P00251000,251.0,0,0.0,0.0,,0.0,normalDay
2018-12-21,0.0,-1118.0,0.0,0,240.7,0.0,1,5.07,16.25,SPY190315P00251000,251.0,0,0.0,0.0,,0.0,normalDay
2018-12-24,0.0,-1730.0,0.0,0,234.34,0.0,1,5.07,22.37,SPY190315P00251000,251.0,0,0.0,0.0,,0.0,normalDay
2018-12-26,0.0,-746.0,0.0,0,246.18,0.0,1,5.07,12.53,SPY190315P00251000,251.0,0,0.0,0.0,,0.0,normalDay
2018-12-27,0.0,-677.0,0.0,0,248.07,0.0,1,5.07,11.84,SPY190315P00251000,251.0,0,0.0,0.0,,0.0,normalDay
2018-12-28,0.0,-683.0,0.0,0,247.75,0.0,1,5.07,11.9,SPY190315P00251000,251.0,0,0.0,0.0,,0.0,normalDay
2018-12-31,0.0,-505.0,0.0,0,249.92,0.0,1,5.07,10.12,SPY190315P00251000,251.0,0,0.0,0.0,,0.0,normalDay
2019-01-02,0.0,-426.0,0.0,0,250.18,0.0,1,5.07,9.33,SPY190315P00251000,251.0,0,0.0,0.0,,0.0,normalDay
2019-01-03,0.0,-789.0,0.0,0,244.21,0.0,1,5.07,12.96,SPY190315P00251000,251.0,0,0.0,0.0,,0.0,normalDay
2019-01-04,0.0,-304.0,0.0,0,252.39,0.0,1,5.07,8.11,SPY190315P00251000,251.0,0,0.0,0.0,,0.0,normalDay
2019-01-07,0.0,-217.0,0.0,0,254.38,0.0,1,5.07,7.24,SPY190315P00251000,251.0,0,0.0,0.0,,0.0,normalDay
2019-01-08,0.0,-104.0,0.0,0,256.77,0.0,1,5.07,6.11,SPY190315P00251000,251.0,0,0.0,0.0,,0.0,normalDay
2019-01-09,0.0,-46.0,0.0,0,257.97,0.0,1,5.07,5.53,SPY190315P00251000,251.0,0,0.0,0.0,,0.0,normalDay
2019-01-10,0.0,-1.0,0.0,0,258.88,0.0,1,5.07,5.08,SPY190315P00251000,251.0,0,0.0,0.0,,0.0,normalDay
2019-01-11,0.0,38.0,0.0,0,258.98,0.0,1,5.07,4.69,SPY190315P00251000,251.0,0,0.0,0.0,,0.0,normalDay
2019-01-14,0.0,14.0,0.0,0,257.4,0.0,1,5.07,4.93,SPY190315P00251000,251.0,0,0.0,0.0,,0.0,normalDay
2019-01-15,0.0,117.0,0.0,0,260.35,0.0,1,5.07,3.9,SPY190315P00251000,251.0,0,0.0,0.0,,0.0,normalDay
2019-01-16,0.0,137.0,0.0,0,260.98,0.0,1,5.07,3.7,SPY190315P00251000,251.0,0,0.0,0.0,,0.0,normalDay
2019-01-17,0.0,192.0,0.0,0,262.96,0.0,1,5.07,3.15,SPY190315P00251000,251.0,0,0.0,0.0,,0.0,normalDay
2019-01-18,0.0,257.0,0.0,0,266.46,0.0,1,5.07,2.5,SPY190315P00251000,251.0,0,0.0,0.0,,0.0,normalDay
2019-01-22,0.0,158.0,0.0,0,262.86,0.0,1,5.07,3.49,SPY190315P00251000,251.0,0,0.0,0.0,,0.0,normalDay
2019-01-23,0.0,175.0,0.0,0,263.41,0.0,1,5.07,3.32,SPY190315P00251000,251.0,0,0.0,0.0,,0.0,normalDay
2019-01-24,0.0,200.0,0.0,0,263.55,0.0,1,5.07,3.07,SPY190315P00251000,251.0,0,0.0,0.0,,0.0,normalDay
2019-01-25,0.0,275.0,0.0,0,265.78,0.0,1,5.07,2.32,SPY190315P00251000,251.0,0,0.0,0.0,,0.0,normalDay
2019-01-28,0.0,228.0,0.0,0,263.76,0.0,1,5.07,2.79,SPY190315P00251000,251.0,0,0.0,0.0,,0.0,normalDay
2019-01-29,0.0,222.0,0.0,0,263.41,0.0,1,5.07,2.85,SPY190315P00251000,251.0,0,0.0,0.0,,0.0,normalDay
2019-01-30,0.0,323.0,0.0,0,267.58,0.0,1,5.07,1.84,SPY190315P00251000,251.0,0,0.0,0.0,,0.0,normalDay
2019-01-31,0.0,379.0,0.0,0,269.93,0.0,1,5.07,1.28,SPY190315P00251000,251.0,0,0.0,0.0,,0.0,normalDay
2019-02-01,0.0,387.0,0.0,0,270.06,0.0,1,5.07,1.2,SPY190315P00251000,251.0,0,0.0,0.0,,0.0,normalDay
2019-02-04,0.0,417.0,0.0,0,271.96,0.0,1,5.07,0.9,SPY190315P00251000,251.0,0,0.0,0.0,,0.0,normalDay
2019-02-05,0.0,423.0,0.0,0,273.1,0.0,1,5.07,0.84,SPY190315P00251000,251.0,0,0.0,0.0,,0.0,normalDay
2019-02-06,0.0,426.0,0.0,0,272.74,0.0,1,5.07,0.81,SPY190315P00251000,251.0,0,0.0,0.0,,0.0,normalDay
2019-02-07,0.0,402.0,0.0,0,270.14,0.0,1,5.07,1.05,SPY190315P00251000,251.0,0,0.0,0.0,,0.0,normalDay
2019-02-08,0.0,414.0,0.0,0,270.47,0.0,1,5.07,0.93,SPY190315P00251000,251.0,0,0.0,0.0,,0.0,normalDay
2019-02-11,0.0,425.0,0.0,0,270.62,0.0,1,5.07,0.82,SPY190315P00251000,251.0,0,0.0,0.0,,0.0,normalDay
2019-02-12,0.0,451.0,0.0,0,274.1,0.0,1,5.07,0.56,SPY190315P00251000,251.0,0,0.0,0.0,,0.0,normalDay
2019-02-13,0.0,455.0,0.0,0,274.99,0.0,1,5.07,0.52,SPY190315P00251000,251.0,0,0.0,0.0,,0.0,normalDay
2019-02-14,0.0,449.0,0.0,0,274.38,0.0,1,5.07,0.58,SPY190315P00251000,251.0,0,0.0,0.0,,0.0,normalDay
2019-02-15,0.0,469.0,0.0,0,277.37,0.0,1,5.07,0.38,SPY190315P00251000,251.0,0,0.0,0.0,,0.0,normalDay
2019-02-19,0.0,478.0,0.0,0,277.85,0.0,1,5.07,0.29,SPY190315P00251000,251.0,0,0.0,0.0,,0.0,normalDay
2019-02-20,0.0,485.0,0.0,0,278.41,0.0,1,5.07,0.22,SPY190315P00251000,251.0,0,0.0,0.0,,0.0,normalDay
2019-02-21,0.0,485.0,0.0,0,277.42,0.0,1,5.07,0.22,SPY190315P00251000,251.0,0,0.0,0.0,,0.0,normalDay
2019-02-22,0.0,492.0,0.0,0,279.14,0.0,1,5.07,0.15,SPY190315P00251000,251.0,0,0.0,0.0,,0.0,normalDay
2019-02-25,0.0,488.0,0.0,0,279.52,0.0,1,5.07,0.19,SPY190315P00251000,251.0,0,0.0,0.0,,0.0,normalDay
2019-02-26,0.0,489.0,0.0,0,279.32,0.0,1,5.07,0.18,SPY190315P00251000,251.0,0,0.0,0.0,,0.0,normalDay
2019-02-27,0.0,491.0,0.0,0,279.2,0.0,1,5.07,0.16,SPY190315P00251000,251.0,0,0.0,0.0,,0.0,normalDay
2019-02-28,0.0,490.0,0.0,0,278.68,0.0,1,5.07,0.17,SPY190315P00251000,251.0,0,0.0,0.0,,0.0,normalDay
2019-03-01,0.0,498.0,0.0,0,280.42,0.0,1,5.07,0.09,SPY190315P00251000,251.0,0,0.0,0.0,,0.0,normalDay
2019-03-04,0.0,499.0,0.0,0,279.4,0.0,1,5.07,0.08,SPY190315P00251000,251.0,0,0.0,0.0,,0.0,normalDay
2019-03-05,0.0,499.0,0.0,0,279.02,0.0,1,5.07,0.08,SPY190315P00251000,251.0,0,0.0,0.0,,0.0,normalDay
2019-03-06,0.0,498.0,0.0,0,277.33,0.0,1,5.07,0.09,SPY190315P00251000,251.0,0,0.0,0.0,,0.0,normalDay
2019-03-07,0.0,498.0,0.0,0,275.01,0.0,1,5.07,0.09,SPY190315P00251000,251.0,0,0.0,0.0,,0.0,normalDay
2019-03-08,0.0,502.0,0.0,0,274.46,0.0,1,5.07,0.05,SPY190315P00251000,251.0,0,0.0,0.0,,0.0,normalDay
2019-03-11,0.0,505.0,0.0,0,278.44,0.0,1,5.07,0.02,SPY190315P00251000,251.0,0,0.0,0.0,,0.0,normalDay
2019-03-12,0.0,505.0,0.0,0,279.49,0.0,1,5.07,0.02,SPY190315P00251000,251.0,0,0.0,0.0,,0.0,normalDay
2019-03-13,0.0,506.0,0.0,0,281.34,0.0,1,5.07,0.01,SPY190315P00251000,251.0,0,0.0,0.0,,0.0,normalDay
2019-03-14,0.0,506.0,0.0,0,281.16,0.0,1,5.07,0.01,SPY190315P00251000,251.0,0,0.0,0.0,,0.0,normalDay
2019-03-15,507.0,0.0,507.0,0,281.31,0.0,1,5.07,0.0,SPY190315P00251000,251.0,0,0.0,0.0,,0.0,expirationDay
2019-03-18,507.0,-5.0,0.0,0,282.33,0.0,1,5.02,5.07,SPY190719P00272000,272.0,0,0.0,0.0,,0.0,normalDay
2019-03-19,507.0,-24.0,0.0,0,282.4,0.0,1,5.02,5.26,SPY190719P00272000,272.0,0,0.0,0.0,,0.0,normalDay
2019-03-20,507.0,-49.0,0.0,0,281.55,0.0,1,5.02,5.51,SPY190719P00272000,272.0,0,0.0,0.0,,0.0,normalDay
2019-03-21,507.0,32.0,0.0,0,284.73,0.0,1,5.02,4.7,SPY190719P00272000,272.0,0,0.0,0.0,,0.0,normalDay
2019-03-22,507.0,-152.0,0.0,0,279.25,0.0,1,5.02,6.54,SPY190719P00272000,272.0,0,0.0,0.0,,0.0,normalDay
2019-03-25,507.0,-173.0,0.0,0,279.04,0.0,1,5.02,6.75,SPY190719P00272000,272.0,0,0.0,0.0,,0.0,normalDay
2019-03-26,507.0,-84.0,0.0,0,281.12,0.0,1,5.02,5.86,SPY190719P00272000,272.0,0,0.0,0.0,,0.0,normalDay
2019-03-27,507.0,-127.0,0.0,0,279.65,0.0,1,5.02,6.29,SPY190719P00272000,272.0,0,0.0,0.0,,0.0,normalDay
2019-03-28,507.0,-75.0,0.0,0,280.71,0.0,1,5.02,5.77,SPY190719P00272000,272.0,0,0.0,0.0,,0.0,normalDay
2019-03-29,507.0,-8.0,0.0,0,282.48,0.0,1,5.02,5.1,SPY190719P00272000,272.0,0,0.0,0.0,,0.0,normalDay
2019-04-01,507.0,78.0,0.0,0,285.83,0.0,1,5.02,4.24,SPY190719P00272000,272.0,0,0.0,0.0,,0.0,normalDay
2019-04-02,507.0,86.0,0.0,0,285.97,0.0,1,5.02,4.16,SPY190719P00272000,272.0,0,0.0,0.0,,0.0,normalDay
2019-04-03,507.0,101.0,0.0,0,286.42,0.0,1,5.02,4.01,SPY190719P00272000,272.0,0,0.0,0.0,,0.0,normalDay
2019-04-04,507.0,119.0,0.0,0,287.18,0.0,1,5.02,3.83,SPY190719P00272000,272.0,0,0.0,0.0,,0.0,normalDay
2019-04-05,507.0,162.0,0.0,0,288.57,0.0,1,5.02,3.4,SPY190719P00272000,272.0,0,0.0,0.0,,0.0,normalDay
2019-04-08,507.0,167.0,0.0,0,288.79,0.0,1,5.02,3.35,SPY190719P00272000,272.0,0,0.0,0.0,,0.0,normalDay
2019-04-09,507.0,115.0,0.0,0,287.31,0.0,1,5.02,3.87,SPY190719P00272000,272.0,0,0.0,0.0,,0.0,normalDay
2019-04-10,507.0,162.0,0.0,0,288.29,0.0,1,5.02,3.4,SPY190719P00272000,272.0,0,0.0,0.0,,0.0,normalDay
2019-04-11,507.0,166.0,0.0,0,288.21,0.0,1,5.02,3.36,SPY190719P00272000,272.0,0,0.0,0.0,,0.0,normalDay
2019-04-12,507.0,226.0,0.0,0,290.16,0.0,1,5.02,2.76,SPY190719P00272000,272.0,0,0.0,0.0,,0.0,normalDay
2019-04-15,507.0,233.0,0.0,0,289.97,0.0,1,5.02,2.69,SPY190719P00272000,272.0,0,0.0,0.0,,0.0,normalDay
2019-04-16,507.0,236.0,0.0,0,290.16,0.0,1,5.02,2.66,SPY190719P00272000,272.0,0,0.0,0.0,,0.0,normalDay
2019-04-17,507.0,221.0,0.0,0,289.45,0.0,1,5.02,2.81,SPY190719P00272000,272.0,0,0.0,0.0,,0.0,normalDay
2019-04-18,507.0,238.0,0.0,0,290.02,0.0,1,5.02,2.64,SPY190719P00272000,272.0,0,0.0,0.0,,0.0,normalDay
2019-04-22,507.0,253.0,0.0,0,290.27,0.0,1,5.02,2.49,SPY190719P00272000,272.0,0,0.0,0.0,,0.0,normalDay
2019-04-23,507.0,287.0,0.0,0,292.88,0.0,1,5.02,2.15,SPY190719P00272000,272.0,0,0.0,0.0,,0.0,normalDay
2019-04-24,507.0,272.0,0.0,0,292.23,0.0,1,5.02,2.3,SPY190719P00272000,272.0,0,0.0,0.0,,0.0,normalDay
2019-04-25,507.0,266.0,0.0,0,292.05,0.0,1,5.02,2.36,SPY190719P00272000,272.0,0,0.0,0.0,,0.0,normalDay
2019-04-26,507.0,290.0,0.0,0,293.41,0.0,1,5.02,2.12,SPY190719P00272000,272.0,0,0.0,0.0,,0.0,normalDay
2019-04-29,507.0,297.0,0.0,0,293.87,0.0,1,5.02,2.05,SPY190719P00272000,272.0,0,0.0,0.0,,0.0,normalDay
2019-04-30,507.0,302.0,0.0,0,294.02,0.0,1,5.02,2.0,SPY190719P00272000,272.0,0,0.0,0.0,,0.0,normalDay
2019-05-01,507.0,256.0,0.0,0,291.81,0.0,1,5.02,2.46,SPY190719P00272000,272.0,0,0.0,0.0,,0.0,normalDay
2019-05-02,507.0,250.0,0.0,0,291.18,0.0,1,5.02,2.52,SPY190719P00272000,272.0,0,0.0,0.0,,0.0,normalDay
2019-05-03,507.0,311.0,0.0,0,294.03,0.0,1,5.02,1.91,SPY190719P00272000,272.0,0,0.0,0.0,,0.0,normalDay
2019-05-06,507.0,268.0,0.0,0,292.82,0.0,1,5.02,2.34,SPY190719P00272000,272.0,0,0.0,0.0,,0.0,normalDay
2019-05-07,507.0,110.0,0.0,0,287.93,0.0,1,5.02,3.92,SPY190719P00272000,272.0,0,0.0,0.0,,0.0,normalDay
2019-05-08,507.0,117.0,0.0,0,287.53,0.0,1,5.02,3.85,SPY190719P00272000,272.0,0,0.0,0.0,,0.0,normalDay
2019-05-09,507.0,115.0,0.0,0,286.66,0.0,1,5.02,3.87,SPY190719P00272000,272.0,0,0.0,0.0,,0.0,normalDay
2019-05-10,507.0,195.0,0.0,0,288.1,0.0,1,5.02,3.07,SPY190719P00272000,272.0,0,0.0,0.0,,0.0,normalDay
2019-05-13,507.0,-49.0,0.0,0,280.86,0.0,1,5.02,5.51,SPY190719P00272000,272.0,0,0.0,0.0,,0.0,normalDay
2019-05-14,507.0,70.0,0.0,0,283.4,0.0,1,5.02,4.32,SPY190719P00272000,272.0,0,0.0,0.0,,0.0,normalDay
2019-05-15,507.0,151.0,0.0,0,285.06,0.0,1,5.02,3.51,SPY190719P00272000,272.0,0,0.0,0.0,,0.0,normalDay
2019-05-16,507.0,227.0,0.0,0,287.7,0.0,1,5.02,2.75,SPY190719P00272000,272.0,0,0.0,0.0,,0.0,normalDay
2019-05-17,507.0,184.0,0.0,0,285.84,0.0,1,5.02,3.18,SPY190719P00272000,272.0,0,0.0,0.0,,0.0,normalDay
2019-05-20,507.0,158.0,0.0,0,283.95,0.0,1,5.02,3.44,SPY190719P00272000,272.0,0,0.0,0.0,,0.0,normalDay
2019-05-21,507.0,238.0,0.0,0,286.51,0.0,1,5.02,2.64,SPY190719P00272000,272.0,0,0.0,0.0,,0.0,normalDay
2019-05-22,507.0,229.0,0.0,0,285.63,0.0,1,5.02,2.73,SPY190719P00272000,272.0,0,0.0,0.0,,0.0,normalDay
2019-05-23,507.0,114.0,0.0,0,282.14,0.0,1,5.02,3.88,SPY190719P00272000,272.0,0,0.0,0.0,,0.0,normalDay
2019-05-24,507.0,160.0,0.0,0,282.78,0.0,1,5.02,3.42,SPY190719P00272000,272.0,0,0.0,0.0,,0.0,normalDay
2019-05-28,507.0,92.0,0.0,0,280.15,0.0,1,5.02,4.1,SPY190719P00272000,272.0,0,0.0,0.0,,0.0,normalDay
2019-05-29,507.0,34.0,0.0,0,278.27,0.0,1,5.02,4.68,SPY190719P00272000,272.0,0,0.0,0.0,,0.0,normalDay
2019-05-30,507.0,69.0,0.0,0,279.03,0.0,1,5.02,4.33,SPY190719P00272000,272.0,0,0.0,0.0,,0.0,normalDay
2019-05-31,507.0,-77.0,0.0,0,275.27,0.0,1,5.02,5.79,SPY190719P00272000,272.0,0,0.0,0.0,,0.0,normalDay
2019-06-03,507.0,-70.0,0.0,0,274.57,0.0,1,5.02,5.72,SPY190719P00272000,272.0,0,0.0,0.0,,0.0,normalDay
2019-06-04,507.0,152.0,0.0,0,280.53,0.0,1,5.02,3.5,SPY190719P00272000,272.0,0,0.0,0.0,,0.0,normalDay
2019-06-05,507.0,237.0,0.0,0,282.96,0.0,1,5.02,2.65,SPY190719P00272000,272.0,0,0.0,0.0,,0.0,normalDay
2019-06-06,507.0,281.0,0.0,0,284.8,0.0,1,5.02,2.21,SPY190719P00272000,272.0,0,0.0,0.0,,0.0,normalDay
2019-06-07,507.0,315.0,0.0,0,287.65,0.0,1,5.02,1.87,SPY190719P00272000,272.0,0,0.0,0.0,,0.0,normalDay
2019-06-10,507.0,349.0,0.0,0,288.97,0.0,1,5.02,1.53,SPY190719P00272000,272.0,0,0.0,0.0,,0.0,normalDay
2019-06-11,507.0,348.0,0.0,0,288.9,0.0,1,5.02,1.54,SPY190719P00272000,272.0,0,0.0,0.0,,0.0,normalDay
2019-06-12,507.0,348.0,0.0,0,288.39,0.0,1,5.02,1.54,SPY190719P00272000,272.0,0,0.0,0.0,,0.0,normalDay
2019-06-13,507.0,368.0,0.0,0,289.58,0.0,1,5.02,1.34,SPY190719P00272000,272.0,0,0.0,0.0,,0.0,normalDay
2019-06-14,507.0,380.0,0.0,0,289.26,0.0,1,5.02,1.22,SPY190719P00272000,272.0,0,0.0,0.0,,0.0,normalDay
2019-06-17,507.0,392.0,0.0,0,289.37,0.0,1,5.02,1.1,SPY190719P00272000,272.0,0,0.0,0.0,,0.0,normalDay
2019-06-18,507.0,419.0,0.0,0,292.4,0.0,1,5.02,0.83,SPY190719P00272000,272.0,0,0.0,0.0,,0.0,normalDay
2019-06-19,507.0,437.0,0.0,0,293.06,0.0,1,5.02,0.65,SPY190719P00272000,272.0,0,0.0,0.0,,0.0,normalDay
2019-06-20,507.0,449.0,0.0,0,295.86,0.0,1,5.02,0.53,SPY190719P00272000,272.0,0,0.0,0.0,,0.0,normalDay
2019-06-21,507.0,446.0,0.0,0,294.0,0.0,1,5.02,0.56,SPY190719P00272000,272.0,0,0.0,0.0,,0.0,normalDay
2019-06-24,507.0,454.0,0.0,0,293.64,0.0,1,5.02,0.48,SPY190719P00272000,272.0,0,0.0,0.0,,0.0,normalDay
2019-06-25,507.0,433.0,0.0,0,290.76,0.0,1,5.02,0.69,SPY190719P00272000,272.0,0,0.0,0.0,,0.0,normalDay
2019-06-26,507.0,434.0,0.0,0,290.47,0.0,1,5.02,0.68,SPY190719P00272000,272.0,0,0.0,0.0,,0.0,normalDay
2019-06-27,507.0,449.0,0.0,0,291.5,0.0,1,5.02,0.53,SPY190719P00272000,272.0,0,0.0,0.0,,0.0,normalDay
2019-06-28,507.0,461.0,0.0,0,293.0,0.0,1,5.02,0.41,SPY190719P00272000,272.0,0,0.0,0.0,,0.0,normalDay
2019-07-01,507.0,483.0,0.0,0,295.66,0.0,1,5.02,0.19,SPY190719P00272000,272.0,0,0.0,0.0,,0.0,normalDay
2019-07-02,507.0,490.0,0.0,0,296.43,0.0,1,5.02,0.12,SPY190719P00272000,272.0,0,0.0,0.0,,0.0,normalDay
2019-07-03,507.0,493.0,0.0,0,298.8,0.0,1,5.02,0.09,SPY190719P00272000,272.0,0,0.0,0.0,,0.0,normalDay
2019-07-05,507.0,492.0,0.0,0,298.46,0.0,1,5.02,0.1,SPY190719P00272000,272.0,0,0.0,0.0,,0.0,normalDay
2019-07-08,507.0,495.0,0.0,0,296.82,0.0,1,5.02,0.07,SPY190719P00272000,272.0,0,0.0,0.0,,0.0,normalDay
2019-07-09,507.0,496.0,0.0,0,297.19,0.0,1,5.02,0.06,SPY190719P00272000,272.0,0,0.0,0.0,,0.0,normalDay
2019-07-10,507.0,498.0,0.0,0,298.61,0.0,1,5.02,0.04,SPY190719P00272000,272.0,0,0.0,0.0,,0.0,normalDay
2019-07-11,507.0,498.0,0.0,0,299.31,0.0,1,5.02,0.04,SPY190719P00272000,272.0,0,0.0,0.0,,0.0,normalDay
2019-07-12,507.0,499.0,0.0,0,300.65,0.0,1,5.02,0.03,SPY190719P00272000,272.0,0,0.0,0.0,,0.0,normalDay
2019-07-15,507.0,500.0,0.0,0,300.75,0.0,1,5.02,0.02,SPY190719P00272000,272.0,0,0.0,0.0,,0.0,normalDay
2019-07-16,507.0,500.0,0.0,0,299.78,0.0,1,5.02,0.02,SPY190719P00272000,272.0,0,0.0,0.0,,0.0,normalDay
2019-07-17,507.0,500.0,0.0,0,297.74,0.0,1,5.02,0.02,SPY190719P00272000,272.0,0,0.0,0.0,,0.0,normalDay
2019-07-18,507.0,501.0,0.0,0,298.83,0.0,1,5.02,0.01,SPY190719P00272000,272.0,0,0.0,0.0,,0.0,normalDay
2019-07-19,1009.0,0.0,502.0,0,297.17,0.0,1,5.02,0.0,SPY190719P00272000,272.0,0,0.0,0.0,,0.0,expirationDay
2019-07-22,1009.0,-5.0,0.0,0,297.9,0.0,1,5.3,5.35,SPY191115P00286000,286.0,0,0.0,0.0,,0.0,normalDay
2019-07-23,1009.0,64.0,0.0,0,300.03,0.0,1,5.3,4.66,SPY191115P00286000,286.0,0,0.0,0.0,,0.0,normalDay
2019-07-24,1009.0,107.0,0.0,0,301.44,0.0,1,5.3,4.23,SPY191115P00286000,286.0,0,0.0,0.0,,0.0,normalDay
2019-07-25,1009.0,63.0,0.0,0,300.0,0.0,1,5.3,4.67,SPY191115P00286000,286.0,0,0.0,0.0,,0.0,normalDay
2019-07-26,1009.0,117.0,0.0,0,302.01,0.0,1,5.3,4.13,SPY191115P00286000,286.0,0,0.0,0.0,,0.0,normalDay
2019-07-29,1009.0,114.0,0.0,0,301.46,0.0,1,5.3,4.16,SPY191115P00286000,286.0,0,0.0,0.0,,0.0,normalDay
2019-07-30,1009.0,71.0,0.0,0,300.72,0.0,1,5.3,4.59,SPY191115P00286000,286.0,0,0.0,0.0,,0.0,normalDay
2019-07-31,1009.0,-45.0,0.0,0,297.43,0.0,1,5.3,5.75,SPY191115P00286000,286.0,0,0.0,0.0,,0.0,normalDay
2019-08-01,1009.0,-152.0,0.0,0,294.84,0.0,1,5.3,6.82,SPY191115P00286000,286.0,0,0.0,0.0,,0.0,normalDay
2019-08-02,1009.0,-220.0,0.0,0,292.62,0.0,1,5.3,7.5,SPY191115P00286000,286.0,0,0.0,0.0,,0.0,normalDay
2019-08-05,1009.0,-713.0,0.0,0,283.82,0.0,1,5.3,12.43,SPY191115P00286000,286.0,0,0.0,0.0,,0.0,normalDay
2019-08-06,1009.0,-435.0,0.0,0,287.8,0.0,1,5.3,9.65,SPY191115P00286000,286.0,0,0.0,0.0,,0.0,normalDay
2019-08-07,1009.0,-425.0,0.0,0,287.97,0.0,1,5.3,9.55,SPY191115P00286000,286.0,0,0.0,0.0,,0.0,normalDay
2019-08-08,1009.0,-161.0,0.0,0,293.62,0.0,1,5.3,6.91,SPY191115P00286000,286.0,0,0.0,0.0,,0.0,normalDay
2019-08-09,1009.0,-246.0,0.0,0,291.62,0.0,1,5.3,7.76,SPY191115P00286000,286.0,0,0.0,0.0,,0.0,normalDay
2019-08-12,1009.0,-458.0,0.0,0,288.07,0.0,1,5.3,9.88,SPY191115P00286000,286.0,0,0.0,0.0,,0.0,normalDay
2019-08-13,1009.0,-216.0,0.0,0,292.55,0.0,1,5.3,7.46,SPY191115P00286000,286.0,0,0.0,0.0,,0.0,normalDay
2019-08-14,1009.0,-652.0,0.0,0,283.9,0.0,1,5.3,11.82,SPY191115P00286000,286.0,0,0.0,0.0,,0.0,normalDay
2019-08-15,1009.0,-598.0,0.0,0,284.65,0.0,1,5.3,11.28,SPY191115P00286000,286.0,0,0.0,0.0,,0.0,normalDay
2019-08-16,1009.0,-374.0,0.0,0,288.85,0.0,1,5.3,9.04,SPY191115P00286000,286.0,0,0.0,0.0,,0.0,normalDay
2019-08-19,1009.0,-184.0,0.0,0,292.33,0.0,1,5.3,7.14,SPY191115P00286000,286.0,0,0.0,0.0,,0.0,normalDay
2019-08-20,1009.0,-281.0,0.0,0,290.09,0.0,1,5.3,8.11,SPY191115P00286000,286.0,0,0.0,0.0,,0.0,normalDay
2019-08-21,1009.0,-131.0,0.0,0,292.45,0.0,1,5.3,6.61,SPY191115P00286000,286.0,0,0.0,0.0,,0.0,normalDay
2019-08-22,1009.0,-162.0,0.0,0,292.36,0.0,1,5.3,6.92,SPY191115P00286000,286.0,0,0.0,0.0,,0.0,normalDay
2019-08-23,1009.0,-488.0,0.0,0,284.85,0.0,1,5.3,10.18,SPY191115P00286000,286.0,0,0.0,0.0,,0.0,normalDay
2019-08-26,1009.0,-357.0,0.0,0,288.0,0.0,1,5.3,8.87,SPY191115P00286000,286.0,0,0.0,0.0,,0.0,normalDay
2019-08-27,1009.0,-433.0,0.0,0,286.87,0.0,1,5.3,9.63,SPY191115P00286000,286.0,0,0.0,0.0,,0.0,normalDay
2019-08-28,1009.0,-322.0,0.0,0,288.89,0.0,1,5.3,8.52,SPY191115P00286000,286.0,0,0.0,0.0,,0.0,normalDay
2019-08-29,1009.0,-158.0,0.0,0,292.58,0.0,1,5.3,6.88,SPY191115P00286000,286.0,0,0.0,0.0,,0.0,normalDay
2019-08-30,1009.0,-173.0,0.0,0,292.45,0.0,1,5.3,7.03,SPY191115P00286000,286.0,0,0.0,0.0,,0.0,normalDay
2019-09-03,1009.0,-241.0,0.0,0,290.74,0.0,1,5.3,7.71,SPY191115P00286000,286.0,0,0.0,0.0,,0.0,normalDay
2019-09-04,1009.0,-70.0,0.0,0,294.04,0.0,1,5.3,6.0,SPY191115P00286000,286.0,0,0.0,0.0,,0.0,normalDay
2019-09-05,1009.0,57.0,0.0,0,297.82,0.0,1,5.3,4.73,SPY191115P00286000,286.0,0,0.0,0.0,,0.0,normalDay
2019-09-06,1009.0,105.0,0.0,0,298.05,0.0,1,5.3,4.25,SPY191115P00286000,286.0,0,0.0,0.0,,0.0,normalDay
2019-09-09,1009.0,114.0,0.0,0,298.2,0.0,1,5.3,4.16,SPY191115P00286000,286.0,0,0.0,0.0,,0.0,normalDay
2019-09-10,1009.0,122.0,0.0,0,298.13,0.0,1,5.3,4.08,SPY191115P00286000,286.0,0,0.0,0.0,,0.0,normalDay
2019-09-11,1009.0,188.0,0.0,0,300.25,0.0,1,5.3,3.42,SPY191115P00286000,286.0,0,0.0,0.0,,0.0,normalDay
2019-09-12,1009.0,230.0,0.0,0,301.29,0.0,1,5.3,3.0,SPY191115P00286000,286.0,0,0.0,0.0,,0.0,normalDay
2019-09-13,1009.0,236.0,0.0,0,301.09,0.0,1,5.3,2.94,SPY191115P00286000,286.0,0,0.0,0.0,,0.0,normalDay
2019-09-16,1009.0,217.0,0.0,0,300.16,0.0,1,5.3,3.13,SPY191115P00286000,286.0,0,0.0,0.0,,0.0,normalDay
2019-09-17,1009.0,231.0,0.0,0,300.92,0.0,1,5.3,2.99,SPY191115P00286000,286.0,0,0.0,0.0,,0.0,normalDay
2019-09-18,1009.0,257.0,0.0,0,301.1,0.0,1,5.3,2.73,SPY191115P00286000,286.0,0,0.0,0.0,,0.0,normalDay
2019-09-19,1009.0,260.0,0.0,0,301.08,0.0,1,5.3,2.7,SPY191115P00286000,286.0,0,0.0,0.0,,0.0,normalDay
2019-09-20,1009.0,206.0,0.0,0,298.28,0.0,1,5.3,3.24,SPY191115P00286000,286.0,0,0.0,0.0,,0.0,normalDay
2019-09-23,1009.0,232.0,0.0,0,298.21,0.0,1,5.3,2.98,SPY191115P00286000,286.0,0,0.0,0.0,,0.0,normalDay
2019-09-24,1009.0,149.0,0.0,0,295.87,0.0,1,5.3,3.81,SPY191115P00286000,286.0,0,0.0,0.0,,0.0,normalDay
2019-09-25,1009.0,202.0,0.0,0,297.62,0.0,1,5.3,3.28,SPY191115P00286000,286.0,0,0.0,0.0,,0.0,normalDay
2019-09-26,1009.0,203.0,0.0,0,297.0,0.0,1,5.3,3.27,SPY191115P00286000,286.0,0,0.0,0.0,,0.0,normalDay
2019-09-27,1009.0,144.0,0.0,0,295.4,0.0,1,5.3,3.86,SPY191115P00286000,286.0,0,0.0,0.0,,0.0,normalDay
2019-09-30,1009.0,218.0,0.0,0,296.77,0.0,1,5.3,3.12,SPY191115P00286000,286.0,0,0.0,0.0,,0.0,normalDay
2019-10-01,1009.0,88.0,0.0,0,293.24,0.0,1,5.3,4.42,SPY191115P00286000,286.0,0,0.0,0.0,,0.0,normalDay
2019-10-02,1009.0,-147.0,0.0,0,288.06,0.0,1,5.3,6.77,SPY191115P00286000,286.0,0,0.0,0.0,,0.0,normalDay
2019-10-03,1009.0,-8.0,0.0,0,290.42,0.0,1,5.3,5.38,SPY191115P00286000,286.0,0,0.0,0.0,,0.0,normalDay
2019-10-04,1009.0,162.0,0.0,0,294.35,0.0,1,5.3,3.68,SPY191115P00286000,286.0,0,0.0,0.0,,0.0,normalDay
2019-10-07,1009.0,130.0,0.0,0,293.08,0.0,1,5.3,4.0,SPY191115P00286000,286.0,0,0.0,0.0,,0.0,normalDay
2019-10-08,1009.0,-56.0,0.0,0,288.53,0.0,1,5.3,5.86,SPY191115P00286000,286.0,0,0.0,0.0,,0.0,normalDay
2019-10-09,1009.0,77.0,0.0,0,291.27,0.0,1,5.3,4.53,SPY191115P00286000,286.0,0,0.0,0.0,,0.0,normalDay
2019-10-10,1009.0,173.0,0.0,0,293.24,0.0,1,5.3,3.57,SPY191115P00286000,286.0,0,0.0,0.0,,0.0,normalDay
2019-10-11,1009.0,301.0,0.0,0,296.28,0.0,1,5.3,2.29,SPY191115P00286000,286.0,0,0.0,0.0,,0.0,normalDay
2019-10-14,1009.0,329.0,0.0,0,295.95,0.0,1,5.3,2.01,SPY191115P00286000,286.0,0,0.0,0.0,,0.0,normalDay
2019-10-15,1009.0,404.0,0.0,0,298.88,0.0,1,5.3,1.26,SPY191115P00286000,286.0,0,0.0,0.0,,0.0,normalDay
2019-10-16,1009.0,404.0,0.0,0,298.4,0.0,1,5.3,1.26,SPY191115P00286000,286.0,0,0.0,0.0,,0.0,normalDay
2019-10-17,1009.0,415.0,0.0,0,299.28,0.0,1,5.3,1.15,SPY191115P00286000,286.0,0,0.0,0.0,,0.0,normalDay
2019-10-18,1009.0,402.0,0.0,0,297.97,0.0,1,5.3,1.28,SPY191115P00286000,286.0,0,0.0,0.0,,0.0,normalDay
2019-10-21,1009.0,444.0,0.0,0,299.99,0.0,1,5.3,0.86,SPY191115P00286000,286.0,0,0.0,0.0,,0.0,normalDay
2019-10-22,1009.0,434.0,0.0,0,299.01,0.0,1,5.3,0.96,SPY191115P00286000,286.0,0,0.0,0.0,,0.0,normalDay
2019-10-23,1009.0,455.0,0.0,0,299.88,0.0,1,5.3,0.75,SPY191115P00286000,286.0,0,0.0,0.0,,0.0,normalDay
2019-10-24,1009.0,467.0,0.0,0,300.37,0.0,1,5.3,0.63,SPY191115P00286000,286.0,0,0.0,0.0,,0.0,normalDay
2019-10-25,1009.0,488.0,0.0,0,301.6,0.0,1,5.3,0.42,SPY191115P00286000,286.0,0,0.0,0.0,,0.0,normalDay
2019-10-28,1009.0,498.0,0.0,0,303.3,0.0,1,5.3,0.32,SPY191115P00286000,286.0,0,0.0,0.0,,0.0,normalDay
2019-10-29,1009.0,501.0,0.0,0,303.21,0.0,1,5.3,0.29,SPY191115P00286000,286.0,0,0.0,0.0,,0.0,normalDay
2019-10-30,1009.0,510.0,0.0,0,304.14,0.0,1,5.3,0.2,SPY191115P00286000,286.0,0,0.0,0.0,,0.0,normalDay
2019-10-31,1009.0,502.0,0.0,0,303.33,0.0,1,5.3,0.28,SPY191115P00286000,286.0,0,0.0,0.0,,0.0,normalDay
2019-11-01,1009.0,518.0,0.0,0,306.14,0.0,1,5.3,0.12,SPY191115P00286000,286.0,0,0.0,0.0,,0.0,normalDay
2019-11-04,1009.0,520.0,0.0,0,307.37,0.0,1,5.3,0.1,SPY191115P00286000,286.0,0,0.0,0.0,,0.0,normalDay
2019-11-05,1009.0,522.0,0.0,0,307.03,0.0,1,5.3,0.08,SPY191115P00286000,286.0,0,0.0,0.0,,0.0,normalDay
2019-11-06,1009.0,525.0,0.0,0,307.1,0.0,1,5.3,0.05,SPY191115P00286000,286.0,0,0.0,0.0,,0.0,normalDay
2019-11-07,1009.0,527.0,0.0,0,308.18,0.0,1,5.3,0.03,SPY191115P00286000,286.0,0,0.0,0.0,,0.0,normalDay
2019-11-08,1009.0,527.0,0.0,0,308.94,0.0,1,5.3,0.03,SPY191115P00286000,286.0,0,0.0,0.0,,0.0,normalDay
2019-11-11,1009.0,528.0,0.0,0,308.35,0.0,1,5.3,0.02,SPY191115P00286000,286.0,0,0.0,0.0,,0.0,normalDay
2019-11-12,1009.0,528.0,0.0,0,309.0,0.0,1,5.3,0.02,SPY191115P00286000,286.0,0,0.0,0.0,,0.0,normalDay
2019-11-13,1009.0,528.0,0.0,0,309.1,0.0,1,5.3,0.02,SPY191115P00286000,286.0,0,0.0,0.0,,0.0,normalDay
2019-11-14,1009.0,529.0,0.0,0,309.55,0.0,1,5.3,0.01,SPY191115P00286000,286.0,0,0.0,0.0,,0.0,normalDay
2019-11-15,1539.0,0.0,530.0,0,311.79,0.0,1,5.3,0.0,SPY191115P00286000,286.0,0,0.0,0.0,,0.0,expirationDay
2019-11-18,1539.0,-5.0,0.0,0,312.02,0.0,1,5.42,5.47,SPY200331P00293000,293.0,0,0.0,0.0,,0.0,normalDay
2019-11-19,1539.0,-19.0,0.0,0,311.93,0.0,1,5.42,5.61,SPY200331P00293000,293.0,0,0.0,0.0,,0.0,normalDay
2019-11-20,1539.0,-54.0,0.0,0,310.77,0.0,1,5.42,5.96,SPY200331P00293000,293.0,0,0.0,0.0,,0.0,normalDay
2019-11-21,1539.0,-67.0,0.0,0,310.27,0.0,1,5.42,6.09,SPY200331P00293000,293.0,0,0.0,0.0,,0.0,normalDay
2019-11-22,1539.0,-32.0,0.0,0,310.96,0.0,1,5.42,5.74,SPY200331P00293000,293.0,0,0.0,0.0,,0.0,normalDay
2019-11-25,1539.0,42.0,0.0,0,313.37,0.0,1,5.42,5.0,SPY200331P00293000,293.0,0,0.0,0.0,,0.0,normalDay
2019-11-26,1539.0,72.0,0.0,0,314.08,0.0,1,5.42,4.7,SPY200331P00293000,293.0,0,0.0,0.0,,0.0,normalDay
2019-11-27,1539.0,94.0,0.0,0,315.48,0.0,1,5.42,4.48,SPY200331P00293000,293.0,0,0.0,0.0,,0.0,normalDay
2019-11-29,1539.0,58.0,0.0,0,314.31,0.0,1,5.42,4.84,SPY200331P00293000,293.0,0,0.0,0.0,,0.0,normalDay
2019-12-02,1539.0,-32.0,0.0,0,311.64,0.0,1,5.42,5.74,SPY200331P00293000,293.0,0,0.0,0.0,,0.0,normalDay
2019-12-03,1539.0,-110.0,0.0,0,309.55,0.0,1,5.42,6.52,SPY200331P00293000,293.0,0,0.0,0.0,,0.0,normalDay
2019-12-04,1539.0,-46.0,0.0,0,311.46,0.0,1,5.42,5.88,SPY200331P00293000,293.0,0,0.0,0.0,,0.0,normalDay
2019-12-05,1539.0,-10.0,0.0,0,312.02,0.0,1,5.42,5.52,SPY200331P00293000,293.0,0,0.0,0.0,,0.0,normalDay
2019-12-06,1539.0,68.0,0.0,0,314.87,0.0,1,5.42,4.74,SPY200331P00293000,293.0,0,0.0,0.0,,0.0,normalDay
2019-12-09,1539.0,24.0,0.0,0,313.88,0.0,1,5.42,5.18,SPY200331P00293000,293.0,0,0.0,0.0,,0.0,normalDay
2019-12-10,1539.0,36.0,0.0,0,313.53,0.0,1,5.42,5.06,SPY200331P00293000,293.0,0,0.0,0.0,,0.0,normalDay
2019-12-11,1539.0,68.0,0.0,0,314.42,0.0,1,5.42,4.74,SPY200331P00293000,293.0,0,0.0,0.0,,0.0,normalDay
2019-12-12,1539.0,140.0,0.0,0,317.13,0.0,1,5.42,4.02,SPY200331P00293000,293.0,0,0.0,0.0,,0.0,normalDay
2019-12-13,1539.0,182.0,0.0,0,317.32,0.0,1,5.42,3.6,SPY200331P00293000,293.0,0,0.0,0.0,,0.0,normalDay
2019-12-16,1539.0,237.0,0.0,0,319.5,0.0,1,5.42,3.05,SPY200331P00293000,293.0,0,0.0,0.0,,0.0,normalDay
2019-12-17,1539.0,235.0,0.0,0,319.57,0.0,1,5.42,3.07,SPY200331P00293000,293.0,0,0.0,0.0,,0.0,normalDay
2019-12-18,1539.0,236.0,0.0,0,319.59,0.0,1,5.42,3.06,SPY200331P00293000,293.0,0,0.0,0.0,,0.0,normalDay
2019-12-19,1539.0,258.0,0.0,0,320.9,0.0,1,5.42,2.84,SPY200331P00293000,293.0,0,0.0,0.0,,0.0,normalDay
2019-12-20,1539.0,269.0,0.0,0,320.73,0.0,1,5.42,2.73,SPY200331P00293000,293.0,0,0.0,0.0,,0.0,normalDay
2019-12-23,1539.0,270.0,0.0,0,321.22,0.0,1,5.42,2.72,SPY200331P00293000,293.0,0,0.0,0.0,,0.0,normalDay
2019-12-24,1539.0,276.0,0.0,0,321.23,0.0,1,5.42,2.66,SPY200331P00293000,293.0,0,0.0,0.0,,0.0,normalDay
2019-12-26,1539.0,302.0,0.0,0,322.94,0.0,1,5.42,2.4,SPY200331P00293000,293.0,0,0.0,0.0,,0.0,normalDay
2019-12-27,1539.0,290.0,0.0,0,322.86,0.0,1,5.42,2.52,SPY200331P00293000,293.0,0,0.0,0.0,,0.0,normalDay
2019-12-30,1539.0,261.0,0.0,0,321.08,0.0,1,5.42,2.81,SPY200331P00293000,293.0,0,0.0,0.0,,0.0,normalDay
2019-12-31,1539.0,293.0,0.0,0,321.86,0.0,1,5.42,2.49,SPY200331P00293000,293.0,0,0.0,0.0,,0.0,normalDay
2020-01-02,1539.0,342.0,0.0,0,324.87,0.0,1,5.42,2.0,SPY200331P00293000,293.0,0,0.0,0.0,,0.0,normalDay
2020-01-03,1539.0,297.0,0.0,0,322.41,0.0,1,5.42,2.45,SPY200331P00293000,293.0,0,0.0,0.0,,0.0,normalDay
2020-01-06,1539.0,325.0,0.0,0,323.64,0.0,1,5.42,2.17,SPY200331P00293000,293.0,0,0.0,0.0,,0.0,normalDay
2020-01-07,1539.0,316.0,0.0,0,322.73,0.0,1,5.42,2.26,SPY200331P00293000,293.0,0,0.0,0.0,,0.0,normalDay
2020-01-08,1539.0,347.0,0.0,0,324.45,0.0,1,5.42,1.95,SPY200331P00293000,293.0,0,0.0,0.0,,0.0,normalDay
2020-01-09,1539.0,379.0,0.0,0,326.65,0.0,1,5.42,1.63,SPY200331P00293000,293.0,0,0.0,0.0,,0.0,normalDay
2020-01-10,1539.0,373.0,0.0,0,325.71,0.0,1,5.42,1.69,SPY200331P00293000,293.0,0,0.0,0.0,,0.0,normalDay
2020-01-13,1539.0,405.0,0.0,0,327.95,0.0,1,5.42,1.37,SPY200331P00293000,293.0,0,0.0,0.0,,0.0,normalDay
2020-01-14,1539.0,407.0,0.0,0,327.45,0.0,1,5.42,1.35,SPY200331P00293000,293.0,0,0.0,0.0,,0.0,normalDay
2020-01-15,1539.0,414.0,0.0,0,328.19,0.0,1,5.42,1.28,SPY200331P00293000,293.0,0,0.0,0.0,,0.0,normalDay
2020-01-16,1539.0,431.0,0.0,0,330.92,0.0,1,5.42,1.11,SPY200331P00293000,293.0,0,0.0,0.0,,0.0,normalDay
2020-01-17,1539.0,440.0,0.0,0,331.95,0.0,1,5.42,1.02,SPY200331P00293000,293.0,0,0.0,0.0,,0.0,normalDay
2020-01-21,1539.0,438.0,0.0,0,331.3,0.0,1,5.42,1.04,SPY200331P00293000,293.0,0,0.0,0.0,,0.0,normalDay
2020-01-22,1539.0,439.0,0.0,0,331.34,0.0,1,5.42,1.03,SPY200331P00293000,293.0,0,0.0,0.0,,0.0,normalDay
2020-01-23,1539.0,441.0,0.0,0,331.72,0.0,1,5.42,1.01,SPY200331P00293000,293.0,0,0.0,0.0,,0.0,normalDay
2020-01-24,1539.0,409.0,0.0,0,328.77,0.0,1,5.42,1.33,SPY200331P00293000,293.0,0,0.0,0.0,,0.0,normalDay
2020-01-27,1539.0,313.0,0.0,0,323.5,0.0,1,5.42,2.29,SPY200331P00293000,293.0,0,0.0,0.0,,0.0,normalDay
2020-01-28,1539.0,382.0,0.0,0,326.89,0.0,1,5.42,1.6,SPY200331P00293000,293.0,0,0.0,0.0,,0.0,normalDay
2020-01-29,1539.0,383.0,0.0,0,326.62,0.0,1,5.42,1.59,SPY200331P00293000,293.0,0,0.0,0.0,,0.0,normalDay
2020-01-30,1539.0,410.0,0.0,0,327.68,0.0,1,5.42,1.32,SPY200331P00293000,293.0,0,0.0,0.0,,0.0,normalDay
2020-01-31,1539.0,317.0,0.0,0,321.73,0.0,1,5.42,2.25,SPY200331P00293000,293.0,0,0.0,0.0,,0.0,normalDay
2020-02-03,1539.0,355.0,0.0,0,324.12,0.0,1,5.42,1.87,SPY200331P00293000,293.0,0,0.0,0.0,,0.0,normalDay
2020-02-04,1539.0,428.0,0.0,0,329.06,0.0,1,5.42,1.14,SPY200331P00293000,293.0,0,0.0,0.0,,0.0,normalDay
2020-02-05,1539.0,457.0,0.0,0,332.86,0.0,1,5.42,0.85,SPY200331P00293000,293.0,0,0.0,0.0,,0.0,normalDay
2020-02-06,1539.0,461.0,0.0,0,333.98,0.0,1,5.42,0.81,SPY200331P00293000,293.0,0,0.0,0.0,,0.0,normalDay
2020-02-07,1539.0,453.0,0.0,0,332.2,0.0,1,5.42,0.89,SPY200331P00293000,293.0,0,0.0,0.0,,0.0,normalDay
2020-02-10,1539.0,471.0,0.0,0,334.68,0.0,1,5.42,0.71,SPY200331P00293000,293.0,0,0.0,0.0,,0.0,normalDay
2020-02-11,1539.0,473.0,0.0,0,335.26,0.0,1,5.42,0.69,SPY200331P00293000,293.0,0,0.0,0.0,,0.0,normalDay
2020-02-12,1539.0,488.0,0.0,0,337.42,0.0,1,5.42,0.54,SPY200331P00293000,293.0,0,0.0,0.0,,0.0,normalDay
2020-02-13,1539.0,487.0,0.0,0,337.06,0.0,1,5.42,0.55,SPY200331P00293000,293.0,0,0.0,0.0,,0.0,normalDay
2020-02-14,1539.0,493.0,0.0,0,337.6,0.0,1,5.42,0.49,SPY200331P00293000,293.0,0,0.0,0.0,,0.0,normalDay
2020-02-18,1539.0,491.0,0.0,0,336.73,0.0,1,5.42,0.51,SPY200331P00293000,293.0,0,0.0,0.0,,0.0,normalDay
2020-02-19,1539.0,499.0,0.0,0,338.34,0.0,1,5.42,0.43,SPY200331P00293000,293.0,0,0.0,0.0,,0.0,normalDay
2020-02-20,1539.0,490.0,0.0,0,336.95,0.0,1,5.42,0.52,SPY200331P00293000,293.0,0,0.0,0.0,,0.0,normalDay
2020-02-21,1539.0,471.0,0.0,0,333.48,0.0,1,5.42,0.71,SPY200331P00293000,293.0,0,0.0,0.0,,0.0,normalDay
2020-02-24,1539.0,307.0,0.0,0,322.42,0.0,1,5.42,2.35,SPY200331P00293000,293.0,0,0.0,0.0,,0.0,normalDay
2020-02-25,1539.0,161.0,0.0,0,312.65,0.0,1,5.42,3.81,SPY200331P00293000,293.0,0,0.0,0.0,,0.0,normalDay
2020-02-26,1539.0,153.0,0.0,0,311.5,0.0,1,5.42,3.89,SPY200331P00293000,293.0,0,0.0,0.0,,0.0,normalDay
2020-02-27,1539.0,-524.0,0.0,0,297.51,0.0,1,5.42,10.66,SPY200331P00293000,293.0,0,0.0,0.0,,0.0,normalDay
2020-02-28,1539.0,-627.0,0.0,0,296.26,0.0,1,5.42,11.69,SPY200331P00293000,293.0,0,0.0,0.0,,0.0,normalDay
2020-03-02,1539.0,14.0,0.0,0,309.09,0.0,1,5.42,5.28,SPY200331P00293000,293.0,0,0.0,0.0,,0.0,normalDay
2020-03-03,1539.0,-288.0,0.0,0,300.24,0.0,1,5.42,8.3,SPY200331P00293000,293.0,0,0.0,0.0,,0.0,normalDay
2020-03-04,1539.0,96.0,0.0,0,312.86,0.0,1,5.42,4.46,SPY200331P00293000,293.0,0,0.0,0.0,,0.0,normalDay
2020-03-05,1539.0,-332.0,0.0,0,302.46,0.0,1,5.42,8.74,SPY200331P00293000,293.0,0,0.0,0.0,,0.0,normalDay
2020-03-06,1539.0,-525.0,0.0,0,297.46,0.0,1,5.42,10.67,SPY200331P00293000,293.0,0,0.0,0.0,,0.0,normalDay
2020-03-09,1539.0,-1974.0,0.0,0,274.23,0.0,1,5.42,25.16,SPY200331P00293000,293.0,0,0.0,0.0,,0.0,normalDay
2020-03-10,1539.0,-945.0,0.0,0,288.42,0.0,1,5.42,14.87,SPY200331P00293000,293.0,0,0.0,0.0,,0.0,normalDay
2020-03-11,1539.0,-1915.0,0.0,0,274.36,0.0,1,5.42,24.57,SPY200331P00293000,293.0,0,0.0,0.0,,0.0,normalDay
2020-03-12,1539.0,-4172.0,0.0,0,248.11,0.0,1,5.42,47.14,SPY200331P00293000,293.0,0,0.0,0.0,,0.0,normalDay
2020-03-13,1539.0,-2192.0,0.0,0,269.32,0.0,1,5.42,27.34,SPY200331P00293000,293.0,0,0.0,0.0,,0.0,normalDay
2020-03-16,1539.0,-4639.0,0.0,0,239.85,0.0,1,5.42,51.81,SPY200331P00293000,293.0,0,0.0,0.0,,0.0,normalDay
2020-03-17,1539.0,-3819.0,0.0,0,252.8,0.0,1,5.42,43.61,SPY200331P00293000,293.0,0,0.0,0.0,,0.0,normalDay
2020-03-18,1539.0,-5017.0,0.0,0,240.0,0.0,1,5.42,55.59,SPY200331P00293000,293.0,0,0.0,0.0,,0.0,normalDay
2020-03-19,1539.0,-4976.0,0.0,0,240.51,0.0,1,5.42,55.18,SPY200331P00293000,293.0,0,0.0,0.0,,0.0,normalDay
2020-03-20,1539.0,-5908.0,0.0,0,228.8,0.0,1,5.42,64.5,SPY200331P00293000,293.0,0,0.0,0.0,,0.0,normalDay
2020-03-23,1539.0,-6700.0,0.0,0,222.95,0.0,1,5.42,72.42,SPY200331P00293000,293.0,0,0.0,0.0,,0.0,normalDay
2020-03-24,1539.0,-4563.0,0.0,0,243.15,0.0,1,5.42,51.05,SPY200331P00293000,293.0,0,0.0,0.0,,0.0,normalDay
2020-03-25,1539.0,-4086.0,0.0,0,246.79,0.0,1,5.42,46.28,SPY200331P00293000,293.0,0,0.0,0.0,,0.0,normalDay
2020-03-26,1539.0,-2734.0,0.0,0,261.2,0.0,1,5.42,32.76,SPY200331P00293000,293.0,0,0.0,0.0,,0.0,normalDay
2020-03-27,1539.0,-3482.0,0.0,0,253.42,0.0,1,5.42,40.24,SPY200331P00293000,293.0,0,0.0,0.0,,0.0,normalDay
2020-03-30,1539.0,-2696.0,0.0,0,261.65,0.0,1,5.42,32.38,SPY200331P00293000,293.0,0,0.0,0.0,,0.0,normalDay
2020-03-31,2081.0,-3525.0,542.0,100,257.75,293.0,1,5.42,0.0,SPY200331P00293000,293.0,0,0.0,0.0,,0.0,expirationDay
2020-04-01,2081.0,-4699.0,0.0,100,246.15,293.0,0,0.0,0.0,,0.0,1,5.74,5.88,SPY200717C00281000,281.0,normalDay
2020-04-02,2081.0,-4235.0,0.0,100,251.83,293.0,0,0.0,0.0,,0.0,1,5.74,6.92,SPY200717C00281000,281.0,normalDay
2020-04-03,2081.0,-4403.0,0.0,100,248.19,293.0,0,0.0,0.0,,0.0,1,5.74,4.96,SPY200717C00281000,281.0,normalDay
2020-04-06,2081.0,-3291.0,0.0,100,264.86,293.0,0,0.0,0.0,,0.0,1,5.74,10.51,SPY200717C00281000,281.0,normalDay
2020-04-07,2081.0,-3272.0,0.0,100,265.13,293.0,0,0.0,0.0,,0.0,1,5.74,10.59,SPY200717C00281000,281.0,normalDay
2020-04-08,2081.0,-2866.0,0.0,100,274.03,293.0,0,0.0,0.0,,0.0,1,5.74,15.43,SPY200717C00281000,281.0,normalDay
2020-04-09,2081.0,-2669.0,0.0,100,278.2,293.0,0,0.0,0.0,,0.0,1,5.74,17.63,SPY200717C00281000,281.0,normalDay
2020-04-13,2081.0,-2720.0,0.0,100,275.66,293.0,0,0.0,0.0,,0.0,1,5.74,15.6,SPY200717C00281000,281.0,normalDay
2020-04-14,2081.0,-2286.0,0.0,100,283.79,293.0,0,0.0,0.0,,0.0,1,5.74,19.39,SPY200717C00281000,281.0,normalDay
2020-04-15,2081.0,-2597.0,0.0,100,277.76,293.0,0,0.0,0.0,,0.0,1,5.74,16.47,SPY200717C00281000,281.0,normalDay
2020-04-16,2081.0,-2549.0,0.0,100,279.1,293.0,0,0.0,0.0,,0.0,1,5.74,17.33,SPY200717C00281000,281.0,normalDay
2020-04-17,2081.0,-2210.0,0.0,100,286.64,293.0,0,0.0,0.0,,0.0,1,5.74,21.48,SPY200717C00281000,281.0,normalDay
2020-04-20,2081.0,-2505.0,0.0,100,281.59,293.0,0,0.0,0.0,,0.0,1,5.74,19.38,SPY200717C00281000,281.0,normalDay
2020-04-21,2081.0,-2970.0,0.0,100,273.04,293.0,0,0.0,0.0,,0.0,1,5.74,15.48,SPY200717C00281000,281.0,normalDay
2020-04-22,2081.0,-2552.0,0.0,100,279.1,293.0,0,0.0,0.0,,0.0,1,5.74,17.36,SPY200717C00281000,281.0,normalDay
2020-04-23,2081.0,-2534.0,0.0,100,279.08,293.0,0,0.0,0.0,,0.0,1,5.74,17.16,SPY200717C00281000,281.0,normalDay
2020-04-24,2081.0,-2242.0,0.0,100,282.97,293.0,0,0.0,0.0,,0.0,1,5.74,18.13,SPY200717C00281000,281.0,normalDay
2020-04-27,2081.0,-1965.0,0.0,100,287.05,293.0,0,0.0,0.0,,0.0,1,5.74,19.44,SPY200717C00281000,281.0,normalDay
2020-04-28,2081.0,-2024.0,0.0,100,285.73,293.0,0,0.0,0.0,,0.0,1,5.74,18.71,SPY200717C00281000,281.0,normalDay
2020-04-29,2081.0,-1681.0,0.0,100,293.21,293.0,0,0.0,0.0,,0.0,1,5.74,22.76,SPY200717C00281000,281.0,normalDay
2020-04-30,2081.0,-1754.0,0.0,100,290.48,293.0,0,0.0,0.0,,0.0,1,5.74,20.76,SPY200717C00281000,281.0,normalDay
2020-05-01,2081.0,-2152.0,0.0,100,282.79,293.0,0,0.0,0.0,,0.0,1,5.74,17.05,SPY200717C00281000,281.0,normalDay
2020-05-04,2081.0,-2029.0,0.0,100,283.57,293.0,0,0.0,0.0,,0.0,1,5.74,16.6,SPY200717C00281000,281.0,normalDay
2020-05-05,2081.0,-1896.0,0.0,100,286.19,293.0,0,0.0,0.0,,0.0,1,5.74,17.89,SPY200717C00281000,281.0,normalDay
2020-05-06,2081.0,-1945.0,0.0,100,284.25,293.0,0,0.0,0.0,,0.0,1,5.74,16.44,SPY200717C00281000,281.0,normalDay
2020-05-07,2081.0,-1805.0,0.0,100,287.68,293.0,0,0.0,0.0,,0.0,1,5.74,18.47,SPY200717C00281000,281.0,normalDay
2020-05-08,2081.0,-1545.0,0.0,100,292.44,293.0,0,0.0,0.0,,0.0,1,5.74,20.63,SPY200717C00281000,281.0,normalDay
2020-05-11,2081.0,-1412.0,0.0,100,292.5,293.0,0,0.0,0.0,,0.0,1,5.74,19.36,SPY200717C00281000,281.0,normalDay
2020-05-12,2081.0,-1672.0,0.0,100,286.67,293.0,0,0.0,0.0,,0.0,1,5.74,16.13,SPY200717C00281000,281.0,normalDay
2020-05-13,2081.0,-2013.0,0.0,100,281.6,293.0,0,0.0,0.0,,0.0,1,5.74,14.47,SPY200717C00281000,281.0,normalDay
2020-05-14,2081.0,-1799.0,0.0,100,284.97,293.0,0,0.0,0.0,,0.0,1,5.74,15.7,SPY200717C00281000,281.0,normalDay
2020-05-15,2081.0,-1644.0,0.0,100,286.28,293.0,0,0.0,0.0,,0.0,1,5.74,15.46,SPY200717C00281000,281.0,normalDay
2020-05-18,2081.0,-1322.0,0.0,100,295.0,293.0,0,0.0,0.0,,0.0,1,5.74,20.96,SPY200717C00281000,281.0,normalDay
2020-05-19,2081.0,-1451.0,0.0,100,291.97,293.0,0,0.0,0.0,,0.0,1,5.74,19.22,SPY200717C00281000,281.0,normalDay
2020-05-20,2081.0,-1269.0,0.0,100,296.93,293.0,0,0.0,0.0,,0.0,1,5.74,22.36,SPY200717C00281000,281.0,normalDay
2020-05-21,2081.0,-1301.0,0.0,100,294.88,293.0,0,0.0,0.0,,0.0,1,5.74,20.63,SPY200717C00281000,281.0,normalDay
2020-05-22,2081.0,-1287.0,0.0,100,295.44,293.0,0,0.0,0.0,,0.0,1,5.74,21.05,SPY200717C00281000,281.0,normalDay
2020-05-26,2081.0,-1153.0,0.0,100,299.08,293.0,0,0.0,0.0,,0.0,1,5.74,23.35,SPY200717C00281000,281.0,normalDay
2020-05-27,2081.0,-1036.0,0.0,100,303.53,293.0,0,0.0,0.0,,0.0,1,5.74,26.63,SPY200717C00281000,281.0,normalDay
2020-05-28,2081.0,-1129.0,0.0,100,302.97,293.0,0,0.0,0.0,,0.0,1,5.74,27.0,SPY200717C00281000,281.0,normalDay
2020-05-29,2081.0,-1064.0,0.0,100,304.32,293.0,0,0.0,0.0,,0.0,1,5.74,27.7,SPY200717C00281000,281.0,normalDay
2020-06-01,2081.0,-956.0,0.0,100,305.55,293.0,0,0.0,0.0,,0.0,1,5.74,27.85,SPY200717C00281000,281.0,normalDay
2020-06-02,2081.0,-879.0,0.0,100,308.08,293.0,0,0.0,0.0,,0.0,1,5.74,29.61,SPY200717C00281000,281.0,normalDay
2020-06-03,2081.0,-815.0,0.0,100,312.18,293.0,0,0.0,0.0,,0.0,1,5.74,33.07,SPY200717C00281000,281.0,normalDay
2020-06-04,2081.0,-828.0,0.0,100,311.36,293.0,0,0.0,0.0,,0.0,1,5.74,32.38,SPY200717C00281000,281.0,normalDay
2020-06-05,2081.0,-740.0,0.0,100,319.34,293.0,0,0.0,0.0,,0.0,1,5.74,39.48,SPY200717C00281000,281.0,normalDay
2020-06-08,2081.0,-674.0,0.0,100,323.2,293.0,0,0.0,0.0,,0.0,1,5.74,42.68,SPY200717C00281000,281.0,normalDay
2020-06-09,2081.0,-808.0,0.0,100,320.79,293.0,0,0.0,0.0,,0.0,1,5.74,41.61,SPY200717C00281000,281.0,normalDay
2020-06-10,2081.0,-715.0,0.0,100,319.0,293.0,0,0.0,0.0,,0.0,1,5.74,38.89,SPY200717C00281000,281.0,normalDay
2020-06-11,2081.0,-1276.0,0.0,100,300.61,293.0,0,0.0,0.0,,0.0,1,5.74,26.11,SPY200717C00281000,281.0,normalDay
2020-06-12,2081.0,-1015.0,0.0,100,304.21,293.0,0,0.0,0.0,,0.0,1,5.74,27.1,SPY200717C00281000,281.0,normalDay
2020-06-15,2081.0,-946.0,0.0,100,307.05,293.0,0,0.0,0.0,,0.0,1,5.74,29.25,SPY200717C00281000,281.0,normalDay
2020-06-16,2081.0,-823.0,0.0,100,312.96,293.0,0,0.0,0.0,,0.0,1,5.74,33.93,SPY200717C00281000,281.0,normalDay
2020-06-17,2081.0,-855.0,0.0,100,311.66,293.0,0,0.0,0.0,,0.0,1,5.74,32.95,SPY200717C00281000,281.0,normalDay
2020-06-18,2081.0,-787.0,0.0,100,311.78,293.0,0,0.0,0.0,,0.0,1,5.74,32.39,SPY200717C00281000,281.0,normalDay
2020-06-19,2081.0,-840.0,0.0,100,308.64,293.0,0,0.0,0.0,,0.0,1,5.74,29.78,SPY200717C00281000,281.0,normalDay
2020-06-22,2081.0,-876.0,0.0,100,310.62,293.0,0,0.0,0.0,,0.0,1,5.74,32.12,SPY200717C00281000,281.0,normalDay
2020-06-23,2081.0,-816.0,0.0,100,312.05,293.0,0,0.0,0.0,,0.0,1,5.74,32.95,SPY200717C00281000,281.0,normalDay
2020-06-24,2081.0,-984.0,0.0,100,304.09,293.0,0,0.0,0.0,,0.0,1,5.74,26.67,SPY200717C00281000,281.0,normalDay
2020-06-25,2081.0,-885.0,0.0,100,307.35,293.0,0,0.0,0.0,,0.0,1,5.74,28.94,SPY200717C00281000,281.0,normalDay
2020-06-26,2081.0,-1066.0,0.0,100,300.05,293.0,0,0.0,0.0,,0.0,1,5.74,23.45,SPY200717C00281000,281.0,normalDay
2020-06-29,2081.0,-843.0,0.0,100,304.46,293.0,0,0.0,0.0,,0.0,1,5.74,25.63,SPY200717C00281000,281.0,normalDay
2020-06-30,2081.0,-757.0,0.0,100,308.36,293.0,0,0.0,0.0,,0.0,1,5.74,28.67,SPY200717C00281000,281.0,normalDay
2020-07-01,2081.0,-711.0,0.0,100,310.52,293.0,0,0.0,0.0,,0.0,1,5.74,30.37,SPY200717C00281000,281.0,normalDay
2020-07-02,2081.0,-742.0,0.0,100,312.23,293.0,0,0.0,0.0,,0.0,1,5.74,32.39,SPY200717C00281000,281.0,normalDay
2020-07-06,2081.0,-653.0,0.0,100,317.05,293.0,0,0.0,0.0,,0.0,1,5.74,36.32,SPY200717C00281000,281.0,normalDay
2020-07-07,2081.0,-660.0,0.0,100,313.78,293.0,0,0.0,0.0,,0.0,1,5.74,33.12,SPY200717C00281000,281.0,normalDay
2020-07-08,2081.0,-661.0,0.0,100,316.18,293.0,0,0.0,0.0,,0.0,1,5.74,35.53,SPY200717C00281000,281.0,normalDay
2020-07-09,2081.0,-660.0,0.0,100,314.38,293.0,0,0.0,0.0,,0.0,1,5.74,33.72,SPY200717C00281000,281.0,normalDay
2020-07-10,2081.0,-658.0,0.0,100,317.59,293.0,0,0.0,0.0,,0.0,1,5.74,36.91,SPY200717C00281000,281.0,normalDay
2020-07-13,2081.0,-613.0,0.0,100,314.84,293.0,0,0.0,0.0,,0.0,1,5.74,33.71,SPY200717C00281000,281.0,normalDay
2020-07-14,2081.0,-597.0,0.0,100,318.92,293.0,0,0.0,0.0,,0.0,1,5.74,37.63,SPY200717C00281000,281.0,normalDay
2020-07-15,2081.0,-625.0,0.0,100,321.85,293.0,0,0.0,0.0,,0.0,1,5.74,40.84,SPY200717C00281000,281.0,normalDay
2020-07-16,2081.0,-523.0,0.0,100,320.79,293.0,0,0.0,0.0,,0.0,1,5.74,38.76,SPY200717C00281000,281.0,normalDay
2020-07-17,1455.0,-523.0,-626.0,0,321.72,0.0,0,0.0,0.0,,0.0,1,5.74,0.0,SPY200717C00281000,281.0,expirationDay
2020-07-20,1455.0,-9.0,0.0,0,324.32,0.0,1,9.45,9.54,SPY201120P00292000,292.0,0,0.0,0.0,,0.0,normalDay
2020-07-21,1455.0,-1.0,0.0,0,325.01,0.0,1,9.45,9.46,SPY201120P00292000,292.0,0,0.0,0.0,,0.0,normalDay
2020-07-22,1455.0,44.0,0.0,0,326.86,0.0,1,9.45,9.01,SPY201120P00292000,292.0,0,0.0,0.0,,0.0,normalDay
2020-07-23,1455.0,-78.0,0.0,0,322.96,0.0,1,9.45,10.23,SPY201120P00292000,292.0,0,0.0,0.0,,0.0,normalDay
2020-07-24,1455.0,-97.0,0.0,0,320.88,0.0,1,9.45,10.42,SPY201120P00292000,292.0,0,0.0,0.0,,0.0,normalDay
2020-07-27,1455.0,-6.0,0.0,0,323.22,0.0,1,9.45,9.51,SPY201120P00292000,292.0,0,0.0,0.0,,0.0,normalDay
2020-07-28,1455.0,-62.0,0.0,0,321.17,0.0,1,9.45,10.07,SPY201120P00292000,292.0,0,0.0,0.0,,0.0,normalDay
2020-07-29,1455.0,47.0,0.0,0,325.12,0.0,1,9.45,8.98,SPY201120P00292000,292.0,0,0.0,0.0,,0.0,normalDay
2020-07-30,1455.0,5.0,0.0,0,323.96,0.0,1,9.45,9.4,SPY201120P00292000,292.0,0,0.0,0.0,,0.0,normalDay
2020-07-31,1455.0,76.0,0.0,0,326.52,0.0,1,9.45,8.69,SPY201120P00292000,292.0,0,0.0,0.0,,0.0,normalDay
2020-08-03,1455.0,127.0,0.0,0,328.79,0.0,1,9.45,8.18,SPY201120P00292000,292.0,0,0.0,0.0,,0.0,normalDay
2020-08-04,1455.0,178.0,0.0,0,330.06,0.0,1,9.45,7.67,SPY201120P00292000,292.0,0,0.0,0.0,,0.0,normalDay
2020-08-05,1455.0,237.0,0.0,0,332.11,0.0,1,9.45,7.08,SPY201120P00292000,292.0,0,0.0,0.0,,0.0,normalDay
2020-08-06,1455.0,282.0,0.0,0,334.33,0.0,1,9.45,6.63,SPY201120P00292000,292.0,0,0.0,0.0,,0.0,normalDay
2020-08-07,1455.0,284.0,0.0,0,334.57,0.0,1,9.45,6.61,SPY201120P00292000,292.0,0,0.0,0.0,,0.0,normalDay
2020-08-10,1455.0,317.0,0.0,0,335.57,0.0,1,9.45,6.28,SPY201120P00292000,292.0,0,0.0,0.0,,0.0,normalDay
2020-08-11,1455.0,237.0,0.0,0,332.8,0.0,1,9.45,7.08,SPY201120P00292000,292.0,0,0.0,0.0,,0.0,normalDay
2020-08-12,1455.0,348.0,0.0,0,337.44,0.0,1,9.45,5.97,SPY201120P00292000,292.0,0,0.0,0.0,,0.0,normalDay
2020-08-13,1455.0,340.0,0.0,0,336.83,0.0,1,9.45,6.05,SPY201120P00292000,292.0,0,0.0,0.0,,0.0,normalDay
2020-08-14,1455.0,349.0,0.0,0,336.84,0.0,1,9.45,5.96,SPY201120P00292000,292.0,0,0.0,0.0,,0.0,normalDay
2020-08-17,1455.0,408.0,0.0,0,337.91,0.0,1,9.45,5.37,SPY201120P00292000,292.0,0,0.0,0.0,,0.0,normalDay
2020-08-18,1455.0,438.0,0.0,0,338.64,0.0,1,9.45,5.07,SPY201120P00292000,292.0,0,0.0,0.0,,0.0,normalDay
2020-08-19,1455.0,402.0,0.0,0,337.23,0.0,1,9.45,5.43,SPY201120P00292000,292.0,0,0.0,0.0,,0.0,normalDay
2020-08-20,1455.0,421.0,0.0,0,338.28,0.0,1,9.45,5.24,SPY201120P00292000,292.0,0,0.0,0.0,,0.0,normalDay
2020-08-21,1455.0,448.0,0.0,0,339.48,0.0,1,9.45,4.97,SPY201120P00292000,292.0,0,0.0,0.0,,0.0,normalDay
2020-08-24,1455.0,496.0,0.0,0,342.92,0.0,1,9.45,4.49,SPY201120P00292000,292.0,0,0.0,0.0,,0.0,normalDay
2020-08-25,1455.0,523.0,0.0,0,344.12,0.0,1,9.45,4.22,SPY201120P00292000,292.0,0,0.0,0.0,,0.0,normalDay
2020-08-26,1455.0,534.0,0.0,0,347.57,0.0,1,9.45,4.11,SPY201120P00292000,292.0,0,0.0,0.0,,0.0,normalDay
2020-08-27,1455.0,514.0,0.0,0,348.33,0.0,1,9.45,4.31,SPY201120P00292000,292.0,0,0.0,0.0,,0.0,normalDay
2020-08-28,1455.0,554.0,0.0,0,350.58,0.0,1,9.45,3.91,SPY201120P00292000,292.0,0,0.0,0.0,,0.0,normalDay
2020-08-31,1455.0,491.0,0.0,0,349.31,0.0,1,9.45,4.54,SPY201120P00292000,292.0,0,0.0,0.0,,0.0,normalDay
2020-09-01,1455.0,511.0,0.0,0,352.6,0.0,1,9.45,4.34,SPY201120P00292000,292.0,0,0.0,0.0,,0.0,normalDay
2020-09-02,1455.0,535.0,0.0,0,357.7,0.0,1,9.45,4.1,SPY201120P00292000,292.0,0,0.0,0.0,,0.0,normalDay
2020-09-03,1455.0,338.0,0.0,0,345.39,0.0,1,9.45,6.07,SPY201120P00292000,292.0,0,0.0,0.0,,0.0,normalDay
2020-09-04,1455.0,375.0,0.0,0,342.57,0.0,1,9.45,5.7,SPY201120P00292000,292.0,0,0.0,0.0,,0.0,normalDay
2020-09-08,1455.0,322.0,0.0,0,333.21,0.0,1,9.45,6.23,SPY201120P00292000,292.0,0,0.0,0.0,,0.0,normalDay
2020-09-09,1455.0,470.0,0.0,0,339.79,0.0,1,9.45,4.75,SPY201120P00292000,292.0,0,0.0,0.0,,0.0,normalDay
2020-09-10,1455.0,401.0,0.0,0,333.89,0.0,1,9.45,5.44,SPY201120P00292000,292.0,0,0.0,0.0,,0.0,normalDay
2020-09-11,1455.0,455.0,0.0,0,334.06,0.0,1,9.45,4.9,SPY201120P00292000,292.0,0,0.0,0.0,,0.0,normalDay
2020-09-14,1455.0,574.0,0.0,0,338.46,0.0,1,9.45,3.71,SPY201120P00292000,292.0,0,0.0,0.0,,0.0,normalDay
2020-09-15,1455.0,595.0,0.0,0,340.17,0.0,1,9.45,3.5,SPY201120P00292000,292.0,0,0.0,0.0,,0.0,normalDay
2020-09-16,1455.0,577.0,0.0,0,338.82,0.0,1,9.45,3.68,SPY201120P00292000,292.0,0,0.0,0.0,,0.0,normalDay
2020-09-17,1455.0,562.0,0.0,0,335.84,0.0,1,9.45,3.83,SPY201120P00292000,292.0,0,0.0,0.0,,0.0,normalDay
2020-09-18,1455.0,547.0,0.0,0,330.65,0.0,1,9.45,3.98,SPY201120P00292000,292.0,0,0.0,0.0,,0.0,normalDay
2020-09-21,1455.0,491.0,0.0,0,326.97,0.0,1,9.45,4.54,SPY201120P00292000,292.0,0,0.0,0.0,,0.0,normalDay
2020-09-22,1455.0,533.0,0.0,0,330.3,0.0,1,9.45,4.12,SPY201120P00292000,292.0,0,0.0,0.0,,0.0,normalDay
2020-09-23,1455.0,382.0,0.0,0,322.64,0.0,1,9.45,5.63,SPY201120P00292000,292.0,0,0.0,0.0,,0.0,normalDay
2020-09-24,1455.0,430.0,0.0,0,323.5,0.0,1,9.45,5.15,SPY201120P00292000,292.0,0,0.0,0.0,,0.0,normalDay
2020-09-25,1455.0,547.0,0.0,0,328.73,0.0,1,9.45,3.98,SPY201120P00292000,292.0,0,0.0,0.0,,0.0,normalDay
2020-09-28,1455.0,631.0,0.0,0,334.19,0.0,1,9.45,3.14,SPY201120P00292000,292.0,0,0.0,0.0,,0.0,normalDay
2020-09-29,1455.0,627.0,0.0,0,332.37,0.0,1,9.45,3.18,SPY201120P00292000,292.0,0,0.0,0.0,,0.0,normalDay
2020-09-30,1455.0,626.0,0.0,0,334.89,0.0,1,9.45,3.19,SPY201120P00292000,292.0,0,0.0,0.0,,0.0,normalDay
2020-10-01,1455.0,663.0,0.0,0,337.04,0.0,1,9.45,2.82,SPY201120P00292000,292.0,0,0.0,0.0,,0.0,normalDay
2020-10-02,1455.0,622.0,0.0,0,333.84,0.0,1,9.45,3.23,SPY201120P00292000,292.0,0,0.0,0.0,,0.0,normalDay
2020-10-05,1455.0,716.0,0.0,0,339.76,0.0,1,9.45,2.29,SPY201120P00292000,292.0,0,0.0,0.0,,0.0,normalDay
2020-10-06,1455.0,670.0,0.0,0,334.93,0.0,1,9.45,2.75,SPY201120P00292000,292.0,0,0.0,0.0,,0.0,normalDay
2020-10-07,1455.0,750.0,0.0,0,340.76,0.0,1,9.45,1.95,SPY201120P00292000,292.0,0,0.0,0.0,,0.0,normalDay
2020-10-08,1455.0,798.0,0.0,0,343.78,0.0,1,9.45,1.47,SPY201120P00292000,292.0,0,0.0,0.0,,0.0,normalDay
2020-10-09,1455.0,827.0,0.0,0,346.85,0.0,1,9.45,1.18,SPY201120P00292000,292.0,0,0.0,0.0,,0.0,normalDay
2020-10-12,1455.0,849.0,0.0,0,352.43,0.0,1,9.45,0.96,SPY201120P00292000,292.0,0,0.0,0.0,,0.0,normalDay
2020-10-13,1455.0,845.0,0.0,0,350.13,0.0,1,9.45,1.0,SPY201120P00292000,292.0,0,0.0,0.0,,0.0,normalDay
2020-10-14,1455.0,841.0,0.0,0,347.93,0.0,1,9.45,1.04,SPY201120P00292000,292.0,0,0.0,0.0,,0.0,normalDay
2020-10-15,1455.0,839.0,0.0,0,347.5,0.0,1,9.45,1.06,SPY201120P00292000,292.0,0,0.0,0.0,,0.0,normalDay
2020-10-16,1455.0,838.0,0.0,0,347.29,0.0,1,9.45,1.07,SPY201120P00292000,292.0,0,0.0,0.0,,0.0,normalDay
2020-10-19,1455.0,820.0,0.0,0,342.01,0.0,1,9.45,1.25,SPY201120P00292000,292.0,0,0.0,0.0,,0.0,normalDay
2020-10-20,1455.0,825.0,0.0,0,343.38,0.0,1,9.45,1.2,SPY201120P00292000,292.0,0,0.0,0.0,,0.0,normalDay
2020-10-21,1455.0,840.0,0.0,0,342.73,0.0,1,9.45,1.05,SPY201120P00292000,292.0,0,0.0,0.0,,0.0,normalDay
2020-10-22,1455.0,852.0,0.0,0,344.61,0.0,1,9.45,0.93,SPY201120P00292000,292.0,0,0.0,0.0,,0.0,normalDay
2020-10-23,1455.0,862.0,0.0,0,345.78,0.0,1,9.45,0.83,SPY201120P00292000,292.0,0,0.0,0.0,,0.0,normalDay
2020-10-26,1455.0,809.0,0.0,0,339.39,0.0,1,9.45,1.36,SPY201120P00292000,292.0,0,0.0,0.0,,0.0,normalDay
2020-10-27,1455.0,794.0,0.0,0,338.22,0.0,1,9.45,1.51,SPY201120P00292000,292.0,0,0.0,0.0,,0.0,normalDay
2020-10-28,1455.0,601.0,0.0,0,326.66,0.0,1,9.45,3.44,SPY201120P00292000,292.0,0,0.0,0.0,,0.0,normalDay
2020-10-29,1455.0,715.0,0.0,0,329.98,0.0,1,9.45,2.3,SPY201120P00292000,292.0,0,0.0,0.0,,0.0,normalDay
2020-10-30,1455.0,676.0,0.0,0,326.54,0.0,1,9.45,2.69,SPY201120P00292000,292.0,0,0.0,0.0,,0.0,normalDay
2020-11-02,1455.0,760.0,0.0,0,330.2,0.0,1,9.45,1.85,SPY201120P00292000,292.0,0,0.0,0.0,,0.0,normalDay
2020-11-03,1455.0,816.0,0.0,0,336.03,0.0,1,9.45,1.29,SPY201120P00292000,292.0,0,0.0,0.0,,0.0,normalDay
2020-11-04,1455.0,894.0,0.0,0,343.54,0.0,1,9.45,0.51,SPY201120P00292000,292.0,0,0.0,0.0,,0.0,normalDay
2020-11-05,1455.0,912.0,0.0,0,350.24,0.0,1,9.45,0.33,SPY201120P00292000,292.0,0,0.0,0.0,,0.0,normalDay
2020-11-06,1455.0,929.0,0.0,0,350.16,0.0,1,9.45,0.16,SPY201120P00292000,292.0,0,0.0,0.0,,0.0,normalDay
2020-11-09,1455.0,931.0,0.0,0,354.56,0.0,1,9.45,0.14,SPY201120P00292000,292.0,0,0.0,0.0,,0.0,normalDay
2020-11-10,1455.0,935.0,0.0,0,354.04,0.0,1,9.45,0.1,SPY201120P00292000,292.0,0,0.0,0.0,,0.0,normalDay
2020-11-11,1455.0,937.0,0.0,0,356.67,0.0,1,9.45,0.08,SPY201120P00292000,292.0,0,0.0,0.0,,0.0,normalDay
2020-11-12,1455.0,934.0,0.0,0,353.21,0.0,1,9.45,0.11,SPY201120P00292000,292.0,0,0.0,0.0,,0.0,normalDay
2020-11-13,1455.0,940.0,0.0,0,358.1,0.0,1,9.45,0.05,SPY201120P00292000,292.0,0,0.0,0.0,,0.0,normalDay
2020-11-16,1455.0,943.0,0.0,0,362.57,0.0,1,9.45,0.02,SPY201120P00292000,292.0,0,0.0,0.0,,0.0,normalDay
2020-11-17,1455.0,944.0,0.0,0,360.62,0.0,1,9.45,0.01,SPY201120P00292000,292.0,0,0.0,0.0,,0.0,normalDay
2020-11-18,1455.0,944.0,0.0,0,356.28,0.0,1,9.45,0.01,SPY201120P00292000,292.0,0,0.0,0.0,,0.0,normalDay
2020-11-19,1455.0,944.0,0.0,0,357.78,0.0,1,9.45,0.01,SPY201120P00292000,292.0,0,0.0,0.0,,0.0,normalDay
2020-11-20,2400.0,0.0,945.0,0,355.33,0.0,1,9.45,0.0,SPY201120P00292000,292.0,0,0.0,0.0,,0.0,expirationDay
2020-11-23,2400.0,-7.0,0.0,0,357.46,0.0,1,6.25,6.32,SPY210331P00308000,308.0,0,0.0,0.0,,0.0,normalDay
2020-11-24,2400.0,79.0,0.0,0,363.22,0.0,1,6.25,5.46,SPY210331P00308000,308.0,0,0.0,0.0,,0.0,normalDay
2020-11-25,2400.0,95.0,0.0,0,362.66,0.0,1,6.25,5.3,SPY210331P00308000,308.0,0,0.0,0.0,,0.0,normalDay
2020-11-27,2400.0,118.0,0.0,0,363.67,0.0,1,6.25,5.07,SPY210331P00308000,308.0,0,0.0,0.0,,0.0,normalDay
2020-11-30,2400.0,136.0,0.0,0,362.06,0.0,1,6.25,4.89,SPY210331P00308000,308.0,0,0.0,0.0,,0.0,normalDay
2020-12-01,2400.0,162.0,0.0,0,366.02,0.0,1,6.25,4.63,SPY210331P00308000,308.0,0,0.0,0.0,,0.0,normalDay
2020-12-02,2400.0,176.0,0.0,0,366.79,0.0,1,6.25,4.49,SPY210331P00308000,308.0,0,0.0,0.0,,0.0,normalDay
2020-12-03,2400.0,169.0,0.0,0,366.69,0.0,1,6.25,4.56,SPY210331P00308000,308.0,0,0.0,0.0,,0.0,normalDay
2020-12-04,2400.0,209.0,0.0,0,369.85,0.0,1,6.25,4.16,SPY210331P00308000,308.0,0,0.0,0.0,,0.0,normalDay
2020-12-07,2400.0,201.0,0.0,0,369.09,0.0,1,6.25,4.24,SPY210331P00308000,308.0,0,0.0,0.0,,0.0,normalDay
2020-12-08,2400.0,241.0,0.0,0,370.17,0.0,1,6.25,3.84,SPY210331P00308000,308.0,0,0.0,0.0,,0.0,normalDay
2020-12-09,2400.0,186.0,0.0,0,366.85,0.0,1,6.25,4.39,SPY210331P00308000,308.0,0,0.0,0.0,,0.0,normalDay
2020-12-10,2400.0,186.0,0.0,0,366.73,0.0,1,6.25,4.39,SPY210331P00308000,308.0,0,0.0,0.0,,0.0,normalDay
2020-12-11,2400.0,158.0,0.0,0,366.3,0.0,1,6.25,4.67,SPY210331P00308000,308.0,0,0.0,0.0,,0.0,normalDay
2020-12-14,2400.0,127.0,0.0,0,364.66,0.0,1,6.25,4.98,SPY210331P00308000,308.0,0,0.0,0.0,,0.0,normalDay
2020-12-15,2400.0,192.0,0.0,0,369.59,0.0,1,6.25,4.33,SPY210331P00308000,308.0,0,0.0,0.0,,0.0,normalDay
2020-12-16,2400.0,225.0,0.0,0,370.17,0.0,1,6.25,4.0,SPY210331P00308000,308.0,0,0.0,0.0,,0.0,normalDay
2020-12-17,2400.0,258.0,0.0,0,372.24,0.0,1,6.25,3.67,SPY210331P00308000,308.0,0,0.0,0.0,,0.0,normalDay
2020-12-18,2400.0,256.0,0.0,0,369.18,0.0,1,6.25,3.69,SPY210331P00308000,308.0,0,0.0,0.0,,0.0,normalDay
2020-12-21,2400.0,181.0,0.0,0,367.86,0.0,1,6.25,4.44,SPY210331P00308000,308.0,0,0.0,0.0,,0.0,normalDay
2020-12-22,2400.0,193.0,0.0,0,367.24,0.0,1,6.25,4.32,SPY210331P00308000,308.0,0,0.0,0.0,,0.0,normalDay
2020-12-23,2400.0,226.0,0.0,0,367.57,0.0,1,6.25,3.99,SPY210331P00308000,308.0,0,0.0,0.0,,0.0,normalDay
2020-12-24,2400.0,271.0,0.0,0,369.0,0.0,1,6.25,3.54,SPY210331P00308000,308.0,0,0.0,0.0,,0.0,normalDay
2020-12-28,2400.0,311.0,0.0,0,372.17,0.0,1,6.25,3.14,SPY210331P00308000,308.0,0,0.0,0.0,,0.0,normalDay
2020-12-29,2400.0,278.0,0.0,0,371.46,0.0,1,6.25,3.47,SPY210331P00308000,308.0,0,0.0,0.0,,0.0,normalDay
2020-12-30,2400.0,315.0,0.0,0,371.99,0.0,1,6.25,3.1,SPY210331P00308000,308.0,0,0.0,0.0,,0.0,normalDay
2020-12-31,2400.0,333.0,0.0,0,373.88,0.0,1,6.25,2.92,SPY210331P00308000,308.0,0,0.0,0.0,,0.0,normalDay
2021-01-04,2400.0,256.0,0.0,0,368.79,0.0,1,6.25,3.69,SPY210331P00308000,308.0,0,0.0,0.0,,0.0,normalDay
2021-01-05,2400.0,295.0,0.0,0,371.33,0.0,1,6.25,3.3,SPY210331P00308000,308.0,0,0.0,0.0,,0.0,normalDay
2021-01-06,2400.0,306.0,0.0,0,373.55,0.0,1,6.25,3.19,SPY210331P00308000,308.0,0,0.0,0.0,,0.0,normalDay
2021-01-07,2400.0,390.0,0.0,0,379.1,0.0,1,6.25,2.35,SPY210331P00308000,308.0,0,0.0,0.0,,0.0,normalDay
2021-01-08,2400.0,406.0,0.0,0,381.26,0.0,1,6.25,2.19,SPY210331P00308000,308.0,0,0.0,0.0,,0.0,normalDay
2021-01-11,2400.0,368.0,0.0,0,378.69,0.0,1,6.25,2.57,SPY210331P00308000,308.0,0,0.0,0.0,,0.0,normalDay
2021-01-12,2400.0,385.0,0.0,0,378.77,0.0,1,6.25,2.4,SPY210331P00308000,308.0,0,0.0,0.0,,0.0,normalDay
2021-01-13,2400.0,405.0,0.0,0,379.79,0.0,1,6.25,2.2,SPY210331P00308000,308.0,0,0.0,0.0,,0.0,normalDay
2021-01-14,2400.0,388.0,0.0,0,378.46,0.0,1,6.25,2.37,SPY210331P00308000,308.0,0,0.0,0.0,,0.0,normalDay
2021-01-15,2400.0,359.0,0.0,0,375.7,0.0,1,6.25,2.66,SPY210331P00308000,308.0,0,0.0,0.0,,0.0,normalDay
2021-01-19,2400.0,406.0,0.0,0,378.65,0.0,1,6.25,2.19,SPY210331P00308000,308.0,0,0.0,0.0,,0.0,normalDay
2021-01-20,2400.0,449.0,0.0,0,383.89,0.0,1,6.25,1.76,SPY210331P00308000,308.0,0,0.0,0.0,,0.0,normalDay
2021-01-21,2400.0,459.0,0.0,0,384.24,0.0,1,6.25,1.66,SPY210331P00308000,308.0,0,0.0,0.0,,0.0,normalDay
2021-01-22,2400.0,454.0,0.0,0,382.88,0.0,1,6.25,1.71,SPY210331P00308000,308.0,0,0.0,0.0,,0.0,normalDay
2021-01-25,2400.0,452.0,0.0,0,384.39,0.0,1,6.25,1.73,SPY210331P00308000,308.0,0,0.0,0.0,,0.0,normalDay
2021-01-26,2400.0,461.0,0.0,0,383.79,0.0,1,6.25,1.64,SPY210331P00308000,308.0,0,0.0,0.0,,0.0,normalDay
2021-01-27,2400.0,269.0,0.0,0,374.41,0.0,1,6.25,3.56,SPY210331P00308000,308.0,0,0.0,0.0,,0.0,normalDay
2021-01-28,2400.0,338.0,0.0,0,377.63,0.0,1,6.25,2.87,SPY210331P00308000,308.0,0,0.0,0.0,,0.0,normalDay
2021-01-29,2400.0,214.0,0.0,0,370.07,0.0,1,6.25,4.11,SPY210331P00308000,308.0,0,0.0,0.0,,0.0,normalDay
2021-02-01,2400.0,339.0,0.0,0,376.23,0.0,1,6.25,2.86,SPY210331P00308000,308.0,0,0.0,0.0,,0.0,normalDay
2021-02-02,2400.0,434.0,0.0,0,381.55,0.0,1,6.25,1.91,SPY210331P00308000,308.0,0,0.0,0.0,,0.0,normalDay
2021-02-03,2400.0,476.0,0.0,0,381.85,0.0,1,6.25,1.49,SPY210331P00308000,308.0,0,0.0,0.0,,0.0,normalDay
2021-02-04,2400.0,511.0,0.0,0,386.19,0.0,1,6.25,1.14,SPY210331P00308000,308.0,0,0.0,0.0,,0.0,normalDay
2021-02-05,2400.0,517.0,0.0,0,387.71,0.0,1,6.25,1.08,SPY210331P00308000,308.0,0,0.0,0.0,,0.0,normalDay
2021-02-08,2400.0,531.0,0.0,0,390.51,0.0,1,6.25,0.94,SPY210331P00308000,308.0,0,0.0,0.0,,0.0,normalDay
2021-02-09,2400.0,533.0,0.0,0,390.25,0.0,1,6.25,0.92,SPY210331P00308000,308.0,0,0.0,0.0,,0.0,normalDay
2021-02-10,2400.0,531.0,0.0,0,390.08,0.0,1,6.25,0.94,SPY210331P00308000,308.0,0,0.0,0.0,,0.0,normalDay
2021-02-11,2400.0,541.0,0.0,0,390.71,0.0,1,6.25,0.84,SPY210331P00308000,308.0,0,0.0,0.0,,0.0,normalDay
2021-02-12,2400.0,558.0,0.0,0,392.64,0.0,1,6.25,0.67,SPY210331P00308000,308.0,0,0.0,0.0,,0.0,normalDay
2021-02-16,2400.0,557.0,0.0,0,392.3,0.0,1,6.25,0.68,SPY210331P00308000,308.0,0,0.0,0.0,,0.0,normalDay
2021-02-17,2400.0,559.0,0.0,0,392.39,0.0,1,6.25,0.66,SPY210331P00308000,308.0,0,0.0,0.0,,0.0,normalDay
2021-02-18,2400.0,555.0,0.0,0,390.72,0.0,1,6.25,0.7,SPY210331P00308000,308.0,0,0.0,0.0,,0.0,normalDay
2021-02-19,2400.0,564.0,0.0,0,390.03,0.0,1,6.25,0.61,SPY210331P00308000,308.0,0,0.0,0.0,,0.0,normalDay
2021-02-22,2400.0,560.0,0.0,0,387.03,0.0,1,6.25,0.65,SPY210331P00308000,308.0,0,0.0,0.0,,0.0,normalDay
2021-02-23,2400.0,569.0,0.0,0,387.5,0.0,1,6.25,0.56,SPY210331P00308000,308.0,0,0.0,0.0,,0.0,normalDay
2021-02-24,2400.0,583.0,0.0,0,391.77,0.0,1,6.25,0.42,SPY210331P00308000,308.0,0,0.0,0.0,,0.0,normalDay
2021-02-25,2400.0,525.0,0.0,0,382.33,0.0,1,6.25,1.0,SPY210331P00308000,308.0,0,0.0,0.0,,0.0,normalDay
2021-02-26,2400.0,537.0,0.0,0,380.36,0.0,1,6.25,0.88,SPY210331P00308000,308.0,0,0.0,0.0,,0.0,normalDay
2021-03-01,2400.0,579.0,0.0,0,389.58,0.0,1,6.25,0.46,SPY210331P00308000,308.0,0,0.0,0.0,,0.0,normalDay
2021-03-02,2400.0,574.0,0.0,0,386.54,0.0,1,6.25,0.51,SPY210331P00308000,308.0,0,0.0,0.0,,0.0,normalDay
2021-03-03,2400.0,563.0,0.0,0,381.42,0.0,1,6.25,0.62,SPY210331P00308000,308.0,0,0.0,0.0,,0.0,normalDay
2021-03-04,2400.0,545.0,0.0,0,376.7,0.0,1,6.25,0.8,SPY210331P00308000,308.0,0,0.0,0.0,,0.0,normalDay
2021-03-05,2400.0,579.0,0.0,0,383.63,0.0,1,6.25,0.46,SPY210331P00308000,308.0,0,0.0,0.0,,0.0,normalDay
2021-03-08,2400.0,582.0,0.0,0,381.72,0.0,1,6.25,0.43,SPY210331P00308000,308.0,0,0.0,0.0,,0.0,normalDay
2021-03-09,2400.0,598.0,0.0,0,387.17,0.0,1,6.25,0.27,SPY210331P00308000,308.0,0,0.0,0.0,,0.0,normalDay
2021-03-10,2400.0,606.0,0.0,0,389.58,0.0,1,6.25,0.19,SPY210331P00308000,308.0,0,0.0,0.0,,0.0,normalDay
2021-03-11,2400.0,611.0,0.0,0,393.53,0.0,1,6.25,0.14,SPY210331P00308000,308.0,0,0.0,0.0,,0.0,normalDay
2021-03-12,2400.0,616.0,0.0,0,394.06,0.0,1,6.25,0.09,SPY210331P00308000,308.0,0,0.0,0.0,,0.0,normalDay
2021-03-15,2400.0,620.0,0.0,0,396.41,0.0,1,6.25,0.05,SPY210331P00308000,308.0,0,0.0,0.0,,0.0,normalDay
2021-03-16,2400.0,620.0,0.0,0,395.91,0.0,1,6.25,0.05,SPY210331P00308000,308.0,0,0.0,0.0,,0.0,normalDay
2021-03-17,2400.0,621.0,0.0,0,397.26,0.0,1,6.25,0.04,SPY210331P00308000,308.0,0,0.0,0.0,,0.0,normalDay
2021-03-18,2400.0,616.0,0.0,0,391.48,0.0,1,6.25,0.09,SPY210331P00308000,308.0,0,0.0,0.0,,0.0,normalDay
2021-03-19,2400.0,620.0,0.0,0,389.48,0.0,1,6.25,0.05,SPY210331P00308000,308.0,0,0.0,0.0,,0.0,normalDay
2021-03-22,2400.0,623.0,0.0,0,392.59,0.0,1,6.25,0.02,SPY210331P00308000,308.0,0,0.0,0.0,,0.0,normalDay
2021-03-23,2400.0,623.0,0.0,0,389.5,0.0,1,6.25,0.02,SPY210331P00308000,308.0,0,0.0,0.0,,0.0,normalDay
2021-03-24,2400.0,623.0,0.0,0,387.52,0.0,1,6.25,0.02,SPY210331P00308000,308.0,0,0.0,0.0,,0.0,normalDay
2021-03-25,2400.0,624.0,0.0,0,389.7,0.0,1,6.25,0.01,SPY210331P00308000,308.0,0,0.0,0.0,,0.0,normalDay
2021-03-26,2400.0,624.0,0.0,0,395.98,0.0,1,6.25,0.01,SPY210331P00308000,308.0,0,0.0,0.0,,0.0,normalDay
2021-03-29,2400.0,624.0,0.0,0,395.78,0.0,1,6.25,0.01,SPY210331P00308000,308.0,0,0.0,0.0,,0.0,normalDay
2021-03-30,2400.0,624.0,0.0,0,394.73,0.0,1,6.25,0.01,SPY210331P00308000,308.0,0,0.0,0.0,,0.0,normalDay
2021-03-31,3025.0,0.0,625.0,0,396.33,0.0,1,6.25,0.0,SPY210331P00308000,308.0,0,0.0,0.0,,0.0,expirationDay
2021-04-01,3025.0,-6.0,0.0,0,400.61,0.0,1,9.7,9.76,SPY210820P00375000,375.0,0,0.0,0.0,,0.0,normalDay
2021-04-05,3025.0,123.0,0.0,0,406.36,0.0,1,9.7,8.47,SPY210820P00375000,375.0,0,0.0,0.0,,0.0,normalDay
2021-04-06,3025.0,108.0,0.0,0,406.12,0.0,1,9.7,8.62,SPY210820P00375000,375.0,0,0.0,0.0,,0.0,normalDay
2021-04-07,3025.0,146.0,0.0,0,406.59,0.0,1,9.7,8.24,SPY210820P00375000,375.0,0,0.0,0.0,,0.0,normalDay
2021-04-08,3025.0,173.0,0.0,0,408.52,0.0,1,9.7,7.97,SPY210820P00375000,375.0,0,0.0,0.0,,0.0,normalDay
2021-04-09,3025.0,206.0,0.0,0,411.49,0.0,1,9.7,7.64,SPY210820P00375000,375.0,0,0.0,0.0,,0.0,normalDay
2021-04-12,3025.0,223.0,0.0,0,411.64,0.0,1,9.7,7.47,SPY210820P00375000,375.0,0,0.0,0.0,,0.0,normalDay
2021-04-13,3025.0,258.0,0.0,0,412.86,0.0,1,9.7,7.12,SPY210820P00375000,375.0,0,0.0,0.0,,0.0,normalDay
2021-04-14,3025.0,231.0,0.0,0,411.45,0.0,1,9.7,7.39,SPY210820P00375000,375.0,0,0.0,0.0,,0.0,normalDay
2021-04-15,3025.0,305.0,0.0,0,415.87,0.0,1,9.7,6.65,SPY210820P00375000,375.0,0,0.0,0.0,,0.0,normalDay
2021-04-16,3025.0,328.0,0.0,0,417.26,0.0,1,9.7,6.42,SPY210820P00375000,375.0,0,0.0,0.0,,0.0,normalDay
2021-04-19,3025.0,275.0,0.0,0,415.21,0.0,1,9.7,6.95,SPY210820P00375000,375.0,0,0.0,0.0,,0.0,normalDay
2021-04-20,3025.0,193.0,0.0,0,412.17,0.0,1,9.7,7.77,SPY210820P00375000,375.0,0,0.0,0.0,,0.0,normalDay
2021-04-21,3025.0,292.0,0.0,0,416.07,0.0,1,9.7,6.78,SPY210820P00375000,375.0,0,0.0,0.0,,0.0,normalDay
2021-04-22,3025.0,189.0,0.0,0,412.27,0.0,1,9.7,7.81,SPY210820P00375000,375.0,0,0.0,0.0,,0.0,normalDay
2021-04-23,3025.0,307.0,0.0,0,416.74,0.0,1,9.7,6.63,SPY210820P00375000,375.0,0,0.0,0.0,,0.0,normalDay
2021-04-26,3025.0,334.0,0.0,0,417.61,0.0,1,9.7,6.36,SPY210820P00375000,375.0,0,0.0,0.0,,0.0,normalDay
2021-04-27,3025.0,345.0,0.0,0,417.52,0.0,1,9.7,6.25,SPY210820P00375000,375.0,0,0.0,0.0,,0.0,normalDay
2021-04-28,3025.0,365.0,0.0,0,417.4,0.0,1,9.7,6.05,SPY210820P00375000,375.0,0,0.0,0.0,,0.0,normalDay
2021-04-29,3025.0,384.0,0.0,0,420.06,0.0,1,9.7,5.86,SPY210820P00375000,375.0,0,0.0,0.0,,0.0,normalDay
2021-04-30,3025.0,332.0,0.0,0,417.3,0.0,1,9.7,6.38,SPY210820P00375000,375.0,0,0.0,0.0,,0.0,normalDay
2021-05-03,3025.0,371.0,0.0,0,418.2,0.0,1,9.7,5.99,SPY210820P00375000,375.0,0,0.0,0.0,,0.0,normalDay
2021-05-04,3025.0,302.0,0.0,0,415.62,0.0,1,9.7,6.68,SPY210820P00375000,375.0,0,0.0,0.0,,0.0,normalDay
2021-05-05,3025.0,323.0,0.0,0,415.75,0.0,1,9.7,6.47,SPY210820P00375000,375.0,0,0.0,0.0,,0.0,normalDay
2021-05-06,3025.0,393.0,0.0,0,419.07,0.0,1,9.7,5.77,SPY210820P00375000,375.0,0,0.0,0.0,,0.0,normalDay
2021-05-07,3025.0,466.0,0.0,0,422.12,0.0,1,9.7,5.04,SPY210820P00375000,375.0,0,0.0,0.0,,0.0,normalDay
2021-05-10,3025.0,367.0,0.0,0,417.94,0.0,1,9.7,6.03,SPY210820P00375000,375.0,0,0.0,0.0,,0.0,normalDay
2021-05-11,3025.0,266.0,0.0,0,414.21,0.0,1,9.7,7.04,SPY210820P00375000,375.0,0,0.0,0.0,,0.0,normalDay
2021-05-12,3025.0,-57.0,0.0,0,405.41,0.0,1,9.7,10.27,SPY210820P00375000,375.0,0,0.0,0.0,,0.0,normalDay
2021-05-13,3025.0,171.0,0.0,0,410.28,0.0,1,9.7,7.99,SPY210820P00375000,375.0,0,0.0,0.0,,0.0,normalDay
2021-05-14,3025.0,397.0,0.0,0,416.58,0.0,1,9.7,5.73,SPY210820P00375000,375.0,0,0.0,0.0,,0.0,normalDay
2021-05-17,3025.0,360.0,0.0,0,415.52,0.0,1,9.7,6.1,SPY210820P00375000,375.0,0,0.0,0.0,,0.0,normalDay
2021-05-18,3025.0,272.0,0.0,0,411.94,0.0,1,9.7,6.98,SPY210820P00375000,375.0,0,0.0,0.0,,0.0,normalDay
2021-05-19,3025.0,235.0,0.0,0,410.86,0.0,1,9.7,7.35,SPY210820P00375000,375.0,0,0.0,0.0,,0.0,normalDay
2021-05-20,3025.0,346.0,0.0,0,415.28,0.0,1,9.7,6.24,SPY210820P00375000,375.0,0,0.0,0.0,,0.0,normalDay
2021-05-21,3025.0,373.0,0.0,0,414.94,0.0,1,9.7,5.97,SPY210820P00375000,375.0,0,0.0,0.0,,0.0,normalDay
2021-05-24,3025.0,487.0,0.0,0,419.17,0.0,1,9.7,4.83,SPY210820P00375000,375.0,0,0.0,0.0,,0.0,normalDay
2021-05-25,3025.0,482.0,0.0,0,418.24,0.0,1,9.7,4.88,SPY210820P00375000,375.0,0,0.0,0.0,,0.0,normalDay
2021-05-26,3025.0,542.0,0.0,0,419.07,0.0,1,9.7,4.28,SPY210820P00375000,375.0,0,0.0,0.0,,0.0,normalDay
2021-05-27,3025.0,592.0,0.0,0,419.29,0.0,1,9.7,3.78,SPY210820P00375000,375.0,0,0.0,0.0,,0.0,normalDay
2021-05-28,3025.0,601.0,0.0,0,420.04,0.0,1,9.7,3.69,SPY210820P00375000,375.0,0,0.0,0.0,,0.0,normalDay
2021-06-01,3025.0,585.0,0.0,0,419.67,0.0,1,9.7,3.85,SPY210820P00375000,375.0,0,0.0,0.0,,0.0,normalDay
2021-06-02,3025.0,605.0,0.0,0,420.33,0.0,1,9.7,3.65,SPY210820P00375000,375.0,0,0.0,0.0,,0.0,normalDay
2021-06-03,3025.0,578.0,0.0,0,418.77,0.0,1,9.7,3.92,SPY210820P00375000,375.0,0,0.0,0.0,,0.0,normalDay
2021-06-04,3025.0,650.0,0.0,0,422.6,0.0,1,9.7,3.2,SPY210820P00375000,375.0,0,0.0,0.0,,0.0,normalDay
2021-06-07,3025.0,674.0,0.0,0,422.19,0.0,1,9.7,2.96,SPY210820P00375000,375.0,0,0.0,0.0,,0.0,normalDay
2021-06-08,3025.0,668.0,0.0,0,422.28,0.0,1,9.7,3.02,SPY210820P00375000,375.0,0,0.0,0.0,,0.0,normalDay
2021-06-09,3025.0,656.0,0.0,0,421.65,0.0,1,9.7,3.14,SPY210820P00375000,375.0,0,0.0,0.0,,0.0,normalDay
2021-06-10,3025.0,713.0,0.0,0,423.61,0.0,1,9.7,2.57,SPY210820P00375000,375.0,0,0.0,0.0,,0.0,normalDay
2021-06-11,3025.0,734.0,0.0,0,424.31,0.0,1,9.7,2.36,SPY210820P00375000,375.0,0,0.0,0.0,,0.0,normalDay
2021-06-14,3025.0,741.0,0.0,0,425.26,0.0,1,9.7,2.29,SPY210820P00375000,375.0,0,0.0,0.0,,0.0,normalDay
2021-06-15,3025.0,726.0,0.0,0,424.48,0.0,1,9.7,2.44,SPY210820P00375000,375.0,0,0.0,0.0,,0.0,normalDay
2021-06-16,3025.0,704.0,0.0,0,422.11,0.0,1,9.7,2.66,SPY210820P00375000,375.0,0,0.0,0.0,,0.0,normalDay
2021-06-17,3025.0,721.0,0.0,0,421.97,0.0,1,9.7,2.49,SPY210820P00375000,375.0,0,0.0,0.0,,0.0,normalDay
2021-06-18,3025.0,612.0,0.0,0,414.92,0.0,1,9.7,3.58,SPY210820P00375000,375.0,0,0.0,0.0,,0.0,normalDay
2021-06-21,3025.0,738.0,0.0,0,420.86,0.0,1,9.7,2.32,SPY210820P00375000,375.0,0,0.0,0.0,,0.0,normalDay
2021-06-22,3025.0,775.0,0.0,0,423.11,0.0,1,9.7,1.95,SPY210820P00375000,375.0,0,0.0,0.0,,0.0,normalDay
2021-06-23,3025.0,787.0,0.0,0,422.6,0.0,1,9.7,1.83,SPY210820P00375000,375.0,0,0.0,0.0,,0.0,normalDay
2021-06-24,3025.0,812.0,0.0,0,425.1,0.0,1,9.7,1.58,SPY210820P00375000,375.0,0,0.0,0.0,,0.0,normalDay
2021-06-25,3025.0,830.0,0.0,0,426.61,0.0,1,9.7,1.4,SPY210820P00375000,375.0,0,0.0,0.0,,0.0,normalDay
2021-06-28,3025.0,839.0,0.0,0,427.47,0.0,1,9.7,1.31,SPY210820P00375000,375.0,0,0.0,0.0,,0.0,normalDay
2021-06-29,3025.0,836.0,0.0,0,427.7,0.0,1,9.7,1.34,SPY210820P00375000,375.0,0,0.0,0.0,,0.0,normalDay
2021-06-30,3025.0,844.0,0.0,0,428.06,0.0,1,9.7,1.26,SPY210820P00375000,375.0,0,0.0,0.0,,0.0,normalDay
2021-07-01,3025.0,856.0,0.0,0,430.43,0.0,1,9.7,1.14,SPY210820P00375000,375.0,0,0.0,0.0,,0.0,normalDay
2021-07-02,3025.0,869.0,0.0,0,433.72,0.0,1,9.7,1.01,SPY210820P00375000,375.0,0,0.0,0.0,,0.0,normalDay
2021-07-06,3025.0,865.0,0.0,0,432.93,0.0,1,9.7,1.05,SPY210820P00375000,375.0,0,0.0,0.0,,0.0,normalDay
2021-07-07,3025.0,875.0,0.0,0,434.46,0.0,1,9.7,0.95,SPY210820P00375000,375.0,0,0.0,0.0,,0.0,normalDay
2021-07-08,3025.0,837.0,0.0,0,430.92,0.0,1,9.7,1.33,SPY210820P00375000,375.0,0,0.0,0.0,,0.0,normalDay
2021-07-09,3025.0,882.0,0.0,0,435.52,0.0,1,9.7,0.88,SPY210820P00375000,375.0,0,0.0,0.0,,0.0,normalDay
2021-07-12,3025.0,896.0,0.0,0,437.08,0.0,1,9.7,0.74,SPY210820P00375000,375.0,0,0.0,0.0,,0.0,normalDay
2021-07-13,3025.0,889.0,0.0,0,435.59,0.0,1,9.7,0.81,SPY210820P00375000,375.0,0,0.0,0.0,,0.0,normalDay
2021-07-14,3025.0,903.0,0.0,0,436.24,0.0,1,9.7,0.67,SPY210820P00375000,375.0,0,0.0,0.0,,0.0,normalDay
2021-07-15,3025.0,898.0,0.0,0,434.75,0.0,1,9.7,0.72,SPY210820P00375000,375.0,0,0.0,0.0,,0.0,normalDay
2021-07-16,3025.0,884.0,0.0,0,431.34,0.0,1,9.7,0.86,SPY210820P00375000,375.0,0,0.0,0.0,,0.0,normalDay
2021-07-19,3025.0,828.0,0.0,0,424.97,0.0,1,9.7,1.42,SPY210820P00375000,375.0,0,0.0,0.0,,0.0,normalDay
2021-07-20,3025.0,878.0,0.0,0,431.06,0.0,1,9.7,0.92,SPY210820P00375000,375.0,0,0.0,0.0,,0.0,normalDay
2021-07-21,3025.0,907.0,0.0,0,434.55,0.0,1,9.7,0.63,SPY210820P00375000,375.0,0,0.0,0.0,,0.0,normalDay
2021-07-22,3025.0,914.0,0.0,0,435.46,0.0,1,9.7,0.56,SPY210820P00375000,375.0,0,0.0,0.0,,0.0,normalDay
2021-07-23,3025.0,924.0,0.0,0,439.94,0.0,1,9.7,0.46,SPY210820P00375000,375.0,0,0.0,0.0,,0.0,normalDay
2021-07-26,3025.0,935.0,0.0,0,441.02,0.0,1,9.7,0.35,SPY210820P00375000,375.0,0,0.0,0.0,,0.0,normalDay
2021-07-27,3025.0,927.0,0.0,0,439.01,0.0,1,9.7,0.43,SPY210820P00375000,375.0,0,0.0,0.0,,0.0,normalDay
2021-07-28,3025.0,936.0,0.0,0,438.83,0.0,1,9.7,0.34,SPY210820P00375000,375.0,0,0.0,0.0,,0.0,normalDay
2021-07-29,3025.0,943.0,0.0,0,440.65,0.0,1,9.7,0.27,SPY210820P00375000,375.0,0,0.0,0.0,,0.0,normalDay
2021-07-30,3025.0,939.0,0.0,0,438.51,0.0,1,9.7,0.31,SPY210820P00375000,375.0,0,0.0,0.0,,0.0,normalDay
2021-08-02,3025.0,942.0,0.0,0,437.59,0.0,1,9.7,0.28,SPY210820P00375000,375.0,0,0.0,0.0,,0.0,normalDay
2021-08-03,3025.0,954.0,0.0,0,441.15,0.0,1,9.7,0.16,SPY210820P00375000,375.0,0,0.0,0.0,,0.0,normalDay
2021-08-04,3025.0,955.0,0.0,0,438.98,0.0,1,9.7,0.15,SPY210820P00375000,375.0,0,0.0,0.0,,0.0,normalDay
2021-08-05,3025.0,959.0,0.0,0,441.76,0.0,1,9.7,0.11,SPY210820P00375000,375.0,0,0.0,0.0,,0.0,normalDay
2021-08-06,3025.0,963.0,0.0,0,442.49,0.0,1,9.7,0.07,SPY210820P00375000,375.0,0,0.0,0.0,,0.0,normalDay
2021-08-09,3025.0,964.0,0.0,0,442.13,0.0,1,9.7,0.06,SPY210820P00375000,375.0,0,0.0,0.0,,0.0,normalDay
2021-08-10,3025.0,964.0,0.0,0,442.68,0.0,1,9.7,0.06,SPY210820P00375000,375.0,0,0.0,0.0,,0.0,normalDay
2021-08-11,3025.0,966.0,0.0,0,443.78,0.0,1,9.7,0.04,SPY210820P00375000,375.0,0,0.0,0.0,,0.0,normalDay
2021-08-12,3025.0,966.0,0.0,0,445.11,0.0,1,9.7,0.04,SPY210820P00375000,375.0,0,0.0,0.0,,0.0,normalDay
2021-08-13,3025.0,967.0,0.0,0,445.92,0.0,1,9.7,0.03,SPY210820P00375000,375.0,0,0.0,0.0,,0.0,normalDay
2021-08-16,3025.0,968.0,0.0,0,446.97,0.0,1,9.7,0.02,SPY210820P00375000,375.0,0,0.0,0.0,,0.0,normalDay
2021-08-17,3025.0,969.0,0.0,0,444.04,0.0,1,9.7,0.01,SPY210820P00375000,375.0,0,0.0,0.0,,0.0,normalDay
2021-08-18,3025.0,966.0,0.0,0,439.18,0.0,1,9.7,0.04,SPY210820P00375000,375.0,0,0.0,0.0,,0.0,normalDay
2021-08-19,3025.0,969.0,0.0,0,439.86,0.0,1,9.7,0.01,SPY210820P00375000,375.0,0,0.0,0.0,,0.0,normalDay
2021-08-20,3995.0,0.0,970.0,0,443.36,0.0,1,9.7,0.0,SPY210820P00375000,375.0,0,0.0,0.0,,0.0,expirationDay
2021-08-23,3995.0,-7.0,0.0,0,447.26,0.0,1,13.18,13.25,SPY211231P00432000,432.0,0,0.0,0.0,,0.0,normalDay
2021-08-24,3995.0,4.0,0.0,0,447.97,0.0,1,13.18,13.14,SPY211231P00432000,432.0,0,0.0,0.0,,0.0,normalDay
2021-08-25,3995.0,65.0,0.0,0,448.91,0.0,1,13.18,12.53,SPY211231P00432000,432.0,0,0.0,0.0,,0.0,normalDay
2021-08-26,3995.0,-58.0,0.0,0,446.26,0.0,1,13.18,13.76,SPY211231P00432000,432.0,0,0.0,0.0,,0.0,normalDay
2021-08-27,3995.0,115.0,0.0,0,450.25,0.0,1,13.18,12.03,SPY211231P00432000,432.0,0,0.0,0.0,,0.0,normalDay
2021-08-30,3995.0,182.0,0.0,0,452.23,0.0,1,13.18,11.36,SPY211231P00432000,432.0,0,0.0,0.0,,0.0,normalDay
2021-08-31,3995.0,176.0,0.0,0,451.56,0.0,1,13.18,11.42,SPY211231P00432000,432.0,0,0.0,0.0,,0.0,normalDay
2021-09-01,3995.0,206.0,0.0,0,451.8,0.0,1,13.18,11.12,SPY211231P00432000,432.0,0,0.0,0.0,,0.0,normalDay
2021-09-02,3995.0,244.0,0.0,0,453.19,0.0,1,13.18,10.74,SPY211231P00432000,432.0,0,0.0,0.0,,0.0,normalDay
2021-09-03,3995.0,232.0,0.0,0,453.08,0.0,1,13.18,10.86,SPY211231P00432000,432.0,0,0.0,0.0,,0.0,normalDay
2021-09-07,3995.0,163.0,0.0,0,451.46,0.0,1,13.18,11.55,SPY211231P00432000,432.0,0,0.0,0.0,,0.0,normalDay
2021-09-08,3995.0,152.0,0.0,0,450.91,0.0,1,13.18,11.66,SPY211231P00432000,432.0,0,0.0,0.0,,0.0,normalDay
2021-09-09,3995.0,68.0,0.0,0,448.98,0.0,1,13.18,12.5,SPY211231P00432000,432.0,0,0.0,0.0,,0.0,normalDay
2021-09-10,3995.0,-39.0,0.0,0,445.44,0.0,1,13.18,13.57,SPY211231P00432000,432.0,0,0.0,0.0,,0.0,normalDay
2021-09-13,3995.0,56.0,0.0,0,446.58,0.0,1,13.18,12.62,SPY211231P00432000,432.0,0,0.0,0.0,,0.0,normalDay
2021-09-14,3995.0,-20.0,0.0,0,444.17,0.0,1,13.18,13.38,SPY211231P00432000,432.0,0,0.0,0.0,,0.0,normalDay
2021-09-15,3995.0,136.0,0.0,0,447.88,0.0,1,13.18,11.82,SPY211231P00432000,432.0,0,0.0,0.0,,0.0,normalDay
2021-09-16,3995.0,106.0,0.0,0,447.17,0.0,1,13.18,12.12,SPY211231P00432000,432.0,0,0.0,0.0,,0.0,normalDay
2021-09-17,3995.0,-94.0,0.0,0,441.4,0.0,1,13.18,14.12,SPY211231P00432000,432.0,0,0.0,0.0,,0.0,normalDay
2021-09-20,3995.0,-477.0,0.0,0,434.04,0.0,1,13.18,17.95,SPY211231P00432000,432.0,0,0.0,0.0,,0.0,normalDay
2021-09-21,3995.0,-440.0,0.0,0,433.63,0.0,1,13.18,17.58,SPY211231P00432000,432.0,0,0.0,0.0,,0.0,normalDay
2021-09-22,3995.0,-151.0,0.0,0,437.86,0.0,1,13.18,14.69,SPY211231P00432000,432.0,0,0.0,0.0,,0.0,normalDay
2021-09-23,3995.0,105.0,0.0,0,443.18,0.0,1,13.18,12.13,SPY211231P00432000,432.0,0,0.0,0.0,,0.0,normalDay
2021-09-24,3995.0,162.0,0.0,0,443.91,0.0,1,13.18,11.56,SPY211231P00432000,432.0,0,0.0,0.0,,0.0,normalDay
2021-09-27,3995.0,115.0,0.0,0,442.64,0.0,1,13.18,12.03,SPY211231P00432000,432.0,0,0.0,0.0,,0.0,normalDay
2021-09-28,3995.0,-314.0,0.0,0,433.72,0.0,1,13.18,16.32,SPY211231P00432000,432.0,0,0.0,0.0,,0.0,normalDay
2021-09-29,3995.0,-242.0,0.0,0,434.45,0.0,1,13.18,15.6,SPY211231P00432000,432.0,0,0.0,0.0,,0.0,normalDay
2021-09-30,3995.0,-507.0,0.0,0,429.14,0.0,1,13.18,18.25,SPY211231P00432000,432.0,0,0.0,0.0,,0.0,normalDay
2021-10-01,3995.0,-196.0,0.0,0,434.24,0.0,1,13.18,15.14,SPY211231P00432000,432.0,0,0.0,0.0,,0.0,normalDay
2021-10-04,3995.0,-465.0,0.0,0,428.64,0.0,1,13.18,17.83,SPY211231P00432000,432.0,0,0.0,0.0,,0.0,normalDay
2021-10-05,3995.0,-230.0,0.0,0,433.1,0.0,1,13.18,15.48,SPY211231P00432000,432.0,0,0.0,0.0,,0.0,normalDay
2021-10-06,3995.0,-150.0,0.0,0,434.9,0.0,1,13.18,14.68,SPY211231P00432000,432.0,0,0.0,0.0,,0.0,normalDay
2021-10-07,3995.0,52.0,0.0,0,438.66,0.0,1,13.18,12.66,SPY211231P00432000,432.0,0,0.0,0.0,,0.0,normalDay
2021-10-08,3995.0,28.0,0.0,0,437.86,0.0,1,13.18,12.9,SPY211231P00432000,432.0,0,0.0,0.0,,0.0,normalDay
2021-10-11,3995.0,-81.0,0.0,0,434.69,0.0,1,13.18,13.99,SPY211231P00432000,432.0,0,0.0,0.0,,0.0,normalDay
2021-10-12,3995.0,-117.0,0.0,0,433.62,0.0,1,13.18,14.35,SPY211231P00432000,432.0,0,0.0,0.0,,0.0,normalDay
2021-10-13,3995.0,46.0,0.0,0,435.18,0.0,1,13.18,12.72,SPY211231P00432000,432.0,0,0.0,0.0,,0.0,normalDay
2021-10-14,3995.0,362.0,0.0,0,442.5,0.0,1,13.18,9.56,SPY211231P00432000,432.0,0,0.0,0.0,,0.0,normalDay
2021-10-15,3995.0,466.0,0.0,0,445.87,0.0,1,13.18,8.52,SPY211231P00432000,432.0,0,0.0,0.0,,0.0,normalDay
2021-10-18,3995.0,520.0,0.0,0,447.19,0.0,1,13.18,7.98,SPY211231P00432000,432.0,0,0.0,0.0,,0.0,normalDay
2021-10-19,3995.0,637.0,0.0,0,450.64,0.0,1,13.18,6.81,SPY211231P00432000,432.0,0,0.0,0.0,,0.0,normalDay
2021-10-20,3995.0,665.0,0.0,0,452.41,0.0,1,13.18,6.53,SPY211231P00432000,432.0,0,0.0,0.0,,0.0,normalDay
2021-10-21,3995.0,715.0,0.0,0,453.59,0.0,1,13.18,6.03,SPY211231P00432000,432.0,0,0.0,0.0,,0.0,normalDay
2021-10-22,3995.0,677.0,0.0,0,453.12,0.0,1,13.18,6.41,SPY211231P00432000,432.0,0,0.0,0.0,,0.0,normalDay
2021-10-25,3995.0,753.0,0.0,0,455.55,0.0,1,13.18,5.65,SPY211231P00432000,432.0,0,0.0,0.0,,0.0,normalDay
2021-10-26,3995.0,759.0,0.0,0,455.96,0.0,1,13.18,5.59,SPY211231P00432000,432.0,0,0.0,0.0,,0.0,normalDay
2021-10-27,3995.0,687.0,0.0,0,453.94,0.0,1,13.18,6.31,SPY211231P00432000,432.0,0,0.0,0.0,,0.0,normalDay
2021-10-28,3995.0,786.0,0.0,0,458.32,0.0,1,13.18,5.32,SPY211231P00432000,432.0,0,0.0,0.0,,0.0,normalDay
2021-10-29,3995.0,812.0,0.0,0,459.25,0.0,1,13.18,5.06,SPY211231P00432000,432.0,0,0.0,0.0,,0.0,normalDay
2021-11-01,3995.0,845.0,0.0,0,460.04,0.0,1,13.18,4.73,SPY211231P00432000,432.0,0,0.0,0.0,,0.0,normalDay
2021-11-02,3995.0,886.0,0.0,0,461.9,0.0,1,13.18,4.32,SPY211231P00432000,432.0,0,0.0,0.0,,0.0,normalDay
2021-11-03,3995.0,956.0,0.0,0,464.72,0.0,1,13.18,3.62,SPY211231P00432000,432.0,0,0.0,0.0,,0.0,normalDay
2021-11-04,3995.0,986.0,0.0,0,466.91,0.0,1,13.18,3.32,SPY211231P00432000,432.0,0,0.0,0.0,,0.0,normalDay
2021-11-05,3995.0,983.0,0.0,0,468.53,0.0,1,13.18,3.35,SPY211231P00432000,432.0,0,0.0,0.0,,0.0,normalDay
2021-11-08,3995.0,983.0,0.0,0,468.93,0.0,1,13.18,3.35,SPY211231P00432000,432.0,0,0.0,0.0,,0.0,normalDay
2021-11-09,3995.0,963.0,0.0,0,467.38,0.0,1,13.18,3.55,SPY211231P00432000,432.0,0,0.0,0.0,,0.0,normalDay
2021-11-10,3995.0,910.0,0.0,0,463.62,0.0,1,13.18,4.08,SPY211231P00432000,432.0,0,0.0,0.0,,0.0,normalDay
2021-11-11,3995.0,959.0,0.0,0,463.77,0.0,1,13.18,3.59,SPY211231P00432000,432.0,0,0.0,0.0,,0.0,normalDay
2021-11-12,3995.0,1030.0,0.0,0,467.27,0.0,1,13.18,2.88,SPY211231P00432000,432.0,0,0.0,0.0,,0.0,normalDay
2021-11-15,3995.0,1045.0,0.0,0,467.43,0.0,1,13.18,2.73,SPY211231P00432000,432.0,0,0.0,0.0,,0.0,normalDay
2021-11-16,3995.0,1070.0,0.0,0,469.28,0.0,1,13.18,2.48,SPY211231P00432000,432.0,0,0.0,0.0,,0.0,normalDay
2021-11-17,3995.0,1050.0,0.0,0,468.14,0.0,1,13.18,2.68,SPY211231P00432000,432.0,0,0.0,0.0,,0.0,normalDay
2021-11-18,3995.0,1063.0,0.0,0,469.73,0.0,1,13.18,2.55,SPY211231P00432000,432.0,0,0.0,0.0,,0.0,normalDay
2021-11-19,3995.0,1056.0,0.0,0,468.89,0.0,1,13.18,2.62,SPY211231P00432000,432.0,0,0.0,0.0,,0.0,normalDay
2021-11-22,3995.0,1039.0,0.0,0,467.57,0.0,1,13.18,2.79,SPY211231P00432000,432.0,0,0.0,0.0,,0.0,normalDay
2021-11-23,3995.0,1059.0,0.0,0,468.19,0.0,1,13.18,2.59,SPY211231P00432000,432.0,0,0.0,0.0,,0.0,normalDay
2021-11-24,3995.0,1094.0,0.0,0,469.44,0.0,1,13.18,2.24,SPY211231P00432000,432.0,0,0.0,0.0,,0.0,normalDay
2021-11-26,3995.0,619.0,0.0,0,458.97,0.0,1,13.18,6.99,SPY211231P00432000,432.0,0,0.0,0.0,,0.0,normalDay
2021-11-29,3995.0,989.0,0.0,0,464.6,0.0,1,13.18,3.29,SPY211231P00432000,432.0,0,0.0,0.0,,0.0,normalDay
2021-11-30,3995.0,804.0,0.0,0,455.56,0.0,1,13.18,5.14,SPY211231P00432000,432.0,0,0.0,0.0,,0.0,normalDay
2021-12-01,3995.0,544.0,0.0,0,450.5,0.0,1,13.18,7.74,SPY211231P00432000,432.0,0,0.0,0.0,,0.0,normalDay
2021-12-02,3995.0,794.0,0.0,0,457.4,0.0,1,13.18,5.24,SPY211231P00432000,432.0,0,0.0,0.0,,0.0,normalDay
2021-12-03,3995.0,675.0,0.0,0,453.42,0.0,1,13.18,6.43,SPY211231P00432000,432.0,0,0.0,0.0,,0.0,normalDay
2021-12-06,3995.0,901.0,0.0,0,458.79,0.0,1,13.18,4.17,SPY211231P00432000,432.0,0,0.0,0.0,,0.0,normalDay
2021-12-07,3995.0,1127.0,0.0,0,468.28,0.0,1,13.18,1.91,SPY211231P00432000,432.0,0,0.0,0.0,,0.0,normalDay
2021-12-08,3995.0,1190.0,0.0,0,469.52,0.0,1,13.18,1.28,SPY211231P00432000,432.0,0,0.0,0.0,,0.0,normalDay
2021-12-09,3995.0,1149.0,0.0,0,466.35,0.0,1,13.18,1.69,SPY211231P00432000,432.0,0,0.0,0.0,,0.0,normalDay
2021-12-10,3995.0,1224.0,0.0,0,470.74,0.0,1,13.18,0.94,SPY211231P00432000,432.0,0,0.0,0.0,,0.0,normalDay
2021-12-13,3995.0,1211.0,0.0,0,466.57,0.0,1,13.18,1.07,SPY211231P00432000,432.0,0,0.0,0.0,,0.0,normalDay
2021-12-14,3995.0,1181.0,0.0,0,463.36,0.0,1,13.18,1.37,SPY211231P00432000,432.0,0,0.0,0.0,,0.0,normalDay
2021-12-15,3995.0,1255.0,0.0,0,470.6,0.0,1,13.18,0.63,SPY211231P00432000,432.0,0,0.0,0.0,,0.0,normalDay
2021-12-16,3995.0,1233.0,0.0,0,466.45,0.0,1,13.18,0.85,SPY211231P00432000,432.0,0,0.0,0.0,,0.0,normalDay
2021-12-17,3995.0,1215.0,0.0,0,459.87,0.0,1,13.18,1.03,SPY211231P00432000,432.0,0,0.0,0.0,,0.0,normalDay
2021-12-20,3995.0,1198.0,0.0,0,454.98,0.0,1,13.18,1.2,SPY211231P00432000,432.0,0,0.0,0.0,,0.0,normalDay
2021-12-21,3995.0,1273.0,0.0,0,463.06,0.0,1,13.18,0.45,SPY211231P00432000,432.0,0,0.0,0.0,,0.0,normalDay
2021-12-22,3995.0,1304.0,0.0,0,467.69,0.0,1,13.18,0.14,SPY211231P00432000,432.0,0,0.0,0.0,,0.0,normalDay
2021-12-23,3995.0,1309.0,0.0,0,470.6,0.0,1,13.18,0.09,SPY211231P00432000,432.0,0,0.0,0.0,,0.0,normalDay
2021-12-27,3995.0,1315.0,0.0,0,477.26,0.0,1,13.18,0.03,SPY211231P00432000,432.0,0,0.0,0.0,,0.0,normalDay
2021-12-28,3995.0,1316.0,0.0,0,476.87,0.0,1,13.18,0.02,SPY211231P00432000,432.0,0,0.0,0.0,,0.0,normalDay
2021-12-29,3995.0,1317.0,0.0,0,477.48,0.0,1,13.18,0.01,SPY211231P00432000,432.0,0,0.0,0.0,,0.0,normalDay
2021-12-30,3995.0,1317.0,0.0,0,476.16,0.0,1,13.18,0.01,SPY211231P00432000,432.0,0,0.0,0.0,,0.0,normalDay
2021-12-31,5313.0,0.0,1318.0,0,474.96,0.0,1,13.18,0.0,SPY211231P00432000,432.0,0,0.0,0.0,,0.0,expirationDay
2022-01-03,5313.0,-7.0,0.0,0,477.71,0.0,1,11.77,11.84,SPY220520P00447000,447.0,0,0.0,0.0,,0.0,normalDay
2022-01-04,5313.0,-21.0,0.0,0,477.55,0.0,1,11.77,11.98,SPY220520P00447000,447.0,0,0.0,0.0,,0.0,normalDay
2022-01-05,5313.0,-311.0,0.0,0,468.38,0.0,1,11.77,14.88,SPY220520P00447000,447.0,0,0.0,0.0,,0.0,normalDay
2022-01-06,5313.0,-309.0,0.0,0,467.94,0.0,1,11.77,14.86,SPY220520P00447000,447.0,0,0.0,0.0,,0.0,normalDay
2022-01-07,5313.0,-288.0,0.0,0,466.09,0.0,1,11.77,14.65,SPY220520P00447000,447.0,0,0.0,0.0,,0.0,normalDay
2022-01-10,5313.0,-290.0,0.0,0,465.51,0.0,1,11.77,14.67,SPY220520P00447000,447.0,0,0.0,0.0,,0.0,normalDay
2022-01-11,5313.0,-135.0,0.0,0,469.75,0.0,1,11.77,13.12,SPY220520P00447000,447.0,0,0.0,0.0,,0.0,normalDay
2022-01-12,5313.0,-67.0,0.0,0,471.02,0.0,1,11.77,12.44,SPY220520P00447000,447.0,0,0.0,0.0,,0.0,normalDay
2022-01-13,5313.0,-339.0,0.0,0,464.53,0.0,1,11.77,15.16,SPY220520P00447000,447.0,0,0.0,0.0,,0.0,normalDay
2022-01-14,5313.0,-274.0,0.0,0,464.72,0.0,1,11.77,14.51,SPY220520P00447000,447.0,0,0.0,0.0,,0.0,normalDay
2022-01-18,5313.0,-630.0,0.0,0,456.49,0.0,1,11.77,18.07,SPY220520P00447000,447.0,0,0.0,0.0,,0.0,normalDay
2022-01-19,5313.0,-778.0,0.0,0,451.75,0.0,1,11.77,19.55,SPY220520P00447000,447.0,0,0.0,0.0,,0.0,normalDay
2022-01-20,5313.0,-1047.0,0.0,0,446.75,0.0,1,11.77,22.24,SPY220520P00447000,447.0,0,0.0,0.0,,0.0,normalDay
2022-01-21,5313.0,-1564.0,0.0,0,437.98,0.0,1,11.77,27.41,SPY220520P00447000,447.0,0,0.0,0.0,,0.0,normalDay
2022-01-24,5313.0,-1510.0,0.0,0,439.84,0.0,1,11.77,26.87,SPY220520P00447000,447.0,0,0.0,0.0,,0.0,normalDay
2022-01-25,5313.0,-1862.0,0.0,0,434.47,0.0,1,11.77,30.39,SPY220520P00447000,447.0,0,0.0,0.0,,0.0,normalDay
2022-01-26,5313.0,-1860.0,0.0,0,433.38,0.0,1,11.77,30.37,SPY220520P00447000,447.0,0,0.0,0.0,,0.0,normalDay
2022-01-27,5313.0,-1832.0,0.0,0,431.24,0.0,1,11.77,30.09,SPY220520P00447000,447.0,0,0.0,0.0,,0.0,normalDay
2022-01-28,5313.0,-1182.0,0.0,0,441.95,0.0,1,11.77,23.59,SPY220520P00447000,447.0,0,0.0,0.0,,0.0,normalDay
2022-01-31,5313.0,-785.0,0.0,0,449.91,0.0,1,11.77,19.62,SPY220520P00447000,447.0,0,0.0,0.0,,0.0,normalDay
2022-02-01,5313.0,-502.0,0.0,0,452.95,0.0,1,11.77,16.79,SPY220520P00447000,447.0,0,0.0,0.0,,0.0,normalDay
2022-02-02,5313.0,-449.0,0.0,0,457.35,0.0,1,11.77,16.26,SPY220520P00447000,447.0,0,0.0,0.0,,0.0,normalDay
2022-02-03,5313.0,-755.0,0.0,0,446.6,0.0,1,11.77,19.32,SPY220520P00447000,447.0,0,0.0,0.0,,0.0,normalDay
2022-02-04,5313.0,-790.0,0.0,0,448.7,0.0,1,11.77,19.67,SPY220520P00447000,447.0,0,0.0,0.0,,0.0,normalDay
2022-02-07,5313.0,-741.0,0.0,0,447.26,0.0,1,11.77,19.18,SPY220520P00447000,447.0,0,0.0,0.0,,0.0,normalDay
2022-02-08,5313.0,-517.0,0.0,0,450.94,0.0,1,11.77,16.94,SPY220520P00447000,447.0,0,0.0,0.0,,0.0,normalDay
2022-02-09,5313.0,-257.0,0.0,0,457.54,0.0,1,11.77,14.34,SPY220520P00447000,447.0,0,0.0,0.0,,0.0,normalDay
2022-02-10,5313.0,-676.0,0.0,0,449.32,0.0,1,11.77,18.53,SPY220520P00447000,447.0,0,0.0,0.0,,0.0,normalDay
2022-02-11,5313.0,-1164.0,0.0,0,440.46,0.0,1,11.77,23.41,SPY220520P00447000,447.0,0,0.0,0.0,,0.0,normalDay
2022-02-14,5313.0,-1192.0,0.0,0,439.02,0.0,1,11.77,23.69,SPY220520P00447000,447.0,0,0.0,0.0,,0.0,normalDay
2022-02-15,5313.0,-849.0,0.0,0,446.1,0.0,1,11.77,20.26,SPY220520P00447000,447.0,0,0.0,0.0,,0.0,normalDay
2022-02-16,5313.0,-694.0,0.0,0,446.6,0.0,1,11.77,18.71,SPY220520P00447000,447.0,0,0.0,0.0,,0.0,normalDay
2022-02-17,5313.0,-1246.0,0.0,0,437.06,0.0,1,11.77,24.23,SPY220520P00447000,447.0,0,0.0,0.0,,0.0,normalDay
2022-02-18,5313.0,-1360.0,0.0,0,434.23,0.0,1,11.77,25.37,SPY220520P00447000,447.0,0,0.0,0.0,,0.0,normalDay
2022-02-22,5313.0,-1590.0,0.0,0,429.57,0.0,1,11.77,27.67,SPY220520P00447000,447.0,0,0.0,0.0,,0.0,normalDay
2022-02-23,5313.0,-2187.0,0.0,0,421.95,0.0,1,11.77,33.64,SPY220520P00447000,447.0,0,0.0,0.0,,0.0,normalDay
2022-02-24,5313.0,-1821.0,0.0,0,428.3,0.0,1,11.77,29.98,SPY220520P00447000,447.0,0,0.0,0.0,,0.0,normalDay
2022-02-25,5313.0,-1121.0,0.0,0,437.75,0.0,1,11.77,22.98,SPY220520P00447000,447.0,0,0.0,0.0,,0.0,normalDay
2022-02-28,5313.0,-1217.0,0.0,0,436.63,0.0,1,11.77,23.94,SPY220520P00447000,447.0,0,0.0,0.0,,0.0,normalDay
2022-03-01,5313.0,-1726.0,0.0,0,429.98,0.0,1,11.77,29.03,SPY220520P00447000,447.0,0,0.0,0.0,,0.0,normalDay
2022-03-02,5313.0,-1241.0,0.0,0,437.89,0.0,1,11.77,24.18,SPY220520P00447000,447.0,0,0.0,0.0,,0.0,normalDay
2022-03-03,5313.0,-1291.0,0.0,0,435.71,0.0,1,11.77,24.68,SPY220520P00447000,447.0,0,0.0,0.0,,0.0,normalDay
2022-03-04,5313.0,-1615.0,0.0,0,432.17,0.0,1,11.77,27.92,SPY220520P00447000,447.0,0,0.0,0.0,,0.0,normalDay
2022-03-07,5313.0,-2528.0,0.0,0,419.43,0.0,1,11.77,37.05,SPY220520P00447000,447.0,0,0.0,0.0,,0.0,normalDay
2022-03-08,5313.0,-2717.0,0.0,0,416.25,0.0,1,11.77,38.94,SPY220520P00447000,447.0,0,0.0,0.0,,0.0,normalDay
2022-03-09,5313.0,-1872.0,0.0,0,427.41,0.0,1,11.77,30.49,SPY220520P00447000,447.0,0,0.0,0.0,,0.0,normalDay
2022-03-10,5313.0,-1896.0,0.0,0,425.48,0.0,1,11.77,30.73,SPY220520P00447000,447.0,0,0.0,0.0,,0.0,normalDay
2022-03-11,5313.0,-2240.0,0.0,0,420.07,0.0,1,11.77,34.17,SPY220520P00447000,447.0,0,0.0,0.0,,0.0,normalDay
2022-03-14,5313.0,-2427.0,0.0,0,417.0,0.0,1,11.77,36.04,SPY220520P00447000,447.0,0,0.0,0.0,,0.0,normalDay
2022-03-15,5313.0,-1814.0,0.0,0,426.17,0.0,1,11.77,29.91,SPY220520P00447000,447.0,0,0.0,0.0,,0.0,normalDay
2022-03-16,5313.0,-1088.0,0.0,0,435.62,0.0,1,11.77,22.65,SPY220520P00447000,447.0,0,0.0,0.0,,0.0,normalDay
2022-03-17,5313.0,-754.0,0.0,0,441.07,0.0,1,11.77,19.31,SPY220520P00447000,447.0,0,0.0,0.0,,0.0,normalDay
2022-03-18,5313.0,-385.0,0.0,0,444.52,0.0,1,11.77,15.62,SPY220520P00447000,447.0,0,0.0,0.0,,0.0,normalDay
2022-03-21,5313.0,-344.0,0.0,0,444.39,0.0,1,11.77,15.21,SPY220520P00447000,447.0,0,0.0,0.0,,0.0,normalDay
2022-03-22,5313.0,-100.0,0.0,0,449.59,0.0,1,11.77,12.77,SPY220520P00447000,447.0,0,0.0,0.0,,0.0,normalDay
2022-03-23,5313.0,-347.0,0.0,0,443.8,0.0,1,11.77,15.24,SPY220520P00447000,447.0,0,0.0,0.0,,0.0,normalDay
2022-03-24,5313.0,-24.0,0.0,0,450.49,0.0,1,11.77,12.01,SPY220520P00447000,447.0,0,0.0,0.0,,0.0,normalDay
2022-03-25,5313.0,89.0,0.0,0,452.69,0.0,1,11.77,10.88,SPY220520P00447000,447.0,0,0.0,0.0,,0.0,normalDay
2022-03-28,5313.0,269.0,0.0,0,455.91,0.0,1,11.77,9.08,SPY220520P00447000,447.0,0,0.0,0.0,,0.0,normalDay
2022-03-29,5313.0,440.0,0.0,0,461.55,0.0,1,11.77,7.37,SPY220520P00447000,447.0,0,0.0,0.0,,0.0,normalDay
2022-03-30,5313.0,375.0,0.0,0,458.7,0.0,1,11.77,8.02,SPY220520P00447000,447.0,0,0.0,0.0,,0.0,normalDay
2022-03-31,5313.0,132.0,0.0,0,451.64,0.0,1,11.77,10.45,SPY220520P00447000,447.0,0,0.0,0.0,,0.0,normalDay
2022-04-01,5313.0,238.0,0.0,0,452.92,0.0,1,11.77,9.39,SPY220520P00447000,447.0,0,0.0,0.0,,0.0,normalDay
2022-04-04,5313.0,455.0,0.0,0,456.8,0.0,1,11.77,7.22,SPY220520P00447000,447.0,0,0.0,0.0,,0.0,normalDay
2022-04-05,5313.0,213.0,0.0,0,451.03,0.0,1,11.77,9.64,SPY220520P00447000,447.0,0,0.0,0.0,,0.0,normalDay
2022-04-06,5313.0,20.0,0.0,0,446.52,0.0,1,11.77,11.57,SPY220520P00447000,447.0,0,0.0,0.0,,0.0,normalDay
2022-04-07,5313.0,123.0,0.0,0,448.77,0.0,1,11.77,10.54,SPY220520P00447000,447.0,0,0.0,0.0,,0.0,normalDay
2022-04-08,5313.0,112.0,0.0,0,447.57,0.0,1,11.77,10.65,SPY220520P00447000,447.0,0,0.0,0.0,,0.0,normalDay
2022-04-11,5313.0,-328.0,0.0,0,439.92,0.0,1,11.77,15.05,SPY220520P00447000,447.0,0,0.0,0.0,,0.0,normalDay
2022-04-12,5313.0,-374.0,0.0,0,438.29,0.0,1,11.77,15.51,SPY220520P00447000,447.0,0,0.0,0.0,,0.0,normalDay
2022-04-13,5313.0,-17.0,0.0,0,443.31,0.0,1,11.77,11.94,SPY220520P00447000,447.0,0,0.0,0.0,,0.0,normalDay
2022-04-14,5313.0,-325.0,0.0,0,437.79,0.0,1,11.77,15.02,SPY220520P00447000,447.0,0,0.0,0.0,,0.0,normalDay
2022-04-18,5313.0,-174.0,0.0,0,437.97,0.0,1,11.77,13.51,SPY220520P00447000,447.0,0,0.0,0.0,,0.0,normalDay
2022-04-19,5313.0,62.0,0.0,0,445.04,0.0,1,11.77,11.15,SPY220520P00447000,447.0,0,0.0,0.0,,0.0,normalDay
2022-04-20,5313.0,231.0,0.0,0,444.71,0.0,1,11.77,9.46,SPY220520P00447000,447.0,0,0.0,0.0,,0.0,normalDay
2022-04-21,5313.0,-242.0,0.0,0,438.06,0.0,1,11.77,14.19,SPY220520P00447000,447.0,0,0.0,0.0,,0.0,normalDay
2022-04-22,5313.0,-1227.0,0.0,0,426.04,0.0,1,11.77,24.04,SPY220520P00447000,447.0,0,0.0,0.0,,0.0,normalDay
2022-04-25,5313.0,-900.0,0.0,0,428.51,0.0,1,11.77,20.77,SPY220520P00447000,447.0,0,0.0,0.0,,0.0,normalDay
2022-04-26,5313.0,-2131.0,0.0,0,416.1,0.0,1,11.77,33.08,SPY220520P00447000,447.0,0,0.0,0.0,,0.0,normalDay
2022-04-27,5313.0,-1802.0,0.0,0,417.27,0.0,1,11.77,29.79,SPY220520P00447000,447.0,0,0.0,0.0,,0.0,normalDay
2022-04-28,5313.0,-1133.0,0.0,0,427.81,0.0,1,11.77,23.1,SPY220520P00447000,447.0,0,0.0,0.0,,0.0,normalDay
2022-04-29,5313.0,-2306.0,0.0,0,412.0,0.0,1,11.77,34.83,SPY220520P00447000,447.0,0,0.0,0.0,,0.0,normalDay
2022-05-02,5313.0,-2113.0,0.0,0,414.48,0.0,1,11.77,32.9,SPY220520P00447000,447.0,0,0.0,0.0,,0.0,normalDay
2022-05-03,5313.0,-1867.0,0.0,0,416.38,0.0,1,11.77,30.44,SPY220520P00447000,447.0,0,0.0,0.0,,0.0,normalDay
2022-05-04,5313.0,-792.0,0.0,0,429.06,0.0,1,11.77,19.69,SPY220520P00447000,447.0,0,0.0,0.0,,0.0,normalDay
2022-05-05,5313.0,-2184.0,0.0,0,413.81,0.0,1,11.77,33.61,SPY220520P00447000,447.0,0,0.0,0.0,,0.0,normalDay
2022-05-06,5313.0,-2522.0,0.0,0,411.34,0.0,1,11.77,36.99,SPY220520P00447000,447.0,0,0.0,0.0,,0.0,normalDay
2022-05-09,5313.0,-3618.0,0.0,0,398.17,0.0,1,11.77,47.95,SPY220520P00447000,447.0,0,0.0,0.0,,0.0,normalDay
2022-05-10,5313.0,-3610.0,0.0,0,399.09,0.0,1,11.77,47.87,SPY220520P00447000,447.0,0,0.0,0.0,,0.0,normalDay
2022-05-11,5313.0,-4204.0,0.0,0,392.75,0.0,1,11.77,53.81,SPY220520P00447000,447.0,0,0.0,0.0,,0.0,normalDay
2022-05-12,5313.0,-4306.0,0.0,0,392.34,0.0,1,11.77,54.83,SPY220520P00447000,447.0,0,0.0,0.0,,0.0,normalDay
2022-05-13,5313.0,-3445.0,0.0,0,401.72,0.0,1,11.77,46.22,SPY220520P00447000,447.0,0,0.0,0.0,,0.0,normalDay
2022-05-16,5313.0,-3571.0,0.0,0,400.09,0.0,1,11.77,47.48,SPY220520P00447000,447.0,0,0.0,0.0,,0.0,normalDay
2022-05-17,5313.0,-2712.0,0.0,0,408.32,0.0,1,11.77,38.89,SPY220520P00447000,447.0,0,0.0,0.0,,0.0,normalDay
2022-05-18,5313.0,-4457.0,0.0,0,391.86,0.0,1,11.77,56.34,SPY220520P00447000,447.0,0,0.0,0.0,,0.0,normalDay
2022-05-19,5313.0,-4637.0,0.0,0,389.46,0.0,1,11.77,58.14,SPY220520P00447000,447.0,0,0.0,0.0,,0.0,normalDay
2022-05-20,6490.0,-5737.0,1177.0,100,389.63,447.0,1,11.77,0.0,SPY220520P00447000,447.0,0,0.0,0.0,,0.0,expirationDay
2022-05-23,6490.0,-5021.0,0.0,100,396.92,447.0,0,0.0,0.0,,0.0,1,12.16,12.29,SPY220930C00420000,420.0,normalDay
2022-05-24,6490.0,-5223.0,0.0,100,393.89,447.0,0,0.0,0.0,,0.0,1,12.16,11.28,SPY220930C00420000,420.0,normalDay
2022-05-25,6490.0,-4950.0,0.0,100,397.37,447.0,0,0.0,0.0,,0.0,1,12.16,12.03,SPY220930C00420000,420.0,normalDay
2022-05-26,6490.0,-4462.0,0.0,100,405.31,447.0,0,0.0,0.0,,0.0,1,12.16,15.09,SPY220930C00420000,420.0,normalDay
2022-05-27,6490.0,-3955.0,0.0,100,415.26,447.0,0,0.0,0.0,,0.0,1,12.16,19.97,SPY220930C00420000,420.0,normalDay
2022-05-31,6490.0,-3999.0,0.0,100,412.93,447.0,0,0.0,0.0,,0.0,1,12.16,18.08,SPY220930C00420000,420.0,normalDay
2022-06-01,6490.0,-4139.0,0.0,100,409.59,447.0,0,0.0,0.0,,0.0,1,12.16,16.14,SPY220930C00420000,420.0,normalDay
2022-06-02,6490.0,-3743.0,0.0,100,417.39,447.0,0,0.0,0.0,,0.0,1,12.16,19.98,SPY220930C00420000,420.0,normalDay
2022-06-03,6490.0,-4070.0,0.0,100,410.54,447.0,0,0.0,0.0,,0.0,1,12.16,16.4,SPY220930C00420000,420.0,normalDay
2022-06-06,6490.0,-3962.0,0.0,100,411.79,447.0,0,0.0,0.0,,0.0,1,12.16,16.57,SPY220930C00420000,420.0,normalDay
2022-06-07,6490.0,-3728.0,0.0,100,415.74,447.0,0,0.0,0.0,,0.0,1,12.16,18.18,SPY220930C00420000,420.0,normalDay
2022-06-08,6490.0,-3949.0,0.0,100,411.22,447.0,0,0.0,0.0,,0.0,1,12.16,15.87,SPY220930C00420000,420.0,normalDay
2022-06-09,6490.0,-4526.0,0.0,100,401.44,447.0,0,0.0,0.0,,0.0,1,12.16,11.86,SPY220930C00420000,420.0,normalDay
2022-06-10,6490.0,-5319.0,0.0,100,389.8,447.0,0,0.0,0.0,,0.0,1,12.16,8.15,SPY220930C00420000,420.0,normalDay
2022-06-13,6490.0,-6475.0,0.0,100,375.0,447.0,0,0.0,0.0,,0.0,1,12.16,4.91,SPY220930C00420000,420.0,normalDay
2022-06-14,6490.0,-6503.0,0.0,100,373.87,447.0,0,0.0,0.0,,0.0,1,12.16,4.06,SPY220930C00420000,420.0,normalDay
2022-06-15,6490.0,-6038.0,0.0,100,379.2,447.0,0,0.0,0.0,,0.0,1,12.16,4.74,SPY220930C00420000,420.0,normalDay
2022-06-16,6490.0,-7120.0,0.0,100,366.65,447.0,0,0.0,0.0,,0.0,1,12.16,3.01,SPY220930C00420000,420.0,normalDay
2022-06-17,6490.0,-7183.0,0.0,100,365.86,447.0,0,0.0,0.0,,0.0,1,12.16,2.85,SPY220930C00420000,420.0,normalDay
2022-06-21,6490.0,-6367.0,0.0,100,375.07,447.0,0,0.0,0.0,,0.0,1,12.16,3.9,SPY220930C00420000,420.0,normalDay
2022-06-22,6490.0,-6405.0,0.0,100,374.39,447.0,0,0.0,0.0,,0.0,1,12.16,3.6,SPY220930C00420000,420.0,normalDay
2022-06-23,6490.0,-6067.0,0.0,100,378.06,447.0,0,0.0,0.0,,0.0,1,12.16,3.89,SPY220930C00420000,420.0,normalDay
2022-06-24,6490.0,-5122.0,0.0,100,390.08,447.0,0,0.0,0.0,,0.0,1,12.16,6.46,SPY220930C00420000,420.0,normalDay
2022-06-27,6490.0,-5224.0,0.0,100,388.59,447.0,0,0.0,0.0,,0.0,1,12.16,5.99,SPY220930C00420000,420.0,normalDay
2022-06-28,6490.0,-5808.0,0.0,100,380.65,447.0,0,0.0,0.0,,0.0,1,12.16,3.89,SPY220930C00420000,420.0,normalDay
2022-06-29,6490.0,-5837.0,0.0,100,380.34,447.0,0,0.0,0.0,,0.0,1,12.16,3.87,SPY220930C00420000,420.0,normalDay
2022-06-30,6490.0,-6072.0,0.0,100,377.25,447.0,0,0.0,0.0,,0.0,1,12.16,3.13,SPY220930C00420000,420.0,normalDay
2022-07-01,6490.0,-5718.0,0.0,100,381.24,447.0,0,0.0,0.0,,0.0,1,12.16,3.58,SPY220930C00420000,420.0,normalDay
2022-07-05,6490.0,-5629.0,0.0,100,381.96,447.0,0,0.0,0.0,,0.0,1,12.16,3.41,SPY220930C00420000,420.0,normalDay
2022-07-06,6490.0,-5533.0,0.0,100,383.25,447.0,0,0.0,0.0,,0.0,1,12.16,3.74,SPY220930C00420000,420.0,normalDay
2022-07-07,6490.0,-5057.0,0.0,100,388.99,447.0,0,0.0,0.0,,0.0,1,12.16,4.72,SPY220930C00420000,420.0,normalDay
2022-07-08,6490.0,-5066.0,0.0,100,388.67,447.0,0,0.0,0.0,,0.0,1,12.16,4.49,SPY220930C00420000,420.0,normalDay
2022-07-11,6490.0,-5411.0,0.0,100,384.23,447.0,0,0.0,0.0,,0.0,1,12.16,3.5,SPY220930C00420000,420.0,normalDay
2022-07-12,6490.0,-5667.0,0.0,100,380.83,447.0,0,0.0,0.0,,0.0,1,12.16,2.66,SPY220930C00420000,420.0,normalDay
2022-07-13,6490.0,-5833.0,0.0,100,378.83,447.0,0,0.0,0.0,,0.0,1,12.16,2.32,SPY220930C00420000,420.0,normalDay
2022-07-14,6490.0,-5913.0,0.0,100,377.91,447.0,0,0.0,0.0,,0.0,1,12.16,2.2,SPY220930C00420000,420.0,normalDay
2022-07-15,6490.0,-5261.0,0.0,100,385.13,447.0,0,0.0,0.0,,0.0,1,12.16,2.9,SPY220930C00420000,420.0,normalDay
2022-07-18,6490.0,-5531.0,0.0,100,381.95,447.0,0,0.0,0.0,,0.0,1,12.16,2.42,SPY220930C00420000,420.0,normalDay
2022-07-19,6490.0,-4725.0,0.0,100,392.27,447.0,0,0.0,0.0,,0.0,1,12.16,4.68,SPY220930C00420000,420.0,normalDay
2022-07-20,6490.0,-4528.0,0.0,100,394.77,447.0,0,0.0,0.0,,0.0,1,12.16,5.21,SPY220930C00420000,420.0,normalDay
2022-07-21,6490.0,-4196.0,0.0,100,398.79,447.0,0,0.0,0.0,,0.0,1,12.16,5.91,SPY220930C00420000,420.0,normalDay
2022-07-22,6490.0,-4438.0,0.0,100,395.09,447.0,0,0.0,0.0,,0.0,1,12.16,4.63,SPY220930C00420000,420.0,normalDay
2022-07-25,6490.0,-4392.0,0.0,100,395.57,447.0,0,0.0,0.0,,0.0,1,12.16,4.65,SPY220930C00420000,420.0,normalDay
2022-07-26,6490.0,-4765.0,0.0,100,390.89,447.0,0,0.0,0.0,,0.0,1,12.16,3.7,SPY220930C00420000,420.0,normalDay
2022-07-27,6490.0,-3944.0,0.0,100,401.04,447.0,0,0.0,0.0,,0.0,1,12.16,5.64,SPY220930C00420000,420.0,normalDay
2022-07-28,6490.0,-3648.0,0.0,100,406.07,447.0,0,0.0,0.0,,0.0,1,12.16,7.71,SPY220930C00420000,420.0,normalDay
2022-07-29,6490.0,-3243.0,0.0,100,411.99,447.0,0,0.0,0.0,,0.0,1,12.16,9.58,SPY220930C00420000,420.0,normalDay
2022-08-01,6490.0,-3339.0,0.0,100,410.77,447.0,0,0.0,0.0,,0.0,1,12.16,9.32,SPY220930C00420000,420.0,normalDay
2022-08-02,6490.0,-3506.0,0.0,100,408.06,447.0,0,0.0,0.0,,0.0,1,12.16,8.28,SPY220930C00420000,420.0,normalDay
2022-08-03,6490.0,-3081.0,0.0,100,414.45,447.0,0,0.0,0.0,,0.0,1,12.16,10.42,SPY220930C00420000,420.0,normalDay
2022-08-04,6490.0,-3100.0,0.0,100,414.17,447.0,0,0.0,0.0,,0.0,1,12.16,10.33,SPY220930C00420000,420.0,normalDay
2022-08-05,6490.0,-3072.0,0.0,100,413.47,447.0,0,0.0,0.0,,0.0,1,12.16,9.35,SPY220930C00420000,420.0,normalDay
2022-08-08,6490.0,-3102.0,0.0,100,412.99,447.0,0,0.0,0.0,,0.0,1,12.16,9.17,SPY220930C00420000,420.0,normalDay
2022-08-09,6490.0,-3193.0,0.0,100,411.35,447.0,0,0.0,0.0,,0.0,1,12.16,8.44,SPY220930C00420000,420.0,normalDay
2022-08-10,6490.0,-2657.0,0.0,100,419.99,447.0,0,0.0,0.0,,0.0,1,12.16,11.72,SPY220930C00420000,420.0,normalDay
2022-08-11,6490.0,-2698.0,0.0,100,419.99,447.0,0,0.0,0.0,,0.0,1,12.16,12.13,SPY220930C00420000,420.0,normalDay
2022-08-12,6490.0,-2366.0,0.0,100,427.1,447.0,0,0.0,0.0,,0.0,1,12.16,15.92,SPY220930C00420000,420.0,normalDay
2022-08-15,6490.0,-2298.0,0.0,100,428.86,447.0,0,0.0,0.0,,0.0,1,12.16,17.0,SPY220930C00420000,420.0,normalDay
2022-08-16,6490.0,-2244.0,0.0,100,429.7,447.0,0,0.0,0.0,,0.0,1,12.16,17.3,SPY220930C00420000,420.0,normalDay
2022-08-17,6490.0,-2391.0,0.0,100,426.65,447.0,0,0.0,0.0,,0.0,1,12.16,15.72,SPY220930C00420000,420.0,normalDay
2022-08-18,6490.0,-2263.0,0.0,100,427.89,447.0,0,0.0,0.0,,0.0,1,12.16,15.68,SPY220930C00420000,420.0,normalDay
2022-08-19,6490.0,-2492.0,0.0,100,422.14,447.0,0,0.0,0.0,,0.0,1,12.16,12.22,SPY220930C00420000,420.0,normalDay
2022-08-22,6490.0,-2958.0,0.0,100,413.35,447.0,0,0.0,0.0,,0.0,1,12.16,8.09,SPY220930C00420000,420.0,normalDay
2022-08-23,6490.0,-2971.0,0.0,100,412.35,447.0,0,0.0,0.0,,0.0,1,12.16,7.22,SPY220930C00420000,420.0,normalDay
2022-08-24,6490.0,-2853.0,0.0,100,413.67,447.0,0,0.0,0.0,,0.0,1,12.16,7.36,SPY220930C00420000,420.0,normalDay
2022-08-25,6490.0,-2487.0,0.0,100,419.51,447.0,0,0.0,0.0,,0.0,1,12.16,9.54,SPY220930C00420000,420.0,normalDay
2022-08-26,6490.0,-3387.0,0.0,100,405.31,447.0,0,0.0,0.0,,0.0,1,12.16,4.34,SPY220930C00420000,420.0,normalDay
2022-08-29,6490.0,-3565.0,0.0,100,402.63,447.0,0,0.0,0.0,,0.0,1,12.16,3.44,SPY220930C00420000,420.0,normalDay
2022-08-30,6490.0,-3890.0,0.0,100,398.21,447.0,0,0.0,0.0,,0.0,1,12.16,2.27,SPY220930C00420000,420.0,normalDay
2022-08-31,6490.0,-4121.0,0.0,100,395.18,447.0,0,0.0,0.0,,0.0,1,12.16,1.55,SPY220930C00420000,420.0,normalDay
2022-09-01,6490.0,-3994.0,0.0,100,396.42,447.0,0,0.0,0.0,,0.0,1,12.16,1.52,SPY220930C00420000,420.0,normalDay
2022-09-02,6490.0,-4361.0,0.0,100,392.24,447.0,0,0.0,0.0,,0.0,1,12.16,1.01,SPY220930C00420000,420.0,normalDay
2022-09-06,6490.0,-4486.0,0.0,100,390.76,447.0,0,0.0,0.0,,0.0,1,12.16,0.78,SPY220930C00420000,420.0,normalDay
2022-09-07,6490.0,-3833.0,0.0,100,397.78,447.0,0,0.0,0.0,,0.0,1,12.16,1.27,SPY220930C00420000,420.0,normalDay
2022-09-08,6490.0,-3600.0,0.0,100,400.38,447.0,0,0.0,0.0,,0.0,1,12.16,1.54,SPY220930C00420000,420.0,normalDay
2022-09-09,6490.0,-3057.0,0.0,100,406.6,447.0,0,0.0,0.0,,0.0,1,12.16,2.33,SPY220930C00420000,420.0,normalDay
2022-09-12,6490.0,-2767.0,0.0,100,410.97,447.0,0,0.0,0.0,,0.0,1,12.16,3.8,SPY220930C00420000,420.0,normalDay
2022-09-13,6490.0,-4242.0,0.0,100,393.1,447.0,0,0.0,0.0,,0.0,1,12.16,0.68,SPY220930C00420000,420.0,normalDay
2022-09-14,6490.0,-4080.0,0.0,100,394.6,447.0,0,0.0,0.0,,0.0,1,12.16,0.56,SPY220930C00420000,420.0,normalDay
2022-09-15,6490.0,-4503.0,0.0,100,390.12,447.0,0,0.0,0.0,,0.0,1,12.16,0.31,SPY220930C00420000,420.0,normalDay
2022-09-16,6490.0,-4945.0,0.0,100,385.56,447.0,0,0.0,0.0,,0.0,1,12.16,0.17,SPY220930C00420000,420.0,normalDay
2022-09-19,6490.0,-4645.0,0.0,100,388.55,447.0,0,0.0,0.0,,0.0,1,12.16,0.16,SPY220930C00420000,420.0,normalDay
2022-09-20,6490.0,-5085.0,0.0,100,384.09,447.0,0,0.0,0.0,,0.0,1,12.16,0.1,SPY220930C00420000,420.0,normalDay
2022-09-21,6490.0,-5749.0,0.0,100,377.39,447.0,0,0.0,0.0,,0.0,1,12.16,0.04,SPY220930C00420000,420.0,normalDay
2022-09-22,6490.0,-6064.0,0.0,100,374.22,447.0,0,0.0,0.0,,0.0,1,12.16,0.02,SPY220930C00420000,420.0,normalDay
2022-09-23,6490.0,-6691.0,0.0,100,367.95,447.0,0,0.0,0.0,,0.0,1,12.16,0.02,SPY220930C00420000,420.0,normalDay
2022-09-26,6490.0,-7054.0,0.0,100,364.31,447.0,0,0.0,0.0,,0.0,1,12.16,0.01,SPY220930C00420000,420.0,normalDay
2022-09-27,6490.0,-7147.0,0.0,100,363.38,447.0,0,0.0,0.0,,0.0,1,12.16,0.01,SPY220930C00420000,420.0,normalDay
2022-09-28,6490.0,-6432.0,0.0,100,370.53,447.0,0,0.0,0.0,,0.0,1,12.16,0.01,SPY220930C00420000,420.0,normalDay
2022-09-29,6490.0,-7206.0,0.0,100,362.79,447.0,0,0.0,0.0,,0.0,1,12.16,0.01,SPY220930C00420000,420.0,normalDay
2022-09-30,7706.0,-8982.0,1216.0,100,357.18,447.0,0,0.0,0.0,,0.0,1,12.16,0.0,SPY220930C00420000,420.0,expirationDay
2022-10-03,7706.0,-8046.0,0.0,100,366.61,447.0,0,0.0,0.0,,0.0,1,7.18,7.25,SPY230120C00400000,400.0,normalDay
2022-10-04,7706.0,-7281.0,0.0,100,377.97,447.0,0,0.0,0.0,,0.0,1,7.18,10.96,SPY230120C00400000,400.0,normalDay
2022-10-05,7706.0,-7340.0,0.0,100,377.09,447.0,0,0.0,0.0,,0.0,1,7.18,10.67,SPY230120C00400000,400.0,normalDay
2022-10-06,7706.0,-7601.0,0.0,100,373.2,447.0,0,0.0,0.0,,0.0,1,7.18,9.39,SPY230120C00400000,400.0,normalDay
2022-10-07,7706.0,-8303.0,0.0,100,362.79,447.0,0,0.0,0.0,,0.0,1,7.18,6.0,SPY230120C00400000,400.0,normalDay
2022-10-10,7706.0,-8553.0,0.0,100,360.02,447.0,0,0.0,0.0,,0.0,1,7.18,5.73,SPY230120C00400000,400.0,normalDay
2022-10-11,7706.0,-8742.0,0.0,100,357.74,447.0,0,0.0,0.0,,0.0,1,7.18,5.34,SPY230120C00400000,400.0,normalDay
2022-10-12,7706.0,-8833.0,0.0,100,356.56,447.0,0,0.0,0.0,,0.0,1,7.18,5.07,SPY230120C00400000,400.0,normalDay
2022-10-13,7706.0,-8123.0,0.0,100,365.97,447.0,0,0.0,0.0,,0.0,1,7.18,7.38,SPY230120C00400000,400.0,normalDay
2022-10-14,7706.0,-8731.0,0.0,100,357.63,447.0,0,0.0,0.0,,0.0,1,7.18,5.12,SPY230120C00400000,400.0,normalDay
2022-10-17,7706.0,-8046.0,0.0,100,366.82,447.0,0,0.0,0.0,,0.0,1,7.18,7.46,SPY230120C00400000,400.0,normalDay
2022-10-18,7706.0,-7742.0,0.0,100,371.13,447.0,0,0.0,0.0,,0.0,1,7.18,8.73,SPY230120C00400000,400.0,normalDay
2022-10-19,7706.0,-7877.0,0.0,100,368.5,447.0,0,0.0,0.0,,0.0,1,7.18,7.45,SPY230120C00400000,400.0,normalDay
2022-10-20,7706.0,-8082.0,0.0,100,365.41,447.0,0,0.0,0.0,,0.0,1,7.18,6.41,SPY230120C00400000,400.0,normalDay
2022-10-21,7706.0,-7481.0,0.0,100,374.29,447.0,0,0.0,0.0,,0.0,1,7.18,9.28,SPY230120C00400000,400.0,normalDay
2022-10-24,7706.0,-7179.0,0.0,100,378.87,447.0,0,0.0,0.0,,0.0,1,7.18,10.84,SPY230120C00400000,400.0,normalDay
2022-10-25,7706.0,-6702.0,0.0,100,384.92,447.0,0,0.0,0.0,,0.0,1,7.18,12.12,SPY230120C00400000,400.0,normalDay
2022-10-26,7706.0,-6910.0,0.0,100,382.02,447.0,0,0.0,0.0,,0.0,1,7.18,11.3,SPY230120C00400000,400.0,normalDay
2022-10-27,7706.0,-6832.0,0.0,100,379.98,447.0,0,0.0,0.0,,0.0,1,7.18,8.48,SPY230120C00400000,400.0,normalDay
2022-10-28,7706.0,-6422.0,0.0,100,389.02,447.0,0,0.0,0.0,,0.0,1,7.18,13.42,SPY230120C00400000,400.0,normalDay
2022-10-31,7706.0,-6527.0,0.0,100,386.21,447.0,0,0.0,0.0,,0.0,1,7.18,11.66,SPY230120C00400000,400.0,normalDay
2022-11-01,7706.0,-6593.0,0.0,100,384.52,447.0,0,0.0,0.0,,0.0,1,7.18,10.63,SPY230120C00400000,400.0,normalDay
2022-11-02,7706.0,-7199.0,0.0,100,374.87,447.0,0,0.0,0.0,,0.0,1,7.18,7.04,SPY230120C00400000,400.0,normalDay
2022-11-03,7706.0,-7453.0,0.0,100,371.01,447.0,0,0.0,0.0,,0.0,1,7.18,5.72,SPY230120C00400000,400.0,normalDay
2022-11-04,7706.0,-7054.0,0.0,100,376.35,447.0,0,0.0,0.0,,0.0,1,7.18,7.07,SPY230120C00400000,400.0,normalDay
2022-11-07,7706.0,-6782.0,0.0,100,379.95,447.0,0,0.0,0.0,,0.0,1,7.18,7.95,SPY230120C00400000,400.0,normalDay
2022-11-08,7706.0,-6650.0,0.0,100,382.0,447.0,0,0.0,0.0,,0.0,1,7.18,8.68,SPY230120C00400000,400.0,normalDay
2022-11-09,7706.0,-7196.0,0.0,100,374.13,447.0,0,0.0,0.0,,0.0,1,7.18,6.27,SPY230120C00400000,400.0,normalDay
2022-11-10,7706.0,-5930.0,0.0,100,394.69,447.0,0,0.0,0.0,,0.0,1,7.18,14.17,SPY230120C00400000,400.0,normalDay
2022-11-11,7706.0,-5651.0,0.0,100,398.51,447.0,0,0.0,0.0,,0.0,1,7.18,15.2,SPY230120C00400000,400.0,normalDay
2022-11-14,7706.0,-5825.0,0.0,100,395.12,447.0,0,0.0,0.0,,0.0,1,7.18,13.55,SPY230120C00400000,400.0,normalDay
2022-11-15,7706.0,-5642.0,0.0,100,398.49,447.0,0,0.0,0.0,,0.0,1,7.18,15.09,SPY230120C00400000,400.0,normalDay
2022-11-16,7706.0,-5756.0,0.0,100,395.45,447.0,0,0.0,0.0,,0.0,1,7.18,13.19,SPY230120C00400000,400.0,normalDay
2022-11-17,7706.0,-5783.0,0.0,100,394.24,447.0,0,0.0,0.0,,0.0,1,7.18,12.25,SPY230120C00400000,400.0,normalDay
2022-11-18,7706.0,-5632.0,0.0,100,396.03,447.0,0,0.0,0.0,,0.0,1,7.18,12.53,SPY230120C00400000,400.0,normalDay
2022-11-21,7706.0,-5653.0,0.0,100,394.59,447.0,0,0.0,0.0,,0.0,1,7.18,11.3,SPY230120C00400000,400.0,normalDay
2022-11-22,7706.0,-5336.0,0.0,100,399.9,447.0,0,0.0,0.0,,0.0,1,7.18,13.44,SPY230120C00400000,400.0,normalDay
2022-11-23,7706.0,-5190.0,0.0,100,402.42,447.0,0,0.0,0.0,,0.0,1,7.18,14.5,SPY230120C00400000,400.0,normalDay
2022-11-25,7706.0,-5164.0,0.0,100,402.33,447.0,0,0.0,0.0,,0.0,1,7.18,14.15,SPY230120C00400000,400.0,normalDay
2022-11-28,7706.0,-5485.0,0.0,100,395.91,447.0,0,0.0,0.0,,0.0,1,7.18,10.94,SPY230120C00400000,400.0,normalDay
2022-11-29,7706.0,-5484.0,0.0,100,395.23,447.0,0,0.0,0.0,,0.0,1,7.18,10.25,SPY230120C00400000,400.0,normalDay
2022-11-30,7706.0,-4946.0,0.0,100,407.68,447.0,0,0.0,0.0,,0.0,1,7.18,17.32,SPY230120C00400000,400.0,normalDay
2022-12-01,7706.0,-4879.0,0.0,100,407.38,447.0,0,0.0,0.0,,0.0,1,7.18,16.35,SPY230120C00400000,400.0,normalDay
2022-12-02,7706.0,-4838.0,0.0,100,406.91,447.0,0,0.0,0.0,,0.0,1,7.18,15.47,SPY230120C00400000,400.0,normalDay
2022-12-05,7706.0,-5158.0,0.0,100,399.59,447.0,0,0.0,0.0,,0.0,1,7.18,11.35,SPY230120C00400000,400.0,normalDay
2022-12-06,7706.0,-5479.0,0.0,100,393.83,447.0,0,0.0,0.0,,0.0,1,7.18,8.8,SPY230120C00400000,400.0,normalDay
2022-12-07,7706.0,-5517.0,0.0,100,393.16,447.0,0,0.0,0.0,,0.0,1,7.18,8.51,SPY230120C00400000,400.0,normalDay
2022-12-08,7706.0,-5316.0,0.0,100,396.24,447.0,0,0.0,0.0,,0.0,1,7.18,9.58,SPY230120C00400000,400.0,normalDay
2022-12-09,7706.0,-5475.0,0.0,100,393.28,447.0,0,0.0,0.0,,0.0,1,7.18,8.21,SPY230120C00400000,400.0,normalDay
2022-12-12,7706.0,-5189.0,0.0,100,398.95,447.0,0,0.0,0.0,,0.0,1,7.18,11.02,SPY230120C00400000,400.0,normalDay
2022-12-13,7706.0,-4975.0,0.0,100,401.97,447.0,0,0.0,0.0,,0.0,1,7.18,11.9,SPY230120C00400000,400.0,normalDay
2022-12-14,7706.0,-5031.0,0.0,100,399.4,447.0,0,0.0,0.0,,0.0,1,7.18,9.89,SPY230120C00400000,400.0,normalDay
2022-12-15,7706.0,-5532.0,0.0,100,389.63,447.0,0,0.0,0.0,,0.0,1,7.18,5.13,SPY230120C00400000,400.0,normalDay
2022-12-16,7706.0,-5992.0,0.0,100,383.27,447.0,0,0.0,0.0,,0.0,1,7.18,3.37,SPY230120C00400000,400.0,normalDay
2022-12-19,7706.0,-6210.0,0.0,100,380.02,447.0,0,0.0,0.0,,0.0,1,7.18,2.3,SPY230120C00400000,400.0,normalDay
2022-12-20,7706.0,-6150.0,0.0,100,380.54,447.0,0,0.0,0.0,,0.0,1,7.18,2.22,SPY230120C00400000,400.0,normalDay
2022-12-21,7706.0,-5686.0,0.0,100,386.23,447.0,0,0.0,0.0,,0.0,1,7.18,3.27,SPY230120C00400000,400.0,normalDay
2022-12-22,7706.0,-6124.0,0.0,100,380.72,447.0,0,0.0,0.0,,0.0,1,7.18,2.14,SPY230120C00400000,400.0,normalDay
2022-12-23,7706.0,-5913.0,0.0,100,382.91,447.0,0,0.0,0.0,,0.0,1,7.18,2.22,SPY230120C00400000,400.0,normalDay
2022-12-27,7706.0,-6027.0,0.0,100,381.4,447.0,0,0.0,0.0,,0.0,1,7.18,1.85,SPY230120C00400000,400.0,normalDay
2022-12-28,7706.0,-6427.0,0.0,100,376.66,447.0,0,0.0,0.0,,0.0,1,7.18,1.11,SPY230120C00400000,400.0,normalDay
2022-12-29,7706.0,-5828.0,0.0,100,383.44,447.0,0,0.0,0.0,,0.0,1,7.18,1.9,SPY230120C00400000,400.0,normalDay
2022-12-30,7706.0,-5900.0,0.0,100,382.43,447.0,0,0.0,0.0,,0.0,1,7.18,1.61,SPY230120C00400000,400.0,normalDay
2023-01-03,7706.0,-6004.0,0.0,100,380.82,447.0,0,0.0,0.0,,0.0,1,7.18,1.04,SPY230120C00400000,400.0,normalDay
2023-01-04,7706.0,-5740.0,0.0,100,383.76,447.0,0,0.0,0.0,,0.0,1,7.18,1.34,SPY230120C00400000,400.0,normalDay
2023-01-05,7706.0,-6116.0,0.0,100,379.38,447.0,0,0.0,0.0,,0.0,1,7.18,0.72,SPY230120C00400000,400.0,normalDay
2023-01-06,7706.0,-5341.0,0.0,100,388.08,447.0,0,0.0,0.0,,0.0,1,7.18,1.67,SPY230120C00400000,400.0,normalDay
2023-01-09,7706.0,-5352.0,0.0,100,387.86,447.0,0,0.0,0.0,,0.0,1,7.18,1.56,SPY230120C00400000,400.0,normalDay
2023-01-10,7706.0,-5114.0,0.0,100,390.58,447.0,0,0.0,0.0,,0.0,1,7.18,1.9,SPY230120C00400000,400.0,normalDay
2023-01-11,7706.0,-4791.0,0.0,100,395.52,447.0,0,0.0,0.0,,0.0,1,7.18,3.61,SPY230120C00400000,400.0,normalDay
2023-01-12,7706.0,-4531.0,0.0,100,396.96,447.0,0,0.0,0.0,,0.0,1,7.18,2.45,SPY230120C00400000,400.0,normalDay
2023-01-13,7706.0,-4350.0,0.0,100,398.5,447.0,0,0.0,0.0,,0.0,1,7.18,2.18,SPY230120C00400000,400.0,normalDay
2023-01-17,7706.0,-4362.0,0.0,100,397.77,447.0,0,0.0,0.0,,0.0,1,7.18,1.57,SPY230120C00400000,400.0,normalDay
2023-01-18,7706.0,-4848.0,0.0,100,391.49,447.0,0,0.0,0.0,,0.0,1,7.18,0.15,SPY230120C00400000,400.0,normalDay
2023-01-19,7706.0,-5122.0,0.0,100,388.64,447.0,0,0.0,0.0,,0.0,1,7.18,0.04,SPY230120C00400000,400.0,normalDay
2023-01-20,8424.0,-5112.0,718.0,100,395.88,447.0,0,0.0,0.0,,0.0,1,7.18,0.0,SPY230120C00400000,400.0,expirationDay
2023-01-23,8424.0,-4698.0,0.0,100,400.63,447.0,0,0.0,0.0,,0.0,1,21.8,22.41,SPY230519C00396000,396.0,normalDay
2023-01-24,8424.0,-4753.0,0.0,100,400.2,447.0,0,0.0,0.0,,0.0,1,21.8,22.53,SPY230519C00396000,396.0,normalDay
2023-01-25,8424.0,-4675.0,0.0,100,400.35,447.0,0,0.0,0.0,,0.0,1,21.8,21.9,SPY230519C00396000,396.0,normalDay
2023-01-26,8424.0,-4490.0,0.0,100,404.75,447.0,0,0.0,0.0,,0.0,1,21.8,24.45,SPY230519C00396000,396.0,normalDay
2023-01-27,8424.0,-4429.0,0.0,100,405.68,447.0,0,0.0,0.0,,0.0,1,21.8,24.77,SPY230519C00396000,396.0,normalDay
2023-01-30,8424.0,-4650.0,0.0,100,400.59,447.0,0,0.0,0.0,,0.0,1,21.8,21.89,SPY230519C00396000,396.0,normalDay
2023-01-31,8424.0,-4391.0,0.0,100,406.48,447.0,0,0.0,0.0,,0.0,1,21.8,25.19,SPY230519C00396000,396.0,normalDay
2023-02-01,8424.0,-4324.0,0.0,100,410.8,447.0,0,0.0,0.0,,0.0,1,21.8,28.84,SPY230519C00396000,396.0,normalDay
2023-02-02,8424.0,-4047.0,0.0,100,416.78,447.0,0,0.0,0.0,,0.0,1,21.8,32.05,SPY230519C00396000,396.0,normalDay
2023-02-03,8424.0,-4217.0,0.0,100,412.35,447.0,0,0.0,0.0,,0.0,1,21.8,29.32,SPY230519C00396000,396.0,normalDay
2023-02-06,8424.0,-4301.0,0.0,100,409.83,447.0,0,0.0,0.0,,0.0,1,21.8,27.64,SPY230519C00396000,396.0,normalDay
2023-02-07,8424.0,-4073.0,0.0,100,415.19,447.0,0,0.0,0.0,,0.0,1,21.8,30.72,SPY230519C00396000,396.0,normalDay
2023-02-08,8424.0,-4280.0,0.0,100,410.65,447.0,0,0.0,0.0,,0.0,1,21.8,28.25,SPY230519C00396000,396.0,normalDay
2023-02-09,8424.0,-4405.0,0.0,100,407.09,447.0,0,0.0,0.0,,0.0,1,21.8,25.94,SPY230519C00396000,396.0,normalDay
2023-02-10,8424.0,-4343.0,0.0,100,408.04,447.0,0,0.0,0.0,,0.0,1,21.8,26.27,SPY230519C00396000,396.0,normalDay
2023-02-13,8424.0,-4179.0,0.0,100,412.83,447.0,0,0.0,0.0,,0.0,1,21.8,29.42,SPY230519C00396000,396.0,normalDay
2023-02-14,8424.0,-4082.0,0.0,100,412.64,447.0,0,0.0,0.0,,0.0,1,21.8,28.26,SPY230519C00396000,396.0,normalDay
2023-02-15,8424.0,-4070.0,0.0,100,413.98,447.0,0,0.0,0.0,,0.0,1,21.8,29.48,SPY230519C00396000,396.0,normalDay
2023-02-16,8424.0,-4225.0,0.0,100,408.28,447.0,0,0.0,0.0,,0.0,1,21.8,25.33,SPY230519C00396000,396.0,normalDay
2023-02-17,8424.0,-4235.0,0.0,100,407.26,447.0,0,0.0,0.0,,0.0,1,21.8,24.41,SPY230519C00396000,396.0,normalDay
2023-02-21,8424.0,-4569.0,0.0,100,399.09,447.0,0,0.0,0.0,,0.0,1,21.8,19.58,SPY230519C00396000,396.0,normalDay
2023-02-22,8424.0,-4529.0,0.0,100,398.54,447.0,0,0.0,0.0,,0.0,1,21.8,18.63,SPY230519C00396000,396.0,normalDay
2023-02-23,8424.0,-4368.0,0.0,100,400.66,447.0,0,0.0,0.0,,0.0,1,21.8,19.14,SPY230519C00396000,396.0,normalDay
2023-02-24,8424.0,-4538.0,0.0,100,396.38,447.0,0,0.0,0.0,,0.0,1,21.8,16.56,SPY230519C00396000,396.0,normalDay
2023-02-27,8424.0,-4462.0,0.0,100,397.73,447.0,0,0.0,0.0,,0.0,1,21.8,17.15,SPY230519C00396000,396.0,normalDay
2023-02-28,8424.0,-4441.0,0.0,100,396.26,447.0,0,0.0,0.0,,0.0,1,21.8,15.47,SPY230519C00396000,396.0,normalDay
2023-03-01,8424.0,-4518.0,0.0,100,394.74,447.0,0,0.0,0.0,,0.0,1,21.8,14.72,SPY230519C00396000,396.0,normalDay
2023-03-02,8424.0,-4343.0,0.0,100,397.81,447.0,0,0.0,0.0,,0.0,1,21.8,16.04,SPY230519C00396000,396.0,normalDay
2023-03-03,8424.0,-4124.0,0.0,100,404.19,447.0,0,0.0,0.0,,0.0,1,21.8,20.23,SPY230519C00396000,396.0,normalDay
2023-03-06,8424.0,-4060.0,0.0,100,404.47,447.0,0,0.0,0.0,,0.0,1,21.8,19.87,SPY230519C00396000,396.0,normalDay
2023-03-07,8424.0,-4286.0,0.0,100,398.27,447.0,0,0.0,0.0,,0.0,1,21.8,15.93,SPY230519C00396000,396.0,normalDay
2023-03-08,8424.0,-4216.0,0.0,100,398.92,447.0,0,0.0,0.0,,0.0,1,21.8,15.88,SPY230519C00396000,396.0,normalDay
2023-03-09,8424.0,-4599.0,0.0,100,391.56,447.0,0,0.0,0.0,,0.0,1,21.8,12.35,SPY230519C00396000,396.0,normalDay
2023-03-10,8424.0,-4928.0,0.0,100,385.91,447.0,0,0.0,0.0,,0.0,1,21.8,9.99,SPY230519C00396000,396.0,normalDay
2023-03-13,8424.0,-5011.0,0.0,100,385.36,447.0,0,0.0,0.0,,0.0,1,21.8,10.27,SPY230519C00396000,396.0,normalDay
2023-03-14,8424.0,-4556.0,0.0,100,391.73,447.0,0,0.0,0.0,,0.0,1,21.8,12.09,SPY230519C00396000,396.0,normalDay
2023-03-15,8424.0,-4736.0,0.0,100,389.28,447.0,0,0.0,0.0,,0.0,1,21.8,11.44,SPY230519C00396000,396.0,normalDay
2023-03-16,8424.0,-4327.0,0.0,100,396.11,447.0,0,0.0,0.0,,0.0,1,21.8,14.18,SPY230519C00396000,396.0,normalDay
2023-03-17,8424.0,-4813.0,0.0,100,389.99,447.0,0,0.0,0.0,,0.0,1,21.8,12.92,SPY230519C00396000,396.0,normalDay
2023-03-20,8424.0,-4536.0,0.0,100,393.74,447.0,0,0.0,0.0,,0.0,1,21.8,13.9,SPY230519C00396000,396.0,normalDay
2023-03-21,8424.0,-4247.0,0.0,100,398.91,447.0,0,0.0,0.0,,0.0,1,21.8,16.18,SPY230519C00396000,396.0,normalDay
2023-03-22,8424.0,-4528.0,0.0,100,392.11,447.0,0,0.0,0.0,,0.0,1,21.8,12.19,SPY230519C00396000,396.0,normalDay
2023-03-23,8424.0,-4486.0,0.0,100,393.17,447.0,0,0.0,0.0,,0.0,1,21.8,12.83,SPY230519C00396000,396.0,normalDay
2023-03-24,8424.0,-4335.0,0.0,100,395.75,447.0,0,0.0,0.0,,0.0,1,21.8,13.9,SPY230519C00396000,396.0,normalDay
2023-03-27,8424.0,-4234.0,0.0,100,396.49,447.0,0,0.0,0.0,,0.0,1,21.8,13.63,SPY230519C00396000,396.0,normalDay
2023-03-28,8424.0,-4247.0,0.0,100,395.6,447.0,0,0.0,0.0,,0.0,1,21.8,12.87,SPY230519C00396000,396.0,normalDay
2023-03-29,8424.0,-3966.0,0.0,100,401.35,447.0,0,0.0,0.0,,0.0,1,21.8,15.81,SPY230519C00396000,396.0,normalDay
2023-03-30,8424.0,-3873.0,0.0,100,403.7,447.0,0,0.0,0.0,,0.0,1,21.8,17.23,SPY230519C00396000,396.0,normalDay
2023-03-31,8424.0,-3740.0,0.0,100,409.39,447.0,0,0.0,0.0,,0.0,1,21.8,21.59,SPY230519C00396000,396.0,normalDay
2023-04-03,8424.0,-3646.0,0.0,100,410.95,447.0,0,0.0,0.0,,0.0,1,21.8,22.21,SPY230519C00396000,396.0,normalDay
2023-04-04,8424.0,-3696.0,0.0,100,408.67,447.0,0,0.0,0.0,,0.0,1,21.8,20.43,SPY230519C00396000,396.0,normalDay
2023-04-05,8424.0,-3693.0,0.0,100,407.6,447.0,0,0.0,0.0,,0.0,1,21.8,19.33,SPY230519C00396000,396.0,normalDay
2023-04-06,8424.0,-3621.0,0.0,100,409.19,447.0,0,0.0,0.0,,0.0,1,21.8,20.2,SPY230519C00396000,396.0,normalDay
2023-04-10,8424.0,-3612.0,0.0,100,409.61,447.0,0,0.0,0.0,,0.0,1,21.8,20.53,SPY230519C00396000,396.0,normalDay
2023-04-11,8424.0,-3582.0,0.0,100,409.72,447.0,0,0.0,0.0,,0.0,1,21.8,20.34,SPY230519C00396000,396.0,normalDay
2023-04-12,8424.0,-3580.0,0.0,100,408.05,447.0,0,0.0,0.0,,0.0,1,21.8,18.65,SPY230519C00396000,396.0,normalDay
2023-04-13,8424.0,-3420.0,0.0,100,413.47,447.0,0,0.0,0.0,,0.0,1,21.8,22.47,SPY230519C00396000,396.0,normalDay
2023-04-14,8424.0,-3420.0,0.0,100,412.46,447.0,0,0.0,0.0,,0.0,1,21.8,21.46,SPY230519C00396000,396.0,normalDay
2023-04-17,8424.0,-3357.0,0.0,100,413.94,447.0,0,0.0,0.0,,0.0,1,21.8,22.31,SPY230519C00396000,396.0,normalDay
2023-04-18,8424.0,-3319.0,0.0,100,414.21,447.0,0,0.0,0.0,,0.0,1,21.8,22.2,SPY230519C00396000,396.0,normalDay
2023-04-19,8424.0,-3311.0,0.0,100,414.14,447.0,0,0.0,0.0,,0.0,1,21.8,22.05,SPY230519C00396000,396.0,normalDay
2023-04-20,8424.0,-3370.0,0.0,100,411.88,447.0,0,0.0,0.0,,0.0,1,21.8,20.38,SPY230519C00396000,396.0,normalDay
2023-04-21,8424.0,-3301.0,0.0,100,412.2,447.0,0,0.0,0.0,,0.0,1,21.8,20.01,SPY230519C00396000,396.0,normalDay
2023-04-24,8424.0,-3271.0,0.0,100,412.63,447.0,0,0.0,0.0,,0.0,1,21.8,20.14,SPY230519C00396000,396.0,normalDay
2023-04-25,8424.0,-3522.0,0.0,100,406.08,447.0,0,0.0,0.0,,0.0,1,21.8,16.1,SPY230519C00396000,396.0,normalDay
2023-04-26,8424.0,-3465.0,0.0,100,404.36,447.0,0,0.0,0.0,,0.0,1,21.8,13.81,SPY230519C00396000,396.0,normalDay
2023-04-27,8424.0,-3297.0,0.0,100,412.41,447.0,0,0.0,0.0,,0.0,1,21.8,20.18,SPY230519C00396000,396.0,normalDay
2023-04-28,8424.0,-3165.0,0.0,100,415.93,447.0,0,0.0,0.0,,0.0,1,21.8,22.38,SPY230519C00396000,396.0,normalDay
2023-05-01,8424.0,-3141.0,0.0,100,415.51,447.0,0,0.0,0.0,,0.0,1,21.8,21.72,SPY230519C00396000,396.0,normalDay
2023-05-02,8424.0,-3213.0,0.0,100,410.84,447.0,0,0.0,0.0,,0.0,1,21.8,17.77,SPY230519C00396000,396.0,normalDay
2023-05-03,8424.0,-3294.0,0.0,100,408.02,447.0,0,0.0,0.0,,0.0,1,21.8,15.76,SPY230519C00396000,396.0,normalDay
2023-05-04,8424.0,-3282.0,0.0,100,405.13,447.0,0,0.0,0.0,,0.0,1,21.8,12.75,SPY230519C00396000,396.0,normalDay
2023-05-05,8424.0,-3080.0,0.0,100,412.63,447.0,0,0.0,0.0,,0.0,1,21.8,18.23,SPY230519C00396000,396.0,normalDay
2023-05-08,8424.0,-3061.0,0.0,100,412.74,447.0,0,0.0,0.0,,0.0,1,21.8,18.15,SPY230519C00396000,396.0,normalDay
2023-05-09,8424.0,-3101.0,0.0,100,410.93,447.0,0,0.0,0.0,,0.0,1,21.8,16.74,SPY230519C00396000,396.0,normalDay
2023-05-10,8424.0,-3056.0,0.0,100,412.85,447.0,0,0.0,0.0,,0.0,1,21.8,18.21,SPY230519C00396000,396.0,normalDay
2023-05-11,8424.0,-3008.0,0.0,100,412.13,447.0,0,0.0,0.0,,0.0,1,21.8,17.01,SPY230519C00396000,396.0,normalDay
2023-05-12,8424.0,-2963.0,0.0,100,411.59,447.0,0,0.0,0.0,,0.0,1,21.8,16.02,SPY230519C00396000,396.0,normalDay
2023-05-15,8424.0,-2975.0,0.0,100,413.01,447.0,0,0.0,0.0,,0.0,1,21.8,17.56,SPY230519C00396000,396.0,normalDay
2023-05-16,8424.0,-2989.0,0.0,100,410.25,447.0,0,0.0,0.0,,0.0,1,21.8,14.94,SPY230519C00396000,396.0,normalDay
2023-05-17,8424.0,-2939.0,0.0,100,415.23,447.0,0,0.0,0.0,,0.0,1,21.8,19.42,SPY230519C00396000,396.0,normalDay
2023-05-18,8424.0,-2937.0,0.0,100,419.23,447.0,0,0.0,0.0,,0.0,1,21.8,23.4,SPY230519C00396000,396.0,normalDay
2023-05-19,5504.0,-2937.0,-2920.0,0,418.62,0.0,0,0.0,0.0,,0.0,1,21.8,0.0,SPY230519C00396000,396.0,expirationDay
2023-05-22,5504.0,-7.0,0.0,0,418.79,0.0,1,9.0,9.07,SPY230929P00398000,398.0,0,0.0,0.0,,0.0,normalDay
2023-05-23,5504.0,-145.0,0.0,0,414.09,0.0,1,9.0,10.45,SPY230929P00398000,398.0,0,0.0,0.0,,0.0,normalDay
2023-05-24,5504.0,-242.0,0.0,0,411.09,0.0,1,9.0,11.42,SPY230929P00398000,398.0,0,0.0,0.0,,0.0,normalDay
2023-05-25,5504.0,-123.0,0.0,0,414.65,0.0,1,9.0,10.23,SPY230929P00398000,398.0,0,0.0,0.0,,0.0,normalDay
2023-05-26,5504.0,39.0,0.0,0,420.02,0.0,1,9.0,8.61,SPY230929P00398000,398.0,0,0.0,0.0,,0.0,normalDay
2023-05-30,5504.0,78.0,0.0,0,420.18,0.0,1,9.0,8.22,SPY230929P00398000,398.0,0,0.0,0.0,,0.0,normalDay
2023-05-31,5504.0,34.0,0.0,0,417.85,0.0,1,9.0,8.66,SPY230929P00398000,398.0,0,0.0,0.0,,0.0,normalDay
2023-06-01,5504.0,181.0,0.0,0,421.82,0.0,1,9.0,7.19,SPY230929P00398000,398.0,0,0.0,0.0,,0.0,normalDay
2023-06-02,5504.0,318.0,0.0,0,427.92,0.0,1,9.0,5.82,SPY230929P00398000,398.0,0,0.0,0.0,,0.0,normalDay
2023-06-05,5504.0,324.0,0.0,0,427.1,0.0,1,9.0,5.76,SPY230929P00398000,398.0,0,0.0,0.0,,0.0,normalDay
2023-06-06,5504.0,383.0,0.0,0,428.03,0.0,1,9.0,5.17,SPY230929P00398000,398.0,0,0.0,0.0,,0.0,normalDay
2023-06-07,5504.0,369.0,0.0,0,426.55,0.0,1,9.0,5.31,SPY230929P00398000,398.0,0,0.0,0.0,,0.0,normalDay
2023-06-08,5504.0,422.0,0.0,0,429.13,0.0,1,9.0,4.78,SPY230929P00398000,398.0,0,0.0,0.0,,0.0,normalDay
2023-06-09,5504.0,434.0,0.0,0,429.9,0.0,1,9.0,4.66,SPY230929P00398000,398.0,0,0.0,0.0,,0.0,normalDay
2023-06-12,5504.0,469.0,0.0,0,433.8,0.0,1,9.0,4.31,SPY230929P00398000,398.0,0,0.0,0.0,,0.0,normalDay
2023-06-13,5504.0,502.0,0.0,0,436.66,0.0,1,9.0,3.98,SPY230929P00398000,398.0,0,0.0,0.0,,0.0,normalDay
2023-06-14,5504.0,529.0,0.0,0,437.18,0.0,1,9.0,3.71,SPY230929P00398000,398.0,0,0.0,0.0,,0.0,normalDay
2023-06-15,5504.0,557.0,0.0,0,442.6,0.0,1,9.0,3.43,SPY230929P00398000,398.0,0,0.0,0.0,,0.0,normalDay
2023-06-16,5504.0,562.0,0.0,0,439.46,0.0,1,9.0,3.38,SPY230929P00398000,398.0,0,0.0,0.0,,0.0,normalDay
2023-06-20,5504.0,537.0,0.0,0,437.18,0.0,1,9.0,3.63,SPY230929P00398000,398.0,0,0.0,0.0,,0.0,normalDay
2023-06-21,5504.0,528.0,0.0,0,434.94,0.0,1,9.0,3.72,SPY230929P00398000,398.0,0,0.0,0.0,,0.0,normalDay
2023-06-22,5504.0,562.0,0.0,0,436.51,0.0,1,9.0,3.38,SPY230929P00398000,398.0,0,0.0,0.0,,0.0,normalDay
2023-06-23,5504.0,525.0,0.0,0,433.21,0.0,1,9.0,3.75,SPY230929P00398000,398.0,0,0.0,0.0,,0.0,normalDay
2023-06-26,5504.0,515.0,0.0,0,431.44,0.0,1,9.0,3.85,SPY230929P00398000,398.0,0,0.0,0.0,,0.0,normalDay
2023-06-27,5504.0,587.0,0.0,0,436.17,0.0,1,9.0,3.13,SPY230929P00398000,398.0,0,0.0,0.0,,0.0,normalDay
2023-06-28,5504.0,620.0,0.0,0,436.39,0.0,1,9.0,2.8,SPY230929P00398000,398.0,0,0.0,0.0,,0.0,normalDay
2023-06-29,5504.0,622.0,0.0,0,438.11,0.0,1,9.0,2.78,SPY230929P00398000,398.0,0,0.0,0.0,,0.0,normalDay
2023-06-30,5504.0,664.0,0.0,0,443.28,0.0,1,9.0,2.36,SPY230929P00398000,398.0,0,0.0,0.0,,0.0,normalDay
2023-07-03,5504.0,671.0,0.0,0,443.79,0.0,1,9.0,2.29,SPY230929P00398000,398.0,0,0.0,0.0,,0.0,normalDay
2023-07-05,5504.0,663.0,0.0,0,443.13,0.0,1,9.0,2.37,SPY230929P00398000,398.0,0,0.0,0.0,,0.0,normalDay
2023-07-06,5504.0,612.0,0.0,0,439.66,0.0,1,9.0,2.88,SPY230929P00398000,398.0,0,0.0,0.0,,0.0,normalDay
2023-07-07,5504.0,621.0,0.0,0,438.55,0.0,1,9.0,2.79,SPY230929P00398000,398.0,0,0.0,0.0,,0.0,normalDay
2023-07-10,5504.0,637.0,0.0,0,439.66,0.0,1,9.0,2.63,SPY230929P00398000,398.0,0,0.0,0.0,,0.0,normalDay
2023-07-11,5504.0,664.0,0.0,0,442.46,0.0,1,9.0,2.36,SPY230929P00398000,398.0,0,0.0,0.0,,0.0,normalDay
2023-07-12,5504.0,714.0,0.0,0,446.02,0.0,1,9.0,1.86,SPY230929P00398000,398.0,0,0.0,0.0,,0.0,normalDay
2023-07-13,5504.0,727.0,0.0,0,449.56,0.0,1,9.0,1.73,SPY230929P00398000,398.0,0,0.0,0.0,,0.0,normalDay
2023-07-14,5504.0,732.0,0.0,0,449.28,0.0,1,9.0,1.68,SPY230929P00398000,398.0,0,0.0,0.0,,0.0,normalDay
2023-07-17,5504.0,744.0,0.0,0,450.84,0.0,1,9.0,1.56,SPY230929P00398000,398.0,0,0.0,0.0,,0.0,normalDay
2023-07-18,5504.0,765.0,0.0,0,454.19,0.0,1,9.0,1.35,SPY230929P00398000,398.0,0,0.0,0.0,,0.0,normalDay
2023-07-19,5504.0,759.0,0.0,0,455.2,0.0,1,9.0,1.41,SPY230929P00398000,398.0,0,0.0,0.0,,0.0,normalDay
2023-07-20,5504.0,750.0,0.0,0,452.18,0.0,1,9.0,1.5,SPY230929P00398000,398.0,0,0.0,0.0,,0.0,normalDay
2023-07-21,5504.0,756.0,0.0,0,452.18,0.0,1,9.0,1.44,SPY230929P00398000,398.0,0,0.0,0.0,,0.0,normalDay
2023-07-24,5504.0,771.0,0.0,0,454.2,0.0,1,9.0,1.29,SPY230929P00398000,398.0,0,0.0,0.0,,0.0,normalDay
2023-07-25,5504.0,778.0,0.0,0,455.44,0.0,1,9.0,1.22,SPY230929P00398000,398.0,0,0.0,0.0,,0.0,normalDay
2023-07-26,5504.0,792.0,0.0,0,455.51,0.0,1,9.0,1.08,SPY230929P00398000,398.0,0,0.0,0.0,,0.0,normalDay
2023-07-27,5504.0,763.0,0.0,0,452.49,0.0,1,9.0,1.37,SPY230929P00398000,398.0,0,0.0,0.0,,0.0,normalDay
2023-07-28,5504.0,797.0,0.0,0,456.92,0.0,1,9.0,1.03,SPY230929P00398000,398.0,0,0.0,0.0,,0.0,normalDay
2023-07-31,5504.0,806.0,0.0,0,457.79,0.0,1,9.0,0.94,SPY230929P00398000,398.0,0,0.0,0.0,,0.0,normalDay
2023-08-01,5504.0,801.0,0.0,0,456.48,0.0,1,9.0,0.99,SPY230929P00398000,398.0,0,0.0,0.0,,0.0,normalDay
2023-08-02,5504.0,748.0,0.0,0,450.13,0.0,1,9.0,1.52,SPY230929P00398000,398.0,0,0.0,0.0,,0.0,normalDay
2023-08-03,5504.0,755.0,0.0,0,448.84,0.0,1,9.0,1.45,SPY230929P00398000,398.0,0,0.0,0.0,,0.0,normalDay
2023-08-04,5504.0,719.0,0.0,0,446.81,0.0,1,9.0,1.81,SPY230929P00398000,398.0,0,0.0,0.0,,0.0,normalDay
2023-08-07,5504.0,771.0,0.0,0,450.71,0.0,1,9.0,1.29,SPY230929P00398000,398.0,0,0.0,0.0,,0.0,normalDay
2023-08-08,5504.0,761.0,0.0,0,448.75,0.0,1,9.0,1.39,SPY230929P00398000,398.0,0,0.0,0.0,,0.0,normalDay
2023-08-09,5504.0,757.0,0.0,0,445.75,0.0,1,9.0,1.43,SPY230929P00398000,398.0,0,0.0,0.0,,0.0,normalDay
2023-08-10,5504.0,759.0,0.0,0,445.91,0.0,1,9.0,1.41,SPY230929P00398000,398.0,0,0.0,0.0,,0.0,normalDay
2023-08-11,5504.0,778.0,0.0,0,445.65,0.0,1,9.0,1.22,SPY230929P00398000,398.0,0,0.0,0.0,,0.0,normalDay
2023-08-14,5504.0,801.0,0.0,0,448.11,0.0,1,9.0,0.99,SPY230929P00398000,398.0,0,0.0,0.0,,0.0,normalDay
2023-08-15,5504.0,765.0,0.0,0,442.89,0.0,1,9.0,1.35,SPY230929P00398000,398.0,0,0.0,0.0,,0.0,normalDay
2023-08-16,5504.0,746.0,0.0,0,439.64,0.0,1,9.0,1.54,SPY230929P00398000,398.0,0,0.0,0.0,,0.0,normalDay
2023-08-17,5504.0,709.0,0.0,0,436.29,0.0,1,9.0,1.91,SPY230929P00398000,398.0,0,0.0,0.0,,0.0,normalDay
2023-08-18,5504.0,741.0,0.0,0,436.5,0.0,1,9.0,1.59,SPY230929P00398000,398.0,0,0.0,0.0,,0.0,normalDay
2023-08-21,5504.0,774.0,0.0,0,439.34,0.0,1,9.0,1.26,SPY230929P00398000,398.0,0,0.0,0.0,,0.0,normalDay
2023-08-22,5504.0,780.0,0.0,0,438.15,0.0,1,9.0,1.2,SPY230929P00398000,398.0,0,0.0,0.0,,0.0,normalDay
2023-08-23,5504.0,815.0,0.0,0,443.03,0.0,1,9.0,0.85,SPY230929P00398000,398.0,0,0.0,0.0,,0.0,normalDay
2023-08-24,5504.0,779.0,0.0,0,436.89,0.0,1,9.0,1.21,SPY230929P00398000,398.0,0,0.0,0.0,,0.0,normalDay
2023-08-25,5504.0,818.0,0.0,0,439.97,0.0,1,9.0,0.82,SPY230929P00398000,398.0,0,0.0,0.0,,0.0,normalDay
2023-08-28,5504.0,844.0,0.0,0,442.76,0.0,1,9.0,0.56,SPY230929P00398000,398.0,0,0.0,0.0,,0.0,normalDay
2023-08-29,5504.0,862.0,0.0,0,449.16,0.0,1,9.0,0.38,SPY230929P00398000,398.0,0,0.0,0.0,,0.0,normalDay
2023-08-30,5504.0,867.0,0.0,0,451.01,0.0,1,9.0,0.33,SPY230929P00398000,398.0,0,0.0,0.0,,0.0,normalDay
2023-08-31,5504.0,871.0,0.0,0,450.35,0.0,1,9.0,0.29,SPY230929P00398000,398.0,0,0.0,0.0,,0.0,normalDay
2023-09-01,5504.0,875.0,0.0,0,451.19,0.0,1,9.0,0.25,SPY230929P00398000,398.0,0,0.0,0.0,,0.0,normalDay
2023-09-05,5504.0,875.0,0.0,0,449.24,0.0,1,9.0,0.25,SPY230929P00398000,398.0,0,0.0,0.0,,0.0,normalDay
2023-09-06,5504.0,872.0,0.0,0,446.22,0.0,1,9.0,0.28,SPY230929P00398000,398.0,0,0.0,0.0,,0.0,normalDay
2023-09-07,5504.0,874.0,0.0,0,444.85,0.0,1,9.0,0.26,SPY230929P00398000,398.0,0,0.0,0.0,,0.0,normalDay
2023-09-08,5504.0,879.0,0.0,0,445.52,0.0,1,9.0,0.21,SPY230929P00398000,398.0,0,0.0,0.0,,0.0,normalDay
2023-09-11,5504.0,884.0,0.0,0,448.45,0.0,1,9.0,0.16,SPY230929P00398000,398.0,0,0.0,0.0,,0.0,normalDay
2023-09-12,5504.0,883.0,0.0,0,445.99,0.0,1,9.0,0.17,SPY230929P00398000,398.0,0,0.0,0.0,,0.0,normalDay
2023-09-13,5504.0,888.0,0.0,0,446.51,0.0,1,9.0,0.12,SPY230929P00398000,398.0,0,0.0,0.0,,0.0,normalDay
2023-09-14,5504.0,888.0,0.0,0,450.36,0.0,1,9.0,0.12,SPY230929P00398000,398.0,0,0.0,0.0,,0.0,normalDay
2023-09-15,5504.0,886.0,0.0,0,443.37,0.0,1,9.0,0.14,SPY230929P00398000,398.0,0,0.0,0.0,,0.0,normalDay
2023-09-18,5504.0,890.0,0.0,0,443.63,0.0,1,9.0,0.1,SPY230929P00398000,398.0,0,0.0,0.0,,0.0,normalDay
2023-09-19,5504.0,890.0,0.0,0,442.71,0.0,1,9.0,0.1,SPY230929P00398000,398.0,0,0.0,0.0,,0.0,normalDay
2023-09-20,5504.0,889.0,0.0,0,438.64,0.0,1,9.0,0.11,SPY230929P00398000,398.0,0,0.0,0.0,,0.0,normalDay
2023-09-21,5504.0,875.0,0.0,0,431.39,0.0,1,9.0,0.25,SPY230929P00398000,398.0,0,0.0,0.0,,0.0,normalDay
2023-09-22,5504.0,882.0,0.0,0,430.42,0.0,1,9.0,0.18,SPY230929P00398000,398.0,0,0.0,0.0,,0.0,normalDay
2023-09-25,5504.0,892.0,0.0,0,432.23,0.0,1,9.0,0.08,SPY230929P00398000,398.0,0,0.0,0.0,,0.0,normalDay
2023-09-26,5504.0,891.0,0.0,0,425.88,0.0,1,9.0,0.09,SPY230929P00398000,398.0,0,0.0,0.0,,0.0,normalDay
2023-09-27,5504.0,894.0,0.0,0,426.05,0.0,1,9.0,0.06,SPY230929P00398000,398.0,0,0.0,0.0,,0.0,normalDay
2023-09-28,5504.0,897.0,0.0,0,428.52,0.0,1,9.0,0.03,SPY230929P00398000,398.0,0,0.0,0.0,,0.0,normalDay
2023-09-29,6404.0,0.0,900.0,0,427.48,0.0,1,9.0,0.0,SPY230929P00398000,398.0,0,0.0,0.0,,0.0,expirationDay
2023-10-02,6404.0,-7.0,0.0,0,427.31,0.0,1,8.97,9.04,SPY240216P00409000,409.0,0,0.0,0.0,,0.0,normalDay
2023-10-03,6404.0,-231.0,0.0,0,421.59,0.0,1,8.97,11.28,SPY240216P00409000,409.0,0,0.0,0.0,,0.0,normalDay
2023-10-04,6404.0,-122.0,0.0,0,424.66,0.0,1,8.97,10.19,SPY240216P00409000,409.0,0,0.0,0.0,,0.0,normalDay
2023-10-05,6404.0,-126.0,0.0,0,424.5,0.0,1,8.97,10.23,SPY240216P00409000,409.0,0,0.0,0.0,,0.0,normalDay
2023-10-06,6404.0,49.0,0.0,0,429.54,0.0,1,8.97,8.48,SPY240216P00409000,409.0,0,0.0,0.0,,0.0,normalDay
2023-10-09,6404.0,111.0,0.0,0,432.29,0.0,1,8.97,7.86,SPY240216P00409000,409.0,0,0.0,0.0,,0.0,normalDay
2023-10-10,6404.0,181.0,0.0,0,434.54,0.0,1,8.97,7.16,SPY240216P00409000,409.0,0,0.0,0.0,,0.0,normalDay
2023-10-11,6404.0,252.0,0.0,0,436.32,0.0,1,8.97,6.45,SPY240216P00409000,409.0,0,0.0,0.0,,0.0,normalDay
2023-10-12,6404.0,190.0,0.0,0,433.66,0.0,1,8.97,7.07,SPY240216P00409000,409.0,0,0.0,0.0,,0.0,normalDay
2023-10-13,6404.0,34.0,0.0,0,431.5,0.0,1,8.97,8.63,SPY240216P00409000,409.0,0,0.0,0.0,,0.0,normalDay
2023-10-16,6404.0,217.0,0.0,0,436.04,0.0,1,8.97,6.8,SPY240216P00409000,409.0,0,0.0,0.0,,0.0,normalDay
2023-10-17,6404.0,195.0,0.0,0,436.02,0.0,1,8.97,7.02,SPY240216P00409000,409.0,0,0.0,0.0,,0.0,normalDay
2023-10-18,6404.0,40.0,0.0,0,430.21,0.0,1,8.97,8.57,SPY240216P00409000,409.0,0,0.0,0.0,,0.0,normalDay
2023-10-19,6404.0,-148.0,0.0,0,426.43,0.0,1,8.97,10.45,SPY240216P00409000,409.0,0,0.0,0.0,,0.0,normalDay
2023-10-20,6404.0,-259.0,0.0,0,421.19,0.0,1,8.97,11.56,SPY240216P00409000,409.0,0,0.0,0.0,,0.0,normalDay
2023-10-23,6404.0,-193.0,0.0,0,420.46,0.0,1,8.97,10.9,SPY240216P00409000,409.0,0,0.0,0.0,,0.0,normalDay
2023-10-24,6404.0,-58.0,0.0,0,423.63,0.0,1,8.97,9.55,SPY240216P00409000,409.0,0,0.0,0.0,,0.0,normalDay
2023-10-25,6404.0,-286.0,0.0,0,417.55,0.0,1,8.97,11.83,SPY240216P00409000,409.0,0,0.0,0.0,,0.0,normalDay
2023-10-26,6404.0,-452.0,0.0,0,412.55,0.0,1,8.97,13.49,SPY240216P00409000,409.0,0,0.0,0.0,,0.0,normalDay
2023-10-27,6404.0,-552.0,0.0,0,410.68,0.0,1,8.97,14.49,SPY240216P00409000,409.0,0,0.0,0.0,,0.0,normalDay
2023-10-30,6404.0,-301.0,0.0,0,415.59,0.0,1,8.97,11.98,SPY240216P00409000,409.0,0,0.0,0.0,,0.0,normalDay
2023-10-31,6404.0,-142.0,0.0,0,418.2,0.0,1,8.97,10.39,SPY240216P00409000,409.0,0,0.0,0.0,,0.0,normalDay
2023-11-01,6404.0,46.0,0.0,0,422.66,0.0,1,8.97,8.51,SPY240216P00409000,409.0,0,0.0,0.0,,0.0,normalDay
2023-11-02,6404.0,262.0,0.0,0,430.76,0.0,1,8.97,6.35,SPY240216P00409000,409.0,0,0.0,0.0,,0.0,normalDay
2023-11-03,6404.0,364.0,0.0,0,434.69,0.0,1,8.97,5.33,SPY240216P00409000,409.0,0,0.0,0.0,,0.0,normalDay
2023-11-06,6404.0,402.0,0.0,0,435.69,0.0,1,8.97,4.95,SPY240216P00409000,409.0,0,0.0,0.0,,0.0,normalDay
2023-11-07,6404.0,433.0,0.0,0,436.93,0.0,1,8.97,4.64,SPY240216P00409000,409.0,0,0.0,0.0,,0.0,normalDay
2023-11-08,6404.0,461.0,0.0,0,437.25,0.0,1,8.97,4.36,SPY240216P00409000,409.0,0,0.0,0.0,,0.0,normalDay
2023-11-09,6404.0,393.0,0.0,0,433.84,0.0,1,8.97,5.04,SPY240216P00409000,409.0,0,0.0,0.0,,0.0,normalDay
2023-11-10,6404.0,523.0,0.0,0,440.61,0.0,1,8.97,3.74,SPY240216P00409000,409.0,0,0.0,0.0,,0.0,normalDay
2023-11-13,6404.0,526.0,0.0,0,440.19,0.0,1,8.97,3.71,SPY240216P00409000,409.0,0,0.0,0.0,,0.0,normalDay
2023-11-14,6404.0,620.0,0.0,0,448.73,0.0,1,8.97,2.77,SPY240216P00409000,409.0,0,0.0,0.0,,0.0,normalDay
2023-11-15,6404.0,625.0,0.0,0,449.68,0.0,1,8.97,2.72,SPY240216P00409000,409.0,0,0.0,0.0,,0.0,normalDay
2023-11-16,6404.0,639.0,0.0,0,450.23,0.0,1,8.97,2.58,SPY240216P00409000,409.0,0,0.0,0.0,,0.0,normalDay
2023-11-17,6404.0,655.0,0.0,0,450.79,0.0,1,8.97,2.42,SPY240216P00409000,409.0,0,0.0,0.0,,0.0,normalDay
2023-11-20,6404.0,688.0,0.0,0,454.26,0.0,1,8.97,2.09,SPY240216P00409000,409.0,0,0.0,0.0,,0.0,normalDay
2023-11-21,6404.0,691.0,0.0,0,453.27,0.0,1,8.97,2.06,SPY240216P00409000,409.0,0,0.0,0.0,,0.0,normalDay
2023-11-22,6404.0,705.0,0.0,0,455.02,0.0,1,8.97,1.92,SPY240216P00409000,409.0,0,0.0,0.0,,0.0,normalDay
2023-11-24,6404.0,720.0,0.0,0,455.3,0.0,1,8.97,1.77,SPY240216P00409000,409.0,0,0.0,0.0,,0.0,normalDay
2023-11-27,6404.0,720.0,0.0,0,454.48,0.0,1,8.97,1.77,SPY240216P00409000,409.0,0,0.0,0.0,,0.0,normalDay
2023-11-28,6404.0,729.0,0.0,0,454.93,0.0,1,8.97,1.68,SPY240216P00409000,409.0,0,0.0,0.0,,0.0,normalDay
2023-11-29,6404.0,725.0,0.0,0,454.61,0.0,1,8.97,1.72,SPY240216P00409000,409.0,0,0.0,0.0,,0.0,normalDay
2023-11-30,6404.0,733.0,0.0,0,456.4,0.0,1,8.97,1.64,SPY240216P00409000,409.0,0,0.0,0.0,,0.0,normalDay
