date,totalCapital,unrializedPnL,rializedPnL,stocksOwned,stocksPriceToday,stocksPriceBoughtAt,putOwned,putOwnedSoldAt,putPriceToday,putOwnedContract,putOwnedStrike,callOwned,callOwnedSoldAt,callPriceToday,callOwnedContract,callOwnedStrike,trackType
2018-11-01,0.0,-6.0,0.0,0,273.51,0.0,1,2.94,3.0,SPY190118P00251000,251.0,0,0.0,0.0,,0.0,normalDay
2018-11-02,0.0,-27.0,0.0,0,271.89,0.0,1,2.94,3.21,SPY190118P00251000,251.0,0,0.0,0.0,,0.0,normalDay
2018-11-05,0.0,8.0,0.0,0,273.39,0.0,1,2.94,2.86,SPY190118P00251000,251.0,0,0.0,0.0,,0.0,normalDay
2018-11-06,0.0,42.0,0.0,0,275.12,0.0,1,2.94,2.52,SPY190118P00251000,251.0,0,0.0,0.0,,0.0,normalDay
2018-11-07,0.0,143.0,0.0,0,281.01,0.0,1,2.94,1.51,SPY190118P00251000,251.0,0,0.0,0.0,,0.0,normalDay
2018-11-08,0.0,141.0,0.0,0,280.5,0.0,1,2.94,1.53,SPY190118P00251000,251.0,0,0.0,0.0,,0.0,normalDay
2018-11-09,0.0,102.0,0.0,0,277.76,0.0,1,2.94,1.92,SPY190118P00251000,251.0,0,0.0,0.0,,0.0,normalDay
2018-11-12,0.0,19.0,0.0,0,272.57,0.0,1,2.94,2.75,SPY190118P00251000,251.0,0,0.0,0.0,,0.0,normalDay
2018-11-13,0.0,12.0,0.0,0,272.06,0.0,1,2.94,2.82,SPY190118P00251000,251.0,0,0.0,0.0,,0.0,normalDay
2018-11-14,0.0,-34.0,0.0,0,270.2,0.0,1,2.94,3.28,SPY190118P00251000,251.0,0,0.0,0.0,,0.0,normalDay
2018-11-15,0.0,34.0,0.0,0,273.02,0.0,1,2.94,2.6,SPY190118P00251000,251.0,0,0.0,0.0,,0.0,normalDay
2018-11-16,0.0,79.0,0.0,0,273.73,0.0,1,2.94,2.15,SPY190118P00251000,251.0,0,0.0,0.0,,0.0,normalDay
2018-11-19,0.0,-4.0,0.0,0,269.1,0.0,1,2.94,2.98,SPY190118P00251000,251.0,0,0.0,0.0,,0.0,normalDay
2018-11-20,0.0,-139.0,0.0,0,264.12,0.0,1,2.94,4.33,SPY190118P00251000,251.0,0,0.0,0.0,,0.0,normalDay
2018-11-21,0.0,-75.0,0.0,0,265.02,0.0,1,2.94,3.69,SPY190118P00251000,251.0,0,0.0,0.0,,0.0,normalDay
2018-11-23,0.0,-120.0,0.0,0,263.25,0.0,1,2.94,4.14,SPY190118P00251000,251.0,0,0.0,0.0,,0.0,normalDay
2018-11-26,0.0,41.0,0.0,0,267.5,0.0,1,2.94,2.53,SPY190118P00251000,251.0,0,0.0,0.0,,0.0,normalDay
2018-11-27,0.0,50.0,0.0,0,268.4,0.0,1,2.94,2.44,SPY190118P00251000,251.0,0,0.0,0.0,,0.0,normalDay
2018-11-28,0.0,137.0,0.0,0,274.58,0.0,1,2.94,1.57,SPY190118P00251000,251.0,0,0.0,0.0,,0.0,normalDay
2018-11-29,0.0,125.0,0.0,0,273.98,0.0,1,2.94,1.69,SPY190118P00251000,251.0,0,0.0,0.0,,0.0,normalDay
2018-11-30,0.0,156.0,0.0,0,275.65,0.0,1,2.94,1.38,SPY190118P00251000,251.0,0,0.0,0.0,,0.0,normalDay
2018-12-03,0.0,206.0,0.0,0,279.3,0.0,1,2.94,0.88,SPY190118P00251000,251.0,0,0.0,0.0,,0.0,normalDay
2018-12-04,0.0,75.0,0.0,0,270.25,0.0,1,2.94,2.19,SPY190118P00251000,251.0,0,0.0,0.0,,0.0,normalDay
2018-12-06,0.0,68.0,0.0,0,269.84,0.0,1,2.94,2.26,SPY190118P00251000,251.0,0,0.0,0.0,,0.0,normalDay
2018-12-07,0.0,-81.0,0.0,0,263.57,0.0,1,2.94,3.75,SPY190118P00251000,251.0,0,0.0,0.0,,0.0,normalDay
2018-12-10,0.0,-18.0,0.0,0,264.07,0.0,1,2.94,3.12,SPY190118P00251000,251.0,0,0.0,0.0,,0.0,normalDay
2018-12-11,0.0,3.0,0.0,0,264.13,0.0,1,2.94,2.91,SPY190118P00251000,251.0,0,0.0,0.0,,0.0,normalDay
2018-12-12,0.0,32.0,0.0,0,265.46,0.0,1,2.94,2.62,SPY190118P00251000,251.0,0,0.0,0.0,,0.0,normalDay
2018-12-13,0.0,60.0,0.0,0,265.37,0.0,1,2.94,2.34,SPY190118P00251000,251.0,0,0.0,0.0,,0.0,normalDay
2018-12-14,0.0,-43.0,0.0,0,260.47,0.0,1,2.94,3.37,SPY190118P00251000,251.0,0,0.0,0.0,,0.0,normalDay
2018-12-17,0.0,-211.0,0.0,0,255.36,0.0,1,2.94,5.05,SPY190118P00251000,251.0,0,0.0,0.0,,0.0,normalDay
2018-12-18,0.0,-256.0,0.0,0,255.08,0.0,1,2.94,5.5,SPY190118P00251000,251.0,0,0.0,0.0,,0.0,normalDay
2018-12-19,0.0,-353.0,0.0,0,251.26,0.0,1,2.94,6.47,SPY190118P00251000,251.0,0,0.0,0.0,,0.0,normalDay
2018-12-20,0.0,-581.0,0.0,0,247.17,0.0,1,2.94,8.75,SPY190118P00251000,251.0,0,0.0,0.0,,0.0,normalDay
2018-12-21,0.0,-1015.0,0.0,0,240.7,0.0,1,2.94,13.09,SPY190118P00251000,251.0,0,0.0,0.0,,0.0,normalDay
2018-12-24,0.0,-1706.0,0.0,0,234.34,0.0,1,2.94,20.0,SPY190118P00251000,251.0,0,0.0,0.0,,0.0,normalDay
2018-12-26,0.0,-596.0,0.0,0,246.18,0.0,1,2.94,8.9,SPY190118P00251000,251.0,0,0.0,0.0,,0.0,normalDay
2018-12-27,0.0,-492.0,0.0,0,248.07,0.0,1,2.94,7.86,SPY190118P00251000,251.0,0,0.0,0.0,,0.0,normalDay
2018-12-28,0.0,-482.0,0.0,0,247.75,0.0,1,2.94,7.76,SPY190118P00251000,251.0,0,0.0,0.0,,0.0,normalDay
2018-12-31,0.0,-278.0,0.0,0,249.92,0.0,1,2.94,5.72,SPY190118P00251000,251.0,0,0.0,0.0,,0.0,normalDay
2019-01-02,0.0,-161.0,0.0,0,250.18,0.0,1,2.94,4.55,SPY190118P00251000,251.0,0,0.0,0.0,,0.0,normalDay
2019-01-03,0.0,-565.0,0.0,0,244.21,0.0,1,2.94,8.59,SPY190118P00251000,251.0,0,0.0,0.0,,0.0,normalDay
2019-01-04,0.0,-26.0,0.0,0,252.39,0.0,1,2.94,3.2,SPY190118P00251000,251.0,0,0.0,0.0,,0.0,normalDay
2019-01-07,0.0,64.0,0.0,0,254.38,0.0,1,2.94,2.3,SPY190118P00251000,251.0,0,0.0,0.0,,0.0,normalDay
2019-01-08,0.0,149.0,0.0,0,256.77,0.0,1,2.94,1.45,SPY190118P00251000,251.0,0,0.0,0.0,,0.0,normalDay
2019-01-09,0.0,197.0,0.0,0,257.97,0.0,1,2.94,0.97,SPY190118P00251000,251.0,0,0.0,0.0,,0.0,normalDay
2019-01-10,0.0,234.0,0.0,0,258.88,0.0,1,2.94,0.6,SPY190118P00251000,251.0,0,0.0,0.0,,0.0,normalDay
2019-01-11,0.0,259.0,0.0,0,258.98,0.0,1,2.94,0.35,SPY190118P00251000,251.0,0,0.0,0.0,,0.0,normalDay
2019-01-14,0.0,260.0,0.0,0,257.4,0.0,1,2.94,0.34,SPY190118P00251000,251.0,0,0.0,0.0,,0.0,normalDay
2019-01-15,0.0,283.0,0.0,0,260.35,0.0,1,2.94,0.11,SPY190118P00251000,251.0,0,0.0,0.0,,0.0,normalDay
2019-01-16,0.0,290.0,0.0,0,260.98,0.0,1,2.94,0.04,SPY190118P00251000,251.0,0,0.0,0.0,,0.0,normalDay
2019-01-17,0.0,293.0,0.0,0,262.96,0.0,1,2.94,0.01,SPY190118P00251000,251.0,0,0.0,0.0,,0.0,normalDay
2019-01-18,294.0,0.0,294.0,0,266.46,0.0,1,2.94,0.0,SPY190118P00251000,251.0,0,0.0,0.0,,0.0,expirationDay
2019-01-22,294.0,-5.0,0.0,0,262.86,0.0,1,1.61,1.66,SPY190418P00225000,225.0,0,0.0,0.0,,0.0,normalDay
2019-01-23,294.0,6.0,0.0,0,263.41,0.0,1,1.61,1.55,SPY190418P00225000,225.0,0,0.0,0.0,,0.0,normalDay
2019-01-24,294.0,16.0,0.0,0,263.55,0.0,1,1.61,1.45,SPY190418P00225000,225.0,0,0.0,0.0,,0.0,normalDay
2019-01-25,294.0,51.0,0.0,0,265.78,0.0,1,1.61,1.1,SPY190418P00225000,225.0,0,0.0,0.0,,0.0,normalDay
2019-01-28,294.0,34.0,0.0,0,263.76,0.0,1,1.61,1.27,SPY190418P00225000,225.0,0,0.0,0.0,,0.0,normalDay
2019-01-29,294.0,32.0,0.0,0,263.41,0.0,1,1.61,1.29,SPY190418P00225000,225.0,0,0.0,0.0,,0.0,normalDay
2019-01-30,294.0,69.0,0.0,0,267.58,0.0,1,1.61,0.92,SPY190418P00225000,225.0,0,0.0,0.0,,0.0,normalDay
2019-01-31,294.0,90.0,0.0,0,269.93,0.0,1,1.61,0.71,SPY190418P00225000,225.0,0,0.0,0.0,,0.0,normalDay
2019-02-01,294.0,94.0,0.0,0,270.06,0.0,1,1.61,0.67,SPY190418P00225000,225.0,0,0.0,0.0,,0.0,normalDay
2019-02-04,294.0,106.0,0.0,0,271.96,0.0,1,1.61,0.55,SPY190418P00225000,225.0,0,0.0,0.0,,0.0,normalDay
2019-02-05,294.0,108.0,0.0,0,273.1,0.0,1,1.61,0.53,SPY190418P00225000,225.0,0,0.0,0.0,,0.0,normalDay
2019-02-06,294.0,108.0,0.0,0,272.74,0.0,1,1.61,0.53,SPY190418P00225000,225.0,0,0.0,0.0,,0.0,normalDay
2019-02-07,294.0,100.0,0.0,0,270.14,0.0,1,1.61,0.61,SPY190418P00225000,225.0,0,0.0,0.0,,0.0,normalDay
2019-02-08,294.0,104.0,0.0,0,270.47,0.0,1,1.61,0.57,SPY190418P00225000,225.0,0,0.0,0.0,,0.0,normalDay
2019-02-11,294.0,111.0,0.0,0,270.62,0.0,1,1.61,0.5,SPY190418P00225000,225.0,0,0.0,0.0,,0.0,normalDay
2019-02-12,294.0,120.0,0.0,0,274.1,0.0,1,1.61,0.41,SPY190418P00225000,225.0,0,0.0,0.0,,0.0,normalDay
2019-02-13,294.0,121.0,0.0,0,274.99,0.0,1,1.61,0.4,SPY190418P00225000,225.0,0,0.0,0.0,,0.0,normalDay
2019-02-14,294.0,118.0,0.0,0,274.38,0.0,1,1.61,0.43,SPY190418P00225000,225.0,0,0.0,0.0,,0.0,normalDay
2019-02-15,294.0,127.0,0.0,0,277.37,0.0,1,1.61,0.34,SPY190418P00225000,225.0,0,0.0,0.0,,0.0,normalDay
2019-02-19,294.0,131.0,0.0,0,277.85,0.0,1,1.61,0.3,SPY190418P00225000,225.0,0,0.0,0.0,,0.0,normalDay
2019-02-20,294.0,136.0,0.0,0,278.41,0.0,1,1.61,0.25,SPY190418P00225000,225.0,0,0.0,0.0,,0.0,normalDay
2019-02-21,294.0,135.0,0.0,0,277.42,0.0,1,1.61,0.26,SPY190418P00225000,225.0,0,0.0,0.0,,0.0,normalDay
2019-02-22,294.0,140.0,0.0,0,279.14,0.0,1,1.61,0.21,SPY190418P00225000,225.0,0,0.0,0.0,,0.0,normalDay
2019-02-25,294.0,136.0,0.0,0,279.52,0.0,1,1.61,0.25,SPY190418P00225000,225.0,0,0.0,0.0,,0.0,normalDay
2019-02-26,294.0,137.0,0.0,0,279.32,0.0,1,1.61,0.24,SPY190418P00225000,225.0,0,0.0,0.0,,0.0,normalDay
2019-02-27,294.0,138.0,0.0,0,279.2,0.0,1,1.61,0.23,SPY190418P00225000,225.0,0,0.0,0.0,,0.0,normalDay
2019-02-28,294.0,137.0,0.0,0,278.68,0.0,1,1.61,0.24,SPY190418P00225000,225.0,0,0.0,0.0,,0.0,normalDay
2019-03-01,294.0,143.0,0.0,0,280.42,0.0,1,1.61,0.18,SPY190418P00225000,225.0,0,0.0,0.0,,0.0,normalDay
2019-03-04,294.0,142.0,0.0,0,279.4,0.0,1,1.61,0.19,SPY190418P00225000,225.0,0,0.0,0.0,,0.0,normalDay
2019-03-05,294.0,141.0,0.0,0,279.02,0.0,1,1.61,0.2,SPY190418P00225000,225.0,0,0.0,0.0,,0.0,normalDay
2019-03-06,294.0,139.0,0.0,0,277.33,0.0,1,1.61,0.22,SPY190418P00225000,225.0,0,0.0,0.0,,0.0,normalDay
2019-03-07,294.0,137.0,0.0,0,275.01,0.0,1,1.61,0.24,SPY190418P00225000,225.0,0,0.0,0.0,,0.0,normalDay
2019-03-08,294.0,139.0,0.0,0,274.46,0.0,1,1.61,0.22,SPY190418P00225000,225.0,0,0.0,0.0,,0.0,normalDay
2019-03-11,294.0,147.0,0.0,0,278.44,0.0,1,1.61,0.14,SPY190418P00225000,225.0,0,0.0,0.0,,0.0,normalDay
2019-03-12,294.0,149.0,0.0,0,279.49,0.0,1,1.61,0.12,SPY190418P00225000,225.0,0,0.0,0.0,,0.0,normalDay
2019-03-13,294.0,150.0,0.0,0,281.34,0.0,1,1.61,0.11,SPY190418P00225000,225.0,0,0.0,0.0,,0.0,normalDay
2019-03-14,294.0,151.0,0.0,0,281.16,0.0,1,1.61,0.1,SPY190418P00225000,225.0,0,0.0,0.0,,0.0,normalDay
2019-03-15,294.0,153.0,0.0,0,281.31,0.0,1,1.61,0.08,SPY190418P00225000,225.0,0,0.0,0.0,,0.0,normalDay
2019-03-18,294.0,154.0,0.0,0,282.33,0.0,1,1.61,0.07,SPY190418P00225000,225.0,0,0.0,0.0,,0.0,normalDay
2019-03-19,294.0,154.0,0.0,0,282.4,0.0,1,1.61,0.07,SPY190418P00225000,225.0,0,0.0,0.0,,0.0,normalDay
2019-03-20,294.0,155.0,0.0,0,281.55,0.0,1,1.61,0.06,SPY190418P00225000,225.0,0,0.0,0.0,,0.0,normalDay
2019-03-21,294.0,156.0,0.0,0,284.73,0.0,1,1.61,0.05,SPY190418P00225000,225.0,0,0.0,0.0,,0.0,normalDay
2019-03-22,294.0,154.0,0.0,0,279.25,0.0,1,1.61,0.07,SPY190418P00225000,225.0,0,0.0,0.0,,0.0,normalDay
2019-03-25,294.0,156.0,0.0,0,279.04,0.0,1,1.61,0.05,SPY190418P00225000,225.0,0,0.0,0.0,,0.0,normalDay
2019-03-26,294.0,158.0,0.0,0,281.12,0.0,1,1.61,0.03,SPY190418P00225000,225.0,0,0.0,0.0,,0.0,normalDay
2019-03-27,294.0,157.0,0.0,0,279.65,0.0,1,1.61,0.04,SPY190418P00225000,225.0,0,0.0,0.0,,0.0,normalDay
2019-03-28,294.0,158.0,0.0,0,280.71,0.0,1,1.61,0.03,SPY190418P00225000,225.0,0,0.0,0.0,,0.0,normalDay
2019-03-29,294.0,158.0,0.0,0,282.48,0.0,1,1.61,0.03,SPY190418P00225000,225.0,0,0.0,0.0,,0.0,normalDay
2019-04-01,294.0,159.0,0.0,0,285.83,0.0,1,1.61,0.02,SPY190418P00225000,225.0,0,0.0,0.0,,0.0,normalDay
2019-04-02,294.0,159.0,0.0,0,285.97,0.0,1,1.61,0.02,SPY190418P00225000,225.0,0,0.0,0.0,,0.0,normalDay
2019-04-03,294.0,159.0,0.0,0,286.42,0.0,1,1.61,0.02,SPY190418P00225000,225.0,0,0.0,0.0,,0.0,normalDay
2019-04-04,294.0,159.0,0.0,0,287.18,0.0,1,1.61,0.02,SPY190418P00225000,225.0,0,0.0,0.0,,0.0,normalDay
2019-04-05,294.0,160.0,0.0,0,288.57,0.0,1,1.61,0.01,SPY190418P00225000,225.0,0,0.0,0.0,,0.0,normalDay
2019-04-08,294.0,160.0,0.0,0,288.79,0.0,1,1.61,0.01,SPY190418P00225000,225.0,0,0.0,0.0,,0.0,normalDay
2019-04-09,294.0,160.0,0.0,0,287.31,0.0,1,1.61,0.01,SPY190418P00225000,225.0,0,0.0,0.0,,0.0,normalDay
2019-04-10,294.0,160.0,0.0,0,288.29,0.0,1,1.61,0.01,SPY190418P00225000,225.0,0,0.0,0.0,,0.0,normalDay
2019-04-11,294.0,160.0,0.0,0,288.21,0.0,1,1.61,0.01,SPY190418P00225000,225.0,0,0.0,0.0,,0.0,normalDay
2019-04-12,294.0,160.0,0.0,0,290.16,0.0,1,1.61,0.01,SPY190418P00225000,225.0,0,0.0,0.0,,0.0,normalDay
2019-04-15,294.0,160.0,0.0,0,289.97,0.0,1,1.61,0.01,SPY190418P00225000,225.0,0,0.0,0.0,,0.0,normalDay
2019-04-16,294.0,160.0,0.0,0,290.16,0.0,1,1.61,0.01,SPY190418P00225000,225.0,0,0.0,0.0,,0.0,normalDay
2019-04-17,294.0,160.0,0.0,0,289.45,0.0,1,1.61,0.01,SPY190418P00225000,225.0,0,0.0,0.0,,0.0,normalDay
2019-04-18,455.0,0.0,161.0,0,290.02,0.0,1,1.61,0.0,SPY190418P00225000,225.0,0,0.0,0.0,,0.0,expirationDay
2019-04-22,455.0,-4.0,0.0,0,290.27,0.0,1,1.95,1.99,SPY190628P00274000,274.0,0,0.0,0.0,,0.0,normalDay
2019-04-23,455.0,26.0,0.0,0,292.88,0.0,1,1.95,1.69,SPY190628P00274000,274.0,0,0.0,0.0,,0.0,normalDay
2019-04-24,455.0,11.0,0.0,0,292.23,0.0,1,1.95,1.84,SPY190628P00274000,274.0,0,0.0,0.0,,0.0,normalDay
2019-04-25,455.0,5.0,0.0,0,292.05,0.0,1,1.95,1.9,SPY190628P00274000,274.0,0,0.0,0.0,,0.0,normalDay
2019-04-26,455.0,29.0,0.0,0,293.41,0.0,1,1.95,1.66,SPY190628P00274000,274.0,0,0.0,0.0,,0.0,normalDay
2019-04-29,455.0,37.0,0.0,0,293.87,0.0,1,1.95,1.58,SPY190628P00274000,274.0,0,0.0,0.0,,0.0,normalDay
2019-04-30,455.0,40.0,0.0,0,294.02,0.0,1,1.95,1.55,SPY190628P00274000,274.0,0,0.0,0.0,,0.0,normalDay
2019-05-01,455.0,-3.0,0.0,0,291.81,0.0,1,1.95,1.98,SPY190628P00274000,274.0,0,0.0,0.0,,0.0,normalDay
2019-05-02,455.0,-8.0,0.0,0,291.18,0.0,1,1.95,2.03,SPY190628P00274000,274.0,0,0.0,0.0,,0.0,normalDay
2019-05-03,455.0,50.0,0.0,0,294.03,0.0,1,1.95,1.45,SPY190628P00274000,274.0,0,0.0,0.0,,0.0,normalDay
2019-05-06,455.0,7.0,0.0,0,292.82,0.0,1,1.95,1.88,SPY190628P00274000,274.0,0,0.0,0.0,,0.0,normalDay
2019-05-07,455.0,-147.0,0.0,0,287.93,0.0,1,1.95,3.42,SPY190628P00274000,274.0,0,0.0,0.0,,0.0,normalDay
2019-05-08,455.0,-144.0,0.0,0,287.53,0.0,1,1.95,3.39,SPY190628P00274000,274.0,0,0.0,0.0,,0.0,normalDay
2019-05-09,455.0,-146.0,0.0,0,286.66,0.0,1,1.95,3.41,SPY190628P00274000,274.0,0,0.0,0.0,,0.0,normalDay
2019-05-10,455.0,-63.0,0.0,0,288.1,0.0,1,1.95,2.58,SPY190628P00274000,274.0,0,0.0,0.0,,0.0,normalDay
2019-05-13,455.0,-307.0,0.0,0,280.86,0.0,1,1.95,5.02,SPY190628P00274000,274.0,0,0.0,0.0,,0.0,normalDay
2019-05-14,455.0,-183.0,0.0,0,283.4,0.0,1,1.95,3.78,SPY190628P00274000,274.0,0,0.0,0.0,,0.0,normalDay
2019-05-15,455.0,-95.0,0.0,0,285.06,0.0,1,1.95,2.9,SPY190628P00274000,274.0,0,0.0,0.0,,0.0,normalDay
2019-05-16,455.0,-22.0,0.0,0,287.7,0.0,1,1.95,2.17,SPY190628P00274000,274.0,0,0.0,0.0,,0.0,normalDay
2019-05-17,455.0,-62.0,0.0,0,285.84,0.0,1,1.95,2.57,SPY190628P00274000,274.0,0,0.0,0.0,,0.0,normalDay
2019-05-20,455.0,-87.0,0.0,0,283.95,0.0,1,1.95,2.82,SPY190628P00274000,274.0,0,0.0,0.0,,0.0,normalDay
2019-05-21,455.0,-7.0,0.0,0,286.51,0.0,1,1.95,2.02,SPY190628P00274000,274.0,0,0.0,0.0,,0.0,normalDay
2019-05-22,455.0,-15.0,0.0,0,285.63,0.0,1,1.95,2.1,SPY190628P00274000,274.0,0,0.0,0.0,,0.0,normalDay
2019-05-23,455.0,-129.0,0.0,0,282.14,0.0,1,1.95,3.24,SPY190628P00274000,274.0,0,0.0,0.0,,0.0,normalDay
2019-05-24,455.0,-80.0,0.0,0,282.78,0.0,1,1.95,2.75,SPY190628P00274000,274.0,0,0.0,0.0,,0.0,normalDay
2019-05-28,455.0,-143.0,0.0,0,280.15,0.0,1,1.95,3.38,SPY190628P00274000,274.0,0,0.0,0.0,,0.0,normalDay
2019-05-29,455.0,-206.0,0.0,0,278.27,0.0,1,1.95,4.01,SPY190628P00274000,274.0,0,0.0,0.0,,0.0,normalDay
2019-05-30,455.0,-162.0,0.0,0,279.03,0.0,1,1.95,3.57,SPY190628P00274000,274.0,0,0.0,0.0,,0.0,normalDay
2019-05-31,455.0,-321.0,0.0,0,275.27,0.0,1,1.95,5.16,SPY190628P00274000,274.0,0,0.0,0.0,,0.0,normalDay
2019-06-03,455.0,-315.0,0.0,0,274.57,0.0,1,1.95,5.1,SPY190628P00274000,274.0,0,0.0,0.0,,0.0,normalDay
2019-06-04,455.0,-68.0,0.0,0,280.53,0.0,1,1.95,2.63,SPY190628P00274000,274.0,0,0.0,0.0,,0.0,normalDay
2019-06-05,455.0,21.0,0.0,0,282.96,0.0,1,1.95,1.74,SPY190628P00274000,274.0,0,0.0,0.0,,0.0,normalDay
2019-06-06,455.0,58.0,0.0,0,284.8,0.0,1,1.95,1.37,SPY190628P00274000,274.0,0,0.0,0.0,,0.0,normalDay
2019-06-07,455.0,90.0,0.0,0,287.65,0.0,1,1.95,1.05,SPY190628P00274000,274.0,0,0.0,0.0,,0.0,normalDay
2019-06-10,455.0,123.0,0.0,0,288.97,0.0,1,1.95,0.72,SPY190628P00274000,274.0,0,0.0,0.0,,0.0,normalDay
2019-06-11,455.0,125.0,0.0,0,288.9,0.0,1,1.95,0.7,SPY190628P00274000,274.0,0,0.0,0.0,,0.0,normalDay
2019-06-12,455.0,128.0,0.0,0,288.39,0.0,1,1.95,0.67,SPY190628P00274000,274.0,0,0.0,0.0,,0.0,normalDay
2019-06-13,455.0,144.0,0.0,0,289.58,0.0,1,1.95,0.51,SPY190628P00274000,274.0,0,0.0,0.0,,0.0,normalDay
2019-06-14,455.0,157.0,0.0,0,289.26,0.0,1,1.95,0.38,SPY190628P00274000,274.0,0,0.0,0.0,,0.0,normalDay
2019-06-17,455.0,163.0,0.0,0,289.37,0.0,1,1.95,0.32,SPY190628P00274000,274.0,0,0.0,0.0,,0.0,normalDay
2019-06-18,455.0,177.0,0.0,0,292.4,0.0,1,1.95,0.18,SPY190628P00274000,274.0,0,0.0,0.0,,0.0,normalDay
2019-06-19,455.0,184.0,0.0,0,293.06,0.0,1,1.95,0.11,SPY190628P00274000,274.0,0,0.0,0.0,,0.0,normalDay
2019-06-20,455.0,186.0,0.0,0,295.86,0.0,1,1.95,0.09,SPY190628P00274000,274.0,0,0.0,0.0,,0.0,normalDay
2019-06-21,455.0,187.0,0.0,0,294.0,0.0,1,1.95,0.08,SPY190628P00274000,274.0,0,0.0,0.0,,0.0,normalDay
2019-06-24,455.0,192.0,0.0,0,293.64,0.0,1,1.95,0.03,SPY190628P00274000,274.0,0,0.0,0.0,,0.0,normalDay
2019-06-25,455.0,192.0,0.0,0,290.76,0.0,1,1.95,0.03,SPY190628P00274000,274.0,0,0.0,0.0,,0.0,normalDay
2019-06-26,455.0,193.0,0.0,0,290.47,0.0,1,1.95,0.02,SPY190628P00274000,274.0,0,0.0,0.0,,0.0,normalDay
2019-06-27,455.0,194.0,0.0,0,291.5,0.0,1,1.95,0.01,SPY190628P00274000,274.0,0,0.0,0.0,,0.0,normalDay
2019-06-28,650.0,0.0,195.0,0,293.0,0.0,1,1.95,0.0,SPY190628P00274000,274.0,0,0.0,0.0,,0.0,expirationDay
2019-07-01,650.0,-4.0,0.0,0,295.66,0.0,1,2.65,2.69,SPY190920P00277000,277.0,0,0.0,0.0,,0.0,normalDay
2019-07-02,650.0,34.0,0.0,0,296.43,0.0,1,2.65,2.31,SPY190920P00277000,277.0,0,0.0,0.0,,0.0,normalDay
2019-07-03,650.0,71.0,0.0,0,298.8,0.0,1,2.65,1.94,SPY190920P00277000,277.0,0,0.0,0.0,,0.0,normalDay
2019-07-05,650.0,60.0,0.0,0,298.46,0.0,1,2.65,2.05,SPY190920P00277000,277.0,0,0.0,0.0,,0.0,normalDay
2019-07-08,650.0,42.0,0.0,0,296.82,0.0,1,2.65,2.23,SPY190920P00277000,277.0,0,0.0,0.0,,0.0,normalDay
2019-07-09,650.0,39.0,0.0,0,297.19,0.0,1,2.65,2.26,SPY190920P00277000,277.0,0,0.0,0.0,,0.0,normalDay
2019-07-10,650.0,74.0,0.0,0,298.61,0.0,1,2.65,1.91,SPY190920P00277000,277.0,0,0.0,0.0,,0.0,normalDay
2019-07-11,650.0,87.0,0.0,0,299.31,0.0,1,2.65,1.78,SPY190920P00277000,277.0,0,0.0,0.0,,0.0,normalDay
2019-07-12,650.0,108.0,0.0,0,300.65,0.0,1,2.65,1.57,SPY190920P00277000,277.0,0,0.0,0.0,,0.0,normalDay
2019-07-15,650.0,111.0,0.0,0,300.75,0.0,1,2.65,1.54,SPY190920P00277000,277.0,0,0.0,0.0,,0.0,normalDay
2019-07-16,650.0,103.0,0.0,0,299.78,0.0,1,2.65,1.62,SPY190920P00277000,277.0,0,0.0,0.0,,0.0,normalDay
2019-07-17,650.0,71.0,0.0,0,297.74,0.0,1,2.65,1.94,SPY190920P00277000,277.0,0,0.0,0.0,,0.0,normalDay
2019-07-18,650.0,92.0,0.0,0,298.83,0.0,1,2.65,1.73,SPY190920P00277000,277.0,0,0.0,0.0,,0.0,normalDay
2019-07-19,650.0,70.0,0.0,0,297.17,0.0,1,2.65,1.95,SPY190920P00277000,277.0,0,0.0,0.0,,0.0,normalDay
2019-07-22,650.0,99.0,0.0,0,297.9,0.0,1,2.65,1.66,SPY190920P00277000,277.0,0,0.0,0.0,,0.0,normalDay
2019-07-23,650.0,133.0,0.0,0,300.03,0.0,1,2.65,1.32,SPY190920P00277000,277.0,0,0.0,0.0,,0.0,normalDay
2019-07-24,650.0,154.0,0.0,0,301.44,0.0,1,2.65,1.11,SPY190920P00277000,277.0,0,0.0,0.0,,0.0,normalDay
2019-07-25,650.0,136.0,0.0,0,300.0,0.0,1,2.65,1.29,SPY190920P00277000,277.0,0,0.0,0.0,,0.0,normalDay
2019-07-26,650.0,159.0,0.0,0,302.01,0.0,1,2.65,1.06,SPY190920P00277000,277.0,0,0.0,0.0,,0.0,normalDay
2019-07-29,650.0,159.0,0.0,0,301.46,0.0,1,2.65,1.06,SPY190920P00277000,277.0,0,0.0,0.0,,0.0,normalDay
2019-07-30,650.0,139.0,0.0,0,300.72,0.0,1,2.65,1.26,SPY190920P00277000,277.0,0,0.0,0.0,,0.0,normalDay
2019-07-31,650.0,85.0,0.0,0,297.43,0.0,1,2.65,1.8,SPY190920P00277000,277.0,0,0.0,0.0,,0.0,normalDay
2019-08-01,650.0,18.0,0.0,0,294.84,0.0,1,2.65,2.47,SPY190920P00277000,277.0,0,0.0,0.0,,0.0,normalDay
2019-08-02,650.0,-19.0,0.0,0,292.62,0.0,1,2.65,2.84,SPY190920P00277000,277.0,0,0.0,0.0,,0.0,normalDay
2019-08-05,650.0,-379.0,0.0,0,283.82,0.0,1,2.65,6.44,SPY190920P00277000,277.0,0,0.0,0.0,,0.0,normalDay
2019-08-06,650.0,-153.0,0.0,0,287.8,0.0,1,2.65,4.18,SPY190920P00277000,277.0,0,0.0,0.0,,0.0,normalDay
2019-08-07,650.0,-141.0,0.0,0,287.97,0.0,1,2.65,4.06,SPY190920P00277000,277.0,0,0.0,0.0,,0.0,normalDay
2019-08-08,650.0,26.0,0.0,0,293.62,0.0,1,2.65,2.39,SPY190920P00277000,277.0,0,0.0,0.0,,0.0,normalDay
2019-08-09,650.0,-18.0,0.0,0,291.62,0.0,1,2.65,2.83,SPY190920P00277000,277.0,0,0.0,0.0,,0.0,normalDay
2019-08-12,650.0,-151.0,0.0,0,288.07,0.0,1,2.65,4.16,SPY190920P00277000,277.0,0,0.0,0.0,,0.0,normalDay
2019-08-13,650.0,19.0,0.0,0,292.55,0.0,1,2.65,2.46,SPY190920P00277000,277.0,0,0.0,0.0,,0.0,normalDay
2019-08-14,650.0,-258.0,0.0,0,283.9,0.0,1,2.65,5.23,SPY190920P00277000,277.0,0,0.0,0.0,,0.0,normalDay
2019-08-15,650.0,-209.0,0.0,0,284.65,0.0,1,2.65,4.74,SPY190920P00277000,277.0,0,0.0,0.0,,0.0,normalDay
2019-08-16,650.0,-39.0,0.0,0,288.85,0.0,1,2.65,3.04,SPY190920P00277000,277.0,0,0.0,0.0,,0.0,normalDay
2019-08-19,650.0,79.0,0.0,0,292.33,0.0,1,2.65,1.86,SPY190920P00277000,277.0,0,0.0,0.0,,0.0,normalDay
2019-08-20,650.0,34.0,0.0,0,290.09,0.0,1,2.65,2.31,SPY190920P00277000,277.0,0,0.0,0.0,,0.0,normalDay
2019-08-21,650.0,119.0,0.0,0,292.45,0.0,1,2.65,1.46,SPY190920P00277000,277.0,0,0.0,0.0,,0.0,normalDay
2019-08-22,650.0,103.0,0.0,0,292.36,0.0,1,2.65,1.62,SPY190920P00277000,277.0,0,0.0,0.0,,0.0,normalDay
2019-08-23,650.0,-73.0,0.0,0,284.85,0.0,1,2.65,3.38,SPY190920P00277000,277.0,0,0.0,0.0,,0.0,normalDay
2019-08-26,650.0,15.0,0.0,0,288.0,0.0,1,2.65,2.5,SPY190920P00277000,277.0,0,0.0,0.0,,0.0,normalDay
2019-08-27,650.0,-25.0,0.0,0,286.87,0.0,1,2.65,2.9,SPY190920P00277000,277.0,0,0.0,0.0,,0.0,normalDay
2019-08-28,650.0,47.0,0.0,0,288.89,0.0,1,2.65,2.18,SPY190920P00277000,277.0,0,0.0,0.0,,0.0,normalDay
2019-08-29,650.0,123.0,0.0,0,292.58,0.0,1,2.65,1.42,SPY190920P00277000,277.0,0,0.0,0.0,,0.0,normalDay
2019-08-30,650.0,119.0,0.0,0,292.45,0.0,1,2.65,1.46,SPY190920P00277000,277.0,0,0.0,0.0,,0.0,normalDay
2019-09-03,650.0,116.0,0.0,0,290.74,0.0,1,2.65,1.49,SPY190920P00277000,277.0,0,0.0,0.0,,0.0,normalDay
2019-09-04,650.0,193.0,0.0,0,294.04,0.0,1,2.65,0.72,SPY190920P00277000,277.0,0,0.0,0.0,,0.0,normalDay
2019-09-05,650.0,225.0,0.0,0,297.82,0.0,1,2.65,0.4,SPY190920P00277000,277.0,0,0.0,0.0,,0.0,normalDay
2019-09-06,650.0,242.0,0.0,0,298.05,0.0,1,2.65,0.23,SPY190920P00277000,277.0,0,0.0,0.0,,0.0,normalDay
2019-09-09,650.0,247.0,0.0,0,298.2,0.0,1,2.65,0.18,SPY190920P00277000,277.0,0,0.0,0.0,,0.0,normalDay
2019-09-10,650.0,249.0,0.0,0,298.13,0.0,1,2.65,0.16,SPY190920P00277000,277.0,0,0.0,0.0,,0.0,normalDay
2019-09-11,650.0,255.0,0.0,0,300.25,0.0,1,2.65,0.1,SPY190920P00277000,277.0,0,0.0,0.0,,0.0,normalDay
2019-09-12,650.0,256.0,0.0,0,301.29,0.0,1,2.65,0.09,SPY190920P00277000,277.0,0,0.0,0.0,,0.0,normalDay
2019-09-13,650.0,258.0,0.0,0,301.09,0.0,1,2.65,0.07,SPY190920P00277000,277.0,0,0.0,0.0,,0.0,normalDay
2019-09-16,650.0,259.0,0.0,0,300.16,0.0,1,2.65,0.06,SPY190920P00277000,277.0,0,0.0,0.0,,0.0,normalDay
2019-09-17,650.0,260.0,0.0,0,300.92,0.0,1,2.65,0.05,SPY190920P00277000,277.0,0,0.0,0.0,,0.0,normalDay
2019-09-18,650.0,261.0,0.0,0,301.1,0.0,1,2.65,0.04,SPY190920P00277000,277.0,0,0.0,0.0,,0.0,normalDay
2019-09-19,650.0,263.0,0.0,0,301.08,0.0,1,2.65,0.02,SPY190920P00277000,277.0,0,0.0,0.0,,0.0,normalDay
2019-09-20,915.0,0.0,265.0,0,298.28,0.0,1,2.65,0.0,SPY190920P00277000,277.0,0,0.0,0.0,,0.0,expirationDay
2019-09-23,915.0,-3.0,0.0,0,298.21,0.0,1,2.09,2.12,SPY191115P00280000,280.0,0,0.0,0.0,,0.0,normalDay
2019-09-24,915.0,-66.0,0.0,0,295.87,0.0,1,2.09,2.75,SPY191115P00280000,280.0,0,0.0,0.0,,0.0,normalDay
2019-09-25,915.0,-26.0,0.0,0,297.62,0.0,1,2.09,2.35,SPY191115P00280000,280.0,0,0.0,0.0,,0.0,normalDay
2019-09-26,915.0,-24.0,0.0,0,297.0,0.0,1,2.09,2.33,SPY191115P00280000,280.0,0,0.0,0.0,,0.0,normalDay
2019-09-27,915.0,-68.0,0.0,0,295.4,0.0,1,2.09,2.77,SPY191115P00280000,280.0,0,0.0,0.0,,0.0,normalDay
2019-09-30,915.0,-10.0,0.0,0,296.77,0.0,1,2.09,2.19,SPY191115P00280000,280.0,0,0.0,0.0,,0.0,normalDay
2019-10-01,915.0,-107.0,0.0,0,293.24,0.0,1,2.09,3.16,SPY191115P00280000,280.0,0,0.0,0.0,,0.0,normalDay
2019-10-02,915.0,-284.0,0.0,0,288.06,0.0,1,2.09,4.93,SPY191115P00280000,280.0,0,0.0,0.0,,0.0,normalDay
2019-10-03,915.0,-176.0,0.0,0,290.42,0.0,1,2.09,3.85,SPY191115P00280000,280.0,0,0.0,0.0,,0.0,normalDay
2019-10-04,915.0,-47.0,0.0,0,294.35,0.0,1,2.09,2.56,SPY191115P00280000,280.0,0,0.0,0.0,,0.0,normalDay
2019-10-07,915.0,-69.0,0.0,0,293.08,0.0,1,2.09,2.78,SPY191115P00280000,280.0,0,0.0,0.0,,0.0,normalDay
2019-10-08,915.0,-210.0,0.0,0,288.53,0.0,1,2.09,4.19,SPY191115P00280000,280.0,0,0.0,0.0,,0.0,normalDay
2019-10-09,915.0,-102.0,0.0,0,291.27,0.0,1,2.09,3.11,SPY191115P00280000,280.0,0,0.0,0.0,,0.0,normalDay
2019-10-10,915.0,-29.0,0.0,0,293.24,0.0,1,2.09,2.38,SPY191115P00280000,280.0,0,0.0,0.0,,0.0,normalDay
2019-10-11,915.0,67.0,0.0,0,296.28,0.0,1,2.09,1.42,SPY191115P00280000,280.0,0,0.0,0.0,,0.0,normalDay
2019-10-14,915.0,90.0,0.0,0,295.95,0.0,1,2.09,1.19,SPY191115P00280000,280.0,0,0.0,0.0,,0.0,normalDay
2019-10-15,915.0,136.0,0.0,0,298.88,0.0,1,2.09,0.73,SPY191115P00280000,280.0,0,0.0,0.0,,0.0,normalDay
2019-10-16,915.0,137.0,0.0,0,298.4,0.0,1,2.09,0.72,SPY191115P00280000,280.0,0,0.0,0.0,,0.0,normalDay
2019-10-17,915.0,144.0,0.0,0,299.28,0.0,1,2.09,0.65,SPY191115P00280000,280.0,0,0.0,0.0,,0.0,normalDay
2019-10-18,915.0,136.0,0.0,0,297.97,0.0,1,2.09,0.73,SPY191115P00280000,280.0,0,0.0,0.0,,0.0,normalDay
2019-10-21,915.0,161.0,0.0,0,299.99,0.0,1,2.09,0.48,SPY191115P00280000,280.0,0,0.0,0.0,,0.0,normalDay
2019-10-22,915.0,156.0,0.0,0,299.01,0.0,1,2.09,0.53,SPY191115P00280000,280.0,0,0.0,0.0,,0.0,normalDay
2019-10-23,915.0,168.0,0.0,0,299.88,0.0,1,2.09,0.41,SPY191115P00280000,280.0,0,0.0,0.0,,0.0,normalDay
2019-10-24,915.0,175.0,0.0,0,300.37,0.0,1,2.09,0.34,SPY191115P00280000,280.0,0,0.0,0.0,,0.0,normalDay
2019-10-25,915.0,186.0,0.0,0,301.6,0.0,1,2.09,0.23,SPY191115P00280000,280.0,0,0.0,0.0,,0.0,normalDay
2019-10-28,915.0,191.0,0.0,0,303.3,0.0,1,2.09,0.18,SPY191115P00280000,280.0,0,0.0,0.0,,0.0,normalDay
2019-10-29,915.0,193.0,0.0,0,303.21,0.0,1,2.09,0.16,SPY191115P00280000,280.0,0,0.0,0.0,,0.0,normalDay
2019-10-30,915.0,197.0,0.0,0,304.14,0.0,1,2.09,0.12,SPY191115P00280000,280.0,0,0.0,0.0,,0.0,normalDay
2019-10-31,915.0,193.0,0.0,0,303.33,0.0,1,2.09,0.16,SPY191115P00280000,280.0,0,0.0,0.0,,0.0,normalDay
2019-11-01,915.0,201.0,0.0,0,306.14,0.0,1,2.09,0.08,SPY191115P00280000,280.0,0,0.0,0.0,,0.0,normalDay
2019-11-04,915.0,203.0,0.0,0,307.37,0.0,1,2.09,0.06,SPY191115P00280000,280.0,0,0.0,0.0,,0.0,normalDay
2019-11-05,915.0,204.0,0.0,0,307.03,0.0,1,2.09,0.05,SPY191115P00280000,280.0,0,0.0,0.0,,0.0,normalDay
2019-11-06,915.0,206.0,0.0,0,307.1,0.0,1,2.09,0.03,SPY191115P00280000,280.0,0,0.0,0.0,,0.0,normalDay
2019-11-07,915.0,207.0,0.0,0,308.18,0.0,1,2.09,0.02,SPY191115P00280000,280.0,0,0.0,0.0,,0.0,normalDay
2019-11-08,915.0,207.0,0.0,0,308.94,0.0,1,2.09,0.02,SPY191115P00280000,280.0,0,0.0,0.0,,0.0,normalDay
2019-11-11,915.0,207.0,0.0,0,308.35,0.0,1,2.09,0.02,SPY191115P00280000,280.0,0,0.0,0.0,,0.0,normalDay
2019-11-12,915.0,208.0,0.0,0,309.0,0.0,1,2.09,0.01,SPY191115P00280000,280.0,0,0.0,0.0,,0.0,normalDay
2019-11-13,915.0,208.0,0.0,0,309.1,0.0,1,2.09,0.01,SPY191115P00280000,280.0,0,0.0,0.0,,0.0,normalDay
2019-11-14,915.0,208.0,0.0,0,309.55,0.0,1,2.09,0.01,SPY191115P00280000,280.0,0,0.0,0.0,,0.0,normalDay
2019-11-15,1124.0,0.0,209.0,0,311.79,0.0,1,2.09,0.0,SPY191115P00280000,280.0,0,0.0,0.0,,0.0,expirationDay
2019-11-18,1124.0,-4.0,0.0,0,312.02,0.0,1,1.96,2.0,SPY200117P00293000,293.0,0,0.0,0.0,,0.0,normalDay
2019-11-19,1124.0,-14.0,0.0,0,311.93,0.0,1,1.96,2.1,SPY200117P00293000,293.0,0,0.0,0.0,,0.0,normalDay
2019-11-20,1124.0,-31.0,0.0,0,310.77,0.0,1,1.96,2.27,SPY200117P00293000,293.0,0,0.0,0.0,,0.0,normalDay
2019-11-21,1124.0,-38.0,0.0,0,310.27,0.0,1,1.96,2.34,SPY200117P00293000,293.0,0,0.0,0.0,,0.0,normalDay
2019-11-22,1124.0,-10.0,0.0,0,310.96,0.0,1,1.96,2.06,SPY200117P00293000,293.0,0,0.0,0.0,,0.0,normalDay
2019-11-25,1124.0,41.0,0.0,0,313.37,0.0,1,1.96,1.55,SPY200117P00293000,293.0,0,0.0,0.0,,0.0,normalDay
2019-11-26,1124.0,57.0,0.0,0,314.08,0.0,1,1.96,1.39,SPY200117P00293000,293.0,0,0.0,0.0,,0.0,normalDay
2019-11-27,1124.0,70.0,0.0,0,315.48,0.0,1,1.96,1.26,SPY200117P00293000,293.0,0,0.0,0.0,,0.0,normalDay
2019-11-29,1124.0,51.0,0.0,0,314.31,0.0,1,1.96,1.45,SPY200117P00293000,293.0,0,0.0,0.0,,0.0,normalDay
2019-12-02,1124.0,-8.0,0.0,0,311.64,0.0,1,1.96,2.04,SPY200117P00293000,293.0,0,0.0,0.0,,0.0,normalDay
2019-12-03,1124.0,-59.0,0.0,0,309.55,0.0,1,1.96,2.55,SPY200117P00293000,293.0,0,0.0,0.0,,0.0,normalDay
2019-12-04,1124.0,-11.0,0.0,0,311.46,0.0,1,1.96,2.07,SPY200117P00293000,293.0,0,0.0,0.0,,0.0,normalDay
2019-12-05,1124.0,16.0,0.0,0,312.02,0.0,1,1.96,1.8,SPY200117P00293000,293.0,0,0.0,0.0,,0.0,normalDay
2019-12-06,1124.0,62.0,0.0,0,314.87,0.0,1,1.96,1.34,SPY200117P00293000,293.0,0,0.0,0.0,,0.0,normalDay
2019-12-09,1124.0,33.0,0.0,0,313.88,0.0,1,1.96,1.63,SPY200117P00293000,293.0,0,0.0,0.0,,0.0,normalDay
2019-12-10,1124.0,44.0,0.0,0,313.53,0.0,1,1.96,1.52,SPY200117P00293000,293.0,0,0.0,0.0,,0.0,normalDay
2019-12-11,1124.0,67.0,0.0,0,314.42,0.0,1,1.96,1.29,SPY200117P00293000,293.0,0,0.0,0.0,,0.0,normalDay
2019-12-12,1124.0,105.0,0.0,0,317.13,0.0,1,1.96,0.91,SPY200117P00293000,293.0,0,0.0,0.0,,0.0,normalDay
2019-12-13,1124.0,128.0,0.0,0,317.32,0.0,1,1.96,0.68,SPY200117P00293000,293.0,0,0.0,0.0,,0.0,normalDay
2019-12-16,1124.0,149.0,0.0,0,319.5,0.0,1,1.96,0.47,SPY200117P00293000,293.0,0,0.0,0.0,,0.0,normalDay
2019-12-17,1124.0,148.0,0.0,0,319.57,0.0,1,1.96,0.48,SPY200117P00293000,293.0,0,0.0,0.0,,0.0,normalDay
2019-12-18,1124.0,149.0,0.0,0,319.59,0.0,1,1.96,0.47,SPY200117P00293000,293.0,0,0.0,0.0,,0.0,normalDay
2019-12-19,1124.0,154.0,0.0,0,320.9,0.0,1,1.96,0.42,SPY200117P00293000,293.0,0,0.0,0.0,,0.0,normalDay
2019-12-20,1124.0,157.0,0.0,0,320.73,0.0,1,1.96,0.39,SPY200117P00293000,293.0,0,0.0,0.0,,0.0,normalDay
2019-12-23,1124.0,161.0,0.0,0,321.22,0.0,1,1.96,0.35,SPY200117P00293000,293.0,0,0.0,0.0,,0.0,normalDay
2019-12-24,1124.0,164.0,0.0,0,321.23,0.0,1,1.96,0.32,SPY200117P00293000,293.0,0,0.0,0.0,,0.0,normalDay
2019-12-26,1124.0,172.0,0.0,0,322.94,0.0,1,1.96,0.24,SPY200117P00293000,293.0,0,0.0,0.0,,0.0,normalDay
2019-12-27,1124.0,172.0,0.0,0,322.86,0.0,1,1.96,0.24,SPY200117P00293000,293.0,0,0.0,0.0,,0.0,normalDay
2019-12-30,1124.0,169.0,0.0,0,321.08,0.0,1,1.96,0.27,SPY200117P00293000,293.0,0,0.0,0.0,,0.0,normalDay
2019-12-31,1124.0,174.0,0.0,0,321.86,0.0,1,1.96,0.22,SPY200117P00293000,293.0,0,0.0,0.0,,0.0,normalDay
2020-01-02,1124.0,187.0,0.0,0,324.87,0.0,1,1.96,0.09,SPY200117P00293000,293.0,0,0.0,0.0,,0.0,normalDay
2020-01-03,1124.0,182.0,0.0,0,322.41,0.0,1,1.96,0.14,SPY200117P00293000,293.0,0,0.0,0.0,,0.0,normalDay
2020-01-06,1124.0,190.0,0.0,0,323.64,0.0,1,1.96,0.06,SPY200117P00293000,293.0,0,0.0,0.0,,0.0,normalDay
2020-01-07,1124.0,191.0,0.0,0,322.73,0.0,1,1.96,0.05,SPY200117P00293000,293.0,0,0.0,0.0,,0.0,normalDay
2020-01-08,1124.0,190.0,0.0,0,324.45,0.0,1,1.96,0.06,SPY200117P00293000,293.0,0,0.0,0.0,,0.0,normalDay
2020-01-09,1124.0,192.0,0.0,0,326.65,0.0,1,1.96,0.04,SPY200117P00293000,293.0,0,0.0,0.0,,0.0,normalDay
2020-01-10,1124.0,194.0,0.0,0,325.71,0.0,1,1.96,0.02,SPY200117P00293000,293.0,0,0.0,0.0,,0.0,normalDay
2020-01-13,1124.0,194.0,0.0,0,327.95,0.0,1,1.96,0.02,SPY200117P00293000,293.0,0,0.0,0.0,,0.0,normalDay
2020-01-14,1124.0,195.0,0.0,0,327.45,0.0,1,1.96,0.01,SPY200117P00293000,293.0,0,0.0,0.0,,0.0,normalDay
2020-01-15,1124.0,195.0,0.0,0,328.19,0.0,1,1.96,0.01,SPY200117P00293000,293.0,0,0.0,0.0,,0.0,normalDay
2020-01-16,1124.0,195.0,0.0,0,330.92,0.0,1,1.96,0.01,SPY200117P00293000,293.0,0,0.0,0.0,,0.0,normalDay
2020-01-17,1320.0,0.0,196.0,0,331.95,0.0,1,1.96,0.0,SPY200117P00293000,293.0,0,0.0,0.0,,0.0,expirationDay
2020-01-21,1320.0,-4.0,0.0,0,331.3,0.0,1,3.39,3.43,SPY200417P00313000,313.0,0,0.0,0.0,,0.0,normalDay
2020-01-22,1320.0,-5.0,0.0,0,331.34,0.0,1,3.39,3.44,SPY200417P00313000,313.0,0,0.0,0.0,,0.0,normalDay
2020-01-23,1320.0,1.0,0.0,0,331.72,0.0,1,3.39,3.38,SPY200417P00313000,313.0,0,0.0,0.0,,0.0,normalDay
2020-01-24,1320.0,-87.0,0.0,0,328.77,0.0,1,3.39,4.26,SPY200417P00313000,313.0,0,0.0,0.0,,0.0,normalDay
2020-01-27,1320.0,-298.0,0.0,0,323.5,0.0,1,3.39,6.37,SPY200417P00313000,313.0,0,0.0,0.0,,0.0,normalDay
2020-01-28,1320.0,-151.0,0.0,0,326.89,0.0,1,3.39,4.9,SPY200417P00313000,313.0,0,0.0,0.0,,0.0,normalDay
2020-01-29,1320.0,-153.0,0.0,0,326.62,0.0,1,3.39,4.92,SPY200417P00313000,313.0,0,0.0,0.0,,0.0,normalDay
2020-01-30,1320.0,-89.0,0.0,0,327.68,0.0,1,3.39,4.28,SPY200417P00313000,313.0,0,0.0,0.0,,0.0,normalDay
2020-01-31,1320.0,-312.0,0.0,0,321.73,0.0,1,3.39,6.51,SPY200417P00313000,313.0,0,0.0,0.0,,0.0,normalDay
2020-02-03,1320.0,-229.0,0.0,0,324.12,0.0,1,3.39,5.68,SPY200417P00313000,313.0,0,0.0,0.0,,0.0,normalDay
2020-02-04,1320.0,-50.0,0.0,0,329.06,0.0,1,3.39,3.89,SPY200417P00313000,313.0,0,0.0,0.0,,0.0,normalDay
2020-02-05,1320.0,38.0,0.0,0,332.86,0.0,1,3.39,3.01,SPY200417P00313000,313.0,0,0.0,0.0,,0.0,normalDay
2020-02-06,1320.0,57.0,0.0,0,333.98,0.0,1,3.39,2.82,SPY200417P00313000,313.0,0,0.0,0.0,,0.0,normalDay
2020-02-07,1320.0,23.0,0.0,0,332.2,0.0,1,3.39,3.16,SPY200417P00313000,313.0,0,0.0,0.0,,0.0,normalDay
2020-02-10,1320.0,73.0,0.0,0,334.68,0.0,1,3.39,2.66,SPY200417P00313000,313.0,0,0.0,0.0,,0.0,normalDay
2020-02-11,1320.0,85.0,0.0,0,335.26,0.0,1,3.39,2.54,SPY200417P00313000,313.0,0,0.0,0.0,,0.0,normalDay
2020-02-12,1320.0,134.0,0.0,0,337.42,0.0,1,3.39,2.05,SPY200417P00313000,313.0,0,0.0,0.0,,0.0,normalDay
2020-02-13,1320.0,125.0,0.0,0,337.06,0.0,1,3.39,2.14,SPY200417P00313000,313.0,0,0.0,0.0,,0.0,normalDay
2020-02-14,1320.0,142.0,0.0,0,337.6,0.0,1,3.39,1.97,SPY200417P00313000,313.0,0,0.0,0.0,,0.0,normalDay
2020-02-18,1320.0,130.0,0.0,0,336.73,0.0,1,3.39,2.09,SPY200417P00313000,313.0,0,0.0,0.0,,0.0,normalDay
2020-02-19,1320.0,159.0,0.0,0,338.34,0.0,1,3.39,1.8,SPY200417P00313000,313.0,0,0.0,0.0,,0.0,normalDay
2020-02-20,1320.0,128.0,0.0,0,336.95,0.0,1,3.39,2.11,SPY200417P00313000,313.0,0,0.0,0.0,,0.0,normalDay
2020-02-21,1320.0,48.0,0.0,0,333.48,0.0,1,3.39,2.91,SPY200417P00313000,313.0,0,0.0,0.0,,0.0,normalDay
2020-02-24,1320.0,-358.0,0.0,0,322.42,0.0,1,3.39,6.97,SPY200417P00313000,313.0,0,0.0,0.0,,0.0,normalDay
2020-02-25,1320.0,-730.0,0.0,0,312.65,0.0,1,3.39,10.69,SPY200417P00313000,313.0,0,0.0,0.0,,0.0,normalDay
2020-02-26,1320.0,-804.0,0.0,0,311.5,0.0,1,3.39,11.43,SPY200417P00313000,313.0,0,0.0,0.0,,0.0,normalDay
2020-02-27,1320.0,-1807.0,0.0,0,297.51,0.0,1,3.39,21.46,SPY200417P00313000,313.0,0,0.0,0.0,,0.0,normalDay
2020-02-28,1320.0,-1917.0,0.0,0,296.26,0.0,1,3.39,22.56,SPY200417P00313000,313.0,0,0.0,0.0,,0.0,normalDay
2020-03-02,1320.0,-986.0,0.0,0,309.09,0.0,1,3.39,13.25,SPY200417P00313000,313.0,0,0.0,0.0,,0.0,normalDay
2020-03-03,1320.0,-1487.0,0.0,0,300.24,0.0,1,3.39,18.26,SPY200417P00313000,313.0,0,0.0,0.0,,0.0,normalDay
2020-03-04,1320.0,-851.0,0.0,0,312.86,0.0,1,3.39,11.9,SPY200417P00313000,313.0,0,0.0,0.0,,0.0,normalDay
2020-03-05,1320.0,-1560.0,0.0,0,302.46,0.0,1,3.39,18.99,SPY200417P00313000,313.0,0,0.0,0.0,,0.0,normalDay
2020-03-06,1320.0,-1939.0,0.0,0,297.46,0.0,1,3.39,22.78,SPY200417P00313000,313.0,0,0.0,0.0,,0.0,normalDay
2020-03-09,1320.0,-3910.0,0.0,0,274.23,0.0,1,3.39,42.49,SPY200417P00313000,313.0,0,0.0,0.0,,0.0,normalDay
2020-03-10,1320.0,-2635.0,0.0,0,288.42,0.0,1,3.39,29.74,SPY200417P00313000,313.0,0,0.0,0.0,,0.0,normalDay
2020-03-11,1320.0,-3846.0,0.0,0,274.36,0.0,1,3.39,41.85,SPY200417P00313000,313.0,0,0.0,0.0,,0.0,normalDay
2020-03-12,1320.0,-6333.0,0.0,0,248.11,0.0,1,3.39,66.72,SPY200417P00313000,313.0,0,0.0,0.0,,0.0,normalDay
2020-03-13,1320.0,-4323.0,0.0,0,269.32,0.0,1,3.39,46.62,SPY200417P00313000,313.0,0,0.0,0.0,,0.0,normalDay
2020-03-16,1320.0,-6856.0,0.0,0,239.85,0.0,1,3.39,71.95,SPY200417P00313000,313.0,0,0.0,0.0,,0.0,normalDay
2020-03-17,1320.0,-6014.0,0.0,0,252.8,0.0,1,3.39,63.53,SPY200417P00313000,313.0,0,0.0,0.0,,0.0,normalDay
2020-03-18,1320.0,-7113.0,0.0,0,240.0,0.0,1,3.39,74.52,SPY200417P00313000,313.0,0,0.0,0.0,,0.0,normalDay
2020-03-19,1320.0,-7119.0,0.0,0,240.51,0.0,1,3.39,74.58,SPY200417P00313000,313.0,0,0.0,0.0,,0.0,normalDay
2020-03-20,1320.0,-8075.0,0.0,0,228.8,0.0,1,3.39,84.14,SPY200417P00313000,313.0,0,0.0,0.0,,0.0,normalDay
2020-03-23,1320.0,-8871.0,0.0,0,222.95,0.0,1,3.39,92.1,SPY200417P00313000,313.0,0,0.0,0.0,,0.0,normalDay
2020-03-24,1320.0,-6749.0,0.0,0,243.15,0.0,1,3.39,70.88,SPY200417P00313000,313.0,0,0.0,0.0,,0.0,normalDay
2020-03-25,1320.0,-6286.0,0.0,0,246.79,0.0,1,3.39,66.25,SPY200417P00313000,313.0,0,0.0,0.0,,0.0,normalDay
2020-03-26,1320.0,-4935.0,0.0,0,261.2,0.0,1,3.39,52.74,SPY200417P00313000,313.0,0,0.0,0.0,,0.0,normalDay
2020-03-27,1320.0,-5715.0,0.0,0,253.42,0.0,1,3.39,60.54,SPY200417P00313000,313.0,0,0.0,0.0,,0.0,normalDay
2020-03-30,1320.0,-4913.0,0.0,0,261.65,0.0,1,3.39,52.52,SPY200417P00313000,313.0,0,0.0,0.0,,0.0,normalDay
2020-03-31,1320.0,-5313.0,0.0,0,257.75,0.0,1,3.39,56.52,SPY200417P00313000,313.0,0,0.0,0.0,,0.0,normalDay
2020-04-01,1320.0,-6397.0,0.0,0,246.15,0.0,1,3.39,67.36,SPY200417P00313000,313.0,0,0.0,0.0,,0.0,normalDay
2020-04-02,1320.0,-5714.0,0.0,0,251.83,0.0,1,3.39,60.53,SPY200417P00313000,313.0,0,0.0,0.0,,0.0,normalDay
2020-04-03,1320.0,-6138.0,0.0,0,248.19,0.0,1,3.39,64.77,SPY200417P00313000,313.0,0,0.0,0.0,,0.0,normalDay
2020-04-06,1320.0,-4470.0,0.0,0,264.86,0.0,1,3.39,48.09,SPY200417P00313000,313.0,0,0.0,0.0,,0.0,normalDay
2020-04-07,1320.0,-4572.0,0.0,0,265.13,0.0,1,3.39,49.11,SPY200417P00313000,313.0,0,0.0,0.0,,0.0,normalDay
2020-04-08,1320.0,-3583.0,0.0,0,274.03,0.0,1,3.39,39.22,SPY200417P00313000,313.0,0,0.0,0.0,,0.0,normalDay
2020-04-09,1320.0,-3172.0,0.0,0,278.2,0.0,1,3.39,35.11,SPY200417P00313000,313.0,0,0.0,0.0,,0.0,normalDay
2020-04-13,1320.0,-3410.0,0.0,0,275.66,0.0,1,3.39,37.49,SPY200417P00313000,313.0,0,0.0,0.0,,0.0,normalDay
2020-04-14,1320.0,-2573.0,0.0,0,283.79,0.0,1,3.39,29.12,SPY200417P00313000,313.0,0,0.0,0.0,,0.0,normalDay
2020-04-15,1320.0,-3207.0,0.0,0,277.76,0.0,1,3.39,35.46,SPY200417P00313000,313.0,0,0.0,0.0,,0.0,normalDay
2020-04-16,1320.0,-3055.0,0.0,0,279.1,0.0,1,3.39,33.94,SPY200417P00313000,313.0,0,0.0,0.0,,0.0,normalDay
2020-04-17,1659.0,-2636.0,339.0,100,286.64,313.0,1,3.39,0.0,SPY200417P00313000,313.0,0,0.0,0.0,,0.0,expirationDay
2020-04-20,1659.0,-3154.0,0.0,100,281.59,313.0,0,0.0,0.0,,0.0,1,24.26,24.39,SPY200529C00266000,266.0,normalDay
2020-04-21,1659.0,-3458.0,0.0,100,273.04,313.0,0,0.0,0.0,,0.0,1,24.26,18.88,SPY200529C00266000,266.0,normalDay
2020-04-22,1659.0,-3117.0,0.0,100,279.1,313.0,0,0.0,0.0,,0.0,1,24.26,21.53,SPY200529C00266000,266.0,normalDay
2020-04-23,1659.0,-3085.0,0.0,100,279.08,313.0,0,0.0,0.0,,0.0,1,24.26,21.19,SPY200529C00266000,266.0,normalDay
2020-04-24,1659.0,-2874.0,0.0,100,282.97,313.0,0,0.0,0.0,,0.0,1,24.26,22.97,SPY200529C00266000,266.0,normalDay
2020-04-27,1659.0,-2713.0,0.0,100,287.05,313.0,0,0.0,0.0,,0.0,1,24.26,25.44,SPY200529C00266000,266.0,normalDay
2020-04-28,1659.0,-2773.0,0.0,100,285.73,313.0,0,0.0,0.0,,0.0,1,24.26,24.72,SPY200529C00266000,266.0,normalDay
2020-04-29,1659.0,-2594.0,0.0,100,293.21,313.0,0,0.0,0.0,,0.0,1,24.26,30.41,SPY200529C00266000,266.0,normalDay
2020-04-30,1659.0,-2559.0,0.0,100,290.48,313.0,0,0.0,0.0,,0.0,1,24.26,27.33,SPY200529C00266000,266.0,normalDay
2020-05-01,1659.0,-2798.0,0.0,100,282.79,313.0,0,0.0,0.0,,0.0,1,24.26,22.03,SPY200529C00266000,266.0,normalDay
2020-05-04,1659.0,-2664.0,0.0,100,283.57,313.0,0,0.0,0.0,,0.0,1,24.26,21.47,SPY200529C00266000,266.0,normalDay
2020-05-05,1659.0,-2590.0,0.0,100,286.19,313.0,0,0.0,0.0,,0.0,1,24.26,23.35,SPY200529C00266000,266.0,normalDay
2020-05-06,1659.0,-2594.0,0.0,100,284.25,313.0,0,0.0,0.0,,0.0,1,24.26,21.45,SPY200529C00266000,266.0,normalDay
2020-05-07,1659.0,-2549.0,0.0,100,287.68,313.0,0,0.0,0.0,,0.0,1,24.26,24.43,SPY200529C00266000,266.0,normalDay
2020-05-08,1659.0,-2447.0,0.0,100,292.44,313.0,0,0.0,0.0,,0.0,1,24.26,28.17,SPY200529C00266000,266.0,normalDay
2020-05-11,1659.0,-2353.0,0.0,100,292.5,313.0,0,0.0,0.0,,0.0,1,24.26,27.29,SPY200529C00266000,266.0,normalDay
2020-05-12,1659.0,-2429.0,0.0,100,286.67,313.0,0,0.0,0.0,,0.0,1,24.26,22.22,SPY200529C00266000,266.0,normalDay
2020-05-13,1659.0,-2623.0,0.0,100,281.6,313.0,0,0.0,0.0,,0.0,1,24.26,19.09,SPY200529C00266000,266.0,normalDay
2020-05-14,1659.0,-2516.0,0.0,100,284.97,313.0,0,0.0,0.0,,0.0,1,24.26,21.39,SPY200529C00266000,266.0,normalDay
2020-05-15,1659.0,-2373.0,0.0,100,286.28,313.0,0,0.0,0.0,,0.0,1,24.26,21.27,SPY200529C00266000,266.0,normalDay
2020-05-18,1659.0,-2323.0,0.0,100,295.0,313.0,0,0.0,0.0,,0.0,1,24.26,29.49,SPY200529C00266000,266.0,normalDay
2020-05-19,1659.0,-2370.0,0.0,100,291.97,313.0,0,0.0,0.0,,0.0,1,24.26,26.93,SPY200529C00266000,266.0,normalDay
2020-05-20,1659.0,-2343.0,0.0,100,296.93,313.0,0,0.0,0.0,,0.0,1,24.26,31.62,SPY200529C00266000,266.0,normalDay
2020-05-21,1659.0,-2281.0,0.0,100,294.88,313.0,0,0.0,0.0,,0.0,1,24.26,28.95,SPY200529C00266000,266.0,normalDay
2020-05-22,1659.0,-2300.0,0.0,100,295.44,313.0,0,0.0,0.0,,0.0,1,24.26,29.7,SPY200529C00266000,266.0,normalDay
2020-05-26,1659.0,-2303.0,0.0,100,299.08,313.0,0,0.0,0.0,,0.0,1,24.26,33.37,SPY200529C00266000,266.0,normalDay
2020-05-27,1659.0,-2292.0,0.0,100,303.53,313.0,0,0.0,0.0,,0.0,1,24.26,37.71,SPY200529C00266000,266.0,normalDay
2020-05-28,1659.0,-2373.0,0.0,100,302.97,313.0,0,0.0,0.0,,0.0,1,24.26,37.96,SPY200529C00266000,266.0,normalDay
2020-05-29,-615.0,-2373.0,-2274.0,0,304.32,0.0,0,0.0,0.0,,0.0,1,24.26,0.0,SPY200529C00266000,266.0,expirationDay
2020-06-01,-615.0,-6.0,0.0,0,305.55,0.0,1,5.29,5.35,SPY200821P00267000,267.0,0,0.0,0.0,,0.0,normalDay
2020-06-02,-615.0,62.0,0.0,0,308.08,0.0,1,5.29,4.67,SPY200821P00267000,267.0,0,0.0,0.0,,0.0,normalDay
2020-06-03,-615.0,141.0,0.0,0,312.18,0.0,1,5.29,3.88,SPY200821P00267000,267.0,0,0.0,0.0,,0.0,normalDay
2020-06-04,-615.0,143.0,0.0,0,311.36,0.0,1,5.29,3.86,SPY200821P00267000,267.0,0,0.0,0.0,,0.0,normalDay
2020-06-05,-615.0,246.0,0.0,0,319.34,0.0,1,5.29,2.83,SPY200821P00267000,267.0,0,0.0,0.0,,0.0,normalDay
2020-06-08,-615.0,264.0,0.0,0,323.2,0.0,1,5.29,2.65,SPY200821P00267000,267.0,0,0.0,0.0,,0.0,normalDay
2020-06-09,-615.0,219.0,0.0,0,320.79,0.0,1,5.29,3.1,SPY200821P00267000,267.0,0,0.0,0.0,,0.0,normalDay
2020-06-10,-615.0,197.0,0.0,0,319.0,0.0,1,5.29,3.32,SPY200821P00267000,267.0,0,0.0,0.0,,0.0,normalDay
2020-06-11,-615.0,-311.0,0.0,0,300.61,0.0,1,5.29,8.4,SPY200821P00267000,267.0,0,0.0,0.0,,0.0,normalDay
2020-06-12,-615.0,-166.0,0.0,0,304.21,0.0,1,5.29,6.95,SPY200821P00267000,267.0,0,0.0,0.0,,0.0,normalDay
2020-06-15,-615.0,-56.0,0.0,0,307.05,0.0,1,5.29,5.85,SPY200821P00267000,267.0,0,0.0,0.0,,0.0,normalDay
2020-06-16,-615.0,28.0,0.0,0,312.96,0.0,1,5.29,5.01,SPY200821P00267000,267.0,0,0.0,0.0,,0.0,normalDay
2020-06-17,-615.0,37.0,0.0,0,311.66,0.0,1,5.29,4.92,SPY200821P00267000,267.0,0,0.0,0.0,,0.0,normalDay
2020-06-18,-615.0,64.0,0.0,0,311.78,0.0,1,5.29,4.65,SPY200821P00267000,267.0,0,0.0,0.0,,0.0,normalDay
2020-06-19,-615.0,1.0,0.0,0,308.64,0.0,1,5.29,5.28,SPY200821P00267000,267.0,0,0.0,0.0,,0.0,normalDay
2020-06-22,-615.0,132.0,0.0,0,310.62,0.0,1,5.29,3.97,SPY200821P00267000,267.0,0,0.0,0.0,,0.0,normalDay
2020-06-23,-615.0,160.0,0.0,0,312.05,0.0,1,5.29,3.69,SPY200821P00267000,267.0,0,0.0,0.0,,0.0,normalDay
2020-06-24,-615.0,50.0,0.0,0,304.09,0.0,1,5.29,4.79,SPY200821P00267000,267.0,0,0.0,0.0,,0.0,normalDay
2020-06-25,-615.0,142.0,0.0,0,307.35,0.0,1,5.29,3.87,SPY200821P00267000,267.0,0,0.0,0.0,,0.0,normalDay
2020-06-26,-615.0,25.0,0.0,0,300.05,0.0,1,5.29,5.04,SPY200821P00267000,267.0,0,0.0,0.0,,0.0,normalDay
2020-06-29,-615.0,145.0,0.0,0,304.46,0.0,1,5.29,3.84,SPY200821P00267000,267.0,0,0.0,0.0,,0.0,normalDay
2020-06-30,-615.0,232.0,0.0,0,308.36,0.0,1,5.29,2.97,SPY200821P00267000,267.0,0,0.0,0.0,,0.0,normalDay
2020-07-01,-615.0,277.0,0.0,0,310.52,0.0,1,5.29,2.52,SPY200821P00267000,267.0,0,0.0,0.0,,0.0,normalDay
2020-07-02,-615.0,312.0,0.0,0,312.23,0.0,1,5.29,2.17,SPY200821P00267000,267.0,0,0.0,0.0,,0.0,normalDay
2020-07-06,-615.0,354.0,0.0,0,317.05,0.0,1,5.29,1.75,SPY200821P00267000,267.0,0,0.0,0.0,,0.0,normalDay
2020-07-07,-615.0,321.0,0.0,0,313.78,0.0,1,5.29,2.08,SPY200821P00267000,267.0,0,0.0,0.0,,0.0,normalDay
2020-07-08,-615.0,361.0,0.0,0,316.18,0.0,1,5.29,1.68,SPY200821P00267000,267.0,0,0.0,0.0,,0.0,normalDay
2020-07-09,-615.0,342.0,0.0,0,314.38,0.0,1,5.29,1.87,SPY200821P00267000,267.0,0,0.0,0.0,,0.0,normalDay
2020-07-10,-615.0,385.0,0.0,0,317.59,0.0,1,5.29,1.44,SPY200821P00267000,267.0,0,0.0,0.0,,0.0,normalDay
2020-07-13,-615.0,318.0,0.0,0,314.84,0.0,1,5.29,2.11,SPY200821P00267000,267.0,0,0.0,0.0,,0.0,normalDay
2020-07-14,-615.0,383.0,0.0,0,318.92,0.0,1,5.29,1.46,SPY200821P00267000,267.0,0,0.0,0.0,,0.0,normalDay
2020-07-15,-615.0,422.0,0.0,0,321.85,0.0,1,5.29,1.07,SPY200821P00267000,267.0,0,0.0,0.0,,0.0,normalDay
2020-07-16,-615.0,419.0,0.0,0,320.79,0.0,1,5.29,1.1,SPY200821P00267000,267.0,0,0.0,0.0,,0.0,normalDay
2020-07-17,-615.0,453.0,0.0,0,321.72,0.0,1,5.29,0.76,SPY200821P00267000,267.0,0,0.0,0.0,,0.0,normalDay
2020-07-20,-615.0,473.0,0.0,0,324.32,0.0,1,5.29,0.56,SPY200821P00267000,267.0,0,0.0,0.0,,0.0,normalDay
2020-07-21,-615.0,473.0,0.0,0,325.01,0.0,1,5.29,0.56,SPY200821P00267000,267.0,0,0.0,0.0,,0.0,normalDay
2020-07-22,-615.0,478.0,0.0,0,326.86,0.0,1,5.29,0.51,SPY200821P00267000,267.0,0,0.0,0.0,,0.0,normalDay
2020-07-23,-615.0,465.0,0.0,0,322.96,0.0,1,5.29,0.64,SPY200821P00267000,267.0,0,0.0,0.0,,0.0,normalDay
2020-07-24,-615.0,474.0,0.0,0,320.88,0.0,1,5.29,0.55,SPY200821P00267000,267.0,0,0.0,0.0,,0.0,normalDay
2020-07-27,-615.0,490.0,0.0,0,323.22,0.0,1,5.29,0.39,SPY200821P00267000,267.0,0,0.0,0.0,,0.0,normalDay
2020-07-28,-615.0,489.0,0.0,0,321.17,0.0,1,5.29,0.4,SPY200821P00267000,267.0,0,0.0,0.0,,0.0,normalDay
2020-07-29,-615.0,499.0,0.0,0,325.12,0.0,1,5.29,0.3,SPY200821P00267000,267.0,0,0.0,0.0,,0.0,normalDay
2020-07-30,-615.0,499.0,0.0,0,323.96,0.0,1,5.29,0.3,SPY200821P00267000,267.0,0,0.0,0.0,,0.0,normalDay
2020-07-31,-615.0,506.0,0.0,0,326.52,0.0,1,5.29,0.23,SPY200821P00267000,267.0,0,0.0,0.0,,0.0,normalDay
2020-08-03,-615.0,511.0,0.0,0,328.79,0.0,1,5.29,0.18,SPY200821P00267000,267.0,0,0.0,0.0,,0.0,normalDay
2020-08-04,-615.0,514.0,0.0,0,330.06,0.0,1,5.29,0.15,SPY200821P00267000,267.0,0,0.0,0.0,,0.0,normalDay
2020-08-05,-615.0,518.0,0.0,0,332.11,0.0,1,5.29,0.11,SPY200821P00267000,267.0,0,0.0,0.0,,0.0,normalDay
2020-08-06,-615.0,518.0,0.0,0,334.33,0.0,1,5.29,0.11,SPY200821P00267000,267.0,0,0.0,0.0,,0.0,normalDay
2020-08-07,-615.0,521.0,0.0,0,334.57,0.0,1,5.29,0.08,SPY200821P00267000,267.0,0,0.0,0.0,,0.0,normalDay
2020-08-10,-615.0,524.0,0.0,0,335.57,0.0,1,5.29,0.05,SPY200821P00267000,267.0,0,0.0,0.0,,0.0,normalDay
2020-08-11,-615.0,522.0,0.0,0,332.8,0.0,1,5.29,0.07,SPY200821P00267000,267.0,0,0.0,0.0,,0.0,normalDay
2020-08-12,-615.0,525.0,0.0,0,337.44,0.0,1,5.29,0.04,SPY200821P00267000,267.0,0,0.0,0.0,,0.0,normalDay
2020-08-13,-615.0,525.0,0.0,0,336.83,0.0,1,5.29,0.04,SPY200821P00267000,267.0,0,0.0,0.0,,0.0,normalDay
2020-08-14,-615.0,527.0,0.0,0,336.84,0.0,1,5.29,0.02,SPY200821P00267000,267.0,0,0.0,0.0,,0.0,normalDay
2020-08-17,-615.0,527.0,0.0,0,337.91,0.0,1,5.29,0.02,SPY200821P00267000,267.0,0,0.0,0.0,,0.0,normalDay
2020-08-18,-615.0,527.0,0.0,0,338.64,0.0,1,5.29,0.02,SPY200821P00267000,267.0,0,0.0,0.0,,0.0,normalDay
2020-08-19,-615.0,527.0,0.0,0,337.23,0.0,1,5.29,0.02,SPY200821P00267000,267.0,0,0.0,0.0,,0.0,normalDay
2020-08-20,-615.0,528.0,0.0,0,338.28,0.0,1,5.29,0.01,SPY200821P00267000,267.0,0,0.0,0.0,,0.0,normalDay
2020-08-21,-86.0,0.0,529.0,0,339.48,0.0,1,5.29,0.0,SPY200821P00267000,267.0,0,0.0,0.0,,0.0,expirationDay
2020-08-24,-86.0,-4.0,0.0,0,342.92,0.0,1,3.75,3.79,SPY201016P00314000,314.0,0,0.0,0.0,,0.0,normalDay
2020-08-25,-86.0,28.0,0.0,0,344.12,0.0,1,3.75,3.47,SPY201016P00314000,314.0,0,0.0,0.0,,0.0,normalDay
2020-08-26,-86.0,45.0,0.0,0,347.57,0.0,1,3.75,3.3,SPY201016P00314000,314.0,0,0.0,0.0,,0.0,normalDay
2020-08-27,-86.0,39.0,0.0,0,348.33,0.0,1,3.75,3.36,SPY201016P00314000,314.0,0,0.0,0.0,,0.0,normalDay
2020-08-28,-86.0,90.0,0.0,0,350.58,0.0,1,3.75,2.85,SPY201016P00314000,314.0,0,0.0,0.0,,0.0,normalDay
2020-08-31,-86.0,40.0,0.0,0,349.31,0.0,1,3.75,3.35,SPY201016P00314000,314.0,0,0.0,0.0,,0.0,normalDay
2020-09-01,-86.0,69.0,0.0,0,352.6,0.0,1,3.75,3.06,SPY201016P00314000,314.0,0,0.0,0.0,,0.0,normalDay
2020-09-02,-86.0,119.0,0.0,0,357.7,0.0,1,3.75,2.56,SPY201016P00314000,314.0,0,0.0,0.0,,0.0,normalDay
2020-09-03,-86.0,-107.0,0.0,0,345.39,0.0,1,3.75,4.82,SPY201016P00314000,314.0,0,0.0,0.0,,0.0,normalDay
2020-09-04,-86.0,-88.0,0.0,0,342.57,0.0,1,3.75,4.63,SPY201016P00314000,314.0,0,0.0,0.0,,0.0,normalDay
2020-09-08,-86.0,-203.0,0.0,0,333.21,0.0,1,3.75,5.78,SPY201016P00314000,314.0,0,0.0,0.0,,0.0,normalDay
2020-09-09,-86.0,-29.0,0.0,0,339.79,0.0,1,3.75,4.04,SPY201016P00314000,314.0,0,0.0,0.0,,0.0,normalDay
2020-09-10,-86.0,-116.0,0.0,0,333.89,0.0,1,3.75,4.91,SPY201016P00314000,314.0,0,0.0,0.0,,0.0,normalDay
2020-09-11,-86.0,-67.0,0.0,0,334.06,0.0,1,3.75,4.42,SPY201016P00314000,314.0,0,0.0,0.0,,0.0,normalDay
2020-09-14,-86.0,81.0,0.0,0,338.46,0.0,1,3.75,2.94,SPY201016P00314000,314.0,0,0.0,0.0,,0.0,normalDay
2020-09-15,-86.0,111.0,0.0,0,340.17,0.0,1,3.75,2.64,SPY201016P00314000,314.0,0,0.0,0.0,,0.0,normalDay
2020-09-16,-86.0,92.0,0.0,0,338.82,0.0,1,3.75,2.83,SPY201016P00314000,314.0,0,0.0,0.0,,0.0,normalDay
2020-09-17,-86.0,70.0,0.0,0,335.84,0.0,1,3.75,3.05,SPY201016P00314000,314.0,0,0.0,0.0,,0.0,normalDay
2020-09-18,-86.0,39.0,0.0,0,330.65,0.0,1,3.75,3.36,SPY201016P00314000,314.0,0,0.0,0.0,,0.0,normalDay
2020-09-21,-86.0,-30.0,0.0,0,326.97,0.0,1,3.75,4.05,SPY201016P00314000,314.0,0,0.0,0.0,,0.0,normalDay
2020-09-22,-86.0,53.0,0.0,0,330.3,0.0,1,3.75,3.22,SPY201016P00314000,314.0,0,0.0,0.0,,0.0,normalDay
2020-09-23,-86.0,-141.0,0.0,0,322.64,0.0,1,3.75,5.16,SPY201016P00314000,314.0,0,0.0,0.0,,0.0,normalDay
2020-09-24,-86.0,-84.0,0.0,0,323.5,0.0,1,3.75,4.59,SPY201016P00314000,314.0,0,0.0,0.0,,0.0,normalDay
2020-09-25,-86.0,84.0,0.0,0,328.73,0.0,1,3.75,2.91,SPY201016P00314000,314.0,0,0.0,0.0,,0.0,normalDay
2020-09-28,-86.0,200.0,0.0,0,334.19,0.0,1,3.75,1.75,SPY201016P00314000,314.0,0,0.0,0.0,,0.0,normalDay
2020-09-29,-86.0,184.0,0.0,0,332.37,0.0,1,3.75,1.91,SPY201016P00314000,314.0,0,0.0,0.0,,0.0,normalDay
2020-09-30,-86.0,205.0,0.0,0,334.89,0.0,1,3.75,1.7,SPY201016P00314000,314.0,0,0.0,0.0,,0.0,normalDay
2020-10-01,-86.0,254.0,0.0,0,337.04,0.0,1,3.75,1.21,SPY201016P00314000,314.0,0,0.0,0.0,,0.0,normalDay
2020-10-02,-86.0,240.0,0.0,0,333.84,0.0,1,3.75,1.35,SPY201016P00314000,314.0,0,0.0,0.0,,0.0,normalDay
2020-10-05,-86.0,325.0,0.0,0,339.76,0.0,1,3.75,0.5,SPY201016P00314000,314.0,0,0.0,0.0,,0.0,normalDay
2020-10-06,-86.0,291.0,0.0,0,334.93,0.0,1,3.75,0.84,SPY201016P00314000,314.0,0,0.0,0.0,,0.0,normalDay
2020-10-07,-86.0,347.0,0.0,0,340.76,0.0,1,3.75,0.28,SPY201016P00314000,314.0,0,0.0,0.0,,0.0,normalDay
2020-10-08,-86.0,360.0,0.0,0,343.78,0.0,1,3.75,0.15,SPY201016P00314000,314.0,0,0.0,0.0,,0.0,normalDay
2020-10-09,-86.0,367.0,0.0,0,346.85,0.0,1,3.75,0.08,SPY201016P00314000,314.0,0,0.0,0.0,,0.0,normalDay
2020-10-12,-86.0,370.0,0.0,0,352.43,0.0,1,3.75,0.05,SPY201016P00314000,314.0,0,0.0,0.0,,0.0,normalDay
2020-10-13,-86.0,372.0,0.0,0,350.13,0.0,1,3.75,0.03,SPY201016P00314000,314.0,0,0.0,0.0,,0.0,normalDay
2020-10-14,-86.0,372.0,0.0,0,347.93,0.0,1,3.75,0.03,SPY201016P00314000,314.0,0,0.0,0.0,,0.0,normalDay
2020-10-15,-86.0,373.0,0.0,0,347.5,0.0,1,3.75,0.02,SPY201016P00314000,314.0,0,0.0,0.0,,0.0,normalDay
2020-10-16,289.0,0.0,375.0,0,347.29,0.0,1,3.75,0.0,SPY201016P00314000,314.0,0,0.0,0.0,,0.0,expirationDay
2020-10-19,289.0,-6.0,0.0,0,342.01,0.0,1,6.65,6.71,SPY201231P00309000,309.0,0,0.0,0.0,,0.0,normalDay
2020-10-20,289.0,11.0,0.0,0,343.38,0.0,1,6.65,6.54,SPY201231P00309000,309.0,0,0.0,0.0,,0.0,normalDay
2020-10-21,289.0,54.0,0.0,0,342.73,0.0,1,6.65,6.11,SPY201231P00309000,309.0,0,0.0,0.0,,0.0,normalDay
2020-10-22,289.0,91.0,0.0,0,344.61,0.0,1,6.65,5.74,SPY201231P00309000,309.0,0,0.0,0.0,,0.0,normalDay
2020-10-23,289.0,120.0,0.0,0,345.78,0.0,1,6.65,5.45,SPY201231P00309000,309.0,0,0.0,0.0,,0.0,normalDay
2020-10-26,289.0,-69.0,0.0,0,339.39,0.0,1,6.65,7.34,SPY201231P00309000,309.0,0,0.0,0.0,,0.0,normalDay
2020-10-27,289.0,-96.0,0.0,0,338.22,0.0,1,6.65,7.61,SPY201231P00309000,309.0,0,0.0,0.0,,0.0,normalDay
2020-10-28,289.0,-578.0,0.0,0,326.66,0.0,1,6.65,12.43,SPY201231P00309000,309.0,0,0.0,0.0,,0.0,normalDay
2020-10-29,289.0,-336.0,0.0,0,329.98,0.0,1,6.65,10.01,SPY201231P00309000,309.0,0,0.0,0.0,,0.0,normalDay
2020-10-30,289.0,-447.0,0.0,0,326.54,0.0,1,6.65,11.12,SPY201231P00309000,309.0,0,0.0,0.0,,0.0,normalDay
2020-11-02,289.0,-274.0,0.0,0,330.2,0.0,1,6.65,9.39,SPY201231P00309000,309.0,0,0.0,0.0,,0.0,normalDay
2020-11-03,289.0,-105.0,0.0,0,336.03,0.0,1,6.65,7.7,SPY201231P00309000,309.0,0,0.0,0.0,,0.0,normalDay
2020-11-04,289.0,164.0,0.0,0,343.54,0.0,1,6.65,5.01,SPY201231P00309000,309.0,0,0.0,0.0,,0.0,normalDay
2020-11-05,289.0,272.0,0.0,0,350.24,0.0,1,6.65,3.93,SPY201231P00309000,309.0,0,0.0,0.0,,0.0,normalDay
2020-11-06,289.0,343.0,0.0,0,350.16,0.0,1,6.65,3.22,SPY201231P00309000,309.0,0,0.0,0.0,,0.0,normalDay
2020-11-09,289.0,412.0,0.0,0,354.56,0.0,1,6.65,2.53,SPY201231P00309000,309.0,0,0.0,0.0,,0.0,normalDay
2020-11-10,289.0,427.0,0.0,0,354.04,0.0,1,6.65,2.38,SPY201231P00309000,309.0,0,0.0,0.0,,0.0,normalDay
2020-11-11,289.0,466.0,0.0,0,356.67,0.0,1,6.65,1.99,SPY201231P00309000,309.0,0,0.0,0.0,,0.0,normalDay
2020-11-12,289.0,415.0,0.0,0,353.21,0.0,1,6.65,2.5,SPY201231P00309000,309.0,0,0.0,0.0,,0.0,normalDay
2020-11-13,289.0,485.0,0.0,0,358.1,0.0,1,6.65,1.8,SPY201231P00309000,309.0,0,0.0,0.0,,0.0,normalDay
2020-11-16,289.0,528.0,0.0,0,362.57,0.0,1,6.65,1.37,SPY201231P00309000,309.0,0,0.0,0.0,,0.0,normalDay
2020-11-17,289.0,528.0,0.0,0,360.62,0.0,1,6.65,1.37,SPY201231P00309000,309.0,0,0.0,0.0,,0.0,normalDay
2020-11-18,289.0,501.0,0.0,0,356.28,0.0,1,6.65,1.64,SPY201231P00309000,309.0,0,0.0,0.0,,0.0,normalDay
2020-11-19,289.0,526.0,0.0,0,357.78,0.0,1,6.65,1.39,SPY201231P00309000,309.0,0,0.0,0.0,,0.0,normalDay
2020-11-20,289.0,514.0,0.0,0,355.33,0.0,1,6.65,1.51,SPY201231P00309000,309.0,0,0.0,0.0,,0.0,normalDay
2020-11-23,289.0,547.0,0.0,0,357.46,0.0,1,6.65,1.18,SPY201231P00309000,309.0,0,0.0,0.0,,0.0,normalDay
2020-11-24,289.0,579.0,0.0,0,363.22,0.0,1,6.65,0.86,SPY201231P00309000,309.0,0,0.0,0.0,,0.0,normalDay
2020-11-25,289.0,585.0,0.0,0,362.66,0.0,1,6.65,0.8,SPY201231P00309000,309.0,0,0.0,0.0,,0.0,normalDay
2020-11-27,289.0,600.0,0.0,0,363.67,0.0,1,6.65,0.65,SPY201231P00309000,309.0,0,0.0,0.0,,0.0,normalDay
2020-11-30,289.0,610.0,0.0,0,362.06,0.0,1,6.65,0.55,SPY201231P00309000,309.0,0,0.0,0.0,,0.0,normalDay
2020-12-01,289.0,613.0,0.0,0,366.02,0.0,1,6.65,0.52,SPY201231P00309000,309.0,0,0.0,0.0,,0.0,normalDay
2020-12-02,289.0,614.0,0.0,0,366.79,0.0,1,6.65,0.51,SPY201231P00309000,309.0,0,0.0,0.0,,0.0,normalDay
2020-12-03,289.0,613.0,0.0,0,366.69,0.0,1,6.65,0.52,SPY201231P00309000,309.0,0,0.0,0.0,,0.0,normalDay
2020-12-04,289.0,627.0,0.0,0,369.85,0.0,1,6.65,0.38,SPY201231P00309000,309.0,0,0.0,0.0,,0.0,normalDay
2020-12-07,289.0,633.0,0.0,0,369.09,0.0,1,6.65,0.32,SPY201231P00309000,309.0,0,0.0,0.0,,0.0,normalDay
2020-12-08,289.0,639.0,0.0,0,370.17,0.0,1,6.65,0.26,SPY201231P00309000,309.0,0,0.0,0.0,,0.0,normalDay
2020-12-09,289.0,632.0,0.0,0,366.85,0.0,1,6.65,0.33,SPY201231P00309000,309.0,0,0.0,0.0,,0.0,normalDay
2020-12-10,289.0,632.0,0.0,0,366.73,0.0,1,6.65,0.33,SPY201231P00309000,309.0,0,0.0,0.0,,0.0,normalDay
2020-12-11,289.0,630.0,0.0,0,366.3,0.0,1,6.65,0.35,SPY201231P00309000,309.0,0,0.0,0.0,,0.0,normalDay
2020-12-14,289.0,623.0,0.0,0,364.66,0.0,1,6.65,0.42,SPY201231P00309000,309.0,0,0.0,0.0,,0.0,normalDay
2020-12-15,289.0,639.0,0.0,0,369.59,0.0,1,6.65,0.26,SPY201231P00309000,309.0,0,0.0,0.0,,0.0,normalDay
2020-12-16,289.0,644.0,0.0,0,370.17,0.0,1,6.65,0.21,SPY201231P00309000,309.0,0,0.0,0.0,,0.0,normalDay
2020-12-17,289.0,648.0,0.0,0,372.24,0.0,1,6.65,0.17,SPY201231P00309000,309.0,0,0.0,0.0,,0.0,normalDay
2020-12-18,289.0,654.0,0.0,0,369.18,0.0,1,6.65,0.11,SPY201231P00309000,309.0,0,0.0,0.0,,0.0,normalDay
2020-12-21,289.0,653.0,0.0,0,367.86,0.0,1,6.65,0.12,SPY201231P00309000,309.0,0,0.0,0.0,,0.0,normalDay
2020-12-22,289.0,657.0,0.0,0,367.24,0.0,1,6.65,0.08,SPY201231P00309000,309.0,0,0.0,0.0,,0.0,normalDay
2020-12-23,289.0,659.0,0.0,0,367.57,0.0,1,6.65,0.06,SPY201231P00309000,309.0,0,0.0,0.0,,0.0,normalDay
2020-12-24,289.0,662.0,0.0,0,369.0,0.0,1,6.65,0.03,SPY201231P00309000,309.0,0,0.0,0.0,,0.0,normalDay
2020-12-28,289.0,664.0,0.0,0,372.17,0.0,1,6.65,0.01,SPY201231P00309000,309.0,0,0.0,0.0,,0.0,normalDay
2020-12-29,289.0,664.0,0.0,0,371.46,0.0,1,6.65,0.01,SPY201231P00309000,309.0,0,0.0,0.0,,0.0,normalDay
2020-12-30,289.0,664.0,0.0,0,371.99,0.0,1,6.65,0.01,SPY201231P00309000,309.0,0,0.0,0.0,,0.0,normalDay
2020-12-31,954.0,0.0,665.0,0,373.88,0.0,1,6.65,0.0,SPY201231P00309000,309.0,0,0.0,0.0,,0.0,expirationDay
2021-01-04,954.0,-10.0,0.0,0,368.79,0.0,1,13.05,13.15,SPY210331P00361000,361.0,0,0.0,0.0,,0.0,normalDay
2021-01-05,954.0,120.0,0.0,0,371.33,0.0,1,13.05,11.85,SPY210331P00361000,361.0,0,0.0,0.0,,0.0,normalDay
2021-01-06,954.0,180.0,0.0,0,373.55,0.0,1,13.05,11.25,SPY210331P00361000,361.0,0,0.0,0.0,,0.0,normalDay
2021-01-07,954.0,414.0,0.0,0,379.1,0.0,1,13.05,8.91,SPY210331P00361000,361.0,0,0.0,0.0,,0.0,normalDay
2021-01-08,954.0,487.0,0.0,0,381.26,0.0,1,13.05,8.18,SPY210331P00361000,361.0,0,0.0,0.0,,0.0,normalDay
2021-01-11,954.0,367.0,0.0,0,378.69,0.0,1,13.05,9.38,SPY210331P00361000,361.0,0,0.0,0.0,,0.0,normalDay
2021-01-12,954.0,402.0,0.0,0,378.77,0.0,1,13.05,9.03,SPY210331P00361000,361.0,0,0.0,0.0,,0.0,normalDay
2021-01-13,954.0,471.0,0.0,0,379.79,0.0,1,13.05,8.34,SPY210331P00361000,361.0,0,0.0,0.0,,0.0,normalDay
2021-01-14,954.0,419.0,0.0,0,378.46,0.0,1,13.05,8.86,SPY210331P00361000,361.0,0,0.0,0.0,,0.0,normalDay
2021-01-15,954.0,298.0,0.0,0,375.7,0.0,1,13.05,10.07,SPY210331P00361000,361.0,0,0.0,0.0,,0.0,normalDay
2021-01-19,954.0,450.0,0.0,0,378.65,0.0,1,13.05,8.55,SPY210331P00361000,361.0,0,0.0,0.0,,0.0,normalDay
2021-01-20,954.0,610.0,0.0,0,383.89,0.0,1,13.05,6.95,SPY210331P00361000,361.0,0,0.0,0.0,,0.0,normalDay
2021-01-21,954.0,632.0,0.0,0,384.24,0.0,1,13.05,6.73,SPY210331P00361000,361.0,0,0.0,0.0,,0.0,normalDay
2021-01-22,954.0,599.0,0.0,0,382.88,0.0,1,13.05,7.06,SPY210331P00361000,361.0,0,0.0,0.0,,0.0,normalDay
2021-01-25,954.0,610.0,0.0,0,384.39,0.0,1,13.05,6.95,SPY210331P00361000,361.0,0,0.0,0.0,,0.0,normalDay
2021-01-26,954.0,614.0,0.0,0,383.79,0.0,1,13.05,6.91,SPY210331P00361000,361.0,0,0.0,0.0,,0.0,normalDay
2021-01-27,954.0,76.0,0.0,0,374.41,0.0,1,13.05,12.29,SPY210331P00361000,361.0,0,0.0,0.0,,0.0,normalDay
2021-01-28,954.0,293.0,0.0,0,377.63,0.0,1,13.05,10.12,SPY210331P00361000,361.0,0,0.0,0.0,,0.0,normalDay
2021-01-29,954.0,-84.0,0.0,0,370.07,0.0,1,13.05,13.89,SPY210331P00361000,361.0,0,0.0,0.0,,0.0,normalDay
2021-02-01,954.0,265.0,0.0,0,376.23,0.0,1,13.05,10.4,SPY210331P00361000,361.0,0,0.0,0.0,,0.0,normalDay
2021-02-02,954.0,568.0,0.0,0,381.55,0.0,1,13.05,7.37,SPY210331P00361000,361.0,0,0.0,0.0,,0.0,normalDay
2021-02-03,954.0,647.0,0.0,0,381.85,0.0,1,13.05,6.58,SPY210331P00361000,361.0,0,0.0,0.0,,0.0,normalDay
2021-02-04,954.0,766.0,0.0,0,386.19,0.0,1,13.05,5.39,SPY210331P00361000,361.0,0,0.0,0.0,,0.0,normalDay
2021-02-05,954.0,812.0,0.0,0,387.71,0.0,1,13.05,4.93,SPY210331P00361000,361.0,0,0.0,0.0,,0.0,normalDay
2021-02-08,954.0,872.0,0.0,0,390.51,0.0,1,13.05,4.33,SPY210331P00361000,361.0,0,0.0,0.0,,0.0,normalDay
2021-02-09,954.0,875.0,0.0,0,390.25,0.0,1,13.05,4.3,SPY210331P00361000,361.0,0,0.0,0.0,,0.0,normalDay
2021-02-10,954.0,870.0,0.0,0,390.08,0.0,1,13.05,4.35,SPY210331P00361000,361.0,0,0.0,0.0,,0.0,normalDay
2021-02-11,954.0,902.0,0.0,0,390.71,0.0,1,13.05,4.03,SPY210331P00361000,361.0,0,0.0,0.0,,0.0,normalDay
2021-02-12,954.0,970.0,0.0,0,392.64,0.0,1,13.05,3.35,SPY210331P00361000,361.0,0,0.0,0.0,,0.0,normalDay
2021-02-16,954.0,971.0,0.0,0,392.3,0.0,1,13.05,3.34,SPY210331P00361000,361.0,0,0.0,0.0,,0.0,normalDay
2021-02-17,954.0,988.0,0.0,0,392.39,0.0,1,13.05,3.17,SPY210331P00361000,361.0,0,0.0,0.0,,0.0,normalDay
2021-02-18,954.0,957.0,0.0,0,390.72,0.0,1,13.05,3.48,SPY210331P00361000,361.0,0,0.0,0.0,,0.0,normalDay
2021-02-19,954.0,967.0,0.0,0,390.03,0.0,1,13.05,3.38,SPY210331P00361000,361.0,0,0.0,0.0,,0.0,normalDay
2021-02-22,954.0,927.0,0.0,0,387.03,0.0,1,13.05,3.78,SPY210331P00361000,361.0,0,0.0,0.0,,0.0,normalDay
2021-02-23,954.0,957.0,0.0,0,387.5,0.0,1,13.05,3.48,SPY210331P00361000,361.0,0,0.0,0.0,,0.0,normalDay
2021-02-24,954.0,1055.0,0.0,0,391.77,0.0,1,13.05,2.5,SPY210331P00361000,361.0,0,0.0,0.0,,0.0,normalDay
2021-02-25,954.0,787.0,0.0,0,382.33,0.0,1,13.05,5.18,SPY210331P00361000,361.0,0,0.0,0.0,,0.0,normalDay
2021-02-26,954.0,783.0,0.0,0,380.36,0.0,1,13.05,5.22,SPY210331P00361000,361.0,0,0.0,0.0,,0.0,normalDay
2021-03-01,954.0,1042.0,0.0,0,389.58,0.0,1,13.05,2.63,SPY210331P00361000,361.0,0,0.0,0.0,,0.0,normalDay
2021-03-02,954.0,993.0,0.0,0,386.54,0.0,1,13.05,3.12,SPY210331P00361000,361.0,0,0.0,0.0,,0.0,normalDay
2021-03-03,954.0,891.0,0.0,0,381.42,0.0,1,13.05,4.14,SPY210331P00361000,361.0,0,0.0,0.0,,0.0,normalDay
2021-03-04,954.0,760.0,0.0,0,376.7,0.0,1,13.05,5.45,SPY210331P00361000,361.0,0,0.0,0.0,,0.0,normalDay
2021-03-05,954.0,982.0,0.0,0,383.63,0.0,1,13.05,3.23,SPY210331P00361000,361.0,0,0.0,0.0,,0.0,normalDay
2021-03-08,954.0,960.0,0.0,0,381.72,0.0,1,13.05,3.45,SPY210331P00361000,361.0,0,0.0,0.0,,0.0,normalDay
2021-03-09,954.0,1075.0,0.0,0,387.17,0.0,1,13.05,2.3,SPY210331P00361000,361.0,0,0.0,0.0,,0.0,normalDay
2021-03-10,954.0,1141.0,0.0,0,389.58,0.0,1,13.05,1.64,SPY210331P00361000,361.0,0,0.0,0.0,,0.0,normalDay
2021-03-11,954.0,1182.0,0.0,0,393.53,0.0,1,13.05,1.23,SPY210331P00361000,361.0,0,0.0,0.0,,0.0,normalDay
2021-03-12,954.0,1222.0,0.0,0,394.06,0.0,1,13.05,0.83,SPY210331P00361000,361.0,0,0.0,0.0,,0.0,normalDay
2021-03-15,954.0,1250.0,0.0,0,396.41,0.0,1,13.05,0.55,SPY210331P00361000,361.0,0,0.0,0.0,,0.0,normalDay
2021-03-16,954.0,1251.0,0.0,0,395.91,0.0,1,13.05,0.54,SPY210331P00361000,361.0,0,0.0,0.0,,0.0,normalDay
2021-03-17,954.0,1269.0,0.0,0,397.26,0.0,1,13.05,0.36,SPY210331P00361000,361.0,0,0.0,0.0,,0.0,normalDay
2021-03-18,954.0,1242.0,0.0,0,391.48,0.0,1,13.05,0.63,SPY210331P00361000,361.0,0,0.0,0.0,,0.0,normalDay
2021-03-19,954.0,1252.0,0.0,0,389.48,0.0,1,13.05,0.53,SPY210331P00361000,361.0,0,0.0,0.0,,0.0,normalDay
2021-03-22,954.0,1288.0,0.0,0,392.59,0.0,1,13.05,0.17,SPY210331P00361000,361.0,0,0.0,0.0,,0.0,normalDay
2021-03-23,954.0,1277.0,0.0,0,389.5,0.0,1,13.05,0.28,SPY210331P00361000,361.0,0,0.0,0.0,,0.0,normalDay
2021-03-24,954.0,1279.0,0.0,0,387.52,0.0,1,13.05,0.26,SPY210331P00361000,361.0,0,0.0,0.0,,0.0,normalDay
2021-03-25,954.0,1293.0,0.0,0,389.7,0.0,1,13.05,0.12,SPY210331P00361000,361.0,0,0.0,0.0,,0.0,normalDay
2021-03-26,954.0,1300.0,0.0,0,395.98,0.0,1,13.05,0.05,SPY210331P00361000,361.0,0,0.0,0.0,,0.0,normalDay
2021-03-29,954.0,1302.0,0.0,0,395.78,0.0,1,13.05,0.03,SPY210331P00361000,361.0,0,0.0,0.0,,0.0,normalDay
2021-03-30,954.0,1304.0,0.0,0,394.73,0.0,1,13.05,0.01,SPY210331P00361000,361.0,0,0.0,0.0,,0.0,normalDay
2021-03-31,2259.0,0.0,1305.0,0,396.33,0.0,1,13.05,0.0,SPY210331P00361000,361.0,0,0.0,0.0,,0.0,expirationDay
2021-04-01,2259.0,-4.0,0.0,0,400.61,0.0,1,5.47,5.51,SPY210618P00376000,376.0,0,0.0,0.0,,0.0,normalDay
2021-04-05,2259.0,100.0,0.0,0,406.36,0.0,1,5.47,4.47,SPY210618P00376000,376.0,0,0.0,0.0,,0.0,normalDay
2021-04-06,2259.0,91.0,0.0,0,406.12,0.0,1,5.47,4.56,SPY210618P00376000,376.0,0,0.0,0.0,,0.0,normalDay
2021-04-07,2259.0,125.0,0.0,0,406.59,0.0,1,5.47,4.22,SPY210618P00376000,376.0,0,0.0,0.0,,0.0,normalDay
2021-04-08,2259.0,150.0,0.0,0,408.52,0.0,1,5.47,3.97,SPY210618P00376000,376.0,0,0.0,0.0,,0.0,normalDay
2021-04-09,2259.0,177.0,0.0,0,411.49,0.0,1,5.47,3.7,SPY210618P00376000,376.0,0,0.0,0.0,,0.0,normalDay
2021-04-12,2259.0,197.0,0.0,0,411.64,0.0,1,5.47,3.5,SPY210618P00376000,376.0,0,0.0,0.0,,0.0,normalDay
2021-04-13,2259.0,225.0,0.0,0,412.86,0.0,1,5.47,3.22,SPY210618P00376000,376.0,0,0.0,0.0,,0.0,normalDay
2021-04-14,2259.0,209.0,0.0,0,411.45,0.0,1,5.47,3.38,SPY210618P00376000,376.0,0,0.0,0.0,,0.0,normalDay
2021-04-15,2259.0,260.0,0.0,0,415.87,0.0,1,5.47,2.87,SPY210618P00376000,376.0,0,0.0,0.0,,0.0,normalDay
2021-04-16,2259.0,278.0,0.0,0,417.26,0.0,1,5.47,2.69,SPY210618P00376000,376.0,0,0.0,0.0,,0.0,normalDay
2021-04-19,2259.0,249.0,0.0,0,415.21,0.0,1,5.47,2.98,SPY210618P00376000,376.0,0,0.0,0.0,,0.0,normalDay
2021-04-20,2259.0,189.0,0.0,0,412.17,0.0,1,5.47,3.58,SPY210618P00376000,376.0,0,0.0,0.0,,0.0,normalDay
2021-04-21,2259.0,267.0,0.0,0,416.07,0.0,1,5.47,2.8,SPY210618P00376000,376.0,0,0.0,0.0,,0.0,normalDay
2021-04-22,2259.0,201.0,0.0,0,412.27,0.0,1,5.47,3.46,SPY210618P00376000,376.0,0,0.0,0.0,,0.0,normalDay
2021-04-23,2259.0,287.0,0.0,0,416.74,0.0,1,5.47,2.6,SPY210618P00376000,376.0,0,0.0,0.0,,0.0,normalDay
2021-04-26,2259.0,310.0,0.0,0,417.61,0.0,1,5.47,2.37,SPY210618P00376000,376.0,0,0.0,0.0,,0.0,normalDay
2021-04-27,2259.0,319.0,0.0,0,417.52,0.0,1,5.47,2.28,SPY210618P00376000,376.0,0,0.0,0.0,,0.0,normalDay
2021-04-28,2259.0,337.0,0.0,0,417.4,0.0,1,5.47,2.1,SPY210618P00376000,376.0,0,0.0,0.0,,0.0,normalDay
2021-04-29,2259.0,348.0,0.0,0,420.06,0.0,1,5.47,1.99,SPY210618P00376000,376.0,0,0.0,0.0,,0.0,normalDay
2021-04-30,2259.0,319.0,0.0,0,417.3,0.0,1,5.47,2.28,SPY210618P00376000,376.0,0,0.0,0.0,,0.0,normalDay
2021-05-03,2259.0,345.0,0.0,0,418.2,0.0,1,5.47,2.02,SPY210618P00376000,376.0,0,0.0,0.0,,0.0,normalDay
2021-05-04,2259.0,309.0,0.0,0,415.62,0.0,1,5.47,2.38,SPY210618P00376000,376.0,0,0.0,0.0,,0.0,normalDay
2021-05-05,2259.0,324.0,0.0,0,415.75,0.0,1,5.47,2.23,SPY210618P00376000,376.0,0,0.0,0.0,,0.0,normalDay
2021-05-06,2259.0,366.0,0.0,0,419.07,0.0,1,5.47,1.81,SPY210618P00376000,376.0,0,0.0,0.0,,0.0,normalDay
2021-05-07,2259.0,410.0,0.0,0,422.12,0.0,1,5.47,1.37,SPY210618P00376000,376.0,0,0.0,0.0,,0.0,normalDay
2021-05-10,2259.0,362.0,0.0,0,417.94,0.0,1,5.47,1.85,SPY210618P00376000,376.0,0,0.0,0.0,,0.0,normalDay
2021-05-11,2259.0,309.0,0.0,0,414.21,0.0,1,5.47,2.38,SPY210618P00376000,376.0,0,0.0,0.0,,0.0,normalDay
2021-05-12,2259.0,87.0,0.0,0,405.41,0.0,1,5.47,4.6,SPY210618P00376000,376.0,0,0.0,0.0,,0.0,normalDay
2021-05-13,2259.0,250.0,0.0,0,410.28,0.0,1,5.47,2.97,SPY210618P00376000,376.0,0,0.0,0.0,,0.0,normalDay
2021-05-14,2259.0,394.0,0.0,0,416.58,0.0,1,5.47,1.53,SPY210618P00376000,376.0,0,0.0,0.0,,0.0,normalDay
2021-05-17,2259.0,389.0,0.0,0,415.52,0.0,1,5.47,1.58,SPY210618P00376000,376.0,0,0.0,0.0,,0.0,normalDay
2021-05-18,2259.0,346.0,0.0,0,411.94,0.0,1,5.47,2.01,SPY210618P00376000,376.0,0,0.0,0.0,,0.0,normalDay
2021-05-19,2259.0,336.0,0.0,0,410.86,0.0,1,5.47,2.11,SPY210618P00376000,376.0,0,0.0,0.0,,0.0,normalDay
2021-05-20,2259.0,393.0,0.0,0,415.28,0.0,1,5.47,1.54,SPY210618P00376000,376.0,0,0.0,0.0,,0.0,normalDay
2021-05-21,2259.0,406.0,0.0,0,414.94,0.0,1,5.47,1.41,SPY210618P00376000,376.0,0,0.0,0.0,,0.0,normalDay
2021-05-24,2259.0,464.0,0.0,0,419.17,0.0,1,5.47,0.83,SPY210618P00376000,376.0,0,0.0,0.0,,0.0,normalDay
2021-05-25,2259.0,463.0,0.0,0,418.24,0.0,1,5.47,0.84,SPY210618P00376000,376.0,0,0.0,0.0,,0.0,normalDay
2021-05-26,2259.0,486.0,0.0,0,419.07,0.0,1,5.47,0.61,SPY210618P00376000,376.0,0,0.0,0.0,,0.0,normalDay
2021-05-27,2259.0,496.0,0.0,0,419.29,0.0,1,5.47,0.51,SPY210618P00376000,376.0,0,0.0,0.0,,0.0,normalDay
2021-05-28,2259.0,499.0,0.0,0,420.04,0.0,1,5.47,0.48,SPY210618P00376000,376.0,0,0.0,0.0,,0.0,normalDay
2021-06-01,2259.0,505.0,0.0,0,419.67,0.0,1,5.47,0.42,SPY210618P00376000,376.0,0,0.0,0.0,,0.0,normalDay
2021-06-02,2259.0,515.0,0.0,0,420.33,0.0,1,5.47,0.32,SPY210618P00376000,376.0,0,0.0,0.0,,0.0,normalDay
2021-06-03,2259.0,515.0,0.0,0,418.77,0.0,1,5.47,0.32,SPY210618P00376000,376.0,0,0.0,0.0,,0.0,normalDay
2021-06-04,2259.0,527.0,0.0,0,422.6,0.0,1,5.47,0.2,SPY210618P00376000,376.0,0,0.0,0.0,,0.0,normalDay
2021-06-07,2259.0,532.0,0.0,0,422.19,0.0,1,5.47,0.15,SPY210618P00376000,376.0,0,0.0,0.0,,0.0,normalDay
2021-06-08,2259.0,530.0,0.0,0,422.28,0.0,1,5.47,0.17,SPY210618P00376000,376.0,0,0.0,0.0,,0.0,normalDay
2021-06-09,2259.0,527.0,0.0,0,421.65,0.0,1,5.47,0.2,SPY210618P00376000,376.0,0,0.0,0.0,,0.0,normalDay
2021-06-10,2259.0,536.0,0.0,0,423.61,0.0,1,5.47,0.11,SPY210618P00376000,376.0,0,0.0,0.0,,0.0,normalDay
2021-06-11,2259.0,538.0,0.0,0,424.31,0.0,1,5.47,0.09,SPY210618P00376000,376.0,0,0.0,0.0,,0.0,normalDay
2021-06-14,2259.0,541.0,0.0,0,425.26,0.0,1,5.47,0.06,SPY210618P00376000,376.0,0,0.0,0.0,,0.0,normalDay
2021-06-15,2259.0,541.0,0.0,0,424.48,0.0,1,5.47,0.06,SPY210618P00376000,376.0,0,0.0,0.0,,0.0,normalDay
2021-06-16,2259.0,540.0,0.0,0,422.11,0.0,1,5.47,0.07,SPY210618P00376000,376.0,0,0.0,0.0,,0.0,normalDay
2021-06-17,2259.0,544.0,0.0,0,421.97,0.0,1,5.47,0.03,SPY210618P00376000,376.0,0,0.0,0.0,,0.0,normalDay
2021-06-18,2806.0,0.0,547.0,0,414.92,0.0,1,5.47,0.0,SPY210618P00376000,376.0,0,0.0,0.0,,0.0,expirationDay
2021-06-21,2806.0,-4.0,0.0,0,420.86,0.0,1,7.29,7.33,SPY210820P00413000,413.0,0,0.0,0.0,,0.0,normalDay
2021-06-22,2806.0,98.0,0.0,0,423.11,0.0,1,7.29,6.31,SPY210820P00413000,413.0,0,0.0,0.0,,0.0,normalDay
2021-06-23,2806.0,118.0,0.0,0,422.6,0.0,1,7.29,6.11,SPY210820P00413000,413.0,0,0.0,0.0,,0.0,normalDay
2021-06-24,2806.0,195.0,0.0,0,425.1,0.0,1,7.29,5.34,SPY210820P00413000,413.0,0,0.0,0.0,,0.0,normalDay
2021-06-25,2806.0,255.0,0.0,0,426.61,0.0,1,7.29,4.74,SPY210820P00413000,413.0,0,0.0,0.0,,0.0,normalDay
2021-06-28,2806.0,287.0,0.0,0,427.47,0.0,1,7.29,4.42,SPY210820P00413000,413.0,0,0.0,0.0,,0.0,normalDay
2021-06-29,2806.0,294.0,0.0,0,427.7,0.0,1,7.29,4.35,SPY210820P00413000,413.0,0,0.0,0.0,,0.0,normalDay
2021-06-30,2806.0,314.0,0.0,0,428.06,0.0,1,7.29,4.15,SPY210820P00413000,413.0,0,0.0,0.0,,0.0,normalDay
2021-07-01,2806.0,354.0,0.0,0,430.43,0.0,1,7.29,3.75,SPY210820P00413000,413.0,0,0.0,0.0,,0.0,normalDay
2021-07-02,2806.0,410.0,0.0,0,433.72,0.0,1,7.29,3.19,SPY210820P00413000,413.0,0,0.0,0.0,,0.0,normalDay
2021-07-06,2806.0,388.0,0.0,0,432.93,0.0,1,7.29,3.41,SPY210820P00413000,413.0,0,0.0,0.0,,0.0,normalDay
2021-07-07,2806.0,413.0,0.0,0,434.46,0.0,1,7.29,3.16,SPY210820P00413000,413.0,0,0.0,0.0,,0.0,normalDay
2021-07-08,2806.0,295.0,0.0,0,430.92,0.0,1,7.29,4.34,SPY210820P00413000,413.0,0,0.0,0.0,,0.0,normalDay
2021-07-09,2806.0,441.0,0.0,0,435.52,0.0,1,7.29,2.88,SPY210820P00413000,413.0,0,0.0,0.0,,0.0,normalDay
2021-07-12,2806.0,478.0,0.0,0,437.08,0.0,1,7.29,2.51,SPY210820P00413000,413.0,0,0.0,0.0,,0.0,normalDay
2021-07-13,2806.0,435.0,0.0,0,435.59,0.0,1,7.29,2.94,SPY210820P00413000,413.0,0,0.0,0.0,,0.0,normalDay
2021-07-14,2806.0,477.0,0.0,0,436.24,0.0,1,7.29,2.52,SPY210820P00413000,413.0,0,0.0,0.0,,0.0,normalDay
2021-07-15,2806.0,447.0,0.0,0,434.75,0.0,1,7.29,2.82,SPY210820P00413000,413.0,0,0.0,0.0,,0.0,normalDay
2021-07-16,2806.0,378.0,0.0,0,431.34,0.0,1,7.29,3.51,SPY210820P00413000,413.0,0,0.0,0.0,,0.0,normalDay
2021-07-19,2806.0,179.0,0.0,0,424.97,0.0,1,7.29,5.5,SPY210820P00413000,413.0,0,0.0,0.0,,0.0,normalDay
2021-07-20,2806.0,365.0,0.0,0,431.06,0.0,1,7.29,3.64,SPY210820P00413000,413.0,0,0.0,0.0,,0.0,normalDay
2021-07-21,2806.0,479.0,0.0,0,434.55,0.0,1,7.29,2.5,SPY210820P00413000,413.0,0,0.0,0.0,,0.0,normalDay
2021-07-22,2806.0,502.0,0.0,0,435.46,0.0,1,7.29,2.27,SPY210820P00413000,413.0,0,0.0,0.0,,0.0,normalDay
2021-07-23,2806.0,560.0,0.0,0,439.94,0.0,1,7.29,1.69,SPY210820P00413000,413.0,0,0.0,0.0,,0.0,normalDay
2021-07-26,2806.0,591.0,0.0,0,441.02,0.0,1,7.29,1.38,SPY210820P00413000,413.0,0,0.0,0.0,,0.0,normalDay
2021-07-27,2806.0,546.0,0.0,0,439.01,0.0,1,7.29,1.83,SPY210820P00413000,413.0,0,0.0,0.0,,0.0,normalDay
2021-07-28,2806.0,576.0,0.0,0,438.83,0.0,1,7.29,1.53,SPY210820P00413000,413.0,0,0.0,0.0,,0.0,normalDay
2021-07-29,2806.0,613.0,0.0,0,440.65,0.0,1,7.29,1.16,SPY210820P00413000,413.0,0,0.0,0.0,,0.0,normalDay
2021-07-30,2806.0,598.0,0.0,0,438.51,0.0,1,7.29,1.31,SPY210820P00413000,413.0,0,0.0,0.0,,0.0,normalDay
2021-08-02,2806.0,596.0,0.0,0,437.59,0.0,1,7.29,1.33,SPY210820P00413000,413.0,0,0.0,0.0,,0.0,normalDay
2021-08-03,2806.0,651.0,0.0,0,441.15,0.0,1,7.29,0.78,SPY210820P00413000,413.0,0,0.0,0.0,,0.0,normalDay
2021-08-04,2806.0,651.0,0.0,0,438.98,0.0,1,7.29,0.78,SPY210820P00413000,413.0,0,0.0,0.0,,0.0,normalDay
2021-08-05,2806.0,673.0,0.0,0,441.76,0.0,1,7.29,0.56,SPY210820P00413000,413.0,0,0.0,0.0,,0.0,normalDay
2021-08-06,2806.0,697.0,0.0,0,442.49,0.0,1,7.29,0.32,SPY210820P00413000,413.0,0,0.0,0.0,,0.0,normalDay
2021-08-09,2806.0,702.0,0.0,0,442.13,0.0,1,7.29,0.27,SPY210820P00413000,413.0,0,0.0,0.0,,0.0,normalDay
2021-08-10,2806.0,701.0,0.0,0,442.68,0.0,1,7.29,0.28,SPY210820P00413000,413.0,0,0.0,0.0,,0.0,normalDay
2021-08-11,2806.0,714.0,0.0,0,443.78,0.0,1,7.29,0.15,SPY210820P00413000,413.0,0,0.0,0.0,,0.0,normalDay
2021-08-12,2806.0,717.0,0.0,0,445.11,0.0,1,7.29,0.12,SPY210820P00413000,413.0,0,0.0,0.0,,0.0,normalDay
2021-08-13,2806.0,719.0,0.0,0,445.92,0.0,1,7.29,0.1,SPY210820P00413000,413.0,0,0.0,0.0,,0.0,normalDay
2021-08-16,2806.0,723.0,0.0,0,446.97,0.0,1,7.29,0.06,SPY210820P00413000,413.0,0,0.0,0.0,,0.0,normalDay
2021-08-17,2806.0,721.0,0.0,0,444.04,0.0,1,7.29,0.08,SPY210820P00413000,413.0,0,0.0,0.0,,0.0,normalDay
2021-08-18,2806.0,709.0,0.0,0,439.18,0.0,1,7.29,0.2,SPY210820P00413000,413.0,0,0.0,0.0,,0.0,normalDay
2021-08-19,2806.0,724.0,0.0,0,439.86,0.0,1,7.29,0.05,SPY210820P00413000,413.0,0,0.0,0.0,,0.0,normalDay
2021-08-20,3535.0,0.0,729.0,0,443.36,0.0,1,7.29,0.0,SPY210820P00413000,413.0,0,0.0,0.0,,0.0,expirationDay
2021-08-23,3535.0,-4.0,0.0,0,447.26,0.0,1,5.74,5.78,SPY211015P00432000,432.0,0,0.0,0.0,,0.0,normalDay
2021-08-24,3535.0,13.0,0.0,0,447.97,0.0,1,5.74,5.61,SPY211015P00432000,432.0,0,0.0,0.0,,0.0,normalDay
2021-08-25,3535.0,64.0,0.0,0,448.91,0.0,1,5.74,5.1,SPY211015P00432000,432.0,0,0.0,0.0,,0.0,normalDay
2021-08-26,3535.0,-39.0,0.0,0,446.26,0.0,1,5.74,6.13,SPY211015P00432000,432.0,0,0.0,0.0,,0.0,normalDay
2021-08-27,3535.0,119.0,0.0,0,450.25,0.0,1,5.74,4.55,SPY211015P00432000,432.0,0,0.0,0.0,,0.0,normalDay
2021-08-30,3535.0,171.0,0.0,0,452.23,0.0,1,5.74,4.03,SPY211015P00432000,432.0,0,0.0,0.0,,0.0,normalDay
2021-08-31,3535.0,173.0,0.0,0,451.56,0.0,1,5.74,4.01,SPY211015P00432000,432.0,0,0.0,0.0,,0.0,normalDay
2021-09-01,3535.0,200.0,0.0,0,451.8,0.0,1,5.74,3.74,SPY211015P00432000,432.0,0,0.0,0.0,,0.0,normalDay
2021-09-02,3535.0,223.0,0.0,0,453.19,0.0,1,5.74,3.51,SPY211015P00432000,432.0,0,0.0,0.0,,0.0,normalDay
2021-09-03,3535.0,224.0,0.0,0,453.08,0.0,1,5.74,3.5,SPY211015P00432000,432.0,0,0.0,0.0,,0.0,normalDay
2021-09-07,3535.0,190.0,0.0,0,451.46,0.0,1,5.74,3.84,SPY211015P00432000,432.0,0,0.0,0.0,,0.0,normalDay
2021-09-08,3535.0,192.0,0.0,0,450.91,0.0,1,5.74,3.82,SPY211015P00432000,432.0,0,0.0,0.0,,0.0,normalDay
2021-09-09,3535.0,136.0,0.0,0,448.98,0.0,1,5.74,4.38,SPY211015P00432000,432.0,0,0.0,0.0,,0.0,normalDay
2021-09-10,3535.0,43.0,0.0,0,445.44,0.0,1,5.74,5.31,SPY211015P00432000,432.0,0,0.0,0.0,,0.0,normalDay
2021-09-13,3535.0,138.0,0.0,0,446.58,0.0,1,5.74,4.36,SPY211015P00432000,432.0,0,0.0,0.0,,0.0,normalDay
2021-09-14,3535.0,86.0,0.0,0,444.17,0.0,1,5.74,4.88,SPY211015P00432000,432.0,0,0.0,0.0,,0.0,normalDay
2021-09-15,3535.0,215.0,0.0,0,447.88,0.0,1,5.74,3.59,SPY211015P00432000,432.0,0,0.0,0.0,,0.0,normalDay
2021-09-16,3535.0,195.0,0.0,0,447.17,0.0,1,5.74,3.79,SPY211015P00432000,432.0,0,0.0,0.0,,0.0,normalDay
2021-09-17,3535.0,46.0,0.0,0,441.4,0.0,1,5.74,5.28,SPY211015P00432000,432.0,0,0.0,0.0,,0.0,normalDay
2021-09-20,3535.0,-273.0,0.0,0,434.04,0.0,1,5.74,8.47,SPY211015P00432000,432.0,0,0.0,0.0,,0.0,normalDay
2021-09-21,3535.0,-246.0,0.0,0,433.63,0.0,1,5.74,8.2,SPY211015P00432000,432.0,0,0.0,0.0,,0.0,normalDay
2021-09-22,3535.0,34.0,0.0,0,437.86,0.0,1,5.74,5.4,SPY211015P00432000,432.0,0,0.0,0.0,,0.0,normalDay
2021-09-23,3535.0,242.0,0.0,0,443.18,0.0,1,5.74,3.32,SPY211015P00432000,432.0,0,0.0,0.0,,0.0,normalDay
2021-09-24,3535.0,291.0,0.0,0,443.91,0.0,1,5.74,2.83,SPY211015P00432000,432.0,0,0.0,0.0,,0.0,normalDay
2021-09-27,3535.0,277.0,0.0,0,442.64,0.0,1,5.74,2.97,SPY211015P00432000,432.0,0,0.0,0.0,,0.0,normalDay
2021-09-28,3535.0,-73.0,0.0,0,433.72,0.0,1,5.74,6.47,SPY211015P00432000,432.0,0,0.0,0.0,,0.0,normalDay
2021-09-29,3535.0,-10.0,0.0,0,434.45,0.0,1,5.74,5.84,SPY211015P00432000,432.0,0,0.0,0.0,,0.0,normalDay
2021-09-30,3535.0,-214.0,0.0,0,429.14,0.0,1,5.74,7.88,SPY211015P00432000,432.0,0,0.0,0.0,,0.0,normalDay
2021-10-01,3535.0,65.0,0.0,0,434.24,0.0,1,5.74,5.09,SPY211015P00432000,432.0,0,0.0,0.0,,0.0,normalDay
2021-10-04,3535.0,-176.0,0.0,0,428.64,0.0,1,5.74,7.5,SPY211015P00432000,432.0,0,0.0,0.0,,0.0,normalDay
2021-10-05,3535.0,96.0,0.0,0,433.1,0.0,1,5.74,4.78,SPY211015P00432000,432.0,0,0.0,0.0,,0.0,normalDay
2021-10-06,3535.0,183.0,0.0,0,434.9,0.0,1,5.74,3.91,SPY211015P00432000,432.0,0,0.0,0.0,,0.0,normalDay
2021-10-07,3535.0,357.0,0.0,0,438.66,0.0,1,5.74,2.17,SPY211015P00432000,432.0,0,0.0,0.0,,0.0,normalDay
2021-10-08,3535.0,372.0,0.0,0,437.86,0.0,1,5.74,2.02,SPY211015P00432000,432.0,0,0.0,0.0,,0.0,normalDay
2021-10-11,3535.0,307.0,0.0,0,434.69,0.0,1,5.74,2.67,SPY211015P00432000,432.0,0,0.0,0.0,,0.0,normalDay
2021-10-12,3535.0,304.0,0.0,0,433.62,0.0,1,5.74,2.7,SPY211015P00432000,432.0,0,0.0,0.0,,0.0,normalDay
2021-10-13,3535.0,466.0,0.0,0,435.18,0.0,1,5.74,1.08,SPY211015P00432000,432.0,0,0.0,0.0,,0.0,normalDay
2021-10-14,3535.0,565.0,0.0,0,442.5,0.0,1,5.74,0.09,SPY211015P00432000,432.0,0,0.0,0.0,,0.0,normalDay
2021-10-15,4109.0,0.0,574.0,0,445.87,0.0,1,5.74,0.0,SPY211015P00432000,432.0,0,0.0,0.0,,0.0,expirationDay
2021-10-18,4109.0,-5.0,0.0,0,447.19,0.0,1,5.62,5.67,SPY211231P00419000,419.0,0,0.0,0.0,,0.0,normalDay
2021-10-19,4109.0,75.0,0.0,0,450.64,0.0,1,5.62,4.87,SPY211231P00419000,419.0,0,0.0,0.0,,0.0,normalDay
2021-10-20,4109.0,97.0,0.0,0,452.41,0.0,1,5.62,4.65,SPY211231P00419000,419.0,0,0.0,0.0,,0.0,normalDay
2021-10-21,4109.0,134.0,0.0,0,453.59,0.0,1,5.62,4.28,SPY211231P00419000,419.0,0,0.0,0.0,,0.0,normalDay
2021-10-22,4109.0,104.0,0.0,0,453.12,0.0,1,5.62,4.58,SPY211231P00419000,419.0,0,0.0,0.0,,0.0,normalDay
2021-10-25,4109.0,163.0,0.0,0,455.55,0.0,1,5.62,3.99,SPY211231P00419000,419.0,0,0.0,0.0,,0.0,normalDay
2021-10-26,4109.0,164.0,0.0,0,455.96,0.0,1,5.62,3.98,SPY211231P00419000,419.0,0,0.0,0.0,,0.0,normalDay
2021-10-27,4109.0,109.0,0.0,0,453.94,0.0,1,5.62,4.53,SPY211231P00419000,419.0,0,0.0,0.0,,0.0,normalDay
2021-10-28,4109.0,182.0,0.0,0,458.32,0.0,1,5.62,3.8,SPY211231P00419000,419.0,0,0.0,0.0,,0.0,normalDay
2021-10-29,4109.0,201.0,0.0,0,459.25,0.0,1,5.62,3.61,SPY211231P00419000,419.0,0,0.0,0.0,,0.0,normalDay
2021-11-01,4109.0,228.0,0.0,0,460.04,0.0,1,5.62,3.34,SPY211231P00419000,419.0,0,0.0,0.0,,0.0,normalDay
2021-11-02,4109.0,259.0,0.0,0,461.9,0.0,1,5.62,3.03,SPY211231P00419000,419.0,0,0.0,0.0,,0.0,normalDay
2021-11-03,4109.0,311.0,0.0,0,464.72,0.0,1,5.62,2.51,SPY211231P00419000,419.0,0,0.0,0.0,,0.0,normalDay
2021-11-04,4109.0,331.0,0.0,0,466.91,0.0,1,5.62,2.31,SPY211231P00419000,419.0,0,0.0,0.0,,0.0,normalDay
2021-11-05,4109.0,328.0,0.0,0,468.53,0.0,1,5.62,2.34,SPY211231P00419000,419.0,0,0.0,0.0,,0.0,normalDay
2021-11-08,4109.0,328.0,0.0,0,468.93,0.0,1,5.62,2.34,SPY211231P00419000,419.0,0,0.0,0.0,,0.0,normalDay
2021-11-09,4109.0,314.0,0.0,0,467.38,0.0,1,5.62,2.48,SPY211231P00419000,419.0,0,0.0,0.0,,0.0,normalDay
2021-11-10,4109.0,278.0,0.0,0,463.62,0.0,1,5.62,2.84,SPY211231P00419000,419.0,0,0.0,0.0,,0.0,normalDay
2021-11-11,4109.0,319.0,0.0,0,463.77,0.0,1,5.62,2.43,SPY211231P00419000,419.0,0,0.0,0.0,,0.0,normalDay
2021-11-12,4109.0,366.0,0.0,0,467.27,0.0,1,5.62,1.96,SPY211231P00419000,419.0,0,0.0,0.0,,0.0,normalDay
2021-11-15,4109.0,376.0,0.0,0,467.43,0.0,1,5.62,1.86,SPY211231P00419000,419.0,0,0.0,0.0,,0.0,normalDay
2021-11-16,4109.0,394.0,0.0,0,469.28,0.0,1,5.62,1.68,SPY211231P00419000,419.0,0,0.0,0.0,,0.0,normalDay
2021-11-17,4109.0,380.0,0.0,0,468.14,0.0,1,5.62,1.82,SPY211231P00419000,419.0,0,0.0,0.0,,0.0,normalDay
2021-11-18,4109.0,386.0,0.0,0,469.73,0.0,1,5.62,1.76,SPY211231P00419000,419.0,0,0.0,0.0,,0.0,normalDay
2021-11-19,4109.0,382.0,0.0,0,468.89,0.0,1,5.62,1.8,SPY211231P00419000,419.0,0,0.0,0.0,,0.0,normalDay
2021-11-22,4109.0,371.0,0.0,0,467.57,0.0,1,5.62,1.91,SPY211231P00419000,419.0,0,0.0,0.0,,0.0,normalDay
2021-11-23,4109.0,388.0,0.0,0,468.19,0.0,1,5.62,1.74,SPY211231P00419000,419.0,0,0.0,0.0,,0.0,normalDay
2021-11-24,4109.0,413.0,0.0,0,469.44,0.0,1,5.62,1.49,SPY211231P00419000,419.0,0,0.0,0.0,,0.0,normalDay
2021-11-26,4109.0,98.0,0.0,0,458.97,0.0,1,5.62,4.64,SPY211231P00419000,419.0,0,0.0,0.0,,0.0,normalDay
2021-11-29,4109.0,340.0,0.0,0,464.6,0.0,1,5.62,2.22,SPY211231P00419000,419.0,0,0.0,0.0,,0.0,normalDay
2021-11-30,4109.0,208.0,0.0,0,455.56,0.0,1,5.62,3.54,SPY211231P00419000,419.0,0,0.0,0.0,,0.0,normalDay
2021-12-01,4109.0,20.0,0.0,0,450.5,0.0,1,5.62,5.42,SPY211231P00419000,419.0,0,0.0,0.0,,0.0,normalDay
2021-12-02,4109.0,206.0,0.0,0,457.4,0.0,1,5.62,3.56,SPY211231P00419000,419.0,0,0.0,0.0,,0.0,normalDay
2021-12-03,4109.0,112.0,0.0,0,453.42,0.0,1,5.62,4.5,SPY211231P00419000,419.0,0,0.0,0.0,,0.0,normalDay
2021-12-06,4109.0,283.0,0.0,0,458.79,0.0,1,5.62,2.79,SPY211231P00419000,419.0,0,0.0,0.0,,0.0,normalDay
2021-12-07,4109.0,439.0,0.0,0,468.28,0.0,1,5.62,1.23,SPY211231P00419000,419.0,0,0.0,0.0,,0.0,normalDay
2021-12-08,4109.0,483.0,0.0,0,469.52,0.0,1,5.62,0.79,SPY211231P00419000,419.0,0,0.0,0.0,,0.0,normalDay
2021-12-09,4109.0,456.0,0.0,0,466.35,0.0,1,5.62,1.06,SPY211231P00419000,419.0,0,0.0,0.0,,0.0,normalDay
2021-12-10,4109.0,504.0,0.0,0,470.74,0.0,1,5.62,0.58,SPY211231P00419000,419.0,0,0.0,0.0,,0.0,normalDay
2021-12-13,4109.0,501.0,0.0,0,466.57,0.0,1,5.62,0.61,SPY211231P00419000,419.0,0,0.0,0.0,,0.0,normalDay
2021-12-14,4109.0,487.0,0.0,0,463.36,0.0,1,5.62,0.75,SPY211231P00419000,419.0,0,0.0,0.0,,0.0,normalDay
2021-12-15,4109.0,524.0,0.0,0,470.6,0.0,1,5.62,0.38,SPY211231P00419000,419.0,0,0.0,0.0,,0.0,normalDay
2021-12-16,4109.0,513.0,0.0,0,466.45,0.0,1,5.62,0.49,SPY211231P00419000,419.0,0,0.0,0.0,,0.0,normalDay
2021-12-17,4109.0,510.0,0.0,0,459.87,0.0,1,5.62,0.52,SPY211231P00419000,419.0,0,0.0,0.0,,0.0,normalDay
2021-12-20,4109.0,511.0,0.0,0,454.98,0.0,1,5.62,0.51,SPY211231P00419000,419.0,0,0.0,0.0,,0.0,normalDay
2021-12-21,4109.0,537.0,0.0,0,463.06,0.0,1,5.62,0.25,SPY211231P00419000,419.0,0,0.0,0.0,,0.0,normalDay
2021-12-22,4109.0,553.0,0.0,0,467.69,0.0,1,5.62,0.09,SPY211231P00419000,419.0,0,0.0,0.0,,0.0,normalDay
2021-12-23,4109.0,556.0,0.0,0,470.6,0.0,1,5.62,0.06,SPY211231P00419000,419.0,0,0.0,0.0,,0.0,normalDay
2021-12-27,4109.0,559.0,0.0,0,477.26,0.0,1,5.62,0.03,SPY211231P00419000,419.0,0,0.0,0.0,,0.0,normalDay
2021-12-28,4109.0,560.0,0.0,0,476.87,0.0,1,5.62,0.02,SPY211231P00419000,419.0,0,0.0,0.0,,0.0,normalDay
2021-12-29,4109.0,561.0,0.0,0,477.48,0.0,1,5.62,0.01,SPY211231P00419000,419.0,0,0.0,0.0,,0.0,normalDay
2021-12-30,4109.0,561.0,0.0,0,476.16,0.0,1,5.62,0.01,SPY211231P00419000,419.0,0,0.0,0.0,,0.0,normalDay
2021-12-31,4671.0,0.0,562.0,0,474.96,0.0,1,5.62,0.0,SPY211231P00419000,419.0,0,0.0,0.0,,0.0,expirationDay
2022-01-03,4671.0,-6.0,0.0,0,477.71,0.0,1,7.07,7.13,SPY220331P00446000,446.0,0,0.0,0.0,,0.0,normalDay
2022-01-04,4671.0,-17.0,0.0,0,477.55,0.0,1,7.07,7.24,SPY220331P00446000,446.0,0,0.0,0.0,,0.0,normalDay
2022-01-05,4671.0,-277.0,0.0,0,468.38,0.0,1,7.07,9.84,SPY220331P00446000,446.0,0,0.0,0.0,,0.0,normalDay
2022-01-06,4671.0,-274.0,0.0,0,467.94,0.0,1,7.07,9.81,SPY220331P00446000,446.0,0,0.0,0.0,,0.0,normalDay
2022-01-07,4671.0,-251.0,0.0,0,466.09,0.0,1,7.07,9.58,SPY220331P00446000,446.0,0,0.0,0.0,,0.0,normalDay
2022-01-10,4671.0,-245.0,0.0,0,465.51,0.0,1,7.07,9.52,SPY220331P00446000,446.0,0,0.0,0.0,,0.0,normalDay
2022-01-11,4671.0,-108.0,0.0,0,469.75,0.0,1,7.07,8.15,SPY220331P00446000,446.0,0,0.0,0.0,,0.0,normalDay
2022-01-12,4671.0,-46.0,0.0,0,471.02,0.0,1,7.07,7.53,SPY220331P00446000,446.0,0,0.0,0.0,,0.0,normalDay
2022-01-13,4671.0,-293.0,0.0,0,464.53,0.0,1,7.07,10.0,SPY220331P00446000,446.0,0,0.0,0.0,,0.0,normalDay
2022-01-14,4671.0,-229.0,0.0,0,464.72,0.0,1,7.07,9.36,SPY220331P00446000,446.0,0,0.0,0.0,,0.0,normalDay
2022-01-18,4671.0,-567.0,0.0,0,456.49,0.0,1,7.07,12.74,SPY220331P00446000,446.0,0,0.0,0.0,,0.0,normalDay
2022-01-19,4671.0,-714.0,0.0,0,451.75,0.0,1,7.07,14.21,SPY220331P00446000,446.0,0,0.0,0.0,,0.0,normalDay
2022-01-20,4671.0,-980.0,0.0,0,446.75,0.0,1,7.07,16.87,SPY220331P00446000,446.0,0,0.0,0.0,,0.0,normalDay
2022-01-21,4671.0,-1479.0,0.0,0,437.98,0.0,1,7.07,21.86,SPY220331P00446000,446.0,0,0.0,0.0,,0.0,normalDay
2022-01-24,4671.0,-1442.0,0.0,0,439.84,0.0,1,7.07,21.49,SPY220331P00446000,446.0,0,0.0,0.0,,0.0,normalDay
2022-01-25,4671.0,-1793.0,0.0,0,434.47,0.0,1,7.07,25.0,SPY220331P00446000,446.0,0,0.0,0.0,,0.0,normalDay
2022-01-26,4671.0,-1797.0,0.0,0,433.38,0.0,1,7.07,25.04,SPY220331P00446000,446.0,0,0.0,0.0,,0.0,normalDay
2022-01-27,4671.0,-1777.0,0.0,0,431.24,0.0,1,7.07,24.84,SPY220331P00446000,446.0,0,0.0,0.0,,0.0,normalDay
2022-01-28,4671.0,-1121.0,0.0,0,441.95,0.0,1,7.07,18.28,SPY220331P00446000,446.0,0,0.0,0.0,,0.0,normalDay
2022-01-31,4671.0,-709.0,0.0,0,449.91,0.0,1,7.07,14.16,SPY220331P00446000,446.0,0,0.0,0.0,,0.0,normalDay
2022-02-01,4671.0,-431.0,0.0,0,452.95,0.0,1,7.07,11.38,SPY220331P00446000,446.0,0,0.0,0.0,,0.0,normalDay
2022-02-02,4671.0,-359.0,0.0,0,457.35,0.0,1,7.07,10.66,SPY220331P00446000,446.0,0,0.0,0.0,,0.0,normalDay
2022-02-03,4671.0,-660.0,0.0,0,446.6,0.0,1,7.07,13.67,SPY220331P00446000,446.0,0,0.0,0.0,,0.0,normalDay
2022-02-04,4671.0,-690.0,0.0,0,448.7,0.0,1,7.07,13.97,SPY220331P00446000,446.0,0,0.0,0.0,,0.0,normalDay
2022-02-07,4671.0,-641.0,0.0,0,447.26,0.0,1,7.07,13.48,SPY220331P00446000,446.0,0,0.0,0.0,,0.0,normalDay
2022-02-08,4671.0,-418.0,0.0,0,450.94,0.0,1,7.07,11.25,SPY220331P00446000,446.0,0,0.0,0.0,,0.0,normalDay
2022-02-09,4671.0,-166.0,0.0,0,457.54,0.0,1,7.07,8.73,SPY220331P00446000,446.0,0,0.0,0.0,,0.0,normalDay
2022-02-10,4671.0,-582.0,0.0,0,449.32,0.0,1,7.07,12.89,SPY220331P00446000,446.0,0,0.0,0.0,,0.0,normalDay
2022-02-11,4671.0,-1064.0,0.0,0,440.46,0.0,1,7.07,17.71,SPY220331P00446000,446.0,0,0.0,0.0,,0.0,normalDay
2022-02-14,4671.0,-1088.0,0.0,0,439.02,0.0,1,7.07,17.95,SPY220331P00446000,446.0,0,0.0,0.0,,0.0,normalDay
2022-02-15,4671.0,-727.0,0.0,0,446.1,0.0,1,7.07,14.34,SPY220331P00446000,446.0,0,0.0,0.0,,0.0,normalDay
2022-02-16,4671.0,-575.0,0.0,0,446.6,0.0,1,7.07,12.82,SPY220331P00446000,446.0,0,0.0,0.0,,0.0,normalDay
2022-02-17,4671.0,-1170.0,0.0,0,437.06,0.0,1,7.07,18.77,SPY220331P00446000,446.0,0,0.0,0.0,,0.0,normalDay
2022-02-18,4671.0,-1287.0,0.0,0,434.23,0.0,1,7.07,19.94,SPY220331P00446000,446.0,0,0.0,0.0,,0.0,normalDay
2022-02-22,4671.0,-1494.0,0.0,0,429.57,0.0,1,7.07,22.01,SPY220331P00446000,446.0,0,0.0,0.0,,0.0,normalDay
2022-02-23,4671.0,-2169.0,0.0,0,421.95,0.0,1,7.07,28.76,SPY220331P00446000,446.0,0,0.0,0.0,,0.0,normalDay
2022-02-24,4671.0,-1757.0,0.0,0,428.3,0.0,1,7.07,24.64,SPY220331P00446000,446.0,0,0.0,0.0,,0.0,normalDay
2022-02-25,4671.0,-994.0,0.0,0,437.75,0.0,1,7.07,17.01,SPY220331P00446000,446.0,0,0.0,0.0,,0.0,normalDay
2022-02-28,4671.0,-1078.0,0.0,0,436.63,0.0,1,7.07,17.85,SPY220331P00446000,446.0,0,0.0,0.0,,0.0,normalDay
2022-03-01,4671.0,-1568.0,0.0,0,429.98,0.0,1,7.07,22.75,SPY220331P00446000,446.0,0,0.0,0.0,,0.0,normalDay
2022-03-02,4671.0,-1031.0,0.0,0,437.89,0.0,1,7.07,17.38,SPY220331P00446000,446.0,0,0.0,0.0,,0.0,normalDay
2022-03-03,4671.0,-1104.0,0.0,0,435.71,0.0,1,7.07,18.11,SPY220331P00446000,446.0,0,0.0,0.0,,0.0,normalDay
2022-03-04,4671.0,-1379.0,0.0,0,432.17,0.0,1,7.07,20.86,SPY220331P00446000,446.0,0,0.0,0.0,,0.0,normalDay
2022-03-07,4671.0,-2429.0,0.0,0,419.43,0.0,1,7.07,31.36,SPY220331P00446000,446.0,0,0.0,0.0,,0.0,normalDay
2022-03-08,4671.0,-2667.0,0.0,0,416.25,0.0,1,7.07,33.74,SPY220331P00446000,446.0,0,0.0,0.0,,0.0,normalDay
2022-03-09,4671.0,-1587.0,0.0,0,427.41,0.0,1,7.07,22.94,SPY220331P00446000,446.0,0,0.0,0.0,,0.0,normalDay
2022-03-10,4671.0,-1727.0,0.0,0,425.48,0.0,1,7.07,24.34,SPY220331P00446000,446.0,0,0.0,0.0,,0.0,normalDay
2022-03-11,4671.0,-2161.0,0.0,0,420.07,0.0,1,7.07,28.68,SPY220331P00446000,446.0,0,0.0,0.0,,0.0,normalDay
2022-03-14,4671.0,-2389.0,0.0,0,417.0,0.0,1,7.07,30.96,SPY220331P00446000,446.0,0,0.0,0.0,,0.0,normalDay
2022-03-15,4671.0,-1646.0,0.0,0,426.17,0.0,1,7.07,23.53,SPY220331P00446000,446.0,0,0.0,0.0,,0.0,normalDay
2022-03-16,4671.0,-818.0,0.0,0,435.62,0.0,1,7.07,15.25,SPY220331P00446000,446.0,0,0.0,0.0,,0.0,normalDay
2022-03-17,4671.0,-403.0,0.0,0,441.07,0.0,1,7.07,11.1,SPY220331P00446000,446.0,0,0.0,0.0,,0.0,normalDay
2022-03-18,4671.0,-24.0,0.0,0,444.52,0.0,1,7.07,7.31,SPY220331P00446000,446.0,0,0.0,0.0,,0.0,normalDay
2022-03-21,4671.0,50.0,0.0,0,444.39,0.0,1,7.07,6.57,SPY220331P00446000,446.0,0,0.0,0.0,,0.0,normalDay
2022-03-22,4671.0,292.0,0.0,0,449.59,0.0,1,7.07,4.15,SPY220331P00446000,446.0,0,0.0,0.0,,0.0,normalDay
2022-03-23,4671.0,57.0,0.0,0,443.8,0.0,1,7.07,6.5,SPY220331P00446000,446.0,0,0.0,0.0,,0.0,normalDay
2022-03-24,4671.0,417.0,0.0,0,450.49,0.0,1,7.07,2.9,SPY220331P00446000,446.0,0,0.0,0.0,,0.0,normalDay
2022-03-25,4671.0,532.0,0.0,0,452.69,0.0,1,7.07,1.75,SPY220331P00446000,446.0,0,0.0,0.0,,0.0,normalDay
2022-03-28,4671.0,655.0,0.0,0,455.91,0.0,1,7.07,0.52,SPY220331P00446000,446.0,0,0.0,0.0,,0.0,normalDay
2022-03-29,4671.0,694.0,0.0,0,461.55,0.0,1,7.07,0.13,SPY220331P00446000,446.0,0,0.0,0.0,,0.0,normalDay
2022-03-30,4671.0,701.0,0.0,0,458.7,0.0,1,7.07,0.06,SPY220331P00446000,446.0,0,0.0,0.0,,0.0,normalDay
2022-03-31,5378.0,0.0,707.0,0,451.64,0.0,1,7.07,0.0,SPY220331P00446000,446.0,0,0.0,0.0,,0.0,expirationDay
2022-04-01,5378.0,-5.0,0.0,0,452.92,0.0,1,3.34,3.39,SPY220617P00389000,389.0,0,0.0,0.0,,0.0,normalDay
2022-04-04,5378.0,70.0,0.0,0,456.8,0.0,1,3.34,2.64,SPY220617P00389000,389.0,0,0.0,0.0,,0.0,normalDay
2022-04-05,5378.0,-13.0,0.0,0,451.03,0.0,1,3.34,3.47,SPY220617P00389000,389.0,0,0.0,0.0,,0.0,normalDay
2022-04-06,5378.0,-65.0,0.0,0,446.52,0.0,1,3.34,3.99,SPY220617P00389000,389.0,0,0.0,0.0,,0.0,normalDay
2022-04-07,5378.0,-27.0,0.0,0,448.77,0.0,1,3.34,3.61,SPY220617P00389000,389.0,0,0.0,0.0,,0.0,normalDay
2022-04-08,5378.0,-18.0,0.0,0,447.57,0.0,1,3.34,3.52,SPY220617P00389000,389.0,0,0.0,0.0,,0.0,normalDay
2022-04-11,5378.0,-127.0,0.0,0,439.92,0.0,1,3.34,4.61,SPY220617P00389000,389.0,0,0.0,0.0,,0.0,normalDay
2022-04-12,5378.0,-138.0,0.0,0,438.29,0.0,1,3.34,4.72,SPY220617P00389000,389.0,0,0.0,0.0,,0.0,normalDay
2022-04-13,5378.0,-21.0,0.0,0,443.31,0.0,1,3.34,3.55,SPY220617P00389000,389.0,0,0.0,0.0,,0.0,normalDay
2022-04-14,5378.0,-74.0,0.0,0,437.79,0.0,1,3.34,4.08,SPY220617P00389000,389.0,0,0.0,0.0,,0.0,normalDay
2022-04-18,5378.0,-16.0,0.0,0,437.97,0.0,1,3.34,3.5,SPY220617P00389000,389.0,0,0.0,0.0,,0.0,normalDay
2022-04-19,5378.0,42.0,0.0,0,445.04,0.0,1,3.34,2.92,SPY220617P00389000,389.0,0,0.0,0.0,,0.0,normalDay
2022-04-20,5378.0,86.0,0.0,0,444.71,0.0,1,3.34,2.48,SPY220617P00389000,389.0,0,0.0,0.0,,0.0,normalDay
2022-04-21,5378.0,-22.0,0.0,0,438.06,0.0,1,3.34,3.56,SPY220617P00389000,389.0,0,0.0,0.0,,0.0,normalDay
2022-04-22,5378.0,-300.0,0.0,0,426.04,0.0,1,3.34,6.34,SPY220617P00389000,389.0,0,0.0,0.0,,0.0,normalDay
2022-04-25,5378.0,-186.0,0.0,0,428.51,0.0,1,3.34,5.2,SPY220617P00389000,389.0,0,0.0,0.0,,0.0,normalDay
2022-04-26,5378.0,-572.0,0.0,0,416.1,0.0,1,3.34,9.06,SPY220617P00389000,389.0,0,0.0,0.0,,0.0,normalDay
2022-04-27,5378.0,-441.0,0.0,0,417.27,0.0,1,3.34,7.75,SPY220617P00389000,389.0,0,0.0,0.0,,0.0,normalDay
2022-04-28,5378.0,-266.0,0.0,0,427.81,0.0,1,3.34,6.0,SPY220617P00389000,389.0,0,0.0,0.0,,0.0,normalDay
2022-04-29,5378.0,-572.0,0.0,0,412.0,0.0,1,3.34,9.06,SPY220617P00389000,389.0,0,0.0,0.0,,0.0,normalDay
2022-05-02,5378.0,-463.0,0.0,0,414.48,0.0,1,3.34,7.97,SPY220617P00389000,389.0,0,0.0,0.0,,0.0,normalDay
2022-05-03,5378.0,-329.0,0.0,0,416.38,0.0,1,3.34,6.63,SPY220617P00389000,389.0,0,0.0,0.0,,0.0,normalDay
2022-05-04,5378.0,-65.0,0.0,0,429.06,0.0,1,3.34,3.99,SPY220617P00389000,389.0,0,0.0,0.0,,0.0,normalDay
2022-05-05,5378.0,-455.0,0.0,0,413.81,0.0,1,3.34,7.89,SPY220617P00389000,389.0,0,0.0,0.0,,0.0,normalDay
2022-05-06,5378.0,-483.0,0.0,0,411.34,0.0,1,3.34,8.17,SPY220617P00389000,389.0,0,0.0,0.0,,0.0,normalDay
2022-05-09,5378.0,-884.0,0.0,0,398.17,0.0,1,3.34,12.18,SPY220617P00389000,389.0,0,0.0,0.0,,0.0,normalDay
2022-05-10,5378.0,-808.0,0.0,0,399.09,0.0,1,3.34,11.42,SPY220617P00389000,389.0,0,0.0,0.0,,0.0,normalDay
2022-05-11,5378.0,-995.0,0.0,0,392.75,0.0,1,3.34,13.29,SPY220617P00389000,389.0,0,0.0,0.0,,0.0,normalDay
2022-05-12,5378.0,-1002.0,0.0,0,392.34,0.0,1,3.34,13.36,SPY220617P00389000,389.0,0,0.0,0.0,,0.0,normalDay
2022-05-13,5378.0,-581.0,0.0,0,401.72,0.0,1,3.34,9.15,SPY220617P00389000,389.0,0,0.0,0.0,,0.0,normalDay
2022-05-16,5378.0,-527.0,0.0,0,400.09,0.0,1,3.34,8.61,SPY220617P00389000,389.0,0,0.0,0.0,,0.0,normalDay
2022-05-17,5378.0,-235.0,0.0,0,408.32,0.0,1,3.34,5.69,SPY220617P00389000,389.0,0,0.0,0.0,,0.0,normalDay
2022-05-18,5378.0,-902.0,0.0,0,391.86,0.0,1,3.34,12.36,SPY220617P00389000,389.0,0,0.0,0.0,,0.0,normalDay
2022-05-19,5378.0,-907.0,0.0,0,389.46,0.0,1,3.34,12.41,SPY220617P00389000,389.0,0,0.0,0.0,,0.0,normalDay
2022-05-20,5378.0,-882.0,0.0,0,389.63,0.0,1,3.34,12.16,SPY220617P00389000,389.0,0,0.0,0.0,,0.0,normalDay
2022-05-23,5378.0,-495.0,0.0,0,396.92,0.0,1,3.34,8.29,SPY220617P00389000,389.0,0,0.0,0.0,,0.0,normalDay
2022-05-24,5378.0,-609.0,0.0,0,393.89,0.0,1,3.34,9.43,SPY220617P00389000,389.0,0,0.0,0.0,,0.0,normalDay
2022-05-25,5378.0,-460.0,0.0,0,397.37,0.0,1,3.34,7.94,SPY220617P00389000,389.0,0,0.0,0.0,,0.0,normalDay
2022-05-26,5378.0,-176.0,0.0,0,405.31,0.0,1,3.34,5.1,SPY220617P00389000,389.0,0,0.0,0.0,,0.0,normalDay
2022-05-27,5378.0,71.0,0.0,0,415.26,0.0,1,3.34,2.63,SPY220617P00389000,389.0,0,0.0,0.0,,0.0,normalDay
2022-05-31,5378.0,60.0,0.0,0,412.93,0.0,1,3.34,2.74,SPY220617P00389000,389.0,0,0.0,0.0,,0.0,normalDay
2022-06-01,5378.0,53.0,0.0,0,409.59,0.0,1,3.34,2.81,SPY220617P00389000,389.0,0,0.0,0.0,,0.0,normalDay
2022-06-02,5378.0,194.0,0.0,0,417.39,0.0,1,3.34,1.4,SPY220617P00389000,389.0,0,0.0,0.0,,0.0,normalDay
2022-06-03,5378.0,131.0,0.0,0,410.54,0.0,1,3.34,2.03,SPY220617P00389000,389.0,0,0.0,0.0,,0.0,normalDay
2022-06-06,5378.0,182.0,0.0,0,411.79,0.0,1,3.34,1.52,SPY220617P00389000,389.0,0,0.0,0.0,,0.0,normalDay
2022-06-07,5378.0,247.0,0.0,0,415.74,0.0,1,3.34,0.87,SPY220617P00389000,389.0,0,0.0,0.0,,0.0,normalDay
2022-06-08,5378.0,235.0,0.0,0,411.22,0.0,1,3.34,0.99,SPY220617P00389000,389.0,0,0.0,0.0,,0.0,normalDay
2022-06-09,5378.0,57.0,0.0,0,401.44,0.0,1,3.34,2.77,SPY220617P00389000,389.0,0,0.0,0.0,,0.0,normalDay
2022-06-10,5378.0,-313.0,0.0,0,389.8,0.0,1,3.34,6.47,SPY220617P00389000,389.0,0,0.0,0.0,,0.0,normalDay
2022-06-13,5378.0,-1386.0,0.0,0,375.0,0.0,1,3.34,17.2,SPY220617P00389000,389.0,0,0.0,0.0,,0.0,normalDay
2022-06-14,5378.0,-1508.0,0.0,0,373.87,0.0,1,3.34,18.42,SPY220617P00389000,389.0,0,0.0,0.0,,0.0,normalDay
2022-06-15,5378.0,-913.0,0.0,0,379.2,0.0,1,3.34,12.47,SPY220617P00389000,389.0,0,0.0,0.0,,0.0,normalDay
2022-06-16,5378.0,-2007.0,0.0,0,366.65,0.0,1,3.34,23.41,SPY220617P00389000,389.0,0,0.0,0.0,,0.0,normalDay
2022-06-17,5712.0,-2314.0,334.0,100,365.86,389.0,1,3.34,0.0,SPY220617P00389000,389.0,0,0.0,0.0,,0.0,expirationDay
2022-06-21,5712.0,-1399.0,0.0,100,375.07,389.0,0,0.0,0.0,,0.0,1,3.59,3.65,SPY220729C00400000,400.0,normalDay
2022-06-22,5712.0,-1431.0,0.0,100,374.39,389.0,0,0.0,0.0,,0.0,1,3.59,3.29,SPY220729C00400000,400.0,normalDay
2022-06-23,5712.0,-1102.0,0.0,100,378.06,389.0,0,0.0,0.0,,0.0,1,3.59,3.67,SPY220729C00400000,400.0,normalDay
2022-06-24,5712.0,-234.0,0.0,100,390.08,389.0,0,0.0,0.0,,0.0,1,3.59,7.01,SPY220729C00400000,400.0,normalDay
2022-06-27,5712.0,-319.0,0.0,100,388.59,389.0,0,0.0,0.0,,0.0,1,3.59,6.37,SPY220729C00400000,400.0,normalDay
2022-06-28,5712.0,-835.0,0.0,100,380.65,389.0,0,0.0,0.0,,0.0,1,3.59,3.59,SPY220729C00400000,400.0,normalDay
2022-06-29,5712.0,-855.0,0.0,100,380.34,389.0,0,0.0,0.0,,0.0,1,3.59,3.48,SPY220729C00400000,400.0,normalDay
2022-06-30,5712.0,-1055.0,0.0,100,377.25,389.0,0,0.0,0.0,,0.0,1,3.59,2.39,SPY220729C00400000,400.0,normalDay
2022-07-01,5712.0,-718.0,0.0,100,381.24,389.0,0,0.0,0.0,,0.0,1,3.59,3.01,SPY220729C00400000,400.0,normalDay
2022-07-05,5712.0,-624.0,0.0,100,381.96,389.0,0,0.0,0.0,,0.0,1,3.59,2.79,SPY220729C00400000,400.0,normalDay
2022-07-06,5712.0,-521.0,0.0,100,383.25,389.0,0,0.0,0.0,,0.0,1,3.59,3.05,SPY220729C00400000,400.0,normalDay
2022-07-07,5712.0,-65.0,0.0,100,388.99,389.0,0,0.0,0.0,,0.0,1,3.59,4.23,SPY220729C00400000,400.0,normalDay
2022-07-08,5712.0,-48.0,0.0,100,388.67,389.0,0,0.0,0.0,,0.0,1,3.59,3.74,SPY220729C00400000,400.0,normalDay
2022-07-11,5712.0,-354.0,0.0,100,384.23,389.0,0,0.0,0.0,,0.0,1,3.59,2.36,SPY220729C00400000,400.0,normalDay
2022-07-12,5712.0,-613.0,0.0,100,380.83,389.0,0,0.0,0.0,,0.0,1,3.59,1.55,SPY220729C00400000,400.0,normalDay
2022-07-13,5712.0,-765.0,0.0,100,378.83,389.0,0,0.0,0.0,,0.0,1,3.59,1.07,SPY220729C00400000,400.0,normalDay
2022-07-14,5712.0,-830.0,0.0,100,377.91,389.0,0,0.0,0.0,,0.0,1,3.59,0.8,SPY220729C00400000,400.0,normalDay
2022-07-15,5712.0,-165.0,0.0,100,385.13,389.0,0,0.0,0.0,,0.0,1,3.59,1.37,SPY220729C00400000,400.0,normalDay
2022-07-18,5712.0,-424.0,0.0,100,381.95,389.0,0,0.0,0.0,,0.0,1,3.59,0.78,SPY220729C00400000,400.0,normalDay
2022-07-19,5712.0,367.0,0.0,100,392.27,389.0,0,0.0,0.0,,0.0,1,3.59,3.19,SPY220729C00400000,400.0,normalDay
2022-07-20,5712.0,565.0,0.0,100,394.77,389.0,0,0.0,0.0,,0.0,1,3.59,3.71,SPY220729C00400000,400.0,normalDay
2022-07-21,5712.0,885.0,0.0,100,398.79,389.0,0,0.0,0.0,,0.0,1,3.59,4.53,SPY220729C00400000,400.0,normalDay
2022-07-22,5712.0,724.0,0.0,100,395.09,389.0,0,0.0,0.0,,0.0,1,3.59,2.44,SPY220729C00400000,400.0,normalDay
2022-07-25,5712.0,767.0,0.0,100,395.57,389.0,0,0.0,0.0,,0.0,1,3.59,2.49,SPY220729C00400000,400.0,normalDay
2022-07-26,5712.0,431.0,0.0,100,390.89,389.0,0,0.0,0.0,,0.0,1,3.59,1.17,SPY220729C00400000,400.0,normalDay
2022-07-27,5712.0,1234.0,0.0,100,401.04,389.0,0,0.0,0.0,,0.0,1,3.59,3.29,SPY220729C00400000,400.0,normalDay
2022-07-28,5712.0,1307.0,0.0,100,406.07,389.0,0,0.0,0.0,,0.0,1,3.59,7.59,SPY220729C00400000,400.0,normalDay
2022-07-29,7171.0,1307.0,1459.0,0,411.99,0.0,0,0.0,0.0,,0.0,1,3.59,0.0,SPY220729C00400000,400.0,expirationDay
2022-08-01,7171.0,-4.0,0.0,0,410.77,0.0,1,3.88,3.92,SPY221021P00357000,357.0,0,0.0,0.0,,0.0,normalDay
2022-08-02,7171.0,-68.0,0.0,0,408.06,0.0,1,3.88,4.56,SPY221021P00357000,357.0,0,0.0,0.0,,0.0,normalDay
2022-08-03,7171.0,54.0,0.0,0,414.45,0.0,1,3.88,3.34,SPY221021P00357000,357.0,0,0.0,0.0,,0.0,normalDay
2022-08-04,7171.0,65.0,0.0,0,414.17,0.0,1,3.88,3.23,SPY221021P00357000,357.0,0,0.0,0.0,,0.0,normalDay
2022-08-05,7171.0,66.0,0.0,0,413.47,0.0,1,3.88,3.22,SPY221021P00357000,357.0,0,0.0,0.0,,0.0,normalDay
2022-08-08,7171.0,75.0,0.0,0,412.99,0.0,1,3.88,3.13,SPY221021P00357000,357.0,0,0.0,0.0,,0.0,normalDay
2022-08-09,7171.0,66.0,0.0,0,411.35,0.0,1,3.88,3.22,SPY221021P00357000,357.0,0,0.0,0.0,,0.0,normalDay
2022-08-10,7171.0,163.0,0.0,0,419.99,0.0,1,3.88,2.25,SPY221021P00357000,357.0,0,0.0,0.0,,0.0,normalDay
2022-08-11,7171.0,166.0,0.0,0,419.99,0.0,1,3.88,2.22,SPY221021P00357000,357.0,0,0.0,0.0,,0.0,normalDay
2022-08-12,7171.0,212.0,0.0,0,427.1,0.0,1,3.88,1.76,SPY221021P00357000,357.0,0,0.0,0.0,,0.0,normalDay
2022-08-15,7171.0,233.0,0.0,0,428.86,0.0,1,3.88,1.55,SPY221021P00357000,357.0,0,0.0,0.0,,0.0,normalDay
2022-08-16,7171.0,239.0,0.0,0,429.7,0.0,1,3.88,1.49,SPY221021P00357000,357.0,0,0.0,0.0,,0.0,normalDay
2022-08-17,7171.0,231.0,0.0,0,426.65,0.0,1,3.88,1.57,SPY221021P00357000,357.0,0,0.0,0.0,,0.0,normalDay
2022-08-18,7171.0,248.0,0.0,0,427.89,0.0,1,3.88,1.4,SPY221021P00357000,357.0,0,0.0,0.0,,0.0,normalDay
2022-08-19,7171.0,210.0,0.0,0,422.14,0.0,1,3.88,1.78,SPY221021P00357000,357.0,0,0.0,0.0,,0.0,normalDay
2022-08-22,7171.0,131.0,0.0,0,413.35,0.0,1,3.88,2.57,SPY221021P00357000,357.0,0,0.0,0.0,,0.0,normalDay
2022-08-23,7171.0,132.0,0.0,0,412.35,0.0,1,3.88,2.56,SPY221021P00357000,357.0,0,0.0,0.0,,0.0,normalDay
2022-08-24,7171.0,175.0,0.0,0,413.67,0.0,1,3.88,2.13,SPY221021P00357000,357.0,0,0.0,0.0,,0.0,normalDay
2022-08-25,7171.0,226.0,0.0,0,419.51,0.0,1,3.88,1.62,SPY221021P00357000,357.0,0,0.0,0.0,,0.0,normalDay
2022-08-26,7171.0,72.0,0.0,0,405.31,0.0,1,3.88,3.16,SPY221021P00357000,357.0,0,0.0,0.0,,0.0,normalDay
2022-08-29,7171.0,65.0,0.0,0,402.63,0.0,1,3.88,3.23,SPY221021P00357000,357.0,0,0.0,0.0,,0.0,normalDay
2022-08-30,7171.0,25.0,0.0,0,398.21,0.0,1,3.88,3.63,SPY221021P00357000,357.0,0,0.0,0.0,,0.0,normalDay
2022-08-31,7171.0,16.0,0.0,0,395.18,0.0,1,3.88,3.72,SPY221021P00357000,357.0,0,0.0,0.0,,0.0,normalDay
2022-09-01,7171.0,49.0,0.0,0,396.42,0.0,1,3.88,3.39,SPY221021P00357000,357.0,0,0.0,0.0,,0.0,normalDay
2022-09-02,7171.0,12.0,0.0,0,392.24,0.0,1,3.88,3.76,SPY221021P00357000,357.0,0,0.0,0.0,,0.0,normalDay
2022-09-06,7171.0,-15.0,0.0,0,390.76,0.0,1,3.88,4.03,SPY221021P00357000,357.0,0,0.0,0.0,,0.0,normalDay
2022-09-07,7171.0,125.0,0.0,0,397.78,0.0,1,3.88,2.63,SPY221021P00357000,357.0,0,0.0,0.0,,0.0,normalDay
2022-09-08,7171.0,185.0,0.0,0,400.38,0.0,1,3.88,2.03,SPY221021P00357000,357.0,0,0.0,0.0,,0.0,normalDay
2022-09-09,7171.0,236.0,0.0,0,406.6,0.0,1,3.88,1.52,SPY221021P00357000,357.0,0,0.0,0.0,,0.0,normalDay
2022-09-12,7171.0,263.0,0.0,0,410.97,0.0,1,3.88,1.25,SPY221021P00357000,357.0,0,0.0,0.0,,0.0,normalDay
2022-09-13,7171.0,98.0,0.0,0,393.1,0.0,1,3.88,2.9,SPY221021P00357000,357.0,0,0.0,0.0,,0.0,normalDay
2022-09-14,7171.0,125.0,0.0,0,394.6,0.0,1,3.88,2.63,SPY221021P00357000,357.0,0,0.0,0.0,,0.0,normalDay
2022-09-15,7171.0,103.0,0.0,0,390.12,0.0,1,3.88,2.85,SPY221021P00357000,357.0,0,0.0,0.0,,0.0,normalDay
2022-09-16,7171.0,75.0,0.0,0,385.56,0.0,1,3.88,3.13,SPY221021P00357000,357.0,0,0.0,0.0,,0.0,normalDay
2022-09-19,7171.0,144.0,0.0,0,388.55,0.0,1,3.88,2.44,SPY221021P00357000,357.0,0,0.0,0.0,,0.0,normalDay
2022-09-20,7171.0,65.0,0.0,0,384.09,0.0,1,3.88,3.23,SPY221021P00357000,357.0,0,0.0,0.0,,0.0,normalDay
2022-09-21,7171.0,-57.0,0.0,0,377.39,0.0,1,3.88,4.45,SPY221021P00357000,357.0,0,0.0,0.0,,0.0,normalDay
2022-09-22,7171.0,-71.0,0.0,0,374.22,0.0,1,3.88,4.59,SPY221021P00357000,357.0,0,0.0,0.0,,0.0,normalDay
2022-09-23,7171.0,-310.0,0.0,0,367.95,0.0,1,3.88,6.98,SPY221021P00357000,357.0,0,0.0,0.0,,0.0,normalDay
2022-09-26,7171.0,-466.0,0.0,0,364.31,0.0,1,3.88,8.54,SPY221021P00357000,357.0,0,0.0,0.0,,0.0,normalDay
2022-09-27,7171.0,-470.0,0.0,0,363.38,0.0,1,3.88,8.58,SPY221021P00357000,357.0,0,0.0,0.0,,0.0,normalDay
2022-09-28,7171.0,-166.0,0.0,0,370.53,0.0,1,3.88,5.54,SPY221021P00357000,357.0,0,0.0,0.0,,0.0,normalDay
2022-09-29,7171.0,-403.0,0.0,0,362.79,0.0,1,3.88,7.91,SPY221021P00357000,357.0,0,0.0,0.0,,0.0,normalDay
2022-09-30,7171.0,-529.0,0.0,0,357.18,0.0,1,3.88,9.17,SPY221021P00357000,357.0,0,0.0,0.0,,0.0,normalDay
2022-10-03,7171.0,-132.0,0.0,0,366.61,0.0,1,3.88,5.2,SPY221021P00357000,357.0,0,0.0,0.0,,0.0,normalDay
2022-10-04,7171.0,132.0,0.0,0,377.97,0.0,1,3.88,2.56,SPY221021P00357000,357.0,0,0.0,0.0,,0.0,normalDay
2022-10-05,7171.0,157.0,0.0,0,377.09,0.0,1,3.88,2.31,SPY221021P00357000,357.0,0,0.0,0.0,,0.0,normalDay
2022-10-06,7171.0,73.0,0.0,0,373.2,0.0,1,3.88,3.15,SPY221021P00357000,357.0,0,0.0,0.0,,0.0,normalDay
2022-10-07,7171.0,-191.0,0.0,0,362.79,0.0,1,3.88,5.79,SPY221021P00357000,357.0,0,0.0,0.0,,0.0,normalDay
2022-10-10,7171.0,-230.0,0.0,0,360.02,0.0,1,3.88,6.18,SPY221021P00357000,357.0,0,0.0,0.0,,0.0,normalDay
2022-10-11,7171.0,-339.0,0.0,0,357.74,0.0,1,3.88,7.27,SPY221021P00357000,357.0,0,0.0,0.0,,0.0,normalDay
2022-10-12,7171.0,-376.0,0.0,0,356.56,0.0,1,3.88,7.64,SPY221021P00357000,357.0,0,0.0,0.0,,0.0,normalDay
2022-10-13,7171.0,68.0,0.0,0,365.97,0.0,1,3.88,3.2,SPY221021P00357000,357.0,0,0.0,0.0,,0.0,normalDay
2022-10-14,7171.0,-133.0,0.0,0,357.63,0.0,1,3.88,5.21,SPY221021P00357000,357.0,0,0.0,0.0,,0.0,normalDay
2022-10-17,7171.0,241.0,0.0,0,366.82,0.0,1,3.88,1.47,SPY221021P00357000,357.0,0,0.0,0.0,,0.0,normalDay
2022-10-18,7171.0,340.0,0.0,0,371.13,0.0,1,3.88,0.48,SPY221021P00357000,357.0,0,0.0,0.0,,0.0,normalDay
2022-10-19,7171.0,344.0,0.0,0,368.5,0.0,1,3.88,0.44,SPY221021P00357000,357.0,0,0.0,0.0,,0.0,normalDay
2022-10-20,7171.0,365.0,0.0,0,365.41,0.0,1,3.88,0.23,SPY221021P00357000,357.0,0,0.0,0.0,,0.0,normalDay
2022-10-21,7559.0,0.0,388.0,0,374.29,0.0,1,3.88,0.0,SPY221021P00357000,357.0,0,0.0,0.0,,0.0,expirationDay
2022-10-24,7559.0,-5.0,0.0,0,378.87,0.0,1,5.83,5.88,SPY221230P00342000,342.0,0,0.0,0.0,,0.0,normalDay
2022-10-25,7559.0,100.0,0.0,0,384.92,0.0,1,5.83,4.83,SPY221230P00342000,342.0,0,0.0,0.0,,0.0,normalDay
2022-10-26,7559.0,136.0,0.0,0,382.02,0.0,1,5.83,4.47,SPY221230P00342000,342.0,0,0.0,0.0,,0.0,normalDay
2022-10-27,7559.0,52.0,0.0,0,379.98,0.0,1,5.83,5.31,SPY221230P00342000,342.0,0,0.0,0.0,,0.0,normalDay
2022-10-28,7559.0,253.0,0.0,0,389.02,0.0,1,5.83,3.3,SPY221230P00342000,342.0,0,0.0,0.0,,0.0,normalDay
2022-10-31,7559.0,250.0,0.0,0,386.21,0.0,1,5.83,3.33,SPY221230P00342000,342.0,0,0.0,0.0,,0.0,normalDay
2022-11-01,7559.0,245.0,0.0,0,384.52,0.0,1,5.83,3.38,SPY221230P00342000,342.0,0,0.0,0.0,,0.0,normalDay
2022-11-02,7559.0,113.0,0.0,0,374.87,0.0,1,5.83,4.7,SPY221230P00342000,342.0,0,0.0,0.0,,0.0,normalDay
2022-11-03,7559.0,89.0,0.0,0,371.01,0.0,1,5.83,4.94,SPY221230P00342000,342.0,0,0.0,0.0,,0.0,normalDay
2022-11-04,7559.0,194.0,0.0,0,376.35,0.0,1,5.83,3.89,SPY221230P00342000,342.0,0,0.0,0.0,,0.0,normalDay
2022-11-07,7559.0,275.0,0.0,0,379.95,0.0,1,5.83,3.08,SPY221230P00342000,342.0,0,0.0,0.0,,0.0,normalDay
2022-11-08,7559.0,261.0,0.0,0,382.0,0.0,1,5.83,3.22,SPY221230P00342000,342.0,0,0.0,0.0,,0.0,normalDay
2022-11-09,7559.0,169.0,0.0,0,374.13,0.0,1,5.83,4.14,SPY221230P00342000,342.0,0,0.0,0.0,,0.0,normalDay
2022-11-10,7559.0,419.0,0.0,0,394.69,0.0,1,5.83,1.64,SPY221230P00342000,342.0,0,0.0,0.0,,0.0,normalDay
2022-11-11,7559.0,443.0,0.0,0,398.51,0.0,1,5.83,1.4,SPY221230P00342000,342.0,0,0.0,0.0,,0.0,normalDay
2022-11-14,7559.0,435.0,0.0,0,395.12,0.0,1,5.83,1.48,SPY221230P00342000,342.0,0,0.0,0.0,,0.0,normalDay
2022-11-15,7559.0,445.0,0.0,0,398.49,0.0,1,5.83,1.38,SPY221230P00342000,342.0,0,0.0,0.0,,0.0,normalDay
2022-11-16,7559.0,447.0,0.0,0,395.45,0.0,1,5.83,1.36,SPY221230P00342000,342.0,0,0.0,0.0,,0.0,normalDay
2022-11-17,7559.0,457.0,0.0,0,394.24,0.0,1,5.83,1.26,SPY221230P00342000,342.0,0,0.0,0.0,,0.0,normalDay
2022-11-18,7559.0,477.0,0.0,0,396.03,0.0,1,5.83,1.06,SPY221230P00342000,342.0,0,0.0,0.0,,0.0,normalDay
2022-11-21,7559.0,497.0,0.0,0,394.59,0.0,1,5.83,0.86,SPY221230P00342000,342.0,0,0.0,0.0,,0.0,normalDay
2022-11-22,7559.0,523.0,0.0,0,399.9,0.0,1,5.83,0.6,SPY221230P00342000,342.0,0,0.0,0.0,,0.0,normalDay
2022-11-23,7559.0,533.0,0.0,0,402.42,0.0,1,5.83,0.5,SPY221230P00342000,342.0,0,0.0,0.0,,0.0,normalDay
2022-11-25,7559.0,533.0,0.0,0,402.33,0.0,1,5.83,0.5,SPY221230P00342000,342.0,0,0.0,0.0,,0.0,normalDay
2022-11-28,7559.0,520.0,0.0,0,395.91,0.0,1,5.83,0.63,SPY221230P00342000,342.0,0,0.0,0.0,,0.0,normalDay
2022-11-29,7559.0,528.0,0.0,0,395.23,0.0,1,5.83,0.55,SPY221230P00342000,342.0,0,0.0,0.0,,0.0,normalDay
2022-11-30,7559.0,554.0,0.0,0,407.68,0.0,1,5.83,0.29,SPY221230P00342000,342.0,0,0.0,0.0,,0.0,normalDay
2022-12-01,7559.0,559.0,0.0,0,407.38,0.0,1,5.83,0.24,SPY221230P00342000,342.0,0,0.0,0.0,,0.0,normalDay
2022-12-02,7559.0,561.0,0.0,0,406.91,0.0,1,5.83,0.22,SPY221230P00342000,342.0,0,0.0,0.0,,0.0,normalDay
2022-12-05,7559.0,555.0,0.0,0,399.59,0.0,1,5.83,0.28,SPY221230P00342000,342.0,0,0.0,0.0,,0.0,normalDay
2022-12-06,7559.0,544.0,0.0,0,393.83,0.0,1,5.83,0.39,SPY221230P00342000,342.0,0,0.0,0.0,,0.0,normalDay
2022-12-07,7559.0,545.0,0.0,0,393.16,0.0,1,5.83,0.38,SPY221230P00342000,342.0,0,0.0,0.0,,0.0,normalDay
2022-12-08,7559.0,554.0,0.0,0,396.24,0.0,1,5.83,0.29,SPY221230P00342000,342.0,0,0.0,0.0,,0.0,normalDay
2022-12-09,7559.0,552.0,0.0,0,393.28,0.0,1,5.83,0.31,SPY221230P00342000,342.0,0,0.0,0.0,,0.0,normalDay
2022-12-12,7559.0,558.0,0.0,0,398.95,0.0,1,5.83,0.25,SPY221230P00342000,342.0,0,0.0,0.0,,0.0,normalDay
2022-12-13,7559.0,568.0,0.0,0,401.97,0.0,1,5.83,0.15,SPY221230P00342000,342.0,0,0.0,0.0,,0.0,normalDay
2022-12-14,7559.0,571.0,0.0,0,399.4,0.0,1,5.83,0.12,SPY221230P00342000,342.0,0,0.0,0.0,,0.0,normalDay
2022-12-15,7559.0,560.0,0.0,0,389.63,0.0,1,5.83,0.23,SPY221230P00342000,342.0,0,0.0,0.0,,0.0,normalDay
2022-12-16,7559.0,564.0,0.0,0,383.27,0.0,1,5.83,0.19,SPY221230P00342000,342.0,0,0.0,0.0,,0.0,normalDay
2022-12-19,7559.0,567.0,0.0,0,380.02,0.0,1,5.83,0.16,SPY221230P00342000,342.0,0,0.0,0.0,,0.0,normalDay
2022-12-20,7559.0,572.0,0.0,0,380.54,0.0,1,5.83,0.11,SPY221230P00342000,342.0,0,0.0,0.0,,0.0,normalDay
2022-12-21,7559.0,577.0,0.0,0,386.23,0.0,1,5.83,0.06,SPY221230P00342000,342.0,0,0.0,0.0,,0.0,normalDay
2022-12-22,7559.0,574.0,0.0,0,380.72,0.0,1,5.83,0.09,SPY221230P00342000,342.0,0,0.0,0.0,,0.0,normalDay
2022-12-23,7559.0,579.0,0.0,0,382.91,0.0,1,5.83,0.04,SPY221230P00342000,342.0,0,0.0,0.0,,0.0,normalDay
2022-12-27,7559.0,581.0,0.0,0,381.4,0.0,1,5.83,0.02,SPY221230P00342000,342.0,0,0.0,0.0,,0.0,normalDay
2022-12-28,7559.0,581.0,0.0,0,376.66,0.0,1,5.83,0.02,SPY221230P00342000,342.0,0,0.0,0.0,,0.0,normalDay
2022-12-29,7559.0,582.0,0.0,0,383.44,0.0,1,5.83,0.01,SPY221230P00342000,342.0,0,0.0,0.0,,0.0,normalDay
2022-12-30,8142.0,0.0,583.0,0,382.43,0.0,1,5.83,0.0,SPY221230P00342000,342.0,0,0.0,0.0,,0.0,expirationDay
2023-01-03,8142.0,-7.0,0.0,0,380.82,0.0,1,8.87,8.94,SPY230331P00361000,361.0,0,0.0,0.0,,0.0,normalDay
2023-01-04,8142.0,129.0,0.0,0,383.76,0.0,1,8.87,7.58,SPY230331P00361000,361.0,0,0.0,0.0,,0.0,normalDay
2023-01-05,8142.0,19.0,0.0,0,379.38,0.0,1,8.87,8.68,SPY230331P00361000,361.0,0,0.0,0.0,,0.0,normalDay
2023-01-06,8142.0,259.0,0.0,0,388.08,0.0,1,8.87,6.28,SPY230331P00361000,361.0,0,0.0,0.0,,0.0,normalDay
2023-01-09,8142.0,245.0,0.0,0,387.86,0.0,1,8.87,6.42,SPY230331P00361000,361.0,0,0.0,0.0,,0.0,normalDay
2023-01-10,8142.0,352.0,0.0,0,390.58,0.0,1,8.87,5.35,SPY230331P00361000,361.0,0,0.0,0.0,,0.0,normalDay
2023-01-11,8142.0,423.0,0.0,0,395.52,0.0,1,8.87,4.64,SPY230331P00361000,361.0,0,0.0,0.0,,0.0,normalDay
2023-01-12,8142.0,504.0,0.0,0,396.96,0.0,1,8.87,3.83,SPY230331P00361000,361.0,0,0.0,0.0,,0.0,normalDay
2023-01-13,8142.0,538.0,0.0,0,398.5,0.0,1,8.87,3.49,SPY230331P00361000,361.0,0,0.0,0.0,,0.0,normalDay
2023-01-17,8142.0,539.0,0.0,0,397.77,0.0,1,8.87,3.48,SPY230331P00361000,361.0,0,0.0,0.0,,0.0,normalDay
2023-01-18,8142.0,435.0,0.0,0,391.49,0.0,1,8.87,4.52,SPY230331P00361000,361.0,0,0.0,0.0,,0.0,normalDay
2023-01-19,8142.0,395.0,0.0,0,388.64,0.0,1,8.87,4.92,SPY230331P00361000,361.0,0,0.0,0.0,,0.0,normalDay
2023-01-20,8142.0,521.0,0.0,0,395.88,0.0,1,8.87,3.66,SPY230331P00361000,361.0,0,0.0,0.0,,0.0,normalDay
2023-01-23,8142.0,587.0,0.0,0,400.63,0.0,1,8.87,3.0,SPY230331P00361000,361.0,0,0.0,0.0,,0.0,normalDay
2023-01-24,8142.0,616.0,0.0,0,400.2,0.0,1,8.87,2.71,SPY230331P00361000,361.0,0,0.0,0.0,,0.0,normalDay
2023-01-25,8142.0,611.0,0.0,0,400.35,0.0,1,8.87,2.76,SPY230331P00361000,361.0,0,0.0,0.0,,0.0,normalDay
2023-01-26,8142.0,657.0,0.0,0,404.75,0.0,1,8.87,2.3,SPY230331P00361000,361.0,0,0.0,0.0,,0.0,normalDay
2023-01-27,8142.0,670.0,0.0,0,405.68,0.0,1,8.87,2.17,SPY230331P00361000,361.0,0,0.0,0.0,,0.0,normalDay
2023-01-30,8142.0,626.0,0.0,0,400.59,0.0,1,8.87,2.61,SPY230331P00361000,361.0,0,0.0,0.0,,0.0,normalDay
2023-01-31,8142.0,680.0,0.0,0,406.48,0.0,1,8.87,2.07,SPY230331P00361000,361.0,0,0.0,0.0,,0.0,normalDay
2023-02-01,8142.0,732.0,0.0,0,410.8,0.0,1,8.87,1.55,SPY230331P00361000,361.0,0,0.0,0.0,,0.0,normalDay
2023-02-02,8142.0,727.0,0.0,0,416.78,0.0,1,8.87,1.6,SPY230331P00361000,361.0,0,0.0,0.0,,0.0,normalDay
2023-02-03,8142.0,726.0,0.0,0,412.35,0.0,1,8.87,1.61,SPY230331P00361000,361.0,0,0.0,0.0,,0.0,normalDay
2023-02-06,8142.0,714.0,0.0,0,409.83,0.0,1,8.87,1.73,SPY230331P00361000,361.0,0,0.0,0.0,,0.0,normalDay
2023-02-07,8142.0,754.0,0.0,0,415.19,0.0,1,8.87,1.33,SPY230331P00361000,361.0,0,0.0,0.0,,0.0,normalDay
2023-02-08,8142.0,722.0,0.0,0,410.65,0.0,1,8.87,1.65,SPY230331P00361000,361.0,0,0.0,0.0,,0.0,normalDay
2023-02-09,8142.0,692.0,0.0,0,407.09,0.0,1,8.87,1.95,SPY230331P00361000,361.0,0,0.0,0.0,,0.0,normalDay
2023-02-10,8142.0,707.0,0.0,0,408.04,0.0,1,8.87,1.8,SPY230331P00361000,361.0,0,0.0,0.0,,0.0,normalDay
2023-02-13,8142.0,756.0,0.0,0,412.83,0.0,1,8.87,1.31,SPY230331P00361000,361.0,0,0.0,0.0,,0.0,normalDay
2023-02-14,8142.0,777.0,0.0,0,412.64,0.0,1,8.87,1.1,SPY230331P00361000,361.0,0,0.0,0.0,,0.0,normalDay
2023-02-15,8142.0,794.0,0.0,0,413.98,0.0,1,8.87,0.93,SPY230331P00361000,361.0,0,0.0,0.0,,0.0,normalDay
2023-02-16,8142.0,748.0,0.0,0,408.28,0.0,1,8.87,1.39,SPY230331P00361000,361.0,0,0.0,0.0,,0.0,normalDay
2023-02-17,8142.0,754.0,0.0,0,407.26,0.0,1,8.87,1.33,SPY230331P00361000,361.0,0,0.0,0.0,,0.0,normalDay
2023-02-21,8142.0,694.0,0.0,0,399.09,0.0,1,8.87,1.93,SPY230331P00361000,361.0,0,0.0,0.0,,0.0,normalDay
2023-02-22,8142.0,711.0,0.0,0,398.54,0.0,1,8.87,1.76,SPY230331P00361000,361.0,0,0.0,0.0,,0.0,normalDay
2023-02-23,8142.0,749.0,0.0,0,400.66,0.0,1,8.87,1.38,SPY230331P00361000,361.0,0,0.0,0.0,,0.0,normalDay
2023-02-24,8142.0,720.0,0.0,0,396.38,0.0,1,8.87,1.67,SPY230331P00361000,361.0,0,0.0,0.0,,0.0,normalDay
2023-02-27,8142.0,767.0,0.0,0,397.73,0.0,1,8.87,1.2,SPY230331P00361000,361.0,0,0.0,0.0,,0.0,normalDay
2023-02-28,8142.0,767.0,0.0,0,396.26,0.0,1,8.87,1.2,SPY230331P00361000,361.0,0,0.0,0.0,,0.0,normalDay
2023-03-01,8142.0,768.0,0.0,0,394.74,0.0,1,8.87,1.19,SPY230331P00361000,361.0,0,0.0,0.0,,0.0,normalDay
2023-03-02,8142.0,806.0,0.0,0,397.81,0.0,1,8.87,0.81,SPY230331P00361000,361.0,0,0.0,0.0,,0.0,normalDay
2023-03-03,8142.0,840.0,0.0,0,404.19,0.0,1,8.87,0.47,SPY230331P00361000,361.0,0,0.0,0.0,,0.0,normalDay
2023-03-06,8142.0,846.0,0.0,0,404.47,0.0,1,8.87,0.41,SPY230331P00361000,361.0,0,0.0,0.0,,0.0,normalDay
2023-03-07,8142.0,823.0,0.0,0,398.27,0.0,1,8.87,0.64,SPY230331P00361000,361.0,0,0.0,0.0,,0.0,normalDay
2023-03-08,8142.0,835.0,0.0,0,398.92,0.0,1,8.87,0.52,SPY230331P00361000,361.0,0,0.0,0.0,,0.0,normalDay
2023-03-09,8142.0,753.0,0.0,0,391.56,0.0,1,8.87,1.34,SPY230331P00361000,361.0,0,0.0,0.0,,0.0,normalDay
2023-03-10,8142.0,666.0,0.0,0,385.91,0.0,1,8.87,2.21,SPY230331P00361000,361.0,0,0.0,0.0,,0.0,normalDay
2023-03-13,8142.0,650.0,0.0,0,385.36,0.0,1,8.87,2.37,SPY230331P00361000,361.0,0,0.0,0.0,,0.0,normalDay
2023-03-14,8142.0,779.0,0.0,0,391.73,0.0,1,8.87,1.08,SPY230331P00361000,361.0,0,0.0,0.0,,0.0,normalDay
2023-03-15,8142.0,709.0,0.0,0,389.28,0.0,1,8.87,1.78,SPY230331P00361000,361.0,0,0.0,0.0,,0.0,normalDay
2023-03-16,8142.0,809.0,0.0,0,396.11,0.0,1,8.87,0.78,SPY230331P00361000,361.0,0,0.0,0.0,,0.0,normalDay
2023-03-17,8142.0,778.0,0.0,0,389.99,0.0,1,8.87,1.09,SPY230331P00361000,361.0,0,0.0,0.0,,0.0,normalDay
2023-03-20,8142.0,826.0,0.0,0,393.74,0.0,1,8.87,0.61,SPY230331P00361000,361.0,0,0.0,0.0,,0.0,normalDay
2023-03-21,8142.0,863.0,0.0,0,398.91,0.0,1,8.87,0.24,SPY230331P00361000,361.0,0,0.0,0.0,,0.0,normalDay
2023-03-22,8142.0,848.0,0.0,0,392.11,0.0,1,8.87,0.39,SPY230331P00361000,361.0,0,0.0,0.0,,0.0,normalDay
2023-03-23,8142.0,857.0,0.0,0,393.17,0.0,1,8.87,0.3,SPY230331P00361000,361.0,0,0.0,0.0,,0.0,normalDay
2023-03-24,8142.0,876.0,0.0,0,395.75,0.0,1,8.87,0.11,SPY230331P00361000,361.0,0,0.0,0.0,,0.0,normalDay
2023-03-27,8142.0,883.0,0.0,0,396.49,0.0,1,8.87,0.04,SPY230331P00361000,361.0,0,0.0,0.0,,0.0,normalDay
2023-03-28,8142.0,884.0,0.0,0,395.6,0.0,1,8.87,0.03,SPY230331P00361000,361.0,0,0.0,0.0,,0.0,normalDay
2023-03-29,8142.0,885.0,0.0,0,401.35,0.0,1,8.87,0.02,SPY230331P00361000,361.0,0,0.0,0.0,,0.0,normalDay
2023-03-30,8142.0,885.0,0.0,0,403.7,0.0,1,8.87,0.02,SPY230331P00361000,361.0,0,0.0,0.0,,0.0,normalDay
2023-03-31,9029.0,0.0,887.0,0,409.39,0.0,1,8.87,0.0,SPY230331P00361000,361.0,0,0.0,0.0,,0.0,expirationDay
2023-04-03,9029.0,-3.0,0.0,0,410.95,0.0,1,3.46,3.49,SPY230616P00373000,373.0,0,0.0,0.0,,0.0,normalDay
2023-04-04,9029.0,-36.0,0.0,0,408.67,0.0,1,3.46,3.82,SPY230616P00373000,373.0,0,0.0,0.0,,0.0,normalDay
2023-04-05,9029.0,-52.0,0.0,0,407.6,0.0,1,3.46,3.98,SPY230616P00373000,373.0,0,0.0,0.0,,0.0,normalDay
2023-04-06,9029.0,-11.0,0.0,0,409.19,0.0,1,3.46,3.57,SPY230616P00373000,373.0,0,0.0,0.0,,0.0,normalDay
2023-04-10,9029.0,17.0,0.0,0,409.61,0.0,1,3.46,3.29,SPY230616P00373000,373.0,0,0.0,0.0,,0.0,normalDay
2023-04-11,9029.0,24.0,0.0,0,409.72,0.0,1,3.46,3.22,SPY230616P00373000,373.0,0,0.0,0.0,,0.0,normalDay
2023-04-12,9029.0,6.0,0.0,0,408.05,0.0,1,3.46,3.4,SPY230616P00373000,373.0,0,0.0,0.0,,0.0,normalDay
2023-04-13,9029.0,94.0,0.0,0,413.47,0.0,1,3.46,2.52,SPY230616P00373000,373.0,0,0.0,0.0,,0.0,normalDay
2023-04-14,9029.0,105.0,0.0,0,412.46,0.0,1,3.46,2.41,SPY230616P00373000,373.0,0,0.0,0.0,,0.0,normalDay
2023-04-17,9029.0,139.0,0.0,0,413.94,0.0,1,3.46,2.07,SPY230616P00373000,373.0,0,0.0,0.0,,0.0,normalDay
2023-04-18,9029.0,136.0,0.0,0,414.21,0.0,1,3.46,2.1,SPY230616P00373000,373.0,0,0.0,0.0,,0.0,normalDay
2023-04-19,9029.0,138.0,0.0,0,414.14,0.0,1,3.46,2.08,SPY230616P00373000,373.0,0,0.0,0.0,,0.0,normalDay
2023-04-20,9029.0,112.0,0.0,0,411.88,0.0,1,3.46,2.34,SPY230616P00373000,373.0,0,0.0,0.0,,0.0,normalDay
2023-04-21,9029.0,124.0,0.0,0,412.2,0.0,1,3.46,2.22,SPY230616P00373000,373.0,0,0.0,0.0,,0.0,normalDay
2023-04-24,9029.0,140.0,0.0,0,412.63,0.0,1,3.46,2.06,SPY230616P00373000,373.0,0,0.0,0.0,,0.0,normalDay
2023-04-25,9029.0,59.0,0.0,0,406.08,0.0,1,3.46,2.87,SPY230616P00373000,373.0,0,0.0,0.0,,0.0,normalDay
2023-04-26,9029.0,43.0,0.0,0,404.36,0.0,1,3.46,3.03,SPY230616P00373000,373.0,0,0.0,0.0,,0.0,normalDay
2023-04-27,9029.0,166.0,0.0,0,412.41,0.0,1,3.46,1.8,SPY230616P00373000,373.0,0,0.0,0.0,,0.0,normalDay
2023-04-28,9029.0,204.0,0.0,0,415.93,0.0,1,3.46,1.42,SPY230616P00373000,373.0,0,0.0,0.0,,0.0,normalDay
2023-05-01,9029.0,209.0,0.0,0,415.51,0.0,1,3.46,1.37,SPY230616P00373000,373.0,0,0.0,0.0,,0.0,normalDay
2023-05-02,9029.0,154.0,0.0,0,410.84,0.0,1,3.46,1.92,SPY230616P00373000,373.0,0,0.0,0.0,,0.0,normalDay
2023-05-03,9029.0,130.0,0.0,0,408.02,0.0,1,3.46,2.16,SPY230616P00373000,373.0,0,0.0,0.0,,0.0,normalDay
2023-05-04,9029.0,63.0,0.0,0,405.13,0.0,1,3.46,2.83,SPY230616P00373000,373.0,0,0.0,0.0,,0.0,normalDay
2023-05-05,9029.0,182.0,0.0,0,412.63,0.0,1,3.46,1.64,SPY230616P00373000,373.0,0,0.0,0.0,,0.0,normalDay
2023-05-08,9029.0,199.0,0.0,0,412.74,0.0,1,3.46,1.47,SPY230616P00373000,373.0,0,0.0,0.0,,0.0,normalDay
2023-05-09,9029.0,187.0,0.0,0,410.93,0.0,1,3.46,1.59,SPY230616P00373000,373.0,0,0.0,0.0,,0.0,normalDay
2023-05-10,9029.0,215.0,0.0,0,412.85,0.0,1,3.46,1.31,SPY230616P00373000,373.0,0,0.0,0.0,,0.0,normalDay
2023-05-11,9029.0,218.0,0.0,0,412.13,0.0,1,3.46,1.28,SPY230616P00373000,373.0,0,0.0,0.0,,0.0,normalDay
2023-05-12,9029.0,221.0,0.0,0,411.59,0.0,1,3.46,1.25,SPY230616P00373000,373.0,0,0.0,0.0,,0.0,normalDay
2023-05-15,9029.0,244.0,0.0,0,413.01,0.0,1,3.46,1.02,SPY230616P00373000,373.0,0,0.0,0.0,,0.0,normalDay
2023-05-16,9029.0,228.0,0.0,0,410.25,0.0,1,3.46,1.18,SPY230616P00373000,373.0,0,0.0,0.0,,0.0,normalDay
2023-05-17,9029.0,267.0,0.0,0,415.23,0.0,1,3.46,0.79,SPY230616P00373000,373.0,0,0.0,0.0,,0.0,normalDay
2023-05-18,9029.0,287.0,0.0,0,419.23,0.0,1,3.46,0.59,SPY230616P00373000,373.0,0,0.0,0.0,,0.0,normalDay
2023-05-19,9029.0,282.0,0.0,0,418.62,0.0,1,3.46,0.64,SPY230616P00373000,373.0,0,0.0,0.0,,0.0,normalDay
2023-05-22,9029.0,284.0,0.0,0,418.79,0.0,1,3.46,0.62,SPY230616P00373000,373.0,0,0.0,0.0,,0.0,normalDay
2023-05-23,9029.0,261.0,0.0,0,414.09,0.0,1,3.46,0.85,SPY230616P00373000,373.0,0,0.0,0.0,,0.0,normalDay
2023-05-24,9029.0,238.0,0.0,0,411.09,0.0,1,3.46,1.08,SPY230616P00373000,373.0,0,0.0,0.0,,0.0,normalDay
2023-05-25,9029.0,265.0,0.0,0,414.65,0.0,1,3.46,0.81,SPY230616P00373000,373.0,0,0.0,0.0,,0.0,normalDay
2023-05-26,9029.0,288.0,0.0,0,420.02,0.0,1,3.46,0.58,SPY230616P00373000,373.0,0,0.0,0.0,,0.0,normalDay
2023-05-30,9029.0,311.0,0.0,0,420.18,0.0,1,3.46,0.35,SPY230616P00373000,373.0,0,0.0,0.0,,0.0,normalDay
2023-05-31,9029.0,309.0,0.0,0,417.85,0.0,1,3.46,0.37,SPY230616P00373000,373.0,0,0.0,0.0,,0.0,normalDay
2023-06-01,9029.0,323.0,0.0,0,421.82,0.0,1,3.46,0.23,SPY230616P00373000,373.0,0,0.0,0.0,,0.0,normalDay
2023-06-02,9029.0,333.0,0.0,0,427.92,0.0,1,3.46,0.13,SPY230616P00373000,373.0,0,0.0,0.0,,0.0,normalDay
2023-06-05,9029.0,337.0,0.0,0,427.1,0.0,1,3.46,0.09,SPY230616P00373000,373.0,0,0.0,0.0,,0.0,normalDay
2023-06-06,9029.0,338.0,0.0,0,428.03,0.0,1,3.46,0.08,SPY230616P00373000,373.0,0,0.0,0.0,,0.0,normalDay
2023-06-07,9029.0,337.0,0.0,0,426.55,0.0,1,3.46,0.09,SPY230616P00373000,373.0,0,0.0,0.0,,0.0,normalDay
2023-06-08,9029.0,338.0,0.0,0,429.13,0.0,1,3.46,0.08,SPY230616P00373000,373.0,0,0.0,0.0,,0.0,normalDay
2023-06-09,9029.0,340.0,0.0,0,429.9,0.0,1,3.46,0.06,SPY230616P00373000,373.0,0,0.0,0.0,,0.0,normalDay
2023-06-12,9029.0,341.0,0.0,0,433.8,0.0,1,3.46,0.05,SPY230616P00373000,373.0,0,0.0,0.0,,0.0,normalDay
2023-06-13,9029.0,342.0,0.0,0,436.66,0.0,1,3.46,0.04,SPY230616P00373000,373.0,0,0.0,0.0,,0.0,normalDay
2023-06-14,9029.0,344.0,0.0,0,437.18,0.0,1,3.46,0.02,SPY230616P00373000,373.0,0,0.0,0.0,,0.0,normalDay
2023-06-15,9029.0,344.0,0.0,0,442.6,0.0,1,3.46,0.02,SPY230616P00373000,373.0,0,0.0,0.0,,0.0,normalDay
2023-06-16,9375.0,0.0,346.0,0,439.46,0.0,1,3.46,0.0,SPY230616P00373000,373.0,0,0.0,0.0,,0.0,expirationDay
2023-06-20,9375.0,-5.0,0.0,0,437.18,0.0,1,2.66,2.71,SPY230915P00395000,395.0,0,0.0,0.0,,0.0,normalDay
2023-06-21,9375.0,-3.0,0.0,0,434.94,0.0,1,2.66,2.69,SPY230915P00395000,395.0,0,0.0,0.0,,0.0,normalDay
2023-06-22,9375.0,21.0,0.0,0,436.51,0.0,1,2.66,2.45,SPY230915P00395000,395.0,0,0.0,0.0,,0.0,normalDay
2023-06-23,9375.0,-10.0,0.0,0,433.21,0.0,1,2.66,2.76,SPY230915P00395000,395.0,0,0.0,0.0,,0.0,normalDay
2023-06-26,9375.0,-16.0,0.0,0,431.44,0.0,1,2.66,2.82,SPY230915P00395000,395.0,0,0.0,0.0,,0.0,normalDay
2023-06-27,9375.0,40.0,0.0,0,436.17,0.0,1,2.66,2.26,SPY230915P00395000,395.0,0,0.0,0.0,,0.0,normalDay
2023-06-28,9375.0,66.0,0.0,0,436.39,0.0,1,2.66,2.0,SPY230915P00395000,395.0,0,0.0,0.0,,0.0,normalDay
2023-06-29,9375.0,69.0,0.0,0,438.11,0.0,1,2.66,1.97,SPY230915P00395000,395.0,0,0.0,0.0,,0.0,normalDay
2023-06-30,9375.0,101.0,0.0,0,443.28,0.0,1,2.66,1.65,SPY230915P00395000,395.0,0,0.0,0.0,,0.0,normalDay
2023-07-03,9375.0,108.0,0.0,0,443.79,0.0,1,2.66,1.58,SPY230915P00395000,395.0,0,0.0,0.0,,0.0,normalDay
2023-07-05,9375.0,101.0,0.0,0,443.13,0.0,1,2.66,1.65,SPY230915P00395000,395.0,0,0.0,0.0,,0.0,normalDay
2023-07-06,9375.0,61.0,0.0,0,439.66,0.0,1,2.66,2.05,SPY230915P00395000,395.0,0,0.0,0.0,,0.0,normalDay
2023-07-07,9375.0,71.0,0.0,0,438.55,0.0,1,2.66,1.95,SPY230915P00395000,395.0,0,0.0,0.0,,0.0,normalDay
2023-07-10,9375.0,84.0,0.0,0,439.66,0.0,1,2.66,1.82,SPY230915P00395000,395.0,0,0.0,0.0,,0.0,normalDay
2023-07-11,9375.0,105.0,0.0,0,442.46,0.0,1,2.66,1.61,SPY230915P00395000,395.0,0,0.0,0.0,,0.0,normalDay
2023-07-12,9375.0,143.0,0.0,0,446.02,0.0,1,2.66,1.23,SPY230915P00395000,395.0,0,0.0,0.0,,0.0,normalDay
2023-07-13,9375.0,151.0,0.0,0,449.56,0.0,1,2.66,1.15,SPY230915P00395000,395.0,0,0.0,0.0,,0.0,normalDay
2023-07-14,9375.0,157.0,0.0,0,449.28,0.0,1,2.66,1.09,SPY230915P00395000,395.0,0,0.0,0.0,,0.0,normalDay
2023-07-17,9375.0,167.0,0.0,0,450.84,0.0,1,2.66,0.99,SPY230915P00395000,395.0,0,0.0,0.0,,0.0,normalDay
2023-07-18,9375.0,182.0,0.0,0,454.19,0.0,1,2.66,0.84,SPY230915P00395000,395.0,0,0.0,0.0,,0.0,normalDay
2023-07-19,9375.0,177.0,0.0,0,455.2,0.0,1,2.66,0.89,SPY230915P00395000,395.0,0,0.0,0.0,,0.0,normalDay
2023-07-20,9375.0,170.0,0.0,0,452.18,0.0,1,2.66,0.96,SPY230915P00395000,395.0,0,0.0,0.0,,0.0,normalDay
2023-07-21,9375.0,174.0,0.0,0,452.18,0.0,1,2.66,0.92,SPY230915P00395000,395.0,0,0.0,0.0,,0.0,normalDay
2023-07-24,9375.0,185.0,0.0,0,454.2,0.0,1,2.66,0.81,SPY230915P00395000,395.0,0,0.0,0.0,,0.0,normalDay
2023-07-25,9375.0,191.0,0.0,0,455.44,0.0,1,2.66,0.75,SPY230915P00395000,395.0,0,0.0,0.0,,0.0,normalDay
2023-07-26,9375.0,201.0,0.0,0,455.51,0.0,1,2.66,0.65,SPY230915P00395000,395.0,0,0.0,0.0,,0.0,normalDay
2023-07-27,9375.0,182.0,0.0,0,452.49,0.0,1,2.66,0.84,SPY230915P00395000,395.0,0,0.0,0.0,,0.0,normalDay
2023-07-28,9375.0,206.0,0.0,0,456.92,0.0,1,2.66,0.6,SPY230915P00395000,395.0,0,0.0,0.0,,0.0,normalDay
2023-07-31,9375.0,213.0,0.0,0,457.79,0.0,1,2.66,0.53,SPY230915P00395000,395.0,0,0.0,0.0,,0.0,normalDay
2023-08-01,9375.0,211.0,0.0,0,456.48,0.0,1,2.66,0.55,SPY230915P00395000,395.0,0,0.0,0.0,,0.0,normalDay
2023-08-02,9375.0,177.0,0.0,0,450.13,0.0,1,2.66,0.89,SPY230915P00395000,395.0,0,0.0,0.0,,0.0,normalDay
2023-08-03,9375.0,181.0,0.0,0,448.84,0.0,1,2.66,0.85,SPY230915P00395000,395.0,0,0.0,0.0,,0.0,normalDay
2023-08-04,9375.0,157.0,0.0,0,446.81,0.0,1,2.66,1.09,SPY230915P00395000,395.0,0,0.0,0.0,,0.0,normalDay
2023-08-07,9375.0,193.0,0.0,0,450.71,0.0,1,2.66,0.73,SPY230915P00395000,395.0,0,0.0,0.0,,0.0,normalDay
2023-08-08,9375.0,189.0,0.0,0,448.75,0.0,1,2.66,0.77,SPY230915P00395000,395.0,0,0.0,0.0,,0.0,normalDay
2023-08-09,9375.0,190.0,0.0,0,445.75,0.0,1,2.66,0.76,SPY230915P00395000,395.0,0,0.0,0.0,,0.0,normalDay
2023-08-10,9375.0,193.0,0.0,0,445.91,0.0,1,2.66,0.73,SPY230915P00395000,395.0,0,0.0,0.0,,0.0,normalDay
2023-08-11,9375.0,206.0,0.0,0,445.65,0.0,1,2.66,0.6,SPY230915P00395000,395.0,0,0.0,0.0,,0.0,normalDay
2023-08-14,9375.0,220.0,0.0,0,448.11,0.0,1,2.66,0.46,SPY230915P00395000,395.0,0,0.0,0.0,,0.0,normalDay
2023-08-15,9375.0,200.0,0.0,0,442.89,0.0,1,2.66,0.66,SPY230915P00395000,395.0,0,0.0,0.0,,0.0,normalDay
2023-08-16,9375.0,195.0,0.0,0,439.64,0.0,1,2.66,0.71,SPY230915P00395000,395.0,0,0.0,0.0,,0.0,normalDay
2023-08-17,9375.0,173.0,0.0,0,436.29,0.0,1,2.66,0.93,SPY230915P00395000,395.0,0,0.0,0.0,,0.0,normalDay
2023-08-18,9375.0,193.0,0.0,0,436.5,0.0,1,2.66,0.73,SPY230915P00395000,395.0,0,0.0,0.0,,0.0,normalDay
2023-08-21,9375.0,211.0,0.0,0,439.34,0.0,1,2.66,0.55,SPY230915P00395000,395.0,0,0.0,0.0,,0.0,normalDay
2023-08-22,9375.0,216.0,0.0,0,438.15,0.0,1,2.66,0.5,SPY230915P00395000,395.0,0,0.0,0.0,,0.0,normalDay
2023-08-23,9375.0,234.0,0.0,0,443.03,0.0,1,2.66,0.32,SPY230915P00395000,395.0,0,0.0,0.0,,0.0,normalDay
2023-08-24,9375.0,221.0,0.0,0,436.89,0.0,1,2.66,0.45,SPY230915P00395000,395.0,0,0.0,0.0,,0.0,normalDay
2023-08-25,9375.0,238.0,0.0,0,439.97,0.0,1,2.66,0.28,SPY230915P00395000,395.0,0,0.0,0.0,,0.0,normalDay
2023-08-28,9375.0,248.0,0.0,0,442.76,0.0,1,2.66,0.18,SPY230915P00395000,395.0,0,0.0,0.0,,0.0,normalDay
2023-08-29,9375.0,252.0,0.0,0,449.16,0.0,1,2.66,0.14,SPY230915P00395000,395.0,0,0.0,0.0,,0.0,normalDay
2023-08-30,9375.0,252.0,0.0,0,451.01,0.0,1,2.66,0.14,SPY230915P00395000,395.0,0,0.0,0.0,,0.0,normalDay
2023-08-31,9375.0,254.0,0.0,0,450.35,0.0,1,2.66,0.12,SPY230915P00395000,395.0,0,0.0,0.0,,0.0,normalDay
2023-09-01,9375.0,257.0,0.0,0,451.19,0.0,1,2.66,0.09,SPY230915P00395000,395.0,0,0.0,0.0,,0.0,normalDay
2023-09-05,9375.0,258.0,0.0,0,449.24,0.0,1,2.66,0.08,SPY230915P00395000,395.0,0,0.0,0.0,,0.0,normalDay
2023-09-06,9375.0,258.0,0.0,0,446.22,0.0,1,2.66,0.08,SPY230915P00395000,395.0,0,0.0,0.0,,0.0,normalDay
2023-09-07,9375.0,260.0,0.0,0,444.85,0.0,1,2.66,0.06,SPY230915P00395000,395.0,0,0.0,0.0,,0.0,normalDay
2023-09-08,9375.0,261.0,0.0,0,445.52,0.0,1,2.66,0.05,SPY230915P00395000,395.0,0,0.0,0.0,,0.0,normalDay
2023-09-11,9375.0,263.0,0.0,0,448.45,0.0,1,2.66,0.03,SPY230915P00395000,395.0,0,0.0,0.0,,0.0,normalDay
2023-09-12,9375.0,263.0,0.0,0,445.99,0.0,1,2.66,0.03,SPY230915P00395000,395.0,0,0.0,0.0,,0.0,normalDay
2023-09-13,9375.0,264.0,0.0,0,446.51,0.0,1,2.66,0.02,SPY230915P00395000,395.0,0,0.0,0.0,,0.0,normalDay
2023-09-14,9375.0,264.0,0.0,0,450.36,0.0,1,2.66,0.02,SPY230915P00395000,395.0,0,0.0,0.0,,0.0,normalDay
2023-09-15,9641.0,0.0,266.0,0,443.37,0.0,1,2.66,0.0,SPY230915P00395000,395.0,0,0.0,0.0,,0.0,expirationDay
2023-09-18,9641.0,-3.0,0.0,0,443.63,0.0,1,4.08,4.11,SPY231117P00430000,430.0,0,0.0,0.0,,0.0,normalDay
2023-09-19,9641.0,-15.0,0.0,0,442.71,0.0,1,4.08,4.23,SPY231117P00430000,430.0,0,0.0,0.0,,0.0,normalDay
2023-09-20,9641.0,-145.0,0.0,0,438.64,0.0,1,4.08,5.53,SPY231117P00430000,430.0,0,0.0,0.0,,0.0,normalDay
2023-09-21,9641.0,-437.0,0.0,0,431.39,0.0,1,4.08,8.45,SPY231117P00430000,430.0,0,0.0,0.0,,0.0,normalDay
2023-09-22,9641.0,-459.0,0.0,0,430.42,0.0,1,4.08,8.67,SPY231117P00430000,430.0,0,0.0,0.0,,0.0,normalDay
2023-09-25,9641.0,-370.0,0.0,0,432.23,0.0,1,4.08,7.78,SPY231117P00430000,430.0,0,0.0,0.0,,0.0,normalDay
2023-09-26,9641.0,-685.0,0.0,0,425.88,0.0,1,4.08,10.93,SPY231117P00430000,430.0,0,0.0,0.0,,0.0,normalDay
2023-09-27,9641.0,-641.0,0.0,0,426.05,0.0,1,4.08,10.49,SPY231117P00430000,430.0,0,0.0,0.0,,0.0,normalDay
2023-09-28,9641.0,-516.0,0.0,0,428.52,0.0,1,4.08,9.24,SPY231117P00430000,430.0,0,0.0,0.0,,0.0,normalDay
2023-09-29,9641.0,-550.0,0.0,0,427.48,0.0,1,4.08,9.58,SPY231117P00430000,430.0,0,0.0,0.0,,0.0,normalDay
2023-10-02,9641.0,-534.0,0.0,0,427.31,0.0,1,4.08,9.42,SPY231117P00430000,430.0,0,0.0,0.0,,0.0,normalDay
2023-10-03,9641.0,-881.0,0.0,0,421.59,0.0,1,4.08,12.89,SPY231117P00430000,430.0,0,0.0,0.0,,0.0,normalDay
2023-10-04,9641.0,-700.0,0.0,0,424.66,0.0,1,4.08,11.08,SPY231117P00430000,430.0,0,0.0,0.0,,0.0,normalDay
2023-10-05,9641.0,-708.0,0.0,0,424.5,0.0,1,4.08,11.16,SPY231117P00430000,430.0,0,0.0,0.0,,0.0,normalDay
2023-10-06,9641.0,-400.0,0.0,0,429.54,0.0,1,4.08,8.08,SPY231117P00430000,430.0,0,0.0,0.0,,0.0,normalDay
2023-10-09,9641.0,-280.0,0.0,0,432.29,0.0,1,4.08,6.88,SPY231117P00430000,430.0,0,0.0,0.0,,0.0,normalDay
2023-10-10,9641.0,-177.0,0.0,0,434.54,0.0,1,4.08,5.85,SPY231117P00430000,430.0,0,0.0,0.0,,0.0,normalDay
2023-10-11,9641.0,-64.0,0.0,0,436.32,0.0,1,4.08,4.72,SPY231117P00430000,430.0,0,0.0,0.0,,0.0,normalDay
2023-10-12,9641.0,-160.0,0.0,0,433.66,0.0,1,4.08,5.68,SPY231117P00430000,430.0,0,0.0,0.0,,0.0,normalDay
2023-10-13,9641.0,-333.0,0.0,0,431.5,0.0,1,4.08,7.41,SPY231117P00430000,430.0,0,0.0,0.0,,0.0,normalDay
2023-10-16,9641.0,-79.0,0.0,0,436.04,0.0,1,4.08,4.87,SPY231117P00430000,430.0,0,0.0,0.0,,0.0,normalDay
2023-10-17,9641.0,-101.0,0.0,0,436.02,0.0,1,4.08,5.09,SPY231117P00430000,430.0,0,0.0,0.0,,0.0,normalDay
2023-10-18,9641.0,-310.0,0.0,0,430.21,0.0,1,4.08,7.18,SPY231117P00430000,430.0,0,0.0,0.0,,0.0,normalDay
2023-10-19,9641.0,-589.0,0.0,0,426.43,0.0,1,4.08,9.97,SPY231117P00430000,430.0,0,0.0,0.0,,0.0,normalDay
2023-10-20,9641.0,-812.0,0.0,0,421.19,0.0,1,4.08,12.2,SPY231117P00430000,430.0,0,0.0,0.0,,0.0,normalDay
2023-10-23,9641.0,-758.0,0.0,0,420.46,0.0,1,4.08,11.66,SPY231117P00430000,430.0,0,0.0,0.0,,0.0,normalDay
2023-10-24,9641.0,-550.0,0.0,0,423.63,0.0,1,4.08,9.58,SPY231117P00430000,430.0,0,0.0,0.0,,0.0,normalDay
2023-10-25,9641.0,-987.0,0.0,0,417.55,0.0,1,4.08,13.95,SPY231117P00430000,430.0,0,0.0,0.0,,0.0,normalDay
2023-10-26,9641.0,-1441.0,0.0,0,412.55,0.0,1,4.08,18.49,SPY231117P00430000,430.0,0,0.0,0.0,,0.0,normalDay
2023-10-27,9641.0,-1599.0,0.0,0,410.68,0.0,1,4.08,20.07,SPY231117P00430000,430.0,0,0.0,0.0,,0.0,normalDay
2023-10-30,9641.0,-1129.0,0.0,0,415.59,0.0,1,4.08,15.37,SPY231117P00430000,430.0,0,0.0,0.0,,0.0,normalDay
2023-10-31,9641.0,-893.0,0.0,0,418.2,0.0,1,4.08,13.01,SPY231117P00430000,430.0,0,0.0,0.0,,0.0,normalDay
2023-11-01,9641.0,-503.0,0.0,0,422.66,0.0,1,4.08,9.11,SPY231117P00430000,430.0,0,0.0,0.0,,0.0,normalDay
2023-11-02,9641.0,-15.0,0.0,0,430.76,0.0,1,4.08,4.23,SPY231117P00430000,430.0,0,0.0,0.0,,0.0,normalDay
2023-11-03,9641.0,179.0,0.0,0,434.69,0.0,1,4.08,2.29,SPY231117P00430000,430.0,0,0.0,0.0,,0.0,normalDay
2023-11-06,9641.0,225.0,0.0,0,435.69,0.0,1,4.08,1.83,SPY231117P00430000,430.0,0,0.0,0.0,,0.0,normalDay
2023-11-07,9641.0,270.0,0.0,0,436.93,0.0,1,4.08,1.38,SPY231117P00430000,430.0,0,0.0,0.0,,0.0,normalDay
2023-11-08,9641.0,297.0,0.0,0,437.25,0.0,1,4.08,1.11,SPY231117P00430000,430.0,0,0.0,0.0,,0.0,normalDay
2023-11-09,9641.0,226.0,0.0,0,433.84,0.0,1,4.08,1.82,SPY231117P00430000,430.0,0,0.0,0.0,,0.0,normalDay
2023-11-10,9641.0,370.0,0.0,0,440.61,0.0,1,4.08,0.38,SPY231117P00430000,430.0,0,0.0,0.0,,0.0,normalDay
2023-11-13,9641.0,376.0,0.0,0,440.19,0.0,1,4.08,0.32,SPY231117P00430000,430.0,0,0.0,0.0,,0.0,normalDay
2023-11-14,9641.0,399.0,0.0,0,448.73,0.0,1,4.08,0.09,SPY231117P00430000,430.0,0,0.0,0.0,,0.0,normalDay
2023-11-15,9641.0,403.0,0.0,0,449.68,0.0,1,4.08,0.05,SPY231117P00430000,430.0,0,0.0,0.0,,0.0,normalDay
2023-11-16,9641.0,406.0,0.0,0,450.23,0.0,1,4.08,0.02,SPY231117P00430000,430.0,0,0.0,0.0,,0.0,normalDay
2023-11-17,10049.0,0.0,408.0,0,450.79,0.0,1,4.08,0.0,SPY231117P00430000,430.0,0,0.0,0.0,,0.0,expirationDay
2023-11-20,10049.0,-3.0,0.0,0,454.26,0.0,1,0.89,0.92,SPY240131P00390000,390.0,0,0.0,0.0,,0.0,normalDay
2023-11-21,10049.0,0.0,0.0,0,453.27,0.0,1,0.89,0.89,SPY240131P00390000,390.0,0,0.0,0.0,,0.0,normalDay
2023-11-22,10049.0,4.0,0.0,0,455.02,0.0,1,0.89,0.85,SPY240131P00390000,390.0,0,0.0,0.0,,0.0,normalDay
2023-11-24,10049.0,14.0,0.0,0,455.3,0.0,1,0.89,0.75,SPY240131P00390000,390.0,0,0.0,0.0,,0.0,normalDay
2023-11-27,10049.0,14.0,0.0,0,454.48,0.0,1,0.89,0.75,SPY240131P00390000,390.0,0,0.0,0.0,,0.0,normalDay
2023-11-28,10049.0,19.0,0.0,0,454.93,0.0,1,0.89,0.7,SPY240131P00390000,390.0,0,0.0,0.0,,0.0,normalDay
2023-11-29,10049.0,18.0,0.0,0,454.61,0.0,1,0.89,0.71,SPY240131P00390000,390.0,0,0.0,0.0,,0.0,normalDay
2023-11-30,10049.0,23.0,0.0,0,456.4,0.0,1,0.89,0.66,SPY240131P00390000,390.0,0,0.0,0.0,,0.0,normalDay
