date,totalCapital,unrializedPnL,rializedPnL,stocksOwned,stocksPriceToday,stocksPriceBoughtAt,putOwned,putOwnedSoldAt,putPriceToday,putOwnedContract,putOwnedStrike,callOwned,callOwnedSoldAt,callPriceToday,callOwnedContract,callOwnedStrike,trackType
2018-11-01,0.0,-5.0,0.0,0,273.51,0.0,1,0.84,0.89,SPY181203P00250000,250.0,0,0.0,0.0,,0.0,normalDay
2018-11-02,0.0,-7.0,0.0,0,271.89,0.0,1,0.84,0.91,SPY181203P00250000,250.0,0,0.0,0.0,,0.0,normalDay
2018-11-05,0.0,9.0,0.0,0,273.39,0.0,1,0.84,0.75,SPY181203P00250000,250.0,0,0.0,0.0,,0.0,normalDay
2018-11-06,0.0,16.0,0.0,0,275.12,0.0,1,0.84,0.68,SPY181203P00250000,250.0,0,0.0,0.0,,0.0,normalDay
2018-11-07,0.0,58.0,0.0,0,281.01,0.0,1,0.84,0.26,SPY181203P00250000,250.0,0,0.0,0.0,,0.0,normalDay
2018-11-08,0.0,55.0,0.0,0,280.5,0.0,1,0.84,0.29,SPY181203P00250000,250.0,0,0.0,0.0,,0.0,normalDay
2018-11-09,0.0,51.0,0.0,0,277.76,0.0,1,0.84,0.33,SPY181203P00250000,250.0,0,0.0,0.0,,0.0,normalDay
2018-11-12,0.0,21.0,0.0,0,272.57,0.0,1,0.84,0.63,SPY181203P00250000,250.0,0,0.0,0.0,,0.0,normalDay
2018-11-13,0.0,25.0,0.0,0,272.06,0.0,1,0.84,0.59,SPY181203P00250000,250.0,0,0.0,0.0,,0.0,normalDay
2018-11-14,0.0,13.0,0.0,0,270.2,0.0,1,0.84,0.71,SPY181203P00250000,250.0,0,0.0,0.0,,0.0,normalDay
2018-11-15,0.0,42.0,0.0,0,273.02,0.0,1,0.84,0.42,SPY181203P00250000,250.0,0,0.0,0.0,,0.0,normalDay
2018-11-16,0.0,59.0,0.0,0,273.73,0.0,1,0.84,0.25,SPY181203P00250000,250.0,0,0.0,0.0,,0.0,normalDay
2018-11-19,0.0,45.0,0.0,0,269.1,0.0,1,0.84,0.39,SPY181203P00250000,250.0,0,0.0,0.0,,0.0,normalDay
2018-11-20,0.0,2.0,0.0,0,264.12,0.0,1,0.84,0.82,SPY181203P00250000,250.0,0,0.0,0.0,,0.0,normalDay
2018-11-21,0.0,40.0,0.0,0,265.02,0.0,1,0.84,0.44,SPY181203P00250000,250.0,0,0.0,0.0,,0.0,normalDay
2018-11-23,0.0,36.0,0.0,0,263.25,0.0,1,0.84,0.48,SPY181203P00250000,250.0,0,0.0,0.0,,0.0,normalDay
2018-11-26,0.0,74.0,0.0,0,267.5,0.0,1,0.84,0.1,SPY181203P00250000,250.0,0,0.0,0.0,,0.0,normalDay
2018-11-27,0.0,76.0,0.0,0,268.4,0.0,1,0.84,0.08,SPY181203P00250000,250.0,0,0.0,0.0,,0.0,normalDay
2018-11-28,0.0,80.0,0.0,0,274.58,0.0,1,0.84,0.04,SPY181203P00250000,250.0,0,0.0,0.0,,0.0,normalDay
2018-11-29,0.0,81.0,0.0,0,273.98,0.0,1,0.84,0.03,SPY181203P00250000,250.0,0,0.0,0.0,,0.0,normalDay
2018-11-30,0.0,82.0,0.0,0,275.65,0.0,1,0.84,0.02,SPY181203P00250000,250.0,0,0.0,0.0,,0.0,normalDay
2018-12-03,84.0,0.0,84.0,0,279.3,0.0,1,0.84,0.0,SPY181203P00250000,250.0,0,0.0,0.0,,0.0,expirationDay
2018-12-04,84.0,-8.0,0.0,0,270.25,0.0,1,1.53,1.61,SPY190104P00253000,253.0,0,0.0,0.0,,0.0,normalDay
2018-12-06,84.0,-11.0,0.0,0,269.84,0.0,1,1.53,1.64,SPY190104P00253000,253.0,0,0.0,0.0,,0.0,normalDay
2018-12-07,84.0,-150.0,0.0,0,263.57,0.0,1,1.53,3.03,SPY190104P00253000,253.0,0,0.0,0.0,,0.0,normalDay
2018-12-10,84.0,-80.0,0.0,0,264.07,0.0,1,1.53,2.33,SPY190104P00253000,253.0,0,0.0,0.0,,0.0,normalDay
2018-12-11,84.0,-59.0,0.0,0,264.13,0.0,1,1.53,2.12,SPY190104P00253000,253.0,0,0.0,0.0,,0.0,normalDay
2018-12-12,84.0,-24.0,0.0,0,265.46,0.0,1,1.53,1.77,SPY190104P00253000,253.0,0,0.0,0.0,,0.0,normalDay
2018-12-13,84.0,5.0,0.0,0,265.37,0.0,1,1.53,1.48,SPY190104P00253000,253.0,0,0.0,0.0,,0.0,normalDay
2018-12-14,84.0,-92.0,0.0,0,260.47,0.0,1,1.53,2.45,SPY190104P00253000,253.0,0,0.0,0.0,,0.0,normalDay
2018-12-17,84.0,-282.0,0.0,0,255.36,0.0,1,1.53,4.35,SPY190104P00253000,253.0,0,0.0,0.0,,0.0,normalDay
2018-12-18,84.0,-331.0,0.0,0,255.08,0.0,1,1.53,4.84,SPY190104P00253000,253.0,0,0.0,0.0,,0.0,normalDay
2018-12-19,84.0,-443.0,0.0,0,251.26,0.0,1,1.53,5.96,SPY190104P00253000,253.0,0,0.0,0.0,,0.0,normalDay
2018-12-20,84.0,-705.0,0.0,0,247.17,0.0,1,1.53,8.58,SPY190104P00253000,253.0,0,0.0,0.0,,0.0,normalDay
2018-12-21,84.0,-1224.0,0.0,0,240.7,0.0,1,1.53,13.77,SPY190104P00253000,253.0,0,0.0,0.0,,0.0,normalDay
2018-12-24,84.0,-1967.0,0.0,0,234.34,0.0,1,1.53,21.2,SPY190104P00253000,253.0,0,0.0,0.0,,0.0,normalDay
2018-12-26,84.0,-690.0,0.0,0,246.18,0.0,1,1.53,8.43,SPY190104P00253000,253.0,0,0.0,0.0,,0.0,normalDay
2018-12-27,84.0,-539.0,0.0,0,248.07,0.0,1,1.53,6.92,SPY190104P00253000,253.0,0,0.0,0.0,,0.0,normalDay
2018-12-28,84.0,-543.0,0.0,0,247.75,0.0,1,1.53,6.96,SPY190104P00253000,253.0,0,0.0,0.0,,0.0,normalDay
2018-12-31,84.0,-299.0,0.0,0,249.92,0.0,1,1.53,4.52,SPY190104P00253000,253.0,0,0.0,0.0,,0.0,normalDay
2019-01-02,84.0,-178.0,0.0,0,250.18,0.0,1,1.53,3.31,SPY190104P00253000,253.0,0,0.0,0.0,,0.0,normalDay
2019-01-03,84.0,-753.0,0.0,0,244.21,0.0,1,1.53,9.06,SPY190104P00253000,253.0,0,0.0,0.0,,0.0,normalDay
2019-01-04,237.0,-61.0,153.0,100,252.39,253.0,1,1.53,0.0,SPY190104P00253000,253.0,0,0.0,0.0,,0.0,expirationDay
2019-01-07,237.0,135.0,0.0,100,254.38,253.0,0,0.0,0.0,,0.0,1,0.07,0.1,SPY190222C00285000,285.0,normalDay
2019-01-08,237.0,373.0,0.0,100,256.77,253.0,0,0.0,0.0,,0.0,1,0.07,0.11,SPY190222C00285000,285.0,normalDay
2019-01-09,237.0,494.0,0.0,100,257.97,253.0,0,0.0,0.0,,0.0,1,0.07,0.1,SPY190222C00285000,285.0,normalDay
2019-01-10,237.0,583.0,0.0,100,258.88,253.0,0,0.0,0.0,,0.0,1,0.07,0.12,SPY190222C00285000,285.0,normalDay
2019-01-11,237.0,597.0,0.0,100,258.98,253.0,0,0.0,0.0,,0.0,1,0.07,0.08,SPY190222C00285000,285.0,normalDay
2019-01-14,237.0,440.0,0.0,100,257.4,253.0,0,0.0,0.0,,0.0,1,0.07,0.07,SPY190222C00285000,285.0,normalDay
2019-01-15,237.0,734.0,0.0,100,260.35,253.0,0,0.0,0.0,,0.0,1,0.07,0.08,SPY190222C00285000,285.0,normalDay
2019-01-16,237.0,795.0,0.0,100,260.98,253.0,0,0.0,0.0,,0.0,1,0.07,0.1,SPY190222C00285000,285.0,normalDay
2019-01-17,237.0,991.0,0.0,100,262.96,253.0,0,0.0,0.0,,0.0,1,0.07,0.12,SPY190222C00285000,285.0,normalDay
2019-01-18,237.0,1332.0,0.0,100,266.46,253.0,0,0.0,0.0,,0.0,1,0.07,0.21,SPY190222C00285000,285.0,normalDay
2019-01-22,237.0,981.0,0.0,100,262.86,253.0,0,0.0,0.0,,0.0,1,0.07,0.12,SPY190222C00285000,285.0,normalDay
2019-01-23,237.0,1039.0,0.0,100,263.41,253.0,0,0.0,0.0,,0.0,1,0.07,0.09,SPY190222C00285000,285.0,normalDay
2019-01-24,237.0,1054.0,0.0,100,263.55,253.0,0,0.0,0.0,,0.0,1,0.07,0.08,SPY190222C00285000,285.0,normalDay
2019-01-25,237.0,1275.0,0.0,100,265.78,253.0,0,0.0,0.0,,0.0,1,0.07,0.1,SPY190222C00285000,285.0,normalDay
2019-01-28,237.0,1077.0,0.0,100,263.76,253.0,0,0.0,0.0,,0.0,1,0.07,0.06,SPY190222C00285000,285.0,normalDay
2019-01-29,237.0,1043.0,0.0,100,263.41,253.0,0,0.0,0.0,,0.0,1,0.07,0.05,SPY190222C00285000,285.0,normalDay
2019-01-30,237.0,1455.0,0.0,100,267.58,253.0,0,0.0,0.0,,0.0,1,0.07,0.1,SPY190222C00285000,285.0,normalDay
2019-01-31,237.0,1686.0,0.0,100,269.93,253.0,0,0.0,0.0,,0.0,1,0.07,0.14,SPY190222C00285000,285.0,normalDay
2019-02-01,237.0,1703.0,0.0,100,270.06,253.0,0,0.0,0.0,,0.0,1,0.07,0.1,SPY190222C00285000,285.0,normalDay
2019-02-04,237.0,1892.0,0.0,100,271.96,253.0,0,0.0,0.0,,0.0,1,0.07,0.11,SPY190222C00285000,285.0,normalDay
2019-02-05,237.0,2004.0,0.0,100,273.1,253.0,0,0.0,0.0,,0.0,1,0.07,0.13,SPY190222C00285000,285.0,normalDay
2019-02-06,237.0,1974.0,0.0,100,272.74,253.0,0,0.0,0.0,,0.0,1,0.07,0.07,SPY190222C00285000,285.0,normalDay
2019-02-07,237.0,1719.0,0.0,100,270.14,253.0,0,0.0,0.0,,0.0,1,0.07,0.02,SPY190222C00285000,285.0,normalDay
2019-02-08,237.0,1752.0,0.0,100,270.47,253.0,0,0.0,0.0,,0.0,1,0.07,0.02,SPY190222C00285000,285.0,normalDay
2019-02-11,237.0,1767.0,0.0,100,270.62,253.0,0,0.0,0.0,,0.0,1,0.07,0.02,SPY190222C00285000,285.0,normalDay
2019-02-12,237.0,2114.0,0.0,100,274.1,253.0,0,0.0,0.0,,0.0,1,0.07,0.03,SPY190222C00285000,285.0,normalDay
2019-02-13,237.0,2202.0,0.0,100,274.99,253.0,0,0.0,0.0,,0.0,1,0.07,0.04,SPY190222C00285000,285.0,normalDay
2019-02-14,237.0,2142.0,0.0,100,274.38,253.0,0,0.0,0.0,,0.0,1,0.07,0.03,SPY190222C00285000,285.0,normalDay
2019-02-15,237.0,2441.0,0.0,100,277.37,253.0,0,0.0,0.0,,0.0,1,0.07,0.03,SPY190222C00285000,285.0,normalDay
2019-02-19,237.0,2491.0,0.0,100,277.85,253.0,0,0.0,0.0,,0.0,1,0.07,0.01,SPY190222C00285000,285.0,normalDay
2019-02-20,237.0,2547.0,0.0,100,278.41,253.0,0,0.0,0.0,,0.0,1,0.07,0.01,SPY190222C00285000,285.0,normalDay
2019-02-21,237.0,2448.0,0.0,100,277.42,253.0,0,0.0,0.0,,0.0,1,0.07,0.01,SPY190222C00285000,285.0,normalDay
2019-02-22,244.0,2614.0,7.0,100,279.14,253.0,0,0.0,0.0,,0.0,1,0.07,0.0,SPY190222C00285000,285.0,expirationDay
2019-02-25,244.0,2649.0,0.0,100,279.52,253.0,0,0.0,0.0,,0.0,1,0.59,0.62,SPY190418C00292000,292.0,normalDay
2019-02-26,244.0,2637.0,0.0,100,279.32,253.0,0,0.0,0.0,,0.0,1,0.59,0.54,SPY190418C00292000,292.0,normalDay
2019-02-27,244.0,2632.0,0.0,100,279.2,253.0,0,0.0,0.0,,0.0,1,0.59,0.47,SPY190418C00292000,292.0,normalDay
2019-02-28,244.0,2590.0,0.0,100,278.68,253.0,0,0.0,0.0,,0.0,1,0.59,0.37,SPY190418C00292000,292.0,normalDay
2019-03-01,244.0,2760.0,0.0,100,280.42,253.0,0,0.0,0.0,,0.0,1,0.59,0.41,SPY190418C00292000,292.0,normalDay
2019-03-04,244.0,2670.0,0.0,100,279.4,253.0,0,0.0,0.0,,0.0,1,0.59,0.29,SPY190418C00292000,292.0,normalDay
2019-03-05,244.0,2632.0,0.0,100,279.02,253.0,0,0.0,0.0,,0.0,1,0.59,0.29,SPY190418C00292000,292.0,normalDay
2019-03-06,244.0,2472.0,0.0,100,277.33,253.0,0,0.0,0.0,,0.0,1,0.59,0.2,SPY190418C00292000,292.0,normalDay
2019-03-07,244.0,2246.0,0.0,100,275.01,253.0,0,0.0,0.0,,0.0,1,0.59,0.14,SPY190418C00292000,292.0,normalDay
2019-03-08,244.0,2195.0,0.0,100,274.46,253.0,0,0.0,0.0,,0.0,1,0.59,0.1,SPY190418C00292000,292.0,normalDay
2019-03-11,244.0,2587.0,0.0,100,278.44,253.0,0,0.0,0.0,,0.0,1,0.59,0.16,SPY190418C00292000,292.0,normalDay
2019-03-12,244.0,2691.0,0.0,100,279.49,253.0,0,0.0,0.0,,0.0,1,0.59,0.17,SPY190418C00292000,292.0,normalDay
2019-03-13,244.0,2860.0,0.0,100,281.34,253.0,0,0.0,0.0,,0.0,1,0.59,0.33,SPY190418C00292000,292.0,normalDay
2019-03-14,244.0,2846.0,0.0,100,281.16,253.0,0,0.0,0.0,,0.0,1,0.59,0.29,SPY190418C00292000,292.0,normalDay
2019-03-15,244.0,2854.0,0.0,100,281.31,253.0,0,0.0,0.0,,0.0,1,0.59,0.36,SPY190418C00292000,292.0,normalDay
2019-03-18,244.0,2941.0,0.0,100,282.33,253.0,0,0.0,0.0,,0.0,1,0.59,0.51,SPY190418C00292000,292.0,normalDay
2019-03-19,244.0,2948.0,0.0,100,282.4,253.0,0,0.0,0.0,,0.0,1,0.59,0.51,SPY190418C00292000,292.0,normalDay
2019-03-20,244.0,2874.0,0.0,100,281.55,253.0,0,0.0,0.0,,0.0,1,0.59,0.4,SPY190418C00292000,292.0,normalDay
2019-03-21,244.0,3140.0,0.0,100,284.73,253.0,0,0.0,0.0,,0.0,1,0.59,0.92,SPY190418C00292000,292.0,normalDay
2019-03-22,244.0,2644.0,0.0,100,279.25,253.0,0,0.0,0.0,,0.0,1,0.59,0.4,SPY190418C00292000,292.0,normalDay
2019-03-25,244.0,2637.0,0.0,100,279.04,253.0,0,0.0,0.0,,0.0,1,0.59,0.26,SPY190418C00292000,292.0,normalDay
2019-03-26,244.0,2847.0,0.0,100,281.12,253.0,0,0.0,0.0,,0.0,1,0.59,0.24,SPY190418C00292000,292.0,normalDay
2019-03-27,244.0,2709.0,0.0,100,279.65,253.0,0,0.0,0.0,,0.0,1,0.59,0.15,SPY190418C00292000,292.0,normalDay
2019-03-28,244.0,2815.0,0.0,100,280.71,253.0,0,0.0,0.0,,0.0,1,0.59,0.15,SPY190418C00292000,292.0,normalDay
2019-03-29,244.0,2985.0,0.0,100,282.48,253.0,0,0.0,0.0,,0.0,1,0.59,0.22,SPY190418C00292000,292.0,normalDay
2019-04-01,244.0,3295.0,0.0,100,285.83,253.0,0,0.0,0.0,,0.0,1,0.59,0.47,SPY190418C00292000,292.0,normalDay
2019-04-02,244.0,3315.0,0.0,100,285.97,253.0,0,0.0,0.0,,0.0,1,0.59,0.41,SPY190418C00292000,292.0,normalDay
2019-04-03,244.0,3344.0,0.0,100,286.42,253.0,0,0.0,0.0,,0.0,1,0.59,0.57,SPY190418C00292000,292.0,normalDay
2019-04-04,244.0,3418.0,0.0,100,287.18,253.0,0,0.0,0.0,,0.0,1,0.59,0.59,SPY190418C00292000,292.0,normalDay
2019-04-05,244.0,3546.0,0.0,100,288.57,253.0,0,0.0,0.0,,0.0,1,0.59,0.7,SPY190418C00292000,292.0,normalDay
2019-04-08,244.0,3576.0,0.0,100,288.79,253.0,0,0.0,0.0,,0.0,1,0.59,0.62,SPY190418C00292000,292.0,normalDay
2019-04-09,244.0,3461.0,0.0,100,287.31,253.0,0,0.0,0.0,,0.0,1,0.59,0.29,SPY190418C00292000,292.0,normalDay
2019-04-10,244.0,3552.0,0.0,100,288.29,253.0,0,0.0,0.0,,0.0,1,0.59,0.36,SPY190418C00292000,292.0,normalDay
2019-04-11,244.0,3558.0,0.0,100,288.21,253.0,0,0.0,0.0,,0.0,1,0.59,0.22,SPY190418C00292000,292.0,normalDay
2019-04-12,244.0,3722.0,0.0,100,290.16,253.0,0,0.0,0.0,,0.0,1,0.59,0.53,SPY190418C00292000,292.0,normalDay
2019-04-15,244.0,3725.0,0.0,100,289.97,253.0,0,0.0,0.0,,0.0,1,0.59,0.31,SPY190418C00292000,292.0,normalDay
2019-04-16,244.0,3754.0,0.0,100,290.16,253.0,0,0.0,0.0,,0.0,1,0.59,0.21,SPY190418C00292000,292.0,normalDay
2019-04-17,244.0,3699.0,0.0,100,289.45,253.0,0,0.0,0.0,,0.0,1,0.59,0.05,SPY190418C00292000,292.0,normalDay
2019-04-18,303.0,3702.0,59.0,100,290.02,253.0,0,0.0,0.0,,0.0,1,0.59,0.0,SPY190418C00292000,292.0,expirationDay
2019-04-22,303.0,3724.0,0.0,100,290.27,253.0,0,0.0,0.0,,0.0,1,0.32,0.35,SPY190531C00302000,302.0,normalDay
2019-04-23,303.0,3957.0,0.0,100,292.88,253.0,0,0.0,0.0,,0.0,1,0.32,0.63,SPY190531C00302000,302.0,normalDay
2019-04-24,303.0,3895.0,0.0,100,292.23,253.0,0,0.0,0.0,,0.0,1,0.32,0.6,SPY190531C00302000,302.0,normalDay
2019-04-25,303.0,3885.0,0.0,100,292.05,253.0,0,0.0,0.0,,0.0,1,0.32,0.52,SPY190531C00302000,302.0,normalDay
2019-04-26,303.0,4011.0,0.0,100,293.41,253.0,0,0.0,0.0,,0.0,1,0.32,0.62,SPY190531C00302000,302.0,normalDay
2019-04-29,303.0,4053.0,0.0,100,293.87,253.0,0,0.0,0.0,,0.0,1,0.32,0.66,SPY190531C00302000,302.0,normalDay
2019-04-30,303.0,4066.0,0.0,100,294.02,253.0,0,0.0,0.0,,0.0,1,0.32,0.68,SPY190531C00302000,302.0,normalDay
2019-05-01,303.0,3870.0,0.0,100,291.81,253.0,0,0.0,0.0,,0.0,1,0.32,0.43,SPY190531C00302000,302.0,normalDay
2019-05-02,303.0,3821.0,0.0,100,291.18,253.0,0,0.0,0.0,,0.0,1,0.32,0.29,SPY190531C00302000,302.0,normalDay
2019-05-03,303.0,4080.0,0.0,100,294.03,253.0,0,0.0,0.0,,0.0,1,0.32,0.55,SPY190531C00302000,302.0,normalDay
2019-05-06,303.0,3971.0,0.0,100,292.82,253.0,0,0.0,0.0,,0.0,1,0.32,0.43,SPY190531C00302000,302.0,normalDay
2019-05-07,303.0,3499.0,0.0,100,287.93,253.0,0,0.0,0.0,,0.0,1,0.32,0.26,SPY190531C00302000,302.0,normalDay
2019-05-08,303.0,3468.0,0.0,100,287.53,253.0,0,0.0,0.0,,0.0,1,0.32,0.17,SPY190531C00302000,302.0,normalDay
2019-05-09,303.0,3387.0,0.0,100,286.66,253.0,0,0.0,0.0,,0.0,1,0.32,0.11,SPY190531C00302000,302.0,normalDay
2019-05-10,303.0,3535.0,0.0,100,288.1,253.0,0,0.0,0.0,,0.0,1,0.32,0.07,SPY190531C00302000,302.0,normalDay
2019-05-13,303.0,2816.0,0.0,100,280.86,253.0,0,0.0,0.0,,0.0,1,0.32,0.02,SPY190531C00302000,302.0,normalDay
2019-05-14,303.0,3069.0,0.0,100,283.4,253.0,0,0.0,0.0,,0.0,1,0.32,0.03,SPY190531C00302000,302.0,normalDay
2019-05-15,303.0,3235.0,0.0,100,285.06,253.0,0,0.0,0.0,,0.0,1,0.32,0.03,SPY190531C00302000,302.0,normalDay
2019-05-16,303.0,3498.0,0.0,100,287.7,253.0,0,0.0,0.0,,0.0,1,0.32,0.04,SPY190531C00302000,302.0,normalDay
2019-05-17,303.0,3313.0,0.0,100,285.84,253.0,0,0.0,0.0,,0.0,1,0.32,0.03,SPY190531C00302000,302.0,normalDay
2019-05-20,303.0,3125.0,0.0,100,283.95,253.0,0,0.0,0.0,,0.0,1,0.32,0.02,SPY190531C00302000,302.0,normalDay
2019-05-21,303.0,3381.0,0.0,100,286.51,253.0,0,0.0,0.0,,0.0,1,0.32,0.02,SPY190531C00302000,302.0,normalDay
2019-05-22,303.0,3294.0,0.0,100,285.63,253.0,0,0.0,0.0,,0.0,1,0.32,0.01,SPY190531C00302000,302.0,normalDay
2019-05-23,303.0,2945.0,0.0,100,282.14,253.0,0,0.0,0.0,,0.0,1,0.32,0.01,SPY190531C00302000,302.0,normalDay
2019-05-24,303.0,3009.0,0.0,100,282.78,253.0,0,0.0,0.0,,0.0,1,0.32,0.01,SPY190531C00302000,302.0,normalDay
2019-05-28,303.0,2746.0,0.0,100,280.15,253.0,0,0.0,0.0,,0.0,1,0.32,0.01,SPY190531C00302000,302.0,normalDay
2019-05-29,303.0,2558.0,0.0,100,278.27,253.0,0,0.0,0.0,,0.0,1,0.32,0.01,SPY190531C00302000,302.0,normalDay
2019-05-30,303.0,2634.0,0.0,100,279.03,253.0,0,0.0,0.0,,0.0,1,0.32,0.01,SPY190531C00302000,302.0,normalDay
2019-05-31,335.0,2227.0,32.0,100,275.27,253.0,0,0.0,0.0,,0.0,1,0.32,0.0,SPY190531C00302000,302.0,expirationDay
2019-06-03,335.0,2154.0,0.0,100,274.57,253.0,0,0.0,0.0,,0.0,1,0.04,0.07,SPY190719C00303000,303.0,normalDay
2019-06-04,335.0,2744.0,0.0,100,280.53,253.0,0,0.0,0.0,,0.0,1,0.04,0.13,SPY190719C00303000,303.0,normalDay
2019-06-05,335.0,2982.0,0.0,100,282.96,253.0,0,0.0,0.0,,0.0,1,0.04,0.18,SPY190719C00303000,303.0,normalDay
2019-06-06,335.0,3160.0,0.0,100,284.8,253.0,0,0.0,0.0,,0.0,1,0.04,0.24,SPY190719C00303000,303.0,normalDay
2019-06-07,335.0,3425.0,0.0,100,287.65,253.0,0,0.0,0.0,,0.0,1,0.04,0.44,SPY190719C00303000,303.0,normalDay
2019-06-10,335.0,3550.0,0.0,100,288.97,253.0,0,0.0,0.0,,0.0,1,0.04,0.51,SPY190719C00303000,303.0,normalDay
2019-06-11,335.0,3550.0,0.0,100,288.9,253.0,0,0.0,0.0,,0.0,1,0.04,0.44,SPY190719C00303000,303.0,normalDay
2019-06-12,335.0,3510.0,0.0,100,288.39,253.0,0,0.0,0.0,,0.0,1,0.04,0.33,SPY190719C00303000,303.0,normalDay
2019-06-13,335.0,3621.0,0.0,100,289.58,253.0,0,0.0,0.0,,0.0,1,0.04,0.41,SPY190719C00303000,303.0,normalDay
2019-06-14,335.0,3598.0,0.0,100,289.26,253.0,0,0.0,0.0,,0.0,1,0.04,0.32,SPY190719C00303000,303.0,normalDay
2019-06-17,335.0,3614.0,0.0,100,289.37,253.0,0,0.0,0.0,,0.0,1,0.04,0.27,SPY190719C00303000,303.0,normalDay
2019-06-18,335.0,3890.0,0.0,100,292.4,253.0,0,0.0,0.0,,0.0,1,0.04,0.54,SPY190719C00303000,303.0,normalDay
2019-06-19,335.0,3956.0,0.0,100,293.06,253.0,0,0.0,0.0,,0.0,1,0.04,0.54,SPY190719C00303000,303.0,normalDay
2019-06-20,335.0,4182.0,0.0,100,295.86,253.0,0,0.0,0.0,,0.0,1,0.04,1.08,SPY190719C00303000,303.0,normalDay
2019-06-21,335.0,4002.0,0.0,100,294.0,253.0,0,0.0,0.0,,0.0,1,0.04,1.02,SPY190719C00303000,303.0,normalDay
2019-06-24,335.0,3988.0,0.0,100,293.64,253.0,0,0.0,0.0,,0.0,1,0.04,0.8,SPY190719C00303000,303.0,normalDay
2019-06-25,335.0,3741.0,0.0,100,290.76,253.0,0,0.0,0.0,,0.0,1,0.04,0.39,SPY190719C00303000,303.0,normalDay
2019-06-26,335.0,3722.0,0.0,100,290.47,253.0,0,0.0,0.0,,0.0,1,0.04,0.29,SPY190719C00303000,303.0,normalDay
2019-06-27,335.0,3820.0,0.0,100,291.5,253.0,0,0.0,0.0,,0.0,1,0.04,0.34,SPY190719C00303000,303.0,normalDay
2019-06-28,335.0,3952.0,0.0,100,293.0,253.0,0,0.0,0.0,,0.0,1,0.04,0.52,SPY190719C00303000,303.0,normalDay
2019-07-01,335.0,4232.0,0.0,100,295.66,253.0,0,0.0,0.0,,0.0,1,0.04,0.38,SPY190719C00303000,303.0,normalDay
2019-07-02,335.0,4318.0,0.0,100,296.43,253.0,0,0.0,0.0,,0.0,1,0.04,0.29,SPY190719C00303000,303.0,normalDay
2019-07-03,335.0,4514.0,0.0,100,298.8,253.0,0,0.0,0.0,,0.0,1,0.04,0.7,SPY190719C00303000,303.0,normalDay
2019-07-05,335.0,4508.0,0.0,100,298.46,253.0,0,0.0,0.0,,0.0,1,0.04,0.42,SPY190719C00303000,303.0,normalDay
2019-07-08,335.0,4368.0,0.0,100,296.82,253.0,0,0.0,0.0,,0.0,1,0.04,0.18,SPY190719C00303000,303.0,normalDay
2019-07-09,335.0,4406.0,0.0,100,297.19,253.0,0,0.0,0.0,,0.0,1,0.04,0.17,SPY190719C00303000,303.0,normalDay
2019-07-10,335.0,4537.0,0.0,100,298.61,253.0,0,0.0,0.0,,0.0,1,0.04,0.28,SPY190719C00303000,303.0,normalDay
2019-07-11,335.0,4606.0,0.0,100,299.31,253.0,0,0.0,0.0,,0.0,1,0.04,0.29,SPY190719C00303000,303.0,normalDay
2019-07-12,335.0,4725.0,0.0,100,300.65,253.0,0,0.0,0.0,,0.0,1,0.04,0.44,SPY190719C00303000,303.0,normalDay
2019-07-15,335.0,4751.0,0.0,100,300.75,253.0,0,0.0,0.0,,0.0,1,0.04,0.28,SPY190719C00303000,303.0,normalDay
2019-07-16,335.0,4673.0,0.0,100,299.78,253.0,0,0.0,0.0,,0.0,1,0.04,0.09,SPY190719C00303000,303.0,normalDay
2019-07-17,335.0,4475.0,0.0,100,297.74,253.0,0,0.0,0.0,,0.0,1,0.04,0.03,SPY190719C00303000,303.0,normalDay
2019-07-18,335.0,4585.0,0.0,100,298.83,253.0,0,0.0,0.0,,0.0,1,0.04,0.02,SPY190719C00303000,303.0,normalDay
2019-07-19,339.0,4417.0,4.0,100,297.17,253.0,0,0.0,0.0,,0.0,1,0.04,0.0,SPY190719C00303000,303.0,expirationDay
2019-07-22,339.0,4487.0,0.0,100,297.9,253.0,0,0.0,0.0,,0.0,1,0.35,0.38,SPY190830C00310000,310.0,normalDay
2019-07-23,339.0,4682.0,0.0,100,300.03,253.0,0,0.0,0.0,,0.0,1,0.35,0.56,SPY190830C00310000,310.0,normalDay
2019-07-24,339.0,4805.0,0.0,100,301.44,253.0,0,0.0,0.0,,0.0,1,0.35,0.74,SPY190830C00310000,310.0,normalDay
2019-07-25,339.0,4682.0,0.0,100,300.0,253.0,0,0.0,0.0,,0.0,1,0.35,0.53,SPY190830C00310000,310.0,normalDay
2019-07-26,339.0,4864.0,0.0,100,302.01,253.0,0,0.0,0.0,,0.0,1,0.35,0.72,SPY190830C00310000,310.0,normalDay
2019-07-29,339.0,4821.0,0.0,100,301.46,253.0,0,0.0,0.0,,0.0,1,0.35,0.6,SPY190830C00310000,310.0,normalDay
2019-07-30,339.0,4750.0,0.0,100,300.72,253.0,0,0.0,0.0,,0.0,1,0.35,0.57,SPY190830C00310000,310.0,normalDay
2019-07-31,339.0,4451.0,0.0,100,297.43,253.0,0,0.0,0.0,,0.0,1,0.35,0.27,SPY190830C00310000,310.0,normalDay
2019-08-01,339.0,4202.0,0.0,100,294.84,253.0,0,0.0,0.0,,0.0,1,0.35,0.17,SPY190830C00310000,310.0,normalDay
2019-08-02,339.0,3990.0,0.0,100,292.62,253.0,0,0.0,0.0,,0.0,1,0.35,0.07,SPY190830C00310000,310.0,normalDay
2019-08-05,339.0,3112.0,0.0,100,283.82,253.0,0,0.0,0.0,,0.0,1,0.35,0.05,SPY190830C00310000,310.0,normalDay
2019-08-06,339.0,3511.0,0.0,100,287.8,253.0,0,0.0,0.0,,0.0,1,0.35,0.04,SPY190830C00310000,310.0,normalDay
2019-08-07,339.0,3528.0,0.0,100,287.97,253.0,0,0.0,0.0,,0.0,1,0.35,0.04,SPY190830C00310000,310.0,normalDay
2019-08-08,339.0,4091.0,0.0,100,293.62,253.0,0,0.0,0.0,,0.0,1,0.35,0.06,SPY190830C00310000,310.0,normalDay
2019-08-09,339.0,3893.0,0.0,100,291.62,253.0,0,0.0,0.0,,0.0,1,0.35,0.04,SPY190830C00310000,310.0,normalDay
2019-08-12,339.0,3539.0,0.0,100,288.07,253.0,0,0.0,0.0,,0.0,1,0.35,0.03,SPY190830C00310000,310.0,normalDay
2019-08-13,339.0,3987.0,0.0,100,292.55,253.0,0,0.0,0.0,,0.0,1,0.35,0.03,SPY190830C00310000,310.0,normalDay
2019-08-14,339.0,3123.0,0.0,100,283.9,253.0,0,0.0,0.0,,0.0,1,0.35,0.02,SPY190830C00310000,310.0,normalDay
2019-08-15,339.0,3198.0,0.0,100,284.65,253.0,0,0.0,0.0,,0.0,1,0.35,0.02,SPY190830C00310000,310.0,normalDay
2019-08-16,339.0,3619.0,0.0,100,288.85,253.0,0,0.0,0.0,,0.0,1,0.35,0.01,SPY190830C00310000,310.0,normalDay
2019-08-19,339.0,3966.0,0.0,100,292.33,253.0,0,0.0,0.0,,0.0,1,0.35,0.02,SPY190830C00310000,310.0,normalDay
2019-08-20,339.0,3742.0,0.0,100,290.09,253.0,0,0.0,0.0,,0.0,1,0.35,0.02,SPY190830C00310000,310.0,normalDay
2019-08-21,339.0,3979.0,0.0,100,292.45,253.0,0,0.0,0.0,,0.0,1,0.35,0.01,SPY190830C00310000,310.0,normalDay
2019-08-22,339.0,3970.0,0.0,100,292.36,253.0,0,0.0,0.0,,0.0,1,0.35,0.01,SPY190830C00310000,310.0,normalDay
2019-08-23,339.0,3219.0,0.0,100,284.85,253.0,0,0.0,0.0,,0.0,1,0.35,0.01,SPY190830C00310000,310.0,normalDay
2019-08-26,339.0,3534.0,0.0,100,288.0,253.0,0,0.0,0.0,,0.0,1,0.35,0.01,SPY190830C00310000,310.0,normalDay
2019-08-27,339.0,3421.0,0.0,100,286.87,253.0,0,0.0,0.0,,0.0,1,0.35,0.01,SPY190830C00310000,310.0,normalDay
2019-08-28,339.0,3623.0,0.0,100,288.89,253.0,0,0.0,0.0,,0.0,1,0.35,0.01,SPY190830C00310000,310.0,normalDay
2019-08-29,339.0,3992.0,0.0,100,292.58,253.0,0,0.0,0.0,,0.0,1,0.35,0.01,SPY190830C00310000,310.0,normalDay
2019-08-30,374.0,3945.0,35.0,100,292.45,253.0,0,0.0,0.0,,0.0,1,0.35,0.0,SPY190830C00310000,310.0,expirationDay
2019-09-03,374.0,3769.0,0.0,100,290.74,253.0,0,0.0,0.0,,0.0,1,1.33,1.38,SPY191018C00302000,302.0,normalDay
2019-09-04,374.0,4055.0,0.0,100,294.04,253.0,0,0.0,0.0,,0.0,1,1.33,1.82,SPY191018C00302000,302.0,normalDay
2019-09-05,374.0,4335.0,0.0,100,297.82,253.0,0,0.0,0.0,,0.0,1,1.33,2.8,SPY191018C00302000,302.0,normalDay
2019-09-06,374.0,4363.0,0.0,100,298.05,253.0,0,0.0,0.0,,0.0,1,1.33,2.75,SPY191018C00302000,302.0,normalDay
2019-09-09,374.0,4402.0,0.0,100,298.2,253.0,0,0.0,0.0,,0.0,1,1.33,2.51,SPY191018C00302000,302.0,normalDay
2019-09-10,374.0,4408.0,0.0,100,298.13,253.0,0,0.0,0.0,,0.0,1,1.33,2.38,SPY191018C00302000,302.0,normalDay
2019-09-11,374.0,4529.0,0.0,100,300.25,253.0,0,0.0,0.0,,0.0,1,1.33,3.29,SPY191018C00302000,302.0,normalDay
2019-09-12,374.0,4590.0,0.0,100,301.29,253.0,0,0.0,0.0,,0.0,1,1.33,3.72,SPY191018C00302000,302.0,normalDay
2019-09-13,374.0,4608.0,0.0,100,301.09,253.0,0,0.0,0.0,,0.0,1,1.33,3.34,SPY191018C00302000,302.0,normalDay
2019-09-16,374.0,4551.0,0.0,100,300.16,253.0,0,0.0,0.0,,0.0,1,1.33,2.98,SPY191018C00302000,302.0,normalDay
2019-09-17,374.0,4608.0,0.0,100,300.92,253.0,0,0.0,0.0,,0.0,1,1.33,3.17,SPY191018C00302000,302.0,normalDay
2019-09-18,374.0,4630.0,0.0,100,301.1,253.0,0,0.0,0.0,,0.0,1,1.33,3.13,SPY191018C00302000,302.0,normalDay
2019-09-19,374.0,4649.0,0.0,100,301.08,253.0,0,0.0,0.0,,0.0,1,1.33,2.92,SPY191018C00302000,302.0,normalDay
2019-09-20,374.0,4416.0,0.0,100,298.28,253.0,0,0.0,0.0,,0.0,1,1.33,2.45,SPY191018C00302000,302.0,normalDay
2019-09-23,374.0,4437.0,0.0,100,298.21,253.0,0,0.0,0.0,,0.0,1,1.33,2.17,SPY191018C00302000,302.0,normalDay
2019-09-24,374.0,4256.0,0.0,100,295.87,253.0,0,0.0,0.0,,0.0,1,1.33,1.64,SPY191018C00302000,302.0,normalDay
2019-09-25,374.0,4414.0,0.0,100,297.62,253.0,0,0.0,0.0,,0.0,1,1.33,1.81,SPY191018C00302000,302.0,normalDay
2019-09-26,374.0,4376.0,0.0,100,297.0,253.0,0,0.0,0.0,,0.0,1,1.33,1.57,SPY191018C00302000,302.0,normalDay
2019-09-27,374.0,4256.0,0.0,100,295.4,253.0,0,0.0,0.0,,0.0,1,1.33,1.17,SPY191018C00302000,302.0,normalDay
2019-09-30,374.0,4382.0,0.0,100,296.77,253.0,0,0.0,0.0,,0.0,1,1.33,1.28,SPY191018C00302000,302.0,normalDay
2019-10-01,374.0,4101.0,0.0,100,293.24,253.0,0,0.0,0.0,,0.0,1,1.33,0.56,SPY191018C00302000,302.0,normalDay
2019-10-02,374.0,3620.0,0.0,100,288.06,253.0,0,0.0,0.0,,0.0,1,1.33,0.19,SPY191018C00302000,302.0,normalDay
2019-10-03,374.0,3854.0,0.0,100,290.42,253.0,0,0.0,0.0,,0.0,1,1.33,0.21,SPY191018C00302000,302.0,normalDay
2019-10-04,374.0,4225.0,0.0,100,294.35,253.0,0,0.0,0.0,,0.0,1,1.33,0.43,SPY191018C00302000,302.0,normalDay
2019-10-07,374.0,4119.0,0.0,100,293.08,253.0,0,0.0,0.0,,0.0,1,1.33,0.22,SPY191018C00302000,302.0,normalDay
2019-10-08,374.0,3678.0,0.0,100,288.53,253.0,0,0.0,0.0,,0.0,1,1.33,0.08,SPY191018C00302000,302.0,normalDay
2019-10-09,374.0,3950.0,0.0,100,291.27,253.0,0,0.0,0.0,,0.0,1,1.33,0.1,SPY191018C00302000,302.0,normalDay
2019-10-10,374.0,4134.0,0.0,100,293.24,253.0,0,0.0,0.0,,0.0,1,1.33,0.23,SPY191018C00302000,302.0,normalDay
2019-10-11,374.0,4422.0,0.0,100,296.28,253.0,0,0.0,0.0,,0.0,1,1.33,0.39,SPY191018C00302000,302.0,normalDay
2019-10-14,374.0,4421.0,0.0,100,295.95,253.0,0,0.0,0.0,,0.0,1,1.33,0.07,SPY191018C00302000,302.0,normalDay
2019-10-15,374.0,4692.0,0.0,100,298.88,253.0,0,0.0,0.0,,0.0,1,1.33,0.29,SPY191018C00302000,302.0,normalDay
2019-10-16,374.0,4662.0,0.0,100,298.4,253.0,0,0.0,0.0,,0.0,1,1.33,0.11,SPY191018C00302000,302.0,normalDay
2019-10-17,374.0,4756.0,0.0,100,299.28,253.0,0,0.0,0.0,,0.0,1,1.33,0.05,SPY191018C00302000,302.0,normalDay
2019-10-18,507.0,4497.0,133.0,100,297.97,253.0,0,0.0,0.0,,0.0,1,1.33,0.0,SPY191018C00302000,302.0,expirationDay
2019-10-21,507.0,4695.0,0.0,100,299.99,253.0,0,0.0,0.0,,0.0,1,1.05,1.09,SPY191129C00309000,309.0,normalDay
2019-10-22,507.0,4616.0,0.0,100,299.01,253.0,0,0.0,0.0,,0.0,1,1.05,0.9,SPY191129C00309000,309.0,normalDay
2019-10-23,507.0,4696.0,0.0,100,299.88,253.0,0,0.0,0.0,,0.0,1,1.05,0.97,SPY191129C00309000,309.0,normalDay
2019-10-24,507.0,4751.0,0.0,100,300.37,253.0,0,0.0,0.0,,0.0,1,1.05,0.91,SPY191129C00309000,309.0,normalDay
2019-10-25,507.0,4860.0,0.0,100,301.6,253.0,0,0.0,0.0,,0.0,1,1.05,1.05,SPY191129C00309000,309.0,normalDay
2019-10-28,507.0,4983.0,0.0,100,303.3,253.0,0,0.0,0.0,,0.0,1,1.05,1.52,SPY191129C00309000,309.0,normalDay
2019-10-29,507.0,4983.0,0.0,100,303.21,253.0,0,0.0,0.0,,0.0,1,1.05,1.43,SPY191129C00309000,309.0,normalDay
2019-10-30,507.0,5064.0,0.0,100,304.14,253.0,0,0.0,0.0,,0.0,1,1.05,1.55,SPY191129C00309000,309.0,normalDay
2019-10-31,507.0,5014.0,0.0,100,303.33,253.0,0,0.0,0.0,,0.0,1,1.05,1.24,SPY191129C00309000,309.0,normalDay
2019-11-01,507.0,5209.0,0.0,100,306.14,253.0,0,0.0,0.0,,0.0,1,1.05,2.1,SPY191129C00309000,309.0,normalDay
2019-11-04,507.0,5285.0,0.0,100,307.37,253.0,0,0.0,0.0,,0.0,1,1.05,2.57,SPY191129C00309000,309.0,normalDay
2019-11-05,507.0,5268.0,0.0,100,307.03,253.0,0,0.0,0.0,,0.0,1,1.05,2.4,SPY191129C00309000,309.0,normalDay
2019-11-06,507.0,5289.0,0.0,100,307.1,253.0,0,0.0,0.0,,0.0,1,1.05,2.26,SPY191129C00309000,309.0,normalDay
2019-11-07,507.0,5350.0,0.0,100,308.18,253.0,0,0.0,0.0,,0.0,1,1.05,2.73,SPY191129C00309000,309.0,normalDay
2019-11-08,507.0,5409.0,0.0,100,308.94,253.0,0,0.0,0.0,,0.0,1,1.05,2.9,SPY191129C00309000,309.0,normalDay
2019-11-11,507.0,5388.0,0.0,100,308.35,253.0,0,0.0,0.0,,0.0,1,1.05,2.52,SPY191129C00309000,309.0,normalDay
2019-11-12,507.0,5444.0,0.0,100,309.0,253.0,0,0.0,0.0,,0.0,1,1.05,2.61,SPY191129C00309000,309.0,normalDay
2019-11-13,507.0,5441.0,0.0,100,309.1,253.0,0,0.0,0.0,,0.0,1,1.05,2.74,SPY191129C00309000,309.0,normalDay
2019-11-14,507.0,5470.0,0.0,100,309.55,253.0,0,0.0,0.0,,0.0,1,1.05,2.9,SPY191129C00309000,309.0,normalDay
2019-11-15,507.0,5573.0,0.0,100,311.79,253.0,0,0.0,0.0,,0.0,1,1.05,4.11,SPY191129C00309000,309.0,normalDay
2019-11-18,507.0,5588.0,0.0,100,312.02,253.0,0,0.0,0.0,,0.0,1,1.05,4.19,SPY191129C00309000,309.0,normalDay
2019-11-19,507.0,5612.0,0.0,100,311.93,253.0,0,0.0,0.0,,0.0,1,1.05,3.86,SPY191129C00309000,309.0,normalDay
2019-11-20,507.0,5590.0,0.0,100,310.77,253.0,0,0.0,0.0,,0.0,1,1.05,2.92,SPY191129C00309000,309.0,normalDay
2019-11-21,507.0,5579.0,0.0,100,310.27,253.0,0,0.0,0.0,,0.0,1,1.05,2.53,SPY191129C00309000,309.0,normalDay
2019-11-22,507.0,5627.0,0.0,100,310.96,253.0,0,0.0,0.0,,0.0,1,1.05,2.74,SPY191129C00309000,309.0,normalDay
2019-11-25,507.0,5698.0,0.0,100,313.37,253.0,0,0.0,0.0,,0.0,1,1.05,4.44,SPY191129C00309000,309.0,normalDay
2019-11-26,507.0,5676.0,0.0,100,314.08,253.0,0,0.0,0.0,,0.0,1,1.05,5.37,SPY191129C00309000,309.0,normalDay
2019-11-27,507.0,5695.0,0.0,100,315.48,253.0,0,0.0,0.0,,0.0,1,1.05,6.58,SPY191129C00309000,309.0,normalDay
2019-11-29,6212.0,5695.0,5705.0,0,314.31,0.0,0,0.0,0.0,,0.0,1,1.05,0.0,SPY191129C00309000,309.0,expirationDay
2019-12-02,6212.0,-5.0,0.0,0,311.64,0.0,1,2.28,2.33,SPY200103P00301000,301.0,0,0.0,0.0,,0.0,normalDay
2019-12-03,6212.0,-73.0,0.0,0,309.55,0.0,1,2.28,3.01,SPY200103P00301000,301.0,0,0.0,0.0,,0.0,normalDay
2019-12-04,6212.0,-8.0,0.0,0,311.46,0.0,1,2.28,2.36,SPY200103P00301000,301.0,0,0.0,0.0,,0.0,normalDay
2019-12-05,6212.0,27.0,0.0,0,312.02,0.0,1,2.28,2.01,SPY200103P00301000,301.0,0,0.0,0.0,,0.0,normalDay
2019-12-06,6212.0,93.0,0.0,0,314.87,0.0,1,2.28,1.35,SPY200103P00301000,301.0,0,0.0,0.0,,0.0,normalDay
2019-12-09,6212.0,59.0,0.0,0,313.88,0.0,1,2.28,1.69,SPY200103P00301000,301.0,0,0.0,0.0,,0.0,normalDay
2019-12-10,6212.0,70.0,0.0,0,313.53,0.0,1,2.28,1.58,SPY200103P00301000,301.0,0,0.0,0.0,,0.0,normalDay
2019-12-11,6212.0,102.0,0.0,0,314.42,0.0,1,2.28,1.26,SPY200103P00301000,301.0,0,0.0,0.0,,0.0,normalDay
2019-12-12,6212.0,144.0,0.0,0,317.13,0.0,1,2.28,0.84,SPY200103P00301000,301.0,0,0.0,0.0,,0.0,normalDay
2019-12-13,6212.0,168.0,0.0,0,317.32,0.0,1,2.28,0.6,SPY200103P00301000,301.0,0,0.0,0.0,,0.0,normalDay
2019-12-16,6212.0,189.0,0.0,0,319.5,0.0,1,2.28,0.39,SPY200103P00301000,301.0,0,0.0,0.0,,0.0,normalDay
2019-12-17,6212.0,193.0,0.0,0,319.57,0.0,1,2.28,0.35,SPY200103P00301000,301.0,0,0.0,0.0,,0.0,normalDay
2019-12-18,6212.0,198.0,0.0,0,319.59,0.0,1,2.28,0.3,SPY200103P00301000,301.0,0,0.0,0.0,,0.0,normalDay
2019-12-19,6212.0,207.0,0.0,0,320.9,0.0,1,2.28,0.21,SPY200103P00301000,301.0,0,0.0,0.0,,0.0,normalDay
2019-12-20,6212.0,210.0,0.0,0,320.73,0.0,1,2.28,0.18,SPY200103P00301000,301.0,0,0.0,0.0,,0.0,normalDay
2019-12-23,6212.0,215.0,0.0,0,321.22,0.0,1,2.28,0.13,SPY200103P00301000,301.0,0,0.0,0.0,,0.0,normalDay
2019-12-24,6212.0,218.0,0.0,0,321.23,0.0,1,2.28,0.1,SPY200103P00301000,301.0,0,0.0,0.0,,0.0,normalDay
2019-12-26,6212.0,222.0,0.0,0,322.94,0.0,1,2.28,0.06,SPY200103P00301000,301.0,0,0.0,0.0,,0.0,normalDay
2019-12-27,6212.0,224.0,0.0,0,322.86,0.0,1,2.28,0.04,SPY200103P00301000,301.0,0,0.0,0.0,,0.0,normalDay
2019-12-30,6212.0,224.0,0.0,0,321.08,0.0,1,2.28,0.04,SPY200103P00301000,301.0,0,0.0,0.0,,0.0,normalDay
2019-12-31,6212.0,221.0,0.0,0,321.86,0.0,1,2.28,0.07,SPY200103P00301000,301.0,0,0.0,0.0,,0.0,normalDay
2020-01-02,6212.0,227.0,0.0,0,324.87,0.0,1,2.28,0.01,SPY200103P00301000,301.0,0,0.0,0.0,,0.0,normalDay
2020-01-03,6440.0,0.0,228.0,0,322.41,0.0,1,2.28,0.0,SPY200103P00301000,301.0,0,0.0,0.0,,0.0,expirationDay
2020-01-06,6440.0,-4.0,0.0,0,323.64,0.0,1,1.17,1.21,SPY200207P00307000,307.0,0,0.0,0.0,,0.0,normalDay
2020-01-07,6440.0,-12.0,0.0,0,322.73,0.0,1,1.17,1.29,SPY200207P00307000,307.0,0,0.0,0.0,,0.0,normalDay
2020-01-08,6440.0,17.0,0.0,0,324.45,0.0,1,1.17,1.0,SPY200207P00307000,307.0,0,0.0,0.0,,0.0,normalDay
2020-01-09,6440.0,46.0,0.0,0,326.65,0.0,1,1.17,0.71,SPY200207P00307000,307.0,0,0.0,0.0,,0.0,normalDay
2020-01-10,6440.0,45.0,0.0,0,325.71,0.0,1,1.17,0.72,SPY200207P00307000,307.0,0,0.0,0.0,,0.0,normalDay
2020-01-13,6440.0,71.0,0.0,0,327.95,0.0,1,1.17,0.46,SPY200207P00307000,307.0,0,0.0,0.0,,0.0,normalDay
2020-01-14,6440.0,73.0,0.0,0,327.45,0.0,1,1.17,0.44,SPY200207P00307000,307.0,0,0.0,0.0,,0.0,normalDay
2020-01-15,6440.0,78.0,0.0,0,328.19,0.0,1,1.17,0.39,SPY200207P00307000,307.0,0,0.0,0.0,,0.0,normalDay
2020-01-16,6440.0,85.0,0.0,0,330.92,0.0,1,1.17,0.32,SPY200207P00307000,307.0,0,0.0,0.0,,0.0,normalDay
2020-01-17,6440.0,91.0,0.0,0,331.95,0.0,1,1.17,0.26,SPY200207P00307000,307.0,0,0.0,0.0,,0.0,normalDay
2020-01-21,6440.0,92.0,0.0,0,331.3,0.0,1,1.17,0.25,SPY200207P00307000,307.0,0,0.0,0.0,,0.0,normalDay
2020-01-22,6440.0,96.0,0.0,0,331.34,0.0,1,1.17,0.21,SPY200207P00307000,307.0,0,0.0,0.0,,0.0,normalDay
2020-01-23,6440.0,98.0,0.0,0,331.72,0.0,1,1.17,0.19,SPY200207P00307000,307.0,0,0.0,0.0,,0.0,normalDay
2020-01-24,6440.0,84.0,0.0,0,328.77,0.0,1,1.17,0.33,SPY200207P00307000,307.0,0,0.0,0.0,,0.0,normalDay
2020-01-27,6440.0,29.0,0.0,0,323.5,0.0,1,1.17,0.88,SPY200207P00307000,307.0,0,0.0,0.0,,0.0,normalDay
2020-01-28,6440.0,78.0,0.0,0,326.89,0.0,1,1.17,0.39,SPY200207P00307000,307.0,0,0.0,0.0,,0.0,normalDay
2020-01-29,6440.0,84.0,0.0,0,326.62,0.0,1,1.17,0.33,SPY200207P00307000,307.0,0,0.0,0.0,,0.0,normalDay
2020-01-30,6440.0,101.0,0.0,0,327.68,0.0,1,1.17,0.16,SPY200207P00307000,307.0,0,0.0,0.0,,0.0,normalDay
2020-01-31,6440.0,60.0,0.0,0,321.73,0.0,1,1.17,0.57,SPY200207P00307000,307.0,0,0.0,0.0,,0.0,normalDay
2020-02-03,6440.0,101.0,0.0,0,324.12,0.0,1,1.17,0.16,SPY200207P00307000,307.0,0,0.0,0.0,,0.0,normalDay
2020-02-04,6440.0,114.0,0.0,0,329.06,0.0,1,1.17,0.03,SPY200207P00307000,307.0,0,0.0,0.0,,0.0,normalDay
2020-02-05,6440.0,115.0,0.0,0,332.86,0.0,1,1.17,0.02,SPY200207P00307000,307.0,0,0.0,0.0,,0.0,normalDay
2020-02-06,6440.0,116.0,0.0,0,333.98,0.0,1,1.17,0.01,SPY200207P00307000,307.0,0,0.0,0.0,,0.0,normalDay
2020-02-07,6557.0,0.0,117.0,0,332.2,0.0,1,1.17,0.0,SPY200207P00307000,307.0,0,0.0,0.0,,0.0,expirationDay
2020-02-10,6557.0,-3.0,0.0,0,334.68,0.0,1,1.28,1.31,SPY200313P00316000,316.0,0,0.0,0.0,,0.0,normalDay
2020-02-11,6557.0,4.0,0.0,0,335.26,0.0,1,1.28,1.24,SPY200313P00316000,316.0,0,0.0,0.0,,0.0,normalDay
2020-02-12,6557.0,42.0,0.0,0,337.42,0.0,1,1.28,0.86,SPY200313P00316000,316.0,0,0.0,0.0,,0.0,normalDay
2020-02-13,6557.0,39.0,0.0,0,337.06,0.0,1,1.28,0.89,SPY200313P00316000,316.0,0,0.0,0.0,,0.0,normalDay
2020-02-14,6557.0,54.0,0.0,0,337.6,0.0,1,1.28,0.74,SPY200313P00316000,316.0,0,0.0,0.0,,0.0,normalDay
2020-02-18,6557.0,51.0,0.0,0,336.73,0.0,1,1.28,0.77,SPY200313P00316000,316.0,0,0.0,0.0,,0.0,normalDay
2020-02-19,6557.0,70.0,0.0,0,338.34,0.0,1,1.28,0.58,SPY200313P00316000,316.0,0,0.0,0.0,,0.0,normalDay
2020-02-20,6557.0,54.0,0.0,0,336.95,0.0,1,1.28,0.74,SPY200313P00316000,316.0,0,0.0,0.0,,0.0,normalDay
2020-02-21,6557.0,10.0,0.0,0,333.48,0.0,1,1.28,1.18,SPY200313P00316000,316.0,0,0.0,0.0,,0.0,normalDay
2020-02-24,6557.0,-354.0,0.0,0,322.42,0.0,1,1.28,4.82,SPY200313P00316000,316.0,0,0.0,0.0,,0.0,normalDay
2020-02-25,6557.0,-727.0,0.0,0,312.65,0.0,1,1.28,8.55,SPY200313P00316000,316.0,0,0.0,0.0,,0.0,normalDay
2020-02-26,6557.0,-810.0,0.0,0,311.5,0.0,1,1.28,9.38,SPY200313P00316000,316.0,0,0.0,0.0,,0.0,normalDay
2020-02-27,6557.0,-1992.0,0.0,0,297.51,0.0,1,1.28,21.2,SPY200313P00316000,316.0,0,0.0,0.0,,0.0,normalDay
2020-02-28,6557.0,-1916.0,0.0,0,296.26,0.0,1,1.28,20.44,SPY200313P00316000,316.0,0,0.0,0.0,,0.0,normalDay
2020-03-02,6557.0,-878.0,0.0,0,309.09,0.0,1,1.28,10.06,SPY200313P00316000,316.0,0,0.0,0.0,,0.0,normalDay
2020-03-03,6557.0,-1460.0,0.0,0,300.24,0.0,1,1.28,15.88,SPY200313P00316000,316.0,0,0.0,0.0,,0.0,normalDay
2020-03-04,6557.0,-661.0,0.0,0,312.86,0.0,1,1.28,7.89,SPY200313P00316000,316.0,0,0.0,0.0,,0.0,normalDay
2020-03-05,6557.0,-1428.0,0.0,0,302.46,0.0,1,1.28,15.56,SPY200313P00316000,316.0,0,0.0,0.0,,0.0,normalDay
2020-03-06,6557.0,-1851.0,0.0,0,297.46,0.0,1,1.28,19.79,SPY200313P00316000,316.0,0,0.0,0.0,,0.0,normalDay
2020-03-09,6557.0,-4125.0,0.0,0,274.23,0.0,1,1.28,42.53,SPY200313P00316000,316.0,0,0.0,0.0,,0.0,normalDay
2020-03-10,6557.0,-2704.0,0.0,0,288.42,0.0,1,1.28,28.32,SPY200313P00316000,316.0,0,0.0,0.0,,0.0,normalDay
2020-03-11,6557.0,-4115.0,0.0,0,274.36,0.0,1,1.28,42.43,SPY200313P00316000,316.0,0,0.0,0.0,,0.0,normalDay
2020-03-12,6557.0,-6657.0,0.0,0,248.11,0.0,1,1.28,67.85,SPY200313P00316000,316.0,0,0.0,0.0,,0.0,normalDay
2020-03-13,6685.0,-4668.0,128.0,100,269.32,316.0,1,1.28,0.0,SPY200313P00316000,316.0,0,0.0,0.0,,0.0,expirationDay
2020-03-16,6685.0,-7648.0,0.0,100,239.85,316.0,0,0.0,0.0,,0.0,1,0.13,0.46,SPY200501C00340000,340.0,normalDay
2020-03-17,6685.0,-6346.0,0.0,100,252.8,316.0,0,0.0,0.0,,0.0,1,0.13,0.39,SPY200501C00340000,340.0,normalDay
2020-03-18,6685.0,-7608.0,0.0,100,240.0,316.0,0,0.0,0.0,,0.0,1,0.13,0.21,SPY200501C00340000,340.0,normalDay
2020-03-19,6685.0,-7553.0,0.0,100,240.51,316.0,0,0.0,0.0,,0.0,1,0.13,0.17,SPY200501C00340000,340.0,normalDay
2020-03-20,6685.0,-8714.0,0.0,100,228.8,316.0,0,0.0,0.0,,0.0,1,0.13,0.07,SPY200501C00340000,340.0,normalDay
2020-03-23,6685.0,-9301.0,0.0,100,222.95,316.0,0,0.0,0.0,,0.0,1,0.13,0.09,SPY200501C00340000,340.0,normalDay
2020-03-24,6685.0,-7288.0,0.0,100,243.15,316.0,0,0.0,0.0,,0.0,1,0.13,0.16,SPY200501C00340000,340.0,normalDay
2020-03-25,6685.0,-6922.0,0.0,100,246.79,316.0,0,0.0,0.0,,0.0,1,0.13,0.14,SPY200501C00340000,340.0,normalDay
2020-03-26,6685.0,-5483.0,0.0,100,261.2,316.0,0,0.0,0.0,,0.0,1,0.13,0.16,SPY200501C00340000,340.0,normalDay
2020-03-27,6685.0,-6256.0,0.0,100,253.42,316.0,0,0.0,0.0,,0.0,1,0.13,0.11,SPY200501C00340000,340.0,normalDay
2020-03-30,6685.0,-5432.0,0.0,100,261.65,316.0,0,0.0,0.0,,0.0,1,0.13,0.1,SPY200501C00340000,340.0,normalDay
2020-03-31,6685.0,-5817.0,0.0,100,257.75,316.0,0,0.0,0.0,,0.0,1,0.13,0.05,SPY200501C00340000,340.0,normalDay
2020-04-01,6685.0,-6977.0,0.0,100,246.15,316.0,0,0.0,0.0,,0.0,1,0.13,0.05,SPY200501C00340000,340.0,normalDay
2020-04-02,6685.0,-6409.0,0.0,100,251.83,316.0,0,0.0,0.0,,0.0,1,0.13,0.05,SPY200501C00340000,340.0,normalDay
2020-04-03,6685.0,-6771.0,0.0,100,248.19,316.0,0,0.0,0.0,,0.0,1,0.13,0.03,SPY200501C00340000,340.0,normalDay
2020-04-06,6685.0,-5104.0,0.0,100,264.86,316.0,0,0.0,0.0,,0.0,1,0.13,0.03,SPY200501C00340000,340.0,normalDay
2020-04-07,6685.0,-5079.0,0.0,100,265.13,316.0,0,0.0,0.0,,0.0,1,0.13,0.05,SPY200501C00340000,340.0,normalDay
2020-04-08,6685.0,-4189.0,0.0,100,274.03,316.0,0,0.0,0.0,,0.0,1,0.13,0.05,SPY200501C00340000,340.0,normalDay
2020-04-09,6685.0,-3773.0,0.0,100,278.2,316.0,0,0.0,0.0,,0.0,1,0.13,0.06,SPY200501C00340000,340.0,normalDay
2020-04-13,6685.0,-4024.0,0.0,100,275.66,316.0,0,0.0,0.0,,0.0,1,0.13,0.03,SPY200501C00340000,340.0,normalDay
2020-04-14,6685.0,-3212.0,0.0,100,283.79,316.0,0,0.0,0.0,,0.0,1,0.13,0.04,SPY200501C00340000,340.0,normalDay
2020-04-15,6685.0,-3814.0,0.0,100,277.76,316.0,0,0.0,0.0,,0.0,1,0.13,0.03,SPY200501C00340000,340.0,normalDay
2020-04-16,6685.0,-3679.0,0.0,100,279.1,316.0,0,0.0,0.0,,0.0,1,0.13,0.02,SPY200501C00340000,340.0,normalDay
2020-04-17,6685.0,-2925.0,0.0,100,286.64,316.0,0,0.0,0.0,,0.0,1,0.13,0.02,SPY200501C00340000,340.0,normalDay
2020-04-20,6685.0,-3430.0,0.0,100,281.59,316.0,0,0.0,0.0,,0.0,1,0.13,0.02,SPY200501C00340000,340.0,normalDay
2020-04-21,6685.0,-4284.0,0.0,100,273.04,316.0,0,0.0,0.0,,0.0,1,0.13,0.01,SPY200501C00340000,340.0,normalDay
2020-04-22,6685.0,-3678.0,0.0,100,279.1,316.0,0,0.0,0.0,,0.0,1,0.13,0.01,SPY200501C00340000,340.0,normalDay
2020-04-23,6685.0,-3680.0,0.0,100,279.08,316.0,0,0.0,0.0,,0.0,1,0.13,0.01,SPY200501C00340000,340.0,normalDay
2020-04-24,6685.0,-3291.0,0.0,100,282.97,316.0,0,0.0,0.0,,0.0,1,0.13,0.01,SPY200501C00340000,340.0,normalDay
2020-04-27,6685.0,-2883.0,0.0,100,287.05,316.0,0,0.0,0.0,,0.0,1,0.13,0.01,SPY200501C00340000,340.0,normalDay
2020-04-28,6685.0,-3015.0,0.0,100,285.73,316.0,0,0.0,0.0,,0.0,1,0.13,0.01,SPY200501C00340000,340.0,normalDay
2020-04-29,6685.0,-2267.0,0.0,100,293.21,316.0,0,0.0,0.0,,0.0,1,0.13,0.01,SPY200501C00340000,340.0,normalDay
2020-04-30,6685.0,-2540.0,0.0,100,290.48,316.0,0,0.0,0.0,,0.0,1,0.13,0.01,SPY200501C00340000,340.0,normalDay
2020-05-01,6698.0,-3321.0,13.0,100,282.79,316.0,0,0.0,0.0,,0.0,1,0.13,0.0,SPY200501C00340000,340.0,expirationDay
2020-05-04,6698.0,-3247.0,0.0,100,283.57,316.0,0,0.0,0.0,,0.0,1,1.41,1.45,SPY200619C00310000,310.0,normalDay
2020-05-05,6698.0,-3010.0,0.0,100,286.19,316.0,0,0.0,0.0,,0.0,1,1.41,1.7,SPY200619C00310000,310.0,normalDay
2020-05-06,6698.0,-3165.0,0.0,100,284.25,316.0,0,0.0,0.0,,0.0,1,1.41,1.31,SPY200619C00310000,310.0,normalDay
2020-05-07,6698.0,-2861.0,0.0,100,287.68,316.0,0,0.0,0.0,,0.0,1,1.41,1.7,SPY200619C00310000,310.0,normalDay
2020-05-08,6698.0,-2432.0,0.0,100,292.44,316.0,0,0.0,0.0,,0.0,1,1.41,2.17,SPY200619C00310000,310.0,normalDay
2020-05-11,6698.0,-2368.0,0.0,100,292.5,316.0,0,0.0,0.0,,0.0,1,1.41,1.59,SPY200619C00310000,310.0,normalDay
2020-05-12,6698.0,-2895.0,0.0,100,286.67,316.0,0,0.0,0.0,,0.0,1,1.41,1.03,SPY200619C00310000,310.0,normalDay
2020-05-13,6698.0,-3369.0,0.0,100,281.6,316.0,0,0.0,0.0,,0.0,1,1.41,0.7,SPY200619C00310000,310.0,normalDay
2020-05-14,6698.0,-3042.0,0.0,100,284.97,316.0,0,0.0,0.0,,0.0,1,1.41,0.8,SPY200619C00310000,310.0,normalDay
2020-05-15,6698.0,-2900.0,0.0,100,286.28,316.0,0,0.0,0.0,,0.0,1,1.41,0.69,SPY200619C00310000,310.0,normalDay
2020-05-18,6698.0,-2152.0,0.0,100,295.0,316.0,0,0.0,0.0,,0.0,1,1.41,1.93,SPY200619C00310000,310.0,normalDay
2020-05-19,6698.0,-2409.0,0.0,100,291.97,316.0,0,0.0,0.0,,0.0,1,1.41,1.47,SPY200619C00310000,310.0,normalDay
2020-05-20,6698.0,-1997.0,0.0,100,296.93,316.0,0,0.0,0.0,,0.0,1,1.41,2.31,SPY200619C00310000,310.0,normalDay
2020-05-21,6698.0,-2143.0,0.0,100,294.88,316.0,0,0.0,0.0,,0.0,1,1.41,1.72,SPY200619C00310000,310.0,normalDay
2020-05-22,6698.0,-2080.0,0.0,100,295.44,316.0,0,0.0,0.0,,0.0,1,1.41,1.65,SPY200619C00310000,310.0,normalDay
2020-05-26,6698.0,-1766.0,0.0,100,299.08,316.0,0,0.0,0.0,,0.0,1,1.41,2.15,SPY200619C00310000,310.0,normalDay
2020-05-27,6698.0,-1446.0,0.0,100,303.53,316.0,0,0.0,0.0,,0.0,1,1.41,3.4,SPY200619C00310000,310.0,normalDay
2020-05-28,6698.0,-1518.0,0.0,100,302.97,316.0,0,0.0,0.0,,0.0,1,1.41,3.56,SPY200619C00310000,310.0,normalDay
2020-05-29,6698.0,-1411.0,0.0,100,304.32,316.0,0,0.0,0.0,,0.0,1,1.41,3.84,SPY200619C00310000,310.0,normalDay
2020-06-01,6698.0,-1277.0,0.0,100,305.55,316.0,0,0.0,0.0,,0.0,1,1.41,3.73,SPY200619C00310000,310.0,normalDay
2020-06-02,6698.0,-1090.0,0.0,100,308.08,316.0,0,0.0,0.0,,0.0,1,1.41,4.39,SPY200619C00310000,310.0,normalDay
2020-06-03,6698.0,-896.0,0.0,100,312.18,316.0,0,0.0,0.0,,0.0,1,1.41,6.55,SPY200619C00310000,310.0,normalDay
2020-06-04,6698.0,-921.0,0.0,100,311.36,316.0,0,0.0,0.0,,0.0,1,1.41,5.98,SPY200619C00310000,310.0,normalDay
2020-06-05,6698.0,-652.0,0.0,100,319.34,316.0,0,0.0,0.0,,0.0,1,1.41,11.27,SPY200619C00310000,310.0,normalDay
2020-06-08,6698.0,-553.0,0.0,100,323.2,316.0,0,0.0,0.0,,0.0,1,1.41,14.14,SPY200619C00310000,310.0,normalDay
2020-06-09,6698.0,-697.0,0.0,100,320.79,316.0,0,0.0,0.0,,0.0,1,1.41,13.17,SPY200619C00310000,310.0,normalDay
2020-06-10,6698.0,-622.0,0.0,100,319.0,316.0,0,0.0,0.0,,0.0,1,1.41,10.63,SPY200619C00310000,310.0,normalDay
2020-06-11,6698.0,-1659.0,0.0,100,300.61,316.0,0,0.0,0.0,,0.0,1,1.41,2.61,SPY200619C00310000,310.0,normalDay
2020-06-12,6698.0,-1292.0,0.0,100,304.21,316.0,0,0.0,0.0,,0.0,1,1.41,2.54,SPY200619C00310000,310.0,normalDay
2020-06-15,6698.0,-1049.0,0.0,100,307.05,316.0,0,0.0,0.0,,0.0,1,1.41,2.95,SPY200619C00310000,310.0,normalDay
2020-06-16,6698.0,-696.0,0.0,100,312.96,316.0,0,0.0,0.0,,0.0,1,1.41,5.33,SPY200619C00310000,310.0,normalDay
2020-06-17,6698.0,-657.0,0.0,100,311.66,316.0,0,0.0,0.0,,0.0,1,1.41,3.64,SPY200619C00310000,310.0,normalDay
2020-06-18,6698.0,-481.0,0.0,100,311.78,316.0,0,0.0,0.0,,0.0,1,1.41,2.0,SPY200619C00310000,310.0,normalDay
2020-06-19,6839.0,-736.0,141.0,100,308.64,316.0,0,0.0,0.0,,0.0,1,1.41,0.0,SPY200619C00310000,310.0,expirationDay
2020-06-22,6839.0,-543.0,0.0,100,310.62,316.0,0,0.0,0.0,,0.0,1,0.98,1.03,SPY200731C00338000,338.0,normalDay
2020-06-23,6839.0,-403.0,0.0,100,312.05,316.0,0,0.0,0.0,,0.0,1,0.98,1.06,SPY200731C00338000,338.0,normalDay
2020-06-24,6839.0,-1149.0,0.0,100,304.09,316.0,0,0.0,0.0,,0.0,1,0.98,0.56,SPY200731C00338000,338.0,normalDay
2020-06-25,6839.0,-832.0,0.0,100,307.35,316.0,0,0.0,0.0,,0.0,1,0.98,0.65,SPY200731C00338000,338.0,normalDay
2020-06-26,6839.0,-1532.0,0.0,100,300.05,316.0,0,0.0,0.0,,0.0,1,0.98,0.35,SPY200731C00338000,338.0,normalDay
2020-06-29,6839.0,-1090.0,0.0,100,304.46,316.0,0,0.0,0.0,,0.0,1,0.98,0.34,SPY200731C00338000,338.0,normalDay
2020-06-30,6839.0,-712.0,0.0,100,308.36,316.0,0,0.0,0.0,,0.0,1,0.98,0.46,SPY200731C00338000,338.0,normalDay
2020-07-01,6839.0,-500.0,0.0,100,310.52,316.0,0,0.0,0.0,,0.0,1,0.98,0.5,SPY200731C00338000,338.0,normalDay
2020-07-02,6839.0,-327.0,0.0,100,312.23,316.0,0,0.0,0.0,,0.0,1,0.98,0.48,SPY200731C00338000,338.0,normalDay
2020-07-06,6839.0,124.0,0.0,100,317.05,316.0,0,0.0,0.0,,0.0,1,0.98,0.79,SPY200731C00338000,338.0,normalDay
2020-07-07,6839.0,-175.0,0.0,100,313.78,316.0,0,0.0,0.0,,0.0,1,0.98,0.51,SPY200731C00338000,338.0,normalDay
2020-07-08,6839.0,67.0,0.0,100,316.18,316.0,0,0.0,0.0,,0.0,1,0.98,0.49,SPY200731C00338000,338.0,normalDay
2020-07-09,6839.0,-98.0,0.0,100,314.38,316.0,0,0.0,0.0,,0.0,1,0.98,0.34,SPY200731C00338000,338.0,normalDay
2020-07-10,6839.0,209.0,0.0,100,317.59,316.0,0,0.0,0.0,,0.0,1,0.98,0.48,SPY200731C00338000,338.0,normalDay
2020-07-13,6839.0,-58.0,0.0,100,314.84,316.0,0,0.0,0.0,,0.0,1,0.98,0.4,SPY200731C00338000,338.0,normalDay
2020-07-14,6839.0,342.0,0.0,100,318.92,316.0,0,0.0,0.0,,0.0,1,0.98,0.48,SPY200731C00338000,338.0,normalDay
2020-07-15,6839.0,614.0,0.0,100,321.85,316.0,0,0.0,0.0,,0.0,1,0.98,0.69,SPY200731C00338000,338.0,normalDay
2020-07-16,6839.0,536.0,0.0,100,320.79,316.0,0,0.0,0.0,,0.0,1,0.98,0.41,SPY200731C00338000,338.0,normalDay
2020-07-17,6839.0,630.0,0.0,100,321.72,316.0,0,0.0,0.0,,0.0,1,0.98,0.4,SPY200731C00338000,338.0,normalDay
2020-07-20,6839.0,890.0,0.0,100,324.32,316.0,0,0.0,0.0,,0.0,1,0.98,0.4,SPY200731C00338000,338.0,normalDay
2020-07-21,6839.0,955.0,0.0,100,325.01,316.0,0,0.0,0.0,,0.0,1,0.98,0.44,SPY200731C00338000,338.0,normalDay
2020-07-22,6839.0,1150.0,0.0,100,326.86,316.0,0,0.0,0.0,,0.0,1,0.98,0.34,SPY200731C00338000,338.0,normalDay
2020-07-23,6839.0,781.0,0.0,100,322.96,316.0,0,0.0,0.0,,0.0,1,0.98,0.13,SPY200731C00338000,338.0,normalDay
2020-07-24,6839.0,583.0,0.0,100,320.88,316.0,0,0.0,0.0,,0.0,1,0.98,0.03,SPY200731C00338000,338.0,normalDay
2020-07-27,6839.0,818.0,0.0,100,323.22,316.0,0,0.0,0.0,,0.0,1,0.98,0.02,SPY200731C00338000,338.0,normalDay
2020-07-28,6839.0,614.0,0.0,100,321.17,316.0,0,0.0,0.0,,0.0,1,0.98,0.01,SPY200731C00338000,338.0,normalDay
2020-07-29,6839.0,1009.0,0.0,100,325.12,316.0,0,0.0,0.0,,0.0,1,0.98,0.01,SPY200731C00338000,338.0,normalDay
2020-07-30,6839.0,893.0,0.0,100,323.96,316.0,0,0.0,0.0,,0.0,1,0.98,0.01,SPY200731C00338000,338.0,normalDay
2020-07-31,6937.0,1052.0,98.0,100,326.52,316.0,0,0.0,0.0,,0.0,1,0.98,0.0,SPY200731C00338000,338.0,expirationDay
2020-08-03,6937.0,1274.0,0.0,100,328.79,316.0,0,0.0,0.0,,0.0,1,4.06,4.11,SPY200918C00339000,339.0,normalDay
2020-08-04,6937.0,1380.0,0.0,100,330.06,316.0,0,0.0,0.0,,0.0,1,4.06,4.32,SPY200918C00339000,339.0,normalDay
2020-08-05,6937.0,1531.0,0.0,100,332.11,316.0,0,0.0,0.0,,0.0,1,4.06,4.86,SPY200918C00339000,339.0,normalDay
2020-08-06,6937.0,1663.0,0.0,100,334.33,316.0,0,0.0,0.0,,0.0,1,4.06,5.76,SPY200918C00339000,339.0,normalDay
2020-08-07,6937.0,1695.0,0.0,100,334.57,316.0,0,0.0,0.0,,0.0,1,4.06,5.68,SPY200918C00339000,339.0,normalDay
2020-08-10,6937.0,1792.0,0.0,100,335.57,316.0,0,0.0,0.0,,0.0,1,4.06,5.71,SPY200918C00339000,339.0,normalDay
2020-08-11,6937.0,1592.0,0.0,100,332.8,316.0,0,0.0,0.0,,0.0,1,4.06,4.94,SPY200918C00339000,339.0,normalDay
2020-08-12,6937.0,1898.0,0.0,100,337.44,316.0,0,0.0,0.0,,0.0,1,4.06,6.52,SPY200918C00339000,339.0,normalDay
2020-08-13,6937.0,1879.0,0.0,100,336.83,316.0,0,0.0,0.0,,0.0,1,4.06,6.1,SPY200918C00339000,339.0,normalDay
2020-08-14,6937.0,1903.0,0.0,100,336.84,316.0,0,0.0,0.0,,0.0,1,4.06,5.87,SPY200918C00339000,339.0,normalDay
2020-08-17,6937.0,1999.0,0.0,100,337.91,316.0,0,0.0,0.0,,0.0,1,4.06,5.98,SPY200918C00339000,339.0,normalDay
2020-08-18,6937.0,2036.0,0.0,100,338.64,316.0,0,0.0,0.0,,0.0,1,4.06,6.34,SPY200918C00339000,339.0,normalDay
2020-08-19,6937.0,1967.0,0.0,100,337.23,316.0,0,0.0,0.0,,0.0,1,4.06,5.62,SPY200918C00339000,339.0,normalDay
2020-08-20,6937.0,2049.0,0.0,100,338.28,316.0,0,0.0,0.0,,0.0,1,4.06,5.85,SPY200918C00339000,339.0,normalDay
2020-08-21,6937.0,2108.0,0.0,100,339.48,316.0,0,0.0,0.0,,0.0,1,4.06,6.46,SPY200918C00339000,339.0,normalDay
2020-08-24,6937.0,2272.0,0.0,100,342.92,316.0,0,0.0,0.0,,0.0,1,4.06,8.26,SPY200918C00339000,339.0,normalDay
2020-08-25,6937.0,2306.0,0.0,100,344.12,316.0,0,0.0,0.0,,0.0,1,4.06,9.12,SPY200918C00339000,339.0,normalDay
2020-08-26,6937.0,2359.0,0.0,100,347.57,316.0,0,0.0,0.0,,0.0,1,4.06,12.04,SPY200918C00339000,339.0,normalDay
2020-08-27,6937.0,2348.0,0.0,100,348.33,316.0,0,0.0,0.0,,0.0,1,4.06,12.91,SPY200918C00339000,339.0,normalDay
2020-08-28,6937.0,2470.0,0.0,100,350.58,316.0,0,0.0,0.0,,0.0,1,4.06,13.94,SPY200918C00339000,339.0,normalDay
2020-08-31,6937.0,2370.0,0.0,100,349.31,316.0,0,0.0,0.0,,0.0,1,4.06,13.67,SPY200918C00339000,339.0,normalDay
2020-09-01,6937.0,2493.0,0.0,100,352.6,316.0,0,0.0,0.0,,0.0,1,4.06,15.73,SPY200918C00339000,339.0,normalDay
2020-09-02,6937.0,2523.0,0.0,100,357.7,316.0,0,0.0,0.0,,0.0,1,4.06,20.53,SPY200918C00339000,339.0,normalDay
2020-09-03,6937.0,2144.0,0.0,100,345.39,316.0,0,0.0,0.0,,0.0,1,4.06,12.01,SPY200918C00339000,339.0,normalDay
2020-09-04,6937.0,2185.0,0.0,100,342.57,316.0,0,0.0,0.0,,0.0,1,4.06,8.78,SPY200918C00339000,339.0,normalDay
2020-09-08,6937.0,1764.0,0.0,100,333.21,316.0,0,0.0,0.0,,0.0,1,4.06,3.63,SPY200918C00339000,339.0,normalDay
2020-09-09,6937.0,2207.0,0.0,100,339.79,316.0,0,0.0,0.0,,0.0,1,4.06,5.78,SPY200918C00339000,339.0,normalDay
2020-09-10,6937.0,1903.0,0.0,100,333.89,316.0,0,0.0,0.0,,0.0,1,4.06,2.92,SPY200918C00339000,339.0,normalDay
2020-09-11,6937.0,2019.0,0.0,100,334.06,316.0,0,0.0,0.0,,0.0,1,4.06,1.93,SPY200918C00339000,339.0,normalDay
2020-09-14,6937.0,2340.0,0.0,100,338.46,316.0,0,0.0,0.0,,0.0,1,4.06,3.12,SPY200918C00339000,339.0,normalDay
2020-09-15,6937.0,2463.0,0.0,100,340.17,316.0,0,0.0,0.0,,0.0,1,4.06,3.6,SPY200918C00339000,339.0,normalDay
2020-09-16,6937.0,2494.0,0.0,100,338.82,316.0,0,0.0,0.0,,0.0,1,4.06,1.94,SPY200918C00339000,339.0,normalDay
2020-09-17,6937.0,2338.0,0.0,100,335.84,316.0,0,0.0,0.0,,0.0,1,4.06,0.52,SPY200918C00339000,339.0,normalDay
2020-09-18,7343.0,1465.0,406.0,100,330.65,316.0,0,0.0,0.0,,0.0,1,4.06,0.0,SPY200918C00339000,339.0,expirationDay
2020-09-21,7343.0,1093.0,0.0,100,326.97,316.0,0,0.0,0.0,,0.0,1,0.19,0.23,SPY201030C00375000,375.0,normalDay
2020-09-22,7343.0,1425.0,0.0,100,330.3,316.0,0,0.0,0.0,,0.0,1,0.19,0.24,SPY201030C00375000,375.0,normalDay
2020-09-23,7343.0,667.0,0.0,100,322.64,316.0,0,0.0,0.0,,0.0,1,0.19,0.16,SPY201030C00375000,375.0,normalDay
2020-09-24,7343.0,753.0,0.0,100,323.5,316.0,0,0.0,0.0,,0.0,1,0.19,0.16,SPY201030C00375000,375.0,normalDay
2020-09-25,7343.0,1276.0,0.0,100,328.73,316.0,0,0.0,0.0,,0.0,1,0.19,0.16,SPY201030C00375000,375.0,normalDay
2020-09-28,7343.0,1814.0,0.0,100,334.19,316.0,0,0.0,0.0,,0.0,1,0.19,0.24,SPY201030C00375000,375.0,normalDay
2020-09-29,7343.0,1634.0,0.0,100,332.37,316.0,0,0.0,0.0,,0.0,1,0.19,0.22,SPY201030C00375000,375.0,normalDay
2020-09-30,7343.0,1885.0,0.0,100,334.89,316.0,0,0.0,0.0,,0.0,1,0.19,0.23,SPY201030C00375000,375.0,normalDay
2020-10-01,7343.0,2094.0,0.0,100,337.04,316.0,0,0.0,0.0,,0.0,1,0.19,0.29,SPY201030C00375000,375.0,normalDay
2020-10-02,7343.0,1785.0,0.0,100,333.84,316.0,0,0.0,0.0,,0.0,1,0.19,0.18,SPY201030C00375000,375.0,normalDay
2020-10-05,7343.0,2376.0,0.0,100,339.76,316.0,0,0.0,0.0,,0.0,1,0.19,0.19,SPY201030C00375000,375.0,normalDay
2020-10-06,7343.0,1902.0,0.0,100,334.93,316.0,0,0.0,0.0,,0.0,1,0.19,0.1,SPY201030C00375000,375.0,normalDay
2020-10-07,7343.0,2482.0,0.0,100,340.76,316.0,0,0.0,0.0,,0.0,1,0.19,0.13,SPY201030C00375000,375.0,normalDay
2020-10-08,7343.0,2783.0,0.0,100,343.78,316.0,0,0.0,0.0,,0.0,1,0.19,0.14,SPY201030C00375000,375.0,normalDay
2020-10-09,7343.0,3089.0,0.0,100,346.85,316.0,0,0.0,0.0,,0.0,1,0.19,0.15,SPY201030C00375000,375.0,normalDay
2020-10-12,7343.0,3636.0,0.0,100,352.43,316.0,0,0.0,0.0,,0.0,1,0.19,0.26,SPY201030C00375000,375.0,normalDay
2020-10-13,7343.0,3414.0,0.0,100,350.13,316.0,0,0.0,0.0,,0.0,1,0.19,0.18,SPY201030C00375000,375.0,normalDay
2020-10-14,7343.0,3200.0,0.0,100,347.93,316.0,0,0.0,0.0,,0.0,1,0.19,0.12,SPY201030C00375000,375.0,normalDay
2020-10-15,7343.0,3157.0,0.0,100,347.5,316.0,0,0.0,0.0,,0.0,1,0.19,0.12,SPY201030C00375000,375.0,normalDay
2020-10-16,7343.0,3140.0,0.0,100,347.29,316.0,0,0.0,0.0,,0.0,1,0.19,0.08,SPY201030C00375000,375.0,normalDay
2020-10-19,7343.0,2616.0,0.0,100,342.01,316.0,0,0.0,0.0,,0.0,1,0.19,0.04,SPY201030C00375000,375.0,normalDay
2020-10-20,7343.0,2753.0,0.0,100,343.38,316.0,0,0.0,0.0,,0.0,1,0.19,0.04,SPY201030C00375000,375.0,normalDay
2020-10-21,7343.0,2689.0,0.0,100,342.73,316.0,0,0.0,0.0,,0.0,1,0.19,0.03,SPY201030C00375000,375.0,normalDay
2020-10-22,7343.0,2878.0,0.0,100,344.61,316.0,0,0.0,0.0,,0.0,1,0.19,0.02,SPY201030C00375000,375.0,normalDay
2020-10-23,7343.0,2996.0,0.0,100,345.78,316.0,0,0.0,0.0,,0.0,1,0.19,0.01,SPY201030C00375000,375.0,normalDay
2020-10-26,7343.0,2357.0,0.0,100,339.39,316.0,0,0.0,0.0,,0.0,1,0.19,0.01,SPY201030C00375000,375.0,normalDay
2020-10-27,7343.0,2240.0,0.0,100,338.22,316.0,0,0.0,0.0,,0.0,1,0.19,0.01,SPY201030C00375000,375.0,normalDay
2020-10-28,7343.0,1084.0,0.0,100,326.66,316.0,0,0.0,0.0,,0.0,1,0.19,0.01,SPY201030C00375000,375.0,normalDay
2020-10-29,7343.0,1416.0,0.0,100,329.98,316.0,0,0.0,0.0,,0.0,1,0.19,0.01,SPY201030C00375000,375.0,normalDay
2020-10-30,7362.0,1054.0,19.0,100,326.54,316.0,0,0.0,0.0,,0.0,1,0.19,0.0,SPY201030C00375000,375.0,expirationDay
2020-11-02,7362.0,1415.0,0.0,100,330.2,316.0,0,0.0,0.0,,0.0,1,0.63,0.68,SPY201218C00373000,373.0,normalDay
2020-11-03,7362.0,1968.0,0.0,100,336.03,316.0,0,0.0,0.0,,0.0,1,0.63,0.98,SPY201218C00373000,373.0,normalDay
2020-11-04,7362.0,2693.0,0.0,100,343.54,316.0,0,0.0,0.0,,0.0,1,0.63,1.24,SPY201218C00373000,373.0,normalDay
2020-11-05,7362.0,3264.0,0.0,100,350.24,316.0,0,0.0,0.0,,0.0,1,0.63,2.23,SPY201218C00373000,373.0,normalDay
2020-11-06,7362.0,3316.0,0.0,100,350.16,316.0,0,0.0,0.0,,0.0,1,0.63,1.63,SPY201218C00373000,373.0,normalDay
2020-11-09,7362.0,3651.0,0.0,100,354.56,316.0,0,0.0,0.0,,0.0,1,0.63,2.68,SPY201218C00373000,373.0,normalDay
2020-11-10,7362.0,3654.0,0.0,100,354.04,316.0,0,0.0,0.0,,0.0,1,0.63,2.13,SPY201218C00373000,373.0,normalDay
2020-11-11,7362.0,3896.0,0.0,100,356.67,316.0,0,0.0,0.0,,0.0,1,0.63,2.34,SPY201218C00373000,373.0,normalDay
2020-11-12,7362.0,3621.0,0.0,100,353.21,316.0,0,0.0,0.0,,0.0,1,0.63,1.63,SPY201218C00373000,373.0,normalDay
2020-11-13,7362.0,4048.0,0.0,100,358.1,316.0,0,0.0,0.0,,0.0,1,0.63,2.25,SPY201218C00373000,373.0,normalDay
2020-11-16,7362.0,4409.0,0.0,100,362.57,316.0,0,0.0,0.0,,0.0,1,0.63,3.11,SPY201218C00373000,373.0,normalDay
2020-11-17,7362.0,4277.0,0.0,100,360.62,316.0,0,0.0,0.0,,0.0,1,0.63,2.48,SPY201218C00373000,373.0,normalDay
2020-11-18,7362.0,3941.0,0.0,100,356.28,316.0,0,0.0,0.0,,0.0,1,0.63,1.5,SPY201218C00373000,373.0,normalDay
2020-11-19,7362.0,4089.0,0.0,100,357.78,316.0,0,0.0,0.0,,0.0,1,0.63,1.52,SPY201218C00373000,373.0,normalDay
2020-11-20,7362.0,3883.0,0.0,100,355.33,316.0,0,0.0,0.0,,0.0,1,0.63,1.13,SPY201218C00373000,373.0,normalDay
2020-11-23,7362.0,4100.0,0.0,100,357.46,316.0,0,0.0,0.0,,0.0,1,0.63,1.09,SPY201218C00373000,373.0,normalDay
2020-11-24,7362.0,4559.0,0.0,100,363.22,316.0,0,0.0,0.0,,0.0,1,0.63,2.26,SPY201218C00373000,373.0,normalDay
2020-11-25,7362.0,4543.0,0.0,100,362.66,316.0,0,0.0,0.0,,0.0,1,0.63,1.86,SPY201218C00373000,373.0,normalDay
2020-11-27,7362.0,4633.0,0.0,100,363.67,316.0,0,0.0,0.0,,0.0,1,0.63,1.97,SPY201218C00373000,373.0,normalDay
2020-11-30,7362.0,4527.0,0.0,100,362.06,316.0,0,0.0,0.0,,0.0,1,0.63,1.42,SPY201218C00373000,373.0,normalDay
2020-12-01,7362.0,4829.0,0.0,100,366.02,316.0,0,0.0,0.0,,0.0,1,0.63,2.36,SPY201218C00373000,373.0,normalDay
2020-12-02,7362.0,4897.0,0.0,100,366.79,316.0,0,0.0,0.0,,0.0,1,0.63,2.45,SPY201218C00373000,373.0,normalDay
2020-12-03,7362.0,4920.0,0.0,100,366.69,316.0,0,0.0,0.0,,0.0,1,0.63,2.12,SPY201218C00373000,373.0,normalDay
2020-12-04,7362.0,5172.0,0.0,100,369.85,316.0,0,0.0,0.0,,0.0,1,0.63,2.76,SPY201218C00373000,373.0,normalDay
2020-12-07,7362.0,5184.0,0.0,100,369.09,316.0,0,0.0,0.0,,0.0,1,0.63,1.88,SPY201218C00373000,373.0,normalDay
2020-12-08,7362.0,5269.0,0.0,100,370.17,316.0,0,0.0,0.0,,0.0,1,0.63,2.11,SPY201218C00373000,373.0,normalDay
2020-12-09,7362.0,5041.0,0.0,100,366.85,316.0,0,0.0,0.0,,0.0,1,0.63,1.07,SPY201218C00373000,373.0,normalDay
2020-12-10,7362.0,5055.0,0.0,100,366.73,316.0,0,0.0,0.0,,0.0,1,0.63,0.81,SPY201218C00373000,373.0,normalDay
2020-12-11,7362.0,5038.0,0.0,100,366.3,316.0,0,0.0,0.0,,0.0,1,0.63,0.55,SPY201218C00373000,373.0,normalDay
2020-12-14,7362.0,4890.0,0.0,100,364.66,316.0,0,0.0,0.0,,0.0,1,0.63,0.39,SPY201218C00373000,373.0,normalDay
2020-12-15,7362.0,5352.0,0.0,100,369.59,316.0,0,0.0,0.0,,0.0,1,0.63,0.7,SPY201218C00373000,373.0,normalDay
2020-12-16,7362.0,5417.0,0.0,100,370.17,316.0,0,0.0,0.0,,0.0,1,0.63,0.63,SPY201218C00373000,373.0,normalDay
2020-12-17,7362.0,5634.0,0.0,100,372.24,316.0,0,0.0,0.0,,0.0,1,0.63,0.53,SPY201218C00373000,373.0,normalDay
2020-12-18,7425.0,5318.0,63.0,100,369.18,316.0,0,0.0,0.0,,0.0,1,0.63,0.0,SPY201218C00373000,373.0,expirationDay
2020-12-21,7425.0,5180.0,0.0,100,367.86,316.0,0,0.0,0.0,,0.0,1,3.16,3.22,SPY210129C00381000,381.0,normalDay
2020-12-22,7425.0,5172.0,0.0,100,367.24,316.0,0,0.0,0.0,,0.0,1,3.16,2.68,SPY210129C00381000,381.0,normalDay
2020-12-23,7425.0,5239.0,0.0,100,367.57,316.0,0,0.0,0.0,,0.0,1,3.16,2.34,SPY210129C00381000,381.0,normalDay
2020-12-24,7425.0,5388.0,0.0,100,369.0,316.0,0,0.0,0.0,,0.0,1,3.16,2.28,SPY210129C00381000,381.0,normalDay
2020-12-28,7425.0,5620.0,0.0,100,372.17,316.0,0,0.0,0.0,,0.0,1,3.16,3.13,SPY210129C00381000,381.0,normalDay
2020-12-29,7425.0,5543.0,0.0,100,371.46,316.0,0,0.0,0.0,,0.0,1,3.16,3.19,SPY210129C00381000,381.0,normalDay
2020-12-30,7425.0,5604.0,0.0,100,371.99,316.0,0,0.0,0.0,,0.0,1,3.16,3.11,SPY210129C00381000,381.0,normalDay
2020-12-31,7425.0,5719.0,0.0,100,373.88,316.0,0,0.0,0.0,,0.0,1,3.16,3.85,SPY210129C00381000,381.0,normalDay
2021-01-04,7425.0,5364.0,0.0,100,368.79,316.0,0,0.0,0.0,,0.0,1,3.16,2.31,SPY210129C00381000,381.0,normalDay
2021-01-05,7425.0,5586.0,0.0,100,371.33,316.0,0,0.0,0.0,,0.0,1,3.16,2.63,SPY210129C00381000,381.0,normalDay
2021-01-06,7425.0,5725.0,0.0,100,373.55,316.0,0,0.0,0.0,,0.0,1,3.16,3.46,SPY210129C00381000,381.0,normalDay
2021-01-07,7425.0,6116.0,0.0,100,379.1,316.0,0,0.0,0.0,,0.0,1,3.16,5.1,SPY210129C00381000,381.0,normalDay
2021-01-08,7425.0,6202.0,0.0,100,381.26,316.0,0,0.0,0.0,,0.0,1,3.16,6.4,SPY210129C00381000,381.0,normalDay
2021-01-11,7425.0,6063.0,0.0,100,378.69,316.0,0,0.0,0.0,,0.0,1,3.16,5.22,SPY210129C00381000,381.0,normalDay
2021-01-12,7425.0,6136.0,0.0,100,378.77,316.0,0,0.0,0.0,,0.0,1,3.16,4.57,SPY210129C00381000,381.0,normalDay
2021-01-13,7425.0,6222.0,0.0,100,379.79,316.0,0,0.0,0.0,,0.0,1,3.16,4.73,SPY210129C00381000,381.0,normalDay
2021-01-14,7425.0,6150.0,0.0,100,378.46,316.0,0,0.0,0.0,,0.0,1,3.16,4.12,SPY210129C00381000,381.0,normalDay
2021-01-15,7425.0,6055.0,0.0,100,375.7,316.0,0,0.0,0.0,,0.0,1,3.16,2.31,SPY210129C00381000,381.0,normalDay
2021-01-19,7425.0,6272.0,0.0,100,378.65,316.0,0,0.0,0.0,,0.0,1,3.16,3.09,SPY210129C00381000,381.0,normalDay
2021-01-20,7425.0,6546.0,0.0,100,383.89,316.0,0,0.0,0.0,,0.0,1,3.16,5.59,SPY210129C00381000,381.0,normalDay
2021-01-21,7425.0,6596.0,0.0,100,384.24,316.0,0,0.0,0.0,,0.0,1,3.16,5.44,SPY210129C00381000,381.0,normalDay
2021-01-22,7425.0,6584.0,0.0,100,382.88,316.0,0,0.0,0.0,,0.0,1,3.16,4.2,SPY210129C00381000,381.0,normalDay
2021-01-25,7425.0,6654.0,0.0,100,384.39,316.0,0,0.0,0.0,,0.0,1,3.16,5.01,SPY210129C00381000,381.0,normalDay
2021-01-26,7425.0,6615.0,0.0,100,383.79,316.0,0,0.0,0.0,,0.0,1,3.16,4.8,SPY210129C00381000,381.0,normalDay
2021-01-27,7425.0,6057.0,0.0,100,374.41,316.0,0,0.0,0.0,,0.0,1,3.16,1.0,SPY210129C00381000,381.0,normalDay
2021-01-28,7425.0,6410.0,0.0,100,377.63,316.0,0,0.0,0.0,,0.0,1,3.16,0.69,SPY210129C00381000,381.0,normalDay
2021-01-29,7741.0,5407.0,316.0,100,370.07,316.0,0,0.0,0.0,,0.0,1,3.16,0.0,SPY210129C00381000,381.0,expirationDay
2021-02-01,7741.0,6018.0,0.0,100,376.23,316.0,0,0.0,0.0,,0.0,1,2.73,2.78,SPY210319C00397000,397.0,normalDay
2021-02-02,7741.0,6450.0,0.0,100,381.55,316.0,0,0.0,0.0,,0.0,1,2.73,3.78,SPY210319C00397000,397.0,normalDay
2021-02-03,7741.0,6523.0,0.0,100,381.85,316.0,0,0.0,0.0,,0.0,1,2.73,3.35,SPY210319C00397000,397.0,normalDay
2021-02-04,7741.0,6872.0,0.0,100,386.19,316.0,0,0.0,0.0,,0.0,1,2.73,4.2,SPY210319C00397000,397.0,normalDay
2021-02-05,7741.0,6995.0,0.0,100,387.71,316.0,0,0.0,0.0,,0.0,1,2.73,4.49,SPY210319C00397000,397.0,normalDay
2021-02-08,7741.0,7195.0,0.0,100,390.51,316.0,0,0.0,0.0,,0.0,1,2.73,5.29,SPY210319C00397000,397.0,normalDay
2021-02-09,7741.0,7172.0,0.0,100,390.25,316.0,0,0.0,0.0,,0.0,1,2.73,5.26,SPY210319C00397000,397.0,normalDay
2021-02-10,7741.0,7169.0,0.0,100,390.08,316.0,0,0.0,0.0,,0.0,1,2.73,5.12,SPY210319C00397000,397.0,normalDay
2021-02-11,7741.0,7265.0,0.0,100,390.71,316.0,0,0.0,0.0,,0.0,1,2.73,4.79,SPY210319C00397000,397.0,normalDay
2021-02-12,7741.0,7388.0,0.0,100,392.64,316.0,0,0.0,0.0,,0.0,1,2.73,5.49,SPY210319C00397000,397.0,normalDay
2021-02-16,7741.0,7415.0,0.0,100,392.3,316.0,0,0.0,0.0,,0.0,1,2.73,4.88,SPY210319C00397000,397.0,normalDay
2021-02-17,7741.0,7449.0,0.0,100,392.39,316.0,0,0.0,0.0,,0.0,1,2.73,4.63,SPY210319C00397000,397.0,normalDay
2021-02-18,7741.0,7338.0,0.0,100,390.72,316.0,0,0.0,0.0,,0.0,1,2.73,4.07,SPY210319C00397000,397.0,normalDay
2021-02-19,7741.0,7347.0,0.0,100,390.03,316.0,0,0.0,0.0,,0.0,1,2.73,3.29,SPY210319C00397000,397.0,normalDay
2021-02-22,7741.0,7134.0,0.0,100,387.03,316.0,0,0.0,0.0,,0.0,1,2.73,2.42,SPY210319C00397000,397.0,normalDay
2021-02-23,7741.0,7185.0,0.0,100,387.5,316.0,0,0.0,0.0,,0.0,1,2.73,2.38,SPY210319C00397000,397.0,normalDay
2021-02-24,7741.0,7495.0,0.0,100,391.77,316.0,0,0.0,0.0,,0.0,1,2.73,3.55,SPY210319C00397000,397.0,normalDay
2021-02-25,7741.0,6712.0,0.0,100,382.33,316.0,0,0.0,0.0,,0.0,1,2.73,1.94,SPY210319C00397000,397.0,normalDay
2021-02-26,7741.0,6591.0,0.0,100,380.36,316.0,0,0.0,0.0,,0.0,1,2.73,1.18,SPY210319C00397000,397.0,normalDay
2021-03-01,7741.0,7397.0,0.0,100,389.58,316.0,0,0.0,0.0,,0.0,1,2.73,2.34,SPY210319C00397000,397.0,normalDay
2021-03-02,7741.0,7161.0,0.0,100,386.54,316.0,0,0.0,0.0,,0.0,1,2.73,1.66,SPY210319C00397000,397.0,normalDay
2021-03-03,7741.0,6730.0,0.0,100,381.42,316.0,0,0.0,0.0,,0.0,1,2.73,0.85,SPY210319C00397000,397.0,normalDay
2021-03-04,7741.0,6303.0,0.0,100,376.7,316.0,0,0.0,0.0,,0.0,1,2.73,0.4,SPY210319C00397000,397.0,normalDay
2021-03-05,7741.0,6959.0,0.0,100,383.63,316.0,0,0.0,0.0,,0.0,1,2.73,0.77,SPY210319C00397000,397.0,normalDay
2021-03-08,7741.0,6785.0,0.0,100,381.72,316.0,0,0.0,0.0,,0.0,1,2.73,0.6,SPY210319C00397000,397.0,normalDay
2021-03-09,7741.0,7279.0,0.0,100,387.17,316.0,0,0.0,0.0,,0.0,1,2.73,1.11,SPY210319C00397000,397.0,normalDay
2021-03-10,7741.0,7501.0,0.0,100,389.58,316.0,0,0.0,0.0,,0.0,1,2.73,1.3,SPY210319C00397000,397.0,normalDay
2021-03-11,7741.0,7827.0,0.0,100,393.53,316.0,0,0.0,0.0,,0.0,1,2.73,1.99,SPY210319C00397000,397.0,normalDay
2021-03-12,7741.0,7905.0,0.0,100,394.06,316.0,0,0.0,0.0,,0.0,1,2.73,1.74,SPY210319C00397000,397.0,normalDay
2021-03-15,7741.0,8095.0,0.0,100,396.41,316.0,0,0.0,0.0,,0.0,1,2.73,2.19,SPY210319C00397000,397.0,normalDay
2021-03-16,7741.0,8098.0,0.0,100,395.91,316.0,0,0.0,0.0,,0.0,1,2.73,1.66,SPY210319C00397000,397.0,normalDay
2021-03-17,7741.0,8238.0,0.0,100,397.26,316.0,0,0.0,0.0,,0.0,1,2.73,1.61,SPY210319C00397000,397.0,normalDay
2021-03-18,7741.0,7803.0,0.0,100,391.48,316.0,0,0.0,0.0,,0.0,1,2.73,0.18,SPY210319C00397000,397.0,normalDay
2021-03-19,8014.0,7348.0,273.0,100,389.48,316.0,0,0.0,0.0,,0.0,1,2.73,0.0,SPY210319C00397000,397.0,expirationDay
2021-03-22,8014.0,7655.0,0.0,100,392.59,316.0,0,0.0,0.0,,0.0,1,1.01,1.05,SPY210430C00412500,412.5,normalDay
2021-03-23,8014.0,7379.0,0.0,100,389.5,316.0,0,0.0,0.0,,0.0,1,1.01,0.72,SPY210430C00412500,412.5,normalDay
2021-03-24,8014.0,7198.0,0.0,100,387.52,316.0,0,0.0,0.0,,0.0,1,1.01,0.55,SPY210430C00412500,412.5,normalDay
2021-03-25,8014.0,7409.0,0.0,100,389.7,316.0,0,0.0,0.0,,0.0,1,1.01,0.62,SPY210430C00412500,412.5,normalDay
2021-03-26,8014.0,7977.0,0.0,100,395.98,316.0,0,0.0,0.0,,0.0,1,1.01,1.22,SPY210430C00412500,412.5,normalDay
2021-03-29,8014.0,7952.0,0.0,100,395.78,316.0,0,0.0,0.0,,0.0,1,1.01,1.27,SPY210430C00412500,412.5,normalDay
2021-03-30,8014.0,7892.0,0.0,100,394.73,316.0,0,0.0,0.0,,0.0,1,1.01,0.82,SPY210430C00412500,412.5,normalDay
2021-03-31,8014.0,8028.0,0.0,100,396.33,316.0,0,0.0,0.0,,0.0,1,1.01,1.06,SPY210430C00412500,412.5,normalDay
2021-04-01,8014.0,8407.0,0.0,100,400.61,316.0,0,0.0,0.0,,0.0,1,1.01,1.55,SPY210430C00412500,412.5,normalDay
2021-04-05,8014.0,8833.0,0.0,100,406.36,316.0,0,0.0,0.0,,0.0,1,1.01,3.04,SPY210430C00412500,412.5,normalDay
2021-04-06,8014.0,8833.0,0.0,100,406.12,316.0,0,0.0,0.0,,0.0,1,1.01,2.8,SPY210430C00412500,412.5,normalDay
2021-04-07,8014.0,8889.0,0.0,100,406.59,316.0,0,0.0,0.0,,0.0,1,1.01,2.71,SPY210430C00412500,412.5,normalDay
2021-04-08,8014.0,9017.0,0.0,100,408.52,316.0,0,0.0,0.0,,0.0,1,1.01,3.36,SPY210430C00412500,412.5,normalDay
2021-04-09,8014.0,9226.0,0.0,100,411.49,316.0,0,0.0,0.0,,0.0,1,1.01,4.24,SPY210430C00412500,412.5,normalDay
2021-04-12,8014.0,9236.0,0.0,100,411.64,316.0,0,0.0,0.0,,0.0,1,1.01,4.29,SPY210430C00412500,412.5,normalDay
2021-04-13,8014.0,9306.0,0.0,100,412.86,316.0,0,0.0,0.0,,0.0,1,1.01,4.81,SPY210430C00412500,412.5,normalDay
2021-04-14,8014.0,9228.0,0.0,100,411.45,316.0,0,0.0,0.0,,0.0,1,1.01,4.18,SPY210430C00412500,412.5,normalDay
2021-04-15,8014.0,9447.0,0.0,100,415.87,316.0,0,0.0,0.0,,0.0,1,1.01,6.41,SPY210430C00412500,412.5,normalDay
2021-04-16,8014.0,9527.0,0.0,100,417.26,316.0,0,0.0,0.0,,0.0,1,1.01,7.0,SPY210430C00412500,412.5,normalDay
2021-04-19,8014.0,9449.0,0.0,100,415.21,316.0,0,0.0,0.0,,0.0,1,1.01,5.73,SPY210430C00412500,412.5,normalDay
2021-04-20,8014.0,9334.0,0.0,100,412.17,316.0,0,0.0,0.0,,0.0,1,1.01,3.84,SPY210430C00412500,412.5,normalDay
2021-04-21,8014.0,9571.0,0.0,100,416.07,316.0,0,0.0,0.0,,0.0,1,1.01,5.37,SPY210430C00412500,412.5,normalDay
2021-04-22,8014.0,9381.0,0.0,100,412.27,316.0,0,0.0,0.0,,0.0,1,1.01,3.47,SPY210430C00412500,412.5,normalDay
2021-04-23,8014.0,9622.0,0.0,100,416.74,316.0,0,0.0,0.0,,0.0,1,1.01,5.53,SPY210430C00412500,412.5,normalDay
2021-04-26,8014.0,9660.0,0.0,100,417.61,316.0,0,0.0,0.0,,0.0,1,1.01,6.02,SPY210430C00412500,412.5,normalDay
2021-04-27,8014.0,9683.0,0.0,100,417.52,316.0,0,0.0,0.0,,0.0,1,1.01,5.7,SPY210430C00412500,412.5,normalDay
2021-04-28,8014.0,9675.0,0.0,100,417.4,316.0,0,0.0,0.0,,0.0,1,1.01,5.66,SPY210430C00412500,412.5,normalDay
2021-04-29,8014.0,9754.0,0.0,100,420.06,316.0,0,0.0,0.0,,0.0,1,1.01,7.53,SPY210430C00412500,412.5,normalDay
2021-04-30,17765.0,9754.0,9751.0,0,417.3,0.0,0,0.0,0.0,,0.0,1,1.01,0.0,SPY210430C00412500,412.5,expirationDay
2021-05-03,17765.0,-4.0,0.0,0,418.2,0.0,1,2.79,2.83,SPY210604P00399000,399.0,0,0.0,0.0,,0.0,normalDay
2021-05-04,17765.0,-72.0,0.0,0,415.62,0.0,1,2.79,3.51,SPY210604P00399000,399.0,0,0.0,0.0,,0.0,normalDay
2021-05-05,17765.0,-53.0,0.0,0,415.75,0.0,1,2.79,3.32,SPY210604P00399000,399.0,0,0.0,0.0,,0.0,normalDay
2021-05-06,17765.0,31.0,0.0,0,419.07,0.0,1,2.79,2.48,SPY210604P00399000,399.0,0,0.0,0.0,,0.0,normalDay
2021-05-07,17765.0,100.0,0.0,0,422.12,0.0,1,2.79,1.79,SPY210604P00399000,399.0,0,0.0,0.0,,0.0,normalDay
2021-05-10,17765.0,13.0,0.0,0,417.94,0.0,1,2.79,2.66,SPY210604P00399000,399.0,0,0.0,0.0,,0.0,normalDay
2021-05-11,17765.0,-81.0,0.0,0,414.21,0.0,1,2.79,3.6,SPY210604P00399000,399.0,0,0.0,0.0,,0.0,normalDay
2021-05-12,17765.0,-432.0,0.0,0,405.41,0.0,1,2.79,7.11,SPY210604P00399000,399.0,0,0.0,0.0,,0.0,normalDay
2021-05-13,17765.0,-177.0,0.0,0,410.28,0.0,1,2.79,4.56,SPY210604P00399000,399.0,0,0.0,0.0,,0.0,normalDay
2021-05-14,17765.0,69.0,0.0,0,416.58,0.0,1,2.79,2.1,SPY210604P00399000,399.0,0,0.0,0.0,,0.0,normalDay
2021-05-17,17765.0,74.0,0.0,0,415.52,0.0,1,2.79,2.05,SPY210604P00399000,399.0,0,0.0,0.0,,0.0,normalDay
2021-05-18,17765.0,-2.0,0.0,0,411.94,0.0,1,2.79,2.81,SPY210604P00399000,399.0,0,0.0,0.0,,0.0,normalDay
2021-05-19,17765.0,-14.0,0.0,0,410.86,0.0,1,2.79,2.93,SPY210604P00399000,399.0,0,0.0,0.0,,0.0,normalDay
2021-05-20,17765.0,101.0,0.0,0,415.28,0.0,1,2.79,1.78,SPY210604P00399000,399.0,0,0.0,0.0,,0.0,normalDay
2021-05-21,17765.0,127.0,0.0,0,414.94,0.0,1,2.79,1.52,SPY210604P00399000,399.0,0,0.0,0.0,,0.0,normalDay
2021-05-24,17765.0,224.0,0.0,0,419.17,0.0,1,2.79,0.55,SPY210604P00399000,399.0,0,0.0,0.0,,0.0,normalDay
2021-05-25,17765.0,218.0,0.0,0,418.24,0.0,1,2.79,0.61,SPY210604P00399000,399.0,0,0.0,0.0,,0.0,normalDay
2021-05-26,17765.0,243.0,0.0,0,419.07,0.0,1,2.79,0.36,SPY210604P00399000,399.0,0,0.0,0.0,,0.0,normalDay
2021-05-27,17765.0,255.0,0.0,0,419.29,0.0,1,2.79,0.24,SPY210604P00399000,399.0,0,0.0,0.0,,0.0,normalDay
2021-05-28,17765.0,264.0,0.0,0,420.04,0.0,1,2.79,0.15,SPY210604P00399000,399.0,0,0.0,0.0,,0.0,normalDay
2021-06-01,17765.0,272.0,0.0,0,419.67,0.0,1,2.79,0.07,SPY210604P00399000,399.0,0,0.0,0.0,,0.0,normalDay
2021-06-02,17765.0,276.0,0.0,0,420.33,0.0,1,2.79,0.03,SPY210604P00399000,399.0,0,0.0,0.0,,0.0,normalDay
2021-06-03,17765.0,276.0,0.0,0,418.77,0.0,1,2.79,0.03,SPY210604P00399000,399.0,0,0.0,0.0,,0.0,normalDay
2021-06-04,18044.0,0.0,279.0,0,422.6,0.0,1,2.79,0.0,SPY210604P00399000,399.0,0,0.0,0.0,,0.0,expirationDay
2021-06-07,18044.0,-4.0,0.0,0,422.19,0.0,1,2.05,2.09,SPY210709P00400000,400.0,0,0.0,0.0,,0.0,normalDay
2021-06-08,18044.0,-13.0,0.0,0,422.28,0.0,1,2.05,2.18,SPY210709P00400000,400.0,0,0.0,0.0,,0.0,normalDay
2021-06-09,18044.0,-33.0,0.0,0,421.65,0.0,1,2.05,2.38,SPY210709P00400000,400.0,0,0.0,0.0,,0.0,normalDay
2021-06-10,18044.0,35.0,0.0,0,423.61,0.0,1,2.05,1.7,SPY210709P00400000,400.0,0,0.0,0.0,,0.0,normalDay
2021-06-11,18044.0,56.0,0.0,0,424.31,0.0,1,2.05,1.49,SPY210709P00400000,400.0,0,0.0,0.0,,0.0,normalDay
2021-06-14,18044.0,71.0,0.0,0,425.26,0.0,1,2.05,1.34,SPY210709P00400000,400.0,0,0.0,0.0,,0.0,normalDay
2021-06-15,18044.0,61.0,0.0,0,424.48,0.0,1,2.05,1.44,SPY210709P00400000,400.0,0,0.0,0.0,,0.0,normalDay
2021-06-16,18044.0,29.0,0.0,0,422.11,0.0,1,2.05,1.76,SPY210709P00400000,400.0,0,0.0,0.0,,0.0,normalDay
2021-06-17,18044.0,51.0,0.0,0,421.97,0.0,1,2.05,1.54,SPY210709P00400000,400.0,0,0.0,0.0,,0.0,normalDay
2021-06-18,18044.0,-78.0,0.0,0,414.92,0.0,1,2.05,2.83,SPY210709P00400000,400.0,0,0.0,0.0,,0.0,normalDay
2021-06-21,18044.0,81.0,0.0,0,420.86,0.0,1,2.05,1.24,SPY210709P00400000,400.0,0,0.0,0.0,,0.0,normalDay
2021-06-22,18044.0,121.0,0.0,0,423.11,0.0,1,2.05,0.84,SPY210709P00400000,400.0,0,0.0,0.0,,0.0,normalDay
2021-06-23,18044.0,136.0,0.0,0,422.6,0.0,1,2.05,0.69,SPY210709P00400000,400.0,0,0.0,0.0,,0.0,normalDay
2021-06-24,18044.0,156.0,0.0,0,425.1,0.0,1,2.05,0.49,SPY210709P00400000,400.0,0,0.0,0.0,,0.0,normalDay
2021-06-25,18044.0,170.0,0.0,0,426.61,0.0,1,2.05,0.35,SPY210709P00400000,400.0,0,0.0,0.0,,0.0,normalDay
2021-06-28,18044.0,182.0,0.0,0,427.47,0.0,1,2.05,0.23,SPY210709P00400000,400.0,0,0.0,0.0,,0.0,normalDay
2021-06-29,18044.0,184.0,0.0,0,427.7,0.0,1,2.05,0.21,SPY210709P00400000,400.0,0,0.0,0.0,,0.0,normalDay
2021-06-30,18044.0,190.0,0.0,0,428.06,0.0,1,2.05,0.15,SPY210709P00400000,400.0,0,0.0,0.0,,0.0,normalDay
2021-07-01,18044.0,194.0,0.0,0,430.43,0.0,1,2.05,0.11,SPY210709P00400000,400.0,0,0.0,0.0,,0.0,normalDay
2021-07-02,18044.0,201.0,0.0,0,433.72,0.0,1,2.05,0.04,SPY210709P00400000,400.0,0,0.0,0.0,,0.0,normalDay
2021-07-06,18044.0,202.0,0.0,0,432.93,0.0,1,2.05,0.03,SPY210709P00400000,400.0,0,0.0,0.0,,0.0,normalDay
2021-07-07,18044.0,204.0,0.0,0,434.46,0.0,1,2.05,0.01,SPY210709P00400000,400.0,0,0.0,0.0,,0.0,normalDay
2021-07-08,18044.0,204.0,0.0,0,430.92,0.0,1,2.05,0.01,SPY210709P00400000,400.0,0,0.0,0.0,,0.0,normalDay
2021-07-09,18249.0,0.0,205.0,0,435.52,0.0,1,2.05,0.0,SPY210709P00400000,400.0,0,0.0,0.0,,0.0,expirationDay
2021-07-12,18249.0,-4.0,0.0,0,437.08,0.0,1,1.46,1.5,SPY210813P00406000,406.0,0,0.0,0.0,,0.0,normalDay
2021-07-13,18249.0,-29.0,0.0,0,435.59,0.0,1,1.46,1.75,SPY210813P00406000,406.0,0,0.0,0.0,,0.0,normalDay
2021-07-14,18249.0,4.0,0.0,0,436.24,0.0,1,1.46,1.42,SPY210813P00406000,406.0,0,0.0,0.0,,0.0,normalDay
2021-07-15,18249.0,-15.0,0.0,0,434.75,0.0,1,1.46,1.61,SPY210813P00406000,406.0,0,0.0,0.0,,0.0,normalDay
2021-07-16,18249.0,-61.0,0.0,0,431.34,0.0,1,1.46,2.07,SPY210813P00406000,406.0,0,0.0,0.0,,0.0,normalDay
2021-07-19,18249.0,-201.0,0.0,0,424.97,0.0,1,1.46,3.47,SPY210813P00406000,406.0,0,0.0,0.0,,0.0,normalDay
2021-07-20,18249.0,-66.0,0.0,0,431.06,0.0,1,1.46,2.12,SPY210813P00406000,406.0,0,0.0,0.0,,0.0,normalDay
2021-07-21,18249.0,15.0,0.0,0,434.55,0.0,1,1.46,1.31,SPY210813P00406000,406.0,0,0.0,0.0,,0.0,normalDay
2021-07-22,18249.0,32.0,0.0,0,435.46,0.0,1,1.46,1.14,SPY210813P00406000,406.0,0,0.0,0.0,,0.0,normalDay
2021-07-23,18249.0,68.0,0.0,0,439.94,0.0,1,1.46,0.78,SPY210813P00406000,406.0,0,0.0,0.0,,0.0,normalDay
2021-07-26,18249.0,91.0,0.0,0,441.02,0.0,1,1.46,0.55,SPY210813P00406000,406.0,0,0.0,0.0,,0.0,normalDay
2021-07-27,18249.0,65.0,0.0,0,439.01,0.0,1,1.46,0.81,SPY210813P00406000,406.0,0,0.0,0.0,,0.0,normalDay
2021-07-28,18249.0,84.0,0.0,0,438.83,0.0,1,1.46,0.62,SPY210813P00406000,406.0,0,0.0,0.0,,0.0,normalDay
2021-07-29,18249.0,105.0,0.0,0,440.65,0.0,1,1.46,0.41,SPY210813P00406000,406.0,0,0.0,0.0,,0.0,normalDay
2021-07-30,18249.0,100.0,0.0,0,438.51,0.0,1,1.46,0.46,SPY210813P00406000,406.0,0,0.0,0.0,,0.0,normalDay
2021-08-02,18249.0,106.0,0.0,0,437.59,0.0,1,1.46,0.4,SPY210813P00406000,406.0,0,0.0,0.0,,0.0,normalDay
2021-08-03,18249.0,128.0,0.0,0,441.15,0.0,1,1.46,0.18,SPY210813P00406000,406.0,0,0.0,0.0,,0.0,normalDay
2021-08-04,18249.0,130.0,0.0,0,438.98,0.0,1,1.46,0.16,SPY210813P00406000,406.0,0,0.0,0.0,,0.0,normalDay
2021-08-05,18249.0,135.0,0.0,0,441.76,0.0,1,1.46,0.11,SPY210813P00406000,406.0,0,0.0,0.0,,0.0,normalDay
2021-08-06,18249.0,141.0,0.0,0,442.49,0.0,1,1.46,0.05,SPY210813P00406000,406.0,0,0.0,0.0,,0.0,normalDay
2021-08-09,18249.0,142.0,0.0,0,442.13,0.0,1,1.46,0.04,SPY210813P00406000,406.0,0,0.0,0.0,,0.0,normalDay
2021-08-10,18249.0,143.0,0.0,0,442.68,0.0,1,1.46,0.03,SPY210813P00406000,406.0,0,0.0,0.0,,0.0,normalDay
2021-08-11,18249.0,144.0,0.0,0,443.78,0.0,1,1.46,0.02,SPY210813P00406000,406.0,0,0.0,0.0,,0.0,normalDay
2021-08-12,18249.0,145.0,0.0,0,445.11,0.0,1,1.46,0.01,SPY210813P00406000,406.0,0,0.0,0.0,,0.0,normalDay
2021-08-13,18395.0,0.0,146.0,0,445.92,0.0,1,1.46,0.0,SPY210813P00406000,406.0,0,0.0,0.0,,0.0,expirationDay
2021-08-16,18395.0,-3.0,0.0,0,446.97,0.0,1,2.5,2.53,SPY210917P00426000,426.0,0,0.0,0.0,,0.0,normalDay
2021-08-17,18395.0,-90.0,0.0,0,444.04,0.0,1,2.5,3.4,SPY210917P00426000,426.0,0,0.0,0.0,,0.0,normalDay
2021-08-18,18395.0,-263.0,0.0,0,439.18,0.0,1,2.5,5.13,SPY210917P00426000,426.0,0,0.0,0.0,,0.0,normalDay
2021-08-19,18395.0,-236.0,0.0,0,439.86,0.0,1,2.5,4.86,SPY210917P00426000,426.0,0,0.0,0.0,,0.0,normalDay
2021-08-20,18395.0,-72.0,0.0,0,443.36,0.0,1,2.5,3.22,SPY210917P00426000,426.0,0,0.0,0.0,,0.0,normalDay
2021-08-23,18395.0,53.0,0.0,0,447.26,0.0,1,2.5,1.97,SPY210917P00426000,426.0,0,0.0,0.0,,0.0,normalDay
2021-08-24,18395.0,66.0,0.0,0,447.97,0.0,1,2.5,1.84,SPY210917P00426000,426.0,0,0.0,0.0,,0.0,normalDay
2021-08-25,18395.0,93.0,0.0,0,448.91,0.0,1,2.5,1.57,SPY210917P00426000,426.0,0,0.0,0.0,,0.0,normalDay
2021-08-26,18395.0,33.0,0.0,0,446.26,0.0,1,2.5,2.17,SPY210917P00426000,426.0,0,0.0,0.0,,0.0,normalDay
2021-08-27,18395.0,128.0,0.0,0,450.25,0.0,1,2.5,1.22,SPY210917P00426000,426.0,0,0.0,0.0,,0.0,normalDay
2021-08-30,18395.0,164.0,0.0,0,452.23,0.0,1,2.5,0.86,SPY210917P00426000,426.0,0,0.0,0.0,,0.0,normalDay
2021-08-31,18395.0,159.0,0.0,0,451.56,0.0,1,2.5,0.91,SPY210917P00426000,426.0,0,0.0,0.0,,0.0,normalDay
2021-09-01,18395.0,175.0,0.0,0,451.8,0.0,1,2.5,0.75,SPY210917P00426000,426.0,0,0.0,0.0,,0.0,normalDay
2021-09-02,18395.0,176.0,0.0,0,453.19,0.0,1,2.5,0.74,SPY210917P00426000,426.0,0,0.0,0.0,,0.0,normalDay
2021-09-03,18395.0,190.0,0.0,0,453.08,0.0,1,2.5,0.6,SPY210917P00426000,426.0,0,0.0,0.0,,0.0,normalDay
2021-09-07,18395.0,192.0,0.0,0,451.46,0.0,1,2.5,0.58,SPY210917P00426000,426.0,0,0.0,0.0,,0.0,normalDay
2021-09-08,18395.0,201.0,0.0,0,450.91,0.0,1,2.5,0.49,SPY210917P00426000,426.0,0,0.0,0.0,,0.0,normalDay
2021-09-09,18395.0,191.0,0.0,0,448.98,0.0,1,2.5,0.59,SPY210917P00426000,426.0,0,0.0,0.0,,0.0,normalDay
2021-09-10,18395.0,141.0,0.0,0,445.44,0.0,1,2.5,1.09,SPY210917P00426000,426.0,0,0.0,0.0,,0.0,normalDay
2021-09-13,18395.0,202.0,0.0,0,446.58,0.0,1,2.5,0.48,SPY210917P00426000,426.0,0,0.0,0.0,,0.0,normalDay
2021-09-14,18395.0,215.0,0.0,0,444.17,0.0,1,2.5,0.35,SPY210917P00426000,426.0,0,0.0,0.0,,0.0,normalDay
2021-09-15,18395.0,239.0,0.0,0,447.88,0.0,1,2.5,0.11,SPY210917P00426000,426.0,0,0.0,0.0,,0.0,normalDay
2021-09-16,18395.0,243.0,0.0,0,447.17,0.0,1,2.5,0.07,SPY210917P00426000,426.0,0,0.0,0.0,,0.0,normalDay
2021-09-17,18645.0,0.0,250.0,0,441.4,0.0,1,2.5,0.0,SPY210917P00426000,426.0,0,0.0,0.0,,0.0,expirationDay
2021-09-20,18645.0,-8.0,0.0,0,434.04,0.0,1,9.16,9.24,SPY211022P00431000,431.0,0,0.0,0.0,,0.0,normalDay
2021-09-21,18645.0,17.0,0.0,0,433.63,0.0,1,9.16,8.99,SPY211022P00431000,431.0,0,0.0,0.0,,0.0,normalDay
2021-09-22,18645.0,292.0,0.0,0,437.86,0.0,1,9.16,6.24,SPY211022P00431000,431.0,0,0.0,0.0,,0.0,normalDay
2021-09-23,18645.0,504.0,0.0,0,443.18,0.0,1,9.16,4.12,SPY211022P00431000,431.0,0,0.0,0.0,,0.0,normalDay
2021-09-24,18645.0,557.0,0.0,0,443.91,0.0,1,9.16,3.59,SPY211022P00431000,431.0,0,0.0,0.0,,0.0,normalDay
2021-09-27,18645.0,536.0,0.0,0,442.64,0.0,1,9.16,3.8,SPY211022P00431000,431.0,0,0.0,0.0,,0.0,normalDay
2021-09-28,18645.0,180.0,0.0,0,433.72,0.0,1,9.16,7.36,SPY211022P00431000,431.0,0,0.0,0.0,,0.0,normalDay
2021-09-29,18645.0,234.0,0.0,0,434.45,0.0,1,9.16,6.82,SPY211022P00431000,431.0,0,0.0,0.0,,0.0,normalDay
2021-09-30,18645.0,37.0,0.0,0,429.14,0.0,1,9.16,8.79,SPY211022P00431000,431.0,0,0.0,0.0,,0.0,normalDay
2021-10-01,18645.0,300.0,0.0,0,434.24,0.0,1,9.16,6.16,SPY211022P00431000,431.0,0,0.0,0.0,,0.0,normalDay
2021-10-04,18645.0,62.0,0.0,0,428.64,0.0,1,9.16,8.54,SPY211022P00431000,431.0,0,0.0,0.0,,0.0,normalDay
2021-10-05,18645.0,315.0,0.0,0,433.1,0.0,1,9.16,6.01,SPY211022P00431000,431.0,0,0.0,0.0,,0.0,normalDay
2021-10-06,18645.0,393.0,0.0,0,434.9,0.0,1,9.16,5.23,SPY211022P00431000,431.0,0,0.0,0.0,,0.0,normalDay
2021-10-07,18645.0,577.0,0.0,0,438.66,0.0,1,9.16,3.39,SPY211022P00431000,431.0,0,0.0,0.0,,0.0,normalDay
2021-10-08,18645.0,587.0,0.0,0,437.86,0.0,1,9.16,3.29,SPY211022P00431000,431.0,0,0.0,0.0,,0.0,normalDay
2021-10-11,18645.0,507.0,0.0,0,434.69,0.0,1,9.16,4.09,SPY211022P00431000,431.0,0,0.0,0.0,,0.0,normalDay
2021-10-12,18645.0,486.0,0.0,0,433.62,0.0,1,9.16,4.3,SPY211022P00431000,431.0,0,0.0,0.0,,0.0,normalDay
2021-10-13,18645.0,641.0,0.0,0,435.18,0.0,1,9.16,2.75,SPY211022P00431000,431.0,0,0.0,0.0,,0.0,normalDay
2021-10-14,18645.0,832.0,0.0,0,442.5,0.0,1,9.16,0.84,SPY211022P00431000,431.0,0,0.0,0.0,,0.0,normalDay
2021-10-15,18645.0,880.0,0.0,0,445.87,0.0,1,9.16,0.36,SPY211022P00431000,431.0,0,0.0,0.0,,0.0,normalDay
2021-10-18,18645.0,902.0,0.0,0,447.19,0.0,1,9.16,0.14,SPY211022P00431000,431.0,0,0.0,0.0,,0.0,normalDay
2021-10-19,18645.0,910.0,0.0,0,450.64,0.0,1,9.16,0.06,SPY211022P00431000,431.0,0,0.0,0.0,,0.0,normalDay
2021-10-20,18645.0,912.0,0.0,0,452.41,0.0,1,9.16,0.04,SPY211022P00431000,431.0,0,0.0,0.0,,0.0,normalDay
2021-10-21,18645.0,914.0,0.0,0,453.59,0.0,1,9.16,0.02,SPY211022P00431000,431.0,0,0.0,0.0,,0.0,normalDay
2021-10-22,19561.0,0.0,916.0,0,453.12,0.0,1,9.16,0.0,SPY211022P00431000,431.0,0,0.0,0.0,,0.0,expirationDay
2021-10-25,19561.0,-3.0,0.0,0,455.55,0.0,1,0.78,0.81,SPY211126P00408000,408.0,0,0.0,0.0,,0.0,normalDay
2021-10-26,19561.0,-7.0,0.0,0,455.96,0.0,1,0.78,0.85,SPY211126P00408000,408.0,0,0.0,0.0,,0.0,normalDay
2021-10-27,19561.0,-23.0,0.0,0,453.94,0.0,1,0.78,1.01,SPY211126P00408000,408.0,0,0.0,0.0,,0.0,normalDay
2021-10-28,19561.0,2.0,0.0,0,458.32,0.0,1,0.78,0.76,SPY211126P00408000,408.0,0,0.0,0.0,,0.0,normalDay
2021-10-29,19561.0,13.0,0.0,0,459.25,0.0,1,0.78,0.65,SPY211126P00408000,408.0,0,0.0,0.0,,0.0,normalDay
2021-11-01,19561.0,27.0,0.0,0,460.04,0.0,1,0.78,0.51,SPY211126P00408000,408.0,0,0.0,0.0,,0.0,normalDay
2021-11-02,19561.0,35.0,0.0,0,461.9,0.0,1,0.78,0.43,SPY211126P00408000,408.0,0,0.0,0.0,,0.0,normalDay
2021-11-03,19561.0,46.0,0.0,0,464.72,0.0,1,0.78,0.32,SPY211126P00408000,408.0,0,0.0,0.0,,0.0,normalDay
2021-11-04,19561.0,45.0,0.0,0,466.91,0.0,1,0.78,0.33,SPY211126P00408000,408.0,0,0.0,0.0,,0.0,normalDay
2021-11-05,19561.0,43.0,0.0,0,468.53,0.0,1,0.78,0.35,SPY211126P00408000,408.0,0,0.0,0.0,,0.0,normalDay
2021-11-08,19561.0,47.0,0.0,0,468.93,0.0,1,0.78,0.31,SPY211126P00408000,408.0,0,0.0,0.0,,0.0,normalDay
2021-11-09,19561.0,48.0,0.0,0,467.38,0.0,1,0.78,0.3,SPY211126P00408000,408.0,0,0.0,0.0,,0.0,normalDay
2021-11-10,19561.0,47.0,0.0,0,463.62,0.0,1,0.78,0.31,SPY211126P00408000,408.0,0,0.0,0.0,,0.0,normalDay
2021-11-11,19561.0,56.0,0.0,0,463.77,0.0,1,0.78,0.22,SPY211126P00408000,408.0,0,0.0,0.0,,0.0,normalDay
2021-11-12,19561.0,65.0,0.0,0,467.27,0.0,1,0.78,0.13,SPY211126P00408000,408.0,0,0.0,0.0,,0.0,normalDay
2021-11-15,19561.0,70.0,0.0,0,467.43,0.0,1,0.78,0.08,SPY211126P00408000,408.0,0,0.0,0.0,,0.0,normalDay
2021-11-16,19561.0,72.0,0.0,0,469.28,0.0,1,0.78,0.06,SPY211126P00408000,408.0,0,0.0,0.0,,0.0,normalDay
2021-11-17,19561.0,73.0,0.0,0,468.14,0.0,1,0.78,0.05,SPY211126P00408000,408.0,0,0.0,0.0,,0.0,normalDay
2021-11-18,19561.0,74.0,0.0,0,469.73,0.0,1,0.78,0.04,SPY211126P00408000,408.0,0,0.0,0.0,,0.0,normalDay
2021-11-19,19561.0,75.0,0.0,0,468.89,0.0,1,0.78,0.03,SPY211126P00408000,408.0,0,0.0,0.0,,0.0,normalDay
2021-11-22,19561.0,75.0,0.0,0,467.57,0.0,1,0.78,0.03,SPY211126P00408000,408.0,0,0.0,0.0,,0.0,normalDay
2021-11-23,19561.0,77.0,0.0,0,468.19,0.0,1,0.78,0.01,SPY211126P00408000,408.0,0,0.0,0.0,,0.0,normalDay
2021-11-24,19561.0,77.0,0.0,0,469.44,0.0,1,0.78,0.01,SPY211126P00408000,408.0,0,0.0,0.0,,0.0,normalDay
2021-11-26,19639.0,0.0,78.0,0,458.97,0.0,1,0.78,0.0,SPY211126P00408000,408.0,0,0.0,0.0,,0.0,expirationDay
2021-11-29,19639.0,-5.0,0.0,0,464.6,0.0,1,6.75,6.8,SPY211231P00454000,454.0,0,0.0,0.0,,0.0,normalDay
2021-11-30,19639.0,-338.0,0.0,0,455.56,0.0,1,6.75,10.13,SPY211231P00454000,454.0,0,0.0,0.0,,0.0,normalDay
2021-12-01,19639.0,-818.0,0.0,0,450.5,0.0,1,6.75,14.93,SPY211231P00454000,454.0,0,0.0,0.0,,0.0,normalDay
2021-12-02,19639.0,-354.0,0.0,0,457.4,0.0,1,6.75,10.29,SPY211231P00454000,454.0,0,0.0,0.0,,0.0,normalDay
2021-12-03,19639.0,-542.0,0.0,0,453.42,0.0,1,6.75,12.17,SPY211231P00454000,454.0,0,0.0,0.0,,0.0,normalDay
2021-12-06,19639.0,-192.0,0.0,0,458.79,0.0,1,6.75,8.67,SPY211231P00454000,454.0,0,0.0,0.0,,0.0,normalDay
2021-12-07,19639.0,232.0,0.0,0,468.28,0.0,1,6.75,4.43,SPY211231P00454000,454.0,0,0.0,0.0,,0.0,normalDay
2021-12-08,19639.0,332.0,0.0,0,469.52,0.0,1,6.75,3.43,SPY211231P00454000,454.0,0,0.0,0.0,,0.0,normalDay
2021-12-09,19639.0,239.0,0.0,0,466.35,0.0,1,6.75,4.36,SPY211231P00454000,454.0,0,0.0,0.0,,0.0,normalDay
2021-12-10,19639.0,412.0,0.0,0,470.74,0.0,1,6.75,2.63,SPY211231P00454000,454.0,0,0.0,0.0,,0.0,normalDay
2021-12-13,19639.0,328.0,0.0,0,466.57,0.0,1,6.75,3.47,SPY211231P00454000,454.0,0,0.0,0.0,,0.0,normalDay
2021-12-14,19639.0,221.0,0.0,0,463.36,0.0,1,6.75,4.54,SPY211231P00454000,454.0,0,0.0,0.0,,0.0,normalDay
2021-12-15,19639.0,468.0,0.0,0,470.6,0.0,1,6.75,2.07,SPY211231P00454000,454.0,0,0.0,0.0,,0.0,normalDay
2021-12-16,19639.0,386.0,0.0,0,466.45,0.0,1,6.75,2.89,SPY211231P00454000,454.0,0,0.0,0.0,,0.0,normalDay
2021-12-17,19639.0,248.0,0.0,0,459.87,0.0,1,6.75,4.27,SPY211231P00454000,454.0,0,0.0,0.0,,0.0,normalDay
2021-12-20,19639.0,93.0,0.0,0,454.98,0.0,1,6.75,5.82,SPY211231P00454000,454.0,0,0.0,0.0,,0.0,normalDay
2021-12-21,19639.0,426.0,0.0,0,463.06,0.0,1,6.75,2.49,SPY211231P00454000,454.0,0,0.0,0.0,,0.0,normalDay
2021-12-22,19639.0,588.0,0.0,0,467.69,0.0,1,6.75,0.87,SPY211231P00454000,454.0,0,0.0,0.0,,0.0,normalDay
2021-12-23,19639.0,639.0,0.0,0,470.6,0.0,1,6.75,0.36,SPY211231P00454000,454.0,0,0.0,0.0,,0.0,normalDay
2021-12-27,19639.0,667.0,0.0,0,477.26,0.0,1,6.75,0.08,SPY211231P00454000,454.0,0,0.0,0.0,,0.0,normalDay
2021-12-28,19639.0,669.0,0.0,0,476.87,0.0,1,6.75,0.06,SPY211231P00454000,454.0,0,0.0,0.0,,0.0,normalDay
2021-12-29,19639.0,673.0,0.0,0,477.48,0.0,1,6.75,0.02,SPY211231P00454000,454.0,0,0.0,0.0,,0.0,normalDay
2021-12-30,19639.0,672.0,0.0,0,476.16,0.0,1,6.75,0.03,SPY211231P00454000,454.0,0,0.0,0.0,,0.0,normalDay
2021-12-31,20314.0,0.0,675.0,0,474.96,0.0,1,6.75,0.0,SPY211231P00454000,454.0,0,0.0,0.0,,0.0,expirationDay
2022-01-03,20314.0,-3.0,0.0,0,477.71,0.0,1,1.61,1.64,SPY220204P00444000,444.0,0,0.0,0.0,,0.0,normalDay
2022-01-04,20314.0,-5.0,0.0,0,477.55,0.0,1,1.61,1.66,SPY220204P00444000,444.0,0,0.0,0.0,,0.0,normalDay
2022-01-05,20314.0,-156.0,0.0,0,468.38,0.0,1,1.61,3.17,SPY220204P00444000,444.0,0,0.0,0.0,,0.0,normalDay
2022-01-06,20314.0,-144.0,0.0,0,467.94,0.0,1,1.61,3.05,SPY220204P00444000,444.0,0,0.0,0.0,,0.0,normalDay
2022-01-07,20314.0,-118.0,0.0,0,466.09,0.0,1,1.61,2.79,SPY220204P00444000,444.0,0,0.0,0.0,,0.0,normalDay
2022-01-10,20314.0,-119.0,0.0,0,465.51,0.0,1,1.61,2.8,SPY220204P00444000,444.0,0,0.0,0.0,,0.0,normalDay
2022-01-11,20314.0,-44.0,0.0,0,469.75,0.0,1,1.61,2.05,SPY220204P00444000,444.0,0,0.0,0.0,,0.0,normalDay
2022-01-12,20314.0,-3.0,0.0,0,471.02,0.0,1,1.61,1.64,SPY220204P00444000,444.0,0,0.0,0.0,,0.0,normalDay
2022-01-13,20314.0,-133.0,0.0,0,464.53,0.0,1,1.61,2.94,SPY220204P00444000,444.0,0,0.0,0.0,,0.0,normalDay
2022-01-14,20314.0,-85.0,0.0,0,464.72,0.0,1,1.61,2.46,SPY220204P00444000,444.0,0,0.0,0.0,,0.0,normalDay
2022-01-18,20314.0,-289.0,0.0,0,456.49,0.0,1,1.61,4.5,SPY220204P00444000,444.0,0,0.0,0.0,,0.0,normalDay
2022-01-19,20314.0,-369.0,0.0,0,451.75,0.0,1,1.61,5.3,SPY220204P00444000,444.0,0,0.0,0.0,,0.0,normalDay
2022-01-20,20314.0,-582.0,0.0,0,446.75,0.0,1,1.61,7.43,SPY220204P00444000,444.0,0,0.0,0.0,,0.0,normalDay
2022-01-21,20314.0,-1032.0,0.0,0,437.98,0.0,1,1.61,11.93,SPY220204P00444000,444.0,0,0.0,0.0,,0.0,normalDay
2022-01-24,20314.0,-1011.0,0.0,0,439.84,0.0,1,1.61,11.72,SPY220204P00444000,444.0,0,0.0,0.0,,0.0,normalDay
2022-01-25,20314.0,-1355.0,0.0,0,434.47,0.0,1,1.61,15.16,SPY220204P00444000,444.0,0,0.0,0.0,,0.0,normalDay
2022-01-26,20314.0,-1320.0,0.0,0,433.38,0.0,1,1.61,14.81,SPY220204P00444000,444.0,0,0.0,0.0,,0.0,normalDay
2022-01-27,20314.0,-1324.0,0.0,0,431.24,0.0,1,1.61,14.85,SPY220204P00444000,444.0,0,0.0,0.0,,0.0,normalDay
2022-01-28,20314.0,-574.0,0.0,0,441.95,0.0,1,1.61,7.35,SPY220204P00444000,444.0,0,0.0,0.0,,0.0,normalDay
2022-01-31,20314.0,-129.0,0.0,0,449.91,0.0,1,1.61,2.9,SPY220204P00444000,444.0,0,0.0,0.0,,0.0,normalDay
2022-02-01,20314.0,62.0,0.0,0,452.95,0.0,1,1.61,0.99,SPY220204P00444000,444.0,0,0.0,0.0,,0.0,normalDay
2022-02-02,20314.0,112.0,0.0,0,457.35,0.0,1,1.61,0.49,SPY220204P00444000,444.0,0,0.0,0.0,,0.0,normalDay
2022-02-03,20314.0,68.0,0.0,0,446.6,0.0,1,1.61,0.93,SPY220204P00444000,444.0,0,0.0,0.0,,0.0,normalDay
2022-02-04,20475.0,0.0,161.0,0,448.7,0.0,1,1.61,0.0,SPY220204P00444000,444.0,0,0.0,0.0,,0.0,expirationDay
2022-02-07,20475.0,-4.0,0.0,0,447.26,0.0,1,2.18,2.22,SPY220311P00406000,406.0,0,0.0,0.0,,0.0,normalDay
2022-02-08,20475.0,54.0,0.0,0,450.94,0.0,1,2.18,1.64,SPY220311P00406000,406.0,0,0.0,0.0,,0.0,normalDay
2022-02-09,20475.0,107.0,0.0,0,457.54,0.0,1,2.18,1.11,SPY220311P00406000,406.0,0,0.0,0.0,,0.0,normalDay
2022-02-10,20475.0,9.0,0.0,0,449.32,0.0,1,2.18,2.09,SPY220311P00406000,406.0,0,0.0,0.0,,0.0,normalDay
2022-02-11,20475.0,-142.0,0.0,0,440.46,0.0,1,2.18,3.6,SPY220311P00406000,406.0,0,0.0,0.0,,0.0,normalDay
2022-02-14,20475.0,-128.0,0.0,0,439.02,0.0,1,2.18,3.46,SPY220311P00406000,406.0,0,0.0,0.0,,0.0,normalDay
2022-02-15,20475.0,-2.0,0.0,0,446.1,0.0,1,2.18,2.2,SPY220311P00406000,406.0,0,0.0,0.0,,0.0,normalDay
2022-02-16,20475.0,54.0,0.0,0,446.6,0.0,1,2.18,1.64,SPY220311P00406000,406.0,0,0.0,0.0,,0.0,normalDay
2022-02-17,20475.0,-93.0,0.0,0,437.06,0.0,1,2.18,3.11,SPY220311P00406000,406.0,0,0.0,0.0,,0.0,normalDay
2022-02-18,20475.0,-91.0,0.0,0,434.23,0.0,1,2.18,3.09,SPY220311P00406000,406.0,0,0.0,0.0,,0.0,normalDay
2022-02-22,20475.0,-90.0,0.0,0,429.57,0.0,1,2.18,3.08,SPY220311P00406000,406.0,0,0.0,0.0,,0.0,normalDay
2022-02-23,20475.0,-250.0,0.0,0,421.95,0.0,1,2.18,4.68,SPY220311P00406000,406.0,0,0.0,0.0,,0.0,normalDay
2022-02-24,20475.0,-116.0,0.0,0,428.3,0.0,1,2.18,3.34,SPY220311P00406000,406.0,0,0.0,0.0,,0.0,normalDay
2022-02-25,20475.0,58.0,0.0,0,437.75,0.0,1,2.18,1.6,SPY220311P00406000,406.0,0,0.0,0.0,,0.0,normalDay
2022-02-28,20475.0,39.0,0.0,0,436.63,0.0,1,2.18,1.79,SPY220311P00406000,406.0,0,0.0,0.0,,0.0,normalDay
2022-03-01,20475.0,-65.0,0.0,0,429.98,0.0,1,2.18,2.83,SPY220311P00406000,406.0,0,0.0,0.0,,0.0,normalDay
2022-03-02,20475.0,86.0,0.0,0,437.89,0.0,1,2.18,1.32,SPY220311P00406000,406.0,0,0.0,0.0,,0.0,normalDay
2022-03-03,20475.0,99.0,0.0,0,435.71,0.0,1,2.18,1.19,SPY220311P00406000,406.0,0,0.0,0.0,,0.0,normalDay
2022-03-04,20475.0,96.0,0.0,0,432.17,0.0,1,2.18,1.22,SPY220311P00406000,406.0,0,0.0,0.0,,0.0,normalDay
2022-03-07,20475.0,-40.0,0.0,0,419.43,0.0,1,2.18,2.58,SPY220311P00406000,406.0,0,0.0,0.0,,0.0,normalDay
2022-03-08,20475.0,-11.0,0.0,0,416.25,0.0,1,2.18,2.29,SPY220311P00406000,406.0,0,0.0,0.0,,0.0,normalDay
2022-03-09,20475.0,187.0,0.0,0,427.41,0.0,1,2.18,0.31,SPY220311P00406000,406.0,0,0.0,0.0,,0.0,normalDay
2022-03-10,20475.0,213.0,0.0,0,425.48,0.0,1,2.18,0.05,SPY220311P00406000,406.0,0,0.0,0.0,,0.0,normalDay
2022-03-11,20693.0,0.0,218.0,0,420.07,0.0,1,2.18,0.0,SPY220311P00406000,406.0,0,0.0,0.0,,0.0,expirationDay
2022-03-14,20693.0,-5.0,0.0,0,417.0,0.0,1,7.58,7.63,SPY220414P00398000,398.0,0,0.0,0.0,,0.0,normalDay
2022-03-15,20693.0,222.0,0.0,0,426.17,0.0,1,7.58,5.36,SPY220414P00398000,398.0,0,0.0,0.0,,0.0,normalDay
2022-03-16,20693.0,446.0,0.0,0,435.62,0.0,1,7.58,3.12,SPY220414P00398000,398.0,0,0.0,0.0,,0.0,normalDay
2022-03-17,20693.0,526.0,0.0,0,441.07,0.0,1,7.58,2.32,SPY220414P00398000,398.0,0,0.0,0.0,,0.0,normalDay
2022-03-18,20693.0,590.0,0.0,0,444.52,0.0,1,7.58,1.68,SPY220414P00398000,398.0,0,0.0,0.0,,0.0,normalDay
2022-03-21,20693.0,625.0,0.0,0,444.39,0.0,1,7.58,1.33,SPY220414P00398000,398.0,0,0.0,0.0,,0.0,normalDay
2022-03-22,20693.0,654.0,0.0,0,449.59,0.0,1,7.58,1.04,SPY220414P00398000,398.0,0,0.0,0.0,,0.0,normalDay
2022-03-23,20693.0,638.0,0.0,0,443.8,0.0,1,7.58,1.2,SPY220414P00398000,398.0,0,0.0,0.0,,0.0,normalDay
2022-03-24,20693.0,687.0,0.0,0,450.49,0.0,1,7.58,0.71,SPY220414P00398000,398.0,0,0.0,0.0,,0.0,normalDay
2022-03-25,20693.0,700.0,0.0,0,452.69,0.0,1,7.58,0.58,SPY220414P00398000,398.0,0,0.0,0.0,,0.0,normalDay
2022-03-28,20693.0,724.0,0.0,0,455.91,0.0,1,7.58,0.34,SPY220414P00398000,398.0,0,0.0,0.0,,0.0,normalDay
2022-03-29,20693.0,734.0,0.0,0,461.55,0.0,1,7.58,0.24,SPY220414P00398000,398.0,0,0.0,0.0,,0.0,normalDay
2022-03-30,20693.0,735.0,0.0,0,458.7,0.0,1,7.58,0.23,SPY220414P00398000,398.0,0,0.0,0.0,,0.0,normalDay
2022-03-31,20693.0,727.0,0.0,0,451.64,0.0,1,7.58,0.31,SPY220414P00398000,398.0,0,0.0,0.0,,0.0,normalDay
2022-04-01,20693.0,736.0,0.0,0,452.92,0.0,1,7.58,0.22,SPY220414P00398000,398.0,0,0.0,0.0,,0.0,normalDay
2022-04-04,20693.0,747.0,0.0,0,456.8,0.0,1,7.58,0.11,SPY220414P00398000,398.0,0,0.0,0.0,,0.0,normalDay
2022-04-05,20693.0,743.0,0.0,0,451.03,0.0,1,7.58,0.15,SPY220414P00398000,398.0,0,0.0,0.0,,0.0,normalDay
2022-04-06,20693.0,740.0,0.0,0,446.52,0.0,1,7.58,0.18,SPY220414P00398000,398.0,0,0.0,0.0,,0.0,normalDay
2022-04-07,20693.0,746.0,0.0,0,448.77,0.0,1,7.58,0.12,SPY220414P00398000,398.0,0,0.0,0.0,,0.0,normalDay
2022-04-08,20693.0,752.0,0.0,0,447.57,0.0,1,7.58,0.06,SPY220414P00398000,398.0,0,0.0,0.0,,0.0,normalDay
2022-04-11,20693.0,749.0,0.0,0,439.92,0.0,1,7.58,0.09,SPY220414P00398000,398.0,0,0.0,0.0,,0.0,normalDay
2022-04-12,20693.0,753.0,0.0,0,438.29,0.0,1,7.58,0.05,SPY220414P00398000,398.0,0,0.0,0.0,,0.0,normalDay
2022-04-13,20693.0,756.0,0.0,0,443.31,0.0,1,7.58,0.02,SPY220414P00398000,398.0,0,0.0,0.0,,0.0,normalDay
2022-04-14,21451.0,0.0,758.0,0,437.79,0.0,1,7.58,0.0,SPY220414P00398000,398.0,0,0.0,0.0,,0.0,expirationDay
2022-04-18,21451.0,-4.0,0.0,0,437.97,0.0,1,5.2,5.24,SPY220520P00423000,423.0,0,0.0,0.0,,0.0,normalDay
2022-04-19,21451.0,108.0,0.0,0,445.04,0.0,1,5.2,4.12,SPY220520P00423000,423.0,0,0.0,0.0,,0.0,normalDay
2022-04-20,21451.0,185.0,0.0,0,444.71,0.0,1,5.2,3.35,SPY220520P00423000,423.0,0,0.0,0.0,,0.0,normalDay
2022-04-21,21451.0,-21.0,0.0,0,438.06,0.0,1,5.2,5.41,SPY220520P00423000,423.0,0,0.0,0.0,,0.0,normalDay
2022-04-22,21451.0,-553.0,0.0,0,426.04,0.0,1,5.2,10.73,SPY220520P00423000,423.0,0,0.0,0.0,,0.0,normalDay
2022-04-25,21451.0,-348.0,0.0,0,428.51,0.0,1,5.2,8.68,SPY220520P00423000,423.0,0,0.0,0.0,,0.0,normalDay
2022-04-26,21451.0,-1094.0,0.0,0,416.1,0.0,1,5.2,16.14,SPY220520P00423000,423.0,0,0.0,0.0,,0.0,normalDay
2022-04-27,21451.0,-822.0,0.0,0,417.27,0.0,1,5.2,13.42,SPY220520P00423000,423.0,0,0.0,0.0,,0.0,normalDay
2022-04-28,21451.0,-434.0,0.0,0,427.81,0.0,1,5.2,9.54,SPY220520P00423000,423.0,0,0.0,0.0,,0.0,normalDay
2022-04-29,21451.0,-1139.0,0.0,0,412.0,0.0,1,5.2,16.59,SPY220520P00423000,423.0,0,0.0,0.0,,0.0,normalDay
2022-05-02,21451.0,-952.0,0.0,0,414.48,0.0,1,5.2,14.72,SPY220520P00423000,423.0,0,0.0,0.0,,0.0,normalDay
2022-05-03,21451.0,-721.0,0.0,0,416.38,0.0,1,5.2,12.41,SPY220520P00423000,423.0,0,0.0,0.0,,0.0,normalDay
2022-05-04,21451.0,-96.0,0.0,0,429.06,0.0,1,5.2,6.16,SPY220520P00423000,423.0,0,0.0,0.0,,0.0,normalDay
2022-05-05,21451.0,-942.0,0.0,0,413.81,0.0,1,5.2,14.62,SPY220520P00423000,423.0,0,0.0,0.0,,0.0,normalDay
2022-05-06,21451.0,-1107.0,0.0,0,411.34,0.0,1,5.2,16.27,SPY220520P00423000,423.0,0,0.0,0.0,,0.0,normalDay
2022-05-09,21451.0,-2004.0,0.0,0,398.17,0.0,1,5.2,25.24,SPY220520P00423000,423.0,0,0.0,0.0,,0.0,normalDay
2022-05-10,21451.0,-1958.0,0.0,0,399.09,0.0,1,5.2,24.78,SPY220520P00423000,423.0,0,0.0,0.0,,0.0,normalDay
2022-05-11,21451.0,-2500.0,0.0,0,392.75,0.0,1,5.2,30.2,SPY220520P00423000,423.0,0,0.0,0.0,,0.0,normalDay
2022-05-12,21451.0,-2586.0,0.0,0,392.34,0.0,1,5.2,31.06,SPY220520P00423000,423.0,0,0.0,0.0,,0.0,normalDay
2022-05-13,21451.0,-1727.0,0.0,0,401.72,0.0,1,5.2,22.47,SPY220520P00423000,423.0,0,0.0,0.0,,0.0,normalDay
2022-05-16,21451.0,-1831.0,0.0,0,400.09,0.0,1,5.2,23.51,SPY220520P00423000,423.0,0,0.0,0.0,,0.0,normalDay
2022-05-17,21451.0,-986.0,0.0,0,408.32,0.0,1,5.2,15.06,SPY220520P00423000,423.0,0,0.0,0.0,,0.0,normalDay
2022-05-18,21451.0,-2714.0,0.0,0,391.86,0.0,1,5.2,32.34,SPY220520P00423000,423.0,0,0.0,0.0,,0.0,normalDay
2022-05-19,21451.0,-2894.0,0.0,0,389.46,0.0,1,5.2,34.14,SPY220520P00423000,423.0,0,0.0,0.0,,0.0,normalDay
2022-05-20,21971.0,-3337.0,520.0,100,389.63,423.0,1,5.2,0.0,SPY220520P00423000,423.0,0,0.0,0.0,,0.0,expirationDay
2022-05-23,21971.0,-2611.0,0.0,100,396.92,423.0,0,0.0,0.0,,0.0,1,0.36,0.39,SPY220715C00457000,457.0,normalDay
2022-05-24,21971.0,-2910.0,0.0,100,393.89,423.0,0,0.0,0.0,,0.0,1,0.36,0.35,SPY220715C00457000,457.0,normalDay
2022-05-25,21971.0,-2565.0,0.0,100,397.37,423.0,0,0.0,0.0,,0.0,1,0.36,0.38,SPY220715C00457000,457.0,normalDay
2022-05-26,21971.0,-1790.0,0.0,100,405.31,423.0,0,0.0,0.0,,0.0,1,0.36,0.57,SPY220715C00457000,457.0,normalDay
2022-05-27,21971.0,-835.0,0.0,100,415.26,423.0,0,0.0,0.0,,0.0,1,0.36,0.97,SPY220715C00457000,457.0,normalDay
2022-05-31,21971.0,-1028.0,0.0,100,412.93,423.0,0,0.0,0.0,,0.0,1,0.36,0.57,SPY220715C00457000,457.0,normalDay
2022-06-01,21971.0,-1341.0,0.0,100,409.59,423.0,0,0.0,0.0,,0.0,1,0.36,0.36,SPY220715C00457000,457.0,normalDay
2022-06-02,21971.0,-586.0,0.0,100,417.39,423.0,0,0.0,0.0,,0.0,1,0.36,0.61,SPY220715C00457000,457.0,normalDay
2022-06-03,21971.0,-1242.0,0.0,100,410.54,423.0,0,0.0,0.0,,0.0,1,0.36,0.32,SPY220715C00457000,457.0,normalDay
2022-06-06,21971.0,-1116.0,0.0,100,411.79,423.0,0,0.0,0.0,,0.0,1,0.36,0.31,SPY220715C00457000,457.0,normalDay
2022-06-07,21971.0,-723.0,0.0,100,415.74,423.0,0,0.0,0.0,,0.0,1,0.36,0.33,SPY220715C00457000,457.0,normalDay
2022-06-08,21971.0,-1164.0,0.0,100,411.22,423.0,0,0.0,0.0,,0.0,1,0.36,0.22,SPY220715C00457000,457.0,normalDay
2022-06-09,21971.0,-2134.0,0.0,100,401.44,423.0,0,0.0,0.0,,0.0,1,0.36,0.14,SPY220715C00457000,457.0,normalDay
2022-06-10,21971.0,-3292.0,0.0,100,389.8,423.0,0,0.0,0.0,,0.0,1,0.36,0.08,SPY220715C00457000,457.0,normalDay
2022-06-13,21971.0,-4770.0,0.0,100,375.0,423.0,0,0.0,0.0,,0.0,1,0.36,0.06,SPY220715C00457000,457.0,normalDay
2022-06-14,21971.0,-4883.0,0.0,100,373.87,423.0,0,0.0,0.0,,0.0,1,0.36,0.06,SPY220715C00457000,457.0,normalDay
2022-06-15,21971.0,-4349.0,0.0,100,379.2,423.0,0,0.0,0.0,,0.0,1,0.36,0.05,SPY220715C00457000,457.0,normalDay
2022-06-16,21971.0,-5603.0,0.0,100,366.65,423.0,0,0.0,0.0,,0.0,1,0.36,0.04,SPY220715C00457000,457.0,normalDay
2022-06-17,21971.0,-5683.0,0.0,100,365.86,423.0,0,0.0,0.0,,0.0,1,0.36,0.05,SPY220715C00457000,457.0,normalDay
2022-06-21,21971.0,-4761.0,0.0,100,375.07,423.0,0,0.0,0.0,,0.0,1,0.36,0.04,SPY220715C00457000,457.0,normalDay
2022-06-22,21971.0,-4829.0,0.0,100,374.39,423.0,0,0.0,0.0,,0.0,1,0.36,0.04,SPY220715C00457000,457.0,normalDay
2022-06-23,21971.0,-4461.0,0.0,100,378.06,423.0,0,0.0,0.0,,0.0,1,0.36,0.03,SPY220715C00457000,457.0,normalDay
2022-06-24,21971.0,-3260.0,0.0,100,390.08,423.0,0,0.0,0.0,,0.0,1,0.36,0.04,SPY220715C00457000,457.0,normalDay
2022-06-27,21971.0,-3408.0,0.0,100,388.59,423.0,0,0.0,0.0,,0.0,1,0.36,0.03,SPY220715C00457000,457.0,normalDay
2022-06-28,21971.0,-4201.0,0.0,100,380.65,423.0,0,0.0,0.0,,0.0,1,0.36,0.02,SPY220715C00457000,457.0,normalDay
2022-06-29,21971.0,-4232.0,0.0,100,380.34,423.0,0,0.0,0.0,,0.0,1,0.36,0.02,SPY220715C00457000,457.0,normalDay
2022-06-30,21971.0,-4540.0,0.0,100,377.25,423.0,0,0.0,0.0,,0.0,1,0.36,0.01,SPY220715C00457000,457.0,normalDay
2022-07-01,21971.0,-4141.0,0.0,100,381.24,423.0,0,0.0,0.0,,0.0,1,0.36,0.01,SPY220715C00457000,457.0,normalDay
2022-07-05,21971.0,-4069.0,0.0,100,381.96,423.0,0,0.0,0.0,,0.0,1,0.36,0.01,SPY220715C00457000,457.0,normalDay
2022-07-06,21971.0,-3940.0,0.0,100,383.25,423.0,0,0.0,0.0,,0.0,1,0.36,0.01,SPY220715C00457000,457.0,normalDay
2022-07-07,21971.0,-3366.0,0.0,100,388.99,423.0,0,0.0,0.0,,0.0,1,0.36,0.01,SPY220715C00457000,457.0,normalDay
2022-07-08,21971.0,-3398.0,0.0,100,388.67,423.0,0,0.0,0.0,,0.0,1,0.36,0.01,SPY220715C00457000,457.0,normalDay
2022-07-11,21971.0,-3842.0,0.0,100,384.23,423.0,0,0.0,0.0,,0.0,1,0.36,0.01,SPY220715C00457000,457.0,normalDay
2022-07-12,21971.0,-4182.0,0.0,100,380.83,423.0,0,0.0,0.0,,0.0,1,0.36,0.01,SPY220715C00457000,457.0,normalDay
2022-07-13,21971.0,-4382.0,0.0,100,378.83,423.0,0,0.0,0.0,,0.0,1,0.36,0.01,SPY220715C00457000,457.0,normalDay
2022-07-14,21971.0,-4474.0,0.0,100,377.91,423.0,0,0.0,0.0,,0.0,1,0.36,0.01,SPY220715C00457000,457.0,normalDay
2022-07-15,22007.0,-3787.0,36.0,100,385.13,423.0,0,0.0,0.0,,0.0,1,0.36,0.0,SPY220715C00457000,457.0,expirationDay
2022-07-18,22007.0,-4111.0,0.0,100,381.95,423.0,0,0.0,0.0,,0.0,1,2.73,2.79,SPY220826C00405000,405.0,normalDay
2022-07-19,22007.0,-3400.0,0.0,100,392.27,423.0,0,0.0,0.0,,0.0,1,2.73,6.0,SPY220826C00405000,405.0,normalDay
2022-07-20,22007.0,-3228.0,0.0,100,394.77,423.0,0,0.0,0.0,,0.0,1,2.73,6.78,SPY220826C00405000,405.0,normalDay
2022-07-21,22007.0,-2920.0,0.0,100,398.79,423.0,0,0.0,0.0,,0.0,1,2.73,7.72,SPY220826C00405000,405.0,normalDay
2022-07-22,22007.0,-3102.0,0.0,100,395.09,423.0,0,0.0,0.0,,0.0,1,2.73,5.84,SPY220826C00405000,405.0,normalDay
2022-07-25,22007.0,-3061.0,0.0,100,395.57,423.0,0,0.0,0.0,,0.0,1,2.73,5.91,SPY220826C00405000,405.0,normalDay
2022-07-26,22007.0,-3391.0,0.0,100,390.89,423.0,0,0.0,0.0,,0.0,1,2.73,4.53,SPY220826C00405000,405.0,normalDay
2022-07-27,22007.0,-2665.0,0.0,100,401.04,423.0,0,0.0,0.0,,0.0,1,2.73,7.42,SPY220826C00405000,405.0,normalDay
2022-07-28,22007.0,-2490.0,0.0,100,406.07,423.0,0,0.0,0.0,,0.0,1,2.73,10.7,SPY220826C00405000,405.0,normalDay
2022-07-29,22007.0,-2170.0,0.0,100,411.99,423.0,0,0.0,0.0,,0.0,1,2.73,13.42,SPY220826C00405000,405.0,normalDay
2022-08-01,22007.0,-2227.0,0.0,100,410.77,423.0,0,0.0,0.0,,0.0,1,2.73,12.77,SPY220826C00405000,405.0,normalDay
2022-08-02,22007.0,-2331.0,0.0,100,408.06,423.0,0,0.0,0.0,,0.0,1,2.73,11.1,SPY220826C00405000,405.0,normalDay
2022-08-03,22007.0,-2026.0,0.0,100,414.45,423.0,0,0.0,0.0,,0.0,1,2.73,14.44,SPY220826C00405000,405.0,normalDay
2022-08-04,22007.0,-2035.0,0.0,100,414.17,423.0,0,0.0,0.0,,0.0,1,2.73,14.25,SPY220826C00405000,405.0,normalDay
2022-08-05,22007.0,-1980.0,0.0,100,413.47,423.0,0,0.0,0.0,,0.0,1,2.73,13.0,SPY220826C00405000,405.0,normalDay
2022-08-08,22007.0,-1993.0,0.0,100,412.99,423.0,0,0.0,0.0,,0.0,1,2.73,12.65,SPY220826C00405000,405.0,normalDay
2022-08-09,22007.0,-2050.0,0.0,100,411.35,423.0,0,0.0,0.0,,0.0,1,2.73,11.58,SPY220826C00405000,405.0,normalDay
2022-08-10,22007.0,-1735.0,0.0,100,419.99,423.0,0,0.0,0.0,,0.0,1,2.73,17.07,SPY220826C00405000,405.0,normalDay
2022-08-11,22007.0,-1793.0,0.0,100,419.99,423.0,0,0.0,0.0,,0.0,1,2.73,17.65,SPY220826C00405000,405.0,normalDay
2022-08-12,22007.0,-1624.0,0.0,100,427.1,423.0,0,0.0,0.0,,0.0,1,2.73,23.07,SPY220826C00405000,405.0,normalDay
2022-08-15,22007.0,-1594.0,0.0,100,428.86,423.0,0,0.0,0.0,,0.0,1,2.73,24.53,SPY220826C00405000,405.0,normalDay
2022-08-16,22007.0,-1573.0,0.0,100,429.7,423.0,0,0.0,0.0,,0.0,1,2.73,25.16,SPY220826C00405000,405.0,normalDay
2022-08-17,22007.0,-1618.0,0.0,100,426.65,423.0,0,0.0,0.0,,0.0,1,2.73,22.56,SPY220826C00405000,405.0,normalDay
2022-08-18,22007.0,-1561.0,0.0,100,427.89,423.0,0,0.0,0.0,,0.0,1,2.73,23.23,SPY220826C00405000,405.0,normalDay
2022-08-19,22007.0,-1590.0,0.0,100,422.14,423.0,0,0.0,0.0,,0.0,1,2.73,17.77,SPY220826C00405000,405.0,normalDay
2022-08-22,22007.0,-1702.0,0.0,100,413.35,423.0,0,0.0,0.0,,0.0,1,2.73,10.1,SPY220826C00405000,405.0,normalDay
2022-08-23,22007.0,-1645.0,0.0,100,412.35,423.0,0,0.0,0.0,,0.0,1,2.73,8.53,SPY220826C00405000,405.0,normalDay
2022-08-24,22007.0,-1604.0,0.0,100,413.67,423.0,0,0.0,0.0,,0.0,1,2.73,9.44,SPY220826C00405000,405.0,normalDay
2022-08-25,22007.0,-1501.0,0.0,100,419.51,423.0,0,0.0,0.0,,0.0,1,2.73,14.25,SPY220826C00405000,405.0,normalDay
2022-08-26,20480.0,-1501.0,-1527.0,0,405.31,0.0,0,0.0,0.0,,0.0,1,2.73,0.0,SPY220826C00405000,405.0,expirationDay
2022-08-29,20480.0,-4.0,0.0,0,402.63,0.0,1,6.38,6.42,SPY220930P00388000,388.0,0,0.0,0.0,,0.0,normalDay
2022-08-30,20480.0,-118.0,0.0,0,398.21,0.0,1,6.38,7.56,SPY220930P00388000,388.0,0,0.0,0.0,,0.0,normalDay
2022-08-31,20480.0,-180.0,0.0,0,395.18,0.0,1,6.38,8.18,SPY220930P00388000,388.0,0,0.0,0.0,,0.0,normalDay
2022-09-01,20480.0,-103.0,0.0,0,396.42,0.0,1,6.38,7.41,SPY220930P00388000,388.0,0,0.0,0.0,,0.0,normalDay
2022-09-02,20480.0,-224.0,0.0,0,392.24,0.0,1,6.38,8.62,SPY220930P00388000,388.0,0,0.0,0.0,,0.0,normalDay
2022-09-06,20480.0,-300.0,0.0,0,390.76,0.0,1,6.38,9.38,SPY220930P00388000,388.0,0,0.0,0.0,,0.0,normalDay
2022-09-07,20480.0,37.0,0.0,0,397.78,0.0,1,6.38,6.01,SPY220930P00388000,388.0,0,0.0,0.0,,0.0,normalDay
2022-09-08,20480.0,184.0,0.0,0,400.38,0.0,1,6.38,4.54,SPY220930P00388000,388.0,0,0.0,0.0,,0.0,normalDay
2022-09-09,20480.0,341.0,0.0,0,406.6,0.0,1,6.38,2.97,SPY220930P00388000,388.0,0,0.0,0.0,,0.0,normalDay
2022-09-12,20480.0,429.0,0.0,0,410.97,0.0,1,6.38,2.09,SPY220930P00388000,388.0,0,0.0,0.0,,0.0,normalDay
2022-09-13,20480.0,-26.0,0.0,0,393.1,0.0,1,6.38,6.64,SPY220930P00388000,388.0,0,0.0,0.0,,0.0,normalDay
2022-09-14,20480.0,42.0,0.0,0,394.6,0.0,1,6.38,5.96,SPY220930P00388000,388.0,0,0.0,0.0,,0.0,normalDay
2022-09-15,20480.0,-70.0,0.0,0,390.12,0.0,1,6.38,7.08,SPY220930P00388000,388.0,0,0.0,0.0,,0.0,normalDay
2022-09-16,20480.0,-200.0,0.0,0,385.56,0.0,1,6.38,8.38,SPY220930P00388000,388.0,0,0.0,0.0,,0.0,normalDay
2022-09-19,20480.0,-31.0,0.0,0,388.55,0.0,1,6.38,6.69,SPY220930P00388000,388.0,0,0.0,0.0,,0.0,normalDay
2022-09-20,20480.0,-246.0,0.0,0,384.09,0.0,1,6.38,8.84,SPY220930P00388000,388.0,0,0.0,0.0,,0.0,normalDay
2022-09-21,20480.0,-663.0,0.0,0,377.39,0.0,1,6.38,13.01,SPY220930P00388000,388.0,0,0.0,0.0,,0.0,normalDay
2022-09-22,20480.0,-828.0,0.0,0,374.22,0.0,1,6.38,14.66,SPY220930P00388000,388.0,0,0.0,0.0,,0.0,normalDay
2022-09-23,20480.0,-1455.0,0.0,0,367.95,0.0,1,6.38,20.93,SPY220930P00388000,388.0,0,0.0,0.0,,0.0,normalDay
2022-09-26,20480.0,-1811.0,0.0,0,364.31,0.0,1,6.38,24.49,SPY220930P00388000,388.0,0,0.0,0.0,,0.0,normalDay
2022-09-27,20480.0,-1840.0,0.0,0,363.38,0.0,1,6.38,24.78,SPY220930P00388000,388.0,0,0.0,0.0,,0.0,normalDay
2022-09-28,20480.0,-1127.0,0.0,0,370.53,0.0,1,6.38,17.65,SPY220930P00388000,388.0,0,0.0,0.0,,0.0,normalDay
2022-09-29,20480.0,-1882.0,0.0,0,362.79,0.0,1,6.38,25.2,SPY220930P00388000,388.0,0,0.0,0.0,,0.0,normalDay
2022-09-30,21118.0,-3082.0,638.0,100,357.18,388.0,1,6.38,0.0,SPY220930P00388000,388.0,0,0.0,0.0,,0.0,expirationDay
2022-10-03,21118.0,-2142.0,0.0,100,366.61,388.0,0,0.0,0.0,,0.0,1,0.09,0.12,SPY221118C00448000,448.0,normalDay
2022-10-04,21118.0,-1020.0,0.0,100,377.97,388.0,0,0.0,0.0,,0.0,1,0.09,0.26,SPY221118C00448000,448.0,normalDay
2022-10-05,21118.0,-1100.0,0.0,100,377.09,388.0,0,0.0,0.0,,0.0,1,0.09,0.18,SPY221118C00448000,448.0,normalDay
2022-10-06,21118.0,-1485.0,0.0,100,373.2,388.0,0,0.0,0.0,,0.0,1,0.09,0.14,SPY221118C00448000,448.0,normalDay
2022-10-07,21118.0,-2520.0,0.0,100,362.79,388.0,0,0.0,0.0,,0.0,1,0.09,0.08,SPY221118C00448000,448.0,normalDay
2022-10-10,21118.0,-2796.0,0.0,100,360.02,388.0,0,0.0,0.0,,0.0,1,0.09,0.07,SPY221118C00448000,448.0,normalDay
2022-10-11,21118.0,-3024.0,0.0,100,357.74,388.0,0,0.0,0.0,,0.0,1,0.09,0.07,SPY221118C00448000,448.0,normalDay
2022-10-12,21118.0,-3142.0,0.0,100,356.56,388.0,0,0.0,0.0,,0.0,1,0.09,0.07,SPY221118C00448000,448.0,normalDay
2022-10-13,21118.0,-2206.0,0.0,100,365.97,388.0,0,0.0,0.0,,0.0,1,0.09,0.12,SPY221118C00448000,448.0,normalDay
2022-10-14,21118.0,-3035.0,0.0,100,357.63,388.0,0,0.0,0.0,,0.0,1,0.09,0.07,SPY221118C00448000,448.0,normalDay
2022-10-17,21118.0,-2118.0,0.0,100,366.82,388.0,0,0.0,0.0,,0.0,1,0.09,0.09,SPY221118C00448000,448.0,normalDay
2022-10-18,21118.0,-1690.0,0.0,100,371.13,388.0,0,0.0,0.0,,0.0,1,0.09,0.12,SPY221118C00448000,448.0,normalDay
2022-10-19,21118.0,-1950.0,0.0,100,368.5,388.0,0,0.0,0.0,,0.0,1,0.09,0.09,SPY221118C00448000,448.0,normalDay
2022-10-20,21118.0,-2255.0,0.0,100,365.41,388.0,0,0.0,0.0,,0.0,1,0.09,0.05,SPY221118C00448000,448.0,normalDay
2022-10-21,21118.0,-1373.0,0.0,100,374.29,388.0,0,0.0,0.0,,0.0,1,0.09,0.11,SPY221118C00448000,448.0,normalDay
2022-10-24,21118.0,-916.0,0.0,100,378.87,388.0,0,0.0,0.0,,0.0,1,0.09,0.12,SPY221118C00448000,448.0,normalDay
2022-10-25,21118.0,-309.0,0.0,100,384.92,388.0,0,0.0,0.0,,0.0,1,0.09,0.1,SPY221118C00448000,448.0,normalDay
2022-10-26,21118.0,-595.0,0.0,100,382.02,388.0,0,0.0,0.0,,0.0,1,0.09,0.06,SPY221118C00448000,448.0,normalDay
2022-10-27,21118.0,-797.0,0.0,100,379.98,388.0,0,0.0,0.0,,0.0,1,0.09,0.04,SPY221118C00448000,448.0,normalDay
2022-10-28,21118.0,103.0,0.0,100,389.02,388.0,0,0.0,0.0,,0.0,1,0.09,0.08,SPY221118C00448000,448.0,normalDay
2022-10-31,21118.0,-175.0,0.0,100,386.21,388.0,0,0.0,0.0,,0.0,1,0.09,0.05,SPY221118C00448000,448.0,normalDay
2022-11-01,21118.0,-343.0,0.0,100,384.52,388.0,0,0.0,0.0,,0.0,1,0.09,0.04,SPY221118C00448000,448.0,normalDay
2022-11-02,21118.0,-1306.0,0.0,100,374.87,388.0,0,0.0,0.0,,0.0,1,0.09,0.02,SPY221118C00448000,448.0,normalDay
2022-11-03,21118.0,-1692.0,0.0,100,371.01,388.0,0,0.0,0.0,,0.0,1,0.09,0.02,SPY221118C00448000,448.0,normalDay
2022-11-04,21118.0,-1158.0,0.0,100,376.35,388.0,0,0.0,0.0,,0.0,1,0.09,0.02,SPY221118C00448000,448.0,normalDay
2022-11-07,21118.0,-798.0,0.0,100,379.95,388.0,0,0.0,0.0,,0.0,1,0.09,0.02,SPY221118C00448000,448.0,normalDay
2022-11-08,21118.0,-592.0,0.0,100,382.0,388.0,0,0.0,0.0,,0.0,1,0.09,0.01,SPY221118C00448000,448.0,normalDay
2022-11-09,21118.0,-1379.0,0.0,100,374.13,388.0,0,0.0,0.0,,0.0,1,0.09,0.01,SPY221118C00448000,448.0,normalDay
2022-11-10,21118.0,676.0,0.0,100,394.69,388.0,0,0.0,0.0,,0.0,1,0.09,0.02,SPY221118C00448000,448.0,normalDay
2022-11-11,21118.0,1058.0,0.0,100,398.51,388.0,0,0.0,0.0,,0.0,1,0.09,0.02,SPY221118C00448000,448.0,normalDay
2022-11-14,21118.0,720.0,0.0,100,395.12,388.0,0,0.0,0.0,,0.0,1,0.09,0.01,SPY221118C00448000,448.0,normalDay
2022-11-15,21118.0,1057.0,0.0,100,398.49,388.0,0,0.0,0.0,,0.0,1,0.09,0.01,SPY221118C00448000,448.0,normalDay
2022-11-16,21118.0,753.0,0.0,100,395.45,388.0,0,0.0,0.0,,0.0,1,0.09,0.01,SPY221118C00448000,448.0,normalDay
2022-11-17,21118.0,632.0,0.0,100,394.24,388.0,0,0.0,0.0,,0.0,1,0.09,0.01,SPY221118C00448000,448.0,normalDay
2022-11-18,21127.0,803.0,9.0,100,396.03,388.0,0,0.0,0.0,,0.0,1,0.09,0.0,SPY221118C00448000,448.0,expirationDay
2022-11-21,21127.0,656.0,0.0,100,394.59,388.0,0,0.0,0.0,,0.0,1,1.38,1.41,SPY221230C00422000,422.0,normalDay
2022-11-22,21127.0,1139.0,0.0,100,399.9,388.0,0,0.0,0.0,,0.0,1,1.38,1.89,SPY221230C00422000,422.0,normalDay
2022-11-23,21127.0,1379.0,0.0,100,402.42,388.0,0,0.0,0.0,,0.0,1,1.38,2.01,SPY221230C00422000,422.0,normalDay
2022-11-25,21127.0,1388.0,0.0,100,402.33,388.0,0,0.0,0.0,,0.0,1,1.38,1.83,SPY221230C00422000,422.0,normalDay
2022-11-28,21127.0,833.0,0.0,100,395.91,388.0,0,0.0,0.0,,0.0,1,1.38,0.96,SPY221230C00422000,422.0,normalDay
2022-11-29,21127.0,781.0,0.0,100,395.23,388.0,0,0.0,0.0,,0.0,1,1.38,0.8,SPY221230C00422000,422.0,normalDay
2022-11-30,21127.0,1814.0,0.0,100,407.68,388.0,0,0.0,0.0,,0.0,1,1.38,2.92,SPY221230C00422000,422.0,normalDay
2022-12-01,21127.0,1831.0,0.0,100,407.38,388.0,0,0.0,0.0,,0.0,1,1.38,2.45,SPY221230C00422000,422.0,normalDay
2022-12-02,21127.0,1848.0,0.0,100,406.91,388.0,0,0.0,0.0,,0.0,1,1.38,1.81,SPY221230C00422000,422.0,normalDay
2022-12-05,21127.0,1221.0,0.0,100,399.59,388.0,0,0.0,0.0,,0.0,1,1.38,0.76,SPY221230C00422000,422.0,normalDay
2022-12-06,21127.0,674.0,0.0,100,393.83,388.0,0,0.0,0.0,,0.0,1,1.38,0.47,SPY221230C00422000,422.0,normalDay
2022-12-07,21127.0,615.0,0.0,100,393.16,388.0,0,0.0,0.0,,0.0,1,1.38,0.39,SPY221230C00422000,422.0,normalDay
2022-12-08,21127.0,911.0,0.0,100,396.24,388.0,0,0.0,0.0,,0.0,1,1.38,0.51,SPY221230C00422000,422.0,normalDay
2022-12-09,21127.0,634.0,0.0,100,393.28,388.0,0,0.0,0.0,,0.0,1,1.38,0.32,SPY221230C00422000,422.0,normalDay
2022-12-12,21127.0,1139.0,0.0,100,398.95,388.0,0,0.0,0.0,,0.0,1,1.38,0.94,SPY221230C00422000,422.0,normalDay
2022-12-13,21127.0,1456.0,0.0,100,401.97,388.0,0,0.0,0.0,,0.0,1,1.38,0.79,SPY221230C00422000,422.0,normalDay
2022-12-14,21127.0,1250.0,0.0,100,399.4,388.0,0,0.0,0.0,,0.0,1,1.38,0.28,SPY221230C00422000,422.0,normalDay
2022-12-15,21127.0,292.0,0.0,100,389.63,388.0,0,0.0,0.0,,0.0,1,1.38,0.09,SPY221230C00422000,422.0,normalDay
2022-12-16,21127.0,-340.0,0.0,100,383.27,388.0,0,0.0,0.0,,0.0,1,1.38,0.05,SPY221230C00422000,422.0,normalDay
2022-12-19,21127.0,-663.0,0.0,100,380.02,388.0,0,0.0,0.0,,0.0,1,1.38,0.03,SPY221230C00422000,422.0,normalDay
2022-12-20,21127.0,-610.0,0.0,100,380.54,388.0,0,0.0,0.0,,0.0,1,1.38,0.02,SPY221230C00422000,422.0,normalDay
2022-12-21,21127.0,-41.0,0.0,100,386.23,388.0,0,0.0,0.0,,0.0,1,1.38,0.02,SPY221230C00422000,422.0,normalDay
2022-12-22,21127.0,-592.0,0.0,100,380.72,388.0,0,0.0,0.0,,0.0,1,1.38,0.02,SPY221230C00422000,422.0,normalDay
2022-12-23,21127.0,-372.0,0.0,100,382.91,388.0,0,0.0,0.0,,0.0,1,1.38,0.01,SPY221230C00422000,422.0,normalDay
2022-12-27,21127.0,-523.0,0.0,100,381.4,388.0,0,0.0,0.0,,0.0,1,1.38,0.01,SPY221230C00422000,422.0,normalDay
2022-12-28,21127.0,-997.0,0.0,100,376.66,388.0,0,0.0,0.0,,0.0,1,1.38,0.01,SPY221230C00422000,422.0,normalDay
2022-12-29,21127.0,-319.0,0.0,100,383.44,388.0,0,0.0,0.0,,0.0,1,1.38,0.01,SPY221230C00422000,422.0,normalDay
2022-12-30,21265.0,-557.0,138.0,100,382.43,388.0,0,0.0,0.0,,0.0,1,1.38,0.0,SPY221230C00422000,422.0,expirationDay
2023-01-03,21265.0,-721.0,0.0,100,380.82,388.0,0,0.0,0.0,,0.0,1,0.78,0.81,SPY230217C00421000,421.0,normalDay
2023-01-04,21265.0,-438.0,0.0,100,383.76,388.0,0,0.0,0.0,,0.0,1,0.78,0.92,SPY230217C00421000,421.0,normalDay
2023-01-05,21265.0,-844.0,0.0,100,379.38,388.0,0,0.0,0.0,,0.0,1,0.78,0.6,SPY230217C00421000,421.0,normalDay
2023-01-06,21265.0,-25.0,0.0,100,388.08,388.0,0,0.0,0.0,,0.0,1,0.78,1.11,SPY230217C00421000,421.0,normalDay
2023-01-09,21265.0,-42.0,0.0,100,387.86,388.0,0,0.0,0.0,,0.0,1,0.78,1.06,SPY230217C00421000,421.0,normalDay
2023-01-10,21265.0,226.0,0.0,100,390.58,388.0,0,0.0,0.0,,0.0,1,0.78,1.1,SPY230217C00421000,421.0,normalDay
2023-01-11,21265.0,644.0,0.0,100,395.52,388.0,0,0.0,0.0,,0.0,1,0.78,1.86,SPY230217C00421000,421.0,normalDay
2023-01-12,21265.0,826.0,0.0,100,396.96,388.0,0,0.0,0.0,,0.0,1,0.78,1.48,SPY230217C00421000,421.0,normalDay
2023-01-13,21265.0,995.0,0.0,100,398.5,388.0,0,0.0,0.0,,0.0,1,0.78,1.33,SPY230217C00421000,421.0,normalDay
2023-01-17,21265.0,946.0,0.0,100,397.77,388.0,0,0.0,0.0,,0.0,1,0.78,1.09,SPY230217C00421000,421.0,normalDay
2023-01-18,21265.0,375.0,0.0,100,391.49,388.0,0,0.0,0.0,,0.0,1,0.78,0.52,SPY230217C00421000,421.0,normalDay
2023-01-19,21265.0,110.0,0.0,100,388.64,388.0,0,0.0,0.0,,0.0,1,0.78,0.32,SPY230217C00421000,421.0,normalDay
2023-01-20,21265.0,797.0,0.0,100,395.88,388.0,0,0.0,0.0,,0.0,1,0.78,0.69,SPY230217C00421000,421.0,normalDay
2023-01-23,21265.0,1225.0,0.0,100,400.63,388.0,0,0.0,0.0,,0.0,1,0.78,1.16,SPY230217C00421000,421.0,normalDay
2023-01-24,21265.0,1184.0,0.0,100,400.2,388.0,0,0.0,0.0,,0.0,1,0.78,1.14,SPY230217C00421000,421.0,normalDay
2023-01-25,21265.0,1221.0,0.0,100,400.35,388.0,0,0.0,0.0,,0.0,1,0.78,0.92,SPY230217C00421000,421.0,normalDay
2023-01-26,21265.0,1609.0,0.0,100,404.75,388.0,0,0.0,0.0,,0.0,1,0.78,1.44,SPY230217C00421000,421.0,normalDay
2023-01-27,21265.0,1694.0,0.0,100,405.68,388.0,0,0.0,0.0,,0.0,1,0.78,1.52,SPY230217C00421000,421.0,normalDay
2023-01-30,21265.0,1248.0,0.0,100,400.59,388.0,0,0.0,0.0,,0.0,1,0.78,0.89,SPY230217C00421000,421.0,normalDay
2023-01-31,21265.0,1778.0,0.0,100,406.48,388.0,0,0.0,0.0,,0.0,1,0.78,1.48,SPY230217C00421000,421.0,normalDay
2023-02-01,21265.0,2121.0,0.0,100,410.8,388.0,0,0.0,0.0,,0.0,1,0.78,2.37,SPY230217C00421000,421.0,normalDay
2023-02-02,21265.0,2581.0,0.0,100,416.78,388.0,0,0.0,0.0,,0.0,1,0.78,3.75,SPY230217C00421000,421.0,normalDay
2023-02-03,21265.0,2275.0,0.0,100,412.35,388.0,0,0.0,0.0,,0.0,1,0.78,2.38,SPY230217C00421000,421.0,normalDay
2023-02-06,21265.0,2100.0,0.0,100,409.83,388.0,0,0.0,0.0,,0.0,1,0.78,1.61,SPY230217C00421000,421.0,normalDay
2023-02-07,21265.0,2542.0,0.0,100,415.19,388.0,0,0.0,0.0,,0.0,1,0.78,2.55,SPY230217C00421000,421.0,normalDay
2023-02-08,21265.0,2192.0,0.0,100,410.65,388.0,0,0.0,0.0,,0.0,1,0.78,1.51,SPY230217C00421000,421.0,normalDay
2023-02-09,21265.0,1894.0,0.0,100,407.09,388.0,0,0.0,0.0,,0.0,1,0.78,0.93,SPY230217C00421000,421.0,normalDay
2023-02-10,21265.0,2011.0,0.0,100,408.04,388.0,0,0.0,0.0,,0.0,1,0.78,0.71,SPY230217C00421000,421.0,normalDay
2023-02-13,21265.0,2424.0,0.0,100,412.83,388.0,0,0.0,0.0,,0.0,1,0.78,1.37,SPY230217C00421000,421.0,normalDay
2023-02-14,21265.0,2509.0,0.0,100,412.64,388.0,0,0.0,0.0,,0.0,1,0.78,0.33,SPY230217C00421000,421.0,normalDay
2023-02-15,21265.0,2652.0,0.0,100,413.98,388.0,0,0.0,0.0,,0.0,1,0.78,0.24,SPY230217C00421000,421.0,normalDay
2023-02-16,21265.0,2104.0,0.0,100,408.28,388.0,0,0.0,0.0,,0.0,1,0.78,0.02,SPY230217C00421000,421.0,normalDay
2023-02-17,21343.0,1926.0,78.0,100,407.26,388.0,0,0.0,0.0,,0.0,1,0.78,0.0,SPY230217C00421000,421.0,expirationDay
2023-02-21,21343.0,1106.0,0.0,100,399.09,388.0,0,0.0,0.0,,0.0,1,0.69,0.72,SPY230331C00430000,430.0,normalDay
2023-02-22,21343.0,1071.0,0.0,100,398.54,388.0,0,0.0,0.0,,0.0,1,0.69,0.52,SPY230331C00430000,430.0,normalDay
2023-02-23,21343.0,1280.0,0.0,100,400.66,388.0,0,0.0,0.0,,0.0,1,0.69,0.55,SPY230331C00430000,430.0,normalDay
2023-02-24,21343.0,872.0,0.0,100,396.38,388.0,0,0.0,0.0,,0.0,1,0.69,0.35,SPY230331C00430000,430.0,normalDay
2023-02-27,21343.0,1010.0,0.0,100,397.73,388.0,0,0.0,0.0,,0.0,1,0.69,0.32,SPY230331C00430000,430.0,normalDay
2023-02-28,21343.0,873.0,0.0,100,396.26,388.0,0,0.0,0.0,,0.0,1,0.69,0.22,SPY230331C00430000,430.0,normalDay
2023-03-01,21343.0,726.0,0.0,100,394.74,388.0,0,0.0,0.0,,0.0,1,0.69,0.17,SPY230331C00430000,430.0,normalDay
2023-03-02,21343.0,1029.0,0.0,100,397.81,388.0,0,0.0,0.0,,0.0,1,0.69,0.21,SPY230331C00430000,430.0,normalDay
2023-03-03,21343.0,1641.0,0.0,100,404.19,388.0,0,0.0,0.0,,0.0,1,0.69,0.47,SPY230331C00430000,430.0,normalDay
2023-03-06,21343.0,1672.0,0.0,100,404.47,388.0,0,0.0,0.0,,0.0,1,0.69,0.44,SPY230331C00430000,430.0,normalDay
2023-03-07,21343.0,1076.0,0.0,100,398.27,388.0,0,0.0,0.0,,0.0,1,0.69,0.2,SPY230331C00430000,430.0,normalDay
2023-03-08,21343.0,1144.0,0.0,100,398.92,388.0,0,0.0,0.0,,0.0,1,0.69,0.17,SPY230331C00430000,430.0,normalDay
2023-03-09,21343.0,414.0,0.0,100,391.56,388.0,0,0.0,0.0,,0.0,1,0.69,0.11,SPY230331C00430000,430.0,normalDay
2023-03-10,21343.0,-145.0,0.0,100,385.91,388.0,0,0.0,0.0,,0.0,1,0.69,0.05,SPY230331C00430000,430.0,normalDay
2023-03-13,21343.0,-202.0,0.0,100,385.36,388.0,0,0.0,0.0,,0.0,1,0.69,0.07,SPY230331C00430000,430.0,normalDay
2023-03-14,21343.0,438.0,0.0,100,391.73,388.0,0,0.0,0.0,,0.0,1,0.69,0.04,SPY230331C00430000,430.0,normalDay
2023-03-15,21343.0,193.0,0.0,100,389.28,388.0,0,0.0,0.0,,0.0,1,0.69,0.04,SPY230331C00430000,430.0,normalDay
2023-03-16,21343.0,873.0,0.0,100,396.11,388.0,0,0.0,0.0,,0.0,1,0.69,0.07,SPY230331C00430000,430.0,normalDay
2023-03-17,21343.0,265.0,0.0,100,389.99,388.0,0,0.0,0.0,,0.0,1,0.69,0.03,SPY230331C00430000,430.0,normalDay
2023-03-20,21343.0,640.0,0.0,100,393.74,388.0,0,0.0,0.0,,0.0,1,0.69,0.03,SPY230331C00430000,430.0,normalDay
2023-03-21,21343.0,1155.0,0.0,100,398.91,388.0,0,0.0,0.0,,0.0,1,0.69,0.05,SPY230331C00430000,430.0,normalDay
2023-03-22,21343.0,478.0,0.0,100,392.11,388.0,0,0.0,0.0,,0.0,1,0.69,0.02,SPY230331C00430000,430.0,normalDay
2023-03-23,21343.0,584.0,0.0,100,393.17,388.0,0,0.0,0.0,,0.0,1,0.69,0.02,SPY230331C00430000,430.0,normalDay
2023-03-24,21343.0,843.0,0.0,100,395.75,388.0,0,0.0,0.0,,0.0,1,0.69,0.01,SPY230331C00430000,430.0,normalDay
2023-03-27,21343.0,917.0,0.0,100,396.49,388.0,0,0.0,0.0,,0.0,1,0.69,0.01,SPY230331C00430000,430.0,normalDay
2023-03-28,21343.0,828.0,0.0,100,395.6,388.0,0,0.0,0.0,,0.0,1,0.69,0.01,SPY230331C00430000,430.0,normalDay
2023-03-29,21343.0,1403.0,0.0,100,401.35,388.0,0,0.0,0.0,,0.0,1,0.69,0.01,SPY230331C00430000,430.0,normalDay
2023-03-30,21343.0,1638.0,0.0,100,403.7,388.0,0,0.0,0.0,,0.0,1,0.69,0.01,SPY230331C00430000,430.0,normalDay
2023-03-31,21412.0,2139.0,69.0,100,409.39,388.0,0,0.0,0.0,,0.0,1,0.69,0.0,SPY230331C00430000,430.0,expirationDay
2023-04-03,21412.0,2291.0,0.0,100,410.95,388.0,0,0.0,0.0,,0.0,1,4.6,4.64,SPY230519C00424000,424.0,normalDay
2023-04-04,21412.0,2150.0,0.0,100,408.67,388.0,0,0.0,0.0,,0.0,1,4.6,3.77,SPY230519C00424000,424.0,normalDay
2023-04-05,21412.0,2092.0,0.0,100,407.6,388.0,0,0.0,0.0,,0.0,1,4.6,3.28,SPY230519C00424000,424.0,normalDay
2023-04-06,21412.0,2233.0,0.0,100,409.19,388.0,0,0.0,0.0,,0.0,1,4.6,3.46,SPY230519C00424000,424.0,normalDay
2023-04-10,21412.0,2277.0,0.0,100,409.61,388.0,0,0.0,0.0,,0.0,1,4.6,3.44,SPY230519C00424000,424.0,normalDay
2023-04-11,21412.0,2298.0,0.0,100,409.72,388.0,0,0.0,0.0,,0.0,1,4.6,3.34,SPY230519C00424000,424.0,normalDay
2023-04-12,21412.0,2218.0,0.0,100,408.05,388.0,0,0.0,0.0,,0.0,1,4.6,2.47,SPY230519C00424000,424.0,normalDay
2023-04-13,21412.0,2622.0,0.0,100,413.47,388.0,0,0.0,0.0,,0.0,1,4.6,3.85,SPY230519C00424000,424.0,normalDay
2023-04-14,21412.0,2589.0,0.0,100,412.46,388.0,0,0.0,0.0,,0.0,1,4.6,3.17,SPY230519C00424000,424.0,normalDay
2023-04-17,21412.0,2729.0,0.0,100,413.94,388.0,0,0.0,0.0,,0.0,1,4.6,3.25,SPY230519C00424000,424.0,normalDay
2023-04-18,21412.0,2785.0,0.0,100,414.21,388.0,0,0.0,0.0,,0.0,1,4.6,2.96,SPY230519C00424000,424.0,normalDay
2023-04-19,21412.0,2801.0,0.0,100,414.14,388.0,0,0.0,0.0,,0.0,1,4.6,2.73,SPY230519C00424000,424.0,normalDay
2023-04-20,21412.0,2643.0,0.0,100,411.88,388.0,0,0.0,0.0,,0.0,1,4.6,2.05,SPY230519C00424000,424.0,normalDay
2023-04-21,21412.0,2697.0,0.0,100,412.2,388.0,0,0.0,0.0,,0.0,1,4.6,1.83,SPY230519C00424000,424.0,normalDay
2023-04-24,21412.0,2752.0,0.0,100,412.63,388.0,0,0.0,0.0,,0.0,1,4.6,1.71,SPY230519C00424000,424.0,normalDay
2023-04-25,21412.0,2182.0,0.0,100,406.08,388.0,0,0.0,0.0,,0.0,1,4.6,0.86,SPY230519C00424000,424.0,normalDay
2023-04-26,21412.0,2050.0,0.0,100,404.36,388.0,0,0.0,0.0,,0.0,1,4.6,0.46,SPY230519C00424000,424.0,normalDay
2023-04-27,21412.0,2745.0,0.0,100,412.41,388.0,0,0.0,0.0,,0.0,1,4.6,1.56,SPY230519C00424000,424.0,normalDay
2023-04-28,21412.0,3050.0,0.0,100,415.93,388.0,0,0.0,0.0,,0.0,1,4.6,2.03,SPY230519C00424000,424.0,normalDay
2023-05-01,21412.0,3043.0,0.0,100,415.51,388.0,0,0.0,0.0,,0.0,1,4.6,1.68,SPY230519C00424000,424.0,normalDay
2023-05-02,21412.0,2663.0,0.0,100,410.84,388.0,0,0.0,0.0,,0.0,1,4.6,0.81,SPY230519C00424000,424.0,normalDay
2023-05-03,21412.0,2408.0,0.0,100,408.02,388.0,0,0.0,0.0,,0.0,1,4.6,0.54,SPY230519C00424000,424.0,normalDay
2023-05-04,21412.0,2149.0,0.0,100,405.13,388.0,0,0.0,0.0,,0.0,1,4.6,0.24,SPY230519C00424000,424.0,normalDay
2023-05-05,21412.0,2871.0,0.0,100,412.63,388.0,0,0.0,0.0,,0.0,1,4.6,0.52,SPY230519C00424000,424.0,normalDay
2023-05-08,21412.0,2900.0,0.0,100,412.74,388.0,0,0.0,0.0,,0.0,1,4.6,0.34,SPY230519C00424000,424.0,normalDay
2023-05-09,21412.0,2728.0,0.0,100,410.93,388.0,0,0.0,0.0,,0.0,1,4.6,0.25,SPY230519C00424000,424.0,normalDay
2023-05-10,21412.0,2922.0,0.0,100,412.85,388.0,0,0.0,0.0,,0.0,1,4.6,0.23,SPY230519C00424000,424.0,normalDay
2023-05-11,21412.0,2863.0,0.0,100,412.13,388.0,0,0.0,0.0,,0.0,1,4.6,0.1,SPY230519C00424000,424.0,normalDay
2023-05-12,21412.0,2815.0,0.0,100,411.59,388.0,0,0.0,0.0,,0.0,1,4.6,0.04,SPY230519C00424000,424.0,normalDay
2023-05-15,21412.0,2957.0,0.0,100,413.01,388.0,0,0.0,0.0,,0.0,1,4.6,0.04,SPY230519C00424000,424.0,normalDay
2023-05-16,21412.0,2682.0,0.0,100,410.25,388.0,0,0.0,0.0,,0.0,1,4.6,0.03,SPY230519C00424000,424.0,normalDay
2023-05-17,21412.0,3178.0,0.0,100,415.23,388.0,0,0.0,0.0,,0.0,1,4.6,0.05,SPY230519C00424000,424.0,normalDay
2023-05-18,21412.0,3574.0,0.0,100,419.23,388.0,0,0.0,0.0,,0.0,1,4.6,0.09,SPY230519C00424000,424.0,normalDay
2023-05-19,21872.0,3062.0,460.0,100,418.62,388.0,0,0.0,0.0,,0.0,1,4.6,0.0,SPY230519C00424000,424.0,expirationDay
2023-05-22,21872.0,3075.0,0.0,100,418.79,388.0,0,0.0,0.0,,0.0,1,2.55,2.59,SPY230630C00430000,430.0,normalDay
2023-05-23,21872.0,2718.0,0.0,100,414.09,388.0,0,0.0,0.0,,0.0,1,2.55,1.46,SPY230630C00430000,430.0,normalDay
2023-05-24,21872.0,2457.0,0.0,100,411.09,388.0,0,0.0,0.0,,0.0,1,2.55,1.07,SPY230630C00430000,430.0,normalDay
2023-05-25,21872.0,2777.0,0.0,100,414.65,388.0,0,0.0,0.0,,0.0,1,2.55,1.43,SPY230630C00430000,430.0,normalDay
2023-05-26,21872.0,3187.0,0.0,100,420.02,388.0,0,0.0,0.0,,0.0,1,2.55,2.7,SPY230630C00430000,430.0,normalDay
2023-05-30,21872.0,3237.0,0.0,100,420.18,388.0,0,0.0,0.0,,0.0,1,2.55,2.36,SPY230630C00430000,430.0,normalDay
2023-05-31,21872.0,3094.0,0.0,100,417.85,388.0,0,0.0,0.0,,0.0,1,2.55,1.46,SPY230630C00430000,430.0,normalDay
2023-06-01,21872.0,3419.0,0.0,100,421.82,388.0,0,0.0,0.0,,0.0,1,2.55,2.18,SPY230630C00430000,430.0,normalDay
2023-06-02,21872.0,3796.0,0.0,100,427.92,388.0,0,0.0,0.0,,0.0,1,2.55,4.51,SPY230630C00430000,430.0,normalDay
2023-06-05,21872.0,3778.0,0.0,100,427.1,388.0,0,0.0,0.0,,0.0,1,2.55,3.87,SPY230630C00430000,430.0,normalDay
2023-06-06,21872.0,3858.0,0.0,100,428.03,388.0,0,0.0,0.0,,0.0,1,2.55,4.0,SPY230630C00430000,430.0,normalDay
2023-06-07,21872.0,3809.0,0.0,100,426.55,388.0,0,0.0,0.0,,0.0,1,2.55,3.01,SPY230630C00430000,430.0,normalDay
2023-06-08,21872.0,3987.0,0.0,100,429.13,388.0,0,0.0,0.0,,0.0,1,2.55,3.81,SPY230630C00430000,430.0,normalDay
2023-06-09,21872.0,4006.0,0.0,100,429.9,388.0,0,0.0,0.0,,0.0,1,2.55,4.39,SPY230630C00430000,430.0,normalDay
2023-06-12,21872.0,4164.0,0.0,100,433.8,388.0,0,0.0,0.0,,0.0,1,2.55,6.71,SPY230630C00430000,430.0,normalDay
2023-06-13,21872.0,4254.0,0.0,100,436.66,388.0,0,0.0,0.0,,0.0,1,2.55,8.67,SPY230630C00430000,430.0,normalDay
2023-06-14,21872.0,4274.0,0.0,100,437.18,388.0,0,0.0,0.0,,0.0,1,2.55,8.99,SPY230630C00430000,430.0,normalDay
2023-06-15,21872.0,4439.0,0.0,100,442.6,388.0,0,0.0,0.0,,0.0,1,2.55,12.76,SPY230630C00430000,430.0,normalDay
2023-06-16,21872.0,4229.0,0.0,100,439.46,388.0,0,0.0,0.0,,0.0,1,2.55,11.72,SPY230630C00430000,430.0,normalDay
2023-06-20,21872.0,4304.0,0.0,100,437.18,388.0,0,0.0,0.0,,0.0,1,2.55,8.69,SPY230630C00430000,430.0,normalDay
2023-06-21,21872.0,4251.0,0.0,100,434.94,388.0,0,0.0,0.0,,0.0,1,2.55,6.98,SPY230630C00430000,430.0,normalDay
2023-06-22,21872.0,4353.0,0.0,100,436.51,388.0,0,0.0,0.0,,0.0,1,2.55,7.53,SPY230630C00430000,430.0,normalDay
2023-06-23,21872.0,4292.0,0.0,100,433.21,388.0,0,0.0,0.0,,0.0,1,2.55,4.84,SPY230630C00430000,430.0,normalDay
2023-06-26,21872.0,4269.0,0.0,100,431.44,388.0,0,0.0,0.0,,0.0,1,2.55,3.3,SPY230630C00430000,430.0,normalDay
2023-06-27,21872.0,4404.0,0.0,100,436.17,388.0,0,0.0,0.0,,0.0,1,2.55,6.68,SPY230630C00430000,430.0,normalDay
2023-06-28,21872.0,4360.0,0.0,100,436.39,388.0,0,0.0,0.0,,0.0,1,2.55,7.34,SPY230630C00430000,430.0,normalDay
2023-06-29,21872.0,4419.0,0.0,100,438.11,388.0,0,0.0,0.0,,0.0,1,2.55,8.47,SPY230630C00430000,430.0,normalDay
2023-06-30,26327.0,4419.0,4455.0,0,443.28,0.0,0,0.0,0.0,,0.0,1,2.55,0.0,SPY230630C00430000,430.0,expirationDay
2023-07-03,26327.0,-5.0,0.0,0,443.79,0.0,1,0.83,0.88,SPY230804P00416000,416.0,0,0.0,0.0,,0.0,normalDay
2023-07-05,26327.0,-10.0,0.0,0,443.13,0.0,1,0.83,0.93,SPY230804P00416000,416.0,0,0.0,0.0,,0.0,normalDay
2023-07-06,26327.0,-48.0,0.0,0,439.66,0.0,1,0.83,1.31,SPY230804P00416000,416.0,0,0.0,0.0,,0.0,normalDay
2023-07-07,26327.0,-33.0,0.0,0,438.55,0.0,1,0.83,1.16,SPY230804P00416000,416.0,0,0.0,0.0,,0.0,normalDay
2023-07-10,26327.0,-17.0,0.0,0,439.66,0.0,1,0.83,1.0,SPY230804P00416000,416.0,0,0.0,0.0,,0.0,normalDay
2023-07-11,26327.0,5.0,0.0,0,442.46,0.0,1,0.83,0.78,SPY230804P00416000,416.0,0,0.0,0.0,,0.0,normalDay
2023-07-12,26327.0,38.0,0.0,0,446.02,0.0,1,0.83,0.45,SPY230804P00416000,416.0,0,0.0,0.0,,0.0,normalDay
2023-07-13,26327.0,44.0,0.0,0,449.56,0.0,1,0.83,0.39,SPY230804P00416000,416.0,0,0.0,0.0,,0.0,normalDay
2023-07-14,26327.0,50.0,0.0,0,449.28,0.0,1,0.83,0.33,SPY230804P00416000,416.0,0,0.0,0.0,,0.0,normalDay
2023-07-17,26327.0,58.0,0.0,0,450.84,0.0,1,0.83,0.25,SPY230804P00416000,416.0,0,0.0,0.0,,0.0,normalDay
2023-07-18,26327.0,63.0,0.0,0,454.19,0.0,1,0.83,0.2,SPY230804P00416000,416.0,0,0.0,0.0,,0.0,normalDay
2023-07-19,26327.0,63.0,0.0,0,455.2,0.0,1,0.83,0.2,SPY230804P00416000,416.0,0,0.0,0.0,,0.0,normalDay
2023-07-20,26327.0,61.0,0.0,0,452.18,0.0,1,0.83,0.22,SPY230804P00416000,416.0,0,0.0,0.0,,0.0,normalDay
2023-07-21,26327.0,67.0,0.0,0,452.18,0.0,1,0.83,0.16,SPY230804P00416000,416.0,0,0.0,0.0,,0.0,normalDay
2023-07-24,26327.0,71.0,0.0,0,454.2,0.0,1,0.83,0.12,SPY230804P00416000,416.0,0,0.0,0.0,,0.0,normalDay
2023-07-25,26327.0,73.0,0.0,0,455.44,0.0,1,0.83,0.1,SPY230804P00416000,416.0,0,0.0,0.0,,0.0,normalDay
2023-07-26,26327.0,76.0,0.0,0,455.51,0.0,1,0.83,0.07,SPY230804P00416000,416.0,0,0.0,0.0,,0.0,normalDay
2023-07-27,26327.0,72.0,0.0,0,452.49,0.0,1,0.83,0.11,SPY230804P00416000,416.0,0,0.0,0.0,,0.0,normalDay
2023-07-28,26327.0,79.0,0.0,0,456.92,0.0,1,0.83,0.04,SPY230804P00416000,416.0,0,0.0,0.0,,0.0,normalDay
2023-07-31,26327.0,80.0,0.0,0,457.79,0.0,1,0.83,0.03,SPY230804P00416000,416.0,0,0.0,0.0,,0.0,normalDay
2023-08-01,26327.0,80.0,0.0,0,456.48,0.0,1,0.83,0.03,SPY230804P00416000,416.0,0,0.0,0.0,,0.0,normalDay
2023-08-02,26327.0,79.0,0.0,0,450.13,0.0,1,0.83,0.04,SPY230804P00416000,416.0,0,0.0,0.0,,0.0,normalDay
2023-08-03,26327.0,81.0,0.0,0,448.84,0.0,1,0.83,0.02,SPY230804P00416000,416.0,0,0.0,0.0,,0.0,normalDay
2023-08-04,26410.0,0.0,83.0,0,446.81,0.0,1,0.83,0.0,SPY230804P00416000,416.0,0,0.0,0.0,,0.0,expirationDay
2023-08-07,26410.0,-3.0,0.0,0,450.71,0.0,1,2.67,2.7,SPY230908P00437000,437.0,0,0.0,0.0,,0.0,normalDay
2023-08-08,26410.0,-44.0,0.0,0,448.75,0.0,1,2.67,3.11,SPY230908P00437000,437.0,0,0.0,0.0,,0.0,normalDay
2023-08-09,26410.0,-88.0,0.0,0,445.75,0.0,1,2.67,3.55,SPY230908P00437000,437.0,0,0.0,0.0,,0.0,normalDay
2023-08-10,26410.0,-86.0,0.0,0,445.91,0.0,1,2.67,3.53,SPY230908P00437000,437.0,0,0.0,0.0,,0.0,normalDay
2023-08-11,26410.0,-44.0,0.0,0,445.65,0.0,1,2.67,3.11,SPY230908P00437000,437.0,0,0.0,0.0,,0.0,normalDay
2023-08-14,26410.0,35.0,0.0,0,448.11,0.0,1,2.67,2.32,SPY230908P00437000,437.0,0,0.0,0.0,,0.0,normalDay
2023-08-15,26410.0,-118.0,0.0,0,442.89,0.0,1,2.67,3.85,SPY230908P00437000,437.0,0,0.0,0.0,,0.0,normalDay
2023-08-16,26410.0,-207.0,0.0,0,439.64,0.0,1,2.67,4.74,SPY230908P00437000,437.0,0,0.0,0.0,,0.0,normalDay
2023-08-17,26410.0,-367.0,0.0,0,436.29,0.0,1,2.67,6.34,SPY230908P00437000,437.0,0,0.0,0.0,,0.0,normalDay
2023-08-18,26410.0,-310.0,0.0,0,436.5,0.0,1,2.67,5.77,SPY230908P00437000,437.0,0,0.0,0.0,,0.0,normalDay
2023-08-21,26410.0,-166.0,0.0,0,439.34,0.0,1,2.67,4.33,SPY230908P00437000,437.0,0,0.0,0.0,,0.0,normalDay
2023-08-22,26410.0,-179.0,0.0,0,438.15,0.0,1,2.67,4.46,SPY230908P00437000,437.0,0,0.0,0.0,,0.0,normalDay
2023-08-23,26410.0,11.0,0.0,0,443.03,0.0,1,2.67,2.56,SPY230908P00437000,437.0,0,0.0,0.0,,0.0,normalDay
2023-08-24,26410.0,-202.0,0.0,0,436.89,0.0,1,2.67,4.69,SPY230908P00437000,437.0,0,0.0,0.0,,0.0,normalDay
2023-08-25,26410.0,-21.0,0.0,0,439.97,0.0,1,2.67,2.88,SPY230908P00437000,437.0,0,0.0,0.0,,0.0,normalDay
2023-08-28,26410.0,106.0,0.0,0,442.76,0.0,1,2.67,1.61,SPY230908P00437000,437.0,0,0.0,0.0,,0.0,normalDay
2023-08-29,26410.0,210.0,0.0,0,449.16,0.0,1,2.67,0.57,SPY230908P00437000,437.0,0,0.0,0.0,,0.0,normalDay
2023-08-30,26410.0,235.0,0.0,0,451.01,0.0,1,2.67,0.32,SPY230908P00437000,437.0,0,0.0,0.0,,0.0,normalDay
2023-08-31,26410.0,247.0,0.0,0,450.35,0.0,1,2.67,0.2,SPY230908P00437000,437.0,0,0.0,0.0,,0.0,normalDay
2023-09-01,26410.0,256.0,0.0,0,451.19,0.0,1,2.67,0.11,SPY230908P00437000,437.0,0,0.0,0.0,,0.0,normalDay
2023-09-05,26410.0,260.0,0.0,0,449.24,0.0,1,2.67,0.07,SPY230908P00437000,437.0,0,0.0,0.0,,0.0,normalDay
2023-09-06,26410.0,260.0,0.0,0,446.22,0.0,1,2.67,0.07,SPY230908P00437000,437.0,0,0.0,0.0,,0.0,normalDay
2023-09-07,26410.0,264.0,0.0,0,444.85,0.0,1,2.67,0.03,SPY230908P00437000,437.0,0,0.0,0.0,,0.0,normalDay
2023-09-08,26677.0,0.0,267.0,0,445.52,0.0,1,2.67,0.0,SPY230908P00437000,437.0,0,0.0,0.0,,0.0,expirationDay
2023-09-11,26677.0,-3.0,0.0,0,448.45,0.0,1,1.3,1.33,SPY231013P00425000,425.0,0,0.0,0.0,,0.0,normalDay
2023-09-12,26677.0,-26.0,0.0,0,445.99,0.0,1,1.3,1.56,SPY231013P00425000,425.0,0,0.0,0.0,,0.0,normalDay
2023-09-13,26677.0,5.0,0.0,0,446.51,0.0,1,1.3,1.25,SPY231013P00425000,425.0,0,0.0,0.0,,0.0,normalDay
2023-09-14,26677.0,48.0,0.0,0,450.36,0.0,1,1.3,0.82,SPY231013P00425000,425.0,0,0.0,0.0,,0.0,normalDay
2023-09-15,26677.0,-5.0,0.0,0,443.37,0.0,1,1.3,1.35,SPY231013P00425000,425.0,0,0.0,0.0,,0.0,normalDay
2023-09-18,26677.0,9.0,0.0,0,443.63,0.0,1,1.3,1.21,SPY231013P00425000,425.0,0,0.0,0.0,,0.0,normalDay
2023-09-19,26677.0,5.0,0.0,0,442.71,0.0,1,1.3,1.25,SPY231013P00425000,425.0,0,0.0,0.0,,0.0,normalDay
2023-09-20,26677.0,-55.0,0.0,0,438.64,0.0,1,1.3,1.85,SPY231013P00425000,425.0,0,0.0,0.0,,0.0,normalDay
2023-09-21,26677.0,-257.0,0.0,0,431.39,0.0,1,1.3,3.87,SPY231013P00425000,425.0,0,0.0,0.0,,0.0,normalDay
2023-09-22,26677.0,-260.0,0.0,0,430.42,0.0,1,1.3,3.9,SPY231013P00425000,425.0,0,0.0,0.0,,0.0,normalDay
2023-09-25,26677.0,-175.0,0.0,0,432.23,0.0,1,1.3,3.05,SPY231013P00425000,425.0,0,0.0,0.0,,0.0,normalDay
2023-09-26,26677.0,-407.0,0.0,0,425.88,0.0,1,1.3,5.37,SPY231013P00425000,425.0,0,0.0,0.0,,0.0,normalDay
2023-09-27,26677.0,-366.0,0.0,0,426.05,0.0,1,1.3,4.96,SPY231013P00425000,425.0,0,0.0,0.0,,0.0,normalDay
2023-09-28,26677.0,-257.0,0.0,0,428.52,0.0,1,1.3,3.87,SPY231013P00425000,425.0,0,0.0,0.0,,0.0,normalDay
2023-09-29,26677.0,-262.0,0.0,0,427.48,0.0,1,1.3,3.92,SPY231013P00425000,425.0,0,0.0,0.0,,0.0,normalDay
2023-10-02,26677.0,-226.0,0.0,0,427.31,0.0,1,1.3,3.56,SPY231013P00425000,425.0,0,0.0,0.0,,0.0,normalDay
2023-10-03,26677.0,-497.0,0.0,0,421.59,0.0,1,1.3,6.27,SPY231013P00425000,425.0,0,0.0,0.0,,0.0,normalDay
2023-10-04,26677.0,-316.0,0.0,0,424.66,0.0,1,1.3,4.46,SPY231013P00425000,425.0,0,0.0,0.0,,0.0,normalDay
2023-10-05,26677.0,-320.0,0.0,0,424.5,0.0,1,1.3,4.5,SPY231013P00425000,425.0,0,0.0,0.0,,0.0,normalDay
2023-10-06,26677.0,-40.0,0.0,0,429.54,0.0,1,1.3,1.7,SPY231013P00425000,425.0,0,0.0,0.0,,0.0,normalDay
2023-10-09,26677.0,37.0,0.0,0,432.29,0.0,1,1.3,0.93,SPY231013P00425000,425.0,0,0.0,0.0,,0.0,normalDay
2023-10-10,26677.0,83.0,0.0,0,434.54,0.0,1,1.3,0.47,SPY231013P00425000,425.0,0,0.0,0.0,,0.0,normalDay
2023-10-11,26677.0,116.0,0.0,0,436.32,0.0,1,1.3,0.14,SPY231013P00425000,425.0,0,0.0,0.0,,0.0,normalDay
2023-10-12,26677.0,122.0,0.0,0,433.66,0.0,1,1.3,0.08,SPY231013P00425000,425.0,0,0.0,0.0,,0.0,normalDay
2023-10-13,26807.0,0.0,130.0,0,431.5,0.0,1,1.3,0.0,SPY231013P00425000,425.0,0,0.0,0.0,,0.0,expirationDay
2023-10-16,26807.0,-3.0,0.0,0,436.04,0.0,1,1.74,1.77,SPY231117P00411000,411.0,0,0.0,0.0,,0.0,normalDay
2023-10-17,26807.0,-15.0,0.0,0,436.02,0.0,1,1.74,1.89,SPY231117P00411000,411.0,0,0.0,0.0,,0.0,normalDay
2023-10-18,26807.0,-101.0,0.0,0,430.21,0.0,1,1.74,2.75,SPY231117P00411000,411.0,0,0.0,0.0,,0.0,normalDay
2023-10-19,26807.0,-232.0,0.0,0,426.43,0.0,1,1.74,4.06,SPY231117P00411000,411.0,0,0.0,0.0,,0.0,normalDay
2023-10-20,26807.0,-312.0,0.0,0,421.19,0.0,1,1.74,4.86,SPY231117P00411000,411.0,0,0.0,0.0,,0.0,normalDay
2023-10-23,26807.0,-248.0,0.0,0,420.46,0.0,1,1.74,4.22,SPY231117P00411000,411.0,0,0.0,0.0,,0.0,normalDay
2023-10-24,26807.0,-139.0,0.0,0,423.63,0.0,1,1.74,3.13,SPY231117P00411000,411.0,0,0.0,0.0,,0.0,normalDay
2023-10-25,26807.0,-312.0,0.0,0,417.55,0.0,1,1.74,4.86,SPY231117P00411000,411.0,0,0.0,0.0,,0.0,normalDay
2023-10-26,26807.0,-468.0,0.0,0,412.55,0.0,1,1.74,6.42,SPY231117P00411000,411.0,0,0.0,0.0,,0.0,normalDay
2023-10-27,26807.0,-554.0,0.0,0,410.68,0.0,1,1.74,7.28,SPY231117P00411000,411.0,0,0.0,0.0,,0.0,normalDay
2023-10-30,26807.0,-296.0,0.0,0,415.59,0.0,1,1.74,4.7,SPY231117P00411000,411.0,0,0.0,0.0,,0.0,normalDay
2023-10-31,26807.0,-166.0,0.0,0,418.2,0.0,1,1.74,3.4,SPY231117P00411000,411.0,0,0.0,0.0,,0.0,normalDay
2023-11-01,26807.0,-13.0,0.0,0,422.66,0.0,1,1.74,1.87,SPY231117P00411000,411.0,0,0.0,0.0,,0.0,normalDay
2023-11-02,26807.0,100.0,0.0,0,430.76,0.0,1,1.74,0.74,SPY231117P00411000,411.0,0,0.0,0.0,,0.0,normalDay
2023-11-03,26807.0,134.0,0.0,0,434.69,0.0,1,1.74,0.4,SPY231117P00411000,411.0,0,0.0,0.0,,0.0,normalDay
2023-11-06,26807.0,146.0,0.0,0,435.69,0.0,1,1.74,0.28,SPY231117P00411000,411.0,0,0.0,0.0,,0.0,normalDay
2023-11-07,26807.0,152.0,0.0,0,436.93,0.0,1,1.74,0.22,SPY231117P00411000,411.0,0,0.0,0.0,,0.0,normalDay
2023-11-08,26807.0,157.0,0.0,0,437.25,0.0,1,1.74,0.17,SPY231117P00411000,411.0,0,0.0,0.0,,0.0,normalDay
2023-11-09,26807.0,155.0,0.0,0,433.84,0.0,1,1.74,0.19,SPY231117P00411000,411.0,0,0.0,0.0,,0.0,normalDay
2023-11-10,26807.0,165.0,0.0,0,440.61,0.0,1,1.74,0.09,SPY231117P00411000,411.0,0,0.0,0.0,,0.0,normalDay
2023-11-13,26807.0,168.0,0.0,0,440.19,0.0,1,1.74,0.06,SPY231117P00411000,411.0,0,0.0,0.0,,0.0,normalDay
2023-11-14,26807.0,169.0,0.0,0,448.73,0.0,1,1.74,0.05,SPY231117P00411000,411.0,0,0.0,0.0,,0.0,normalDay
2023-11-15,26807.0,171.0,0.0,0,449.68,0.0,1,1.74,0.03,SPY231117P00411000,411.0,0,0.0,0.0,,0.0,normalDay
2023-11-16,26807.0,172.0,0.0,0,450.23,0.0,1,1.74,0.02,SPY231117P00411000,411.0,0,0.0,0.0,,0.0,normalDay
2023-11-17,26981.0,0.0,174.0,0,450.79,0.0,1,1.74,0.0,SPY231117P00411000,411.0,0,0.0,0.0,,0.0,expirationDay
2023-11-20,26981.0,-3.0,0.0,0,454.26,0.0,1,0.17,0.2,SPY231222P00380000,380.0,0,0.0,0.0,,0.0,normalDay
2023-11-21,26981.0,-1.0,0.0,0,453.27,0.0,1,0.17,0.18,SPY231222P00380000,380.0,0,0.0,0.0,,0.0,normalDay
2023-11-22,26981.0,1.0,0.0,0,455.02,0.0,1,0.17,0.16,SPY231222P00380000,380.0,0,0.0,0.0,,0.0,normalDay
2023-11-24,26981.0,3.0,0.0,0,455.3,0.0,1,0.17,0.14,SPY231222P00380000,380.0,0,0.0,0.0,,0.0,normalDay
2023-11-27,26981.0,4.0,0.0,0,454.48,0.0,1,0.17,0.13,SPY231222P00380000,380.0,0,0.0,0.0,,0.0,normalDay
2023-11-28,26981.0,5.0,0.0,0,454.93,0.0,1,0.17,0.12,SPY231222P00380000,380.0,0,0.0,0.0,,0.0,normalDay
2023-11-29,26981.0,5.0,0.0,0,454.61,0.0,1,0.17,0.12,SPY231222P00380000,380.0,0,0.0,0.0,,0.0,normalDay
2023-11-30,26981.0,6.0,0.0,0,456.4,0.0,1,0.17,0.11,SPY231222P00380000,380.0,0,0.0,0.0,,0.0,normalDay
