date,totalCapital,unrializedPnL,rializedPnL,stocksOwned,stocksPriceToday,stocksPriceBoughtAt,putOwned,putOwnedSoldAt,putPriceToday,putOwnedContract,putOwnedStrike,callOwned,callOwnedSoldAt,callPriceToday,callOwnedContract,callOwnedStrike,trackType
2018-11-01,0.0,-52.0,0.0,0,273.51,0.0,1,14.57,15.09,SPY190930P00268000,268.0,0,0.0,0.0,,0.0,normalDay
2018-11-02,0.0,-122.0,0.0,0,271.89,0.0,1,14.57,15.79,SPY190930P00268000,268.0,0,0.0,0.0,,0.0,normalDay
2018-11-05,0.0,-24.0,0.0,0,273.39,0.0,1,14.57,14.81,SPY190930P00268000,268.0,0,0.0,0.0,,0.0,normalDay
2018-11-06,0.0,66.0,0.0,0,275.12,0.0,1,14.57,13.91,SPY190930P00268000,268.0,0,0.0,0.0,,0.0,normalDay
2018-11-07,0.0,305.0,0.0,0,281.01,0.0,1,14.57,11.52,SPY190930P00268000,268.0,0,0.0,0.0,,0.0,normalDay
2018-11-08,0.0,308.0,0.0,0,280.5,0.0,1,14.57,11.49,SPY190930P00268000,268.0,0,0.0,0.0,,0.0,normalDay
2018-11-09,0.0,185.0,0.0,0,277.76,0.0,1,14.57,12.72,SPY190930P00268000,268.0,0,0.0,0.0,,0.0,normalDay
2018-11-12,0.0,-20.0,0.0,0,272.57,0.0,1,14.57,14.77,SPY190930P00268000,268.0,0,0.0,0.0,,0.0,normalDay
2018-11-13,0.0,-69.0,0.0,0,272.06,0.0,1,14.57,15.26,SPY190930P00268000,268.0,0,0.0,0.0,,0.0,normalDay
2018-11-14,0.0,-191.0,0.0,0,270.2,0.0,1,14.57,16.48,SPY190930P00268000,268.0,0,0.0,0.0,,0.0,normalDay
2018-11-15,0.0,-66.0,0.0,0,273.02,0.0,1,14.57,15.23,SPY190930P00268000,268.0,0,0.0,0.0,,0.0,normalDay
2018-11-16,0.0,12.0,0.0,0,273.73,0.0,1,14.57,14.45,SPY190930P00268000,268.0,0,0.0,0.0,,0.0,normalDay
2018-11-19,0.0,-194.0,0.0,0,269.1,0.0,1,14.57,16.51,SPY190930P00268000,268.0,0,0.0,0.0,,0.0,normalDay
2018-11-20,0.0,-472.0,0.0,0,264.12,0.0,1,14.57,19.29,SPY190930P00268000,268.0,0,0.0,0.0,,0.0,normalDay
2018-11-21,0.0,-415.0,0.0,0,265.02,0.0,1,14.57,18.72,SPY190930P00268000,268.0,0,0.0,0.0,,0.0,normalDay
2018-11-23,0.0,-494.0,0.0,0,263.25,0.0,1,14.57,19.51,SPY190930P00268000,268.0,0,0.0,0.0,,0.0,normalDay
2018-11-26,0.0,-226.0,0.0,0,267.5,0.0,1,14.57,16.83,SPY190930P00268000,268.0,0,0.0,0.0,,0.0,normalDay
2018-11-27,0.0,-214.0,0.0,0,268.4,0.0,1,14.57,16.71,SPY190930P00268000,268.0,0,0.0,0.0,,0.0,normalDay
2018-11-28,0.0,15.0,0.0,0,274.58,0.0,1,14.57,14.42,SPY190930P00268000,268.0,0,0.0,0.0,,0.0,normalDay
2018-11-29,0.0,5.0,0.0,0,273.98,0.0,1,14.57,14.52,SPY190930P00268000,268.0,0,0.0,0.0,,0.0,normalDay
2018-11-30,0.0,93.0,0.0,0,275.65,0.0,1,14.57,13.64,SPY190930P00268000,268.0,0,0.0,0.0,,0.0,normalDay
2018-12-03,0.0,247.0,0.0,0,279.3,0.0,1,14.57,12.1,SPY190930P00268000,268.0,0,0.0,0.0,,0.0,normalDay
2018-12-04,0.0,-149.0,0.0,0,270.25,0.0,1,14.57,16.06,SPY190930P00268000,268.0,0,0.0,0.0,,0.0,normalDay
2018-12-06,0.0,-172.0,0.0,0,269.84,0.0,1,14.57,16.29,SPY190930P00268000,268.0,0,0.0,0.0,,0.0,normalDay
2018-12-07,0.0,-506.0,0.0,0,263.57,0.0,1,14.57,19.63,SPY190930P00268000,268.0,0,0.0,0.0,,0.0,normalDay
2018-12-10,0.0,-445.0,0.0,0,264.07,0.0,1,14.57,19.02,SPY190930P00268000,268.0,0,0.0,0.0,,0.0,normalDay
2018-12-11,0.0,-440.0,0.0,0,264.13,0.0,1,14.57,18.97,SPY190930P00268000,268.0,0,0.0,0.0,,0.0,normalDay
2018-12-12,0.0,-409.0,0.0,0,265.46,0.0,1,14.57,18.66,SPY190930P00268000,268.0,0,0.0,0.0,,0.0,normalDay
2018-12-13,0.0,-403.0,0.0,0,265.37,0.0,1,14.57,18.6,SPY190930P00268000,268.0,0,0.0,0.0,,0.0,normalDay
2018-12-14,0.0,-646.0,0.0,0,260.47,0.0,1,14.57,21.03,SPY190930P00268000,268.0,0,0.0,0.0,,0.0,normalDay
2018-12-17,0.0,-959.0,0.0,0,255.36,0.0,1,14.57,24.16,SPY190930P00268000,268.0,0,0.0,0.0,,0.0,normalDay
2018-12-18,0.0,-997.0,0.0,0,255.08,0.0,1,14.57,24.54,SPY190930P00268000,268.0,0,0.0,0.0,,0.0,normalDay
2018-12-19,0.0,-1174.0,0.0,0,251.26,0.0,1,14.57,26.31,SPY190930P00268000,268.0,0,0.0,0.0,,0.0,normalDay
2018-12-20,0.0,-1425.0,0.0,0,247.17,0.0,1,14.57,28.82,SPY190930P00268000,268.0,0,0.0,0.0,,0.0,normalDay
2018-12-21,0.0,-1830.0,0.0,0,240.7,0.0,1,14.57,32.87,SPY190930P00268000,268.0,0,0.0,0.0,,0.0,normalDay
2018-12-24,0.0,-2443.0,0.0,0,234.34,0.0,1,14.57,39.0,SPY190930P00268000,268.0,0,0.0,0.0,,0.0,normalDay
2018-12-26,0.0,-1384.0,0.0,0,246.18,0.0,1,14.57,28.41,SPY190930P00268000,268.0,0,0.0,0.0,,0.0,normalDay
2018-12-27,0.0,-1285.0,0.0,0,248.07,0.0,1,14.57,27.42,SPY190930P00268000,268.0,0,0.0,0.0,,0.0,normalDay
2018-12-28,0.0,-1313.0,0.0,0,247.75,0.0,1,14.57,27.7,SPY190930P00268000,268.0,0,0.0,0.0,,0.0,normalDay
2018-12-31,0.0,-1130.0,0.0,0,249.92,0.0,1,14.57,25.87,SPY190930P00268000,268.0,0,0.0,0.0,,0.0,normalDay
2019-01-02,0.0,-1063.0,0.0,0,250.18,0.0,1,14.57,25.2,SPY190930P00268000,268.0,0,0.0,0.0,,0.0,normalDay
2019-01-03,0.0,-1513.0,0.0,0,244.21,0.0,1,14.57,29.7,SPY190930P00268000,268.0,0,0.0,0.0,,0.0,normalDay
2019-01-04,0.0,-928.0,0.0,0,252.39,0.0,1,14.57,23.85,SPY190930P00268000,268.0,0,0.0,0.0,,0.0,normalDay
2019-01-07,0.0,-804.0,0.0,0,254.38,0.0,1,14.57,22.61,SPY190930P00268000,268.0,0,0.0,0.0,,0.0,normalDay
2019-01-08,0.0,-681.0,0.0,0,256.77,0.0,1,14.57,21.38,SPY190930P00268000,268.0,0,0.0,0.0,,0.0,normalDay
2019-01-09,0.0,-579.0,0.0,0,257.97,0.0,1,14.57,20.36,SPY190930P00268000,268.0,0,0.0,0.0,,0.0,normalDay
2019-01-10,0.0,-519.0,0.0,0,258.88,0.0,1,14.57,19.76,SPY190930P00268000,268.0,0,0.0,0.0,,0.0,normalDay
2019-01-11,0.0,-471.0,0.0,0,258.98,0.0,1,14.57,19.28,SPY190930P00268000,268.0,0,0.0,0.0,,0.0,normalDay
2019-01-14,0.0,-526.0,0.0,0,257.4,0.0,1,14.57,19.83,SPY190930P00268000,268.0,0,0.0,0.0,,0.0,normalDay
2019-01-15,0.0,-329.0,0.0,0,260.35,0.0,1,14.57,17.86,SPY190930P00268000,268.0,0,0.0,0.0,,0.0,normalDay
2019-01-16,0.0,-284.0,0.0,0,260.98,0.0,1,14.57,17.41,SPY190930P00268000,268.0,0,0.0,0.0,,0.0,normalDay
2019-01-17,0.0,-197.0,0.0,0,262.96,0.0,1,14.57,16.54,SPY190930P00268000,268.0,0,0.0,0.0,,0.0,normalDay
2019-01-18,0.0,-32.0,0.0,0,266.46,0.0,1,14.57,14.89,SPY190930P00268000,268.0,0,0.0,0.0,,0.0,normalDay
2019-01-22,0.0,-225.0,0.0,0,262.86,0.0,1,14.57,16.82,SPY190930P00268000,268.0,0,0.0,0.0,,0.0,normalDay
2019-01-23,0.0,-199.0,0.0,0,263.41,0.0,1,14.57,16.56,SPY190930P00268000,268.0,0,0.0,0.0,,0.0,normalDay
2019-01-24,0.0,-185.0,0.0,0,263.55,0.0,1,14.57,16.42,SPY190930P00268000,268.0,0,0.0,0.0,,0.0,normalDay
2019-01-25,0.0,-51.0,0.0,0,265.78,0.0,1,14.57,15.08,SPY190930P00268000,268.0,0,0.0,0.0,,0.0,normalDay
2019-01-28,0.0,-142.0,0.0,0,263.76,0.0,1,14.57,15.99,SPY190930P00268000,268.0,0,0.0,0.0,,0.0,normalDay
2019-01-29,0.0,-167.0,0.0,0,263.41,0.0,1,14.57,16.24,SPY190930P00268000,268.0,0,0.0,0.0,,0.0,normalDay
2019-01-30,0.0,42.0,0.0,0,267.58,0.0,1,14.57,14.15,SPY190930P00268000,268.0,0,0.0,0.0,,0.0,normalDay
2019-01-31,0.0,183.0,0.0,0,269.93,0.0,1,14.57,12.74,SPY190930P00268000,268.0,0,0.0,0.0,,0.0,normalDay
2019-02-01,0.0,191.0,0.0,0,270.06,0.0,1,14.57,12.66,SPY190930P00268000,268.0,0,0.0,0.0,,0.0,normalDay
2019-02-04,0.0,280.0,0.0,0,271.96,0.0,1,14.57,11.77,SPY190930P00268000,268.0,0,0.0,0.0,,0.0,normalDay
2019-02-05,0.0,331.0,0.0,0,273.1,0.0,1,14.57,11.26,SPY190930P00268000,268.0,0,0.0,0.0,,0.0,normalDay
2019-02-06,0.0,330.0,0.0,0,272.74,0.0,1,14.57,11.27,SPY190930P00268000,268.0,0,0.0,0.0,,0.0,normalDay
2019-02-07,0.0,226.0,0.0,0,270.14,0.0,1,14.57,12.31,SPY190930P00268000,268.0,0,0.0,0.0,,0.0,normalDay
2019-02-08,0.0,233.0,0.0,0,270.47,0.0,1,14.57,12.24,SPY190930P00268000,268.0,0,0.0,0.0,,0.0,normalDay
2019-02-11,0.0,252.0,0.0,0,270.62,0.0,1,14.57,12.05,SPY190930P00268000,268.0,0,0.0,0.0,,0.0,normalDay
2019-02-12,0.0,399.0,0.0,0,274.1,0.0,1,14.57,10.58,SPY190930P00268000,268.0,0,0.0,0.0,,0.0,normalDay
2019-02-13,0.0,413.0,0.0,0,274.99,0.0,1,14.57,10.44,SPY190930P00268000,268.0,0,0.0,0.0,,0.0,normalDay
2019-02-14,0.0,371.0,0.0,0,274.38,0.0,1,14.57,10.86,SPY190930P00268000,268.0,0,0.0,0.0,,0.0,normalDay
2019-02-15,0.0,497.0,0.0,0,277.37,0.0,1,14.57,9.6,SPY190930P00268000,268.0,0,0.0,0.0,,0.0,normalDay
2019-02-19,0.0,518.0,0.0,0,277.85,0.0,1,14.57,9.39,SPY190930P00268000,268.0,0,0.0,0.0,,0.0,normalDay
2019-02-20,0.0,575.0,0.0,0,278.41,0.0,1,14.57,8.82,SPY190930P00268000,268.0,0,0.0,0.0,,0.0,normalDay
2019-02-21,0.0,544.0,0.0,0,277.42,0.0,1,14.57,9.13,SPY190930P00268000,268.0,0,0.0,0.0,,0.0,normalDay
2019-02-22,0.0,611.0,0.0,0,279.14,0.0,1,14.57,8.46,SPY190930P00268000,268.0,0,0.0,0.0,,0.0,normalDay
2019-02-25,0.0,623.0,0.0,0,279.52,0.0,1,14.57,8.34,SPY190930P00268000,268.0,0,0.0,0.0,,0.0,normalDay
2019-02-26,0.0,601.0,0.0,0,279.32,0.0,1,14.57,8.56,SPY190930P00268000,268.0,0,0.0,0.0,,0.0,normalDay
2019-02-27,0.0,612.0,0.0,0,279.2,0.0,1,14.57,8.45,SPY190930P00268000,268.0,0,0.0,0.0,,0.0,normalDay
2019-02-28,0.0,593.0,0.0,0,278.68,0.0,1,14.57,8.64,SPY190930P00268000,268.0,0,0.0,0.0,,0.0,normalDay
2019-03-01,0.0,670.0,0.0,0,280.42,0.0,1,14.57,7.87,SPY190930P00268000,268.0,0,0.0,0.0,,0.0,normalDay
2019-03-04,0.0,623.0,0.0,0,279.4,0.0,1,14.57,8.34,SPY190930P00268000,268.0,0,0.0,0.0,,0.0,normalDay
2019-03-05,0.0,612.0,0.0,0,279.02,0.0,1,14.57,8.45,SPY190930P00268000,268.0,0,0.0,0.0,,0.0,normalDay
2019-03-06,0.0,541.0,0.0,0,277.33,0.0,1,14.57,9.16,SPY190930P00268000,268.0,0,0.0,0.0,,0.0,normalDay
2019-03-07,0.0,457.0,0.0,0,275.01,0.0,1,14.57,10.0,SPY190930P00268000,268.0,0,0.0,0.0,,0.0,normalDay
2019-03-08,0.0,437.0,0.0,0,274.46,0.0,1,14.57,10.2,SPY190930P00268000,268.0,0,0.0,0.0,,0.0,normalDay
2019-03-11,0.0,602.0,0.0,0,278.44,0.0,1,14.57,8.55,SPY190930P00268000,268.0,0,0.0,0.0,,0.0,normalDay
2019-03-12,0.0,646.0,0.0,0,279.49,0.0,1,14.57,8.11,SPY190930P00268000,268.0,0,0.0,0.0,,0.0,normalDay
2019-03-13,0.0,721.0,0.0,0,281.34,0.0,1,14.57,7.36,SPY190930P00268000,268.0,0,0.0,0.0,,0.0,normalDay
2019-03-14,0.0,714.0,0.0,0,281.16,0.0,1,14.57,7.43,SPY190930P00268000,268.0,0,0.0,0.0,,0.0,normalDay
2019-03-15,0.0,761.0,0.0,0,281.31,0.0,1,14.57,6.96,SPY190930P00268000,268.0,0,0.0,0.0,,0.0,normalDay
2019-03-18,0.0,790.0,0.0,0,282.33,0.0,1,14.57,6.67,SPY190930P00268000,268.0,0,0.0,0.0,,0.0,normalDay
2019-03-19,0.0,772.0,0.0,0,282.4,0.0,1,14.57,6.85,SPY190930P00268000,268.0,0,0.0,0.0,,0.0,normalDay
2019-03-20,0.0,747.0,0.0,0,281.55,0.0,1,14.57,7.1,SPY190930P00268000,268.0,0,0.0,0.0,,0.0,normalDay
2019-03-21,0.0,829.0,0.0,0,284.73,0.0,1,14.57,6.28,SPY190930P00268000,268.0,0,0.0,0.0,,0.0,normalDay
2019-03-22,0.0,653.0,0.0,0,279.25,0.0,1,14.57,8.04,SPY190930P00268000,268.0,0,0.0,0.0,,0.0,normalDay
2019-03-25,0.0,633.0,0.0,0,279.04,0.0,1,14.57,8.24,SPY190930P00268000,268.0,0,0.0,0.0,,0.0,normalDay
2019-03-26,0.0,711.0,0.0,0,281.12,0.0,1,14.57,7.46,SPY190930P00268000,268.0,0,0.0,0.0,,0.0,normalDay
2019-03-27,0.0,669.0,0.0,0,279.65,0.0,1,14.57,7.88,SPY190930P00268000,268.0,0,0.0,0.0,,0.0,normalDay
2019-03-28,0.0,714.0,0.0,0,280.71,0.0,1,14.57,7.43,SPY190930P00268000,268.0,0,0.0,0.0,,0.0,normalDay
2019-03-29,0.0,778.0,0.0,0,282.48,0.0,1,14.57,6.79,SPY190930P00268000,268.0,0,0.0,0.0,,0.0,normalDay
2019-04-01,0.0,865.0,0.0,0,285.83,0.0,1,14.57,5.92,SPY190930P00268000,268.0,0,0.0,0.0,,0.0,normalDay
2019-04-02,0.0,871.0,0.0,0,285.97,0.0,1,14.57,5.86,SPY190930P00268000,268.0,0,0.0,0.0,,0.0,normalDay
2019-04-03,0.0,889.0,0.0,0,286.42,0.0,1,14.57,5.68,SPY190930P00268000,268.0,0,0.0,0.0,,0.0,normalDay
2019-04-04,0.0,905.0,0.0,0,287.18,0.0,1,14.57,5.52,SPY190930P00268000,268.0,0,0.0,0.0,,0.0,normalDay
2019-04-05,0.0,948.0,0.0,0,288.57,0.0,1,14.57,5.09,SPY190930P00268000,268.0,0,0.0,0.0,,0.0,normalDay
2019-04-08,0.0,955.0,0.0,0,288.79,0.0,1,14.57,5.02,SPY190930P00268000,268.0,0,0.0,0.0,,0.0,normalDay
2019-04-09,0.0,900.0,0.0,0,287.31,0.0,1,14.57,5.57,SPY190930P00268000,268.0,0,0.0,0.0,,0.0,normalDay
2019-04-10,0.0,946.0,0.0,0,288.29,0.0,1,14.57,5.11,SPY190930P00268000,268.0,0,0.0,0.0,,0.0,normalDay
2019-04-11,0.0,946.0,0.0,0,288.21,0.0,1,14.57,5.11,SPY190930P00268000,268.0,0,0.0,0.0,,0.0,normalDay
2019-04-12,0.0,1006.0,0.0,0,290.16,0.0,1,14.57,4.51,SPY190930P00268000,268.0,0,0.0,0.0,,0.0,normalDay
2019-04-15,0.0,1009.0,0.0,0,289.97,0.0,1,14.57,4.48,SPY190930P00268000,268.0,0,0.0,0.0,,0.0,normalDay
2019-04-16,0.0,1014.0,0.0,0,290.16,0.0,1,14.57,4.43,SPY190930P00268000,268.0,0,0.0,0.0,,0.0,normalDay
2019-04-17,0.0,996.0,0.0,0,289.45,0.0,1,14.57,4.61,SPY190930P00268000,268.0,0,0.0,0.0,,0.0,normalDay
2019-04-18,0.0,1013.0,0.0,0,290.02,0.0,1,14.57,4.44,SPY190930P00268000,268.0,0,0.0,0.0,,0.0,normalDay
2019-04-22,0.0,1025.0,0.0,0,290.27,0.0,1,14.57,4.32,SPY190930P00268000,268.0,0,0.0,0.0,,0.0,normalDay
2019-04-23,0.0,1070.0,0.0,0,292.88,0.0,1,14.57,3.87,SPY190930P00268000,268.0,0,0.0,0.0,,0.0,normalDay
2019-04-24,0.0,1052.0,0.0,0,292.23,0.0,1,14.57,4.05,SPY190930P00268000,268.0,0,0.0,0.0,,0.0,normalDay
2019-04-25,0.0,1042.0,0.0,0,292.05,0.0,1,14.57,4.15,SPY190930P00268000,268.0,0,0.0,0.0,,0.0,normalDay
2019-04-26,0.0,1071.0,0.0,0,293.41,0.0,1,14.57,3.86,SPY190930P00268000,268.0,0,0.0,0.0,,0.0,normalDay
2019-04-29,0.0,1076.0,0.0,0,293.87,0.0,1,14.57,3.81,SPY190930P00268000,268.0,0,0.0,0.0,,0.0,normalDay
2019-04-30,0.0,1082.0,0.0,0,294.02,0.0,1,14.57,3.75,SPY190930P00268000,268.0,0,0.0,0.0,,0.0,normalDay
2019-05-01,0.0,1024.0,0.0,0,291.81,0.0,1,14.57,4.33,SPY190930P00268000,268.0,0,0.0,0.0,,0.0,normalDay
2019-05-02,0.0,1017.0,0.0,0,291.18,0.0,1,14.57,4.4,SPY190930P00268000,268.0,0,0.0,0.0,,0.0,normalDay
2019-05-03,0.0,1087.0,0.0,0,294.03,0.0,1,14.57,3.7,SPY190930P00268000,268.0,0,0.0,0.0,,0.0,normalDay
2019-05-06,0.0,1042.0,0.0,0,292.82,0.0,1,14.57,4.15,SPY190930P00268000,268.0,0,0.0,0.0,,0.0,normalDay
2019-05-07,0.0,876.0,0.0,0,287.93,0.0,1,14.57,5.81,SPY190930P00268000,268.0,0,0.0,0.0,,0.0,normalDay
2019-05-08,0.0,888.0,0.0,0,287.53,0.0,1,14.57,5.69,SPY190930P00268000,268.0,0,0.0,0.0,,0.0,normalDay
2019-05-09,0.0,888.0,0.0,0,286.66,0.0,1,14.57,5.69,SPY190930P00268000,268.0,0,0.0,0.0,,0.0,normalDay
2019-05-10,0.0,957.0,0.0,0,288.1,0.0,1,14.57,5.0,SPY190930P00268000,268.0,0,0.0,0.0,,0.0,normalDay
2019-05-13,0.0,717.0,0.0,0,280.86,0.0,1,14.57,7.4,SPY190930P00268000,268.0,0,0.0,0.0,,0.0,normalDay
2019-05-14,0.0,834.0,0.0,0,283.4,0.0,1,14.57,6.23,SPY190930P00268000,268.0,0,0.0,0.0,,0.0,normalDay
2019-05-15,0.0,907.0,0.0,0,285.06,0.0,1,14.57,5.5,SPY190930P00268000,268.0,0,0.0,0.0,,0.0,normalDay
2019-05-16,0.0,988.0,0.0,0,287.7,0.0,1,14.57,4.69,SPY190930P00268000,268.0,0,0.0,0.0,,0.0,normalDay
2019-05-17,0.0,941.0,0.0,0,285.84,0.0,1,14.57,5.16,SPY190930P00268000,268.0,0,0.0,0.0,,0.0,normalDay
2019-05-20,0.0,908.0,0.0,0,283.95,0.0,1,14.57,5.49,SPY190930P00268000,268.0,0,0.0,0.0,,0.0,normalDay
2019-05-21,0.0,989.0,0.0,0,286.51,0.0,1,14.57,4.68,SPY190930P00268000,268.0,0,0.0,0.0,,0.0,normalDay
2019-05-22,0.0,977.0,0.0,0,285.63,0.0,1,14.57,4.8,SPY190930P00268000,268.0,0,0.0,0.0,,0.0,normalDay
2019-05-23,0.0,851.0,0.0,0,282.14,0.0,1,14.57,6.06,SPY190930P00268000,268.0,0,0.0,0.0,,0.0,normalDay
2019-05-24,0.0,890.0,0.0,0,282.78,0.0,1,14.57,5.67,SPY190930P00268000,268.0,0,0.0,0.0,,0.0,normalDay
2019-05-28,0.0,819.0,0.0,0,280.15,0.0,1,14.57,6.38,SPY190930P00268000,268.0,0,0.0,0.0,,0.0,normalDay
2019-05-29,0.0,754.0,0.0,0,278.27,0.0,1,14.57,7.03,SPY190930P00268000,268.0,0,0.0,0.0,,0.0,normalDay
2019-05-30,0.0,784.0,0.0,0,279.03,0.0,1,14.57,6.73,SPY190930P00268000,268.0,0,0.0,0.0,,0.0,normalDay
2019-05-31,0.0,639.0,0.0,0,275.27,0.0,1,14.57,8.18,SPY190930P00268000,268.0,0,0.0,0.0,,0.0,normalDay
2019-06-03,0.0,641.0,0.0,0,274.57,0.0,1,14.57,8.16,SPY190930P00268000,268.0,0,0.0,0.0,,0.0,normalDay
2019-06-04,0.0,853.0,0.0,0,280.53,0.0,1,14.57,6.04,SPY190930P00268000,268.0,0,0.0,0.0,,0.0,normalDay
2019-06-05,0.0,929.0,0.0,0,282.96,0.0,1,14.57,5.28,SPY190930P00268000,268.0,0,0.0,0.0,,0.0,normalDay
2019-06-06,0.0,976.0,0.0,0,284.8,0.0,1,14.57,4.81,SPY190930P00268000,268.0,0,0.0,0.0,,0.0,normalDay
2019-06-07,0.0,1020.0,0.0,0,287.65,0.0,1,14.57,4.37,SPY190930P00268000,268.0,0,0.0,0.0,,0.0,normalDay
2019-06-10,0.0,1061.0,0.0,0,288.97,0.0,1,14.57,3.96,SPY190930P00268000,268.0,0,0.0,0.0,,0.0,normalDay
2019-06-11,0.0,1052.0,0.0,0,288.9,0.0,1,14.57,4.05,SPY190930P00268000,268.0,0,0.0,0.0,,0.0,normalDay
2019-06-12,0.0,1050.0,0.0,0,288.39,0.0,1,14.57,4.07,SPY190930P00268000,268.0,0,0.0,0.0,,0.0,normalDay
2019-06-13,0.0,1079.0,0.0,0,289.58,0.0,1,14.57,3.78,SPY190930P00268000,268.0,0,0.0,0.0,,0.0,normalDay
2019-06-14,0.0,1088.0,0.0,0,289.26,0.0,1,14.57,3.69,SPY190930P00268000,268.0,0,0.0,0.0,,0.0,normalDay
2019-06-17,0.0,1096.0,0.0,0,289.37,0.0,1,14.57,3.61,SPY190930P00268000,268.0,0,0.0,0.0,,0.0,normalDay
2019-06-18,0.0,1141.0,0.0,0,292.4,0.0,1,14.57,3.16,SPY190930P00268000,268.0,0,0.0,0.0,,0.0,normalDay
2019-06-19,0.0,1171.0,0.0,0,293.06,0.0,1,14.57,2.86,SPY190930P00268000,268.0,0,0.0,0.0,,0.0,normalDay
2019-06-20,0.0,1201.0,0.0,0,295.86,0.0,1,14.57,2.56,SPY190930P00268000,268.0,0,0.0,0.0,,0.0,normalDay
2019-06-21,0.0,1187.0,0.0,0,294.0,0.0,1,14.57,2.7,SPY190930P00268000,268.0,0,0.0,0.0,,0.0,normalDay
2019-06-24,0.0,1194.0,0.0,0,293.64,0.0,1,14.57,2.63,SPY190930P00268000,268.0,0,0.0,0.0,,0.0,normalDay
2019-06-25,0.0,1144.0,0.0,0,290.76,0.0,1,14.57,3.13,SPY190930P00268000,268.0,0,0.0,0.0,,0.0,normalDay
2019-06-26,0.0,1141.0,0.0,0,290.47,0.0,1,14.57,3.16,SPY190930P00268000,268.0,0,0.0,0.0,,0.0,normalDay
2019-06-27,0.0,1172.0,0.0,0,291.5,0.0,1,14.57,2.85,SPY190930P00268000,268.0,0,0.0,0.0,,0.0,normalDay
2019-06-28,0.0,1212.0,0.0,0,293.0,0.0,1,14.57,2.45,SPY190930P00268000,268.0,0,0.0,0.0,,0.0,normalDay
2019-07-01,0.0,1262.0,0.0,0,295.66,0.0,1,14.57,1.95,SPY190930P00268000,268.0,0,0.0,0.0,,0.0,normalDay
2019-07-02,0.0,1286.0,0.0,0,296.43,0.0,1,14.57,1.71,SPY190930P00268000,268.0,0,0.0,0.0,,0.0,normalDay
2019-07-03,0.0,1311.0,0.0,0,298.8,0.0,1,14.57,1.46,SPY190930P00268000,268.0,0,0.0,0.0,,0.0,normalDay
2019-07-05,0.0,1303.0,0.0,0,298.46,0.0,1,14.57,1.54,SPY190930P00268000,268.0,0,0.0,0.0,,0.0,normalDay
2019-07-08,0.0,1292.0,0.0,0,296.82,0.0,1,14.57,1.65,SPY190930P00268000,268.0,0,0.0,0.0,,0.0,normalDay
2019-07-09,0.0,1290.0,0.0,0,297.19,0.0,1,14.57,1.67,SPY190930P00268000,268.0,0,0.0,0.0,,0.0,normalDay
2019-07-10,0.0,1313.0,0.0,0,298.61,0.0,1,14.57,1.44,SPY190930P00268000,268.0,0,0.0,0.0,,0.0,normalDay
2019-07-11,0.0,1322.0,0.0,0,299.31,0.0,1,14.57,1.35,SPY190930P00268000,268.0,0,0.0,0.0,,0.0,normalDay
2019-07-12,0.0,1336.0,0.0,0,300.65,0.0,1,14.57,1.21,SPY190930P00268000,268.0,0,0.0,0.0,,0.0,normalDay
2019-07-15,0.0,1337.0,0.0,0,300.75,0.0,1,14.57,1.2,SPY190930P00268000,268.0,0,0.0,0.0,,0.0,normalDay
2019-07-16,0.0,1331.0,0.0,0,299.78,0.0,1,14.57,1.26,SPY190930P00268000,268.0,0,0.0,0.0,,0.0,normalDay
2019-07-17,0.0,1309.0,0.0,0,297.74,0.0,1,14.57,1.48,SPY190930P00268000,268.0,0,0.0,0.0,,0.0,normalDay
2019-07-18,0.0,1325.0,0.0,0,298.83,0.0,1,14.57,1.32,SPY190930P00268000,268.0,0,0.0,0.0,,0.0,normalDay
2019-07-19,0.0,1312.0,0.0,0,297.17,0.0,1,14.57,1.45,SPY190930P00268000,268.0,0,0.0,0.0,,0.0,normalDay
2019-07-22,0.0,1333.0,0.0,0,297.9,0.0,1,14.57,1.24,SPY190930P00268000,268.0,0,0.0,0.0,,0.0,normalDay
2019-07-23,0.0,1357.0,0.0,0,300.03,0.0,1,14.57,1.0,SPY190930P00268000,268.0,0,0.0,0.0,,0.0,normalDay
2019-07-24,0.0,1372.0,0.0,0,301.44,0.0,1,14.57,0.85,SPY190930P00268000,268.0,0,0.0,0.0,,0.0,normalDay
2019-07-25,0.0,1359.0,0.0,0,300.0,0.0,1,14.57,0.98,SPY190930P00268000,268.0,0,0.0,0.0,,0.0,normalDay
2019-07-26,0.0,1375.0,0.0,0,302.01,0.0,1,14.57,0.82,SPY190930P00268000,268.0,0,0.0,0.0,,0.0,normalDay
2019-07-29,0.0,1374.0,0.0,0,301.46,0.0,1,14.57,0.83,SPY190930P00268000,268.0,0,0.0,0.0,,0.0,normalDay
2019-07-30,0.0,1360.0,0.0,0,300.72,0.0,1,14.57,0.97,SPY190930P00268000,268.0,0,0.0,0.0,,0.0,normalDay
2019-07-31,0.0,1322.0,0.0,0,297.43,0.0,1,14.57,1.35,SPY190930P00268000,268.0,0,0.0,0.0,,0.0,normalDay
2019-08-01,0.0,1277.0,0.0,0,294.84,0.0,1,14.57,1.8,SPY190930P00268000,268.0,0,0.0,0.0,,0.0,normalDay
2019-08-02,0.0,1252.0,0.0,0,292.62,0.0,1,14.57,2.05,SPY190930P00268000,268.0,0,0.0,0.0,,0.0,normalDay
2019-08-05,0.0,991.0,0.0,0,283.82,0.0,1,14.57,4.66,SPY190930P00268000,268.0,0,0.0,0.0,,0.0,normalDay
2019-08-06,0.0,1158.0,0.0,0,287.8,0.0,1,14.57,2.99,SPY190930P00268000,268.0,0,0.0,0.0,,0.0,normalDay
2019-08-07,0.0,1168.0,0.0,0,287.97,0.0,1,14.57,2.89,SPY190930P00268000,268.0,0,0.0,0.0,,0.0,normalDay
2019-08-08,0.0,1283.0,0.0,0,293.62,0.0,1,14.57,1.74,SPY190930P00268000,268.0,0,0.0,0.0,,0.0,normalDay
2019-08-09,0.0,1253.0,0.0,0,291.62,0.0,1,14.57,2.04,SPY190930P00268000,268.0,0,0.0,0.0,,0.0,normalDay
2019-08-12,0.0,1159.0,0.0,0,288.07,0.0,1,14.57,2.98,SPY190930P00268000,268.0,0,0.0,0.0,,0.0,normalDay
2019-08-13,0.0,1278.0,0.0,0,292.55,0.0,1,14.57,1.79,SPY190930P00268000,268.0,0,0.0,0.0,,0.0,normalDay
2019-08-14,0.0,1086.0,0.0,0,283.9,0.0,1,14.57,3.71,SPY190930P00268000,268.0,0,0.0,0.0,,0.0,normalDay
2019-08-15,0.0,1125.0,0.0,0,284.65,0.0,1,14.57,3.32,SPY190930P00268000,268.0,0,0.0,0.0,,0.0,normalDay
2019-08-16,0.0,1245.0,0.0,0,288.85,0.0,1,14.57,2.12,SPY190930P00268000,268.0,0,0.0,0.0,,0.0,normalDay
2019-08-19,0.0,1326.0,0.0,0,292.33,0.0,1,14.57,1.31,SPY190930P00268000,268.0,0,0.0,0.0,,0.0,normalDay
2019-08-20,0.0,1299.0,0.0,0,290.09,0.0,1,14.57,1.58,SPY190930P00268000,268.0,0,0.0,0.0,,0.0,normalDay
2019-08-21,0.0,1356.0,0.0,0,292.45,0.0,1,14.57,1.01,SPY190930P00268000,268.0,0,0.0,0.0,,0.0,normalDay
2019-08-22,0.0,1342.0,0.0,0,292.36,0.0,1,14.57,1.15,SPY190930P00268000,268.0,0,0.0,0.0,,0.0,normalDay
2019-08-23,0.0,1226.0,0.0,0,284.85,0.0,1,14.57,2.31,SPY190930P00268000,268.0,0,0.0,0.0,,0.0,normalDay
2019-08-26,0.0,1285.0,0.0,0,288.0,0.0,1,14.57,1.72,SPY190930P00268000,268.0,0,0.0,0.0,,0.0,normalDay
2019-08-27,0.0,1256.0,0.0,0,286.87,0.0,1,14.57,2.01,SPY190930P00268000,268.0,0,0.0,0.0,,0.0,normalDay
2019-08-28,0.0,1303.0,0.0,0,288.89,0.0,1,14.57,1.54,SPY190930P00268000,268.0,0,0.0,0.0,,0.0,normalDay
2019-08-29,0.0,1351.0,0.0,0,292.58,0.0,1,14.57,1.06,SPY190930P00268000,268.0,0,0.0,0.0,,0.0,normalDay
2019-08-30,0.0,1342.0,0.0,0,292.45,0.0,1,14.57,1.15,SPY190930P00268000,268.0,0,0.0,0.0,,0.0,normalDay
2019-09-03,0.0,1340.0,0.0,0,290.74,0.0,1,14.57,1.17,SPY190930P00268000,268.0,0,0.0,0.0,,0.0,normalDay
2019-09-04,0.0,1396.0,0.0,0,294.04,0.0,1,14.57,0.61,SPY190930P00268000,268.0,0,0.0,0.0,,0.0,normalDay
2019-09-05,0.0,1416.0,0.0,0,297.82,0.0,1,14.57,0.41,SPY190930P00268000,268.0,0,0.0,0.0,,0.0,normalDay
2019-09-06,0.0,1430.0,0.0,0,298.05,0.0,1,14.57,0.27,SPY190930P00268000,268.0,0,0.0,0.0,,0.0,normalDay
2019-09-09,0.0,1433.0,0.0,0,298.2,0.0,1,14.57,0.24,SPY190930P00268000,268.0,0,0.0,0.0,,0.0,normalDay
2019-09-10,0.0,1435.0,0.0,0,298.13,0.0,1,14.57,0.22,SPY190930P00268000,268.0,0,0.0,0.0,,0.0,normalDay
2019-09-11,0.0,1441.0,0.0,0,300.25,0.0,1,14.57,0.16,SPY190930P00268000,268.0,0,0.0,0.0,,0.0,normalDay
2019-09-12,0.0,1444.0,0.0,0,301.29,0.0,1,14.57,0.13,SPY190930P00268000,268.0,0,0.0,0.0,,0.0,normalDay
2019-09-13,0.0,1446.0,0.0,0,301.09,0.0,1,14.57,0.11,SPY190930P00268000,268.0,0,0.0,0.0,,0.0,normalDay
2019-09-16,0.0,1446.0,0.0,0,300.16,0.0,1,14.57,0.11,SPY190930P00268000,268.0,0,0.0,0.0,,0.0,normalDay
2019-09-17,0.0,1447.0,0.0,0,300.92,0.0,1,14.57,0.1,SPY190930P00268000,268.0,0,0.0,0.0,,0.0,normalDay
2019-09-18,0.0,1449.0,0.0,0,301.1,0.0,1,14.57,0.08,SPY190930P00268000,268.0,0,0.0,0.0,,0.0,normalDay
2019-09-19,0.0,1450.0,0.0,0,301.08,0.0,1,14.57,0.07,SPY190930P00268000,268.0,0,0.0,0.0,,0.0,normalDay
2019-09-20,0.0,1451.0,0.0,0,298.28,0.0,1,14.57,0.06,SPY190930P00268000,268.0,0,0.0,0.0,,0.0,normalDay
2019-09-23,0.0,1454.0,0.0,0,298.21,0.0,1,14.57,0.03,SPY190930P00268000,268.0,0,0.0,0.0,,0.0,normalDay
2019-09-24,0.0,1451.0,0.0,0,295.87,0.0,1,14.57,0.06,SPY190930P00268000,268.0,0,0.0,0.0,,0.0,normalDay
2019-09-25,0.0,1454.0,0.0,0,297.62,0.0,1,14.57,0.03,SPY190930P00268000,268.0,0,0.0,0.0,,0.0,normalDay
2019-09-26,0.0,1456.0,0.0,0,297.0,0.0,1,14.57,0.01,SPY190930P00268000,268.0,0,0.0,0.0,,0.0,normalDay
2019-09-27,0.0,1455.0,0.0,0,295.4,0.0,1,14.57,0.02,SPY190930P00268000,268.0,0,0.0,0.0,,0.0,normalDay
2019-09-30,1457.0,0.0,1457.0,0,296.77,0.0,1,14.57,0.0,SPY190930P00268000,268.0,0,0.0,0.0,,0.0,expirationDay
2019-10-01,1457.0,-24.0,0.0,0,293.24,0.0,1,21.15,21.39,SPY200930P00296000,296.0,0,0.0,0.0,,0.0,normalDay
2019-10-02,1457.0,-344.0,0.0,0,288.06,0.0,1,21.15,24.59,SPY200930P00296000,296.0,0,0.0,0.0,,0.0,normalDay
2019-10-03,1457.0,-202.0,0.0,0,290.42,0.0,1,21.15,23.17,SPY200930P00296000,296.0,0,0.0,0.0,,0.0,normalDay
2019-10-04,1457.0,32.0,0.0,0,294.35,0.0,1,21.15,20.83,SPY200930P00296000,296.0,0,0.0,0.0,,0.0,normalDay
2019-10-07,1457.0,-22.0,0.0,0,293.08,0.0,1,21.15,21.37,SPY200930P00296000,296.0,0,0.0,0.0,,0.0,normalDay
2019-10-08,1457.0,-282.0,0.0,0,288.53,0.0,1,21.15,23.97,SPY200930P00296000,296.0,0,0.0,0.0,,0.0,normalDay
2019-10-09,1457.0,-128.0,0.0,0,291.27,0.0,1,21.15,22.43,SPY200930P00296000,296.0,0,0.0,0.0,,0.0,normalDay
2019-10-10,1457.0,8.0,0.0,0,293.24,0.0,1,21.15,21.07,SPY200930P00296000,296.0,0,0.0,0.0,,0.0,normalDay
2019-10-11,1457.0,182.0,0.0,0,296.28,0.0,1,21.15,19.33,SPY200930P00296000,296.0,0,0.0,0.0,,0.0,normalDay
2019-10-14,1457.0,198.0,0.0,0,295.95,0.0,1,21.15,19.17,SPY200930P00296000,296.0,0,0.0,0.0,,0.0,normalDay
2019-10-15,1457.0,348.0,0.0,0,298.88,0.0,1,21.15,17.67,SPY200930P00296000,296.0,0,0.0,0.0,,0.0,normalDay
2019-10-16,1457.0,329.0,0.0,0,298.4,0.0,1,21.15,17.86,SPY200930P00296000,296.0,0,0.0,0.0,,0.0,normalDay
2019-10-17,1457.0,358.0,0.0,0,299.28,0.0,1,21.15,17.57,SPY200930P00296000,296.0,0,0.0,0.0,,0.0,normalDay
2019-10-18,1457.0,293.0,0.0,0,297.97,0.0,1,21.15,18.22,SPY200930P00296000,296.0,0,0.0,0.0,,0.0,normalDay
2019-10-21,1457.0,396.0,0.0,0,299.99,0.0,1,21.15,17.19,SPY200930P00296000,296.0,0,0.0,0.0,,0.0,normalDay
2019-10-22,1457.0,345.0,0.0,0,299.01,0.0,1,21.15,17.7,SPY200930P00296000,296.0,0,0.0,0.0,,0.0,normalDay
2019-10-23,1457.0,387.0,0.0,0,299.88,0.0,1,21.15,17.28,SPY200930P00296000,296.0,0,0.0,0.0,,0.0,normalDay
2019-10-24,1457.0,404.0,0.0,0,300.37,0.0,1,21.15,17.11,SPY200930P00296000,296.0,0,0.0,0.0,,0.0,normalDay
2019-10-25,1457.0,475.0,0.0,0,301.6,0.0,1,21.15,16.4,SPY200930P00296000,296.0,0,0.0,0.0,,0.0,normalDay
2019-10-28,1457.0,534.0,0.0,0,303.3,0.0,1,21.15,15.81,SPY200930P00296000,296.0,0,0.0,0.0,,0.0,normalDay
2019-10-29,1457.0,520.0,0.0,0,303.21,0.0,1,21.15,15.95,SPY200930P00296000,296.0,0,0.0,0.0,,0.0,normalDay
2019-10-30,1457.0,576.0,0.0,0,304.14,0.0,1,21.15,15.39,SPY200930P00296000,296.0,0,0.0,0.0,,0.0,normalDay
2019-10-31,1457.0,518.0,0.0,0,303.33,0.0,1,21.15,15.97,SPY200930P00296000,296.0,0,0.0,0.0,,0.0,normalDay
2019-11-01,1457.0,625.0,0.0,0,306.14,0.0,1,21.15,14.9,SPY200930P00296000,296.0,0,0.0,0.0,,0.0,normalDay
2019-11-04,1457.0,669.0,0.0,0,307.37,0.0,1,21.15,14.46,SPY200930P00296000,296.0,0,0.0,0.0,,0.0,normalDay
2019-11-05,1457.0,643.0,0.0,0,307.03,0.0,1,21.15,14.72,SPY200930P00296000,296.0,0,0.0,0.0,,0.0,normalDay
2019-11-06,1457.0,642.0,0.0,0,307.1,0.0,1,21.15,14.73,SPY200930P00296000,296.0,0,0.0,0.0,,0.0,normalDay
2019-11-07,1457.0,672.0,0.0,0,308.18,0.0,1,21.15,14.43,SPY200930P00296000,296.0,0,0.0,0.0,,0.0,normalDay
2019-11-08,1457.0,702.0,0.0,0,308.94,0.0,1,21.15,14.13,SPY200930P00296000,296.0,0,0.0,0.0,,0.0,normalDay
2019-11-11,1457.0,690.0,0.0,0,308.35,0.0,1,21.15,14.25,SPY200930P00296000,296.0,0,0.0,0.0,,0.0,normalDay
2019-11-12,1457.0,702.0,0.0,0,309.0,0.0,1,21.15,14.13,SPY200930P00296000,296.0,0,0.0,0.0,,0.0,normalDay
2019-11-13,1457.0,710.0,0.0,0,309.1,0.0,1,21.15,14.05,SPY200930P00296000,296.0,0,0.0,0.0,,0.0,normalDay
2019-11-14,1457.0,724.0,0.0,0,309.55,0.0,1,21.15,13.91,SPY200930P00296000,296.0,0,0.0,0.0,,0.0,normalDay
2019-11-15,1457.0,808.0,0.0,0,311.79,0.0,1,21.15,13.07,SPY200930P00296000,296.0,0,0.0,0.0,,0.0,normalDay
2019-11-18,1457.0,818.0,0.0,0,312.02,0.0,1,21.15,12.97,SPY200930P00296000,296.0,0,0.0,0.0,,0.0,normalDay
2019-11-19,1457.0,802.0,0.0,0,311.93,0.0,1,21.15,13.13,SPY200930P00296000,296.0,0,0.0,0.0,,0.0,normalDay
2019-11-20,1457.0,752.0,0.0,0,310.77,0.0,1,21.15,13.63,SPY200930P00296000,296.0,0,0.0,0.0,,0.0,normalDay
2019-11-21,1457.0,724.0,0.0,0,310.27,0.0,1,21.15,13.91,SPY200930P00296000,296.0,0,0.0,0.0,,0.0,normalDay
2019-11-22,1457.0,761.0,0.0,0,310.96,0.0,1,21.15,13.54,SPY200930P00296000,296.0,0,0.0,0.0,,0.0,normalDay
2019-11-25,1457.0,856.0,0.0,0,313.37,0.0,1,21.15,12.59,SPY200930P00296000,296.0,0,0.0,0.0,,0.0,normalDay
2019-11-26,1457.0,898.0,0.0,0,314.08,0.0,1,21.15,12.17,SPY200930P00296000,296.0,0,0.0,0.0,,0.0,normalDay
2019-11-27,1457.0,928.0,0.0,0,315.48,0.0,1,21.15,11.87,SPY200930P00296000,296.0,0,0.0,0.0,,0.0,normalDay
2019-11-29,1457.0,883.0,0.0,0,314.31,0.0,1,21.15,12.32,SPY200930P00296000,296.0,0,0.0,0.0,,0.0,normalDay
2019-12-02,1457.0,765.0,0.0,0,311.64,0.0,1,21.15,13.5,SPY200930P00296000,296.0,0,0.0,0.0,,0.0,normalDay
2019-12-03,1457.0,671.0,0.0,0,309.55,0.0,1,21.15,14.44,SPY200930P00296000,296.0,0,0.0,0.0,,0.0,normalDay
2019-12-04,1457.0,748.0,0.0,0,311.46,0.0,1,21.15,13.67,SPY200930P00296000,296.0,0,0.0,0.0,,0.0,normalDay
2019-12-05,1457.0,790.0,0.0,0,312.02,0.0,1,21.15,13.25,SPY200930P00296000,296.0,0,0.0,0.0,,0.0,normalDay
2019-12-06,1457.0,887.0,0.0,0,314.87,0.0,1,21.15,12.28,SPY200930P00296000,296.0,0,0.0,0.0,,0.0,normalDay
2019-12-09,1457.0,830.0,0.0,0,313.88,0.0,1,21.15,12.85,SPY200930P00296000,296.0,0,0.0,0.0,,0.0,normalDay
2019-12-10,1457.0,842.0,0.0,0,313.53,0.0,1,21.15,12.73,SPY200930P00296000,296.0,0,0.0,0.0,,0.0,normalDay
2019-12-11,1457.0,883.0,0.0,0,314.42,0.0,1,21.15,12.32,SPY200930P00296000,296.0,0,0.0,0.0,,0.0,normalDay
2019-12-12,1457.0,979.0,0.0,0,317.13,0.0,1,21.15,11.36,SPY200930P00296000,296.0,0,0.0,0.0,,0.0,normalDay
2019-12-13,1457.0,1027.0,0.0,0,317.32,0.0,1,21.15,10.88,SPY200930P00296000,296.0,0,0.0,0.0,,0.0,normalDay
2019-12-16,1457.0,1114.0,0.0,0,319.5,0.0,1,21.15,10.01,SPY200930P00296000,296.0,0,0.0,0.0,,0.0,normalDay
2019-12-17,1457.0,1099.0,0.0,0,319.57,0.0,1,21.15,10.16,SPY200930P00296000,296.0,0,0.0,0.0,,0.0,normalDay
2019-12-18,1457.0,1102.0,0.0,0,319.59,0.0,1,21.15,10.13,SPY200930P00296000,296.0,0,0.0,0.0,,0.0,normalDay
2019-12-19,1457.0,1133.0,0.0,0,320.9,0.0,1,21.15,9.82,SPY200930P00296000,296.0,0,0.0,0.0,,0.0,normalDay
2019-12-20,1457.0,1170.0,0.0,0,320.73,0.0,1,21.15,9.45,SPY200930P00296000,296.0,0,0.0,0.0,,0.0,normalDay
2019-12-23,1457.0,1172.0,0.0,0,321.22,0.0,1,21.15,9.43,SPY200930P00296000,296.0,0,0.0,0.0,,0.0,normalDay
2019-12-24,1457.0,1178.0,0.0,0,321.23,0.0,1,21.15,9.37,SPY200930P00296000,296.0,0,0.0,0.0,,0.0,normalDay
2019-12-26,1457.0,1218.0,0.0,0,322.94,0.0,1,21.15,8.97,SPY200930P00296000,296.0,0,0.0,0.0,,0.0,normalDay
2019-12-27,1457.0,1197.0,0.0,0,322.86,0.0,1,21.15,9.18,SPY200930P00296000,296.0,0,0.0,0.0,,0.0,normalDay
2019-12-30,1457.0,1144.0,0.0,0,321.08,0.0,1,21.15,9.71,SPY200930P00296000,296.0,0,0.0,0.0,,0.0,normalDay
2019-12-31,1457.0,1190.0,0.0,0,321.86,0.0,1,21.15,9.25,SPY200930P00296000,296.0,0,0.0,0.0,,0.0,normalDay
2020-01-02,1457.0,1276.0,0.0,0,324.87,0.0,1,21.15,8.39,SPY200930P00296000,296.0,0,0.0,0.0,,0.0,normalDay
2020-01-03,1457.0,1191.0,0.0,0,322.41,0.0,1,21.15,9.24,SPY200930P00296000,296.0,0,0.0,0.0,,0.0,normalDay
2020-01-06,1457.0,1237.0,0.0,0,323.64,0.0,1,21.15,8.78,SPY200930P00296000,296.0,0,0.0,0.0,,0.0,normalDay
2020-01-07,1457.0,1221.0,0.0,0,322.73,0.0,1,21.15,8.94,SPY200930P00296000,296.0,0,0.0,0.0,,0.0,normalDay
2020-01-08,1457.0,1285.0,0.0,0,324.45,0.0,1,21.15,8.3,SPY200930P00296000,296.0,0,0.0,0.0,,0.0,normalDay
2020-01-09,1457.0,1345.0,0.0,0,326.65,0.0,1,21.15,7.7,SPY200930P00296000,296.0,0,0.0,0.0,,0.0,normalDay
2020-01-10,1457.0,1321.0,0.0,0,325.71,0.0,1,21.15,7.94,SPY200930P00296000,296.0,0,0.0,0.0,,0.0,normalDay
2020-01-13,1457.0,1387.0,0.0,0,327.95,0.0,1,21.15,7.28,SPY200930P00296000,296.0,0,0.0,0.0,,0.0,normalDay
2020-01-14,1457.0,1393.0,0.0,0,327.45,0.0,1,21.15,7.22,SPY200930P00296000,296.0,0,0.0,0.0,,0.0,normalDay
2020-01-15,1457.0,1407.0,0.0,0,328.19,0.0,1,21.15,7.08,SPY200930P00296000,296.0,0,0.0,0.0,,0.0,normalDay
2020-01-16,1457.0,1460.0,0.0,0,330.92,0.0,1,21.15,6.55,SPY200930P00296000,296.0,0,0.0,0.0,,0.0,normalDay
2020-01-17,1457.0,1482.0,0.0,0,331.95,0.0,1,21.15,6.33,SPY200930P00296000,296.0,0,0.0,0.0,,0.0,normalDay
2020-01-21,1457.0,1466.0,0.0,0,331.3,0.0,1,21.15,6.49,SPY200930P00296000,296.0,0,0.0,0.0,,0.0,normalDay
2020-01-22,1457.0,1458.0,0.0,0,331.34,0.0,1,21.15,6.57,SPY200930P00296000,296.0,0,0.0,0.0,,0.0,normalDay
2020-01-23,1457.0,1469.0,0.0,0,331.72,0.0,1,21.15,6.46,SPY200930P00296000,296.0,0,0.0,0.0,,0.0,normalDay
2020-01-24,1457.0,1390.0,0.0,0,328.77,0.0,1,21.15,7.25,SPY200930P00296000,296.0,0,0.0,0.0,,0.0,normalDay
2020-01-27,1457.0,1219.0,0.0,0,323.5,0.0,1,21.15,8.96,SPY200930P00296000,296.0,0,0.0,0.0,,0.0,normalDay
2020-01-28,1457.0,1337.0,0.0,0,326.89,0.0,1,21.15,7.78,SPY200930P00296000,296.0,0,0.0,0.0,,0.0,normalDay
2020-01-29,1457.0,1337.0,0.0,0,326.62,0.0,1,21.15,7.78,SPY200930P00296000,296.0,0,0.0,0.0,,0.0,normalDay
2020-01-30,1457.0,1385.0,0.0,0,327.68,0.0,1,21.15,7.3,SPY200930P00296000,296.0,0,0.0,0.0,,0.0,normalDay
2020-01-31,1457.0,1201.0,0.0,0,321.73,0.0,1,21.15,9.14,SPY200930P00296000,296.0,0,0.0,0.0,,0.0,normalDay
2020-02-03,1457.0,1267.0,0.0,0,324.12,0.0,1,21.15,8.48,SPY200930P00296000,296.0,0,0.0,0.0,,0.0,normalDay
2020-02-04,1457.0,1422.0,0.0,0,329.06,0.0,1,21.15,6.93,SPY200930P00296000,296.0,0,0.0,0.0,,0.0,normalDay
2020-02-05,1457.0,1505.0,0.0,0,332.86,0.0,1,21.15,6.1,SPY200930P00296000,296.0,0,0.0,0.0,,0.0,normalDay
2020-02-06,1457.0,1517.0,0.0,0,333.98,0.0,1,21.15,5.98,SPY200930P00296000,296.0,0,0.0,0.0,,0.0,normalDay
2020-02-07,1457.0,1473.0,0.0,0,332.2,0.0,1,21.15,6.42,SPY200930P00296000,296.0,0,0.0,0.0,,0.0,normalDay
2020-02-10,1457.0,1531.0,0.0,0,334.68,0.0,1,21.15,5.84,SPY200930P00296000,296.0,0,0.0,0.0,,0.0,normalDay
2020-02-11,1457.0,1536.0,0.0,0,335.26,0.0,1,21.15,5.79,SPY200930P00296000,296.0,0,0.0,0.0,,0.0,normalDay
2020-02-12,1457.0,1581.0,0.0,0,337.42,0.0,1,21.15,5.34,SPY200930P00296000,296.0,0,0.0,0.0,,0.0,normalDay
2020-02-13,1457.0,1570.0,0.0,0,337.06,0.0,1,21.15,5.45,SPY200930P00296000,296.0,0,0.0,0.0,,0.0,normalDay
2020-02-14,1457.0,1581.0,0.0,0,337.6,0.0,1,21.15,5.34,SPY200930P00296000,296.0,0,0.0,0.0,,0.0,normalDay
2020-02-18,1457.0,1558.0,0.0,0,336.73,0.0,1,21.15,5.57,SPY200930P00296000,296.0,0,0.0,0.0,,0.0,normalDay
2020-02-19,1457.0,1585.0,0.0,0,338.34,0.0,1,21.15,5.3,SPY200930P00296000,296.0,0,0.0,0.0,,0.0,normalDay
2020-02-20,1457.0,1547.0,0.0,0,336.95,0.0,1,21.15,5.68,SPY200930P00296000,296.0,0,0.0,0.0,,0.0,normalDay
2020-02-21,1457.0,1456.0,0.0,0,333.48,0.0,1,21.15,6.59,SPY200930P00296000,296.0,0,0.0,0.0,,0.0,normalDay
2020-02-24,1457.0,1114.0,0.0,0,322.42,0.0,1,21.15,10.01,SPY200930P00296000,296.0,0,0.0,0.0,,0.0,normalDay
2020-02-25,1457.0,818.0,0.0,0,312.65,0.0,1,21.15,12.97,SPY200930P00296000,296.0,0,0.0,0.0,,0.0,normalDay
2020-02-26,1457.0,782.0,0.0,0,311.5,0.0,1,21.15,13.33,SPY200930P00296000,296.0,0,0.0,0.0,,0.0,normalDay
2020-02-27,1457.0,-36.0,0.0,0,297.51,0.0,1,21.15,21.51,SPY200930P00296000,296.0,0,0.0,0.0,,0.0,normalDay
2020-02-28,1457.0,-116.0,0.0,0,296.26,0.0,1,21.15,22.31,SPY200930P00296000,296.0,0,0.0,0.0,,0.0,normalDay
2020-03-02,1457.0,550.0,0.0,0,309.09,0.0,1,21.15,15.65,SPY200930P00296000,296.0,0,0.0,0.0,,0.0,normalDay
2020-03-03,1457.0,165.0,0.0,0,300.24,0.0,1,21.15,19.5,SPY200930P00296000,296.0,0,0.0,0.0,,0.0,normalDay
2020-03-04,1457.0,564.0,0.0,0,312.86,0.0,1,21.15,15.51,SPY200930P00296000,296.0,0,0.0,0.0,,0.0,normalDay
2020-03-05,1457.0,-32.0,0.0,0,302.46,0.0,1,21.15,21.47,SPY200930P00296000,296.0,0,0.0,0.0,,0.0,normalDay
2020-03-06,1457.0,-499.0,0.0,0,297.46,0.0,1,21.15,26.14,SPY200930P00296000,296.0,0,0.0,0.0,,0.0,normalDay
2020-03-09,1457.0,-1857.0,0.0,0,274.23,0.0,1,21.15,39.72,SPY200930P00296000,296.0,0,0.0,0.0,,0.0,normalDay
2020-03-10,1457.0,-958.0,0.0,0,288.42,0.0,1,21.15,30.73,SPY200930P00296000,296.0,0,0.0,0.0,,0.0,normalDay
2020-03-11,1457.0,-1897.0,0.0,0,274.36,0.0,1,21.15,40.12,SPY200930P00296000,296.0,0,0.0,0.0,,0.0,normalDay
2020-03-12,1457.0,-3992.0,0.0,0,248.11,0.0,1,21.15,61.07,SPY200930P00296000,296.0,0,0.0,0.0,,0.0,normalDay
2020-03-13,1457.0,-2130.0,0.0,0,269.32,0.0,1,21.15,42.45,SPY200930P00296000,296.0,0,0.0,0.0,,0.0,normalDay
2020-03-16,1457.0,-4456.0,0.0,0,239.85,0.0,1,21.15,65.71,SPY200930P00296000,296.0,0,0.0,0.0,,0.0,normalDay
2020-03-17,1457.0,-3740.0,0.0,0,252.8,0.0,1,21.15,58.55,SPY200930P00296000,296.0,0,0.0,0.0,,0.0,normalDay
2020-03-18,1457.0,-4658.0,0.0,0,240.0,0.0,1,21.15,67.73,SPY200930P00296000,296.0,0,0.0,0.0,,0.0,normalDay
2020-03-19,1457.0,-4394.0,0.0,0,240.51,0.0,1,21.15,65.09,SPY200930P00296000,296.0,0,0.0,0.0,,0.0,normalDay
2020-03-20,1457.0,-5096.0,0.0,0,228.8,0.0,1,21.15,72.11,SPY200930P00296000,296.0,0,0.0,0.0,,0.0,normalDay
2020-03-23,1457.0,-5767.0,0.0,0,222.95,0.0,1,21.15,78.82,SPY200930P00296000,296.0,0,0.0,0.0,,0.0,normalDay
2020-03-24,1457.0,-3810.0,0.0,0,243.15,0.0,1,21.15,59.25,SPY200930P00296000,296.0,0,0.0,0.0,,0.0,normalDay
2020-03-25,1457.0,-3568.0,0.0,0,246.79,0.0,1,21.15,56.83,SPY200930P00296000,296.0,0,0.0,0.0,,0.0,normalDay
2020-03-26,1457.0,-2516.0,0.0,0,261.2,0.0,1,21.15,46.31,SPY200930P00296000,296.0,0,0.0,0.0,,0.0,normalDay
2020-03-27,1457.0,-3042.0,0.0,0,253.42,0.0,1,21.15,51.57,SPY200930P00296000,296.0,0,0.0,0.0,,0.0,normalDay
2020-03-30,1457.0,-2450.0,0.0,0,261.65,0.0,1,21.15,45.65,SPY200930P00296000,296.0,0,0.0,0.0,,0.0,normalDay
2020-03-31,1457.0,-2642.0,0.0,0,257.75,0.0,1,21.15,47.57,SPY200930P00296000,296.0,0,0.0,0.0,,0.0,normalDay
2020-04-01,1457.0,-3562.0,0.0,0,246.15,0.0,1,21.15,56.77,SPY200930P00296000,296.0,0,0.0,0.0,,0.0,normalDay
2020-04-02,1457.0,-2994.0,0.0,0,251.83,0.0,1,21.15,51.09,SPY200930P00296000,296.0,0,0.0,0.0,,0.0,normalDay
2020-04-03,1457.0,-3267.0,0.0,0,248.19,0.0,1,21.15,53.82,SPY200930P00296000,296.0,0,0.0,0.0,,0.0,normalDay
2020-04-06,1457.0,-1984.0,0.0,0,264.86,0.0,1,21.15,40.99,SPY200930P00296000,296.0,0,0.0,0.0,,0.0,normalDay
2020-04-07,1457.0,-2098.0,0.0,0,265.13,0.0,1,21.15,42.13,SPY200930P00296000,296.0,0,0.0,0.0,,0.0,normalDay
2020-04-08,1457.0,-1486.0,0.0,0,274.03,0.0,1,21.15,36.01,SPY200930P00296000,296.0,0,0.0,0.0,,0.0,normalDay
2020-04-09,1457.0,-1278.0,0.0,0,278.2,0.0,1,21.15,33.93,SPY200930P00296000,296.0,0,0.0,0.0,,0.0,normalDay
2020-04-13,1457.0,-1368.0,0.0,0,275.66,0.0,1,21.15,34.83,SPY200930P00296000,296.0,0,0.0,0.0,,0.0,normalDay
2020-04-14,1457.0,-839.0,0.0,0,283.79,0.0,1,21.15,29.54,SPY200930P00296000,296.0,0,0.0,0.0,,0.0,normalDay
2020-04-15,1457.0,-1264.0,0.0,0,277.76,0.0,1,21.15,33.79,SPY200930P00296000,296.0,0,0.0,0.0,,0.0,normalDay
2020-04-16,1457.0,-1196.0,0.0,0,279.1,0.0,1,21.15,33.11,SPY200930P00296000,296.0,0,0.0,0.0,,0.0,normalDay
2020-04-17,1457.0,-749.0,0.0,0,286.64,0.0,1,21.15,28.64,SPY200930P00296000,296.0,0,0.0,0.0,,0.0,normalDay
2020-04-20,1457.0,-1131.0,0.0,0,281.59,0.0,1,21.15,32.46,SPY200930P00296000,296.0,0,0.0,0.0,,0.0,normalDay
2020-04-21,1457.0,-1653.0,0.0,0,273.04,0.0,1,21.15,37.68,SPY200930P00296000,296.0,0,0.0,0.0,,0.0,normalDay
2020-04-22,1457.0,-1305.0,0.0,0,279.1,0.0,1,21.15,34.2,SPY200930P00296000,296.0,0,0.0,0.0,,0.0,normalDay
2020-04-23,1457.0,-1286.0,0.0,0,279.08,0.0,1,21.15,34.01,SPY200930P00296000,296.0,0,0.0,0.0,,0.0,normalDay
2020-04-24,1457.0,-950.0,0.0,0,282.97,0.0,1,21.15,30.65,SPY200930P00296000,296.0,0,0.0,0.0,,0.0,normalDay
2020-04-27,1457.0,-602.0,0.0,0,287.05,0.0,1,21.15,27.17,SPY200930P00296000,296.0,0,0.0,0.0,,0.0,normalDay
2020-04-28,1457.0,-643.0,0.0,0,285.73,0.0,1,21.15,27.58,SPY200930P00296000,296.0,0,0.0,0.0,,0.0,normalDay
2020-04-29,1457.0,-218.0,0.0,0,293.21,0.0,1,21.15,23.33,SPY200930P00296000,296.0,0,0.0,0.0,,0.0,normalDay
2020-04-30,1457.0,-457.0,0.0,0,290.48,0.0,1,21.15,25.72,SPY200930P00296000,296.0,0,0.0,0.0,,0.0,normalDay
2020-05-01,1457.0,-890.0,0.0,0,282.79,0.0,1,21.15,30.05,SPY200930P00296000,296.0,0,0.0,0.0,,0.0,normalDay
2020-05-04,1457.0,-799.0,0.0,0,283.57,0.0,1,21.15,29.14,SPY200930P00296000,296.0,0,0.0,0.0,,0.0,normalDay
2020-05-05,1457.0,-605.0,0.0,0,286.19,0.0,1,21.15,27.2,SPY200930P00296000,296.0,0,0.0,0.0,,0.0,normalDay
2020-05-06,1457.0,-714.0,0.0,0,284.25,0.0,1,21.15,28.29,SPY200930P00296000,296.0,0,0.0,0.0,,0.0,normalDay
2020-05-07,1457.0,-443.0,0.0,0,287.68,0.0,1,21.15,25.58,SPY200930P00296000,296.0,0,0.0,0.0,,0.0,normalDay
2020-05-08,1457.0,-98.0,0.0,0,292.44,0.0,1,21.15,22.13,SPY200930P00296000,296.0,0,0.0,0.0,,0.0,normalDay
2020-05-11,1457.0,-76.0,0.0,0,292.5,0.0,1,21.15,21.91,SPY200930P00296000,296.0,0,0.0,0.0,,0.0,normalDay
2020-05-12,1457.0,-458.0,0.0,0,286.67,0.0,1,21.15,25.73,SPY200930P00296000,296.0,0,0.0,0.0,,0.0,normalDay
2020-05-13,1457.0,-710.0,0.0,0,281.6,0.0,1,21.15,28.25,SPY200930P00296000,296.0,0,0.0,0.0,,0.0,normalDay
2020-05-14,1457.0,-473.0,0.0,0,284.97,0.0,1,21.15,25.88,SPY200930P00296000,296.0,0,0.0,0.0,,0.0,normalDay
2020-05-15,1457.0,-423.0,0.0,0,286.28,0.0,1,21.15,25.38,SPY200930P00296000,296.0,0,0.0,0.0,,0.0,normalDay
2020-05-18,1457.0,111.0,0.0,0,295.0,0.0,1,21.15,20.04,SPY200930P00296000,296.0,0,0.0,0.0,,0.0,normalDay
2020-05-19,1457.0,-34.0,0.0,0,291.97,0.0,1,21.15,21.49,SPY200930P00296000,296.0,0,0.0,0.0,,0.0,normalDay
2020-05-20,1457.0,261.0,0.0,0,296.93,0.0,1,21.15,18.54,SPY200930P00296000,296.0,0,0.0,0.0,,0.0,normalDay
2020-05-21,1457.0,107.0,0.0,0,294.88,0.0,1,21.15,20.08,SPY200930P00296000,296.0,0,0.0,0.0,,0.0,normalDay
2020-05-22,1457.0,153.0,0.0,0,295.44,0.0,1,21.15,19.62,SPY200930P00296000,296.0,0,0.0,0.0,,0.0,normalDay
2020-05-26,1457.0,364.0,0.0,0,299.08,0.0,1,21.15,17.51,SPY200930P00296000,296.0,0,0.0,0.0,,0.0,normalDay
2020-05-27,1457.0,560.0,0.0,0,303.53,0.0,1,21.15,15.55,SPY200930P00296000,296.0,0,0.0,0.0,,0.0,normalDay
2020-05-28,1457.0,541.0,0.0,0,302.97,0.0,1,21.15,15.74,SPY200930P00296000,296.0,0,0.0,0.0,,0.0,normalDay
2020-05-29,1457.0,610.0,0.0,0,304.32,0.0,1,21.15,15.05,SPY200930P00296000,296.0,0,0.0,0.0,,0.0,normalDay
2020-06-01,1457.0,607.0,0.0,0,305.55,0.0,1,21.15,15.08,SPY200930P00296000,296.0,0,0.0,0.0,,0.0,normalDay
2020-06-02,1457.0,727.0,0.0,0,308.08,0.0,1,21.15,13.88,SPY200930P00296000,296.0,0,0.0,0.0,,0.0,normalDay
2020-06-03,1457.0,886.0,0.0,0,312.18,0.0,1,21.15,12.29,SPY200930P00296000,296.0,0,0.0,0.0,,0.0,normalDay
2020-06-04,1457.0,873.0,0.0,0,311.36,0.0,1,21.15,12.42,SPY200930P00296000,296.0,0,0.0,0.0,,0.0,normalDay
2020-06-05,1457.0,1131.0,0.0,0,319.34,0.0,1,21.15,9.84,SPY200930P00296000,296.0,0,0.0,0.0,,0.0,normalDay
2020-06-08,1457.0,1196.0,0.0,0,323.2,0.0,1,21.15,9.19,SPY200930P00296000,296.0,0,0.0,0.0,,0.0,normalDay
2020-06-09,1457.0,1096.0,0.0,0,320.79,0.0,1,21.15,10.19,SPY200930P00296000,296.0,0,0.0,0.0,,0.0,normalDay
2020-06-10,1457.0,1019.0,0.0,0,319.0,0.0,1,21.15,10.96,SPY200930P00296000,296.0,0,0.0,0.0,,0.0,normalDay
2020-06-11,1457.0,56.0,0.0,0,300.61,0.0,1,21.15,20.59,SPY200930P00296000,296.0,0,0.0,0.0,,0.0,normalDay
2020-06-12,1457.0,294.0,0.0,0,304.21,0.0,1,21.15,18.21,SPY200930P00296000,296.0,0,0.0,0.0,,0.0,normalDay
2020-06-15,1457.0,500.0,0.0,0,307.05,0.0,1,21.15,16.15,SPY200930P00296000,296.0,0,0.0,0.0,,0.0,normalDay
2020-06-16,1457.0,706.0,0.0,0,312.96,0.0,1,21.15,14.09,SPY200930P00296000,296.0,0,0.0,0.0,,0.0,normalDay
2020-06-17,1457.0,697.0,0.0,0,311.66,0.0,1,21.15,14.18,SPY200930P00296000,296.0,0,0.0,0.0,,0.0,normalDay
2020-06-18,1457.0,711.0,0.0,0,311.78,0.0,1,21.15,14.04,SPY200930P00296000,296.0,0,0.0,0.0,,0.0,normalDay
2020-06-19,1457.0,572.0,0.0,0,308.64,0.0,1,21.15,15.43,SPY200930P00296000,296.0,0,0.0,0.0,,0.0,normalDay
2020-06-22,1457.0,807.0,0.0,0,310.62,0.0,1,21.15,13.08,SPY200930P00296000,296.0,0,0.0,0.0,,0.0,normalDay
2020-06-23,1457.0,856.0,0.0,0,312.05,0.0,1,21.15,12.59,SPY200930P00296000,296.0,0,0.0,0.0,,0.0,normalDay
2020-06-24,1457.0,567.0,0.0,0,304.09,0.0,1,21.15,15.48,SPY200930P00296000,296.0,0,0.0,0.0,,0.0,normalDay
2020-06-25,1457.0,751.0,0.0,0,307.35,0.0,1,21.15,13.64,SPY200930P00296000,296.0,0,0.0,0.0,,0.0,normalDay
2020-06-26,1457.0,475.0,0.0,0,300.05,0.0,1,21.15,16.4,SPY200930P00296000,296.0,0,0.0,0.0,,0.0,normalDay
2020-06-29,1457.0,697.0,0.0,0,304.46,0.0,1,21.15,14.18,SPY200930P00296000,296.0,0,0.0,0.0,,0.0,normalDay
2020-06-30,1457.0,882.0,0.0,0,308.36,0.0,1,21.15,12.33,SPY200930P00296000,296.0,0,0.0,0.0,,0.0,normalDay
2020-07-01,1457.0,988.0,0.0,0,310.52,0.0,1,21.15,11.27,SPY200930P00296000,296.0,0,0.0,0.0,,0.0,normalDay
2020-07-02,1457.0,1079.0,0.0,0,312.23,0.0,1,21.15,10.36,SPY200930P00296000,296.0,0,0.0,0.0,,0.0,normalDay
2020-07-06,1457.0,1206.0,0.0,0,317.05,0.0,1,21.15,9.09,SPY200930P00296000,296.0,0,0.0,0.0,,0.0,normalDay
2020-07-07,1457.0,1092.0,0.0,0,313.78,0.0,1,21.15,10.23,SPY200930P00296000,296.0,0,0.0,0.0,,0.0,normalDay
2020-07-08,1457.0,1195.0,0.0,0,316.18,0.0,1,21.15,9.2,SPY200930P00296000,296.0,0,0.0,0.0,,0.0,normalDay
2020-07-09,1457.0,1115.0,0.0,0,314.38,0.0,1,21.15,10.0,SPY200930P00296000,296.0,0,0.0,0.0,,0.0,normalDay
2020-07-10,1457.0,1246.0,0.0,0,317.59,0.0,1,21.15,8.69,SPY200930P00296000,296.0,0,0.0,0.0,,0.0,normalDay
2020-07-13,1457.0,1055.0,0.0,0,314.84,0.0,1,21.15,10.6,SPY200930P00296000,296.0,0,0.0,0.0,,0.0,normalDay
2020-07-14,1457.0,1243.0,0.0,0,318.92,0.0,1,21.15,8.72,SPY200930P00296000,296.0,0,0.0,0.0,,0.0,normalDay
2020-07-15,1457.0,1349.0,0.0,0,321.85,0.0,1,21.15,7.66,SPY200930P00296000,296.0,0,0.0,0.0,,0.0,normalDay
2020-07-16,1457.0,1321.0,0.0,0,320.79,0.0,1,21.15,7.94,SPY200930P00296000,296.0,0,0.0,0.0,,0.0,normalDay
2020-07-17,1457.0,1444.0,0.0,0,321.72,0.0,1,21.15,6.71,SPY200930P00296000,296.0,0,0.0,0.0,,0.0,normalDay
2020-07-20,1457.0,1549.0,0.0,0,324.32,0.0,1,21.15,5.66,SPY200930P00296000,296.0,0,0.0,0.0,,0.0,normalDay
2020-07-21,1457.0,1558.0,0.0,0,325.01,0.0,1,21.15,5.57,SPY200930P00296000,296.0,0,0.0,0.0,,0.0,normalDay
2020-07-22,1457.0,1599.0,0.0,0,326.86,0.0,1,21.15,5.16,SPY200930P00296000,296.0,0,0.0,0.0,,0.0,normalDay
2020-07-23,1457.0,1494.0,0.0,0,322.96,0.0,1,21.15,6.21,SPY200930P00296000,296.0,0,0.0,0.0,,0.0,normalDay
2020-07-24,1457.0,1489.0,0.0,0,320.88,0.0,1,21.15,6.26,SPY200930P00296000,296.0,0,0.0,0.0,,0.0,normalDay
2020-07-27,1457.0,1577.0,0.0,0,323.22,0.0,1,21.15,5.38,SPY200930P00296000,296.0,0,0.0,0.0,,0.0,normalDay
2020-07-28,1457.0,1534.0,0.0,0,321.17,0.0,1,21.15,5.81,SPY200930P00296000,296.0,0,0.0,0.0,,0.0,normalDay
2020-07-29,1457.0,1632.0,0.0,0,325.12,0.0,1,21.15,4.83,SPY200930P00296000,296.0,0,0.0,0.0,,0.0,normalDay
2020-07-30,1457.0,1595.0,0.0,0,323.96,0.0,1,21.15,5.2,SPY200930P00296000,296.0,0,0.0,0.0,,0.0,normalDay
2020-07-31,1457.0,1662.0,0.0,0,326.52,0.0,1,21.15,4.53,SPY200930P00296000,296.0,0,0.0,0.0,,0.0,normalDay
2020-08-03,1457.0,1710.0,0.0,0,328.79,0.0,1,21.15,4.05,SPY200930P00296000,296.0,0,0.0,0.0,,0.0,normalDay
2020-08-04,1457.0,1748.0,0.0,0,330.06,0.0,1,21.15,3.67,SPY200930P00296000,296.0,0,0.0,0.0,,0.0,normalDay
2020-08-05,1457.0,1794.0,0.0,0,332.11,0.0,1,21.15,3.21,SPY200930P00296000,296.0,0,0.0,0.0,,0.0,normalDay
2020-08-06,1457.0,1827.0,0.0,0,334.33,0.0,1,21.15,2.88,SPY200930P00296000,296.0,0,0.0,0.0,,0.0,normalDay
2020-08-07,1457.0,1836.0,0.0,0,334.57,0.0,1,21.15,2.79,SPY200930P00296000,296.0,0,0.0,0.0,,0.0,normalDay
2020-08-10,1457.0,1864.0,0.0,0,335.57,0.0,1,21.15,2.51,SPY200930P00296000,296.0,0,0.0,0.0,,0.0,normalDay
2020-08-11,1457.0,1806.0,0.0,0,332.8,0.0,1,21.15,3.09,SPY200930P00296000,296.0,0,0.0,0.0,,0.0,normalDay
2020-08-12,1457.0,1885.0,0.0,0,337.44,0.0,1,21.15,2.3,SPY200930P00296000,296.0,0,0.0,0.0,,0.0,normalDay
2020-08-13,1457.0,1884.0,0.0,0,336.83,0.0,1,21.15,2.31,SPY200930P00296000,296.0,0,0.0,0.0,,0.0,normalDay
2020-08-14,1457.0,1896.0,0.0,0,336.84,0.0,1,21.15,2.19,SPY200930P00296000,296.0,0,0.0,0.0,,0.0,normalDay
2020-08-17,1457.0,1933.0,0.0,0,337.91,0.0,1,21.15,1.82,SPY200930P00296000,296.0,0,0.0,0.0,,0.0,normalDay
2020-08-18,1457.0,1944.0,0.0,0,338.64,0.0,1,21.15,1.71,SPY200930P00296000,296.0,0,0.0,0.0,,0.0,normalDay
2020-08-19,1457.0,1929.0,0.0,0,337.23,0.0,1,21.15,1.86,SPY200930P00296000,296.0,0,0.0,0.0,,0.0,normalDay
2020-08-20,1457.0,1940.0,0.0,0,338.28,0.0,1,21.15,1.75,SPY200930P00296000,296.0,0,0.0,0.0,,0.0,normalDay
2020-08-21,1457.0,1958.0,0.0,0,339.48,0.0,1,21.15,1.57,SPY200930P00296000,296.0,0,0.0,0.0,,0.0,normalDay
2020-08-24,1457.0,1988.0,0.0,0,342.92,0.0,1,21.15,1.27,SPY200930P00296000,296.0,0,0.0,0.0,,0.0,normalDay
2020-08-25,1457.0,2004.0,0.0,0,344.12,0.0,1,21.15,1.11,SPY200930P00296000,296.0,0,0.0,0.0,,0.0,normalDay
2020-08-26,1457.0,2008.0,0.0,0,347.57,0.0,1,21.15,1.07,SPY200930P00296000,296.0,0,0.0,0.0,,0.0,normalDay
2020-08-27,1457.0,2003.0,0.0,0,348.33,0.0,1,21.15,1.12,SPY200930P00296000,296.0,0,0.0,0.0,,0.0,normalDay
2020-08-28,1457.0,2028.0,0.0,0,350.58,0.0,1,21.15,0.87,SPY200930P00296000,296.0,0,0.0,0.0,,0.0,normalDay
2020-08-31,1457.0,2007.0,0.0,0,349.31,0.0,1,21.15,1.08,SPY200930P00296000,296.0,0,0.0,0.0,,0.0,normalDay
2020-09-01,1457.0,2019.0,0.0,0,352.6,0.0,1,21.15,0.96,SPY200930P00296000,296.0,0,0.0,0.0,,0.0,normalDay
2020-09-02,1457.0,2038.0,0.0,0,357.7,0.0,1,21.15,0.77,SPY200930P00296000,296.0,0,0.0,0.0,,0.0,normalDay
2020-09-03,1457.0,1949.0,0.0,0,345.39,0.0,1,21.15,1.66,SPY200930P00296000,296.0,0,0.0,0.0,,0.0,normalDay
2020-09-04,1457.0,1963.0,0.0,0,342.57,0.0,1,21.15,1.52,SPY200930P00296000,296.0,0,0.0,0.0,,0.0,normalDay
2020-09-08,1457.0,1946.0,0.0,0,333.21,0.0,1,21.15,1.69,SPY200930P00296000,296.0,0,0.0,0.0,,0.0,normalDay
2020-09-09,1457.0,2014.0,0.0,0,339.79,0.0,1,21.15,1.01,SPY200930P00296000,296.0,0,0.0,0.0,,0.0,normalDay
2020-09-10,1457.0,1991.0,0.0,0,333.89,0.0,1,21.15,1.24,SPY200930P00296000,296.0,0,0.0,0.0,,0.0,normalDay
2020-09-11,1457.0,2035.0,0.0,0,334.06,0.0,1,21.15,0.8,SPY200930P00296000,296.0,0,0.0,0.0,,0.0,normalDay
2020-09-14,1457.0,2074.0,0.0,0,338.46,0.0,1,21.15,0.41,SPY200930P00296000,296.0,0,0.0,0.0,,0.0,normalDay
2020-09-15,1457.0,2080.0,0.0,0,340.17,0.0,1,21.15,0.35,SPY200930P00296000,296.0,0,0.0,0.0,,0.0,normalDay
2020-09-16,1457.0,2080.0,0.0,0,338.82,0.0,1,21.15,0.35,SPY200930P00296000,296.0,0,0.0,0.0,,0.0,normalDay
2020-09-17,1457.0,2079.0,0.0,0,335.84,0.0,1,21.15,0.36,SPY200930P00296000,296.0,0,0.0,0.0,,0.0,normalDay
2020-09-18,1457.0,2083.0,0.0,0,330.65,0.0,1,21.15,0.32,SPY200930P00296000,296.0,0,0.0,0.0,,0.0,normalDay
2020-09-21,1457.0,2087.0,0.0,0,326.97,0.0,1,21.15,0.28,SPY200930P00296000,296.0,0,0.0,0.0,,0.0,normalDay
2020-09-22,1457.0,2101.0,0.0,0,330.3,0.0,1,21.15,0.14,SPY200930P00296000,296.0,0,0.0,0.0,,0.0,normalDay
2020-09-23,1457.0,2090.0,0.0,0,322.64,0.0,1,21.15,0.25,SPY200930P00296000,296.0,0,0.0,0.0,,0.0,normalDay
2020-09-24,1457.0,2099.0,0.0,0,323.5,0.0,1,21.15,0.16,SPY200930P00296000,296.0,0,0.0,0.0,,0.0,normalDay
2020-09-25,1457.0,2111.0,0.0,0,328.73,0.0,1,21.15,0.04,SPY200930P00296000,296.0,0,0.0,0.0,,0.0,normalDay
2020-09-28,1457.0,2113.0,0.0,0,334.19,0.0,1,21.15,0.02,SPY200930P00296000,296.0,0,0.0,0.0,,0.0,normalDay
2020-09-29,1457.0,2114.0,0.0,0,332.37,0.0,1,21.15,0.01,SPY200930P00296000,296.0,0,0.0,0.0,,0.0,normalDay
2020-09-30,3572.0,0.0,2115.0,0,334.89,0.0,1,21.15,0.0,SPY200930P00296000,296.0,0,0.0,0.0,,0.0,expirationDay
2020-10-01,3572.0,-107.0,0.0,0,337.04,0.0,1,29.93,31.0,SPY210930P00328000,328.0,0,0.0,0.0,,0.0,normalDay
2020-10-02,3572.0,-245.0,0.0,0,333.84,0.0,1,29.93,32.38,SPY210930P00328000,328.0,0,0.0,0.0,,0.0,normalDay
2020-10-05,3572.0,12.0,0.0,0,339.76,0.0,1,29.93,29.81,SPY210930P00328000,328.0,0,0.0,0.0,,0.0,normalDay
2020-10-06,3572.0,-181.0,0.0,0,334.93,0.0,1,29.93,31.74,SPY210930P00328000,328.0,0,0.0,0.0,,0.0,normalDay
2020-10-07,3572.0,72.0,0.0,0,340.76,0.0,1,29.93,29.21,SPY210930P00328000,328.0,0,0.0,0.0,,0.0,normalDay
2020-10-08,3572.0,241.0,0.0,0,343.78,0.0,1,29.93,27.52,SPY210930P00328000,328.0,0,0.0,0.0,,0.0,normalDay
2020-10-09,3572.0,411.0,0.0,0,346.85,0.0,1,29.93,25.82,SPY210930P00328000,328.0,0,0.0,0.0,,0.0,normalDay
2020-10-12,3572.0,606.0,0.0,0,352.43,0.0,1,29.93,23.87,SPY210930P00328000,328.0,0,0.0,0.0,,0.0,normalDay
2020-10-13,3572.0,526.0,0.0,0,350.13,0.0,1,29.93,24.67,SPY210930P00328000,328.0,0,0.0,0.0,,0.0,normalDay
2020-10-14,3572.0,475.0,0.0,0,347.93,0.0,1,29.93,25.18,SPY210930P00328000,328.0,0,0.0,0.0,,0.0,normalDay
2020-10-15,3572.0,458.0,0.0,0,347.5,0.0,1,29.93,25.35,SPY210930P00328000,328.0,0,0.0,0.0,,0.0,normalDay
2020-10-16,3572.0,399.0,0.0,0,347.29,0.0,1,29.93,25.94,SPY210930P00328000,328.0,0,0.0,0.0,,0.0,normalDay
2020-10-19,3572.0,199.0,0.0,0,342.01,0.0,1,29.93,27.94,SPY210930P00328000,328.0,0,0.0,0.0,,0.0,normalDay
2020-10-20,3572.0,226.0,0.0,0,343.38,0.0,1,29.93,27.67,SPY210930P00328000,328.0,0,0.0,0.0,,0.0,normalDay
2020-10-21,3572.0,285.0,0.0,0,342.73,0.0,1,29.93,27.08,SPY210930P00328000,328.0,0,0.0,0.0,,0.0,normalDay
2020-10-22,3572.0,366.0,0.0,0,344.61,0.0,1,29.93,26.27,SPY210930P00328000,328.0,0,0.0,0.0,,0.0,normalDay
2020-10-23,3572.0,424.0,0.0,0,345.78,0.0,1,29.93,25.69,SPY210930P00328000,328.0,0,0.0,0.0,,0.0,normalDay
2020-10-26,3572.0,129.0,0.0,0,339.39,0.0,1,29.93,28.64,SPY210930P00328000,328.0,0,0.0,0.0,,0.0,normalDay
2020-10-27,3572.0,122.0,0.0,0,338.22,0.0,1,29.93,28.71,SPY210930P00328000,328.0,0,0.0,0.0,,0.0,normalDay
2020-10-28,3572.0,-528.0,0.0,0,326.66,0.0,1,29.93,35.21,SPY210930P00328000,328.0,0,0.0,0.0,,0.0,normalDay
2020-10-29,3572.0,-272.0,0.0,0,329.98,0.0,1,29.93,32.65,SPY210930P00328000,328.0,0,0.0,0.0,,0.0,normalDay
2020-10-30,3572.0,-387.0,0.0,0,326.54,0.0,1,29.93,33.8,SPY210930P00328000,328.0,0,0.0,0.0,,0.0,normalDay
2020-11-02,3572.0,-139.0,0.0,0,330.2,0.0,1,29.93,31.32,SPY210930P00328000,328.0,0,0.0,0.0,,0.0,normalDay
2020-11-03,3572.0,97.0,0.0,0,336.03,0.0,1,29.93,28.96,SPY210930P00328000,328.0,0,0.0,0.0,,0.0,normalDay
2020-11-04,3572.0,497.0,0.0,0,343.54,0.0,1,29.93,24.96,SPY210930P00328000,328.0,0,0.0,0.0,,0.0,normalDay
2020-11-05,3572.0,668.0,0.0,0,350.24,0.0,1,29.93,23.25,SPY210930P00328000,328.0,0,0.0,0.0,,0.0,normalDay
2020-11-06,3572.0,720.0,0.0,0,350.16,0.0,1,29.93,22.73,SPY210930P00328000,328.0,0,0.0,0.0,,0.0,normalDay
2020-11-09,3572.0,932.0,0.0,0,354.56,0.0,1,29.93,20.61,SPY210930P00328000,328.0,0,0.0,0.0,,0.0,normalDay
2020-11-10,3572.0,926.0,0.0,0,354.04,0.0,1,29.93,20.67,SPY210930P00328000,328.0,0,0.0,0.0,,0.0,normalDay
2020-11-11,3572.0,1014.0,0.0,0,356.67,0.0,1,29.93,19.79,SPY210930P00328000,328.0,0,0.0,0.0,,0.0,normalDay
2020-11-12,3572.0,862.0,0.0,0,353.21,0.0,1,29.93,21.31,SPY210930P00328000,328.0,0,0.0,0.0,,0.0,normalDay
2020-11-13,3572.0,1030.0,0.0,0,358.1,0.0,1,29.93,19.63,SPY210930P00328000,328.0,0,0.0,0.0,,0.0,normalDay
2020-11-16,3572.0,1134.0,0.0,0,362.57,0.0,1,29.93,18.59,SPY210930P00328000,328.0,0,0.0,0.0,,0.0,normalDay
2020-11-17,3572.0,1090.0,0.0,0,360.62,0.0,1,29.93,19.03,SPY210930P00328000,328.0,0,0.0,0.0,,0.0,normalDay
2020-11-18,3572.0,959.0,0.0,0,356.28,0.0,1,29.93,20.34,SPY210930P00328000,328.0,0,0.0,0.0,,0.0,normalDay
2020-11-19,3572.0,1033.0,0.0,0,357.78,0.0,1,29.93,19.6,SPY210930P00328000,328.0,0,0.0,0.0,,0.0,normalDay
2020-11-20,3572.0,938.0,0.0,0,355.33,0.0,1,29.93,20.55,SPY210930P00328000,328.0,0,0.0,0.0,,0.0,normalDay
2020-11-23,3572.0,1040.0,0.0,0,357.46,0.0,1,29.93,19.53,SPY210930P00328000,328.0,0,0.0,0.0,,0.0,normalDay
2020-11-24,3572.0,1206.0,0.0,0,363.22,0.0,1,29.93,17.87,SPY210930P00328000,328.0,0,0.0,0.0,,0.0,normalDay
2020-11-25,3572.0,1204.0,0.0,0,362.66,0.0,1,29.93,17.89,SPY210930P00328000,328.0,0,0.0,0.0,,0.0,normalDay
2020-11-27,3572.0,1181.0,0.0,0,363.67,0.0,1,29.93,18.12,SPY210930P00328000,328.0,0,0.0,0.0,,0.0,normalDay
2020-11-30,3572.0,1236.0,0.0,0,362.06,0.0,1,29.93,17.57,SPY210930P00328000,328.0,0,0.0,0.0,,0.0,normalDay
2020-12-01,3572.0,1292.0,0.0,0,366.02,0.0,1,29.93,17.01,SPY210930P00328000,328.0,0,0.0,0.0,,0.0,normalDay
2020-12-02,3572.0,1310.0,0.0,0,366.79,0.0,1,29.93,16.83,SPY210930P00328000,328.0,0,0.0,0.0,,0.0,normalDay
2020-12-03,3572.0,1308.0,0.0,0,366.69,0.0,1,29.93,16.85,SPY210930P00328000,328.0,0,0.0,0.0,,0.0,normalDay
2020-12-04,3572.0,1382.0,0.0,0,369.85,0.0,1,29.93,16.11,SPY210930P00328000,328.0,0,0.0,0.0,,0.0,normalDay
2020-12-07,3572.0,1348.0,0.0,0,369.09,0.0,1,29.93,16.45,SPY210930P00328000,328.0,0,0.0,0.0,,0.0,normalDay
2020-12-08,3572.0,1414.0,0.0,0,370.17,0.0,1,29.93,15.79,SPY210930P00328000,328.0,0,0.0,0.0,,0.0,normalDay
2020-12-09,3572.0,1305.0,0.0,0,366.85,0.0,1,29.93,16.88,SPY210930P00328000,328.0,0,0.0,0.0,,0.0,normalDay
2020-12-10,3572.0,1293.0,0.0,0,366.73,0.0,1,29.93,17.0,SPY210930P00328000,328.0,0,0.0,0.0,,0.0,normalDay
2020-12-11,3572.0,1255.0,0.0,0,366.3,0.0,1,29.93,17.38,SPY210930P00328000,328.0,0,0.0,0.0,,0.0,normalDay
2020-12-14,3572.0,1200.0,0.0,0,364.66,0.0,1,29.93,17.93,SPY210930P00328000,328.0,0,0.0,0.0,,0.0,normalDay
2020-12-15,3572.0,1324.0,0.0,0,369.59,0.0,1,29.93,16.69,SPY210930P00328000,328.0,0,0.0,0.0,,0.0,normalDay
2020-12-16,3572.0,1360.0,0.0,0,370.17,0.0,1,29.93,16.33,SPY210930P00328000,328.0,0,0.0,0.0,,0.0,normalDay
2020-12-17,3572.0,1431.0,0.0,0,372.24,0.0,1,29.93,15.62,SPY210930P00328000,328.0,0,0.0,0.0,,0.0,normalDay
2020-12-18,3572.0,1416.0,0.0,0,369.18,0.0,1,29.93,15.77,SPY210930P00328000,328.0,0,0.0,0.0,,0.0,normalDay
2020-12-21,3572.0,1299.0,0.0,0,367.86,0.0,1,29.93,16.94,SPY210930P00328000,328.0,0,0.0,0.0,,0.0,normalDay
2020-12-22,3572.0,1296.0,0.0,0,367.24,0.0,1,29.93,16.97,SPY210930P00328000,328.0,0,0.0,0.0,,0.0,normalDay
2020-12-23,3572.0,1345.0,0.0,0,367.57,0.0,1,29.93,16.48,SPY210930P00328000,328.0,0,0.0,0.0,,0.0,normalDay
2020-12-24,3572.0,1421.0,0.0,0,369.0,0.0,1,29.93,15.72,SPY210930P00328000,328.0,0,0.0,0.0,,0.0,normalDay
2020-12-28,3572.0,1502.0,0.0,0,372.17,0.0,1,29.93,14.91,SPY210930P00328000,328.0,0,0.0,0.0,,0.0,normalDay
2020-12-29,3572.0,1428.0,0.0,0,371.46,0.0,1,29.93,15.65,SPY210930P00328000,328.0,0,0.0,0.0,,0.0,normalDay
2020-12-30,3572.0,1472.0,0.0,0,371.99,0.0,1,29.93,15.21,SPY210930P00328000,328.0,0,0.0,0.0,,0.0,normalDay
2020-12-31,3572.0,1519.0,0.0,0,373.88,0.0,1,29.93,14.74,SPY210930P00328000,328.0,0,0.0,0.0,,0.0,normalDay
2021-01-04,3572.0,1338.0,0.0,0,368.79,0.0,1,29.93,16.55,SPY210930P00328000,328.0,0,0.0,0.0,,0.0,normalDay
2021-01-05,3572.0,1420.0,0.0,0,371.33,0.0,1,29.93,15.73,SPY210930P00328000,328.0,0,0.0,0.0,,0.0,normalDay
2021-01-06,3572.0,1464.0,0.0,0,373.55,0.0,1,29.93,15.29,SPY210930P00328000,328.0,0,0.0,0.0,,0.0,normalDay
2021-01-07,3572.0,1650.0,0.0,0,379.1,0.0,1,29.93,13.43,SPY210930P00328000,328.0,0,0.0,0.0,,0.0,normalDay
2021-01-08,3572.0,1695.0,0.0,0,381.26,0.0,1,29.93,12.98,SPY210930P00328000,328.0,0,0.0,0.0,,0.0,normalDay
2021-01-11,3572.0,1575.0,0.0,0,378.69,0.0,1,29.93,14.18,SPY210930P00328000,328.0,0,0.0,0.0,,0.0,normalDay
2021-01-12,3572.0,1605.0,0.0,0,378.77,0.0,1,29.93,13.88,SPY210930P00328000,328.0,0,0.0,0.0,,0.0,normalDay
2021-01-13,3572.0,1653.0,0.0,0,379.79,0.0,1,29.93,13.4,SPY210930P00328000,328.0,0,0.0,0.0,,0.0,normalDay
2021-01-14,3572.0,1590.0,0.0,0,378.46,0.0,1,29.93,14.03,SPY210930P00328000,328.0,0,0.0,0.0,,0.0,normalDay
2021-01-15,3572.0,1494.0,0.0,0,375.7,0.0,1,29.93,14.99,SPY210930P00328000,328.0,0,0.0,0.0,,0.0,normalDay
2021-01-19,3572.0,1595.0,0.0,0,378.65,0.0,1,29.93,13.98,SPY210930P00328000,328.0,0,0.0,0.0,,0.0,normalDay
2021-01-20,3572.0,1720.0,0.0,0,383.89,0.0,1,29.93,12.73,SPY210930P00328000,328.0,0,0.0,0.0,,0.0,normalDay
2021-01-21,3572.0,1714.0,0.0,0,384.24,0.0,1,29.93,12.79,SPY210930P00328000,328.0,0,0.0,0.0,,0.0,normalDay
2021-01-22,3572.0,1682.0,0.0,0,382.88,0.0,1,29.93,13.11,SPY210930P00328000,328.0,0,0.0,0.0,,0.0,normalDay
2021-01-25,3572.0,1668.0,0.0,0,384.39,0.0,1,29.93,13.25,SPY210930P00328000,328.0,0,0.0,0.0,,0.0,normalDay
2021-01-26,3572.0,1655.0,0.0,0,383.79,0.0,1,29.93,13.38,SPY210930P00328000,328.0,0,0.0,0.0,,0.0,normalDay
2021-01-27,3572.0,1188.0,0.0,0,374.41,0.0,1,29.93,18.05,SPY210930P00328000,328.0,0,0.0,0.0,,0.0,normalDay
2021-01-28,3572.0,1360.0,0.0,0,377.63,0.0,1,29.93,16.33,SPY210930P00328000,328.0,0,0.0,0.0,,0.0,normalDay
2021-01-29,3572.0,1085.0,0.0,0,370.07,0.0,1,29.93,19.08,SPY210930P00328000,328.0,0,0.0,0.0,,0.0,normalDay
2021-02-01,3572.0,1327.0,0.0,0,376.23,0.0,1,29.93,16.66,SPY210930P00328000,328.0,0,0.0,0.0,,0.0,normalDay
2021-02-02,3572.0,1565.0,0.0,0,381.55,0.0,1,29.93,14.28,SPY210930P00328000,328.0,0,0.0,0.0,,0.0,normalDay
2021-02-03,3572.0,1626.0,0.0,0,381.85,0.0,1,29.93,13.67,SPY210930P00328000,328.0,0,0.0,0.0,,0.0,normalDay
2021-02-04,3572.0,1729.0,0.0,0,386.19,0.0,1,29.93,12.64,SPY210930P00328000,328.0,0,0.0,0.0,,0.0,normalDay
2021-02-05,3572.0,1743.0,0.0,0,387.71,0.0,1,29.93,12.5,SPY210930P00328000,328.0,0,0.0,0.0,,0.0,normalDay
2021-02-08,3572.0,1801.0,0.0,0,390.51,0.0,1,29.93,11.92,SPY210930P00328000,328.0,0,0.0,0.0,,0.0,normalDay
2021-02-09,3572.0,1792.0,0.0,0,390.25,0.0,1,29.93,12.01,SPY210930P00328000,328.0,0,0.0,0.0,,0.0,normalDay
2021-02-10,3572.0,1764.0,0.0,0,390.08,0.0,1,29.93,12.29,SPY210930P00328000,328.0,0,0.0,0.0,,0.0,normalDay
2021-02-11,3572.0,1784.0,0.0,0,390.71,0.0,1,29.93,12.09,SPY210930P00328000,328.0,0,0.0,0.0,,0.0,normalDay
2021-02-12,3572.0,1842.0,0.0,0,392.64,0.0,1,29.93,11.51,SPY210930P00328000,328.0,0,0.0,0.0,,0.0,normalDay
2021-02-16,3572.0,1806.0,0.0,0,392.3,0.0,1,29.93,11.87,SPY210930P00328000,328.0,0,0.0,0.0,,0.0,normalDay
2021-02-17,3572.0,1821.0,0.0,0,392.39,0.0,1,29.93,11.72,SPY210930P00328000,328.0,0,0.0,0.0,,0.0,normalDay
2021-02-18,3572.0,1779.0,0.0,0,390.72,0.0,1,29.93,12.14,SPY210930P00328000,328.0,0,0.0,0.0,,0.0,normalDay
2021-02-19,3572.0,1786.0,0.0,0,390.03,0.0,1,29.93,12.07,SPY210930P00328000,328.0,0,0.0,0.0,,0.0,normalDay
2021-02-22,3572.0,1727.0,0.0,0,387.03,0.0,1,29.93,12.66,SPY210930P00328000,328.0,0,0.0,0.0,,0.0,normalDay
2021-02-23,3572.0,1767.0,0.0,0,387.5,0.0,1,29.93,12.26,SPY210930P00328000,328.0,0,0.0,0.0,,0.0,normalDay
2021-02-24,3572.0,1886.0,0.0,0,391.77,0.0,1,29.93,11.07,SPY210930P00328000,328.0,0,0.0,0.0,,0.0,normalDay
2021-02-25,3572.0,1615.0,0.0,0,382.33,0.0,1,29.93,13.78,SPY210930P00328000,328.0,0,0.0,0.0,,0.0,normalDay
2021-02-26,3572.0,1641.0,0.0,0,380.36,0.0,1,29.93,13.52,SPY210930P00328000,328.0,0,0.0,0.0,,0.0,normalDay
2021-03-01,3572.0,1888.0,0.0,0,389.58,0.0,1,29.93,11.05,SPY210930P00328000,328.0,0,0.0,0.0,,0.0,normalDay
2021-03-02,3572.0,1824.0,0.0,0,386.54,0.0,1,29.93,11.69,SPY210930P00328000,328.0,0,0.0,0.0,,0.0,normalDay
2021-03-03,3572.0,1710.0,0.0,0,381.42,0.0,1,29.93,12.83,SPY210930P00328000,328.0,0,0.0,0.0,,0.0,normalDay
2021-03-04,3572.0,1617.0,0.0,0,376.7,0.0,1,29.93,13.76,SPY210930P00328000,328.0,0,0.0,0.0,,0.0,normalDay
2021-03-05,3572.0,1830.0,0.0,0,383.63,0.0,1,29.93,11.63,SPY210930P00328000,328.0,0,0.0,0.0,,0.0,normalDay
2021-03-08,3572.0,1817.0,0.0,0,381.72,0.0,1,29.93,11.76,SPY210930P00328000,328.0,0,0.0,0.0,,0.0,normalDay
2021-03-09,3572.0,1925.0,0.0,0,387.17,0.0,1,29.93,10.68,SPY210930P00328000,328.0,0,0.0,0.0,,0.0,normalDay
2021-03-10,3572.0,1982.0,0.0,0,389.58,0.0,1,29.93,10.11,SPY210930P00328000,328.0,0,0.0,0.0,,0.0,normalDay
2021-03-11,3572.0,2052.0,0.0,0,393.53,0.0,1,29.93,9.41,SPY210930P00328000,328.0,0,0.0,0.0,,0.0,normalDay
2021-03-12,3572.0,2083.0,0.0,0,394.06,0.0,1,29.93,9.1,SPY210930P00328000,328.0,0,0.0,0.0,,0.0,normalDay
2021-03-15,3572.0,2136.0,0.0,0,396.41,0.0,1,29.93,8.57,SPY210930P00328000,328.0,0,0.0,0.0,,0.0,normalDay
2021-03-16,3572.0,2138.0,0.0,0,395.91,0.0,1,29.93,8.55,SPY210930P00328000,328.0,0,0.0,0.0,,0.0,normalDay
2021-03-17,3572.0,2198.0,0.0,0,397.26,0.0,1,29.93,7.95,SPY210930P00328000,328.0,0,0.0,0.0,,0.0,normalDay
2021-03-18,3572.0,2104.0,0.0,0,391.48,0.0,1,29.93,8.89,SPY210930P00328000,328.0,0,0.0,0.0,,0.0,normalDay
2021-03-19,3572.0,2101.0,0.0,0,389.48,0.0,1,29.93,8.92,SPY210930P00328000,328.0,0,0.0,0.0,,0.0,normalDay
2021-03-22,3572.0,2227.0,0.0,0,392.59,0.0,1,29.93,7.66,SPY210930P00328000,328.0,0,0.0,0.0,,0.0,normalDay
2021-03-23,3572.0,2170.0,0.0,0,389.5,0.0,1,29.93,8.23,SPY210930P00328000,328.0,0,0.0,0.0,,0.0,normalDay
2021-03-24,3572.0,2126.0,0.0,0,387.52,0.0,1,29.93,8.67,SPY210930P00328000,328.0,0,0.0,0.0,,0.0,normalDay
2021-03-25,3572.0,2201.0,0.0,0,389.7,0.0,1,29.93,7.92,SPY210930P00328000,328.0,0,0.0,0.0,,0.0,normalDay
2021-03-26,3572.0,2298.0,0.0,0,395.98,0.0,1,29.93,6.95,SPY210930P00328000,328.0,0,0.0,0.0,,0.0,normalDay
2021-03-29,3572.0,2288.0,0.0,0,395.78,0.0,1,29.93,7.05,SPY210930P00328000,328.0,0,0.0,0.0,,0.0,normalDay
2021-03-30,3572.0,2316.0,0.0,0,394.73,0.0,1,29.93,6.77,SPY210930P00328000,328.0,0,0.0,0.0,,0.0,normalDay
2021-03-31,3572.0,2354.0,0.0,0,396.33,0.0,1,29.93,6.39,SPY210930P00328000,328.0,0,0.0,0.0,,0.0,normalDay
2021-04-01,3572.0,2431.0,0.0,0,400.61,0.0,1,29.93,5.62,SPY210930P00328000,328.0,0,0.0,0.0,,0.0,normalDay
2021-04-05,3572.0,2497.0,0.0,0,406.36,0.0,1,29.93,4.96,SPY210930P00328000,328.0,0,0.0,0.0,,0.0,normalDay
2021-04-06,3572.0,2494.0,0.0,0,406.12,0.0,1,29.93,4.99,SPY210930P00328000,328.0,0,0.0,0.0,,0.0,normalDay
2021-04-07,3572.0,2519.0,0.0,0,406.59,0.0,1,29.93,4.74,SPY210930P00328000,328.0,0,0.0,0.0,,0.0,normalDay
2021-04-08,3572.0,2534.0,0.0,0,408.52,0.0,1,29.93,4.59,SPY210930P00328000,328.0,0,0.0,0.0,,0.0,normalDay
2021-04-09,3572.0,2545.0,0.0,0,411.49,0.0,1,29.93,4.48,SPY210930P00328000,328.0,0,0.0,0.0,,0.0,normalDay
2021-04-12,3572.0,2552.0,0.0,0,411.64,0.0,1,29.93,4.41,SPY210930P00328000,328.0,0,0.0,0.0,,0.0,normalDay
2021-04-13,3572.0,2570.0,0.0,0,412.86,0.0,1,29.93,4.23,SPY210930P00328000,328.0,0,0.0,0.0,,0.0,normalDay
2021-04-14,3572.0,2556.0,0.0,0,411.45,0.0,1,29.93,4.37,SPY210930P00328000,328.0,0,0.0,0.0,,0.0,normalDay
2021-04-15,3572.0,2590.0,0.0,0,415.87,0.0,1,29.93,4.03,SPY210930P00328000,328.0,0,0.0,0.0,,0.0,normalDay
2021-04-16,3572.0,2598.0,0.0,0,417.26,0.0,1,29.93,3.95,SPY210930P00328000,328.0,0,0.0,0.0,,0.0,normalDay
2021-04-19,3572.0,2574.0,0.0,0,415.21,0.0,1,29.93,4.19,SPY210930P00328000,328.0,0,0.0,0.0,,0.0,normalDay
2021-04-20,3572.0,2535.0,0.0,0,412.17,0.0,1,29.93,4.58,SPY210930P00328000,328.0,0,0.0,0.0,,0.0,normalDay
2021-04-21,3572.0,2584.0,0.0,0,416.07,0.0,1,29.93,4.09,SPY210930P00328000,328.0,0,0.0,0.0,,0.0,normalDay
2021-04-22,3572.0,2528.0,0.0,0,412.27,0.0,1,29.93,4.65,SPY210930P00328000,328.0,0,0.0,0.0,,0.0,normalDay
2021-04-23,3572.0,2590.0,0.0,0,416.74,0.0,1,29.93,4.03,SPY210930P00328000,328.0,0,0.0,0.0,,0.0,normalDay
2021-04-26,3572.0,2601.0,0.0,0,417.61,0.0,1,29.93,3.92,SPY210930P00328000,328.0,0,0.0,0.0,,0.0,normalDay
2021-04-27,3572.0,2608.0,0.0,0,417.52,0.0,1,29.93,3.85,SPY210930P00328000,328.0,0,0.0,0.0,,0.0,normalDay
2021-04-28,3572.0,2620.0,0.0,0,417.4,0.0,1,29.93,3.73,SPY210930P00328000,328.0,0,0.0,0.0,,0.0,normalDay
2021-04-29,3572.0,2627.0,0.0,0,420.06,0.0,1,29.93,3.66,SPY210930P00328000,328.0,0,0.0,0.0,,0.0,normalDay
2021-04-30,3572.0,2599.0,0.0,0,417.3,0.0,1,29.93,3.94,SPY210930P00328000,328.0,0,0.0,0.0,,0.0,normalDay
2021-05-03,3572.0,2617.0,0.0,0,418.2,0.0,1,29.93,3.76,SPY210930P00328000,328.0,0,0.0,0.0,,0.0,normalDay
2021-05-04,3572.0,2582.0,0.0,0,415.62,0.0,1,29.93,4.11,SPY210930P00328000,328.0,0,0.0,0.0,,0.0,normalDay
2021-05-05,3572.0,2597.0,0.0,0,415.75,0.0,1,29.93,3.96,SPY210930P00328000,328.0,0,0.0,0.0,,0.0,normalDay
2021-05-06,3572.0,2630.0,0.0,0,419.07,0.0,1,29.93,3.63,SPY210930P00328000,328.0,0,0.0,0.0,,0.0,normalDay
2021-05-07,3572.0,2670.0,0.0,0,422.12,0.0,1,29.93,3.23,SPY210930P00328000,328.0,0,0.0,0.0,,0.0,normalDay
2021-05-10,3572.0,2618.0,0.0,0,417.94,0.0,1,29.93,3.75,SPY210930P00328000,328.0,0,0.0,0.0,,0.0,normalDay
2021-05-11,3572.0,2564.0,0.0,0,414.21,0.0,1,29.93,4.29,SPY210930P00328000,328.0,0,0.0,0.0,,0.0,normalDay
2021-05-12,3572.0,2384.0,0.0,0,405.41,0.0,1,29.93,6.09,SPY210930P00328000,328.0,0,0.0,0.0,,0.0,normalDay
2021-05-13,3572.0,2515.0,0.0,0,410.28,0.0,1,29.93,4.78,SPY210930P00328000,328.0,0,0.0,0.0,,0.0,normalDay
2021-05-14,3572.0,2631.0,0.0,0,416.58,0.0,1,29.93,3.62,SPY210930P00328000,328.0,0,0.0,0.0,,0.0,normalDay
2021-05-17,3572.0,2602.0,0.0,0,415.52,0.0,1,29.93,3.91,SPY210930P00328000,328.0,0,0.0,0.0,,0.0,normalDay
2021-05-18,3572.0,2553.0,0.0,0,411.94,0.0,1,29.93,4.4,SPY210930P00328000,328.0,0,0.0,0.0,,0.0,normalDay
2021-05-19,3572.0,2535.0,0.0,0,410.86,0.0,1,29.93,4.58,SPY210930P00328000,328.0,0,0.0,0.0,,0.0,normalDay
2021-05-20,3572.0,2593.0,0.0,0,415.28,0.0,1,29.93,4.0,SPY210930P00328000,328.0,0,0.0,0.0,,0.0,normalDay
2021-05-21,3572.0,2606.0,0.0,0,414.94,0.0,1,29.93,3.87,SPY210930P00328000,328.0,0,0.0,0.0,,0.0,normalDay
2021-05-24,3572.0,2670.0,0.0,0,419.17,0.0,1,29.93,3.23,SPY210930P00328000,328.0,0,0.0,0.0,,0.0,normalDay
2021-05-25,3572.0,2667.0,0.0,0,418.24,0.0,1,29.93,3.26,SPY210930P00328000,328.0,0,0.0,0.0,,0.0,normalDay
2021-05-26,3572.0,2703.0,0.0,0,419.07,0.0,1,29.93,2.9,SPY210930P00328000,328.0,0,0.0,0.0,,0.0,normalDay
2021-05-27,3572.0,2733.0,0.0,0,419.29,0.0,1,29.93,2.6,SPY210930P00328000,328.0,0,0.0,0.0,,0.0,normalDay
2021-05-28,3572.0,2737.0,0.0,0,420.04,0.0,1,29.93,2.56,SPY210930P00328000,328.0,0,0.0,0.0,,0.0,normalDay
2021-06-01,3572.0,2723.0,0.0,0,419.67,0.0,1,29.93,2.7,SPY210930P00328000,328.0,0,0.0,0.0,,0.0,normalDay
2021-06-02,3572.0,2731.0,0.0,0,420.33,0.0,1,29.93,2.62,SPY210930P00328000,328.0,0,0.0,0.0,,0.0,normalDay
2021-06-03,3572.0,2716.0,0.0,0,418.77,0.0,1,29.93,2.77,SPY210930P00328000,328.0,0,0.0,0.0,,0.0,normalDay
2021-06-04,3572.0,2757.0,0.0,0,422.6,0.0,1,29.93,2.36,SPY210930P00328000,328.0,0,0.0,0.0,,0.0,normalDay
2021-06-07,3572.0,2770.0,0.0,0,422.19,0.0,1,29.93,2.23,SPY210930P00328000,328.0,0,0.0,0.0,,0.0,normalDay
2021-06-08,3572.0,2769.0,0.0,0,422.28,0.0,1,29.93,2.24,SPY210930P00328000,328.0,0,0.0,0.0,,0.0,normalDay
2021-06-09,3572.0,2763.0,0.0,0,421.65,0.0,1,29.93,2.3,SPY210930P00328000,328.0,0,0.0,0.0,,0.0,normalDay
2021-06-10,3572.0,2799.0,0.0,0,423.61,0.0,1,29.93,1.94,SPY210930P00328000,328.0,0,0.0,0.0,,0.0,normalDay
2021-06-11,3572.0,2812.0,0.0,0,424.31,0.0,1,29.93,1.81,SPY210930P00328000,328.0,0,0.0,0.0,,0.0,normalDay
2021-06-14,3572.0,2813.0,0.0,0,425.26,0.0,1,29.93,1.8,SPY210930P00328000,328.0,0,0.0,0.0,,0.0,normalDay
2021-06-15,3572.0,2801.0,0.0,0,424.48,0.0,1,29.93,1.92,SPY210930P00328000,328.0,0,0.0,0.0,,0.0,normalDay
2021-06-16,3572.0,2791.0,0.0,0,422.11,0.0,1,29.93,2.02,SPY210930P00328000,328.0,0,0.0,0.0,,0.0,normalDay
2021-06-17,3572.0,2803.0,0.0,0,421.97,0.0,1,29.93,1.9,SPY210930P00328000,328.0,0,0.0,0.0,,0.0,normalDay
2021-06-18,3572.0,2744.0,0.0,0,414.92,0.0,1,29.93,2.49,SPY210930P00328000,328.0,0,0.0,0.0,,0.0,normalDay
2021-06-21,3572.0,2820.0,0.0,0,420.86,0.0,1,29.93,1.73,SPY210930P00328000,328.0,0,0.0,0.0,,0.0,normalDay
2021-06-22,3572.0,2838.0,0.0,0,423.11,0.0,1,29.93,1.55,SPY210930P00328000,328.0,0,0.0,0.0,,0.0,normalDay
2021-06-23,3572.0,2847.0,0.0,0,422.6,0.0,1,29.93,1.46,SPY210930P00328000,328.0,0,0.0,0.0,,0.0,normalDay
2021-06-24,3572.0,2860.0,0.0,0,425.1,0.0,1,29.93,1.33,SPY210930P00328000,328.0,0,0.0,0.0,,0.0,normalDay
2021-06-25,3572.0,2871.0,0.0,0,426.61,0.0,1,29.93,1.22,SPY210930P00328000,328.0,0,0.0,0.0,,0.0,normalDay
2021-06-28,3572.0,2875.0,0.0,0,427.47,0.0,1,29.93,1.18,SPY210930P00328000,328.0,0,0.0,0.0,,0.0,normalDay
2021-06-29,3572.0,2867.0,0.0,0,427.7,0.0,1,29.93,1.26,SPY210930P00328000,328.0,0,0.0,0.0,,0.0,normalDay
2021-06-30,3572.0,2872.0,0.0,0,428.06,0.0,1,29.93,1.21,SPY210930P00328000,328.0,0,0.0,0.0,,0.0,normalDay
2021-07-01,3572.0,2876.0,0.0,0,430.43,0.0,1,29.93,1.17,SPY210930P00328000,328.0,0,0.0,0.0,,0.0,normalDay
2021-07-02,3572.0,2883.0,0.0,0,433.72,0.0,1,29.93,1.1,SPY210930P00328000,328.0,0,0.0,0.0,,0.0,normalDay
2021-07-06,3572.0,2880.0,0.0,0,432.93,0.0,1,29.93,1.13,SPY210930P00328000,328.0,0,0.0,0.0,,0.0,normalDay
2021-07-07,3572.0,2883.0,0.0,0,434.46,0.0,1,29.93,1.1,SPY210930P00328000,328.0,0,0.0,0.0,,0.0,normalDay
2021-07-08,3572.0,2859.0,0.0,0,430.92,0.0,1,29.93,1.34,SPY210930P00328000,328.0,0,0.0,0.0,,0.0,normalDay
2021-07-09,3572.0,2886.0,0.0,0,435.52,0.0,1,29.93,1.07,SPY210930P00328000,328.0,0,0.0,0.0,,0.0,normalDay
2021-07-12,3572.0,2894.0,0.0,0,437.08,0.0,1,29.93,0.99,SPY210930P00328000,328.0,0,0.0,0.0,,0.0,normalDay
2021-07-13,3572.0,2886.0,0.0,0,435.59,0.0,1,29.93,1.07,SPY210930P00328000,328.0,0,0.0,0.0,,0.0,normalDay
2021-07-14,3572.0,2899.0,0.0,0,436.24,0.0,1,29.93,0.94,SPY210930P00328000,328.0,0,0.0,0.0,,0.0,normalDay
2021-07-15,3572.0,2894.0,0.0,0,434.75,0.0,1,29.93,0.99,SPY210930P00328000,328.0,0,0.0,0.0,,0.0,normalDay
2021-07-16,3572.0,2880.0,0.0,0,431.34,0.0,1,29.93,1.13,SPY210930P00328000,328.0,0,0.0,0.0,,0.0,normalDay
2021-07-19,3572.0,2831.0,0.0,0,424.97,0.0,1,29.93,1.62,SPY210930P00328000,328.0,0,0.0,0.0,,0.0,normalDay
2021-07-20,3572.0,2871.0,0.0,0,431.06,0.0,1,29.93,1.22,SPY210930P00328000,328.0,0,0.0,0.0,,0.0,normalDay
2021-07-21,3572.0,2898.0,0.0,0,434.55,0.0,1,29.93,0.95,SPY210930P00328000,328.0,0,0.0,0.0,,0.0,normalDay
2021-07-22,3572.0,2902.0,0.0,0,435.46,0.0,1,29.93,0.91,SPY210930P00328000,328.0,0,0.0,0.0,,0.0,normalDay
2021-07-23,3572.0,2909.0,0.0,0,439.94,0.0,1,29.93,0.84,SPY210930P00328000,328.0,0,0.0,0.0,,0.0,normalDay
2021-07-26,3572.0,2918.0,0.0,0,441.02,0.0,1,29.93,0.75,SPY210930P00328000,328.0,0,0.0,0.0,,0.0,normalDay
2021-07-27,3572.0,2906.0,0.0,0,439.01,0.0,1,29.93,0.87,SPY210930P00328000,328.0,0,0.0,0.0,,0.0,normalDay
2021-07-28,3572.0,2917.0,0.0,0,438.83,0.0,1,29.93,0.76,SPY210930P00328000,328.0,0,0.0,0.0,,0.0,normalDay
2021-07-29,3572.0,2924.0,0.0,0,440.65,0.0,1,29.93,0.69,SPY210930P00328000,328.0,0,0.0,0.0,,0.0,normalDay
2021-07-30,3572.0,2920.0,0.0,0,438.51,0.0,1,29.93,0.73,SPY210930P00328000,328.0,0,0.0,0.0,,0.0,normalDay
2021-08-02,3572.0,2915.0,0.0,0,437.59,0.0,1,29.93,0.78,SPY210930P00328000,328.0,0,0.0,0.0,,0.0,normalDay
2021-08-03,3572.0,2931.0,0.0,0,441.15,0.0,1,29.93,0.62,SPY210930P00328000,328.0,0,0.0,0.0,,0.0,normalDay
2021-08-04,3572.0,2932.0,0.0,0,438.98,0.0,1,29.93,0.61,SPY210930P00328000,328.0,0,0.0,0.0,,0.0,normalDay
2021-08-05,3572.0,2939.0,0.0,0,441.76,0.0,1,29.93,0.54,SPY210930P00328000,328.0,0,0.0,0.0,,0.0,normalDay
2021-08-06,3572.0,2945.0,0.0,0,442.49,0.0,1,29.93,0.48,SPY210930P00328000,328.0,0,0.0,0.0,,0.0,normalDay
2021-08-09,3572.0,2947.0,0.0,0,442.13,0.0,1,29.93,0.46,SPY210930P00328000,328.0,0,0.0,0.0,,0.0,normalDay
2021-08-10,3572.0,2949.0,0.0,0,442.68,0.0,1,29.93,0.44,SPY210930P00328000,328.0,0,0.0,0.0,,0.0,normalDay
2021-08-11,3572.0,2955.0,0.0,0,443.78,0.0,1,29.93,0.38,SPY210930P00328000,328.0,0,0.0,0.0,,0.0,normalDay
2021-08-12,3572.0,2958.0,0.0,0,445.11,0.0,1,29.93,0.35,SPY210930P00328000,328.0,0,0.0,0.0,,0.0,normalDay
2021-08-13,3572.0,2958.0,0.0,0,445.92,0.0,1,29.93,0.35,SPY210930P00328000,328.0,0,0.0,0.0,,0.0,normalDay
2021-08-16,3572.0,2961.0,0.0,0,446.97,0.0,1,29.93,0.32,SPY210930P00328000,328.0,0,0.0,0.0,,0.0,normalDay
2021-08-17,3572.0,2955.0,0.0,0,444.04,0.0,1,29.93,0.38,SPY210930P00328000,328.0,0,0.0,0.0,,0.0,normalDay
2021-08-18,3572.0,2939.0,0.0,0,439.18,0.0,1,29.93,0.54,SPY210930P00328000,328.0,0,0.0,0.0,,0.0,normalDay
2021-08-19,3572.0,2935.0,0.0,0,439.86,0.0,1,29.93,0.58,SPY210930P00328000,328.0,0,0.0,0.0,,0.0,normalDay
2021-08-20,3572.0,2955.0,0.0,0,443.36,0.0,1,29.93,0.38,SPY210930P00328000,328.0,0,0.0,0.0,,0.0,normalDay
2021-08-23,3572.0,2966.0,0.0,0,447.26,0.0,1,29.93,0.27,SPY210930P00328000,328.0,0,0.0,0.0,,0.0,normalDay
2021-08-24,3572.0,2967.0,0.0,0,447.97,0.0,1,29.93,0.26,SPY210930P00328000,328.0,0,0.0,0.0,,0.0,normalDay
2021-08-25,3572.0,2970.0,0.0,0,448.91,0.0,1,29.93,0.23,SPY210930P00328000,328.0,0,0.0,0.0,,0.0,normalDay
2021-08-26,3572.0,2963.0,0.0,0,446.26,0.0,1,29.93,0.3,SPY210930P00328000,328.0,0,0.0,0.0,,0.0,normalDay
2021-08-27,3572.0,2972.0,0.0,0,450.25,0.0,1,29.93,0.21,SPY210930P00328000,328.0,0,0.0,0.0,,0.0,normalDay
2021-08-30,3572.0,2978.0,0.0,0,452.23,0.0,1,29.93,0.15,SPY210930P00328000,328.0,0,0.0,0.0,,0.0,normalDay
2021-08-31,3572.0,2978.0,0.0,0,451.56,0.0,1,29.93,0.15,SPY210930P00328000,328.0,0,0.0,0.0,,0.0,normalDay
2021-09-01,3572.0,2981.0,0.0,0,451.8,0.0,1,29.93,0.12,SPY210930P00328000,328.0,0,0.0,0.0,,0.0,normalDay
2021-09-02,3572.0,2980.0,0.0,0,453.19,0.0,1,29.93,0.13,SPY210930P00328000,328.0,0,0.0,0.0,,0.0,normalDay
2021-09-03,3572.0,2981.0,0.0,0,453.08,0.0,1,29.93,0.12,SPY210930P00328000,328.0,0,0.0,0.0,,0.0,normalDay
2021-09-07,3572.0,2982.0,0.0,0,451.46,0.0,1,29.93,0.11,SPY210930P00328000,328.0,0,0.0,0.0,,0.0,normalDay
2021-09-08,3572.0,2984.0,0.0,0,450.91,0.0,1,29.93,0.09,SPY210930P00328000,328.0,0,0.0,0.0,,0.0,normalDay
2021-09-09,3572.0,2982.0,0.0,0,448.98,0.0,1,29.93,0.11,SPY210930P00328000,328.0,0,0.0,0.0,,0.0,normalDay
2021-09-10,3572.0,2976.0,0.0,0,445.44,0.0,1,29.93,0.17,SPY210930P00328000,328.0,0,0.0,0.0,,0.0,normalDay
2021-09-13,3572.0,2982.0,0.0,0,446.58,0.0,1,29.93,0.11,SPY210930P00328000,328.0,0,0.0,0.0,,0.0,normalDay
2021-09-14,3572.0,2983.0,0.0,0,444.17,0.0,1,29.93,0.1,SPY210930P00328000,328.0,0,0.0,0.0,,0.0,normalDay
2021-09-15,3572.0,2987.0,0.0,0,447.88,0.0,1,29.93,0.06,SPY210930P00328000,328.0,0,0.0,0.0,,0.0,normalDay
2021-09-16,3572.0,2987.0,0.0,0,447.17,0.0,1,29.93,0.06,SPY210930P00328000,328.0,0,0.0,0.0,,0.0,normalDay
2021-09-17,3572.0,2985.0,0.0,0,441.4,0.0,1,29.93,0.08,SPY210930P00328000,328.0,0,0.0,0.0,,0.0,normalDay
2021-09-20,3572.0,2983.0,0.0,0,434.04,0.0,1,29.93,0.1,SPY210930P00328000,328.0,0,0.0,0.0,,0.0,normalDay
2021-09-21,3572.0,2987.0,0.0,0,433.63,0.0,1,29.93,0.06,SPY210930P00328000,328.0,0,0.0,0.0,,0.0,normalDay
2021-09-22,3572.0,2991.0,0.0,0,437.86,0.0,1,29.93,0.02,SPY210930P00328000,328.0,0,0.0,0.0,,0.0,normalDay
2021-09-23,3572.0,2992.0,0.0,0,443.18,0.0,1,29.93,0.01,SPY210930P00328000,328.0,0,0.0,0.0,,0.0,normalDay
2021-09-24,3572.0,2992.0,0.0,0,443.91,0.0,1,29.93,0.01,SPY210930P00328000,328.0,0,0.0,0.0,,0.0,normalDay
2021-09-27,3572.0,2992.0,0.0,0,442.64,0.0,1,29.93,0.01,SPY210930P00328000,328.0,0,0.0,0.0,,0.0,normalDay
2021-09-28,3572.0,2992.0,0.0,0,433.72,0.0,1,29.93,0.01,SPY210930P00328000,328.0,0,0.0,0.0,,0.0,normalDay
2021-09-29,3572.0,2992.0,0.0,0,434.45,0.0,1,29.93,0.01,SPY210930P00328000,328.0,0,0.0,0.0,,0.0,normalDay
2021-09-30,6565.0,0.0,2993.0,0,429.14,0.0,1,29.93,0.0,SPY210930P00328000,328.0,0,0.0,0.0,,0.0,expirationDay
2021-10-01,6565.0,-238.0,0.0,0,434.24,0.0,1,35.75,38.13,SPY220930P00435000,435.0,0,0.0,0.0,,0.0,normalDay
2021-10-04,6565.0,-463.0,0.0,0,428.64,0.0,1,35.75,40.38,SPY220930P00435000,435.0,0,0.0,0.0,,0.0,normalDay
2021-10-05,6565.0,-231.0,0.0,0,433.1,0.0,1,35.75,38.06,SPY220930P00435000,435.0,0,0.0,0.0,,0.0,normalDay
2021-10-06,6565.0,-158.0,0.0,0,434.9,0.0,1,35.75,37.33,SPY220930P00435000,435.0,0,0.0,0.0,,0.0,normalDay
2021-10-07,6565.0,91.0,0.0,0,438.66,0.0,1,35.75,34.84,SPY220930P00435000,435.0,0,0.0,0.0,,0.0,normalDay
2021-10-08,6565.0,62.0,0.0,0,437.86,0.0,1,35.75,35.13,SPY220930P00435000,435.0,0,0.0,0.0,,0.0,normalDay
2021-10-11,6565.0,-38.0,0.0,0,434.69,0.0,1,35.75,36.13,SPY220930P00435000,435.0,0,0.0,0.0,,0.0,normalDay
2021-10-12,6565.0,-80.0,0.0,0,433.62,0.0,1,35.75,36.55,SPY220930P00435000,435.0,0,0.0,0.0,,0.0,normalDay
2021-10-13,6565.0,79.0,0.0,0,435.18,0.0,1,35.75,34.96,SPY220930P00435000,435.0,0,0.0,0.0,,0.0,normalDay
2021-10-14,6565.0,396.0,0.0,0,442.5,0.0,1,35.75,31.79,SPY220930P00435000,435.0,0,0.0,0.0,,0.0,normalDay
2021-10-15,6565.0,468.0,0.0,0,445.87,0.0,1,35.75,31.07,SPY220930P00435000,435.0,0,0.0,0.0,,0.0,normalDay
2021-10-18,6565.0,491.0,0.0,0,447.19,0.0,1,35.75,30.84,SPY220930P00435000,435.0,0,0.0,0.0,,0.0,normalDay
2021-10-19,6565.0,678.0,0.0,0,450.64,0.0,1,35.75,28.97,SPY220930P00435000,435.0,0,0.0,0.0,,0.0,normalDay
2021-10-20,6565.0,733.0,0.0,0,452.41,0.0,1,35.75,28.42,SPY220930P00435000,435.0,0,0.0,0.0,,0.0,normalDay
2021-10-21,6565.0,797.0,0.0,0,453.59,0.0,1,35.75,27.78,SPY220930P00435000,435.0,0,0.0,0.0,,0.0,normalDay
2021-10-22,6565.0,752.0,0.0,0,453.12,0.0,1,35.75,28.23,SPY220930P00435000,435.0,0,0.0,0.0,,0.0,normalDay
2021-10-25,6565.0,848.0,0.0,0,455.55,0.0,1,35.75,27.27,SPY220930P00435000,435.0,0,0.0,0.0,,0.0,normalDay
2021-10-26,6565.0,873.0,0.0,0,455.96,0.0,1,35.75,27.02,SPY220930P00435000,435.0,0,0.0,0.0,,0.0,normalDay
2021-10-27,6565.0,744.0,0.0,0,453.94,0.0,1,35.75,28.31,SPY220930P00435000,435.0,0,0.0,0.0,,0.0,normalDay
2021-10-28,6565.0,859.0,0.0,0,458.32,0.0,1,35.75,27.16,SPY220930P00435000,435.0,0,0.0,0.0,,0.0,normalDay
2021-10-29,6565.0,955.0,0.0,0,459.25,0.0,1,35.75,26.2,SPY220930P00435000,435.0,0,0.0,0.0,,0.0,normalDay
2021-11-01,6565.0,978.0,0.0,0,460.04,0.0,1,35.75,25.97,SPY220930P00435000,435.0,0,0.0,0.0,,0.0,normalDay
2021-11-02,6565.0,1033.0,0.0,0,461.9,0.0,1,35.75,25.42,SPY220930P00435000,435.0,0,0.0,0.0,,0.0,normalDay
2021-11-03,6565.0,1123.0,0.0,0,464.72,0.0,1,35.75,24.52,SPY220930P00435000,435.0,0,0.0,0.0,,0.0,normalDay
2021-11-04,6565.0,1164.0,0.0,0,466.91,0.0,1,35.75,24.11,SPY220930P00435000,435.0,0,0.0,0.0,,0.0,normalDay
2021-11-05,6565.0,1167.0,0.0,0,468.53,0.0,1,35.75,24.08,SPY220930P00435000,435.0,0,0.0,0.0,,0.0,normalDay
2021-11-08,6565.0,1165.0,0.0,0,468.93,0.0,1,35.75,24.1,SPY220930P00435000,435.0,0,0.0,0.0,,0.0,normalDay
2021-11-09,6565.0,1111.0,0.0,0,467.38,0.0,1,35.75,24.64,SPY220930P00435000,435.0,0,0.0,0.0,,0.0,normalDay
2021-11-10,6565.0,1026.0,0.0,0,463.62,0.0,1,35.75,25.49,SPY220930P00435000,435.0,0,0.0,0.0,,0.0,normalDay
2021-11-11,6565.0,1076.0,0.0,0,463.77,0.0,1,35.75,24.99,SPY220930P00435000,435.0,0,0.0,0.0,,0.0,normalDay
2021-11-12,6565.0,1204.0,0.0,0,467.27,0.0,1,35.75,23.71,SPY220930P00435000,435.0,0,0.0,0.0,,0.0,normalDay
2021-11-15,6565.0,1200.0,0.0,0,467.43,0.0,1,35.75,23.75,SPY220930P00435000,435.0,0,0.0,0.0,,0.0,normalDay
2021-11-16,6565.0,1237.0,0.0,0,469.28,0.0,1,35.75,23.38,SPY220930P00435000,435.0,0,0.0,0.0,,0.0,normalDay
2021-11-17,6565.0,1134.0,0.0,0,468.14,0.0,1,35.75,24.41,SPY220930P00435000,435.0,0,0.0,0.0,,0.0,normalDay
2021-11-18,6565.0,1180.0,0.0,0,469.73,0.0,1,35.75,23.95,SPY220930P00435000,435.0,0,0.0,0.0,,0.0,normalDay
2021-11-19,6565.0,1146.0,0.0,0,468.89,0.0,1,35.75,24.29,SPY220930P00435000,435.0,0,0.0,0.0,,0.0,normalDay
2021-11-22,6565.0,1072.0,0.0,0,467.57,0.0,1,35.75,25.03,SPY220930P00435000,435.0,0,0.0,0.0,,0.0,normalDay
2021-11-23,6565.0,1108.0,0.0,0,468.19,0.0,1,35.75,24.67,SPY220930P00435000,435.0,0,0.0,0.0,,0.0,normalDay
2021-11-24,6565.0,1181.0,0.0,0,469.44,0.0,1,35.75,23.94,SPY220930P00435000,435.0,0,0.0,0.0,,0.0,normalDay
2021-11-26,6565.0,317.0,0.0,0,458.97,0.0,1,35.75,32.58,SPY220930P00435000,435.0,0,0.0,0.0,,0.0,normalDay
2021-11-29,6565.0,963.0,0.0,0,464.6,0.0,1,35.75,26.12,SPY220930P00435000,435.0,0,0.0,0.0,,0.0,normalDay
2021-11-30,6565.0,606.0,0.0,0,455.56,0.0,1,35.75,29.69,SPY220930P00435000,435.0,0,0.0,0.0,,0.0,normalDay
2021-12-01,6565.0,174.0,0.0,0,450.5,0.0,1,35.75,34.01,SPY220930P00435000,435.0,0,0.0,0.0,,0.0,normalDay
2021-12-02,6565.0,593.0,0.0,0,457.4,0.0,1,35.75,29.82,SPY220930P00435000,435.0,0,0.0,0.0,,0.0,normalDay
2021-12-03,6565.0,313.0,0.0,0,453.42,0.0,1,35.75,32.62,SPY220930P00435000,435.0,0,0.0,0.0,,0.0,normalDay
2021-12-06,6565.0,629.0,0.0,0,458.79,0.0,1,35.75,29.46,SPY220930P00435000,435.0,0,0.0,0.0,,0.0,normalDay
2021-12-07,6565.0,1087.0,0.0,0,468.28,0.0,1,35.75,24.88,SPY220930P00435000,435.0,0,0.0,0.0,,0.0,normalDay
2021-12-08,6565.0,1169.0,0.0,0,469.52,0.0,1,35.75,24.06,SPY220930P00435000,435.0,0,0.0,0.0,,0.0,normalDay
2021-12-09,6565.0,1049.0,0.0,0,466.35,0.0,1,35.75,25.26,SPY220930P00435000,435.0,0,0.0,0.0,,0.0,normalDay
2021-12-10,6565.0,1227.0,0.0,0,470.74,0.0,1,35.75,23.48,SPY220930P00435000,435.0,0,0.0,0.0,,0.0,normalDay
2021-12-13,6565.0,1056.0,0.0,0,466.57,0.0,1,35.75,25.19,SPY220930P00435000,435.0,0,0.0,0.0,,0.0,normalDay
2021-12-14,6565.0,934.0,0.0,0,463.36,0.0,1,35.75,26.41,SPY220930P00435000,435.0,0,0.0,0.0,,0.0,normalDay
2021-12-15,6565.0,1228.0,0.0,0,470.6,0.0,1,35.75,23.47,SPY220930P00435000,435.0,0,0.0,0.0,,0.0,normalDay
2021-12-16,6565.0,1040.0,0.0,0,466.45,0.0,1,35.75,25.35,SPY220930P00435000,435.0,0,0.0,0.0,,0.0,normalDay
2021-12-17,6565.0,885.0,0.0,0,459.87,0.0,1,35.75,26.9,SPY220930P00435000,435.0,0,0.0,0.0,,0.0,normalDay
2021-12-20,6565.0,746.0,0.0,0,454.98,0.0,1,35.75,28.29,SPY220930P00435000,435.0,0,0.0,0.0,,0.0,normalDay
2021-12-21,6565.0,1024.0,0.0,0,463.06,0.0,1,35.75,25.51,SPY220930P00435000,435.0,0,0.0,0.0,,0.0,normalDay
2021-12-22,6565.0,1218.0,0.0,0,467.69,0.0,1,35.75,23.57,SPY220930P00435000,435.0,0,0.0,0.0,,0.0,normalDay
2021-12-23,6565.0,1316.0,0.0,0,470.6,0.0,1,35.75,22.59,SPY220930P00435000,435.0,0,0.0,0.0,,0.0,normalDay
2021-12-27,6565.0,1507.0,0.0,0,477.26,0.0,1,35.75,20.68,SPY220930P00435000,435.0,0,0.0,0.0,,0.0,normalDay
2021-12-28,6565.0,1528.0,0.0,0,476.87,0.0,1,35.75,20.47,SPY220930P00435000,435.0,0,0.0,0.0,,0.0,normalDay
2021-12-29,6565.0,1561.0,0.0,0,477.48,0.0,1,35.75,20.14,SPY220930P00435000,435.0,0,0.0,0.0,,0.0,normalDay
2021-12-30,6565.0,1508.0,0.0,0,476.16,0.0,1,35.75,20.67,SPY220930P00435000,435.0,0,0.0,0.0,,0.0,normalDay
2021-12-31,6565.0,1537.0,0.0,0,474.96,0.0,1,35.75,20.38,SPY220930P00435000,435.0,0,0.0,0.0,,0.0,normalDay
2022-01-03,6565.0,1626.0,0.0,0,477.71,0.0,1,35.75,19.49,SPY220930P00435000,435.0,0,0.0,0.0,,0.0,normalDay
2022-01-04,6565.0,1610.0,0.0,0,477.55,0.0,1,35.75,19.65,SPY220930P00435000,435.0,0,0.0,0.0,,0.0,normalDay
2022-01-05,6565.0,1329.0,0.0,0,468.38,0.0,1,35.75,22.46,SPY220930P00435000,435.0,0,0.0,0.0,,0.0,normalDay
2022-01-06,6565.0,1331.0,0.0,0,467.94,0.0,1,35.75,22.44,SPY220930P00435000,435.0,0,0.0,0.0,,0.0,normalDay
2022-01-07,6565.0,1330.0,0.0,0,466.09,0.0,1,35.75,22.45,SPY220930P00435000,435.0,0,0.0,0.0,,0.0,normalDay
2022-01-10,6565.0,1344.0,0.0,0,465.51,0.0,1,35.75,22.31,SPY220930P00435000,435.0,0,0.0,0.0,,0.0,normalDay
2022-01-11,6565.0,1499.0,0.0,0,469.75,0.0,1,35.75,20.76,SPY220930P00435000,435.0,0,0.0,0.0,,0.0,normalDay
2022-01-12,6565.0,1555.0,0.0,0,471.02,0.0,1,35.75,20.2,SPY220930P00435000,435.0,0,0.0,0.0,,0.0,normalDay
2022-01-13,6565.0,1308.0,0.0,0,464.53,0.0,1,35.75,22.67,SPY220930P00435000,435.0,0,0.0,0.0,,0.0,normalDay
2022-01-14,6565.0,1371.0,0.0,0,464.72,0.0,1,35.75,22.04,SPY220930P00435000,435.0,0,0.0,0.0,,0.0,normalDay
2022-01-18,6565.0,1035.0,0.0,0,456.49,0.0,1,35.75,25.4,SPY220930P00435000,435.0,0,0.0,0.0,,0.0,normalDay
2022-01-19,6565.0,914.0,0.0,0,451.75,0.0,1,35.75,26.61,SPY220930P00435000,435.0,0,0.0,0.0,,0.0,normalDay
2022-01-20,6565.0,621.0,0.0,0,446.75,0.0,1,35.75,29.54,SPY220930P00435000,435.0,0,0.0,0.0,,0.0,normalDay
2022-01-21,6565.0,266.0,0.0,0,437.98,0.0,1,35.75,33.09,SPY220930P00435000,435.0,0,0.0,0.0,,0.0,normalDay
2022-01-24,6565.0,288.0,0.0,0,439.84,0.0,1,35.75,32.87,SPY220930P00435000,435.0,0,0.0,0.0,,0.0,normalDay
2022-01-25,6565.0,17.0,0.0,0,434.47,0.0,1,35.75,35.58,SPY220930P00435000,435.0,0,0.0,0.0,,0.0,normalDay
2022-01-26,6565.0,54.0,0.0,0,433.38,0.0,1,35.75,35.21,SPY220930P00435000,435.0,0,0.0,0.0,,0.0,normalDay
2022-01-27,6565.0,74.0,0.0,0,431.24,0.0,1,35.75,35.01,SPY220930P00435000,435.0,0,0.0,0.0,,0.0,normalDay
2022-01-28,6565.0,567.0,0.0,0,441.95,0.0,1,35.75,30.08,SPY220930P00435000,435.0,0,0.0,0.0,,0.0,normalDay
2022-01-31,6565.0,916.0,0.0,0,449.91,0.0,1,35.75,26.59,SPY220930P00435000,435.0,0,0.0,0.0,,0.0,normalDay
2022-02-01,6565.0,1166.0,0.0,0,452.95,0.0,1,35.75,24.09,SPY220930P00435000,435.0,0,0.0,0.0,,0.0,normalDay
2022-02-02,6565.0,1183.0,0.0,0,457.35,0.0,1,35.75,23.92,SPY220930P00435000,435.0,0,0.0,0.0,,0.0,normalDay
2022-02-03,6565.0,910.0,0.0,0,446.6,0.0,1,35.75,26.65,SPY220930P00435000,435.0,0,0.0,0.0,,0.0,normalDay
2022-02-04,6565.0,858.0,0.0,0,448.7,0.0,1,35.75,27.17,SPY220930P00435000,435.0,0,0.0,0.0,,0.0,normalDay
2022-02-07,6565.0,897.0,0.0,0,447.26,0.0,1,35.75,26.78,SPY220930P00435000,435.0,0,0.0,0.0,,0.0,normalDay
2022-02-08,6565.0,1101.0,0.0,0,450.94,0.0,1,35.75,24.74,SPY220930P00435000,435.0,0,0.0,0.0,,0.0,normalDay
2022-02-09,6565.0,1336.0,0.0,0,457.54,0.0,1,35.75,22.39,SPY220930P00435000,435.0,0,0.0,0.0,,0.0,normalDay
2022-02-10,6565.0,993.0,0.0,0,449.32,0.0,1,35.75,25.82,SPY220930P00435000,435.0,0,0.0,0.0,,0.0,normalDay
2022-02-11,6565.0,540.0,0.0,0,440.46,0.0,1,35.75,30.35,SPY220930P00435000,435.0,0,0.0,0.0,,0.0,normalDay
2022-02-14,6565.0,559.0,0.0,0,439.02,0.0,1,35.75,30.16,SPY220930P00435000,435.0,0,0.0,0.0,,0.0,normalDay
2022-02-15,6565.0,870.0,0.0,0,446.1,0.0,1,35.75,27.05,SPY220930P00435000,435.0,0,0.0,0.0,,0.0,normalDay
2022-02-16,6565.0,959.0,0.0,0,446.6,0.0,1,35.75,26.16,SPY220930P00435000,435.0,0,0.0,0.0,,0.0,normalDay
2022-02-17,6565.0,480.0,0.0,0,437.06,0.0,1,35.75,30.95,SPY220930P00435000,435.0,0,0.0,0.0,,0.0,normalDay
2022-02-18,6565.0,392.0,0.0,0,434.23,0.0,1,35.75,31.83,SPY220930P00435000,435.0,0,0.0,0.0,,0.0,normalDay
2022-02-22,6565.0,277.0,0.0,0,429.57,0.0,1,35.75,32.98,SPY220930P00435000,435.0,0,0.0,0.0,,0.0,normalDay
2022-02-23,6565.0,-173.0,0.0,0,421.95,0.0,1,35.75,37.48,SPY220930P00435000,435.0,0,0.0,0.0,,0.0,normalDay
2022-02-24,6565.0,107.0,0.0,0,428.3,0.0,1,35.75,34.68,SPY220930P00435000,435.0,0,0.0,0.0,,0.0,normalDay
2022-02-25,6565.0,623.0,0.0,0,437.75,0.0,1,35.75,29.52,SPY220930P00435000,435.0,0,0.0,0.0,,0.0,normalDay
2022-02-28,6565.0,523.0,0.0,0,436.63,0.0,1,35.75,30.52,SPY220930P00435000,435.0,0,0.0,0.0,,0.0,normalDay
2022-03-01,6565.0,94.0,0.0,0,429.98,0.0,1,35.75,34.81,SPY220930P00435000,435.0,0,0.0,0.0,,0.0,normalDay
2022-03-02,6565.0,490.0,0.0,0,437.89,0.0,1,35.75,30.85,SPY220930P00435000,435.0,0,0.0,0.0,,0.0,normalDay
2022-03-03,6565.0,418.0,0.0,0,435.71,0.0,1,35.75,31.57,SPY220930P00435000,435.0,0,0.0,0.0,,0.0,normalDay
2022-03-04,6565.0,171.0,0.0,0,432.17,0.0,1,35.75,34.04,SPY220930P00435000,435.0,0,0.0,0.0,,0.0,normalDay
2022-03-07,6565.0,-577.0,0.0,0,419.43,0.0,1,35.75,41.52,SPY220930P00435000,435.0,0,0.0,0.0,,0.0,normalDay
2022-03-08,6565.0,-714.0,0.0,0,416.25,0.0,1,35.75,42.89,SPY220930P00435000,435.0,0,0.0,0.0,,0.0,normalDay
2022-03-09,6565.0,-124.0,0.0,0,427.41,0.0,1,35.75,36.99,SPY220930P00435000,435.0,0,0.0,0.0,,0.0,normalDay
2022-03-10,6565.0,-59.0,0.0,0,425.48,0.0,1,35.75,36.34,SPY220930P00435000,435.0,0,0.0,0.0,,0.0,normalDay
2022-03-11,6565.0,-358.0,0.0,0,420.07,0.0,1,35.75,39.33,SPY220930P00435000,435.0,0,0.0,0.0,,0.0,normalDay
2022-03-14,6565.0,-484.0,0.0,0,417.0,0.0,1,35.75,40.59,SPY220930P00435000,435.0,0,0.0,0.0,,0.0,normalDay
2022-03-15,6565.0,-31.0,0.0,0,426.17,0.0,1,35.75,36.06,SPY220930P00435000,435.0,0,0.0,0.0,,0.0,normalDay
2022-03-16,6565.0,551.0,0.0,0,435.62,0.0,1,35.75,30.24,SPY220930P00435000,435.0,0,0.0,0.0,,0.0,normalDay
2022-03-17,6565.0,814.0,0.0,0,441.07,0.0,1,35.75,27.61,SPY220930P00435000,435.0,0,0.0,0.0,,0.0,normalDay
2022-03-18,6565.0,1115.0,0.0,0,444.52,0.0,1,35.75,24.6,SPY220930P00435000,435.0,0,0.0,0.0,,0.0,normalDay
2022-03-21,6565.0,1142.0,0.0,0,444.39,0.0,1,35.75,24.33,SPY220930P00435000,435.0,0,0.0,0.0,,0.0,normalDay
2022-03-22,6565.0,1362.0,0.0,0,449.59,0.0,1,35.75,22.13,SPY220930P00435000,435.0,0,0.0,0.0,,0.0,normalDay
2022-03-23,6565.0,1141.0,0.0,0,443.8,0.0,1,35.75,24.34,SPY220930P00435000,435.0,0,0.0,0.0,,0.0,normalDay
2022-03-24,6565.0,1404.0,0.0,0,450.49,0.0,1,35.75,21.71,SPY220930P00435000,435.0,0,0.0,0.0,,0.0,normalDay
2022-03-25,6565.0,1493.0,0.0,0,452.69,0.0,1,35.75,20.82,SPY220930P00435000,435.0,0,0.0,0.0,,0.0,normalDay
2022-03-28,6565.0,1641.0,0.0,0,455.91,0.0,1,35.75,19.34,SPY220930P00435000,435.0,0,0.0,0.0,,0.0,normalDay
2022-03-29,6565.0,1815.0,0.0,0,461.55,0.0,1,35.75,17.6,SPY220930P00435000,435.0,0,0.0,0.0,,0.0,normalDay
2022-03-30,6565.0,1734.0,0.0,0,458.7,0.0,1,35.75,18.41,SPY220930P00435000,435.0,0,0.0,0.0,,0.0,normalDay
2022-03-31,6565.0,1493.0,0.0,0,451.64,0.0,1,35.75,20.82,SPY220930P00435000,435.0,0,0.0,0.0,,0.0,normalDay
2022-04-01,6565.0,1569.0,0.0,0,452.92,0.0,1,35.75,20.06,SPY220930P00435000,435.0,0,0.0,0.0,,0.0,normalDay
2022-04-04,6565.0,1755.0,0.0,0,456.8,0.0,1,35.75,18.2,SPY220930P00435000,435.0,0,0.0,0.0,,0.0,normalDay
2022-04-05,6565.0,1528.0,0.0,0,451.03,0.0,1,35.75,20.47,SPY220930P00435000,435.0,0,0.0,0.0,,0.0,normalDay
2022-04-06,6565.0,1333.0,0.0,0,446.52,0.0,1,35.75,22.42,SPY220930P00435000,435.0,0,0.0,0.0,,0.0,normalDay
2022-04-07,6565.0,1420.0,0.0,0,448.77,0.0,1,35.75,21.55,SPY220930P00435000,435.0,0,0.0,0.0,,0.0,normalDay
2022-04-08,6565.0,1404.0,0.0,0,447.57,0.0,1,35.75,21.71,SPY220930P00435000,435.0,0,0.0,0.0,,0.0,normalDay
2022-04-11,6565.0,1082.0,0.0,0,439.92,0.0,1,35.75,24.93,SPY220930P00435000,435.0,0,0.0,0.0,,0.0,normalDay
2022-04-12,6565.0,1019.0,0.0,0,438.29,0.0,1,35.75,25.56,SPY220930P00435000,435.0,0,0.0,0.0,,0.0,normalDay
2022-04-13,6565.0,1295.0,0.0,0,443.31,0.0,1,35.75,22.8,SPY220930P00435000,435.0,0,0.0,0.0,,0.0,normalDay
2022-04-14,6565.0,1068.0,0.0,0,437.79,0.0,1,35.75,25.07,SPY220930P00435000,435.0,0,0.0,0.0,,0.0,normalDay
2022-04-18,6565.0,1175.0,0.0,0,437.97,0.0,1,35.75,24.0,SPY220930P00435000,435.0,0,0.0,0.0,,0.0,normalDay
2022-04-19,6565.0,1359.0,0.0,0,445.04,0.0,1,35.75,22.16,SPY220930P00435000,435.0,0,0.0,0.0,,0.0,normalDay
2022-04-20,6565.0,1494.0,0.0,0,444.71,0.0,1,35.75,20.81,SPY220930P00435000,435.0,0,0.0,0.0,,0.0,normalDay
2022-04-21,6565.0,1122.0,0.0,0,438.06,0.0,1,35.75,24.53,SPY220930P00435000,435.0,0,0.0,0.0,,0.0,normalDay
2022-04-22,6565.0,396.0,0.0,0,426.04,0.0,1,35.75,31.79,SPY220930P00435000,435.0,0,0.0,0.0,,0.0,normalDay
2022-04-25,6565.0,671.0,0.0,0,428.51,0.0,1,35.75,29.04,SPY220930P00435000,435.0,0,0.0,0.0,,0.0,normalDay
2022-04-26,6565.0,-228.0,0.0,0,416.1,0.0,1,35.75,38.03,SPY220930P00435000,435.0,0,0.0,0.0,,0.0,normalDay
2022-04-27,6565.0,58.0,0.0,0,417.27,0.0,1,35.75,35.17,SPY220930P00435000,435.0,0,0.0,0.0,,0.0,normalDay
2022-04-28,6565.0,514.0,0.0,0,427.81,0.0,1,35.75,30.61,SPY220930P00435000,435.0,0,0.0,0.0,,0.0,normalDay
2022-04-29,6565.0,-245.0,0.0,0,412.0,0.0,1,35.75,38.2,SPY220930P00435000,435.0,0,0.0,0.0,,0.0,normalDay
2022-05-02,6565.0,-86.0,0.0,0,414.48,0.0,1,35.75,36.61,SPY220930P00435000,435.0,0,0.0,0.0,,0.0,normalDay
2022-05-03,6565.0,138.0,0.0,0,416.38,0.0,1,35.75,34.37,SPY220930P00435000,435.0,0,0.0,0.0,,0.0,normalDay
2022-05-04,6565.0,830.0,0.0,0,429.06,0.0,1,35.75,27.45,SPY220930P00435000,435.0,0,0.0,0.0,,0.0,normalDay
2022-05-05,6565.0,-135.0,0.0,0,413.81,0.0,1,35.75,37.1,SPY220930P00435000,435.0,0,0.0,0.0,,0.0,normalDay
2022-05-06,6565.0,-337.0,0.0,0,411.34,0.0,1,35.75,39.12,SPY220930P00435000,435.0,0,0.0,0.0,,0.0,normalDay
2022-05-09,6565.0,-1083.0,0.0,0,398.17,0.0,1,35.75,46.58,SPY220930P00435000,435.0,0,0.0,0.0,,0.0,normalDay
2022-05-10,6565.0,-1030.0,0.0,0,399.09,0.0,1,35.75,46.05,SPY220930P00435000,435.0,0,0.0,0.0,,0.0,normalDay
2022-05-11,6565.0,-1462.0,0.0,0,392.75,0.0,1,35.75,50.37,SPY220930P00435000,435.0,0,0.0,0.0,,0.0,normalDay
2022-05-12,6565.0,-1492.0,0.0,0,392.34,0.0,1,35.75,50.67,SPY220930P00435000,435.0,0,0.0,0.0,,0.0,normalDay
2022-05-13,6565.0,-806.0,0.0,0,401.72,0.0,1,35.75,43.81,SPY220930P00435000,435.0,0,0.0,0.0,,0.0,normalDay
2022-05-16,6565.0,-848.0,0.0,0,400.09,0.0,1,35.75,44.23,SPY220930P00435000,435.0,0,0.0,0.0,,0.0,normalDay
2022-05-17,6565.0,-236.0,0.0,0,408.32,0.0,1,35.75,38.11,SPY220930P00435000,435.0,0,0.0,0.0,,0.0,normalDay
2022-05-18,6565.0,-1543.0,0.0,0,391.86,0.0,1,35.75,51.18,SPY220930P00435000,435.0,0,0.0,0.0,,0.0,normalDay
2022-05-19,6565.0,-1637.0,0.0,0,389.46,0.0,1,35.75,52.12,SPY220930P00435000,435.0,0,0.0,0.0,,0.0,normalDay
2022-05-20,6565.0,-1637.0,0.0,0,389.63,0.0,1,35.75,52.12,SPY220930P00435000,435.0,0,0.0,0.0,,0.0,normalDay
2022-05-23,6565.0,-1013.0,0.0,0,396.92,0.0,1,35.75,45.88,SPY220930P00435000,435.0,0,0.0,0.0,,0.0,normalDay
2022-05-24,6565.0,-1253.0,0.0,0,393.89,0.0,1,35.75,48.28,SPY220930P00435000,435.0,0,0.0,0.0,,0.0,normalDay
2022-05-25,6565.0,-1009.0,0.0,0,397.37,0.0,1,35.75,45.84,SPY220930P00435000,435.0,0,0.0,0.0,,0.0,normalDay
2022-05-26,6565.0,-481.0,0.0,0,405.31,0.0,1,35.75,40.56,SPY220930P00435000,435.0,0,0.0,0.0,,0.0,normalDay
2022-05-27,6565.0,136.0,0.0,0,415.26,0.0,1,35.75,34.39,SPY220930P00435000,435.0,0,0.0,0.0,,0.0,normalDay
2022-05-31,6565.0,117.0,0.0,0,412.93,0.0,1,35.75,34.58,SPY220930P00435000,435.0,0,0.0,0.0,,0.0,normalDay
2022-06-01,6565.0,-51.0,0.0,0,409.59,0.0,1,35.75,36.26,SPY220930P00435000,435.0,0,0.0,0.0,,0.0,normalDay
2022-06-02,6565.0,472.0,0.0,0,417.39,0.0,1,35.75,31.03,SPY220930P00435000,435.0,0,0.0,0.0,,0.0,normalDay
2022-06-03,6565.0,50.0,0.0,0,410.54,0.0,1,35.75,35.25,SPY220930P00435000,435.0,0,0.0,0.0,,0.0,normalDay
2022-06-06,6565.0,146.0,0.0,0,411.79,0.0,1,35.75,34.29,SPY220930P00435000,435.0,0,0.0,0.0,,0.0,normalDay
2022-06-07,6565.0,390.0,0.0,0,415.74,0.0,1,35.75,31.85,SPY220930P00435000,435.0,0,0.0,0.0,,0.0,normalDay
2022-06-08,6565.0,149.0,0.0,0,411.22,0.0,1,35.75,34.26,SPY220930P00435000,435.0,0,0.0,0.0,,0.0,normalDay
2022-06-09,6565.0,-562.0,0.0,0,401.44,0.0,1,35.75,41.37,SPY220930P00435000,435.0,0,0.0,0.0,,0.0,normalDay
2022-06-10,6565.0,-1462.0,0.0,0,389.8,0.0,1,35.75,50.37,SPY220930P00435000,435.0,0,0.0,0.0,,0.0,normalDay
2022-06-13,6565.0,-2802.0,0.0,0,375.0,0.0,1,35.75,63.77,SPY220930P00435000,435.0,0,0.0,0.0,,0.0,normalDay
2022-06-14,6565.0,-2958.0,0.0,0,373.87,0.0,1,35.75,65.33,SPY220930P00435000,435.0,0,0.0,0.0,,0.0,normalDay
2022-06-15,6565.0,-2395.0,0.0,0,379.2,0.0,1,35.75,59.7,SPY220930P00435000,435.0,0,0.0,0.0,,0.0,normalDay
2022-06-16,6565.0,-3492.0,0.0,0,366.65,0.0,1,35.75,70.67,SPY220930P00435000,435.0,0,0.0,0.0,,0.0,normalDay
2022-06-17,6565.0,-3393.0,0.0,0,365.86,0.0,1,35.75,69.68,SPY220930P00435000,435.0,0,0.0,0.0,,0.0,normalDay
2022-06-21,6565.0,-2577.0,0.0,0,375.07,0.0,1,35.75,61.52,SPY220930P00435000,435.0,0,0.0,0.0,,0.0,normalDay
2022-06-22,6565.0,-2604.0,0.0,0,374.39,0.0,1,35.75,61.79,SPY220930P00435000,435.0,0,0.0,0.0,,0.0,normalDay
2022-06-23,6565.0,-2396.0,0.0,0,378.06,0.0,1,35.75,59.71,SPY220930P00435000,435.0,0,0.0,0.0,,0.0,normalDay
2022-06-24,6565.0,-1326.0,0.0,0,390.08,0.0,1,35.75,49.01,SPY220930P00435000,435.0,0,0.0,0.0,,0.0,normalDay
2022-06-27,6565.0,-1286.0,0.0,0,388.59,0.0,1,35.75,48.61,SPY220930P00435000,435.0,0,0.0,0.0,,0.0,normalDay
2022-06-28,6565.0,-2050.0,0.0,0,380.65,0.0,1,35.75,56.25,SPY220930P00435000,435.0,0,0.0,0.0,,0.0,normalDay
2022-06-29,6565.0,-2038.0,0.0,0,380.34,0.0,1,35.75,56.13,SPY220930P00435000,435.0,0,0.0,0.0,,0.0,normalDay
2022-06-30,6565.0,-2424.0,0.0,0,377.25,0.0,1,35.75,59.99,SPY220930P00435000,435.0,0,0.0,0.0,,0.0,normalDay
2022-07-01,6565.0,-2000.0,0.0,0,381.24,0.0,1,35.75,55.75,SPY220930P00435000,435.0,0,0.0,0.0,,0.0,normalDay
2022-07-05,6565.0,-1953.0,0.0,0,381.96,0.0,1,35.75,55.28,SPY220930P00435000,435.0,0,0.0,0.0,,0.0,normalDay
2022-07-06,6565.0,-1751.0,0.0,0,383.25,0.0,1,35.75,53.26,SPY220930P00435000,435.0,0,0.0,0.0,,0.0,normalDay
2022-07-07,6565.0,-1280.0,0.0,0,388.99,0.0,1,35.75,48.55,SPY220930P00435000,435.0,0,0.0,0.0,,0.0,normalDay
2022-07-08,6565.0,-1236.0,0.0,0,388.67,0.0,1,35.75,48.11,SPY220930P00435000,435.0,0,0.0,0.0,,0.0,normalDay
2022-07-11,6565.0,-1631.0,0.0,0,384.23,0.0,1,35.75,52.06,SPY220930P00435000,435.0,0,0.0,0.0,,0.0,normalDay
2022-07-12,6565.0,-2005.0,0.0,0,380.83,0.0,1,35.75,55.8,SPY220930P00435000,435.0,0,0.0,0.0,,0.0,normalDay
2022-07-13,6565.0,-2187.0,0.0,0,378.83,0.0,1,35.75,57.62,SPY220930P00435000,435.0,0,0.0,0.0,,0.0,normalDay
2022-07-14,6565.0,-2229.0,0.0,0,377.91,0.0,1,35.75,58.04,SPY220930P00435000,435.0,0,0.0,0.0,,0.0,normalDay
2022-07-15,6565.0,-1552.0,0.0,0,385.13,0.0,1,35.75,51.27,SPY220930P00435000,435.0,0,0.0,0.0,,0.0,normalDay
2022-07-18,6565.0,-1837.0,0.0,0,381.95,0.0,1,35.75,54.12,SPY220930P00435000,435.0,0,0.0,0.0,,0.0,normalDay
2022-07-19,6565.0,-877.0,0.0,0,392.27,0.0,1,35.75,44.52,SPY220930P00435000,435.0,0,0.0,0.0,,0.0,normalDay
2022-07-20,6565.0,-677.0,0.0,0,394.77,0.0,1,35.75,42.52,SPY220930P00435000,435.0,0,0.0,0.0,,0.0,normalDay
2022-07-21,6565.0,-372.0,0.0,0,398.79,0.0,1,35.75,39.47,SPY220930P00435000,435.0,0,0.0,0.0,,0.0,normalDay
2022-07-22,6565.0,-700.0,0.0,0,395.09,0.0,1,35.75,42.75,SPY220930P00435000,435.0,0,0.0,0.0,,0.0,normalDay
2022-07-25,6565.0,-556.0,0.0,0,395.57,0.0,1,35.75,41.31,SPY220930P00435000,435.0,0,0.0,0.0,,0.0,normalDay
2022-07-26,6565.0,-939.0,0.0,0,390.89,0.0,1,35.75,45.14,SPY220930P00435000,435.0,0,0.0,0.0,,0.0,normalDay
2022-07-27,6565.0,-159.0,0.0,0,401.04,0.0,1,35.75,37.34,SPY220930P00435000,435.0,0,0.0,0.0,,0.0,normalDay
2022-07-28,6565.0,411.0,0.0,0,406.07,0.0,1,35.75,31.64,SPY220930P00435000,435.0,0,0.0,0.0,,0.0,normalDay
2022-07-29,6565.0,817.0,0.0,0,411.99,0.0,1,35.75,27.58,SPY220930P00435000,435.0,0,0.0,0.0,,0.0,normalDay
2022-08-01,6565.0,722.0,0.0,0,410.77,0.0,1,35.75,28.53,SPY220930P00435000,435.0,0,0.0,0.0,,0.0,normalDay
2022-08-02,6565.0,471.0,0.0,0,408.06,0.0,1,35.75,31.04,SPY220930P00435000,435.0,0,0.0,0.0,,0.0,normalDay
2022-08-03,6565.0,991.0,0.0,0,414.45,0.0,1,35.75,25.84,SPY220930P00435000,435.0,0,0.0,0.0,,0.0,normalDay
2022-08-04,6565.0,1015.0,0.0,0,414.17,0.0,1,35.75,25.6,SPY220930P00435000,435.0,0,0.0,0.0,,0.0,normalDay
2022-08-05,6565.0,963.0,0.0,0,413.47,0.0,1,35.75,26.12,SPY220930P00435000,435.0,0,0.0,0.0,,0.0,normalDay
2022-08-08,6565.0,987.0,0.0,0,412.99,0.0,1,35.75,25.88,SPY220930P00435000,435.0,0,0.0,0.0,,0.0,normalDay
2022-08-09,6565.0,873.0,0.0,0,411.35,0.0,1,35.75,27.02,SPY220930P00435000,435.0,0,0.0,0.0,,0.0,normalDay
2022-08-10,6565.0,1501.0,0.0,0,419.99,0.0,1,35.75,20.74,SPY220930P00435000,435.0,0,0.0,0.0,,0.0,normalDay
2022-08-11,6565.0,1575.0,0.0,0,419.99,0.0,1,35.75,20.0,SPY220930P00435000,435.0,0,0.0,0.0,,0.0,normalDay
2022-08-12,6565.0,1966.0,0.0,0,427.1,0.0,1,35.75,16.09,SPY220930P00435000,435.0,0,0.0,0.0,,0.0,normalDay
2022-08-15,6565.0,2096.0,0.0,0,428.86,0.0,1,35.75,14.79,SPY220930P00435000,435.0,0,0.0,0.0,,0.0,normalDay
2022-08-16,6565.0,2154.0,0.0,0,429.7,0.0,1,35.75,14.21,SPY220930P00435000,435.0,0,0.0,0.0,,0.0,normalDay
2022-08-17,6565.0,1984.0,0.0,0,426.65,0.0,1,35.75,15.91,SPY220930P00435000,435.0,0,0.0,0.0,,0.0,normalDay
2022-08-18,6565.0,2099.0,0.0,0,427.89,0.0,1,35.75,14.76,SPY220930P00435000,435.0,0,0.0,0.0,,0.0,normalDay
2022-08-19,6565.0,1737.0,0.0,0,422.14,0.0,1,35.75,18.38,SPY220930P00435000,435.0,0,0.0,0.0,,0.0,normalDay
2022-08-22,6565.0,1082.0,0.0,0,413.35,0.0,1,35.75,24.93,SPY220930P00435000,435.0,0,0.0,0.0,,0.0,normalDay
2022-08-23,6565.0,954.0,0.0,0,412.35,0.0,1,35.75,26.21,SPY220930P00435000,435.0,0,0.0,0.0,,0.0,normalDay
2022-08-24,6565.0,1141.0,0.0,0,413.67,0.0,1,35.75,24.34,SPY220930P00435000,435.0,0,0.0,0.0,,0.0,normalDay
2022-08-25,6565.0,1569.0,0.0,0,419.51,0.0,1,35.75,20.06,SPY220930P00435000,435.0,0,0.0,0.0,,0.0,normalDay
2022-08-26,6565.0,341.0,0.0,0,405.31,0.0,1,35.75,32.34,SPY220930P00435000,435.0,0,0.0,0.0,,0.0,normalDay
2022-08-29,6565.0,143.0,0.0,0,402.63,0.0,1,35.75,34.32,SPY220930P00435000,435.0,0,0.0,0.0,,0.0,normalDay
2022-08-30,6565.0,-266.0,0.0,0,398.21,0.0,1,35.75,38.41,SPY220930P00435000,435.0,0,0.0,0.0,,0.0,normalDay
2022-08-31,6565.0,-537.0,0.0,0,395.18,0.0,1,35.75,41.12,SPY220930P00435000,435.0,0,0.0,0.0,,0.0,normalDay
2022-09-01,6565.0,-443.0,0.0,0,396.42,0.0,1,35.75,40.18,SPY220930P00435000,435.0,0,0.0,0.0,,0.0,normalDay
2022-09-02,6565.0,-810.0,0.0,0,392.24,0.0,1,35.75,43.85,SPY220930P00435000,435.0,0,0.0,0.0,,0.0,normalDay
2022-09-06,6565.0,-1093.0,0.0,0,390.76,0.0,1,35.75,46.68,SPY220930P00435000,435.0,0,0.0,0.0,,0.0,normalDay
2022-09-07,6565.0,-347.0,0.0,0,397.78,0.0,1,35.75,39.22,SPY220930P00435000,435.0,0,0.0,0.0,,0.0,normalDay
2022-09-08,6565.0,-18.0,0.0,0,400.38,0.0,1,35.75,35.93,SPY220930P00435000,435.0,0,0.0,0.0,,0.0,normalDay
2022-09-09,6565.0,504.0,0.0,0,406.6,0.0,1,35.75,30.71,SPY220930P00435000,435.0,0,0.0,0.0,,0.0,normalDay
2022-09-12,6565.0,963.0,0.0,0,410.97,0.0,1,35.75,26.12,SPY220930P00435000,435.0,0,0.0,0.0,,0.0,normalDay
2022-09-13,6565.0,-791.0,0.0,0,393.1,0.0,1,35.75,43.66,SPY220930P00435000,435.0,0,0.0,0.0,,0.0,normalDay
2022-09-14,6565.0,-653.0,0.0,0,394.6,0.0,1,35.75,42.28,SPY220930P00435000,435.0,0,0.0,0.0,,0.0,normalDay
2022-09-15,6565.0,-1022.0,0.0,0,390.12,0.0,1,35.75,45.97,SPY220930P00435000,435.0,0,0.0,0.0,,0.0,normalDay
2022-09-16,6565.0,-1349.0,0.0,0,385.56,0.0,1,35.75,49.24,SPY220930P00435000,435.0,0,0.0,0.0,,0.0,normalDay
2022-09-19,6565.0,-1100.0,0.0,0,388.55,0.0,1,35.75,46.75,SPY220930P00435000,435.0,0,0.0,0.0,,0.0,normalDay
2022-09-20,6565.0,-1468.0,0.0,0,384.09,0.0,1,35.75,50.43,SPY220930P00435000,435.0,0,0.0,0.0,,0.0,normalDay
2022-09-21,6565.0,-2199.0,0.0,0,377.39,0.0,1,35.75,57.74,SPY220930P00435000,435.0,0,0.0,0.0,,0.0,normalDay
2022-09-22,6565.0,-2473.0,0.0,0,374.22,0.0,1,35.75,60.48,SPY220930P00435000,435.0,0,0.0,0.0,,0.0,normalDay
2022-09-23,6565.0,-3178.0,0.0,0,367.95,0.0,1,35.75,67.53,SPY220930P00435000,435.0,0,0.0,0.0,,0.0,normalDay
2022-09-26,6565.0,-3569.0,0.0,0,364.31,0.0,1,35.75,71.44,SPY220930P00435000,435.0,0,0.0,0.0,,0.0,normalDay
2022-09-27,6565.0,-3605.0,0.0,0,363.38,0.0,1,35.75,71.8,SPY220930P00435000,435.0,0,0.0,0.0,,0.0,normalDay
2022-09-28,6565.0,-2892.0,0.0,0,370.53,0.0,1,35.75,64.67,SPY220930P00435000,435.0,0,0.0,0.0,,0.0,normalDay
2022-09-29,6565.0,-3644.0,0.0,0,362.79,0.0,1,35.75,72.19,SPY220930P00435000,435.0,0,0.0,0.0,,0.0,normalDay
2022-09-30,10140.0,-7782.0,3575.0,100,357.18,435.0,1,35.75,0.0,SPY220930P00435000,435.0,0,0.0,0.0,,0.0,expirationDay
2022-10-03,10140.0,-6839.0,0.0,100,366.61,435.0,0,0.0,0.0,,0.0,0,0.0,0.0,,0.0,bidTooLow
2022-10-04,10140.0,-5703.0,0.0,100,377.97,435.0,0,0.0,0.0,,0.0,0,0.0,0.0,,0.0,bidTooLow
2022-10-05,10140.0,-5791.0,0.0,100,377.09,435.0,0,0.0,0.0,,0.0,0,0.0,0.0,,0.0,bidTooLow
2022-10-06,10140.0,-6180.0,0.0,100,373.2,435.0,0,0.0,0.0,,0.0,0,0.0,0.0,,0.0,bidTooLow
2022-10-07,10140.0,-7221.0,0.0,100,362.79,435.0,0,0.0,0.0,,0.0,0,0.0,0.0,,0.0,bidTooLow
2022-10-10,10140.0,-7498.0,0.0,100,360.02,435.0,0,0.0,0.0,,0.0,0,0.0,0.0,,0.0,bidTooLow
2022-10-11,10140.0,-7726.0,0.0,100,357.74,435.0,0,0.0,0.0,,0.0,0,0.0,0.0,,0.0,bidTooLow
2022-10-12,10140.0,-7847.0,0.0,100,356.56,435.0,0,0.0,0.0,,0.0,1,0.01,0.04,SPY221021C00408000,408.0,normalDay
2022-10-13,10140.0,-6909.0,0.0,100,365.97,435.0,0,0.0,0.0,,0.0,1,0.01,0.07,SPY221021C00408000,408.0,normalDay
2022-10-14,10140.0,-7738.0,0.0,100,357.63,435.0,0,0.0,0.0,,0.0,1,0.01,0.02,SPY221021C00408000,408.0,normalDay
2022-10-17,10140.0,-6819.0,0.0,100,366.82,435.0,0,0.0,0.0,,0.0,1,0.01,0.02,SPY221021C00408000,408.0,normalDay
2022-10-18,10140.0,-6388.0,0.0,100,371.13,435.0,0,0.0,0.0,,0.0,1,0.01,0.02,SPY221021C00408000,408.0,normalDay
2022-10-19,10140.0,-6650.0,0.0,100,368.5,435.0,0,0.0,0.0,,0.0,1,0.01,0.01,SPY221021C00408000,408.0,normalDay
2022-10-20,10140.0,-6959.0,0.0,100,365.41,435.0,0,0.0,0.0,,0.0,1,0.01,0.01,SPY221021C00408000,408.0,normalDay
2022-10-21,10141.0,-6071.0,1.0,100,374.29,435.0,0,0.0,0.0,,0.0,1,0.01,0.0,SPY221021C00408000,408.0,expirationDay
2022-10-24,10141.0,-5617.0,0.0,100,378.87,435.0,0,0.0,0.0,,0.0,1,3.12,3.16,SPY221104C00392000,392.0,normalDay
2022-10-25,10141.0,-5093.0,0.0,100,384.92,435.0,0,0.0,0.0,,0.0,1,3.12,3.97,SPY221104C00392000,392.0,normalDay
2022-10-26,10141.0,-5311.0,0.0,100,382.02,435.0,0,0.0,0.0,,0.0,1,3.12,3.25,SPY221104C00392000,392.0,normalDay
2022-10-27,10141.0,-5326.0,0.0,100,379.98,435.0,0,0.0,0.0,,0.0,1,3.12,1.36,SPY221104C00392000,392.0,normalDay
2022-10-28,10141.0,-4757.0,0.0,100,389.02,435.0,0,0.0,0.0,,0.0,1,3.12,4.71,SPY221104C00392000,392.0,normalDay
2022-10-31,10141.0,-4855.0,0.0,100,386.21,435.0,0,0.0,0.0,,0.0,1,3.12,2.88,SPY221104C00392000,392.0,normalDay
2022-11-01,10141.0,-4930.0,0.0,100,384.52,435.0,0,0.0,0.0,,0.0,1,3.12,1.94,SPY221104C00392000,392.0,normalDay
2022-11-02,10141.0,-5716.0,0.0,100,374.87,435.0,0,0.0,0.0,,0.0,1,3.12,0.15,SPY221104C00392000,392.0,normalDay
2022-11-03,10141.0,-6089.0,0.0,100,371.01,435.0,0,0.0,0.0,,0.0,1,3.12,0.02,SPY221104C00392000,392.0,normalDay
2022-11-04,10453.0,-5865.0,312.0,100,376.35,435.0,0,0.0,0.0,,0.0,1,3.12,0.0,SPY221104C00392000,392.0,expirationDay
2022-11-07,10453.0,-5508.0,0.0,100,379.95,435.0,0,0.0,0.0,,0.0,1,0.27,0.3,SPY221118C00408000,408.0,normalDay
2022-11-08,10453.0,-5312.0,0.0,100,382.0,435.0,0,0.0,0.0,,0.0,1,0.27,0.39,SPY221118C00408000,408.0,normalDay
2022-11-09,10453.0,-6072.0,0.0,100,374.13,435.0,0,0.0,0.0,,0.0,1,0.27,0.12,SPY221118C00408000,408.0,normalDay
2022-11-10,10453.0,-4138.0,0.0,100,394.69,435.0,0,0.0,0.0,,0.0,1,0.27,1.34,SPY221118C00408000,408.0,normalDay
2022-11-11,10453.0,-3743.0,0.0,100,398.51,435.0,0,0.0,0.0,,0.0,1,0.27,1.21,SPY221118C00408000,408.0,normalDay
2022-11-14,10453.0,-4008.0,0.0,100,395.12,435.0,0,0.0,0.0,,0.0,1,0.27,0.47,SPY221118C00408000,408.0,normalDay
2022-11-15,10453.0,-3694.0,0.0,100,398.49,435.0,0,0.0,0.0,,0.0,1,0.27,0.7,SPY221118C00408000,408.0,normalDay
2022-11-16,10453.0,-3941.0,0.0,100,395.45,435.0,0,0.0,0.0,,0.0,1,0.27,0.13,SPY221118C00408000,408.0,normalDay
2022-11-17,10453.0,-4052.0,0.0,100,394.24,435.0,0,0.0,0.0,,0.0,1,0.27,0.03,SPY221118C00408000,408.0,normalDay
2022-11-18,10480.0,-3897.0,27.0,100,396.03,435.0,0,0.0,0.0,,0.0,1,0.27,0.0,SPY221118C00408000,408.0,expirationDay
2022-11-21,10480.0,-4044.0,0.0,100,394.59,435.0,0,0.0,0.0,,0.0,1,0.13,0.16,SPY221202C00418000,418.0,normalDay
2022-11-22,10480.0,-3522.0,0.0,100,399.9,435.0,0,0.0,0.0,,0.0,1,0.13,0.25,SPY221202C00418000,418.0,normalDay
2022-11-23,10480.0,-3260.0,0.0,100,402.42,435.0,0,0.0,0.0,,0.0,1,0.13,0.15,SPY221202C00418000,418.0,normalDay
2022-11-25,10480.0,-3262.0,0.0,100,402.33,435.0,0,0.0,0.0,,0.0,1,0.13,0.08,SPY221202C00418000,418.0,normalDay
2022-11-28,10480.0,-3898.0,0.0,100,395.91,435.0,0,0.0,0.0,,0.0,1,0.13,0.02,SPY221202C00418000,418.0,normalDay
2022-11-29,10480.0,-3966.0,0.0,100,395.23,435.0,0,0.0,0.0,,0.0,1,0.13,0.02,SPY221202C00418000,418.0,normalDay
2022-11-30,10480.0,-2742.0,0.0,100,407.68,435.0,0,0.0,0.0,,0.0,1,0.13,0.23,SPY221202C00418000,418.0,normalDay
2022-12-01,10480.0,-2754.0,0.0,100,407.38,435.0,0,0.0,0.0,,0.0,1,0.13,0.05,SPY221202C00418000,418.0,normalDay
2022-12-02,10493.0,-2809.0,13.0,100,406.91,435.0,0,0.0,0.0,,0.0,1,0.13,0.0,SPY221202C00418000,418.0,expirationDay
2022-12-05,10493.0,-3544.0,0.0,100,399.59,435.0,0,0.0,0.0,,0.0,1,0.16,0.19,SPY221216C00427000,427.0,normalDay
2022-12-06,10493.0,-4114.0,0.0,100,393.83,435.0,0,0.0,0.0,,0.0,1,0.16,0.13,SPY221216C00427000,427.0,normalDay
2022-12-07,10493.0,-4177.0,0.0,100,393.16,435.0,0,0.0,0.0,,0.0,1,0.16,0.09,SPY221216C00427000,427.0,normalDay
2022-12-08,10493.0,-3870.0,0.0,100,396.24,435.0,0,0.0,0.0,,0.0,1,0.16,0.1,SPY221216C00427000,427.0,normalDay
2022-12-09,10493.0,-4161.0,0.0,100,393.28,435.0,0,0.0,0.0,,0.0,1,0.16,0.05,SPY221216C00427000,427.0,normalDay
2022-12-12,10493.0,-3613.0,0.0,100,398.95,435.0,0,0.0,0.0,,0.0,1,0.16,0.24,SPY221216C00427000,427.0,normalDay
2022-12-13,10493.0,-3293.0,0.0,100,401.97,435.0,0,0.0,0.0,,0.0,1,0.16,0.06,SPY221216C00427000,427.0,normalDay
2022-12-14,10493.0,-3545.0,0.0,100,399.4,435.0,0,0.0,0.0,,0.0,1,0.16,0.01,SPY221216C00427000,427.0,normalDay
2022-12-15,10493.0,-4522.0,0.0,100,389.63,435.0,0,0.0,0.0,,0.0,1,0.16,0.01,SPY221216C00427000,427.0,normalDay
2022-12-16,10509.0,-5173.0,16.0,100,383.27,435.0,0,0.0,0.0,,0.0,1,0.16,0.0,SPY221216C00427000,427.0,expirationDay
2022-12-19,10509.0,-5498.0,0.0,100,380.02,435.0,0,0.0,0.0,,0.0,0,0.0,0.0,,0.0,bidTooLow
2022-12-20,10509.0,-5446.0,0.0,100,380.54,435.0,0,0.0,0.0,,0.0,0,0.0,0.0,,0.0,bidTooLow
2022-12-21,10509.0,-4877.0,0.0,100,386.23,435.0,0,0.0,0.0,,0.0,0,0.0,0.0,,0.0,bidTooLow
2022-12-22,10509.0,-5428.0,0.0,100,380.72,435.0,0,0.0,0.0,,0.0,0,0.0,0.0,,0.0,bidTooLow
2022-12-23,10509.0,-5209.0,0.0,100,382.91,435.0,0,0.0,0.0,,0.0,0,0.0,0.0,,0.0,bidTooLow
2022-12-27,10509.0,-5360.0,0.0,100,381.4,435.0,0,0.0,0.0,,0.0,0,0.0,0.0,,0.0,bidTooLow
2022-12-28,10509.0,-5834.0,0.0,100,376.66,435.0,0,0.0,0.0,,0.0,0,0.0,0.0,,0.0,bidTooLow
2022-12-29,10509.0,-5156.0,0.0,100,383.44,435.0,0,0.0,0.0,,0.0,0,0.0,0.0,,0.0,bidTooLow
2022-12-30,10509.0,-5257.0,0.0,100,382.43,435.0,0,0.0,0.0,,0.0,0,0.0,0.0,,0.0,bidTooLow
2023-01-03,10509.0,-5421.0,0.0,100,380.82,435.0,0,0.0,0.0,,0.0,1,0.01,0.04,SPY230113C00416000,416.0,normalDay
2023-01-04,10509.0,-5128.0,0.0,100,383.76,435.0,0,0.0,0.0,,0.0,1,0.01,0.05,SPY230113C00416000,416.0,normalDay
2023-01-05,10509.0,-5564.0,0.0,100,379.38,435.0,0,0.0,0.0,,0.0,1,0.01,0.03,SPY230113C00416000,416.0,normalDay
2023-01-06,10509.0,-4694.0,0.0,100,388.08,435.0,0,0.0,0.0,,0.0,1,0.01,0.03,SPY230113C00416000,416.0,normalDay
2023-01-09,10509.0,-4716.0,0.0,100,387.86,435.0,0,0.0,0.0,,0.0,1,0.01,0.03,SPY230113C00416000,416.0,normalDay
2023-01-10,10509.0,-4443.0,0.0,100,390.58,435.0,0,0.0,0.0,,0.0,1,0.01,0.02,SPY230113C00416000,416.0,normalDay
2023-01-11,10509.0,-3951.0,0.0,100,395.52,435.0,0,0.0,0.0,,0.0,1,0.01,0.04,SPY230113C00416000,416.0,normalDay
2023-01-12,10509.0,-3804.0,0.0,100,396.96,435.0,0,0.0,0.0,,0.0,1,0.01,0.01,SPY230113C00416000,416.0,normalDay
2023-01-13,10510.0,-3650.0,1.0,100,398.5,435.0,0,0.0,0.0,,0.0,1,0.01,0.0,SPY230113C00416000,416.0,expirationDay
2023-01-17,10510.0,-3726.0,0.0,100,397.77,435.0,0,0.0,0.0,,0.0,1,0.58,0.61,SPY230127C00409000,409.0,normalDay
2023-01-18,10510.0,-4305.0,0.0,100,391.49,435.0,0,0.0,0.0,,0.0,1,0.58,0.12,SPY230127C00409000,409.0,normalDay
2023-01-19,10510.0,-4583.0,0.0,100,388.64,435.0,0,0.0,0.0,,0.0,1,0.58,0.05,SPY230127C00409000,409.0,normalDay
2023-01-20,10510.0,-3869.0,0.0,100,395.88,435.0,0,0.0,0.0,,0.0,1,0.58,0.15,SPY230127C00409000,409.0,normalDay
2023-01-23,10510.0,-3421.0,0.0,100,400.63,435.0,0,0.0,0.0,,0.0,1,0.58,0.42,SPY230127C00409000,409.0,normalDay
2023-01-24,10510.0,-3460.0,0.0,100,400.2,435.0,0,0.0,0.0,,0.0,1,0.58,0.38,SPY230127C00409000,409.0,normalDay
2023-01-25,10510.0,-3421.0,0.0,100,400.35,435.0,0,0.0,0.0,,0.0,1,0.58,0.14,SPY230127C00409000,409.0,normalDay
2023-01-26,10510.0,-2994.0,0.0,100,404.75,435.0,0,0.0,0.0,,0.0,1,0.58,0.27,SPY230127C00409000,409.0,normalDay
2023-01-27,10568.0,-2932.0,58.0,100,405.68,435.0,0,0.0,0.0,,0.0,1,0.58,0.0,SPY230127C00409000,409.0,expirationDay
2023-01-30,10568.0,-3444.0,0.0,100,400.59,435.0,0,0.0,0.0,,0.0,1,0.38,0.41,SPY230210C00421000,421.0,normalDay
2023-01-31,10568.0,-2890.0,0.0,100,406.48,435.0,0,0.0,0.0,,0.0,1,0.38,0.76,SPY230210C00421000,421.0,normalDay
2023-02-01,10568.0,-2505.0,0.0,100,410.8,435.0,0,0.0,0.0,,0.0,1,0.38,1.23,SPY230210C00421000,421.0,normalDay
2023-02-02,10568.0,-1997.0,0.0,100,416.78,435.0,0,0.0,0.0,,0.0,1,0.38,2.13,SPY230210C00421000,421.0,normalDay
2023-02-03,10568.0,-2311.0,0.0,100,412.35,435.0,0,0.0,0.0,,0.0,1,0.38,0.84,SPY230210C00421000,421.0,normalDay
2023-02-06,10568.0,-2515.0,0.0,100,409.83,435.0,0,0.0,0.0,,0.0,1,0.38,0.36,SPY230210C00421000,421.0,normalDay
2023-02-07,10568.0,-2004.0,0.0,100,415.19,435.0,0,0.0,0.0,,0.0,1,0.38,0.61,SPY230210C00421000,421.0,normalDay
2023-02-08,10568.0,-2409.0,0.0,100,410.65,435.0,0,0.0,0.0,,0.0,1,0.38,0.12,SPY230210C00421000,421.0,normalDay
2023-02-09,10568.0,-2754.0,0.0,100,407.09,435.0,0,0.0,0.0,,0.0,1,0.38,0.01,SPY230210C00421000,421.0,normalDay
2023-02-10,10606.0,-2696.0,38.0,100,408.04,435.0,0,0.0,0.0,,0.0,1,0.38,0.0,SPY230210C00421000,421.0,expirationDay
2023-02-13,10606.0,-2220.0,0.0,100,412.83,435.0,0,0.0,0.0,,0.0,1,0.35,0.38,SPY230224C00432000,432.0,normalDay
2023-02-14,10606.0,-2212.0,0.0,100,412.64,435.0,0,0.0,0.0,,0.0,1,0.35,0.11,SPY230224C00432000,432.0,normalDay
2023-02-15,10606.0,-2075.0,0.0,100,413.98,435.0,0,0.0,0.0,,0.0,1,0.35,0.08,SPY230224C00432000,432.0,normalDay
2023-02-16,10606.0,-2639.0,0.0,100,408.28,435.0,0,0.0,0.0,,0.0,1,0.35,0.02,SPY230224C00432000,432.0,normalDay
2023-02-17,10606.0,-2741.0,0.0,100,407.26,435.0,0,0.0,0.0,,0.0,1,0.35,0.02,SPY230224C00432000,432.0,normalDay
2023-02-21,10606.0,-3557.0,0.0,100,399.09,435.0,0,0.0,0.0,,0.0,1,0.35,0.01,SPY230224C00432000,432.0,normalDay
2023-02-22,10606.0,-3612.0,0.0,100,398.54,435.0,0,0.0,0.0,,0.0,1,0.35,0.01,SPY230224C00432000,432.0,normalDay
2023-02-23,10606.0,-3400.0,0.0,100,400.66,435.0,0,0.0,0.0,,0.0,1,0.35,0.01,SPY230224C00432000,432.0,normalDay
2023-02-24,10641.0,-3862.0,35.0,100,396.38,435.0,0,0.0,0.0,,0.0,1,0.35,0.0,SPY230224C00432000,432.0,expirationDay
2023-02-27,10641.0,-3727.0,0.0,100,397.73,435.0,0,0.0,0.0,,0.0,0,0.0,0.0,,0.0,bidTooLow
2023-02-28,10641.0,-3874.0,0.0,100,396.26,435.0,0,0.0,0.0,,0.0,0,0.0,0.0,,0.0,bidTooLow
2023-03-01,10641.0,-4026.0,0.0,100,394.74,435.0,0,0.0,0.0,,0.0,0,0.0,0.0,,0.0,bidTooLow
2023-03-02,10641.0,-3719.0,0.0,100,397.81,435.0,0,0.0,0.0,,0.0,0,0.0,0.0,,0.0,bidTooLow
2023-03-03,10641.0,-3084.0,0.0,100,404.19,435.0,0,0.0,0.0,,0.0,1,0.04,0.07,SPY230314C00429000,429.0,normalDay
2023-03-06,10641.0,-3054.0,0.0,100,404.47,435.0,0,0.0,0.0,,0.0,1,0.04,0.05,SPY230314C00429000,429.0,normalDay
2023-03-07,10641.0,-3671.0,0.0,100,398.27,435.0,0,0.0,0.0,,0.0,1,0.04,0.02,SPY230314C00429000,429.0,normalDay
2023-03-08,10641.0,-3606.0,0.0,100,398.92,435.0,0,0.0,0.0,,0.0,1,0.04,0.02,SPY230314C00429000,429.0,normalDay
2023-03-09,10641.0,-4341.0,0.0,100,391.56,435.0,0,0.0,0.0,,0.0,1,0.04,0.01,SPY230314C00429000,429.0,normalDay
2023-03-10,10641.0,-4906.0,0.0,100,385.91,435.0,0,0.0,0.0,,0.0,1,0.04,0.01,SPY230314C00429000,429.0,normalDay
2023-03-13,10641.0,-4961.0,0.0,100,385.36,435.0,0,0.0,0.0,,0.0,1,0.04,0.01,SPY230314C00429000,429.0,normalDay
2023-03-14,10645.0,-4327.0,4.0,100,391.73,435.0,0,0.0,0.0,,0.0,1,0.04,0.0,SPY230314C00429000,429.0,expirationDay
2023-03-15,10645.0,-4572.0,0.0,100,389.28,435.0,0,0.0,0.0,,0.0,0,0.0,0.0,,0.0,bidTooLow
2023-03-16,10645.0,-3892.0,0.0,100,396.11,435.0,0,0.0,0.0,,0.0,1,0.09,0.12,SPY230327C00419000,419.0,normalDay
2023-03-17,10645.0,-4496.0,0.0,100,389.99,435.0,0,0.0,0.0,,0.0,1,0.09,0.04,SPY230327C00419000,419.0,normalDay
2023-03-20,10645.0,-4122.0,0.0,100,393.74,435.0,0,0.0,0.0,,0.0,1,0.09,0.05,SPY230327C00419000,419.0,normalDay
2023-03-21,10645.0,-3608.0,0.0,100,398.91,435.0,0,0.0,0.0,,0.0,1,0.09,0.08,SPY230327C00419000,419.0,normalDay
2023-03-22,10645.0,-4281.0,0.0,100,392.11,435.0,0,0.0,0.0,,0.0,1,0.09,0.01,SPY230327C00419000,419.0,normalDay
2023-03-23,10645.0,-4175.0,0.0,100,393.17,435.0,0,0.0,0.0,,0.0,1,0.09,0.01,SPY230327C00419000,419.0,normalDay
2023-03-24,10645.0,-3917.0,0.0,100,395.75,435.0,0,0.0,0.0,,0.0,1,0.09,0.01,SPY230327C00419000,419.0,normalDay
2023-03-27,10654.0,-3851.0,9.0,100,396.49,435.0,0,0.0,0.0,,0.0,1,0.09,0.0,SPY230327C00419000,419.0,expirationDay
2023-03-28,10654.0,-3943.0,0.0,100,395.6,435.0,0,0.0,0.0,,0.0,1,0.14,0.17,SPY230406C00412500,412.5,normalDay
2023-03-29,10654.0,-3392.0,0.0,100,401.35,435.0,0,0.0,0.0,,0.0,1,0.14,0.41,SPY230406C00412500,412.5,normalDay
2023-03-30,10654.0,-3164.0,0.0,100,403.7,435.0,0,0.0,0.0,,0.0,1,0.14,0.48,SPY230406C00412500,412.5,normalDay
2023-03-31,10654.0,-2715.0,0.0,100,409.39,435.0,0,0.0,0.0,,0.0,1,0.14,1.68,SPY230406C00412500,412.5,normalDay
2023-04-03,10654.0,-2555.0,0.0,100,410.95,435.0,0,0.0,0.0,,0.0,1,0.14,1.64,SPY230406C00412500,412.5,normalDay
2023-04-04,10654.0,-2671.0,0.0,100,408.67,435.0,0,0.0,0.0,,0.0,1,0.14,0.52,SPY230406C00412500,412.5,normalDay
2023-04-05,10654.0,-2733.0,0.0,100,407.6,435.0,0,0.0,0.0,,0.0,1,0.14,0.07,SPY230406C00412500,412.5,normalDay
2023-04-06,10668.0,-2581.0,14.0,100,409.19,435.0,0,0.0,0.0,,0.0,1,0.14,0.0,SPY230406C00412500,412.5,expirationDay
2023-04-10,10668.0,-2542.0,0.0,100,409.61,435.0,0,0.0,0.0,,0.0,1,0.12,0.15,SPY230421C00428000,428.0,normalDay
2023-04-11,10668.0,-2530.0,0.0,100,409.72,435.0,0,0.0,0.0,,0.0,1,0.12,0.14,SPY230421C00428000,428.0,normalDay
2023-04-12,10668.0,-2687.0,0.0,100,408.05,435.0,0,0.0,0.0,,0.0,1,0.12,0.04,SPY230421C00428000,428.0,normalDay
2023-04-13,10668.0,-2151.0,0.0,100,413.47,435.0,0,0.0,0.0,,0.0,1,0.12,0.1,SPY230421C00428000,428.0,normalDay
2023-04-14,10668.0,-2246.0,0.0,100,412.46,435.0,0,0.0,0.0,,0.0,1,0.12,0.04,SPY230421C00428000,428.0,normalDay
2023-04-17,10668.0,-2097.0,0.0,100,413.94,435.0,0,0.0,0.0,,0.0,1,0.12,0.03,SPY230421C00428000,428.0,normalDay
2023-04-18,10668.0,-2069.0,0.0,100,414.21,435.0,0,0.0,0.0,,0.0,1,0.12,0.02,SPY230421C00428000,428.0,normalDay
2023-04-19,10668.0,-2076.0,0.0,100,414.14,435.0,0,0.0,0.0,,0.0,1,0.12,0.02,SPY230421C00428000,428.0,normalDay
2023-04-20,10668.0,-2301.0,0.0,100,411.88,435.0,0,0.0,0.0,,0.0,1,0.12,0.01,SPY230421C00428000,428.0,normalDay
2023-04-21,10680.0,-2280.0,12.0,100,412.2,435.0,0,0.0,0.0,,0.0,1,0.12,0.0,SPY230421C00428000,428.0,expirationDay
2023-04-24,10680.0,-2240.0,0.0,100,412.63,435.0,0,0.0,0.0,,0.0,1,0.17,0.2,SPY230505C00428000,428.0,normalDay
2023-04-25,10680.0,-2882.0,0.0,100,406.08,435.0,0,0.0,0.0,,0.0,1,0.17,0.07,SPY230505C00428000,428.0,normalDay
2023-04-26,10680.0,-3051.0,0.0,100,404.36,435.0,0,0.0,0.0,,0.0,1,0.17,0.04,SPY230505C00428000,428.0,normalDay
2023-04-27,10680.0,-2256.0,0.0,100,412.41,435.0,0,0.0,0.0,,0.0,1,0.17,0.14,SPY230505C00428000,428.0,normalDay
2023-04-28,10680.0,-1907.0,0.0,100,415.93,435.0,0,0.0,0.0,,0.0,1,0.17,0.17,SPY230505C00428000,428.0,normalDay
2023-05-01,10680.0,-1940.0,0.0,100,415.51,435.0,0,0.0,0.0,,0.0,1,0.17,0.08,SPY230505C00428000,428.0,normalDay
2023-05-02,10680.0,-2401.0,0.0,100,410.84,435.0,0,0.0,0.0,,0.0,1,0.17,0.02,SPY230505C00428000,428.0,normalDay
2023-05-03,10680.0,-2682.0,0.0,100,408.02,435.0,0,0.0,0.0,,0.0,1,0.17,0.01,SPY230505C00428000,428.0,normalDay
2023-05-04,10680.0,-2971.0,0.0,100,405.13,435.0,0,0.0,0.0,,0.0,1,0.17,0.01,SPY230505C00428000,428.0,normalDay
2023-05-05,10697.0,-2237.0,17.0,100,412.63,435.0,0,0.0,0.0,,0.0,1,0.17,0.0,SPY230505C00428000,428.0,expirationDay
2023-05-08,10697.0,-2229.0,0.0,100,412.74,435.0,0,0.0,0.0,,0.0,1,0.43,0.46,SPY230519C00423000,423.0,normalDay
2023-05-09,10697.0,-2398.0,0.0,100,410.93,435.0,0,0.0,0.0,,0.0,1,0.43,0.34,SPY230519C00423000,423.0,normalDay
2023-05-10,10697.0,-2203.0,0.0,100,412.85,435.0,0,0.0,0.0,,0.0,1,0.43,0.31,SPY230519C00423000,423.0,normalDay
2023-05-11,10697.0,-2258.0,0.0,100,412.13,435.0,0,0.0,0.0,,0.0,1,0.43,0.14,SPY230519C00423000,423.0,normalDay
2023-05-12,10697.0,-2303.0,0.0,100,411.59,435.0,0,0.0,0.0,,0.0,1,0.43,0.05,SPY230519C00423000,423.0,normalDay
2023-05-15,10697.0,-2161.0,0.0,100,413.01,435.0,0,0.0,0.0,,0.0,1,0.43,0.05,SPY230519C00423000,423.0,normalDay
2023-05-16,10697.0,-2435.0,0.0,100,410.25,435.0,0,0.0,0.0,,0.0,1,0.43,0.03,SPY230519C00423000,423.0,normalDay
2023-05-17,10697.0,-1941.0,0.0,100,415.23,435.0,0,0.0,0.0,,0.0,1,0.43,0.07,SPY230519C00423000,423.0,normalDay
2023-05-18,10697.0,-1550.0,0.0,100,419.23,435.0,0,0.0,0.0,,0.0,1,0.43,0.16,SPY230519C00423000,423.0,normalDay
2023-05-19,10740.0,-1638.0,43.0,100,418.62,435.0,0,0.0,0.0,,0.0,1,0.43,0.0,SPY230519C00423000,423.0,expirationDay
2023-05-22,10740.0,-1624.0,0.0,100,418.79,435.0,0,0.0,0.0,,0.0,1,0.96,0.99,SPY230602C00427000,427.0,normalDay
2023-05-23,10740.0,-2029.0,0.0,100,414.09,435.0,0,0.0,0.0,,0.0,1,0.96,0.34,SPY230602C00427000,427.0,normalDay
2023-05-24,10740.0,-2313.0,0.0,100,411.09,435.0,0,0.0,0.0,,0.0,1,0.96,0.18,SPY230602C00427000,427.0,normalDay
2023-05-25,10740.0,-1966.0,0.0,100,414.65,435.0,0,0.0,0.0,,0.0,1,0.96,0.27,SPY230602C00427000,427.0,normalDay
2023-05-26,10740.0,-1475.0,0.0,100,420.02,435.0,0,0.0,0.0,,0.0,1,0.96,0.73,SPY230602C00427000,427.0,normalDay
2023-05-30,10740.0,-1425.0,0.0,100,420.18,435.0,0,0.0,0.0,,0.0,1,0.96,0.39,SPY230602C00427000,427.0,normalDay
2023-05-31,10740.0,-1626.0,0.0,100,417.85,435.0,0,0.0,0.0,,0.0,1,0.96,0.07,SPY230602C00427000,427.0,normalDay
2023-06-01,10740.0,-1231.0,0.0,100,421.82,435.0,0,0.0,0.0,,0.0,1,0.96,0.09,SPY230602C00427000,427.0,normalDay
2023-06-02,10036.0,-1231.0,-704.0,0,427.92,0.0,0,0.0,0.0,,0.0,1,0.96,0.0,SPY230602C00427000,427.0,expirationDay
2023-06-05,10036.0,-36.0,0.0,0,427.1,0.0,1,16.09,16.45,SPY240328P00410000,410.0,0,0.0,0.0,,0.0,normalDay
2023-06-06,10036.0,48.0,0.0,0,428.03,0.0,1,16.09,15.61,SPY240328P00410000,410.0,0,0.0,0.0,,0.0,normalDay
2023-06-07,10036.0,28.0,0.0,0,426.55,0.0,1,16.09,15.81,SPY240328P00410000,410.0,0,0.0,0.0,,0.0,normalDay
2023-06-08,10036.0,117.0,0.0,0,429.13,0.0,1,16.09,14.92,SPY240328P00410000,410.0,0,0.0,0.0,,0.0,normalDay
2023-06-09,10036.0,147.0,0.0,0,429.9,0.0,1,16.09,14.62,SPY240328P00410000,410.0,0,0.0,0.0,,0.0,normalDay
2023-06-12,10036.0,225.0,0.0,0,433.8,0.0,1,16.09,13.84,SPY240328P00410000,410.0,0,0.0,0.0,,0.0,normalDay
2023-06-13,10036.0,296.0,0.0,0,436.66,0.0,1,16.09,13.13,SPY240328P00410000,410.0,0,0.0,0.0,,0.0,normalDay
2023-06-14,10036.0,314.0,0.0,0,437.18,0.0,1,16.09,12.95,SPY240328P00410000,410.0,0,0.0,0.0,,0.0,normalDay
2023-06-15,10036.0,377.0,0.0,0,442.6,0.0,1,16.09,12.32,SPY240328P00410000,410.0,0,0.0,0.0,,0.0,normalDay
2023-06-16,10036.0,373.0,0.0,0,439.46,0.0,1,16.09,12.36,SPY240328P00410000,410.0,0,0.0,0.0,,0.0,normalDay
2023-06-20,10036.0,288.0,0.0,0,437.18,0.0,1,16.09,13.21,SPY240328P00410000,410.0,0,0.0,0.0,,0.0,normalDay
2023-06-21,10036.0,278.0,0.0,0,434.94,0.0,1,16.09,13.31,SPY240328P00410000,410.0,0,0.0,0.0,,0.0,normalDay
2023-06-22,10036.0,321.0,0.0,0,436.51,0.0,1,16.09,12.88,SPY240328P00410000,410.0,0,0.0,0.0,,0.0,normalDay
2023-06-23,10036.0,259.0,0.0,0,433.21,0.0,1,16.09,13.5,SPY240328P00410000,410.0,0,0.0,0.0,,0.0,normalDay
2023-06-26,10036.0,249.0,0.0,0,431.44,0.0,1,16.09,13.6,SPY240328P00410000,410.0,0,0.0,0.0,,0.0,normalDay
2023-06-27,10036.0,378.0,0.0,0,436.17,0.0,1,16.09,12.31,SPY240328P00410000,410.0,0,0.0,0.0,,0.0,normalDay
2023-06-28,10036.0,448.0,0.0,0,436.39,0.0,1,16.09,11.61,SPY240328P00410000,410.0,0,0.0,0.0,,0.0,normalDay
2023-06-29,10036.0,470.0,0.0,0,438.11,0.0,1,16.09,11.39,SPY240328P00410000,410.0,0,0.0,0.0,,0.0,normalDay
2023-06-30,10036.0,566.0,0.0,0,443.28,0.0,1,16.09,10.43,SPY240328P00410000,410.0,0,0.0,0.0,,0.0,normalDay
2023-07-03,10036.0,580.0,0.0,0,443.79,0.0,1,16.09,10.29,SPY240328P00410000,410.0,0,0.0,0.0,,0.0,normalDay
2023-07-05,10036.0,548.0,0.0,0,443.13,0.0,1,16.09,10.61,SPY240328P00410000,410.0,0,0.0,0.0,,0.0,normalDay
2023-07-06,10036.0,447.0,0.0,0,439.66,0.0,1,16.09,11.62,SPY240328P00410000,410.0,0,0.0,0.0,,0.0,normalDay
2023-07-07,10036.0,439.0,0.0,0,438.55,0.0,1,16.09,11.7,SPY240328P00410000,410.0,0,0.0,0.0,,0.0,normalDay
2023-07-10,10036.0,482.0,0.0,0,439.66,0.0,1,16.09,11.27,SPY240328P00410000,410.0,0,0.0,0.0,,0.0,normalDay
2023-07-11,10036.0,565.0,0.0,0,442.46,0.0,1,16.09,10.44,SPY240328P00410000,410.0,0,0.0,0.0,,0.0,normalDay
2023-07-12,10036.0,668.0,0.0,0,446.02,0.0,1,16.09,9.41,SPY240328P00410000,410.0,0,0.0,0.0,,0.0,normalDay
2023-07-13,10036.0,727.0,0.0,0,449.56,0.0,1,16.09,8.82,SPY240328P00410000,410.0,0,0.0,0.0,,0.0,normalDay
2023-07-14,10036.0,717.0,0.0,0,449.28,0.0,1,16.09,8.92,SPY240328P00410000,410.0,0,0.0,0.0,,0.0,normalDay
2023-07-17,10036.0,739.0,0.0,0,450.84,0.0,1,16.09,8.7,SPY240328P00410000,410.0,0,0.0,0.0,,0.0,normalDay
2023-07-18,10036.0,782.0,0.0,0,454.19,0.0,1,16.09,8.27,SPY240328P00410000,410.0,0,0.0,0.0,,0.0,normalDay
2023-07-19,10036.0,768.0,0.0,0,455.2,0.0,1,16.09,8.41,SPY240328P00410000,410.0,0,0.0,0.0,,0.0,normalDay
2023-07-20,10036.0,734.0,0.0,0,452.18,0.0,1,16.09,8.75,SPY240328P00410000,410.0,0,0.0,0.0,,0.0,normalDay
2023-07-21,10036.0,762.0,0.0,0,452.18,0.0,1,16.09,8.47,SPY240328P00410000,410.0,0,0.0,0.0,,0.0,normalDay
2023-07-24,10036.0,805.0,0.0,0,454.2,0.0,1,16.09,8.04,SPY240328P00410000,410.0,0,0.0,0.0,,0.0,normalDay
2023-07-25,10036.0,820.0,0.0,0,455.44,0.0,1,16.09,7.89,SPY240328P00410000,410.0,0,0.0,0.0,,0.0,normalDay
2023-07-26,10036.0,833.0,0.0,0,455.51,0.0,1,16.09,7.76,SPY240328P00410000,410.0,0,0.0,0.0,,0.0,normalDay
2023-07-27,10036.0,760.0,0.0,0,452.49,0.0,1,16.09,8.49,SPY240328P00410000,410.0,0,0.0,0.0,,0.0,normalDay
2023-07-28,10036.0,834.0,0.0,0,456.92,0.0,1,16.09,7.75,SPY240328P00410000,410.0,0,0.0,0.0,,0.0,normalDay
2023-07-31,10036.0,842.0,0.0,0,457.79,0.0,1,16.09,7.67,SPY240328P00410000,410.0,0,0.0,0.0,,0.0,normalDay
2023-08-01,10036.0,813.0,0.0,0,456.48,0.0,1,16.09,7.96,SPY240328P00410000,410.0,0,0.0,0.0,,0.0,normalDay
2023-08-02,10036.0,659.0,0.0,0,450.13,0.0,1,16.09,9.5,SPY240328P00410000,410.0,0,0.0,0.0,,0.0,normalDay
2023-08-03,10036.0,665.0,0.0,0,448.84,0.0,1,16.09,9.44,SPY240328P00410000,410.0,0,0.0,0.0,,0.0,normalDay
2023-08-04,10036.0,581.0,0.0,0,446.81,0.0,1,16.09,10.28,SPY240328P00410000,410.0,0,0.0,0.0,,0.0,normalDay
2023-08-07,10036.0,700.0,0.0,0,450.71,0.0,1,16.09,9.09,SPY240328P00410000,410.0,0,0.0,0.0,,0.0,normalDay
2023-08-08,10036.0,652.0,0.0,0,448.75,0.0,1,16.09,9.57,SPY240328P00410000,410.0,0,0.0,0.0,,0.0,normalDay
2023-08-09,10036.0,620.0,0.0,0,445.75,0.0,1,16.09,9.89,SPY240328P00410000,410.0,0,0.0,0.0,,0.0,normalDay
2023-08-10,10036.0,616.0,0.0,0,445.91,0.0,1,16.09,9.93,SPY240328P00410000,410.0,0,0.0,0.0,,0.0,normalDay
2023-08-11,10036.0,640.0,0.0,0,445.65,0.0,1,16.09,9.69,SPY240328P00410000,410.0,0,0.0,0.0,,0.0,normalDay
2023-08-14,10036.0,701.0,0.0,0,448.11,0.0,1,16.09,9.08,SPY240328P00410000,410.0,0,0.0,0.0,,0.0,normalDay
2023-08-15,10036.0,565.0,0.0,0,442.89,0.0,1,16.09,10.44,SPY240328P00410000,410.0,0,0.0,0.0,,0.0,normalDay
2023-08-16,10036.0,494.0,0.0,0,439.64,0.0,1,16.09,11.15,SPY240328P00410000,410.0,0,0.0,0.0,,0.0,normalDay
2023-08-17,10036.0,383.0,0.0,0,436.29,0.0,1,16.09,12.26,SPY240328P00410000,410.0,0,0.0,0.0,,0.0,normalDay
2023-08-18,10036.0,417.0,0.0,0,436.5,0.0,1,16.09,11.92,SPY240328P00410000,410.0,0,0.0,0.0,,0.0,normalDay
2023-08-21,10036.0,497.0,0.0,0,439.34,0.0,1,16.09,11.12,SPY240328P00410000,410.0,0,0.0,0.0,,0.0,normalDay
2023-08-22,10036.0,483.0,0.0,0,438.15,0.0,1,16.09,11.26,SPY240328P00410000,410.0,0,0.0,0.0,,0.0,normalDay
2023-08-23,10036.0,609.0,0.0,0,443.03,0.0,1,16.09,10.0,SPY240328P00410000,410.0,0,0.0,0.0,,0.0,normalDay
2023-08-24,10036.0,449.0,0.0,0,436.89,0.0,1,16.09,11.6,SPY240328P00410000,410.0,0,0.0,0.0,,0.0,normalDay
2023-08-25,10036.0,582.0,0.0,0,439.97,0.0,1,16.09,10.27,SPY240328P00410000,410.0,0,0.0,0.0,,0.0,normalDay
2023-08-28,10036.0,673.0,0.0,0,442.76,0.0,1,16.09,9.36,SPY240328P00410000,410.0,0,0.0,0.0,,0.0,normalDay
2023-08-29,10036.0,807.0,0.0,0,449.16,0.0,1,16.09,8.02,SPY240328P00410000,410.0,0,0.0,0.0,,0.0,normalDay
2023-08-30,10036.0,850.0,0.0,0,451.01,0.0,1,16.09,7.59,SPY240328P00410000,410.0,0,0.0,0.0,,0.0,normalDay
2023-08-31,10036.0,865.0,0.0,0,450.35,0.0,1,16.09,7.44,SPY240328P00410000,410.0,0,0.0,0.0,,0.0,normalDay
2023-09-01,10036.0,881.0,0.0,0,451.19,0.0,1,16.09,7.28,SPY240328P00410000,410.0,0,0.0,0.0,,0.0,normalDay
2023-09-05,10036.0,854.0,0.0,0,449.24,0.0,1,16.09,7.55,SPY240328P00410000,410.0,0,0.0,0.0,,0.0,normalDay
2023-09-06,10036.0,793.0,0.0,0,446.22,0.0,1,16.09,8.16,SPY240328P00410000,410.0,0,0.0,0.0,,0.0,normalDay
2023-09-07,10036.0,779.0,0.0,0,444.85,0.0,1,16.09,8.3,SPY240328P00410000,410.0,0,0.0,0.0,,0.0,normalDay
2023-09-08,10036.0,823.0,0.0,0,445.52,0.0,1,16.09,7.86,SPY240328P00410000,410.0,0,0.0,0.0,,0.0,normalDay
2023-09-11,10036.0,891.0,0.0,0,448.45,0.0,1,16.09,7.18,SPY240328P00410000,410.0,0,0.0,0.0,,0.0,normalDay
2023-09-12,10036.0,851.0,0.0,0,445.99,0.0,1,16.09,7.58,SPY240328P00410000,410.0,0,0.0,0.0,,0.0,normalDay
2023-09-13,10036.0,859.0,0.0,0,446.51,0.0,1,16.09,7.5,SPY240328P00410000,410.0,0,0.0,0.0,,0.0,normalDay
2023-09-14,10036.0,961.0,0.0,0,450.36,0.0,1,16.09,6.48,SPY240328P00410000,410.0,0,0.0,0.0,,0.0,normalDay
2023-09-15,10036.0,836.0,0.0,0,443.37,0.0,1,16.09,7.73,SPY240328P00410000,410.0,0,0.0,0.0,,0.0,normalDay
2023-09-18,10036.0,855.0,0.0,0,443.63,0.0,1,16.09,7.54,SPY240328P00410000,410.0,0,0.0,0.0,,0.0,normalDay
2023-09-19,10036.0,862.0,0.0,0,442.71,0.0,1,16.09,7.47,SPY240328P00410000,410.0,0,0.0,0.0,,0.0,normalDay
2023-09-20,10036.0,760.0,0.0,0,438.64,0.0,1,16.09,8.49,SPY240328P00410000,410.0,0,0.0,0.0,,0.0,normalDay
2023-09-21,10036.0,556.0,0.0,0,431.39,0.0,1,16.09,10.53,SPY240328P00410000,410.0,0,0.0,0.0,,0.0,normalDay
2023-09-22,10036.0,531.0,0.0,0,430.42,0.0,1,16.09,10.78,SPY240328P00410000,410.0,0,0.0,0.0,,0.0,normalDay
2023-09-25,10036.0,583.0,0.0,0,432.23,0.0,1,16.09,10.26,SPY240328P00410000,410.0,0,0.0,0.0,,0.0,normalDay
2023-09-26,10036.0,314.0,0.0,0,425.88,0.0,1,16.09,12.95,SPY240328P00410000,410.0,0,0.0,0.0,,0.0,normalDay
2023-09-27,10036.0,363.0,0.0,0,426.05,0.0,1,16.09,12.46,SPY240328P00410000,410.0,0,0.0,0.0,,0.0,normalDay
2023-09-28,10036.0,478.0,0.0,0,428.52,0.0,1,16.09,11.31,SPY240328P00410000,410.0,0,0.0,0.0,,0.0,normalDay
2023-09-29,10036.0,419.0,0.0,0,427.48,0.0,1,16.09,11.9,SPY240328P00410000,410.0,0,0.0,0.0,,0.0,normalDay
2023-10-02,10036.0,466.0,0.0,0,427.31,0.0,1,16.09,11.43,SPY240328P00410000,410.0,0,0.0,0.0,,0.0,normalDay
2023-10-03,10036.0,236.0,0.0,0,421.59,0.0,1,16.09,13.73,SPY240328P00410000,410.0,0,0.0,0.0,,0.0,normalDay
2023-10-04,10036.0,338.0,0.0,0,424.66,0.0,1,16.09,12.71,SPY240328P00410000,410.0,0,0.0,0.0,,0.0,normalDay
2023-10-05,10036.0,338.0,0.0,0,424.5,0.0,1,16.09,12.71,SPY240328P00410000,410.0,0,0.0,0.0,,0.0,normalDay
2023-10-06,10036.0,525.0,0.0,0,429.54,0.0,1,16.09,10.84,SPY240328P00410000,410.0,0,0.0,0.0,,0.0,normalDay
2023-10-09,10036.0,588.0,0.0,0,432.29,0.0,1,16.09,10.21,SPY240328P00410000,410.0,0,0.0,0.0,,0.0,normalDay
2023-10-10,10036.0,673.0,0.0,0,434.54,0.0,1,16.09,9.36,SPY240328P00410000,410.0,0,0.0,0.0,,0.0,normalDay
2023-10-11,10036.0,747.0,0.0,0,436.32,0.0,1,16.09,8.62,SPY240328P00410000,410.0,0,0.0,0.0,,0.0,normalDay
2023-10-12,10036.0,677.0,0.0,0,433.66,0.0,1,16.09,9.32,SPY240328P00410000,410.0,0,0.0,0.0,,0.0,normalDay
2023-10-13,10036.0,495.0,0.0,0,431.5,0.0,1,16.09,11.14,SPY240328P00410000,410.0,0,0.0,0.0,,0.0,normalDay
2023-10-16,10036.0,704.0,0.0,0,436.04,0.0,1,16.09,9.05,SPY240328P00410000,410.0,0,0.0,0.0,,0.0,normalDay
2023-10-17,10036.0,681.0,0.0,0,436.02,0.0,1,16.09,9.28,SPY240328P00410000,410.0,0,0.0,0.0,,0.0,normalDay
2023-10-18,10036.0,518.0,0.0,0,430.21,0.0,1,16.09,10.91,SPY240328P00410000,410.0,0,0.0,0.0,,0.0,normalDay
2023-10-19,10036.0,325.0,0.0,0,426.43,0.0,1,16.09,12.84,SPY240328P00410000,410.0,0,0.0,0.0,,0.0,normalDay
2023-10-20,10036.0,209.0,0.0,0,421.19,0.0,1,16.09,14.0,SPY240328P00410000,410.0,0,0.0,0.0,,0.0,normalDay
2023-10-23,10036.0,230.0,0.0,0,420.46,0.0,1,16.09,13.79,SPY240328P00410000,410.0,0,0.0,0.0,,0.0,normalDay
2023-10-24,10036.0,345.0,0.0,0,423.63,0.0,1,16.09,12.64,SPY240328P00410000,410.0,0,0.0,0.0,,0.0,normalDay
2023-10-25,10036.0,103.0,0.0,0,417.55,0.0,1,16.09,15.06,SPY240328P00410000,410.0,0,0.0,0.0,,0.0,normalDay
2023-10-26,10036.0,-17.0,0.0,0,412.55,0.0,1,16.09,16.26,SPY240328P00410000,410.0,0,0.0,0.0,,0.0,normalDay
2023-10-27,10036.0,-115.0,0.0,0,410.68,0.0,1,16.09,17.24,SPY240328P00410000,410.0,0,0.0,0.0,,0.0,normalDay
2023-10-30,10036.0,139.0,0.0,0,415.59,0.0,1,16.09,14.7,SPY240328P00410000,410.0,0,0.0,0.0,,0.0,normalDay
2023-10-31,10036.0,298.0,0.0,0,418.2,0.0,1,16.09,13.11,SPY240328P00410000,410.0,0,0.0,0.0,,0.0,normalDay
2023-11-01,10036.0,493.0,0.0,0,422.66,0.0,1,16.09,11.16,SPY240328P00410000,410.0,0,0.0,0.0,,0.0,normalDay
2023-11-02,10036.0,734.0,0.0,0,430.76,0.0,1,16.09,8.75,SPY240328P00410000,410.0,0,0.0,0.0,,0.0,normalDay
2023-11-03,10036.0,856.0,0.0,0,434.69,0.0,1,16.09,7.53,SPY240328P00410000,410.0,0,0.0,0.0,,0.0,normalDay
2023-11-06,10036.0,897.0,0.0,0,435.69,0.0,1,16.09,7.12,SPY240328P00410000,410.0,0,0.0,0.0,,0.0,normalDay
2023-11-07,10036.0,932.0,0.0,0,436.93,0.0,1,16.09,6.77,SPY240328P00410000,410.0,0,0.0,0.0,,0.0,normalDay
2023-11-08,10036.0,956.0,0.0,0,437.25,0.0,1,16.09,6.53,SPY240328P00410000,410.0,0,0.0,0.0,,0.0,normalDay
2023-11-09,10036.0,872.0,0.0,0,433.84,0.0,1,16.09,7.37,SPY240328P00410000,410.0,0,0.0,0.0,,0.0,normalDay
2023-11-10,10036.0,1034.0,0.0,0,440.61,0.0,1,16.09,5.75,SPY240328P00410000,410.0,0,0.0,0.0,,0.0,normalDay
2023-11-13,10036.0,1032.0,0.0,0,440.19,0.0,1,16.09,5.77,SPY240328P00410000,410.0,0,0.0,0.0,,0.0,normalDay
2023-11-14,10036.0,1154.0,0.0,0,448.73,0.0,1,16.09,4.55,SPY240328P00410000,410.0,0,0.0,0.0,,0.0,normalDay
2023-11-15,10036.0,1158.0,0.0,0,449.68,0.0,1,16.09,4.51,SPY240328P00410000,410.0,0,0.0,0.0,,0.0,normalDay
2023-11-16,10036.0,1177.0,0.0,0,450.23,0.0,1,16.09,4.32,SPY240328P00410000,410.0,0,0.0,0.0,,0.0,normalDay
2023-11-17,10036.0,1199.0,0.0,0,450.79,0.0,1,16.09,4.1,SPY240328P00410000,410.0,0,0.0,0.0,,0.0,normalDay
2023-11-20,10036.0,1239.0,0.0,0,454.26,0.0,1,16.09,3.7,SPY240328P00410000,410.0,0,0.0,0.0,,0.0,normalDay
2023-11-21,10036.0,1243.0,0.0,0,453.27,0.0,1,16.09,3.66,SPY240328P00410000,410.0,0,0.0,0.0,,0.0,normalDay
2023-11-22,10036.0,1261.0,0.0,0,455.02,0.0,1,16.09,3.48,SPY240328P00410000,410.0,0,0.0,0.0,,0.0,normalDay
2023-11-24,10036.0,1277.0,0.0,0,455.3,0.0,1,16.09,3.32,SPY240328P00410000,410.0,0,0.0,0.0,,0.0,normalDay
2023-11-27,10036.0,1275.0,0.0,0,454.48,0.0,1,16.09,3.34,SPY240328P00410000,410.0,0,0.0,0.0,,0.0,normalDay
2023-11-28,10036.0,1288.0,0.0,0,454.93,0.0,1,16.09,3.21,SPY240328P00410000,410.0,0,0.0,0.0,,0.0,normalDay
2023-11-29,10036.0,1278.0,0.0,0,454.61,0.0,1,16.09,3.31,SPY240328P00410000,410.0,0,0.0,0.0,,0.0,normalDay
2023-11-30,10036.0,1288.0,0.0,0,456.4,0.0,1,16.09,3.21,SPY240328P00410000,410.0,0,0.0,0.0,,0.0,normalDay
