date,totalCapital,unrializedPnL,rializedPnL,stocksOwned,stocksPriceToday,stocksPriceBoughtAt,putOwned,putOwnedSoldAt,putPriceToday,putOwnedContract,putOwnedStrike,callOwned,callOwnedSoldAt,callPriceToday,callOwnedContract,callOwnedStrike,trackType
2018-11-01,0.0,-3.0,0.0,0,273.51,0.0,1,0.18,0.21,SPY181102P00268000,268.0,0,0.0,0.0,,0.0,normalDay
2018-11-02,18.0,0.0,18.0,0,271.89,0.0,1,0.18,0.0,SPY181102P00268000,268.0,0,0.0,0.0,,0.0,expirationDay
2018-11-05,18.0,-3.0,0.0,0,273.39,0.0,1,0.58,0.61,SPY181107P00268000,268.0,0,0.0,0.0,,0.0,normalDay
2018-11-06,18.0,28.0,0.0,0,275.12,0.0,1,0.58,0.3,SPY181107P00268000,268.0,0,0.0,0.0,,0.0,normalDay
2018-11-07,76.0,0.0,58.0,0,281.01,0.0,1,0.58,0.0,SPY181107P00268000,268.0,0,0.0,0.0,,0.0,expirationDay
2018-11-08,76.0,0.0,0.0,0,280.5,0.0,0,0.0,0.0,,0.0,0,0.0,0.0,,0.0,bidTooLow
2018-11-09,76.0,0.0,0.0,0,277.76,0.0,0,0.0,0.0,,0.0,0,0.0,0.0,,0.0,bidTooLow
2018-11-12,76.0,-4.0,0.0,0,272.57,0.0,1,0.63,0.67,SPY181114P00268500,268.5,0,0.0,0.0,,0.0,normalDay
2018-11-13,76.0,25.0,0.0,0,272.06,0.0,1,0.63,0.38,SPY181114P00268500,268.5,0,0.0,0.0,,0.0,normalDay
2018-11-14,139.0,0.0,63.0,0,270.2,0.0,1,0.63,0.0,SPY181114P00268500,268.5,0,0.0,0.0,,0.0,expirationDay
2018-11-15,139.0,-3.0,0.0,0,273.02,0.0,1,0.19,0.22,SPY181116P00268000,268.0,0,0.0,0.0,,0.0,normalDay
2018-11-16,158.0,0.0,19.0,0,273.73,0.0,1,0.19,0.0,SPY181116P00268000,268.0,0,0.0,0.0,,0.0,expirationDay
2018-11-19,158.0,-4.0,0.0,0,269.1,0.0,1,1.09,1.13,SPY181121P00267500,267.5,0,0.0,0.0,,0.0,normalDay
2018-11-20,158.0,-294.0,0.0,0,264.12,0.0,1,1.09,4.03,SPY181121P00267500,267.5,0,0.0,0.0,,0.0,normalDay
2018-11-21,267.0,-248.0,109.0,100,265.02,267.5,1,1.09,0.0,SPY181121P00267500,267.5,0,0.0,0.0,,0.0,expirationDay
2018-11-23,267.0,-425.0,0.0,100,263.25,267.5,0,0.0,0.0,,0.0,0,0.0,0.0,,0.0,bidTooLow
2018-11-26,267.0,0.0,0.0,100,267.5,267.5,0,0.0,0.0,,0.0,0,0.0,0.0,,0.0,bidTooLow
2018-11-27,267.0,87.0,0.0,100,268.4,267.5,0,0.0,0.0,,0.0,1,0.01,0.04,SPY181207C00287000,287.0,normalDay
2018-11-28,267.0,683.0,0.0,100,274.58,267.5,0,0.0,0.0,,0.0,1,0.01,0.26,SPY181207C00287000,287.0,normalDay
2018-11-29,267.0,629.0,0.0,100,273.98,267.5,0,0.0,0.0,,0.0,1,0.01,0.2,SPY181207C00287000,287.0,normalDay
2018-11-30,267.0,795.0,0.0,100,275.65,267.5,0,0.0,0.0,,0.0,1,0.01,0.21,SPY181207C00287000,287.0,normalDay
2018-12-03,267.0,1175.0,0.0,100,279.3,267.5,0,0.0,0.0,,0.0,1,0.01,0.06,SPY181207C00287000,287.0,normalDay
2018-12-04,267.0,275.0,0.0,100,270.25,267.5,0,0.0,0.0,,0.0,1,0.01,0.01,SPY181207C00287000,287.0,normalDay
2018-12-06,267.0,234.0,0.0,100,269.84,267.5,0,0.0,0.0,,0.0,1,0.01,0.01,SPY181207C00287000,287.0,normalDay
2018-12-07,268.0,-393.0,1.0,100,263.57,267.5,0,0.0,0.0,,0.0,1,0.01,0.0,SPY181207C00287000,287.0,expirationDay
2018-12-10,268.0,-346.0,0.0,100,264.07,267.5,0,0.0,0.0,,0.0,1,0.01,0.04,SPY181221C00285000,285.0,normalDay
2018-12-11,268.0,-339.0,0.0,100,264.13,267.5,0,0.0,0.0,,0.0,1,0.01,0.03,SPY181221C00285000,285.0,normalDay
2018-12-12,268.0,-206.0,0.0,100,265.46,267.5,0,0.0,0.0,,0.0,1,0.01,0.03,SPY181221C00285000,285.0,normalDay
2018-12-13,268.0,-215.0,0.0,100,265.37,267.5,0,0.0,0.0,,0.0,1,0.01,0.03,SPY181221C00285000,285.0,normalDay
2018-12-14,268.0,-704.0,0.0,100,260.47,267.5,0,0.0,0.0,,0.0,1,0.01,0.02,SPY181221C00285000,285.0,normalDay
2018-12-17,268.0,-1215.0,0.0,100,255.36,267.5,0,0.0,0.0,,0.0,1,0.01,0.02,SPY181221C00285000,285.0,normalDay
2018-12-18,268.0,-1242.0,0.0,100,255.08,267.5,0,0.0,0.0,,0.0,1,0.01,0.01,SPY181221C00285000,285.0,normalDay
2018-12-19,268.0,-1624.0,0.0,100,251.26,267.5,0,0.0,0.0,,0.0,1,0.01,0.01,SPY181221C00285000,285.0,normalDay
2018-12-20,268.0,-2033.0,0.0,100,247.17,267.5,0,0.0,0.0,,0.0,1,0.01,0.01,SPY181221C00285000,285.0,normalDay
2018-12-21,269.0,-2680.0,1.0,100,240.7,267.5,0,0.0,0.0,,0.0,1,0.01,0.0,SPY181221C00285000,285.0,expirationDay
2018-12-24,269.0,-3316.0,0.0,100,234.34,267.5,0,0.0,0.0,,0.0,0,0.0,0.0,,0.0,bidTooLow
2018-12-26,269.0,-2132.0,0.0,100,246.18,267.5,0,0.0,0.0,,0.0,0,0.0,0.0,,0.0,bidTooLow
2018-12-27,269.0,-1943.0,0.0,100,248.07,267.5,0,0.0,0.0,,0.0,0,0.0,0.0,,0.0,bidTooLow
2018-12-28,269.0,-1975.0,0.0,100,247.75,267.5,0,0.0,0.0,,0.0,0,0.0,0.0,,0.0,bidTooLow
2018-12-31,269.0,-1758.0,0.0,100,249.92,267.5,0,0.0,0.0,,0.0,0,0.0,0.0,,0.0,bidTooLow
2019-01-02,269.0,-1732.0,0.0,100,250.18,267.5,0,0.0,0.0,,0.0,0,0.0,0.0,,0.0,bidTooLow
2019-01-03,269.0,-2329.0,0.0,100,244.21,267.5,0,0.0,0.0,,0.0,0,0.0,0.0,,0.0,bidTooLow
2019-01-04,269.0,-1511.0,0.0,100,252.39,267.5,0,0.0,0.0,,0.0,0,0.0,0.0,,0.0,bidTooLow
2019-01-07,269.0,-1312.0,0.0,100,254.38,267.5,0,0.0,0.0,,0.0,0,0.0,0.0,,0.0,bidTooLow
2019-01-08,269.0,-1073.0,0.0,100,256.77,267.5,0,0.0,0.0,,0.0,0,0.0,0.0,,0.0,bidTooLow
2019-01-09,269.0,-953.0,0.0,100,257.97,267.5,0,0.0,0.0,,0.0,0,0.0,0.0,,0.0,bidTooLow
2019-01-10,269.0,-865.0,0.0,100,258.88,267.5,0,0.0,0.0,,0.0,1,0.02,0.05,SPY190122C00275000,275.0,normalDay
2019-01-11,269.0,-853.0,0.0,100,258.98,267.5,0,0.0,0.0,,0.0,1,0.02,0.03,SPY190122C00275000,275.0,normalDay
2019-01-14,269.0,-1010.0,0.0,100,257.4,267.5,0,0.0,0.0,,0.0,1,0.02,0.02,SPY190122C00275000,275.0,normalDay
2019-01-15,269.0,-715.0,0.0,100,260.35,267.5,0,0.0,0.0,,0.0,1,0.02,0.02,SPY190122C00275000,275.0,normalDay
2019-01-16,269.0,-652.0,0.0,100,260.98,267.5,0,0.0,0.0,,0.0,1,0.02,0.02,SPY190122C00275000,275.0,normalDay
2019-01-17,269.0,-454.0,0.0,100,262.96,267.5,0,0.0,0.0,,0.0,1,0.02,0.02,SPY190122C00275000,275.0,normalDay
2019-01-18,269.0,-103.0,0.0,100,266.46,267.5,0,0.0,0.0,,0.0,1,0.02,0.01,SPY190122C00275000,275.0,normalDay
2019-01-22,271.0,-464.0,2.0,100,262.86,267.5,0,0.0,0.0,,0.0,1,0.02,0.0,SPY190122C00275000,275.0,expirationDay
2019-01-23,271.0,-412.0,0.0,100,263.41,267.5,0,0.0,0.0,,0.0,1,0.01,0.04,SPY190204C00279000,279.0,normalDay
2019-01-24,271.0,-397.0,0.0,100,263.55,267.5,0,0.0,0.0,,0.0,1,0.01,0.03,SPY190204C00279000,279.0,normalDay
2019-01-25,271.0,-174.0,0.0,100,265.78,267.5,0,0.0,0.0,,0.0,1,0.01,0.03,SPY190204C00279000,279.0,normalDay
2019-01-28,271.0,-375.0,0.0,100,263.76,267.5,0,0.0,0.0,,0.0,1,0.01,0.02,SPY190204C00279000,279.0,normalDay
2019-01-29,271.0,-409.0,0.0,100,263.41,267.5,0,0.0,0.0,,0.0,1,0.01,0.01,SPY190204C00279000,279.0,normalDay
2019-01-30,271.0,7.0,0.0,100,267.58,267.5,0,0.0,0.0,,0.0,1,0.01,0.02,SPY190204C00279000,279.0,normalDay
2019-01-31,271.0,242.0,0.0,100,269.93,267.5,0,0.0,0.0,,0.0,1,0.01,0.02,SPY190204C00279000,279.0,normalDay
2019-02-01,271.0,256.0,0.0,100,270.06,267.5,0,0.0,0.0,,0.0,1,0.01,0.01,SPY190204C00279000,279.0,normalDay
2019-02-04,272.0,446.0,1.0,100,271.96,267.5,0,0.0,0.0,,0.0,1,0.01,0.0,SPY190204C00279000,279.0,expirationDay
2019-02-05,272.0,557.0,0.0,100,273.1,267.5,0,0.0,0.0,,0.0,1,0.31,0.34,SPY190215C00279000,279.0,normalDay
2019-02-06,272.0,534.0,0.0,100,272.74,267.5,0,0.0,0.0,,0.0,1,0.31,0.21,SPY190215C00279000,279.0,normalDay
2019-02-07,272.0,290.0,0.0,100,270.14,267.5,0,0.0,0.0,,0.0,1,0.31,0.05,SPY190215C00279000,279.0,normalDay
2019-02-08,272.0,326.0,0.0,100,270.47,267.5,0,0.0,0.0,,0.0,1,0.31,0.02,SPY190215C00279000,279.0,normalDay
2019-02-11,272.0,340.0,0.0,100,270.62,267.5,0,0.0,0.0,,0.0,1,0.31,0.03,SPY190215C00279000,279.0,normalDay
2019-02-12,272.0,682.0,0.0,100,274.1,267.5,0,0.0,0.0,,0.0,1,0.31,0.09,SPY190215C00279000,279.0,normalDay
2019-02-13,272.0,771.0,0.0,100,274.99,267.5,0,0.0,0.0,,0.0,1,0.31,0.09,SPY190215C00279000,279.0,normalDay
2019-02-14,272.0,717.0,0.0,100,274.38,267.5,0,0.0,0.0,,0.0,1,0.31,0.02,SPY190215C00279000,279.0,normalDay
2019-02-15,303.0,987.0,31.0,100,277.37,267.5,0,0.0,0.0,,0.0,1,0.31,0.0,SPY190215C00279000,279.0,expirationDay
2019-02-19,303.0,1032.0,0.0,100,277.85,267.5,0,0.0,0.0,,0.0,1,0.1,0.13,SPY190301C00285000,285.0,normalDay
2019-02-20,303.0,1088.0,0.0,100,278.41,267.5,0,0.0,0.0,,0.0,1,0.1,0.13,SPY190301C00285000,285.0,normalDay
2019-02-21,303.0,996.0,0.0,100,277.42,267.5,0,0.0,0.0,,0.0,1,0.1,0.06,SPY190301C00285000,285.0,normalDay
2019-02-22,303.0,1168.0,0.0,100,279.14,267.5,0,0.0,0.0,,0.0,1,0.1,0.06,SPY190301C00285000,285.0,normalDay
2019-02-25,303.0,1203.0,0.0,100,279.52,267.5,0,0.0,0.0,,0.0,1,0.1,0.09,SPY190301C00285000,285.0,normalDay
2019-02-26,303.0,1188.0,0.0,100,279.32,267.5,0,0.0,0.0,,0.0,1,0.1,0.04,SPY190301C00285000,285.0,normalDay
2019-02-27,303.0,1179.0,0.0,100,279.2,267.5,0,0.0,0.0,,0.0,1,0.1,0.01,SPY190301C00285000,285.0,normalDay
2019-02-28,303.0,1127.0,0.0,100,278.68,267.5,0,0.0,0.0,,0.0,1,0.1,0.01,SPY190301C00285000,285.0,normalDay
2019-03-01,313.0,1292.0,10.0,100,280.42,267.5,0,0.0,0.0,,0.0,1,0.1,0.0,SPY190301C00285000,285.0,expirationDay
2019-03-04,313.0,1187.0,0.0,100,279.4,267.5,0,0.0,0.0,,0.0,1,0.07,0.1,SPY190315C00287000,287.0,normalDay
2019-03-05,313.0,1150.0,0.0,100,279.02,267.5,0,0.0,0.0,,0.0,1,0.07,0.09,SPY190315C00287000,287.0,normalDay
2019-03-06,313.0,985.0,0.0,100,277.33,267.5,0,0.0,0.0,,0.0,1,0.07,0.05,SPY190315C00287000,287.0,normalDay
2019-03-07,313.0,755.0,0.0,100,275.01,267.5,0,0.0,0.0,,0.0,1,0.07,0.03,SPY190315C00287000,287.0,normalDay
2019-03-08,313.0,701.0,0.0,100,274.46,267.5,0,0.0,0.0,,0.0,1,0.07,0.02,SPY190315C00287000,287.0,normalDay
2019-03-11,313.0,1099.0,0.0,100,278.44,267.5,0,0.0,0.0,,0.0,1,0.07,0.02,SPY190315C00287000,287.0,normalDay
2019-03-12,313.0,1204.0,0.0,100,279.49,267.5,0,0.0,0.0,,0.0,1,0.07,0.02,SPY190315C00287000,287.0,normalDay
2019-03-13,313.0,1388.0,0.0,100,281.34,267.5,0,0.0,0.0,,0.0,1,0.07,0.03,SPY190315C00287000,287.0,normalDay
2019-03-14,313.0,1372.0,0.0,100,281.16,267.5,0,0.0,0.0,,0.0,1,0.07,0.01,SPY190315C00287000,287.0,normalDay
2019-03-15,320.0,1381.0,7.0,100,281.31,267.5,0,0.0,0.0,,0.0,1,0.07,0.0,SPY190315C00287000,287.0,expirationDay
2019-03-18,320.0,1479.0,0.0,100,282.33,267.5,0,0.0,0.0,,0.0,1,1.1,1.14,SPY190329C00285000,285.0,normalDay
2019-03-19,320.0,1494.0,0.0,100,282.4,267.5,0,0.0,0.0,,0.0,1,1.1,1.06,SPY190329C00285000,285.0,normalDay
2019-03-20,320.0,1445.0,0.0,100,281.55,267.5,0,0.0,0.0,,0.0,1,1.1,0.7,SPY190329C00285000,285.0,normalDay
2019-03-21,320.0,1647.0,0.0,100,284.73,267.5,0,0.0,0.0,,0.0,1,1.1,1.86,SPY190329C00285000,285.0,normalDay
2019-03-22,320.0,1235.0,0.0,100,279.25,267.5,0,0.0,0.0,,0.0,1,1.1,0.5,SPY190329C00285000,285.0,normalDay
2019-03-25,320.0,1247.0,0.0,100,279.04,267.5,0,0.0,0.0,,0.0,1,1.1,0.17,SPY190329C00285000,285.0,normalDay
2019-03-26,320.0,1452.0,0.0,100,281.12,267.5,0,0.0,0.0,,0.0,1,1.1,0.2,SPY190329C00285000,285.0,normalDay
2019-03-27,320.0,1320.0,0.0,100,279.65,267.5,0,0.0,0.0,,0.0,1,1.1,0.05,SPY190329C00285000,285.0,normalDay
2019-03-28,320.0,1428.0,0.0,100,280.71,267.5,0,0.0,0.0,,0.0,1,1.1,0.03,SPY190329C00285000,285.0,normalDay
2019-03-29,430.0,1498.0,110.0,100,282.48,267.5,0,0.0,0.0,,0.0,1,1.1,0.0,SPY190329C00285000,285.0,expirationDay
2019-04-01,430.0,1829.0,0.0,100,285.83,267.5,0,0.0,0.0,,0.0,1,0.72,0.76,SPY190412C00289000,289.0,normalDay
2019-04-02,430.0,1852.0,0.0,100,285.97,267.5,0,0.0,0.0,,0.0,1,0.72,0.67,SPY190412C00289000,289.0,normalDay
2019-04-03,430.0,1870.0,0.0,100,286.42,267.5,0,0.0,0.0,,0.0,1,0.72,0.94,SPY190412C00289000,289.0,normalDay
2019-04-04,430.0,1944.0,0.0,100,287.18,267.5,0,0.0,0.0,,0.0,1,0.72,0.96,SPY190412C00289000,289.0,normalDay
2019-04-05,430.0,2057.0,0.0,100,288.57,267.5,0,0.0,0.0,,0.0,1,0.72,1.22,SPY190412C00289000,289.0,normalDay
2019-04-08,430.0,2092.0,0.0,100,288.79,267.5,0,0.0,0.0,,0.0,1,0.72,1.09,SPY190412C00289000,289.0,normalDay
2019-04-09,430.0,2012.0,0.0,100,287.31,267.5,0,0.0,0.0,,0.0,1,0.72,0.41,SPY190412C00289000,289.0,normalDay
2019-04-10,430.0,2094.0,0.0,100,288.29,267.5,0,0.0,0.0,,0.0,1,0.72,0.57,SPY190412C00289000,289.0,normalDay
2019-04-11,430.0,2120.0,0.0,100,288.21,267.5,0,0.0,0.0,,0.0,1,0.72,0.23,SPY190412C00289000,289.0,normalDay
2019-04-12,2652.0,2120.0,2222.0,0,290.16,0.0,0,0.0,0.0,,0.0,1,0.72,0.0,SPY190412C00289000,289.0,expirationDay
2019-04-15,2652.0,0.0,0.0,0,289.97,0.0,0,0.0,0.0,,0.0,0,0.0,0.0,,0.0,bidTooLow
2019-04-16,2652.0,-3.0,0.0,0,290.16,0.0,1,0.01,0.04,SPY190418P00281500,281.5,0,0.0,0.0,,0.0,normalDay
2019-04-17,2652.0,-2.0,0.0,0,289.45,0.0,1,0.01,0.03,SPY190418P00281500,281.5,0,0.0,0.0,,0.0,normalDay
2019-04-18,2653.0,0.0,1.0,0,290.02,0.0,1,0.01,0.0,SPY190418P00281500,281.5,0,0.0,0.0,,0.0,expirationDay
2019-04-22,2653.0,0.0,0.0,0,290.27,0.0,0,0.0,0.0,,0.0,0,0.0,0.0,,0.0,bidTooLow
2019-04-23,2653.0,0.0,0.0,0,292.88,0.0,0,0.0,0.0,,0.0,0,0.0,0.0,,0.0,bidTooLow
2019-04-24,2653.0,-3.0,0.0,0,292.23,0.0,1,0.01,0.04,SPY190426P00284000,284.0,0,0.0,0.0,,0.0,normalDay
2019-04-25,2653.0,-1.0,0.0,0,292.05,0.0,1,0.01,0.02,SPY190426P00284000,284.0,0,0.0,0.0,,0.0,normalDay
2019-04-26,2654.0,0.0,1.0,0,293.41,0.0,1,0.01,0.0,SPY190426P00284000,284.0,0,0.0,0.0,,0.0,expirationDay
2019-04-29,2654.0,-3.0,0.0,0,293.87,0.0,1,0.03,0.06,SPY190501P00287000,287.0,0,0.0,0.0,,0.0,normalDay
2019-04-30,2654.0,0.0,0.0,0,294.02,0.0,1,0.03,0.03,SPY190501P00287000,287.0,0,0.0,0.0,,0.0,normalDay
2019-05-01,2657.0,0.0,3.0,0,291.81,0.0,1,0.03,0.0,SPY190501P00287000,287.0,0,0.0,0.0,,0.0,expirationDay
2019-05-02,2657.0,-4.0,0.0,0,291.18,0.0,1,0.16,0.2,SPY190503P00288500,288.5,0,0.0,0.0,,0.0,normalDay
2019-05-03,2673.0,0.0,16.0,0,294.03,0.0,1,0.16,0.0,SPY190503P00288500,288.5,0,0.0,0.0,,0.0,expirationDay
2019-05-06,2673.0,-4.0,0.0,0,292.82,0.0,1,0.28,0.32,SPY190508P00289000,289.0,0,0.0,0.0,,0.0,normalDay
2019-05-07,2673.0,-146.0,0.0,0,287.93,0.0,1,0.28,1.74,SPY190508P00289000,289.0,0,0.0,0.0,,0.0,normalDay
2019-05-08,2701.0,-147.0,28.0,100,287.53,289.0,1,0.28,0.0,SPY190508P00289000,289.0,0,0.0,0.0,,0.0,expirationDay
2019-05-09,2701.0,-237.0,0.0,100,286.66,289.0,0,0.0,0.0,,0.0,1,0.09,0.12,SPY190520C00298000,298.0,normalDay
2019-05-10,2701.0,-86.0,0.0,100,288.1,289.0,0,0.0,0.0,,0.0,1,0.09,0.05,SPY190520C00298000,298.0,normalDay
2019-05-13,2701.0,-807.0,0.0,100,280.86,289.0,0,0.0,0.0,,0.0,1,0.09,0.02,SPY190520C00298000,298.0,normalDay
2019-05-14,2701.0,-553.0,0.0,100,283.4,289.0,0,0.0,0.0,,0.0,1,0.09,0.02,SPY190520C00298000,298.0,normalDay
2019-05-15,2701.0,-386.0,0.0,100,285.06,289.0,0,0.0,0.0,,0.0,1,0.09,0.01,SPY190520C00298000,298.0,normalDay
2019-05-16,2701.0,-122.0,0.0,100,287.7,289.0,0,0.0,0.0,,0.0,1,0.09,0.01,SPY190520C00298000,298.0,normalDay
2019-05-17,2701.0,-308.0,0.0,100,285.84,289.0,0,0.0,0.0,,0.0,1,0.09,0.01,SPY190520C00298000,298.0,normalDay
2019-05-20,2710.0,-505.0,9.0,100,283.95,289.0,0,0.0,0.0,,0.0,1,0.09,0.0,SPY190520C00298000,298.0,expirationDay
2019-05-21,2710.0,-249.0,0.0,100,286.51,289.0,0,0.0,0.0,,0.0,0,0.0,0.0,,0.0,bidTooLow
2019-05-22,2710.0,-337.0,0.0,100,285.63,289.0,0,0.0,0.0,,0.0,0,0.0,0.0,,0.0,bidTooLow
2019-05-23,2710.0,-686.0,0.0,100,282.14,289.0,0,0.0,0.0,,0.0,0,0.0,0.0,,0.0,bidTooLow
2019-05-24,2710.0,-622.0,0.0,100,282.78,289.0,0,0.0,0.0,,0.0,0,0.0,0.0,,0.0,bidTooLow
2019-05-28,2710.0,-885.0,0.0,100,280.15,289.0,0,0.0,0.0,,0.0,0,0.0,0.0,,0.0,bidTooLow
2019-05-29,2710.0,-1073.0,0.0,100,278.27,289.0,0,0.0,0.0,,0.0,0,0.0,0.0,,0.0,bidTooLow
2019-05-30,2710.0,-997.0,0.0,100,279.03,289.0,0,0.0,0.0,,0.0,0,0.0,0.0,,0.0,bidTooLow
2019-05-31,2710.0,-1373.0,0.0,100,275.27,289.0,0,0.0,0.0,,0.0,0,0.0,0.0,,0.0,bidTooLow
2019-06-03,2710.0,-1443.0,0.0,100,274.57,289.0,0,0.0,0.0,,0.0,0,0.0,0.0,,0.0,bidTooLow
2019-06-04,2710.0,-847.0,0.0,100,280.53,289.0,0,0.0,0.0,,0.0,0,0.0,0.0,,0.0,bidTooLow
2019-06-05,2710.0,-607.0,0.0,100,282.96,289.0,0,0.0,0.0,,0.0,1,0.04,0.07,SPY190617C00295000,295.0,normalDay
2019-06-06,2710.0,-427.0,0.0,100,284.8,289.0,0,0.0,0.0,,0.0,1,0.04,0.11,SPY190617C00295000,295.0,normalDay
2019-06-07,2710.0,-154.0,0.0,100,287.65,289.0,0,0.0,0.0,,0.0,1,0.04,0.23,SPY190617C00295000,295.0,normalDay
2019-06-10,2710.0,-21.0,0.0,100,288.97,289.0,0,0.0,0.0,,0.0,1,0.04,0.22,SPY190617C00295000,295.0,normalDay
2019-06-11,2710.0,-19.0,0.0,100,288.9,289.0,0,0.0,0.0,,0.0,1,0.04,0.13,SPY190617C00295000,295.0,normalDay
2019-06-12,2710.0,-62.0,0.0,100,288.39,289.0,0,0.0,0.0,,0.0,1,0.04,0.05,SPY190617C00295000,295.0,normalDay
2019-06-13,2710.0,58.0,0.0,100,289.58,289.0,0,0.0,0.0,,0.0,1,0.04,0.04,SPY190617C00295000,295.0,normalDay
2019-06-14,2710.0,29.0,0.0,100,289.26,289.0,0,0.0,0.0,,0.0,1,0.04,0.01,SPY190617C00295000,295.0,normalDay
2019-06-17,2714.0,37.0,4.0,100,289.37,289.0,0,0.0,0.0,,0.0,1,0.04,0.0,SPY190617C00295000,295.0,expirationDay
2019-06-18,2714.0,336.0,0.0,100,292.4,289.0,0,0.0,0.0,,0.0,1,0.14,0.18,SPY190628C00300000,300.0,normalDay
2019-06-19,2714.0,403.0,0.0,100,293.06,289.0,0,0.0,0.0,,0.0,1,0.14,0.17,SPY190628C00300000,300.0,normalDay
2019-06-20,2714.0,656.0,0.0,100,295.86,289.0,0,0.0,0.0,,0.0,1,0.14,0.44,SPY190628C00300000,300.0,normalDay
2019-06-21,2714.0,490.0,0.0,100,294.0,289.0,0,0.0,0.0,,0.0,1,0.14,0.24,SPY190628C00300000,300.0,normalDay
2019-06-24,2714.0,470.0,0.0,100,293.64,289.0,0,0.0,0.0,,0.0,1,0.14,0.08,SPY190628C00300000,300.0,normalDay
2019-06-25,2714.0,189.0,0.0,100,290.76,289.0,0,0.0,0.0,,0.0,1,0.14,0.01,SPY190628C00300000,300.0,normalDay
2019-06-26,2714.0,160.0,0.0,100,290.47,289.0,0,0.0,0.0,,0.0,1,0.14,0.01,SPY190628C00300000,300.0,normalDay
2019-06-27,2714.0,263.0,0.0,100,291.5,289.0,0,0.0,0.0,,0.0,1,0.14,0.01,SPY190628C00300000,300.0,normalDay
2019-06-28,2728.0,400.0,14.0,100,293.0,289.0,0,0.0,0.0,,0.0,1,0.14,0.0,SPY190628C00300000,300.0,expirationDay
2019-07-01,2728.0,663.0,0.0,100,295.66,289.0,0,0.0,0.0,,0.0,1,0.15,0.18,SPY190712C00302500,302.5,normalDay
2019-07-02,2728.0,747.0,0.0,100,296.43,289.0,0,0.0,0.0,,0.0,1,0.15,0.11,SPY190712C00302500,302.5,normalDay
2019-07-03,2728.0,958.0,0.0,100,298.8,289.0,0,0.0,0.0,,0.0,1,0.15,0.37,SPY190712C00302500,302.5,normalDay
2019-07-05,2728.0,946.0,0.0,100,298.46,289.0,0,0.0,0.0,,0.0,1,0.15,0.15,SPY190712C00302500,302.5,normalDay
2019-07-08,2728.0,793.0,0.0,100,296.82,289.0,0,0.0,0.0,,0.0,1,0.15,0.04,SPY190712C00302500,302.5,normalDay
2019-07-09,2728.0,830.0,0.0,100,297.19,289.0,0,0.0,0.0,,0.0,1,0.15,0.04,SPY190712C00302500,302.5,normalDay
2019-07-10,2728.0,972.0,0.0,100,298.61,289.0,0,0.0,0.0,,0.0,1,0.15,0.04,SPY190712C00302500,302.5,normalDay
2019-07-11,2728.0,1045.0,0.0,100,299.31,289.0,0,0.0,0.0,,0.0,1,0.15,0.01,SPY190712C00302500,302.5,normalDay
2019-07-12,2743.0,1165.0,15.0,100,300.65,289.0,0,0.0,0.0,,0.0,1,0.15,0.0,SPY190712C00302500,302.5,expirationDay
2019-07-15,2743.0,1172.0,0.0,100,300.75,289.0,0,0.0,0.0,,0.0,1,0.16,0.19,SPY190726C00306000,306.0,normalDay
2019-07-16,2743.0,1083.0,0.0,100,299.78,289.0,0,0.0,0.0,,0.0,1,0.16,0.11,SPY190726C00306000,306.0,normalDay
2019-07-17,2743.0,887.0,0.0,100,297.74,289.0,0,0.0,0.0,,0.0,1,0.16,0.03,SPY190726C00306000,306.0,normalDay
2019-07-18,2743.0,993.0,0.0,100,298.83,289.0,0,0.0,0.0,,0.0,1,0.16,0.06,SPY190726C00306000,306.0,normalDay
2019-07-19,2743.0,831.0,0.0,100,297.17,289.0,0,0.0,0.0,,0.0,1,0.16,0.02,SPY190726C00306000,306.0,normalDay
2019-07-22,2743.0,905.0,0.0,100,297.9,289.0,0,0.0,0.0,,0.0,1,0.16,0.01,SPY190726C00306000,306.0,normalDay
2019-07-23,2743.0,1117.0,0.0,100,300.03,289.0,0,0.0,0.0,,0.0,1,0.16,0.02,SPY190726C00306000,306.0,normalDay
2019-07-24,2743.0,1258.0,0.0,100,301.44,289.0,0,0.0,0.0,,0.0,1,0.16,0.02,SPY190726C00306000,306.0,normalDay
2019-07-25,2743.0,1115.0,0.0,100,300.0,289.0,0,0.0,0.0,,0.0,1,0.16,0.01,SPY190726C00306000,306.0,normalDay
2019-07-26,2759.0,1301.0,16.0,100,302.01,289.0,0,0.0,0.0,,0.0,1,0.16,0.0,SPY190726C00306000,306.0,expirationDay
2019-07-29,2759.0,1243.0,0.0,100,301.46,289.0,0,0.0,0.0,,0.0,1,0.75,0.78,SPY190809C00305000,305.0,normalDay
2019-07-30,2759.0,1177.0,0.0,100,300.72,289.0,0,0.0,0.0,,0.0,1,0.75,0.7,SPY190809C00305000,305.0,normalDay
2019-07-31,2759.0,901.0,0.0,100,297.43,289.0,0,0.0,0.0,,0.0,1,0.75,0.17,SPY190809C00305000,305.0,normalDay
2019-08-01,2759.0,653.0,0.0,100,294.84,289.0,0,0.0,0.0,,0.0,1,0.75,0.06,SPY190809C00305000,305.0,normalDay
2019-08-02,2759.0,435.0,0.0,100,292.62,289.0,0,0.0,0.0,,0.0,1,0.75,0.02,SPY190809C00305000,305.0,normalDay
2019-08-05,2759.0,-444.0,0.0,100,283.82,289.0,0,0.0,0.0,,0.0,1,0.75,0.01,SPY190809C00305000,305.0,normalDay
2019-08-06,2759.0,-46.0,0.0,100,287.8,289.0,0,0.0,0.0,,0.0,1,0.75,0.01,SPY190809C00305000,305.0,normalDay
2019-08-07,2759.0,-29.0,0.0,100,287.97,289.0,0,0.0,0.0,,0.0,1,0.75,0.01,SPY190809C00305000,305.0,normalDay
2019-08-08,2759.0,536.0,0.0,100,293.62,289.0,0,0.0,0.0,,0.0,1,0.75,0.01,SPY190809C00305000,305.0,normalDay
2019-08-09,2834.0,262.0,75.0,100,291.62,289.0,0,0.0,0.0,,0.0,1,0.75,0.0,SPY190809C00305000,305.0,expirationDay
2019-08-12,2834.0,-93.0,0.0,100,288.07,289.0,0,0.0,0.0,,0.0,0,0.0,0.0,,0.0,bidTooLow
2019-08-13,2834.0,355.0,0.0,100,292.55,289.0,0,0.0,0.0,,0.0,0,0.0,0.0,,0.0,bidTooLow
2019-08-14,2834.0,-510.0,0.0,100,283.9,289.0,0,0.0,0.0,,0.0,0,0.0,0.0,,0.0,bidTooLow
2019-08-15,2834.0,-435.0,0.0,100,284.65,289.0,0,0.0,0.0,,0.0,0,0.0,0.0,,0.0,bidTooLow
2019-08-16,2834.0,-15.0,0.0,100,288.85,289.0,0,0.0,0.0,,0.0,0,0.0,0.0,,0.0,bidTooLow
2019-08-19,2834.0,333.0,0.0,100,292.33,289.0,0,0.0,0.0,,0.0,0,0.0,0.0,,0.0,bidTooLow
2019-08-20,2834.0,109.0,0.0,100,290.09,289.0,0,0.0,0.0,,0.0,0,0.0,0.0,,0.0,bidTooLow
2019-08-21,2834.0,345.0,0.0,100,292.45,289.0,0,0.0,0.0,,0.0,0,0.0,0.0,,0.0,bidTooLow
2019-08-22,2834.0,336.0,0.0,100,292.36,289.0,0,0.0,0.0,,0.0,0,0.0,0.0,,0.0,bidTooLow
2019-08-23,2834.0,-415.0,0.0,100,284.85,289.0,0,0.0,0.0,,0.0,0,0.0,0.0,,0.0,bidTooLow
2019-08-26,2834.0,-100.0,0.0,100,288.0,289.0,0,0.0,0.0,,0.0,0,0.0,0.0,,0.0,bidTooLow
2019-08-27,2834.0,-216.0,0.0,100,286.87,289.0,0,0.0,0.0,,0.0,1,0.01,0.04,SPY190906C00302000,302.0,normalDay
2019-08-28,2834.0,-15.0,0.0,100,288.89,289.0,0,0.0,0.0,,0.0,1,0.01,0.05,SPY190906C00302000,302.0,normalDay
2019-08-29,2834.0,351.0,0.0,100,292.58,289.0,0,0.0,0.0,,0.0,1,0.01,0.08,SPY190906C00302000,302.0,normalDay
2019-08-30,2834.0,340.0,0.0,100,292.45,289.0,0,0.0,0.0,,0.0,1,0.01,0.06,SPY190906C00302000,302.0,normalDay
2019-09-03,2834.0,173.0,0.0,100,290.74,289.0,0,0.0,0.0,,0.0,1,0.01,0.02,SPY190906C00302000,302.0,normalDay
2019-09-04,2834.0,504.0,0.0,100,294.04,289.0,0,0.0,0.0,,0.0,1,0.01,0.01,SPY190906C00302000,302.0,normalDay
2019-09-05,2834.0,880.0,0.0,100,297.82,289.0,0,0.0,0.0,,0.0,1,0.01,0.03,SPY190906C00302000,302.0,normalDay
2019-09-06,2835.0,905.0,1.0,100,298.05,289.0,0,0.0,0.0,,0.0,1,0.01,0.0,SPY190906C00302000,302.0,expirationDay
2019-09-09,2835.0,917.0,0.0,100,298.2,289.0,0,0.0,0.0,,0.0,1,0.32,0.35,SPY190920C00304000,304.0,normalDay
2019-09-10,2835.0,916.0,0.0,100,298.13,289.0,0,0.0,0.0,,0.0,1,0.32,0.29,SPY190920C00304000,304.0,normalDay
2019-09-11,2835.0,1095.0,0.0,100,300.25,289.0,0,0.0,0.0,,0.0,1,0.32,0.62,SPY190920C00304000,304.0,normalDay
2019-09-12,2835.0,1177.0,0.0,100,301.29,289.0,0,0.0,0.0,,0.0,1,0.32,0.84,SPY190920C00304000,304.0,normalDay
2019-09-13,2835.0,1183.0,0.0,100,301.09,289.0,0,0.0,0.0,,0.0,1,0.32,0.58,SPY190920C00304000,304.0,normalDay
2019-09-16,2835.0,1119.0,0.0,100,300.16,289.0,0,0.0,0.0,,0.0,1,0.32,0.29,SPY190920C00304000,304.0,normalDay
2019-09-17,2835.0,1191.0,0.0,100,300.92,289.0,0,0.0,0.0,,0.0,1,0.32,0.33,SPY190920C00304000,304.0,normalDay
2019-09-18,2835.0,1219.0,0.0,100,301.1,289.0,0,0.0,0.0,,0.0,1,0.32,0.23,SPY190920C00304000,304.0,normalDay
2019-09-19,2835.0,1236.0,0.0,100,301.08,289.0,0,0.0,0.0,,0.0,1,0.32,0.04,SPY190920C00304000,304.0,normalDay
2019-09-20,2867.0,928.0,32.0,100,298.28,289.0,0,0.0,0.0,,0.0,1,0.32,0.0,SPY190920C00304000,304.0,expirationDay
2019-09-23,2867.0,921.0,0.0,100,298.21,289.0,0,0.0,0.0,,0.0,0,0.0,0.0,,0.0,bidTooLow
2019-09-24,2867.0,687.0,0.0,100,295.87,289.0,0,0.0,0.0,,0.0,0,0.0,0.0,,0.0,bidTooLow
2019-09-25,2867.0,862.0,0.0,100,297.62,289.0,0,0.0,0.0,,0.0,0,0.0,0.0,,0.0,bidTooLow
2019-09-26,2867.0,800.0,0.0,100,297.0,289.0,0,0.0,0.0,,0.0,0,0.0,0.0,,0.0,bidTooLow
2019-09-27,2867.0,637.0,0.0,100,295.4,289.0,0,0.0,0.0,,0.0,1,0.02,0.05,SPY191009C00307000,307.0,normalDay
2019-09-30,2867.0,776.0,0.0,100,296.77,289.0,0,0.0,0.0,,0.0,1,0.02,0.03,SPY191009C00307000,307.0,normalDay
2019-10-01,2867.0,424.0,0.0,100,293.24,289.0,0,0.0,0.0,,0.0,1,0.02,0.02,SPY191009C00307000,307.0,normalDay
2019-10-02,2867.0,-93.0,0.0,100,288.06,289.0,0,0.0,0.0,,0.0,1,0.02,0.01,SPY191009C00307000,307.0,normalDay
2019-10-03,2867.0,143.0,0.0,100,290.42,289.0,0,0.0,0.0,,0.0,1,0.02,0.01,SPY191009C00307000,307.0,normalDay
2019-10-04,2867.0,536.0,0.0,100,294.35,289.0,0,0.0,0.0,,0.0,1,0.02,0.01,SPY191009C00307000,307.0,normalDay
2019-10-07,2867.0,409.0,0.0,100,293.08,289.0,0,0.0,0.0,,0.0,1,0.02,0.01,SPY191009C00307000,307.0,normalDay
2019-10-08,2867.0,-46.0,0.0,100,288.53,289.0,0,0.0,0.0,,0.0,1,0.02,0.01,SPY191009C00307000,307.0,normalDay
2019-10-09,2869.0,227.0,2.0,100,291.27,289.0,0,0.0,0.0,,0.0,1,0.02,0.0,SPY191009C00307000,307.0,expirationDay
2019-10-10,2869.0,424.0,0.0,100,293.24,289.0,0,0.0,0.0,,0.0,0,0.0,0.0,,0.0,bidTooLow
2019-10-11,2869.0,725.0,0.0,100,296.28,289.0,0,0.0,0.0,,0.0,1,0.04,0.07,SPY191023C00308000,308.0,normalDay
2019-10-14,2869.0,697.0,0.0,100,295.95,289.0,0,0.0,0.0,,0.0,1,0.04,0.02,SPY191023C00308000,308.0,normalDay
2019-10-15,2869.0,988.0,0.0,100,298.88,289.0,0,0.0,0.0,,0.0,1,0.04,0.04,SPY191023C00308000,308.0,normalDay
2019-10-16,2869.0,942.0,0.0,100,298.4,289.0,0,0.0,0.0,,0.0,1,0.04,0.02,SPY191023C00308000,308.0,normalDay
2019-10-17,2869.0,1030.0,0.0,100,299.28,289.0,0,0.0,0.0,,0.0,1,0.04,0.02,SPY191023C00308000,308.0,normalDay
2019-10-18,2869.0,900.0,0.0,100,297.97,289.0,0,0.0,0.0,,0.0,1,0.04,0.01,SPY191023C00308000,308.0,normalDay
2019-10-21,2869.0,1102.0,0.0,100,299.99,289.0,0,0.0,0.0,,0.0,1,0.04,0.01,SPY191023C00308000,308.0,normalDay
2019-10-22,2869.0,1004.0,0.0,100,299.01,289.0,0,0.0,0.0,,0.0,1,0.04,0.01,SPY191023C00308000,308.0,normalDay
2019-10-23,2873.0,1088.0,4.0,100,299.88,289.0,0,0.0,0.0,,0.0,1,0.04,0.0,SPY191023C00308000,308.0,expirationDay
2019-10-24,2873.0,1134.0,0.0,100,300.37,289.0,0,0.0,0.0,,0.0,1,0.07,0.1,SPY191104C00307000,307.0,normalDay
2019-10-25,2873.0,1253.0,0.0,100,301.6,289.0,0,0.0,0.0,,0.0,1,0.07,0.14,SPY191104C00307000,307.0,normalDay
2019-10-28,2873.0,1407.0,0.0,100,303.3,289.0,0,0.0,0.0,,0.0,1,0.07,0.3,SPY191104C00307000,307.0,normalDay
2019-10-29,2873.0,1405.0,0.0,100,303.21,289.0,0,0.0,0.0,,0.0,1,0.07,0.23,SPY191104C00307000,307.0,normalDay
2019-10-30,2873.0,1496.0,0.0,100,304.14,289.0,0,0.0,0.0,,0.0,1,0.07,0.25,SPY191104C00307000,307.0,normalDay
2019-10-31,2873.0,1434.0,0.0,100,303.33,289.0,0,0.0,0.0,,0.0,1,0.07,0.06,SPY191104C00307000,307.0,normalDay
2019-11-01,2873.0,1694.0,0.0,100,306.14,289.0,0,0.0,0.0,,0.0,1,0.07,0.27,SPY191104C00307000,307.0,normalDay
2019-11-04,4680.0,1694.0,1807.0,0,307.37,0.0,0,0.0,0.0,,0.0,1,0.07,0.0,SPY191104C00307000,307.0,expirationDay
2019-11-05,4680.0,0.0,0.0,0,307.03,0.0,0,0.0,0.0,,0.0,0,0.0,0.0,,0.0,bidTooLow
2019-11-06,4680.0,0.0,0.0,0,307.1,0.0,0,0.0,0.0,,0.0,0,0.0,0.0,,0.0,bidTooLow
2019-11-07,4680.0,0.0,0.0,0,308.18,0.0,0,0.0,0.0,,0.0,0,0.0,0.0,,0.0,bidTooLow
2019-11-08,4680.0,0.0,0.0,0,308.94,0.0,0,0.0,0.0,,0.0,0,0.0,0.0,,0.0,bidTooLow
2019-11-11,4680.0,0.0,0.0,0,308.35,0.0,0,0.0,0.0,,0.0,0,0.0,0.0,,0.0,bidTooLow
2019-11-12,4680.0,0.0,0.0,0,309.0,0.0,0,0.0,0.0,,0.0,0,0.0,0.0,,0.0,bidTooLow
2019-11-13,4680.0,-3.0,0.0,0,309.1,0.0,1,0.01,0.04,SPY191115P00300500,300.5,0,0.0,0.0,,0.0,normalDay
2019-11-14,4680.0,-1.0,0.0,0,309.55,0.0,1,0.01,0.02,SPY191115P00300500,300.5,0,0.0,0.0,,0.0,normalDay
2019-11-15,4681.0,0.0,1.0,0,311.79,0.0,1,0.01,0.0,SPY191115P00300500,300.5,0,0.0,0.0,,0.0,expirationDay
2019-11-18,4681.0,0.0,0.0,0,312.02,0.0,0,0.0,0.0,,0.0,0,0.0,0.0,,0.0,bidTooLow
2019-11-19,4681.0,0.0,0.0,0,311.93,0.0,0,0.0,0.0,,0.0,0,0.0,0.0,,0.0,bidTooLow
2019-11-20,4681.0,-3.0,0.0,0,310.77,0.0,1,0.06,0.09,SPY191122P00303500,303.5,0,0.0,0.0,,0.0,normalDay
2019-11-21,4681.0,3.0,0.0,0,310.27,0.0,1,0.06,0.03,SPY191122P00303500,303.5,0,0.0,0.0,,0.0,normalDay
2019-11-22,4687.0,0.0,6.0,0,310.96,0.0,1,0.06,0.0,SPY191122P00303500,303.5,0,0.0,0.0,,0.0,expirationDay
2019-11-25,4687.0,0.0,0.0,0,313.37,0.0,0,0.0,0.0,,0.0,0,0.0,0.0,,0.0,bidTooLow
2019-11-26,4687.0,0.0,0.0,0,314.08,0.0,0,0.0,0.0,,0.0,0,0.0,0.0,,0.0,bidTooLow
2019-11-27,4687.0,0.0,0.0,0,315.48,0.0,0,0.0,0.0,,0.0,0,0.0,0.0,,0.0,bidTooLow
2019-11-29,4687.0,0.0,0.0,0,314.31,0.0,0,0.0,0.0,,0.0,0,0.0,0.0,,0.0,bidTooLow
2019-12-02,4687.0,-3.0,0.0,0,311.64,0.0,1,0.29,0.32,SPY191204P00308000,308.0,0,0.0,0.0,,0.0,normalDay
2019-12-03,4687.0,-21.0,0.0,0,309.55,0.0,1,0.29,0.5,SPY191204P00308000,308.0,0,0.0,0.0,,0.0,normalDay
2019-12-04,4716.0,0.0,29.0,0,311.46,0.0,1,0.29,0.0,SPY191204P00308000,308.0,0,0.0,0.0,,0.0,expirationDay
2019-12-05,4716.0,-3.0,0.0,0,312.02,0.0,1,0.13,0.16,SPY191206P00309000,309.0,0,0.0,0.0,,0.0,normalDay
2019-12-06,4729.0,0.0,13.0,0,314.87,0.0,1,0.13,0.0,SPY191206P00309000,309.0,0,0.0,0.0,,0.0,expirationDay
2019-12-09,4729.0,-3.0,0.0,0,313.88,0.0,1,0.25,0.28,SPY191211P00309500,309.5,0,0.0,0.0,,0.0,normalDay
2019-12-10,4729.0,16.0,0.0,0,313.53,0.0,1,0.25,0.09,SPY191211P00309500,309.5,0,0.0,0.0,,0.0,normalDay
2019-12-11,4754.0,0.0,25.0,0,314.42,0.0,1,0.25,0.0,SPY191211P00309500,309.5,0,0.0,0.0,,0.0,expirationDay
2019-12-12,4754.0,-3.0,0.0,0,317.13,0.0,1,0.06,0.09,SPY191213P00310500,310.5,0,0.0,0.0,,0.0,normalDay
2019-12-13,4760.0,0.0,6.0,0,317.32,0.0,1,0.06,0.0,SPY191213P00310500,310.5,0,0.0,0.0,,0.0,expirationDay
2019-12-16,4760.0,-3.0,0.0,0,319.5,0.0,1,0.05,0.08,SPY191218P00311000,311.0,0,0.0,0.0,,0.0,normalDay
2019-12-17,4760.0,3.0,0.0,0,319.57,0.0,1,0.05,0.02,SPY191218P00311000,311.0,0,0.0,0.0,,0.0,normalDay
2019-12-18,4765.0,0.0,5.0,0,319.59,0.0,1,0.05,0.0,SPY191218P00311000,311.0,0,0.0,0.0,,0.0,expirationDay
2019-12-19,4765.0,-3.0,0.0,0,320.9,0.0,1,0.01,0.04,SPY191220P00311500,311.5,0,0.0,0.0,,0.0,normalDay
2019-12-20,4766.0,0.0,1.0,0,320.73,0.0,1,0.01,0.0,SPY191220P00311500,311.5,0,0.0,0.0,,0.0,expirationDay
2019-12-23,4766.0,0.0,0.0,0,321.22,0.0,0,0.0,0.0,,0.0,0,0.0,0.0,,0.0,bidTooLow
2019-12-24,4766.0,0.0,0.0,0,321.23,0.0,0,0.0,0.0,,0.0,0,0.0,0.0,,0.0,bidTooLow
2019-12-26,4766.0,0.0,0.0,0,322.94,0.0,0,0.0,0.0,,0.0,0,0.0,0.0,,0.0,bidTooLow
2019-12-27,4766.0,0.0,0.0,0,322.86,0.0,0,0.0,0.0,,0.0,0,0.0,0.0,,0.0,bidTooLow
2019-12-30,4766.0,0.0,0.0,0,321.08,0.0,0,0.0,0.0,,0.0,0,0.0,0.0,,0.0,bidTooLow
2019-12-31,4766.0,0.0,0.0,0,321.86,0.0,0,0.0,0.0,,0.0,0,0.0,0.0,,0.0,bidTooLow
2020-01-02,4766.0,0.0,0.0,0,324.87,0.0,0,0.0,0.0,,0.0,0,0.0,0.0,,0.0,bidTooLow
2020-01-03,4766.0,0.0,0.0,0,322.41,0.0,0,0.0,0.0,,0.0,0,0.0,0.0,,0.0,bidTooLow
2020-01-06,4766.0,-3.0,0.0,0,323.64,0.0,1,0.02,0.05,SPY200108P00316000,316.0,0,0.0,0.0,,0.0,normalDay
2020-01-07,4766.0,0.0,0.0,0,322.73,0.0,1,0.02,0.02,SPY200108P00316000,316.0,0,0.0,0.0,,0.0,normalDay
2020-01-08,4768.0,0.0,2.0,0,324.45,0.0,1,0.02,0.0,SPY200108P00316000,316.0,0,0.0,0.0,,0.0,expirationDay
2020-01-09,4768.0,0.0,0.0,0,326.65,0.0,0,0.0,0.0,,0.0,0,0.0,0.0,,0.0,bidTooLow
2020-01-10,4768.0,0.0,0.0,0,325.71,0.0,0,0.0,0.0,,0.0,0,0.0,0.0,,0.0,bidTooLow
2020-01-13,4768.0,-3.0,0.0,0,327.95,0.0,1,0.01,0.04,SPY200115P00319500,319.5,0,0.0,0.0,,0.0,normalDay
2020-01-14,4768.0,-1.0,0.0,0,327.45,0.0,1,0.01,0.02,SPY200115P00319500,319.5,0,0.0,0.0,,0.0,normalDay
2020-01-15,4769.0,0.0,1.0,0,328.19,0.0,1,0.01,0.0,SPY200115P00319500,319.5,0,0.0,0.0,,0.0,expirationDay
2020-01-16,4769.0,0.0,0.0,0,330.92,0.0,0,0.0,0.0,,0.0,0,0.0,0.0,,0.0,bidTooLow
2020-01-17,4769.0,0.0,0.0,0,331.95,0.0,0,0.0,0.0,,0.0,0,0.0,0.0,,0.0,bidTooLow
2020-01-21,4769.0,0.0,0.0,0,331.3,0.0,0,0.0,0.0,,0.0,0,0.0,0.0,,0.0,bidTooLow
2020-01-22,4769.0,0.0,0.0,0,331.34,0.0,0,0.0,0.0,,0.0,0,0.0,0.0,,0.0,bidTooLow
2020-01-23,4769.0,0.0,0.0,0,331.72,0.0,0,0.0,0.0,,0.0,0,0.0,0.0,,0.0,bidTooLow
2020-01-24,4769.0,0.0,0.0,0,328.77,0.0,0,0.0,0.0,,0.0,0,0.0,0.0,,0.0,bidTooLow
2020-01-27,4769.0,-5.0,0.0,0,323.5,0.0,1,1.94,1.99,SPY200129P00323000,323.0,0,0.0,0.0,,0.0,normalDay
2020-01-28,4769.0,162.0,0.0,0,326.89,0.0,1,1.94,0.32,SPY200129P00323000,323.0,0,0.0,0.0,,0.0,normalDay
2020-01-29,4963.0,0.0,194.0,0,326.62,0.0,1,1.94,0.0,SPY200129P00323000,323.0,0,0.0,0.0,,0.0,expirationDay
2020-01-30,4963.0,-3.0,0.0,0,327.68,0.0,1,0.11,0.14,SPY200131P00324000,324.0,0,0.0,0.0,,0.0,normalDay
2020-01-31,4974.0,-227.0,11.0,100,321.73,324.0,1,0.11,0.0,SPY200131P00324000,324.0,0,0.0,0.0,,0.0,expirationDay
2020-02-03,4974.0,9.0,0.0,100,324.12,324.0,0,0.0,0.0,,0.0,1,0.04,0.07,SPY200214C00337000,337.0,normalDay
2020-02-04,4974.0,478.0,0.0,100,329.06,324.0,0,0.0,0.0,,0.0,1,0.04,0.32,SPY200214C00337000,337.0,normalDay
2020-02-05,4974.0,814.0,0.0,100,332.86,324.0,0,0.0,0.0,,0.0,1,0.04,0.76,SPY200214C00337000,337.0,normalDay
2020-02-06,4974.0,929.0,0.0,100,333.98,324.0,0,0.0,0.0,,0.0,1,0.04,0.73,SPY200214C00337000,337.0,normalDay
2020-02-07,4974.0,783.0,0.0,100,332.2,324.0,0,0.0,0.0,,0.0,1,0.04,0.41,SPY200214C00337000,337.0,normalDay
2020-02-10,4974.0,1001.0,0.0,100,334.68,324.0,0,0.0,0.0,,0.0,1,0.04,0.71,SPY200214C00337000,337.0,normalDay
2020-02-11,4974.0,1058.0,0.0,100,335.26,324.0,0,0.0,0.0,,0.0,1,0.04,0.72,SPY200214C00337000,337.0,normalDay
2020-02-12,4974.0,1217.0,0.0,100,337.42,324.0,0,0.0,0.0,,0.0,1,0.04,1.29,SPY200214C00337000,337.0,normalDay
2020-02-13,4974.0,1208.0,0.0,100,337.06,324.0,0,0.0,0.0,,0.0,1,0.04,1.02,SPY200214C00337000,337.0,normalDay
2020-02-14,6278.0,1208.0,1304.0,0,337.6,0.0,0,0.0,0.0,,0.0,1,0.04,0.0,SPY200214C00337000,337.0,expirationDay
2020-02-18,6278.0,0.0,0.0,0,336.73,0.0,0,0.0,0.0,,0.0,0,0.0,0.0,,0.0,bidTooLow
2020-02-19,6278.0,-3.0,0.0,0,338.34,0.0,1,0.01,0.04,SPY200221P00326000,326.0,0,0.0,0.0,,0.0,normalDay
2020-02-20,6278.0,-2.0,0.0,0,336.95,0.0,1,0.01,0.03,SPY200221P00326000,326.0,0,0.0,0.0,,0.0,normalDay
2020-02-21,6279.0,0.0,1.0,0,333.48,0.0,1,0.01,0.0,SPY200221P00326000,326.0,0,0.0,0.0,,0.0,expirationDay
2020-02-24,6279.0,-8.0,0.0,0,322.42,0.0,1,5.14,5.22,SPY200226P00326000,326.0,0,0.0,0.0,,0.0,normalDay
2020-02-25,6279.0,-783.0,0.0,0,312.65,0.0,1,5.14,12.97,SPY200226P00326000,326.0,0,0.0,0.0,,0.0,normalDay
2020-02-26,6793.0,-1450.0,514.0,100,311.5,326.0,1,5.14,0.0,SPY200226P00326000,326.0,0,0.0,0.0,,0.0,expirationDay
2020-02-27,6793.0,-2849.0,0.0,100,297.51,326.0,0,0.0,0.0,,0.0,0,0.0,0.0,,0.0,bidTooLow
2020-02-28,6793.0,-2974.0,0.0,100,296.26,326.0,0,0.0,0.0,,0.0,0,0.0,0.0,,0.0,bidTooLow
2020-03-02,6793.0,-1691.0,0.0,100,309.09,326.0,0,0.0,0.0,,0.0,0,0.0,0.0,,0.0,bidTooLow
2020-03-03,6793.0,-2576.0,0.0,100,300.24,326.0,0,0.0,0.0,,0.0,0,0.0,0.0,,0.0,bidTooLow
2020-03-04,6793.0,-1314.0,0.0,100,312.86,326.0,0,0.0,0.0,,0.0,0,0.0,0.0,,0.0,bidTooLow
2020-03-05,6793.0,-2354.0,0.0,100,302.46,326.0,0,0.0,0.0,,0.0,0,0.0,0.0,,0.0,bidTooLow
2020-03-06,6793.0,-2854.0,0.0,100,297.46,326.0,0,0.0,0.0,,0.0,0,0.0,0.0,,0.0,bidTooLow
2020-03-09,6793.0,-5177.0,0.0,100,274.23,326.0,0,0.0,0.0,,0.0,0,0.0,0.0,,0.0,bidTooLow
2020-03-10,6793.0,-3758.0,0.0,100,288.42,326.0,0,0.0,0.0,,0.0,0,0.0,0.0,,0.0,bidTooLow
2020-03-11,6793.0,-5164.0,0.0,100,274.36,326.0,0,0.0,0.0,,0.0,0,0.0,0.0,,0.0,bidTooLow
2020-03-12,6793.0,-7789.0,0.0,100,248.11,326.0,0,0.0,0.0,,0.0,0,0.0,0.0,,0.0,bidTooLow
2020-03-13,6793.0,-5668.0,0.0,100,269.32,326.0,0,0.0,0.0,,0.0,0,0.0,0.0,,0.0,bidTooLow
2020-03-16,6793.0,-8615.0,0.0,100,239.85,326.0,0,0.0,0.0,,0.0,0,0.0,0.0,,0.0,bidTooLow
2020-03-17,6793.0,-7320.0,0.0,100,252.8,326.0,0,0.0,0.0,,0.0,0,0.0,0.0,,0.0,bidTooLow
2020-03-18,6793.0,-8600.0,0.0,100,240.0,326.0,0,0.0,0.0,,0.0,0,0.0,0.0,,0.0,bidTooLow
2020-03-19,6793.0,-8549.0,0.0,100,240.51,326.0,0,0.0,0.0,,0.0,0,0.0,0.0,,0.0,bidTooLow
2020-03-20,6793.0,-9720.0,0.0,100,228.8,326.0,0,0.0,0.0,,0.0,0,0.0,0.0,,0.0,bidTooLow
2020-03-23,6793.0,-10305.0,0.0,100,222.95,326.0,0,0.0,0.0,,0.0,0,0.0,0.0,,0.0,bidTooLow
2020-03-24,6793.0,-8285.0,0.0,100,243.15,326.0,0,0.0,0.0,,0.0,0,0.0,0.0,,0.0,bidTooLow
2020-03-25,6793.0,-7921.0,0.0,100,246.79,326.0,0,0.0,0.0,,0.0,0,0.0,0.0,,0.0,bidTooLow
2020-03-26,6793.0,-6480.0,0.0,100,261.2,326.0,0,0.0,0.0,,0.0,0,0.0,0.0,,0.0,bidTooLow
2020-03-27,6793.0,-7258.0,0.0,100,253.42,326.0,0,0.0,0.0,,0.0,0,0.0,0.0,,0.0,bidTooLow
2020-03-30,6793.0,-6435.0,0.0,100,261.65,326.0,0,0.0,0.0,,0.0,0,0.0,0.0,,0.0,bidTooLow
2020-03-31,6793.0,-6825.0,0.0,100,257.75,326.0,0,0.0,0.0,,0.0,0,0.0,0.0,,0.0,bidTooLow
2020-04-01,6793.0,-7985.0,0.0,100,246.15,326.0,0,0.0,0.0,,0.0,0,0.0,0.0,,0.0,bidTooLow
2020-04-02,6793.0,-7417.0,0.0,100,251.83,326.0,0,0.0,0.0,,0.0,0,0.0,0.0,,0.0,bidTooLow
2020-04-03,6793.0,-7784.0,0.0,100,248.19,326.0,0,0.0,0.0,,0.0,1,0.01,0.04,SPY200415C00300000,300.0,normalDay
2020-04-06,6793.0,-6122.0,0.0,100,264.86,326.0,0,0.0,0.0,,0.0,1,0.01,0.09,SPY200415C00300000,300.0,normalDay
2020-04-07,6793.0,-6095.0,0.0,100,265.13,326.0,0,0.0,0.0,,0.0,1,0.01,0.09,SPY200415C00300000,300.0,normalDay
2020-04-08,6793.0,-5206.0,0.0,100,274.03,326.0,0,0.0,0.0,,0.0,1,0.01,0.1,SPY200415C00300000,300.0,normalDay
2020-04-09,6793.0,-4793.0,0.0,100,278.2,326.0,0,0.0,0.0,,0.0,1,0.01,0.14,SPY200415C00300000,300.0,normalDay
2020-04-13,6793.0,-5035.0,0.0,100,275.66,326.0,0,0.0,0.0,,0.0,1,0.01,0.02,SPY200415C00300000,300.0,normalDay
2020-04-14,6793.0,-4221.0,0.0,100,283.79,326.0,0,0.0,0.0,,0.0,1,0.01,0.01,SPY200415C00300000,300.0,normalDay
2020-04-15,6794.0,-4824.0,1.0,100,277.76,326.0,0,0.0,0.0,,0.0,1,0.01,0.0,SPY200415C00300000,300.0,expirationDay
2020-04-16,6794.0,-4693.0,0.0,100,279.1,326.0,0,0.0,0.0,,0.0,1,0.05,0.08,SPY200427C00311000,311.0,normalDay
2020-04-17,6794.0,-3942.0,0.0,100,286.64,326.0,0,0.0,0.0,,0.0,1,0.05,0.11,SPY200427C00311000,311.0,normalDay
2020-04-20,6794.0,-4440.0,0.0,100,281.59,326.0,0,0.0,0.0,,0.0,1,0.05,0.04,SPY200427C00311000,311.0,normalDay
2020-04-21,6794.0,-5293.0,0.0,100,273.04,326.0,0,0.0,0.0,,0.0,1,0.05,0.02,SPY200427C00311000,311.0,normalDay
2020-04-22,6794.0,-4686.0,0.0,100,279.1,326.0,0,0.0,0.0,,0.0,1,0.05,0.01,SPY200427C00311000,311.0,normalDay
2020-04-23,6794.0,-4688.0,0.0,100,279.08,326.0,0,0.0,0.0,,0.0,1,0.05,0.01,SPY200427C00311000,311.0,normalDay
2020-04-24,6794.0,-4299.0,0.0,100,282.97,326.0,0,0.0,0.0,,0.0,1,0.05,0.01,SPY200427C00311000,311.0,normalDay
2020-04-27,6799.0,-3895.0,5.0,100,287.05,326.0,0,0.0,0.0,,0.0,1,0.05,0.0,SPY200427C00311000,311.0,expirationDay
2020-04-28,6799.0,-4030.0,0.0,100,285.73,326.0,0,0.0,0.0,,0.0,1,0.04,0.07,SPY200508C00312000,312.0,normalDay
2020-04-29,6799.0,-3292.0,0.0,100,293.21,326.0,0,0.0,0.0,,0.0,1,0.04,0.17,SPY200508C00312000,312.0,normalDay
2020-04-30,6799.0,-3557.0,0.0,100,290.48,326.0,0,0.0,0.0,,0.0,1,0.04,0.09,SPY200508C00312000,312.0,normalDay
2020-05-01,6799.0,-4319.0,0.0,100,282.79,326.0,0,0.0,0.0,,0.0,1,0.04,0.02,SPY200508C00312000,312.0,normalDay
2020-05-04,6799.0,-4240.0,0.0,100,283.57,326.0,0,0.0,0.0,,0.0,1,0.04,0.01,SPY200508C00312000,312.0,normalDay
2020-05-05,6799.0,-3978.0,0.0,100,286.19,326.0,0,0.0,0.0,,0.0,1,0.04,0.01,SPY200508C00312000,312.0,normalDay
2020-05-06,6799.0,-4172.0,0.0,100,284.25,326.0,0,0.0,0.0,,0.0,1,0.04,0.01,SPY200508C00312000,312.0,normalDay
2020-05-07,6799.0,-3829.0,0.0,100,287.68,326.0,0,0.0,0.0,,0.0,1,0.04,0.01,SPY200508C00312000,312.0,normalDay
2020-05-08,6803.0,-3356.0,4.0,100,292.44,326.0,0,0.0,0.0,,0.0,1,0.04,0.0,SPY200508C00312000,312.0,expirationDay
2020-05-11,6803.0,-3353.0,0.0,100,292.5,326.0,0,0.0,0.0,,0.0,1,1.04,1.07,SPY200522C00301000,301.0,normalDay
2020-05-12,6803.0,-3877.0,0.0,100,286.67,326.0,0,0.0,0.0,,0.0,1,1.04,0.48,SPY200522C00301000,301.0,normalDay
2020-05-13,6803.0,-4352.0,0.0,100,281.6,326.0,0,0.0,0.0,,0.0,1,1.04,0.16,SPY200522C00301000,301.0,normalDay
2020-05-14,6803.0,-4017.0,0.0,100,284.97,326.0,0,0.0,0.0,,0.0,1,1.04,0.18,SPY200522C00301000,301.0,normalDay
2020-05-15,6803.0,-3877.0,0.0,100,286.28,326.0,0,0.0,0.0,,0.0,1,1.04,0.09,SPY200522C00301000,301.0,normalDay
2020-05-18,6803.0,-3082.0,0.0,100,295.0,326.0,0,0.0,0.0,,0.0,1,1.04,0.86,SPY200522C00301000,301.0,normalDay
2020-05-19,6803.0,-3335.0,0.0,100,291.97,326.0,0,0.0,0.0,,0.0,1,1.04,0.36,SPY200522C00301000,301.0,normalDay
2020-05-20,6803.0,-2877.0,0.0,100,296.93,326.0,0,0.0,0.0,,0.0,1,1.04,0.74,SPY200522C00301000,301.0,normalDay
2020-05-21,6803.0,-3018.0,0.0,100,294.88,326.0,0,0.0,0.0,,0.0,1,1.04,0.1,SPY200522C00301000,301.0,normalDay
2020-05-22,6907.0,-3056.0,104.0,100,295.44,326.0,0,0.0,0.0,,0.0,1,1.04,0.0,SPY200522C00301000,301.0,expirationDay
2020-05-26,6907.0,-2696.0,0.0,100,299.08,326.0,0,0.0,0.0,,0.0,1,1.51,1.55,SPY200605C00306000,306.0,normalDay
2020-05-27,6907.0,-2392.0,0.0,100,303.53,326.0,0,0.0,0.0,,0.0,1,1.51,2.96,SPY200605C00306000,306.0,normalDay
2020-05-28,6907.0,-2444.0,0.0,100,302.97,326.0,0,0.0,0.0,,0.0,1,1.51,2.92,SPY200605C00306000,306.0,normalDay
2020-05-29,6907.0,-2332.0,0.0,100,304.32,326.0,0,0.0,0.0,,0.0,1,1.51,3.15,SPY200605C00306000,306.0,normalDay
2020-06-01,6907.0,-2179.0,0.0,100,305.55,326.0,0,0.0,0.0,,0.0,1,1.51,2.85,SPY200605C00306000,306.0,normalDay
2020-06-02,6907.0,-2004.0,0.0,100,308.08,326.0,0,0.0,0.0,,0.0,1,1.51,3.63,SPY200605C00306000,306.0,normalDay
2020-06-03,6907.0,-1894.0,0.0,100,312.18,326.0,0,0.0,0.0,,0.0,1,1.51,6.63,SPY200605C00306000,306.0,normalDay
2020-06-04,6907.0,-1882.0,0.0,100,311.36,326.0,0,0.0,0.0,,0.0,1,1.51,5.69,SPY200605C00306000,306.0,normalDay
2020-06-05,5058.0,-1882.0,-1849.0,0,319.34,0.0,0,0.0,0.0,,0.0,1,1.51,0.0,SPY200605C00306000,306.0,expirationDay
2020-06-08,5058.0,0.0,0.0,0,323.2,0.0,0,0.0,0.0,,0.0,0,0.0,0.0,,0.0,bidTooLow
2020-06-09,5058.0,0.0,0.0,0,320.79,0.0,0,0.0,0.0,,0.0,0,0.0,0.0,,0.0,bidTooLow
2020-06-10,5058.0,0.0,0.0,0,319.0,0.0,0,0.0,0.0,,0.0,0,0.0,0.0,,0.0,bidTooLow
2020-06-11,5058.0,-3.0,0.0,0,300.61,0.0,1,0.78,0.81,SPY200612P00293000,293.0,0,0.0,0.0,,0.0,normalDay
2020-06-12,5136.0,0.0,78.0,0,304.21,0.0,1,0.78,0.0,SPY200612P00293000,293.0,0,0.0,0.0,,0.0,expirationDay
2020-06-15,5136.0,-3.0,0.0,0,307.05,0.0,1,0.55,0.58,SPY200617P00296000,296.0,0,0.0,0.0,,0.0,normalDay
2020-06-16,5136.0,49.0,0.0,0,312.96,0.0,1,0.55,0.06,SPY200617P00296000,296.0,0,0.0,0.0,,0.0,normalDay
2020-06-17,5191.0,0.0,55.0,0,311.66,0.0,1,0.55,0.0,SPY200617P00296000,296.0,0,0.0,0.0,,0.0,expirationDay
2020-06-18,5191.0,-3.0,0.0,0,311.78,0.0,1,0.13,0.16,SPY200619P00300000,300.0,0,0.0,0.0,,0.0,normalDay
2020-06-19,5204.0,0.0,13.0,0,308.64,0.0,1,0.13,0.0,SPY200619P00300000,300.0,0,0.0,0.0,,0.0,expirationDay
2020-06-22,5204.0,-3.0,0.0,0,310.62,0.0,1,0.55,0.58,SPY200624P00303000,303.0,0,0.0,0.0,,0.0,normalDay
2020-06-23,5204.0,42.0,0.0,0,312.05,0.0,1,0.55,0.13,SPY200624P00303000,303.0,0,0.0,0.0,,0.0,normalDay
2020-06-24,5259.0,0.0,55.0,0,304.09,0.0,1,0.55,0.0,SPY200624P00303000,303.0,0,0.0,0.0,,0.0,expirationDay
2020-06-25,5259.0,-4.0,0.0,0,307.35,0.0,1,0.95,0.99,SPY200626P00305000,305.0,0,0.0,0.0,,0.0,normalDay
2020-06-26,5354.0,-495.0,95.0,100,300.05,305.0,1,0.95,0.0,SPY200626P00305000,305.0,0,0.0,0.0,,0.0,expirationDay
2020-06-29,5354.0,-57.0,0.0,100,304.46,305.0,0,0.0,0.0,,0.0,1,0.07,0.1,SPY200710C00330000,330.0,normalDay
2020-06-30,5354.0,328.0,0.0,100,308.36,305.0,0,0.0,0.0,,0.0,1,0.07,0.15,SPY200710C00330000,330.0,normalDay
2020-07-01,5354.0,549.0,0.0,100,310.52,305.0,0,0.0,0.0,,0.0,1,0.07,0.1,SPY200710C00330000,330.0,normalDay
2020-07-02,5354.0,726.0,0.0,100,312.23,305.0,0,0.0,0.0,,0.0,1,0.07,0.04,SPY200710C00330000,330.0,normalDay
2020-07-06,5354.0,1203.0,0.0,100,317.05,305.0,0,0.0,0.0,,0.0,1,0.07,0.09,SPY200710C00330000,330.0,normalDay
2020-07-07,5354.0,881.0,0.0,100,313.78,305.0,0,0.0,0.0,,0.0,1,0.07,0.04,SPY200710C00330000,330.0,normalDay
2020-07-08,5354.0,1124.0,0.0,100,316.18,305.0,0,0.0,0.0,,0.0,1,0.07,0.01,SPY200710C00330000,330.0,normalDay
2020-07-09,5354.0,944.0,0.0,100,314.38,305.0,0,0.0,0.0,,0.0,1,0.07,0.01,SPY200710C00330000,330.0,normalDay
2020-07-10,5361.0,1259.0,7.0,100,317.59,305.0,0,0.0,0.0,,0.0,1,0.07,0.0,SPY200710C00330000,330.0,expirationDay
2020-07-13,5361.0,980.0,0.0,100,314.84,305.0,0,0.0,0.0,,0.0,1,1.33,1.37,SPY200724C00325000,325.0,normalDay
2020-07-14,5361.0,1326.0,0.0,100,318.92,305.0,0,0.0,0.0,,0.0,1,1.33,1.99,SPY200724C00325000,325.0,normalDay
2020-07-15,5361.0,1530.0,0.0,100,321.85,305.0,0,0.0,0.0,,0.0,1,1.33,2.88,SPY200724C00325000,325.0,normalDay
2020-07-16,5361.0,1538.0,0.0,100,320.79,305.0,0,0.0,0.0,,0.0,1,1.33,1.74,SPY200724C00325000,325.0,normalDay
2020-07-17,5361.0,1620.0,0.0,100,321.72,305.0,0,0.0,0.0,,0.0,1,1.33,1.85,SPY200724C00325000,325.0,normalDay
2020-07-20,5361.0,1825.0,0.0,100,324.32,305.0,0,0.0,0.0,,0.0,1,1.33,2.4,SPY200724C00325000,325.0,normalDay
2020-07-21,5361.0,1884.0,0.0,100,325.01,305.0,0,0.0,0.0,,0.0,1,1.33,2.5,SPY200724C00325000,325.0,normalDay
2020-07-22,5361.0,2034.0,0.0,100,326.86,305.0,0,0.0,0.0,,0.0,1,1.33,2.85,SPY200724C00325000,325.0,normalDay
2020-07-23,5361.0,1881.0,0.0,100,322.96,305.0,0,0.0,0.0,,0.0,1,1.33,0.48,SPY200724C00325000,325.0,normalDay
2020-07-24,5494.0,1588.0,133.0,100,320.88,305.0,0,0.0,0.0,,0.0,1,1.33,0.0,SPY200724C00325000,325.0,expirationDay
2020-07-27,5494.0,1818.0,0.0,100,323.22,305.0,0,0.0,0.0,,0.0,1,0.31,0.35,SPY200807C00336000,336.0,normalDay
2020-07-28,5494.0,1628.0,0.0,100,321.17,305.0,0,0.0,0.0,,0.0,1,0.31,0.2,SPY200807C00336000,336.0,normalDay
2020-07-29,5494.0,2004.0,0.0,100,325.12,305.0,0,0.0,0.0,,0.0,1,0.31,0.39,SPY200807C00336000,336.0,normalDay
2020-07-30,5494.0,1898.0,0.0,100,323.96,305.0,0,0.0,0.0,,0.0,1,0.31,0.29,SPY200807C00336000,336.0,normalDay
2020-07-31,5494.0,2161.0,0.0,100,326.52,305.0,0,0.0,0.0,,0.0,1,0.31,0.22,SPY200807C00336000,336.0,normalDay
2020-08-03,5494.0,2386.0,0.0,100,328.79,305.0,0,0.0,0.0,,0.0,1,0.31,0.24,SPY200807C00336000,336.0,normalDay
2020-08-04,5494.0,2514.0,0.0,100,330.06,305.0,0,0.0,0.0,,0.0,1,0.31,0.23,SPY200807C00336000,336.0,normalDay
2020-08-05,5494.0,2715.0,0.0,100,332.11,305.0,0,0.0,0.0,,0.0,1,0.31,0.27,SPY200807C00336000,336.0,normalDay
2020-08-06,5494.0,2902.0,0.0,100,334.33,305.0,0,0.0,0.0,,0.0,1,0.31,0.62,SPY200807C00336000,336.0,normalDay
2020-08-07,5525.0,2957.0,31.0,100,334.57,305.0,0,0.0,0.0,,0.0,1,0.31,0.0,SPY200807C00336000,336.0,expirationDay
2020-08-10,5525.0,3053.0,0.0,100,335.57,305.0,0,0.0,0.0,,0.0,1,0.94,0.98,SPY200821C00342000,342.0,normalDay
2020-08-11,5525.0,2805.0,0.0,100,332.8,305.0,0,0.0,0.0,,0.0,1,0.94,0.69,SPY200821C00342000,342.0,normalDay
2020-08-12,5525.0,3210.0,0.0,100,337.44,305.0,0,0.0,0.0,,0.0,1,0.94,1.28,SPY200821C00342000,342.0,normalDay
2020-08-13,5525.0,3192.0,0.0,100,336.83,305.0,0,0.0,0.0,,0.0,1,0.94,0.85,SPY200821C00342000,342.0,normalDay
2020-08-14,5525.0,3220.0,0.0,100,336.84,305.0,0,0.0,0.0,,0.0,1,0.94,0.58,SPY200821C00342000,342.0,normalDay
2020-08-17,5525.0,3339.0,0.0,100,337.91,305.0,0,0.0,0.0,,0.0,1,0.94,0.46,SPY200821C00342000,342.0,normalDay
2020-08-18,5525.0,3412.0,0.0,100,338.64,305.0,0,0.0,0.0,,0.0,1,0.94,0.46,SPY200821C00342000,342.0,normalDay
2020-08-19,5525.0,3301.0,0.0,100,337.23,305.0,0,0.0,0.0,,0.0,1,0.94,0.16,SPY200821C00342000,342.0,normalDay
2020-08-20,5525.0,3416.0,0.0,100,338.28,305.0,0,0.0,0.0,,0.0,1,0.94,0.06,SPY200821C00342000,342.0,normalDay
2020-08-21,5619.0,3448.0,94.0,100,339.48,305.0,0,0.0,0.0,,0.0,1,0.94,0.0,SPY200821C00342000,342.0,expirationDay
2020-08-24,5619.0,3788.0,0.0,100,342.92,305.0,0,0.0,0.0,,0.0,1,0.41,0.45,SPY200904C00352000,352.0,normalDay
2020-08-25,5619.0,3899.0,0.0,100,344.12,305.0,0,0.0,0.0,,0.0,1,0.41,0.54,SPY200904C00352000,352.0,normalDay
2020-08-26,5619.0,4140.0,0.0,100,347.57,305.0,0,0.0,0.0,,0.0,1,0.41,1.58,SPY200904C00352000,352.0,normalDay
2020-08-27,5619.0,4189.0,0.0,100,348.33,305.0,0,0.0,0.0,,0.0,1,0.41,1.85,SPY200904C00352000,352.0,normalDay
2020-08-28,5619.0,4398.0,0.0,100,350.58,305.0,0,0.0,0.0,,0.0,1,0.41,2.01,SPY200904C00352000,352.0,normalDay
2020-08-31,5619.0,4319.0,0.0,100,349.31,305.0,0,0.0,0.0,,0.0,1,0.41,1.53,SPY200904C00352000,352.0,normalDay
2020-09-01,5619.0,4555.0,0.0,100,352.6,305.0,0,0.0,0.0,,0.0,1,0.41,2.46,SPY200904C00352000,352.0,normalDay
2020-09-02,5619.0,4667.0,0.0,100,357.7,305.0,0,0.0,0.0,,0.0,1,0.41,6.44,SPY200904C00352000,352.0,normalDay
2020-09-03,5619.0,4035.0,0.0,100,345.39,305.0,0,0.0,0.0,,0.0,1,0.41,0.45,SPY200904C00352000,352.0,normalDay
2020-09-04,5660.0,3757.0,41.0,100,342.57,305.0,0,0.0,0.0,,0.0,1,0.41,0.0,SPY200904C00352000,352.0,expirationDay
2020-09-08,5660.0,2817.0,0.0,100,333.21,305.0,0,0.0,0.0,,0.0,1,0.07,0.11,SPY200918C00364000,364.0,normalDay
2020-09-09,5660.0,3472.0,0.0,100,339.79,305.0,0,0.0,0.0,,0.0,1,0.07,0.14,SPY200918C00364000,364.0,normalDay
2020-09-10,5660.0,2890.0,0.0,100,333.89,305.0,0,0.0,0.0,,0.0,1,0.07,0.06,SPY200918C00364000,364.0,normalDay
2020-09-11,5660.0,2910.0,0.0,100,334.06,305.0,0,0.0,0.0,,0.0,1,0.07,0.03,SPY200918C00364000,364.0,normalDay
2020-09-14,5660.0,3352.0,0.0,100,338.46,305.0,0,0.0,0.0,,0.0,1,0.07,0.01,SPY200918C00364000,364.0,normalDay
2020-09-15,5660.0,3523.0,0.0,100,340.17,305.0,0,0.0,0.0,,0.0,1,0.07,0.01,SPY200918C00364000,364.0,normalDay
2020-09-16,5660.0,3388.0,0.0,100,338.82,305.0,0,0.0,0.0,,0.0,1,0.07,0.01,SPY200918C00364000,364.0,normalDay
2020-09-17,5660.0,3090.0,0.0,100,335.84,305.0,0,0.0,0.0,,0.0,1,0.07,0.01,SPY200918C00364000,364.0,normalDay
2020-09-18,5667.0,2565.0,7.0,100,330.65,305.0,0,0.0,0.0,,0.0,1,0.07,0.0,SPY200918C00364000,364.0,expirationDay
2020-09-21,5667.0,2194.0,0.0,100,326.97,305.0,0,0.0,0.0,,0.0,1,0.01,0.04,SPY201002C00366000,366.0,normalDay
2020-09-22,5667.0,2528.0,0.0,100,330.3,305.0,0,0.0,0.0,,0.0,1,0.01,0.03,SPY201002C00366000,366.0,normalDay
2020-09-23,5667.0,1763.0,0.0,100,322.64,305.0,0,0.0,0.0,,0.0,1,0.01,0.02,SPY201002C00366000,366.0,normalDay
2020-09-24,5667.0,1850.0,0.0,100,323.5,305.0,0,0.0,0.0,,0.0,1,0.01,0.01,SPY201002C00366000,366.0,normalDay
2020-09-25,5667.0,2373.0,0.0,100,328.73,305.0,0,0.0,0.0,,0.0,1,0.01,0.01,SPY201002C00366000,366.0,normalDay
2020-09-28,5667.0,2919.0,0.0,100,334.19,305.0,0,0.0,0.0,,0.0,1,0.01,0.01,SPY201002C00366000,366.0,normalDay
2020-09-29,5667.0,2737.0,0.0,100,332.37,305.0,0,0.0,0.0,,0.0,1,0.01,0.01,SPY201002C00366000,366.0,normalDay
2020-09-30,5667.0,2989.0,0.0,100,334.89,305.0,0,0.0,0.0,,0.0,1,0.01,0.01,SPY201002C00366000,366.0,normalDay
2020-10-01,5667.0,3204.0,0.0,100,337.04,305.0,0,0.0,0.0,,0.0,1,0.01,0.01,SPY201002C00366000,366.0,normalDay
2020-10-02,5668.0,2884.0,1.0,100,333.84,305.0,0,0.0,0.0,,0.0,1,0.01,0.0,SPY201002C00366000,366.0,expirationDay
2020-10-05,5668.0,3473.0,0.0,100,339.76,305.0,0,0.0,0.0,,0.0,1,1.38,1.41,SPY201016C00349000,349.0,normalDay
2020-10-06,5668.0,3073.0,0.0,100,334.93,305.0,0,0.0,0.0,,0.0,1,1.38,0.58,SPY201016C00349000,349.0,normalDay
2020-10-07,5668.0,3595.0,0.0,100,340.76,305.0,0,0.0,0.0,,0.0,1,1.38,1.19,SPY201016C00349000,349.0,normalDay
2020-10-08,5668.0,3874.0,0.0,100,343.78,305.0,0,0.0,0.0,,0.0,1,1.38,1.42,SPY201016C00349000,349.0,normalDay
2020-10-09,5668.0,4100.0,0.0,100,346.85,305.0,0,0.0,0.0,,0.0,1,1.38,2.23,SPY201016C00349000,349.0,normalDay
2020-10-12,5668.0,4371.0,0.0,100,352.43,305.0,0,0.0,0.0,,0.0,1,1.38,5.1,SPY201016C00349000,349.0,normalDay
2020-10-13,5668.0,4319.0,0.0,100,350.13,305.0,0,0.0,0.0,,0.0,1,1.38,3.32,SPY201016C00349000,349.0,normalDay
2020-10-14,5668.0,4262.0,0.0,100,347.93,305.0,0,0.0,0.0,,0.0,1,1.38,1.69,SPY201016C00349000,349.0,normalDay
2020-10-15,5668.0,4305.0,0.0,100,347.5,305.0,0,0.0,0.0,,0.0,1,1.38,0.83,SPY201016C00349000,349.0,normalDay
2020-10-16,5806.0,4229.0,138.0,100,347.29,305.0,0,0.0,0.0,,0.0,1,1.38,0.0,SPY201016C00349000,349.0,expirationDay
2020-10-19,5806.0,3698.0,0.0,100,342.01,305.0,0,0.0,0.0,,0.0,1,0.11,0.14,SPY201030C00366000,366.0,normalDay
2020-10-20,5806.0,3834.0,0.0,100,343.38,305.0,0,0.0,0.0,,0.0,1,0.11,0.15,SPY201030C00366000,366.0,normalDay
2020-10-21,5806.0,3775.0,0.0,100,342.73,305.0,0,0.0,0.0,,0.0,1,0.11,0.09,SPY201030C00366000,366.0,normalDay
2020-10-22,5806.0,3965.0,0.0,100,344.61,305.0,0,0.0,0.0,,0.0,1,0.11,0.07,SPY201030C00366000,366.0,normalDay
2020-10-23,5806.0,4087.0,0.0,100,345.78,305.0,0,0.0,0.0,,0.0,1,0.11,0.02,SPY201030C00366000,366.0,normalDay
2020-10-26,5806.0,3448.0,0.0,100,339.39,305.0,0,0.0,0.0,,0.0,1,0.11,0.02,SPY201030C00366000,366.0,normalDay
2020-10-27,5806.0,3332.0,0.0,100,338.22,305.0,0,0.0,0.0,,0.0,1,0.11,0.01,SPY201030C00366000,366.0,normalDay
2020-10-28,5806.0,2176.0,0.0,100,326.66,305.0,0,0.0,0.0,,0.0,1,0.11,0.01,SPY201030C00366000,366.0,normalDay
2020-10-29,5806.0,2508.0,0.0,100,329.98,305.0,0,0.0,0.0,,0.0,1,0.11,0.01,SPY201030C00366000,366.0,normalDay
2020-10-30,5817.0,2154.0,11.0,100,326.54,305.0,0,0.0,0.0,,0.0,1,0.11,0.0,SPY201030C00366000,366.0,expirationDay
2020-11-02,5817.0,2516.0,0.0,100,330.2,305.0,0,0.0,0.0,,0.0,1,0.1,0.14,SPY201113C00365000,365.0,normalDay
2020-11-03,5817.0,3084.0,0.0,100,336.03,305.0,0,0.0,0.0,,0.0,1,0.1,0.29,SPY201113C00365000,365.0,normalDay
2020-11-04,5817.0,3848.0,0.0,100,343.54,305.0,0,0.0,0.0,,0.0,1,0.1,0.16,SPY201113C00365000,365.0,normalDay
2020-11-05,5817.0,4489.0,0.0,100,350.24,305.0,0,0.0,0.0,,0.0,1,0.1,0.45,SPY201113C00365000,365.0,normalDay
2020-11-06,5817.0,4506.0,0.0,100,350.16,305.0,0,0.0,0.0,,0.0,1,0.1,0.2,SPY201113C00365000,365.0,normalDay
2020-11-09,5817.0,4898.0,0.0,100,354.56,305.0,0,0.0,0.0,,0.0,1,0.1,0.68,SPY201113C00365000,365.0,normalDay
2020-11-10,5817.0,4891.0,0.0,100,354.04,305.0,0,0.0,0.0,,0.0,1,0.1,0.23,SPY201113C00365000,365.0,normalDay
2020-11-11,5817.0,5165.0,0.0,100,356.67,305.0,0,0.0,0.0,,0.0,1,0.1,0.12,SPY201113C00365000,365.0,normalDay
2020-11-12,5817.0,4829.0,0.0,100,353.21,305.0,0,0.0,0.0,,0.0,1,0.1,0.02,SPY201113C00365000,365.0,normalDay
2020-11-13,5827.0,5310.0,10.0,100,358.1,305.0,0,0.0,0.0,,0.0,1,0.1,0.0,SPY201113C00365000,365.0,expirationDay
2020-11-16,5827.0,5754.0,0.0,100,362.57,305.0,0,0.0,0.0,,0.0,1,0.17,0.2,SPY201127C00378000,378.0,normalDay
2020-11-17,5827.0,5569.0,0.0,100,360.62,305.0,0,0.0,0.0,,0.0,1,0.17,0.1,SPY201127C00378000,378.0,normalDay
2020-11-18,5827.0,5141.0,0.0,100,356.28,305.0,0,0.0,0.0,,0.0,1,0.17,0.04,SPY201127C00378000,378.0,normalDay
2020-11-19,5827.0,5292.0,0.0,100,357.78,305.0,0,0.0,0.0,,0.0,1,0.17,0.03,SPY201127C00378000,378.0,normalDay
2020-11-20,5827.0,5047.0,0.0,100,355.33,305.0,0,0.0,0.0,,0.0,1,0.17,0.03,SPY201127C00378000,378.0,normalDay
2020-11-23,5827.0,5261.0,0.0,100,357.46,305.0,0,0.0,0.0,,0.0,1,0.17,0.02,SPY201127C00378000,378.0,normalDay
2020-11-24,5827.0,5837.0,0.0,100,363.22,305.0,0,0.0,0.0,,0.0,1,0.17,0.02,SPY201127C00378000,378.0,normalDay
2020-11-25,5827.0,5782.0,0.0,100,362.66,305.0,0,0.0,0.0,,0.0,1,0.17,0.01,SPY201127C00378000,378.0,normalDay
2020-11-27,5844.0,5867.0,17.0,100,363.67,305.0,0,0.0,0.0,,0.0,1,0.17,0.0,SPY201127C00378000,378.0,expirationDay
2020-11-30,5844.0,5703.0,0.0,100,362.06,305.0,0,0.0,0.0,,0.0,1,0.09,0.12,SPY201211C00382000,382.0,normalDay
2020-12-01,5844.0,6091.0,0.0,100,366.02,305.0,0,0.0,0.0,,0.0,1,0.09,0.2,SPY201211C00382000,382.0,normalDay
2020-12-02,5844.0,6169.0,0.0,100,366.79,305.0,0,0.0,0.0,,0.0,1,0.09,0.19,SPY201211C00382000,382.0,normalDay
2020-12-03,5844.0,6164.0,0.0,100,366.69,305.0,0,0.0,0.0,,0.0,1,0.09,0.14,SPY201211C00382000,382.0,normalDay
2020-12-04,5844.0,6481.0,0.0,100,369.85,305.0,0,0.0,0.0,,0.0,1,0.09,0.13,SPY201211C00382000,382.0,normalDay
2020-12-07,5844.0,6414.0,0.0,100,369.09,305.0,0,0.0,0.0,,0.0,1,0.09,0.04,SPY201211C00382000,382.0,normalDay
2020-12-08,5844.0,6522.0,0.0,100,370.17,305.0,0,0.0,0.0,,0.0,1,0.09,0.04,SPY201211C00382000,382.0,normalDay
2020-12-09,5844.0,6192.0,0.0,100,366.85,305.0,0,0.0,0.0,,0.0,1,0.09,0.02,SPY201211C00382000,382.0,normalDay
2020-12-10,5844.0,6181.0,0.0,100,366.73,305.0,0,0.0,0.0,,0.0,1,0.09,0.01,SPY201211C00382000,382.0,normalDay
2020-12-11,5853.0,6130.0,9.0,100,366.3,305.0,0,0.0,0.0,,0.0,1,0.09,0.0,SPY201211C00382000,382.0,expirationDay
2020-12-14,5853.0,5963.0,0.0,100,364.66,305.0,0,0.0,0.0,,0.0,1,0.24,0.27,SPY201224C00377000,377.0,normalDay
2020-12-15,5853.0,6438.0,0.0,100,369.59,305.0,0,0.0,0.0,,0.0,1,0.24,0.45,SPY201224C00377000,377.0,normalDay
2020-12-16,5853.0,6495.0,0.0,100,370.17,305.0,0,0.0,0.0,,0.0,1,0.24,0.46,SPY201224C00377000,377.0,normalDay
2020-12-17,5853.0,6690.0,0.0,100,372.24,305.0,0,0.0,0.0,,0.0,1,0.24,0.58,SPY201224C00377000,377.0,normalDay
2020-12-18,5853.0,6417.0,0.0,100,369.18,305.0,0,0.0,0.0,,0.0,1,0.24,0.25,SPY201224C00377000,377.0,normalDay
2020-12-21,5853.0,6299.0,0.0,100,367.86,305.0,0,0.0,0.0,,0.0,1,0.24,0.11,SPY201224C00377000,377.0,normalDay
2020-12-22,5853.0,6245.0,0.0,100,367.24,305.0,0,0.0,0.0,,0.0,1,0.24,0.03,SPY201224C00377000,377.0,normalDay
2020-12-23,5853.0,6280.0,0.0,100,367.57,305.0,0,0.0,0.0,,0.0,1,0.24,0.01,SPY201224C00377000,377.0,normalDay
2020-12-24,5877.0,6400.0,24.0,100,369.0,305.0,0,0.0,0.0,,0.0,1,0.24,0.0,SPY201224C00377000,377.0,expirationDay
2020-12-28,5877.0,6713.0,0.0,100,372.17,305.0,0,0.0,0.0,,0.0,1,2.25,2.29,SPY210108C00376000,376.0,normalDay
2020-12-29,5877.0,6667.0,0.0,100,371.46,305.0,0,0.0,0.0,,0.0,1,2.25,2.04,SPY210108C00376000,376.0,normalDay
2020-12-30,5877.0,6733.0,0.0,100,371.99,305.0,0,0.0,0.0,,0.0,1,2.25,1.91,SPY210108C00376000,376.0,normalDay
2020-12-31,5877.0,6850.0,0.0,100,373.88,305.0,0,0.0,0.0,,0.0,1,2.25,2.63,SPY210108C00376000,376.0,normalDay
2021-01-04,5877.0,6505.0,0.0,100,368.79,305.0,0,0.0,0.0,,0.0,1,2.25,0.99,SPY210108C00376000,376.0,normalDay
2021-01-05,5877.0,6742.0,0.0,100,371.33,305.0,0,0.0,0.0,,0.0,1,2.25,1.16,SPY210108C00376000,376.0,normalDay
2021-01-06,5877.0,6927.0,0.0,100,373.55,305.0,0,0.0,0.0,,0.0,1,2.25,1.53,SPY210108C00376000,376.0,normalDay
2021-01-07,5877.0,7295.0,0.0,100,379.1,305.0,0,0.0,0.0,,0.0,1,2.25,3.4,SPY210108C00376000,376.0,normalDay
2021-01-08,13202.0,7295.0,7325.0,0,381.26,0.0,0,0.0,0.0,,0.0,1,2.25,0.0,SPY210108C00376000,376.0,expirationDay
2021-01-11,13202.0,-3.0,0.0,0,378.69,0.0,1,0.18,0.21,SPY210113P00367000,367.0,0,0.0,0.0,,0.0,normalDay
2021-01-12,13202.0,12.0,0.0,0,378.77,0.0,1,0.18,0.06,SPY210113P00367000,367.0,0,0.0,0.0,,0.0,normalDay
2021-01-13,13220.0,0.0,18.0,0,379.79,0.0,1,0.18,0.0,SPY210113P00367000,367.0,0,0.0,0.0,,0.0,expirationDay
2021-01-14,13220.0,-3.0,0.0,0,378.46,0.0,1,0.09,0.12,SPY210115P00369000,369.0,0,0.0,0.0,,0.0,normalDay
2021-01-15,13229.0,0.0,9.0,0,375.7,0.0,1,0.09,0.0,SPY210115P00369000,369.0,0,0.0,0.0,,0.0,expirationDay
2021-01-19,13229.0,-3.0,0.0,0,378.65,0.0,1,0.06,0.09,SPY210120P00369000,369.0,0,0.0,0.0,,0.0,normalDay
2021-01-20,13235.0,0.0,6.0,0,383.89,0.0,1,0.06,0.0,SPY210120P00369000,369.0,0,0.0,0.0,,0.0,expirationDay
2021-01-21,13235.0,0.0,0.0,0,384.24,0.0,0,0.0,0.0,,0.0,0,0.0,0.0,,0.0,bidTooLow
2021-01-22,13235.0,0.0,0.0,0,382.88,0.0,0,0.0,0.0,,0.0,0,0.0,0.0,,0.0,bidTooLow
2021-01-25,13235.0,-3.0,0.0,0,384.39,0.0,1,0.12,0.15,SPY210127P00372000,372.0,0,0.0,0.0,,0.0,normalDay
2021-01-26,13235.0,6.0,0.0,0,383.79,0.0,1,0.12,0.06,SPY210127P00372000,372.0,0,0.0,0.0,,0.0,normalDay
2021-01-27,13247.0,0.0,12.0,0,374.41,0.0,1,0.12,0.0,SPY210127P00372000,372.0,0,0.0,0.0,,0.0,expirationDay
2021-01-28,13247.0,-5.0,0.0,0,377.63,0.0,1,0.74,0.79,SPY210129P00373000,373.0,0,0.0,0.0,,0.0,normalDay
2021-01-29,13321.0,-293.0,74.0,100,370.07,373.0,1,0.74,0.0,SPY210129P00373000,373.0,0,0.0,0.0,,0.0,expirationDay
2021-02-01,13321.0,319.0,0.0,100,376.23,373.0,0,0.0,0.0,,0.0,1,0.32,0.36,SPY210212C00392500,392.5,normalDay
2021-02-02,13321.0,819.0,0.0,100,381.55,373.0,0,0.0,0.0,,0.0,1,0.32,0.68,SPY210212C00392500,392.5,normalDay
2021-02-03,13321.0,877.0,0.0,100,381.85,373.0,0,0.0,0.0,,0.0,1,0.32,0.4,SPY210212C00392500,392.5,normalDay
2021-02-04,13321.0,1275.0,0.0,100,386.19,373.0,0,0.0,0.0,,0.0,1,0.32,0.76,SPY210212C00392500,392.5,normalDay
2021-02-05,13321.0,1419.0,0.0,100,387.71,373.0,0,0.0,0.0,,0.0,1,0.32,0.84,SPY210212C00392500,392.5,normalDay
2021-02-08,13321.0,1652.0,0.0,100,390.51,373.0,0,0.0,0.0,,0.0,1,0.32,1.31,SPY210212C00392500,392.5,normalDay
2021-02-09,13321.0,1648.0,0.0,100,390.25,373.0,0,0.0,0.0,,0.0,1,0.32,1.09,SPY210212C00392500,392.5,normalDay
2021-02-10,13321.0,1653.0,0.0,100,390.08,373.0,0,0.0,0.0,,0.0,1,0.32,0.87,SPY210212C00392500,392.5,normalDay
2021-02-11,13321.0,1767.0,0.0,100,390.71,373.0,0,0.0,0.0,,0.0,1,0.32,0.36,SPY210212C00392500,392.5,normalDay
2021-02-12,15303.0,1767.0,1982.0,0,392.64,0.0,0,0.0,0.0,,0.0,1,0.32,0.0,SPY210212C00392500,392.5,expirationDay
2021-02-16,15303.0,-3.0,0.0,0,392.3,0.0,1,0.03,0.06,SPY210217P00378000,378.0,0,0.0,0.0,,0.0,normalDay
2021-02-17,15306.0,0.0,3.0,0,392.39,0.0,1,0.03,0.0,SPY210217P00378000,378.0,0,0.0,0.0,,0.0,expirationDay
2021-02-18,15306.0,-3.0,0.0,0,390.72,0.0,1,0.03,0.06,SPY210219P00378000,378.0,0,0.0,0.0,,0.0,normalDay
2021-02-19,15309.0,0.0,3.0,0,390.03,0.0,1,0.03,0.0,SPY210219P00378000,378.0,0,0.0,0.0,,0.0,expirationDay
2021-02-22,15309.0,-3.0,0.0,0,387.03,0.0,1,0.31,0.34,SPY210224P00379000,379.0,0,0.0,0.0,,0.0,normalDay
2021-02-23,15309.0,19.0,0.0,0,387.5,0.0,1,0.31,0.12,SPY210224P00379000,379.0,0,0.0,0.0,,0.0,normalDay
2021-02-24,15340.0,0.0,31.0,0,391.77,0.0,1,0.31,0.0,SPY210224P00379000,379.0,0,0.0,0.0,,0.0,expirationDay
2021-02-25,15340.0,-4.0,0.0,0,382.33,0.0,1,1.35,1.39,SPY210226P00380000,380.0,0,0.0,0.0,,0.0,normalDay
2021-02-26,15475.0,0.0,135.0,0,380.36,0.0,1,1.35,0.0,SPY210226P00380000,380.0,0,0.0,0.0,,0.0,expirationDay
2021-03-01,15475.0,-3.0,0.0,0,389.58,0.0,1,0.68,0.71,SPY210303P00383000,383.0,0,0.0,0.0,,0.0,normalDay
2021-03-02,15475.0,-19.0,0.0,0,386.54,0.0,1,0.68,0.87,SPY210303P00383000,383.0,0,0.0,0.0,,0.0,normalDay
2021-03-03,15543.0,-158.0,68.0,100,381.42,383.0,1,0.68,0.0,SPY210303P00383000,383.0,0,0.0,0.0,,0.0,expirationDay
2021-03-04,15543.0,-633.0,0.0,100,376.7,383.0,0,0.0,0.0,,0.0,1,0.04,0.07,SPY210315C00402000,402.0,normalDay
2021-03-05,15543.0,57.0,0.0,100,383.63,383.0,0,0.0,0.0,,0.0,1,0.04,0.1,SPY210315C00402000,402.0,normalDay
2021-03-08,15543.0,-130.0,0.0,100,381.72,383.0,0,0.0,0.0,,0.0,1,0.04,0.06,SPY210315C00402000,402.0,normalDay
2021-03-09,15543.0,411.0,0.0,100,387.17,383.0,0,0.0,0.0,,0.0,1,0.04,0.1,SPY210315C00402000,402.0,normalDay
2021-03-10,15543.0,653.0,0.0,100,389.58,383.0,0,0.0,0.0,,0.0,1,0.04,0.09,SPY210315C00402000,402.0,normalDay
2021-03-11,15543.0,1045.0,0.0,100,393.53,383.0,0,0.0,0.0,,0.0,1,0.04,0.12,SPY210315C00402000,402.0,normalDay
2021-03-12,15543.0,1106.0,0.0,100,394.06,383.0,0,0.0,0.0,,0.0,1,0.04,0.04,SPY210315C00402000,402.0,normalDay
2021-03-15,15547.0,1341.0,4.0,100,396.41,383.0,0,0.0,0.0,,0.0,1,0.04,0.0,SPY210315C00402000,402.0,expirationDay
2021-03-16,15547.0,1288.0,0.0,100,395.91,383.0,0,0.0,0.0,,0.0,1,0.5,0.53,SPY210326C00405000,405.0,normalDay
2021-03-17,15547.0,1420.0,0.0,100,397.26,383.0,0,0.0,0.0,,0.0,1,0.5,0.56,SPY210326C00405000,405.0,normalDay
2021-03-18,15547.0,880.0,0.0,100,391.48,383.0,0,0.0,0.0,,0.0,1,0.5,0.18,SPY210326C00405000,405.0,normalDay
2021-03-19,15547.0,691.0,0.0,100,389.48,383.0,0,0.0,0.0,,0.0,1,0.5,0.07,SPY210326C00405000,405.0,normalDay
2021-03-22,15547.0,1004.0,0.0,100,392.59,383.0,0,0.0,0.0,,0.0,1,0.5,0.05,SPY210326C00405000,405.0,normalDay
2021-03-23,15547.0,698.0,0.0,100,389.5,383.0,0,0.0,0.0,,0.0,1,0.5,0.02,SPY210326C00405000,405.0,normalDay
2021-03-24,15547.0,501.0,0.0,100,387.52,383.0,0,0.0,0.0,,0.0,1,0.5,0.01,SPY210326C00405000,405.0,normalDay
2021-03-25,15547.0,719.0,0.0,100,389.7,383.0,0,0.0,0.0,,0.0,1,0.5,0.01,SPY210326C00405000,405.0,normalDay
2021-03-26,15597.0,1298.0,50.0,100,395.98,383.0,0,0.0,0.0,,0.0,1,0.5,0.0,SPY210326C00405000,405.0,expirationDay
2021-03-29,15597.0,1275.0,0.0,100,395.78,383.0,0,0.0,0.0,,0.0,1,0.41,0.44,SPY210409C00407500,407.5,normalDay
2021-03-30,15597.0,1195.0,0.0,100,394.73,383.0,0,0.0,0.0,,0.0,1,0.41,0.19,SPY210409C00407500,407.5,normalDay
2021-03-31,15597.0,1350.0,0.0,100,396.33,383.0,0,0.0,0.0,,0.0,1,0.41,0.24,SPY210409C00407500,407.5,normalDay
2021-04-01,15597.0,1756.0,0.0,100,400.61,383.0,0,0.0,0.0,,0.0,1,0.41,0.46,SPY210409C00407500,407.5,normalDay
2021-04-05,15597.0,2209.0,0.0,100,406.36,383.0,0,0.0,0.0,,0.0,1,0.41,1.68,SPY210409C00407500,407.5,normalDay
2021-04-06,15597.0,2226.0,0.0,100,406.12,383.0,0,0.0,0.0,,0.0,1,0.41,1.27,SPY210409C00407500,407.5,normalDay
2021-04-07,15597.0,2284.0,0.0,100,406.59,383.0,0,0.0,0.0,,0.0,1,0.41,1.16,SPY210409C00407500,407.5,normalDay
2021-04-08,15597.0,2408.0,0.0,100,408.52,383.0,0,0.0,0.0,,0.0,1,0.41,1.85,SPY210409C00407500,407.5,normalDay
2021-04-09,18088.0,2408.0,2491.0,0,411.49,0.0,0,0.0,0.0,,0.0,1,0.41,0.0,SPY210409C00407500,407.5,expirationDay
2021-04-12,18088.0,0.0,0.0,0,411.64,0.0,0,0.0,0.0,,0.0,0,0.0,0.0,,0.0,bidTooLow
2021-04-13,18088.0,0.0,0.0,0,412.86,0.0,0,0.0,0.0,,0.0,0,0.0,0.0,,0.0,bidTooLow
2021-04-14,18088.0,-3.0,0.0,0,411.45,0.0,1,0.01,0.04,SPY210416P00391000,391.0,0,0.0,0.0,,0.0,normalDay
2021-04-15,18088.0,-1.0,0.0,0,415.87,0.0,1,0.01,0.02,SPY210416P00391000,391.0,0,0.0,0.0,,0.0,normalDay
2021-04-16,18089.0,0.0,1.0,0,417.26,0.0,1,0.01,0.0,SPY210416P00391000,391.0,0,0.0,0.0,,0.0,expirationDay
2021-04-19,18089.0,0.0,0.0,0,415.21,0.0,0,0.0,0.0,,0.0,0,0.0,0.0,,0.0,bidTooLow
2021-04-20,18089.0,0.0,0.0,0,412.17,0.0,0,0.0,0.0,,0.0,0,0.0,0.0,,0.0,bidTooLow
2021-04-21,18089.0,0.0,0.0,0,416.07,0.0,0,0.0,0.0,,0.0,0,0.0,0.0,,0.0,bidTooLow
2021-04-22,18089.0,0.0,0.0,0,412.27,0.0,0,0.0,0.0,,0.0,0,0.0,0.0,,0.0,bidTooLow
2021-04-23,18089.0,0.0,0.0,0,416.74,0.0,0,0.0,0.0,,0.0,0,0.0,0.0,,0.0,bidTooLow
2021-04-26,18089.0,-3.0,0.0,0,417.61,0.0,1,0.01,0.04,SPY210428P00402000,402.0,0,0.0,0.0,,0.0,normalDay
2021-04-27,18089.0,-1.0,0.0,0,417.52,0.0,1,0.01,0.02,SPY210428P00402000,402.0,0,0.0,0.0,,0.0,normalDay
2021-04-28,18090.0,0.0,1.0,0,417.4,0.0,1,0.01,0.0,SPY210428P00402000,402.0,0,0.0,0.0,,0.0,expirationDay
2021-04-29,18090.0,0.0,0.0,0,420.06,0.0,0,0.0,0.0,,0.0,0,0.0,0.0,,0.0,bidTooLow
2021-04-30,18090.0,0.0,0.0,0,417.3,0.0,0,0.0,0.0,,0.0,0,0.0,0.0,,0.0,bidTooLow
2021-05-03,18090.0,-3.0,0.0,0,418.2,0.0,1,0.12,0.15,SPY210505P00410000,410.0,0,0.0,0.0,,0.0,normalDay
2021-05-04,18090.0,-4.0,0.0,0,415.62,0.0,1,0.12,0.16,SPY210505P00410000,410.0,0,0.0,0.0,,0.0,normalDay
2021-05-05,18102.0,0.0,12.0,0,415.75,0.0,1,0.12,0.0,SPY210505P00410000,410.0,0,0.0,0.0,,0.0,expirationDay
2021-05-06,18102.0,-3.0,0.0,0,419.07,0.0,1,0.11,0.14,SPY210507P00413000,413.0,0,0.0,0.0,,0.0,normalDay
2021-05-07,18113.0,0.0,11.0,0,422.12,0.0,1,0.11,0.0,SPY210507P00413000,413.0,0,0.0,0.0,,0.0,expirationDay
2021-05-10,18113.0,-3.0,0.0,0,417.94,0.0,1,0.96,0.99,SPY210512P00414000,414.0,0,0.0,0.0,,0.0,normalDay
2021-05-11,18113.0,-76.0,0.0,0,414.21,0.0,1,0.96,1.72,SPY210512P00414000,414.0,0,0.0,0.0,,0.0,normalDay
2021-05-12,18209.0,-859.0,96.0,100,405.41,414.0,1,0.96,0.0,SPY210512P00414000,414.0,0,0.0,0.0,,0.0,expirationDay
2021-05-13,18209.0,-375.0,0.0,100,410.28,414.0,0,0.0,0.0,,0.0,1,0.12,0.15,SPY210524C00427000,427.0,normalDay
2021-05-14,18209.0,243.0,0.0,100,416.58,414.0,0,0.0,0.0,,0.0,1,0.12,0.27,SPY210524C00427000,427.0,normalDay
2021-05-17,18209.0,155.0,0.0,100,415.52,414.0,0,0.0,0.0,,0.0,1,0.12,0.09,SPY210524C00427000,427.0,normalDay
2021-05-18,18209.0,-198.0,0.0,100,411.94,414.0,0,0.0,0.0,,0.0,1,0.12,0.04,SPY210524C00427000,427.0,normalDay
2021-05-19,18209.0,-305.0,0.0,100,410.86,414.0,0,0.0,0.0,,0.0,1,0.12,0.03,SPY210524C00427000,427.0,normalDay
2021-05-20,18209.0,137.0,0.0,100,415.28,414.0,0,0.0,0.0,,0.0,1,0.12,0.03,SPY210524C00427000,427.0,normalDay
2021-05-21,18209.0,105.0,0.0,100,414.94,414.0,0,0.0,0.0,,0.0,1,0.12,0.01,SPY210524C00427000,427.0,normalDay
2021-05-24,18221.0,517.0,12.0,100,419.17,414.0,0,0.0,0.0,,0.0,1,0.12,0.0,SPY210524C00427000,427.0,expirationDay
2021-05-25,18221.0,421.0,0.0,100,418.24,414.0,0,0.0,0.0,,0.0,1,0.23,0.26,SPY210604C00428000,428.0,normalDay
2021-05-26,18221.0,513.0,0.0,100,419.07,414.0,0,0.0,0.0,,0.0,1,0.23,0.17,SPY210604C00428000,428.0,normalDay
2021-05-27,18221.0,537.0,0.0,100,419.29,414.0,0,0.0,0.0,,0.0,1,0.23,0.15,SPY210604C00428000,428.0,normalDay
2021-05-28,18221.0,616.0,0.0,100,420.04,414.0,0,0.0,0.0,,0.0,1,0.23,0.11,SPY210604C00428000,428.0,normalDay
2021-06-01,18221.0,584.0,0.0,100,419.67,414.0,0,0.0,0.0,,0.0,1,0.23,0.06,SPY210604C00428000,428.0,normalDay
2021-06-02,18221.0,653.0,0.0,100,420.33,414.0,0,0.0,0.0,,0.0,1,0.23,0.03,SPY210604C00428000,428.0,normalDay
2021-06-03,18221.0,499.0,0.0,100,418.77,414.0,0,0.0,0.0,,0.0,1,0.23,0.01,SPY210604C00428000,428.0,normalDay
2021-06-04,18244.0,860.0,23.0,100,422.6,414.0,0,0.0,0.0,,0.0,1,0.23,0.0,SPY210604C00428000,428.0,expirationDay
2021-06-07,18244.0,816.0,0.0,100,422.19,414.0,0,0.0,0.0,,0.0,1,0.42,0.45,SPY210618C00430000,430.0,normalDay
2021-06-08,18244.0,821.0,0.0,100,422.28,414.0,0,0.0,0.0,,0.0,1,0.42,0.49,SPY210618C00430000,430.0,normalDay
2021-06-09,18244.0,760.0,0.0,100,421.65,414.0,0,0.0,0.0,,0.0,1,0.42,0.47,SPY210618C00430000,430.0,normalDay
2021-06-10,18244.0,964.0,0.0,100,423.61,414.0,0,0.0,0.0,,0.0,1,0.42,0.39,SPY210618C00430000,430.0,normalDay
2021-06-11,18244.0,1044.0,0.0,100,424.31,414.0,0,0.0,0.0,,0.0,1,0.42,0.29,SPY210618C00430000,430.0,normalDay
2021-06-14,18244.0,1129.0,0.0,100,425.26,414.0,0,0.0,0.0,,0.0,1,0.42,0.39,SPY210618C00430000,430.0,normalDay
2021-06-15,18244.0,1065.0,0.0,100,424.48,414.0,0,0.0,0.0,,0.0,1,0.42,0.25,SPY210618C00430000,430.0,normalDay
2021-06-16,18244.0,846.0,0.0,100,422.11,414.0,0,0.0,0.0,,0.0,1,0.42,0.07,SPY210618C00430000,430.0,normalDay
2021-06-17,18244.0,837.0,0.0,100,421.97,414.0,0,0.0,0.0,,0.0,1,0.42,0.02,SPY210618C00430000,430.0,normalDay
2021-06-18,18286.0,92.0,42.0,100,414.92,414.0,0,0.0,0.0,,0.0,1,0.42,0.0,SPY210618C00430000,430.0,expirationDay
2021-06-21,18286.0,683.0,0.0,100,420.86,414.0,0,0.0,0.0,,0.0,1,0.45,0.48,SPY210702C00429000,429.0,normalDay
2021-06-22,18286.0,895.0,0.0,100,423.11,414.0,0,0.0,0.0,,0.0,1,0.45,0.61,SPY210702C00429000,429.0,normalDay
2021-06-23,18286.0,860.0,0.0,100,422.6,414.0,0,0.0,0.0,,0.0,1,0.45,0.45,SPY210702C00429000,429.0,normalDay
2021-06-24,18286.0,1080.0,0.0,100,425.1,414.0,0,0.0,0.0,,0.0,1,0.45,0.75,SPY210702C00429000,429.0,normalDay
2021-06-25,18286.0,1217.0,0.0,100,426.61,414.0,0,0.0,0.0,,0.0,1,0.45,0.89,SPY210702C00429000,429.0,normalDay
2021-06-28,18286.0,1308.0,0.0,100,427.47,414.0,0,0.0,0.0,,0.0,1,0.45,0.84,SPY210702C00429000,429.0,normalDay
2021-06-29,18286.0,1329.0,0.0,100,427.7,414.0,0,0.0,0.0,,0.0,1,0.45,0.86,SPY210702C00429000,429.0,normalDay
2021-06-30,18286.0,1354.0,0.0,100,428.06,414.0,0,0.0,0.0,,0.0,1,0.45,0.97,SPY210702C00429000,429.0,normalDay
2021-07-01,18286.0,1500.0,0.0,100,430.43,414.0,0,0.0,0.0,,0.0,1,0.45,1.88,SPY210702C00429000,429.0,normalDay
2021-07-02,19831.0,1500.0,1545.0,0,433.72,0.0,0,0.0,0.0,,0.0,1,0.45,0.0,SPY210702C00429000,429.0,expirationDay
2021-07-06,19831.0,0.0,0.0,0,432.93,0.0,0,0.0,0.0,,0.0,0,0.0,0.0,,0.0,bidTooLow
2021-07-07,19831.0,-3.0,0.0,0,434.46,0.0,1,0.01,0.04,SPY210709P00421000,421.0,0,0.0,0.0,,0.0,normalDay
2021-07-08,19831.0,-4.0,0.0,0,430.92,0.0,1,0.01,0.05,SPY210709P00421000,421.0,0,0.0,0.0,,0.0,normalDay
2021-07-09,19832.0,0.0,1.0,0,435.52,0.0,1,0.01,0.0,SPY210709P00421000,421.0,0,0.0,0.0,,0.0,expirationDay
2021-07-12,19832.0,-3.0,0.0,0,437.08,0.0,1,0.03,0.06,SPY210714P00422000,422.0,0,0.0,0.0,,0.0,normalDay
2021-07-13,19832.0,-3.0,0.0,0,435.59,0.0,1,0.03,0.06,SPY210714P00422000,422.0,0,0.0,0.0,,0.0,normalDay
2021-07-14,19835.0,0.0,3.0,0,436.24,0.0,1,0.03,0.0,SPY210714P00422000,422.0,0,0.0,0.0,,0.0,expirationDay
2021-07-15,19835.0,-3.0,0.0,0,434.75,0.0,1,0.03,0.06,SPY210716P00423000,423.0,0,0.0,0.0,,0.0,normalDay
2021-07-16,19838.0,0.0,3.0,0,431.34,0.0,1,0.03,0.0,SPY210716P00423000,423.0,0,0.0,0.0,,0.0,expirationDay
2021-07-19,19838.0,-4.0,0.0,0,424.97,0.0,1,2.61,2.65,SPY210721P00425000,425.0,0,0.0,0.0,,0.0,normalDay
2021-07-20,19838.0,241.0,0.0,0,431.06,0.0,1,2.61,0.2,SPY210721P00425000,425.0,0,0.0,0.0,,0.0,normalDay
2021-07-21,20099.0,0.0,261.0,0,434.55,0.0,1,2.61,0.0,SPY210721P00425000,425.0,0,0.0,0.0,,0.0,expirationDay
2021-07-22,20099.0,-3.0,0.0,0,435.46,0.0,1,0.03,0.06,SPY210723P00428000,428.0,0,0.0,0.0,,0.0,normalDay
2021-07-23,20102.0,0.0,3.0,0,439.94,0.0,1,0.03,0.0,SPY210723P00428000,428.0,0,0.0,0.0,,0.0,expirationDay
2021-07-26,20102.0,-3.0,0.0,0,441.02,0.0,1,0.04,0.07,SPY210728P00429000,429.0,0,0.0,0.0,,0.0,normalDay
2021-07-27,20102.0,-4.0,0.0,0,439.01,0.0,1,0.04,0.08,SPY210728P00429000,429.0,0,0.0,0.0,,0.0,normalDay
2021-07-28,20106.0,0.0,4.0,0,438.83,0.0,1,0.04,0.0,SPY210728P00429000,429.0,0,0.0,0.0,,0.0,expirationDay
2021-07-29,20106.0,-3.0,0.0,0,440.65,0.0,1,0.01,0.04,SPY210730P00431000,431.0,0,0.0,0.0,,0.0,normalDay
2021-07-30,20107.0,0.0,1.0,0,438.51,0.0,1,0.01,0.0,SPY210730P00431000,431.0,0,0.0,0.0,,0.0,expirationDay
2021-08-02,20107.0,-3.0,0.0,0,437.59,0.0,1,0.45,0.48,SPY210804P00432000,432.0,0,0.0,0.0,,0.0,normalDay
2021-08-03,20107.0,41.0,0.0,0,441.15,0.0,1,0.45,0.04,SPY210804P00432000,432.0,0,0.0,0.0,,0.0,normalDay
2021-08-04,20152.0,0.0,45.0,0,438.98,0.0,1,0.45,0.0,SPY210804P00432000,432.0,0,0.0,0.0,,0.0,expirationDay
2021-08-05,20152.0,-3.0,0.0,0,441.76,0.0,1,0.02,0.05,SPY210806P00432500,432.5,0,0.0,0.0,,0.0,normalDay
2021-08-06,20154.0,0.0,2.0,0,442.49,0.0,1,0.02,0.0,SPY210806P00432500,432.5,0,0.0,0.0,,0.0,expirationDay
2021-08-09,20154.0,-3.0,0.0,0,442.13,0.0,1,0.05,0.08,SPY210811P00433000,433.0,0,0.0,0.0,,0.0,normalDay
2021-08-10,20154.0,1.0,0.0,0,442.68,0.0,1,0.05,0.04,SPY210811P00433000,433.0,0,0.0,0.0,,0.0,normalDay
2021-08-11,20159.0,0.0,5.0,0,443.78,0.0,1,0.05,0.0,SPY210811P00433000,433.0,0,0.0,0.0,,0.0,expirationDay
2021-08-12,20159.0,-3.0,0.0,0,445.11,0.0,1,0.03,0.06,SPY210813P00434000,434.0,0,0.0,0.0,,0.0,normalDay
2021-08-13,20162.0,0.0,3.0,0,445.92,0.0,1,0.03,0.0,SPY210813P00434000,434.0,0,0.0,0.0,,0.0,expirationDay
2021-08-16,20162.0,-3.0,0.0,0,446.97,0.0,1,0.07,0.1,SPY210818P00436000,436.0,0,0.0,0.0,,0.0,normalDay
2021-08-17,20162.0,-6.0,0.0,0,444.04,0.0,1,0.07,0.13,SPY210818P00436000,436.0,0,0.0,0.0,,0.0,normalDay
2021-08-18,20169.0,0.0,7.0,0,439.18,0.0,1,0.07,0.0,SPY210818P00436000,436.0,0,0.0,0.0,,0.0,expirationDay
2021-08-19,20169.0,-5.0,0.0,0,439.86,0.0,1,1.25,1.3,SPY210820P00439000,439.0,0,0.0,0.0,,0.0,normalDay
2021-08-20,20294.0,0.0,125.0,0,443.36,0.0,1,1.25,0.0,SPY210820P00439000,439.0,0,0.0,0.0,,0.0,expirationDay
2021-08-23,20294.0,-3.0,0.0,0,447.26,0.0,1,0.08,0.11,SPY210825P00439000,439.0,0,0.0,0.0,,0.0,normalDay
2021-08-24,20294.0,3.0,0.0,0,447.97,0.0,1,0.08,0.05,SPY210825P00439000,439.0,0,0.0,0.0,,0.0,normalDay
2021-08-25,20302.0,0.0,8.0,0,448.91,0.0,1,0.08,0.0,SPY210825P00439000,439.0,0,0.0,0.0,,0.0,expirationDay
2021-08-26,20302.0,-3.0,0.0,0,446.26,0.0,1,0.17,0.2,SPY210827P00440000,440.0,0,0.0,0.0,,0.0,normalDay
2021-08-27,20319.0,0.0,17.0,0,450.25,0.0,1,0.17,0.0,SPY210827P00440000,440.0,0,0.0,0.0,,0.0,expirationDay
2021-08-30,20319.0,-3.0,0.0,0,452.23,0.0,1,0.04,0.07,SPY210901P00441000,441.0,0,0.0,0.0,,0.0,normalDay
2021-08-31,20319.0,-1.0,0.0,0,451.56,0.0,1,0.04,0.05,SPY210901P00441000,441.0,0,0.0,0.0,,0.0,normalDay
2021-09-01,20323.0,0.0,4.0,0,451.8,0.0,1,0.04,0.0,SPY210901P00441000,441.0,0,0.0,0.0,,0.0,expirationDay
2021-09-02,20323.0,-3.0,0.0,0,453.19,0.0,1,0.02,0.05,SPY210903P00442000,442.0,0,0.0,0.0,,0.0,normalDay
2021-09-03,20325.0,0.0,2.0,0,453.08,0.0,1,0.02,0.0,SPY210903P00442000,442.0,0,0.0,0.0,,0.0,expirationDay
2021-09-07,20325.0,-3.0,0.0,0,451.46,0.0,1,0.02,0.05,SPY210908P00443000,443.0,0,0.0,0.0,,0.0,normalDay
2021-09-08,20327.0,0.0,2.0,0,450.91,0.0,1,0.02,0.0,SPY210908P00443000,443.0,0,0.0,0.0,,0.0,expirationDay
2021-09-09,20327.0,-3.0,0.0,0,448.98,0.0,1,0.21,0.24,SPY210910P00444000,444.0,0,0.0,0.0,,0.0,normalDay
2021-09-10,20348.0,0.0,21.0,0,445.44,0.0,1,0.21,0.0,SPY210910P00444000,444.0,0,0.0,0.0,,0.0,expirationDay
2021-09-13,20348.0,-3.0,0.0,0,446.58,0.0,1,1.15,1.18,SPY210915P00444000,444.0,0,0.0,0.0,,0.0,normalDay
2021-09-14,20348.0,-13.0,0.0,0,444.17,0.0,1,1.15,1.28,SPY210915P00444000,444.0,0,0.0,0.0,,0.0,normalDay
2021-09-15,20463.0,0.0,115.0,0,447.88,0.0,1,1.15,0.0,SPY210915P00444000,444.0,0,0.0,0.0,,0.0,expirationDay
2021-09-16,20463.0,-4.0,0.0,0,447.17,0.0,1,0.94,0.98,SPY210917P00445000,445.0,0,0.0,0.0,,0.0,normalDay
2021-09-17,20557.0,-360.0,94.0,100,441.4,445.0,1,0.94,0.0,SPY210917P00445000,445.0,0,0.0,0.0,,0.0,expirationDay
2021-09-20,20557.0,-1099.0,0.0,100,434.04,445.0,0,0.0,0.0,,0.0,1,0.03,0.06,SPY211001C00462000,462.0,normalDay
2021-09-21,20557.0,-1137.0,0.0,100,433.63,445.0,0,0.0,0.0,,0.0,1,0.03,0.03,SPY211001C00462000,462.0,normalDay
2021-09-22,20557.0,-715.0,0.0,100,437.86,445.0,0,0.0,0.0,,0.0,1,0.03,0.04,SPY211001C00462000,462.0,normalDay
2021-09-23,20557.0,-185.0,0.0,100,443.18,445.0,0,0.0,0.0,,0.0,1,0.03,0.06,SPY211001C00462000,462.0,normalDay
2021-09-24,20557.0,-109.0,0.0,100,443.91,445.0,0,0.0,0.0,,0.0,1,0.03,0.03,SPY211001C00462000,462.0,normalDay
2021-09-27,20557.0,-235.0,0.0,100,442.64,445.0,0,0.0,0.0,,0.0,1,0.03,0.02,SPY211001C00462000,462.0,normalDay
2021-09-28,20557.0,-1127.0,0.0,100,433.72,445.0,0,0.0,0.0,,0.0,1,0.03,0.02,SPY211001C00462000,462.0,normalDay
2021-09-29,20557.0,-1053.0,0.0,100,434.45,445.0,0,0.0,0.0,,0.0,1,0.03,0.01,SPY211001C00462000,462.0,normalDay
2021-09-30,20557.0,-1584.0,0.0,100,429.14,445.0,0,0.0,0.0,,0.0,1,0.03,0.01,SPY211001C00462000,462.0,normalDay
2021-10-01,20560.0,-1076.0,3.0,100,434.24,445.0,0,0.0,0.0,,0.0,1,0.03,0.0,SPY211001C00462000,462.0,expirationDay
2021-10-04,20560.0,-1639.0,0.0,100,428.64,445.0,0,0.0,0.0,,0.0,1,0.01,0.04,SPY211015C00463000,463.0,normalDay
2021-10-05,20560.0,-1193.0,0.0,100,433.1,445.0,0,0.0,0.0,,0.0,1,0.01,0.04,SPY211015C00463000,463.0,normalDay
2021-10-06,20560.0,-1013.0,0.0,100,434.9,445.0,0,0.0,0.0,,0.0,1,0.01,0.04,SPY211015C00463000,463.0,normalDay
2021-10-07,20560.0,-636.0,0.0,100,438.66,445.0,0,0.0,0.0,,0.0,1,0.01,0.03,SPY211015C00463000,463.0,normalDay
2021-10-08,20560.0,-715.0,0.0,100,437.86,445.0,0,0.0,0.0,,0.0,1,0.01,0.02,SPY211015C00463000,463.0,normalDay
2021-10-11,20560.0,-1032.0,0.0,100,434.69,445.0,0,0.0,0.0,,0.0,1,0.01,0.02,SPY211015C00463000,463.0,normalDay
2021-10-12,20560.0,-1138.0,0.0,100,433.62,445.0,0,0.0,0.0,,0.0,1,0.01,0.01,SPY211015C00463000,463.0,normalDay
2021-10-13,20560.0,-982.0,0.0,100,435.18,445.0,0,0.0,0.0,,0.0,1,0.01,0.01,SPY211015C00463000,463.0,normalDay
2021-10-14,20560.0,-250.0,0.0,100,442.5,445.0,0,0.0,0.0,,0.0,1,0.01,0.01,SPY211015C00463000,463.0,normalDay
2021-10-15,20561.0,87.0,1.0,100,445.87,445.0,0,0.0,0.0,,0.0,1,0.01,0.0,SPY211015C00463000,463.0,expirationDay
2021-10-18,20561.0,216.0,0.0,100,447.19,445.0,0,0.0,0.0,,0.0,1,0.74,0.77,SPY211029C00454000,454.0,normalDay
2021-10-19,20561.0,471.0,0.0,100,450.64,445.0,0,0.0,0.0,,0.0,1,0.74,1.67,SPY211029C00454000,454.0,normalDay
2021-10-20,20561.0,622.0,0.0,100,452.41,445.0,0,0.0,0.0,,0.0,1,0.74,1.93,SPY211029C00454000,454.0,normalDay
2021-10-21,20561.0,708.0,0.0,100,453.59,445.0,0,0.0,0.0,,0.0,1,0.74,2.25,SPY211029C00454000,454.0,normalDay
2021-10-22,20561.0,711.0,0.0,100,453.12,445.0,0,0.0,0.0,,0.0,1,0.74,1.75,SPY211029C00454000,454.0,normalDay
2021-10-25,20561.0,877.0,0.0,100,455.55,445.0,0,0.0,0.0,,0.0,1,0.74,2.52,SPY211029C00454000,454.0,normalDay
2021-10-26,20561.0,837.0,0.0,100,455.96,445.0,0,0.0,0.0,,0.0,1,0.74,3.33,SPY211029C00454000,454.0,normalDay
2021-10-27,20561.0,790.0,0.0,100,453.94,445.0,0,0.0,0.0,,0.0,1,0.74,1.78,SPY211029C00454000,454.0,normalDay
2021-10-28,20561.0,991.0,0.0,100,458.32,445.0,0,0.0,0.0,,0.0,1,0.74,4.15,SPY211029C00454000,454.0,normalDay
2021-10-29,21535.0,991.0,974.0,0,459.25,0.0,0,0.0,0.0,,0.0,1,0.74,0.0,SPY211029C00454000,454.0,expirationDay
2021-11-01,21535.0,0.0,0.0,0,460.04,0.0,0,0.0,0.0,,0.0,0,0.0,0.0,,0.0,bidTooLow
2021-11-02,21535.0,0.0,0.0,0,461.9,0.0,0,0.0,0.0,,0.0,0,0.0,0.0,,0.0,bidTooLow
2021-11-03,21535.0,0.0,0.0,0,464.72,0.0,0,0.0,0.0,,0.0,0,0.0,0.0,,0.0,bidTooLow
2021-11-04,21535.0,0.0,0.0,0,466.91,0.0,0,0.0,0.0,,0.0,0,0.0,0.0,,0.0,bidTooLow
2021-11-05,21535.0,0.0,0.0,0,468.53,0.0,0,0.0,0.0,,0.0,0,0.0,0.0,,0.0,bidTooLow
2021-11-08,21535.0,0.0,0.0,0,468.93,0.0,0,0.0,0.0,,0.0,0,0.0,0.0,,0.0,bidTooLow
2021-11-09,21535.0,0.0,0.0,0,467.38,0.0,0,0.0,0.0,,0.0,0,0.0,0.0,,0.0,bidTooLow
2021-11-10,21535.0,-3.0,0.0,0,463.62,0.0,1,0.08,0.11,SPY211112P00450000,450.0,0,0.0,0.0,,0.0,normalDay
2021-11-11,21535.0,5.0,0.0,0,463.77,0.0,1,0.08,0.03,SPY211112P00450000,450.0,0,0.0,0.0,,0.0,normalDay
2021-11-12,21543.0,0.0,8.0,0,467.27,0.0,1,0.08,0.0,SPY211112P00450000,450.0,0,0.0,0.0,,0.0,expirationDay
2021-11-15,21543.0,-3.0,0.0,0,467.43,0.0,1,0.03,0.06,SPY211117P00455000,455.0,0,0.0,0.0,,0.0,normalDay
2021-11-16,21543.0,-1.0,0.0,0,469.28,0.0,1,0.03,0.04,SPY211117P00455000,455.0,0,0.0,0.0,,0.0,normalDay
2021-11-17,21546.0,0.0,3.0,0,468.14,0.0,1,0.03,0.0,SPY211117P00455000,455.0,0,0.0,0.0,,0.0,expirationDay
2021-11-18,21546.0,-3.0,0.0,0,469.73,0.0,1,0.02,0.05,SPY211119P00457500,457.5,0,0.0,0.0,,0.0,normalDay
2021-11-19,21548.0,0.0,2.0,0,468.89,0.0,1,0.02,0.0,SPY211119P00457500,457.5,0,0.0,0.0,,0.0,expirationDay
2021-11-22,21548.0,-3.0,0.0,0,467.57,0.0,1,0.35,0.38,SPY211124P00460000,460.0,0,0.0,0.0,,0.0,normalDay
2021-11-23,21548.0,23.0,0.0,0,468.19,0.0,1,0.35,0.12,SPY211124P00460000,460.0,0,0.0,0.0,,0.0,normalDay
2021-11-24,21583.0,0.0,35.0,0,469.44,0.0,1,0.35,0.0,SPY211124P00460000,460.0,0,0.0,0.0,,0.0,expirationDay
2021-11-26,21984.0,-303.0,401.0,100,458.97,462.0,1,4.01,0.0,SPY211126P00462000,462.0,0,0.0,0.0,,0.0,expirationDay
2021-11-29,21984.0,256.0,0.0,100,464.6,462.0,0,0.0,0.0,,0.0,1,0.63,0.67,SPY211210C00476000,476.0,normalDay
2021-11-30,21984.0,-611.0,0.0,100,455.56,462.0,0,0.0,0.0,,0.0,1,0.63,0.3,SPY211210C00476000,476.0,normalDay
2021-12-01,21984.0,-1105.0,0.0,100,450.5,462.0,0,0.0,0.0,,0.0,1,0.63,0.18,SPY211210C00476000,476.0,normalDay
2021-12-02,21984.0,-419.0,0.0,100,457.4,462.0,0,0.0,0.0,,0.0,1,0.63,0.22,SPY211210C00476000,476.0,normalDay
2021-12-03,21984.0,-803.0,0.0,100,453.42,462.0,0,0.0,0.0,,0.0,1,0.63,0.08,SPY211210C00476000,476.0,normalDay
2021-12-06,21984.0,-262.0,0.0,100,458.79,462.0,0,0.0,0.0,,0.0,1,0.63,0.04,SPY211210C00476000,476.0,normalDay
2021-12-07,21984.0,663.0,0.0,100,468.28,462.0,0,0.0,0.0,,0.0,1,0.63,0.28,SPY211210C00476000,476.0,normalDay
2021-12-08,21984.0,800.0,0.0,100,469.52,462.0,0,0.0,0.0,,0.0,1,0.63,0.15,SPY211210C00476000,476.0,normalDay
2021-12-09,21984.0,496.0,0.0,100,466.35,462.0,0,0.0,0.0,,0.0,1,0.63,0.02,SPY211210C00476000,476.0,normalDay
2021-12-10,22047.0,874.0,63.0,100,470.74,462.0,0,0.0,0.0,,0.0,1,0.63,0.0,SPY211210C00476000,476.0,expirationDay
2021-12-13,22047.0,454.0,0.0,100,466.57,462.0,0,0.0,0.0,,0.0,1,0.08,0.11,SPY211223C00484000,484.0,normalDay
2021-12-14,22047.0,137.0,0.0,100,463.36,462.0,0,0.0,0.0,,0.0,1,0.08,0.07,SPY211223C00484000,484.0,normalDay
2021-12-15,22047.0,857.0,0.0,100,470.6,462.0,0,0.0,0.0,,0.0,1,0.08,0.11,SPY211223C00484000,484.0,normalDay
2021-12-16,22047.0,447.0,0.0,100,466.45,462.0,0,0.0,0.0,,0.0,1,0.08,0.06,SPY211223C00484000,484.0,normalDay
2021-12-17,22047.0,-207.0,0.0,100,459.87,462.0,0,0.0,0.0,,0.0,1,0.08,0.02,SPY211223C00484000,484.0,normalDay
2021-12-20,22047.0,-695.0,0.0,100,454.98,462.0,0,0.0,0.0,,0.0,1,0.08,0.01,SPY211223C00484000,484.0,normalDay
2021-12-21,22047.0,113.0,0.0,100,463.06,462.0,0,0.0,0.0,,0.0,1,0.08,0.01,SPY211223C00484000,484.0,normalDay
2021-12-22,22047.0,576.0,0.0,100,467.69,462.0,0,0.0,0.0,,0.0,1,0.08,0.01,SPY211223C00484000,484.0,normalDay
2021-12-23,22055.0,860.0,8.0,100,470.6,462.0,0,0.0,0.0,,0.0,1,0.08,0.0,SPY211223C00484000,484.0,expirationDay
2021-12-27,22055.0,1523.0,0.0,100,477.26,462.0,0,0.0,0.0,,0.0,1,0.85,0.88,SPY220107C00485000,485.0,normalDay
2021-12-28,22055.0,1493.0,0.0,100,476.87,462.0,0,0.0,0.0,,0.0,1,0.85,0.79,SPY220107C00485000,485.0,normalDay
2021-12-29,22055.0,1570.0,0.0,100,477.48,462.0,0,0.0,0.0,,0.0,1,0.85,0.63,SPY220107C00485000,485.0,normalDay
2021-12-30,22055.0,1465.0,0.0,100,476.16,462.0,0,0.0,0.0,,0.0,1,0.85,0.36,SPY220107C00485000,485.0,normalDay
2021-12-31,22055.0,1367.0,0.0,100,474.96,462.0,0,0.0,0.0,,0.0,1,0.85,0.14,SPY220107C00485000,485.0,normalDay
2022-01-03,22055.0,1640.0,0.0,100,477.71,462.0,0,0.0,0.0,,0.0,1,0.85,0.16,SPY220107C00485000,485.0,normalDay
2022-01-04,22055.0,1629.0,0.0,100,477.55,462.0,0,0.0,0.0,,0.0,1,0.85,0.11,SPY220107C00485000,485.0,normalDay
2022-01-05,22055.0,721.0,0.0,100,468.38,462.0,0,0.0,0.0,,0.0,1,0.85,0.02,SPY220107C00485000,485.0,normalDay
2022-01-06,22055.0,678.0,0.0,100,467.94,462.0,0,0.0,0.0,,0.0,1,0.85,0.01,SPY220107C00485000,485.0,normalDay
2022-01-07,22140.0,409.0,85.0,100,466.09,462.0,0,0.0,0.0,,0.0,1,0.85,0.0,SPY220107C00485000,485.0,expirationDay
2022-01-10,22140.0,348.0,0.0,100,465.51,462.0,0,0.0,0.0,,0.0,1,0.01,0.04,SPY220121C00490000,490.0,normalDay
2022-01-11,22140.0,769.0,0.0,100,469.75,462.0,0,0.0,0.0,,0.0,1,0.01,0.07,SPY220121C00490000,490.0,normalDay
2022-01-12,22140.0,895.0,0.0,100,471.02,462.0,0,0.0,0.0,,0.0,1,0.01,0.08,SPY220121C00490000,490.0,normalDay
2022-01-13,22140.0,250.0,0.0,100,464.53,462.0,0,0.0,0.0,,0.0,1,0.01,0.04,SPY220121C00490000,490.0,normalDay
2022-01-14,22140.0,270.0,0.0,100,464.72,462.0,0,0.0,0.0,,0.0,1,0.01,0.03,SPY220121C00490000,490.0,normalDay
2022-01-18,22140.0,-552.0,0.0,100,456.49,462.0,0,0.0,0.0,,0.0,1,0.01,0.02,SPY220121C00490000,490.0,normalDay
2022-01-19,22140.0,-1025.0,0.0,100,451.75,462.0,0,0.0,0.0,,0.0,1,0.01,0.01,SPY220121C00490000,490.0,normalDay
2022-01-20,22140.0,-1525.0,0.0,100,446.75,462.0,0,0.0,0.0,,0.0,1,0.01,0.01,SPY220121C00490000,490.0,normalDay
2022-01-21,22141.0,-2402.0,1.0,100,437.98,462.0,0,0.0,0.0,,0.0,1,0.01,0.0,SPY220121C00490000,490.0,expirationDay
2022-01-24,22141.0,-2216.0,0.0,100,439.84,462.0,0,0.0,0.0,,0.0,0,0.0,0.0,,0.0,bidTooLow
2022-01-25,22141.0,-2753.0,0.0,100,434.47,462.0,0,0.0,0.0,,0.0,0,0.0,0.0,,0.0,bidTooLow
2022-01-26,22141.0,-2862.0,0.0,100,433.38,462.0,0,0.0,0.0,,0.0,0,0.0,0.0,,0.0,bidTooLow
2022-01-27,22141.0,-3076.0,0.0,100,431.24,462.0,0,0.0,0.0,,0.0,0,0.0,0.0,,0.0,bidTooLow
2022-01-28,22141.0,-2005.0,0.0,100,441.95,462.0,0,0.0,0.0,,0.0,0,0.0,0.0,,0.0,bidTooLow
2022-01-31,22141.0,-1209.0,0.0,100,449.91,462.0,0,0.0,0.0,,0.0,0,0.0,0.0,,0.0,bidTooLow
2022-02-01,22141.0,-905.0,0.0,100,452.95,462.0,0,0.0,0.0,,0.0,0,0.0,0.0,,0.0,bidTooLow
2022-02-02,22141.0,-465.0,0.0,100,457.35,462.0,0,0.0,0.0,,0.0,0,0.0,0.0,,0.0,bidTooLow
2022-02-03,22141.0,-1540.0,0.0,100,446.6,462.0,0,0.0,0.0,,0.0,0,0.0,0.0,,0.0,bidTooLow
2022-02-04,22141.0,-1330.0,0.0,100,448.7,462.0,0,0.0,0.0,,0.0,0,0.0,0.0,,0.0,bidTooLow
2022-02-07,22141.0,-1474.0,0.0,100,447.26,462.0,0,0.0,0.0,,0.0,0,0.0,0.0,,0.0,bidTooLow
2022-02-08,22141.0,-1106.0,0.0,100,450.94,462.0,0,0.0,0.0,,0.0,0,0.0,0.0,,0.0,bidTooLow
2022-02-09,22141.0,-449.0,0.0,100,457.54,462.0,0,0.0,0.0,,0.0,1,0.03,0.06,SPY220218C00483000,483.0,normalDay
2022-02-10,22141.0,-1268.0,0.0,100,449.32,462.0,0,0.0,0.0,,0.0,1,0.03,0.03,SPY220218C00483000,483.0,normalDay
2022-02-11,22141.0,-2153.0,0.0,100,440.46,462.0,0,0.0,0.0,,0.0,1,0.03,0.02,SPY220218C00483000,483.0,normalDay
2022-02-14,22141.0,-2296.0,0.0,100,439.02,462.0,0,0.0,0.0,,0.0,1,0.03,0.01,SPY220218C00483000,483.0,normalDay
2022-02-15,22141.0,-1588.0,0.0,100,446.1,462.0,0,0.0,0.0,,0.0,1,0.03,0.01,SPY220218C00483000,483.0,normalDay
2022-02-16,22141.0,-1538.0,0.0,100,446.6,462.0,0,0.0,0.0,,0.0,1,0.03,0.01,SPY220218C00483000,483.0,normalDay
2022-02-17,22141.0,-2492.0,0.0,100,437.06,462.0,0,0.0,0.0,,0.0,1,0.03,0.01,SPY220218C00483000,483.0,normalDay
2022-02-18,22144.0,-2777.0,3.0,100,434.23,462.0,0,0.0,0.0,,0.0,1,0.03,0.0,SPY220218C00483000,483.0,expirationDay
2022-02-22,22144.0,-3246.0,0.0,100,429.57,462.0,0,0.0,0.0,,0.0,1,0.01,0.04,SPY220304C00470000,470.0,normalDay
2022-02-23,22144.0,-4007.0,0.0,100,421.95,462.0,0,0.0,0.0,,0.0,1,0.01,0.03,SPY220304C00470000,470.0,normalDay
2022-02-24,22144.0,-3373.0,0.0,100,428.3,462.0,0,0.0,0.0,,0.0,1,0.01,0.04,SPY220304C00470000,470.0,normalDay
2022-02-25,22144.0,-2428.0,0.0,100,437.75,462.0,0,0.0,0.0,,0.0,1,0.01,0.04,SPY220304C00470000,470.0,normalDay
2022-02-28,22144.0,-2538.0,0.0,100,436.63,462.0,0,0.0,0.0,,0.0,1,0.01,0.02,SPY220304C00470000,470.0,normalDay
2022-03-01,22144.0,-3202.0,0.0,100,429.98,462.0,0,0.0,0.0,,0.0,1,0.01,0.01,SPY220304C00470000,470.0,normalDay
2022-03-02,22144.0,-2411.0,0.0,100,437.89,462.0,0,0.0,0.0,,0.0,1,0.01,0.01,SPY220304C00470000,470.0,normalDay
2022-03-03,22144.0,-2629.0,0.0,100,435.71,462.0,0,0.0,0.0,,0.0,1,0.01,0.01,SPY220304C00470000,470.0,normalDay
2022-03-04,22145.0,-2983.0,1.0,100,432.17,462.0,0,0.0,0.0,,0.0,1,0.01,0.0,SPY220304C00470000,470.0,expirationDay
2022-03-07,22145.0,-4260.0,0.0,100,419.43,462.0,0,0.0,0.0,,0.0,1,0.02,0.05,SPY220318C00468000,468.0,normalDay
2022-03-08,22145.0,-4577.0,0.0,100,416.25,462.0,0,0.0,0.0,,0.0,1,0.02,0.04,SPY220318C00468000,468.0,normalDay
2022-03-09,22145.0,-3462.0,0.0,100,427.41,462.0,0,0.0,0.0,,0.0,1,0.02,0.05,SPY220318C00468000,468.0,normalDay
2022-03-10,22145.0,-3653.0,0.0,100,425.48,462.0,0,0.0,0.0,,0.0,1,0.02,0.03,SPY220318C00468000,468.0,normalDay
2022-03-11,22145.0,-4194.0,0.0,100,420.07,462.0,0,0.0,0.0,,0.0,1,0.02,0.03,SPY220318C00468000,468.0,normalDay
2022-03-14,22145.0,-4500.0,0.0,100,417.0,462.0,0,0.0,0.0,,0.0,1,0.02,0.02,SPY220318C00468000,468.0,normalDay
2022-03-15,22145.0,-3582.0,0.0,100,426.17,462.0,0,0.0,0.0,,0.0,1,0.02,0.01,SPY220318C00468000,468.0,normalDay
2022-03-16,22145.0,-2637.0,0.0,100,435.62,462.0,0,0.0,0.0,,0.0,1,0.02,0.01,SPY220318C00468000,468.0,normalDay
2022-03-17,22145.0,-2092.0,0.0,100,441.07,462.0,0,0.0,0.0,,0.0,1,0.02,0.01,SPY220318C00468000,468.0,normalDay
2022-03-18,22147.0,-1748.0,2.0,100,444.52,462.0,0,0.0,0.0,,0.0,1,0.02,0.0,SPY220318C00468000,468.0,expirationDay
2022-03-21,22147.0,-1765.0,0.0,100,444.39,462.0,0,0.0,0.0,,0.0,1,1.38,1.42,SPY220401C00457000,457.0,normalDay
2022-03-22,22147.0,-1337.0,0.0,100,449.59,462.0,0,0.0,0.0,,0.0,1,1.38,2.34,SPY220401C00457000,457.0,normalDay
2022-03-23,22147.0,-1774.0,0.0,100,443.8,462.0,0,0.0,0.0,,0.0,1,1.38,0.92,SPY220401C00457000,457.0,normalDay
2022-03-24,22147.0,-1200.0,0.0,100,450.49,462.0,0,0.0,0.0,,0.0,1,1.38,1.87,SPY220401C00457000,457.0,normalDay
2022-03-25,22147.0,-988.0,0.0,100,452.69,462.0,0,0.0,0.0,,0.0,1,1.38,1.95,SPY220401C00457000,457.0,normalDay
2022-03-28,22147.0,-727.0,0.0,100,455.91,462.0,0,0.0,0.0,,0.0,1,1.38,2.56,SPY220401C00457000,457.0,normalDay
2022-03-29,22147.0,-470.0,0.0,100,461.55,462.0,0,0.0,0.0,,0.0,1,1.38,5.63,SPY220401C00457000,457.0,normalDay
2022-03-30,22147.0,-554.0,0.0,100,458.7,462.0,0,0.0,0.0,,0.0,1,1.38,3.62,SPY220401C00457000,457.0,normalDay
2022-03-31,22147.0,-940.0,0.0,100,451.64,462.0,0,0.0,0.0,,0.0,1,1.38,0.42,SPY220401C00457000,457.0,normalDay
2022-04-01,22285.0,-908.0,138.0,100,452.92,462.0,0,0.0,0.0,,0.0,1,1.38,0.0,SPY220401C00457000,457.0,expirationDay
2022-04-04,22285.0,-520.0,0.0,100,456.8,462.0,0,0.0,0.0,,0.0,0,0.0,0.0,,0.0,bidTooLow
2022-04-05,22285.0,-1097.0,0.0,100,451.03,462.0,0,0.0,0.0,,0.0,0,0.0,0.0,,0.0,bidTooLow
2022-04-06,22285.0,-1548.0,0.0,100,446.52,462.0,0,0.0,0.0,,0.0,0,0.0,0.0,,0.0,bidTooLow
2022-04-07,22285.0,-1323.0,0.0,100,448.77,462.0,0,0.0,0.0,,0.0,0,0.0,0.0,,0.0,bidTooLow
2022-04-08,22285.0,-1443.0,0.0,100,447.57,462.0,0,0.0,0.0,,0.0,0,0.0,0.0,,0.0,bidTooLow
2022-04-11,22285.0,-2208.0,0.0,100,439.92,462.0,0,0.0,0.0,,0.0,0,0.0,0.0,,0.0,bidTooLow
2022-04-12,22285.0,-2371.0,0.0,100,438.29,462.0,0,0.0,0.0,,0.0,0,0.0,0.0,,0.0,bidTooLow
2022-04-13,22285.0,-1869.0,0.0,100,443.31,462.0,0,0.0,0.0,,0.0,0,0.0,0.0,,0.0,bidTooLow
2022-04-14,22285.0,-2421.0,0.0,100,437.79,462.0,0,0.0,0.0,,0.0,0,0.0,0.0,,0.0,bidTooLow
2022-04-18,22285.0,-2403.0,0.0,100,437.97,462.0,0,0.0,0.0,,0.0,0,0.0,0.0,,0.0,bidTooLow
2022-04-19,22285.0,-1696.0,0.0,100,445.04,462.0,0,0.0,0.0,,0.0,0,0.0,0.0,,0.0,bidTooLow
2022-04-20,22285.0,-1732.0,0.0,100,444.71,462.0,0,0.0,0.0,,0.0,1,0.01,0.04,SPY220502C00470000,470.0,normalDay
2022-04-21,22285.0,-2395.0,0.0,100,438.06,462.0,0,0.0,0.0,,0.0,1,0.01,0.02,SPY220502C00470000,470.0,normalDay
2022-04-22,22285.0,-3597.0,0.0,100,426.04,462.0,0,0.0,0.0,,0.0,1,0.01,0.02,SPY220502C00470000,470.0,normalDay
2022-04-25,22285.0,-3349.0,0.0,100,428.51,462.0,0,0.0,0.0,,0.0,1,0.01,0.01,SPY220502C00470000,470.0,normalDay
2022-04-26,22285.0,-4590.0,0.0,100,416.1,462.0,0,0.0,0.0,,0.0,1,0.01,0.01,SPY220502C00470000,470.0,normalDay
2022-04-27,22285.0,-4473.0,0.0,100,417.27,462.0,0,0.0,0.0,,0.0,1,0.01,0.01,SPY220502C00470000,470.0,normalDay
2022-04-28,22285.0,-3419.0,0.0,100,427.81,462.0,0,0.0,0.0,,0.0,1,0.01,0.01,SPY220502C00470000,470.0,normalDay
2022-04-29,22285.0,-5000.0,0.0,100,412.0,462.0,0,0.0,0.0,,0.0,1,0.01,0.01,SPY220502C00470000,470.0,normalDay
2022-05-02,22286.0,-4752.0,1.0,100,414.48,462.0,0,0.0,0.0,,0.0,1,0.01,0.0,SPY220502C00470000,470.0,expirationDay
2022-05-03,22286.0,-4562.0,0.0,100,416.38,462.0,0,0.0,0.0,,0.0,0,0.0,0.0,,0.0,bidTooLow
2022-05-04,22286.0,-3294.0,0.0,100,429.06,462.0,0,0.0,0.0,,0.0,0,0.0,0.0,,0.0,bidTooLow
2022-05-05,22286.0,-4819.0,0.0,100,413.81,462.0,0,0.0,0.0,,0.0,0,0.0,0.0,,0.0,bidTooLow
2022-05-06,22286.0,-5066.0,0.0,100,411.34,462.0,0,0.0,0.0,,0.0,0,0.0,0.0,,0.0,bidTooLow
2022-05-09,22286.0,-6383.0,0.0,100,398.17,462.0,0,0.0,0.0,,0.0,0,0.0,0.0,,0.0,bidTooLow
2022-05-10,22286.0,-6291.0,0.0,100,399.09,462.0,0,0.0,0.0,,0.0,0,0.0,0.0,,0.0,bidTooLow
2022-05-11,22286.0,-6925.0,0.0,100,392.75,462.0,0,0.0,0.0,,0.0,0,0.0,0.0,,0.0,bidTooLow
2022-05-12,22286.0,-6966.0,0.0,100,392.34,462.0,0,0.0,0.0,,0.0,0,0.0,0.0,,0.0,bidTooLow
2022-05-13,22286.0,-6028.0,0.0,100,401.72,462.0,0,0.0,0.0,,0.0,0,0.0,0.0,,0.0,bidTooLow
2022-05-16,22286.0,-6191.0,0.0,100,400.09,462.0,0,0.0,0.0,,0.0,0,0.0,0.0,,0.0,bidTooLow
2022-05-17,22286.0,-5368.0,0.0,100,408.32,462.0,0,0.0,0.0,,0.0,0,0.0,0.0,,0.0,bidTooLow
2022-05-18,22286.0,-7014.0,0.0,100,391.86,462.0,0,0.0,0.0,,0.0,0,0.0,0.0,,0.0,bidTooLow
2022-05-19,22286.0,-7254.0,0.0,100,389.46,462.0,0,0.0,0.0,,0.0,0,0.0,0.0,,0.0,bidTooLow
2022-05-20,22286.0,-7237.0,0.0,100,389.63,462.0,0,0.0,0.0,,0.0,0,0.0,0.0,,0.0,bidTooLow
2022-05-23,22286.0,-6508.0,0.0,100,396.92,462.0,0,0.0,0.0,,0.0,0,0.0,0.0,,0.0,bidTooLow
2022-05-24,22286.0,-6811.0,0.0,100,393.89,462.0,0,0.0,0.0,,0.0,0,0.0,0.0,,0.0,bidTooLow
2022-05-25,22286.0,-6463.0,0.0,100,397.37,462.0,0,0.0,0.0,,0.0,0,0.0,0.0,,0.0,bidTooLow
2022-05-26,22286.0,-5672.0,0.0,100,405.31,462.0,0,0.0,0.0,,0.0,1,0.05,0.08,SPY220606C00436000,436.0,normalDay
2022-05-27,22286.0,-4691.0,0.0,100,415.26,462.0,0,0.0,0.0,,0.0,1,0.05,0.22,SPY220606C00436000,436.0,normalDay
2022-05-31,22286.0,-4908.0,0.0,100,412.93,462.0,0,0.0,0.0,,0.0,1,0.05,0.06,SPY220606C00436000,436.0,normalDay
2022-06-01,22286.0,-5238.0,0.0,100,409.59,462.0,0,0.0,0.0,,0.0,1,0.05,0.02,SPY220606C00436000,436.0,normalDay
2022-06-02,22286.0,-4458.0,0.0,100,417.39,462.0,0,0.0,0.0,,0.0,1,0.05,0.02,SPY220606C00436000,436.0,normalDay
2022-06-03,22286.0,-5142.0,0.0,100,410.54,462.0,0,0.0,0.0,,0.0,1,0.05,0.01,SPY220606C00436000,436.0,normalDay
2022-06-06,22291.0,-5021.0,5.0,100,411.79,462.0,0,0.0,0.0,,0.0,1,0.05,0.0,SPY220606C00436000,436.0,expirationDay
2022-06-07,22291.0,-4629.0,0.0,100,415.74,462.0,0,0.0,0.0,,0.0,1,0.74,0.77,SPY220617C00432000,432.0,normalDay
2022-06-08,22291.0,-5035.0,0.0,100,411.22,462.0,0,0.0,0.0,,0.0,1,0.74,0.31,SPY220617C00432000,432.0,normalDay
2022-06-09,22291.0,-5994.0,0.0,100,401.44,462.0,0,0.0,0.0,,0.0,1,0.74,0.12,SPY220617C00432000,432.0,normalDay
2022-06-10,22291.0,-7149.0,0.0,100,389.8,462.0,0,0.0,0.0,,0.0,1,0.74,0.03,SPY220617C00432000,432.0,normalDay
2022-06-13,22291.0,-8628.0,0.0,100,375.0,462.0,0,0.0,0.0,,0.0,1,0.74,0.02,SPY220617C00432000,432.0,normalDay
2022-06-14,22291.0,-8741.0,0.0,100,373.87,462.0,0,0.0,0.0,,0.0,1,0.74,0.02,SPY220617C00432000,432.0,normalDay
2022-06-15,22291.0,-8207.0,0.0,100,379.2,462.0,0,0.0,0.0,,0.0,1,0.74,0.01,SPY220617C00432000,432.0,normalDay
2022-06-16,22291.0,-9462.0,0.0,100,366.65,462.0,0,0.0,0.0,,0.0,1,0.74,0.01,SPY220617C00432000,432.0,normalDay
2022-06-17,22365.0,-9614.0,74.0,100,365.86,462.0,0,0.0,0.0,,0.0,1,0.74,0.0,SPY220617C00432000,432.0,expirationDay
2022-06-21,22365.0,-8693.0,0.0,100,375.07,462.0,0,0.0,0.0,,0.0,0,0.0,0.0,,0.0,bidTooLow
2022-06-22,22365.0,-8761.0,0.0,100,374.39,462.0,0,0.0,0.0,,0.0,0,0.0,0.0,,0.0,bidTooLow
2022-06-23,22365.0,-8394.0,0.0,100,378.06,462.0,0,0.0,0.0,,0.0,0,0.0,0.0,,0.0,bidTooLow
2022-06-24,22365.0,-7192.0,0.0,100,390.08,462.0,0,0.0,0.0,,0.0,0,0.0,0.0,,0.0,bidTooLow
2022-06-27,22365.0,-7341.0,0.0,100,388.59,462.0,0,0.0,0.0,,0.0,0,0.0,0.0,,0.0,bidTooLow
2022-06-28,22365.0,-8135.0,0.0,100,380.65,462.0,0,0.0,0.0,,0.0,0,0.0,0.0,,0.0,bidTooLow
2022-06-29,22365.0,-8166.0,0.0,100,380.34,462.0,0,0.0,0.0,,0.0,0,0.0,0.0,,0.0,bidTooLow
2022-06-30,22365.0,-8475.0,0.0,100,377.25,462.0,0,0.0,0.0,,0.0,0,0.0,0.0,,0.0,bidTooLow
2022-07-01,22365.0,-8076.0,0.0,100,381.24,462.0,0,0.0,0.0,,0.0,0,0.0,0.0,,0.0,bidTooLow
2022-07-05,22365.0,-8004.0,0.0,100,381.96,462.0,0,0.0,0.0,,0.0,0,0.0,0.0,,0.0,bidTooLow
2022-07-06,22365.0,-7875.0,0.0,100,383.25,462.0,0,0.0,0.0,,0.0,0,0.0,0.0,,0.0,bidTooLow
2022-07-07,22365.0,-7304.0,0.0,100,388.99,462.0,0,0.0,0.0,,0.0,1,0.07,0.1,SPY220718C00416000,416.0,normalDay
2022-07-08,22365.0,-7330.0,0.0,100,388.67,462.0,0,0.0,0.0,,0.0,1,0.07,0.04,SPY220718C00416000,416.0,normalDay
2022-07-11,22365.0,-7772.0,0.0,100,384.23,462.0,0,0.0,0.0,,0.0,1,0.07,0.02,SPY220718C00416000,416.0,normalDay
2022-07-12,22365.0,-8112.0,0.0,100,380.83,462.0,0,0.0,0.0,,0.0,1,0.07,0.02,SPY220718C00416000,416.0,normalDay
2022-07-13,22365.0,-8311.0,0.0,100,378.83,462.0,0,0.0,0.0,,0.0,1,0.07,0.01,SPY220718C00416000,416.0,normalDay
2022-07-14,22365.0,-8403.0,0.0,100,377.91,462.0,0,0.0,0.0,,0.0,1,0.07,0.01,SPY220718C00416000,416.0,normalDay
2022-07-15,22365.0,-7681.0,0.0,100,385.13,462.0,0,0.0,0.0,,0.0,1,0.07,0.01,SPY220718C00416000,416.0,normalDay
2022-07-18,22372.0,-8005.0,7.0,100,381.95,462.0,0,0.0,0.0,,0.0,1,0.07,0.0,SPY220718C00416000,416.0,expirationDay
2022-07-19,22372.0,-6978.0,0.0,100,392.27,462.0,0,0.0,0.0,,0.0,1,3.96,4.01,SPY220729C00398000,398.0,normalDay
2022-07-20,22372.0,-6788.0,0.0,100,394.77,462.0,0,0.0,0.0,,0.0,1,3.96,4.61,SPY220729C00398000,398.0,normalDay
2022-07-21,22372.0,-6486.0,0.0,100,398.79,462.0,0,0.0,0.0,,0.0,1,3.96,5.61,SPY220729C00398000,398.0,normalDay
2022-07-22,22372.0,-6620.0,0.0,100,395.09,462.0,0,0.0,0.0,,0.0,1,3.96,3.25,SPY220729C00398000,398.0,normalDay
2022-07-25,22372.0,-6585.0,0.0,100,395.57,462.0,0,0.0,0.0,,0.0,1,3.96,3.38,SPY220729C00398000,398.0,normalDay
2022-07-26,22372.0,-6888.0,0.0,100,390.89,462.0,0,0.0,0.0,,0.0,1,3.96,1.73,SPY220729C00398000,398.0,normalDay
2022-07-27,22372.0,-6151.0,0.0,100,401.04,462.0,0,0.0,0.0,,0.0,1,3.96,4.51,SPY220729C00398000,398.0,normalDay
2022-07-28,22372.0,-6145.0,0.0,100,406.07,462.0,0,0.0,0.0,,0.0,1,3.96,9.48,SPY220729C00398000,398.0,normalDay
2022-07-29,16368.0,-6145.0,-6004.0,0,411.99,0.0,0,0.0,0.0,,0.0,1,3.96,0.0,SPY220729C00398000,398.0,expirationDay
2022-08-01,16368.0,0.0,0.0,0,410.77,0.0,0,0.0,0.0,,0.0,0,0.0,0.0,,0.0,bidTooLow
2022-08-02,16368.0,0.0,0.0,0,408.06,0.0,0,0.0,0.0,,0.0,0,0.0,0.0,,0.0,bidTooLow
2022-08-03,16368.0,0.0,0.0,0,414.45,0.0,0,0.0,0.0,,0.0,0,0.0,0.0,,0.0,bidTooLow
2022-08-04,16368.0,0.0,0.0,0,414.17,0.0,0,0.0,0.0,,0.0,0,0.0,0.0,,0.0,bidTooLow
2022-08-05,16368.0,0.0,0.0,0,413.47,0.0,0,0.0,0.0,,0.0,0,0.0,0.0,,0.0,bidTooLow
2022-08-08,16368.0,0.0,0.0,0,412.99,0.0,0,0.0,0.0,,0.0,0,0.0,0.0,,0.0,bidTooLow
2022-08-09,16368.0,0.0,0.0,0,411.35,0.0,0,0.0,0.0,,0.0,0,0.0,0.0,,0.0,bidTooLow
2022-08-10,16368.0,0.0,0.0,0,419.99,0.0,0,0.0,0.0,,0.0,0,0.0,0.0,,0.0,bidTooLow
2022-08-11,16368.0,0.0,0.0,0,419.99,0.0,0,0.0,0.0,,0.0,0,0.0,0.0,,0.0,bidTooLow
2022-08-12,16368.0,0.0,0.0,0,427.1,0.0,0,0.0,0.0,,0.0,0,0.0,0.0,,0.0,bidTooLow
2022-08-15,16368.0,0.0,0.0,0,428.86,0.0,0,0.0,0.0,,0.0,0,0.0,0.0,,0.0,bidTooLow
2022-08-16,16368.0,0.0,0.0,0,429.7,0.0,0,0.0,0.0,,0.0,0,0.0,0.0,,0.0,bidTooLow
2022-08-17,16368.0,0.0,0.0,0,426.65,0.0,0,0.0,0.0,,0.0,0,0.0,0.0,,0.0,bidTooLow
2022-08-18,16368.0,0.0,0.0,0,427.89,0.0,0,0.0,0.0,,0.0,0,0.0,0.0,,0.0,bidTooLow
2022-08-19,16368.0,0.0,0.0,0,422.14,0.0,0,0.0,0.0,,0.0,0,0.0,0.0,,0.0,bidTooLow
2022-08-22,16368.0,-3.0,0.0,0,413.35,0.0,1,0.5,0.53,SPY220824P00406000,406.0,0,0.0,0.0,,0.0,normalDay
2022-08-23,16368.0,23.0,0.0,0,412.35,0.0,1,0.5,0.27,SPY220824P00406000,406.0,0,0.0,0.0,,0.0,normalDay
2022-08-24,16418.0,0.0,50.0,0,413.67,0.0,1,0.5,0.0,SPY220824P00406000,406.0,0,0.0,0.0,,0.0,expirationDay
2022-08-25,16418.0,-3.0,0.0,0,419.51,0.0,1,0.39,0.42,SPY220826P00411000,411.0,0,0.0,0.0,,0.0,normalDay
2022-08-26,16457.0,-569.0,39.0,100,405.31,411.0,1,0.39,0.0,SPY220826P00411000,411.0,0,0.0,0.0,,0.0,expirationDay
2022-08-29,16457.0,-837.0,0.0,100,402.63,411.0,0,0.0,0.0,,0.0,0,0.0,0.0,,0.0,bidTooLow
2022-08-30,16457.0,-1279.0,0.0,100,398.21,411.0,0,0.0,0.0,,0.0,0,0.0,0.0,,0.0,bidTooLow
2022-08-31,16457.0,-1582.0,0.0,100,395.18,411.0,0,0.0,0.0,,0.0,0,0.0,0.0,,0.0,bidTooLow
2022-09-01,16457.0,-1458.0,0.0,100,396.42,411.0,0,0.0,0.0,,0.0,0,0.0,0.0,,0.0,bidTooLow
2022-09-02,16457.0,-1876.0,0.0,100,392.24,411.0,0,0.0,0.0,,0.0,0,0.0,0.0,,0.0,bidTooLow
2022-09-06,16457.0,-2024.0,0.0,100,390.76,411.0,0,0.0,0.0,,0.0,0,0.0,0.0,,0.0,bidTooLow
2022-09-07,16457.0,-1322.0,0.0,100,397.78,411.0,0,0.0,0.0,,0.0,0,0.0,0.0,,0.0,bidTooLow
2022-09-08,16457.0,-1062.0,0.0,100,400.38,411.0,0,0.0,0.0,,0.0,0,0.0,0.0,,0.0,bidTooLow
2022-09-09,16457.0,-440.0,0.0,100,406.6,411.0,0,0.0,0.0,,0.0,0,0.0,0.0,,0.0,bidTooLow
2022-09-12,16457.0,-6.0,0.0,100,410.97,411.0,0,0.0,0.0,,0.0,1,0.02,0.05,SPY220923C00450000,450.0,normalDay
2022-09-13,16457.0,-1790.0,0.0,100,393.1,411.0,0,0.0,0.0,,0.0,1,0.02,0.02,SPY220923C00450000,450.0,normalDay
2022-09-14,16457.0,-1640.0,0.0,100,394.6,411.0,0,0.0,0.0,,0.0,1,0.02,0.02,SPY220923C00450000,450.0,normalDay
2022-09-15,16457.0,-2087.0,0.0,100,390.12,411.0,0,0.0,0.0,,0.0,1,0.02,0.01,SPY220923C00450000,450.0,normalDay
2022-09-16,16457.0,-2543.0,0.0,100,385.56,411.0,0,0.0,0.0,,0.0,1,0.02,0.01,SPY220923C00450000,450.0,normalDay
2022-09-19,16457.0,-2244.0,0.0,100,388.55,411.0,0,0.0,0.0,,0.0,1,0.02,0.01,SPY220923C00450000,450.0,normalDay
2022-09-20,16457.0,-2690.0,0.0,100,384.09,411.0,0,0.0,0.0,,0.0,1,0.02,0.01,SPY220923C00450000,450.0,normalDay
2022-09-21,16457.0,-3360.0,0.0,100,377.39,411.0,0,0.0,0.0,,0.0,1,0.02,0.01,SPY220923C00450000,450.0,normalDay
2022-09-22,16457.0,-3677.0,0.0,100,374.22,411.0,0,0.0,0.0,,0.0,1,0.02,0.01,SPY220923C00450000,450.0,normalDay
2022-09-23,16459.0,-4305.0,2.0,100,367.95,411.0,0,0.0,0.0,,0.0,1,0.02,0.0,SPY220923C00450000,450.0,expirationDay
2022-09-26,16459.0,-4669.0,0.0,100,364.31,411.0,0,0.0,0.0,,0.0,0,0.0,0.0,,0.0,bidTooLow
2022-09-27,16459.0,-4762.0,0.0,100,363.38,411.0,0,0.0,0.0,,0.0,0,0.0,0.0,,0.0,bidTooLow
2022-09-28,16459.0,-4047.0,0.0,100,370.53,411.0,0,0.0,0.0,,0.0,0,0.0,0.0,,0.0,bidTooLow
2022-09-29,16459.0,-4821.0,0.0,100,362.79,411.0,0,0.0,0.0,,0.0,0,0.0,0.0,,0.0,bidTooLow
2022-09-30,16459.0,-5382.0,0.0,100,357.18,411.0,0,0.0,0.0,,0.0,0,0.0,0.0,,0.0,bidTooLow
2022-10-03,16459.0,-4439.0,0.0,100,366.61,411.0,0,0.0,0.0,,0.0,0,0.0,0.0,,0.0,bidTooLow
2022-10-04,16459.0,-3303.0,0.0,100,377.97,411.0,0,0.0,0.0,,0.0,0,0.0,0.0,,0.0,bidTooLow
2022-10-05,16459.0,-3391.0,0.0,100,377.09,411.0,0,0.0,0.0,,0.0,0,0.0,0.0,,0.0,bidTooLow
2022-10-06,16459.0,-3780.0,0.0,100,373.2,411.0,0,0.0,0.0,,0.0,0,0.0,0.0,,0.0,bidTooLow
2022-10-07,16459.0,-4821.0,0.0,100,362.79,411.0,0,0.0,0.0,,0.0,0,0.0,0.0,,0.0,bidTooLow
2022-10-10,16459.0,-5101.0,0.0,100,360.02,411.0,0,0.0,0.0,,0.0,1,0.01,0.04,SPY221021C00411000,411.0,normalDay
2022-10-11,16459.0,-5329.0,0.0,100,357.74,411.0,0,0.0,0.0,,0.0,1,0.01,0.04,SPY221021C00411000,411.0,normalDay
2022-10-12,16459.0,-5447.0,0.0,100,356.56,411.0,0,0.0,0.0,,0.0,1,0.01,0.04,SPY221021C00411000,411.0,normalDay
2022-10-13,16459.0,-4508.0,0.0,100,365.97,411.0,0,0.0,0.0,,0.0,1,0.01,0.06,SPY221021C00411000,411.0,normalDay
2022-10-14,16459.0,-5338.0,0.0,100,357.63,411.0,0,0.0,0.0,,0.0,1,0.01,0.02,SPY221021C00411000,411.0,normalDay
2022-10-17,16459.0,-4419.0,0.0,100,366.82,411.0,0,0.0,0.0,,0.0,1,0.01,0.02,SPY221021C00411000,411.0,normalDay
2022-10-18,16459.0,-3988.0,0.0,100,371.13,411.0,0,0.0,0.0,,0.0,1,0.01,0.02,SPY221021C00411000,411.0,normalDay
2022-10-19,16459.0,-4250.0,0.0,100,368.5,411.0,0,0.0,0.0,,0.0,1,0.01,0.01,SPY221021C00411000,411.0,normalDay
2022-10-20,16459.0,-4559.0,0.0,100,365.41,411.0,0,0.0,0.0,,0.0,1,0.01,0.01,SPY221021C00411000,411.0,normalDay
2022-10-21,16460.0,-3671.0,1.0,100,374.29,411.0,0,0.0,0.0,,0.0,1,0.01,0.0,SPY221021C00411000,411.0,expirationDay
2022-10-24,16460.0,-3217.0,0.0,100,378.87,411.0,0,0.0,0.0,,0.0,1,4.01,4.05,SPY221104C00389000,389.0,normalDay
2022-10-25,16460.0,-2717.0,0.0,100,384.92,411.0,0,0.0,0.0,,0.0,1,4.01,5.1,SPY221104C00389000,389.0,normalDay
2022-10-26,16460.0,-2928.0,0.0,100,382.02,411.0,0,0.0,0.0,,0.0,1,4.01,4.31,SPY221104C00389000,389.0,normalDay
2022-10-27,16460.0,-2896.0,0.0,100,379.98,411.0,0,0.0,0.0,,0.0,1,4.01,1.95,SPY221104C00389000,389.0,normalDay
2022-10-28,16460.0,-2417.0,0.0,100,389.02,411.0,0,0.0,0.0,,0.0,1,4.01,6.2,SPY221104C00389000,389.0,normalDay
2022-10-31,16460.0,-2484.0,0.0,100,386.21,411.0,0,0.0,0.0,,0.0,1,4.01,4.06,SPY221104C00389000,389.0,normalDay
2022-11-01,16460.0,-2536.0,0.0,100,384.52,411.0,0,0.0,0.0,,0.0,1,4.01,2.89,SPY221104C00389000,389.0,normalDay
2022-11-02,16460.0,-3239.0,0.0,100,374.87,411.0,0,0.0,0.0,,0.0,1,4.01,0.27,SPY221104C00389000,389.0,normalDay
2022-11-03,16460.0,-3601.0,0.0,100,371.01,411.0,0,0.0,0.0,,0.0,1,4.01,0.03,SPY221104C00389000,389.0,normalDay
2022-11-04,16861.0,-3465.0,401.0,100,376.35,411.0,0,0.0,0.0,,0.0,1,4.01,0.0,SPY221104C00389000,389.0,expirationDay
2022-11-07,16861.0,-3108.0,0.0,100,379.95,411.0,0,0.0,0.0,,0.0,1,0.5,0.53,SPY221118C00404000,404.0,normalDay
2022-11-08,16861.0,-2918.0,0.0,100,382.0,411.0,0,0.0,0.0,,0.0,1,0.5,0.68,SPY221118C00404000,404.0,normalDay
2022-11-09,16861.0,-3657.0,0.0,100,374.13,411.0,0,0.0,0.0,,0.0,1,0.5,0.2,SPY221118C00404000,404.0,normalDay
2022-11-10,16861.0,-1810.0,0.0,100,394.69,411.0,0,0.0,0.0,,0.0,1,0.5,2.29,SPY221118C00404000,404.0,normalDay
2022-11-11,16861.0,-1426.0,0.0,100,398.51,411.0,0,0.0,0.0,,0.0,1,0.5,2.27,SPY221118C00404000,404.0,normalDay
2022-11-14,16861.0,-1644.0,0.0,100,395.12,411.0,0,0.0,0.0,,0.0,1,0.5,1.06,SPY221118C00404000,404.0,normalDay
2022-11-15,16861.0,-1359.0,0.0,100,398.49,411.0,0,0.0,0.0,,0.0,1,0.5,1.58,SPY221118C00404000,404.0,normalDay
2022-11-16,16861.0,-1545.0,0.0,100,395.45,411.0,0,0.0,0.0,,0.0,1,0.5,0.4,SPY221118C00404000,404.0,normalDay
2022-11-17,16861.0,-1634.0,0.0,100,394.24,411.0,0,0.0,0.0,,0.0,1,0.5,0.08,SPY221118C00404000,404.0,normalDay
2022-11-18,16911.0,-1497.0,50.0,100,396.03,411.0,0,0.0,0.0,,0.0,1,0.5,0.0,SPY221118C00404000,404.0,expirationDay
2022-11-21,16911.0,-1644.0,0.0,100,394.59,411.0,0,0.0,0.0,,0.0,1,0.29,0.32,SPY221202C00414000,414.0,normalDay
2022-11-22,16911.0,-1135.0,0.0,100,399.9,411.0,0,0.0,0.0,,0.0,1,0.29,0.54,SPY221202C00414000,414.0,normalDay
2022-11-23,16911.0,-872.0,0.0,100,402.42,411.0,0,0.0,0.0,,0.0,1,0.29,0.43,SPY221202C00414000,414.0,normalDay
2022-11-25,16911.0,-865.0,0.0,100,402.33,411.0,0,0.0,0.0,,0.0,1,0.29,0.27,SPY221202C00414000,414.0,normalDay
2022-11-28,16911.0,-1485.0,0.0,100,395.91,411.0,0,0.0,0.0,,0.0,1,0.29,0.05,SPY221202C00414000,414.0,normalDay
2022-11-29,16911.0,-1552.0,0.0,100,395.23,411.0,0,0.0,0.0,,0.0,1,0.29,0.04,SPY221202C00414000,414.0,normalDay
2022-11-30,16911.0,-374.0,0.0,100,407.68,411.0,0,0.0,0.0,,0.0,1,0.29,0.71,SPY221202C00414000,414.0,normalDay
2022-12-01,16911.0,-357.0,0.0,100,407.38,411.0,0,0.0,0.0,,0.0,1,0.29,0.24,SPY221202C00414000,414.0,normalDay
2022-12-02,16940.0,-409.0,29.0,100,406.91,411.0,0,0.0,0.0,,0.0,1,0.29,0.0,SPY221202C00414000,414.0,expirationDay
2022-12-05,16940.0,-1144.0,0.0,100,399.59,411.0,0,0.0,0.0,,0.0,1,0.31,0.34,SPY221216C00423000,423.0,normalDay
2022-12-06,16940.0,-1707.0,0.0,100,393.83,411.0,0,0.0,0.0,,0.0,1,0.31,0.21,SPY221216C00423000,423.0,normalDay
2022-12-07,16940.0,-1768.0,0.0,100,393.16,411.0,0,0.0,0.0,,0.0,1,0.31,0.15,SPY221216C00423000,423.0,normalDay
2022-12-08,16940.0,-1463.0,0.0,100,396.24,411.0,0,0.0,0.0,,0.0,1,0.31,0.18,SPY221216C00423000,423.0,normalDay
2022-12-09,16940.0,-1750.0,0.0,100,393.28,411.0,0,0.0,0.0,,0.0,1,0.31,0.09,SPY221216C00423000,423.0,normalDay
2022-12-12,16940.0,-1213.0,0.0,100,398.95,411.0,0,0.0,0.0,,0.0,1,0.31,0.39,SPY221216C00423000,423.0,normalDay
2022-12-13,16940.0,-886.0,0.0,100,401.97,411.0,0,0.0,0.0,,0.0,1,0.31,0.14,SPY221216C00423000,423.0,normalDay
2022-12-14,16940.0,-1130.0,0.0,100,399.4,411.0,0,0.0,0.0,,0.0,1,0.31,0.01,SPY221216C00423000,423.0,normalDay
2022-12-15,16940.0,-2107.0,0.0,100,389.63,411.0,0,0.0,0.0,,0.0,1,0.31,0.01,SPY221216C00423000,423.0,normalDay
2022-12-16,16971.0,-2773.0,31.0,100,383.27,411.0,0,0.0,0.0,,0.0,1,0.31,0.0,SPY221216C00423000,423.0,expirationDay
2022-12-19,16971.0,-3098.0,0.0,100,380.02,411.0,0,0.0,0.0,,0.0,0,0.0,0.0,,0.0,bidTooLow
2022-12-20,16971.0,-3046.0,0.0,100,380.54,411.0,0,0.0,0.0,,0.0,0,0.0,0.0,,0.0,bidTooLow
2022-12-21,16971.0,-2477.0,0.0,100,386.23,411.0,0,0.0,0.0,,0.0,0,0.0,0.0,,0.0,bidTooLow
2022-12-22,16971.0,-3028.0,0.0,100,380.72,411.0,0,0.0,0.0,,0.0,0,0.0,0.0,,0.0,bidTooLow
2022-12-23,16971.0,-2809.0,0.0,100,382.91,411.0,0,0.0,0.0,,0.0,0,0.0,0.0,,0.0,bidTooLow
2022-12-27,16971.0,-2960.0,0.0,100,381.4,411.0,0,0.0,0.0,,0.0,0,0.0,0.0,,0.0,bidTooLow
2022-12-28,16971.0,-3434.0,0.0,100,376.66,411.0,0,0.0,0.0,,0.0,0,0.0,0.0,,0.0,bidTooLow
2022-12-29,16971.0,-2756.0,0.0,100,383.44,411.0,0,0.0,0.0,,0.0,0,0.0,0.0,,0.0,bidTooLow
2022-12-30,16971.0,-2857.0,0.0,100,382.43,411.0,0,0.0,0.0,,0.0,0,0.0,0.0,,0.0,bidTooLow
2023-01-03,16971.0,-3021.0,0.0,100,380.82,411.0,0,0.0,0.0,,0.0,1,0.03,0.06,SPY230113C00413000,413.0,normalDay
2023-01-04,16971.0,-2728.0,0.0,100,383.76,411.0,0,0.0,0.0,,0.0,1,0.03,0.07,SPY230113C00413000,413.0,normalDay
2023-01-05,16971.0,-3163.0,0.0,100,379.38,411.0,0,0.0,0.0,,0.0,1,0.03,0.04,SPY230113C00413000,413.0,normalDay
2023-01-06,16971.0,-2294.0,0.0,100,388.08,411.0,0,0.0,0.0,,0.0,1,0.03,0.05,SPY230113C00413000,413.0,normalDay
2023-01-09,16971.0,-2315.0,0.0,100,387.86,411.0,0,0.0,0.0,,0.0,1,0.03,0.04,SPY230113C00413000,413.0,normalDay
2023-01-10,16971.0,-2043.0,0.0,100,390.58,411.0,0,0.0,0.0,,0.0,1,0.03,0.04,SPY230113C00413000,413.0,normalDay
2023-01-11,16971.0,-1555.0,0.0,100,395.52,411.0,0,0.0,0.0,,0.0,1,0.03,0.1,SPY230113C00413000,413.0,normalDay
2023-01-12,16971.0,-1402.0,0.0,100,396.96,411.0,0,0.0,0.0,,0.0,1,0.03,0.01,SPY230113C00413000,413.0,normalDay
2023-01-13,16974.0,-1250.0,3.0,100,398.5,411.0,0,0.0,0.0,,0.0,1,0.03,0.0,SPY230113C00413000,413.0,expirationDay
2023-01-17,16974.0,-1326.0,0.0,100,397.77,411.0,0,0.0,0.0,,0.0,1,0.9,0.93,SPY230127C00407000,407.0,normalDay
2023-01-18,16974.0,-1880.0,0.0,100,391.49,411.0,0,0.0,0.0,,0.0,1,0.9,0.19,SPY230127C00407000,407.0,normalDay
2023-01-19,16974.0,-2154.0,0.0,100,388.64,411.0,0,0.0,0.0,,0.0,1,0.9,0.08,SPY230127C00407000,407.0,normalDay
2023-01-20,16974.0,-1449.0,0.0,100,395.88,411.0,0,0.0,0.0,,0.0,1,0.9,0.27,SPY230127C00407000,407.0,normalDay
2023-01-23,16974.0,-1022.0,0.0,100,400.63,411.0,0,0.0,0.0,,0.0,1,0.9,0.75,SPY230127C00407000,407.0,normalDay
2023-01-24,16974.0,-1059.0,0.0,100,400.2,411.0,0,0.0,0.0,,0.0,1,0.9,0.69,SPY230127C00407000,407.0,normalDay
2023-01-25,16974.0,-1007.0,0.0,100,400.35,411.0,0,0.0,0.0,,0.0,1,0.9,0.32,SPY230127C00407000,407.0,normalDay
2023-01-26,16974.0,-604.0,0.0,100,404.75,411.0,0,0.0,0.0,,0.0,1,0.9,0.69,SPY230127C00407000,407.0,normalDay
2023-01-27,17064.0,-532.0,90.0,100,405.68,411.0,0,0.0,0.0,,0.0,1,0.9,0.0,SPY230127C00407000,407.0,expirationDay
2023-01-30,17064.0,-1044.0,0.0,100,400.59,411.0,0,0.0,0.0,,0.0,1,0.66,0.69,SPY230210C00418000,418.0,normalDay
2023-01-31,17064.0,-513.0,0.0,100,406.48,411.0,0,0.0,0.0,,0.0,1,0.66,1.27,SPY230210C00418000,418.0,normalDay
2023-02-01,17064.0,-157.0,0.0,100,410.8,411.0,0,0.0,0.0,,0.0,1,0.66,2.03,SPY230210C00418000,418.0,normalDay
2023-02-02,17064.0,316.0,0.0,100,416.78,411.0,0,0.0,0.0,,0.0,1,0.66,3.28,SPY230210C00418000,418.0,normalDay
2023-02-03,17064.0,47.0,0.0,100,412.35,411.0,0,0.0,0.0,,0.0,1,0.66,1.54,SPY230210C00418000,418.0,normalDay
2023-02-06,17064.0,-127.0,0.0,100,409.83,411.0,0,0.0,0.0,,0.0,1,0.66,0.76,SPY230210C00418000,418.0,normalDay
2023-02-07,17064.0,350.0,0.0,100,415.19,411.0,0,0.0,0.0,,0.0,1,0.66,1.35,SPY230210C00418000,418.0,normalDay
2023-02-08,17064.0,-3.0,0.0,100,410.65,411.0,0,0.0,0.0,,0.0,1,0.66,0.34,SPY230210C00418000,418.0,normalDay
2023-02-09,17064.0,-328.0,0.0,100,407.09,411.0,0,0.0,0.0,,0.0,1,0.66,0.03,SPY230210C00418000,418.0,normalDay
2023-02-10,17130.0,-296.0,66.0,100,408.04,411.0,0,0.0,0.0,,0.0,1,0.66,0.0,SPY230210C00418000,418.0,expirationDay
2023-02-13,17130.0,180.0,0.0,100,412.83,411.0,0,0.0,0.0,,0.0,1,0.63,0.66,SPY230224C00429000,429.0,normalDay
2023-02-14,17130.0,205.0,0.0,100,412.64,411.0,0,0.0,0.0,,0.0,1,0.63,0.22,SPY230224C00429000,429.0,normalDay
2023-02-15,17130.0,343.0,0.0,100,413.98,411.0,0,0.0,0.0,,0.0,1,0.63,0.18,SPY230224C00429000,429.0,normalDay
2023-02-16,17130.0,-213.0,0.0,100,408.28,411.0,0,0.0,0.0,,0.0,1,0.63,0.04,SPY230224C00429000,429.0,normalDay
2023-02-17,17130.0,-313.0,0.0,100,407.26,411.0,0,0.0,0.0,,0.0,1,0.63,0.02,SPY230224C00429000,429.0,normalDay
2023-02-21,17130.0,-1129.0,0.0,100,399.09,411.0,0,0.0,0.0,,0.0,1,0.63,0.01,SPY230224C00429000,429.0,normalDay
2023-02-22,17130.0,-1184.0,0.0,100,398.54,411.0,0,0.0,0.0,,0.0,1,0.63,0.01,SPY230224C00429000,429.0,normalDay
2023-02-23,17130.0,-972.0,0.0,100,400.66,411.0,0,0.0,0.0,,0.0,1,0.63,0.01,SPY230224C00429000,429.0,normalDay
2023-02-24,17193.0,-1462.0,63.0,100,396.38,411.0,0,0.0,0.0,,0.0,1,0.63,0.0,SPY230224C00429000,429.0,expirationDay
2023-02-27,17193.0,-1330.0,0.0,100,397.73,411.0,0,0.0,0.0,,0.0,1,0.01,0.04,SPY230310C00427000,427.0,normalDay
2023-02-28,17193.0,-1476.0,0.0,100,396.26,411.0,0,0.0,0.0,,0.0,1,0.01,0.03,SPY230310C00427000,427.0,normalDay
2023-03-01,17193.0,-1627.0,0.0,100,394.74,411.0,0,0.0,0.0,,0.0,1,0.01,0.02,SPY230310C00427000,427.0,normalDay
2023-03-02,17193.0,-1320.0,0.0,100,397.81,411.0,0,0.0,0.0,,0.0,1,0.01,0.02,SPY230310C00427000,427.0,normalDay
2023-03-03,17193.0,-683.0,0.0,100,404.19,411.0,0,0.0,0.0,,0.0,1,0.01,0.03,SPY230310C00427000,427.0,normalDay
2023-03-06,17193.0,-654.0,0.0,100,404.47,411.0,0,0.0,0.0,,0.0,1,0.01,0.02,SPY230310C00427000,427.0,normalDay
2023-03-07,17193.0,-1273.0,0.0,100,398.27,411.0,0,0.0,0.0,,0.0,1,0.01,0.01,SPY230310C00427000,427.0,normalDay
2023-03-08,17193.0,-1208.0,0.0,100,398.92,411.0,0,0.0,0.0,,0.0,1,0.01,0.01,SPY230310C00427000,427.0,normalDay
2023-03-09,17193.0,-1944.0,0.0,100,391.56,411.0,0,0.0,0.0,,0.0,1,0.01,0.01,SPY230310C00427000,427.0,normalDay
2023-03-10,17194.0,-2509.0,1.0,100,385.91,411.0,0,0.0,0.0,,0.0,1,0.01,0.0,SPY230310C00427000,427.0,expirationDay
2023-03-13,17194.0,-2567.0,0.0,100,385.36,411.0,0,0.0,0.0,,0.0,1,0.02,0.05,SPY230324C00425000,425.0,normalDay
2023-03-14,17194.0,-1928.0,0.0,100,391.73,411.0,0,0.0,0.0,,0.0,1,0.02,0.03,SPY230324C00425000,425.0,normalDay
2023-03-15,17194.0,-2172.0,0.0,100,389.28,411.0,0,0.0,0.0,,0.0,1,0.02,0.02,SPY230324C00425000,425.0,normalDay
2023-03-16,17194.0,-1491.0,0.0,100,396.11,411.0,0,0.0,0.0,,0.0,1,0.02,0.04,SPY230324C00425000,425.0,normalDay
2023-03-17,17194.0,-2101.0,0.0,100,389.99,411.0,0,0.0,0.0,,0.0,1,0.02,0.02,SPY230324C00425000,425.0,normalDay
2023-03-20,17194.0,-1726.0,0.0,100,393.74,411.0,0,0.0,0.0,,0.0,1,0.02,0.02,SPY230324C00425000,425.0,normalDay
2023-03-21,17194.0,-1209.0,0.0,100,398.91,411.0,0,0.0,0.0,,0.0,1,0.02,0.02,SPY230324C00425000,425.0,normalDay
2023-03-22,17194.0,-1888.0,0.0,100,392.11,411.0,0,0.0,0.0,,0.0,1,0.02,0.01,SPY230324C00425000,425.0,normalDay
2023-03-23,17194.0,-1782.0,0.0,100,393.17,411.0,0,0.0,0.0,,0.0,1,0.02,0.01,SPY230324C00425000,425.0,normalDay
2023-03-24,17196.0,-1525.0,2.0,100,395.75,411.0,0,0.0,0.0,,0.0,1,0.02,0.0,SPY230324C00425000,425.0,expirationDay
2023-03-27,17196.0,-1454.0,0.0,100,396.49,411.0,0,0.0,0.0,,0.0,1,0.37,0.4,SPY230406C00411000,411.0,normalDay
2023-03-28,17196.0,-1528.0,0.0,100,395.6,411.0,0,0.0,0.0,,0.0,1,0.37,0.25,SPY230406C00411000,411.0,normalDay
2023-03-29,17196.0,-988.0,0.0,100,401.35,411.0,0,0.0,0.0,,0.0,1,0.37,0.6,SPY230406C00411000,411.0,normalDay
2023-03-30,17196.0,-767.0,0.0,100,403.7,411.0,0,0.0,0.0,,0.0,1,0.37,0.74,SPY230406C00411000,411.0,normalDay
2023-03-31,17196.0,-357.0,0.0,100,409.39,411.0,0,0.0,0.0,,0.0,1,0.37,2.33,SPY230406C00411000,411.0,normalDay
2023-04-03,17196.0,-204.0,0.0,100,410.95,411.0,0,0.0,0.0,,0.0,1,0.37,2.36,SPY230406C00411000,411.0,normalDay
2023-04-04,17196.0,-291.0,0.0,100,408.67,411.0,0,0.0,0.0,,0.0,1,0.37,0.95,SPY230406C00411000,411.0,normalDay
2023-04-05,17196.0,-323.0,0.0,100,407.6,411.0,0,0.0,0.0,,0.0,1,0.37,0.2,SPY230406C00411000,411.0,normalDay
2023-04-06,17233.0,-181.0,37.0,100,409.19,411.0,0,0.0,0.0,,0.0,1,0.37,0.0,SPY230406C00411000,411.0,expirationDay
2023-04-10,17233.0,-142.0,0.0,100,409.61,411.0,0,0.0,0.0,,0.0,1,0.34,0.37,SPY230421C00424000,424.0,normalDay
2023-04-11,17233.0,-130.0,0.0,100,409.72,411.0,0,0.0,0.0,,0.0,1,0.34,0.36,SPY230421C00424000,424.0,normalDay
2023-04-12,17233.0,-271.0,0.0,100,408.05,411.0,0,0.0,0.0,,0.0,1,0.34,0.1,SPY230421C00424000,424.0,normalDay
2023-04-13,17233.0,249.0,0.0,100,413.47,411.0,0,0.0,0.0,,0.0,1,0.34,0.32,SPY230421C00424000,424.0,normalDay
2023-04-14,17233.0,170.0,0.0,100,412.46,411.0,0,0.0,0.0,,0.0,1,0.34,0.1,SPY230421C00424000,424.0,normalDay
2023-04-17,17233.0,319.0,0.0,100,413.94,411.0,0,0.0,0.0,,0.0,1,0.34,0.09,SPY230421C00424000,424.0,normalDay
2023-04-18,17233.0,349.0,0.0,100,414.21,411.0,0,0.0,0.0,,0.0,1,0.34,0.06,SPY230421C00424000,424.0,normalDay
2023-04-19,17233.0,345.0,0.0,100,414.14,411.0,0,0.0,0.0,,0.0,1,0.34,0.03,SPY230421C00424000,424.0,normalDay
2023-04-20,17233.0,121.0,0.0,100,411.88,411.0,0,0.0,0.0,,0.0,1,0.34,0.01,SPY230421C00424000,424.0,normalDay
2023-04-21,17267.0,120.0,34.0,100,412.2,411.0,0,0.0,0.0,,0.0,1,0.34,0.0,SPY230421C00424000,424.0,expirationDay
2023-04-24,17267.0,160.0,0.0,100,412.63,411.0,0,0.0,0.0,,0.0,1,0.32,0.35,SPY230505C00426000,426.0,normalDay
2023-04-25,17267.0,-472.0,0.0,100,406.08,411.0,0,0.0,0.0,,0.0,1,0.32,0.12,SPY230505C00426000,426.0,normalDay
2023-04-26,17267.0,-637.0,0.0,100,404.36,411.0,0,0.0,0.0,,0.0,1,0.32,0.05,SPY230505C00426000,426.0,normalDay
2023-04-27,17267.0,148.0,0.0,100,412.41,411.0,0,0.0,0.0,,0.0,1,0.32,0.25,SPY230505C00426000,426.0,normalDay
2023-04-28,17267.0,492.0,0.0,100,415.93,411.0,0,0.0,0.0,,0.0,1,0.32,0.33,SPY230505C00426000,426.0,normalDay
2023-05-01,17267.0,468.0,0.0,100,415.51,411.0,0,0.0,0.0,,0.0,1,0.32,0.15,SPY230505C00426000,426.0,normalDay
2023-05-02,17267.0,12.0,0.0,100,410.84,411.0,0,0.0,0.0,,0.0,1,0.32,0.04,SPY230505C00426000,426.0,normalDay
2023-05-03,17267.0,-268.0,0.0,100,408.02,411.0,0,0.0,0.0,,0.0,1,0.32,0.02,SPY230505C00426000,426.0,normalDay
2023-05-04,17267.0,-556.0,0.0,100,405.13,411.0,0,0.0,0.0,,0.0,1,0.32,0.01,SPY230505C00426000,426.0,normalDay
2023-05-05,17299.0,163.0,32.0,100,412.63,411.0,0,0.0,0.0,,0.0,1,0.32,0.0,SPY230505C00426000,426.0,expirationDay
2023-05-08,17299.0,171.0,0.0,100,412.74,411.0,0,0.0,0.0,,0.0,1,0.58,0.61,SPY230519C00422000,422.0,normalDay
2023-05-09,17299.0,5.0,0.0,100,410.93,411.0,0,0.0,0.0,,0.0,1,0.58,0.46,SPY230519C00422000,422.0,normalDay
2023-05-10,17299.0,200.0,0.0,100,412.85,411.0,0,0.0,0.0,,0.0,1,0.58,0.43,SPY230519C00422000,422.0,normalDay
2023-05-11,17299.0,151.0,0.0,100,412.13,411.0,0,0.0,0.0,,0.0,1,0.58,0.2,SPY230519C00422000,422.0,normalDay
2023-05-12,17299.0,110.0,0.0,100,411.59,411.0,0,0.0,0.0,,0.0,1,0.58,0.07,SPY230519C00422000,422.0,normalDay
2023-05-15,17299.0,252.0,0.0,100,413.01,411.0,0,0.0,0.0,,0.0,1,0.58,0.07,SPY230519C00422000,422.0,normalDay
2023-05-16,17299.0,-21.0,0.0,100,410.25,411.0,0,0.0,0.0,,0.0,1,0.58,0.04,SPY230519C00422000,422.0,normalDay
2023-05-17,17299.0,471.0,0.0,100,415.23,411.0,0,0.0,0.0,,0.0,1,0.58,0.1,SPY230519C00422000,422.0,normalDay
2023-05-18,17299.0,853.0,0.0,100,419.23,411.0,0,0.0,0.0,,0.0,1,0.58,0.28,SPY230519C00422000,422.0,normalDay
2023-05-19,17357.0,762.0,58.0,100,418.62,411.0,0,0.0,0.0,,0.0,1,0.58,0.0,SPY230519C00422000,422.0,expirationDay
2023-05-22,17357.0,776.0,0.0,100,418.79,411.0,0,0.0,0.0,,0.0,1,1.51,1.54,SPY230602C00425000,425.0,normalDay
2023-05-23,17357.0,403.0,0.0,100,414.09,411.0,0,0.0,0.0,,0.0,1,1.51,0.57,SPY230602C00425000,425.0,normalDay
2023-05-24,17357.0,130.0,0.0,100,411.09,411.0,0,0.0,0.0,,0.0,1,1.51,0.3,SPY230602C00425000,425.0,normalDay
2023-05-25,17357.0,469.0,0.0,100,414.65,411.0,0,0.0,0.0,,0.0,1,1.51,0.47,SPY230602C00425000,425.0,normalDay
2023-05-26,17357.0,927.0,0.0,100,420.02,411.0,0,0.0,0.0,,0.0,1,1.51,1.26,SPY230602C00425000,425.0,normalDay
2023-05-30,17357.0,992.0,0.0,100,420.18,411.0,0,0.0,0.0,,0.0,1,1.51,0.77,SPY230602C00425000,425.0,normalDay
2023-05-31,17357.0,821.0,0.0,100,417.85,411.0,0,0.0,0.0,,0.0,1,1.51,0.15,SPY230602C00425000,425.0,normalDay
2023-06-01,17357.0,1199.0,0.0,100,421.82,411.0,0,0.0,0.0,,0.0,1,1.51,0.34,SPY230602C00425000,425.0,normalDay
2023-06-02,18908.0,1199.0,1551.0,0,427.92,0.0,0,0.0,0.0,,0.0,1,1.51,0.0,SPY230602C00425000,425.0,expirationDay
2023-06-05,18908.0,0.0,0.0,0,427.1,0.0,0,0.0,0.0,,0.0,0,0.0,0.0,,0.0,bidTooLow
2023-06-06,18908.0,-3.0,0.0,0,428.03,0.0,1,0.01,0.04,SPY230608P00412000,412.0,0,0.0,0.0,,0.0,normalDay
2023-06-07,18908.0,-2.0,0.0,0,426.55,0.0,1,0.01,0.03,SPY230608P00412000,412.0,0,0.0,0.0,,0.0,normalDay
2023-06-08,18909.0,0.0,1.0,0,429.13,0.0,1,0.01,0.0,SPY230608P00412000,412.0,0,0.0,0.0,,0.0,expirationDay
2023-06-09,18909.0,0.0,0.0,0,429.9,0.0,0,0.0,0.0,,0.0,0,0.0,0.0,,0.0,bidTooLow
2023-06-12,18909.0,-3.0,0.0,0,433.8,0.0,1,0.04,0.07,SPY230614P00414000,414.0,0,0.0,0.0,,0.0,normalDay
2023-06-13,18909.0,0.0,0.0,0,436.66,0.0,1,0.04,0.04,SPY230614P00414000,414.0,0,0.0,0.0,,0.0,normalDay
2023-06-14,18913.0,0.0,4.0,0,437.18,0.0,1,0.04,0.0,SPY230614P00414000,414.0,0,0.0,0.0,,0.0,expirationDay
2023-06-15,18913.0,-3.0,0.0,0,442.6,0.0,1,0.03,0.06,SPY230616P00416000,416.0,0,0.0,0.0,,0.0,normalDay
2023-06-16,18916.0,0.0,3.0,0,439.46,0.0,1,0.03,0.0,SPY230616P00416000,416.0,0,0.0,0.0,,0.0,expirationDay
2023-06-20,18916.0,0.0,0.0,0,437.18,0.0,0,0.0,0.0,,0.0,0,0.0,0.0,,0.0,bidTooLow
2023-06-21,18916.0,0.0,0.0,0,434.94,0.0,0,0.0,0.0,,0.0,0,0.0,0.0,,0.0,bidTooLow
2023-06-22,18916.0,0.0,0.0,0,436.51,0.0,0,0.0,0.0,,0.0,0,0.0,0.0,,0.0,bidTooLow
2023-06-23,18916.0,0.0,0.0,0,433.21,0.0,0,0.0,0.0,,0.0,0,0.0,0.0,,0.0,bidTooLow
2023-06-26,18916.0,-3.0,0.0,0,431.44,0.0,1,0.09,0.12,SPY230628P00424000,424.0,0,0.0,0.0,,0.0,normalDay
2023-06-27,18916.0,6.0,0.0,0,436.17,0.0,1,0.09,0.03,SPY230628P00424000,424.0,0,0.0,0.0,,0.0,normalDay
2023-06-28,18925.0,0.0,9.0,0,436.39,0.0,1,0.09,0.0,SPY230628P00424000,424.0,0,0.0,0.0,,0.0,expirationDay
2023-06-29,18925.0,-3.0,0.0,0,438.11,0.0,1,0.03,0.06,SPY230630P00428000,428.0,0,0.0,0.0,,0.0,normalDay
2023-06-30,18928.0,0.0,3.0,0,443.28,0.0,1,0.03,0.0,SPY230630P00428000,428.0,0,0.0,0.0,,0.0,expirationDay
2023-07-03,18928.0,-3.0,0.0,0,443.79,0.0,1,0.01,0.04,SPY230705P00430000,430.0,0,0.0,0.0,,0.0,normalDay
2023-07-05,18929.0,0.0,1.0,0,443.13,0.0,1,0.01,0.0,SPY230705P00430000,430.0,0,0.0,0.0,,0.0,expirationDay
2023-07-06,18929.0,-3.0,0.0,0,439.66,0.0,1,0.04,0.07,SPY230707P00432000,432.0,0,0.0,0.0,,0.0,normalDay
2023-07-07,18933.0,0.0,4.0,0,438.55,0.0,1,0.04,0.0,SPY230707P00432000,432.0,0,0.0,0.0,,0.0,expirationDay
2023-07-10,18933.0,-3.0,0.0,0,439.66,0.0,1,0.22,0.25,SPY230712P00434000,434.0,0,0.0,0.0,,0.0,normalDay
2023-07-11,18933.0,11.0,0.0,0,442.46,0.0,1,0.22,0.11,SPY230712P00434000,434.0,0,0.0,0.0,,0.0,normalDay
2023-07-12,18955.0,0.0,22.0,0,446.02,0.0,1,0.22,0.0,SPY230712P00434000,434.0,0,0.0,0.0,,0.0,expirationDay
2023-07-13,18955.0,-3.0,0.0,0,449.56,0.0,1,0.02,0.05,SPY230714P00435000,435.0,0,0.0,0.0,,0.0,normalDay
2023-07-14,18957.0,0.0,2.0,0,449.28,0.0,1,0.02,0.0,SPY230714P00435000,435.0,0,0.0,0.0,,0.0,expirationDay
2023-07-17,18957.0,-3.0,0.0,0,450.84,0.0,1,0.01,0.04,SPY230719P00435000,435.0,0,0.0,0.0,,0.0,normalDay
2023-07-18,18957.0,-2.0,0.0,0,454.19,0.0,1,0.01,0.03,SPY230719P00435000,435.0,0,0.0,0.0,,0.0,normalDay
2023-07-19,18958.0,0.0,1.0,0,455.2,0.0,1,0.01,0.0,SPY230719P00435000,435.0,0,0.0,0.0,,0.0,expirationDay
2023-07-20,18958.0,-3.0,0.0,0,452.18,0.0,1,0.01,0.04,SPY230721P00436000,436.0,0,0.0,0.0,,0.0,normalDay
2023-07-21,18959.0,0.0,1.0,0,452.18,0.0,1,0.01,0.0,SPY230721P00436000,436.0,0,0.0,0.0,,0.0,expirationDay
2023-07-24,18959.0,0.0,0.0,0,454.2,0.0,0,0.0,0.0,,0.0,0,0.0,0.0,,0.0,bidTooLow
2023-07-25,18959.0,-3.0,0.0,0,455.44,0.0,1,0.02,0.05,SPY230727P00439000,439.0,0,0.0,0.0,,0.0,normalDay
2023-07-26,18959.0,-1.0,0.0,0,455.51,0.0,1,0.02,0.03,SPY230727P00439000,439.0,0,0.0,0.0,,0.0,normalDay
2023-07-27,18961.0,0.0,2.0,0,452.49,0.0,1,0.02,0.0,SPY230727P00439000,439.0,0,0.0,0.0,,0.0,expirationDay
2023-07-28,18961.0,0.0,0.0,0,456.92,0.0,0,0.0,0.0,,0.0,0,0.0,0.0,,0.0,bidTooLow
2023-07-31,18961.0,-3.0,0.0,0,457.79,0.0,1,0.01,0.04,SPY230802P00443000,443.0,0,0.0,0.0,,0.0,normalDay
2023-08-01,18961.0,-1.0,0.0,0,456.48,0.0,1,0.01,0.02,SPY230802P00443000,443.0,0,0.0,0.0,,0.0,normalDay
2023-08-02,18962.0,0.0,1.0,0,450.13,0.0,1,0.01,0.0,SPY230802P00443000,443.0,0,0.0,0.0,,0.0,expirationDay
2023-08-03,18962.0,-3.0,0.0,0,448.84,0.0,1,0.3,0.33,SPY230804P00445000,445.0,0,0.0,0.0,,0.0,normalDay
2023-08-04,18992.0,0.0,30.0,0,446.81,0.0,1,0.3,0.0,SPY230804P00445000,445.0,0,0.0,0.0,,0.0,expirationDay
2023-08-07,18992.0,-3.0,0.0,0,450.71,0.0,1,0.6,0.63,SPY230809P00448000,448.0,0,0.0,0.0,,0.0,normalDay
2023-08-08,18992.0,-27.0,0.0,0,448.75,0.0,1,0.6,0.87,SPY230809P00448000,448.0,0,0.0,0.0,,0.0,normalDay
2023-08-09,19052.0,-225.0,60.0,100,445.75,448.0,1,0.6,0.0,SPY230809P00448000,448.0,0,0.0,0.0,,0.0,expirationDay
2023-08-10,19052.0,-212.0,0.0,100,445.91,448.0,0,0.0,0.0,,0.0,1,0.09,0.12,SPY230822C00463000,463.0,normalDay
2023-08-11,19052.0,-231.0,0.0,100,445.65,448.0,0,0.0,0.0,,0.0,1,0.09,0.05,SPY230822C00463000,463.0,normalDay
2023-08-14,19052.0,14.0,0.0,100,448.11,448.0,0,0.0,0.0,,0.0,1,0.09,0.06,SPY230822C00463000,463.0,normalDay
2023-08-15,19052.0,-504.0,0.0,100,442.89,448.0,0,0.0,0.0,,0.0,1,0.09,0.02,SPY230822C00463000,463.0,normalDay
2023-08-16,19052.0,-829.0,0.0,100,439.64,448.0,0,0.0,0.0,,0.0,1,0.09,0.02,SPY230822C00463000,463.0,normalDay
2023-08-17,19052.0,-1163.0,0.0,100,436.29,448.0,0,0.0,0.0,,0.0,1,0.09,0.01,SPY230822C00463000,463.0,normalDay
2023-08-18,19052.0,-1142.0,0.0,100,436.5,448.0,0,0.0,0.0,,0.0,1,0.09,0.01,SPY230822C00463000,463.0,normalDay
2023-08-21,19052.0,-858.0,0.0,100,439.34,448.0,0,0.0,0.0,,0.0,1,0.09,0.01,SPY230822C00463000,463.0,normalDay
2023-08-22,19061.0,-985.0,9.0,100,438.15,448.0,0,0.0,0.0,,0.0,1,0.09,0.0,SPY230822C00463000,463.0,expirationDay
2023-08-23,19061.0,-500.0,0.0,100,443.03,448.0,0,0.0,0.0,,0.0,1,0.01,0.04,SPY230901C00467000,467.0,normalDay
2023-08-24,19061.0,-1112.0,0.0,100,436.89,448.0,0,0.0,0.0,,0.0,1,0.01,0.02,SPY230901C00467000,467.0,normalDay
2023-08-25,19061.0,-803.0,0.0,100,439.97,448.0,0,0.0,0.0,,0.0,1,0.01,0.01,SPY230901C00467000,467.0,normalDay
2023-08-28,19061.0,-524.0,0.0,100,442.76,448.0,0,0.0,0.0,,0.0,1,0.01,0.01,SPY230901C00467000,467.0,normalDay
2023-08-29,19061.0,115.0,0.0,100,449.16,448.0,0,0.0,0.0,,0.0,1,0.01,0.02,SPY230901C00467000,467.0,normalDay
2023-08-30,19061.0,300.0,0.0,100,451.01,448.0,0,0.0,0.0,,0.0,1,0.01,0.02,SPY230901C00467000,467.0,normalDay
2023-08-31,19061.0,235.0,0.0,100,450.35,448.0,0,0.0,0.0,,0.0,1,0.01,0.01,SPY230901C00467000,467.0,normalDay
2023-09-01,19062.0,319.0,1.0,100,451.19,448.0,0,0.0,0.0,,0.0,1,0.01,0.0,SPY230901C00467000,467.0,expirationDay
2023-09-05,19062.0,121.0,0.0,100,449.24,448.0,0,0.0,0.0,,0.0,1,0.27,0.3,SPY230915C00460000,460.0,normalDay
2023-09-06,19062.0,-159.0,0.0,100,446.22,448.0,0,0.0,0.0,,0.0,1,0.27,0.08,SPY230915C00460000,460.0,normalDay
2023-09-07,19062.0,-293.0,0.0,100,444.85,448.0,0,0.0,0.0,,0.0,1,0.27,0.05,SPY230915C00460000,460.0,normalDay
2023-09-08,19062.0,-224.0,0.0,100,445.52,448.0,0,0.0,0.0,,0.0,1,0.27,0.03,SPY230915C00460000,460.0,normalDay
2023-09-11,19062.0,68.0,0.0,100,448.45,448.0,0,0.0,0.0,,0.0,1,0.27,0.04,SPY230915C00460000,460.0,normalDay
2023-09-12,19062.0,-176.0,0.0,100,445.99,448.0,0,0.0,0.0,,0.0,1,0.27,0.02,SPY230915C00460000,460.0,normalDay
2023-09-13,19062.0,-123.0,0.0,100,446.51,448.0,0,0.0,0.0,,0.0,1,0.27,0.01,SPY230915C00460000,460.0,normalDay
2023-09-14,19062.0,262.0,0.0,100,450.36,448.0,0,0.0,0.0,,0.0,1,0.27,0.01,SPY230915C00460000,460.0,normalDay
2023-09-15,19089.0,-463.0,27.0,100,443.37,448.0,0,0.0,0.0,,0.0,1,0.27,0.0,SPY230915C00460000,460.0,expirationDay
2023-09-18,19089.0,-440.0,0.0,100,443.63,448.0,0,0.0,0.0,,0.0,1,0.07,0.1,SPY230929C00459000,459.0,normalDay
2023-09-19,19089.0,-529.0,0.0,100,442.71,448.0,0,0.0,0.0,,0.0,1,0.07,0.07,SPY230929C00459000,459.0,normalDay
2023-09-20,19089.0,-932.0,0.0,100,438.64,448.0,0,0.0,0.0,,0.0,1,0.07,0.03,SPY230929C00459000,459.0,normalDay
2023-09-21,19089.0,-1656.0,0.0,100,431.39,448.0,0,0.0,0.0,,0.0,1,0.07,0.02,SPY230929C00459000,459.0,normalDay
2023-09-22,19089.0,-1752.0,0.0,100,430.42,448.0,0,0.0,0.0,,0.0,1,0.07,0.01,SPY230929C00459000,459.0,normalDay
2023-09-25,19089.0,-1571.0,0.0,100,432.23,448.0,0,0.0,0.0,,0.0,1,0.07,0.01,SPY230929C00459000,459.0,normalDay
2023-09-26,19089.0,-2206.0,0.0,100,425.88,448.0,0,0.0,0.0,,0.0,1,0.07,0.01,SPY230929C00459000,459.0,normalDay
2023-09-27,19089.0,-2189.0,0.0,100,426.05,448.0,0,0.0,0.0,,0.0,1,0.07,0.01,SPY230929C00459000,459.0,normalDay
2023-09-28,19089.0,-1942.0,0.0,100,428.52,448.0,0,0.0,0.0,,0.0,1,0.07,0.01,SPY230929C00459000,459.0,normalDay
2023-09-29,19096.0,-2052.0,7.0,100,427.48,448.0,0,0.0,0.0,,0.0,1,0.07,0.0,SPY230929C00459000,459.0,expirationDay
2023-10-02,19096.0,-2069.0,0.0,100,427.31,448.0,0,0.0,0.0,,0.0,0,0.0,0.0,,0.0,bidTooLow
2023-10-03,19096.0,-2641.0,0.0,100,421.59,448.0,0,0.0,0.0,,0.0,0,0.0,0.0,,0.0,bidTooLow
2023-10-04,19096.0,-2334.0,0.0,100,424.66,448.0,0,0.0,0.0,,0.0,0,0.0,0.0,,0.0,bidTooLow
2023-10-05,19096.0,-2350.0,0.0,100,424.5,448.0,0,0.0,0.0,,0.0,0,0.0,0.0,,0.0,bidTooLow
2023-10-06,19096.0,-1846.0,0.0,100,429.54,448.0,0,0.0,0.0,,0.0,0,0.0,0.0,,0.0,bidTooLow
2023-10-09,19096.0,-1571.0,0.0,100,432.29,448.0,0,0.0,0.0,,0.0,0,0.0,0.0,,0.0,bidTooLow
2023-10-10,19096.0,-1346.0,0.0,100,434.54,448.0,0,0.0,0.0,,0.0,0,0.0,0.0,,0.0,bidTooLow
2023-10-11,19096.0,-1168.0,0.0,100,436.32,448.0,0,0.0,0.0,,0.0,0,0.0,0.0,,0.0,bidTooLow
2023-10-12,19096.0,-1437.0,0.0,100,433.66,448.0,0,0.0,0.0,,0.0,1,0.11,0.14,SPY231024C00450000,450.0,normalDay
2023-10-13,19096.0,-1646.0,0.0,100,431.5,448.0,0,0.0,0.0,,0.0,1,0.11,0.07,SPY231024C00450000,450.0,normalDay
2023-10-16,19096.0,-1197.0,0.0,100,436.04,448.0,0,0.0,0.0,,0.0,1,0.11,0.12,SPY231024C00450000,450.0,normalDay
2023-10-17,19096.0,-1196.0,0.0,100,436.02,448.0,0,0.0,0.0,,0.0,1,0.11,0.09,SPY231024C00450000,450.0,normalDay
2023-10-18,19096.0,-1771.0,0.0,100,430.21,448.0,0,0.0,0.0,,0.0,1,0.11,0.03,SPY231024C00450000,450.0,normalDay
2023-10-19,19096.0,-2148.0,0.0,100,426.43,448.0,0,0.0,0.0,,0.0,1,0.11,0.02,SPY231024C00450000,450.0,normalDay
2023-10-20,19096.0,-2671.0,0.0,100,421.19,448.0,0,0.0,0.0,,0.0,1,0.11,0.01,SPY231024C00450000,450.0,normalDay
2023-10-23,19096.0,-2744.0,0.0,100,420.46,448.0,0,0.0,0.0,,0.0,1,0.11,0.01,SPY231024C00450000,450.0,normalDay
2023-10-24,19107.0,-2437.0,11.0,100,423.63,448.0,0,0.0,0.0,,0.0,1,0.11,0.0,SPY231024C00450000,450.0,expirationDay
2023-10-25,19107.0,-3048.0,0.0,100,417.55,448.0,0,0.0,0.0,,0.0,1,0.01,0.04,SPY231106C00446000,446.0,normalDay
2023-10-26,19107.0,-3547.0,0.0,100,412.55,448.0,0,0.0,0.0,,0.0,1,0.01,0.03,SPY231106C00446000,446.0,normalDay
2023-10-27,19107.0,-3733.0,0.0,100,410.68,448.0,0,0.0,0.0,,0.0,1,0.01,0.02,SPY231106C00446000,446.0,normalDay
2023-10-30,19107.0,-3242.0,0.0,100,415.59,448.0,0,0.0,0.0,,0.0,1,0.01,0.02,SPY231106C00446000,446.0,normalDay
2023-10-31,19107.0,-2980.0,0.0,100,418.2,448.0,0,0.0,0.0,,0.0,1,0.01,0.01,SPY231106C00446000,446.0,normalDay
2023-11-01,19107.0,-2534.0,0.0,100,422.66,448.0,0,0.0,0.0,,0.0,1,0.01,0.01,SPY231106C00446000,446.0,normalDay
2023-11-02,19107.0,-1724.0,0.0,100,430.76,448.0,0,0.0,0.0,,0.0,1,0.01,0.01,SPY231106C00446000,446.0,normalDay
2023-11-03,19107.0,-1331.0,0.0,100,434.69,448.0,0,0.0,0.0,,0.0,1,0.01,0.01,SPY231106C00446000,446.0,normalDay
2023-11-06,19108.0,-1231.0,1.0,100,435.69,448.0,0,0.0,0.0,,0.0,1,0.01,0.0,SPY231106C00446000,446.0,expirationDay
2023-11-07,19108.0,-1110.0,0.0,100,436.93,448.0,0,0.0,0.0,,0.0,1,0.07,0.1,SPY231117C00454000,454.0,normalDay
2023-11-08,19108.0,-1074.0,0.0,100,437.25,448.0,0,0.0,0.0,,0.0,1,0.07,0.06,SPY231117C00454000,454.0,normalDay
2023-11-09,19108.0,-1412.0,0.0,100,433.84,448.0,0,0.0,0.0,,0.0,1,0.07,0.03,SPY231117C00454000,454.0,normalDay
2023-11-10,19108.0,-740.0,0.0,100,440.61,448.0,0,0.0,0.0,,0.0,1,0.07,0.08,SPY231117C00454000,454.0,normalDay
2023-11-13,19108.0,-779.0,0.0,100,440.19,448.0,0,0.0,0.0,,0.0,1,0.07,0.05,SPY231117C00454000,454.0,normalDay
2023-11-14,19108.0,20.0,0.0,100,448.73,448.0,0,0.0,0.0,,0.0,1,0.07,0.6,SPY231117C00454000,454.0,normalDay
2023-11-15,19108.0,141.0,0.0,100,449.68,448.0,0,0.0,0.0,,0.0,1,0.07,0.34,SPY231117C00454000,454.0,normalDay
2023-11-16,19108.0,216.0,0.0,100,450.23,448.0,0,0.0,0.0,,0.0,1,0.07,0.14,SPY231117C00454000,454.0,normalDay
2023-11-17,19115.0,279.0,7.0,100,450.79,448.0,0,0.0,0.0,,0.0,1,0.07,0.0,SPY231117C00454000,454.0,expirationDay
2023-11-20,19115.0,626.0,0.0,100,454.26,448.0,0,0.0,0.0,,0.0,0,0.0,0.0,,0.0,bidTooLow
2023-11-21,19115.0,527.0,0.0,100,453.27,448.0,0,0.0,0.0,,0.0,0,0.0,0.0,,0.0,bidTooLow
2023-11-22,19115.0,702.0,0.0,100,455.02,448.0,0,0.0,0.0,,0.0,0,0.0,0.0,,0.0,bidTooLow
2023-11-24,19115.0,730.0,0.0,100,455.3,448.0,0,0.0,0.0,,0.0,0,0.0,0.0,,0.0,bidTooLow
2023-11-27,19115.0,648.0,0.0,100,454.48,448.0,0,0.0,0.0,,0.0,0,0.0,0.0,,0.0,bidTooLow
2023-11-28,19115.0,693.0,0.0,100,454.93,448.0,0,0.0,0.0,,0.0,0,0.0,0.0,,0.0,bidTooLow
2023-11-29,19115.0,661.0,0.0,100,454.61,448.0,0,0.0,0.0,,0.0,0,0.0,0.0,,0.0,bidTooLow
2023-11-30,19115.0,837.0,0.0,100,456.4,448.0,0,0.0,0.0,,0.0,1,0.16,0.19,SPY231212C00470000,470.0,normalDay
