date,totalCapital,unrializedPnL,rializedPnL,stocksOwned,stocksPriceToday,stocksPriceBoughtAt,putOwned,putOwnedSoldAt,putPriceToday,putOwnedContract,putOwnedStrike,callOwned,callOwnedSoldAt,callPriceToday,callOwnedContract,callOwnedStrike,trackType
2018-11-01,0.0,-11.0,0.0,0,273.51,0.0,1,9.35,9.46,SPY190329P00267000,267.0,0,0.0,0.0,,0.0,normalDay
2018-11-02,0.0,-64.0,0.0,0,271.89,0.0,1,9.35,9.99,SPY190329P00267000,267.0,0,0.0,0.0,,0.0,normalDay
2018-11-05,0.0,14.0,0.0,0,273.39,0.0,1,9.35,9.21,SPY190329P00267000,267.0,0,0.0,0.0,,0.0,normalDay
2018-11-06,0.0,88.0,0.0,0,275.12,0.0,1,9.35,8.47,SPY190329P00267000,267.0,0,0.0,0.0,,0.0,normalDay
2018-11-07,0.0,310.0,0.0,0,281.01,0.0,1,9.35,6.25,SPY190329P00267000,267.0,0,0.0,0.0,,0.0,normalDay
2018-11-08,0.0,315.0,0.0,0,280.5,0.0,1,9.35,6.2,SPY190329P00267000,267.0,0,0.0,0.0,,0.0,normalDay
2018-11-09,0.0,212.0,0.0,0,277.76,0.0,1,9.35,7.23,SPY190329P00267000,267.0,0,0.0,0.0,,0.0,normalDay
2018-11-12,0.0,18.0,0.0,0,272.57,0.0,1,9.35,9.17,SPY190329P00267000,267.0,0,0.0,0.0,,0.0,normalDay
2018-11-13,0.0,-19.0,0.0,0,272.06,0.0,1,9.35,9.54,SPY190329P00267000,267.0,0,0.0,0.0,,0.0,normalDay
2018-11-14,0.0,-127.0,0.0,0,270.2,0.0,1,9.35,10.62,SPY190329P00267000,267.0,0,0.0,0.0,,0.0,normalDay
2018-11-15,0.0,4.0,0.0,0,273.02,0.0,1,9.35,9.31,SPY190329P00267000,267.0,0,0.0,0.0,,0.0,normalDay
2018-11-16,0.0,75.0,0.0,0,273.73,0.0,1,9.35,8.6,SPY190329P00267000,267.0,0,0.0,0.0,,0.0,normalDay
2018-11-19,0.0,-123.0,0.0,0,269.1,0.0,1,9.35,10.58,SPY190329P00267000,267.0,0,0.0,0.0,,0.0,normalDay
2018-11-20,0.0,-399.0,0.0,0,264.12,0.0,1,9.35,13.34,SPY190329P00267000,267.0,0,0.0,0.0,,0.0,normalDay
2018-11-21,0.0,-311.0,0.0,0,265.02,0.0,1,9.35,12.46,SPY190329P00267000,267.0,0,0.0,0.0,,0.0,normalDay
2018-11-23,0.0,-407.0,0.0,0,263.25,0.0,1,9.35,13.42,SPY190329P00267000,267.0,0,0.0,0.0,,0.0,normalDay
2018-11-26,0.0,-123.0,0.0,0,267.5,0.0,1,9.35,10.58,SPY190329P00267000,267.0,0,0.0,0.0,,0.0,normalDay
2018-11-27,0.0,-97.0,0.0,0,268.4,0.0,1,9.35,10.32,SPY190329P00267000,267.0,0,0.0,0.0,,0.0,normalDay
2018-11-28,0.0,130.0,0.0,0,274.58,0.0,1,9.35,8.05,SPY190329P00267000,267.0,0,0.0,0.0,,0.0,normalDay
2018-11-29,0.0,114.0,0.0,0,273.98,0.0,1,9.35,8.21,SPY190329P00267000,267.0,0,0.0,0.0,,0.0,normalDay
2018-11-30,0.0,192.0,0.0,0,275.65,0.0,1,9.35,7.43,SPY190329P00267000,267.0,0,0.0,0.0,,0.0,normalDay
2018-12-03,0.0,332.0,0.0,0,279.3,0.0,1,9.35,6.03,SPY190329P00267000,267.0,0,0.0,0.0,,0.0,normalDay
2018-12-04,0.0,-36.0,0.0,0,270.25,0.0,1,9.35,9.71,SPY190329P00267000,267.0,0,0.0,0.0,,0.0,normalDay
2018-12-06,0.0,-57.0,0.0,0,269.84,0.0,1,9.35,9.92,SPY190329P00267000,267.0,0,0.0,0.0,,0.0,normalDay
2018-12-07,0.0,-383.0,0.0,0,263.57,0.0,1,9.35,13.18,SPY190329P00267000,267.0,0,0.0,0.0,,0.0,normalDay
2018-12-10,0.0,-310.0,0.0,0,264.07,0.0,1,9.35,12.45,SPY190329P00267000,267.0,0,0.0,0.0,,0.0,normalDay
2018-12-11,0.0,-302.0,0.0,0,264.13,0.0,1,9.35,12.37,SPY190329P00267000,267.0,0,0.0,0.0,,0.0,normalDay
2018-12-12,0.0,-256.0,0.0,0,265.46,0.0,1,9.35,11.91,SPY190329P00267000,267.0,0,0.0,0.0,,0.0,normalDay
2018-12-13,0.0,-245.0,0.0,0,265.37,0.0,1,9.35,11.8,SPY190329P00267000,267.0,0,0.0,0.0,,0.0,normalDay
2018-12-14,0.0,-499.0,0.0,0,260.47,0.0,1,9.35,14.34,SPY190329P00267000,267.0,0,0.0,0.0,,0.0,normalDay
2018-12-17,0.0,-829.0,0.0,0,255.36,0.0,1,9.35,17.64,SPY190329P00267000,267.0,0,0.0,0.0,,0.0,normalDay
2018-12-18,0.0,-896.0,0.0,0,255.08,0.0,1,9.35,18.31,SPY190329P00267000,267.0,0,0.0,0.0,,0.0,normalDay
2018-12-19,0.0,-1101.0,0.0,0,251.26,0.0,1,9.35,20.36,SPY190329P00267000,267.0,0,0.0,0.0,,0.0,normalDay
2018-12-20,0.0,-1394.0,0.0,0,247.17,0.0,1,9.35,23.29,SPY190329P00267000,267.0,0,0.0,0.0,,0.0,normalDay
2018-12-21,0.0,-1912.0,0.0,0,240.7,0.0,1,9.35,28.47,SPY190329P00267000,267.0,0,0.0,0.0,,0.0,normalDay
2018-12-24,0.0,-2615.0,0.0,0,234.34,0.0,1,9.35,35.5,SPY190329P00267000,267.0,0,0.0,0.0,,0.0,normalDay
2018-12-26,0.0,-1398.0,0.0,0,246.18,0.0,1,9.35,23.33,SPY190329P00267000,267.0,0,0.0,0.0,,0.0,normalDay
2018-12-27,0.0,-1255.0,0.0,0,248.07,0.0,1,9.35,21.9,SPY190329P00267000,267.0,0,0.0,0.0,,0.0,normalDay
2018-12-28,0.0,-1296.0,0.0,0,247.75,0.0,1,9.35,22.31,SPY190329P00267000,267.0,0,0.0,0.0,,0.0,normalDay
2018-12-31,0.0,-1082.0,0.0,0,249.92,0.0,1,9.35,20.17,SPY190329P00267000,267.0,0,0.0,0.0,,0.0,normalDay
2019-01-02,0.0,-1006.0,0.0,0,250.18,0.0,1,9.35,19.41,SPY190329P00267000,267.0,0,0.0,0.0,,0.0,normalDay
2019-01-03,0.0,-1532.0,0.0,0,244.21,0.0,1,9.35,24.67,SPY190329P00267000,267.0,0,0.0,0.0,,0.0,normalDay
2019-01-04,0.0,-835.0,0.0,0,252.39,0.0,1,9.35,17.7,SPY190329P00267000,267.0,0,0.0,0.0,,0.0,normalDay
2019-01-07,0.0,-692.0,0.0,0,254.38,0.0,1,9.35,16.27,SPY190329P00267000,267.0,0,0.0,0.0,,0.0,normalDay
2019-01-08,0.0,-509.0,0.0,0,256.77,0.0,1,9.35,14.44,SPY190329P00267000,267.0,0,0.0,0.0,,0.0,normalDay
2019-01-09,0.0,-407.0,0.0,0,257.97,0.0,1,9.35,13.42,SPY190329P00267000,267.0,0,0.0,0.0,,0.0,normalDay
2019-01-10,0.0,-331.0,0.0,0,258.88,0.0,1,9.35,12.66,SPY190329P00267000,267.0,0,0.0,0.0,,0.0,normalDay
2019-01-11,0.0,-287.0,0.0,0,258.98,0.0,1,9.35,12.22,SPY190329P00267000,267.0,0,0.0,0.0,,0.0,normalDay
2019-01-14,0.0,-360.0,0.0,0,257.4,0.0,1,9.35,12.95,SPY190329P00267000,267.0,0,0.0,0.0,,0.0,normalDay
2019-01-15,0.0,-151.0,0.0,0,260.35,0.0,1,9.35,10.86,SPY190329P00267000,267.0,0,0.0,0.0,,0.0,normalDay
2019-01-16,0.0,-108.0,0.0,0,260.98,0.0,1,9.35,10.43,SPY190329P00267000,267.0,0,0.0,0.0,,0.0,normalDay
2019-01-17,0.0,11.0,0.0,0,262.96,0.0,1,9.35,9.24,SPY190329P00267000,267.0,0,0.0,0.0,,0.0,normalDay
2019-01-18,0.0,172.0,0.0,0,266.46,0.0,1,9.35,7.63,SPY190329P00267000,267.0,0,0.0,0.0,,0.0,normalDay
2019-01-22,0.0,-27.0,0.0,0,262.86,0.0,1,9.35,9.62,SPY190329P00267000,267.0,0,0.0,0.0,,0.0,normalDay
2019-01-23,0.0,-6.0,0.0,0,263.41,0.0,1,9.35,9.41,SPY190329P00267000,267.0,0,0.0,0.0,,0.0,normalDay
2019-01-24,0.0,18.0,0.0,0,263.55,0.0,1,9.35,9.17,SPY190329P00267000,267.0,0,0.0,0.0,,0.0,normalDay
2019-01-25,0.0,177.0,0.0,0,265.78,0.0,1,9.35,7.58,SPY190329P00267000,267.0,0,0.0,0.0,,0.0,normalDay
2019-01-28,0.0,66.0,0.0,0,263.76,0.0,1,9.35,8.69,SPY190329P00267000,267.0,0,0.0,0.0,,0.0,normalDay
2019-01-29,0.0,45.0,0.0,0,263.41,0.0,1,9.35,8.9,SPY190329P00267000,267.0,0,0.0,0.0,,0.0,normalDay
2019-01-30,0.0,275.0,0.0,0,267.58,0.0,1,9.35,6.6,SPY190329P00267000,267.0,0,0.0,0.0,,0.0,normalDay
2019-01-31,0.0,425.0,0.0,0,269.93,0.0,1,9.35,5.1,SPY190329P00267000,267.0,0,0.0,0.0,,0.0,normalDay
2019-02-01,0.0,440.0,0.0,0,270.06,0.0,1,9.35,4.95,SPY190329P00267000,267.0,0,0.0,0.0,,0.0,normalDay
2019-02-04,0.0,528.0,0.0,0,271.96,0.0,1,9.35,4.07,SPY190329P00267000,267.0,0,0.0,0.0,,0.0,normalDay
2019-02-05,0.0,560.0,0.0,0,273.1,0.0,1,9.35,3.75,SPY190329P00267000,267.0,0,0.0,0.0,,0.0,normalDay
2019-02-06,0.0,564.0,0.0,0,272.74,0.0,1,9.35,3.71,SPY190329P00267000,267.0,0,0.0,0.0,,0.0,normalDay
2019-02-07,0.0,469.0,0.0,0,270.14,0.0,1,9.35,4.66,SPY190329P00267000,267.0,0,0.0,0.0,,0.0,normalDay
2019-02-08,0.0,489.0,0.0,0,270.47,0.0,1,9.35,4.46,SPY190329P00267000,267.0,0,0.0,0.0,,0.0,normalDay
2019-02-11,0.0,510.0,0.0,0,270.62,0.0,1,9.35,4.25,SPY190329P00267000,267.0,0,0.0,0.0,,0.0,normalDay
2019-02-12,0.0,635.0,0.0,0,274.1,0.0,1,9.35,3.0,SPY190329P00267000,267.0,0,0.0,0.0,,0.0,normalDay
2019-02-13,0.0,649.0,0.0,0,274.99,0.0,1,9.35,2.86,SPY190329P00267000,267.0,0,0.0,0.0,,0.0,normalDay
2019-02-14,0.0,626.0,0.0,0,274.38,0.0,1,9.35,3.09,SPY190329P00267000,267.0,0,0.0,0.0,,0.0,normalDay
2019-02-15,0.0,722.0,0.0,0,277.37,0.0,1,9.35,2.13,SPY190329P00267000,267.0,0,0.0,0.0,,0.0,normalDay
2019-02-19,0.0,743.0,0.0,0,277.85,0.0,1,9.35,1.92,SPY190329P00267000,267.0,0,0.0,0.0,,0.0,normalDay
2019-02-20,0.0,777.0,0.0,0,278.41,0.0,1,9.35,1.58,SPY190329P00267000,267.0,0,0.0,0.0,,0.0,normalDay
2019-02-21,0.0,760.0,0.0,0,277.42,0.0,1,9.35,1.75,SPY190329P00267000,267.0,0,0.0,0.0,,0.0,normalDay
2019-02-22,0.0,804.0,0.0,0,279.14,0.0,1,9.35,1.31,SPY190329P00267000,267.0,0,0.0,0.0,,0.0,normalDay
2019-02-25,0.0,805.0,0.0,0,279.52,0.0,1,9.35,1.3,SPY190329P00267000,267.0,0,0.0,0.0,,0.0,normalDay
2019-02-26,0.0,800.0,0.0,0,279.32,0.0,1,9.35,1.35,SPY190329P00267000,267.0,0,0.0,0.0,,0.0,normalDay
2019-02-27,0.0,808.0,0.0,0,279.2,0.0,1,9.35,1.27,SPY190329P00267000,267.0,0,0.0,0.0,,0.0,normalDay
2019-02-28,0.0,804.0,0.0,0,278.68,0.0,1,9.35,1.31,SPY190329P00267000,267.0,0,0.0,0.0,,0.0,normalDay
2019-03-01,0.0,845.0,0.0,0,280.42,0.0,1,9.35,0.9,SPY190329P00267000,267.0,0,0.0,0.0,,0.0,normalDay
2019-03-04,0.0,826.0,0.0,0,279.4,0.0,1,9.35,1.09,SPY190329P00267000,267.0,0,0.0,0.0,,0.0,normalDay
2019-03-05,0.0,825.0,0.0,0,279.02,0.0,1,9.35,1.1,SPY190329P00267000,267.0,0,0.0,0.0,,0.0,normalDay
2019-03-06,0.0,796.0,0.0,0,277.33,0.0,1,9.35,1.39,SPY190329P00267000,267.0,0,0.0,0.0,,0.0,normalDay
2019-03-07,0.0,752.0,0.0,0,275.01,0.0,1,9.35,1.83,SPY190329P00267000,267.0,0,0.0,0.0,,0.0,normalDay
2019-03-08,0.0,762.0,0.0,0,274.46,0.0,1,9.35,1.73,SPY190329P00267000,267.0,0,0.0,0.0,,0.0,normalDay
2019-03-11,0.0,857.0,0.0,0,278.44,0.0,1,9.35,0.78,SPY190329P00267000,267.0,0,0.0,0.0,,0.0,normalDay
2019-03-12,0.0,877.0,0.0,0,279.49,0.0,1,9.35,0.58,SPY190329P00267000,267.0,0,0.0,0.0,,0.0,normalDay
2019-03-13,0.0,898.0,0.0,0,281.34,0.0,1,9.35,0.37,SPY190329P00267000,267.0,0,0.0,0.0,,0.0,normalDay
2019-03-14,0.0,900.0,0.0,0,281.16,0.0,1,9.35,0.35,SPY190329P00267000,267.0,0,0.0,0.0,,0.0,normalDay
2019-03-15,0.0,914.0,0.0,0,281.31,0.0,1,9.35,0.21,SPY190329P00267000,267.0,0,0.0,0.0,,0.0,normalDay
2019-03-18,0.0,920.0,0.0,0,282.33,0.0,1,9.35,0.15,SPY190329P00267000,267.0,0,0.0,0.0,,0.0,normalDay
2019-03-19,0.0,919.0,0.0,0,282.4,0.0,1,9.35,0.16,SPY190329P00267000,267.0,0,0.0,0.0,,0.0,normalDay
2019-03-20,0.0,921.0,0.0,0,281.55,0.0,1,9.35,0.14,SPY190329P00267000,267.0,0,0.0,0.0,,0.0,normalDay
2019-03-21,0.0,928.0,0.0,0,284.73,0.0,1,9.35,0.07,SPY190329P00267000,267.0,0,0.0,0.0,,0.0,normalDay
2019-03-22,0.0,914.0,0.0,0,279.25,0.0,1,9.35,0.21,SPY190329P00267000,267.0,0,0.0,0.0,,0.0,normalDay
2019-03-25,0.0,927.0,0.0,0,279.04,0.0,1,9.35,0.08,SPY190329P00267000,267.0,0,0.0,0.0,,0.0,normalDay
2019-03-26,0.0,932.0,0.0,0,281.12,0.0,1,9.35,0.03,SPY190329P00267000,267.0,0,0.0,0.0,,0.0,normalDay
2019-03-27,0.0,932.0,0.0,0,279.65,0.0,1,9.35,0.03,SPY190329P00267000,267.0,0,0.0,0.0,,0.0,normalDay
2019-03-28,0.0,934.0,0.0,0,280.71,0.0,1,9.35,0.01,SPY190329P00267000,267.0,0,0.0,0.0,,0.0,normalDay
2019-03-29,935.0,0.0,935.0,0,282.48,0.0,1,9.35,0.0,SPY190329P00267000,267.0,0,0.0,0.0,,0.0,expirationDay
2019-04-01,935.0,-6.0,0.0,0,285.83,0.0,1,7.93,7.99,SPY190930P00277000,277.0,0,0.0,0.0,,0.0,normalDay
2019-04-02,935.0,1.0,0.0,0,285.97,0.0,1,7.93,7.92,SPY190930P00277000,277.0,0,0.0,0.0,,0.0,normalDay
2019-04-03,935.0,27.0,0.0,0,286.42,0.0,1,7.93,7.66,SPY190930P00277000,277.0,0,0.0,0.0,,0.0,normalDay
2019-04-04,935.0,48.0,0.0,0,287.18,0.0,1,7.93,7.45,SPY190930P00277000,277.0,0,0.0,0.0,,0.0,normalDay
2019-04-05,935.0,104.0,0.0,0,288.57,0.0,1,7.93,6.89,SPY190930P00277000,277.0,0,0.0,0.0,,0.0,normalDay
2019-04-08,935.0,114.0,0.0,0,288.79,0.0,1,7.93,6.79,SPY190930P00277000,277.0,0,0.0,0.0,,0.0,normalDay
2019-04-09,935.0,43.0,0.0,0,287.31,0.0,1,7.93,7.5,SPY190930P00277000,277.0,0,0.0,0.0,,0.0,normalDay
2019-04-10,935.0,102.0,0.0,0,288.29,0.0,1,7.93,6.91,SPY190930P00277000,277.0,0,0.0,0.0,,0.0,normalDay
2019-04-11,935.0,99.0,0.0,0,288.21,0.0,1,7.93,6.94,SPY190930P00277000,277.0,0,0.0,0.0,,0.0,normalDay
2019-04-12,935.0,176.0,0.0,0,290.16,0.0,1,7.93,6.17,SPY190930P00277000,277.0,0,0.0,0.0,,0.0,normalDay
2019-04-15,935.0,179.0,0.0,0,289.97,0.0,1,7.93,6.14,SPY190930P00277000,277.0,0,0.0,0.0,,0.0,normalDay
2019-04-16,935.0,184.0,0.0,0,290.16,0.0,1,7.93,6.09,SPY190930P00277000,277.0,0,0.0,0.0,,0.0,normalDay
2019-04-17,935.0,160.0,0.0,0,289.45,0.0,1,7.93,6.33,SPY190930P00277000,277.0,0,0.0,0.0,,0.0,normalDay
2019-04-18,935.0,181.0,0.0,0,290.02,0.0,1,7.93,6.12,SPY190930P00277000,277.0,0,0.0,0.0,,0.0,normalDay
2019-04-22,935.0,201.0,0.0,0,290.27,0.0,1,7.93,5.92,SPY190930P00277000,277.0,0,0.0,0.0,,0.0,normalDay
2019-04-23,935.0,264.0,0.0,0,292.88,0.0,1,7.93,5.29,SPY190930P00277000,277.0,0,0.0,0.0,,0.0,normalDay
2019-04-24,935.0,241.0,0.0,0,292.23,0.0,1,7.93,5.52,SPY190930P00277000,277.0,0,0.0,0.0,,0.0,normalDay
2019-04-25,935.0,228.0,0.0,0,292.05,0.0,1,7.93,5.65,SPY190930P00277000,277.0,0,0.0,0.0,,0.0,normalDay
2019-04-26,935.0,268.0,0.0,0,293.41,0.0,1,7.93,5.25,SPY190930P00277000,277.0,0,0.0,0.0,,0.0,normalDay
2019-04-29,935.0,274.0,0.0,0,293.87,0.0,1,7.93,5.19,SPY190930P00277000,277.0,0,0.0,0.0,,0.0,normalDay
2019-04-30,935.0,282.0,0.0,0,294.02,0.0,1,7.93,5.11,SPY190930P00277000,277.0,0,0.0,0.0,,0.0,normalDay
2019-05-01,935.0,204.0,0.0,0,291.81,0.0,1,7.93,5.89,SPY190930P00277000,277.0,0,0.0,0.0,,0.0,normalDay
2019-05-02,935.0,193.0,0.0,0,291.18,0.0,1,7.93,6.0,SPY190930P00277000,277.0,0,0.0,0.0,,0.0,normalDay
2019-05-03,935.0,284.0,0.0,0,294.03,0.0,1,7.93,5.09,SPY190930P00277000,277.0,0,0.0,0.0,,0.0,normalDay
2019-05-06,935.0,228.0,0.0,0,292.82,0.0,1,7.93,5.65,SPY190930P00277000,277.0,0,0.0,0.0,,0.0,normalDay
2019-05-07,935.0,16.0,0.0,0,287.93,0.0,1,7.93,7.77,SPY190930P00277000,277.0,0,0.0,0.0,,0.0,normalDay
2019-05-08,935.0,29.0,0.0,0,287.53,0.0,1,7.93,7.64,SPY190930P00277000,277.0,0,0.0,0.0,,0.0,normalDay
2019-05-09,935.0,19.0,0.0,0,286.66,0.0,1,7.93,7.74,SPY190930P00277000,277.0,0,0.0,0.0,,0.0,normalDay
2019-05-10,935.0,104.0,0.0,0,288.1,0.0,1,7.93,6.89,SPY190930P00277000,277.0,0,0.0,0.0,,0.0,normalDay
2019-05-13,935.0,-209.0,0.0,0,280.86,0.0,1,7.93,10.02,SPY190930P00277000,277.0,0,0.0,0.0,,0.0,normalDay
2019-05-14,935.0,-65.0,0.0,0,283.4,0.0,1,7.93,8.58,SPY190930P00277000,277.0,0,0.0,0.0,,0.0,normalDay
2019-05-15,935.0,29.0,0.0,0,285.06,0.0,1,7.93,7.64,SPY190930P00277000,277.0,0,0.0,0.0,,0.0,normalDay
2019-05-16,935.0,135.0,0.0,0,287.7,0.0,1,7.93,6.58,SPY190930P00277000,277.0,0,0.0,0.0,,0.0,normalDay
2019-05-17,935.0,72.0,0.0,0,285.84,0.0,1,7.93,7.21,SPY190930P00277000,277.0,0,0.0,0.0,,0.0,normalDay
2019-05-20,935.0,23.0,0.0,0,283.95,0.0,1,7.93,7.7,SPY190930P00277000,277.0,0,0.0,0.0,,0.0,normalDay
2019-05-21,935.0,129.0,0.0,0,286.51,0.0,1,7.93,6.64,SPY190930P00277000,277.0,0,0.0,0.0,,0.0,normalDay
2019-05-22,935.0,109.0,0.0,0,285.63,0.0,1,7.93,6.84,SPY190930P00277000,277.0,0,0.0,0.0,,0.0,normalDay
2019-05-23,935.0,-59.0,0.0,0,282.14,0.0,1,7.93,8.52,SPY190930P00277000,277.0,0,0.0,0.0,,0.0,normalDay
2019-05-24,935.0,-8.0,0.0,0,282.78,0.0,1,7.93,8.01,SPY190930P00277000,277.0,0,0.0,0.0,,0.0,normalDay
2019-05-28,935.0,-107.0,0.0,0,280.15,0.0,1,7.93,9.0,SPY190930P00277000,277.0,0,0.0,0.0,,0.0,normalDay
2019-05-29,935.0,-203.0,0.0,0,278.27,0.0,1,7.93,9.96,SPY190930P00277000,277.0,0,0.0,0.0,,0.0,normalDay
2019-05-30,935.0,-165.0,0.0,0,279.03,0.0,1,7.93,9.58,SPY190930P00277000,277.0,0,0.0,0.0,,0.0,normalDay
2019-05-31,935.0,-358.0,0.0,0,275.27,0.0,1,7.93,11.51,SPY190930P00277000,277.0,0,0.0,0.0,,0.0,normalDay
2019-06-03,935.0,-362.0,0.0,0,274.57,0.0,1,7.93,11.55,SPY190930P00277000,277.0,0,0.0,0.0,,0.0,normalDay
2019-06-04,935.0,-79.0,0.0,0,280.53,0.0,1,7.93,8.72,SPY190930P00277000,277.0,0,0.0,0.0,,0.0,normalDay
2019-06-05,935.0,25.0,0.0,0,282.96,0.0,1,7.93,7.68,SPY190930P00277000,277.0,0,0.0,0.0,,0.0,normalDay
2019-06-06,935.0,94.0,0.0,0,284.8,0.0,1,7.93,6.99,SPY190930P00277000,277.0,0,0.0,0.0,,0.0,normalDay
2019-06-07,935.0,164.0,0.0,0,287.65,0.0,1,7.93,6.29,SPY190930P00277000,277.0,0,0.0,0.0,,0.0,normalDay
2019-06-10,935.0,219.0,0.0,0,288.97,0.0,1,7.93,5.74,SPY190930P00277000,277.0,0,0.0,0.0,,0.0,normalDay
2019-06-11,935.0,207.0,0.0,0,288.9,0.0,1,7.93,5.86,SPY190930P00277000,277.0,0,0.0,0.0,,0.0,normalDay
2019-06-12,935.0,203.0,0.0,0,288.39,0.0,1,7.93,5.9,SPY190930P00277000,277.0,0,0.0,0.0,,0.0,normalDay
2019-06-13,935.0,241.0,0.0,0,289.58,0.0,1,7.93,5.52,SPY190930P00277000,277.0,0,0.0,0.0,,0.0,normalDay
2019-06-14,935.0,250.0,0.0,0,289.26,0.0,1,7.93,5.43,SPY190930P00277000,277.0,0,0.0,0.0,,0.0,normalDay
2019-06-17,935.0,260.0,0.0,0,289.37,0.0,1,7.93,5.33,SPY190930P00277000,277.0,0,0.0,0.0,,0.0,normalDay
2019-06-18,935.0,327.0,0.0,0,292.4,0.0,1,7.93,4.66,SPY190930P00277000,277.0,0,0.0,0.0,,0.0,normalDay
2019-06-19,935.0,367.0,0.0,0,293.06,0.0,1,7.93,4.26,SPY190930P00277000,277.0,0,0.0,0.0,,0.0,normalDay
2019-06-20,935.0,413.0,0.0,0,295.86,0.0,1,7.93,3.8,SPY190930P00277000,277.0,0,0.0,0.0,,0.0,normalDay
2019-06-21,935.0,394.0,0.0,0,294.0,0.0,1,7.93,3.99,SPY190930P00277000,277.0,0,0.0,0.0,,0.0,normalDay
2019-06-24,935.0,402.0,0.0,0,293.64,0.0,1,7.93,3.91,SPY190930P00277000,277.0,0,0.0,0.0,,0.0,normalDay
2019-06-25,935.0,328.0,0.0,0,290.76,0.0,1,7.93,4.65,SPY190930P00277000,277.0,0,0.0,0.0,,0.0,normalDay
2019-06-26,935.0,323.0,0.0,0,290.47,0.0,1,7.93,4.7,SPY190930P00277000,277.0,0,0.0,0.0,,0.0,normalDay
2019-06-27,935.0,368.0,0.0,0,291.5,0.0,1,7.93,4.25,SPY190930P00277000,277.0,0,0.0,0.0,,0.0,normalDay
2019-06-28,935.0,423.0,0.0,0,293.0,0.0,1,7.93,3.7,SPY190930P00277000,277.0,0,0.0,0.0,,0.0,normalDay
2019-07-01,935.0,494.0,0.0,0,295.66,0.0,1,7.93,2.99,SPY190930P00277000,277.0,0,0.0,0.0,,0.0,normalDay
2019-07-02,935.0,532.0,0.0,0,296.43,0.0,1,7.93,2.61,SPY190930P00277000,277.0,0,0.0,0.0,,0.0,normalDay
2019-07-03,935.0,571.0,0.0,0,298.8,0.0,1,7.93,2.22,SPY190930P00277000,277.0,0,0.0,0.0,,0.0,normalDay
2019-07-05,935.0,559.0,0.0,0,298.46,0.0,1,7.93,2.34,SPY190930P00277000,277.0,0,0.0,0.0,,0.0,normalDay
2019-07-08,935.0,539.0,0.0,0,296.82,0.0,1,7.93,2.54,SPY190930P00277000,277.0,0,0.0,0.0,,0.0,normalDay
2019-07-09,935.0,536.0,0.0,0,297.19,0.0,1,7.93,2.57,SPY190930P00277000,277.0,0,0.0,0.0,,0.0,normalDay
2019-07-10,935.0,572.0,0.0,0,298.61,0.0,1,7.93,2.21,SPY190930P00277000,277.0,0,0.0,0.0,,0.0,normalDay
2019-07-11,935.0,586.0,0.0,0,299.31,0.0,1,7.93,2.07,SPY190930P00277000,277.0,0,0.0,0.0,,0.0,normalDay
2019-07-12,935.0,608.0,0.0,0,300.65,0.0,1,7.93,1.85,SPY190930P00277000,277.0,0,0.0,0.0,,0.0,normalDay
2019-07-15,935.0,611.0,0.0,0,300.75,0.0,1,7.93,1.82,SPY190930P00277000,277.0,0,0.0,0.0,,0.0,normalDay
2019-07-16,935.0,602.0,0.0,0,299.78,0.0,1,7.93,1.91,SPY190930P00277000,277.0,0,0.0,0.0,,0.0,normalDay
2019-07-17,935.0,567.0,0.0,0,297.74,0.0,1,7.93,2.26,SPY190930P00277000,277.0,0,0.0,0.0,,0.0,normalDay
2019-07-18,935.0,589.0,0.0,0,298.83,0.0,1,7.93,2.04,SPY190930P00277000,277.0,0,0.0,0.0,,0.0,normalDay
2019-07-19,935.0,565.0,0.0,0,297.17,0.0,1,7.93,2.28,SPY190930P00277000,277.0,0,0.0,0.0,,0.0,normalDay
2019-07-22,935.0,595.0,0.0,0,297.9,0.0,1,7.93,1.98,SPY190930P00277000,277.0,0,0.0,0.0,,0.0,normalDay
2019-07-23,935.0,633.0,0.0,0,300.03,0.0,1,7.93,1.6,SPY190930P00277000,277.0,0,0.0,0.0,,0.0,normalDay
2019-07-24,935.0,656.0,0.0,0,301.44,0.0,1,7.93,1.37,SPY190930P00277000,277.0,0,0.0,0.0,,0.0,normalDay
2019-07-25,935.0,635.0,0.0,0,300.0,0.0,1,7.93,1.58,SPY190930P00277000,277.0,0,0.0,0.0,,0.0,normalDay
2019-07-26,935.0,662.0,0.0,0,302.01,0.0,1,7.93,1.31,SPY190930P00277000,277.0,0,0.0,0.0,,0.0,normalDay
2019-07-29,935.0,661.0,0.0,0,301.46,0.0,1,7.93,1.32,SPY190930P00277000,277.0,0,0.0,0.0,,0.0,normalDay
2019-07-30,935.0,639.0,0.0,0,300.72,0.0,1,7.93,1.54,SPY190930P00277000,277.0,0,0.0,0.0,,0.0,normalDay
2019-07-31,935.0,577.0,0.0,0,297.43,0.0,1,7.93,2.16,SPY190930P00277000,277.0,0,0.0,0.0,,0.0,normalDay
2019-08-01,935.0,507.0,0.0,0,294.84,0.0,1,7.93,2.86,SPY190930P00277000,277.0,0,0.0,0.0,,0.0,normalDay
2019-08-02,935.0,466.0,0.0,0,292.62,0.0,1,7.93,3.27,SPY190930P00277000,277.0,0,0.0,0.0,,0.0,normalDay
2019-08-05,935.0,96.0,0.0,0,283.82,0.0,1,7.93,6.97,SPY190930P00277000,277.0,0,0.0,0.0,,0.0,normalDay
2019-08-06,935.0,322.0,0.0,0,287.8,0.0,1,7.93,4.71,SPY190930P00277000,277.0,0,0.0,0.0,,0.0,normalDay
2019-08-07,935.0,333.0,0.0,0,287.97,0.0,1,7.93,4.6,SPY190930P00277000,277.0,0,0.0,0.0,,0.0,normalDay
2019-08-08,935.0,510.0,0.0,0,293.62,0.0,1,7.93,2.83,SPY190930P00277000,277.0,0,0.0,0.0,,0.0,normalDay
2019-08-09,935.0,461.0,0.0,0,291.62,0.0,1,7.93,3.32,SPY190930P00277000,277.0,0,0.0,0.0,,0.0,normalDay
2019-08-12,935.0,320.0,0.0,0,288.07,0.0,1,7.93,4.73,SPY190930P00277000,277.0,0,0.0,0.0,,0.0,normalDay
2019-08-13,935.0,493.0,0.0,0,292.55,0.0,1,7.93,3.0,SPY190930P00277000,277.0,0,0.0,0.0,,0.0,normalDay
2019-08-14,935.0,198.0,0.0,0,283.9,0.0,1,7.93,5.95,SPY190930P00277000,277.0,0,0.0,0.0,,0.0,normalDay
2019-08-15,935.0,248.0,0.0,0,284.65,0.0,1,7.93,5.45,SPY190930P00277000,277.0,0,0.0,0.0,,0.0,normalDay
2019-08-16,935.0,423.0,0.0,0,288.85,0.0,1,7.93,3.7,SPY190930P00277000,277.0,0,0.0,0.0,,0.0,normalDay
2019-08-19,935.0,552.0,0.0,0,292.33,0.0,1,7.93,2.41,SPY190930P00277000,277.0,0,0.0,0.0,,0.0,normalDay
2019-08-20,935.0,499.0,0.0,0,290.09,0.0,1,7.93,2.94,SPY190930P00277000,277.0,0,0.0,0.0,,0.0,normalDay
2019-08-21,935.0,593.0,0.0,0,292.45,0.0,1,7.93,2.0,SPY190930P00277000,277.0,0,0.0,0.0,,0.0,normalDay
2019-08-22,935.0,572.0,0.0,0,292.36,0.0,1,7.93,2.21,SPY190930P00277000,277.0,0,0.0,0.0,,0.0,normalDay
2019-08-23,935.0,375.0,0.0,0,284.85,0.0,1,7.93,4.18,SPY190930P00277000,277.0,0,0.0,0.0,,0.0,normalDay
2019-08-26,935.0,470.0,0.0,0,288.0,0.0,1,7.93,3.23,SPY190930P00277000,277.0,0,0.0,0.0,,0.0,normalDay
2019-08-27,935.0,421.0,0.0,0,286.87,0.0,1,7.93,3.72,SPY190930P00277000,277.0,0,0.0,0.0,,0.0,normalDay
2019-08-28,935.0,500.0,0.0,0,288.89,0.0,1,7.93,2.93,SPY190930P00277000,277.0,0,0.0,0.0,,0.0,normalDay
2019-08-29,935.0,591.0,0.0,0,292.58,0.0,1,7.93,2.02,SPY190930P00277000,277.0,0,0.0,0.0,,0.0,normalDay
2019-08-30,935.0,581.0,0.0,0,292.45,0.0,1,7.93,2.12,SPY190930P00277000,277.0,0,0.0,0.0,,0.0,normalDay
2019-09-03,935.0,567.0,0.0,0,290.74,0.0,1,7.93,2.26,SPY190930P00277000,277.0,0,0.0,0.0,,0.0,normalDay
2019-09-04,935.0,664.0,0.0,0,294.04,0.0,1,7.93,1.29,SPY190930P00277000,277.0,0,0.0,0.0,,0.0,normalDay
2019-09-05,935.0,711.0,0.0,0,297.82,0.0,1,7.93,0.82,SPY190930P00277000,277.0,0,0.0,0.0,,0.0,normalDay
2019-09-06,935.0,736.0,0.0,0,298.05,0.0,1,7.93,0.57,SPY190930P00277000,277.0,0,0.0,0.0,,0.0,normalDay
2019-09-09,935.0,743.0,0.0,0,298.2,0.0,1,7.93,0.5,SPY190930P00277000,277.0,0,0.0,0.0,,0.0,normalDay
2019-09-10,935.0,748.0,0.0,0,298.13,0.0,1,7.93,0.45,SPY190930P00277000,277.0,0,0.0,0.0,,0.0,normalDay
2019-09-11,935.0,762.0,0.0,0,300.25,0.0,1,7.93,0.31,SPY190930P00277000,277.0,0,0.0,0.0,,0.0,normalDay
2019-09-12,935.0,768.0,0.0,0,301.29,0.0,1,7.93,0.25,SPY190930P00277000,277.0,0,0.0,0.0,,0.0,normalDay
2019-09-13,935.0,771.0,0.0,0,301.09,0.0,1,7.93,0.22,SPY190930P00277000,277.0,0,0.0,0.0,,0.0,normalDay
2019-09-16,935.0,772.0,0.0,0,300.16,0.0,1,7.93,0.21,SPY190930P00277000,277.0,0,0.0,0.0,,0.0,normalDay
2019-09-17,935.0,774.0,0.0,0,300.92,0.0,1,7.93,0.19,SPY190930P00277000,277.0,0,0.0,0.0,,0.0,normalDay
2019-09-18,935.0,778.0,0.0,0,301.1,0.0,1,7.93,0.15,SPY190930P00277000,277.0,0,0.0,0.0,,0.0,normalDay
2019-09-19,935.0,780.0,0.0,0,301.08,0.0,1,7.93,0.13,SPY190930P00277000,277.0,0,0.0,0.0,,0.0,normalDay
2019-09-20,935.0,780.0,0.0,0,298.28,0.0,1,7.93,0.13,SPY190930P00277000,277.0,0,0.0,0.0,,0.0,normalDay
2019-09-23,935.0,788.0,0.0,0,298.21,0.0,1,7.93,0.05,SPY190930P00277000,277.0,0,0.0,0.0,,0.0,normalDay
2019-09-24,935.0,782.0,0.0,0,295.87,0.0,1,7.93,0.11,SPY190930P00277000,277.0,0,0.0,0.0,,0.0,normalDay
2019-09-25,935.0,788.0,0.0,0,297.62,0.0,1,7.93,0.05,SPY190930P00277000,277.0,0,0.0,0.0,,0.0,normalDay
2019-09-26,935.0,790.0,0.0,0,297.0,0.0,1,7.93,0.03,SPY190930P00277000,277.0,0,0.0,0.0,,0.0,normalDay
2019-09-27,935.0,790.0,0.0,0,295.4,0.0,1,7.93,0.03,SPY190930P00277000,277.0,0,0.0,0.0,,0.0,normalDay
2019-09-30,1728.0,0.0,793.0,0,296.77,0.0,1,7.93,0.0,SPY190930P00277000,277.0,0,0.0,0.0,,0.0,expirationDay
2019-10-01,1728.0,-10.0,0.0,0,293.24,0.0,1,15.02,15.12,SPY200331P00296000,296.0,0,0.0,0.0,,0.0,normalDay
2019-10-02,1728.0,-332.0,0.0,0,288.06,0.0,1,15.02,18.34,SPY200331P00296000,296.0,0,0.0,0.0,,0.0,normalDay
2019-10-03,1728.0,-166.0,0.0,0,290.42,0.0,1,15.02,16.68,SPY200331P00296000,296.0,0,0.0,0.0,,0.0,normalDay
2019-10-04,1728.0,71.0,0.0,0,294.35,0.0,1,15.02,14.31,SPY200331P00296000,296.0,0,0.0,0.0,,0.0,normalDay
2019-10-07,1728.0,19.0,0.0,0,293.08,0.0,1,15.02,14.83,SPY200331P00296000,296.0,0,0.0,0.0,,0.0,normalDay
2019-10-08,1728.0,-245.0,0.0,0,288.53,0.0,1,15.02,17.47,SPY200331P00296000,296.0,0,0.0,0.0,,0.0,normalDay
2019-10-09,1728.0,-91.0,0.0,0,291.27,0.0,1,15.02,15.93,SPY200331P00296000,296.0,0,0.0,0.0,,0.0,normalDay
2019-10-10,1728.0,45.0,0.0,0,293.24,0.0,1,15.02,14.57,SPY200331P00296000,296.0,0,0.0,0.0,,0.0,normalDay
2019-10-11,1728.0,228.0,0.0,0,296.28,0.0,1,15.02,12.74,SPY200331P00296000,296.0,0,0.0,0.0,,0.0,normalDay
2019-10-14,1728.0,241.0,0.0,0,295.95,0.0,1,15.02,12.61,SPY200331P00296000,296.0,0,0.0,0.0,,0.0,normalDay
2019-10-15,1728.0,387.0,0.0,0,298.88,0.0,1,15.02,11.15,SPY200331P00296000,296.0,0,0.0,0.0,,0.0,normalDay
2019-10-16,1728.0,380.0,0.0,0,298.4,0.0,1,15.02,11.22,SPY200331P00296000,296.0,0,0.0,0.0,,0.0,normalDay
2019-10-17,1728.0,407.0,0.0,0,299.28,0.0,1,15.02,10.95,SPY200331P00296000,296.0,0,0.0,0.0,,0.0,normalDay
2019-10-18,1728.0,361.0,0.0,0,297.97,0.0,1,15.02,11.41,SPY200331P00296000,296.0,0,0.0,0.0,,0.0,normalDay
2019-10-21,1728.0,461.0,0.0,0,299.99,0.0,1,15.02,10.41,SPY200331P00296000,296.0,0,0.0,0.0,,0.0,normalDay
2019-10-22,1728.0,416.0,0.0,0,299.01,0.0,1,15.02,10.86,SPY200331P00296000,296.0,0,0.0,0.0,,0.0,normalDay
2019-10-23,1728.0,467.0,0.0,0,299.88,0.0,1,15.02,10.35,SPY200331P00296000,296.0,0,0.0,0.0,,0.0,normalDay
2019-10-24,1728.0,480.0,0.0,0,300.37,0.0,1,15.02,10.22,SPY200331P00296000,296.0,0,0.0,0.0,,0.0,normalDay
2019-10-25,1728.0,550.0,0.0,0,301.6,0.0,1,15.02,9.52,SPY200331P00296000,296.0,0,0.0,0.0,,0.0,normalDay
2019-10-28,1728.0,606.0,0.0,0,303.3,0.0,1,15.02,8.96,SPY200331P00296000,296.0,0,0.0,0.0,,0.0,normalDay
2019-10-29,1728.0,595.0,0.0,0,303.21,0.0,1,15.02,9.07,SPY200331P00296000,296.0,0,0.0,0.0,,0.0,normalDay
2019-10-30,1728.0,649.0,0.0,0,304.14,0.0,1,15.02,8.53,SPY200331P00296000,296.0,0,0.0,0.0,,0.0,normalDay
2019-10-31,1728.0,599.0,0.0,0,303.33,0.0,1,15.02,9.03,SPY200331P00296000,296.0,0,0.0,0.0,,0.0,normalDay
2019-11-01,1728.0,698.0,0.0,0,306.14,0.0,1,15.02,8.04,SPY200331P00296000,296.0,0,0.0,0.0,,0.0,normalDay
2019-11-04,1728.0,736.0,0.0,0,307.37,0.0,1,15.02,7.66,SPY200331P00296000,296.0,0,0.0,0.0,,0.0,normalDay
2019-11-05,1728.0,718.0,0.0,0,307.03,0.0,1,15.02,7.84,SPY200331P00296000,296.0,0,0.0,0.0,,0.0,normalDay
2019-11-06,1728.0,725.0,0.0,0,307.1,0.0,1,15.02,7.77,SPY200331P00296000,296.0,0,0.0,0.0,,0.0,normalDay
2019-11-07,1728.0,748.0,0.0,0,308.18,0.0,1,15.02,7.54,SPY200331P00296000,296.0,0,0.0,0.0,,0.0,normalDay
2019-11-08,1728.0,785.0,0.0,0,308.94,0.0,1,15.02,7.17,SPY200331P00296000,296.0,0,0.0,0.0,,0.0,normalDay
2019-11-11,1728.0,778.0,0.0,0,308.35,0.0,1,15.02,7.24,SPY200331P00296000,296.0,0,0.0,0.0,,0.0,normalDay
2019-11-12,1728.0,788.0,0.0,0,309.0,0.0,1,15.02,7.14,SPY200331P00296000,296.0,0,0.0,0.0,,0.0,normalDay
2019-11-13,1728.0,793.0,0.0,0,309.1,0.0,1,15.02,7.09,SPY200331P00296000,296.0,0,0.0,0.0,,0.0,normalDay
2019-11-14,1728.0,807.0,0.0,0,309.55,0.0,1,15.02,6.95,SPY200331P00296000,296.0,0,0.0,0.0,,0.0,normalDay
2019-11-15,1728.0,883.0,0.0,0,311.79,0.0,1,15.02,6.19,SPY200331P00296000,296.0,0,0.0,0.0,,0.0,normalDay
2019-11-18,1728.0,898.0,0.0,0,312.02,0.0,1,15.02,6.04,SPY200331P00296000,296.0,0,0.0,0.0,,0.0,normalDay
2019-11-19,1728.0,883.0,0.0,0,311.93,0.0,1,15.02,6.19,SPY200331P00296000,296.0,0,0.0,0.0,,0.0,normalDay
2019-11-20,1728.0,845.0,0.0,0,310.77,0.0,1,15.02,6.57,SPY200331P00296000,296.0,0,0.0,0.0,,0.0,normalDay
2019-11-21,1728.0,831.0,0.0,0,310.27,0.0,1,15.02,6.71,SPY200331P00296000,296.0,0,0.0,0.0,,0.0,normalDay
2019-11-22,1728.0,867.0,0.0,0,310.96,0.0,1,15.02,6.35,SPY200331P00296000,296.0,0,0.0,0.0,,0.0,normalDay
2019-11-25,1728.0,947.0,0.0,0,313.37,0.0,1,15.02,5.55,SPY200331P00296000,296.0,0,0.0,0.0,,0.0,normalDay
2019-11-26,1728.0,979.0,0.0,0,314.08,0.0,1,15.02,5.23,SPY200331P00296000,296.0,0,0.0,0.0,,0.0,normalDay
2019-11-27,1728.0,1005.0,0.0,0,315.48,0.0,1,15.02,4.97,SPY200331P00296000,296.0,0,0.0,0.0,,0.0,normalDay
2019-11-29,1728.0,965.0,0.0,0,314.31,0.0,1,15.02,5.37,SPY200331P00296000,296.0,0,0.0,0.0,,0.0,normalDay
2019-12-02,1728.0,867.0,0.0,0,311.64,0.0,1,15.02,6.35,SPY200331P00296000,296.0,0,0.0,0.0,,0.0,normalDay
2019-12-03,1728.0,781.0,0.0,0,309.55,0.0,1,15.02,7.21,SPY200331P00296000,296.0,0,0.0,0.0,,0.0,normalDay
2019-12-04,1728.0,851.0,0.0,0,311.46,0.0,1,15.02,6.51,SPY200331P00296000,296.0,0,0.0,0.0,,0.0,normalDay
2019-12-05,1728.0,889.0,0.0,0,312.02,0.0,1,15.02,6.13,SPY200331P00296000,296.0,0,0.0,0.0,,0.0,normalDay
2019-12-06,1728.0,975.0,0.0,0,314.87,0.0,1,15.02,5.27,SPY200331P00296000,296.0,0,0.0,0.0,,0.0,normalDay
2019-12-09,1728.0,927.0,0.0,0,313.88,0.0,1,15.02,5.75,SPY200331P00296000,296.0,0,0.0,0.0,,0.0,normalDay
2019-12-10,1728.0,940.0,0.0,0,313.53,0.0,1,15.02,5.62,SPY200331P00296000,296.0,0,0.0,0.0,,0.0,normalDay
2019-12-11,1728.0,975.0,0.0,0,314.42,0.0,1,15.02,5.27,SPY200331P00296000,296.0,0,0.0,0.0,,0.0,normalDay
2019-12-12,1728.0,1054.0,0.0,0,317.13,0.0,1,15.02,4.48,SPY200331P00296000,296.0,0,0.0,0.0,,0.0,normalDay
2019-12-13,1728.0,1099.0,0.0,0,317.32,0.0,1,15.02,4.03,SPY200331P00296000,296.0,0,0.0,0.0,,0.0,normalDay
2019-12-16,1728.0,1161.0,0.0,0,319.5,0.0,1,15.02,3.41,SPY200331P00296000,296.0,0,0.0,0.0,,0.0,normalDay
2019-12-17,1728.0,1157.0,0.0,0,319.57,0.0,1,15.02,3.45,SPY200331P00296000,296.0,0,0.0,0.0,,0.0,normalDay
2019-12-18,1728.0,1157.0,0.0,0,319.59,0.0,1,15.02,3.45,SPY200331P00296000,296.0,0,0.0,0.0,,0.0,normalDay
2019-12-19,1728.0,1183.0,0.0,0,320.9,0.0,1,15.02,3.19,SPY200331P00296000,296.0,0,0.0,0.0,,0.0,normalDay
2019-12-20,1728.0,1196.0,0.0,0,320.73,0.0,1,15.02,3.06,SPY200331P00296000,296.0,0,0.0,0.0,,0.0,normalDay
2019-12-23,1728.0,1197.0,0.0,0,321.22,0.0,1,15.02,3.05,SPY200331P00296000,296.0,0,0.0,0.0,,0.0,normalDay
2019-12-24,1728.0,1203.0,0.0,0,321.23,0.0,1,15.02,2.99,SPY200331P00296000,296.0,0,0.0,0.0,,0.0,normalDay
2019-12-26,1728.0,1231.0,0.0,0,322.94,0.0,1,15.02,2.71,SPY200331P00296000,296.0,0,0.0,0.0,,0.0,normalDay
2019-12-27,1728.0,1218.0,0.0,0,322.86,0.0,1,15.02,2.84,SPY200331P00296000,296.0,0,0.0,0.0,,0.0,normalDay
2019-12-30,1728.0,1185.0,0.0,0,321.08,0.0,1,15.02,3.17,SPY200331P00296000,296.0,0,0.0,0.0,,0.0,normalDay
2019-12-31,1728.0,1221.0,0.0,0,321.86,0.0,1,15.02,2.81,SPY200331P00296000,296.0,0,0.0,0.0,,0.0,normalDay
2020-01-02,1728.0,1275.0,0.0,0,324.87,0.0,1,15.02,2.27,SPY200331P00296000,296.0,0,0.0,0.0,,0.0,normalDay
2020-01-03,1728.0,1224.0,0.0,0,322.41,0.0,1,15.02,2.78,SPY200331P00296000,296.0,0,0.0,0.0,,0.0,normalDay
2020-01-06,1728.0,1255.0,0.0,0,323.64,0.0,1,15.02,2.47,SPY200331P00296000,296.0,0,0.0,0.0,,0.0,normalDay
2020-01-07,1728.0,1244.0,0.0,0,322.73,0.0,1,15.02,2.58,SPY200331P00296000,296.0,0,0.0,0.0,,0.0,normalDay
2020-01-08,1728.0,1280.0,0.0,0,324.45,0.0,1,15.02,2.22,SPY200331P00296000,296.0,0,0.0,0.0,,0.0,normalDay
2020-01-09,1728.0,1316.0,0.0,0,326.65,0.0,1,15.02,1.86,SPY200331P00296000,296.0,0,0.0,0.0,,0.0,normalDay
2020-01-10,1728.0,1308.0,0.0,0,325.71,0.0,1,15.02,1.94,SPY200331P00296000,296.0,0,0.0,0.0,,0.0,normalDay
2020-01-13,1728.0,1344.0,0.0,0,327.95,0.0,1,15.02,1.58,SPY200331P00296000,296.0,0,0.0,0.0,,0.0,normalDay
2020-01-14,1728.0,1346.0,0.0,0,327.45,0.0,1,15.02,1.56,SPY200331P00296000,296.0,0,0.0,0.0,,0.0,normalDay
2020-01-15,1728.0,1354.0,0.0,0,328.19,0.0,1,15.02,1.48,SPY200331P00296000,296.0,0,0.0,0.0,,0.0,normalDay
2020-01-16,1728.0,1375.0,0.0,0,330.92,0.0,1,15.02,1.27,SPY200331P00296000,296.0,0,0.0,0.0,,0.0,normalDay
2020-01-17,1728.0,1385.0,0.0,0,331.95,0.0,1,15.02,1.17,SPY200331P00296000,296.0,0,0.0,0.0,,0.0,normalDay
2020-01-21,1728.0,1382.0,0.0,0,331.3,0.0,1,15.02,1.2,SPY200331P00296000,296.0,0,0.0,0.0,,0.0,normalDay
2020-01-22,1728.0,1383.0,0.0,0,331.34,0.0,1,15.02,1.19,SPY200331P00296000,296.0,0,0.0,0.0,,0.0,normalDay
2020-01-23,1728.0,1385.0,0.0,0,331.72,0.0,1,15.02,1.17,SPY200331P00296000,296.0,0,0.0,0.0,,0.0,normalDay
2020-01-24,1728.0,1348.0,0.0,0,328.77,0.0,1,15.02,1.54,SPY200331P00296000,296.0,0,0.0,0.0,,0.0,normalDay
2020-01-27,1728.0,1240.0,0.0,0,323.5,0.0,1,15.02,2.62,SPY200331P00296000,296.0,0,0.0,0.0,,0.0,normalDay
2020-01-28,1728.0,1317.0,0.0,0,326.89,0.0,1,15.02,1.85,SPY200331P00296000,296.0,0,0.0,0.0,,0.0,normalDay
2020-01-29,1728.0,1319.0,0.0,0,326.62,0.0,1,15.02,1.83,SPY200331P00296000,296.0,0,0.0,0.0,,0.0,normalDay
2020-01-30,1728.0,1350.0,0.0,0,327.68,0.0,1,15.02,1.52,SPY200331P00296000,296.0,0,0.0,0.0,,0.0,normalDay
2020-01-31,1728.0,1244.0,0.0,0,321.73,0.0,1,15.02,2.58,SPY200331P00296000,296.0,0,0.0,0.0,,0.0,normalDay
2020-02-03,1728.0,1287.0,0.0,0,324.12,0.0,1,15.02,2.15,SPY200331P00296000,296.0,0,0.0,0.0,,0.0,normalDay
2020-02-04,1728.0,1370.0,0.0,0,329.06,0.0,1,15.02,1.32,SPY200331P00296000,296.0,0,0.0,0.0,,0.0,normalDay
2020-02-05,1728.0,1404.0,0.0,0,332.86,0.0,1,15.02,0.98,SPY200331P00296000,296.0,0,0.0,0.0,,0.0,normalDay
2020-02-06,1728.0,1409.0,0.0,0,333.98,0.0,1,15.02,0.93,SPY200331P00296000,296.0,0,0.0,0.0,,0.0,normalDay
2020-02-07,1728.0,1399.0,0.0,0,332.2,0.0,1,15.02,1.03,SPY200331P00296000,296.0,0,0.0,0.0,,0.0,normalDay
2020-02-10,1728.0,1420.0,0.0,0,334.68,0.0,1,15.02,0.82,SPY200331P00296000,296.0,0,0.0,0.0,,0.0,normalDay
2020-02-11,1728.0,1423.0,0.0,0,335.26,0.0,1,15.02,0.79,SPY200331P00296000,296.0,0,0.0,0.0,,0.0,normalDay
2020-02-12,1728.0,1440.0,0.0,0,337.42,0.0,1,15.02,0.62,SPY200331P00296000,296.0,0,0.0,0.0,,0.0,normalDay
2020-02-13,1728.0,1439.0,0.0,0,337.06,0.0,1,15.02,0.63,SPY200331P00296000,296.0,0,0.0,0.0,,0.0,normalDay
2020-02-14,1728.0,1446.0,0.0,0,337.6,0.0,1,15.02,0.56,SPY200331P00296000,296.0,0,0.0,0.0,,0.0,normalDay
2020-02-18,1728.0,1444.0,0.0,0,336.73,0.0,1,15.02,0.58,SPY200331P00296000,296.0,0,0.0,0.0,,0.0,normalDay
2020-02-19,1728.0,1452.0,0.0,0,338.34,0.0,1,15.02,0.5,SPY200331P00296000,296.0,0,0.0,0.0,,0.0,normalDay
2020-02-20,1728.0,1442.0,0.0,0,336.95,0.0,1,15.02,0.6,SPY200331P00296000,296.0,0,0.0,0.0,,0.0,normalDay
2020-02-21,1728.0,1420.0,0.0,0,333.48,0.0,1,15.02,0.82,SPY200331P00296000,296.0,0,0.0,0.0,,0.0,normalDay
2020-02-24,1728.0,1233.0,0.0,0,322.42,0.0,1,15.02,2.69,SPY200331P00296000,296.0,0,0.0,0.0,,0.0,normalDay
2020-02-25,1728.0,1064.0,0.0,0,312.65,0.0,1,15.02,4.38,SPY200331P00296000,296.0,0,0.0,0.0,,0.0,normalDay
2020-02-26,1728.0,1050.0,0.0,0,311.5,0.0,1,15.02,4.52,SPY200331P00296000,296.0,0,0.0,0.0,,0.0,normalDay
2020-02-27,1728.0,310.0,0.0,0,297.51,0.0,1,15.02,11.92,SPY200331P00296000,296.0,0,0.0,0.0,,0.0,normalDay
2020-02-28,1728.0,226.0,0.0,0,296.26,0.0,1,15.02,12.76,SPY200331P00296000,296.0,0,0.0,0.0,,0.0,normalDay
2020-03-02,1728.0,910.0,0.0,0,309.09,0.0,1,15.02,5.92,SPY200331P00296000,296.0,0,0.0,0.0,,0.0,normalDay
2020-03-03,1728.0,582.0,0.0,0,300.24,0.0,1,15.02,9.2,SPY200331P00296000,296.0,0,0.0,0.0,,0.0,normalDay
2020-03-04,1728.0,1000.0,0.0,0,312.86,0.0,1,15.02,5.02,SPY200331P00296000,296.0,0,0.0,0.0,,0.0,normalDay
2020-03-05,1728.0,537.0,0.0,0,302.46,0.0,1,15.02,9.65,SPY200331P00296000,296.0,0,0.0,0.0,,0.0,normalDay
2020-03-06,1728.0,328.0,0.0,0,297.46,0.0,1,15.02,11.74,SPY200331P00296000,296.0,0,0.0,0.0,,0.0,normalDay
2020-03-09,1728.0,-1215.0,0.0,0,274.23,0.0,1,15.02,27.17,SPY200331P00296000,296.0,0,0.0,0.0,,0.0,normalDay
2020-03-10,1728.0,-132.0,0.0,0,288.42,0.0,1,15.02,16.34,SPY200331P00296000,296.0,0,0.0,0.0,,0.0,normalDay
2020-03-11,1728.0,-1169.0,0.0,0,274.36,0.0,1,15.02,26.71,SPY200331P00296000,296.0,0,0.0,0.0,,0.0,normalDay
2020-03-12,1728.0,-3497.0,0.0,0,248.11,0.0,1,15.02,49.99,SPY200331P00296000,296.0,0,0.0,0.0,,0.0,normalDay
2020-03-13,1728.0,-1474.0,0.0,0,269.32,0.0,1,15.02,29.76,SPY200331P00296000,296.0,0,0.0,0.0,,0.0,normalDay
2020-03-16,1728.0,-3951.0,0.0,0,239.85,0.0,1,15.02,54.53,SPY200331P00296000,296.0,0,0.0,0.0,,0.0,normalDay
2020-03-17,1728.0,-3143.0,0.0,0,252.8,0.0,1,15.02,46.45,SPY200331P00296000,296.0,0,0.0,0.0,,0.0,normalDay
2020-03-18,1728.0,-4354.0,0.0,0,240.0,0.0,1,15.02,58.56,SPY200331P00296000,296.0,0,0.0,0.0,,0.0,normalDay
2020-03-19,1728.0,-4311.0,0.0,0,240.51,0.0,1,15.02,58.13,SPY200331P00296000,296.0,0,0.0,0.0,,0.0,normalDay
2020-03-20,1728.0,-5246.0,0.0,0,228.8,0.0,1,15.02,67.48,SPY200331P00296000,296.0,0,0.0,0.0,,0.0,normalDay
2020-03-23,1728.0,-6039.0,0.0,0,222.95,0.0,1,15.02,75.41,SPY200331P00296000,296.0,0,0.0,0.0,,0.0,normalDay
2020-03-24,1728.0,-3898.0,0.0,0,243.15,0.0,1,15.02,54.0,SPY200331P00296000,296.0,0,0.0,0.0,,0.0,normalDay
2020-03-25,1728.0,-3422.0,0.0,0,246.79,0.0,1,15.02,49.24,SPY200331P00296000,296.0,0,0.0,0.0,,0.0,normalDay
2020-03-26,1728.0,-2065.0,0.0,0,261.2,0.0,1,15.02,35.67,SPY200331P00296000,296.0,0,0.0,0.0,,0.0,normalDay
2020-03-27,1728.0,-2844.0,0.0,0,253.42,0.0,1,15.02,43.46,SPY200331P00296000,296.0,0,0.0,0.0,,0.0,normalDay
2020-03-30,1728.0,-2037.0,0.0,0,261.65,0.0,1,15.02,35.39,SPY200331P00296000,296.0,0,0.0,0.0,,0.0,normalDay
2020-03-31,3230.0,-3825.0,1502.0,100,257.75,296.0,1,15.02,0.0,SPY200331P00296000,296.0,0,0.0,0.0,,0.0,expirationDay
2020-04-01,3230.0,-4985.0,0.0,100,246.15,296.0,0,0.0,0.0,,0.0,0,0.0,0.0,,0.0,bidTooLow
2020-04-02,3230.0,-4417.0,0.0,100,251.83,296.0,0,0.0,0.0,,0.0,0,0.0,0.0,,0.0,bidTooLow
2020-04-03,3230.0,-4781.0,0.0,100,248.19,296.0,0,0.0,0.0,,0.0,0,0.0,0.0,,0.0,bidTooLow
2020-04-06,3230.0,-3117.0,0.0,100,264.86,296.0,0,0.0,0.0,,0.0,1,0.06,0.09,SPY200417C00304000,304.0,normalDay
2020-04-07,3230.0,-3090.0,0.0,100,265.13,296.0,0,0.0,0.0,,0.0,1,0.06,0.09,SPY200417C00304000,304.0,normalDay
2020-04-08,3230.0,-2202.0,0.0,100,274.03,296.0,0,0.0,0.0,,0.0,1,0.06,0.11,SPY200417C00304000,304.0,normalDay
2020-04-09,3230.0,-1791.0,0.0,100,278.2,296.0,0,0.0,0.0,,0.0,1,0.06,0.17,SPY200417C00304000,304.0,normalDay
2020-04-13,3230.0,-2032.0,0.0,100,275.66,296.0,0,0.0,0.0,,0.0,1,0.06,0.04,SPY200417C00304000,304.0,normalDay
2020-04-14,3230.0,-1222.0,0.0,100,283.79,296.0,0,0.0,0.0,,0.0,1,0.06,0.07,SPY200417C00304000,304.0,normalDay
2020-04-15,3230.0,-1819.0,0.0,100,277.76,296.0,0,0.0,0.0,,0.0,1,0.06,0.01,SPY200417C00304000,304.0,normalDay
2020-04-16,3230.0,-1685.0,0.0,100,279.1,296.0,0,0.0,0.0,,0.0,1,0.06,0.01,SPY200417C00304000,304.0,normalDay
2020-04-17,3236.0,-936.0,6.0,100,286.64,296.0,0,0.0,0.0,,0.0,1,0.06,0.0,SPY200417C00304000,304.0,expirationDay
2020-04-20,3236.0,-1444.0,0.0,100,281.59,296.0,0,0.0,0.0,,0.0,1,0.02,0.05,SPY200501C00320000,320.0,normalDay
2020-04-21,3236.0,-2297.0,0.0,100,273.04,296.0,0,0.0,0.0,,0.0,1,0.02,0.03,SPY200501C00320000,320.0,normalDay
2020-04-22,3236.0,-1690.0,0.0,100,279.1,296.0,0,0.0,0.0,,0.0,1,0.02,0.02,SPY200501C00320000,320.0,normalDay
2020-04-23,3236.0,-1692.0,0.0,100,279.08,296.0,0,0.0,0.0,,0.0,1,0.02,0.02,SPY200501C00320000,320.0,normalDay
2020-04-24,3236.0,-1302.0,0.0,100,282.97,296.0,0,0.0,0.0,,0.0,1,0.02,0.01,SPY200501C00320000,320.0,normalDay
2020-04-27,3236.0,-894.0,0.0,100,287.05,296.0,0,0.0,0.0,,0.0,1,0.02,0.01,SPY200501C00320000,320.0,normalDay
2020-04-28,3236.0,-1026.0,0.0,100,285.73,296.0,0,0.0,0.0,,0.0,1,0.02,0.01,SPY200501C00320000,320.0,normalDay
2020-04-29,3236.0,-278.0,0.0,100,293.21,296.0,0,0.0,0.0,,0.0,1,0.02,0.01,SPY200501C00320000,320.0,normalDay
2020-04-30,3236.0,-551.0,0.0,100,290.48,296.0,0,0.0,0.0,,0.0,1,0.02,0.01,SPY200501C00320000,320.0,normalDay
2020-05-01,3238.0,-1321.0,2.0,100,282.79,296.0,0,0.0,0.0,,0.0,1,0.02,0.0,SPY200501C00320000,320.0,expirationDay
2020-05-04,3238.0,-1246.0,0.0,100,283.57,296.0,0,0.0,0.0,,0.0,1,0.16,0.19,SPY200515C00305000,305.0,normalDay
2020-05-05,3238.0,-984.0,0.0,100,286.19,296.0,0,0.0,0.0,,0.0,1,0.16,0.19,SPY200515C00305000,305.0,normalDay
2020-05-06,3238.0,-1170.0,0.0,100,284.25,296.0,0,0.0,0.0,,0.0,1,0.16,0.11,SPY200515C00305000,305.0,normalDay
2020-05-07,3238.0,-828.0,0.0,100,287.68,296.0,0,0.0,0.0,,0.0,1,0.16,0.12,SPY200515C00305000,305.0,normalDay
2020-05-08,3238.0,-360.0,0.0,100,292.44,296.0,0,0.0,0.0,,0.0,1,0.16,0.2,SPY200515C00305000,305.0,normalDay
2020-05-11,3238.0,-345.0,0.0,100,292.5,296.0,0,0.0,0.0,,0.0,1,0.16,0.11,SPY200515C00305000,305.0,normalDay
2020-05-12,3238.0,-922.0,0.0,100,286.67,296.0,0,0.0,0.0,,0.0,1,0.16,0.05,SPY200515C00305000,305.0,normalDay
2020-05-13,3238.0,-1426.0,0.0,100,281.6,296.0,0,0.0,0.0,,0.0,1,0.16,0.02,SPY200515C00305000,305.0,normalDay
2020-05-14,3238.0,-1088.0,0.0,100,284.97,296.0,0,0.0,0.0,,0.0,1,0.16,0.01,SPY200515C00305000,305.0,normalDay
2020-05-15,3254.0,-972.0,16.0,100,286.28,296.0,0,0.0,0.0,,0.0,1,0.16,0.0,SPY200515C00305000,305.0,expirationDay
2020-05-18,3254.0,-105.0,0.0,100,295.0,296.0,0,0.0,0.0,,0.0,1,1.19,1.24,SPY200529C00304000,304.0,normalDay
2020-05-19,3254.0,-360.0,0.0,100,291.97,296.0,0,0.0,0.0,,0.0,1,1.19,0.76,SPY200529C00304000,304.0,normalDay
2020-05-20,3254.0,75.0,0.0,100,296.93,296.0,0,0.0,0.0,,0.0,1,1.19,1.37,SPY200529C00304000,304.0,normalDay
2020-05-21,3254.0,-61.0,0.0,100,294.88,296.0,0,0.0,0.0,,0.0,1,1.19,0.68,SPY200529C00304000,304.0,normalDay
2020-05-22,3254.0,19.0,0.0,100,295.44,296.0,0,0.0,0.0,,0.0,1,1.19,0.44,SPY200529C00304000,304.0,normalDay
2020-05-26,3254.0,357.0,0.0,100,299.08,296.0,0,0.0,0.0,,0.0,1,1.19,0.7,SPY200529C00304000,304.0,normalDay
2020-05-27,3254.0,671.0,0.0,100,303.53,296.0,0,0.0,0.0,,0.0,1,1.19,2.01,SPY200529C00304000,304.0,normalDay
2020-05-28,3254.0,661.0,0.0,100,302.97,296.0,0,0.0,0.0,,0.0,1,1.19,1.55,SPY200529C00304000,304.0,normalDay
2020-05-29,4173.0,661.0,919.0,0,304.32,0.0,0,0.0,0.0,,0.0,1,1.19,0.0,SPY200529C00304000,304.0,expirationDay
2020-06-01,4173.0,-37.0,0.0,0,305.55,0.0,1,17.93,18.3,SPY210115P00284000,284.0,0,0.0,0.0,,0.0,normalDay
2020-06-02,4173.0,61.0,0.0,0,308.08,0.0,1,17.93,17.32,SPY210115P00284000,284.0,0,0.0,0.0,,0.0,normalDay
2020-06-03,4173.0,198.0,0.0,0,312.18,0.0,1,17.93,15.95,SPY210115P00284000,284.0,0,0.0,0.0,,0.0,normalDay
2020-06-04,4173.0,179.0,0.0,0,311.36,0.0,1,17.93,16.14,SPY210115P00284000,284.0,0,0.0,0.0,,0.0,normalDay
2020-06-05,4173.0,421.0,0.0,0,319.34,0.0,1,17.93,13.72,SPY210115P00284000,284.0,0,0.0,0.0,,0.0,normalDay
2020-06-08,4173.0,496.0,0.0,0,323.2,0.0,1,17.93,12.97,SPY210115P00284000,284.0,0,0.0,0.0,,0.0,normalDay
2020-06-09,4173.0,391.0,0.0,0,320.79,0.0,1,17.93,14.02,SPY210115P00284000,284.0,0,0.0,0.0,,0.0,normalDay
2020-06-10,4173.0,311.0,0.0,0,319.0,0.0,1,17.93,14.82,SPY210115P00284000,284.0,0,0.0,0.0,,0.0,normalDay
2020-06-11,4173.0,-560.0,0.0,0,300.61,0.0,1,17.93,23.53,SPY210115P00284000,284.0,0,0.0,0.0,,0.0,normalDay
2020-06-12,4173.0,-355.0,0.0,0,304.21,0.0,1,17.93,21.48,SPY210115P00284000,284.0,0,0.0,0.0,,0.0,normalDay
2020-06-15,4173.0,-173.0,0.0,0,307.05,0.0,1,17.93,19.66,SPY210115P00284000,284.0,0,0.0,0.0,,0.0,normalDay
2020-06-16,4173.0,-36.0,0.0,0,312.96,0.0,1,17.93,18.29,SPY210115P00284000,284.0,0,0.0,0.0,,0.0,normalDay
2020-06-17,4173.0,-58.0,0.0,0,311.66,0.0,1,17.93,18.51,SPY210115P00284000,284.0,0,0.0,0.0,,0.0,normalDay
2020-06-18,4173.0,-60.0,0.0,0,311.78,0.0,1,17.93,18.53,SPY210115P00284000,284.0,0,0.0,0.0,,0.0,normalDay
2020-06-19,4173.0,-185.0,0.0,0,308.64,0.0,1,17.93,19.78,SPY210115P00284000,284.0,0,0.0,0.0,,0.0,normalDay
2020-06-22,4173.0,27.0,0.0,0,310.62,0.0,1,17.93,17.66,SPY210115P00284000,284.0,0,0.0,0.0,,0.0,normalDay
2020-06-23,4173.0,88.0,0.0,0,312.05,0.0,1,17.93,17.05,SPY210115P00284000,284.0,0,0.0,0.0,,0.0,normalDay
2020-06-24,4173.0,-198.0,0.0,0,304.09,0.0,1,17.93,19.91,SPY210115P00284000,284.0,0,0.0,0.0,,0.0,normalDay
2020-06-25,4173.0,-17.0,0.0,0,307.35,0.0,1,17.93,18.1,SPY210115P00284000,284.0,0,0.0,0.0,,0.0,normalDay
2020-06-26,4173.0,-271.0,0.0,0,300.05,0.0,1,17.93,20.64,SPY210115P00284000,284.0,0,0.0,0.0,,0.0,normalDay
2020-06-29,4173.0,-63.0,0.0,0,304.46,0.0,1,17.93,18.56,SPY210115P00284000,284.0,0,0.0,0.0,,0.0,normalDay
2020-06-30,4173.0,86.0,0.0,0,308.36,0.0,1,17.93,17.07,SPY210115P00284000,284.0,0,0.0,0.0,,0.0,normalDay
2020-07-01,4173.0,186.0,0.0,0,310.52,0.0,1,17.93,16.07,SPY210115P00284000,284.0,0,0.0,0.0,,0.0,normalDay
2020-07-02,4173.0,272.0,0.0,0,312.23,0.0,1,17.93,15.21,SPY210115P00284000,284.0,0,0.0,0.0,,0.0,normalDay
2020-07-06,4173.0,391.0,0.0,0,317.05,0.0,1,17.93,14.02,SPY210115P00284000,284.0,0,0.0,0.0,,0.0,normalDay
2020-07-07,4173.0,278.0,0.0,0,313.78,0.0,1,17.93,15.15,SPY210115P00284000,284.0,0,0.0,0.0,,0.0,normalDay
2020-07-08,4173.0,368.0,0.0,0,316.18,0.0,1,17.93,14.25,SPY210115P00284000,284.0,0,0.0,0.0,,0.0,normalDay
2020-07-09,4173.0,278.0,0.0,0,314.38,0.0,1,17.93,15.15,SPY210115P00284000,284.0,0,0.0,0.0,,0.0,normalDay
2020-07-10,4173.0,403.0,0.0,0,317.59,0.0,1,17.93,13.9,SPY210115P00284000,284.0,0,0.0,0.0,,0.0,normalDay
2020-07-13,4173.0,178.0,0.0,0,314.84,0.0,1,17.93,16.15,SPY210115P00284000,284.0,0,0.0,0.0,,0.0,normalDay
2020-07-14,4173.0,378.0,0.0,0,318.92,0.0,1,17.93,14.15,SPY210115P00284000,284.0,0,0.0,0.0,,0.0,normalDay
2020-07-15,4173.0,484.0,0.0,0,321.85,0.0,1,17.93,13.09,SPY210115P00284000,284.0,0,0.0,0.0,,0.0,normalDay
2020-07-16,4173.0,448.0,0.0,0,320.79,0.0,1,17.93,13.45,SPY210115P00284000,284.0,0,0.0,0.0,,0.0,normalDay
2020-07-17,4173.0,575.0,0.0,0,321.72,0.0,1,17.93,12.18,SPY210115P00284000,284.0,0,0.0,0.0,,0.0,normalDay
2020-07-20,4173.0,682.0,0.0,0,324.32,0.0,1,17.93,11.11,SPY210115P00284000,284.0,0,0.0,0.0,,0.0,normalDay
2020-07-21,4173.0,684.0,0.0,0,325.01,0.0,1,17.93,11.09,SPY210115P00284000,284.0,0,0.0,0.0,,0.0,normalDay
2020-07-22,4173.0,727.0,0.0,0,326.86,0.0,1,17.93,10.66,SPY210115P00284000,284.0,0,0.0,0.0,,0.0,normalDay
2020-07-23,4173.0,605.0,0.0,0,322.96,0.0,1,17.93,11.88,SPY210115P00284000,284.0,0,0.0,0.0,,0.0,normalDay
2020-07-24,4173.0,577.0,0.0,0,320.88,0.0,1,17.93,12.16,SPY210115P00284000,284.0,0,0.0,0.0,,0.0,normalDay
2020-07-27,4173.0,667.0,0.0,0,323.22,0.0,1,17.93,11.26,SPY210115P00284000,284.0,0,0.0,0.0,,0.0,normalDay
2020-07-28,4173.0,601.0,0.0,0,321.17,0.0,1,17.93,11.92,SPY210115P00284000,284.0,0,0.0,0.0,,0.0,normalDay
2020-07-29,4173.0,709.0,0.0,0,325.12,0.0,1,17.93,10.84,SPY210115P00284000,284.0,0,0.0,0.0,,0.0,normalDay
2020-07-30,4173.0,660.0,0.0,0,323.96,0.0,1,17.93,11.33,SPY210115P00284000,284.0,0,0.0,0.0,,0.0,normalDay
2020-07-31,4173.0,732.0,0.0,0,326.52,0.0,1,17.93,10.61,SPY210115P00284000,284.0,0,0.0,0.0,,0.0,normalDay
2020-08-03,4173.0,785.0,0.0,0,328.79,0.0,1,17.93,10.08,SPY210115P00284000,284.0,0,0.0,0.0,,0.0,normalDay
2020-08-04,4173.0,842.0,0.0,0,330.06,0.0,1,17.93,9.51,SPY210115P00284000,284.0,0,0.0,0.0,,0.0,normalDay
2020-08-05,4173.0,893.0,0.0,0,332.11,0.0,1,17.93,9.0,SPY210115P00284000,284.0,0,0.0,0.0,,0.0,normalDay
2020-08-06,4173.0,937.0,0.0,0,334.33,0.0,1,17.93,8.56,SPY210115P00284000,284.0,0,0.0,0.0,,0.0,normalDay
2020-08-07,4173.0,936.0,0.0,0,334.57,0.0,1,17.93,8.57,SPY210115P00284000,284.0,0,0.0,0.0,,0.0,normalDay
2020-08-10,4173.0,965.0,0.0,0,335.57,0.0,1,17.93,8.28,SPY210115P00284000,284.0,0,0.0,0.0,,0.0,normalDay
2020-08-11,4173.0,875.0,0.0,0,332.8,0.0,1,17.93,9.18,SPY210115P00284000,284.0,0,0.0,0.0,,0.0,normalDay
2020-08-12,4173.0,994.0,0.0,0,337.44,0.0,1,17.93,7.99,SPY210115P00284000,284.0,0,0.0,0.0,,0.0,normalDay
2020-08-13,4173.0,984.0,0.0,0,336.83,0.0,1,17.93,8.09,SPY210115P00284000,284.0,0,0.0,0.0,,0.0,normalDay
2020-08-14,4173.0,984.0,0.0,0,336.84,0.0,1,17.93,8.09,SPY210115P00284000,284.0,0,0.0,0.0,,0.0,normalDay
2020-08-17,4173.0,1037.0,0.0,0,337.91,0.0,1,17.93,7.56,SPY210115P00284000,284.0,0,0.0,0.0,,0.0,normalDay
2020-08-18,4173.0,1073.0,0.0,0,338.64,0.0,1,17.93,7.2,SPY210115P00284000,284.0,0,0.0,0.0,,0.0,normalDay
2020-08-19,4173.0,1032.0,0.0,0,337.23,0.0,1,17.93,7.61,SPY210115P00284000,284.0,0,0.0,0.0,,0.0,normalDay
2020-08-20,4173.0,1057.0,0.0,0,338.28,0.0,1,17.93,7.36,SPY210115P00284000,284.0,0,0.0,0.0,,0.0,normalDay
2020-08-21,4173.0,1082.0,0.0,0,339.48,0.0,1,17.93,7.11,SPY210115P00284000,284.0,0,0.0,0.0,,0.0,normalDay
2020-08-24,4173.0,1132.0,0.0,0,342.92,0.0,1,17.93,6.61,SPY210115P00284000,284.0,0,0.0,0.0,,0.0,normalDay
2020-08-25,4173.0,1159.0,0.0,0,344.12,0.0,1,17.93,6.34,SPY210115P00284000,284.0,0,0.0,0.0,,0.0,normalDay
2020-08-26,4173.0,1169.0,0.0,0,347.57,0.0,1,17.93,6.24,SPY210115P00284000,284.0,0,0.0,0.0,,0.0,normalDay
2020-08-27,4173.0,1149.0,0.0,0,348.33,0.0,1,17.93,6.44,SPY210115P00284000,284.0,0,0.0,0.0,,0.0,normalDay
2020-08-28,4173.0,1189.0,0.0,0,350.58,0.0,1,17.93,6.04,SPY210115P00284000,284.0,0,0.0,0.0,,0.0,normalDay
2020-08-31,4173.0,1114.0,0.0,0,349.31,0.0,1,17.93,6.79,SPY210115P00284000,284.0,0,0.0,0.0,,0.0,normalDay
2020-09-01,4173.0,1134.0,0.0,0,352.6,0.0,1,17.93,6.59,SPY210115P00284000,284.0,0,0.0,0.0,,0.0,normalDay
2020-09-02,4173.0,1146.0,0.0,0,357.7,0.0,1,17.93,6.47,SPY210115P00284000,284.0,0,0.0,0.0,,0.0,normalDay
2020-09-03,4173.0,933.0,0.0,0,345.39,0.0,1,17.93,8.6,SPY210115P00284000,284.0,0,0.0,0.0,,0.0,normalDay
2020-09-04,4173.0,966.0,0.0,0,342.57,0.0,1,17.93,8.27,SPY210115P00284000,284.0,0,0.0,0.0,,0.0,normalDay
2020-09-08,4173.0,911.0,0.0,0,333.21,0.0,1,17.93,8.82,SPY210115P00284000,284.0,0,0.0,0.0,,0.0,normalDay
2020-09-09,4173.0,1071.0,0.0,0,339.79,0.0,1,17.93,7.22,SPY210115P00284000,284.0,0,0.0,0.0,,0.0,normalDay
2020-09-10,4173.0,983.0,0.0,0,333.89,0.0,1,17.93,8.1,SPY210115P00284000,284.0,0,0.0,0.0,,0.0,normalDay
2020-09-11,4173.0,1040.0,0.0,0,334.06,0.0,1,17.93,7.53,SPY210115P00284000,284.0,0,0.0,0.0,,0.0,normalDay
2020-09-14,4173.0,1161.0,0.0,0,338.46,0.0,1,17.93,6.32,SPY210115P00284000,284.0,0,0.0,0.0,,0.0,normalDay
2020-09-15,4173.0,1183.0,0.0,0,340.17,0.0,1,17.93,6.1,SPY210115P00284000,284.0,0,0.0,0.0,,0.0,normalDay
2020-09-16,4173.0,1155.0,0.0,0,338.82,0.0,1,17.93,6.38,SPY210115P00284000,284.0,0,0.0,0.0,,0.0,normalDay
2020-09-17,4173.0,1124.0,0.0,0,335.84,0.0,1,17.93,6.69,SPY210115P00284000,284.0,0,0.0,0.0,,0.0,normalDay
2020-09-18,4173.0,1092.0,0.0,0,330.65,0.0,1,17.93,7.01,SPY210115P00284000,284.0,0,0.0,0.0,,0.0,normalDay
2020-09-21,4173.0,1028.0,0.0,0,326.97,0.0,1,17.93,7.65,SPY210115P00284000,284.0,0,0.0,0.0,,0.0,normalDay
2020-09-22,4173.0,1058.0,0.0,0,330.3,0.0,1,17.93,7.35,SPY210115P00284000,284.0,0,0.0,0.0,,0.0,normalDay
2020-09-23,4173.0,888.0,0.0,0,322.64,0.0,1,17.93,9.05,SPY210115P00284000,284.0,0,0.0,0.0,,0.0,normalDay
2020-09-24,4173.0,934.0,0.0,0,323.5,0.0,1,17.93,8.59,SPY210115P00284000,284.0,0,0.0,0.0,,0.0,normalDay
2020-09-25,4173.0,1055.0,0.0,0,328.73,0.0,1,17.93,7.38,SPY210115P00284000,284.0,0,0.0,0.0,,0.0,normalDay
2020-09-28,4173.0,1157.0,0.0,0,334.19,0.0,1,17.93,6.36,SPY210115P00284000,284.0,0,0.0,0.0,,0.0,normalDay
2020-09-29,4173.0,1153.0,0.0,0,332.37,0.0,1,17.93,6.4,SPY210115P00284000,284.0,0,0.0,0.0,,0.0,normalDay
2020-09-30,4173.0,1154.0,0.0,0,334.89,0.0,1,17.93,6.39,SPY210115P00284000,284.0,0,0.0,0.0,,0.0,normalDay
2020-10-01,4173.0,1189.0,0.0,0,337.04,0.0,1,17.93,6.04,SPY210115P00284000,284.0,0,0.0,0.0,,0.0,normalDay
2020-10-02,4173.0,1132.0,0.0,0,333.84,0.0,1,17.93,6.61,SPY210115P00284000,284.0,0,0.0,0.0,,0.0,normalDay
2020-10-05,4173.0,1251.0,0.0,0,339.76,0.0,1,17.93,5.42,SPY210115P00284000,284.0,0,0.0,0.0,,0.0,normalDay
2020-10-06,4173.0,1186.0,0.0,0,334.93,0.0,1,17.93,6.07,SPY210115P00284000,284.0,0,0.0,0.0,,0.0,normalDay
2020-10-07,4173.0,1298.0,0.0,0,340.76,0.0,1,17.93,4.95,SPY210115P00284000,284.0,0,0.0,0.0,,0.0,normalDay
2020-10-08,4173.0,1375.0,0.0,0,343.78,0.0,1,17.93,4.18,SPY210115P00284000,284.0,0,0.0,0.0,,0.0,normalDay
2020-10-09,4173.0,1440.0,0.0,0,346.85,0.0,1,17.93,3.53,SPY210115P00284000,284.0,0,0.0,0.0,,0.0,normalDay
2020-10-12,4173.0,1484.0,0.0,0,352.43,0.0,1,17.93,3.09,SPY210115P00284000,284.0,0,0.0,0.0,,0.0,normalDay
2020-10-13,4173.0,1466.0,0.0,0,350.13,0.0,1,17.93,3.27,SPY210115P00284000,284.0,0,0.0,0.0,,0.0,normalDay
2020-10-14,4173.0,1460.0,0.0,0,347.93,0.0,1,17.93,3.33,SPY210115P00284000,284.0,0,0.0,0.0,,0.0,normalDay
2020-10-15,4173.0,1452.0,0.0,0,347.5,0.0,1,17.93,3.41,SPY210115P00284000,284.0,0,0.0,0.0,,0.0,normalDay
2020-10-16,4173.0,1436.0,0.0,0,347.29,0.0,1,17.93,3.57,SPY210115P00284000,284.0,0,0.0,0.0,,0.0,normalDay
2020-10-19,4173.0,1378.0,0.0,0,342.01,0.0,1,17.93,4.15,SPY210115P00284000,284.0,0,0.0,0.0,,0.0,normalDay
2020-10-20,4173.0,1389.0,0.0,0,343.38,0.0,1,17.93,4.04,SPY210115P00284000,284.0,0,0.0,0.0,,0.0,normalDay
2020-10-21,4173.0,1419.0,0.0,0,342.73,0.0,1,17.93,3.74,SPY210115P00284000,284.0,0,0.0,0.0,,0.0,normalDay
2020-10-22,4173.0,1440.0,0.0,0,344.61,0.0,1,17.93,3.53,SPY210115P00284000,284.0,0,0.0,0.0,,0.0,normalDay
2020-10-23,4173.0,1458.0,0.0,0,345.78,0.0,1,17.93,3.35,SPY210115P00284000,284.0,0,0.0,0.0,,0.0,normalDay
2020-10-26,4173.0,1341.0,0.0,0,339.39,0.0,1,17.93,4.52,SPY210115P00284000,284.0,0,0.0,0.0,,0.0,normalDay
2020-10-27,4173.0,1317.0,0.0,0,338.22,0.0,1,17.93,4.76,SPY210115P00284000,284.0,0,0.0,0.0,,0.0,normalDay
2020-10-28,4173.0,997.0,0.0,0,326.66,0.0,1,17.93,7.96,SPY210115P00284000,284.0,0,0.0,0.0,,0.0,normalDay
2020-10-29,4173.0,1168.0,0.0,0,329.98,0.0,1,17.93,6.25,SPY210115P00284000,284.0,0,0.0,0.0,,0.0,normalDay
2020-10-30,4173.0,1094.0,0.0,0,326.54,0.0,1,17.93,6.99,SPY210115P00284000,284.0,0,0.0,0.0,,0.0,normalDay
2020-11-02,4173.0,1208.0,0.0,0,330.2,0.0,1,17.93,5.85,SPY210115P00284000,284.0,0,0.0,0.0,,0.0,normalDay
2020-11-03,4173.0,1316.0,0.0,0,336.03,0.0,1,17.93,4.77,SPY210115P00284000,284.0,0,0.0,0.0,,0.0,normalDay
2020-11-04,4173.0,1475.0,0.0,0,343.54,0.0,1,17.93,3.18,SPY210115P00284000,284.0,0,0.0,0.0,,0.0,normalDay
2020-11-05,4173.0,1532.0,0.0,0,350.24,0.0,1,17.93,2.61,SPY210115P00284000,284.0,0,0.0,0.0,,0.0,normalDay
2020-11-06,4173.0,1579.0,0.0,0,350.16,0.0,1,17.93,2.14,SPY210115P00284000,284.0,0,0.0,0.0,,0.0,normalDay
2020-11-09,4173.0,1618.0,0.0,0,354.56,0.0,1,17.93,1.75,SPY210115P00284000,284.0,0,0.0,0.0,,0.0,normalDay
2020-11-10,4173.0,1628.0,0.0,0,354.04,0.0,1,17.93,1.65,SPY210115P00284000,284.0,0,0.0,0.0,,0.0,normalDay
2020-11-11,4173.0,1651.0,0.0,0,356.67,0.0,1,17.93,1.42,SPY210115P00284000,284.0,0,0.0,0.0,,0.0,normalDay
2020-11-12,4173.0,1613.0,0.0,0,353.21,0.0,1,17.93,1.8,SPY210115P00284000,284.0,0,0.0,0.0,,0.0,normalDay
2020-11-13,4173.0,1661.0,0.0,0,358.1,0.0,1,17.93,1.32,SPY210115P00284000,284.0,0,0.0,0.0,,0.0,normalDay
2020-11-16,4173.0,1687.0,0.0,0,362.57,0.0,1,17.93,1.06,SPY210115P00284000,284.0,0,0.0,0.0,,0.0,normalDay
2020-11-17,4173.0,1688.0,0.0,0,360.62,0.0,1,17.93,1.05,SPY210115P00284000,284.0,0,0.0,0.0,,0.0,normalDay
2020-11-18,4173.0,1669.0,0.0,0,356.28,0.0,1,17.93,1.24,SPY210115P00284000,284.0,0,0.0,0.0,,0.0,normalDay
2020-11-19,4173.0,1686.0,0.0,0,357.78,0.0,1,17.93,1.07,SPY210115P00284000,284.0,0,0.0,0.0,,0.0,normalDay
2020-11-20,4173.0,1680.0,0.0,0,355.33,0.0,1,17.93,1.13,SPY210115P00284000,284.0,0,0.0,0.0,,0.0,normalDay
2020-11-23,4173.0,1699.0,0.0,0,357.46,0.0,1,17.93,0.94,SPY210115P00284000,284.0,0,0.0,0.0,,0.0,normalDay
2020-11-24,4173.0,1720.0,0.0,0,363.22,0.0,1,17.93,0.73,SPY210115P00284000,284.0,0,0.0,0.0,,0.0,normalDay
2020-11-25,4173.0,1727.0,0.0,0,362.66,0.0,1,17.93,0.66,SPY210115P00284000,284.0,0,0.0,0.0,,0.0,normalDay
2020-11-27,4173.0,1736.0,0.0,0,363.67,0.0,1,17.93,0.57,SPY210115P00284000,284.0,0,0.0,0.0,,0.0,normalDay
2020-11-30,4173.0,1742.0,0.0,0,362.06,0.0,1,17.93,0.51,SPY210115P00284000,284.0,0,0.0,0.0,,0.0,normalDay
2020-12-01,4173.0,1743.0,0.0,0,366.02,0.0,1,17.93,0.5,SPY210115P00284000,284.0,0,0.0,0.0,,0.0,normalDay
2020-12-02,4173.0,1744.0,0.0,0,366.79,0.0,1,17.93,0.49,SPY210115P00284000,284.0,0,0.0,0.0,,0.0,normalDay
2020-12-03,4173.0,1743.0,0.0,0,366.69,0.0,1,17.93,0.5,SPY210115P00284000,284.0,0,0.0,0.0,,0.0,normalDay
2020-12-04,4173.0,1753.0,0.0,0,369.85,0.0,1,17.93,0.4,SPY210115P00284000,284.0,0,0.0,0.0,,0.0,normalDay
2020-12-07,4173.0,1757.0,0.0,0,369.09,0.0,1,17.93,0.36,SPY210115P00284000,284.0,0,0.0,0.0,,0.0,normalDay
2020-12-08,4173.0,1763.0,0.0,0,370.17,0.0,1,17.93,0.3,SPY210115P00284000,284.0,0,0.0,0.0,,0.0,normalDay
2020-12-09,4173.0,1757.0,0.0,0,366.85,0.0,1,17.93,0.36,SPY210115P00284000,284.0,0,0.0,0.0,,0.0,normalDay
2020-12-10,4173.0,1757.0,0.0,0,366.73,0.0,1,17.93,0.36,SPY210115P00284000,284.0,0,0.0,0.0,,0.0,normalDay
2020-12-11,4173.0,1752.0,0.0,0,366.3,0.0,1,17.93,0.41,SPY210115P00284000,284.0,0,0.0,0.0,,0.0,normalDay
2020-12-14,4173.0,1748.0,0.0,0,364.66,0.0,1,17.93,0.45,SPY210115P00284000,284.0,0,0.0,0.0,,0.0,normalDay
2020-12-15,4173.0,1760.0,0.0,0,369.59,0.0,1,17.93,0.33,SPY210115P00284000,284.0,0,0.0,0.0,,0.0,normalDay
2020-12-16,4173.0,1762.0,0.0,0,370.17,0.0,1,17.93,0.31,SPY210115P00284000,284.0,0,0.0,0.0,,0.0,normalDay
2020-12-17,4173.0,1766.0,0.0,0,372.24,0.0,1,17.93,0.27,SPY210115P00284000,284.0,0,0.0,0.0,,0.0,normalDay
2020-12-18,4173.0,1768.0,0.0,0,369.18,0.0,1,17.93,0.25,SPY210115P00284000,284.0,0,0.0,0.0,,0.0,normalDay
2020-12-21,4173.0,1760.0,0.0,0,367.86,0.0,1,17.93,0.33,SPY210115P00284000,284.0,0,0.0,0.0,,0.0,normalDay
2020-12-22,4173.0,1765.0,0.0,0,367.24,0.0,1,17.93,0.28,SPY210115P00284000,284.0,0,0.0,0.0,,0.0,normalDay
2020-12-23,4173.0,1769.0,0.0,0,367.57,0.0,1,17.93,0.24,SPY210115P00284000,284.0,0,0.0,0.0,,0.0,normalDay
2020-12-24,4173.0,1775.0,0.0,0,369.0,0.0,1,17.93,0.18,SPY210115P00284000,284.0,0,0.0,0.0,,0.0,normalDay
2020-12-28,4173.0,1780.0,0.0,0,372.17,0.0,1,17.93,0.13,SPY210115P00284000,284.0,0,0.0,0.0,,0.0,normalDay
2020-12-29,4173.0,1779.0,0.0,0,371.46,0.0,1,17.93,0.14,SPY210115P00284000,284.0,0,0.0,0.0,,0.0,normalDay
2020-12-30,4173.0,1781.0,0.0,0,371.99,0.0,1,17.93,0.12,SPY210115P00284000,284.0,0,0.0,0.0,,0.0,normalDay
2020-12-31,4173.0,1781.0,0.0,0,373.88,0.0,1,17.93,0.12,SPY210115P00284000,284.0,0,0.0,0.0,,0.0,normalDay
2021-01-04,4173.0,1782.0,0.0,0,368.79,0.0,1,17.93,0.11,SPY210115P00284000,284.0,0,0.0,0.0,,0.0,normalDay
2021-01-05,4173.0,1786.0,0.0,0,371.33,0.0,1,17.93,0.07,SPY210115P00284000,284.0,0,0.0,0.0,,0.0,normalDay
2021-01-06,4173.0,1783.0,0.0,0,373.55,0.0,1,17.93,0.1,SPY210115P00284000,284.0,0,0.0,0.0,,0.0,normalDay
2021-01-07,4173.0,1789.0,0.0,0,379.1,0.0,1,17.93,0.04,SPY210115P00284000,284.0,0,0.0,0.0,,0.0,normalDay
2021-01-08,4173.0,1791.0,0.0,0,381.26,0.0,1,17.93,0.02,SPY210115P00284000,284.0,0,0.0,0.0,,0.0,normalDay
2021-01-11,4173.0,1791.0,0.0,0,378.69,0.0,1,17.93,0.02,SPY210115P00284000,284.0,0,0.0,0.0,,0.0,normalDay
2021-01-12,4173.0,1792.0,0.0,0,378.77,0.0,1,17.93,0.01,SPY210115P00284000,284.0,0,0.0,0.0,,0.0,normalDay
2021-01-13,4173.0,1792.0,0.0,0,379.79,0.0,1,17.93,0.01,SPY210115P00284000,284.0,0,0.0,0.0,,0.0,normalDay
2021-01-14,4173.0,1792.0,0.0,0,378.46,0.0,1,17.93,0.01,SPY210115P00284000,284.0,0,0.0,0.0,,0.0,normalDay
2021-01-15,5966.0,0.0,1793.0,0,375.7,0.0,1,17.93,0.0,SPY210115P00284000,284.0,0,0.0,0.0,,0.0,expirationDay
2021-01-19,5966.0,-26.0,0.0,0,378.65,0.0,1,19.81,20.07,SPY210716P00370000,370.0,0,0.0,0.0,,0.0,normalDay
2021-01-20,5966.0,180.0,0.0,0,383.89,0.0,1,19.81,18.01,SPY210716P00370000,370.0,0,0.0,0.0,,0.0,normalDay
2021-01-21,5966.0,186.0,0.0,0,384.24,0.0,1,19.81,17.95,SPY210716P00370000,370.0,0,0.0,0.0,,0.0,normalDay
2021-01-22,5966.0,132.0,0.0,0,382.88,0.0,1,19.81,18.49,SPY210716P00370000,370.0,0,0.0,0.0,,0.0,normalDay
2021-01-25,5966.0,138.0,0.0,0,384.39,0.0,1,19.81,18.43,SPY210716P00370000,370.0,0,0.0,0.0,,0.0,normalDay
2021-01-26,5966.0,128.0,0.0,0,383.79,0.0,1,19.81,18.53,SPY210716P00370000,370.0,0,0.0,0.0,,0.0,normalDay
2021-01-27,5966.0,-592.0,0.0,0,374.41,0.0,1,19.81,25.73,SPY210716P00370000,370.0,0,0.0,0.0,,0.0,normalDay
2021-01-28,5966.0,-301.0,0.0,0,377.63,0.0,1,19.81,22.82,SPY210716P00370000,370.0,0,0.0,0.0,,0.0,normalDay
2021-01-29,5966.0,-718.0,0.0,0,370.07,0.0,1,19.81,26.99,SPY210716P00370000,370.0,0,0.0,0.0,,0.0,normalDay
2021-02-01,5966.0,-350.0,0.0,0,376.23,0.0,1,19.81,23.31,SPY210716P00370000,370.0,0,0.0,0.0,,0.0,normalDay
2021-02-02,5966.0,15.0,0.0,0,381.55,0.0,1,19.81,19.66,SPY210716P00370000,370.0,0,0.0,0.0,,0.0,normalDay
2021-02-03,5966.0,98.0,0.0,0,381.85,0.0,1,19.81,18.83,SPY210716P00370000,370.0,0,0.0,0.0,,0.0,normalDay
2021-02-04,5966.0,261.0,0.0,0,386.19,0.0,1,19.81,17.2,SPY210716P00370000,370.0,0,0.0,0.0,,0.0,normalDay
2021-02-05,5966.0,311.0,0.0,0,387.71,0.0,1,19.81,16.7,SPY210716P00370000,370.0,0,0.0,0.0,,0.0,normalDay
2021-02-08,5966.0,400.0,0.0,0,390.51,0.0,1,19.81,15.81,SPY210716P00370000,370.0,0,0.0,0.0,,0.0,normalDay
2021-02-09,5966.0,396.0,0.0,0,390.25,0.0,1,19.81,15.85,SPY210716P00370000,370.0,0,0.0,0.0,,0.0,normalDay
2021-02-10,5966.0,357.0,0.0,0,390.08,0.0,1,19.81,16.24,SPY210716P00370000,370.0,0,0.0,0.0,,0.0,normalDay
2021-02-11,5966.0,384.0,0.0,0,390.71,0.0,1,19.81,15.97,SPY210716P00370000,370.0,0,0.0,0.0,,0.0,normalDay
2021-02-12,5966.0,492.0,0.0,0,392.64,0.0,1,19.81,14.89,SPY210716P00370000,370.0,0,0.0,0.0,,0.0,normalDay
2021-02-16,5966.0,463.0,0.0,0,392.3,0.0,1,19.81,15.18,SPY210716P00370000,370.0,0,0.0,0.0,,0.0,normalDay
2021-02-17,5966.0,481.0,0.0,0,392.39,0.0,1,19.81,15.0,SPY210716P00370000,370.0,0,0.0,0.0,,0.0,normalDay
2021-02-18,5966.0,424.0,0.0,0,390.72,0.0,1,19.81,15.57,SPY210716P00370000,370.0,0,0.0,0.0,,0.0,normalDay
2021-02-19,5966.0,436.0,0.0,0,390.03,0.0,1,19.81,15.45,SPY210716P00370000,370.0,0,0.0,0.0,,0.0,normalDay
2021-02-22,5966.0,341.0,0.0,0,387.03,0.0,1,19.81,16.4,SPY210716P00370000,370.0,0,0.0,0.0,,0.0,normalDay
2021-02-23,5966.0,400.0,0.0,0,387.5,0.0,1,19.81,15.81,SPY210716P00370000,370.0,0,0.0,0.0,,0.0,normalDay
2021-02-24,5966.0,578.0,0.0,0,391.77,0.0,1,19.81,14.03,SPY210716P00370000,370.0,0,0.0,0.0,,0.0,normalDay
2021-02-25,5966.0,151.0,0.0,0,382.33,0.0,1,19.81,18.3,SPY210716P00370000,370.0,0,0.0,0.0,,0.0,normalDay
2021-02-26,5966.0,155.0,0.0,0,380.36,0.0,1,19.81,18.26,SPY210716P00370000,370.0,0,0.0,0.0,,0.0,normalDay
2021-03-01,5966.0,560.0,0.0,0,389.58,0.0,1,19.81,14.21,SPY210716P00370000,370.0,0,0.0,0.0,,0.0,normalDay
2021-03-02,5966.0,451.0,0.0,0,386.54,0.0,1,19.81,15.3,SPY210716P00370000,370.0,0,0.0,0.0,,0.0,normalDay
2021-03-03,5966.0,255.0,0.0,0,381.42,0.0,1,19.81,17.26,SPY210716P00370000,370.0,0,0.0,0.0,,0.0,normalDay
2021-03-04,5966.0,68.0,0.0,0,376.7,0.0,1,19.81,19.13,SPY210716P00370000,370.0,0,0.0,0.0,,0.0,normalDay
2021-03-05,5966.0,413.0,0.0,0,383.63,0.0,1,19.81,15.68,SPY210716P00370000,370.0,0,0.0,0.0,,0.0,normalDay
2021-03-08,5966.0,369.0,0.0,0,381.72,0.0,1,19.81,16.12,SPY210716P00370000,370.0,0,0.0,0.0,,0.0,normalDay
2021-03-09,5966.0,553.0,0.0,0,387.17,0.0,1,19.81,14.28,SPY210716P00370000,370.0,0,0.0,0.0,,0.0,normalDay
2021-03-10,5966.0,660.0,0.0,0,389.58,0.0,1,19.81,13.21,SPY210716P00370000,370.0,0,0.0,0.0,,0.0,normalDay
2021-03-11,5966.0,770.0,0.0,0,393.53,0.0,1,19.81,12.11,SPY210716P00370000,370.0,0,0.0,0.0,,0.0,normalDay
2021-03-12,5966.0,825.0,0.0,0,394.06,0.0,1,19.81,11.56,SPY210716P00370000,370.0,0,0.0,0.0,,0.0,normalDay
2021-03-15,5966.0,930.0,0.0,0,396.41,0.0,1,19.81,10.51,SPY210716P00370000,370.0,0,0.0,0.0,,0.0,normalDay
2021-03-16,5966.0,922.0,0.0,0,395.91,0.0,1,19.81,10.59,SPY210716P00370000,370.0,0,0.0,0.0,,0.0,normalDay
2021-03-17,5966.0,998.0,0.0,0,397.26,0.0,1,19.81,9.83,SPY210716P00370000,370.0,0,0.0,0.0,,0.0,normalDay
2021-03-18,5966.0,836.0,0.0,0,391.48,0.0,1,19.81,11.45,SPY210716P00370000,370.0,0,0.0,0.0,,0.0,normalDay
2021-03-19,5966.0,828.0,0.0,0,389.48,0.0,1,19.81,11.53,SPY210716P00370000,370.0,0,0.0,0.0,,0.0,normalDay
2021-03-22,5966.0,1030.0,0.0,0,392.59,0.0,1,19.81,9.51,SPY210716P00370000,370.0,0,0.0,0.0,,0.0,normalDay
2021-03-23,5966.0,929.0,0.0,0,389.5,0.0,1,19.81,10.52,SPY210716P00370000,370.0,0,0.0,0.0,,0.0,normalDay
2021-03-24,5966.0,864.0,0.0,0,387.52,0.0,1,19.81,11.17,SPY210716P00370000,370.0,0,0.0,0.0,,0.0,normalDay
2021-03-25,5966.0,974.0,0.0,0,389.7,0.0,1,19.81,10.07,SPY210716P00370000,370.0,0,0.0,0.0,,0.0,normalDay
2021-03-26,5966.0,1141.0,0.0,0,395.98,0.0,1,19.81,8.4,SPY210716P00370000,370.0,0,0.0,0.0,,0.0,normalDay
2021-03-29,5966.0,1119.0,0.0,0,395.78,0.0,1,19.81,8.62,SPY210716P00370000,370.0,0,0.0,0.0,,0.0,normalDay
2021-03-30,5966.0,1138.0,0.0,0,394.73,0.0,1,19.81,8.43,SPY210716P00370000,370.0,0,0.0,0.0,,0.0,normalDay
2021-03-31,5966.0,1191.0,0.0,0,396.33,0.0,1,19.81,7.9,SPY210716P00370000,370.0,0,0.0,0.0,,0.0,normalDay
2021-04-01,5966.0,1324.0,0.0,0,400.61,0.0,1,19.81,6.57,SPY210716P00370000,370.0,0,0.0,0.0,,0.0,normalDay
2021-04-05,5966.0,1430.0,0.0,0,406.36,0.0,1,19.81,5.51,SPY210716P00370000,370.0,0,0.0,0.0,,0.0,normalDay
2021-04-06,5966.0,1418.0,0.0,0,406.12,0.0,1,19.81,5.63,SPY210716P00370000,370.0,0,0.0,0.0,,0.0,normalDay
2021-04-07,5966.0,1449.0,0.0,0,406.59,0.0,1,19.81,5.32,SPY210716P00370000,370.0,0,0.0,0.0,,0.0,normalDay
2021-04-08,5966.0,1471.0,0.0,0,408.52,0.0,1,19.81,5.1,SPY210716P00370000,370.0,0,0.0,0.0,,0.0,normalDay
2021-04-09,5966.0,1497.0,0.0,0,411.49,0.0,1,19.81,4.84,SPY210716P00370000,370.0,0,0.0,0.0,,0.0,normalDay
2021-04-12,5966.0,1513.0,0.0,0,411.64,0.0,1,19.81,4.68,SPY210716P00370000,370.0,0,0.0,0.0,,0.0,normalDay
2021-04-13,5966.0,1543.0,0.0,0,412.86,0.0,1,19.81,4.38,SPY210716P00370000,370.0,0,0.0,0.0,,0.0,normalDay
2021-04-14,5966.0,1522.0,0.0,0,411.45,0.0,1,19.81,4.59,SPY210716P00370000,370.0,0,0.0,0.0,,0.0,normalDay
2021-04-15,5966.0,1576.0,0.0,0,415.87,0.0,1,19.81,4.05,SPY210716P00370000,370.0,0,0.0,0.0,,0.0,normalDay
2021-04-16,5966.0,1595.0,0.0,0,417.26,0.0,1,19.81,3.86,SPY210716P00370000,370.0,0,0.0,0.0,,0.0,normalDay
2021-04-19,5966.0,1558.0,0.0,0,415.21,0.0,1,19.81,4.23,SPY210716P00370000,370.0,0,0.0,0.0,,0.0,normalDay
2021-04-20,5966.0,1492.0,0.0,0,412.17,0.0,1,19.81,4.89,SPY210716P00370000,370.0,0,0.0,0.0,,0.0,normalDay
2021-04-21,5966.0,1572.0,0.0,0,416.07,0.0,1,19.81,4.09,SPY210716P00370000,370.0,0,0.0,0.0,,0.0,normalDay
2021-04-22,5966.0,1494.0,0.0,0,412.27,0.0,1,19.81,4.87,SPY210716P00370000,370.0,0,0.0,0.0,,0.0,normalDay
2021-04-23,5966.0,1588.0,0.0,0,416.74,0.0,1,19.81,3.93,SPY210716P00370000,370.0,0,0.0,0.0,,0.0,normalDay
2021-04-26,5966.0,1611.0,0.0,0,417.61,0.0,1,19.81,3.7,SPY210716P00370000,370.0,0,0.0,0.0,,0.0,normalDay
2021-04-27,5966.0,1622.0,0.0,0,417.52,0.0,1,19.81,3.59,SPY210716P00370000,370.0,0,0.0,0.0,,0.0,normalDay
2021-04-28,5966.0,1641.0,0.0,0,417.4,0.0,1,19.81,3.4,SPY210716P00370000,370.0,0,0.0,0.0,,0.0,normalDay
2021-04-29,5966.0,1655.0,0.0,0,420.06,0.0,1,19.81,3.26,SPY210716P00370000,370.0,0,0.0,0.0,,0.0,normalDay
2021-04-30,5966.0,1617.0,0.0,0,417.3,0.0,1,19.81,3.64,SPY210716P00370000,370.0,0,0.0,0.0,,0.0,normalDay
2021-05-03,5966.0,1647.0,0.0,0,418.2,0.0,1,19.81,3.34,SPY210716P00370000,370.0,0,0.0,0.0,,0.0,normalDay
2021-05-04,5966.0,1599.0,0.0,0,415.62,0.0,1,19.81,3.82,SPY210716P00370000,370.0,0,0.0,0.0,,0.0,normalDay
2021-05-05,5966.0,1616.0,0.0,0,415.75,0.0,1,19.81,3.65,SPY210716P00370000,370.0,0,0.0,0.0,,0.0,normalDay
2021-05-06,5966.0,1666.0,0.0,0,419.07,0.0,1,19.81,3.15,SPY210716P00370000,370.0,0,0.0,0.0,,0.0,normalDay
2021-05-07,5966.0,1719.0,0.0,0,422.12,0.0,1,19.81,2.62,SPY210716P00370000,370.0,0,0.0,0.0,,0.0,normalDay
2021-05-10,5966.0,1654.0,0.0,0,417.94,0.0,1,19.81,3.27,SPY210716P00370000,370.0,0,0.0,0.0,,0.0,normalDay
2021-05-11,5966.0,1584.0,0.0,0,414.21,0.0,1,19.81,3.97,SPY210716P00370000,370.0,0,0.0,0.0,,0.0,normalDay
2021-05-12,5966.0,1332.0,0.0,0,405.41,0.0,1,19.81,6.49,SPY210716P00370000,370.0,0,0.0,0.0,,0.0,normalDay
2021-05-13,5966.0,1513.0,0.0,0,410.28,0.0,1,19.81,4.68,SPY210716P00370000,370.0,0,0.0,0.0,,0.0,normalDay
2021-05-14,5966.0,1685.0,0.0,0,416.58,0.0,1,19.81,2.96,SPY210716P00370000,370.0,0,0.0,0.0,,0.0,normalDay
2021-05-17,5966.0,1668.0,0.0,0,415.52,0.0,1,19.81,3.13,SPY210716P00370000,370.0,0,0.0,0.0,,0.0,normalDay
2021-05-18,5966.0,1612.0,0.0,0,411.94,0.0,1,19.81,3.69,SPY210716P00370000,370.0,0,0.0,0.0,,0.0,normalDay
2021-05-19,5966.0,1585.0,0.0,0,410.86,0.0,1,19.81,3.96,SPY210716P00370000,370.0,0,0.0,0.0,,0.0,normalDay
2021-05-20,5966.0,1664.0,0.0,0,415.28,0.0,1,19.81,3.17,SPY210716P00370000,370.0,0,0.0,0.0,,0.0,normalDay
2021-05-21,5966.0,1682.0,0.0,0,414.94,0.0,1,19.81,2.99,SPY210716P00370000,370.0,0,0.0,0.0,,0.0,normalDay
2021-05-24,5966.0,1762.0,0.0,0,419.17,0.0,1,19.81,2.19,SPY210716P00370000,370.0,0,0.0,0.0,,0.0,normalDay
2021-05-25,5966.0,1762.0,0.0,0,418.24,0.0,1,19.81,2.19,SPY210716P00370000,370.0,0,0.0,0.0,,0.0,normalDay
2021-05-26,5966.0,1805.0,0.0,0,419.07,0.0,1,19.81,1.76,SPY210716P00370000,370.0,0,0.0,0.0,,0.0,normalDay
2021-05-27,5966.0,1831.0,0.0,0,419.29,0.0,1,19.81,1.5,SPY210716P00370000,370.0,0,0.0,0.0,,0.0,normalDay
2021-05-28,5966.0,1834.0,0.0,0,420.04,0.0,1,19.81,1.47,SPY210716P00370000,370.0,0,0.0,0.0,,0.0,normalDay
2021-06-01,5966.0,1833.0,0.0,0,419.67,0.0,1,19.81,1.48,SPY210716P00370000,370.0,0,0.0,0.0,,0.0,normalDay
2021-06-02,5966.0,1846.0,0.0,0,420.33,0.0,1,19.81,1.35,SPY210716P00370000,370.0,0,0.0,0.0,,0.0,normalDay
2021-06-03,5966.0,1836.0,0.0,0,418.77,0.0,1,19.81,1.45,SPY210716P00370000,370.0,0,0.0,0.0,,0.0,normalDay
2021-06-04,5966.0,1875.0,0.0,0,422.6,0.0,1,19.81,1.06,SPY210716P00370000,370.0,0,0.0,0.0,,0.0,normalDay
2021-06-07,5966.0,1887.0,0.0,0,422.19,0.0,1,19.81,0.94,SPY210716P00370000,370.0,0,0.0,0.0,,0.0,normalDay
2021-06-08,5966.0,1883.0,0.0,0,422.28,0.0,1,19.81,0.98,SPY210716P00370000,370.0,0,0.0,0.0,,0.0,normalDay
2021-06-09,5966.0,1875.0,0.0,0,421.65,0.0,1,19.81,1.06,SPY210716P00370000,370.0,0,0.0,0.0,,0.0,normalDay
2021-06-10,5966.0,1901.0,0.0,0,423.61,0.0,1,19.81,0.8,SPY210716P00370000,370.0,0,0.0,0.0,,0.0,normalDay
2021-06-11,5966.0,1907.0,0.0,0,424.31,0.0,1,19.81,0.74,SPY210716P00370000,370.0,0,0.0,0.0,,0.0,normalDay
2021-06-14,5966.0,1915.0,0.0,0,425.26,0.0,1,19.81,0.66,SPY210716P00370000,370.0,0,0.0,0.0,,0.0,normalDay
2021-06-15,5966.0,1910.0,0.0,0,424.48,0.0,1,19.81,0.71,SPY210716P00370000,370.0,0,0.0,0.0,,0.0,normalDay
2021-06-16,5966.0,1899.0,0.0,0,422.11,0.0,1,19.81,0.82,SPY210716P00370000,370.0,0,0.0,0.0,,0.0,normalDay
2021-06-17,5966.0,1908.0,0.0,0,421.97,0.0,1,19.81,0.73,SPY210716P00370000,370.0,0,0.0,0.0,,0.0,normalDay
2021-06-18,5966.0,1866.0,0.0,0,414.92,0.0,1,19.81,1.15,SPY210716P00370000,370.0,0,0.0,0.0,,0.0,normalDay
2021-06-21,5966.0,1923.0,0.0,0,420.86,0.0,1,19.81,0.58,SPY210716P00370000,370.0,0,0.0,0.0,,0.0,normalDay
2021-06-22,5966.0,1936.0,0.0,0,423.11,0.0,1,19.81,0.45,SPY210716P00370000,370.0,0,0.0,0.0,,0.0,normalDay
2021-06-23,5966.0,1943.0,0.0,0,422.6,0.0,1,19.81,0.38,SPY210716P00370000,370.0,0,0.0,0.0,,0.0,normalDay
2021-06-24,5966.0,1948.0,0.0,0,425.1,0.0,1,19.81,0.33,SPY210716P00370000,370.0,0,0.0,0.0,,0.0,normalDay
2021-06-25,5966.0,1953.0,0.0,0,426.61,0.0,1,19.81,0.28,SPY210716P00370000,370.0,0,0.0,0.0,,0.0,normalDay
2021-06-28,5966.0,1960.0,0.0,0,427.47,0.0,1,19.81,0.21,SPY210716P00370000,370.0,0,0.0,0.0,,0.0,normalDay
2021-06-29,5966.0,1961.0,0.0,0,427.7,0.0,1,19.81,0.2,SPY210716P00370000,370.0,0,0.0,0.0,,0.0,normalDay
2021-06-30,5966.0,1964.0,0.0,0,428.06,0.0,1,19.81,0.17,SPY210716P00370000,370.0,0,0.0,0.0,,0.0,normalDay
2021-07-01,5966.0,1968.0,0.0,0,430.43,0.0,1,19.81,0.13,SPY210716P00370000,370.0,0,0.0,0.0,,0.0,normalDay
2021-07-02,5966.0,1972.0,0.0,0,433.72,0.0,1,19.81,0.09,SPY210716P00370000,370.0,0,0.0,0.0,,0.0,normalDay
2021-07-06,5966.0,1973.0,0.0,0,432.93,0.0,1,19.81,0.08,SPY210716P00370000,370.0,0,0.0,0.0,,0.0,normalDay
2021-07-07,5966.0,1976.0,0.0,0,434.46,0.0,1,19.81,0.05,SPY210716P00370000,370.0,0,0.0,0.0,,0.0,normalDay
2021-07-08,5966.0,1972.0,0.0,0,430.92,0.0,1,19.81,0.09,SPY210716P00370000,370.0,0,0.0,0.0,,0.0,normalDay
2021-07-09,5966.0,1977.0,0.0,0,435.52,0.0,1,19.81,0.04,SPY210716P00370000,370.0,0,0.0,0.0,,0.0,normalDay
2021-07-12,5966.0,1979.0,0.0,0,437.08,0.0,1,19.81,0.02,SPY210716P00370000,370.0,0,0.0,0.0,,0.0,normalDay
2021-07-13,5966.0,1979.0,0.0,0,435.59,0.0,1,19.81,0.02,SPY210716P00370000,370.0,0,0.0,0.0,,0.0,normalDay
2021-07-14,5966.0,1980.0,0.0,0,436.24,0.0,1,19.81,0.01,SPY210716P00370000,370.0,0,0.0,0.0,,0.0,normalDay
2021-07-15,5966.0,1980.0,0.0,0,434.75,0.0,1,19.81,0.01,SPY210716P00370000,370.0,0,0.0,0.0,,0.0,normalDay
2021-07-16,7947.0,0.0,1981.0,0,431.34,0.0,1,19.81,0.0,SPY210716P00370000,370.0,0,0.0,0.0,,0.0,expirationDay
2021-07-19,7947.0,-29.0,0.0,0,424.97,0.0,1,24.57,24.86,SPY220218P00424000,424.0,0,0.0,0.0,,0.0,normalDay
2021-07-20,7947.0,269.0,0.0,0,431.06,0.0,1,24.57,21.88,SPY220218P00424000,424.0,0,0.0,0.0,,0.0,normalDay
2021-07-21,7947.0,454.0,0.0,0,434.55,0.0,1,24.57,20.03,SPY220218P00424000,424.0,0,0.0,0.0,,0.0,normalDay
2021-07-22,7947.0,492.0,0.0,0,435.46,0.0,1,24.57,19.65,SPY220218P00424000,424.0,0,0.0,0.0,,0.0,normalDay
2021-07-23,7947.0,618.0,0.0,0,439.94,0.0,1,24.57,18.39,SPY220218P00424000,424.0,0,0.0,0.0,,0.0,normalDay
2021-07-26,7947.0,654.0,0.0,0,441.02,0.0,1,24.57,18.03,SPY220218P00424000,424.0,0,0.0,0.0,,0.0,normalDay
2021-07-27,7947.0,542.0,0.0,0,439.01,0.0,1,24.57,19.15,SPY220218P00424000,424.0,0,0.0,0.0,,0.0,normalDay
2021-07-28,7947.0,569.0,0.0,0,438.83,0.0,1,24.57,18.88,SPY220218P00424000,424.0,0,0.0,0.0,,0.0,normalDay
2021-07-29,7947.0,658.0,0.0,0,440.65,0.0,1,24.57,17.99,SPY220218P00424000,424.0,0,0.0,0.0,,0.0,normalDay
2021-07-30,7947.0,608.0,0.0,0,438.51,0.0,1,24.57,18.49,SPY220218P00424000,424.0,0,0.0,0.0,,0.0,normalDay
2021-08-02,7947.0,543.0,0.0,0,437.59,0.0,1,24.57,19.14,SPY220218P00424000,424.0,0,0.0,0.0,,0.0,normalDay
2021-08-03,7947.0,687.0,0.0,0,441.15,0.0,1,24.57,17.7,SPY220218P00424000,424.0,0,0.0,0.0,,0.0,normalDay
2021-08-04,7947.0,637.0,0.0,0,438.98,0.0,1,24.57,18.2,SPY220218P00424000,424.0,0,0.0,0.0,,0.0,normalDay
2021-08-05,7947.0,739.0,0.0,0,441.76,0.0,1,24.57,17.18,SPY220218P00424000,424.0,0,0.0,0.0,,0.0,normalDay
2021-08-06,7947.0,808.0,0.0,0,442.49,0.0,1,24.57,16.49,SPY220218P00424000,424.0,0,0.0,0.0,,0.0,normalDay
2021-08-09,7947.0,785.0,0.0,0,442.13,0.0,1,24.57,16.72,SPY220218P00424000,424.0,0,0.0,0.0,,0.0,normalDay
2021-08-10,7947.0,783.0,0.0,0,442.68,0.0,1,24.57,16.74,SPY220218P00424000,424.0,0,0.0,0.0,,0.0,normalDay
2021-08-11,7947.0,845.0,0.0,0,443.78,0.0,1,24.57,16.12,SPY220218P00424000,424.0,0,0.0,0.0,,0.0,normalDay
2021-08-12,7947.0,903.0,0.0,0,445.11,0.0,1,24.57,15.54,SPY220218P00424000,424.0,0,0.0,0.0,,0.0,normalDay
2021-08-13,7947.0,927.0,0.0,0,445.92,0.0,1,24.57,15.3,SPY220218P00424000,424.0,0,0.0,0.0,,0.0,normalDay
2021-08-16,7947.0,958.0,0.0,0,446.97,0.0,1,24.57,14.99,SPY220218P00424000,424.0,0,0.0,0.0,,0.0,normalDay
2021-08-17,7947.0,807.0,0.0,0,444.04,0.0,1,24.57,16.5,SPY220218P00424000,424.0,0,0.0,0.0,,0.0,normalDay
2021-08-18,7947.0,579.0,0.0,0,439.18,0.0,1,24.57,18.78,SPY220218P00424000,424.0,0,0.0,0.0,,0.0,normalDay
2021-08-19,7947.0,602.0,0.0,0,439.86,0.0,1,24.57,18.55,SPY220218P00424000,424.0,0,0.0,0.0,,0.0,normalDay
2021-08-20,7947.0,772.0,0.0,0,443.36,0.0,1,24.57,16.85,SPY220218P00424000,424.0,0,0.0,0.0,,0.0,normalDay
2021-08-23,7947.0,954.0,0.0,0,447.26,0.0,1,24.57,15.03,SPY220218P00424000,424.0,0,0.0,0.0,,0.0,normalDay
2021-08-24,7947.0,951.0,0.0,0,447.97,0.0,1,24.57,15.06,SPY220218P00424000,424.0,0,0.0,0.0,,0.0,normalDay
2021-08-25,7947.0,1009.0,0.0,0,448.91,0.0,1,24.57,14.48,SPY220218P00424000,424.0,0,0.0,0.0,,0.0,normalDay
2021-08-26,7947.0,895.0,0.0,0,446.26,0.0,1,24.57,15.62,SPY220218P00424000,424.0,0,0.0,0.0,,0.0,normalDay
2021-08-27,7947.0,1057.0,0.0,0,450.25,0.0,1,24.57,14.0,SPY220218P00424000,424.0,0,0.0,0.0,,0.0,normalDay
2021-08-30,7947.0,1113.0,0.0,0,452.23,0.0,1,24.57,13.44,SPY220218P00424000,424.0,0,0.0,0.0,,0.0,normalDay
2021-08-31,7947.0,1105.0,0.0,0,451.56,0.0,1,24.57,13.52,SPY220218P00424000,424.0,0,0.0,0.0,,0.0,normalDay
2021-09-01,7947.0,1132.0,0.0,0,451.8,0.0,1,24.57,13.25,SPY220218P00424000,424.0,0,0.0,0.0,,0.0,normalDay
2021-09-02,7947.0,1167.0,0.0,0,453.19,0.0,1,24.57,12.9,SPY220218P00424000,424.0,0,0.0,0.0,,0.0,normalDay
2021-09-03,7947.0,1151.0,0.0,0,453.08,0.0,1,24.57,13.06,SPY220218P00424000,424.0,0,0.0,0.0,,0.0,normalDay
2021-09-07,7947.0,1081.0,0.0,0,451.46,0.0,1,24.57,13.76,SPY220218P00424000,424.0,0,0.0,0.0,,0.0,normalDay
2021-09-08,7947.0,1068.0,0.0,0,450.91,0.0,1,24.57,13.89,SPY220218P00424000,424.0,0,0.0,0.0,,0.0,normalDay
2021-09-09,7947.0,991.0,0.0,0,448.98,0.0,1,24.57,14.66,SPY220218P00424000,424.0,0,0.0,0.0,,0.0,normalDay
2021-09-10,7947.0,894.0,0.0,0,445.44,0.0,1,24.57,15.63,SPY220218P00424000,424.0,0,0.0,0.0,,0.0,normalDay
2021-09-13,7947.0,978.0,0.0,0,446.58,0.0,1,24.57,14.79,SPY220218P00424000,424.0,0,0.0,0.0,,0.0,normalDay
2021-09-14,7947.0,908.0,0.0,0,444.17,0.0,1,24.57,15.49,SPY220218P00424000,424.0,0,0.0,0.0,,0.0,normalDay
2021-09-15,7947.0,1047.0,0.0,0,447.88,0.0,1,24.57,14.1,SPY220218P00424000,424.0,0,0.0,0.0,,0.0,normalDay
2021-09-16,7947.0,1017.0,0.0,0,447.17,0.0,1,24.57,14.4,SPY220218P00424000,424.0,0,0.0,0.0,,0.0,normalDay
2021-09-17,7947.0,854.0,0.0,0,441.4,0.0,1,24.57,16.03,SPY220218P00424000,424.0,0,0.0,0.0,,0.0,normalDay
2021-09-20,7947.0,504.0,0.0,0,434.04,0.0,1,24.57,19.53,SPY220218P00424000,424.0,0,0.0,0.0,,0.0,normalDay
2021-09-21,7947.0,534.0,0.0,0,433.63,0.0,1,24.57,19.23,SPY220218P00424000,424.0,0,0.0,0.0,,0.0,normalDay
2021-09-22,7947.0,791.0,0.0,0,437.86,0.0,1,24.57,16.66,SPY220218P00424000,424.0,0,0.0,0.0,,0.0,normalDay
2021-09-23,7947.0,1021.0,0.0,0,443.18,0.0,1,24.57,14.36,SPY220218P00424000,424.0,0,0.0,0.0,,0.0,normalDay
2021-09-24,7947.0,1066.0,0.0,0,443.91,0.0,1,24.57,13.91,SPY220218P00424000,424.0,0,0.0,0.0,,0.0,normalDay
2021-09-27,7947.0,1021.0,0.0,0,442.64,0.0,1,24.57,14.36,SPY220218P00424000,424.0,0,0.0,0.0,,0.0,normalDay
2021-09-28,7947.0,656.0,0.0,0,433.72,0.0,1,24.57,18.01,SPY220218P00424000,424.0,0,0.0,0.0,,0.0,normalDay
2021-09-29,7947.0,700.0,0.0,0,434.45,0.0,1,24.57,17.57,SPY220218P00424000,424.0,0,0.0,0.0,,0.0,normalDay
2021-09-30,7947.0,526.0,0.0,0,429.14,0.0,1,24.57,19.31,SPY220218P00424000,424.0,0,0.0,0.0,,0.0,normalDay
2021-10-01,7947.0,747.0,0.0,0,434.24,0.0,1,24.57,17.1,SPY220218P00424000,424.0,0,0.0,0.0,,0.0,normalDay
2021-10-04,7947.0,518.0,0.0,0,428.64,0.0,1,24.57,19.39,SPY220218P00424000,424.0,0,0.0,0.0,,0.0,normalDay
2021-10-05,7947.0,728.0,0.0,0,433.1,0.0,1,24.57,17.29,SPY220218P00424000,424.0,0,0.0,0.0,,0.0,normalDay
2021-10-06,7947.0,795.0,0.0,0,434.9,0.0,1,24.57,16.62,SPY220218P00424000,424.0,0,0.0,0.0,,0.0,normalDay
2021-10-07,7947.0,972.0,0.0,0,438.66,0.0,1,24.57,14.85,SPY220218P00424000,424.0,0,0.0,0.0,,0.0,normalDay
2021-10-08,7947.0,952.0,0.0,0,437.86,0.0,1,24.57,15.05,SPY220218P00424000,424.0,0,0.0,0.0,,0.0,normalDay
2021-10-11,7947.0,866.0,0.0,0,434.69,0.0,1,24.57,15.91,SPY220218P00424000,424.0,0,0.0,0.0,,0.0,normalDay
2021-10-12,7947.0,843.0,0.0,0,433.62,0.0,1,24.57,16.14,SPY220218P00424000,424.0,0,0.0,0.0,,0.0,normalDay
2021-10-13,7947.0,989.0,0.0,0,435.18,0.0,1,24.57,14.68,SPY220218P00424000,424.0,0,0.0,0.0,,0.0,normalDay
2021-10-14,7947.0,1253.0,0.0,0,442.5,0.0,1,24.57,12.04,SPY220218P00424000,424.0,0,0.0,0.0,,0.0,normalDay
2021-10-15,7947.0,1336.0,0.0,0,445.87,0.0,1,24.57,11.21,SPY220218P00424000,424.0,0,0.0,0.0,,0.0,normalDay
2021-10-18,7947.0,1379.0,0.0,0,447.19,0.0,1,24.57,10.78,SPY220218P00424000,424.0,0,0.0,0.0,,0.0,normalDay
2021-10-19,7947.0,1493.0,0.0,0,450.64,0.0,1,24.57,9.64,SPY220218P00424000,424.0,0,0.0,0.0,,0.0,normalDay
2021-10-20,7947.0,1521.0,0.0,0,452.41,0.0,1,24.57,9.36,SPY220218P00424000,424.0,0,0.0,0.0,,0.0,normalDay
2021-10-21,7947.0,1566.0,0.0,0,453.59,0.0,1,24.57,8.91,SPY220218P00424000,424.0,0,0.0,0.0,,0.0,normalDay
2021-10-22,7947.0,1525.0,0.0,0,453.12,0.0,1,24.57,9.32,SPY220218P00424000,424.0,0,0.0,0.0,,0.0,normalDay
2021-10-25,7947.0,1607.0,0.0,0,455.55,0.0,1,24.57,8.5,SPY220218P00424000,424.0,0,0.0,0.0,,0.0,normalDay
2021-10-26,7947.0,1618.0,0.0,0,455.96,0.0,1,24.57,8.39,SPY220218P00424000,424.0,0,0.0,0.0,,0.0,normalDay
2021-10-27,7947.0,1540.0,0.0,0,453.94,0.0,1,24.57,9.17,SPY220218P00424000,424.0,0,0.0,0.0,,0.0,normalDay
2021-10-28,7947.0,1634.0,0.0,0,458.32,0.0,1,24.57,8.23,SPY220218P00424000,424.0,0,0.0,0.0,,0.0,normalDay
2021-10-29,7947.0,1661.0,0.0,0,459.25,0.0,1,24.57,7.96,SPY220218P00424000,424.0,0,0.0,0.0,,0.0,normalDay
2021-11-01,7947.0,1690.0,0.0,0,460.04,0.0,1,24.57,7.67,SPY220218P00424000,424.0,0,0.0,0.0,,0.0,normalDay
2021-11-02,7947.0,1733.0,0.0,0,461.9,0.0,1,24.57,7.24,SPY220218P00424000,424.0,0,0.0,0.0,,0.0,normalDay
2021-11-03,7947.0,1810.0,0.0,0,464.72,0.0,1,24.57,6.47,SPY220218P00424000,424.0,0,0.0,0.0,,0.0,normalDay
2021-11-04,7947.0,1841.0,0.0,0,466.91,0.0,1,24.57,6.16,SPY220218P00424000,424.0,0,0.0,0.0,,0.0,normalDay
2021-11-05,7947.0,1832.0,0.0,0,468.53,0.0,1,24.57,6.25,SPY220218P00424000,424.0,0,0.0,0.0,,0.0,normalDay
2021-11-08,7947.0,1827.0,0.0,0,468.93,0.0,1,24.57,6.3,SPY220218P00424000,424.0,0,0.0,0.0,,0.0,normalDay
2021-11-09,7947.0,1801.0,0.0,0,467.38,0.0,1,24.57,6.56,SPY220218P00424000,424.0,0,0.0,0.0,,0.0,normalDay
2021-11-10,7947.0,1740.0,0.0,0,463.62,0.0,1,24.57,7.17,SPY220218P00424000,424.0,0,0.0,0.0,,0.0,normalDay
2021-11-11,7947.0,1792.0,0.0,0,463.77,0.0,1,24.57,6.65,SPY220218P00424000,424.0,0,0.0,0.0,,0.0,normalDay
2021-11-12,7947.0,1873.0,0.0,0,467.27,0.0,1,24.57,5.84,SPY220218P00424000,424.0,0,0.0,0.0,,0.0,normalDay
2021-11-15,7947.0,1887.0,0.0,0,467.43,0.0,1,24.57,5.7,SPY220218P00424000,424.0,0,0.0,0.0,,0.0,normalDay
2021-11-16,7947.0,1917.0,0.0,0,469.28,0.0,1,24.57,5.4,SPY220218P00424000,424.0,0,0.0,0.0,,0.0,normalDay
2021-11-17,7947.0,1874.0,0.0,0,468.14,0.0,1,24.57,5.83,SPY220218P00424000,424.0,0,0.0,0.0,,0.0,normalDay
2021-11-18,7947.0,1893.0,0.0,0,469.73,0.0,1,24.57,5.64,SPY220218P00424000,424.0,0,0.0,0.0,,0.0,normalDay
2021-11-19,7947.0,1879.0,0.0,0,468.89,0.0,1,24.57,5.78,SPY220218P00424000,424.0,0,0.0,0.0,,0.0,normalDay
2021-11-22,7947.0,1848.0,0.0,0,467.57,0.0,1,24.57,6.09,SPY220218P00424000,424.0,0,0.0,0.0,,0.0,normalDay
2021-11-23,7947.0,1870.0,0.0,0,468.19,0.0,1,24.57,5.87,SPY220218P00424000,424.0,0,0.0,0.0,,0.0,normalDay
2021-11-24,7947.0,1917.0,0.0,0,469.44,0.0,1,24.57,5.4,SPY220218P00424000,424.0,0,0.0,0.0,,0.0,normalDay
2021-11-26,7947.0,1324.0,0.0,0,458.97,0.0,1,24.57,11.33,SPY220218P00424000,424.0,0,0.0,0.0,,0.0,normalDay
2021-11-29,7947.0,1775.0,0.0,0,464.6,0.0,1,24.57,6.82,SPY220218P00424000,424.0,0,0.0,0.0,,0.0,normalDay
2021-11-30,7947.0,1537.0,0.0,0,455.56,0.0,1,24.57,9.2,SPY220218P00424000,424.0,0,0.0,0.0,,0.0,normalDay
2021-12-01,7947.0,1246.0,0.0,0,450.5,0.0,1,24.57,12.11,SPY220218P00424000,424.0,0,0.0,0.0,,0.0,normalDay
2021-12-02,7947.0,1494.0,0.0,0,457.4,0.0,1,24.57,9.63,SPY220218P00424000,424.0,0,0.0,0.0,,0.0,normalDay
2021-12-03,7947.0,1325.0,0.0,0,453.42,0.0,1,24.57,11.32,SPY220218P00424000,424.0,0,0.0,0.0,,0.0,normalDay
2021-12-06,7947.0,1569.0,0.0,0,458.79,0.0,1,24.57,8.88,SPY220218P00424000,424.0,0,0.0,0.0,,0.0,normalDay
2021-12-07,7947.0,1878.0,0.0,0,468.28,0.0,1,24.57,5.79,SPY220218P00424000,424.0,0,0.0,0.0,,0.0,normalDay
2021-12-08,7947.0,1963.0,0.0,0,469.52,0.0,1,24.57,4.94,SPY220218P00424000,424.0,0,0.0,0.0,,0.0,normalDay
2021-12-09,7947.0,1896.0,0.0,0,466.35,0.0,1,24.57,5.61,SPY220218P00424000,424.0,0,0.0,0.0,,0.0,normalDay
2021-12-10,7947.0,2008.0,0.0,0,470.74,0.0,1,24.57,4.49,SPY220218P00424000,424.0,0,0.0,0.0,,0.0,normalDay
2021-12-13,7947.0,1939.0,0.0,0,466.57,0.0,1,24.57,5.18,SPY220218P00424000,424.0,0,0.0,0.0,,0.0,normalDay
2021-12-14,7947.0,1870.0,0.0,0,463.36,0.0,1,24.57,5.87,SPY220218P00424000,424.0,0,0.0,0.0,,0.0,normalDay
2021-12-15,7947.0,2044.0,0.0,0,470.6,0.0,1,24.57,4.13,SPY220218P00424000,424.0,0,0.0,0.0,,0.0,normalDay
2021-12-16,7947.0,1969.0,0.0,0,466.45,0.0,1,24.57,4.88,SPY220218P00424000,424.0,0,0.0,0.0,,0.0,normalDay
2021-12-17,7947.0,1870.0,0.0,0,459.87,0.0,1,24.57,5.87,SPY220218P00424000,424.0,0,0.0,0.0,,0.0,normalDay
2021-12-20,7947.0,1791.0,0.0,0,454.98,0.0,1,24.57,6.66,SPY220218P00424000,424.0,0,0.0,0.0,,0.0,normalDay
2021-12-21,7947.0,1968.0,0.0,0,463.06,0.0,1,24.57,4.89,SPY220218P00424000,424.0,0,0.0,0.0,,0.0,normalDay
2021-12-22,7947.0,2088.0,0.0,0,467.69,0.0,1,24.57,3.69,SPY220218P00424000,424.0,0,0.0,0.0,,0.0,normalDay
2021-12-23,7947.0,2138.0,0.0,0,470.6,0.0,1,24.57,3.19,SPY220218P00424000,424.0,0,0.0,0.0,,0.0,normalDay
2021-12-27,7947.0,2224.0,0.0,0,477.26,0.0,1,24.57,2.33,SPY220218P00424000,424.0,0,0.0,0.0,,0.0,normalDay
2021-12-28,7947.0,2237.0,0.0,0,476.87,0.0,1,24.57,2.2,SPY220218P00424000,424.0,0,0.0,0.0,,0.0,normalDay
2021-12-29,7947.0,2266.0,0.0,0,477.48,0.0,1,24.57,1.91,SPY220218P00424000,424.0,0,0.0,0.0,,0.0,normalDay
2021-12-30,7947.0,2254.0,0.0,0,476.16,0.0,1,24.57,2.03,SPY220218P00424000,424.0,0,0.0,0.0,,0.0,normalDay
2021-12-31,7947.0,2265.0,0.0,0,474.96,0.0,1,24.57,1.92,SPY220218P00424000,424.0,0,0.0,0.0,,0.0,normalDay
2022-01-03,7947.0,2304.0,0.0,0,477.71,0.0,1,24.57,1.53,SPY220218P00424000,424.0,0,0.0,0.0,,0.0,normalDay
2022-01-04,7947.0,2302.0,0.0,0,477.55,0.0,1,24.57,1.55,SPY220218P00424000,424.0,0,0.0,0.0,,0.0,normalDay
2022-01-05,7947.0,2198.0,0.0,0,468.38,0.0,1,24.57,2.59,SPY220218P00424000,424.0,0,0.0,0.0,,0.0,normalDay
2022-01-06,7947.0,2209.0,0.0,0,467.94,0.0,1,24.57,2.48,SPY220218P00424000,424.0,0,0.0,0.0,,0.0,normalDay
2022-01-07,7947.0,2232.0,0.0,0,466.09,0.0,1,24.57,2.25,SPY220218P00424000,424.0,0,0.0,0.0,,0.0,normalDay
2022-01-10,7947.0,2236.0,0.0,0,465.51,0.0,1,24.57,2.21,SPY220218P00424000,424.0,0,0.0,0.0,,0.0,normalDay
2022-01-11,7947.0,2285.0,0.0,0,469.75,0.0,1,24.57,1.72,SPY220218P00424000,424.0,0,0.0,0.0,,0.0,normalDay
2022-01-12,7947.0,2312.0,0.0,0,471.02,0.0,1,24.57,1.45,SPY220218P00424000,424.0,0,0.0,0.0,,0.0,normalDay
2022-01-13,7947.0,2231.0,0.0,0,464.53,0.0,1,24.57,2.26,SPY220218P00424000,424.0,0,0.0,0.0,,0.0,normalDay
2022-01-14,7947.0,2267.0,0.0,0,464.72,0.0,1,24.57,1.9,SPY220218P00424000,424.0,0,0.0,0.0,,0.0,normalDay
2022-01-18,7947.0,2144.0,0.0,0,456.49,0.0,1,24.57,3.13,SPY220218P00424000,424.0,0,0.0,0.0,,0.0,normalDay
2022-01-19,7947.0,2093.0,0.0,0,451.75,0.0,1,24.57,3.64,SPY220218P00424000,424.0,0,0.0,0.0,,0.0,normalDay
2022-01-20,7947.0,1972.0,0.0,0,446.75,0.0,1,24.57,4.85,SPY220218P00424000,424.0,0,0.0,0.0,,0.0,normalDay
2022-01-21,7947.0,1713.0,0.0,0,437.98,0.0,1,24.57,7.44,SPY220218P00424000,424.0,0,0.0,0.0,,0.0,normalDay
2022-01-24,7947.0,1711.0,0.0,0,439.84,0.0,1,24.57,7.46,SPY220218P00424000,424.0,0,0.0,0.0,,0.0,normalDay
2022-01-25,7947.0,1526.0,0.0,0,434.47,0.0,1,24.57,9.31,SPY220218P00424000,424.0,0,0.0,0.0,,0.0,normalDay
2022-01-26,7947.0,1544.0,0.0,0,433.38,0.0,1,24.57,9.13,SPY220218P00424000,424.0,0,0.0,0.0,,0.0,normalDay
2022-01-27,7947.0,1578.0,0.0,0,431.24,0.0,1,24.57,8.79,SPY220218P00424000,424.0,0,0.0,0.0,,0.0,normalDay
2022-01-28,7947.0,1946.0,0.0,0,441.95,0.0,1,24.57,5.11,SPY220218P00424000,424.0,0,0.0,0.0,,0.0,normalDay
2022-01-31,7947.0,2179.0,0.0,0,449.91,0.0,1,24.57,2.78,SPY220218P00424000,424.0,0,0.0,0.0,,0.0,normalDay
2022-02-01,7947.0,2298.0,0.0,0,452.95,0.0,1,24.57,1.59,SPY220218P00424000,424.0,0,0.0,0.0,,0.0,normalDay
2022-02-02,7947.0,2334.0,0.0,0,457.35,0.0,1,24.57,1.23,SPY220218P00424000,424.0,0,0.0,0.0,,0.0,normalDay
2022-02-03,7947.0,2251.0,0.0,0,446.6,0.0,1,24.57,2.06,SPY220218P00424000,424.0,0,0.0,0.0,,0.0,normalDay
2022-02-04,7947.0,2284.0,0.0,0,448.7,0.0,1,24.57,1.73,SPY220218P00424000,424.0,0,0.0,0.0,,0.0,normalDay
2022-02-07,7947.0,2342.0,0.0,0,447.26,0.0,1,24.57,1.15,SPY220218P00424000,424.0,0,0.0,0.0,,0.0,normalDay
2022-02-08,7947.0,2389.0,0.0,0,450.94,0.0,1,24.57,0.68,SPY220218P00424000,424.0,0,0.0,0.0,,0.0,normalDay
2022-02-09,7947.0,2427.0,0.0,0,457.54,0.0,1,24.57,0.3,SPY220218P00424000,424.0,0,0.0,0.0,,0.0,normalDay
2022-02-10,7947.0,2368.0,0.0,0,449.32,0.0,1,24.57,0.89,SPY220218P00424000,424.0,0,0.0,0.0,,0.0,normalDay
2022-02-11,7947.0,2272.0,0.0,0,440.46,0.0,1,24.57,1.85,SPY220218P00424000,424.0,0,0.0,0.0,,0.0,normalDay
2022-02-14,7947.0,2335.0,0.0,0,439.02,0.0,1,24.57,1.22,SPY220218P00424000,424.0,0,0.0,0.0,,0.0,normalDay
2022-02-15,7947.0,2418.0,0.0,0,446.1,0.0,1,24.57,0.39,SPY220218P00424000,424.0,0,0.0,0.0,,0.0,normalDay
2022-02-16,7947.0,2447.0,0.0,0,446.6,0.0,1,24.57,0.1,SPY220218P00424000,424.0,0,0.0,0.0,,0.0,normalDay
2022-02-17,7947.0,2437.0,0.0,0,437.06,0.0,1,24.57,0.2,SPY220218P00424000,424.0,0,0.0,0.0,,0.0,normalDay
2022-02-18,10404.0,0.0,2457.0,0,434.23,0.0,1,24.57,0.0,SPY220218P00424000,424.0,0,0.0,0.0,,0.0,expirationDay
2022-02-22,10404.0,-121.0,0.0,0,429.57,0.0,1,31.35,32.56,SPY220930P00434000,434.0,0,0.0,0.0,,0.0,normalDay
2022-02-23,10404.0,-567.0,0.0,0,421.95,0.0,1,31.35,37.02,SPY220930P00434000,434.0,0,0.0,0.0,,0.0,normalDay
2022-02-24,10404.0,-290.0,0.0,0,428.3,0.0,1,31.35,34.25,SPY220930P00434000,434.0,0,0.0,0.0,,0.0,normalDay
2022-02-25,10404.0,221.0,0.0,0,437.75,0.0,1,31.35,29.14,SPY220930P00434000,434.0,0,0.0,0.0,,0.0,normalDay
2022-02-28,10404.0,121.0,0.0,0,436.63,0.0,1,31.35,30.14,SPY220930P00434000,434.0,0,0.0,0.0,,0.0,normalDay
2022-03-01,10404.0,-305.0,0.0,0,429.98,0.0,1,31.35,34.4,SPY220930P00434000,434.0,0,0.0,0.0,,0.0,normalDay
2022-03-02,10404.0,88.0,0.0,0,437.89,0.0,1,31.35,30.47,SPY220930P00434000,434.0,0,0.0,0.0,,0.0,normalDay
2022-03-03,10404.0,15.0,0.0,0,435.71,0.0,1,31.35,31.2,SPY220930P00434000,434.0,0,0.0,0.0,,0.0,normalDay
2022-03-04,10404.0,-229.0,0.0,0,432.17,0.0,1,31.35,33.64,SPY220930P00434000,434.0,0,0.0,0.0,,0.0,normalDay
2022-03-07,10404.0,-969.0,0.0,0,419.43,0.0,1,31.35,41.04,SPY220930P00434000,434.0,0,0.0,0.0,,0.0,normalDay
2022-03-08,10404.0,-1104.0,0.0,0,416.25,0.0,1,31.35,42.39,SPY220930P00434000,434.0,0,0.0,0.0,,0.0,normalDay
2022-03-09,10404.0,-522.0,0.0,0,427.41,0.0,1,31.35,36.57,SPY220930P00434000,434.0,0,0.0,0.0,,0.0,normalDay
2022-03-10,10404.0,-456.0,0.0,0,425.48,0.0,1,31.35,35.91,SPY220930P00434000,434.0,0,0.0,0.0,,0.0,normalDay
2022-03-11,10404.0,-751.0,0.0,0,420.07,0.0,1,31.35,38.86,SPY220930P00434000,434.0,0,0.0,0.0,,0.0,normalDay
2022-03-14,10404.0,-872.0,0.0,0,417.0,0.0,1,31.35,40.07,SPY220930P00434000,434.0,0,0.0,0.0,,0.0,normalDay
2022-03-15,10404.0,-429.0,0.0,0,426.17,0.0,1,31.35,35.64,SPY220930P00434000,434.0,0,0.0,0.0,,0.0,normalDay
2022-03-16,10404.0,150.0,0.0,0,435.62,0.0,1,31.35,29.85,SPY220930P00434000,434.0,0,0.0,0.0,,0.0,normalDay
2022-03-17,10404.0,410.0,0.0,0,441.07,0.0,1,31.35,27.25,SPY220930P00434000,434.0,0,0.0,0.0,,0.0,normalDay
2022-03-18,10404.0,709.0,0.0,0,444.52,0.0,1,31.35,24.26,SPY220930P00434000,434.0,0,0.0,0.0,,0.0,normalDay
2022-03-21,10404.0,735.0,0.0,0,444.39,0.0,1,31.35,24.0,SPY220930P00434000,434.0,0,0.0,0.0,,0.0,normalDay
2022-03-22,10404.0,953.0,0.0,0,449.59,0.0,1,31.35,21.82,SPY220930P00434000,434.0,0,0.0,0.0,,0.0,normalDay
2022-03-23,10404.0,734.0,0.0,0,443.8,0.0,1,31.35,24.01,SPY220930P00434000,434.0,0,0.0,0.0,,0.0,normalDay
2022-03-24,10404.0,994.0,0.0,0,450.49,0.0,1,31.35,21.41,SPY220930P00434000,434.0,0,0.0,0.0,,0.0,normalDay
2022-03-25,10404.0,1081.0,0.0,0,452.69,0.0,1,31.35,20.54,SPY220930P00434000,434.0,0,0.0,0.0,,0.0,normalDay
2022-03-28,10404.0,1228.0,0.0,0,455.91,0.0,1,31.35,19.07,SPY220930P00434000,434.0,0,0.0,0.0,,0.0,normalDay
2022-03-29,10404.0,1400.0,0.0,0,461.55,0.0,1,31.35,17.35,SPY220930P00434000,434.0,0,0.0,0.0,,0.0,normalDay
2022-03-30,10404.0,1319.0,0.0,0,458.7,0.0,1,31.35,18.16,SPY220930P00434000,434.0,0,0.0,0.0,,0.0,normalDay
2022-03-31,10404.0,1081.0,0.0,0,451.64,0.0,1,31.35,20.54,SPY220930P00434000,434.0,0,0.0,0.0,,0.0,normalDay
2022-04-01,10404.0,1157.0,0.0,0,452.92,0.0,1,31.35,19.78,SPY220930P00434000,434.0,0,0.0,0.0,,0.0,normalDay
2022-04-04,10404.0,1341.0,0.0,0,456.8,0.0,1,31.35,17.94,SPY220930P00434000,434.0,0,0.0,0.0,,0.0,normalDay
2022-04-05,10404.0,1117.0,0.0,0,451.03,0.0,1,31.35,20.18,SPY220930P00434000,434.0,0,0.0,0.0,,0.0,normalDay
2022-04-06,10404.0,925.0,0.0,0,446.52,0.0,1,31.35,22.1,SPY220930P00434000,434.0,0,0.0,0.0,,0.0,normalDay
2022-04-07,10404.0,1010.0,0.0,0,448.77,0.0,1,31.35,21.25,SPY220930P00434000,434.0,0,0.0,0.0,,0.0,normalDay
2022-04-08,10404.0,995.0,0.0,0,447.57,0.0,1,31.35,21.4,SPY220930P00434000,434.0,0,0.0,0.0,,0.0,normalDay
2022-04-11,10404.0,676.0,0.0,0,439.92,0.0,1,31.35,24.59,SPY220930P00434000,434.0,0,0.0,0.0,,0.0,normalDay
2022-04-12,10404.0,615.0,0.0,0,438.29,0.0,1,31.35,25.2,SPY220930P00434000,434.0,0,0.0,0.0,,0.0,normalDay
2022-04-13,10404.0,887.0,0.0,0,443.31,0.0,1,31.35,22.48,SPY220930P00434000,434.0,0,0.0,0.0,,0.0,normalDay
2022-04-14,10404.0,664.0,0.0,0,437.79,0.0,1,31.35,24.71,SPY220930P00434000,434.0,0,0.0,0.0,,0.0,normalDay
2022-04-18,10404.0,770.0,0.0,0,437.97,0.0,1,31.35,23.65,SPY220930P00434000,434.0,0,0.0,0.0,,0.0,normalDay
2022-04-19,10404.0,952.0,0.0,0,445.04,0.0,1,31.35,21.83,SPY220930P00434000,434.0,0,0.0,0.0,,0.0,normalDay
2022-04-20,10404.0,1085.0,0.0,0,444.71,0.0,1,31.35,20.5,SPY220930P00434000,434.0,0,0.0,0.0,,0.0,normalDay
2022-04-21,10404.0,718.0,0.0,0,438.06,0.0,1,31.35,24.17,SPY220930P00434000,434.0,0,0.0,0.0,,0.0,normalDay
2022-04-22,10404.0,0.0,0.0,0,426.04,0.0,1,31.35,31.35,SPY220930P00434000,434.0,0,0.0,0.0,,0.0,normalDay
2022-04-25,10404.0,273.0,0.0,0,428.51,0.0,1,31.35,28.62,SPY220930P00434000,434.0,0,0.0,0.0,,0.0,normalDay
2022-04-26,10404.0,-618.0,0.0,0,416.1,0.0,1,31.35,37.53,SPY220930P00434000,434.0,0,0.0,0.0,,0.0,normalDay
2022-04-27,10404.0,-344.0,0.0,0,417.27,0.0,1,31.35,34.79,SPY220930P00434000,434.0,0,0.0,0.0,,0.0,normalDay
2022-04-28,10404.0,119.0,0.0,0,427.81,0.0,1,31.35,30.16,SPY220930P00434000,434.0,0,0.0,0.0,,0.0,normalDay
2022-04-29,10404.0,-631.0,0.0,0,412.0,0.0,1,31.35,37.66,SPY220930P00434000,434.0,0,0.0,0.0,,0.0,normalDay
2022-05-02,10404.0,-473.0,0.0,0,414.48,0.0,1,31.35,36.08,SPY220930P00434000,434.0,0,0.0,0.0,,0.0,normalDay
2022-05-03,10404.0,-250.0,0.0,0,416.38,0.0,1,31.35,33.85,SPY220930P00434000,434.0,0,0.0,0.0,,0.0,normalDay
2022-05-04,10404.0,432.0,0.0,0,429.06,0.0,1,31.35,27.03,SPY220930P00434000,434.0,0,0.0,0.0,,0.0,normalDay
2022-05-05,10404.0,-521.0,0.0,0,413.81,0.0,1,31.35,36.56,SPY220930P00434000,434.0,0,0.0,0.0,,0.0,normalDay
2022-05-06,10404.0,-719.0,0.0,0,411.34,0.0,1,31.35,38.54,SPY220930P00434000,434.0,0,0.0,0.0,,0.0,normalDay
2022-05-09,10404.0,-1458.0,0.0,0,398.17,0.0,1,31.35,45.93,SPY220930P00434000,434.0,0,0.0,0.0,,0.0,normalDay
2022-05-10,10404.0,-1404.0,0.0,0,399.09,0.0,1,31.35,45.39,SPY220930P00434000,434.0,0,0.0,0.0,,0.0,normalDay
2022-05-11,10404.0,-1834.0,0.0,0,392.75,0.0,1,31.35,49.69,SPY220930P00434000,434.0,0,0.0,0.0,,0.0,normalDay
2022-05-12,10404.0,-1860.0,0.0,0,392.34,0.0,1,31.35,49.95,SPY220930P00434000,434.0,0,0.0,0.0,,0.0,normalDay
2022-05-13,10404.0,-1179.0,0.0,0,401.72,0.0,1,31.35,43.14,SPY220930P00434000,434.0,0,0.0,0.0,,0.0,normalDay
2022-05-16,10404.0,-1220.0,0.0,0,400.09,0.0,1,31.35,43.55,SPY220930P00434000,434.0,0,0.0,0.0,,0.0,normalDay
2022-05-17,10404.0,-614.0,0.0,0,408.32,0.0,1,31.35,37.49,SPY220930P00434000,434.0,0,0.0,0.0,,0.0,normalDay
2022-05-18,10404.0,-1904.0,0.0,0,391.86,0.0,1,31.35,50.39,SPY220930P00434000,434.0,0,0.0,0.0,,0.0,normalDay
2022-05-19,10404.0,-1996.0,0.0,0,389.46,0.0,1,31.35,51.31,SPY220930P00434000,434.0,0,0.0,0.0,,0.0,normalDay
2022-05-20,10404.0,-1998.0,0.0,0,389.63,0.0,1,31.35,51.33,SPY220930P00434000,434.0,0,0.0,0.0,,0.0,normalDay
2022-05-23,10404.0,-1380.0,0.0,0,396.92,0.0,1,31.35,45.15,SPY220930P00434000,434.0,0,0.0,0.0,,0.0,normalDay
2022-05-24,10404.0,-1620.0,0.0,0,393.89,0.0,1,31.35,47.55,SPY220930P00434000,434.0,0,0.0,0.0,,0.0,normalDay
2022-05-25,10404.0,-1377.0,0.0,0,397.37,0.0,1,31.35,45.12,SPY220930P00434000,434.0,0,0.0,0.0,,0.0,normalDay
2022-05-26,10404.0,-854.0,0.0,0,405.31,0.0,1,31.35,39.89,SPY220930P00434000,434.0,0,0.0,0.0,,0.0,normalDay
2022-05-27,10404.0,-245.0,0.0,0,415.26,0.0,1,31.35,33.8,SPY220930P00434000,434.0,0,0.0,0.0,,0.0,normalDay
2022-05-31,10404.0,-263.0,0.0,0,412.93,0.0,1,31.35,33.98,SPY220930P00434000,434.0,0,0.0,0.0,,0.0,normalDay
2022-06-01,10404.0,-427.0,0.0,0,409.59,0.0,1,31.35,35.62,SPY220930P00434000,434.0,0,0.0,0.0,,0.0,normalDay
2022-06-02,10404.0,89.0,0.0,0,417.39,0.0,1,31.35,30.46,SPY220930P00434000,434.0,0,0.0,0.0,,0.0,normalDay
2022-06-03,10404.0,-327.0,0.0,0,410.54,0.0,1,31.35,34.62,SPY220930P00434000,434.0,0,0.0,0.0,,0.0,normalDay
2022-06-06,10404.0,-232.0,0.0,0,411.79,0.0,1,31.35,33.67,SPY220930P00434000,434.0,0,0.0,0.0,,0.0,normalDay
2022-06-07,10404.0,9.0,0.0,0,415.74,0.0,1,31.35,31.26,SPY220930P00434000,434.0,0,0.0,0.0,,0.0,normalDay
2022-06-08,10404.0,-229.0,0.0,0,411.22,0.0,1,31.35,33.64,SPY220930P00434000,434.0,0,0.0,0.0,,0.0,normalDay
2022-06-09,10404.0,-930.0,0.0,0,401.44,0.0,1,31.35,40.65,SPY220930P00434000,434.0,0,0.0,0.0,,0.0,normalDay
2022-06-10,10404.0,-1822.0,0.0,0,389.8,0.0,1,31.35,49.57,SPY220930P00434000,434.0,0,0.0,0.0,,0.0,normalDay
2022-06-13,10404.0,-3153.0,0.0,0,375.0,0.0,1,31.35,62.88,SPY220930P00434000,434.0,0,0.0,0.0,,0.0,normalDay
2022-06-14,10404.0,-3307.0,0.0,0,373.87,0.0,1,31.35,64.42,SPY220930P00434000,434.0,0,0.0,0.0,,0.0,normalDay
2022-06-15,10404.0,-2746.0,0.0,0,379.2,0.0,1,31.35,58.81,SPY220930P00434000,434.0,0,0.0,0.0,,0.0,normalDay
2022-06-16,10404.0,-3839.0,0.0,0,366.65,0.0,1,31.35,69.74,SPY220930P00434000,434.0,0,0.0,0.0,,0.0,normalDay
2022-06-17,10404.0,-3739.0,0.0,0,365.86,0.0,1,31.35,68.74,SPY220930P00434000,434.0,0,0.0,0.0,,0.0,normalDay
2022-06-21,10404.0,-2926.0,0.0,0,375.07,0.0,1,31.35,60.61,SPY220930P00434000,434.0,0,0.0,0.0,,0.0,normalDay
2022-06-22,10404.0,-2952.0,0.0,0,374.39,0.0,1,31.35,60.87,SPY220930P00434000,434.0,0,0.0,0.0,,0.0,normalDay
2022-06-23,10404.0,-2745.0,0.0,0,378.06,0.0,1,31.35,58.8,SPY220930P00434000,434.0,0,0.0,0.0,,0.0,normalDay
2022-06-24,10404.0,-1681.0,0.0,0,390.08,0.0,1,31.35,48.16,SPY220930P00434000,434.0,0,0.0,0.0,,0.0,normalDay
2022-06-27,10404.0,-1640.0,0.0,0,388.59,0.0,1,31.35,47.75,SPY220930P00434000,434.0,0,0.0,0.0,,0.0,normalDay
2022-06-28,10404.0,-2399.0,0.0,0,380.65,0.0,1,31.35,55.34,SPY220930P00434000,434.0,0,0.0,0.0,,0.0,normalDay
2022-06-29,10404.0,-2387.0,0.0,0,380.34,0.0,1,31.35,55.22,SPY220930P00434000,434.0,0,0.0,0.0,,0.0,normalDay
2022-06-30,10404.0,-2775.0,0.0,0,377.25,0.0,1,31.35,59.1,SPY220930P00434000,434.0,0,0.0,0.0,,0.0,normalDay
2022-07-01,10404.0,-2348.0,0.0,0,381.24,0.0,1,31.35,54.83,SPY220930P00434000,434.0,0,0.0,0.0,,0.0,normalDay
2022-07-05,10404.0,-2301.0,0.0,0,381.96,0.0,1,31.35,54.36,SPY220930P00434000,434.0,0,0.0,0.0,,0.0,normalDay
2022-07-06,10404.0,-2100.0,0.0,0,383.25,0.0,1,31.35,52.35,SPY220930P00434000,434.0,0,0.0,0.0,,0.0,normalDay
2022-07-07,10404.0,-1632.0,0.0,0,388.99,0.0,1,31.35,47.67,SPY220930P00434000,434.0,0,0.0,0.0,,0.0,normalDay
2022-07-08,10404.0,-1587.0,0.0,0,388.67,0.0,1,31.35,47.22,SPY220930P00434000,434.0,0,0.0,0.0,,0.0,normalDay
2022-07-11,10404.0,-1980.0,0.0,0,384.23,0.0,1,31.35,51.15,SPY220930P00434000,434.0,0,0.0,0.0,,0.0,normalDay
2022-07-12,10404.0,-2352.0,0.0,0,380.83,0.0,1,31.35,54.87,SPY220930P00434000,434.0,0,0.0,0.0,,0.0,normalDay
2022-07-13,10404.0,-2539.0,0.0,0,378.83,0.0,1,31.35,56.74,SPY220930P00434000,434.0,0,0.0,0.0,,0.0,normalDay
2022-07-14,10404.0,-2574.0,0.0,0,377.91,0.0,1,31.35,57.09,SPY220930P00434000,434.0,0,0.0,0.0,,0.0,normalDay
2022-07-15,10404.0,-1899.0,0.0,0,385.13,0.0,1,31.35,50.34,SPY220930P00434000,434.0,0,0.0,0.0,,0.0,normalDay
2022-07-18,10404.0,-2183.0,0.0,0,381.95,0.0,1,31.35,53.18,SPY220930P00434000,434.0,0,0.0,0.0,,0.0,normalDay
2022-07-19,10404.0,-1229.0,0.0,0,392.27,0.0,1,31.35,43.64,SPY220930P00434000,434.0,0,0.0,0.0,,0.0,normalDay
2022-07-20,10404.0,-1030.0,0.0,0,394.77,0.0,1,31.35,41.65,SPY220930P00434000,434.0,0,0.0,0.0,,0.0,normalDay
2022-07-21,10404.0,-726.0,0.0,0,398.79,0.0,1,31.35,38.61,SPY220930P00434000,434.0,0,0.0,0.0,,0.0,normalDay
2022-07-22,10404.0,-1051.0,0.0,0,395.09,0.0,1,31.35,41.86,SPY220930P00434000,434.0,0,0.0,0.0,,0.0,normalDay
2022-07-25,10404.0,-908.0,0.0,0,395.57,0.0,1,31.35,40.43,SPY220930P00434000,434.0,0,0.0,0.0,,0.0,normalDay
2022-07-26,10404.0,-1289.0,0.0,0,390.89,0.0,1,31.35,44.24,SPY220930P00434000,434.0,0,0.0,0.0,,0.0,normalDay
2022-07-27,10404.0,-514.0,0.0,0,401.04,0.0,1,31.35,36.49,SPY220930P00434000,434.0,0,0.0,0.0,,0.0,normalDay
2022-07-28,10404.0,50.0,0.0,0,406.07,0.0,1,31.35,30.85,SPY220930P00434000,434.0,0,0.0,0.0,,0.0,normalDay
2022-07-29,10404.0,452.0,0.0,0,411.99,0.0,1,31.35,26.83,SPY220930P00434000,434.0,0,0.0,0.0,,0.0,normalDay
2022-08-01,10404.0,358.0,0.0,0,410.77,0.0,1,31.35,27.77,SPY220930P00434000,434.0,0,0.0,0.0,,0.0,normalDay
2022-08-02,10404.0,108.0,0.0,0,408.06,0.0,1,31.35,30.27,SPY220930P00434000,434.0,0,0.0,0.0,,0.0,normalDay
2022-08-03,10404.0,623.0,0.0,0,414.45,0.0,1,31.35,25.12,SPY220930P00434000,434.0,0,0.0,0.0,,0.0,normalDay
2022-08-04,10404.0,647.0,0.0,0,414.17,0.0,1,31.35,24.88,SPY220930P00434000,434.0,0,0.0,0.0,,0.0,normalDay
2022-08-05,10404.0,597.0,0.0,0,413.47,0.0,1,31.35,25.38,SPY220930P00434000,434.0,0,0.0,0.0,,0.0,normalDay
2022-08-08,10404.0,621.0,0.0,0,412.99,0.0,1,31.35,25.14,SPY220930P00434000,434.0,0,0.0,0.0,,0.0,normalDay
2022-08-09,10404.0,509.0,0.0,0,411.35,0.0,1,31.35,26.26,SPY220930P00434000,434.0,0,0.0,0.0,,0.0,normalDay
2022-08-10,10404.0,1128.0,0.0,0,419.99,0.0,1,31.35,20.07,SPY220930P00434000,434.0,0,0.0,0.0,,0.0,normalDay
2022-08-11,10404.0,1201.0,0.0,0,419.99,0.0,1,31.35,19.34,SPY220930P00434000,434.0,0,0.0,0.0,,0.0,normalDay
2022-08-12,10404.0,1583.0,0.0,0,427.1,0.0,1,31.35,15.52,SPY220930P00434000,434.0,0,0.0,0.0,,0.0,normalDay
2022-08-15,10404.0,1714.0,0.0,0,428.86,0.0,1,31.35,14.21,SPY220930P00434000,434.0,0,0.0,0.0,,0.0,normalDay
2022-08-16,10404.0,1766.0,0.0,0,429.7,0.0,1,31.35,13.69,SPY220930P00434000,434.0,0,0.0,0.0,,0.0,normalDay
2022-08-17,10404.0,1601.0,0.0,0,426.65,0.0,1,31.35,15.34,SPY220930P00434000,434.0,0,0.0,0.0,,0.0,normalDay
2022-08-18,10404.0,1713.0,0.0,0,427.89,0.0,1,31.35,14.22,SPY220930P00434000,434.0,0,0.0,0.0,,0.0,normalDay
2022-08-19,10404.0,1361.0,0.0,0,422.14,0.0,1,31.35,17.74,SPY220930P00434000,434.0,0,0.0,0.0,,0.0,normalDay
2022-08-22,10404.0,718.0,0.0,0,413.35,0.0,1,31.35,24.17,SPY220930P00434000,434.0,0,0.0,0.0,,0.0,normalDay
2022-08-23,10404.0,593.0,0.0,0,412.35,0.0,1,31.35,25.42,SPY220930P00434000,434.0,0,0.0,0.0,,0.0,normalDay
2022-08-24,10404.0,780.0,0.0,0,413.67,0.0,1,31.35,23.55,SPY220930P00434000,434.0,0,0.0,0.0,,0.0,normalDay
2022-08-25,10404.0,1201.0,0.0,0,419.51,0.0,1,31.35,19.34,SPY220930P00434000,434.0,0,0.0,0.0,,0.0,normalDay
2022-08-26,10404.0,-9.0,0.0,0,405.31,0.0,1,31.35,31.44,SPY220930P00434000,434.0,0,0.0,0.0,,0.0,normalDay
2022-08-29,10404.0,-205.0,0.0,0,402.63,0.0,1,31.35,33.4,SPY220930P00434000,434.0,0,0.0,0.0,,0.0,normalDay
2022-08-30,10404.0,-611.0,0.0,0,398.21,0.0,1,31.35,37.46,SPY220930P00434000,434.0,0,0.0,0.0,,0.0,normalDay
2022-08-31,10404.0,-880.0,0.0,0,395.18,0.0,1,31.35,40.15,SPY220930P00434000,434.0,0,0.0,0.0,,0.0,normalDay
2022-09-01,10404.0,-786.0,0.0,0,396.42,0.0,1,31.35,39.21,SPY220930P00434000,434.0,0,0.0,0.0,,0.0,normalDay
2022-09-02,10404.0,-1152.0,0.0,0,392.24,0.0,1,31.35,42.87,SPY220930P00434000,434.0,0,0.0,0.0,,0.0,normalDay
2022-09-06,10404.0,-1398.0,0.0,0,390.76,0.0,1,31.35,45.33,SPY220930P00434000,434.0,0,0.0,0.0,,0.0,normalDay
2022-09-07,10404.0,-689.0,0.0,0,397.78,0.0,1,31.35,38.24,SPY220930P00434000,434.0,0,0.0,0.0,,0.0,normalDay
2022-09-08,10404.0,-361.0,0.0,0,400.38,0.0,1,31.35,34.96,SPY220930P00434000,434.0,0,0.0,0.0,,0.0,normalDay
2022-09-09,10404.0,160.0,0.0,0,406.6,0.0,1,31.35,29.75,SPY220930P00434000,434.0,0,0.0,0.0,,0.0,normalDay
2022-09-12,10404.0,613.0,0.0,0,410.97,0.0,1,31.35,25.22,SPY220930P00434000,434.0,0,0.0,0.0,,0.0,normalDay
2022-09-13,10404.0,-1096.0,0.0,0,393.1,0.0,1,31.35,42.31,SPY220930P00434000,434.0,0,0.0,0.0,,0.0,normalDay
2022-09-14,10404.0,-993.0,0.0,0,394.6,0.0,1,31.35,41.28,SPY220930P00434000,434.0,0,0.0,0.0,,0.0,normalDay
2022-09-15,10404.0,-1332.0,0.0,0,390.12,0.0,1,31.35,44.67,SPY220930P00434000,434.0,0,0.0,0.0,,0.0,normalDay
2022-09-16,10404.0,-1689.0,0.0,0,385.56,0.0,1,31.35,48.24,SPY220930P00434000,434.0,0,0.0,0.0,,0.0,normalDay
2022-09-19,10404.0,-1440.0,0.0,0,388.55,0.0,1,31.35,45.75,SPY220930P00434000,434.0,0,0.0,0.0,,0.0,normalDay
2022-09-20,10404.0,-1808.0,0.0,0,384.09,0.0,1,31.35,49.43,SPY220930P00434000,434.0,0,0.0,0.0,,0.0,normalDay
2022-09-21,10404.0,-2539.0,0.0,0,377.39,0.0,1,31.35,56.74,SPY220930P00434000,434.0,0,0.0,0.0,,0.0,normalDay
2022-09-22,10404.0,-2813.0,0.0,0,374.22,0.0,1,31.35,59.48,SPY220930P00434000,434.0,0,0.0,0.0,,0.0,normalDay
2022-09-23,10404.0,-3518.0,0.0,0,367.95,0.0,1,31.35,66.53,SPY220930P00434000,434.0,0,0.0,0.0,,0.0,normalDay
2022-09-26,10404.0,-3909.0,0.0,0,364.31,0.0,1,31.35,70.44,SPY220930P00434000,434.0,0,0.0,0.0,,0.0,normalDay
2022-09-27,10404.0,-3945.0,0.0,0,363.38,0.0,1,31.35,70.8,SPY220930P00434000,434.0,0,0.0,0.0,,0.0,normalDay
2022-09-28,10404.0,-3232.0,0.0,0,370.53,0.0,1,31.35,63.67,SPY220930P00434000,434.0,0,0.0,0.0,,0.0,normalDay
2022-09-29,10404.0,-3984.0,0.0,0,362.79,0.0,1,31.35,71.19,SPY220930P00434000,434.0,0,0.0,0.0,,0.0,normalDay
2022-09-30,13539.0,-7682.0,3135.0,100,357.18,434.0,1,31.35,0.0,SPY220930P00434000,434.0,0,0.0,0.0,,0.0,expirationDay
2022-10-03,13539.0,-6739.0,0.0,100,366.61,434.0,0,0.0,0.0,,0.0,0,0.0,0.0,,0.0,bidTooLow
2022-10-04,13539.0,-5603.0,0.0,100,377.97,434.0,0,0.0,0.0,,0.0,0,0.0,0.0,,0.0,bidTooLow
2022-10-05,13539.0,-5691.0,0.0,100,377.09,434.0,0,0.0,0.0,,0.0,0,0.0,0.0,,0.0,bidTooLow
2022-10-06,13539.0,-6080.0,0.0,100,373.2,434.0,0,0.0,0.0,,0.0,0,0.0,0.0,,0.0,bidTooLow
2022-10-07,13539.0,-7121.0,0.0,100,362.79,434.0,0,0.0,0.0,,0.0,0,0.0,0.0,,0.0,bidTooLow
2022-10-10,13539.0,-7398.0,0.0,100,360.02,434.0,0,0.0,0.0,,0.0,0,0.0,0.0,,0.0,bidTooLow
2022-10-11,13539.0,-7629.0,0.0,100,357.74,434.0,0,0.0,0.0,,0.0,1,0.01,0.04,SPY221021C00411000,411.0,normalDay
2022-10-12,13539.0,-7747.0,0.0,100,356.56,434.0,0,0.0,0.0,,0.0,1,0.01,0.04,SPY221021C00411000,411.0,normalDay
2022-10-13,13539.0,-6808.0,0.0,100,365.97,434.0,0,0.0,0.0,,0.0,1,0.01,0.06,SPY221021C00411000,411.0,normalDay
2022-10-14,13539.0,-7638.0,0.0,100,357.63,434.0,0,0.0,0.0,,0.0,1,0.01,0.02,SPY221021C00411000,411.0,normalDay
2022-10-17,13539.0,-6719.0,0.0,100,366.82,434.0,0,0.0,0.0,,0.0,1,0.01,0.02,SPY221021C00411000,411.0,normalDay
2022-10-18,13539.0,-6288.0,0.0,100,371.13,434.0,0,0.0,0.0,,0.0,1,0.01,0.02,SPY221021C00411000,411.0,normalDay
2022-10-19,13539.0,-6550.0,0.0,100,368.5,434.0,0,0.0,0.0,,0.0,1,0.01,0.01,SPY221021C00411000,411.0,normalDay
2022-10-20,13539.0,-6859.0,0.0,100,365.41,434.0,0,0.0,0.0,,0.0,1,0.01,0.01,SPY221021C00411000,411.0,normalDay
2022-10-21,13540.0,-5971.0,1.0,100,374.29,434.0,0,0.0,0.0,,0.0,1,0.01,0.0,SPY221021C00411000,411.0,expirationDay
2022-10-24,13540.0,-5517.0,0.0,100,378.87,434.0,0,0.0,0.0,,0.0,1,3.4,3.44,SPY221104C00391000,391.0,normalDay
2022-10-25,13540.0,-5000.0,0.0,100,384.92,434.0,0,0.0,0.0,,0.0,1,3.4,4.32,SPY221104C00391000,391.0,normalDay
2022-10-26,13540.0,-5216.0,0.0,100,382.02,434.0,0,0.0,0.0,,0.0,1,3.4,3.58,SPY221104C00391000,391.0,normalDay
2022-10-27,13540.0,-5216.0,0.0,100,379.98,434.0,0,0.0,0.0,,0.0,1,3.4,1.54,SPY221104C00391000,391.0,normalDay
2022-10-28,13540.0,-4676.0,0.0,100,389.02,434.0,0,0.0,0.0,,0.0,1,3.4,5.18,SPY221104C00391000,391.0,normalDay
2022-10-31,13540.0,-4763.0,0.0,100,386.21,434.0,0,0.0,0.0,,0.0,1,3.4,3.24,SPY221104C00391000,391.0,normalDay
2022-11-01,13540.0,-4831.0,0.0,100,384.52,434.0,0,0.0,0.0,,0.0,1,3.4,2.23,SPY221104C00391000,391.0,normalDay
2022-11-02,13540.0,-5592.0,0.0,100,374.87,434.0,0,0.0,0.0,,0.0,1,3.4,0.19,SPY221104C00391000,391.0,normalDay
2022-11-03,13540.0,-5961.0,0.0,100,371.01,434.0,0,0.0,0.0,,0.0,1,3.4,0.02,SPY221104C00391000,391.0,normalDay
2022-11-04,13880.0,-5765.0,340.0,100,376.35,434.0,0,0.0,0.0,,0.0,1,3.4,0.0,SPY221104C00391000,391.0,expirationDay
2022-11-07,13880.0,-5408.0,0.0,100,379.95,434.0,0,0.0,0.0,,0.0,1,0.32,0.35,SPY221118C00407000,407.0,normalDay
2022-11-08,13880.0,-5213.0,0.0,100,382.0,434.0,0,0.0,0.0,,0.0,1,0.32,0.45,SPY221118C00407000,407.0,normalDay
2022-11-09,13880.0,-5968.0,0.0,100,374.13,434.0,0,0.0,0.0,,0.0,1,0.32,0.13,SPY221118C00407000,407.0,normalDay
2022-11-10,13880.0,-4053.0,0.0,100,394.69,434.0,0,0.0,0.0,,0.0,1,0.32,1.54,SPY221118C00407000,407.0,normalDay
2022-11-11,13880.0,-3660.0,0.0,100,398.51,434.0,0,0.0,0.0,,0.0,1,0.32,1.43,SPY221118C00407000,407.0,normalDay
2022-11-14,13880.0,-3915.0,0.0,100,395.12,434.0,0,0.0,0.0,,0.0,1,0.32,0.59,SPY221118C00407000,407.0,normalDay
2022-11-15,13880.0,-3605.0,0.0,100,398.49,434.0,0,0.0,0.0,,0.0,1,0.32,0.86,SPY221118C00407000,407.0,normalDay
2022-11-16,13880.0,-3840.0,0.0,100,395.45,434.0,0,0.0,0.0,,0.0,1,0.32,0.17,SPY221118C00407000,407.0,normalDay
2022-11-17,13880.0,-3947.0,0.0,100,394.24,434.0,0,0.0,0.0,,0.0,1,0.32,0.03,SPY221118C00407000,407.0,normalDay
2022-11-18,13912.0,-3797.0,32.0,100,396.03,434.0,0,0.0,0.0,,0.0,1,0.32,0.0,SPY221118C00407000,407.0,expirationDay
2022-11-21,13912.0,-3944.0,0.0,100,394.59,434.0,0,0.0,0.0,,0.0,1,0.16,0.19,SPY221202C00417000,417.0,normalDay
2022-11-22,13912.0,-3425.0,0.0,100,399.9,434.0,0,0.0,0.0,,0.0,1,0.16,0.31,SPY221202C00417000,417.0,normalDay
2022-11-23,13912.0,-3162.0,0.0,100,402.42,434.0,0,0.0,0.0,,0.0,1,0.16,0.2,SPY221202C00417000,417.0,normalDay
2022-11-25,13912.0,-3162.0,0.0,100,402.33,434.0,0,0.0,0.0,,0.0,1,0.16,0.11,SPY221202C00417000,417.0,normalDay
2022-11-28,13912.0,-3796.0,0.0,100,395.91,434.0,0,0.0,0.0,,0.0,1,0.16,0.03,SPY221202C00417000,417.0,normalDay
2022-11-29,13912.0,-3863.0,0.0,100,395.23,434.0,0,0.0,0.0,,0.0,1,0.16,0.02,SPY221202C00417000,417.0,normalDay
2022-11-30,13912.0,-2647.0,0.0,100,407.68,434.0,0,0.0,0.0,,0.0,1,0.16,0.31,SPY221202C00417000,417.0,normalDay
2022-12-01,13912.0,-2653.0,0.0,100,407.38,434.0,0,0.0,0.0,,0.0,1,0.16,0.07,SPY221202C00417000,417.0,normalDay
2022-12-02,13928.0,-2709.0,16.0,100,406.91,434.0,0,0.0,0.0,,0.0,1,0.16,0.0,SPY221202C00417000,417.0,expirationDay
2022-12-05,13928.0,-3444.0,0.0,100,399.59,434.0,0,0.0,0.0,,0.0,1,0.19,0.22,SPY221216C00426000,426.0,normalDay
2022-12-06,13928.0,-4012.0,0.0,100,393.83,434.0,0,0.0,0.0,,0.0,1,0.19,0.14,SPY221216C00426000,426.0,normalDay
2022-12-07,13928.0,-4076.0,0.0,100,393.16,434.0,0,0.0,0.0,,0.0,1,0.19,0.11,SPY221216C00426000,426.0,normalDay
2022-12-08,13928.0,-3769.0,0.0,100,396.24,434.0,0,0.0,0.0,,0.0,1,0.19,0.12,SPY221216C00426000,426.0,normalDay
2022-12-09,13928.0,-4059.0,0.0,100,393.28,434.0,0,0.0,0.0,,0.0,1,0.19,0.06,SPY221216C00426000,426.0,normalDay
2022-12-12,13928.0,-3513.0,0.0,100,398.95,434.0,0,0.0,0.0,,0.0,1,0.19,0.27,SPY221216C00426000,426.0,normalDay
2022-12-13,13928.0,-3192.0,0.0,100,401.97,434.0,0,0.0,0.0,,0.0,1,0.19,0.08,SPY221216C00426000,426.0,normalDay
2022-12-14,13928.0,-3442.0,0.0,100,399.4,434.0,0,0.0,0.0,,0.0,1,0.19,0.01,SPY221216C00426000,426.0,normalDay
2022-12-15,13928.0,-4419.0,0.0,100,389.63,434.0,0,0.0,0.0,,0.0,1,0.19,0.01,SPY221216C00426000,426.0,normalDay
2022-12-16,13947.0,-5073.0,19.0,100,383.27,434.0,0,0.0,0.0,,0.0,1,0.19,0.0,SPY221216C00426000,426.0,expirationDay
2022-12-19,13947.0,-5398.0,0.0,100,380.02,434.0,0,0.0,0.0,,0.0,0,0.0,0.0,,0.0,bidTooLow
2022-12-20,13947.0,-5346.0,0.0,100,380.54,434.0,0,0.0,0.0,,0.0,0,0.0,0.0,,0.0,bidTooLow
2022-12-21,13947.0,-4777.0,0.0,100,386.23,434.0,0,0.0,0.0,,0.0,0,0.0,0.0,,0.0,bidTooLow
2022-12-22,13947.0,-5328.0,0.0,100,380.72,434.0,0,0.0,0.0,,0.0,0,0.0,0.0,,0.0,bidTooLow
2022-12-23,13947.0,-5109.0,0.0,100,382.91,434.0,0,0.0,0.0,,0.0,0,0.0,0.0,,0.0,bidTooLow
2022-12-27,13947.0,-5260.0,0.0,100,381.4,434.0,0,0.0,0.0,,0.0,0,0.0,0.0,,0.0,bidTooLow
2022-12-28,13947.0,-5734.0,0.0,100,376.66,434.0,0,0.0,0.0,,0.0,0,0.0,0.0,,0.0,bidTooLow
2022-12-29,13947.0,-5056.0,0.0,100,383.44,434.0,0,0.0,0.0,,0.0,0,0.0,0.0,,0.0,bidTooLow
2022-12-30,13947.0,-5157.0,0.0,100,382.43,434.0,0,0.0,0.0,,0.0,0,0.0,0.0,,0.0,bidTooLow
2023-01-03,13947.0,-5321.0,0.0,100,380.82,434.0,0,0.0,0.0,,0.0,1,0.01,0.04,SPY230113C00416000,416.0,normalDay
2023-01-04,13947.0,-5028.0,0.0,100,383.76,434.0,0,0.0,0.0,,0.0,1,0.01,0.05,SPY230113C00416000,416.0,normalDay
2023-01-05,13947.0,-5464.0,0.0,100,379.38,434.0,0,0.0,0.0,,0.0,1,0.01,0.03,SPY230113C00416000,416.0,normalDay
2023-01-06,13947.0,-4594.0,0.0,100,388.08,434.0,0,0.0,0.0,,0.0,1,0.01,0.03,SPY230113C00416000,416.0,normalDay
2023-01-09,13947.0,-4616.0,0.0,100,387.86,434.0,0,0.0,0.0,,0.0,1,0.01,0.03,SPY230113C00416000,416.0,normalDay
2023-01-10,13947.0,-4343.0,0.0,100,390.58,434.0,0,0.0,0.0,,0.0,1,0.01,0.02,SPY230113C00416000,416.0,normalDay
2023-01-11,13947.0,-3851.0,0.0,100,395.52,434.0,0,0.0,0.0,,0.0,1,0.01,0.04,SPY230113C00416000,416.0,normalDay
2023-01-12,13947.0,-3704.0,0.0,100,396.96,434.0,0,0.0,0.0,,0.0,1,0.01,0.01,SPY230113C00416000,416.0,normalDay
2023-01-13,13948.0,-3550.0,1.0,100,398.5,434.0,0,0.0,0.0,,0.0,1,0.01,0.0,SPY230113C00416000,416.0,expirationDay
2023-01-17,13948.0,-3626.0,0.0,100,397.77,434.0,0,0.0,0.0,,0.0,1,0.58,0.61,SPY230127C00409000,409.0,normalDay
2023-01-18,13948.0,-4205.0,0.0,100,391.49,434.0,0,0.0,0.0,,0.0,1,0.58,0.12,SPY230127C00409000,409.0,normalDay
2023-01-19,13948.0,-4483.0,0.0,100,388.64,434.0,0,0.0,0.0,,0.0,1,0.58,0.05,SPY230127C00409000,409.0,normalDay
2023-01-20,13948.0,-3769.0,0.0,100,395.88,434.0,0,0.0,0.0,,0.0,1,0.58,0.15,SPY230127C00409000,409.0,normalDay
2023-01-23,13948.0,-3321.0,0.0,100,400.63,434.0,0,0.0,0.0,,0.0,1,0.58,0.42,SPY230127C00409000,409.0,normalDay
2023-01-24,13948.0,-3360.0,0.0,100,400.2,434.0,0,0.0,0.0,,0.0,1,0.58,0.38,SPY230127C00409000,409.0,normalDay
2023-01-25,13948.0,-3321.0,0.0,100,400.35,434.0,0,0.0,0.0,,0.0,1,0.58,0.14,SPY230127C00409000,409.0,normalDay
2023-01-26,13948.0,-2894.0,0.0,100,404.75,434.0,0,0.0,0.0,,0.0,1,0.58,0.27,SPY230127C00409000,409.0,normalDay
2023-01-27,14006.0,-2832.0,58.0,100,405.68,434.0,0,0.0,0.0,,0.0,1,0.58,0.0,SPY230127C00409000,409.0,expirationDay
2023-01-30,14006.0,-3344.0,0.0,100,400.59,434.0,0,0.0,0.0,,0.0,1,0.38,0.41,SPY230210C00421000,421.0,normalDay
2023-01-31,14006.0,-2790.0,0.0,100,406.48,434.0,0,0.0,0.0,,0.0,1,0.38,0.76,SPY230210C00421000,421.0,normalDay
2023-02-01,14006.0,-2405.0,0.0,100,410.8,434.0,0,0.0,0.0,,0.0,1,0.38,1.23,SPY230210C00421000,421.0,normalDay
2023-02-02,14006.0,-1897.0,0.0,100,416.78,434.0,0,0.0,0.0,,0.0,1,0.38,2.13,SPY230210C00421000,421.0,normalDay
2023-02-03,14006.0,-2211.0,0.0,100,412.35,434.0,0,0.0,0.0,,0.0,1,0.38,0.84,SPY230210C00421000,421.0,normalDay
2023-02-06,14006.0,-2415.0,0.0,100,409.83,434.0,0,0.0,0.0,,0.0,1,0.38,0.36,SPY230210C00421000,421.0,normalDay
2023-02-07,14006.0,-1904.0,0.0,100,415.19,434.0,0,0.0,0.0,,0.0,1,0.38,0.61,SPY230210C00421000,421.0,normalDay
2023-02-08,14006.0,-2309.0,0.0,100,410.65,434.0,0,0.0,0.0,,0.0,1,0.38,0.12,SPY230210C00421000,421.0,normalDay
2023-02-09,14006.0,-2654.0,0.0,100,407.09,434.0,0,0.0,0.0,,0.0,1,0.38,0.01,SPY230210C00421000,421.0,normalDay
2023-02-10,14044.0,-2596.0,38.0,100,408.04,434.0,0,0.0,0.0,,0.0,1,0.38,0.0,SPY230210C00421000,421.0,expirationDay
2023-02-13,14044.0,-2120.0,0.0,100,412.83,434.0,0,0.0,0.0,,0.0,1,0.43,0.46,SPY230224C00431000,431.0,normalDay
2023-02-14,14044.0,-2107.0,0.0,100,412.64,434.0,0,0.0,0.0,,0.0,1,0.43,0.14,SPY230224C00431000,431.0,normalDay
2023-02-15,14044.0,-1969.0,0.0,100,413.98,434.0,0,0.0,0.0,,0.0,1,0.43,0.1,SPY230224C00431000,431.0,normalDay
2023-02-16,14044.0,-2532.0,0.0,100,408.28,434.0,0,0.0,0.0,,0.0,1,0.43,0.03,SPY230224C00431000,431.0,normalDay
2023-02-17,14044.0,-2633.0,0.0,100,407.26,434.0,0,0.0,0.0,,0.0,1,0.43,0.02,SPY230224C00431000,431.0,normalDay
2023-02-21,14044.0,-3449.0,0.0,100,399.09,434.0,0,0.0,0.0,,0.0,1,0.43,0.01,SPY230224C00431000,431.0,normalDay
2023-02-22,14044.0,-3504.0,0.0,100,398.54,434.0,0,0.0,0.0,,0.0,1,0.43,0.01,SPY230224C00431000,431.0,normalDay
2023-02-23,14044.0,-3292.0,0.0,100,400.66,434.0,0,0.0,0.0,,0.0,1,0.43,0.01,SPY230224C00431000,431.0,normalDay
2023-02-24,14087.0,-3762.0,43.0,100,396.38,434.0,0,0.0,0.0,,0.0,1,0.43,0.0,SPY230224C00431000,431.0,expirationDay
2023-02-27,14087.0,-3627.0,0.0,100,397.73,434.0,0,0.0,0.0,,0.0,0,0.0,0.0,,0.0,bidTooLow
2023-02-28,14087.0,-3774.0,0.0,100,396.26,434.0,0,0.0,0.0,,0.0,0,0.0,0.0,,0.0,bidTooLow
2023-03-01,14087.0,-3926.0,0.0,100,394.74,434.0,0,0.0,0.0,,0.0,0,0.0,0.0,,0.0,bidTooLow
2023-03-02,14087.0,-3619.0,0.0,100,397.81,434.0,0,0.0,0.0,,0.0,0,0.0,0.0,,0.0,bidTooLow
2023-03-03,14087.0,-2984.0,0.0,100,404.19,434.0,0,0.0,0.0,,0.0,1,0.04,0.07,SPY230314C00429000,429.0,normalDay
2023-03-06,14087.0,-2954.0,0.0,100,404.47,434.0,0,0.0,0.0,,0.0,1,0.04,0.05,SPY230314C00429000,429.0,normalDay
2023-03-07,14087.0,-3571.0,0.0,100,398.27,434.0,0,0.0,0.0,,0.0,1,0.04,0.02,SPY230314C00429000,429.0,normalDay
2023-03-08,14087.0,-3506.0,0.0,100,398.92,434.0,0,0.0,0.0,,0.0,1,0.04,0.02,SPY230314C00429000,429.0,normalDay
2023-03-09,14087.0,-4241.0,0.0,100,391.56,434.0,0,0.0,0.0,,0.0,1,0.04,0.01,SPY230314C00429000,429.0,normalDay
2023-03-10,14087.0,-4806.0,0.0,100,385.91,434.0,0,0.0,0.0,,0.0,1,0.04,0.01,SPY230314C00429000,429.0,normalDay
2023-03-13,14087.0,-4861.0,0.0,100,385.36,434.0,0,0.0,0.0,,0.0,1,0.04,0.01,SPY230314C00429000,429.0,normalDay
2023-03-14,14091.0,-4227.0,4.0,100,391.73,434.0,0,0.0,0.0,,0.0,1,0.04,0.0,SPY230314C00429000,429.0,expirationDay
2023-03-15,14091.0,-4472.0,0.0,100,389.28,434.0,0,0.0,0.0,,0.0,0,0.0,0.0,,0.0,bidTooLow
2023-03-16,14091.0,-3792.0,0.0,100,396.11,434.0,0,0.0,0.0,,0.0,1,0.11,0.14,SPY230327C00418000,418.0,normalDay
2023-03-17,14091.0,-4395.0,0.0,100,389.99,434.0,0,0.0,0.0,,0.0,1,0.11,0.05,SPY230327C00418000,418.0,normalDay
2023-03-20,14091.0,-4021.0,0.0,100,393.74,434.0,0,0.0,0.0,,0.0,1,0.11,0.06,SPY230327C00418000,418.0,normalDay
2023-03-21,14091.0,-3508.0,0.0,100,398.91,434.0,0,0.0,0.0,,0.0,1,0.11,0.1,SPY230327C00418000,418.0,normalDay
2023-03-22,14091.0,-4179.0,0.0,100,392.11,434.0,0,0.0,0.0,,0.0,1,0.11,0.01,SPY230327C00418000,418.0,normalDay
2023-03-23,14091.0,-4073.0,0.0,100,393.17,434.0,0,0.0,0.0,,0.0,1,0.11,0.01,SPY230327C00418000,418.0,normalDay
2023-03-24,14091.0,-3815.0,0.0,100,395.75,434.0,0,0.0,0.0,,0.0,1,0.11,0.01,SPY230327C00418000,418.0,normalDay
2023-03-27,14102.0,-3751.0,11.0,100,396.49,434.0,0,0.0,0.0,,0.0,1,0.11,0.0,SPY230327C00418000,418.0,expirationDay
2023-03-28,14102.0,-3843.0,0.0,100,395.6,434.0,0,0.0,0.0,,0.0,1,0.16,0.19,SPY230406C00412000,412.0,normalDay
2023-03-29,14102.0,-3296.0,0.0,100,401.35,434.0,0,0.0,0.0,,0.0,1,0.16,0.47,SPY230406C00412000,412.0,normalDay
2023-03-30,14102.0,-3070.0,0.0,100,403.7,434.0,0,0.0,0.0,,0.0,1,0.16,0.56,SPY230406C00412000,412.0,normalDay
2023-03-31,14102.0,-2634.0,0.0,100,409.39,434.0,0,0.0,0.0,,0.0,1,0.16,1.89,SPY230406C00412000,412.0,normalDay
2023-04-03,14102.0,-2475.0,0.0,100,410.95,434.0,0,0.0,0.0,,0.0,1,0.16,1.86,SPY230406C00412000,412.0,normalDay
2023-04-04,14102.0,-2581.0,0.0,100,408.67,434.0,0,0.0,0.0,,0.0,1,0.16,0.64,SPY230406C00412000,412.0,normalDay
2023-04-05,14102.0,-2634.0,0.0,100,407.6,434.0,0,0.0,0.0,,0.0,1,0.16,0.1,SPY230406C00412000,412.0,normalDay
2023-04-06,14118.0,-2481.0,16.0,100,409.19,434.0,0,0.0,0.0,,0.0,1,0.16,0.0,SPY230406C00412000,412.0,expirationDay
2023-04-10,14118.0,-2442.0,0.0,100,409.61,434.0,0,0.0,0.0,,0.0,1,0.2,0.23,SPY230421C00426000,426.0,normalDay
2023-04-11,14118.0,-2431.0,0.0,100,409.72,434.0,0,0.0,0.0,,0.0,1,0.2,0.23,SPY230421C00426000,426.0,normalDay
2023-04-12,14118.0,-2581.0,0.0,100,408.05,434.0,0,0.0,0.0,,0.0,1,0.2,0.06,SPY230421C00426000,426.0,normalDay
2023-04-13,14118.0,-2051.0,0.0,100,413.47,434.0,0,0.0,0.0,,0.0,1,0.2,0.18,SPY230421C00426000,426.0,normalDay
2023-04-14,14118.0,-2139.0,0.0,100,412.46,434.0,0,0.0,0.0,,0.0,1,0.2,0.05,SPY230421C00426000,426.0,normalDay
2023-04-17,14118.0,-1991.0,0.0,100,413.94,434.0,0,0.0,0.0,,0.0,1,0.2,0.05,SPY230421C00426000,426.0,normalDay
2023-04-18,14118.0,-1962.0,0.0,100,414.21,434.0,0,0.0,0.0,,0.0,1,0.2,0.03,SPY230421C00426000,426.0,normalDay
2023-04-19,14118.0,-1968.0,0.0,100,414.14,434.0,0,0.0,0.0,,0.0,1,0.2,0.02,SPY230421C00426000,426.0,normalDay
2023-04-20,14118.0,-2193.0,0.0,100,411.88,434.0,0,0.0,0.0,,0.0,1,0.2,0.01,SPY230421C00426000,426.0,normalDay
2023-04-21,14138.0,-2180.0,20.0,100,412.2,434.0,0,0.0,0.0,,0.0,1,0.2,0.0,SPY230421C00426000,426.0,expirationDay
2023-04-24,14138.0,-2140.0,0.0,100,412.63,434.0,0,0.0,0.0,,0.0,1,0.24,0.27,SPY230505C00427000,427.0,normalDay
2023-04-25,14138.0,-2777.0,0.0,100,406.08,434.0,0,0.0,0.0,,0.0,1,0.24,0.09,SPY230505C00427000,427.0,normalDay
2023-04-26,14138.0,-2944.0,0.0,100,404.36,434.0,0,0.0,0.0,,0.0,1,0.24,0.04,SPY230505C00427000,427.0,normalDay
2023-04-27,14138.0,-2154.0,0.0,100,412.41,434.0,0,0.0,0.0,,0.0,1,0.24,0.19,SPY230505C00427000,427.0,normalDay
2023-04-28,14138.0,-1807.0,0.0,100,415.93,434.0,0,0.0,0.0,,0.0,1,0.24,0.24,SPY230505C00427000,427.0,normalDay
2023-05-01,14138.0,-1836.0,0.0,100,415.51,434.0,0,0.0,0.0,,0.0,1,0.24,0.11,SPY230505C00427000,427.0,normalDay
2023-05-02,14138.0,-2295.0,0.0,100,410.84,434.0,0,0.0,0.0,,0.0,1,0.24,0.03,SPY230505C00427000,427.0,normalDay
2023-05-03,14138.0,-2575.0,0.0,100,408.02,434.0,0,0.0,0.0,,0.0,1,0.24,0.01,SPY230505C00427000,427.0,normalDay
2023-05-04,14138.0,-2864.0,0.0,100,405.13,434.0,0,0.0,0.0,,0.0,1,0.24,0.01,SPY230505C00427000,427.0,normalDay
2023-05-05,14162.0,-2137.0,24.0,100,412.63,434.0,0,0.0,0.0,,0.0,1,0.24,0.0,SPY230505C00427000,427.0,expirationDay
2023-05-08,14162.0,-2129.0,0.0,100,412.74,434.0,0,0.0,0.0,,0.0,1,0.5,0.53,SPY230519C00422500,422.5,normalDay
2023-05-09,14162.0,-2296.0,0.0,100,410.93,434.0,0,0.0,0.0,,0.0,1,0.5,0.39,SPY230519C00422500,422.5,normalDay
2023-05-10,14162.0,-2101.0,0.0,100,412.85,434.0,0,0.0,0.0,,0.0,1,0.5,0.36,SPY230519C00422500,422.5,normalDay
2023-05-11,14162.0,-2154.0,0.0,100,412.13,434.0,0,0.0,0.0,,0.0,1,0.5,0.17,SPY230519C00422500,422.5,normalDay
2023-05-12,14162.0,-2196.0,0.0,100,411.59,434.0,0,0.0,0.0,,0.0,1,0.5,0.05,SPY230519C00422500,422.5,normalDay
2023-05-15,14162.0,-2055.0,0.0,100,413.01,434.0,0,0.0,0.0,,0.0,1,0.5,0.06,SPY230519C00422500,422.5,normalDay
2023-05-16,14162.0,-2329.0,0.0,100,410.25,434.0,0,0.0,0.0,,0.0,1,0.5,0.04,SPY230519C00422500,422.5,normalDay
2023-05-17,14162.0,-1835.0,0.0,100,415.23,434.0,0,0.0,0.0,,0.0,1,0.5,0.08,SPY230519C00422500,422.5,normalDay
2023-05-18,14162.0,-1448.0,0.0,100,419.23,434.0,0,0.0,0.0,,0.0,1,0.5,0.21,SPY230519C00422500,422.5,normalDay
2023-05-19,14212.0,-1538.0,50.0,100,418.62,434.0,0,0.0,0.0,,0.0,1,0.5,0.0,SPY230519C00422500,422.5,expirationDay
2023-05-22,14212.0,-1524.0,0.0,100,418.79,434.0,0,0.0,0.0,,0.0,1,0.96,0.99,SPY230602C00427000,427.0,normalDay
2023-05-23,14212.0,-1929.0,0.0,100,414.09,434.0,0,0.0,0.0,,0.0,1,0.96,0.34,SPY230602C00427000,427.0,normalDay
2023-05-24,14212.0,-2213.0,0.0,100,411.09,434.0,0,0.0,0.0,,0.0,1,0.96,0.18,SPY230602C00427000,427.0,normalDay
2023-05-25,14212.0,-1866.0,0.0,100,414.65,434.0,0,0.0,0.0,,0.0,1,0.96,0.27,SPY230602C00427000,427.0,normalDay
2023-05-26,14212.0,-1375.0,0.0,100,420.02,434.0,0,0.0,0.0,,0.0,1,0.96,0.73,SPY230602C00427000,427.0,normalDay
2023-05-30,14212.0,-1325.0,0.0,100,420.18,434.0,0,0.0,0.0,,0.0,1,0.96,0.39,SPY230602C00427000,427.0,normalDay
2023-05-31,14212.0,-1526.0,0.0,100,417.85,434.0,0,0.0,0.0,,0.0,1,0.96,0.07,SPY230602C00427000,427.0,normalDay
2023-06-01,14212.0,-1131.0,0.0,100,421.82,434.0,0,0.0,0.0,,0.0,1,0.96,0.09,SPY230602C00427000,427.0,normalDay
2023-06-02,13608.0,-1131.0,-604.0,0,427.92,0.0,0,0.0,0.0,,0.0,1,0.96,0.0,SPY230602C00427000,427.0,expirationDay
2023-06-05,13608.0,-13.0,0.0,0,427.1,0.0,1,13.27,13.4,SPY240119P00410000,410.0,0,0.0,0.0,,0.0,normalDay
2023-06-06,13608.0,70.0,0.0,0,428.03,0.0,1,13.27,12.57,SPY240119P00410000,410.0,0,0.0,0.0,,0.0,normalDay
2023-06-07,13608.0,49.0,0.0,0,426.55,0.0,1,13.27,12.78,SPY240119P00410000,410.0,0,0.0,0.0,,0.0,normalDay
2023-06-08,13608.0,132.0,0.0,0,429.13,0.0,1,13.27,11.95,SPY240119P00410000,410.0,0,0.0,0.0,,0.0,normalDay
2023-06-09,13608.0,161.0,0.0,0,429.9,0.0,1,13.27,11.66,SPY240119P00410000,410.0,0,0.0,0.0,,0.0,normalDay
2023-06-12,13608.0,237.0,0.0,0,433.8,0.0,1,13.27,10.9,SPY240119P00410000,410.0,0,0.0,0.0,,0.0,normalDay
2023-06-13,13608.0,296.0,0.0,0,436.66,0.0,1,13.27,10.31,SPY240119P00410000,410.0,0,0.0,0.0,,0.0,normalDay
2023-06-14,13608.0,318.0,0.0,0,437.18,0.0,1,13.27,10.09,SPY240119P00410000,410.0,0,0.0,0.0,,0.0,normalDay
2023-06-15,13608.0,387.0,0.0,0,442.6,0.0,1,13.27,9.4,SPY240119P00410000,410.0,0,0.0,0.0,,0.0,normalDay
2023-06-16,13608.0,387.0,0.0,0,439.46,0.0,1,13.27,9.4,SPY240119P00410000,410.0,0,0.0,0.0,,0.0,normalDay
2023-06-20,13608.0,301.0,0.0,0,437.18,0.0,1,13.27,10.26,SPY240119P00410000,410.0,0,0.0,0.0,,0.0,normalDay
2023-06-21,13608.0,299.0,0.0,0,434.94,0.0,1,13.27,10.28,SPY240119P00410000,410.0,0,0.0,0.0,,0.0,normalDay
2023-06-22,13608.0,338.0,0.0,0,436.51,0.0,1,13.27,9.89,SPY240119P00410000,410.0,0,0.0,0.0,,0.0,normalDay
2023-06-23,13608.0,274.0,0.0,0,433.21,0.0,1,13.27,10.53,SPY240119P00410000,410.0,0,0.0,0.0,,0.0,normalDay
2023-06-26,13608.0,257.0,0.0,0,431.44,0.0,1,13.27,10.7,SPY240119P00410000,410.0,0,0.0,0.0,,0.0,normalDay
2023-06-27,13608.0,387.0,0.0,0,436.17,0.0,1,13.27,9.4,SPY240119P00410000,410.0,0,0.0,0.0,,0.0,normalDay
2023-06-28,13608.0,446.0,0.0,0,436.39,0.0,1,13.27,8.81,SPY240119P00410000,410.0,0,0.0,0.0,,0.0,normalDay
2023-06-29,13608.0,466.0,0.0,0,438.11,0.0,1,13.27,8.61,SPY240119P00410000,410.0,0,0.0,0.0,,0.0,normalDay
2023-06-30,13608.0,553.0,0.0,0,443.28,0.0,1,13.27,7.74,SPY240119P00410000,410.0,0,0.0,0.0,,0.0,normalDay
2023-07-03,13608.0,559.0,0.0,0,443.79,0.0,1,13.27,7.68,SPY240119P00410000,410.0,0,0.0,0.0,,0.0,normalDay
2023-07-05,13608.0,537.0,0.0,0,443.13,0.0,1,13.27,7.9,SPY240119P00410000,410.0,0,0.0,0.0,,0.0,normalDay
2023-07-06,13608.0,445.0,0.0,0,439.66,0.0,1,13.27,8.82,SPY240119P00410000,410.0,0,0.0,0.0,,0.0,normalDay
2023-07-07,13608.0,443.0,0.0,0,438.55,0.0,1,13.27,8.84,SPY240119P00410000,410.0,0,0.0,0.0,,0.0,normalDay
2023-07-10,13608.0,478.0,0.0,0,439.66,0.0,1,13.27,8.49,SPY240119P00410000,410.0,0,0.0,0.0,,0.0,normalDay
2023-07-11,13608.0,545.0,0.0,0,442.46,0.0,1,13.27,7.82,SPY240119P00410000,410.0,0,0.0,0.0,,0.0,normalDay
2023-07-12,13608.0,643.0,0.0,0,446.02,0.0,1,13.27,6.84,SPY240119P00410000,410.0,0,0.0,0.0,,0.0,normalDay
2023-07-13,13608.0,688.0,0.0,0,449.56,0.0,1,13.27,6.39,SPY240119P00410000,410.0,0,0.0,0.0,,0.0,normalDay
2023-07-14,13608.0,683.0,0.0,0,449.28,0.0,1,13.27,6.44,SPY240119P00410000,410.0,0,0.0,0.0,,0.0,normalDay
2023-07-17,13608.0,702.0,0.0,0,450.84,0.0,1,13.27,6.25,SPY240119P00410000,410.0,0,0.0,0.0,,0.0,normalDay
2023-07-18,13608.0,750.0,0.0,0,454.19,0.0,1,13.27,5.77,SPY240119P00410000,410.0,0,0.0,0.0,,0.0,normalDay
2023-07-19,13608.0,737.0,0.0,0,455.2,0.0,1,13.27,5.9,SPY240119P00410000,410.0,0,0.0,0.0,,0.0,normalDay
2023-07-20,13608.0,710.0,0.0,0,452.18,0.0,1,13.27,6.17,SPY240119P00410000,410.0,0,0.0,0.0,,0.0,normalDay
2023-07-21,13608.0,728.0,0.0,0,452.18,0.0,1,13.27,5.99,SPY240119P00410000,410.0,0,0.0,0.0,,0.0,normalDay
2023-07-24,13608.0,765.0,0.0,0,454.2,0.0,1,13.27,5.62,SPY240119P00410000,410.0,0,0.0,0.0,,0.0,normalDay
2023-07-25,13608.0,776.0,0.0,0,455.44,0.0,1,13.27,5.51,SPY240119P00410000,410.0,0,0.0,0.0,,0.0,normalDay
2023-07-26,13608.0,792.0,0.0,0,455.51,0.0,1,13.27,5.35,SPY240119P00410000,410.0,0,0.0,0.0,,0.0,normalDay
2023-07-27,13608.0,728.0,0.0,0,452.49,0.0,1,13.27,5.99,SPY240119P00410000,410.0,0,0.0,0.0,,0.0,normalDay
2023-07-28,13608.0,796.0,0.0,0,456.92,0.0,1,13.27,5.31,SPY240119P00410000,410.0,0,0.0,0.0,,0.0,normalDay
2023-07-31,13608.0,804.0,0.0,0,457.79,0.0,1,13.27,5.23,SPY240119P00410000,410.0,0,0.0,0.0,,0.0,normalDay
2023-08-01,13608.0,781.0,0.0,0,456.48,0.0,1,13.27,5.46,SPY240119P00410000,410.0,0,0.0,0.0,,0.0,normalDay
2023-08-02,13608.0,648.0,0.0,0,450.13,0.0,1,13.27,6.79,SPY240119P00410000,410.0,0,0.0,0.0,,0.0,normalDay
2023-08-03,13608.0,654.0,0.0,0,448.84,0.0,1,13.27,6.73,SPY240119P00410000,410.0,0,0.0,0.0,,0.0,normalDay
2023-08-04,13608.0,582.0,0.0,0,446.81,0.0,1,13.27,7.45,SPY240119P00410000,410.0,0,0.0,0.0,,0.0,normalDay
2023-08-07,13608.0,688.0,0.0,0,450.71,0.0,1,13.27,6.39,SPY240119P00410000,410.0,0,0.0,0.0,,0.0,normalDay
2023-08-08,13608.0,645.0,0.0,0,448.75,0.0,1,13.27,6.82,SPY240119P00410000,410.0,0,0.0,0.0,,0.0,normalDay
2023-08-09,13608.0,620.0,0.0,0,445.75,0.0,1,13.27,7.07,SPY240119P00410000,410.0,0,0.0,0.0,,0.0,normalDay
2023-08-10,13608.0,615.0,0.0,0,445.91,0.0,1,13.27,7.12,SPY240119P00410000,410.0,0,0.0,0.0,,0.0,normalDay
2023-08-11,13608.0,639.0,0.0,0,445.65,0.0,1,13.27,6.88,SPY240119P00410000,410.0,0,0.0,0.0,,0.0,normalDay
2023-08-14,13608.0,697.0,0.0,0,448.11,0.0,1,13.27,6.3,SPY240119P00410000,410.0,0,0.0,0.0,,0.0,normalDay
2023-08-15,13608.0,575.0,0.0,0,442.89,0.0,1,13.27,7.52,SPY240119P00410000,410.0,0,0.0,0.0,,0.0,normalDay
2023-08-16,13608.0,512.0,0.0,0,439.64,0.0,1,13.27,8.15,SPY240119P00410000,410.0,0,0.0,0.0,,0.0,normalDay
2023-08-17,13608.0,412.0,0.0,0,436.29,0.0,1,13.27,9.15,SPY240119P00410000,410.0,0,0.0,0.0,,0.0,normalDay
2023-08-18,13608.0,451.0,0.0,0,436.5,0.0,1,13.27,8.76,SPY240119P00410000,410.0,0,0.0,0.0,,0.0,normalDay
2023-08-21,13608.0,523.0,0.0,0,439.34,0.0,1,13.27,8.04,SPY240119P00410000,410.0,0,0.0,0.0,,0.0,normalDay
2023-08-22,13608.0,517.0,0.0,0,438.15,0.0,1,13.27,8.1,SPY240119P00410000,410.0,0,0.0,0.0,,0.0,normalDay
2023-08-23,13608.0,626.0,0.0,0,443.03,0.0,1,13.27,7.01,SPY240119P00410000,410.0,0,0.0,0.0,,0.0,normalDay
2023-08-24,13608.0,493.0,0.0,0,436.89,0.0,1,13.27,8.34,SPY240119P00410000,410.0,0,0.0,0.0,,0.0,normalDay
2023-08-25,13608.0,602.0,0.0,0,439.97,0.0,1,13.27,7.25,SPY240119P00410000,410.0,0,0.0,0.0,,0.0,normalDay
2023-08-28,13608.0,684.0,0.0,0,442.76,0.0,1,13.27,6.43,SPY240119P00410000,410.0,0,0.0,0.0,,0.0,normalDay
2023-08-29,13608.0,799.0,0.0,0,449.16,0.0,1,13.27,5.28,SPY240119P00410000,410.0,0,0.0,0.0,,0.0,normalDay
2023-08-30,13608.0,842.0,0.0,0,451.01,0.0,1,13.27,4.85,SPY240119P00410000,410.0,0,0.0,0.0,,0.0,normalDay
2023-08-31,13608.0,856.0,0.0,0,450.35,0.0,1,13.27,4.71,SPY240119P00410000,410.0,0,0.0,0.0,,0.0,normalDay
2023-09-01,13608.0,869.0,0.0,0,451.19,0.0,1,13.27,4.58,SPY240119P00410000,410.0,0,0.0,0.0,,0.0,normalDay
2023-09-05,13608.0,850.0,0.0,0,449.24,0.0,1,13.27,4.77,SPY240119P00410000,410.0,0,0.0,0.0,,0.0,normalDay
2023-09-06,13608.0,797.0,0.0,0,446.22,0.0,1,13.27,5.3,SPY240119P00410000,410.0,0,0.0,0.0,,0.0,normalDay
2023-09-07,13608.0,785.0,0.0,0,444.85,0.0,1,13.27,5.42,SPY240119P00410000,410.0,0,0.0,0.0,,0.0,normalDay
2023-09-08,13608.0,827.0,0.0,0,445.52,0.0,1,13.27,5.0,SPY240119P00410000,410.0,0,0.0,0.0,,0.0,normalDay
2023-09-11,13608.0,883.0,0.0,0,448.45,0.0,1,13.27,4.44,SPY240119P00410000,410.0,0,0.0,0.0,,0.0,normalDay
2023-09-12,13608.0,853.0,0.0,0,445.99,0.0,1,13.27,4.74,SPY240119P00410000,410.0,0,0.0,0.0,,0.0,normalDay
2023-09-13,13608.0,880.0,0.0,0,446.51,0.0,1,13.27,4.47,SPY240119P00410000,410.0,0,0.0,0.0,,0.0,normalDay
2023-09-14,13608.0,946.0,0.0,0,450.36,0.0,1,13.27,3.81,SPY240119P00410000,410.0,0,0.0,0.0,,0.0,normalDay
2023-09-15,13608.0,859.0,0.0,0,443.37,0.0,1,13.27,4.68,SPY240119P00410000,410.0,0,0.0,0.0,,0.0,normalDay
2023-09-18,13608.0,873.0,0.0,0,443.63,0.0,1,13.27,4.54,SPY240119P00410000,410.0,0,0.0,0.0,,0.0,normalDay
2023-09-19,13608.0,873.0,0.0,0,442.71,0.0,1,13.27,4.54,SPY240119P00410000,410.0,0,0.0,0.0,,0.0,normalDay
2023-09-20,13608.0,791.0,0.0,0,438.64,0.0,1,13.27,5.36,SPY240119P00410000,410.0,0,0.0,0.0,,0.0,normalDay
2023-09-21,13608.0,614.0,0.0,0,431.39,0.0,1,13.27,7.13,SPY240119P00410000,410.0,0,0.0,0.0,,0.0,normalDay
2023-09-22,13608.0,595.0,0.0,0,430.42,0.0,1,13.27,7.32,SPY240119P00410000,410.0,0,0.0,0.0,,0.0,normalDay
2023-09-25,13608.0,638.0,0.0,0,432.23,0.0,1,13.27,6.89,SPY240119P00410000,410.0,0,0.0,0.0,,0.0,normalDay
2023-09-26,13608.0,429.0,0.0,0,425.88,0.0,1,13.27,8.98,SPY240119P00410000,410.0,0,0.0,0.0,,0.0,normalDay
2023-09-27,13608.0,474.0,0.0,0,426.05,0.0,1,13.27,8.53,SPY240119P00410000,410.0,0,0.0,0.0,,0.0,normalDay
2023-09-28,13608.0,556.0,0.0,0,428.52,0.0,1,13.27,7.71,SPY240119P00410000,410.0,0,0.0,0.0,,0.0,normalDay
2023-09-29,13608.0,540.0,0.0,0,427.48,0.0,1,13.27,7.87,SPY240119P00410000,410.0,0,0.0,0.0,,0.0,normalDay
2023-10-02,13608.0,551.0,0.0,0,427.31,0.0,1,13.27,7.76,SPY240119P00410000,410.0,0,0.0,0.0,,0.0,normalDay
2023-10-03,13608.0,329.0,0.0,0,421.59,0.0,1,13.27,9.98,SPY240119P00410000,410.0,0,0.0,0.0,,0.0,normalDay
2023-10-04,13608.0,441.0,0.0,0,424.66,0.0,1,13.27,8.86,SPY240119P00410000,410.0,0,0.0,0.0,,0.0,normalDay
2023-10-05,13608.0,438.0,0.0,0,424.5,0.0,1,13.27,8.89,SPY240119P00410000,410.0,0,0.0,0.0,,0.0,normalDay
2023-10-06,13608.0,610.0,0.0,0,429.54,0.0,1,13.27,7.17,SPY240119P00410000,410.0,0,0.0,0.0,,0.0,normalDay
2023-10-09,13608.0,673.0,0.0,0,432.29,0.0,1,13.27,6.54,SPY240119P00410000,410.0,0,0.0,0.0,,0.0,normalDay
2023-10-10,13608.0,741.0,0.0,0,434.54,0.0,1,13.27,5.86,SPY240119P00410000,410.0,0,0.0,0.0,,0.0,normalDay
2023-10-11,13608.0,807.0,0.0,0,436.32,0.0,1,13.27,5.2,SPY240119P00410000,410.0,0,0.0,0.0,,0.0,normalDay
2023-10-12,13608.0,750.0,0.0,0,433.66,0.0,1,13.27,5.77,SPY240119P00410000,410.0,0,0.0,0.0,,0.0,normalDay
2023-10-13,13608.0,596.0,0.0,0,431.5,0.0,1,13.27,7.31,SPY240119P00410000,410.0,0,0.0,0.0,,0.0,normalDay
2023-10-16,13608.0,777.0,0.0,0,436.04,0.0,1,13.27,5.5,SPY240119P00410000,410.0,0,0.0,0.0,,0.0,normalDay
2023-10-17,13608.0,756.0,0.0,0,436.02,0.0,1,13.27,5.71,SPY240119P00410000,410.0,0,0.0,0.0,,0.0,normalDay
2023-10-18,13608.0,609.0,0.0,0,430.21,0.0,1,13.27,7.18,SPY240119P00410000,410.0,0,0.0,0.0,,0.0,normalDay
2023-10-19,13608.0,423.0,0.0,0,426.43,0.0,1,13.27,9.04,SPY240119P00410000,410.0,0,0.0,0.0,,0.0,normalDay
2023-10-20,13608.0,319.0,0.0,0,421.19,0.0,1,13.27,10.08,SPY240119P00410000,410.0,0,0.0,0.0,,0.0,normalDay
2023-10-23,13608.0,384.0,0.0,0,420.46,0.0,1,13.27,9.43,SPY240119P00410000,410.0,0,0.0,0.0,,0.0,normalDay
2023-10-24,13608.0,521.0,0.0,0,423.63,0.0,1,13.27,8.06,SPY240119P00410000,410.0,0,0.0,0.0,,0.0,normalDay
2023-10-25,13608.0,293.0,0.0,0,417.55,0.0,1,13.27,10.34,SPY240119P00410000,410.0,0,0.0,0.0,,0.0,normalDay
2023-10-26,13608.0,123.0,0.0,0,412.55,0.0,1,13.27,12.04,SPY240119P00410000,410.0,0,0.0,0.0,,0.0,normalDay
2023-10-27,13608.0,23.0,0.0,0,410.68,0.0,1,13.27,13.04,SPY240119P00410000,410.0,0,0.0,0.0,,0.0,normalDay
2023-10-30,13608.0,279.0,0.0,0,415.59,0.0,1,13.27,10.48,SPY240119P00410000,410.0,0,0.0,0.0,,0.0,normalDay
2023-10-31,13608.0,439.0,0.0,0,418.2,0.0,1,13.27,8.88,SPY240119P00410000,410.0,0,0.0,0.0,,0.0,normalDay
2023-11-01,13608.0,625.0,0.0,0,422.66,0.0,1,13.27,7.02,SPY240119P00410000,410.0,0,0.0,0.0,,0.0,normalDay
2023-11-02,13608.0,835.0,0.0,0,430.76,0.0,1,13.27,4.92,SPY240119P00410000,410.0,0,0.0,0.0,,0.0,normalDay
2023-11-03,13608.0,929.0,0.0,0,434.69,0.0,1,13.27,3.98,SPY240119P00410000,410.0,0,0.0,0.0,,0.0,normalDay
2023-11-06,13608.0,965.0,0.0,0,435.69,0.0,1,13.27,3.62,SPY240119P00410000,410.0,0,0.0,0.0,,0.0,normalDay
2023-11-07,13608.0,992.0,0.0,0,436.93,0.0,1,13.27,3.35,SPY240119P00410000,410.0,0,0.0,0.0,,0.0,normalDay
2023-11-08,13608.0,1019.0,0.0,0,437.25,0.0,1,13.27,3.08,SPY240119P00410000,410.0,0,0.0,0.0,,0.0,normalDay
2023-11-09,13608.0,957.0,0.0,0,433.84,0.0,1,13.27,3.7,SPY240119P00410000,410.0,0,0.0,0.0,,0.0,normalDay
2023-11-10,13608.0,1071.0,0.0,0,440.61,0.0,1,13.27,2.56,SPY240119P00410000,410.0,0,0.0,0.0,,0.0,normalDay
2023-11-13,13608.0,1075.0,0.0,0,440.19,0.0,1,13.27,2.52,SPY240119P00410000,410.0,0,0.0,0.0,,0.0,normalDay
2023-11-14,13608.0,1154.0,0.0,0,448.73,0.0,1,13.27,1.73,SPY240119P00410000,410.0,0,0.0,0.0,,0.0,normalDay
2023-11-15,13608.0,1161.0,0.0,0,449.68,0.0,1,13.27,1.66,SPY240119P00410000,410.0,0,0.0,0.0,,0.0,normalDay
2023-11-16,13608.0,1171.0,0.0,0,450.23,0.0,1,13.27,1.56,SPY240119P00410000,410.0,0,0.0,0.0,,0.0,normalDay
2023-11-17,13608.0,1183.0,0.0,0,450.79,0.0,1,13.27,1.44,SPY240119P00410000,410.0,0,0.0,0.0,,0.0,normalDay
2023-11-20,13608.0,1210.0,0.0,0,454.26,0.0,1,13.27,1.17,SPY240119P00410000,410.0,0,0.0,0.0,,0.0,normalDay
2023-11-21,13608.0,1212.0,0.0,0,453.27,0.0,1,13.27,1.15,SPY240119P00410000,410.0,0,0.0,0.0,,0.0,normalDay
2023-11-22,13608.0,1221.0,0.0,0,455.02,0.0,1,13.27,1.06,SPY240119P00410000,410.0,0,0.0,0.0,,0.0,normalDay
2023-11-24,13608.0,1234.0,0.0,0,455.3,0.0,1,13.27,0.93,SPY240119P00410000,410.0,0,0.0,0.0,,0.0,normalDay
2023-11-27,13608.0,1235.0,0.0,0,454.48,0.0,1,13.27,0.92,SPY240119P00410000,410.0,0,0.0,0.0,,0.0,normalDay
2023-11-28,13608.0,1240.0,0.0,0,454.93,0.0,1,13.27,0.87,SPY240119P00410000,410.0,0,0.0,0.0,,0.0,normalDay
2023-11-29,13608.0,1238.0,0.0,0,454.61,0.0,1,13.27,0.89,SPY240119P00410000,410.0,0,0.0,0.0,,0.0,normalDay
2023-11-30,13608.0,1245.0,0.0,0,456.4,0.0,1,13.27,0.82,SPY240119P00410000,410.0,0,0.0,0.0,,0.0,normalDay
