date,totalCapital,unrializedPnL,rializedPnL,stocksOwned,stocksPriceToday,stocksPriceBoughtAt,putOwned,putOwnedSoldAt,putPriceToday,putOwnedContract,putOwnedStrike,callOwned,callOwnedSoldAt,callPriceToday,callOwnedContract,callOwnedStrike,trackType
2018-11-01,0.0,-5.0,0.0,0,273.51,0.0,1,2.1,2.15,SPY181221P00253000,253.0,0,0.0,0.0,,0.0,normalDay
2018-11-02,0.0,-19.0,0.0,0,271.89,0.0,1,2.1,2.29,SPY181221P00253000,253.0,0,0.0,0.0,,0.0,normalDay
2018-11-05,0.0,12.0,0.0,0,273.39,0.0,1,2.1,1.98,SPY181221P00253000,253.0,0,0.0,0.0,,0.0,normalDay
2018-11-06,0.0,38.0,0.0,0,275.12,0.0,1,2.1,1.72,SPY181221P00253000,253.0,0,0.0,0.0,,0.0,normalDay
2018-11-07,0.0,123.0,0.0,0,281.01,0.0,1,2.1,0.87,SPY181221P00253000,253.0,0,0.0,0.0,,0.0,normalDay
2018-11-08,0.0,120.0,0.0,0,280.5,0.0,1,2.1,0.9,SPY181221P00253000,253.0,0,0.0,0.0,,0.0,normalDay
2018-11-09,0.0,95.0,0.0,0,277.76,0.0,1,2.1,1.15,SPY181221P00253000,253.0,0,0.0,0.0,,0.0,normalDay
2018-11-12,0.0,26.0,0.0,0,272.57,0.0,1,2.1,1.84,SPY181221P00253000,253.0,0,0.0,0.0,,0.0,normalDay
2018-11-13,0.0,23.0,0.0,0,272.06,0.0,1,2.1,1.87,SPY181221P00253000,253.0,0,0.0,0.0,,0.0,normalDay
2018-11-14,0.0,-12.0,0.0,0,270.2,0.0,1,2.1,2.22,SPY181221P00253000,253.0,0,0.0,0.0,,0.0,normalDay
2018-11-15,0.0,53.0,0.0,0,273.02,0.0,1,2.1,1.57,SPY181221P00253000,253.0,0,0.0,0.0,,0.0,normalDay
2018-11-16,0.0,91.0,0.0,0,273.73,0.0,1,2.1,1.19,SPY181221P00253000,253.0,0,0.0,0.0,,0.0,normalDay
2018-11-19,0.0,30.0,0.0,0,269.1,0.0,1,2.1,1.8,SPY181221P00253000,253.0,0,0.0,0.0,,0.0,normalDay
2018-11-20,0.0,-95.0,0.0,0,264.12,0.0,1,2.1,3.05,SPY181221P00253000,253.0,0,0.0,0.0,,0.0,normalDay
2018-11-21,0.0,-33.0,0.0,0,265.02,0.0,1,2.1,2.43,SPY181221P00253000,253.0,0,0.0,0.0,,0.0,normalDay
2018-11-23,0.0,-74.0,0.0,0,263.25,0.0,1,2.1,2.84,SPY181221P00253000,253.0,0,0.0,0.0,,0.0,normalDay
2018-11-26,0.0,78.0,0.0,0,267.5,0.0,1,2.1,1.32,SPY181221P00253000,253.0,0,0.0,0.0,,0.0,normalDay
2018-11-27,0.0,82.0,0.0,0,268.4,0.0,1,2.1,1.28,SPY181221P00253000,253.0,0,0.0,0.0,,0.0,normalDay
2018-11-28,0.0,145.0,0.0,0,274.58,0.0,1,2.1,0.65,SPY181221P00253000,253.0,0,0.0,0.0,,0.0,normalDay
2018-11-29,0.0,136.0,0.0,0,273.98,0.0,1,2.1,0.74,SPY181221P00253000,253.0,0,0.0,0.0,,0.0,normalDay
2018-11-30,0.0,154.0,0.0,0,275.65,0.0,1,2.1,0.56,SPY181221P00253000,253.0,0,0.0,0.0,,0.0,normalDay
2018-12-03,0.0,184.0,0.0,0,279.3,0.0,1,2.1,0.26,SPY181221P00253000,253.0,0,0.0,0.0,,0.0,normalDay
2018-12-04,0.0,107.0,0.0,0,270.25,0.0,1,2.1,1.03,SPY181221P00253000,253.0,0,0.0,0.0,,0.0,normalDay
2018-12-06,0.0,109.0,0.0,0,269.84,0.0,1,2.1,1.01,SPY181221P00253000,253.0,0,0.0,0.0,,0.0,normalDay
2018-12-07,0.0,-6.0,0.0,0,263.57,0.0,1,2.1,2.16,SPY181221P00253000,253.0,0,0.0,0.0,,0.0,normalDay
2018-12-10,0.0,77.0,0.0,0,264.07,0.0,1,2.1,1.33,SPY181221P00253000,253.0,0,0.0,0.0,,0.0,normalDay
2018-12-11,0.0,98.0,0.0,0,264.13,0.0,1,2.1,1.12,SPY181221P00253000,253.0,0,0.0,0.0,,0.0,normalDay
2018-12-12,0.0,128.0,0.0,0,265.46,0.0,1,2.1,0.82,SPY181221P00253000,253.0,0,0.0,0.0,,0.0,normalDay
2018-12-13,0.0,155.0,0.0,0,265.37,0.0,1,2.1,0.55,SPY181221P00253000,253.0,0,0.0,0.0,,0.0,normalDay
2018-12-14,0.0,95.0,0.0,0,260.47,0.0,1,2.1,1.15,SPY181221P00253000,253.0,0,0.0,0.0,,0.0,normalDay
2018-12-17,0.0,-61.0,0.0,0,255.36,0.0,1,2.1,2.71,SPY181221P00253000,253.0,0,0.0,0.0,,0.0,normalDay
2018-12-18,0.0,-97.0,0.0,0,255.08,0.0,1,2.1,3.07,SPY181221P00253000,253.0,0,0.0,0.0,,0.0,normalDay
2018-12-19,0.0,-205.0,0.0,0,251.26,0.0,1,2.1,4.15,SPY181221P00253000,253.0,0,0.0,0.0,,0.0,normalDay
2018-12-20,0.0,-462.0,0.0,0,247.17,0.0,1,2.1,6.72,SPY181221P00253000,253.0,0,0.0,0.0,,0.0,normalDay
2018-12-21,210.0,-1230.0,210.0,100,240.7,253.0,1,2.1,0.0,SPY181221P00253000,253.0,0,0.0,0.0,,0.0,expirationDay
2018-12-24,210.0,-1963.0,0.0,100,234.34,253.0,0,0.0,0.0,,0.0,1,0.98,1.95,SPY190628C00280000,280.0,normalDay
2018-12-26,210.0,-860.0,0.0,100,246.18,253.0,0,0.0,0.0,,0.0,1,0.98,2.76,SPY190628C00280000,280.0,normalDay
2018-12-27,210.0,-738.0,0.0,100,248.07,253.0,0,0.0,0.0,,0.0,1,0.98,3.43,SPY190628C00280000,280.0,normalDay
2018-12-28,210.0,-727.0,0.0,100,247.75,253.0,0,0.0,0.0,,0.0,1,0.98,3.0,SPY190628C00280000,280.0,normalDay
2018-12-31,210.0,-504.0,0.0,100,249.92,253.0,0,0.0,0.0,,0.0,1,0.98,2.94,SPY190628C00280000,280.0,normalDay
2019-01-02,210.0,-459.0,0.0,100,250.18,253.0,0,0.0,0.0,,0.0,1,0.98,2.75,SPY190628C00280000,280.0,normalDay
2019-01-03,210.0,-968.0,0.0,100,244.21,253.0,0,0.0,0.0,,0.0,1,0.98,1.87,SPY190628C00280000,280.0,normalDay
2019-01-04,210.0,-264.0,0.0,100,252.39,253.0,0,0.0,0.0,,0.0,1,0.98,3.01,SPY190628C00280000,280.0,normalDay
2019-01-07,210.0,-87.0,0.0,100,254.38,253.0,0,0.0,0.0,,0.0,1,0.98,3.23,SPY190628C00280000,280.0,normalDay
2019-01-08,210.0,111.0,0.0,100,256.77,253.0,0,0.0,0.0,,0.0,1,0.98,3.64,SPY190628C00280000,280.0,normalDay
2019-01-09,210.0,224.0,0.0,100,257.97,253.0,0,0.0,0.0,,0.0,1,0.98,3.71,SPY190628C00280000,280.0,normalDay
2019-01-10,210.0,298.0,0.0,100,258.88,253.0,0,0.0,0.0,,0.0,1,0.98,3.88,SPY190628C00280000,280.0,normalDay
2019-01-11,210.0,348.0,0.0,100,258.98,253.0,0,0.0,0.0,,0.0,1,0.98,3.48,SPY190628C00280000,280.0,normalDay
2019-01-14,210.0,250.0,0.0,100,257.4,253.0,0,0.0,0.0,,0.0,1,0.98,2.88,SPY190628C00280000,280.0,normalDay
2019-01-15,210.0,511.0,0.0,100,260.35,253.0,0,0.0,0.0,,0.0,1,0.98,3.22,SPY190628C00280000,280.0,normalDay
2019-01-16,210.0,561.0,0.0,100,260.98,253.0,0,0.0,0.0,,0.0,1,0.98,3.35,SPY190628C00280000,280.0,normalDay
2019-01-17,210.0,698.0,0.0,100,262.96,253.0,0,0.0,0.0,,0.0,1,0.98,3.96,SPY190628C00280000,280.0,normalDay
2019-01-18,210.0,932.0,0.0,100,266.46,253.0,0,0.0,0.0,,0.0,1,0.98,5.12,SPY190628C00280000,280.0,normalDay
2019-01-22,210.0,657.0,0.0,100,262.86,253.0,0,0.0,0.0,,0.0,1,0.98,4.27,SPY190628C00280000,280.0,normalDay
2019-01-23,210.0,718.0,0.0,100,263.41,253.0,0,0.0,0.0,,0.0,1,0.98,4.21,SPY190628C00280000,280.0,normalDay
2019-01-24,210.0,772.0,0.0,100,263.55,253.0,0,0.0,0.0,,0.0,1,0.98,3.81,SPY190628C00280000,280.0,normalDay
2019-01-25,210.0,906.0,0.0,100,265.78,253.0,0,0.0,0.0,,0.0,1,0.98,4.7,SPY190628C00280000,280.0,normalDay
2019-01-28,210.0,772.0,0.0,100,263.76,253.0,0,0.0,0.0,,0.0,1,0.98,4.02,SPY190628C00280000,280.0,normalDay
2019-01-29,210.0,755.0,0.0,100,263.41,253.0,0,0.0,0.0,,0.0,1,0.98,3.84,SPY190628C00280000,280.0,normalDay
2019-01-30,210.0,1046.0,0.0,100,267.58,253.0,0,0.0,0.0,,0.0,1,0.98,5.1,SPY190628C00280000,280.0,normalDay
2019-01-31,210.0,1194.0,0.0,100,269.93,253.0,0,0.0,0.0,,0.0,1,0.98,5.97,SPY190628C00280000,280.0,normalDay
2019-02-01,210.0,1231.0,0.0,100,270.06,253.0,0,0.0,0.0,,0.0,1,0.98,5.73,SPY190628C00280000,280.0,normalDay
2019-02-04,210.0,1371.0,0.0,100,271.96,253.0,0,0.0,0.0,,0.0,1,0.98,6.23,SPY190628C00280000,280.0,normalDay
2019-02-05,210.0,1448.0,0.0,100,273.1,253.0,0,0.0,0.0,,0.0,1,0.98,6.6,SPY190628C00280000,280.0,normalDay
2019-02-06,210.0,1436.0,0.0,100,272.74,253.0,0,0.0,0.0,,0.0,1,0.98,6.36,SPY190628C00280000,280.0,normalDay
2019-02-07,210.0,1273.0,0.0,100,270.14,253.0,0,0.0,0.0,,0.0,1,0.98,5.39,SPY190628C00280000,280.0,normalDay
2019-02-08,210.0,1311.0,0.0,100,270.47,253.0,0,0.0,0.0,,0.0,1,0.98,5.34,SPY190628C00280000,280.0,normalDay
2019-02-11,210.0,1329.0,0.0,100,270.62,253.0,0,0.0,0.0,,0.0,1,0.98,5.31,SPY190628C00280000,280.0,normalDay
2019-02-12,210.0,1520.0,0.0,100,274.1,253.0,0,0.0,0.0,,0.0,1,0.98,6.88,SPY190628C00280000,280.0,normalDay
2019-02-13,210.0,1576.0,0.0,100,274.99,253.0,0,0.0,0.0,,0.0,1,0.98,7.21,SPY190628C00280000,280.0,normalDay
2019-02-14,210.0,1536.0,0.0,100,274.38,253.0,0,0.0,0.0,,0.0,1,0.98,7.0,SPY190628C00280000,280.0,normalDay
2019-02-15,210.0,1703.0,0.0,100,277.37,253.0,0,0.0,0.0,,0.0,1,0.98,8.32,SPY190628C00280000,280.0,normalDay
2019-02-19,210.0,1769.0,0.0,100,277.85,253.0,0,0.0,0.0,,0.0,1,0.98,8.14,SPY190628C00280000,280.0,normalDay
2019-02-20,210.0,1809.0,0.0,100,278.41,253.0,0,0.0,0.0,,0.0,1,0.98,8.3,SPY190628C00280000,280.0,normalDay
2019-02-21,210.0,1766.0,0.0,100,277.42,253.0,0,0.0,0.0,,0.0,1,0.98,7.74,SPY190628C00280000,280.0,normalDay
2019-02-22,210.0,1869.0,0.0,100,279.14,253.0,0,0.0,0.0,,0.0,1,0.98,8.43,SPY190628C00280000,280.0,normalDay
2019-02-25,210.0,1873.0,0.0,100,279.52,253.0,0,0.0,0.0,,0.0,1,0.98,8.77,SPY190628C00280000,280.0,normalDay
2019-02-26,210.0,1869.0,0.0,100,279.32,253.0,0,0.0,0.0,,0.0,1,0.98,8.61,SPY190628C00280000,280.0,normalDay
2019-02-27,210.0,1862.0,0.0,100,279.2,253.0,0,0.0,0.0,,0.0,1,0.98,8.56,SPY190628C00280000,280.0,normalDay
2019-02-28,210.0,1858.0,0.0,100,278.68,253.0,0,0.0,0.0,,0.0,1,0.98,8.08,SPY190628C00280000,280.0,normalDay
2019-03-01,210.0,1959.0,0.0,100,280.42,253.0,0,0.0,0.0,,0.0,1,0.98,8.81,SPY190628C00280000,280.0,normalDay
2019-03-04,210.0,1921.0,0.0,100,279.4,253.0,0,0.0,0.0,,0.0,1,0.98,8.17,SPY190628C00280000,280.0,normalDay
2019-03-05,210.0,1904.0,0.0,100,279.02,253.0,0,0.0,0.0,,0.0,1,0.98,7.96,SPY190628C00280000,280.0,normalDay
2019-03-06,210.0,1812.0,0.0,100,277.33,253.0,0,0.0,0.0,,0.0,1,0.98,7.19,SPY190628C00280000,280.0,normalDay
2019-03-07,210.0,1676.0,0.0,100,275.01,253.0,0,0.0,0.0,,0.0,1,0.98,6.23,SPY190628C00280000,280.0,normalDay
2019-03-08,210.0,1650.0,0.0,100,274.46,253.0,0,0.0,0.0,,0.0,1,0.98,5.94,SPY190628C00280000,280.0,normalDay
2019-03-11,210.0,1907.0,0.0,100,278.44,253.0,0,0.0,0.0,,0.0,1,0.98,7.35,SPY190628C00280000,280.0,normalDay
2019-03-12,210.0,1983.0,0.0,100,279.49,253.0,0,0.0,0.0,,0.0,1,0.98,7.64,SPY190628C00280000,280.0,normalDay
2019-03-13,210.0,2052.0,0.0,100,281.34,253.0,0,0.0,0.0,,0.0,1,0.98,8.8,SPY190628C00280000,280.0,normalDay
2019-03-14,210.0,2068.0,0.0,100,281.16,253.0,0,0.0,0.0,,0.0,1,0.98,8.46,SPY190628C00280000,280.0,normalDay
2019-03-15,210.0,2008.0,0.0,100,281.31,253.0,0,0.0,0.0,,0.0,1,0.98,9.21,SPY190628C00280000,280.0,normalDay
2019-03-18,210.0,2023.0,0.0,100,282.33,253.0,0,0.0,0.0,,0.0,1,0.98,10.08,SPY190628C00280000,280.0,normalDay
2019-03-19,210.0,2041.0,0.0,100,282.4,253.0,0,0.0,0.0,,0.0,1,0.98,9.97,SPY190628C00280000,280.0,normalDay
2019-03-20,210.0,2010.0,0.0,100,281.55,253.0,0,0.0,0.0,,0.0,1,0.98,9.43,SPY190628C00280000,280.0,normalDay
2019-03-21,210.0,2112.0,0.0,100,284.73,253.0,0,0.0,0.0,,0.0,1,0.98,11.59,SPY190628C00280000,280.0,normalDay
2019-03-22,210.0,1807.0,0.0,100,279.25,253.0,0,0.0,0.0,,0.0,1,0.98,9.16,SPY190628C00280000,280.0,normalDay
2019-03-25,210.0,1833.0,0.0,100,279.04,253.0,0,0.0,0.0,,0.0,1,0.98,8.69,SPY190628C00280000,280.0,normalDay
2019-03-26,210.0,1976.0,0.0,100,281.12,253.0,0,0.0,0.0,,0.0,1,0.98,9.34,SPY190628C00280000,280.0,normalDay
2019-03-27,210.0,1896.0,0.0,100,279.65,253.0,0,0.0,0.0,,0.0,1,0.98,8.67,SPY190628C00280000,280.0,normalDay
2019-03-28,210.0,1963.0,0.0,100,280.71,253.0,0,0.0,0.0,,0.0,1,0.98,9.06,SPY190628C00280000,280.0,normalDay
2019-03-29,210.0,2040.0,0.0,100,282.48,253.0,0,0.0,0.0,,0.0,1,0.98,10.06,SPY190628C00280000,280.0,normalDay
2019-04-01,210.0,2192.0,0.0,100,285.83,253.0,0,0.0,0.0,,0.0,1,0.98,11.89,SPY190628C00280000,280.0,normalDay
2019-04-02,210.0,2216.0,0.0,100,285.97,253.0,0,0.0,0.0,,0.0,1,0.98,11.79,SPY190628C00280000,280.0,normalDay
2019-04-03,210.0,2197.0,0.0,100,286.42,253.0,0,0.0,0.0,,0.0,1,0.98,12.43,SPY190628C00280000,280.0,normalDay
2019-04-04,210.0,2240.0,0.0,100,287.18,253.0,0,0.0,0.0,,0.0,1,0.98,12.76,SPY190628C00280000,280.0,normalDay
2019-04-05,210.0,2295.0,0.0,100,288.57,253.0,0,0.0,0.0,,0.0,1,0.98,13.6,SPY190628C00280000,280.0,normalDay
2019-04-08,210.0,2306.0,0.0,100,288.79,253.0,0,0.0,0.0,,0.0,1,0.98,13.71,SPY190628C00280000,280.0,normalDay
2019-04-09,210.0,2271.0,0.0,100,287.31,253.0,0,0.0,0.0,,0.0,1,0.98,12.58,SPY190628C00280000,280.0,normalDay
2019-04-10,210.0,2297.0,0.0,100,288.29,253.0,0,0.0,0.0,,0.0,1,0.98,13.3,SPY190628C00280000,280.0,normalDay
2019-04-11,210.0,2324.0,0.0,100,288.21,253.0,0,0.0,0.0,,0.0,1,0.98,12.95,SPY190628C00280000,280.0,normalDay
2019-04-12,210.0,2386.0,0.0,100,290.16,253.0,0,0.0,0.0,,0.0,1,0.98,14.28,SPY190628C00280000,280.0,normalDay
2019-04-15,210.0,2393.0,0.0,100,289.97,253.0,0,0.0,0.0,,0.0,1,0.98,14.02,SPY190628C00280000,280.0,normalDay
2019-04-16,210.0,2412.0,0.0,100,290.16,253.0,0,0.0,0.0,,0.0,1,0.98,14.02,SPY190628C00280000,280.0,normalDay
2019-04-17,210.0,2407.0,0.0,100,289.45,253.0,0,0.0,0.0,,0.0,1,0.98,13.36,SPY190628C00280000,280.0,normalDay
2019-04-18,210.0,2413.0,0.0,100,290.02,253.0,0,0.0,0.0,,0.0,1,0.98,13.87,SPY190628C00280000,280.0,normalDay
2019-04-22,210.0,2418.0,0.0,100,290.27,253.0,0,0.0,0.0,,0.0,1,0.98,14.07,SPY190628C00280000,280.0,normalDay
2019-04-23,210.0,2480.0,0.0,100,292.88,253.0,0,0.0,0.0,,0.0,1,0.98,16.06,SPY190628C00280000,280.0,normalDay
2019-04-24,210.0,2450.0,0.0,100,292.23,253.0,0,0.0,0.0,,0.0,1,0.98,15.71,SPY190628C00280000,280.0,normalDay
2019-04-25,210.0,2463.0,0.0,100,292.05,253.0,0,0.0,0.0,,0.0,1,0.98,15.4,SPY190628C00280000,280.0,normalDay
2019-04-26,210.0,2492.0,0.0,100,293.41,253.0,0,0.0,0.0,,0.0,1,0.98,16.47,SPY190628C00280000,280.0,normalDay
2019-04-29,210.0,2512.0,0.0,100,293.87,253.0,0,0.0,0.0,,0.0,1,0.98,16.73,SPY190628C00280000,280.0,normalDay
2019-04-30,210.0,2493.0,0.0,100,294.02,253.0,0,0.0,0.0,,0.0,1,0.98,17.07,SPY190628C00280000,280.0,normalDay
2019-05-01,210.0,2466.0,0.0,100,291.81,253.0,0,0.0,0.0,,0.0,1,0.98,15.13,SPY190628C00280000,280.0,normalDay
2019-05-02,210.0,2466.0,0.0,100,291.18,253.0,0,0.0,0.0,,0.0,1,0.98,14.5,SPY190628C00280000,280.0,normalDay
2019-05-03,210.0,2529.0,0.0,100,294.03,253.0,0,0.0,0.0,,0.0,1,0.98,16.72,SPY190628C00280000,280.0,normalDay
2019-05-06,210.0,2488.0,0.0,100,292.82,253.0,0,0.0,0.0,,0.0,1,0.98,15.92,SPY190628C00280000,280.0,normalDay
2019-05-07,210.0,2259.0,0.0,100,287.93,253.0,0,0.0,0.0,,0.0,1,0.98,13.32,SPY190628C00280000,280.0,normalDay
2019-05-08,210.0,2259.0,0.0,100,287.53,253.0,0,0.0,0.0,,0.0,1,0.98,12.92,SPY190628C00280000,280.0,normalDay
2019-05-09,210.0,2259.0,0.0,100,286.66,253.0,0,0.0,0.0,,0.0,1,0.98,12.05,SPY190628C00280000,280.0,normalDay
2019-05-10,210.0,2410.0,0.0,100,288.1,253.0,0,0.0,0.0,,0.0,1,0.98,11.98,SPY190628C00280000,280.0,normalDay
2019-05-13,210.0,2121.0,0.0,100,280.86,253.0,0,0.0,0.0,,0.0,1,0.98,7.63,SPY190628C00280000,280.0,normalDay
2019-05-14,210.0,2256.0,0.0,100,283.4,253.0,0,0.0,0.0,,0.0,1,0.98,8.82,SPY190628C00280000,280.0,normalDay
2019-05-15,210.0,2342.0,0.0,100,285.06,253.0,0,0.0,0.0,,0.0,1,0.98,9.62,SPY190628C00280000,280.0,normalDay
2019-05-16,210.0,2458.0,0.0,100,287.7,253.0,0,0.0,0.0,,0.0,1,0.98,11.1,SPY190628C00280000,280.0,normalDay
2019-05-17,210.0,2396.0,0.0,100,285.84,253.0,0,0.0,0.0,,0.0,1,0.98,9.86,SPY190628C00280000,280.0,normalDay
2019-05-20,210.0,2345.0,0.0,100,283.95,253.0,0,0.0,0.0,,0.0,1,0.98,8.48,SPY190628C00280000,280.0,normalDay
2019-05-21,210.0,2472.0,0.0,100,286.51,253.0,0,0.0,0.0,,0.0,1,0.98,9.77,SPY190628C00280000,280.0,normalDay
2019-05-22,210.0,2468.0,0.0,100,285.63,253.0,0,0.0,0.0,,0.0,1,0.98,8.93,SPY190628C00280000,280.0,normalDay
2019-05-23,210.0,2339.0,0.0,100,282.14,253.0,0,0.0,0.0,,0.0,1,0.98,6.73,SPY190628C00280000,280.0,normalDay
2019-05-24,210.0,2370.0,0.0,100,282.78,253.0,0,0.0,0.0,,0.0,1,0.98,7.06,SPY190628C00280000,280.0,normalDay
2019-05-28,210.0,2266.0,0.0,100,280.15,253.0,0,0.0,0.0,,0.0,1,0.98,5.47,SPY190628C00280000,280.0,normalDay
2019-05-29,210.0,2205.0,0.0,100,278.27,253.0,0,0.0,0.0,,0.0,1,0.98,4.2,SPY190628C00280000,280.0,normalDay
2019-05-30,210.0,2271.0,0.0,100,279.03,253.0,0,0.0,0.0,,0.0,1,0.98,4.3,SPY190628C00280000,280.0,normalDay
2019-05-31,210.0,2056.0,0.0,100,275.27,253.0,0,0.0,0.0,,0.0,1,0.98,2.69,SPY190628C00280000,280.0,normalDay
2019-06-03,210.0,2024.0,0.0,100,274.57,253.0,0,0.0,0.0,,0.0,1,0.98,2.31,SPY190628C00280000,280.0,normalDay
2019-06-04,210.0,2393.0,0.0,100,280.53,253.0,0,0.0,0.0,,0.0,1,0.98,4.58,SPY190628C00280000,280.0,normalDay
2019-06-05,210.0,2518.0,0.0,100,282.96,253.0,0,0.0,0.0,,0.0,1,0.98,5.76,SPY190628C00280000,280.0,normalDay
2019-06-06,210.0,2591.0,0.0,100,284.8,253.0,0,0.0,0.0,,0.0,1,0.98,6.87,SPY190628C00280000,280.0,normalDay
2019-06-07,210.0,2648.0,0.0,100,287.65,253.0,0,0.0,0.0,,0.0,1,0.98,9.15,SPY190628C00280000,280.0,normalDay
2019-06-10,210.0,2683.0,0.0,100,288.97,253.0,0,0.0,0.0,,0.0,1,0.98,10.12,SPY190628C00280000,280.0,normalDay
2019-06-11,210.0,2701.0,0.0,100,288.9,253.0,0,0.0,0.0,,0.0,1,0.98,9.87,SPY190628C00280000,280.0,normalDay
2019-06-12,210.0,2700.0,0.0,100,288.39,253.0,0,0.0,0.0,,0.0,1,0.98,9.37,SPY190628C00280000,280.0,normalDay
2019-06-13,210.0,2717.0,0.0,100,289.58,253.0,0,0.0,0.0,,0.0,1,0.98,10.39,SPY190628C00280000,280.0,normalDay
2019-06-14,210.0,2718.0,0.0,100,289.26,253.0,0,0.0,0.0,,0.0,1,0.98,10.06,SPY190628C00280000,280.0,normalDay
2019-06-17,210.0,2741.0,0.0,100,289.37,253.0,0,0.0,0.0,,0.0,1,0.98,9.94,SPY190628C00280000,280.0,normalDay
2019-06-18,210.0,2769.0,0.0,100,292.4,253.0,0,0.0,0.0,,0.0,1,0.98,12.69,SPY190628C00280000,280.0,normalDay
2019-06-19,210.0,2764.0,0.0,100,293.06,253.0,0,0.0,0.0,,0.0,1,0.98,13.4,SPY190628C00280000,280.0,normalDay
2019-06-20,210.0,2776.0,0.0,100,295.86,253.0,0,0.0,0.0,,0.0,1,0.98,16.08,SPY190628C00280000,280.0,normalDay
2019-06-21,210.0,2750.0,0.0,100,294.0,253.0,0,0.0,0.0,,0.0,1,0.98,14.48,SPY190628C00280000,280.0,normalDay
2019-06-24,210.0,2762.0,0.0,100,293.64,253.0,0,0.0,0.0,,0.0,1,0.98,14.0,SPY190628C00280000,280.0,normalDay
2019-06-25,210.0,2761.0,0.0,100,290.76,253.0,0,0.0,0.0,,0.0,1,0.98,11.13,SPY190628C00280000,280.0,normalDay
2019-06-26,210.0,2794.0,0.0,100,290.47,253.0,0,0.0,0.0,,0.0,1,0.98,10.51,SPY190628C00280000,280.0,normalDay
2019-06-27,210.0,2753.0,0.0,100,291.5,253.0,0,0.0,0.0,,0.0,1,0.98,11.95,SPY190628C00280000,280.0,normalDay
2019-06-28,3008.0,2753.0,2798.0,0,293.0,0.0,0,0.0,0.0,,0.0,1,0.98,0.0,SPY190628C00280000,280.0,expirationDay
2019-07-01,3008.0,-3.0,0.0,0,295.66,0.0,1,1.3,1.33,SPY190816P00278000,278.0,0,0.0,0.0,,0.0,normalDay
2019-07-02,3008.0,24.0,0.0,0,296.43,0.0,1,1.3,1.06,SPY190816P00278000,278.0,0,0.0,0.0,,0.0,normalDay
2019-07-03,3008.0,48.0,0.0,0,298.8,0.0,1,1.3,0.82,SPY190816P00278000,278.0,0,0.0,0.0,,0.0,normalDay
2019-07-05,3008.0,42.0,0.0,0,298.46,0.0,1,1.3,0.88,SPY190816P00278000,278.0,0,0.0,0.0,,0.0,normalDay
2019-07-08,3008.0,32.0,0.0,0,296.82,0.0,1,1.3,0.98,SPY190816P00278000,278.0,0,0.0,0.0,,0.0,normalDay
2019-07-09,3008.0,32.0,0.0,0,297.19,0.0,1,1.3,0.98,SPY190816P00278000,278.0,0,0.0,0.0,,0.0,normalDay
2019-07-10,3008.0,57.0,0.0,0,298.61,0.0,1,1.3,0.73,SPY190816P00278000,278.0,0,0.0,0.0,,0.0,normalDay
2019-07-11,3008.0,63.0,0.0,0,299.31,0.0,1,1.3,0.67,SPY190816P00278000,278.0,0,0.0,0.0,,0.0,normalDay
2019-07-12,3008.0,76.0,0.0,0,300.65,0.0,1,1.3,0.54,SPY190816P00278000,278.0,0,0.0,0.0,,0.0,normalDay
2019-07-15,3008.0,78.0,0.0,0,300.75,0.0,1,1.3,0.52,SPY190816P00278000,278.0,0,0.0,0.0,,0.0,normalDay
2019-07-16,3008.0,74.0,0.0,0,299.78,0.0,1,1.3,0.56,SPY190816P00278000,278.0,0,0.0,0.0,,0.0,normalDay
2019-07-17,3008.0,59.0,0.0,0,297.74,0.0,1,1.3,0.71,SPY190816P00278000,278.0,0,0.0,0.0,,0.0,normalDay
2019-07-18,3008.0,72.0,0.0,0,298.83,0.0,1,1.3,0.58,SPY190816P00278000,278.0,0,0.0,0.0,,0.0,normalDay
2019-07-19,3008.0,61.0,0.0,0,297.17,0.0,1,1.3,0.69,SPY190816P00278000,278.0,0,0.0,0.0,,0.0,normalDay
2019-07-22,3008.0,81.0,0.0,0,297.9,0.0,1,1.3,0.49,SPY190816P00278000,278.0,0,0.0,0.0,,0.0,normalDay
2019-07-23,3008.0,97.0,0.0,0,300.03,0.0,1,1.3,0.33,SPY190816P00278000,278.0,0,0.0,0.0,,0.0,normalDay
2019-07-24,3008.0,105.0,0.0,0,301.44,0.0,1,1.3,0.25,SPY190816P00278000,278.0,0,0.0,0.0,,0.0,normalDay
2019-07-25,3008.0,102.0,0.0,0,300.0,0.0,1,1.3,0.28,SPY190816P00278000,278.0,0,0.0,0.0,,0.0,normalDay
2019-07-26,3008.0,110.0,0.0,0,302.01,0.0,1,1.3,0.2,SPY190816P00278000,278.0,0,0.0,0.0,,0.0,normalDay
2019-07-29,3008.0,111.0,0.0,0,301.46,0.0,1,1.3,0.19,SPY190816P00278000,278.0,0,0.0,0.0,,0.0,normalDay
2019-07-30,3008.0,106.0,0.0,0,300.72,0.0,1,1.3,0.24,SPY190816P00278000,278.0,0,0.0,0.0,,0.0,normalDay
2019-07-31,3008.0,85.0,0.0,0,297.43,0.0,1,1.3,0.45,SPY190816P00278000,278.0,0,0.0,0.0,,0.0,normalDay
2019-08-01,3008.0,62.0,0.0,0,294.84,0.0,1,1.3,0.68,SPY190816P00278000,278.0,0,0.0,0.0,,0.0,normalDay
2019-08-02,3008.0,53.0,0.0,0,292.62,0.0,1,1.3,0.77,SPY190816P00278000,278.0,0,0.0,0.0,,0.0,normalDay
2019-08-05,3008.0,-193.0,0.0,0,283.82,0.0,1,1.3,3.23,SPY190816P00278000,278.0,0,0.0,0.0,,0.0,normalDay
2019-08-06,3008.0,-4.0,0.0,0,287.8,0.0,1,1.3,1.34,SPY190816P00278000,278.0,0,0.0,0.0,,0.0,normalDay
2019-08-07,3008.0,19.0,0.0,0,287.97,0.0,1,1.3,1.11,SPY190816P00278000,278.0,0,0.0,0.0,,0.0,normalDay
2019-08-08,3008.0,101.0,0.0,0,293.62,0.0,1,1.3,0.29,SPY190816P00278000,278.0,0,0.0,0.0,,0.0,normalDay
2019-08-09,3008.0,98.0,0.0,0,291.62,0.0,1,1.3,0.32,SPY190816P00278000,278.0,0,0.0,0.0,,0.0,normalDay
2019-08-12,3008.0,75.0,0.0,0,288.07,0.0,1,1.3,0.55,SPY190816P00278000,278.0,0,0.0,0.0,,0.0,normalDay
2019-08-13,3008.0,121.0,0.0,0,292.55,0.0,1,1.3,0.09,SPY190816P00278000,278.0,0,0.0,0.0,,0.0,normalDay
2019-08-14,3008.0,48.0,0.0,0,283.9,0.0,1,1.3,0.82,SPY190816P00278000,278.0,0,0.0,0.0,,0.0,normalDay
2019-08-15,3008.0,115.0,0.0,0,284.65,0.0,1,1.3,0.15,SPY190816P00278000,278.0,0,0.0,0.0,,0.0,normalDay
2019-08-16,3138.0,0.0,130.0,0,288.85,0.0,1,1.3,0.0,SPY190816P00278000,278.0,0,0.0,0.0,,0.0,expirationDay
2019-08-19,3138.0,-4.0,0.0,0,292.33,0.0,1,1.93,1.97,SPY190930P00274000,274.0,0,0.0,0.0,,0.0,normalDay
2019-08-20,3138.0,-48.0,0.0,0,290.09,0.0,1,1.93,2.41,SPY190930P00274000,274.0,0,0.0,0.0,,0.0,normalDay
2019-08-21,3138.0,33.0,0.0,0,292.45,0.0,1,1.93,1.6,SPY190930P00274000,274.0,0,0.0,0.0,,0.0,normalDay
2019-08-22,3138.0,14.0,0.0,0,292.36,0.0,1,1.93,1.79,SPY190930P00274000,274.0,0,0.0,0.0,,0.0,normalDay
2019-08-23,3138.0,-152.0,0.0,0,284.85,0.0,1,1.93,3.45,SPY190930P00274000,274.0,0,0.0,0.0,,0.0,normalDay
2019-08-26,3138.0,-70.0,0.0,0,288.0,0.0,1,1.93,2.63,SPY190930P00274000,274.0,0,0.0,0.0,,0.0,normalDay
2019-08-27,3138.0,-112.0,0.0,0,286.87,0.0,1,1.93,3.05,SPY190930P00274000,274.0,0,0.0,0.0,,0.0,normalDay
2019-08-28,3138.0,-45.0,0.0,0,288.89,0.0,1,1.93,2.38,SPY190930P00274000,274.0,0,0.0,0.0,,0.0,normalDay
2019-08-29,3138.0,29.0,0.0,0,292.58,0.0,1,1.93,1.64,SPY190930P00274000,274.0,0,0.0,0.0,,0.0,normalDay
2019-08-30,3138.0,20.0,0.0,0,292.45,0.0,1,1.93,1.73,SPY190930P00274000,274.0,0,0.0,0.0,,0.0,normalDay
2019-09-03,3138.0,11.0,0.0,0,290.74,0.0,1,1.93,1.82,SPY190930P00274000,274.0,0,0.0,0.0,,0.0,normalDay
2019-09-04,3138.0,92.0,0.0,0,294.04,0.0,1,1.93,1.01,SPY190930P00274000,274.0,0,0.0,0.0,,0.0,normalDay
2019-09-05,3138.0,128.0,0.0,0,297.82,0.0,1,1.93,0.65,SPY190930P00274000,274.0,0,0.0,0.0,,0.0,normalDay
2019-09-06,3138.0,149.0,0.0,0,298.05,0.0,1,1.93,0.44,SPY190930P00274000,274.0,0,0.0,0.0,,0.0,normalDay
2019-09-09,3138.0,154.0,0.0,0,298.2,0.0,1,1.93,0.39,SPY190930P00274000,274.0,0,0.0,0.0,,0.0,normalDay
2019-09-10,3138.0,158.0,0.0,0,298.13,0.0,1,1.93,0.35,SPY190930P00274000,274.0,0,0.0,0.0,,0.0,normalDay
2019-09-11,3138.0,169.0,0.0,0,300.25,0.0,1,1.93,0.24,SPY190930P00274000,274.0,0,0.0,0.0,,0.0,normalDay
2019-09-12,3138.0,173.0,0.0,0,301.29,0.0,1,1.93,0.2,SPY190930P00274000,274.0,0,0.0,0.0,,0.0,normalDay
2019-09-13,3138.0,176.0,0.0,0,301.09,0.0,1,1.93,0.17,SPY190930P00274000,274.0,0,0.0,0.0,,0.0,normalDay
2019-09-16,3138.0,177.0,0.0,0,300.16,0.0,1,1.93,0.16,SPY190930P00274000,274.0,0,0.0,0.0,,0.0,normalDay
2019-09-17,3138.0,178.0,0.0,0,300.92,0.0,1,1.93,0.15,SPY190930P00274000,274.0,0,0.0,0.0,,0.0,normalDay
2019-09-18,3138.0,181.0,0.0,0,301.1,0.0,1,1.93,0.12,SPY190930P00274000,274.0,0,0.0,0.0,,0.0,normalDay
2019-09-19,3138.0,182.0,0.0,0,301.08,0.0,1,1.93,0.11,SPY190930P00274000,274.0,0,0.0,0.0,,0.0,normalDay
2019-09-20,3138.0,183.0,0.0,0,298.28,0.0,1,1.93,0.1,SPY190930P00274000,274.0,0,0.0,0.0,,0.0,normalDay
2019-09-23,3138.0,189.0,0.0,0,298.21,0.0,1,1.93,0.04,SPY190930P00274000,274.0,0,0.0,0.0,,0.0,normalDay
2019-09-24,3138.0,184.0,0.0,0,295.87,0.0,1,1.93,0.09,SPY190930P00274000,274.0,0,0.0,0.0,,0.0,normalDay
2019-09-25,3138.0,189.0,0.0,0,297.62,0.0,1,1.93,0.04,SPY190930P00274000,274.0,0,0.0,0.0,,0.0,normalDay
2019-09-26,3138.0,191.0,0.0,0,297.0,0.0,1,1.93,0.02,SPY190930P00274000,274.0,0,0.0,0.0,,0.0,normalDay
2019-09-27,3138.0,191.0,0.0,0,295.4,0.0,1,1.93,0.02,SPY190930P00274000,274.0,0,0.0,0.0,,0.0,normalDay
2019-09-30,3331.0,0.0,193.0,0,296.77,0.0,1,1.93,0.0,SPY190930P00274000,274.0,0,0.0,0.0,,0.0,expirationDay
2019-10-01,3331.0,-4.0,0.0,0,293.24,0.0,1,5.74,5.78,SPY191115P00291000,291.0,0,0.0,0.0,,0.0,normalDay
2019-10-02,3331.0,-297.0,0.0,0,288.06,0.0,1,5.74,8.71,SPY191115P00291000,291.0,0,0.0,0.0,,0.0,normalDay
2019-10-03,3331.0,-128.0,0.0,0,290.42,0.0,1,5.74,7.02,SPY191115P00291000,291.0,0,0.0,0.0,,0.0,normalDay
2019-10-04,3331.0,83.0,0.0,0,294.35,0.0,1,5.74,4.91,SPY191115P00291000,291.0,0,0.0,0.0,,0.0,normalDay
2019-10-07,3331.0,40.0,0.0,0,293.08,0.0,1,5.74,5.34,SPY191115P00291000,291.0,0,0.0,0.0,,0.0,normalDay
2019-10-08,3331.0,-192.0,0.0,0,288.53,0.0,1,5.74,7.66,SPY191115P00291000,291.0,0,0.0,0.0,,0.0,normalDay
2019-10-09,3331.0,-36.0,0.0,0,291.27,0.0,1,5.74,6.1,SPY191115P00291000,291.0,0,0.0,0.0,,0.0,normalDay
2019-10-10,3331.0,82.0,0.0,0,293.24,0.0,1,5.74,4.92,SPY191115P00291000,291.0,0,0.0,0.0,,0.0,normalDay
2019-10-11,3331.0,240.0,0.0,0,296.28,0.0,1,5.74,3.34,SPY191115P00291000,291.0,0,0.0,0.0,,0.0,normalDay
2019-10-14,3331.0,271.0,0.0,0,295.95,0.0,1,5.74,3.03,SPY191115P00291000,291.0,0,0.0,0.0,,0.0,normalDay
2019-10-15,3331.0,377.0,0.0,0,298.88,0.0,1,5.74,1.97,SPY191115P00291000,291.0,0,0.0,0.0,,0.0,normalDay
2019-10-16,3331.0,374.0,0.0,0,298.4,0.0,1,5.74,2.0,SPY191115P00291000,291.0,0,0.0,0.0,,0.0,normalDay
2019-10-17,3331.0,392.0,0.0,0,299.28,0.0,1,5.74,1.82,SPY191115P00291000,291.0,0,0.0,0.0,,0.0,normalDay
2019-10-18,3331.0,370.0,0.0,0,297.97,0.0,1,5.74,2.04,SPY191115P00291000,291.0,0,0.0,0.0,,0.0,normalDay
2019-10-21,3331.0,434.0,0.0,0,299.99,0.0,1,5.74,1.4,SPY191115P00291000,291.0,0,0.0,0.0,,0.0,normalDay
2019-10-22,3331.0,415.0,0.0,0,299.01,0.0,1,5.74,1.59,SPY191115P00291000,291.0,0,0.0,0.0,,0.0,normalDay
2019-10-23,3331.0,448.0,0.0,0,299.88,0.0,1,5.74,1.26,SPY191115P00291000,291.0,0,0.0,0.0,,0.0,normalDay
2019-10-24,3331.0,464.0,0.0,0,300.37,0.0,1,5.74,1.1,SPY191115P00291000,291.0,0,0.0,0.0,,0.0,normalDay
2019-10-25,3331.0,499.0,0.0,0,301.6,0.0,1,5.74,0.75,SPY191115P00291000,291.0,0,0.0,0.0,,0.0,normalDay
2019-10-28,3331.0,519.0,0.0,0,303.3,0.0,1,5.74,0.55,SPY191115P00291000,291.0,0,0.0,0.0,,0.0,normalDay
2019-10-29,3331.0,521.0,0.0,0,303.21,0.0,1,5.74,0.53,SPY191115P00291000,291.0,0,0.0,0.0,,0.0,normalDay
2019-10-30,3331.0,538.0,0.0,0,304.14,0.0,1,5.74,0.36,SPY191115P00291000,291.0,0,0.0,0.0,,0.0,normalDay
2019-10-31,3331.0,526.0,0.0,0,303.33,0.0,1,5.74,0.48,SPY191115P00291000,291.0,0,0.0,0.0,,0.0,normalDay
2019-11-01,3331.0,553.0,0.0,0,306.14,0.0,1,5.74,0.21,SPY191115P00291000,291.0,0,0.0,0.0,,0.0,normalDay
2019-11-04,3331.0,559.0,0.0,0,307.37,0.0,1,5.74,0.15,SPY191115P00291000,291.0,0,0.0,0.0,,0.0,normalDay
2019-11-05,3331.0,561.0,0.0,0,307.03,0.0,1,5.74,0.13,SPY191115P00291000,291.0,0,0.0,0.0,,0.0,normalDay
2019-11-06,3331.0,567.0,0.0,0,307.1,0.0,1,5.74,0.07,SPY191115P00291000,291.0,0,0.0,0.0,,0.0,normalDay
2019-11-07,3331.0,569.0,0.0,0,308.18,0.0,1,5.74,0.05,SPY191115P00291000,291.0,0,0.0,0.0,,0.0,normalDay
2019-11-08,3331.0,571.0,0.0,0,308.94,0.0,1,5.74,0.03,SPY191115P00291000,291.0,0,0.0,0.0,,0.0,normalDay
2019-11-11,3331.0,572.0,0.0,0,308.35,0.0,1,5.74,0.02,SPY191115P00291000,291.0,0,0.0,0.0,,0.0,normalDay
2019-11-12,3331.0,572.0,0.0,0,309.0,0.0,1,5.74,0.02,SPY191115P00291000,291.0,0,0.0,0.0,,0.0,normalDay
2019-11-13,3331.0,572.0,0.0,0,309.1,0.0,1,5.74,0.02,SPY191115P00291000,291.0,0,0.0,0.0,,0.0,normalDay
2019-11-14,3331.0,573.0,0.0,0,309.55,0.0,1,5.74,0.01,SPY191115P00291000,291.0,0,0.0,0.0,,0.0,normalDay
2019-11-15,3905.0,0.0,574.0,0,311.79,0.0,1,5.74,0.0,SPY191115P00291000,291.0,0,0.0,0.0,,0.0,expirationDay
2019-11-18,3905.0,-4.0,0.0,0,312.02,0.0,1,1.28,1.32,SPY191231P00294000,294.0,0,0.0,0.0,,0.0,normalDay
2019-11-19,3905.0,-10.0,0.0,0,311.93,0.0,1,1.28,1.38,SPY191231P00294000,294.0,0,0.0,0.0,,0.0,normalDay
2019-11-20,3905.0,-22.0,0.0,0,310.77,0.0,1,1.28,1.5,SPY191231P00294000,294.0,0,0.0,0.0,,0.0,normalDay
2019-11-21,3905.0,-25.0,0.0,0,310.27,0.0,1,1.28,1.53,SPY191231P00294000,294.0,0,0.0,0.0,,0.0,normalDay
2019-11-22,3905.0,-2.0,0.0,0,310.96,0.0,1,1.28,1.3,SPY191231P00294000,294.0,0,0.0,0.0,,0.0,normalDay
2019-11-25,3905.0,39.0,0.0,0,313.37,0.0,1,1.28,0.89,SPY191231P00294000,294.0,0,0.0,0.0,,0.0,normalDay
2019-11-26,3905.0,52.0,0.0,0,314.08,0.0,1,1.28,0.76,SPY191231P00294000,294.0,0,0.0,0.0,,0.0,normalDay
2019-11-27,3905.0,62.0,0.0,0,315.48,0.0,1,1.28,0.66,SPY191231P00294000,294.0,0,0.0,0.0,,0.0,normalDay
2019-11-29,3905.0,48.0,0.0,0,314.31,0.0,1,1.28,0.8,SPY191231P00294000,294.0,0,0.0,0.0,,0.0,normalDay
2019-12-02,3905.0,4.0,0.0,0,311.64,0.0,1,1.28,1.24,SPY191231P00294000,294.0,0,0.0,0.0,,0.0,normalDay
2019-12-03,3905.0,-32.0,0.0,0,309.55,0.0,1,1.28,1.6,SPY191231P00294000,294.0,0,0.0,0.0,,0.0,normalDay
2019-12-04,3905.0,9.0,0.0,0,311.46,0.0,1,1.28,1.19,SPY191231P00294000,294.0,0,0.0,0.0,,0.0,normalDay
2019-12-05,3905.0,30.0,0.0,0,312.02,0.0,1,1.28,0.98,SPY191231P00294000,294.0,0,0.0,0.0,,0.0,normalDay
2019-12-06,3905.0,63.0,0.0,0,314.87,0.0,1,1.28,0.65,SPY191231P00294000,294.0,0,0.0,0.0,,0.0,normalDay
2019-12-09,3905.0,43.0,0.0,0,313.88,0.0,1,1.28,0.85,SPY191231P00294000,294.0,0,0.0,0.0,,0.0,normalDay
2019-12-10,3905.0,51.0,0.0,0,313.53,0.0,1,1.28,0.77,SPY191231P00294000,294.0,0,0.0,0.0,,0.0,normalDay
2019-12-11,3905.0,70.0,0.0,0,314.42,0.0,1,1.28,0.58,SPY191231P00294000,294.0,0,0.0,0.0,,0.0,normalDay
2019-12-12,3905.0,90.0,0.0,0,317.13,0.0,1,1.28,0.38,SPY191231P00294000,294.0,0,0.0,0.0,,0.0,normalDay
2019-12-13,3905.0,99.0,0.0,0,317.32,0.0,1,1.28,0.29,SPY191231P00294000,294.0,0,0.0,0.0,,0.0,normalDay
2019-12-16,3905.0,109.0,0.0,0,319.5,0.0,1,1.28,0.19,SPY191231P00294000,294.0,0,0.0,0.0,,0.0,normalDay
2019-12-17,3905.0,112.0,0.0,0,319.57,0.0,1,1.28,0.16,SPY191231P00294000,294.0,0,0.0,0.0,,0.0,normalDay
2019-12-18,3905.0,116.0,0.0,0,319.59,0.0,1,1.28,0.12,SPY191231P00294000,294.0,0,0.0,0.0,,0.0,normalDay
2019-12-19,3905.0,119.0,0.0,0,320.9,0.0,1,1.28,0.09,SPY191231P00294000,294.0,0,0.0,0.0,,0.0,normalDay
2019-12-20,3905.0,121.0,0.0,0,320.73,0.0,1,1.28,0.07,SPY191231P00294000,294.0,0,0.0,0.0,,0.0,normalDay
2019-12-23,3905.0,124.0,0.0,0,321.22,0.0,1,1.28,0.04,SPY191231P00294000,294.0,0,0.0,0.0,,0.0,normalDay
2019-12-24,3905.0,125.0,0.0,0,321.23,0.0,1,1.28,0.03,SPY191231P00294000,294.0,0,0.0,0.0,,0.0,normalDay
2019-12-26,3905.0,126.0,0.0,0,322.94,0.0,1,1.28,0.02,SPY191231P00294000,294.0,0,0.0,0.0,,0.0,normalDay
2019-12-27,3905.0,127.0,0.0,0,322.86,0.0,1,1.28,0.01,SPY191231P00294000,294.0,0,0.0,0.0,,0.0,normalDay
2019-12-30,3905.0,127.0,0.0,0,321.08,0.0,1,1.28,0.01,SPY191231P00294000,294.0,0,0.0,0.0,,0.0,normalDay
2019-12-31,4033.0,0.0,128.0,0,321.86,0.0,1,1.28,0.0,SPY191231P00294000,294.0,0,0.0,0.0,,0.0,expirationDay
2020-01-02,4033.0,-3.0,0.0,0,324.87,0.0,1,1.51,1.54,SPY200221P00306000,306.0,0,0.0,0.0,,0.0,normalDay
2020-01-03,4033.0,-58.0,0.0,0,322.41,0.0,1,1.51,2.09,SPY200221P00306000,306.0,0,0.0,0.0,,0.0,normalDay
2020-01-06,4033.0,-21.0,0.0,0,323.64,0.0,1,1.51,1.72,SPY200221P00306000,306.0,0,0.0,0.0,,0.0,normalDay
2020-01-07,4033.0,-31.0,0.0,0,322.73,0.0,1,1.51,1.82,SPY200221P00306000,306.0,0,0.0,0.0,,0.0,normalDay
2020-01-08,4033.0,4.0,0.0,0,324.45,0.0,1,1.51,1.47,SPY200221P00306000,306.0,0,0.0,0.0,,0.0,normalDay
2020-01-09,4033.0,37.0,0.0,0,326.65,0.0,1,1.51,1.14,SPY200221P00306000,306.0,0,0.0,0.0,,0.0,normalDay
2020-01-10,4033.0,32.0,0.0,0,325.71,0.0,1,1.51,1.19,SPY200221P00306000,306.0,0,0.0,0.0,,0.0,normalDay
2020-01-13,4033.0,64.0,0.0,0,327.95,0.0,1,1.51,0.87,SPY200221P00306000,306.0,0,0.0,0.0,,0.0,normalDay
2020-01-14,4033.0,67.0,0.0,0,327.45,0.0,1,1.51,0.84,SPY200221P00306000,306.0,0,0.0,0.0,,0.0,normalDay
2020-01-15,4033.0,74.0,0.0,0,328.19,0.0,1,1.51,0.77,SPY200221P00306000,306.0,0,0.0,0.0,,0.0,normalDay
2020-01-16,4033.0,88.0,0.0,0,330.92,0.0,1,1.51,0.63,SPY200221P00306000,306.0,0,0.0,0.0,,0.0,normalDay
2020-01-17,4033.0,96.0,0.0,0,331.95,0.0,1,1.51,0.55,SPY200221P00306000,306.0,0,0.0,0.0,,0.0,normalDay
2020-01-21,4033.0,97.0,0.0,0,331.3,0.0,1,1.51,0.54,SPY200221P00306000,306.0,0,0.0,0.0,,0.0,normalDay
2020-01-22,4033.0,99.0,0.0,0,331.34,0.0,1,1.51,0.52,SPY200221P00306000,306.0,0,0.0,0.0,,0.0,normalDay
2020-01-23,4033.0,100.0,0.0,0,331.72,0.0,1,1.51,0.51,SPY200221P00306000,306.0,0,0.0,0.0,,0.0,normalDay
2020-01-24,4033.0,76.0,0.0,0,328.77,0.0,1,1.51,0.75,SPY200221P00306000,306.0,0,0.0,0.0,,0.0,normalDay
2020-01-27,4033.0,-7.0,0.0,0,323.5,0.0,1,1.51,1.58,SPY200221P00306000,306.0,0,0.0,0.0,,0.0,normalDay
2020-01-28,4033.0,62.0,0.0,0,326.89,0.0,1,1.51,0.89,SPY200221P00306000,306.0,0,0.0,0.0,,0.0,normalDay
2020-01-29,4033.0,65.0,0.0,0,326.62,0.0,1,1.51,0.86,SPY200221P00306000,306.0,0,0.0,0.0,,0.0,normalDay
2020-01-30,4033.0,95.0,0.0,0,327.68,0.0,1,1.51,0.56,SPY200221P00306000,306.0,0,0.0,0.0,,0.0,normalDay
2020-01-31,4033.0,11.0,0.0,0,321.73,0.0,1,1.51,1.4,SPY200221P00306000,306.0,0,0.0,0.0,,0.0,normalDay
2020-02-03,4033.0,61.0,0.0,0,324.12,0.0,1,1.51,0.9,SPY200221P00306000,306.0,0,0.0,0.0,,0.0,normalDay
2020-02-04,4033.0,117.0,0.0,0,329.06,0.0,1,1.51,0.34,SPY200221P00306000,306.0,0,0.0,0.0,,0.0,normalDay
2020-02-05,4033.0,132.0,0.0,0,332.86,0.0,1,1.51,0.19,SPY200221P00306000,306.0,0,0.0,0.0,,0.0,normalDay
2020-02-06,4033.0,133.0,0.0,0,333.98,0.0,1,1.51,0.18,SPY200221P00306000,306.0,0,0.0,0.0,,0.0,normalDay
2020-02-07,4033.0,133.0,0.0,0,332.2,0.0,1,1.51,0.18,SPY200221P00306000,306.0,0,0.0,0.0,,0.0,normalDay
2020-02-10,4033.0,140.0,0.0,0,334.68,0.0,1,1.51,0.11,SPY200221P00306000,306.0,0,0.0,0.0,,0.0,normalDay
2020-02-11,4033.0,142.0,0.0,0,335.26,0.0,1,1.51,0.09,SPY200221P00306000,306.0,0,0.0,0.0,,0.0,normalDay
2020-02-12,4033.0,147.0,0.0,0,337.42,0.0,1,1.51,0.04,SPY200221P00306000,306.0,0,0.0,0.0,,0.0,normalDay
2020-02-13,4033.0,147.0,0.0,0,337.06,0.0,1,1.51,0.04,SPY200221P00306000,306.0,0,0.0,0.0,,0.0,normalDay
2020-02-14,4033.0,148.0,0.0,0,337.6,0.0,1,1.51,0.03,SPY200221P00306000,306.0,0,0.0,0.0,,0.0,normalDay
2020-02-18,4033.0,149.0,0.0,0,336.73,0.0,1,1.51,0.02,SPY200221P00306000,306.0,0,0.0,0.0,,0.0,normalDay
2020-02-19,4033.0,150.0,0.0,0,338.34,0.0,1,1.51,0.01,SPY200221P00306000,306.0,0,0.0,0.0,,0.0,normalDay
2020-02-20,4033.0,150.0,0.0,0,336.95,0.0,1,1.51,0.01,SPY200221P00306000,306.0,0,0.0,0.0,,0.0,normalDay
2020-02-21,4184.0,0.0,151.0,0,333.48,0.0,1,1.51,0.0,SPY200221P00306000,306.0,0,0.0,0.0,,0.0,expirationDay
2020-02-24,4184.0,-6.0,0.0,0,322.42,0.0,1,7.19,7.25,SPY200417P00314000,314.0,0,0.0,0.0,,0.0,normalDay
2020-02-25,4184.0,-391.0,0.0,0,312.65,0.0,1,7.19,11.1,SPY200417P00314000,314.0,0,0.0,0.0,,0.0,normalDay
2020-02-26,4184.0,-468.0,0.0,0,311.5,0.0,1,7.19,11.87,SPY200417P00314000,314.0,0,0.0,0.0,,0.0,normalDay
2020-02-27,4184.0,-1488.0,0.0,0,297.51,0.0,1,7.19,22.07,SPY200417P00314000,314.0,0,0.0,0.0,,0.0,normalDay
2020-02-28,4184.0,-1597.0,0.0,0,296.26,0.0,1,7.19,23.16,SPY200417P00314000,314.0,0,0.0,0.0,,0.0,normalDay
2020-03-02,4184.0,-654.0,0.0,0,309.09,0.0,1,7.19,13.73,SPY200417P00314000,314.0,0,0.0,0.0,,0.0,normalDay
2020-03-03,4184.0,-1164.0,0.0,0,300.24,0.0,1,7.19,18.83,SPY200417P00314000,314.0,0,0.0,0.0,,0.0,normalDay
2020-03-04,4184.0,-515.0,0.0,0,312.86,0.0,1,7.19,12.34,SPY200417P00314000,314.0,0,0.0,0.0,,0.0,normalDay
2020-03-05,4184.0,-1232.0,0.0,0,302.46,0.0,1,7.19,19.51,SPY200417P00314000,314.0,0,0.0,0.0,,0.0,normalDay
2020-03-06,4184.0,-1617.0,0.0,0,297.46,0.0,1,7.19,23.36,SPY200417P00314000,314.0,0,0.0,0.0,,0.0,normalDay
2020-03-09,4184.0,-3617.0,0.0,0,274.23,0.0,1,7.19,43.36,SPY200417P00314000,314.0,0,0.0,0.0,,0.0,normalDay
2020-03-10,4184.0,-2328.0,0.0,0,288.42,0.0,1,7.19,30.47,SPY200417P00314000,314.0,0,0.0,0.0,,0.0,normalDay
2020-03-11,4184.0,-3543.0,0.0,0,274.36,0.0,1,7.19,42.62,SPY200417P00314000,314.0,0,0.0,0.0,,0.0,normalDay
2020-03-12,4184.0,-6051.0,0.0,0,248.11,0.0,1,7.19,67.7,SPY200417P00314000,314.0,0,0.0,0.0,,0.0,normalDay
2020-03-13,4184.0,-4039.0,0.0,0,269.32,0.0,1,7.19,47.58,SPY200417P00314000,314.0,0,0.0,0.0,,0.0,normalDay
2020-03-16,4184.0,-6581.0,0.0,0,239.85,0.0,1,7.19,73.0,SPY200417P00314000,314.0,0,0.0,0.0,,0.0,normalDay
2020-03-17,4184.0,-5738.0,0.0,0,252.8,0.0,1,7.19,64.57,SPY200417P00314000,314.0,0,0.0,0.0,,0.0,normalDay
2020-03-18,4184.0,-6832.0,0.0,0,240.0,0.0,1,7.19,75.51,SPY200417P00314000,314.0,0,0.0,0.0,,0.0,normalDay
2020-03-19,4184.0,-6838.0,0.0,0,240.51,0.0,1,7.19,75.57,SPY200417P00314000,314.0,0,0.0,0.0,,0.0,normalDay
2020-03-20,4184.0,-7792.0,0.0,0,228.8,0.0,1,7.19,85.11,SPY200417P00314000,314.0,0,0.0,0.0,,0.0,normalDay
2020-03-23,4184.0,-8591.0,0.0,0,222.95,0.0,1,7.19,93.1,SPY200417P00314000,314.0,0,0.0,0.0,,0.0,normalDay
2020-03-24,4184.0,-6466.0,0.0,0,243.15,0.0,1,7.19,71.85,SPY200417P00314000,314.0,0,0.0,0.0,,0.0,normalDay
2020-03-25,4184.0,-6004.0,0.0,0,246.79,0.0,1,7.19,67.23,SPY200417P00314000,314.0,0,0.0,0.0,,0.0,normalDay
2020-03-26,4184.0,-4653.0,0.0,0,261.2,0.0,1,7.19,53.72,SPY200417P00314000,314.0,0,0.0,0.0,,0.0,normalDay
2020-03-27,4184.0,-5431.0,0.0,0,253.42,0.0,1,7.19,61.5,SPY200417P00314000,314.0,0,0.0,0.0,,0.0,normalDay
2020-03-30,4184.0,-4639.0,0.0,0,261.65,0.0,1,7.19,53.58,SPY200417P00314000,314.0,0,0.0,0.0,,0.0,normalDay
2020-03-31,4184.0,-5036.0,0.0,0,257.75,0.0,1,7.19,57.55,SPY200417P00314000,314.0,0,0.0,0.0,,0.0,normalDay
2020-04-01,4184.0,-6116.0,0.0,0,246.15,0.0,1,7.19,68.35,SPY200417P00314000,314.0,0,0.0,0.0,,0.0,normalDay
2020-04-02,4184.0,-5452.0,0.0,0,251.83,0.0,1,7.19,61.71,SPY200417P00314000,314.0,0,0.0,0.0,,0.0,normalDay
2020-04-03,4184.0,-5858.0,0.0,0,248.19,0.0,1,7.19,65.77,SPY200417P00314000,314.0,0,0.0,0.0,,0.0,normalDay
2020-04-06,4184.0,-4190.0,0.0,0,264.86,0.0,1,7.19,49.09,SPY200417P00314000,314.0,0,0.0,0.0,,0.0,normalDay
2020-04-07,4184.0,-4292.0,0.0,0,265.13,0.0,1,7.19,50.11,SPY200417P00314000,314.0,0,0.0,0.0,,0.0,normalDay
2020-04-08,4184.0,-3303.0,0.0,0,274.03,0.0,1,7.19,40.22,SPY200417P00314000,314.0,0,0.0,0.0,,0.0,normalDay
2020-04-09,4184.0,-2890.0,0.0,0,278.2,0.0,1,7.19,36.09,SPY200417P00314000,314.0,0,0.0,0.0,,0.0,normalDay
2020-04-13,4184.0,-3130.0,0.0,0,275.66,0.0,1,7.19,38.49,SPY200417P00314000,314.0,0,0.0,0.0,,0.0,normalDay
2020-04-14,4184.0,-2293.0,0.0,0,283.79,0.0,1,7.19,30.12,SPY200417P00314000,314.0,0,0.0,0.0,,0.0,normalDay
2020-04-15,4184.0,-2927.0,0.0,0,277.76,0.0,1,7.19,36.46,SPY200417P00314000,314.0,0,0.0,0.0,,0.0,normalDay
2020-04-16,4184.0,-2774.0,0.0,0,279.1,0.0,1,7.19,34.93,SPY200417P00314000,314.0,0,0.0,0.0,,0.0,normalDay
2020-04-17,4903.0,-2736.0,719.0,100,286.64,314.0,1,7.19,0.0,SPY200417P00314000,314.0,0,0.0,0.0,,0.0,expirationDay
2020-04-20,4903.0,-3307.0,0.0,100,281.59,314.0,0,0.0,0.0,,0.0,1,22.95,23.61,SPY201120C00288000,288.0,normalDay
2020-04-21,4903.0,-3811.0,0.0,100,273.04,314.0,0,0.0,0.0,,0.0,1,22.95,20.1,SPY201120C00288000,288.0,normalDay
2020-04-22,4903.0,-3445.0,0.0,100,279.1,314.0,0,0.0,0.0,,0.0,1,22.95,22.5,SPY201120C00288000,288.0,normalDay
2020-04-23,4903.0,-3426.0,0.0,100,279.08,314.0,0,0.0,0.0,,0.0,1,22.95,22.29,SPY201120C00288000,288.0,normalDay
2020-04-24,4903.0,-3134.0,0.0,100,282.97,314.0,0,0.0,0.0,,0.0,1,22.95,23.26,SPY201120C00288000,288.0,normalDay
2020-04-27,4903.0,-2835.0,0.0,100,287.05,314.0,0,0.0,0.0,,0.0,1,22.95,24.35,SPY201120C00288000,288.0,normalDay
2020-04-28,4903.0,-2882.0,0.0,100,285.73,314.0,0,0.0,0.0,,0.0,1,22.95,23.5,SPY201120C00288000,288.0,normalDay
2020-04-29,4903.0,-2501.0,0.0,100,293.21,314.0,0,0.0,0.0,,0.0,1,22.95,27.17,SPY201120C00288000,288.0,normalDay
2020-04-30,4903.0,-2593.0,0.0,100,290.48,314.0,0,0.0,0.0,,0.0,1,22.95,25.36,SPY201120C00288000,288.0,normalDay
2020-05-01,4903.0,-3049.0,0.0,100,282.79,314.0,0,0.0,0.0,,0.0,1,22.95,22.23,SPY201120C00288000,288.0,normalDay
2020-05-04,4903.0,-2939.0,0.0,100,283.57,314.0,0,0.0,0.0,,0.0,1,22.95,21.91,SPY201120C00288000,288.0,normalDay
2020-05-05,4903.0,-2816.0,0.0,100,286.19,314.0,0,0.0,0.0,,0.0,1,22.95,23.3,SPY201120C00288000,288.0,normalDay
2020-05-06,4903.0,-2884.0,0.0,100,284.25,314.0,0,0.0,0.0,,0.0,1,22.95,22.04,SPY201120C00288000,288.0,normalDay
2020-05-07,4903.0,-2718.0,0.0,100,287.68,314.0,0,0.0,0.0,,0.0,1,22.95,23.81,SPY201120C00288000,288.0,normalDay
2020-05-08,4903.0,-2430.0,0.0,100,292.44,314.0,0,0.0,0.0,,0.0,1,22.95,25.69,SPY201120C00288000,288.0,normalDay
2020-05-11,4903.0,-2394.0,0.0,100,292.5,314.0,0,0.0,0.0,,0.0,1,22.95,25.39,SPY201120C00288000,288.0,normalDay
2020-05-12,4903.0,-2594.0,0.0,100,286.67,314.0,0,0.0,0.0,,0.0,1,22.95,21.56,SPY201120C00288000,288.0,normalDay
2020-05-13,4903.0,-2967.0,0.0,100,281.6,314.0,0,0.0,0.0,,0.0,1,22.95,20.22,SPY201120C00288000,288.0,normalDay
2020-05-14,4903.0,-2772.0,0.0,100,284.97,314.0,0,0.0,0.0,,0.0,1,22.95,21.64,SPY201120C00288000,288.0,normalDay
2020-05-15,4903.0,-2600.0,0.0,100,286.28,314.0,0,0.0,0.0,,0.0,1,22.95,21.23,SPY201120C00288000,288.0,normalDay
2020-05-18,4903.0,-2203.0,0.0,100,295.0,314.0,0,0.0,0.0,,0.0,1,22.95,25.98,SPY201120C00288000,288.0,normalDay
2020-05-19,4903.0,-2362.0,0.0,100,291.97,314.0,0,0.0,0.0,,0.0,1,22.95,24.54,SPY201120C00288000,288.0,normalDay
2020-05-20,4903.0,-2122.0,0.0,100,296.93,314.0,0,0.0,0.0,,0.0,1,22.95,27.1,SPY201120C00288000,288.0,normalDay
2020-05-21,4903.0,-2198.0,0.0,100,294.88,314.0,0,0.0,0.0,,0.0,1,22.95,25.81,SPY201120C00288000,288.0,normalDay
2020-05-22,4903.0,-2181.0,0.0,100,295.44,314.0,0,0.0,0.0,,0.0,1,22.95,26.2,SPY201120C00288000,288.0,normalDay
2020-05-26,4903.0,-2010.0,0.0,100,299.08,314.0,0,0.0,0.0,,0.0,1,22.95,28.13,SPY201120C00288000,288.0,normalDay
2020-05-27,4903.0,-1823.0,0.0,100,303.53,314.0,0,0.0,0.0,,0.0,1,22.95,30.71,SPY201120C00288000,288.0,normalDay
2020-05-28,4903.0,-1908.0,0.0,100,302.97,314.0,0,0.0,0.0,,0.0,1,22.95,31.0,SPY201120C00288000,288.0,normalDay
2020-05-29,4903.0,-1837.0,0.0,100,304.32,314.0,0,0.0,0.0,,0.0,1,22.95,31.64,SPY201120C00288000,288.0,normalDay
2020-06-01,4903.0,-1733.0,0.0,100,305.55,314.0,0,0.0,0.0,,0.0,1,22.95,31.83,SPY201120C00288000,288.0,normalDay
2020-06-02,4903.0,-1616.0,0.0,100,308.08,314.0,0,0.0,0.0,,0.0,1,22.95,33.19,SPY201120C00288000,288.0,normalDay
2020-06-03,4903.0,-1495.0,0.0,100,312.18,314.0,0,0.0,0.0,,0.0,1,22.95,36.08,SPY201120C00288000,288.0,normalDay
2020-06-04,4903.0,-1519.0,0.0,100,311.36,314.0,0,0.0,0.0,,0.0,1,22.95,35.5,SPY201120C00288000,288.0,normalDay
2020-06-05,4903.0,-1263.0,0.0,100,319.34,314.0,0,0.0,0.0,,0.0,1,22.95,40.92,SPY201120C00288000,288.0,normalDay
2020-06-08,4903.0,-1156.0,0.0,100,323.2,314.0,0,0.0,0.0,,0.0,1,22.95,43.71,SPY201120C00288000,288.0,normalDay
2020-06-09,4903.0,-1369.0,0.0,100,320.79,314.0,0,0.0,0.0,,0.0,1,22.95,43.43,SPY201120C00288000,288.0,normalDay
2020-06-10,4903.0,-1334.0,0.0,100,319.0,314.0,0,0.0,0.0,,0.0,1,22.95,41.29,SPY201120C00288000,288.0,normalDay
2020-06-11,4903.0,-2298.0,0.0,100,300.61,314.0,0,0.0,0.0,,0.0,1,22.95,32.54,SPY201120C00288000,288.0,normalDay
2020-06-12,4903.0,-2002.0,0.0,100,304.21,314.0,0,0.0,0.0,,0.0,1,22.95,33.18,SPY201120C00288000,288.0,normalDay
2020-06-15,4903.0,-1887.0,0.0,100,307.05,314.0,0,0.0,0.0,,0.0,1,22.95,34.87,SPY201120C00288000,288.0,normalDay
2020-06-16,4903.0,-1697.0,0.0,100,312.96,314.0,0,0.0,0.0,,0.0,1,22.95,38.88,SPY201120C00288000,288.0,normalDay
2020-06-17,4903.0,-1778.0,0.0,100,311.66,314.0,0,0.0,0.0,,0.0,1,22.95,38.39,SPY201120C00288000,288.0,normalDay
2020-06-18,4903.0,-1737.0,0.0,100,311.78,314.0,0,0.0,0.0,,0.0,1,22.95,38.1,SPY201120C00288000,288.0,normalDay
2020-06-19,4903.0,-1867.0,0.0,100,308.64,314.0,0,0.0,0.0,,0.0,1,22.95,36.26,SPY201120C00288000,288.0,normalDay
2020-06-22,4903.0,-1774.0,0.0,100,310.62,314.0,0,0.0,0.0,,0.0,1,22.95,37.31,SPY201120C00288000,288.0,normalDay
2020-06-23,4903.0,-1692.0,0.0,100,312.05,314.0,0,0.0,0.0,,0.0,1,22.95,37.92,SPY201120C00288000,288.0,normalDay
2020-06-24,4903.0,-2031.0,0.0,100,304.09,314.0,0,0.0,0.0,,0.0,1,22.95,33.35,SPY201120C00288000,288.0,normalDay
2020-06-25,4903.0,-1838.0,0.0,100,307.35,314.0,0,0.0,0.0,,0.0,1,22.95,34.68,SPY201120C00288000,288.0,normalDay
2020-06-26,4903.0,-2167.0,0.0,100,300.05,314.0,0,0.0,0.0,,0.0,1,22.95,30.67,SPY201120C00288000,288.0,normalDay
2020-06-29,4903.0,-1881.0,0.0,100,304.46,314.0,0,0.0,0.0,,0.0,1,22.95,32.22,SPY201120C00288000,288.0,normalDay
2020-06-30,4903.0,-1678.0,0.0,100,308.36,314.0,0,0.0,0.0,,0.0,1,22.95,34.09,SPY201120C00288000,288.0,normalDay
2020-07-01,4903.0,-1580.0,0.0,100,310.52,314.0,0,0.0,0.0,,0.0,1,22.95,35.27,SPY201120C00288000,288.0,normalDay
2020-07-02,4903.0,-1544.0,0.0,100,312.23,314.0,0,0.0,0.0,,0.0,1,22.95,36.62,SPY201120C00288000,288.0,normalDay
2020-07-06,4903.0,-1379.0,0.0,100,317.05,314.0,0,0.0,0.0,,0.0,1,22.95,39.79,SPY201120C00288000,288.0,normalDay
2020-07-07,4903.0,-1509.0,0.0,100,313.78,314.0,0,0.0,0.0,,0.0,1,22.95,37.82,SPY201120C00288000,288.0,normalDay
2020-07-08,4903.0,-1417.0,0.0,100,316.18,314.0,0,0.0,0.0,,0.0,1,22.95,39.3,SPY201120C00288000,288.0,normalDay
2020-07-09,4903.0,-1481.0,0.0,100,314.38,314.0,0,0.0,0.0,,0.0,1,22.95,38.14,SPY201120C00288000,288.0,normalDay
2020-07-10,4903.0,-1383.0,0.0,100,317.59,314.0,0,0.0,0.0,,0.0,1,22.95,40.37,SPY201120C00288000,288.0,normalDay
2020-07-13,4903.0,-1541.0,0.0,100,314.84,314.0,0,0.0,0.0,,0.0,1,22.95,39.2,SPY201120C00288000,288.0,normalDay
2020-07-14,4903.0,-1342.0,0.0,100,318.92,314.0,0,0.0,0.0,,0.0,1,22.95,41.29,SPY201120C00288000,288.0,normalDay
2020-07-15,4903.0,-1280.0,0.0,100,321.85,314.0,0,0.0,0.0,,0.0,1,22.95,43.6,SPY201120C00288000,288.0,normalDay
2020-07-16,4903.0,-1200.0,0.0,100,320.79,314.0,0,0.0,0.0,,0.0,1,22.95,41.74,SPY201120C00288000,288.0,normalDay
2020-07-17,4903.0,-1225.0,0.0,100,321.72,314.0,0,0.0,0.0,,0.0,1,22.95,42.92,SPY201120C00288000,288.0,normalDay
2020-07-20,4903.0,-1106.0,0.0,100,324.32,314.0,0,0.0,0.0,,0.0,1,22.95,44.33,SPY201120C00288000,288.0,normalDay
2020-07-21,4903.0,-1090.0,0.0,100,325.01,314.0,0,0.0,0.0,,0.0,1,22.95,44.86,SPY201120C00288000,288.0,normalDay
2020-07-22,4903.0,-1012.0,0.0,100,326.86,314.0,0,0.0,0.0,,0.0,1,22.95,45.93,SPY201120C00288000,288.0,normalDay
2020-07-23,4903.0,-1068.0,0.0,100,322.96,314.0,0,0.0,0.0,,0.0,1,22.95,42.59,SPY201120C00288000,288.0,normalDay
2020-07-24,4903.0,-1156.0,0.0,100,320.88,314.0,0,0.0,0.0,,0.0,1,22.95,41.39,SPY201120C00288000,288.0,normalDay
2020-07-27,4903.0,-1071.0,0.0,100,323.22,314.0,0,0.0,0.0,,0.0,1,22.95,42.88,SPY201120C00288000,288.0,normalDay
2020-07-28,4903.0,-1111.0,0.0,100,321.17,314.0,0,0.0,0.0,,0.0,1,22.95,41.23,SPY201120C00288000,288.0,normalDay
2020-07-29,4903.0,-1000.0,0.0,100,325.12,314.0,0,0.0,0.0,,0.0,1,22.95,44.07,SPY201120C00288000,288.0,normalDay
2020-07-30,4903.0,-1082.0,0.0,100,323.96,314.0,0,0.0,0.0,,0.0,1,22.95,43.73,SPY201120C00288000,288.0,normalDay
2020-07-31,4903.0,-1027.0,0.0,100,326.52,314.0,0,0.0,0.0,,0.0,1,22.95,45.74,SPY201120C00288000,288.0,normalDay
2020-08-03,4903.0,-937.0,0.0,100,328.79,314.0,0,0.0,0.0,,0.0,1,22.95,47.11,SPY201120C00288000,288.0,normalDay
2020-08-04,4903.0,-884.0,0.0,100,330.06,314.0,0,0.0,0.0,,0.0,1,22.95,47.85,SPY201120C00288000,288.0,normalDay
2020-08-05,4903.0,-836.0,0.0,100,332.11,314.0,0,0.0,0.0,,0.0,1,22.95,49.42,SPY201120C00288000,288.0,normalDay
2020-08-06,4903.0,-822.0,0.0,100,334.33,314.0,0,0.0,0.0,,0.0,1,22.95,51.5,SPY201120C00288000,288.0,normalDay
2020-08-07,4903.0,-813.0,0.0,100,334.57,314.0,0,0.0,0.0,,0.0,1,22.95,51.65,SPY201120C00288000,288.0,normalDay
2020-08-10,4903.0,-750.0,0.0,100,335.57,314.0,0,0.0,0.0,,0.0,1,22.95,52.02,SPY201120C00288000,288.0,normalDay
2020-08-11,4903.0,-835.0,0.0,100,332.8,314.0,0,0.0,0.0,,0.0,1,22.95,50.1,SPY201120C00288000,288.0,normalDay
2020-08-12,4903.0,-738.0,0.0,100,337.44,314.0,0,0.0,0.0,,0.0,1,22.95,53.77,SPY201120C00288000,288.0,normalDay
2020-08-13,4903.0,-727.0,0.0,100,336.83,314.0,0,0.0,0.0,,0.0,1,22.95,53.05,SPY201120C00288000,288.0,normalDay
2020-08-14,4903.0,-727.0,0.0,100,336.84,314.0,0,0.0,0.0,,0.0,1,22.95,53.06,SPY201120C00288000,288.0,normalDay
2020-08-17,4903.0,-678.0,0.0,100,337.91,314.0,0,0.0,0.0,,0.0,1,22.95,53.64,SPY201120C00288000,288.0,normalDay
2020-08-18,4903.0,-669.0,0.0,100,338.64,314.0,0,0.0,0.0,,0.0,1,22.95,54.28,SPY201120C00288000,288.0,normalDay
2020-08-19,4903.0,-698.0,0.0,100,337.23,314.0,0,0.0,0.0,,0.0,1,22.95,53.16,SPY201120C00288000,288.0,normalDay
2020-08-20,4903.0,-665.0,0.0,100,338.28,314.0,0,0.0,0.0,,0.0,1,22.95,53.88,SPY201120C00288000,288.0,normalDay
2020-08-21,4903.0,-672.0,0.0,100,339.48,314.0,0,0.0,0.0,,0.0,1,22.95,55.15,SPY201120C00288000,288.0,normalDay
2020-08-24,4903.0,-605.0,0.0,100,342.92,314.0,0,0.0,0.0,,0.0,1,22.95,57.92,SPY201120C00288000,288.0,normalDay
2020-08-25,4903.0,-600.0,0.0,100,344.12,314.0,0,0.0,0.0,,0.0,1,22.95,59.07,SPY201120C00288000,288.0,normalDay
2020-08-26,4903.0,-600.0,0.0,100,347.57,314.0,0,0.0,0.0,,0.0,1,22.95,62.52,SPY201120C00288000,288.0,normalDay
2020-08-27,4903.0,-637.0,0.0,100,348.33,314.0,0,0.0,0.0,,0.0,1,22.95,63.65,SPY201120C00288000,288.0,normalDay
2020-08-28,4903.0,-561.0,0.0,100,350.58,314.0,0,0.0,0.0,,0.0,1,22.95,65.14,SPY201120C00288000,288.0,normalDay
2020-08-31,4903.0,-683.0,0.0,100,349.31,314.0,0,0.0,0.0,,0.0,1,22.95,65.09,SPY201120C00288000,288.0,normalDay
2020-09-01,4903.0,-601.0,0.0,100,352.6,314.0,0,0.0,0.0,,0.0,1,22.95,67.56,SPY201120C00288000,288.0,normalDay
2020-09-02,4903.0,-619.0,0.0,100,357.7,314.0,0,0.0,0.0,,0.0,1,22.95,72.84,SPY201120C00288000,288.0,normalDay
2020-09-03,4903.0,-888.0,0.0,100,345.39,314.0,0,0.0,0.0,,0.0,1,22.95,63.22,SPY201120C00288000,288.0,normalDay
2020-09-04,4903.0,-711.0,0.0,100,342.57,314.0,0,0.0,0.0,,0.0,1,22.95,58.63,SPY201120C00288000,288.0,normalDay
2020-09-08,4903.0,-793.0,0.0,100,333.21,314.0,0,0.0,0.0,,0.0,1,22.95,50.09,SPY201120C00288000,288.0,normalDay
2020-09-09,4903.0,-604.0,0.0,100,339.79,314.0,0,0.0,0.0,,0.0,1,22.95,54.78,SPY201120C00288000,288.0,normalDay
2020-09-10,4903.0,-719.0,0.0,100,333.89,314.0,0,0.0,0.0,,0.0,1,22.95,50.03,SPY201120C00288000,288.0,normalDay
2020-09-11,4903.0,-571.0,0.0,100,334.06,314.0,0,0.0,0.0,,0.0,1,22.95,48.72,SPY201120C00288000,288.0,normalDay
2020-09-14,4903.0,-559.0,0.0,100,338.46,314.0,0,0.0,0.0,,0.0,1,22.95,53.0,SPY201120C00288000,288.0,normalDay
2020-09-15,4903.0,-551.0,0.0,100,340.17,314.0,0,0.0,0.0,,0.0,1,22.95,54.63,SPY201120C00288000,288.0,normalDay
2020-09-16,4903.0,-527.0,0.0,100,338.82,314.0,0,0.0,0.0,,0.0,1,22.95,53.04,SPY201120C00288000,288.0,normalDay
2020-09-17,4903.0,-559.0,0.0,100,335.84,314.0,0,0.0,0.0,,0.0,1,22.95,50.38,SPY201120C00288000,288.0,normalDay
2020-09-18,4903.0,-675.0,0.0,100,330.65,314.0,0,0.0,0.0,,0.0,1,22.95,46.35,SPY201120C00288000,288.0,normalDay
2020-09-21,4903.0,-762.0,0.0,100,326.97,314.0,0,0.0,0.0,,0.0,1,22.95,43.54,SPY201120C00288000,288.0,normalDay
2020-09-22,4903.0,-661.0,0.0,100,330.3,314.0,0,0.0,0.0,,0.0,1,22.95,45.86,SPY201120C00288000,288.0,normalDay
2020-09-23,4903.0,-819.0,0.0,100,322.64,314.0,0,0.0,0.0,,0.0,1,22.95,39.78,SPY201120C00288000,288.0,normalDay
2020-09-24,4903.0,-796.0,0.0,100,323.5,314.0,0,0.0,0.0,,0.0,1,22.95,40.41,SPY201120C00288000,288.0,normalDay
2020-09-25,4903.0,-659.0,0.0,100,328.73,314.0,0,0.0,0.0,,0.0,1,22.95,44.27,SPY201120C00288000,288.0,normalDay
2020-09-28,4903.0,-598.0,0.0,100,334.19,314.0,0,0.0,0.0,,0.0,1,22.95,49.12,SPY201120C00288000,288.0,normalDay
2020-09-29,4903.0,-665.0,0.0,100,332.37,314.0,0,0.0,0.0,,0.0,1,22.95,47.97,SPY201120C00288000,288.0,normalDay
2020-09-30,4903.0,-488.0,0.0,100,334.89,314.0,0,0.0,0.0,,0.0,1,22.95,48.72,SPY201120C00288000,288.0,normalDay
2020-10-01,4903.0,-568.0,0.0,100,337.04,314.0,0,0.0,0.0,,0.0,1,22.95,51.67,SPY201120C00288000,288.0,normalDay
2020-10-02,4903.0,-597.0,0.0,100,333.84,314.0,0,0.0,0.0,,0.0,1,22.95,48.76,SPY201120C00288000,288.0,normalDay
2020-10-05,4903.0,-488.0,0.0,100,339.76,314.0,0,0.0,0.0,,0.0,1,22.95,53.59,SPY201120C00288000,288.0,normalDay
2020-10-06,4903.0,-584.0,0.0,100,334.93,314.0,0,0.0,0.0,,0.0,1,22.95,49.72,SPY201120C00288000,288.0,normalDay
2020-10-07,4903.0,-464.0,0.0,100,340.76,314.0,0,0.0,0.0,,0.0,1,22.95,54.35,SPY201120C00288000,288.0,normalDay
2020-10-08,4903.0,-428.0,0.0,100,343.78,314.0,0,0.0,0.0,,0.0,1,22.95,57.01,SPY201120C00288000,288.0,normalDay
2020-10-09,4903.0,-429.0,0.0,100,346.85,314.0,0,0.0,0.0,,0.0,1,22.95,60.09,SPY201120C00288000,288.0,normalDay
2020-10-12,4903.0,-405.0,0.0,100,352.43,314.0,0,0.0,0.0,,0.0,1,22.95,65.43,SPY201120C00288000,288.0,normalDay
2020-10-13,4903.0,-426.0,0.0,100,350.13,314.0,0,0.0,0.0,,0.0,1,22.95,63.34,SPY201120C00288000,288.0,normalDay
2020-10-14,4903.0,-408.0,0.0,100,347.93,314.0,0,0.0,0.0,,0.0,1,22.95,60.96,SPY201120C00288000,288.0,normalDay
2020-10-15,4903.0,-414.0,0.0,100,347.5,314.0,0,0.0,0.0,,0.0,1,22.95,60.59,SPY201120C00288000,288.0,normalDay
2020-10-16,4903.0,-370.0,0.0,100,347.29,314.0,0,0.0,0.0,,0.0,1,22.95,59.94,SPY201120C00288000,288.0,normalDay
2020-10-19,4903.0,-453.0,0.0,100,342.01,314.0,0,0.0,0.0,,0.0,1,22.95,55.49,SPY201120C00288000,288.0,normalDay
2020-10-20,4903.0,-400.0,0.0,100,343.38,314.0,0,0.0,0.0,,0.0,1,22.95,56.33,SPY201120C00288000,288.0,normalDay
2020-10-21,4903.0,-456.0,0.0,100,342.73,314.0,0,0.0,0.0,,0.0,1,22.95,56.24,SPY201120C00288000,288.0,normalDay
2020-10-22,4903.0,-376.0,0.0,100,344.61,314.0,0,0.0,0.0,,0.0,1,22.95,57.32,SPY201120C00288000,288.0,normalDay
2020-10-23,4903.0,-340.0,0.0,100,345.78,314.0,0,0.0,0.0,,0.0,1,22.95,58.13,SPY201120C00288000,288.0,normalDay
2020-10-26,4903.0,-442.0,0.0,100,339.39,314.0,0,0.0,0.0,,0.0,1,22.95,52.76,SPY201120C00288000,288.0,normalDay
2020-10-27,4903.0,-463.0,0.0,100,338.22,314.0,0,0.0,0.0,,0.0,1,22.95,51.8,SPY201120C00288000,288.0,normalDay
2020-10-28,4903.0,-586.0,0.0,100,326.66,314.0,0,0.0,0.0,,0.0,1,22.95,41.47,SPY201120C00288000,288.0,normalDay
2020-10-29,4903.0,-575.0,0.0,100,329.98,314.0,0,0.0,0.0,,0.0,1,22.95,44.68,SPY201120C00288000,288.0,normalDay
2020-10-30,4903.0,-606.0,0.0,100,326.54,314.0,0,0.0,0.0,,0.0,1,22.95,41.55,SPY201120C00288000,288.0,normalDay
2020-11-02,4903.0,-517.0,0.0,100,330.2,314.0,0,0.0,0.0,,0.0,1,22.95,44.32,SPY201120C00288000,288.0,normalDay
2020-11-03,4903.0,-368.0,0.0,100,336.03,314.0,0,0.0,0.0,,0.0,1,22.95,48.66,SPY201120C00288000,288.0,normalDay
2020-11-04,4903.0,-389.0,0.0,100,343.54,314.0,0,0.0,0.0,,0.0,1,22.95,56.38,SPY201120C00288000,288.0,normalDay
2020-11-05,4903.0,-382.0,0.0,100,350.24,314.0,0,0.0,0.0,,0.0,1,22.95,63.01,SPY201120C00288000,288.0,normalDay
2020-11-06,4903.0,-343.0,0.0,100,350.16,314.0,0,0.0,0.0,,0.0,1,22.95,62.54,SPY201120C00288000,288.0,normalDay
2020-11-09,4903.0,-438.0,0.0,100,354.56,314.0,0,0.0,0.0,,0.0,1,22.95,67.89,SPY201120C00288000,288.0,normalDay
2020-11-10,4903.0,-398.0,0.0,100,354.04,314.0,0,0.0,0.0,,0.0,1,22.95,66.97,SPY201120C00288000,288.0,normalDay
2020-11-11,4903.0,-370.0,0.0,100,356.67,314.0,0,0.0,0.0,,0.0,1,22.95,69.32,SPY201120C00288000,288.0,normalDay
2020-11-12,4903.0,-386.0,0.0,100,353.21,314.0,0,0.0,0.0,,0.0,1,22.95,66.02,SPY201120C00288000,288.0,normalDay
2020-11-13,4903.0,-340.0,0.0,100,358.1,314.0,0,0.0,0.0,,0.0,1,22.95,70.45,SPY201120C00288000,288.0,normalDay
2020-11-16,4903.0,-319.0,0.0,100,362.57,314.0,0,0.0,0.0,,0.0,1,22.95,74.71,SPY201120C00288000,288.0,normalDay
2020-11-17,4903.0,-338.0,0.0,100,360.62,314.0,0,0.0,0.0,,0.0,1,22.95,72.95,SPY201120C00288000,288.0,normalDay
2020-11-18,4903.0,-351.0,0.0,100,356.28,314.0,0,0.0,0.0,,0.0,1,22.95,68.74,SPY201120C00288000,288.0,normalDay
2020-11-19,4903.0,-325.0,0.0,100,357.78,314.0,0,0.0,0.0,,0.0,1,22.95,69.98,SPY201120C00288000,288.0,normalDay
2020-11-20,4598.0,-325.0,-305.0,0,355.33,0.0,0,0.0,0.0,,0.0,1,22.95,0.0,SPY201120C00288000,288.0,expirationDay
2020-11-23,4598.0,-4.0,0.0,0,357.46,0.0,1,2.19,2.23,SPY210115P00310000,310.0,0,0.0,0.0,,0.0,normalDay
2020-11-24,4598.0,50.0,0.0,0,363.22,0.0,1,2.19,1.69,SPY210115P00310000,310.0,0,0.0,0.0,,0.0,normalDay
2020-11-25,4598.0,63.0,0.0,0,362.66,0.0,1,2.19,1.56,SPY210115P00310000,310.0,0,0.0,0.0,,0.0,normalDay
2020-11-27,4598.0,82.0,0.0,0,363.67,0.0,1,2.19,1.37,SPY210115P00310000,310.0,0,0.0,0.0,,0.0,normalDay
2020-11-30,4598.0,94.0,0.0,0,362.06,0.0,1,2.19,1.25,SPY210115P00310000,310.0,0,0.0,0.0,,0.0,normalDay
2020-12-01,4598.0,103.0,0.0,0,366.02,0.0,1,2.19,1.16,SPY210115P00310000,310.0,0,0.0,0.0,,0.0,normalDay
2020-12-02,4598.0,107.0,0.0,0,366.79,0.0,1,2.19,1.12,SPY210115P00310000,310.0,0,0.0,0.0,,0.0,normalDay
2020-12-03,4598.0,104.0,0.0,0,366.69,0.0,1,2.19,1.15,SPY210115P00310000,310.0,0,0.0,0.0,,0.0,normalDay
2020-12-04,4598.0,132.0,0.0,0,369.85,0.0,1,2.19,0.87,SPY210115P00310000,310.0,0,0.0,0.0,,0.0,normalDay
2020-12-07,4598.0,136.0,0.0,0,369.09,0.0,1,2.19,0.83,SPY210115P00310000,310.0,0,0.0,0.0,,0.0,normalDay
2020-12-08,4598.0,152.0,0.0,0,370.17,0.0,1,2.19,0.67,SPY210115P00310000,310.0,0,0.0,0.0,,0.0,normalDay
2020-12-09,4598.0,138.0,0.0,0,366.85,0.0,1,2.19,0.81,SPY210115P00310000,310.0,0,0.0,0.0,,0.0,normalDay
2020-12-10,4598.0,139.0,0.0,0,366.73,0.0,1,2.19,0.8,SPY210115P00310000,310.0,0,0.0,0.0,,0.0,normalDay
2020-12-11,4598.0,131.0,0.0,0,366.3,0.0,1,2.19,0.88,SPY210115P00310000,310.0,0,0.0,0.0,,0.0,normalDay
2020-12-14,4598.0,122.0,0.0,0,364.66,0.0,1,2.19,0.97,SPY210115P00310000,310.0,0,0.0,0.0,,0.0,normalDay
2020-12-15,4598.0,149.0,0.0,0,369.59,0.0,1,2.19,0.7,SPY210115P00310000,310.0,0,0.0,0.0,,0.0,normalDay
2020-12-16,4598.0,157.0,0.0,0,370.17,0.0,1,2.19,0.62,SPY210115P00310000,310.0,0,0.0,0.0,,0.0,normalDay
2020-12-17,4598.0,167.0,0.0,0,372.24,0.0,1,2.19,0.52,SPY210115P00310000,310.0,0,0.0,0.0,,0.0,normalDay
2020-12-18,4598.0,171.0,0.0,0,369.18,0.0,1,2.19,0.48,SPY210115P00310000,310.0,0,0.0,0.0,,0.0,normalDay
2020-12-21,4598.0,153.0,0.0,0,367.86,0.0,1,2.19,0.66,SPY210115P00310000,310.0,0,0.0,0.0,,0.0,normalDay
2020-12-22,4598.0,162.0,0.0,0,367.24,0.0,1,2.19,0.57,SPY210115P00310000,310.0,0,0.0,0.0,,0.0,normalDay
2020-12-23,4598.0,171.0,0.0,0,367.57,0.0,1,2.19,0.48,SPY210115P00310000,310.0,0,0.0,0.0,,0.0,normalDay
2020-12-24,4598.0,183.0,0.0,0,369.0,0.0,1,2.19,0.36,SPY210115P00310000,310.0,0,0.0,0.0,,0.0,normalDay
2020-12-28,4598.0,194.0,0.0,0,372.17,0.0,1,2.19,0.25,SPY210115P00310000,310.0,0,0.0,0.0,,0.0,normalDay
2020-12-29,4598.0,190.0,0.0,0,371.46,0.0,1,2.19,0.29,SPY210115P00310000,310.0,0,0.0,0.0,,0.0,normalDay
2020-12-30,4598.0,194.0,0.0,0,371.99,0.0,1,2.19,0.25,SPY210115P00310000,310.0,0,0.0,0.0,,0.0,normalDay
2020-12-31,4598.0,195.0,0.0,0,373.88,0.0,1,2.19,0.24,SPY210115P00310000,310.0,0,0.0,0.0,,0.0,normalDay
2021-01-04,4598.0,194.0,0.0,0,368.79,0.0,1,2.19,0.25,SPY210115P00310000,310.0,0,0.0,0.0,,0.0,normalDay
2021-01-05,4598.0,203.0,0.0,0,371.33,0.0,1,2.19,0.16,SPY210115P00310000,310.0,0,0.0,0.0,,0.0,normalDay
2021-01-06,4598.0,199.0,0.0,0,373.55,0.0,1,2.19,0.2,SPY210115P00310000,310.0,0,0.0,0.0,,0.0,normalDay
2021-01-07,4598.0,211.0,0.0,0,379.1,0.0,1,2.19,0.08,SPY210115P00310000,310.0,0,0.0,0.0,,0.0,normalDay
2021-01-08,4598.0,215.0,0.0,0,381.26,0.0,1,2.19,0.04,SPY210115P00310000,310.0,0,0.0,0.0,,0.0,normalDay
2021-01-11,4598.0,215.0,0.0,0,378.69,0.0,1,2.19,0.04,SPY210115P00310000,310.0,0,0.0,0.0,,0.0,normalDay
2021-01-12,4598.0,217.0,0.0,0,378.77,0.0,1,2.19,0.02,SPY210115P00310000,310.0,0,0.0,0.0,,0.0,normalDay
2021-01-13,4598.0,218.0,0.0,0,379.79,0.0,1,2.19,0.01,SPY210115P00310000,310.0,0,0.0,0.0,,0.0,normalDay
2021-01-14,4598.0,218.0,0.0,0,378.46,0.0,1,2.19,0.01,SPY210115P00310000,310.0,0,0.0,0.0,,0.0,normalDay
2021-01-15,4817.0,0.0,219.0,0,375.7,0.0,1,2.19,0.0,SPY210115P00310000,310.0,0,0.0,0.0,,0.0,expirationDay
2021-01-19,4817.0,-6.0,0.0,0,378.65,0.0,1,4.46,4.52,SPY210226P00360000,360.0,0,0.0,0.0,,0.0,normalDay
2021-01-20,4817.0,117.0,0.0,0,383.89,0.0,1,4.46,3.29,SPY210226P00360000,360.0,0,0.0,0.0,,0.0,normalDay
2021-01-21,4817.0,137.0,0.0,0,384.24,0.0,1,4.46,3.09,SPY210226P00360000,360.0,0,0.0,0.0,,0.0,normalDay
2021-01-22,4817.0,121.0,0.0,0,382.88,0.0,1,4.46,3.25,SPY210226P00360000,360.0,0,0.0,0.0,,0.0,normalDay
2021-01-25,4817.0,139.0,0.0,0,384.39,0.0,1,4.46,3.07,SPY210226P00360000,360.0,0,0.0,0.0,,0.0,normalDay
2021-01-26,4817.0,153.0,0.0,0,383.79,0.0,1,4.46,2.93,SPY210226P00360000,360.0,0,0.0,0.0,,0.0,normalDay
2021-01-27,4817.0,-266.0,0.0,0,374.41,0.0,1,4.46,7.12,SPY210226P00360000,360.0,0,0.0,0.0,,0.0,normalDay
2021-01-28,4817.0,-80.0,0.0,0,377.63,0.0,1,4.46,5.26,SPY210226P00360000,360.0,0,0.0,0.0,,0.0,normalDay
2021-01-29,4817.0,-392.0,0.0,0,370.07,0.0,1,4.46,8.38,SPY210226P00360000,360.0,0,0.0,0.0,,0.0,normalDay
2021-02-01,4817.0,-70.0,0.0,0,376.23,0.0,1,4.46,5.16,SPY210226P00360000,360.0,0,0.0,0.0,,0.0,normalDay
2021-02-02,4817.0,160.0,0.0,0,381.55,0.0,1,4.46,2.86,SPY210226P00360000,360.0,0,0.0,0.0,,0.0,normalDay
2021-02-03,4817.0,221.0,0.0,0,381.85,0.0,1,4.46,2.25,SPY210226P00360000,360.0,0,0.0,0.0,,0.0,normalDay
2021-02-04,4817.0,294.0,0.0,0,386.19,0.0,1,4.46,1.52,SPY210226P00360000,360.0,0,0.0,0.0,,0.0,normalDay
2021-02-05,4817.0,330.0,0.0,0,387.71,0.0,1,4.46,1.16,SPY210226P00360000,360.0,0,0.0,0.0,,0.0,normalDay
2021-02-08,4817.0,362.0,0.0,0,390.51,0.0,1,4.46,0.84,SPY210226P00360000,360.0,0,0.0,0.0,,0.0,normalDay
2021-02-09,4817.0,367.0,0.0,0,390.25,0.0,1,4.46,0.79,SPY210226P00360000,360.0,0,0.0,0.0,,0.0,normalDay
2021-02-10,4817.0,364.0,0.0,0,390.08,0.0,1,4.46,0.82,SPY210226P00360000,360.0,0,0.0,0.0,,0.0,normalDay
2021-02-11,4817.0,381.0,0.0,0,390.71,0.0,1,4.46,0.65,SPY210226P00360000,360.0,0,0.0,0.0,,0.0,normalDay
2021-02-12,4817.0,410.0,0.0,0,392.64,0.0,1,4.46,0.36,SPY210226P00360000,360.0,0,0.0,0.0,,0.0,normalDay
2021-02-16,4817.0,411.0,0.0,0,392.3,0.0,1,4.46,0.35,SPY210226P00360000,360.0,0,0.0,0.0,,0.0,normalDay
2021-02-17,4817.0,420.0,0.0,0,392.39,0.0,1,4.46,0.26,SPY210226P00360000,360.0,0,0.0,0.0,,0.0,normalDay
2021-02-18,4817.0,418.0,0.0,0,390.72,0.0,1,4.46,0.28,SPY210226P00360000,360.0,0,0.0,0.0,,0.0,normalDay
2021-02-19,4817.0,432.0,0.0,0,390.03,0.0,1,4.46,0.14,SPY210226P00360000,360.0,0,0.0,0.0,,0.0,normalDay
2021-02-22,4817.0,434.0,0.0,0,387.03,0.0,1,4.46,0.12,SPY210226P00360000,360.0,0,0.0,0.0,,0.0,normalDay
2021-02-23,4817.0,440.0,0.0,0,387.5,0.0,1,4.46,0.06,SPY210226P00360000,360.0,0,0.0,0.0,,0.0,normalDay
2021-02-24,4817.0,444.0,0.0,0,391.77,0.0,1,4.46,0.02,SPY210226P00360000,360.0,0,0.0,0.0,,0.0,normalDay
2021-02-25,4817.0,439.0,0.0,0,382.33,0.0,1,4.46,0.07,SPY210226P00360000,360.0,0,0.0,0.0,,0.0,normalDay
2021-02-26,5263.0,0.0,446.0,0,380.36,0.0,1,4.46,0.0,SPY210226P00360000,360.0,0,0.0,0.0,,0.0,expirationDay
2021-03-01,5263.0,-5.0,0.0,0,389.58,0.0,1,5.96,6.01,SPY210416P00373000,373.0,0,0.0,0.0,,0.0,normalDay
2021-03-02,5263.0,-99.0,0.0,0,386.54,0.0,1,5.96,6.95,SPY210416P00373000,373.0,0,0.0,0.0,,0.0,normalDay
2021-03-03,5263.0,-275.0,0.0,0,381.42,0.0,1,5.96,8.71,SPY210416P00373000,373.0,0,0.0,0.0,,0.0,normalDay
2021-03-04,5263.0,-468.0,0.0,0,376.7,0.0,1,5.96,10.64,SPY210416P00373000,373.0,0,0.0,0.0,,0.0,normalDay
2021-03-05,5263.0,-139.0,0.0,0,383.63,0.0,1,5.96,7.35,SPY210416P00373000,373.0,0,0.0,0.0,,0.0,normalDay
2021-03-08,5263.0,-181.0,0.0,0,381.72,0.0,1,5.96,7.77,SPY210416P00373000,373.0,0,0.0,0.0,,0.0,normalDay
2021-03-09,5263.0,10.0,0.0,0,387.17,0.0,1,5.96,5.86,SPY210416P00373000,373.0,0,0.0,0.0,,0.0,normalDay
2021-03-10,5263.0,121.0,0.0,0,389.58,0.0,1,5.96,4.75,SPY210416P00373000,373.0,0,0.0,0.0,,0.0,normalDay
2021-03-11,5263.0,208.0,0.0,0,393.53,0.0,1,5.96,3.88,SPY210416P00373000,373.0,0,0.0,0.0,,0.0,normalDay
2021-03-12,5263.0,270.0,0.0,0,394.06,0.0,1,5.96,3.26,SPY210416P00373000,373.0,0,0.0,0.0,,0.0,normalDay
2021-03-15,5263.0,344.0,0.0,0,396.41,0.0,1,5.96,2.52,SPY210416P00373000,373.0,0,0.0,0.0,,0.0,normalDay
2021-03-16,5263.0,343.0,0.0,0,395.91,0.0,1,5.96,2.53,SPY210416P00373000,373.0,0,0.0,0.0,,0.0,normalDay
2021-03-17,5263.0,384.0,0.0,0,397.26,0.0,1,5.96,2.12,SPY210416P00373000,373.0,0,0.0,0.0,,0.0,normalDay
2021-03-18,5263.0,295.0,0.0,0,391.48,0.0,1,5.96,3.01,SPY210416P00373000,373.0,0,0.0,0.0,,0.0,normalDay
2021-03-19,5263.0,287.0,0.0,0,389.48,0.0,1,5.96,3.09,SPY210416P00373000,373.0,0,0.0,0.0,,0.0,normalDay
2021-03-22,5263.0,409.0,0.0,0,392.59,0.0,1,5.96,1.87,SPY210416P00373000,373.0,0,0.0,0.0,,0.0,normalDay
2021-03-23,5263.0,346.0,0.0,0,389.5,0.0,1,5.96,2.5,SPY210416P00373000,373.0,0,0.0,0.0,,0.0,normalDay
2021-03-24,5263.0,312.0,0.0,0,387.52,0.0,1,5.96,2.84,SPY210416P00373000,373.0,0,0.0,0.0,,0.0,normalDay
2021-03-25,5263.0,384.0,0.0,0,389.7,0.0,1,5.96,2.12,SPY210416P00373000,373.0,0,0.0,0.0,,0.0,normalDay
2021-03-26,5263.0,462.0,0.0,0,395.98,0.0,1,5.96,1.34,SPY210416P00373000,373.0,0,0.0,0.0,,0.0,normalDay
2021-03-29,5263.0,452.0,0.0,0,395.78,0.0,1,5.96,1.44,SPY210416P00373000,373.0,0,0.0,0.0,,0.0,normalDay
2021-03-30,5263.0,473.0,0.0,0,394.73,0.0,1,5.96,1.23,SPY210416P00373000,373.0,0,0.0,0.0,,0.0,normalDay
2021-03-31,5263.0,506.0,0.0,0,396.33,0.0,1,5.96,0.9,SPY210416P00373000,373.0,0,0.0,0.0,,0.0,normalDay
2021-04-01,5263.0,553.0,0.0,0,400.61,0.0,1,5.96,0.43,SPY210416P00373000,373.0,0,0.0,0.0,,0.0,normalDay
2021-04-05,5263.0,572.0,0.0,0,406.36,0.0,1,5.96,0.24,SPY210416P00373000,373.0,0,0.0,0.0,,0.0,normalDay
2021-04-06,5263.0,573.0,0.0,0,406.12,0.0,1,5.96,0.23,SPY210416P00373000,373.0,0,0.0,0.0,,0.0,normalDay
2021-04-07,5263.0,583.0,0.0,0,406.59,0.0,1,5.96,0.13,SPY210416P00373000,373.0,0,0.0,0.0,,0.0,normalDay
2021-04-08,5263.0,586.0,0.0,0,408.52,0.0,1,5.96,0.1,SPY210416P00373000,373.0,0,0.0,0.0,,0.0,normalDay
2021-04-09,5263.0,591.0,0.0,0,411.49,0.0,1,5.96,0.05,SPY210416P00373000,373.0,0,0.0,0.0,,0.0,normalDay
2021-04-12,5263.0,593.0,0.0,0,411.64,0.0,1,5.96,0.03,SPY210416P00373000,373.0,0,0.0,0.0,,0.0,normalDay
2021-04-13,5263.0,594.0,0.0,0,412.86,0.0,1,5.96,0.02,SPY210416P00373000,373.0,0,0.0,0.0,,0.0,normalDay
2021-04-14,5263.0,594.0,0.0,0,411.45,0.0,1,5.96,0.02,SPY210416P00373000,373.0,0,0.0,0.0,,0.0,normalDay
2021-04-15,5263.0,595.0,0.0,0,415.87,0.0,1,5.96,0.01,SPY210416P00373000,373.0,0,0.0,0.0,,0.0,normalDay
2021-04-16,5859.0,0.0,596.0,0,417.26,0.0,1,5.96,0.0,SPY210416P00373000,373.0,0,0.0,0.0,,0.0,expirationDay
2021-04-19,5859.0,-3.0,0.0,0,415.21,0.0,1,1.41,1.44,SPY210528P00375000,375.0,0,0.0,0.0,,0.0,normalDay
2021-04-20,5859.0,-43.0,0.0,0,412.17,0.0,1,1.41,1.84,SPY210528P00375000,375.0,0,0.0,0.0,,0.0,normalDay
2021-04-21,5859.0,10.0,0.0,0,416.07,0.0,1,1.41,1.31,SPY210528P00375000,375.0,0,0.0,0.0,,0.0,normalDay
2021-04-22,5859.0,-28.0,0.0,0,412.27,0.0,1,1.41,1.69,SPY210528P00375000,375.0,0,0.0,0.0,,0.0,normalDay
2021-04-23,5859.0,30.0,0.0,0,416.74,0.0,1,1.41,1.11,SPY210528P00375000,375.0,0,0.0,0.0,,0.0,normalDay
2021-04-26,5859.0,44.0,0.0,0,417.61,0.0,1,1.41,0.97,SPY210528P00375000,375.0,0,0.0,0.0,,0.0,normalDay
2021-04-27,5859.0,49.0,0.0,0,417.52,0.0,1,1.41,0.92,SPY210528P00375000,375.0,0,0.0,0.0,,0.0,normalDay
2021-04-28,5859.0,60.0,0.0,0,417.4,0.0,1,1.41,0.81,SPY210528P00375000,375.0,0,0.0,0.0,,0.0,normalDay
2021-04-29,5859.0,65.0,0.0,0,420.06,0.0,1,1.41,0.76,SPY210528P00375000,375.0,0,0.0,0.0,,0.0,normalDay
2021-04-30,5859.0,49.0,0.0,0,417.3,0.0,1,1.41,0.92,SPY210528P00375000,375.0,0,0.0,0.0,,0.0,normalDay
2021-05-03,5859.0,64.0,0.0,0,418.2,0.0,1,1.41,0.77,SPY210528P00375000,375.0,0,0.0,0.0,,0.0,normalDay
2021-05-04,5859.0,49.0,0.0,0,415.62,0.0,1,1.41,0.92,SPY210528P00375000,375.0,0,0.0,0.0,,0.0,normalDay
2021-05-05,5859.0,54.0,0.0,0,415.75,0.0,1,1.41,0.87,SPY210528P00375000,375.0,0,0.0,0.0,,0.0,normalDay
2021-05-06,5859.0,76.0,0.0,0,419.07,0.0,1,1.41,0.65,SPY210528P00375000,375.0,0,0.0,0.0,,0.0,normalDay
2021-05-07,5859.0,95.0,0.0,0,422.12,0.0,1,1.41,0.46,SPY210528P00375000,375.0,0,0.0,0.0,,0.0,normalDay
2021-05-10,5859.0,75.0,0.0,0,417.94,0.0,1,1.41,0.66,SPY210528P00375000,375.0,0,0.0,0.0,,0.0,normalDay
2021-05-11,5859.0,57.0,0.0,0,414.21,0.0,1,1.41,0.84,SPY210528P00375000,375.0,0,0.0,0.0,,0.0,normalDay
2021-05-12,5859.0,-65.0,0.0,0,405.41,0.0,1,1.41,2.06,SPY210528P00375000,375.0,0,0.0,0.0,,0.0,normalDay
2021-05-13,5859.0,43.0,0.0,0,410.28,0.0,1,1.41,0.98,SPY210528P00375000,375.0,0,0.0,0.0,,0.0,normalDay
2021-05-14,5859.0,103.0,0.0,0,416.58,0.0,1,1.41,0.38,SPY210528P00375000,375.0,0,0.0,0.0,,0.0,normalDay
2021-05-17,5859.0,115.0,0.0,0,415.52,0.0,1,1.41,0.26,SPY210528P00375000,375.0,0,0.0,0.0,,0.0,normalDay
2021-05-18,5859.0,103.0,0.0,0,411.94,0.0,1,1.41,0.38,SPY210528P00375000,375.0,0,0.0,0.0,,0.0,normalDay
2021-05-19,5859.0,107.0,0.0,0,410.86,0.0,1,1.41,0.34,SPY210528P00375000,375.0,0,0.0,0.0,,0.0,normalDay
2021-05-20,5859.0,125.0,0.0,0,415.28,0.0,1,1.41,0.16,SPY210528P00375000,375.0,0,0.0,0.0,,0.0,normalDay
2021-05-21,5859.0,133.0,0.0,0,414.94,0.0,1,1.41,0.08,SPY210528P00375000,375.0,0,0.0,0.0,,0.0,normalDay
2021-05-24,5859.0,138.0,0.0,0,419.17,0.0,1,1.41,0.03,SPY210528P00375000,375.0,0,0.0,0.0,,0.0,normalDay
2021-05-25,5859.0,138.0,0.0,0,418.24,0.0,1,1.41,0.03,SPY210528P00375000,375.0,0,0.0,0.0,,0.0,normalDay
2021-05-26,5859.0,139.0,0.0,0,419.07,0.0,1,1.41,0.02,SPY210528P00375000,375.0,0,0.0,0.0,,0.0,normalDay
2021-05-27,5859.0,140.0,0.0,0,419.29,0.0,1,1.41,0.01,SPY210528P00375000,375.0,0,0.0,0.0,,0.0,normalDay
2021-05-28,6000.0,0.0,141.0,0,420.04,0.0,1,1.41,0.0,SPY210528P00375000,375.0,0,0.0,0.0,,0.0,expirationDay
2021-06-01,6000.0,-5.0,0.0,0,419.67,0.0,1,4.5,4.55,SPY210716P00404000,404.0,0,0.0,0.0,,0.0,normalDay
2021-06-02,6000.0,32.0,0.0,0,420.33,0.0,1,4.5,4.18,SPY210716P00404000,404.0,0,0.0,0.0,,0.0,normalDay
2021-06-03,6000.0,-12.0,0.0,0,418.77,0.0,1,4.5,4.62,SPY210716P00404000,404.0,0,0.0,0.0,,0.0,normalDay
2021-06-04,6000.0,103.0,0.0,0,422.6,0.0,1,4.5,3.47,SPY210716P00404000,404.0,0,0.0,0.0,,0.0,normalDay
2021-06-07,6000.0,138.0,0.0,0,422.19,0.0,1,4.5,3.12,SPY210716P00404000,404.0,0,0.0,0.0,,0.0,normalDay
2021-06-08,6000.0,130.0,0.0,0,422.28,0.0,1,4.5,3.2,SPY210716P00404000,404.0,0,0.0,0.0,,0.0,normalDay
2021-06-09,6000.0,104.0,0.0,0,421.65,0.0,1,4.5,3.46,SPY210716P00404000,404.0,0,0.0,0.0,,0.0,normalDay
2021-06-10,6000.0,192.0,0.0,0,423.61,0.0,1,4.5,2.58,SPY210716P00404000,404.0,0,0.0,0.0,,0.0,normalDay
2021-06-11,6000.0,217.0,0.0,0,424.31,0.0,1,4.5,2.33,SPY210716P00404000,404.0,0,0.0,0.0,,0.0,normalDay
2021-06-14,6000.0,235.0,0.0,0,425.26,0.0,1,4.5,2.15,SPY210716P00404000,404.0,0,0.0,0.0,,0.0,normalDay
2021-06-15,6000.0,219.0,0.0,0,424.48,0.0,1,4.5,2.31,SPY210716P00404000,404.0,0,0.0,0.0,,0.0,normalDay
2021-06-16,6000.0,173.0,0.0,0,422.11,0.0,1,4.5,2.77,SPY210716P00404000,404.0,0,0.0,0.0,,0.0,normalDay
2021-06-17,6000.0,196.0,0.0,0,421.97,0.0,1,4.5,2.54,SPY210716P00404000,404.0,0,0.0,0.0,,0.0,normalDay
2021-06-18,6000.0,15.0,0.0,0,414.92,0.0,1,4.5,4.35,SPY210716P00404000,404.0,0,0.0,0.0,,0.0,normalDay
2021-06-21,6000.0,228.0,0.0,0,420.86,0.0,1,4.5,2.22,SPY210716P00404000,404.0,0,0.0,0.0,,0.0,normalDay
2021-06-22,6000.0,284.0,0.0,0,423.11,0.0,1,4.5,1.66,SPY210716P00404000,404.0,0,0.0,0.0,,0.0,normalDay
2021-06-23,6000.0,298.0,0.0,0,422.6,0.0,1,4.5,1.52,SPY210716P00404000,404.0,0,0.0,0.0,,0.0,normalDay
2021-06-24,6000.0,333.0,0.0,0,425.1,0.0,1,4.5,1.17,SPY210716P00404000,404.0,0,0.0,0.0,,0.0,normalDay
2021-06-25,6000.0,359.0,0.0,0,426.61,0.0,1,4.5,0.91,SPY210716P00404000,404.0,0,0.0,0.0,,0.0,normalDay
2021-06-28,6000.0,376.0,0.0,0,427.47,0.0,1,4.5,0.74,SPY210716P00404000,404.0,0,0.0,0.0,,0.0,normalDay
2021-06-29,6000.0,378.0,0.0,0,427.7,0.0,1,4.5,0.72,SPY210716P00404000,404.0,0,0.0,0.0,,0.0,normalDay
2021-06-30,6000.0,392.0,0.0,0,428.06,0.0,1,4.5,0.58,SPY210716P00404000,404.0,0,0.0,0.0,,0.0,normalDay
2021-07-01,6000.0,402.0,0.0,0,430.43,0.0,1,4.5,0.48,SPY210716P00404000,404.0,0,0.0,0.0,,0.0,normalDay
2021-07-02,6000.0,418.0,0.0,0,433.72,0.0,1,4.5,0.32,SPY210716P00404000,404.0,0,0.0,0.0,,0.0,normalDay
2021-07-06,6000.0,421.0,0.0,0,432.93,0.0,1,4.5,0.29,SPY210716P00404000,404.0,0,0.0,0.0,,0.0,normalDay
2021-07-07,6000.0,430.0,0.0,0,434.46,0.0,1,4.5,0.2,SPY210716P00404000,404.0,0,0.0,0.0,,0.0,normalDay
2021-07-08,6000.0,409.0,0.0,0,430.92,0.0,1,4.5,0.41,SPY210716P00404000,404.0,0,0.0,0.0,,0.0,normalDay
2021-07-09,6000.0,438.0,0.0,0,435.52,0.0,1,4.5,0.12,SPY210716P00404000,404.0,0,0.0,0.0,,0.0,normalDay
2021-07-12,6000.0,445.0,0.0,0,437.08,0.0,1,4.5,0.05,SPY210716P00404000,404.0,0,0.0,0.0,,0.0,normalDay
2021-07-13,6000.0,443.0,0.0,0,435.59,0.0,1,4.5,0.07,SPY210716P00404000,404.0,0,0.0,0.0,,0.0,normalDay
2021-07-14,6000.0,447.0,0.0,0,436.24,0.0,1,4.5,0.03,SPY210716P00404000,404.0,0,0.0,0.0,,0.0,normalDay
2021-07-15,6000.0,448.0,0.0,0,434.75,0.0,1,4.5,0.02,SPY210716P00404000,404.0,0,0.0,0.0,,0.0,normalDay
2021-07-16,6450.0,0.0,450.0,0,431.34,0.0,1,4.5,0.0,SPY210716P00404000,404.0,0,0.0,0.0,,0.0,expirationDay
2021-07-19,6450.0,-6.0,0.0,0,424.97,0.0,1,6.72,6.78,SPY210827P00414000,414.0,0,0.0,0.0,,0.0,normalDay
2021-07-20,6450.0,204.0,0.0,0,431.06,0.0,1,6.72,4.68,SPY210827P00414000,414.0,0,0.0,0.0,,0.0,normalDay
2021-07-21,6450.0,329.0,0.0,0,434.55,0.0,1,6.72,3.43,SPY210827P00414000,414.0,0,0.0,0.0,,0.0,normalDay
2021-07-22,6450.0,350.0,0.0,0,435.46,0.0,1,6.72,3.22,SPY210827P00414000,414.0,0,0.0,0.0,,0.0,normalDay
2021-07-23,6450.0,419.0,0.0,0,439.94,0.0,1,6.72,2.53,SPY210827P00414000,414.0,0,0.0,0.0,,0.0,normalDay
2021-07-26,6450.0,453.0,0.0,0,441.02,0.0,1,6.72,2.19,SPY210827P00414000,414.0,0,0.0,0.0,,0.0,normalDay
2021-07-27,6450.0,396.0,0.0,0,439.01,0.0,1,6.72,2.76,SPY210827P00414000,414.0,0,0.0,0.0,,0.0,normalDay
2021-07-28,6450.0,432.0,0.0,0,438.83,0.0,1,6.72,2.4,SPY210827P00414000,414.0,0,0.0,0.0,,0.0,normalDay
2021-07-29,6450.0,480.0,0.0,0,440.65,0.0,1,6.72,1.92,SPY210827P00414000,414.0,0,0.0,0.0,,0.0,normalDay
2021-07-30,6450.0,463.0,0.0,0,438.51,0.0,1,6.72,2.09,SPY210827P00414000,414.0,0,0.0,0.0,,0.0,normalDay
2021-08-02,6450.0,447.0,0.0,0,437.59,0.0,1,6.72,2.25,SPY210827P00414000,414.0,0,0.0,0.0,,0.0,normalDay
2021-08-03,6450.0,519.0,0.0,0,441.15,0.0,1,6.72,1.53,SPY210827P00414000,414.0,0,0.0,0.0,,0.0,normalDay
2021-08-04,6450.0,515.0,0.0,0,438.98,0.0,1,6.72,1.57,SPY210827P00414000,414.0,0,0.0,0.0,,0.0,normalDay
2021-08-05,6450.0,551.0,0.0,0,441.76,0.0,1,6.72,1.21,SPY210827P00414000,414.0,0,0.0,0.0,,0.0,normalDay
2021-08-06,6450.0,583.0,0.0,0,442.49,0.0,1,6.72,0.89,SPY210827P00414000,414.0,0,0.0,0.0,,0.0,normalDay
2021-08-09,6450.0,593.0,0.0,0,442.13,0.0,1,6.72,0.79,SPY210827P00414000,414.0,0,0.0,0.0,,0.0,normalDay
2021-08-10,6450.0,595.0,0.0,0,442.68,0.0,1,6.72,0.77,SPY210827P00414000,414.0,0,0.0,0.0,,0.0,normalDay
2021-08-11,6450.0,619.0,0.0,0,443.78,0.0,1,6.72,0.53,SPY210827P00414000,414.0,0,0.0,0.0,,0.0,normalDay
2021-08-12,6450.0,632.0,0.0,0,445.11,0.0,1,6.72,0.4,SPY210827P00414000,414.0,0,0.0,0.0,,0.0,normalDay
2021-08-13,6450.0,639.0,0.0,0,445.92,0.0,1,6.72,0.33,SPY210827P00414000,414.0,0,0.0,0.0,,0.0,normalDay
2021-08-16,6450.0,645.0,0.0,0,446.97,0.0,1,6.72,0.27,SPY210827P00414000,414.0,0,0.0,0.0,,0.0,normalDay
2021-08-17,6450.0,628.0,0.0,0,444.04,0.0,1,6.72,0.44,SPY210827P00414000,414.0,0,0.0,0.0,,0.0,normalDay
2021-08-18,6450.0,578.0,0.0,0,439.18,0.0,1,6.72,0.94,SPY210827P00414000,414.0,0,0.0,0.0,,0.0,normalDay
2021-08-19,6450.0,598.0,0.0,0,439.86,0.0,1,6.72,0.74,SPY210827P00414000,414.0,0,0.0,0.0,,0.0,normalDay
2021-08-20,6450.0,657.0,0.0,0,443.36,0.0,1,6.72,0.15,SPY210827P00414000,414.0,0,0.0,0.0,,0.0,normalDay
2021-08-23,6450.0,665.0,0.0,0,447.26,0.0,1,6.72,0.07,SPY210827P00414000,414.0,0,0.0,0.0,,0.0,normalDay
2021-08-24,6450.0,667.0,0.0,0,447.97,0.0,1,6.72,0.05,SPY210827P00414000,414.0,0,0.0,0.0,,0.0,normalDay
2021-08-25,6450.0,669.0,0.0,0,448.91,0.0,1,6.72,0.03,SPY210827P00414000,414.0,0,0.0,0.0,,0.0,normalDay
2021-08-26,6450.0,669.0,0.0,0,446.26,0.0,1,6.72,0.03,SPY210827P00414000,414.0,0,0.0,0.0,,0.0,normalDay
2021-08-27,7122.0,0.0,672.0,0,450.25,0.0,1,6.72,0.0,SPY210827P00414000,414.0,0,0.0,0.0,,0.0,expirationDay
2021-08-30,7122.0,-3.0,0.0,0,452.23,0.0,1,4.13,4.16,SPY211015P00433000,433.0,0,0.0,0.0,,0.0,normalDay
2021-08-31,7122.0,-2.0,0.0,0,451.56,0.0,1,4.13,4.15,SPY211015P00433000,433.0,0,0.0,0.0,,0.0,normalDay
2021-09-01,7122.0,26.0,0.0,0,451.8,0.0,1,4.13,3.87,SPY211015P00433000,433.0,0,0.0,0.0,,0.0,normalDay
2021-09-02,7122.0,50.0,0.0,0,453.19,0.0,1,4.13,3.63,SPY211015P00433000,433.0,0,0.0,0.0,,0.0,normalDay
2021-09-03,7122.0,51.0,0.0,0,453.08,0.0,1,4.13,3.62,SPY211015P00433000,433.0,0,0.0,0.0,,0.0,normalDay
2021-09-07,7122.0,16.0,0.0,0,451.46,0.0,1,4.13,3.97,SPY211015P00433000,433.0,0,0.0,0.0,,0.0,normalDay
2021-09-08,7122.0,18.0,0.0,0,450.91,0.0,1,4.13,3.95,SPY211015P00433000,433.0,0,0.0,0.0,,0.0,normalDay
2021-09-09,7122.0,-40.0,0.0,0,448.98,0.0,1,4.13,4.53,SPY211015P00433000,433.0,0,0.0,0.0,,0.0,normalDay
2021-09-10,7122.0,-136.0,0.0,0,445.44,0.0,1,4.13,5.49,SPY211015P00433000,433.0,0,0.0,0.0,,0.0,normalDay
2021-09-13,7122.0,-40.0,0.0,0,446.58,0.0,1,4.13,4.53,SPY211015P00433000,433.0,0,0.0,0.0,,0.0,normalDay
2021-09-14,7122.0,-95.0,0.0,0,444.17,0.0,1,4.13,5.08,SPY211015P00433000,433.0,0,0.0,0.0,,0.0,normalDay
2021-09-15,7122.0,39.0,0.0,0,447.88,0.0,1,4.13,3.74,SPY211015P00433000,433.0,0,0.0,0.0,,0.0,normalDay
2021-09-16,7122.0,19.0,0.0,0,447.17,0.0,1,4.13,3.94,SPY211015P00433000,433.0,0,0.0,0.0,,0.0,normalDay
2021-09-17,7122.0,-136.0,0.0,0,441.4,0.0,1,4.13,5.49,SPY211015P00433000,433.0,0,0.0,0.0,,0.0,normalDay
2021-09-20,7122.0,-466.0,0.0,0,434.04,0.0,1,4.13,8.79,SPY211015P00433000,433.0,0,0.0,0.0,,0.0,normalDay
2021-09-21,7122.0,-440.0,0.0,0,433.63,0.0,1,4.13,8.53,SPY211015P00433000,433.0,0,0.0,0.0,,0.0,normalDay
2021-09-22,7122.0,-153.0,0.0,0,437.86,0.0,1,4.13,5.66,SPY211015P00433000,433.0,0,0.0,0.0,,0.0,normalDay
2021-09-23,7122.0,64.0,0.0,0,443.18,0.0,1,4.13,3.49,SPY211015P00433000,433.0,0,0.0,0.0,,0.0,normalDay
2021-09-24,7122.0,115.0,0.0,0,443.91,0.0,1,4.13,2.98,SPY211015P00433000,433.0,0,0.0,0.0,,0.0,normalDay
2021-09-27,7122.0,100.0,0.0,0,442.64,0.0,1,4.13,3.13,SPY211015P00433000,433.0,0,0.0,0.0,,0.0,normalDay
2021-09-28,7122.0,-266.0,0.0,0,433.72,0.0,1,4.13,6.79,SPY211015P00433000,433.0,0,0.0,0.0,,0.0,normalDay
2021-09-29,7122.0,-201.0,0.0,0,434.45,0.0,1,4.13,6.14,SPY211015P00433000,433.0,0,0.0,0.0,,0.0,normalDay
2021-09-30,7122.0,-426.0,0.0,0,429.14,0.0,1,4.13,8.39,SPY211015P00433000,433.0,0,0.0,0.0,,0.0,normalDay
2021-10-01,7122.0,-128.0,0.0,0,434.24,0.0,1,4.13,5.41,SPY211015P00433000,433.0,0,0.0,0.0,,0.0,normalDay
2021-10-04,7122.0,-386.0,0.0,0,428.64,0.0,1,4.13,7.99,SPY211015P00433000,433.0,0,0.0,0.0,,0.0,normalDay
2021-10-05,7122.0,-101.0,0.0,0,433.1,0.0,1,4.13,5.14,SPY211015P00433000,433.0,0,0.0,0.0,,0.0,normalDay
2021-10-06,7122.0,-11.0,0.0,0,434.9,0.0,1,4.13,4.24,SPY211015P00433000,433.0,0,0.0,0.0,,0.0,normalDay
2021-10-07,7122.0,175.0,0.0,0,438.66,0.0,1,4.13,2.38,SPY211015P00433000,433.0,0,0.0,0.0,,0.0,normalDay
2021-10-08,7122.0,188.0,0.0,0,437.86,0.0,1,4.13,2.25,SPY211015P00433000,433.0,0,0.0,0.0,,0.0,normalDay
2021-10-11,7122.0,113.0,0.0,0,434.69,0.0,1,4.13,3.0,SPY211015P00433000,433.0,0,0.0,0.0,,0.0,normalDay
2021-10-12,7122.0,101.0,0.0,0,433.62,0.0,1,4.13,3.12,SPY211015P00433000,433.0,0,0.0,0.0,,0.0,normalDay
2021-10-13,7122.0,280.0,0.0,0,435.18,0.0,1,4.13,1.33,SPY211015P00433000,433.0,0,0.0,0.0,,0.0,normalDay
2021-10-14,7122.0,404.0,0.0,0,442.5,0.0,1,4.13,0.09,SPY211015P00433000,433.0,0,0.0,0.0,,0.0,normalDay
2021-10-15,7535.0,0.0,413.0,0,445.87,0.0,1,4.13,0.0,SPY211015P00433000,433.0,0,0.0,0.0,,0.0,expirationDay
2021-10-18,7535.0,-4.0,0.0,0,447.19,0.0,1,2.54,2.58,SPY211126P00421000,421.0,0,0.0,0.0,,0.0,normalDay
2021-10-19,7535.0,49.0,0.0,0,450.64,0.0,1,2.54,2.05,SPY211126P00421000,421.0,0,0.0,0.0,,0.0,normalDay
2021-10-20,7535.0,66.0,0.0,0,452.41,0.0,1,2.54,1.88,SPY211126P00421000,421.0,0,0.0,0.0,,0.0,normalDay
2021-10-21,7535.0,91.0,0.0,0,453.59,0.0,1,2.54,1.63,SPY211126P00421000,421.0,0,0.0,0.0,,0.0,normalDay
2021-10-22,7535.0,81.0,0.0,0,453.12,0.0,1,2.54,1.73,SPY211126P00421000,421.0,0,0.0,0.0,,0.0,normalDay
2021-10-25,7535.0,119.0,0.0,0,455.55,0.0,1,2.54,1.35,SPY211126P00421000,421.0,0,0.0,0.0,,0.0,normalDay
2021-10-26,7535.0,116.0,0.0,0,455.96,0.0,1,2.54,1.38,SPY211126P00421000,421.0,0,0.0,0.0,,0.0,normalDay
2021-10-27,7535.0,89.0,0.0,0,453.94,0.0,1,2.54,1.65,SPY211126P00421000,421.0,0,0.0,0.0,,0.0,normalDay
2021-10-28,7535.0,130.0,0.0,0,458.32,0.0,1,2.54,1.24,SPY211126P00421000,421.0,0,0.0,0.0,,0.0,normalDay
2021-10-29,7535.0,147.0,0.0,0,459.25,0.0,1,2.54,1.07,SPY211126P00421000,421.0,0,0.0,0.0,,0.0,normalDay
2021-11-01,7535.0,170.0,0.0,0,460.04,0.0,1,2.54,0.84,SPY211126P00421000,421.0,0,0.0,0.0,,0.0,normalDay
2021-11-02,7535.0,183.0,0.0,0,461.9,0.0,1,2.54,0.71,SPY211126P00421000,421.0,0,0.0,0.0,,0.0,normalDay
2021-11-03,7535.0,205.0,0.0,0,464.72,0.0,1,2.54,0.49,SPY211126P00421000,421.0,0,0.0,0.0,,0.0,normalDay
2021-11-04,7535.0,206.0,0.0,0,466.91,0.0,1,2.54,0.48,SPY211126P00421000,421.0,0,0.0,0.0,,0.0,normalDay
2021-11-05,7535.0,205.0,0.0,0,468.53,0.0,1,2.54,0.49,SPY211126P00421000,421.0,0,0.0,0.0,,0.0,normalDay
2021-11-08,7535.0,210.0,0.0,0,468.93,0.0,1,2.54,0.44,SPY211126P00421000,421.0,0,0.0,0.0,,0.0,normalDay
2021-11-09,7535.0,210.0,0.0,0,467.38,0.0,1,2.54,0.44,SPY211126P00421000,421.0,0,0.0,0.0,,0.0,normalDay
2021-11-10,7535.0,206.0,0.0,0,463.62,0.0,1,2.54,0.48,SPY211126P00421000,421.0,0,0.0,0.0,,0.0,normalDay
2021-11-11,7535.0,222.0,0.0,0,463.77,0.0,1,2.54,0.32,SPY211126P00421000,421.0,0,0.0,0.0,,0.0,normalDay
2021-11-12,7535.0,235.0,0.0,0,467.27,0.0,1,2.54,0.19,SPY211126P00421000,421.0,0,0.0,0.0,,0.0,normalDay
2021-11-15,7535.0,242.0,0.0,0,467.43,0.0,1,2.54,0.12,SPY211126P00421000,421.0,0,0.0,0.0,,0.0,normalDay
2021-11-16,7535.0,244.0,0.0,0,469.28,0.0,1,2.54,0.1,SPY211126P00421000,421.0,0,0.0,0.0,,0.0,normalDay
2021-11-17,7535.0,247.0,0.0,0,468.14,0.0,1,2.54,0.07,SPY211126P00421000,421.0,0,0.0,0.0,,0.0,normalDay
2021-11-18,7535.0,248.0,0.0,0,469.73,0.0,1,2.54,0.06,SPY211126P00421000,421.0,0,0.0,0.0,,0.0,normalDay
2021-11-19,7535.0,249.0,0.0,0,468.89,0.0,1,2.54,0.05,SPY211126P00421000,421.0,0,0.0,0.0,,0.0,normalDay
2021-11-22,7535.0,250.0,0.0,0,467.57,0.0,1,2.54,0.04,SPY211126P00421000,421.0,0,0.0,0.0,,0.0,normalDay
2021-11-23,7535.0,252.0,0.0,0,468.19,0.0,1,2.54,0.02,SPY211126P00421000,421.0,0,0.0,0.0,,0.0,normalDay
2021-11-24,7535.0,253.0,0.0,0,469.44,0.0,1,2.54,0.01,SPY211126P00421000,421.0,0,0.0,0.0,,0.0,normalDay
2021-11-26,7789.0,0.0,254.0,0,458.97,0.0,1,2.54,0.0,SPY211126P00421000,421.0,0,0.0,0.0,,0.0,expirationDay
2021-11-29,7789.0,-5.0,0.0,0,464.6,0.0,1,9.92,9.97,SPY220121P00456000,456.0,0,0.0,0.0,,0.0,normalDay
2021-11-30,7789.0,-373.0,0.0,0,455.56,0.0,1,9.92,13.65,SPY220121P00456000,456.0,0,0.0,0.0,,0.0,normalDay
2021-12-01,7789.0,-884.0,0.0,0,450.5,0.0,1,9.92,18.76,SPY220121P00456000,456.0,0,0.0,0.0,,0.0,normalDay
2021-12-02,7789.0,-404.0,0.0,0,457.4,0.0,1,9.92,13.96,SPY220121P00456000,456.0,0,0.0,0.0,,0.0,normalDay
2021-12-03,7789.0,-628.0,0.0,0,453.42,0.0,1,9.92,16.2,SPY220121P00456000,456.0,0,0.0,0.0,,0.0,normalDay
2021-12-06,7789.0,-267.0,0.0,0,458.79,0.0,1,9.92,12.59,SPY220121P00456000,456.0,0,0.0,0.0,,0.0,normalDay
2021-12-07,7789.0,211.0,0.0,0,468.28,0.0,1,9.92,7.81,SPY220121P00456000,456.0,0,0.0,0.0,,0.0,normalDay
2021-12-08,7789.0,317.0,0.0,0,469.52,0.0,1,9.92,6.75,SPY220121P00456000,456.0,0,0.0,0.0,,0.0,normalDay
2021-12-09,7789.0,207.0,0.0,0,466.35,0.0,1,9.92,7.85,SPY220121P00456000,456.0,0,0.0,0.0,,0.0,normalDay
2021-12-10,7789.0,413.0,0.0,0,470.74,0.0,1,9.92,5.79,SPY220121P00456000,456.0,0,0.0,0.0,,0.0,normalDay
2021-12-13,7789.0,280.0,0.0,0,466.57,0.0,1,9.92,7.12,SPY220121P00456000,456.0,0,0.0,0.0,,0.0,normalDay
2021-12-14,7789.0,141.0,0.0,0,463.36,0.0,1,9.92,8.51,SPY220121P00456000,456.0,0,0.0,0.0,,0.0,normalDay
2021-12-15,7789.0,454.0,0.0,0,470.6,0.0,1,9.92,5.38,SPY220121P00456000,456.0,0,0.0,0.0,,0.0,normalDay
2021-12-16,7789.0,333.0,0.0,0,466.45,0.0,1,9.92,6.59,SPY220121P00456000,456.0,0,0.0,0.0,,0.0,normalDay
2021-12-17,7789.0,139.0,0.0,0,459.87,0.0,1,9.92,8.53,SPY220121P00456000,456.0,0,0.0,0.0,,0.0,normalDay
2021-12-20,7789.0,-58.0,0.0,0,454.98,0.0,1,9.92,10.5,SPY220121P00456000,456.0,0,0.0,0.0,,0.0,normalDay
2021-12-21,7789.0,295.0,0.0,0,463.06,0.0,1,9.92,6.97,SPY220121P00456000,456.0,0,0.0,0.0,,0.0,normalDay
2021-12-22,7789.0,522.0,0.0,0,467.69,0.0,1,9.92,4.7,SPY220121P00456000,456.0,0,0.0,0.0,,0.0,normalDay
2021-12-23,7789.0,632.0,0.0,0,470.6,0.0,1,9.92,3.6,SPY220121P00456000,456.0,0,0.0,0.0,,0.0,normalDay
2021-12-27,7789.0,781.0,0.0,0,477.26,0.0,1,9.92,2.11,SPY220121P00456000,456.0,0,0.0,0.0,,0.0,normalDay
2021-12-28,7789.0,797.0,0.0,0,476.87,0.0,1,9.92,1.95,SPY220121P00456000,456.0,0,0.0,0.0,,0.0,normalDay
2021-12-29,7789.0,831.0,0.0,0,477.48,0.0,1,9.92,1.61,SPY220121P00456000,456.0,0,0.0,0.0,,0.0,normalDay
2021-12-30,7789.0,811.0,0.0,0,476.16,0.0,1,9.92,1.81,SPY220121P00456000,456.0,0,0.0,0.0,,0.0,normalDay
2021-12-31,7789.0,820.0,0.0,0,474.96,0.0,1,9.92,1.72,SPY220121P00456000,456.0,0,0.0,0.0,,0.0,normalDay
2022-01-03,7789.0,882.0,0.0,0,477.71,0.0,1,9.92,1.1,SPY220121P00456000,456.0,0,0.0,0.0,,0.0,normalDay
2022-01-04,7789.0,882.0,0.0,0,477.55,0.0,1,9.92,1.1,SPY220121P00456000,456.0,0,0.0,0.0,,0.0,normalDay
2022-01-05,7789.0,706.0,0.0,0,468.38,0.0,1,9.92,2.86,SPY220121P00456000,456.0,0,0.0,0.0,,0.0,normalDay
2022-01-06,7789.0,727.0,0.0,0,467.94,0.0,1,9.92,2.65,SPY220121P00456000,456.0,0,0.0,0.0,,0.0,normalDay
2022-01-07,7789.0,759.0,0.0,0,466.09,0.0,1,9.92,2.33,SPY220121P00456000,456.0,0,0.0,0.0,,0.0,normalDay
2022-01-10,7789.0,752.0,0.0,0,465.51,0.0,1,9.92,2.4,SPY220121P00456000,456.0,0,0.0,0.0,,0.0,normalDay
2022-01-11,7789.0,851.0,0.0,0,469.75,0.0,1,9.92,1.41,SPY220121P00456000,456.0,0,0.0,0.0,,0.0,normalDay
2022-01-12,7789.0,909.0,0.0,0,471.02,0.0,1,9.92,0.83,SPY220121P00456000,456.0,0,0.0,0.0,,0.0,normalDay
2022-01-13,7789.0,769.0,0.0,0,464.53,0.0,1,9.92,2.23,SPY220121P00456000,456.0,0,0.0,0.0,,0.0,normalDay
2022-01-14,7789.0,842.0,0.0,0,464.72,0.0,1,9.92,1.5,SPY220121P00456000,456.0,0,0.0,0.0,,0.0,normalDay
2022-01-18,7789.0,602.0,0.0,0,456.49,0.0,1,9.92,3.9,SPY220121P00456000,456.0,0,0.0,0.0,,0.0,normalDay
2022-01-19,7789.0,448.0,0.0,0,451.75,0.0,1,9.92,5.44,SPY220121P00456000,456.0,0,0.0,0.0,,0.0,normalDay
2022-01-20,7789.0,-6.0,0.0,0,446.75,0.0,1,9.92,9.98,SPY220121P00456000,456.0,0,0.0,0.0,,0.0,normalDay
2022-01-21,8781.0,-1802.0,992.0,100,437.98,456.0,1,9.92,0.0,SPY220121P00456000,456.0,0,0.0,0.0,,0.0,expirationDay
2022-01-24,8781.0,-1899.0,0.0,100,439.84,456.0,0,0.0,0.0,,0.0,1,4.11,6.94,SPY220715C00485000,485.0,normalDay
2022-01-25,8781.0,-2231.0,0.0,100,434.47,456.0,0,0.0,0.0,,0.0,1,4.11,4.89,SPY220715C00485000,485.0,normalDay
2022-01-26,8781.0,-2349.0,0.0,100,433.38,456.0,0,0.0,0.0,,0.0,1,4.11,4.98,SPY220715C00485000,485.0,normalDay
2022-01-27,8781.0,-2481.0,0.0,100,431.24,456.0,0,0.0,0.0,,0.0,1,4.11,4.16,SPY220715C00485000,485.0,normalDay
2022-01-28,8781.0,-1558.0,0.0,100,441.95,456.0,0,0.0,0.0,,0.0,1,4.11,5.64,SPY220715C00485000,485.0,normalDay
2022-01-31,8781.0,-899.0,0.0,100,449.91,456.0,0,0.0,0.0,,0.0,1,4.11,7.01,SPY220715C00485000,485.0,normalDay
2022-02-01,8781.0,-622.0,0.0,100,452.95,456.0,0,0.0,0.0,,0.0,1,4.11,7.28,SPY220715C00485000,485.0,normalDay
2022-02-02,8781.0,-260.0,0.0,100,457.35,456.0,0,0.0,0.0,,0.0,1,4.11,8.06,SPY220715C00485000,485.0,normalDay
2022-02-03,8781.0,-1259.0,0.0,100,446.6,456.0,0,0.0,0.0,,0.0,1,4.11,7.3,SPY220715C00485000,485.0,normalDay
2022-02-04,8781.0,-970.0,0.0,100,448.7,456.0,0,0.0,0.0,,0.0,1,4.11,6.51,SPY220715C00485000,485.0,normalDay
2022-02-07,8781.0,-1077.0,0.0,100,447.26,456.0,0,0.0,0.0,,0.0,1,4.11,6.14,SPY220715C00485000,485.0,normalDay
2022-02-08,8781.0,-758.0,0.0,100,450.94,456.0,0,0.0,0.0,,0.0,1,4.11,6.63,SPY220715C00485000,485.0,normalDay
2022-02-09,8781.0,-252.0,0.0,100,457.54,456.0,0,0.0,0.0,,0.0,1,4.11,8.17,SPY220715C00485000,485.0,normalDay
2022-02-10,8781.0,-889.0,0.0,100,449.32,456.0,0,0.0,0.0,,0.0,1,4.11,6.32,SPY220715C00485000,485.0,normalDay
2022-02-11,8781.0,-1623.0,0.0,100,440.46,456.0,0,0.0,0.0,,0.0,1,4.11,4.8,SPY220715C00485000,485.0,normalDay
2022-02-14,8781.0,-1733.0,0.0,100,439.02,456.0,0,0.0,0.0,,0.0,1,4.11,4.46,SPY220715C00485000,485.0,normalDay
2022-02-15,8781.0,-1102.0,0.0,100,446.1,456.0,0,0.0,0.0,,0.0,1,4.11,5.23,SPY220715C00485000,485.0,normalDay
2022-02-16,8781.0,-1022.0,0.0,100,446.6,456.0,0,0.0,0.0,,0.0,1,4.11,4.93,SPY220715C00485000,485.0,normalDay
2022-02-17,8781.0,-1851.0,0.0,100,437.06,456.0,0,0.0,0.0,,0.0,1,4.11,3.68,SPY220715C00485000,485.0,normalDay
2022-02-18,8781.0,-2090.0,0.0,100,434.23,456.0,0,0.0,0.0,,0.0,1,4.11,3.24,SPY220715C00485000,485.0,normalDay
2022-02-22,8781.0,-2515.0,0.0,100,429.57,456.0,0,0.0,0.0,,0.0,1,4.11,2.83,SPY220715C00485000,485.0,normalDay
2022-02-23,8781.0,-3197.0,0.0,100,421.95,456.0,0,0.0,0.0,,0.0,1,4.11,2.03,SPY220715C00485000,485.0,normalDay
2022-02-24,8781.0,-2613.0,0.0,100,428.3,456.0,0,0.0,0.0,,0.0,1,4.11,2.54,SPY220715C00485000,485.0,normalDay
2022-02-25,8781.0,-1774.0,0.0,100,437.75,456.0,0,0.0,0.0,,0.0,1,4.11,3.6,SPY220715C00485000,485.0,normalDay
2022-02-28,8781.0,-1907.0,0.0,100,436.63,456.0,0,0.0,0.0,,0.0,1,4.11,3.81,SPY220715C00485000,485.0,normalDay
2022-03-01,8781.0,-2529.0,0.0,100,429.98,456.0,0,0.0,0.0,,0.0,1,4.11,3.38,SPY220715C00485000,485.0,normalDay
2022-03-02,8781.0,-1801.0,0.0,100,437.89,456.0,0,0.0,0.0,,0.0,1,4.11,4.01,SPY220715C00485000,485.0,normalDay
2022-03-03,8781.0,-1979.0,0.0,100,435.71,456.0,0,0.0,0.0,,0.0,1,4.11,3.61,SPY220715C00485000,485.0,normalDay
2022-03-04,8781.0,-2286.0,0.0,100,432.17,456.0,0,0.0,0.0,,0.0,1,4.11,3.14,SPY220715C00485000,485.0,normalDay
2022-03-07,8781.0,-3462.0,0.0,100,419.43,456.0,0,0.0,0.0,,0.0,1,4.11,2.16,SPY220715C00485000,485.0,normalDay
2022-03-08,8781.0,-3736.0,0.0,100,416.25,456.0,0,0.0,0.0,,0.0,1,4.11,1.72,SPY220715C00485000,485.0,normalDay
2022-03-09,8781.0,-2732.0,0.0,100,427.41,456.0,0,0.0,0.0,,0.0,1,4.11,2.84,SPY220715C00485000,485.0,normalDay
2022-03-10,8781.0,-2861.0,0.0,100,425.48,456.0,0,0.0,0.0,,0.0,1,4.11,2.2,SPY220715C00485000,485.0,normalDay
2022-03-11,8781.0,-3351.0,0.0,100,420.07,456.0,0,0.0,0.0,,0.0,1,4.11,1.69,SPY220715C00485000,485.0,normalDay
2022-03-14,8781.0,-3642.0,0.0,100,417.0,456.0,0,0.0,0.0,,0.0,1,4.11,1.53,SPY220715C00485000,485.0,normalDay
2022-03-15,8781.0,-2783.0,0.0,100,426.17,456.0,0,0.0,0.0,,0.0,1,4.11,2.11,SPY220715C00485000,485.0,normalDay
2022-03-16,8781.0,-1890.0,0.0,100,435.62,456.0,0,0.0,0.0,,0.0,1,4.11,2.63,SPY220715C00485000,485.0,normalDay
2022-03-17,8781.0,-1374.0,0.0,100,441.07,456.0,0,0.0,0.0,,0.0,1,4.11,2.92,SPY220715C00485000,485.0,normalDay
2022-03-18,8781.0,-1070.0,0.0,100,444.52,456.0,0,0.0,0.0,,0.0,1,4.11,3.33,SPY220715C00485000,485.0,normalDay
2022-03-21,8781.0,-1061.0,0.0,100,444.39,456.0,0,0.0,0.0,,0.0,1,4.11,3.11,SPY220715C00485000,485.0,normalDay
2022-03-22,8781.0,-629.0,0.0,100,449.59,456.0,0,0.0,0.0,,0.0,1,4.11,3.99,SPY220715C00485000,485.0,normalDay
2022-03-23,8781.0,-1093.0,0.0,100,443.8,456.0,0,0.0,0.0,,0.0,1,4.11,2.84,SPY220715C00485000,485.0,normalDay
2022-03-24,8781.0,-524.0,0.0,100,450.49,456.0,0,0.0,0.0,,0.0,1,4.11,3.84,SPY220715C00485000,485.0,normalDay
2022-03-25,8781.0,-334.0,0.0,100,452.69,456.0,0,0.0,0.0,,0.0,1,4.11,4.14,SPY220715C00485000,485.0,normalDay
2022-03-28,8781.0,-57.0,0.0,100,455.91,456.0,0,0.0,0.0,,0.0,1,4.11,4.59,SPY220715C00485000,485.0,normalDay
2022-03-29,8781.0,384.0,0.0,100,461.55,456.0,0,0.0,0.0,,0.0,1,4.11,5.82,SPY220715C00485000,485.0,normalDay
2022-03-30,8781.0,151.0,0.0,100,458.7,456.0,0,0.0,0.0,,0.0,1,4.11,5.3,SPY220715C00485000,485.0,normalDay
2022-03-31,8781.0,-407.0,0.0,100,451.64,456.0,0,0.0,0.0,,0.0,1,4.11,3.82,SPY220715C00485000,485.0,normalDay
2022-04-01,8781.0,-247.0,0.0,100,452.92,456.0,0,0.0,0.0,,0.0,1,4.11,3.5,SPY220715C00485000,485.0,normalDay
2022-04-04,8781.0,98.0,0.0,100,456.8,456.0,0,0.0,0.0,,0.0,1,4.11,3.93,SPY220715C00485000,485.0,normalDay
2022-04-05,8781.0,-400.0,0.0,100,451.03,456.0,0,0.0,0.0,,0.0,1,4.11,3.14,SPY220715C00485000,485.0,normalDay
2022-04-06,8781.0,-775.0,0.0,100,446.52,456.0,0,0.0,0.0,,0.0,1,4.11,2.38,SPY220715C00485000,485.0,normalDay
2022-04-07,8781.0,-576.0,0.0,100,448.77,456.0,0,0.0,0.0,,0.0,1,4.11,2.64,SPY220715C00485000,485.0,normalDay
2022-04-08,8781.0,-667.0,0.0,100,447.57,456.0,0,0.0,0.0,,0.0,1,4.11,2.35,SPY220715C00485000,485.0,normalDay
2022-04-11,8781.0,-1353.0,0.0,100,439.92,456.0,0,0.0,0.0,,0.0,1,4.11,1.56,SPY220715C00485000,485.0,normalDay
2022-04-12,8781.0,-1502.0,0.0,100,438.29,456.0,0,0.0,0.0,,0.0,1,4.11,1.42,SPY220715C00485000,485.0,normalDay
2022-04-13,8781.0,-1019.0,0.0,100,443.31,456.0,0,0.0,0.0,,0.0,1,4.11,1.61,SPY220715C00485000,485.0,normalDay
2022-04-14,8781.0,-1529.0,0.0,100,437.79,456.0,0,0.0,0.0,,0.0,1,4.11,1.19,SPY220715C00485000,485.0,normalDay
2022-04-18,8781.0,-1501.0,0.0,100,437.97,456.0,0,0.0,0.0,,0.0,1,4.11,1.09,SPY220715C00485000,485.0,normalDay
2022-04-19,8781.0,-825.0,0.0,100,445.04,456.0,0,0.0,0.0,,0.0,1,4.11,1.4,SPY220715C00485000,485.0,normalDay
2022-04-20,8781.0,-872.0,0.0,100,444.71,456.0,0,0.0,0.0,,0.0,1,4.11,1.54,SPY220715C00485000,485.0,normalDay
2022-04-21,8781.0,-1481.0,0.0,100,438.06,456.0,0,0.0,0.0,,0.0,1,4.11,0.98,SPY220715C00485000,485.0,normalDay
2022-04-22,8781.0,-2639.0,0.0,100,426.04,456.0,0,0.0,0.0,,0.0,1,4.11,0.54,SPY220715C00485000,485.0,normalDay
2022-04-25,8781.0,-2392.0,0.0,100,428.51,456.0,0,0.0,0.0,,0.0,1,4.11,0.54,SPY220715C00485000,485.0,normalDay
2022-04-26,8781.0,-3611.0,0.0,100,416.1,456.0,0,0.0,0.0,,0.0,1,4.11,0.32,SPY220715C00485000,485.0,normalDay
2022-04-27,8781.0,-3497.0,0.0,100,417.27,456.0,0,0.0,0.0,,0.0,1,4.11,0.35,SPY220715C00485000,485.0,normalDay
2022-04-28,8781.0,-2464.0,0.0,100,427.81,456.0,0,0.0,0.0,,0.0,1,4.11,0.56,SPY220715C00485000,485.0,normalDay
2022-04-29,8781.0,-4021.0,0.0,100,412.0,456.0,0,0.0,0.0,,0.0,1,4.11,0.32,SPY220715C00485000,485.0,normalDay
2022-05-02,8781.0,-3776.0,0.0,100,414.48,456.0,0,0.0,0.0,,0.0,1,4.11,0.35,SPY220715C00485000,485.0,normalDay
2022-05-03,8781.0,-3577.0,0.0,100,416.38,456.0,0,0.0,0.0,,0.0,1,4.11,0.26,SPY220715C00485000,485.0,normalDay
2022-05-04,8781.0,-2327.0,0.0,100,429.06,456.0,0,0.0,0.0,,0.0,1,4.11,0.44,SPY220715C00485000,485.0,normalDay
2022-05-05,8781.0,-3833.0,0.0,100,413.81,456.0,0,0.0,0.0,,0.0,1,4.11,0.25,SPY220715C00485000,485.0,normalDay
2022-05-06,8781.0,-4073.0,0.0,100,411.34,456.0,0,0.0,0.0,,0.0,1,4.11,0.18,SPY220715C00485000,485.0,normalDay
2022-05-09,8781.0,-5387.0,0.0,100,398.17,456.0,0,0.0,0.0,,0.0,1,4.11,0.15,SPY220715C00485000,485.0,normalDay
2022-05-10,8781.0,-5291.0,0.0,100,399.09,456.0,0,0.0,0.0,,0.0,1,4.11,0.11,SPY220715C00485000,485.0,normalDay
2022-05-11,8781.0,-5924.0,0.0,100,392.75,456.0,0,0.0,0.0,,0.0,1,4.11,0.1,SPY220715C00485000,485.0,normalDay
2022-05-12,8781.0,-5964.0,0.0,100,392.34,456.0,0,0.0,0.0,,0.0,1,4.11,0.09,SPY220715C00485000,485.0,normalDay
2022-05-13,8781.0,-5025.0,0.0,100,401.72,456.0,0,0.0,0.0,,0.0,1,4.11,0.08,SPY220715C00485000,485.0,normalDay
2022-05-16,8781.0,-5185.0,0.0,100,400.09,456.0,0,0.0,0.0,,0.0,1,4.11,0.05,SPY220715C00485000,485.0,normalDay
2022-05-17,8781.0,-4364.0,0.0,100,408.32,456.0,0,0.0,0.0,,0.0,1,4.11,0.07,SPY220715C00485000,485.0,normalDay
2022-05-18,8781.0,-6007.0,0.0,100,391.86,456.0,0,0.0,0.0,,0.0,1,4.11,0.04,SPY220715C00485000,485.0,normalDay
2022-05-19,8781.0,-6247.0,0.0,100,389.46,456.0,0,0.0,0.0,,0.0,1,4.11,0.04,SPY220715C00485000,485.0,normalDay
2022-05-20,8781.0,-6231.0,0.0,100,389.63,456.0,0,0.0,0.0,,0.0,1,4.11,0.05,SPY220715C00485000,485.0,normalDay
2022-05-23,8781.0,-5503.0,0.0,100,396.92,456.0,0,0.0,0.0,,0.0,1,4.11,0.06,SPY220715C00485000,485.0,normalDay
2022-05-24,8781.0,-5807.0,0.0,100,393.89,456.0,0,0.0,0.0,,0.0,1,4.11,0.07,SPY220715C00485000,485.0,normalDay
2022-05-25,8781.0,-5459.0,0.0,100,397.37,456.0,0,0.0,0.0,,0.0,1,4.11,0.07,SPY220715C00485000,485.0,normalDay
2022-05-26,8781.0,-4667.0,0.0,100,405.31,456.0,0,0.0,0.0,,0.0,1,4.11,0.09,SPY220715C00485000,485.0,normalDay
2022-05-27,8781.0,-3676.0,0.0,100,415.26,456.0,0,0.0,0.0,,0.0,1,4.11,0.13,SPY220715C00485000,485.0,normalDay
2022-05-31,8781.0,-3904.0,0.0,100,412.93,456.0,0,0.0,0.0,,0.0,1,4.11,0.08,SPY220715C00485000,485.0,normalDay
2022-06-01,8781.0,-4236.0,0.0,100,409.59,456.0,0,0.0,0.0,,0.0,1,4.11,0.06,SPY220715C00485000,485.0,normalDay
2022-06-02,8781.0,-3458.0,0.0,100,417.39,456.0,0,0.0,0.0,,0.0,1,4.11,0.08,SPY220715C00485000,485.0,normalDay
2022-06-03,8781.0,-4141.0,0.0,100,410.54,456.0,0,0.0,0.0,,0.0,1,4.11,0.06,SPY220715C00485000,485.0,normalDay
2022-06-06,8781.0,-4015.0,0.0,100,411.79,456.0,0,0.0,0.0,,0.0,1,4.11,0.05,SPY220715C00485000,485.0,normalDay
2022-06-07,8781.0,-3620.0,0.0,100,415.74,456.0,0,0.0,0.0,,0.0,1,4.11,0.05,SPY220715C00485000,485.0,normalDay
2022-06-08,8781.0,-4071.0,0.0,100,411.22,456.0,0,0.0,0.0,,0.0,1,4.11,0.04,SPY220715C00485000,485.0,normalDay
2022-06-09,8781.0,-5048.0,0.0,100,401.44,456.0,0,0.0,0.0,,0.0,1,4.11,0.03,SPY220715C00485000,485.0,normalDay
2022-06-10,8781.0,-6211.0,0.0,100,389.8,456.0,0,0.0,0.0,,0.0,1,4.11,0.02,SPY220715C00485000,485.0,normalDay
2022-06-13,8781.0,-7692.0,0.0,100,375.0,456.0,0,0.0,0.0,,0.0,1,4.11,0.03,SPY220715C00485000,485.0,normalDay
2022-06-14,8781.0,-7805.0,0.0,100,373.87,456.0,0,0.0,0.0,,0.0,1,4.11,0.03,SPY220715C00485000,485.0,normalDay
2022-06-15,8781.0,-7271.0,0.0,100,379.2,456.0,0,0.0,0.0,,0.0,1,4.11,0.02,SPY220715C00485000,485.0,normalDay
2022-06-16,8781.0,-8526.0,0.0,100,366.65,456.0,0,0.0,0.0,,0.0,1,4.11,0.02,SPY220715C00485000,485.0,normalDay
2022-06-17,8781.0,-8605.0,0.0,100,365.86,456.0,0,0.0,0.0,,0.0,1,4.11,0.02,SPY220715C00485000,485.0,normalDay
2022-06-21,8781.0,-7684.0,0.0,100,375.07,456.0,0,0.0,0.0,,0.0,1,4.11,0.02,SPY220715C00485000,485.0,normalDay
2022-06-22,8781.0,-7752.0,0.0,100,374.39,456.0,0,0.0,0.0,,0.0,1,4.11,0.02,SPY220715C00485000,485.0,normalDay
2022-06-23,8781.0,-7384.0,0.0,100,378.06,456.0,0,0.0,0.0,,0.0,1,4.11,0.01,SPY220715C00485000,485.0,normalDay
2022-06-24,8781.0,-6183.0,0.0,100,390.08,456.0,0,0.0,0.0,,0.0,1,4.11,0.02,SPY220715C00485000,485.0,normalDay
2022-06-27,8781.0,-6332.0,0.0,100,388.59,456.0,0,0.0,0.0,,0.0,1,4.11,0.02,SPY220715C00485000,485.0,normalDay
2022-06-28,8781.0,-7125.0,0.0,100,380.65,456.0,0,0.0,0.0,,0.0,1,4.11,0.01,SPY220715C00485000,485.0,normalDay
2022-06-29,8781.0,-7156.0,0.0,100,380.34,456.0,0,0.0,0.0,,0.0,1,4.11,0.01,SPY220715C00485000,485.0,normalDay
2022-06-30,8781.0,-7465.0,0.0,100,377.25,456.0,0,0.0,0.0,,0.0,1,4.11,0.01,SPY220715C00485000,485.0,normalDay
2022-07-01,8781.0,-7066.0,0.0,100,381.24,456.0,0,0.0,0.0,,0.0,1,4.11,0.01,SPY220715C00485000,485.0,normalDay
2022-07-05,8781.0,-6994.0,0.0,100,381.96,456.0,0,0.0,0.0,,0.0,1,4.11,0.01,SPY220715C00485000,485.0,normalDay
2022-07-06,8781.0,-6865.0,0.0,100,383.25,456.0,0,0.0,0.0,,0.0,1,4.11,0.01,SPY220715C00485000,485.0,normalDay
2022-07-07,8781.0,-6291.0,0.0,100,388.99,456.0,0,0.0,0.0,,0.0,1,4.11,0.01,SPY220715C00485000,485.0,normalDay
2022-07-08,8781.0,-6323.0,0.0,100,388.67,456.0,0,0.0,0.0,,0.0,1,4.11,0.01,SPY220715C00485000,485.0,normalDay
2022-07-11,8781.0,-6767.0,0.0,100,384.23,456.0,0,0.0,0.0,,0.0,1,4.11,0.01,SPY220715C00485000,485.0,normalDay
2022-07-12,8781.0,-7107.0,0.0,100,380.83,456.0,0,0.0,0.0,,0.0,1,4.11,0.01,SPY220715C00485000,485.0,normalDay
2022-07-13,8781.0,-7307.0,0.0,100,378.83,456.0,0,0.0,0.0,,0.0,1,4.11,0.01,SPY220715C00485000,485.0,normalDay
2022-07-14,8781.0,-7399.0,0.0,100,377.91,456.0,0,0.0,0.0,,0.0,1,4.11,0.01,SPY220715C00485000,485.0,normalDay
2022-07-15,9192.0,-7087.0,411.0,100,385.13,456.0,0,0.0,0.0,,0.0,1,4.11,0.0,SPY220715C00485000,485.0,expirationDay
2022-07-18,9192.0,-7419.0,0.0,100,381.95,456.0,0,0.0,0.0,,0.0,1,23.04,23.18,SPY230120C00390000,390.0,normalDay
2022-07-19,9192.0,-7002.0,0.0,100,392.27,456.0,0,0.0,0.0,,0.0,1,23.04,29.33,SPY230120C00390000,390.0,normalDay
2022-07-20,9192.0,-6879.0,0.0,100,394.77,456.0,0,0.0,0.0,,0.0,1,23.04,30.6,SPY230120C00390000,390.0,normalDay
2022-07-21,9192.0,-6685.0,0.0,100,398.79,456.0,0,0.0,0.0,,0.0,1,23.04,32.68,SPY230120C00390000,390.0,normalDay
2022-07-22,9192.0,-6785.0,0.0,100,395.09,456.0,0,0.0,0.0,,0.0,1,23.04,29.98,SPY230120C00390000,390.0,normalDay
2022-07-25,9192.0,-6806.0,0.0,100,395.57,456.0,0,0.0,0.0,,0.0,1,23.04,30.67,SPY230120C00390000,390.0,normalDay
2022-07-26,9192.0,-7018.0,0.0,100,390.89,456.0,0,0.0,0.0,,0.0,1,23.04,28.11,SPY230120C00390000,390.0,normalDay
2022-07-27,9192.0,-6503.0,0.0,100,401.04,456.0,0,0.0,0.0,,0.0,1,23.04,33.11,SPY230120C00390000,390.0,normalDay
2022-07-28,9192.0,-6427.0,0.0,100,406.07,456.0,0,0.0,0.0,,0.0,1,23.04,37.38,SPY230120C00390000,390.0,normalDay
2022-07-29,9192.0,-6143.0,0.0,100,411.99,456.0,0,0.0,0.0,,0.0,1,23.04,40.46,SPY230120C00390000,390.0,normalDay
2022-08-01,9192.0,-6234.0,0.0,100,410.77,456.0,0,0.0,0.0,,0.0,1,23.04,40.15,SPY230120C00390000,390.0,normalDay
2022-08-02,9192.0,-6333.0,0.0,100,408.06,456.0,0,0.0,0.0,,0.0,1,23.04,38.43,SPY230120C00390000,390.0,normalDay
2022-08-03,9192.0,-6062.0,0.0,100,414.45,456.0,0,0.0,0.0,,0.0,1,23.04,42.11,SPY230120C00390000,390.0,normalDay
2022-08-04,9192.0,-6104.0,0.0,100,414.17,456.0,0,0.0,0.0,,0.0,1,23.04,42.25,SPY230120C00390000,390.0,normalDay
2022-08-05,9192.0,-6075.0,0.0,100,413.47,456.0,0,0.0,0.0,,0.0,1,23.04,41.26,SPY230120C00390000,390.0,normalDay
2022-08-08,9192.0,-6115.0,0.0,100,412.99,456.0,0,0.0,0.0,,0.0,1,23.04,41.18,SPY230120C00390000,390.0,normalDay
2022-08-09,9192.0,-6173.0,0.0,100,411.35,456.0,0,0.0,0.0,,0.0,1,23.04,40.12,SPY230120C00390000,390.0,normalDay
2022-08-10,9192.0,-5859.0,0.0,100,419.99,456.0,0,0.0,0.0,,0.0,1,23.04,45.62,SPY230120C00390000,390.0,normalDay
2022-08-11,9192.0,-5908.0,0.0,100,419.99,456.0,0,0.0,0.0,,0.0,1,23.04,46.11,SPY230120C00390000,390.0,normalDay
2022-08-12,9192.0,-5650.0,0.0,100,427.1,456.0,0,0.0,0.0,,0.0,1,23.04,50.64,SPY230120C00390000,390.0,normalDay
2022-08-15,9192.0,-5618.0,0.0,100,428.86,456.0,0,0.0,0.0,,0.0,1,23.04,52.08,SPY230120C00390000,390.0,normalDay
2022-08-16,9192.0,-5586.0,0.0,100,429.7,456.0,0,0.0,0.0,,0.0,1,23.04,52.6,SPY230120C00390000,390.0,normalDay
2022-08-17,9192.0,-5708.0,0.0,100,426.65,456.0,0,0.0,0.0,,0.0,1,23.04,50.77,SPY230120C00390000,390.0,normalDay
2022-08-18,9192.0,-5619.0,0.0,100,427.89,456.0,0,0.0,0.0,,0.0,1,23.04,51.12,SPY230120C00390000,390.0,normalDay
2022-08-19,9192.0,-5783.0,0.0,100,422.14,456.0,0,0.0,0.0,,0.0,1,23.04,47.01,SPY230120C00390000,390.0,normalDay
2022-08-22,9192.0,-6060.0,0.0,100,413.35,456.0,0,0.0,0.0,,0.0,1,23.04,40.99,SPY230120C00390000,390.0,normalDay
2022-08-23,9192.0,-6016.0,0.0,100,412.35,456.0,0,0.0,0.0,,0.0,1,23.04,39.55,SPY230120C00390000,390.0,normalDay
2022-08-24,9192.0,-5945.0,0.0,100,413.67,456.0,0,0.0,0.0,,0.0,1,23.04,40.16,SPY230120C00390000,390.0,normalDay
2022-08-25,9192.0,-5729.0,0.0,100,419.51,456.0,0,0.0,0.0,,0.0,1,23.04,43.84,SPY230120C00390000,390.0,normalDay
2022-08-26,9192.0,-6205.0,0.0,100,405.31,456.0,0,0.0,0.0,,0.0,1,23.04,34.4,SPY230120C00390000,390.0,normalDay
2022-08-29,9192.0,-6293.0,0.0,100,402.63,456.0,0,0.0,0.0,,0.0,1,23.04,32.6,SPY230120C00390000,390.0,normalDay
2022-08-30,9192.0,-6434.0,0.0,100,398.21,456.0,0,0.0,0.0,,0.0,1,23.04,29.59,SPY230120C00390000,390.0,normalDay
2022-08-31,9192.0,-6525.0,0.0,100,395.18,456.0,0,0.0,0.0,,0.0,1,23.04,27.47,SPY230120C00390000,390.0,normalDay
2022-09-01,9192.0,-6424.0,0.0,100,396.42,456.0,0,0.0,0.0,,0.0,1,23.04,27.7,SPY230120C00390000,390.0,normalDay
2022-09-02,9192.0,-6590.0,0.0,100,392.24,456.0,0,0.0,0.0,,0.0,1,23.04,25.18,SPY230120C00390000,390.0,normalDay
2022-09-06,9192.0,-6605.0,0.0,100,390.76,456.0,0,0.0,0.0,,0.0,1,23.04,23.85,SPY230120C00390000,390.0,normalDay
2022-09-07,9192.0,-6288.0,0.0,100,397.78,456.0,0,0.0,0.0,,0.0,1,23.04,27.7,SPY230120C00390000,390.0,normalDay
2022-09-08,9192.0,-6190.0,0.0,100,400.38,456.0,0,0.0,0.0,,0.0,1,23.04,29.32,SPY230120C00390000,390.0,normalDay
2022-09-09,9192.0,-5927.0,0.0,100,406.6,456.0,0,0.0,0.0,,0.0,1,23.04,32.91,SPY230120C00390000,390.0,normalDay
2022-09-12,9192.0,-5842.0,0.0,100,410.97,456.0,0,0.0,0.0,,0.0,1,23.04,36.43,SPY230120C00390000,390.0,normalDay
2022-09-13,9192.0,-6542.0,0.0,100,393.1,456.0,0,0.0,0.0,,0.0,1,23.04,25.56,SPY230120C00390000,390.0,normalDay
2022-09-14,9192.0,-6405.0,0.0,100,394.6,456.0,0,0.0,0.0,,0.0,1,23.04,25.69,SPY230120C00390000,390.0,normalDay
2022-09-15,9192.0,-6616.0,0.0,100,390.12,456.0,0,0.0,0.0,,0.0,1,23.04,23.32,SPY230120C00390000,390.0,normalDay
2022-09-16,9192.0,-6866.0,0.0,100,385.56,456.0,0,0.0,0.0,,0.0,1,23.04,21.26,SPY230120C00390000,390.0,normalDay
2022-09-19,9192.0,-6690.0,0.0,100,388.55,456.0,0,0.0,0.0,,0.0,1,23.04,22.49,SPY230120C00390000,390.0,normalDay
2022-09-20,9192.0,-6910.0,0.0,100,384.09,456.0,0,0.0,0.0,,0.0,1,23.04,20.23,SPY230120C00390000,390.0,normalDay
2022-09-21,9192.0,-7223.0,0.0,100,377.39,456.0,0,0.0,0.0,,0.0,1,23.04,16.66,SPY230120C00390000,390.0,normalDay
2022-09-22,9192.0,-7345.0,0.0,100,374.22,456.0,0,0.0,0.0,,0.0,1,23.04,14.71,SPY230120C00390000,390.0,normalDay
2022-09-23,9192.0,-7724.0,0.0,100,367.95,456.0,0,0.0,0.0,,0.0,1,23.04,12.23,SPY230120C00390000,390.0,normalDay
2022-09-26,9192.0,-7951.0,0.0,100,364.31,456.0,0,0.0,0.0,,0.0,1,23.04,10.86,SPY230120C00390000,390.0,normalDay
2022-09-27,9192.0,-8013.0,0.0,100,363.38,456.0,0,0.0,0.0,,0.0,1,23.04,10.55,SPY230120C00390000,390.0,normalDay
2022-09-28,9192.0,-7531.0,0.0,100,370.53,456.0,0,0.0,0.0,,0.0,1,23.04,12.88,SPY230120C00390000,390.0,normalDay
2022-09-29,9192.0,-8001.0,0.0,100,362.79,456.0,0,0.0,0.0,,0.0,1,23.04,9.84,SPY230120C00390000,390.0,normalDay
2022-09-30,9192.0,-8362.0,0.0,100,357.18,456.0,0,0.0,0.0,,0.0,1,23.04,7.84,SPY230120C00390000,390.0,normalDay
2022-10-03,9192.0,-7698.0,0.0,100,366.61,456.0,0,0.0,0.0,,0.0,1,23.04,10.63,SPY230120C00390000,390.0,normalDay
2022-10-04,9192.0,-7028.0,0.0,100,377.97,456.0,0,0.0,0.0,,0.0,1,23.04,15.29,SPY230120C00390000,390.0,normalDay
2022-10-05,9192.0,-7084.0,0.0,100,377.09,456.0,0,0.0,0.0,,0.0,1,23.04,14.97,SPY230120C00390000,390.0,normalDay
2022-10-06,9192.0,-7310.0,0.0,100,373.2,456.0,0,0.0,0.0,,0.0,1,23.04,13.34,SPY230120C00390000,390.0,normalDay
2022-10-07,9192.0,-7912.0,0.0,100,362.79,456.0,0,0.0,0.0,,0.0,1,23.04,8.95,SPY230120C00390000,390.0,normalDay
2022-10-10,9192.0,-8143.0,0.0,100,360.02,456.0,0,0.0,0.0,,0.0,1,23.04,8.49,SPY230120C00390000,390.0,normalDay
2022-10-11,9192.0,-8313.0,0.0,100,357.74,456.0,0,0.0,0.0,,0.0,1,23.04,7.91,SPY230120C00390000,390.0,normalDay
2022-10-12,9192.0,-8395.0,0.0,100,356.56,456.0,0,0.0,0.0,,0.0,1,23.04,7.55,SPY230120C00390000,390.0,normalDay
2022-10-13,9192.0,-7756.0,0.0,100,365.97,456.0,0,0.0,0.0,,0.0,1,23.04,10.57,SPY230120C00390000,390.0,normalDay
2022-10-14,9192.0,-8288.0,0.0,100,357.63,456.0,0,0.0,0.0,,0.0,1,23.04,7.55,SPY230120C00390000,390.0,normalDay
2022-10-17,9192.0,-7682.0,0.0,100,366.82,456.0,0,0.0,0.0,,0.0,1,23.04,10.68,SPY230120C00390000,390.0,normalDay
2022-10-18,9192.0,-7417.0,0.0,100,371.13,456.0,0,0.0,0.0,,0.0,1,23.04,12.34,SPY230120C00390000,390.0,normalDay
2022-10-19,9192.0,-7520.0,0.0,100,368.5,456.0,0,0.0,0.0,,0.0,1,23.04,10.74,SPY230120C00390000,390.0,normalDay
2022-10-20,9192.0,-7699.0,0.0,100,365.41,456.0,0,0.0,0.0,,0.0,1,23.04,9.44,SPY230120C00390000,390.0,normalDay
2022-10-21,9192.0,-7171.0,0.0,100,374.29,456.0,0,0.0,0.0,,0.0,1,23.04,13.04,SPY230120C00390000,390.0,normalDay
2022-10-24,9192.0,-6905.0,0.0,100,378.87,456.0,0,0.0,0.0,,0.0,1,23.04,14.96,SPY230120C00390000,390.0,normalDay
2022-10-25,9192.0,-6472.0,0.0,100,384.92,456.0,0,0.0,0.0,,0.0,1,23.04,16.68,SPY230120C00390000,390.0,normalDay
2022-10-26,9192.0,-6674.0,0.0,100,382.02,456.0,0,0.0,0.0,,0.0,1,23.04,15.8,SPY230120C00390000,390.0,normalDay
2022-10-27,9192.0,-6528.0,0.0,100,379.98,456.0,0,0.0,0.0,,0.0,1,23.04,12.3,SPY230120C00390000,390.0,normalDay
2022-10-28,9192.0,-6249.0,0.0,100,389.02,456.0,0,0.0,0.0,,0.0,1,23.04,18.55,SPY230120C00390000,390.0,normalDay
2022-10-31,9192.0,-6333.0,0.0,100,386.21,456.0,0,0.0,0.0,,0.0,1,23.04,16.58,SPY230120C00390000,390.0,normalDay
2022-11-01,9192.0,-6366.0,0.0,100,384.52,456.0,0,0.0,0.0,,0.0,1,23.04,15.22,SPY230120C00390000,390.0,normalDay
2022-11-02,9192.0,-6869.0,0.0,100,374.87,456.0,0,0.0,0.0,,0.0,1,23.04,10.6,SPY230120C00390000,390.0,normalDay
2022-11-03,9192.0,-7079.0,0.0,100,371.01,456.0,0,0.0,0.0,,0.0,1,23.04,8.84,SPY230120C00390000,390.0,normalDay
2022-11-04,9192.0,-6729.0,0.0,100,376.35,456.0,0,0.0,0.0,,0.0,1,23.04,10.68,SPY230120C00390000,390.0,normalDay
2022-11-07,9192.0,-6489.0,0.0,100,379.95,456.0,0,0.0,0.0,,0.0,1,23.04,11.88,SPY230120C00390000,390.0,normalDay
2022-11-08,9192.0,-6377.0,0.0,100,382.0,456.0,0,0.0,0.0,,0.0,1,23.04,12.81,SPY230120C00390000,390.0,normalDay
2022-11-09,9192.0,-6848.0,0.0,100,374.13,456.0,0,0.0,0.0,,0.0,1,23.04,9.65,SPY230120C00390000,390.0,normalDay
2022-11-10,9192.0,-5800.0,0.0,100,394.69,456.0,0,0.0,0.0,,0.0,1,23.04,19.73,SPY230120C00390000,390.0,normalDay
2022-11-11,9192.0,-5572.0,0.0,100,398.51,456.0,0,0.0,0.0,,0.0,1,23.04,21.27,SPY230120C00390000,390.0,normalDay
2022-11-14,9192.0,-5719.0,0.0,100,395.12,456.0,0,0.0,0.0,,0.0,1,23.04,19.35,SPY230120C00390000,390.0,normalDay
2022-11-15,9192.0,-5571.0,0.0,100,398.49,456.0,0,0.0,0.0,,0.0,1,23.04,21.24,SPY230120C00390000,390.0,normalDay
2022-11-16,9192.0,-5647.0,0.0,100,395.45,456.0,0,0.0,0.0,,0.0,1,23.04,18.96,SPY230120C00390000,390.0,normalDay
2022-11-17,9192.0,-5654.0,0.0,100,394.24,456.0,0,0.0,0.0,,0.0,1,23.04,17.82,SPY230120C00390000,390.0,normalDay
2022-11-18,9192.0,-5520.0,0.0,100,396.03,456.0,0,0.0,0.0,,0.0,1,23.04,18.27,SPY230120C00390000,390.0,normalDay
2022-11-21,9192.0,-5530.0,0.0,100,394.59,456.0,0,0.0,0.0,,0.0,1,23.04,16.93,SPY230120C00390000,390.0,normalDay
2022-11-22,9192.0,-5275.0,0.0,100,399.9,456.0,0,0.0,0.0,,0.0,1,23.04,19.69,SPY230120C00390000,390.0,normalDay
2022-11-23,9192.0,-5162.0,0.0,100,402.42,456.0,0,0.0,0.0,,0.0,1,23.04,21.08,SPY230120C00390000,390.0,normalDay
2022-11-25,9192.0,-5343.0,0.0,100,402.33,456.0,0,0.0,0.0,,0.0,1,23.04,22.8,SPY230120C00390000,390.0,normalDay
2022-11-28,9192.0,-5389.0,0.0,100,395.91,456.0,0,0.0,0.0,,0.0,1,23.04,16.84,SPY230120C00390000,390.0,normalDay
2022-11-29,9192.0,-5373.0,0.0,100,395.23,456.0,0,0.0,0.0,,0.0,1,23.04,16.0,SPY230120C00390000,390.0,normalDay
2022-11-30,9192.0,-4977.0,0.0,100,407.68,456.0,0,0.0,0.0,,0.0,1,23.04,24.49,SPY230120C00390000,390.0,normalDay
2022-12-01,9192.0,-4906.0,0.0,100,407.38,456.0,0,0.0,0.0,,0.0,1,23.04,23.48,SPY230120C00390000,390.0,normalDay
2022-12-02,9192.0,-4865.0,0.0,100,406.91,456.0,0,0.0,0.0,,0.0,1,23.04,22.6,SPY230120C00390000,390.0,normalDay
2022-12-05,9192.0,-5106.0,0.0,100,399.59,456.0,0,0.0,0.0,,0.0,1,23.04,17.69,SPY230120C00390000,390.0,normalDay
2022-12-06,9192.0,-5352.0,0.0,100,393.83,456.0,0,0.0,0.0,,0.0,1,23.04,14.39,SPY230120C00390000,390.0,normalDay
2022-12-07,9192.0,-5383.0,0.0,100,393.16,456.0,0,0.0,0.0,,0.0,1,23.04,14.03,SPY230120C00390000,390.0,normalDay
2022-12-08,9192.0,-5224.0,0.0,100,396.24,456.0,0,0.0,0.0,,0.0,1,23.04,15.52,SPY230120C00390000,390.0,normalDay
2022-12-09,9192.0,-5340.0,0.0,100,393.28,456.0,0,0.0,0.0,,0.0,1,23.04,13.72,SPY230120C00390000,390.0,normalDay
2022-12-12,9192.0,-5112.0,0.0,100,398.95,456.0,0,0.0,0.0,,0.0,1,23.04,17.11,SPY230120C00390000,390.0,normalDay
2022-12-13,9192.0,-4939.0,0.0,100,401.97,456.0,0,0.0,0.0,,0.0,1,23.04,18.4,SPY230120C00390000,390.0,normalDay
2022-12-14,9192.0,-4983.0,0.0,100,399.4,456.0,0,0.0,0.0,,0.0,1,23.04,16.27,SPY230120C00390000,390.0,normalDay
2022-12-15,9192.0,-5312.0,0.0,100,389.63,456.0,0,0.0,0.0,,0.0,1,23.04,9.79,SPY230120C00390000,390.0,normalDay
2022-12-16,9192.0,-5688.0,0.0,100,383.27,456.0,0,0.0,0.0,,0.0,1,23.04,7.19,SPY230120C00390000,390.0,normalDay
2022-12-19,9192.0,-5827.0,0.0,100,380.02,456.0,0,0.0,0.0,,0.0,1,23.04,5.33,SPY230120C00390000,390.0,normalDay
2022-12-20,9192.0,-5772.0,0.0,100,380.54,456.0,0,0.0,0.0,,0.0,1,23.04,5.3,SPY230120C00390000,390.0,normalDay
2022-12-21,9192.0,-5400.0,0.0,100,386.23,456.0,0,0.0,0.0,,0.0,1,23.04,7.27,SPY230120C00390000,390.0,normalDay
2022-12-22,9192.0,-5741.0,0.0,100,380.72,456.0,0,0.0,0.0,,0.0,1,23.04,5.17,SPY230120C00390000,390.0,normalDay
2022-12-23,9192.0,-5559.0,0.0,100,382.91,456.0,0,0.0,0.0,,0.0,1,23.04,5.54,SPY230120C00390000,390.0,normalDay
2022-12-27,9192.0,-5634.0,0.0,100,381.4,456.0,0,0.0,0.0,,0.0,1,23.04,4.78,SPY230120C00390000,390.0,normalDay
2022-12-28,9192.0,-5948.0,0.0,100,376.66,456.0,0,0.0,0.0,,0.0,1,23.04,3.18,SPY230120C00390000,390.0,normalDay
2022-12-29,9192.0,-5459.0,0.0,100,383.44,456.0,0,0.0,0.0,,0.0,1,23.04,5.07,SPY230120C00390000,390.0,normalDay
2022-12-30,9192.0,-5516.0,0.0,100,382.43,456.0,0,0.0,0.0,,0.0,1,23.04,4.63,SPY230120C00390000,390.0,normalDay
2023-01-03,9192.0,-5555.0,0.0,100,380.82,456.0,0,0.0,0.0,,0.0,1,23.04,3.41,SPY230120C00390000,390.0,normalDay
2023-01-04,9192.0,-5343.0,0.0,100,383.76,456.0,0,0.0,0.0,,0.0,1,23.04,4.23,SPY230120C00390000,390.0,normalDay
2023-01-05,9192.0,-5624.0,0.0,100,379.38,456.0,0,0.0,0.0,,0.0,1,23.04,2.66,SPY230120C00390000,390.0,normalDay
2023-01-06,9192.0,-5013.0,0.0,100,388.08,456.0,0,0.0,0.0,,0.0,1,23.04,5.25,SPY230120C00390000,390.0,normalDay
2023-01-09,9192.0,-5007.0,0.0,100,387.86,456.0,0,0.0,0.0,,0.0,1,23.04,4.97,SPY230120C00390000,390.0,normalDay
2023-01-10,9192.0,-4840.0,0.0,100,390.58,456.0,0,0.0,0.0,,0.0,1,23.04,6.02,SPY230120C00390000,390.0,normalDay
2023-01-11,9192.0,-4659.0,0.0,100,395.52,456.0,0,0.0,0.0,,0.0,1,23.04,9.15,SPY230120C00390000,390.0,normalDay
2023-01-12,9192.0,-4472.0,0.0,100,396.96,456.0,0,0.0,0.0,,0.0,1,23.04,8.72,SPY230120C00390000,390.0,normalDay
2023-01-13,9192.0,-4369.0,0.0,100,398.5,456.0,0,0.0,0.0,,0.0,1,23.04,9.23,SPY230120C00390000,390.0,normalDay
2023-01-17,9192.0,-4375.0,0.0,100,397.77,456.0,0,0.0,0.0,,0.0,1,23.04,8.56,SPY230120C00390000,390.0,normalDay
2023-01-18,9192.0,-4458.0,0.0,100,391.49,456.0,0,0.0,0.0,,0.0,1,23.04,3.11,SPY230120C00390000,390.0,normalDay
2023-01-19,9192.0,-4543.0,0.0,100,388.64,456.0,0,0.0,0.0,,0.0,1,23.04,1.11,SPY230120C00390000,390.0,normalDay
2023-01-20,4896.0,-4543.0,-4296.0,0,395.88,0.0,0,0.0,0.0,,0.0,1,23.04,0.0,SPY230120C00390000,390.0,expirationDay
2023-01-23,4896.0,-3.0,0.0,0,400.63,0.0,1,2.48,2.51,SPY230317P00365000,365.0,0,0.0,0.0,,0.0,normalDay
2023-01-24,4896.0,23.0,0.0,0,400.2,0.0,1,2.48,2.25,SPY230317P00365000,365.0,0,0.0,0.0,,0.0,normalDay
2023-01-25,4896.0,20.0,0.0,0,400.35,0.0,1,2.48,2.28,SPY230317P00365000,365.0,0,0.0,0.0,,0.0,normalDay
2023-01-26,4896.0,65.0,0.0,0,404.75,0.0,1,2.48,1.83,SPY230317P00365000,365.0,0,0.0,0.0,,0.0,normalDay
2023-01-27,4896.0,78.0,0.0,0,405.68,0.0,1,2.48,1.7,SPY230317P00365000,365.0,0,0.0,0.0,,0.0,normalDay
2023-01-30,4896.0,37.0,0.0,0,400.59,0.0,1,2.48,2.11,SPY230317P00365000,365.0,0,0.0,0.0,,0.0,normalDay
2023-01-31,4896.0,87.0,0.0,0,406.48,0.0,1,2.48,1.61,SPY230317P00365000,365.0,0,0.0,0.0,,0.0,normalDay
2023-02-01,4896.0,136.0,0.0,0,410.8,0.0,1,2.48,1.12,SPY230317P00365000,365.0,0,0.0,0.0,,0.0,normalDay
2023-02-02,4896.0,133.0,0.0,0,416.78,0.0,1,2.48,1.15,SPY230317P00365000,365.0,0,0.0,0.0,,0.0,normalDay
2023-02-03,4896.0,136.0,0.0,0,412.35,0.0,1,2.48,1.12,SPY230317P00365000,365.0,0,0.0,0.0,,0.0,normalDay
2023-02-06,4896.0,128.0,0.0,0,409.83,0.0,1,2.48,1.2,SPY230317P00365000,365.0,0,0.0,0.0,,0.0,normalDay
2023-02-07,4896.0,161.0,0.0,0,415.19,0.0,1,2.48,0.87,SPY230317P00365000,365.0,0,0.0,0.0,,0.0,normalDay
2023-02-08,4896.0,139.0,0.0,0,410.65,0.0,1,2.48,1.09,SPY230317P00365000,365.0,0,0.0,0.0,,0.0,normalDay
2023-02-09,4896.0,116.0,0.0,0,407.09,0.0,1,2.48,1.32,SPY230317P00365000,365.0,0,0.0,0.0,,0.0,normalDay
2023-02-10,4896.0,131.0,0.0,0,408.04,0.0,1,2.48,1.17,SPY230317P00365000,365.0,0,0.0,0.0,,0.0,normalDay
2023-02-13,4896.0,170.0,0.0,0,412.83,0.0,1,2.48,0.78,SPY230317P00365000,365.0,0,0.0,0.0,,0.0,normalDay
2023-02-14,4896.0,188.0,0.0,0,412.64,0.0,1,2.48,0.6,SPY230317P00365000,365.0,0,0.0,0.0,,0.0,normalDay
2023-02-15,4896.0,199.0,0.0,0,413.98,0.0,1,2.48,0.49,SPY230317P00365000,365.0,0,0.0,0.0,,0.0,normalDay
2023-02-16,4896.0,163.0,0.0,0,408.28,0.0,1,2.48,0.85,SPY230317P00365000,365.0,0,0.0,0.0,,0.0,normalDay
2023-02-17,4896.0,172.0,0.0,0,407.26,0.0,1,2.48,0.76,SPY230317P00365000,365.0,0,0.0,0.0,,0.0,normalDay
2023-02-21,4896.0,131.0,0.0,0,399.09,0.0,1,2.48,1.17,SPY230317P00365000,365.0,0,0.0,0.0,,0.0,normalDay
2023-02-22,4896.0,145.0,0.0,0,398.54,0.0,1,2.48,1.03,SPY230317P00365000,365.0,0,0.0,0.0,,0.0,normalDay
2023-02-23,4896.0,175.0,0.0,0,400.66,0.0,1,2.48,0.73,SPY230317P00365000,365.0,0,0.0,0.0,,0.0,normalDay
2023-02-24,4896.0,161.0,0.0,0,396.38,0.0,1,2.48,0.87,SPY230317P00365000,365.0,0,0.0,0.0,,0.0,normalDay
2023-02-27,4896.0,196.0,0.0,0,397.73,0.0,1,2.48,0.52,SPY230317P00365000,365.0,0,0.0,0.0,,0.0,normalDay
2023-02-28,4896.0,196.0,0.0,0,396.26,0.0,1,2.48,0.52,SPY230317P00365000,365.0,0,0.0,0.0,,0.0,normalDay
2023-03-01,4896.0,200.0,0.0,0,394.74,0.0,1,2.48,0.48,SPY230317P00365000,365.0,0,0.0,0.0,,0.0,normalDay
2023-03-02,4896.0,221.0,0.0,0,397.81,0.0,1,2.48,0.27,SPY230317P00365000,365.0,0,0.0,0.0,,0.0,normalDay
2023-03-03,4896.0,232.0,0.0,0,404.19,0.0,1,2.48,0.16,SPY230317P00365000,365.0,0,0.0,0.0,,0.0,normalDay
2023-03-06,4896.0,235.0,0.0,0,404.47,0.0,1,2.48,0.13,SPY230317P00365000,365.0,0,0.0,0.0,,0.0,normalDay
2023-03-07,4896.0,227.0,0.0,0,398.27,0.0,1,2.48,0.21,SPY230317P00365000,365.0,0,0.0,0.0,,0.0,normalDay
2023-03-08,4896.0,233.0,0.0,0,398.92,0.0,1,2.48,0.15,SPY230317P00365000,365.0,0,0.0,0.0,,0.0,normalDay
2023-03-09,4896.0,200.0,0.0,0,391.56,0.0,1,2.48,0.48,SPY230317P00365000,365.0,0,0.0,0.0,,0.0,normalDay
2023-03-10,4896.0,174.0,0.0,0,385.91,0.0,1,2.48,0.74,SPY230317P00365000,365.0,0,0.0,0.0,,0.0,normalDay
2023-03-13,4896.0,177.0,0.0,0,385.36,0.0,1,2.48,0.71,SPY230317P00365000,365.0,0,0.0,0.0,,0.0,normalDay
2023-03-14,4896.0,234.0,0.0,0,391.73,0.0,1,2.48,0.14,SPY230317P00365000,365.0,0,0.0,0.0,,0.0,normalDay
2023-03-15,4896.0,238.0,0.0,0,389.28,0.0,1,2.48,0.1,SPY230317P00365000,365.0,0,0.0,0.0,,0.0,normalDay
2023-03-16,4896.0,246.0,0.0,0,396.11,0.0,1,2.48,0.02,SPY230317P00365000,365.0,0,0.0,0.0,,0.0,normalDay
2023-03-17,5144.0,0.0,248.0,0,389.99,0.0,1,2.48,0.0,SPY230317P00365000,365.0,0,0.0,0.0,,0.0,expirationDay
2023-03-20,5144.0,-9.0,0.0,0,393.74,0.0,1,5.63,5.72,SPY230428P00379000,379.0,0,0.0,0.0,,0.0,normalDay
2023-03-21,5144.0,189.0,0.0,0,398.91,0.0,1,5.63,3.74,SPY230428P00379000,379.0,0,0.0,0.0,,0.0,normalDay
2023-03-22,5144.0,30.0,0.0,0,392.11,0.0,1,5.63,5.33,SPY230428P00379000,379.0,0,0.0,0.0,,0.0,normalDay
2023-03-23,5144.0,42.0,0.0,0,393.17,0.0,1,5.63,5.21,SPY230428P00379000,379.0,0,0.0,0.0,,0.0,normalDay
2023-03-24,5144.0,134.0,0.0,0,395.75,0.0,1,5.63,4.29,SPY230428P00379000,379.0,0,0.0,0.0,,0.0,normalDay
2023-03-27,5144.0,228.0,0.0,0,396.49,0.0,1,5.63,3.35,SPY230428P00379000,379.0,0,0.0,0.0,,0.0,normalDay
2023-03-28,5144.0,254.0,0.0,0,395.6,0.0,1,5.63,3.09,SPY230428P00379000,379.0,0,0.0,0.0,,0.0,normalDay
2023-03-29,5144.0,352.0,0.0,0,401.35,0.0,1,5.63,2.11,SPY230428P00379000,379.0,0,0.0,0.0,,0.0,normalDay
2023-03-30,5144.0,389.0,0.0,0,403.7,0.0,1,5.63,1.74,SPY230428P00379000,379.0,0,0.0,0.0,,0.0,normalDay
2023-03-31,5144.0,448.0,0.0,0,409.39,0.0,1,5.63,1.15,SPY230428P00379000,379.0,0,0.0,0.0,,0.0,normalDay
2023-04-03,5144.0,483.0,0.0,0,410.95,0.0,1,5.63,0.8,SPY230428P00379000,379.0,0,0.0,0.0,,0.0,normalDay
2023-04-04,5144.0,477.0,0.0,0,408.67,0.0,1,5.63,0.86,SPY230428P00379000,379.0,0,0.0,0.0,,0.0,normalDay
2023-04-05,5144.0,480.0,0.0,0,407.6,0.0,1,5.63,0.83,SPY230428P00379000,379.0,0,0.0,0.0,,0.0,normalDay
2023-04-06,5144.0,501.0,0.0,0,409.19,0.0,1,5.63,0.62,SPY230428P00379000,379.0,0,0.0,0.0,,0.0,normalDay
2023-04-10,5144.0,516.0,0.0,0,409.61,0.0,1,5.63,0.47,SPY230428P00379000,379.0,0,0.0,0.0,,0.0,normalDay
2023-04-11,5144.0,519.0,0.0,0,409.72,0.0,1,5.63,0.44,SPY230428P00379000,379.0,0,0.0,0.0,,0.0,normalDay
2023-04-12,5144.0,519.0,0.0,0,408.05,0.0,1,5.63,0.44,SPY230428P00379000,379.0,0,0.0,0.0,,0.0,normalDay
2023-04-13,5144.0,541.0,0.0,0,413.47,0.0,1,5.63,0.22,SPY230428P00379000,379.0,0,0.0,0.0,,0.0,normalDay
2023-04-14,5144.0,547.0,0.0,0,412.46,0.0,1,5.63,0.16,SPY230428P00379000,379.0,0,0.0,0.0,,0.0,normalDay
2023-04-17,5144.0,551.0,0.0,0,413.94,0.0,1,5.63,0.12,SPY230428P00379000,379.0,0,0.0,0.0,,0.0,normalDay
2023-04-18,5144.0,552.0,0.0,0,414.21,0.0,1,5.63,0.11,SPY230428P00379000,379.0,0,0.0,0.0,,0.0,normalDay
2023-04-19,5144.0,555.0,0.0,0,414.14,0.0,1,5.63,0.08,SPY230428P00379000,379.0,0,0.0,0.0,,0.0,normalDay
2023-04-20,5144.0,555.0,0.0,0,411.88,0.0,1,5.63,0.08,SPY230428P00379000,379.0,0,0.0,0.0,,0.0,normalDay
2023-04-21,5144.0,557.0,0.0,0,412.2,0.0,1,5.63,0.06,SPY230428P00379000,379.0,0,0.0,0.0,,0.0,normalDay
2023-04-24,5144.0,560.0,0.0,0,412.63,0.0,1,5.63,0.03,SPY230428P00379000,379.0,0,0.0,0.0,,0.0,normalDay
2023-04-25,5144.0,559.0,0.0,0,406.08,0.0,1,5.63,0.04,SPY230428P00379000,379.0,0,0.0,0.0,,0.0,normalDay
2023-04-26,5144.0,560.0,0.0,0,404.36,0.0,1,5.63,0.03,SPY230428P00379000,379.0,0,0.0,0.0,,0.0,normalDay
2023-04-27,5144.0,561.0,0.0,0,412.41,0.0,1,5.63,0.02,SPY230428P00379000,379.0,0,0.0,0.0,,0.0,normalDay
2023-04-28,5707.0,0.0,563.0,0,415.93,0.0,1,5.63,0.0,SPY230428P00379000,379.0,0,0.0,0.0,,0.0,expirationDay
2023-05-01,5707.0,-4.0,0.0,0,415.51,0.0,1,4.21,4.25,SPY230616P00401000,401.0,0,0.0,0.0,,0.0,normalDay
2023-05-02,5707.0,-166.0,0.0,0,410.84,0.0,1,4.21,5.87,SPY230616P00401000,401.0,0,0.0,0.0,,0.0,normalDay
2023-05-03,5707.0,-239.0,0.0,0,408.02,0.0,1,4.21,6.6,SPY230616P00401000,401.0,0,0.0,0.0,,0.0,normalDay
2023-05-04,5707.0,-416.0,0.0,0,405.13,0.0,1,4.21,8.37,SPY230616P00401000,401.0,0,0.0,0.0,,0.0,normalDay
2023-05-05,5707.0,-99.0,0.0,0,412.63,0.0,1,4.21,5.2,SPY230616P00401000,401.0,0,0.0,0.0,,0.0,normalDay
2023-05-08,5707.0,-57.0,0.0,0,412.74,0.0,1,4.21,4.78,SPY230616P00401000,401.0,0,0.0,0.0,,0.0,normalDay
2023-05-09,5707.0,-103.0,0.0,0,410.93,0.0,1,4.21,5.24,SPY230616P00401000,401.0,0,0.0,0.0,,0.0,normalDay
2023-05-10,5707.0,-17.0,0.0,0,412.85,0.0,1,4.21,4.38,SPY230616P00401000,401.0,0,0.0,0.0,,0.0,normalDay
2023-05-11,5707.0,-22.0,0.0,0,412.13,0.0,1,4.21,4.43,SPY230616P00401000,401.0,0,0.0,0.0,,0.0,normalDay
2023-05-12,5707.0,-27.0,0.0,0,411.59,0.0,1,4.21,4.48,SPY230616P00401000,401.0,0,0.0,0.0,,0.0,normalDay
2023-05-15,5707.0,49.0,0.0,0,413.01,0.0,1,4.21,3.72,SPY230616P00401000,401.0,0,0.0,0.0,,0.0,normalDay
2023-05-16,5707.0,-25.0,0.0,0,410.25,0.0,1,4.21,4.46,SPY230616P00401000,401.0,0,0.0,0.0,,0.0,normalDay
2023-05-17,5707.0,116.0,0.0,0,415.23,0.0,1,4.21,3.05,SPY230616P00401000,401.0,0,0.0,0.0,,0.0,normalDay
2023-05-18,5707.0,207.0,0.0,0,419.23,0.0,1,4.21,2.14,SPY230616P00401000,401.0,0,0.0,0.0,,0.0,normalDay
2023-05-19,5707.0,182.0,0.0,0,418.62,0.0,1,4.21,2.39,SPY230616P00401000,401.0,0,0.0,0.0,,0.0,normalDay
2023-05-22,5707.0,195.0,0.0,0,418.79,0.0,1,4.21,2.26,SPY230616P00401000,401.0,0,0.0,0.0,,0.0,normalDay
2023-05-23,5707.0,95.0,0.0,0,414.09,0.0,1,4.21,3.26,SPY230616P00401000,401.0,0,0.0,0.0,,0.0,normalDay
2023-05-24,5707.0,6.0,0.0,0,411.09,0.0,1,4.21,4.15,SPY230616P00401000,401.0,0,0.0,0.0,,0.0,normalDay
2023-05-25,5707.0,115.0,0.0,0,414.65,0.0,1,4.21,3.06,SPY230616P00401000,401.0,0,0.0,0.0,,0.0,normalDay
2023-05-26,5707.0,232.0,0.0,0,420.02,0.0,1,4.21,1.89,SPY230616P00401000,401.0,0,0.0,0.0,,0.0,normalDay
2023-05-30,5707.0,283.0,0.0,0,420.18,0.0,1,4.21,1.38,SPY230616P00401000,401.0,0,0.0,0.0,,0.0,normalDay
2023-05-31,5707.0,271.0,0.0,0,417.85,0.0,1,4.21,1.5,SPY230616P00401000,401.0,0,0.0,0.0,,0.0,normalDay
2023-06-01,5707.0,346.0,0.0,0,421.82,0.0,1,4.21,0.75,SPY230616P00401000,401.0,0,0.0,0.0,,0.0,normalDay
2023-06-02,5707.0,387.0,0.0,0,427.92,0.0,1,4.21,0.34,SPY230616P00401000,401.0,0,0.0,0.0,,0.0,normalDay
2023-06-05,5707.0,394.0,0.0,0,427.1,0.0,1,4.21,0.27,SPY230616P00401000,401.0,0,0.0,0.0,,0.0,normalDay
2023-06-06,5707.0,399.0,0.0,0,428.03,0.0,1,4.21,0.22,SPY230616P00401000,401.0,0,0.0,0.0,,0.0,normalDay
2023-06-07,5707.0,400.0,0.0,0,426.55,0.0,1,4.21,0.21,SPY230616P00401000,401.0,0,0.0,0.0,,0.0,normalDay
2023-06-08,5707.0,404.0,0.0,0,429.13,0.0,1,4.21,0.17,SPY230616P00401000,401.0,0,0.0,0.0,,0.0,normalDay
2023-06-09,5707.0,409.0,0.0,0,429.9,0.0,1,4.21,0.12,SPY230616P00401000,401.0,0,0.0,0.0,,0.0,normalDay
2023-06-12,5707.0,411.0,0.0,0,433.8,0.0,1,4.21,0.1,SPY230616P00401000,401.0,0,0.0,0.0,,0.0,normalDay
2023-06-13,5707.0,413.0,0.0,0,436.66,0.0,1,4.21,0.08,SPY230616P00401000,401.0,0,0.0,0.0,,0.0,normalDay
2023-06-14,5707.0,417.0,0.0,0,437.18,0.0,1,4.21,0.04,SPY230616P00401000,401.0,0,0.0,0.0,,0.0,normalDay
2023-06-15,5707.0,418.0,0.0,0,442.6,0.0,1,4.21,0.03,SPY230616P00401000,401.0,0,0.0,0.0,,0.0,normalDay
2023-06-16,6128.0,0.0,421.0,0,439.46,0.0,1,4.21,0.0,SPY230616P00401000,401.0,0,0.0,0.0,,0.0,expirationDay
2023-06-20,6128.0,-3.0,0.0,0,437.18,0.0,1,0.8,0.83,SPY230728P00400000,400.0,0,0.0,0.0,,0.0,normalDay
2023-06-21,6128.0,0.0,0.0,0,434.94,0.0,1,0.8,0.8,SPY230728P00400000,400.0,0,0.0,0.0,,0.0,normalDay
2023-06-22,6128.0,13.0,0.0,0,436.51,0.0,1,0.8,0.67,SPY230728P00400000,400.0,0,0.0,0.0,,0.0,normalDay
2023-06-23,6128.0,-3.0,0.0,0,433.21,0.0,1,0.8,0.83,SPY230728P00400000,400.0,0,0.0,0.0,,0.0,normalDay
2023-06-26,6128.0,-7.0,0.0,0,431.44,0.0,1,0.8,0.87,SPY230728P00400000,400.0,0,0.0,0.0,,0.0,normalDay
2023-06-27,6128.0,20.0,0.0,0,436.17,0.0,1,0.8,0.6,SPY230728P00400000,400.0,0,0.0,0.0,,0.0,normalDay
2023-06-28,6128.0,30.0,0.0,0,436.39,0.0,1,0.8,0.5,SPY230728P00400000,400.0,0,0.0,0.0,,0.0,normalDay
2023-06-29,6128.0,35.0,0.0,0,438.11,0.0,1,0.8,0.45,SPY230728P00400000,400.0,0,0.0,0.0,,0.0,normalDay
2023-06-30,6128.0,45.0,0.0,0,443.28,0.0,1,0.8,0.35,SPY230728P00400000,400.0,0,0.0,0.0,,0.0,normalDay
2023-07-03,6128.0,50.0,0.0,0,443.79,0.0,1,0.8,0.3,SPY230728P00400000,400.0,0,0.0,0.0,,0.0,normalDay
2023-07-05,6128.0,50.0,0.0,0,443.13,0.0,1,0.8,0.3,SPY230728P00400000,400.0,0,0.0,0.0,,0.0,normalDay
2023-07-06,6128.0,40.0,0.0,0,439.66,0.0,1,0.8,0.4,SPY230728P00400000,400.0,0,0.0,0.0,,0.0,normalDay
2023-07-07,6128.0,46.0,0.0,0,438.55,0.0,1,0.8,0.34,SPY230728P00400000,400.0,0,0.0,0.0,,0.0,normalDay
2023-07-10,6128.0,53.0,0.0,0,439.66,0.0,1,0.8,0.27,SPY230728P00400000,400.0,0,0.0,0.0,,0.0,normalDay
2023-07-11,6128.0,58.0,0.0,0,442.46,0.0,1,0.8,0.22,SPY230728P00400000,400.0,0,0.0,0.0,,0.0,normalDay
2023-07-12,6128.0,65.0,0.0,0,446.02,0.0,1,0.8,0.15,SPY230728P00400000,400.0,0,0.0,0.0,,0.0,normalDay
2023-07-13,6128.0,65.0,0.0,0,449.56,0.0,1,0.8,0.15,SPY230728P00400000,400.0,0,0.0,0.0,,0.0,normalDay
2023-07-14,6128.0,68.0,0.0,0,449.28,0.0,1,0.8,0.12,SPY230728P00400000,400.0,0,0.0,0.0,,0.0,normalDay
2023-07-17,6128.0,71.0,0.0,0,450.84,0.0,1,0.8,0.09,SPY230728P00400000,400.0,0,0.0,0.0,,0.0,normalDay
2023-07-18,6128.0,73.0,0.0,0,454.19,0.0,1,0.8,0.07,SPY230728P00400000,400.0,0,0.0,0.0,,0.0,normalDay
2023-07-19,6128.0,74.0,0.0,0,455.2,0.0,1,0.8,0.06,SPY230728P00400000,400.0,0,0.0,0.0,,0.0,normalDay
2023-07-20,6128.0,74.0,0.0,0,452.18,0.0,1,0.8,0.06,SPY230728P00400000,400.0,0,0.0,0.0,,0.0,normalDay
2023-07-21,6128.0,76.0,0.0,0,452.18,0.0,1,0.8,0.04,SPY230728P00400000,400.0,0,0.0,0.0,,0.0,normalDay
2023-07-24,6128.0,78.0,0.0,0,454.2,0.0,1,0.8,0.02,SPY230728P00400000,400.0,0,0.0,0.0,,0.0,normalDay
2023-07-25,6128.0,78.0,0.0,0,455.44,0.0,1,0.8,0.02,SPY230728P00400000,400.0,0,0.0,0.0,,0.0,normalDay
2023-07-26,6128.0,78.0,0.0,0,455.51,0.0,1,0.8,0.02,SPY230728P00400000,400.0,0,0.0,0.0,,0.0,normalDay
2023-07-27,6128.0,78.0,0.0,0,452.49,0.0,1,0.8,0.02,SPY230728P00400000,400.0,0,0.0,0.0,,0.0,normalDay
2023-07-28,6208.0,0.0,80.0,0,456.92,0.0,1,0.8,0.0,SPY230728P00400000,400.0,0,0.0,0.0,,0.0,expirationDay
2023-07-31,6208.0,-3.0,0.0,0,457.79,0.0,1,1.64,1.67,SPY230915P00430000,430.0,0,0.0,0.0,,0.0,normalDay
2023-08-01,6208.0,-17.0,0.0,0,456.48,0.0,1,1.64,1.81,SPY230915P00430000,430.0,0,0.0,0.0,,0.0,normalDay
2023-08-02,6208.0,-139.0,0.0,0,450.13,0.0,1,1.64,3.03,SPY230915P00430000,430.0,0,0.0,0.0,,0.0,normalDay
2023-08-03,6208.0,-132.0,0.0,0,448.84,0.0,1,1.64,2.96,SPY230915P00430000,430.0,0,0.0,0.0,,0.0,normalDay
2023-08-04,6208.0,-206.0,0.0,0,446.81,0.0,1,1.64,3.7,SPY230915P00430000,430.0,0,0.0,0.0,,0.0,normalDay
2023-08-07,6208.0,-92.0,0.0,0,450.71,0.0,1,1.64,2.56,SPY230915P00430000,430.0,0,0.0,0.0,,0.0,normalDay
2023-08-08,6208.0,-125.0,0.0,0,448.75,0.0,1,1.64,2.89,SPY230915P00430000,430.0,0,0.0,0.0,,0.0,normalDay
2023-08-09,6208.0,-154.0,0.0,0,445.75,0.0,1,1.64,3.18,SPY230915P00430000,430.0,0,0.0,0.0,,0.0,normalDay
2023-08-10,6208.0,-150.0,0.0,0,445.91,0.0,1,1.64,3.14,SPY230915P00430000,430.0,0,0.0,0.0,,0.0,normalDay
2023-08-11,6208.0,-116.0,0.0,0,445.65,0.0,1,1.64,2.8,SPY230915P00430000,430.0,0,0.0,0.0,,0.0,normalDay
2023-08-14,6208.0,-54.0,0.0,0,448.11,0.0,1,1.64,2.18,SPY230915P00430000,430.0,0,0.0,0.0,,0.0,normalDay
2023-08-15,6208.0,-172.0,0.0,0,442.89,0.0,1,1.64,3.36,SPY230915P00430000,430.0,0,0.0,0.0,,0.0,normalDay
2023-08-16,6208.0,-240.0,0.0,0,439.64,0.0,1,1.64,4.04,SPY230915P00430000,430.0,0,0.0,0.0,,0.0,normalDay
2023-08-17,6208.0,-363.0,0.0,0,436.29,0.0,1,1.64,5.27,SPY230915P00430000,430.0,0,0.0,0.0,,0.0,normalDay
2023-08-18,6208.0,-310.0,0.0,0,436.5,0.0,1,1.64,4.74,SPY230915P00430000,430.0,0,0.0,0.0,,0.0,normalDay
2023-08-21,6208.0,-202.0,0.0,0,439.34,0.0,1,1.64,3.66,SPY230915P00430000,430.0,0,0.0,0.0,,0.0,normalDay
2023-08-22,6208.0,-206.0,0.0,0,438.15,0.0,1,1.64,3.7,SPY230915P00430000,430.0,0,0.0,0.0,,0.0,normalDay
2023-08-23,6208.0,-68.0,0.0,0,443.03,0.0,1,1.64,2.32,SPY230915P00430000,430.0,0,0.0,0.0,,0.0,normalDay
2023-08-24,6208.0,-222.0,0.0,0,436.89,0.0,1,1.64,3.86,SPY230915P00430000,430.0,0,0.0,0.0,,0.0,normalDay
2023-08-25,6208.0,-88.0,0.0,0,439.97,0.0,1,1.64,2.52,SPY230915P00430000,430.0,0,0.0,0.0,,0.0,normalDay
2023-08-28,6208.0,6.0,0.0,0,442.76,0.0,1,1.64,1.58,SPY230915P00430000,430.0,0,0.0,0.0,,0.0,normalDay
2023-08-29,6208.0,87.0,0.0,0,449.16,0.0,1,1.64,0.77,SPY230915P00430000,430.0,0,0.0,0.0,,0.0,normalDay
2023-08-30,6208.0,110.0,0.0,0,451.01,0.0,1,1.64,0.54,SPY230915P00430000,430.0,0,0.0,0.0,,0.0,normalDay
2023-08-31,6208.0,120.0,0.0,0,450.35,0.0,1,1.64,0.44,SPY230915P00430000,430.0,0,0.0,0.0,,0.0,normalDay
2023-09-01,6208.0,129.0,0.0,0,451.19,0.0,1,1.64,0.35,SPY230915P00430000,430.0,0,0.0,0.0,,0.0,normalDay
2023-09-05,6208.0,128.0,0.0,0,449.24,0.0,1,1.64,0.36,SPY230915P00430000,430.0,0,0.0,0.0,,0.0,normalDay
2023-09-06,6208.0,119.0,0.0,0,446.22,0.0,1,1.64,0.45,SPY230915P00430000,430.0,0,0.0,0.0,,0.0,normalDay
2023-09-07,6208.0,125.0,0.0,0,444.85,0.0,1,1.64,0.39,SPY230915P00430000,430.0,0,0.0,0.0,,0.0,normalDay
2023-09-08,6208.0,143.0,0.0,0,445.52,0.0,1,1.64,0.21,SPY230915P00430000,430.0,0,0.0,0.0,,0.0,normalDay
2023-09-11,6208.0,155.0,0.0,0,448.45,0.0,1,1.64,0.09,SPY230915P00430000,430.0,0,0.0,0.0,,0.0,normalDay
2023-09-12,6208.0,152.0,0.0,0,445.99,0.0,1,1.64,0.12,SPY230915P00430000,430.0,0,0.0,0.0,,0.0,normalDay
2023-09-13,6208.0,160.0,0.0,0,446.51,0.0,1,1.64,0.04,SPY230915P00430000,430.0,0,0.0,0.0,,0.0,normalDay
2023-09-14,6208.0,161.0,0.0,0,450.36,0.0,1,1.64,0.03,SPY230915P00430000,430.0,0,0.0,0.0,,0.0,normalDay
2023-09-15,6372.0,0.0,164.0,0,443.37,0.0,1,1.64,0.0,SPY230915P00430000,430.0,0,0.0,0.0,,0.0,expirationDay
2023-09-18,6372.0,-4.0,0.0,0,443.63,0.0,1,2.99,3.03,SPY231027P00432000,432.0,0,0.0,0.0,,0.0,normalDay
2023-09-19,6372.0,-16.0,0.0,0,442.71,0.0,1,2.99,3.15,SPY231027P00432000,432.0,0,0.0,0.0,,0.0,normalDay
2023-09-20,6372.0,-147.0,0.0,0,438.64,0.0,1,2.99,4.46,SPY231027P00432000,432.0,0,0.0,0.0,,0.0,normalDay
2023-09-21,6372.0,-457.0,0.0,0,431.39,0.0,1,2.99,7.56,SPY231027P00432000,432.0,0,0.0,0.0,,0.0,normalDay
2023-09-22,6372.0,-477.0,0.0,0,430.42,0.0,1,2.99,7.76,SPY231027P00432000,432.0,0,0.0,0.0,,0.0,normalDay
2023-09-25,6372.0,-371.0,0.0,0,432.23,0.0,1,2.99,6.7,SPY231027P00432000,432.0,0,0.0,0.0,,0.0,normalDay
2023-09-26,6372.0,-712.0,0.0,0,425.88,0.0,1,2.99,10.11,SPY231027P00432000,432.0,0,0.0,0.0,,0.0,normalDay
2023-09-27,6372.0,-670.0,0.0,0,426.05,0.0,1,2.99,9.69,SPY231027P00432000,432.0,0,0.0,0.0,,0.0,normalDay
2023-09-28,6372.0,-537.0,0.0,0,428.52,0.0,1,2.99,8.36,SPY231027P00432000,432.0,0,0.0,0.0,,0.0,normalDay
2023-09-29,6372.0,-568.0,0.0,0,427.48,0.0,1,2.99,8.67,SPY231027P00432000,432.0,0,0.0,0.0,,0.0,normalDay
2023-10-02,6372.0,-548.0,0.0,0,427.31,0.0,1,2.99,8.47,SPY231027P00432000,432.0,0,0.0,0.0,,0.0,normalDay
2023-10-03,6372.0,-934.0,0.0,0,421.59,0.0,1,2.99,12.33,SPY231027P00432000,432.0,0,0.0,0.0,,0.0,normalDay
2023-10-04,6372.0,-725.0,0.0,0,424.66,0.0,1,2.99,10.24,SPY231027P00432000,432.0,0,0.0,0.0,,0.0,normalDay
2023-10-05,6372.0,-738.0,0.0,0,424.5,0.0,1,2.99,10.37,SPY231027P00432000,432.0,0,0.0,0.0,,0.0,normalDay
2023-10-06,6372.0,-369.0,0.0,0,429.54,0.0,1,2.99,6.68,SPY231027P00432000,432.0,0,0.0,0.0,,0.0,normalDay
2023-10-09,6372.0,-224.0,0.0,0,432.29,0.0,1,2.99,5.23,SPY231027P00432000,432.0,0,0.0,0.0,,0.0,normalDay
2023-10-10,6372.0,-109.0,0.0,0,434.54,0.0,1,2.99,4.08,SPY231027P00432000,432.0,0,0.0,0.0,,0.0,normalDay
2023-10-11,6372.0,12.0,0.0,0,436.32,0.0,1,2.99,2.87,SPY231027P00432000,432.0,0,0.0,0.0,,0.0,normalDay
2023-10-12,6372.0,-87.0,0.0,0,433.66,0.0,1,2.99,3.86,SPY231027P00432000,432.0,0,0.0,0.0,,0.0,normalDay
2023-10-13,6372.0,-244.0,0.0,0,431.5,0.0,1,2.99,5.43,SPY231027P00432000,432.0,0,0.0,0.0,,0.0,normalDay
2023-10-16,6372.0,24.0,0.0,0,436.04,0.0,1,2.99,2.75,SPY231027P00432000,432.0,0,0.0,0.0,,0.0,normalDay
2023-10-17,6372.0,13.0,0.0,0,436.02,0.0,1,2.99,2.86,SPY231027P00432000,432.0,0,0.0,0.0,,0.0,normalDay
2023-10-18,6372.0,-192.0,0.0,0,430.21,0.0,1,2.99,4.91,SPY231027P00432000,432.0,0,0.0,0.0,,0.0,normalDay
2023-10-19,6372.0,-512.0,0.0,0,426.43,0.0,1,2.99,8.11,SPY231027P00432000,432.0,0,0.0,0.0,,0.0,normalDay
2023-10-20,6372.0,-816.0,0.0,0,421.19,0.0,1,2.99,11.15,SPY231027P00432000,432.0,0,0.0,0.0,,0.0,normalDay
2023-10-23,6372.0,-791.0,0.0,0,420.46,0.0,1,2.99,10.9,SPY231027P00432000,432.0,0,0.0,0.0,,0.0,normalDay
2023-10-24,6372.0,-524.0,0.0,0,423.63,0.0,1,2.99,8.23,SPY231027P00432000,432.0,0,0.0,0.0,,0.0,normalDay
2023-10-25,6372.0,-1134.0,0.0,0,417.55,0.0,1,2.99,14.33,SPY231027P00432000,432.0,0,0.0,0.0,,0.0,normalDay
2023-10-26,6372.0,-1626.0,0.0,0,412.55,0.0,1,2.99,19.25,SPY231027P00432000,432.0,0,0.0,0.0,,0.0,normalDay
2023-10-27,6671.0,-2132.0,299.0,100,410.68,432.0,1,2.99,0.0,SPY231027P00432000,432.0,0,0.0,0.0,,0.0,expirationDay
2023-10-30,6671.0,-1663.0,0.0,100,415.59,432.0,0,0.0,0.0,,0.0,1,10.25,10.47,SPY240328C00438000,438.0,normalDay
2023-10-31,6671.0,-1421.0,0.0,100,418.2,432.0,0,0.0,0.0,,0.0,1,10.25,10.66,SPY240328C00438000,438.0,normalDay
2023-11-01,6671.0,-1146.0,0.0,100,422.66,432.0,0,0.0,0.0,,0.0,1,10.25,12.37,SPY240328C00438000,438.0,normalDay
2023-11-02,6671.0,-698.0,0.0,100,430.76,432.0,0,0.0,0.0,,0.0,1,10.25,15.99,SPY240328C00438000,438.0,normalDay
2023-11-03,6671.0,-530.0,0.0,100,434.69,432.0,0,0.0,0.0,,0.0,1,10.25,18.24,SPY240328C00438000,438.0,normalDay
2023-11-06,6671.0,-412.0,0.0,100,435.69,432.0,0,0.0,0.0,,0.0,1,10.25,18.06,SPY240328C00438000,438.0,normalDay
2023-11-07,6671.0,-371.0,0.0,100,436.93,432.0,0,0.0,0.0,,0.0,1,10.25,18.89,SPY240328C00438000,438.0,normalDay
2023-11-08,6671.0,-348.0,0.0,100,437.25,432.0,0,0.0,0.0,,0.0,1,10.25,18.98,SPY240328C00438000,438.0,normalDay
2023-11-09,6671.0,-477.0,0.0,100,433.84,432.0,0,0.0,0.0,,0.0,1,10.25,16.86,SPY240328C00438000,438.0,normalDay
2023-11-10,6671.0,-191.0,0.0,100,440.61,432.0,0,0.0,0.0,,0.0,1,10.25,20.77,SPY240328C00438000,438.0,normalDay
2023-11-13,6671.0,-223.0,0.0,100,440.19,432.0,0,0.0,0.0,,0.0,1,10.25,20.67,SPY240328C00438000,438.0,normalDay
2023-11-14,6671.0,32.0,0.0,100,448.73,432.0,0,0.0,0.0,,0.0,1,10.25,26.66,SPY240328C00438000,438.0,normalDay
2023-11-15,6671.0,123.0,0.0,100,449.68,432.0,0,0.0,0.0,,0.0,1,10.25,26.7,SPY240328C00438000,438.0,normalDay
2023-11-16,6671.0,137.0,0.0,100,450.23,432.0,0,0.0,0.0,,0.0,1,10.25,27.11,SPY240328C00438000,438.0,normalDay
2023-11-17,6671.0,183.0,0.0,100,450.79,432.0,0,0.0,0.0,,0.0,1,10.25,27.21,SPY240328C00438000,438.0,normalDay
2023-11-20,6671.0,281.0,0.0,100,454.26,432.0,0,0.0,0.0,,0.0,1,10.25,29.7,SPY240328C00438000,438.0,normalDay
2023-11-21,6671.0,312.0,0.0,100,453.27,432.0,0,0.0,0.0,,0.0,1,10.25,28.4,SPY240328C00438000,438.0,normalDay
2023-11-22,6671.0,299.0,0.0,100,455.02,432.0,0,0.0,0.0,,0.0,1,10.25,30.28,SPY240328C00438000,438.0,normalDay
2023-11-24,6671.0,327.0,0.0,100,455.3,432.0,0,0.0,0.0,,0.0,1,10.25,30.28,SPY240328C00438000,438.0,normalDay
2023-11-27,6671.0,317.0,0.0,100,454.48,432.0,0,0.0,0.0,,0.0,1,10.25,29.56,SPY240328C00438000,438.0,normalDay
2023-11-28,6671.0,341.0,0.0,100,454.93,432.0,0,0.0,0.0,,0.0,1,10.25,29.77,SPY240328C00438000,438.0,normalDay
2023-11-29,6671.0,345.0,0.0,100,454.61,432.0,0,0.0,0.0,,0.0,1,10.25,29.41,SPY240328C00438000,438.0,normalDay
2023-11-30,6671.0,392.0,0.0,100,456.4,432.0,0,0.0,0.0,,0.0,1,10.25,30.73,SPY240328C00438000,438.0,normalDay
