date,totalCapital,unrializedPnL,rializedPnL,stocksOwned,stocksPriceToday,stocksPriceBoughtAt,putOwned,putOwnedSoldAt,putPriceToday,putOwnedContract,putOwnedStrike,callOwned,callOwnedSoldAt,callPriceToday,callOwnedContract,callOwnedStrike,trackType
2018-11-01,0.0,-5.0,0.0,0,273.51,0.0,1,5.18,5.23,SPY181221P00268000,268.0,0,0.0,0.0,,0.0,normalDay
2018-11-02,0.0,-52.0,0.0,0,271.89,0.0,1,5.18,5.7,SPY181221P00268000,268.0,0,0.0,0.0,,0.0,normalDay
2018-11-05,0.0,20.0,0.0,0,273.39,0.0,1,5.18,4.98,SPY181221P00268000,268.0,0,0.0,0.0,,0.0,normalDay
2018-11-06,0.0,84.0,0.0,0,275.12,0.0,1,5.18,4.34,SPY181221P00268000,268.0,0,0.0,0.0,,0.0,normalDay
2018-11-07,0.0,286.0,0.0,0,281.01,0.0,1,5.18,2.32,SPY181221P00268000,268.0,0,0.0,0.0,,0.0,normalDay
2018-11-08,0.0,280.0,0.0,0,280.5,0.0,1,5.18,2.38,SPY181221P00268000,268.0,0,0.0,0.0,,0.0,normalDay
2018-11-09,0.0,209.0,0.0,0,277.76,0.0,1,5.18,3.09,SPY181221P00268000,268.0,0,0.0,0.0,,0.0,normalDay
2018-11-12,0.0,37.0,0.0,0,272.57,0.0,1,5.18,4.81,SPY181221P00268000,268.0,0,0.0,0.0,,0.0,normalDay
2018-11-13,0.0,20.0,0.0,0,272.06,0.0,1,5.18,4.98,SPY181221P00268000,268.0,0,0.0,0.0,,0.0,normalDay
2018-11-14,0.0,-81.0,0.0,0,270.2,0.0,1,5.18,5.99,SPY181221P00268000,268.0,0,0.0,0.0,,0.0,normalDay
2018-11-15,0.0,68.0,0.0,0,273.02,0.0,1,5.18,4.5,SPY181221P00268000,268.0,0,0.0,0.0,,0.0,normalDay
2018-11-16,0.0,148.0,0.0,0,273.73,0.0,1,5.18,3.7,SPY181221P00268000,268.0,0,0.0,0.0,,0.0,normalDay
2018-11-19,0.0,-41.0,0.0,0,269.1,0.0,1,5.18,5.59,SPY181221P00268000,268.0,0,0.0,0.0,,0.0,normalDay
2018-11-20,0.0,-349.0,0.0,0,264.12,0.0,1,5.18,8.67,SPY181221P00268000,268.0,0,0.0,0.0,,0.0,normalDay
2018-11-21,0.0,-251.0,0.0,0,265.02,0.0,1,5.18,7.69,SPY181221P00268000,268.0,0,0.0,0.0,,0.0,normalDay
2018-11-23,0.0,-368.0,0.0,0,263.25,0.0,1,5.18,8.86,SPY181221P00268000,268.0,0,0.0,0.0,,0.0,normalDay
2018-11-26,0.0,-24.0,0.0,0,267.5,0.0,1,5.18,5.42,SPY181221P00268000,268.0,0,0.0,0.0,,0.0,normalDay
2018-11-27,0.0,-4.0,0.0,0,268.4,0.0,1,5.18,5.22,SPY181221P00268000,268.0,0,0.0,0.0,,0.0,normalDay
2018-11-28,0.0,225.0,0.0,0,274.58,0.0,1,5.18,2.93,SPY181221P00268000,268.0,0,0.0,0.0,,0.0,normalDay
2018-11-29,0.0,215.0,0.0,0,273.98,0.0,1,5.18,3.03,SPY181221P00268000,268.0,0,0.0,0.0,,0.0,normalDay
2018-11-30,0.0,276.0,0.0,0,275.65,0.0,1,5.18,2.42,SPY181221P00268000,268.0,0,0.0,0.0,,0.0,normalDay
2018-12-03,0.0,401.0,0.0,0,279.3,0.0,1,5.18,1.17,SPY181221P00268000,268.0,0,0.0,0.0,,0.0,normalDay
2018-12-04,0.0,89.0,0.0,0,270.25,0.0,1,5.18,4.29,SPY181221P00268000,268.0,0,0.0,0.0,,0.0,normalDay
2018-12-06,0.0,94.0,0.0,0,269.84,0.0,1,5.18,4.24,SPY181221P00268000,268.0,0,0.0,0.0,,0.0,normalDay
2018-12-07,0.0,-293.0,0.0,0,263.57,0.0,1,5.18,8.11,SPY181221P00268000,268.0,0,0.0,0.0,,0.0,normalDay
2018-12-10,0.0,-157.0,0.0,0,264.07,0.0,1,5.18,6.75,SPY181221P00268000,268.0,0,0.0,0.0,,0.0,normalDay
2018-12-11,0.0,-138.0,0.0,0,264.13,0.0,1,5.18,6.56,SPY181221P00268000,268.0,0,0.0,0.0,,0.0,normalDay
2018-12-12,0.0,-60.0,0.0,0,265.46,0.0,1,5.18,5.78,SPY181221P00268000,268.0,0,0.0,0.0,,0.0,normalDay
2018-12-13,0.0,-30.0,0.0,0,265.37,0.0,1,5.18,5.48,SPY181221P00268000,268.0,0,0.0,0.0,,0.0,normalDay
2018-12-14,0.0,-409.0,0.0,0,260.47,0.0,1,5.18,9.27,SPY181221P00268000,268.0,0,0.0,0.0,,0.0,normalDay
2018-12-17,0.0,-883.0,0.0,0,255.36,0.0,1,5.18,14.01,SPY181221P00268000,268.0,0,0.0,0.0,,0.0,normalDay
2018-12-18,0.0,-979.0,0.0,0,255.08,0.0,1,5.18,14.97,SPY181221P00268000,268.0,0,0.0,0.0,,0.0,normalDay
2018-12-19,0.0,-1298.0,0.0,0,251.26,0.0,1,5.18,18.16,SPY181221P00268000,268.0,0,0.0,0.0,,0.0,normalDay
2018-12-20,0.0,-1644.0,0.0,0,247.17,0.0,1,5.18,21.62,SPY181221P00268000,268.0,0,0.0,0.0,,0.0,normalDay
2018-12-21,518.0,-2730.0,518.0,100,240.7,268.0,1,5.18,0.0,SPY181221P00268000,268.0,0,0.0,0.0,,0.0,expirationDay
2018-12-24,518.0,-3378.0,0.0,100,234.34,268.0,0,0.0,0.0,,0.0,1,0.96,1.08,SPY190315C00267000,267.0,normalDay
2018-12-26,518.0,-2348.0,0.0,100,246.18,268.0,0,0.0,0.0,,0.0,1,0.96,2.62,SPY190315C00267000,267.0,normalDay
2018-12-27,518.0,-2233.0,0.0,100,248.07,268.0,0,0.0,0.0,,0.0,1,0.96,3.36,SPY190315C00267000,267.0,normalDay
2018-12-28,518.0,-2218.0,0.0,100,247.75,268.0,0,0.0,0.0,,0.0,1,0.96,2.89,SPY190315C00267000,267.0,normalDay
2018-12-31,518.0,-1988.0,0.0,100,249.92,268.0,0,0.0,0.0,,0.0,1,0.96,2.76,SPY190315C00267000,267.0,normalDay
2019-01-02,518.0,-1928.0,0.0,100,250.18,268.0,0,0.0,0.0,,0.0,1,0.96,2.42,SPY190315C00267000,267.0,normalDay
2019-01-03,518.0,-2428.0,0.0,100,244.21,268.0,0,0.0,0.0,,0.0,1,0.96,1.45,SPY190315C00267000,267.0,normalDay
2019-01-04,518.0,-1743.0,0.0,100,252.39,268.0,0,0.0,0.0,,0.0,1,0.96,2.78,SPY190315C00267000,267.0,normalDay
2019-01-07,518.0,-1575.0,0.0,100,254.38,268.0,0,0.0,0.0,,0.0,1,0.96,3.09,SPY190315C00267000,267.0,normalDay
2019-01-08,518.0,-1387.0,0.0,100,256.77,268.0,0,0.0,0.0,,0.0,1,0.96,3.6,SPY190315C00267000,267.0,normalDay
2019-01-09,518.0,-1287.0,0.0,100,257.97,268.0,0,0.0,0.0,,0.0,1,0.96,3.8,SPY190315C00267000,267.0,normalDay
2019-01-10,518.0,-1217.0,0.0,100,258.88,268.0,0,0.0,0.0,,0.0,1,0.96,4.01,SPY190315C00267000,267.0,normalDay
2019-01-11,518.0,-1165.0,0.0,100,258.98,268.0,0,0.0,0.0,,0.0,1,0.96,3.59,SPY190315C00267000,267.0,normalDay
2019-01-14,518.0,-1244.0,0.0,100,257.4,268.0,0,0.0,0.0,,0.0,1,0.96,2.8,SPY190315C00267000,267.0,normalDay
2019-01-15,518.0,-1021.0,0.0,100,260.35,268.0,0,0.0,0.0,,0.0,1,0.96,3.52,SPY190315C00267000,267.0,normalDay
2019-01-16,518.0,-986.0,0.0,100,260.98,268.0,0,0.0,0.0,,0.0,1,0.96,3.8,SPY190315C00267000,267.0,normalDay
2019-01-17,518.0,-873.0,0.0,100,262.96,268.0,0,0.0,0.0,,0.0,1,0.96,4.65,SPY190315C00267000,267.0,normalDay
2019-01-18,518.0,-704.0,0.0,100,266.46,268.0,0,0.0,0.0,,0.0,1,0.96,6.46,SPY190315C00267000,267.0,normalDay
2019-01-22,518.0,-921.0,0.0,100,262.86,268.0,0,0.0,0.0,,0.0,1,0.96,5.03,SPY190315C00267000,267.0,normalDay
2019-01-23,518.0,-860.0,0.0,100,263.41,268.0,0,0.0,0.0,,0.0,1,0.96,4.97,SPY190315C00267000,267.0,normalDay
2019-01-24,518.0,-789.0,0.0,100,263.55,268.0,0,0.0,0.0,,0.0,1,0.96,4.4,SPY190315C00267000,267.0,normalDay
2019-01-25,518.0,-700.0,0.0,100,265.78,268.0,0,0.0,0.0,,0.0,1,0.96,5.74,SPY190315C00267000,267.0,normalDay
2019-01-28,518.0,-803.0,0.0,100,263.76,268.0,0,0.0,0.0,,0.0,1,0.96,4.75,SPY190315C00267000,267.0,normalDay
2019-01-29,518.0,-811.0,0.0,100,263.41,268.0,0,0.0,0.0,,0.0,1,0.96,4.48,SPY190315C00267000,267.0,normalDay
2019-01-30,518.0,-581.0,0.0,100,267.58,268.0,0,0.0,0.0,,0.0,1,0.96,6.35,SPY190315C00267000,267.0,normalDay
2019-01-31,518.0,-490.0,0.0,100,269.93,268.0,0,0.0,0.0,,0.0,1,0.96,7.79,SPY190315C00267000,267.0,normalDay
2019-02-01,518.0,-445.0,0.0,100,270.06,268.0,0,0.0,0.0,,0.0,1,0.96,7.47,SPY190315C00267000,267.0,normalDay
2019-02-04,518.0,-343.0,0.0,100,271.96,268.0,0,0.0,0.0,,0.0,1,0.96,8.35,SPY190315C00267000,267.0,normalDay
2019-02-05,518.0,-305.0,0.0,100,273.1,268.0,0,0.0,0.0,,0.0,1,0.96,9.11,SPY190315C00267000,267.0,normalDay
2019-02-06,518.0,-307.0,0.0,100,272.74,268.0,0,0.0,0.0,,0.0,1,0.96,8.77,SPY190315C00267000,267.0,normalDay
2019-02-07,518.0,-408.0,0.0,100,270.14,268.0,0,0.0,0.0,,0.0,1,0.96,7.18,SPY190315C00267000,267.0,normalDay
2019-02-08,518.0,-364.0,0.0,100,270.47,268.0,0,0.0,0.0,,0.0,1,0.96,7.07,SPY190315C00267000,267.0,normalDay
2019-02-11,518.0,-347.0,0.0,100,270.62,268.0,0,0.0,0.0,,0.0,1,0.96,7.05,SPY190315C00267000,267.0,normalDay
2019-02-12,518.0,-262.0,0.0,100,274.1,268.0,0,0.0,0.0,,0.0,1,0.96,9.68,SPY190315C00267000,267.0,normalDay
2019-02-13,518.0,-217.0,0.0,100,274.99,268.0,0,0.0,0.0,,0.0,1,0.96,10.12,SPY190315C00267000,267.0,normalDay
2019-02-14,518.0,-230.0,0.0,100,274.38,268.0,0,0.0,0.0,,0.0,1,0.96,9.64,SPY190315C00267000,267.0,normalDay
2019-02-15,518.0,-169.0,0.0,100,277.37,268.0,0,0.0,0.0,,0.0,1,0.96,12.02,SPY190315C00267000,267.0,normalDay
2019-02-19,518.0,-118.0,0.0,100,277.85,268.0,0,0.0,0.0,,0.0,1,0.96,11.99,SPY190315C00267000,267.0,normalDay
2019-02-20,518.0,-125.0,0.0,100,278.41,268.0,0,0.0,0.0,,0.0,1,0.96,12.62,SPY190315C00267000,267.0,normalDay
2019-02-21,518.0,-135.0,0.0,100,277.42,268.0,0,0.0,0.0,,0.0,1,0.96,11.73,SPY190315C00267000,267.0,normalDay
2019-02-22,518.0,-98.0,0.0,100,279.14,268.0,0,0.0,0.0,,0.0,1,0.96,13.08,SPY190315C00267000,267.0,normalDay
2019-02-25,518.0,-105.0,0.0,100,279.52,268.0,0,0.0,0.0,,0.0,1,0.96,13.53,SPY190315C00267000,267.0,normalDay
2019-02-26,518.0,-93.0,0.0,100,279.32,268.0,0,0.0,0.0,,0.0,1,0.96,13.21,SPY190315C00267000,267.0,normalDay
2019-02-27,518.0,-107.0,0.0,100,279.2,268.0,0,0.0,0.0,,0.0,1,0.96,13.23,SPY190315C00267000,267.0,normalDay
2019-02-28,518.0,-90.0,0.0,100,278.68,268.0,0,0.0,0.0,,0.0,1,0.96,12.54,SPY190315C00267000,267.0,normalDay
2019-03-01,518.0,-72.0,0.0,100,280.42,268.0,0,0.0,0.0,,0.0,1,0.96,14.1,SPY190315C00267000,267.0,normalDay
2019-03-04,518.0,-57.0,0.0,100,279.4,268.0,0,0.0,0.0,,0.0,1,0.96,12.93,SPY190315C00267000,267.0,normalDay
2019-03-05,518.0,-54.0,0.0,100,279.02,268.0,0,0.0,0.0,,0.0,1,0.96,12.52,SPY190315C00267000,267.0,normalDay
2019-03-06,518.0,-69.0,0.0,100,277.33,268.0,0,0.0,0.0,,0.0,1,0.96,10.98,SPY190315C00267000,267.0,normalDay
2019-03-07,518.0,-98.0,0.0,100,275.01,268.0,0,0.0,0.0,,0.0,1,0.96,8.95,SPY190315C00267000,267.0,normalDay
2019-03-08,518.0,-81.0,0.0,100,274.46,268.0,0,0.0,0.0,,0.0,1,0.96,8.23,SPY190315C00267000,267.0,normalDay
2019-03-11,518.0,-21.0,0.0,100,278.44,268.0,0,0.0,0.0,,0.0,1,0.96,11.61,SPY190315C00267000,267.0,normalDay
2019-03-12,518.0,-2.0,0.0,100,279.49,268.0,0,0.0,0.0,,0.0,1,0.96,12.47,SPY190315C00267000,267.0,normalDay
2019-03-13,518.0,-38.0,0.0,100,281.34,268.0,0,0.0,0.0,,0.0,1,0.96,14.68,SPY190315C00267000,267.0,normalDay
2019-03-14,518.0,-10.0,0.0,100,281.16,268.0,0,0.0,0.0,,0.0,1,0.96,14.22,SPY190315C00267000,267.0,normalDay
2019-03-15,514.0,-10.0,-4.0,0,281.31,0.0,0,0.0,0.0,,0.0,1,0.96,0.0,SPY190315C00267000,267.0,expirationDay
2019-03-18,514.0,-4.0,0.0,0,282.33,0.0,1,2.17,2.21,SPY190426P00277000,277.0,0,0.0,0.0,,0.0,normalDay
2019-03-19,514.0,-24.0,0.0,0,282.4,0.0,1,2.17,2.41,SPY190426P00277000,277.0,0,0.0,0.0,,0.0,normalDay
2019-03-20,514.0,-49.0,0.0,0,281.55,0.0,1,2.17,2.66,SPY190426P00277000,277.0,0,0.0,0.0,,0.0,normalDay
2019-03-21,514.0,28.0,0.0,0,284.73,0.0,1,2.17,1.89,SPY190426P00277000,277.0,0,0.0,0.0,,0.0,normalDay
2019-03-22,514.0,-156.0,0.0,0,279.25,0.0,1,2.17,3.73,SPY190426P00277000,277.0,0,0.0,0.0,,0.0,normalDay
2019-03-25,514.0,-165.0,0.0,0,279.04,0.0,1,2.17,3.82,SPY190426P00277000,277.0,0,0.0,0.0,,0.0,normalDay
2019-03-26,514.0,-64.0,0.0,0,281.12,0.0,1,2.17,2.81,SPY190426P00277000,277.0,0,0.0,0.0,,0.0,normalDay
2019-03-27,514.0,-104.0,0.0,0,279.65,0.0,1,2.17,3.21,SPY190426P00277000,277.0,0,0.0,0.0,,0.0,normalDay
2019-03-28,514.0,-43.0,0.0,0,280.71,0.0,1,2.17,2.6,SPY190426P00277000,277.0,0,0.0,0.0,,0.0,normalDay
2019-03-29,514.0,32.0,0.0,0,282.48,0.0,1,2.17,1.85,SPY190426P00277000,277.0,0,0.0,0.0,,0.0,normalDay
2019-04-01,514.0,106.0,0.0,0,285.83,0.0,1,2.17,1.11,SPY190426P00277000,277.0,0,0.0,0.0,,0.0,normalDay
2019-04-02,514.0,117.0,0.0,0,285.97,0.0,1,2.17,1.0,SPY190426P00277000,277.0,0,0.0,0.0,,0.0,normalDay
2019-04-03,514.0,124.0,0.0,0,286.42,0.0,1,2.17,0.93,SPY190426P00277000,277.0,0,0.0,0.0,,0.0,normalDay
2019-04-04,514.0,139.0,0.0,0,287.18,0.0,1,2.17,0.78,SPY190426P00277000,277.0,0,0.0,0.0,,0.0,normalDay
2019-04-05,514.0,163.0,0.0,0,288.57,0.0,1,2.17,0.54,SPY190426P00277000,277.0,0,0.0,0.0,,0.0,normalDay
2019-04-08,514.0,170.0,0.0,0,288.79,0.0,1,2.17,0.47,SPY190426P00277000,277.0,0,0.0,0.0,,0.0,normalDay
2019-04-09,514.0,149.0,0.0,0,287.31,0.0,1,2.17,0.68,SPY190426P00277000,277.0,0,0.0,0.0,,0.0,normalDay
2019-04-10,514.0,176.0,0.0,0,288.29,0.0,1,2.17,0.41,SPY190426P00277000,277.0,0,0.0,0.0,,0.0,normalDay
2019-04-11,514.0,178.0,0.0,0,288.21,0.0,1,2.17,0.39,SPY190426P00277000,277.0,0,0.0,0.0,,0.0,normalDay
2019-04-12,514.0,197.0,0.0,0,290.16,0.0,1,2.17,0.2,SPY190426P00277000,277.0,0,0.0,0.0,,0.0,normalDay
2019-04-15,514.0,200.0,0.0,0,289.97,0.0,1,2.17,0.17,SPY190426P00277000,277.0,0,0.0,0.0,,0.0,normalDay
2019-04-16,514.0,202.0,0.0,0,290.16,0.0,1,2.17,0.15,SPY190426P00277000,277.0,0,0.0,0.0,,0.0,normalDay
2019-04-17,514.0,202.0,0.0,0,289.45,0.0,1,2.17,0.15,SPY190426P00277000,277.0,0,0.0,0.0,,0.0,normalDay
2019-04-18,514.0,211.0,0.0,0,290.02,0.0,1,2.17,0.06,SPY190426P00277000,277.0,0,0.0,0.0,,0.0,normalDay
2019-04-22,514.0,214.0,0.0,0,290.27,0.0,1,2.17,0.03,SPY190426P00277000,277.0,0,0.0,0.0,,0.0,normalDay
2019-04-23,514.0,215.0,0.0,0,292.88,0.0,1,2.17,0.02,SPY190426P00277000,277.0,0,0.0,0.0,,0.0,normalDay
2019-04-24,514.0,215.0,0.0,0,292.23,0.0,1,2.17,0.02,SPY190426P00277000,277.0,0,0.0,0.0,,0.0,normalDay
2019-04-25,514.0,216.0,0.0,0,292.05,0.0,1,2.17,0.01,SPY190426P00277000,277.0,0,0.0,0.0,,0.0,normalDay
2019-04-26,731.0,0.0,217.0,0,293.41,0.0,1,2.17,0.0,SPY190426P00277000,277.0,0,0.0,0.0,,0.0,expirationDay
2019-04-29,731.0,-4.0,0.0,0,293.87,0.0,1,2.96,3.0,SPY190621P00287000,287.0,0,0.0,0.0,,0.0,normalDay
2019-04-30,731.0,4.0,0.0,0,294.02,0.0,1,2.96,2.92,SPY190621P00287000,287.0,0,0.0,0.0,,0.0,normalDay
2019-05-01,731.0,-87.0,0.0,0,291.81,0.0,1,2.96,3.83,SPY190621P00287000,287.0,0,0.0,0.0,,0.0,normalDay
2019-05-02,731.0,-103.0,0.0,0,291.18,0.0,1,2.96,3.99,SPY190621P00287000,287.0,0,0.0,0.0,,0.0,normalDay
2019-05-03,731.0,10.0,0.0,0,294.03,0.0,1,2.96,2.86,SPY190621P00287000,287.0,0,0.0,0.0,,0.0,normalDay
2019-05-06,731.0,-63.0,0.0,0,292.82,0.0,1,2.96,3.59,SPY190621P00287000,287.0,0,0.0,0.0,,0.0,normalDay
2019-05-07,731.0,-332.0,0.0,0,287.93,0.0,1,2.96,6.28,SPY190621P00287000,287.0,0,0.0,0.0,,0.0,normalDay
2019-05-08,731.0,-326.0,0.0,0,287.53,0.0,1,2.96,6.22,SPY190621P00287000,287.0,0,0.0,0.0,,0.0,normalDay
2019-05-09,731.0,-356.0,0.0,0,286.66,0.0,1,2.96,6.52,SPY190621P00287000,287.0,0,0.0,0.0,,0.0,normalDay
2019-05-10,731.0,-233.0,0.0,0,288.1,0.0,1,2.96,5.29,SPY190621P00287000,287.0,0,0.0,0.0,,0.0,normalDay
2019-05-13,731.0,-693.0,0.0,0,280.86,0.0,1,2.96,9.89,SPY190621P00287000,287.0,0,0.0,0.0,,0.0,normalDay
2019-05-14,731.0,-476.0,0.0,0,283.4,0.0,1,2.96,7.72,SPY190621P00287000,287.0,0,0.0,0.0,,0.0,normalDay
2019-05-15,731.0,-333.0,0.0,0,285.06,0.0,1,2.96,6.29,SPY190621P00287000,287.0,0,0.0,0.0,,0.0,normalDay
2019-05-16,731.0,-189.0,0.0,0,287.7,0.0,1,2.96,4.85,SPY190621P00287000,287.0,0,0.0,0.0,,0.0,normalDay
2019-05-17,731.0,-278.0,0.0,0,285.84,0.0,1,2.96,5.74,SPY190621P00287000,287.0,0,0.0,0.0,,0.0,normalDay
2019-05-20,731.0,-359.0,0.0,0,283.95,0.0,1,2.96,6.55,SPY190621P00287000,287.0,0,0.0,0.0,,0.0,normalDay
2019-05-21,731.0,-200.0,0.0,0,286.51,0.0,1,2.96,4.96,SPY190621P00287000,287.0,0,0.0,0.0,,0.0,normalDay
2019-05-22,731.0,-231.0,0.0,0,285.63,0.0,1,2.96,5.27,SPY190621P00287000,287.0,0,0.0,0.0,,0.0,normalDay
2019-05-23,731.0,-485.0,0.0,0,282.14,0.0,1,2.96,7.81,SPY190621P00287000,287.0,0,0.0,0.0,,0.0,normalDay
2019-05-24,731.0,-399.0,0.0,0,282.78,0.0,1,2.96,6.95,SPY190621P00287000,287.0,0,0.0,0.0,,0.0,normalDay
2019-05-28,731.0,-569.0,0.0,0,280.15,0.0,1,2.96,8.65,SPY190621P00287000,287.0,0,0.0,0.0,,0.0,normalDay
2019-05-29,731.0,-743.0,0.0,0,278.27,0.0,1,2.96,10.39,SPY190621P00287000,287.0,0,0.0,0.0,,0.0,normalDay
2019-05-30,731.0,-674.0,0.0,0,279.03,0.0,1,2.96,9.7,SPY190621P00287000,287.0,0,0.0,0.0,,0.0,normalDay
2019-05-31,731.0,-1014.0,0.0,0,275.27,0.0,1,2.96,13.1,SPY190621P00287000,287.0,0,0.0,0.0,,0.0,normalDay
2019-06-03,731.0,-1054.0,0.0,0,274.57,0.0,1,2.96,13.5,SPY190621P00287000,287.0,0,0.0,0.0,,0.0,normalDay
2019-06-04,731.0,-540.0,0.0,0,280.53,0.0,1,2.96,8.36,SPY190621P00287000,287.0,0,0.0,0.0,,0.0,normalDay
2019-06-05,731.0,-333.0,0.0,0,282.96,0.0,1,2.96,6.29,SPY190621P00287000,287.0,0,0.0,0.0,,0.0,normalDay
2019-06-06,731.0,-208.0,0.0,0,284.8,0.0,1,2.96,5.04,SPY190621P00287000,287.0,0,0.0,0.0,,0.0,normalDay
2019-06-07,731.0,-50.0,0.0,0,287.65,0.0,1,2.96,3.46,SPY190621P00287000,287.0,0,0.0,0.0,,0.0,normalDay
2019-06-10,731.0,39.0,0.0,0,288.97,0.0,1,2.96,2.57,SPY190621P00287000,287.0,0,0.0,0.0,,0.0,normalDay
2019-06-11,731.0,42.0,0.0,0,288.9,0.0,1,2.96,2.54,SPY190621P00287000,287.0,0,0.0,0.0,,0.0,normalDay
2019-06-12,731.0,50.0,0.0,0,288.39,0.0,1,2.96,2.46,SPY190621P00287000,287.0,0,0.0,0.0,,0.0,normalDay
2019-06-13,731.0,117.0,0.0,0,289.58,0.0,1,2.96,1.79,SPY190621P00287000,287.0,0,0.0,0.0,,0.0,normalDay
2019-06-14,731.0,144.0,0.0,0,289.26,0.0,1,2.96,1.52,SPY190621P00287000,287.0,0,0.0,0.0,,0.0,normalDay
2019-06-17,731.0,168.0,0.0,0,289.37,0.0,1,2.96,1.28,SPY190621P00287000,287.0,0,0.0,0.0,,0.0,normalDay
2019-06-18,731.0,236.0,0.0,0,292.4,0.0,1,2.96,0.6,SPY190621P00287000,287.0,0,0.0,0.0,,0.0,normalDay
2019-06-19,731.0,279.0,0.0,0,293.06,0.0,1,2.96,0.17,SPY190621P00287000,287.0,0,0.0,0.0,,0.0,normalDay
2019-06-20,731.0,289.0,0.0,0,295.86,0.0,1,2.96,0.07,SPY190621P00287000,287.0,0,0.0,0.0,,0.0,normalDay
2019-06-21,1027.0,0.0,296.0,0,294.0,0.0,1,2.96,0.0,SPY190621P00287000,287.0,0,0.0,0.0,,0.0,expirationDay
2019-06-24,1027.0,-3.0,0.0,0,293.64,0.0,1,2.32,2.35,SPY190816P00280000,280.0,0,0.0,0.0,,0.0,normalDay
2019-06-25,1027.0,-69.0,0.0,0,290.76,0.0,1,2.32,3.01,SPY190816P00280000,280.0,0,0.0,0.0,,0.0,normalDay
2019-06-26,1027.0,-71.0,0.0,0,290.47,0.0,1,2.32,3.03,SPY190816P00280000,280.0,0,0.0,0.0,,0.0,normalDay
2019-06-27,1027.0,-29.0,0.0,0,291.5,0.0,1,2.32,2.61,SPY190816P00280000,280.0,0,0.0,0.0,,0.0,normalDay
2019-06-28,1027.0,17.0,0.0,0,293.0,0.0,1,2.32,2.15,SPY190816P00280000,280.0,0,0.0,0.0,,0.0,normalDay
2019-07-01,1027.0,80.0,0.0,0,295.66,0.0,1,2.32,1.52,SPY190816P00280000,280.0,0,0.0,0.0,,0.0,normalDay
2019-07-02,1027.0,110.0,0.0,0,296.43,0.0,1,2.32,1.22,SPY190816P00280000,280.0,0,0.0,0.0,,0.0,normalDay
2019-07-03,1027.0,138.0,0.0,0,298.8,0.0,1,2.32,0.94,SPY190816P00280000,280.0,0,0.0,0.0,,0.0,normalDay
2019-07-05,1027.0,132.0,0.0,0,298.46,0.0,1,2.32,1.0,SPY190816P00280000,280.0,0,0.0,0.0,,0.0,normalDay
2019-07-08,1027.0,120.0,0.0,0,296.82,0.0,1,2.32,1.12,SPY190816P00280000,280.0,0,0.0,0.0,,0.0,normalDay
2019-07-09,1027.0,120.0,0.0,0,297.19,0.0,1,2.32,1.12,SPY190816P00280000,280.0,0,0.0,0.0,,0.0,normalDay
2019-07-10,1027.0,148.0,0.0,0,298.61,0.0,1,2.32,0.84,SPY190816P00280000,280.0,0,0.0,0.0,,0.0,normalDay
2019-07-11,1027.0,155.0,0.0,0,299.31,0.0,1,2.32,0.77,SPY190816P00280000,280.0,0,0.0,0.0,,0.0,normalDay
2019-07-12,1027.0,170.0,0.0,0,300.65,0.0,1,2.32,0.62,SPY190816P00280000,280.0,0,0.0,0.0,,0.0,normalDay
2019-07-15,1027.0,172.0,0.0,0,300.75,0.0,1,2.32,0.6,SPY190816P00280000,280.0,0,0.0,0.0,,0.0,normalDay
2019-07-16,1027.0,168.0,0.0,0,299.78,0.0,1,2.32,0.64,SPY190816P00280000,280.0,0,0.0,0.0,,0.0,normalDay
2019-07-17,1027.0,150.0,0.0,0,297.74,0.0,1,2.32,0.82,SPY190816P00280000,280.0,0,0.0,0.0,,0.0,normalDay
2019-07-18,1027.0,165.0,0.0,0,298.83,0.0,1,2.32,0.67,SPY190816P00280000,280.0,0,0.0,0.0,,0.0,normalDay
2019-07-19,1027.0,151.0,0.0,0,297.17,0.0,1,2.32,0.81,SPY190816P00280000,280.0,0,0.0,0.0,,0.0,normalDay
2019-07-22,1027.0,174.0,0.0,0,297.9,0.0,1,2.32,0.58,SPY190816P00280000,280.0,0,0.0,0.0,,0.0,normalDay
2019-07-23,1027.0,194.0,0.0,0,300.03,0.0,1,2.32,0.38,SPY190816P00280000,280.0,0,0.0,0.0,,0.0,normalDay
2019-07-24,1027.0,203.0,0.0,0,301.44,0.0,1,2.32,0.29,SPY190816P00280000,280.0,0,0.0,0.0,,0.0,normalDay
2019-07-25,1027.0,198.0,0.0,0,300.0,0.0,1,2.32,0.34,SPY190816P00280000,280.0,0,0.0,0.0,,0.0,normalDay
2019-07-26,1027.0,208.0,0.0,0,302.01,0.0,1,2.32,0.24,SPY190816P00280000,280.0,0,0.0,0.0,,0.0,normalDay
2019-07-29,1027.0,209.0,0.0,0,301.46,0.0,1,2.32,0.23,SPY190816P00280000,280.0,0,0.0,0.0,,0.0,normalDay
2019-07-30,1027.0,204.0,0.0,0,300.72,0.0,1,2.32,0.28,SPY190816P00280000,280.0,0,0.0,0.0,,0.0,normalDay
2019-07-31,1027.0,178.0,0.0,0,297.43,0.0,1,2.32,0.54,SPY190816P00280000,280.0,0,0.0,0.0,,0.0,normalDay
2019-08-01,1027.0,150.0,0.0,0,294.84,0.0,1,2.32,0.82,SPY190816P00280000,280.0,0,0.0,0.0,,0.0,normalDay
2019-08-02,1027.0,138.0,0.0,0,292.62,0.0,1,2.32,0.94,SPY190816P00280000,280.0,0,0.0,0.0,,0.0,normalDay
2019-08-05,1027.0,-149.0,0.0,0,283.82,0.0,1,2.32,3.81,SPY190816P00280000,280.0,0,0.0,0.0,,0.0,normalDay
2019-08-06,1027.0,65.0,0.0,0,287.8,0.0,1,2.32,1.67,SPY190816P00280000,280.0,0,0.0,0.0,,0.0,normalDay
2019-08-07,1027.0,90.0,0.0,0,287.97,0.0,1,2.32,1.42,SPY190816P00280000,280.0,0,0.0,0.0,,0.0,normalDay
2019-08-08,1027.0,194.0,0.0,0,293.62,0.0,1,2.32,0.38,SPY190816P00280000,280.0,0,0.0,0.0,,0.0,normalDay
2019-08-09,1027.0,188.0,0.0,0,291.62,0.0,1,2.32,0.44,SPY190816P00280000,280.0,0,0.0,0.0,,0.0,normalDay
2019-08-12,1027.0,153.0,0.0,0,288.07,0.0,1,2.32,0.79,SPY190816P00280000,280.0,0,0.0,0.0,,0.0,normalDay
2019-08-13,1027.0,219.0,0.0,0,292.55,0.0,1,2.32,0.13,SPY190816P00280000,280.0,0,0.0,0.0,,0.0,normalDay
2019-08-14,1027.0,109.0,0.0,0,283.9,0.0,1,2.32,1.23,SPY190816P00280000,280.0,0,0.0,0.0,,0.0,normalDay
2019-08-15,1027.0,199.0,0.0,0,284.65,0.0,1,2.32,0.33,SPY190816P00280000,280.0,0,0.0,0.0,,0.0,normalDay
2019-08-16,1259.0,0.0,232.0,0,288.85,0.0,1,2.32,0.0,SPY190816P00280000,280.0,0,0.0,0.0,,0.0,expirationDay
2019-08-19,1259.0,-4.0,0.0,0,292.33,0.0,1,4.5,4.54,SPY190930P00287000,287.0,0,0.0,0.0,,0.0,normalDay
2019-08-20,1259.0,-99.0,0.0,0,290.09,0.0,1,4.5,5.49,SPY190930P00287000,287.0,0,0.0,0.0,,0.0,normalDay
2019-08-21,1259.0,48.0,0.0,0,292.45,0.0,1,4.5,4.02,SPY190930P00287000,287.0,0,0.0,0.0,,0.0,normalDay
2019-08-22,1259.0,21.0,0.0,0,292.36,0.0,1,4.5,4.29,SPY190930P00287000,287.0,0,0.0,0.0,,0.0,normalDay
2019-08-23,1259.0,-305.0,0.0,0,284.85,0.0,1,4.5,7.55,SPY190930P00287000,287.0,0,0.0,0.0,,0.0,normalDay
2019-08-26,1259.0,-157.0,0.0,0,288.0,0.0,1,4.5,6.07,SPY190930P00287000,287.0,0,0.0,0.0,,0.0,normalDay
2019-08-27,1259.0,-235.0,0.0,0,286.87,0.0,1,4.5,6.85,SPY190930P00287000,287.0,0,0.0,0.0,,0.0,normalDay
2019-08-28,1259.0,-107.0,0.0,0,288.89,0.0,1,4.5,5.57,SPY190930P00287000,287.0,0,0.0,0.0,,0.0,normalDay
2019-08-29,1259.0,55.0,0.0,0,292.58,0.0,1,4.5,3.95,SPY190930P00287000,287.0,0,0.0,0.0,,0.0,normalDay
2019-08-30,1259.0,41.0,0.0,0,292.45,0.0,1,4.5,4.09,SPY190930P00287000,287.0,0,0.0,0.0,,0.0,normalDay
2019-09-03,1259.0,-1.0,0.0,0,290.74,0.0,1,4.5,4.51,SPY190930P00287000,287.0,0,0.0,0.0,,0.0,normalDay
2019-09-04,1259.0,163.0,0.0,0,294.04,0.0,1,4.5,2.87,SPY190930P00287000,287.0,0,0.0,0.0,,0.0,normalDay
2019-09-05,1259.0,270.0,0.0,0,297.82,0.0,1,4.5,1.8,SPY190930P00287000,287.0,0,0.0,0.0,,0.0,normalDay
2019-09-06,1259.0,313.0,0.0,0,298.05,0.0,1,4.5,1.37,SPY190930P00287000,287.0,0,0.0,0.0,,0.0,normalDay
2019-09-09,1259.0,328.0,0.0,0,298.2,0.0,1,4.5,1.22,SPY190930P00287000,287.0,0,0.0,0.0,,0.0,normalDay
2019-09-10,1259.0,335.0,0.0,0,298.13,0.0,1,4.5,1.15,SPY190930P00287000,287.0,0,0.0,0.0,,0.0,normalDay
2019-09-11,1259.0,371.0,0.0,0,300.25,0.0,1,4.5,0.79,SPY190930P00287000,287.0,0,0.0,0.0,,0.0,normalDay
2019-09-12,1259.0,389.0,0.0,0,301.29,0.0,1,4.5,0.61,SPY190930P00287000,287.0,0,0.0,0.0,,0.0,normalDay
2019-09-13,1259.0,396.0,0.0,0,301.09,0.0,1,4.5,0.54,SPY190930P00287000,287.0,0,0.0,0.0,,0.0,normalDay
2019-09-16,1259.0,394.0,0.0,0,300.16,0.0,1,4.5,0.56,SPY190930P00287000,287.0,0,0.0,0.0,,0.0,normalDay
2019-09-17,1259.0,402.0,0.0,0,300.92,0.0,1,4.5,0.48,SPY190930P00287000,287.0,0,0.0,0.0,,0.0,normalDay
2019-09-18,1259.0,412.0,0.0,0,301.1,0.0,1,4.5,0.38,SPY190930P00287000,287.0,0,0.0,0.0,,0.0,normalDay
2019-09-19,1259.0,419.0,0.0,0,301.08,0.0,1,4.5,0.31,SPY190930P00287000,287.0,0,0.0,0.0,,0.0,normalDay
2019-09-20,1259.0,411.0,0.0,0,298.28,0.0,1,4.5,0.39,SPY190930P00287000,287.0,0,0.0,0.0,,0.0,normalDay
2019-09-23,1259.0,434.0,0.0,0,298.21,0.0,1,4.5,0.16,SPY190930P00287000,287.0,0,0.0,0.0,,0.0,normalDay
2019-09-24,1259.0,413.0,0.0,0,295.87,0.0,1,4.5,0.37,SPY190930P00287000,287.0,0,0.0,0.0,,0.0,normalDay
2019-09-25,1259.0,435.0,0.0,0,297.62,0.0,1,4.5,0.15,SPY190930P00287000,287.0,0,0.0,0.0,,0.0,normalDay
2019-09-26,1259.0,442.0,0.0,0,297.0,0.0,1,4.5,0.08,SPY190930P00287000,287.0,0,0.0,0.0,,0.0,normalDay
2019-09-27,1259.0,443.0,0.0,0,295.4,0.0,1,4.5,0.07,SPY190930P00287000,287.0,0,0.0,0.0,,0.0,normalDay
2019-09-30,1709.0,0.0,450.0,0,296.77,0.0,1,4.5,0.0,SPY190930P00287000,287.0,0,0.0,0.0,,0.0,expirationDay
2019-10-01,1709.0,-5.0,0.0,0,293.24,0.0,1,7.51,7.56,SPY191115P00296000,296.0,0,0.0,0.0,,0.0,normalDay
2019-10-02,1709.0,-370.0,0.0,0,288.06,0.0,1,7.51,11.21,SPY191115P00296000,296.0,0,0.0,0.0,,0.0,normalDay
2019-10-03,1709.0,-162.0,0.0,0,290.42,0.0,1,7.51,9.13,SPY191115P00296000,296.0,0,0.0,0.0,,0.0,normalDay
2019-10-04,1709.0,97.0,0.0,0,294.35,0.0,1,7.51,6.54,SPY191115P00296000,296.0,0,0.0,0.0,,0.0,normalDay
2019-10-07,1709.0,39.0,0.0,0,293.08,0.0,1,7.51,7.12,SPY191115P00296000,296.0,0,0.0,0.0,,0.0,normalDay
2019-10-08,1709.0,-252.0,0.0,0,288.53,0.0,1,7.51,10.03,SPY191115P00296000,296.0,0,0.0,0.0,,0.0,normalDay
2019-10-09,1709.0,-66.0,0.0,0,291.27,0.0,1,7.51,8.17,SPY191115P00296000,296.0,0,0.0,0.0,,0.0,normalDay
2019-10-10,1709.0,78.0,0.0,0,293.24,0.0,1,7.51,6.73,SPY191115P00296000,296.0,0,0.0,0.0,,0.0,normalDay
2019-10-11,1709.0,269.0,0.0,0,296.28,0.0,1,7.51,4.82,SPY191115P00296000,296.0,0,0.0,0.0,,0.0,normalDay
2019-10-14,1709.0,298.0,0.0,0,295.95,0.0,1,7.51,4.53,SPY191115P00296000,296.0,0,0.0,0.0,,0.0,normalDay
2019-10-15,1709.0,445.0,0.0,0,298.88,0.0,1,7.51,3.06,SPY191115P00296000,296.0,0,0.0,0.0,,0.0,normalDay
2019-10-16,1709.0,437.0,0.0,0,298.4,0.0,1,7.51,3.14,SPY191115P00296000,296.0,0,0.0,0.0,,0.0,normalDay
2019-10-17,1709.0,462.0,0.0,0,299.28,0.0,1,7.51,2.89,SPY191115P00296000,296.0,0,0.0,0.0,,0.0,normalDay
2019-10-18,1709.0,427.0,0.0,0,297.97,0.0,1,7.51,3.24,SPY191115P00296000,296.0,0,0.0,0.0,,0.0,normalDay
2019-10-21,1709.0,521.0,0.0,0,299.99,0.0,1,7.51,2.3,SPY191115P00296000,296.0,0,0.0,0.0,,0.0,normalDay
2019-10-22,1709.0,489.0,0.0,0,299.01,0.0,1,7.51,2.62,SPY191115P00296000,296.0,0,0.0,0.0,,0.0,normalDay
2019-10-23,1709.0,538.0,0.0,0,299.88,0.0,1,7.51,2.13,SPY191115P00296000,296.0,0,0.0,0.0,,0.0,normalDay
2019-10-24,1709.0,560.0,0.0,0,300.37,0.0,1,7.51,1.91,SPY191115P00296000,296.0,0,0.0,0.0,,0.0,normalDay
2019-10-25,1709.0,615.0,0.0,0,301.6,0.0,1,7.51,1.36,SPY191115P00296000,296.0,0,0.0,0.0,,0.0,normalDay
2019-10-28,1709.0,651.0,0.0,0,303.3,0.0,1,7.51,1.0,SPY191115P00296000,296.0,0,0.0,0.0,,0.0,normalDay
2019-10-29,1709.0,651.0,0.0,0,303.21,0.0,1,7.51,1.0,SPY191115P00296000,296.0,0,0.0,0.0,,0.0,normalDay
2019-10-30,1709.0,684.0,0.0,0,304.14,0.0,1,7.51,0.67,SPY191115P00296000,296.0,0,0.0,0.0,,0.0,normalDay
2019-10-31,1709.0,663.0,0.0,0,303.33,0.0,1,7.51,0.88,SPY191115P00296000,296.0,0,0.0,0.0,,0.0,normalDay
2019-11-01,1709.0,711.0,0.0,0,306.14,0.0,1,7.51,0.4,SPY191115P00296000,296.0,0,0.0,0.0,,0.0,normalDay
2019-11-04,1709.0,724.0,0.0,0,307.37,0.0,1,7.51,0.27,SPY191115P00296000,296.0,0,0.0,0.0,,0.0,normalDay
2019-11-05,1709.0,727.0,0.0,0,307.03,0.0,1,7.51,0.24,SPY191115P00296000,296.0,0,0.0,0.0,,0.0,normalDay
2019-11-06,1709.0,737.0,0.0,0,307.1,0.0,1,7.51,0.14,SPY191115P00296000,296.0,0,0.0,0.0,,0.0,normalDay
2019-11-07,1709.0,741.0,0.0,0,308.18,0.0,1,7.51,0.1,SPY191115P00296000,296.0,0,0.0,0.0,,0.0,normalDay
2019-11-08,1709.0,747.0,0.0,0,308.94,0.0,1,7.51,0.04,SPY191115P00296000,296.0,0,0.0,0.0,,0.0,normalDay
2019-11-11,1709.0,747.0,0.0,0,308.35,0.0,1,7.51,0.04,SPY191115P00296000,296.0,0,0.0,0.0,,0.0,normalDay
2019-11-12,1709.0,748.0,0.0,0,309.0,0.0,1,7.51,0.03,SPY191115P00296000,296.0,0,0.0,0.0,,0.0,normalDay
2019-11-13,1709.0,748.0,0.0,0,309.1,0.0,1,7.51,0.03,SPY191115P00296000,296.0,0,0.0,0.0,,0.0,normalDay
2019-11-14,1709.0,749.0,0.0,0,309.55,0.0,1,7.51,0.02,SPY191115P00296000,296.0,0,0.0,0.0,,0.0,normalDay
2019-11-15,2460.0,0.0,751.0,0,311.79,0.0,1,7.51,0.0,SPY191115P00296000,296.0,0,0.0,0.0,,0.0,expirationDay
2019-11-18,2460.0,-4.0,0.0,0,312.02,0.0,1,2.25,2.29,SPY191231P00302000,302.0,0,0.0,0.0,,0.0,normalDay
2019-11-19,2460.0,-13.0,0.0,0,311.93,0.0,1,2.25,2.38,SPY191231P00302000,302.0,0,0.0,0.0,,0.0,normalDay
2019-11-20,2460.0,-36.0,0.0,0,310.77,0.0,1,2.25,2.61,SPY191231P00302000,302.0,0,0.0,0.0,,0.0,normalDay
2019-11-21,2460.0,-47.0,0.0,0,310.27,0.0,1,2.25,2.72,SPY191231P00302000,302.0,0,0.0,0.0,,0.0,normalDay
2019-11-22,2460.0,-10.0,0.0,0,310.96,0.0,1,2.25,2.35,SPY191231P00302000,302.0,0,0.0,0.0,,0.0,normalDay
2019-11-25,2460.0,57.0,0.0,0,313.37,0.0,1,2.25,1.68,SPY191231P00302000,302.0,0,0.0,0.0,,0.0,normalDay
2019-11-26,2460.0,82.0,0.0,0,314.08,0.0,1,2.25,1.43,SPY191231P00302000,302.0,0,0.0,0.0,,0.0,normalDay
2019-11-27,2460.0,101.0,0.0,0,315.48,0.0,1,2.25,1.24,SPY191231P00302000,302.0,0,0.0,0.0,,0.0,normalDay
2019-11-29,2460.0,76.0,0.0,0,314.31,0.0,1,2.25,1.49,SPY191231P00302000,302.0,0,0.0,0.0,,0.0,normalDay
2019-12-02,2460.0,-5.0,0.0,0,311.64,0.0,1,2.25,2.3,SPY191231P00302000,302.0,0,0.0,0.0,,0.0,normalDay
2019-12-03,2460.0,-74.0,0.0,0,309.55,0.0,1,2.25,2.99,SPY191231P00302000,302.0,0,0.0,0.0,,0.0,normalDay
2019-12-04,2460.0,-7.0,0.0,0,311.46,0.0,1,2.25,2.32,SPY191231P00302000,302.0,0,0.0,0.0,,0.0,normalDay
2019-12-05,2460.0,28.0,0.0,0,312.02,0.0,1,2.25,1.97,SPY191231P00302000,302.0,0,0.0,0.0,,0.0,normalDay
2019-12-06,2460.0,96.0,0.0,0,314.87,0.0,1,2.25,1.29,SPY191231P00302000,302.0,0,0.0,0.0,,0.0,normalDay
2019-12-09,2460.0,65.0,0.0,0,313.88,0.0,1,2.25,1.6,SPY191231P00302000,302.0,0,0.0,0.0,,0.0,normalDay
2019-12-10,2460.0,76.0,0.0,0,313.53,0.0,1,2.25,1.49,SPY191231P00302000,302.0,0,0.0,0.0,,0.0,normalDay
2019-12-11,2460.0,108.0,0.0,0,314.42,0.0,1,2.25,1.17,SPY191231P00302000,302.0,0,0.0,0.0,,0.0,normalDay
2019-12-12,2460.0,149.0,0.0,0,317.13,0.0,1,2.25,0.76,SPY191231P00302000,302.0,0,0.0,0.0,,0.0,normalDay
2019-12-13,2460.0,171.0,0.0,0,317.32,0.0,1,2.25,0.54,SPY191231P00302000,302.0,0,0.0,0.0,,0.0,normalDay
2019-12-16,2460.0,193.0,0.0,0,319.5,0.0,1,2.25,0.32,SPY191231P00302000,302.0,0,0.0,0.0,,0.0,normalDay
2019-12-17,2460.0,197.0,0.0,0,319.57,0.0,1,2.25,0.28,SPY191231P00302000,302.0,0,0.0,0.0,,0.0,normalDay
2019-12-18,2460.0,203.0,0.0,0,319.59,0.0,1,2.25,0.22,SPY191231P00302000,302.0,0,0.0,0.0,,0.0,normalDay
2019-12-19,2460.0,211.0,0.0,0,320.9,0.0,1,2.25,0.14,SPY191231P00302000,302.0,0,0.0,0.0,,0.0,normalDay
2019-12-20,2460.0,214.0,0.0,0,320.73,0.0,1,2.25,0.11,SPY191231P00302000,302.0,0,0.0,0.0,,0.0,normalDay
2019-12-23,2460.0,219.0,0.0,0,321.22,0.0,1,2.25,0.06,SPY191231P00302000,302.0,0,0.0,0.0,,0.0,normalDay
2019-12-24,2460.0,221.0,0.0,0,321.23,0.0,1,2.25,0.04,SPY191231P00302000,302.0,0,0.0,0.0,,0.0,normalDay
2019-12-26,2460.0,223.0,0.0,0,322.94,0.0,1,2.25,0.02,SPY191231P00302000,302.0,0,0.0,0.0,,0.0,normalDay
2019-12-27,2460.0,223.0,0.0,0,322.86,0.0,1,2.25,0.02,SPY191231P00302000,302.0,0,0.0,0.0,,0.0,normalDay
2019-12-30,2460.0,224.0,0.0,0,321.08,0.0,1,2.25,0.01,SPY191231P00302000,302.0,0,0.0,0.0,,0.0,normalDay
2019-12-31,2685.0,0.0,225.0,0,321.86,0.0,1,2.25,0.0,SPY191231P00302000,302.0,0,0.0,0.0,,0.0,expirationDay
2020-01-02,2685.0,-4.0,0.0,0,324.87,0.0,1,2.6,2.64,SPY200221P00315000,315.0,0,0.0,0.0,,0.0,normalDay
2020-01-03,2685.0,-88.0,0.0,0,322.41,0.0,1,2.6,3.48,SPY200221P00315000,315.0,0,0.0,0.0,,0.0,normalDay
2020-01-06,2685.0,-38.0,0.0,0,323.64,0.0,1,2.6,2.98,SPY200221P00315000,315.0,0,0.0,0.0,,0.0,normalDay
2020-01-07,2685.0,-59.0,0.0,0,322.73,0.0,1,2.6,3.19,SPY200221P00315000,315.0,0,0.0,0.0,,0.0,normalDay
2020-01-08,2685.0,3.0,0.0,0,324.45,0.0,1,2.6,2.57,SPY200221P00315000,315.0,0,0.0,0.0,,0.0,normalDay
2020-01-09,2685.0,59.0,0.0,0,326.65,0.0,1,2.6,2.01,SPY200221P00315000,315.0,0,0.0,0.0,,0.0,normalDay
2020-01-10,2685.0,44.0,0.0,0,325.71,0.0,1,2.6,2.16,SPY200221P00315000,315.0,0,0.0,0.0,,0.0,normalDay
2020-01-13,2685.0,99.0,0.0,0,327.95,0.0,1,2.6,1.61,SPY200221P00315000,315.0,0,0.0,0.0,,0.0,normalDay
2020-01-14,2685.0,100.0,0.0,0,327.45,0.0,1,2.6,1.6,SPY200221P00315000,315.0,0,0.0,0.0,,0.0,normalDay
2020-01-15,2685.0,115.0,0.0,0,328.19,0.0,1,2.6,1.45,SPY200221P00315000,315.0,0,0.0,0.0,,0.0,normalDay
2020-01-16,2685.0,144.0,0.0,0,330.92,0.0,1,2.6,1.16,SPY200221P00315000,315.0,0,0.0,0.0,,0.0,normalDay
2020-01-17,2685.0,159.0,0.0,0,331.95,0.0,1,2.6,1.01,SPY200221P00315000,315.0,0,0.0,0.0,,0.0,normalDay
2020-01-21,2685.0,155.0,0.0,0,331.3,0.0,1,2.6,1.05,SPY200221P00315000,315.0,0,0.0,0.0,,0.0,normalDay
2020-01-22,2685.0,157.0,0.0,0,331.34,0.0,1,2.6,1.03,SPY200221P00315000,315.0,0,0.0,0.0,,0.0,normalDay
2020-01-23,2685.0,160.0,0.0,0,331.72,0.0,1,2.6,1.0,SPY200221P00315000,315.0,0,0.0,0.0,,0.0,normalDay
2020-01-24,2685.0,109.0,0.0,0,328.77,0.0,1,2.6,1.51,SPY200221P00315000,315.0,0,0.0,0.0,,0.0,normalDay
2020-01-27,2685.0,-43.0,0.0,0,323.5,0.0,1,2.6,3.03,SPY200221P00315000,315.0,0,0.0,0.0,,0.0,normalDay
2020-01-28,2685.0,78.0,0.0,0,326.89,0.0,1,2.6,1.82,SPY200221P00315000,315.0,0,0.0,0.0,,0.0,normalDay
2020-01-29,2685.0,79.0,0.0,0,326.62,0.0,1,2.6,1.81,SPY200221P00315000,315.0,0,0.0,0.0,,0.0,normalDay
2020-01-30,2685.0,133.0,0.0,0,327.68,0.0,1,2.6,1.27,SPY200221P00315000,315.0,0,0.0,0.0,,0.0,normalDay
2020-01-31,2685.0,-33.0,0.0,0,321.73,0.0,1,2.6,2.93,SPY200221P00315000,315.0,0,0.0,0.0,,0.0,normalDay
2020-02-03,2685.0,50.0,0.0,0,324.12,0.0,1,2.6,2.1,SPY200221P00315000,315.0,0,0.0,0.0,,0.0,normalDay
2020-02-04,2685.0,176.0,0.0,0,329.06,0.0,1,2.6,0.84,SPY200221P00315000,315.0,0,0.0,0.0,,0.0,normalDay
2020-02-05,2685.0,218.0,0.0,0,332.86,0.0,1,2.6,0.42,SPY200221P00315000,315.0,0,0.0,0.0,,0.0,normalDay
2020-02-06,2685.0,223.0,0.0,0,333.98,0.0,1,2.6,0.37,SPY200221P00315000,315.0,0,0.0,0.0,,0.0,normalDay
2020-02-07,2685.0,217.0,0.0,0,332.2,0.0,1,2.6,0.43,SPY200221P00315000,315.0,0,0.0,0.0,,0.0,normalDay
2020-02-10,2685.0,239.0,0.0,0,334.68,0.0,1,2.6,0.21,SPY200221P00315000,315.0,0,0.0,0.0,,0.0,normalDay
2020-02-11,2685.0,242.0,0.0,0,335.26,0.0,1,2.6,0.18,SPY200221P00315000,315.0,0,0.0,0.0,,0.0,normalDay
2020-02-12,2685.0,252.0,0.0,0,337.42,0.0,1,2.6,0.08,SPY200221P00315000,315.0,0,0.0,0.0,,0.0,normalDay
2020-02-13,2685.0,251.0,0.0,0,337.06,0.0,1,2.6,0.09,SPY200221P00315000,315.0,0,0.0,0.0,,0.0,normalDay
2020-02-14,2685.0,255.0,0.0,0,337.6,0.0,1,2.6,0.05,SPY200221P00315000,315.0,0,0.0,0.0,,0.0,normalDay
2020-02-18,2685.0,257.0,0.0,0,336.73,0.0,1,2.6,0.03,SPY200221P00315000,315.0,0,0.0,0.0,,0.0,normalDay
2020-02-19,2685.0,258.0,0.0,0,338.34,0.0,1,2.6,0.02,SPY200221P00315000,315.0,0,0.0,0.0,,0.0,normalDay
2020-02-20,2685.0,259.0,0.0,0,336.95,0.0,1,2.6,0.01,SPY200221P00315000,315.0,0,0.0,0.0,,0.0,normalDay
2020-02-21,2945.0,0.0,260.0,0,333.48,0.0,1,2.6,0.0,SPY200221P00315000,315.0,0,0.0,0.0,,0.0,expirationDay
2020-02-24,2945.0,-22.0,0.0,0,322.42,0.0,1,11.35,11.57,SPY200417P00326000,326.0,0,0.0,0.0,,0.0,normalDay
2020-02-25,2945.0,-591.0,0.0,0,312.65,0.0,1,11.35,17.26,SPY200417P00326000,326.0,0,0.0,0.0,,0.0,normalDay
2020-02-26,2945.0,-725.0,0.0,0,311.5,0.0,1,11.35,18.6,SPY200417P00326000,326.0,0,0.0,0.0,,0.0,normalDay
2020-02-27,2945.0,-1950.0,0.0,0,297.51,0.0,1,11.35,30.85,SPY200417P00326000,326.0,0,0.0,0.0,,0.0,normalDay
2020-02-28,2945.0,-2070.0,0.0,0,296.26,0.0,1,11.35,32.05,SPY200417P00326000,326.0,0,0.0,0.0,,0.0,normalDay
2020-03-02,2945.0,-933.0,0.0,0,309.09,0.0,1,11.35,20.68,SPY200417P00326000,326.0,0,0.0,0.0,,0.0,normalDay
2020-03-03,2945.0,-1639.0,0.0,0,300.24,0.0,1,11.35,27.74,SPY200417P00326000,326.0,0,0.0,0.0,,0.0,normalDay
2020-03-04,2945.0,-741.0,0.0,0,312.86,0.0,1,11.35,18.76,SPY200417P00326000,326.0,0,0.0,0.0,,0.0,normalDay
2020-03-05,2945.0,-1627.0,0.0,0,302.46,0.0,1,11.35,27.62,SPY200417P00326000,326.0,0,0.0,0.0,,0.0,normalDay
2020-03-06,2945.0,-2086.0,0.0,0,297.46,0.0,1,11.35,32.21,SPY200417P00326000,326.0,0,0.0,0.0,,0.0,normalDay
2020-03-09,2945.0,-4308.0,0.0,0,274.23,0.0,1,11.35,54.43,SPY200417P00326000,326.0,0,0.0,0.0,,0.0,normalDay
2020-03-10,2945.0,-2923.0,0.0,0,288.42,0.0,1,11.35,40.58,SPY200417P00326000,326.0,0,0.0,0.0,,0.0,normalDay
2020-03-11,2945.0,-4259.0,0.0,0,274.36,0.0,1,11.35,53.94,SPY200417P00326000,326.0,0,0.0,0.0,,0.0,normalDay
2020-03-12,2945.0,-6824.0,0.0,0,248.11,0.0,1,11.35,79.59,SPY200417P00326000,326.0,0,0.0,0.0,,0.0,normalDay
2020-03-13,2945.0,-4802.0,0.0,0,269.32,0.0,1,11.35,59.37,SPY200417P00326000,326.0,0,0.0,0.0,,0.0,normalDay
2020-03-16,2945.0,-7353.0,0.0,0,239.85,0.0,1,11.35,84.88,SPY200417P00326000,326.0,0,0.0,0.0,,0.0,normalDay
2020-03-17,2945.0,-6503.0,0.0,0,252.8,0.0,1,11.35,76.38,SPY200417P00326000,326.0,0,0.0,0.0,,0.0,normalDay
2020-03-18,2945.0,-7606.0,0.0,0,240.0,0.0,1,11.35,87.41,SPY200417P00326000,326.0,0,0.0,0.0,,0.0,normalDay
2020-03-19,2945.0,-7611.0,0.0,0,240.51,0.0,1,11.35,87.46,SPY200417P00326000,326.0,0,0.0,0.0,,0.0,normalDay
2020-03-20,2945.0,-8573.0,0.0,0,228.8,0.0,1,11.35,97.08,SPY200417P00326000,326.0,0,0.0,0.0,,0.0,normalDay
2020-03-23,2945.0,-9371.0,0.0,0,222.95,0.0,1,11.35,105.06,SPY200417P00326000,326.0,0,0.0,0.0,,0.0,normalDay
2020-03-24,2945.0,-7237.0,0.0,0,243.15,0.0,1,11.35,83.72,SPY200417P00326000,326.0,0,0.0,0.0,,0.0,normalDay
2020-03-25,2945.0,-6776.0,0.0,0,246.79,0.0,1,11.35,79.11,SPY200417P00326000,326.0,0,0.0,0.0,,0.0,normalDay
2020-03-26,2945.0,-5421.0,0.0,0,261.2,0.0,1,11.35,65.56,SPY200417P00326000,326.0,0,0.0,0.0,,0.0,normalDay
2020-03-27,2945.0,-6210.0,0.0,0,253.42,0.0,1,11.35,73.45,SPY200417P00326000,326.0,0,0.0,0.0,,0.0,normalDay
2020-03-30,2945.0,-5412.0,0.0,0,261.65,0.0,1,11.35,65.47,SPY200417P00326000,326.0,0,0.0,0.0,,0.0,normalDay
2020-03-31,2945.0,-5821.0,0.0,0,257.75,0.0,1,11.35,69.56,SPY200417P00326000,326.0,0,0.0,0.0,,0.0,normalDay
2020-04-01,2945.0,-6920.0,0.0,0,246.15,0.0,1,11.35,80.55,SPY200417P00326000,326.0,0,0.0,0.0,,0.0,normalDay
2020-04-02,2945.0,-6241.0,0.0,0,251.83,0.0,1,11.35,73.76,SPY200417P00326000,326.0,0,0.0,0.0,,0.0,normalDay
2020-04-03,2945.0,-6647.0,0.0,0,248.19,0.0,1,11.35,77.82,SPY200417P00326000,326.0,0,0.0,0.0,,0.0,normalDay
2020-04-06,2945.0,-4987.0,0.0,0,264.86,0.0,1,11.35,61.22,SPY200417P00326000,326.0,0,0.0,0.0,,0.0,normalDay
2020-04-07,2945.0,-5070.0,0.0,0,265.13,0.0,1,11.35,62.05,SPY200417P00326000,326.0,0,0.0,0.0,,0.0,normalDay
2020-04-08,2945.0,-4084.0,0.0,0,274.03,0.0,1,11.35,52.19,SPY200417P00326000,326.0,0,0.0,0.0,,0.0,normalDay
2020-04-09,2945.0,-3670.0,0.0,0,278.2,0.0,1,11.35,48.05,SPY200417P00326000,326.0,0,0.0,0.0,,0.0,normalDay
2020-04-13,2945.0,-3929.0,0.0,0,275.66,0.0,1,11.35,50.64,SPY200417P00326000,326.0,0,0.0,0.0,,0.0,normalDay
2020-04-14,2945.0,-3076.0,0.0,0,283.79,0.0,1,11.35,42.11,SPY200417P00326000,326.0,0,0.0,0.0,,0.0,normalDay
2020-04-15,2945.0,-3712.0,0.0,0,277.76,0.0,1,11.35,48.47,SPY200417P00326000,326.0,0,0.0,0.0,,0.0,normalDay
2020-04-16,2945.0,-3562.0,0.0,0,279.1,0.0,1,11.35,46.97,SPY200417P00326000,326.0,0,0.0,0.0,,0.0,normalDay
2020-04-17,4080.0,-3936.0,1135.0,100,286.64,326.0,1,11.35,0.0,SPY200417P00326000,326.0,0,0.0,0.0,,0.0,expirationDay
2020-04-20,4080.0,-4461.0,0.0,100,281.59,326.0,0,0.0,0.0,,0.0,1,24.89,25.09,SPY200630C00270000,270.0,normalDay
2020-04-21,4080.0,-4834.0,0.0,100,273.04,326.0,0,0.0,0.0,,0.0,1,24.89,20.27,SPY200630C00270000,270.0,normalDay
2020-04-22,4080.0,-4465.0,0.0,100,279.1,326.0,0,0.0,0.0,,0.0,1,24.89,22.64,SPY200630C00270000,270.0,normalDay
2020-04-23,4080.0,-4443.0,0.0,100,279.08,326.0,0,0.0,0.0,,0.0,1,24.89,22.4,SPY200630C00270000,270.0,normalDay
2020-04-24,4080.0,-4194.0,0.0,100,282.97,326.0,0,0.0,0.0,,0.0,1,24.89,23.8,SPY200630C00270000,270.0,normalDay
2020-04-27,4080.0,-3973.0,0.0,100,287.05,326.0,0,0.0,0.0,,0.0,1,24.89,25.67,SPY200630C00270000,270.0,normalDay
2020-04-28,4080.0,-4029.0,0.0,100,285.73,326.0,0,0.0,0.0,,0.0,1,24.89,24.91,SPY200630C00270000,270.0,normalDay
2020-04-29,4080.0,-3773.0,0.0,100,293.21,326.0,0,0.0,0.0,,0.0,1,24.89,29.83,SPY200630C00270000,270.0,normalDay
2020-04-30,4080.0,-3798.0,0.0,100,290.48,326.0,0,0.0,0.0,,0.0,1,24.89,27.35,SPY200630C00270000,270.0,normalDay
2020-05-01,4080.0,-4120.0,0.0,100,282.79,326.0,0,0.0,0.0,,0.0,1,24.89,22.88,SPY200630C00270000,270.0,normalDay
2020-05-04,4080.0,-3990.0,0.0,100,283.57,326.0,0,0.0,0.0,,0.0,1,24.89,22.36,SPY200630C00270000,270.0,normalDay
2020-05-05,4080.0,-3889.0,0.0,100,286.19,326.0,0,0.0,0.0,,0.0,1,24.89,23.97,SPY200630C00270000,270.0,normalDay
2020-05-06,4080.0,-3917.0,0.0,100,284.25,326.0,0,0.0,0.0,,0.0,1,24.89,22.31,SPY200630C00270000,270.0,normalDay
2020-05-07,4080.0,-3827.0,0.0,100,287.68,326.0,0,0.0,0.0,,0.0,1,24.89,24.84,SPY200630C00270000,270.0,normalDay
2020-05-08,4080.0,-3643.0,0.0,100,292.44,326.0,0,0.0,0.0,,0.0,1,24.89,27.76,SPY200630C00270000,270.0,normalDay
2020-05-11,4080.0,-3519.0,0.0,100,292.5,326.0,0,0.0,0.0,,0.0,1,24.89,26.58,SPY200630C00270000,270.0,normalDay
2020-05-12,4080.0,-3691.0,0.0,100,286.67,326.0,0,0.0,0.0,,0.0,1,24.89,22.47,SPY200630C00270000,270.0,normalDay
2020-05-13,4080.0,-3972.0,0.0,100,281.6,326.0,0,0.0,0.0,,0.0,1,24.89,20.21,SPY200630C00270000,270.0,normalDay
2020-05-14,4080.0,-3804.0,0.0,100,284.97,326.0,0,0.0,0.0,,0.0,1,24.89,21.9,SPY200630C00270000,270.0,normalDay
2020-05-15,4080.0,-3658.0,0.0,100,286.28,326.0,0,0.0,0.0,,0.0,1,24.89,21.75,SPY200630C00270000,270.0,normalDay
2020-05-18,4080.0,-3464.0,0.0,100,295.0,326.0,0,0.0,0.0,,0.0,1,24.89,28.53,SPY200630C00270000,270.0,normalDay
2020-05-19,4080.0,-3567.0,0.0,100,291.97,326.0,0,0.0,0.0,,0.0,1,24.89,26.53,SPY200630C00270000,270.0,normalDay
2020-05-20,4080.0,-3443.0,0.0,100,296.93,326.0,0,0.0,0.0,,0.0,1,24.89,30.25,SPY200630C00270000,270.0,normalDay
2020-05-21,4080.0,-3425.0,0.0,100,294.88,326.0,0,0.0,0.0,,0.0,1,24.89,28.02,SPY200630C00270000,270.0,normalDay
2020-05-22,4080.0,-3412.0,0.0,100,295.44,326.0,0,0.0,0.0,,0.0,1,24.89,28.45,SPY200630C00270000,270.0,normalDay
2020-05-26,4080.0,-3369.0,0.0,100,299.08,326.0,0,0.0,0.0,,0.0,1,24.89,31.66,SPY200630C00270000,270.0,normalDay
2020-05-27,4080.0,-3308.0,0.0,100,303.53,326.0,0,0.0,0.0,,0.0,1,24.89,35.5,SPY200630C00270000,270.0,normalDay
2020-05-28,4080.0,-3382.0,0.0,100,302.97,326.0,0,0.0,0.0,,0.0,1,24.89,35.68,SPY200630C00270000,270.0,normalDay
2020-05-29,4080.0,-3355.0,0.0,100,304.32,326.0,0,0.0,0.0,,0.0,1,24.89,36.76,SPY200630C00270000,270.0,normalDay
2020-06-01,4080.0,-3215.0,0.0,100,305.55,326.0,0,0.0,0.0,,0.0,1,24.89,36.59,SPY200630C00270000,270.0,normalDay
2020-06-02,4080.0,-3171.0,0.0,100,308.08,326.0,0,0.0,0.0,,0.0,1,24.89,38.68,SPY200630C00270000,270.0,normalDay
2020-06-03,4080.0,-3162.0,0.0,100,312.18,326.0,0,0.0,0.0,,0.0,1,24.89,42.69,SPY200630C00270000,270.0,normalDay
2020-06-04,4080.0,-3170.0,0.0,100,311.36,326.0,0,0.0,0.0,,0.0,1,24.89,41.95,SPY200630C00270000,270.0,normalDay
2020-06-05,4080.0,-3127.0,0.0,100,319.34,326.0,0,0.0,0.0,,0.0,1,24.89,49.5,SPY200630C00270000,270.0,normalDay
2020-06-08,4080.0,-3098.0,0.0,100,323.2,326.0,0,0.0,0.0,,0.0,1,24.89,53.07,SPY200630C00270000,270.0,normalDay
2020-06-09,4080.0,-3211.0,0.0,100,320.79,326.0,0,0.0,0.0,,0.0,1,24.89,51.79,SPY200630C00270000,270.0,normalDay
2020-06-10,4080.0,-3096.0,0.0,100,319.0,326.0,0,0.0,0.0,,0.0,1,24.89,48.85,SPY200630C00270000,270.0,normalDay
2020-06-11,4080.0,-3365.0,0.0,100,300.61,326.0,0,0.0,0.0,,0.0,1,24.89,33.15,SPY200630C00270000,270.0,normalDay
2020-06-12,4080.0,-3176.0,0.0,100,304.21,326.0,0,0.0,0.0,,0.0,1,24.89,34.86,SPY200630C00270000,270.0,normalDay
2020-06-15,4080.0,-3180.0,0.0,100,307.05,326.0,0,0.0,0.0,,0.0,1,24.89,37.74,SPY200630C00270000,270.0,normalDay
2020-06-16,4080.0,-3097.0,0.0,100,312.96,326.0,0,0.0,0.0,,0.0,1,24.89,42.82,SPY200630C00270000,270.0,normalDay
2020-06-17,4080.0,-3177.0,0.0,100,311.66,326.0,0,0.0,0.0,,0.0,1,24.89,42.32,SPY200630C00270000,270.0,normalDay
2020-06-18,4080.0,-3138.0,0.0,100,311.78,326.0,0,0.0,0.0,,0.0,1,24.89,42.05,SPY200630C00270000,270.0,normalDay
2020-06-19,4080.0,-3019.0,0.0,100,308.64,326.0,0,0.0,0.0,,0.0,1,24.89,37.72,SPY200630C00270000,270.0,normalDay
2020-06-22,4080.0,-3156.0,0.0,100,310.62,326.0,0,0.0,0.0,,0.0,1,24.89,41.07,SPY200630C00270000,270.0,normalDay
2020-06-23,4080.0,-3112.0,0.0,100,312.05,326.0,0,0.0,0.0,,0.0,1,24.89,42.06,SPY200630C00270000,270.0,normalDay
2020-06-24,4080.0,-3180.0,0.0,100,304.09,326.0,0,0.0,0.0,,0.0,1,24.89,34.78,SPY200630C00270000,270.0,normalDay
2020-06-25,4080.0,-3169.0,0.0,100,307.35,326.0,0,0.0,0.0,,0.0,1,24.89,37.93,SPY200630C00270000,270.0,normalDay
2020-06-26,4080.0,-3253.0,0.0,100,300.05,326.0,0,0.0,0.0,,0.0,1,24.89,31.47,SPY200630C00270000,270.0,normalDay
2020-06-29,4080.0,-3144.0,0.0,100,304.46,326.0,0,0.0,0.0,,0.0,1,24.89,34.79,SPY200630C00270000,270.0,normalDay
2020-06-30,969.0,-3144.0,-3111.0,0,308.36,0.0,0,0.0,0.0,,0.0,1,24.89,0.0,SPY200630C00270000,270.0,expirationDay
2020-07-01,969.0,-7.0,0.0,0,310.52,0.0,1,9.02,9.09,SPY200821P00304000,304.0,0,0.0,0.0,,0.0,normalDay
2020-07-02,969.0,101.0,0.0,0,312.23,0.0,1,9.02,8.01,SPY200821P00304000,304.0,0,0.0,0.0,,0.0,normalDay
2020-07-06,969.0,244.0,0.0,0,317.05,0.0,1,9.02,6.58,SPY200821P00304000,304.0,0,0.0,0.0,,0.0,normalDay
2020-07-07,969.0,127.0,0.0,0,313.78,0.0,1,9.02,7.75,SPY200821P00304000,304.0,0,0.0,0.0,,0.0,normalDay
2020-07-08,969.0,240.0,0.0,0,316.18,0.0,1,9.02,6.62,SPY200821P00304000,304.0,0,0.0,0.0,,0.0,normalDay
2020-07-09,969.0,167.0,0.0,0,314.38,0.0,1,9.02,7.35,SPY200821P00304000,304.0,0,0.0,0.0,,0.0,normalDay
2020-07-10,969.0,309.0,0.0,0,317.59,0.0,1,9.02,5.93,SPY200821P00304000,304.0,0,0.0,0.0,,0.0,normalDay
2020-07-13,969.0,137.0,0.0,0,314.84,0.0,1,9.02,7.65,SPY200821P00304000,304.0,0,0.0,0.0,,0.0,normalDay
2020-07-14,969.0,318.0,0.0,0,318.92,0.0,1,9.02,5.84,SPY200821P00304000,304.0,0,0.0,0.0,,0.0,normalDay
2020-07-15,969.0,435.0,0.0,0,321.85,0.0,1,9.02,4.67,SPY200821P00304000,304.0,0,0.0,0.0,,0.0,normalDay
2020-07-16,969.0,409.0,0.0,0,320.79,0.0,1,9.02,4.93,SPY200821P00304000,304.0,0,0.0,0.0,,0.0,normalDay
2020-07-17,969.0,528.0,0.0,0,321.72,0.0,1,9.02,3.74,SPY200821P00304000,304.0,0,0.0,0.0,,0.0,normalDay
2020-07-20,969.0,616.0,0.0,0,324.32,0.0,1,9.02,2.86,SPY200821P00304000,304.0,0,0.0,0.0,,0.0,normalDay
2020-07-21,969.0,620.0,0.0,0,325.01,0.0,1,9.02,2.82,SPY200821P00304000,304.0,0,0.0,0.0,,0.0,normalDay
2020-07-22,969.0,658.0,0.0,0,326.86,0.0,1,9.02,2.44,SPY200821P00304000,304.0,0,0.0,0.0,,0.0,normalDay
2020-07-23,969.0,573.0,0.0,0,322.96,0.0,1,9.02,3.29,SPY200821P00304000,304.0,0,0.0,0.0,,0.0,normalDay
2020-07-24,969.0,583.0,0.0,0,320.88,0.0,1,9.02,3.19,SPY200821P00304000,304.0,0,0.0,0.0,,0.0,normalDay
2020-07-27,969.0,668.0,0.0,0,323.22,0.0,1,9.02,2.34,SPY200821P00304000,304.0,0,0.0,0.0,,0.0,normalDay
2020-07-28,969.0,634.0,0.0,0,321.17,0.0,1,9.02,2.68,SPY200821P00304000,304.0,0,0.0,0.0,,0.0,normalDay
2020-07-29,969.0,721.0,0.0,0,325.12,0.0,1,9.02,1.81,SPY200821P00304000,304.0,0,0.0,0.0,,0.0,normalDay
2020-07-30,969.0,705.0,0.0,0,323.96,0.0,1,9.02,1.97,SPY200821P00304000,304.0,0,0.0,0.0,,0.0,normalDay
2020-07-31,969.0,763.0,0.0,0,326.52,0.0,1,9.02,1.39,SPY200821P00304000,304.0,0,0.0,0.0,,0.0,normalDay
2020-08-03,969.0,799.0,0.0,0,328.79,0.0,1,9.02,1.03,SPY200821P00304000,304.0,0,0.0,0.0,,0.0,normalDay
2020-08-04,969.0,821.0,0.0,0,330.06,0.0,1,9.02,0.81,SPY200821P00304000,304.0,0,0.0,0.0,,0.0,normalDay
2020-08-05,969.0,843.0,0.0,0,332.11,0.0,1,9.02,0.59,SPY200821P00304000,304.0,0,0.0,0.0,,0.0,normalDay
2020-08-06,969.0,853.0,0.0,0,334.33,0.0,1,9.02,0.49,SPY200821P00304000,304.0,0,0.0,0.0,,0.0,normalDay
2020-08-07,969.0,863.0,0.0,0,334.57,0.0,1,9.02,0.39,SPY200821P00304000,304.0,0,0.0,0.0,,0.0,normalDay
2020-08-10,969.0,875.0,0.0,0,335.57,0.0,1,9.02,0.27,SPY200821P00304000,304.0,0,0.0,0.0,,0.0,normalDay
2020-08-11,969.0,858.0,0.0,0,332.8,0.0,1,9.02,0.44,SPY200821P00304000,304.0,0,0.0,0.0,,0.0,normalDay
2020-08-12,969.0,884.0,0.0,0,337.44,0.0,1,9.02,0.18,SPY200821P00304000,304.0,0,0.0,0.0,,0.0,normalDay
2020-08-13,969.0,887.0,0.0,0,336.83,0.0,1,9.02,0.15,SPY200821P00304000,304.0,0,0.0,0.0,,0.0,normalDay
2020-08-14,969.0,893.0,0.0,0,336.84,0.0,1,9.02,0.09,SPY200821P00304000,304.0,0,0.0,0.0,,0.0,normalDay
2020-08-17,969.0,898.0,0.0,0,337.91,0.0,1,9.02,0.04,SPY200821P00304000,304.0,0,0.0,0.0,,0.0,normalDay
2020-08-18,969.0,898.0,0.0,0,338.64,0.0,1,9.02,0.04,SPY200821P00304000,304.0,0,0.0,0.0,,0.0,normalDay
2020-08-19,969.0,897.0,0.0,0,337.23,0.0,1,9.02,0.05,SPY200821P00304000,304.0,0,0.0,0.0,,0.0,normalDay
2020-08-20,969.0,900.0,0.0,0,338.28,0.0,1,9.02,0.02,SPY200821P00304000,304.0,0,0.0,0.0,,0.0,normalDay
2020-08-21,1871.0,0.0,902.0,0,339.48,0.0,1,9.02,0.0,SPY200821P00304000,304.0,0,0.0,0.0,,0.0,expirationDay
2020-08-24,1871.0,-5.0,0.0,0,342.92,0.0,1,5.86,5.91,SPY201016P00328000,328.0,0,0.0,0.0,,0.0,normalDay
2020-08-25,1871.0,39.0,0.0,0,344.12,0.0,1,5.86,5.47,SPY201016P00328000,328.0,0,0.0,0.0,,0.0,normalDay
2020-08-26,1871.0,73.0,0.0,0,347.57,0.0,1,5.86,5.13,SPY201016P00328000,328.0,0,0.0,0.0,,0.0,normalDay
2020-08-27,1871.0,72.0,0.0,0,348.33,0.0,1,5.86,5.14,SPY201016P00328000,328.0,0,0.0,0.0,,0.0,normalDay
2020-08-28,1871.0,146.0,0.0,0,350.58,0.0,1,5.86,4.4,SPY201016P00328000,328.0,0,0.0,0.0,,0.0,normalDay
2020-08-31,1871.0,83.0,0.0,0,349.31,0.0,1,5.86,5.03,SPY201016P00328000,328.0,0,0.0,0.0,,0.0,normalDay
2020-09-01,1871.0,129.0,0.0,0,352.6,0.0,1,5.86,4.57,SPY201016P00328000,328.0,0,0.0,0.0,,0.0,normalDay
2020-09-02,1871.0,204.0,0.0,0,357.7,0.0,1,5.86,3.82,SPY201016P00328000,328.0,0,0.0,0.0,,0.0,normalDay
2020-09-03,1871.0,-126.0,0.0,0,345.39,0.0,1,5.86,7.12,SPY201016P00328000,328.0,0,0.0,0.0,,0.0,normalDay
2020-09-04,1871.0,-129.0,0.0,0,342.57,0.0,1,5.86,7.15,SPY201016P00328000,328.0,0,0.0,0.0,,0.0,normalDay
2020-09-08,1871.0,-355.0,0.0,0,333.21,0.0,1,5.86,9.41,SPY201016P00328000,328.0,0,0.0,0.0,,0.0,normalDay
2020-09-09,1871.0,-98.0,0.0,0,339.79,0.0,1,5.86,6.84,SPY201016P00328000,328.0,0,0.0,0.0,,0.0,normalDay
2020-09-10,1871.0,-262.0,0.0,0,333.89,0.0,1,5.86,8.48,SPY201016P00328000,328.0,0,0.0,0.0,,0.0,normalDay
2020-09-11,1871.0,-216.0,0.0,0,334.06,0.0,1,5.86,8.02,SPY201016P00328000,328.0,0,0.0,0.0,,0.0,normalDay
2020-09-14,1871.0,24.0,0.0,0,338.46,0.0,1,5.86,5.62,SPY201016P00328000,328.0,0,0.0,0.0,,0.0,normalDay
2020-09-15,1871.0,87.0,0.0,0,340.17,0.0,1,5.86,4.99,SPY201016P00328000,328.0,0,0.0,0.0,,0.0,normalDay
2020-09-16,1871.0,50.0,0.0,0,338.82,0.0,1,5.86,5.36,SPY201016P00328000,328.0,0,0.0,0.0,,0.0,normalDay
2020-09-17,1871.0,-9.0,0.0,0,335.84,0.0,1,5.86,5.95,SPY201016P00328000,328.0,0,0.0,0.0,,0.0,normalDay
2020-09-18,1871.0,-114.0,0.0,0,330.65,0.0,1,5.86,7.0,SPY201016P00328000,328.0,0,0.0,0.0,,0.0,normalDay
2020-09-21,1871.0,-250.0,0.0,0,326.97,0.0,1,5.86,8.36,SPY201016P00328000,328.0,0,0.0,0.0,,0.0,normalDay
2020-09-22,1871.0,-105.0,0.0,0,330.3,0.0,1,5.86,6.91,SPY201016P00328000,328.0,0,0.0,0.0,,0.0,normalDay
2020-09-23,1871.0,-470.0,0.0,0,322.64,0.0,1,5.86,10.56,SPY201016P00328000,328.0,0,0.0,0.0,,0.0,normalDay
2020-09-24,1871.0,-382.0,0.0,0,323.5,0.0,1,5.86,9.68,SPY201016P00328000,328.0,0,0.0,0.0,,0.0,normalDay
2020-09-25,1871.0,-91.0,0.0,0,328.73,0.0,1,5.86,6.77,SPY201016P00328000,328.0,0,0.0,0.0,,0.0,normalDay
2020-09-28,1871.0,138.0,0.0,0,334.19,0.0,1,5.86,4.48,SPY201016P00328000,328.0,0,0.0,0.0,,0.0,normalDay
2020-09-29,1871.0,99.0,0.0,0,332.37,0.0,1,5.86,4.87,SPY201016P00328000,328.0,0,0.0,0.0,,0.0,normalDay
2020-09-30,1871.0,135.0,0.0,0,334.89,0.0,1,5.86,4.51,SPY201016P00328000,328.0,0,0.0,0.0,,0.0,normalDay
2020-10-01,1871.0,246.0,0.0,0,337.04,0.0,1,5.86,3.4,SPY201016P00328000,328.0,0,0.0,0.0,,0.0,normalDay
2020-10-02,1871.0,178.0,0.0,0,333.84,0.0,1,5.86,4.08,SPY201016P00328000,328.0,0,0.0,0.0,,0.0,normalDay
2020-10-05,1871.0,390.0,0.0,0,339.76,0.0,1,5.86,1.96,SPY201016P00328000,328.0,0,0.0,0.0,,0.0,normalDay
2020-10-06,1871.0,295.0,0.0,0,334.93,0.0,1,5.86,2.91,SPY201016P00328000,328.0,0,0.0,0.0,,0.0,normalDay
2020-10-07,1871.0,464.0,0.0,0,340.76,0.0,1,5.86,1.22,SPY201016P00328000,328.0,0,0.0,0.0,,0.0,normalDay
2020-10-08,1871.0,530.0,0.0,0,343.78,0.0,1,5.86,0.56,SPY201016P00328000,328.0,0,0.0,0.0,,0.0,normalDay
2020-10-09,1871.0,564.0,0.0,0,346.85,0.0,1,5.86,0.22,SPY201016P00328000,328.0,0,0.0,0.0,,0.0,normalDay
2020-10-12,1871.0,575.0,0.0,0,352.43,0.0,1,5.86,0.11,SPY201016P00328000,328.0,0,0.0,0.0,,0.0,normalDay
2020-10-13,1871.0,579.0,0.0,0,350.13,0.0,1,5.86,0.07,SPY201016P00328000,328.0,0,0.0,0.0,,0.0,normalDay
2020-10-14,1871.0,579.0,0.0,0,347.93,0.0,1,5.86,0.07,SPY201016P00328000,328.0,0,0.0,0.0,,0.0,normalDay
2020-10-15,1871.0,583.0,0.0,0,347.5,0.0,1,5.86,0.03,SPY201016P00328000,328.0,0,0.0,0.0,,0.0,normalDay
2020-10-16,2457.0,0.0,586.0,0,347.29,0.0,1,5.86,0.0,SPY201016P00328000,328.0,0,0.0,0.0,,0.0,expirationDay
2020-10-19,2457.0,-8.0,0.0,0,342.01,0.0,1,7.21,7.29,SPY201127P00330000,330.0,0,0.0,0.0,,0.0,normalDay
2020-10-20,2457.0,10.0,0.0,0,343.38,0.0,1,7.21,7.11,SPY201127P00330000,330.0,0,0.0,0.0,,0.0,normalDay
2020-10-21,2457.0,56.0,0.0,0,342.73,0.0,1,7.21,6.65,SPY201127P00330000,330.0,0,0.0,0.0,,0.0,normalDay
2020-10-22,2457.0,115.0,0.0,0,344.61,0.0,1,7.21,6.06,SPY201127P00330000,330.0,0,0.0,0.0,,0.0,normalDay
2020-10-23,2457.0,158.0,0.0,0,345.78,0.0,1,7.21,5.63,SPY201127P00330000,330.0,0,0.0,0.0,,0.0,normalDay
2020-10-26,2457.0,-91.0,0.0,0,339.39,0.0,1,7.21,8.12,SPY201127P00330000,330.0,0,0.0,0.0,,0.0,normalDay
2020-10-27,2457.0,-120.0,0.0,0,338.22,0.0,1,7.21,8.41,SPY201127P00330000,330.0,0,0.0,0.0,,0.0,normalDay
2020-10-28,2457.0,-767.0,0.0,0,326.66,0.0,1,7.21,14.88,SPY201127P00330000,330.0,0,0.0,0.0,,0.0,normalDay
2020-10-29,2457.0,-457.0,0.0,0,329.98,0.0,1,7.21,11.78,SPY201127P00330000,330.0,0,0.0,0.0,,0.0,normalDay
2020-10-30,2457.0,-602.0,0.0,0,326.54,0.0,1,7.21,13.23,SPY201127P00330000,330.0,0,0.0,0.0,,0.0,normalDay
2020-11-02,2457.0,-367.0,0.0,0,330.2,0.0,1,7.21,10.88,SPY201127P00330000,330.0,0,0.0,0.0,,0.0,normalDay
2020-11-03,2457.0,-138.0,0.0,0,336.03,0.0,1,7.21,8.59,SPY201127P00330000,330.0,0,0.0,0.0,,0.0,normalDay
2020-11-04,2457.0,258.0,0.0,0,343.54,0.0,1,7.21,4.63,SPY201127P00330000,330.0,0,0.0,0.0,,0.0,normalDay
2020-11-05,2457.0,425.0,0.0,0,350.24,0.0,1,7.21,2.96,SPY201127P00330000,330.0,0,0.0,0.0,,0.0,normalDay
2020-11-06,2457.0,498.0,0.0,0,350.16,0.0,1,7.21,2.23,SPY201127P00330000,330.0,0,0.0,0.0,,0.0,normalDay
2020-11-09,2457.0,577.0,0.0,0,354.56,0.0,1,7.21,1.44,SPY201127P00330000,330.0,0,0.0,0.0,,0.0,normalDay
2020-11-10,2457.0,595.0,0.0,0,354.04,0.0,1,7.21,1.26,SPY201127P00330000,330.0,0,0.0,0.0,,0.0,normalDay
2020-11-11,2457.0,638.0,0.0,0,356.67,0.0,1,7.21,0.83,SPY201127P00330000,330.0,0,0.0,0.0,,0.0,normalDay
2020-11-12,2457.0,604.0,0.0,0,353.21,0.0,1,7.21,1.17,SPY201127P00330000,330.0,0,0.0,0.0,,0.0,normalDay
2020-11-13,2457.0,659.0,0.0,0,358.1,0.0,1,7.21,0.62,SPY201127P00330000,330.0,0,0.0,0.0,,0.0,normalDay
2020-11-16,2457.0,696.0,0.0,0,362.57,0.0,1,7.21,0.25,SPY201127P00330000,330.0,0,0.0,0.0,,0.0,normalDay
2020-11-17,2457.0,701.0,0.0,0,360.62,0.0,1,7.21,0.2,SPY201127P00330000,330.0,0,0.0,0.0,,0.0,normalDay
2020-11-18,2457.0,697.0,0.0,0,356.28,0.0,1,7.21,0.24,SPY201127P00330000,330.0,0,0.0,0.0,,0.0,normalDay
2020-11-19,2457.0,703.0,0.0,0,357.78,0.0,1,7.21,0.18,SPY201127P00330000,330.0,0,0.0,0.0,,0.0,normalDay
2020-11-20,2457.0,710.0,0.0,0,355.33,0.0,1,7.21,0.11,SPY201127P00330000,330.0,0,0.0,0.0,,0.0,normalDay
2020-11-23,2457.0,718.0,0.0,0,357.46,0.0,1,7.21,0.03,SPY201127P00330000,330.0,0,0.0,0.0,,0.0,normalDay
2020-11-24,2457.0,719.0,0.0,0,363.22,0.0,1,7.21,0.02,SPY201127P00330000,330.0,0,0.0,0.0,,0.0,normalDay
2020-11-25,2457.0,720.0,0.0,0,362.66,0.0,1,7.21,0.01,SPY201127P00330000,330.0,0,0.0,0.0,,0.0,normalDay
2020-11-27,3178.0,0.0,721.0,0,363.67,0.0,1,7.21,0.0,SPY201127P00330000,330.0,0,0.0,0.0,,0.0,expirationDay
2020-11-30,3178.0,-6.0,0.0,0,362.06,0.0,1,4.82,4.88,SPY210115P00345000,345.0,0,0.0,0.0,,0.0,normalDay
2020-12-01,3178.0,50.0,0.0,0,366.02,0.0,1,4.82,4.32,SPY210115P00345000,345.0,0,0.0,0.0,,0.0,normalDay
2020-12-02,3178.0,72.0,0.0,0,366.79,0.0,1,4.82,4.1,SPY210115P00345000,345.0,0,0.0,0.0,,0.0,normalDay
2020-12-03,3178.0,69.0,0.0,0,366.69,0.0,1,4.82,4.13,SPY210115P00345000,345.0,0,0.0,0.0,,0.0,normalDay
2020-12-04,3178.0,143.0,0.0,0,369.85,0.0,1,4.82,3.39,SPY210115P00345000,345.0,0,0.0,0.0,,0.0,normalDay
2020-12-07,3178.0,147.0,0.0,0,369.09,0.0,1,4.82,3.35,SPY210115P00345000,345.0,0,0.0,0.0,,0.0,normalDay
2020-12-08,3178.0,203.0,0.0,0,370.17,0.0,1,4.82,2.79,SPY210115P00345000,345.0,0,0.0,0.0,,0.0,normalDay
2020-12-09,3178.0,128.0,0.0,0,366.85,0.0,1,4.82,3.54,SPY210115P00345000,345.0,0,0.0,0.0,,0.0,normalDay
2020-12-10,3178.0,137.0,0.0,0,366.73,0.0,1,4.82,3.45,SPY210115P00345000,345.0,0,0.0,0.0,,0.0,normalDay
2020-12-11,3178.0,116.0,0.0,0,366.3,0.0,1,4.82,3.66,SPY210115P00345000,345.0,0,0.0,0.0,,0.0,normalDay
2020-12-14,3178.0,95.0,0.0,0,364.66,0.0,1,4.82,3.87,SPY210115P00345000,345.0,0,0.0,0.0,,0.0,normalDay
2020-12-15,3178.0,197.0,0.0,0,369.59,0.0,1,4.82,2.85,SPY210115P00345000,345.0,0,0.0,0.0,,0.0,normalDay
2020-12-16,3178.0,233.0,0.0,0,370.17,0.0,1,4.82,2.49,SPY210115P00345000,345.0,0,0.0,0.0,,0.0,normalDay
2020-12-17,3178.0,281.0,0.0,0,372.24,0.0,1,4.82,2.01,SPY210115P00345000,345.0,0,0.0,0.0,,0.0,normalDay
2020-12-18,3178.0,285.0,0.0,0,369.18,0.0,1,4.82,1.97,SPY210115P00345000,345.0,0,0.0,0.0,,0.0,normalDay
2020-12-21,3178.0,213.0,0.0,0,367.86,0.0,1,4.82,2.69,SPY210115P00345000,345.0,0,0.0,0.0,,0.0,normalDay
2020-12-22,3178.0,234.0,0.0,0,367.24,0.0,1,4.82,2.48,SPY210115P00345000,345.0,0,0.0,0.0,,0.0,normalDay
2020-12-23,3178.0,266.0,0.0,0,367.57,0.0,1,4.82,2.16,SPY210115P00345000,345.0,0,0.0,0.0,,0.0,normalDay
2020-12-24,3178.0,320.0,0.0,0,369.0,0.0,1,4.82,1.62,SPY210115P00345000,345.0,0,0.0,0.0,,0.0,normalDay
2020-12-28,3178.0,375.0,0.0,0,372.17,0.0,1,4.82,1.07,SPY210115P00345000,345.0,0,0.0,0.0,,0.0,normalDay
2020-12-29,3178.0,364.0,0.0,0,371.46,0.0,1,4.82,1.18,SPY210115P00345000,345.0,0,0.0,0.0,,0.0,normalDay
2020-12-30,3178.0,379.0,0.0,0,371.99,0.0,1,4.82,1.03,SPY210115P00345000,345.0,0,0.0,0.0,,0.0,normalDay
2020-12-31,3178.0,401.0,0.0,0,373.88,0.0,1,4.82,0.81,SPY210115P00345000,345.0,0,0.0,0.0,,0.0,normalDay
2021-01-04,3178.0,362.0,0.0,0,368.79,0.0,1,4.82,1.2,SPY210115P00345000,345.0,0,0.0,0.0,,0.0,normalDay
2021-01-05,3178.0,401.0,0.0,0,371.33,0.0,1,4.82,0.81,SPY210115P00345000,345.0,0,0.0,0.0,,0.0,normalDay
2021-01-06,3178.0,410.0,0.0,0,373.55,0.0,1,4.82,0.72,SPY210115P00345000,345.0,0,0.0,0.0,,0.0,normalDay
2021-01-07,3178.0,455.0,0.0,0,379.1,0.0,1,4.82,0.27,SPY210115P00345000,345.0,0,0.0,0.0,,0.0,normalDay
2021-01-08,3178.0,468.0,0.0,0,381.26,0.0,1,4.82,0.14,SPY210115P00345000,345.0,0,0.0,0.0,,0.0,normalDay
2021-01-11,3178.0,470.0,0.0,0,378.69,0.0,1,4.82,0.12,SPY210115P00345000,345.0,0,0.0,0.0,,0.0,normalDay
2021-01-12,3178.0,475.0,0.0,0,378.77,0.0,1,4.82,0.07,SPY210115P00345000,345.0,0,0.0,0.0,,0.0,normalDay
2021-01-13,3178.0,478.0,0.0,0,379.79,0.0,1,4.82,0.04,SPY210115P00345000,345.0,0,0.0,0.0,,0.0,normalDay
2021-01-14,3178.0,479.0,0.0,0,378.46,0.0,1,4.82,0.03,SPY210115P00345000,345.0,0,0.0,0.0,,0.0,normalDay
2021-01-15,3660.0,0.0,482.0,0,375.7,0.0,1,4.82,0.0,SPY210115P00345000,345.0,0,0.0,0.0,,0.0,expirationDay
2021-01-19,3660.0,-5.0,0.0,0,378.65,0.0,1,6.21,6.26,SPY210226P00369000,369.0,0,0.0,0.0,,0.0,normalDay
2021-01-20,3660.0,160.0,0.0,0,383.89,0.0,1,6.21,4.61,SPY210226P00369000,369.0,0,0.0,0.0,,0.0,normalDay
2021-01-21,3660.0,185.0,0.0,0,384.24,0.0,1,6.21,4.36,SPY210226P00369000,369.0,0,0.0,0.0,,0.0,normalDay
2021-01-22,3660.0,159.0,0.0,0,382.88,0.0,1,6.21,4.62,SPY210226P00369000,369.0,0,0.0,0.0,,0.0,normalDay
2021-01-25,3660.0,187.0,0.0,0,384.39,0.0,1,6.21,4.34,SPY210226P00369000,369.0,0,0.0,0.0,,0.0,normalDay
2021-01-26,3660.0,202.0,0.0,0,383.79,0.0,1,6.21,4.19,SPY210226P00369000,369.0,0,0.0,0.0,,0.0,normalDay
2021-01-27,3660.0,-333.0,0.0,0,374.41,0.0,1,6.21,9.54,SPY210226P00369000,369.0,0,0.0,0.0,,0.0,normalDay
2021-01-28,3660.0,-92.0,0.0,0,377.63,0.0,1,6.21,7.13,SPY210226P00369000,369.0,0,0.0,0.0,,0.0,normalDay
2021-01-29,3660.0,-488.0,0.0,0,370.07,0.0,1,6.21,11.09,SPY210226P00369000,369.0,0,0.0,0.0,,0.0,normalDay
2021-02-01,3660.0,-94.0,0.0,0,376.23,0.0,1,6.21,7.15,SPY210226P00369000,369.0,0,0.0,0.0,,0.0,normalDay
2021-02-02,3660.0,206.0,0.0,0,381.55,0.0,1,6.21,4.15,SPY210226P00369000,369.0,0,0.0,0.0,,0.0,normalDay
2021-02-03,3660.0,279.0,0.0,0,381.85,0.0,1,6.21,3.42,SPY210226P00369000,369.0,0,0.0,0.0,,0.0,normalDay
2021-02-04,3660.0,384.0,0.0,0,386.19,0.0,1,6.21,2.37,SPY210226P00369000,369.0,0,0.0,0.0,,0.0,normalDay
2021-02-05,3660.0,436.0,0.0,0,387.71,0.0,1,6.21,1.85,SPY210226P00369000,369.0,0,0.0,0.0,,0.0,normalDay
2021-02-08,3660.0,483.0,0.0,0,390.51,0.0,1,6.21,1.38,SPY210226P00369000,369.0,0,0.0,0.0,,0.0,normalDay
2021-02-09,3660.0,490.0,0.0,0,390.25,0.0,1,6.21,1.31,SPY210226P00369000,369.0,0,0.0,0.0,,0.0,normalDay
2021-02-10,3660.0,486.0,0.0,0,390.08,0.0,1,6.21,1.35,SPY210226P00369000,369.0,0,0.0,0.0,,0.0,normalDay
2021-02-11,3660.0,510.0,0.0,0,390.71,0.0,1,6.21,1.11,SPY210226P00369000,369.0,0,0.0,0.0,,0.0,normalDay
2021-02-12,3660.0,557.0,0.0,0,392.64,0.0,1,6.21,0.64,SPY210226P00369000,369.0,0,0.0,0.0,,0.0,normalDay
2021-02-16,3660.0,560.0,0.0,0,392.3,0.0,1,6.21,0.61,SPY210226P00369000,369.0,0,0.0,0.0,,0.0,normalDay
2021-02-17,3660.0,576.0,0.0,0,392.39,0.0,1,6.21,0.45,SPY210226P00369000,369.0,0,0.0,0.0,,0.0,normalDay
2021-02-18,3660.0,571.0,0.0,0,390.72,0.0,1,6.21,0.5,SPY210226P00369000,369.0,0,0.0,0.0,,0.0,normalDay
2021-02-19,3660.0,595.0,0.0,0,390.03,0.0,1,6.21,0.26,SPY210226P00369000,369.0,0,0.0,0.0,,0.0,normalDay
2021-02-22,3660.0,596.0,0.0,0,387.03,0.0,1,6.21,0.25,SPY210226P00369000,369.0,0,0.0,0.0,,0.0,normalDay
2021-02-23,3660.0,605.0,0.0,0,387.5,0.0,1,6.21,0.16,SPY210226P00369000,369.0,0,0.0,0.0,,0.0,normalDay
2021-02-24,3660.0,617.0,0.0,0,391.77,0.0,1,6.21,0.04,SPY210226P00369000,369.0,0,0.0,0.0,,0.0,normalDay
2021-02-25,3660.0,604.0,0.0,0,382.33,0.0,1,6.21,0.17,SPY210226P00369000,369.0,0,0.0,0.0,,0.0,normalDay
2021-02-26,4281.0,0.0,621.0,0,380.36,0.0,1,6.21,0.0,SPY210226P00369000,369.0,0,0.0,0.0,,0.0,expirationDay
2021-03-01,4281.0,-5.0,0.0,0,389.58,0.0,1,8.3,8.35,SPY210416P00383000,383.0,0,0.0,0.0,,0.0,normalDay
2021-03-02,4281.0,-138.0,0.0,0,386.54,0.0,1,8.3,9.68,SPY210416P00383000,383.0,0,0.0,0.0,,0.0,normalDay
2021-03-03,4281.0,-384.0,0.0,0,381.42,0.0,1,8.3,12.14,SPY210416P00383000,383.0,0,0.0,0.0,,0.0,normalDay
2021-03-04,4281.0,-640.0,0.0,0,376.7,0.0,1,8.3,14.7,SPY210416P00383000,383.0,0,0.0,0.0,,0.0,normalDay
2021-03-05,4281.0,-214.0,0.0,0,383.63,0.0,1,8.3,10.44,SPY210416P00383000,383.0,0,0.0,0.0,,0.0,normalDay
2021-03-08,4281.0,-283.0,0.0,0,381.72,0.0,1,8.3,11.13,SPY210416P00383000,383.0,0,0.0,0.0,,0.0,normalDay
2021-03-09,4281.0,-27.0,0.0,0,387.17,0.0,1,8.3,8.57,SPY210416P00383000,383.0,0,0.0,0.0,,0.0,normalDay
2021-03-10,4281.0,128.0,0.0,0,389.58,0.0,1,8.3,7.02,SPY210416P00383000,383.0,0,0.0,0.0,,0.0,normalDay
2021-03-11,4281.0,251.0,0.0,0,393.53,0.0,1,8.3,5.79,SPY210416P00383000,383.0,0,0.0,0.0,,0.0,normalDay
2021-03-12,4281.0,329.0,0.0,0,394.06,0.0,1,8.3,5.01,SPY210416P00383000,383.0,0,0.0,0.0,,0.0,normalDay
2021-03-15,4281.0,436.0,0.0,0,396.41,0.0,1,8.3,3.94,SPY210416P00383000,383.0,0,0.0,0.0,,0.0,normalDay
2021-03-16,4281.0,431.0,0.0,0,395.91,0.0,1,8.3,3.99,SPY210416P00383000,383.0,0,0.0,0.0,,0.0,normalDay
2021-03-17,4281.0,490.0,0.0,0,397.26,0.0,1,8.3,3.4,SPY210416P00383000,383.0,0,0.0,0.0,,0.0,normalDay
2021-03-18,4281.0,345.0,0.0,0,391.48,0.0,1,8.3,4.85,SPY210416P00383000,383.0,0,0.0,0.0,,0.0,normalDay
2021-03-19,4281.0,327.0,0.0,0,389.48,0.0,1,8.3,5.03,SPY210416P00383000,383.0,0,0.0,0.0,,0.0,normalDay
2021-03-22,4281.0,510.0,0.0,0,392.59,0.0,1,8.3,3.2,SPY210416P00383000,383.0,0,0.0,0.0,,0.0,normalDay
2021-03-23,4281.0,405.0,0.0,0,389.5,0.0,1,8.3,4.25,SPY210416P00383000,383.0,0,0.0,0.0,,0.0,normalDay
2021-03-24,4281.0,344.0,0.0,0,387.52,0.0,1,8.3,4.86,SPY210416P00383000,383.0,0,0.0,0.0,,0.0,normalDay
2021-03-25,4281.0,456.0,0.0,0,389.7,0.0,1,8.3,3.74,SPY210416P00383000,383.0,0,0.0,0.0,,0.0,normalDay
2021-03-26,4281.0,600.0,0.0,0,395.98,0.0,1,8.3,2.3,SPY210416P00383000,383.0,0,0.0,0.0,,0.0,normalDay
2021-03-29,4281.0,586.0,0.0,0,395.78,0.0,1,8.3,2.44,SPY210416P00383000,383.0,0,0.0,0.0,,0.0,normalDay
2021-03-30,4281.0,604.0,0.0,0,394.73,0.0,1,8.3,2.26,SPY210416P00383000,383.0,0,0.0,0.0,,0.0,normalDay
2021-03-31,4281.0,658.0,0.0,0,396.33,0.0,1,8.3,1.72,SPY210416P00383000,383.0,0,0.0,0.0,,0.0,normalDay
2021-04-01,4281.0,743.0,0.0,0,400.61,0.0,1,8.3,0.87,SPY210416P00383000,383.0,0,0.0,0.0,,0.0,normalDay
2021-04-05,4281.0,786.0,0.0,0,406.36,0.0,1,8.3,0.44,SPY210416P00383000,383.0,0,0.0,0.0,,0.0,normalDay
2021-04-06,4281.0,790.0,0.0,0,406.12,0.0,1,8.3,0.4,SPY210416P00383000,383.0,0,0.0,0.0,,0.0,normalDay
2021-04-07,4281.0,805.0,0.0,0,406.59,0.0,1,8.3,0.25,SPY210416P00383000,383.0,0,0.0,0.0,,0.0,normalDay
2021-04-08,4281.0,813.0,0.0,0,408.52,0.0,1,8.3,0.17,SPY210416P00383000,383.0,0,0.0,0.0,,0.0,normalDay
2021-04-09,4281.0,822.0,0.0,0,411.49,0.0,1,8.3,0.08,SPY210416P00383000,383.0,0,0.0,0.0,,0.0,normalDay
2021-04-12,4281.0,826.0,0.0,0,411.64,0.0,1,8.3,0.04,SPY210416P00383000,383.0,0,0.0,0.0,,0.0,normalDay
2021-04-13,4281.0,827.0,0.0,0,412.86,0.0,1,8.3,0.03,SPY210416P00383000,383.0,0,0.0,0.0,,0.0,normalDay
2021-04-14,4281.0,827.0,0.0,0,411.45,0.0,1,8.3,0.03,SPY210416P00383000,383.0,0,0.0,0.0,,0.0,normalDay
2021-04-15,4281.0,828.0,0.0,0,415.87,0.0,1,8.3,0.02,SPY210416P00383000,383.0,0,0.0,0.0,,0.0,normalDay
2021-04-16,5111.0,0.0,830.0,0,417.26,0.0,1,8.3,0.0,SPY210416P00383000,383.0,0,0.0,0.0,,0.0,expirationDay
2021-04-19,5111.0,-6.0,0.0,0,415.21,0.0,1,3.01,3.07,SPY210528P00394000,394.0,0,0.0,0.0,,0.0,normalDay
2021-04-20,5111.0,-90.0,0.0,0,412.17,0.0,1,3.01,3.91,SPY210528P00394000,394.0,0,0.0,0.0,,0.0,normalDay
2021-04-21,5111.0,15.0,0.0,0,416.07,0.0,1,3.01,2.86,SPY210528P00394000,394.0,0,0.0,0.0,,0.0,normalDay
2021-04-22,5111.0,-70.0,0.0,0,412.27,0.0,1,3.01,3.71,SPY210528P00394000,394.0,0,0.0,0.0,,0.0,normalDay
2021-04-23,5111.0,43.0,0.0,0,416.74,0.0,1,3.01,2.58,SPY210528P00394000,394.0,0,0.0,0.0,,0.0,normalDay
2021-04-26,5111.0,75.0,0.0,0,417.61,0.0,1,3.01,2.26,SPY210528P00394000,394.0,0,0.0,0.0,,0.0,normalDay
2021-04-27,5111.0,81.0,0.0,0,417.52,0.0,1,3.01,2.2,SPY210528P00394000,394.0,0,0.0,0.0,,0.0,normalDay
2021-04-28,5111.0,102.0,0.0,0,417.4,0.0,1,3.01,1.99,SPY210528P00394000,394.0,0,0.0,0.0,,0.0,normalDay
2021-04-29,5111.0,122.0,0.0,0,420.06,0.0,1,3.01,1.79,SPY210528P00394000,394.0,0,0.0,0.0,,0.0,normalDay
2021-04-30,5111.0,88.0,0.0,0,417.3,0.0,1,3.01,2.13,SPY210528P00394000,394.0,0,0.0,0.0,,0.0,normalDay
2021-05-03,5111.0,124.0,0.0,0,418.2,0.0,1,3.01,1.77,SPY210528P00394000,394.0,0,0.0,0.0,,0.0,normalDay
2021-05-04,5111.0,79.0,0.0,0,415.62,0.0,1,3.01,2.22,SPY210528P00394000,394.0,0,0.0,0.0,,0.0,normalDay
2021-05-05,5111.0,93.0,0.0,0,415.75,0.0,1,3.01,2.08,SPY210528P00394000,394.0,0,0.0,0.0,,0.0,normalDay
2021-05-06,5111.0,152.0,0.0,0,419.07,0.0,1,3.01,1.49,SPY210528P00394000,394.0,0,0.0,0.0,,0.0,normalDay
2021-05-07,5111.0,199.0,0.0,0,422.12,0.0,1,3.01,1.02,SPY210528P00394000,394.0,0,0.0,0.0,,0.0,normalDay
2021-05-10,5111.0,144.0,0.0,0,417.94,0.0,1,3.01,1.57,SPY210528P00394000,394.0,0,0.0,0.0,,0.0,normalDay
2021-05-11,5111.0,87.0,0.0,0,414.21,0.0,1,3.01,2.14,SPY210528P00394000,394.0,0,0.0,0.0,,0.0,normalDay
2021-05-12,5111.0,-175.0,0.0,0,405.41,0.0,1,3.01,4.76,SPY210528P00394000,394.0,0,0.0,0.0,,0.0,normalDay
2021-05-13,5111.0,30.0,0.0,0,410.28,0.0,1,3.01,2.71,SPY210528P00394000,394.0,0,0.0,0.0,,0.0,normalDay
2021-05-14,5111.0,196.0,0.0,0,416.58,0.0,1,3.01,1.05,SPY210528P00394000,394.0,0,0.0,0.0,,0.0,normalDay
2021-05-17,5111.0,211.0,0.0,0,415.52,0.0,1,3.01,0.9,SPY210528P00394000,394.0,0,0.0,0.0,,0.0,normalDay
2021-05-18,5111.0,173.0,0.0,0,411.94,0.0,1,3.01,1.28,SPY210528P00394000,394.0,0,0.0,0.0,,0.0,normalDay
2021-05-19,5111.0,177.0,0.0,0,410.86,0.0,1,3.01,1.24,SPY210528P00394000,394.0,0,0.0,0.0,,0.0,normalDay
2021-05-20,5111.0,242.0,0.0,0,415.28,0.0,1,3.01,0.59,SPY210528P00394000,394.0,0,0.0,0.0,,0.0,normalDay
2021-05-21,5111.0,265.0,0.0,0,414.94,0.0,1,3.01,0.36,SPY210528P00394000,394.0,0,0.0,0.0,,0.0,normalDay
2021-05-24,5111.0,293.0,0.0,0,419.17,0.0,1,3.01,0.08,SPY210528P00394000,394.0,0,0.0,0.0,,0.0,normalDay
2021-05-25,5111.0,293.0,0.0,0,418.24,0.0,1,3.01,0.08,SPY210528P00394000,394.0,0,0.0,0.0,,0.0,normalDay
2021-05-26,5111.0,297.0,0.0,0,419.07,0.0,1,3.01,0.04,SPY210528P00394000,394.0,0,0.0,0.0,,0.0,normalDay
2021-05-27,5111.0,299.0,0.0,0,419.29,0.0,1,3.01,0.02,SPY210528P00394000,394.0,0,0.0,0.0,,0.0,normalDay
2021-05-28,5412.0,0.0,301.0,0,420.04,0.0,1,3.01,0.0,SPY210528P00394000,394.0,0,0.0,0.0,,0.0,expirationDay
2021-06-01,5412.0,-5.0,0.0,0,419.67,0.0,1,6.18,6.23,SPY210716P00412000,412.0,0,0.0,0.0,,0.0,normalDay
2021-06-02,5412.0,41.0,0.0,0,420.33,0.0,1,6.18,5.77,SPY210716P00412000,412.0,0,0.0,0.0,,0.0,normalDay
2021-06-03,5412.0,-20.0,0.0,0,418.77,0.0,1,6.18,6.38,SPY210716P00412000,412.0,0,0.0,0.0,,0.0,normalDay
2021-06-04,5412.0,134.0,0.0,0,422.6,0.0,1,6.18,4.84,SPY210716P00412000,412.0,0,0.0,0.0,,0.0,normalDay
2021-06-07,5412.0,175.0,0.0,0,422.19,0.0,1,6.18,4.43,SPY210716P00412000,412.0,0,0.0,0.0,,0.0,normalDay
2021-06-08,5412.0,167.0,0.0,0,422.28,0.0,1,6.18,4.51,SPY210716P00412000,412.0,0,0.0,0.0,,0.0,normalDay
2021-06-09,5412.0,134.0,0.0,0,421.65,0.0,1,6.18,4.84,SPY210716P00412000,412.0,0,0.0,0.0,,0.0,normalDay
2021-06-10,5412.0,252.0,0.0,0,423.61,0.0,1,6.18,3.66,SPY210716P00412000,412.0,0,0.0,0.0,,0.0,normalDay
2021-06-11,5412.0,285.0,0.0,0,424.31,0.0,1,6.18,3.33,SPY210716P00412000,412.0,0,0.0,0.0,,0.0,normalDay
2021-06-14,5412.0,308.0,0.0,0,425.26,0.0,1,6.18,3.1,SPY210716P00412000,412.0,0,0.0,0.0,,0.0,normalDay
2021-06-15,5412.0,286.0,0.0,0,424.48,0.0,1,6.18,3.32,SPY210716P00412000,412.0,0,0.0,0.0,,0.0,normalDay
2021-06-16,5412.0,220.0,0.0,0,422.11,0.0,1,6.18,3.98,SPY210716P00412000,412.0,0,0.0,0.0,,0.0,normalDay
2021-06-17,5412.0,247.0,0.0,0,421.97,0.0,1,6.18,3.71,SPY210716P00412000,412.0,0,0.0,0.0,,0.0,normalDay
2021-06-18,5412.0,-10.0,0.0,0,414.92,0.0,1,6.18,6.28,SPY210716P00412000,412.0,0,0.0,0.0,,0.0,normalDay
2021-06-21,5412.0,286.0,0.0,0,420.86,0.0,1,6.18,3.32,SPY210716P00412000,412.0,0,0.0,0.0,,0.0,normalDay
2021-06-22,5412.0,364.0,0.0,0,423.11,0.0,1,6.18,2.54,SPY210716P00412000,412.0,0,0.0,0.0,,0.0,normalDay
2021-06-23,5412.0,379.0,0.0,0,422.6,0.0,1,6.18,2.39,SPY210716P00412000,412.0,0,0.0,0.0,,0.0,normalDay
2021-06-24,5412.0,434.0,0.0,0,425.1,0.0,1,6.18,1.84,SPY210716P00412000,412.0,0,0.0,0.0,,0.0,normalDay
2021-06-25,5412.0,477.0,0.0,0,426.61,0.0,1,6.18,1.41,SPY210716P00412000,412.0,0,0.0,0.0,,0.0,normalDay
2021-06-28,5412.0,501.0,0.0,0,427.47,0.0,1,6.18,1.17,SPY210716P00412000,412.0,0,0.0,0.0,,0.0,normalDay
2021-06-29,5412.0,506.0,0.0,0,427.7,0.0,1,6.18,1.12,SPY210716P00412000,412.0,0,0.0,0.0,,0.0,normalDay
2021-06-30,5412.0,525.0,0.0,0,428.06,0.0,1,6.18,0.93,SPY210716P00412000,412.0,0,0.0,0.0,,0.0,normalDay
2021-07-01,5412.0,540.0,0.0,0,430.43,0.0,1,6.18,0.78,SPY210716P00412000,412.0,0,0.0,0.0,,0.0,normalDay
2021-07-02,5412.0,569.0,0.0,0,433.72,0.0,1,6.18,0.49,SPY210716P00412000,412.0,0,0.0,0.0,,0.0,normalDay
2021-07-06,5412.0,570.0,0.0,0,432.93,0.0,1,6.18,0.48,SPY210716P00412000,412.0,0,0.0,0.0,,0.0,normalDay
2021-07-07,5412.0,585.0,0.0,0,434.46,0.0,1,6.18,0.33,SPY210716P00412000,412.0,0,0.0,0.0,,0.0,normalDay
2021-07-08,5412.0,546.0,0.0,0,430.92,0.0,1,6.18,0.72,SPY210716P00412000,412.0,0,0.0,0.0,,0.0,normalDay
2021-07-09,5412.0,598.0,0.0,0,435.52,0.0,1,6.18,0.2,SPY210716P00412000,412.0,0,0.0,0.0,,0.0,normalDay
2021-07-12,5412.0,610.0,0.0,0,437.08,0.0,1,6.18,0.08,SPY210716P00412000,412.0,0,0.0,0.0,,0.0,normalDay
2021-07-13,5412.0,607.0,0.0,0,435.59,0.0,1,6.18,0.11,SPY210716P00412000,412.0,0,0.0,0.0,,0.0,normalDay
2021-07-14,5412.0,614.0,0.0,0,436.24,0.0,1,6.18,0.04,SPY210716P00412000,412.0,0,0.0,0.0,,0.0,normalDay
2021-07-15,5412.0,615.0,0.0,0,434.75,0.0,1,6.18,0.03,SPY210716P00412000,412.0,0,0.0,0.0,,0.0,normalDay
2021-07-16,6030.0,0.0,618.0,0,431.34,0.0,1,6.18,0.0,SPY210716P00412000,412.0,0,0.0,0.0,,0.0,expirationDay
2021-07-19,6030.0,-12.0,0.0,0,424.97,0.0,1,9.66,9.78,SPY210827P00425000,425.0,0,0.0,0.0,,0.0,normalDay
2021-07-20,6030.0,284.0,0.0,0,431.06,0.0,1,9.66,6.82,SPY210827P00425000,425.0,0,0.0,0.0,,0.0,normalDay
2021-07-21,6030.0,452.0,0.0,0,434.55,0.0,1,9.66,5.14,SPY210827P00425000,425.0,0,0.0,0.0,,0.0,normalDay
2021-07-22,6030.0,483.0,0.0,0,435.46,0.0,1,9.66,4.83,SPY210827P00425000,425.0,0,0.0,0.0,,0.0,normalDay
2021-07-23,6030.0,588.0,0.0,0,439.94,0.0,1,9.66,3.78,SPY210827P00425000,425.0,0,0.0,0.0,,0.0,normalDay
2021-07-26,6030.0,630.0,0.0,0,441.02,0.0,1,9.66,3.36,SPY210827P00425000,425.0,0,0.0,0.0,,0.0,normalDay
2021-07-27,6030.0,548.0,0.0,0,439.01,0.0,1,9.66,4.18,SPY210827P00425000,425.0,0,0.0,0.0,,0.0,normalDay
2021-07-28,6030.0,593.0,0.0,0,438.83,0.0,1,9.66,3.73,SPY210827P00425000,425.0,0,0.0,0.0,,0.0,normalDay
2021-07-29,6030.0,663.0,0.0,0,440.65,0.0,1,9.66,3.03,SPY210827P00425000,425.0,0,0.0,0.0,,0.0,normalDay
2021-07-30,6030.0,636.0,0.0,0,438.51,0.0,1,9.66,3.3,SPY210827P00425000,425.0,0,0.0,0.0,,0.0,normalDay
2021-08-02,6030.0,608.0,0.0,0,437.59,0.0,1,9.66,3.58,SPY210827P00425000,425.0,0,0.0,0.0,,0.0,normalDay
2021-08-03,6030.0,716.0,0.0,0,441.15,0.0,1,9.66,2.5,SPY210827P00425000,425.0,0,0.0,0.0,,0.0,normalDay
2021-08-04,6030.0,701.0,0.0,0,438.98,0.0,1,9.66,2.65,SPY210827P00425000,425.0,0,0.0,0.0,,0.0,normalDay
2021-08-05,6030.0,761.0,0.0,0,441.76,0.0,1,9.66,2.05,SPY210827P00425000,425.0,0,0.0,0.0,,0.0,normalDay
2021-08-06,6030.0,808.0,0.0,0,442.49,0.0,1,9.66,1.58,SPY210827P00425000,425.0,0,0.0,0.0,,0.0,normalDay
2021-08-09,6030.0,823.0,0.0,0,442.13,0.0,1,9.66,1.43,SPY210827P00425000,425.0,0,0.0,0.0,,0.0,normalDay
2021-08-10,6030.0,827.0,0.0,0,442.68,0.0,1,9.66,1.39,SPY210827P00425000,425.0,0,0.0,0.0,,0.0,normalDay
2021-08-11,6030.0,864.0,0.0,0,443.78,0.0,1,9.66,1.02,SPY210827P00425000,425.0,0,0.0,0.0,,0.0,normalDay
2021-08-12,6030.0,890.0,0.0,0,445.11,0.0,1,9.66,0.76,SPY210827P00425000,425.0,0,0.0,0.0,,0.0,normalDay
2021-08-13,6030.0,908.0,0.0,0,445.92,0.0,1,9.66,0.58,SPY210827P00425000,425.0,0,0.0,0.0,,0.0,normalDay
2021-08-16,6030.0,919.0,0.0,0,446.97,0.0,1,9.66,0.47,SPY210827P00425000,425.0,0,0.0,0.0,,0.0,normalDay
2021-08-17,6030.0,882.0,0.0,0,444.04,0.0,1,9.66,0.84,SPY210827P00425000,425.0,0,0.0,0.0,,0.0,normalDay
2021-08-18,6030.0,787.0,0.0,0,439.18,0.0,1,9.66,1.79,SPY210827P00425000,425.0,0,0.0,0.0,,0.0,normalDay
2021-08-19,6030.0,823.0,0.0,0,439.86,0.0,1,9.66,1.43,SPY210827P00425000,425.0,0,0.0,0.0,,0.0,normalDay
2021-08-20,6030.0,931.0,0.0,0,443.36,0.0,1,9.66,0.35,SPY210827P00425000,425.0,0,0.0,0.0,,0.0,normalDay
2021-08-23,6030.0,957.0,0.0,0,447.26,0.0,1,9.66,0.09,SPY210827P00425000,425.0,0,0.0,0.0,,0.0,normalDay
2021-08-24,6030.0,959.0,0.0,0,447.97,0.0,1,9.66,0.07,SPY210827P00425000,425.0,0,0.0,0.0,,0.0,normalDay
2021-08-25,6030.0,962.0,0.0,0,448.91,0.0,1,9.66,0.04,SPY210827P00425000,425.0,0,0.0,0.0,,0.0,normalDay
2021-08-26,6030.0,961.0,0.0,0,446.26,0.0,1,9.66,0.05,SPY210827P00425000,425.0,0,0.0,0.0,,0.0,normalDay
2021-08-27,6996.0,0.0,966.0,0,450.25,0.0,1,9.66,0.0,SPY210827P00425000,425.0,0,0.0,0.0,,0.0,expirationDay
2021-08-30,6996.0,-4.0,0.0,0,452.23,0.0,1,5.44,5.48,SPY211015P00441000,441.0,0,0.0,0.0,,0.0,normalDay
2021-08-31,6996.0,-1.0,0.0,0,451.56,0.0,1,5.44,5.45,SPY211015P00441000,441.0,0,0.0,0.0,,0.0,normalDay
2021-09-01,6996.0,27.0,0.0,0,451.8,0.0,1,5.44,5.17,SPY211015P00441000,441.0,0,0.0,0.0,,0.0,normalDay
2021-09-02,6996.0,61.0,0.0,0,453.19,0.0,1,5.44,4.83,SPY211015P00441000,441.0,0,0.0,0.0,,0.0,normalDay
2021-09-03,6996.0,65.0,0.0,0,453.08,0.0,1,5.44,4.79,SPY211015P00441000,441.0,0,0.0,0.0,,0.0,normalDay
2021-09-07,6996.0,18.0,0.0,0,451.46,0.0,1,5.44,5.26,SPY211015P00441000,441.0,0,0.0,0.0,,0.0,normalDay
2021-09-08,6996.0,16.0,0.0,0,450.91,0.0,1,5.44,5.28,SPY211015P00441000,441.0,0,0.0,0.0,,0.0,normalDay
2021-09-09,6996.0,-66.0,0.0,0,448.98,0.0,1,5.44,6.1,SPY211015P00441000,441.0,0,0.0,0.0,,0.0,normalDay
2021-09-10,6996.0,-191.0,0.0,0,445.44,0.0,1,5.44,7.35,SPY211015P00441000,441.0,0,0.0,0.0,,0.0,normalDay
2021-09-13,6996.0,-75.0,0.0,0,446.58,0.0,1,5.44,6.19,SPY211015P00441000,441.0,0,0.0,0.0,,0.0,normalDay
2021-09-14,6996.0,-161.0,0.0,0,444.17,0.0,1,5.44,7.05,SPY211015P00441000,441.0,0,0.0,0.0,,0.0,normalDay
2021-09-15,6996.0,21.0,0.0,0,447.88,0.0,1,5.44,5.23,SPY211015P00441000,441.0,0,0.0,0.0,,0.0,normalDay
2021-09-16,6996.0,-10.0,0.0,0,447.17,0.0,1,5.44,5.54,SPY211015P00441000,441.0,0,0.0,0.0,,0.0,normalDay
2021-09-17,6996.0,-207.0,0.0,0,441.4,0.0,1,5.44,7.51,SPY211015P00441000,441.0,0,0.0,0.0,,0.0,normalDay
2021-09-20,6996.0,-650.0,0.0,0,434.04,0.0,1,5.44,11.94,SPY211015P00441000,441.0,0,0.0,0.0,,0.0,normalDay
2021-09-21,6996.0,-646.0,0.0,0,433.63,0.0,1,5.44,11.9,SPY211015P00441000,441.0,0,0.0,0.0,,0.0,normalDay
2021-09-22,6996.0,-287.0,0.0,0,437.86,0.0,1,5.44,8.31,SPY211015P00441000,441.0,0,0.0,0.0,,0.0,normalDay
2021-09-23,6996.0,11.0,0.0,0,443.18,0.0,1,5.44,5.33,SPY211015P00441000,441.0,0,0.0,0.0,,0.0,normalDay
2021-09-24,6996.0,84.0,0.0,0,443.91,0.0,1,5.44,4.6,SPY211015P00441000,441.0,0,0.0,0.0,,0.0,normalDay
2021-09-27,6996.0,49.0,0.0,0,442.64,0.0,1,5.44,4.95,SPY211015P00441000,441.0,0,0.0,0.0,,0.0,normalDay
2021-09-28,6996.0,-471.0,0.0,0,433.72,0.0,1,5.44,10.15,SPY211015P00441000,441.0,0,0.0,0.0,,0.0,normalDay
2021-09-29,6996.0,-401.0,0.0,0,434.45,0.0,1,5.44,9.45,SPY211015P00441000,441.0,0,0.0,0.0,,0.0,normalDay
2021-09-30,6996.0,-746.0,0.0,0,429.14,0.0,1,5.44,12.9,SPY211015P00441000,441.0,0,0.0,0.0,,0.0,normalDay
2021-10-01,6996.0,-356.0,0.0,0,434.24,0.0,1,5.44,9.0,SPY211015P00441000,441.0,0,0.0,0.0,,0.0,normalDay
2021-10-04,6996.0,-777.0,0.0,0,428.64,0.0,1,5.44,13.21,SPY211015P00441000,441.0,0,0.0,0.0,,0.0,normalDay
2021-10-05,6996.0,-395.0,0.0,0,433.1,0.0,1,5.44,9.39,SPY211015P00441000,441.0,0,0.0,0.0,,0.0,normalDay
2021-10-06,6996.0,-271.0,0.0,0,434.9,0.0,1,5.44,8.15,SPY211015P00441000,441.0,0,0.0,0.0,,0.0,normalDay
2021-10-07,6996.0,34.0,0.0,0,438.66,0.0,1,5.44,5.1,SPY211015P00441000,441.0,0,0.0,0.0,,0.0,normalDay
2021-10-08,6996.0,7.0,0.0,0,437.86,0.0,1,5.44,5.37,SPY211015P00441000,441.0,0,0.0,0.0,,0.0,normalDay
2021-10-11,6996.0,-186.0,0.0,0,434.69,0.0,1,5.44,7.3,SPY211015P00441000,441.0,0,0.0,0.0,,0.0,normalDay
2021-10-12,6996.0,-313.0,0.0,0,433.62,0.0,1,5.44,8.57,SPY211015P00441000,441.0,0,0.0,0.0,,0.0,normalDay
2021-10-13,6996.0,-64.0,0.0,0,435.18,0.0,1,5.44,6.08,SPY211015P00441000,441.0,0,0.0,0.0,,0.0,normalDay
2021-10-14,6996.0,469.0,0.0,0,442.5,0.0,1,5.44,0.75,SPY211015P00441000,441.0,0,0.0,0.0,,0.0,normalDay
2021-10-15,7540.0,0.0,544.0,0,445.87,0.0,1,5.44,0.0,SPY211015P00441000,441.0,0,0.0,0.0,,0.0,expirationDay
2021-10-18,7540.0,-4.0,0.0,0,447.19,0.0,1,3.88,3.92,SPY211126P00432000,432.0,0,0.0,0.0,,0.0,normalDay
2021-10-19,7540.0,79.0,0.0,0,450.64,0.0,1,3.88,3.09,SPY211126P00432000,432.0,0,0.0,0.0,,0.0,normalDay
2021-10-20,7540.0,103.0,0.0,0,452.41,0.0,1,3.88,2.85,SPY211126P00432000,432.0,0,0.0,0.0,,0.0,normalDay
2021-10-21,7540.0,139.0,0.0,0,453.59,0.0,1,3.88,2.49,SPY211126P00432000,432.0,0,0.0,0.0,,0.0,normalDay
2021-10-22,7540.0,123.0,0.0,0,453.12,0.0,1,3.88,2.65,SPY211126P00432000,432.0,0,0.0,0.0,,0.0,normalDay
2021-10-25,7540.0,175.0,0.0,0,455.55,0.0,1,3.88,2.13,SPY211126P00432000,432.0,0,0.0,0.0,,0.0,normalDay
2021-10-26,7540.0,176.0,0.0,0,455.96,0.0,1,3.88,2.12,SPY211126P00432000,432.0,0,0.0,0.0,,0.0,normalDay
2021-10-27,7540.0,134.0,0.0,0,453.94,0.0,1,3.88,2.54,SPY211126P00432000,432.0,0,0.0,0.0,,0.0,normalDay
2021-10-28,7540.0,196.0,0.0,0,458.32,0.0,1,3.88,1.92,SPY211126P00432000,432.0,0,0.0,0.0,,0.0,normalDay
2021-10-29,7540.0,219.0,0.0,0,459.25,0.0,1,3.88,1.69,SPY211126P00432000,432.0,0,0.0,0.0,,0.0,normalDay
2021-11-01,7540.0,250.0,0.0,0,460.04,0.0,1,3.88,1.38,SPY211126P00432000,432.0,0,0.0,0.0,,0.0,normalDay
2021-11-02,7540.0,272.0,0.0,0,461.9,0.0,1,3.88,1.16,SPY211126P00432000,432.0,0,0.0,0.0,,0.0,normalDay
2021-11-03,7540.0,310.0,0.0,0,464.72,0.0,1,3.88,0.78,SPY211126P00432000,432.0,0,0.0,0.0,,0.0,normalDay
2021-11-04,7540.0,317.0,0.0,0,466.91,0.0,1,3.88,0.71,SPY211126P00432000,432.0,0,0.0,0.0,,0.0,normalDay
2021-11-05,7540.0,318.0,0.0,0,468.53,0.0,1,3.88,0.7,SPY211126P00432000,432.0,0,0.0,0.0,,0.0,normalDay
2021-11-08,7540.0,324.0,0.0,0,468.93,0.0,1,3.88,0.64,SPY211126P00432000,432.0,0,0.0,0.0,,0.0,normalDay
2021-11-09,7540.0,322.0,0.0,0,467.38,0.0,1,3.88,0.66,SPY211126P00432000,432.0,0,0.0,0.0,,0.0,normalDay
2021-11-10,7540.0,311.0,0.0,0,463.62,0.0,1,3.88,0.77,SPY211126P00432000,432.0,0,0.0,0.0,,0.0,normalDay
2021-11-11,7540.0,336.0,0.0,0,463.77,0.0,1,3.88,0.52,SPY211126P00432000,432.0,0,0.0,0.0,,0.0,normalDay
2021-11-12,7540.0,360.0,0.0,0,467.27,0.0,1,3.88,0.28,SPY211126P00432000,432.0,0,0.0,0.0,,0.0,normalDay
2021-11-15,7540.0,371.0,0.0,0,467.43,0.0,1,3.88,0.17,SPY211126P00432000,432.0,0,0.0,0.0,,0.0,normalDay
2021-11-16,7540.0,374.0,0.0,0,469.28,0.0,1,3.88,0.14,SPY211126P00432000,432.0,0,0.0,0.0,,0.0,normalDay
2021-11-17,7540.0,377.0,0.0,0,468.14,0.0,1,3.88,0.11,SPY211126P00432000,432.0,0,0.0,0.0,,0.0,normalDay
2021-11-18,7540.0,378.0,0.0,0,469.73,0.0,1,3.88,0.1,SPY211126P00432000,432.0,0,0.0,0.0,,0.0,normalDay
2021-11-19,7540.0,381.0,0.0,0,468.89,0.0,1,3.88,0.07,SPY211126P00432000,432.0,0,0.0,0.0,,0.0,normalDay
2021-11-22,7540.0,383.0,0.0,0,467.57,0.0,1,3.88,0.05,SPY211126P00432000,432.0,0,0.0,0.0,,0.0,normalDay
2021-11-23,7540.0,385.0,0.0,0,468.19,0.0,1,3.88,0.03,SPY211126P00432000,432.0,0,0.0,0.0,,0.0,normalDay
2021-11-24,7540.0,386.0,0.0,0,469.44,0.0,1,3.88,0.02,SPY211126P00432000,432.0,0,0.0,0.0,,0.0,normalDay
2021-11-26,7928.0,0.0,388.0,0,458.97,0.0,1,3.88,0.0,SPY211126P00432000,432.0,0,0.0,0.0,,0.0,expirationDay
2021-11-29,7928.0,-6.0,0.0,0,464.6,0.0,1,12.03,12.09,SPY220121P00463000,463.0,0,0.0,0.0,,0.0,normalDay
2021-11-30,7928.0,-475.0,0.0,0,455.56,0.0,1,12.03,16.78,SPY220121P00463000,463.0,0,0.0,0.0,,0.0,normalDay
2021-12-01,7928.0,-993.0,0.0,0,450.5,0.0,1,12.03,21.96,SPY220121P00463000,463.0,0,0.0,0.0,,0.0,normalDay
2021-12-02,7928.0,-471.0,0.0,0,457.4,0.0,1,12.03,16.74,SPY220121P00463000,463.0,0,0.0,0.0,,0.0,normalDay
2021-12-03,7928.0,-730.0,0.0,0,453.42,0.0,1,12.03,19.33,SPY220121P00463000,463.0,0,0.0,0.0,,0.0,normalDay
2021-12-06,7928.0,-346.0,0.0,0,458.79,0.0,1,12.03,15.49,SPY220121P00463000,463.0,0,0.0,0.0,,0.0,normalDay
2021-12-07,7928.0,239.0,0.0,0,468.28,0.0,1,12.03,9.64,SPY220121P00463000,463.0,0,0.0,0.0,,0.0,normalDay
2021-12-08,7928.0,353.0,0.0,0,469.52,0.0,1,12.03,8.5,SPY220121P00463000,463.0,0,0.0,0.0,,0.0,normalDay
2021-12-09,7928.0,216.0,0.0,0,466.35,0.0,1,12.03,9.87,SPY220121P00463000,463.0,0,0.0,0.0,,0.0,normalDay
2021-12-10,7928.0,469.0,0.0,0,470.74,0.0,1,12.03,7.34,SPY220121P00463000,463.0,0,0.0,0.0,,0.0,normalDay
2021-12-13,7928.0,291.0,0.0,0,466.57,0.0,1,12.03,9.12,SPY220121P00463000,463.0,0,0.0,0.0,,0.0,normalDay
2021-12-14,7928.0,121.0,0.0,0,463.36,0.0,1,12.03,10.82,SPY220121P00463000,463.0,0,0.0,0.0,,0.0,normalDay
2021-12-15,7928.0,509.0,0.0,0,470.6,0.0,1,12.03,6.94,SPY220121P00463000,463.0,0,0.0,0.0,,0.0,normalDay
2021-12-16,7928.0,353.0,0.0,0,466.45,0.0,1,12.03,8.5,SPY220121P00463000,463.0,0,0.0,0.0,,0.0,normalDay
2021-12-17,7928.0,110.0,0.0,0,459.87,0.0,1,12.03,10.93,SPY220121P00463000,463.0,0,0.0,0.0,,0.0,normalDay
2021-12-20,7928.0,-152.0,0.0,0,454.98,0.0,1,12.03,13.55,SPY220121P00463000,463.0,0,0.0,0.0,,0.0,normalDay
2021-12-21,7928.0,292.0,0.0,0,463.06,0.0,1,12.03,9.11,SPY220121P00463000,463.0,0,0.0,0.0,,0.0,normalDay
2021-12-22,7928.0,573.0,0.0,0,467.69,0.0,1,12.03,6.3,SPY220121P00463000,463.0,0,0.0,0.0,,0.0,normalDay
2021-12-23,7928.0,716.0,0.0,0,470.6,0.0,1,12.03,4.87,SPY220121P00463000,463.0,0,0.0,0.0,,0.0,normalDay
2021-12-27,7928.0,914.0,0.0,0,477.26,0.0,1,12.03,2.89,SPY220121P00463000,463.0,0,0.0,0.0,,0.0,normalDay
2021-12-28,7928.0,936.0,0.0,0,476.87,0.0,1,12.03,2.67,SPY220121P00463000,463.0,0,0.0,0.0,,0.0,normalDay
2021-12-29,7928.0,974.0,0.0,0,477.48,0.0,1,12.03,2.29,SPY220121P00463000,463.0,0,0.0,0.0,,0.0,normalDay
2021-12-30,7928.0,944.0,0.0,0,476.16,0.0,1,12.03,2.59,SPY220121P00463000,463.0,0,0.0,0.0,,0.0,normalDay
2021-12-31,7928.0,950.0,0.0,0,474.96,0.0,1,12.03,2.53,SPY220121P00463000,463.0,0,0.0,0.0,,0.0,normalDay
2022-01-03,7928.0,1035.0,0.0,0,477.71,0.0,1,12.03,1.68,SPY220121P00463000,463.0,0,0.0,0.0,,0.0,normalDay
2022-01-04,7928.0,1034.0,0.0,0,477.55,0.0,1,12.03,1.69,SPY220121P00463000,463.0,0,0.0,0.0,,0.0,normalDay
2022-01-05,7928.0,773.0,0.0,0,468.38,0.0,1,12.03,4.3,SPY220121P00463000,463.0,0,0.0,0.0,,0.0,normalDay
2022-01-06,7928.0,792.0,0.0,0,467.94,0.0,1,12.03,4.11,SPY220121P00463000,463.0,0,0.0,0.0,,0.0,normalDay
2022-01-07,7928.0,816.0,0.0,0,466.09,0.0,1,12.03,3.87,SPY220121P00463000,463.0,0,0.0,0.0,,0.0,normalDay
2022-01-10,7928.0,795.0,0.0,0,465.51,0.0,1,12.03,4.08,SPY220121P00463000,463.0,0,0.0,0.0,,0.0,normalDay
2022-01-11,7928.0,955.0,0.0,0,469.75,0.0,1,12.03,2.48,SPY220121P00463000,463.0,0,0.0,0.0,,0.0,normalDay
2022-01-12,7928.0,1036.0,0.0,0,471.02,0.0,1,12.03,1.67,SPY220121P00463000,463.0,0,0.0,0.0,,0.0,normalDay
2022-01-13,7928.0,793.0,0.0,0,464.53,0.0,1,12.03,4.1,SPY220121P00463000,463.0,0,0.0,0.0,,0.0,normalDay
2022-01-14,7928.0,883.0,0.0,0,464.72,0.0,1,12.03,3.2,SPY220121P00463000,463.0,0,0.0,0.0,,0.0,normalDay
2022-01-18,7928.0,404.0,0.0,0,456.49,0.0,1,12.03,7.99,SPY220121P00463000,463.0,0,0.0,0.0,,0.0,normalDay
2022-01-19,7928.0,82.0,0.0,0,451.75,0.0,1,12.03,11.21,SPY220121P00463000,463.0,0,0.0,0.0,,0.0,normalDay
2022-01-20,7928.0,-486.0,0.0,0,446.75,0.0,1,12.03,16.89,SPY220121P00463000,463.0,0,0.0,0.0,,0.0,normalDay
2022-01-21,9131.0,-2502.0,1203.0,100,437.98,463.0,1,12.03,0.0,SPY220121P00463000,463.0,0,0.0,0.0,,0.0,expirationDay
2022-01-24,9131.0,-2326.0,0.0,100,439.84,463.0,0,0.0,0.0,,0.0,1,4.35,4.45,SPY220414C00470000,470.0,normalDay
2022-01-25,9131.0,-2737.0,0.0,100,434.47,463.0,0,0.0,0.0,,0.0,1,4.35,3.19,SPY220414C00470000,470.0,normalDay
2022-01-26,9131.0,-2840.0,0.0,100,433.38,463.0,0,0.0,0.0,,0.0,1,4.35,3.13,SPY220414C00470000,470.0,normalDay
2022-01-27,9131.0,-3019.0,0.0,100,431.24,463.0,0,0.0,0.0,,0.0,1,4.35,2.78,SPY220414C00470000,470.0,normalDay
2022-01-28,9131.0,-2098.0,0.0,100,441.95,463.0,0,0.0,0.0,,0.0,1,4.35,4.28,SPY220414C00470000,470.0,normalDay
2022-01-31,9131.0,-1434.0,0.0,100,449.91,463.0,0,0.0,0.0,,0.0,1,4.35,5.6,SPY220414C00470000,470.0,normalDay
2022-02-01,9131.0,-1164.0,0.0,100,452.95,463.0,0,0.0,0.0,,0.0,1,4.35,5.94,SPY220414C00470000,470.0,normalDay
2022-02-02,9131.0,-800.0,0.0,100,457.35,463.0,0,0.0,0.0,,0.0,1,4.35,6.7,SPY220414C00470000,470.0,normalDay
2022-02-03,9131.0,-1757.0,0.0,100,446.6,463.0,0,0.0,0.0,,0.0,1,4.35,5.52,SPY220414C00470000,470.0,normalDay
2022-02-04,9131.0,-1467.0,0.0,100,448.7,463.0,0,0.0,0.0,,0.0,1,4.35,4.72,SPY220414C00470000,470.0,normalDay
2022-02-07,9131.0,-1567.0,0.0,100,447.26,463.0,0,0.0,0.0,,0.0,1,4.35,4.28,SPY220414C00470000,470.0,normalDay
2022-02-08,9131.0,-1248.0,0.0,100,450.94,463.0,0,0.0,0.0,,0.0,1,4.35,4.77,SPY220414C00470000,470.0,normalDay
2022-02-09,9131.0,-756.0,0.0,100,457.54,463.0,0,0.0,0.0,,0.0,1,4.35,6.45,SPY220414C00470000,470.0,normalDay
2022-02-10,9131.0,-1388.0,0.0,100,449.32,463.0,0,0.0,0.0,,0.0,1,4.35,4.55,SPY220414C00470000,470.0,normalDay
2022-02-11,9131.0,-2127.0,0.0,100,440.46,463.0,0,0.0,0.0,,0.0,1,4.35,3.08,SPY220414C00470000,470.0,normalDay
2022-02-14,9131.0,-2225.0,0.0,100,439.02,463.0,0,0.0,0.0,,0.0,1,4.35,2.62,SPY220414C00470000,470.0,normalDay
2022-02-15,9131.0,-1574.0,0.0,100,446.1,463.0,0,0.0,0.0,,0.0,1,4.35,3.19,SPY220414C00470000,470.0,normalDay
2022-02-16,9131.0,-1502.0,0.0,100,446.6,463.0,0,0.0,0.0,,0.0,1,4.35,2.97,SPY220414C00470000,470.0,normalDay
2022-02-17,9131.0,-2341.0,0.0,100,437.06,463.0,0,0.0,0.0,,0.0,1,4.35,1.82,SPY220414C00470000,470.0,normalDay
2022-02-18,9131.0,-2594.0,0.0,100,434.23,463.0,0,0.0,0.0,,0.0,1,4.35,1.52,SPY220414C00470000,470.0,normalDay
2022-02-22,9131.0,-3020.0,0.0,100,429.57,463.0,0,0.0,0.0,,0.0,1,4.35,1.12,SPY220414C00470000,470.0,normalDay
2022-02-23,9131.0,-3738.0,0.0,100,421.95,463.0,0,0.0,0.0,,0.0,1,4.35,0.68,SPY220414C00470000,470.0,normalDay
2022-02-24,9131.0,-3123.0,0.0,100,428.3,463.0,0,0.0,0.0,,0.0,1,4.35,0.88,SPY220414C00470000,470.0,normalDay
2022-02-25,9131.0,-2247.0,0.0,100,437.75,463.0,0,0.0,0.0,,0.0,1,4.35,1.57,SPY220414C00470000,470.0,normalDay
2022-02-28,9131.0,-2363.0,0.0,100,436.63,463.0,0,0.0,0.0,,0.0,1,4.35,1.61,SPY220414C00470000,470.0,normalDay
2022-03-01,9131.0,-2997.0,0.0,100,429.98,463.0,0,0.0,0.0,,0.0,1,4.35,1.3,SPY220414C00470000,470.0,normalDay
2022-03-02,9131.0,-2242.0,0.0,100,437.89,463.0,0,0.0,0.0,,0.0,1,4.35,1.66,SPY220414C00470000,470.0,normalDay
2022-03-03,9131.0,-2422.0,0.0,100,435.71,463.0,0,0.0,0.0,,0.0,1,4.35,1.28,SPY220414C00470000,470.0,normalDay
2022-03-04,9131.0,-2738.0,0.0,100,432.17,463.0,0,0.0,0.0,,0.0,1,4.35,0.9,SPY220414C00470000,470.0,normalDay
2022-03-07,9131.0,-3962.0,0.0,100,419.43,463.0,0,0.0,0.0,,0.0,1,4.35,0.4,SPY220414C00470000,470.0,normalDay
2022-03-08,9131.0,-4273.0,0.0,100,416.25,463.0,0,0.0,0.0,,0.0,1,4.35,0.33,SPY220414C00470000,470.0,normalDay
2022-03-09,9131.0,-3184.0,0.0,100,427.41,463.0,0,0.0,0.0,,0.0,1,4.35,0.6,SPY220414C00470000,470.0,normalDay
2022-03-10,9131.0,-3357.0,0.0,100,425.48,463.0,0,0.0,0.0,,0.0,1,4.35,0.4,SPY220414C00470000,470.0,normalDay
2022-03-11,9131.0,-3888.0,0.0,100,420.07,463.0,0,0.0,0.0,,0.0,1,4.35,0.3,SPY220414C00470000,470.0,normalDay
2022-03-14,9131.0,-4187.0,0.0,100,417.0,463.0,0,0.0,0.0,,0.0,1,4.35,0.22,SPY220414C00470000,470.0,normalDay
2022-03-15,9131.0,-3282.0,0.0,100,426.17,463.0,0,0.0,0.0,,0.0,1,4.35,0.34,SPY220414C00470000,470.0,normalDay
2022-03-16,9131.0,-2356.0,0.0,100,435.62,463.0,0,0.0,0.0,,0.0,1,4.35,0.53,SPY220414C00470000,470.0,normalDay
2022-03-17,9131.0,-1826.0,0.0,100,441.07,463.0,0,0.0,0.0,,0.0,1,4.35,0.68,SPY220414C00470000,470.0,normalDay
2022-03-18,9131.0,-1503.0,0.0,100,444.52,463.0,0,0.0,0.0,,0.0,1,4.35,0.9,SPY220414C00470000,470.0,normalDay
2022-03-21,9131.0,-1492.0,0.0,100,444.39,463.0,0,0.0,0.0,,0.0,1,4.35,0.66,SPY220414C00470000,470.0,normalDay
2022-03-22,9131.0,-1006.0,0.0,100,449.59,463.0,0,0.0,0.0,,0.0,1,4.35,1.0,SPY220414C00470000,470.0,normalDay
2022-03-23,9131.0,-1530.0,0.0,100,443.8,463.0,0,0.0,0.0,,0.0,1,4.35,0.45,SPY220414C00470000,470.0,normalDay
2022-03-24,9131.0,-895.0,0.0,100,450.49,463.0,0,0.0,0.0,,0.0,1,4.35,0.79,SPY220414C00470000,470.0,normalDay
2022-03-25,9131.0,-675.0,0.0,100,452.69,463.0,0,0.0,0.0,,0.0,1,4.35,0.79,SPY220414C00470000,470.0,normalDay
2022-03-28,9131.0,-362.0,0.0,100,455.91,463.0,0,0.0,0.0,,0.0,1,4.35,0.88,SPY220414C00470000,470.0,normalDay
2022-03-29,9131.0,95.0,0.0,100,461.55,463.0,0,0.0,0.0,,0.0,1,4.35,1.95,SPY220414C00470000,470.0,normalDay
2022-03-30,9131.0,-133.0,0.0,100,458.7,463.0,0,0.0,0.0,,0.0,1,4.35,1.38,SPY220414C00470000,470.0,normalDay
2022-03-31,9131.0,-748.0,0.0,100,451.64,463.0,0,0.0,0.0,,0.0,1,4.35,0.47,SPY220414C00470000,470.0,normalDay
2022-04-01,9131.0,-597.0,0.0,100,452.92,463.0,0,0.0,0.0,,0.0,1,4.35,0.24,SPY220414C00470000,470.0,normalDay
2022-04-04,9131.0,-215.0,0.0,100,456.8,463.0,0,0.0,0.0,,0.0,1,4.35,0.3,SPY220414C00470000,470.0,normalDay
2022-04-05,9131.0,-774.0,0.0,100,451.03,463.0,0,0.0,0.0,,0.0,1,4.35,0.12,SPY220414C00470000,470.0,normalDay
2022-04-06,9131.0,-1217.0,0.0,100,446.52,463.0,0,0.0,0.0,,0.0,1,4.35,0.04,SPY220414C00470000,470.0,normalDay
2022-04-07,9131.0,-992.0,0.0,100,448.77,463.0,0,0.0,0.0,,0.0,1,4.35,0.04,SPY220414C00470000,470.0,normalDay
2022-04-08,9131.0,-1110.0,0.0,100,447.57,463.0,0,0.0,0.0,,0.0,1,4.35,0.02,SPY220414C00470000,470.0,normalDay
2022-04-11,9131.0,-1874.0,0.0,100,439.92,463.0,0,0.0,0.0,,0.0,1,4.35,0.01,SPY220414C00470000,470.0,normalDay
2022-04-12,9131.0,-2037.0,0.0,100,438.29,463.0,0,0.0,0.0,,0.0,1,4.35,0.01,SPY220414C00470000,470.0,normalDay
2022-04-13,9131.0,-1535.0,0.0,100,443.31,463.0,0,0.0,0.0,,0.0,1,4.35,0.01,SPY220414C00470000,470.0,normalDay
2022-04-14,9566.0,-2521.0,435.0,100,437.79,463.0,0,0.0,0.0,,0.0,1,4.35,0.0,SPY220414C00470000,470.0,expirationDay
2022-04-18,9566.0,-2509.0,0.0,100,437.97,463.0,0,0.0,0.0,,0.0,1,8.71,8.77,SPY220630C00451000,451.0,normalDay
2022-04-19,9566.0,-1968.0,0.0,100,445.04,463.0,0,0.0,0.0,,0.0,1,8.71,10.43,SPY220630C00451000,451.0,normalDay
2022-04-20,9566.0,-2086.0,0.0,100,444.71,463.0,0,0.0,0.0,,0.0,1,8.71,11.28,SPY220630C00451000,451.0,normalDay
2022-04-21,9566.0,-2433.0,0.0,100,438.06,463.0,0,0.0,0.0,,0.0,1,8.71,8.1,SPY220630C00451000,451.0,normalDay
2022-04-22,9566.0,-3303.0,0.0,100,426.04,463.0,0,0.0,0.0,,0.0,1,8.71,4.78,SPY220630C00451000,451.0,normalDay
2022-04-25,9566.0,-3107.0,0.0,100,428.51,463.0,0,0.0,0.0,,0.0,1,8.71,5.29,SPY220630C00451000,451.0,normalDay
2022-04-26,9566.0,-4108.0,0.0,100,416.1,463.0,0,0.0,0.0,,0.0,1,8.71,2.89,SPY220630C00451000,451.0,normalDay
2022-04-27,9566.0,-4022.0,0.0,100,417.27,463.0,0,0.0,0.0,,0.0,1,8.71,3.2,SPY220630C00451000,451.0,normalDay
2022-04-28,9566.0,-3134.0,0.0,100,427.81,463.0,0,0.0,0.0,,0.0,1,8.71,4.86,SPY220630C00451000,451.0,normalDay
2022-04-29,9566.0,-4476.0,0.0,100,412.0,463.0,0,0.0,0.0,,0.0,1,8.71,2.47,SPY220630C00451000,451.0,normalDay
2022-05-02,9566.0,-4253.0,0.0,100,414.48,463.0,0,0.0,0.0,,0.0,1,8.71,2.72,SPY220630C00451000,451.0,normalDay
2022-05-03,9566.0,-4045.0,0.0,100,416.38,463.0,0,0.0,0.0,,0.0,1,8.71,2.54,SPY220630C00451000,451.0,normalDay
2022-05-04,9566.0,-2976.0,0.0,100,429.06,463.0,0,0.0,0.0,,0.0,1,8.71,4.53,SPY220630C00451000,451.0,normalDay
2022-05-05,9566.0,-4285.0,0.0,100,413.81,463.0,0,0.0,0.0,,0.0,1,8.71,2.37,SPY220630C00451000,451.0,normalDay
2022-05-06,9566.0,-4476.0,0.0,100,411.34,463.0,0,0.0,0.0,,0.0,1,8.71,1.81,SPY220630C00451000,451.0,normalDay
2022-05-09,9566.0,-5725.0,0.0,100,398.17,463.0,0,0.0,0.0,,0.0,1,8.71,1.13,SPY220630C00451000,451.0,normalDay
2022-05-10,9566.0,-5607.0,0.0,100,399.09,463.0,0,0.0,0.0,,0.0,1,8.71,0.87,SPY220630C00451000,451.0,normalDay
2022-05-11,9566.0,-6219.0,0.0,100,392.75,463.0,0,0.0,0.0,,0.0,1,8.71,0.65,SPY220630C00451000,451.0,normalDay
2022-05-12,9566.0,-6249.0,0.0,100,392.34,463.0,0,0.0,0.0,,0.0,1,8.71,0.54,SPY220630C00451000,451.0,normalDay
2022-05-13,9566.0,-5314.0,0.0,100,401.72,463.0,0,0.0,0.0,,0.0,1,8.71,0.57,SPY220630C00451000,451.0,normalDay
2022-05-16,9566.0,-5457.0,0.0,100,400.09,463.0,0,0.0,0.0,,0.0,1,8.71,0.37,SPY220630C00451000,451.0,normalDay
2022-05-17,9566.0,-4661.0,0.0,100,408.32,463.0,0,0.0,0.0,,0.0,1,8.71,0.64,SPY220630C00451000,451.0,normalDay
2022-05-18,9566.0,-6266.0,0.0,100,391.86,463.0,0,0.0,0.0,,0.0,1,8.71,0.23,SPY220630C00451000,451.0,normalDay
2022-05-19,9566.0,-6502.0,0.0,100,389.46,463.0,0,0.0,0.0,,0.0,1,8.71,0.19,SPY220630C00451000,451.0,normalDay
2022-05-20,9566.0,-6485.0,0.0,100,389.63,463.0,0,0.0,0.0,,0.0,1,8.71,0.19,SPY220630C00451000,451.0,normalDay
2022-05-23,9566.0,-5765.0,0.0,100,396.92,463.0,0,0.0,0.0,,0.0,1,8.71,0.28,SPY220630C00451000,451.0,normalDay
2022-05-24,9566.0,-6066.0,0.0,100,393.89,463.0,0,0.0,0.0,,0.0,1,8.71,0.26,SPY220630C00451000,451.0,normalDay
2022-05-25,9566.0,-5719.0,0.0,100,397.37,463.0,0,0.0,0.0,,0.0,1,8.71,0.27,SPY220630C00451000,451.0,normalDay
2022-05-26,9566.0,-4941.0,0.0,100,405.31,463.0,0,0.0,0.0,,0.0,1,8.71,0.43,SPY220630C00451000,451.0,normalDay
2022-05-27,9566.0,-3986.0,0.0,100,415.26,463.0,0,0.0,0.0,,0.0,1,8.71,0.83,SPY220630C00451000,451.0,normalDay
2022-05-31,9566.0,-4179.0,0.0,100,412.93,463.0,0,0.0,0.0,,0.0,1,8.71,0.43,SPY220630C00451000,451.0,normalDay
2022-06-01,9566.0,-4495.0,0.0,100,409.59,463.0,0,0.0,0.0,,0.0,1,8.71,0.25,SPY220630C00451000,451.0,normalDay
2022-06-02,9566.0,-3734.0,0.0,100,417.39,463.0,0,0.0,0.0,,0.0,1,8.71,0.44,SPY220630C00451000,451.0,normalDay
2022-06-03,9566.0,-4395.0,0.0,100,410.54,463.0,0,0.0,0.0,,0.0,1,8.71,0.2,SPY220630C00451000,451.0,normalDay
2022-06-06,9566.0,-4269.0,0.0,100,411.79,463.0,0,0.0,0.0,,0.0,1,8.71,0.19,SPY220630C00451000,451.0,normalDay
2022-06-07,9566.0,-3876.0,0.0,100,415.74,463.0,0,0.0,0.0,,0.0,1,8.71,0.21,SPY220630C00451000,451.0,normalDay
2022-06-08,9566.0,-4319.0,0.0,100,411.22,463.0,0,0.0,0.0,,0.0,1,8.71,0.12,SPY220630C00451000,451.0,normalDay
2022-06-09,9566.0,-5292.0,0.0,100,401.44,463.0,0,0.0,0.0,,0.0,1,8.71,0.07,SPY220630C00451000,451.0,normalDay
2022-06-10,9566.0,-6453.0,0.0,100,389.8,463.0,0,0.0,0.0,,0.0,1,8.71,0.04,SPY220630C00451000,451.0,normalDay
2022-06-13,9566.0,-7932.0,0.0,100,375.0,463.0,0,0.0,0.0,,0.0,1,8.71,0.03,SPY220630C00451000,451.0,normalDay
2022-06-14,9566.0,-8046.0,0.0,100,373.87,463.0,0,0.0,0.0,,0.0,1,8.71,0.04,SPY220630C00451000,451.0,normalDay
2022-06-15,9566.0,-7512.0,0.0,100,379.2,463.0,0,0.0,0.0,,0.0,1,8.71,0.03,SPY220630C00451000,451.0,normalDay
2022-06-16,9566.0,-8766.0,0.0,100,366.65,463.0,0,0.0,0.0,,0.0,1,8.71,0.02,SPY220630C00451000,451.0,normalDay
2022-06-17,9566.0,-8845.0,0.0,100,365.86,463.0,0,0.0,0.0,,0.0,1,8.71,0.02,SPY220630C00451000,451.0,normalDay
2022-06-21,9566.0,-7924.0,0.0,100,375.07,463.0,0,0.0,0.0,,0.0,1,8.71,0.02,SPY220630C00451000,451.0,normalDay
2022-06-22,9566.0,-7992.0,0.0,100,374.39,463.0,0,0.0,0.0,,0.0,1,8.71,0.02,SPY220630C00451000,451.0,normalDay
2022-06-23,9566.0,-7624.0,0.0,100,378.06,463.0,0,0.0,0.0,,0.0,1,8.71,0.01,SPY220630C00451000,451.0,normalDay
2022-06-24,9566.0,-6422.0,0.0,100,390.08,463.0,0,0.0,0.0,,0.0,1,8.71,0.01,SPY220630C00451000,451.0,normalDay
2022-06-27,9566.0,-6571.0,0.0,100,388.59,463.0,0,0.0,0.0,,0.0,1,8.71,0.01,SPY220630C00451000,451.0,normalDay
2022-06-28,9566.0,-7365.0,0.0,100,380.65,463.0,0,0.0,0.0,,0.0,1,8.71,0.01,SPY220630C00451000,451.0,normalDay
2022-06-29,9566.0,-7396.0,0.0,100,380.34,463.0,0,0.0,0.0,,0.0,1,8.71,0.01,SPY220630C00451000,451.0,normalDay
2022-06-30,10437.0,-8575.0,871.0,100,377.25,463.0,0,0.0,0.0,,0.0,1,8.71,0.0,SPY220630C00451000,451.0,expirationDay
2022-07-01,10437.0,-8183.0,0.0,100,381.24,463.0,0,0.0,0.0,,0.0,1,11.31,11.38,SPY220916C00393000,393.0,normalDay
2022-07-05,10437.0,-8103.0,0.0,100,381.96,463.0,0,0.0,0.0,,0.0,1,11.31,11.3,SPY220916C00393000,393.0,normalDay
2022-07-06,10437.0,-8050.0,0.0,100,383.25,463.0,0,0.0,0.0,,0.0,1,11.31,12.06,SPY220916C00393000,393.0,normalDay
2022-07-07,10437.0,-7707.0,0.0,100,388.99,463.0,0,0.0,0.0,,0.0,1,11.31,14.37,SPY220916C00393000,393.0,normalDay
2022-07-08,10437.0,-7701.0,0.0,100,388.67,463.0,0,0.0,0.0,,0.0,1,11.31,13.99,SPY220916C00393000,393.0,normalDay
2022-07-11,10437.0,-7923.0,0.0,100,384.23,463.0,0,0.0,0.0,,0.0,1,11.31,11.77,SPY220916C00393000,393.0,normalDay
2022-07-12,10437.0,-8065.0,0.0,100,380.83,463.0,0,0.0,0.0,,0.0,1,11.31,9.79,SPY220916C00393000,393.0,normalDay
2022-07-13,10437.0,-8153.0,0.0,100,378.83,463.0,0,0.0,0.0,,0.0,1,11.31,8.67,SPY220916C00393000,393.0,normalDay
2022-07-14,10437.0,-8209.0,0.0,100,377.91,463.0,0,0.0,0.0,,0.0,1,11.31,8.31,SPY220916C00393000,393.0,normalDay
2022-07-15,10437.0,-7717.0,0.0,100,385.13,463.0,0,0.0,0.0,,0.0,1,11.31,10.61,SPY220916C00393000,393.0,normalDay
2022-07-18,10437.0,-7902.0,0.0,100,381.95,463.0,0,0.0,0.0,,0.0,1,11.31,9.28,SPY220916C00393000,393.0,normalDay
2022-07-19,10437.0,-7417.0,0.0,100,392.27,463.0,0,0.0,0.0,,0.0,1,11.31,14.75,SPY220916C00393000,393.0,normalDay
2022-07-20,10437.0,-7278.0,0.0,100,394.77,463.0,0,0.0,0.0,,0.0,1,11.31,15.86,SPY220916C00393000,393.0,normalDay
2022-07-21,10437.0,-7032.0,0.0,100,398.79,463.0,0,0.0,0.0,,0.0,1,11.31,17.42,SPY220916C00393000,393.0,normalDay
2022-07-22,10437.0,-7136.0,0.0,100,395.09,463.0,0,0.0,0.0,,0.0,1,11.31,14.76,SPY220916C00393000,393.0,normalDay
2022-07-25,10437.0,-7131.0,0.0,100,395.57,463.0,0,0.0,0.0,,0.0,1,11.31,15.19,SPY220916C00393000,393.0,normalDay
2022-07-26,10437.0,-7380.0,0.0,100,390.89,463.0,0,0.0,0.0,,0.0,1,11.31,13.0,SPY220916C00393000,393.0,normalDay
2022-07-27,10437.0,-6836.0,0.0,100,401.04,463.0,0,0.0,0.0,,0.0,1,11.31,17.71,SPY220916C00393000,393.0,normalDay
2022-07-28,10437.0,-6764.0,0.0,100,406.07,463.0,0,0.0,0.0,,0.0,1,11.31,22.02,SPY220916C00393000,393.0,normalDay
2022-07-29,10437.0,-6517.0,0.0,100,411.99,463.0,0,0.0,0.0,,0.0,1,11.31,25.47,SPY220916C00393000,393.0,normalDay
2022-08-01,10437.0,-6576.0,0.0,100,410.77,463.0,0,0.0,0.0,,0.0,1,11.31,24.84,SPY220916C00393000,393.0,normalDay
2022-08-02,10437.0,-6650.0,0.0,100,408.06,463.0,0,0.0,0.0,,0.0,1,11.31,22.87,SPY220916C00393000,393.0,normalDay
2022-08-03,10437.0,-6416.0,0.0,100,414.45,463.0,0,0.0,0.0,,0.0,1,11.31,26.92,SPY220916C00393000,393.0,normalDay
2022-08-04,10437.0,-6437.0,0.0,100,414.17,463.0,0,0.0,0.0,,0.0,1,11.31,26.85,SPY220916C00393000,393.0,normalDay
2022-08-05,10437.0,-6383.0,0.0,100,413.47,463.0,0,0.0,0.0,,0.0,1,11.31,25.61,SPY220916C00393000,393.0,normalDay
2022-08-08,10437.0,-6415.0,0.0,100,412.99,463.0,0,0.0,0.0,,0.0,1,11.31,25.45,SPY220916C00393000,393.0,normalDay
2022-08-09,10437.0,-6457.0,0.0,100,411.35,463.0,0,0.0,0.0,,0.0,1,11.31,24.23,SPY220916C00393000,393.0,normalDay
2022-08-10,10437.0,-6206.0,0.0,100,419.99,463.0,0,0.0,0.0,,0.0,1,11.31,30.36,SPY220916C00393000,393.0,normalDay
2022-08-11,10437.0,-6262.0,0.0,100,419.99,463.0,0,0.0,0.0,,0.0,1,11.31,30.92,SPY220916C00393000,393.0,normalDay
2022-08-12,10437.0,-6097.0,0.0,100,427.1,463.0,0,0.0,0.0,,0.0,1,11.31,36.38,SPY220916C00393000,393.0,normalDay
2022-08-15,10437.0,-6074.0,0.0,100,428.86,463.0,0,0.0,0.0,,0.0,1,11.31,37.91,SPY220916C00393000,393.0,normalDay
2022-08-16,10437.0,-6043.0,0.0,100,429.7,463.0,0,0.0,0.0,,0.0,1,11.31,38.44,SPY220916C00393000,393.0,normalDay
2022-08-17,10437.0,-6103.0,0.0,100,426.65,463.0,0,0.0,0.0,,0.0,1,11.31,35.99,SPY220916C00393000,393.0,normalDay
2022-08-18,10437.0,-6034.0,0.0,100,427.89,463.0,0,0.0,0.0,,0.0,1,11.31,36.54,SPY220916C00393000,393.0,normalDay
2022-08-19,10437.0,-6097.0,0.0,100,422.14,463.0,0,0.0,0.0,,0.0,1,11.31,31.42,SPY220916C00393000,393.0,normalDay
2022-08-22,10437.0,-6254.0,0.0,100,413.35,463.0,0,0.0,0.0,,0.0,1,11.31,24.2,SPY220916C00393000,393.0,normalDay
2022-08-23,10437.0,-6212.0,0.0,100,412.35,463.0,0,0.0,0.0,,0.0,1,11.31,22.78,SPY220916C00393000,393.0,normalDay
2022-08-24,10437.0,-6173.0,0.0,100,413.67,463.0,0,0.0,0.0,,0.0,1,11.31,23.71,SPY220916C00393000,393.0,normalDay
2022-08-25,10437.0,-6025.0,0.0,100,419.51,463.0,0,0.0,0.0,,0.0,1,11.31,28.07,SPY220916C00393000,393.0,normalDay
2022-08-26,10437.0,-6334.0,0.0,100,405.31,463.0,0,0.0,0.0,,0.0,1,11.31,16.96,SPY220916C00393000,393.0,normalDay
2022-08-29,10437.0,-6379.0,0.0,100,402.63,463.0,0,0.0,0.0,,0.0,1,11.31,14.73,SPY220916C00393000,393.0,normalDay
2022-08-30,10437.0,-6491.0,0.0,100,398.21,463.0,0,0.0,0.0,,0.0,1,11.31,11.43,SPY220916C00393000,393.0,normalDay
2022-08-31,10437.0,-6576.0,0.0,100,395.18,463.0,0,0.0,0.0,,0.0,1,11.31,9.25,SPY220916C00393000,393.0,normalDay
2022-09-01,10437.0,-6459.0,0.0,100,396.42,463.0,0,0.0,0.0,,0.0,1,11.31,9.32,SPY220916C00393000,393.0,normalDay
2022-09-02,10437.0,-6634.0,0.0,100,392.24,463.0,0,0.0,0.0,,0.0,1,11.31,6.89,SPY220916C00393000,393.0,normalDay
2022-09-06,10437.0,-6609.0,0.0,100,390.76,463.0,0,0.0,0.0,,0.0,1,11.31,5.16,SPY220916C00393000,393.0,normalDay
2022-09-07,10437.0,-6233.0,0.0,100,397.78,463.0,0,0.0,0.0,,0.0,1,11.31,8.42,SPY220916C00393000,393.0,normalDay
2022-09-08,10437.0,-6144.0,0.0,100,400.38,463.0,0,0.0,0.0,,0.0,1,11.31,10.13,SPY220916C00393000,393.0,normalDay
2022-09-09,10437.0,-5929.0,0.0,100,406.6,463.0,0,0.0,0.0,,0.0,1,11.31,14.2,SPY220916C00393000,393.0,normalDay
2022-09-12,10437.0,-5930.0,0.0,100,410.97,463.0,0,0.0,0.0,,0.0,1,11.31,18.58,SPY220916C00393000,393.0,normalDay
2022-09-13,10437.0,-6285.0,0.0,100,393.1,463.0,0,0.0,0.0,,0.0,1,11.31,4.26,SPY220916C00393000,393.0,normalDay
2022-09-14,10437.0,-6077.0,0.0,100,394.6,463.0,0,0.0,0.0,,0.0,1,11.31,3.68,SPY220916C00393000,393.0,normalDay
2022-09-15,10437.0,-6254.0,0.0,100,390.12,463.0,0,0.0,0.0,,0.0,1,11.31,0.97,SPY220916C00393000,393.0,normalDay
2022-09-16,11568.0,-7744.0,1131.0,100,385.56,463.0,0,0.0,0.0,,0.0,1,11.31,0.0,SPY220916C00393000,393.0,expirationDay
2022-09-19,11568.0,-7451.0,0.0,100,388.55,463.0,0,0.0,0.0,,0.0,1,8.61,8.67,SPY221118C00404000,404.0,normalDay
2022-09-20,11568.0,-7764.0,0.0,100,384.09,463.0,0,0.0,0.0,,0.0,1,8.61,7.34,SPY221118C00404000,404.0,normalDay
2022-09-21,11568.0,-8216.0,0.0,100,377.39,463.0,0,0.0,0.0,,0.0,1,8.61,5.16,SPY221118C00404000,404.0,normalDay
2022-09-22,11568.0,-8433.0,0.0,100,374.22,463.0,0,0.0,0.0,,0.0,1,8.61,4.16,SPY221118C00404000,404.0,normalDay
2022-09-23,11568.0,-8934.0,0.0,100,367.95,463.0,0,0.0,0.0,,0.0,1,8.61,2.9,SPY221118C00404000,404.0,normalDay
2022-09-26,11568.0,-9248.0,0.0,100,364.31,463.0,0,0.0,0.0,,0.0,1,8.61,2.4,SPY221118C00404000,404.0,normalDay
2022-09-27,11568.0,-9318.0,0.0,100,363.38,463.0,0,0.0,0.0,,0.0,1,8.61,2.17,SPY221118C00404000,404.0,normalDay
2022-09-28,11568.0,-8690.0,0.0,100,370.53,463.0,0,0.0,0.0,,0.0,1,8.61,3.04,SPY221118C00404000,404.0,normalDay
2022-09-29,11568.0,-9339.0,0.0,100,362.79,463.0,0,0.0,0.0,,0.0,1,8.61,1.79,SPY221118C00404000,404.0,normalDay
2022-09-30,11568.0,-9834.0,0.0,100,357.18,463.0,0,0.0,0.0,,0.0,1,8.61,1.13,SPY221118C00404000,404.0,normalDay
2022-10-03,11568.0,-8972.0,0.0,100,366.61,463.0,0,0.0,0.0,,0.0,1,8.61,1.94,SPY221118C00404000,404.0,normalDay
2022-10-04,11568.0,-8026.0,0.0,100,377.97,463.0,0,0.0,0.0,,0.0,1,8.61,3.84,SPY221118C00404000,404.0,normalDay
2022-10-05,11568.0,-8087.0,0.0,100,377.09,463.0,0,0.0,0.0,,0.0,1,8.61,3.57,SPY221118C00404000,404.0,normalDay
2022-10-06,11568.0,-8408.0,0.0,100,373.2,463.0,0,0.0,0.0,,0.0,1,8.61,2.89,SPY221118C00404000,404.0,normalDay
2022-10-07,11568.0,-9291.0,0.0,100,362.79,463.0,0,0.0,0.0,,0.0,1,8.61,1.31,SPY221118C00404000,404.0,normalDay
2022-10-10,11568.0,-9557.0,0.0,100,360.02,463.0,0,0.0,0.0,,0.0,1,8.61,1.2,SPY221118C00404000,404.0,normalDay
2022-10-11,11568.0,-9774.0,0.0,100,357.74,463.0,0,0.0,0.0,,0.0,1,8.61,1.09,SPY221118C00404000,404.0,normalDay
2022-10-12,11568.0,-9880.0,0.0,100,356.56,463.0,0,0.0,0.0,,0.0,1,8.61,0.97,SPY221118C00404000,404.0,normalDay
2022-10-13,11568.0,-9027.0,0.0,100,365.97,463.0,0,0.0,0.0,,0.0,1,8.61,1.85,SPY221118C00404000,404.0,normalDay
2022-10-14,11568.0,-9763.0,0.0,100,357.63,463.0,0,0.0,0.0,,0.0,1,8.61,0.87,SPY221118C00404000,404.0,normalDay
2022-10-17,11568.0,-8918.0,0.0,100,366.82,463.0,0,0.0,0.0,,0.0,1,8.61,1.61,SPY221118C00404000,404.0,normalDay
2022-10-18,11568.0,-8537.0,0.0,100,371.13,463.0,0,0.0,0.0,,0.0,1,8.61,2.11,SPY221118C00404000,404.0,normalDay
2022-10-19,11568.0,-8741.0,0.0,100,368.5,463.0,0,0.0,0.0,,0.0,1,8.61,1.52,SPY221118C00404000,404.0,normalDay
2022-10-20,11568.0,-9003.0,0.0,100,365.41,463.0,0,0.0,0.0,,0.0,1,8.61,1.05,SPY221118C00404000,404.0,normalDay
2022-10-21,11568.0,-8230.0,0.0,100,374.29,463.0,0,0.0,0.0,,0.0,1,8.61,2.2,SPY221118C00404000,404.0,normalDay
2022-10-24,11568.0,-7846.0,0.0,100,378.87,463.0,0,0.0,0.0,,0.0,1,8.61,2.94,SPY221118C00404000,404.0,normalDay
2022-10-25,11568.0,-7295.0,0.0,100,384.92,463.0,0,0.0,0.0,,0.0,1,8.61,3.48,SPY221118C00404000,404.0,normalDay
2022-10-26,11568.0,-7529.0,0.0,100,382.02,463.0,0,0.0,0.0,,0.0,1,8.61,2.92,SPY221118C00404000,404.0,normalDay
2022-10-27,11568.0,-7598.0,0.0,100,379.98,463.0,0,0.0,0.0,,0.0,1,8.61,1.57,SPY221118C00404000,404.0,normalDay
2022-10-28,11568.0,-6939.0,0.0,100,389.02,463.0,0,0.0,0.0,,0.0,1,8.61,4.02,SPY221118C00404000,404.0,normalDay
2022-10-31,11568.0,-7095.0,0.0,100,386.21,463.0,0,0.0,0.0,,0.0,1,8.61,2.77,SPY221118C00404000,404.0,normalDay
2022-11-01,11568.0,-7205.0,0.0,100,384.52,463.0,0,0.0,0.0,,0.0,1,8.61,2.18,SPY221118C00404000,404.0,normalDay
2022-11-02,11568.0,-8020.0,0.0,100,374.87,463.0,0,0.0,0.0,,0.0,1,8.61,0.68,SPY221118C00404000,404.0,normalDay
2022-11-03,11568.0,-8375.0,0.0,100,371.01,463.0,0,0.0,0.0,,0.0,1,8.61,0.37,SPY221118C00404000,404.0,normalDay
2022-11-04,11568.0,-7854.0,0.0,100,376.35,463.0,0,0.0,0.0,,0.0,1,8.61,0.5,SPY221118C00404000,404.0,normalDay
2022-11-07,11568.0,-7497.0,0.0,100,379.95,463.0,0,0.0,0.0,,0.0,1,8.61,0.53,SPY221118C00404000,404.0,normalDay
2022-11-08,11568.0,-7307.0,0.0,100,382.0,463.0,0,0.0,0.0,,0.0,1,8.61,0.68,SPY221118C00404000,404.0,normalDay
2022-11-09,11568.0,-8046.0,0.0,100,374.13,463.0,0,0.0,0.0,,0.0,1,8.61,0.2,SPY221118C00404000,404.0,normalDay
2022-11-10,11568.0,-6199.0,0.0,100,394.69,463.0,0,0.0,0.0,,0.0,1,8.61,2.29,SPY221118C00404000,404.0,normalDay
2022-11-11,11568.0,-5815.0,0.0,100,398.51,463.0,0,0.0,0.0,,0.0,1,8.61,2.27,SPY221118C00404000,404.0,normalDay
2022-11-14,11568.0,-6033.0,0.0,100,395.12,463.0,0,0.0,0.0,,0.0,1,8.61,1.06,SPY221118C00404000,404.0,normalDay
2022-11-15,11568.0,-5748.0,0.0,100,398.49,463.0,0,0.0,0.0,,0.0,1,8.61,1.58,SPY221118C00404000,404.0,normalDay
2022-11-16,11568.0,-5934.0,0.0,100,395.45,463.0,0,0.0,0.0,,0.0,1,8.61,0.4,SPY221118C00404000,404.0,normalDay
2022-11-17,11568.0,-6023.0,0.0,100,394.24,463.0,0,0.0,0.0,,0.0,1,8.61,0.08,SPY221118C00404000,404.0,normalDay
2022-11-18,12429.0,-6697.0,861.0,100,396.03,463.0,0,0.0,0.0,,0.0,1,8.61,0.0,SPY221118C00404000,404.0,expirationDay
2022-11-21,12429.0,-6867.0,0.0,100,394.59,463.0,0,0.0,0.0,,0.0,1,16.67,16.93,SPY230120C00390000,390.0,normalDay
2022-11-22,12429.0,-6612.0,0.0,100,399.9,463.0,0,0.0,0.0,,0.0,1,16.67,19.69,SPY230120C00390000,390.0,normalDay
2022-11-23,12429.0,-6499.0,0.0,100,402.42,463.0,0,0.0,0.0,,0.0,1,16.67,21.08,SPY230120C00390000,390.0,normalDay
2022-11-25,12429.0,-6680.0,0.0,100,402.33,463.0,0,0.0,0.0,,0.0,1,16.67,22.8,SPY230120C00390000,390.0,normalDay
2022-11-28,12429.0,-6726.0,0.0,100,395.91,463.0,0,0.0,0.0,,0.0,1,16.67,16.84,SPY230120C00390000,390.0,normalDay
2022-11-29,12429.0,-6710.0,0.0,100,395.23,463.0,0,0.0,0.0,,0.0,1,16.67,16.0,SPY230120C00390000,390.0,normalDay
2022-11-30,12429.0,-6314.0,0.0,100,407.68,463.0,0,0.0,0.0,,0.0,1,16.67,24.49,SPY230120C00390000,390.0,normalDay
2022-12-01,12429.0,-6243.0,0.0,100,407.38,463.0,0,0.0,0.0,,0.0,1,16.67,23.48,SPY230120C00390000,390.0,normalDay
2022-12-02,12429.0,-6202.0,0.0,100,406.91,463.0,0,0.0,0.0,,0.0,1,16.67,22.6,SPY230120C00390000,390.0,normalDay
2022-12-05,12429.0,-6443.0,0.0,100,399.59,463.0,0,0.0,0.0,,0.0,1,16.67,17.69,SPY230120C00390000,390.0,normalDay
2022-12-06,12429.0,-6689.0,0.0,100,393.83,463.0,0,0.0,0.0,,0.0,1,16.67,14.39,SPY230120C00390000,390.0,normalDay
2022-12-07,12429.0,-6720.0,0.0,100,393.16,463.0,0,0.0,0.0,,0.0,1,16.67,14.03,SPY230120C00390000,390.0,normalDay
2022-12-08,12429.0,-6561.0,0.0,100,396.24,463.0,0,0.0,0.0,,0.0,1,16.67,15.52,SPY230120C00390000,390.0,normalDay
2022-12-09,12429.0,-6677.0,0.0,100,393.28,463.0,0,0.0,0.0,,0.0,1,16.67,13.72,SPY230120C00390000,390.0,normalDay
2022-12-12,12429.0,-6449.0,0.0,100,398.95,463.0,0,0.0,0.0,,0.0,1,16.67,17.11,SPY230120C00390000,390.0,normalDay
2022-12-13,12429.0,-6276.0,0.0,100,401.97,463.0,0,0.0,0.0,,0.0,1,16.67,18.4,SPY230120C00390000,390.0,normalDay
2022-12-14,12429.0,-6320.0,0.0,100,399.4,463.0,0,0.0,0.0,,0.0,1,16.67,16.27,SPY230120C00390000,390.0,normalDay
2022-12-15,12429.0,-6649.0,0.0,100,389.63,463.0,0,0.0,0.0,,0.0,1,16.67,9.79,SPY230120C00390000,390.0,normalDay
2022-12-16,12429.0,-7025.0,0.0,100,383.27,463.0,0,0.0,0.0,,0.0,1,16.67,7.19,SPY230120C00390000,390.0,normalDay
2022-12-19,12429.0,-7164.0,0.0,100,380.02,463.0,0,0.0,0.0,,0.0,1,16.67,5.33,SPY230120C00390000,390.0,normalDay
2022-12-20,12429.0,-7109.0,0.0,100,380.54,463.0,0,0.0,0.0,,0.0,1,16.67,5.3,SPY230120C00390000,390.0,normalDay
2022-12-21,12429.0,-6737.0,0.0,100,386.23,463.0,0,0.0,0.0,,0.0,1,16.67,7.27,SPY230120C00390000,390.0,normalDay
2022-12-22,12429.0,-7078.0,0.0,100,380.72,463.0,0,0.0,0.0,,0.0,1,16.67,5.17,SPY230120C00390000,390.0,normalDay
2022-12-23,12429.0,-6896.0,0.0,100,382.91,463.0,0,0.0,0.0,,0.0,1,16.67,5.54,SPY230120C00390000,390.0,normalDay
2022-12-27,12429.0,-6971.0,0.0,100,381.4,463.0,0,0.0,0.0,,0.0,1,16.67,4.78,SPY230120C00390000,390.0,normalDay
2022-12-28,12429.0,-7285.0,0.0,100,376.66,463.0,0,0.0,0.0,,0.0,1,16.67,3.18,SPY230120C00390000,390.0,normalDay
2022-12-29,12429.0,-6796.0,0.0,100,383.44,463.0,0,0.0,0.0,,0.0,1,16.67,5.07,SPY230120C00390000,390.0,normalDay
2022-12-30,12429.0,-6853.0,0.0,100,382.43,463.0,0,0.0,0.0,,0.0,1,16.67,4.63,SPY230120C00390000,390.0,normalDay
2023-01-03,12429.0,-6892.0,0.0,100,380.82,463.0,0,0.0,0.0,,0.0,1,16.67,3.41,SPY230120C00390000,390.0,normalDay
2023-01-04,12429.0,-6680.0,0.0,100,383.76,463.0,0,0.0,0.0,,0.0,1,16.67,4.23,SPY230120C00390000,390.0,normalDay
2023-01-05,12429.0,-6961.0,0.0,100,379.38,463.0,0,0.0,0.0,,0.0,1,16.67,2.66,SPY230120C00390000,390.0,normalDay
2023-01-06,12429.0,-6350.0,0.0,100,388.08,463.0,0,0.0,0.0,,0.0,1,16.67,5.25,SPY230120C00390000,390.0,normalDay
2023-01-09,12429.0,-6344.0,0.0,100,387.86,463.0,0,0.0,0.0,,0.0,1,16.67,4.97,SPY230120C00390000,390.0,normalDay
2023-01-10,12429.0,-6177.0,0.0,100,390.58,463.0,0,0.0,0.0,,0.0,1,16.67,6.02,SPY230120C00390000,390.0,normalDay
2023-01-11,12429.0,-5996.0,0.0,100,395.52,463.0,0,0.0,0.0,,0.0,1,16.67,9.15,SPY230120C00390000,390.0,normalDay
2023-01-12,12429.0,-5809.0,0.0,100,396.96,463.0,0,0.0,0.0,,0.0,1,16.67,8.72,SPY230120C00390000,390.0,normalDay
2023-01-13,12429.0,-5706.0,0.0,100,398.5,463.0,0,0.0,0.0,,0.0,1,16.67,9.23,SPY230120C00390000,390.0,normalDay
2023-01-17,12429.0,-5712.0,0.0,100,397.77,463.0,0,0.0,0.0,,0.0,1,16.67,8.56,SPY230120C00390000,390.0,normalDay
2023-01-18,12429.0,-5795.0,0.0,100,391.49,463.0,0,0.0,0.0,,0.0,1,16.67,3.11,SPY230120C00390000,390.0,normalDay
2023-01-19,12429.0,-5880.0,0.0,100,388.64,463.0,0,0.0,0.0,,0.0,1,16.67,1.11,SPY230120C00390000,390.0,normalDay
2023-01-20,6796.0,-5880.0,-5633.0,0,395.88,0.0,0,0.0,0.0,,0.0,1,16.67,0.0,SPY230120C00390000,390.0,expirationDay
2023-01-23,6796.0,-4.0,0.0,0,400.63,0.0,1,4.82,4.86,SPY230317P00381000,381.0,0,0.0,0.0,,0.0,normalDay
2023-01-24,6796.0,42.0,0.0,0,400.2,0.0,1,4.82,4.4,SPY230317P00381000,381.0,0,0.0,0.0,,0.0,normalDay
2023-01-25,6796.0,28.0,0.0,0,400.35,0.0,1,4.82,4.54,SPY230317P00381000,381.0,0,0.0,0.0,,0.0,normalDay
2023-01-26,6796.0,119.0,0.0,0,404.75,0.0,1,4.82,3.63,SPY230317P00381000,381.0,0,0.0,0.0,,0.0,normalDay
2023-01-27,6796.0,145.0,0.0,0,405.68,0.0,1,4.82,3.37,SPY230317P00381000,381.0,0,0.0,0.0,,0.0,normalDay
2023-01-30,6796.0,59.0,0.0,0,400.59,0.0,1,4.82,4.23,SPY230317P00381000,381.0,0,0.0,0.0,,0.0,normalDay
2023-01-31,6796.0,161.0,0.0,0,406.48,0.0,1,4.82,3.21,SPY230317P00381000,381.0,0,0.0,0.0,,0.0,normalDay
2023-02-01,6796.0,258.0,0.0,0,410.8,0.0,1,4.82,2.24,SPY230317P00381000,381.0,0,0.0,0.0,,0.0,normalDay
2023-02-02,6796.0,270.0,0.0,0,416.78,0.0,1,4.82,2.12,SPY230317P00381000,381.0,0,0.0,0.0,,0.0,normalDay
2023-02-03,6796.0,260.0,0.0,0,412.35,0.0,1,4.82,2.22,SPY230317P00381000,381.0,0,0.0,0.0,,0.0,normalDay
2023-02-06,6796.0,235.0,0.0,0,409.83,0.0,1,4.82,2.47,SPY230317P00381000,381.0,0,0.0,0.0,,0.0,normalDay
2023-02-07,6796.0,303.0,0.0,0,415.19,0.0,1,4.82,1.79,SPY230317P00381000,381.0,0,0.0,0.0,,0.0,normalDay
2023-02-08,6796.0,252.0,0.0,0,410.65,0.0,1,4.82,2.3,SPY230317P00381000,381.0,0,0.0,0.0,,0.0,normalDay
2023-02-09,6796.0,197.0,0.0,0,407.09,0.0,1,4.82,2.85,SPY230317P00381000,381.0,0,0.0,0.0,,0.0,normalDay
2023-02-10,6796.0,217.0,0.0,0,408.04,0.0,1,4.82,2.65,SPY230317P00381000,381.0,0,0.0,0.0,,0.0,normalDay
2023-02-13,6796.0,302.0,0.0,0,412.83,0.0,1,4.82,1.8,SPY230317P00381000,381.0,0,0.0,0.0,,0.0,normalDay
2023-02-14,6796.0,333.0,0.0,0,412.64,0.0,1,4.82,1.49,SPY230317P00381000,381.0,0,0.0,0.0,,0.0,normalDay
2023-02-15,6796.0,363.0,0.0,0,413.98,0.0,1,4.82,1.19,SPY230317P00381000,381.0,0,0.0,0.0,,0.0,normalDay
2023-02-16,6796.0,286.0,0.0,0,408.28,0.0,1,4.82,1.96,SPY230317P00381000,381.0,0,0.0,0.0,,0.0,normalDay
2023-02-17,6796.0,296.0,0.0,0,407.26,0.0,1,4.82,1.86,SPY230317P00381000,381.0,0,0.0,0.0,,0.0,normalDay
2023-02-21,6796.0,178.0,0.0,0,399.09,0.0,1,4.82,3.04,SPY230317P00381000,381.0,0,0.0,0.0,,0.0,normalDay
2023-02-22,6796.0,196.0,0.0,0,398.54,0.0,1,4.82,2.86,SPY230317P00381000,381.0,0,0.0,0.0,,0.0,normalDay
2023-02-23,6796.0,261.0,0.0,0,400.66,0.0,1,4.82,2.21,SPY230317P00381000,381.0,0,0.0,0.0,,0.0,normalDay
2023-02-24,6796.0,194.0,0.0,0,396.38,0.0,1,4.82,2.88,SPY230317P00381000,381.0,0,0.0,0.0,,0.0,normalDay
2023-02-27,6796.0,278.0,0.0,0,397.73,0.0,1,4.82,2.04,SPY230317P00381000,381.0,0,0.0,0.0,,0.0,normalDay
2023-02-28,6796.0,263.0,0.0,0,396.26,0.0,1,4.82,2.19,SPY230317P00381000,381.0,0,0.0,0.0,,0.0,normalDay
2023-03-01,6796.0,253.0,0.0,0,394.74,0.0,1,4.82,2.29,SPY230317P00381000,381.0,0,0.0,0.0,,0.0,normalDay
2023-03-02,6796.0,336.0,0.0,0,397.81,0.0,1,4.82,1.46,SPY230317P00381000,381.0,0,0.0,0.0,,0.0,normalDay
2023-03-03,6796.0,418.0,0.0,0,404.19,0.0,1,4.82,0.64,SPY230317P00381000,381.0,0,0.0,0.0,,0.0,normalDay
2023-03-06,6796.0,430.0,0.0,0,404.47,0.0,1,4.82,0.52,SPY230317P00381000,381.0,0,0.0,0.0,,0.0,normalDay
2023-03-07,6796.0,379.0,0.0,0,398.27,0.0,1,4.82,1.03,SPY230317P00381000,381.0,0,0.0,0.0,,0.0,normalDay
2023-03-08,6796.0,399.0,0.0,0,398.92,0.0,1,4.82,0.83,SPY230317P00381000,381.0,0,0.0,0.0,,0.0,normalDay
2023-03-09,6796.0,228.0,0.0,0,391.56,0.0,1,4.82,2.54,SPY230317P00381000,381.0,0,0.0,0.0,,0.0,normalDay
2023-03-10,6796.0,85.0,0.0,0,385.91,0.0,1,4.82,3.97,SPY230317P00381000,381.0,0,0.0,0.0,,0.0,normalDay
2023-03-13,6796.0,84.0,0.0,0,385.36,0.0,1,4.82,3.98,SPY230317P00381000,381.0,0,0.0,0.0,,0.0,normalDay
2023-03-14,6796.0,380.0,0.0,0,391.73,0.0,1,4.82,1.02,SPY230317P00381000,381.0,0,0.0,0.0,,0.0,normalDay
2023-03-15,6796.0,351.0,0.0,0,389.28,0.0,1,4.82,1.31,SPY230317P00381000,381.0,0,0.0,0.0,,0.0,normalDay
2023-03-16,6796.0,474.0,0.0,0,396.11,0.0,1,4.82,0.08,SPY230317P00381000,381.0,0,0.0,0.0,,0.0,normalDay
2023-03-17,7278.0,0.0,482.0,0,389.99,0.0,1,4.82,0.0,SPY230317P00381000,381.0,0,0.0,0.0,,0.0,expirationDay
2023-03-20,7278.0,-7.0,0.0,0,393.74,0.0,1,8.64,8.71,SPY230428P00390000,390.0,0,0.0,0.0,,0.0,normalDay
2023-03-21,7278.0,254.0,0.0,0,398.91,0.0,1,8.64,6.1,SPY230428P00390000,390.0,0,0.0,0.0,,0.0,normalDay
2023-03-22,7278.0,2.0,0.0,0,392.11,0.0,1,8.64,8.62,SPY230428P00390000,390.0,0,0.0,0.0,,0.0,normalDay
2023-03-23,7278.0,30.0,0.0,0,393.17,0.0,1,8.64,8.34,SPY230428P00390000,390.0,0,0.0,0.0,,0.0,normalDay
2023-03-24,7278.0,163.0,0.0,0,395.75,0.0,1,8.64,7.01,SPY230428P00390000,390.0,0,0.0,0.0,,0.0,normalDay
2023-03-27,7278.0,277.0,0.0,0,396.49,0.0,1,8.64,5.87,SPY230428P00390000,390.0,0,0.0,0.0,,0.0,normalDay
2023-03-28,7278.0,298.0,0.0,0,395.6,0.0,1,8.64,5.66,SPY230428P00390000,390.0,0,0.0,0.0,,0.0,normalDay
2023-03-29,7278.0,467.0,0.0,0,401.35,0.0,1,8.64,3.97,SPY230428P00390000,390.0,0,0.0,0.0,,0.0,normalDay
2023-03-30,7278.0,535.0,0.0,0,403.7,0.0,1,8.64,3.29,SPY230428P00390000,390.0,0,0.0,0.0,,0.0,normalDay
2023-03-31,7278.0,645.0,0.0,0,409.39,0.0,1,8.64,2.19,SPY230428P00390000,390.0,0,0.0,0.0,,0.0,normalDay
2023-04-03,7278.0,705.0,0.0,0,410.95,0.0,1,8.64,1.59,SPY230428P00390000,390.0,0,0.0,0.0,,0.0,normalDay
2023-04-04,7278.0,687.0,0.0,0,408.67,0.0,1,8.64,1.77,SPY230428P00390000,390.0,0,0.0,0.0,,0.0,normalDay
2023-04-05,7278.0,684.0,0.0,0,407.6,0.0,1,8.64,1.8,SPY230428P00390000,390.0,0,0.0,0.0,,0.0,normalDay
2023-04-06,7278.0,726.0,0.0,0,409.19,0.0,1,8.64,1.38,SPY230428P00390000,390.0,0,0.0,0.0,,0.0,normalDay
2023-04-10,7278.0,756.0,0.0,0,409.61,0.0,1,8.64,1.08,SPY230428P00390000,390.0,0,0.0,0.0,,0.0,normalDay
2023-04-11,7278.0,765.0,0.0,0,409.72,0.0,1,8.64,0.99,SPY230428P00390000,390.0,0,0.0,0.0,,0.0,normalDay
2023-04-12,7278.0,760.0,0.0,0,408.05,0.0,1,8.64,1.04,SPY230428P00390000,390.0,0,0.0,0.0,,0.0,normalDay
2023-04-13,7278.0,816.0,0.0,0,413.47,0.0,1,8.64,0.48,SPY230428P00390000,390.0,0,0.0,0.0,,0.0,normalDay
2023-04-14,7278.0,828.0,0.0,0,412.46,0.0,1,8.64,0.36,SPY230428P00390000,390.0,0,0.0,0.0,,0.0,normalDay
2023-04-17,7278.0,840.0,0.0,0,413.94,0.0,1,8.64,0.24,SPY230428P00390000,390.0,0,0.0,0.0,,0.0,normalDay
2023-04-18,7278.0,841.0,0.0,0,414.21,0.0,1,8.64,0.23,SPY230428P00390000,390.0,0,0.0,0.0,,0.0,normalDay
2023-04-19,7278.0,847.0,0.0,0,414.14,0.0,1,8.64,0.17,SPY230428P00390000,390.0,0,0.0,0.0,,0.0,normalDay
2023-04-20,7278.0,849.0,0.0,0,411.88,0.0,1,8.64,0.15,SPY230428P00390000,390.0,0,0.0,0.0,,0.0,normalDay
2023-04-21,7278.0,853.0,0.0,0,412.2,0.0,1,8.64,0.11,SPY230428P00390000,390.0,0,0.0,0.0,,0.0,normalDay
2023-04-24,7278.0,859.0,0.0,0,412.63,0.0,1,8.64,0.05,SPY230428P00390000,390.0,0,0.0,0.0,,0.0,normalDay
2023-04-25,7278.0,855.0,0.0,0,406.08,0.0,1,8.64,0.09,SPY230428P00390000,390.0,0,0.0,0.0,,0.0,normalDay
2023-04-26,7278.0,858.0,0.0,0,404.36,0.0,1,8.64,0.06,SPY230428P00390000,390.0,0,0.0,0.0,,0.0,normalDay
2023-04-27,7278.0,861.0,0.0,0,412.41,0.0,1,8.64,0.03,SPY230428P00390000,390.0,0,0.0,0.0,,0.0,normalDay
2023-04-28,8142.0,0.0,864.0,0,415.93,0.0,1,8.64,0.0,SPY230428P00390000,390.0,0,0.0,0.0,,0.0,expirationDay
2023-05-01,8142.0,-4.0,0.0,0,415.51,0.0,1,5.63,5.67,SPY230616P00408000,408.0,0,0.0,0.0,,0.0,normalDay
2023-05-02,8142.0,-205.0,0.0,0,410.84,0.0,1,5.63,7.68,SPY230616P00408000,408.0,0,0.0,0.0,,0.0,normalDay
2023-05-03,8142.0,-302.0,0.0,0,408.02,0.0,1,5.63,8.65,SPY230616P00408000,408.0,0,0.0,0.0,,0.0,normalDay
2023-05-04,8142.0,-520.0,0.0,0,405.13,0.0,1,5.63,10.83,SPY230616P00408000,408.0,0,0.0,0.0,,0.0,normalDay
2023-05-05,8142.0,-127.0,0.0,0,412.63,0.0,1,5.63,6.9,SPY230616P00408000,408.0,0,0.0,0.0,,0.0,normalDay
2023-05-08,8142.0,-75.0,0.0,0,412.74,0.0,1,5.63,6.38,SPY230616P00408000,408.0,0,0.0,0.0,,0.0,normalDay
2023-05-09,8142.0,-136.0,0.0,0,410.93,0.0,1,5.63,6.99,SPY230616P00408000,408.0,0,0.0,0.0,,0.0,normalDay
2023-05-10,8142.0,-31.0,0.0,0,412.85,0.0,1,5.63,5.94,SPY230616P00408000,408.0,0,0.0,0.0,,0.0,normalDay
2023-05-11,8142.0,-43.0,0.0,0,412.13,0.0,1,5.63,6.06,SPY230616P00408000,408.0,0,0.0,0.0,,0.0,normalDay
2023-05-12,8142.0,-57.0,0.0,0,411.59,0.0,1,5.63,6.2,SPY230616P00408000,408.0,0,0.0,0.0,,0.0,normalDay
2023-05-15,8142.0,42.0,0.0,0,413.01,0.0,1,5.63,5.21,SPY230616P00408000,408.0,0,0.0,0.0,,0.0,normalDay
2023-05-16,8142.0,-63.0,0.0,0,410.25,0.0,1,5.63,6.26,SPY230616P00408000,408.0,0,0.0,0.0,,0.0,normalDay
2023-05-17,8142.0,126.0,0.0,0,415.23,0.0,1,5.63,4.37,SPY230616P00408000,408.0,0,0.0,0.0,,0.0,normalDay
2023-05-18,8142.0,252.0,0.0,0,419.23,0.0,1,5.63,3.11,SPY230616P00408000,408.0,0,0.0,0.0,,0.0,normalDay
2023-05-19,8142.0,220.0,0.0,0,418.62,0.0,1,5.63,3.43,SPY230616P00408000,408.0,0,0.0,0.0,,0.0,normalDay
2023-05-22,8142.0,238.0,0.0,0,418.79,0.0,1,5.63,3.25,SPY230616P00408000,408.0,0,0.0,0.0,,0.0,normalDay
2023-05-23,8142.0,92.0,0.0,0,414.09,0.0,1,5.63,4.71,SPY230616P00408000,408.0,0,0.0,0.0,,0.0,normalDay
2023-05-24,8142.0,-29.0,0.0,0,411.09,0.0,1,5.63,5.92,SPY230616P00408000,408.0,0,0.0,0.0,,0.0,normalDay
2023-05-25,8142.0,115.0,0.0,0,414.65,0.0,1,5.63,4.48,SPY230616P00408000,408.0,0,0.0,0.0,,0.0,normalDay
2023-05-26,8142.0,285.0,0.0,0,420.02,0.0,1,5.63,2.78,SPY230616P00408000,408.0,0,0.0,0.0,,0.0,normalDay
2023-05-30,8142.0,344.0,0.0,0,420.18,0.0,1,5.63,2.19,SPY230616P00408000,408.0,0,0.0,0.0,,0.0,normalDay
2023-05-31,8142.0,315.0,0.0,0,417.85,0.0,1,5.63,2.48,SPY230616P00408000,408.0,0,0.0,0.0,,0.0,normalDay
2023-06-01,8142.0,436.0,0.0,0,421.82,0.0,1,5.63,1.27,SPY230616P00408000,408.0,0,0.0,0.0,,0.0,normalDay
2023-06-02,8142.0,509.0,0.0,0,427.92,0.0,1,5.63,0.54,SPY230616P00408000,408.0,0,0.0,0.0,,0.0,normalDay
2023-06-05,8142.0,518.0,0.0,0,427.1,0.0,1,5.63,0.45,SPY230616P00408000,408.0,0,0.0,0.0,,0.0,normalDay
2023-06-06,8142.0,528.0,0.0,0,428.03,0.0,1,5.63,0.35,SPY230616P00408000,408.0,0,0.0,0.0,,0.0,normalDay
2023-06-07,8142.0,529.0,0.0,0,426.55,0.0,1,5.63,0.34,SPY230616P00408000,408.0,0,0.0,0.0,,0.0,normalDay
2023-06-08,8142.0,540.0,0.0,0,429.13,0.0,1,5.63,0.23,SPY230616P00408000,408.0,0,0.0,0.0,,0.0,normalDay
2023-06-09,8142.0,546.0,0.0,0,429.9,0.0,1,5.63,0.17,SPY230616P00408000,408.0,0,0.0,0.0,,0.0,normalDay
2023-06-12,8142.0,549.0,0.0,0,433.8,0.0,1,5.63,0.14,SPY230616P00408000,408.0,0,0.0,0.0,,0.0,normalDay
2023-06-13,8142.0,553.0,0.0,0,436.66,0.0,1,5.63,0.1,SPY230616P00408000,408.0,0,0.0,0.0,,0.0,normalDay
2023-06-14,8142.0,558.0,0.0,0,437.18,0.0,1,5.63,0.05,SPY230616P00408000,408.0,0,0.0,0.0,,0.0,normalDay
2023-06-15,8142.0,559.0,0.0,0,442.6,0.0,1,5.63,0.04,SPY230616P00408000,408.0,0,0.0,0.0,,0.0,normalDay
2023-06-16,8705.0,0.0,563.0,0,439.46,0.0,1,5.63,0.0,SPY230616P00408000,408.0,0,0.0,0.0,,0.0,expirationDay
2023-06-20,8705.0,-4.0,0.0,0,437.18,0.0,1,1.93,1.97,SPY230728P00418000,418.0,0,0.0,0.0,,0.0,normalDay
2023-06-21,8705.0,-9.0,0.0,0,434.94,0.0,1,1.93,2.02,SPY230728P00418000,418.0,0,0.0,0.0,,0.0,normalDay
2023-06-22,8705.0,22.0,0.0,0,436.51,0.0,1,1.93,1.71,SPY230728P00418000,418.0,0,0.0,0.0,,0.0,normalDay
2023-06-23,8705.0,-19.0,0.0,0,433.21,0.0,1,1.93,2.12,SPY230728P00418000,418.0,0,0.0,0.0,,0.0,normalDay
2023-06-26,8705.0,-32.0,0.0,0,431.44,0.0,1,1.93,2.25,SPY230728P00418000,418.0,0,0.0,0.0,,0.0,normalDay
2023-06-27,8705.0,40.0,0.0,0,436.17,0.0,1,1.93,1.53,SPY230728P00418000,418.0,0,0.0,0.0,,0.0,normalDay
2023-06-28,8705.0,61.0,0.0,0,436.39,0.0,1,1.93,1.32,SPY230728P00418000,418.0,0,0.0,0.0,,0.0,normalDay
2023-06-29,8705.0,75.0,0.0,0,438.11,0.0,1,1.93,1.18,SPY230728P00418000,418.0,0,0.0,0.0,,0.0,normalDay
2023-06-30,8705.0,116.0,0.0,0,443.28,0.0,1,1.93,0.77,SPY230728P00418000,418.0,0,0.0,0.0,,0.0,normalDay
2023-07-03,8705.0,126.0,0.0,0,443.79,0.0,1,1.93,0.67,SPY230728P00418000,418.0,0,0.0,0.0,,0.0,normalDay
2023-07-05,8705.0,123.0,0.0,0,443.13,0.0,1,1.93,0.7,SPY230728P00418000,418.0,0,0.0,0.0,,0.0,normalDay
2023-07-06,8705.0,91.0,0.0,0,439.66,0.0,1,1.93,1.02,SPY230728P00418000,418.0,0,0.0,0.0,,0.0,normalDay
2023-07-07,8705.0,107.0,0.0,0,438.55,0.0,1,1.93,0.86,SPY230728P00418000,418.0,0,0.0,0.0,,0.0,normalDay
2023-07-10,8705.0,122.0,0.0,0,439.66,0.0,1,1.93,0.71,SPY230728P00418000,418.0,0,0.0,0.0,,0.0,normalDay
2023-07-11,8705.0,140.0,0.0,0,442.46,0.0,1,1.93,0.53,SPY230728P00418000,418.0,0,0.0,0.0,,0.0,normalDay
2023-07-12,8705.0,165.0,0.0,0,446.02,0.0,1,1.93,0.28,SPY230728P00418000,418.0,0,0.0,0.0,,0.0,normalDay
2023-07-13,8705.0,167.0,0.0,0,449.56,0.0,1,1.93,0.26,SPY230728P00418000,418.0,0,0.0,0.0,,0.0,normalDay
2023-07-14,8705.0,173.0,0.0,0,449.28,0.0,1,1.93,0.2,SPY230728P00418000,418.0,0,0.0,0.0,,0.0,normalDay
2023-07-17,8705.0,179.0,0.0,0,450.84,0.0,1,1.93,0.14,SPY230728P00418000,418.0,0,0.0,0.0,,0.0,normalDay
2023-07-18,8705.0,181.0,0.0,0,454.19,0.0,1,1.93,0.12,SPY230728P00418000,418.0,0,0.0,0.0,,0.0,normalDay
2023-07-19,8705.0,183.0,0.0,0,455.2,0.0,1,1.93,0.1,SPY230728P00418000,418.0,0,0.0,0.0,,0.0,normalDay
2023-07-20,8705.0,183.0,0.0,0,452.18,0.0,1,1.93,0.1,SPY230728P00418000,418.0,0,0.0,0.0,,0.0,normalDay
2023-07-21,8705.0,188.0,0.0,0,452.18,0.0,1,1.93,0.05,SPY230728P00418000,418.0,0,0.0,0.0,,0.0,normalDay
2023-07-24,8705.0,190.0,0.0,0,454.2,0.0,1,1.93,0.03,SPY230728P00418000,418.0,0,0.0,0.0,,0.0,normalDay
2023-07-25,8705.0,190.0,0.0,0,455.44,0.0,1,1.93,0.03,SPY230728P00418000,418.0,0,0.0,0.0,,0.0,normalDay
2023-07-26,8705.0,191.0,0.0,0,455.51,0.0,1,1.93,0.02,SPY230728P00418000,418.0,0,0.0,0.0,,0.0,normalDay
2023-07-27,8705.0,190.0,0.0,0,452.49,0.0,1,1.93,0.03,SPY230728P00418000,418.0,0,0.0,0.0,,0.0,normalDay
2023-07-28,8898.0,0.0,193.0,0,456.92,0.0,1,1.93,0.0,SPY230728P00418000,418.0,0,0.0,0.0,,0.0,expirationDay
2023-07-31,8898.0,-3.0,0.0,0,457.79,0.0,1,2.99,3.02,SPY230915P00443000,443.0,0,0.0,0.0,,0.0,normalDay
2023-08-01,8898.0,-34.0,0.0,0,456.48,0.0,1,2.99,3.33,SPY230915P00443000,443.0,0,0.0,0.0,,0.0,normalDay
2023-08-02,8898.0,-240.0,0.0,0,450.13,0.0,1,2.99,5.39,SPY230915P00443000,443.0,0,0.0,0.0,,0.0,normalDay
2023-08-03,8898.0,-232.0,0.0,0,448.84,0.0,1,2.99,5.31,SPY230915P00443000,443.0,0,0.0,0.0,,0.0,normalDay
2023-08-04,8898.0,-356.0,0.0,0,446.81,0.0,1,2.99,6.55,SPY230915P00443000,443.0,0,0.0,0.0,,0.0,normalDay
2023-08-07,8898.0,-169.0,0.0,0,450.71,0.0,1,2.99,4.68,SPY230915P00443000,443.0,0,0.0,0.0,,0.0,normalDay
2023-08-08,8898.0,-236.0,0.0,0,448.75,0.0,1,2.99,5.35,SPY230915P00443000,443.0,0,0.0,0.0,,0.0,normalDay
2023-08-09,8898.0,-307.0,0.0,0,445.75,0.0,1,2.99,6.06,SPY230915P00443000,443.0,0,0.0,0.0,,0.0,normalDay
2023-08-10,8898.0,-312.0,0.0,0,445.91,0.0,1,2.99,6.11,SPY230915P00443000,443.0,0,0.0,0.0,,0.0,normalDay
2023-08-11,8898.0,-272.0,0.0,0,445.65,0.0,1,2.99,5.71,SPY230915P00443000,443.0,0,0.0,0.0,,0.0,normalDay
2023-08-14,8898.0,-162.0,0.0,0,448.11,0.0,1,2.99,4.61,SPY230915P00443000,443.0,0,0.0,0.0,,0.0,normalDay
2023-08-15,8898.0,-399.0,0.0,0,442.89,0.0,1,2.99,6.98,SPY230915P00443000,443.0,0,0.0,0.0,,0.0,normalDay
2023-08-16,8898.0,-541.0,0.0,0,439.64,0.0,1,2.99,8.4,SPY230915P00443000,443.0,0,0.0,0.0,,0.0,normalDay
2023-08-17,8898.0,-762.0,0.0,0,436.29,0.0,1,2.99,10.61,SPY230915P00443000,443.0,0,0.0,0.0,,0.0,normalDay
2023-08-18,8898.0,-709.0,0.0,0,436.5,0.0,1,2.99,10.08,SPY230915P00443000,443.0,0,0.0,0.0,,0.0,normalDay
2023-08-21,8898.0,-534.0,0.0,0,439.34,0.0,1,2.99,8.33,SPY230915P00443000,443.0,0,0.0,0.0,,0.0,normalDay
2023-08-22,8898.0,-570.0,0.0,0,438.15,0.0,1,2.99,8.69,SPY230915P00443000,443.0,0,0.0,0.0,,0.0,normalDay
2023-08-23,8898.0,-285.0,0.0,0,443.03,0.0,1,2.99,5.84,SPY230915P00443000,443.0,0,0.0,0.0,,0.0,normalDay
2023-08-24,8898.0,-643.0,0.0,0,436.89,0.0,1,2.99,9.42,SPY230915P00443000,443.0,0,0.0,0.0,,0.0,normalDay
2023-08-25,8898.0,-396.0,0.0,0,439.97,0.0,1,2.99,6.95,SPY230915P00443000,443.0,0,0.0,0.0,,0.0,normalDay
2023-08-28,8898.0,-204.0,0.0,0,442.76,0.0,1,2.99,5.03,SPY230915P00443000,443.0,0,0.0,0.0,,0.0,normalDay
2023-08-29,8898.0,48.0,0.0,0,449.16,0.0,1,2.99,2.51,SPY230915P00443000,443.0,0,0.0,0.0,,0.0,normalDay
2023-08-30,8898.0,120.0,0.0,0,451.01,0.0,1,2.99,1.79,SPY230915P00443000,443.0,0,0.0,0.0,,0.0,normalDay
2023-08-31,8898.0,135.0,0.0,0,450.35,0.0,1,2.99,1.64,SPY230915P00443000,443.0,0,0.0,0.0,,0.0,normalDay
2023-09-01,8898.0,167.0,0.0,0,451.19,0.0,1,2.99,1.32,SPY230915P00443000,443.0,0,0.0,0.0,,0.0,normalDay
2023-09-05,8898.0,138.0,0.0,0,449.24,0.0,1,2.99,1.61,SPY230915P00443000,443.0,0,0.0,0.0,,0.0,normalDay
2023-09-06,8898.0,56.0,0.0,0,446.22,0.0,1,2.99,2.43,SPY230915P00443000,443.0,0,0.0,0.0,,0.0,normalDay
2023-09-07,8898.0,20.0,0.0,0,444.85,0.0,1,2.99,2.79,SPY230915P00443000,443.0,0,0.0,0.0,,0.0,normalDay
2023-09-08,8898.0,108.0,0.0,0,445.52,0.0,1,2.99,1.91,SPY230915P00443000,443.0,0,0.0,0.0,,0.0,normalDay
2023-09-11,8898.0,210.0,0.0,0,448.45,0.0,1,2.99,0.89,SPY230915P00443000,443.0,0,0.0,0.0,,0.0,normalDay
2023-09-12,8898.0,149.0,0.0,0,445.99,0.0,1,2.99,1.5,SPY230915P00443000,443.0,0,0.0,0.0,,0.0,normalDay
2023-09-13,8898.0,224.0,0.0,0,446.51,0.0,1,2.99,0.75,SPY230915P00443000,443.0,0,0.0,0.0,,0.0,normalDay
2023-09-14,8898.0,292.0,0.0,0,450.36,0.0,1,2.99,0.07,SPY230915P00443000,443.0,0,0.0,0.0,,0.0,normalDay
2023-09-15,9197.0,0.0,299.0,0,443.37,0.0,1,2.99,0.0,SPY230915P00443000,443.0,0,0.0,0.0,,0.0,expirationDay
2023-09-18,9197.0,-4.0,0.0,0,443.63,0.0,1,5.1,5.14,SPY231027P00441000,441.0,0,0.0,0.0,,0.0,normalDay
2023-09-19,9197.0,-33.0,0.0,0,442.71,0.0,1,5.1,5.43,SPY231027P00441000,441.0,0,0.0,0.0,,0.0,normalDay
2023-09-20,9197.0,-248.0,0.0,0,438.64,0.0,1,5.1,7.58,SPY231027P00441000,441.0,0,0.0,0.0,,0.0,normalDay
2023-09-21,9197.0,-705.0,0.0,0,431.39,0.0,1,5.1,12.15,SPY231027P00441000,441.0,0,0.0,0.0,,0.0,normalDay
2023-09-22,9197.0,-746.0,0.0,0,430.42,0.0,1,5.1,12.56,SPY231027P00441000,441.0,0,0.0,0.0,,0.0,normalDay
2023-09-25,9197.0,-605.0,0.0,0,432.23,0.0,1,5.1,11.15,SPY231027P00441000,441.0,0,0.0,0.0,,0.0,normalDay
2023-09-26,9197.0,-1079.0,0.0,0,425.88,0.0,1,5.1,15.89,SPY231027P00441000,441.0,0,0.0,0.0,,0.0,normalDay
2023-09-27,9197.0,-1046.0,0.0,0,426.05,0.0,1,5.1,15.56,SPY231027P00441000,441.0,0,0.0,0.0,,0.0,normalDay
2023-09-28,9197.0,-881.0,0.0,0,428.52,0.0,1,5.1,13.91,SPY231027P00441000,441.0,0,0.0,0.0,,0.0,normalDay
2023-09-29,9197.0,-928.0,0.0,0,427.48,0.0,1,5.1,14.38,SPY231027P00441000,441.0,0,0.0,0.0,,0.0,normalDay
2023-10-02,9197.0,-922.0,0.0,0,427.31,0.0,1,5.1,14.32,SPY231027P00441000,441.0,0,0.0,0.0,,0.0,normalDay
2023-10-03,9197.0,-1423.0,0.0,0,421.59,0.0,1,5.1,19.33,SPY231027P00441000,441.0,0,0.0,0.0,,0.0,normalDay
2023-10-04,9197.0,-1176.0,0.0,0,424.66,0.0,1,5.1,16.86,SPY231027P00441000,441.0,0,0.0,0.0,,0.0,normalDay
2023-10-05,9197.0,-1211.0,0.0,0,424.5,0.0,1,5.1,17.21,SPY231027P00441000,441.0,0,0.0,0.0,,0.0,normalDay
2023-10-06,9197.0,-711.0,0.0,0,429.54,0.0,1,5.1,12.21,SPY231027P00441000,441.0,0,0.0,0.0,,0.0,normalDay
2023-10-09,9197.0,-498.0,0.0,0,432.29,0.0,1,5.1,10.08,SPY231027P00441000,441.0,0,0.0,0.0,,0.0,normalDay
2023-10-10,9197.0,-333.0,0.0,0,434.54,0.0,1,5.1,8.43,SPY231027P00441000,441.0,0,0.0,0.0,,0.0,normalDay
2023-10-11,9197.0,-138.0,0.0,0,436.32,0.0,1,5.1,6.48,SPY231027P00441000,441.0,0,0.0,0.0,,0.0,normalDay
2023-10-12,9197.0,-333.0,0.0,0,433.66,0.0,1,5.1,8.43,SPY231027P00441000,441.0,0,0.0,0.0,,0.0,normalDay
2023-10-13,9197.0,-570.0,0.0,0,431.5,0.0,1,5.1,10.8,SPY231027P00441000,441.0,0,0.0,0.0,,0.0,normalDay
2023-10-16,9197.0,-150.0,0.0,0,436.04,0.0,1,5.1,6.6,SPY231027P00441000,441.0,0,0.0,0.0,,0.0,normalDay
2023-10-17,9197.0,-178.0,0.0,0,436.02,0.0,1,5.1,6.88,SPY231027P00441000,441.0,0,0.0,0.0,,0.0,normalDay
2023-10-18,9197.0,-564.0,0.0,0,430.21,0.0,1,5.1,10.74,SPY231027P00441000,441.0,0,0.0,0.0,,0.0,normalDay
2023-10-19,9197.0,-1032.0,0.0,0,426.43,0.0,1,5.1,15.42,SPY231027P00441000,441.0,0,0.0,0.0,,0.0,normalDay
2023-10-20,9197.0,-1474.0,0.0,0,421.19,0.0,1,5.1,19.84,SPY231027P00441000,441.0,0,0.0,0.0,,0.0,normalDay
2023-10-23,9197.0,-1476.0,0.0,0,420.46,0.0,1,5.1,19.86,SPY231027P00441000,441.0,0,0.0,0.0,,0.0,normalDay
2023-10-24,9197.0,-1209.0,0.0,0,423.63,0.0,1,5.1,17.19,SPY231027P00441000,441.0,0,0.0,0.0,,0.0,normalDay
2023-10-25,9197.0,-1822.0,0.0,0,417.55,0.0,1,5.1,23.32,SPY231027P00441000,441.0,0,0.0,0.0,,0.0,normalDay
2023-10-26,9197.0,-2314.0,0.0,0,412.55,0.0,1,5.1,28.24,SPY231027P00441000,441.0,0,0.0,0.0,,0.0,normalDay
2023-10-27,9707.0,-3032.0,510.0,100,410.68,441.0,1,5.1,0.0,SPY231027P00441000,441.0,0,0.0,0.0,,0.0,expirationDay
2023-10-30,9707.0,-2547.0,0.0,100,415.59,441.0,0,0.0,0.0,,0.0,1,8.14,8.2,SPY240119C00429000,429.0,normalDay
2023-10-31,9707.0,-2308.0,0.0,100,418.2,441.0,0,0.0,0.0,,0.0,1,8.14,8.42,SPY240119C00429000,429.0,normalDay
2023-11-01,9707.0,-2046.0,0.0,100,422.66,441.0,0,0.0,0.0,,0.0,1,8.14,10.26,SPY240119C00429000,429.0,normalDay
2023-11-02,9707.0,-1632.0,0.0,100,430.76,441.0,0,0.0,0.0,,0.0,1,8.14,14.22,SPY240119C00429000,429.0,normalDay
2023-11-03,9707.0,-1505.0,0.0,100,434.69,441.0,0,0.0,0.0,,0.0,1,8.14,16.88,SPY240119C00429000,429.0,normalDay
2023-11-06,9707.0,-1391.0,0.0,100,435.69,441.0,0,0.0,0.0,,0.0,1,8.14,16.74,SPY240119C00429000,429.0,normalDay
2023-11-07,9707.0,-1360.0,0.0,100,436.93,441.0,0,0.0,0.0,,0.0,1,8.14,17.67,SPY240119C00429000,429.0,normalDay
2023-11-08,9707.0,-1302.0,0.0,100,437.25,441.0,0,0.0,0.0,,0.0,1,8.14,17.41,SPY240119C00429000,429.0,normalDay
2023-11-09,9707.0,-1439.0,0.0,100,433.84,441.0,0,0.0,0.0,,0.0,1,8.14,15.37,SPY240119C00429000,429.0,normalDay
2023-11-10,9707.0,-1216.0,0.0,100,440.61,441.0,0,0.0,0.0,,0.0,1,8.14,19.91,SPY240119C00429000,429.0,normalDay
2023-11-13,9707.0,-1226.0,0.0,100,440.19,441.0,0,0.0,0.0,,0.0,1,8.14,19.59,SPY240119C00429000,429.0,normalDay
2023-11-14,9707.0,-1071.0,0.0,100,448.73,441.0,0,0.0,0.0,,0.0,1,8.14,26.58,SPY240119C00429000,429.0,normalDay
2023-11-15,9707.0,-975.0,0.0,100,449.68,441.0,0,0.0,0.0,,0.0,1,8.14,26.57,SPY240119C00429000,429.0,normalDay
2023-11-16,9707.0,-976.0,0.0,100,450.23,441.0,0,0.0,0.0,,0.0,1,8.14,27.13,SPY240119C00429000,429.0,normalDay
2023-11-17,9707.0,-936.0,0.0,100,450.79,441.0,0,0.0,0.0,,0.0,1,8.14,27.29,SPY240119C00429000,429.0,normalDay
2023-11-20,9707.0,-873.0,0.0,100,454.26,441.0,0,0.0,0.0,,0.0,1,8.14,30.13,SPY240119C00429000,429.0,normalDay
2023-11-21,9707.0,-834.0,0.0,100,453.27,441.0,0,0.0,0.0,,0.0,1,8.14,28.75,SPY240119C00429000,429.0,normalDay
2023-11-22,9707.0,-852.0,0.0,100,455.02,441.0,0,0.0,0.0,,0.0,1,8.14,30.68,SPY240119C00429000,429.0,normalDay
2023-11-24,9707.0,-885.0,0.0,100,455.3,441.0,0,0.0,0.0,,0.0,1,8.14,31.29,SPY240119C00429000,429.0,normalDay
2023-11-27,9707.0,-830.0,0.0,100,454.48,441.0,0,0.0,0.0,,0.0,1,8.14,29.92,SPY240119C00429000,429.0,normalDay
2023-11-28,9707.0,-811.0,0.0,100,454.93,441.0,0,0.0,0.0,,0.0,1,8.14,30.18,SPY240119C00429000,429.0,normalDay
2023-11-29,9707.0,-826.0,0.0,100,454.61,441.0,0,0.0,0.0,,0.0,1,8.14,30.01,SPY240119C00429000,429.0,normalDay
2023-11-30,9707.0,-807.0,0.0,100,456.4,441.0,0,0.0,0.0,,0.0,1,8.14,31.61,SPY240119C00429000,429.0,normalDay
