date,totalCapital,unrializedPnL,rializedPnL,stocksOwned,stocksPriceToday,stocksPriceBoughtAt,putOwned,putOwnedSoldAt,putPriceToday,putOwnedContract,putOwnedStrike,callOwned,callOwnedSoldAt,callPriceToday,callOwnedContract,callOwnedStrike,trackType
2018-11-01,0.0,-6.0,0.0,0,273.51,0.0,1,1.32,1.38,SPY181203P00256000,256.0,0,0.0,0.0,,0.0,normalDay
2018-11-02,0.0,-13.0,0.0,0,271.89,0.0,1,1.32,1.45,SPY181203P00256000,256.0,0,0.0,0.0,,0.0,normalDay
2018-11-05,0.0,14.0,0.0,0,273.39,0.0,1,1.32,1.18,SPY181203P00256000,256.0,0,0.0,0.0,,0.0,normalDay
2018-11-06,0.0,29.0,0.0,0,275.12,0.0,1,1.32,1.03,SPY181203P00256000,256.0,0,0.0,0.0,,0.0,normalDay
2018-11-07,0.0,93.0,0.0,0,281.01,0.0,1,1.32,0.39,SPY181203P00256000,256.0,0,0.0,0.0,,0.0,normalDay
2018-11-08,0.0,90.0,0.0,0,280.5,0.0,1,1.32,0.42,SPY181203P00256000,256.0,0,0.0,0.0,,0.0,normalDay
2018-11-09,0.0,79.0,0.0,0,277.76,0.0,1,1.32,0.53,SPY181203P00256000,256.0,0,0.0,0.0,,0.0,normalDay
2018-11-12,0.0,30.0,0.0,0,272.57,0.0,1,1.32,1.02,SPY181203P00256000,256.0,0,0.0,0.0,,0.0,normalDay
2018-11-13,0.0,34.0,0.0,0,272.06,0.0,1,1.32,0.98,SPY181203P00256000,256.0,0,0.0,0.0,,0.0,normalDay
2018-11-14,0.0,9.0,0.0,0,270.2,0.0,1,1.32,1.23,SPY181203P00256000,256.0,0,0.0,0.0,,0.0,normalDay
2018-11-15,0.0,61.0,0.0,0,273.02,0.0,1,1.32,0.71,SPY181203P00256000,256.0,0,0.0,0.0,,0.0,normalDay
2018-11-16,0.0,87.0,0.0,0,273.73,0.0,1,1.32,0.45,SPY181203P00256000,256.0,0,0.0,0.0,,0.0,normalDay
2018-11-19,0.0,55.0,0.0,0,269.1,0.0,1,1.32,0.77,SPY181203P00256000,256.0,0,0.0,0.0,,0.0,normalDay
2018-11-20,0.0,-33.0,0.0,0,264.12,0.0,1,1.32,1.65,SPY181203P00256000,256.0,0,0.0,0.0,,0.0,normalDay
2018-11-21,0.0,33.0,0.0,0,265.02,0.0,1,1.32,0.99,SPY181203P00256000,256.0,0,0.0,0.0,,0.0,normalDay
2018-11-23,0.0,12.0,0.0,0,263.25,0.0,1,1.32,1.2,SPY181203P00256000,256.0,0,0.0,0.0,,0.0,normalDay
2018-11-26,0.0,108.0,0.0,0,267.5,0.0,1,1.32,0.24,SPY181203P00256000,256.0,0,0.0,0.0,,0.0,normalDay
2018-11-27,0.0,111.0,0.0,0,268.4,0.0,1,1.32,0.21,SPY181203P00256000,256.0,0,0.0,0.0,,0.0,normalDay
2018-11-28,0.0,124.0,0.0,0,274.58,0.0,1,1.32,0.08,SPY181203P00256000,256.0,0,0.0,0.0,,0.0,normalDay
2018-11-29,0.0,126.0,0.0,0,273.98,0.0,1,1.32,0.06,SPY181203P00256000,256.0,0,0.0,0.0,,0.0,normalDay
2018-11-30,0.0,129.0,0.0,0,275.65,0.0,1,1.32,0.03,SPY181203P00256000,256.0,0,0.0,0.0,,0.0,normalDay
2018-12-03,132.0,0.0,132.0,0,279.3,0.0,1,1.32,0.0,SPY181203P00256000,256.0,0,0.0,0.0,,0.0,expirationDay
2018-12-04,132.0,-9.0,0.0,0,270.25,0.0,1,2.28,2.37,SPY190104P00258000,258.0,0,0.0,0.0,,0.0,normalDay
2018-12-06,132.0,-12.0,0.0,0,269.84,0.0,1,2.28,2.4,SPY190104P00258000,258.0,0,0.0,0.0,,0.0,normalDay
2018-12-07,132.0,-210.0,0.0,0,263.57,0.0,1,2.28,4.38,SPY190104P00258000,258.0,0,0.0,0.0,,0.0,normalDay
2018-12-10,132.0,-123.0,0.0,0,264.07,0.0,1,2.28,3.51,SPY190104P00258000,258.0,0,0.0,0.0,,0.0,normalDay
2018-12-11,132.0,-100.0,0.0,0,264.13,0.0,1,2.28,3.28,SPY190104P00258000,258.0,0,0.0,0.0,,0.0,normalDay
2018-12-12,132.0,-55.0,0.0,0,265.46,0.0,1,2.28,2.83,SPY190104P00258000,258.0,0,0.0,0.0,,0.0,normalDay
2018-12-13,132.0,-21.0,0.0,0,265.37,0.0,1,2.28,2.49,SPY190104P00258000,258.0,0,0.0,0.0,,0.0,normalDay
2018-12-14,132.0,-176.0,0.0,0,260.47,0.0,1,2.28,4.04,SPY190104P00258000,258.0,0,0.0,0.0,,0.0,normalDay
2018-12-17,132.0,-449.0,0.0,0,255.36,0.0,1,2.28,6.77,SPY190104P00258000,258.0,0,0.0,0.0,,0.0,normalDay
2018-12-18,132.0,-520.0,0.0,0,255.08,0.0,1,2.28,7.48,SPY190104P00258000,258.0,0,0.0,0.0,,0.0,normalDay
2018-12-19,132.0,-708.0,0.0,0,251.26,0.0,1,2.28,9.36,SPY190104P00258000,258.0,0,0.0,0.0,,0.0,normalDay
2018-12-20,132.0,-1005.0,0.0,0,247.17,0.0,1,2.28,12.33,SPY190104P00258000,258.0,0,0.0,0.0,,0.0,normalDay
2018-12-21,132.0,-1595.0,0.0,0,240.7,0.0,1,2.28,18.23,SPY190104P00258000,258.0,0,0.0,0.0,,0.0,normalDay
2018-12-24,132.0,-2372.0,0.0,0,234.34,0.0,1,2.28,26.0,SPY190104P00258000,258.0,0,0.0,0.0,,0.0,normalDay
2018-12-26,132.0,-1011.0,0.0,0,246.18,0.0,1,2.28,12.39,SPY190104P00258000,258.0,0,0.0,0.0,,0.0,normalDay
2018-12-27,132.0,-816.0,0.0,0,248.07,0.0,1,2.28,10.44,SPY190104P00258000,258.0,0,0.0,0.0,,0.0,normalDay
2018-12-28,132.0,-855.0,0.0,0,247.75,0.0,1,2.28,10.83,SPY190104P00258000,258.0,0,0.0,0.0,,0.0,normalDay
2018-12-31,132.0,-630.0,0.0,0,249.92,0.0,1,2.28,8.58,SPY190104P00258000,258.0,0,0.0,0.0,,0.0,normalDay
2019-01-02,132.0,-562.0,0.0,0,250.18,0.0,1,2.28,7.9,SPY190104P00258000,258.0,0,0.0,0.0,,0.0,normalDay
2019-01-03,132.0,-1179.0,0.0,0,244.21,0.0,1,2.28,14.07,SPY190104P00258000,258.0,0,0.0,0.0,,0.0,normalDay
2019-01-04,360.0,-561.0,228.0,100,252.39,258.0,1,2.28,0.0,SPY190104P00258000,258.0,0,0.0,0.0,,0.0,expirationDay
2019-01-07,360.0,-362.0,0.0,100,254.38,258.0,0,0.0,0.0,,0.0,0,0.0,0.0,,0.0,bidTooLow
2019-01-08,360.0,-123.0,0.0,100,256.77,258.0,0,0.0,0.0,,0.0,0,0.0,0.0,,0.0,bidTooLow
2019-01-09,360.0,-3.0,0.0,100,257.97,258.0,0,0.0,0.0,,0.0,0,0.0,0.0,,0.0,bidTooLow
2019-01-10,360.0,88.0,0.0,100,258.88,258.0,0,0.0,0.0,,0.0,0,0.0,0.0,,0.0,bidTooLow
2019-01-11,360.0,98.0,0.0,100,258.98,258.0,0,0.0,0.0,,0.0,0,0.0,0.0,,0.0,bidTooLow
2019-01-14,360.0,-60.0,0.0,100,257.4,258.0,0,0.0,0.0,,0.0,0,0.0,0.0,,0.0,bidTooLow
2019-01-15,360.0,235.0,0.0,100,260.35,258.0,0,0.0,0.0,,0.0,0,0.0,0.0,,0.0,bidTooLow
2019-01-16,360.0,298.0,0.0,100,260.98,258.0,0,0.0,0.0,,0.0,0,0.0,0.0,,0.0,bidTooLow
2019-01-17,360.0,496.0,0.0,100,262.96,258.0,0,0.0,0.0,,0.0,0,0.0,0.0,,0.0,bidTooLow
2019-01-18,360.0,846.0,0.0,100,266.46,258.0,0,0.0,0.0,,0.0,0,0.0,0.0,,0.0,bidTooLow
2019-01-22,360.0,486.0,0.0,100,262.86,258.0,0,0.0,0.0,,0.0,0,0.0,0.0,,0.0,bidTooLow
2019-01-23,360.0,541.0,0.0,100,263.41,258.0,0,0.0,0.0,,0.0,0,0.0,0.0,,0.0,bidTooLow
2019-01-24,360.0,555.0,0.0,100,263.55,258.0,0,0.0,0.0,,0.0,0,0.0,0.0,,0.0,bidTooLow
2019-01-25,360.0,778.0,0.0,100,265.78,258.0,0,0.0,0.0,,0.0,0,0.0,0.0,,0.0,bidTooLow
2019-01-28,360.0,576.0,0.0,100,263.76,258.0,0,0.0,0.0,,0.0,0,0.0,0.0,,0.0,bidTooLow
2019-01-29,360.0,541.0,0.0,100,263.41,258.0,0,0.0,0.0,,0.0,0,0.0,0.0,,0.0,bidTooLow
2019-01-30,360.0,958.0,0.0,100,267.58,258.0,0,0.0,0.0,,0.0,0,0.0,0.0,,0.0,bidTooLow
2019-01-31,360.0,1193.0,0.0,100,269.93,258.0,0,0.0,0.0,,0.0,0,0.0,0.0,,0.0,bidTooLow
2019-02-01,360.0,1206.0,0.0,100,270.06,258.0,0,0.0,0.0,,0.0,0,0.0,0.0,,0.0,bidTooLow
2019-02-04,360.0,1396.0,0.0,100,271.96,258.0,0,0.0,0.0,,0.0,0,0.0,0.0,,0.0,bidTooLow
2019-02-05,360.0,1507.0,0.0,100,273.1,258.0,0,0.0,0.0,,0.0,1,0.06,0.09,SPY190208C00278000,278.0,normalDay
2019-02-06,360.0,1478.0,0.0,100,272.74,258.0,0,0.0,0.0,,0.0,1,0.06,0.02,SPY190208C00278000,278.0,normalDay
2019-02-07,360.0,1219.0,0.0,100,270.14,258.0,0,0.0,0.0,,0.0,1,0.06,0.01,SPY190208C00278000,278.0,normalDay
2019-02-08,366.0,1247.0,6.0,100,270.47,258.0,0,0.0,0.0,,0.0,1,0.06,0.0,SPY190208C00278000,278.0,expirationDay
2019-02-11,366.0,1262.0,0.0,100,270.62,258.0,0,0.0,0.0,,0.0,0,0.0,0.0,,0.0,bidTooLow
2019-02-12,366.0,1607.0,0.0,100,274.1,258.0,0,0.0,0.0,,0.0,1,0.02,0.05,SPY190215C00280000,280.0,normalDay
2019-02-13,366.0,1696.0,0.0,100,274.99,258.0,0,0.0,0.0,,0.0,1,0.02,0.05,SPY190215C00280000,280.0,normalDay
2019-02-14,366.0,1638.0,0.0,100,274.38,258.0,0,0.0,0.0,,0.0,1,0.02,0.02,SPY190215C00280000,280.0,normalDay
2019-02-15,368.0,1937.0,2.0,100,277.37,258.0,0,0.0,0.0,,0.0,1,0.02,0.0,SPY190215C00280000,280.0,expirationDay
2019-02-19,368.0,1985.0,0.0,100,277.85,258.0,0,0.0,0.0,,0.0,0,0.0,0.0,,0.0,bidTooLow
2019-02-20,368.0,2041.0,0.0,100,278.41,258.0,0,0.0,0.0,,0.0,0,0.0,0.0,,0.0,bidTooLow
2019-02-21,368.0,1942.0,0.0,100,277.42,258.0,0,0.0,0.0,,0.0,0,0.0,0.0,,0.0,bidTooLow
2019-02-22,368.0,2114.0,0.0,100,279.14,258.0,0,0.0,0.0,,0.0,0,0.0,0.0,,0.0,bidTooLow
2019-02-25,368.0,2152.0,0.0,100,279.52,258.0,0,0.0,0.0,,0.0,0,0.0,0.0,,0.0,bidTooLow
2019-02-26,368.0,2132.0,0.0,100,279.32,258.0,0,0.0,0.0,,0.0,0,0.0,0.0,,0.0,bidTooLow
2019-02-27,368.0,2120.0,0.0,100,279.2,258.0,0,0.0,0.0,,0.0,0,0.0,0.0,,0.0,bidTooLow
2019-02-28,368.0,2068.0,0.0,100,278.68,258.0,0,0.0,0.0,,0.0,0,0.0,0.0,,0.0,bidTooLow
2019-03-01,368.0,2242.0,0.0,100,280.42,258.0,0,0.0,0.0,,0.0,0,0.0,0.0,,0.0,bidTooLow
2019-03-04,368.0,2140.0,0.0,100,279.4,258.0,0,0.0,0.0,,0.0,0,0.0,0.0,,0.0,bidTooLow
2019-03-05,368.0,2102.0,0.0,100,279.02,258.0,0,0.0,0.0,,0.0,0,0.0,0.0,,0.0,bidTooLow
2019-03-06,368.0,1933.0,0.0,100,277.33,258.0,0,0.0,0.0,,0.0,0,0.0,0.0,,0.0,bidTooLow
2019-03-07,368.0,1701.0,0.0,100,275.01,258.0,0,0.0,0.0,,0.0,0,0.0,0.0,,0.0,bidTooLow
2019-03-08,368.0,1646.0,0.0,100,274.46,258.0,0,0.0,0.0,,0.0,0,0.0,0.0,,0.0,bidTooLow
2019-03-11,368.0,2044.0,0.0,100,278.44,258.0,0,0.0,0.0,,0.0,0,0.0,0.0,,0.0,bidTooLow
2019-03-12,368.0,2146.0,0.0,100,279.49,258.0,0,0.0,0.0,,0.0,1,0.04,0.07,SPY190315C00283500,283.5,normalDay
2019-03-13,368.0,2319.0,0.0,100,281.34,258.0,0,0.0,0.0,,0.0,1,0.04,0.19,SPY190315C00283500,283.5,normalDay
2019-03-14,368.0,2316.0,0.0,100,281.16,258.0,0,0.0,0.0,,0.0,1,0.04,0.04,SPY190315C00283500,283.5,normalDay
2019-03-15,372.0,2331.0,4.0,100,281.31,258.0,0,0.0,0.0,,0.0,1,0.04,0.0,SPY190315C00283500,283.5,expirationDay
2019-03-18,372.0,2430.0,0.0,100,282.33,258.0,0,0.0,0.0,,0.0,1,0.13,0.16,SPY190320C00285000,285.0,normalDay
2019-03-19,372.0,2444.0,0.0,100,282.4,258.0,0,0.0,0.0,,0.0,1,0.13,0.09,SPY190320C00285000,285.0,normalDay
2019-03-20,385.0,2355.0,13.0,100,281.55,258.0,0,0.0,0.0,,0.0,1,0.13,0.0,SPY190320C00285000,285.0,expirationDay
2019-03-21,385.0,2670.0,0.0,100,284.73,258.0,0,0.0,0.0,,0.0,1,0.04,0.07,SPY190322C00287000,287.0,normalDay
2019-03-22,389.0,2125.0,4.0,100,279.25,258.0,0,0.0,0.0,,0.0,1,0.04,0.0,SPY190322C00287000,287.0,expirationDay
2019-03-25,389.0,2104.0,0.0,100,279.04,258.0,0,0.0,0.0,,0.0,0,0.0,0.0,,0.0,bidTooLow
2019-03-26,389.0,2309.0,0.0,100,281.12,258.0,0,0.0,0.0,,0.0,1,0.02,0.05,SPY190329C00287000,287.0,normalDay
2019-03-27,389.0,2165.0,0.0,100,279.65,258.0,0,0.0,0.0,,0.0,1,0.02,0.02,SPY190329C00287000,287.0,normalDay
2019-03-28,389.0,2272.0,0.0,100,280.71,258.0,0,0.0,0.0,,0.0,1,0.02,0.01,SPY190329C00287000,287.0,normalDay
2019-03-29,391.0,2448.0,2.0,100,282.48,258.0,0,0.0,0.0,,0.0,1,0.02,0.0,SPY190329C00287000,287.0,expirationDay
2019-04-01,391.0,2780.0,0.0,100,285.83,258.0,0,0.0,0.0,,0.0,1,0.03,0.06,SPY190403C00289000,289.0,normalDay
2019-04-02,391.0,2798.0,0.0,100,285.97,258.0,0,0.0,0.0,,0.0,1,0.03,0.02,SPY190403C00289000,289.0,normalDay
2019-04-03,394.0,2842.0,3.0,100,286.42,258.0,0,0.0,0.0,,0.0,1,0.03,0.0,SPY190403C00289000,289.0,expirationDay
2019-04-04,394.0,2918.0,0.0,100,287.18,258.0,0,0.0,0.0,,0.0,0,0.0,0.0,,0.0,bidTooLow
2019-04-05,394.0,3054.0,0.0,100,288.57,258.0,0,0.0,0.0,,0.0,1,0.01,0.04,SPY190408C00291000,291.0,normalDay
2019-04-08,395.0,3079.0,1.0,100,288.79,258.0,0,0.0,0.0,,0.0,1,0.01,0.0,SPY190408C00291000,291.0,expirationDay
2019-04-09,395.0,2931.0,0.0,100,287.31,258.0,0,0.0,0.0,,0.0,0,0.0,0.0,,0.0,bidTooLow
2019-04-10,395.0,3029.0,0.0,100,288.29,258.0,0,0.0,0.0,,0.0,0,0.0,0.0,,0.0,bidTooLow
2019-04-11,395.0,3021.0,0.0,100,288.21,258.0,0,0.0,0.0,,0.0,0,0.0,0.0,,0.0,bidTooLow
2019-04-12,395.0,3216.0,0.0,100,290.16,258.0,0,0.0,0.0,,0.0,0,0.0,0.0,,0.0,bidTooLow
2019-04-15,395.0,3197.0,0.0,100,289.97,258.0,0,0.0,0.0,,0.0,0,0.0,0.0,,0.0,bidTooLow
2019-04-16,395.0,3216.0,0.0,100,290.16,258.0,0,0.0,0.0,,0.0,0,0.0,0.0,,0.0,bidTooLow
2019-04-17,395.0,3145.0,0.0,100,289.45,258.0,0,0.0,0.0,,0.0,0,0.0,0.0,,0.0,bidTooLow
2019-04-18,395.0,3202.0,0.0,100,290.02,258.0,0,0.0,0.0,,0.0,0,0.0,0.0,,0.0,bidTooLow
2019-04-22,395.0,3227.0,0.0,100,290.27,258.0,0,0.0,0.0,,0.0,0,0.0,0.0,,0.0,bidTooLow
2019-04-23,395.0,3488.0,0.0,100,292.88,258.0,0,0.0,0.0,,0.0,0,0.0,0.0,,0.0,bidTooLow
2019-04-24,395.0,3423.0,0.0,100,292.23,258.0,0,0.0,0.0,,0.0,0,0.0,0.0,,0.0,bidTooLow
2019-04-25,395.0,3405.0,0.0,100,292.05,258.0,0,0.0,0.0,,0.0,0,0.0,0.0,,0.0,bidTooLow
2019-04-26,395.0,3541.0,0.0,100,293.41,258.0,0,0.0,0.0,,0.0,0,0.0,0.0,,0.0,bidTooLow
2019-04-29,395.0,3584.0,0.0,100,293.87,258.0,0,0.0,0.0,,0.0,1,0.05,0.08,SPY190501C00297000,297.0,normalDay
2019-04-30,395.0,3605.0,0.0,100,294.02,258.0,0,0.0,0.0,,0.0,1,0.05,0.02,SPY190501C00297000,297.0,normalDay
2019-05-01,400.0,3381.0,5.0,100,291.81,258.0,0,0.0,0.0,,0.0,1,0.05,0.0,SPY190501C00297000,297.0,expirationDay
2019-05-02,400.0,3318.0,0.0,100,291.18,258.0,0,0.0,0.0,,0.0,0,0.0,0.0,,0.0,bidTooLow
2019-05-03,400.0,3603.0,0.0,100,294.03,258.0,0,0.0,0.0,,0.0,0,0.0,0.0,,0.0,bidTooLow
2019-05-06,400.0,3479.0,0.0,100,292.82,258.0,0,0.0,0.0,,0.0,1,0.01,0.04,SPY190508C00297000,297.0,normalDay
2019-05-07,400.0,2993.0,0.0,100,287.93,258.0,0,0.0,0.0,,0.0,1,0.01,0.01,SPY190508C00297000,297.0,normalDay
2019-05-08,401.0,2953.0,1.0,100,287.53,258.0,0,0.0,0.0,,0.0,1,0.01,0.0,SPY190508C00297000,297.0,expirationDay
2019-05-09,401.0,2866.0,0.0,100,286.66,258.0,0,0.0,0.0,,0.0,0,0.0,0.0,,0.0,bidTooLow
2019-05-10,401.0,3010.0,0.0,100,288.1,258.0,0,0.0,0.0,,0.0,0,0.0,0.0,,0.0,bidTooLow
2019-05-13,401.0,2286.0,0.0,100,280.86,258.0,0,0.0,0.0,,0.0,0,0.0,0.0,,0.0,bidTooLow
2019-05-14,401.0,2540.0,0.0,100,283.4,258.0,0,0.0,0.0,,0.0,0,0.0,0.0,,0.0,bidTooLow
2019-05-15,401.0,2706.0,0.0,100,285.06,258.0,0,0.0,0.0,,0.0,0,0.0,0.0,,0.0,bidTooLow
2019-05-16,401.0,2970.0,0.0,100,287.7,258.0,0,0.0,0.0,,0.0,0,0.0,0.0,,0.0,bidTooLow
2019-05-17,401.0,2784.0,0.0,100,285.84,258.0,0,0.0,0.0,,0.0,0,0.0,0.0,,0.0,bidTooLow
2019-05-20,401.0,2595.0,0.0,100,283.95,258.0,0,0.0,0.0,,0.0,0,0.0,0.0,,0.0,bidTooLow
2019-05-21,401.0,2851.0,0.0,100,286.51,258.0,0,0.0,0.0,,0.0,0,0.0,0.0,,0.0,bidTooLow
2019-05-22,401.0,2763.0,0.0,100,285.63,258.0,0,0.0,0.0,,0.0,0,0.0,0.0,,0.0,bidTooLow
2019-05-23,401.0,2414.0,0.0,100,282.14,258.0,0,0.0,0.0,,0.0,0,0.0,0.0,,0.0,bidTooLow
2019-05-24,401.0,2478.0,0.0,100,282.78,258.0,0,0.0,0.0,,0.0,0,0.0,0.0,,0.0,bidTooLow
2019-05-28,401.0,2215.0,0.0,100,280.15,258.0,0,0.0,0.0,,0.0,0,0.0,0.0,,0.0,bidTooLow
2019-05-29,401.0,2027.0,0.0,100,278.27,258.0,0,0.0,0.0,,0.0,0,0.0,0.0,,0.0,bidTooLow
2019-05-30,401.0,2103.0,0.0,100,279.03,258.0,0,0.0,0.0,,0.0,0,0.0,0.0,,0.0,bidTooLow
2019-05-31,401.0,1727.0,0.0,100,275.27,258.0,0,0.0,0.0,,0.0,0,0.0,0.0,,0.0,bidTooLow
2019-06-03,401.0,1657.0,0.0,100,274.57,258.0,0,0.0,0.0,,0.0,0,0.0,0.0,,0.0,bidTooLow
2019-06-04,401.0,2253.0,0.0,100,280.53,258.0,0,0.0,0.0,,0.0,0,0.0,0.0,,0.0,bidTooLow
2019-06-05,401.0,2496.0,0.0,100,282.96,258.0,0,0.0,0.0,,0.0,0,0.0,0.0,,0.0,bidTooLow
2019-06-06,401.0,2680.0,0.0,100,284.8,258.0,0,0.0,0.0,,0.0,0,0.0,0.0,,0.0,bidTooLow
2019-06-07,401.0,2965.0,0.0,100,287.65,258.0,0,0.0,0.0,,0.0,0,0.0,0.0,,0.0,bidTooLow
2019-06-10,401.0,3097.0,0.0,100,288.97,258.0,0,0.0,0.0,,0.0,0,0.0,0.0,,0.0,bidTooLow
2019-06-11,401.0,3087.0,0.0,100,288.9,258.0,0,0.0,0.0,,0.0,1,0.01,0.04,SPY190614C00296000,296.0,normalDay
2019-06-12,401.0,3039.0,0.0,100,288.39,258.0,0,0.0,0.0,,0.0,1,0.01,0.01,SPY190614C00296000,296.0,normalDay
2019-06-13,401.0,3158.0,0.0,100,289.58,258.0,0,0.0,0.0,,0.0,1,0.01,0.01,SPY190614C00296000,296.0,normalDay
2019-06-14,402.0,3126.0,1.0,100,289.26,258.0,0,0.0,0.0,,0.0,1,0.01,0.0,SPY190614C00296000,296.0,expirationDay
2019-06-17,402.0,3137.0,0.0,100,289.37,258.0,0,0.0,0.0,,0.0,0,0.0,0.0,,0.0,bidTooLow
2019-06-18,402.0,3437.0,0.0,100,292.4,258.0,0,0.0,0.0,,0.0,1,0.02,0.05,SPY190621C00300000,300.0,normalDay
2019-06-19,402.0,3505.0,0.0,100,293.06,258.0,0,0.0,0.0,,0.0,1,0.02,0.03,SPY190621C00300000,300.0,normalDay
2019-06-20,402.0,3782.0,0.0,100,295.86,258.0,0,0.0,0.0,,0.0,1,0.02,0.06,SPY190621C00300000,300.0,normalDay
2019-06-21,404.0,3600.0,2.0,100,294.0,258.0,0,0.0,0.0,,0.0,1,0.02,0.0,SPY190621C00300000,300.0,expirationDay
2019-06-24,404.0,3564.0,0.0,100,293.64,258.0,0,0.0,0.0,,0.0,0,0.0,0.0,,0.0,bidTooLow
2019-06-25,404.0,3276.0,0.0,100,290.76,258.0,0,0.0,0.0,,0.0,0,0.0,0.0,,0.0,bidTooLow
2019-06-26,404.0,3247.0,0.0,100,290.47,258.0,0,0.0,0.0,,0.0,0,0.0,0.0,,0.0,bidTooLow
2019-06-27,404.0,3350.0,0.0,100,291.5,258.0,0,0.0,0.0,,0.0,0,0.0,0.0,,0.0,bidTooLow
2019-06-28,404.0,3500.0,0.0,100,293.0,258.0,0,0.0,0.0,,0.0,0,0.0,0.0,,0.0,bidTooLow
2019-07-01,404.0,3766.0,0.0,100,295.66,258.0,0,0.0,0.0,,0.0,0,0.0,0.0,,0.0,bidTooLow
2019-07-02,404.0,3840.0,0.0,100,296.43,258.0,0,0.0,0.0,,0.0,1,0.02,0.05,SPY190705C00301000,301.0,normalDay
2019-07-03,404.0,4068.0,0.0,100,298.8,258.0,0,0.0,0.0,,0.0,1,0.02,0.14,SPY190705C00301000,301.0,normalDay
2019-07-05,406.0,4046.0,2.0,100,298.46,258.0,0,0.0,0.0,,0.0,1,0.02,0.0,SPY190705C00301000,301.0,expirationDay
2019-07-08,406.0,3882.0,0.0,100,296.82,258.0,0,0.0,0.0,,0.0,0,0.0,0.0,,0.0,bidTooLow
2019-07-09,406.0,3919.0,0.0,100,297.19,258.0,0,0.0,0.0,,0.0,0,0.0,0.0,,0.0,bidTooLow
2019-07-10,406.0,4061.0,0.0,100,298.61,258.0,0,0.0,0.0,,0.0,0,0.0,0.0,,0.0,bidTooLow
2019-07-11,406.0,4131.0,0.0,100,299.31,258.0,0,0.0,0.0,,0.0,0,0.0,0.0,,0.0,bidTooLow
2019-07-12,406.0,4265.0,0.0,100,300.65,258.0,0,0.0,0.0,,0.0,0,0.0,0.0,,0.0,bidTooLow
2019-07-15,406.0,4275.0,0.0,100,300.75,258.0,0,0.0,0.0,,0.0,0,0.0,0.0,,0.0,bidTooLow
2019-07-16,406.0,4178.0,0.0,100,299.78,258.0,0,0.0,0.0,,0.0,0,0.0,0.0,,0.0,bidTooLow
2019-07-17,406.0,3974.0,0.0,100,297.74,258.0,0,0.0,0.0,,0.0,0,0.0,0.0,,0.0,bidTooLow
2019-07-18,406.0,4083.0,0.0,100,298.83,258.0,0,0.0,0.0,,0.0,0,0.0,0.0,,0.0,bidTooLow
2019-07-19,406.0,3917.0,0.0,100,297.17,258.0,0,0.0,0.0,,0.0,0,0.0,0.0,,0.0,bidTooLow
2019-07-22,406.0,3990.0,0.0,100,297.9,258.0,0,0.0,0.0,,0.0,0,0.0,0.0,,0.0,bidTooLow
2019-07-23,406.0,4203.0,0.0,100,300.03,258.0,0,0.0,0.0,,0.0,0,0.0,0.0,,0.0,bidTooLow
2019-07-24,406.0,4344.0,0.0,100,301.44,258.0,0,0.0,0.0,,0.0,0,0.0,0.0,,0.0,bidTooLow
2019-07-25,406.0,4200.0,0.0,100,300.0,258.0,0,0.0,0.0,,0.0,0,0.0,0.0,,0.0,bidTooLow
2019-07-26,406.0,4401.0,0.0,100,302.01,258.0,0,0.0,0.0,,0.0,0,0.0,0.0,,0.0,bidTooLow
2019-07-29,406.0,4343.0,0.0,100,301.46,258.0,0,0.0,0.0,,0.0,1,0.16,0.19,SPY190731C00304500,304.5,normalDay
2019-07-30,406.0,4282.0,0.0,100,300.72,258.0,0,0.0,0.0,,0.0,1,0.16,0.06,SPY190731C00304500,304.5,normalDay
2019-07-31,422.0,3943.0,16.0,100,297.43,258.0,0,0.0,0.0,,0.0,1,0.16,0.0,SPY190731C00304500,304.5,expirationDay
2019-08-01,422.0,3684.0,0.0,100,294.84,258.0,0,0.0,0.0,,0.0,0,0.0,0.0,,0.0,bidTooLow
2019-08-02,422.0,3462.0,0.0,100,292.62,258.0,0,0.0,0.0,,0.0,0,0.0,0.0,,0.0,bidTooLow
2019-08-05,422.0,2582.0,0.0,100,283.82,258.0,0,0.0,0.0,,0.0,0,0.0,0.0,,0.0,bidTooLow
2019-08-06,422.0,2980.0,0.0,100,287.8,258.0,0,0.0,0.0,,0.0,0,0.0,0.0,,0.0,bidTooLow
2019-08-07,422.0,2997.0,0.0,100,287.97,258.0,0,0.0,0.0,,0.0,0,0.0,0.0,,0.0,bidTooLow
2019-08-08,422.0,3562.0,0.0,100,293.62,258.0,0,0.0,0.0,,0.0,0,0.0,0.0,,0.0,bidTooLow
2019-08-09,422.0,3362.0,0.0,100,291.62,258.0,0,0.0,0.0,,0.0,0,0.0,0.0,,0.0,bidTooLow
2019-08-12,422.0,3007.0,0.0,100,288.07,258.0,0,0.0,0.0,,0.0,0,0.0,0.0,,0.0,bidTooLow
2019-08-13,422.0,3455.0,0.0,100,292.55,258.0,0,0.0,0.0,,0.0,0,0.0,0.0,,0.0,bidTooLow
2019-08-14,422.0,2590.0,0.0,100,283.9,258.0,0,0.0,0.0,,0.0,0,0.0,0.0,,0.0,bidTooLow
2019-08-15,422.0,2665.0,0.0,100,284.65,258.0,0,0.0,0.0,,0.0,0,0.0,0.0,,0.0,bidTooLow
2019-08-16,422.0,3085.0,0.0,100,288.85,258.0,0,0.0,0.0,,0.0,0,0.0,0.0,,0.0,bidTooLow
2019-08-19,422.0,3433.0,0.0,100,292.33,258.0,0,0.0,0.0,,0.0,0,0.0,0.0,,0.0,bidTooLow
2019-08-20,422.0,3209.0,0.0,100,290.09,258.0,0,0.0,0.0,,0.0,0,0.0,0.0,,0.0,bidTooLow
2019-08-21,422.0,3445.0,0.0,100,292.45,258.0,0,0.0,0.0,,0.0,0,0.0,0.0,,0.0,bidTooLow
2019-08-22,422.0,3436.0,0.0,100,292.36,258.0,0,0.0,0.0,,0.0,0,0.0,0.0,,0.0,bidTooLow
2019-08-23,422.0,2685.0,0.0,100,284.85,258.0,0,0.0,0.0,,0.0,0,0.0,0.0,,0.0,bidTooLow
2019-08-26,422.0,3000.0,0.0,100,288.0,258.0,0,0.0,0.0,,0.0,0,0.0,0.0,,0.0,bidTooLow
2019-08-27,422.0,2887.0,0.0,100,286.87,258.0,0,0.0,0.0,,0.0,0,0.0,0.0,,0.0,bidTooLow
2019-08-28,422.0,3089.0,0.0,100,288.89,258.0,0,0.0,0.0,,0.0,0,0.0,0.0,,0.0,bidTooLow
2019-08-29,422.0,3458.0,0.0,100,292.58,258.0,0,0.0,0.0,,0.0,0,0.0,0.0,,0.0,bidTooLow
2019-08-30,422.0,3445.0,0.0,100,292.45,258.0,0,0.0,0.0,,0.0,0,0.0,0.0,,0.0,bidTooLow
2019-09-03,422.0,3271.0,0.0,100,290.74,258.0,0,0.0,0.0,,0.0,1,0.02,0.05,SPY190906C00298000,298.0,normalDay
2019-09-04,422.0,3595.0,0.0,100,294.04,258.0,0,0.0,0.0,,0.0,1,0.02,0.11,SPY190906C00298000,298.0,normalDay
2019-09-05,422.0,3918.0,0.0,100,297.82,258.0,0,0.0,0.0,,0.0,1,0.02,0.66,SPY190906C00298000,298.0,normalDay
2019-09-06,4424.0,3918.0,4002.0,0,298.05,0.0,0,0.0,0.0,,0.0,1,0.02,0.0,SPY190906C00298000,298.0,expirationDay
2019-09-09,4424.0,-4.0,0.0,0,298.2,0.0,1,1.15,1.19,SPY191011P00279000,279.0,0,0.0,0.0,,0.0,normalDay
2019-09-10,4424.0,2.0,0.0,0,298.13,0.0,1,1.15,1.13,SPY191011P00279000,279.0,0,0.0,0.0,,0.0,normalDay
2019-09-11,4424.0,31.0,0.0,0,300.25,0.0,1,1.15,0.84,SPY191011P00279000,279.0,0,0.0,0.0,,0.0,normalDay
2019-09-12,4424.0,46.0,0.0,0,301.29,0.0,1,1.15,0.69,SPY191011P00279000,279.0,0,0.0,0.0,,0.0,normalDay
2019-09-13,4424.0,55.0,0.0,0,301.09,0.0,1,1.15,0.6,SPY191011P00279000,279.0,0,0.0,0.0,,0.0,normalDay
2019-09-16,4424.0,52.0,0.0,0,300.16,0.0,1,1.15,0.63,SPY191011P00279000,279.0,0,0.0,0.0,,0.0,normalDay
2019-09-17,4424.0,61.0,0.0,0,300.92,0.0,1,1.15,0.54,SPY191011P00279000,279.0,0,0.0,0.0,,0.0,normalDay
2019-09-18,4424.0,69.0,0.0,0,301.1,0.0,1,1.15,0.46,SPY191011P00279000,279.0,0,0.0,0.0,,0.0,normalDay
2019-09-19,4424.0,71.0,0.0,0,301.08,0.0,1,1.15,0.44,SPY191011P00279000,279.0,0,0.0,0.0,,0.0,normalDay
2019-09-20,4424.0,57.0,0.0,0,298.28,0.0,1,1.15,0.58,SPY191011P00279000,279.0,0,0.0,0.0,,0.0,normalDay
2019-09-23,4424.0,72.0,0.0,0,298.21,0.0,1,1.15,0.43,SPY191011P00279000,279.0,0,0.0,0.0,,0.0,normalDay
2019-09-24,4424.0,44.0,0.0,0,295.87,0.0,1,1.15,0.71,SPY191011P00279000,279.0,0,0.0,0.0,,0.0,normalDay
2019-09-25,4424.0,67.0,0.0,0,297.62,0.0,1,1.15,0.48,SPY191011P00279000,279.0,0,0.0,0.0,,0.0,normalDay
2019-09-26,4424.0,73.0,0.0,0,297.0,0.0,1,1.15,0.42,SPY191011P00279000,279.0,0,0.0,0.0,,0.0,normalDay
2019-09-27,4424.0,62.0,0.0,0,295.4,0.0,1,1.15,0.53,SPY191011P00279000,279.0,0,0.0,0.0,,0.0,normalDay
2019-09-30,4424.0,88.0,0.0,0,296.77,0.0,1,1.15,0.27,SPY191011P00279000,279.0,0,0.0,0.0,,0.0,normalDay
2019-10-01,4424.0,59.0,0.0,0,293.24,0.0,1,1.15,0.56,SPY191011P00279000,279.0,0,0.0,0.0,,0.0,normalDay
2019-10-02,4424.0,-12.0,0.0,0,288.06,0.0,1,1.15,1.27,SPY191011P00279000,279.0,0,0.0,0.0,,0.0,normalDay
2019-10-03,4424.0,52.0,0.0,0,290.42,0.0,1,1.15,0.63,SPY191011P00279000,279.0,0,0.0,0.0,,0.0,normalDay
2019-10-04,4424.0,101.0,0.0,0,294.35,0.0,1,1.15,0.14,SPY191011P00279000,279.0,0,0.0,0.0,,0.0,normalDay
2019-10-07,4424.0,106.0,0.0,0,293.08,0.0,1,1.15,0.09,SPY191011P00279000,279.0,0,0.0,0.0,,0.0,normalDay
2019-10-08,4424.0,90.0,0.0,0,288.53,0.0,1,1.15,0.25,SPY191011P00279000,279.0,0,0.0,0.0,,0.0,normalDay
2019-10-09,4424.0,110.0,0.0,0,291.27,0.0,1,1.15,0.05,SPY191011P00279000,279.0,0,0.0,0.0,,0.0,normalDay
2019-10-10,4424.0,113.0,0.0,0,293.24,0.0,1,1.15,0.02,SPY191011P00279000,279.0,0,0.0,0.0,,0.0,normalDay
2019-10-11,4539.0,0.0,115.0,0,296.28,0.0,1,1.15,0.0,SPY191011P00279000,279.0,0,0.0,0.0,,0.0,expirationDay
2019-10-14,4539.0,-3.0,0.0,0,295.95,0.0,1,1.81,1.84,SPY191115P00285000,285.0,0,0.0,0.0,,0.0,normalDay
2019-10-15,4539.0,66.0,0.0,0,298.88,0.0,1,1.81,1.15,SPY191115P00285000,285.0,0,0.0,0.0,,0.0,normalDay
2019-10-16,4539.0,66.0,0.0,0,298.4,0.0,1,1.81,1.15,SPY191115P00285000,285.0,0,0.0,0.0,,0.0,normalDay
2019-10-17,4539.0,77.0,0.0,0,299.28,0.0,1,1.81,1.04,SPY191115P00285000,285.0,0,0.0,0.0,,0.0,normalDay
2019-10-18,4539.0,64.0,0.0,0,297.97,0.0,1,1.81,1.17,SPY191115P00285000,285.0,0,0.0,0.0,,0.0,normalDay
2019-10-21,4539.0,103.0,0.0,0,299.99,0.0,1,1.81,0.78,SPY191115P00285000,285.0,0,0.0,0.0,,0.0,normalDay
2019-10-22,4539.0,94.0,0.0,0,299.01,0.0,1,1.81,0.87,SPY191115P00285000,285.0,0,0.0,0.0,,0.0,normalDay
2019-10-23,4539.0,114.0,0.0,0,299.88,0.0,1,1.81,0.67,SPY191115P00285000,285.0,0,0.0,0.0,,0.0,normalDay
2019-10-24,4539.0,124.0,0.0,0,300.37,0.0,1,1.81,0.57,SPY191115P00285000,285.0,0,0.0,0.0,,0.0,normalDay
2019-10-25,4539.0,143.0,0.0,0,301.6,0.0,1,1.81,0.38,SPY191115P00285000,285.0,0,0.0,0.0,,0.0,normalDay
2019-10-28,4539.0,152.0,0.0,0,303.3,0.0,1,1.81,0.29,SPY191115P00285000,285.0,0,0.0,0.0,,0.0,normalDay
2019-10-29,4539.0,155.0,0.0,0,303.21,0.0,1,1.81,0.26,SPY191115P00285000,285.0,0,0.0,0.0,,0.0,normalDay
2019-10-30,4539.0,162.0,0.0,0,304.14,0.0,1,1.81,0.19,SPY191115P00285000,285.0,0,0.0,0.0,,0.0,normalDay
2019-10-31,4539.0,156.0,0.0,0,303.33,0.0,1,1.81,0.25,SPY191115P00285000,285.0,0,0.0,0.0,,0.0,normalDay
2019-11-01,4539.0,170.0,0.0,0,306.14,0.0,1,1.81,0.11,SPY191115P00285000,285.0,0,0.0,0.0,,0.0,normalDay
2019-11-04,4539.0,172.0,0.0,0,307.37,0.0,1,1.81,0.09,SPY191115P00285000,285.0,0,0.0,0.0,,0.0,normalDay
2019-11-05,4539.0,174.0,0.0,0,307.03,0.0,1,1.81,0.07,SPY191115P00285000,285.0,0,0.0,0.0,,0.0,normalDay
2019-11-06,4539.0,176.0,0.0,0,307.1,0.0,1,1.81,0.05,SPY191115P00285000,285.0,0,0.0,0.0,,0.0,normalDay
2019-11-07,4539.0,178.0,0.0,0,308.18,0.0,1,1.81,0.03,SPY191115P00285000,285.0,0,0.0,0.0,,0.0,normalDay
2019-11-08,4539.0,179.0,0.0,0,308.94,0.0,1,1.81,0.02,SPY191115P00285000,285.0,0,0.0,0.0,,0.0,normalDay
2019-11-11,4539.0,179.0,0.0,0,308.35,0.0,1,1.81,0.02,SPY191115P00285000,285.0,0,0.0,0.0,,0.0,normalDay
2019-11-12,4539.0,179.0,0.0,0,309.0,0.0,1,1.81,0.02,SPY191115P00285000,285.0,0,0.0,0.0,,0.0,normalDay
2019-11-13,4539.0,180.0,0.0,0,309.1,0.0,1,1.81,0.01,SPY191115P00285000,285.0,0,0.0,0.0,,0.0,normalDay
2019-11-14,4539.0,180.0,0.0,0,309.55,0.0,1,1.81,0.01,SPY191115P00285000,285.0,0,0.0,0.0,,0.0,normalDay
2019-11-15,4720.0,0.0,181.0,0,311.79,0.0,1,1.81,0.0,SPY191115P00285000,285.0,0,0.0,0.0,,0.0,expirationDay
2019-11-18,4720.0,-3.0,0.0,0,312.02,0.0,1,0.97,1.0,SPY191220P00295000,295.0,0,0.0,0.0,,0.0,normalDay
2019-11-19,4720.0,-9.0,0.0,0,311.93,0.0,1,0.97,1.06,SPY191220P00295000,295.0,0,0.0,0.0,,0.0,normalDay
2019-11-20,4720.0,-17.0,0.0,0,310.77,0.0,1,0.97,1.14,SPY191220P00295000,295.0,0,0.0,0.0,,0.0,normalDay
2019-11-21,4720.0,-19.0,0.0,0,310.27,0.0,1,0.97,1.16,SPY191220P00295000,295.0,0,0.0,0.0,,0.0,normalDay
2019-11-22,4720.0,3.0,0.0,0,310.96,0.0,1,0.97,0.94,SPY191220P00295000,295.0,0,0.0,0.0,,0.0,normalDay
2019-11-25,4720.0,37.0,0.0,0,313.37,0.0,1,0.97,0.6,SPY191220P00295000,295.0,0,0.0,0.0,,0.0,normalDay
2019-11-26,4720.0,46.0,0.0,0,314.08,0.0,1,0.97,0.51,SPY191220P00295000,295.0,0,0.0,0.0,,0.0,normalDay
2019-11-27,4720.0,55.0,0.0,0,315.48,0.0,1,0.97,0.42,SPY191220P00295000,295.0,0,0.0,0.0,,0.0,normalDay
2019-11-29,4720.0,43.0,0.0,0,314.31,0.0,1,0.97,0.54,SPY191220P00295000,295.0,0,0.0,0.0,,0.0,normalDay
2019-12-02,4720.0,11.0,0.0,0,311.64,0.0,1,0.97,0.86,SPY191220P00295000,295.0,0,0.0,0.0,,0.0,normalDay
2019-12-03,4720.0,-17.0,0.0,0,309.55,0.0,1,0.97,1.14,SPY191220P00295000,295.0,0,0.0,0.0,,0.0,normalDay
2019-12-04,4720.0,20.0,0.0,0,311.46,0.0,1,0.97,0.77,SPY191220P00295000,295.0,0,0.0,0.0,,0.0,normalDay
2019-12-05,4720.0,39.0,0.0,0,312.02,0.0,1,0.97,0.58,SPY191220P00295000,295.0,0,0.0,0.0,,0.0,normalDay
2019-12-06,4720.0,63.0,0.0,0,314.87,0.0,1,0.97,0.34,SPY191220P00295000,295.0,0,0.0,0.0,,0.0,normalDay
2019-12-09,4720.0,48.0,0.0,0,313.88,0.0,1,0.97,0.49,SPY191220P00295000,295.0,0,0.0,0.0,,0.0,normalDay
2019-12-10,4720.0,58.0,0.0,0,313.53,0.0,1,0.97,0.39,SPY191220P00295000,295.0,0,0.0,0.0,,0.0,normalDay
2019-12-11,4720.0,69.0,0.0,0,314.42,0.0,1,0.97,0.28,SPY191220P00295000,295.0,0,0.0,0.0,,0.0,normalDay
2019-12-12,4720.0,78.0,0.0,0,317.13,0.0,1,0.97,0.19,SPY191220P00295000,295.0,0,0.0,0.0,,0.0,normalDay
2019-12-13,4720.0,83.0,0.0,0,317.32,0.0,1,0.97,0.14,SPY191220P00295000,295.0,0,0.0,0.0,,0.0,normalDay
2019-12-16,4720.0,90.0,0.0,0,319.5,0.0,1,0.97,0.07,SPY191220P00295000,295.0,0,0.0,0.0,,0.0,normalDay
2019-12-17,4720.0,93.0,0.0,0,319.57,0.0,1,0.97,0.04,SPY191220P00295000,295.0,0,0.0,0.0,,0.0,normalDay
2019-12-18,4720.0,95.0,0.0,0,319.59,0.0,1,0.97,0.02,SPY191220P00295000,295.0,0,0.0,0.0,,0.0,normalDay
2019-12-19,4720.0,95.0,0.0,0,320.9,0.0,1,0.97,0.02,SPY191220P00295000,295.0,0,0.0,0.0,,0.0,normalDay
2019-12-20,4817.0,0.0,97.0,0,320.73,0.0,1,0.97,0.0,SPY191220P00295000,295.0,0,0.0,0.0,,0.0,expirationDay
2019-12-23,4817.0,-3.0,0.0,0,321.22,0.0,1,1.03,1.06,SPY200124P00306000,306.0,0,0.0,0.0,,0.0,normalDay
2019-12-24,4817.0,0.0,0.0,0,321.23,0.0,1,1.03,1.03,SPY200124P00306000,306.0,0,0.0,0.0,,0.0,normalDay
2019-12-26,4817.0,20.0,0.0,0,322.94,0.0,1,1.03,0.83,SPY200124P00306000,306.0,0,0.0,0.0,,0.0,normalDay
2019-12-27,4817.0,12.0,0.0,0,322.86,0.0,1,1.03,0.91,SPY200124P00306000,306.0,0,0.0,0.0,,0.0,normalDay
2019-12-30,4817.0,-6.0,0.0,0,321.08,0.0,1,1.03,1.09,SPY200124P00306000,306.0,0,0.0,0.0,,0.0,normalDay
2019-12-31,4817.0,20.0,0.0,0,321.86,0.0,1,1.03,0.83,SPY200124P00306000,306.0,0,0.0,0.0,,0.0,normalDay
2020-01-02,4817.0,59.0,0.0,0,324.87,0.0,1,1.03,0.44,SPY200124P00306000,306.0,0,0.0,0.0,,0.0,normalDay
2020-01-03,4817.0,33.0,0.0,0,322.41,0.0,1,1.03,0.7,SPY200124P00306000,306.0,0,0.0,0.0,,0.0,normalDay
2020-01-06,4817.0,61.0,0.0,0,323.64,0.0,1,1.03,0.42,SPY200124P00306000,306.0,0,0.0,0.0,,0.0,normalDay
2020-01-07,4817.0,58.0,0.0,0,322.73,0.0,1,1.03,0.45,SPY200124P00306000,306.0,0,0.0,0.0,,0.0,normalDay
2020-01-08,4817.0,69.0,0.0,0,324.45,0.0,1,1.03,0.34,SPY200124P00306000,306.0,0,0.0,0.0,,0.0,normalDay
2020-01-09,4817.0,82.0,0.0,0,326.65,0.0,1,1.03,0.21,SPY200124P00306000,306.0,0,0.0,0.0,,0.0,normalDay
2020-01-10,4817.0,87.0,0.0,0,325.71,0.0,1,1.03,0.16,SPY200124P00306000,306.0,0,0.0,0.0,,0.0,normalDay
2020-01-13,4817.0,96.0,0.0,0,327.95,0.0,1,1.03,0.07,SPY200124P00306000,306.0,0,0.0,0.0,,0.0,normalDay
2020-01-14,4817.0,96.0,0.0,0,327.45,0.0,1,1.03,0.07,SPY200124P00306000,306.0,0,0.0,0.0,,0.0,normalDay
2020-01-15,4817.0,98.0,0.0,0,328.19,0.0,1,1.03,0.05,SPY200124P00306000,306.0,0,0.0,0.0,,0.0,normalDay
2020-01-16,4817.0,99.0,0.0,0,330.92,0.0,1,1.03,0.04,SPY200124P00306000,306.0,0,0.0,0.0,,0.0,normalDay
2020-01-17,4817.0,101.0,0.0,0,331.95,0.0,1,1.03,0.02,SPY200124P00306000,306.0,0,0.0,0.0,,0.0,normalDay
2020-01-21,4817.0,102.0,0.0,0,331.3,0.0,1,1.03,0.01,SPY200124P00306000,306.0,0,0.0,0.0,,0.0,normalDay
2020-01-22,4817.0,102.0,0.0,0,331.34,0.0,1,1.03,0.01,SPY200124P00306000,306.0,0,0.0,0.0,,0.0,normalDay
2020-01-23,4817.0,102.0,0.0,0,331.72,0.0,1,1.03,0.01,SPY200124P00306000,306.0,0,0.0,0.0,,0.0,normalDay
2020-01-24,4920.0,0.0,103.0,0,328.77,0.0,1,1.03,0.0,SPY200124P00306000,306.0,0,0.0,0.0,,0.0,expirationDay
2020-01-27,4920.0,-5.0,0.0,0,323.5,0.0,1,4.05,4.1,SPY200228P00317000,317.0,0,0.0,0.0,,0.0,normalDay
2020-01-28,4920.0,140.0,0.0,0,326.89,0.0,1,4.05,2.65,SPY200228P00317000,317.0,0,0.0,0.0,,0.0,normalDay
2020-01-29,4920.0,137.0,0.0,0,326.62,0.0,1,4.05,2.68,SPY200228P00317000,317.0,0,0.0,0.0,,0.0,normalDay
2020-01-30,4920.0,202.0,0.0,0,327.68,0.0,1,4.05,2.03,SPY200228P00317000,317.0,0,0.0,0.0,,0.0,normalDay
2020-01-31,4920.0,-2.0,0.0,0,321.73,0.0,1,4.05,4.07,SPY200228P00317000,317.0,0,0.0,0.0,,0.0,normalDay
2020-02-03,4920.0,87.0,0.0,0,324.12,0.0,1,4.05,3.18,SPY200228P00317000,317.0,0,0.0,0.0,,0.0,normalDay
2020-02-04,4920.0,251.0,0.0,0,329.06,0.0,1,4.05,1.54,SPY200228P00317000,317.0,0,0.0,0.0,,0.0,normalDay
2020-02-05,4920.0,315.0,0.0,0,332.86,0.0,1,4.05,0.9,SPY200228P00317000,317.0,0,0.0,0.0,,0.0,normalDay
2020-02-06,4920.0,324.0,0.0,0,333.98,0.0,1,4.05,0.81,SPY200228P00317000,317.0,0,0.0,0.0,,0.0,normalDay
2020-02-07,4920.0,309.0,0.0,0,332.2,0.0,1,4.05,0.96,SPY200228P00317000,317.0,0,0.0,0.0,,0.0,normalDay
2020-02-10,4920.0,347.0,0.0,0,334.68,0.0,1,4.05,0.58,SPY200228P00317000,317.0,0,0.0,0.0,,0.0,normalDay
2020-02-11,4920.0,351.0,0.0,0,335.26,0.0,1,4.05,0.54,SPY200228P00317000,317.0,0,0.0,0.0,,0.0,normalDay
2020-02-12,4920.0,375.0,0.0,0,337.42,0.0,1,4.05,0.3,SPY200228P00317000,317.0,0,0.0,0.0,,0.0,normalDay
2020-02-13,4920.0,374.0,0.0,0,337.06,0.0,1,4.05,0.31,SPY200228P00317000,317.0,0,0.0,0.0,,0.0,normalDay
2020-02-14,4920.0,383.0,0.0,0,337.6,0.0,1,4.05,0.22,SPY200228P00317000,317.0,0,0.0,0.0,,0.0,normalDay
2020-02-18,4920.0,387.0,0.0,0,336.73,0.0,1,4.05,0.18,SPY200228P00317000,317.0,0,0.0,0.0,,0.0,normalDay
2020-02-19,4920.0,394.0,0.0,0,338.34,0.0,1,4.05,0.11,SPY200228P00317000,317.0,0,0.0,0.0,,0.0,normalDay
2020-02-20,4920.0,393.0,0.0,0,336.95,0.0,1,4.05,0.12,SPY200228P00317000,317.0,0,0.0,0.0,,0.0,normalDay
2020-02-21,4920.0,391.0,0.0,0,333.48,0.0,1,4.05,0.14,SPY200228P00317000,317.0,0,0.0,0.0,,0.0,normalDay
2020-02-24,4920.0,140.0,0.0,0,322.42,0.0,1,4.05,2.65,SPY200228P00317000,317.0,0,0.0,0.0,,0.0,normalDay
2020-02-25,4920.0,-213.0,0.0,0,312.65,0.0,1,4.05,6.18,SPY200228P00317000,317.0,0,0.0,0.0,,0.0,normalDay
2020-02-26,4920.0,-281.0,0.0,0,311.5,0.0,1,4.05,6.86,SPY200228P00317000,317.0,0,0.0,0.0,,0.0,normalDay
2020-02-27,4920.0,-1576.0,0.0,0,297.51,0.0,1,4.05,19.81,SPY200228P00317000,317.0,0,0.0,0.0,,0.0,normalDay
2020-02-28,5325.0,-2074.0,405.0,100,296.26,317.0,1,4.05,0.0,SPY200228P00317000,317.0,0,0.0,0.0,,0.0,expirationDay
2020-03-02,5325.0,-791.0,0.0,100,309.09,317.0,0,0.0,0.0,,0.0,0,0.0,0.0,,0.0,bidTooLow
2020-03-03,5325.0,-1676.0,0.0,100,300.24,317.0,0,0.0,0.0,,0.0,0,0.0,0.0,,0.0,bidTooLow
2020-03-04,5325.0,-414.0,0.0,100,312.86,317.0,0,0.0,0.0,,0.0,0,0.0,0.0,,0.0,bidTooLow
2020-03-05,5325.0,-1454.0,0.0,100,302.46,317.0,0,0.0,0.0,,0.0,0,0.0,0.0,,0.0,bidTooLow
2020-03-06,5325.0,-1954.0,0.0,100,297.46,317.0,0,0.0,0.0,,0.0,0,0.0,0.0,,0.0,bidTooLow
2020-03-09,5325.0,-4277.0,0.0,100,274.23,317.0,0,0.0,0.0,,0.0,0,0.0,0.0,,0.0,bidTooLow
2020-03-10,5325.0,-2858.0,0.0,100,288.42,317.0,0,0.0,0.0,,0.0,0,0.0,0.0,,0.0,bidTooLow
2020-03-11,5325.0,-4264.0,0.0,100,274.36,317.0,0,0.0,0.0,,0.0,0,0.0,0.0,,0.0,bidTooLow
2020-03-12,5325.0,-6889.0,0.0,100,248.11,317.0,0,0.0,0.0,,0.0,0,0.0,0.0,,0.0,bidTooLow
2020-03-13,5325.0,-4768.0,0.0,100,269.32,317.0,0,0.0,0.0,,0.0,0,0.0,0.0,,0.0,bidTooLow
2020-03-16,5325.0,-7715.0,0.0,100,239.85,317.0,0,0.0,0.0,,0.0,0,0.0,0.0,,0.0,bidTooLow
2020-03-17,5325.0,-6420.0,0.0,100,252.8,317.0,0,0.0,0.0,,0.0,0,0.0,0.0,,0.0,bidTooLow
2020-03-18,5325.0,-7700.0,0.0,100,240.0,317.0,0,0.0,0.0,,0.0,0,0.0,0.0,,0.0,bidTooLow
2020-03-19,5325.0,-7649.0,0.0,100,240.51,317.0,0,0.0,0.0,,0.0,0,0.0,0.0,,0.0,bidTooLow
2020-03-20,5325.0,-8820.0,0.0,100,228.8,317.0,0,0.0,0.0,,0.0,0,0.0,0.0,,0.0,bidTooLow
2020-03-23,5325.0,-9405.0,0.0,100,222.95,317.0,0,0.0,0.0,,0.0,0,0.0,0.0,,0.0,bidTooLow
2020-03-24,5325.0,-7385.0,0.0,100,243.15,317.0,0,0.0,0.0,,0.0,0,0.0,0.0,,0.0,bidTooLow
2020-03-25,5325.0,-7021.0,0.0,100,246.79,317.0,0,0.0,0.0,,0.0,0,0.0,0.0,,0.0,bidTooLow
2020-03-26,5325.0,-5580.0,0.0,100,261.2,317.0,0,0.0,0.0,,0.0,0,0.0,0.0,,0.0,bidTooLow
2020-03-27,5325.0,-6358.0,0.0,100,253.42,317.0,0,0.0,0.0,,0.0,0,0.0,0.0,,0.0,bidTooLow
2020-03-30,5325.0,-5535.0,0.0,100,261.65,317.0,0,0.0,0.0,,0.0,0,0.0,0.0,,0.0,bidTooLow
2020-03-31,5325.0,-5925.0,0.0,100,257.75,317.0,0,0.0,0.0,,0.0,0,0.0,0.0,,0.0,bidTooLow
2020-04-01,5325.0,-7085.0,0.0,100,246.15,317.0,0,0.0,0.0,,0.0,0,0.0,0.0,,0.0,bidTooLow
2020-04-02,5325.0,-6517.0,0.0,100,251.83,317.0,0,0.0,0.0,,0.0,0,0.0,0.0,,0.0,bidTooLow
2020-04-03,5325.0,-6881.0,0.0,100,248.19,317.0,0,0.0,0.0,,0.0,0,0.0,0.0,,0.0,bidTooLow
2020-04-06,5325.0,-5214.0,0.0,100,264.86,317.0,0,0.0,0.0,,0.0,0,0.0,0.0,,0.0,bidTooLow
2020-04-07,5325.0,-5187.0,0.0,100,265.13,317.0,0,0.0,0.0,,0.0,0,0.0,0.0,,0.0,bidTooLow
2020-04-08,5325.0,-4297.0,0.0,100,274.03,317.0,0,0.0,0.0,,0.0,0,0.0,0.0,,0.0,bidTooLow
2020-04-09,5325.0,-3880.0,0.0,100,278.2,317.0,0,0.0,0.0,,0.0,0,0.0,0.0,,0.0,bidTooLow
2020-04-13,5325.0,-4134.0,0.0,100,275.66,317.0,0,0.0,0.0,,0.0,0,0.0,0.0,,0.0,bidTooLow
2020-04-14,5325.0,-3324.0,0.0,100,283.79,317.0,0,0.0,0.0,,0.0,1,0.06,0.09,SPY200417C00303000,303.0,normalDay
2020-04-15,5325.0,-3919.0,0.0,100,277.76,317.0,0,0.0,0.0,,0.0,1,0.06,0.01,SPY200417C00303000,303.0,normalDay
2020-04-16,5325.0,-3785.0,0.0,100,279.1,317.0,0,0.0,0.0,,0.0,1,0.06,0.01,SPY200417C00303000,303.0,normalDay
2020-04-17,5331.0,-3036.0,6.0,100,286.64,317.0,0,0.0,0.0,,0.0,1,0.06,0.0,SPY200417C00303000,303.0,expirationDay
2020-04-20,5331.0,-3541.0,0.0,100,281.59,317.0,0,0.0,0.0,,0.0,0,0.0,0.0,,0.0,bidTooLow
2020-04-21,5331.0,-4396.0,0.0,100,273.04,317.0,0,0.0,0.0,,0.0,0,0.0,0.0,,0.0,bidTooLow
2020-04-22,5331.0,-3790.0,0.0,100,279.1,317.0,0,0.0,0.0,,0.0,0,0.0,0.0,,0.0,bidTooLow
2020-04-23,5331.0,-3792.0,0.0,100,279.08,317.0,0,0.0,0.0,,0.0,0,0.0,0.0,,0.0,bidTooLow
2020-04-24,5331.0,-3403.0,0.0,100,282.97,317.0,0,0.0,0.0,,0.0,0,0.0,0.0,,0.0,bidTooLow
2020-04-27,5331.0,-2995.0,0.0,100,287.05,317.0,0,0.0,0.0,,0.0,0,0.0,0.0,,0.0,bidTooLow
2020-04-28,5331.0,-3127.0,0.0,100,285.73,317.0,0,0.0,0.0,,0.0,0,0.0,0.0,,0.0,bidTooLow
2020-04-29,5331.0,-2379.0,0.0,100,293.21,317.0,0,0.0,0.0,,0.0,0,0.0,0.0,,0.0,bidTooLow
2020-04-30,5331.0,-2652.0,0.0,100,290.48,317.0,0,0.0,0.0,,0.0,0,0.0,0.0,,0.0,bidTooLow
2020-05-01,5331.0,-3421.0,0.0,100,282.79,317.0,0,0.0,0.0,,0.0,0,0.0,0.0,,0.0,bidTooLow
2020-05-04,5331.0,-3343.0,0.0,100,283.57,317.0,0,0.0,0.0,,0.0,0,0.0,0.0,,0.0,bidTooLow
2020-05-05,5331.0,-3084.0,0.0,100,286.19,317.0,0,0.0,0.0,,0.0,1,0.01,0.04,SPY200508C00301000,301.0,normalDay
2020-05-06,5331.0,-3276.0,0.0,100,284.25,317.0,0,0.0,0.0,,0.0,1,0.01,0.02,SPY200508C00301000,301.0,normalDay
2020-05-07,5331.0,-2932.0,0.0,100,287.68,317.0,0,0.0,0.0,,0.0,1,0.01,0.01,SPY200508C00301000,301.0,normalDay
2020-05-08,5332.0,-2456.0,1.0,100,292.44,317.0,0,0.0,0.0,,0.0,1,0.01,0.0,SPY200508C00301000,301.0,expirationDay
2020-05-11,5332.0,-2453.0,0.0,100,292.5,317.0,0,0.0,0.0,,0.0,1,0.08,0.11,SPY200513C00300000,300.0,normalDay
2020-05-12,5332.0,-3026.0,0.0,100,286.67,317.0,0,0.0,0.0,,0.0,1,0.08,0.01,SPY200513C00300000,300.0,normalDay
2020-05-13,5340.0,-3540.0,8.0,100,281.6,317.0,0,0.0,0.0,,0.0,1,0.08,0.0,SPY200513C00300000,300.0,expirationDay
2020-05-14,5340.0,-3203.0,0.0,100,284.97,317.0,0,0.0,0.0,,0.0,0,0.0,0.0,,0.0,bidTooLow
2020-05-15,5340.0,-3072.0,0.0,100,286.28,317.0,0,0.0,0.0,,0.0,0,0.0,0.0,,0.0,bidTooLow
2020-05-18,5340.0,-2203.0,0.0,100,295.0,317.0,0,0.0,0.0,,0.0,1,0.23,0.26,SPY200520C00302000,302.0,normalDay
2020-05-19,5340.0,-2483.0,0.0,100,291.97,317.0,0,0.0,0.0,,0.0,1,0.23,0.03,SPY200520C00302000,302.0,normalDay
2020-05-20,5363.0,-2007.0,23.0,100,296.93,317.0,0,0.0,0.0,,0.0,1,0.23,0.0,SPY200520C00302000,302.0,expirationDay
2020-05-21,5363.0,-2215.0,0.0,100,294.88,317.0,0,0.0,0.0,,0.0,1,0.04,0.07,SPY200522C00302000,302.0,normalDay
2020-05-22,5367.0,-2156.0,4.0,100,295.44,317.0,0,0.0,0.0,,0.0,1,0.04,0.0,SPY200522C00302000,302.0,expirationDay
2020-05-26,5367.0,-1795.0,0.0,100,299.08,317.0,0,0.0,0.0,,0.0,1,0.47,0.5,SPY200529C00305000,305.0,normalDay
2020-05-27,5367.0,-1451.0,0.0,100,303.53,317.0,0,0.0,0.0,,0.0,1,0.47,1.51,SPY200529C00305000,305.0,normalDay
2020-05-28,5367.0,-1462.0,0.0,100,302.97,317.0,0,0.0,0.0,,0.0,1,0.47,1.06,SPY200529C00305000,305.0,normalDay
2020-05-29,5414.0,-1268.0,47.0,100,304.32,317.0,0,0.0,0.0,,0.0,1,0.47,0.0,SPY200529C00305000,305.0,expirationDay
2020-06-01,5414.0,-1148.0,0.0,100,305.55,317.0,0,0.0,0.0,,0.0,1,0.03,0.06,SPY200603C00315000,315.0,normalDay
2020-06-02,5414.0,-892.0,0.0,100,308.08,317.0,0,0.0,0.0,,0.0,1,0.03,0.03,SPY200603C00315000,315.0,normalDay
2020-06-03,5417.0,-482.0,3.0,100,312.18,317.0,0,0.0,0.0,,0.0,1,0.03,0.0,SPY200603C00315000,315.0,expirationDay
2020-06-04,5417.0,-564.0,0.0,100,311.36,317.0,0,0.0,0.0,,0.0,0,0.0,0.0,,0.0,bidTooLow
2020-06-05,5417.0,231.0,0.0,100,319.34,317.0,0,0.0,0.0,,0.0,1,0.08,0.11,SPY200608C00328000,328.0,normalDay
2020-06-08,5425.0,620.0,8.0,100,323.2,317.0,0,0.0,0.0,,0.0,1,0.08,0.0,SPY200608C00328000,328.0,expirationDay
2020-06-09,5425.0,376.0,0.0,100,320.79,317.0,0,0.0,0.0,,0.0,1,0.03,0.06,SPY200612C00338000,338.0,normalDay
2020-06-10,5425.0,200.0,0.0,100,319.0,317.0,0,0.0,0.0,,0.0,1,0.03,0.03,SPY200612C00338000,338.0,normalDay
2020-06-11,5425.0,-1637.0,0.0,100,300.61,317.0,0,0.0,0.0,,0.0,1,0.03,0.01,SPY200612C00338000,338.0,normalDay
2020-06-12,5428.0,-1279.0,3.0,100,304.21,317.0,0,0.0,0.0,,0.0,1,0.03,0.0,SPY200612C00338000,338.0,expirationDay
2020-06-15,5428.0,-995.0,0.0,100,307.05,317.0,0,0.0,0.0,,0.0,0,0.0,0.0,,0.0,bidTooLow
2020-06-16,5428.0,-407.0,0.0,100,312.96,317.0,0,0.0,0.0,,0.0,1,0.02,0.05,SPY200619C00334000,334.0,normalDay
2020-06-17,5428.0,-534.0,0.0,100,311.66,317.0,0,0.0,0.0,,0.0,1,0.02,0.02,SPY200619C00334000,334.0,normalDay
2020-06-18,5428.0,-521.0,0.0,100,311.78,317.0,0,0.0,0.0,,0.0,1,0.02,0.01,SPY200619C00334000,334.0,normalDay
2020-06-19,5430.0,-836.0,2.0,100,308.64,317.0,0,0.0,0.0,,0.0,1,0.02,0.0,SPY200619C00334000,334.0,expirationDay
2020-06-22,5430.0,-638.0,0.0,100,310.62,317.0,0,0.0,0.0,,0.0,0,0.0,0.0,,0.0,bidTooLow
2020-06-23,5430.0,-495.0,0.0,100,312.05,317.0,0,0.0,0.0,,0.0,0,0.0,0.0,,0.0,bidTooLow
2020-06-24,5430.0,-1291.0,0.0,100,304.09,317.0,0,0.0,0.0,,0.0,0,0.0,0.0,,0.0,bidTooLow
2020-06-25,5430.0,-965.0,0.0,100,307.35,317.0,0,0.0,0.0,,0.0,0,0.0,0.0,,0.0,bidTooLow
2020-06-26,5430.0,-1695.0,0.0,100,300.05,317.0,0,0.0,0.0,,0.0,0,0.0,0.0,,0.0,bidTooLow
2020-06-29,5430.0,-1254.0,0.0,100,304.46,317.0,0,0.0,0.0,,0.0,0,0.0,0.0,,0.0,bidTooLow
2020-06-30,5430.0,-864.0,0.0,100,308.36,317.0,0,0.0,0.0,,0.0,0,0.0,0.0,,0.0,bidTooLow
2020-07-01,5430.0,-648.0,0.0,100,310.52,317.0,0,0.0,0.0,,0.0,0,0.0,0.0,,0.0,bidTooLow
2020-07-02,5430.0,-477.0,0.0,100,312.23,317.0,0,0.0,0.0,,0.0,0,0.0,0.0,,0.0,bidTooLow
2020-07-06,5430.0,5.0,0.0,100,317.05,317.0,0,0.0,0.0,,0.0,0,0.0,0.0,,0.0,bidTooLow
2020-07-07,5430.0,-325.0,0.0,100,313.78,317.0,0,0.0,0.0,,0.0,1,0.03,0.06,SPY200710C00327000,327.0,normalDay
2020-07-08,5430.0,-82.0,0.0,100,316.18,317.0,0,0.0,0.0,,0.0,1,0.03,0.03,SPY200710C00327000,327.0,normalDay
2020-07-09,5430.0,-260.0,0.0,100,314.38,317.0,0,0.0,0.0,,0.0,1,0.03,0.01,SPY200710C00327000,327.0,normalDay
2020-07-10,5433.0,59.0,3.0,100,317.59,317.0,0,0.0,0.0,,0.0,1,0.03,0.0,SPY200710C00327000,327.0,expirationDay
2020-07-13,5433.0,-219.0,0.0,100,314.84,317.0,0,0.0,0.0,,0.0,1,0.08,0.11,SPY200715C00325000,325.0,normalDay
2020-07-14,5433.0,191.0,0.0,100,318.92,317.0,0,0.0,0.0,,0.0,1,0.08,0.09,SPY200715C00325000,325.0,normalDay
2020-07-15,5441.0,485.0,8.0,100,321.85,317.0,0,0.0,0.0,,0.0,1,0.08,0.0,SPY200715C00325000,325.0,expirationDay
2020-07-16,5441.0,379.0,0.0,100,320.79,317.0,0,0.0,0.0,,0.0,0,0.0,0.0,,0.0,bidTooLow
2020-07-17,5441.0,472.0,0.0,100,321.72,317.0,0,0.0,0.0,,0.0,0,0.0,0.0,,0.0,bidTooLow
2020-07-20,5441.0,729.0,0.0,100,324.32,317.0,0,0.0,0.0,,0.0,1,0.03,0.06,SPY200722C00333000,333.0,normalDay
2020-07-21,5441.0,802.0,0.0,100,325.01,317.0,0,0.0,0.0,,0.0,1,0.03,0.02,SPY200722C00333000,333.0,normalDay
2020-07-22,5444.0,986.0,3.0,100,326.86,317.0,0,0.0,0.0,,0.0,1,0.03,0.0,SPY200722C00333000,333.0,expirationDay
2020-07-23,5444.0,596.0,0.0,100,322.96,317.0,0,0.0,0.0,,0.0,0,0.0,0.0,,0.0,bidTooLow
2020-07-24,5444.0,388.0,0.0,100,320.88,317.0,0,0.0,0.0,,0.0,0,0.0,0.0,,0.0,bidTooLow
2020-07-27,5444.0,622.0,0.0,100,323.22,317.0,0,0.0,0.0,,0.0,0,0.0,0.0,,0.0,bidTooLow
2020-07-28,5444.0,417.0,0.0,100,321.17,317.0,0,0.0,0.0,,0.0,0,0.0,0.0,,0.0,bidTooLow
2020-07-29,5444.0,812.0,0.0,100,325.12,317.0,0,0.0,0.0,,0.0,0,0.0,0.0,,0.0,bidTooLow
2020-07-30,5444.0,696.0,0.0,100,323.96,317.0,0,0.0,0.0,,0.0,0,0.0,0.0,,0.0,bidTooLow
2020-07-31,5444.0,949.0,0.0,100,326.52,317.0,0,0.0,0.0,,0.0,1,0.02,0.05,SPY200803C00333000,333.0,normalDay
2020-08-03,5446.0,1179.0,2.0,100,328.79,317.0,0,0.0,0.0,,0.0,1,0.02,0.0,SPY200803C00333000,333.0,expirationDay
2020-08-04,5446.0,1303.0,0.0,100,330.06,317.0,0,0.0,0.0,,0.0,1,0.32,0.35,SPY200807C00335000,335.0,normalDay
2020-08-05,5446.0,1498.0,0.0,100,332.11,317.0,0,0.0,0.0,,0.0,1,0.32,0.45,SPY200807C00335000,335.0,normalDay
2020-08-06,5446.0,1664.0,0.0,100,334.33,317.0,0,0.0,0.0,,0.0,1,0.32,1.01,SPY200807C00335000,335.0,normalDay
2020-08-07,5478.0,1757.0,32.0,100,334.57,317.0,0,0.0,0.0,,0.0,1,0.32,0.0,SPY200807C00335000,335.0,expirationDay
2020-08-10,5478.0,1854.0,0.0,100,335.57,317.0,0,0.0,0.0,,0.0,1,0.04,0.07,SPY200812C00341000,341.0,normalDay
2020-08-11,5478.0,1582.0,0.0,100,332.8,317.0,0,0.0,0.0,,0.0,1,0.04,0.02,SPY200812C00341000,341.0,normalDay
2020-08-12,5482.0,2044.0,4.0,100,337.44,317.0,0,0.0,0.0,,0.0,1,0.04,0.0,SPY200812C00341000,341.0,expirationDay
2020-08-13,5482.0,1983.0,0.0,100,336.83,317.0,0,0.0,0.0,,0.0,0,0.0,0.0,,0.0,bidTooLow
2020-08-14,5482.0,1984.0,0.0,100,336.84,317.0,0,0.0,0.0,,0.0,0,0.0,0.0,,0.0,bidTooLow
2020-08-17,5482.0,2091.0,0.0,100,337.91,317.0,0,0.0,0.0,,0.0,0,0.0,0.0,,0.0,bidTooLow
2020-08-18,5482.0,2164.0,0.0,100,338.64,317.0,0,0.0,0.0,,0.0,0,0.0,0.0,,0.0,bidTooLow
2020-08-19,5482.0,2023.0,0.0,100,337.23,317.0,0,0.0,0.0,,0.0,0,0.0,0.0,,0.0,bidTooLow
2020-08-20,5482.0,2128.0,0.0,100,338.28,317.0,0,0.0,0.0,,0.0,0,0.0,0.0,,0.0,bidTooLow
2020-08-21,5482.0,2248.0,0.0,100,339.48,317.0,0,0.0,0.0,,0.0,0,0.0,0.0,,0.0,bidTooLow
2020-08-24,5482.0,2592.0,0.0,100,342.92,317.0,0,0.0,0.0,,0.0,0,0.0,0.0,,0.0,bidTooLow
2020-08-25,5482.0,2709.0,0.0,100,344.12,317.0,0,0.0,0.0,,0.0,1,0.06,0.09,SPY200828C00351000,351.0,normalDay
2020-08-26,5482.0,2988.0,0.0,100,347.57,317.0,0,0.0,0.0,,0.0,1,0.06,0.75,SPY200828C00351000,351.0,normalDay
2020-08-27,5482.0,3098.0,0.0,100,348.33,317.0,0,0.0,0.0,,0.0,1,0.06,0.41,SPY200828C00351000,351.0,normalDay
2020-08-28,5488.0,3358.0,6.0,100,350.58,317.0,0,0.0,0.0,,0.0,1,0.06,0.0,SPY200828C00351000,351.0,expirationDay
2020-08-31,5488.0,3227.0,0.0,100,349.31,317.0,0,0.0,0.0,,0.0,1,0.06,0.1,SPY200902C00357000,357.0,normalDay
2020-09-01,5488.0,3562.0,0.0,100,352.6,317.0,0,0.0,0.0,,0.0,1,0.06,0.04,SPY200902C00357000,357.0,normalDay
2020-09-02,9494.0,3562.0,4006.0,0,357.7,0.0,0,0.0,0.0,,0.0,1,0.06,0.0,SPY200902C00357000,357.0,expirationDay
2020-09-03,9494.0,-16.0,0.0,0,345.39,0.0,1,4.8,4.96,SPY201005P00325000,325.0,0,0.0,0.0,,0.0,normalDay
2020-09-04,9494.0,-25.0,0.0,0,342.57,0.0,1,4.8,5.05,SPY201005P00325000,325.0,0,0.0,0.0,,0.0,normalDay
2020-09-08,9494.0,-203.0,0.0,0,333.21,0.0,1,4.8,6.83,SPY201005P00325000,325.0,0,0.0,0.0,,0.0,normalDay
2020-09-09,9494.0,24.0,0.0,0,339.79,0.0,1,4.8,4.56,SPY201005P00325000,325.0,0,0.0,0.0,,0.0,normalDay
2020-09-10,9494.0,-110.0,0.0,0,333.89,0.0,1,4.8,5.9,SPY201005P00325000,325.0,0,0.0,0.0,,0.0,normalDay
2020-09-11,9494.0,-58.0,0.0,0,334.06,0.0,1,4.8,5.38,SPY201005P00325000,325.0,0,0.0,0.0,,0.0,normalDay
2020-09-14,9494.0,152.0,0.0,0,338.46,0.0,1,4.8,3.28,SPY201005P00325000,325.0,0,0.0,0.0,,0.0,normalDay
2020-09-15,9494.0,199.0,0.0,0,340.17,0.0,1,4.8,2.81,SPY201005P00325000,325.0,0,0.0,0.0,,0.0,normalDay
2020-09-16,9494.0,181.0,0.0,0,338.82,0.0,1,4.8,2.99,SPY201005P00325000,325.0,0,0.0,0.0,,0.0,normalDay
2020-09-17,9494.0,142.0,0.0,0,335.84,0.0,1,4.8,3.38,SPY201005P00325000,325.0,0,0.0,0.0,,0.0,normalDay
2020-09-18,9494.0,72.0,0.0,0,330.65,0.0,1,4.8,4.08,SPY201005P00325000,325.0,0,0.0,0.0,,0.0,normalDay
2020-09-21,9494.0,-31.0,0.0,0,326.97,0.0,1,4.8,5.11,SPY201005P00325000,325.0,0,0.0,0.0,,0.0,normalDay
2020-09-22,9494.0,110.0,0.0,0,330.3,0.0,1,4.8,3.7,SPY201005P00325000,325.0,0,0.0,0.0,,0.0,normalDay
2020-09-23,9494.0,-195.0,0.0,0,322.64,0.0,1,4.8,6.75,SPY201005P00325000,325.0,0,0.0,0.0,,0.0,normalDay
2020-09-24,9494.0,-103.0,0.0,0,323.5,0.0,1,4.8,5.83,SPY201005P00325000,325.0,0,0.0,0.0,,0.0,normalDay
2020-09-25,9494.0,167.0,0.0,0,328.73,0.0,1,4.8,3.13,SPY201005P00325000,325.0,0,0.0,0.0,,0.0,normalDay
2020-09-28,9494.0,352.0,0.0,0,334.19,0.0,1,4.8,1.28,SPY201005P00325000,325.0,0,0.0,0.0,,0.0,normalDay
2020-09-29,9494.0,329.0,0.0,0,332.37,0.0,1,4.8,1.51,SPY201005P00325000,325.0,0,0.0,0.0,,0.0,normalDay
2020-09-30,9494.0,378.0,0.0,0,334.89,0.0,1,4.8,1.02,SPY201005P00325000,325.0,0,0.0,0.0,,0.0,normalDay
2020-10-01,9494.0,451.0,0.0,0,337.04,0.0,1,4.8,0.29,SPY201005P00325000,325.0,0,0.0,0.0,,0.0,normalDay
2020-10-02,9494.0,450.0,0.0,0,333.84,0.0,1,4.8,0.3,SPY201005P00325000,325.0,0,0.0,0.0,,0.0,normalDay
2020-10-05,9974.0,0.0,480.0,0,339.76,0.0,1,4.8,0.0,SPY201005P00325000,325.0,0,0.0,0.0,,0.0,expirationDay
2020-10-06,9974.0,-14.0,0.0,0,334.93,0.0,1,5.8,5.94,SPY201106P00320000,320.0,0,0.0,0.0,,0.0,normalDay
2020-10-07,9974.0,161.0,0.0,0,340.76,0.0,1,5.8,4.19,SPY201106P00320000,320.0,0,0.0,0.0,,0.0,normalDay
2020-10-08,9974.0,264.0,0.0,0,343.78,0.0,1,5.8,3.16,SPY201106P00320000,320.0,0,0.0,0.0,,0.0,normalDay
2020-10-09,9974.0,348.0,0.0,0,346.85,0.0,1,5.8,2.32,SPY201106P00320000,320.0,0,0.0,0.0,,0.0,normalDay
2020-10-12,9974.0,412.0,0.0,0,352.43,0.0,1,5.8,1.68,SPY201106P00320000,320.0,0,0.0,0.0,,0.0,normalDay
2020-10-13,9974.0,388.0,0.0,0,350.13,0.0,1,5.8,1.92,SPY201106P00320000,320.0,0,0.0,0.0,,0.0,normalDay
2020-10-14,9974.0,375.0,0.0,0,347.93,0.0,1,5.8,2.05,SPY201106P00320000,320.0,0,0.0,0.0,,0.0,normalDay
2020-10-15,9974.0,379.0,0.0,0,347.5,0.0,1,5.8,2.01,SPY201106P00320000,320.0,0,0.0,0.0,,0.0,normalDay
2020-10-16,9974.0,373.0,0.0,0,347.29,0.0,1,5.8,2.07,SPY201106P00320000,320.0,0,0.0,0.0,,0.0,normalDay
2020-10-19,9974.0,318.0,0.0,0,342.01,0.0,1,5.8,2.62,SPY201106P00320000,320.0,0,0.0,0.0,,0.0,normalDay
2020-10-20,9974.0,330.0,0.0,0,343.38,0.0,1,5.8,2.5,SPY201106P00320000,320.0,0,0.0,0.0,,0.0,normalDay
2020-10-21,9974.0,373.0,0.0,0,342.73,0.0,1,5.8,2.07,SPY201106P00320000,320.0,0,0.0,0.0,,0.0,normalDay
2020-10-22,9974.0,412.0,0.0,0,344.61,0.0,1,5.8,1.68,SPY201106P00320000,320.0,0,0.0,0.0,,0.0,normalDay
2020-10-23,9974.0,440.0,0.0,0,345.78,0.0,1,5.8,1.4,SPY201106P00320000,320.0,0,0.0,0.0,,0.0,normalDay
2020-10-26,9974.0,319.0,0.0,0,339.39,0.0,1,5.8,2.61,SPY201106P00320000,320.0,0,0.0,0.0,,0.0,normalDay
2020-10-27,9974.0,318.0,0.0,0,338.22,0.0,1,5.8,2.62,SPY201106P00320000,320.0,0,0.0,0.0,,0.0,normalDay
2020-10-28,9974.0,-84.0,0.0,0,326.66,0.0,1,5.8,6.64,SPY201106P00320000,320.0,0,0.0,0.0,,0.0,normalDay
2020-10-29,9974.0,141.0,0.0,0,329.98,0.0,1,5.8,4.39,SPY201106P00320000,320.0,0,0.0,0.0,,0.0,normalDay
2020-10-30,9974.0,80.0,0.0,0,326.54,0.0,1,5.8,5.0,SPY201106P00320000,320.0,0,0.0,0.0,,0.0,normalDay
2020-11-02,9974.0,276.0,0.0,0,330.2,0.0,1,5.8,3.04,SPY201106P00320000,320.0,0,0.0,0.0,,0.0,normalDay
2020-11-03,9974.0,391.0,0.0,0,336.03,0.0,1,5.8,1.89,SPY201106P00320000,320.0,0,0.0,0.0,,0.0,normalDay
2020-11-04,9974.0,561.0,0.0,0,343.54,0.0,1,5.8,0.19,SPY201106P00320000,320.0,0,0.0,0.0,,0.0,normalDay
2020-11-05,9974.0,578.0,0.0,0,350.24,0.0,1,5.8,0.02,SPY201106P00320000,320.0,0,0.0,0.0,,0.0,normalDay
2020-11-06,10554.0,0.0,580.0,0,350.16,0.0,1,5.8,0.0,SPY201106P00320000,320.0,0,0.0,0.0,,0.0,expirationDay
2020-11-09,10554.0,-7.0,0.0,0,354.56,0.0,1,1.93,2.0,SPY201211P00320000,320.0,0,0.0,0.0,,0.0,normalDay
2020-11-10,10554.0,11.0,0.0,0,354.04,0.0,1,1.93,1.82,SPY201211P00320000,320.0,0,0.0,0.0,,0.0,normalDay
2020-11-11,10554.0,49.0,0.0,0,356.67,0.0,1,1.93,1.44,SPY201211P00320000,320.0,0,0.0,0.0,,0.0,normalDay
2020-11-12,10554.0,4.0,0.0,0,353.21,0.0,1,1.93,1.89,SPY201211P00320000,320.0,0,0.0,0.0,,0.0,normalDay
2020-11-13,10554.0,71.0,0.0,0,358.1,0.0,1,1.93,1.22,SPY201211P00320000,320.0,0,0.0,0.0,,0.0,normalDay
2020-11-16,10554.0,111.0,0.0,0,362.57,0.0,1,1.93,0.82,SPY201211P00320000,320.0,0,0.0,0.0,,0.0,normalDay
2020-11-17,10554.0,111.0,0.0,0,360.62,0.0,1,1.93,0.82,SPY201211P00320000,320.0,0,0.0,0.0,,0.0,normalDay
2020-11-18,10554.0,94.0,0.0,0,356.28,0.0,1,1.93,0.99,SPY201211P00320000,320.0,0,0.0,0.0,,0.0,normalDay
2020-11-19,10554.0,113.0,0.0,0,357.78,0.0,1,1.93,0.8,SPY201211P00320000,320.0,0,0.0,0.0,,0.0,normalDay
2020-11-20,10554.0,110.0,0.0,0,355.33,0.0,1,1.93,0.83,SPY201211P00320000,320.0,0,0.0,0.0,,0.0,normalDay
2020-11-23,10554.0,137.0,0.0,0,357.46,0.0,1,1.93,0.56,SPY201211P00320000,320.0,0,0.0,0.0,,0.0,normalDay
2020-11-24,10554.0,159.0,0.0,0,363.22,0.0,1,1.93,0.34,SPY201211P00320000,320.0,0,0.0,0.0,,0.0,normalDay
2020-11-25,10554.0,163.0,0.0,0,362.66,0.0,1,1.93,0.3,SPY201211P00320000,320.0,0,0.0,0.0,,0.0,normalDay
2020-11-27,10554.0,171.0,0.0,0,363.67,0.0,1,1.93,0.22,SPY201211P00320000,320.0,0,0.0,0.0,,0.0,normalDay
2020-11-30,10554.0,175.0,0.0,0,362.06,0.0,1,1.93,0.18,SPY201211P00320000,320.0,0,0.0,0.0,,0.0,normalDay
2020-12-01,10554.0,178.0,0.0,0,366.02,0.0,1,1.93,0.15,SPY201211P00320000,320.0,0,0.0,0.0,,0.0,normalDay
2020-12-02,10554.0,180.0,0.0,0,366.79,0.0,1,1.93,0.13,SPY201211P00320000,320.0,0,0.0,0.0,,0.0,normalDay
2020-12-03,10554.0,182.0,0.0,0,366.69,0.0,1,1.93,0.11,SPY201211P00320000,320.0,0,0.0,0.0,,0.0,normalDay
2020-12-04,10554.0,187.0,0.0,0,369.85,0.0,1,1.93,0.06,SPY201211P00320000,320.0,0,0.0,0.0,,0.0,normalDay
2020-12-07,10554.0,190.0,0.0,0,369.09,0.0,1,1.93,0.03,SPY201211P00320000,320.0,0,0.0,0.0,,0.0,normalDay
2020-12-08,10554.0,191.0,0.0,0,370.17,0.0,1,1.93,0.02,SPY201211P00320000,320.0,0,0.0,0.0,,0.0,normalDay
2020-12-09,10554.0,190.0,0.0,0,366.85,0.0,1,1.93,0.03,SPY201211P00320000,320.0,0,0.0,0.0,,0.0,normalDay
2020-12-10,10554.0,192.0,0.0,0,366.73,0.0,1,1.93,0.01,SPY201211P00320000,320.0,0,0.0,0.0,,0.0,normalDay
2020-12-11,10747.0,0.0,193.0,0,366.3,0.0,1,1.93,0.0,SPY201211P00320000,320.0,0,0.0,0.0,,0.0,expirationDay
2020-12-14,10747.0,-7.0,0.0,0,364.66,0.0,1,5.13,5.2,SPY210115P00352000,352.0,0,0.0,0.0,,0.0,normalDay
2020-12-15,10747.0,129.0,0.0,0,369.59,0.0,1,5.13,3.84,SPY210115P00352000,352.0,0,0.0,0.0,,0.0,normalDay
2020-12-16,10747.0,174.0,0.0,0,370.17,0.0,1,5.13,3.39,SPY210115P00352000,352.0,0,0.0,0.0,,0.0,normalDay
2020-12-17,10747.0,237.0,0.0,0,372.24,0.0,1,5.13,2.76,SPY210115P00352000,352.0,0,0.0,0.0,,0.0,normalDay
2020-12-18,10747.0,237.0,0.0,0,369.18,0.0,1,5.13,2.76,SPY210115P00352000,352.0,0,0.0,0.0,,0.0,normalDay
2020-12-21,10747.0,145.0,0.0,0,367.86,0.0,1,5.13,3.68,SPY210115P00352000,352.0,0,0.0,0.0,,0.0,normalDay
2020-12-22,10747.0,167.0,0.0,0,367.24,0.0,1,5.13,3.46,SPY210115P00352000,352.0,0,0.0,0.0,,0.0,normalDay
2020-12-23,10747.0,208.0,0.0,0,367.57,0.0,1,5.13,3.05,SPY210115P00352000,352.0,0,0.0,0.0,,0.0,normalDay
2020-12-24,10747.0,278.0,0.0,0,369.0,0.0,1,5.13,2.35,SPY210115P00352000,352.0,0,0.0,0.0,,0.0,normalDay
2020-12-28,10747.0,357.0,0.0,0,372.17,0.0,1,5.13,1.56,SPY210115P00352000,352.0,0,0.0,0.0,,0.0,normalDay
2020-12-29,10747.0,341.0,0.0,0,371.46,0.0,1,5.13,1.72,SPY210115P00352000,352.0,0,0.0,0.0,,0.0,normalDay
2020-12-30,10747.0,361.0,0.0,0,371.99,0.0,1,5.13,1.52,SPY210115P00352000,352.0,0,0.0,0.0,,0.0,normalDay
2020-12-31,10747.0,393.0,0.0,0,373.88,0.0,1,5.13,1.2,SPY210115P00352000,352.0,0,0.0,0.0,,0.0,normalDay
2021-01-04,10747.0,328.0,0.0,0,368.79,0.0,1,5.13,1.85,SPY210115P00352000,352.0,0,0.0,0.0,,0.0,normalDay
2021-01-05,10747.0,386.0,0.0,0,371.33,0.0,1,5.13,1.27,SPY210115P00352000,352.0,0,0.0,0.0,,0.0,normalDay
2021-01-06,10747.0,405.0,0.0,0,373.55,0.0,1,5.13,1.08,SPY210115P00352000,352.0,0,0.0,0.0,,0.0,normalDay
2021-01-07,10747.0,476.0,0.0,0,379.1,0.0,1,5.13,0.37,SPY210115P00352000,352.0,0,0.0,0.0,,0.0,normalDay
2021-01-08,10747.0,493.0,0.0,0,381.26,0.0,1,5.13,0.2,SPY210115P00352000,352.0,0,0.0,0.0,,0.0,normalDay
2021-01-11,10747.0,497.0,0.0,0,378.69,0.0,1,5.13,0.16,SPY210115P00352000,352.0,0,0.0,0.0,,0.0,normalDay
2021-01-12,10747.0,503.0,0.0,0,378.77,0.0,1,5.13,0.1,SPY210115P00352000,352.0,0,0.0,0.0,,0.0,normalDay
2021-01-13,10747.0,507.0,0.0,0,379.79,0.0,1,5.13,0.06,SPY210115P00352000,352.0,0,0.0,0.0,,0.0,normalDay
2021-01-14,10747.0,509.0,0.0,0,378.46,0.0,1,5.13,0.04,SPY210115P00352000,352.0,0,0.0,0.0,,0.0,normalDay
2021-01-15,11260.0,0.0,513.0,0,375.7,0.0,1,5.13,0.0,SPY210115P00352000,352.0,0,0.0,0.0,,0.0,expirationDay
2021-01-19,11260.0,-4.0,0.0,0,378.65,0.0,1,3.78,3.82,SPY210219P00361000,361.0,0,0.0,0.0,,0.0,normalDay
2021-01-20,11260.0,115.0,0.0,0,383.89,0.0,1,3.78,2.63,SPY210219P00361000,361.0,0,0.0,0.0,,0.0,normalDay
2021-01-21,11260.0,135.0,0.0,0,384.24,0.0,1,3.78,2.43,SPY210219P00361000,361.0,0,0.0,0.0,,0.0,normalDay
2021-01-22,11260.0,122.0,0.0,0,382.88,0.0,1,3.78,2.56,SPY210219P00361000,361.0,0,0.0,0.0,,0.0,normalDay
2021-01-25,11260.0,144.0,0.0,0,384.39,0.0,1,3.78,2.34,SPY210219P00361000,361.0,0,0.0,0.0,,0.0,normalDay
2021-01-26,11260.0,159.0,0.0,0,383.79,0.0,1,3.78,2.19,SPY210219P00361000,361.0,0,0.0,0.0,,0.0,normalDay
2021-01-27,11260.0,-231.0,0.0,0,374.41,0.0,1,3.78,6.09,SPY210219P00361000,361.0,0,0.0,0.0,,0.0,normalDay
2021-01-28,11260.0,-49.0,0.0,0,377.63,0.0,1,3.78,4.27,SPY210219P00361000,361.0,0,0.0,0.0,,0.0,normalDay
2021-01-29,11260.0,-349.0,0.0,0,370.07,0.0,1,3.78,7.27,SPY210219P00361000,361.0,0,0.0,0.0,,0.0,normalDay
2021-02-01,11260.0,-25.0,0.0,0,376.23,0.0,1,3.78,4.03,SPY210219P00361000,361.0,0,0.0,0.0,,0.0,normalDay
2021-02-02,11260.0,186.0,0.0,0,381.55,0.0,1,3.78,1.92,SPY210219P00361000,361.0,0,0.0,0.0,,0.0,normalDay
2021-02-03,11260.0,240.0,0.0,0,381.85,0.0,1,3.78,1.38,SPY210219P00361000,361.0,0,0.0,0.0,,0.0,normalDay
2021-02-04,11260.0,296.0,0.0,0,386.19,0.0,1,3.78,0.82,SPY210219P00361000,361.0,0,0.0,0.0,,0.0,normalDay
2021-02-05,11260.0,327.0,0.0,0,387.71,0.0,1,3.78,0.51,SPY210219P00361000,361.0,0,0.0,0.0,,0.0,normalDay
2021-02-08,11260.0,347.0,0.0,0,390.51,0.0,1,3.78,0.31,SPY210219P00361000,361.0,0,0.0,0.0,,0.0,normalDay
2021-02-09,11260.0,349.0,0.0,0,390.25,0.0,1,3.78,0.29,SPY210219P00361000,361.0,0,0.0,0.0,,0.0,normalDay
2021-02-10,11260.0,348.0,0.0,0,390.08,0.0,1,3.78,0.3,SPY210219P00361000,361.0,0,0.0,0.0,,0.0,normalDay
2021-02-11,11260.0,357.0,0.0,0,390.71,0.0,1,3.78,0.21,SPY210219P00361000,361.0,0,0.0,0.0,,0.0,normalDay
2021-02-12,11260.0,369.0,0.0,0,392.64,0.0,1,3.78,0.09,SPY210219P00361000,361.0,0,0.0,0.0,,0.0,normalDay
2021-02-16,11260.0,368.0,0.0,0,392.3,0.0,1,3.78,0.1,SPY210219P00361000,361.0,0,0.0,0.0,,0.0,normalDay
2021-02-17,11260.0,373.0,0.0,0,392.39,0.0,1,3.78,0.05,SPY210219P00361000,361.0,0,0.0,0.0,,0.0,normalDay
2021-02-18,11260.0,376.0,0.0,0,390.72,0.0,1,3.78,0.02,SPY210219P00361000,361.0,0,0.0,0.0,,0.0,normalDay
2021-02-19,11638.0,0.0,378.0,0,390.03,0.0,1,3.78,0.0,SPY210219P00361000,361.0,0,0.0,0.0,,0.0,expirationDay
2021-02-22,11638.0,-6.0,0.0,0,387.03,0.0,1,4.12,4.18,SPY210326P00367500,367.5,0,0.0,0.0,,0.0,normalDay
2021-02-23,11638.0,23.0,0.0,0,387.5,0.0,1,4.12,3.89,SPY210326P00367500,367.5,0,0.0,0.0,,0.0,normalDay
2021-02-24,11638.0,138.0,0.0,0,391.77,0.0,1,4.12,2.74,SPY210326P00367500,367.5,0,0.0,0.0,,0.0,normalDay
2021-02-25,11638.0,-172.0,0.0,0,382.33,0.0,1,4.12,5.84,SPY210326P00367500,367.5,0,0.0,0.0,,0.0,normalDay
2021-02-26,11638.0,-180.0,0.0,0,380.36,0.0,1,4.12,5.92,SPY210326P00367500,367.5,0,0.0,0.0,,0.0,normalDay
2021-03-01,11638.0,124.0,0.0,0,389.58,0.0,1,4.12,2.88,SPY210326P00367500,367.5,0,0.0,0.0,,0.0,normalDay
2021-03-02,11638.0,65.0,0.0,0,386.54,0.0,1,4.12,3.47,SPY210326P00367500,367.5,0,0.0,0.0,,0.0,normalDay
2021-03-03,11638.0,-58.0,0.0,0,381.42,0.0,1,4.12,4.7,SPY210326P00367500,367.5,0,0.0,0.0,,0.0,normalDay
2021-03-04,11638.0,-212.0,0.0,0,376.7,0.0,1,4.12,6.24,SPY210326P00367500,367.5,0,0.0,0.0,,0.0,normalDay
2021-03-05,11638.0,47.0,0.0,0,383.63,0.0,1,4.12,3.65,SPY210326P00367500,367.5,0,0.0,0.0,,0.0,normalDay
2021-03-08,11638.0,21.0,0.0,0,381.72,0.0,1,4.12,3.91,SPY210326P00367500,367.5,0,0.0,0.0,,0.0,normalDay
2021-03-09,11638.0,162.0,0.0,0,387.17,0.0,1,4.12,2.5,SPY210326P00367500,367.5,0,0.0,0.0,,0.0,normalDay
2021-03-10,11638.0,245.0,0.0,0,389.58,0.0,1,4.12,1.67,SPY210326P00367500,367.5,0,0.0,0.0,,0.0,normalDay
2021-03-11,11638.0,295.0,0.0,0,393.53,0.0,1,4.12,1.17,SPY210326P00367500,367.5,0,0.0,0.0,,0.0,normalDay
2021-03-12,11638.0,340.0,0.0,0,394.06,0.0,1,4.12,0.72,SPY210326P00367500,367.5,0,0.0,0.0,,0.0,normalDay
2021-03-15,11638.0,369.0,0.0,0,396.41,0.0,1,4.12,0.43,SPY210326P00367500,367.5,0,0.0,0.0,,0.0,normalDay
2021-03-16,11638.0,369.0,0.0,0,395.91,0.0,1,4.12,0.43,SPY210326P00367500,367.5,0,0.0,0.0,,0.0,normalDay
2021-03-17,11638.0,388.0,0.0,0,397.26,0.0,1,4.12,0.24,SPY210326P00367500,367.5,0,0.0,0.0,,0.0,normalDay
2021-03-18,11638.0,361.0,0.0,0,391.48,0.0,1,4.12,0.51,SPY210326P00367500,367.5,0,0.0,0.0,,0.0,normalDay
2021-03-19,11638.0,381.0,0.0,0,389.48,0.0,1,4.12,0.31,SPY210326P00367500,367.5,0,0.0,0.0,,0.0,normalDay
2021-03-22,11638.0,407.0,0.0,0,392.59,0.0,1,4.12,0.05,SPY210326P00367500,367.5,0,0.0,0.0,,0.0,normalDay
2021-03-23,11638.0,403.0,0.0,0,389.5,0.0,1,4.12,0.09,SPY210326P00367500,367.5,0,0.0,0.0,,0.0,normalDay
2021-03-24,11638.0,405.0,0.0,0,387.52,0.0,1,4.12,0.07,SPY210326P00367500,367.5,0,0.0,0.0,,0.0,normalDay
2021-03-25,11638.0,410.0,0.0,0,389.7,0.0,1,4.12,0.02,SPY210326P00367500,367.5,0,0.0,0.0,,0.0,normalDay
2021-03-26,12050.0,0.0,412.0,0,395.98,0.0,1,4.12,0.0,SPY210326P00367500,367.5,0,0.0,0.0,,0.0,expirationDay
2021-03-29,12050.0,-6.0,0.0,0,395.78,0.0,1,2.89,2.95,SPY210430P00375000,375.0,0,0.0,0.0,,0.0,normalDay
2021-03-30,12050.0,13.0,0.0,0,394.73,0.0,1,2.89,2.76,SPY210430P00375000,375.0,0,0.0,0.0,,0.0,normalDay
2021-03-31,12050.0,54.0,0.0,0,396.33,0.0,1,2.89,2.35,SPY210430P00375000,375.0,0,0.0,0.0,,0.0,normalDay
2021-04-01,12050.0,138.0,0.0,0,400.61,0.0,1,2.89,1.51,SPY210430P00375000,375.0,0,0.0,0.0,,0.0,normalDay
2021-04-05,12050.0,187.0,0.0,0,406.36,0.0,1,2.89,1.02,SPY210430P00375000,375.0,0,0.0,0.0,,0.0,normalDay
2021-04-06,12050.0,188.0,0.0,0,406.12,0.0,1,2.89,1.01,SPY210430P00375000,375.0,0,0.0,0.0,,0.0,normalDay
2021-04-07,12050.0,209.0,0.0,0,406.59,0.0,1,2.89,0.8,SPY210430P00375000,375.0,0,0.0,0.0,,0.0,normalDay
2021-04-08,12050.0,223.0,0.0,0,408.52,0.0,1,2.89,0.66,SPY210430P00375000,375.0,0,0.0,0.0,,0.0,normalDay
2021-04-09,12050.0,239.0,0.0,0,411.49,0.0,1,2.89,0.5,SPY210430P00375000,375.0,0,0.0,0.0,,0.0,normalDay
2021-04-12,12050.0,253.0,0.0,0,411.64,0.0,1,2.89,0.36,SPY210430P00375000,375.0,0,0.0,0.0,,0.0,normalDay
2021-04-13,12050.0,261.0,0.0,0,412.86,0.0,1,2.89,0.28,SPY210430P00375000,375.0,0,0.0,0.0,,0.0,normalDay
2021-04-14,12050.0,258.0,0.0,0,411.45,0.0,1,2.89,0.31,SPY210430P00375000,375.0,0,0.0,0.0,,0.0,normalDay
2021-04-15,12050.0,265.0,0.0,0,415.87,0.0,1,2.89,0.24,SPY210430P00375000,375.0,0,0.0,0.0,,0.0,normalDay
2021-04-16,12050.0,273.0,0.0,0,417.26,0.0,1,2.89,0.16,SPY210430P00375000,375.0,0,0.0,0.0,,0.0,normalDay
2021-04-19,12050.0,275.0,0.0,0,415.21,0.0,1,2.89,0.14,SPY210430P00375000,375.0,0,0.0,0.0,,0.0,normalDay
2021-04-20,12050.0,270.0,0.0,0,412.17,0.0,1,2.89,0.19,SPY210430P00375000,375.0,0,0.0,0.0,,0.0,normalDay
2021-04-21,12050.0,282.0,0.0,0,416.07,0.0,1,2.89,0.07,SPY210430P00375000,375.0,0,0.0,0.0,,0.0,normalDay
2021-04-22,12050.0,278.0,0.0,0,412.27,0.0,1,2.89,0.11,SPY210430P00375000,375.0,0,0.0,0.0,,0.0,normalDay
2021-04-23,12050.0,284.0,0.0,0,416.74,0.0,1,2.89,0.05,SPY210430P00375000,375.0,0,0.0,0.0,,0.0,normalDay
2021-04-26,12050.0,286.0,0.0,0,417.61,0.0,1,2.89,0.03,SPY210430P00375000,375.0,0,0.0,0.0,,0.0,normalDay
2021-04-27,12050.0,287.0,0.0,0,417.52,0.0,1,2.89,0.02,SPY210430P00375000,375.0,0,0.0,0.0,,0.0,normalDay
2021-04-28,12050.0,288.0,0.0,0,417.4,0.0,1,2.89,0.01,SPY210430P00375000,375.0,0,0.0,0.0,,0.0,normalDay
2021-04-29,12050.0,288.0,0.0,0,420.06,0.0,1,2.89,0.01,SPY210430P00375000,375.0,0,0.0,0.0,,0.0,normalDay
2021-04-30,12339.0,0.0,289.0,0,417.3,0.0,1,2.89,0.0,SPY210430P00375000,375.0,0,0.0,0.0,,0.0,expirationDay
2021-05-03,12339.0,-5.0,0.0,0,418.2,0.0,1,3.33,3.38,SPY210604P00403000,403.0,0,0.0,0.0,,0.0,normalDay
2021-05-04,12339.0,-86.0,0.0,0,415.62,0.0,1,3.33,4.19,SPY210604P00403000,403.0,0,0.0,0.0,,0.0,normalDay
2021-05-05,12339.0,-65.0,0.0,0,415.75,0.0,1,3.33,3.98,SPY210604P00403000,403.0,0,0.0,0.0,,0.0,normalDay
2021-05-06,12339.0,35.0,0.0,0,419.07,0.0,1,3.33,2.98,SPY210604P00403000,403.0,0,0.0,0.0,,0.0,normalDay
2021-05-07,12339.0,119.0,0.0,0,422.12,0.0,1,3.33,2.14,SPY210604P00403000,403.0,0,0.0,0.0,,0.0,normalDay
2021-05-10,12339.0,13.0,0.0,0,417.94,0.0,1,3.33,3.2,SPY210604P00403000,403.0,0,0.0,0.0,,0.0,normalDay
2021-05-11,12339.0,-99.0,0.0,0,414.21,0.0,1,3.33,4.32,SPY210604P00403000,403.0,0,0.0,0.0,,0.0,normalDay
2021-05-12,12339.0,-500.0,0.0,0,405.41,0.0,1,3.33,8.33,SPY210604P00403000,403.0,0,0.0,0.0,,0.0,normalDay
2021-05-13,12339.0,-215.0,0.0,0,410.28,0.0,1,3.33,5.48,SPY210604P00403000,403.0,0,0.0,0.0,,0.0,normalDay
2021-05-14,12339.0,75.0,0.0,0,416.58,0.0,1,3.33,2.58,SPY210604P00403000,403.0,0,0.0,0.0,,0.0,normalDay
2021-05-17,12339.0,76.0,0.0,0,415.52,0.0,1,3.33,2.57,SPY210604P00403000,403.0,0,0.0,0.0,,0.0,normalDay
2021-05-18,12339.0,-19.0,0.0,0,411.94,0.0,1,3.33,3.52,SPY210604P00403000,403.0,0,0.0,0.0,,0.0,normalDay
2021-05-19,12339.0,-37.0,0.0,0,410.86,0.0,1,3.33,3.7,SPY210604P00403000,403.0,0,0.0,0.0,,0.0,normalDay
2021-05-20,12339.0,106.0,0.0,0,415.28,0.0,1,3.33,2.27,SPY210604P00403000,403.0,0,0.0,0.0,,0.0,normalDay
2021-05-21,12339.0,136.0,0.0,0,414.94,0.0,1,3.33,1.97,SPY210604P00403000,403.0,0,0.0,0.0,,0.0,normalDay
2021-05-24,12339.0,257.0,0.0,0,419.17,0.0,1,3.33,0.76,SPY210604P00403000,403.0,0,0.0,0.0,,0.0,normalDay
2021-05-25,12339.0,250.0,0.0,0,418.24,0.0,1,3.33,0.83,SPY210604P00403000,403.0,0,0.0,0.0,,0.0,normalDay
2021-05-26,12339.0,283.0,0.0,0,419.07,0.0,1,3.33,0.5,SPY210604P00403000,403.0,0,0.0,0.0,,0.0,normalDay
2021-05-27,12339.0,302.0,0.0,0,419.29,0.0,1,3.33,0.31,SPY210604P00403000,403.0,0,0.0,0.0,,0.0,normalDay
2021-05-28,12339.0,313.0,0.0,0,420.04,0.0,1,3.33,0.2,SPY210604P00403000,403.0,0,0.0,0.0,,0.0,normalDay
2021-06-01,12339.0,324.0,0.0,0,419.67,0.0,1,3.33,0.09,SPY210604P00403000,403.0,0,0.0,0.0,,0.0,normalDay
2021-06-02,12339.0,329.0,0.0,0,420.33,0.0,1,3.33,0.04,SPY210604P00403000,403.0,0,0.0,0.0,,0.0,normalDay
2021-06-03,12339.0,330.0,0.0,0,418.77,0.0,1,3.33,0.03,SPY210604P00403000,403.0,0,0.0,0.0,,0.0,normalDay
2021-06-04,12672.0,0.0,333.0,0,422.6,0.0,1,3.33,0.0,SPY210604P00403000,403.0,0,0.0,0.0,,0.0,expirationDay
2021-06-07,12672.0,-4.0,0.0,0,422.19,0.0,1,2.57,2.61,SPY210709P00405000,405.0,0,0.0,0.0,,0.0,normalDay
2021-06-08,12672.0,-13.0,0.0,0,422.28,0.0,1,2.57,2.7,SPY210709P00405000,405.0,0,0.0,0.0,,0.0,normalDay
2021-06-09,12672.0,-38.0,0.0,0,421.65,0.0,1,2.57,2.95,SPY210709P00405000,405.0,0,0.0,0.0,,0.0,normalDay
2021-06-10,12672.0,46.0,0.0,0,423.61,0.0,1,2.57,2.11,SPY210709P00405000,405.0,0,0.0,0.0,,0.0,normalDay
2021-06-11,12672.0,71.0,0.0,0,424.31,0.0,1,2.57,1.86,SPY210709P00405000,405.0,0,0.0,0.0,,0.0,normalDay
2021-06-14,12672.0,88.0,0.0,0,425.26,0.0,1,2.57,1.69,SPY210709P00405000,405.0,0,0.0,0.0,,0.0,normalDay
2021-06-15,12672.0,75.0,0.0,0,424.48,0.0,1,2.57,1.82,SPY210709P00405000,405.0,0,0.0,0.0,,0.0,normalDay
2021-06-16,12672.0,34.0,0.0,0,422.11,0.0,1,2.57,2.23,SPY210709P00405000,405.0,0,0.0,0.0,,0.0,normalDay
2021-06-17,12672.0,59.0,0.0,0,421.97,0.0,1,2.57,1.98,SPY210709P00405000,405.0,0,0.0,0.0,,0.0,normalDay
2021-06-18,12672.0,-109.0,0.0,0,414.92,0.0,1,2.57,3.66,SPY210709P00405000,405.0,0,0.0,0.0,,0.0,normalDay
2021-06-21,12672.0,95.0,0.0,0,420.86,0.0,1,2.57,1.62,SPY210709P00405000,405.0,0,0.0,0.0,,0.0,normalDay
2021-06-22,12672.0,146.0,0.0,0,423.11,0.0,1,2.57,1.11,SPY210709P00405000,405.0,0,0.0,0.0,,0.0,normalDay
2021-06-23,12672.0,162.0,0.0,0,422.6,0.0,1,2.57,0.95,SPY210709P00405000,405.0,0,0.0,0.0,,0.0,normalDay
2021-06-24,12672.0,192.0,0.0,0,425.1,0.0,1,2.57,0.65,SPY210709P00405000,405.0,0,0.0,0.0,,0.0,normalDay
2021-06-25,12672.0,211.0,0.0,0,426.61,0.0,1,2.57,0.46,SPY210709P00405000,405.0,0,0.0,0.0,,0.0,normalDay
2021-06-28,12672.0,227.0,0.0,0,427.47,0.0,1,2.57,0.3,SPY210709P00405000,405.0,0,0.0,0.0,,0.0,normalDay
2021-06-29,12672.0,230.0,0.0,0,427.7,0.0,1,2.57,0.27,SPY210709P00405000,405.0,0,0.0,0.0,,0.0,normalDay
2021-06-30,12672.0,238.0,0.0,0,428.06,0.0,1,2.57,0.19,SPY210709P00405000,405.0,0,0.0,0.0,,0.0,normalDay
2021-07-01,12672.0,243.0,0.0,0,430.43,0.0,1,2.57,0.14,SPY210709P00405000,405.0,0,0.0,0.0,,0.0,normalDay
2021-07-02,12672.0,251.0,0.0,0,433.72,0.0,1,2.57,0.06,SPY210709P00405000,405.0,0,0.0,0.0,,0.0,normalDay
2021-07-06,12672.0,254.0,0.0,0,432.93,0.0,1,2.57,0.03,SPY210709P00405000,405.0,0,0.0,0.0,,0.0,normalDay
2021-07-07,12672.0,255.0,0.0,0,434.46,0.0,1,2.57,0.02,SPY210709P00405000,405.0,0,0.0,0.0,,0.0,normalDay
2021-07-08,12672.0,255.0,0.0,0,430.92,0.0,1,2.57,0.02,SPY210709P00405000,405.0,0,0.0,0.0,,0.0,normalDay
2021-07-09,12929.0,0.0,257.0,0,435.52,0.0,1,2.57,0.0,SPY210709P00405000,405.0,0,0.0,0.0,,0.0,expirationDay
2021-07-12,12929.0,-4.0,0.0,0,437.08,0.0,1,1.86,1.9,SPY210813P00412000,412.0,0,0.0,0.0,,0.0,normalDay
2021-07-13,12929.0,-38.0,0.0,0,435.59,0.0,1,1.86,2.24,SPY210813P00412000,412.0,0,0.0,0.0,,0.0,normalDay
2021-07-14,12929.0,2.0,0.0,0,436.24,0.0,1,1.86,1.84,SPY210813P00412000,412.0,0,0.0,0.0,,0.0,normalDay
2021-07-15,12929.0,-24.0,0.0,0,434.75,0.0,1,1.86,2.1,SPY210813P00412000,412.0,0,0.0,0.0,,0.0,normalDay
2021-07-16,12929.0,-85.0,0.0,0,431.34,0.0,1,1.86,2.71,SPY210813P00412000,412.0,0,0.0,0.0,,0.0,normalDay
2021-07-19,12929.0,-260.0,0.0,0,424.97,0.0,1,1.86,4.46,SPY210813P00412000,412.0,0,0.0,0.0,,0.0,normalDay
2021-07-20,12929.0,-89.0,0.0,0,431.06,0.0,1,1.86,2.75,SPY210813P00412000,412.0,0,0.0,0.0,,0.0,normalDay
2021-07-21,12929.0,12.0,0.0,0,434.55,0.0,1,1.86,1.74,SPY210813P00412000,412.0,0,0.0,0.0,,0.0,normalDay
2021-07-22,12929.0,34.0,0.0,0,435.46,0.0,1,1.86,1.52,SPY210813P00412000,412.0,0,0.0,0.0,,0.0,normalDay
2021-07-23,12929.0,82.0,0.0,0,439.94,0.0,1,1.86,1.04,SPY210813P00412000,412.0,0,0.0,0.0,,0.0,normalDay
2021-07-26,12929.0,110.0,0.0,0,441.02,0.0,1,1.86,0.76,SPY210813P00412000,412.0,0,0.0,0.0,,0.0,normalDay
2021-07-27,12929.0,75.0,0.0,0,439.01,0.0,1,1.86,1.11,SPY210813P00412000,412.0,0,0.0,0.0,,0.0,normalDay
2021-07-28,12929.0,101.0,0.0,0,438.83,0.0,1,1.86,0.85,SPY210813P00412000,412.0,0,0.0,0.0,,0.0,normalDay
2021-07-29,12929.0,130.0,0.0,0,440.65,0.0,1,1.86,0.56,SPY210813P00412000,412.0,0,0.0,0.0,,0.0,normalDay
2021-07-30,12929.0,122.0,0.0,0,438.51,0.0,1,1.86,0.64,SPY210813P00412000,412.0,0,0.0,0.0,,0.0,normalDay
2021-08-02,12929.0,128.0,0.0,0,437.59,0.0,1,1.86,0.58,SPY210813P00412000,412.0,0,0.0,0.0,,0.0,normalDay
2021-08-03,12929.0,161.0,0.0,0,441.15,0.0,1,1.86,0.25,SPY210813P00412000,412.0,0,0.0,0.0,,0.0,normalDay
2021-08-04,12929.0,163.0,0.0,0,438.98,0.0,1,1.86,0.23,SPY210813P00412000,412.0,0,0.0,0.0,,0.0,normalDay
2021-08-05,12929.0,171.0,0.0,0,441.76,0.0,1,1.86,0.15,SPY210813P00412000,412.0,0,0.0,0.0,,0.0,normalDay
2021-08-06,12929.0,180.0,0.0,0,442.49,0.0,1,1.86,0.06,SPY210813P00412000,412.0,0,0.0,0.0,,0.0,normalDay
2021-08-09,12929.0,182.0,0.0,0,442.13,0.0,1,1.86,0.04,SPY210813P00412000,412.0,0,0.0,0.0,,0.0,normalDay
2021-08-10,12929.0,182.0,0.0,0,442.68,0.0,1,1.86,0.04,SPY210813P00412000,412.0,0,0.0,0.0,,0.0,normalDay
2021-08-11,12929.0,183.0,0.0,0,443.78,0.0,1,1.86,0.03,SPY210813P00412000,412.0,0,0.0,0.0,,0.0,normalDay
2021-08-12,12929.0,184.0,0.0,0,445.11,0.0,1,1.86,0.02,SPY210813P00412000,412.0,0,0.0,0.0,,0.0,normalDay
2021-08-13,13115.0,0.0,186.0,0,445.92,0.0,1,1.86,0.0,SPY210813P00412000,412.0,0,0.0,0.0,,0.0,expirationDay
2021-08-16,13115.0,-3.0,0.0,0,446.97,0.0,1,2.93,2.96,SPY210917P00430000,430.0,0,0.0,0.0,,0.0,normalDay
2021-08-17,13115.0,-104.0,0.0,0,444.04,0.0,1,2.93,3.97,SPY210917P00430000,430.0,0,0.0,0.0,,0.0,normalDay
2021-08-18,13115.0,-301.0,0.0,0,439.18,0.0,1,2.93,5.94,SPY210917P00430000,430.0,0,0.0,0.0,,0.0,normalDay
2021-08-19,13115.0,-267.0,0.0,0,439.86,0.0,1,2.93,5.6,SPY210917P00430000,430.0,0,0.0,0.0,,0.0,normalDay
2021-08-20,13115.0,-84.0,0.0,0,443.36,0.0,1,2.93,3.77,SPY210917P00430000,430.0,0,0.0,0.0,,0.0,normalDay
2021-08-23,13115.0,60.0,0.0,0,447.26,0.0,1,2.93,2.33,SPY210917P00430000,430.0,0,0.0,0.0,,0.0,normalDay
2021-08-24,13115.0,75.0,0.0,0,447.97,0.0,1,2.93,2.18,SPY210917P00430000,430.0,0,0.0,0.0,,0.0,normalDay
2021-08-25,13115.0,107.0,0.0,0,448.91,0.0,1,2.93,1.86,SPY210917P00430000,430.0,0,0.0,0.0,,0.0,normalDay
2021-08-26,13115.0,36.0,0.0,0,446.26,0.0,1,2.93,2.57,SPY210917P00430000,430.0,0,0.0,0.0,,0.0,normalDay
2021-08-27,13115.0,148.0,0.0,0,450.25,0.0,1,2.93,1.45,SPY210917P00430000,430.0,0,0.0,0.0,,0.0,normalDay
2021-08-30,13115.0,189.0,0.0,0,452.23,0.0,1,2.93,1.04,SPY210917P00430000,430.0,0,0.0,0.0,,0.0,normalDay
2021-08-31,13115.0,184.0,0.0,0,451.56,0.0,1,2.93,1.09,SPY210917P00430000,430.0,0,0.0,0.0,,0.0,normalDay
2021-09-01,13115.0,202.0,0.0,0,451.8,0.0,1,2.93,0.91,SPY210917P00430000,430.0,0,0.0,0.0,,0.0,normalDay
2021-09-02,13115.0,205.0,0.0,0,453.19,0.0,1,2.93,0.88,SPY210917P00430000,430.0,0,0.0,0.0,,0.0,normalDay
2021-09-03,13115.0,222.0,0.0,0,453.08,0.0,1,2.93,0.71,SPY210917P00430000,430.0,0,0.0,0.0,,0.0,normalDay
2021-09-07,13115.0,222.0,0.0,0,451.46,0.0,1,2.93,0.71,SPY210917P00430000,430.0,0,0.0,0.0,,0.0,normalDay
2021-09-08,13115.0,232.0,0.0,0,450.91,0.0,1,2.93,0.61,SPY210917P00430000,430.0,0,0.0,0.0,,0.0,normalDay
2021-09-09,13115.0,218.0,0.0,0,448.98,0.0,1,2.93,0.75,SPY210917P00430000,430.0,0,0.0,0.0,,0.0,normalDay
2021-09-10,13115.0,158.0,0.0,0,445.44,0.0,1,2.93,1.35,SPY210917P00430000,430.0,0,0.0,0.0,,0.0,normalDay
2021-09-13,13115.0,232.0,0.0,0,446.58,0.0,1,2.93,0.61,SPY210917P00430000,430.0,0,0.0,0.0,,0.0,normalDay
2021-09-14,13115.0,243.0,0.0,0,444.17,0.0,1,2.93,0.5,SPY210917P00430000,430.0,0,0.0,0.0,,0.0,normalDay
2021-09-15,13115.0,279.0,0.0,0,447.88,0.0,1,2.93,0.14,SPY210917P00430000,430.0,0,0.0,0.0,,0.0,normalDay
2021-09-16,13115.0,284.0,0.0,0,447.17,0.0,1,2.93,0.09,SPY210917P00430000,430.0,0,0.0,0.0,,0.0,normalDay
2021-09-17,13408.0,0.0,293.0,0,441.4,0.0,1,2.93,0.0,SPY210917P00430000,430.0,0,0.0,0.0,,0.0,expirationDay
2021-09-20,13408.0,-8.0,0.0,0,434.04,0.0,1,10.81,10.89,SPY211022P00436000,436.0,0,0.0,0.0,,0.0,normalDay
2021-09-21,13408.0,12.0,0.0,0,433.63,0.0,1,10.81,10.69,SPY211022P00436000,436.0,0,0.0,0.0,,0.0,normalDay
2021-09-22,13408.0,320.0,0.0,0,437.86,0.0,1,10.81,7.61,SPY211022P00436000,436.0,0,0.0,0.0,,0.0,normalDay
2021-09-23,13408.0,571.0,0.0,0,443.18,0.0,1,10.81,5.1,SPY211022P00436000,436.0,0,0.0,0.0,,0.0,normalDay
2021-09-24,13408.0,635.0,0.0,0,443.91,0.0,1,10.81,4.46,SPY211022P00436000,436.0,0,0.0,0.0,,0.0,normalDay
2021-09-27,13408.0,606.0,0.0,0,442.64,0.0,1,10.81,4.75,SPY211022P00436000,436.0,0,0.0,0.0,,0.0,normalDay
2021-09-28,13408.0,178.0,0.0,0,433.72,0.0,1,10.81,9.03,SPY211022P00436000,436.0,0,0.0,0.0,,0.0,normalDay
2021-09-29,13408.0,240.0,0.0,0,434.45,0.0,1,10.81,8.41,SPY211022P00436000,436.0,0,0.0,0.0,,0.0,normalDay
2021-09-30,13408.0,-31.0,0.0,0,429.14,0.0,1,10.81,11.12,SPY211022P00436000,436.0,0,0.0,0.0,,0.0,normalDay
2021-10-01,13408.0,298.0,0.0,0,434.24,0.0,1,10.81,7.83,SPY211022P00436000,436.0,0,0.0,0.0,,0.0,normalDay
2021-10-04,13408.0,-11.0,0.0,0,428.64,0.0,1,10.81,10.92,SPY211022P00436000,436.0,0,0.0,0.0,,0.0,normalDay
2021-10-05,13408.0,289.0,0.0,0,433.1,0.0,1,10.81,7.92,SPY211022P00436000,436.0,0,0.0,0.0,,0.0,normalDay
2021-10-06,13408.0,383.0,0.0,0,434.9,0.0,1,10.81,6.98,SPY211022P00436000,436.0,0,0.0,0.0,,0.0,normalDay
2021-10-07,13408.0,617.0,0.0,0,438.66,0.0,1,10.81,4.64,SPY211022P00436000,436.0,0,0.0,0.0,,0.0,normalDay
2021-10-08,13408.0,615.0,0.0,0,437.86,0.0,1,10.81,4.66,SPY211022P00436000,436.0,0,0.0,0.0,,0.0,normalDay
2021-10-11,13408.0,494.0,0.0,0,434.69,0.0,1,10.81,5.87,SPY211022P00436000,436.0,0,0.0,0.0,,0.0,normalDay
2021-10-12,13408.0,445.0,0.0,0,433.62,0.0,1,10.81,6.36,SPY211022P00436000,436.0,0,0.0,0.0,,0.0,normalDay
2021-10-13,13408.0,640.0,0.0,0,435.18,0.0,1,10.81,4.41,SPY211022P00436000,436.0,0,0.0,0.0,,0.0,normalDay
2021-10-14,13408.0,936.0,0.0,0,442.5,0.0,1,10.81,1.45,SPY211022P00436000,436.0,0,0.0,0.0,,0.0,normalDay
2021-10-15,13408.0,1015.0,0.0,0,445.87,0.0,1,10.81,0.66,SPY211022P00436000,436.0,0,0.0,0.0,,0.0,normalDay
2021-10-18,13408.0,1052.0,0.0,0,447.19,0.0,1,10.81,0.29,SPY211022P00436000,436.0,0,0.0,0.0,,0.0,normalDay
2021-10-19,13408.0,1071.0,0.0,0,450.64,0.0,1,10.81,0.1,SPY211022P00436000,436.0,0,0.0,0.0,,0.0,normalDay
2021-10-20,13408.0,1075.0,0.0,0,452.41,0.0,1,10.81,0.06,SPY211022P00436000,436.0,0,0.0,0.0,,0.0,normalDay
2021-10-21,13408.0,1079.0,0.0,0,453.59,0.0,1,10.81,0.02,SPY211022P00436000,436.0,0,0.0,0.0,,0.0,normalDay
2021-10-22,14489.0,0.0,1081.0,0,453.12,0.0,1,10.81,0.0,SPY211022P00436000,436.0,0,0.0,0.0,,0.0,expirationDay
2021-10-25,14489.0,-3.0,0.0,0,455.55,0.0,1,1.12,1.15,SPY211126P00417000,417.0,0,0.0,0.0,,0.0,normalDay
2021-10-26,14489.0,-7.0,0.0,0,455.96,0.0,1,1.12,1.19,SPY211126P00417000,417.0,0,0.0,0.0,,0.0,normalDay
2021-10-27,14489.0,-30.0,0.0,0,453.94,0.0,1,1.12,1.42,SPY211126P00417000,417.0,0,0.0,0.0,,0.0,normalDay
2021-10-28,14489.0,6.0,0.0,0,458.32,0.0,1,1.12,1.06,SPY211126P00417000,417.0,0,0.0,0.0,,0.0,normalDay
2021-10-29,14489.0,21.0,0.0,0,459.25,0.0,1,1.12,0.91,SPY211126P00417000,417.0,0,0.0,0.0,,0.0,normalDay
2021-11-01,14489.0,41.0,0.0,0,460.04,0.0,1,1.12,0.71,SPY211126P00417000,417.0,0,0.0,0.0,,0.0,normalDay
2021-11-02,14489.0,52.0,0.0,0,461.9,0.0,1,1.12,0.6,SPY211126P00417000,417.0,0,0.0,0.0,,0.0,normalDay
2021-11-03,14489.0,70.0,0.0,0,464.72,0.0,1,1.12,0.42,SPY211126P00417000,417.0,0,0.0,0.0,,0.0,normalDay
2021-11-04,14489.0,70.0,0.0,0,466.91,0.0,1,1.12,0.42,SPY211126P00417000,417.0,0,0.0,0.0,,0.0,normalDay
2021-11-05,14489.0,69.0,0.0,0,468.53,0.0,1,1.12,0.43,SPY211126P00417000,417.0,0,0.0,0.0,,0.0,normalDay
2021-11-08,14489.0,73.0,0.0,0,468.93,0.0,1,1.12,0.39,SPY211126P00417000,417.0,0,0.0,0.0,,0.0,normalDay
2021-11-09,14489.0,73.0,0.0,0,467.38,0.0,1,1.12,0.39,SPY211126P00417000,417.0,0,0.0,0.0,,0.0,normalDay
2021-11-10,14489.0,71.0,0.0,0,463.62,0.0,1,1.12,0.41,SPY211126P00417000,417.0,0,0.0,0.0,,0.0,normalDay
2021-11-11,14489.0,84.0,0.0,0,463.77,0.0,1,1.12,0.28,SPY211126P00417000,417.0,0,0.0,0.0,,0.0,normalDay
2021-11-12,14489.0,95.0,0.0,0,467.27,0.0,1,1.12,0.17,SPY211126P00417000,417.0,0,0.0,0.0,,0.0,normalDay
2021-11-15,14489.0,102.0,0.0,0,467.43,0.0,1,1.12,0.1,SPY211126P00417000,417.0,0,0.0,0.0,,0.0,normalDay
2021-11-16,14489.0,104.0,0.0,0,469.28,0.0,1,1.12,0.08,SPY211126P00417000,417.0,0,0.0,0.0,,0.0,normalDay
2021-11-17,14489.0,106.0,0.0,0,468.14,0.0,1,1.12,0.06,SPY211126P00417000,417.0,0,0.0,0.0,,0.0,normalDay
2021-11-18,14489.0,106.0,0.0,0,469.73,0.0,1,1.12,0.06,SPY211126P00417000,417.0,0,0.0,0.0,,0.0,normalDay
2021-11-19,14489.0,108.0,0.0,0,468.89,0.0,1,1.12,0.04,SPY211126P00417000,417.0,0,0.0,0.0,,0.0,normalDay
2021-11-22,14489.0,108.0,0.0,0,467.57,0.0,1,1.12,0.04,SPY211126P00417000,417.0,0,0.0,0.0,,0.0,normalDay
2021-11-23,14489.0,110.0,0.0,0,468.19,0.0,1,1.12,0.02,SPY211126P00417000,417.0,0,0.0,0.0,,0.0,normalDay
2021-11-24,14489.0,111.0,0.0,0,469.44,0.0,1,1.12,0.01,SPY211126P00417000,417.0,0,0.0,0.0,,0.0,normalDay
2021-11-26,14601.0,0.0,112.0,0,458.97,0.0,1,1.12,0.0,SPY211126P00417000,417.0,0,0.0,0.0,,0.0,expirationDay
2021-11-29,14601.0,-6.0,0.0,0,464.6,0.0,1,7.76,7.82,SPY211231P00458000,458.0,0,0.0,0.0,,0.0,normalDay
2021-11-30,14601.0,-408.0,0.0,0,455.56,0.0,1,7.76,11.84,SPY211231P00458000,458.0,0,0.0,0.0,,0.0,normalDay
2021-12-01,14601.0,-902.0,0.0,0,450.5,0.0,1,7.76,16.78,SPY211231P00458000,458.0,0,0.0,0.0,,0.0,normalDay
2021-12-02,14601.0,-401.0,0.0,0,457.4,0.0,1,7.76,11.77,SPY211231P00458000,458.0,0,0.0,0.0,,0.0,normalDay
2021-12-03,14601.0,-642.0,0.0,0,453.42,0.0,1,7.76,14.18,SPY211231P00458000,458.0,0,0.0,0.0,,0.0,normalDay
2021-12-06,14601.0,-235.0,0.0,0,458.79,0.0,1,7.76,10.11,SPY211231P00458000,458.0,0,0.0,0.0,,0.0,normalDay
2021-12-07,14601.0,253.0,0.0,0,468.28,0.0,1,7.76,5.23,SPY211231P00458000,458.0,0,0.0,0.0,,0.0,normalDay
2021-12-08,14601.0,359.0,0.0,0,469.52,0.0,1,7.76,4.17,SPY211231P00458000,458.0,0,0.0,0.0,,0.0,normalDay
2021-12-09,14601.0,250.0,0.0,0,466.35,0.0,1,7.76,5.26,SPY211231P00458000,458.0,0,0.0,0.0,,0.0,normalDay
2021-12-10,14601.0,453.0,0.0,0,470.74,0.0,1,7.76,3.23,SPY211231P00458000,458.0,0,0.0,0.0,,0.0,normalDay
2021-12-13,14601.0,342.0,0.0,0,466.57,0.0,1,7.76,4.34,SPY211231P00458000,458.0,0,0.0,0.0,,0.0,normalDay
2021-12-14,14601.0,211.0,0.0,0,463.36,0.0,1,7.76,5.65,SPY211231P00458000,458.0,0,0.0,0.0,,0.0,normalDay
2021-12-15,14601.0,511.0,0.0,0,470.6,0.0,1,7.76,2.65,SPY211231P00458000,458.0,0,0.0,0.0,,0.0,normalDay
2021-12-16,14601.0,406.0,0.0,0,466.45,0.0,1,7.76,3.7,SPY211231P00458000,458.0,0,0.0,0.0,,0.0,normalDay
2021-12-17,14601.0,228.0,0.0,0,459.87,0.0,1,7.76,5.48,SPY211231P00458000,458.0,0,0.0,0.0,,0.0,normalDay
2021-12-20,14601.0,18.0,0.0,0,454.98,0.0,1,7.76,7.58,SPY211231P00458000,458.0,0,0.0,0.0,,0.0,normalDay
2021-12-21,14601.0,433.0,0.0,0,463.06,0.0,1,7.76,3.43,SPY211231P00458000,458.0,0,0.0,0.0,,0.0,normalDay
2021-12-22,14601.0,640.0,0.0,0,467.69,0.0,1,7.76,1.36,SPY211231P00458000,458.0,0,0.0,0.0,,0.0,normalDay
2021-12-23,14601.0,717.0,0.0,0,470.6,0.0,1,7.76,0.59,SPY211231P00458000,458.0,0,0.0,0.0,,0.0,normalDay
2021-12-27,14601.0,764.0,0.0,0,477.26,0.0,1,7.76,0.12,SPY211231P00458000,458.0,0,0.0,0.0,,0.0,normalDay
2021-12-28,14601.0,767.0,0.0,0,476.87,0.0,1,7.76,0.09,SPY211231P00458000,458.0,0,0.0,0.0,,0.0,normalDay
2021-12-29,14601.0,773.0,0.0,0,477.48,0.0,1,7.76,0.03,SPY211231P00458000,458.0,0,0.0,0.0,,0.0,normalDay
2021-12-30,14601.0,772.0,0.0,0,476.16,0.0,1,7.76,0.04,SPY211231P00458000,458.0,0,0.0,0.0,,0.0,normalDay
2021-12-31,15377.0,0.0,776.0,0,474.96,0.0,1,7.76,0.0,SPY211231P00458000,458.0,0,0.0,0.0,,0.0,expirationDay
2022-01-03,15377.0,-4.0,0.0,0,477.71,0.0,1,2.13,2.17,SPY220204P00451000,451.0,0,0.0,0.0,,0.0,normalDay
2022-01-04,15377.0,-7.0,0.0,0,477.55,0.0,1,2.13,2.2,SPY220204P00451000,451.0,0,0.0,0.0,,0.0,normalDay
2022-01-05,15377.0,-204.0,0.0,0,468.38,0.0,1,2.13,4.17,SPY220204P00451000,451.0,0,0.0,0.0,,0.0,normalDay
2022-01-06,15377.0,-194.0,0.0,0,467.94,0.0,1,2.13,4.07,SPY220204P00451000,451.0,0,0.0,0.0,,0.0,normalDay
2022-01-07,15377.0,-169.0,0.0,0,466.09,0.0,1,2.13,3.82,SPY220204P00451000,451.0,0,0.0,0.0,,0.0,normalDay
2022-01-10,15377.0,-174.0,0.0,0,465.51,0.0,1,2.13,3.87,SPY220204P00451000,451.0,0,0.0,0.0,,0.0,normalDay
2022-01-11,15377.0,-71.0,0.0,0,469.75,0.0,1,2.13,2.84,SPY220204P00451000,451.0,0,0.0,0.0,,0.0,normalDay
2022-01-12,15377.0,-20.0,0.0,0,471.02,0.0,1,2.13,2.33,SPY220204P00451000,451.0,0,0.0,0.0,,0.0,normalDay
2022-01-13,15377.0,-197.0,0.0,0,464.53,0.0,1,2.13,4.1,SPY220204P00451000,451.0,0,0.0,0.0,,0.0,normalDay
2022-01-14,15377.0,-141.0,0.0,0,464.72,0.0,1,2.13,3.54,SPY220204P00451000,451.0,0,0.0,0.0,,0.0,normalDay
2022-01-18,15377.0,-424.0,0.0,0,456.49,0.0,1,2.13,6.37,SPY220204P00451000,451.0,0,0.0,0.0,,0.0,normalDay
2022-01-19,15377.0,-549.0,0.0,0,451.75,0.0,1,2.13,7.62,SPY220204P00451000,451.0,0,0.0,0.0,,0.0,normalDay
2022-01-20,15377.0,-836.0,0.0,0,446.75,0.0,1,2.13,10.49,SPY220204P00451000,451.0,0,0.0,0.0,,0.0,normalDay
2022-01-21,15377.0,-1401.0,0.0,0,437.98,0.0,1,2.13,16.14,SPY220204P00451000,451.0,0,0.0,0.0,,0.0,normalDay
2022-01-24,15377.0,-1365.0,0.0,0,439.84,0.0,1,2.13,15.78,SPY220204P00451000,451.0,0,0.0,0.0,,0.0,normalDay
2022-01-25,15377.0,-1798.0,0.0,0,434.47,0.0,1,2.13,20.11,SPY220204P00451000,451.0,0,0.0,0.0,,0.0,normalDay
2022-01-26,15377.0,-1769.0,0.0,0,433.38,0.0,1,2.13,19.82,SPY220204P00451000,451.0,0,0.0,0.0,,0.0,normalDay
2022-01-27,15377.0,-1820.0,0.0,0,431.24,0.0,1,2.13,20.33,SPY220204P00451000,451.0,0,0.0,0.0,,0.0,normalDay
2022-01-28,15377.0,-931.0,0.0,0,441.95,0.0,1,2.13,11.44,SPY220204P00451000,451.0,0,0.0,0.0,,0.0,normalDay
2022-01-31,15377.0,-349.0,0.0,0,449.91,0.0,1,2.13,5.62,SPY220204P00451000,451.0,0,0.0,0.0,,0.0,normalDay
2022-02-01,15377.0,-42.0,0.0,0,452.95,0.0,1,2.13,2.55,SPY220204P00451000,451.0,0,0.0,0.0,,0.0,normalDay
2022-02-02,15377.0,61.0,0.0,0,457.35,0.0,1,2.13,1.52,SPY220204P00451000,451.0,0,0.0,0.0,,0.0,normalDay
2022-02-03,15377.0,-125.0,0.0,0,446.6,0.0,1,2.13,3.38,SPY220204P00451000,451.0,0,0.0,0.0,,0.0,normalDay
2022-02-04,15590.0,-230.0,213.0,100,448.7,451.0,1,2.13,0.0,SPY220204P00451000,451.0,0,0.0,0.0,,0.0,expirationDay
2022-02-07,15590.0,-374.0,0.0,100,447.26,451.0,0,0.0,0.0,,0.0,0,0.0,0.0,,0.0,bidTooLow
2022-02-08,15590.0,-6.0,0.0,100,450.94,451.0,0,0.0,0.0,,0.0,0,0.0,0.0,,0.0,bidTooLow
2022-02-09,15590.0,654.0,0.0,100,457.54,451.0,0,0.0,0.0,,0.0,0,0.0,0.0,,0.0,bidTooLow
2022-02-10,15590.0,-168.0,0.0,100,449.32,451.0,0,0.0,0.0,,0.0,0,0.0,0.0,,0.0,bidTooLow
2022-02-11,15590.0,-1054.0,0.0,100,440.46,451.0,0,0.0,0.0,,0.0,0,0.0,0.0,,0.0,bidTooLow
2022-02-14,15590.0,-1198.0,0.0,100,439.02,451.0,0,0.0,0.0,,0.0,0,0.0,0.0,,0.0,bidTooLow
2022-02-15,15590.0,-490.0,0.0,100,446.1,451.0,0,0.0,0.0,,0.0,0,0.0,0.0,,0.0,bidTooLow
2022-02-16,15590.0,-440.0,0.0,100,446.6,451.0,0,0.0,0.0,,0.0,0,0.0,0.0,,0.0,bidTooLow
2022-02-17,15590.0,-1394.0,0.0,100,437.06,451.0,0,0.0,0.0,,0.0,0,0.0,0.0,,0.0,bidTooLow
2022-02-18,15590.0,-1677.0,0.0,100,434.23,451.0,0,0.0,0.0,,0.0,0,0.0,0.0,,0.0,bidTooLow
2022-02-22,15590.0,-2143.0,0.0,100,429.57,451.0,0,0.0,0.0,,0.0,0,0.0,0.0,,0.0,bidTooLow
2022-02-23,15590.0,-2905.0,0.0,100,421.95,451.0,0,0.0,0.0,,0.0,0,0.0,0.0,,0.0,bidTooLow
2022-02-24,15590.0,-2270.0,0.0,100,428.3,451.0,0,0.0,0.0,,0.0,0,0.0,0.0,,0.0,bidTooLow
2022-02-25,15590.0,-1325.0,0.0,100,437.75,451.0,0,0.0,0.0,,0.0,0,0.0,0.0,,0.0,bidTooLow
2022-02-28,15590.0,-1437.0,0.0,100,436.63,451.0,0,0.0,0.0,,0.0,0,0.0,0.0,,0.0,bidTooLow
2022-03-01,15590.0,-2102.0,0.0,100,429.98,451.0,0,0.0,0.0,,0.0,0,0.0,0.0,,0.0,bidTooLow
2022-03-02,15590.0,-1311.0,0.0,100,437.89,451.0,0,0.0,0.0,,0.0,0,0.0,0.0,,0.0,bidTooLow
2022-03-03,15590.0,-1529.0,0.0,100,435.71,451.0,0,0.0,0.0,,0.0,0,0.0,0.0,,0.0,bidTooLow
2022-03-04,15590.0,-1883.0,0.0,100,432.17,451.0,0,0.0,0.0,,0.0,0,0.0,0.0,,0.0,bidTooLow
2022-03-07,15590.0,-3157.0,0.0,100,419.43,451.0,0,0.0,0.0,,0.0,0,0.0,0.0,,0.0,bidTooLow
2022-03-08,15590.0,-3475.0,0.0,100,416.25,451.0,0,0.0,0.0,,0.0,0,0.0,0.0,,0.0,bidTooLow
2022-03-09,15590.0,-2359.0,0.0,100,427.41,451.0,0,0.0,0.0,,0.0,0,0.0,0.0,,0.0,bidTooLow
2022-03-10,15590.0,-2552.0,0.0,100,425.48,451.0,0,0.0,0.0,,0.0,0,0.0,0.0,,0.0,bidTooLow
2022-03-11,15590.0,-3093.0,0.0,100,420.07,451.0,0,0.0,0.0,,0.0,0,0.0,0.0,,0.0,bidTooLow
2022-03-14,15590.0,-3400.0,0.0,100,417.0,451.0,0,0.0,0.0,,0.0,0,0.0,0.0,,0.0,bidTooLow
2022-03-15,15590.0,-2483.0,0.0,100,426.17,451.0,0,0.0,0.0,,0.0,0,0.0,0.0,,0.0,bidTooLow
2022-03-16,15590.0,-1541.0,0.0,100,435.62,451.0,0,0.0,0.0,,0.0,1,0.01,0.04,SPY220318C00454000,454.0,normalDay
2022-03-17,15590.0,-995.0,0.0,100,441.07,451.0,0,0.0,0.0,,0.0,1,0.01,0.03,SPY220318C00454000,454.0,normalDay
2022-03-18,15591.0,-648.0,1.0,100,444.52,451.0,0,0.0,0.0,,0.0,1,0.01,0.0,SPY220318C00454000,454.0,expirationDay
2022-03-21,15591.0,-664.0,0.0,100,444.39,451.0,0,0.0,0.0,,0.0,1,0.01,0.04,SPY220323C00457000,457.0,normalDay
2022-03-22,15591.0,-146.0,0.0,100,449.59,451.0,0,0.0,0.0,,0.0,1,0.01,0.06,SPY220323C00457000,457.0,normalDay
2022-03-23,15592.0,-720.0,1.0,100,443.8,451.0,0,0.0,0.0,,0.0,1,0.01,0.0,SPY220323C00457000,457.0,expirationDay
2022-03-24,15592.0,-51.0,0.0,100,450.49,451.0,0,0.0,0.0,,0.0,0,0.0,0.0,,0.0,bidTooLow
2022-03-25,15592.0,169.0,0.0,100,452.69,451.0,0,0.0,0.0,,0.0,0,0.0,0.0,,0.0,bidTooLow
2022-03-28,15592.0,491.0,0.0,100,455.91,451.0,0,0.0,0.0,,0.0,0,0.0,0.0,,0.0,bidTooLow
2022-03-29,15592.0,1055.0,0.0,100,461.55,451.0,0,0.0,0.0,,0.0,0,0.0,0.0,,0.0,bidTooLow
2022-03-30,15592.0,770.0,0.0,100,458.7,451.0,0,0.0,0.0,,0.0,0,0.0,0.0,,0.0,bidTooLow
2022-03-31,15592.0,64.0,0.0,100,451.64,451.0,0,0.0,0.0,,0.0,0,0.0,0.0,,0.0,bidTooLow
2022-04-01,15592.0,192.0,0.0,100,452.92,451.0,0,0.0,0.0,,0.0,0,0.0,0.0,,0.0,bidTooLow
2022-04-04,15592.0,580.0,0.0,100,456.8,451.0,0,0.0,0.0,,0.0,0,0.0,0.0,,0.0,bidTooLow
2022-04-05,15592.0,3.0,0.0,100,451.03,451.0,0,0.0,0.0,,0.0,0,0.0,0.0,,0.0,bidTooLow
2022-04-06,15592.0,-448.0,0.0,100,446.52,451.0,0,0.0,0.0,,0.0,0,0.0,0.0,,0.0,bidTooLow
2022-04-07,15592.0,-223.0,0.0,100,448.77,451.0,0,0.0,0.0,,0.0,0,0.0,0.0,,0.0,bidTooLow
2022-04-08,15592.0,-343.0,0.0,100,447.57,451.0,0,0.0,0.0,,0.0,0,0.0,0.0,,0.0,bidTooLow
2022-04-11,15592.0,-1108.0,0.0,100,439.92,451.0,0,0.0,0.0,,0.0,0,0.0,0.0,,0.0,bidTooLow
2022-04-12,15592.0,-1271.0,0.0,100,438.29,451.0,0,0.0,0.0,,0.0,0,0.0,0.0,,0.0,bidTooLow
2022-04-13,15592.0,-769.0,0.0,100,443.31,451.0,0,0.0,0.0,,0.0,0,0.0,0.0,,0.0,bidTooLow
2022-04-14,15592.0,-1321.0,0.0,100,437.79,451.0,0,0.0,0.0,,0.0,0,0.0,0.0,,0.0,bidTooLow
2022-04-18,15592.0,-1303.0,0.0,100,437.97,451.0,0,0.0,0.0,,0.0,0,0.0,0.0,,0.0,bidTooLow
2022-04-19,15592.0,-596.0,0.0,100,445.04,451.0,0,0.0,0.0,,0.0,0,0.0,0.0,,0.0,bidTooLow
2022-04-20,15592.0,-629.0,0.0,100,444.71,451.0,0,0.0,0.0,,0.0,0,0.0,0.0,,0.0,bidTooLow
2022-04-21,15592.0,-1294.0,0.0,100,438.06,451.0,0,0.0,0.0,,0.0,0,0.0,0.0,,0.0,bidTooLow
2022-04-22,15592.0,-2496.0,0.0,100,426.04,451.0,0,0.0,0.0,,0.0,0,0.0,0.0,,0.0,bidTooLow
2022-04-25,15592.0,-2249.0,0.0,100,428.51,451.0,0,0.0,0.0,,0.0,0,0.0,0.0,,0.0,bidTooLow
2022-04-26,15592.0,-3490.0,0.0,100,416.1,451.0,0,0.0,0.0,,0.0,0,0.0,0.0,,0.0,bidTooLow
2022-04-27,15592.0,-3373.0,0.0,100,417.27,451.0,0,0.0,0.0,,0.0,0,0.0,0.0,,0.0,bidTooLow
2022-04-28,15592.0,-2319.0,0.0,100,427.81,451.0,0,0.0,0.0,,0.0,0,0.0,0.0,,0.0,bidTooLow
2022-04-29,15592.0,-3900.0,0.0,100,412.0,451.0,0,0.0,0.0,,0.0,0,0.0,0.0,,0.0,bidTooLow
2022-05-02,15592.0,-3652.0,0.0,100,414.48,451.0,0,0.0,0.0,,0.0,0,0.0,0.0,,0.0,bidTooLow
2022-05-03,15592.0,-3462.0,0.0,100,416.38,451.0,0,0.0,0.0,,0.0,0,0.0,0.0,,0.0,bidTooLow
2022-05-04,15592.0,-2194.0,0.0,100,429.06,451.0,0,0.0,0.0,,0.0,0,0.0,0.0,,0.0,bidTooLow
2022-05-05,15592.0,-3719.0,0.0,100,413.81,451.0,0,0.0,0.0,,0.0,0,0.0,0.0,,0.0,bidTooLow
2022-05-06,15592.0,-3966.0,0.0,100,411.34,451.0,0,0.0,0.0,,0.0,0,0.0,0.0,,0.0,bidTooLow
2022-05-09,15592.0,-5283.0,0.0,100,398.17,451.0,0,0.0,0.0,,0.0,0,0.0,0.0,,0.0,bidTooLow
2022-05-10,15592.0,-5191.0,0.0,100,399.09,451.0,0,0.0,0.0,,0.0,0,0.0,0.0,,0.0,bidTooLow
2022-05-11,15592.0,-5825.0,0.0,100,392.75,451.0,0,0.0,0.0,,0.0,0,0.0,0.0,,0.0,bidTooLow
2022-05-12,15592.0,-5866.0,0.0,100,392.34,451.0,0,0.0,0.0,,0.0,0,0.0,0.0,,0.0,bidTooLow
2022-05-13,15592.0,-4928.0,0.0,100,401.72,451.0,0,0.0,0.0,,0.0,0,0.0,0.0,,0.0,bidTooLow
2022-05-16,15592.0,-5091.0,0.0,100,400.09,451.0,0,0.0,0.0,,0.0,0,0.0,0.0,,0.0,bidTooLow
2022-05-17,15592.0,-4268.0,0.0,100,408.32,451.0,0,0.0,0.0,,0.0,0,0.0,0.0,,0.0,bidTooLow
2022-05-18,15592.0,-5914.0,0.0,100,391.86,451.0,0,0.0,0.0,,0.0,0,0.0,0.0,,0.0,bidTooLow
2022-05-19,15592.0,-6154.0,0.0,100,389.46,451.0,0,0.0,0.0,,0.0,0,0.0,0.0,,0.0,bidTooLow
2022-05-20,15592.0,-6137.0,0.0,100,389.63,451.0,0,0.0,0.0,,0.0,0,0.0,0.0,,0.0,bidTooLow
2022-05-23,15592.0,-5408.0,0.0,100,396.92,451.0,0,0.0,0.0,,0.0,0,0.0,0.0,,0.0,bidTooLow
2022-05-24,15592.0,-5711.0,0.0,100,393.89,451.0,0,0.0,0.0,,0.0,0,0.0,0.0,,0.0,bidTooLow
2022-05-25,15592.0,-5363.0,0.0,100,397.37,451.0,0,0.0,0.0,,0.0,0,0.0,0.0,,0.0,bidTooLow
2022-05-26,15592.0,-4569.0,0.0,100,405.31,451.0,0,0.0,0.0,,0.0,0,0.0,0.0,,0.0,bidTooLow
2022-05-27,15592.0,-3574.0,0.0,100,415.26,451.0,0,0.0,0.0,,0.0,0,0.0,0.0,,0.0,bidTooLow
2022-05-31,15592.0,-3810.0,0.0,100,412.93,451.0,0,0.0,0.0,,0.0,1,0.01,0.04,SPY220603C00435000,435.0,normalDay
2022-06-01,15592.0,-4142.0,0.0,100,409.59,451.0,0,0.0,0.0,,0.0,1,0.01,0.02,SPY220603C00435000,435.0,normalDay
2022-06-02,15592.0,-3361.0,0.0,100,417.39,451.0,0,0.0,0.0,,0.0,1,0.01,0.01,SPY220603C00435000,435.0,normalDay
2022-06-03,15593.0,-4046.0,1.0,100,410.54,451.0,0,0.0,0.0,,0.0,1,0.01,0.0,SPY220603C00435000,435.0,expirationDay
2022-06-06,15593.0,-3921.0,0.0,100,411.79,451.0,0,0.0,0.0,,0.0,0,0.0,0.0,,0.0,bidTooLow
2022-06-07,15593.0,-3529.0,0.0,100,415.74,451.0,0,0.0,0.0,,0.0,1,0.07,0.1,SPY220610C00431000,431.0,normalDay
2022-06-08,15593.0,-3974.0,0.0,100,411.22,451.0,0,0.0,0.0,,0.0,1,0.07,0.03,SPY220610C00431000,431.0,normalDay
2022-06-09,15593.0,-4950.0,0.0,100,401.44,451.0,0,0.0,0.0,,0.0,1,0.07,0.01,SPY220610C00431000,431.0,normalDay
2022-06-10,15600.0,-6120.0,7.0,100,389.8,451.0,0,0.0,0.0,,0.0,1,0.07,0.0,SPY220610C00431000,431.0,expirationDay
2022-06-13,15600.0,-7600.0,0.0,100,375.0,451.0,0,0.0,0.0,,0.0,0,0.0,0.0,,0.0,bidTooLow
2022-06-14,15600.0,-7713.0,0.0,100,373.87,451.0,0,0.0,0.0,,0.0,0,0.0,0.0,,0.0,bidTooLow
2022-06-15,15600.0,-7180.0,0.0,100,379.2,451.0,0,0.0,0.0,,0.0,0,0.0,0.0,,0.0,bidTooLow
2022-06-16,15600.0,-8435.0,0.0,100,366.65,451.0,0,0.0,0.0,,0.0,0,0.0,0.0,,0.0,bidTooLow
2022-06-17,15600.0,-8514.0,0.0,100,365.86,451.0,0,0.0,0.0,,0.0,0,0.0,0.0,,0.0,bidTooLow
2022-06-21,15600.0,-7593.0,0.0,100,375.07,451.0,0,0.0,0.0,,0.0,0,0.0,0.0,,0.0,bidTooLow
2022-06-22,15600.0,-7661.0,0.0,100,374.39,451.0,0,0.0,0.0,,0.0,0,0.0,0.0,,0.0,bidTooLow
2022-06-23,15600.0,-7294.0,0.0,100,378.06,451.0,0,0.0,0.0,,0.0,0,0.0,0.0,,0.0,bidTooLow
2022-06-24,15600.0,-6092.0,0.0,100,390.08,451.0,0,0.0,0.0,,0.0,0,0.0,0.0,,0.0,bidTooLow
2022-06-27,15600.0,-6241.0,0.0,100,388.59,451.0,0,0.0,0.0,,0.0,0,0.0,0.0,,0.0,bidTooLow
2022-06-28,15600.0,-7035.0,0.0,100,380.65,451.0,0,0.0,0.0,,0.0,0,0.0,0.0,,0.0,bidTooLow
2022-06-29,15600.0,-7066.0,0.0,100,380.34,451.0,0,0.0,0.0,,0.0,0,0.0,0.0,,0.0,bidTooLow
2022-06-30,15600.0,-7375.0,0.0,100,377.25,451.0,0,0.0,0.0,,0.0,0,0.0,0.0,,0.0,bidTooLow
2022-07-01,15600.0,-6976.0,0.0,100,381.24,451.0,0,0.0,0.0,,0.0,0,0.0,0.0,,0.0,bidTooLow
2022-07-05,15600.0,-6904.0,0.0,100,381.96,451.0,0,0.0,0.0,,0.0,0,0.0,0.0,,0.0,bidTooLow
2022-07-06,15600.0,-6775.0,0.0,100,383.25,451.0,0,0.0,0.0,,0.0,0,0.0,0.0,,0.0,bidTooLow
2022-07-07,15600.0,-6201.0,0.0,100,388.99,451.0,0,0.0,0.0,,0.0,0,0.0,0.0,,0.0,bidTooLow
2022-07-08,15600.0,-6233.0,0.0,100,388.67,451.0,0,0.0,0.0,,0.0,0,0.0,0.0,,0.0,bidTooLow
2022-07-11,15600.0,-6677.0,0.0,100,384.23,451.0,0,0.0,0.0,,0.0,0,0.0,0.0,,0.0,bidTooLow
2022-07-12,15600.0,-7020.0,0.0,100,380.83,451.0,0,0.0,0.0,,0.0,1,0.08,0.11,SPY220715C00400000,400.0,normalDay
2022-07-13,15600.0,-7211.0,0.0,100,378.83,451.0,0,0.0,0.0,,0.0,1,0.08,0.02,SPY220715C00400000,400.0,normalDay
2022-07-14,15600.0,-7302.0,0.0,100,377.91,451.0,0,0.0,0.0,,0.0,1,0.08,0.01,SPY220715C00400000,400.0,normalDay
2022-07-15,15608.0,-6587.0,8.0,100,385.13,451.0,0,0.0,0.0,,0.0,1,0.08,0.0,SPY220715C00400000,400.0,expirationDay
2022-07-18,15608.0,-6905.0,0.0,100,381.95,451.0,0,0.0,0.0,,0.0,0,0.0,0.0,,0.0,bidTooLow
2022-07-19,15608.0,-5876.0,0.0,100,392.27,451.0,0,0.0,0.0,,0.0,1,1.24,1.27,SPY220722C00398000,398.0,normalDay
2022-07-20,15608.0,-5651.0,0.0,100,394.77,451.0,0,0.0,0.0,,0.0,1,1.24,1.52,SPY220722C00398000,398.0,normalDay
2022-07-21,15608.0,-5303.0,0.0,100,398.79,451.0,0,0.0,0.0,,0.0,1,1.24,2.06,SPY220722C00398000,398.0,normalDay
2022-07-22,15732.0,-5591.0,124.0,100,395.09,451.0,0,0.0,0.0,,0.0,1,1.24,0.0,SPY220722C00398000,398.0,expirationDay
2022-07-25,15732.0,-5546.0,0.0,100,395.57,451.0,0,0.0,0.0,,0.0,1,0.27,0.3,SPY220727C00406000,406.0,normalDay
2022-07-26,15732.0,-5986.0,0.0,100,390.89,451.0,0,0.0,0.0,,0.0,1,0.27,0.02,SPY220727C00406000,406.0,normalDay
2022-07-27,15759.0,-4996.0,27.0,100,401.04,451.0,0,0.0,0.0,,0.0,1,0.27,0.0,SPY220727C00406000,406.0,expirationDay
2022-07-28,15759.0,-4496.0,0.0,100,406.07,451.0,0,0.0,0.0,,0.0,1,0.2,0.23,SPY220729C00413000,413.0,normalDay
2022-07-29,15779.0,-3901.0,20.0,100,411.99,451.0,0,0.0,0.0,,0.0,1,0.2,0.0,SPY220729C00413000,413.0,expirationDay
2022-08-01,15779.0,-4026.0,0.0,100,410.77,451.0,0,0.0,0.0,,0.0,1,0.06,0.09,SPY220803C00422000,422.0,normalDay
2022-08-02,15779.0,-4290.0,0.0,100,408.06,451.0,0,0.0,0.0,,0.0,1,0.06,0.02,SPY220803C00422000,422.0,normalDay
2022-08-03,15785.0,-3655.0,6.0,100,414.45,451.0,0,0.0,0.0,,0.0,1,0.06,0.0,SPY220803C00422000,422.0,expirationDay
2022-08-04,15785.0,-3683.0,0.0,100,414.17,451.0,0,0.0,0.0,,0.0,0,0.0,0.0,,0.0,bidTooLow
2022-08-05,15785.0,-3753.0,0.0,100,413.47,451.0,0,0.0,0.0,,0.0,0,0.0,0.0,,0.0,bidTooLow
2022-08-08,15785.0,-3801.0,0.0,100,412.99,451.0,0,0.0,0.0,,0.0,0,0.0,0.0,,0.0,bidTooLow
2022-08-09,15785.0,-3965.0,0.0,100,411.35,451.0,0,0.0,0.0,,0.0,0,0.0,0.0,,0.0,bidTooLow
2022-08-10,15785.0,-3101.0,0.0,100,419.99,451.0,0,0.0,0.0,,0.0,0,0.0,0.0,,0.0,bidTooLow
2022-08-11,15785.0,-3101.0,0.0,100,419.99,451.0,0,0.0,0.0,,0.0,0,0.0,0.0,,0.0,bidTooLow
2022-08-12,15785.0,-2390.0,0.0,100,427.1,451.0,0,0.0,0.0,,0.0,0,0.0,0.0,,0.0,bidTooLow
2022-08-15,15785.0,-2214.0,0.0,100,428.86,451.0,0,0.0,0.0,,0.0,0,0.0,0.0,,0.0,bidTooLow
2022-08-16,15785.0,-2133.0,0.0,100,429.7,451.0,0,0.0,0.0,,0.0,1,0.01,0.04,SPY220819C00445000,445.0,normalDay
2022-08-17,15785.0,-2436.0,0.0,100,426.65,451.0,0,0.0,0.0,,0.0,1,0.01,0.02,SPY220819C00445000,445.0,normalDay
2022-08-18,15785.0,-2311.0,0.0,100,427.89,451.0,0,0.0,0.0,,0.0,1,0.01,0.01,SPY220819C00445000,445.0,normalDay
2022-08-19,15786.0,-2886.0,1.0,100,422.14,451.0,0,0.0,0.0,,0.0,1,0.01,0.0,SPY220819C00445000,445.0,expirationDay
2022-08-22,15786.0,-3765.0,0.0,100,413.35,451.0,0,0.0,0.0,,0.0,0,0.0,0.0,,0.0,bidTooLow
2022-08-23,15786.0,-3865.0,0.0,100,412.35,451.0,0,0.0,0.0,,0.0,0,0.0,0.0,,0.0,bidTooLow
2022-08-24,15786.0,-3733.0,0.0,100,413.67,451.0,0,0.0,0.0,,0.0,0,0.0,0.0,,0.0,bidTooLow
2022-08-25,15786.0,-3149.0,0.0,100,419.51,451.0,0,0.0,0.0,,0.0,0,0.0,0.0,,0.0,bidTooLow
2022-08-26,15786.0,-4569.0,0.0,100,405.31,451.0,0,0.0,0.0,,0.0,0,0.0,0.0,,0.0,bidTooLow
2022-08-29,15786.0,-4837.0,0.0,100,402.63,451.0,0,0.0,0.0,,0.0,0,0.0,0.0,,0.0,bidTooLow
2022-08-30,15786.0,-5279.0,0.0,100,398.21,451.0,0,0.0,0.0,,0.0,0,0.0,0.0,,0.0,bidTooLow
2022-08-31,15786.0,-5582.0,0.0,100,395.18,451.0,0,0.0,0.0,,0.0,0,0.0,0.0,,0.0,bidTooLow
2022-09-01,15786.0,-5458.0,0.0,100,396.42,451.0,0,0.0,0.0,,0.0,0,0.0,0.0,,0.0,bidTooLow
2022-09-02,15786.0,-5876.0,0.0,100,392.24,451.0,0,0.0,0.0,,0.0,0,0.0,0.0,,0.0,bidTooLow
2022-09-06,15786.0,-6024.0,0.0,100,390.76,451.0,0,0.0,0.0,,0.0,0,0.0,0.0,,0.0,bidTooLow
2022-09-07,15786.0,-5322.0,0.0,100,397.78,451.0,0,0.0,0.0,,0.0,0,0.0,0.0,,0.0,bidTooLow
2022-09-08,15786.0,-5062.0,0.0,100,400.38,451.0,0,0.0,0.0,,0.0,0,0.0,0.0,,0.0,bidTooLow
2022-09-09,15786.0,-4440.0,0.0,100,406.6,451.0,0,0.0,0.0,,0.0,0,0.0,0.0,,0.0,bidTooLow
2022-09-12,15786.0,-4003.0,0.0,100,410.97,451.0,0,0.0,0.0,,0.0,0,0.0,0.0,,0.0,bidTooLow
2022-09-13,15786.0,-5790.0,0.0,100,393.1,451.0,0,0.0,0.0,,0.0,0,0.0,0.0,,0.0,bidTooLow
2022-09-14,15786.0,-5640.0,0.0,100,394.6,451.0,0,0.0,0.0,,0.0,0,0.0,0.0,,0.0,bidTooLow
2022-09-15,15786.0,-6088.0,0.0,100,390.12,451.0,0,0.0,0.0,,0.0,0,0.0,0.0,,0.0,bidTooLow
2022-09-16,15786.0,-6544.0,0.0,100,385.56,451.0,0,0.0,0.0,,0.0,0,0.0,0.0,,0.0,bidTooLow
2022-09-19,15786.0,-6245.0,0.0,100,388.55,451.0,0,0.0,0.0,,0.0,0,0.0,0.0,,0.0,bidTooLow
2022-09-20,15786.0,-6691.0,0.0,100,384.09,451.0,0,0.0,0.0,,0.0,0,0.0,0.0,,0.0,bidTooLow
2022-09-21,15786.0,-7361.0,0.0,100,377.39,451.0,0,0.0,0.0,,0.0,0,0.0,0.0,,0.0,bidTooLow
2022-09-22,15786.0,-7678.0,0.0,100,374.22,451.0,0,0.0,0.0,,0.0,0,0.0,0.0,,0.0,bidTooLow
2022-09-23,15786.0,-8305.0,0.0,100,367.95,451.0,0,0.0,0.0,,0.0,0,0.0,0.0,,0.0,bidTooLow
2022-09-26,15786.0,-8669.0,0.0,100,364.31,451.0,0,0.0,0.0,,0.0,0,0.0,0.0,,0.0,bidTooLow
2022-09-27,15786.0,-8762.0,0.0,100,363.38,451.0,0,0.0,0.0,,0.0,0,0.0,0.0,,0.0,bidTooLow
2022-09-28,15786.0,-8047.0,0.0,100,370.53,451.0,0,0.0,0.0,,0.0,0,0.0,0.0,,0.0,bidTooLow
2022-09-29,15786.0,-8821.0,0.0,100,362.79,451.0,0,0.0,0.0,,0.0,0,0.0,0.0,,0.0,bidTooLow
2022-09-30,15786.0,-9382.0,0.0,100,357.18,451.0,0,0.0,0.0,,0.0,0,0.0,0.0,,0.0,bidTooLow
2022-10-03,15786.0,-8439.0,0.0,100,366.61,451.0,0,0.0,0.0,,0.0,0,0.0,0.0,,0.0,bidTooLow
2022-10-04,15786.0,-7303.0,0.0,100,377.97,451.0,0,0.0,0.0,,0.0,0,0.0,0.0,,0.0,bidTooLow
2022-10-05,15786.0,-7391.0,0.0,100,377.09,451.0,0,0.0,0.0,,0.0,0,0.0,0.0,,0.0,bidTooLow
2022-10-06,15786.0,-7780.0,0.0,100,373.2,451.0,0,0.0,0.0,,0.0,0,0.0,0.0,,0.0,bidTooLow
2022-10-07,15786.0,-8821.0,0.0,100,362.79,451.0,0,0.0,0.0,,0.0,0,0.0,0.0,,0.0,bidTooLow
2022-10-10,15786.0,-9098.0,0.0,100,360.02,451.0,0,0.0,0.0,,0.0,0,0.0,0.0,,0.0,bidTooLow
2022-10-11,15786.0,-9326.0,0.0,100,357.74,451.0,0,0.0,0.0,,0.0,0,0.0,0.0,,0.0,bidTooLow
2022-10-12,15786.0,-9444.0,0.0,100,356.56,451.0,0,0.0,0.0,,0.0,0,0.0,0.0,,0.0,bidTooLow
2022-10-13,15786.0,-8503.0,0.0,100,365.97,451.0,0,0.0,0.0,,0.0,0,0.0,0.0,,0.0,bidTooLow
2022-10-14,15786.0,-9337.0,0.0,100,357.63,451.0,0,0.0,0.0,,0.0,0,0.0,0.0,,0.0,bidTooLow
2022-10-17,15786.0,-8418.0,0.0,100,366.82,451.0,0,0.0,0.0,,0.0,0,0.0,0.0,,0.0,bidTooLow
2022-10-18,15786.0,-7990.0,0.0,100,371.13,451.0,0,0.0,0.0,,0.0,1,0.24,0.27,SPY221021C00388000,388.0,normalDay
2022-10-19,15786.0,-8231.0,0.0,100,368.5,451.0,0,0.0,0.0,,0.0,1,0.24,0.05,SPY221021C00388000,388.0,normalDay
2022-10-20,15786.0,-8537.0,0.0,100,365.41,451.0,0,0.0,0.0,,0.0,1,0.24,0.02,SPY221021C00388000,388.0,normalDay
2022-10-21,15810.0,-7671.0,24.0,100,374.29,451.0,0,0.0,0.0,,0.0,1,0.24,0.0,SPY221021C00388000,388.0,expirationDay
2022-10-24,15810.0,-7216.0,0.0,100,378.87,451.0,0,0.0,0.0,,0.0,1,0.57,0.6,SPY221026C00388000,388.0,normalDay
2022-10-25,15810.0,-6610.0,0.0,100,384.92,451.0,0,0.0,0.0,,0.0,1,0.57,0.59,SPY221026C00388000,388.0,normalDay
2022-10-26,15867.0,-6898.0,57.0,100,382.02,451.0,0,0.0,0.0,,0.0,1,0.57,0.0,SPY221026C00388000,388.0,expirationDay
2022-10-27,15867.0,-7102.0,0.0,100,379.98,451.0,0,0.0,0.0,,0.0,0,0.0,0.0,,0.0,bidTooLow
2022-10-28,15867.0,-6201.0,0.0,100,389.02,451.0,0,0.0,0.0,,0.0,1,0.05,0.08,SPY221031C00399000,399.0,normalDay
2022-10-31,15872.0,-6479.0,5.0,100,386.21,451.0,0,0.0,0.0,,0.0,1,0.05,0.0,SPY221031C00399000,399.0,expirationDay
2022-11-01,15872.0,-6651.0,0.0,100,384.52,451.0,0,0.0,0.0,,0.0,1,0.29,0.32,SPY221104C00403000,403.0,normalDay
2022-11-02,15872.0,-7587.0,0.0,100,374.87,451.0,0,0.0,0.0,,0.0,1,0.29,0.03,SPY221104C00403000,403.0,normalDay
2022-11-03,15872.0,-7971.0,0.0,100,371.01,451.0,0,0.0,0.0,,0.0,1,0.29,0.01,SPY221104C00403000,403.0,normalDay
2022-11-04,15901.0,-7465.0,29.0,100,376.35,451.0,0,0.0,0.0,,0.0,1,0.29,0.0,SPY221104C00403000,403.0,expirationDay
2022-11-07,15901.0,-7105.0,0.0,100,379.95,451.0,0,0.0,0.0,,0.0,0,0.0,0.0,,0.0,bidTooLow
2022-11-08,15901.0,-6903.0,0.0,100,382.0,451.0,0,0.0,0.0,,0.0,1,0.14,0.17,SPY221111C00403000,403.0,normalDay
2022-11-09,15901.0,-7675.0,0.0,100,374.13,451.0,0,0.0,0.0,,0.0,1,0.14,0.02,SPY221111C00403000,403.0,normalDay
2022-11-10,15901.0,-5635.0,0.0,100,394.69,451.0,0,0.0,0.0,,0.0,1,0.14,0.18,SPY221111C00403000,403.0,normalDay
2022-11-11,15915.0,-5249.0,14.0,100,398.51,451.0,0,0.0,0.0,,0.0,1,0.14,0.0,SPY221111C00403000,403.0,expirationDay
2022-11-14,15915.0,-5591.0,0.0,100,395.12,451.0,0,0.0,0.0,,0.0,1,0.09,0.12,SPY221116C00408000,408.0,normalDay
2022-11-15,15915.0,-5251.0,0.0,100,398.49,451.0,0,0.0,0.0,,0.0,1,0.09,0.09,SPY221116C00408000,408.0,normalDay
2022-11-16,15924.0,-5555.0,9.0,100,395.45,451.0,0,0.0,0.0,,0.0,1,0.09,0.0,SPY221116C00408000,408.0,expirationDay
2022-11-17,15924.0,-5676.0,0.0,100,394.24,451.0,0,0.0,0.0,,0.0,0,0.0,0.0,,0.0,bidTooLow
2022-11-18,15924.0,-5497.0,0.0,100,396.03,451.0,0,0.0,0.0,,0.0,0,0.0,0.0,,0.0,bidTooLow
2022-11-21,15924.0,-5641.0,0.0,100,394.59,451.0,0,0.0,0.0,,0.0,0,0.0,0.0,,0.0,bidTooLow
2022-11-22,15924.0,-5110.0,0.0,100,399.9,451.0,0,0.0,0.0,,0.0,0,0.0,0.0,,0.0,bidTooLow
2022-11-23,15924.0,-4858.0,0.0,100,402.42,451.0,0,0.0,0.0,,0.0,0,0.0,0.0,,0.0,bidTooLow
2022-11-25,15924.0,-4867.0,0.0,100,402.33,451.0,0,0.0,0.0,,0.0,0,0.0,0.0,,0.0,bidTooLow
2022-11-28,15924.0,-5509.0,0.0,100,395.91,451.0,0,0.0,0.0,,0.0,0,0.0,0.0,,0.0,bidTooLow
2022-11-29,15924.0,-5577.0,0.0,100,395.23,451.0,0,0.0,0.0,,0.0,0,0.0,0.0,,0.0,bidTooLow
2022-11-30,15924.0,-4335.0,0.0,100,407.68,451.0,0,0.0,0.0,,0.0,1,0.01,0.04,SPY221202C00424000,424.0,normalDay
2022-12-01,15924.0,-4363.0,0.0,100,407.38,451.0,0,0.0,0.0,,0.0,1,0.01,0.02,SPY221202C00424000,424.0,normalDay
2022-12-02,15925.0,-4409.0,1.0,100,406.91,451.0,0,0.0,0.0,,0.0,1,0.01,0.0,SPY221202C00424000,424.0,expirationDay
2022-12-05,15925.0,-5141.0,0.0,100,399.59,451.0,0,0.0,0.0,,0.0,0,0.0,0.0,,0.0,bidTooLow
2022-12-06,15925.0,-5717.0,0.0,100,393.83,451.0,0,0.0,0.0,,0.0,0,0.0,0.0,,0.0,bidTooLow
2022-12-07,15925.0,-5784.0,0.0,100,393.16,451.0,0,0.0,0.0,,0.0,0,0.0,0.0,,0.0,bidTooLow
2022-12-08,15925.0,-5476.0,0.0,100,396.24,451.0,0,0.0,0.0,,0.0,0,0.0,0.0,,0.0,bidTooLow
2022-12-09,15925.0,-5772.0,0.0,100,393.28,451.0,0,0.0,0.0,,0.0,0,0.0,0.0,,0.0,bidTooLow
2022-12-12,15925.0,-5208.0,0.0,100,398.95,451.0,0,0.0,0.0,,0.0,1,1.36,1.39,SPY221215C00413000,413.0,normalDay
2022-12-13,15925.0,-4857.0,0.0,100,401.97,451.0,0,0.0,0.0,,0.0,1,1.36,0.9,SPY221215C00413000,413.0,normalDay
2022-12-14,15925.0,-5026.0,0.0,100,399.4,451.0,0,0.0,0.0,,0.0,1,1.36,0.02,SPY221215C00413000,413.0,normalDay
2022-12-15,16061.0,-6137.0,136.0,100,389.63,451.0,0,0.0,0.0,,0.0,1,1.36,0.0,SPY221215C00413000,413.0,expirationDay
2022-12-16,16061.0,-6773.0,0.0,100,383.27,451.0,0,0.0,0.0,,0.0,0,0.0,0.0,,0.0,bidTooLow
2022-12-19,16061.0,-7098.0,0.0,100,380.02,451.0,0,0.0,0.0,,0.0,0,0.0,0.0,,0.0,bidTooLow
2022-12-20,16061.0,-7046.0,0.0,100,380.54,451.0,0,0.0,0.0,,0.0,0,0.0,0.0,,0.0,bidTooLow
2022-12-21,16061.0,-6477.0,0.0,100,386.23,451.0,0,0.0,0.0,,0.0,0,0.0,0.0,,0.0,bidTooLow
2022-12-22,16061.0,-7028.0,0.0,100,380.72,451.0,0,0.0,0.0,,0.0,0,0.0,0.0,,0.0,bidTooLow
2022-12-23,16061.0,-6809.0,0.0,100,382.91,451.0,0,0.0,0.0,,0.0,0,0.0,0.0,,0.0,bidTooLow
2022-12-27,16061.0,-6960.0,0.0,100,381.4,451.0,0,0.0,0.0,,0.0,0,0.0,0.0,,0.0,bidTooLow
2022-12-28,16061.0,-7434.0,0.0,100,376.66,451.0,0,0.0,0.0,,0.0,0,0.0,0.0,,0.0,bidTooLow
2022-12-29,16061.0,-6756.0,0.0,100,383.44,451.0,0,0.0,0.0,,0.0,0,0.0,0.0,,0.0,bidTooLow
2022-12-30,16061.0,-6857.0,0.0,100,382.43,451.0,0,0.0,0.0,,0.0,0,0.0,0.0,,0.0,bidTooLow
2023-01-03,16061.0,-7018.0,0.0,100,380.82,451.0,0,0.0,0.0,,0.0,0,0.0,0.0,,0.0,bidTooLow
2023-01-04,16061.0,-6724.0,0.0,100,383.76,451.0,0,0.0,0.0,,0.0,0,0.0,0.0,,0.0,bidTooLow
2023-01-05,16061.0,-7162.0,0.0,100,379.38,451.0,0,0.0,0.0,,0.0,0,0.0,0.0,,0.0,bidTooLow
2023-01-06,16061.0,-6292.0,0.0,100,388.08,451.0,0,0.0,0.0,,0.0,0,0.0,0.0,,0.0,bidTooLow
2023-01-09,16061.0,-6317.0,0.0,100,387.86,451.0,0,0.0,0.0,,0.0,1,0.05,0.08,SPY230112C00408000,408.0,normalDay
2023-01-10,16061.0,-6046.0,0.0,100,390.58,451.0,0,0.0,0.0,,0.0,1,0.05,0.09,SPY230112C00408000,408.0,normalDay
2023-01-11,16061.0,-5565.0,0.0,100,395.52,451.0,0,0.0,0.0,,0.0,1,0.05,0.22,SPY230112C00408000,408.0,normalDay
2023-01-12,16066.0,-5404.0,5.0,100,396.96,451.0,0,0.0,0.0,,0.0,1,0.05,0.0,SPY230112C00408000,408.0,expirationDay
2023-01-13,16066.0,-5250.0,0.0,100,398.5,451.0,0,0.0,0.0,,0.0,0,0.0,0.0,,0.0,bidTooLow
2023-01-17,16066.0,-5326.0,0.0,100,397.77,451.0,0,0.0,0.0,,0.0,1,0.2,0.23,SPY230120C00406000,406.0,normalDay
2023-01-18,16066.0,-5934.0,0.0,100,391.49,451.0,0,0.0,0.0,,0.0,1,0.2,0.03,SPY230120C00406000,406.0,normalDay
2023-01-19,16066.0,-6217.0,0.0,100,388.64,451.0,0,0.0,0.0,,0.0,1,0.2,0.01,SPY230120C00406000,406.0,normalDay
2023-01-20,16086.0,-5512.0,20.0,100,395.88,451.0,0,0.0,0.0,,0.0,1,0.2,0.0,SPY230120C00406000,406.0,expirationDay
2023-01-23,16086.0,-5040.0,0.0,100,400.63,451.0,0,0.0,0.0,,0.0,1,0.16,0.19,SPY230126C00410000,410.0,normalDay
2023-01-24,16086.0,-5078.0,0.0,100,400.2,451.0,0,0.0,0.0,,0.0,1,0.16,0.14,SPY230126C00410000,410.0,normalDay
2023-01-25,16086.0,-5051.0,0.0,100,400.35,451.0,0,0.0,0.0,,0.0,1,0.16,0.02,SPY230126C00410000,410.0,normalDay
2023-01-26,16102.0,-4625.0,16.0,100,404.75,451.0,0,0.0,0.0,,0.0,1,0.16,0.0,SPY230126C00410000,410.0,expirationDay
2023-01-27,16102.0,-4532.0,0.0,100,405.68,451.0,0,0.0,0.0,,0.0,0,0.0,0.0,,0.0,bidTooLow
2023-01-30,16102.0,-5044.0,0.0,100,400.59,451.0,0,0.0,0.0,,0.0,1,0.13,0.16,SPY230202C00417000,417.0,normalDay
2023-01-31,16102.0,-4468.0,0.0,100,406.48,451.0,0,0.0,0.0,,0.0,1,0.13,0.29,SPY230202C00417000,417.0,normalDay
2023-02-01,16102.0,-4029.0,0.0,100,410.8,451.0,0,0.0,0.0,,0.0,1,0.13,0.22,SPY230202C00417000,417.0,normalDay
2023-02-02,16115.0,-3422.0,13.0,100,416.78,451.0,0,0.0,0.0,,0.0,1,0.13,0.0,SPY230202C00417000,417.0,expirationDay
2023-02-03,16115.0,-3865.0,0.0,100,412.35,451.0,0,0.0,0.0,,0.0,0,0.0,0.0,,0.0,bidTooLow
2023-02-06,16115.0,-4120.0,0.0,100,409.83,451.0,0,0.0,0.0,,0.0,1,0.03,0.06,SPY230209C00425000,425.0,normalDay
2023-02-07,16115.0,-3585.0,0.0,100,415.19,451.0,0,0.0,0.0,,0.0,1,0.03,0.07,SPY230209C00425000,425.0,normalDay
2023-02-08,16115.0,-4033.0,0.0,100,410.65,451.0,0,0.0,0.0,,0.0,1,0.03,0.01,SPY230209C00425000,425.0,normalDay
2023-02-09,16118.0,-4391.0,3.0,100,407.09,451.0,0,0.0,0.0,,0.0,1,0.03,0.0,SPY230209C00425000,425.0,expirationDay
2023-02-10,16118.0,-4296.0,0.0,100,408.04,451.0,0,0.0,0.0,,0.0,0,0.0,0.0,,0.0,bidTooLow
2023-02-13,16118.0,-3820.0,0.0,100,412.83,451.0,0,0.0,0.0,,0.0,1,0.18,0.21,SPY230216C00428000,428.0,normalDay
2023-02-14,16118.0,-3820.0,0.0,100,412.64,451.0,0,0.0,0.0,,0.0,1,0.18,0.02,SPY230216C00428000,428.0,normalDay
2023-02-15,16118.0,-3685.0,0.0,100,413.98,451.0,0,0.0,0.0,,0.0,1,0.18,0.01,SPY230216C00428000,428.0,normalDay
2023-02-16,16136.0,-4272.0,18.0,100,408.28,451.0,0,0.0,0.0,,0.0,1,0.18,0.0,SPY230216C00428000,428.0,expirationDay
2023-02-17,16136.0,-4374.0,0.0,100,407.26,451.0,0,0.0,0.0,,0.0,0,0.0,0.0,,0.0,bidTooLow
2023-02-21,16136.0,-5191.0,0.0,100,399.09,451.0,0,0.0,0.0,,0.0,0,0.0,0.0,,0.0,bidTooLow
2023-02-22,16136.0,-5246.0,0.0,100,398.54,451.0,0,0.0,0.0,,0.0,0,0.0,0.0,,0.0,bidTooLow
2023-02-23,16136.0,-5034.0,0.0,100,400.66,451.0,0,0.0,0.0,,0.0,0,0.0,0.0,,0.0,bidTooLow
2023-02-24,16136.0,-5462.0,0.0,100,396.38,451.0,0,0.0,0.0,,0.0,0,0.0,0.0,,0.0,bidTooLow
2023-02-27,16136.0,-5327.0,0.0,100,397.73,451.0,0,0.0,0.0,,0.0,0,0.0,0.0,,0.0,bidTooLow
2023-02-28,16136.0,-5474.0,0.0,100,396.26,451.0,0,0.0,0.0,,0.0,0,0.0,0.0,,0.0,bidTooLow
2023-03-01,16136.0,-5626.0,0.0,100,394.74,451.0,0,0.0,0.0,,0.0,0,0.0,0.0,,0.0,bidTooLow
2023-03-02,16136.0,-5319.0,0.0,100,397.81,451.0,0,0.0,0.0,,0.0,0,0.0,0.0,,0.0,bidTooLow
2023-03-03,16136.0,-4681.0,0.0,100,404.19,451.0,0,0.0,0.0,,0.0,0,0.0,0.0,,0.0,bidTooLow
2023-03-06,16136.0,-4653.0,0.0,100,404.47,451.0,0,0.0,0.0,,0.0,0,0.0,0.0,,0.0,bidTooLow
2023-03-07,16136.0,-5273.0,0.0,100,398.27,451.0,0,0.0,0.0,,0.0,0,0.0,0.0,,0.0,bidTooLow
2023-03-08,16136.0,-5208.0,0.0,100,398.92,451.0,0,0.0,0.0,,0.0,0,0.0,0.0,,0.0,bidTooLow
2023-03-09,16136.0,-5944.0,0.0,100,391.56,451.0,0,0.0,0.0,,0.0,0,0.0,0.0,,0.0,bidTooLow
2023-03-10,16136.0,-6509.0,0.0,100,385.91,451.0,0,0.0,0.0,,0.0,0,0.0,0.0,,0.0,bidTooLow
2023-03-13,16136.0,-6564.0,0.0,100,385.36,451.0,0,0.0,0.0,,0.0,0,0.0,0.0,,0.0,bidTooLow
2023-03-14,16136.0,-5927.0,0.0,100,391.73,451.0,0,0.0,0.0,,0.0,0,0.0,0.0,,0.0,bidTooLow
2023-03-15,16136.0,-6172.0,0.0,100,389.28,451.0,0,0.0,0.0,,0.0,0,0.0,0.0,,0.0,bidTooLow
2023-03-16,16136.0,-5489.0,0.0,100,396.11,451.0,0,0.0,0.0,,0.0,0,0.0,0.0,,0.0,bidTooLow
2023-03-17,16136.0,-6101.0,0.0,100,389.99,451.0,0,0.0,0.0,,0.0,0,0.0,0.0,,0.0,bidTooLow
2023-03-20,16136.0,-5729.0,0.0,100,393.74,451.0,0,0.0,0.0,,0.0,1,0.06,0.09,SPY230323C00411000,411.0,normalDay
2023-03-21,16136.0,-5223.0,0.0,100,398.91,451.0,0,0.0,0.0,,0.0,1,0.06,0.2,SPY230323C00411000,411.0,normalDay
2023-03-22,16136.0,-5884.0,0.0,100,392.11,451.0,0,0.0,0.0,,0.0,1,0.06,0.01,SPY230323C00411000,411.0,normalDay
2023-03-23,16142.0,-5783.0,6.0,100,393.17,451.0,0,0.0,0.0,,0.0,1,0.06,0.0,SPY230323C00411000,411.0,expirationDay
2023-03-24,16142.0,-5525.0,0.0,100,395.75,451.0,0,0.0,0.0,,0.0,0,0.0,0.0,,0.0,bidTooLow
2023-03-27,16142.0,-5454.0,0.0,100,396.49,451.0,0,0.0,0.0,,0.0,1,0.01,0.04,SPY230330C00410000,410.0,normalDay
2023-03-28,16142.0,-5541.0,0.0,100,395.6,451.0,0,0.0,0.0,,0.0,1,0.01,0.02,SPY230330C00410000,410.0,normalDay
2023-03-29,16142.0,-4966.0,0.0,100,401.35,451.0,0,0.0,0.0,,0.0,1,0.01,0.02,SPY230330C00410000,410.0,normalDay
2023-03-30,16143.0,-4730.0,1.0,100,403.7,451.0,0,0.0,0.0,,0.0,1,0.01,0.0,SPY230330C00410000,410.0,expirationDay
2023-03-31,16143.0,-4164.0,0.0,100,409.39,451.0,0,0.0,0.0,,0.0,1,0.17,0.2,SPY230403C00414000,414.0,normalDay
2023-04-03,16160.0,-4005.0,17.0,100,410.95,451.0,0,0.0,0.0,,0.0,1,0.17,0.0,SPY230403C00414000,414.0,expirationDay
2023-04-04,16160.0,-4236.0,0.0,100,408.67,451.0,0,0.0,0.0,,0.0,1,0.01,0.04,SPY230406C00418000,418.0,normalDay
2023-04-05,16160.0,-4340.0,0.0,100,407.6,451.0,0,0.0,0.0,,0.0,1,0.01,0.01,SPY230406C00418000,418.0,normalDay
2023-04-06,16161.0,-4181.0,1.0,100,409.19,451.0,0,0.0,0.0,,0.0,1,0.01,0.0,SPY230406C00418000,418.0,expirationDay
2023-04-10,16161.0,-4142.0,0.0,100,409.61,451.0,0,0.0,0.0,,0.0,1,0.01,0.04,SPY230413C00423000,423.0,normalDay
2023-04-11,16161.0,-4130.0,0.0,100,409.72,451.0,0,0.0,0.0,,0.0,1,0.01,0.03,SPY230413C00423000,423.0,normalDay
2023-04-12,16161.0,-4295.0,0.0,100,408.05,451.0,0,0.0,0.0,,0.0,1,0.01,0.01,SPY230413C00423000,423.0,normalDay
2023-04-13,16162.0,-3753.0,1.0,100,413.47,451.0,0,0.0,0.0,,0.0,1,0.01,0.0,SPY230413C00423000,423.0,expirationDay
2023-04-14,16162.0,-3854.0,0.0,100,412.46,451.0,0,0.0,0.0,,0.0,0,0.0,0.0,,0.0,bidTooLow
2023-04-17,16162.0,-3706.0,0.0,100,413.94,451.0,0,0.0,0.0,,0.0,0,0.0,0.0,,0.0,bidTooLow
2023-04-18,16162.0,-3679.0,0.0,100,414.21,451.0,0,0.0,0.0,,0.0,0,0.0,0.0,,0.0,bidTooLow
2023-04-19,16162.0,-3686.0,0.0,100,414.14,451.0,0,0.0,0.0,,0.0,0,0.0,0.0,,0.0,bidTooLow
2023-04-20,16162.0,-3912.0,0.0,100,411.88,451.0,0,0.0,0.0,,0.0,0,0.0,0.0,,0.0,bidTooLow
2023-04-21,16162.0,-3880.0,0.0,100,412.2,451.0,0,0.0,0.0,,0.0,0,0.0,0.0,,0.0,bidTooLow
2023-04-24,16162.0,-3837.0,0.0,100,412.63,451.0,0,0.0,0.0,,0.0,0,0.0,0.0,,0.0,bidTooLow
2023-04-25,16162.0,-4492.0,0.0,100,406.08,451.0,0,0.0,0.0,,0.0,0,0.0,0.0,,0.0,bidTooLow
2023-04-26,16162.0,-4664.0,0.0,100,404.36,451.0,0,0.0,0.0,,0.0,0,0.0,0.0,,0.0,bidTooLow
2023-04-27,16162.0,-3862.0,0.0,100,412.41,451.0,0,0.0,0.0,,0.0,1,0.01,0.04,SPY230428C00420000,420.0,normalDay
2023-04-28,16163.0,-3507.0,1.0,100,415.93,451.0,0,0.0,0.0,,0.0,1,0.01,0.0,SPY230428C00420000,420.0,expirationDay
2023-05-01,16163.0,-3552.0,0.0,100,415.51,451.0,0,0.0,0.0,,0.0,1,0.57,0.6,SPY230504C00421000,421.0,normalDay
2023-05-02,16163.0,-3970.0,0.0,100,410.84,451.0,0,0.0,0.0,,0.0,1,0.57,0.11,SPY230504C00421000,421.0,normalDay
2023-05-03,16163.0,-4242.0,0.0,100,408.02,451.0,0,0.0,0.0,,0.0,1,0.57,0.01,SPY230504C00421000,421.0,normalDay
2023-05-04,16220.0,-4587.0,57.0,100,405.13,451.0,0,0.0,0.0,,0.0,1,0.57,0.0,SPY230504C00421000,421.0,expirationDay
2023-05-05,16220.0,-3837.0,0.0,100,412.63,451.0,0,0.0,0.0,,0.0,0,0.0,0.0,,0.0,bidTooLow
2023-05-08,16220.0,-3829.0,0.0,100,412.74,451.0,0,0.0,0.0,,0.0,1,0.08,0.11,SPY230511C00421000,421.0,normalDay
2023-05-09,16220.0,-4005.0,0.0,100,410.93,451.0,0,0.0,0.0,,0.0,1,0.08,0.06,SPY230511C00421000,421.0,normalDay
2023-05-10,16220.0,-3809.0,0.0,100,412.85,451.0,0,0.0,0.0,,0.0,1,0.08,0.02,SPY230511C00421000,421.0,normalDay
2023-05-11,16228.0,-3887.0,8.0,100,412.13,451.0,0,0.0,0.0,,0.0,1,0.08,0.0,SPY230511C00421000,421.0,expirationDay
2023-05-12,16228.0,-3941.0,0.0,100,411.59,451.0,0,0.0,0.0,,0.0,0,0.0,0.0,,0.0,bidTooLow
2023-05-15,16228.0,-3802.0,0.0,100,413.01,451.0,0,0.0,0.0,,0.0,1,0.03,0.06,SPY230518C00421000,421.0,normalDay
2023-05-16,16228.0,-4075.0,0.0,100,410.25,451.0,0,0.0,0.0,,0.0,1,0.03,0.03,SPY230518C00421000,421.0,normalDay
2023-05-17,16228.0,-3578.0,0.0,100,415.23,451.0,0,0.0,0.0,,0.0,1,0.03,0.04,SPY230518C00421000,421.0,normalDay
2023-05-18,16231.0,-3177.0,3.0,100,419.23,451.0,0,0.0,0.0,,0.0,1,0.03,0.0,SPY230518C00421000,421.0,expirationDay
2023-05-19,16231.0,-3241.0,0.0,100,418.62,451.0,0,0.0,0.0,,0.0,1,0.06,0.09,SPY230522C00424000,424.0,normalDay
2023-05-22,16237.0,-3221.0,6.0,100,418.79,451.0,0,0.0,0.0,,0.0,1,0.06,0.0,SPY230522C00424000,424.0,expirationDay
2023-05-23,16237.0,-3694.0,0.0,100,414.09,451.0,0,0.0,0.0,,0.0,1,0.03,0.06,SPY230526C00425000,425.0,normalDay
2023-05-24,16237.0,-3990.0,0.0,100,411.09,451.0,0,0.0,0.0,,0.0,1,0.03,0.02,SPY230526C00425000,425.0,normalDay
2023-05-25,16237.0,-3634.0,0.0,100,414.65,451.0,0,0.0,0.0,,0.0,1,0.03,0.02,SPY230526C00425000,425.0,normalDay
2023-05-26,16240.0,-3098.0,3.0,100,420.02,451.0,0,0.0,0.0,,0.0,1,0.03,0.0,SPY230526C00425000,425.0,expirationDay
2023-05-30,16240.0,-3085.0,0.0,100,420.18,451.0,0,0.0,0.0,,0.0,1,0.52,0.55,SPY230602C00426000,426.0,normalDay
2023-05-31,16240.0,-3273.0,0.0,100,417.85,451.0,0,0.0,0.0,,0.0,1,0.52,0.1,SPY230602C00426000,426.0,normalDay
2023-06-01,16240.0,-2883.0,0.0,100,421.82,451.0,0,0.0,0.0,,0.0,1,0.52,0.17,SPY230602C00426000,426.0,normalDay
2023-06-02,13792.0,-2883.0,-2448.0,0,427.92,0.0,0,0.0,0.0,,0.0,1,0.52,0.0,SPY230602C00426000,426.0,expirationDay
2023-06-05,13792.0,-4.0,0.0,0,427.1,0.0,1,1.28,1.32,SPY230707P00402500,402.5,0,0.0,0.0,,0.0,normalDay
2023-06-06,13792.0,22.0,0.0,0,428.03,0.0,1,1.28,1.06,SPY230707P00402500,402.5,0,0.0,0.0,,0.0,normalDay
2023-06-07,13792.0,18.0,0.0,0,426.55,0.0,1,1.28,1.1,SPY230707P00402500,402.5,0,0.0,0.0,,0.0,normalDay
2023-06-08,13792.0,41.0,0.0,0,429.13,0.0,1,1.28,0.87,SPY230707P00402500,402.5,0,0.0,0.0,,0.0,normalDay
2023-06-09,13792.0,47.0,0.0,0,429.9,0.0,1,1.28,0.81,SPY230707P00402500,402.5,0,0.0,0.0,,0.0,normalDay
2023-06-12,13792.0,61.0,0.0,0,433.8,0.0,1,1.28,0.67,SPY230707P00402500,402.5,0,0.0,0.0,,0.0,normalDay
2023-06-13,13792.0,76.0,0.0,0,436.66,0.0,1,1.28,0.52,SPY230707P00402500,402.5,0,0.0,0.0,,0.0,normalDay
2023-06-14,13792.0,90.0,0.0,0,437.18,0.0,1,1.28,0.38,SPY230707P00402500,402.5,0,0.0,0.0,,0.0,normalDay
2023-06-15,13792.0,94.0,0.0,0,442.6,0.0,1,1.28,0.34,SPY230707P00402500,402.5,0,0.0,0.0,,0.0,normalDay
2023-06-16,13792.0,106.0,0.0,0,439.46,0.0,1,1.28,0.22,SPY230707P00402500,402.5,0,0.0,0.0,,0.0,normalDay
2023-06-20,13792.0,109.0,0.0,0,437.18,0.0,1,1.28,0.19,SPY230707P00402500,402.5,0,0.0,0.0,,0.0,normalDay
2023-06-21,13792.0,111.0,0.0,0,434.94,0.0,1,1.28,0.17,SPY230707P00402500,402.5,0,0.0,0.0,,0.0,normalDay
2023-06-22,13792.0,116.0,0.0,0,436.51,0.0,1,1.28,0.12,SPY230707P00402500,402.5,0,0.0,0.0,,0.0,normalDay
2023-06-23,13792.0,112.0,0.0,0,433.21,0.0,1,1.28,0.16,SPY230707P00402500,402.5,0,0.0,0.0,,0.0,normalDay
2023-06-26,13792.0,112.0,0.0,0,431.44,0.0,1,1.28,0.16,SPY230707P00402500,402.5,0,0.0,0.0,,0.0,normalDay
2023-06-27,13792.0,117.0,0.0,0,436.17,0.0,1,1.28,0.11,SPY230707P00402500,402.5,0,0.0,0.0,,0.0,normalDay
2023-06-28,13792.0,121.0,0.0,0,436.39,0.0,1,1.28,0.07,SPY230707P00402500,402.5,0,0.0,0.0,,0.0,normalDay
2023-06-29,13792.0,122.0,0.0,0,438.11,0.0,1,1.28,0.06,SPY230707P00402500,402.5,0,0.0,0.0,,0.0,normalDay
2023-06-30,13792.0,123.0,0.0,0,443.28,0.0,1,1.28,0.05,SPY230707P00402500,402.5,0,0.0,0.0,,0.0,normalDay
2023-07-03,13792.0,125.0,0.0,0,443.79,0.0,1,1.28,0.03,SPY230707P00402500,402.5,0,0.0,0.0,,0.0,normalDay
2023-07-05,13792.0,126.0,0.0,0,443.13,0.0,1,1.28,0.02,SPY230707P00402500,402.5,0,0.0,0.0,,0.0,normalDay
2023-07-06,13792.0,126.0,0.0,0,439.66,0.0,1,1.28,0.02,SPY230707P00402500,402.5,0,0.0,0.0,,0.0,normalDay
2023-07-07,13920.0,0.0,128.0,0,438.55,0.0,1,1.28,0.0,SPY230707P00402500,402.5,0,0.0,0.0,,0.0,expirationDay
2023-07-10,13920.0,-3.0,0.0,0,439.66,0.0,1,2.55,2.58,SPY230811P00427000,427.0,0,0.0,0.0,,0.0,normalDay
2023-07-11,13920.0,47.0,0.0,0,442.46,0.0,1,2.55,2.08,SPY230811P00427000,427.0,0,0.0,0.0,,0.0,normalDay
2023-07-12,13920.0,128.0,0.0,0,446.02,0.0,1,2.55,1.27,SPY230811P00427000,427.0,0,0.0,0.0,,0.0,normalDay
2023-07-13,13920.0,152.0,0.0,0,449.56,0.0,1,2.55,1.03,SPY230811P00427000,427.0,0,0.0,0.0,,0.0,normalDay
2023-07-14,13920.0,161.0,0.0,0,449.28,0.0,1,2.55,0.94,SPY230811P00427000,427.0,0,0.0,0.0,,0.0,normalDay
2023-07-17,13920.0,180.0,0.0,0,450.84,0.0,1,2.55,0.75,SPY230811P00427000,427.0,0,0.0,0.0,,0.0,normalDay
2023-07-18,13920.0,200.0,0.0,0,454.19,0.0,1,2.55,0.55,SPY230811P00427000,427.0,0,0.0,0.0,,0.0,normalDay
2023-07-19,13920.0,200.0,0.0,0,455.2,0.0,1,2.55,0.55,SPY230811P00427000,427.0,0,0.0,0.0,,0.0,normalDay
2023-07-20,13920.0,191.0,0.0,0,452.18,0.0,1,2.55,0.64,SPY230811P00427000,427.0,0,0.0,0.0,,0.0,normalDay
2023-07-21,13920.0,202.0,0.0,0,452.18,0.0,1,2.55,0.53,SPY230811P00427000,427.0,0,0.0,0.0,,0.0,normalDay
2023-07-24,13920.0,214.0,0.0,0,454.2,0.0,1,2.55,0.41,SPY230811P00427000,427.0,0,0.0,0.0,,0.0,normalDay
2023-07-25,13920.0,220.0,0.0,0,455.44,0.0,1,2.55,0.35,SPY230811P00427000,427.0,0,0.0,0.0,,0.0,normalDay
2023-07-26,13920.0,230.0,0.0,0,455.51,0.0,1,2.55,0.25,SPY230811P00427000,427.0,0,0.0,0.0,,0.0,normalDay
2023-07-27,13920.0,214.0,0.0,0,452.49,0.0,1,2.55,0.41,SPY230811P00427000,427.0,0,0.0,0.0,,0.0,normalDay
2023-07-28,13920.0,238.0,0.0,0,456.92,0.0,1,2.55,0.17,SPY230811P00427000,427.0,0,0.0,0.0,,0.0,normalDay
2023-07-31,13920.0,241.0,0.0,0,457.79,0.0,1,2.55,0.14,SPY230811P00427000,427.0,0,0.0,0.0,,0.0,normalDay
2023-08-01,13920.0,241.0,0.0,0,456.48,0.0,1,2.55,0.14,SPY230811P00427000,427.0,0,0.0,0.0,,0.0,normalDay
2023-08-02,13920.0,226.0,0.0,0,450.13,0.0,1,2.55,0.29,SPY230811P00427000,427.0,0,0.0,0.0,,0.0,normalDay
2023-08-03,13920.0,233.0,0.0,0,448.84,0.0,1,2.55,0.22,SPY230811P00427000,427.0,0,0.0,0.0,,0.0,normalDay
2023-08-04,13920.0,229.0,0.0,0,446.81,0.0,1,2.55,0.26,SPY230811P00427000,427.0,0,0.0,0.0,,0.0,normalDay
2023-08-07,13920.0,247.0,0.0,0,450.71,0.0,1,2.55,0.08,SPY230811P00427000,427.0,0,0.0,0.0,,0.0,normalDay
2023-08-08,13920.0,250.0,0.0,0,448.75,0.0,1,2.55,0.05,SPY230811P00427000,427.0,0,0.0,0.0,,0.0,normalDay
2023-08-09,13920.0,251.0,0.0,0,445.75,0.0,1,2.55,0.04,SPY230811P00427000,427.0,0,0.0,0.0,,0.0,normalDay
2023-08-10,13920.0,252.0,0.0,0,445.91,0.0,1,2.55,0.03,SPY230811P00427000,427.0,0,0.0,0.0,,0.0,normalDay
2023-08-11,14175.0,0.0,255.0,0,445.65,0.0,1,2.55,0.0,SPY230811P00427000,427.0,0,0.0,0.0,,0.0,expirationDay
2023-08-14,14175.0,-3.0,0.0,0,448.11,0.0,1,4.06,4.09,SPY230915P00441000,441.0,0,0.0,0.0,,0.0,normalDay
2023-08-15,14175.0,-217.0,0.0,0,442.89,0.0,1,4.06,6.23,SPY230915P00441000,441.0,0,0.0,0.0,,0.0,normalDay
2023-08-16,14175.0,-345.0,0.0,0,439.64,0.0,1,4.06,7.51,SPY230915P00441000,441.0,0,0.0,0.0,,0.0,normalDay
2023-08-17,14175.0,-548.0,0.0,0,436.29,0.0,1,4.06,9.54,SPY230915P00441000,441.0,0,0.0,0.0,,0.0,normalDay
2023-08-18,14175.0,-494.0,0.0,0,436.5,0.0,1,4.06,9.0,SPY230915P00441000,441.0,0,0.0,0.0,,0.0,normalDay
2023-08-21,14175.0,-329.0,0.0,0,439.34,0.0,1,4.06,7.35,SPY230915P00441000,441.0,0,0.0,0.0,,0.0,normalDay
2023-08-22,14175.0,-358.0,0.0,0,438.15,0.0,1,4.06,7.64,SPY230915P00441000,441.0,0,0.0,0.0,,0.0,normalDay
2023-08-23,14175.0,-100.0,0.0,0,443.03,0.0,1,4.06,5.06,SPY230915P00441000,441.0,0,0.0,0.0,,0.0,normalDay
2023-08-24,14175.0,-418.0,0.0,0,436.89,0.0,1,4.06,8.24,SPY230915P00441000,441.0,0,0.0,0.0,,0.0,normalDay
2023-08-25,14175.0,-191.0,0.0,0,439.97,0.0,1,4.06,5.97,SPY230915P00441000,441.0,0,0.0,0.0,,0.0,normalDay
2023-08-28,14175.0,-15.0,0.0,0,442.76,0.0,1,4.06,4.21,SPY230915P00441000,441.0,0,0.0,0.0,,0.0,normalDay
2023-08-29,14175.0,200.0,0.0,0,449.16,0.0,1,4.06,2.06,SPY230915P00441000,441.0,0,0.0,0.0,,0.0,normalDay
2023-08-30,14175.0,261.0,0.0,0,451.01,0.0,1,4.06,1.45,SPY230915P00441000,441.0,0,0.0,0.0,,0.0,normalDay
2023-08-31,14175.0,277.0,0.0,0,450.35,0.0,1,4.06,1.29,SPY230915P00441000,441.0,0,0.0,0.0,,0.0,normalDay
2023-09-01,14175.0,303.0,0.0,0,451.19,0.0,1,4.06,1.03,SPY230915P00441000,441.0,0,0.0,0.0,,0.0,normalDay
2023-09-05,14175.0,283.0,0.0,0,449.24,0.0,1,4.06,1.23,SPY230915P00441000,441.0,0,0.0,0.0,,0.0,normalDay
2023-09-06,14175.0,223.0,0.0,0,446.22,0.0,1,4.06,1.83,SPY230915P00441000,441.0,0,0.0,0.0,,0.0,normalDay
2023-09-07,14175.0,200.0,0.0,0,444.85,0.0,1,4.06,2.06,SPY230915P00441000,441.0,0,0.0,0.0,,0.0,normalDay
2023-09-08,14175.0,275.0,0.0,0,445.52,0.0,1,4.06,1.31,SPY230915P00441000,441.0,0,0.0,0.0,,0.0,normalDay
2023-09-11,14175.0,349.0,0.0,0,448.45,0.0,1,4.06,0.57,SPY230915P00441000,441.0,0,0.0,0.0,,0.0,normalDay
2023-09-12,14175.0,311.0,0.0,0,445.99,0.0,1,4.06,0.95,SPY230915P00441000,441.0,0,0.0,0.0,,0.0,normalDay
2023-09-13,14175.0,368.0,0.0,0,446.51,0.0,1,4.06,0.38,SPY230915P00441000,441.0,0,0.0,0.0,,0.0,normalDay
2023-09-14,14175.0,400.0,0.0,0,450.36,0.0,1,4.06,0.06,SPY230915P00441000,441.0,0,0.0,0.0,,0.0,normalDay
2023-09-15,14581.0,0.0,406.0,0,443.37,0.0,1,4.06,0.0,SPY230915P00441000,441.0,0,0.0,0.0,,0.0,expirationDay
2023-09-18,14581.0,-3.0,0.0,0,443.63,0.0,1,2.66,2.69,SPY231020P00433000,433.0,0,0.0,0.0,,0.0,normalDay
2023-09-19,14581.0,-16.0,0.0,0,442.71,0.0,1,2.66,2.82,SPY231020P00433000,433.0,0,0.0,0.0,,0.0,normalDay
2023-09-20,14581.0,-145.0,0.0,0,438.64,0.0,1,2.66,4.11,SPY231020P00433000,433.0,0,0.0,0.0,,0.0,normalDay
2023-09-21,14581.0,-470.0,0.0,0,431.39,0.0,1,2.66,7.36,SPY231020P00433000,433.0,0,0.0,0.0,,0.0,normalDay
2023-09-22,14581.0,-491.0,0.0,0,430.42,0.0,1,2.66,7.57,SPY231020P00433000,433.0,0,0.0,0.0,,0.0,normalDay
2023-09-25,14581.0,-377.0,0.0,0,432.23,0.0,1,2.66,6.43,SPY231020P00433000,433.0,0,0.0,0.0,,0.0,normalDay
2023-09-26,14581.0,-734.0,0.0,0,425.88,0.0,1,2.66,10.0,SPY231020P00433000,433.0,0,0.0,0.0,,0.0,normalDay
2023-09-27,14581.0,-696.0,0.0,0,426.05,0.0,1,2.66,9.62,SPY231020P00433000,433.0,0,0.0,0.0,,0.0,normalDay
2023-09-28,14581.0,-554.0,0.0,0,428.52,0.0,1,2.66,8.2,SPY231020P00433000,433.0,0,0.0,0.0,,0.0,normalDay
2023-09-29,14581.0,-580.0,0.0,0,427.48,0.0,1,2.66,8.46,SPY231020P00433000,433.0,0,0.0,0.0,,0.0,normalDay
2023-10-02,14581.0,-561.0,0.0,0,427.31,0.0,1,2.66,8.27,SPY231020P00433000,433.0,0,0.0,0.0,,0.0,normalDay
2023-10-03,14581.0,-968.0,0.0,0,421.59,0.0,1,2.66,12.34,SPY231020P00433000,433.0,0,0.0,0.0,,0.0,normalDay
2023-10-04,14581.0,-749.0,0.0,0,424.66,0.0,1,2.66,10.15,SPY231020P00433000,433.0,0,0.0,0.0,,0.0,normalDay
2023-10-05,14581.0,-769.0,0.0,0,424.5,0.0,1,2.66,10.35,SPY231020P00433000,433.0,0,0.0,0.0,,0.0,normalDay
2023-10-06,14581.0,-359.0,0.0,0,429.54,0.0,1,2.66,6.25,SPY231020P00433000,433.0,0,0.0,0.0,,0.0,normalDay
2023-10-09,14581.0,-199.0,0.0,0,432.29,0.0,1,2.66,4.65,SPY231020P00433000,433.0,0,0.0,0.0,,0.0,normalDay
2023-10-10,14581.0,-76.0,0.0,0,434.54,0.0,1,2.66,3.42,SPY231020P00433000,433.0,0,0.0,0.0,,0.0,normalDay
2023-10-11,14581.0,51.0,0.0,0,436.32,0.0,1,2.66,2.15,SPY231020P00433000,433.0,0,0.0,0.0,,0.0,normalDay
2023-10-12,14581.0,-42.0,0.0,0,433.66,0.0,1,2.66,3.08,SPY231020P00433000,433.0,0,0.0,0.0,,0.0,normalDay
2023-10-13,14581.0,-194.0,0.0,0,431.5,0.0,1,2.66,4.6,SPY231020P00433000,433.0,0,0.0,0.0,,0.0,normalDay
2023-10-16,14581.0,101.0,0.0,0,436.04,0.0,1,2.66,1.65,SPY231020P00433000,433.0,0,0.0,0.0,,0.0,normalDay
2023-10-17,14581.0,101.0,0.0,0,436.02,0.0,1,2.66,1.65,SPY231020P00433000,433.0,0,0.0,0.0,,0.0,normalDay
2023-10-18,14581.0,-98.0,0.0,0,430.21,0.0,1,2.66,3.64,SPY231020P00433000,433.0,0,0.0,0.0,,0.0,normalDay
2023-10-19,14581.0,-474.0,0.0,0,426.43,0.0,1,2.66,7.4,SPY231020P00433000,433.0,0,0.0,0.0,,0.0,normalDay
2023-10-20,14847.0,-1181.0,266.0,100,421.19,433.0,1,2.66,0.0,SPY231020P00433000,433.0,0,0.0,0.0,,0.0,expirationDay
2023-10-23,14847.0,-1254.0,0.0,100,420.46,433.0,0,0.0,0.0,,0.0,0,0.0,0.0,,0.0,bidTooLow
2023-10-24,14847.0,-937.0,0.0,100,423.63,433.0,0,0.0,0.0,,0.0,0,0.0,0.0,,0.0,bidTooLow
2023-10-25,14847.0,-1545.0,0.0,100,417.55,433.0,0,0.0,0.0,,0.0,0,0.0,0.0,,0.0,bidTooLow
2023-10-26,14847.0,-2045.0,0.0,100,412.55,433.0,0,0.0,0.0,,0.0,0,0.0,0.0,,0.0,bidTooLow
2023-10-27,14847.0,-2232.0,0.0,100,410.68,433.0,0,0.0,0.0,,0.0,0,0.0,0.0,,0.0,bidTooLow
2023-10-30,14847.0,-1741.0,0.0,100,415.59,433.0,0,0.0,0.0,,0.0,0,0.0,0.0,,0.0,bidTooLow
2023-10-31,14847.0,-1480.0,0.0,100,418.2,433.0,0,0.0,0.0,,0.0,0,0.0,0.0,,0.0,bidTooLow
2023-11-01,14847.0,-1034.0,0.0,100,422.66,433.0,0,0.0,0.0,,0.0,0,0.0,0.0,,0.0,bidTooLow
2023-11-02,14847.0,-224.0,0.0,100,430.76,433.0,0,0.0,0.0,,0.0,0,0.0,0.0,,0.0,bidTooLow
2023-11-03,14847.0,169.0,0.0,100,434.69,433.0,0,0.0,0.0,,0.0,0,0.0,0.0,,0.0,bidTooLow
2023-11-06,14847.0,269.0,0.0,100,435.69,433.0,0,0.0,0.0,,0.0,0,0.0,0.0,,0.0,bidTooLow
2023-11-07,14847.0,393.0,0.0,100,436.93,433.0,0,0.0,0.0,,0.0,0,0.0,0.0,,0.0,bidTooLow
2023-11-08,14847.0,425.0,0.0,100,437.25,433.0,0,0.0,0.0,,0.0,0,0.0,0.0,,0.0,bidTooLow
2023-11-09,14847.0,84.0,0.0,100,433.84,433.0,0,0.0,0.0,,0.0,0,0.0,0.0,,0.0,bidTooLow
2023-11-10,14847.0,761.0,0.0,100,440.61,433.0,0,0.0,0.0,,0.0,0,0.0,0.0,,0.0,bidTooLow
2023-11-13,14847.0,719.0,0.0,100,440.19,433.0,0,0.0,0.0,,0.0,0,0.0,0.0,,0.0,bidTooLow
2023-11-14,14847.0,1570.0,0.0,100,448.73,433.0,0,0.0,0.0,,0.0,1,0.09,0.12,SPY231117C00459000,459.0,normalDay
2023-11-15,14847.0,1672.0,0.0,100,449.68,433.0,0,0.0,0.0,,0.0,1,0.09,0.05,SPY231117C00459000,459.0,normalDay
2023-11-16,14847.0,1730.0,0.0,100,450.23,433.0,0,0.0,0.0,,0.0,1,0.09,0.02,SPY231117C00459000,459.0,normalDay
2023-11-17,14856.0,1779.0,9.0,100,450.79,433.0,0,0.0,0.0,,0.0,1,0.09,0.0,SPY231117C00459000,459.0,expirationDay
2023-11-20,14856.0,2126.0,0.0,100,454.26,433.0,0,0.0,0.0,,0.0,0,0.0,0.0,,0.0,bidTooLow
2023-11-21,14856.0,2027.0,0.0,100,453.27,433.0,0,0.0,0.0,,0.0,0,0.0,0.0,,0.0,bidTooLow
2023-11-22,14856.0,2202.0,0.0,100,455.02,433.0,0,0.0,0.0,,0.0,0,0.0,0.0,,0.0,bidTooLow
2023-11-24,14856.0,2230.0,0.0,100,455.3,433.0,0,0.0,0.0,,0.0,0,0.0,0.0,,0.0,bidTooLow
2023-11-27,14856.0,2148.0,0.0,100,454.48,433.0,0,0.0,0.0,,0.0,0,0.0,0.0,,0.0,bidTooLow
2023-11-28,14856.0,2193.0,0.0,100,454.93,433.0,0,0.0,0.0,,0.0,0,0.0,0.0,,0.0,bidTooLow
2023-11-29,14856.0,2161.0,0.0,100,454.61,433.0,0,0.0,0.0,,0.0,0,0.0,0.0,,0.0,bidTooLow
2023-11-30,14856.0,2340.0,0.0,100,456.4,433.0,0,0.0,0.0,,0.0,0,0.0,0.0,,0.0,bidTooLow
