date,totalCapital,unrializedPnL,rializedPnL,stocksOwned,stocksPriceToday,stocksPriceBoughtAt,putOwned,putOwnedSoldAt,putPriceToday,putOwnedContract,putOwnedStrike,callOwned,callOwnedSoldAt,callPriceToday,callOwnedContract,callOwnedStrike,trackType
2018-11-01,0.0,-6.0,0.0,0,273.51,0.0,1,2.33,2.39,SPY190118P00246000,246.0,0,0.0,0.0,,0.0,normalDay
2018-11-02,0.0,-21.0,0.0,0,271.89,0.0,1,2.33,2.54,SPY190118P00246000,246.0,0,0.0,0.0,,0.0,normalDay
2018-11-05,0.0,7.0,0.0,0,273.39,0.0,1,2.33,2.26,SPY190118P00246000,246.0,0,0.0,0.0,,0.0,normalDay
2018-11-06,0.0,34.0,0.0,0,275.12,0.0,1,2.33,1.99,SPY190118P00246000,246.0,0,0.0,0.0,,0.0,normalDay
2018-11-07,0.0,113.0,0.0,0,281.01,0.0,1,2.33,1.2,SPY190118P00246000,246.0,0,0.0,0.0,,0.0,normalDay
2018-11-08,0.0,113.0,0.0,0,280.5,0.0,1,2.33,1.2,SPY190118P00246000,246.0,0,0.0,0.0,,0.0,normalDay
2018-11-09,0.0,82.0,0.0,0,277.76,0.0,1,2.33,1.51,SPY190118P00246000,246.0,0,0.0,0.0,,0.0,normalDay
2018-11-12,0.0,16.0,0.0,0,272.57,0.0,1,2.33,2.17,SPY190118P00246000,246.0,0,0.0,0.0,,0.0,normalDay
2018-11-13,0.0,12.0,0.0,0,272.06,0.0,1,2.33,2.21,SPY190118P00246000,246.0,0,0.0,0.0,,0.0,normalDay
2018-11-14,0.0,-24.0,0.0,0,270.2,0.0,1,2.33,2.57,SPY190118P00246000,246.0,0,0.0,0.0,,0.0,normalDay
2018-11-15,0.0,31.0,0.0,0,273.02,0.0,1,2.33,2.02,SPY190118P00246000,246.0,0,0.0,0.0,,0.0,normalDay
2018-11-16,0.0,68.0,0.0,0,273.73,0.0,1,2.33,1.65,SPY190118P00246000,246.0,0,0.0,0.0,,0.0,normalDay
2018-11-19,0.0,4.0,0.0,0,269.1,0.0,1,2.33,2.29,SPY190118P00246000,246.0,0,0.0,0.0,,0.0,normalDay
2018-11-20,0.0,-102.0,0.0,0,264.12,0.0,1,2.33,3.35,SPY190118P00246000,246.0,0,0.0,0.0,,0.0,normalDay
2018-11-21,0.0,-49.0,0.0,0,265.02,0.0,1,2.33,2.82,SPY190118P00246000,246.0,0,0.0,0.0,,0.0,normalDay
2018-11-23,0.0,-81.0,0.0,0,263.25,0.0,1,2.33,3.14,SPY190118P00246000,246.0,0,0.0,0.0,,0.0,normalDay
2018-11-26,0.0,47.0,0.0,0,267.5,0.0,1,2.33,1.86,SPY190118P00246000,246.0,0,0.0,0.0,,0.0,normalDay
2018-11-27,0.0,55.0,0.0,0,268.4,0.0,1,2.33,1.78,SPY190118P00246000,246.0,0,0.0,0.0,,0.0,normalDay
2018-11-28,0.0,118.0,0.0,0,274.58,0.0,1,2.33,1.15,SPY190118P00246000,246.0,0,0.0,0.0,,0.0,normalDay
2018-11-29,0.0,108.0,0.0,0,273.98,0.0,1,2.33,1.25,SPY190118P00246000,246.0,0,0.0,0.0,,0.0,normalDay
2018-11-30,0.0,132.0,0.0,0,275.65,0.0,1,2.33,1.01,SPY190118P00246000,246.0,0,0.0,0.0,,0.0,normalDay
2018-12-03,0.0,168.0,0.0,0,279.3,0.0,1,2.33,0.65,SPY190118P00246000,246.0,0,0.0,0.0,,0.0,normalDay
2018-12-04,0.0,71.0,0.0,0,270.25,0.0,1,2.33,1.62,SPY190118P00246000,246.0,0,0.0,0.0,,0.0,normalDay
2018-12-06,0.0,66.0,0.0,0,269.84,0.0,1,2.33,1.67,SPY190118P00246000,246.0,0,0.0,0.0,,0.0,normalDay
2018-12-07,0.0,-46.0,0.0,0,263.57,0.0,1,2.33,2.79,SPY190118P00246000,246.0,0,0.0,0.0,,0.0,normalDay
2018-12-10,0.0,7.0,0.0,0,264.07,0.0,1,2.33,2.26,SPY190118P00246000,246.0,0,0.0,0.0,,0.0,normalDay
2018-12-11,0.0,26.0,0.0,0,264.13,0.0,1,2.33,2.07,SPY190118P00246000,246.0,0,0.0,0.0,,0.0,normalDay
2018-12-12,0.0,47.0,0.0,0,265.46,0.0,1,2.33,1.86,SPY190118P00246000,246.0,0,0.0,0.0,,0.0,normalDay
2018-12-13,0.0,72.0,0.0,0,265.37,0.0,1,2.33,1.61,SPY190118P00246000,246.0,0,0.0,0.0,,0.0,normalDay
2018-12-14,0.0,0.0,0.0,0,260.47,0.0,1,2.33,2.33,SPY190118P00246000,246.0,0,0.0,0.0,,0.0,normalDay
2018-12-17,0.0,-120.0,0.0,0,255.36,0.0,1,2.33,3.53,SPY190118P00246000,246.0,0,0.0,0.0,,0.0,normalDay
2018-12-18,0.0,-156.0,0.0,0,255.08,0.0,1,2.33,3.89,SPY190118P00246000,246.0,0,0.0,0.0,,0.0,normalDay
2018-12-19,0.0,-219.0,0.0,0,251.26,0.0,1,2.33,4.52,SPY190118P00246000,246.0,0,0.0,0.0,,0.0,normalDay
2018-12-20,0.0,-406.0,0.0,0,247.17,0.0,1,2.33,6.39,SPY190118P00246000,246.0,0,0.0,0.0,,0.0,normalDay
2018-12-21,0.0,-749.0,0.0,0,240.7,0.0,1,2.33,9.82,SPY190118P00246000,246.0,0,0.0,0.0,,0.0,normalDay
2018-12-24,0.0,-1367.0,0.0,0,234.34,0.0,1,2.33,16.0,SPY190118P00246000,246.0,0,0.0,0.0,,0.0,normalDay
2018-12-26,0.0,-422.0,0.0,0,246.18,0.0,1,2.33,6.55,SPY190118P00246000,246.0,0,0.0,0.0,,0.0,normalDay
2018-12-27,0.0,-342.0,0.0,0,248.07,0.0,1,2.33,5.75,SPY190118P00246000,246.0,0,0.0,0.0,,0.0,normalDay
2018-12-28,0.0,-323.0,0.0,0,247.75,0.0,1,2.33,5.56,SPY190118P00246000,246.0,0,0.0,0.0,,0.0,normalDay
2018-12-31,0.0,-145.0,0.0,0,249.92,0.0,1,2.33,3.78,SPY190118P00246000,246.0,0,0.0,0.0,,0.0,normalDay
2019-01-02,0.0,-46.0,0.0,0,250.18,0.0,1,2.33,2.79,SPY190118P00246000,246.0,0,0.0,0.0,,0.0,normalDay
2019-01-03,0.0,-321.0,0.0,0,244.21,0.0,1,2.33,5.54,SPY190118P00246000,246.0,0,0.0,0.0,,0.0,normalDay
2019-01-04,0.0,57.0,0.0,0,252.39,0.0,1,2.33,1.76,SPY190118P00246000,246.0,0,0.0,0.0,,0.0,normalDay
2019-01-07,0.0,112.0,0.0,0,254.38,0.0,1,2.33,1.21,SPY190118P00246000,246.0,0,0.0,0.0,,0.0,normalDay
2019-01-08,0.0,161.0,0.0,0,256.77,0.0,1,2.33,0.72,SPY190118P00246000,246.0,0,0.0,0.0,,0.0,normalDay
2019-01-09,0.0,187.0,0.0,0,257.97,0.0,1,2.33,0.46,SPY190118P00246000,246.0,0,0.0,0.0,,0.0,normalDay
2019-01-10,0.0,207.0,0.0,0,258.88,0.0,1,2.33,0.26,SPY190118P00246000,246.0,0,0.0,0.0,,0.0,normalDay
2019-01-11,0.0,222.0,0.0,0,258.98,0.0,1,2.33,0.11,SPY190118P00246000,246.0,0,0.0,0.0,,0.0,normalDay
2019-01-14,0.0,222.0,0.0,0,257.4,0.0,1,2.33,0.11,SPY190118P00246000,246.0,0,0.0,0.0,,0.0,normalDay
2019-01-15,0.0,229.0,0.0,0,260.35,0.0,1,2.33,0.04,SPY190118P00246000,246.0,0,0.0,0.0,,0.0,normalDay
2019-01-16,0.0,231.0,0.0,0,260.98,0.0,1,2.33,0.02,SPY190118P00246000,246.0,0,0.0,0.0,,0.0,normalDay
2019-01-17,0.0,232.0,0.0,0,262.96,0.0,1,2.33,0.01,SPY190118P00246000,246.0,0,0.0,0.0,,0.0,normalDay
2019-01-18,233.0,0.0,233.0,0,266.46,0.0,1,2.33,0.0,SPY190118P00246000,246.0,0,0.0,0.0,,0.0,expirationDay
2019-01-22,233.0,-5.0,0.0,0,262.86,0.0,1,1.28,1.33,SPY190418P00220000,220.0,0,0.0,0.0,,0.0,normalDay
2019-01-23,233.0,5.0,0.0,0,263.41,0.0,1,1.28,1.23,SPY190418P00220000,220.0,0,0.0,0.0,,0.0,normalDay
2019-01-24,233.0,13.0,0.0,0,263.55,0.0,1,1.28,1.15,SPY190418P00220000,220.0,0,0.0,0.0,,0.0,normalDay
2019-01-25,233.0,41.0,0.0,0,265.78,0.0,1,1.28,0.87,SPY190418P00220000,220.0,0,0.0,0.0,,0.0,normalDay
2019-01-28,233.0,28.0,0.0,0,263.76,0.0,1,1.28,1.0,SPY190418P00220000,220.0,0,0.0,0.0,,0.0,normalDay
2019-01-29,233.0,27.0,0.0,0,263.41,0.0,1,1.28,1.01,SPY190418P00220000,220.0,0,0.0,0.0,,0.0,normalDay
2019-01-30,233.0,56.0,0.0,0,267.58,0.0,1,1.28,0.72,SPY190418P00220000,220.0,0,0.0,0.0,,0.0,normalDay
2019-01-31,233.0,71.0,0.0,0,269.93,0.0,1,1.28,0.57,SPY190418P00220000,220.0,0,0.0,0.0,,0.0,normalDay
2019-02-01,233.0,75.0,0.0,0,270.06,0.0,1,1.28,0.53,SPY190418P00220000,220.0,0,0.0,0.0,,0.0,normalDay
2019-02-04,233.0,84.0,0.0,0,271.96,0.0,1,1.28,0.44,SPY190418P00220000,220.0,0,0.0,0.0,,0.0,normalDay
2019-02-05,233.0,85.0,0.0,0,273.1,0.0,1,1.28,0.43,SPY190418P00220000,220.0,0,0.0,0.0,,0.0,normalDay
2019-02-06,233.0,86.0,0.0,0,272.74,0.0,1,1.28,0.42,SPY190418P00220000,220.0,0,0.0,0.0,,0.0,normalDay
2019-02-07,233.0,80.0,0.0,0,270.14,0.0,1,1.28,0.48,SPY190418P00220000,220.0,0,0.0,0.0,,0.0,normalDay
2019-02-08,233.0,84.0,0.0,0,270.47,0.0,1,1.28,0.44,SPY190418P00220000,220.0,0,0.0,0.0,,0.0,normalDay
2019-02-11,233.0,89.0,0.0,0,270.62,0.0,1,1.28,0.39,SPY190418P00220000,220.0,0,0.0,0.0,,0.0,normalDay
2019-02-12,233.0,95.0,0.0,0,274.1,0.0,1,1.28,0.33,SPY190418P00220000,220.0,0,0.0,0.0,,0.0,normalDay
2019-02-13,233.0,96.0,0.0,0,274.99,0.0,1,1.28,0.32,SPY190418P00220000,220.0,0,0.0,0.0,,0.0,normalDay
2019-02-14,233.0,93.0,0.0,0,274.38,0.0,1,1.28,0.35,SPY190418P00220000,220.0,0,0.0,0.0,,0.0,normalDay
2019-02-15,233.0,100.0,0.0,0,277.37,0.0,1,1.28,0.28,SPY190418P00220000,220.0,0,0.0,0.0,,0.0,normalDay
2019-02-19,233.0,103.0,0.0,0,277.85,0.0,1,1.28,0.25,SPY190418P00220000,220.0,0,0.0,0.0,,0.0,normalDay
2019-02-20,233.0,108.0,0.0,0,278.41,0.0,1,1.28,0.2,SPY190418P00220000,220.0,0,0.0,0.0,,0.0,normalDay
2019-02-21,233.0,107.0,0.0,0,277.42,0.0,1,1.28,0.21,SPY190418P00220000,220.0,0,0.0,0.0,,0.0,normalDay
2019-02-22,233.0,110.0,0.0,0,279.14,0.0,1,1.28,0.18,SPY190418P00220000,220.0,0,0.0,0.0,,0.0,normalDay
2019-02-25,233.0,107.0,0.0,0,279.52,0.0,1,1.28,0.21,SPY190418P00220000,220.0,0,0.0,0.0,,0.0,normalDay
2019-02-26,233.0,108.0,0.0,0,279.32,0.0,1,1.28,0.2,SPY190418P00220000,220.0,0,0.0,0.0,,0.0,normalDay
2019-02-27,233.0,109.0,0.0,0,279.2,0.0,1,1.28,0.19,SPY190418P00220000,220.0,0,0.0,0.0,,0.0,normalDay
2019-02-28,233.0,108.0,0.0,0,278.68,0.0,1,1.28,0.2,SPY190418P00220000,220.0,0,0.0,0.0,,0.0,normalDay
2019-03-01,233.0,113.0,0.0,0,280.42,0.0,1,1.28,0.15,SPY190418P00220000,220.0,0,0.0,0.0,,0.0,normalDay
2019-03-04,233.0,113.0,0.0,0,279.4,0.0,1,1.28,0.15,SPY190418P00220000,220.0,0,0.0,0.0,,0.0,normalDay
2019-03-05,233.0,111.0,0.0,0,279.02,0.0,1,1.28,0.17,SPY190418P00220000,220.0,0,0.0,0.0,,0.0,normalDay
2019-03-06,233.0,110.0,0.0,0,277.33,0.0,1,1.28,0.18,SPY190418P00220000,220.0,0,0.0,0.0,,0.0,normalDay
2019-03-07,233.0,108.0,0.0,0,275.01,0.0,1,1.28,0.2,SPY190418P00220000,220.0,0,0.0,0.0,,0.0,normalDay
2019-03-08,233.0,110.0,0.0,0,274.46,0.0,1,1.28,0.18,SPY190418P00220000,220.0,0,0.0,0.0,,0.0,normalDay
2019-03-11,233.0,117.0,0.0,0,278.44,0.0,1,1.28,0.11,SPY190418P00220000,220.0,0,0.0,0.0,,0.0,normalDay
2019-03-12,233.0,118.0,0.0,0,279.49,0.0,1,1.28,0.1,SPY190418P00220000,220.0,0,0.0,0.0,,0.0,normalDay
2019-03-13,233.0,119.0,0.0,0,281.34,0.0,1,1.28,0.09,SPY190418P00220000,220.0,0,0.0,0.0,,0.0,normalDay
2019-03-14,233.0,120.0,0.0,0,281.16,0.0,1,1.28,0.08,SPY190418P00220000,220.0,0,0.0,0.0,,0.0,normalDay
2019-03-15,233.0,121.0,0.0,0,281.31,0.0,1,1.28,0.07,SPY190418P00220000,220.0,0,0.0,0.0,,0.0,normalDay
2019-03-18,233.0,122.0,0.0,0,282.33,0.0,1,1.28,0.06,SPY190418P00220000,220.0,0,0.0,0.0,,0.0,normalDay
2019-03-19,233.0,122.0,0.0,0,282.4,0.0,1,1.28,0.06,SPY190418P00220000,220.0,0,0.0,0.0,,0.0,normalDay
2019-03-20,233.0,123.0,0.0,0,281.55,0.0,1,1.28,0.05,SPY190418P00220000,220.0,0,0.0,0.0,,0.0,normalDay
2019-03-21,233.0,124.0,0.0,0,284.73,0.0,1,1.28,0.04,SPY190418P00220000,220.0,0,0.0,0.0,,0.0,normalDay
2019-03-22,233.0,122.0,0.0,0,279.25,0.0,1,1.28,0.06,SPY190418P00220000,220.0,0,0.0,0.0,,0.0,normalDay
2019-03-25,233.0,124.0,0.0,0,279.04,0.0,1,1.28,0.04,SPY190418P00220000,220.0,0,0.0,0.0,,0.0,normalDay
2019-03-26,233.0,125.0,0.0,0,281.12,0.0,1,1.28,0.03,SPY190418P00220000,220.0,0,0.0,0.0,,0.0,normalDay
2019-03-27,233.0,125.0,0.0,0,279.65,0.0,1,1.28,0.03,SPY190418P00220000,220.0,0,0.0,0.0,,0.0,normalDay
2019-03-28,233.0,125.0,0.0,0,280.71,0.0,1,1.28,0.03,SPY190418P00220000,220.0,0,0.0,0.0,,0.0,normalDay
2019-03-29,233.0,125.0,0.0,0,282.48,0.0,1,1.28,0.03,SPY190418P00220000,220.0,0,0.0,0.0,,0.0,normalDay
2019-04-01,233.0,126.0,0.0,0,285.83,0.0,1,1.28,0.02,SPY190418P00220000,220.0,0,0.0,0.0,,0.0,normalDay
2019-04-02,233.0,126.0,0.0,0,285.97,0.0,1,1.28,0.02,SPY190418P00220000,220.0,0,0.0,0.0,,0.0,normalDay
2019-04-03,233.0,126.0,0.0,0,286.42,0.0,1,1.28,0.02,SPY190418P00220000,220.0,0,0.0,0.0,,0.0,normalDay
2019-04-04,233.0,127.0,0.0,0,287.18,0.0,1,1.28,0.01,SPY190418P00220000,220.0,0,0.0,0.0,,0.0,normalDay
2019-04-05,233.0,127.0,0.0,0,288.57,0.0,1,1.28,0.01,SPY190418P00220000,220.0,0,0.0,0.0,,0.0,normalDay
2019-04-08,233.0,127.0,0.0,0,288.79,0.0,1,1.28,0.01,SPY190418P00220000,220.0,0,0.0,0.0,,0.0,normalDay
2019-04-09,233.0,127.0,0.0,0,287.31,0.0,1,1.28,0.01,SPY190418P00220000,220.0,0,0.0,0.0,,0.0,normalDay
2019-04-10,233.0,127.0,0.0,0,288.29,0.0,1,1.28,0.01,SPY190418P00220000,220.0,0,0.0,0.0,,0.0,normalDay
2019-04-11,233.0,127.0,0.0,0,288.21,0.0,1,1.28,0.01,SPY190418P00220000,220.0,0,0.0,0.0,,0.0,normalDay
2019-04-12,233.0,127.0,0.0,0,290.16,0.0,1,1.28,0.01,SPY190418P00220000,220.0,0,0.0,0.0,,0.0,normalDay
2019-04-15,233.0,127.0,0.0,0,289.97,0.0,1,1.28,0.01,SPY190418P00220000,220.0,0,0.0,0.0,,0.0,normalDay
2019-04-16,233.0,127.0,0.0,0,290.16,0.0,1,1.28,0.01,SPY190418P00220000,220.0,0,0.0,0.0,,0.0,normalDay
2019-04-17,233.0,127.0,0.0,0,289.45,0.0,1,1.28,0.01,SPY190418P00220000,220.0,0,0.0,0.0,,0.0,normalDay
2019-04-18,361.0,0.0,128.0,0,290.02,0.0,1,1.28,0.0,SPY190418P00220000,220.0,0,0.0,0.0,,0.0,expirationDay
2019-04-22,361.0,-4.0,0.0,0,290.27,0.0,1,1.65,1.69,SPY190628P00271000,271.0,0,0.0,0.0,,0.0,normalDay
2019-04-23,361.0,21.0,0.0,0,292.88,0.0,1,1.65,1.44,SPY190628P00271000,271.0,0,0.0,0.0,,0.0,normalDay
2019-04-24,361.0,8.0,0.0,0,292.23,0.0,1,1.65,1.57,SPY190628P00271000,271.0,0,0.0,0.0,,0.0,normalDay
2019-04-25,361.0,2.0,0.0,0,292.05,0.0,1,1.65,1.63,SPY190628P00271000,271.0,0,0.0,0.0,,0.0,normalDay
2019-04-26,361.0,23.0,0.0,0,293.41,0.0,1,1.65,1.42,SPY190628P00271000,271.0,0,0.0,0.0,,0.0,normalDay
2019-04-29,361.0,29.0,0.0,0,293.87,0.0,1,1.65,1.36,SPY190628P00271000,271.0,0,0.0,0.0,,0.0,normalDay
2019-04-30,361.0,32.0,0.0,0,294.02,0.0,1,1.65,1.33,SPY190628P00271000,271.0,0,0.0,0.0,,0.0,normalDay
2019-05-01,361.0,-4.0,0.0,0,291.81,0.0,1,1.65,1.69,SPY190628P00271000,271.0,0,0.0,0.0,,0.0,normalDay
2019-05-02,361.0,-7.0,0.0,0,291.18,0.0,1,1.65,1.72,SPY190628P00271000,271.0,0,0.0,0.0,,0.0,normalDay
2019-05-03,361.0,42.0,0.0,0,294.03,0.0,1,1.65,1.23,SPY190628P00271000,271.0,0,0.0,0.0,,0.0,normalDay
2019-05-06,361.0,5.0,0.0,0,292.82,0.0,1,1.65,1.6,SPY190628P00271000,271.0,0,0.0,0.0,,0.0,normalDay
2019-05-07,361.0,-129.0,0.0,0,287.93,0.0,1,1.65,2.94,SPY190628P00271000,271.0,0,0.0,0.0,,0.0,normalDay
2019-05-08,361.0,-127.0,0.0,0,287.53,0.0,1,1.65,2.92,SPY190628P00271000,271.0,0,0.0,0.0,,0.0,normalDay
2019-05-09,361.0,-125.0,0.0,0,286.66,0.0,1,1.65,2.9,SPY190628P00271000,271.0,0,0.0,0.0,,0.0,normalDay
2019-05-10,361.0,-50.0,0.0,0,288.1,0.0,1,1.65,2.15,SPY190628P00271000,271.0,0,0.0,0.0,,0.0,normalDay
2019-05-13,361.0,-259.0,0.0,0,280.86,0.0,1,1.65,4.24,SPY190628P00271000,271.0,0,0.0,0.0,,0.0,normalDay
2019-05-14,361.0,-151.0,0.0,0,283.4,0.0,1,1.65,3.16,SPY190628P00271000,271.0,0,0.0,0.0,,0.0,normalDay
2019-05-15,361.0,-73.0,0.0,0,285.06,0.0,1,1.65,2.38,SPY190628P00271000,271.0,0,0.0,0.0,,0.0,normalDay
2019-05-16,361.0,-11.0,0.0,0,287.7,0.0,1,1.65,1.76,SPY190628P00271000,271.0,0,0.0,0.0,,0.0,normalDay
2019-05-17,361.0,-44.0,0.0,0,285.84,0.0,1,1.65,2.09,SPY190628P00271000,271.0,0,0.0,0.0,,0.0,normalDay
2019-05-20,361.0,-62.0,0.0,0,283.95,0.0,1,1.65,2.27,SPY190628P00271000,271.0,0,0.0,0.0,,0.0,normalDay
2019-05-21,361.0,6.0,0.0,0,286.51,0.0,1,1.65,1.59,SPY190628P00271000,271.0,0,0.0,0.0,,0.0,normalDay
2019-05-22,361.0,0.0,0.0,0,285.63,0.0,1,1.65,1.65,SPY190628P00271000,271.0,0,0.0,0.0,,0.0,normalDay
2019-05-23,361.0,-94.0,0.0,0,282.14,0.0,1,1.65,2.59,SPY190628P00271000,271.0,0,0.0,0.0,,0.0,normalDay
2019-05-24,361.0,-51.0,0.0,0,282.78,0.0,1,1.65,2.16,SPY190628P00271000,271.0,0,0.0,0.0,,0.0,normalDay
2019-05-28,361.0,-100.0,0.0,0,280.15,0.0,1,1.65,2.65,SPY190628P00271000,271.0,0,0.0,0.0,,0.0,normalDay
2019-05-29,361.0,-147.0,0.0,0,278.27,0.0,1,1.65,3.12,SPY190628P00271000,271.0,0,0.0,0.0,,0.0,normalDay
2019-05-30,361.0,-108.0,0.0,0,279.03,0.0,1,1.65,2.73,SPY190628P00271000,271.0,0,0.0,0.0,,0.0,normalDay
2019-05-31,361.0,-239.0,0.0,0,275.27,0.0,1,1.65,4.04,SPY190628P00271000,271.0,0,0.0,0.0,,0.0,normalDay
2019-06-03,361.0,-228.0,0.0,0,274.57,0.0,1,1.65,3.93,SPY190628P00271000,271.0,0,0.0,0.0,,0.0,normalDay
2019-06-04,361.0,-28.0,0.0,0,280.53,0.0,1,1.65,1.93,SPY190628P00271000,271.0,0,0.0,0.0,,0.0,normalDay
2019-06-05,361.0,42.0,0.0,0,282.96,0.0,1,1.65,1.23,SPY190628P00271000,271.0,0,0.0,0.0,,0.0,normalDay
2019-06-06,361.0,68.0,0.0,0,284.8,0.0,1,1.65,0.97,SPY190628P00271000,271.0,0,0.0,0.0,,0.0,normalDay
2019-06-07,361.0,88.0,0.0,0,287.65,0.0,1,1.65,0.77,SPY190628P00271000,271.0,0,0.0,0.0,,0.0,normalDay
2019-06-10,361.0,113.0,0.0,0,288.97,0.0,1,1.65,0.52,SPY190628P00271000,271.0,0,0.0,0.0,,0.0,normalDay
2019-06-11,361.0,116.0,0.0,0,288.9,0.0,1,1.65,0.49,SPY190628P00271000,271.0,0,0.0,0.0,,0.0,normalDay
2019-06-12,361.0,118.0,0.0,0,288.39,0.0,1,1.65,0.47,SPY190628P00271000,271.0,0,0.0,0.0,,0.0,normalDay
2019-06-13,361.0,130.0,0.0,0,289.58,0.0,1,1.65,0.35,SPY190628P00271000,271.0,0,0.0,0.0,,0.0,normalDay
2019-06-14,361.0,140.0,0.0,0,289.26,0.0,1,1.65,0.25,SPY190628P00271000,271.0,0,0.0,0.0,,0.0,normalDay
2019-06-17,361.0,144.0,0.0,0,289.37,0.0,1,1.65,0.21,SPY190628P00271000,271.0,0,0.0,0.0,,0.0,normalDay
2019-06-18,361.0,153.0,0.0,0,292.4,0.0,1,1.65,0.12,SPY190628P00271000,271.0,0,0.0,0.0,,0.0,normalDay
2019-06-19,361.0,157.0,0.0,0,293.06,0.0,1,1.65,0.08,SPY190628P00271000,271.0,0,0.0,0.0,,0.0,normalDay
2019-06-20,361.0,157.0,0.0,0,295.86,0.0,1,1.65,0.08,SPY190628P00271000,271.0,0,0.0,0.0,,0.0,normalDay
2019-06-21,361.0,159.0,0.0,0,294.0,0.0,1,1.65,0.06,SPY190628P00271000,271.0,0,0.0,0.0,,0.0,normalDay
2019-06-24,361.0,162.0,0.0,0,293.64,0.0,1,1.65,0.03,SPY190628P00271000,271.0,0,0.0,0.0,,0.0,normalDay
2019-06-25,361.0,162.0,0.0,0,290.76,0.0,1,1.65,0.03,SPY190628P00271000,271.0,0,0.0,0.0,,0.0,normalDay
2019-06-26,361.0,163.0,0.0,0,290.47,0.0,1,1.65,0.02,SPY190628P00271000,271.0,0,0.0,0.0,,0.0,normalDay
2019-06-27,361.0,164.0,0.0,0,291.5,0.0,1,1.65,0.01,SPY190628P00271000,271.0,0,0.0,0.0,,0.0,normalDay
2019-06-28,526.0,0.0,165.0,0,293.0,0.0,1,1.65,0.0,SPY190628P00271000,271.0,0,0.0,0.0,,0.0,expirationDay
2019-07-01,526.0,-4.0,0.0,0,295.66,0.0,1,2.28,2.32,SPY190920P00274000,274.0,0,0.0,0.0,,0.0,normalDay
2019-07-02,526.0,29.0,0.0,0,296.43,0.0,1,2.28,1.99,SPY190920P00274000,274.0,0,0.0,0.0,,0.0,normalDay
2019-07-03,526.0,61.0,0.0,0,298.8,0.0,1,2.28,1.67,SPY190920P00274000,274.0,0,0.0,0.0,,0.0,normalDay
2019-07-05,526.0,51.0,0.0,0,298.46,0.0,1,2.28,1.77,SPY190920P00274000,274.0,0,0.0,0.0,,0.0,normalDay
2019-07-08,526.0,37.0,0.0,0,296.82,0.0,1,2.28,1.91,SPY190920P00274000,274.0,0,0.0,0.0,,0.0,normalDay
2019-07-09,526.0,34.0,0.0,0,297.19,0.0,1,2.28,1.94,SPY190920P00274000,274.0,0,0.0,0.0,,0.0,normalDay
2019-07-10,526.0,65.0,0.0,0,298.61,0.0,1,2.28,1.63,SPY190920P00274000,274.0,0,0.0,0.0,,0.0,normalDay
2019-07-11,526.0,75.0,0.0,0,299.31,0.0,1,2.28,1.53,SPY190920P00274000,274.0,0,0.0,0.0,,0.0,normalDay
2019-07-12,526.0,94.0,0.0,0,300.65,0.0,1,2.28,1.34,SPY190920P00274000,274.0,0,0.0,0.0,,0.0,normalDay
2019-07-15,526.0,96.0,0.0,0,300.75,0.0,1,2.28,1.32,SPY190920P00274000,274.0,0,0.0,0.0,,0.0,normalDay
2019-07-16,526.0,88.0,0.0,0,299.78,0.0,1,2.28,1.4,SPY190920P00274000,274.0,0,0.0,0.0,,0.0,normalDay
2019-07-17,526.0,61.0,0.0,0,297.74,0.0,1,2.28,1.67,SPY190920P00274000,274.0,0,0.0,0.0,,0.0,normalDay
2019-07-18,526.0,80.0,0.0,0,298.83,0.0,1,2.28,1.48,SPY190920P00274000,274.0,0,0.0,0.0,,0.0,normalDay
2019-07-19,526.0,62.0,0.0,0,297.17,0.0,1,2.28,1.66,SPY190920P00274000,274.0,0,0.0,0.0,,0.0,normalDay
2019-07-22,526.0,88.0,0.0,0,297.9,0.0,1,2.28,1.4,SPY190920P00274000,274.0,0,0.0,0.0,,0.0,normalDay
2019-07-23,526.0,117.0,0.0,0,300.03,0.0,1,2.28,1.11,SPY190920P00274000,274.0,0,0.0,0.0,,0.0,normalDay
2019-07-24,526.0,134.0,0.0,0,301.44,0.0,1,2.28,0.94,SPY190920P00274000,274.0,0,0.0,0.0,,0.0,normalDay
2019-07-25,526.0,119.0,0.0,0,300.0,0.0,1,2.28,1.09,SPY190920P00274000,274.0,0,0.0,0.0,,0.0,normalDay
2019-07-26,526.0,139.0,0.0,0,302.01,0.0,1,2.28,0.89,SPY190920P00274000,274.0,0,0.0,0.0,,0.0,normalDay
2019-07-29,526.0,138.0,0.0,0,301.46,0.0,1,2.28,0.9,SPY190920P00274000,274.0,0,0.0,0.0,,0.0,normalDay
2019-07-30,526.0,121.0,0.0,0,300.72,0.0,1,2.28,1.07,SPY190920P00274000,274.0,0,0.0,0.0,,0.0,normalDay
2019-07-31,526.0,76.0,0.0,0,297.43,0.0,1,2.28,1.52,SPY190920P00274000,274.0,0,0.0,0.0,,0.0,normalDay
2019-08-01,526.0,18.0,0.0,0,294.84,0.0,1,2.28,2.1,SPY190920P00274000,274.0,0,0.0,0.0,,0.0,normalDay
2019-08-02,526.0,-13.0,0.0,0,292.62,0.0,1,2.28,2.41,SPY190920P00274000,274.0,0,0.0,0.0,,0.0,normalDay
2019-08-05,526.0,-331.0,0.0,0,283.82,0.0,1,2.28,5.59,SPY190920P00274000,274.0,0,0.0,0.0,,0.0,normalDay
2019-08-06,526.0,-128.0,0.0,0,287.8,0.0,1,2.28,3.56,SPY190920P00274000,274.0,0,0.0,0.0,,0.0,normalDay
2019-08-07,526.0,-116.0,0.0,0,287.97,0.0,1,2.28,3.44,SPY190920P00274000,274.0,0,0.0,0.0,,0.0,normalDay
2019-08-08,526.0,27.0,0.0,0,293.62,0.0,1,2.28,2.01,SPY190920P00274000,274.0,0,0.0,0.0,,0.0,normalDay
2019-08-09,526.0,-10.0,0.0,0,291.62,0.0,1,2.28,2.38,SPY190920P00274000,274.0,0,0.0,0.0,,0.0,normalDay
2019-08-12,526.0,-125.0,0.0,0,288.07,0.0,1,2.28,3.53,SPY190920P00274000,274.0,0,0.0,0.0,,0.0,normalDay
2019-08-13,526.0,24.0,0.0,0,292.55,0.0,1,2.28,2.04,SPY190920P00274000,274.0,0,0.0,0.0,,0.0,normalDay
2019-08-14,526.0,-214.0,0.0,0,283.9,0.0,1,2.28,4.42,SPY190920P00274000,274.0,0,0.0,0.0,,0.0,normalDay
2019-08-15,526.0,-168.0,0.0,0,284.65,0.0,1,2.28,3.96,SPY190920P00274000,274.0,0,0.0,0.0,,0.0,normalDay
2019-08-16,526.0,-19.0,0.0,0,288.85,0.0,1,2.28,2.47,SPY190920P00274000,274.0,0,0.0,0.0,,0.0,normalDay
2019-08-19,526.0,80.0,0.0,0,292.33,0.0,1,2.28,1.48,SPY190920P00274000,274.0,0,0.0,0.0,,0.0,normalDay
2019-08-20,526.0,45.0,0.0,0,290.09,0.0,1,2.28,1.83,SPY190920P00274000,274.0,0,0.0,0.0,,0.0,normalDay
2019-08-21,526.0,117.0,0.0,0,292.45,0.0,1,2.28,1.11,SPY190920P00274000,274.0,0,0.0,0.0,,0.0,normalDay
2019-08-22,526.0,102.0,0.0,0,292.36,0.0,1,2.28,1.26,SPY190920P00274000,274.0,0,0.0,0.0,,0.0,normalDay
2019-08-23,526.0,-41.0,0.0,0,284.85,0.0,1,2.28,2.69,SPY190920P00274000,274.0,0,0.0,0.0,,0.0,normalDay
2019-08-26,526.0,33.0,0.0,0,288.0,0.0,1,2.28,1.95,SPY190920P00274000,274.0,0,0.0,0.0,,0.0,normalDay
2019-08-27,526.0,1.0,0.0,0,286.87,0.0,1,2.28,2.27,SPY190920P00274000,274.0,0,0.0,0.0,,0.0,normalDay
2019-08-28,526.0,59.0,0.0,0,288.89,0.0,1,2.28,1.69,SPY190920P00274000,274.0,0,0.0,0.0,,0.0,normalDay
2019-08-29,526.0,119.0,0.0,0,292.58,0.0,1,2.28,1.09,SPY190920P00274000,274.0,0,0.0,0.0,,0.0,normalDay
2019-08-30,526.0,114.0,0.0,0,292.45,0.0,1,2.28,1.14,SPY190920P00274000,274.0,0,0.0,0.0,,0.0,normalDay
2019-09-03,526.0,115.0,0.0,0,290.74,0.0,1,2.28,1.13,SPY190920P00274000,274.0,0,0.0,0.0,,0.0,normalDay
2019-09-04,526.0,176.0,0.0,0,294.04,0.0,1,2.28,0.52,SPY190920P00274000,274.0,0,0.0,0.0,,0.0,normalDay
2019-09-05,526.0,198.0,0.0,0,297.82,0.0,1,2.28,0.3,SPY190920P00274000,274.0,0,0.0,0.0,,0.0,normalDay
2019-09-06,526.0,211.0,0.0,0,298.05,0.0,1,2.28,0.17,SPY190920P00274000,274.0,0,0.0,0.0,,0.0,normalDay
2019-09-09,526.0,214.0,0.0,0,298.2,0.0,1,2.28,0.14,SPY190920P00274000,274.0,0,0.0,0.0,,0.0,normalDay
2019-09-10,526.0,216.0,0.0,0,298.13,0.0,1,2.28,0.12,SPY190920P00274000,274.0,0,0.0,0.0,,0.0,normalDay
2019-09-11,526.0,220.0,0.0,0,300.25,0.0,1,2.28,0.08,SPY190920P00274000,274.0,0,0.0,0.0,,0.0,normalDay
2019-09-12,526.0,221.0,0.0,0,301.29,0.0,1,2.28,0.07,SPY190920P00274000,274.0,0,0.0,0.0,,0.0,normalDay
2019-09-13,526.0,222.0,0.0,0,301.09,0.0,1,2.28,0.06,SPY190920P00274000,274.0,0,0.0,0.0,,0.0,normalDay
2019-09-16,526.0,223.0,0.0,0,300.16,0.0,1,2.28,0.05,SPY190920P00274000,274.0,0,0.0,0.0,,0.0,normalDay
2019-09-17,526.0,224.0,0.0,0,300.92,0.0,1,2.28,0.04,SPY190920P00274000,274.0,0,0.0,0.0,,0.0,normalDay
2019-09-18,526.0,225.0,0.0,0,301.1,0.0,1,2.28,0.03,SPY190920P00274000,274.0,0,0.0,0.0,,0.0,normalDay
2019-09-19,526.0,226.0,0.0,0,301.08,0.0,1,2.28,0.02,SPY190920P00274000,274.0,0,0.0,0.0,,0.0,normalDay
2019-09-20,754.0,0.0,228.0,0,298.28,0.0,1,2.28,0.0,SPY190920P00274000,274.0,0,0.0,0.0,,0.0,expirationDay
2019-09-23,754.0,-3.0,0.0,0,298.21,0.0,1,1.76,1.79,SPY191115P00277000,277.0,0,0.0,0.0,,0.0,normalDay
2019-09-24,754.0,-57.0,0.0,0,295.87,0.0,1,1.76,2.33,SPY191115P00277000,277.0,0,0.0,0.0,,0.0,normalDay
2019-09-25,754.0,-22.0,0.0,0,297.62,0.0,1,1.76,1.98,SPY191115P00277000,277.0,0,0.0,0.0,,0.0,normalDay
2019-09-26,754.0,-20.0,0.0,0,297.0,0.0,1,1.76,1.96,SPY191115P00277000,277.0,0,0.0,0.0,,0.0,normalDay
2019-09-27,754.0,-57.0,0.0,0,295.4,0.0,1,1.76,2.33,SPY191115P00277000,277.0,0,0.0,0.0,,0.0,normalDay
2019-09-30,754.0,-8.0,0.0,0,296.77,0.0,1,1.76,1.84,SPY191115P00277000,277.0,0,0.0,0.0,,0.0,normalDay
2019-10-01,754.0,-89.0,0.0,0,293.24,0.0,1,1.76,2.65,SPY191115P00277000,277.0,0,0.0,0.0,,0.0,normalDay
2019-10-02,754.0,-241.0,0.0,0,288.06,0.0,1,1.76,4.17,SPY191115P00277000,277.0,0,0.0,0.0,,0.0,normalDay
2019-10-03,754.0,-147.0,0.0,0,290.42,0.0,1,1.76,3.23,SPY191115P00277000,277.0,0,0.0,0.0,,0.0,normalDay
2019-10-04,754.0,-35.0,0.0,0,294.35,0.0,1,1.76,2.11,SPY191115P00277000,277.0,0,0.0,0.0,,0.0,normalDay
2019-10-07,754.0,-54.0,0.0,0,293.08,0.0,1,1.76,2.3,SPY191115P00277000,277.0,0,0.0,0.0,,0.0,normalDay
2019-10-08,754.0,-176.0,0.0,0,288.53,0.0,1,1.76,3.52,SPY191115P00277000,277.0,0,0.0,0.0,,0.0,normalDay
2019-10-09,754.0,-80.0,0.0,0,291.27,0.0,1,1.76,2.56,SPY191115P00277000,277.0,0,0.0,0.0,,0.0,normalDay
2019-10-10,754.0,-16.0,0.0,0,293.24,0.0,1,1.76,1.92,SPY191115P00277000,277.0,0,0.0,0.0,,0.0,normalDay
2019-10-11,754.0,64.0,0.0,0,296.28,0.0,1,1.76,1.12,SPY191115P00277000,277.0,0,0.0,0.0,,0.0,normalDay
2019-10-14,754.0,85.0,0.0,0,295.95,0.0,1,1.76,0.91,SPY191115P00277000,277.0,0,0.0,0.0,,0.0,normalDay
2019-10-15,754.0,121.0,0.0,0,298.88,0.0,1,1.76,0.55,SPY191115P00277000,277.0,0,0.0,0.0,,0.0,normalDay
2019-10-16,754.0,121.0,0.0,0,298.4,0.0,1,1.76,0.55,SPY191115P00277000,277.0,0,0.0,0.0,,0.0,normalDay
2019-10-17,754.0,126.0,0.0,0,299.28,0.0,1,1.76,0.5,SPY191115P00277000,277.0,0,0.0,0.0,,0.0,normalDay
2019-10-18,754.0,121.0,0.0,0,297.97,0.0,1,1.76,0.55,SPY191115P00277000,277.0,0,0.0,0.0,,0.0,normalDay
2019-10-21,754.0,140.0,0.0,0,299.99,0.0,1,1.76,0.36,SPY191115P00277000,277.0,0,0.0,0.0,,0.0,normalDay
2019-10-22,754.0,136.0,0.0,0,299.01,0.0,1,1.76,0.4,SPY191115P00277000,277.0,0,0.0,0.0,,0.0,normalDay
2019-10-23,754.0,145.0,0.0,0,299.88,0.0,1,1.76,0.31,SPY191115P00277000,277.0,0,0.0,0.0,,0.0,normalDay
2019-10-24,754.0,151.0,0.0,0,300.37,0.0,1,1.76,0.25,SPY191115P00277000,277.0,0,0.0,0.0,,0.0,normalDay
2019-10-25,754.0,159.0,0.0,0,301.6,0.0,1,1.76,0.17,SPY191115P00277000,277.0,0,0.0,0.0,,0.0,normalDay
2019-10-28,754.0,162.0,0.0,0,303.3,0.0,1,1.76,0.14,SPY191115P00277000,277.0,0,0.0,0.0,,0.0,normalDay
2019-10-29,754.0,163.0,0.0,0,303.21,0.0,1,1.76,0.13,SPY191115P00277000,277.0,0,0.0,0.0,,0.0,normalDay
2019-10-30,754.0,166.0,0.0,0,304.14,0.0,1,1.76,0.1,SPY191115P00277000,277.0,0,0.0,0.0,,0.0,normalDay
2019-10-31,754.0,163.0,0.0,0,303.33,0.0,1,1.76,0.13,SPY191115P00277000,277.0,0,0.0,0.0,,0.0,normalDay
2019-11-01,754.0,170.0,0.0,0,306.14,0.0,1,1.76,0.06,SPY191115P00277000,277.0,0,0.0,0.0,,0.0,normalDay
2019-11-04,754.0,170.0,0.0,0,307.37,0.0,1,1.76,0.06,SPY191115P00277000,277.0,0,0.0,0.0,,0.0,normalDay
2019-11-05,754.0,172.0,0.0,0,307.03,0.0,1,1.76,0.04,SPY191115P00277000,277.0,0,0.0,0.0,,0.0,normalDay
2019-11-06,754.0,173.0,0.0,0,307.1,0.0,1,1.76,0.03,SPY191115P00277000,277.0,0,0.0,0.0,,0.0,normalDay
2019-11-07,754.0,174.0,0.0,0,308.18,0.0,1,1.76,0.02,SPY191115P00277000,277.0,0,0.0,0.0,,0.0,normalDay
2019-11-08,754.0,174.0,0.0,0,308.94,0.0,1,1.76,0.02,SPY191115P00277000,277.0,0,0.0,0.0,,0.0,normalDay
2019-11-11,754.0,175.0,0.0,0,308.35,0.0,1,1.76,0.01,SPY191115P00277000,277.0,0,0.0,0.0,,0.0,normalDay
2019-11-12,754.0,175.0,0.0,0,309.0,0.0,1,1.76,0.01,SPY191115P00277000,277.0,0,0.0,0.0,,0.0,normalDay
2019-11-13,754.0,175.0,0.0,0,309.1,0.0,1,1.76,0.01,SPY191115P00277000,277.0,0,0.0,0.0,,0.0,normalDay
2019-11-14,754.0,175.0,0.0,0,309.55,0.0,1,1.76,0.01,SPY191115P00277000,277.0,0,0.0,0.0,,0.0,normalDay
2019-11-15,930.0,0.0,176.0,0,311.79,0.0,1,1.76,0.0,SPY191115P00277000,277.0,0,0.0,0.0,,0.0,expirationDay
2019-11-18,930.0,-4.0,0.0,0,312.02,0.0,1,1.66,1.7,SPY200117P00290000,290.0,0,0.0,0.0,,0.0,normalDay
2019-11-19,930.0,-13.0,0.0,0,311.93,0.0,1,1.66,1.79,SPY200117P00290000,290.0,0,0.0,0.0,,0.0,normalDay
2019-11-20,930.0,-27.0,0.0,0,310.77,0.0,1,1.66,1.93,SPY200117P00290000,290.0,0,0.0,0.0,,0.0,normalDay
2019-11-21,930.0,-32.0,0.0,0,310.27,0.0,1,1.66,1.98,SPY200117P00290000,290.0,0,0.0,0.0,,0.0,normalDay
2019-11-22,930.0,-7.0,0.0,0,310.96,0.0,1,1.66,1.73,SPY200117P00290000,290.0,0,0.0,0.0,,0.0,normalDay
2019-11-25,930.0,37.0,0.0,0,313.37,0.0,1,1.66,1.29,SPY200117P00290000,290.0,0,0.0,0.0,,0.0,normalDay
2019-11-26,930.0,50.0,0.0,0,314.08,0.0,1,1.66,1.16,SPY200117P00290000,290.0,0,0.0,0.0,,0.0,normalDay
2019-11-27,930.0,61.0,0.0,0,315.48,0.0,1,1.66,1.05,SPY200117P00290000,290.0,0,0.0,0.0,,0.0,normalDay
2019-11-29,930.0,45.0,0.0,0,314.31,0.0,1,1.66,1.21,SPY200117P00290000,290.0,0,0.0,0.0,,0.0,normalDay
2019-12-02,930.0,-4.0,0.0,0,311.64,0.0,1,1.66,1.7,SPY200117P00290000,290.0,0,0.0,0.0,,0.0,normalDay
2019-12-03,930.0,-47.0,0.0,0,309.55,0.0,1,1.66,2.13,SPY200117P00290000,290.0,0,0.0,0.0,,0.0,normalDay
2019-12-04,930.0,-5.0,0.0,0,311.46,0.0,1,1.66,1.71,SPY200117P00290000,290.0,0,0.0,0.0,,0.0,normalDay
2019-12-05,930.0,18.0,0.0,0,312.02,0.0,1,1.66,1.48,SPY200117P00290000,290.0,0,0.0,0.0,,0.0,normalDay
2019-12-06,930.0,56.0,0.0,0,314.87,0.0,1,1.66,1.1,SPY200117P00290000,290.0,0,0.0,0.0,,0.0,normalDay
2019-12-09,930.0,30.0,0.0,0,313.88,0.0,1,1.66,1.36,SPY200117P00290000,290.0,0,0.0,0.0,,0.0,normalDay
2019-12-10,930.0,40.0,0.0,0,313.53,0.0,1,1.66,1.26,SPY200117P00290000,290.0,0,0.0,0.0,,0.0,normalDay
2019-12-11,930.0,60.0,0.0,0,314.42,0.0,1,1.66,1.06,SPY200117P00290000,290.0,0,0.0,0.0,,0.0,normalDay
2019-12-12,930.0,92.0,0.0,0,317.13,0.0,1,1.66,0.74,SPY200117P00290000,290.0,0,0.0,0.0,,0.0,normalDay
2019-12-13,930.0,110.0,0.0,0,317.32,0.0,1,1.66,0.56,SPY200117P00290000,290.0,0,0.0,0.0,,0.0,normalDay
2019-12-16,930.0,126.0,0.0,0,319.5,0.0,1,1.66,0.4,SPY200117P00290000,290.0,0,0.0,0.0,,0.0,normalDay
2019-12-17,930.0,126.0,0.0,0,319.57,0.0,1,1.66,0.4,SPY200117P00290000,290.0,0,0.0,0.0,,0.0,normalDay
2019-12-18,930.0,127.0,0.0,0,319.59,0.0,1,1.66,0.39,SPY200117P00290000,290.0,0,0.0,0.0,,0.0,normalDay
2019-12-19,930.0,131.0,0.0,0,320.9,0.0,1,1.66,0.35,SPY200117P00290000,290.0,0,0.0,0.0,,0.0,normalDay
2019-12-20,930.0,132.0,0.0,0,320.73,0.0,1,1.66,0.34,SPY200117P00290000,290.0,0,0.0,0.0,,0.0,normalDay
2019-12-23,930.0,136.0,0.0,0,321.22,0.0,1,1.66,0.3,SPY200117P00290000,290.0,0,0.0,0.0,,0.0,normalDay
2019-12-24,930.0,139.0,0.0,0,321.23,0.0,1,1.66,0.27,SPY200117P00290000,290.0,0,0.0,0.0,,0.0,normalDay
2019-12-26,930.0,146.0,0.0,0,322.94,0.0,1,1.66,0.2,SPY200117P00290000,290.0,0,0.0,0.0,,0.0,normalDay
2019-12-27,930.0,146.0,0.0,0,322.86,0.0,1,1.66,0.2,SPY200117P00290000,290.0,0,0.0,0.0,,0.0,normalDay
2019-12-30,930.0,144.0,0.0,0,321.08,0.0,1,1.66,0.22,SPY200117P00290000,290.0,0,0.0,0.0,,0.0,normalDay
2019-12-31,930.0,147.0,0.0,0,321.86,0.0,1,1.66,0.19,SPY200117P00290000,290.0,0,0.0,0.0,,0.0,normalDay
2020-01-02,930.0,158.0,0.0,0,324.87,0.0,1,1.66,0.08,SPY200117P00290000,290.0,0,0.0,0.0,,0.0,normalDay
2020-01-03,930.0,155.0,0.0,0,322.41,0.0,1,1.66,0.11,SPY200117P00290000,290.0,0,0.0,0.0,,0.0,normalDay
2020-01-06,930.0,160.0,0.0,0,323.64,0.0,1,1.66,0.06,SPY200117P00290000,290.0,0,0.0,0.0,,0.0,normalDay
2020-01-07,930.0,161.0,0.0,0,322.73,0.0,1,1.66,0.05,SPY200117P00290000,290.0,0,0.0,0.0,,0.0,normalDay
2020-01-08,930.0,161.0,0.0,0,324.45,0.0,1,1.66,0.05,SPY200117P00290000,290.0,0,0.0,0.0,,0.0,normalDay
2020-01-09,930.0,163.0,0.0,0,326.65,0.0,1,1.66,0.03,SPY200117P00290000,290.0,0,0.0,0.0,,0.0,normalDay
2020-01-10,930.0,164.0,0.0,0,325.71,0.0,1,1.66,0.02,SPY200117P00290000,290.0,0,0.0,0.0,,0.0,normalDay
2020-01-13,930.0,165.0,0.0,0,327.95,0.0,1,1.66,0.01,SPY200117P00290000,290.0,0,0.0,0.0,,0.0,normalDay
2020-01-14,930.0,165.0,0.0,0,327.45,0.0,1,1.66,0.01,SPY200117P00290000,290.0,0,0.0,0.0,,0.0,normalDay
2020-01-15,930.0,165.0,0.0,0,328.19,0.0,1,1.66,0.01,SPY200117P00290000,290.0,0,0.0,0.0,,0.0,normalDay
2020-01-16,930.0,165.0,0.0,0,330.92,0.0,1,1.66,0.01,SPY200117P00290000,290.0,0,0.0,0.0,,0.0,normalDay
2020-01-17,1096.0,0.0,166.0,0,331.95,0.0,1,1.66,0.0,SPY200117P00290000,290.0,0,0.0,0.0,,0.0,expirationDay
2020-01-21,1096.0,-4.0,0.0,0,331.3,0.0,1,2.98,3.02,SPY200417P00310000,310.0,0,0.0,0.0,,0.0,normalDay
2020-01-22,1096.0,-5.0,0.0,0,331.34,0.0,1,2.98,3.03,SPY200417P00310000,310.0,0,0.0,0.0,,0.0,normalDay
2020-01-23,1096.0,0.0,0.0,0,331.72,0.0,1,2.98,2.98,SPY200417P00310000,310.0,0,0.0,0.0,,0.0,normalDay
2020-01-24,1096.0,-77.0,0.0,0,328.77,0.0,1,2.98,3.75,SPY200417P00310000,310.0,0,0.0,0.0,,0.0,normalDay
2020-01-27,1096.0,-269.0,0.0,0,323.5,0.0,1,2.98,5.67,SPY200417P00310000,310.0,0,0.0,0.0,,0.0,normalDay
2020-01-28,1096.0,-135.0,0.0,0,326.89,0.0,1,2.98,4.33,SPY200417P00310000,310.0,0,0.0,0.0,,0.0,normalDay
2020-01-29,1096.0,-137.0,0.0,0,326.62,0.0,1,2.98,4.35,SPY200417P00310000,310.0,0,0.0,0.0,,0.0,normalDay
2020-01-30,1096.0,-80.0,0.0,0,327.68,0.0,1,2.98,3.78,SPY200417P00310000,310.0,0,0.0,0.0,,0.0,normalDay
2020-01-31,1096.0,-280.0,0.0,0,321.73,0.0,1,2.98,5.78,SPY200417P00310000,310.0,0,0.0,0.0,,0.0,normalDay
2020-02-03,1096.0,-204.0,0.0,0,324.12,0.0,1,2.98,5.02,SPY200417P00310000,310.0,0,0.0,0.0,,0.0,normalDay
2020-02-04,1096.0,-43.0,0.0,0,329.06,0.0,1,2.98,3.41,SPY200417P00310000,310.0,0,0.0,0.0,,0.0,normalDay
2020-02-05,1096.0,34.0,0.0,0,332.86,0.0,1,2.98,2.64,SPY200417P00310000,310.0,0,0.0,0.0,,0.0,normalDay
2020-02-06,1096.0,50.0,0.0,0,333.98,0.0,1,2.98,2.48,SPY200417P00310000,310.0,0,0.0,0.0,,0.0,normalDay
2020-02-07,1096.0,21.0,0.0,0,332.2,0.0,1,2.98,2.77,SPY200417P00310000,310.0,0,0.0,0.0,,0.0,normalDay
2020-02-10,1096.0,65.0,0.0,0,334.68,0.0,1,2.98,2.33,SPY200417P00310000,310.0,0,0.0,0.0,,0.0,normalDay
2020-02-11,1096.0,75.0,0.0,0,335.26,0.0,1,2.98,2.23,SPY200417P00310000,310.0,0,0.0,0.0,,0.0,normalDay
2020-02-12,1096.0,118.0,0.0,0,337.42,0.0,1,2.98,1.8,SPY200417P00310000,310.0,0,0.0,0.0,,0.0,normalDay
2020-02-13,1096.0,111.0,0.0,0,337.06,0.0,1,2.98,1.87,SPY200417P00310000,310.0,0,0.0,0.0,,0.0,normalDay
2020-02-14,1096.0,125.0,0.0,0,337.6,0.0,1,2.98,1.73,SPY200417P00310000,310.0,0,0.0,0.0,,0.0,normalDay
2020-02-18,1096.0,116.0,0.0,0,336.73,0.0,1,2.98,1.82,SPY200417P00310000,310.0,0,0.0,0.0,,0.0,normalDay
2020-02-19,1096.0,141.0,0.0,0,338.34,0.0,1,2.98,1.57,SPY200417P00310000,310.0,0,0.0,0.0,,0.0,normalDay
2020-02-20,1096.0,113.0,0.0,0,336.95,0.0,1,2.98,1.85,SPY200417P00310000,310.0,0,0.0,0.0,,0.0,normalDay
2020-02-21,1096.0,44.0,0.0,0,333.48,0.0,1,2.98,2.54,SPY200417P00310000,310.0,0,0.0,0.0,,0.0,normalDay
2020-02-24,1096.0,-323.0,0.0,0,322.42,0.0,1,2.98,6.21,SPY200417P00310000,310.0,0,0.0,0.0,,0.0,normalDay
2020-02-25,1096.0,-658.0,0.0,0,312.65,0.0,1,2.98,9.56,SPY200417P00310000,310.0,0,0.0,0.0,,0.0,normalDay
2020-02-26,1096.0,-721.0,0.0,0,311.5,0.0,1,2.98,10.19,SPY200417P00310000,310.0,0,0.0,0.0,,0.0,normalDay
2020-02-27,1096.0,-1702.0,0.0,0,297.51,0.0,1,2.98,20.0,SPY200417P00310000,310.0,0,0.0,0.0,,0.0,normalDay
2020-02-28,1096.0,-1786.0,0.0,0,296.26,0.0,1,2.98,20.84,SPY200417P00310000,310.0,0,0.0,0.0,,0.0,normalDay
2020-03-02,1096.0,-900.0,0.0,0,309.09,0.0,1,2.98,11.98,SPY200417P00310000,310.0,0,0.0,0.0,,0.0,normalDay
2020-03-03,1096.0,-1373.0,0.0,0,300.24,0.0,1,2.98,16.71,SPY200417P00310000,310.0,0,0.0,0.0,,0.0,normalDay
2020-03-04,1096.0,-777.0,0.0,0,312.86,0.0,1,2.98,10.75,SPY200417P00310000,310.0,0,0.0,0.0,,0.0,normalDay
2020-03-05,1096.0,-1450.0,0.0,0,302.46,0.0,1,2.98,17.48,SPY200417P00310000,310.0,0,0.0,0.0,,0.0,normalDay
2020-03-06,1096.0,-1806.0,0.0,0,297.46,0.0,1,2.98,21.04,SPY200417P00310000,310.0,0,0.0,0.0,,0.0,normalDay
2020-03-09,1096.0,-3698.0,0.0,0,274.23,0.0,1,2.98,39.96,SPY200417P00310000,310.0,0,0.0,0.0,,0.0,normalDay
2020-03-10,1096.0,-2443.0,0.0,0,288.42,0.0,1,2.98,27.41,SPY200417P00310000,310.0,0,0.0,0.0,,0.0,normalDay
2020-03-11,1096.0,-3616.0,0.0,0,274.36,0.0,1,2.98,39.14,SPY200417P00310000,310.0,0,0.0,0.0,,0.0,normalDay
2020-03-12,1096.0,-6078.0,0.0,0,248.11,0.0,1,2.98,63.76,SPY200417P00310000,310.0,0,0.0,0.0,,0.0,normalDay
2020-03-13,1096.0,-3991.0,0.0,0,269.32,0.0,1,2.98,42.89,SPY200417P00310000,310.0,0,0.0,0.0,,0.0,normalDay
2020-03-16,1096.0,-6609.0,0.0,0,239.85,0.0,1,2.98,69.07,SPY200417P00310000,310.0,0,0.0,0.0,,0.0,normalDay
2020-03-17,1096.0,-5771.0,0.0,0,252.8,0.0,1,2.98,60.69,SPY200417P00310000,310.0,0,0.0,0.0,,0.0,normalDay
2020-03-18,1096.0,-6857.0,0.0,0,240.0,0.0,1,2.98,71.55,SPY200417P00310000,310.0,0,0.0,0.0,,0.0,normalDay
2020-03-19,1096.0,-6864.0,0.0,0,240.51,0.0,1,2.98,71.62,SPY200417P00310000,310.0,0,0.0,0.0,,0.0,normalDay
2020-03-20,1096.0,-7817.0,0.0,0,228.8,0.0,1,2.98,81.15,SPY200417P00310000,310.0,0,0.0,0.0,,0.0,normalDay
2020-03-23,1096.0,-8614.0,0.0,0,222.95,0.0,1,2.98,89.12,SPY200417P00310000,310.0,0,0.0,0.0,,0.0,normalDay
2020-03-24,1096.0,-6500.0,0.0,0,243.15,0.0,1,2.98,67.98,SPY200417P00310000,310.0,0,0.0,0.0,,0.0,normalDay
2020-03-25,1096.0,-6032.0,0.0,0,246.79,0.0,1,2.98,63.3,SPY200417P00310000,310.0,0,0.0,0.0,,0.0,normalDay
2020-03-26,1096.0,-4680.0,0.0,0,261.2,0.0,1,2.98,49.78,SPY200417P00310000,310.0,0,0.0,0.0,,0.0,normalDay
2020-03-27,1096.0,-5456.0,0.0,0,253.42,0.0,1,2.98,57.54,SPY200417P00310000,310.0,0,0.0,0.0,,0.0,normalDay
2020-03-30,1096.0,-4658.0,0.0,0,261.65,0.0,1,2.98,49.56,SPY200417P00310000,310.0,0,0.0,0.0,,0.0,normalDay
2020-03-31,1096.0,-5058.0,0.0,0,257.75,0.0,1,2.98,53.56,SPY200417P00310000,310.0,0,0.0,0.0,,0.0,normalDay
2020-04-01,1096.0,-6138.0,0.0,0,246.15,0.0,1,2.98,64.36,SPY200417P00310000,310.0,0,0.0,0.0,,0.0,normalDay
2020-04-02,1096.0,-5474.0,0.0,0,251.83,0.0,1,2.98,57.72,SPY200417P00310000,310.0,0,0.0,0.0,,0.0,normalDay
2020-04-03,1096.0,-5879.0,0.0,0,248.19,0.0,1,2.98,61.77,SPY200417P00310000,310.0,0,0.0,0.0,,0.0,normalDay
2020-04-06,1096.0,-4212.0,0.0,0,264.86,0.0,1,2.98,45.1,SPY200417P00310000,310.0,0,0.0,0.0,,0.0,normalDay
2020-04-07,1096.0,-4309.0,0.0,0,265.13,0.0,1,2.98,46.07,SPY200417P00310000,310.0,0,0.0,0.0,,0.0,normalDay
2020-04-08,1096.0,-3325.0,0.0,0,274.03,0.0,1,2.98,36.23,SPY200417P00310000,310.0,0,0.0,0.0,,0.0,normalDay
2020-04-09,1096.0,-2915.0,0.0,0,278.2,0.0,1,2.98,32.13,SPY200417P00310000,310.0,0,0.0,0.0,,0.0,normalDay
2020-04-13,1096.0,-3165.0,0.0,0,275.66,0.0,1,2.98,34.63,SPY200417P00310000,310.0,0,0.0,0.0,,0.0,normalDay
2020-04-14,1096.0,-2315.0,0.0,0,283.79,0.0,1,2.98,26.13,SPY200417P00310000,310.0,0,0.0,0.0,,0.0,normalDay
2020-04-15,1096.0,-2948.0,0.0,0,277.76,0.0,1,2.98,32.46,SPY200417P00310000,310.0,0,0.0,0.0,,0.0,normalDay
2020-04-16,1096.0,-2795.0,0.0,0,279.1,0.0,1,2.98,30.93,SPY200417P00310000,310.0,0,0.0,0.0,,0.0,normalDay
2020-04-17,1394.0,-2336.0,298.0,100,286.64,310.0,1,2.98,0.0,SPY200417P00310000,310.0,0,0.0,0.0,,0.0,expirationDay
2020-04-20,1394.0,-2888.0,0.0,100,281.59,310.0,0,0.0,0.0,,0.0,1,19.72,20.19,SPY200821C00285000,285.0,normalDay
2020-04-21,1394.0,-3358.0,0.0,100,273.04,310.0,0,0.0,0.0,,0.0,1,19.72,16.34,SPY200821C00285000,285.0,normalDay
2020-04-22,1394.0,-2942.0,0.0,100,279.1,310.0,0,0.0,0.0,,0.0,1,19.72,18.24,SPY200821C00285000,285.0,normalDay
2020-04-23,1394.0,-2929.0,0.0,100,279.08,310.0,0,0.0,0.0,,0.0,1,19.72,18.09,SPY200821C00285000,285.0,normalDay
2020-04-24,1394.0,-2637.0,0.0,100,282.97,310.0,0,0.0,0.0,,0.0,1,19.72,19.06,SPY200821C00285000,285.0,normalDay
2020-04-27,1394.0,-2333.0,0.0,100,287.05,310.0,0,0.0,0.0,,0.0,1,19.72,20.1,SPY200821C00285000,285.0,normalDay
2020-04-28,1394.0,-2389.0,0.0,100,285.73,310.0,0,0.0,0.0,,0.0,1,19.72,19.34,SPY200821C00285000,285.0,normalDay
2020-04-29,1394.0,-2010.0,0.0,100,293.21,310.0,0,0.0,0.0,,0.0,1,19.72,23.03,SPY200821C00285000,285.0,normalDay
2020-04-30,1394.0,-2096.0,0.0,100,290.48,310.0,0,0.0,0.0,,0.0,1,19.72,21.16,SPY200821C00285000,285.0,normalDay
2020-05-01,1394.0,-2534.0,0.0,100,282.79,310.0,0,0.0,0.0,,0.0,1,19.72,17.85,SPY200821C00285000,285.0,normalDay
2020-05-04,1394.0,-2414.0,0.0,100,283.57,310.0,0,0.0,0.0,,0.0,1,19.72,17.43,SPY200821C00285000,285.0,normalDay
2020-05-05,1394.0,-2271.0,0.0,100,286.19,310.0,0,0.0,0.0,,0.0,1,19.72,18.62,SPY200821C00285000,285.0,normalDay
2020-05-06,1394.0,-2329.0,0.0,100,284.25,310.0,0,0.0,0.0,,0.0,1,19.72,17.26,SPY200821C00285000,285.0,normalDay
2020-05-07,1394.0,-2178.0,0.0,100,287.68,310.0,0,0.0,0.0,,0.0,1,19.72,19.18,SPY200821C00285000,285.0,normalDay
2020-05-08,1394.0,-1891.0,0.0,100,292.44,310.0,0,0.0,0.0,,0.0,1,19.72,21.07,SPY200821C00285000,285.0,normalDay
2020-05-11,1394.0,-1750.0,0.0,100,292.5,310.0,0,0.0,0.0,,0.0,1,19.72,19.72,SPY200821C00285000,285.0,normalDay
2020-05-12,1394.0,-2048.0,0.0,100,286.67,310.0,0,0.0,0.0,,0.0,1,19.72,16.87,SPY200821C00285000,285.0,normalDay
2020-05-13,1394.0,-2410.0,0.0,100,281.6,310.0,0,0.0,0.0,,0.0,1,19.72,15.42,SPY200821C00285000,285.0,normalDay
2020-05-14,1394.0,-2181.0,0.0,100,284.97,310.0,0,0.0,0.0,,0.0,1,19.72,16.5,SPY200821C00285000,285.0,normalDay
2020-05-15,1394.0,-2033.0,0.0,100,286.28,310.0,0,0.0,0.0,,0.0,1,19.72,16.33,SPY200821C00285000,285.0,normalDay
2020-05-18,1394.0,-1652.0,0.0,100,295.0,310.0,0,0.0,0.0,,0.0,1,19.72,21.24,SPY200821C00285000,285.0,normalDay
2020-05-19,1394.0,-1795.0,0.0,100,291.97,310.0,0,0.0,0.0,,0.0,1,19.72,19.64,SPY200821C00285000,285.0,normalDay
2020-05-20,1394.0,-1586.0,0.0,100,296.93,310.0,0,0.0,0.0,,0.0,1,19.72,22.51,SPY200821C00285000,285.0,normalDay
2020-05-21,1394.0,-1648.0,0.0,100,294.88,310.0,0,0.0,0.0,,0.0,1,19.72,21.08,SPY200821C00285000,285.0,normalDay
2020-05-22,1394.0,-1627.0,0.0,100,295.44,310.0,0,0.0,0.0,,0.0,1,19.72,21.43,SPY200821C00285000,285.0,normalDay
2020-05-26,1394.0,-1469.0,0.0,100,299.08,310.0,0,0.0,0.0,,0.0,1,19.72,23.49,SPY200821C00285000,285.0,normalDay
2020-05-27,1394.0,-1313.0,0.0,100,303.53,310.0,0,0.0,0.0,,0.0,1,19.72,26.38,SPY200821C00285000,285.0,normalDay
2020-05-28,1394.0,-1411.0,0.0,100,302.97,310.0,0,0.0,0.0,,0.0,1,19.72,26.8,SPY200821C00285000,285.0,normalDay
2020-05-29,1394.0,-1340.0,0.0,100,304.32,310.0,0,0.0,0.0,,0.0,1,19.72,27.44,SPY200821C00285000,285.0,normalDay
2020-06-01,1394.0,-1239.0,0.0,100,305.55,310.0,0,0.0,0.0,,0.0,1,19.72,27.66,SPY200821C00285000,285.0,normalDay
2020-06-02,1394.0,-1134.0,0.0,100,308.08,310.0,0,0.0,0.0,,0.0,1,19.72,29.14,SPY200821C00285000,285.0,normalDay
2020-06-03,1394.0,-1040.0,0.0,100,312.18,310.0,0,0.0,0.0,,0.0,1,19.72,32.3,SPY200821C00285000,285.0,normalDay
2020-06-04,1394.0,-1053.0,0.0,100,311.36,310.0,0,0.0,0.0,,0.0,1,19.72,31.61,SPY200821C00285000,285.0,normalDay
2020-06-05,1394.0,-878.0,0.0,100,319.34,310.0,0,0.0,0.0,,0.0,1,19.72,37.84,SPY200821C00285000,285.0,normalDay
2020-06-08,1394.0,-796.0,0.0,100,323.2,310.0,0,0.0,0.0,,0.0,1,19.72,40.88,SPY200821C00285000,285.0,normalDay
2020-06-09,1394.0,-978.0,0.0,100,320.79,310.0,0,0.0,0.0,,0.0,1,19.72,40.29,SPY200821C00285000,285.0,normalDay
2020-06-10,1394.0,-903.0,0.0,100,319.0,310.0,0,0.0,0.0,,0.0,1,19.72,37.75,SPY200821C00285000,285.0,normalDay
2020-06-11,1394.0,-1712.0,0.0,100,300.61,310.0,0,0.0,0.0,,0.0,1,19.72,27.45,SPY200821C00285000,285.0,normalDay
2020-06-12,1394.0,-1428.0,0.0,100,304.21,310.0,0,0.0,0.0,,0.0,1,19.72,28.21,SPY200821C00285000,285.0,normalDay
2020-06-15,1394.0,-1335.0,0.0,100,307.05,310.0,0,0.0,0.0,,0.0,1,19.72,30.12,SPY200821C00285000,285.0,normalDay
2020-06-16,1394.0,-1165.0,0.0,100,312.96,310.0,0,0.0,0.0,,0.0,1,19.72,34.33,SPY200821C00285000,285.0,normalDay
2020-06-17,1394.0,-1215.0,0.0,100,311.66,310.0,0,0.0,0.0,,0.0,1,19.72,33.53,SPY200821C00285000,285.0,normalDay
2020-06-18,1394.0,-1153.0,0.0,100,311.78,310.0,0,0.0,0.0,,0.0,1,19.72,33.03,SPY200821C00285000,285.0,normalDay
2020-06-19,1394.0,-1238.0,0.0,100,308.64,310.0,0,0.0,0.0,,0.0,1,19.72,30.74,SPY200821C00285000,285.0,normalDay
2020-06-22,1394.0,-1218.0,0.0,100,310.62,310.0,0,0.0,0.0,,0.0,1,19.72,32.52,SPY200821C00285000,285.0,normalDay
2020-06-23,1394.0,-1144.0,0.0,100,312.05,310.0,0,0.0,0.0,,0.0,1,19.72,33.21,SPY200821C00285000,285.0,normalDay
2020-06-24,1394.0,-1405.0,0.0,100,304.09,310.0,0,0.0,0.0,,0.0,1,19.72,27.86,SPY200821C00285000,285.0,normalDay
2020-06-25,1394.0,-1252.0,0.0,100,307.35,310.0,0,0.0,0.0,,0.0,1,19.72,29.59,SPY200821C00285000,285.0,normalDay
2020-06-26,1394.0,-1520.0,0.0,100,300.05,310.0,0,0.0,0.0,,0.0,1,19.72,24.97,SPY200821C00285000,285.0,normalDay
2020-06-29,1394.0,-1243.0,0.0,100,304.46,310.0,0,0.0,0.0,,0.0,1,19.72,26.61,SPY200821C00285000,285.0,normalDay
2020-06-30,1394.0,-1083.0,0.0,100,308.36,310.0,0,0.0,0.0,,0.0,1,19.72,28.91,SPY200821C00285000,285.0,normalDay
2020-07-01,1394.0,-1009.0,0.0,100,310.52,310.0,0,0.0,0.0,,0.0,1,19.72,30.33,SPY200821C00285000,285.0,normalDay
2020-07-02,1394.0,-995.0,0.0,100,312.23,310.0,0,0.0,0.0,,0.0,1,19.72,31.9,SPY200821C00285000,285.0,normalDay
2020-07-06,1394.0,-866.0,0.0,100,317.05,310.0,0,0.0,0.0,,0.0,1,19.72,35.43,SPY200821C00285000,285.0,normalDay
2020-07-07,1394.0,-929.0,0.0,100,313.78,310.0,0,0.0,0.0,,0.0,1,19.72,32.79,SPY200821C00285000,285.0,normalDay
2020-07-08,1394.0,-877.0,0.0,100,316.18,310.0,0,0.0,0.0,,0.0,1,19.72,34.67,SPY200821C00285000,285.0,normalDay
2020-07-09,1394.0,-903.0,0.0,100,314.38,310.0,0,0.0,0.0,,0.0,1,19.72,33.13,SPY200821C00285000,285.0,normalDay
2020-07-10,1394.0,-849.0,0.0,100,317.59,310.0,0,0.0,0.0,,0.0,1,19.72,35.8,SPY200821C00285000,285.0,normalDay
2020-07-13,1394.0,-903.0,0.0,100,314.84,310.0,0,0.0,0.0,,0.0,1,19.72,33.59,SPY200821C00285000,285.0,normalDay
2020-07-14,1394.0,-780.0,0.0,100,318.92,310.0,0,0.0,0.0,,0.0,1,19.72,36.44,SPY200821C00285000,285.0,normalDay
2020-07-15,1394.0,-746.0,0.0,100,321.85,310.0,0,0.0,0.0,,0.0,1,19.72,39.03,SPY200821C00285000,285.0,normalDay
2020-07-16,1394.0,-647.0,0.0,100,320.79,310.0,0,0.0,0.0,,0.0,1,19.72,36.98,SPY200821C00285000,285.0,normalDay
2020-07-17,1394.0,-715.0,0.0,100,321.72,310.0,0,0.0,0.0,,0.0,1,19.72,38.59,SPY200821C00285000,285.0,normalDay
2020-07-20,1394.0,-670.0,0.0,100,324.32,310.0,0,0.0,0.0,,0.0,1,19.72,40.74,SPY200821C00285000,285.0,normalDay
2020-07-21,1394.0,-675.0,0.0,100,325.01,310.0,0,0.0,0.0,,0.0,1,19.72,41.48,SPY200821C00285000,285.0,normalDay
2020-07-22,1394.0,-617.0,0.0,100,326.86,310.0,0,0.0,0.0,,0.0,1,19.72,42.75,SPY200821C00285000,285.0,normalDay
2020-07-23,1394.0,-601.0,0.0,100,322.96,310.0,0,0.0,0.0,,0.0,1,19.72,38.69,SPY200821C00285000,285.0,normalDay
2020-07-24,1394.0,-656.0,0.0,100,320.88,310.0,0,0.0,0.0,,0.0,1,19.72,37.16,SPY200821C00285000,285.0,normalDay
2020-07-27,1394.0,-619.0,0.0,100,323.22,310.0,0,0.0,0.0,,0.0,1,19.72,39.13,SPY200821C00285000,285.0,normalDay
2020-07-28,1394.0,-616.0,0.0,100,321.17,310.0,0,0.0,0.0,,0.0,1,19.72,37.05,SPY200821C00285000,285.0,normalDay
2020-07-29,1394.0,-583.0,0.0,100,325.12,310.0,0,0.0,0.0,,0.0,1,19.72,40.67,SPY200821C00285000,285.0,normalDay
2020-07-30,1394.0,-627.0,0.0,100,323.96,310.0,0,0.0,0.0,,0.0,1,19.72,39.95,SPY200821C00285000,285.0,normalDay
2020-07-31,1394.0,-601.0,0.0,100,326.52,310.0,0,0.0,0.0,,0.0,1,19.72,42.25,SPY200821C00285000,285.0,normalDay
2020-08-03,1394.0,-553.0,0.0,100,328.79,310.0,0,0.0,0.0,,0.0,1,19.72,44.04,SPY200821C00285000,285.0,normalDay
2020-08-04,1394.0,-545.0,0.0,100,330.06,310.0,0,0.0,0.0,,0.0,1,19.72,45.23,SPY200821C00285000,285.0,normalDay
2020-08-05,1394.0,-541.0,0.0,100,332.11,310.0,0,0.0,0.0,,0.0,1,19.72,47.24,SPY200821C00285000,285.0,normalDay
2020-08-06,1394.0,-563.0,0.0,100,334.33,310.0,0,0.0,0.0,,0.0,1,19.72,49.68,SPY200821C00285000,285.0,normalDay
2020-08-07,1394.0,-543.0,0.0,100,334.57,310.0,0,0.0,0.0,,0.0,1,19.72,49.72,SPY200821C00285000,285.0,normalDay
2020-08-10,1394.0,-518.0,0.0,100,335.57,310.0,0,0.0,0.0,,0.0,1,19.72,50.47,SPY200821C00285000,285.0,normalDay
2020-08-11,1394.0,-534.0,0.0,100,332.8,310.0,0,0.0,0.0,,0.0,1,19.72,47.86,SPY200821C00285000,285.0,normalDay
2020-08-12,1394.0,-521.0,0.0,100,337.44,310.0,0,0.0,0.0,,0.0,1,19.72,52.37,SPY200821C00285000,285.0,normalDay
2020-08-13,1394.0,-512.0,0.0,100,336.83,310.0,0,0.0,0.0,,0.0,1,19.72,51.67,SPY200821C00285000,285.0,normalDay
2020-08-14,1394.0,-515.0,0.0,100,336.84,310.0,0,0.0,0.0,,0.0,1,19.72,51.71,SPY200821C00285000,285.0,normalDay
2020-08-17,1394.0,-529.0,0.0,100,337.91,310.0,0,0.0,0.0,,0.0,1,19.72,52.92,SPY200821C00285000,285.0,normalDay
2020-08-18,1394.0,-534.0,0.0,100,338.64,310.0,0,0.0,0.0,,0.0,1,19.72,53.7,SPY200821C00285000,285.0,normalDay
2020-08-19,1394.0,-534.0,0.0,100,337.23,310.0,0,0.0,0.0,,0.0,1,19.72,52.29,SPY200821C00285000,285.0,normalDay
2020-08-20,1394.0,-514.0,0.0,100,338.28,310.0,0,0.0,0.0,,0.0,1,19.72,53.14,SPY200821C00285000,285.0,normalDay
2020-08-21,866.0,-514.0,-528.0,0,339.48,0.0,0,0.0,0.0,,0.0,1,19.72,0.0,SPY200821C00285000,285.0,expirationDay
2020-08-24,866.0,-3.0,0.0,0,342.92,0.0,1,3.34,3.37,SPY201016P00310000,310.0,0,0.0,0.0,,0.0,normalDay
2020-08-25,866.0,27.0,0.0,0,344.12,0.0,1,3.34,3.07,SPY201016P00310000,310.0,0,0.0,0.0,,0.0,normalDay
2020-08-26,866.0,42.0,0.0,0,347.57,0.0,1,3.34,2.92,SPY201016P00310000,310.0,0,0.0,0.0,,0.0,normalDay
2020-08-27,866.0,35.0,0.0,0,348.33,0.0,1,3.34,2.99,SPY201016P00310000,310.0,0,0.0,0.0,,0.0,normalDay
2020-08-28,866.0,80.0,0.0,0,350.58,0.0,1,3.34,2.54,SPY201016P00310000,310.0,0,0.0,0.0,,0.0,normalDay
2020-08-31,866.0,34.0,0.0,0,349.31,0.0,1,3.34,3.0,SPY201016P00310000,310.0,0,0.0,0.0,,0.0,normalDay
2020-09-01,866.0,60.0,0.0,0,352.6,0.0,1,3.34,2.74,SPY201016P00310000,310.0,0,0.0,0.0,,0.0,normalDay
2020-09-02,866.0,104.0,0.0,0,357.7,0.0,1,3.34,2.3,SPY201016P00310000,310.0,0,0.0,0.0,,0.0,normalDay
2020-09-03,866.0,-99.0,0.0,0,345.39,0.0,1,3.34,4.33,SPY201016P00310000,310.0,0,0.0,0.0,,0.0,normalDay
2020-09-04,866.0,-77.0,0.0,0,342.57,0.0,1,3.34,4.11,SPY201016P00310000,310.0,0,0.0,0.0,,0.0,normalDay
2020-09-08,866.0,-169.0,0.0,0,333.21,0.0,1,3.34,5.03,SPY201016P00310000,310.0,0,0.0,0.0,,0.0,normalDay
2020-09-09,866.0,-15.0,0.0,0,339.79,0.0,1,3.34,3.49,SPY201016P00310000,310.0,0,0.0,0.0,,0.0,normalDay
2020-09-10,866.0,-89.0,0.0,0,333.89,0.0,1,3.34,4.23,SPY201016P00310000,310.0,0,0.0,0.0,,0.0,normalDay
2020-09-11,866.0,-38.0,0.0,0,334.06,0.0,1,3.34,3.72,SPY201016P00310000,310.0,0,0.0,0.0,,0.0,normalDay
2020-09-14,866.0,90.0,0.0,0,338.46,0.0,1,3.34,2.44,SPY201016P00310000,310.0,0,0.0,0.0,,0.0,normalDay
2020-09-15,866.0,113.0,0.0,0,340.17,0.0,1,3.34,2.21,SPY201016P00310000,310.0,0,0.0,0.0,,0.0,normalDay
2020-09-16,866.0,98.0,0.0,0,338.82,0.0,1,3.34,2.36,SPY201016P00310000,310.0,0,0.0,0.0,,0.0,normalDay
2020-09-17,866.0,82.0,0.0,0,335.84,0.0,1,3.34,2.52,SPY201016P00310000,310.0,0,0.0,0.0,,0.0,normalDay
2020-09-18,866.0,63.0,0.0,0,330.65,0.0,1,3.34,2.71,SPY201016P00310000,310.0,0,0.0,0.0,,0.0,normalDay
2020-09-21,866.0,8.0,0.0,0,326.97,0.0,1,3.34,3.26,SPY201016P00310000,310.0,0,0.0,0.0,,0.0,normalDay
2020-09-22,866.0,78.0,0.0,0,330.3,0.0,1,3.34,2.56,SPY201016P00310000,310.0,0,0.0,0.0,,0.0,normalDay
2020-09-23,866.0,-81.0,0.0,0,322.64,0.0,1,3.34,4.15,SPY201016P00310000,310.0,0,0.0,0.0,,0.0,normalDay
2020-09-24,866.0,-32.0,0.0,0,323.5,0.0,1,3.34,3.66,SPY201016P00310000,310.0,0,0.0,0.0,,0.0,normalDay
2020-09-25,866.0,108.0,0.0,0,328.73,0.0,1,3.34,2.26,SPY201016P00310000,310.0,0,0.0,0.0,,0.0,normalDay
2020-09-28,866.0,201.0,0.0,0,334.19,0.0,1,3.34,1.33,SPY201016P00310000,310.0,0,0.0,0.0,,0.0,normalDay
2020-09-29,866.0,190.0,0.0,0,332.37,0.0,1,3.34,1.44,SPY201016P00310000,310.0,0,0.0,0.0,,0.0,normalDay
2020-09-30,866.0,207.0,0.0,0,334.89,0.0,1,3.34,1.27,SPY201016P00310000,310.0,0,0.0,0.0,,0.0,normalDay
2020-10-01,866.0,245.0,0.0,0,337.04,0.0,1,3.34,0.89,SPY201016P00310000,310.0,0,0.0,0.0,,0.0,normalDay
2020-10-02,866.0,239.0,0.0,0,333.84,0.0,1,3.34,0.95,SPY201016P00310000,310.0,0,0.0,0.0,,0.0,normalDay
2020-10-05,866.0,300.0,0.0,0,339.76,0.0,1,3.34,0.34,SPY201016P00310000,310.0,0,0.0,0.0,,0.0,normalDay
2020-10-06,866.0,275.0,0.0,0,334.93,0.0,1,3.34,0.59,SPY201016P00310000,310.0,0,0.0,0.0,,0.0,normalDay
2020-10-07,866.0,314.0,0.0,0,340.76,0.0,1,3.34,0.2,SPY201016P00310000,310.0,0,0.0,0.0,,0.0,normalDay
2020-10-08,866.0,322.0,0.0,0,343.78,0.0,1,3.34,0.12,SPY201016P00310000,310.0,0,0.0,0.0,,0.0,normalDay
2020-10-09,866.0,328.0,0.0,0,346.85,0.0,1,3.34,0.06,SPY201016P00310000,310.0,0,0.0,0.0,,0.0,normalDay
2020-10-12,866.0,330.0,0.0,0,352.43,0.0,1,3.34,0.04,SPY201016P00310000,310.0,0,0.0,0.0,,0.0,normalDay
2020-10-13,866.0,331.0,0.0,0,350.13,0.0,1,3.34,0.03,SPY201016P00310000,310.0,0,0.0,0.0,,0.0,normalDay
2020-10-14,866.0,332.0,0.0,0,347.93,0.0,1,3.34,0.02,SPY201016P00310000,310.0,0,0.0,0.0,,0.0,normalDay
2020-10-15,866.0,333.0,0.0,0,347.5,0.0,1,3.34,0.01,SPY201016P00310000,310.0,0,0.0,0.0,,0.0,normalDay
2020-10-16,1200.0,0.0,334.0,0,347.29,0.0,1,3.34,0.0,SPY201016P00310000,310.0,0,0.0,0.0,,0.0,expirationDay
2020-10-19,1200.0,-6.0,0.0,0,342.01,0.0,1,5.62,5.68,SPY201231P00303000,303.0,0,0.0,0.0,,0.0,normalDay
2020-10-20,1200.0,10.0,0.0,0,343.38,0.0,1,5.62,5.52,SPY201231P00303000,303.0,0,0.0,0.0,,0.0,normalDay
2020-10-21,1200.0,49.0,0.0,0,342.73,0.0,1,5.62,5.13,SPY201231P00303000,303.0,0,0.0,0.0,,0.0,normalDay
2020-10-22,1200.0,81.0,0.0,0,344.61,0.0,1,5.62,4.81,SPY201231P00303000,303.0,0,0.0,0.0,,0.0,normalDay
2020-10-23,1200.0,106.0,0.0,0,345.78,0.0,1,5.62,4.56,SPY201231P00303000,303.0,0,0.0,0.0,,0.0,normalDay
2020-10-26,1200.0,-60.0,0.0,0,339.39,0.0,1,5.62,6.22,SPY201231P00303000,303.0,0,0.0,0.0,,0.0,normalDay
2020-10-27,1200.0,-84.0,0.0,0,338.22,0.0,1,5.62,6.46,SPY201231P00303000,303.0,0,0.0,0.0,,0.0,normalDay
2020-10-28,1200.0,-515.0,0.0,0,326.66,0.0,1,5.62,10.77,SPY201231P00303000,303.0,0,0.0,0.0,,0.0,normalDay
2020-10-29,1200.0,-295.0,0.0,0,329.98,0.0,1,5.62,8.57,SPY201231P00303000,303.0,0,0.0,0.0,,0.0,normalDay
2020-10-30,1200.0,-392.0,0.0,0,326.54,0.0,1,5.62,9.54,SPY201231P00303000,303.0,0,0.0,0.0,,0.0,normalDay
2020-11-02,1200.0,-238.0,0.0,0,330.2,0.0,1,5.62,8.0,SPY201231P00303000,303.0,0,0.0,0.0,,0.0,normalDay
2020-11-03,1200.0,-89.0,0.0,0,336.03,0.0,1,5.62,6.51,SPY201231P00303000,303.0,0,0.0,0.0,,0.0,normalDay
2020-11-04,1200.0,144.0,0.0,0,343.54,0.0,1,5.62,4.18,SPY201231P00303000,303.0,0,0.0,0.0,,0.0,normalDay
2020-11-05,1200.0,235.0,0.0,0,350.24,0.0,1,5.62,3.27,SPY201231P00303000,303.0,0,0.0,0.0,,0.0,normalDay
2020-11-06,1200.0,300.0,0.0,0,350.16,0.0,1,5.62,2.62,SPY201231P00303000,303.0,0,0.0,0.0,,0.0,normalDay
2020-11-09,1200.0,354.0,0.0,0,354.56,0.0,1,5.62,2.08,SPY201231P00303000,303.0,0,0.0,0.0,,0.0,normalDay
2020-11-10,1200.0,368.0,0.0,0,354.04,0.0,1,5.62,1.94,SPY201231P00303000,303.0,0,0.0,0.0,,0.0,normalDay
2020-11-11,1200.0,400.0,0.0,0,356.67,0.0,1,5.62,1.62,SPY201231P00303000,303.0,0,0.0,0.0,,0.0,normalDay
2020-11-12,1200.0,358.0,0.0,0,353.21,0.0,1,5.62,2.04,SPY201231P00303000,303.0,0,0.0,0.0,,0.0,normalDay
2020-11-13,1200.0,417.0,0.0,0,358.1,0.0,1,5.62,1.45,SPY201231P00303000,303.0,0,0.0,0.0,,0.0,normalDay
2020-11-16,1200.0,452.0,0.0,0,362.57,0.0,1,5.62,1.1,SPY201231P00303000,303.0,0,0.0,0.0,,0.0,normalDay
2020-11-17,1200.0,453.0,0.0,0,360.62,0.0,1,5.62,1.09,SPY201231P00303000,303.0,0,0.0,0.0,,0.0,normalDay
2020-11-18,1200.0,431.0,0.0,0,356.28,0.0,1,5.62,1.31,SPY201231P00303000,303.0,0,0.0,0.0,,0.0,normalDay
2020-11-19,1200.0,452.0,0.0,0,357.78,0.0,1,5.62,1.1,SPY201231P00303000,303.0,0,0.0,0.0,,0.0,normalDay
2020-11-20,1200.0,444.0,0.0,0,355.33,0.0,1,5.62,1.18,SPY201231P00303000,303.0,0,0.0,0.0,,0.0,normalDay
2020-11-23,1200.0,469.0,0.0,0,357.46,0.0,1,5.62,0.93,SPY201231P00303000,303.0,0,0.0,0.0,,0.0,normalDay
2020-11-24,1200.0,493.0,0.0,0,363.22,0.0,1,5.62,0.69,SPY201231P00303000,303.0,0,0.0,0.0,,0.0,normalDay
2020-11-25,1200.0,499.0,0.0,0,362.66,0.0,1,5.62,0.63,SPY201231P00303000,303.0,0,0.0,0.0,,0.0,normalDay
2020-11-27,1200.0,510.0,0.0,0,363.67,0.0,1,5.62,0.52,SPY201231P00303000,303.0,0,0.0,0.0,,0.0,normalDay
2020-11-30,1200.0,518.0,0.0,0,362.06,0.0,1,5.62,0.44,SPY201231P00303000,303.0,0,0.0,0.0,,0.0,normalDay
2020-12-01,1200.0,520.0,0.0,0,366.02,0.0,1,5.62,0.42,SPY201231P00303000,303.0,0,0.0,0.0,,0.0,normalDay
2020-12-02,1200.0,520.0,0.0,0,366.79,0.0,1,5.62,0.42,SPY201231P00303000,303.0,0,0.0,0.0,,0.0,normalDay
2020-12-03,1200.0,520.0,0.0,0,366.69,0.0,1,5.62,0.42,SPY201231P00303000,303.0,0,0.0,0.0,,0.0,normalDay
2020-12-04,1200.0,531.0,0.0,0,369.85,0.0,1,5.62,0.31,SPY201231P00303000,303.0,0,0.0,0.0,,0.0,normalDay
2020-12-07,1200.0,536.0,0.0,0,369.09,0.0,1,5.62,0.26,SPY201231P00303000,303.0,0,0.0,0.0,,0.0,normalDay
2020-12-08,1200.0,541.0,0.0,0,370.17,0.0,1,5.62,0.21,SPY201231P00303000,303.0,0,0.0,0.0,,0.0,normalDay
2020-12-09,1200.0,535.0,0.0,0,366.85,0.0,1,5.62,0.27,SPY201231P00303000,303.0,0,0.0,0.0,,0.0,normalDay
2020-12-10,1200.0,535.0,0.0,0,366.73,0.0,1,5.62,0.27,SPY201231P00303000,303.0,0,0.0,0.0,,0.0,normalDay
2020-12-11,1200.0,533.0,0.0,0,366.3,0.0,1,5.62,0.29,SPY201231P00303000,303.0,0,0.0,0.0,,0.0,normalDay
2020-12-14,1200.0,527.0,0.0,0,364.66,0.0,1,5.62,0.35,SPY201231P00303000,303.0,0,0.0,0.0,,0.0,normalDay
2020-12-15,1200.0,541.0,0.0,0,369.59,0.0,1,5.62,0.21,SPY201231P00303000,303.0,0,0.0,0.0,,0.0,normalDay
2020-12-16,1200.0,545.0,0.0,0,370.17,0.0,1,5.62,0.17,SPY201231P00303000,303.0,0,0.0,0.0,,0.0,normalDay
2020-12-17,1200.0,548.0,0.0,0,372.24,0.0,1,5.62,0.14,SPY201231P00303000,303.0,0,0.0,0.0,,0.0,normalDay
2020-12-18,1200.0,553.0,0.0,0,369.18,0.0,1,5.62,0.09,SPY201231P00303000,303.0,0,0.0,0.0,,0.0,normalDay
2020-12-21,1200.0,553.0,0.0,0,367.86,0.0,1,5.62,0.09,SPY201231P00303000,303.0,0,0.0,0.0,,0.0,normalDay
2020-12-22,1200.0,556.0,0.0,0,367.24,0.0,1,5.62,0.06,SPY201231P00303000,303.0,0,0.0,0.0,,0.0,normalDay
2020-12-23,1200.0,557.0,0.0,0,367.57,0.0,1,5.62,0.05,SPY201231P00303000,303.0,0,0.0,0.0,,0.0,normalDay
2020-12-24,1200.0,560.0,0.0,0,369.0,0.0,1,5.62,0.02,SPY201231P00303000,303.0,0,0.0,0.0,,0.0,normalDay
2020-12-28,1200.0,561.0,0.0,0,372.17,0.0,1,5.62,0.01,SPY201231P00303000,303.0,0,0.0,0.0,,0.0,normalDay
2020-12-29,1200.0,561.0,0.0,0,371.46,0.0,1,5.62,0.01,SPY201231P00303000,303.0,0,0.0,0.0,,0.0,normalDay
2020-12-30,1200.0,561.0,0.0,0,371.99,0.0,1,5.62,0.01,SPY201231P00303000,303.0,0,0.0,0.0,,0.0,normalDay
2020-12-31,1762.0,0.0,562.0,0,373.88,0.0,1,5.62,0.0,SPY201231P00303000,303.0,0,0.0,0.0,,0.0,expirationDay
2021-01-04,1762.0,-10.0,0.0,0,368.79,0.0,1,12.75,12.85,SPY210331P00360000,360.0,0,0.0,0.0,,0.0,normalDay
2021-01-05,1762.0,118.0,0.0,0,371.33,0.0,1,12.75,11.57,SPY210331P00360000,360.0,0,0.0,0.0,,0.0,normalDay
2021-01-06,1762.0,176.0,0.0,0,373.55,0.0,1,12.75,10.99,SPY210331P00360000,360.0,0,0.0,0.0,,0.0,normalDay
2021-01-07,1762.0,406.0,0.0,0,379.1,0.0,1,12.75,8.69,SPY210331P00360000,360.0,0,0.0,0.0,,0.0,normalDay
2021-01-08,1762.0,477.0,0.0,0,381.26,0.0,1,12.75,7.98,SPY210331P00360000,360.0,0,0.0,0.0,,0.0,normalDay
2021-01-11,1762.0,359.0,0.0,0,378.69,0.0,1,12.75,9.16,SPY210331P00360000,360.0,0,0.0,0.0,,0.0,normalDay
2021-01-12,1762.0,394.0,0.0,0,378.77,0.0,1,12.75,8.81,SPY210331P00360000,360.0,0,0.0,0.0,,0.0,normalDay
2021-01-13,1762.0,462.0,0.0,0,379.79,0.0,1,12.75,8.13,SPY210331P00360000,360.0,0,0.0,0.0,,0.0,normalDay
2021-01-14,1762.0,410.0,0.0,0,378.46,0.0,1,12.75,8.65,SPY210331P00360000,360.0,0,0.0,0.0,,0.0,normalDay
2021-01-15,1762.0,293.0,0.0,0,375.7,0.0,1,12.75,9.82,SPY210331P00360000,360.0,0,0.0,0.0,,0.0,normalDay
2021-01-19,1762.0,441.0,0.0,0,378.65,0.0,1,12.75,8.34,SPY210331P00360000,360.0,0,0.0,0.0,,0.0,normalDay
2021-01-20,1762.0,598.0,0.0,0,383.89,0.0,1,12.75,6.77,SPY210331P00360000,360.0,0,0.0,0.0,,0.0,normalDay
2021-01-21,1762.0,620.0,0.0,0,384.24,0.0,1,12.75,6.55,SPY210331P00360000,360.0,0,0.0,0.0,,0.0,normalDay
2021-01-22,1762.0,588.0,0.0,0,382.88,0.0,1,12.75,6.87,SPY210331P00360000,360.0,0,0.0,0.0,,0.0,normalDay
2021-01-25,1762.0,597.0,0.0,0,384.39,0.0,1,12.75,6.78,SPY210331P00360000,360.0,0,0.0,0.0,,0.0,normalDay
2021-01-26,1762.0,602.0,0.0,0,383.79,0.0,1,12.75,6.73,SPY210331P00360000,360.0,0,0.0,0.0,,0.0,normalDay
2021-01-27,1762.0,74.0,0.0,0,374.41,0.0,1,12.75,12.01,SPY210331P00360000,360.0,0,0.0,0.0,,0.0,normalDay
2021-01-28,1762.0,285.0,0.0,0,377.63,0.0,1,12.75,9.9,SPY210331P00360000,360.0,0,0.0,0.0,,0.0,normalDay
2021-01-29,1762.0,-83.0,0.0,0,370.07,0.0,1,12.75,13.58,SPY210331P00360000,360.0,0,0.0,0.0,,0.0,normalDay
2021-02-01,1762.0,259.0,0.0,0,376.23,0.0,1,12.75,10.16,SPY210331P00360000,360.0,0,0.0,0.0,,0.0,normalDay
2021-02-02,1762.0,558.0,0.0,0,381.55,0.0,1,12.75,7.17,SPY210331P00360000,360.0,0,0.0,0.0,,0.0,normalDay
2021-02-03,1762.0,635.0,0.0,0,381.85,0.0,1,12.75,6.4,SPY210331P00360000,360.0,0,0.0,0.0,,0.0,normalDay
2021-02-04,1762.0,752.0,0.0,0,386.19,0.0,1,12.75,5.23,SPY210331P00360000,360.0,0,0.0,0.0,,0.0,normalDay
2021-02-05,1762.0,796.0,0.0,0,387.71,0.0,1,12.75,4.79,SPY210331P00360000,360.0,0,0.0,0.0,,0.0,normalDay
2021-02-08,1762.0,855.0,0.0,0,390.51,0.0,1,12.75,4.2,SPY210331P00360000,360.0,0,0.0,0.0,,0.0,normalDay
2021-02-09,1762.0,858.0,0.0,0,390.25,0.0,1,12.75,4.17,SPY210331P00360000,360.0,0,0.0,0.0,,0.0,normalDay
2021-02-10,1762.0,853.0,0.0,0,390.08,0.0,1,12.75,4.22,SPY210331P00360000,360.0,0,0.0,0.0,,0.0,normalDay
2021-02-11,1762.0,884.0,0.0,0,390.71,0.0,1,12.75,3.91,SPY210331P00360000,360.0,0,0.0,0.0,,0.0,normalDay
2021-02-12,1762.0,951.0,0.0,0,392.64,0.0,1,12.75,3.24,SPY210331P00360000,360.0,0,0.0,0.0,,0.0,normalDay
2021-02-16,1762.0,952.0,0.0,0,392.3,0.0,1,12.75,3.23,SPY210331P00360000,360.0,0,0.0,0.0,,0.0,normalDay
2021-02-17,1762.0,968.0,0.0,0,392.39,0.0,1,12.75,3.07,SPY210331P00360000,360.0,0,0.0,0.0,,0.0,normalDay
2021-02-18,1762.0,938.0,0.0,0,390.72,0.0,1,12.75,3.37,SPY210331P00360000,360.0,0,0.0,0.0,,0.0,normalDay
2021-02-19,1762.0,947.0,0.0,0,390.03,0.0,1,12.75,3.28,SPY210331P00360000,360.0,0,0.0,0.0,,0.0,normalDay
2021-02-22,1762.0,909.0,0.0,0,387.03,0.0,1,12.75,3.66,SPY210331P00360000,360.0,0,0.0,0.0,,0.0,normalDay
2021-02-23,1762.0,939.0,0.0,0,387.5,0.0,1,12.75,3.36,SPY210331P00360000,360.0,0,0.0,0.0,,0.0,normalDay
2021-02-24,1762.0,1034.0,0.0,0,391.77,0.0,1,12.75,2.41,SPY210331P00360000,360.0,0,0.0,0.0,,0.0,normalDay
2021-02-25,1762.0,773.0,0.0,0,382.33,0.0,1,12.75,5.02,SPY210331P00360000,360.0,0,0.0,0.0,,0.0,normalDay
2021-02-26,1762.0,770.0,0.0,0,380.36,0.0,1,12.75,5.05,SPY210331P00360000,360.0,0,0.0,0.0,,0.0,normalDay
2021-03-01,1762.0,1022.0,0.0,0,389.58,0.0,1,12.75,2.53,SPY210331P00360000,360.0,0,0.0,0.0,,0.0,normalDay
2021-03-02,1762.0,975.0,0.0,0,386.54,0.0,1,12.75,3.0,SPY210331P00360000,360.0,0,0.0,0.0,,0.0,normalDay
2021-03-03,1762.0,877.0,0.0,0,381.42,0.0,1,12.75,3.98,SPY210331P00360000,360.0,0,0.0,0.0,,0.0,normalDay
2021-03-04,1762.0,750.0,0.0,0,376.7,0.0,1,12.75,5.25,SPY210331P00360000,360.0,0,0.0,0.0,,0.0,normalDay
2021-03-05,1762.0,966.0,0.0,0,383.63,0.0,1,12.75,3.09,SPY210331P00360000,360.0,0,0.0,0.0,,0.0,normalDay
2021-03-08,1762.0,944.0,0.0,0,381.72,0.0,1,12.75,3.31,SPY210331P00360000,360.0,0,0.0,0.0,,0.0,normalDay
2021-03-09,1762.0,1055.0,0.0,0,387.17,0.0,1,12.75,2.2,SPY210331P00360000,360.0,0,0.0,0.0,,0.0,normalDay
2021-03-10,1762.0,1118.0,0.0,0,389.58,0.0,1,12.75,1.57,SPY210331P00360000,360.0,0,0.0,0.0,,0.0,normalDay
2021-03-11,1762.0,1158.0,0.0,0,393.53,0.0,1,12.75,1.17,SPY210331P00360000,360.0,0,0.0,0.0,,0.0,normalDay
2021-03-12,1762.0,1196.0,0.0,0,394.06,0.0,1,12.75,0.79,SPY210331P00360000,360.0,0,0.0,0.0,,0.0,normalDay
2021-03-15,1762.0,1223.0,0.0,0,396.41,0.0,1,12.75,0.52,SPY210331P00360000,360.0,0,0.0,0.0,,0.0,normalDay
2021-03-16,1762.0,1223.0,0.0,0,395.91,0.0,1,12.75,0.52,SPY210331P00360000,360.0,0,0.0,0.0,,0.0,normalDay
2021-03-17,1762.0,1241.0,0.0,0,397.26,0.0,1,12.75,0.34,SPY210331P00360000,360.0,0,0.0,0.0,,0.0,normalDay
2021-03-18,1762.0,1216.0,0.0,0,391.48,0.0,1,12.75,0.59,SPY210331P00360000,360.0,0,0.0,0.0,,0.0,normalDay
2021-03-19,1762.0,1225.0,0.0,0,389.48,0.0,1,12.75,0.5,SPY210331P00360000,360.0,0,0.0,0.0,,0.0,normalDay
2021-03-22,1762.0,1259.0,0.0,0,392.59,0.0,1,12.75,0.16,SPY210331P00360000,360.0,0,0.0,0.0,,0.0,normalDay
2021-03-23,1762.0,1249.0,0.0,0,389.5,0.0,1,12.75,0.26,SPY210331P00360000,360.0,0,0.0,0.0,,0.0,normalDay
2021-03-24,1762.0,1251.0,0.0,0,387.52,0.0,1,12.75,0.24,SPY210331P00360000,360.0,0,0.0,0.0,,0.0,normalDay
2021-03-25,1762.0,1263.0,0.0,0,389.7,0.0,1,12.75,0.12,SPY210331P00360000,360.0,0,0.0,0.0,,0.0,normalDay
2021-03-26,1762.0,1270.0,0.0,0,395.98,0.0,1,12.75,0.05,SPY210331P00360000,360.0,0,0.0,0.0,,0.0,normalDay
2021-03-29,1762.0,1273.0,0.0,0,395.78,0.0,1,12.75,0.02,SPY210331P00360000,360.0,0,0.0,0.0,,0.0,normalDay
2021-03-30,1762.0,1274.0,0.0,0,394.73,0.0,1,12.75,0.01,SPY210331P00360000,360.0,0,0.0,0.0,,0.0,normalDay
2021-03-31,3037.0,0.0,1275.0,0,396.33,0.0,1,12.75,0.0,SPY210331P00360000,360.0,0,0.0,0.0,,0.0,expirationDay
2021-04-01,3037.0,-4.0,0.0,0,400.61,0.0,1,4.89,4.93,SPY210618P00372000,372.0,0,0.0,0.0,,0.0,normalDay
2021-04-05,3037.0,89.0,0.0,0,406.36,0.0,1,4.89,4.0,SPY210618P00372000,372.0,0,0.0,0.0,,0.0,normalDay
2021-04-06,3037.0,82.0,0.0,0,406.12,0.0,1,4.89,4.07,SPY210618P00372000,372.0,0,0.0,0.0,,0.0,normalDay
2021-04-07,3037.0,112.0,0.0,0,406.59,0.0,1,4.89,3.77,SPY210618P00372000,372.0,0,0.0,0.0,,0.0,normalDay
2021-04-08,3037.0,136.0,0.0,0,408.52,0.0,1,4.89,3.53,SPY210618P00372000,372.0,0,0.0,0.0,,0.0,normalDay
2021-04-09,3037.0,159.0,0.0,0,411.49,0.0,1,4.89,3.3,SPY210618P00372000,372.0,0,0.0,0.0,,0.0,normalDay
2021-04-12,3037.0,177.0,0.0,0,411.64,0.0,1,4.89,3.12,SPY210618P00372000,372.0,0,0.0,0.0,,0.0,normalDay
2021-04-13,3037.0,203.0,0.0,0,412.86,0.0,1,4.89,2.86,SPY210618P00372000,372.0,0,0.0,0.0,,0.0,normalDay
2021-04-14,3037.0,188.0,0.0,0,411.45,0.0,1,4.89,3.01,SPY210618P00372000,372.0,0,0.0,0.0,,0.0,normalDay
2021-04-15,3037.0,233.0,0.0,0,415.87,0.0,1,4.89,2.56,SPY210618P00372000,372.0,0,0.0,0.0,,0.0,normalDay
2021-04-16,3037.0,250.0,0.0,0,417.26,0.0,1,4.89,2.39,SPY210618P00372000,372.0,0,0.0,0.0,,0.0,normalDay
2021-04-19,3037.0,225.0,0.0,0,415.21,0.0,1,4.89,2.64,SPY210618P00372000,372.0,0,0.0,0.0,,0.0,normalDay
2021-04-20,3037.0,172.0,0.0,0,412.17,0.0,1,4.89,3.17,SPY210618P00372000,372.0,0,0.0,0.0,,0.0,normalDay
2021-04-21,3037.0,241.0,0.0,0,416.07,0.0,1,4.89,2.48,SPY210618P00372000,372.0,0,0.0,0.0,,0.0,normalDay
2021-04-22,3037.0,183.0,0.0,0,412.27,0.0,1,4.89,3.06,SPY210618P00372000,372.0,0,0.0,0.0,,0.0,normalDay
2021-04-23,3037.0,260.0,0.0,0,416.74,0.0,1,4.89,2.29,SPY210618P00372000,372.0,0,0.0,0.0,,0.0,normalDay
2021-04-26,3037.0,281.0,0.0,0,417.61,0.0,1,4.89,2.08,SPY210618P00372000,372.0,0,0.0,0.0,,0.0,normalDay
2021-04-27,3037.0,290.0,0.0,0,417.52,0.0,1,4.89,1.99,SPY210618P00372000,372.0,0,0.0,0.0,,0.0,normalDay
2021-04-28,3037.0,305.0,0.0,0,417.4,0.0,1,4.89,1.84,SPY210618P00372000,372.0,0,0.0,0.0,,0.0,normalDay
2021-04-29,3037.0,315.0,0.0,0,420.06,0.0,1,4.89,1.74,SPY210618P00372000,372.0,0,0.0,0.0,,0.0,normalDay
2021-04-30,3037.0,289.0,0.0,0,417.3,0.0,1,4.89,2.0,SPY210618P00372000,372.0,0,0.0,0.0,,0.0,normalDay
2021-05-03,3037.0,312.0,0.0,0,418.2,0.0,1,4.89,1.77,SPY210618P00372000,372.0,0,0.0,0.0,,0.0,normalDay
2021-05-04,3037.0,281.0,0.0,0,415.62,0.0,1,4.89,2.08,SPY210618P00372000,372.0,0,0.0,0.0,,0.0,normalDay
2021-05-05,3037.0,294.0,0.0,0,415.75,0.0,1,4.89,1.95,SPY210618P00372000,372.0,0,0.0,0.0,,0.0,normalDay
2021-05-06,3037.0,330.0,0.0,0,419.07,0.0,1,4.89,1.59,SPY210618P00372000,372.0,0,0.0,0.0,,0.0,normalDay
2021-05-07,3037.0,369.0,0.0,0,422.12,0.0,1,4.89,1.2,SPY210618P00372000,372.0,0,0.0,0.0,,0.0,normalDay
2021-05-10,3037.0,328.0,0.0,0,417.94,0.0,1,4.89,1.61,SPY210618P00372000,372.0,0,0.0,0.0,,0.0,normalDay
2021-05-11,3037.0,283.0,0.0,0,414.21,0.0,1,4.89,2.06,SPY210618P00372000,372.0,0,0.0,0.0,,0.0,normalDay
2021-05-12,3037.0,83.0,0.0,0,405.41,0.0,1,4.89,4.06,SPY210618P00372000,372.0,0,0.0,0.0,,0.0,normalDay
2021-05-13,3037.0,231.0,0.0,0,410.28,0.0,1,4.89,2.58,SPY210618P00372000,372.0,0,0.0,0.0,,0.0,normalDay
2021-05-14,3037.0,358.0,0.0,0,416.58,0.0,1,4.89,1.31,SPY210618P00372000,372.0,0,0.0,0.0,,0.0,normalDay
2021-05-17,3037.0,354.0,0.0,0,415.52,0.0,1,4.89,1.35,SPY210618P00372000,372.0,0,0.0,0.0,,0.0,normalDay
2021-05-18,3037.0,317.0,0.0,0,411.94,0.0,1,4.89,1.72,SPY210618P00372000,372.0,0,0.0,0.0,,0.0,normalDay
2021-05-19,3037.0,309.0,0.0,0,410.86,0.0,1,4.89,1.8,SPY210618P00372000,372.0,0,0.0,0.0,,0.0,normalDay
2021-05-20,3037.0,357.0,0.0,0,415.28,0.0,1,4.89,1.32,SPY210618P00372000,372.0,0,0.0,0.0,,0.0,normalDay
2021-05-21,3037.0,369.0,0.0,0,414.94,0.0,1,4.89,1.2,SPY210618P00372000,372.0,0,0.0,0.0,,0.0,normalDay
2021-05-24,3037.0,418.0,0.0,0,419.17,0.0,1,4.89,0.71,SPY210618P00372000,372.0,0,0.0,0.0,,0.0,normalDay
2021-05-25,3037.0,417.0,0.0,0,418.24,0.0,1,4.89,0.72,SPY210618P00372000,372.0,0,0.0,0.0,,0.0,normalDay
2021-05-26,3037.0,437.0,0.0,0,419.07,0.0,1,4.89,0.52,SPY210618P00372000,372.0,0,0.0,0.0,,0.0,normalDay
2021-05-27,3037.0,445.0,0.0,0,419.29,0.0,1,4.89,0.44,SPY210618P00372000,372.0,0,0.0,0.0,,0.0,normalDay
2021-05-28,3037.0,447.0,0.0,0,420.04,0.0,1,4.89,0.42,SPY210618P00372000,372.0,0,0.0,0.0,,0.0,normalDay
2021-06-01,3037.0,453.0,0.0,0,419.67,0.0,1,4.89,0.36,SPY210618P00372000,372.0,0,0.0,0.0,,0.0,normalDay
2021-06-02,3037.0,462.0,0.0,0,420.33,0.0,1,4.89,0.27,SPY210618P00372000,372.0,0,0.0,0.0,,0.0,normalDay
2021-06-03,3037.0,462.0,0.0,0,418.77,0.0,1,4.89,0.27,SPY210618P00372000,372.0,0,0.0,0.0,,0.0,normalDay
2021-06-04,3037.0,471.0,0.0,0,422.6,0.0,1,4.89,0.18,SPY210618P00372000,372.0,0,0.0,0.0,,0.0,normalDay
2021-06-07,3037.0,476.0,0.0,0,422.19,0.0,1,4.89,0.13,SPY210618P00372000,372.0,0,0.0,0.0,,0.0,normalDay
2021-06-08,3037.0,474.0,0.0,0,422.28,0.0,1,4.89,0.15,SPY210618P00372000,372.0,0,0.0,0.0,,0.0,normalDay
2021-06-09,3037.0,472.0,0.0,0,421.65,0.0,1,4.89,0.17,SPY210618P00372000,372.0,0,0.0,0.0,,0.0,normalDay
2021-06-10,3037.0,479.0,0.0,0,423.61,0.0,1,4.89,0.1,SPY210618P00372000,372.0,0,0.0,0.0,,0.0,normalDay
2021-06-11,3037.0,481.0,0.0,0,424.31,0.0,1,4.89,0.08,SPY210618P00372000,372.0,0,0.0,0.0,,0.0,normalDay
2021-06-14,3037.0,484.0,0.0,0,425.26,0.0,1,4.89,0.05,SPY210618P00372000,372.0,0,0.0,0.0,,0.0,normalDay
2021-06-15,3037.0,484.0,0.0,0,424.48,0.0,1,4.89,0.05,SPY210618P00372000,372.0,0,0.0,0.0,,0.0,normalDay
2021-06-16,3037.0,483.0,0.0,0,422.11,0.0,1,4.89,0.06,SPY210618P00372000,372.0,0,0.0,0.0,,0.0,normalDay
2021-06-17,3037.0,487.0,0.0,0,421.97,0.0,1,4.89,0.02,SPY210618P00372000,372.0,0,0.0,0.0,,0.0,normalDay
2021-06-18,3526.0,0.0,489.0,0,414.92,0.0,1,4.89,0.0,SPY210618P00372000,372.0,0,0.0,0.0,,0.0,expirationDay
2021-06-21,3526.0,-5.0,0.0,0,420.86,0.0,1,6.83,6.88,SPY210820P00411000,411.0,0,0.0,0.0,,0.0,normalDay
2021-06-22,3526.0,92.0,0.0,0,423.11,0.0,1,6.83,5.91,SPY210820P00411000,411.0,0,0.0,0.0,,0.0,normalDay
2021-06-23,3526.0,112.0,0.0,0,422.6,0.0,1,6.83,5.71,SPY210820P00411000,411.0,0,0.0,0.0,,0.0,normalDay
2021-06-24,3526.0,183.0,0.0,0,425.1,0.0,1,6.83,5.0,SPY210820P00411000,411.0,0,0.0,0.0,,0.0,normalDay
2021-06-25,3526.0,242.0,0.0,0,426.61,0.0,1,6.83,4.41,SPY210820P00411000,411.0,0,0.0,0.0,,0.0,normalDay
2021-06-28,3526.0,271.0,0.0,0,427.47,0.0,1,6.83,4.12,SPY210820P00411000,411.0,0,0.0,0.0,,0.0,normalDay
2021-06-29,3526.0,277.0,0.0,0,427.7,0.0,1,6.83,4.06,SPY210820P00411000,411.0,0,0.0,0.0,,0.0,normalDay
2021-06-30,3526.0,296.0,0.0,0,428.06,0.0,1,6.83,3.87,SPY210820P00411000,411.0,0,0.0,0.0,,0.0,normalDay
2021-07-01,3526.0,333.0,0.0,0,430.43,0.0,1,6.83,3.5,SPY210820P00411000,411.0,0,0.0,0.0,,0.0,normalDay
2021-07-02,3526.0,386.0,0.0,0,433.72,0.0,1,6.83,2.97,SPY210820P00411000,411.0,0,0.0,0.0,,0.0,normalDay
2021-07-06,3526.0,365.0,0.0,0,432.93,0.0,1,6.83,3.18,SPY210820P00411000,411.0,0,0.0,0.0,,0.0,normalDay
2021-07-07,3526.0,389.0,0.0,0,434.46,0.0,1,6.83,2.94,SPY210820P00411000,411.0,0,0.0,0.0,,0.0,normalDay
2021-07-08,3526.0,277.0,0.0,0,430.92,0.0,1,6.83,4.06,SPY210820P00411000,411.0,0,0.0,0.0,,0.0,normalDay
2021-07-09,3526.0,415.0,0.0,0,435.52,0.0,1,6.83,2.68,SPY210820P00411000,411.0,0,0.0,0.0,,0.0,normalDay
2021-07-12,3526.0,450.0,0.0,0,437.08,0.0,1,6.83,2.33,SPY210820P00411000,411.0,0,0.0,0.0,,0.0,normalDay
2021-07-13,3526.0,410.0,0.0,0,435.59,0.0,1,6.83,2.73,SPY210820P00411000,411.0,0,0.0,0.0,,0.0,normalDay
2021-07-14,3526.0,450.0,0.0,0,436.24,0.0,1,6.83,2.33,SPY210820P00411000,411.0,0,0.0,0.0,,0.0,normalDay
2021-07-15,3526.0,423.0,0.0,0,434.75,0.0,1,6.83,2.6,SPY210820P00411000,411.0,0,0.0,0.0,,0.0,normalDay
2021-07-16,3526.0,359.0,0.0,0,431.34,0.0,1,6.83,3.24,SPY210820P00411000,411.0,0,0.0,0.0,,0.0,normalDay
2021-07-19,3526.0,172.0,0.0,0,424.97,0.0,1,6.83,5.11,SPY210820P00411000,411.0,0,0.0,0.0,,0.0,normalDay
2021-07-20,3526.0,346.0,0.0,0,431.06,0.0,1,6.83,3.37,SPY210820P00411000,411.0,0,0.0,0.0,,0.0,normalDay
2021-07-21,3526.0,453.0,0.0,0,434.55,0.0,1,6.83,2.3,SPY210820P00411000,411.0,0,0.0,0.0,,0.0,normalDay
2021-07-22,3526.0,474.0,0.0,0,435.46,0.0,1,6.83,2.09,SPY210820P00411000,411.0,0,0.0,0.0,,0.0,normalDay
2021-07-23,3526.0,527.0,0.0,0,439.94,0.0,1,6.83,1.56,SPY210820P00411000,411.0,0,0.0,0.0,,0.0,normalDay
2021-07-26,3526.0,557.0,0.0,0,441.02,0.0,1,6.83,1.26,SPY210820P00411000,411.0,0,0.0,0.0,,0.0,normalDay
2021-07-27,3526.0,515.0,0.0,0,439.01,0.0,1,6.83,1.68,SPY210820P00411000,411.0,0,0.0,0.0,,0.0,normalDay
2021-07-28,3526.0,543.0,0.0,0,438.83,0.0,1,6.83,1.4,SPY210820P00411000,411.0,0,0.0,0.0,,0.0,normalDay
2021-07-29,3526.0,578.0,0.0,0,440.65,0.0,1,6.83,1.05,SPY210820P00411000,411.0,0,0.0,0.0,,0.0,normalDay
2021-07-30,3526.0,563.0,0.0,0,438.51,0.0,1,6.83,1.2,SPY210820P00411000,411.0,0,0.0,0.0,,0.0,normalDay
2021-08-02,3526.0,562.0,0.0,0,437.59,0.0,1,6.83,1.21,SPY210820P00411000,411.0,0,0.0,0.0,,0.0,normalDay
2021-08-03,3526.0,613.0,0.0,0,441.15,0.0,1,6.83,0.7,SPY210820P00411000,411.0,0,0.0,0.0,,0.0,normalDay
2021-08-04,3526.0,613.0,0.0,0,438.98,0.0,1,6.83,0.7,SPY210820P00411000,411.0,0,0.0,0.0,,0.0,normalDay
2021-08-05,3526.0,633.0,0.0,0,441.76,0.0,1,6.83,0.5,SPY210820P00411000,411.0,0,0.0,0.0,,0.0,normalDay
2021-08-06,3526.0,654.0,0.0,0,442.49,0.0,1,6.83,0.29,SPY210820P00411000,411.0,0,0.0,0.0,,0.0,normalDay
2021-08-09,3526.0,658.0,0.0,0,442.13,0.0,1,6.83,0.25,SPY210820P00411000,411.0,0,0.0,0.0,,0.0,normalDay
2021-08-10,3526.0,658.0,0.0,0,442.68,0.0,1,6.83,0.25,SPY210820P00411000,411.0,0,0.0,0.0,,0.0,normalDay
2021-08-11,3526.0,669.0,0.0,0,443.78,0.0,1,6.83,0.14,SPY210820P00411000,411.0,0,0.0,0.0,,0.0,normalDay
2021-08-12,3526.0,672.0,0.0,0,445.11,0.0,1,6.83,0.11,SPY210820P00411000,411.0,0,0.0,0.0,,0.0,normalDay
2021-08-13,3526.0,674.0,0.0,0,445.92,0.0,1,6.83,0.09,SPY210820P00411000,411.0,0,0.0,0.0,,0.0,normalDay
2021-08-16,3526.0,677.0,0.0,0,446.97,0.0,1,6.83,0.06,SPY210820P00411000,411.0,0,0.0,0.0,,0.0,normalDay
2021-08-17,3526.0,675.0,0.0,0,444.04,0.0,1,6.83,0.08,SPY210820P00411000,411.0,0,0.0,0.0,,0.0,normalDay
2021-08-18,3526.0,664.0,0.0,0,439.18,0.0,1,6.83,0.19,SPY210820P00411000,411.0,0,0.0,0.0,,0.0,normalDay
2021-08-19,3526.0,679.0,0.0,0,439.86,0.0,1,6.83,0.04,SPY210820P00411000,411.0,0,0.0,0.0,,0.0,normalDay
2021-08-20,4209.0,0.0,683.0,0,443.36,0.0,1,6.83,0.0,SPY210820P00411000,411.0,0,0.0,0.0,,0.0,expirationDay
2021-08-23,4209.0,-4.0,0.0,0,447.26,0.0,1,5.41,5.45,SPY211015P00430000,430.0,0,0.0,0.0,,0.0,normalDay
2021-08-24,4209.0,14.0,0.0,0,447.97,0.0,1,5.41,5.27,SPY211015P00430000,430.0,0,0.0,0.0,,0.0,normalDay
2021-08-25,4209.0,61.0,0.0,0,448.91,0.0,1,5.41,4.8,SPY211015P00430000,430.0,0,0.0,0.0,,0.0,normalDay
2021-08-26,4209.0,-36.0,0.0,0,446.26,0.0,1,5.41,5.77,SPY211015P00430000,430.0,0,0.0,0.0,,0.0,normalDay
2021-08-27,4209.0,114.0,0.0,0,450.25,0.0,1,5.41,4.27,SPY211015P00430000,430.0,0,0.0,0.0,,0.0,normalDay
2021-08-30,4209.0,163.0,0.0,0,452.23,0.0,1,5.41,3.78,SPY211015P00430000,430.0,0,0.0,0.0,,0.0,normalDay
2021-08-31,4209.0,164.0,0.0,0,451.56,0.0,1,5.41,3.77,SPY211015P00430000,430.0,0,0.0,0.0,,0.0,normalDay
2021-09-01,4209.0,190.0,0.0,0,451.8,0.0,1,5.41,3.51,SPY211015P00430000,430.0,0,0.0,0.0,,0.0,normalDay
2021-09-02,4209.0,212.0,0.0,0,453.19,0.0,1,5.41,3.29,SPY211015P00430000,430.0,0,0.0,0.0,,0.0,normalDay
2021-09-03,4209.0,213.0,0.0,0,453.08,0.0,1,5.41,3.28,SPY211015P00430000,430.0,0,0.0,0.0,,0.0,normalDay
2021-09-07,4209.0,181.0,0.0,0,451.46,0.0,1,5.41,3.6,SPY211015P00430000,430.0,0,0.0,0.0,,0.0,normalDay
2021-09-08,4209.0,184.0,0.0,0,450.91,0.0,1,5.41,3.57,SPY211015P00430000,430.0,0,0.0,0.0,,0.0,normalDay
2021-09-09,4209.0,133.0,0.0,0,448.98,0.0,1,5.41,4.08,SPY211015P00430000,430.0,0,0.0,0.0,,0.0,normalDay
2021-09-10,4209.0,45.0,0.0,0,445.44,0.0,1,5.41,4.96,SPY211015P00430000,430.0,0,0.0,0.0,,0.0,normalDay
2021-09-13,4209.0,136.0,0.0,0,446.58,0.0,1,5.41,4.05,SPY211015P00430000,430.0,0,0.0,0.0,,0.0,normalDay
2021-09-14,4209.0,89.0,0.0,0,444.17,0.0,1,5.41,4.52,SPY211015P00430000,430.0,0,0.0,0.0,,0.0,normalDay
2021-09-15,4209.0,209.0,0.0,0,447.88,0.0,1,5.41,3.32,SPY211015P00430000,430.0,0,0.0,0.0,,0.0,normalDay
2021-09-16,4209.0,191.0,0.0,0,447.17,0.0,1,5.41,3.5,SPY211015P00430000,430.0,0,0.0,0.0,,0.0,normalDay
2021-09-17,4209.0,53.0,0.0,0,441.4,0.0,1,5.41,4.88,SPY211015P00430000,430.0,0,0.0,0.0,,0.0,normalDay
2021-09-20,4209.0,-246.0,0.0,0,434.04,0.0,1,5.41,7.87,SPY211015P00430000,430.0,0,0.0,0.0,,0.0,normalDay
2021-09-21,4209.0,-218.0,0.0,0,433.63,0.0,1,5.41,7.59,SPY211015P00430000,430.0,0,0.0,0.0,,0.0,normalDay
2021-09-22,4209.0,48.0,0.0,0,437.86,0.0,1,5.41,4.93,SPY211015P00430000,430.0,0,0.0,0.0,,0.0,normalDay
2021-09-23,4209.0,240.0,0.0,0,443.18,0.0,1,5.41,3.01,SPY211015P00430000,430.0,0,0.0,0.0,,0.0,normalDay
2021-09-24,4209.0,284.0,0.0,0,443.91,0.0,1,5.41,2.57,SPY211015P00430000,430.0,0,0.0,0.0,,0.0,normalDay
2021-09-27,4209.0,274.0,0.0,0,442.64,0.0,1,5.41,2.67,SPY211015P00430000,430.0,0,0.0,0.0,,0.0,normalDay
2021-09-28,4209.0,-45.0,0.0,0,433.72,0.0,1,5.41,5.86,SPY211015P00430000,430.0,0,0.0,0.0,,0.0,normalDay
2021-09-29,4209.0,13.0,0.0,0,434.45,0.0,1,5.41,5.28,SPY211015P00430000,430.0,0,0.0,0.0,,0.0,normalDay
2021-09-30,4209.0,-170.0,0.0,0,429.14,0.0,1,5.41,7.11,SPY211015P00430000,430.0,0,0.0,0.0,,0.0,normalDay
2021-10-01,4209.0,90.0,0.0,0,434.24,0.0,1,5.41,4.51,SPY211015P00430000,430.0,0,0.0,0.0,,0.0,normalDay
2021-10-04,4209.0,-123.0,0.0,0,428.64,0.0,1,5.41,6.64,SPY211015P00430000,430.0,0,0.0,0.0,,0.0,normalDay
2021-10-05,4209.0,129.0,0.0,0,433.1,0.0,1,5.41,4.12,SPY211015P00430000,430.0,0,0.0,0.0,,0.0,normalDay
2021-10-06,4209.0,209.0,0.0,0,434.9,0.0,1,5.41,3.32,SPY211015P00430000,430.0,0,0.0,0.0,,0.0,normalDay
2021-10-07,4209.0,360.0,0.0,0,438.66,0.0,1,5.41,1.81,SPY211015P00430000,430.0,0,0.0,0.0,,0.0,normalDay
2021-10-08,4209.0,379.0,0.0,0,437.86,0.0,1,5.41,1.62,SPY211015P00430000,430.0,0,0.0,0.0,,0.0,normalDay
2021-10-11,4209.0,332.0,0.0,0,434.69,0.0,1,5.41,2.09,SPY211015P00430000,430.0,0,0.0,0.0,,0.0,normalDay
2021-10-12,4209.0,339.0,0.0,0,433.62,0.0,1,5.41,2.02,SPY211015P00430000,430.0,0,0.0,0.0,,0.0,normalDay
2021-10-13,4209.0,469.0,0.0,0,435.18,0.0,1,5.41,0.72,SPY211015P00430000,430.0,0,0.0,0.0,,0.0,normalDay
2021-10-14,4209.0,534.0,0.0,0,442.5,0.0,1,5.41,0.07,SPY211015P00430000,430.0,0,0.0,0.0,,0.0,normalDay
2021-10-15,4750.0,0.0,541.0,0,445.87,0.0,1,5.41,0.0,SPY211015P00430000,430.0,0,0.0,0.0,,0.0,expirationDay
2021-10-18,4750.0,-5.0,0.0,0,447.19,0.0,1,5.06,5.11,SPY211231P00415000,415.0,0,0.0,0.0,,0.0,normalDay
2021-10-19,4750.0,66.0,0.0,0,450.64,0.0,1,5.06,4.4,SPY211231P00415000,415.0,0,0.0,0.0,,0.0,normalDay
2021-10-20,4750.0,86.0,0.0,0,452.41,0.0,1,5.06,4.2,SPY211231P00415000,415.0,0,0.0,0.0,,0.0,normalDay
2021-10-21,4750.0,120.0,0.0,0,453.59,0.0,1,5.06,3.86,SPY211231P00415000,415.0,0,0.0,0.0,,0.0,normalDay
2021-10-22,4750.0,92.0,0.0,0,453.12,0.0,1,5.06,4.14,SPY211231P00415000,415.0,0,0.0,0.0,,0.0,normalDay
2021-10-25,4750.0,147.0,0.0,0,455.55,0.0,1,5.06,3.59,SPY211231P00415000,415.0,0,0.0,0.0,,0.0,normalDay
2021-10-26,4750.0,146.0,0.0,0,455.96,0.0,1,5.06,3.6,SPY211231P00415000,415.0,0,0.0,0.0,,0.0,normalDay
2021-10-27,4750.0,96.0,0.0,0,453.94,0.0,1,5.06,4.1,SPY211231P00415000,415.0,0,0.0,0.0,,0.0,normalDay
2021-10-28,4750.0,163.0,0.0,0,458.32,0.0,1,5.06,3.43,SPY211231P00415000,415.0,0,0.0,0.0,,0.0,normalDay
2021-10-29,4750.0,180.0,0.0,0,459.25,0.0,1,5.06,3.26,SPY211231P00415000,415.0,0,0.0,0.0,,0.0,normalDay
2021-11-01,4750.0,205.0,0.0,0,460.04,0.0,1,5.06,3.01,SPY211231P00415000,415.0,0,0.0,0.0,,0.0,normalDay
2021-11-02,4750.0,234.0,0.0,0,461.9,0.0,1,5.06,2.72,SPY211231P00415000,415.0,0,0.0,0.0,,0.0,normalDay
2021-11-03,4750.0,283.0,0.0,0,464.72,0.0,1,5.06,2.23,SPY211231P00415000,415.0,0,0.0,0.0,,0.0,normalDay
2021-11-04,4750.0,300.0,0.0,0,466.91,0.0,1,5.06,2.06,SPY211231P00415000,415.0,0,0.0,0.0,,0.0,normalDay
2021-11-05,4750.0,296.0,0.0,0,468.53,0.0,1,5.06,2.1,SPY211231P00415000,415.0,0,0.0,0.0,,0.0,normalDay
2021-11-08,4750.0,295.0,0.0,0,468.93,0.0,1,5.06,2.11,SPY211231P00415000,415.0,0,0.0,0.0,,0.0,normalDay
2021-11-09,4750.0,284.0,0.0,0,467.38,0.0,1,5.06,2.22,SPY211231P00415000,415.0,0,0.0,0.0,,0.0,normalDay
2021-11-10,4750.0,251.0,0.0,0,463.62,0.0,1,5.06,2.55,SPY211231P00415000,415.0,0,0.0,0.0,,0.0,normalDay
2021-11-11,4750.0,290.0,0.0,0,463.77,0.0,1,5.06,2.16,SPY211231P00415000,415.0,0,0.0,0.0,,0.0,normalDay
2021-11-12,4750.0,331.0,0.0,0,467.27,0.0,1,5.06,1.75,SPY211231P00415000,415.0,0,0.0,0.0,,0.0,normalDay
2021-11-15,4750.0,340.0,0.0,0,467.43,0.0,1,5.06,1.66,SPY211231P00415000,415.0,0,0.0,0.0,,0.0,normalDay
2021-11-16,4750.0,357.0,0.0,0,469.28,0.0,1,5.06,1.49,SPY211231P00415000,415.0,0,0.0,0.0,,0.0,normalDay
2021-11-17,4750.0,343.0,0.0,0,468.14,0.0,1,5.06,1.63,SPY211231P00415000,415.0,0,0.0,0.0,,0.0,normalDay
2021-11-18,4750.0,348.0,0.0,0,469.73,0.0,1,5.06,1.58,SPY211231P00415000,415.0,0,0.0,0.0,,0.0,normalDay
2021-11-19,4750.0,344.0,0.0,0,468.89,0.0,1,5.06,1.62,SPY211231P00415000,415.0,0,0.0,0.0,,0.0,normalDay
2021-11-22,4750.0,335.0,0.0,0,467.57,0.0,1,5.06,1.71,SPY211231P00415000,415.0,0,0.0,0.0,,0.0,normalDay
2021-11-23,4750.0,351.0,0.0,0,468.19,0.0,1,5.06,1.55,SPY211231P00415000,415.0,0,0.0,0.0,,0.0,normalDay
2021-11-24,4750.0,373.0,0.0,0,469.44,0.0,1,5.06,1.33,SPY211231P00415000,415.0,0,0.0,0.0,,0.0,normalDay
2021-11-26,4750.0,75.0,0.0,0,458.97,0.0,1,5.06,4.31,SPY211231P00415000,415.0,0,0.0,0.0,,0.0,normalDay
2021-11-29,4750.0,309.0,0.0,0,464.6,0.0,1,5.06,1.97,SPY211231P00415000,415.0,0,0.0,0.0,,0.0,normalDay
2021-11-30,4750.0,189.0,0.0,0,455.56,0.0,1,5.06,3.17,SPY211231P00415000,415.0,0,0.0,0.0,,0.0,normalDay
2021-12-01,4750.0,19.0,0.0,0,450.5,0.0,1,5.06,4.87,SPY211231P00415000,415.0,0,0.0,0.0,,0.0,normalDay
2021-12-02,4750.0,189.0,0.0,0,457.4,0.0,1,5.06,3.17,SPY211231P00415000,415.0,0,0.0,0.0,,0.0,normalDay
2021-12-03,4750.0,101.0,0.0,0,453.42,0.0,1,5.06,4.05,SPY211231P00415000,415.0,0,0.0,0.0,,0.0,normalDay
2021-12-06,4750.0,258.0,0.0,0,458.79,0.0,1,5.06,2.48,SPY211231P00415000,415.0,0,0.0,0.0,,0.0,normalDay
2021-12-07,4750.0,397.0,0.0,0,468.28,0.0,1,5.06,1.09,SPY211231P00415000,415.0,0,0.0,0.0,,0.0,normalDay
2021-12-08,4750.0,436.0,0.0,0,469.52,0.0,1,5.06,0.7,SPY211231P00415000,415.0,0,0.0,0.0,,0.0,normalDay
2021-12-09,4750.0,413.0,0.0,0,466.35,0.0,1,5.06,0.93,SPY211231P00415000,415.0,0,0.0,0.0,,0.0,normalDay
2021-12-10,4750.0,455.0,0.0,0,470.74,0.0,1,5.06,0.51,SPY211231P00415000,415.0,0,0.0,0.0,,0.0,normalDay
2021-12-13,4750.0,453.0,0.0,0,466.57,0.0,1,5.06,0.53,SPY211231P00415000,415.0,0,0.0,0.0,,0.0,normalDay
2021-12-14,4750.0,442.0,0.0,0,463.36,0.0,1,5.06,0.64,SPY211231P00415000,415.0,0,0.0,0.0,,0.0,normalDay
2021-12-15,4750.0,473.0,0.0,0,470.6,0.0,1,5.06,0.33,SPY211231P00415000,415.0,0,0.0,0.0,,0.0,normalDay
2021-12-16,4750.0,463.0,0.0,0,466.45,0.0,1,5.06,0.43,SPY211231P00415000,415.0,0,0.0,0.0,,0.0,normalDay
2021-12-17,4750.0,462.0,0.0,0,459.87,0.0,1,5.06,0.44,SPY211231P00415000,415.0,0,0.0,0.0,,0.0,normalDay
2021-12-20,4750.0,464.0,0.0,0,454.98,0.0,1,5.06,0.42,SPY211231P00415000,415.0,0,0.0,0.0,,0.0,normalDay
2021-12-21,4750.0,484.0,0.0,0,463.06,0.0,1,5.06,0.22,SPY211231P00415000,415.0,0,0.0,0.0,,0.0,normalDay
2021-12-22,4750.0,498.0,0.0,0,467.69,0.0,1,5.06,0.08,SPY211231P00415000,415.0,0,0.0,0.0,,0.0,normalDay
2021-12-23,4750.0,500.0,0.0,0,470.6,0.0,1,5.06,0.06,SPY211231P00415000,415.0,0,0.0,0.0,,0.0,normalDay
2021-12-27,4750.0,504.0,0.0,0,477.26,0.0,1,5.06,0.02,SPY211231P00415000,415.0,0,0.0,0.0,,0.0,normalDay
2021-12-28,4750.0,504.0,0.0,0,476.87,0.0,1,5.06,0.02,SPY211231P00415000,415.0,0,0.0,0.0,,0.0,normalDay
2021-12-29,4750.0,505.0,0.0,0,477.48,0.0,1,5.06,0.01,SPY211231P00415000,415.0,0,0.0,0.0,,0.0,normalDay
2021-12-30,4750.0,505.0,0.0,0,476.16,0.0,1,5.06,0.01,SPY211231P00415000,415.0,0,0.0,0.0,,0.0,normalDay
2021-12-31,5256.0,0.0,506.0,0,474.96,0.0,1,5.06,0.0,SPY211231P00415000,415.0,0,0.0,0.0,,0.0,expirationDay
2022-01-03,5256.0,-5.0,0.0,0,477.71,0.0,1,6.49,6.54,SPY220331P00442000,442.0,0,0.0,0.0,,0.0,normalDay
2022-01-04,5256.0,-15.0,0.0,0,477.55,0.0,1,6.49,6.64,SPY220331P00442000,442.0,0,0.0,0.0,,0.0,normalDay
2022-01-05,5256.0,-255.0,0.0,0,468.38,0.0,1,6.49,9.04,SPY220331P00442000,442.0,0,0.0,0.0,,0.0,normalDay
2022-01-06,5256.0,-251.0,0.0,0,467.94,0.0,1,6.49,9.0,SPY220331P00442000,442.0,0,0.0,0.0,,0.0,normalDay
2022-01-07,5256.0,-227.0,0.0,0,466.09,0.0,1,6.49,8.76,SPY220331P00442000,442.0,0,0.0,0.0,,0.0,normalDay
2022-01-10,5256.0,-219.0,0.0,0,465.51,0.0,1,6.49,8.68,SPY220331P00442000,442.0,0,0.0,0.0,,0.0,normalDay
2022-01-11,5256.0,-93.0,0.0,0,469.75,0.0,1,6.49,7.42,SPY220331P00442000,442.0,0,0.0,0.0,,0.0,normalDay
2022-01-12,5256.0,-36.0,0.0,0,471.02,0.0,1,6.49,6.85,SPY220331P00442000,442.0,0,0.0,0.0,,0.0,normalDay
2022-01-13,5256.0,-262.0,0.0,0,464.53,0.0,1,6.49,9.11,SPY220331P00442000,442.0,0,0.0,0.0,,0.0,normalDay
2022-01-14,5256.0,-202.0,0.0,0,464.72,0.0,1,6.49,8.51,SPY220331P00442000,442.0,0,0.0,0.0,,0.0,normalDay
2022-01-18,5256.0,-511.0,0.0,0,456.49,0.0,1,6.49,11.6,SPY220331P00442000,442.0,0,0.0,0.0,,0.0,normalDay
2022-01-19,5256.0,-644.0,0.0,0,451.75,0.0,1,6.49,12.93,SPY220331P00442000,442.0,0,0.0,0.0,,0.0,normalDay
2022-01-20,5256.0,-892.0,0.0,0,446.75,0.0,1,6.49,15.41,SPY220331P00442000,442.0,0,0.0,0.0,,0.0,normalDay
2022-01-21,5256.0,-1355.0,0.0,0,437.98,0.0,1,6.49,20.04,SPY220331P00442000,442.0,0,0.0,0.0,,0.0,normalDay
2022-01-24,5256.0,-1326.0,0.0,0,439.84,0.0,1,6.49,19.75,SPY220331P00442000,442.0,0,0.0,0.0,,0.0,normalDay
2022-01-25,5256.0,-1651.0,0.0,0,434.47,0.0,1,6.49,23.0,SPY220331P00442000,442.0,0,0.0,0.0,,0.0,normalDay
2022-01-26,5256.0,-1652.0,0.0,0,433.38,0.0,1,6.49,23.01,SPY220331P00442000,442.0,0,0.0,0.0,,0.0,normalDay
2022-01-27,5256.0,-1637.0,0.0,0,431.24,0.0,1,6.49,22.86,SPY220331P00442000,442.0,0,0.0,0.0,,0.0,normalDay
2022-01-28,5256.0,-1015.0,0.0,0,441.95,0.0,1,6.49,16.64,SPY220331P00442000,442.0,0,0.0,0.0,,0.0,normalDay
2022-01-31,5256.0,-629.0,0.0,0,449.91,0.0,1,6.49,12.78,SPY220331P00442000,442.0,0,0.0,0.0,,0.0,normalDay
2022-02-01,5256.0,-373.0,0.0,0,452.95,0.0,1,6.49,10.22,SPY220331P00442000,442.0,0,0.0,0.0,,0.0,normalDay
2022-02-02,5256.0,-307.0,0.0,0,457.35,0.0,1,6.49,9.56,SPY220331P00442000,442.0,0,0.0,0.0,,0.0,normalDay
2022-02-03,5256.0,-586.0,0.0,0,446.6,0.0,1,6.49,12.35,SPY220331P00442000,442.0,0,0.0,0.0,,0.0,normalDay
2022-02-04,5256.0,-609.0,0.0,0,448.7,0.0,1,6.49,12.58,SPY220331P00442000,442.0,0,0.0,0.0,,0.0,normalDay
2022-02-07,5256.0,-558.0,0.0,0,447.26,0.0,1,6.49,12.07,SPY220331P00442000,442.0,0,0.0,0.0,,0.0,normalDay
2022-02-08,5256.0,-350.0,0.0,0,450.94,0.0,1,6.49,9.99,SPY220331P00442000,442.0,0,0.0,0.0,,0.0,normalDay
2022-02-09,5256.0,-124.0,0.0,0,457.54,0.0,1,6.49,7.73,SPY220331P00442000,442.0,0,0.0,0.0,,0.0,normalDay
2022-02-10,5256.0,-504.0,0.0,0,449.32,0.0,1,6.49,11.53,SPY220331P00442000,442.0,0,0.0,0.0,,0.0,normalDay
2022-02-11,5256.0,-953.0,0.0,0,440.46,0.0,1,6.49,16.02,SPY220331P00442000,442.0,0,0.0,0.0,,0.0,normalDay
2022-02-14,5256.0,-970.0,0.0,0,439.02,0.0,1,6.49,16.19,SPY220331P00442000,442.0,0,0.0,0.0,,0.0,normalDay
2022-02-15,5256.0,-615.0,0.0,0,446.1,0.0,1,6.49,12.64,SPY220331P00442000,442.0,0,0.0,0.0,,0.0,normalDay
2022-02-16,5256.0,-488.0,0.0,0,446.6,0.0,1,6.49,11.37,SPY220331P00442000,442.0,0,0.0,0.0,,0.0,normalDay
2022-02-17,5256.0,-1005.0,0.0,0,437.06,0.0,1,6.49,16.54,SPY220331P00442000,442.0,0,0.0,0.0,,0.0,normalDay
2022-02-18,5256.0,-1113.0,0.0,0,434.23,0.0,1,6.49,17.62,SPY220331P00442000,442.0,0,0.0,0.0,,0.0,normalDay
2022-02-22,5256.0,-1306.0,0.0,0,429.57,0.0,1,6.49,19.55,SPY220331P00442000,442.0,0,0.0,0.0,,0.0,normalDay
2022-02-23,5256.0,-1941.0,0.0,0,421.95,0.0,1,6.49,25.9,SPY220331P00442000,442.0,0,0.0,0.0,,0.0,normalDay
2022-02-24,5256.0,-1537.0,0.0,0,428.3,0.0,1,6.49,21.86,SPY220331P00442000,442.0,0,0.0,0.0,,0.0,normalDay
2022-02-25,5256.0,-827.0,0.0,0,437.75,0.0,1,6.49,14.76,SPY220331P00442000,442.0,0,0.0,0.0,,0.0,normalDay
2022-02-28,5256.0,-903.0,0.0,0,436.63,0.0,1,6.49,15.52,SPY220331P00442000,442.0,0,0.0,0.0,,0.0,normalDay
2022-03-01,5256.0,-1377.0,0.0,0,429.98,0.0,1,6.49,20.26,SPY220331P00442000,442.0,0,0.0,0.0,,0.0,normalDay
2022-03-02,5256.0,-887.0,0.0,0,437.89,0.0,1,6.49,15.36,SPY220331P00442000,442.0,0,0.0,0.0,,0.0,normalDay
2022-03-03,5256.0,-927.0,0.0,0,435.71,0.0,1,6.49,15.76,SPY220331P00442000,442.0,0,0.0,0.0,,0.0,normalDay
2022-03-04,5256.0,-1197.0,0.0,0,432.17,0.0,1,6.49,18.46,SPY220331P00442000,442.0,0,0.0,0.0,,0.0,normalDay
2022-03-07,5256.0,-2138.0,0.0,0,419.43,0.0,1,6.49,27.87,SPY220331P00442000,442.0,0,0.0,0.0,,0.0,normalDay
2022-03-08,5256.0,-2387.0,0.0,0,416.25,0.0,1,6.49,30.36,SPY220331P00442000,442.0,0,0.0,0.0,,0.0,normalDay
2022-03-09,5256.0,-1357.0,0.0,0,427.41,0.0,1,6.49,20.06,SPY220331P00442000,442.0,0,0.0,0.0,,0.0,normalDay
2022-03-10,5256.0,-1466.0,0.0,0,425.48,0.0,1,6.49,21.15,SPY220331P00442000,442.0,0,0.0,0.0,,0.0,normalDay
2022-03-11,5256.0,-1877.0,0.0,0,420.07,0.0,1,6.49,25.26,SPY220331P00442000,442.0,0,0.0,0.0,,0.0,normalDay
2022-03-14,5256.0,-2087.0,0.0,0,417.0,0.0,1,6.49,27.36,SPY220331P00442000,442.0,0,0.0,0.0,,0.0,normalDay
2022-03-15,5256.0,-1383.0,0.0,0,426.17,0.0,1,6.49,20.32,SPY220331P00442000,442.0,0,0.0,0.0,,0.0,normalDay
2022-03-16,5256.0,-585.0,0.0,0,435.62,0.0,1,6.49,12.34,SPY220331P00442000,442.0,0,0.0,0.0,,0.0,normalDay
2022-03-17,5256.0,-235.0,0.0,0,441.07,0.0,1,6.49,8.84,SPY220331P00442000,442.0,0,0.0,0.0,,0.0,normalDay
2022-03-18,5256.0,77.0,0.0,0,444.52,0.0,1,6.49,5.72,SPY220331P00442000,442.0,0,0.0,0.0,,0.0,normalDay
2022-03-21,5256.0,157.0,0.0,0,444.39,0.0,1,6.49,4.92,SPY220331P00442000,442.0,0,0.0,0.0,,0.0,normalDay
2022-03-22,5256.0,343.0,0.0,0,449.59,0.0,1,6.49,3.06,SPY220331P00442000,442.0,0,0.0,0.0,,0.0,normalDay
2022-03-23,5256.0,182.0,0.0,0,443.8,0.0,1,6.49,4.67,SPY220331P00442000,442.0,0,0.0,0.0,,0.0,normalDay
2022-03-24,5256.0,457.0,0.0,0,450.49,0.0,1,6.49,1.92,SPY220331P00442000,442.0,0,0.0,0.0,,0.0,normalDay
2022-03-25,5256.0,545.0,0.0,0,452.69,0.0,1,6.49,1.04,SPY220331P00442000,442.0,0,0.0,0.0,,0.0,normalDay
2022-03-28,5256.0,625.0,0.0,0,455.91,0.0,1,6.49,0.24,SPY220331P00442000,442.0,0,0.0,0.0,,0.0,normalDay
2022-03-29,5256.0,641.0,0.0,0,461.55,0.0,1,6.49,0.08,SPY220331P00442000,442.0,0,0.0,0.0,,0.0,normalDay
2022-03-30,5256.0,645.0,0.0,0,458.7,0.0,1,6.49,0.04,SPY220331P00442000,442.0,0,0.0,0.0,,0.0,normalDay
2022-03-31,5905.0,0.0,649.0,0,451.64,0.0,1,6.49,0.0,SPY220331P00442000,442.0,0,0.0,0.0,,0.0,expirationDay
2022-04-01,5905.0,-5.0,0.0,0,452.92,0.0,1,2.59,2.64,SPY220617P00378000,378.0,0,0.0,0.0,,0.0,normalDay
2022-04-04,5905.0,55.0,0.0,0,456.8,0.0,1,2.59,2.04,SPY220617P00378000,378.0,0,0.0,0.0,,0.0,normalDay
2022-04-05,5905.0,-12.0,0.0,0,451.03,0.0,1,2.59,2.71,SPY220617P00378000,378.0,0,0.0,0.0,,0.0,normalDay
2022-04-06,5905.0,-50.0,0.0,0,446.52,0.0,1,2.59,3.09,SPY220617P00378000,378.0,0,0.0,0.0,,0.0,normalDay
2022-04-07,5905.0,-18.0,0.0,0,448.77,0.0,1,2.59,2.77,SPY220617P00378000,378.0,0,0.0,0.0,,0.0,normalDay
2022-04-08,5905.0,-10.0,0.0,0,447.57,0.0,1,2.59,2.69,SPY220617P00378000,378.0,0,0.0,0.0,,0.0,normalDay
2022-04-11,5905.0,-91.0,0.0,0,439.92,0.0,1,2.59,3.5,SPY220617P00378000,378.0,0,0.0,0.0,,0.0,normalDay
2022-04-12,5905.0,-99.0,0.0,0,438.29,0.0,1,2.59,3.58,SPY220617P00378000,378.0,0,0.0,0.0,,0.0,normalDay
2022-04-13,5905.0,-7.0,0.0,0,443.31,0.0,1,2.59,2.66,SPY220617P00378000,378.0,0,0.0,0.0,,0.0,normalDay
2022-04-14,5905.0,-43.0,0.0,0,437.79,0.0,1,2.59,3.02,SPY220617P00378000,378.0,0,0.0,0.0,,0.0,normalDay
2022-04-18,5905.0,5.0,0.0,0,437.97,0.0,1,2.59,2.54,SPY220617P00378000,378.0,0,0.0,0.0,,0.0,normalDay
2022-04-19,5905.0,47.0,0.0,0,445.04,0.0,1,2.59,2.12,SPY220617P00378000,378.0,0,0.0,0.0,,0.0,normalDay
2022-04-20,5905.0,80.0,0.0,0,444.71,0.0,1,2.59,1.79,SPY220617P00378000,378.0,0,0.0,0.0,,0.0,normalDay
2022-04-21,5905.0,2.0,0.0,0,438.06,0.0,1,2.59,2.57,SPY220617P00378000,378.0,0,0.0,0.0,,0.0,normalDay
2022-04-22,5905.0,-207.0,0.0,0,426.04,0.0,1,2.59,4.66,SPY220617P00378000,378.0,0,0.0,0.0,,0.0,normalDay
2022-04-25,5905.0,-119.0,0.0,0,428.51,0.0,1,2.59,3.78,SPY220617P00378000,378.0,0,0.0,0.0,,0.0,normalDay
2022-04-26,5905.0,-419.0,0.0,0,416.1,0.0,1,2.59,6.78,SPY220617P00378000,378.0,0,0.0,0.0,,0.0,normalDay
2022-04-27,5905.0,-318.0,0.0,0,417.27,0.0,1,2.59,5.77,SPY220617P00378000,378.0,0,0.0,0.0,,0.0,normalDay
2022-04-28,5905.0,-189.0,0.0,0,427.81,0.0,1,2.59,4.48,SPY220617P00378000,378.0,0,0.0,0.0,,0.0,normalDay
2022-04-29,5905.0,-416.0,0.0,0,412.0,0.0,1,2.59,6.75,SPY220617P00378000,378.0,0,0.0,0.0,,0.0,normalDay
2022-05-02,5905.0,-328.0,0.0,0,414.48,0.0,1,2.59,5.87,SPY220617P00378000,378.0,0,0.0,0.0,,0.0,normalDay
2022-05-03,5905.0,-218.0,0.0,0,416.38,0.0,1,2.59,4.77,SPY220617P00378000,378.0,0,0.0,0.0,,0.0,normalDay
2022-05-04,5905.0,-24.0,0.0,0,429.06,0.0,1,2.59,2.83,SPY220617P00378000,378.0,0,0.0,0.0,,0.0,normalDay
2022-05-05,5905.0,-314.0,0.0,0,413.81,0.0,1,2.59,5.73,SPY220617P00378000,378.0,0,0.0,0.0,,0.0,normalDay
2022-05-06,5905.0,-323.0,0.0,0,411.34,0.0,1,2.59,5.82,SPY220617P00378000,378.0,0,0.0,0.0,,0.0,normalDay
2022-05-09,5905.0,-623.0,0.0,0,398.17,0.0,1,2.59,8.82,SPY220617P00378000,378.0,0,0.0,0.0,,0.0,normalDay
2022-05-10,5905.0,-550.0,0.0,0,399.09,0.0,1,2.59,8.09,SPY220617P00378000,378.0,0,0.0,0.0,,0.0,normalDay
2022-05-11,5905.0,-673.0,0.0,0,392.75,0.0,1,2.59,9.32,SPY220617P00378000,378.0,0,0.0,0.0,,0.0,normalDay
2022-05-12,5905.0,-674.0,0.0,0,392.34,0.0,1,2.59,9.33,SPY220617P00378000,378.0,0,0.0,0.0,,0.0,normalDay
2022-05-13,5905.0,-353.0,0.0,0,401.72,0.0,1,2.59,6.12,SPY220617P00378000,378.0,0,0.0,0.0,,0.0,normalDay
2022-05-16,5905.0,-294.0,0.0,0,400.09,0.0,1,2.59,5.53,SPY220617P00378000,378.0,0,0.0,0.0,,0.0,normalDay
2022-05-17,5905.0,-93.0,0.0,0,408.32,0.0,1,2.59,3.52,SPY220617P00378000,378.0,0,0.0,0.0,,0.0,normalDay
2022-05-18,5905.0,-571.0,0.0,0,391.86,0.0,1,2.59,8.3,SPY220617P00378000,378.0,0,0.0,0.0,,0.0,normalDay
2022-05-19,5905.0,-559.0,0.0,0,389.46,0.0,1,2.59,8.18,SPY220617P00378000,378.0,0,0.0,0.0,,0.0,normalDay
2022-05-20,5905.0,-540.0,0.0,0,389.63,0.0,1,2.59,7.99,SPY220617P00378000,378.0,0,0.0,0.0,,0.0,normalDay
2022-05-23,5905.0,-251.0,0.0,0,396.92,0.0,1,2.59,5.1,SPY220617P00378000,378.0,0,0.0,0.0,,0.0,normalDay
2022-05-24,5905.0,-328.0,0.0,0,393.89,0.0,1,2.59,5.87,SPY220617P00378000,378.0,0,0.0,0.0,,0.0,normalDay
2022-05-25,5905.0,-218.0,0.0,0,397.37,0.0,1,2.59,4.77,SPY220617P00378000,378.0,0,0.0,0.0,,0.0,normalDay
2022-05-26,5905.0,-31.0,0.0,0,405.31,0.0,1,2.59,2.9,SPY220617P00378000,378.0,0,0.0,0.0,,0.0,normalDay
2022-05-27,5905.0,115.0,0.0,0,415.26,0.0,1,2.59,1.44,SPY220617P00378000,378.0,0,0.0,0.0,,0.0,normalDay
2022-05-31,5905.0,120.0,0.0,0,412.93,0.0,1,2.59,1.39,SPY220617P00378000,378.0,0,0.0,0.0,,0.0,normalDay
2022-06-01,5905.0,128.0,0.0,0,409.59,0.0,1,2.59,1.31,SPY220617P00378000,378.0,0,0.0,0.0,,0.0,normalDay
2022-06-02,5905.0,194.0,0.0,0,417.39,0.0,1,2.59,0.65,SPY220617P00378000,378.0,0,0.0,0.0,,0.0,normalDay
2022-06-03,5905.0,172.0,0.0,0,410.54,0.0,1,2.59,0.87,SPY220617P00378000,378.0,0,0.0,0.0,,0.0,normalDay
2022-06-06,5905.0,202.0,0.0,0,411.79,0.0,1,2.59,0.57,SPY220617P00378000,378.0,0,0.0,0.0,,0.0,normalDay
2022-06-07,5905.0,227.0,0.0,0,415.74,0.0,1,2.59,0.32,SPY220617P00378000,378.0,0,0.0,0.0,,0.0,normalDay
2022-06-08,5905.0,229.0,0.0,0,411.22,0.0,1,2.59,0.3,SPY220617P00378000,378.0,0,0.0,0.0,,0.0,normalDay
2022-06-09,5905.0,166.0,0.0,0,401.44,0.0,1,2.59,0.93,SPY220617P00378000,378.0,0,0.0,0.0,,0.0,normalDay
2022-06-10,5905.0,1.0,0.0,0,389.8,0.0,1,2.59,2.58,SPY220617P00378000,378.0,0,0.0,0.0,,0.0,normalDay
2022-06-13,5905.0,-685.0,0.0,0,375.0,0.0,1,2.59,9.44,SPY220617P00378000,378.0,0,0.0,0.0,,0.0,normalDay
2022-06-14,5905.0,-706.0,0.0,0,373.87,0.0,1,2.59,9.65,SPY220617P00378000,378.0,0,0.0,0.0,,0.0,normalDay
2022-06-15,5905.0,-226.0,0.0,0,379.2,0.0,1,2.59,4.85,SPY220617P00378000,378.0,0,0.0,0.0,,0.0,normalDay
2022-06-16,5905.0,-1001.0,0.0,0,366.65,0.0,1,2.59,12.6,SPY220617P00378000,378.0,0,0.0,0.0,,0.0,normalDay
2022-06-17,6164.0,-1214.0,259.0,100,365.86,378.0,1,2.59,0.0,SPY220617P00378000,378.0,0,0.0,0.0,,0.0,expirationDay
2022-06-21,6164.0,-301.0,0.0,100,375.07,378.0,0,0.0,0.0,,0.0,1,5.29,5.37,SPY221021C00419000,419.0,normalDay
2022-06-22,6164.0,-335.0,0.0,100,374.39,378.0,0,0.0,0.0,,0.0,1,5.29,5.03,SPY221021C00419000,419.0,normalDay
2022-06-23,6164.0,-9.0,0.0,100,378.06,378.0,0,0.0,0.0,,0.0,1,5.29,5.44,SPY221021C00419000,419.0,normalDay
2022-06-24,6164.0,890.0,0.0,100,390.08,378.0,0,0.0,0.0,,0.0,1,5.29,8.47,SPY221021C00419000,419.0,normalDay
2022-06-27,6164.0,789.0,0.0,100,388.59,378.0,0,0.0,0.0,,0.0,1,5.29,7.99,SPY221021C00419000,419.0,normalDay
2022-06-28,6164.0,239.0,0.0,100,380.65,378.0,0,0.0,0.0,,0.0,1,5.29,5.55,SPY221021C00419000,419.0,normalDay
2022-06-29,6164.0,209.0,0.0,100,380.34,378.0,0,0.0,0.0,,0.0,1,5.29,5.54,SPY221021C00419000,419.0,normalDay
2022-06-30,6164.0,-6.0,0.0,100,377.25,378.0,0,0.0,0.0,,0.0,1,5.29,4.6,SPY221021C00419000,419.0,normalDay
2022-07-01,6164.0,332.0,0.0,100,381.24,378.0,0,0.0,0.0,,0.0,1,5.29,5.21,SPY221021C00419000,419.0,normalDay
2022-07-05,6164.0,423.0,0.0,100,381.96,378.0,0,0.0,0.0,,0.0,1,5.29,5.02,SPY221021C00419000,419.0,normalDay
2022-07-06,6164.0,509.0,0.0,100,383.25,378.0,0,0.0,0.0,,0.0,1,5.29,5.45,SPY221021C00419000,419.0,normalDay
2022-07-07,6164.0,960.0,0.0,100,388.99,378.0,0,0.0,0.0,,0.0,1,5.29,6.68,SPY221021C00419000,419.0,normalDay
2022-07-08,6164.0,951.0,0.0,100,388.67,378.0,0,0.0,0.0,,0.0,1,5.29,6.45,SPY221021C00419000,419.0,normalDay
2022-07-11,6164.0,625.0,0.0,100,384.23,378.0,0,0.0,0.0,,0.0,1,5.29,5.27,SPY221021C00419000,419.0,normalDay
2022-07-12,6164.0,389.0,0.0,100,380.83,378.0,0,0.0,0.0,,0.0,1,5.29,4.23,SPY221021C00419000,419.0,normalDay
2022-07-13,6164.0,235.0,0.0,100,378.83,378.0,0,0.0,0.0,,0.0,1,5.29,3.77,SPY221021C00419000,419.0,normalDay
2022-07-14,6164.0,157.0,0.0,100,377.91,378.0,0,0.0,0.0,,0.0,1,5.29,3.63,SPY221021C00419000,419.0,normalDay
2022-07-15,6164.0,781.0,0.0,100,385.13,378.0,0,0.0,0.0,,0.0,1,5.29,4.61,SPY221021C00419000,419.0,normalDay
2022-07-18,6164.0,527.0,0.0,100,381.95,378.0,0,0.0,0.0,,0.0,1,5.29,3.97,SPY221021C00419000,419.0,normalDay
2022-07-19,6164.0,1271.0,0.0,100,392.27,378.0,0,0.0,0.0,,0.0,1,5.29,6.85,SPY221021C00419000,419.0,normalDay
2022-07-20,6164.0,1458.0,0.0,100,394.77,378.0,0,0.0,0.0,,0.0,1,5.29,7.48,SPY221021C00419000,419.0,normalDay
2022-07-21,6164.0,1771.0,0.0,100,398.79,378.0,0,0.0,0.0,,0.0,1,5.29,8.37,SPY221021C00419000,419.0,normalDay
2022-07-22,6164.0,1550.0,0.0,100,395.09,378.0,0,0.0,0.0,,0.0,1,5.29,6.88,SPY221021C00419000,419.0,normalDay
2022-07-25,6164.0,1585.0,0.0,100,395.57,378.0,0,0.0,0.0,,0.0,1,5.29,7.01,SPY221021C00419000,419.0,normalDay
2022-07-26,6164.0,1237.0,0.0,100,390.89,378.0,0,0.0,0.0,,0.0,1,5.29,5.81,SPY221021C00419000,419.0,normalDay
2022-07-27,6164.0,2014.0,0.0,100,401.04,378.0,0,0.0,0.0,,0.0,1,5.29,8.19,SPY221021C00419000,419.0,normalDay
2022-07-28,6164.0,2283.0,0.0,100,406.07,378.0,0,0.0,0.0,,0.0,1,5.29,10.53,SPY221021C00419000,419.0,normalDay
2022-07-29,6164.0,2670.0,0.0,100,411.99,378.0,0,0.0,0.0,,0.0,1,5.29,12.58,SPY221021C00419000,419.0,normalDay
2022-08-01,6164.0,2570.0,0.0,100,410.77,378.0,0,0.0,0.0,,0.0,1,5.29,12.36,SPY221021C00419000,419.0,normalDay
2022-08-02,6164.0,2405.0,0.0,100,408.06,378.0,0,0.0,0.0,,0.0,1,5.29,11.3,SPY221021C00419000,419.0,normalDay
2022-08-03,6164.0,2819.0,0.0,100,414.45,378.0,0,0.0,0.0,,0.0,1,5.29,13.55,SPY221021C00419000,419.0,normalDay
2022-08-04,6164.0,2794.0,0.0,100,414.17,378.0,0,0.0,0.0,,0.0,1,5.29,13.52,SPY221021C00419000,419.0,normalDay
2022-08-05,6164.0,2822.0,0.0,100,413.47,378.0,0,0.0,0.0,,0.0,1,5.29,12.54,SPY221021C00419000,419.0,normalDay
2022-08-08,6164.0,2788.0,0.0,100,412.99,378.0,0,0.0,0.0,,0.0,1,5.29,12.4,SPY221021C00419000,419.0,normalDay
2022-08-09,6164.0,2703.0,0.0,100,411.35,378.0,0,0.0,0.0,,0.0,1,5.29,11.61,SPY221021C00419000,419.0,normalDay
2022-08-10,6164.0,3219.0,0.0,100,419.99,378.0,0,0.0,0.0,,0.0,1,5.29,15.09,SPY221021C00419000,419.0,normalDay
2022-08-11,6164.0,3173.0,0.0,100,419.99,378.0,0,0.0,0.0,,0.0,1,5.29,15.55,SPY221021C00419000,419.0,normalDay
2022-08-12,6164.0,3501.0,0.0,100,427.1,378.0,0,0.0,0.0,,0.0,1,5.29,19.38,SPY221021C00419000,419.0,normalDay
2022-08-15,6164.0,3570.0,0.0,100,428.86,378.0,0,0.0,0.0,,0.0,1,5.29,20.45,SPY221021C00419000,419.0,normalDay
2022-08-16,6164.0,3618.0,0.0,100,429.7,378.0,0,0.0,0.0,,0.0,1,5.29,20.81,SPY221021C00419000,419.0,normalDay
2022-08-17,6164.0,3464.0,0.0,100,426.65,378.0,0,0.0,0.0,,0.0,1,5.29,19.3,SPY221021C00419000,419.0,normalDay
2022-08-18,6164.0,3584.0,0.0,100,427.89,378.0,0,0.0,0.0,,0.0,1,5.29,19.34,SPY221021C00419000,419.0,normalDay
2022-08-19,6164.0,3351.0,0.0,100,422.14,378.0,0,0.0,0.0,,0.0,1,5.29,15.92,SPY221021C00419000,419.0,normalDay
2022-08-22,6164.0,2897.0,0.0,100,413.35,378.0,0,0.0,0.0,,0.0,1,5.29,11.67,SPY221021C00419000,419.0,normalDay
2022-08-23,6164.0,2893.0,0.0,100,412.35,378.0,0,0.0,0.0,,0.0,1,5.29,10.71,SPY221021C00419000,419.0,normalDay
2022-08-24,6164.0,3011.0,0.0,100,413.67,378.0,0,0.0,0.0,,0.0,1,5.29,10.85,SPY221021C00419000,419.0,normalDay
2022-08-25,6164.0,3359.0,0.0,100,419.51,378.0,0,0.0,0.0,,0.0,1,5.29,13.21,SPY221021C00419000,419.0,normalDay
2022-08-26,6164.0,2517.0,0.0,100,405.31,378.0,0,0.0,0.0,,0.0,1,5.29,7.43,SPY221021C00419000,419.0,normalDay
2022-08-29,6164.0,2363.0,0.0,100,402.63,378.0,0,0.0,0.0,,0.0,1,5.29,6.29,SPY221021C00419000,419.0,normalDay
2022-08-30,6164.0,2080.0,0.0,100,398.21,378.0,0,0.0,0.0,,0.0,1,5.29,4.7,SPY221021C00419000,419.0,normalDay
2022-08-31,6164.0,1890.0,0.0,100,395.18,378.0,0,0.0,0.0,,0.0,1,5.29,3.57,SPY221021C00419000,419.0,normalDay
2022-09-01,6164.0,2010.0,0.0,100,396.42,378.0,0,0.0,0.0,,0.0,1,5.29,3.61,SPY221021C00419000,419.0,normalDay
2022-09-02,6164.0,1681.0,0.0,100,392.24,378.0,0,0.0,0.0,,0.0,1,5.29,2.72,SPY221021C00419000,419.0,normalDay
2022-09-06,6164.0,1574.0,0.0,100,390.76,378.0,0,0.0,0.0,,0.0,1,5.29,2.31,SPY221021C00419000,419.0,normalDay
2022-09-07,6164.0,2171.0,0.0,100,397.78,378.0,0,0.0,0.0,,0.0,1,5.29,3.36,SPY221021C00419000,419.0,normalDay
2022-09-08,6164.0,2377.0,0.0,100,400.38,378.0,0,0.0,0.0,,0.0,1,5.29,3.9,SPY221021C00419000,419.0,normalDay
2022-09-09,6164.0,2853.0,0.0,100,406.6,378.0,0,0.0,0.0,,0.0,1,5.29,5.36,SPY221021C00419000,419.0,normalDay
2022-09-12,6164.0,3089.0,0.0,100,410.97,378.0,0,0.0,0.0,,0.0,1,5.29,7.37,SPY221021C00419000,419.0,normalDay
2022-09-13,6164.0,1790.0,0.0,100,393.1,378.0,0,0.0,0.0,,0.0,1,5.29,2.49,SPY221021C00419000,419.0,normalDay
2022-09-14,6164.0,1947.0,0.0,100,394.6,378.0,0,0.0,0.0,,0.0,1,5.29,2.42,SPY221021C00419000,419.0,normalDay
2022-09-15,6164.0,1574.0,0.0,100,390.12,378.0,0,0.0,0.0,,0.0,1,5.29,1.67,SPY221021C00419000,419.0,normalDay
2022-09-16,6164.0,1164.0,0.0,100,385.56,378.0,0,0.0,0.0,,0.0,1,5.29,1.21,SPY221021C00419000,419.0,normalDay
2022-09-19,6164.0,1447.0,0.0,100,388.55,378.0,0,0.0,0.0,,0.0,1,5.29,1.37,SPY221021C00419000,419.0,normalDay
2022-09-20,6164.0,1041.0,0.0,100,384.09,378.0,0,0.0,0.0,,0.0,1,5.29,0.97,SPY221021C00419000,419.0,normalDay
2022-09-21,6164.0,415.0,0.0,100,377.39,378.0,0,0.0,0.0,,0.0,1,5.29,0.53,SPY221021C00419000,419.0,normalDay
2022-09-22,6164.0,118.0,0.0,100,374.22,378.0,0,0.0,0.0,,0.0,1,5.29,0.33,SPY221021C00419000,419.0,normalDay
2022-09-23,6164.0,-497.0,0.0,100,367.95,378.0,0,0.0,0.0,,0.0,1,5.29,0.21,SPY221021C00419000,419.0,normalDay
2022-09-26,6164.0,-856.0,0.0,100,364.31,378.0,0,0.0,0.0,,0.0,1,5.29,0.16,SPY221021C00419000,419.0,normalDay
2022-09-27,6164.0,-945.0,0.0,100,363.38,378.0,0,0.0,0.0,,0.0,1,5.29,0.12,SPY221021C00419000,419.0,normalDay
2022-09-28,6164.0,-237.0,0.0,100,370.53,378.0,0,0.0,0.0,,0.0,1,5.29,0.19,SPY221021C00419000,419.0,normalDay
2022-09-29,6164.0,-1000.0,0.0,100,362.79,378.0,0,0.0,0.0,,0.0,1,5.29,0.08,SPY221021C00419000,419.0,normalDay
2022-09-30,6164.0,-1558.0,0.0,100,357.18,378.0,0,0.0,0.0,,0.0,1,5.29,0.05,SPY221021C00419000,419.0,normalDay
2022-10-03,6164.0,-617.0,0.0,100,366.61,378.0,0,0.0,0.0,,0.0,1,5.29,0.07,SPY221021C00419000,419.0,normalDay
2022-10-04,6164.0,506.0,0.0,100,377.97,378.0,0,0.0,0.0,,0.0,1,5.29,0.2,SPY221021C00419000,419.0,normalDay
2022-10-05,6164.0,426.0,0.0,100,377.09,378.0,0,0.0,0.0,,0.0,1,5.29,0.12,SPY221021C00419000,419.0,normalDay
2022-10-06,6164.0,40.0,0.0,100,373.2,378.0,0,0.0,0.0,,0.0,1,5.29,0.09,SPY221021C00419000,419.0,normalDay
2022-10-07,6164.0,-995.0,0.0,100,362.79,378.0,0,0.0,0.0,,0.0,1,5.29,0.03,SPY221021C00419000,419.0,normalDay
2022-10-10,6164.0,-1272.0,0.0,100,360.02,378.0,0,0.0,0.0,,0.0,1,5.29,0.03,SPY221021C00419000,419.0,normalDay
2022-10-11,6164.0,-1499.0,0.0,100,357.74,378.0,0,0.0,0.0,,0.0,1,5.29,0.02,SPY221021C00419000,419.0,normalDay
2022-10-12,6164.0,-1617.0,0.0,100,356.56,378.0,0,0.0,0.0,,0.0,1,5.29,0.02,SPY221021C00419000,419.0,normalDay
2022-10-13,6164.0,-678.0,0.0,100,365.97,378.0,0,0.0,0.0,,0.0,1,5.29,0.04,SPY221021C00419000,419.0,normalDay
2022-10-14,6164.0,-1510.0,0.0,100,357.63,378.0,0,0.0,0.0,,0.0,1,5.29,0.02,SPY221021C00419000,419.0,normalDay
2022-10-17,6164.0,-591.0,0.0,100,366.82,378.0,0,0.0,0.0,,0.0,1,5.29,0.02,SPY221021C00419000,419.0,normalDay
2022-10-18,6164.0,-159.0,0.0,100,371.13,378.0,0,0.0,0.0,,0.0,1,5.29,0.01,SPY221021C00419000,419.0,normalDay
2022-10-19,6164.0,-422.0,0.0,100,368.5,378.0,0,0.0,0.0,,0.0,1,5.29,0.01,SPY221021C00419000,419.0,normalDay
2022-10-20,6164.0,-731.0,0.0,100,365.41,378.0,0,0.0,0.0,,0.0,1,5.29,0.01,SPY221021C00419000,419.0,normalDay
2022-10-21,6693.0,-371.0,529.0,100,374.29,378.0,0,0.0,0.0,,0.0,1,5.29,0.0,SPY221021C00419000,419.0,expirationDay
2022-10-24,6693.0,66.0,0.0,100,378.87,378.0,0,0.0,0.0,,0.0,1,25.65,25.86,SPY230217C00376000,376.0,normalDay
2022-10-25,6693.0,425.0,0.0,100,384.92,378.0,0,0.0,0.0,,0.0,1,25.65,28.32,SPY230217C00376000,376.0,normalDay
2022-10-26,6693.0,228.0,0.0,100,382.02,378.0,0,0.0,0.0,,0.0,1,25.65,27.39,SPY230217C00376000,376.0,normalDay
2022-10-27,6693.0,464.0,0.0,100,379.98,378.0,0,0.0,0.0,,0.0,1,25.65,22.99,SPY230217C00376000,376.0,normalDay
2022-10-28,6693.0,583.0,0.0,100,389.02,378.0,0,0.0,0.0,,0.0,1,25.65,30.84,SPY230217C00376000,376.0,normalDay
2022-10-31,6693.0,526.0,0.0,100,386.21,378.0,0,0.0,0.0,,0.0,1,25.65,28.6,SPY230217C00376000,376.0,normalDay
2022-11-01,6693.0,527.0,0.0,100,384.52,378.0,0,0.0,0.0,,0.0,1,25.65,26.9,SPY230217C00376000,376.0,normalDay
2022-11-02,6693.0,161.0,0.0,100,374.87,378.0,0,0.0,0.0,,0.0,1,25.65,20.91,SPY230217C00376000,376.0,normalDay
2022-11-03,6693.0,19.0,0.0,100,371.01,378.0,0,0.0,0.0,,0.0,1,25.65,18.47,SPY230217C00376000,376.0,normalDay
2022-11-04,6693.0,284.0,0.0,100,376.35,378.0,0,0.0,0.0,,0.0,1,25.65,21.16,SPY230217C00376000,376.0,normalDay
2022-11-07,6693.0,468.0,0.0,100,379.95,378.0,0,0.0,0.0,,0.0,1,25.65,22.92,SPY230217C00376000,376.0,normalDay
2022-11-08,6693.0,548.0,0.0,100,382.0,378.0,0,0.0,0.0,,0.0,1,25.65,24.17,SPY230217C00376000,376.0,normalDay
2022-11-09,6693.0,186.0,0.0,100,374.13,378.0,0,0.0,0.0,,0.0,1,25.65,19.92,SPY230217C00376000,376.0,normalDay
2022-11-10,6693.0,945.0,0.0,100,394.69,378.0,0,0.0,0.0,,0.0,1,25.65,32.89,SPY230217C00376000,376.0,normalDay
2022-11-11,6693.0,1114.0,0.0,100,398.51,378.0,0,0.0,0.0,,0.0,1,25.65,35.02,SPY230217C00376000,376.0,normalDay
2022-11-14,6693.0,987.0,0.0,100,395.12,378.0,0,0.0,0.0,,0.0,1,25.65,32.9,SPY230217C00376000,376.0,normalDay
2022-11-15,6693.0,1105.0,0.0,100,398.49,378.0,0,0.0,0.0,,0.0,1,25.65,35.09,SPY230217C00376000,376.0,normalDay
2022-11-16,6693.0,1051.0,0.0,100,395.45,378.0,0,0.0,0.0,,0.0,1,25.65,32.59,SPY230217C00376000,376.0,normalDay
2022-11-17,6693.0,1061.0,0.0,100,394.24,378.0,0,0.0,0.0,,0.0,1,25.65,31.28,SPY230217C00376000,376.0,normalDay
2022-11-18,6693.0,1172.0,0.0,100,396.03,378.0,0,0.0,0.0,,0.0,1,25.65,31.96,SPY230217C00376000,376.0,normalDay
2022-11-21,6693.0,1159.0,0.0,100,394.59,378.0,0,0.0,0.0,,0.0,1,25.65,30.65,SPY230217C00376000,376.0,normalDay
2022-11-22,6693.0,1361.0,0.0,100,399.9,378.0,0,0.0,0.0,,0.0,1,25.65,33.94,SPY230217C00376000,376.0,normalDay
2022-11-23,6693.0,1427.0,0.0,100,402.42,378.0,0,0.0,0.0,,0.0,1,25.65,35.8,SPY230217C00376000,376.0,normalDay
2022-11-25,6693.0,1241.0,0.0,100,402.33,378.0,0,0.0,0.0,,0.0,1,25.65,37.57,SPY230217C00376000,376.0,normalDay
2022-11-28,6693.0,1261.0,0.0,100,395.91,378.0,0,0.0,0.0,,0.0,1,25.65,30.95,SPY230217C00376000,376.0,normalDay
2022-11-29,6693.0,1282.0,0.0,100,395.23,378.0,0,0.0,0.0,,0.0,1,25.65,30.06,SPY230217C00376000,376.0,normalDay
2022-11-30,6693.0,1561.0,0.0,100,407.68,378.0,0,0.0,0.0,,0.0,1,25.65,39.72,SPY230217C00376000,376.0,normalDay
2022-12-01,6693.0,1639.0,0.0,100,407.38,378.0,0,0.0,0.0,,0.0,1,25.65,38.64,SPY230217C00376000,376.0,normalDay
2022-12-02,6693.0,1675.0,0.0,100,406.91,378.0,0,0.0,0.0,,0.0,1,25.65,37.81,SPY230217C00376000,376.0,normalDay
2022-12-05,6693.0,1492.0,0.0,100,399.59,378.0,0,0.0,0.0,,0.0,1,25.65,32.32,SPY230217C00376000,376.0,normalDay
2022-12-06,6693.0,1315.0,0.0,100,393.83,378.0,0,0.0,0.0,,0.0,1,25.65,28.33,SPY230217C00376000,376.0,normalDay
2022-12-07,6693.0,1298.0,0.0,100,393.16,378.0,0,0.0,0.0,,0.0,1,25.65,27.83,SPY230217C00376000,376.0,normalDay
2022-12-08,6693.0,1410.0,0.0,100,396.24,378.0,0,0.0,0.0,,0.0,1,25.65,29.79,SPY230217C00376000,376.0,normalDay
2022-12-09,6693.0,1321.0,0.0,100,393.28,378.0,0,0.0,0.0,,0.0,1,25.65,27.72,SPY230217C00376000,376.0,normalDay
2022-12-12,6693.0,1504.0,0.0,100,398.95,378.0,0,0.0,0.0,,0.0,1,25.65,31.56,SPY230217C00376000,376.0,normalDay
2022-12-13,6693.0,1613.0,0.0,100,401.97,378.0,0,0.0,0.0,,0.0,1,25.65,33.49,SPY230217C00376000,376.0,normalDay
2022-12-14,6693.0,1569.0,0.0,100,399.4,378.0,0,0.0,0.0,,0.0,1,25.65,31.36,SPY230217C00376000,376.0,normalDay
2022-12-15,6693.0,1355.0,0.0,100,389.63,378.0,0,0.0,0.0,,0.0,1,25.65,23.73,SPY230217C00376000,376.0,normalDay
2022-12-16,6693.0,1057.0,0.0,100,383.27,378.0,0,0.0,0.0,,0.0,1,25.65,20.35,SPY230217C00376000,376.0,normalDay
2022-12-19,6693.0,1011.0,0.0,100,380.02,378.0,0,0.0,0.0,,0.0,1,25.65,17.56,SPY230217C00376000,376.0,normalDay
2022-12-20,6693.0,1048.0,0.0,100,380.54,378.0,0,0.0,0.0,,0.0,1,25.65,17.71,SPY230217C00376000,376.0,normalDay
2022-12-21,6693.0,1295.0,0.0,100,386.23,378.0,0,0.0,0.0,,0.0,1,25.65,20.93,SPY230217C00376000,376.0,normalDay
2022-12-22,6693.0,1079.0,0.0,100,380.72,378.0,0,0.0,0.0,,0.0,1,25.65,17.58,SPY230217C00376000,376.0,normalDay
2022-12-23,6693.0,1199.0,0.0,100,382.91,378.0,0,0.0,0.0,,0.0,1,25.65,18.57,SPY230217C00376000,376.0,normalDay
2022-12-27,6693.0,1167.0,0.0,100,381.4,378.0,0,0.0,0.0,,0.0,1,25.65,17.38,SPY230217C00376000,376.0,normalDay
2022-12-28,6693.0,991.0,0.0,100,376.66,378.0,0,0.0,0.0,,0.0,1,25.65,14.4,SPY230217C00376000,376.0,normalDay
2022-12-29,6693.0,1290.0,0.0,100,383.44,378.0,0,0.0,0.0,,0.0,1,25.65,18.19,SPY230217C00376000,376.0,normalDay
2022-12-30,6693.0,1251.0,0.0,100,382.43,378.0,0,0.0,0.0,,0.0,1,25.65,17.57,SPY230217C00376000,376.0,normalDay
2023-01-03,6693.0,1277.0,0.0,100,380.82,378.0,0,0.0,0.0,,0.0,1,25.65,15.7,SPY230217C00376000,376.0,normalDay
2023-01-04,6693.0,1398.0,0.0,100,383.76,378.0,0,0.0,0.0,,0.0,1,25.65,17.43,SPY230217C00376000,376.0,normalDay
2023-01-05,6693.0,1261.0,0.0,100,379.38,378.0,0,0.0,0.0,,0.0,1,25.65,14.42,SPY230217C00376000,376.0,normalDay
2023-01-06,6693.0,1607.0,0.0,100,388.08,378.0,0,0.0,0.0,,0.0,1,25.65,19.66,SPY230217C00376000,376.0,normalDay
2023-01-09,6693.0,1612.0,0.0,100,387.86,378.0,0,0.0,0.0,,0.0,1,25.65,19.39,SPY230217C00376000,376.0,normalDay
2023-01-10,6693.0,1721.0,0.0,100,390.58,378.0,0,0.0,0.0,,0.0,1,25.65,21.02,SPY230217C00376000,376.0,normalDay
2023-01-11,6693.0,1823.0,0.0,100,395.52,378.0,0,0.0,0.0,,0.0,1,25.65,24.94,SPY230217C00376000,376.0,normalDay
2023-01-12,6693.0,1931.0,0.0,100,396.96,378.0,0,0.0,0.0,,0.0,1,25.65,25.3,SPY230217C00376000,376.0,normalDay
2023-01-13,6693.0,2008.0,0.0,100,398.5,378.0,0,0.0,0.0,,0.0,1,25.65,26.07,SPY230217C00376000,376.0,normalDay
2023-01-17,6693.0,1989.0,0.0,100,397.77,378.0,0,0.0,0.0,,0.0,1,25.65,25.53,SPY230217C00376000,376.0,normalDay
2023-01-18,6693.0,1895.0,0.0,100,391.49,378.0,0,0.0,0.0,,0.0,1,25.65,20.19,SPY230217C00376000,376.0,normalDay
2023-01-19,6693.0,1829.0,0.0,100,388.64,378.0,0,0.0,0.0,,0.0,1,25.65,18.0,SPY230217C00376000,376.0,normalDay
2023-01-20,6693.0,2021.0,0.0,100,395.88,378.0,0,0.0,0.0,,0.0,1,25.65,23.32,SPY230217C00376000,376.0,normalDay
2023-01-23,6693.0,2104.0,0.0,100,400.63,378.0,0,0.0,0.0,,0.0,1,25.65,27.24,SPY230217C00376000,376.0,normalDay
2023-01-24,6693.0,2000.0,0.0,100,400.2,378.0,0,0.0,0.0,,0.0,1,25.65,27.85,SPY230217C00376000,376.0,normalDay
2023-01-25,6693.0,2084.0,0.0,100,400.35,378.0,0,0.0,0.0,,0.0,1,25.65,27.16,SPY230217C00376000,376.0,normalDay
2023-01-26,6693.0,2159.0,0.0,100,404.75,378.0,0,0.0,0.0,,0.0,1,25.65,30.81,SPY230217C00376000,376.0,normalDay
2023-01-27,6693.0,2193.0,0.0,100,405.68,378.0,0,0.0,0.0,,0.0,1,25.65,31.4,SPY230217C00376000,376.0,normalDay
2023-01-30,6693.0,2088.0,0.0,100,400.59,378.0,0,0.0,0.0,,0.0,1,25.65,27.36,SPY230217C00376000,376.0,normalDay
2023-01-31,6693.0,2220.0,0.0,100,406.48,378.0,0,0.0,0.0,,0.0,1,25.65,31.93,SPY230217C00376000,376.0,normalDay
2023-02-01,6693.0,2123.0,0.0,100,410.8,378.0,0,0.0,0.0,,0.0,1,25.65,37.22,SPY230217C00376000,376.0,normalDay
2023-02-02,6693.0,2353.0,0.0,100,416.78,378.0,0,0.0,0.0,,0.0,1,25.65,40.9,SPY230217C00376000,376.0,normalDay
2023-02-03,6693.0,2270.0,0.0,100,412.35,378.0,0,0.0,0.0,,0.0,1,25.65,37.3,SPY230217C00376000,376.0,normalDay
2023-02-06,6693.0,2264.0,0.0,100,409.83,378.0,0,0.0,0.0,,0.0,1,25.65,34.84,SPY230217C00376000,376.0,normalDay
2023-02-07,6693.0,2359.0,0.0,100,415.19,378.0,0,0.0,0.0,,0.0,1,25.65,39.25,SPY230217C00376000,376.0,normalDay
2023-02-08,6693.0,2278.0,0.0,100,410.65,378.0,0,0.0,0.0,,0.0,1,25.65,35.52,SPY230217C00376000,376.0,normalDay
2023-02-09,6693.0,2269.0,0.0,100,407.09,378.0,0,0.0,0.0,,0.0,1,25.65,32.05,SPY230217C00376000,376.0,normalDay
2023-02-10,6693.0,2326.0,0.0,100,408.04,378.0,0,0.0,0.0,,0.0,1,25.65,32.43,SPY230217C00376000,376.0,normalDay
2023-02-13,6693.0,2314.0,0.0,100,412.83,378.0,0,0.0,0.0,,0.0,1,25.65,37.34,SPY230217C00376000,376.0,normalDay
2023-02-14,6693.0,2387.0,0.0,100,412.64,378.0,0,0.0,0.0,,0.0,1,25.65,36.42,SPY230217C00376000,376.0,normalDay
2023-02-15,6693.0,2322.0,0.0,100,413.98,378.0,0,0.0,0.0,,0.0,1,25.65,38.41,SPY230217C00376000,376.0,normalDay
2023-02-16,6693.0,2354.0,0.0,100,408.28,378.0,0,0.0,0.0,,0.0,1,25.65,32.39,SPY230217C00376000,376.0,normalDay
2023-02-17,9058.0,2354.0,2365.0,0,407.26,0.0,0,0.0,0.0,,0.0,1,25.65,0.0,SPY230217C00376000,376.0,expirationDay
2023-02-21,9058.0,-6.0,0.0,0,399.09,0.0,1,10.13,10.19,SPY230519P00387000,387.0,0,0.0,0.0,,0.0,normalDay
2023-02-22,9058.0,11.0,0.0,0,398.54,0.0,1,10.13,10.02,SPY230519P00387000,387.0,0,0.0,0.0,,0.0,normalDay
2023-02-23,9058.0,111.0,0.0,0,400.66,0.0,1,10.13,9.02,SPY230519P00387000,387.0,0,0.0,0.0,,0.0,normalDay
2023-02-24,9058.0,-46.0,0.0,0,396.38,0.0,1,10.13,10.59,SPY230519P00387000,387.0,0,0.0,0.0,,0.0,normalDay
2023-02-27,9058.0,66.0,0.0,0,397.73,0.0,1,10.13,9.47,SPY230519P00387000,387.0,0,0.0,0.0,,0.0,normalDay
2023-02-28,9058.0,33.0,0.0,0,396.26,0.0,1,10.13,9.8,SPY230519P00387000,387.0,0,0.0,0.0,,0.0,normalDay
2023-03-01,9058.0,-6.0,0.0,0,394.74,0.0,1,10.13,10.19,SPY230519P00387000,387.0,0,0.0,0.0,,0.0,normalDay
2023-03-02,9058.0,127.0,0.0,0,397.81,0.0,1,10.13,8.86,SPY230519P00387000,387.0,0,0.0,0.0,,0.0,normalDay
2023-03-03,9058.0,343.0,0.0,0,404.19,0.0,1,10.13,6.7,SPY230519P00387000,387.0,0,0.0,0.0,,0.0,normalDay
2023-03-06,9058.0,374.0,0.0,0,404.47,0.0,1,10.13,6.39,SPY230519P00387000,387.0,0,0.0,0.0,,0.0,normalDay
2023-03-07,9058.0,194.0,0.0,0,398.27,0.0,1,10.13,8.19,SPY230519P00387000,387.0,0,0.0,0.0,,0.0,normalDay
2023-03-08,9058.0,244.0,0.0,0,398.92,0.0,1,10.13,7.69,SPY230519P00387000,387.0,0,0.0,0.0,,0.0,normalDay
2023-03-09,9058.0,-125.0,0.0,0,391.56,0.0,1,10.13,11.38,SPY230519P00387000,387.0,0,0.0,0.0,,0.0,normalDay
2023-03-10,9058.0,-392.0,0.0,0,385.91,0.0,1,10.13,14.05,SPY230519P00387000,387.0,0,0.0,0.0,,0.0,normalDay
2023-03-13,9058.0,-439.0,0.0,0,385.36,0.0,1,10.13,14.52,SPY230519P00387000,387.0,0,0.0,0.0,,0.0,normalDay
2023-03-14,9058.0,-114.0,0.0,0,391.73,0.0,1,10.13,11.27,SPY230519P00387000,387.0,0,0.0,0.0,,0.0,normalDay
2023-03-15,9058.0,-281.0,0.0,0,389.28,0.0,1,10.13,12.94,SPY230519P00387000,387.0,0,0.0,0.0,,0.0,normalDay
2023-03-16,9058.0,67.0,0.0,0,396.11,0.0,1,10.13,9.46,SPY230519P00387000,387.0,0,0.0,0.0,,0.0,normalDay
2023-03-17,9058.0,-177.0,0.0,0,389.99,0.0,1,10.13,11.9,SPY230519P00387000,387.0,0,0.0,0.0,,0.0,normalDay
2023-03-20,9058.0,10.0,0.0,0,393.74,0.0,1,10.13,10.03,SPY230519P00387000,387.0,0,0.0,0.0,,0.0,normalDay
2023-03-21,9058.0,260.0,0.0,0,398.91,0.0,1,10.13,7.53,SPY230519P00387000,387.0,0,0.0,0.0,,0.0,normalDay
2023-03-22,9058.0,25.0,0.0,0,392.11,0.0,1,10.13,9.88,SPY230519P00387000,387.0,0,0.0,0.0,,0.0,normalDay
2023-03-23,9058.0,42.0,0.0,0,393.17,0.0,1,10.13,9.71,SPY230519P00387000,387.0,0,0.0,0.0,,0.0,normalDay
2023-03-24,9058.0,169.0,0.0,0,395.75,0.0,1,10.13,8.44,SPY230519P00387000,387.0,0,0.0,0.0,,0.0,normalDay
2023-03-27,9058.0,278.0,0.0,0,396.49,0.0,1,10.13,7.35,SPY230519P00387000,387.0,0,0.0,0.0,,0.0,normalDay
2023-03-28,9058.0,297.0,0.0,0,395.6,0.0,1,10.13,7.16,SPY230519P00387000,387.0,0,0.0,0.0,,0.0,normalDay
2023-03-29,9058.0,464.0,0.0,0,401.35,0.0,1,10.13,5.49,SPY230519P00387000,387.0,0,0.0,0.0,,0.0,normalDay
2023-03-30,9058.0,528.0,0.0,0,403.7,0.0,1,10.13,4.85,SPY230519P00387000,387.0,0,0.0,0.0,,0.0,normalDay
2023-03-31,9058.0,632.0,0.0,0,409.39,0.0,1,10.13,3.81,SPY230519P00387000,387.0,0,0.0,0.0,,0.0,normalDay
2023-04-03,9058.0,699.0,0.0,0,410.95,0.0,1,10.13,3.14,SPY230519P00387000,387.0,0,0.0,0.0,,0.0,normalDay
2023-04-04,9058.0,666.0,0.0,0,408.67,0.0,1,10.13,3.47,SPY230519P00387000,387.0,0,0.0,0.0,,0.0,normalDay
2023-04-05,9058.0,649.0,0.0,0,407.6,0.0,1,10.13,3.64,SPY230519P00387000,387.0,0,0.0,0.0,,0.0,normalDay
2023-04-06,9058.0,699.0,0.0,0,409.19,0.0,1,10.13,3.14,SPY230519P00387000,387.0,0,0.0,0.0,,0.0,normalDay
2023-04-10,9058.0,733.0,0.0,0,409.61,0.0,1,10.13,2.8,SPY230519P00387000,387.0,0,0.0,0.0,,0.0,normalDay
2023-04-11,9058.0,741.0,0.0,0,409.72,0.0,1,10.13,2.72,SPY230519P00387000,387.0,0,0.0,0.0,,0.0,normalDay
2023-04-12,9058.0,722.0,0.0,0,408.05,0.0,1,10.13,2.91,SPY230519P00387000,387.0,0,0.0,0.0,,0.0,normalDay
2023-04-13,9058.0,828.0,0.0,0,413.47,0.0,1,10.13,1.85,SPY230519P00387000,387.0,0,0.0,0.0,,0.0,normalDay
2023-04-14,9058.0,844.0,0.0,0,412.46,0.0,1,10.13,1.69,SPY230519P00387000,387.0,0,0.0,0.0,,0.0,normalDay
2023-04-17,9058.0,875.0,0.0,0,413.94,0.0,1,10.13,1.38,SPY230519P00387000,387.0,0,0.0,0.0,,0.0,normalDay
2023-04-18,9058.0,877.0,0.0,0,414.21,0.0,1,10.13,1.36,SPY230519P00387000,387.0,0,0.0,0.0,,0.0,normalDay
2023-04-19,9058.0,883.0,0.0,0,414.14,0.0,1,10.13,1.3,SPY230519P00387000,387.0,0,0.0,0.0,,0.0,normalDay
2023-04-20,9058.0,863.0,0.0,0,411.88,0.0,1,10.13,1.5,SPY230519P00387000,387.0,0,0.0,0.0,,0.0,normalDay
2023-04-21,9058.0,876.0,0.0,0,412.2,0.0,1,10.13,1.37,SPY230519P00387000,387.0,0,0.0,0.0,,0.0,normalDay
2023-04-24,9058.0,898.0,0.0,0,412.63,0.0,1,10.13,1.15,SPY230519P00387000,387.0,0,0.0,0.0,,0.0,normalDay
2023-04-25,9058.0,814.0,0.0,0,406.08,0.0,1,10.13,1.99,SPY230519P00387000,387.0,0,0.0,0.0,,0.0,normalDay
2023-04-26,9058.0,789.0,0.0,0,404.36,0.0,1,10.13,2.24,SPY230519P00387000,387.0,0,0.0,0.0,,0.0,normalDay
2023-04-27,9058.0,925.0,0.0,0,412.41,0.0,1,10.13,0.88,SPY230519P00387000,387.0,0,0.0,0.0,,0.0,normalDay
2023-04-28,9058.0,955.0,0.0,0,415.93,0.0,1,10.13,0.58,SPY230519P00387000,387.0,0,0.0,0.0,,0.0,normalDay
2023-05-01,9058.0,960.0,0.0,0,415.51,0.0,1,10.13,0.53,SPY230519P00387000,387.0,0,0.0,0.0,,0.0,normalDay
2023-05-02,9058.0,925.0,0.0,0,410.84,0.0,1,10.13,0.88,SPY230519P00387000,387.0,0,0.0,0.0,,0.0,normalDay
2023-05-03,9058.0,907.0,0.0,0,408.02,0.0,1,10.13,1.06,SPY230519P00387000,387.0,0,0.0,0.0,,0.0,normalDay
2023-05-04,9058.0,853.0,0.0,0,405.13,0.0,1,10.13,1.6,SPY230519P00387000,387.0,0,0.0,0.0,,0.0,normalDay
2023-05-05,9058.0,964.0,0.0,0,412.63,0.0,1,10.13,0.49,SPY230519P00387000,387.0,0,0.0,0.0,,0.0,normalDay
2023-05-08,9058.0,983.0,0.0,0,412.74,0.0,1,10.13,0.3,SPY230519P00387000,387.0,0,0.0,0.0,,0.0,normalDay
2023-05-09,9058.0,982.0,0.0,0,410.93,0.0,1,10.13,0.31,SPY230519P00387000,387.0,0,0.0,0.0,,0.0,normalDay
2023-05-10,9058.0,993.0,0.0,0,412.85,0.0,1,10.13,0.2,SPY230519P00387000,387.0,0,0.0,0.0,,0.0,normalDay
2023-05-11,9058.0,996.0,0.0,0,412.13,0.0,1,10.13,0.17,SPY230519P00387000,387.0,0,0.0,0.0,,0.0,normalDay
2023-05-12,9058.0,998.0,0.0,0,411.59,0.0,1,10.13,0.15,SPY230519P00387000,387.0,0,0.0,0.0,,0.0,normalDay
2023-05-15,9058.0,1006.0,0.0,0,413.01,0.0,1,10.13,0.07,SPY230519P00387000,387.0,0,0.0,0.0,,0.0,normalDay
2023-05-16,9058.0,1004.0,0.0,0,410.25,0.0,1,10.13,0.09,SPY230519P00387000,387.0,0,0.0,0.0,,0.0,normalDay
2023-05-17,9058.0,1009.0,0.0,0,415.23,0.0,1,10.13,0.04,SPY230519P00387000,387.0,0,0.0,0.0,,0.0,normalDay
2023-05-18,9058.0,1010.0,0.0,0,419.23,0.0,1,10.13,0.03,SPY230519P00387000,387.0,0,0.0,0.0,,0.0,normalDay
2023-05-19,10071.0,0.0,1013.0,0,418.62,0.0,1,10.13,0.0,SPY230519P00387000,387.0,0,0.0,0.0,,0.0,expirationDay
2023-05-22,10071.0,-4.0,0.0,0,418.79,0.0,1,3.92,3.96,SPY230721P00395000,395.0,0,0.0,0.0,,0.0,normalDay
2023-05-23,10071.0,-107.0,0.0,0,414.09,0.0,1,3.92,4.99,SPY230721P00395000,395.0,0,0.0,0.0,,0.0,normalDay
2023-05-24,10071.0,-196.0,0.0,0,411.09,0.0,1,3.92,5.88,SPY230721P00395000,395.0,0,0.0,0.0,,0.0,normalDay
2023-05-25,10071.0,-95.0,0.0,0,414.65,0.0,1,3.92,4.87,SPY230721P00395000,395.0,0,0.0,0.0,,0.0,normalDay
2023-05-26,10071.0,29.0,0.0,0,420.02,0.0,1,3.92,3.63,SPY230721P00395000,395.0,0,0.0,0.0,,0.0,normalDay
2023-05-30,10071.0,74.0,0.0,0,420.18,0.0,1,3.92,3.18,SPY230721P00395000,395.0,0,0.0,0.0,,0.0,normalDay
2023-05-31,10071.0,50.0,0.0,0,417.85,0.0,1,3.92,3.42,SPY230721P00395000,395.0,0,0.0,0.0,,0.0,normalDay
2023-06-01,10071.0,152.0,0.0,0,421.82,0.0,1,3.92,2.4,SPY230721P00395000,395.0,0,0.0,0.0,,0.0,normalDay
2023-06-02,10071.0,229.0,0.0,0,427.92,0.0,1,3.92,1.63,SPY230721P00395000,395.0,0,0.0,0.0,,0.0,normalDay
2023-06-05,10071.0,236.0,0.0,0,427.1,0.0,1,3.92,1.56,SPY230721P00395000,395.0,0,0.0,0.0,,0.0,normalDay
2023-06-06,10071.0,264.0,0.0,0,428.03,0.0,1,3.92,1.28,SPY230721P00395000,395.0,0,0.0,0.0,,0.0,normalDay
2023-06-07,10071.0,259.0,0.0,0,426.55,0.0,1,3.92,1.33,SPY230721P00395000,395.0,0,0.0,0.0,,0.0,normalDay
2023-06-08,10071.0,281.0,0.0,0,429.13,0.0,1,3.92,1.11,SPY230721P00395000,395.0,0,0.0,0.0,,0.0,normalDay
2023-06-09,10071.0,283.0,0.0,0,429.9,0.0,1,3.92,1.09,SPY230721P00395000,395.0,0,0.0,0.0,,0.0,normalDay
2023-06-12,10071.0,296.0,0.0,0,433.8,0.0,1,3.92,0.96,SPY230721P00395000,395.0,0,0.0,0.0,,0.0,normalDay
2023-06-13,10071.0,312.0,0.0,0,436.66,0.0,1,3.92,0.8,SPY230721P00395000,395.0,0,0.0,0.0,,0.0,normalDay
2023-06-14,10071.0,328.0,0.0,0,437.18,0.0,1,3.92,0.64,SPY230721P00395000,395.0,0,0.0,0.0,,0.0,normalDay
2023-06-15,10071.0,334.0,0.0,0,442.6,0.0,1,3.92,0.58,SPY230721P00395000,395.0,0,0.0,0.0,,0.0,normalDay
2023-06-16,10071.0,347.0,0.0,0,439.46,0.0,1,3.92,0.45,SPY230721P00395000,395.0,0,0.0,0.0,,0.0,normalDay
2023-06-20,10071.0,349.0,0.0,0,437.18,0.0,1,3.92,0.43,SPY230721P00395000,395.0,0,0.0,0.0,,0.0,normalDay
2023-06-21,10071.0,352.0,0.0,0,434.94,0.0,1,3.92,0.4,SPY230721P00395000,395.0,0,0.0,0.0,,0.0,normalDay
2023-06-22,10071.0,359.0,0.0,0,436.51,0.0,1,3.92,0.33,SPY230721P00395000,395.0,0,0.0,0.0,,0.0,normalDay
2023-06-23,10071.0,351.0,0.0,0,433.21,0.0,1,3.92,0.41,SPY230721P00395000,395.0,0,0.0,0.0,,0.0,normalDay
2023-06-26,10071.0,347.0,0.0,0,431.44,0.0,1,3.92,0.45,SPY230721P00395000,395.0,0,0.0,0.0,,0.0,normalDay
2023-06-27,10071.0,362.0,0.0,0,436.17,0.0,1,3.92,0.3,SPY230721P00395000,395.0,0,0.0,0.0,,0.0,normalDay
2023-06-28,10071.0,369.0,0.0,0,436.39,0.0,1,3.92,0.23,SPY230721P00395000,395.0,0,0.0,0.0,,0.0,normalDay
2023-06-29,10071.0,370.0,0.0,0,438.11,0.0,1,3.92,0.22,SPY230721P00395000,395.0,0,0.0,0.0,,0.0,normalDay
2023-06-30,10071.0,373.0,0.0,0,443.28,0.0,1,3.92,0.19,SPY230721P00395000,395.0,0,0.0,0.0,,0.0,normalDay
2023-07-03,10071.0,377.0,0.0,0,443.79,0.0,1,3.92,0.15,SPY230721P00395000,395.0,0,0.0,0.0,,0.0,normalDay
2023-07-05,10071.0,377.0,0.0,0,443.13,0.0,1,3.92,0.15,SPY230721P00395000,395.0,0,0.0,0.0,,0.0,normalDay
2023-07-06,10071.0,373.0,0.0,0,439.66,0.0,1,3.92,0.19,SPY230721P00395000,395.0,0,0.0,0.0,,0.0,normalDay
2023-07-07,10071.0,377.0,0.0,0,438.55,0.0,1,3.92,0.15,SPY230721P00395000,395.0,0,0.0,0.0,,0.0,normalDay
2023-07-10,10071.0,381.0,0.0,0,439.66,0.0,1,3.92,0.11,SPY230721P00395000,395.0,0,0.0,0.0,,0.0,normalDay
2023-07-11,10071.0,382.0,0.0,0,442.46,0.0,1,3.92,0.1,SPY230721P00395000,395.0,0,0.0,0.0,,0.0,normalDay
2023-07-12,10071.0,385.0,0.0,0,446.02,0.0,1,3.92,0.07,SPY230721P00395000,395.0,0,0.0,0.0,,0.0,normalDay
2023-07-13,10071.0,386.0,0.0,0,449.56,0.0,1,3.92,0.06,SPY230721P00395000,395.0,0,0.0,0.0,,0.0,normalDay
2023-07-14,10071.0,387.0,0.0,0,449.28,0.0,1,3.92,0.05,SPY230721P00395000,395.0,0,0.0,0.0,,0.0,normalDay
2023-07-17,10071.0,389.0,0.0,0,450.84,0.0,1,3.92,0.03,SPY230721P00395000,395.0,0,0.0,0.0,,0.0,normalDay
2023-07-18,10071.0,390.0,0.0,0,454.19,0.0,1,3.92,0.02,SPY230721P00395000,395.0,0,0.0,0.0,,0.0,normalDay
2023-07-19,10071.0,390.0,0.0,0,455.2,0.0,1,3.92,0.02,SPY230721P00395000,395.0,0,0.0,0.0,,0.0,normalDay
2023-07-20,10071.0,391.0,0.0,0,452.18,0.0,1,3.92,0.01,SPY230721P00395000,395.0,0,0.0,0.0,,0.0,normalDay
2023-07-21,10463.0,0.0,392.0,0,452.18,0.0,1,3.92,0.0,SPY230721P00395000,395.0,0,0.0,0.0,,0.0,expirationDay
2023-07-24,10463.0,-3.0,0.0,0,454.2,0.0,1,2.06,2.09,SPY230929P00416000,416.0,0,0.0,0.0,,0.0,normalDay
2023-07-25,10463.0,6.0,0.0,0,455.44,0.0,1,2.06,2.0,SPY230929P00416000,416.0,0,0.0,0.0,,0.0,normalDay
2023-07-26,10463.0,27.0,0.0,0,455.51,0.0,1,2.06,1.79,SPY230929P00416000,416.0,0,0.0,0.0,,0.0,normalDay
2023-07-27,10463.0,-18.0,0.0,0,452.49,0.0,1,2.06,2.24,SPY230929P00416000,416.0,0,0.0,0.0,,0.0,normalDay
2023-07-28,10463.0,35.0,0.0,0,456.92,0.0,1,2.06,1.71,SPY230929P00416000,416.0,0,0.0,0.0,,0.0,normalDay
2023-07-31,10463.0,49.0,0.0,0,457.79,0.0,1,2.06,1.57,SPY230929P00416000,416.0,0,0.0,0.0,,0.0,normalDay
2023-08-01,10463.0,38.0,0.0,0,456.48,0.0,1,2.06,1.68,SPY230929P00416000,416.0,0,0.0,0.0,,0.0,normalDay
2023-08-02,10463.0,-54.0,0.0,0,450.13,0.0,1,2.06,2.6,SPY230929P00416000,416.0,0,0.0,0.0,,0.0,normalDay
2023-08-03,10463.0,-46.0,0.0,0,448.84,0.0,1,2.06,2.52,SPY230929P00416000,416.0,0,0.0,0.0,,0.0,normalDay
2023-08-04,10463.0,-104.0,0.0,0,446.81,0.0,1,2.06,3.1,SPY230929P00416000,416.0,0,0.0,0.0,,0.0,normalDay
2023-08-07,10463.0,-18.0,0.0,0,450.71,0.0,1,2.06,2.24,SPY230929P00416000,416.0,0,0.0,0.0,,0.0,normalDay
2023-08-08,10463.0,-41.0,0.0,0,448.75,0.0,1,2.06,2.47,SPY230929P00416000,416.0,0,0.0,0.0,,0.0,normalDay
2023-08-09,10463.0,-55.0,0.0,0,445.75,0.0,1,2.06,2.61,SPY230929P00416000,416.0,0,0.0,0.0,,0.0,normalDay
2023-08-10,10463.0,-55.0,0.0,0,445.91,0.0,1,2.06,2.61,SPY230929P00416000,416.0,0,0.0,0.0,,0.0,normalDay
2023-08-11,10463.0,-27.0,0.0,0,445.65,0.0,1,2.06,2.33,SPY230929P00416000,416.0,0,0.0,0.0,,0.0,normalDay
2023-08-14,10463.0,16.0,0.0,0,448.11,0.0,1,2.06,1.9,SPY230929P00416000,416.0,0,0.0,0.0,,0.0,normalDay
2023-08-15,10463.0,-60.0,0.0,0,442.89,0.0,1,2.06,2.66,SPY230929P00416000,416.0,0,0.0,0.0,,0.0,normalDay
2023-08-16,10463.0,-104.0,0.0,0,439.64,0.0,1,2.06,3.1,SPY230929P00416000,416.0,0,0.0,0.0,,0.0,normalDay
2023-08-17,10463.0,-180.0,0.0,0,436.29,0.0,1,2.06,3.86,SPY230929P00416000,416.0,0,0.0,0.0,,0.0,normalDay
2023-08-18,10463.0,-135.0,0.0,0,436.5,0.0,1,2.06,3.41,SPY230929P00416000,416.0,0,0.0,0.0,,0.0,normalDay
2023-08-21,10463.0,-68.0,0.0,0,439.34,0.0,1,2.06,2.74,SPY230929P00416000,416.0,0,0.0,0.0,,0.0,normalDay
2023-08-22,10463.0,-65.0,0.0,0,438.15,0.0,1,2.06,2.71,SPY230929P00416000,416.0,0,0.0,0.0,,0.0,normalDay
2023-08-23,10463.0,14.0,0.0,0,443.03,0.0,1,2.06,1.92,SPY230929P00416000,416.0,0,0.0,0.0,,0.0,normalDay
2023-08-24,10463.0,-78.0,0.0,0,436.89,0.0,1,2.06,2.84,SPY230929P00416000,416.0,0,0.0,0.0,,0.0,normalDay
2023-08-25,10463.0,5.0,0.0,0,439.97,0.0,1,2.06,2.01,SPY230929P00416000,416.0,0,0.0,0.0,,0.0,normalDay
2023-08-28,10463.0,65.0,0.0,0,442.76,0.0,1,2.06,1.41,SPY230929P00416000,416.0,0,0.0,0.0,,0.0,normalDay
2023-08-29,10463.0,120.0,0.0,0,449.16,0.0,1,2.06,0.86,SPY230929P00416000,416.0,0,0.0,0.0,,0.0,normalDay
2023-08-30,10463.0,138.0,0.0,0,451.01,0.0,1,2.06,0.68,SPY230929P00416000,416.0,0,0.0,0.0,,0.0,normalDay
2023-08-31,10463.0,147.0,0.0,0,450.35,0.0,1,2.06,0.59,SPY230929P00416000,416.0,0,0.0,0.0,,0.0,normalDay
2023-09-01,10463.0,152.0,0.0,0,451.19,0.0,1,2.06,0.54,SPY230929P00416000,416.0,0,0.0,0.0,,0.0,normalDay
2023-09-05,10463.0,149.0,0.0,0,449.24,0.0,1,2.06,0.57,SPY230929P00416000,416.0,0,0.0,0.0,,0.0,normalDay
2023-09-06,10463.0,138.0,0.0,0,446.22,0.0,1,2.06,0.68,SPY230929P00416000,416.0,0,0.0,0.0,,0.0,normalDay
2023-09-07,10463.0,138.0,0.0,0,444.85,0.0,1,2.06,0.68,SPY230929P00416000,416.0,0,0.0,0.0,,0.0,normalDay
2023-09-08,10463.0,155.0,0.0,0,445.52,0.0,1,2.06,0.51,SPY230929P00416000,416.0,0,0.0,0.0,,0.0,normalDay
2023-09-11,10463.0,171.0,0.0,0,448.45,0.0,1,2.06,0.35,SPY230929P00416000,416.0,0,0.0,0.0,,0.0,normalDay
2023-09-12,10463.0,165.0,0.0,0,445.99,0.0,1,2.06,0.41,SPY230929P00416000,416.0,0,0.0,0.0,,0.0,normalDay
2023-09-13,10463.0,178.0,0.0,0,446.51,0.0,1,2.06,0.28,SPY230929P00416000,416.0,0,0.0,0.0,,0.0,normalDay
2023-09-14,10463.0,186.0,0.0,0,450.36,0.0,1,2.06,0.2,SPY230929P00416000,416.0,0,0.0,0.0,,0.0,normalDay
2023-09-15,10463.0,179.0,0.0,0,443.37,0.0,1,2.06,0.27,SPY230929P00416000,416.0,0,0.0,0.0,,0.0,normalDay
2023-09-18,10463.0,186.0,0.0,0,443.63,0.0,1,2.06,0.2,SPY230929P00416000,416.0,0,0.0,0.0,,0.0,normalDay
2023-09-19,10463.0,185.0,0.0,0,442.71,0.0,1,2.06,0.21,SPY230929P00416000,416.0,0,0.0,0.0,,0.0,normalDay
2023-09-20,10463.0,179.0,0.0,0,438.64,0.0,1,2.06,0.27,SPY230929P00416000,416.0,0,0.0,0.0,,0.0,normalDay
2023-09-21,10463.0,124.0,0.0,0,431.39,0.0,1,2.06,0.82,SPY230929P00416000,416.0,0,0.0,0.0,,0.0,normalDay
2023-09-22,10463.0,138.0,0.0,0,430.42,0.0,1,2.06,0.68,SPY230929P00416000,416.0,0,0.0,0.0,,0.0,normalDay
2023-09-25,10463.0,173.0,0.0,0,432.23,0.0,1,2.06,0.33,SPY230929P00416000,416.0,0,0.0,0.0,,0.0,normalDay
2023-09-26,10463.0,145.0,0.0,0,425.88,0.0,1,2.06,0.61,SPY230929P00416000,416.0,0,0.0,0.0,,0.0,normalDay
2023-09-27,10463.0,173.0,0.0,0,426.05,0.0,1,2.06,0.33,SPY230929P00416000,416.0,0,0.0,0.0,,0.0,normalDay
2023-09-28,10463.0,196.0,0.0,0,428.52,0.0,1,2.06,0.1,SPY230929P00416000,416.0,0,0.0,0.0,,0.0,normalDay
2023-09-29,10669.0,0.0,206.0,0,427.48,0.0,1,2.06,0.0,SPY230929P00416000,416.0,0,0.0,0.0,,0.0,expirationDay
2023-10-02,10669.0,-3.0,0.0,0,427.31,0.0,1,4.41,4.44,SPY231215P00402000,402.0,0,0.0,0.0,,0.0,normalDay
2023-10-03,10669.0,-165.0,0.0,0,421.59,0.0,1,4.41,6.06,SPY231215P00402000,402.0,0,0.0,0.0,,0.0,normalDay
2023-10-04,10669.0,-75.0,0.0,0,424.66,0.0,1,4.41,5.16,SPY231215P00402000,402.0,0,0.0,0.0,,0.0,normalDay
2023-10-05,10669.0,-73.0,0.0,0,424.5,0.0,1,4.41,5.14,SPY231215P00402000,402.0,0,0.0,0.0,,0.0,normalDay
2023-10-06,10669.0,49.0,0.0,0,429.54,0.0,1,4.41,3.92,SPY231215P00402000,402.0,0,0.0,0.0,,0.0,normalDay
2023-10-09,10669.0,94.0,0.0,0,432.29,0.0,1,4.41,3.47,SPY231215P00402000,402.0,0,0.0,0.0,,0.0,normalDay
2023-10-10,10669.0,138.0,0.0,0,434.54,0.0,1,4.41,3.03,SPY231215P00402000,402.0,0,0.0,0.0,,0.0,normalDay
2023-10-11,10669.0,182.0,0.0,0,436.32,0.0,1,4.41,2.59,SPY231215P00402000,402.0,0,0.0,0.0,,0.0,normalDay
2023-10-12,10669.0,144.0,0.0,0,433.66,0.0,1,4.41,2.97,SPY231215P00402000,402.0,0,0.0,0.0,,0.0,normalDay
2023-10-13,10669.0,32.0,0.0,0,431.5,0.0,1,4.41,4.09,SPY231215P00402000,402.0,0,0.0,0.0,,0.0,normalDay
2023-10-16,10669.0,164.0,0.0,0,436.04,0.0,1,4.41,2.77,SPY231215P00402000,402.0,0,0.0,0.0,,0.0,normalDay
2023-10-17,10669.0,148.0,0.0,0,436.02,0.0,1,4.41,2.93,SPY231215P00402000,402.0,0,0.0,0.0,,0.0,normalDay
2023-10-18,10669.0,50.0,0.0,0,430.21,0.0,1,4.41,3.91,SPY231215P00402000,402.0,0,0.0,0.0,,0.0,normalDay
2023-10-19,10669.0,-80.0,0.0,0,426.43,0.0,1,4.41,5.21,SPY231215P00402000,402.0,0,0.0,0.0,,0.0,normalDay
2023-10-20,10669.0,-143.0,0.0,0,421.19,0.0,1,4.41,5.84,SPY231215P00402000,402.0,0,0.0,0.0,,0.0,normalDay
2023-10-23,10669.0,-84.0,0.0,0,420.46,0.0,1,4.41,5.25,SPY231215P00402000,402.0,0,0.0,0.0,,0.0,normalDay
2023-10-24,10669.0,20.0,0.0,0,423.63,0.0,1,4.41,4.21,SPY231215P00402000,402.0,0,0.0,0.0,,0.0,normalDay
2023-10-25,10669.0,-139.0,0.0,0,417.55,0.0,1,4.41,5.8,SPY231215P00402000,402.0,0,0.0,0.0,,0.0,normalDay
2023-10-26,10669.0,-258.0,0.0,0,412.55,0.0,1,4.41,6.99,SPY231215P00402000,402.0,0,0.0,0.0,,0.0,normalDay
2023-10-27,10669.0,-329.0,0.0,0,410.68,0.0,1,4.41,7.7,SPY231215P00402000,402.0,0,0.0,0.0,,0.0,normalDay
2023-10-30,10669.0,-123.0,0.0,0,415.59,0.0,1,4.41,5.64,SPY231215P00402000,402.0,0,0.0,0.0,,0.0,normalDay
2023-10-31,10669.0,-3.0,0.0,0,418.2,0.0,1,4.41,4.44,SPY231215P00402000,402.0,0,0.0,0.0,,0.0,normalDay
2023-11-01,10669.0,127.0,0.0,0,422.66,0.0,1,4.41,3.14,SPY231215P00402000,402.0,0,0.0,0.0,,0.0,normalDay
2023-11-02,10669.0,249.0,0.0,0,430.76,0.0,1,4.41,1.92,SPY231215P00402000,402.0,0,0.0,0.0,,0.0,normalDay
2023-11-03,10669.0,299.0,0.0,0,434.69,0.0,1,4.41,1.42,SPY231215P00402000,402.0,0,0.0,0.0,,0.0,normalDay
2023-11-06,10669.0,321.0,0.0,0,435.69,0.0,1,4.41,1.2,SPY231215P00402000,402.0,0,0.0,0.0,,0.0,normalDay
2023-11-07,10669.0,336.0,0.0,0,436.93,0.0,1,4.41,1.05,SPY231215P00402000,402.0,0,0.0,0.0,,0.0,normalDay
2023-11-08,10669.0,346.0,0.0,0,437.25,0.0,1,4.41,0.95,SPY231215P00402000,402.0,0,0.0,0.0,,0.0,normalDay
2023-11-09,10669.0,324.0,0.0,0,433.84,0.0,1,4.41,1.17,SPY231215P00402000,402.0,0,0.0,0.0,,0.0,normalDay
2023-11-10,10669.0,369.0,0.0,0,440.61,0.0,1,4.41,0.72,SPY231215P00402000,402.0,0,0.0,0.0,,0.0,normalDay
2023-11-13,10669.0,374.0,0.0,0,440.19,0.0,1,4.41,0.67,SPY231215P00402000,402.0,0,0.0,0.0,,0.0,normalDay
2023-11-14,10669.0,398.0,0.0,0,448.73,0.0,1,4.41,0.43,SPY231215P00402000,402.0,0,0.0,0.0,,0.0,normalDay
2023-11-15,10669.0,400.0,0.0,0,449.68,0.0,1,4.41,0.41,SPY231215P00402000,402.0,0,0.0,0.0,,0.0,normalDay
2023-11-16,10669.0,400.0,0.0,0,450.23,0.0,1,4.41,0.41,SPY231215P00402000,402.0,0,0.0,0.0,,0.0,normalDay
2023-11-17,10669.0,405.0,0.0,0,450.79,0.0,1,4.41,0.36,SPY231215P00402000,402.0,0,0.0,0.0,,0.0,normalDay
2023-11-20,10669.0,416.0,0.0,0,454.26,0.0,1,4.41,0.25,SPY231215P00402000,402.0,0,0.0,0.0,,0.0,normalDay
2023-11-21,10669.0,417.0,0.0,0,453.27,0.0,1,4.41,0.24,SPY231215P00402000,402.0,0,0.0,0.0,,0.0,normalDay
2023-11-22,10669.0,420.0,0.0,0,455.02,0.0,1,4.41,0.21,SPY231215P00402000,402.0,0,0.0,0.0,,0.0,normalDay
2023-11-24,10669.0,424.0,0.0,0,455.3,0.0,1,4.41,0.17,SPY231215P00402000,402.0,0,0.0,0.0,,0.0,normalDay
2023-11-27,10669.0,425.0,0.0,0,454.48,0.0,1,4.41,0.16,SPY231215P00402000,402.0,0,0.0,0.0,,0.0,normalDay
2023-11-28,10669.0,426.0,0.0,0,454.93,0.0,1,4.41,0.15,SPY231215P00402000,402.0,0,0.0,0.0,,0.0,normalDay
2023-11-29,10669.0,426.0,0.0,0,454.61,0.0,1,4.41,0.15,SPY231215P00402000,402.0,0,0.0,0.0,,0.0,normalDay
2023-11-30,10669.0,428.0,0.0,0,456.4,0.0,1,4.41,0.13,SPY231215P00402000,402.0,0,0.0,0.0,,0.0,normalDay
