date,totalCapital,unrializedPnL,rializedPnL,stocksOwned,stocksPriceToday,stocksPriceBoughtAt,putOwned,putOwnedSoldAt,putPriceToday,putOwnedContract,putOwnedStrike,callOwned,callOwnedSoldAt,callPriceToday,callOwnedContract,callOwnedStrike,trackType
2018-11-01,0.0,-5.0,0.0,0,273.51,0.0,1,0.58,0.63,SPY181203P00245000,245.0,0,0.0,0.0,,0.0,normalDay
2018-11-02,0.0,-5.0,0.0,0,271.89,0.0,1,0.58,0.63,SPY181203P00245000,245.0,0,0.0,0.0,,0.0,normalDay
2018-11-05,0.0,6.0,0.0,0,273.39,0.0,1,0.58,0.52,SPY181203P00245000,245.0,0,0.0,0.0,,0.0,normalDay
2018-11-06,0.0,10.0,0.0,0,275.12,0.0,1,0.58,0.48,SPY181203P00245000,245.0,0,0.0,0.0,,0.0,normalDay
2018-11-07,0.0,39.0,0.0,0,281.01,0.0,1,0.58,0.19,SPY181203P00245000,245.0,0,0.0,0.0,,0.0,normalDay
2018-11-08,0.0,36.0,0.0,0,280.5,0.0,1,0.58,0.22,SPY181203P00245000,245.0,0,0.0,0.0,,0.0,normalDay
2018-11-09,0.0,35.0,0.0,0,277.76,0.0,1,0.58,0.23,SPY181203P00245000,245.0,0,0.0,0.0,,0.0,normalDay
2018-11-12,0.0,15.0,0.0,0,272.57,0.0,1,0.58,0.43,SPY181203P00245000,245.0,0,0.0,0.0,,0.0,normalDay
2018-11-13,0.0,18.0,0.0,0,272.06,0.0,1,0.58,0.4,SPY181203P00245000,245.0,0,0.0,0.0,,0.0,normalDay
2018-11-14,0.0,12.0,0.0,0,270.2,0.0,1,0.58,0.46,SPY181203P00245000,245.0,0,0.0,0.0,,0.0,normalDay
2018-11-15,0.0,29.0,0.0,0,273.02,0.0,1,0.58,0.29,SPY181203P00245000,245.0,0,0.0,0.0,,0.0,normalDay
2018-11-16,0.0,41.0,0.0,0,273.73,0.0,1,0.58,0.17,SPY181203P00245000,245.0,0,0.0,0.0,,0.0,normalDay
2018-11-19,0.0,35.0,0.0,0,269.1,0.0,1,0.58,0.23,SPY181203P00245000,245.0,0,0.0,0.0,,0.0,normalDay
2018-11-20,0.0,11.0,0.0,0,264.12,0.0,1,0.58,0.47,SPY181203P00245000,245.0,0,0.0,0.0,,0.0,normalDay
2018-11-21,0.0,33.0,0.0,0,265.02,0.0,1,0.58,0.25,SPY181203P00245000,245.0,0,0.0,0.0,,0.0,normalDay
2018-11-23,0.0,35.0,0.0,0,263.25,0.0,1,0.58,0.23,SPY181203P00245000,245.0,0,0.0,0.0,,0.0,normalDay
2018-11-26,0.0,52.0,0.0,0,267.5,0.0,1,0.58,0.06,SPY181203P00245000,245.0,0,0.0,0.0,,0.0,normalDay
2018-11-27,0.0,53.0,0.0,0,268.4,0.0,1,0.58,0.05,SPY181203P00245000,245.0,0,0.0,0.0,,0.0,normalDay
2018-11-28,0.0,54.0,0.0,0,274.58,0.0,1,0.58,0.04,SPY181203P00245000,245.0,0,0.0,0.0,,0.0,normalDay
2018-11-29,0.0,56.0,0.0,0,273.98,0.0,1,0.58,0.02,SPY181203P00245000,245.0,0,0.0,0.0,,0.0,normalDay
2018-11-30,0.0,57.0,0.0,0,275.65,0.0,1,0.58,0.01,SPY181203P00245000,245.0,0,0.0,0.0,,0.0,normalDay
2018-12-03,58.0,0.0,58.0,0,279.3,0.0,1,0.58,0.0,SPY181203P00245000,245.0,0,0.0,0.0,,0.0,expirationDay
2018-12-04,58.0,-6.0,0.0,0,270.25,0.0,1,1.32,1.38,SPY190104P00251000,251.0,0,0.0,0.0,,0.0,normalDay
2018-12-06,58.0,-9.0,0.0,0,269.84,0.0,1,1.32,1.41,SPY190104P00251000,251.0,0,0.0,0.0,,0.0,normalDay
2018-12-07,58.0,-130.0,0.0,0,263.57,0.0,1,1.32,2.62,SPY190104P00251000,251.0,0,0.0,0.0,,0.0,normalDay
2018-12-10,58.0,-65.0,0.0,0,264.07,0.0,1,1.32,1.97,SPY190104P00251000,251.0,0,0.0,0.0,,0.0,normalDay
2018-12-11,58.0,-45.0,0.0,0,264.13,0.0,1,1.32,1.77,SPY190104P00251000,251.0,0,0.0,0.0,,0.0,normalDay
2018-12-12,58.0,-15.0,0.0,0,265.46,0.0,1,1.32,1.47,SPY190104P00251000,251.0,0,0.0,0.0,,0.0,normalDay
2018-12-13,58.0,12.0,0.0,0,265.37,0.0,1,1.32,1.2,SPY190104P00251000,251.0,0,0.0,0.0,,0.0,normalDay
2018-12-14,58.0,-67.0,0.0,0,260.47,0.0,1,1.32,1.99,SPY190104P00251000,251.0,0,0.0,0.0,,0.0,normalDay
2018-12-17,58.0,-229.0,0.0,0,255.36,0.0,1,1.32,3.61,SPY190104P00251000,251.0,0,0.0,0.0,,0.0,normalDay
2018-12-18,58.0,-271.0,0.0,0,255.08,0.0,1,1.32,4.03,SPY190104P00251000,251.0,0,0.0,0.0,,0.0,normalDay
2018-12-19,58.0,-362.0,0.0,0,251.26,0.0,1,1.32,4.94,SPY190104P00251000,251.0,0,0.0,0.0,,0.0,normalDay
2018-12-20,58.0,-600.0,0.0,0,247.17,0.0,1,1.32,7.32,SPY190104P00251000,251.0,0,0.0,0.0,,0.0,normalDay
2018-12-21,58.0,-1083.0,0.0,0,240.7,0.0,1,1.32,12.15,SPY190104P00251000,251.0,0,0.0,0.0,,0.0,normalDay
2018-12-24,58.0,-1798.0,0.0,0,234.34,0.0,1,1.32,19.3,SPY190104P00251000,251.0,0,0.0,0.0,,0.0,normalDay
2018-12-26,58.0,-571.0,0.0,0,246.18,0.0,1,1.32,7.03,SPY190104P00251000,251.0,0,0.0,0.0,,0.0,normalDay
2018-12-27,58.0,-445.0,0.0,0,248.07,0.0,1,1.32,5.77,SPY190104P00251000,251.0,0,0.0,0.0,,0.0,normalDay
2018-12-28,58.0,-439.0,0.0,0,247.75,0.0,1,1.32,5.71,SPY190104P00251000,251.0,0,0.0,0.0,,0.0,normalDay
2018-12-31,58.0,-202.0,0.0,0,249.92,0.0,1,1.32,3.34,SPY190104P00251000,251.0,0,0.0,0.0,,0.0,normalDay
2019-01-02,58.0,-80.0,0.0,0,250.18,0.0,1,1.32,2.12,SPY190104P00251000,251.0,0,0.0,0.0,,0.0,normalDay
2019-01-03,58.0,-579.0,0.0,0,244.21,0.0,1,1.32,7.11,SPY190104P00251000,251.0,0,0.0,0.0,,0.0,normalDay
2019-01-04,190.0,0.0,132.0,0,252.39,0.0,1,1.32,0.0,SPY190104P00251000,251.0,0,0.0,0.0,,0.0,expirationDay
2019-01-07,190.0,-3.0,0.0,0,254.38,0.0,1,0.3,0.33,SPY190208P00217000,217.0,0,0.0,0.0,,0.0,normalDay
2019-01-08,190.0,4.0,0.0,0,256.77,0.0,1,0.3,0.26,SPY190208P00217000,217.0,0,0.0,0.0,,0.0,normalDay
2019-01-09,190.0,7.0,0.0,0,257.97,0.0,1,0.3,0.23,SPY190208P00217000,217.0,0,0.0,0.0,,0.0,normalDay
2019-01-10,190.0,10.0,0.0,0,258.88,0.0,1,0.3,0.2,SPY190208P00217000,217.0,0,0.0,0.0,,0.0,normalDay
2019-01-11,190.0,16.0,0.0,0,258.98,0.0,1,0.3,0.14,SPY190208P00217000,217.0,0,0.0,0.0,,0.0,normalDay
2019-01-14,190.0,13.0,0.0,0,257.4,0.0,1,0.3,0.17,SPY190208P00217000,217.0,0,0.0,0.0,,0.0,normalDay
2019-01-15,190.0,16.0,0.0,0,260.35,0.0,1,0.3,0.14,SPY190208P00217000,217.0,0,0.0,0.0,,0.0,normalDay
2019-01-16,190.0,15.0,0.0,0,260.98,0.0,1,0.3,0.15,SPY190208P00217000,217.0,0,0.0,0.0,,0.0,normalDay
2019-01-17,190.0,18.0,0.0,0,262.96,0.0,1,0.3,0.12,SPY190208P00217000,217.0,0,0.0,0.0,,0.0,normalDay
2019-01-18,190.0,21.0,0.0,0,266.46,0.0,1,0.3,0.09,SPY190208P00217000,217.0,0,0.0,0.0,,0.0,normalDay
2019-01-22,190.0,18.0,0.0,0,262.86,0.0,1,0.3,0.12,SPY190208P00217000,217.0,0,0.0,0.0,,0.0,normalDay
2019-01-23,190.0,23.0,0.0,0,263.41,0.0,1,0.3,0.07,SPY190208P00217000,217.0,0,0.0,0.0,,0.0,normalDay
2019-01-24,190.0,24.0,0.0,0,263.55,0.0,1,0.3,0.06,SPY190208P00217000,217.0,0,0.0,0.0,,0.0,normalDay
2019-01-25,190.0,26.0,0.0,0,265.78,0.0,1,0.3,0.04,SPY190208P00217000,217.0,0,0.0,0.0,,0.0,normalDay
2019-01-28,190.0,26.0,0.0,0,263.76,0.0,1,0.3,0.04,SPY190208P00217000,217.0,0,0.0,0.0,,0.0,normalDay
2019-01-29,190.0,27.0,0.0,0,263.41,0.0,1,0.3,0.03,SPY190208P00217000,217.0,0,0.0,0.0,,0.0,normalDay
2019-01-30,190.0,28.0,0.0,0,267.58,0.0,1,0.3,0.02,SPY190208P00217000,217.0,0,0.0,0.0,,0.0,normalDay
2019-01-31,190.0,29.0,0.0,0,269.93,0.0,1,0.3,0.01,SPY190208P00217000,217.0,0,0.0,0.0,,0.0,normalDay
2019-02-01,190.0,29.0,0.0,0,270.06,0.0,1,0.3,0.01,SPY190208P00217000,217.0,0,0.0,0.0,,0.0,normalDay
2019-02-04,190.0,29.0,0.0,0,271.96,0.0,1,0.3,0.01,SPY190208P00217000,217.0,0,0.0,0.0,,0.0,normalDay
2019-02-05,190.0,29.0,0.0,0,273.1,0.0,1,0.3,0.01,SPY190208P00217000,217.0,0,0.0,0.0,,0.0,normalDay
2019-02-06,190.0,29.0,0.0,0,272.74,0.0,1,0.3,0.01,SPY190208P00217000,217.0,0,0.0,0.0,,0.0,normalDay
2019-02-07,190.0,29.0,0.0,0,270.14,0.0,1,0.3,0.01,SPY190208P00217000,217.0,0,0.0,0.0,,0.0,normalDay
2019-02-08,220.0,0.0,30.0,0,270.47,0.0,1,0.3,0.0,SPY190208P00217000,217.0,0,0.0,0.0,,0.0,expirationDay
2019-02-11,220.0,-3.0,0.0,0,270.62,0.0,1,0.62,0.65,SPY190315P00248000,248.0,0,0.0,0.0,,0.0,normalDay
2019-02-12,220.0,17.0,0.0,0,274.1,0.0,1,0.62,0.45,SPY190315P00248000,248.0,0,0.0,0.0,,0.0,normalDay
2019-02-13,220.0,20.0,0.0,0,274.99,0.0,1,0.62,0.42,SPY190315P00248000,248.0,0,0.0,0.0,,0.0,normalDay
2019-02-14,220.0,15.0,0.0,0,274.38,0.0,1,0.62,0.47,SPY190315P00248000,248.0,0,0.0,0.0,,0.0,normalDay
2019-02-15,220.0,30.0,0.0,0,277.37,0.0,1,0.62,0.32,SPY190315P00248000,248.0,0,0.0,0.0,,0.0,normalDay
2019-02-19,220.0,38.0,0.0,0,277.85,0.0,1,0.62,0.24,SPY190315P00248000,248.0,0,0.0,0.0,,0.0,normalDay
2019-02-20,220.0,44.0,0.0,0,278.41,0.0,1,0.62,0.18,SPY190315P00248000,248.0,0,0.0,0.0,,0.0,normalDay
2019-02-21,220.0,44.0,0.0,0,277.42,0.0,1,0.62,0.18,SPY190315P00248000,248.0,0,0.0,0.0,,0.0,normalDay
2019-02-22,220.0,50.0,0.0,0,279.14,0.0,1,0.62,0.12,SPY190315P00248000,248.0,0,0.0,0.0,,0.0,normalDay
2019-02-25,220.0,46.0,0.0,0,279.52,0.0,1,0.62,0.16,SPY190315P00248000,248.0,0,0.0,0.0,,0.0,normalDay
2019-02-26,220.0,47.0,0.0,0,279.32,0.0,1,0.62,0.15,SPY190315P00248000,248.0,0,0.0,0.0,,0.0,normalDay
2019-02-27,220.0,49.0,0.0,0,279.2,0.0,1,0.62,0.13,SPY190315P00248000,248.0,0,0.0,0.0,,0.0,normalDay
2019-02-28,220.0,48.0,0.0,0,278.68,0.0,1,0.62,0.14,SPY190315P00248000,248.0,0,0.0,0.0,,0.0,normalDay
2019-03-01,220.0,55.0,0.0,0,280.42,0.0,1,0.62,0.07,SPY190315P00248000,248.0,0,0.0,0.0,,0.0,normalDay
2019-03-04,220.0,56.0,0.0,0,279.4,0.0,1,0.62,0.06,SPY190315P00248000,248.0,0,0.0,0.0,,0.0,normalDay
2019-03-05,220.0,56.0,0.0,0,279.02,0.0,1,0.62,0.06,SPY190315P00248000,248.0,0,0.0,0.0,,0.0,normalDay
2019-03-06,220.0,55.0,0.0,0,277.33,0.0,1,0.62,0.07,SPY190315P00248000,248.0,0,0.0,0.0,,0.0,normalDay
2019-03-07,220.0,55.0,0.0,0,275.01,0.0,1,0.62,0.07,SPY190315P00248000,248.0,0,0.0,0.0,,0.0,normalDay
2019-03-08,220.0,58.0,0.0,0,274.46,0.0,1,0.62,0.04,SPY190315P00248000,248.0,0,0.0,0.0,,0.0,normalDay
2019-03-11,220.0,60.0,0.0,0,278.44,0.0,1,0.62,0.02,SPY190315P00248000,248.0,0,0.0,0.0,,0.0,normalDay
2019-03-12,220.0,61.0,0.0,0,279.49,0.0,1,0.62,0.01,SPY190315P00248000,248.0,0,0.0,0.0,,0.0,normalDay
2019-03-13,220.0,61.0,0.0,0,281.34,0.0,1,0.62,0.01,SPY190315P00248000,248.0,0,0.0,0.0,,0.0,normalDay
2019-03-14,220.0,61.0,0.0,0,281.16,0.0,1,0.62,0.01,SPY190315P00248000,248.0,0,0.0,0.0,,0.0,normalDay
2019-03-15,282.0,0.0,62.0,0,281.31,0.0,1,0.62,0.0,SPY190315P00248000,248.0,0,0.0,0.0,,0.0,expirationDay
2019-03-18,282.0,-4.0,0.0,0,282.33,0.0,1,0.95,0.99,SPY190418P00271000,271.0,0,0.0,0.0,,0.0,normalDay
2019-03-19,282.0,-14.0,0.0,0,282.4,0.0,1,0.95,1.09,SPY190418P00271000,271.0,0,0.0,0.0,,0.0,normalDay
2019-03-20,282.0,-24.0,0.0,0,281.55,0.0,1,0.95,1.19,SPY190418P00271000,271.0,0,0.0,0.0,,0.0,normalDay
2019-03-21,282.0,14.0,0.0,0,284.73,0.0,1,0.95,0.81,SPY190418P00271000,271.0,0,0.0,0.0,,0.0,normalDay
2019-03-22,282.0,-92.0,0.0,0,279.25,0.0,1,0.95,1.87,SPY190418P00271000,271.0,0,0.0,0.0,,0.0,normalDay
2019-03-25,282.0,-84.0,0.0,0,279.04,0.0,1,0.95,1.79,SPY190418P00271000,271.0,0,0.0,0.0,,0.0,normalDay
2019-03-26,282.0,-18.0,0.0,0,281.12,0.0,1,0.95,1.13,SPY190418P00271000,271.0,0,0.0,0.0,,0.0,normalDay
2019-03-27,282.0,-39.0,0.0,0,279.65,0.0,1,0.95,1.34,SPY190418P00271000,271.0,0,0.0,0.0,,0.0,normalDay
2019-03-28,282.0,-3.0,0.0,0,280.71,0.0,1,0.95,0.98,SPY190418P00271000,271.0,0,0.0,0.0,,0.0,normalDay
2019-03-29,282.0,33.0,0.0,0,282.48,0.0,1,0.95,0.62,SPY190418P00271000,271.0,0,0.0,0.0,,0.0,normalDay
2019-04-01,282.0,62.0,0.0,0,285.83,0.0,1,0.95,0.33,SPY190418P00271000,271.0,0,0.0,0.0,,0.0,normalDay
2019-04-02,282.0,67.0,0.0,0,285.97,0.0,1,0.95,0.28,SPY190418P00271000,271.0,0,0.0,0.0,,0.0,normalDay
2019-04-03,282.0,69.0,0.0,0,286.42,0.0,1,0.95,0.26,SPY190418P00271000,271.0,0,0.0,0.0,,0.0,normalDay
2019-04-04,282.0,76.0,0.0,0,287.18,0.0,1,0.95,0.19,SPY190418P00271000,271.0,0,0.0,0.0,,0.0,normalDay
2019-04-05,282.0,84.0,0.0,0,288.57,0.0,1,0.95,0.11,SPY190418P00271000,271.0,0,0.0,0.0,,0.0,normalDay
2019-04-08,282.0,86.0,0.0,0,288.79,0.0,1,0.95,0.09,SPY190418P00271000,271.0,0,0.0,0.0,,0.0,normalDay
2019-04-09,282.0,84.0,0.0,0,287.31,0.0,1,0.95,0.11,SPY190418P00271000,271.0,0,0.0,0.0,,0.0,normalDay
2019-04-10,282.0,89.0,0.0,0,288.29,0.0,1,0.95,0.06,SPY190418P00271000,271.0,0,0.0,0.0,,0.0,normalDay
2019-04-11,282.0,90.0,0.0,0,288.21,0.0,1,0.95,0.05,SPY190418P00271000,271.0,0,0.0,0.0,,0.0,normalDay
2019-04-12,282.0,92.0,0.0,0,290.16,0.0,1,0.95,0.03,SPY190418P00271000,271.0,0,0.0,0.0,,0.0,normalDay
2019-04-15,282.0,93.0,0.0,0,289.97,0.0,1,0.95,0.02,SPY190418P00271000,271.0,0,0.0,0.0,,0.0,normalDay
2019-04-16,282.0,93.0,0.0,0,290.16,0.0,1,0.95,0.02,SPY190418P00271000,271.0,0,0.0,0.0,,0.0,normalDay
2019-04-17,282.0,94.0,0.0,0,289.45,0.0,1,0.95,0.01,SPY190418P00271000,271.0,0,0.0,0.0,,0.0,normalDay
2019-04-18,377.0,0.0,95.0,0,290.02,0.0,1,0.95,0.0,SPY190418P00271000,271.0,0,0.0,0.0,,0.0,expirationDay
2019-04-22,377.0,-3.0,0.0,0,290.27,0.0,1,0.52,0.55,SPY190524P00271000,271.0,0,0.0,0.0,,0.0,normalDay
2019-04-23,377.0,7.0,0.0,0,292.88,0.0,1,0.52,0.45,SPY190524P00271000,271.0,0,0.0,0.0,,0.0,normalDay
2019-04-24,377.0,0.0,0.0,0,292.23,0.0,1,0.52,0.52,SPY190524P00271000,271.0,0,0.0,0.0,,0.0,normalDay
2019-04-25,377.0,0.0,0.0,0,292.05,0.0,1,0.52,0.52,SPY190524P00271000,271.0,0,0.0,0.0,,0.0,normalDay
2019-04-26,377.0,10.0,0.0,0,293.41,0.0,1,0.52,0.42,SPY190524P00271000,271.0,0,0.0,0.0,,0.0,normalDay
2019-04-29,377.0,13.0,0.0,0,293.87,0.0,1,0.52,0.39,SPY190524P00271000,271.0,0,0.0,0.0,,0.0,normalDay
2019-04-30,377.0,14.0,0.0,0,294.02,0.0,1,0.52,0.38,SPY190524P00271000,271.0,0,0.0,0.0,,0.0,normalDay
2019-05-01,377.0,-1.0,0.0,0,291.81,0.0,1,0.52,0.53,SPY190524P00271000,271.0,0,0.0,0.0,,0.0,normalDay
2019-05-02,377.0,1.0,0.0,0,291.18,0.0,1,0.52,0.51,SPY190524P00271000,271.0,0,0.0,0.0,,0.0,normalDay
2019-05-03,377.0,25.0,0.0,0,294.03,0.0,1,0.52,0.27,SPY190524P00271000,271.0,0,0.0,0.0,,0.0,normalDay
2019-05-06,377.0,9.0,0.0,0,292.82,0.0,1,0.52,0.43,SPY190524P00271000,271.0,0,0.0,0.0,,0.0,normalDay
2019-05-07,377.0,-57.0,0.0,0,287.93,0.0,1,0.52,1.09,SPY190524P00271000,271.0,0,0.0,0.0,,0.0,normalDay
2019-05-08,377.0,-52.0,0.0,0,287.53,0.0,1,0.52,1.04,SPY190524P00271000,271.0,0,0.0,0.0,,0.0,normalDay
2019-05-09,377.0,-40.0,0.0,0,286.66,0.0,1,0.52,0.92,SPY190524P00271000,271.0,0,0.0,0.0,,0.0,normalDay
2019-05-10,377.0,12.0,0.0,0,288.1,0.0,1,0.52,0.4,SPY190524P00271000,271.0,0,0.0,0.0,,0.0,normalDay
2019-05-13,377.0,-89.0,0.0,0,280.86,0.0,1,0.52,1.41,SPY190524P00271000,271.0,0,0.0,0.0,,0.0,normalDay
2019-05-14,377.0,-12.0,0.0,0,283.4,0.0,1,0.52,0.64,SPY190524P00271000,271.0,0,0.0,0.0,,0.0,normalDay
2019-05-15,377.0,26.0,0.0,0,285.06,0.0,1,0.52,0.26,SPY190524P00271000,271.0,0,0.0,0.0,,0.0,normalDay
2019-05-16,377.0,41.0,0.0,0,287.7,0.0,1,0.52,0.11,SPY190524P00271000,271.0,0,0.0,0.0,,0.0,normalDay
2019-05-17,377.0,35.0,0.0,0,285.84,0.0,1,0.52,0.17,SPY190524P00271000,271.0,0,0.0,0.0,,0.0,normalDay
2019-05-20,377.0,45.0,0.0,0,283.95,0.0,1,0.52,0.07,SPY190524P00271000,271.0,0,0.0,0.0,,0.0,normalDay
2019-05-21,377.0,50.0,0.0,0,286.51,0.0,1,0.52,0.02,SPY190524P00271000,271.0,0,0.0,0.0,,0.0,normalDay
2019-05-22,377.0,50.0,0.0,0,285.63,0.0,1,0.52,0.02,SPY190524P00271000,271.0,0,0.0,0.0,,0.0,normalDay
2019-05-23,377.0,49.0,0.0,0,282.14,0.0,1,0.52,0.03,SPY190524P00271000,271.0,0,0.0,0.0,,0.0,normalDay
2019-05-24,429.0,0.0,52.0,0,282.78,0.0,1,0.52,0.0,SPY190524P00271000,271.0,0,0.0,0.0,,0.0,expirationDay
2019-05-28,429.0,-5.0,0.0,0,280.15,0.0,1,2.39,2.44,SPY190628P00270000,270.0,0,0.0,0.0,,0.0,normalDay
2019-05-29,429.0,-48.0,0.0,0,278.27,0.0,1,2.39,2.87,SPY190628P00270000,270.0,0,0.0,0.0,,0.0,normalDay
2019-05-30,429.0,-11.0,0.0,0,279.03,0.0,1,2.39,2.5,SPY190628P00270000,270.0,0,0.0,0.0,,0.0,normalDay
2019-05-31,429.0,-132.0,0.0,0,275.27,0.0,1,2.39,3.71,SPY190628P00270000,270.0,0,0.0,0.0,,0.0,normalDay
2019-06-03,429.0,-121.0,0.0,0,274.57,0.0,1,2.39,3.6,SPY190628P00270000,270.0,0,0.0,0.0,,0.0,normalDay
2019-06-04,429.0,65.0,0.0,0,280.53,0.0,1,2.39,1.74,SPY190628P00270000,270.0,0,0.0,0.0,,0.0,normalDay
2019-06-05,429.0,129.0,0.0,0,282.96,0.0,1,2.39,1.1,SPY190628P00270000,270.0,0,0.0,0.0,,0.0,normalDay
2019-06-06,429.0,152.0,0.0,0,284.8,0.0,1,2.39,0.87,SPY190628P00270000,270.0,0,0.0,0.0,,0.0,normalDay
2019-06-07,429.0,170.0,0.0,0,287.65,0.0,1,2.39,0.69,SPY190628P00270000,270.0,0,0.0,0.0,,0.0,normalDay
2019-06-10,429.0,193.0,0.0,0,288.97,0.0,1,2.39,0.46,SPY190628P00270000,270.0,0,0.0,0.0,,0.0,normalDay
2019-06-11,429.0,195.0,0.0,0,288.9,0.0,1,2.39,0.44,SPY190628P00270000,270.0,0,0.0,0.0,,0.0,normalDay
2019-06-12,429.0,197.0,0.0,0,288.39,0.0,1,2.39,0.42,SPY190628P00270000,270.0,0,0.0,0.0,,0.0,normalDay
2019-06-13,429.0,208.0,0.0,0,289.58,0.0,1,2.39,0.31,SPY190628P00270000,270.0,0,0.0,0.0,,0.0,normalDay
2019-06-14,429.0,217.0,0.0,0,289.26,0.0,1,2.39,0.22,SPY190628P00270000,270.0,0,0.0,0.0,,0.0,normalDay
2019-06-17,429.0,221.0,0.0,0,289.37,0.0,1,2.39,0.18,SPY190628P00270000,270.0,0,0.0,0.0,,0.0,normalDay
2019-06-18,429.0,228.0,0.0,0,292.4,0.0,1,2.39,0.11,SPY190628P00270000,270.0,0,0.0,0.0,,0.0,normalDay
2019-06-19,429.0,232.0,0.0,0,293.06,0.0,1,2.39,0.07,SPY190628P00270000,270.0,0,0.0,0.0,,0.0,normalDay
2019-06-20,429.0,232.0,0.0,0,295.86,0.0,1,2.39,0.07,SPY190628P00270000,270.0,0,0.0,0.0,,0.0,normalDay
2019-06-21,429.0,233.0,0.0,0,294.0,0.0,1,2.39,0.06,SPY190628P00270000,270.0,0,0.0,0.0,,0.0,normalDay
2019-06-24,429.0,237.0,0.0,0,293.64,0.0,1,2.39,0.02,SPY190628P00270000,270.0,0,0.0,0.0,,0.0,normalDay
2019-06-25,429.0,237.0,0.0,0,290.76,0.0,1,2.39,0.02,SPY190628P00270000,270.0,0,0.0,0.0,,0.0,normalDay
2019-06-26,429.0,237.0,0.0,0,290.47,0.0,1,2.39,0.02,SPY190628P00270000,270.0,0,0.0,0.0,,0.0,normalDay
2019-06-27,429.0,238.0,0.0,0,291.5,0.0,1,2.39,0.01,SPY190628P00270000,270.0,0,0.0,0.0,,0.0,normalDay
2019-06-28,668.0,0.0,239.0,0,293.0,0.0,1,2.39,0.0,SPY190628P00270000,270.0,0,0.0,0.0,,0.0,expirationDay
2019-07-01,668.0,-4.0,0.0,0,295.66,0.0,1,0.61,0.65,SPY190802P00274000,274.0,0,0.0,0.0,,0.0,normalDay
2019-07-02,668.0,12.0,0.0,0,296.43,0.0,1,0.61,0.49,SPY190802P00274000,274.0,0,0.0,0.0,,0.0,normalDay
2019-07-03,668.0,26.0,0.0,0,298.8,0.0,1,0.61,0.35,SPY190802P00274000,274.0,0,0.0,0.0,,0.0,normalDay
2019-07-05,668.0,22.0,0.0,0,298.46,0.0,1,0.61,0.39,SPY190802P00274000,274.0,0,0.0,0.0,,0.0,normalDay
2019-07-08,668.0,18.0,0.0,0,296.82,0.0,1,0.61,0.43,SPY190802P00274000,274.0,0,0.0,0.0,,0.0,normalDay
2019-07-09,668.0,19.0,0.0,0,297.19,0.0,1,0.61,0.42,SPY190802P00274000,274.0,0,0.0,0.0,,0.0,normalDay
2019-07-10,668.0,34.0,0.0,0,298.61,0.0,1,0.61,0.27,SPY190802P00274000,274.0,0,0.0,0.0,,0.0,normalDay
2019-07-11,668.0,35.0,0.0,0,299.31,0.0,1,0.61,0.26,SPY190802P00274000,274.0,0,0.0,0.0,,0.0,normalDay
2019-07-12,668.0,42.0,0.0,0,300.65,0.0,1,0.61,0.19,SPY190802P00274000,274.0,0,0.0,0.0,,0.0,normalDay
2019-07-15,668.0,41.0,0.0,0,300.75,0.0,1,0.61,0.2,SPY190802P00274000,274.0,0,0.0,0.0,,0.0,normalDay
2019-07-16,668.0,40.0,0.0,0,299.78,0.0,1,0.61,0.21,SPY190802P00274000,274.0,0,0.0,0.0,,0.0,normalDay
2019-07-17,668.0,35.0,0.0,0,297.74,0.0,1,0.61,0.26,SPY190802P00274000,274.0,0,0.0,0.0,,0.0,normalDay
2019-07-18,668.0,42.0,0.0,0,298.83,0.0,1,0.61,0.19,SPY190802P00274000,274.0,0,0.0,0.0,,0.0,normalDay
2019-07-19,668.0,41.0,0.0,0,297.17,0.0,1,0.61,0.2,SPY190802P00274000,274.0,0,0.0,0.0,,0.0,normalDay
2019-07-22,668.0,50.0,0.0,0,297.9,0.0,1,0.61,0.11,SPY190802P00274000,274.0,0,0.0,0.0,,0.0,normalDay
2019-07-23,668.0,55.0,0.0,0,300.03,0.0,1,0.61,0.06,SPY190802P00274000,274.0,0,0.0,0.0,,0.0,normalDay
2019-07-24,668.0,57.0,0.0,0,301.44,0.0,1,0.61,0.04,SPY190802P00274000,274.0,0,0.0,0.0,,0.0,normalDay
2019-07-25,668.0,57.0,0.0,0,300.0,0.0,1,0.61,0.04,SPY190802P00274000,274.0,0,0.0,0.0,,0.0,normalDay
2019-07-26,668.0,58.0,0.0,0,302.01,0.0,1,0.61,0.03,SPY190802P00274000,274.0,0,0.0,0.0,,0.0,normalDay
2019-07-29,668.0,59.0,0.0,0,301.46,0.0,1,0.61,0.02,SPY190802P00274000,274.0,0,0.0,0.0,,0.0,normalDay
2019-07-30,668.0,58.0,0.0,0,300.72,0.0,1,0.61,0.03,SPY190802P00274000,274.0,0,0.0,0.0,,0.0,normalDay
2019-07-31,668.0,53.0,0.0,0,297.43,0.0,1,0.61,0.08,SPY190802P00274000,274.0,0,0.0,0.0,,0.0,normalDay
2019-08-01,668.0,59.0,0.0,0,294.84,0.0,1,0.61,0.02,SPY190802P00274000,274.0,0,0.0,0.0,,0.0,normalDay
2019-08-02,729.0,0.0,61.0,0,292.62,0.0,1,0.61,0.0,SPY190802P00274000,274.0,0,0.0,0.0,,0.0,expirationDay
2019-08-05,729.0,-7.0,0.0,0,283.82,0.0,1,6.23,6.3,SPY190906P00281000,281.0,0,0.0,0.0,,0.0,normalDay
2019-08-06,729.0,242.0,0.0,0,287.8,0.0,1,6.23,3.81,SPY190906P00281000,281.0,0,0.0,0.0,,0.0,normalDay
2019-08-07,729.0,263.0,0.0,0,287.97,0.0,1,6.23,3.6,SPY190906P00281000,281.0,0,0.0,0.0,,0.0,normalDay
2019-08-08,729.0,438.0,0.0,0,293.62,0.0,1,6.23,1.85,SPY190906P00281000,281.0,0,0.0,0.0,,0.0,normalDay
2019-08-09,729.0,395.0,0.0,0,291.62,0.0,1,6.23,2.28,SPY190906P00281000,281.0,0,0.0,0.0,,0.0,normalDay
2019-08-12,729.0,268.0,0.0,0,288.07,0.0,1,6.23,3.55,SPY190906P00281000,281.0,0,0.0,0.0,,0.0,normalDay
2019-08-13,729.0,441.0,0.0,0,292.55,0.0,1,6.23,1.82,SPY190906P00281000,281.0,0,0.0,0.0,,0.0,normalDay
2019-08-14,729.0,147.0,0.0,0,283.9,0.0,1,6.23,4.76,SPY190906P00281000,281.0,0,0.0,0.0,,0.0,normalDay
2019-08-15,729.0,208.0,0.0,0,284.65,0.0,1,6.23,4.15,SPY190906P00281000,281.0,0,0.0,0.0,,0.0,normalDay
2019-08-16,729.0,387.0,0.0,0,288.85,0.0,1,6.23,2.36,SPY190906P00281000,281.0,0,0.0,0.0,,0.0,normalDay
2019-08-19,729.0,502.0,0.0,0,292.33,0.0,1,6.23,1.21,SPY190906P00281000,281.0,0,0.0,0.0,,0.0,normalDay
2019-08-20,729.0,462.0,0.0,0,290.09,0.0,1,6.23,1.61,SPY190906P00281000,281.0,0,0.0,0.0,,0.0,normalDay
2019-08-21,729.0,540.0,0.0,0,292.45,0.0,1,6.23,0.83,SPY190906P00281000,281.0,0,0.0,0.0,,0.0,normalDay
2019-08-22,729.0,529.0,0.0,0,292.36,0.0,1,6.23,0.94,SPY190906P00281000,281.0,0,0.0,0.0,,0.0,normalDay
2019-08-23,729.0,350.0,0.0,0,284.85,0.0,1,6.23,2.73,SPY190906P00281000,281.0,0,0.0,0.0,,0.0,normalDay
2019-08-26,729.0,469.0,0.0,0,288.0,0.0,1,6.23,1.54,SPY190906P00281000,281.0,0,0.0,0.0,,0.0,normalDay
2019-08-27,729.0,437.0,0.0,0,286.87,0.0,1,6.23,1.86,SPY190906P00281000,281.0,0,0.0,0.0,,0.0,normalDay
2019-08-28,729.0,513.0,0.0,0,288.89,0.0,1,6.23,1.1,SPY190906P00281000,281.0,0,0.0,0.0,,0.0,normalDay
2019-08-29,729.0,575.0,0.0,0,292.58,0.0,1,6.23,0.48,SPY190906P00281000,281.0,0,0.0,0.0,,0.0,normalDay
2019-08-30,729.0,577.0,0.0,0,292.45,0.0,1,6.23,0.46,SPY190906P00281000,281.0,0,0.0,0.0,,0.0,normalDay
2019-09-03,729.0,599.0,0.0,0,290.74,0.0,1,6.23,0.24,SPY190906P00281000,281.0,0,0.0,0.0,,0.0,normalDay
2019-09-04,729.0,620.0,0.0,0,294.04,0.0,1,6.23,0.03,SPY190906P00281000,281.0,0,0.0,0.0,,0.0,normalDay
2019-09-05,729.0,621.0,0.0,0,297.82,0.0,1,6.23,0.02,SPY190906P00281000,281.0,0,0.0,0.0,,0.0,normalDay
2019-09-06,1352.0,0.0,623.0,0,298.05,0.0,1,6.23,0.0,SPY190906P00281000,281.0,0,0.0,0.0,,0.0,expirationDay
2019-09-09,1352.0,-4.0,0.0,0,298.2,0.0,1,0.75,0.79,SPY191011P00273000,273.0,0,0.0,0.0,,0.0,normalDay
2019-09-10,1352.0,2.0,0.0,0,298.13,0.0,1,0.75,0.73,SPY191011P00273000,273.0,0,0.0,0.0,,0.0,normalDay
2019-09-11,1352.0,20.0,0.0,0,300.25,0.0,1,0.75,0.55,SPY191011P00273000,273.0,0,0.0,0.0,,0.0,normalDay
2019-09-12,1352.0,30.0,0.0,0,301.29,0.0,1,0.75,0.45,SPY191011P00273000,273.0,0,0.0,0.0,,0.0,normalDay
2019-09-13,1352.0,36.0,0.0,0,301.09,0.0,1,0.75,0.39,SPY191011P00273000,273.0,0,0.0,0.0,,0.0,normalDay
2019-09-16,1352.0,36.0,0.0,0,300.16,0.0,1,0.75,0.39,SPY191011P00273000,273.0,0,0.0,0.0,,0.0,normalDay
2019-09-17,1352.0,42.0,0.0,0,300.92,0.0,1,0.75,0.33,SPY191011P00273000,273.0,0,0.0,0.0,,0.0,normalDay
2019-09-18,1352.0,47.0,0.0,0,301.1,0.0,1,0.75,0.28,SPY191011P00273000,273.0,0,0.0,0.0,,0.0,normalDay
2019-09-19,1352.0,47.0,0.0,0,301.08,0.0,1,0.75,0.28,SPY191011P00273000,273.0,0,0.0,0.0,,0.0,normalDay
2019-09-20,1352.0,40.0,0.0,0,298.28,0.0,1,0.75,0.35,SPY191011P00273000,273.0,0,0.0,0.0,,0.0,normalDay
2019-09-23,1352.0,50.0,0.0,0,298.21,0.0,1,0.75,0.25,SPY191011P00273000,273.0,0,0.0,0.0,,0.0,normalDay
2019-09-24,1352.0,33.0,0.0,0,295.87,0.0,1,0.75,0.42,SPY191011P00273000,273.0,0,0.0,0.0,,0.0,normalDay
2019-09-25,1352.0,47.0,0.0,0,297.62,0.0,1,0.75,0.28,SPY191011P00273000,273.0,0,0.0,0.0,,0.0,normalDay
2019-09-26,1352.0,51.0,0.0,0,297.0,0.0,1,0.75,0.24,SPY191011P00273000,273.0,0,0.0,0.0,,0.0,normalDay
2019-09-27,1352.0,47.0,0.0,0,295.4,0.0,1,0.75,0.28,SPY191011P00273000,273.0,0,0.0,0.0,,0.0,normalDay
2019-09-30,1352.0,60.0,0.0,0,296.77,0.0,1,0.75,0.15,SPY191011P00273000,273.0,0,0.0,0.0,,0.0,normalDay
2019-10-01,1352.0,49.0,0.0,0,293.24,0.0,1,0.75,0.26,SPY191011P00273000,273.0,0,0.0,0.0,,0.0,normalDay
2019-10-02,1352.0,19.0,0.0,0,288.06,0.0,1,0.75,0.56,SPY191011P00273000,273.0,0,0.0,0.0,,0.0,normalDay
2019-10-03,1352.0,50.0,0.0,0,290.42,0.0,1,0.75,0.25,SPY191011P00273000,273.0,0,0.0,0.0,,0.0,normalDay
2019-10-04,1352.0,69.0,0.0,0,294.35,0.0,1,0.75,0.06,SPY191011P00273000,273.0,0,0.0,0.0,,0.0,normalDay
2019-10-07,1352.0,71.0,0.0,0,293.08,0.0,1,0.75,0.04,SPY191011P00273000,273.0,0,0.0,0.0,,0.0,normalDay
2019-10-08,1352.0,69.0,0.0,0,288.53,0.0,1,0.75,0.06,SPY191011P00273000,273.0,0,0.0,0.0,,0.0,normalDay
2019-10-09,1352.0,73.0,0.0,0,291.27,0.0,1,0.75,0.02,SPY191011P00273000,273.0,0,0.0,0.0,,0.0,normalDay
2019-10-10,1352.0,73.0,0.0,0,293.24,0.0,1,0.75,0.02,SPY191011P00273000,273.0,0,0.0,0.0,,0.0,normalDay
2019-10-11,1427.0,0.0,75.0,0,296.28,0.0,1,0.75,0.0,SPY191011P00273000,273.0,0,0.0,0.0,,0.0,expirationDay
2019-10-14,1427.0,-3.0,0.0,0,295.95,0.0,1,1.16,1.19,SPY191115P00280000,280.0,0,0.0,0.0,,0.0,normalDay
2019-10-15,1427.0,43.0,0.0,0,298.88,0.0,1,1.16,0.73,SPY191115P00280000,280.0,0,0.0,0.0,,0.0,normalDay
2019-10-16,1427.0,44.0,0.0,0,298.4,0.0,1,1.16,0.72,SPY191115P00280000,280.0,0,0.0,0.0,,0.0,normalDay
2019-10-17,1427.0,51.0,0.0,0,299.28,0.0,1,1.16,0.65,SPY191115P00280000,280.0,0,0.0,0.0,,0.0,normalDay
2019-10-18,1427.0,43.0,0.0,0,297.97,0.0,1,1.16,0.73,SPY191115P00280000,280.0,0,0.0,0.0,,0.0,normalDay
2019-10-21,1427.0,68.0,0.0,0,299.99,0.0,1,1.16,0.48,SPY191115P00280000,280.0,0,0.0,0.0,,0.0,normalDay
2019-10-22,1427.0,63.0,0.0,0,299.01,0.0,1,1.16,0.53,SPY191115P00280000,280.0,0,0.0,0.0,,0.0,normalDay
2019-10-23,1427.0,75.0,0.0,0,299.88,0.0,1,1.16,0.41,SPY191115P00280000,280.0,0,0.0,0.0,,0.0,normalDay
2019-10-24,1427.0,82.0,0.0,0,300.37,0.0,1,1.16,0.34,SPY191115P00280000,280.0,0,0.0,0.0,,0.0,normalDay
2019-10-25,1427.0,93.0,0.0,0,301.6,0.0,1,1.16,0.23,SPY191115P00280000,280.0,0,0.0,0.0,,0.0,normalDay
2019-10-28,1427.0,98.0,0.0,0,303.3,0.0,1,1.16,0.18,SPY191115P00280000,280.0,0,0.0,0.0,,0.0,normalDay
2019-10-29,1427.0,100.0,0.0,0,303.21,0.0,1,1.16,0.16,SPY191115P00280000,280.0,0,0.0,0.0,,0.0,normalDay
2019-10-30,1427.0,104.0,0.0,0,304.14,0.0,1,1.16,0.12,SPY191115P00280000,280.0,0,0.0,0.0,,0.0,normalDay
2019-10-31,1427.0,100.0,0.0,0,303.33,0.0,1,1.16,0.16,SPY191115P00280000,280.0,0,0.0,0.0,,0.0,normalDay
2019-11-01,1427.0,108.0,0.0,0,306.14,0.0,1,1.16,0.08,SPY191115P00280000,280.0,0,0.0,0.0,,0.0,normalDay
2019-11-04,1427.0,110.0,0.0,0,307.37,0.0,1,1.16,0.06,SPY191115P00280000,280.0,0,0.0,0.0,,0.0,normalDay
2019-11-05,1427.0,111.0,0.0,0,307.03,0.0,1,1.16,0.05,SPY191115P00280000,280.0,0,0.0,0.0,,0.0,normalDay
2019-11-06,1427.0,113.0,0.0,0,307.1,0.0,1,1.16,0.03,SPY191115P00280000,280.0,0,0.0,0.0,,0.0,normalDay
2019-11-07,1427.0,114.0,0.0,0,308.18,0.0,1,1.16,0.02,SPY191115P00280000,280.0,0,0.0,0.0,,0.0,normalDay
2019-11-08,1427.0,114.0,0.0,0,308.94,0.0,1,1.16,0.02,SPY191115P00280000,280.0,0,0.0,0.0,,0.0,normalDay
2019-11-11,1427.0,114.0,0.0,0,308.35,0.0,1,1.16,0.02,SPY191115P00280000,280.0,0,0.0,0.0,,0.0,normalDay
2019-11-12,1427.0,115.0,0.0,0,309.0,0.0,1,1.16,0.01,SPY191115P00280000,280.0,0,0.0,0.0,,0.0,normalDay
2019-11-13,1427.0,115.0,0.0,0,309.1,0.0,1,1.16,0.01,SPY191115P00280000,280.0,0,0.0,0.0,,0.0,normalDay
2019-11-14,1427.0,115.0,0.0,0,309.55,0.0,1,1.16,0.01,SPY191115P00280000,280.0,0,0.0,0.0,,0.0,normalDay
2019-11-15,1543.0,0.0,116.0,0,311.79,0.0,1,1.16,0.0,SPY191115P00280000,280.0,0,0.0,0.0,,0.0,expirationDay
2019-11-18,1543.0,-3.0,0.0,0,312.02,0.0,1,0.66,0.69,SPY191220P00290000,290.0,0,0.0,0.0,,0.0,normalDay
2019-11-19,1543.0,-7.0,0.0,0,311.93,0.0,1,0.66,0.73,SPY191220P00290000,290.0,0,0.0,0.0,,0.0,normalDay
2019-11-20,1543.0,-11.0,0.0,0,310.77,0.0,1,0.66,0.77,SPY191220P00290000,290.0,0,0.0,0.0,,0.0,normalDay
2019-11-21,1543.0,-11.0,0.0,0,310.27,0.0,1,0.66,0.77,SPY191220P00290000,290.0,0,0.0,0.0,,0.0,normalDay
2019-11-22,1543.0,5.0,0.0,0,310.96,0.0,1,0.66,0.61,SPY191220P00290000,290.0,0,0.0,0.0,,0.0,normalDay
2019-11-25,1543.0,27.0,0.0,0,313.37,0.0,1,0.66,0.39,SPY191220P00290000,290.0,0,0.0,0.0,,0.0,normalDay
2019-11-26,1543.0,32.0,0.0,0,314.08,0.0,1,0.66,0.34,SPY191220P00290000,290.0,0,0.0,0.0,,0.0,normalDay
2019-11-27,1543.0,38.0,0.0,0,315.48,0.0,1,0.66,0.28,SPY191220P00290000,290.0,0,0.0,0.0,,0.0,normalDay
2019-11-29,1543.0,30.0,0.0,0,314.31,0.0,1,0.66,0.36,SPY191220P00290000,290.0,0,0.0,0.0,,0.0,normalDay
2019-12-02,1543.0,11.0,0.0,0,311.64,0.0,1,0.66,0.55,SPY191220P00290000,290.0,0,0.0,0.0,,0.0,normalDay
2019-12-03,1543.0,-5.0,0.0,0,309.55,0.0,1,0.66,0.71,SPY191220P00290000,290.0,0,0.0,0.0,,0.0,normalDay
2019-12-04,1543.0,20.0,0.0,0,311.46,0.0,1,0.66,0.46,SPY191220P00290000,290.0,0,0.0,0.0,,0.0,normalDay
2019-12-05,1543.0,32.0,0.0,0,312.02,0.0,1,0.66,0.34,SPY191220P00290000,290.0,0,0.0,0.0,,0.0,normalDay
2019-12-06,1543.0,45.0,0.0,0,314.87,0.0,1,0.66,0.21,SPY191220P00290000,290.0,0,0.0,0.0,,0.0,normalDay
2019-12-09,1543.0,32.0,0.0,0,313.88,0.0,1,0.66,0.34,SPY191220P00290000,290.0,0,0.0,0.0,,0.0,normalDay
2019-12-10,1543.0,39.0,0.0,0,313.53,0.0,1,0.66,0.27,SPY191220P00290000,290.0,0,0.0,0.0,,0.0,normalDay
2019-12-11,1543.0,46.0,0.0,0,314.42,0.0,1,0.66,0.2,SPY191220P00290000,290.0,0,0.0,0.0,,0.0,normalDay
2019-12-12,1543.0,52.0,0.0,0,317.13,0.0,1,0.66,0.14,SPY191220P00290000,290.0,0,0.0,0.0,,0.0,normalDay
2019-12-13,1543.0,55.0,0.0,0,317.32,0.0,1,0.66,0.11,SPY191220P00290000,290.0,0,0.0,0.0,,0.0,normalDay
2019-12-16,1543.0,61.0,0.0,0,319.5,0.0,1,0.66,0.05,SPY191220P00290000,290.0,0,0.0,0.0,,0.0,normalDay
2019-12-17,1543.0,63.0,0.0,0,319.57,0.0,1,0.66,0.03,SPY191220P00290000,290.0,0,0.0,0.0,,0.0,normalDay
2019-12-18,1543.0,64.0,0.0,0,319.59,0.0,1,0.66,0.02,SPY191220P00290000,290.0,0,0.0,0.0,,0.0,normalDay
2019-12-19,1543.0,65.0,0.0,0,320.9,0.0,1,0.66,0.01,SPY191220P00290000,290.0,0,0.0,0.0,,0.0,normalDay
2019-12-20,1609.0,0.0,66.0,0,320.73,0.0,1,0.66,0.0,SPY191220P00290000,290.0,0,0.0,0.0,,0.0,expirationDay
2019-12-23,1609.0,-4.0,0.0,0,321.22,0.0,1,0.74,0.78,SPY200124P00301000,301.0,0,0.0,0.0,,0.0,normalDay
2019-12-24,1609.0,-1.0,0.0,0,321.23,0.0,1,0.74,0.75,SPY200124P00301000,301.0,0,0.0,0.0,,0.0,normalDay
2019-12-26,1609.0,15.0,0.0,0,322.94,0.0,1,0.74,0.59,SPY200124P00301000,301.0,0,0.0,0.0,,0.0,normalDay
2019-12-27,1609.0,10.0,0.0,0,322.86,0.0,1,0.74,0.64,SPY200124P00301000,301.0,0,0.0,0.0,,0.0,normalDay
2019-12-30,1609.0,-1.0,0.0,0,321.08,0.0,1,0.74,0.75,SPY200124P00301000,301.0,0,0.0,0.0,,0.0,normalDay
2019-12-31,1609.0,16.0,0.0,0,321.86,0.0,1,0.74,0.58,SPY200124P00301000,301.0,0,0.0,0.0,,0.0,normalDay
2020-01-02,1609.0,45.0,0.0,0,324.87,0.0,1,0.74,0.29,SPY200124P00301000,301.0,0,0.0,0.0,,0.0,normalDay
2020-01-03,1609.0,28.0,0.0,0,322.41,0.0,1,0.74,0.46,SPY200124P00301000,301.0,0,0.0,0.0,,0.0,normalDay
2020-01-06,1609.0,48.0,0.0,0,323.64,0.0,1,0.74,0.26,SPY200124P00301000,301.0,0,0.0,0.0,,0.0,normalDay
2020-01-07,1609.0,47.0,0.0,0,322.73,0.0,1,0.74,0.27,SPY200124P00301000,301.0,0,0.0,0.0,,0.0,normalDay
2020-01-08,1609.0,52.0,0.0,0,324.45,0.0,1,0.74,0.22,SPY200124P00301000,301.0,0,0.0,0.0,,0.0,normalDay
2020-01-09,1609.0,61.0,0.0,0,326.65,0.0,1,0.74,0.13,SPY200124P00301000,301.0,0,0.0,0.0,,0.0,normalDay
2020-01-10,1609.0,64.0,0.0,0,325.71,0.0,1,0.74,0.1,SPY200124P00301000,301.0,0,0.0,0.0,,0.0,normalDay
2020-01-13,1609.0,70.0,0.0,0,327.95,0.0,1,0.74,0.04,SPY200124P00301000,301.0,0,0.0,0.0,,0.0,normalDay
2020-01-14,1609.0,69.0,0.0,0,327.45,0.0,1,0.74,0.05,SPY200124P00301000,301.0,0,0.0,0.0,,0.0,normalDay
2020-01-15,1609.0,70.0,0.0,0,328.19,0.0,1,0.74,0.04,SPY200124P00301000,301.0,0,0.0,0.0,,0.0,normalDay
2020-01-16,1609.0,71.0,0.0,0,330.92,0.0,1,0.74,0.03,SPY200124P00301000,301.0,0,0.0,0.0,,0.0,normalDay
2020-01-17,1609.0,72.0,0.0,0,331.95,0.0,1,0.74,0.02,SPY200124P00301000,301.0,0,0.0,0.0,,0.0,normalDay
2020-01-21,1609.0,73.0,0.0,0,331.3,0.0,1,0.74,0.01,SPY200124P00301000,301.0,0,0.0,0.0,,0.0,normalDay
2020-01-22,1609.0,73.0,0.0,0,331.34,0.0,1,0.74,0.01,SPY200124P00301000,301.0,0,0.0,0.0,,0.0,normalDay
2020-01-23,1609.0,73.0,0.0,0,331.72,0.0,1,0.74,0.01,SPY200124P00301000,301.0,0,0.0,0.0,,0.0,normalDay
2020-01-24,1683.0,0.0,74.0,0,328.77,0.0,1,0.74,0.0,SPY200124P00301000,301.0,0,0.0,0.0,,0.0,expirationDay
2020-01-27,1683.0,-4.0,0.0,0,323.5,0.0,1,2.79,2.83,SPY200228P00311000,311.0,0,0.0,0.0,,0.0,normalDay
2020-01-28,1683.0,103.0,0.0,0,326.89,0.0,1,2.79,1.76,SPY200228P00311000,311.0,0,0.0,0.0,,0.0,normalDay
2020-01-29,1683.0,103.0,0.0,0,326.62,0.0,1,2.79,1.76,SPY200228P00311000,311.0,0,0.0,0.0,,0.0,normalDay
2020-01-30,1683.0,151.0,0.0,0,327.68,0.0,1,2.79,1.28,SPY200228P00311000,311.0,0,0.0,0.0,,0.0,normalDay
2020-01-31,1683.0,10.0,0.0,0,321.73,0.0,1,2.79,2.69,SPY200228P00311000,311.0,0,0.0,0.0,,0.0,normalDay
2020-02-03,1683.0,78.0,0.0,0,324.12,0.0,1,2.79,2.01,SPY200228P00311000,311.0,0,0.0,0.0,,0.0,normalDay
2020-02-04,1683.0,186.0,0.0,0,329.06,0.0,1,2.79,0.93,SPY200228P00311000,311.0,0,0.0,0.0,,0.0,normalDay
2020-02-05,1683.0,225.0,0.0,0,332.86,0.0,1,2.79,0.54,SPY200228P00311000,311.0,0,0.0,0.0,,0.0,normalDay
2020-02-06,1683.0,229.0,0.0,0,333.98,0.0,1,2.79,0.5,SPY200228P00311000,311.0,0,0.0,0.0,,0.0,normalDay
2020-02-07,1683.0,221.0,0.0,0,332.2,0.0,1,2.79,0.58,SPY200228P00311000,311.0,0,0.0,0.0,,0.0,normalDay
2020-02-10,1683.0,245.0,0.0,0,334.68,0.0,1,2.79,0.34,SPY200228P00311000,311.0,0,0.0,0.0,,0.0,normalDay
2020-02-11,1683.0,246.0,0.0,0,335.26,0.0,1,2.79,0.33,SPY200228P00311000,311.0,0,0.0,0.0,,0.0,normalDay
2020-02-12,1683.0,260.0,0.0,0,337.42,0.0,1,2.79,0.19,SPY200228P00311000,311.0,0,0.0,0.0,,0.0,normalDay
2020-02-13,1683.0,259.0,0.0,0,337.06,0.0,1,2.79,0.2,SPY200228P00311000,311.0,0,0.0,0.0,,0.0,normalDay
2020-02-14,1683.0,265.0,0.0,0,337.6,0.0,1,2.79,0.14,SPY200228P00311000,311.0,0,0.0,0.0,,0.0,normalDay
2020-02-18,1683.0,268.0,0.0,0,336.73,0.0,1,2.79,0.11,SPY200228P00311000,311.0,0,0.0,0.0,,0.0,normalDay
2020-02-19,1683.0,271.0,0.0,0,338.34,0.0,1,2.79,0.08,SPY200228P00311000,311.0,0,0.0,0.0,,0.0,normalDay
2020-02-20,1683.0,271.0,0.0,0,336.95,0.0,1,2.79,0.08,SPY200228P00311000,311.0,0,0.0,0.0,,0.0,normalDay
2020-02-21,1683.0,271.0,0.0,0,333.48,0.0,1,2.79,0.08,SPY200228P00311000,311.0,0,0.0,0.0,,0.0,normalDay
2020-02-24,1683.0,122.0,0.0,0,322.42,0.0,1,2.79,1.57,SPY200228P00311000,311.0,0,0.0,0.0,,0.0,normalDay
2020-02-25,1683.0,-65.0,0.0,0,312.65,0.0,1,2.79,3.44,SPY200228P00311000,311.0,0,0.0,0.0,,0.0,normalDay
2020-02-26,1683.0,-49.0,0.0,0,311.5,0.0,1,2.79,3.28,SPY200228P00311000,311.0,0,0.0,0.0,,0.0,normalDay
2020-02-27,1683.0,-1121.0,0.0,0,297.51,0.0,1,2.79,14.0,SPY200228P00311000,311.0,0,0.0,0.0,,0.0,normalDay
2020-02-28,1962.0,-1474.0,279.0,100,296.26,311.0,1,2.79,0.0,SPY200228P00311000,311.0,0,0.0,0.0,,0.0,expirationDay
2020-03-02,1962.0,-191.0,0.0,100,309.09,311.0,0,0.0,0.0,,0.0,0,0.0,0.0,,0.0,bidTooLow
2020-03-03,1962.0,-1076.0,0.0,100,300.24,311.0,0,0.0,0.0,,0.0,0,0.0,0.0,,0.0,bidTooLow
2020-03-04,1962.0,186.0,0.0,100,312.86,311.0,0,0.0,0.0,,0.0,0,0.0,0.0,,0.0,bidTooLow
2020-03-05,1962.0,-854.0,0.0,100,302.46,311.0,0,0.0,0.0,,0.0,0,0.0,0.0,,0.0,bidTooLow
2020-03-06,1962.0,-1354.0,0.0,100,297.46,311.0,0,0.0,0.0,,0.0,0,0.0,0.0,,0.0,bidTooLow
2020-03-09,1962.0,-3677.0,0.0,100,274.23,311.0,0,0.0,0.0,,0.0,0,0.0,0.0,,0.0,bidTooLow
2020-03-10,1962.0,-2258.0,0.0,100,288.42,311.0,0,0.0,0.0,,0.0,0,0.0,0.0,,0.0,bidTooLow
2020-03-11,1962.0,-3664.0,0.0,100,274.36,311.0,0,0.0,0.0,,0.0,0,0.0,0.0,,0.0,bidTooLow
2020-03-12,1962.0,-6289.0,0.0,100,248.11,311.0,0,0.0,0.0,,0.0,0,0.0,0.0,,0.0,bidTooLow
2020-03-13,1962.0,-4168.0,0.0,100,269.32,311.0,0,0.0,0.0,,0.0,0,0.0,0.0,,0.0,bidTooLow
2020-03-16,1962.0,-7115.0,0.0,100,239.85,311.0,0,0.0,0.0,,0.0,0,0.0,0.0,,0.0,bidTooLow
2020-03-17,1962.0,-5820.0,0.0,100,252.8,311.0,0,0.0,0.0,,0.0,0,0.0,0.0,,0.0,bidTooLow
2020-03-18,1962.0,-7100.0,0.0,100,240.0,311.0,0,0.0,0.0,,0.0,0,0.0,0.0,,0.0,bidTooLow
2020-03-19,1962.0,-7049.0,0.0,100,240.51,311.0,0,0.0,0.0,,0.0,0,0.0,0.0,,0.0,bidTooLow
2020-03-20,1962.0,-8220.0,0.0,100,228.8,311.0,0,0.0,0.0,,0.0,0,0.0,0.0,,0.0,bidTooLow
2020-03-23,1962.0,-8805.0,0.0,100,222.95,311.0,0,0.0,0.0,,0.0,0,0.0,0.0,,0.0,bidTooLow
2020-03-24,1962.0,-6785.0,0.0,100,243.15,311.0,0,0.0,0.0,,0.0,0,0.0,0.0,,0.0,bidTooLow
2020-03-25,1962.0,-6421.0,0.0,100,246.79,311.0,0,0.0,0.0,,0.0,0,0.0,0.0,,0.0,bidTooLow
2020-03-26,1962.0,-4980.0,0.0,100,261.2,311.0,0,0.0,0.0,,0.0,0,0.0,0.0,,0.0,bidTooLow
2020-03-27,1962.0,-5758.0,0.0,100,253.42,311.0,0,0.0,0.0,,0.0,0,0.0,0.0,,0.0,bidTooLow
2020-03-30,1962.0,-4935.0,0.0,100,261.65,311.0,0,0.0,0.0,,0.0,0,0.0,0.0,,0.0,bidTooLow
2020-03-31,1962.0,-5325.0,0.0,100,257.75,311.0,0,0.0,0.0,,0.0,0,0.0,0.0,,0.0,bidTooLow
2020-04-01,1962.0,-6485.0,0.0,100,246.15,311.0,0,0.0,0.0,,0.0,0,0.0,0.0,,0.0,bidTooLow
2020-04-02,1962.0,-5917.0,0.0,100,251.83,311.0,0,0.0,0.0,,0.0,0,0.0,0.0,,0.0,bidTooLow
2020-04-03,1962.0,-6281.0,0.0,100,248.19,311.0,0,0.0,0.0,,0.0,0,0.0,0.0,,0.0,bidTooLow
2020-04-06,1962.0,-4618.0,0.0,100,264.86,311.0,0,0.0,0.0,,0.0,1,0.27,0.31,SPY200417C00292000,292.0,normalDay
2020-04-07,1962.0,-4592.0,0.0,100,265.13,311.0,0,0.0,0.0,,0.0,1,0.27,0.32,SPY200417C00292000,292.0,normalDay
2020-04-08,1962.0,-3739.0,0.0,100,274.03,311.0,0,0.0,0.0,,0.0,1,0.27,0.69,SPY200417C00292000,292.0,normalDay
2020-04-09,1962.0,-3373.0,0.0,100,278.2,311.0,0,0.0,0.0,,0.0,1,0.27,1.2,SPY200417C00292000,292.0,normalDay
2020-04-13,1962.0,-3539.0,0.0,100,275.66,311.0,0,0.0,0.0,,0.0,1,0.27,0.32,SPY200417C00292000,292.0,normalDay
2020-04-14,1962.0,-2794.0,0.0,100,283.79,311.0,0,0.0,0.0,,0.0,1,0.27,1.0,SPY200417C00292000,292.0,normalDay
2020-04-15,1962.0,-3314.0,0.0,100,277.76,311.0,0,0.0,0.0,,0.0,1,0.27,0.17,SPY200417C00292000,292.0,normalDay
2020-04-16,1962.0,-3168.0,0.0,100,279.1,311.0,0,0.0,0.0,,0.0,1,0.27,0.05,SPY200417C00292000,292.0,normalDay
2020-04-17,1989.0,-2436.0,27.0,100,286.64,311.0,0,0.0,0.0,,0.0,1,0.27,0.0,SPY200417C00292000,292.0,expirationDay
2020-04-20,1989.0,-2945.0,0.0,100,281.59,311.0,0,0.0,0.0,,0.0,1,0.21,0.25,SPY200501C00307000,307.0,normalDay
2020-04-21,1989.0,-3785.0,0.0,100,273.04,311.0,0,0.0,0.0,,0.0,1,0.21,0.1,SPY200501C00307000,307.0,normalDay
2020-04-22,1989.0,-3177.0,0.0,100,279.1,311.0,0,0.0,0.0,,0.0,1,0.21,0.08,SPY200501C00307000,307.0,normalDay
2020-04-23,1989.0,-3177.0,0.0,100,279.08,311.0,0,0.0,0.0,,0.0,1,0.21,0.06,SPY200501C00307000,307.0,normalDay
2020-04-24,1989.0,-2786.0,0.0,100,282.97,311.0,0,0.0,0.0,,0.0,1,0.21,0.04,SPY200501C00307000,307.0,normalDay
2020-04-27,1989.0,-2378.0,0.0,100,287.05,311.0,0,0.0,0.0,,0.0,1,0.21,0.04,SPY200501C00307000,307.0,normalDay
2020-04-28,1989.0,-2509.0,0.0,100,285.73,311.0,0,0.0,0.0,,0.0,1,0.21,0.03,SPY200501C00307000,307.0,normalDay
2020-04-29,1989.0,-1763.0,0.0,100,293.21,311.0,0,0.0,0.0,,0.0,1,0.21,0.05,SPY200501C00307000,307.0,normalDay
2020-04-30,1989.0,-2033.0,0.0,100,290.48,311.0,0,0.0,0.0,,0.0,1,0.21,0.02,SPY200501C00307000,307.0,normalDay
2020-05-01,2010.0,-2821.0,21.0,100,282.79,311.0,0,0.0,0.0,,0.0,1,0.21,0.0,SPY200501C00307000,307.0,expirationDay
2020-05-04,2010.0,-2746.0,0.0,100,283.57,311.0,0,0.0,0.0,,0.0,1,0.52,0.55,SPY200515C00299000,299.0,normalDay
2020-05-05,2010.0,-2496.0,0.0,100,286.19,311.0,0,0.0,0.0,,0.0,1,0.52,0.67,SPY200515C00299000,299.0,normalDay
2020-05-06,2010.0,-2661.0,0.0,100,284.25,311.0,0,0.0,0.0,,0.0,1,0.52,0.38,SPY200515C00299000,299.0,normalDay
2020-05-07,2010.0,-2335.0,0.0,100,287.68,311.0,0,0.0,0.0,,0.0,1,0.52,0.55,SPY200515C00299000,299.0,normalDay
2020-05-08,2010.0,-1904.0,0.0,100,292.44,311.0,0,0.0,0.0,,0.0,1,0.52,1.0,SPY200515C00299000,299.0,normalDay
2020-05-11,2010.0,-1852.0,0.0,100,292.5,311.0,0,0.0,0.0,,0.0,1,0.52,0.54,SPY200515C00299000,299.0,normalDay
2020-05-12,2010.0,-2396.0,0.0,100,286.67,311.0,0,0.0,0.0,,0.0,1,0.52,0.15,SPY200515C00299000,299.0,normalDay
2020-05-13,2010.0,-2891.0,0.0,100,281.6,311.0,0,0.0,0.0,,0.0,1,0.52,0.03,SPY200515C00299000,299.0,normalDay
2020-05-14,2010.0,-2552.0,0.0,100,284.97,311.0,0,0.0,0.0,,0.0,1,0.52,0.01,SPY200515C00299000,299.0,normalDay
2020-05-15,2062.0,-2472.0,52.0,100,286.28,311.0,0,0.0,0.0,,0.0,1,0.52,0.0,SPY200515C00299000,299.0,expirationDay
2020-05-18,2062.0,-1605.0,0.0,100,295.0,311.0,0,0.0,0.0,,0.0,1,2.39,2.44,SPY200529C00300000,300.0,normalDay
2020-05-19,2062.0,-1822.0,0.0,100,291.97,311.0,0,0.0,0.0,,0.0,1,2.39,1.58,SPY200529C00300000,300.0,normalDay
2020-05-20,2062.0,-1451.0,0.0,100,296.93,311.0,0,0.0,0.0,,0.0,1,2.39,2.83,SPY200529C00300000,300.0,normalDay
2020-05-21,2062.0,-1538.0,0.0,100,294.88,311.0,0,0.0,0.0,,0.0,1,2.39,1.65,SPY200529C00300000,300.0,normalDay
2020-05-22,2062.0,-1454.0,0.0,100,295.44,311.0,0,0.0,0.0,,0.0,1,2.39,1.37,SPY200529C00300000,300.0,normalDay
2020-05-26,2062.0,-1170.0,0.0,100,299.08,311.0,0,0.0,0.0,,0.0,1,2.39,2.17,SPY200529C00300000,300.0,normalDay
2020-05-27,2062.0,-974.0,0.0,100,303.53,311.0,0,0.0,0.0,,0.0,1,2.39,4.66,SPY200529C00300000,300.0,normalDay
2020-05-28,2062.0,-1006.0,0.0,100,302.97,311.0,0,0.0,0.0,,0.0,1,2.39,4.42,SPY200529C00300000,300.0,normalDay
2020-05-29,1201.0,-1006.0,-861.0,0,304.32,0.0,0,0.0,0.0,,0.0,1,2.39,0.0,SPY200529C00300000,300.0,expirationDay
2020-06-01,1201.0,-4.0,0.0,0,305.55,0.0,1,1.27,1.31,SPY200702P00262000,262.0,0,0.0,0.0,,0.0,normalDay
2020-06-02,1201.0,28.0,0.0,0,308.08,0.0,1,1.27,0.99,SPY200702P00262000,262.0,0,0.0,0.0,,0.0,normalDay
2020-06-03,1201.0,59.0,0.0,0,312.18,0.0,1,1.27,0.68,SPY200702P00262000,262.0,0,0.0,0.0,,0.0,normalDay
2020-06-04,1201.0,60.0,0.0,0,311.36,0.0,1,1.27,0.67,SPY200702P00262000,262.0,0,0.0,0.0,,0.0,normalDay
2020-06-05,1201.0,84.0,0.0,0,319.34,0.0,1,1.27,0.43,SPY200702P00262000,262.0,0,0.0,0.0,,0.0,normalDay
2020-06-08,1201.0,88.0,0.0,0,323.2,0.0,1,1.27,0.39,SPY200702P00262000,262.0,0,0.0,0.0,,0.0,normalDay
2020-06-09,1201.0,82.0,0.0,0,320.79,0.0,1,1.27,0.45,SPY200702P00262000,262.0,0,0.0,0.0,,0.0,normalDay
2020-06-10,1201.0,79.0,0.0,0,319.0,0.0,1,1.27,0.48,SPY200702P00262000,262.0,0,0.0,0.0,,0.0,normalDay
2020-06-11,1201.0,-112.0,0.0,0,300.61,0.0,1,1.27,2.39,SPY200702P00262000,262.0,0,0.0,0.0,,0.0,normalDay
2020-06-12,1201.0,-13.0,0.0,0,304.21,0.0,1,1.27,1.4,SPY200702P00262000,262.0,0,0.0,0.0,,0.0,normalDay
2020-06-15,1201.0,41.0,0.0,0,307.05,0.0,1,1.27,0.86,SPY200702P00262000,262.0,0,0.0,0.0,,0.0,normalDay
2020-06-16,1201.0,65.0,0.0,0,312.96,0.0,1,1.27,0.62,SPY200702P00262000,262.0,0,0.0,0.0,,0.0,normalDay
2020-06-17,1201.0,72.0,0.0,0,311.66,0.0,1,1.27,0.55,SPY200702P00262000,262.0,0,0.0,0.0,,0.0,normalDay
2020-06-18,1201.0,87.0,0.0,0,311.78,0.0,1,1.27,0.4,SPY200702P00262000,262.0,0,0.0,0.0,,0.0,normalDay
2020-06-19,1201.0,84.0,0.0,0,308.64,0.0,1,1.27,0.43,SPY200702P00262000,262.0,0,0.0,0.0,,0.0,normalDay
2020-06-22,1201.0,108.0,0.0,0,310.62,0.0,1,1.27,0.19,SPY200702P00262000,262.0,0,0.0,0.0,,0.0,normalDay
2020-06-23,1201.0,114.0,0.0,0,312.05,0.0,1,1.27,0.13,SPY200702P00262000,262.0,0,0.0,0.0,,0.0,normalDay
2020-06-24,1201.0,110.0,0.0,0,304.09,0.0,1,1.27,0.17,SPY200702P00262000,262.0,0,0.0,0.0,,0.0,normalDay
2020-06-25,1201.0,117.0,0.0,0,307.35,0.0,1,1.27,0.1,SPY200702P00262000,262.0,0,0.0,0.0,,0.0,normalDay
2020-06-26,1201.0,115.0,0.0,0,300.05,0.0,1,1.27,0.12,SPY200702P00262000,262.0,0,0.0,0.0,,0.0,normalDay
2020-06-29,1201.0,123.0,0.0,0,304.46,0.0,1,1.27,0.04,SPY200702P00262000,262.0,0,0.0,0.0,,0.0,normalDay
2020-06-30,1201.0,124.0,0.0,0,308.36,0.0,1,1.27,0.03,SPY200702P00262000,262.0,0,0.0,0.0,,0.0,normalDay
2020-07-01,1201.0,126.0,0.0,0,310.52,0.0,1,1.27,0.01,SPY200702P00262000,262.0,0,0.0,0.0,,0.0,normalDay
2020-07-02,1328.0,0.0,127.0,0,312.23,0.0,1,1.27,0.0,SPY200702P00262000,262.0,0,0.0,0.0,,0.0,expirationDay
2020-07-06,1328.0,-4.0,0.0,0,317.05,0.0,1,2.09,2.13,SPY200807P00285000,285.0,0,0.0,0.0,,0.0,normalDay
2020-07-07,1328.0,-52.0,0.0,0,313.78,0.0,1,2.09,2.61,SPY200807P00285000,285.0,0,0.0,0.0,,0.0,normalDay
2020-07-08,1328.0,0.0,0.0,0,316.18,0.0,1,2.09,2.09,SPY200807P00285000,285.0,0,0.0,0.0,,0.0,normalDay
2020-07-09,1328.0,-30.0,0.0,0,314.38,0.0,1,2.09,2.39,SPY200807P00285000,285.0,0,0.0,0.0,,0.0,normalDay
2020-07-10,1328.0,39.0,0.0,0,317.59,0.0,1,2.09,1.7,SPY200807P00285000,285.0,0,0.0,0.0,,0.0,normalDay
2020-07-13,1328.0,-42.0,0.0,0,314.84,0.0,1,2.09,2.51,SPY200807P00285000,285.0,0,0.0,0.0,,0.0,normalDay
2020-07-14,1328.0,43.0,0.0,0,318.92,0.0,1,2.09,1.66,SPY200807P00285000,285.0,0,0.0,0.0,,0.0,normalDay
2020-07-15,1328.0,96.0,0.0,0,321.85,0.0,1,2.09,1.13,SPY200807P00285000,285.0,0,0.0,0.0,,0.0,normalDay
2020-07-16,1328.0,89.0,0.0,0,320.79,0.0,1,2.09,1.2,SPY200807P00285000,285.0,0,0.0,0.0,,0.0,normalDay
2020-07-17,1328.0,135.0,0.0,0,321.72,0.0,1,2.09,0.74,SPY200807P00285000,285.0,0,0.0,0.0,,0.0,normalDay
2020-07-20,1328.0,161.0,0.0,0,324.32,0.0,1,2.09,0.48,SPY200807P00285000,285.0,0,0.0,0.0,,0.0,normalDay
2020-07-21,1328.0,164.0,0.0,0,325.01,0.0,1,2.09,0.45,SPY200807P00285000,285.0,0,0.0,0.0,,0.0,normalDay
2020-07-22,1328.0,172.0,0.0,0,326.86,0.0,1,2.09,0.37,SPY200807P00285000,285.0,0,0.0,0.0,,0.0,normalDay
2020-07-23,1328.0,160.0,0.0,0,322.96,0.0,1,2.09,0.49,SPY200807P00285000,285.0,0,0.0,0.0,,0.0,normalDay
2020-07-24,1328.0,174.0,0.0,0,320.88,0.0,1,2.09,0.35,SPY200807P00285000,285.0,0,0.0,0.0,,0.0,normalDay
2020-07-27,1328.0,190.0,0.0,0,323.22,0.0,1,2.09,0.19,SPY200807P00285000,285.0,0,0.0,0.0,,0.0,normalDay
2020-07-28,1328.0,189.0,0.0,0,321.17,0.0,1,2.09,0.2,SPY200807P00285000,285.0,0,0.0,0.0,,0.0,normalDay
2020-07-29,1328.0,196.0,0.0,0,325.12,0.0,1,2.09,0.13,SPY200807P00285000,285.0,0,0.0,0.0,,0.0,normalDay
2020-07-30,1328.0,195.0,0.0,0,323.96,0.0,1,2.09,0.14,SPY200807P00285000,285.0,0,0.0,0.0,,0.0,normalDay
2020-07-31,1328.0,203.0,0.0,0,326.52,0.0,1,2.09,0.06,SPY200807P00285000,285.0,0,0.0,0.0,,0.0,normalDay
2020-08-03,1328.0,206.0,0.0,0,328.79,0.0,1,2.09,0.03,SPY200807P00285000,285.0,0,0.0,0.0,,0.0,normalDay
2020-08-04,1328.0,207.0,0.0,0,330.06,0.0,1,2.09,0.02,SPY200807P00285000,285.0,0,0.0,0.0,,0.0,normalDay
2020-08-05,1328.0,208.0,0.0,0,332.11,0.0,1,2.09,0.01,SPY200807P00285000,285.0,0,0.0,0.0,,0.0,normalDay
2020-08-06,1328.0,208.0,0.0,0,334.33,0.0,1,2.09,0.01,SPY200807P00285000,285.0,0,0.0,0.0,,0.0,normalDay
2020-08-07,1537.0,0.0,209.0,0,334.57,0.0,1,2.09,0.0,SPY200807P00285000,285.0,0,0.0,0.0,,0.0,expirationDay
2020-08-10,1537.0,-4.0,0.0,0,335.57,0.0,1,1.63,1.67,SPY200911P00305000,305.0,0,0.0,0.0,,0.0,normalDay
2020-08-11,1537.0,-56.0,0.0,0,332.8,0.0,1,1.63,2.19,SPY200911P00305000,305.0,0,0.0,0.0,,0.0,normalDay
2020-08-12,1537.0,19.0,0.0,0,337.44,0.0,1,1.63,1.44,SPY200911P00305000,305.0,0,0.0,0.0,,0.0,normalDay
2020-08-13,1537.0,19.0,0.0,0,336.83,0.0,1,1.63,1.44,SPY200911P00305000,305.0,0,0.0,0.0,,0.0,normalDay
2020-08-14,1537.0,36.0,0.0,0,336.84,0.0,1,1.63,1.27,SPY200911P00305000,305.0,0,0.0,0.0,,0.0,normalDay
2020-08-17,1537.0,68.0,0.0,0,337.91,0.0,1,1.63,0.95,SPY200911P00305000,305.0,0,0.0,0.0,,0.0,normalDay
2020-08-18,1537.0,77.0,0.0,0,338.64,0.0,1,1.63,0.86,SPY200911P00305000,305.0,0,0.0,0.0,,0.0,normalDay
2020-08-19,1537.0,64.0,0.0,0,337.23,0.0,1,1.63,0.99,SPY200911P00305000,305.0,0,0.0,0.0,,0.0,normalDay
2020-08-20,1537.0,73.0,0.0,0,338.28,0.0,1,1.63,0.9,SPY200911P00305000,305.0,0,0.0,0.0,,0.0,normalDay
2020-08-21,1537.0,88.0,0.0,0,339.48,0.0,1,1.63,0.75,SPY200911P00305000,305.0,0,0.0,0.0,,0.0,normalDay
2020-08-24,1537.0,112.0,0.0,0,342.92,0.0,1,1.63,0.51,SPY200911P00305000,305.0,0,0.0,0.0,,0.0,normalDay
2020-08-25,1537.0,122.0,0.0,0,344.12,0.0,1,1.63,0.41,SPY200911P00305000,305.0,0,0.0,0.0,,0.0,normalDay
2020-08-26,1537.0,127.0,0.0,0,347.57,0.0,1,1.63,0.36,SPY200911P00305000,305.0,0,0.0,0.0,,0.0,normalDay
2020-08-27,1537.0,128.0,0.0,0,348.33,0.0,1,1.63,0.35,SPY200911P00305000,305.0,0,0.0,0.0,,0.0,normalDay
2020-08-28,1537.0,145.0,0.0,0,350.58,0.0,1,1.63,0.18,SPY200911P00305000,305.0,0,0.0,0.0,,0.0,normalDay
2020-08-31,1537.0,141.0,0.0,0,349.31,0.0,1,1.63,0.22,SPY200911P00305000,305.0,0,0.0,0.0,,0.0,normalDay
2020-09-01,1537.0,150.0,0.0,0,352.6,0.0,1,1.63,0.13,SPY200911P00305000,305.0,0,0.0,0.0,,0.0,normalDay
2020-09-02,1537.0,151.0,0.0,0,357.7,0.0,1,1.63,0.12,SPY200911P00305000,305.0,0,0.0,0.0,,0.0,normalDay
2020-09-03,1537.0,124.0,0.0,0,345.39,0.0,1,1.63,0.39,SPY200911P00305000,305.0,0,0.0,0.0,,0.0,normalDay
2020-09-04,1537.0,136.0,0.0,0,342.57,0.0,1,1.63,0.27,SPY200911P00305000,305.0,0,0.0,0.0,,0.0,normalDay
2020-09-08,1537.0,144.0,0.0,0,333.21,0.0,1,1.63,0.19,SPY200911P00305000,305.0,0,0.0,0.0,,0.0,normalDay
2020-09-09,1537.0,156.0,0.0,0,339.79,0.0,1,1.63,0.07,SPY200911P00305000,305.0,0,0.0,0.0,,0.0,normalDay
2020-09-10,1537.0,161.0,0.0,0,333.89,0.0,1,1.63,0.02,SPY200911P00305000,305.0,0,0.0,0.0,,0.0,normalDay
2020-09-11,1700.0,0.0,163.0,0,334.06,0.0,1,1.63,0.0,SPY200911P00305000,305.0,0,0.0,0.0,,0.0,expirationDay
2020-09-14,1700.0,-4.0,0.0,0,338.46,0.0,1,3.04,3.08,SPY201016P00315000,315.0,0,0.0,0.0,,0.0,normalDay
2020-09-15,1700.0,27.0,0.0,0,340.17,0.0,1,3.04,2.77,SPY201016P00315000,315.0,0,0.0,0.0,,0.0,normalDay
2020-09-16,1700.0,8.0,0.0,0,338.82,0.0,1,3.04,2.96,SPY201016P00315000,315.0,0,0.0,0.0,,0.0,normalDay
2020-09-17,1700.0,-16.0,0.0,0,335.84,0.0,1,3.04,3.2,SPY201016P00315000,315.0,0,0.0,0.0,,0.0,normalDay
2020-09-18,1700.0,-50.0,0.0,0,330.65,0.0,1,3.04,3.54,SPY201016P00315000,315.0,0,0.0,0.0,,0.0,normalDay
2020-09-21,1700.0,-123.0,0.0,0,326.97,0.0,1,3.04,4.27,SPY201016P00315000,315.0,0,0.0,0.0,,0.0,normalDay
2020-09-22,1700.0,-36.0,0.0,0,330.3,0.0,1,3.04,3.4,SPY201016P00315000,315.0,0,0.0,0.0,,0.0,normalDay
2020-09-23,1700.0,-240.0,0.0,0,322.64,0.0,1,3.04,5.44,SPY201016P00315000,315.0,0,0.0,0.0,,0.0,normalDay
2020-09-24,1700.0,-181.0,0.0,0,323.5,0.0,1,3.04,4.85,SPY201016P00315000,315.0,0,0.0,0.0,,0.0,normalDay
2020-09-25,1700.0,-5.0,0.0,0,328.73,0.0,1,3.04,3.09,SPY201016P00315000,315.0,0,0.0,0.0,,0.0,normalDay
2020-09-28,1700.0,116.0,0.0,0,334.19,0.0,1,3.04,1.88,SPY201016P00315000,315.0,0,0.0,0.0,,0.0,normalDay
2020-09-29,1700.0,99.0,0.0,0,332.37,0.0,1,3.04,2.05,SPY201016P00315000,315.0,0,0.0,0.0,,0.0,normalDay
2020-09-30,1700.0,121.0,0.0,0,334.89,0.0,1,3.04,1.83,SPY201016P00315000,315.0,0,0.0,0.0,,0.0,normalDay
2020-10-01,1700.0,173.0,0.0,0,337.04,0.0,1,3.04,1.31,SPY201016P00315000,315.0,0,0.0,0.0,,0.0,normalDay
2020-10-02,1700.0,157.0,0.0,0,333.84,0.0,1,3.04,1.47,SPY201016P00315000,315.0,0,0.0,0.0,,0.0,normalDay
2020-10-05,1700.0,249.0,0.0,0,339.76,0.0,1,3.04,0.55,SPY201016P00315000,315.0,0,0.0,0.0,,0.0,normalDay
2020-10-06,1700.0,212.0,0.0,0,334.93,0.0,1,3.04,0.92,SPY201016P00315000,315.0,0,0.0,0.0,,0.0,normalDay
2020-10-07,1700.0,273.0,0.0,0,340.76,0.0,1,3.04,0.31,SPY201016P00315000,315.0,0,0.0,0.0,,0.0,normalDay
2020-10-08,1700.0,287.0,0.0,0,343.78,0.0,1,3.04,0.17,SPY201016P00315000,315.0,0,0.0,0.0,,0.0,normalDay
2020-10-09,1700.0,296.0,0.0,0,346.85,0.0,1,3.04,0.08,SPY201016P00315000,315.0,0,0.0,0.0,,0.0,normalDay
2020-10-12,1700.0,299.0,0.0,0,352.43,0.0,1,3.04,0.05,SPY201016P00315000,315.0,0,0.0,0.0,,0.0,normalDay
2020-10-13,1700.0,301.0,0.0,0,350.13,0.0,1,3.04,0.03,SPY201016P00315000,315.0,0,0.0,0.0,,0.0,normalDay
2020-10-14,1700.0,301.0,0.0,0,347.93,0.0,1,3.04,0.03,SPY201016P00315000,315.0,0,0.0,0.0,,0.0,normalDay
2020-10-15,1700.0,302.0,0.0,0,347.5,0.0,1,3.04,0.02,SPY201016P00315000,315.0,0,0.0,0.0,,0.0,normalDay
2020-10-16,2004.0,0.0,304.0,0,347.29,0.0,1,3.04,0.0,SPY201016P00315000,315.0,0,0.0,0.0,,0.0,expirationDay
2020-10-19,2004.0,-3.0,0.0,0,342.01,0.0,1,2.02,2.05,SPY201120P00303000,303.0,0,0.0,0.0,,0.0,normalDay
2020-10-20,2004.0,6.0,0.0,0,343.38,0.0,1,2.02,1.96,SPY201120P00303000,303.0,0,0.0,0.0,,0.0,normalDay
2020-10-21,2004.0,30.0,0.0,0,342.73,0.0,1,2.02,1.72,SPY201120P00303000,303.0,0,0.0,0.0,,0.0,normalDay
2020-10-22,2004.0,50.0,0.0,0,344.61,0.0,1,2.02,1.52,SPY201120P00303000,303.0,0,0.0,0.0,,0.0,normalDay
2020-10-23,2004.0,66.0,0.0,0,345.78,0.0,1,2.02,1.36,SPY201120P00303000,303.0,0,0.0,0.0,,0.0,normalDay
2020-10-26,2004.0,-20.0,0.0,0,339.39,0.0,1,2.02,2.22,SPY201120P00303000,303.0,0,0.0,0.0,,0.0,normalDay
2020-10-27,2004.0,-39.0,0.0,0,338.22,0.0,1,2.02,2.41,SPY201120P00303000,303.0,0,0.0,0.0,,0.0,normalDay
2020-10-28,2004.0,-325.0,0.0,0,326.66,0.0,1,2.02,5.27,SPY201120P00303000,303.0,0,0.0,0.0,,0.0,normalDay
2020-10-29,2004.0,-162.0,0.0,0,329.98,0.0,1,2.02,3.64,SPY201120P00303000,303.0,0,0.0,0.0,,0.0,normalDay
2020-10-30,2004.0,-228.0,0.0,0,326.54,0.0,1,2.02,4.3,SPY201120P00303000,303.0,0,0.0,0.0,,0.0,normalDay
2020-11-02,2004.0,-107.0,0.0,0,330.2,0.0,1,2.02,3.09,SPY201120P00303000,303.0,0,0.0,0.0,,0.0,normalDay
2020-11-03,2004.0,-17.0,0.0,0,336.03,0.0,1,2.02,2.19,SPY201120P00303000,303.0,0,0.0,0.0,,0.0,normalDay
2020-11-04,2004.0,116.0,0.0,0,343.54,0.0,1,2.02,0.86,SPY201120P00303000,303.0,0,0.0,0.0,,0.0,normalDay
2020-11-05,2004.0,150.0,0.0,0,350.24,0.0,1,2.02,0.52,SPY201120P00303000,303.0,0,0.0,0.0,,0.0,normalDay
2020-11-06,2004.0,176.0,0.0,0,350.16,0.0,1,2.02,0.26,SPY201120P00303000,303.0,0,0.0,0.0,,0.0,normalDay
2020-11-09,2004.0,180.0,0.0,0,354.56,0.0,1,2.02,0.22,SPY201120P00303000,303.0,0,0.0,0.0,,0.0,normalDay
2020-11-10,2004.0,186.0,0.0,0,354.04,0.0,1,2.02,0.16,SPY201120P00303000,303.0,0,0.0,0.0,,0.0,normalDay
2020-11-11,2004.0,191.0,0.0,0,356.67,0.0,1,2.02,0.11,SPY201120P00303000,303.0,0,0.0,0.0,,0.0,normalDay
2020-11-12,2004.0,186.0,0.0,0,353.21,0.0,1,2.02,0.16,SPY201120P00303000,303.0,0,0.0,0.0,,0.0,normalDay
2020-11-13,2004.0,195.0,0.0,0,358.1,0.0,1,2.02,0.07,SPY201120P00303000,303.0,0,0.0,0.0,,0.0,normalDay
2020-11-16,2004.0,199.0,0.0,0,362.57,0.0,1,2.02,0.03,SPY201120P00303000,303.0,0,0.0,0.0,,0.0,normalDay
2020-11-17,2004.0,200.0,0.0,0,360.62,0.0,1,2.02,0.02,SPY201120P00303000,303.0,0,0.0,0.0,,0.0,normalDay
2020-11-18,2004.0,200.0,0.0,0,356.28,0.0,1,2.02,0.02,SPY201120P00303000,303.0,0,0.0,0.0,,0.0,normalDay
2020-11-19,2004.0,201.0,0.0,0,357.78,0.0,1,2.02,0.01,SPY201120P00303000,303.0,0,0.0,0.0,,0.0,normalDay
2020-11-20,2206.0,0.0,202.0,0,355.33,0.0,1,2.02,0.0,SPY201120P00303000,303.0,0,0.0,0.0,,0.0,expirationDay
2020-11-23,2206.0,-3.0,0.0,0,357.46,0.0,1,0.6,0.63,SPY201224P00300000,300.0,0,0.0,0.0,,0.0,normalDay
2020-11-24,2206.0,14.0,0.0,0,363.22,0.0,1,0.6,0.46,SPY201224P00300000,300.0,0,0.0,0.0,,0.0,normalDay
2020-11-25,2206.0,17.0,0.0,0,362.66,0.0,1,0.6,0.43,SPY201224P00300000,300.0,0,0.0,0.0,,0.0,normalDay
2020-11-27,2206.0,24.0,0.0,0,363.67,0.0,1,0.6,0.36,SPY201224P00300000,300.0,0,0.0,0.0,,0.0,normalDay
2020-11-30,2206.0,30.0,0.0,0,362.06,0.0,1,0.6,0.3,SPY201224P00300000,300.0,0,0.0,0.0,,0.0,normalDay
2020-12-01,2206.0,32.0,0.0,0,366.02,0.0,1,0.6,0.28,SPY201224P00300000,300.0,0,0.0,0.0,,0.0,normalDay
2020-12-02,2206.0,32.0,0.0,0,366.79,0.0,1,0.6,0.28,SPY201224P00300000,300.0,0,0.0,0.0,,0.0,normalDay
2020-12-03,2206.0,33.0,0.0,0,366.69,0.0,1,0.6,0.27,SPY201224P00300000,300.0,0,0.0,0.0,,0.0,normalDay
2020-12-04,2206.0,41.0,0.0,0,369.85,0.0,1,0.6,0.19,SPY201224P00300000,300.0,0,0.0,0.0,,0.0,normalDay
2020-12-07,2206.0,46.0,0.0,0,369.09,0.0,1,0.6,0.14,SPY201224P00300000,300.0,0,0.0,0.0,,0.0,normalDay
2020-12-08,2206.0,48.0,0.0,0,370.17,0.0,1,0.6,0.12,SPY201224P00300000,300.0,0,0.0,0.0,,0.0,normalDay
2020-12-09,2206.0,45.0,0.0,0,366.85,0.0,1,0.6,0.15,SPY201224P00300000,300.0,0,0.0,0.0,,0.0,normalDay
2020-12-10,2206.0,47.0,0.0,0,366.73,0.0,1,0.6,0.13,SPY201224P00300000,300.0,0,0.0,0.0,,0.0,normalDay
2020-12-11,2206.0,44.0,0.0,0,366.3,0.0,1,0.6,0.16,SPY201224P00300000,300.0,0,0.0,0.0,,0.0,normalDay
2020-12-14,2206.0,42.0,0.0,0,364.66,0.0,1,0.6,0.18,SPY201224P00300000,300.0,0,0.0,0.0,,0.0,normalDay
2020-12-15,2206.0,50.0,0.0,0,369.59,0.0,1,0.6,0.1,SPY201224P00300000,300.0,0,0.0,0.0,,0.0,normalDay
2020-12-16,2206.0,53.0,0.0,0,370.17,0.0,1,0.6,0.07,SPY201224P00300000,300.0,0,0.0,0.0,,0.0,normalDay
2020-12-17,2206.0,55.0,0.0,0,372.24,0.0,1,0.6,0.05,SPY201224P00300000,300.0,0,0.0,0.0,,0.0,normalDay
2020-12-18,2206.0,58.0,0.0,0,369.18,0.0,1,0.6,0.02,SPY201224P00300000,300.0,0,0.0,0.0,,0.0,normalDay
2020-12-21,2206.0,58.0,0.0,0,367.86,0.0,1,0.6,0.02,SPY201224P00300000,300.0,0,0.0,0.0,,0.0,normalDay
2020-12-22,2206.0,59.0,0.0,0,367.24,0.0,1,0.6,0.01,SPY201224P00300000,300.0,0,0.0,0.0,,0.0,normalDay
2020-12-23,2206.0,59.0,0.0,0,367.57,0.0,1,0.6,0.01,SPY201224P00300000,300.0,0,0.0,0.0,,0.0,normalDay
2020-12-24,2266.0,0.0,60.0,0,369.0,0.0,1,0.6,0.0,SPY201224P00300000,300.0,0,0.0,0.0,,0.0,expirationDay
2020-12-28,2266.0,-5.0,0.0,0,372.17,0.0,1,3.76,3.81,SPY210129P00358000,358.0,0,0.0,0.0,,0.0,normalDay
2020-12-29,2266.0,-52.0,0.0,0,371.46,0.0,1,3.76,4.28,SPY210129P00358000,358.0,0,0.0,0.0,,0.0,normalDay
2020-12-30,2266.0,-18.0,0.0,0,371.99,0.0,1,3.76,3.94,SPY210129P00358000,358.0,0,0.0,0.0,,0.0,normalDay
2020-12-31,2266.0,33.0,0.0,0,373.88,0.0,1,3.76,3.43,SPY210129P00358000,358.0,0,0.0,0.0,,0.0,normalDay
2021-01-04,2266.0,-115.0,0.0,0,368.79,0.0,1,3.76,4.91,SPY210129P00358000,358.0,0,0.0,0.0,,0.0,normalDay
2021-01-05,2266.0,-22.0,0.0,0,371.33,0.0,1,3.76,3.98,SPY210129P00358000,358.0,0,0.0,0.0,,0.0,normalDay
2021-01-06,2266.0,17.0,0.0,0,373.55,0.0,1,3.76,3.59,SPY210129P00358000,358.0,0,0.0,0.0,,0.0,normalDay
2021-01-07,2266.0,174.0,0.0,0,379.1,0.0,1,3.76,2.02,SPY210129P00358000,358.0,0,0.0,0.0,,0.0,normalDay
2021-01-08,2266.0,212.0,0.0,0,381.26,0.0,1,3.76,1.64,SPY210129P00358000,358.0,0,0.0,0.0,,0.0,normalDay
2021-01-11,2266.0,175.0,0.0,0,378.69,0.0,1,3.76,2.01,SPY210129P00358000,358.0,0,0.0,0.0,,0.0,normalDay
2021-01-12,2266.0,198.0,0.0,0,378.77,0.0,1,3.76,1.78,SPY210129P00358000,358.0,0,0.0,0.0,,0.0,normalDay
2021-01-13,2266.0,242.0,0.0,0,379.79,0.0,1,3.76,1.34,SPY210129P00358000,358.0,0,0.0,0.0,,0.0,normalDay
2021-01-14,2266.0,219.0,0.0,0,378.46,0.0,1,3.76,1.57,SPY210129P00358000,358.0,0,0.0,0.0,,0.0,normalDay
2021-01-15,2266.0,192.0,0.0,0,375.7,0.0,1,3.76,1.84,SPY210129P00358000,358.0,0,0.0,0.0,,0.0,normalDay
2021-01-19,2266.0,285.0,0.0,0,378.65,0.0,1,3.76,0.91,SPY210129P00358000,358.0,0,0.0,0.0,,0.0,normalDay
2021-01-20,2266.0,336.0,0.0,0,383.89,0.0,1,3.76,0.4,SPY210129P00358000,358.0,0,0.0,0.0,,0.0,normalDay
2021-01-21,2266.0,348.0,0.0,0,384.24,0.0,1,3.76,0.28,SPY210129P00358000,358.0,0,0.0,0.0,,0.0,normalDay
2021-01-22,2266.0,354.0,0.0,0,382.88,0.0,1,3.76,0.22,SPY210129P00358000,358.0,0,0.0,0.0,,0.0,normalDay
2021-01-25,2266.0,364.0,0.0,0,384.39,0.0,1,3.76,0.12,SPY210129P00358000,358.0,0,0.0,0.0,,0.0,normalDay
2021-01-26,2266.0,368.0,0.0,0,383.79,0.0,1,3.76,0.08,SPY210129P00358000,358.0,0,0.0,0.0,,0.0,normalDay
2021-01-27,2266.0,306.0,0.0,0,374.41,0.0,1,3.76,0.7,SPY210129P00358000,358.0,0,0.0,0.0,,0.0,normalDay
2021-01-28,2266.0,370.0,0.0,0,377.63,0.0,1,3.76,0.06,SPY210129P00358000,358.0,0,0.0,0.0,,0.0,normalDay
2021-01-29,2642.0,0.0,376.0,0,370.07,0.0,1,3.76,0.0,SPY210129P00358000,358.0,0,0.0,0.0,,0.0,expirationDay
2021-02-01,2642.0,-7.0,0.0,0,376.23,0.0,1,6.23,6.3,SPY210305P00360000,360.0,0,0.0,0.0,,0.0,normalDay
2021-02-02,2642.0,243.0,0.0,0,381.55,0.0,1,6.23,3.8,SPY210305P00360000,360.0,0,0.0,0.0,,0.0,normalDay
2021-02-03,2642.0,311.0,0.0,0,381.85,0.0,1,6.23,3.12,SPY210305P00360000,360.0,0,0.0,0.0,,0.0,normalDay
2021-02-04,2642.0,396.0,0.0,0,386.19,0.0,1,6.23,2.27,SPY210305P00360000,360.0,0,0.0,0.0,,0.0,normalDay
2021-02-05,2642.0,434.0,0.0,0,387.71,0.0,1,6.23,1.89,SPY210305P00360000,360.0,0,0.0,0.0,,0.0,normalDay
2021-02-08,2642.0,473.0,0.0,0,390.51,0.0,1,6.23,1.5,SPY210305P00360000,360.0,0,0.0,0.0,,0.0,normalDay
2021-02-09,2642.0,479.0,0.0,0,390.25,0.0,1,6.23,1.44,SPY210305P00360000,360.0,0,0.0,0.0,,0.0,normalDay
2021-02-10,2642.0,476.0,0.0,0,390.08,0.0,1,6.23,1.47,SPY210305P00360000,360.0,0,0.0,0.0,,0.0,normalDay
2021-02-11,2642.0,497.0,0.0,0,390.71,0.0,1,6.23,1.26,SPY210305P00360000,360.0,0,0.0,0.0,,0.0,normalDay
2021-02-12,2642.0,537.0,0.0,0,392.64,0.0,1,6.23,0.86,SPY210305P00360000,360.0,0,0.0,0.0,,0.0,normalDay
2021-02-16,2642.0,540.0,0.0,0,392.3,0.0,1,6.23,0.83,SPY210305P00360000,360.0,0,0.0,0.0,,0.0,normalDay
2021-02-17,2642.0,553.0,0.0,0,392.39,0.0,1,6.23,0.7,SPY210305P00360000,360.0,0,0.0,0.0,,0.0,normalDay
2021-02-18,2642.0,543.0,0.0,0,390.72,0.0,1,6.23,0.8,SPY210305P00360000,360.0,0,0.0,0.0,,0.0,normalDay
2021-02-19,2642.0,556.0,0.0,0,390.03,0.0,1,6.23,0.67,SPY210305P00360000,360.0,0,0.0,0.0,,0.0,normalDay
2021-02-22,2642.0,555.0,0.0,0,387.03,0.0,1,6.23,0.68,SPY210305P00360000,360.0,0,0.0,0.0,,0.0,normalDay
2021-02-23,2642.0,565.0,0.0,0,387.5,0.0,1,6.23,0.58,SPY210305P00360000,360.0,0,0.0,0.0,,0.0,normalDay
2021-02-24,2642.0,595.0,0.0,0,391.77,0.0,1,6.23,0.28,SPY210305P00360000,360.0,0,0.0,0.0,,0.0,normalDay
2021-02-25,2642.0,477.0,0.0,0,382.33,0.0,1,6.23,1.46,SPY210305P00360000,360.0,0,0.0,0.0,,0.0,normalDay
2021-02-26,2642.0,517.0,0.0,0,380.36,0.0,1,6.23,1.06,SPY210305P00360000,360.0,0,0.0,0.0,,0.0,normalDay
2021-03-01,2642.0,605.0,0.0,0,389.58,0.0,1,6.23,0.18,SPY210305P00360000,360.0,0,0.0,0.0,,0.0,normalDay
2021-03-02,2642.0,609.0,0.0,0,386.54,0.0,1,6.23,0.14,SPY210305P00360000,360.0,0,0.0,0.0,,0.0,normalDay
2021-03-03,2642.0,612.0,0.0,0,381.42,0.0,1,6.23,0.11,SPY210305P00360000,360.0,0,0.0,0.0,,0.0,normalDay
2021-03-04,2642.0,613.0,0.0,0,376.7,0.0,1,6.23,0.1,SPY210305P00360000,360.0,0,0.0,0.0,,0.0,normalDay
2021-03-05,3265.0,0.0,623.0,0,383.63,0.0,1,6.23,0.0,SPY210305P00360000,360.0,0,0.0,0.0,,0.0,expirationDay
2021-03-08,3265.0,-9.0,0.0,0,381.72,0.0,1,5.52,5.61,SPY210409P00367500,367.5,0,0.0,0.0,,0.0,normalDay
2021-03-09,3265.0,149.0,0.0,0,387.17,0.0,1,5.52,4.03,SPY210409P00367500,367.5,0,0.0,0.0,,0.0,normalDay
2021-03-10,3265.0,237.0,0.0,0,389.58,0.0,1,5.52,3.15,SPY210409P00367500,367.5,0,0.0,0.0,,0.0,normalDay
2021-03-11,3265.0,304.0,0.0,0,393.53,0.0,1,5.52,2.48,SPY210409P00367500,367.5,0,0.0,0.0,,0.0,normalDay
2021-03-12,3265.0,358.0,0.0,0,394.06,0.0,1,5.52,1.94,SPY210409P00367500,367.5,0,0.0,0.0,,0.0,normalDay
2021-03-15,3265.0,410.0,0.0,0,396.41,0.0,1,5.52,1.42,SPY210409P00367500,367.5,0,0.0,0.0,,0.0,normalDay
2021-03-16,3265.0,410.0,0.0,0,395.91,0.0,1,5.52,1.42,SPY210409P00367500,367.5,0,0.0,0.0,,0.0,normalDay
2021-03-17,3265.0,439.0,0.0,0,397.26,0.0,1,5.52,1.13,SPY210409P00367500,367.5,0,0.0,0.0,,0.0,normalDay
2021-03-18,3265.0,383.0,0.0,0,391.48,0.0,1,5.52,1.69,SPY210409P00367500,367.5,0,0.0,0.0,,0.0,normalDay
2021-03-19,3265.0,384.0,0.0,0,389.48,0.0,1,5.52,1.68,SPY210409P00367500,367.5,0,0.0,0.0,,0.0,normalDay
2021-03-22,3265.0,465.0,0.0,0,392.59,0.0,1,5.52,0.87,SPY210409P00367500,367.5,0,0.0,0.0,,0.0,normalDay
2021-03-23,3265.0,428.0,0.0,0,389.5,0.0,1,5.52,1.24,SPY210409P00367500,367.5,0,0.0,0.0,,0.0,normalDay
2021-03-24,3265.0,413.0,0.0,0,387.52,0.0,1,5.52,1.39,SPY210409P00367500,367.5,0,0.0,0.0,,0.0,normalDay
2021-03-25,3265.0,460.0,0.0,0,389.7,0.0,1,5.52,0.92,SPY210409P00367500,367.5,0,0.0,0.0,,0.0,normalDay
2021-03-26,3265.0,499.0,0.0,0,395.98,0.0,1,5.52,0.53,SPY210409P00367500,367.5,0,0.0,0.0,,0.0,normalDay
2021-03-29,3265.0,500.0,0.0,0,395.78,0.0,1,5.52,0.52,SPY210409P00367500,367.5,0,0.0,0.0,,0.0,normalDay
2021-03-30,3265.0,515.0,0.0,0,394.73,0.0,1,5.52,0.37,SPY210409P00367500,367.5,0,0.0,0.0,,0.0,normalDay
2021-03-31,3265.0,533.0,0.0,0,396.33,0.0,1,5.52,0.19,SPY210409P00367500,367.5,0,0.0,0.0,,0.0,normalDay
2021-04-01,3265.0,547.0,0.0,0,400.61,0.0,1,5.52,0.05,SPY210409P00367500,367.5,0,0.0,0.0,,0.0,normalDay
2021-04-05,3265.0,548.0,0.0,0,406.36,0.0,1,5.52,0.04,SPY210409P00367500,367.5,0,0.0,0.0,,0.0,normalDay
2021-04-06,3265.0,549.0,0.0,0,406.12,0.0,1,5.52,0.03,SPY210409P00367500,367.5,0,0.0,0.0,,0.0,normalDay
2021-04-07,3265.0,551.0,0.0,0,406.59,0.0,1,5.52,0.01,SPY210409P00367500,367.5,0,0.0,0.0,,0.0,normalDay
2021-04-08,3265.0,551.0,0.0,0,408.52,0.0,1,5.52,0.01,SPY210409P00367500,367.5,0,0.0,0.0,,0.0,normalDay
2021-04-09,3817.0,0.0,552.0,0,411.49,0.0,1,5.52,0.0,SPY210409P00367500,367.5,0,0.0,0.0,,0.0,expirationDay
2021-04-12,3817.0,-4.0,0.0,0,411.64,0.0,1,0.65,0.69,SPY210514P00365000,365.0,0,0.0,0.0,,0.0,normalDay
2021-04-13,3817.0,6.0,0.0,0,412.86,0.0,1,0.65,0.59,SPY210514P00365000,365.0,0,0.0,0.0,,0.0,normalDay
2021-04-14,3817.0,2.0,0.0,0,411.45,0.0,1,0.65,0.63,SPY210514P00365000,365.0,0,0.0,0.0,,0.0,normalDay
2021-04-15,3817.0,15.0,0.0,0,415.87,0.0,1,0.65,0.5,SPY210514P00365000,365.0,0,0.0,0.0,,0.0,normalDay
2021-04-16,3817.0,20.0,0.0,0,417.26,0.0,1,0.65,0.45,SPY210514P00365000,365.0,0,0.0,0.0,,0.0,normalDay
2021-04-19,3817.0,20.0,0.0,0,415.21,0.0,1,0.65,0.45,SPY210514P00365000,365.0,0,0.0,0.0,,0.0,normalDay
2021-04-20,3817.0,7.0,0.0,0,412.17,0.0,1,0.65,0.58,SPY210514P00365000,365.0,0,0.0,0.0,,0.0,normalDay
2021-04-21,3817.0,28.0,0.0,0,416.07,0.0,1,0.65,0.37,SPY210514P00365000,365.0,0,0.0,0.0,,0.0,normalDay
2021-04-22,3817.0,15.0,0.0,0,412.27,0.0,1,0.65,0.5,SPY210514P00365000,365.0,0,0.0,0.0,,0.0,normalDay
2021-04-23,3817.0,37.0,0.0,0,416.74,0.0,1,0.65,0.28,SPY210514P00365000,365.0,0,0.0,0.0,,0.0,normalDay
2021-04-26,3817.0,44.0,0.0,0,417.61,0.0,1,0.65,0.21,SPY210514P00365000,365.0,0,0.0,0.0,,0.0,normalDay
2021-04-27,3817.0,47.0,0.0,0,417.52,0.0,1,0.65,0.18,SPY210514P00365000,365.0,0,0.0,0.0,,0.0,normalDay
2021-04-28,3817.0,51.0,0.0,0,417.4,0.0,1,0.65,0.14,SPY210514P00365000,365.0,0,0.0,0.0,,0.0,normalDay
2021-04-29,3817.0,52.0,0.0,0,420.06,0.0,1,0.65,0.13,SPY210514P00365000,365.0,0,0.0,0.0,,0.0,normalDay
2021-04-30,3817.0,46.0,0.0,0,417.3,0.0,1,0.65,0.19,SPY210514P00365000,365.0,0,0.0,0.0,,0.0,normalDay
2021-05-03,3817.0,51.0,0.0,0,418.2,0.0,1,0.65,0.14,SPY210514P00365000,365.0,0,0.0,0.0,,0.0,normalDay
2021-05-04,3817.0,51.0,0.0,0,415.62,0.0,1,0.65,0.14,SPY210514P00365000,365.0,0,0.0,0.0,,0.0,normalDay
2021-05-05,3817.0,53.0,0.0,0,415.75,0.0,1,0.65,0.12,SPY210514P00365000,365.0,0,0.0,0.0,,0.0,normalDay
2021-05-06,3817.0,56.0,0.0,0,419.07,0.0,1,0.65,0.09,SPY210514P00365000,365.0,0,0.0,0.0,,0.0,normalDay
2021-05-07,3817.0,58.0,0.0,0,422.12,0.0,1,0.65,0.07,SPY210514P00365000,365.0,0,0.0,0.0,,0.0,normalDay
2021-05-10,3817.0,58.0,0.0,0,417.94,0.0,1,0.65,0.07,SPY210514P00365000,365.0,0,0.0,0.0,,0.0,normalDay
2021-05-11,3817.0,59.0,0.0,0,414.21,0.0,1,0.65,0.06,SPY210514P00365000,365.0,0,0.0,0.0,,0.0,normalDay
2021-05-12,3817.0,47.0,0.0,0,405.41,0.0,1,0.65,0.18,SPY210514P00365000,365.0,0,0.0,0.0,,0.0,normalDay
2021-05-13,3817.0,64.0,0.0,0,410.28,0.0,1,0.65,0.01,SPY210514P00365000,365.0,0,0.0,0.0,,0.0,normalDay
2021-05-14,3882.0,0.0,65.0,0,416.58,0.0,1,0.65,0.0,SPY210514P00365000,365.0,0,0.0,0.0,,0.0,expirationDay
2021-05-17,3882.0,-4.0,0.0,0,415.52,0.0,1,4.33,4.37,SPY210618P00401000,401.0,0,0.0,0.0,,0.0,normalDay
2021-05-18,3882.0,-119.0,0.0,0,411.94,0.0,1,4.33,5.52,SPY210618P00401000,401.0,0,0.0,0.0,,0.0,normalDay
2021-05-19,3882.0,-145.0,0.0,0,410.86,0.0,1,4.33,5.78,SPY210618P00401000,401.0,0,0.0,0.0,,0.0,normalDay
2021-05-20,3882.0,6.0,0.0,0,415.28,0.0,1,4.33,4.27,SPY210618P00401000,401.0,0,0.0,0.0,,0.0,normalDay
2021-05-21,3882.0,36.0,0.0,0,414.94,0.0,1,4.33,3.97,SPY210618P00401000,401.0,0,0.0,0.0,,0.0,normalDay
2021-05-24,3882.0,184.0,0.0,0,419.17,0.0,1,4.33,2.49,SPY210618P00401000,401.0,0,0.0,0.0,,0.0,normalDay
2021-05-25,3882.0,173.0,0.0,0,418.24,0.0,1,4.33,2.6,SPY210618P00401000,401.0,0,0.0,0.0,,0.0,normalDay
2021-05-26,3882.0,229.0,0.0,0,419.07,0.0,1,4.33,2.04,SPY210618P00401000,401.0,0,0.0,0.0,,0.0,normalDay
2021-05-27,3882.0,263.0,0.0,0,419.29,0.0,1,4.33,1.7,SPY210618P00401000,401.0,0,0.0,0.0,,0.0,normalDay
2021-05-28,3882.0,279.0,0.0,0,420.04,0.0,1,4.33,1.54,SPY210618P00401000,401.0,0,0.0,0.0,,0.0,normalDay
2021-06-01,3882.0,283.0,0.0,0,419.67,0.0,1,4.33,1.5,SPY210618P00401000,401.0,0,0.0,0.0,,0.0,normalDay
2021-06-02,3882.0,315.0,0.0,0,420.33,0.0,1,4.33,1.18,SPY210618P00401000,401.0,0,0.0,0.0,,0.0,normalDay
2021-06-03,3882.0,302.0,0.0,0,418.77,0.0,1,4.33,1.31,SPY210618P00401000,401.0,0,0.0,0.0,,0.0,normalDay
2021-06-04,3882.0,362.0,0.0,0,422.6,0.0,1,4.33,0.71,SPY210618P00401000,401.0,0,0.0,0.0,,0.0,normalDay
2021-06-07,3882.0,383.0,0.0,0,422.19,0.0,1,4.33,0.5,SPY210618P00401000,401.0,0,0.0,0.0,,0.0,normalDay
2021-06-08,3882.0,375.0,0.0,0,422.28,0.0,1,4.33,0.58,SPY210618P00401000,401.0,0,0.0,0.0,,0.0,normalDay
2021-06-09,3882.0,365.0,0.0,0,421.65,0.0,1,4.33,0.68,SPY210618P00401000,401.0,0,0.0,0.0,,0.0,normalDay
2021-06-10,3882.0,401.0,0.0,0,423.61,0.0,1,4.33,0.32,SPY210618P00401000,401.0,0,0.0,0.0,,0.0,normalDay
2021-06-11,3882.0,409.0,0.0,0,424.31,0.0,1,4.33,0.24,SPY210618P00401000,401.0,0,0.0,0.0,,0.0,normalDay
2021-06-14,3882.0,419.0,0.0,0,425.26,0.0,1,4.33,0.14,SPY210618P00401000,401.0,0,0.0,0.0,,0.0,normalDay
2021-06-15,3882.0,415.0,0.0,0,424.48,0.0,1,4.33,0.18,SPY210618P00401000,401.0,0,0.0,0.0,,0.0,normalDay
2021-06-16,3882.0,410.0,0.0,0,422.11,0.0,1,4.33,0.23,SPY210618P00401000,401.0,0,0.0,0.0,,0.0,normalDay
2021-06-17,3882.0,423.0,0.0,0,421.97,0.0,1,4.33,0.1,SPY210618P00401000,401.0,0,0.0,0.0,,0.0,normalDay
2021-06-18,4315.0,0.0,433.0,0,414.92,0.0,1,4.33,0.0,SPY210618P00401000,401.0,0,0.0,0.0,,0.0,expirationDay
2021-06-21,4315.0,-4.0,0.0,0,420.86,0.0,1,3.93,3.97,SPY210723P00411000,411.0,0,0.0,0.0,,0.0,normalDay
2021-06-22,4315.0,74.0,0.0,0,423.11,0.0,1,3.93,3.19,SPY210723P00411000,411.0,0,0.0,0.0,,0.0,normalDay
2021-06-23,4315.0,89.0,0.0,0,422.6,0.0,1,3.93,3.04,SPY210723P00411000,411.0,0,0.0,0.0,,0.0,normalDay
2021-06-24,4315.0,146.0,0.0,0,425.1,0.0,1,3.93,2.47,SPY210723P00411000,411.0,0,0.0,0.0,,0.0,normalDay
2021-06-25,4315.0,193.0,0.0,0,426.61,0.0,1,3.93,2.0,SPY210723P00411000,411.0,0,0.0,0.0,,0.0,normalDay
2021-06-28,4315.0,218.0,0.0,0,427.47,0.0,1,3.93,1.75,SPY210723P00411000,411.0,0,0.0,0.0,,0.0,normalDay
2021-06-29,4315.0,225.0,0.0,0,427.7,0.0,1,3.93,1.68,SPY210723P00411000,411.0,0,0.0,0.0,,0.0,normalDay
2021-06-30,4315.0,246.0,0.0,0,428.06,0.0,1,3.93,1.47,SPY210723P00411000,411.0,0,0.0,0.0,,0.0,normalDay
2021-07-01,4315.0,267.0,0.0,0,430.43,0.0,1,3.93,1.26,SPY210723P00411000,411.0,0,0.0,0.0,,0.0,normalDay
2021-07-02,4315.0,302.0,0.0,0,433.72,0.0,1,3.93,0.91,SPY210723P00411000,411.0,0,0.0,0.0,,0.0,normalDay
2021-07-06,4315.0,300.0,0.0,0,432.93,0.0,1,3.93,0.93,SPY210723P00411000,411.0,0,0.0,0.0,,0.0,normalDay
2021-07-07,4315.0,320.0,0.0,0,434.46,0.0,1,3.93,0.73,SPY210723P00411000,411.0,0,0.0,0.0,,0.0,normalDay
2021-07-08,4315.0,257.0,0.0,0,430.92,0.0,1,3.93,1.36,SPY210723P00411000,411.0,0,0.0,0.0,,0.0,normalDay
2021-07-09,4315.0,337.0,0.0,0,435.52,0.0,1,3.93,0.56,SPY210723P00411000,411.0,0,0.0,0.0,,0.0,normalDay
2021-07-12,4315.0,358.0,0.0,0,437.08,0.0,1,3.93,0.35,SPY210723P00411000,411.0,0,0.0,0.0,,0.0,normalDay
2021-07-13,4315.0,351.0,0.0,0,435.59,0.0,1,3.93,0.42,SPY210723P00411000,411.0,0,0.0,0.0,,0.0,normalDay
2021-07-14,4315.0,369.0,0.0,0,436.24,0.0,1,3.93,0.24,SPY210723P00411000,411.0,0,0.0,0.0,,0.0,normalDay
2021-07-15,4315.0,366.0,0.0,0,434.75,0.0,1,3.93,0.27,SPY210723P00411000,411.0,0,0.0,0.0,,0.0,normalDay
2021-07-16,4315.0,362.0,0.0,0,431.34,0.0,1,3.93,0.31,SPY210723P00411000,411.0,0,0.0,0.0,,0.0,normalDay
2021-07-19,4315.0,324.0,0.0,0,424.97,0.0,1,3.93,0.69,SPY210723P00411000,411.0,0,0.0,0.0,,0.0,normalDay
2021-07-20,4315.0,381.0,0.0,0,431.06,0.0,1,3.93,0.12,SPY210723P00411000,411.0,0,0.0,0.0,,0.0,normalDay
2021-07-21,4315.0,391.0,0.0,0,434.55,0.0,1,3.93,0.02,SPY210723P00411000,411.0,0,0.0,0.0,,0.0,normalDay
2021-07-22,4315.0,392.0,0.0,0,435.46,0.0,1,3.93,0.01,SPY210723P00411000,411.0,0,0.0,0.0,,0.0,normalDay
2021-07-23,4708.0,0.0,393.0,0,439.94,0.0,1,3.93,0.0,SPY210723P00411000,411.0,0,0.0,0.0,,0.0,expirationDay
2021-07-26,4708.0,-4.0,0.0,0,441.02,0.0,1,2.32,2.36,SPY210827P00416000,416.0,0,0.0,0.0,,0.0,normalDay
2021-07-27,4708.0,-66.0,0.0,0,439.01,0.0,1,2.32,2.98,SPY210827P00416000,416.0,0,0.0,0.0,,0.0,normalDay
2021-07-28,4708.0,-27.0,0.0,0,438.83,0.0,1,2.32,2.59,SPY210827P00416000,416.0,0,0.0,0.0,,0.0,normalDay
2021-07-29,4708.0,24.0,0.0,0,440.65,0.0,1,2.32,2.08,SPY210827P00416000,416.0,0,0.0,0.0,,0.0,normalDay
2021-07-30,4708.0,5.0,0.0,0,438.51,0.0,1,2.32,2.27,SPY210827P00416000,416.0,0,0.0,0.0,,0.0,normalDay
2021-08-02,4708.0,-13.0,0.0,0,437.59,0.0,1,2.32,2.45,SPY210827P00416000,416.0,0,0.0,0.0,,0.0,normalDay
2021-08-03,4708.0,65.0,0.0,0,441.15,0.0,1,2.32,1.67,SPY210827P00416000,416.0,0,0.0,0.0,,0.0,normalDay
2021-08-04,4708.0,60.0,0.0,0,438.98,0.0,1,2.32,1.72,SPY210827P00416000,416.0,0,0.0,0.0,,0.0,normalDay
2021-08-05,4708.0,99.0,0.0,0,441.76,0.0,1,2.32,1.33,SPY210827P00416000,416.0,0,0.0,0.0,,0.0,normalDay
2021-08-06,4708.0,133.0,0.0,0,442.49,0.0,1,2.32,0.99,SPY210827P00416000,416.0,0,0.0,0.0,,0.0,normalDay
2021-08-09,4708.0,144.0,0.0,0,442.13,0.0,1,2.32,0.88,SPY210827P00416000,416.0,0,0.0,0.0,,0.0,normalDay
2021-08-10,4708.0,146.0,0.0,0,442.68,0.0,1,2.32,0.86,SPY210827P00416000,416.0,0,0.0,0.0,,0.0,normalDay
2021-08-11,4708.0,172.0,0.0,0,443.78,0.0,1,2.32,0.6,SPY210827P00416000,416.0,0,0.0,0.0,,0.0,normalDay
2021-08-12,4708.0,187.0,0.0,0,445.11,0.0,1,2.32,0.45,SPY210827P00416000,416.0,0,0.0,0.0,,0.0,normalDay
2021-08-13,4708.0,196.0,0.0,0,445.92,0.0,1,2.32,0.36,SPY210827P00416000,416.0,0,0.0,0.0,,0.0,normalDay
2021-08-16,4708.0,203.0,0.0,0,446.97,0.0,1,2.32,0.29,SPY210827P00416000,416.0,0,0.0,0.0,,0.0,normalDay
2021-08-17,4708.0,183.0,0.0,0,444.04,0.0,1,2.32,0.49,SPY210827P00416000,416.0,0,0.0,0.0,,0.0,normalDay
2021-08-18,4708.0,127.0,0.0,0,439.18,0.0,1,2.32,1.05,SPY210827P00416000,416.0,0,0.0,0.0,,0.0,normalDay
2021-08-19,4708.0,149.0,0.0,0,439.86,0.0,1,2.32,0.83,SPY210827P00416000,416.0,0,0.0,0.0,,0.0,normalDay
2021-08-20,4708.0,215.0,0.0,0,443.36,0.0,1,2.32,0.17,SPY210827P00416000,416.0,0,0.0,0.0,,0.0,normalDay
2021-08-23,4708.0,225.0,0.0,0,447.26,0.0,1,2.32,0.07,SPY210827P00416000,416.0,0,0.0,0.0,,0.0,normalDay
2021-08-24,4708.0,227.0,0.0,0,447.97,0.0,1,2.32,0.05,SPY210827P00416000,416.0,0,0.0,0.0,,0.0,normalDay
2021-08-25,4708.0,229.0,0.0,0,448.91,0.0,1,2.32,0.03,SPY210827P00416000,416.0,0,0.0,0.0,,0.0,normalDay
2021-08-26,4708.0,228.0,0.0,0,446.26,0.0,1,2.32,0.04,SPY210827P00416000,416.0,0,0.0,0.0,,0.0,normalDay
2021-08-27,4940.0,0.0,232.0,0,450.25,0.0,1,2.32,0.0,SPY210827P00416000,416.0,0,0.0,0.0,,0.0,expirationDay
2021-08-30,4940.0,-3.0,0.0,0,452.23,0.0,1,2.35,2.38,SPY211001P00429000,429.0,0,0.0,0.0,,0.0,normalDay
2021-08-31,4940.0,-3.0,0.0,0,451.56,0.0,1,2.35,2.38,SPY211001P00429000,429.0,0,0.0,0.0,,0.0,normalDay
2021-09-01,4940.0,18.0,0.0,0,451.8,0.0,1,2.35,2.17,SPY211001P00429000,429.0,0,0.0,0.0,,0.0,normalDay
2021-09-02,4940.0,31.0,0.0,0,453.19,0.0,1,2.35,2.04,SPY211001P00429000,429.0,0,0.0,0.0,,0.0,normalDay
2021-09-03,4940.0,38.0,0.0,0,453.08,0.0,1,2.35,1.97,SPY211001P00429000,429.0,0,0.0,0.0,,0.0,normalDay
2021-09-07,4940.0,21.0,0.0,0,451.46,0.0,1,2.35,2.14,SPY211001P00429000,429.0,0,0.0,0.0,,0.0,normalDay
2021-09-08,4940.0,27.0,0.0,0,450.91,0.0,1,2.35,2.08,SPY211001P00429000,429.0,0,0.0,0.0,,0.0,normalDay
2021-09-09,4940.0,-11.0,0.0,0,448.98,0.0,1,2.35,2.46,SPY211001P00429000,429.0,0,0.0,0.0,,0.0,normalDay
2021-09-10,4940.0,-92.0,0.0,0,445.44,0.0,1,2.35,3.27,SPY211001P00429000,429.0,0,0.0,0.0,,0.0,normalDay
2021-09-13,4940.0,-7.0,0.0,0,446.58,0.0,1,2.35,2.42,SPY211001P00429000,429.0,0,0.0,0.0,,0.0,normalDay
2021-09-14,4940.0,-33.0,0.0,0,444.17,0.0,1,2.35,2.68,SPY211001P00429000,429.0,0,0.0,0.0,,0.0,normalDay
2021-09-15,4940.0,74.0,0.0,0,447.88,0.0,1,2.35,1.61,SPY211001P00429000,429.0,0,0.0,0.0,,0.0,normalDay
2021-09-16,4940.0,69.0,0.0,0,447.17,0.0,1,2.35,1.66,SPY211001P00429000,429.0,0,0.0,0.0,,0.0,normalDay
2021-09-17,4940.0,-14.0,0.0,0,441.4,0.0,1,2.35,2.49,SPY211001P00429000,429.0,0,0.0,0.0,,0.0,normalDay
2021-09-20,4940.0,-263.0,0.0,0,434.04,0.0,1,2.35,4.98,SPY211001P00429000,429.0,0,0.0,0.0,,0.0,normalDay
2021-09-21,4940.0,-221.0,0.0,0,433.63,0.0,1,2.35,4.56,SPY211001P00429000,429.0,0,0.0,0.0,,0.0,normalDay
2021-09-22,4940.0,18.0,0.0,0,437.86,0.0,1,2.35,2.17,SPY211001P00429000,429.0,0,0.0,0.0,,0.0,normalDay
2021-09-23,4940.0,144.0,0.0,0,443.18,0.0,1,2.35,0.91,SPY211001P00429000,429.0,0,0.0,0.0,,0.0,normalDay
2021-09-24,4940.0,179.0,0.0,0,443.91,0.0,1,2.35,0.56,SPY211001P00429000,429.0,0,0.0,0.0,,0.0,normalDay
2021-09-27,4940.0,197.0,0.0,0,442.64,0.0,1,2.35,0.38,SPY211001P00429000,429.0,0,0.0,0.0,,0.0,normalDay
2021-09-28,4940.0,36.0,0.0,0,433.72,0.0,1,2.35,1.99,SPY211001P00429000,429.0,0,0.0,0.0,,0.0,normalDay
2021-09-29,4940.0,125.0,0.0,0,434.45,0.0,1,2.35,1.1,SPY211001P00429000,429.0,0,0.0,0.0,,0.0,normalDay
2021-09-30,4940.0,58.0,0.0,0,429.14,0.0,1,2.35,1.77,SPY211001P00429000,429.0,0,0.0,0.0,,0.0,normalDay
2021-10-01,5175.0,0.0,235.0,0,434.24,0.0,1,2.35,0.0,SPY211001P00429000,429.0,0,0.0,0.0,,0.0,expirationDay
2021-10-04,5175.0,-7.0,0.0,0,428.64,0.0,1,5.3,5.37,SPY211105P00412000,412.0,0,0.0,0.0,,0.0,normalDay
2021-10-05,5175.0,131.0,0.0,0,433.1,0.0,1,5.3,3.99,SPY211105P00412000,412.0,0,0.0,0.0,,0.0,normalDay
2021-10-06,5175.0,177.0,0.0,0,434.9,0.0,1,5.3,3.53,SPY211105P00412000,412.0,0,0.0,0.0,,0.0,normalDay
2021-10-07,5175.0,281.0,0.0,0,438.66,0.0,1,5.3,2.49,SPY211105P00412000,412.0,0,0.0,0.0,,0.0,normalDay
2021-10-08,5175.0,293.0,0.0,0,437.86,0.0,1,5.3,2.37,SPY211105P00412000,412.0,0,0.0,0.0,,0.0,normalDay
2021-10-11,5175.0,262.0,0.0,0,434.69,0.0,1,5.3,2.68,SPY211105P00412000,412.0,0,0.0,0.0,,0.0,normalDay
2021-10-12,5175.0,261.0,0.0,0,433.62,0.0,1,5.3,2.69,SPY211105P00412000,412.0,0,0.0,0.0,,0.0,normalDay
2021-10-13,5175.0,343.0,0.0,0,435.18,0.0,1,5.3,1.87,SPY211105P00412000,412.0,0,0.0,0.0,,0.0,normalDay
2021-10-14,5175.0,434.0,0.0,0,442.5,0.0,1,5.3,0.96,SPY211105P00412000,412.0,0,0.0,0.0,,0.0,normalDay
2021-10-15,5175.0,460.0,0.0,0,445.87,0.0,1,5.3,0.7,SPY211105P00412000,412.0,0,0.0,0.0,,0.0,normalDay
2021-10-18,5175.0,479.0,0.0,0,447.19,0.0,1,5.3,0.51,SPY211105P00412000,412.0,0,0.0,0.0,,0.0,normalDay
2021-10-19,5175.0,495.0,0.0,0,450.64,0.0,1,5.3,0.35,SPY211105P00412000,412.0,0,0.0,0.0,,0.0,normalDay
2021-10-20,5175.0,501.0,0.0,0,452.41,0.0,1,5.3,0.29,SPY211105P00412000,412.0,0,0.0,0.0,,0.0,normalDay
2021-10-21,5175.0,509.0,0.0,0,453.59,0.0,1,5.3,0.21,SPY211105P00412000,412.0,0,0.0,0.0,,0.0,normalDay
2021-10-22,5175.0,509.0,0.0,0,453.12,0.0,1,5.3,0.21,SPY211105P00412000,412.0,0,0.0,0.0,,0.0,normalDay
2021-10-25,5175.0,516.0,0.0,0,455.55,0.0,1,5.3,0.14,SPY211105P00412000,412.0,0,0.0,0.0,,0.0,normalDay
2021-10-26,5175.0,515.0,0.0,0,455.96,0.0,1,5.3,0.15,SPY211105P00412000,412.0,0,0.0,0.0,,0.0,normalDay
2021-10-27,5175.0,515.0,0.0,0,453.94,0.0,1,5.3,0.15,SPY211105P00412000,412.0,0,0.0,0.0,,0.0,normalDay
2021-10-28,5175.0,520.0,0.0,0,458.32,0.0,1,5.3,0.1,SPY211105P00412000,412.0,0,0.0,0.0,,0.0,normalDay
2021-10-29,5175.0,524.0,0.0,0,459.25,0.0,1,5.3,0.06,SPY211105P00412000,412.0,0,0.0,0.0,,0.0,normalDay
2021-11-01,5175.0,527.0,0.0,0,460.04,0.0,1,5.3,0.03,SPY211105P00412000,412.0,0,0.0,0.0,,0.0,normalDay
2021-11-02,5175.0,527.0,0.0,0,461.9,0.0,1,5.3,0.03,SPY211105P00412000,412.0,0,0.0,0.0,,0.0,normalDay
2021-11-03,5175.0,528.0,0.0,0,464.72,0.0,1,5.3,0.02,SPY211105P00412000,412.0,0,0.0,0.0,,0.0,normalDay
2021-11-04,5175.0,529.0,0.0,0,466.91,0.0,1,5.3,0.01,SPY211105P00412000,412.0,0,0.0,0.0,,0.0,normalDay
2021-11-05,5705.0,0.0,530.0,0,468.53,0.0,1,5.3,0.0,SPY211105P00412000,412.0,0,0.0,0.0,,0.0,expirationDay
2021-11-08,5705.0,-3.0,0.0,0,468.93,0.0,1,0.87,0.9,SPY211210P00413000,413.0,0,0.0,0.0,,0.0,normalDay
2021-11-09,5705.0,-7.0,0.0,0,467.38,0.0,1,0.87,0.94,SPY211210P00413000,413.0,0,0.0,0.0,,0.0,normalDay
2021-11-10,5705.0,-23.0,0.0,0,463.62,0.0,1,0.87,1.1,SPY211210P00413000,413.0,0,0.0,0.0,,0.0,normalDay
2021-11-11,5705.0,3.0,0.0,0,463.77,0.0,1,0.87,0.84,SPY211210P00413000,413.0,0,0.0,0.0,,0.0,normalDay
2021-11-12,5705.0,27.0,0.0,0,467.27,0.0,1,0.87,0.6,SPY211210P00413000,413.0,0,0.0,0.0,,0.0,normalDay
2021-11-15,5705.0,39.0,0.0,0,467.43,0.0,1,0.87,0.48,SPY211210P00413000,413.0,0,0.0,0.0,,0.0,normalDay
2021-11-16,5705.0,45.0,0.0,0,469.28,0.0,1,0.87,0.42,SPY211210P00413000,413.0,0,0.0,0.0,,0.0,normalDay
2021-11-17,5705.0,42.0,0.0,0,468.14,0.0,1,0.87,0.45,SPY211210P00413000,413.0,0,0.0,0.0,,0.0,normalDay
2021-11-18,5705.0,44.0,0.0,0,469.73,0.0,1,0.87,0.43,SPY211210P00413000,413.0,0,0.0,0.0,,0.0,normalDay
2021-11-19,5705.0,39.0,0.0,0,468.89,0.0,1,0.87,0.48,SPY211210P00413000,413.0,0,0.0,0.0,,0.0,normalDay
2021-11-22,5705.0,40.0,0.0,0,467.57,0.0,1,0.87,0.47,SPY211210P00413000,413.0,0,0.0,0.0,,0.0,normalDay
2021-11-23,5705.0,41.0,0.0,0,468.19,0.0,1,0.87,0.46,SPY211210P00413000,413.0,0,0.0,0.0,,0.0,normalDay
2021-11-24,5705.0,50.0,0.0,0,469.44,0.0,1,0.87,0.37,SPY211210P00413000,413.0,0,0.0,0.0,,0.0,normalDay
2021-11-26,5705.0,-119.0,0.0,0,458.97,0.0,1,0.87,2.06,SPY211210P00413000,413.0,0,0.0,0.0,,0.0,normalDay
2021-11-29,5705.0,44.0,0.0,0,464.6,0.0,1,0.87,0.43,SPY211210P00413000,413.0,0,0.0,0.0,,0.0,normalDay
2021-11-30,5705.0,2.0,0.0,0,455.56,0.0,1,0.87,0.85,SPY211210P00413000,413.0,0,0.0,0.0,,0.0,normalDay
2021-12-01,5705.0,-53.0,0.0,0,450.5,0.0,1,0.87,1.4,SPY211210P00413000,413.0,0,0.0,0.0,,0.0,normalDay
2021-12-02,5705.0,30.0,0.0,0,457.4,0.0,1,0.87,0.57,SPY211210P00413000,413.0,0,0.0,0.0,,0.0,normalDay
2021-12-03,5705.0,3.0,0.0,0,453.42,0.0,1,0.87,0.84,SPY211210P00413000,413.0,0,0.0,0.0,,0.0,normalDay
2021-12-06,5705.0,68.0,0.0,0,458.79,0.0,1,0.87,0.19,SPY211210P00413000,413.0,0,0.0,0.0,,0.0,normalDay
2021-12-07,5705.0,82.0,0.0,0,468.28,0.0,1,0.87,0.05,SPY211210P00413000,413.0,0,0.0,0.0,,0.0,normalDay
2021-12-08,5705.0,86.0,0.0,0,469.52,0.0,1,0.87,0.01,SPY211210P00413000,413.0,0,0.0,0.0,,0.0,normalDay
2021-12-09,5705.0,86.0,0.0,0,466.35,0.0,1,0.87,0.01,SPY211210P00413000,413.0,0,0.0,0.0,,0.0,normalDay
2021-12-10,5792.0,0.0,87.0,0,470.74,0.0,1,0.87,0.0,SPY211210P00413000,413.0,0,0.0,0.0,,0.0,expirationDay
2021-12-13,5792.0,-4.0,0.0,0,466.57,0.0,1,3.28,3.32,SPY220114P00439000,439.0,0,0.0,0.0,,0.0,normalDay
2021-12-14,5792.0,-77.0,0.0,0,463.36,0.0,1,3.28,4.05,SPY220114P00439000,439.0,0,0.0,0.0,,0.0,normalDay
2021-12-15,5792.0,93.0,0.0,0,470.6,0.0,1,3.28,2.35,SPY220114P00439000,439.0,0,0.0,0.0,,0.0,normalDay
2021-12-16,5792.0,32.0,0.0,0,466.45,0.0,1,3.28,2.96,SPY220114P00439000,439.0,0,0.0,0.0,,0.0,normalDay
2021-12-17,5792.0,-63.0,0.0,0,459.87,0.0,1,3.28,3.91,SPY220114P00439000,439.0,0,0.0,0.0,,0.0,normalDay
2021-12-20,5792.0,-155.0,0.0,0,454.98,0.0,1,3.28,4.83,SPY220114P00439000,439.0,0,0.0,0.0,,0.0,normalDay
2021-12-21,5792.0,42.0,0.0,0,463.06,0.0,1,3.28,2.86,SPY220114P00439000,439.0,0,0.0,0.0,,0.0,normalDay
2021-12-22,5792.0,160.0,0.0,0,467.69,0.0,1,3.28,1.68,SPY220114P00439000,439.0,0,0.0,0.0,,0.0,normalDay
2021-12-23,5792.0,207.0,0.0,0,470.6,0.0,1,3.28,1.21,SPY220114P00439000,439.0,0,0.0,0.0,,0.0,normalDay
2021-12-27,5792.0,266.0,0.0,0,477.26,0.0,1,3.28,0.62,SPY220114P00439000,439.0,0,0.0,0.0,,0.0,normalDay
2021-12-28,5792.0,269.0,0.0,0,476.87,0.0,1,3.28,0.59,SPY220114P00439000,439.0,0,0.0,0.0,,0.0,normalDay
2021-12-29,5792.0,286.0,0.0,0,477.48,0.0,1,3.28,0.42,SPY220114P00439000,439.0,0,0.0,0.0,,0.0,normalDay
2021-12-30,5792.0,281.0,0.0,0,476.16,0.0,1,3.28,0.47,SPY220114P00439000,439.0,0,0.0,0.0,,0.0,normalDay
2021-12-31,5792.0,290.0,0.0,0,474.96,0.0,1,3.28,0.38,SPY220114P00439000,439.0,0,0.0,0.0,,0.0,normalDay
2022-01-03,5792.0,308.0,0.0,0,477.71,0.0,1,3.28,0.2,SPY220114P00439000,439.0,0,0.0,0.0,,0.0,normalDay
2022-01-04,5792.0,310.0,0.0,0,477.55,0.0,1,3.28,0.18,SPY220114P00439000,439.0,0,0.0,0.0,,0.0,normalDay
2022-01-05,5792.0,278.0,0.0,0,468.38,0.0,1,3.28,0.5,SPY220114P00439000,439.0,0,0.0,0.0,,0.0,normalDay
2022-01-06,5792.0,297.0,0.0,0,467.94,0.0,1,3.28,0.31,SPY220114P00439000,439.0,0,0.0,0.0,,0.0,normalDay
2022-01-07,5792.0,315.0,0.0,0,466.09,0.0,1,3.28,0.13,SPY220114P00439000,439.0,0,0.0,0.0,,0.0,normalDay
2022-01-10,5792.0,314.0,0.0,0,465.51,0.0,1,3.28,0.14,SPY220114P00439000,439.0,0,0.0,0.0,,0.0,normalDay
2022-01-11,5792.0,322.0,0.0,0,469.75,0.0,1,3.28,0.06,SPY220114P00439000,439.0,0,0.0,0.0,,0.0,normalDay
2022-01-12,5792.0,326.0,0.0,0,471.02,0.0,1,3.28,0.02,SPY220114P00439000,439.0,0,0.0,0.0,,0.0,normalDay
2022-01-13,5792.0,325.0,0.0,0,464.53,0.0,1,3.28,0.03,SPY220114P00439000,439.0,0,0.0,0.0,,0.0,normalDay
2022-01-14,6120.0,0.0,328.0,0,464.72,0.0,1,3.28,0.0,SPY220114P00439000,439.0,0,0.0,0.0,,0.0,expirationDay
2022-01-18,6120.0,-4.0,0.0,0,456.49,0.0,1,5.95,5.99,SPY220218P00441000,441.0,0,0.0,0.0,,0.0,normalDay
2022-01-19,6120.0,-105.0,0.0,0,451.75,0.0,1,5.95,7.0,SPY220218P00441000,441.0,0,0.0,0.0,,0.0,normalDay
2022-01-20,6120.0,-315.0,0.0,0,446.75,0.0,1,5.95,9.1,SPY220218P00441000,441.0,0,0.0,0.0,,0.0,normalDay
2022-01-21,6120.0,-727.0,0.0,0,437.98,0.0,1,5.95,13.22,SPY220218P00441000,441.0,0,0.0,0.0,,0.0,normalDay
2022-01-24,6120.0,-707.0,0.0,0,439.84,0.0,1,5.95,13.02,SPY220218P00441000,441.0,0,0.0,0.0,,0.0,normalDay
2022-01-25,6120.0,-1009.0,0.0,0,434.47,0.0,1,5.95,16.04,SPY220218P00441000,441.0,0,0.0,0.0,,0.0,normalDay
2022-01-26,6120.0,-991.0,0.0,0,433.38,0.0,1,5.95,15.86,SPY220218P00441000,441.0,0,0.0,0.0,,0.0,normalDay
2022-01-27,6120.0,-987.0,0.0,0,431.24,0.0,1,5.95,15.82,SPY220218P00441000,441.0,0,0.0,0.0,,0.0,normalDay
2022-01-28,6120.0,-393.0,0.0,0,441.95,0.0,1,5.95,9.88,SPY220218P00441000,441.0,0,0.0,0.0,,0.0,normalDay
2022-01-31,6120.0,1.0,0.0,0,449.91,0.0,1,5.95,5.94,SPY220218P00441000,441.0,0,0.0,0.0,,0.0,normalDay
2022-02-01,6120.0,222.0,0.0,0,452.95,0.0,1,5.95,3.73,SPY220218P00441000,441.0,0,0.0,0.0,,0.0,normalDay
2022-02-02,6120.0,292.0,0.0,0,457.35,0.0,1,5.95,3.03,SPY220218P00441000,441.0,0,0.0,0.0,,0.0,normalDay
2022-02-03,6120.0,101.0,0.0,0,446.6,0.0,1,5.95,4.94,SPY220218P00441000,441.0,0,0.0,0.0,,0.0,normalDay
2022-02-04,6120.0,116.0,0.0,0,448.7,0.0,1,5.95,4.79,SPY220218P00441000,441.0,0,0.0,0.0,,0.0,normalDay
2022-02-07,6120.0,200.0,0.0,0,447.26,0.0,1,5.95,3.95,SPY220218P00441000,441.0,0,0.0,0.0,,0.0,normalDay
2022-02-08,6120.0,347.0,0.0,0,450.94,0.0,1,5.95,2.48,SPY220218P00441000,441.0,0,0.0,0.0,,0.0,normalDay
2022-02-09,6120.0,478.0,0.0,0,457.54,0.0,1,5.95,1.17,SPY220218P00441000,441.0,0,0.0,0.0,,0.0,normalDay
2022-02-10,6120.0,270.0,0.0,0,449.32,0.0,1,5.95,3.25,SPY220218P00441000,441.0,0,0.0,0.0,,0.0,normalDay
2022-02-11,6120.0,-52.0,0.0,0,440.46,0.0,1,5.95,6.47,SPY220218P00441000,441.0,0,0.0,0.0,,0.0,normalDay
2022-02-14,6120.0,3.0,0.0,0,439.02,0.0,1,5.95,5.92,SPY220218P00441000,441.0,0,0.0,0.0,,0.0,normalDay
2022-02-15,6120.0,337.0,0.0,0,446.1,0.0,1,5.95,2.58,SPY220218P00441000,441.0,0,0.0,0.0,,0.0,normalDay
2022-02-16,6120.0,466.0,0.0,0,446.6,0.0,1,5.95,1.29,SPY220218P00441000,441.0,0,0.0,0.0,,0.0,normalDay
2022-02-17,6120.0,93.0,0.0,0,437.06,0.0,1,5.95,5.02,SPY220218P00441000,441.0,0,0.0,0.0,,0.0,normalDay
2022-02-18,6715.0,-677.0,595.0,100,434.23,441.0,1,5.95,0.0,SPY220218P00441000,441.0,0,0.0,0.0,,0.0,expirationDay
2022-02-22,6715.0,-1146.0,0.0,100,429.57,441.0,0,0.0,0.0,,0.0,1,0.03,0.06,SPY220304C00466000,466.0,normalDay
2022-02-23,6715.0,-1906.0,0.0,100,421.95,441.0,0,0.0,0.0,,0.0,1,0.03,0.04,SPY220304C00466000,466.0,normalDay
2022-02-24,6715.0,-1272.0,0.0,100,428.3,441.0,0,0.0,0.0,,0.0,1,0.03,0.05,SPY220304C00466000,466.0,normalDay
2022-02-25,6715.0,-328.0,0.0,100,437.75,441.0,0,0.0,0.0,,0.0,1,0.03,0.06,SPY220304C00466000,466.0,normalDay
2022-02-28,6715.0,-437.0,0.0,100,436.63,441.0,0,0.0,0.0,,0.0,1,0.03,0.03,SPY220304C00466000,466.0,normalDay
2022-03-01,6715.0,-1101.0,0.0,100,429.98,441.0,0,0.0,0.0,,0.0,1,0.03,0.02,SPY220304C00466000,466.0,normalDay
2022-03-02,6715.0,-309.0,0.0,100,437.89,441.0,0,0.0,0.0,,0.0,1,0.03,0.01,SPY220304C00466000,466.0,normalDay
2022-03-03,6715.0,-527.0,0.0,100,435.71,441.0,0,0.0,0.0,,0.0,1,0.03,0.01,SPY220304C00466000,466.0,normalDay
2022-03-04,6718.0,-883.0,3.0,100,432.17,441.0,0,0.0,0.0,,0.0,1,0.03,0.0,SPY220304C00466000,466.0,expirationDay
2022-03-07,6718.0,-2160.0,0.0,100,419.43,441.0,0,0.0,0.0,,0.0,1,0.03,0.06,SPY220318C00463000,463.0,normalDay
2022-03-08,6718.0,-2478.0,0.0,100,416.25,441.0,0,0.0,0.0,,0.0,1,0.03,0.06,SPY220318C00463000,463.0,normalDay
2022-03-09,6718.0,-1364.0,0.0,100,427.41,441.0,0,0.0,0.0,,0.0,1,0.03,0.08,SPY220318C00463000,463.0,normalDay
2022-03-10,6718.0,-1553.0,0.0,100,425.48,441.0,0,0.0,0.0,,0.0,1,0.03,0.04,SPY220318C00463000,463.0,normalDay
2022-03-11,6718.0,-2093.0,0.0,100,420.07,441.0,0,0.0,0.0,,0.0,1,0.03,0.03,SPY220318C00463000,463.0,normalDay
2022-03-14,6718.0,-2399.0,0.0,100,417.0,441.0,0,0.0,0.0,,0.0,1,0.03,0.02,SPY220318C00463000,463.0,normalDay
2022-03-15,6718.0,-1482.0,0.0,100,426.17,441.0,0,0.0,0.0,,0.0,1,0.03,0.02,SPY220318C00463000,463.0,normalDay
2022-03-16,6718.0,-537.0,0.0,100,435.62,441.0,0,0.0,0.0,,0.0,1,0.03,0.02,SPY220318C00463000,463.0,normalDay
2022-03-17,6718.0,9.0,0.0,100,441.07,441.0,0,0.0,0.0,,0.0,1,0.03,0.01,SPY220318C00463000,463.0,normalDay
2022-03-18,6721.0,352.0,3.0,100,444.52,441.0,0,0.0,0.0,,0.0,1,0.03,0.0,SPY220318C00463000,463.0,expirationDay
2022-03-21,6721.0,334.0,0.0,100,444.39,441.0,0,0.0,0.0,,0.0,1,2.48,2.53,SPY220401C00453000,453.0,normalDay
2022-03-22,6721.0,710.0,0.0,100,449.59,441.0,0,0.0,0.0,,0.0,1,2.48,3.97,SPY220401C00453000,453.0,normalDay
2022-03-23,6721.0,346.0,0.0,100,443.8,441.0,0,0.0,0.0,,0.0,1,2.48,1.82,SPY220401C00453000,453.0,normalDay
2022-03-24,6721.0,849.0,0.0,100,450.49,441.0,0,0.0,0.0,,0.0,1,2.48,3.48,SPY220401C00453000,453.0,normalDay
2022-03-25,6721.0,1032.0,0.0,100,452.69,441.0,0,0.0,0.0,,0.0,1,2.48,3.85,SPY220401C00453000,453.0,normalDay
2022-03-28,6721.0,1232.0,0.0,100,455.91,441.0,0,0.0,0.0,,0.0,1,2.48,5.07,SPY220401C00453000,453.0,normalDay
2022-03-29,6721.0,1421.0,0.0,100,461.55,441.0,0,0.0,0.0,,0.0,1,2.48,8.82,SPY220401C00453000,453.0,normalDay
2022-03-30,6721.0,1338.0,0.0,100,458.7,441.0,0,0.0,0.0,,0.0,1,2.48,6.8,SPY220401C00453000,453.0,normalDay
2022-03-31,6721.0,1160.0,0.0,100,451.64,441.0,0,0.0,0.0,,0.0,1,2.48,1.52,SPY220401C00453000,453.0,normalDay
2022-04-01,6969.0,1192.0,248.0,100,452.92,441.0,0,0.0,0.0,,0.0,1,2.48,0.0,SPY220401C00453000,453.0,expirationDay
2022-04-04,6969.0,1580.0,0.0,100,456.8,441.0,0,0.0,0.0,,0.0,0,0.0,0.0,,0.0,bidTooLow
2022-04-05,6969.0,1003.0,0.0,100,451.03,441.0,0,0.0,0.0,,0.0,0,0.0,0.0,,0.0,bidTooLow
2022-04-06,6969.0,552.0,0.0,100,446.52,441.0,0,0.0,0.0,,0.0,0,0.0,0.0,,0.0,bidTooLow
2022-04-07,6969.0,777.0,0.0,100,448.77,441.0,0,0.0,0.0,,0.0,0,0.0,0.0,,0.0,bidTooLow
2022-04-08,6969.0,657.0,0.0,100,447.57,441.0,0,0.0,0.0,,0.0,0,0.0,0.0,,0.0,bidTooLow
2022-04-11,6969.0,-108.0,0.0,100,439.92,441.0,0,0.0,0.0,,0.0,0,0.0,0.0,,0.0,bidTooLow
2022-04-12,6969.0,-271.0,0.0,100,438.29,441.0,0,0.0,0.0,,0.0,0,0.0,0.0,,0.0,bidTooLow
2022-04-13,6969.0,231.0,0.0,100,443.31,441.0,0,0.0,0.0,,0.0,0,0.0,0.0,,0.0,bidTooLow
2022-04-14,6969.0,-321.0,0.0,100,437.79,441.0,0,0.0,0.0,,0.0,0,0.0,0.0,,0.0,bidTooLow
2022-04-18,6969.0,-303.0,0.0,100,437.97,441.0,0,0.0,0.0,,0.0,0,0.0,0.0,,0.0,bidTooLow
2022-04-19,6969.0,401.0,0.0,100,445.04,441.0,0,0.0,0.0,,0.0,1,0.03,0.06,SPY220429C00467000,467.0,normalDay
2022-04-20,6969.0,369.0,0.0,100,444.71,441.0,0,0.0,0.0,,0.0,1,0.03,0.05,SPY220429C00467000,467.0,normalDay
2022-04-21,6969.0,-294.0,0.0,100,438.06,441.0,0,0.0,0.0,,0.0,1,0.03,0.03,SPY220429C00467000,467.0,normalDay
2022-04-22,6969.0,-1495.0,0.0,100,426.04,441.0,0,0.0,0.0,,0.0,1,0.03,0.02,SPY220429C00467000,467.0,normalDay
2022-04-25,6969.0,-1248.0,0.0,100,428.51,441.0,0,0.0,0.0,,0.0,1,0.03,0.02,SPY220429C00467000,467.0,normalDay
2022-04-26,6969.0,-2488.0,0.0,100,416.1,441.0,0,0.0,0.0,,0.0,1,0.03,0.01,SPY220429C00467000,467.0,normalDay
2022-04-27,6969.0,-2371.0,0.0,100,417.27,441.0,0,0.0,0.0,,0.0,1,0.03,0.01,SPY220429C00467000,467.0,normalDay
2022-04-28,6969.0,-1317.0,0.0,100,427.81,441.0,0,0.0,0.0,,0.0,1,0.03,0.01,SPY220429C00467000,467.0,normalDay
2022-04-29,6972.0,-2900.0,3.0,100,412.0,441.0,0,0.0,0.0,,0.0,1,0.03,0.0,SPY220429C00467000,467.0,expirationDay
2022-05-02,6972.0,-2652.0,0.0,100,414.48,441.0,0,0.0,0.0,,0.0,0,0.0,0.0,,0.0,bidTooLow
2022-05-03,6972.0,-2462.0,0.0,100,416.38,441.0,0,0.0,0.0,,0.0,0,0.0,0.0,,0.0,bidTooLow
2022-05-04,6972.0,-1194.0,0.0,100,429.06,441.0,0,0.0,0.0,,0.0,0,0.0,0.0,,0.0,bidTooLow
2022-05-05,6972.0,-2719.0,0.0,100,413.81,441.0,0,0.0,0.0,,0.0,0,0.0,0.0,,0.0,bidTooLow
2022-05-06,6972.0,-2966.0,0.0,100,411.34,441.0,0,0.0,0.0,,0.0,0,0.0,0.0,,0.0,bidTooLow
2022-05-09,6972.0,-4283.0,0.0,100,398.17,441.0,0,0.0,0.0,,0.0,0,0.0,0.0,,0.0,bidTooLow
2022-05-10,6972.0,-4191.0,0.0,100,399.09,441.0,0,0.0,0.0,,0.0,0,0.0,0.0,,0.0,bidTooLow
2022-05-11,6972.0,-4825.0,0.0,100,392.75,441.0,0,0.0,0.0,,0.0,0,0.0,0.0,,0.0,bidTooLow
2022-05-12,6972.0,-4866.0,0.0,100,392.34,441.0,0,0.0,0.0,,0.0,0,0.0,0.0,,0.0,bidTooLow
2022-05-13,6972.0,-3928.0,0.0,100,401.72,441.0,0,0.0,0.0,,0.0,0,0.0,0.0,,0.0,bidTooLow
2022-05-16,6972.0,-4091.0,0.0,100,400.09,441.0,0,0.0,0.0,,0.0,0,0.0,0.0,,0.0,bidTooLow
2022-05-17,6972.0,-3268.0,0.0,100,408.32,441.0,0,0.0,0.0,,0.0,0,0.0,0.0,,0.0,bidTooLow
2022-05-18,6972.0,-4914.0,0.0,100,391.86,441.0,0,0.0,0.0,,0.0,0,0.0,0.0,,0.0,bidTooLow
2022-05-19,6972.0,-5154.0,0.0,100,389.46,441.0,0,0.0,0.0,,0.0,0,0.0,0.0,,0.0,bidTooLow
2022-05-20,6972.0,-5137.0,0.0,100,389.63,441.0,0,0.0,0.0,,0.0,0,0.0,0.0,,0.0,bidTooLow
2022-05-23,6972.0,-4411.0,0.0,100,396.92,441.0,0,0.0,0.0,,0.0,1,0.02,0.05,SPY220603C00438000,438.0,normalDay
2022-05-24,6972.0,-4713.0,0.0,100,393.89,441.0,0,0.0,0.0,,0.0,1,0.02,0.04,SPY220603C00438000,438.0,normalDay
2022-05-25,6972.0,-4364.0,0.0,100,397.37,441.0,0,0.0,0.0,,0.0,1,0.02,0.03,SPY220603C00438000,438.0,normalDay
2022-05-26,6972.0,-3571.0,0.0,100,405.31,441.0,0,0.0,0.0,,0.0,1,0.02,0.04,SPY220603C00438000,438.0,normalDay
2022-05-27,6972.0,-2580.0,0.0,100,415.26,441.0,0,0.0,0.0,,0.0,1,0.02,0.08,SPY220603C00438000,438.0,normalDay
2022-05-31,6972.0,-2807.0,0.0,100,412.93,441.0,0,0.0,0.0,,0.0,1,0.02,0.02,SPY220603C00438000,438.0,normalDay
2022-06-01,6972.0,-3140.0,0.0,100,409.59,441.0,0,0.0,0.0,,0.0,1,0.02,0.01,SPY220603C00438000,438.0,normalDay
2022-06-02,6972.0,-2360.0,0.0,100,417.39,441.0,0,0.0,0.0,,0.0,1,0.02,0.01,SPY220603C00438000,438.0,normalDay
2022-06-03,6974.0,-3046.0,2.0,100,410.54,441.0,0,0.0,0.0,,0.0,1,0.02,0.0,SPY220603C00438000,438.0,expirationDay
2022-06-06,6974.0,-2925.0,0.0,100,411.79,441.0,0,0.0,0.0,,0.0,1,1.64,1.68,SPY220617C00425000,425.0,normalDay
2022-06-07,6974.0,-2583.0,0.0,100,415.74,441.0,0,0.0,0.0,,0.0,1,1.64,2.21,SPY220617C00425000,425.0,normalDay
2022-06-08,6974.0,-2921.0,0.0,100,411.22,441.0,0,0.0,0.0,,0.0,1,1.64,1.07,SPY220617C00425000,425.0,normalDay
2022-06-09,6974.0,-3830.0,0.0,100,401.44,441.0,0,0.0,0.0,,0.0,1,1.64,0.38,SPY220617C00425000,425.0,normalDay
2022-06-10,6974.0,-4962.0,0.0,100,389.8,441.0,0,0.0,0.0,,0.0,1,1.64,0.06,SPY220617C00425000,425.0,normalDay
2022-06-13,6974.0,-6439.0,0.0,100,375.0,441.0,0,0.0,0.0,,0.0,1,1.64,0.03,SPY220617C00425000,425.0,normalDay
2022-06-14,6974.0,-6551.0,0.0,100,373.87,441.0,0,0.0,0.0,,0.0,1,1.64,0.02,SPY220617C00425000,425.0,normalDay
2022-06-15,6974.0,-6017.0,0.0,100,379.2,441.0,0,0.0,0.0,,0.0,1,1.64,0.01,SPY220617C00425000,425.0,normalDay
2022-06-16,6974.0,-7272.0,0.0,100,366.65,441.0,0,0.0,0.0,,0.0,1,1.64,0.01,SPY220617C00425000,425.0,normalDay
2022-06-17,7138.0,-7514.0,164.0,100,365.86,441.0,0,0.0,0.0,,0.0,1,1.64,0.0,SPY220617C00425000,425.0,expirationDay
2022-06-21,7138.0,-6593.0,0.0,100,375.07,441.0,0,0.0,0.0,,0.0,0,0.0,0.0,,0.0,bidTooLow
2022-06-22,7138.0,-6661.0,0.0,100,374.39,441.0,0,0.0,0.0,,0.0,0,0.0,0.0,,0.0,bidTooLow
2022-06-23,7138.0,-6294.0,0.0,100,378.06,441.0,0,0.0,0.0,,0.0,0,0.0,0.0,,0.0,bidTooLow
2022-06-24,7138.0,-5092.0,0.0,100,390.08,441.0,0,0.0,0.0,,0.0,0,0.0,0.0,,0.0,bidTooLow
2022-06-27,7138.0,-5241.0,0.0,100,388.59,441.0,0,0.0,0.0,,0.0,0,0.0,0.0,,0.0,bidTooLow
2022-06-28,7138.0,-6035.0,0.0,100,380.65,441.0,0,0.0,0.0,,0.0,0,0.0,0.0,,0.0,bidTooLow
2022-06-29,7138.0,-6066.0,0.0,100,380.34,441.0,0,0.0,0.0,,0.0,0,0.0,0.0,,0.0,bidTooLow
2022-06-30,7138.0,-6375.0,0.0,100,377.25,441.0,0,0.0,0.0,,0.0,0,0.0,0.0,,0.0,bidTooLow
2022-07-01,7138.0,-5976.0,0.0,100,381.24,441.0,0,0.0,0.0,,0.0,0,0.0,0.0,,0.0,bidTooLow
2022-07-05,7138.0,-5904.0,0.0,100,381.96,441.0,0,0.0,0.0,,0.0,0,0.0,0.0,,0.0,bidTooLow
2022-07-06,7138.0,-5778.0,0.0,100,383.25,441.0,0,0.0,0.0,,0.0,1,0.01,0.04,SPY220715C00418000,418.0,normalDay
2022-07-07,7138.0,-5204.0,0.0,100,388.99,441.0,0,0.0,0.0,,0.0,1,0.01,0.04,SPY220715C00418000,418.0,normalDay
2022-07-08,7138.0,-5234.0,0.0,100,388.67,441.0,0,0.0,0.0,,0.0,1,0.01,0.02,SPY220715C00418000,418.0,normalDay
2022-07-11,7138.0,-5677.0,0.0,100,384.23,441.0,0,0.0,0.0,,0.0,1,0.01,0.01,SPY220715C00418000,418.0,normalDay
2022-07-12,7138.0,-6017.0,0.0,100,380.83,441.0,0,0.0,0.0,,0.0,1,0.01,0.01,SPY220715C00418000,418.0,normalDay
2022-07-13,7138.0,-6217.0,0.0,100,378.83,441.0,0,0.0,0.0,,0.0,1,0.01,0.01,SPY220715C00418000,418.0,normalDay
2022-07-14,7138.0,-6309.0,0.0,100,377.91,441.0,0,0.0,0.0,,0.0,1,0.01,0.01,SPY220715C00418000,418.0,normalDay
2022-07-15,7139.0,-5587.0,1.0,100,385.13,441.0,0,0.0,0.0,,0.0,1,0.01,0.0,SPY220715C00418000,418.0,expirationDay
2022-07-18,7139.0,-5908.0,0.0,100,381.95,441.0,0,0.0,0.0,,0.0,1,1.43,1.46,SPY220729C00396000,396.0,normalDay
2022-07-19,7139.0,-5224.0,0.0,100,392.27,441.0,0,0.0,0.0,,0.0,1,1.43,4.94,SPY220729C00396000,396.0,normalDay
2022-07-20,7139.0,-5043.0,0.0,100,394.77,441.0,0,0.0,0.0,,0.0,1,1.43,5.63,SPY220729C00396000,396.0,normalDay
2022-07-21,7139.0,-4760.0,0.0,100,398.79,441.0,0,0.0,0.0,,0.0,1,1.43,6.82,SPY220729C00396000,396.0,normalDay
2022-07-22,7139.0,-4867.0,0.0,100,395.09,441.0,0,0.0,0.0,,0.0,1,1.43,4.19,SPY220729C00396000,396.0,normalDay
2022-07-25,7139.0,-4842.0,0.0,100,395.57,441.0,0,0.0,0.0,,0.0,1,1.43,4.42,SPY220729C00396000,396.0,normalDay
2022-07-26,7139.0,-5112.0,0.0,100,390.89,441.0,0,0.0,0.0,,0.0,1,1.43,2.44,SPY220729C00396000,396.0,normalDay
2022-07-27,7139.0,-4445.0,0.0,100,401.04,441.0,0,0.0,0.0,,0.0,1,1.43,5.92,SPY220729C00396000,396.0,normalDay
2022-07-28,7139.0,-4492.0,0.0,100,406.07,441.0,0,0.0,0.0,,0.0,1,1.43,11.42,SPY220729C00396000,396.0,normalDay
2022-07-29,2782.0,-4492.0,-4357.0,0,411.99,0.0,0,0.0,0.0,,0.0,1,1.43,0.0,SPY220729C00396000,396.0,expirationDay
2022-08-01,2782.0,-3.0,0.0,0,410.77,0.0,1,0.61,0.64,SPY220902P00350000,350.0,0,0.0,0.0,,0.0,normalDay
2022-08-02,2782.0,-16.0,0.0,0,408.06,0.0,1,0.61,0.77,SPY220902P00350000,350.0,0,0.0,0.0,,0.0,normalDay
2022-08-03,2782.0,19.0,0.0,0,414.45,0.0,1,0.61,0.42,SPY220902P00350000,350.0,0,0.0,0.0,,0.0,normalDay
2022-08-04,2782.0,23.0,0.0,0,414.17,0.0,1,0.61,0.38,SPY220902P00350000,350.0,0,0.0,0.0,,0.0,normalDay
2022-08-05,2782.0,23.0,0.0,0,413.47,0.0,1,0.61,0.38,SPY220902P00350000,350.0,0,0.0,0.0,,0.0,normalDay
2022-08-08,2782.0,28.0,0.0,0,412.99,0.0,1,0.61,0.33,SPY220902P00350000,350.0,0,0.0,0.0,,0.0,normalDay
2022-08-09,2782.0,27.0,0.0,0,411.35,0.0,1,0.61,0.34,SPY220902P00350000,350.0,0,0.0,0.0,,0.0,normalDay
2022-08-10,2782.0,42.0,0.0,0,419.99,0.0,1,0.61,0.19,SPY220902P00350000,350.0,0,0.0,0.0,,0.0,normalDay
2022-08-11,2782.0,41.0,0.0,0,419.99,0.0,1,0.61,0.2,SPY220902P00350000,350.0,0,0.0,0.0,,0.0,normalDay
2022-08-12,2782.0,46.0,0.0,0,427.1,0.0,1,0.61,0.15,SPY220902P00350000,350.0,0,0.0,0.0,,0.0,normalDay
2022-08-15,2782.0,50.0,0.0,0,428.86,0.0,1,0.61,0.11,SPY220902P00350000,350.0,0,0.0,0.0,,0.0,normalDay
2022-08-16,2782.0,52.0,0.0,0,429.7,0.0,1,0.61,0.09,SPY220902P00350000,350.0,0,0.0,0.0,,0.0,normalDay
2022-08-17,2782.0,53.0,0.0,0,426.65,0.0,1,0.61,0.08,SPY220902P00350000,350.0,0,0.0,0.0,,0.0,normalDay
2022-08-18,2782.0,54.0,0.0,0,427.89,0.0,1,0.61,0.07,SPY220902P00350000,350.0,0,0.0,0.0,,0.0,normalDay
2022-08-19,2782.0,54.0,0.0,0,422.14,0.0,1,0.61,0.07,SPY220902P00350000,350.0,0,0.0,0.0,,0.0,normalDay
2022-08-22,2782.0,51.0,0.0,0,413.35,0.0,1,0.61,0.1,SPY220902P00350000,350.0,0,0.0,0.0,,0.0,normalDay
2022-08-23,2782.0,52.0,0.0,0,412.35,0.0,1,0.61,0.09,SPY220902P00350000,350.0,0,0.0,0.0,,0.0,normalDay
2022-08-24,2782.0,57.0,0.0,0,413.67,0.0,1,0.61,0.04,SPY220902P00350000,350.0,0,0.0,0.0,,0.0,normalDay
2022-08-25,2782.0,58.0,0.0,0,419.51,0.0,1,0.61,0.03,SPY220902P00350000,350.0,0,0.0,0.0,,0.0,normalDay
2022-08-26,2782.0,52.0,0.0,0,405.31,0.0,1,0.61,0.09,SPY220902P00350000,350.0,0,0.0,0.0,,0.0,normalDay
2022-08-29,2782.0,58.0,0.0,0,402.63,0.0,1,0.61,0.03,SPY220902P00350000,350.0,0,0.0,0.0,,0.0,normalDay
2022-08-30,2782.0,58.0,0.0,0,398.21,0.0,1,0.61,0.03,SPY220902P00350000,350.0,0,0.0,0.0,,0.0,normalDay
2022-08-31,2782.0,59.0,0.0,0,395.18,0.0,1,0.61,0.02,SPY220902P00350000,350.0,0,0.0,0.0,,0.0,normalDay
2022-09-01,2782.0,60.0,0.0,0,396.42,0.0,1,0.61,0.01,SPY220902P00350000,350.0,0,0.0,0.0,,0.0,normalDay
2022-09-02,2843.0,0.0,61.0,0,392.24,0.0,1,0.61,0.0,SPY220902P00350000,350.0,0,0.0,0.0,,0.0,expirationDay
2022-09-06,2843.0,-5.0,0.0,0,390.76,0.0,1,2.81,2.86,SPY221007P00358000,358.0,0,0.0,0.0,,0.0,normalDay
2022-09-07,2843.0,113.0,0.0,0,397.78,0.0,1,2.81,1.68,SPY221007P00358000,358.0,0,0.0,0.0,,0.0,normalDay
2022-09-08,2843.0,162.0,0.0,0,400.38,0.0,1,2.81,1.19,SPY221007P00358000,358.0,0,0.0,0.0,,0.0,normalDay
2022-09-09,2843.0,199.0,0.0,0,406.6,0.0,1,2.81,0.82,SPY221007P00358000,358.0,0,0.0,0.0,,0.0,normalDay
2022-09-12,2843.0,218.0,0.0,0,410.97,0.0,1,2.81,0.63,SPY221007P00358000,358.0,0,0.0,0.0,,0.0,normalDay
2022-09-13,2843.0,104.0,0.0,0,393.1,0.0,1,2.81,1.77,SPY221007P00358000,358.0,0,0.0,0.0,,0.0,normalDay
2022-09-14,2843.0,132.0,0.0,0,394.6,0.0,1,2.81,1.49,SPY221007P00358000,358.0,0,0.0,0.0,,0.0,normalDay
2022-09-15,2843.0,121.0,0.0,0,390.12,0.0,1,2.81,1.6,SPY221007P00358000,358.0,0,0.0,0.0,,0.0,normalDay
2022-09-16,2843.0,104.0,0.0,0,385.56,0.0,1,2.81,1.77,SPY221007P00358000,358.0,0,0.0,0.0,,0.0,normalDay
2022-09-19,2843.0,160.0,0.0,0,388.55,0.0,1,2.81,1.21,SPY221007P00358000,358.0,0,0.0,0.0,,0.0,normalDay
2022-09-20,2843.0,99.0,0.0,0,384.09,0.0,1,2.81,1.82,SPY221007P00358000,358.0,0,0.0,0.0,,0.0,normalDay
2022-09-21,2843.0,20.0,0.0,0,377.39,0.0,1,2.81,2.61,SPY221007P00358000,358.0,0,0.0,0.0,,0.0,normalDay
2022-09-22,2843.0,26.0,0.0,0,374.22,0.0,1,2.81,2.55,SPY221007P00358000,358.0,0,0.0,0.0,,0.0,normalDay
2022-09-23,2843.0,-170.0,0.0,0,367.95,0.0,1,2.81,4.51,SPY221007P00358000,358.0,0,0.0,0.0,,0.0,normalDay
2022-09-26,2843.0,-298.0,0.0,0,364.31,0.0,1,2.81,5.79,SPY221007P00358000,358.0,0,0.0,0.0,,0.0,normalDay
2022-09-27,2843.0,-277.0,0.0,0,363.38,0.0,1,2.81,5.58,SPY221007P00358000,358.0,0,0.0,0.0,,0.0,normalDay
2022-09-28,2843.0,0.0,0.0,0,370.53,0.0,1,2.81,2.81,SPY221007P00358000,358.0,0,0.0,0.0,,0.0,normalDay
2022-09-29,2843.0,-190.0,0.0,0,362.79,0.0,1,2.81,4.71,SPY221007P00358000,358.0,0,0.0,0.0,,0.0,normalDay
2022-09-30,2843.0,-291.0,0.0,0,357.18,0.0,1,2.81,5.72,SPY221007P00358000,358.0,0,0.0,0.0,,0.0,normalDay
2022-10-03,2843.0,117.0,0.0,0,366.61,0.0,1,2.81,1.64,SPY221007P00358000,358.0,0,0.0,0.0,,0.0,normalDay
2022-10-04,2843.0,251.0,0.0,0,377.97,0.0,1,2.81,0.3,SPY221007P00358000,358.0,0,0.0,0.0,,0.0,normalDay
2022-10-05,2843.0,270.0,0.0,0,377.09,0.0,1,2.81,0.11,SPY221007P00358000,358.0,0,0.0,0.0,,0.0,normalDay
2022-10-06,2843.0,271.0,0.0,0,373.2,0.0,1,2.81,0.1,SPY221007P00358000,358.0,0,0.0,0.0,,0.0,normalDay
2022-10-07,3124.0,0.0,281.0,0,362.79,0.0,1,2.81,0.0,SPY221007P00358000,358.0,0,0.0,0.0,,0.0,expirationDay
2022-10-10,3124.0,-5.0,0.0,0,360.02,0.0,1,3.28,3.33,SPY221111P00328000,328.0,0,0.0,0.0,,0.0,normalDay
2022-10-11,3124.0,-47.0,0.0,0,357.74,0.0,1,3.28,3.75,SPY221111P00328000,328.0,0,0.0,0.0,,0.0,normalDay
2022-10-12,3124.0,-43.0,0.0,0,356.56,0.0,1,3.28,3.71,SPY221111P00328000,328.0,0,0.0,0.0,,0.0,normalDay
2022-10-13,3124.0,109.0,0.0,0,365.97,0.0,1,3.28,2.19,SPY221111P00328000,328.0,0,0.0,0.0,,0.0,normalDay
2022-10-14,3124.0,36.0,0.0,0,357.63,0.0,1,3.28,2.92,SPY221111P00328000,328.0,0,0.0,0.0,,0.0,normalDay
2022-10-17,3124.0,161.0,0.0,0,366.82,0.0,1,3.28,1.67,SPY221111P00328000,328.0,0,0.0,0.0,,0.0,normalDay
2022-10-18,3124.0,210.0,0.0,0,371.13,0.0,1,3.28,1.18,SPY221111P00328000,328.0,0,0.0,0.0,,0.0,normalDay
2022-10-19,3124.0,188.0,0.0,0,368.5,0.0,1,3.28,1.4,SPY221111P00328000,328.0,0,0.0,0.0,,0.0,normalDay
2022-10-20,3124.0,197.0,0.0,0,365.41,0.0,1,3.28,1.31,SPY221111P00328000,328.0,0,0.0,0.0,,0.0,normalDay
2022-10-21,3124.0,249.0,0.0,0,374.29,0.0,1,3.28,0.79,SPY221111P00328000,328.0,0,0.0,0.0,,0.0,normalDay
2022-10-24,3124.0,275.0,0.0,0,378.87,0.0,1,3.28,0.53,SPY221111P00328000,328.0,0,0.0,0.0,,0.0,normalDay
2022-10-25,3124.0,292.0,0.0,0,384.92,0.0,1,3.28,0.36,SPY221111P00328000,328.0,0,0.0,0.0,,0.0,normalDay
2022-10-26,3124.0,299.0,0.0,0,382.02,0.0,1,3.28,0.29,SPY221111P00328000,328.0,0,0.0,0.0,,0.0,normalDay
2022-10-27,3124.0,297.0,0.0,0,379.98,0.0,1,3.28,0.31,SPY221111P00328000,328.0,0,0.0,0.0,,0.0,normalDay
2022-10-28,3124.0,315.0,0.0,0,389.02,0.0,1,3.28,0.13,SPY221111P00328000,328.0,0,0.0,0.0,,0.0,normalDay
2022-10-31,3124.0,318.0,0.0,0,386.21,0.0,1,3.28,0.1,SPY221111P00328000,328.0,0,0.0,0.0,,0.0,normalDay
2022-11-01,3124.0,319.0,0.0,0,384.52,0.0,1,3.28,0.09,SPY221111P00328000,328.0,0,0.0,0.0,,0.0,normalDay
2022-11-02,3124.0,318.0,0.0,0,374.87,0.0,1,3.28,0.1,SPY221111P00328000,328.0,0,0.0,0.0,,0.0,normalDay
2022-11-03,3124.0,320.0,0.0,0,371.01,0.0,1,3.28,0.08,SPY221111P00328000,328.0,0,0.0,0.0,,0.0,normalDay
2022-11-04,3124.0,323.0,0.0,0,376.35,0.0,1,3.28,0.05,SPY221111P00328000,328.0,0,0.0,0.0,,0.0,normalDay
2022-11-07,3124.0,325.0,0.0,0,379.95,0.0,1,3.28,0.03,SPY221111P00328000,328.0,0,0.0,0.0,,0.0,normalDay
2022-11-08,3124.0,325.0,0.0,0,382.0,0.0,1,3.28,0.03,SPY221111P00328000,328.0,0,0.0,0.0,,0.0,normalDay
2022-11-09,3124.0,326.0,0.0,0,374.13,0.0,1,3.28,0.02,SPY221111P00328000,328.0,0,0.0,0.0,,0.0,normalDay
2022-11-10,3124.0,327.0,0.0,0,394.69,0.0,1,3.28,0.01,SPY221111P00328000,328.0,0,0.0,0.0,,0.0,normalDay
2022-11-11,3452.0,0.0,328.0,0,398.51,0.0,1,3.28,0.0,SPY221111P00328000,328.0,0,0.0,0.0,,0.0,expirationDay
2022-11-14,3452.0,-3.0,0.0,0,395.12,0.0,1,0.85,0.88,SPY221216P00343000,343.0,0,0.0,0.0,,0.0,normalDay
2022-11-15,3452.0,5.0,0.0,0,398.49,0.0,1,0.85,0.8,SPY221216P00343000,343.0,0,0.0,0.0,,0.0,normalDay
2022-11-16,3452.0,5.0,0.0,0,395.45,0.0,1,0.85,0.8,SPY221216P00343000,343.0,0,0.0,0.0,,0.0,normalDay
2022-11-17,3452.0,13.0,0.0,0,394.24,0.0,1,0.85,0.72,SPY221216P00343000,343.0,0,0.0,0.0,,0.0,normalDay
2022-11-18,3452.0,28.0,0.0,0,396.03,0.0,1,0.85,0.57,SPY221216P00343000,343.0,0,0.0,0.0,,0.0,normalDay
2022-11-21,3452.0,42.0,0.0,0,394.59,0.0,1,0.85,0.43,SPY221216P00343000,343.0,0,0.0,0.0,,0.0,normalDay
2022-11-22,3452.0,55.0,0.0,0,399.9,0.0,1,0.85,0.3,SPY221216P00343000,343.0,0,0.0,0.0,,0.0,normalDay
2022-11-23,3452.0,61.0,0.0,0,402.42,0.0,1,0.85,0.24,SPY221216P00343000,343.0,0,0.0,0.0,,0.0,normalDay
2022-11-25,3452.0,61.0,0.0,0,402.33,0.0,1,0.85,0.24,SPY221216P00343000,343.0,0,0.0,0.0,,0.0,normalDay
2022-11-28,3452.0,57.0,0.0,0,395.91,0.0,1,0.85,0.28,SPY221216P00343000,343.0,0,0.0,0.0,,0.0,normalDay
2022-11-29,3452.0,60.0,0.0,0,395.23,0.0,1,0.85,0.25,SPY221216P00343000,343.0,0,0.0,0.0,,0.0,normalDay
2022-11-30,3452.0,71.0,0.0,0,407.68,0.0,1,0.85,0.14,SPY221216P00343000,343.0,0,0.0,0.0,,0.0,normalDay
2022-12-01,3452.0,75.0,0.0,0,407.38,0.0,1,0.85,0.1,SPY221216P00343000,343.0,0,0.0,0.0,,0.0,normalDay
2022-12-02,3452.0,76.0,0.0,0,406.91,0.0,1,0.85,0.09,SPY221216P00343000,343.0,0,0.0,0.0,,0.0,normalDay
2022-12-05,3452.0,74.0,0.0,0,399.59,0.0,1,0.85,0.11,SPY221216P00343000,343.0,0,0.0,0.0,,0.0,normalDay
2022-12-06,3452.0,68.0,0.0,0,393.83,0.0,1,0.85,0.17,SPY221216P00343000,343.0,0,0.0,0.0,,0.0,normalDay
2022-12-07,3452.0,70.0,0.0,0,393.16,0.0,1,0.85,0.15,SPY221216P00343000,343.0,0,0.0,0.0,,0.0,normalDay
2022-12-08,3452.0,74.0,0.0,0,396.24,0.0,1,0.85,0.11,SPY221216P00343000,343.0,0,0.0,0.0,,0.0,normalDay
2022-12-09,3452.0,75.0,0.0,0,393.28,0.0,1,0.85,0.1,SPY221216P00343000,343.0,0,0.0,0.0,,0.0,normalDay
2022-12-12,3452.0,78.0,0.0,0,398.95,0.0,1,0.85,0.07,SPY221216P00343000,343.0,0,0.0,0.0,,0.0,normalDay
2022-12-13,3452.0,81.0,0.0,0,401.97,0.0,1,0.85,0.04,SPY221216P00343000,343.0,0,0.0,0.0,,0.0,normalDay
2022-12-14,3452.0,82.0,0.0,0,399.4,0.0,1,0.85,0.03,SPY221216P00343000,343.0,0,0.0,0.0,,0.0,normalDay
2022-12-15,3452.0,83.0,0.0,0,389.63,0.0,1,0.85,0.02,SPY221216P00343000,343.0,0,0.0,0.0,,0.0,normalDay
2022-12-16,3537.0,0.0,85.0,0,383.27,0.0,1,0.85,0.0,SPY221216P00343000,343.0,0,0.0,0.0,,0.0,expirationDay
2022-12-19,3537.0,-4.0,0.0,0,380.02,0.0,1,4.36,4.4,SPY230120P00367000,367.0,0,0.0,0.0,,0.0,normalDay
2022-12-20,3537.0,52.0,0.0,0,380.54,0.0,1,4.36,3.84,SPY230120P00367000,367.0,0,0.0,0.0,,0.0,normalDay
2022-12-21,3537.0,201.0,0.0,0,386.23,0.0,1,4.36,2.35,SPY230120P00367000,367.0,0,0.0,0.0,,0.0,normalDay
2022-12-22,3537.0,54.0,0.0,0,380.72,0.0,1,4.36,3.82,SPY230120P00367000,367.0,0,0.0,0.0,,0.0,normalDay
2022-12-23,3537.0,131.0,0.0,0,382.91,0.0,1,4.36,3.05,SPY230120P00367000,367.0,0,0.0,0.0,,0.0,normalDay
2022-12-27,3537.0,134.0,0.0,0,381.4,0.0,1,4.36,3.02,SPY230120P00367000,367.0,0,0.0,0.0,,0.0,normalDay
2022-12-28,3537.0,19.0,0.0,0,376.66,0.0,1,4.36,4.17,SPY230120P00367000,367.0,0,0.0,0.0,,0.0,normalDay
2022-12-29,3537.0,198.0,0.0,0,383.44,0.0,1,4.36,2.38,SPY230120P00367000,367.0,0,0.0,0.0,,0.0,normalDay
2022-12-30,3537.0,196.0,0.0,0,382.43,0.0,1,4.36,2.4,SPY230120P00367000,367.0,0,0.0,0.0,,0.0,normalDay
2023-01-03,3537.0,184.0,0.0,0,380.82,0.0,1,4.36,2.52,SPY230120P00367000,367.0,0,0.0,0.0,,0.0,normalDay
2023-01-04,3537.0,284.0,0.0,0,383.76,0.0,1,4.36,1.52,SPY230120P00367000,367.0,0,0.0,0.0,,0.0,normalDay
2023-01-05,3537.0,210.0,0.0,0,379.38,0.0,1,4.36,2.26,SPY230120P00367000,367.0,0,0.0,0.0,,0.0,normalDay
2023-01-06,3537.0,367.0,0.0,0,388.08,0.0,1,4.36,0.69,SPY230120P00367000,367.0,0,0.0,0.0,,0.0,normalDay
2023-01-09,3537.0,369.0,0.0,0,387.86,0.0,1,4.36,0.67,SPY230120P00367000,367.0,0,0.0,0.0,,0.0,normalDay
2023-01-10,3537.0,402.0,0.0,0,390.58,0.0,1,4.36,0.34,SPY230120P00367000,367.0,0,0.0,0.0,,0.0,normalDay
2023-01-11,3537.0,412.0,0.0,0,395.52,0.0,1,4.36,0.24,SPY230120P00367000,367.0,0,0.0,0.0,,0.0,normalDay
2023-01-12,3537.0,426.0,0.0,0,396.96,0.0,1,4.36,0.1,SPY230120P00367000,367.0,0,0.0,0.0,,0.0,normalDay
2023-01-13,3537.0,429.0,0.0,0,398.5,0.0,1,4.36,0.07,SPY230120P00367000,367.0,0,0.0,0.0,,0.0,normalDay
2023-01-17,3537.0,432.0,0.0,0,397.77,0.0,1,4.36,0.04,SPY230120P00367000,367.0,0,0.0,0.0,,0.0,normalDay
2023-01-18,3537.0,432.0,0.0,0,391.49,0.0,1,4.36,0.04,SPY230120P00367000,367.0,0,0.0,0.0,,0.0,normalDay
2023-01-19,3537.0,434.0,0.0,0,388.64,0.0,1,4.36,0.02,SPY230120P00367000,367.0,0,0.0,0.0,,0.0,normalDay
2023-01-20,3973.0,0.0,436.0,0,395.88,0.0,1,4.36,0.0,SPY230120P00367000,367.0,0,0.0,0.0,,0.0,expirationDay
2023-01-23,3973.0,-3.0,0.0,0,400.63,0.0,1,0.73,0.76,SPY230224P00358000,358.0,0,0.0,0.0,,0.0,normalDay
2023-01-24,3973.0,9.0,0.0,0,400.2,0.0,1,0.73,0.64,SPY230224P00358000,358.0,0,0.0,0.0,,0.0,normalDay
2023-01-25,3973.0,12.0,0.0,0,400.35,0.0,1,0.73,0.61,SPY230224P00358000,358.0,0,0.0,0.0,,0.0,normalDay
2023-01-26,3973.0,27.0,0.0,0,404.75,0.0,1,0.73,0.46,SPY230224P00358000,358.0,0,0.0,0.0,,0.0,normalDay
2023-01-27,3973.0,33.0,0.0,0,405.68,0.0,1,0.73,0.4,SPY230224P00358000,358.0,0,0.0,0.0,,0.0,normalDay
2023-01-30,3973.0,24.0,0.0,0,400.59,0.0,1,0.73,0.49,SPY230224P00358000,358.0,0,0.0,0.0,,0.0,normalDay
2023-01-31,3973.0,37.0,0.0,0,406.48,0.0,1,0.73,0.36,SPY230224P00358000,358.0,0,0.0,0.0,,0.0,normalDay
2023-02-01,3973.0,49.0,0.0,0,410.8,0.0,1,0.73,0.24,SPY230224P00358000,358.0,0,0.0,0.0,,0.0,normalDay
2023-02-02,3973.0,49.0,0.0,0,416.78,0.0,1,0.73,0.24,SPY230224P00358000,358.0,0,0.0,0.0,,0.0,normalDay
2023-02-03,3973.0,54.0,0.0,0,412.35,0.0,1,0.73,0.19,SPY230224P00358000,358.0,0,0.0,0.0,,0.0,normalDay
2023-02-06,3973.0,55.0,0.0,0,409.83,0.0,1,0.73,0.18,SPY230224P00358000,358.0,0,0.0,0.0,,0.0,normalDay
2023-02-07,3973.0,61.0,0.0,0,415.19,0.0,1,0.73,0.12,SPY230224P00358000,358.0,0,0.0,0.0,,0.0,normalDay
2023-02-08,3973.0,60.0,0.0,0,410.65,0.0,1,0.73,0.13,SPY230224P00358000,358.0,0,0.0,0.0,,0.0,normalDay
2023-02-09,3973.0,57.0,0.0,0,407.09,0.0,1,0.73,0.16,SPY230224P00358000,358.0,0,0.0,0.0,,0.0,normalDay
2023-02-10,3973.0,61.0,0.0,0,408.04,0.0,1,0.73,0.12,SPY230224P00358000,358.0,0,0.0,0.0,,0.0,normalDay
2023-02-13,3973.0,65.0,0.0,0,412.83,0.0,1,0.73,0.08,SPY230224P00358000,358.0,0,0.0,0.0,,0.0,normalDay
2023-02-14,3973.0,67.0,0.0,0,412.64,0.0,1,0.73,0.06,SPY230224P00358000,358.0,0,0.0,0.0,,0.0,normalDay
2023-02-15,3973.0,68.0,0.0,0,413.98,0.0,1,0.73,0.05,SPY230224P00358000,358.0,0,0.0,0.0,,0.0,normalDay
2023-02-16,3973.0,64.0,0.0,0,408.28,0.0,1,0.73,0.09,SPY230224P00358000,358.0,0,0.0,0.0,,0.0,normalDay
2023-02-17,3973.0,70.0,0.0,0,407.26,0.0,1,0.73,0.03,SPY230224P00358000,358.0,0,0.0,0.0,,0.0,normalDay
2023-02-21,3973.0,70.0,0.0,0,399.09,0.0,1,0.73,0.03,SPY230224P00358000,358.0,0,0.0,0.0,,0.0,normalDay
2023-02-22,3973.0,72.0,0.0,0,398.54,0.0,1,0.73,0.01,SPY230224P00358000,358.0,0,0.0,0.0,,0.0,normalDay
2023-02-23,3973.0,72.0,0.0,0,400.66,0.0,1,0.73,0.01,SPY230224P00358000,358.0,0,0.0,0.0,,0.0,normalDay
2023-02-24,4046.0,0.0,73.0,0,396.38,0.0,1,0.73,0.0,SPY230224P00358000,358.0,0,0.0,0.0,,0.0,expirationDay
2023-02-27,4046.0,-4.0,0.0,0,397.73,0.0,1,3.8,3.84,SPY230331P00381000,381.0,0,0.0,0.0,,0.0,normalDay
2023-02-28,4046.0,-23.0,0.0,0,396.26,0.0,1,3.8,4.03,SPY230331P00381000,381.0,0,0.0,0.0,,0.0,normalDay
2023-03-01,4046.0,-45.0,0.0,0,394.74,0.0,1,3.8,4.25,SPY230331P00381000,381.0,0,0.0,0.0,,0.0,normalDay
2023-03-02,4046.0,57.0,0.0,0,397.81,0.0,1,3.8,3.23,SPY230331P00381000,381.0,0,0.0,0.0,,0.0,normalDay
2023-03-03,4046.0,195.0,0.0,0,404.19,0.0,1,3.8,1.85,SPY230331P00381000,381.0,0,0.0,0.0,,0.0,normalDay
2023-03-06,4046.0,213.0,0.0,0,404.47,0.0,1,3.8,1.67,SPY230331P00381000,381.0,0,0.0,0.0,,0.0,normalDay
2023-03-07,4046.0,113.0,0.0,0,398.27,0.0,1,3.8,2.67,SPY230331P00381000,381.0,0,0.0,0.0,,0.0,normalDay
2023-03-08,4046.0,145.0,0.0,0,398.92,0.0,1,3.8,2.35,SPY230331P00381000,381.0,0,0.0,0.0,,0.0,normalDay
2023-03-09,4046.0,-114.0,0.0,0,391.56,0.0,1,3.8,4.94,SPY230331P00381000,381.0,0,0.0,0.0,,0.0,normalDay
2023-03-10,4046.0,-313.0,0.0,0,385.91,0.0,1,3.8,6.93,SPY230331P00381000,381.0,0,0.0,0.0,,0.0,normalDay
2023-03-13,4046.0,-347.0,0.0,0,385.36,0.0,1,3.8,7.27,SPY230331P00381000,381.0,0,0.0,0.0,,0.0,normalDay
2023-03-14,4046.0,-35.0,0.0,0,391.73,0.0,1,3.8,4.15,SPY230331P00381000,381.0,0,0.0,0.0,,0.0,normalDay
2023-03-15,4046.0,-167.0,0.0,0,389.28,0.0,1,3.8,5.47,SPY230331P00381000,381.0,0,0.0,0.0,,0.0,normalDay
2023-03-16,4046.0,101.0,0.0,0,396.11,0.0,1,3.8,2.79,SPY230331P00381000,381.0,0,0.0,0.0,,0.0,normalDay
2023-03-17,4046.0,-25.0,0.0,0,389.99,0.0,1,3.8,4.05,SPY230331P00381000,381.0,0,0.0,0.0,,0.0,normalDay
2023-03-20,4046.0,114.0,0.0,0,393.74,0.0,1,3.8,2.66,SPY230331P00381000,381.0,0,0.0,0.0,,0.0,normalDay
2023-03-21,4046.0,261.0,0.0,0,398.91,0.0,1,3.8,1.19,SPY230331P00381000,381.0,0,0.0,0.0,,0.0,normalDay
2023-03-22,4046.0,170.0,0.0,0,392.11,0.0,1,3.8,2.1,SPY230331P00381000,381.0,0,0.0,0.0,,0.0,normalDay
2023-03-23,4046.0,205.0,0.0,0,393.17,0.0,1,3.8,1.75,SPY230331P00381000,381.0,0,0.0,0.0,,0.0,normalDay
2023-03-24,4046.0,295.0,0.0,0,395.75,0.0,1,3.8,0.85,SPY230331P00381000,381.0,0,0.0,0.0,,0.0,normalDay
2023-03-27,4046.0,353.0,0.0,0,396.49,0.0,1,3.8,0.27,SPY230331P00381000,381.0,0,0.0,0.0,,0.0,normalDay
2023-03-28,4046.0,366.0,0.0,0,395.6,0.0,1,3.8,0.14,SPY230331P00381000,381.0,0,0.0,0.0,,0.0,normalDay
2023-03-29,4046.0,375.0,0.0,0,401.35,0.0,1,3.8,0.05,SPY230331P00381000,381.0,0,0.0,0.0,,0.0,normalDay
2023-03-30,4046.0,377.0,0.0,0,403.7,0.0,1,3.8,0.03,SPY230331P00381000,381.0,0,0.0,0.0,,0.0,normalDay
2023-03-31,4426.0,0.0,380.0,0,409.39,0.0,1,3.8,0.0,SPY230331P00381000,381.0,0,0.0,0.0,,0.0,expirationDay
2023-04-03,4426.0,-3.0,0.0,0,410.95,0.0,1,0.73,0.76,SPY230505P00368000,368.0,0,0.0,0.0,,0.0,normalDay
2023-04-04,4426.0,-8.0,0.0,0,408.67,0.0,1,0.73,0.81,SPY230505P00368000,368.0,0,0.0,0.0,,0.0,normalDay
2023-04-05,4426.0,-6.0,0.0,0,407.6,0.0,1,0.73,0.79,SPY230505P00368000,368.0,0,0.0,0.0,,0.0,normalDay
2023-04-06,4426.0,12.0,0.0,0,409.19,0.0,1,0.73,0.61,SPY230505P00368000,368.0,0,0.0,0.0,,0.0,normalDay
2023-04-10,4426.0,23.0,0.0,0,409.61,0.0,1,0.73,0.5,SPY230505P00368000,368.0,0,0.0,0.0,,0.0,normalDay
2023-04-11,4426.0,24.0,0.0,0,409.72,0.0,1,0.73,0.49,SPY230505P00368000,368.0,0,0.0,0.0,,0.0,normalDay
2023-04-12,4426.0,23.0,0.0,0,408.05,0.0,1,0.73,0.5,SPY230505P00368000,368.0,0,0.0,0.0,,0.0,normalDay
2023-04-13,4426.0,44.0,0.0,0,413.47,0.0,1,0.73,0.29,SPY230505P00368000,368.0,0,0.0,0.0,,0.0,normalDay
2023-04-14,4426.0,49.0,0.0,0,412.46,0.0,1,0.73,0.24,SPY230505P00368000,368.0,0,0.0,0.0,,0.0,normalDay
2023-04-17,4426.0,54.0,0.0,0,413.94,0.0,1,0.73,0.19,SPY230505P00368000,368.0,0,0.0,0.0,,0.0,normalDay
2023-04-18,4426.0,54.0,0.0,0,414.21,0.0,1,0.73,0.19,SPY230505P00368000,368.0,0,0.0,0.0,,0.0,normalDay
2023-04-19,4426.0,58.0,0.0,0,414.14,0.0,1,0.73,0.15,SPY230505P00368000,368.0,0,0.0,0.0,,0.0,normalDay
2023-04-20,4426.0,56.0,0.0,0,411.88,0.0,1,0.73,0.17,SPY230505P00368000,368.0,0,0.0,0.0,,0.0,normalDay
2023-04-21,4426.0,59.0,0.0,0,412.2,0.0,1,0.73,0.14,SPY230505P00368000,368.0,0,0.0,0.0,,0.0,normalDay
2023-04-24,4426.0,65.0,0.0,0,412.63,0.0,1,0.73,0.08,SPY230505P00368000,368.0,0,0.0,0.0,,0.0,normalDay
2023-04-25,4426.0,60.0,0.0,0,406.08,0.0,1,0.73,0.13,SPY230505P00368000,368.0,0,0.0,0.0,,0.0,normalDay
2023-04-26,4426.0,62.0,0.0,0,404.36,0.0,1,0.73,0.11,SPY230505P00368000,368.0,0,0.0,0.0,,0.0,normalDay
2023-04-27,4426.0,68.0,0.0,0,412.41,0.0,1,0.73,0.05,SPY230505P00368000,368.0,0,0.0,0.0,,0.0,normalDay
2023-04-28,4426.0,69.0,0.0,0,415.93,0.0,1,0.73,0.04,SPY230505P00368000,368.0,0,0.0,0.0,,0.0,normalDay
2023-05-01,4426.0,70.0,0.0,0,415.51,0.0,1,0.73,0.03,SPY230505P00368000,368.0,0,0.0,0.0,,0.0,normalDay
2023-05-02,4426.0,70.0,0.0,0,410.84,0.0,1,0.73,0.03,SPY230505P00368000,368.0,0,0.0,0.0,,0.0,normalDay
2023-05-03,4426.0,71.0,0.0,0,408.02,0.0,1,0.73,0.02,SPY230505P00368000,368.0,0,0.0,0.0,,0.0,normalDay
2023-05-04,4426.0,72.0,0.0,0,405.13,0.0,1,0.73,0.01,SPY230505P00368000,368.0,0,0.0,0.0,,0.0,normalDay
2023-05-05,4499.0,0.0,73.0,0,412.63,0.0,1,0.73,0.0,SPY230505P00368000,368.0,0,0.0,0.0,,0.0,expirationDay
2023-05-08,4499.0,-3.0,0.0,0,412.74,0.0,1,2.96,2.99,SPY230609P00397500,397.5,0,0.0,0.0,,0.0,normalDay
2023-05-09,4499.0,-36.0,0.0,0,410.93,0.0,1,2.96,3.32,SPY230609P00397500,397.5,0,0.0,0.0,,0.0,normalDay
2023-05-10,4499.0,35.0,0.0,0,412.85,0.0,1,2.96,2.61,SPY230609P00397500,397.5,0,0.0,0.0,,0.0,normalDay
2023-05-11,4499.0,33.0,0.0,0,412.13,0.0,1,2.96,2.63,SPY230609P00397500,397.5,0,0.0,0.0,,0.0,normalDay
2023-05-12,4499.0,35.0,0.0,0,411.59,0.0,1,2.96,2.61,SPY230609P00397500,397.5,0,0.0,0.0,,0.0,normalDay
2023-05-15,4499.0,91.0,0.0,0,413.01,0.0,1,2.96,2.05,SPY230609P00397500,397.5,0,0.0,0.0,,0.0,normalDay
2023-05-16,4499.0,40.0,0.0,0,410.25,0.0,1,2.96,2.56,SPY230609P00397500,397.5,0,0.0,0.0,,0.0,normalDay
2023-05-17,4499.0,141.0,0.0,0,415.23,0.0,1,2.96,1.55,SPY230609P00397500,397.5,0,0.0,0.0,,0.0,normalDay
2023-05-18,4499.0,197.0,0.0,0,419.23,0.0,1,2.96,0.99,SPY230609P00397500,397.5,0,0.0,0.0,,0.0,normalDay
2023-05-19,4499.0,188.0,0.0,0,418.62,0.0,1,2.96,1.08,SPY230609P00397500,397.5,0,0.0,0.0,,0.0,normalDay
2023-05-22,4499.0,197.0,0.0,0,418.79,0.0,1,2.96,0.99,SPY230609P00397500,397.5,0,0.0,0.0,,0.0,normalDay
2023-05-23,4499.0,140.0,0.0,0,414.09,0.0,1,2.96,1.56,SPY230609P00397500,397.5,0,0.0,0.0,,0.0,normalDay
2023-05-24,4499.0,82.0,0.0,0,411.09,0.0,1,2.96,2.14,SPY230609P00397500,397.5,0,0.0,0.0,,0.0,normalDay
2023-05-25,4499.0,156.0,0.0,0,414.65,0.0,1,2.96,1.4,SPY230609P00397500,397.5,0,0.0,0.0,,0.0,normalDay
2023-05-26,4499.0,216.0,0.0,0,420.02,0.0,1,2.96,0.8,SPY230609P00397500,397.5,0,0.0,0.0,,0.0,normalDay
2023-05-30,4499.0,259.0,0.0,0,420.18,0.0,1,2.96,0.37,SPY230609P00397500,397.5,0,0.0,0.0,,0.0,normalDay
2023-05-31,4499.0,260.0,0.0,0,417.85,0.0,1,2.96,0.36,SPY230609P00397500,397.5,0,0.0,0.0,,0.0,normalDay
2023-06-01,4499.0,280.0,0.0,0,421.82,0.0,1,2.96,0.16,SPY230609P00397500,397.5,0,0.0,0.0,,0.0,normalDay
2023-06-02,4499.0,290.0,0.0,0,427.92,0.0,1,2.96,0.06,SPY230609P00397500,397.5,0,0.0,0.0,,0.0,normalDay
2023-06-05,4499.0,292.0,0.0,0,427.1,0.0,1,2.96,0.04,SPY230609P00397500,397.5,0,0.0,0.0,,0.0,normalDay
2023-06-06,4499.0,293.0,0.0,0,428.03,0.0,1,2.96,0.03,SPY230609P00397500,397.5,0,0.0,0.0,,0.0,normalDay
2023-06-07,4499.0,293.0,0.0,0,426.55,0.0,1,2.96,0.03,SPY230609P00397500,397.5,0,0.0,0.0,,0.0,normalDay
2023-06-08,4499.0,294.0,0.0,0,429.13,0.0,1,2.96,0.02,SPY230609P00397500,397.5,0,0.0,0.0,,0.0,normalDay
2023-06-09,4795.0,0.0,296.0,0,429.9,0.0,1,2.96,0.0,SPY230609P00397500,397.5,0,0.0,0.0,,0.0,expirationDay
2023-06-12,4795.0,-3.0,0.0,0,433.8,0.0,1,0.61,0.64,SPY230714P00392000,392.0,0,0.0,0.0,,0.0,normalDay
2023-06-13,4795.0,8.0,0.0,0,436.66,0.0,1,0.61,0.53,SPY230714P00392000,392.0,0,0.0,0.0,,0.0,normalDay
2023-06-14,4795.0,20.0,0.0,0,437.18,0.0,1,0.61,0.41,SPY230714P00392000,392.0,0,0.0,0.0,,0.0,normalDay
2023-06-15,4795.0,24.0,0.0,0,442.6,0.0,1,0.61,0.37,SPY230714P00392000,392.0,0,0.0,0.0,,0.0,normalDay
2023-06-16,4795.0,34.0,0.0,0,439.46,0.0,1,0.61,0.27,SPY230714P00392000,392.0,0,0.0,0.0,,0.0,normalDay
2023-06-20,4795.0,37.0,0.0,0,437.18,0.0,1,0.61,0.24,SPY230714P00392000,392.0,0,0.0,0.0,,0.0,normalDay
2023-06-21,4795.0,39.0,0.0,0,434.94,0.0,1,0.61,0.22,SPY230714P00392000,392.0,0,0.0,0.0,,0.0,normalDay
2023-06-22,4795.0,44.0,0.0,0,436.51,0.0,1,0.61,0.17,SPY230714P00392000,392.0,0,0.0,0.0,,0.0,normalDay
2023-06-23,4795.0,39.0,0.0,0,433.21,0.0,1,0.61,0.22,SPY230714P00392000,392.0,0,0.0,0.0,,0.0,normalDay
2023-06-26,4795.0,38.0,0.0,0,431.44,0.0,1,0.61,0.23,SPY230714P00392000,392.0,0,0.0,0.0,,0.0,normalDay
2023-06-27,4795.0,45.0,0.0,0,436.17,0.0,1,0.61,0.16,SPY230714P00392000,392.0,0,0.0,0.0,,0.0,normalDay
2023-06-28,4795.0,49.0,0.0,0,436.39,0.0,1,0.61,0.12,SPY230714P00392000,392.0,0,0.0,0.0,,0.0,normalDay
2023-06-29,4795.0,49.0,0.0,0,438.11,0.0,1,0.61,0.12,SPY230714P00392000,392.0,0,0.0,0.0,,0.0,normalDay
2023-06-30,4795.0,50.0,0.0,0,443.28,0.0,1,0.61,0.11,SPY230714P00392000,392.0,0,0.0,0.0,,0.0,normalDay
2023-07-03,4795.0,53.0,0.0,0,443.79,0.0,1,0.61,0.08,SPY230714P00392000,392.0,0,0.0,0.0,,0.0,normalDay
2023-07-05,4795.0,55.0,0.0,0,443.13,0.0,1,0.61,0.06,SPY230714P00392000,392.0,0,0.0,0.0,,0.0,normalDay
2023-07-06,4795.0,54.0,0.0,0,439.66,0.0,1,0.61,0.07,SPY230714P00392000,392.0,0,0.0,0.0,,0.0,normalDay
2023-07-07,4795.0,57.0,0.0,0,438.55,0.0,1,0.61,0.04,SPY230714P00392000,392.0,0,0.0,0.0,,0.0,normalDay
2023-07-10,4795.0,58.0,0.0,0,439.66,0.0,1,0.61,0.03,SPY230714P00392000,392.0,0,0.0,0.0,,0.0,normalDay
2023-07-11,4795.0,59.0,0.0,0,442.46,0.0,1,0.61,0.02,SPY230714P00392000,392.0,0,0.0,0.0,,0.0,normalDay
2023-07-12,4795.0,60.0,0.0,0,446.02,0.0,1,0.61,0.01,SPY230714P00392000,392.0,0,0.0,0.0,,0.0,normalDay
2023-07-13,4795.0,60.0,0.0,0,449.56,0.0,1,0.61,0.01,SPY230714P00392000,392.0,0,0.0,0.0,,0.0,normalDay
2023-07-14,4856.0,0.0,61.0,0,449.28,0.0,1,0.61,0.0,SPY230714P00392000,392.0,0,0.0,0.0,,0.0,expirationDay
2023-07-17,4856.0,-3.0,0.0,0,450.84,0.0,1,0.66,0.69,SPY230818P00418000,418.0,0,0.0,0.0,,0.0,normalDay
2023-07-18,4856.0,13.0,0.0,0,454.19,0.0,1,0.66,0.53,SPY230818P00418000,418.0,0,0.0,0.0,,0.0,normalDay
2023-07-19,4856.0,10.0,0.0,0,455.2,0.0,1,0.66,0.56,SPY230818P00418000,418.0,0,0.0,0.0,,0.0,normalDay
2023-07-20,4856.0,3.0,0.0,0,452.18,0.0,1,0.66,0.63,SPY230818P00418000,418.0,0,0.0,0.0,,0.0,normalDay
2023-07-21,4856.0,10.0,0.0,0,452.18,0.0,1,0.66,0.56,SPY230818P00418000,418.0,0,0.0,0.0,,0.0,normalDay
2023-07-24,4856.0,20.0,0.0,0,454.2,0.0,1,0.66,0.46,SPY230818P00418000,418.0,0,0.0,0.0,,0.0,normalDay
2023-07-25,4856.0,26.0,0.0,0,455.44,0.0,1,0.66,0.4,SPY230818P00418000,418.0,0,0.0,0.0,,0.0,normalDay
2023-07-26,4856.0,35.0,0.0,0,455.51,0.0,1,0.66,0.31,SPY230818P00418000,418.0,0,0.0,0.0,,0.0,normalDay
2023-07-27,4856.0,19.0,0.0,0,452.49,0.0,1,0.66,0.47,SPY230818P00418000,418.0,0,0.0,0.0,,0.0,normalDay
2023-07-28,4856.0,41.0,0.0,0,456.92,0.0,1,0.66,0.25,SPY230818P00418000,418.0,0,0.0,0.0,,0.0,normalDay
2023-07-31,4856.0,45.0,0.0,0,457.79,0.0,1,0.66,0.21,SPY230818P00418000,418.0,0,0.0,0.0,,0.0,normalDay
2023-08-01,4856.0,45.0,0.0,0,456.48,0.0,1,0.66,0.21,SPY230818P00418000,418.0,0,0.0,0.0,,0.0,normalDay
2023-08-02,4856.0,24.0,0.0,0,450.13,0.0,1,0.66,0.42,SPY230818P00418000,418.0,0,0.0,0.0,,0.0,normalDay
2023-08-03,4856.0,28.0,0.0,0,448.84,0.0,1,0.66,0.38,SPY230818P00418000,418.0,0,0.0,0.0,,0.0,normalDay
2023-08-04,4856.0,15.0,0.0,0,446.81,0.0,1,0.66,0.51,SPY230818P00418000,418.0,0,0.0,0.0,,0.0,normalDay
2023-08-07,4856.0,43.0,0.0,0,450.71,0.0,1,0.66,0.23,SPY230818P00418000,418.0,0,0.0,0.0,,0.0,normalDay
2023-08-08,4856.0,45.0,0.0,0,448.75,0.0,1,0.66,0.21,SPY230818P00418000,418.0,0,0.0,0.0,,0.0,normalDay
2023-08-09,4856.0,46.0,0.0,0,445.75,0.0,1,0.66,0.2,SPY230818P00418000,418.0,0,0.0,0.0,,0.0,normalDay
2023-08-10,4856.0,48.0,0.0,0,445.91,0.0,1,0.66,0.18,SPY230818P00418000,418.0,0,0.0,0.0,,0.0,normalDay
2023-08-11,4856.0,57.0,0.0,0,445.65,0.0,1,0.66,0.09,SPY230818P00418000,418.0,0,0.0,0.0,,0.0,normalDay
2023-08-14,4856.0,61.0,0.0,0,448.11,0.0,1,0.66,0.05,SPY230818P00418000,418.0,0,0.0,0.0,,0.0,normalDay
2023-08-15,4856.0,59.0,0.0,0,442.89,0.0,1,0.66,0.07,SPY230818P00418000,418.0,0,0.0,0.0,,0.0,normalDay
2023-08-16,4856.0,62.0,0.0,0,439.64,0.0,1,0.66,0.04,SPY230818P00418000,418.0,0,0.0,0.0,,0.0,normalDay
2023-08-17,4856.0,62.0,0.0,0,436.29,0.0,1,0.66,0.04,SPY230818P00418000,418.0,0,0.0,0.0,,0.0,normalDay
2023-08-18,4922.0,0.0,66.0,0,436.5,0.0,1,0.66,0.0,SPY230818P00418000,418.0,0,0.0,0.0,,0.0,expirationDay
2023-08-21,4922.0,-4.0,0.0,0,439.34,0.0,1,2.81,2.85,SPY230922P00421000,421.0,0,0.0,0.0,,0.0,normalDay
2023-08-22,4922.0,-1.0,0.0,0,438.15,0.0,1,2.81,2.82,SPY230922P00421000,421.0,0,0.0,0.0,,0.0,normalDay
2023-08-23,4922.0,91.0,0.0,0,443.03,0.0,1,2.81,1.9,SPY230922P00421000,421.0,0,0.0,0.0,,0.0,normalDay
2023-08-24,4922.0,-14.0,0.0,0,436.89,0.0,1,2.81,2.95,SPY230922P00421000,421.0,0,0.0,0.0,,0.0,normalDay
2023-08-25,4922.0,81.0,0.0,0,439.97,0.0,1,2.81,2.0,SPY230922P00421000,421.0,0,0.0,0.0,,0.0,normalDay
2023-08-28,4922.0,147.0,0.0,0,442.76,0.0,1,2.81,1.34,SPY230922P00421000,421.0,0,0.0,0.0,,0.0,normalDay
2023-08-29,4922.0,205.0,0.0,0,449.16,0.0,1,2.81,0.76,SPY230922P00421000,421.0,0,0.0,0.0,,0.0,normalDay
2023-08-30,4922.0,223.0,0.0,0,451.01,0.0,1,2.81,0.58,SPY230922P00421000,421.0,0,0.0,0.0,,0.0,normalDay
2023-08-31,4922.0,232.0,0.0,0,450.35,0.0,1,2.81,0.49,SPY230922P00421000,421.0,0,0.0,0.0,,0.0,normalDay
2023-09-01,4922.0,238.0,0.0,0,451.19,0.0,1,2.81,0.43,SPY230922P00421000,421.0,0,0.0,0.0,,0.0,normalDay
2023-09-05,4922.0,236.0,0.0,0,449.24,0.0,1,2.81,0.45,SPY230922P00421000,421.0,0,0.0,0.0,,0.0,normalDay
2023-09-06,4922.0,227.0,0.0,0,446.22,0.0,1,2.81,0.54,SPY230922P00421000,421.0,0,0.0,0.0,,0.0,normalDay
2023-09-07,4922.0,230.0,0.0,0,444.85,0.0,1,2.81,0.51,SPY230922P00421000,421.0,0,0.0,0.0,,0.0,normalDay
2023-09-08,4922.0,246.0,0.0,0,445.52,0.0,1,2.81,0.35,SPY230922P00421000,421.0,0,0.0,0.0,,0.0,normalDay
2023-09-11,4922.0,260.0,0.0,0,448.45,0.0,1,2.81,0.21,SPY230922P00421000,421.0,0,0.0,0.0,,0.0,normalDay
2023-09-12,4922.0,257.0,0.0,0,445.99,0.0,1,2.81,0.24,SPY230922P00421000,421.0,0,0.0,0.0,,0.0,normalDay
2023-09-13,4922.0,268.0,0.0,0,446.51,0.0,1,2.81,0.13,SPY230922P00421000,421.0,0,0.0,0.0,,0.0,normalDay
2023-09-14,4922.0,271.0,0.0,0,450.36,0.0,1,2.81,0.1,SPY230922P00421000,421.0,0,0.0,0.0,,0.0,normalDay
2023-09-15,4922.0,271.0,0.0,0,443.37,0.0,1,2.81,0.1,SPY230922P00421000,421.0,0,0.0,0.0,,0.0,normalDay
2023-09-18,4922.0,276.0,0.0,0,443.63,0.0,1,2.81,0.05,SPY230922P00421000,421.0,0,0.0,0.0,,0.0,normalDay
2023-09-19,4922.0,275.0,0.0,0,442.71,0.0,1,2.81,0.06,SPY230922P00421000,421.0,0,0.0,0.0,,0.0,normalDay
2023-09-20,4922.0,276.0,0.0,0,438.64,0.0,1,2.81,0.05,SPY230922P00421000,421.0,0,0.0,0.0,,0.0,normalDay
2023-09-21,4922.0,271.0,0.0,0,431.39,0.0,1,2.81,0.1,SPY230922P00421000,421.0,0,0.0,0.0,,0.0,normalDay
2023-09-22,5203.0,0.0,281.0,0,430.42,0.0,1,2.81,0.0,SPY230922P00421000,421.0,0,0.0,0.0,,0.0,expirationDay
2023-09-25,5203.0,-3.0,0.0,0,432.23,0.0,1,2.94,2.97,SPY231027P00418000,418.0,0,0.0,0.0,,0.0,normalDay
2023-09-26,5203.0,-187.0,0.0,0,425.88,0.0,1,2.94,4.81,SPY231027P00418000,418.0,0,0.0,0.0,,0.0,normalDay
2023-09-27,5203.0,-144.0,0.0,0,426.05,0.0,1,2.94,4.38,SPY231027P00418000,418.0,0,0.0,0.0,,0.0,normalDay
2023-09-28,5203.0,-64.0,0.0,0,428.52,0.0,1,2.94,3.58,SPY231027P00418000,418.0,0,0.0,0.0,,0.0,normalDay
2023-09-29,5203.0,-78.0,0.0,0,427.48,0.0,1,2.94,3.72,SPY231027P00418000,418.0,0,0.0,0.0,,0.0,normalDay
2023-10-02,5203.0,-49.0,0.0,0,427.31,0.0,1,2.94,3.43,SPY231027P00418000,418.0,0,0.0,0.0,,0.0,normalDay
2023-10-03,5203.0,-257.0,0.0,0,421.59,0.0,1,2.94,5.51,SPY231027P00418000,418.0,0,0.0,0.0,,0.0,normalDay
2023-10-04,5203.0,-125.0,0.0,0,424.66,0.0,1,2.94,4.19,SPY231027P00418000,418.0,0,0.0,0.0,,0.0,normalDay
2023-10-05,5203.0,-120.0,0.0,0,424.5,0.0,1,2.94,4.14,SPY231027P00418000,418.0,0,0.0,0.0,,0.0,normalDay
2023-10-06,5203.0,63.0,0.0,0,429.54,0.0,1,2.94,2.31,SPY231027P00418000,418.0,0,0.0,0.0,,0.0,normalDay
2023-10-09,5203.0,121.0,0.0,0,432.29,0.0,1,2.94,1.73,SPY231027P00418000,418.0,0,0.0,0.0,,0.0,normalDay
2023-10-10,5203.0,167.0,0.0,0,434.54,0.0,1,2.94,1.27,SPY231027P00418000,418.0,0,0.0,0.0,,0.0,normalDay
2023-10-11,5203.0,210.0,0.0,0,436.32,0.0,1,2.94,0.84,SPY231027P00418000,418.0,0,0.0,0.0,,0.0,normalDay
2023-10-12,5203.0,185.0,0.0,0,433.66,0.0,1,2.94,1.09,SPY231027P00418000,418.0,0,0.0,0.0,,0.0,normalDay
2023-10-13,5203.0,120.0,0.0,0,431.5,0.0,1,2.94,1.74,SPY231027P00418000,418.0,0,0.0,0.0,,0.0,normalDay
2023-10-16,5203.0,225.0,0.0,0,436.04,0.0,1,2.94,0.69,SPY231027P00418000,418.0,0,0.0,0.0,,0.0,normalDay
2023-10-17,5203.0,225.0,0.0,0,436.02,0.0,1,2.94,0.69,SPY231027P00418000,418.0,0,0.0,0.0,,0.0,normalDay
2023-10-18,5203.0,178.0,0.0,0,430.21,0.0,1,2.94,1.16,SPY231027P00418000,418.0,0,0.0,0.0,,0.0,normalDay
2023-10-19,5203.0,67.0,0.0,0,426.43,0.0,1,2.94,2.27,SPY231027P00418000,418.0,0,0.0,0.0,,0.0,normalDay
2023-10-20,5203.0,4.0,0.0,0,421.19,0.0,1,2.94,2.9,SPY231027P00418000,418.0,0,0.0,0.0,,0.0,normalDay
2023-10-23,5203.0,80.0,0.0,0,420.46,0.0,1,2.94,2.14,SPY231027P00418000,418.0,0,0.0,0.0,,0.0,normalDay
2023-10-24,5203.0,207.0,0.0,0,423.63,0.0,1,2.94,0.87,SPY231027P00418000,418.0,0,0.0,0.0,,0.0,normalDay
2023-10-25,5203.0,36.0,0.0,0,417.55,0.0,1,2.94,2.58,SPY231027P00418000,418.0,0,0.0,0.0,,0.0,normalDay
2023-10-26,5203.0,-248.0,0.0,0,412.55,0.0,1,2.94,5.42,SPY231027P00418000,418.0,0,0.0,0.0,,0.0,normalDay
2023-10-27,5497.0,-732.0,294.0,100,410.68,418.0,1,2.94,0.0,SPY231027P00418000,418.0,0,0.0,0.0,,0.0,expirationDay
2023-10-30,5497.0,-241.0,0.0,100,415.59,418.0,0,0.0,0.0,,0.0,0,0.0,0.0,,0.0,bidTooLow
2023-10-31,5497.0,20.0,0.0,100,418.2,418.0,0,0.0,0.0,,0.0,0,0.0,0.0,,0.0,bidTooLow
2023-11-01,5497.0,466.0,0.0,100,422.66,418.0,0,0.0,0.0,,0.0,0,0.0,0.0,,0.0,bidTooLow
2023-11-02,5497.0,1273.0,0.0,100,430.76,418.0,0,0.0,0.0,,0.0,1,0.07,0.1,SPY231113C00447000,447.0,normalDay
2023-11-03,5497.0,1657.0,0.0,100,434.69,418.0,0,0.0,0.0,,0.0,1,0.07,0.19,SPY231113C00447000,447.0,normalDay
2023-11-06,5497.0,1768.0,0.0,100,435.69,418.0,0,0.0,0.0,,0.0,1,0.07,0.08,SPY231113C00447000,447.0,normalDay
2023-11-07,5497.0,1890.0,0.0,100,436.93,418.0,0,0.0,0.0,,0.0,1,0.07,0.1,SPY231113C00447000,447.0,normalDay
2023-11-08,5497.0,1927.0,0.0,100,437.25,418.0,0,0.0,0.0,,0.0,1,0.07,0.05,SPY231113C00447000,447.0,normalDay
2023-11-09,5497.0,1589.0,0.0,100,433.84,418.0,0,0.0,0.0,,0.0,1,0.07,0.02,SPY231113C00447000,447.0,normalDay
2023-11-10,5497.0,2265.0,0.0,100,440.61,418.0,0,0.0,0.0,,0.0,1,0.07,0.03,SPY231113C00447000,447.0,normalDay
2023-11-13,5504.0,2219.0,7.0,100,440.19,418.0,0,0.0,0.0,,0.0,1,0.07,0.0,SPY231113C00447000,447.0,expirationDay
2023-11-14,5504.0,3070.0,0.0,100,448.73,418.0,0,0.0,0.0,,0.0,1,1.18,1.21,SPY231124C00455000,455.0,normalDay
2023-11-15,5504.0,3187.0,0.0,100,449.68,418.0,0,0.0,0.0,,0.0,1,1.18,0.99,SPY231124C00455000,455.0,normalDay
2023-11-16,5504.0,3247.0,0.0,100,450.23,418.0,0,0.0,0.0,,0.0,1,1.18,0.94,SPY231124C00455000,455.0,normalDay
2023-11-17,5504.0,3325.0,0.0,100,450.79,418.0,0,0.0,0.0,,0.0,1,1.18,0.72,SPY231124C00455000,455.0,normalDay
2023-11-20,5504.0,3594.0,0.0,100,454.26,418.0,0,0.0,0.0,,0.0,1,1.18,1.5,SPY231124C00455000,455.0,normalDay
2023-11-21,5504.0,3554.0,0.0,100,453.27,418.0,0,0.0,0.0,,0.0,1,1.18,0.91,SPY231124C00455000,455.0,normalDay
2023-11-22,5504.0,3739.0,0.0,100,455.02,418.0,0,0.0,0.0,,0.0,1,1.18,0.81,SPY231124C00455000,455.0,normalDay
2023-11-24,9322.0,3739.0,3818.0,0,455.3,0.0,0,0.0,0.0,,0.0,1,1.18,0.0,SPY231124C00455000,455.0,expirationDay
2023-11-27,9322.0,-3.0,0.0,0,454.48,0.0,1,0.2,0.23,SPY231229P00390000,390.0,0,0.0,0.0,,0.0,normalDay
2023-11-28,9322.0,-2.0,0.0,0,454.93,0.0,1,0.2,0.22,SPY231229P00390000,390.0,0,0.0,0.0,,0.0,normalDay
2023-11-29,9322.0,-2.0,0.0,0,454.61,0.0,1,0.2,0.22,SPY231229P00390000,390.0,0,0.0,0.0,,0.0,normalDay
2023-11-30,9322.0,0.0,0.0,0,456.4,0.0,1,0.2,0.2,SPY231229P00390000,390.0,0,0.0,0.0,,0.0,normalDay
