date,totalCapital,unrializedPnL,rializedPnL,stocksOwned,stocksPriceToday,stocksPriceBoughtAt,putOwned,putOwnedSoldAt,putPriceToday,putOwnedContract,putOwnedStrike,callOwned,callOwnedSoldAt,callPriceToday,callOwnedContract,callOwnedStrike,trackType
2018-11-01,0.0,0.0,0.0,0,273.51,0.0,0,0.0,0.0,,0.0,0,0.0,0.0,,0.0,bidTooLow
2018-11-02,0.0,0.0,0.0,0,271.89,0.0,0,0.0,0.0,,0.0,0,0.0,0.0,,0.0,bidTooLow
2018-11-05,0.0,-3.0,0.0,0,273.39,0.0,1,0.04,0.07,SPY181107P00258500,258.5,0,0.0,0.0,,0.0,normalDay
2018-11-06,0.0,1.0,0.0,0,275.12,0.0,1,0.04,0.03,SPY181107P00258500,258.5,0,0.0,0.0,,0.0,normalDay
2018-11-07,4.0,0.0,4.0,0,281.01,0.0,1,0.04,0.0,SPY181107P00258500,258.5,0,0.0,0.0,,0.0,expirationDay
2018-11-08,4.0,0.0,0.0,0,280.5,0.0,0,0.0,0.0,,0.0,0,0.0,0.0,,0.0,bidTooLow
2018-11-09,4.0,0.0,0.0,0,277.76,0.0,0,0.0,0.0,,0.0,0,0.0,0.0,,0.0,bidTooLow
2018-11-12,4.0,-3.0,0.0,0,272.57,0.0,1,0.07,0.1,SPY181114P00260000,260.0,0,0.0,0.0,,0.0,normalDay
2018-11-13,4.0,5.0,0.0,0,272.06,0.0,1,0.07,0.02,SPY181114P00260000,260.0,0,0.0,0.0,,0.0,normalDay
2018-11-14,11.0,0.0,7.0,0,270.2,0.0,1,0.07,0.0,SPY181114P00260000,260.0,0,0.0,0.0,,0.0,expirationDay
2018-11-15,11.0,0.0,0.0,0,273.02,0.0,0,0.0,0.0,,0.0,0,0.0,0.0,,0.0,bidTooLow
2018-11-16,11.0,0.0,0.0,0,273.73,0.0,0,0.0,0.0,,0.0,0,0.0,0.0,,0.0,bidTooLow
2018-11-19,11.0,-3.0,0.0,0,269.1,0.0,1,0.1,0.13,SPY181121P00260000,260.0,0,0.0,0.0,,0.0,normalDay
2018-11-20,11.0,-30.0,0.0,0,264.12,0.0,1,0.1,0.4,SPY181121P00260000,260.0,0,0.0,0.0,,0.0,normalDay
2018-11-21,21.0,0.0,10.0,0,265.02,0.0,1,0.1,0.0,SPY181121P00260000,260.0,0,0.0,0.0,,0.0,expirationDay
2018-11-23,21.0,-5.0,0.0,0,263.25,0.0,1,0.27,0.32,SPY181126P00258000,258.0,0,0.0,0.0,,0.0,normalDay
2018-11-26,48.0,0.0,27.0,0,267.5,0.0,1,0.27,0.0,SPY181126P00258000,258.0,0,0.0,0.0,,0.0,expirationDay
2018-11-27,48.0,-3.0,0.0,0,268.4,0.0,1,0.14,0.17,SPY181130P00259000,259.0,0,0.0,0.0,,0.0,normalDay
2018-11-28,48.0,11.0,0.0,0,274.58,0.0,1,0.14,0.03,SPY181130P00259000,259.0,0,0.0,0.0,,0.0,normalDay
2018-11-29,48.0,13.0,0.0,0,273.98,0.0,1,0.14,0.01,SPY181130P00259000,259.0,0,0.0,0.0,,0.0,normalDay
2018-11-30,62.0,0.0,14.0,0,275.65,0.0,1,0.14,0.0,SPY181130P00259000,259.0,0,0.0,0.0,,0.0,expirationDay
2018-12-03,62.0,0.0,0.0,0,279.3,0.0,0,0.0,0.0,,0.0,0,0.0,0.0,,0.0,bidTooLow
2018-12-04,62.0,-4.0,0.0,0,270.25,0.0,1,0.24,0.28,SPY181207P00259000,259.0,0,0.0,0.0,,0.0,normalDay
2018-12-06,62.0,20.0,0.0,0,269.84,0.0,1,0.24,0.04,SPY181207P00259000,259.0,0,0.0,0.0,,0.0,normalDay
2018-12-07,86.0,0.0,24.0,0,263.57,0.0,1,0.24,0.0,SPY181207P00259000,259.0,0,0.0,0.0,,0.0,expirationDay
2018-12-10,86.0,-5.0,0.0,0,264.07,0.0,1,0.43,0.48,SPY181212P00258000,258.0,0,0.0,0.0,,0.0,normalDay
2018-12-11,86.0,22.0,0.0,0,264.13,0.0,1,0.43,0.21,SPY181212P00258000,258.0,0,0.0,0.0,,0.0,normalDay
2018-12-12,129.0,0.0,43.0,0,265.46,0.0,1,0.43,0.0,SPY181212P00258000,258.0,0,0.0,0.0,,0.0,expirationDay
2018-12-13,129.0,-3.0,0.0,0,265.37,0.0,1,0.01,0.04,SPY181214P00256500,256.5,0,0.0,0.0,,0.0,normalDay
2018-12-14,130.0,0.0,1.0,0,260.47,0.0,1,0.01,0.0,SPY181214P00256500,256.5,0,0.0,0.0,,0.0,expirationDay
2018-12-17,130.0,-6.0,0.0,0,255.36,0.0,1,1.44,1.5,SPY181219P00253000,253.0,0,0.0,0.0,,0.0,normalDay
2018-12-18,130.0,-14.0,0.0,0,255.08,0.0,1,1.44,1.58,SPY181219P00253000,253.0,0,0.0,0.0,,0.0,normalDay
2018-12-19,274.0,-174.0,144.0,100,251.26,253.0,1,1.44,0.0,SPY181219P00253000,253.0,0,0.0,0.0,,0.0,expirationDay
2018-12-20,274.0,-589.0,0.0,100,247.17,253.0,0,0.0,0.0,,0.0,1,0.66,0.72,SPY190118C00266000,266.0,normalDay
2018-12-21,274.0,-1194.0,0.0,100,240.7,253.0,0,0.0,0.0,,0.0,1,0.66,0.3,SPY190118C00266000,266.0,normalDay
2018-12-24,274.0,-1818.0,0.0,100,234.34,253.0,0,0.0,0.0,,0.0,1,0.66,0.18,SPY190118C00266000,266.0,normalDay
2018-12-26,274.0,-681.0,0.0,100,246.18,253.0,0,0.0,0.0,,0.0,1,0.66,0.65,SPY190118C00266000,266.0,normalDay
2018-12-27,274.0,-514.0,0.0,100,248.07,253.0,0,0.0,0.0,,0.0,1,0.66,0.87,SPY190118C00266000,266.0,normalDay
2018-12-28,274.0,-513.0,0.0,100,247.75,253.0,0,0.0,0.0,,0.0,1,0.66,0.54,SPY190118C00266000,266.0,normalDay
2018-12-31,274.0,-279.0,0.0,100,249.92,253.0,0,0.0,0.0,,0.0,1,0.66,0.37,SPY190118C00266000,266.0,normalDay
2019-01-02,274.0,-230.0,0.0,100,250.18,253.0,0,0.0,0.0,,0.0,1,0.66,0.14,SPY190118C00266000,266.0,normalDay
2019-01-03,274.0,-818.0,0.0,100,244.21,253.0,0,0.0,0.0,,0.0,1,0.66,0.05,SPY190118C00266000,266.0,normalDay
2019-01-04,274.0,-16.0,0.0,100,252.39,253.0,0,0.0,0.0,,0.0,1,0.66,0.21,SPY190118C00266000,266.0,normalDay
2019-01-07,274.0,179.0,0.0,100,254.38,253.0,0,0.0,0.0,,0.0,1,0.66,0.25,SPY190118C00266000,266.0,normalDay
2019-01-08,274.0,410.0,0.0,100,256.77,253.0,0,0.0,0.0,,0.0,1,0.66,0.33,SPY190118C00266000,266.0,normalDay
2019-01-09,274.0,531.0,0.0,100,257.97,253.0,0,0.0,0.0,,0.0,1,0.66,0.32,SPY190118C00266000,266.0,normalDay
2019-01-10,274.0,618.0,0.0,100,258.88,253.0,0,0.0,0.0,,0.0,1,0.66,0.36,SPY190118C00266000,266.0,normalDay
2019-01-11,274.0,645.0,0.0,100,258.98,253.0,0,0.0,0.0,,0.0,1,0.66,0.19,SPY190118C00266000,266.0,normalDay
2019-01-14,274.0,500.0,0.0,100,257.4,253.0,0,0.0,0.0,,0.0,1,0.66,0.06,SPY190118C00266000,266.0,normalDay
2019-01-15,274.0,788.0,0.0,100,260.35,253.0,0,0.0,0.0,,0.0,1,0.66,0.13,SPY190118C00266000,266.0,normalDay
2019-01-16,274.0,853.0,0.0,100,260.98,253.0,0,0.0,0.0,,0.0,1,0.66,0.11,SPY190118C00266000,266.0,normalDay
2019-01-17,274.0,1044.0,0.0,100,262.96,253.0,0,0.0,0.0,,0.0,1,0.66,0.18,SPY190118C00266000,266.0,normalDay
2019-01-18,1640.0,1044.0,1366.0,0,266.46,0.0,0,0.0,0.0,,0.0,1,0.66,0.0,SPY190118C00266000,266.0,expirationDay
2019-01-22,1640.0,0.0,0.0,0,262.86,0.0,0,0.0,0.0,,0.0,0,0.0,0.0,,0.0,bidTooLow
2019-01-23,1640.0,0.0,0.0,0,263.41,0.0,0,0.0,0.0,,0.0,0,0.0,0.0,,0.0,bidTooLow
2019-01-24,1640.0,0.0,0.0,0,263.55,0.0,0,0.0,0.0,,0.0,0,0.0,0.0,,0.0,bidTooLow
2019-01-25,1640.0,0.0,0.0,0,265.78,0.0,0,0.0,0.0,,0.0,0,0.0,0.0,,0.0,bidTooLow
2019-01-28,1640.0,0.0,0.0,0,263.76,0.0,0,0.0,0.0,,0.0,0,0.0,0.0,,0.0,bidTooLow
2019-01-29,1640.0,0.0,0.0,0,263.41,0.0,0,0.0,0.0,,0.0,0,0.0,0.0,,0.0,bidTooLow
2019-01-30,1640.0,0.0,0.0,0,267.58,0.0,0,0.0,0.0,,0.0,0,0.0,0.0,,0.0,bidTooLow
2019-01-31,1640.0,0.0,0.0,0,269.93,0.0,0,0.0,0.0,,0.0,0,0.0,0.0,,0.0,bidTooLow
2019-02-01,1640.0,0.0,0.0,0,270.06,0.0,0,0.0,0.0,,0.0,0,0.0,0.0,,0.0,bidTooLow
2019-02-04,1640.0,0.0,0.0,0,271.96,0.0,0,0.0,0.0,,0.0,0,0.0,0.0,,0.0,bidTooLow
2019-02-05,1640.0,0.0,0.0,0,273.1,0.0,0,0.0,0.0,,0.0,0,0.0,0.0,,0.0,bidTooLow
2019-02-06,1640.0,0.0,0.0,0,272.74,0.0,0,0.0,0.0,,0.0,0,0.0,0.0,,0.0,bidTooLow
2019-02-07,1640.0,0.0,0.0,0,270.14,0.0,0,0.0,0.0,,0.0,0,0.0,0.0,,0.0,bidTooLow
2019-02-08,1640.0,0.0,0.0,0,270.47,0.0,0,0.0,0.0,,0.0,0,0.0,0.0,,0.0,bidTooLow
2019-02-11,1640.0,0.0,0.0,0,270.62,0.0,0,0.0,0.0,,0.0,0,0.0,0.0,,0.0,bidTooLow
2019-02-12,1640.0,0.0,0.0,0,274.1,0.0,0,0.0,0.0,,0.0,0,0.0,0.0,,0.0,bidTooLow
2019-02-13,1640.0,0.0,0.0,0,274.99,0.0,0,0.0,0.0,,0.0,0,0.0,0.0,,0.0,bidTooLow
2019-02-14,1640.0,0.0,0.0,0,274.38,0.0,0,0.0,0.0,,0.0,0,0.0,0.0,,0.0,bidTooLow
2019-02-15,1640.0,0.0,0.0,0,277.37,0.0,0,0.0,0.0,,0.0,0,0.0,0.0,,0.0,bidTooLow
2019-02-19,1640.0,0.0,0.0,0,277.85,0.0,0,0.0,0.0,,0.0,0,0.0,0.0,,0.0,bidTooLow
2019-02-20,1640.0,0.0,0.0,0,278.41,0.0,0,0.0,0.0,,0.0,0,0.0,0.0,,0.0,bidTooLow
2019-02-21,1640.0,0.0,0.0,0,277.42,0.0,0,0.0,0.0,,0.0,0,0.0,0.0,,0.0,bidTooLow
2019-02-22,1640.0,0.0,0.0,0,279.14,0.0,0,0.0,0.0,,0.0,0,0.0,0.0,,0.0,bidTooLow
2019-02-25,1640.0,0.0,0.0,0,279.52,0.0,0,0.0,0.0,,0.0,0,0.0,0.0,,0.0,bidTooLow
2019-02-26,1640.0,0.0,0.0,0,279.32,0.0,0,0.0,0.0,,0.0,0,0.0,0.0,,0.0,bidTooLow
2019-02-27,1640.0,0.0,0.0,0,279.2,0.0,0,0.0,0.0,,0.0,0,0.0,0.0,,0.0,bidTooLow
2019-02-28,1640.0,0.0,0.0,0,278.68,0.0,0,0.0,0.0,,0.0,0,0.0,0.0,,0.0,bidTooLow
2019-03-01,1640.0,0.0,0.0,0,280.42,0.0,0,0.0,0.0,,0.0,0,0.0,0.0,,0.0,bidTooLow
2019-03-04,1640.0,0.0,0.0,0,279.4,0.0,0,0.0,0.0,,0.0,0,0.0,0.0,,0.0,bidTooLow
2019-03-05,1640.0,-3.0,0.0,0,279.02,0.0,1,0.01,0.04,SPY190308P00267500,267.5,0,0.0,0.0,,0.0,normalDay
2019-03-06,1640.0,-3.0,0.0,0,277.33,0.0,1,0.01,0.04,SPY190308P00267500,267.5,0,0.0,0.0,,0.0,normalDay
2019-03-07,1640.0,-2.0,0.0,0,275.01,0.0,1,0.01,0.03,SPY190308P00267500,267.5,0,0.0,0.0,,0.0,normalDay
2019-03-08,1641.0,0.0,1.0,0,274.46,0.0,1,0.01,0.0,SPY190308P00267500,267.5,0,0.0,0.0,,0.0,expirationDay
2019-03-11,1641.0,-3.0,0.0,0,278.44,0.0,1,0.01,0.04,SPY190313P00271000,271.0,0,0.0,0.0,,0.0,normalDay
2019-03-12,1641.0,-1.0,0.0,0,279.49,0.0,1,0.01,0.02,SPY190313P00271000,271.0,0,0.0,0.0,,0.0,normalDay
2019-03-13,1642.0,0.0,1.0,0,281.34,0.0,1,0.01,0.0,SPY190313P00271000,271.0,0,0.0,0.0,,0.0,expirationDay
2019-03-14,1642.0,-3.0,0.0,0,281.16,0.0,1,0.01,0.04,SPY190315P00273500,273.5,0,0.0,0.0,,0.0,normalDay
2019-03-15,1643.0,0.0,1.0,0,281.31,0.0,1,0.01,0.0,SPY190315P00273500,273.5,0,0.0,0.0,,0.0,expirationDay
2019-03-18,1643.0,0.0,0.0,0,282.33,0.0,0,0.0,0.0,,0.0,0,0.0,0.0,,0.0,bidTooLow
2019-03-19,1643.0,-3.0,0.0,0,282.4,0.0,1,0.06,0.09,SPY190322P00274000,274.0,0,0.0,0.0,,0.0,normalDay
2019-03-20,1643.0,0.0,0.0,0,281.55,0.0,1,0.06,0.06,SPY190322P00274000,274.0,0,0.0,0.0,,0.0,normalDay
2019-03-21,1643.0,4.0,0.0,0,284.73,0.0,1,0.06,0.02,SPY190322P00274000,274.0,0,0.0,0.0,,0.0,normalDay
2019-03-22,1649.0,0.0,6.0,0,279.25,0.0,1,0.06,0.0,SPY190322P00274000,274.0,0,0.0,0.0,,0.0,expirationDay
2019-03-25,1649.0,-3.0,0.0,0,279.04,0.0,1,0.11,0.14,SPY190327P00273500,273.5,0,0.0,0.0,,0.0,normalDay
2019-03-26,1649.0,9.0,0.0,0,281.12,0.0,1,0.11,0.02,SPY190327P00273500,273.5,0,0.0,0.0,,0.0,normalDay
2019-03-27,1660.0,0.0,11.0,0,279.65,0.0,1,0.11,0.0,SPY190327P00273500,273.5,0,0.0,0.0,,0.0,expirationDay
2019-03-28,1660.0,0.0,0.0,0,280.71,0.0,0,0.0,0.0,,0.0,0,0.0,0.0,,0.0,bidTooLow
2019-03-29,1660.0,0.0,0.0,0,282.48,0.0,0,0.0,0.0,,0.0,0,0.0,0.0,,0.0,bidTooLow
2019-04-01,1660.0,0.0,0.0,0,285.83,0.0,0,0.0,0.0,,0.0,0,0.0,0.0,,0.0,bidTooLow
2019-04-02,1660.0,0.0,0.0,0,285.97,0.0,0,0.0,0.0,,0.0,0,0.0,0.0,,0.0,bidTooLow
2019-04-03,1660.0,0.0,0.0,0,286.42,0.0,0,0.0,0.0,,0.0,0,0.0,0.0,,0.0,bidTooLow
2019-04-04,1660.0,0.0,0.0,0,287.18,0.0,0,0.0,0.0,,0.0,0,0.0,0.0,,0.0,bidTooLow
2019-04-05,1660.0,0.0,0.0,0,288.57,0.0,0,0.0,0.0,,0.0,0,0.0,0.0,,0.0,bidTooLow
2019-04-08,1660.0,0.0,0.0,0,288.79,0.0,0,0.0,0.0,,0.0,0,0.0,0.0,,0.0,bidTooLow
2019-04-09,1660.0,0.0,0.0,0,287.31,0.0,0,0.0,0.0,,0.0,0,0.0,0.0,,0.0,bidTooLow
2019-04-10,1660.0,0.0,0.0,0,288.29,0.0,0,0.0,0.0,,0.0,0,0.0,0.0,,0.0,bidTooLow
2019-04-11,1660.0,0.0,0.0,0,288.21,0.0,0,0.0,0.0,,0.0,0,0.0,0.0,,0.0,bidTooLow
2019-04-12,1660.0,0.0,0.0,0,290.16,0.0,0,0.0,0.0,,0.0,0,0.0,0.0,,0.0,bidTooLow
2019-04-15,1660.0,0.0,0.0,0,289.97,0.0,0,0.0,0.0,,0.0,0,0.0,0.0,,0.0,bidTooLow
2019-04-16,1660.0,0.0,0.0,0,290.16,0.0,0,0.0,0.0,,0.0,0,0.0,0.0,,0.0,bidTooLow
2019-04-17,1660.0,0.0,0.0,0,289.45,0.0,0,0.0,0.0,,0.0,0,0.0,0.0,,0.0,bidTooLow
2019-04-18,1660.0,0.0,0.0,0,290.02,0.0,0,0.0,0.0,,0.0,0,0.0,0.0,,0.0,bidTooLow
2019-04-22,1660.0,0.0,0.0,0,290.27,0.0,0,0.0,0.0,,0.0,0,0.0,0.0,,0.0,bidTooLow
2019-04-23,1660.0,0.0,0.0,0,292.88,0.0,0,0.0,0.0,,0.0,0,0.0,0.0,,0.0,bidTooLow
2019-04-24,1660.0,0.0,0.0,0,292.23,0.0,0,0.0,0.0,,0.0,0,0.0,0.0,,0.0,bidTooLow
2019-04-25,1660.0,0.0,0.0,0,292.05,0.0,0,0.0,0.0,,0.0,0,0.0,0.0,,0.0,bidTooLow
2019-04-26,1660.0,0.0,0.0,0,293.41,0.0,0,0.0,0.0,,0.0,0,0.0,0.0,,0.0,bidTooLow
2019-04-29,1660.0,0.0,0.0,0,293.87,0.0,0,0.0,0.0,,0.0,0,0.0,0.0,,0.0,bidTooLow
2019-04-30,1660.0,-3.0,0.0,0,294.02,0.0,1,0.04,0.07,SPY190503P00283500,283.5,0,0.0,0.0,,0.0,normalDay
2019-05-01,1660.0,-9.0,0.0,0,291.81,0.0,1,0.04,0.13,SPY190503P00283500,283.5,0,0.0,0.0,,0.0,normalDay
2019-05-02,1660.0,0.0,0.0,0,291.18,0.0,1,0.04,0.04,SPY190503P00283500,283.5,0,0.0,0.0,,0.0,normalDay
2019-05-03,1664.0,0.0,4.0,0,294.03,0.0,1,0.04,0.0,SPY190503P00283500,283.5,0,0.0,0.0,,0.0,expirationDay
2019-05-06,1664.0,-3.0,0.0,0,292.82,0.0,1,0.08,0.11,SPY190508P00285500,285.5,0,0.0,0.0,,0.0,normalDay
2019-05-07,1664.0,-50.0,0.0,0,287.93,0.0,1,0.08,0.58,SPY190508P00285500,285.5,0,0.0,0.0,,0.0,normalDay
2019-05-08,1672.0,0.0,8.0,0,287.53,0.0,1,0.08,0.0,SPY190508P00285500,285.5,0,0.0,0.0,,0.0,expirationDay
2019-05-09,1672.0,-4.0,0.0,0,286.66,0.0,1,1.31,1.35,SPY190510P00285000,285.0,0,0.0,0.0,,0.0,normalDay
2019-05-10,1803.0,0.0,131.0,0,288.1,0.0,1,1.31,0.0,SPY190510P00285000,285.0,0,0.0,0.0,,0.0,expirationDay
2019-05-13,1803.0,-6.0,0.0,0,280.86,0.0,1,2.69,2.75,SPY190515P00282000,282.0,0,0.0,0.0,,0.0,normalDay
2019-05-14,1803.0,201.0,0.0,0,283.4,0.0,1,2.69,0.68,SPY190515P00282000,282.0,0,0.0,0.0,,0.0,normalDay
2019-05-15,2072.0,0.0,269.0,0,285.06,0.0,1,2.69,0.0,SPY190515P00282000,282.0,0,0.0,0.0,,0.0,expirationDay
2019-05-16,2072.0,-3.0,0.0,0,287.7,0.0,1,0.01,0.04,SPY190517P00280000,280.0,0,0.0,0.0,,0.0,normalDay
2019-05-17,2073.0,0.0,1.0,0,285.84,0.0,1,0.01,0.0,SPY190517P00280000,280.0,0,0.0,0.0,,0.0,expirationDay
2019-05-20,2073.0,-4.0,0.0,0,283.95,0.0,1,0.2,0.24,SPY190522P00279000,279.0,0,0.0,0.0,,0.0,normalDay
2019-05-21,2073.0,18.0,0.0,0,286.51,0.0,1,0.2,0.02,SPY190522P00279000,279.0,0,0.0,0.0,,0.0,normalDay
2019-05-22,2093.0,0.0,20.0,0,285.63,0.0,1,0.2,0.0,SPY190522P00279000,279.0,0,0.0,0.0,,0.0,expirationDay
2019-05-23,2093.0,-3.0,0.0,0,282.14,0.0,1,0.15,0.18,SPY190524P00277500,277.5,0,0.0,0.0,,0.0,normalDay
2019-05-24,2108.0,0.0,15.0,0,282.78,0.0,1,0.15,0.0,SPY190524P00277500,277.5,0,0.0,0.0,,0.0,expirationDay
2019-05-28,2108.0,-3.0,0.0,0,280.15,0.0,1,0.63,0.66,SPY190531P00276000,276.0,0,0.0,0.0,,0.0,normalDay
2019-05-29,2108.0,-19.0,0.0,0,278.27,0.0,1,0.63,0.82,SPY190531P00276000,276.0,0,0.0,0.0,,0.0,normalDay
2019-05-30,2108.0,37.0,0.0,0,279.03,0.0,1,0.63,0.26,SPY190531P00276000,276.0,0,0.0,0.0,,0.0,normalDay
2019-05-31,2171.0,-73.0,63.0,100,275.27,276.0,1,0.63,0.0,SPY190531P00276000,276.0,0,0.0,0.0,,0.0,expirationDay
2019-06-03,2171.0,-147.0,0.0,100,274.57,276.0,0,0.0,0.0,,0.0,1,1.44,1.48,SPY190705C00284000,284.0,normalDay
2019-06-04,2171.0,296.0,0.0,100,280.53,276.0,0,0.0,0.0,,0.0,1,1.44,3.01,SPY190705C00284000,284.0,normalDay
2019-06-05,2171.0,457.0,0.0,100,282.96,276.0,0,0.0,0.0,,0.0,1,1.44,3.83,SPY190705C00284000,284.0,normalDay
2019-06-06,2171.0,559.0,0.0,100,284.8,276.0,0,0.0,0.0,,0.0,1,1.44,4.65,SPY190705C00284000,284.0,normalDay
2019-06-07,2171.0,659.0,0.0,100,287.65,276.0,0,0.0,0.0,,0.0,1,1.44,6.5,SPY190705C00284000,284.0,normalDay
2019-06-10,2171.0,716.0,0.0,100,288.97,276.0,0,0.0,0.0,,0.0,1,1.44,7.25,SPY190705C00284000,284.0,normalDay
2019-06-11,2171.0,729.0,0.0,100,288.9,276.0,0,0.0,0.0,,0.0,1,1.44,7.05,SPY190705C00284000,284.0,normalDay
2019-06-12,2171.0,726.0,0.0,100,288.39,276.0,0,0.0,0.0,,0.0,1,1.44,6.57,SPY190705C00284000,284.0,normalDay
2019-06-13,2171.0,760.0,0.0,100,289.58,276.0,0,0.0,0.0,,0.0,1,1.44,7.42,SPY190705C00284000,284.0,normalDay
2019-06-14,2171.0,767.0,0.0,100,289.26,276.0,0,0.0,0.0,,0.0,1,1.44,7.03,SPY190705C00284000,284.0,normalDay
2019-06-17,2171.0,798.0,0.0,100,289.37,276.0,0,0.0,0.0,,0.0,1,1.44,6.83,SPY190705C00284000,284.0,normalDay
2019-06-18,2171.0,868.0,0.0,100,292.4,276.0,0,0.0,0.0,,0.0,1,1.44,9.16,SPY190705C00284000,284.0,normalDay
2019-06-19,2171.0,898.0,0.0,100,293.06,276.0,0,0.0,0.0,,0.0,1,1.44,9.52,SPY190705C00284000,284.0,normalDay
2019-06-20,2171.0,921.0,0.0,100,295.86,276.0,0,0.0,0.0,,0.0,1,1.44,12.09,SPY190705C00284000,284.0,normalDay
2019-06-21,2171.0,817.0,0.0,100,294.0,276.0,0,0.0,0.0,,0.0,1,1.44,11.27,SPY190705C00284000,284.0,normalDay
2019-06-24,2171.0,832.0,0.0,100,293.64,276.0,0,0.0,0.0,,0.0,1,1.44,10.76,SPY190705C00284000,284.0,normalDay
2019-06-25,2171.0,798.0,0.0,100,290.76,276.0,0,0.0,0.0,,0.0,1,1.44,8.22,SPY190705C00284000,284.0,normalDay
2019-06-26,2171.0,828.0,0.0,100,290.47,276.0,0,0.0,0.0,,0.0,1,1.44,7.63,SPY190705C00284000,284.0,normalDay
2019-06-27,2171.0,820.0,0.0,100,291.5,276.0,0,0.0,0.0,,0.0,1,1.44,8.74,SPY190705C00284000,284.0,normalDay
2019-06-28,2171.0,803.0,0.0,100,293.0,276.0,0,0.0,0.0,,0.0,1,1.44,10.41,SPY190705C00284000,284.0,normalDay
2019-07-01,2171.0,915.0,0.0,100,295.66,276.0,0,0.0,0.0,,0.0,1,1.44,11.95,SPY190705C00284000,284.0,normalDay
2019-07-02,2171.0,914.0,0.0,100,296.43,276.0,0,0.0,0.0,,0.0,1,1.44,12.73,SPY190705C00284000,284.0,normalDay
2019-07-03,2171.0,921.0,0.0,100,298.8,276.0,0,0.0,0.0,,0.0,1,1.44,15.03,SPY190705C00284000,284.0,normalDay
2019-07-05,3115.0,921.0,944.0,0,298.46,0.0,0,0.0,0.0,,0.0,1,1.44,0.0,SPY190705C00284000,284.0,expirationDay
2019-07-08,3115.0,0.0,0.0,0,296.82,0.0,0,0.0,0.0,,0.0,0,0.0,0.0,,0.0,bidTooLow
2019-07-09,3115.0,0.0,0.0,0,297.19,0.0,0,0.0,0.0,,0.0,0,0.0,0.0,,0.0,bidTooLow
2019-07-10,3115.0,0.0,0.0,0,298.61,0.0,0,0.0,0.0,,0.0,0,0.0,0.0,,0.0,bidTooLow
2019-07-11,3115.0,0.0,0.0,0,299.31,0.0,0,0.0,0.0,,0.0,0,0.0,0.0,,0.0,bidTooLow
2019-07-12,3115.0,0.0,0.0,0,300.65,0.0,0,0.0,0.0,,0.0,0,0.0,0.0,,0.0,bidTooLow
2019-07-15,3115.0,0.0,0.0,0,300.75,0.0,0,0.0,0.0,,0.0,0,0.0,0.0,,0.0,bidTooLow
2019-07-16,3115.0,-3.0,0.0,0,299.78,0.0,1,0.02,0.05,SPY190719P00287000,287.0,0,0.0,0.0,,0.0,normalDay
2019-07-17,3115.0,-2.0,0.0,0,297.74,0.0,1,0.02,0.04,SPY190719P00287000,287.0,0,0.0,0.0,,0.0,normalDay
2019-07-18,3115.0,0.0,0.0,0,298.83,0.0,1,0.02,0.02,SPY190719P00287000,287.0,0,0.0,0.0,,0.0,normalDay
2019-07-19,3117.0,0.0,2.0,0,297.17,0.0,1,0.02,0.0,SPY190719P00287000,287.0,0,0.0,0.0,,0.0,expirationDay
2019-07-22,3117.0,0.0,0.0,0,297.9,0.0,0,0.0,0.0,,0.0,0,0.0,0.0,,0.0,bidTooLow
2019-07-23,3117.0,0.0,0.0,0,300.03,0.0,0,0.0,0.0,,0.0,0,0.0,0.0,,0.0,bidTooLow
2019-07-24,3117.0,0.0,0.0,0,301.44,0.0,0,0.0,0.0,,0.0,0,0.0,0.0,,0.0,bidTooLow
2019-07-25,3117.0,0.0,0.0,0,300.0,0.0,0,0.0,0.0,,0.0,0,0.0,0.0,,0.0,bidTooLow
2019-07-26,3117.0,0.0,0.0,0,302.01,0.0,0,0.0,0.0,,0.0,0,0.0,0.0,,0.0,bidTooLow
2019-07-29,3117.0,-3.0,0.0,0,301.46,0.0,1,0.04,0.07,SPY190731P00294500,294.5,0,0.0,0.0,,0.0,normalDay
2019-07-30,3117.0,-4.0,0.0,0,300.72,0.0,1,0.04,0.08,SPY190731P00294500,294.5,0,0.0,0.0,,0.0,normalDay
2019-07-31,3121.0,0.0,4.0,0,297.43,0.0,1,0.04,0.0,SPY190731P00294500,294.5,0,0.0,0.0,,0.0,expirationDay
2019-08-01,3121.0,-4.0,0.0,0,294.84,0.0,1,0.89,0.93,SPY190802P00294000,294.0,0,0.0,0.0,,0.0,normalDay
2019-08-02,3210.0,-138.0,89.0,100,292.62,294.0,1,0.89,0.0,SPY190802P00294000,294.0,0,0.0,0.0,,0.0,expirationDay
2019-08-05,3210.0,-1022.0,0.0,100,283.82,294.0,0,0.0,0.0,,0.0,1,0.87,0.91,SPY190906C00299000,299.0,normalDay
2019-08-06,3210.0,-638.0,0.0,100,287.8,294.0,0,0.0,0.0,,0.0,1,0.87,1.05,SPY190906C00299000,299.0,normalDay
2019-08-07,3210.0,-605.0,0.0,100,287.97,294.0,0,0.0,0.0,,0.0,1,0.87,0.89,SPY190906C00299000,299.0,normalDay
2019-08-08,3210.0,-165.0,0.0,100,293.62,294.0,0,0.0,0.0,,0.0,1,0.87,2.14,SPY190906C00299000,299.0,normalDay
2019-08-09,3210.0,-312.0,0.0,100,291.62,294.0,0,0.0,0.0,,0.0,1,0.87,1.61,SPY190906C00299000,299.0,normalDay
2019-08-12,3210.0,-598.0,0.0,100,288.07,294.0,0,0.0,0.0,,0.0,1,0.87,0.92,SPY190906C00299000,299.0,normalDay
2019-08-13,3210.0,-213.0,0.0,100,292.55,294.0,0,0.0,0.0,,0.0,1,0.87,1.55,SPY190906C00299000,299.0,normalDay
2019-08-14,3210.0,-965.0,0.0,100,283.9,294.0,0,0.0,0.0,,0.0,1,0.87,0.42,SPY190906C00299000,299.0,normalDay
2019-08-15,3210.0,-885.0,0.0,100,284.65,294.0,0,0.0,0.0,,0.0,1,0.87,0.37,SPY190906C00299000,299.0,normalDay
2019-08-16,3210.0,-480.0,0.0,100,288.85,294.0,0,0.0,0.0,,0.0,1,0.87,0.52,SPY190906C00299000,299.0,normalDay
2019-08-19,3210.0,-158.0,0.0,100,292.33,294.0,0,0.0,0.0,,0.0,1,0.87,0.78,SPY190906C00299000,299.0,normalDay
2019-08-20,3210.0,-348.0,0.0,100,290.09,294.0,0,0.0,0.0,,0.0,1,0.87,0.44,SPY190906C00299000,299.0,normalDay
2019-08-21,3210.0,-142.0,0.0,100,292.45,294.0,0,0.0,0.0,,0.0,1,0.87,0.74,SPY190906C00299000,299.0,normalDay
2019-08-22,3210.0,-141.0,0.0,100,292.36,294.0,0,0.0,0.0,,0.0,1,0.87,0.64,SPY190906C00299000,299.0,normalDay
2019-08-23,3210.0,-843.0,0.0,100,284.85,294.0,0,0.0,0.0,,0.0,1,0.87,0.15,SPY190906C00299000,299.0,normalDay
2019-08-26,3210.0,-529.0,0.0,100,288.0,294.0,0,0.0,0.0,,0.0,1,0.87,0.16,SPY190906C00299000,299.0,normalDay
2019-08-27,3210.0,-637.0,0.0,100,286.87,294.0,0,0.0,0.0,,0.0,1,0.87,0.11,SPY190906C00299000,299.0,normalDay
2019-08-28,3210.0,-439.0,0.0,100,288.89,294.0,0,0.0,0.0,,0.0,1,0.87,0.15,SPY190906C00299000,299.0,normalDay
2019-08-29,3210.0,-86.0,0.0,100,292.58,294.0,0,0.0,0.0,,0.0,1,0.87,0.31,SPY190906C00299000,299.0,normalDay
2019-08-30,3210.0,-98.0,0.0,100,292.45,294.0,0,0.0,0.0,,0.0,1,0.87,0.3,SPY190906C00299000,299.0,normalDay
2019-09-03,3210.0,-242.0,0.0,100,290.74,294.0,0,0.0,0.0,,0.0,1,0.87,0.03,SPY190906C00299000,299.0,normalDay
2019-09-04,3210.0,86.0,0.0,100,294.04,294.0,0,0.0,0.0,,0.0,1,0.87,0.05,SPY190906C00299000,299.0,normalDay
2019-09-05,3210.0,437.0,0.0,100,297.82,294.0,0,0.0,0.0,,0.0,1,0.87,0.32,SPY190906C00299000,299.0,normalDay
2019-09-06,3297.0,405.0,87.0,100,298.05,294.0,0,0.0,0.0,,0.0,1,0.87,0.0,SPY190906C00299000,299.0,expirationDay
2019-09-09,3297.0,410.0,0.0,100,298.2,294.0,0,0.0,0.0,,0.0,1,9.06,9.16,SPY191011C00291000,291.0,normalDay
2019-09-10,3297.0,420.0,0.0,100,298.13,294.0,0,0.0,0.0,,0.0,1,9.06,8.99,SPY191011C00291000,291.0,normalDay
2019-09-11,3297.0,458.0,0.0,100,300.25,294.0,0,0.0,0.0,,0.0,1,9.06,10.73,SPY191011C00291000,291.0,normalDay
2019-09-12,3297.0,476.0,0.0,100,301.29,294.0,0,0.0,0.0,,0.0,1,9.06,11.59,SPY191011C00291000,291.0,normalDay
2019-09-13,3297.0,505.0,0.0,100,301.09,294.0,0,0.0,0.0,,0.0,1,9.06,11.1,SPY191011C00291000,291.0,normalDay
2019-09-16,3297.0,485.0,0.0,100,300.16,294.0,0,0.0,0.0,,0.0,1,9.06,10.37,SPY191011C00291000,291.0,normalDay
2019-09-17,3297.0,527.0,0.0,100,300.92,294.0,0,0.0,0.0,,0.0,1,9.06,10.71,SPY191011C00291000,291.0,normalDay
2019-09-18,3297.0,527.0,0.0,100,301.1,294.0,0,0.0,0.0,,0.0,1,9.06,10.89,SPY191011C00291000,291.0,normalDay
2019-09-19,3297.0,571.0,0.0,100,301.08,294.0,0,0.0,0.0,,0.0,1,9.06,10.43,SPY191011C00291000,291.0,normalDay
2019-09-20,3297.0,391.0,0.0,100,298.28,294.0,0,0.0,0.0,,0.0,1,9.06,9.43,SPY191011C00291000,291.0,normalDay
2019-09-23,3297.0,404.0,0.0,100,298.21,294.0,0,0.0,0.0,,0.0,1,9.06,9.23,SPY191011C00291000,291.0,normalDay
2019-09-24,3297.0,317.0,0.0,100,295.87,294.0,0,0.0,0.0,,0.0,1,9.06,7.76,SPY191011C00291000,291.0,normalDay
2019-09-25,3297.0,428.0,0.0,100,297.62,294.0,0,0.0,0.0,,0.0,1,9.06,8.4,SPY191011C00291000,291.0,normalDay
2019-09-26,3297.0,409.0,0.0,100,297.0,294.0,0,0.0,0.0,,0.0,1,9.06,7.97,SPY191011C00291000,291.0,normalDay
2019-09-27,3297.0,364.0,0.0,100,295.4,294.0,0,0.0,0.0,,0.0,1,9.06,6.82,SPY191011C00291000,291.0,normalDay
2019-09-30,3297.0,420.0,0.0,100,296.77,294.0,0,0.0,0.0,,0.0,1,9.06,7.63,SPY191011C00291000,291.0,normalDay
2019-10-01,3297.0,331.0,0.0,100,293.24,294.0,0,0.0,0.0,,0.0,1,9.06,4.99,SPY191011C00291000,291.0,normalDay
2019-10-02,3297.0,112.0,0.0,100,288.06,294.0,0,0.0,0.0,,0.0,1,9.06,2.0,SPY191011C00291000,291.0,normalDay
2019-10-03,3297.0,253.0,0.0,100,290.42,294.0,0,0.0,0.0,,0.0,1,9.06,2.95,SPY191011C00291000,291.0,normalDay
2019-10-04,3297.0,447.0,0.0,100,294.35,294.0,0,0.0,0.0,,0.0,1,9.06,4.94,SPY191011C00291000,291.0,normalDay
2019-10-07,3297.0,447.0,0.0,100,293.08,294.0,0,0.0,0.0,,0.0,1,9.06,3.67,SPY191011C00291000,291.0,normalDay
2019-10-08,3297.0,227.0,0.0,100,288.53,294.0,0,0.0,0.0,,0.0,1,9.06,1.32,SPY191011C00291000,291.0,normalDay
2019-10-09,3297.0,428.0,0.0,100,291.27,294.0,0,0.0,0.0,,0.0,1,9.06,2.05,SPY191011C00291000,291.0,normalDay
2019-10-10,3297.0,505.0,0.0,100,293.24,294.0,0,0.0,0.0,,0.0,1,9.06,3.25,SPY191011C00291000,291.0,normalDay
2019-10-11,3903.0,505.0,606.0,0,296.28,0.0,0,0.0,0.0,,0.0,1,9.06,0.0,SPY191011C00291000,291.0,expirationDay
2019-10-14,3903.0,0.0,0.0,0,295.95,0.0,0,0.0,0.0,,0.0,0,0.0,0.0,,0.0,bidTooLow
2019-10-15,3903.0,-3.0,0.0,0,298.88,0.0,1,0.03,0.06,SPY191018P00285500,285.5,0,0.0,0.0,,0.0,normalDay
2019-10-16,3903.0,0.0,0.0,0,298.4,0.0,1,0.03,0.03,SPY191018P00285500,285.5,0,0.0,0.0,,0.0,normalDay
2019-10-17,3903.0,1.0,0.0,0,299.28,0.0,1,0.03,0.02,SPY191018P00285500,285.5,0,0.0,0.0,,0.0,normalDay
2019-10-18,3906.0,0.0,3.0,0,297.97,0.0,1,0.03,0.0,SPY191018P00285500,285.5,0,0.0,0.0,,0.0,expirationDay
2019-10-21,3906.0,0.0,0.0,0,299.99,0.0,0,0.0,0.0,,0.0,0,0.0,0.0,,0.0,bidTooLow
2019-10-22,3906.0,0.0,0.0,0,299.01,0.0,0,0.0,0.0,,0.0,0,0.0,0.0,,0.0,bidTooLow
2019-10-23,3906.0,0.0,0.0,0,299.88,0.0,0,0.0,0.0,,0.0,0,0.0,0.0,,0.0,bidTooLow
2019-10-24,3906.0,0.0,0.0,0,300.37,0.0,0,0.0,0.0,,0.0,0,0.0,0.0,,0.0,bidTooLow
2019-10-25,3906.0,0.0,0.0,0,301.6,0.0,0,0.0,0.0,,0.0,0,0.0,0.0,,0.0,bidTooLow
2019-10-28,3906.0,0.0,0.0,0,303.3,0.0,0,0.0,0.0,,0.0,0,0.0,0.0,,0.0,bidTooLow
2019-10-29,3906.0,0.0,0.0,0,303.21,0.0,0,0.0,0.0,,0.0,0,0.0,0.0,,0.0,bidTooLow
2019-10-30,3906.0,0.0,0.0,0,304.14,0.0,0,0.0,0.0,,0.0,0,0.0,0.0,,0.0,bidTooLow
2019-10-31,3906.0,0.0,0.0,0,303.33,0.0,0,0.0,0.0,,0.0,0,0.0,0.0,,0.0,bidTooLow
2019-11-01,3906.0,0.0,0.0,0,306.14,0.0,0,0.0,0.0,,0.0,0,0.0,0.0,,0.0,bidTooLow
2019-11-04,3906.0,0.0,0.0,0,307.37,0.0,0,0.0,0.0,,0.0,0,0.0,0.0,,0.0,bidTooLow
2019-11-05,3906.0,0.0,0.0,0,307.03,0.0,0,0.0,0.0,,0.0,0,0.0,0.0,,0.0,bidTooLow
2019-11-06,3906.0,0.0,0.0,0,307.1,0.0,0,0.0,0.0,,0.0,0,0.0,0.0,,0.0,bidTooLow
2019-11-07,3906.0,0.0,0.0,0,308.18,0.0,0,0.0,0.0,,0.0,0,0.0,0.0,,0.0,bidTooLow
2019-11-08,3906.0,0.0,0.0,0,308.94,0.0,0,0.0,0.0,,0.0,0,0.0,0.0,,0.0,bidTooLow
2019-11-11,3906.0,0.0,0.0,0,308.35,0.0,0,0.0,0.0,,0.0,0,0.0,0.0,,0.0,bidTooLow
2019-11-12,3906.0,0.0,0.0,0,309.0,0.0,0,0.0,0.0,,0.0,0,0.0,0.0,,0.0,bidTooLow
2019-11-13,3906.0,0.0,0.0,0,309.1,0.0,0,0.0,0.0,,0.0,0,0.0,0.0,,0.0,bidTooLow
2019-11-14,3906.0,0.0,0.0,0,309.55,0.0,0,0.0,0.0,,0.0,0,0.0,0.0,,0.0,bidTooLow
2019-11-15,3906.0,0.0,0.0,0,311.79,0.0,0,0.0,0.0,,0.0,0,0.0,0.0,,0.0,bidTooLow
2019-11-18,3906.0,0.0,0.0,0,312.02,0.0,0,0.0,0.0,,0.0,0,0.0,0.0,,0.0,bidTooLow
2019-11-19,3906.0,0.0,0.0,0,311.93,0.0,0,0.0,0.0,,0.0,0,0.0,0.0,,0.0,bidTooLow
2019-11-20,3906.0,-3.0,0.0,0,310.77,0.0,1,0.01,0.04,SPY191122P00298000,298.0,0,0.0,0.0,,0.0,normalDay
2019-11-21,3906.0,-1.0,0.0,0,310.27,0.0,1,0.01,0.02,SPY191122P00298000,298.0,0,0.0,0.0,,0.0,normalDay
2019-11-22,3907.0,0.0,1.0,0,310.96,0.0,1,0.01,0.0,SPY191122P00298000,298.0,0,0.0,0.0,,0.0,expirationDay
2019-11-25,3907.0,0.0,0.0,0,313.37,0.0,0,0.0,0.0,,0.0,0,0.0,0.0,,0.0,bidTooLow
2019-11-26,3907.0,0.0,0.0,0,314.08,0.0,0,0.0,0.0,,0.0,0,0.0,0.0,,0.0,bidTooLow
2019-11-27,3907.0,0.0,0.0,0,315.48,0.0,0,0.0,0.0,,0.0,0,0.0,0.0,,0.0,bidTooLow
2019-11-29,3907.0,-3.0,0.0,0,314.31,0.0,1,0.01,0.04,SPY191202P00303500,303.5,0,0.0,0.0,,0.0,normalDay
2019-12-02,3908.0,0.0,1.0,0,311.64,0.0,1,0.01,0.0,SPY191202P00303500,303.5,0,0.0,0.0,,0.0,expirationDay
2019-12-03,3908.0,-4.0,0.0,0,309.55,0.0,1,0.42,0.46,SPY191206P00304000,304.0,0,0.0,0.0,,0.0,normalDay
2019-12-04,3908.0,30.0,0.0,0,311.46,0.0,1,0.42,0.12,SPY191206P00304000,304.0,0,0.0,0.0,,0.0,normalDay
2019-12-05,3908.0,39.0,0.0,0,312.02,0.0,1,0.42,0.03,SPY191206P00304000,304.0,0,0.0,0.0,,0.0,normalDay
2019-12-06,3950.0,0.0,42.0,0,314.87,0.0,1,0.42,0.0,SPY191206P00304000,304.0,0,0.0,0.0,,0.0,expirationDay
2019-12-09,3950.0,-3.0,0.0,0,313.88,0.0,1,0.1,0.13,SPY191211P00306500,306.5,0,0.0,0.0,,0.0,normalDay
2019-12-10,3950.0,6.0,0.0,0,313.53,0.0,1,0.1,0.04,SPY191211P00306500,306.5,0,0.0,0.0,,0.0,normalDay
2019-12-11,3960.0,0.0,10.0,0,314.42,0.0,1,0.1,0.0,SPY191211P00306500,306.5,0,0.0,0.0,,0.0,expirationDay
2019-12-12,3960.0,-3.0,0.0,0,317.13,0.0,1,0.01,0.04,SPY191213P00307500,307.5,0,0.0,0.0,,0.0,normalDay
2019-12-13,3961.0,0.0,1.0,0,317.32,0.0,1,0.01,0.0,SPY191213P00307500,307.5,0,0.0,0.0,,0.0,expirationDay
2019-12-16,3961.0,-3.0,0.0,0,319.5,0.0,1,0.02,0.05,SPY191218P00306500,306.5,0,0.0,0.0,,0.0,normalDay
2019-12-17,3961.0,1.0,0.0,0,319.57,0.0,1,0.02,0.01,SPY191218P00306500,306.5,0,0.0,0.0,,0.0,normalDay
2019-12-18,3963.0,0.0,2.0,0,319.59,0.0,1,0.02,0.0,SPY191218P00306500,306.5,0,0.0,0.0,,0.0,expirationDay
2019-12-19,3963.0,0.0,0.0,0,320.9,0.0,0,0.0,0.0,,0.0,0,0.0,0.0,,0.0,bidTooLow
2019-12-20,3963.0,0.0,0.0,0,320.73,0.0,0,0.0,0.0,,0.0,0,0.0,0.0,,0.0,bidTooLow
2019-12-23,3963.0,0.0,0.0,0,321.22,0.0,0,0.0,0.0,,0.0,0,0.0,0.0,,0.0,bidTooLow
2019-12-24,3963.0,0.0,0.0,0,321.23,0.0,0,0.0,0.0,,0.0,0,0.0,0.0,,0.0,bidTooLow
2019-12-26,3963.0,0.0,0.0,0,322.94,0.0,0,0.0,0.0,,0.0,0,0.0,0.0,,0.0,bidTooLow
2019-12-27,3963.0,0.0,0.0,0,322.86,0.0,0,0.0,0.0,,0.0,0,0.0,0.0,,0.0,bidTooLow
2019-12-30,3963.0,0.0,0.0,0,321.08,0.0,0,0.0,0.0,,0.0,0,0.0,0.0,,0.0,bidTooLow
2019-12-31,3963.0,-3.0,0.0,0,321.86,0.0,1,0.05,0.08,SPY200103P00307000,307.0,0,0.0,0.0,,0.0,normalDay
2020-01-02,3963.0,4.0,0.0,0,324.87,0.0,1,0.05,0.01,SPY200103P00307000,307.0,0,0.0,0.0,,0.0,normalDay
2020-01-03,3968.0,0.0,5.0,0,322.41,0.0,1,0.05,0.0,SPY200103P00307000,307.0,0,0.0,0.0,,0.0,expirationDay
2020-01-06,3968.0,0.0,0.0,0,323.64,0.0,0,0.0,0.0,,0.0,0,0.0,0.0,,0.0,bidTooLow
2020-01-07,3968.0,-3.0,0.0,0,322.73,0.0,1,0.03,0.06,SPY200110P00312000,312.0,0,0.0,0.0,,0.0,normalDay
2020-01-08,3968.0,-3.0,0.0,0,324.45,0.0,1,0.03,0.06,SPY200110P00312000,312.0,0,0.0,0.0,,0.0,normalDay
2020-01-09,3968.0,2.0,0.0,0,326.65,0.0,1,0.03,0.01,SPY200110P00312000,312.0,0,0.0,0.0,,0.0,normalDay
2020-01-10,3971.0,0.0,3.0,0,325.71,0.0,1,0.03,0.0,SPY200110P00312000,312.0,0,0.0,0.0,,0.0,expirationDay
2020-01-13,3971.0,0.0,0.0,0,327.95,0.0,0,0.0,0.0,,0.0,0,0.0,0.0,,0.0,bidTooLow
2020-01-14,3971.0,-3.0,0.0,0,327.45,0.0,1,0.02,0.05,SPY200117P00316000,316.0,0,0.0,0.0,,0.0,normalDay
2020-01-15,3971.0,-2.0,0.0,0,328.19,0.0,1,0.02,0.04,SPY200117P00316000,316.0,0,0.0,0.0,,0.0,normalDay
2020-01-16,3971.0,0.0,0.0,0,330.92,0.0,1,0.02,0.02,SPY200117P00316000,316.0,0,0.0,0.0,,0.0,normalDay
2020-01-17,3973.0,0.0,2.0,0,331.95,0.0,1,0.02,0.0,SPY200117P00316000,316.0,0,0.0,0.0,,0.0,expirationDay
2020-01-21,3973.0,0.0,0.0,0,331.3,0.0,0,0.0,0.0,,0.0,0,0.0,0.0,,0.0,bidTooLow
2020-01-22,3973.0,0.0,0.0,0,331.34,0.0,0,0.0,0.0,,0.0,0,0.0,0.0,,0.0,bidTooLow
2020-01-23,3973.0,0.0,0.0,0,331.72,0.0,0,0.0,0.0,,0.0,0,0.0,0.0,,0.0,bidTooLow
2020-01-24,3973.0,-3.0,0.0,0,328.77,0.0,1,0.02,0.05,SPY200127P00317000,317.0,0,0.0,0.0,,0.0,normalDay
2020-01-27,3975.0,0.0,2.0,0,323.5,0.0,1,0.02,0.0,SPY200127P00317000,317.0,0,0.0,0.0,,0.0,expirationDay
2020-01-28,3975.0,-3.0,0.0,0,326.89,0.0,1,0.26,0.29,SPY200131P00317500,317.5,0,0.0,0.0,,0.0,normalDay
2020-01-29,3975.0,13.0,0.0,0,326.62,0.0,1,0.26,0.13,SPY200131P00317500,317.5,0,0.0,0.0,,0.0,normalDay
2020-01-30,3975.0,22.0,0.0,0,327.68,0.0,1,0.26,0.04,SPY200131P00317500,317.5,0,0.0,0.0,,0.0,normalDay
2020-01-31,4001.0,0.0,26.0,0,321.73,0.0,1,0.26,0.0,SPY200131P00317500,317.5,0,0.0,0.0,,0.0,expirationDay
2020-02-03,4001.0,-3.0,0.0,0,324.12,0.0,1,0.68,0.71,SPY200205P00319000,319.0,0,0.0,0.0,,0.0,normalDay
2020-02-04,4001.0,66.0,0.0,0,329.06,0.0,1,0.68,0.02,SPY200205P00319000,319.0,0,0.0,0.0,,0.0,normalDay
2020-02-05,4069.0,0.0,68.0,0,332.86,0.0,1,0.68,0.0,SPY200205P00319000,319.0,0,0.0,0.0,,0.0,expirationDay
2020-02-06,4069.0,0.0,0.0,0,333.98,0.0,0,0.0,0.0,,0.0,0,0.0,0.0,,0.0,bidTooLow
2020-02-07,4069.0,0.0,0.0,0,332.2,0.0,0,0.0,0.0,,0.0,0,0.0,0.0,,0.0,bidTooLow
2020-02-10,4069.0,0.0,0.0,0,334.68,0.0,0,0.0,0.0,,0.0,0,0.0,0.0,,0.0,bidTooLow
2020-02-11,4069.0,-3.0,0.0,0,335.26,0.0,1,0.01,0.04,SPY200214P00320000,320.0,0,0.0,0.0,,0.0,normalDay
2020-02-12,4069.0,-1.0,0.0,0,337.42,0.0,1,0.01,0.02,SPY200214P00320000,320.0,0,0.0,0.0,,0.0,normalDay
2020-02-13,4069.0,0.0,0.0,0,337.06,0.0,1,0.01,0.01,SPY200214P00320000,320.0,0,0.0,0.0,,0.0,normalDay
2020-02-14,4070.0,0.0,1.0,0,337.6,0.0,1,0.01,0.0,SPY200214P00320000,320.0,0,0.0,0.0,,0.0,expirationDay
2020-02-18,4070.0,-3.0,0.0,0,336.73,0.0,1,0.01,0.04,SPY200221P00318000,318.0,0,0.0,0.0,,0.0,normalDay
2020-02-19,4070.0,-2.0,0.0,0,338.34,0.0,1,0.01,0.03,SPY200221P00318000,318.0,0,0.0,0.0,,0.0,normalDay
2020-02-20,4070.0,-1.0,0.0,0,336.95,0.0,1,0.01,0.02,SPY200221P00318000,318.0,0,0.0,0.0,,0.0,normalDay
2020-02-21,4071.0,0.0,1.0,0,333.48,0.0,1,0.01,0.0,SPY200221P00318000,318.0,0,0.0,0.0,,0.0,expirationDay
2020-02-24,4071.0,-4.0,0.0,0,322.42,0.0,1,1.69,1.73,SPY200226P00317000,317.0,0,0.0,0.0,,0.0,normalDay
2020-02-25,4071.0,-299.0,0.0,0,312.65,0.0,1,1.69,4.68,SPY200226P00317000,317.0,0,0.0,0.0,,0.0,normalDay
2020-02-26,4240.0,-550.0,169.0,100,311.5,317.0,1,1.69,0.0,SPY200226P00317000,317.0,0,0.0,0.0,,0.0,expirationDay
2020-02-27,4240.0,-1957.0,0.0,100,297.51,317.0,0,0.0,0.0,,0.0,1,0.32,0.4,SPY200330C00330000,330.0,normalDay
2020-02-28,4240.0,-2085.0,0.0,100,296.26,317.0,0,0.0,0.0,,0.0,1,0.32,0.43,SPY200330C00330000,330.0,normalDay
2020-03-02,4240.0,-817.0,0.0,100,309.09,317.0,0,0.0,0.0,,0.0,1,0.32,0.58,SPY200330C00330000,330.0,normalDay
2020-03-03,4240.0,-1676.0,0.0,100,300.24,317.0,0,0.0,0.0,,0.0,1,0.32,0.32,SPY200330C00330000,330.0,normalDay
2020-03-04,4240.0,-479.0,0.0,100,312.86,317.0,0,0.0,0.0,,0.0,1,0.32,0.97,SPY200330C00330000,330.0,normalDay
2020-03-05,4240.0,-1465.0,0.0,100,302.46,317.0,0,0.0,0.0,,0.0,1,0.32,0.43,SPY200330C00330000,330.0,normalDay
2020-03-06,4240.0,-1947.0,0.0,100,297.46,317.0,0,0.0,0.0,,0.0,1,0.32,0.25,SPY200330C00330000,330.0,normalDay
2020-03-09,4240.0,-4268.0,0.0,100,274.23,317.0,0,0.0,0.0,,0.0,1,0.32,0.23,SPY200330C00330000,330.0,normalDay
2020-03-10,4240.0,-2838.0,0.0,100,288.42,317.0,0,0.0,0.0,,0.0,1,0.32,0.12,SPY200330C00330000,330.0,normalDay
2020-03-11,4240.0,-4240.0,0.0,100,274.36,317.0,0,0.0,0.0,,0.0,1,0.32,0.08,SPY200330C00330000,330.0,normalDay
2020-03-12,4240.0,-6863.0,0.0,100,248.11,317.0,0,0.0,0.0,,0.0,1,0.32,0.06,SPY200330C00330000,330.0,normalDay
2020-03-13,4240.0,-4742.0,0.0,100,269.32,317.0,0,0.0,0.0,,0.0,1,0.32,0.06,SPY200330C00330000,330.0,normalDay
2020-03-16,4240.0,-7689.0,0.0,100,239.85,317.0,0,0.0,0.0,,0.0,1,0.32,0.06,SPY200330C00330000,330.0,normalDay
2020-03-17,4240.0,-6392.0,0.0,100,252.8,317.0,0,0.0,0.0,,0.0,1,0.32,0.04,SPY200330C00330000,330.0,normalDay
2020-03-18,4240.0,-7671.0,0.0,100,240.0,317.0,0,0.0,0.0,,0.0,1,0.32,0.03,SPY200330C00330000,330.0,normalDay
2020-03-19,4240.0,-7620.0,0.0,100,240.51,317.0,0,0.0,0.0,,0.0,1,0.32,0.03,SPY200330C00330000,330.0,normalDay
2020-03-20,4240.0,-8789.0,0.0,100,228.8,317.0,0,0.0,0.0,,0.0,1,0.32,0.01,SPY200330C00330000,330.0,normalDay
2020-03-23,4240.0,-9374.0,0.0,100,222.95,317.0,0,0.0,0.0,,0.0,1,0.32,0.01,SPY200330C00330000,330.0,normalDay
2020-03-24,4240.0,-7354.0,0.0,100,243.15,317.0,0,0.0,0.0,,0.0,1,0.32,0.01,SPY200330C00330000,330.0,normalDay
2020-03-25,4240.0,-6990.0,0.0,100,246.79,317.0,0,0.0,0.0,,0.0,1,0.32,0.01,SPY200330C00330000,330.0,normalDay
2020-03-26,4240.0,-5549.0,0.0,100,261.2,317.0,0,0.0,0.0,,0.0,1,0.32,0.01,SPY200330C00330000,330.0,normalDay
2020-03-27,4240.0,-6327.0,0.0,100,253.42,317.0,0,0.0,0.0,,0.0,1,0.32,0.01,SPY200330C00330000,330.0,normalDay
2020-03-30,4272.0,-5535.0,32.0,100,261.65,317.0,0,0.0,0.0,,0.0,1,0.32,0.0,SPY200330C00330000,330.0,expirationDay
2020-03-31,4272.0,-5941.0,0.0,100,257.75,317.0,0,0.0,0.0,,0.0,1,10.0,10.16,SPY200501C00263000,263.0,normalDay
2020-04-01,4272.0,-6698.0,0.0,100,246.15,317.0,0,0.0,0.0,,0.0,1,10.0,6.13,SPY200501C00263000,263.0,normalDay
2020-04-02,4272.0,-6252.0,0.0,100,251.83,317.0,0,0.0,0.0,,0.0,1,10.0,7.35,SPY200501C00263000,263.0,normalDay
2020-04-03,4272.0,-6331.0,0.0,100,248.19,317.0,0,0.0,0.0,,0.0,1,10.0,4.5,SPY200501C00263000,263.0,normalDay
2020-04-06,4272.0,-5439.0,0.0,100,264.86,317.0,0,0.0,0.0,,0.0,1,10.0,12.25,SPY200501C00263000,263.0,normalDay
2020-04-07,4272.0,-5409.0,0.0,100,265.13,317.0,0,0.0,0.0,,0.0,1,10.0,12.22,SPY200501C00263000,263.0,normalDay
2020-04-08,4272.0,-5101.0,0.0,100,274.03,317.0,0,0.0,0.0,,0.0,1,10.0,18.04,SPY200501C00263000,263.0,normalDay
2020-04-09,4272.0,-4983.0,0.0,100,278.2,317.0,0,0.0,0.0,,0.0,1,10.0,21.03,SPY200501C00263000,263.0,normalDay
2020-04-13,4272.0,-4941.0,0.0,100,275.66,317.0,0,0.0,0.0,,0.0,1,10.0,18.07,SPY200501C00263000,263.0,normalDay
2020-04-14,4272.0,-4734.0,0.0,100,283.79,317.0,0,0.0,0.0,,0.0,1,10.0,24.13,SPY200501C00263000,263.0,normalDay
2020-04-15,4272.0,-4834.0,0.0,100,277.76,317.0,0,0.0,0.0,,0.0,1,10.0,19.1,SPY200501C00263000,263.0,normalDay
2020-04-16,4272.0,-4782.0,0.0,100,279.1,317.0,0,0.0,0.0,,0.0,1,10.0,19.92,SPY200501C00263000,263.0,normalDay
2020-04-17,4272.0,-4622.0,0.0,100,286.64,317.0,0,0.0,0.0,,0.0,1,10.0,25.86,SPY200501C00263000,263.0,normalDay
2020-04-20,4272.0,-4682.0,0.0,100,281.59,317.0,0,0.0,0.0,,0.0,1,10.0,21.41,SPY200501C00263000,263.0,normalDay
2020-04-21,4272.0,-4862.0,0.0,100,273.04,317.0,0,0.0,0.0,,0.0,1,10.0,14.66,SPY200501C00263000,263.0,normalDay
2020-04-22,4272.0,-4588.0,0.0,100,279.1,317.0,0,0.0,0.0,,0.0,1,10.0,17.98,SPY200501C00263000,263.0,normalDay
2020-04-23,4272.0,-4548.0,0.0,100,279.08,317.0,0,0.0,0.0,,0.0,1,10.0,17.56,SPY200501C00263000,263.0,normalDay
2020-04-24,4272.0,-4440.0,0.0,100,282.97,317.0,0,0.0,0.0,,0.0,1,10.0,20.37,SPY200501C00263000,263.0,normalDay
2020-04-27,4272.0,-4418.0,0.0,100,287.05,317.0,0,0.0,0.0,,0.0,1,10.0,24.23,SPY200501C00263000,263.0,normalDay
2020-04-28,4272.0,-4449.0,0.0,100,285.73,317.0,0,0.0,0.0,,0.0,1,10.0,23.22,SPY200501C00263000,263.0,normalDay
2020-04-29,4272.0,-4419.0,0.0,100,293.21,317.0,0,0.0,0.0,,0.0,1,10.0,30.4,SPY200501C00263000,263.0,normalDay
2020-04-30,4272.0,-4301.0,0.0,100,290.48,317.0,0,0.0,0.0,,0.0,1,10.0,26.49,SPY200501C00263000,263.0,normalDay
2020-05-01,-128.0,-4301.0,-4400.0,0,282.79,0.0,0,0.0,0.0,,0.0,1,10.0,0.0,SPY200501C00263000,263.0,expirationDay
2020-05-04,-128.0,0.0,0.0,0,283.57,0.0,0,0.0,0.0,,0.0,0,0.0,0.0,,0.0,bidTooLow
2020-05-05,-128.0,-3.0,0.0,0,286.19,0.0,1,0.08,0.11,SPY200508P00264000,264.0,0,0.0,0.0,,0.0,normalDay
2020-05-06,-128.0,3.0,0.0,0,284.25,0.0,1,0.08,0.05,SPY200508P00264000,264.0,0,0.0,0.0,,0.0,normalDay
2020-05-07,-128.0,6.0,0.0,0,287.68,0.0,1,0.08,0.02,SPY200508P00264000,264.0,0,0.0,0.0,,0.0,normalDay
2020-05-08,-120.0,0.0,8.0,0,292.44,0.0,1,0.08,0.0,SPY200508P00264000,264.0,0,0.0,0.0,,0.0,expirationDay
2020-05-11,-120.0,0.0,0.0,0,292.5,0.0,0,0.0,0.0,,0.0,0,0.0,0.0,,0.0,bidTooLow
2020-05-12,-120.0,-3.0,0.0,0,286.67,0.0,1,0.39,0.42,SPY200515P00271000,271.0,0,0.0,0.0,,0.0,normalDay
2020-05-13,-120.0,3.0,0.0,0,281.6,0.0,1,0.39,0.36,SPY200515P00271000,271.0,0,0.0,0.0,,0.0,normalDay
2020-05-14,-120.0,35.0,0.0,0,284.97,0.0,1,0.39,0.04,SPY200515P00271000,271.0,0,0.0,0.0,,0.0,normalDay
2020-05-15,-81.0,0.0,39.0,0,286.28,0.0,1,0.39,0.0,SPY200515P00271000,271.0,0,0.0,0.0,,0.0,expirationDay
2020-05-18,-81.0,0.0,0.0,0,295.0,0.0,0,0.0,0.0,,0.0,0,0.0,0.0,,0.0,bidTooLow
2020-05-19,-81.0,-3.0,0.0,0,291.97,0.0,1,0.12,0.15,SPY200522P00275000,275.0,0,0.0,0.0,,0.0,normalDay
2020-05-20,-81.0,10.0,0.0,0,296.93,0.0,1,0.12,0.02,SPY200522P00275000,275.0,0,0.0,0.0,,0.0,normalDay
2020-05-21,-81.0,11.0,0.0,0,294.88,0.0,1,0.12,0.01,SPY200522P00275000,275.0,0,0.0,0.0,,0.0,normalDay
2020-05-22,-69.0,0.0,12.0,0,295.44,0.0,1,0.12,0.0,SPY200522P00275000,275.0,0,0.0,0.0,,0.0,expirationDay
2020-05-26,-69.0,-3.0,0.0,0,299.08,0.0,1,0.02,0.05,SPY200529P00276000,276.0,0,0.0,0.0,,0.0,normalDay
2020-05-27,-69.0,-1.0,0.0,0,303.53,0.0,1,0.02,0.03,SPY200529P00276000,276.0,0,0.0,0.0,,0.0,normalDay
2020-05-28,-69.0,0.0,0.0,0,302.97,0.0,1,0.02,0.02,SPY200529P00276000,276.0,0,0.0,0.0,,0.0,normalDay
2020-05-29,-67.0,0.0,2.0,0,304.32,0.0,1,0.02,0.0,SPY200529P00276000,276.0,0,0.0,0.0,,0.0,expirationDay
2020-06-01,-67.0,0.0,0.0,0,305.55,0.0,0,0.0,0.0,,0.0,0,0.0,0.0,,0.0,bidTooLow
2020-06-02,-67.0,0.0,0.0,0,308.08,0.0,0,0.0,0.0,,0.0,0,0.0,0.0,,0.0,bidTooLow
2020-06-03,-67.0,0.0,0.0,0,312.18,0.0,0,0.0,0.0,,0.0,0,0.0,0.0,,0.0,bidTooLow
2020-06-04,-67.0,0.0,0.0,0,311.36,0.0,0,0.0,0.0,,0.0,0,0.0,0.0,,0.0,bidTooLow
2020-06-05,-67.0,0.0,0.0,0,319.34,0.0,0,0.0,0.0,,0.0,0,0.0,0.0,,0.0,bidTooLow
2020-06-08,-67.0,0.0,0.0,0,323.2,0.0,0,0.0,0.0,,0.0,0,0.0,0.0,,0.0,bidTooLow
2020-06-09,-67.0,0.0,0.0,0,320.79,0.0,0,0.0,0.0,,0.0,0,0.0,0.0,,0.0,bidTooLow
2020-06-10,-67.0,0.0,0.0,0,319.0,0.0,0,0.0,0.0,,0.0,0,0.0,0.0,,0.0,bidTooLow
2020-06-11,-67.0,-3.0,0.0,0,300.61,0.0,1,0.08,0.11,SPY200612P00275000,275.0,0,0.0,0.0,,0.0,normalDay
2020-06-12,-59.0,0.0,8.0,0,304.21,0.0,1,0.08,0.0,SPY200612P00275000,275.0,0,0.0,0.0,,0.0,expirationDay
2020-06-15,-59.0,-3.0,0.0,0,307.05,0.0,1,0.06,0.09,SPY200617P00281000,281.0,0,0.0,0.0,,0.0,normalDay
2020-06-16,-59.0,5.0,0.0,0,312.96,0.0,1,0.06,0.01,SPY200617P00281000,281.0,0,0.0,0.0,,0.0,normalDay
2020-06-17,-53.0,0.0,6.0,0,311.66,0.0,1,0.06,0.0,SPY200617P00281000,281.0,0,0.0,0.0,,0.0,expirationDay
2020-06-18,-53.0,-3.0,0.0,0,311.78,0.0,1,0.01,0.04,SPY200619P00287000,287.0,0,0.0,0.0,,0.0,normalDay
2020-06-19,-52.0,0.0,1.0,0,308.64,0.0,1,0.01,0.0,SPY200619P00287000,287.0,0,0.0,0.0,,0.0,expirationDay
2020-06-22,-52.0,-3.0,0.0,0,310.62,0.0,1,0.04,0.07,SPY200624P00292000,292.0,0,0.0,0.0,,0.0,normalDay
2020-06-23,-52.0,2.0,0.0,0,312.05,0.0,1,0.04,0.02,SPY200624P00292000,292.0,0,0.0,0.0,,0.0,normalDay
2020-06-24,-48.0,0.0,4.0,0,304.09,0.0,1,0.04,0.0,SPY200624P00292000,292.0,0,0.0,0.0,,0.0,expirationDay
2020-06-25,-48.0,-3.0,0.0,0,307.35,0.0,1,0.04,0.07,SPY200626P00295000,295.0,0,0.0,0.0,,0.0,normalDay
2020-06-26,-44.0,0.0,4.0,0,300.05,0.0,1,0.04,0.0,SPY200626P00295000,295.0,0,0.0,0.0,,0.0,expirationDay
2020-06-29,-44.0,-4.0,0.0,0,304.46,0.0,1,0.73,0.77,SPY200702P00294000,294.0,0,0.0,0.0,,0.0,normalDay
2020-06-30,-44.0,52.0,0.0,0,308.36,0.0,1,0.73,0.21,SPY200702P00294000,294.0,0,0.0,0.0,,0.0,normalDay
2020-07-01,-44.0,68.0,0.0,0,310.52,0.0,1,0.73,0.05,SPY200702P00294000,294.0,0,0.0,0.0,,0.0,normalDay
2020-07-02,29.0,0.0,73.0,0,312.23,0.0,1,0.73,0.0,SPY200702P00294000,294.0,0,0.0,0.0,,0.0,expirationDay
2020-07-06,29.0,0.0,0.0,0,317.05,0.0,0,0.0,0.0,,0.0,0,0.0,0.0,,0.0,bidTooLow
2020-07-07,29.0,-3.0,0.0,0,313.78,0.0,1,0.08,0.11,SPY200710P00295000,295.0,0,0.0,0.0,,0.0,normalDay
2020-07-08,29.0,5.0,0.0,0,316.18,0.0,1,0.08,0.03,SPY200710P00295000,295.0,0,0.0,0.0,,0.0,normalDay
2020-07-09,29.0,6.0,0.0,0,314.38,0.0,1,0.08,0.02,SPY200710P00295000,295.0,0,0.0,0.0,,0.0,normalDay
2020-07-10,37.0,0.0,8.0,0,317.59,0.0,1,0.08,0.0,SPY200710P00295000,295.0,0,0.0,0.0,,0.0,expirationDay
2020-07-13,37.0,-3.0,0.0,0,314.84,0.0,1,0.15,0.18,SPY200715P00299000,299.0,0,0.0,0.0,,0.0,normalDay
2020-07-14,37.0,12.0,0.0,0,318.92,0.0,1,0.15,0.03,SPY200715P00299000,299.0,0,0.0,0.0,,0.0,normalDay
2020-07-15,52.0,0.0,15.0,0,321.85,0.0,1,0.15,0.0,SPY200715P00299000,299.0,0,0.0,0.0,,0.0,expirationDay
2020-07-16,52.0,0.0,0.0,0,320.79,0.0,0,0.0,0.0,,0.0,0,0.0,0.0,,0.0,bidTooLow
2020-07-17,52.0,0.0,0.0,0,321.72,0.0,0,0.0,0.0,,0.0,0,0.0,0.0,,0.0,bidTooLow
2020-07-20,52.0,0.0,0.0,0,324.32,0.0,0,0.0,0.0,,0.0,0,0.0,0.0,,0.0,bidTooLow
2020-07-21,52.0,0.0,0.0,0,325.01,0.0,0,0.0,0.0,,0.0,0,0.0,0.0,,0.0,bidTooLow
2020-07-22,52.0,0.0,0.0,0,326.86,0.0,0,0.0,0.0,,0.0,0,0.0,0.0,,0.0,bidTooLow
2020-07-23,52.0,0.0,0.0,0,322.96,0.0,0,0.0,0.0,,0.0,0,0.0,0.0,,0.0,bidTooLow
2020-07-24,52.0,0.0,0.0,0,320.88,0.0,0,0.0,0.0,,0.0,0,0.0,0.0,,0.0,bidTooLow
2020-07-27,52.0,0.0,0.0,0,323.22,0.0,0,0.0,0.0,,0.0,0,0.0,0.0,,0.0,bidTooLow
2020-07-28,52.0,-3.0,0.0,0,321.17,0.0,1,0.11,0.14,SPY200731P00305000,305.0,0,0.0,0.0,,0.0,normalDay
2020-07-29,52.0,6.0,0.0,0,325.12,0.0,1,0.11,0.05,SPY200731P00305000,305.0,0,0.0,0.0,,0.0,normalDay
2020-07-30,52.0,7.0,0.0,0,323.96,0.0,1,0.11,0.04,SPY200731P00305000,305.0,0,0.0,0.0,,0.0,normalDay
2020-07-31,63.0,0.0,11.0,0,326.52,0.0,1,0.11,0.0,SPY200731P00305000,305.0,0,0.0,0.0,,0.0,expirationDay
2020-08-03,63.0,-3.0,0.0,0,328.79,0.0,1,0.01,0.04,SPY200805P00310000,310.0,0,0.0,0.0,,0.0,normalDay
2020-08-04,63.0,-1.0,0.0,0,330.06,0.0,1,0.01,0.02,SPY200805P00310000,310.0,0,0.0,0.0,,0.0,normalDay
2020-08-05,64.0,0.0,1.0,0,332.11,0.0,1,0.01,0.0,SPY200805P00310000,310.0,0,0.0,0.0,,0.0,expirationDay
2020-08-06,64.0,0.0,0.0,0,334.33,0.0,0,0.0,0.0,,0.0,0,0.0,0.0,,0.0,bidTooLow
2020-08-07,64.0,0.0,0.0,0,334.57,0.0,0,0.0,0.0,,0.0,0,0.0,0.0,,0.0,bidTooLow
2020-08-10,64.0,0.0,0.0,0,335.57,0.0,0,0.0,0.0,,0.0,0,0.0,0.0,,0.0,bidTooLow
2020-08-11,64.0,-3.0,0.0,0,332.8,0.0,1,0.12,0.15,SPY200814P00314000,314.0,0,0.0,0.0,,0.0,normalDay
2020-08-12,64.0,9.0,0.0,0,337.44,0.0,1,0.12,0.03,SPY200814P00314000,314.0,0,0.0,0.0,,0.0,normalDay
2020-08-13,64.0,10.0,0.0,0,336.83,0.0,1,0.12,0.02,SPY200814P00314000,314.0,0,0.0,0.0,,0.0,normalDay
2020-08-14,76.0,0.0,12.0,0,336.84,0.0,1,0.12,0.0,SPY200814P00314000,314.0,0,0.0,0.0,,0.0,expirationDay
2020-08-17,76.0,0.0,0.0,0,337.91,0.0,0,0.0,0.0,,0.0,0,0.0,0.0,,0.0,bidTooLow
2020-08-18,76.0,-3.0,0.0,0,338.64,0.0,1,0.03,0.06,SPY200821P00314000,314.0,0,0.0,0.0,,0.0,normalDay
2020-08-19,76.0,-4.0,0.0,0,337.23,0.0,1,0.03,0.07,SPY200821P00314000,314.0,0,0.0,0.0,,0.0,normalDay
2020-08-20,76.0,1.0,0.0,0,338.28,0.0,1,0.03,0.02,SPY200821P00314000,314.0,0,0.0,0.0,,0.0,normalDay
2020-08-21,79.0,0.0,3.0,0,339.48,0.0,1,0.03,0.0,SPY200821P00314000,314.0,0,0.0,0.0,,0.0,expirationDay
2020-08-24,79.0,0.0,0.0,0,342.92,0.0,0,0.0,0.0,,0.0,0,0.0,0.0,,0.0,bidTooLow
2020-08-25,79.0,-3.0,0.0,0,344.12,0.0,1,0.01,0.04,SPY200828P00320000,320.0,0,0.0,0.0,,0.0,normalDay
2020-08-26,79.0,-4.0,0.0,0,347.57,0.0,1,0.01,0.05,SPY200828P00320000,320.0,0,0.0,0.0,,0.0,normalDay
2020-08-27,79.0,-1.0,0.0,0,348.33,0.0,1,0.01,0.02,SPY200828P00320000,320.0,0,0.0,0.0,,0.0,normalDay
2020-08-28,80.0,0.0,1.0,0,350.58,0.0,1,0.01,0.0,SPY200828P00320000,320.0,0,0.0,0.0,,0.0,expirationDay
2020-08-31,80.0,-3.0,0.0,0,349.31,0.0,1,0.02,0.05,SPY200902P00324000,324.0,0,0.0,0.0,,0.0,normalDay
2020-09-01,80.0,1.0,0.0,0,352.6,0.0,1,0.02,0.01,SPY200902P00324000,324.0,0,0.0,0.0,,0.0,normalDay
2020-09-02,82.0,0.0,2.0,0,357.7,0.0,1,0.02,0.0,SPY200902P00324000,324.0,0,0.0,0.0,,0.0,expirationDay
2020-09-03,82.0,-3.0,0.0,0,345.39,0.0,1,0.06,0.09,SPY200904P00324000,324.0,0,0.0,0.0,,0.0,normalDay
2020-09-04,88.0,0.0,6.0,0,342.57,0.0,1,0.06,0.0,SPY200904P00324000,324.0,0,0.0,0.0,,0.0,expirationDay
2020-09-08,88.0,-4.0,0.0,0,333.21,0.0,1,1.54,1.58,SPY200911P00325000,325.0,0,0.0,0.0,,0.0,normalDay
2020-09-09,88.0,118.0,0.0,0,339.79,0.0,1,1.54,0.36,SPY200911P00325000,325.0,0,0.0,0.0,,0.0,normalDay
2020-09-10,88.0,125.0,0.0,0,333.89,0.0,1,1.54,0.29,SPY200911P00325000,325.0,0,0.0,0.0,,0.0,normalDay
2020-09-11,242.0,0.0,154.0,0,334.06,0.0,1,1.54,0.0,SPY200911P00325000,325.0,0,0.0,0.0,,0.0,expirationDay
2020-09-14,242.0,-3.0,0.0,0,338.46,0.0,1,0.16,0.19,SPY200916P00325000,325.0,0,0.0,0.0,,0.0,normalDay
2020-09-15,242.0,12.0,0.0,0,340.17,0.0,1,0.16,0.04,SPY200916P00325000,325.0,0,0.0,0.0,,0.0,normalDay
2020-09-16,258.0,0.0,16.0,0,338.82,0.0,1,0.16,0.0,SPY200916P00325000,325.0,0,0.0,0.0,,0.0,expirationDay
2020-09-17,258.0,-3.0,0.0,0,335.84,0.0,1,0.2,0.23,SPY200918P00325000,325.0,0,0.0,0.0,,0.0,normalDay
2020-09-18,278.0,0.0,20.0,0,330.65,0.0,1,0.2,0.0,SPY200918P00325000,325.0,0,0.0,0.0,,0.0,expirationDay
2020-09-21,278.0,-4.0,0.0,0,326.97,0.0,1,0.77,0.81,SPY200923P00321000,321.0,0,0.0,0.0,,0.0,normalDay
2020-09-22,278.0,68.0,0.0,0,330.3,0.0,1,0.77,0.09,SPY200923P00321000,321.0,0,0.0,0.0,,0.0,normalDay
2020-09-23,355.0,0.0,77.0,0,322.64,0.0,1,0.77,0.0,SPY200923P00321000,321.0,0,0.0,0.0,,0.0,expirationDay
2020-09-24,355.0,-3.0,0.0,0,323.5,0.0,1,0.05,0.08,SPY200925P00313000,313.0,0,0.0,0.0,,0.0,normalDay
2020-09-25,360.0,0.0,5.0,0,328.73,0.0,1,0.05,0.0,SPY200925P00313000,313.0,0,0.0,0.0,,0.0,expirationDay
2020-09-28,360.0,0.0,0.0,0,334.19,0.0,0,0.0,0.0,,0.0,0,0.0,0.0,,0.0,bidTooLow
2020-09-29,360.0,-3.0,0.0,0,332.37,0.0,1,0.11,0.14,SPY201002P00313000,313.0,0,0.0,0.0,,0.0,normalDay
2020-09-30,360.0,3.0,0.0,0,334.89,0.0,1,0.11,0.08,SPY201002P00313000,313.0,0,0.0,0.0,,0.0,normalDay
2020-10-01,360.0,10.0,0.0,0,337.04,0.0,1,0.11,0.01,SPY201002P00313000,313.0,0,0.0,0.0,,0.0,normalDay
2020-10-02,371.0,0.0,11.0,0,333.84,0.0,1,0.11,0.0,SPY201002P00313000,313.0,0,0.0,0.0,,0.0,expirationDay
2020-10-05,371.0,-3.0,0.0,0,339.76,0.0,1,0.01,0.04,SPY201007P00320000,320.0,0,0.0,0.0,,0.0,normalDay
2020-10-06,371.0,-2.0,0.0,0,334.93,0.0,1,0.01,0.03,SPY201007P00320000,320.0,0,0.0,0.0,,0.0,normalDay
2020-10-07,372.0,0.0,1.0,0,340.76,0.0,1,0.01,0.0,SPY201007P00320000,320.0,0,0.0,0.0,,0.0,expirationDay
2020-10-08,372.0,0.0,0.0,0,343.78,0.0,0,0.0,0.0,,0.0,0,0.0,0.0,,0.0,bidTooLow
2020-10-09,372.0,0.0,0.0,0,346.85,0.0,0,0.0,0.0,,0.0,0,0.0,0.0,,0.0,bidTooLow
2020-10-12,372.0,0.0,0.0,0,352.43,0.0,0,0.0,0.0,,0.0,0,0.0,0.0,,0.0,bidTooLow
2020-10-13,372.0,0.0,0.0,0,350.13,0.0,0,0.0,0.0,,0.0,0,0.0,0.0,,0.0,bidTooLow
2020-10-14,372.0,0.0,0.0,0,347.93,0.0,0,0.0,0.0,,0.0,0,0.0,0.0,,0.0,bidTooLow
2020-10-15,372.0,0.0,0.0,0,347.5,0.0,0,0.0,0.0,,0.0,0,0.0,0.0,,0.0,bidTooLow
2020-10-16,372.0,0.0,0.0,0,347.29,0.0,0,0.0,0.0,,0.0,0,0.0,0.0,,0.0,bidTooLow
2020-10-19,372.0,0.0,0.0,0,342.01,0.0,0,0.0,0.0,,0.0,0,0.0,0.0,,0.0,bidTooLow
2020-10-20,372.0,-3.0,0.0,0,343.38,0.0,1,0.01,0.04,SPY201023P00317000,317.0,0,0.0,0.0,,0.0,normalDay
2020-10-21,372.0,-1.0,0.0,0,342.73,0.0,1,0.01,0.02,SPY201023P00317000,317.0,0,0.0,0.0,,0.0,normalDay
2020-10-22,372.0,0.0,0.0,0,344.61,0.0,1,0.01,0.01,SPY201023P00317000,317.0,0,0.0,0.0,,0.0,normalDay
2020-10-23,373.0,0.0,1.0,0,345.78,0.0,1,0.01,0.0,SPY201023P00317000,317.0,0,0.0,0.0,,0.0,expirationDay
2020-10-26,373.0,-3.0,0.0,0,339.39,0.0,1,0.27,0.3,SPY201028P00328000,328.0,0,0.0,0.0,,0.0,normalDay
2020-10-27,373.0,19.0,0.0,0,338.22,0.0,1,0.27,0.08,SPY201028P00328000,328.0,0,0.0,0.0,,0.0,normalDay
2020-10-28,400.0,-134.0,27.0,100,326.66,328.0,1,0.27,0.0,SPY201028P00328000,328.0,0,0.0,0.0,,0.0,expirationDay
2020-10-29,400.0,176.0,0.0,100,329.98,328.0,0,0.0,0.0,,0.0,1,5.72,5.94,SPY201130C00343000,343.0,normalDay
2020-10-30,400.0,-24.0,0.0,100,326.54,328.0,0,0.0,0.0,,0.0,1,5.72,4.5,SPY201130C00343000,343.0,normalDay
2020-11-02,400.0,299.0,0.0,100,330.2,328.0,0,0.0,0.0,,0.0,1,5.72,4.93,SPY201130C00343000,343.0,normalDay
2020-11-03,400.0,722.0,0.0,100,336.03,328.0,0,0.0,0.0,,0.0,1,5.72,6.53,SPY201130C00343000,343.0,normalDay
2020-11-04,400.0,1191.0,0.0,100,343.54,328.0,0,0.0,0.0,,0.0,1,5.72,9.35,SPY201130C00343000,343.0,normalDay
2020-11-05,400.0,1463.0,0.0,100,350.24,328.0,0,0.0,0.0,,0.0,1,5.72,13.33,SPY201130C00343000,343.0,normalDay
2020-11-06,400.0,1563.0,0.0,100,350.16,328.0,0,0.0,0.0,,0.0,1,5.72,12.25,SPY201130C00343000,343.0,normalDay
2020-11-09,400.0,1630.0,0.0,100,354.56,328.0,0,0.0,0.0,,0.0,1,5.72,15.98,SPY201130C00343000,343.0,normalDay
2020-11-10,400.0,1698.0,0.0,100,354.04,328.0,0,0.0,0.0,,0.0,1,5.72,14.78,SPY201130C00343000,343.0,normalDay
2020-11-11,400.0,1793.0,0.0,100,356.67,328.0,0,0.0,0.0,,0.0,1,5.72,16.46,SPY201130C00343000,343.0,normalDay
2020-11-12,400.0,1712.0,0.0,100,353.21,328.0,0,0.0,0.0,,0.0,1,5.72,13.81,SPY201130C00343000,343.0,normalDay
2020-11-13,400.0,1874.0,0.0,100,358.1,328.0,0,0.0,0.0,,0.0,1,5.72,17.08,SPY201130C00343000,343.0,normalDay
2020-11-16,400.0,1985.0,0.0,100,362.57,328.0,0,0.0,0.0,,0.0,1,5.72,20.44,SPY201130C00343000,343.0,normalDay
2020-11-17,400.0,1964.0,0.0,100,360.62,328.0,0,0.0,0.0,,0.0,1,5.72,18.7,SPY201130C00343000,343.0,normalDay
2020-11-18,400.0,1925.0,0.0,100,356.28,328.0,0,0.0,0.0,,0.0,1,5.72,14.75,SPY201130C00343000,343.0,normalDay
2020-11-19,400.0,1967.0,0.0,100,357.78,328.0,0,0.0,0.0,,0.0,1,5.72,15.83,SPY201130C00343000,343.0,normalDay
2020-11-20,400.0,1987.0,0.0,100,355.33,328.0,0,0.0,0.0,,0.0,1,5.72,13.18,SPY201130C00343000,343.0,normalDay
2020-11-23,400.0,2036.0,0.0,100,357.46,328.0,0,0.0,0.0,,0.0,1,5.72,14.82,SPY201130C00343000,343.0,normalDay
2020-11-24,400.0,2034.0,0.0,100,363.22,328.0,0,0.0,0.0,,0.0,1,5.72,20.6,SPY201130C00343000,343.0,normalDay
2020-11-25,400.0,2075.0,0.0,100,362.66,328.0,0,0.0,0.0,,0.0,1,5.72,19.63,SPY201130C00343000,343.0,normalDay
2020-11-27,400.0,2049.0,0.0,100,363.67,328.0,0,0.0,0.0,,0.0,1,5.72,20.9,SPY201130C00343000,343.0,normalDay
2020-11-30,2472.0,2049.0,2072.0,0,362.06,0.0,0,0.0,0.0,,0.0,1,5.72,0.0,SPY201130C00343000,343.0,expirationDay
2020-12-01,2472.0,-3.0,0.0,0,366.02,0.0,1,0.01,0.04,SPY201204P00337000,337.0,0,0.0,0.0,,0.0,normalDay
2020-12-02,2472.0,-2.0,0.0,0,366.79,0.0,1,0.01,0.03,SPY201204P00337000,337.0,0,0.0,0.0,,0.0,normalDay
2020-12-03,2472.0,-2.0,0.0,0,366.69,0.0,1,0.01,0.03,SPY201204P00337000,337.0,0,0.0,0.0,,0.0,normalDay
2020-12-04,2473.0,0.0,1.0,0,369.85,0.0,1,0.01,0.0,SPY201204P00337000,337.0,0,0.0,0.0,,0.0,expirationDay
2020-12-07,2473.0,-3.0,0.0,0,369.09,0.0,1,0.01,0.04,SPY201209P00348000,348.0,0,0.0,0.0,,0.0,normalDay
2020-12-08,2473.0,-1.0,0.0,0,370.17,0.0,1,0.01,0.02,SPY201209P00348000,348.0,0,0.0,0.0,,0.0,normalDay
2020-12-09,2474.0,0.0,1.0,0,366.85,0.0,1,0.01,0.0,SPY201209P00348000,348.0,0,0.0,0.0,,0.0,expirationDay
2020-12-10,2474.0,0.0,0.0,0,366.73,0.0,0,0.0,0.0,,0.0,0,0.0,0.0,,0.0,bidTooLow
2020-12-11,2474.0,-3.0,0.0,0,366.3,0.0,1,0.08,0.11,SPY201214P00352000,352.0,0,0.0,0.0,,0.0,normalDay
2020-12-14,2482.0,0.0,8.0,0,364.66,0.0,1,0.08,0.0,SPY201214P00352000,352.0,0,0.0,0.0,,0.0,expirationDay
2020-12-15,2482.0,-3.0,0.0,0,369.59,0.0,1,0.28,0.31,SPY201218P00352000,352.0,0,0.0,0.0,,0.0,normalDay
2020-12-16,2482.0,14.0,0.0,0,370.17,0.0,1,0.28,0.14,SPY201218P00352000,352.0,0,0.0,0.0,,0.0,normalDay
2020-12-17,2482.0,19.0,0.0,0,372.24,0.0,1,0.28,0.09,SPY201218P00352000,352.0,0,0.0,0.0,,0.0,normalDay
2020-12-18,2510.0,0.0,28.0,0,369.18,0.0,1,0.28,0.0,SPY201218P00352000,352.0,0,0.0,0.0,,0.0,expirationDay
2020-12-21,2510.0,-3.0,0.0,0,367.86,0.0,1,0.41,0.44,SPY201224P00357000,357.0,0,0.0,0.0,,0.0,normalDay
2020-12-22,2510.0,26.0,0.0,0,367.24,0.0,1,0.41,0.15,SPY201224P00357000,357.0,0,0.0,0.0,,0.0,normalDay
2020-12-23,2510.0,36.0,0.0,0,367.57,0.0,1,0.41,0.05,SPY201224P00357000,357.0,0,0.0,0.0,,0.0,normalDay
2020-12-24,2551.0,0.0,41.0,0,369.0,0.0,1,0.41,0.0,SPY201224P00357000,357.0,0,0.0,0.0,,0.0,expirationDay
2020-12-28,2551.0,-3.0,0.0,0,372.17,0.0,1,0.17,0.2,SPY201231P00362000,362.0,0,0.0,0.0,,0.0,normalDay
2020-12-29,2551.0,-2.0,0.0,0,371.46,0.0,1,0.17,0.19,SPY201231P00362000,362.0,0,0.0,0.0,,0.0,normalDay
2020-12-30,2551.0,9.0,0.0,0,371.99,0.0,1,0.17,0.08,SPY201231P00362000,362.0,0,0.0,0.0,,0.0,normalDay
2020-12-31,2568.0,0.0,17.0,0,373.88,0.0,1,0.17,0.0,SPY201231P00362000,362.0,0,0.0,0.0,,0.0,expirationDay
2021-01-04,2568.0,-3.0,0.0,0,368.79,0.0,1,1.17,1.2,SPY210106P00363000,363.0,0,0.0,0.0,,0.0,normalDay
2021-01-05,2568.0,80.0,0.0,0,371.33,0.0,1,1.17,0.37,SPY210106P00363000,363.0,0,0.0,0.0,,0.0,normalDay
2021-01-06,2685.0,0.0,117.0,0,373.55,0.0,1,1.17,0.0,SPY210106P00363000,363.0,0,0.0,0.0,,0.0,expirationDay
2021-01-07,2685.0,0.0,0.0,0,379.1,0.0,0,0.0,0.0,,0.0,0,0.0,0.0,,0.0,bidTooLow
2021-01-08,2685.0,0.0,0.0,0,381.26,0.0,0,0.0,0.0,,0.0,0,0.0,0.0,,0.0,bidTooLow
2021-01-11,2685.0,-3.0,0.0,0,378.69,0.0,1,0.06,0.09,SPY210113P00360000,360.0,0,0.0,0.0,,0.0,normalDay
2021-01-12,2685.0,3.0,0.0,0,378.77,0.0,1,0.06,0.03,SPY210113P00360000,360.0,0,0.0,0.0,,0.0,normalDay
2021-01-13,2691.0,0.0,6.0,0,379.79,0.0,1,0.06,0.0,SPY210113P00360000,360.0,0,0.0,0.0,,0.0,expirationDay
2021-01-14,2691.0,-3.0,0.0,0,378.46,0.0,1,0.04,0.07,SPY210115P00361000,361.0,0,0.0,0.0,,0.0,normalDay
2021-01-15,2695.0,0.0,4.0,0,375.7,0.0,1,0.04,0.0,SPY210115P00361000,361.0,0,0.0,0.0,,0.0,expirationDay
2021-01-19,2695.0,-3.0,0.0,0,378.65,0.0,1,0.14,0.17,SPY210122P00361000,361.0,0,0.0,0.0,,0.0,normalDay
2021-01-20,2695.0,9.0,0.0,0,383.89,0.0,1,0.14,0.05,SPY210122P00361000,361.0,0,0.0,0.0,,0.0,normalDay
2021-01-21,2695.0,12.0,0.0,0,384.24,0.0,1,0.14,0.02,SPY210122P00361000,361.0,0,0.0,0.0,,0.0,normalDay
2021-01-22,2709.0,0.0,14.0,0,382.88,0.0,1,0.14,0.0,SPY210122P00361000,361.0,0,0.0,0.0,,0.0,expirationDay
2021-01-25,2709.0,-3.0,0.0,0,384.39,0.0,1,0.04,0.07,SPY210127P00364000,364.0,0,0.0,0.0,,0.0,normalDay
2021-01-26,2709.0,1.0,0.0,0,383.79,0.0,1,0.04,0.03,SPY210127P00364000,364.0,0,0.0,0.0,,0.0,normalDay
2021-01-27,2713.0,0.0,4.0,0,374.41,0.0,1,0.04,0.0,SPY210127P00364000,364.0,0,0.0,0.0,,0.0,expirationDay
2021-01-28,2713.0,-3.0,0.0,0,377.63,0.0,1,0.15,0.18,SPY210129P00366000,366.0,0,0.0,0.0,,0.0,normalDay
2021-01-29,2728.0,0.0,15.0,0,370.07,0.0,1,0.15,0.0,SPY210129P00366000,366.0,0,0.0,0.0,,0.0,expirationDay
2021-02-01,2728.0,-3.0,0.0,0,376.23,0.0,1,0.75,0.78,SPY210203P00366000,366.0,0,0.0,0.0,,0.0,normalDay
2021-02-02,2728.0,69.0,0.0,0,381.55,0.0,1,0.75,0.06,SPY210203P00366000,366.0,0,0.0,0.0,,0.0,normalDay
2021-02-03,2803.0,0.0,75.0,0,381.85,0.0,1,0.75,0.0,SPY210203P00366000,366.0,0,0.0,0.0,,0.0,expirationDay
2021-02-04,2803.0,0.0,0.0,0,386.19,0.0,0,0.0,0.0,,0.0,0,0.0,0.0,,0.0,bidTooLow
2021-02-05,2803.0,0.0,0.0,0,387.71,0.0,0,0.0,0.0,,0.0,0,0.0,0.0,,0.0,bidTooLow
2021-02-08,2803.0,-3.0,0.0,0,390.51,0.0,1,0.01,0.04,SPY210210P00368000,368.0,0,0.0,0.0,,0.0,normalDay
2021-02-09,2803.0,-1.0,0.0,0,390.25,0.0,1,0.01,0.02,SPY210210P00368000,368.0,0,0.0,0.0,,0.0,normalDay
2021-02-10,2804.0,0.0,1.0,0,390.08,0.0,1,0.01,0.0,SPY210210P00368000,368.0,0,0.0,0.0,,0.0,expirationDay
2021-02-11,2804.0,0.0,0.0,0,390.71,0.0,0,0.0,0.0,,0.0,0,0.0,0.0,,0.0,bidTooLow
2021-02-12,2804.0,0.0,0.0,0,392.64,0.0,0,0.0,0.0,,0.0,0,0.0,0.0,,0.0,bidTooLow
2021-02-16,2804.0,-3.0,0.0,0,392.3,0.0,1,0.09,0.12,SPY210219P00368000,368.0,0,0.0,0.0,,0.0,normalDay
2021-02-17,2804.0,3.0,0.0,0,392.39,0.0,1,0.09,0.06,SPY210219P00368000,368.0,0,0.0,0.0,,0.0,normalDay
2021-02-18,2804.0,6.0,0.0,0,390.72,0.0,1,0.09,0.03,SPY210219P00368000,368.0,0,0.0,0.0,,0.0,normalDay
2021-02-19,2813.0,0.0,9.0,0,390.03,0.0,1,0.09,0.0,SPY210219P00368000,368.0,0,0.0,0.0,,0.0,expirationDay
2021-02-22,2813.0,-3.0,0.0,0,387.03,0.0,1,0.03,0.06,SPY210224P00368000,368.0,0,0.0,0.0,,0.0,normalDay
2021-02-23,2813.0,1.0,0.0,0,387.5,0.0,1,0.03,0.02,SPY210224P00368000,368.0,0,0.0,0.0,,0.0,normalDay
2021-02-24,2816.0,0.0,3.0,0,391.77,0.0,1,0.03,0.0,SPY210224P00368000,368.0,0,0.0,0.0,,0.0,expirationDay
2021-02-25,2816.0,-4.0,0.0,0,382.33,0.0,1,0.17,0.21,SPY210226P00370000,370.0,0,0.0,0.0,,0.0,normalDay
2021-02-26,2833.0,0.0,17.0,0,380.36,0.0,1,0.17,0.0,SPY210226P00370000,370.0,0,0.0,0.0,,0.0,expirationDay
2021-03-01,2833.0,-3.0,0.0,0,389.58,0.0,1,0.18,0.21,SPY210303P00375000,375.0,0,0.0,0.0,,0.0,normalDay
2021-03-02,2833.0,3.0,0.0,0,386.54,0.0,1,0.18,0.15,SPY210303P00375000,375.0,0,0.0,0.0,,0.0,normalDay
2021-03-03,2851.0,0.0,18.0,0,381.42,0.0,1,0.18,0.0,SPY210303P00375000,375.0,0,0.0,0.0,,0.0,expirationDay
2021-03-04,2851.0,-6.0,0.0,0,376.7,0.0,1,2.23,2.29,SPY210305P00376000,376.0,0,0.0,0.0,,0.0,normalDay
2021-03-05,3074.0,0.0,223.0,0,383.63,0.0,1,2.23,0.0,SPY210305P00376000,376.0,0,0.0,0.0,,0.0,expirationDay
2021-03-08,3074.0,-4.0,0.0,0,381.72,0.0,1,1.07,1.11,SPY210310P00375000,375.0,0,0.0,0.0,,0.0,normalDay
2021-03-09,3074.0,97.0,0.0,0,387.17,0.0,1,1.07,0.1,SPY210310P00375000,375.0,0,0.0,0.0,,0.0,normalDay
2021-03-10,3181.0,0.0,107.0,0,389.58,0.0,1,1.07,0.0,SPY210310P00375000,375.0,0,0.0,0.0,,0.0,expirationDay
2021-03-11,3181.0,0.0,0.0,0,393.53,0.0,0,0.0,0.0,,0.0,0,0.0,0.0,,0.0,bidTooLow
2021-03-12,3181.0,0.0,0.0,0,394.06,0.0,0,0.0,0.0,,0.0,0,0.0,0.0,,0.0,bidTooLow
2021-03-15,3181.0,-3.0,0.0,0,396.41,0.0,1,0.01,0.04,SPY210317P00374000,374.0,0,0.0,0.0,,0.0,normalDay
2021-03-16,3181.0,-2.0,0.0,0,395.91,0.0,1,0.01,0.03,SPY210317P00374000,374.0,0,0.0,0.0,,0.0,normalDay
2021-03-17,3182.0,0.0,1.0,0,397.26,0.0,1,0.01,0.0,SPY210317P00374000,374.0,0,0.0,0.0,,0.0,expirationDay
2021-03-18,3182.0,-3.0,0.0,0,391.48,0.0,1,0.08,0.11,SPY210319P00373000,373.0,0,0.0,0.0,,0.0,normalDay
2021-03-19,3190.0,0.0,8.0,0,389.48,0.0,1,0.08,0.0,SPY210319P00373000,373.0,0,0.0,0.0,,0.0,expirationDay
2021-03-22,3190.0,0.0,0.0,0,392.59,0.0,0,0.0,0.0,,0.0,0,0.0,0.0,,0.0,bidTooLow
2021-03-23,3190.0,-3.0,0.0,0,389.5,0.0,1,0.12,0.15,SPY210326P00373000,373.0,0,0.0,0.0,,0.0,normalDay
2021-03-24,3190.0,0.0,0.0,0,387.52,0.0,1,0.12,0.12,SPY210326P00373000,373.0,0,0.0,0.0,,0.0,normalDay
2021-03-25,3190.0,10.0,0.0,0,389.7,0.0,1,0.12,0.02,SPY210326P00373000,373.0,0,0.0,0.0,,0.0,normalDay
2021-03-26,3202.0,0.0,12.0,0,395.98,0.0,1,0.12,0.0,SPY210326P00373000,373.0,0,0.0,0.0,,0.0,expirationDay
2021-03-29,3202.0,-3.0,0.0,0,395.78,0.0,1,0.09,0.12,SPY210401P00375000,375.0,0,0.0,0.0,,0.0,normalDay
2021-03-30,3202.0,5.0,0.0,0,394.73,0.0,1,0.09,0.04,SPY210401P00375000,375.0,0,0.0,0.0,,0.0,normalDay
2021-03-31,3202.0,7.0,0.0,0,396.33,0.0,1,0.09,0.02,SPY210401P00375000,375.0,0,0.0,0.0,,0.0,normalDay
2021-04-01,3211.0,0.0,9.0,0,400.61,0.0,1,0.09,0.0,SPY210401P00375000,375.0,0,0.0,0.0,,0.0,expirationDay
2021-04-05,3211.0,0.0,0.0,0,406.36,0.0,0,0.0,0.0,,0.0,0,0.0,0.0,,0.0,bidTooLow
2021-04-06,3211.0,-3.0,0.0,0,406.12,0.0,1,0.02,0.05,SPY210409P00381000,381.0,0,0.0,0.0,,0.0,normalDay
2021-04-07,3211.0,0.0,0.0,0,406.59,0.0,1,0.02,0.02,SPY210409P00381000,381.0,0,0.0,0.0,,0.0,normalDay
2021-04-08,3211.0,1.0,0.0,0,408.52,0.0,1,0.02,0.01,SPY210409P00381000,381.0,0,0.0,0.0,,0.0,normalDay
2021-04-09,3213.0,0.0,2.0,0,411.49,0.0,1,0.02,0.0,SPY210409P00381000,381.0,0,0.0,0.0,,0.0,expirationDay
2021-04-12,3213.0,0.0,0.0,0,411.64,0.0,0,0.0,0.0,,0.0,0,0.0,0.0,,0.0,bidTooLow
2021-04-13,3213.0,0.0,0.0,0,412.86,0.0,0,0.0,0.0,,0.0,0,0.0,0.0,,0.0,bidTooLow
2021-04-14,3213.0,0.0,0.0,0,411.45,0.0,0,0.0,0.0,,0.0,0,0.0,0.0,,0.0,bidTooLow
2021-04-15,3213.0,0.0,0.0,0,415.87,0.0,0,0.0,0.0,,0.0,0,0.0,0.0,,0.0,bidTooLow
2021-04-16,3213.0,0.0,0.0,0,417.26,0.0,0,0.0,0.0,,0.0,0,0.0,0.0,,0.0,bidTooLow
2021-04-19,3213.0,0.0,0.0,0,415.21,0.0,0,0.0,0.0,,0.0,0,0.0,0.0,,0.0,bidTooLow
2021-04-20,3213.0,0.0,0.0,0,412.17,0.0,0,0.0,0.0,,0.0,0,0.0,0.0,,0.0,bidTooLow
2021-04-21,3213.0,0.0,0.0,0,416.07,0.0,0,0.0,0.0,,0.0,0,0.0,0.0,,0.0,bidTooLow
2021-04-22,3213.0,0.0,0.0,0,412.27,0.0,0,0.0,0.0,,0.0,0,0.0,0.0,,0.0,bidTooLow
2021-04-23,3213.0,0.0,0.0,0,416.74,0.0,0,0.0,0.0,,0.0,0,0.0,0.0,,0.0,bidTooLow
2021-04-26,3213.0,0.0,0.0,0,417.61,0.0,0,0.0,0.0,,0.0,0,0.0,0.0,,0.0,bidTooLow
2021-04-27,3213.0,-3.0,0.0,0,417.52,0.0,1,0.01,0.04,SPY210430P00392500,392.5,0,0.0,0.0,,0.0,normalDay
2021-04-28,3213.0,-2.0,0.0,0,417.4,0.0,1,0.01,0.03,SPY210430P00392500,392.5,0,0.0,0.0,,0.0,normalDay
2021-04-29,3213.0,-1.0,0.0,0,420.06,0.0,1,0.01,0.02,SPY210430P00392500,392.5,0,0.0,0.0,,0.0,normalDay
2021-04-30,3214.0,0.0,1.0,0,417.3,0.0,1,0.01,0.0,SPY210430P00392500,392.5,0,0.0,0.0,,0.0,expirationDay
2021-05-03,3214.0,-3.0,0.0,0,418.2,0.0,1,0.04,0.07,SPY210505P00404000,404.0,0,0.0,0.0,,0.0,normalDay
2021-05-04,3214.0,0.0,0.0,0,415.62,0.0,1,0.04,0.04,SPY210505P00404000,404.0,0,0.0,0.0,,0.0,normalDay
2021-05-05,3218.0,0.0,4.0,0,415.75,0.0,1,0.04,0.0,SPY210505P00404000,404.0,0,0.0,0.0,,0.0,expirationDay
2021-05-06,3218.0,-3.0,0.0,0,419.07,0.0,1,0.03,0.06,SPY210507P00409000,409.0,0,0.0,0.0,,0.0,normalDay
2021-05-07,3221.0,0.0,3.0,0,422.12,0.0,1,0.03,0.0,SPY210507P00409000,409.0,0,0.0,0.0,,0.0,expirationDay
2021-05-10,3221.0,-3.0,0.0,0,417.94,0.0,1,0.37,0.4,SPY210512P00409000,409.0,0,0.0,0.0,,0.0,normalDay
2021-05-11,3221.0,-15.0,0.0,0,414.21,0.0,1,0.37,0.52,SPY210512P00409000,409.0,0,0.0,0.0,,0.0,normalDay
2021-05-12,3258.0,-359.0,37.0,100,405.41,409.0,1,0.37,0.0,SPY210512P00409000,409.0,0,0.0,0.0,,0.0,expirationDay
2021-05-13,3258.0,115.0,0.0,100,410.28,409.0,0,0.0,0.0,,0.0,1,5.47,5.6,SPY210614C00416000,416.0,normalDay
2021-05-14,3258.0,520.0,0.0,100,416.58,409.0,0,0.0,0.0,,0.0,1,5.47,7.85,SPY210614C00416000,416.0,normalDay
2021-05-17,3258.0,508.0,0.0,100,415.52,409.0,0,0.0,0.0,,0.0,1,5.47,6.91,SPY210614C00416000,416.0,normalDay
2021-05-18,3258.0,334.0,0.0,100,411.94,409.0,0,0.0,0.0,,0.0,1,5.47,5.07,SPY210614C00416000,416.0,normalDay
2021-05-19,3258.0,291.0,0.0,100,410.86,409.0,0,0.0,0.0,,0.0,1,5.47,4.42,SPY210614C00416000,416.0,normalDay
2021-05-20,3258.0,572.0,0.0,100,415.28,409.0,0,0.0,0.0,,0.0,1,5.47,6.03,SPY210614C00416000,416.0,normalDay
2021-05-21,3258.0,561.0,0.0,100,414.94,409.0,0,0.0,0.0,,0.0,1,5.47,5.8,SPY210614C00416000,416.0,normalDay
2021-05-24,3258.0,836.0,0.0,100,419.17,409.0,0,0.0,0.0,,0.0,1,5.47,7.28,SPY210614C00416000,416.0,normalDay
2021-05-25,3258.0,813.0,0.0,100,418.24,409.0,0,0.0,0.0,,0.0,1,5.47,6.58,SPY210614C00416000,416.0,normalDay
2021-05-26,3258.0,898.0,0.0,100,419.07,409.0,0,0.0,0.0,,0.0,1,5.47,6.56,SPY210614C00416000,416.0,normalDay
2021-05-27,3258.0,890.0,0.0,100,419.29,409.0,0,0.0,0.0,,0.0,1,5.47,6.86,SPY210614C00416000,416.0,normalDay
2021-05-28,3258.0,988.0,0.0,100,420.04,409.0,0,0.0,0.0,,0.0,1,5.47,6.63,SPY210614C00416000,416.0,normalDay
2021-06-01,3258.0,991.0,0.0,100,419.67,409.0,0,0.0,0.0,,0.0,1,5.47,6.23,SPY210614C00416000,416.0,normalDay
2021-06-02,3258.0,1056.0,0.0,100,420.33,409.0,0,0.0,0.0,,0.0,1,5.47,6.24,SPY210614C00416000,416.0,normalDay
2021-06-03,3258.0,1008.0,0.0,100,418.77,409.0,0,0.0,0.0,,0.0,1,5.47,5.16,SPY210614C00416000,416.0,normalDay
2021-06-04,3258.0,1176.0,0.0,100,422.6,409.0,0,0.0,0.0,,0.0,1,5.47,7.31,SPY210614C00416000,416.0,normalDay
2021-06-07,3258.0,1170.0,0.0,100,422.19,409.0,0,0.0,0.0,,0.0,1,5.47,6.96,SPY210614C00416000,416.0,normalDay
2021-06-08,3258.0,1176.0,0.0,100,422.28,409.0,0,0.0,0.0,,0.0,1,5.47,6.99,SPY210614C00416000,416.0,normalDay
2021-06-09,3258.0,1151.0,0.0,100,421.65,409.0,0,0.0,0.0,,0.0,1,5.47,6.61,SPY210614C00416000,416.0,normalDay
2021-06-10,3258.0,1225.0,0.0,100,423.61,409.0,0,0.0,0.0,,0.0,1,5.47,7.83,SPY210614C00416000,416.0,normalDay
2021-06-11,3258.0,1239.0,0.0,100,424.31,409.0,0,0.0,0.0,,0.0,1,5.47,8.39,SPY210614C00416000,416.0,normalDay
2021-06-14,4505.0,1239.0,1247.0,0,425.26,0.0,0,0.0,0.0,,0.0,1,5.47,0.0,SPY210614C00416000,416.0,expirationDay
2021-06-15,4505.0,-3.0,0.0,0,424.48,0.0,1,0.29,0.32,SPY210618P00409000,409.0,0,0.0,0.0,,0.0,normalDay
2021-06-16,4505.0,-14.0,0.0,0,422.11,0.0,1,0.29,0.43,SPY210618P00409000,409.0,0,0.0,0.0,,0.0,normalDay
2021-06-17,4505.0,13.0,0.0,0,421.97,0.0,1,0.29,0.16,SPY210618P00409000,409.0,0,0.0,0.0,,0.0,normalDay
2021-06-18,4534.0,0.0,29.0,0,414.92,0.0,1,0.29,0.0,SPY210618P00409000,409.0,0,0.0,0.0,,0.0,expirationDay
2021-06-21,4534.0,-3.0,0.0,0,420.86,0.0,1,0.36,0.39,SPY210623P00415000,415.0,0,0.0,0.0,,0.0,normalDay
2021-06-22,4534.0,29.0,0.0,0,423.11,0.0,1,0.36,0.07,SPY210623P00415000,415.0,0,0.0,0.0,,0.0,normalDay
2021-06-23,4570.0,0.0,36.0,0,422.6,0.0,1,0.36,0.0,SPY210623P00415000,415.0,0,0.0,0.0,,0.0,expirationDay
2021-06-24,4570.0,-3.0,0.0,0,425.1,0.0,1,0.01,0.04,SPY210625P00415000,415.0,0,0.0,0.0,,0.0,normalDay
2021-06-25,4571.0,0.0,1.0,0,426.61,0.0,1,0.01,0.0,SPY210625P00415000,415.0,0,0.0,0.0,,0.0,expirationDay
2021-06-28,4571.0,-3.0,0.0,0,427.47,0.0,1,0.04,0.07,SPY210630P00415000,415.0,0,0.0,0.0,,0.0,normalDay
2021-06-29,4571.0,1.0,0.0,0,427.7,0.0,1,0.04,0.03,SPY210630P00415000,415.0,0,0.0,0.0,,0.0,normalDay
2021-06-30,4575.0,0.0,4.0,0,428.06,0.0,1,0.04,0.0,SPY210630P00415000,415.0,0,0.0,0.0,,0.0,expirationDay
2021-07-01,4575.0,0.0,0.0,0,430.43,0.0,0,0.0,0.0,,0.0,0,0.0,0.0,,0.0,bidTooLow
2021-07-02,4575.0,0.0,0.0,0,433.72,0.0,0,0.0,0.0,,0.0,0,0.0,0.0,,0.0,bidTooLow
2021-07-06,4575.0,-3.0,0.0,0,432.93,0.0,1,0.02,0.05,SPY210709P00414000,414.0,0,0.0,0.0,,0.0,normalDay
2021-07-07,4575.0,0.0,0.0,0,434.46,0.0,1,0.02,0.02,SPY210709P00414000,414.0,0,0.0,0.0,,0.0,normalDay
2021-07-08,4575.0,0.0,0.0,0,430.92,0.0,1,0.02,0.02,SPY210709P00414000,414.0,0,0.0,0.0,,0.0,normalDay
2021-07-09,4577.0,0.0,2.0,0,435.52,0.0,1,0.02,0.0,SPY210709P00414000,414.0,0,0.0,0.0,,0.0,expirationDay
2021-07-12,4577.0,0.0,0.0,0,437.08,0.0,0,0.0,0.0,,0.0,0,0.0,0.0,,0.0,bidTooLow
2021-07-13,4577.0,-3.0,0.0,0,435.59,0.0,1,0.08,0.11,SPY210716P00412000,412.0,0,0.0,0.0,,0.0,normalDay
2021-07-14,4577.0,4.0,0.0,0,436.24,0.0,1,0.08,0.04,SPY210716P00412000,412.0,0,0.0,0.0,,0.0,normalDay
2021-07-15,4577.0,5.0,0.0,0,434.75,0.0,1,0.08,0.03,SPY210716P00412000,412.0,0,0.0,0.0,,0.0,normalDay
2021-07-16,4585.0,0.0,8.0,0,431.34,0.0,1,0.08,0.0,SPY210716P00412000,412.0,0,0.0,0.0,,0.0,expirationDay
2021-07-19,4585.0,-3.0,0.0,0,424.97,0.0,1,0.71,0.74,SPY210721P00417000,417.0,0,0.0,0.0,,0.0,normalDay
2021-07-20,4585.0,67.0,0.0,0,431.06,0.0,1,0.71,0.04,SPY210721P00417000,417.0,0,0.0,0.0,,0.0,normalDay
2021-07-21,4656.0,0.0,71.0,0,434.55,0.0,1,0.71,0.0,SPY210721P00417000,417.0,0,0.0,0.0,,0.0,expirationDay
2021-07-22,4656.0,0.0,0.0,0,435.46,0.0,0,0.0,0.0,,0.0,0,0.0,0.0,,0.0,bidTooLow
2021-07-23,4656.0,0.0,0.0,0,439.94,0.0,0,0.0,0.0,,0.0,0,0.0,0.0,,0.0,bidTooLow
2021-07-26,4656.0,0.0,0.0,0,441.02,0.0,0,0.0,0.0,,0.0,0,0.0,0.0,,0.0,bidTooLow
2021-07-27,4656.0,-3.0,0.0,0,439.01,0.0,1,0.17,0.2,SPY210730P00423000,423.0,0,0.0,0.0,,0.0,normalDay
2021-07-28,4656.0,10.0,0.0,0,438.83,0.0,1,0.17,0.07,SPY210730P00423000,423.0,0,0.0,0.0,,0.0,normalDay
2021-07-29,4656.0,15.0,0.0,0,440.65,0.0,1,0.17,0.02,SPY210730P00423000,423.0,0,0.0,0.0,,0.0,normalDay
2021-07-30,4673.0,0.0,17.0,0,438.51,0.0,1,0.17,0.0,SPY210730P00423000,423.0,0,0.0,0.0,,0.0,expirationDay
2021-08-02,4673.0,-3.0,0.0,0,437.59,0.0,1,0.06,0.09,SPY210804P00425000,425.0,0,0.0,0.0,,0.0,normalDay
2021-08-03,4673.0,4.0,0.0,0,441.15,0.0,1,0.06,0.02,SPY210804P00425000,425.0,0,0.0,0.0,,0.0,normalDay
2021-08-04,4679.0,0.0,6.0,0,438.98,0.0,1,0.06,0.0,SPY210804P00425000,425.0,0,0.0,0.0,,0.0,expirationDay
2021-08-05,4679.0,0.0,0.0,0,441.76,0.0,0,0.0,0.0,,0.0,0,0.0,0.0,,0.0,bidTooLow
2021-08-06,4679.0,0.0,0.0,0,442.49,0.0,0,0.0,0.0,,0.0,0,0.0,0.0,,0.0,bidTooLow
2021-08-09,4679.0,-3.0,0.0,0,442.13,0.0,1,0.01,0.04,SPY210811P00426000,426.0,0,0.0,0.0,,0.0,normalDay
2021-08-10,4679.0,-1.0,0.0,0,442.68,0.0,1,0.01,0.02,SPY210811P00426000,426.0,0,0.0,0.0,,0.0,normalDay
2021-08-11,4680.0,0.0,1.0,0,443.78,0.0,1,0.01,0.0,SPY210811P00426000,426.0,0,0.0,0.0,,0.0,expirationDay
2021-08-12,4680.0,0.0,0.0,0,445.11,0.0,0,0.0,0.0,,0.0,0,0.0,0.0,,0.0,bidTooLow
2021-08-13,4680.0,-3.0,0.0,0,445.92,0.0,1,0.01,0.04,SPY210816P00427000,427.0,0,0.0,0.0,,0.0,normalDay
2021-08-16,4681.0,0.0,1.0,0,446.97,0.0,1,0.01,0.0,SPY210816P00427000,427.0,0,0.0,0.0,,0.0,expirationDay
2021-08-17,4681.0,-2.0,0.0,0,444.04,0.0,1,0.31,0.33,SPY210820P00432000,432.0,0,0.0,0.0,,0.0,normalDay
2021-08-18,4681.0,-73.0,0.0,0,439.18,0.0,1,0.31,1.04,SPY210820P00432000,432.0,0,0.0,0.0,,0.0,normalDay
2021-08-19,4681.0,4.0,0.0,0,439.86,0.0,1,0.31,0.27,SPY210820P00432000,432.0,0,0.0,0.0,,0.0,normalDay
2021-08-20,4712.0,0.0,31.0,0,443.36,0.0,1,0.31,0.0,SPY210820P00432000,432.0,0,0.0,0.0,,0.0,expirationDay
2021-08-23,4712.0,-3.0,0.0,0,447.26,0.0,1,0.03,0.06,SPY210825P00434000,434.0,0,0.0,0.0,,0.0,normalDay
2021-08-24,4712.0,0.0,0.0,0,447.97,0.0,1,0.03,0.03,SPY210825P00434000,434.0,0,0.0,0.0,,0.0,normalDay
2021-08-25,4715.0,0.0,3.0,0,448.91,0.0,1,0.03,0.0,SPY210825P00434000,434.0,0,0.0,0.0,,0.0,expirationDay
2021-08-26,4715.0,-3.0,0.0,0,446.26,0.0,1,0.05,0.08,SPY210827P00434000,434.0,0,0.0,0.0,,0.0,normalDay
2021-08-27,4720.0,0.0,5.0,0,450.25,0.0,1,0.05,0.0,SPY210827P00434000,434.0,0,0.0,0.0,,0.0,expirationDay
2021-08-30,4720.0,-3.0,0.0,0,452.23,0.0,1,0.02,0.05,SPY210901P00435000,435.0,0,0.0,0.0,,0.0,normalDay
2021-08-31,4720.0,-1.0,0.0,0,451.56,0.0,1,0.02,0.03,SPY210901P00435000,435.0,0,0.0,0.0,,0.0,normalDay
2021-09-01,4722.0,0.0,2.0,0,451.8,0.0,1,0.02,0.0,SPY210901P00435000,435.0,0,0.0,0.0,,0.0,expirationDay
2021-09-02,4722.0,0.0,0.0,0,453.19,0.0,0,0.0,0.0,,0.0,0,0.0,0.0,,0.0,bidTooLow
2021-09-03,4722.0,0.0,0.0,0,453.08,0.0,0,0.0,0.0,,0.0,0,0.0,0.0,,0.0,bidTooLow
2021-09-07,4722.0,-3.0,0.0,0,451.46,0.0,1,0.1,0.13,SPY210910P00436000,436.0,0,0.0,0.0,,0.0,normalDay
2021-09-08,4722.0,2.0,0.0,0,450.91,0.0,1,0.1,0.08,SPY210910P00436000,436.0,0,0.0,0.0,,0.0,normalDay
2021-09-09,4722.0,5.0,0.0,0,448.98,0.0,1,0.1,0.05,SPY210910P00436000,436.0,0,0.0,0.0,,0.0,normalDay
2021-09-10,4732.0,0.0,10.0,0,445.44,0.0,1,0.1,0.0,SPY210910P00436000,436.0,0,0.0,0.0,,0.0,expirationDay
2021-09-13,4732.0,-3.0,0.0,0,446.58,0.0,1,0.4,0.43,SPY210915P00437000,437.0,0,0.0,0.0,,0.0,normalDay
2021-09-14,4732.0,21.0,0.0,0,444.17,0.0,1,0.4,0.19,SPY210915P00437000,437.0,0,0.0,0.0,,0.0,normalDay
2021-09-15,4772.0,0.0,40.0,0,447.88,0.0,1,0.4,0.0,SPY210915P00437000,437.0,0,0.0,0.0,,0.0,expirationDay
2021-09-16,4772.0,-3.0,0.0,0,447.17,0.0,1,0.16,0.19,SPY210917P00439000,439.0,0,0.0,0.0,,0.0,normalDay
2021-09-17,4788.0,0.0,16.0,0,441.4,0.0,1,0.16,0.0,SPY210917P00439000,439.0,0,0.0,0.0,,0.0,expirationDay
2021-09-20,4788.0,-5.0,0.0,0,434.04,0.0,1,4.18,4.23,SPY210922P00436000,436.0,0,0.0,0.0,,0.0,normalDay
2021-09-21,4788.0,54.0,0.0,0,433.63,0.0,1,4.18,3.64,SPY210922P00436000,436.0,0,0.0,0.0,,0.0,normalDay
2021-09-22,5206.0,0.0,418.0,0,437.86,0.0,1,4.18,0.0,SPY210922P00436000,436.0,0,0.0,0.0,,0.0,expirationDay
2021-09-23,5206.0,-3.0,0.0,0,443.18,0.0,1,0.03,0.06,SPY210924P00431000,431.0,0,0.0,0.0,,0.0,normalDay
2021-09-24,5209.0,0.0,3.0,0,443.91,0.0,1,0.03,0.0,SPY210924P00431000,431.0,0,0.0,0.0,,0.0,expirationDay
2021-09-27,5209.0,-3.0,0.0,0,442.64,0.0,1,0.23,0.26,SPY210930P00430000,430.0,0,0.0,0.0,,0.0,normalDay
2021-09-28,5209.0,-142.0,0.0,0,433.72,0.0,1,0.23,1.65,SPY210930P00430000,430.0,0,0.0,0.0,,0.0,normalDay
2021-09-29,5209.0,-40.0,0.0,0,434.45,0.0,1,0.23,0.63,SPY210930P00430000,430.0,0,0.0,0.0,,0.0,normalDay
2021-09-30,5232.0,-86.0,23.0,100,429.14,430.0,1,0.23,0.0,SPY210930P00430000,430.0,0,0.0,0.0,,0.0,expirationDay
2021-10-01,5232.0,417.0,0.0,100,434.24,430.0,0,0.0,0.0,,0.0,1,3.92,3.99,SPY211101C00443000,443.0,normalDay
2021-10-04,5232.0,24.0,0.0,100,428.64,430.0,0,0.0,0.0,,0.0,1,3.92,2.32,SPY211101C00443000,443.0,normalDay
2021-10-05,5232.0,395.0,0.0,100,433.1,430.0,0,0.0,0.0,,0.0,1,3.92,3.07,SPY211101C00443000,443.0,normalDay
2021-10-06,5232.0,531.0,0.0,100,434.9,430.0,0,0.0,0.0,,0.0,1,3.92,3.51,SPY211101C00443000,443.0,normalDay
2021-10-07,5232.0,800.0,0.0,100,438.66,430.0,0,0.0,0.0,,0.0,1,3.92,4.58,SPY211101C00443000,443.0,normalDay
2021-10-08,5232.0,820.0,0.0,100,437.86,430.0,0,0.0,0.0,,0.0,1,3.92,3.58,SPY211101C00443000,443.0,normalDay
2021-10-11,5232.0,621.0,0.0,100,434.69,430.0,0,0.0,0.0,,0.0,1,3.92,2.4,SPY211101C00443000,443.0,normalDay
2021-10-12,5232.0,589.0,0.0,100,433.62,430.0,0,0.0,0.0,,0.0,1,3.92,1.65,SPY211101C00443000,443.0,normalDay
2021-10-13,5232.0,720.0,0.0,100,435.18,430.0,0,0.0,0.0,,0.0,1,3.92,1.9,SPY211101C00443000,443.0,normalDay
2021-10-14,5232.0,1205.0,0.0,100,442.5,430.0,0,0.0,0.0,,0.0,1,3.92,4.37,SPY211101C00443000,443.0,normalDay
2021-10-15,5232.0,1367.0,0.0,100,445.87,430.0,0,0.0,0.0,,0.0,1,3.92,6.12,SPY211101C00443000,443.0,normalDay
2021-10-18,5232.0,1442.0,0.0,100,447.19,430.0,0,0.0,0.0,,0.0,1,3.92,6.69,SPY211101C00443000,443.0,normalDay
2021-10-19,5232.0,1499.0,0.0,100,450.64,430.0,0,0.0,0.0,,0.0,1,3.92,9.57,SPY211101C00443000,443.0,normalDay
2021-10-20,5232.0,1607.0,0.0,100,452.41,430.0,0,0.0,0.0,,0.0,1,3.92,10.26,SPY211101C00443000,443.0,normalDay
2021-10-21,5232.0,1614.0,0.0,100,453.59,430.0,0,0.0,0.0,,0.0,1,3.92,11.37,SPY211101C00443000,443.0,normalDay
2021-10-22,5232.0,1637.0,0.0,100,453.12,430.0,0,0.0,0.0,,0.0,1,3.92,10.67,SPY211101C00443000,443.0,normalDay
2021-10-25,5232.0,1714.0,0.0,100,455.55,430.0,0,0.0,0.0,,0.0,1,3.92,12.33,SPY211101C00443000,443.0,normalDay
2021-10-26,5232.0,1635.0,0.0,100,455.96,430.0,0,0.0,0.0,,0.0,1,3.92,13.53,SPY211101C00443000,443.0,normalDay
2021-10-27,5232.0,1636.0,0.0,100,453.94,430.0,0,0.0,0.0,,0.0,1,3.92,11.5,SPY211101C00443000,443.0,normalDay
2021-10-28,5232.0,1718.0,0.0,100,458.32,430.0,0,0.0,0.0,,0.0,1,3.92,15.06,SPY211101C00443000,443.0,normalDay
2021-10-29,5232.0,1675.0,0.0,100,459.25,430.0,0,0.0,0.0,,0.0,1,3.92,16.42,SPY211101C00443000,443.0,normalDay
2021-11-01,6924.0,1675.0,1692.0,0,460.04,0.0,0,0.0,0.0,,0.0,1,3.92,0.0,SPY211101C00443000,443.0,expirationDay
2021-11-02,6924.0,-3.0,0.0,0,461.9,0.0,1,0.01,0.04,SPY211105P00423000,423.0,0,0.0,0.0,,0.0,normalDay
2021-11-03,6924.0,-1.0,0.0,0,464.72,0.0,1,0.01,0.02,SPY211105P00423000,423.0,0,0.0,0.0,,0.0,normalDay
2021-11-04,6924.0,0.0,0.0,0,466.91,0.0,1,0.01,0.01,SPY211105P00423000,423.0,0,0.0,0.0,,0.0,normalDay
2021-11-05,6925.0,0.0,1.0,0,468.53,0.0,1,0.01,0.0,SPY211105P00423000,423.0,0,0.0,0.0,,0.0,expirationDay
2021-11-08,6925.0,0.0,0.0,0,468.93,0.0,0,0.0,0.0,,0.0,0,0.0,0.0,,0.0,bidTooLow
2021-11-09,6925.0,0.0,0.0,0,467.38,0.0,0,0.0,0.0,,0.0,0,0.0,0.0,,0.0,bidTooLow
2021-11-10,6925.0,-3.0,0.0,0,463.62,0.0,1,0.01,0.04,SPY211112P00437000,437.0,0,0.0,0.0,,0.0,normalDay
2021-11-11,6925.0,-1.0,0.0,0,463.77,0.0,1,0.01,0.02,SPY211112P00437000,437.0,0,0.0,0.0,,0.0,normalDay
2021-11-12,6926.0,0.0,1.0,0,467.27,0.0,1,0.01,0.0,SPY211112P00437000,437.0,0,0.0,0.0,,0.0,expirationDay
2021-11-15,6926.0,0.0,0.0,0,467.43,0.0,0,0.0,0.0,,0.0,0,0.0,0.0,,0.0,bidTooLow
2021-11-16,6926.0,-3.0,0.0,0,469.28,0.0,1,0.04,0.07,SPY211119P00446000,446.0,0,0.0,0.0,,0.0,normalDay
2021-11-17,6926.0,0.0,0.0,0,468.14,0.0,1,0.04,0.04,SPY211119P00446000,446.0,0,0.0,0.0,,0.0,normalDay
2021-11-18,6926.0,1.0,0.0,0,469.73,0.0,1,0.04,0.03,SPY211119P00446000,446.0,0,0.0,0.0,,0.0,normalDay
2021-11-19,6930.0,0.0,4.0,0,468.89,0.0,1,0.04,0.0,SPY211119P00446000,446.0,0,0.0,0.0,,0.0,expirationDay
2021-11-22,6930.0,-3.0,0.0,0,467.57,0.0,1,0.07,0.1,SPY211124P00452000,452.0,0,0.0,0.0,,0.0,normalDay
2021-11-23,6930.0,3.0,0.0,0,468.19,0.0,1,0.07,0.04,SPY211124P00452000,452.0,0,0.0,0.0,,0.0,normalDay
2021-11-24,6937.0,0.0,7.0,0,469.44,0.0,1,0.07,0.0,SPY211124P00452000,452.0,0,0.0,0.0,,0.0,expirationDay
2021-11-26,6937.0,-11.0,0.0,0,458.97,0.0,1,3.2,3.31,SPY211129P00457000,457.0,0,0.0,0.0,,0.0,normalDay
2021-11-29,7257.0,0.0,320.0,0,464.6,0.0,1,3.2,0.0,SPY211129P00457000,457.0,0,0.0,0.0,,0.0,expirationDay
2021-11-30,7257.0,-8.0,0.0,0,455.56,0.0,1,3.35,3.43,SPY211203P00456000,456.0,0,0.0,0.0,,0.0,normalDay
2021-12-01,7257.0,-418.0,0.0,0,450.5,0.0,1,3.35,7.53,SPY211203P00456000,456.0,0,0.0,0.0,,0.0,normalDay
2021-12-02,7257.0,143.0,0.0,0,457.4,0.0,1,3.35,1.92,SPY211203P00456000,456.0,0,0.0,0.0,,0.0,normalDay
2021-12-03,7592.0,-258.0,335.0,100,453.42,456.0,1,3.35,0.0,SPY211203P00456000,456.0,0,0.0,0.0,,0.0,expirationDay
2021-12-06,7592.0,272.0,0.0,100,458.79,456.0,0,0.0,0.0,,0.0,1,6.51,6.58,SPY220107C00465000,465.0,normalDay
2021-12-07,7592.0,832.0,0.0,100,468.28,456.0,0,0.0,0.0,,0.0,1,6.51,10.47,SPY220107C00465000,465.0,normalDay
2021-12-08,7592.0,960.0,0.0,100,469.52,456.0,0,0.0,0.0,,0.0,1,6.51,10.43,SPY220107C00465000,465.0,normalDay
2021-12-09,7592.0,827.0,0.0,100,466.35,456.0,0,0.0,0.0,,0.0,1,6.51,8.59,SPY220107C00465000,465.0,normalDay
2021-12-10,7592.0,1075.0,0.0,100,470.74,456.0,0,0.0,0.0,,0.0,1,6.51,10.5,SPY220107C00465000,465.0,normalDay
2021-12-13,7592.0,923.0,0.0,100,466.57,456.0,0,0.0,0.0,,0.0,1,6.51,7.85,SPY220107C00465000,465.0,normalDay
2021-12-14,7592.0,733.0,0.0,100,463.36,456.0,0,0.0,0.0,,0.0,1,6.51,6.54,SPY220107C00465000,465.0,normalDay
2021-12-15,7592.0,1102.0,0.0,100,470.6,456.0,0,0.0,0.0,,0.0,1,6.51,10.09,SPY220107C00465000,465.0,normalDay
2021-12-16,7592.0,925.0,0.0,100,466.45,456.0,0,0.0,0.0,,0.0,1,6.51,7.71,SPY220107C00465000,465.0,normalDay
2021-12-17,7592.0,494.0,0.0,100,459.87,456.0,0,0.0,0.0,,0.0,1,6.51,5.44,SPY220107C00465000,465.0,normalDay
2021-12-20,7592.0,215.0,0.0,100,454.98,456.0,0,0.0,0.0,,0.0,1,6.51,3.34,SPY220107C00465000,465.0,normalDay
2021-12-21,7592.0,782.0,0.0,100,463.06,456.0,0,0.0,0.0,,0.0,1,6.51,5.75,SPY220107C00465000,465.0,normalDay
2021-12-22,7592.0,1076.0,0.0,100,467.69,456.0,0,0.0,0.0,,0.0,1,6.51,7.44,SPY220107C00465000,465.0,normalDay
2021-12-23,7592.0,1197.0,0.0,100,470.6,456.0,0,0.0,0.0,,0.0,1,6.51,9.14,SPY220107C00465000,465.0,normalDay
2021-12-27,7592.0,1402.0,0.0,100,477.26,456.0,0,0.0,0.0,,0.0,1,6.51,13.75,SPY220107C00465000,465.0,normalDay
2021-12-28,7592.0,1374.0,0.0,100,476.87,456.0,0,0.0,0.0,,0.0,1,6.51,13.64,SPY220107C00465000,465.0,normalDay
2021-12-29,7592.0,1445.0,0.0,100,477.48,456.0,0,0.0,0.0,,0.0,1,6.51,13.54,SPY220107C00465000,465.0,normalDay
2021-12-30,7592.0,1477.0,0.0,100,476.16,456.0,0,0.0,0.0,,0.0,1,6.51,11.9,SPY220107C00465000,465.0,normalDay
2021-12-31,7592.0,1452.0,0.0,100,474.96,456.0,0,0.0,0.0,,0.0,1,6.51,10.95,SPY220107C00465000,465.0,normalDay
2022-01-03,7592.0,1526.0,0.0,100,477.71,456.0,0,0.0,0.0,,0.0,1,6.51,12.96,SPY220107C00465000,465.0,normalDay
2022-01-04,7592.0,1542.0,0.0,100,477.55,456.0,0,0.0,0.0,,0.0,1,6.51,12.64,SPY220107C00465000,465.0,normalDay
2022-01-05,7592.0,1387.0,0.0,100,468.38,456.0,0,0.0,0.0,,0.0,1,6.51,5.02,SPY220107C00465000,465.0,normalDay
2022-01-06,7592.0,1458.0,0.0,100,467.94,456.0,0,0.0,0.0,,0.0,1,6.51,3.87,SPY220107C00465000,465.0,normalDay
2022-01-07,9143.0,1458.0,1551.0,0,466.09,0.0,0,0.0,0.0,,0.0,1,6.51,0.0,SPY220107C00465000,465.0,expirationDay
2022-01-10,9143.0,-3.0,0.0,0,465.51,0.0,1,0.17,0.2,SPY220112P00452000,452.0,0,0.0,0.0,,0.0,normalDay
2022-01-11,9143.0,14.0,0.0,0,469.75,0.0,1,0.17,0.03,SPY220112P00452000,452.0,0,0.0,0.0,,0.0,normalDay
2022-01-12,9160.0,0.0,17.0,0,471.02,0.0,1,0.17,0.0,SPY220112P00452000,452.0,0,0.0,0.0,,0.0,expirationDay
2022-01-13,9160.0,-3.0,0.0,0,464.53,0.0,1,0.09,0.12,SPY220114P00453000,453.0,0,0.0,0.0,,0.0,normalDay
2022-01-14,9169.0,0.0,9.0,0,464.72,0.0,1,0.09,0.0,SPY220114P00453000,453.0,0,0.0,0.0,,0.0,expirationDay
2022-01-18,9169.0,-4.0,0.0,0,456.49,0.0,1,2.43,2.47,SPY220121P00452000,452.0,0,0.0,0.0,,0.0,normalDay
2022-01-19,9169.0,-77.0,0.0,0,451.75,0.0,1,2.43,3.2,SPY220121P00452000,452.0,0,0.0,0.0,,0.0,normalDay
2022-01-20,9169.0,-376.0,0.0,0,446.75,0.0,1,2.43,6.19,SPY220121P00452000,452.0,0,0.0,0.0,,0.0,normalDay
2022-01-21,9412.0,-1402.0,243.0,100,437.98,452.0,1,2.43,0.0,SPY220121P00452000,452.0,0,0.0,0.0,,0.0,expirationDay
2022-01-24,9412.0,-1222.0,0.0,100,439.84,452.0,0,0.0,0.0,,0.0,1,1.68,1.74,SPY220225C00467000,467.0,normalDay
2022-01-25,9412.0,-1682.0,0.0,100,434.47,452.0,0,0.0,0.0,,0.0,1,1.68,0.97,SPY220225C00467000,467.0,normalDay
2022-01-26,9412.0,-1797.0,0.0,100,433.38,452.0,0,0.0,0.0,,0.0,1,1.68,1.03,SPY220225C00467000,467.0,normalDay
2022-01-27,9412.0,-1986.0,0.0,100,431.24,452.0,0,0.0,0.0,,0.0,1,1.68,0.78,SPY220225C00467000,467.0,normalDay
2022-01-28,9412.0,-996.0,0.0,100,441.95,452.0,0,0.0,0.0,,0.0,1,1.68,1.59,SPY220225C00467000,467.0,normalDay
2022-01-31,9412.0,-258.0,0.0,100,449.91,452.0,0,0.0,0.0,,0.0,1,1.68,2.17,SPY220225C00467000,467.0,normalDay
2022-02-01,9412.0,38.0,0.0,100,452.95,452.0,0,0.0,0.0,,0.0,1,1.68,2.25,SPY220225C00467000,467.0,normalDay
2022-02-02,9412.0,450.0,0.0,100,457.35,452.0,0,0.0,0.0,,0.0,1,1.68,2.53,SPY220225C00467000,467.0,normalDay
2022-02-03,9412.0,-545.0,0.0,100,446.6,452.0,0,0.0,0.0,,0.0,1,1.68,1.73,SPY220225C00467000,467.0,normalDay
2022-02-04,9412.0,-274.0,0.0,100,448.7,452.0,0,0.0,0.0,,0.0,1,1.68,1.12,SPY220225C00467000,467.0,normalDay
2022-02-07,9412.0,-386.0,0.0,100,447.26,452.0,0,0.0,0.0,,0.0,1,1.68,0.8,SPY220225C00467000,467.0,normalDay
2022-02-08,9412.0,-34.0,0.0,100,450.94,452.0,0,0.0,0.0,,0.0,1,1.68,0.96,SPY220225C00467000,467.0,normalDay
2022-02-09,9412.0,528.0,0.0,100,457.54,452.0,0,0.0,0.0,,0.0,1,1.68,1.94,SPY220225C00467000,467.0,normalDay
2022-02-10,9412.0,-182.0,0.0,100,449.32,452.0,0,0.0,0.0,,0.0,1,1.68,0.82,SPY220225C00467000,467.0,normalDay
2022-02-11,9412.0,-1011.0,0.0,100,440.46,452.0,0,0.0,0.0,,0.0,1,1.68,0.25,SPY220225C00467000,467.0,normalDay
2022-02-14,9412.0,-1145.0,0.0,100,439.02,452.0,0,0.0,0.0,,0.0,1,1.68,0.15,SPY220225C00467000,467.0,normalDay
2022-02-15,9412.0,-441.0,0.0,100,446.1,452.0,0,0.0,0.0,,0.0,1,1.68,0.19,SPY220225C00467000,467.0,normalDay
2022-02-16,9412.0,-382.0,0.0,100,446.6,452.0,0,0.0,0.0,,0.0,1,1.68,0.1,SPY220225C00467000,467.0,normalDay
2022-02-17,9412.0,-1329.0,0.0,100,437.06,452.0,0,0.0,0.0,,0.0,1,1.68,0.03,SPY220225C00467000,467.0,normalDay
2022-02-18,9412.0,-1611.0,0.0,100,434.23,452.0,0,0.0,0.0,,0.0,1,1.68,0.02,SPY220225C00467000,467.0,normalDay
2022-02-22,9412.0,-2076.0,0.0,100,429.57,452.0,0,0.0,0.0,,0.0,1,1.68,0.01,SPY220225C00467000,467.0,normalDay
2022-02-23,9412.0,-2838.0,0.0,100,421.95,452.0,0,0.0,0.0,,0.0,1,1.68,0.01,SPY220225C00467000,467.0,normalDay
2022-02-24,9412.0,-2203.0,0.0,100,428.3,452.0,0,0.0,0.0,,0.0,1,1.68,0.01,SPY220225C00467000,467.0,normalDay
2022-02-25,9580.0,-1425.0,168.0,100,437.75,452.0,0,0.0,0.0,,0.0,1,1.68,0.0,SPY220225C00467000,467.0,expirationDay
2022-02-28,9580.0,-1547.0,0.0,100,436.63,452.0,0,0.0,0.0,,0.0,1,8.06,8.16,SPY220401C00444000,444.0,normalDay
2022-03-01,9580.0,-2068.0,0.0,100,429.98,452.0,0,0.0,0.0,,0.0,1,8.06,6.72,SPY220401C00444000,444.0,normalDay
2022-03-02,9580.0,-1466.0,0.0,100,437.89,452.0,0,0.0,0.0,,0.0,1,8.06,8.61,SPY220401C00444000,444.0,normalDay
2022-03-03,9580.0,-1588.0,0.0,100,435.71,452.0,0,0.0,0.0,,0.0,1,8.06,7.65,SPY220401C00444000,444.0,normalDay
2022-03-04,9580.0,-1779.0,0.0,100,432.17,452.0,0,0.0,0.0,,0.0,1,8.06,6.02,SPY220401C00444000,444.0,normalDay
2022-03-07,9580.0,-2711.0,0.0,100,419.43,452.0,0,0.0,0.0,,0.0,1,8.06,2.6,SPY220401C00444000,444.0,normalDay
2022-03-08,9580.0,-2939.0,0.0,100,416.25,452.0,0,0.0,0.0,,0.0,1,8.06,1.7,SPY220401C00444000,444.0,normalDay
2022-03-09,9580.0,-2031.0,0.0,100,427.41,452.0,0,0.0,0.0,,0.0,1,8.06,3.78,SPY220401C00444000,444.0,normalDay
2022-03-10,9580.0,-2108.0,0.0,100,425.48,452.0,0,0.0,0.0,,0.0,1,8.06,2.62,SPY220401C00444000,444.0,normalDay
2022-03-11,9580.0,-2553.0,0.0,100,420.07,452.0,0,0.0,0.0,,0.0,1,8.06,1.66,SPY220401C00444000,444.0,normalDay
2022-03-14,9580.0,-2810.0,0.0,100,417.0,452.0,0,0.0,0.0,,0.0,1,8.06,1.16,SPY220401C00444000,444.0,normalDay
2022-03-15,9580.0,-1985.0,0.0,100,426.17,452.0,0,0.0,0.0,,0.0,1,8.06,2.08,SPY220401C00444000,444.0,normalDay
2022-03-16,9580.0,-1198.0,0.0,100,435.62,452.0,0,0.0,0.0,,0.0,1,8.06,3.66,SPY220401C00444000,444.0,normalDay
2022-03-17,9580.0,-791.0,0.0,100,441.07,452.0,0,0.0,0.0,,0.0,1,8.06,5.04,SPY220401C00444000,444.0,normalDay
2022-03-18,9580.0,-692.0,0.0,100,444.52,452.0,0,0.0,0.0,,0.0,1,8.06,7.5,SPY220401C00444000,444.0,normalDay
2022-03-21,9580.0,-627.0,0.0,100,444.39,452.0,0,0.0,0.0,,0.0,1,8.06,6.72,SPY220401C00444000,444.0,normalDay
2022-03-22,9580.0,-389.0,0.0,100,449.59,452.0,0,0.0,0.0,,0.0,1,8.06,9.54,SPY220401C00444000,444.0,normalDay
2022-03-23,9580.0,-579.0,0.0,100,443.8,452.0,0,0.0,0.0,,0.0,1,8.06,5.65,SPY220401C00444000,444.0,normalDay
2022-03-24,9580.0,-259.0,0.0,100,450.49,452.0,0,0.0,0.0,,0.0,1,8.06,9.14,SPY220401C00444000,444.0,normalDay
2022-03-25,9580.0,-147.0,0.0,100,452.69,452.0,0,0.0,0.0,,0.0,1,8.06,10.22,SPY220401C00444000,444.0,normalDay
2022-03-28,9580.0,-57.0,0.0,100,455.91,452.0,0,0.0,0.0,,0.0,1,8.06,12.54,SPY220401C00444000,444.0,normalDay
2022-03-29,9580.0,10.0,0.0,100,461.55,452.0,0,0.0,0.0,,0.0,1,8.06,17.51,SPY220401C00444000,444.0,normalDay
2022-03-30,9580.0,-54.0,0.0,100,458.7,452.0,0,0.0,0.0,,0.0,1,8.06,15.3,SPY220401C00444000,444.0,normalDay
2022-03-31,9580.0,-91.0,0.0,100,451.64,452.0,0,0.0,0.0,,0.0,1,8.06,8.61,SPY220401C00444000,444.0,normalDay
2022-04-01,9586.0,-91.0,6.0,0,452.92,0.0,0,0.0,0.0,,0.0,1,8.06,0.0,SPY220401C00444000,444.0,expirationDay
2022-04-04,9586.0,0.0,0.0,0,456.8,0.0,0,0.0,0.0,,0.0,0,0.0,0.0,,0.0,bidTooLow
2022-04-05,9586.0,-3.0,0.0,0,451.03,0.0,1,0.01,0.04,SPY220408P00408000,408.0,0,0.0,0.0,,0.0,normalDay
2022-04-06,9586.0,-2.0,0.0,0,446.52,0.0,1,0.01,0.03,SPY220408P00408000,408.0,0,0.0,0.0,,0.0,normalDay
2022-04-07,9586.0,0.0,0.0,0,448.77,0.0,1,0.01,0.01,SPY220408P00408000,408.0,0,0.0,0.0,,0.0,normalDay
2022-04-08,9587.0,0.0,1.0,0,447.57,0.0,1,0.01,0.0,SPY220408P00408000,408.0,0,0.0,0.0,,0.0,expirationDay
2022-04-11,9587.0,-3.0,0.0,0,439.92,0.0,1,0.47,0.5,SPY220414P00426000,426.0,0,0.0,0.0,,0.0,normalDay
2022-04-12,9587.0,21.0,0.0,0,438.29,0.0,1,0.47,0.26,SPY220414P00426000,426.0,0,0.0,0.0,,0.0,normalDay
2022-04-13,9587.0,42.0,0.0,0,443.31,0.0,1,0.47,0.05,SPY220414P00426000,426.0,0,0.0,0.0,,0.0,normalDay
2022-04-14,9634.0,0.0,47.0,0,437.79,0.0,1,0.47,0.0,SPY220414P00426000,426.0,0,0.0,0.0,,0.0,expirationDay
2022-04-18,9634.0,-3.0,0.0,0,437.97,0.0,1,0.27,0.3,SPY220420P00430000,430.0,0,0.0,0.0,,0.0,normalDay
2022-04-19,9634.0,22.0,0.0,0,445.04,0.0,1,0.27,0.05,SPY220420P00430000,430.0,0,0.0,0.0,,0.0,normalDay
2022-04-20,9661.0,0.0,27.0,0,444.71,0.0,1,0.27,0.0,SPY220420P00430000,430.0,0,0.0,0.0,,0.0,expirationDay
2022-04-21,9661.0,-3.0,0.0,0,438.06,0.0,1,0.14,0.17,SPY220422P00429000,429.0,0,0.0,0.0,,0.0,normalDay
2022-04-22,9675.0,-296.0,14.0,100,426.04,429.0,1,0.14,0.0,SPY220422P00429000,429.0,0,0.0,0.0,,0.0,expirationDay
2022-04-25,9675.0,-55.0,0.0,100,428.51,429.0,0,0.0,0.0,,0.0,1,3.11,3.17,SPY220527C00447000,447.0,normalDay
2022-04-26,9675.0,-1109.0,0.0,100,416.1,429.0,0,0.0,0.0,,0.0,1,3.11,1.3,SPY220527C00447000,447.0,normalDay
2022-04-27,9675.0,-1003.0,0.0,100,417.27,429.0,0,0.0,0.0,,0.0,1,3.11,1.41,SPY220527C00447000,447.0,normalDay
2022-04-28,9675.0,-72.0,0.0,100,427.81,429.0,0,0.0,0.0,,0.0,1,3.11,2.64,SPY220527C00447000,447.0,normalDay
2022-04-29,9675.0,-1491.0,0.0,100,412.0,429.0,0,0.0,0.0,,0.0,1,3.11,1.02,SPY220527C00447000,447.0,normalDay
2022-05-02,9675.0,-1246.0,0.0,100,414.48,429.0,0,0.0,0.0,,0.0,1,3.11,1.05,SPY220527C00447000,447.0,normalDay
2022-05-03,9675.0,-1041.0,0.0,100,416.38,429.0,0,0.0,0.0,,0.0,1,3.11,0.9,SPY220527C00447000,447.0,normalDay
2022-05-04,9675.0,102.0,0.0,100,429.06,429.0,0,0.0,0.0,,0.0,1,3.11,2.15,SPY220527C00447000,447.0,normalDay
2022-05-05,9675.0,-1284.0,0.0,100,413.81,429.0,0,0.0,0.0,,0.0,1,3.11,0.76,SPY220527C00447000,447.0,normalDay
2022-05-06,9675.0,-1495.0,0.0,100,411.34,429.0,0,0.0,0.0,,0.0,1,3.11,0.4,SPY220527C00447000,447.0,normalDay
2022-05-09,9675.0,-2793.0,0.0,100,398.17,429.0,0,0.0,0.0,,0.0,1,3.11,0.21,SPY220527C00447000,447.0,normalDay
2022-05-10,9675.0,-2692.0,0.0,100,399.09,429.0,0,0.0,0.0,,0.0,1,3.11,0.12,SPY220527C00447000,447.0,normalDay
2022-05-11,9675.0,-3322.0,0.0,100,392.75,429.0,0,0.0,0.0,,0.0,1,3.11,0.08,SPY220527C00447000,447.0,normalDay
2022-05-12,9675.0,-3362.0,0.0,100,392.34,429.0,0,0.0,0.0,,0.0,1,3.11,0.07,SPY220527C00447000,447.0,normalDay
2022-05-13,9675.0,-2422.0,0.0,100,401.72,429.0,0,0.0,0.0,,0.0,1,3.11,0.05,SPY220527C00447000,447.0,normalDay
2022-05-16,9675.0,-2583.0,0.0,100,400.09,429.0,0,0.0,0.0,,0.0,1,3.11,0.03,SPY220527C00447000,447.0,normalDay
2022-05-17,9675.0,-1760.0,0.0,100,408.32,429.0,0,0.0,0.0,,0.0,1,3.11,0.03,SPY220527C00447000,447.0,normalDay
2022-05-18,9675.0,-3405.0,0.0,100,391.86,429.0,0,0.0,0.0,,0.0,1,3.11,0.02,SPY220527C00447000,447.0,normalDay
2022-05-19,9675.0,-3645.0,0.0,100,389.46,429.0,0,0.0,0.0,,0.0,1,3.11,0.02,SPY220527C00447000,447.0,normalDay
2022-05-20,9675.0,-3628.0,0.0,100,389.63,429.0,0,0.0,0.0,,0.0,1,3.11,0.02,SPY220527C00447000,447.0,normalDay
2022-05-23,9675.0,-2899.0,0.0,100,396.92,429.0,0,0.0,0.0,,0.0,1,3.11,0.02,SPY220527C00447000,447.0,normalDay
2022-05-24,9675.0,-3201.0,0.0,100,393.89,429.0,0,0.0,0.0,,0.0,1,3.11,0.01,SPY220527C00447000,447.0,normalDay
2022-05-25,9675.0,-2853.0,0.0,100,397.37,429.0,0,0.0,0.0,,0.0,1,3.11,0.01,SPY220527C00447000,447.0,normalDay
2022-05-26,9675.0,-2059.0,0.0,100,405.31,429.0,0,0.0,0.0,,0.0,1,3.11,0.01,SPY220527C00447000,447.0,normalDay
2022-05-27,9986.0,-1374.0,311.0,100,415.26,429.0,0,0.0,0.0,,0.0,1,3.11,0.0,SPY220527C00447000,447.0,expirationDay
2022-05-31,9986.0,-1638.0,0.0,100,412.93,429.0,0,0.0,0.0,,0.0,1,16.1,16.41,SPY220701C00404000,404.0,normalDay
2022-06-01,9986.0,-1705.0,0.0,100,409.59,429.0,0,0.0,0.0,,0.0,1,16.1,13.74,SPY220701C00404000,404.0,normalDay
2022-06-02,9986.0,-1432.0,0.0,100,417.39,429.0,0,0.0,0.0,,0.0,1,16.1,18.81,SPY220701C00404000,404.0,normalDay
2022-06-03,9986.0,-1623.0,0.0,100,410.54,429.0,0,0.0,0.0,,0.0,1,16.1,13.87,SPY220701C00404000,404.0,normalDay
2022-06-06,9986.0,-1516.0,0.0,100,411.79,429.0,0,0.0,0.0,,0.0,1,16.1,14.05,SPY220701C00404000,404.0,normalDay
2022-06-07,9986.0,-1338.0,0.0,100,415.74,429.0,0,0.0,0.0,,0.0,1,16.1,16.22,SPY220701C00404000,404.0,normalDay
2022-06-08,9986.0,-1496.0,0.0,100,411.22,429.0,0,0.0,0.0,,0.0,1,16.1,13.28,SPY220701C00404000,404.0,normalDay
2022-06-09,9986.0,-1945.0,0.0,100,401.44,429.0,0,0.0,0.0,,0.0,1,16.1,7.99,SPY220701C00404000,404.0,normalDay
2022-06-10,9986.0,-2665.0,0.0,100,389.8,429.0,0,0.0,0.0,,0.0,1,16.1,3.55,SPY220701C00404000,404.0,normalDay
2022-06-13,9986.0,-3904.0,0.0,100,375.0,429.0,0,0.0,0.0,,0.0,1,16.1,1.14,SPY220701C00404000,404.0,normalDay
2022-06-14,9986.0,-3985.0,0.0,100,373.87,429.0,0,0.0,0.0,,0.0,1,16.1,0.82,SPY220701C00404000,404.0,normalDay
2022-06-15,9986.0,-3478.0,0.0,100,379.2,429.0,0,0.0,0.0,,0.0,1,16.1,1.08,SPY220701C00404000,404.0,normalDay
2022-06-16,9986.0,-4658.0,0.0,100,366.65,429.0,0,0.0,0.0,,0.0,1,16.1,0.33,SPY220701C00404000,404.0,normalDay
2022-06-17,9986.0,-4733.0,0.0,100,365.86,429.0,0,0.0,0.0,,0.0,1,16.1,0.29,SPY220701C00404000,404.0,normalDay
2022-06-21,9986.0,-3809.0,0.0,100,375.07,429.0,0,0.0,0.0,,0.0,1,16.1,0.26,SPY220701C00404000,404.0,normalDay
2022-06-22,9986.0,-3870.0,0.0,100,374.39,429.0,0,0.0,0.0,,0.0,1,16.1,0.19,SPY220701C00404000,404.0,normalDay
2022-06-23,9986.0,-3501.0,0.0,100,378.06,429.0,0,0.0,0.0,,0.0,1,16.1,0.17,SPY220701C00404000,404.0,normalDay
2022-06-24,9986.0,-2353.0,0.0,100,390.08,429.0,0,0.0,0.0,,0.0,1,16.1,0.71,SPY220701C00404000,404.0,normalDay
2022-06-27,9986.0,-2479.0,0.0,100,388.59,429.0,0,0.0,0.0,,0.0,1,16.1,0.48,SPY220701C00404000,404.0,normalDay
2022-06-28,9986.0,-3233.0,0.0,100,380.65,429.0,0,0.0,0.0,,0.0,1,16.1,0.08,SPY220701C00404000,404.0,normalDay
2022-06-29,9986.0,-3260.0,0.0,100,380.34,429.0,0,0.0,0.0,,0.0,1,16.1,0.04,SPY220701C00404000,404.0,normalDay
2022-06-30,9986.0,-3566.0,0.0,100,377.25,429.0,0,0.0,0.0,,0.0,1,16.1,0.01,SPY220701C00404000,404.0,normalDay
2022-07-01,11596.0,-4776.0,1610.0,100,381.24,429.0,0,0.0,0.0,,0.0,1,16.1,0.0,SPY220701C00404000,404.0,expirationDay
2022-07-05,11596.0,-4710.0,0.0,100,381.96,429.0,0,0.0,0.0,,0.0,1,9.19,9.25,SPY220805C00386000,386.0,normalDay
2022-07-06,11596.0,-4653.0,0.0,100,383.25,429.0,0,0.0,0.0,,0.0,1,9.19,9.97,SPY220805C00386000,386.0,normalDay
2022-07-07,11596.0,-4323.0,0.0,100,388.99,429.0,0,0.0,0.0,,0.0,1,9.19,12.41,SPY220805C00386000,386.0,normalDay
2022-07-08,11596.0,-4305.0,0.0,100,388.67,429.0,0,0.0,0.0,,0.0,1,9.19,11.91,SPY220805C00386000,386.0,normalDay
2022-07-11,11596.0,-4495.0,0.0,100,384.23,429.0,0,0.0,0.0,,0.0,1,9.19,9.37,SPY220805C00386000,386.0,normalDay
2022-07-12,11596.0,-4633.0,0.0,100,380.83,429.0,0,0.0,0.0,,0.0,1,9.19,7.35,SPY220805C00386000,386.0,normalDay
2022-07-13,11596.0,-4709.0,0.0,100,378.83,429.0,0,0.0,0.0,,0.0,1,9.19,6.11,SPY220805C00386000,386.0,normalDay
2022-07-14,11596.0,-4740.0,0.0,100,377.91,429.0,0,0.0,0.0,,0.0,1,9.19,5.5,SPY220805C00386000,386.0,normalDay
2022-07-15,11596.0,-4265.0,0.0,100,385.13,429.0,0,0.0,0.0,,0.0,1,9.19,7.97,SPY220805C00386000,386.0,normalDay
2022-07-18,11596.0,-4419.0,0.0,100,381.95,429.0,0,0.0,0.0,,0.0,1,9.19,6.33,SPY220805C00386000,386.0,normalDay
2022-07-19,11596.0,-4001.0,0.0,100,392.27,429.0,0,0.0,0.0,,0.0,1,9.19,12.47,SPY220805C00386000,386.0,normalDay
2022-07-20,11596.0,-3869.0,0.0,100,394.77,429.0,0,0.0,0.0,,0.0,1,9.19,13.65,SPY220805C00386000,386.0,normalDay
2022-07-21,11596.0,-3665.0,0.0,100,398.79,429.0,0,0.0,0.0,,0.0,1,9.19,15.63,SPY220805C00386000,386.0,normalDay
2022-07-22,11596.0,-3718.0,0.0,100,395.09,429.0,0,0.0,0.0,,0.0,1,9.19,12.46,SPY220805C00386000,386.0,normalDay
2022-07-25,11596.0,-3726.0,0.0,100,395.57,429.0,0,0.0,0.0,,0.0,1,9.19,13.02,SPY220805C00386000,386.0,normalDay
2022-07-26,11596.0,-3890.0,0.0,100,390.89,429.0,0,0.0,0.0,,0.0,1,9.19,9.98,SPY220805C00386000,386.0,normalDay
2022-07-27,11596.0,-3485.0,0.0,100,401.04,429.0,0,0.0,0.0,,0.0,1,9.19,16.08,SPY220805C00386000,386.0,normalDay
2022-07-28,11596.0,-3573.0,0.0,100,406.07,429.0,0,0.0,0.0,,0.0,1,9.19,21.99,SPY220805C00386000,386.0,normalDay
2022-07-29,11596.0,-3429.0,0.0,100,411.99,429.0,0,0.0,0.0,,0.0,1,9.19,26.47,SPY220805C00386000,386.0,normalDay
2022-08-01,11596.0,-3437.0,0.0,100,410.77,429.0,0,0.0,0.0,,0.0,1,9.19,25.33,SPY220805C00386000,386.0,normalDay
2022-08-02,11596.0,-3400.0,0.0,100,408.06,429.0,0,0.0,0.0,,0.0,1,9.19,22.25,SPY220805C00386000,386.0,normalDay
2022-08-03,11596.0,-3368.0,0.0,100,414.45,429.0,0,0.0,0.0,,0.0,1,9.19,28.32,SPY220805C00386000,386.0,normalDay
2022-08-04,11596.0,-3416.0,0.0,100,414.17,429.0,0,0.0,0.0,,0.0,1,9.19,28.52,SPY220805C00386000,386.0,normalDay
2022-08-05,8215.0,-3416.0,-3381.0,0,413.47,0.0,0,0.0,0.0,,0.0,1,9.19,0.0,SPY220805C00386000,386.0,expirationDay
2022-08-08,8215.0,0.0,0.0,0,412.99,0.0,0,0.0,0.0,,0.0,0,0.0,0.0,,0.0,bidTooLow
2022-08-09,8215.0,0.0,0.0,0,411.35,0.0,0,0.0,0.0,,0.0,0,0.0,0.0,,0.0,bidTooLow
2022-08-10,8215.0,0.0,0.0,0,419.99,0.0,0,0.0,0.0,,0.0,0,0.0,0.0,,0.0,bidTooLow
2022-08-11,8215.0,0.0,0.0,0,419.99,0.0,0,0.0,0.0,,0.0,0,0.0,0.0,,0.0,bidTooLow
2022-08-12,8215.0,0.0,0.0,0,427.1,0.0,0,0.0,0.0,,0.0,0,0.0,0.0,,0.0,bidTooLow
2022-08-15,8215.0,0.0,0.0,0,428.86,0.0,0,0.0,0.0,,0.0,0,0.0,0.0,,0.0,bidTooLow
2022-08-16,8215.0,0.0,0.0,0,429.7,0.0,0,0.0,0.0,,0.0,0,0.0,0.0,,0.0,bidTooLow
2022-08-17,8215.0,0.0,0.0,0,426.65,0.0,0,0.0,0.0,,0.0,0,0.0,0.0,,0.0,bidTooLow
2022-08-18,8215.0,0.0,0.0,0,427.89,0.0,0,0.0,0.0,,0.0,0,0.0,0.0,,0.0,bidTooLow
2022-08-19,8215.0,0.0,0.0,0,422.14,0.0,0,0.0,0.0,,0.0,0,0.0,0.0,,0.0,bidTooLow
2022-08-22,8215.0,-3.0,0.0,0,413.35,0.0,1,0.01,0.04,SPY220824P00390000,390.0,0,0.0,0.0,,0.0,normalDay
2022-08-23,8215.0,-1.0,0.0,0,412.35,0.0,1,0.01,0.02,SPY220824P00390000,390.0,0,0.0,0.0,,0.0,normalDay
2022-08-24,8216.0,0.0,1.0,0,413.67,0.0,1,0.01,0.0,SPY220824P00390000,390.0,0,0.0,0.0,,0.0,expirationDay
2022-08-25,8216.0,-3.0,0.0,0,419.51,0.0,1,0.02,0.05,SPY220826P00400000,400.0,0,0.0,0.0,,0.0,normalDay
2022-08-26,8218.0,0.0,2.0,0,405.31,0.0,1,0.02,0.0,SPY220826P00400000,400.0,0,0.0,0.0,,0.0,expirationDay
2022-08-29,8218.0,-3.0,0.0,0,402.63,0.0,1,0.95,0.98,SPY220831P00396000,396.0,0,0.0,0.0,,0.0,normalDay
2022-08-30,8218.0,-30.0,0.0,0,398.21,0.0,1,0.95,1.25,SPY220831P00396000,396.0,0,0.0,0.0,,0.0,normalDay
2022-08-31,8313.0,-82.0,95.0,100,395.18,396.0,1,0.95,0.0,SPY220831P00396000,396.0,0,0.0,0.0,,0.0,expirationDay
2022-09-01,8313.0,37.0,0.0,100,396.42,396.0,0,0.0,0.0,,0.0,1,2.33,2.38,SPY221003C00416000,416.0,normalDay
2022-09-02,8313.0,-307.0,0.0,100,392.24,396.0,0,0.0,0.0,,0.0,1,2.33,1.64,SPY221003C00416000,416.0,normalDay
2022-09-06,8313.0,-417.0,0.0,100,390.76,396.0,0,0.0,0.0,,0.0,1,2.33,1.26,SPY221003C00416000,416.0,normalDay
2022-09-07,8313.0,209.0,0.0,100,397.78,396.0,0,0.0,0.0,,0.0,1,2.33,2.02,SPY221003C00416000,416.0,normalDay
2022-09-08,8313.0,426.0,0.0,100,400.38,396.0,0,0.0,0.0,,0.0,1,2.33,2.45,SPY221003C00416000,416.0,normalDay
2022-09-09,8313.0,930.0,0.0,100,406.6,396.0,0,0.0,0.0,,0.0,1,2.33,3.63,SPY221003C00416000,416.0,normalDay
2022-09-12,8313.0,1177.0,0.0,100,410.97,396.0,0,0.0,0.0,,0.0,1,2.33,5.53,SPY221003C00416000,416.0,normalDay
2022-09-13,8313.0,-175.0,0.0,100,393.1,396.0,0,0.0,0.0,,0.0,1,2.33,1.18,SPY221003C00416000,416.0,normalDay
2022-09-14,8313.0,-10.0,0.0,100,394.6,396.0,0,0.0,0.0,,0.0,1,2.33,1.03,SPY221003C00416000,416.0,normalDay
2022-09-15,8313.0,-414.0,0.0,100,390.12,396.0,0,0.0,0.0,,0.0,1,2.33,0.59,SPY221003C00416000,416.0,normalDay
2022-09-16,8313.0,-844.0,0.0,100,385.56,396.0,0,0.0,0.0,,0.0,1,2.33,0.33,SPY221003C00416000,416.0,normalDay
2022-09-19,8313.0,-546.0,0.0,100,388.55,396.0,0,0.0,0.0,,0.0,1,2.33,0.34,SPY221003C00416000,416.0,normalDay
2022-09-20,8313.0,-979.0,0.0,100,384.09,396.0,0,0.0,0.0,,0.0,1,2.33,0.21,SPY221003C00416000,416.0,normalDay
2022-09-21,8313.0,-1636.0,0.0,100,377.39,396.0,0,0.0,0.0,,0.0,1,2.33,0.08,SPY221003C00416000,416.0,normalDay
2022-09-22,8313.0,-1948.0,0.0,100,374.22,396.0,0,0.0,0.0,,0.0,1,2.33,0.03,SPY221003C00416000,416.0,normalDay
2022-09-23,8313.0,-2574.0,0.0,100,367.95,396.0,0,0.0,0.0,,0.0,1,2.33,0.02,SPY221003C00416000,416.0,normalDay
2022-09-26,8313.0,-2937.0,0.0,100,364.31,396.0,0,0.0,0.0,,0.0,1,2.33,0.01,SPY221003C00416000,416.0,normalDay
2022-09-27,8313.0,-3030.0,0.0,100,363.38,396.0,0,0.0,0.0,,0.0,1,2.33,0.01,SPY221003C00416000,416.0,normalDay
2022-09-28,8313.0,-2315.0,0.0,100,370.53,396.0,0,0.0,0.0,,0.0,1,2.33,0.01,SPY221003C00416000,416.0,normalDay
2022-09-29,8313.0,-3089.0,0.0,100,362.79,396.0,0,0.0,0.0,,0.0,1,2.33,0.01,SPY221003C00416000,416.0,normalDay
2022-09-30,8313.0,-3650.0,0.0,100,357.18,396.0,0,0.0,0.0,,0.0,1,2.33,0.01,SPY221003C00416000,416.0,normalDay
2022-10-03,8546.0,-2939.0,233.0,100,366.61,396.0,0,0.0,0.0,,0.0,1,2.33,0.0,SPY221003C00416000,416.0,expirationDay
2022-10-04,8546.0,-1810.0,0.0,100,377.97,396.0,0,0.0,0.0,,0.0,1,9.26,9.33,SPY221104C00383000,383.0,normalDay
2022-10-05,8546.0,-1860.0,0.0,100,377.09,396.0,0,0.0,0.0,,0.0,1,9.26,8.95,SPY221104C00383000,383.0,normalDay
2022-10-06,8546.0,-2086.0,0.0,100,373.2,396.0,0,0.0,0.0,,0.0,1,9.26,7.32,SPY221104C00383000,383.0,normalDay
2022-10-07,8546.0,-2734.0,0.0,100,362.79,396.0,0,0.0,0.0,,0.0,1,9.26,3.39,SPY221104C00383000,383.0,normalDay
2022-10-10,8546.0,-2956.0,0.0,100,360.02,396.0,0,0.0,0.0,,0.0,1,9.26,2.84,SPY221104C00383000,383.0,normalDay
2022-10-11,8546.0,-3148.0,0.0,100,357.74,396.0,0,0.0,0.0,,0.0,1,9.26,2.48,SPY221104C00383000,383.0,normalDay
2022-10-12,8546.0,-3240.0,0.0,100,356.56,396.0,0,0.0,0.0,,0.0,1,9.26,2.22,SPY221104C00383000,383.0,normalDay
2022-10-13,8546.0,-2494.0,0.0,100,365.97,396.0,0,0.0,0.0,,0.0,1,9.26,4.17,SPY221104C00383000,383.0,normalDay
2022-10-14,8546.0,-3093.0,0.0,100,357.63,396.0,0,0.0,0.0,,0.0,1,9.26,1.82,SPY221104C00383000,383.0,normalDay
2022-10-17,8546.0,-2353.0,0.0,100,366.82,396.0,0,0.0,0.0,,0.0,1,9.26,3.61,SPY221104C00383000,383.0,normalDay
2022-10-18,8546.0,-2039.0,0.0,100,371.13,396.0,0,0.0,0.0,,0.0,1,9.26,4.78,SPY221104C00383000,383.0,normalDay
2022-10-19,8546.0,-2158.0,0.0,100,368.5,396.0,0,0.0,0.0,,0.0,1,9.26,3.34,SPY221104C00383000,383.0,normalDay
2022-10-20,8546.0,-2364.0,0.0,100,365.41,396.0,0,0.0,0.0,,0.0,1,9.26,2.31,SPY221104C00383000,383.0,normalDay
2022-10-21,8546.0,-1717.0,0.0,100,374.29,396.0,0,0.0,0.0,,0.0,1,9.26,4.72,SPY221104C00383000,383.0,normalDay
2022-10-24,8546.0,-1419.0,0.0,100,378.87,396.0,0,0.0,0.0,,0.0,1,9.26,6.32,SPY221104C00383000,383.0,normalDay
2022-10-25,8546.0,-972.0,0.0,100,384.92,396.0,0,0.0,0.0,,0.0,1,9.26,7.9,SPY221104C00383000,383.0,normalDay
2022-10-26,8546.0,-1176.0,0.0,100,382.02,396.0,0,0.0,0.0,,0.0,1,9.26,7.04,SPY221104C00383000,383.0,normalDay
2022-10-27,8546.0,-1045.0,0.0,100,379.98,396.0,0,0.0,0.0,,0.0,1,9.26,3.69,SPY221104C00383000,383.0,normalDay
2022-10-28,8546.0,-758.0,0.0,100,389.02,396.0,0,0.0,0.0,,0.0,1,9.26,9.86,SPY221104C00383000,383.0,normalDay
2022-10-31,8546.0,-773.0,0.0,100,386.21,396.0,0,0.0,0.0,,0.0,1,9.26,7.2,SPY221104C00383000,383.0,normalDay
2022-11-01,8546.0,-783.0,0.0,100,384.52,396.0,0,0.0,0.0,,0.0,1,9.26,5.61,SPY221104C00383000,383.0,normalDay
2022-11-02,8546.0,-1275.0,0.0,100,374.87,396.0,0,0.0,0.0,,0.0,1,9.26,0.88,SPY221104C00383000,383.0,normalDay
2022-11-03,8546.0,-1585.0,0.0,100,371.01,396.0,0,0.0,0.0,,0.0,1,9.26,0.12,SPY221104C00383000,383.0,normalDay
2022-11-04,9472.0,-1965.0,926.0,100,376.35,396.0,0,0.0,0.0,,0.0,1,9.26,0.0,SPY221104C00383000,383.0,expirationDay
2022-11-07,9472.0,-1634.0,0.0,100,379.95,396.0,0,0.0,0.0,,0.0,1,13.82,14.11,SPY221209C00375000,375.0,normalDay
2022-11-08,9472.0,-1539.0,0.0,100,382.0,396.0,0,0.0,0.0,,0.0,1,13.82,15.21,SPY221209C00375000,375.0,normalDay
2022-11-09,9472.0,-1878.0,0.0,100,374.13,396.0,0,0.0,0.0,,0.0,1,13.82,10.73,SPY221209C00375000,375.0,normalDay
2022-11-10,9472.0,-1190.0,0.0,100,394.69,396.0,0,0.0,0.0,,0.0,1,13.82,24.41,SPY221209C00375000,375.0,normalDay
2022-11-11,9472.0,-1053.0,0.0,100,398.51,396.0,0,0.0,0.0,,0.0,1,13.82,26.86,SPY221209C00375000,375.0,normalDay
2022-11-14,9472.0,-1147.0,0.0,100,395.12,396.0,0,0.0,0.0,,0.0,1,13.82,24.41,SPY221209C00375000,375.0,normalDay
2022-11-15,9472.0,-1052.0,0.0,100,398.49,396.0,0,0.0,0.0,,0.0,1,13.82,26.83,SPY221209C00375000,375.0,normalDay
2022-11-16,9472.0,-1070.0,0.0,100,395.45,396.0,0,0.0,0.0,,0.0,1,13.82,23.97,SPY221209C00375000,375.0,normalDay
2022-11-17,9472.0,-1037.0,0.0,100,394.24,396.0,0,0.0,0.0,,0.0,1,13.82,22.43,SPY221209C00375000,375.0,normalDay
2022-11-18,9472.0,-937.0,0.0,100,396.03,396.0,0,0.0,0.0,,0.0,1,13.82,23.22,SPY221209C00375000,375.0,normalDay
2022-11-21,9472.0,-947.0,0.0,100,394.59,396.0,0,0.0,0.0,,0.0,1,13.82,21.88,SPY221209C00375000,375.0,normalDay
2022-11-22,9472.0,-852.0,0.0,100,399.9,396.0,0,0.0,0.0,,0.0,1,13.82,26.24,SPY221209C00375000,375.0,normalDay
2022-11-23,9472.0,-831.0,0.0,100,402.42,396.0,0,0.0,0.0,,0.0,1,13.82,28.55,SPY221209C00375000,375.0,normalDay
2022-11-25,9472.0,-1012.0,0.0,100,402.33,396.0,0,0.0,0.0,,0.0,1,13.82,30.27,SPY221209C00375000,375.0,normalDay
2022-11-28,9472.0,-846.0,0.0,100,395.91,396.0,0,0.0,0.0,,0.0,1,13.82,22.19,SPY221209C00375000,375.0,normalDay
2022-11-29,9472.0,-816.0,0.0,100,395.23,396.0,0,0.0,0.0,,0.0,1,13.82,21.21,SPY221209C00375000,375.0,normalDay
2022-11-30,9472.0,-789.0,0.0,100,407.68,396.0,0,0.0,0.0,,0.0,1,13.82,33.39,SPY221209C00375000,375.0,normalDay
2022-12-01,9472.0,-732.0,0.0,100,407.38,396.0,0,0.0,0.0,,0.0,1,13.82,32.52,SPY221209C00375000,375.0,normalDay
2022-12-02,9472.0,-709.0,0.0,100,406.91,396.0,0,0.0,0.0,,0.0,1,13.82,31.82,SPY221209C00375000,375.0,normalDay
2022-12-05,9472.0,-757.0,0.0,100,399.59,396.0,0,0.0,0.0,,0.0,1,13.82,24.98,SPY221209C00375000,375.0,normalDay
2022-12-06,9472.0,-769.0,0.0,100,393.83,396.0,0,0.0,0.0,,0.0,1,13.82,19.34,SPY221209C00375000,375.0,normalDay
2022-12-07,9472.0,-748.0,0.0,100,393.16,396.0,0,0.0,0.0,,0.0,1,13.82,18.46,SPY221209C00375000,375.0,normalDay
2022-12-08,9472.0,-727.0,0.0,100,396.24,396.0,0,0.0,0.0,,0.0,1,13.82,21.33,SPY221209C00375000,375.0,normalDay
2022-12-09,8754.0,-727.0,-718.0,0,393.28,0.0,0,0.0,0.0,,0.0,1,13.82,0.0,SPY221209C00375000,375.0,expirationDay
2022-12-12,8754.0,-4.0,0.0,0,398.95,0.0,1,1.89,1.93,SPY221215P00386000,386.0,0,0.0,0.0,,0.0,normalDay
2022-12-13,8754.0,153.0,0.0,0,401.97,0.0,1,1.89,0.36,SPY221215P00386000,386.0,0,0.0,0.0,,0.0,normalDay
2022-12-14,8754.0,180.0,0.0,0,399.4,0.0,1,1.89,0.09,SPY221215P00386000,386.0,0,0.0,0.0,,0.0,normalDay
2022-12-15,8943.0,0.0,189.0,0,389.63,0.0,1,1.89,0.0,SPY221215P00386000,386.0,0,0.0,0.0,,0.0,expirationDay
2022-12-16,8943.0,-4.0,0.0,0,383.27,0.0,1,1.46,1.5,SPY221219P00382000,382.0,0,0.0,0.0,,0.0,normalDay
2022-12-19,9089.0,-198.0,146.0,100,380.02,382.0,1,1.46,0.0,SPY221219P00382000,382.0,0,0.0,0.0,,0.0,expirationDay
2022-12-20,9089.0,-149.0,0.0,100,380.54,382.0,0,0.0,0.0,,0.0,1,2.91,2.94,SPY230120C00397000,397.0,normalDay
2022-12-21,9089.0,289.0,0.0,100,386.23,382.0,0,0.0,0.0,,0.0,1,2.91,4.25,SPY230120C00397000,397.0,normalDay
2022-12-22,9089.0,-123.0,0.0,100,380.72,382.0,0,0.0,0.0,,0.0,1,2.91,2.86,SPY230120C00397000,397.0,normalDay
2022-12-23,9089.0,81.0,0.0,100,382.91,382.0,0,0.0,0.0,,0.0,1,2.91,3.01,SPY230120C00397000,397.0,normalDay
2022-12-27,9089.0,-21.0,0.0,100,381.4,382.0,0,0.0,0.0,,0.0,1,2.91,2.52,SPY230120C00397000,397.0,normalDay
2022-12-28,9089.0,-398.0,0.0,100,376.66,382.0,0,0.0,0.0,,0.0,1,2.91,1.55,SPY230120C00397000,397.0,normalDay
2022-12-29,9089.0,172.0,0.0,100,383.44,382.0,0,0.0,0.0,,0.0,1,2.91,2.63,SPY230120C00397000,397.0,normalDay
2022-12-30,9089.0,104.0,0.0,100,382.43,382.0,0,0.0,0.0,,0.0,1,2.91,2.3,SPY230120C00397000,397.0,normalDay
2023-01-03,9089.0,19.0,0.0,100,380.82,382.0,0,0.0,0.0,,0.0,1,2.91,1.54,SPY230120C00397000,397.0,normalDay
2023-01-04,9089.0,270.0,0.0,100,383.76,382.0,0,0.0,0.0,,0.0,1,2.91,1.97,SPY230120C00397000,397.0,normalDay
2023-01-05,9089.0,-81.0,0.0,100,379.38,382.0,0,0.0,0.0,,0.0,1,2.91,1.1,SPY230120C00397000,397.0,normalDay
2023-01-06,9089.0,652.0,0.0,100,388.08,382.0,0,0.0,0.0,,0.0,1,2.91,2.47,SPY230120C00397000,397.0,normalDay
2023-01-09,9089.0,646.0,0.0,100,387.86,382.0,0,0.0,0.0,,0.0,1,2.91,2.31,SPY230120C00397000,397.0,normalDay
2023-01-10,9089.0,866.0,0.0,100,390.58,382.0,0,0.0,0.0,,0.0,1,2.91,2.83,SPY230120C00397000,397.0,normalDay
2023-01-11,9089.0,1144.0,0.0,100,395.52,382.0,0,0.0,0.0,,0.0,1,2.91,4.99,SPY230120C00397000,397.0,normalDay
2023-01-12,9089.0,1397.0,0.0,100,396.96,382.0,0,0.0,0.0,,0.0,1,2.91,3.9,SPY230120C00397000,397.0,normalDay
2023-01-13,9089.0,1562.0,0.0,100,398.5,382.0,0,0.0,0.0,,0.0,1,2.91,3.79,SPY230120C00397000,397.0,normalDay
2023-01-17,9089.0,1559.0,0.0,100,397.77,382.0,0,0.0,0.0,,0.0,1,2.91,3.09,SPY230120C00397000,397.0,normalDay
2023-01-18,9089.0,1197.0,0.0,100,391.49,382.0,0,0.0,0.0,,0.0,1,2.91,0.43,SPY230120C00397000,397.0,normalDay
2023-01-19,9089.0,948.0,0.0,100,388.64,382.0,0,0.0,0.0,,0.0,1,2.91,0.07,SPY230120C00397000,397.0,normalDay
2023-01-20,9380.0,1388.0,291.0,100,395.88,382.0,0,0.0,0.0,,0.0,1,2.91,0.0,SPY230120C00397000,397.0,expirationDay
2023-01-23,9380.0,1839.0,0.0,100,400.63,382.0,0,0.0,0.0,,0.0,1,16.91,17.15,SPY230224C00389000,389.0,normalDay
2023-01-24,9380.0,1752.0,0.0,100,400.2,382.0,0,0.0,0.0,,0.0,1,16.91,17.59,SPY230224C00389000,389.0,normalDay
2023-01-25,9380.0,1860.0,0.0,100,400.35,382.0,0,0.0,0.0,,0.0,1,16.91,16.66,SPY230224C00389000,389.0,normalDay
2023-01-26,9380.0,1971.0,0.0,100,404.75,382.0,0,0.0,0.0,,0.0,1,16.91,19.95,SPY230224C00389000,389.0,normalDay
2023-01-27,9380.0,2010.0,0.0,100,405.68,382.0,0,0.0,0.0,,0.0,1,16.91,20.49,SPY230224C00389000,389.0,normalDay
2023-01-30,9380.0,1846.0,0.0,100,400.59,382.0,0,0.0,0.0,,0.0,1,16.91,17.04,SPY230224C00389000,389.0,normalDay
2023-01-31,9380.0,2049.0,0.0,100,406.48,382.0,0,0.0,0.0,,0.0,1,16.91,20.9,SPY230224C00389000,389.0,normalDay
2023-02-01,9380.0,2052.0,0.0,100,410.8,382.0,0,0.0,0.0,,0.0,1,16.91,25.19,SPY230224C00389000,389.0,normalDay
2023-02-02,9380.0,2312.0,0.0,100,416.78,382.0,0,0.0,0.0,,0.0,1,16.91,28.57,SPY230224C00389000,389.0,normalDay
2023-02-03,9380.0,2178.0,0.0,100,412.35,382.0,0,0.0,0.0,,0.0,1,16.91,25.48,SPY230224C00389000,389.0,normalDay
2023-02-06,9380.0,2158.0,0.0,100,409.83,382.0,0,0.0,0.0,,0.0,1,16.91,23.16,SPY230224C00389000,389.0,normalDay
2023-02-07,9380.0,2297.0,0.0,100,415.19,382.0,0,0.0,0.0,,0.0,1,16.91,27.13,SPY230224C00389000,389.0,normalDay
2023-02-08,9380.0,2184.0,0.0,100,410.65,382.0,0,0.0,0.0,,0.0,1,16.91,23.72,SPY230224C00389000,389.0,normalDay
2023-02-09,9380.0,2135.0,0.0,100,407.09,382.0,0,0.0,0.0,,0.0,1,16.91,20.65,SPY230224C00389000,389.0,normalDay
2023-02-10,9380.0,2216.0,0.0,100,408.04,382.0,0,0.0,0.0,,0.0,1,16.91,20.79,SPY230224C00389000,389.0,normalDay
2023-02-13,9380.0,2259.0,0.0,100,412.83,382.0,0,0.0,0.0,,0.0,1,16.91,25.15,SPY230224C00389000,389.0,normalDay
2023-02-14,9380.0,2352.0,0.0,100,412.64,382.0,0,0.0,0.0,,0.0,1,16.91,24.03,SPY230224C00389000,389.0,normalDay
2023-02-15,9380.0,2303.0,0.0,100,413.98,382.0,0,0.0,0.0,,0.0,1,16.91,25.86,SPY230224C00389000,389.0,normalDay
2023-02-16,9380.0,2304.0,0.0,100,408.28,382.0,0,0.0,0.0,,0.0,1,16.91,20.15,SPY230224C00389000,389.0,normalDay
2023-02-17,9380.0,2338.0,0.0,100,407.26,382.0,0,0.0,0.0,,0.0,1,16.91,18.79,SPY230224C00389000,389.0,normalDay
2023-02-21,9380.0,2272.0,0.0,100,399.09,382.0,0,0.0,0.0,,0.0,1,16.91,11.28,SPY230224C00389000,389.0,normalDay
2023-02-22,9380.0,2315.0,0.0,100,398.54,382.0,0,0.0,0.0,,0.0,1,16.91,10.3,SPY230224C00389000,389.0,normalDay
2023-02-23,9380.0,2391.0,0.0,100,400.66,382.0,0,0.0,0.0,,0.0,1,16.91,11.66,SPY230224C00389000,389.0,normalDay
2023-02-24,11771.0,2391.0,2391.0,0,396.38,0.0,0,0.0,0.0,,0.0,1,16.91,0.0,SPY230224C00389000,389.0,expirationDay
2023-02-27,11771.0,-3.0,0.0,0,397.73,0.0,1,0.54,0.57,SPY230302P00391000,391.0,0,0.0,0.0,,0.0,normalDay
2023-02-28,11771.0,-8.0,0.0,0,396.26,0.0,1,0.54,0.62,SPY230302P00391000,391.0,0,0.0,0.0,,0.0,normalDay
2023-03-01,11771.0,13.0,0.0,0,394.74,0.0,1,0.54,0.41,SPY230302P00391000,391.0,0,0.0,0.0,,0.0,normalDay
2023-03-02,11825.0,0.0,54.0,0,397.81,0.0,1,0.54,0.0,SPY230302P00391000,391.0,0,0.0,0.0,,0.0,expirationDay
2023-03-03,11825.0,-3.0,0.0,0,404.19,0.0,1,0.01,0.04,SPY230306P00387000,387.0,0,0.0,0.0,,0.0,normalDay
2023-03-06,11826.0,0.0,1.0,0,404.47,0.0,1,0.01,0.0,SPY230306P00387000,387.0,0,0.0,0.0,,0.0,expirationDay
2023-03-07,11826.0,-3.0,0.0,0,398.27,0.0,1,0.29,0.32,SPY230310P00387000,387.0,0,0.0,0.0,,0.0,normalDay
2023-03-08,11826.0,13.0,0.0,0,398.92,0.0,1,0.29,0.16,SPY230310P00387000,387.0,0,0.0,0.0,,0.0,normalDay
2023-03-09,11826.0,-84.0,0.0,0,391.56,0.0,1,0.29,1.13,SPY230310P00387000,387.0,0,0.0,0.0,,0.0,normalDay
2023-03-10,11855.0,-109.0,29.0,100,385.91,387.0,1,0.29,0.0,SPY230310P00387000,387.0,0,0.0,0.0,,0.0,expirationDay
2023-03-13,11855.0,-171.0,0.0,100,385.36,387.0,0,0.0,0.0,,0.0,1,3.88,3.95,SPY230414C00401000,401.0,normalDay
2023-03-14,11855.0,374.0,0.0,100,391.73,387.0,0,0.0,0.0,,0.0,1,3.88,4.87,SPY230414C00401000,401.0,normalDay
2023-03-15,11855.0,195.0,0.0,100,389.28,387.0,0,0.0,0.0,,0.0,1,3.88,4.21,SPY230414C00401000,401.0,normalDay
2023-03-16,11855.0,682.0,0.0,100,396.11,387.0,0,0.0,0.0,,0.0,1,3.88,6.17,SPY230414C00401000,401.0,normalDay
2023-03-17,11855.0,180.0,0.0,100,389.99,387.0,0,0.0,0.0,,0.0,1,3.88,5.07,SPY230414C00401000,401.0,normalDay
2023-03-20,11855.0,495.0,0.0,100,393.74,387.0,0,0.0,0.0,,0.0,1,3.88,5.67,SPY230414C00401000,401.0,normalDay
2023-03-21,11855.0,832.0,0.0,100,398.91,387.0,0,0.0,0.0,,0.0,1,3.88,7.47,SPY230414C00401000,401.0,normalDay
2023-03-22,11855.0,474.0,0.0,100,392.11,387.0,0,0.0,0.0,,0.0,1,3.88,4.25,SPY230414C00401000,401.0,normalDay
2023-03-23,11855.0,557.0,0.0,100,393.17,387.0,0,0.0,0.0,,0.0,1,3.88,4.48,SPY230414C00401000,401.0,normalDay
2023-03-24,11855.0,744.0,0.0,100,395.75,387.0,0,0.0,0.0,,0.0,1,3.88,5.19,SPY230414C00401000,401.0,normalDay
2023-03-27,11855.0,854.0,0.0,100,396.49,387.0,0,0.0,0.0,,0.0,1,3.88,4.83,SPY230414C00401000,401.0,normalDay
2023-03-28,11855.0,830.0,0.0,100,395.6,387.0,0,0.0,0.0,,0.0,1,3.88,4.18,SPY230414C00401000,401.0,normalDay
2023-03-29,11855.0,1172.0,0.0,100,401.35,387.0,0,0.0,0.0,,0.0,1,3.88,6.51,SPY230414C00401000,401.0,normalDay
2023-03-30,11855.0,1292.0,0.0,100,403.7,387.0,0,0.0,0.0,,0.0,1,3.88,7.66,SPY230414C00401000,401.0,normalDay
2023-03-31,11855.0,1469.0,0.0,100,409.39,387.0,0,0.0,0.0,,0.0,1,3.88,11.58,SPY230414C00401000,401.0,normalDay
2023-04-03,11855.0,1565.0,0.0,100,410.95,387.0,0,0.0,0.0,,0.0,1,3.88,12.18,SPY230414C00401000,401.0,normalDay
2023-04-04,11855.0,1536.0,0.0,100,408.67,387.0,0,0.0,0.0,,0.0,1,3.88,10.19,SPY230414C00401000,401.0,normalDay
2023-04-05,11855.0,1552.0,0.0,100,407.6,387.0,0,0.0,0.0,,0.0,1,3.88,8.96,SPY230414C00401000,401.0,normalDay
2023-04-06,11855.0,1640.0,0.0,100,409.19,387.0,0,0.0,0.0,,0.0,1,3.88,9.67,SPY230414C00401000,401.0,normalDay
2023-04-10,11855.0,1653.0,0.0,100,409.61,387.0,0,0.0,0.0,,0.0,1,3.88,9.96,SPY230414C00401000,401.0,normalDay
2023-04-11,11855.0,1681.0,0.0,100,409.72,387.0,0,0.0,0.0,,0.0,1,3.88,9.79,SPY230414C00401000,401.0,normalDay
2023-04-12,11855.0,1742.0,0.0,100,408.05,387.0,0,0.0,0.0,,0.0,1,3.88,7.51,SPY230414C00401000,401.0,normalDay
2023-04-13,11855.0,1777.0,0.0,100,413.47,387.0,0,0.0,0.0,,0.0,1,3.88,12.58,SPY230414C00401000,401.0,normalDay
2023-04-14,13643.0,1777.0,1788.0,0,412.46,0.0,0,0.0,0.0,,0.0,1,3.88,0.0,SPY230414C00401000,401.0,expirationDay
2023-04-17,13643.0,0.0,0.0,0,413.94,0.0,0,0.0,0.0,,0.0,0,0.0,0.0,,0.0,bidTooLow
2023-04-18,13643.0,-3.0,0.0,0,414.21,0.0,1,0.02,0.05,SPY230421P00386000,386.0,0,0.0,0.0,,0.0,normalDay
2023-04-19,13643.0,-2.0,0.0,0,414.14,0.0,1,0.02,0.04,SPY230421P00386000,386.0,0,0.0,0.0,,0.0,normalDay
2023-04-20,13643.0,0.0,0.0,0,411.88,0.0,1,0.02,0.02,SPY230421P00386000,386.0,0,0.0,0.0,,0.0,normalDay
2023-04-21,13645.0,0.0,2.0,0,412.2,0.0,1,0.02,0.0,SPY230421P00386000,386.0,0,0.0,0.0,,0.0,expirationDay
2023-04-24,13645.0,-3.0,0.0,0,412.63,0.0,1,0.01,0.04,SPY230427P00395000,395.0,0,0.0,0.0,,0.0,normalDay
2023-04-25,13645.0,-7.0,0.0,0,406.08,0.0,1,0.01,0.08,SPY230427P00395000,395.0,0,0.0,0.0,,0.0,normalDay
2023-04-26,13645.0,-4.0,0.0,0,404.36,0.0,1,0.01,0.05,SPY230427P00395000,395.0,0,0.0,0.0,,0.0,normalDay
2023-04-27,13646.0,0.0,1.0,0,412.41,0.0,1,0.01,0.0,SPY230427P00395000,395.0,0,0.0,0.0,,0.0,expirationDay
2023-04-28,13646.0,0.0,0.0,0,415.93,0.0,0,0.0,0.0,,0.0,0,0.0,0.0,,0.0,bidTooLow
2023-05-01,13646.0,-3.0,0.0,0,415.51,0.0,1,0.11,0.14,SPY230504P00403000,403.0,0,0.0,0.0,,0.0,normalDay
2023-05-02,13646.0,-33.0,0.0,0,410.84,0.0,1,0.11,0.44,SPY230504P00403000,403.0,0,0.0,0.0,,0.0,normalDay
2023-05-03,13646.0,-23.0,0.0,0,408.02,0.0,1,0.11,0.34,SPY230504P00403000,403.0,0,0.0,0.0,,0.0,normalDay
2023-05-04,13657.0,0.0,11.0,0,405.13,0.0,1,0.11,0.0,SPY230504P00403000,403.0,0,0.0,0.0,,0.0,expirationDay
2023-05-05,13657.0,-3.0,0.0,0,412.63,0.0,1,0.04,0.07,SPY230508P00402000,402.0,0,0.0,0.0,,0.0,normalDay
2023-05-08,13661.0,0.0,4.0,0,412.74,0.0,1,0.04,0.0,SPY230508P00402000,402.0,0,0.0,0.0,,0.0,expirationDay
2023-05-09,13661.0,-3.0,0.0,0,410.93,0.0,1,0.42,0.45,SPY230512P00402500,402.5,0,0.0,0.0,,0.0,normalDay
2023-05-10,13661.0,30.0,0.0,0,412.85,0.0,1,0.42,0.12,SPY230512P00402500,402.5,0,0.0,0.0,,0.0,normalDay
2023-05-11,13661.0,37.0,0.0,0,412.13,0.0,1,0.42,0.05,SPY230512P00402500,402.5,0,0.0,0.0,,0.0,normalDay
2023-05-12,13703.0,0.0,42.0,0,411.59,0.0,1,0.42,0.0,SPY230512P00402500,402.5,0,0.0,0.0,,0.0,expirationDay
2023-05-15,13703.0,-3.0,0.0,0,413.01,0.0,1,0.17,0.2,SPY230518P00403000,403.0,0,0.0,0.0,,0.0,normalDay
2023-05-16,13703.0,-10.0,0.0,0,410.25,0.0,1,0.17,0.27,SPY230518P00403000,403.0,0,0.0,0.0,,0.0,normalDay
2023-05-17,13703.0,12.0,0.0,0,415.23,0.0,1,0.17,0.05,SPY230518P00403000,403.0,0,0.0,0.0,,0.0,normalDay
2023-05-18,13720.0,0.0,17.0,0,419.23,0.0,1,0.17,0.0,SPY230518P00403000,403.0,0,0.0,0.0,,0.0,expirationDay
2023-05-19,13720.0,0.0,0.0,0,418.62,0.0,0,0.0,0.0,,0.0,0,0.0,0.0,,0.0,bidTooLow
2023-05-22,13720.0,-3.0,0.0,0,418.79,0.0,1,0.02,0.05,SPY230525P00401000,401.0,0,0.0,0.0,,0.0,normalDay
2023-05-23,13720.0,-5.0,0.0,0,414.09,0.0,1,0.02,0.07,SPY230525P00401000,401.0,0,0.0,0.0,,0.0,normalDay
2023-05-24,13720.0,-5.0,0.0,0,411.09,0.0,1,0.02,0.07,SPY230525P00401000,401.0,0,0.0,0.0,,0.0,normalDay
2023-05-25,13722.0,0.0,2.0,0,414.65,0.0,1,0.02,0.0,SPY230525P00401000,401.0,0,0.0,0.0,,0.0,expirationDay
2023-05-26,13722.0,0.0,0.0,0,420.02,0.0,0,0.0,0.0,,0.0,0,0.0,0.0,,0.0,bidTooLow
2023-05-30,13722.0,-3.0,0.0,0,420.18,0.0,1,0.08,0.11,SPY230602P00403000,403.0,0,0.0,0.0,,0.0,normalDay
2023-05-31,13722.0,-1.0,0.0,0,417.85,0.0,1,0.08,0.09,SPY230602P00403000,403.0,0,0.0,0.0,,0.0,normalDay
2023-06-01,13722.0,5.0,0.0,0,421.82,0.0,1,0.08,0.03,SPY230602P00403000,403.0,0,0.0,0.0,,0.0,normalDay
2023-06-02,13730.0,0.0,8.0,0,427.92,0.0,1,0.08,0.0,SPY230602P00403000,403.0,0,0.0,0.0,,0.0,expirationDay
2023-06-05,13730.0,0.0,0.0,0,427.1,0.0,0,0.0,0.0,,0.0,0,0.0,0.0,,0.0,bidTooLow
2023-06-06,13730.0,-3.0,0.0,0,428.03,0.0,1,0.01,0.04,SPY230609P00402500,402.5,0,0.0,0.0,,0.0,normalDay
2023-06-07,13730.0,-2.0,0.0,0,426.55,0.0,1,0.01,0.03,SPY230609P00402500,402.5,0,0.0,0.0,,0.0,normalDay
2023-06-08,13730.0,-1.0,0.0,0,429.13,0.0,1,0.01,0.02,SPY230609P00402500,402.5,0,0.0,0.0,,0.0,normalDay
2023-06-09,13731.0,0.0,1.0,0,429.9,0.0,1,0.01,0.0,SPY230609P00402500,402.5,0,0.0,0.0,,0.0,expirationDay
2023-06-12,13731.0,-3.0,0.0,0,433.8,0.0,1,0.04,0.07,SPY230615P00403000,403.0,0,0.0,0.0,,0.0,normalDay
2023-06-13,13731.0,-1.0,0.0,0,436.66,0.0,1,0.04,0.05,SPY230615P00403000,403.0,0,0.0,0.0,,0.0,normalDay
2023-06-14,13731.0,2.0,0.0,0,437.18,0.0,1,0.04,0.02,SPY230615P00403000,403.0,0,0.0,0.0,,0.0,normalDay
2023-06-15,13735.0,0.0,4.0,0,442.6,0.0,1,0.04,0.0,SPY230615P00403000,403.0,0,0.0,0.0,,0.0,expirationDay
2023-06-16,13735.0,0.0,0.0,0,439.46,0.0,0,0.0,0.0,,0.0,0,0.0,0.0,,0.0,bidTooLow
2023-06-20,13735.0,0.0,0.0,0,437.18,0.0,0,0.0,0.0,,0.0,0,0.0,0.0,,0.0,bidTooLow
2023-06-21,13735.0,0.0,0.0,0,434.94,0.0,0,0.0,0.0,,0.0,0,0.0,0.0,,0.0,bidTooLow
2023-06-22,13735.0,0.0,0.0,0,436.51,0.0,0,0.0,0.0,,0.0,0,0.0,0.0,,0.0,bidTooLow
2023-06-23,13735.0,0.0,0.0,0,433.21,0.0,0,0.0,0.0,,0.0,0,0.0,0.0,,0.0,bidTooLow
2023-06-26,13735.0,-3.0,0.0,0,431.44,0.0,1,0.03,0.06,SPY230629P00412000,412.0,0,0.0,0.0,,0.0,normalDay
2023-06-27,13735.0,-1.0,0.0,0,436.17,0.0,1,0.03,0.04,SPY230629P00412000,412.0,0,0.0,0.0,,0.0,normalDay
2023-06-28,13735.0,1.0,0.0,0,436.39,0.0,1,0.03,0.02,SPY230629P00412000,412.0,0,0.0,0.0,,0.0,normalDay
2023-06-29,13738.0,0.0,3.0,0,438.11,0.0,1,0.03,0.0,SPY230629P00412000,412.0,0,0.0,0.0,,0.0,expirationDay
2023-06-30,13738.0,0.0,0.0,0,443.28,0.0,0,0.0,0.0,,0.0,0,0.0,0.0,,0.0,bidTooLow
2023-07-03,13738.0,-3.0,0.0,0,443.79,0.0,1,0.01,0.04,SPY230706P00422000,422.0,0,0.0,0.0,,0.0,normalDay
2023-07-05,13738.0,-2.0,0.0,0,443.13,0.0,1,0.01,0.03,SPY230706P00422000,422.0,0,0.0,0.0,,0.0,normalDay
2023-07-06,13739.0,0.0,1.0,0,439.66,0.0,1,0.01,0.0,SPY230706P00422000,422.0,0,0.0,0.0,,0.0,expirationDay
2023-07-07,13739.0,0.0,0.0,0,438.55,0.0,0,0.0,0.0,,0.0,0,0.0,0.0,,0.0,bidTooLow
2023-07-10,13739.0,-3.0,0.0,0,439.66,0.0,1,0.06,0.09,SPY230713P00428000,428.0,0,0.0,0.0,,0.0,normalDay
2023-07-11,13739.0,-2.0,0.0,0,442.46,0.0,1,0.06,0.08,SPY230713P00428000,428.0,0,0.0,0.0,,0.0,normalDay
2023-07-12,13739.0,3.0,0.0,0,446.02,0.0,1,0.06,0.03,SPY230713P00428000,428.0,0,0.0,0.0,,0.0,normalDay
2023-07-13,13745.0,0.0,6.0,0,449.56,0.0,1,0.06,0.0,SPY230713P00428000,428.0,0,0.0,0.0,,0.0,expirationDay
2023-07-14,13745.0,0.0,0.0,0,449.28,0.0,0,0.0,0.0,,0.0,0,0.0,0.0,,0.0,bidTooLow
2023-07-17,13745.0,-3.0,0.0,0,450.84,0.0,1,0.01,0.04,SPY230720P00426000,426.0,0,0.0,0.0,,0.0,normalDay
2023-07-18,13745.0,-2.0,0.0,0,454.19,0.0,1,0.01,0.03,SPY230720P00426000,426.0,0,0.0,0.0,,0.0,normalDay
2023-07-19,13745.0,-1.0,0.0,0,455.2,0.0,1,0.01,0.02,SPY230720P00426000,426.0,0,0.0,0.0,,0.0,normalDay
2023-07-20,13746.0,0.0,1.0,0,452.18,0.0,1,0.01,0.0,SPY230720P00426000,426.0,0,0.0,0.0,,0.0,expirationDay
2023-07-21,13746.0,0.0,0.0,0,452.18,0.0,0,0.0,0.0,,0.0,0,0.0,0.0,,0.0,bidTooLow
2023-07-24,13746.0,0.0,0.0,0,454.2,0.0,0,0.0,0.0,,0.0,0,0.0,0.0,,0.0,bidTooLow
2023-07-25,13746.0,-3.0,0.0,0,455.44,0.0,1,0.01,0.04,SPY230728P00429000,429.0,0,0.0,0.0,,0.0,normalDay
2023-07-26,13746.0,-2.0,0.0,0,455.51,0.0,1,0.01,0.03,SPY230728P00429000,429.0,0,0.0,0.0,,0.0,normalDay
2023-07-27,13746.0,-3.0,0.0,0,452.49,0.0,1,0.01,0.04,SPY230728P00429000,429.0,0,0.0,0.0,,0.0,normalDay
2023-07-28,13747.0,0.0,1.0,0,456.92,0.0,1,0.01,0.0,SPY230728P00429000,429.0,0,0.0,0.0,,0.0,expirationDay
2023-07-31,13747.0,-3.0,0.0,0,457.79,0.0,1,0.01,0.04,SPY230803P00433000,433.0,0,0.0,0.0,,0.0,normalDay
2023-08-01,13747.0,-2.0,0.0,0,456.48,0.0,1,0.01,0.03,SPY230803P00433000,433.0,0,0.0,0.0,,0.0,normalDay
2023-08-02,13747.0,-3.0,0.0,0,450.13,0.0,1,0.01,0.04,SPY230803P00433000,433.0,0,0.0,0.0,,0.0,normalDay
2023-08-03,13748.0,0.0,1.0,0,448.84,0.0,1,0.01,0.0,SPY230803P00433000,433.0,0,0.0,0.0,,0.0,expirationDay
2023-08-04,13748.0,-3.0,0.0,0,446.81,0.0,1,0.07,0.1,SPY230807P00439000,439.0,0,0.0,0.0,,0.0,normalDay
2023-08-07,13755.0,0.0,7.0,0,450.71,0.0,1,0.07,0.0,SPY230807P00439000,439.0,0,0.0,0.0,,0.0,expirationDay
2023-08-08,13755.0,-3.0,0.0,0,448.75,0.0,1,0.64,0.67,SPY230811P00443000,443.0,0,0.0,0.0,,0.0,normalDay
2023-08-09,13755.0,-51.0,0.0,0,445.75,0.0,1,0.64,1.15,SPY230811P00443000,443.0,0,0.0,0.0,,0.0,normalDay
2023-08-10,13755.0,2.0,0.0,0,445.91,0.0,1,0.64,0.62,SPY230811P00443000,443.0,0,0.0,0.0,,0.0,normalDay
2023-08-11,13819.0,0.0,64.0,0,445.65,0.0,1,0.64,0.0,SPY230811P00443000,443.0,0,0.0,0.0,,0.0,expirationDay
2023-08-14,13819.0,-3.0,0.0,0,448.11,0.0,1,0.34,0.37,SPY230817P00441000,441.0,0,0.0,0.0,,0.0,normalDay
2023-08-15,13819.0,-96.0,0.0,0,442.89,0.0,1,0.34,1.3,SPY230817P00441000,441.0,0,0.0,0.0,,0.0,normalDay
2023-08-16,13819.0,-162.0,0.0,0,439.64,0.0,1,0.34,1.96,SPY230817P00441000,441.0,0,0.0,0.0,,0.0,normalDay
2023-08-17,13853.0,-471.0,34.0,100,436.29,441.0,1,0.34,0.0,SPY230817P00441000,441.0,0,0.0,0.0,,0.0,expirationDay
2023-08-18,13853.0,-453.0,0.0,100,436.5,441.0,0,0.0,0.0,,0.0,1,2.14,2.17,SPY230915C00449000,449.0,normalDay
2023-08-21,13853.0,-205.0,0.0,100,439.34,441.0,0,0.0,0.0,,0.0,1,2.14,2.53,SPY230915C00449000,449.0,normalDay
2023-08-22,13853.0,-283.0,0.0,100,438.15,441.0,0,0.0,0.0,,0.0,1,2.14,2.12,SPY230915C00449000,449.0,normalDay
2023-08-23,13853.0,70.0,0.0,100,443.03,441.0,0,0.0,0.0,,0.0,1,2.14,3.47,SPY230915C00449000,449.0,normalDay
2023-08-24,13853.0,-349.0,0.0,100,436.89,441.0,0,0.0,0.0,,0.0,1,2.14,1.52,SPY230915C00449000,449.0,normalDay
2023-08-25,13853.0,-77.0,0.0,100,439.97,441.0,0,0.0,0.0,,0.0,1,2.14,1.88,SPY230915C00449000,449.0,normalDay
2023-08-28,13853.0,151.0,0.0,100,442.76,441.0,0,0.0,0.0,,0.0,1,2.14,2.39,SPY230915C00449000,449.0,normalDay
2023-08-29,13853.0,515.0,0.0,100,449.16,441.0,0,0.0,0.0,,0.0,1,2.14,5.15,SPY230915C00449000,449.0,normalDay
2023-08-30,13853.0,629.0,0.0,100,451.01,441.0,0,0.0,0.0,,0.0,1,2.14,5.86,SPY230915C00449000,449.0,normalDay
2023-08-31,13853.0,615.0,0.0,100,450.35,441.0,0,0.0,0.0,,0.0,1,2.14,5.34,SPY230915C00449000,449.0,normalDay
2023-09-01,13853.0,731.0,0.0,100,451.19,441.0,0,0.0,0.0,,0.0,1,2.14,5.02,SPY230915C00449000,449.0,normalDay
2023-09-05,13853.0,671.0,0.0,100,449.24,441.0,0,0.0,0.0,,0.0,1,2.14,3.67,SPY230915C00449000,449.0,normalDay
2023-09-06,13853.0,544.0,0.0,100,446.22,441.0,0,0.0,0.0,,0.0,1,2.14,1.92,SPY230915C00449000,449.0,normalDay
2023-09-07,13853.0,474.0,0.0,100,444.85,441.0,0,0.0,0.0,,0.0,1,2.14,1.25,SPY230915C00449000,449.0,normalDay
2023-09-08,13853.0,550.0,0.0,100,445.52,441.0,0,0.0,0.0,,0.0,1,2.14,1.16,SPY230915C00449000,449.0,normalDay
2023-09-11,13853.0,772.0,0.0,100,448.45,441.0,0,0.0,0.0,,0.0,1,2.14,1.87,SPY230915C00449000,449.0,normalDay
2023-09-12,13853.0,624.0,0.0,100,445.99,441.0,0,0.0,0.0,,0.0,1,2.14,0.89,SPY230915C00449000,449.0,normalDay
2023-09-13,13853.0,716.0,0.0,100,446.51,441.0,0,0.0,0.0,,0.0,1,2.14,0.49,SPY230915C00449000,449.0,normalDay
2023-09-14,13853.0,980.0,0.0,100,450.36,441.0,0,0.0,0.0,,0.0,1,2.14,1.7,SPY230915C00449000,449.0,normalDay
2023-09-15,14067.0,237.0,214.0,100,443.37,441.0,0,0.0,0.0,,0.0,1,2.14,0.0,SPY230915C00449000,449.0,expirationDay
2023-09-18,14067.0,260.0,0.0,100,443.63,441.0,0,0.0,0.0,,0.0,1,6.16,6.19,SPY231020C00446000,446.0,normalDay
2023-09-19,14067.0,222.0,0.0,100,442.71,441.0,0,0.0,0.0,,0.0,1,6.16,5.65,SPY231020C00446000,446.0,normalDay
2023-09-20,14067.0,6.0,0.0,100,438.64,441.0,0,0.0,0.0,,0.0,1,6.16,3.74,SPY231020C00446000,446.0,normalDay
2023-09-21,14067.0,-535.0,0.0,100,431.39,441.0,0,0.0,0.0,,0.0,1,6.16,1.9,SPY231020C00446000,446.0,normalDay
2023-09-22,14067.0,-595.0,0.0,100,430.42,441.0,0,0.0,0.0,,0.0,1,6.16,1.53,SPY231020C00446000,446.0,normalDay
2023-09-25,14067.0,-430.0,0.0,100,432.23,441.0,0,0.0,0.0,,0.0,1,6.16,1.69,SPY231020C00446000,446.0,normalDay
2023-09-26,14067.0,-982.0,0.0,100,425.88,441.0,0,0.0,0.0,,0.0,1,6.16,0.86,SPY231020C00446000,446.0,normalDay
2023-09-27,14067.0,-950.0,0.0,100,426.05,441.0,0,0.0,0.0,,0.0,1,6.16,0.71,SPY231020C00446000,446.0,normalDay
2023-09-28,14067.0,-713.0,0.0,100,428.52,441.0,0,0.0,0.0,,0.0,1,6.16,0.81,SPY231020C00446000,446.0,normalDay
2023-09-29,14067.0,-798.0,0.0,100,427.48,441.0,0,0.0,0.0,,0.0,1,6.16,0.62,SPY231020C00446000,446.0,normalDay
2023-10-02,14067.0,-800.0,0.0,100,427.31,441.0,0,0.0,0.0,,0.0,1,6.16,0.47,SPY231020C00446000,446.0,normalDay
2023-10-03,14067.0,-1346.0,0.0,100,421.59,441.0,0,0.0,0.0,,0.0,1,6.16,0.21,SPY231020C00446000,446.0,normalDay
2023-10-04,14067.0,-1042.0,0.0,100,424.66,441.0,0,0.0,0.0,,0.0,1,6.16,0.24,SPY231020C00446000,446.0,normalDay
2023-10-05,14067.0,-1053.0,0.0,100,424.5,441.0,0,0.0,0.0,,0.0,1,6.16,0.19,SPY231020C00446000,446.0,normalDay
2023-10-06,14067.0,-573.0,0.0,100,429.54,441.0,0,0.0,0.0,,0.0,1,6.16,0.43,SPY231020C00446000,446.0,normalDay
2023-10-09,14067.0,-309.0,0.0,100,432.29,441.0,0,0.0,0.0,,0.0,1,6.16,0.54,SPY231020C00446000,446.0,normalDay
2023-10-10,14067.0,-92.0,0.0,100,434.54,441.0,0,0.0,0.0,,0.0,1,6.16,0.62,SPY231020C00446000,446.0,normalDay
2023-10-11,14067.0,81.0,0.0,100,436.32,441.0,0,0.0,0.0,,0.0,1,6.16,0.67,SPY231020C00446000,446.0,normalDay
2023-10-12,14067.0,-140.0,0.0,100,433.66,441.0,0,0.0,0.0,,0.0,1,6.16,0.22,SPY231020C00446000,446.0,normalDay
2023-10-13,14067.0,-342.0,0.0,100,431.5,441.0,0,0.0,0.0,,0.0,1,6.16,0.08,SPY231020C00446000,446.0,normalDay
2023-10-16,14067.0,102.0,0.0,100,436.04,441.0,0,0.0,0.0,,0.0,1,6.16,0.18,SPY231020C00446000,446.0,normalDay
2023-10-17,14067.0,108.0,0.0,100,436.02,441.0,0,0.0,0.0,,0.0,1,6.16,0.1,SPY231020C00446000,446.0,normalDay
2023-10-18,14067.0,-466.0,0.0,100,430.21,441.0,0,0.0,0.0,,0.0,1,6.16,0.03,SPY231020C00446000,446.0,normalDay
2023-10-19,14067.0,-842.0,0.0,100,426.43,441.0,0,0.0,0.0,,0.0,1,6.16,0.01,SPY231020C00446000,446.0,normalDay
2023-10-20,14683.0,-1981.0,616.0,100,421.19,441.0,0,0.0,0.0,,0.0,1,6.16,0.0,SPY231020C00446000,446.0,expirationDay
2023-10-23,14683.0,-2060.0,0.0,100,420.46,441.0,0,0.0,0.0,,0.0,1,5.69,5.75,SPY231124C00429000,429.0,normalDay
2023-10-24,14683.0,-1813.0,0.0,100,423.63,441.0,0,0.0,0.0,,0.0,1,5.69,6.45,SPY231124C00429000,429.0,normalDay
2023-10-25,14683.0,-2181.0,0.0,100,417.55,441.0,0,0.0,0.0,,0.0,1,5.69,4.05,SPY231124C00429000,429.0,normalDay
2023-10-26,14683.0,-2519.0,0.0,100,412.55,441.0,0,0.0,0.0,,0.0,1,5.69,2.43,SPY231124C00429000,429.0,normalDay
2023-10-27,14683.0,-2649.0,0.0,100,410.68,441.0,0,0.0,0.0,,0.0,1,5.69,1.86,SPY231124C00429000,429.0,normalDay
2023-10-30,14683.0,-2221.0,0.0,100,415.59,441.0,0,0.0,0.0,,0.0,1,5.69,2.49,SPY231124C00429000,429.0,normalDay
2023-10-31,14683.0,-1979.0,0.0,100,418.2,441.0,0,0.0,0.0,,0.0,1,5.69,2.68,SPY231124C00429000,429.0,normalDay
2023-11-01,14683.0,-1654.0,0.0,100,422.66,441.0,0,0.0,0.0,,0.0,1,5.69,3.89,SPY231124C00429000,429.0,normalDay
2023-11-02,14683.0,-1191.0,0.0,100,430.76,441.0,0,0.0,0.0,,0.0,1,5.69,7.36,SPY231124C00429000,429.0,normalDay
2023-11-03,14683.0,-1070.0,0.0,100,434.69,441.0,0,0.0,0.0,,0.0,1,5.69,10.08,SPY231124C00429000,429.0,normalDay
2023-11-06,14683.0,-958.0,0.0,100,435.69,441.0,0,0.0,0.0,,0.0,1,5.69,9.96,SPY231124C00429000,429.0,normalDay
2023-11-07,14683.0,-932.0,0.0,100,436.93,441.0,0,0.0,0.0,,0.0,1,5.69,10.94,SPY231124C00429000,429.0,normalDay
2023-11-08,14683.0,-879.0,0.0,100,437.25,441.0,0,0.0,0.0,,0.0,1,5.69,10.73,SPY231124C00429000,429.0,normalDay
2023-11-09,14683.0,-974.0,0.0,100,433.84,441.0,0,0.0,0.0,,0.0,1,5.69,8.27,SPY231124C00429000,429.0,normalDay
2023-11-10,14683.0,-824.0,0.0,100,440.61,441.0,0,0.0,0.0,,0.0,1,5.69,13.54,SPY231124C00429000,429.0,normalDay
2023-11-13,14683.0,-805.0,0.0,100,440.19,441.0,0,0.0,0.0,,0.0,1,5.69,12.93,SPY231124C00429000,429.0,normalDay
2023-11-14,14683.0,-767.0,0.0,100,448.73,441.0,0,0.0,0.0,,0.0,1,5.69,21.09,SPY231124C00429000,429.0,normalDay
2023-11-15,14683.0,-694.0,0.0,100,449.68,441.0,0,0.0,0.0,,0.0,1,5.69,21.31,SPY231124C00429000,429.0,normalDay
2023-11-16,14683.0,-699.0,0.0,100,450.23,441.0,0,0.0,0.0,,0.0,1,5.69,21.91,SPY231124C00429000,429.0,normalDay
2023-11-17,14683.0,-668.0,0.0,100,450.79,441.0,0,0.0,0.0,,0.0,1,5.69,22.16,SPY231124C00429000,429.0,normalDay
2023-11-20,14683.0,-689.0,0.0,100,454.26,441.0,0,0.0,0.0,,0.0,1,5.69,25.84,SPY231124C00429000,429.0,normalDay
2023-11-21,14683.0,-656.0,0.0,100,453.27,441.0,0,0.0,0.0,,0.0,1,5.69,24.52,SPY231124C00429000,429.0,normalDay
2023-11-22,14683.0,-693.0,0.0,100,455.02,441.0,0,0.0,0.0,,0.0,1,5.69,26.64,SPY231124C00429000,429.0,normalDay
2023-11-24,14052.0,-693.0,-631.0,0,455.3,0.0,0,0.0,0.0,,0.0,1,5.69,0.0,SPY231124C00429000,429.0,expirationDay
2023-11-27,14052.0,0.0,0.0,0,454.48,0.0,0,0.0,0.0,,0.0,0,0.0,0.0,,0.0,bidTooLow
2023-11-28,14052.0,0.0,0.0,0,454.93,0.0,0,0.0,0.0,,0.0,0,0.0,0.0,,0.0,bidTooLow
2023-11-29,14052.0,0.0,0.0,0,454.61,0.0,0,0.0,0.0,,0.0,0,0.0,0.0,,0.0,bidTooLow
2023-11-30,14052.0,0.0,0.0,0,456.4,0.0,0,0.0,0.0,,0.0,0,0.0,0.0,,0.0,bidTooLow
