date,totalCapital,unrializedPnL,rializedPnL,stocksOwned,stocksPriceToday,stocksPriceBoughtAt,putOwned,putOwnedSoldAt,putPriceToday,putOwnedContract,putOwnedStrike,callOwned,callOwnedSoldAt,callPriceToday,callOwnedContract,callOwnedStrike,trackType
2018-11-01,0.0,-6.0,0.0,0,273.51,0.0,1,1.34,1.4,SPY181112P00266000,266.0,0,0.0,0.0,,0.0,normalDay
2018-11-02,0.0,-13.0,0.0,0,271.89,0.0,1,1.34,1.47,SPY181112P00266000,266.0,0,0.0,0.0,,0.0,normalDay
2018-11-05,0.0,41.0,0.0,0,273.39,0.0,1,1.34,0.93,SPY181112P00266000,266.0,0,0.0,0.0,,0.0,normalDay
2018-11-06,0.0,67.0,0.0,0,275.12,0.0,1,1.34,0.67,SPY181112P00266000,266.0,0,0.0,0.0,,0.0,normalDay
2018-11-07,0.0,128.0,0.0,0,281.01,0.0,1,1.34,0.06,SPY181112P00266000,266.0,0,0.0,0.0,,0.0,normalDay
2018-11-08,0.0,129.0,0.0,0,280.5,0.0,1,1.34,0.05,SPY181112P00266000,266.0,0,0.0,0.0,,0.0,normalDay
2018-11-09,0.0,132.0,0.0,0,277.76,0.0,1,1.34,0.02,SPY181112P00266000,266.0,0,0.0,0.0,,0.0,normalDay
2018-11-12,134.0,0.0,134.0,0,272.57,0.0,1,1.34,0.0,SPY181112P00266000,266.0,0,0.0,0.0,,0.0,expirationDay
2018-11-13,134.0,-5.0,0.0,0,272.06,0.0,1,1.45,1.5,SPY181123P00266500,266.5,0,0.0,0.0,,0.0,normalDay
2018-11-14,134.0,-66.0,0.0,0,270.2,0.0,1,1.45,2.11,SPY181123P00266500,266.5,0,0.0,0.0,,0.0,normalDay
2018-11-15,134.0,50.0,0.0,0,273.02,0.0,1,1.45,0.95,SPY181123P00266500,266.5,0,0.0,0.0,,0.0,normalDay
2018-11-16,134.0,99.0,0.0,0,273.73,0.0,1,1.45,0.46,SPY181123P00266500,266.5,0,0.0,0.0,,0.0,normalDay
2018-11-19,134.0,30.0,0.0,0,269.1,0.0,1,1.45,1.15,SPY181123P00266500,266.5,0,0.0,0.0,,0.0,normalDay
2018-11-20,134.0,-200.0,0.0,0,264.12,0.0,1,1.45,3.45,SPY181123P00266500,266.5,0,0.0,0.0,,0.0,normalDay
2018-11-21,134.0,-54.0,0.0,0,265.02,0.0,1,1.45,1.99,SPY181123P00266500,266.5,0,0.0,0.0,,0.0,normalDay
2018-11-23,279.0,-325.0,145.0,100,263.25,266.5,1,1.45,0.0,SPY181123P00266500,266.5,0,0.0,0.0,,0.0,expirationDay
2018-11-26,279.0,96.0,0.0,100,267.5,266.5,0,0.0,0.0,,0.0,1,0.1,0.14,SPY181228C00289000,289.0,normalDay
2018-11-27,279.0,184.0,0.0,100,268.4,266.5,0,0.0,0.0,,0.0,1,0.1,0.16,SPY181228C00289000,289.0,normalDay
2018-11-28,279.0,768.0,0.0,100,274.58,266.5,0,0.0,0.0,,0.0,1,0.1,0.5,SPY181228C00289000,289.0,normalDay
2018-11-29,279.0,713.0,0.0,100,273.98,266.5,0,0.0,0.0,,0.0,1,0.1,0.45,SPY181228C00289000,289.0,normalDay
2018-11-30,279.0,872.0,0.0,100,275.65,266.5,0,0.0,0.0,,0.0,1,0.1,0.53,SPY181228C00289000,289.0,normalDay
2018-12-03,279.0,1232.0,0.0,100,279.3,266.5,0,0.0,0.0,,0.0,1,0.1,0.58,SPY181228C00289000,289.0,normalDay
2018-12-04,279.0,371.0,0.0,100,270.25,266.5,0,0.0,0.0,,0.0,1,0.1,0.14,SPY181228C00289000,289.0,normalDay
2018-12-06,279.0,333.0,0.0,100,269.84,266.5,0,0.0,0.0,,0.0,1,0.1,0.11,SPY181228C00289000,289.0,normalDay
2018-12-07,279.0,-288.0,0.0,100,263.57,266.5,0,0.0,0.0,,0.0,1,0.1,0.05,SPY181228C00289000,289.0,normalDay
2018-12-10,279.0,-237.0,0.0,100,264.07,266.5,0,0.0,0.0,,0.0,1,0.1,0.04,SPY181228C00289000,289.0,normalDay
2018-12-11,279.0,-230.0,0.0,100,264.13,266.5,0,0.0,0.0,,0.0,1,0.1,0.03,SPY181228C00289000,289.0,normalDay
2018-12-12,279.0,-97.0,0.0,100,265.46,266.5,0,0.0,0.0,,0.0,1,0.1,0.03,SPY181228C00289000,289.0,normalDay
2018-12-13,279.0,-105.0,0.0,100,265.37,266.5,0,0.0,0.0,,0.0,1,0.1,0.02,SPY181228C00289000,289.0,normalDay
2018-12-14,279.0,-595.0,0.0,100,260.47,266.5,0,0.0,0.0,,0.0,1,0.1,0.02,SPY181228C00289000,289.0,normalDay
2018-12-17,279.0,-1106.0,0.0,100,255.36,266.5,0,0.0,0.0,,0.0,1,0.1,0.02,SPY181228C00289000,289.0,normalDay
2018-12-18,279.0,-1134.0,0.0,100,255.08,266.5,0,0.0,0.0,,0.0,1,0.1,0.02,SPY181228C00289000,289.0,normalDay
2018-12-19,279.0,-1516.0,0.0,100,251.26,266.5,0,0.0,0.0,,0.0,1,0.1,0.02,SPY181228C00289000,289.0,normalDay
2018-12-20,279.0,-1925.0,0.0,100,247.17,266.5,0,0.0,0.0,,0.0,1,0.1,0.02,SPY181228C00289000,289.0,normalDay
2018-12-21,279.0,-2571.0,0.0,100,240.7,266.5,0,0.0,0.0,,0.0,1,0.1,0.01,SPY181228C00289000,289.0,normalDay
2018-12-24,279.0,-3207.0,0.0,100,234.34,266.5,0,0.0,0.0,,0.0,1,0.1,0.01,SPY181228C00289000,289.0,normalDay
2018-12-26,279.0,-2023.0,0.0,100,246.18,266.5,0,0.0,0.0,,0.0,1,0.1,0.01,SPY181228C00289000,289.0,normalDay
2018-12-27,279.0,-1834.0,0.0,100,248.07,266.5,0,0.0,0.0,,0.0,1,0.1,0.01,SPY181228C00289000,289.0,normalDay
2018-12-28,289.0,-1875.0,10.0,100,247.75,266.5,0,0.0,0.0,,0.0,1,0.1,0.0,SPY181228C00289000,289.0,expirationDay
2018-12-31,289.0,-1658.0,0.0,100,249.92,266.5,0,0.0,0.0,,0.0,0,0.0,0.0,,0.0,bidTooLow
2019-01-02,289.0,-1632.0,0.0,100,250.18,266.5,0,0.0,0.0,,0.0,0,0.0,0.0,,0.0,bidTooLow
2019-01-03,289.0,-2235.0,0.0,100,244.21,266.5,0,0.0,0.0,,0.0,1,0.27,0.33,SPY190204C00265000,265.0,normalDay
2019-01-04,289.0,-1483.0,0.0,100,252.39,266.5,0,0.0,0.0,,0.0,1,0.27,0.99,SPY190204C00265000,265.0,normalDay
2019-01-07,289.0,-1296.0,0.0,100,254.38,266.5,0,0.0,0.0,,0.0,1,0.27,1.11,SPY190204C00265000,265.0,normalDay
2019-01-08,289.0,-1089.0,0.0,100,256.77,266.5,0,0.0,0.0,,0.0,1,0.27,1.43,SPY190204C00265000,265.0,normalDay
2019-01-09,289.0,-985.0,0.0,100,257.97,266.5,0,0.0,0.0,,0.0,1,0.27,1.59,SPY190204C00265000,265.0,normalDay
2019-01-10,289.0,-913.0,0.0,100,258.88,266.5,0,0.0,0.0,,0.0,1,0.27,1.78,SPY190204C00265000,265.0,normalDay
2019-01-11,289.0,-869.0,0.0,100,258.98,266.5,0,0.0,0.0,,0.0,1,0.27,1.44,SPY190204C00265000,265.0,normalDay
2019-01-14,289.0,-969.0,0.0,100,257.4,266.5,0,0.0,0.0,,0.0,1,0.27,0.86,SPY190204C00265000,265.0,normalDay
2019-01-15,289.0,-734.0,0.0,100,260.35,266.5,0,0.0,0.0,,0.0,1,0.27,1.46,SPY190204C00265000,265.0,normalDay
2019-01-16,289.0,-686.0,0.0,100,260.98,266.5,0,0.0,0.0,,0.0,1,0.27,1.61,SPY190204C00265000,265.0,normalDay
2019-01-17,289.0,-555.0,0.0,100,262.96,266.5,0,0.0,0.0,,0.0,1,0.27,2.28,SPY190204C00265000,265.0,normalDay
2019-01-18,289.0,-389.0,0.0,100,266.46,266.5,0,0.0,0.0,,0.0,1,0.27,4.12,SPY190204C00265000,265.0,normalDay
2019-01-22,289.0,-588.0,0.0,100,262.86,266.5,0,0.0,0.0,,0.0,1,0.27,2.51,SPY190204C00265000,265.0,normalDay
2019-01-23,289.0,-516.0,0.0,100,263.41,266.5,0,0.0,0.0,,0.0,1,0.27,2.34,SPY190204C00265000,265.0,normalDay
2019-01-24,289.0,-447.0,0.0,100,263.55,266.5,0,0.0,0.0,,0.0,1,0.27,1.79,SPY190204C00265000,265.0,normalDay
2019-01-25,289.0,-340.0,0.0,100,265.78,266.5,0,0.0,0.0,,0.0,1,0.27,2.95,SPY190204C00265000,265.0,normalDay
2019-01-28,289.0,-431.0,0.0,100,263.76,266.5,0,0.0,0.0,,0.0,1,0.27,1.84,SPY190204C00265000,265.0,normalDay
2019-01-29,289.0,-440.0,0.0,100,263.41,266.5,0,0.0,0.0,,0.0,1,0.27,1.58,SPY190204C00265000,265.0,normalDay
2019-01-30,289.0,-214.0,0.0,100,267.58,266.5,0,0.0,0.0,,0.0,1,0.27,3.49,SPY190204C00265000,265.0,normalDay
2019-01-31,289.0,-192.0,0.0,100,269.93,266.5,0,0.0,0.0,,0.0,1,0.27,5.62,SPY190204C00265000,265.0,normalDay
2019-02-01,289.0,-142.0,0.0,100,270.06,266.5,0,0.0,0.0,,0.0,1,0.27,5.25,SPY190204C00265000,265.0,normalDay
2019-02-04,166.0,-142.0,-123.0,0,271.96,0.0,0,0.0,0.0,,0.0,1,0.27,0.0,SPY190204C00265000,265.0,expirationDay
2019-02-05,166.0,-3.0,0.0,0,273.1,0.0,1,0.13,0.16,SPY190215P00257500,257.5,0,0.0,0.0,,0.0,normalDay
2019-02-06,166.0,1.0,0.0,0,272.74,0.0,1,0.13,0.12,SPY190215P00257500,257.5,0,0.0,0.0,,0.0,normalDay
2019-02-07,166.0,-9.0,0.0,0,270.14,0.0,1,0.13,0.22,SPY190215P00257500,257.5,0,0.0,0.0,,0.0,normalDay
2019-02-08,166.0,2.0,0.0,0,270.47,0.0,1,0.13,0.11,SPY190215P00257500,257.5,0,0.0,0.0,,0.0,normalDay
2019-02-11,166.0,7.0,0.0,0,270.62,0.0,1,0.13,0.06,SPY190215P00257500,257.5,0,0.0,0.0,,0.0,normalDay
2019-02-12,166.0,10.0,0.0,0,274.1,0.0,1,0.13,0.03,SPY190215P00257500,257.5,0,0.0,0.0,,0.0,normalDay
2019-02-13,166.0,10.0,0.0,0,274.99,0.0,1,0.13,0.03,SPY190215P00257500,257.5,0,0.0,0.0,,0.0,normalDay
2019-02-14,166.0,11.0,0.0,0,274.38,0.0,1,0.13,0.02,SPY190215P00257500,257.5,0,0.0,0.0,,0.0,normalDay
2019-02-15,179.0,0.0,13.0,0,277.37,0.0,1,0.13,0.0,SPY190215P00257500,257.5,0,0.0,0.0,,0.0,expirationDay
2019-02-19,179.0,-4.0,0.0,0,277.85,0.0,1,0.16,0.2,SPY190301P00263500,263.5,0,0.0,0.0,,0.0,normalDay
2019-02-20,179.0,4.0,0.0,0,278.41,0.0,1,0.16,0.12,SPY190301P00263500,263.5,0,0.0,0.0,,0.0,normalDay
2019-02-21,179.0,5.0,0.0,0,277.42,0.0,1,0.16,0.11,SPY190301P00263500,263.5,0,0.0,0.0,,0.0,normalDay
2019-02-22,179.0,12.0,0.0,0,279.14,0.0,1,0.16,0.04,SPY190301P00263500,263.5,0,0.0,0.0,,0.0,normalDay
2019-02-25,179.0,12.0,0.0,0,279.52,0.0,1,0.16,0.04,SPY190301P00263500,263.5,0,0.0,0.0,,0.0,normalDay
2019-02-26,179.0,14.0,0.0,0,279.32,0.0,1,0.16,0.02,SPY190301P00263500,263.5,0,0.0,0.0,,0.0,normalDay
2019-02-27,179.0,14.0,0.0,0,279.2,0.0,1,0.16,0.02,SPY190301P00263500,263.5,0,0.0,0.0,,0.0,normalDay
2019-02-28,179.0,15.0,0.0,0,278.68,0.0,1,0.16,0.01,SPY190301P00263500,263.5,0,0.0,0.0,,0.0,normalDay
2019-03-01,195.0,0.0,16.0,0,280.42,0.0,1,0.16,0.0,SPY190301P00263500,263.5,0,0.0,0.0,,0.0,expirationDay
2019-03-04,195.0,-3.0,0.0,0,279.4,0.0,1,0.7,0.73,SPY190315P00271500,271.5,0,0.0,0.0,,0.0,normalDay
2019-03-05,195.0,1.0,0.0,0,279.02,0.0,1,0.7,0.69,SPY190315P00271500,271.5,0,0.0,0.0,,0.0,normalDay
2019-03-06,195.0,-29.0,0.0,0,277.33,0.0,1,0.7,0.99,SPY190315P00271500,271.5,0,0.0,0.0,,0.0,normalDay
2019-03-07,195.0,-77.0,0.0,0,275.01,0.0,1,0.7,1.47,SPY190315P00271500,271.5,0,0.0,0.0,,0.0,normalDay
2019-03-08,195.0,-53.0,0.0,0,274.46,0.0,1,0.7,1.23,SPY190315P00271500,271.5,0,0.0,0.0,,0.0,normalDay
2019-03-11,195.0,42.0,0.0,0,278.44,0.0,1,0.7,0.28,SPY190315P00271500,271.5,0,0.0,0.0,,0.0,normalDay
2019-03-12,195.0,58.0,0.0,0,279.49,0.0,1,0.7,0.12,SPY190315P00271500,271.5,0,0.0,0.0,,0.0,normalDay
2019-03-13,195.0,66.0,0.0,0,281.34,0.0,1,0.7,0.04,SPY190315P00271500,271.5,0,0.0,0.0,,0.0,normalDay
2019-03-14,195.0,66.0,0.0,0,281.16,0.0,1,0.7,0.04,SPY190315P00271500,271.5,0,0.0,0.0,,0.0,normalDay
2019-03-15,265.0,0.0,70.0,0,281.31,0.0,1,0.7,0.0,SPY190315P00271500,271.5,0,0.0,0.0,,0.0,expirationDay
2019-03-18,265.0,-3.0,0.0,0,282.33,0.0,1,0.57,0.6,SPY190329P00276000,276.0,0,0.0,0.0,,0.0,normalDay
2019-03-19,265.0,-13.0,0.0,0,282.4,0.0,1,0.57,0.7,SPY190329P00276000,276.0,0,0.0,0.0,,0.0,normalDay
2019-03-20,265.0,-13.0,0.0,0,281.55,0.0,1,0.57,0.7,SPY190329P00276000,276.0,0,0.0,0.0,,0.0,normalDay
2019-03-21,265.0,27.0,0.0,0,284.73,0.0,1,0.57,0.3,SPY190329P00276000,276.0,0,0.0,0.0,,0.0,normalDay
2019-03-22,265.0,-61.0,0.0,0,279.25,0.0,1,0.57,1.18,SPY190329P00276000,276.0,0,0.0,0.0,,0.0,normalDay
2019-03-25,265.0,-31.0,0.0,0,279.04,0.0,1,0.57,0.88,SPY190329P00276000,276.0,0,0.0,0.0,,0.0,normalDay
2019-03-26,265.0,26.0,0.0,0,281.12,0.0,1,0.57,0.31,SPY190329P00276000,276.0,0,0.0,0.0,,0.0,normalDay
2019-03-27,265.0,20.0,0.0,0,279.65,0.0,1,0.57,0.37,SPY190329P00276000,276.0,0,0.0,0.0,,0.0,normalDay
2019-03-28,265.0,51.0,0.0,0,280.71,0.0,1,0.57,0.06,SPY190329P00276000,276.0,0,0.0,0.0,,0.0,normalDay
2019-03-29,322.0,0.0,57.0,0,282.48,0.0,1,0.57,0.0,SPY190329P00276000,276.0,0,0.0,0.0,,0.0,expirationDay
2019-04-01,322.0,-3.0,0.0,0,285.83,0.0,1,0.36,0.39,SPY190412P00277000,277.0,0,0.0,0.0,,0.0,normalDay
2019-04-02,322.0,4.0,0.0,0,285.97,0.0,1,0.36,0.32,SPY190412P00277000,277.0,0,0.0,0.0,,0.0,normalDay
2019-04-03,322.0,10.0,0.0,0,286.42,0.0,1,0.36,0.26,SPY190412P00277000,277.0,0,0.0,0.0,,0.0,normalDay
2019-04-04,322.0,20.0,0.0,0,287.18,0.0,1,0.36,0.16,SPY190412P00277000,277.0,0,0.0,0.0,,0.0,normalDay
2019-04-05,322.0,30.0,0.0,0,288.57,0.0,1,0.36,0.06,SPY190412P00277000,277.0,0,0.0,0.0,,0.0,normalDay
2019-04-08,322.0,34.0,0.0,0,288.79,0.0,1,0.36,0.02,SPY190412P00277000,277.0,0,0.0,0.0,,0.0,normalDay
2019-04-09,322.0,32.0,0.0,0,287.31,0.0,1,0.36,0.04,SPY190412P00277000,277.0,0,0.0,0.0,,0.0,normalDay
2019-04-10,322.0,34.0,0.0,0,288.29,0.0,1,0.36,0.02,SPY190412P00277000,277.0,0,0.0,0.0,,0.0,normalDay
2019-04-11,322.0,35.0,0.0,0,288.21,0.0,1,0.36,0.01,SPY190412P00277000,277.0,0,0.0,0.0,,0.0,normalDay
2019-04-12,358.0,0.0,36.0,0,290.16,0.0,1,0.36,0.0,SPY190412P00277000,277.0,0,0.0,0.0,,0.0,expirationDay
2019-04-15,358.0,-3.0,0.0,0,289.97,0.0,1,0.23,0.26,SPY190426P00280000,280.0,0,0.0,0.0,,0.0,normalDay
2019-04-16,358.0,1.0,0.0,0,290.16,0.0,1,0.23,0.22,SPY190426P00280000,280.0,0,0.0,0.0,,0.0,normalDay
2019-04-17,358.0,1.0,0.0,0,289.45,0.0,1,0.23,0.22,SPY190426P00280000,280.0,0,0.0,0.0,,0.0,normalDay
2019-04-18,358.0,14.0,0.0,0,290.02,0.0,1,0.23,0.09,SPY190426P00280000,280.0,0,0.0,0.0,,0.0,normalDay
2019-04-22,358.0,19.0,0.0,0,290.27,0.0,1,0.23,0.04,SPY190426P00280000,280.0,0,0.0,0.0,,0.0,normalDay
2019-04-23,358.0,21.0,0.0,0,292.88,0.0,1,0.23,0.02,SPY190426P00280000,280.0,0,0.0,0.0,,0.0,normalDay
2019-04-24,358.0,21.0,0.0,0,292.23,0.0,1,0.23,0.02,SPY190426P00280000,280.0,0,0.0,0.0,,0.0,normalDay
2019-04-25,358.0,22.0,0.0,0,292.05,0.0,1,0.23,0.01,SPY190426P00280000,280.0,0,0.0,0.0,,0.0,normalDay
2019-04-26,381.0,0.0,23.0,0,293.41,0.0,1,0.23,0.0,SPY190426P00280000,280.0,0,0.0,0.0,,0.0,expirationDay
2019-04-29,381.0,-3.0,0.0,0,293.87,0.0,1,0.49,0.52,SPY190510P00286000,286.0,0,0.0,0.0,,0.0,normalDay
2019-04-30,381.0,4.0,0.0,0,294.02,0.0,1,0.49,0.45,SPY190510P00286000,286.0,0,0.0,0.0,,0.0,normalDay
2019-05-01,381.0,-32.0,0.0,0,291.81,0.0,1,0.49,0.81,SPY190510P00286000,286.0,0,0.0,0.0,,0.0,normalDay
2019-05-02,381.0,-25.0,0.0,0,291.18,0.0,1,0.49,0.74,SPY190510P00286000,286.0,0,0.0,0.0,,0.0,normalDay
2019-05-03,381.0,29.0,0.0,0,294.03,0.0,1,0.49,0.2,SPY190510P00286000,286.0,0,0.0,0.0,,0.0,normalDay
2019-05-06,381.0,10.0,0.0,0,292.82,0.0,1,0.49,0.39,SPY190510P00286000,286.0,0,0.0,0.0,,0.0,normalDay
2019-05-07,381.0,-116.0,0.0,0,287.93,0.0,1,0.49,1.65,SPY190510P00286000,286.0,0,0.0,0.0,,0.0,normalDay
2019-05-08,381.0,-100.0,0.0,0,287.53,0.0,1,0.49,1.49,SPY190510P00286000,286.0,0,0.0,0.0,,0.0,normalDay
2019-05-09,381.0,-116.0,0.0,0,286.66,0.0,1,0.49,1.65,SPY190510P00286000,286.0,0,0.0,0.0,,0.0,normalDay
2019-05-10,430.0,0.0,49.0,0,288.1,0.0,1,0.49,0.0,SPY190510P00286000,286.0,0,0.0,0.0,,0.0,expirationDay
2019-05-13,430.0,-7.0,0.0,0,280.86,0.0,1,6.62,6.69,SPY190524P00286000,286.0,0,0.0,0.0,,0.0,normalDay
2019-05-14,430.0,216.0,0.0,0,283.4,0.0,1,6.62,4.46,SPY190524P00286000,286.0,0,0.0,0.0,,0.0,normalDay
2019-05-15,430.0,362.0,0.0,0,285.06,0.0,1,6.62,3.0,SPY190524P00286000,286.0,0,0.0,0.0,,0.0,normalDay
2019-05-16,430.0,488.0,0.0,0,287.7,0.0,1,6.62,1.74,SPY190524P00286000,286.0,0,0.0,0.0,,0.0,normalDay
2019-05-17,430.0,417.0,0.0,0,285.84,0.0,1,6.62,2.45,SPY190524P00286000,286.0,0,0.0,0.0,,0.0,normalDay
2019-05-20,430.0,365.0,0.0,0,283.95,0.0,1,6.62,2.97,SPY190524P00286000,286.0,0,0.0,0.0,,0.0,normalDay
2019-05-21,430.0,530.0,0.0,0,286.51,0.0,1,6.62,1.32,SPY190524P00286000,286.0,0,0.0,0.0,,0.0,normalDay
2019-05-22,430.0,526.0,0.0,0,285.63,0.0,1,6.62,1.36,SPY190524P00286000,286.0,0,0.0,0.0,,0.0,normalDay
2019-05-23,430.0,246.0,0.0,0,282.14,0.0,1,6.62,4.16,SPY190524P00286000,286.0,0,0.0,0.0,,0.0,normalDay
2019-05-24,1092.0,-322.0,662.0,100,282.78,286.0,1,6.62,0.0,SPY190524P00286000,286.0,0,0.0,0.0,,0.0,expirationDay
2019-05-28,1092.0,-588.0,0.0,100,280.15,286.0,0,0.0,0.0,,0.0,1,0.04,0.07,SPY190628C00301000,301.0,normalDay
2019-05-29,1092.0,-774.0,0.0,100,278.27,286.0,0,0.0,0.0,,0.0,1,0.04,0.05,SPY190628C00301000,301.0,normalDay
2019-05-30,1092.0,-698.0,0.0,100,279.03,286.0,0,0.0,0.0,,0.0,1,0.04,0.05,SPY190628C00301000,301.0,normalDay
2019-05-31,1092.0,-1072.0,0.0,100,275.27,286.0,0,0.0,0.0,,0.0,1,0.04,0.03,SPY190628C00301000,301.0,normalDay
2019-06-03,1092.0,-1142.0,0.0,100,274.57,286.0,0,0.0,0.0,,0.0,1,0.04,0.03,SPY190628C00301000,301.0,normalDay
2019-06-04,1092.0,-548.0,0.0,100,280.53,286.0,0,0.0,0.0,,0.0,1,0.04,0.05,SPY190628C00301000,301.0,normalDay
2019-06-05,1092.0,-307.0,0.0,100,282.96,286.0,0,0.0,0.0,,0.0,1,0.04,0.07,SPY190628C00301000,301.0,normalDay
2019-06-06,1092.0,-127.0,0.0,100,284.8,286.0,0,0.0,0.0,,0.0,1,0.04,0.11,SPY190628C00301000,301.0,normalDay
2019-06-07,1092.0,150.0,0.0,100,287.65,286.0,0,0.0,0.0,,0.0,1,0.04,0.19,SPY190628C00301000,301.0,normalDay
2019-06-10,1092.0,280.0,0.0,100,288.97,286.0,0,0.0,0.0,,0.0,1,0.04,0.21,SPY190628C00301000,301.0,normalDay
2019-06-11,1092.0,278.0,0.0,100,288.9,286.0,0,0.0,0.0,,0.0,1,0.04,0.16,SPY190628C00301000,301.0,normalDay
2019-06-12,1092.0,234.0,0.0,100,288.39,286.0,0,0.0,0.0,,0.0,1,0.04,0.09,SPY190628C00301000,301.0,normalDay
2019-06-13,1092.0,352.0,0.0,100,289.58,286.0,0,0.0,0.0,,0.0,1,0.04,0.1,SPY190628C00301000,301.0,normalDay
2019-06-14,1092.0,324.0,0.0,100,289.26,286.0,0,0.0,0.0,,0.0,1,0.04,0.06,SPY190628C00301000,301.0,normalDay
2019-06-17,1092.0,337.0,0.0,100,289.37,286.0,0,0.0,0.0,,0.0,1,0.04,0.04,SPY190628C00301000,301.0,normalDay
2019-06-18,1092.0,632.0,0.0,100,292.4,286.0,0,0.0,0.0,,0.0,1,0.04,0.12,SPY190628C00301000,301.0,normalDay
2019-06-19,1092.0,698.0,0.0,100,293.06,286.0,0,0.0,0.0,,0.0,1,0.04,0.12,SPY190628C00301000,301.0,normalDay
2019-06-20,1092.0,958.0,0.0,100,295.86,286.0,0,0.0,0.0,,0.0,1,0.04,0.32,SPY190628C00301000,301.0,normalDay
2019-06-21,1092.0,789.0,0.0,100,294.0,286.0,0,0.0,0.0,,0.0,1,0.04,0.15,SPY190628C00301000,301.0,normalDay
2019-06-24,1092.0,763.0,0.0,100,293.64,286.0,0,0.0,0.0,,0.0,1,0.04,0.05,SPY190628C00301000,301.0,normalDay
2019-06-25,1092.0,479.0,0.0,100,290.76,286.0,0,0.0,0.0,,0.0,1,0.04,0.01,SPY190628C00301000,301.0,normalDay
2019-06-26,1092.0,450.0,0.0,100,290.47,286.0,0,0.0,0.0,,0.0,1,0.04,0.01,SPY190628C00301000,301.0,normalDay
2019-06-27,1092.0,553.0,0.0,100,291.5,286.0,0,0.0,0.0,,0.0,1,0.04,0.01,SPY190628C00301000,301.0,normalDay
2019-06-28,1096.0,700.0,4.0,100,293.0,286.0,0,0.0,0.0,,0.0,1,0.04,0.0,SPY190628C00301000,301.0,expirationDay
2019-07-01,1096.0,962.0,0.0,100,295.66,286.0,0,0.0,0.0,,0.0,1,0.87,0.91,SPY190802C00304000,304.0,normalDay
2019-07-02,1096.0,1049.0,0.0,100,296.43,286.0,0,0.0,0.0,,0.0,1,0.87,0.81,SPY190802C00304000,304.0,normalDay
2019-07-03,1096.0,1220.0,0.0,100,298.8,286.0,0,0.0,0.0,,0.0,1,0.87,1.47,SPY190802C00304000,304.0,normalDay
2019-07-05,1096.0,1216.0,0.0,100,298.46,286.0,0,0.0,0.0,,0.0,1,0.87,1.17,SPY190802C00304000,304.0,normalDay
2019-07-08,1096.0,1087.0,0.0,100,296.82,286.0,0,0.0,0.0,,0.0,1,0.87,0.82,SPY190802C00304000,304.0,normalDay
2019-07-09,1096.0,1120.0,0.0,100,297.19,286.0,0,0.0,0.0,,0.0,1,0.87,0.86,SPY190802C00304000,304.0,normalDay
2019-07-10,1096.0,1244.0,0.0,100,298.61,286.0,0,0.0,0.0,,0.0,1,0.87,1.04,SPY190802C00304000,304.0,normalDay
2019-07-11,1096.0,1304.0,0.0,100,299.31,286.0,0,0.0,0.0,,0.0,1,0.87,1.14,SPY190802C00304000,304.0,normalDay
2019-07-12,1096.0,1409.0,0.0,100,300.65,286.0,0,0.0,0.0,,0.0,1,0.87,1.43,SPY190802C00304000,304.0,normalDay
2019-07-15,1096.0,1431.0,0.0,100,300.75,286.0,0,0.0,0.0,,0.0,1,0.87,1.31,SPY190802C00304000,304.0,normalDay
2019-07-16,1096.0,1368.0,0.0,100,299.78,286.0,0,0.0,0.0,,0.0,1,0.87,0.97,SPY190802C00304000,304.0,normalDay
2019-07-17,1096.0,1210.0,0.0,100,297.74,286.0,0,0.0,0.0,,0.0,1,0.87,0.51,SPY190802C00304000,304.0,normalDay
2019-07-18,1096.0,1295.0,0.0,100,298.83,286.0,0,0.0,0.0,,0.0,1,0.87,0.75,SPY190802C00304000,304.0,normalDay
2019-07-19,1096.0,1169.0,0.0,100,297.17,286.0,0,0.0,0.0,,0.0,1,0.87,0.35,SPY190802C00304000,304.0,normalDay
2019-07-22,1096.0,1249.0,0.0,100,297.9,286.0,0,0.0,0.0,,0.0,1,0.87,0.28,SPY190802C00304000,304.0,normalDay
2019-07-23,1096.0,1432.0,0.0,100,300.03,286.0,0,0.0,0.0,,0.0,1,0.87,0.58,SPY190802C00304000,304.0,normalDay
2019-07-24,1096.0,1541.0,0.0,100,301.44,286.0,0,0.0,0.0,,0.0,1,0.87,0.9,SPY190802C00304000,304.0,normalDay
2019-07-25,1096.0,1440.0,0.0,100,300.0,286.0,0,0.0,0.0,,0.0,1,0.87,0.47,SPY190802C00304000,304.0,normalDay
2019-07-26,1096.0,1602.0,0.0,100,302.01,286.0,0,0.0,0.0,,0.0,1,0.87,0.86,SPY190802C00304000,304.0,normalDay
2019-07-29,1096.0,1568.0,0.0,100,301.46,286.0,0,0.0,0.0,,0.0,1,0.87,0.65,SPY190802C00304000,304.0,normalDay
2019-07-30,1096.0,1505.0,0.0,100,300.72,286.0,0,0.0,0.0,,0.0,1,0.87,0.54,SPY190802C00304000,304.0,normalDay
2019-07-31,1096.0,1225.0,0.0,100,297.43,286.0,0,0.0,0.0,,0.0,1,0.87,0.05,SPY190802C00304000,304.0,normalDay
2019-08-01,1096.0,969.0,0.0,100,294.84,286.0,0,0.0,0.0,,0.0,1,0.87,0.02,SPY190802C00304000,304.0,normalDay
2019-08-02,1183.0,662.0,87.0,100,292.62,286.0,0,0.0,0.0,,0.0,1,0.87,0.0,SPY190802C00304000,304.0,expirationDay
2019-08-05,1183.0,-221.0,0.0,100,283.82,286.0,0,0.0,0.0,,0.0,1,0.02,0.05,SPY190906C00312000,312.0,normalDay
2019-08-06,1183.0,177.0,0.0,100,287.8,286.0,0,0.0,0.0,,0.0,1,0.02,0.05,SPY190906C00312000,312.0,normalDay
2019-08-07,1183.0,195.0,0.0,100,287.97,286.0,0,0.0,0.0,,0.0,1,0.02,0.04,SPY190906C00312000,312.0,normalDay
2019-08-08,1183.0,757.0,0.0,100,293.62,286.0,0,0.0,0.0,,0.0,1,0.02,0.07,SPY190906C00312000,312.0,normalDay
2019-08-09,1183.0,559.0,0.0,100,291.62,286.0,0,0.0,0.0,,0.0,1,0.02,0.05,SPY190906C00312000,312.0,normalDay
2019-08-12,1183.0,205.0,0.0,100,288.07,286.0,0,0.0,0.0,,0.0,1,0.02,0.04,SPY190906C00312000,312.0,normalDay
2019-08-13,1183.0,653.0,0.0,100,292.55,286.0,0,0.0,0.0,,0.0,1,0.02,0.04,SPY190906C00312000,312.0,normalDay
2019-08-14,1183.0,-210.0,0.0,100,283.9,286.0,0,0.0,0.0,,0.0,1,0.02,0.02,SPY190906C00312000,312.0,normalDay
2019-08-15,1183.0,-136.0,0.0,100,284.65,286.0,0,0.0,0.0,,0.0,1,0.02,0.03,SPY190906C00312000,312.0,normalDay
2019-08-16,1183.0,285.0,0.0,100,288.85,286.0,0,0.0,0.0,,0.0,1,0.02,0.02,SPY190906C00312000,312.0,normalDay
2019-08-19,1183.0,632.0,0.0,100,292.33,286.0,0,0.0,0.0,,0.0,1,0.02,0.03,SPY190906C00312000,312.0,normalDay
2019-08-20,1183.0,409.0,0.0,100,290.09,286.0,0,0.0,0.0,,0.0,1,0.02,0.02,SPY190906C00312000,312.0,normalDay
2019-08-21,1183.0,645.0,0.0,100,292.45,286.0,0,0.0,0.0,,0.0,1,0.02,0.02,SPY190906C00312000,312.0,normalDay
2019-08-22,1183.0,636.0,0.0,100,292.36,286.0,0,0.0,0.0,,0.0,1,0.02,0.02,SPY190906C00312000,312.0,normalDay
2019-08-23,1183.0,-115.0,0.0,100,284.85,286.0,0,0.0,0.0,,0.0,1,0.02,0.02,SPY190906C00312000,312.0,normalDay
2019-08-26,1183.0,201.0,0.0,100,288.0,286.0,0,0.0,0.0,,0.0,1,0.02,0.01,SPY190906C00312000,312.0,normalDay
2019-08-27,1183.0,88.0,0.0,100,286.87,286.0,0,0.0,0.0,,0.0,1,0.02,0.01,SPY190906C00312000,312.0,normalDay
2019-08-28,1183.0,290.0,0.0,100,288.89,286.0,0,0.0,0.0,,0.0,1,0.02,0.01,SPY190906C00312000,312.0,normalDay
2019-08-29,1183.0,659.0,0.0,100,292.58,286.0,0,0.0,0.0,,0.0,1,0.02,0.01,SPY190906C00312000,312.0,normalDay
2019-08-30,1183.0,646.0,0.0,100,292.45,286.0,0,0.0,0.0,,0.0,1,0.02,0.01,SPY190906C00312000,312.0,normalDay
2019-09-03,1183.0,475.0,0.0,100,290.74,286.0,0,0.0,0.0,,0.0,1,0.02,0.01,SPY190906C00312000,312.0,normalDay
2019-09-04,1183.0,805.0,0.0,100,294.04,286.0,0,0.0,0.0,,0.0,1,0.02,0.01,SPY190906C00312000,312.0,normalDay
2019-09-05,1183.0,1183.0,0.0,100,297.82,286.0,0,0.0,0.0,,0.0,1,0.02,0.01,SPY190906C00312000,312.0,normalDay
2019-09-06,1185.0,1205.0,2.0,100,298.05,286.0,0,0.0,0.0,,0.0,1,0.02,0.0,SPY190906C00312000,312.0,expirationDay
2019-09-09,1185.0,1215.0,0.0,100,298.2,286.0,0,0.0,0.0,,0.0,1,0.94,0.99,SPY191011C00305000,305.0,normalDay
2019-09-10,1185.0,1217.0,0.0,100,298.13,286.0,0,0.0,0.0,,0.0,1,0.94,0.9,SPY191011C00305000,305.0,normalDay
2019-09-11,1185.0,1378.0,0.0,100,300.25,286.0,0,0.0,0.0,,0.0,1,0.94,1.41,SPY191011C00305000,305.0,normalDay
2019-09-12,1185.0,1453.0,0.0,100,301.29,286.0,0,0.0,0.0,,0.0,1,0.94,1.7,SPY191011C00305000,305.0,normalDay
2019-09-13,1185.0,1463.0,0.0,100,301.09,286.0,0,0.0,0.0,,0.0,1,0.94,1.4,SPY191011C00305000,305.0,normalDay
2019-09-16,1185.0,1396.0,0.0,100,300.16,286.0,0,0.0,0.0,,0.0,1,0.94,1.14,SPY191011C00305000,305.0,normalDay
2019-09-17,1185.0,1460.0,0.0,100,300.92,286.0,0,0.0,0.0,,0.0,1,0.94,1.26,SPY191011C00305000,305.0,normalDay
2019-09-18,1185.0,1484.0,0.0,100,301.1,286.0,0,0.0,0.0,,0.0,1,0.94,1.2,SPY191011C00305000,305.0,normalDay
2019-09-19,1185.0,1494.0,0.0,100,301.08,286.0,0,0.0,0.0,,0.0,1,0.94,1.08,SPY191011C00305000,305.0,normalDay
2019-09-20,1185.0,1245.0,0.0,100,298.28,286.0,0,0.0,0.0,,0.0,1,0.94,0.77,SPY191011C00305000,305.0,normalDay
2019-09-23,1185.0,1258.0,0.0,100,298.21,286.0,0,0.0,0.0,,0.0,1,0.94,0.57,SPY191011C00305000,305.0,normalDay
2019-09-24,1185.0,1044.0,0.0,100,295.87,286.0,0,0.0,0.0,,0.0,1,0.94,0.37,SPY191011C00305000,305.0,normalDay
2019-09-25,1185.0,1217.0,0.0,100,297.62,286.0,0,0.0,0.0,,0.0,1,0.94,0.39,SPY191011C00305000,305.0,normalDay
2019-09-26,1185.0,1165.0,0.0,100,297.0,286.0,0,0.0,0.0,,0.0,1,0.94,0.29,SPY191011C00305000,305.0,normalDay
2019-09-27,1185.0,1017.0,0.0,100,295.4,286.0,0,0.0,0.0,,0.0,1,0.94,0.17,SPY191011C00305000,305.0,normalDay
2019-09-30,1185.0,1156.0,0.0,100,296.77,286.0,0,0.0,0.0,,0.0,1,0.94,0.15,SPY191011C00305000,305.0,normalDay
2019-10-01,1185.0,813.0,0.0,100,293.24,286.0,0,0.0,0.0,,0.0,1,0.94,0.05,SPY191011C00305000,305.0,normalDay
2019-10-02,1185.0,297.0,0.0,100,288.06,286.0,0,0.0,0.0,,0.0,1,0.94,0.03,SPY191011C00305000,305.0,normalDay
2019-10-03,1185.0,534.0,0.0,100,290.42,286.0,0,0.0,0.0,,0.0,1,0.94,0.02,SPY191011C00305000,305.0,normalDay
2019-10-04,1185.0,927.0,0.0,100,294.35,286.0,0,0.0,0.0,,0.0,1,0.94,0.02,SPY191011C00305000,305.0,normalDay
2019-10-07,1185.0,801.0,0.0,100,293.08,286.0,0,0.0,0.0,,0.0,1,0.94,0.01,SPY191011C00305000,305.0,normalDay
2019-10-08,1185.0,346.0,0.0,100,288.53,286.0,0,0.0,0.0,,0.0,1,0.94,0.01,SPY191011C00305000,305.0,normalDay
2019-10-09,1185.0,620.0,0.0,100,291.27,286.0,0,0.0,0.0,,0.0,1,0.94,0.01,SPY191011C00305000,305.0,normalDay
2019-10-10,1185.0,817.0,0.0,100,293.24,286.0,0,0.0,0.0,,0.0,1,0.94,0.01,SPY191011C00305000,305.0,normalDay
2019-10-11,1279.0,1028.0,94.0,100,296.28,286.0,0,0.0,0.0,,0.0,1,0.94,0.0,SPY191011C00305000,305.0,expirationDay
2019-10-14,1279.0,992.0,0.0,100,295.95,286.0,0,0.0,0.0,,0.0,1,0.34,0.37,SPY191115C00308000,308.0,normalDay
2019-10-15,1279.0,1254.0,0.0,100,298.88,286.0,0,0.0,0.0,,0.0,1,0.34,0.68,SPY191115C00308000,308.0,normalDay
2019-10-16,1279.0,1215.0,0.0,100,298.4,286.0,0,0.0,0.0,,0.0,1,0.34,0.59,SPY191115C00308000,308.0,normalDay
2019-10-17,1279.0,1297.0,0.0,100,299.28,286.0,0,0.0,0.0,,0.0,1,0.34,0.65,SPY191115C00308000,308.0,normalDay
2019-10-18,1279.0,1184.0,0.0,100,297.97,286.0,0,0.0,0.0,,0.0,1,0.34,0.47,SPY191115C00308000,308.0,normalDay
2019-10-21,1279.0,1369.0,0.0,100,299.99,286.0,0,0.0,0.0,,0.0,1,0.34,0.64,SPY191115C00308000,308.0,normalDay
2019-10-22,1279.0,1285.0,0.0,100,299.01,286.0,0,0.0,0.0,,0.0,1,0.34,0.5,SPY191115C00308000,308.0,normalDay
2019-10-23,1279.0,1369.0,0.0,100,299.88,286.0,0,0.0,0.0,,0.0,1,0.34,0.53,SPY191115C00308000,308.0,normalDay
2019-10-24,1279.0,1426.0,0.0,100,300.37,286.0,0,0.0,0.0,,0.0,1,0.34,0.45,SPY191115C00308000,308.0,normalDay
2019-10-25,1279.0,1537.0,0.0,100,301.6,286.0,0,0.0,0.0,,0.0,1,0.34,0.57,SPY191115C00308000,308.0,normalDay
2019-10-28,1279.0,1671.0,0.0,100,303.3,286.0,0,0.0,0.0,,0.0,1,0.34,0.93,SPY191115C00308000,308.0,normalDay
2019-10-29,1279.0,1673.0,0.0,100,303.21,286.0,0,0.0,0.0,,0.0,1,0.34,0.82,SPY191115C00308000,308.0,normalDay
2019-10-30,1279.0,1754.0,0.0,100,304.14,286.0,0,0.0,0.0,,0.0,1,0.34,0.94,SPY191115C00308000,308.0,normalDay
2019-10-31,1279.0,1700.0,0.0,100,303.33,286.0,0,0.0,0.0,,0.0,1,0.34,0.67,SPY191115C00308000,308.0,normalDay
2019-11-01,1279.0,1913.0,0.0,100,306.14,286.0,0,0.0,0.0,,0.0,1,0.34,1.35,SPY191115C00308000,308.0,normalDay
2019-11-04,1279.0,1995.0,0.0,100,307.37,286.0,0,0.0,0.0,,0.0,1,0.34,1.76,SPY191115C00308000,308.0,normalDay
2019-11-05,1279.0,1984.0,0.0,100,307.03,286.0,0,0.0,0.0,,0.0,1,0.34,1.53,SPY191115C00308000,308.0,normalDay
2019-11-06,1279.0,2006.0,0.0,100,307.1,286.0,0,0.0,0.0,,0.0,1,0.34,1.38,SPY191115C00308000,308.0,normalDay
2019-11-07,1279.0,2071.0,0.0,100,308.18,286.0,0,0.0,0.0,,0.0,1,0.34,1.81,SPY191115C00308000,308.0,normalDay
2019-11-08,1279.0,2123.0,0.0,100,308.94,286.0,0,0.0,0.0,,0.0,1,0.34,2.05,SPY191115C00308000,308.0,normalDay
2019-11-11,1279.0,2111.0,0.0,100,308.35,286.0,0,0.0,0.0,,0.0,1,0.34,1.58,SPY191115C00308000,308.0,normalDay
2019-11-12,1279.0,2175.0,0.0,100,309.0,286.0,0,0.0,0.0,,0.0,1,0.34,1.59,SPY191115C00308000,308.0,normalDay
2019-11-13,1279.0,2176.0,0.0,100,309.1,286.0,0,0.0,0.0,,0.0,1,0.34,1.68,SPY191115C00308000,308.0,normalDay
2019-11-14,1279.0,2206.0,0.0,100,309.55,286.0,0,0.0,0.0,,0.0,1,0.34,1.83,SPY191115C00308000,308.0,normalDay
2019-11-15,3513.0,2206.0,2234.0,0,311.79,0.0,0,0.0,0.0,,0.0,1,0.34,0.0,SPY191115C00308000,308.0,expirationDay
2019-11-18,3513.0,-3.0,0.0,0,312.02,0.0,1,0.23,0.26,SPY191129P00301000,301.0,0,0.0,0.0,,0.0,normalDay
2019-11-19,3513.0,-1.0,0.0,0,311.93,0.0,1,0.23,0.24,SPY191129P00301000,301.0,0,0.0,0.0,,0.0,normalDay
2019-11-20,3513.0,-4.0,0.0,0,310.77,0.0,1,0.23,0.27,SPY191129P00301000,301.0,0,0.0,0.0,,0.0,normalDay
2019-11-21,3513.0,2.0,0.0,0,310.27,0.0,1,0.23,0.21,SPY191129P00301000,301.0,0,0.0,0.0,,0.0,normalDay
2019-11-22,3513.0,14.0,0.0,0,310.96,0.0,1,0.23,0.09,SPY191129P00301000,301.0,0,0.0,0.0,,0.0,normalDay
2019-11-25,3513.0,19.0,0.0,0,313.37,0.0,1,0.23,0.04,SPY191129P00301000,301.0,0,0.0,0.0,,0.0,normalDay
2019-11-26,3513.0,20.0,0.0,0,314.08,0.0,1,0.23,0.03,SPY191129P00301000,301.0,0,0.0,0.0,,0.0,normalDay
2019-11-27,3513.0,22.0,0.0,0,315.48,0.0,1,0.23,0.01,SPY191129P00301000,301.0,0,0.0,0.0,,0.0,normalDay
2019-11-29,3536.0,0.0,23.0,0,314.31,0.0,1,0.23,0.0,SPY191129P00301000,301.0,0,0.0,0.0,,0.0,expirationDay
2019-12-02,3536.0,-3.0,0.0,0,311.64,0.0,1,1.54,1.57,SPY191213P00307500,307.5,0,0.0,0.0,,0.0,normalDay
2019-12-03,3536.0,-81.0,0.0,0,309.55,0.0,1,1.54,2.35,SPY191213P00307500,307.5,0,0.0,0.0,,0.0,normalDay
2019-12-04,3536.0,2.0,0.0,0,311.46,0.0,1,1.54,1.52,SPY191213P00307500,307.5,0,0.0,0.0,,0.0,normalDay
2019-12-05,3536.0,53.0,0.0,0,312.02,0.0,1,1.54,1.01,SPY191213P00307500,307.5,0,0.0,0.0,,0.0,normalDay
2019-12-06,3536.0,117.0,0.0,0,314.87,0.0,1,1.54,0.37,SPY191213P00307500,307.5,0,0.0,0.0,,0.0,normalDay
2019-12-09,3536.0,109.0,0.0,0,313.88,0.0,1,1.54,0.45,SPY191213P00307500,307.5,0,0.0,0.0,,0.0,normalDay
2019-12-10,3536.0,127.0,0.0,0,313.53,0.0,1,1.54,0.27,SPY191213P00307500,307.5,0,0.0,0.0,,0.0,normalDay
2019-12-11,3536.0,144.0,0.0,0,314.42,0.0,1,1.54,0.1,SPY191213P00307500,307.5,0,0.0,0.0,,0.0,normalDay
2019-12-12,3536.0,150.0,0.0,0,317.13,0.0,1,1.54,0.04,SPY191213P00307500,307.5,0,0.0,0.0,,0.0,normalDay
2019-12-13,3690.0,0.0,154.0,0,317.32,0.0,1,1.54,0.0,SPY191213P00307500,307.5,0,0.0,0.0,,0.0,expirationDay
2019-12-16,3690.0,-3.0,0.0,0,319.5,0.0,1,0.45,0.48,SPY191227P00310000,310.0,0,0.0,0.0,,0.0,normalDay
2019-12-17,3690.0,7.0,0.0,0,319.57,0.0,1,0.45,0.38,SPY191227P00310000,310.0,0,0.0,0.0,,0.0,normalDay
2019-12-18,3690.0,18.0,0.0,0,319.59,0.0,1,0.45,0.27,SPY191227P00310000,310.0,0,0.0,0.0,,0.0,normalDay
2019-12-19,3690.0,32.0,0.0,0,320.9,0.0,1,0.45,0.13,SPY191227P00310000,310.0,0,0.0,0.0,,0.0,normalDay
2019-12-20,3690.0,38.0,0.0,0,320.73,0.0,1,0.45,0.07,SPY191227P00310000,310.0,0,0.0,0.0,,0.0,normalDay
2019-12-23,3690.0,42.0,0.0,0,321.22,0.0,1,0.45,0.03,SPY191227P00310000,310.0,0,0.0,0.0,,0.0,normalDay
2019-12-24,3690.0,43.0,0.0,0,321.23,0.0,1,0.45,0.02,SPY191227P00310000,310.0,0,0.0,0.0,,0.0,normalDay
2019-12-26,3690.0,44.0,0.0,0,322.94,0.0,1,0.45,0.01,SPY191227P00310000,310.0,0,0.0,0.0,,0.0,normalDay
2019-12-27,3735.0,0.0,45.0,0,322.86,0.0,1,0.45,0.0,SPY191227P00310000,310.0,0,0.0,0.0,,0.0,expirationDay
2019-12-30,3735.0,-3.0,0.0,0,321.08,0.0,1,0.67,0.7,SPY200110P00312000,312.0,0,0.0,0.0,,0.0,normalDay
2019-12-31,3735.0,18.0,0.0,0,321.86,0.0,1,0.67,0.49,SPY200110P00312000,312.0,0,0.0,0.0,,0.0,normalDay
2020-01-02,3735.0,54.0,0.0,0,324.87,0.0,1,0.67,0.13,SPY200110P00312000,312.0,0,0.0,0.0,,0.0,normalDay
2020-01-03,3735.0,42.0,0.0,0,322.41,0.0,1,0.67,0.25,SPY200110P00312000,312.0,0,0.0,0.0,,0.0,normalDay
2020-01-06,3735.0,60.0,0.0,0,323.64,0.0,1,0.67,0.07,SPY200110P00312000,312.0,0,0.0,0.0,,0.0,normalDay
2020-01-07,3735.0,61.0,0.0,0,322.73,0.0,1,0.67,0.06,SPY200110P00312000,312.0,0,0.0,0.0,,0.0,normalDay
2020-01-08,3735.0,61.0,0.0,0,324.45,0.0,1,0.67,0.06,SPY200110P00312000,312.0,0,0.0,0.0,,0.0,normalDay
2020-01-09,3735.0,66.0,0.0,0,326.65,0.0,1,0.67,0.01,SPY200110P00312000,312.0,0,0.0,0.0,,0.0,normalDay
2020-01-10,3802.0,0.0,67.0,0,325.71,0.0,1,0.67,0.0,SPY200110P00312000,312.0,0,0.0,0.0,,0.0,expirationDay
2020-01-13,3802.0,-3.0,0.0,0,327.95,0.0,1,0.35,0.38,SPY200124P00319000,319.0,0,0.0,0.0,,0.0,normalDay
2020-01-14,3802.0,-1.0,0.0,0,327.45,0.0,1,0.35,0.36,SPY200124P00319000,319.0,0,0.0,0.0,,0.0,normalDay
2020-01-15,3802.0,11.0,0.0,0,328.19,0.0,1,0.35,0.24,SPY200124P00319000,319.0,0,0.0,0.0,,0.0,normalDay
2020-01-16,3802.0,22.0,0.0,0,330.92,0.0,1,0.35,0.13,SPY200124P00319000,319.0,0,0.0,0.0,,0.0,normalDay
2020-01-17,3802.0,30.0,0.0,0,331.95,0.0,1,0.35,0.05,SPY200124P00319000,319.0,0,0.0,0.0,,0.0,normalDay
2020-01-21,3802.0,31.0,0.0,0,331.3,0.0,1,0.35,0.04,SPY200124P00319000,319.0,0,0.0,0.0,,0.0,normalDay
2020-01-22,3802.0,33.0,0.0,0,331.34,0.0,1,0.35,0.02,SPY200124P00319000,319.0,0,0.0,0.0,,0.0,normalDay
2020-01-23,3802.0,34.0,0.0,0,331.72,0.0,1,0.35,0.01,SPY200124P00319000,319.0,0,0.0,0.0,,0.0,normalDay
2020-01-24,3837.0,0.0,35.0,0,328.77,0.0,1,0.35,0.0,SPY200124P00319000,319.0,0,0.0,0.0,,0.0,expirationDay
2020-01-27,3837.0,-5.0,0.0,0,323.5,0.0,1,3.61,3.66,SPY200207P00322000,322.0,0,0.0,0.0,,0.0,normalDay
2020-01-28,3837.0,160.0,0.0,0,326.89,0.0,1,3.61,2.01,SPY200207P00322000,322.0,0,0.0,0.0,,0.0,normalDay
2020-01-29,3837.0,167.0,0.0,0,326.62,0.0,1,3.61,1.94,SPY200207P00322000,322.0,0,0.0,0.0,,0.0,normalDay
2020-01-30,3837.0,244.0,0.0,0,327.68,0.0,1,3.61,1.17,SPY200207P00322000,322.0,0,0.0,0.0,,0.0,normalDay
2020-01-31,3837.0,-1.0,0.0,0,321.73,0.0,1,3.61,3.62,SPY200207P00322000,322.0,0,0.0,0.0,,0.0,normalDay
2020-02-03,3837.0,149.0,0.0,0,324.12,0.0,1,3.61,2.12,SPY200207P00322000,322.0,0,0.0,0.0,,0.0,normalDay
2020-02-04,3837.0,325.0,0.0,0,329.06,0.0,1,3.61,0.36,SPY200207P00322000,322.0,0,0.0,0.0,,0.0,normalDay
2020-02-05,3837.0,355.0,0.0,0,332.86,0.0,1,3.61,0.06,SPY200207P00322000,322.0,0,0.0,0.0,,0.0,normalDay
2020-02-06,3837.0,359.0,0.0,0,333.98,0.0,1,3.61,0.02,SPY200207P00322000,322.0,0,0.0,0.0,,0.0,normalDay
2020-02-07,4198.0,0.0,361.0,0,332.2,0.0,1,3.61,0.0,SPY200207P00322000,322.0,0,0.0,0.0,,0.0,expirationDay
2020-02-10,4198.0,-3.0,0.0,0,334.68,0.0,1,0.64,0.67,SPY200221P00325000,325.0,0,0.0,0.0,,0.0,normalDay
2020-02-11,4198.0,8.0,0.0,0,335.26,0.0,1,0.64,0.56,SPY200221P00325000,325.0,0,0.0,0.0,,0.0,normalDay
2020-02-12,4198.0,39.0,0.0,0,337.42,0.0,1,0.64,0.25,SPY200221P00325000,325.0,0,0.0,0.0,,0.0,normalDay
2020-02-13,4198.0,39.0,0.0,0,337.06,0.0,1,0.64,0.25,SPY200221P00325000,325.0,0,0.0,0.0,,0.0,normalDay
2020-02-14,4198.0,51.0,0.0,0,337.6,0.0,1,0.64,0.13,SPY200221P00325000,325.0,0,0.0,0.0,,0.0,normalDay
2020-02-18,4198.0,57.0,0.0,0,336.73,0.0,1,0.64,0.07,SPY200221P00325000,325.0,0,0.0,0.0,,0.0,normalDay
2020-02-19,4198.0,60.0,0.0,0,338.34,0.0,1,0.64,0.04,SPY200221P00325000,325.0,0,0.0,0.0,,0.0,normalDay
2020-02-20,4198.0,62.0,0.0,0,336.95,0.0,1,0.64,0.02,SPY200221P00325000,325.0,0,0.0,0.0,,0.0,normalDay
2020-02-21,4262.0,0.0,64.0,0,333.48,0.0,1,0.64,0.0,SPY200221P00325000,325.0,0,0.0,0.0,,0.0,expirationDay
2020-02-24,4262.0,-8.0,0.0,0,322.42,0.0,1,6.61,6.69,SPY200306P00324000,324.0,0,0.0,0.0,,0.0,normalDay
2020-02-25,4262.0,-580.0,0.0,0,312.65,0.0,1,6.61,12.41,SPY200306P00324000,324.0,0,0.0,0.0,,0.0,normalDay
2020-02-26,4262.0,-746.0,0.0,0,311.5,0.0,1,6.61,14.07,SPY200306P00324000,324.0,0,0.0,0.0,,0.0,normalDay
2020-02-27,4262.0,-2022.0,0.0,0,297.51,0.0,1,6.61,26.83,SPY200306P00324000,324.0,0,0.0,0.0,,0.0,normalDay
2020-02-28,4262.0,-2109.0,0.0,0,296.26,0.0,1,6.61,27.7,SPY200306P00324000,324.0,0,0.0,0.0,,0.0,normalDay
2020-03-02,4262.0,-873.0,0.0,0,309.09,0.0,1,6.61,15.34,SPY200306P00324000,324.0,0,0.0,0.0,,0.0,normalDay
2020-03-03,4262.0,-1610.0,0.0,0,300.24,0.0,1,6.61,22.71,SPY200306P00324000,324.0,0,0.0,0.0,,0.0,normalDay
2020-03-04,4262.0,-579.0,0.0,0,312.86,0.0,1,6.61,12.4,SPY200306P00324000,324.0,0,0.0,0.0,,0.0,normalDay
2020-03-05,4262.0,-1549.0,0.0,0,302.46,0.0,1,6.61,22.1,SPY200306P00324000,324.0,0,0.0,0.0,,0.0,normalDay
2020-03-06,4923.0,-2654.0,661.0,100,297.46,324.0,1,6.61,0.0,SPY200306P00324000,324.0,0,0.0,0.0,,0.0,expirationDay
2020-03-09,4923.0,-4995.0,0.0,100,274.23,324.0,0,0.0,0.0,,0.0,1,0.02,0.2,SPY200409C00360000,360.0,normalDay
2020-03-10,4923.0,-3559.0,0.0,100,288.42,324.0,0,0.0,0.0,,0.0,1,0.02,0.03,SPY200409C00360000,360.0,normalDay
2020-03-11,4923.0,-4965.0,0.0,100,274.36,324.0,0,0.0,0.0,,0.0,1,0.02,0.03,SPY200409C00360000,360.0,normalDay
2020-03-12,4923.0,-7591.0,0.0,100,248.11,324.0,0,0.0,0.0,,0.0,1,0.02,0.04,SPY200409C00360000,360.0,normalDay
2020-03-13,4923.0,-5470.0,0.0,100,269.32,324.0,0,0.0,0.0,,0.0,1,0.02,0.04,SPY200409C00360000,360.0,normalDay
2020-03-16,4923.0,-8417.0,0.0,100,239.85,324.0,0,0.0,0.0,,0.0,1,0.02,0.04,SPY200409C00360000,360.0,normalDay
2020-03-17,4923.0,-7121.0,0.0,100,252.8,324.0,0,0.0,0.0,,0.0,1,0.02,0.03,SPY200409C00360000,360.0,normalDay
2020-03-18,4923.0,-8401.0,0.0,100,240.0,324.0,0,0.0,0.0,,0.0,1,0.02,0.03,SPY200409C00360000,360.0,normalDay
2020-03-19,4923.0,-8350.0,0.0,100,240.51,324.0,0,0.0,0.0,,0.0,1,0.02,0.03,SPY200409C00360000,360.0,normalDay
2020-03-20,4923.0,-9521.0,0.0,100,228.8,324.0,0,0.0,0.0,,0.0,1,0.02,0.03,SPY200409C00360000,360.0,normalDay
2020-03-23,4923.0,-10106.0,0.0,100,222.95,324.0,0,0.0,0.0,,0.0,1,0.02,0.03,SPY200409C00360000,360.0,normalDay
2020-03-24,4923.0,-8084.0,0.0,100,243.15,324.0,0,0.0,0.0,,0.0,1,0.02,0.01,SPY200409C00360000,360.0,normalDay
2020-03-25,4923.0,-7722.0,0.0,100,246.79,324.0,0,0.0,0.0,,0.0,1,0.02,0.03,SPY200409C00360000,360.0,normalDay
2020-03-26,4923.0,-6280.0,0.0,100,261.2,324.0,0,0.0,0.0,,0.0,1,0.02,0.02,SPY200409C00360000,360.0,normalDay
2020-03-27,4923.0,-7058.0,0.0,100,253.42,324.0,0,0.0,0.0,,0.0,1,0.02,0.02,SPY200409C00360000,360.0,normalDay
2020-03-30,4923.0,-6235.0,0.0,100,261.65,324.0,0,0.0,0.0,,0.0,1,0.02,0.02,SPY200409C00360000,360.0,normalDay
2020-03-31,4923.0,-6624.0,0.0,100,257.75,324.0,0,0.0,0.0,,0.0,1,0.02,0.01,SPY200409C00360000,360.0,normalDay
2020-04-01,4923.0,-7784.0,0.0,100,246.15,324.0,0,0.0,0.0,,0.0,1,0.02,0.01,SPY200409C00360000,360.0,normalDay
2020-04-02,4923.0,-7216.0,0.0,100,251.83,324.0,0,0.0,0.0,,0.0,1,0.02,0.01,SPY200409C00360000,360.0,normalDay
2020-04-03,4923.0,-7580.0,0.0,100,248.19,324.0,0,0.0,0.0,,0.0,1,0.02,0.01,SPY200409C00360000,360.0,normalDay
2020-04-06,4923.0,-5913.0,0.0,100,264.86,324.0,0,0.0,0.0,,0.0,1,0.02,0.01,SPY200409C00360000,360.0,normalDay
2020-04-07,4923.0,-5886.0,0.0,100,265.13,324.0,0,0.0,0.0,,0.0,1,0.02,0.01,SPY200409C00360000,360.0,normalDay
2020-04-08,4923.0,-4996.0,0.0,100,274.03,324.0,0,0.0,0.0,,0.0,1,0.02,0.01,SPY200409C00360000,360.0,normalDay
2020-04-09,4925.0,-4580.0,2.0,100,278.2,324.0,0,0.0,0.0,,0.0,1,0.02,0.0,SPY200409C00360000,360.0,expirationDay
2020-04-13,4925.0,-4838.0,0.0,100,275.66,324.0,0,0.0,0.0,,0.0,1,1.43,1.47,SPY200515C00303000,303.0,normalDay
2020-04-14,4925.0,-4154.0,0.0,100,283.79,324.0,0,0.0,0.0,,0.0,1,1.43,2.76,SPY200515C00303000,303.0,normalDay
2020-04-15,4925.0,-4631.0,0.0,100,277.76,324.0,0,0.0,0.0,,0.0,1,1.43,1.5,SPY200515C00303000,303.0,normalDay
2020-04-16,4925.0,-4501.0,0.0,100,279.1,324.0,0,0.0,0.0,,0.0,1,1.43,1.54,SPY200515C00303000,303.0,normalDay
2020-04-17,4925.0,-3894.0,0.0,100,286.64,324.0,0,0.0,0.0,,0.0,1,1.43,3.01,SPY200515C00303000,303.0,normalDay
2020-04-20,4925.0,-4290.0,0.0,100,281.59,324.0,0,0.0,0.0,,0.0,1,1.43,1.92,SPY200515C00303000,303.0,normalDay
2020-04-21,4925.0,-5039.0,0.0,100,273.04,324.0,0,0.0,0.0,,0.0,1,1.43,0.86,SPY200515C00303000,303.0,normalDay
2020-04-22,4925.0,-4448.0,0.0,100,279.1,324.0,0,0.0,0.0,,0.0,1,1.43,1.01,SPY200515C00303000,303.0,normalDay
2020-04-23,4925.0,-4437.0,0.0,100,279.08,324.0,0,0.0,0.0,,0.0,1,1.43,0.88,SPY200515C00303000,303.0,normalDay
2020-04-24,4925.0,-4051.0,0.0,100,282.97,324.0,0,0.0,0.0,,0.0,1,1.43,0.91,SPY200515C00303000,303.0,normalDay
2020-04-27,4925.0,-3655.0,0.0,100,287.05,324.0,0,0.0,0.0,,0.0,1,1.43,1.03,SPY200515C00303000,303.0,normalDay
2020-04-28,4925.0,-3767.0,0.0,100,285.73,324.0,0,0.0,0.0,,0.0,1,1.43,0.83,SPY200515C00303000,303.0,normalDay
2020-04-29,4925.0,-3141.0,0.0,100,293.21,324.0,0,0.0,0.0,,0.0,1,1.43,2.05,SPY200515C00303000,303.0,normalDay
2020-04-30,4925.0,-3344.0,0.0,100,290.48,324.0,0,0.0,0.0,,0.0,1,1.43,1.35,SPY200515C00303000,303.0,normalDay
2020-05-01,4925.0,-4015.0,0.0,100,282.79,324.0,0,0.0,0.0,,0.0,1,1.43,0.37,SPY200515C00303000,303.0,normalDay
2020-05-04,4925.0,-3926.0,0.0,100,283.57,324.0,0,0.0,0.0,,0.0,1,1.43,0.26,SPY200515C00303000,303.0,normalDay
2020-05-05,4925.0,-3667.0,0.0,100,286.19,324.0,0,0.0,0.0,,0.0,1,1.43,0.29,SPY200515C00303000,303.0,normalDay
2020-05-06,4925.0,-3848.0,0.0,100,284.25,324.0,0,0.0,0.0,,0.0,1,1.43,0.16,SPY200515C00303000,303.0,normalDay
2020-05-07,4925.0,-3509.0,0.0,100,287.68,324.0,0,0.0,0.0,,0.0,1,1.43,0.2,SPY200515C00303000,303.0,normalDay
2020-05-08,4925.0,-3048.0,0.0,100,292.44,324.0,0,0.0,0.0,,0.0,1,1.43,0.35,SPY200515C00303000,303.0,normalDay
2020-05-11,4925.0,-3024.0,0.0,100,292.5,324.0,0,0.0,0.0,,0.0,1,1.43,0.17,SPY200515C00303000,303.0,normalDay
2020-05-12,4925.0,-3597.0,0.0,100,286.67,324.0,0,0.0,0.0,,0.0,1,1.43,0.07,SPY200515C00303000,303.0,normalDay
2020-05-13,4925.0,-4099.0,0.0,100,281.6,324.0,0,0.0,0.0,,0.0,1,1.43,0.02,SPY200515C00303000,303.0,normalDay
2020-05-14,4925.0,-3761.0,0.0,100,284.97,324.0,0,0.0,0.0,,0.0,1,1.43,0.01,SPY200515C00303000,303.0,normalDay
2020-05-15,5068.0,-3772.0,143.0,100,286.28,324.0,0,0.0,0.0,,0.0,1,1.43,0.0,SPY200515C00303000,303.0,expirationDay
2020-05-18,5068.0,-2904.0,0.0,100,295.0,324.0,0,0.0,0.0,,0.0,1,3.73,3.77,SPY200619C00304000,304.0,normalDay
2020-05-19,5068.0,-3129.0,0.0,100,291.97,324.0,0,0.0,0.0,,0.0,1,3.73,2.99,SPY200619C00304000,304.0,normalDay
2020-05-20,5068.0,-2778.0,0.0,100,296.93,324.0,0,0.0,0.0,,0.0,1,3.73,4.44,SPY200619C00304000,304.0,normalDay
2020-05-21,5068.0,-2890.0,0.0,100,294.88,324.0,0,0.0,0.0,,0.0,1,3.73,3.51,SPY200619C00304000,304.0,normalDay
2020-05-22,5068.0,-2832.0,0.0,100,295.44,324.0,0,0.0,0.0,,0.0,1,3.73,3.49,SPY200619C00304000,304.0,normalDay
2020-05-26,5068.0,-2563.0,0.0,100,299.08,324.0,0,0.0,0.0,,0.0,1,3.73,4.44,SPY200619C00304000,304.0,normalDay
2020-05-27,5068.0,-2323.0,0.0,100,303.53,324.0,0,0.0,0.0,,0.0,1,3.73,6.49,SPY200619C00304000,304.0,normalDay
2020-05-28,5068.0,-2399.0,0.0,100,302.97,324.0,0,0.0,0.0,,0.0,1,3.73,6.69,SPY200619C00304000,304.0,normalDay
2020-05-29,5068.0,-2305.0,0.0,100,304.32,324.0,0,0.0,0.0,,0.0,1,3.73,7.1,SPY200619C00304000,304.0,normalDay
2020-06-01,5068.0,-2177.0,0.0,100,305.55,324.0,0,0.0,0.0,,0.0,1,3.73,7.05,SPY200619C00304000,304.0,normalDay
2020-06-02,5068.0,-2030.0,0.0,100,308.08,324.0,0,0.0,0.0,,0.0,1,3.73,8.11,SPY200619C00304000,304.0,normalDay
2020-06-03,5068.0,-1900.0,0.0,100,312.18,324.0,0,0.0,0.0,,0.0,1,3.73,10.91,SPY200619C00304000,304.0,normalDay
2020-06-04,5068.0,-1915.0,0.0,100,311.36,324.0,0,0.0,0.0,,0.0,1,3.73,10.24,SPY200619C00304000,304.0,normalDay
2020-06-05,5068.0,-1738.0,0.0,100,319.34,324.0,0,0.0,0.0,,0.0,1,3.73,16.45,SPY200619C00304000,304.0,normalDay
2020-06-08,5068.0,-1663.0,0.0,100,323.2,324.0,0,0.0,0.0,,0.0,1,3.73,19.56,SPY200619C00304000,304.0,normalDay
2020-06-09,5068.0,-1795.0,0.0,100,320.79,324.0,0,0.0,0.0,,0.0,1,3.73,18.47,SPY200619C00304000,304.0,normalDay
2020-06-10,5068.0,-1703.0,0.0,100,319.0,324.0,0,0.0,0.0,,0.0,1,3.73,15.76,SPY200619C00304000,304.0,normalDay
2020-06-11,5068.0,-2481.0,0.0,100,300.61,324.0,0,0.0,0.0,,0.0,1,3.73,5.15,SPY200619C00304000,304.0,normalDay
2020-06-12,5068.0,-2140.0,0.0,100,304.21,324.0,0,0.0,0.0,,0.0,1,3.73,5.34,SPY200619C00304000,304.0,normalDay
2020-06-15,5068.0,-1950.0,0.0,100,307.05,324.0,0,0.0,0.0,,0.0,1,3.73,6.28,SPY200619C00304000,304.0,normalDay
2020-06-16,5068.0,-1711.0,0.0,100,312.96,324.0,0,0.0,0.0,,0.0,1,3.73,9.8,SPY200619C00304000,304.0,normalDay
2020-06-17,5068.0,-1717.0,0.0,100,311.66,324.0,0,0.0,0.0,,0.0,1,3.73,8.56,SPY200619C00304000,304.0,normalDay
2020-06-18,5068.0,-1644.0,0.0,100,311.78,324.0,0,0.0,0.0,,0.0,1,3.73,7.95,SPY200619C00304000,304.0,normalDay
2020-06-19,3441.0,-1644.0,-1627.0,0,308.64,0.0,0,0.0,0.0,,0.0,1,3.73,0.0,SPY200619C00304000,304.0,expirationDay
2020-06-22,3441.0,-5.0,0.0,0,310.62,0.0,1,2.81,2.86,SPY200702P00301000,301.0,0,0.0,0.0,,0.0,normalDay
2020-06-23,3441.0,50.0,0.0,0,312.05,0.0,1,2.81,2.31,SPY200702P00301000,301.0,0,0.0,0.0,,0.0,normalDay
2020-06-24,3441.0,-153.0,0.0,0,304.09,0.0,1,2.81,4.34,SPY200702P00301000,301.0,0,0.0,0.0,,0.0,normalDay
2020-06-25,3441.0,21.0,0.0,0,307.35,0.0,1,2.81,2.6,SPY200702P00301000,301.0,0,0.0,0.0,,0.0,normalDay
2020-06-26,3441.0,-179.0,0.0,0,300.05,0.0,1,2.81,4.6,SPY200702P00301000,301.0,0,0.0,0.0,,0.0,normalDay
2020-06-29,3441.0,71.0,0.0,0,304.46,0.0,1,2.81,2.1,SPY200702P00301000,301.0,0,0.0,0.0,,0.0,normalDay
2020-06-30,3441.0,208.0,0.0,0,308.36,0.0,1,2.81,0.73,SPY200702P00301000,301.0,0,0.0,0.0,,0.0,normalDay
2020-07-01,3441.0,266.0,0.0,0,310.52,0.0,1,2.81,0.15,SPY200702P00301000,301.0,0,0.0,0.0,,0.0,normalDay
2020-07-02,3722.0,0.0,281.0,0,312.23,0.0,1,2.81,0.0,SPY200702P00301000,301.0,0,0.0,0.0,,0.0,expirationDay
2020-07-06,3722.0,-3.0,0.0,0,317.05,0.0,1,1.44,1.47,SPY200717P00302000,302.0,0,0.0,0.0,,0.0,normalDay
2020-07-07,3722.0,-48.0,0.0,0,313.78,0.0,1,1.44,1.92,SPY200717P00302000,302.0,0,0.0,0.0,,0.0,normalDay
2020-07-08,3722.0,33.0,0.0,0,316.18,0.0,1,1.44,1.11,SPY200717P00302000,302.0,0,0.0,0.0,,0.0,normalDay
2020-07-09,3722.0,14.0,0.0,0,314.38,0.0,1,1.44,1.3,SPY200717P00302000,302.0,0,0.0,0.0,,0.0,normalDay
2020-07-10,3722.0,97.0,0.0,0,317.59,0.0,1,1.44,0.47,SPY200717P00302000,302.0,0,0.0,0.0,,0.0,normalDay
2020-07-13,3722.0,56.0,0.0,0,314.84,0.0,1,1.44,0.88,SPY200717P00302000,302.0,0,0.0,0.0,,0.0,normalDay
2020-07-14,3722.0,117.0,0.0,0,318.92,0.0,1,1.44,0.27,SPY200717P00302000,302.0,0,0.0,0.0,,0.0,normalDay
2020-07-15,3722.0,139.0,0.0,0,321.85,0.0,1,1.44,0.05,SPY200717P00302000,302.0,0,0.0,0.0,,0.0,normalDay
2020-07-16,3722.0,140.0,0.0,0,320.79,0.0,1,1.44,0.04,SPY200717P00302000,302.0,0,0.0,0.0,,0.0,normalDay
2020-07-17,3866.0,0.0,144.0,0,321.72,0.0,1,1.44,0.0,SPY200717P00302000,302.0,0,0.0,0.0,,0.0,expirationDay
2020-07-20,3866.0,-3.0,0.0,0,324.32,0.0,1,0.74,0.77,SPY200731P00305000,305.0,0,0.0,0.0,,0.0,normalDay
2020-07-21,3866.0,7.0,0.0,0,325.01,0.0,1,0.74,0.67,SPY200731P00305000,305.0,0,0.0,0.0,,0.0,normalDay
2020-07-22,3866.0,30.0,0.0,0,326.86,0.0,1,0.74,0.44,SPY200731P00305000,305.0,0,0.0,0.0,,0.0,normalDay
2020-07-23,3866.0,4.0,0.0,0,322.96,0.0,1,0.74,0.7,SPY200731P00305000,305.0,0,0.0,0.0,,0.0,normalDay
2020-07-24,3866.0,32.0,0.0,0,320.88,0.0,1,0.74,0.42,SPY200731P00305000,305.0,0,0.0,0.0,,0.0,normalDay
2020-07-27,3866.0,61.0,0.0,0,323.22,0.0,1,0.74,0.13,SPY200731P00305000,305.0,0,0.0,0.0,,0.0,normalDay
2020-07-28,3866.0,60.0,0.0,0,321.17,0.0,1,0.74,0.14,SPY200731P00305000,305.0,0,0.0,0.0,,0.0,normalDay
2020-07-29,3866.0,69.0,0.0,0,325.12,0.0,1,0.74,0.05,SPY200731P00305000,305.0,0,0.0,0.0,,0.0,normalDay
2020-07-30,3866.0,70.0,0.0,0,323.96,0.0,1,0.74,0.04,SPY200731P00305000,305.0,0,0.0,0.0,,0.0,normalDay
2020-07-31,3940.0,0.0,74.0,0,326.52,0.0,1,0.74,0.0,SPY200731P00305000,305.0,0,0.0,0.0,,0.0,expirationDay
2020-08-03,3940.0,-4.0,0.0,0,328.79,0.0,1,1.21,1.25,SPY200814P00316000,316.0,0,0.0,0.0,,0.0,normalDay
2020-08-04,3940.0,28.0,0.0,0,330.06,0.0,1,1.21,0.93,SPY200814P00316000,316.0,0,0.0,0.0,,0.0,normalDay
2020-08-05,3940.0,65.0,0.0,0,332.11,0.0,1,1.21,0.56,SPY200814P00316000,316.0,0,0.0,0.0,,0.0,normalDay
2020-08-06,3940.0,80.0,0.0,0,334.33,0.0,1,1.21,0.41,SPY200814P00316000,316.0,0,0.0,0.0,,0.0,normalDay
2020-08-07,3940.0,99.0,0.0,0,334.57,0.0,1,1.21,0.22,SPY200814P00316000,316.0,0,0.0,0.0,,0.0,normalDay
2020-08-10,3940.0,111.0,0.0,0,335.57,0.0,1,1.21,0.1,SPY200814P00316000,316.0,0,0.0,0.0,,0.0,normalDay
2020-08-11,3940.0,102.0,0.0,0,332.8,0.0,1,1.21,0.19,SPY200814P00316000,316.0,0,0.0,0.0,,0.0,normalDay
2020-08-12,3940.0,118.0,0.0,0,337.44,0.0,1,1.21,0.03,SPY200814P00316000,316.0,0,0.0,0.0,,0.0,normalDay
2020-08-13,3940.0,119.0,0.0,0,336.83,0.0,1,1.21,0.02,SPY200814P00316000,316.0,0,0.0,0.0,,0.0,normalDay
2020-08-14,4061.0,0.0,121.0,0,336.84,0.0,1,1.21,0.0,SPY200814P00316000,316.0,0,0.0,0.0,,0.0,expirationDay
2020-08-17,4061.0,-3.0,0.0,0,337.91,0.0,1,0.67,0.7,SPY200828P00322000,322.0,0,0.0,0.0,,0.0,normalDay
2020-08-18,4061.0,8.0,0.0,0,338.64,0.0,1,0.67,0.59,SPY200828P00322000,322.0,0,0.0,0.0,,0.0,normalDay
2020-08-19,4061.0,-3.0,0.0,0,337.23,0.0,1,0.67,0.7,SPY200828P00322000,322.0,0,0.0,0.0,,0.0,normalDay
2020-08-20,4061.0,18.0,0.0,0,338.28,0.0,1,0.67,0.49,SPY200828P00322000,322.0,0,0.0,0.0,,0.0,normalDay
2020-08-21,4061.0,42.0,0.0,0,339.48,0.0,1,0.67,0.25,SPY200828P00322000,322.0,0,0.0,0.0,,0.0,normalDay
2020-08-24,4061.0,58.0,0.0,0,342.92,0.0,1,0.67,0.09,SPY200828P00322000,322.0,0,0.0,0.0,,0.0,normalDay
2020-08-25,4061.0,62.0,0.0,0,344.12,0.0,1,0.67,0.05,SPY200828P00322000,322.0,0,0.0,0.0,,0.0,normalDay
2020-08-26,4061.0,61.0,0.0,0,347.57,0.0,1,0.67,0.06,SPY200828P00322000,322.0,0,0.0,0.0,,0.0,normalDay
2020-08-27,4061.0,65.0,0.0,0,348.33,0.0,1,0.67,0.02,SPY200828P00322000,322.0,0,0.0,0.0,,0.0,normalDay
2020-08-28,4128.0,0.0,67.0,0,350.58,0.0,1,0.67,0.0,SPY200828P00322000,322.0,0,0.0,0.0,,0.0,expirationDay
2020-08-31,4128.0,-3.0,0.0,0,349.31,0.0,1,0.82,0.85,SPY200911P00331000,331.0,0,0.0,0.0,,0.0,normalDay
2020-09-01,4128.0,30.0,0.0,0,352.6,0.0,1,0.82,0.52,SPY200911P00331000,331.0,0,0.0,0.0,,0.0,normalDay
2020-09-02,4128.0,49.0,0.0,0,357.7,0.0,1,0.82,0.33,SPY200911P00331000,331.0,0,0.0,0.0,,0.0,normalDay
2020-09-03,4128.0,-69.0,0.0,0,345.39,0.0,1,0.82,1.51,SPY200911P00331000,331.0,0,0.0,0.0,,0.0,normalDay
2020-09-04,4128.0,-95.0,0.0,0,342.57,0.0,1,0.82,1.77,SPY200911P00331000,331.0,0,0.0,0.0,,0.0,normalDay
2020-09-08,4128.0,-240.0,0.0,0,333.21,0.0,1,0.82,3.22,SPY200911P00331000,331.0,0,0.0,0.0,,0.0,normalDay
2020-09-09,4128.0,-6.0,0.0,0,339.79,0.0,1,0.82,0.88,SPY200911P00331000,331.0,0,0.0,0.0,,0.0,normalDay
2020-09-10,4128.0,-37.0,0.0,0,333.89,0.0,1,0.82,1.19,SPY200911P00331000,331.0,0,0.0,0.0,,0.0,normalDay
2020-09-11,4210.0,0.0,82.0,0,334.06,0.0,1,0.82,0.0,SPY200911P00331000,331.0,0,0.0,0.0,,0.0,expirationDay
2020-09-14,4210.0,-5.0,0.0,0,338.46,0.0,1,3.86,3.91,SPY200925P00334000,334.0,0,0.0,0.0,,0.0,normalDay
2020-09-15,4210.0,84.0,0.0,0,340.17,0.0,1,3.86,3.02,SPY200925P00334000,334.0,0,0.0,0.0,,0.0,normalDay
2020-09-16,4210.0,64.0,0.0,0,338.82,0.0,1,3.86,3.22,SPY200925P00334000,334.0,0,0.0,0.0,,0.0,normalDay
2020-09-17,4210.0,-19.0,0.0,0,335.84,0.0,1,3.86,4.05,SPY200925P00334000,334.0,0,0.0,0.0,,0.0,normalDay
2020-09-18,4210.0,-184.0,0.0,0,330.65,0.0,1,3.86,5.7,SPY200925P00334000,334.0,0,0.0,0.0,,0.0,normalDay
2020-09-21,4210.0,-374.0,0.0,0,326.97,0.0,1,3.86,7.6,SPY200925P00334000,334.0,0,0.0,0.0,,0.0,normalDay
2020-09-22,4210.0,-122.0,0.0,0,330.3,0.0,1,3.86,5.08,SPY200925P00334000,334.0,0,0.0,0.0,,0.0,normalDay
2020-09-23,4210.0,-750.0,0.0,0,322.64,0.0,1,3.86,11.36,SPY200925P00334000,334.0,0,0.0,0.0,,0.0,normalDay
2020-09-24,4210.0,-636.0,0.0,0,323.5,0.0,1,3.86,10.22,SPY200925P00334000,334.0,0,0.0,0.0,,0.0,normalDay
2020-09-25,4596.0,-527.0,386.0,100,328.73,334.0,1,3.86,0.0,SPY200925P00334000,334.0,0,0.0,0.0,,0.0,expirationDay
2020-09-28,4596.0,15.0,0.0,100,334.19,334.0,0,0.0,0.0,,0.0,1,0.36,0.4,SPY201030C00368000,368.0,normalDay
2020-09-29,4596.0,-162.0,0.0,100,332.37,334.0,0,0.0,0.0,,0.0,1,0.36,0.35,SPY201030C00368000,368.0,normalDay
2020-09-30,4596.0,87.0,0.0,100,334.89,334.0,0,0.0,0.0,,0.0,1,0.36,0.38,SPY201030C00368000,368.0,normalDay
2020-10-01,4596.0,289.0,0.0,100,337.04,334.0,0,0.0,0.0,,0.0,1,0.36,0.51,SPY201030C00368000,368.0,normalDay
2020-10-02,4596.0,-11.0,0.0,100,333.84,334.0,0,0.0,0.0,,0.0,1,0.36,0.31,SPY201030C00368000,368.0,normalDay
2020-10-05,4596.0,575.0,0.0,100,339.76,334.0,0,0.0,0.0,,0.0,1,0.36,0.37,SPY201030C00368000,368.0,normalDay
2020-10-06,4596.0,109.0,0.0,100,334.93,334.0,0,0.0,0.0,,0.0,1,0.36,0.2,SPY201030C00368000,368.0,normalDay
2020-10-07,4596.0,683.0,0.0,100,340.76,334.0,0,0.0,0.0,,0.0,1,0.36,0.29,SPY201030C00368000,368.0,normalDay
2020-10-08,4596.0,982.0,0.0,100,343.78,334.0,0,0.0,0.0,,0.0,1,0.36,0.32,SPY201030C00368000,368.0,normalDay
2020-10-09,4596.0,1282.0,0.0,100,346.85,334.0,0,0.0,0.0,,0.0,1,0.36,0.39,SPY201030C00368000,368.0,normalDay
2020-10-12,4596.0,1803.0,0.0,100,352.43,334.0,0,0.0,0.0,,0.0,1,0.36,0.76,SPY201030C00368000,368.0,normalDay
2020-10-13,4596.0,1595.0,0.0,100,350.13,334.0,0,0.0,0.0,,0.0,1,0.36,0.54,SPY201030C00368000,368.0,normalDay
2020-10-14,4596.0,1394.0,0.0,100,347.93,334.0,0,0.0,0.0,,0.0,1,0.36,0.35,SPY201030C00368000,368.0,normalDay
2020-10-15,4596.0,1354.0,0.0,100,347.5,334.0,0,0.0,0.0,,0.0,1,0.36,0.32,SPY201030C00368000,368.0,normalDay
2020-10-16,4596.0,1341.0,0.0,100,347.29,334.0,0,0.0,0.0,,0.0,1,0.36,0.24,SPY201030C00368000,368.0,normalDay
2020-10-19,4596.0,826.0,0.0,100,342.01,334.0,0,0.0,0.0,,0.0,1,0.36,0.11,SPY201030C00368000,368.0,normalDay
2020-10-20,4596.0,963.0,0.0,100,343.38,334.0,0,0.0,0.0,,0.0,1,0.36,0.11,SPY201030C00368000,368.0,normalDay
2020-10-21,4596.0,903.0,0.0,100,342.73,334.0,0,0.0,0.0,,0.0,1,0.36,0.06,SPY201030C00368000,368.0,normalDay
2020-10-22,4596.0,1092.0,0.0,100,344.61,334.0,0,0.0,0.0,,0.0,1,0.36,0.05,SPY201030C00368000,368.0,normalDay
2020-10-23,4596.0,1212.0,0.0,100,345.78,334.0,0,0.0,0.0,,0.0,1,0.36,0.02,SPY201030C00368000,368.0,normalDay
2020-10-26,4596.0,573.0,0.0,100,339.39,334.0,0,0.0,0.0,,0.0,1,0.36,0.02,SPY201030C00368000,368.0,normalDay
2020-10-27,4596.0,457.0,0.0,100,338.22,334.0,0,0.0,0.0,,0.0,1,0.36,0.01,SPY201030C00368000,368.0,normalDay
2020-10-28,4596.0,-699.0,0.0,100,326.66,334.0,0,0.0,0.0,,0.0,1,0.36,0.01,SPY201030C00368000,368.0,normalDay
2020-10-29,4596.0,-367.0,0.0,100,329.98,334.0,0,0.0,0.0,,0.0,1,0.36,0.01,SPY201030C00368000,368.0,normalDay
2020-10-30,4632.0,-746.0,36.0,100,326.54,334.0,0,0.0,0.0,,0.0,1,0.36,0.0,SPY201030C00368000,368.0,expirationDay
2020-11-02,4632.0,-384.0,0.0,100,330.2,334.0,0,0.0,0.0,,0.0,1,0.56,0.6,SPY201204C00367000,367.0,normalDay
2020-11-03,4632.0,165.0,0.0,100,336.03,334.0,0,0.0,0.0,,0.0,1,0.56,0.94,SPY201204C00367000,367.0,normalDay
2020-11-04,4632.0,895.0,0.0,100,343.54,334.0,0,0.0,0.0,,0.0,1,0.56,1.15,SPY201204C00367000,367.0,normalDay
2020-11-05,4632.0,1455.0,0.0,100,350.24,334.0,0,0.0,0.0,,0.0,1,0.56,2.25,SPY201204C00367000,367.0,normalDay
2020-11-06,4632.0,1514.0,0.0,100,350.16,334.0,0,0.0,0.0,,0.0,1,0.56,1.58,SPY201204C00367000,367.0,normalDay
2020-11-09,4632.0,1830.0,0.0,100,354.56,334.0,0,0.0,0.0,,0.0,1,0.56,2.82,SPY201204C00367000,367.0,normalDay
2020-11-10,4632.0,1846.0,0.0,100,354.04,334.0,0,0.0,0.0,,0.0,1,0.56,2.14,SPY201204C00367000,367.0,normalDay
2020-11-11,4632.0,2082.0,0.0,100,356.67,334.0,0,0.0,0.0,,0.0,1,0.56,2.41,SPY201204C00367000,367.0,normalDay
2020-11-12,4632.0,1826.0,0.0,100,353.21,334.0,0,0.0,0.0,,0.0,1,0.56,1.51,SPY201204C00367000,367.0,normalDay
2020-11-13,4632.0,2230.0,0.0,100,358.1,334.0,0,0.0,0.0,,0.0,1,0.56,2.36,SPY201204C00367000,367.0,normalDay
2020-11-16,4632.0,2578.0,0.0,100,362.57,334.0,0,0.0,0.0,,0.0,1,0.56,3.35,SPY201204C00367000,367.0,normalDay
2020-11-17,4632.0,2461.0,0.0,100,360.62,334.0,0,0.0,0.0,,0.0,1,0.56,2.57,SPY201204C00367000,367.0,normalDay
2020-11-18,4632.0,2151.0,0.0,100,356.28,334.0,0,0.0,0.0,,0.0,1,0.56,1.33,SPY201204C00367000,367.0,normalDay
2020-11-19,4632.0,2300.0,0.0,100,357.78,334.0,0,0.0,0.0,,0.0,1,0.56,1.34,SPY201204C00367000,367.0,normalDay
2020-11-20,4632.0,2097.0,0.0,100,355.33,334.0,0,0.0,0.0,,0.0,1,0.56,0.92,SPY201204C00367000,367.0,normalDay
2020-11-23,4632.0,2324.0,0.0,100,357.46,334.0,0,0.0,0.0,,0.0,1,0.56,0.78,SPY201204C00367000,367.0,normalDay
2020-11-24,4632.0,2769.0,0.0,100,363.22,334.0,0,0.0,0.0,,0.0,1,0.56,2.09,SPY201204C00367000,367.0,normalDay
2020-11-25,4632.0,2780.0,0.0,100,362.66,334.0,0,0.0,0.0,,0.0,1,0.56,1.42,SPY201204C00367000,367.0,normalDay
2020-11-27,4632.0,2862.0,0.0,100,363.67,334.0,0,0.0,0.0,,0.0,1,0.56,1.61,SPY201204C00367000,367.0,normalDay
2020-11-30,4632.0,2765.0,0.0,100,362.06,334.0,0,0.0,0.0,,0.0,1,0.56,0.97,SPY201204C00367000,367.0,normalDay
2020-12-01,4632.0,3076.0,0.0,100,366.02,334.0,0,0.0,0.0,,0.0,1,0.56,1.82,SPY201204C00367000,367.0,normalDay
2020-12-02,4632.0,3163.0,0.0,100,366.79,334.0,0,0.0,0.0,,0.0,1,0.56,1.72,SPY201204C00367000,367.0,normalDay
2020-12-03,4632.0,3210.0,0.0,100,366.69,334.0,0,0.0,0.0,,0.0,1,0.56,1.15,SPY201204C00367000,367.0,normalDay
2020-12-04,7988.0,3210.0,3356.0,0,369.85,0.0,0,0.0,0.0,,0.0,1,0.56,0.0,SPY201204C00367000,367.0,expirationDay
2020-12-07,7988.0,-3.0,0.0,0,369.09,0.0,1,1.16,1.19,SPY201218P00354000,354.0,0,0.0,0.0,,0.0,normalDay
2020-12-08,7988.0,34.0,0.0,0,370.17,0.0,1,1.16,0.82,SPY201218P00354000,354.0,0,0.0,0.0,,0.0,normalDay
2020-12-09,7988.0,-10.0,0.0,0,366.85,0.0,1,1.16,1.26,SPY201218P00354000,354.0,0,0.0,0.0,,0.0,normalDay
2020-12-10,7988.0,10.0,0.0,0,366.73,0.0,1,1.16,1.06,SPY201218P00354000,354.0,0,0.0,0.0,,0.0,normalDay
2020-12-11,7988.0,12.0,0.0,0,366.3,0.0,1,1.16,1.04,SPY201218P00354000,354.0,0,0.0,0.0,,0.0,normalDay
2020-12-14,7988.0,17.0,0.0,0,364.66,0.0,1,1.16,0.99,SPY201218P00354000,354.0,0,0.0,0.0,,0.0,normalDay
2020-12-15,7988.0,78.0,0.0,0,369.59,0.0,1,1.16,0.38,SPY201218P00354000,354.0,0,0.0,0.0,,0.0,normalDay
2020-12-16,7988.0,100.0,0.0,0,370.17,0.0,1,1.16,0.16,SPY201218P00354000,354.0,0,0.0,0.0,,0.0,normalDay
2020-12-17,7988.0,106.0,0.0,0,372.24,0.0,1,1.16,0.1,SPY201218P00354000,354.0,0,0.0,0.0,,0.0,normalDay
2020-12-18,8104.0,0.0,116.0,0,369.18,0.0,1,1.16,0.0,SPY201218P00354000,354.0,0,0.0,0.0,,0.0,expirationDay
2020-12-21,8104.0,-5.0,0.0,0,367.86,0.0,1,2.6,2.65,SPY201231P00362000,362.0,0,0.0,0.0,,0.0,normalDay
2020-12-22,8104.0,26.0,0.0,0,367.24,0.0,1,2.6,2.34,SPY201231P00362000,362.0,0,0.0,0.0,,0.0,normalDay
2020-12-23,8104.0,88.0,0.0,0,367.57,0.0,1,2.6,1.72,SPY201231P00362000,362.0,0,0.0,0.0,,0.0,normalDay
2020-12-24,8104.0,165.0,0.0,0,369.0,0.0,1,2.6,0.95,SPY201231P00362000,362.0,0,0.0,0.0,,0.0,normalDay
2020-12-28,8104.0,240.0,0.0,0,372.17,0.0,1,2.6,0.2,SPY201231P00362000,362.0,0,0.0,0.0,,0.0,normalDay
2020-12-29,8104.0,241.0,0.0,0,371.46,0.0,1,2.6,0.19,SPY201231P00362000,362.0,0,0.0,0.0,,0.0,normalDay
2020-12-30,8104.0,252.0,0.0,0,371.99,0.0,1,2.6,0.08,SPY201231P00362000,362.0,0,0.0,0.0,,0.0,normalDay
2020-12-31,8364.0,0.0,260.0,0,373.88,0.0,1,2.6,0.0,SPY201231P00362000,362.0,0,0.0,0.0,,0.0,expirationDay
2021-01-04,8364.0,-5.0,0.0,0,368.79,0.0,1,4.48,4.53,SPY210115P00366000,366.0,0,0.0,0.0,,0.0,normalDay
2021-01-05,8364.0,117.0,0.0,0,371.33,0.0,1,4.48,3.31,SPY210115P00366000,366.0,0,0.0,0.0,,0.0,normalDay
2021-01-06,8364.0,183.0,0.0,0,373.55,0.0,1,4.48,2.65,SPY210115P00366000,366.0,0,0.0,0.0,,0.0,normalDay
2021-01-07,8364.0,357.0,0.0,0,379.1,0.0,1,4.48,0.91,SPY210115P00366000,366.0,0,0.0,0.0,,0.0,normalDay
2021-01-08,8364.0,393.0,0.0,0,381.26,0.0,1,4.48,0.55,SPY210115P00366000,366.0,0,0.0,0.0,,0.0,normalDay
2021-01-11,8364.0,391.0,0.0,0,378.69,0.0,1,4.48,0.57,SPY210115P00366000,366.0,0,0.0,0.0,,0.0,normalDay
2021-01-12,8364.0,416.0,0.0,0,378.77,0.0,1,4.48,0.32,SPY210115P00366000,366.0,0,0.0,0.0,,0.0,normalDay
2021-01-13,8364.0,435.0,0.0,0,379.79,0.0,1,4.48,0.13,SPY210115P00366000,366.0,0,0.0,0.0,,0.0,normalDay
2021-01-14,8364.0,439.0,0.0,0,378.46,0.0,1,4.48,0.09,SPY210115P00366000,366.0,0,0.0,0.0,,0.0,normalDay
2021-01-15,8812.0,0.0,448.0,0,375.7,0.0,1,4.48,0.0,SPY210115P00366000,366.0,0,0.0,0.0,,0.0,expirationDay
2021-01-19,8812.0,-4.0,0.0,0,378.65,0.0,1,1.82,1.86,SPY210129P00367500,367.5,0,0.0,0.0,,0.0,normalDay
2021-01-20,8812.0,101.0,0.0,0,383.89,0.0,1,1.82,0.81,SPY210129P00367500,367.5,0,0.0,0.0,,0.0,normalDay
2021-01-21,8812.0,123.0,0.0,0,384.24,0.0,1,1.82,0.59,SPY210129P00367500,367.5,0,0.0,0.0,,0.0,normalDay
2021-01-22,8812.0,134.0,0.0,0,382.88,0.0,1,1.82,0.48,SPY210129P00367500,367.5,0,0.0,0.0,,0.0,normalDay
2021-01-25,8812.0,155.0,0.0,0,384.39,0.0,1,1.82,0.27,SPY210129P00367500,367.5,0,0.0,0.0,,0.0,normalDay
2021-01-26,8812.0,165.0,0.0,0,383.79,0.0,1,1.82,0.17,SPY210129P00367500,367.5,0,0.0,0.0,,0.0,normalDay
2021-01-27,8812.0,-19.0,0.0,0,374.41,0.0,1,1.82,2.01,SPY210129P00367500,367.5,0,0.0,0.0,,0.0,normalDay
2021-01-28,8812.0,158.0,0.0,0,377.63,0.0,1,1.82,0.24,SPY210129P00367500,367.5,0,0.0,0.0,,0.0,normalDay
2021-01-29,8994.0,0.0,182.0,0,370.07,0.0,1,1.82,0.0,SPY210129P00367500,367.5,0,0.0,0.0,,0.0,expirationDay
2021-02-01,8994.0,-6.0,0.0,0,376.23,0.0,1,4.98,5.04,SPY210212P00372000,372.0,0,0.0,0.0,,0.0,normalDay
2021-02-02,8994.0,283.0,0.0,0,381.55,0.0,1,4.98,2.15,SPY210212P00372000,372.0,0,0.0,0.0,,0.0,normalDay
2021-02-03,8994.0,351.0,0.0,0,381.85,0.0,1,4.98,1.47,SPY210212P00372000,372.0,0,0.0,0.0,,0.0,normalDay
2021-02-04,8994.0,425.0,0.0,0,386.19,0.0,1,4.98,0.73,SPY210212P00372000,372.0,0,0.0,0.0,,0.0,normalDay
2021-02-05,8994.0,466.0,0.0,0,387.71,0.0,1,4.98,0.32,SPY210212P00372000,372.0,0,0.0,0.0,,0.0,normalDay
2021-02-08,8994.0,486.0,0.0,0,390.51,0.0,1,4.98,0.12,SPY210212P00372000,372.0,0,0.0,0.0,,0.0,normalDay
2021-02-09,8994.0,490.0,0.0,0,390.25,0.0,1,4.98,0.08,SPY210212P00372000,372.0,0,0.0,0.0,,0.0,normalDay
2021-02-10,8994.0,491.0,0.0,0,390.08,0.0,1,4.98,0.07,SPY210212P00372000,372.0,0,0.0,0.0,,0.0,normalDay
2021-02-11,8994.0,496.0,0.0,0,390.71,0.0,1,4.98,0.02,SPY210212P00372000,372.0,0,0.0,0.0,,0.0,normalDay
2021-02-12,9492.0,0.0,498.0,0,392.64,0.0,1,4.98,0.0,SPY210212P00372000,372.0,0,0.0,0.0,,0.0,expirationDay
2021-02-16,9492.0,-3.0,0.0,0,392.3,0.0,1,0.97,1.0,SPY210226P00376000,376.0,0,0.0,0.0,,0.0,normalDay
2021-02-17,9492.0,20.0,0.0,0,392.39,0.0,1,0.97,0.77,SPY210226P00376000,376.0,0,0.0,0.0,,0.0,normalDay
2021-02-18,9492.0,11.0,0.0,0,390.72,0.0,1,0.97,0.86,SPY210226P00376000,376.0,0,0.0,0.0,,0.0,normalDay
2021-02-19,9492.0,40.0,0.0,0,390.03,0.0,1,0.97,0.57,SPY210226P00376000,376.0,0,0.0,0.0,,0.0,normalDay
2021-02-22,9492.0,35.0,0.0,0,387.03,0.0,1,0.97,0.62,SPY210226P00376000,376.0,0,0.0,0.0,,0.0,normalDay
2021-02-23,9492.0,52.0,0.0,0,387.5,0.0,1,0.97,0.45,SPY210226P00376000,376.0,0,0.0,0.0,,0.0,normalDay
2021-02-24,9492.0,89.0,0.0,0,391.77,0.0,1,0.97,0.08,SPY210226P00376000,376.0,0,0.0,0.0,,0.0,normalDay
2021-02-25,9492.0,31.0,0.0,0,382.33,0.0,1,0.97,0.66,SPY210226P00376000,376.0,0,0.0,0.0,,0.0,normalDay
2021-02-26,9589.0,0.0,97.0,0,380.36,0.0,1,0.97,0.0,SPY210226P00376000,376.0,0,0.0,0.0,,0.0,expirationDay
2021-03-01,9589.0,-6.0,0.0,0,389.58,0.0,1,2.58,2.64,SPY210312P00381000,381.0,0,0.0,0.0,,0.0,normalDay
2021-03-02,9589.0,-82.0,0.0,0,386.54,0.0,1,2.58,3.4,SPY210312P00381000,381.0,0,0.0,0.0,,0.0,normalDay
2021-03-03,9589.0,-278.0,0.0,0,381.42,0.0,1,2.58,5.36,SPY210312P00381000,381.0,0,0.0,0.0,,0.0,normalDay
2021-03-04,9589.0,-512.0,0.0,0,376.7,0.0,1,2.58,7.7,SPY210312P00381000,381.0,0,0.0,0.0,,0.0,normalDay
2021-03-05,9589.0,-102.0,0.0,0,383.63,0.0,1,2.58,3.6,SPY210312P00381000,381.0,0,0.0,0.0,,0.0,normalDay
2021-03-08,9589.0,-114.0,0.0,0,381.72,0.0,1,2.58,3.72,SPY210312P00381000,381.0,0,0.0,0.0,,0.0,normalDay
2021-03-09,9589.0,119.0,0.0,0,387.17,0.0,1,2.58,1.39,SPY210312P00381000,381.0,0,0.0,0.0,,0.0,normalDay
2021-03-10,9589.0,223.0,0.0,0,389.58,0.0,1,2.58,0.35,SPY210312P00381000,381.0,0,0.0,0.0,,0.0,normalDay
2021-03-11,9589.0,254.0,0.0,0,393.53,0.0,1,2.58,0.04,SPY210312P00381000,381.0,0,0.0,0.0,,0.0,normalDay
2021-03-12,9847.0,0.0,258.0,0,394.06,0.0,1,2.58,0.0,SPY210312P00381000,381.0,0,0.0,0.0,,0.0,expirationDay
2021-03-15,9847.0,-3.0,0.0,0,396.41,0.0,1,1.08,1.11,SPY210326P00381000,381.0,0,0.0,0.0,,0.0,normalDay
2021-03-16,9847.0,-2.0,0.0,0,395.91,0.0,1,1.08,1.1,SPY210326P00381000,381.0,0,0.0,0.0,,0.0,normalDay
2021-03-17,9847.0,35.0,0.0,0,397.26,0.0,1,1.08,0.73,SPY210326P00381000,381.0,0,0.0,0.0,,0.0,normalDay
2021-03-18,9847.0,-36.0,0.0,0,391.48,0.0,1,1.08,1.44,SPY210326P00381000,381.0,0,0.0,0.0,,0.0,normalDay
2021-03-19,9847.0,-13.0,0.0,0,389.48,0.0,1,1.08,1.21,SPY210326P00381000,381.0,0,0.0,0.0,,0.0,normalDay
2021-03-22,9847.0,79.0,0.0,0,392.59,0.0,1,1.08,0.29,SPY210326P00381000,381.0,0,0.0,0.0,,0.0,normalDay
2021-03-23,9847.0,59.0,0.0,0,389.5,0.0,1,1.08,0.49,SPY210326P00381000,381.0,0,0.0,0.0,,0.0,normalDay
2021-03-24,9847.0,62.0,0.0,0,387.52,0.0,1,1.08,0.46,SPY210326P00381000,381.0,0,0.0,0.0,,0.0,normalDay
2021-03-25,9847.0,100.0,0.0,0,389.7,0.0,1,1.08,0.08,SPY210326P00381000,381.0,0,0.0,0.0,,0.0,normalDay
2021-03-26,9955.0,0.0,108.0,0,395.98,0.0,1,1.08,0.0,SPY210326P00381000,381.0,0,0.0,0.0,,0.0,expirationDay
2021-03-29,9955.0,-4.0,0.0,0,395.78,0.0,1,1.34,1.38,SPY210409P00382500,382.5,0,0.0,0.0,,0.0,normalDay
2021-03-30,9955.0,12.0,0.0,0,394.73,0.0,1,1.34,1.22,SPY210409P00382500,382.5,0,0.0,0.0,,0.0,normalDay
2021-03-31,9955.0,65.0,0.0,0,396.33,0.0,1,1.34,0.69,SPY210409P00382500,382.5,0,0.0,0.0,,0.0,normalDay
2021-04-01,9955.0,116.0,0.0,0,400.61,0.0,1,1.34,0.18,SPY210409P00382500,382.5,0,0.0,0.0,,0.0,normalDay
2021-04-05,9955.0,126.0,0.0,0,406.36,0.0,1,1.34,0.08,SPY210409P00382500,382.5,0,0.0,0.0,,0.0,normalDay
2021-04-06,9955.0,128.0,0.0,0,406.12,0.0,1,1.34,0.06,SPY210409P00382500,382.5,0,0.0,0.0,,0.0,normalDay
2021-04-07,9955.0,132.0,0.0,0,406.59,0.0,1,1.34,0.02,SPY210409P00382500,382.5,0,0.0,0.0,,0.0,normalDay
2021-04-08,9955.0,133.0,0.0,0,408.52,0.0,1,1.34,0.01,SPY210409P00382500,382.5,0,0.0,0.0,,0.0,normalDay
2021-04-09,10089.0,0.0,134.0,0,411.49,0.0,1,1.34,0.0,SPY210409P00382500,382.5,0,0.0,0.0,,0.0,expirationDay
2021-04-12,10089.0,-3.0,0.0,0,411.64,0.0,1,0.25,0.28,SPY210423P00388000,388.0,0,0.0,0.0,,0.0,normalDay
2021-04-13,10089.0,5.0,0.0,0,412.86,0.0,1,0.25,0.2,SPY210423P00388000,388.0,0,0.0,0.0,,0.0,normalDay
2021-04-14,10089.0,4.0,0.0,0,411.45,0.0,1,0.25,0.21,SPY210423P00388000,388.0,0,0.0,0.0,,0.0,normalDay
2021-04-15,10089.0,11.0,0.0,0,415.87,0.0,1,0.25,0.14,SPY210423P00388000,388.0,0,0.0,0.0,,0.0,normalDay
2021-04-16,10089.0,20.0,0.0,0,417.26,0.0,1,0.25,0.05,SPY210423P00388000,388.0,0,0.0,0.0,,0.0,normalDay
2021-04-19,10089.0,22.0,0.0,0,415.21,0.0,1,0.25,0.03,SPY210423P00388000,388.0,0,0.0,0.0,,0.0,normalDay
2021-04-20,10089.0,21.0,0.0,0,412.17,0.0,1,0.25,0.04,SPY210423P00388000,388.0,0,0.0,0.0,,0.0,normalDay
2021-04-21,10089.0,23.0,0.0,0,416.07,0.0,1,0.25,0.02,SPY210423P00388000,388.0,0,0.0,0.0,,0.0,normalDay
2021-04-22,10089.0,23.0,0.0,0,412.27,0.0,1,0.25,0.02,SPY210423P00388000,388.0,0,0.0,0.0,,0.0,normalDay
2021-04-23,10114.0,0.0,25.0,0,416.74,0.0,1,0.25,0.0,SPY210423P00388000,388.0,0,0.0,0.0,,0.0,expirationDay
2021-04-26,10114.0,-3.0,0.0,0,417.61,0.0,1,0.58,0.61,SPY210507P00400000,400.0,0,0.0,0.0,,0.0,normalDay
2021-04-27,10114.0,4.0,0.0,0,417.52,0.0,1,0.58,0.54,SPY210507P00400000,400.0,0,0.0,0.0,,0.0,normalDay
2021-04-28,10114.0,24.0,0.0,0,417.4,0.0,1,0.58,0.34,SPY210507P00400000,400.0,0,0.0,0.0,,0.0,normalDay
2021-04-29,10114.0,34.0,0.0,0,420.06,0.0,1,0.58,0.24,SPY210507P00400000,400.0,0,0.0,0.0,,0.0,normalDay
2021-04-30,10114.0,31.0,0.0,0,417.3,0.0,1,0.58,0.27,SPY210507P00400000,400.0,0,0.0,0.0,,0.0,normalDay
2021-05-03,10114.0,46.0,0.0,0,418.2,0.0,1,0.58,0.12,SPY210507P00400000,400.0,0,0.0,0.0,,0.0,normalDay
2021-05-04,10114.0,44.0,0.0,0,415.62,0.0,1,0.58,0.14,SPY210507P00400000,400.0,0,0.0,0.0,,0.0,normalDay
2021-05-05,10114.0,49.0,0.0,0,415.75,0.0,1,0.58,0.09,SPY210507P00400000,400.0,0,0.0,0.0,,0.0,normalDay
2021-05-06,10114.0,55.0,0.0,0,419.07,0.0,1,0.58,0.03,SPY210507P00400000,400.0,0,0.0,0.0,,0.0,normalDay
2021-05-07,10172.0,0.0,58.0,0,422.12,0.0,1,0.58,0.0,SPY210507P00400000,400.0,0,0.0,0.0,,0.0,expirationDay
2021-05-10,10172.0,-4.0,0.0,0,417.94,0.0,1,3.04,3.08,SPY210521P00413000,413.0,0,0.0,0.0,,0.0,normalDay
2021-05-11,10172.0,-147.0,0.0,0,414.21,0.0,1,3.04,4.51,SPY210521P00413000,413.0,0,0.0,0.0,,0.0,normalDay
2021-05-12,10172.0,-699.0,0.0,0,405.41,0.0,1,3.04,10.03,SPY210521P00413000,413.0,0,0.0,0.0,,0.0,normalDay
2021-05-13,10172.0,-311.0,0.0,0,410.28,0.0,1,3.04,6.15,SPY210521P00413000,413.0,0,0.0,0.0,,0.0,normalDay
2021-05-14,10172.0,99.0,0.0,0,416.58,0.0,1,3.04,2.05,SPY210521P00413000,413.0,0,0.0,0.0,,0.0,normalDay
2021-05-17,10172.0,109.0,0.0,0,415.52,0.0,1,3.04,1.95,SPY210521P00413000,413.0,0,0.0,0.0,,0.0,normalDay
2021-05-18,10172.0,-28.0,0.0,0,411.94,0.0,1,3.04,3.32,SPY210521P00413000,413.0,0,0.0,0.0,,0.0,normalDay
2021-05-19,10172.0,-54.0,0.0,0,410.86,0.0,1,3.04,3.58,SPY210521P00413000,413.0,0,0.0,0.0,,0.0,normalDay
2021-05-20,10172.0,236.0,0.0,0,415.28,0.0,1,3.04,0.68,SPY210521P00413000,413.0,0,0.0,0.0,,0.0,normalDay
2021-05-21,10476.0,0.0,304.0,0,414.94,0.0,1,3.04,0.0,SPY210521P00413000,413.0,0,0.0,0.0,,0.0,expirationDay
2021-05-24,10476.0,-3.0,0.0,0,419.17,0.0,1,1.45,1.48,SPY210604P00411000,411.0,0,0.0,0.0,,0.0,normalDay
2021-05-25,10476.0,-21.0,0.0,0,418.24,0.0,1,1.45,1.66,SPY210604P00411000,411.0,0,0.0,0.0,,0.0,normalDay
2021-05-26,10476.0,36.0,0.0,0,419.07,0.0,1,1.45,1.09,SPY210604P00411000,411.0,0,0.0,0.0,,0.0,normalDay
2021-05-27,10476.0,76.0,0.0,0,419.29,0.0,1,1.45,0.69,SPY210604P00411000,411.0,0,0.0,0.0,,0.0,normalDay
2021-05-28,10476.0,98.0,0.0,0,420.04,0.0,1,1.45,0.47,SPY210604P00411000,411.0,0,0.0,0.0,,0.0,normalDay
2021-06-01,10476.0,120.0,0.0,0,419.67,0.0,1,1.45,0.25,SPY210604P00411000,411.0,0,0.0,0.0,,0.0,normalDay
2021-06-02,10476.0,137.0,0.0,0,420.33,0.0,1,1.45,0.08,SPY210604P00411000,411.0,0,0.0,0.0,,0.0,normalDay
2021-06-03,10476.0,136.0,0.0,0,418.77,0.0,1,1.45,0.09,SPY210604P00411000,411.0,0,0.0,0.0,,0.0,normalDay
2021-06-04,10621.0,0.0,145.0,0,422.6,0.0,1,1.45,0.0,SPY210604P00411000,411.0,0,0.0,0.0,,0.0,expirationDay
2021-06-07,10621.0,-3.0,0.0,0,422.19,0.0,1,1.09,1.12,SPY210618P00411000,411.0,0,0.0,0.0,,0.0,normalDay
2021-06-08,10621.0,-16.0,0.0,0,422.28,0.0,1,1.09,1.25,SPY210618P00411000,411.0,0,0.0,0.0,,0.0,normalDay
2021-06-09,10621.0,-34.0,0.0,0,421.65,0.0,1,1.09,1.43,SPY210618P00411000,411.0,0,0.0,0.0,,0.0,normalDay
2021-06-10,10621.0,43.0,0.0,0,423.61,0.0,1,1.09,0.66,SPY210618P00411000,411.0,0,0.0,0.0,,0.0,normalDay
2021-06-11,10621.0,61.0,0.0,0,424.31,0.0,1,1.09,0.48,SPY210618P00411000,411.0,0,0.0,0.0,,0.0,normalDay
2021-06-14,10621.0,77.0,0.0,0,425.26,0.0,1,1.09,0.32,SPY210618P00411000,411.0,0,0.0,0.0,,0.0,normalDay
2021-06-15,10621.0,70.0,0.0,0,424.48,0.0,1,1.09,0.39,SPY210618P00411000,411.0,0,0.0,0.0,,0.0,normalDay
2021-06-16,10621.0,56.0,0.0,0,422.11,0.0,1,1.09,0.53,SPY210618P00411000,411.0,0,0.0,0.0,,0.0,normalDay
2021-06-17,10621.0,90.0,0.0,0,421.97,0.0,1,1.09,0.19,SPY210618P00411000,411.0,0,0.0,0.0,,0.0,normalDay
2021-06-18,10730.0,0.0,109.0,0,414.92,0.0,1,1.09,0.0,SPY210618P00411000,411.0,0,0.0,0.0,,0.0,expirationDay
2021-06-21,10730.0,-4.0,0.0,0,420.86,0.0,1,2.59,2.63,SPY210702P00418000,418.0,0,0.0,0.0,,0.0,normalDay
2021-06-22,10730.0,89.0,0.0,0,423.11,0.0,1,2.59,1.7,SPY210702P00418000,418.0,0,0.0,0.0,,0.0,normalDay
2021-06-23,10730.0,112.0,0.0,0,422.6,0.0,1,2.59,1.47,SPY210702P00418000,418.0,0,0.0,0.0,,0.0,normalDay
2021-06-24,10730.0,174.0,0.0,0,425.1,0.0,1,2.59,0.85,SPY210702P00418000,418.0,0,0.0,0.0,,0.0,normalDay
2021-06-25,10730.0,209.0,0.0,0,426.61,0.0,1,2.59,0.5,SPY210702P00418000,418.0,0,0.0,0.0,,0.0,normalDay
2021-06-28,10730.0,236.0,0.0,0,427.47,0.0,1,2.59,0.23,SPY210702P00418000,418.0,0,0.0,0.0,,0.0,normalDay
2021-06-29,10730.0,245.0,0.0,0,427.7,0.0,1,2.59,0.14,SPY210702P00418000,418.0,0,0.0,0.0,,0.0,normalDay
2021-06-30,10730.0,252.0,0.0,0,428.06,0.0,1,2.59,0.07,SPY210702P00418000,418.0,0,0.0,0.0,,0.0,normalDay
2021-07-01,10730.0,255.0,0.0,0,430.43,0.0,1,2.59,0.04,SPY210702P00418000,418.0,0,0.0,0.0,,0.0,normalDay
2021-07-02,10989.0,0.0,259.0,0,433.72,0.0,1,2.59,0.0,SPY210702P00418000,418.0,0,0.0,0.0,,0.0,expirationDay
2021-07-06,10989.0,-3.0,0.0,0,432.93,0.0,1,0.76,0.79,SPY210716P00419000,419.0,0,0.0,0.0,,0.0,normalDay
2021-07-07,10989.0,22.0,0.0,0,434.46,0.0,1,0.76,0.54,SPY210716P00419000,419.0,0,0.0,0.0,,0.0,normalDay
2021-07-08,10989.0,-47.0,0.0,0,430.92,0.0,1,0.76,1.23,SPY210716P00419000,419.0,0,0.0,0.0,,0.0,normalDay
2021-07-09,10989.0,41.0,0.0,0,435.52,0.0,1,0.76,0.35,SPY210716P00419000,419.0,0,0.0,0.0,,0.0,normalDay
2021-07-12,10989.0,62.0,0.0,0,437.08,0.0,1,0.76,0.14,SPY210716P00419000,419.0,0,0.0,0.0,,0.0,normalDay
2021-07-13,10989.0,60.0,0.0,0,435.59,0.0,1,0.76,0.16,SPY210716P00419000,419.0,0,0.0,0.0,,0.0,normalDay
2021-07-14,10989.0,70.0,0.0,0,436.24,0.0,1,0.76,0.06,SPY210716P00419000,419.0,0,0.0,0.0,,0.0,normalDay
2021-07-15,10989.0,72.0,0.0,0,434.75,0.0,1,0.76,0.04,SPY210716P00419000,419.0,0,0.0,0.0,,0.0,normalDay
2021-07-16,11065.0,0.0,76.0,0,431.34,0.0,1,0.76,0.0,SPY210716P00419000,419.0,0,0.0,0.0,,0.0,expirationDay
2021-07-19,11065.0,-5.0,0.0,0,424.97,0.0,1,4.74,4.79,SPY210730P00423000,423.0,0,0.0,0.0,,0.0,normalDay
2021-07-20,11065.0,247.0,0.0,0,431.06,0.0,1,4.74,2.27,SPY210730P00423000,423.0,0,0.0,0.0,,0.0,normalDay
2021-07-21,11065.0,376.0,0.0,0,434.55,0.0,1,4.74,0.98,SPY210730P00423000,423.0,0,0.0,0.0,,0.0,normalDay
2021-07-22,11065.0,406.0,0.0,0,435.46,0.0,1,4.74,0.68,SPY210730P00423000,423.0,0,0.0,0.0,,0.0,normalDay
2021-07-23,11065.0,451.0,0.0,0,439.94,0.0,1,4.74,0.23,SPY210730P00423000,423.0,0,0.0,0.0,,0.0,normalDay
2021-07-26,11065.0,465.0,0.0,0,441.02,0.0,1,4.74,0.09,SPY210730P00423000,423.0,0,0.0,0.0,,0.0,normalDay
2021-07-27,11065.0,454.0,0.0,0,439.01,0.0,1,4.74,0.2,SPY210730P00423000,423.0,0,0.0,0.0,,0.0,normalDay
2021-07-28,11065.0,467.0,0.0,0,438.83,0.0,1,4.74,0.07,SPY210730P00423000,423.0,0,0.0,0.0,,0.0,normalDay
2021-07-29,11065.0,472.0,0.0,0,440.65,0.0,1,4.74,0.02,SPY210730P00423000,423.0,0,0.0,0.0,,0.0,normalDay
2021-07-30,11539.0,0.0,474.0,0,438.51,0.0,1,4.74,0.0,SPY210730P00423000,423.0,0,0.0,0.0,,0.0,expirationDay
2021-08-02,11539.0,-4.0,0.0,0,437.59,0.0,1,2.03,2.07,SPY210813P00430000,430.0,0,0.0,0.0,,0.0,normalDay
2021-08-03,11539.0,102.0,0.0,0,441.15,0.0,1,2.03,1.01,SPY210813P00430000,430.0,0,0.0,0.0,,0.0,normalDay
2021-08-04,11539.0,95.0,0.0,0,438.98,0.0,1,2.03,1.08,SPY210813P00430000,430.0,0,0.0,0.0,,0.0,normalDay
2021-08-05,11539.0,139.0,0.0,0,441.76,0.0,1,2.03,0.64,SPY210813P00430000,430.0,0,0.0,0.0,,0.0,normalDay
2021-08-06,11539.0,179.0,0.0,0,442.49,0.0,1,2.03,0.24,SPY210813P00430000,430.0,0,0.0,0.0,,0.0,normalDay
2021-08-09,11539.0,187.0,0.0,0,442.13,0.0,1,2.03,0.16,SPY210813P00430000,430.0,0,0.0,0.0,,0.0,normalDay
2021-08-10,11539.0,189.0,0.0,0,442.68,0.0,1,2.03,0.14,SPY210813P00430000,430.0,0,0.0,0.0,,0.0,normalDay
2021-08-11,11539.0,197.0,0.0,0,443.78,0.0,1,2.03,0.06,SPY210813P00430000,430.0,0,0.0,0.0,,0.0,normalDay
2021-08-12,11539.0,199.0,0.0,0,445.11,0.0,1,2.03,0.04,SPY210813P00430000,430.0,0,0.0,0.0,,0.0,normalDay
2021-08-13,11742.0,0.0,203.0,0,445.92,0.0,1,2.03,0.0,SPY210813P00430000,430.0,0,0.0,0.0,,0.0,expirationDay
2021-08-16,11742.0,-3.0,0.0,0,446.97,0.0,1,0.87,0.9,SPY210827P00435000,435.0,0,0.0,0.0,,0.0,normalDay
2021-08-17,11742.0,-84.0,0.0,0,444.04,0.0,1,0.87,1.71,SPY210827P00435000,435.0,0,0.0,0.0,,0.0,normalDay
2021-08-18,11742.0,-260.0,0.0,0,439.18,0.0,1,0.87,3.47,SPY210827P00435000,435.0,0,0.0,0.0,,0.0,normalDay
2021-08-19,11742.0,-199.0,0.0,0,439.86,0.0,1,0.87,2.86,SPY210827P00435000,435.0,0,0.0,0.0,,0.0,normalDay
2021-08-20,11742.0,-16.0,0.0,0,443.36,0.0,1,0.87,1.03,SPY210827P00435000,435.0,0,0.0,0.0,,0.0,normalDay
2021-08-23,11742.0,66.0,0.0,0,447.26,0.0,1,0.87,0.21,SPY210827P00435000,435.0,0,0.0,0.0,,0.0,normalDay
2021-08-24,11742.0,74.0,0.0,0,447.97,0.0,1,0.87,0.13,SPY210827P00435000,435.0,0,0.0,0.0,,0.0,normalDay
2021-08-25,11742.0,80.0,0.0,0,448.91,0.0,1,0.87,0.07,SPY210827P00435000,435.0,0,0.0,0.0,,0.0,normalDay
2021-08-26,11742.0,78.0,0.0,0,446.26,0.0,1,0.87,0.09,SPY210827P00435000,435.0,0,0.0,0.0,,0.0,normalDay
2021-08-27,11829.0,0.0,87.0,0,450.25,0.0,1,0.87,0.0,SPY210827P00435000,435.0,0,0.0,0.0,,0.0,expirationDay
2021-08-30,11829.0,-3.0,0.0,0,452.23,0.0,1,0.68,0.71,SPY210910P00440000,440.0,0,0.0,0.0,,0.0,normalDay
2021-08-31,11829.0,-6.0,0.0,0,451.56,0.0,1,0.68,0.74,SPY210910P00440000,440.0,0,0.0,0.0,,0.0,normalDay
2021-09-01,11829.0,13.0,0.0,0,451.8,0.0,1,0.68,0.55,SPY210910P00440000,440.0,0,0.0,0.0,,0.0,normalDay
2021-09-02,11829.0,19.0,0.0,0,453.19,0.0,1,0.68,0.49,SPY210910P00440000,440.0,0,0.0,0.0,,0.0,normalDay
2021-09-03,11829.0,41.0,0.0,0,453.08,0.0,1,0.68,0.27,SPY210910P00440000,440.0,0,0.0,0.0,,0.0,normalDay
2021-09-07,11829.0,47.0,0.0,0,451.46,0.0,1,0.68,0.21,SPY210910P00440000,440.0,0,0.0,0.0,,0.0,normalDay
2021-09-08,11829.0,57.0,0.0,0,450.91,0.0,1,0.68,0.11,SPY210910P00440000,440.0,0,0.0,0.0,,0.0,normalDay
2021-09-09,11829.0,60.0,0.0,0,448.98,0.0,1,0.68,0.08,SPY210910P00440000,440.0,0,0.0,0.0,,0.0,normalDay
2021-09-10,11897.0,0.0,68.0,0,445.44,0.0,1,0.68,0.0,SPY210910P00440000,440.0,0,0.0,0.0,,0.0,expirationDay
2021-09-13,11897.0,-3.0,0.0,0,446.58,0.0,1,3.53,3.56,SPY210924P00442500,442.5,0,0.0,0.0,,0.0,normalDay
2021-09-14,11897.0,-78.0,0.0,0,444.17,0.0,1,3.53,4.31,SPY210924P00442500,442.5,0,0.0,0.0,,0.0,normalDay
2021-09-15,11897.0,124.0,0.0,0,447.88,0.0,1,3.53,2.29,SPY210924P00442500,442.5,0,0.0,0.0,,0.0,normalDay
2021-09-16,11897.0,109.0,0.0,0,447.17,0.0,1,3.53,2.44,SPY210924P00442500,442.5,0,0.0,0.0,,0.0,normalDay
2021-09-17,11897.0,-119.0,0.0,0,441.4,0.0,1,3.53,4.72,SPY210924P00442500,442.5,0,0.0,0.0,,0.0,normalDay
2021-09-20,11897.0,-595.0,0.0,0,434.04,0.0,1,3.53,9.48,SPY210924P00442500,442.5,0,0.0,0.0,,0.0,normalDay
2021-09-21,11897.0,-600.0,0.0,0,433.63,0.0,1,3.53,9.53,SPY210924P00442500,442.5,0,0.0,0.0,,0.0,normalDay
2021-09-22,11897.0,-163.0,0.0,0,437.86,0.0,1,3.53,5.16,SPY210924P00442500,442.5,0,0.0,0.0,,0.0,normalDay
2021-09-23,11897.0,250.0,0.0,0,443.18,0.0,1,3.53,1.03,SPY210924P00442500,442.5,0,0.0,0.0,,0.0,normalDay
2021-09-24,12250.0,0.0,353.0,0,443.91,0.0,1,3.53,0.0,SPY210924P00442500,442.5,0,0.0,0.0,,0.0,expirationDay
2021-09-27,12250.0,-3.0,0.0,0,442.64,0.0,1,2.76,2.79,SPY211008P00438000,438.0,0,0.0,0.0,,0.0,normalDay
2021-09-28,12250.0,-466.0,0.0,0,433.72,0.0,1,2.76,7.42,SPY211008P00438000,438.0,0,0.0,0.0,,0.0,normalDay
2021-09-29,12250.0,-377.0,0.0,0,434.45,0.0,1,2.76,6.53,SPY211008P00438000,438.0,0,0.0,0.0,,0.0,normalDay
2021-09-30,12250.0,-719.0,0.0,0,429.14,0.0,1,2.76,9.95,SPY211008P00438000,438.0,0,0.0,0.0,,0.0,normalDay
2021-10-01,12250.0,-304.0,0.0,0,434.24,0.0,1,2.76,5.8,SPY211008P00438000,438.0,0,0.0,0.0,,0.0,normalDay
2021-10-04,12250.0,-703.0,0.0,0,428.64,0.0,1,2.76,9.79,SPY211008P00438000,438.0,0,0.0,0.0,,0.0,normalDay
2021-10-05,12250.0,-304.0,0.0,0,433.1,0.0,1,2.76,5.8,SPY211008P00438000,438.0,0,0.0,0.0,,0.0,normalDay
2021-10-06,12250.0,-172.0,0.0,0,434.9,0.0,1,2.76,4.48,SPY211008P00438000,438.0,0,0.0,0.0,,0.0,normalDay
2021-10-07,12250.0,144.0,0.0,0,438.66,0.0,1,2.76,1.32,SPY211008P00438000,438.0,0,0.0,0.0,,0.0,normalDay
2021-10-08,12526.0,-14.0,276.0,100,437.86,438.0,1,2.76,0.0,SPY211008P00438000,438.0,0,0.0,0.0,,0.0,expirationDay
2021-10-11,12526.0,-334.0,0.0,100,434.69,438.0,0,0.0,0.0,,0.0,1,0.45,0.48,SPY211112C00457000,457.0,normalDay
2021-10-12,12526.0,-426.0,0.0,100,433.62,438.0,0,0.0,0.0,,0.0,1,0.45,0.33,SPY211112C00457000,457.0,normalDay
2021-10-13,12526.0,-278.0,0.0,100,435.18,438.0,0,0.0,0.0,,0.0,1,0.45,0.41,SPY211112C00457000,457.0,normalDay
2021-10-14,12526.0,401.0,0.0,100,442.5,438.0,0,0.0,0.0,,0.0,1,0.45,0.94,SPY211112C00457000,457.0,normalDay
2021-10-15,12526.0,697.0,0.0,100,445.87,438.0,0,0.0,0.0,,0.0,1,0.45,1.35,SPY211112C00457000,457.0,normalDay
2021-10-18,12526.0,817.0,0.0,100,447.19,438.0,0,0.0,0.0,,0.0,1,0.45,1.47,SPY211112C00457000,457.0,normalDay
2021-10-19,12526.0,1066.0,0.0,100,450.64,438.0,0,0.0,0.0,,0.0,1,0.45,2.43,SPY211112C00457000,457.0,normalDay
2021-10-20,12526.0,1214.0,0.0,100,452.41,438.0,0,0.0,0.0,,0.0,1,0.45,2.72,SPY211112C00457000,457.0,normalDay
2021-10-21,12526.0,1299.0,0.0,100,453.59,438.0,0,0.0,0.0,,0.0,1,0.45,3.05,SPY211112C00457000,457.0,normalDay
2021-10-22,12526.0,1281.0,0.0,100,453.12,438.0,0,0.0,0.0,,0.0,1,0.45,2.76,SPY211112C00457000,457.0,normalDay
2021-10-25,12526.0,1457.0,0.0,100,455.55,438.0,0,0.0,0.0,,0.0,1,0.45,3.43,SPY211112C00457000,457.0,normalDay
2021-10-26,12526.0,1419.0,0.0,100,455.96,438.0,0,0.0,0.0,,0.0,1,0.45,4.22,SPY211112C00457000,457.0,normalDay
2021-10-27,12526.0,1302.0,0.0,100,453.94,438.0,0,0.0,0.0,,0.0,1,0.45,3.37,SPY211112C00457000,457.0,normalDay
2021-10-28,12526.0,1571.0,0.0,100,458.32,438.0,0,0.0,0.0,,0.0,1,0.45,5.06,SPY211112C00457000,457.0,normalDay
2021-10-29,12526.0,1592.0,0.0,100,459.25,438.0,0,0.0,0.0,,0.0,1,0.45,5.78,SPY211112C00457000,457.0,normalDay
2021-11-01,12526.0,1660.0,0.0,100,460.04,438.0,0,0.0,0.0,,0.0,1,0.45,5.89,SPY211112C00457000,457.0,normalDay
2021-11-02,12526.0,1749.0,0.0,100,461.9,438.0,0,0.0,0.0,,0.0,1,0.45,6.86,SPY211112C00457000,457.0,normalDay
2021-11-03,12526.0,1835.0,0.0,100,464.72,438.0,0,0.0,0.0,,0.0,1,0.45,8.82,SPY211112C00457000,457.0,normalDay
2021-11-04,12526.0,1892.0,0.0,100,466.91,438.0,0,0.0,0.0,,0.0,1,0.45,10.44,SPY211112C00457000,457.0,normalDay
2021-11-05,12526.0,1909.0,0.0,100,468.53,438.0,0,0.0,0.0,,0.0,1,0.45,11.89,SPY211112C00457000,457.0,normalDay
2021-11-08,12526.0,1944.0,0.0,100,468.93,438.0,0,0.0,0.0,,0.0,1,0.45,11.94,SPY211112C00457000,457.0,normalDay
2021-11-09,12526.0,1943.0,0.0,100,467.38,438.0,0,0.0,0.0,,0.0,1,0.45,10.4,SPY211112C00457000,457.0,normalDay
2021-11-10,12526.0,1899.0,0.0,100,463.62,438.0,0,0.0,0.0,,0.0,1,0.45,7.08,SPY211112C00457000,457.0,normalDay
2021-11-11,12526.0,1901.0,0.0,100,463.77,438.0,0,0.0,0.0,,0.0,1,0.45,7.21,SPY211112C00457000,457.0,normalDay
2021-11-12,14471.0,1901.0,1945.0,0,467.27,0.0,0,0.0,0.0,,0.0,1,0.45,0.0,SPY211112C00457000,457.0,expirationDay
2021-11-15,14471.0,-3.0,0.0,0,467.43,0.0,1,0.65,0.68,SPY211126P00453000,453.0,0,0.0,0.0,,0.0,normalDay
2021-11-16,14471.0,17.0,0.0,0,469.28,0.0,1,0.65,0.48,SPY211126P00453000,453.0,0,0.0,0.0,,0.0,normalDay
2021-11-17,14471.0,24.0,0.0,0,468.14,0.0,1,0.65,0.41,SPY211126P00453000,453.0,0,0.0,0.0,,0.0,normalDay
2021-11-18,14471.0,33.0,0.0,0,469.73,0.0,1,0.65,0.32,SPY211126P00453000,453.0,0,0.0,0.0,,0.0,normalDay
2021-11-19,14471.0,42.0,0.0,0,468.89,0.0,1,0.65,0.23,SPY211126P00453000,453.0,0,0.0,0.0,,0.0,normalDay
2021-11-22,14471.0,46.0,0.0,0,467.57,0.0,1,0.65,0.19,SPY211126P00453000,453.0,0,0.0,0.0,,0.0,normalDay
2021-11-23,14471.0,53.0,0.0,0,468.19,0.0,1,0.65,0.12,SPY211126P00453000,453.0,0,0.0,0.0,,0.0,normalDay
2021-11-24,14471.0,61.0,0.0,0,469.44,0.0,1,0.65,0.04,SPY211126P00453000,453.0,0,0.0,0.0,,0.0,normalDay
2021-11-26,14536.0,0.0,65.0,0,458.97,0.0,1,0.65,0.0,SPY211126P00453000,453.0,0,0.0,0.0,,0.0,expirationDay
2021-11-29,14536.0,-4.0,0.0,0,464.6,0.0,1,4.55,4.59,SPY211210P00462000,462.0,0,0.0,0.0,,0.0,normalDay
2021-11-30,14536.0,-407.0,0.0,0,455.56,0.0,1,4.55,8.62,SPY211210P00462000,462.0,0,0.0,0.0,,0.0,normalDay
2021-12-01,14536.0,-936.0,0.0,0,450.5,0.0,1,4.55,13.91,SPY211210P00462000,462.0,0,0.0,0.0,,0.0,normalDay
2021-12-02,14536.0,-381.0,0.0,0,457.4,0.0,1,4.55,8.36,SPY211210P00462000,462.0,0,0.0,0.0,,0.0,normalDay
2021-12-03,14536.0,-615.0,0.0,0,453.42,0.0,1,4.55,10.7,SPY211210P00462000,462.0,0,0.0,0.0,,0.0,normalDay
2021-12-06,14536.0,-141.0,0.0,0,458.79,0.0,1,4.55,5.96,SPY211210P00462000,462.0,0,0.0,0.0,,0.0,normalDay
2021-12-07,14536.0,340.0,0.0,0,468.28,0.0,1,4.55,1.15,SPY211210P00462000,462.0,0,0.0,0.0,,0.0,normalDay
2021-12-08,14536.0,418.0,0.0,0,469.52,0.0,1,4.55,0.37,SPY211210P00462000,462.0,0,0.0,0.0,,0.0,normalDay
2021-12-09,14536.0,401.0,0.0,0,466.35,0.0,1,4.55,0.54,SPY211210P00462000,462.0,0,0.0,0.0,,0.0,normalDay
2021-12-10,14991.0,0.0,455.0,0,470.74,0.0,1,4.55,0.0,SPY211210P00462000,462.0,0,0.0,0.0,,0.0,expirationDay
2021-12-13,14991.0,-3.0,0.0,0,466.57,0.0,1,2.37,2.4,SPY211223P00456000,456.0,0,0.0,0.0,,0.0,normalDay
2021-12-14,14991.0,-104.0,0.0,0,463.36,0.0,1,2.37,3.41,SPY211223P00456000,456.0,0,0.0,0.0,,0.0,normalDay
2021-12-15,14991.0,132.0,0.0,0,470.6,0.0,1,2.37,1.05,SPY211223P00456000,456.0,0,0.0,0.0,,0.0,normalDay
2021-12-16,14991.0,64.0,0.0,0,466.45,0.0,1,2.37,1.73,SPY211223P00456000,456.0,0,0.0,0.0,,0.0,normalDay
2021-12-17,14991.0,-38.0,0.0,0,459.87,0.0,1,2.37,2.75,SPY211223P00456000,456.0,0,0.0,0.0,,0.0,normalDay
2021-12-20,14991.0,-161.0,0.0,0,454.98,0.0,1,2.37,3.98,SPY211223P00456000,456.0,0,0.0,0.0,,0.0,normalDay
2021-12-21,14991.0,171.0,0.0,0,463.06,0.0,1,2.37,0.66,SPY211223P00456000,456.0,0,0.0,0.0,,0.0,normalDay
2021-12-22,14991.0,233.0,0.0,0,467.69,0.0,1,2.37,0.04,SPY211223P00456000,456.0,0,0.0,0.0,,0.0,normalDay
2021-12-23,15228.0,0.0,237.0,0,470.6,0.0,1,2.37,0.0,SPY211223P00456000,456.0,0,0.0,0.0,,0.0,expirationDay
2021-12-27,15228.0,-3.0,0.0,0,477.26,0.0,1,0.53,0.56,SPY220107P00455000,455.0,0,0.0,0.0,,0.0,normalDay
2021-12-28,15228.0,4.0,0.0,0,476.87,0.0,1,0.53,0.49,SPY220107P00455000,455.0,0,0.0,0.0,,0.0,normalDay
2021-12-29,15228.0,27.0,0.0,0,477.48,0.0,1,0.53,0.26,SPY220107P00455000,455.0,0,0.0,0.0,,0.0,normalDay
2021-12-30,15228.0,24.0,0.0,0,476.16,0.0,1,0.53,0.29,SPY220107P00455000,455.0,0,0.0,0.0,,0.0,normalDay
2021-12-31,15228.0,36.0,0.0,0,474.96,0.0,1,0.53,0.17,SPY220107P00455000,455.0,0,0.0,0.0,,0.0,normalDay
2022-01-03,15228.0,48.0,0.0,0,477.71,0.0,1,0.53,0.05,SPY220107P00455000,455.0,0,0.0,0.0,,0.0,normalDay
2022-01-04,15228.0,49.0,0.0,0,477.55,0.0,1,0.53,0.04,SPY220107P00455000,455.0,0,0.0,0.0,,0.0,normalDay
2022-01-05,15228.0,33.0,0.0,0,468.38,0.0,1,0.53,0.2,SPY220107P00455000,455.0,0,0.0,0.0,,0.0,normalDay
2022-01-06,15228.0,49.0,0.0,0,467.94,0.0,1,0.53,0.04,SPY220107P00455000,455.0,0,0.0,0.0,,0.0,normalDay
2022-01-07,15281.0,0.0,53.0,0,466.09,0.0,1,0.53,0.0,SPY220107P00455000,455.0,0,0.0,0.0,,0.0,expirationDay
2022-01-10,15281.0,-4.0,0.0,0,465.51,0.0,1,3.46,3.5,SPY220121P00461000,461.0,0,0.0,0.0,,0.0,normalDay
2022-01-11,15281.0,135.0,0.0,0,469.75,0.0,1,3.46,2.11,SPY220121P00461000,461.0,0,0.0,0.0,,0.0,normalDay
2022-01-12,15281.0,209.0,0.0,0,471.02,0.0,1,3.46,1.37,SPY220121P00461000,461.0,0,0.0,0.0,,0.0,normalDay
2022-01-13,15281.0,1.0,0.0,0,464.53,0.0,1,3.46,3.45,SPY220121P00461000,461.0,0,0.0,0.0,,0.0,normalDay
2022-01-14,15281.0,87.0,0.0,0,464.72,0.0,1,3.46,2.59,SPY220121P00461000,461.0,0,0.0,0.0,,0.0,normalDay
2022-01-18,15281.0,-315.0,0.0,0,456.49,0.0,1,3.46,6.61,SPY220121P00461000,461.0,0,0.0,0.0,,0.0,normalDay
2022-01-19,15281.0,-592.0,0.0,0,451.75,0.0,1,3.46,9.38,SPY220121P00461000,461.0,0,0.0,0.0,,0.0,normalDay
2022-01-20,15281.0,-1145.0,0.0,0,446.75,0.0,1,3.46,14.91,SPY220121P00461000,461.0,0,0.0,0.0,,0.0,normalDay
2022-01-21,15627.0,-2302.0,346.0,100,437.98,461.0,1,3.46,0.0,SPY220121P00461000,461.0,0,0.0,0.0,,0.0,expirationDay
2022-01-24,15627.0,-2119.0,0.0,100,439.84,461.0,0,0.0,0.0,,0.0,1,0.03,0.06,SPY220225C00508000,508.0,normalDay
2022-01-25,15627.0,-2655.0,0.0,100,434.47,461.0,0,0.0,0.0,,0.0,1,0.03,0.05,SPY220225C00508000,508.0,normalDay
2022-01-26,15627.0,-2766.0,0.0,100,433.38,461.0,0,0.0,0.0,,0.0,1,0.03,0.07,SPY220225C00508000,508.0,normalDay
2022-01-27,15627.0,-2977.0,0.0,100,431.24,461.0,0,0.0,0.0,,0.0,1,0.03,0.04,SPY220225C00508000,508.0,normalDay
2022-01-28,15627.0,-1908.0,0.0,100,441.95,461.0,0,0.0,0.0,,0.0,1,0.03,0.06,SPY220225C00508000,508.0,normalDay
2022-01-31,15627.0,-1110.0,0.0,100,449.91,461.0,0,0.0,0.0,,0.0,1,0.03,0.04,SPY220225C00508000,508.0,normalDay
2022-02-01,15627.0,-805.0,0.0,100,452.95,461.0,0,0.0,0.0,,0.0,1,0.03,0.03,SPY220225C00508000,508.0,normalDay
2022-02-02,15627.0,-364.0,0.0,100,457.35,461.0,0,0.0,0.0,,0.0,1,0.03,0.02,SPY220225C00508000,508.0,normalDay
2022-02-03,15627.0,-1439.0,0.0,100,446.6,461.0,0,0.0,0.0,,0.0,1,0.03,0.02,SPY220225C00508000,508.0,normalDay
2022-02-04,15627.0,-1228.0,0.0,100,448.7,461.0,0,0.0,0.0,,0.0,1,0.03,0.01,SPY220225C00508000,508.0,normalDay
2022-02-07,15627.0,-1372.0,0.0,100,447.26,461.0,0,0.0,0.0,,0.0,1,0.03,0.01,SPY220225C00508000,508.0,normalDay
2022-02-08,15627.0,-1004.0,0.0,100,450.94,461.0,0,0.0,0.0,,0.0,1,0.03,0.01,SPY220225C00508000,508.0,normalDay
2022-02-09,15627.0,-344.0,0.0,100,457.54,461.0,0,0.0,0.0,,0.0,1,0.03,0.01,SPY220225C00508000,508.0,normalDay
2022-02-10,15627.0,-1166.0,0.0,100,449.32,461.0,0,0.0,0.0,,0.0,1,0.03,0.01,SPY220225C00508000,508.0,normalDay
2022-02-11,15627.0,-2053.0,0.0,100,440.46,461.0,0,0.0,0.0,,0.0,1,0.03,0.02,SPY220225C00508000,508.0,normalDay
2022-02-14,15627.0,-2196.0,0.0,100,439.02,461.0,0,0.0,0.0,,0.0,1,0.03,0.01,SPY220225C00508000,508.0,normalDay
2022-02-15,15627.0,-1488.0,0.0,100,446.1,461.0,0,0.0,0.0,,0.0,1,0.03,0.01,SPY220225C00508000,508.0,normalDay
2022-02-16,15627.0,-1438.0,0.0,100,446.6,461.0,0,0.0,0.0,,0.0,1,0.03,0.01,SPY220225C00508000,508.0,normalDay
2022-02-17,15627.0,-2392.0,0.0,100,437.06,461.0,0,0.0,0.0,,0.0,1,0.03,0.01,SPY220225C00508000,508.0,normalDay
2022-02-18,15627.0,-2675.0,0.0,100,434.23,461.0,0,0.0,0.0,,0.0,1,0.03,0.01,SPY220225C00508000,508.0,normalDay
2022-02-22,15627.0,-3141.0,0.0,100,429.57,461.0,0,0.0,0.0,,0.0,1,0.03,0.01,SPY220225C00508000,508.0,normalDay
2022-02-23,15627.0,-3903.0,0.0,100,421.95,461.0,0,0.0,0.0,,0.0,1,0.03,0.01,SPY220225C00508000,508.0,normalDay
2022-02-24,15627.0,-3268.0,0.0,100,428.3,461.0,0,0.0,0.0,,0.0,1,0.03,0.01,SPY220225C00508000,508.0,normalDay
2022-02-25,15630.0,-2325.0,3.0,100,437.75,461.0,0,0.0,0.0,,0.0,1,0.03,0.0,SPY220225C00508000,508.0,expirationDay
2022-02-28,15630.0,-2441.0,0.0,100,436.63,461.0,0,0.0,0.0,,0.0,1,0.41,0.45,SPY220401C00476000,476.0,normalDay
2022-03-01,15630.0,-3094.0,0.0,100,429.98,461.0,0,0.0,0.0,,0.0,1,0.41,0.33,SPY220401C00476000,476.0,normalDay
2022-03-02,15630.0,-2311.0,0.0,100,437.89,461.0,0,0.0,0.0,,0.0,1,0.41,0.41,SPY220401C00476000,476.0,normalDay
2022-03-03,15630.0,-2515.0,0.0,100,435.71,461.0,0,0.0,0.0,,0.0,1,0.41,0.27,SPY220401C00476000,476.0,normalDay
2022-03-04,15630.0,-2857.0,0.0,100,432.17,461.0,0,0.0,0.0,,0.0,1,0.41,0.15,SPY220401C00476000,476.0,normalDay
2022-03-07,15630.0,-4123.0,0.0,100,419.43,461.0,0,0.0,0.0,,0.0,1,0.41,0.07,SPY220401C00476000,476.0,normalDay
2022-03-08,15630.0,-4441.0,0.0,100,416.25,461.0,0,0.0,0.0,,0.0,1,0.41,0.07,SPY220401C00476000,476.0,normalDay
2022-03-09,15630.0,-3330.0,0.0,100,427.41,461.0,0,0.0,0.0,,0.0,1,0.41,0.12,SPY220401C00476000,476.0,normalDay
2022-03-10,15630.0,-3518.0,0.0,100,425.48,461.0,0,0.0,0.0,,0.0,1,0.41,0.07,SPY220401C00476000,476.0,normalDay
2022-03-11,15630.0,-4058.0,0.0,100,420.07,461.0,0,0.0,0.0,,0.0,1,0.41,0.06,SPY220401C00476000,476.0,normalDay
2022-03-14,15630.0,-4363.0,0.0,100,417.0,461.0,0,0.0,0.0,,0.0,1,0.41,0.04,SPY220401C00476000,476.0,normalDay
2022-03-15,15630.0,-3447.0,0.0,100,426.17,461.0,0,0.0,0.0,,0.0,1,0.41,0.05,SPY220401C00476000,476.0,normalDay
2022-03-16,15630.0,-2504.0,0.0,100,435.62,461.0,0,0.0,0.0,,0.0,1,0.41,0.07,SPY220401C00476000,476.0,normalDay
2022-03-17,15630.0,-1961.0,0.0,100,441.07,461.0,0,0.0,0.0,,0.0,1,0.41,0.09,SPY220401C00476000,476.0,normalDay
2022-03-18,15630.0,-1615.0,0.0,100,444.52,461.0,0,0.0,0.0,,0.0,1,0.41,0.08,SPY220401C00476000,476.0,normalDay
2022-03-21,15630.0,-1624.0,0.0,100,444.39,461.0,0,0.0,0.0,,0.0,1,0.41,0.04,SPY220401C00476000,476.0,normalDay
2022-03-22,15630.0,-1106.0,0.0,100,449.59,461.0,0,0.0,0.0,,0.0,1,0.41,0.06,SPY220401C00476000,476.0,normalDay
2022-03-23,15630.0,-1681.0,0.0,100,443.8,461.0,0,0.0,0.0,,0.0,1,0.41,0.02,SPY220401C00476000,476.0,normalDay
2022-03-24,15630.0,-1013.0,0.0,100,450.49,461.0,0,0.0,0.0,,0.0,1,0.41,0.03,SPY220401C00476000,476.0,normalDay
2022-03-25,15630.0,-792.0,0.0,100,452.69,461.0,0,0.0,0.0,,0.0,1,0.41,0.02,SPY220401C00476000,476.0,normalDay
2022-03-28,15630.0,-470.0,0.0,100,455.91,461.0,0,0.0,0.0,,0.0,1,0.41,0.02,SPY220401C00476000,476.0,normalDay
2022-03-29,15630.0,91.0,0.0,100,461.55,461.0,0,0.0,0.0,,0.0,1,0.41,0.05,SPY220401C00476000,476.0,normalDay
2022-03-30,15630.0,-191.0,0.0,100,458.7,461.0,0,0.0,0.0,,0.0,1,0.41,0.02,SPY220401C00476000,476.0,normalDay
2022-03-31,15630.0,-896.0,0.0,100,451.64,461.0,0,0.0,0.0,,0.0,1,0.41,0.01,SPY220401C00476000,476.0,normalDay
2022-04-01,15671.0,-808.0,41.0,100,452.92,461.0,0,0.0,0.0,,0.0,1,0.41,0.0,SPY220401C00476000,476.0,expirationDay
2022-04-04,15671.0,-423.0,0.0,100,456.8,461.0,0,0.0,0.0,,0.0,1,0.1,0.13,SPY220506C00491000,491.0,normalDay
2022-04-05,15671.0,-995.0,0.0,100,451.03,461.0,0,0.0,0.0,,0.0,1,0.1,0.08,SPY220506C00491000,491.0,normalDay
2022-04-06,15671.0,-1442.0,0.0,100,446.52,461.0,0,0.0,0.0,,0.0,1,0.1,0.04,SPY220506C00491000,491.0,normalDay
2022-04-07,15671.0,-1218.0,0.0,100,448.77,461.0,0,0.0,0.0,,0.0,1,0.1,0.05,SPY220506C00491000,491.0,normalDay
2022-04-08,15671.0,-1337.0,0.0,100,447.57,461.0,0,0.0,0.0,,0.0,1,0.1,0.04,SPY220506C00491000,491.0,normalDay
2022-04-11,15671.0,-2100.0,0.0,100,439.92,461.0,0,0.0,0.0,,0.0,1,0.1,0.02,SPY220506C00491000,491.0,normalDay
2022-04-12,15671.0,-2263.0,0.0,100,438.29,461.0,0,0.0,0.0,,0.0,1,0.1,0.02,SPY220506C00491000,491.0,normalDay
2022-04-13,15671.0,-1761.0,0.0,100,443.31,461.0,0,0.0,0.0,,0.0,1,0.1,0.02,SPY220506C00491000,491.0,normalDay
2022-04-14,15671.0,-2312.0,0.0,100,437.79,461.0,0,0.0,0.0,,0.0,1,0.1,0.01,SPY220506C00491000,491.0,normalDay
2022-04-18,15671.0,-2294.0,0.0,100,437.97,461.0,0,0.0,0.0,,0.0,1,0.1,0.01,SPY220506C00491000,491.0,normalDay
2022-04-19,15671.0,-1587.0,0.0,100,445.04,461.0,0,0.0,0.0,,0.0,1,0.1,0.01,SPY220506C00491000,491.0,normalDay
2022-04-20,15671.0,-1621.0,0.0,100,444.71,461.0,0,0.0,0.0,,0.0,1,0.1,0.02,SPY220506C00491000,491.0,normalDay
2022-04-21,15671.0,-2285.0,0.0,100,438.06,461.0,0,0.0,0.0,,0.0,1,0.1,0.01,SPY220506C00491000,491.0,normalDay
2022-04-22,15671.0,-3487.0,0.0,100,426.04,461.0,0,0.0,0.0,,0.0,1,0.1,0.01,SPY220506C00491000,491.0,normalDay
2022-04-25,15671.0,-3240.0,0.0,100,428.51,461.0,0,0.0,0.0,,0.0,1,0.1,0.01,SPY220506C00491000,491.0,normalDay
2022-04-26,15671.0,-4482.0,0.0,100,416.1,461.0,0,0.0,0.0,,0.0,1,0.1,0.02,SPY220506C00491000,491.0,normalDay
2022-04-27,15671.0,-4364.0,0.0,100,417.27,461.0,0,0.0,0.0,,0.0,1,0.1,0.01,SPY220506C00491000,491.0,normalDay
2022-04-28,15671.0,-3310.0,0.0,100,427.81,461.0,0,0.0,0.0,,0.0,1,0.1,0.01,SPY220506C00491000,491.0,normalDay
2022-04-29,15671.0,-4891.0,0.0,100,412.0,461.0,0,0.0,0.0,,0.0,1,0.1,0.01,SPY220506C00491000,491.0,normalDay
2022-05-02,15671.0,-4643.0,0.0,100,414.48,461.0,0,0.0,0.0,,0.0,1,0.1,0.01,SPY220506C00491000,491.0,normalDay
2022-05-03,15671.0,-4453.0,0.0,100,416.38,461.0,0,0.0,0.0,,0.0,1,0.1,0.01,SPY220506C00491000,491.0,normalDay
2022-05-04,15671.0,-3185.0,0.0,100,429.06,461.0,0,0.0,0.0,,0.0,1,0.1,0.01,SPY220506C00491000,491.0,normalDay
2022-05-05,15671.0,-4710.0,0.0,100,413.81,461.0,0,0.0,0.0,,0.0,1,0.1,0.01,SPY220506C00491000,491.0,normalDay
2022-05-06,15681.0,-4966.0,10.0,100,411.34,461.0,0,0.0,0.0,,0.0,1,0.1,0.0,SPY220506C00491000,491.0,expirationDay
2022-05-09,15681.0,-6286.0,0.0,100,398.17,461.0,0,0.0,0.0,,0.0,1,0.03,0.06,SPY220610C00475000,475.0,normalDay
2022-05-10,15681.0,-6192.0,0.0,100,399.09,461.0,0,0.0,0.0,,0.0,1,0.03,0.04,SPY220610C00475000,475.0,normalDay
2022-05-11,15681.0,-6826.0,0.0,100,392.75,461.0,0,0.0,0.0,,0.0,1,0.03,0.04,SPY220610C00475000,475.0,normalDay
2022-05-12,15681.0,-6867.0,0.0,100,392.34,461.0,0,0.0,0.0,,0.0,1,0.03,0.04,SPY220610C00475000,475.0,normalDay
2022-05-13,15681.0,-5928.0,0.0,100,401.72,461.0,0,0.0,0.0,,0.0,1,0.03,0.03,SPY220610C00475000,475.0,normalDay
2022-05-16,15681.0,-6090.0,0.0,100,400.09,461.0,0,0.0,0.0,,0.0,1,0.03,0.02,SPY220610C00475000,475.0,normalDay
2022-05-17,15681.0,-5267.0,0.0,100,408.32,461.0,0,0.0,0.0,,0.0,1,0.03,0.02,SPY220610C00475000,475.0,normalDay
2022-05-18,15681.0,-6913.0,0.0,100,391.86,461.0,0,0.0,0.0,,0.0,1,0.03,0.02,SPY220610C00475000,475.0,normalDay
2022-05-19,15681.0,-7153.0,0.0,100,389.46,461.0,0,0.0,0.0,,0.0,1,0.03,0.02,SPY220610C00475000,475.0,normalDay
2022-05-20,15681.0,-7136.0,0.0,100,389.63,461.0,0,0.0,0.0,,0.0,1,0.03,0.02,SPY220610C00475000,475.0,normalDay
2022-05-23,15681.0,-6407.0,0.0,100,396.92,461.0,0,0.0,0.0,,0.0,1,0.03,0.02,SPY220610C00475000,475.0,normalDay
2022-05-24,15681.0,-6710.0,0.0,100,393.89,461.0,0,0.0,0.0,,0.0,1,0.03,0.02,SPY220610C00475000,475.0,normalDay
2022-05-25,15681.0,-6362.0,0.0,100,397.37,461.0,0,0.0,0.0,,0.0,1,0.03,0.02,SPY220610C00475000,475.0,normalDay
2022-05-26,15681.0,-5568.0,0.0,100,405.31,461.0,0,0.0,0.0,,0.0,1,0.03,0.02,SPY220610C00475000,475.0,normalDay
2022-05-27,15681.0,-4574.0,0.0,100,415.26,461.0,0,0.0,0.0,,0.0,1,0.03,0.03,SPY220610C00475000,475.0,normalDay
2022-05-31,15681.0,-4806.0,0.0,100,412.93,461.0,0,0.0,0.0,,0.0,1,0.03,0.02,SPY220610C00475000,475.0,normalDay
2022-06-01,15681.0,-5139.0,0.0,100,409.59,461.0,0,0.0,0.0,,0.0,1,0.03,0.01,SPY220610C00475000,475.0,normalDay
2022-06-02,15681.0,-4359.0,0.0,100,417.39,461.0,0,0.0,0.0,,0.0,1,0.03,0.01,SPY220610C00475000,475.0,normalDay
2022-06-03,15681.0,-5044.0,0.0,100,410.54,461.0,0,0.0,0.0,,0.0,1,0.03,0.01,SPY220610C00475000,475.0,normalDay
2022-06-06,15681.0,-4919.0,0.0,100,411.79,461.0,0,0.0,0.0,,0.0,1,0.03,0.01,SPY220610C00475000,475.0,normalDay
2022-06-07,15681.0,-4524.0,0.0,100,415.74,461.0,0,0.0,0.0,,0.0,1,0.03,0.01,SPY220610C00475000,475.0,normalDay
2022-06-08,15681.0,-4976.0,0.0,100,411.22,461.0,0,0.0,0.0,,0.0,1,0.03,0.01,SPY220610C00475000,475.0,normalDay
2022-06-09,15681.0,-5954.0,0.0,100,401.44,461.0,0,0.0,0.0,,0.0,1,0.03,0.01,SPY220610C00475000,475.0,normalDay
2022-06-10,15684.0,-7120.0,3.0,100,389.8,461.0,0,0.0,0.0,,0.0,1,0.03,0.0,SPY220610C00475000,475.0,expirationDay
2022-06-13,15684.0,-8603.0,0.0,100,375.0,461.0,0,0.0,0.0,,0.0,1,0.11,0.14,SPY220715C00441000,441.0,normalDay
2022-06-14,15684.0,-8715.0,0.0,100,373.87,461.0,0,0.0,0.0,,0.0,1,0.11,0.13,SPY220715C00441000,441.0,normalDay
2022-06-15,15684.0,-8181.0,0.0,100,379.2,461.0,0,0.0,0.0,,0.0,1,0.11,0.12,SPY220715C00441000,441.0,normalDay
2022-06-16,15684.0,-9431.0,0.0,100,366.65,461.0,0,0.0,0.0,,0.0,1,0.11,0.07,SPY220715C00441000,441.0,normalDay
2022-06-17,15684.0,-9512.0,0.0,100,365.86,461.0,0,0.0,0.0,,0.0,1,0.11,0.09,SPY220715C00441000,441.0,normalDay
2022-06-21,15684.0,-8589.0,0.0,100,375.07,461.0,0,0.0,0.0,,0.0,1,0.11,0.07,SPY220715C00441000,441.0,normalDay
2022-06-22,15684.0,-8657.0,0.0,100,374.39,461.0,0,0.0,0.0,,0.0,1,0.11,0.07,SPY220715C00441000,441.0,normalDay
2022-06-23,15684.0,-8289.0,0.0,100,378.06,461.0,0,0.0,0.0,,0.0,1,0.11,0.06,SPY220715C00441000,441.0,normalDay
2022-06-24,15684.0,-7091.0,0.0,100,390.08,461.0,0,0.0,0.0,,0.0,1,0.11,0.1,SPY220715C00441000,441.0,normalDay
2022-06-27,15684.0,-7238.0,0.0,100,388.59,461.0,0,0.0,0.0,,0.0,1,0.11,0.08,SPY220715C00441000,441.0,normalDay
2022-06-28,15684.0,-8028.0,0.0,100,380.65,461.0,0,0.0,0.0,,0.0,1,0.11,0.04,SPY220715C00441000,441.0,normalDay
2022-06-29,15684.0,-8059.0,0.0,100,380.34,461.0,0,0.0,0.0,,0.0,1,0.11,0.04,SPY220715C00441000,441.0,normalDay
2022-06-30,15684.0,-8366.0,0.0,100,377.25,461.0,0,0.0,0.0,,0.0,1,0.11,0.02,SPY220715C00441000,441.0,normalDay
2022-07-01,15684.0,-7967.0,0.0,100,381.24,461.0,0,0.0,0.0,,0.0,1,0.11,0.02,SPY220715C00441000,441.0,normalDay
2022-07-05,15684.0,-7895.0,0.0,100,381.96,461.0,0,0.0,0.0,,0.0,1,0.11,0.02,SPY220715C00441000,441.0,normalDay
2022-07-06,15684.0,-7765.0,0.0,100,383.25,461.0,0,0.0,0.0,,0.0,1,0.11,0.01,SPY220715C00441000,441.0,normalDay
2022-07-07,15684.0,-7191.0,0.0,100,388.99,461.0,0,0.0,0.0,,0.0,1,0.11,0.01,SPY220715C00441000,441.0,normalDay
2022-07-08,15684.0,-7223.0,0.0,100,388.67,461.0,0,0.0,0.0,,0.0,1,0.11,0.01,SPY220715C00441000,441.0,normalDay
2022-07-11,15684.0,-7667.0,0.0,100,384.23,461.0,0,0.0,0.0,,0.0,1,0.11,0.01,SPY220715C00441000,441.0,normalDay
2022-07-12,15684.0,-8007.0,0.0,100,380.83,461.0,0,0.0,0.0,,0.0,1,0.11,0.01,SPY220715C00441000,441.0,normalDay
2022-07-13,15684.0,-8207.0,0.0,100,378.83,461.0,0,0.0,0.0,,0.0,1,0.11,0.01,SPY220715C00441000,441.0,normalDay
2022-07-14,15684.0,-8299.0,0.0,100,377.91,461.0,0,0.0,0.0,,0.0,1,0.11,0.01,SPY220715C00441000,441.0,normalDay
2022-07-15,15695.0,-7587.0,11.0,100,385.13,461.0,0,0.0,0.0,,0.0,1,0.11,0.0,SPY220715C00441000,441.0,expirationDay
2022-07-18,15695.0,-7908.0,0.0,100,381.95,461.0,0,0.0,0.0,,0.0,1,2.82,2.85,SPY220819C00401000,401.0,normalDay
2022-07-19,15695.0,-7229.0,0.0,100,392.27,461.0,0,0.0,0.0,,0.0,1,2.82,6.38,SPY220819C00401000,401.0,normalDay
2022-07-20,15695.0,-7063.0,0.0,100,394.77,461.0,0,0.0,0.0,,0.0,1,2.82,7.22,SPY220819C00401000,401.0,normalDay
2022-07-21,15695.0,-6765.0,0.0,100,398.79,461.0,0,0.0,0.0,,0.0,1,2.82,8.26,SPY220819C00401000,401.0,normalDay
2022-07-22,15695.0,-6926.0,0.0,100,395.09,461.0,0,0.0,0.0,,0.0,1,2.82,6.17,SPY220819C00401000,401.0,normalDay
2022-07-25,15695.0,-6894.0,0.0,100,395.57,461.0,0,0.0,0.0,,0.0,1,2.82,6.33,SPY220819C00401000,401.0,normalDay
2022-07-26,15695.0,-7206.0,0.0,100,390.89,461.0,0,0.0,0.0,,0.0,1,2.82,4.77,SPY220819C00401000,401.0,normalDay
2022-07-27,15695.0,-6521.0,0.0,100,401.04,461.0,0,0.0,0.0,,0.0,1,2.82,8.07,SPY220819C00401000,401.0,normalDay
2022-07-28,15695.0,-6397.0,0.0,100,406.07,461.0,0,0.0,0.0,,0.0,1,2.82,11.86,SPY220819C00401000,401.0,normalDay
2022-07-29,15695.0,-6111.0,0.0,100,411.99,461.0,0,0.0,0.0,,0.0,1,2.82,14.92,SPY220819C00401000,401.0,normalDay
2022-08-01,15695.0,-6156.0,0.0,100,410.77,461.0,0,0.0,0.0,,0.0,1,2.82,14.15,SPY220819C00401000,401.0,normalDay
2022-08-02,15695.0,-6227.0,0.0,100,408.06,461.0,0,0.0,0.0,,0.0,1,2.82,12.15,SPY220819C00401000,401.0,normalDay
2022-08-03,15695.0,-5986.0,0.0,100,414.45,461.0,0,0.0,0.0,,0.0,1,2.82,16.13,SPY220819C00401000,401.0,normalDay
2022-08-04,15695.0,-5991.0,0.0,100,414.17,461.0,0,0.0,0.0,,0.0,1,2.82,15.9,SPY220819C00401000,401.0,normalDay
2022-08-05,15695.0,-5931.0,0.0,100,413.47,461.0,0,0.0,0.0,,0.0,1,2.82,14.6,SPY220819C00401000,401.0,normalDay
2022-08-08,15695.0,-5945.0,0.0,100,412.99,461.0,0,0.0,0.0,,0.0,1,2.82,14.26,SPY220819C00401000,401.0,normalDay
2022-08-09,15695.0,-5980.0,0.0,100,411.35,461.0,0,0.0,0.0,,0.0,1,2.82,12.97,SPY220819C00401000,401.0,normalDay
2022-08-10,15695.0,-5772.0,0.0,100,419.99,461.0,0,0.0,0.0,,0.0,1,2.82,19.53,SPY220819C00401000,401.0,normalDay
2022-08-11,15695.0,-5829.0,0.0,100,419.99,461.0,0,0.0,0.0,,0.0,1,2.82,20.1,SPY220819C00401000,401.0,normalDay
2022-08-12,15695.0,-5722.0,0.0,100,427.1,461.0,0,0.0,0.0,,0.0,1,2.82,26.14,SPY220819C00401000,401.0,normalDay
2022-08-15,15695.0,-5725.0,0.0,100,428.86,461.0,0,0.0,0.0,,0.0,1,2.82,27.93,SPY220819C00401000,401.0,normalDay
2022-08-16,15695.0,-5712.0,0.0,100,429.7,461.0,0,0.0,0.0,,0.0,1,2.82,28.64,SPY220819C00401000,401.0,normalDay
2022-08-17,15695.0,-5757.0,0.0,100,426.65,461.0,0,0.0,0.0,,0.0,1,2.82,26.04,SPY220819C00401000,401.0,normalDay
2022-08-18,15695.0,-5718.0,0.0,100,427.89,461.0,0,0.0,0.0,,0.0,1,2.82,26.89,SPY220819C00401000,401.0,normalDay
2022-08-19,9977.0,-5718.0,-5718.0,0,422.14,0.0,0,0.0,0.0,,0.0,1,2.82,0.0,SPY220819C00401000,401.0,expirationDay
2022-08-22,9977.0,-4.0,0.0,0,413.35,0.0,1,2.56,2.6,SPY220902P00403000,403.0,0,0.0,0.0,,0.0,normalDay
2022-08-23,9977.0,-24.0,0.0,0,412.35,0.0,1,2.56,2.8,SPY220902P00403000,403.0,0,0.0,0.0,,0.0,normalDay
2022-08-24,9977.0,67.0,0.0,0,413.67,0.0,1,2.56,1.89,SPY220902P00403000,403.0,0,0.0,0.0,,0.0,normalDay
2022-08-25,9977.0,167.0,0.0,0,419.51,0.0,1,2.56,0.89,SPY220902P00403000,403.0,0,0.0,0.0,,0.0,normalDay
2022-08-26,9977.0,-169.0,0.0,0,405.31,0.0,1,2.56,4.25,SPY220902P00403000,403.0,0,0.0,0.0,,0.0,normalDay
2022-08-29,9977.0,-194.0,0.0,0,402.63,0.0,1,2.56,4.5,SPY220902P00403000,403.0,0,0.0,0.0,,0.0,normalDay
2022-08-30,9977.0,-398.0,0.0,0,398.21,0.0,1,2.56,6.54,SPY220902P00403000,403.0,0,0.0,0.0,,0.0,normalDay
2022-08-31,9977.0,-576.0,0.0,0,395.18,0.0,1,2.56,8.32,SPY220902P00403000,403.0,0,0.0,0.0,,0.0,normalDay
2022-09-01,9977.0,-453.0,0.0,0,396.42,0.0,1,2.56,7.09,SPY220902P00403000,403.0,0,0.0,0.0,,0.0,normalDay
2022-09-02,10233.0,-1076.0,256.0,100,392.24,403.0,1,2.56,0.0,SPY220902P00403000,403.0,0,0.0,0.0,,0.0,expirationDay
2022-09-06,10233.0,-1227.0,0.0,100,390.76,403.0,0,0.0,0.0,,0.0,1,0.01,0.04,SPY221007C00455000,455.0,normalDay
2022-09-07,10233.0,-528.0,0.0,100,397.78,403.0,0,0.0,0.0,,0.0,1,0.01,0.07,SPY221007C00455000,455.0,normalDay
2022-09-08,10233.0,-268.0,0.0,100,400.38,403.0,0,0.0,0.0,,0.0,1,0.01,0.07,SPY221007C00455000,455.0,normalDay
2022-09-09,10233.0,352.0,0.0,100,406.6,403.0,0,0.0,0.0,,0.0,1,0.01,0.09,SPY221007C00455000,455.0,normalDay
2022-09-12,10233.0,782.0,0.0,100,410.97,403.0,0,0.0,0.0,,0.0,1,0.01,0.16,SPY221007C00455000,455.0,normalDay
2022-09-13,10233.0,-992.0,0.0,100,393.1,403.0,0,0.0,0.0,,0.0,1,0.01,0.03,SPY221007C00455000,455.0,normalDay
2022-09-14,10233.0,-842.0,0.0,100,394.6,403.0,0,0.0,0.0,,0.0,1,0.01,0.03,SPY221007C00455000,455.0,normalDay
2022-09-15,10233.0,-1289.0,0.0,100,390.12,403.0,0,0.0,0.0,,0.0,1,0.01,0.02,SPY221007C00455000,455.0,normalDay
2022-09-16,10233.0,-1745.0,0.0,100,385.56,403.0,0,0.0,0.0,,0.0,1,0.01,0.02,SPY221007C00455000,455.0,normalDay
2022-09-19,10233.0,-1446.0,0.0,100,388.55,403.0,0,0.0,0.0,,0.0,1,0.01,0.02,SPY221007C00455000,455.0,normalDay
2022-09-20,10233.0,-1892.0,0.0,100,384.09,403.0,0,0.0,0.0,,0.0,1,0.01,0.02,SPY221007C00455000,455.0,normalDay
2022-09-21,10233.0,-2562.0,0.0,100,377.39,403.0,0,0.0,0.0,,0.0,1,0.01,0.02,SPY221007C00455000,455.0,normalDay
2022-09-22,10233.0,-2878.0,0.0,100,374.22,403.0,0,0.0,0.0,,0.0,1,0.01,0.01,SPY221007C00455000,455.0,normalDay
2022-09-23,10233.0,-3505.0,0.0,100,367.95,403.0,0,0.0,0.0,,0.0,1,0.01,0.01,SPY221007C00455000,455.0,normalDay
2022-09-26,10233.0,-3869.0,0.0,100,364.31,403.0,0,0.0,0.0,,0.0,1,0.01,0.01,SPY221007C00455000,455.0,normalDay
2022-09-27,10233.0,-3962.0,0.0,100,363.38,403.0,0,0.0,0.0,,0.0,1,0.01,0.01,SPY221007C00455000,455.0,normalDay
2022-09-28,10233.0,-3247.0,0.0,100,370.53,403.0,0,0.0,0.0,,0.0,1,0.01,0.01,SPY221007C00455000,455.0,normalDay
2022-09-29,10233.0,-4021.0,0.0,100,362.79,403.0,0,0.0,0.0,,0.0,1,0.01,0.01,SPY221007C00455000,455.0,normalDay
2022-09-30,10233.0,-4582.0,0.0,100,357.18,403.0,0,0.0,0.0,,0.0,1,0.01,0.01,SPY221007C00455000,455.0,normalDay
2022-10-03,10233.0,-3639.0,0.0,100,366.61,403.0,0,0.0,0.0,,0.0,1,0.01,0.01,SPY221007C00455000,455.0,normalDay
2022-10-04,10233.0,-2503.0,0.0,100,377.97,403.0,0,0.0,0.0,,0.0,1,0.01,0.01,SPY221007C00455000,455.0,normalDay
2022-10-05,10233.0,-2591.0,0.0,100,377.09,403.0,0,0.0,0.0,,0.0,1,0.01,0.01,SPY221007C00455000,455.0,normalDay
2022-10-06,10233.0,-2980.0,0.0,100,373.2,403.0,0,0.0,0.0,,0.0,1,0.01,0.01,SPY221007C00455000,455.0,normalDay
2022-10-07,10234.0,-4021.0,1.0,100,362.79,403.0,0,0.0,0.0,,0.0,1,0.01,0.0,SPY221007C00455000,455.0,expirationDay
2022-10-10,10234.0,-4301.0,0.0,100,360.02,403.0,0,0.0,0.0,,0.0,1,0.36,0.39,SPY221111C00414000,414.0,normalDay
2022-10-11,10234.0,-4527.0,0.0,100,357.74,403.0,0,0.0,0.0,,0.0,1,0.36,0.37,SPY221111C00414000,414.0,normalDay
2022-10-12,10234.0,-4640.0,0.0,100,356.56,403.0,0,0.0,0.0,,0.0,1,0.36,0.32,SPY221111C00414000,414.0,normalDay
2022-10-13,10234.0,-3733.0,0.0,100,365.97,403.0,0,0.0,0.0,,0.0,1,0.36,0.66,SPY221111C00414000,414.0,normalDay
2022-10-14,10234.0,-4529.0,0.0,100,357.63,403.0,0,0.0,0.0,,0.0,1,0.36,0.28,SPY221111C00414000,414.0,normalDay
2022-10-17,10234.0,-3631.0,0.0,100,366.82,403.0,0,0.0,0.0,,0.0,1,0.36,0.49,SPY221111C00414000,414.0,normalDay
2022-10-18,10234.0,-3218.0,0.0,100,371.13,403.0,0,0.0,0.0,,0.0,1,0.36,0.67,SPY221111C00414000,414.0,normalDay
2022-10-19,10234.0,-3460.0,0.0,100,368.5,403.0,0,0.0,0.0,,0.0,1,0.36,0.46,SPY221111C00414000,414.0,normalDay
2022-10-20,10234.0,-3751.0,0.0,100,365.41,403.0,0,0.0,0.0,,0.0,1,0.36,0.28,SPY221111C00414000,414.0,normalDay
2022-10-21,10234.0,-2904.0,0.0,100,374.29,403.0,0,0.0,0.0,,0.0,1,0.36,0.69,SPY221111C00414000,414.0,normalDay
2022-10-24,10234.0,-2470.0,0.0,100,378.87,403.0,0,0.0,0.0,,0.0,1,0.36,0.93,SPY221111C00414000,414.0,normalDay
2022-10-25,10234.0,-1880.0,0.0,100,384.92,403.0,0,0.0,0.0,,0.0,1,0.36,1.08,SPY221111C00414000,414.0,normalDay
2022-10-26,10234.0,-2139.0,0.0,100,382.02,403.0,0,0.0,0.0,,0.0,1,0.36,0.77,SPY221111C00414000,414.0,normalDay
2022-10-27,10234.0,-2299.0,0.0,100,379.98,403.0,0,0.0,0.0,,0.0,1,0.36,0.33,SPY221111C00414000,414.0,normalDay
2022-10-28,10234.0,-1467.0,0.0,100,389.02,403.0,0,0.0,0.0,,0.0,1,0.36,1.05,SPY221111C00414000,414.0,normalDay
2022-10-31,10234.0,-1699.0,0.0,100,386.21,403.0,0,0.0,0.0,,0.0,1,0.36,0.56,SPY221111C00414000,414.0,normalDay
2022-11-01,10234.0,-1852.0,0.0,100,384.52,403.0,0,0.0,0.0,,0.0,1,0.36,0.4,SPY221111C00414000,414.0,normalDay
2022-11-02,10234.0,-2786.0,0.0,100,374.87,403.0,0,0.0,0.0,,0.0,1,0.36,0.09,SPY221111C00414000,414.0,normalDay
2022-11-03,10234.0,-3167.0,0.0,100,371.01,403.0,0,0.0,0.0,,0.0,1,0.36,0.04,SPY221111C00414000,414.0,normalDay
2022-11-04,10234.0,-2632.0,0.0,100,376.35,403.0,0,0.0,0.0,,0.0,1,0.36,0.03,SPY221111C00414000,414.0,normalDay
2022-11-07,10234.0,-2272.0,0.0,100,379.95,403.0,0,0.0,0.0,,0.0,1,0.36,0.03,SPY221111C00414000,414.0,normalDay
2022-11-08,10234.0,-2066.0,0.0,100,382.0,403.0,0,0.0,0.0,,0.0,1,0.36,0.02,SPY221111C00414000,414.0,normalDay
2022-11-09,10234.0,-2852.0,0.0,100,374.13,403.0,0,0.0,0.0,,0.0,1,0.36,0.01,SPY221111C00414000,414.0,normalDay
2022-11-10,10234.0,-796.0,0.0,100,394.69,403.0,0,0.0,0.0,,0.0,1,0.36,0.01,SPY221111C00414000,414.0,normalDay
2022-11-11,10270.0,-449.0,36.0,100,398.51,403.0,0,0.0,0.0,,0.0,1,0.36,0.0,SPY221111C00414000,414.0,expirationDay
2022-11-14,10270.0,-792.0,0.0,100,395.12,403.0,0,0.0,0.0,,0.0,1,4.35,4.39,SPY221216C00411000,411.0,normalDay
2022-11-15,10270.0,-543.0,0.0,100,398.49,403.0,0,0.0,0.0,,0.0,1,4.35,5.27,SPY221216C00411000,411.0,normalDay
2022-11-16,10270.0,-722.0,0.0,100,395.45,403.0,0,0.0,0.0,,0.0,1,4.35,4.02,SPY221216C00411000,411.0,normalDay
2022-11-17,10270.0,-786.0,0.0,100,394.24,403.0,0,0.0,0.0,,0.0,1,4.35,3.45,SPY221216C00411000,411.0,normalDay
2022-11-18,10270.0,-604.0,0.0,100,396.03,403.0,0,0.0,0.0,,0.0,1,4.35,3.42,SPY221216C00411000,411.0,normalDay
2022-11-21,10270.0,-665.0,0.0,100,394.59,403.0,0,0.0,0.0,,0.0,1,4.35,2.59,SPY221216C00411000,411.0,normalDay
2022-11-22,10270.0,-235.0,0.0,100,399.9,403.0,0,0.0,0.0,,0.0,1,4.35,3.6,SPY221216C00411000,411.0,normalDay
2022-11-23,10270.0,-22.0,0.0,100,402.42,403.0,0,0.0,0.0,,0.0,1,4.35,3.99,SPY221216C00411000,411.0,normalDay
2022-11-25,10270.0,3.0,0.0,100,402.33,403.0,0,0.0,0.0,,0.0,1,4.35,3.65,SPY221216C00411000,411.0,normalDay
2022-11-28,10270.0,-474.0,0.0,100,395.91,403.0,0,0.0,0.0,,0.0,1,4.35,2.0,SPY221216C00411000,411.0,normalDay
2022-11-29,10270.0,-517.0,0.0,100,395.23,403.0,0,0.0,0.0,,0.0,1,4.35,1.75,SPY221216C00411000,411.0,normalDay
2022-11-30,10270.0,322.0,0.0,100,407.68,403.0,0,0.0,0.0,,0.0,1,4.35,5.81,SPY221216C00411000,411.0,normalDay
2022-12-01,10270.0,357.0,0.0,100,407.38,403.0,0,0.0,0.0,,0.0,1,4.35,5.16,SPY221216C00411000,411.0,normalDay
2022-12-02,10270.0,390.0,0.0,100,406.91,403.0,0,0.0,0.0,,0.0,1,4.35,4.36,SPY221216C00411000,411.0,normalDay
2022-12-05,10270.0,-104.0,0.0,100,399.59,403.0,0,0.0,0.0,,0.0,1,4.35,1.98,SPY221216C00411000,411.0,normalDay
2022-12-06,10270.0,-589.0,0.0,100,393.83,403.0,0,0.0,0.0,,0.0,1,4.35,1.07,SPY221216C00411000,411.0,normalDay
2022-12-07,10270.0,-635.0,0.0,100,393.16,403.0,0,0.0,0.0,,0.0,1,4.35,0.86,SPY221216C00411000,411.0,normalDay
2022-12-08,10270.0,-356.0,0.0,100,396.24,403.0,0,0.0,0.0,,0.0,1,4.35,1.15,SPY221216C00411000,411.0,normalDay
2022-12-09,10270.0,-599.0,0.0,100,393.28,403.0,0,0.0,0.0,,0.0,1,4.35,0.62,SPY221216C00411000,411.0,normalDay
2022-12-12,10270.0,-155.0,0.0,100,398.95,403.0,0,0.0,0.0,,0.0,1,4.35,1.85,SPY221216C00411000,411.0,normalDay
2022-12-13,10270.0,198.0,0.0,100,401.97,403.0,0,0.0,0.0,,0.0,1,4.35,1.34,SPY221216C00411000,411.0,normalDay
2022-12-14,10270.0,62.0,0.0,100,399.4,403.0,0,0.0,0.0,,0.0,1,4.35,0.13,SPY221216C00411000,411.0,normalDay
2022-12-15,10270.0,-904.0,0.0,100,389.63,403.0,0,0.0,0.0,,0.0,1,4.35,0.02,SPY221216C00411000,411.0,normalDay
2022-12-16,10705.0,-1973.0,435.0,100,383.27,403.0,0,0.0,0.0,,0.0,1,4.35,0.0,SPY221216C00411000,411.0,expirationDay
2022-12-19,10705.0,-2301.0,0.0,100,380.02,403.0,0,0.0,0.0,,0.0,1,0.23,0.26,SPY230120C00422000,422.0,normalDay
2022-12-20,10705.0,-2247.0,0.0,100,380.54,403.0,0,0.0,0.0,,0.0,1,0.23,0.24,SPY230120C00422000,422.0,normalDay
2022-12-21,10705.0,-1687.0,0.0,100,386.23,403.0,0,0.0,0.0,,0.0,1,0.23,0.33,SPY230120C00422000,422.0,normalDay
2022-12-22,10705.0,-2227.0,0.0,100,380.72,403.0,0,0.0,0.0,,0.0,1,0.23,0.22,SPY230120C00422000,422.0,normalDay
2022-12-23,10705.0,-2004.0,0.0,100,382.91,403.0,0,0.0,0.0,,0.0,1,0.23,0.18,SPY230120C00422000,422.0,normalDay
2022-12-27,10705.0,-2152.0,0.0,100,381.4,403.0,0,0.0,0.0,,0.0,1,0.23,0.15,SPY230120C00422000,422.0,normalDay
2022-12-28,10705.0,-2620.0,0.0,100,376.66,403.0,0,0.0,0.0,,0.0,1,0.23,0.09,SPY230120C00422000,422.0,normalDay
2022-12-29,10705.0,-1947.0,0.0,100,383.44,403.0,0,0.0,0.0,,0.0,1,0.23,0.14,SPY230120C00422000,422.0,normalDay
2022-12-30,10705.0,-2043.0,0.0,100,382.43,403.0,0,0.0,0.0,,0.0,1,0.23,0.09,SPY230120C00422000,422.0,normalDay
2023-01-03,10705.0,-2201.0,0.0,100,380.82,403.0,0,0.0,0.0,,0.0,1,0.23,0.06,SPY230120C00422000,422.0,normalDay
2023-01-04,10705.0,-1908.0,0.0,100,383.76,403.0,0,0.0,0.0,,0.0,1,0.23,0.07,SPY230120C00422000,422.0,normalDay
2023-01-05,10705.0,-2343.0,0.0,100,379.38,403.0,0,0.0,0.0,,0.0,1,0.23,0.04,SPY230120C00422000,422.0,normalDay
2023-01-06,10705.0,-1475.0,0.0,100,388.08,403.0,0,0.0,0.0,,0.0,1,0.23,0.06,SPY230120C00422000,422.0,normalDay
2023-01-09,10705.0,-1497.0,0.0,100,387.86,403.0,0,0.0,0.0,,0.0,1,0.23,0.06,SPY230120C00422000,422.0,normalDay
2023-01-10,10705.0,-1224.0,0.0,100,390.58,403.0,0,0.0,0.0,,0.0,1,0.23,0.05,SPY230120C00422000,422.0,normalDay
2023-01-11,10705.0,-737.0,0.0,100,395.52,403.0,0,0.0,0.0,,0.0,1,0.23,0.12,SPY230120C00422000,422.0,normalDay
2023-01-12,10705.0,-585.0,0.0,100,396.96,403.0,0,0.0,0.0,,0.0,1,0.23,0.04,SPY230120C00422000,422.0,normalDay
2023-01-13,10705.0,-429.0,0.0,100,398.5,403.0,0,0.0,0.0,,0.0,1,0.23,0.02,SPY230120C00422000,422.0,normalDay
2023-01-17,10705.0,-502.0,0.0,100,397.77,403.0,0,0.0,0.0,,0.0,1,0.23,0.02,SPY230120C00422000,422.0,normalDay
2023-01-18,10705.0,-1129.0,0.0,100,391.49,403.0,0,0.0,0.0,,0.0,1,0.23,0.01,SPY230120C00422000,422.0,normalDay
2023-01-19,10705.0,-1414.0,0.0,100,388.64,403.0,0,0.0,0.0,,0.0,1,0.23,0.01,SPY230120C00422000,422.0,normalDay
2023-01-20,10728.0,-712.0,23.0,100,395.88,403.0,0,0.0,0.0,,0.0,1,0.23,0.0,SPY230120C00422000,422.0,expirationDay
2023-01-23,10728.0,-242.0,0.0,100,400.63,403.0,0,0.0,0.0,,0.0,1,3.12,3.17,SPY230224C00414000,414.0,normalDay
2023-01-24,10728.0,-285.0,0.0,100,400.2,403.0,0,0.0,0.0,,0.0,1,3.12,3.17,SPY230224C00414000,414.0,normalDay
2023-01-25,10728.0,-230.0,0.0,100,400.35,403.0,0,0.0,0.0,,0.0,1,3.12,2.77,SPY230224C00414000,414.0,normalDay
2023-01-26,10728.0,94.0,0.0,100,404.75,403.0,0,0.0,0.0,,0.0,1,3.12,3.93,SPY230224C00414000,414.0,normalDay
2023-01-27,10728.0,166.0,0.0,100,405.68,403.0,0,0.0,0.0,,0.0,1,3.12,4.14,SPY230224C00414000,414.0,normalDay
2023-01-30,10728.0,-210.0,0.0,100,400.59,403.0,0,0.0,0.0,,0.0,1,3.12,2.81,SPY230224C00414000,414.0,normalDay
2023-01-31,10728.0,237.0,0.0,100,406.48,403.0,0,0.0,0.0,,0.0,1,3.12,4.23,SPY230224C00414000,414.0,normalDay
2023-02-01,10728.0,488.0,0.0,100,410.8,403.0,0,0.0,0.0,,0.0,1,3.12,6.04,SPY230224C00414000,414.0,normalDay
2023-02-02,10728.0,869.0,0.0,100,416.78,403.0,0,0.0,0.0,,0.0,1,3.12,8.21,SPY230224C00414000,414.0,normalDay
2023-02-03,10728.0,632.0,0.0,100,412.35,403.0,0,0.0,0.0,,0.0,1,3.12,6.15,SPY230224C00414000,414.0,normalDay
2023-02-06,10728.0,508.0,0.0,100,409.83,403.0,0,0.0,0.0,,0.0,1,3.12,4.87,SPY230224C00414000,414.0,normalDay
2023-02-07,10728.0,851.0,0.0,100,415.19,403.0,0,0.0,0.0,,0.0,1,3.12,6.8,SPY230224C00414000,414.0,normalDay
2023-02-08,10728.0,577.0,0.0,100,410.65,403.0,0,0.0,0.0,,0.0,1,3.12,5.0,SPY230224C00414000,414.0,normalDay
2023-02-09,10728.0,352.0,0.0,100,407.09,403.0,0,0.0,0.0,,0.0,1,3.12,3.69,SPY230224C00414000,414.0,normalDay
2023-02-10,10728.0,465.0,0.0,100,408.04,403.0,0,0.0,0.0,,0.0,1,3.12,3.51,SPY230224C00414000,414.0,normalDay
2023-02-13,10728.0,757.0,0.0,100,412.83,403.0,0,0.0,0.0,,0.0,1,3.12,5.38,SPY230224C00414000,414.0,normalDay
2023-02-14,10728.0,898.0,0.0,100,412.64,403.0,0,0.0,0.0,,0.0,1,3.12,3.78,SPY230224C00414000,414.0,normalDay
2023-02-15,10728.0,989.0,0.0,100,413.98,403.0,0,0.0,0.0,,0.0,1,3.12,4.21,SPY230224C00414000,414.0,normalDay
2023-02-16,10728.0,666.0,0.0,100,408.28,403.0,0,0.0,0.0,,0.0,1,3.12,1.74,SPY230224C00414000,414.0,normalDay
2023-02-17,10728.0,642.0,0.0,100,407.26,403.0,0,0.0,0.0,,0.0,1,3.12,0.96,SPY230224C00414000,414.0,normalDay
2023-02-21,10728.0,-88.0,0.0,100,399.09,403.0,0,0.0,0.0,,0.0,1,3.12,0.09,SPY230224C00414000,414.0,normalDay
2023-02-22,10728.0,-137.0,0.0,100,398.54,403.0,0,0.0,0.0,,0.0,1,3.12,0.03,SPY230224C00414000,414.0,normalDay
2023-02-23,10728.0,76.0,0.0,100,400.66,403.0,0,0.0,0.0,,0.0,1,3.12,0.02,SPY230224C00414000,414.0,normalDay
2023-02-24,11040.0,-662.0,312.0,100,396.38,403.0,0,0.0,0.0,,0.0,1,3.12,0.0,SPY230224C00414000,414.0,expirationDay
2023-02-27,11040.0,-530.0,0.0,100,397.73,403.0,0,0.0,0.0,,0.0,1,0.34,0.37,SPY230331C00429000,429.0,normalDay
2023-02-28,11040.0,-665.0,0.0,100,396.26,403.0,0,0.0,0.0,,0.0,1,0.34,0.25,SPY230331C00429000,429.0,normalDay
2023-03-01,11040.0,-812.0,0.0,100,394.74,403.0,0,0.0,0.0,,0.0,1,0.34,0.2,SPY230331C00429000,429.0,normalDay
2023-03-02,11040.0,-510.0,0.0,100,397.81,403.0,0,0.0,0.0,,0.0,1,0.34,0.25,SPY230331C00429000,429.0,normalDay
2023-03-03,11040.0,99.0,0.0,100,404.19,403.0,0,0.0,0.0,,0.0,1,0.34,0.54,SPY230331C00429000,429.0,normalDay
2023-03-06,11040.0,131.0,0.0,100,404.47,403.0,0,0.0,0.0,,0.0,1,0.34,0.5,SPY230331C00429000,429.0,normalDay
2023-03-07,11040.0,-462.0,0.0,100,398.27,403.0,0,0.0,0.0,,0.0,1,0.34,0.23,SPY230331C00429000,429.0,normalDay
2023-03-08,11040.0,-394.0,0.0,100,398.92,403.0,0,0.0,0.0,,0.0,1,0.34,0.2,SPY230331C00429000,429.0,normalDay
2023-03-09,11040.0,-1122.0,0.0,100,391.56,403.0,0,0.0,0.0,,0.0,1,0.34,0.12,SPY230331C00429000,429.0,normalDay
2023-03-10,11040.0,-1680.0,0.0,100,385.91,403.0,0,0.0,0.0,,0.0,1,0.34,0.05,SPY230331C00429000,429.0,normalDay
2023-03-13,11040.0,-1737.0,0.0,100,385.36,403.0,0,0.0,0.0,,0.0,1,0.34,0.07,SPY230331C00429000,429.0,normalDay
2023-03-14,11040.0,-1097.0,0.0,100,391.73,403.0,0,0.0,0.0,,0.0,1,0.34,0.04,SPY230331C00429000,429.0,normalDay
2023-03-15,11040.0,-1342.0,0.0,100,389.28,403.0,0,0.0,0.0,,0.0,1,0.34,0.04,SPY230331C00429000,429.0,normalDay
2023-03-16,11040.0,-662.0,0.0,100,396.11,403.0,0,0.0,0.0,,0.0,1,0.34,0.07,SPY230331C00429000,429.0,normalDay
2023-03-17,11040.0,-1271.0,0.0,100,389.99,403.0,0,0.0,0.0,,0.0,1,0.34,0.04,SPY230331C00429000,429.0,normalDay
2023-03-20,11040.0,-895.0,0.0,100,393.74,403.0,0,0.0,0.0,,0.0,1,0.34,0.03,SPY230331C00429000,429.0,normalDay
2023-03-21,11040.0,-381.0,0.0,100,398.91,403.0,0,0.0,0.0,,0.0,1,0.34,0.06,SPY230331C00429000,429.0,normalDay
2023-03-22,11040.0,-1057.0,0.0,100,392.11,403.0,0,0.0,0.0,,0.0,1,0.34,0.02,SPY230331C00429000,429.0,normalDay
2023-03-23,11040.0,-951.0,0.0,100,393.17,403.0,0,0.0,0.0,,0.0,1,0.34,0.02,SPY230331C00429000,429.0,normalDay
2023-03-24,11040.0,-692.0,0.0,100,395.75,403.0,0,0.0,0.0,,0.0,1,0.34,0.01,SPY230331C00429000,429.0,normalDay
2023-03-27,11040.0,-618.0,0.0,100,396.49,403.0,0,0.0,0.0,,0.0,1,0.34,0.01,SPY230331C00429000,429.0,normalDay
2023-03-28,11040.0,-707.0,0.0,100,395.6,403.0,0,0.0,0.0,,0.0,1,0.34,0.01,SPY230331C00429000,429.0,normalDay
2023-03-29,11040.0,-132.0,0.0,100,401.35,403.0,0,0.0,0.0,,0.0,1,0.34,0.01,SPY230331C00429000,429.0,normalDay
2023-03-30,11040.0,103.0,0.0,100,403.7,403.0,0,0.0,0.0,,0.0,1,0.34,0.01,SPY230331C00429000,429.0,normalDay
2023-03-31,11074.0,639.0,34.0,100,409.39,403.0,0,0.0,0.0,,0.0,1,0.34,0.0,SPY230331C00429000,429.0,expirationDay
2023-04-03,11074.0,790.0,0.0,100,410.95,403.0,0,0.0,0.0,,0.0,1,4.93,4.98,SPY230505C00419000,419.0,normalDay
2023-04-04,11074.0,662.0,0.0,100,408.67,403.0,0,0.0,0.0,,0.0,1,4.93,3.98,SPY230505C00419000,419.0,normalDay
2023-04-05,11074.0,615.0,0.0,100,407.6,403.0,0,0.0,0.0,,0.0,1,4.93,3.38,SPY230505C00419000,419.0,normalDay
2023-04-06,11074.0,754.0,0.0,100,409.19,403.0,0,0.0,0.0,,0.0,1,4.93,3.58,SPY230505C00419000,419.0,normalDay
2023-04-10,11074.0,801.0,0.0,100,409.61,403.0,0,0.0,0.0,,0.0,1,4.93,3.53,SPY230505C00419000,419.0,normalDay
2023-04-11,11074.0,823.0,0.0,100,409.72,403.0,0,0.0,0.0,,0.0,1,4.93,3.42,SPY230505C00419000,419.0,normalDay
2023-04-12,11074.0,756.0,0.0,100,408.05,403.0,0,0.0,0.0,,0.0,1,4.93,2.42,SPY230505C00419000,419.0,normalDay
2023-04-13,11074.0,1137.0,0.0,100,413.47,403.0,0,0.0,0.0,,0.0,1,4.93,4.03,SPY230505C00419000,419.0,normalDay
2023-04-14,11074.0,1114.0,0.0,100,412.46,403.0,0,0.0,0.0,,0.0,1,4.93,3.25,SPY230505C00419000,419.0,normalDay
2023-04-17,11074.0,1237.0,0.0,100,413.94,403.0,0,0.0,0.0,,0.0,1,4.93,3.5,SPY230505C00419000,419.0,normalDay
2023-04-18,11074.0,1284.0,0.0,100,414.21,403.0,0,0.0,0.0,,0.0,1,4.93,3.3,SPY230505C00419000,419.0,normalDay
2023-04-19,11074.0,1301.0,0.0,100,414.14,403.0,0,0.0,0.0,,0.0,1,4.93,3.06,SPY230505C00419000,419.0,normalDay
2023-04-20,11074.0,1157.0,0.0,100,411.88,403.0,0,0.0,0.0,,0.0,1,4.93,2.24,SPY230505C00419000,419.0,normalDay
2023-04-21,11074.0,1220.0,0.0,100,412.2,403.0,0,0.0,0.0,,0.0,1,4.93,1.93,SPY230505C00419000,419.0,normalDay
2023-04-24,11074.0,1276.0,0.0,100,412.63,403.0,0,0.0,0.0,,0.0,1,4.93,1.8,SPY230505C00419000,419.0,normalDay
2023-04-25,11074.0,727.0,0.0,100,406.08,403.0,0,0.0,0.0,,0.0,1,4.93,0.74,SPY230505C00419000,419.0,normalDay
2023-04-26,11074.0,600.0,0.0,100,404.36,403.0,0,0.0,0.0,,0.0,1,4.93,0.29,SPY230505C00419000,419.0,normalDay
2023-04-27,11074.0,1289.0,0.0,100,412.41,403.0,0,0.0,0.0,,0.0,1,4.93,1.45,SPY230505C00419000,419.0,normalDay
2023-04-28,11074.0,1580.0,0.0,100,415.93,403.0,0,0.0,0.0,,0.0,1,4.93,2.06,SPY230505C00419000,419.0,normalDay
2023-05-01,11074.0,1597.0,0.0,100,415.51,403.0,0,0.0,0.0,,0.0,1,4.93,1.47,SPY230505C00419000,419.0,normalDay
2023-05-02,11074.0,1232.0,0.0,100,410.84,403.0,0,0.0,0.0,,0.0,1,4.93,0.45,SPY230505C00419000,419.0,normalDay
2023-05-03,11074.0,986.0,0.0,100,408.02,403.0,0,0.0,0.0,,0.0,1,4.93,0.09,SPY230505C00419000,419.0,normalDay
2023-05-04,11074.0,704.0,0.0,100,405.13,403.0,0,0.0,0.0,,0.0,1,4.93,0.02,SPY230505C00419000,419.0,normalDay
2023-05-05,11567.0,963.0,493.0,100,412.63,403.0,0,0.0,0.0,,0.0,1,4.93,0.0,SPY230505C00419000,419.0,expirationDay
2023-05-08,11567.0,970.0,0.0,100,412.74,403.0,0,0.0,0.0,,0.0,1,2.68,2.72,SPY230609C00423000,423.0,normalDay
2023-05-09,11567.0,829.0,0.0,100,410.93,403.0,0,0.0,0.0,,0.0,1,2.68,2.32,SPY230609C00423000,423.0,normalDay
2023-05-10,11567.0,1000.0,0.0,100,412.85,403.0,0,0.0,0.0,,0.0,1,2.68,2.53,SPY230609C00423000,423.0,normalDay
2023-05-11,11567.0,983.0,0.0,100,412.13,403.0,0,0.0,0.0,,0.0,1,2.68,1.98,SPY230609C00423000,423.0,normalDay
2023-05-12,11567.0,972.0,0.0,100,411.59,403.0,0,0.0,0.0,,0.0,1,2.68,1.55,SPY230609C00423000,423.0,normalDay
2023-05-15,11567.0,1100.0,0.0,100,413.01,403.0,0,0.0,0.0,,0.0,1,2.68,1.69,SPY230609C00423000,423.0,normalDay
2023-05-16,11567.0,877.0,0.0,100,410.25,403.0,0,0.0,0.0,,0.0,1,2.68,1.16,SPY230609C00423000,423.0,normalDay
2023-05-17,11567.0,1267.0,0.0,100,415.23,403.0,0,0.0,0.0,,0.0,1,2.68,2.24,SPY230609C00423000,423.0,normalDay
2023-05-18,11567.0,1522.0,0.0,100,419.23,403.0,0,0.0,0.0,,0.0,1,2.68,3.69,SPY230609C00423000,423.0,normalDay
2023-05-19,11567.0,1486.0,0.0,100,418.62,403.0,0,0.0,0.0,,0.0,1,2.68,3.44,SPY230609C00423000,423.0,normalDay
2023-05-22,11567.0,1507.0,0.0,100,418.79,403.0,0,0.0,0.0,,0.0,1,2.68,3.4,SPY230609C00423000,423.0,normalDay
2023-05-23,11567.0,1201.0,0.0,100,414.09,403.0,0,0.0,0.0,,0.0,1,2.68,1.76,SPY230609C00423000,423.0,normalDay
2023-05-24,11567.0,958.0,0.0,100,411.09,403.0,0,0.0,0.0,,0.0,1,2.68,1.19,SPY230609C00423000,423.0,normalDay
2023-05-25,11567.0,1261.0,0.0,100,414.65,403.0,0,0.0,0.0,,0.0,1,2.68,1.72,SPY230609C00423000,423.0,normalDay
2023-05-26,11567.0,1629.0,0.0,100,420.02,403.0,0,0.0,0.0,,0.0,1,2.68,3.41,SPY230609C00423000,423.0,normalDay
2023-05-30,11567.0,1702.0,0.0,100,420.18,403.0,0,0.0,0.0,,0.0,1,2.68,2.84,SPY230609C00423000,423.0,normalDay
2023-05-31,11567.0,1609.0,0.0,100,417.85,403.0,0,0.0,0.0,,0.0,1,2.68,1.44,SPY230609C00423000,423.0,normalDay
2023-06-01,11567.0,1898.0,0.0,100,421.82,403.0,0,0.0,0.0,,0.0,1,2.68,2.52,SPY230609C00423000,423.0,normalDay
2023-06-02,11567.0,2142.0,0.0,100,427.92,403.0,0,0.0,0.0,,0.0,1,2.68,6.18,SPY230609C00423000,423.0,normalDay
2023-06-05,11567.0,2160.0,0.0,100,427.1,403.0,0,0.0,0.0,,0.0,1,2.68,5.18,SPY230609C00423000,423.0,normalDay
2023-06-06,11567.0,2176.0,0.0,100,428.03,403.0,0,0.0,0.0,,0.0,1,2.68,5.95,SPY230609C00423000,423.0,normalDay
2023-06-07,11567.0,2197.0,0.0,100,426.55,403.0,0,0.0,0.0,,0.0,1,2.68,4.26,SPY230609C00423000,423.0,normalDay
2023-06-08,11567.0,2264.0,0.0,100,429.13,403.0,0,0.0,0.0,,0.0,1,2.68,6.17,SPY230609C00423000,423.0,normalDay
2023-06-09,13835.0,2264.0,2268.0,0,429.9,0.0,0,0.0,0.0,,0.0,1,2.68,0.0,SPY230609C00423000,423.0,expirationDay
2023-06-12,13835.0,-3.0,0.0,0,433.8,0.0,1,0.35,0.38,SPY230623P00412000,412.0,0,0.0,0.0,,0.0,normalDay
2023-06-13,13835.0,10.0,0.0,0,436.66,0.0,1,0.35,0.25,SPY230623P00412000,412.0,0,0.0,0.0,,0.0,normalDay
2023-06-14,13835.0,21.0,0.0,0,437.18,0.0,1,0.35,0.14,SPY230623P00412000,412.0,0,0.0,0.0,,0.0,normalDay
2023-06-15,13835.0,22.0,0.0,0,442.6,0.0,1,0.35,0.13,SPY230623P00412000,412.0,0,0.0,0.0,,0.0,normalDay
2023-06-16,13835.0,30.0,0.0,0,439.46,0.0,1,0.35,0.05,SPY230623P00412000,412.0,0,0.0,0.0,,0.0,normalDay
2023-06-20,13835.0,32.0,0.0,0,437.18,0.0,1,0.35,0.03,SPY230623P00412000,412.0,0,0.0,0.0,,0.0,normalDay
2023-06-21,13835.0,33.0,0.0,0,434.94,0.0,1,0.35,0.02,SPY230623P00412000,412.0,0,0.0,0.0,,0.0,normalDay
2023-06-22,13835.0,33.0,0.0,0,436.51,0.0,1,0.35,0.02,SPY230623P00412000,412.0,0,0.0,0.0,,0.0,normalDay
2023-06-23,13870.0,0.0,35.0,0,433.21,0.0,1,0.35,0.0,SPY230623P00412000,412.0,0,0.0,0.0,,0.0,expirationDay
2023-06-26,13870.0,-3.0,0.0,0,431.44,0.0,1,0.71,0.74,SPY230707P00422000,422.0,0,0.0,0.0,,0.0,normalDay
2023-06-27,13870.0,38.0,0.0,0,436.17,0.0,1,0.71,0.33,SPY230707P00422000,422.0,0,0.0,0.0,,0.0,normalDay
2023-06-28,13870.0,49.0,0.0,0,436.39,0.0,1,0.71,0.22,SPY230707P00422000,422.0,0,0.0,0.0,,0.0,normalDay
2023-06-29,13870.0,55.0,0.0,0,438.11,0.0,1,0.71,0.16,SPY230707P00422000,422.0,0,0.0,0.0,,0.0,normalDay
2023-06-30,13870.0,63.0,0.0,0,443.28,0.0,1,0.71,0.08,SPY230707P00422000,422.0,0,0.0,0.0,,0.0,normalDay
2023-07-03,13870.0,65.0,0.0,0,443.79,0.0,1,0.71,0.06,SPY230707P00422000,422.0,0,0.0,0.0,,0.0,normalDay
2023-07-05,13870.0,67.0,0.0,0,443.13,0.0,1,0.71,0.04,SPY230707P00422000,422.0,0,0.0,0.0,,0.0,normalDay
2023-07-06,13870.0,68.0,0.0,0,439.66,0.0,1,0.71,0.03,SPY230707P00422000,422.0,0,0.0,0.0,,0.0,normalDay
2023-07-07,13941.0,0.0,71.0,0,438.55,0.0,1,0.71,0.0,SPY230707P00422000,422.0,0,0.0,0.0,,0.0,expirationDay
2023-07-10,13941.0,-3.0,0.0,0,439.66,0.0,1,1.31,1.34,SPY230721P00433000,433.0,0,0.0,0.0,,0.0,normalDay
2023-07-11,13941.0,40.0,0.0,0,442.46,0.0,1,1.31,0.91,SPY230721P00433000,433.0,0,0.0,0.0,,0.0,normalDay
2023-07-12,13941.0,102.0,0.0,0,446.02,0.0,1,1.31,0.29,SPY230721P00433000,433.0,0,0.0,0.0,,0.0,normalDay
2023-07-13,13941.0,110.0,0.0,0,449.56,0.0,1,1.31,0.21,SPY230721P00433000,433.0,0,0.0,0.0,,0.0,normalDay
2023-07-14,13941.0,118.0,0.0,0,449.28,0.0,1,1.31,0.13,SPY230721P00433000,433.0,0,0.0,0.0,,0.0,normalDay
2023-07-17,13941.0,124.0,0.0,0,450.84,0.0,1,1.31,0.07,SPY230721P00433000,433.0,0,0.0,0.0,,0.0,normalDay
2023-07-18,13941.0,125.0,0.0,0,454.19,0.0,1,1.31,0.06,SPY230721P00433000,433.0,0,0.0,0.0,,0.0,normalDay
2023-07-19,13941.0,127.0,0.0,0,455.2,0.0,1,1.31,0.04,SPY230721P00433000,433.0,0,0.0,0.0,,0.0,normalDay
2023-07-20,13941.0,127.0,0.0,0,452.18,0.0,1,1.31,0.04,SPY230721P00433000,433.0,0,0.0,0.0,,0.0,normalDay
2023-07-21,14072.0,0.0,131.0,0,452.18,0.0,1,1.31,0.0,SPY230721P00433000,433.0,0,0.0,0.0,,0.0,expirationDay
2023-07-24,14072.0,-3.0,0.0,0,454.2,0.0,1,0.33,0.36,SPY230804P00436000,436.0,0,0.0,0.0,,0.0,normalDay
2023-07-25,14072.0,4.0,0.0,0,455.44,0.0,1,0.33,0.29,SPY230804P00436000,436.0,0,0.0,0.0,,0.0,normalDay
2023-07-26,14072.0,16.0,0.0,0,455.51,0.0,1,0.33,0.17,SPY230804P00436000,436.0,0,0.0,0.0,,0.0,normalDay
2023-07-27,14072.0,3.0,0.0,0,452.49,0.0,1,0.33,0.3,SPY230804P00436000,436.0,0,0.0,0.0,,0.0,normalDay
2023-07-28,14072.0,26.0,0.0,0,456.92,0.0,1,0.33,0.07,SPY230804P00436000,436.0,0,0.0,0.0,,0.0,normalDay
2023-07-31,14072.0,27.0,0.0,0,457.79,0.0,1,0.33,0.06,SPY230804P00436000,436.0,0,0.0,0.0,,0.0,normalDay
2023-08-01,14072.0,28.0,0.0,0,456.48,0.0,1,0.33,0.05,SPY230804P00436000,436.0,0,0.0,0.0,,0.0,normalDay
2023-08-02,14072.0,23.0,0.0,0,450.13,0.0,1,0.33,0.1,SPY230804P00436000,436.0,0,0.0,0.0,,0.0,normalDay
2023-08-03,14072.0,30.0,0.0,0,448.84,0.0,1,0.33,0.03,SPY230804P00436000,436.0,0,0.0,0.0,,0.0,normalDay
2023-08-04,14105.0,0.0,33.0,0,446.81,0.0,1,0.33,0.0,SPY230804P00436000,436.0,0,0.0,0.0,,0.0,expirationDay
2023-08-07,14105.0,-3.0,0.0,0,450.71,0.0,1,2.3,2.33,SPY230818P00447000,447.0,0,0.0,0.0,,0.0,normalDay
2023-08-08,14105.0,-64.0,0.0,0,448.75,0.0,1,2.3,2.94,SPY230818P00447000,447.0,0,0.0,0.0,,0.0,normalDay
2023-08-09,14105.0,-174.0,0.0,0,445.75,0.0,1,2.3,4.04,SPY230818P00447000,447.0,0,0.0,0.0,,0.0,normalDay
2023-08-10,14105.0,-170.0,0.0,0,445.91,0.0,1,2.3,4.0,SPY230818P00447000,447.0,0,0.0,0.0,,0.0,normalDay
2023-08-11,14105.0,-115.0,0.0,0,445.65,0.0,1,2.3,3.45,SPY230818P00447000,447.0,0,0.0,0.0,,0.0,normalDay
2023-08-14,14105.0,42.0,0.0,0,448.11,0.0,1,2.3,1.88,SPY230818P00447000,447.0,0,0.0,0.0,,0.0,normalDay
2023-08-15,14105.0,-257.0,0.0,0,442.89,0.0,1,2.3,4.87,SPY230818P00447000,447.0,0,0.0,0.0,,0.0,normalDay
2023-08-16,14105.0,-497.0,0.0,0,439.64,0.0,1,2.3,7.27,SPY230818P00447000,447.0,0,0.0,0.0,,0.0,normalDay
2023-08-17,14105.0,-857.0,0.0,0,436.29,0.0,1,2.3,10.87,SPY230818P00447000,447.0,0,0.0,0.0,,0.0,normalDay
2023-08-18,14335.0,-1050.0,230.0,100,436.5,447.0,1,2.3,0.0,SPY230818P00447000,447.0,0,0.0,0.0,,0.0,expirationDay
2023-08-21,14335.0,-770.0,0.0,100,439.34,447.0,0,0.0,0.0,,0.0,1,0.09,0.13,SPY230922C00471000,471.0,normalDay
2023-08-22,14335.0,-887.0,0.0,100,438.15,447.0,0,0.0,0.0,,0.0,1,0.09,0.11,SPY230922C00471000,471.0,normalDay
2023-08-23,14335.0,-405.0,0.0,100,443.03,447.0,0,0.0,0.0,,0.0,1,0.09,0.17,SPY230922C00471000,471.0,normalDay
2023-08-24,14335.0,-1010.0,0.0,100,436.89,447.0,0,0.0,0.0,,0.0,1,0.09,0.08,SPY230922C00471000,471.0,normalDay
2023-08-25,14335.0,-702.0,0.0,100,439.97,447.0,0,0.0,0.0,,0.0,1,0.09,0.08,SPY230922C00471000,471.0,normalDay
2023-08-28,14335.0,-424.0,0.0,100,442.76,447.0,0,0.0,0.0,,0.0,1,0.09,0.09,SPY230922C00471000,471.0,normalDay
2023-08-29,14335.0,201.0,0.0,100,449.16,447.0,0,0.0,0.0,,0.0,1,0.09,0.24,SPY230922C00471000,471.0,normalDay
2023-08-30,14335.0,385.0,0.0,100,451.01,447.0,0,0.0,0.0,,0.0,1,0.09,0.25,SPY230922C00471000,471.0,normalDay
2023-08-31,14335.0,325.0,0.0,100,450.35,447.0,0,0.0,0.0,,0.0,1,0.09,0.19,SPY230922C00471000,471.0,normalDay
2023-09-01,14335.0,416.0,0.0,100,451.19,447.0,0,0.0,0.0,,0.0,1,0.09,0.12,SPY230922C00471000,471.0,normalDay
2023-09-05,14335.0,226.0,0.0,100,449.24,447.0,0,0.0,0.0,,0.0,1,0.09,0.07,SPY230922C00471000,471.0,normalDay
2023-09-06,14335.0,-72.0,0.0,100,446.22,447.0,0,0.0,0.0,,0.0,1,0.09,0.03,SPY230922C00471000,471.0,normalDay
2023-09-07,14335.0,-209.0,0.0,100,444.85,447.0,0,0.0,0.0,,0.0,1,0.09,0.03,SPY230922C00471000,471.0,normalDay
2023-09-08,14335.0,-141.0,0.0,100,445.52,447.0,0,0.0,0.0,,0.0,1,0.09,0.02,SPY230922C00471000,471.0,normalDay
2023-09-11,14335.0,151.0,0.0,100,448.45,447.0,0,0.0,0.0,,0.0,1,0.09,0.03,SPY230922C00471000,471.0,normalDay
2023-09-12,14335.0,-94.0,0.0,100,445.99,447.0,0,0.0,0.0,,0.0,1,0.09,0.02,SPY230922C00471000,471.0,normalDay
2023-09-13,14335.0,-41.0,0.0,100,446.51,447.0,0,0.0,0.0,,0.0,1,0.09,0.01,SPY230922C00471000,471.0,normalDay
2023-09-14,14335.0,343.0,0.0,100,450.36,447.0,0,0.0,0.0,,0.0,1,0.09,0.02,SPY230922C00471000,471.0,normalDay
2023-09-15,14335.0,-355.0,0.0,100,443.37,447.0,0,0.0,0.0,,0.0,1,0.09,0.01,SPY230922C00471000,471.0,normalDay
2023-09-18,14335.0,-329.0,0.0,100,443.63,447.0,0,0.0,0.0,,0.0,1,0.09,0.01,SPY230922C00471000,471.0,normalDay
2023-09-19,14335.0,-421.0,0.0,100,442.71,447.0,0,0.0,0.0,,0.0,1,0.09,0.01,SPY230922C00471000,471.0,normalDay
2023-09-20,14335.0,-828.0,0.0,100,438.64,447.0,0,0.0,0.0,,0.0,1,0.09,0.01,SPY230922C00471000,471.0,normalDay
2023-09-21,14335.0,-1553.0,0.0,100,431.39,447.0,0,0.0,0.0,,0.0,1,0.09,0.01,SPY230922C00471000,471.0,normalDay
2023-09-22,14344.0,-1658.0,9.0,100,430.42,447.0,0,0.0,0.0,,0.0,1,0.09,0.0,SPY230922C00471000,471.0,expirationDay
2023-09-25,14344.0,-1480.0,0.0,100,432.23,447.0,0,0.0,0.0,,0.0,1,0.08,0.11,SPY231027C00466000,466.0,normalDay
2023-09-26,14344.0,-2111.0,0.0,100,425.88,447.0,0,0.0,0.0,,0.0,1,0.08,0.07,SPY231027C00466000,466.0,normalDay
2023-09-27,14344.0,-2094.0,0.0,100,426.05,447.0,0,0.0,0.0,,0.0,1,0.08,0.07,SPY231027C00466000,466.0,normalDay
2023-09-28,14344.0,-1847.0,0.0,100,428.52,447.0,0,0.0,0.0,,0.0,1,0.08,0.07,SPY231027C00466000,466.0,normalDay
2023-09-29,14344.0,-1948.0,0.0,100,427.48,447.0,0,0.0,0.0,,0.0,1,0.08,0.04,SPY231027C00466000,466.0,normalDay
2023-10-02,14344.0,-1965.0,0.0,100,427.31,447.0,0,0.0,0.0,,0.0,1,0.08,0.04,SPY231027C00466000,466.0,normalDay
2023-10-03,14344.0,-2536.0,0.0,100,421.59,447.0,0,0.0,0.0,,0.0,1,0.08,0.03,SPY231027C00466000,466.0,normalDay
2023-10-04,14344.0,-2229.0,0.0,100,424.66,447.0,0,0.0,0.0,,0.0,1,0.08,0.03,SPY231027C00466000,466.0,normalDay
2023-10-05,14344.0,-2245.0,0.0,100,424.5,447.0,0,0.0,0.0,,0.0,1,0.08,0.03,SPY231027C00466000,466.0,normalDay
2023-10-06,14344.0,-1741.0,0.0,100,429.54,447.0,0,0.0,0.0,,0.0,1,0.08,0.03,SPY231027C00466000,466.0,normalDay
2023-10-09,14344.0,-1467.0,0.0,100,432.29,447.0,0,0.0,0.0,,0.0,1,0.08,0.04,SPY231027C00466000,466.0,normalDay
2023-10-10,14344.0,-1242.0,0.0,100,434.54,447.0,0,0.0,0.0,,0.0,1,0.08,0.04,SPY231027C00466000,466.0,normalDay
2023-10-11,14344.0,-1063.0,0.0,100,436.32,447.0,0,0.0,0.0,,0.0,1,0.08,0.03,SPY231027C00466000,466.0,normalDay
2023-10-12,14344.0,-1328.0,0.0,100,433.66,447.0,0,0.0,0.0,,0.0,1,0.08,0.02,SPY231027C00466000,466.0,normalDay
2023-10-13,14344.0,-1544.0,0.0,100,431.5,447.0,0,0.0,0.0,,0.0,1,0.08,0.02,SPY231027C00466000,466.0,normalDay
2023-10-16,14344.0,-1091.0,0.0,100,436.04,447.0,0,0.0,0.0,,0.0,1,0.08,0.03,SPY231027C00466000,466.0,normalDay
2023-10-17,14344.0,-1092.0,0.0,100,436.02,447.0,0,0.0,0.0,,0.0,1,0.08,0.02,SPY231027C00466000,466.0,normalDay
2023-10-18,14344.0,-1673.0,0.0,100,430.21,447.0,0,0.0,0.0,,0.0,1,0.08,0.02,SPY231027C00466000,466.0,normalDay
2023-10-19,14344.0,-2051.0,0.0,100,426.43,447.0,0,0.0,0.0,,0.0,1,0.08,0.02,SPY231027C00466000,466.0,normalDay
2023-10-20,14344.0,-2574.0,0.0,100,421.19,447.0,0,0.0,0.0,,0.0,1,0.08,0.01,SPY231027C00466000,466.0,normalDay
2023-10-23,14344.0,-2647.0,0.0,100,420.46,447.0,0,0.0,0.0,,0.0,1,0.08,0.01,SPY231027C00466000,466.0,normalDay
2023-10-24,14344.0,-2330.0,0.0,100,423.63,447.0,0,0.0,0.0,,0.0,1,0.08,0.01,SPY231027C00466000,466.0,normalDay
2023-10-25,14344.0,-2938.0,0.0,100,417.55,447.0,0,0.0,0.0,,0.0,1,0.08,0.01,SPY231027C00466000,466.0,normalDay
2023-10-26,14344.0,-3438.0,0.0,100,412.55,447.0,0,0.0,0.0,,0.0,1,0.08,0.01,SPY231027C00466000,466.0,normalDay
2023-10-27,14352.0,-3632.0,8.0,100,410.68,447.0,0,0.0,0.0,,0.0,1,0.08,0.0,SPY231027C00466000,466.0,expirationDay
2023-10-30,14352.0,-3144.0,0.0,100,415.59,447.0,0,0.0,0.0,,0.0,1,0.12,0.15,SPY231201C00454000,454.0,normalDay
2023-10-31,14352.0,-2881.0,0.0,100,418.2,447.0,0,0.0,0.0,,0.0,1,0.12,0.13,SPY231201C00454000,454.0,normalDay
2023-11-01,14352.0,-2442.0,0.0,100,422.66,447.0,0,0.0,0.0,,0.0,1,0.12,0.2,SPY231201C00454000,454.0,normalDay
2023-11-02,14352.0,-1655.0,0.0,100,430.76,447.0,0,0.0,0.0,,0.0,1,0.12,0.43,SPY231201C00454000,454.0,normalDay
2023-11-03,14352.0,-1285.0,0.0,100,434.69,447.0,0,0.0,0.0,,0.0,1,0.12,0.66,SPY231201C00454000,454.0,normalDay
2023-11-06,14352.0,-1172.0,0.0,100,435.69,447.0,0,0.0,0.0,,0.0,1,0.12,0.53,SPY231201C00454000,454.0,normalDay
2023-11-07,14352.0,-1057.0,0.0,100,436.93,447.0,0,0.0,0.0,,0.0,1,0.12,0.62,SPY231201C00454000,454.0,normalDay
2023-11-08,14352.0,-1017.0,0.0,100,437.25,447.0,0,0.0,0.0,,0.0,1,0.12,0.54,SPY231201C00454000,454.0,normalDay
2023-11-09,14352.0,-1333.0,0.0,100,433.84,447.0,0,0.0,0.0,,0.0,1,0.12,0.29,SPY231201C00454000,454.0,normalDay
2023-11-10,14352.0,-707.0,0.0,100,440.61,447.0,0,0.0,0.0,,0.0,1,0.12,0.8,SPY231201C00454000,454.0,normalDay
2023-11-13,14352.0,-737.0,0.0,100,440.19,447.0,0,0.0,0.0,,0.0,1,0.12,0.68,SPY231201C00454000,454.0,normalDay
2023-11-14,14352.0,-78.0,0.0,100,448.73,447.0,0,0.0,0.0,,0.0,1,0.12,2.63,SPY231201C00454000,454.0,normalDay
2023-11-15,14352.0,37.0,0.0,100,449.68,447.0,0,0.0,0.0,,0.0,1,0.12,2.43,SPY231201C00454000,454.0,normalDay
2023-11-16,14352.0,87.0,0.0,100,450.23,447.0,0,0.0,0.0,,0.0,1,0.12,2.48,SPY231201C00454000,454.0,normalDay
2023-11-17,14352.0,157.0,0.0,100,450.79,447.0,0,0.0,0.0,,0.0,1,0.12,2.34,SPY231201C00454000,454.0,normalDay
2023-11-20,14352.0,379.0,0.0,100,454.26,447.0,0,0.0,0.0,,0.0,1,0.12,3.59,SPY231201C00454000,454.0,normalDay
2023-11-21,14352.0,362.0,0.0,100,453.27,447.0,0,0.0,0.0,,0.0,1,0.12,2.77,SPY231201C00454000,454.0,normalDay
2023-11-22,14352.0,476.0,0.0,100,455.02,447.0,0,0.0,0.0,,0.0,1,0.12,3.38,SPY231201C00454000,454.0,normalDay
2023-11-24,14352.0,530.0,0.0,100,455.3,447.0,0,0.0,0.0,,0.0,1,0.12,3.12,SPY231201C00454000,454.0,normalDay
2023-11-27,14352.0,514.0,0.0,100,454.48,447.0,0,0.0,0.0,,0.0,1,0.12,2.46,SPY231201C00454000,454.0,normalDay
2023-11-28,14352.0,553.0,0.0,100,454.93,447.0,0,0.0,0.0,,0.0,1,0.12,2.52,SPY231201C00454000,454.0,normalDay
2023-11-29,14352.0,524.0,0.0,100,454.61,447.0,0,0.0,0.0,,0.0,1,0.12,2.49,SPY231201C00454000,454.0,normalDay
2023-11-30,14352.0,673.0,0.0,100,456.4,447.0,0,0.0,0.0,,0.0,1,0.12,2.79,SPY231201C00454000,454.0,normalDay
