date,totalCapital,unrializedPnL,rializedPnL,stocksOwned,stocksPriceToday,stocksPriceBoughtAt,putOwned,putOwnedSoldAt,putPriceToday,putOwnedContract,putOwnedStrike,callOwned,callOwnedSoldAt,callPriceToday,callOwnedContract,callOwnedStrike,trackType
2018-11-01,0.0,-8.0,0.0,0,273.51,0.0,1,2.08,2.16,SPY181112P00269500,269.5,0,0.0,0.0,,0.0,normalDay
2018-11-02,0.0,-26.0,0.0,0,271.89,0.0,1,2.08,2.34,SPY181112P00269500,269.5,0,0.0,0.0,,0.0,normalDay
2018-11-05,0.0,52.0,0.0,0,273.39,0.0,1,2.08,1.56,SPY181112P00269500,269.5,0,0.0,0.0,,0.0,normalDay
2018-11-06,0.0,96.0,0.0,0,275.12,0.0,1,2.08,1.12,SPY181112P00269500,269.5,0,0.0,0.0,,0.0,normalDay
2018-11-07,0.0,198.0,0.0,0,281.01,0.0,1,2.08,0.1,SPY181112P00269500,269.5,0,0.0,0.0,,0.0,normalDay
2018-11-08,0.0,201.0,0.0,0,280.5,0.0,1,2.08,0.07,SPY181112P00269500,269.5,0,0.0,0.0,,0.0,normalDay
2018-11-09,0.0,204.0,0.0,0,277.76,0.0,1,2.08,0.04,SPY181112P00269500,269.5,0,0.0,0.0,,0.0,normalDay
2018-11-12,208.0,0.0,208.0,0,272.57,0.0,1,2.08,0.0,SPY181112P00269500,269.5,0,0.0,0.0,,0.0,expirationDay
2018-11-13,208.0,-4.0,0.0,0,272.06,0.0,1,2.05,2.09,SPY181123P00269000,269.0,0,0.0,0.0,,0.0,normalDay
2018-11-14,208.0,-90.0,0.0,0,270.2,0.0,1,2.05,2.95,SPY181123P00269000,269.0,0,0.0,0.0,,0.0,normalDay
2018-11-15,208.0,64.0,0.0,0,273.02,0.0,1,2.05,1.41,SPY181123P00269000,269.0,0,0.0,0.0,,0.0,normalDay
2018-11-16,208.0,127.0,0.0,0,273.73,0.0,1,2.05,0.78,SPY181123P00269000,269.0,0,0.0,0.0,,0.0,normalDay
2018-11-19,208.0,9.0,0.0,0,269.1,0.0,1,2.05,1.96,SPY181123P00269000,269.0,0,0.0,0.0,,0.0,normalDay
2018-11-20,208.0,-351.0,0.0,0,264.12,0.0,1,2.05,5.56,SPY181123P00269000,269.0,0,0.0,0.0,,0.0,normalDay
2018-11-21,208.0,-233.0,0.0,0,265.02,0.0,1,2.05,4.38,SPY181123P00269000,269.0,0,0.0,0.0,,0.0,normalDay
2018-11-23,413.0,-575.0,205.0,100,263.25,269.0,1,2.05,0.0,SPY181123P00269000,269.0,0,0.0,0.0,,0.0,expirationDay
2018-11-26,413.0,-157.0,0.0,100,267.5,269.0,0,0.0,0.0,,0.0,1,1.24,1.31,SPY190329C00293000,293.0,normalDay
2018-11-27,413.0,-75.0,0.0,100,268.4,269.0,0,0.0,0.0,,0.0,1,1.24,1.39,SPY190329C00293000,293.0,normalDay
2018-11-28,413.0,429.0,0.0,100,274.58,269.0,0,0.0,0.0,,0.0,1,1.24,2.53,SPY190329C00293000,293.0,normalDay
2018-11-29,413.0,373.0,0.0,100,273.98,269.0,0,0.0,0.0,,0.0,1,1.24,2.49,SPY190329C00293000,293.0,normalDay
2018-11-30,413.0,509.0,0.0,100,275.65,269.0,0,0.0,0.0,,0.0,1,1.24,2.8,SPY190329C00293000,293.0,normalDay
2018-12-03,413.0,842.0,0.0,100,279.3,269.0,0,0.0,0.0,,0.0,1,1.24,3.12,SPY190329C00293000,293.0,normalDay
2018-12-04,413.0,91.0,0.0,100,270.25,269.0,0,0.0,0.0,,0.0,1,1.24,1.58,SPY190329C00293000,293.0,normalDay
2018-12-06,413.0,54.0,0.0,100,269.84,269.0,0,0.0,0.0,,0.0,1,1.24,1.54,SPY190329C00293000,293.0,normalDay
2018-12-07,413.0,-517.0,0.0,100,263.57,269.0,0,0.0,0.0,,0.0,1,1.24,0.98,SPY190329C00293000,293.0,normalDay
2018-12-10,413.0,-467.0,0.0,100,264.07,269.0,0,0.0,0.0,,0.0,1,1.24,0.98,SPY190329C00293000,293.0,normalDay
2018-12-11,413.0,-456.0,0.0,100,264.13,269.0,0,0.0,0.0,,0.0,1,1.24,0.93,SPY190329C00293000,293.0,normalDay
2018-12-12,413.0,-334.0,0.0,100,265.46,269.0,0,0.0,0.0,,0.0,1,1.24,1.04,SPY190329C00293000,293.0,normalDay
2018-12-13,413.0,-343.0,0.0,100,265.37,269.0,0,0.0,0.0,,0.0,1,1.24,1.04,SPY190329C00293000,293.0,normalDay
2018-12-14,413.0,-802.0,0.0,100,260.47,269.0,0,0.0,0.0,,0.0,1,1.24,0.73,SPY190329C00293000,293.0,normalDay
2018-12-17,413.0,-1290.0,0.0,100,255.36,269.0,0,0.0,0.0,,0.0,1,1.24,0.5,SPY190329C00293000,293.0,normalDay
2018-12-18,413.0,-1317.0,0.0,100,255.08,269.0,0,0.0,0.0,,0.0,1,1.24,0.49,SPY190329C00293000,293.0,normalDay
2018-12-19,413.0,-1683.0,0.0,100,251.26,269.0,0,0.0,0.0,,0.0,1,1.24,0.33,SPY190329C00293000,293.0,normalDay
2018-12-20,413.0,-2090.0,0.0,100,247.17,269.0,0,0.0,0.0,,0.0,1,1.24,0.31,SPY190329C00293000,293.0,normalDay
2018-12-21,413.0,-2727.0,0.0,100,240.7,269.0,0,0.0,0.0,,0.0,1,1.24,0.21,SPY190329C00293000,293.0,normalDay
2018-12-24,413.0,-3357.0,0.0,100,234.34,269.0,0,0.0,0.0,,0.0,1,1.24,0.15,SPY190329C00293000,293.0,normalDay
2018-12-26,413.0,-2184.0,0.0,100,246.18,269.0,0,0.0,0.0,,0.0,1,1.24,0.26,SPY190329C00293000,293.0,normalDay
2018-12-27,413.0,-2004.0,0.0,100,248.07,269.0,0,0.0,0.0,,0.0,1,1.24,0.35,SPY190329C00293000,293.0,normalDay
2018-12-28,413.0,-2033.0,0.0,100,247.75,269.0,0,0.0,0.0,,0.0,1,1.24,0.32,SPY190329C00293000,293.0,normalDay
2018-12-31,413.0,-1810.0,0.0,100,249.92,269.0,0,0.0,0.0,,0.0,1,1.24,0.26,SPY190329C00293000,293.0,normalDay
2019-01-02,413.0,-1778.0,0.0,100,250.18,269.0,0,0.0,0.0,,0.0,1,1.24,0.2,SPY190329C00293000,293.0,normalDay
2019-01-03,413.0,-2365.0,0.0,100,244.21,269.0,0,0.0,0.0,,0.0,1,1.24,0.1,SPY190329C00293000,293.0,normalDay
2019-01-04,413.0,-1554.0,0.0,100,252.39,269.0,0,0.0,0.0,,0.0,1,1.24,0.17,SPY190329C00293000,293.0,normalDay
2019-01-07,413.0,-1356.0,0.0,100,254.38,269.0,0,0.0,0.0,,0.0,1,1.24,0.18,SPY190329C00293000,293.0,normalDay
2019-01-08,413.0,-1118.0,0.0,100,256.77,269.0,0,0.0,0.0,,0.0,1,1.24,0.19,SPY190329C00293000,293.0,normalDay
2019-01-09,413.0,-995.0,0.0,100,257.97,269.0,0,0.0,0.0,,0.0,1,1.24,0.16,SPY190329C00293000,293.0,normalDay
2019-01-10,413.0,-906.0,0.0,100,258.88,269.0,0,0.0,0.0,,0.0,1,1.24,0.18,SPY190329C00293000,293.0,normalDay
2019-01-11,413.0,-890.0,0.0,100,258.98,269.0,0,0.0,0.0,,0.0,1,1.24,0.12,SPY190329C00293000,293.0,normalDay
2019-01-14,413.0,-1046.0,0.0,100,257.4,269.0,0,0.0,0.0,,0.0,1,1.24,0.1,SPY190329C00293000,293.0,normalDay
2019-01-15,413.0,-753.0,0.0,100,260.35,269.0,0,0.0,0.0,,0.0,1,1.24,0.12,SPY190329C00293000,293.0,normalDay
2019-01-16,413.0,-692.0,0.0,100,260.98,269.0,0,0.0,0.0,,0.0,1,1.24,0.14,SPY190329C00293000,293.0,normalDay
2019-01-17,413.0,-496.0,0.0,100,262.96,269.0,0,0.0,0.0,,0.0,1,1.24,0.16,SPY190329C00293000,293.0,normalDay
2019-01-18,413.0,-157.0,0.0,100,266.46,269.0,0,0.0,0.0,,0.0,1,1.24,0.27,SPY190329C00293000,293.0,normalDay
2019-01-22,413.0,-509.0,0.0,100,262.86,269.0,0,0.0,0.0,,0.0,1,1.24,0.19,SPY190329C00293000,293.0,normalDay
2019-01-23,413.0,-452.0,0.0,100,263.41,269.0,0,0.0,0.0,,0.0,1,1.24,0.17,SPY190329C00293000,293.0,normalDay
2019-01-24,413.0,-436.0,0.0,100,263.55,269.0,0,0.0,0.0,,0.0,1,1.24,0.15,SPY190329C00293000,293.0,normalDay
2019-01-25,413.0,-216.0,0.0,100,265.78,269.0,0,0.0,0.0,,0.0,1,1.24,0.18,SPY190329C00293000,293.0,normalDay
2019-01-28,413.0,-413.0,0.0,100,263.76,269.0,0,0.0,0.0,,0.0,1,1.24,0.13,SPY190329C00293000,293.0,normalDay
2019-01-29,413.0,-448.0,0.0,100,263.41,269.0,0,0.0,0.0,,0.0,1,1.24,0.13,SPY190329C00293000,293.0,normalDay
2019-01-30,413.0,-37.0,0.0,100,267.58,269.0,0,0.0,0.0,,0.0,1,1.24,0.19,SPY190329C00293000,293.0,normalDay
2019-01-31,413.0,193.0,0.0,100,269.93,269.0,0,0.0,0.0,,0.0,1,1.24,0.24,SPY190329C00293000,293.0,normalDay
2019-02-01,413.0,210.0,0.0,100,270.06,269.0,0,0.0,0.0,,0.0,1,1.24,0.2,SPY190329C00293000,293.0,normalDay
2019-02-04,413.0,398.0,0.0,100,271.96,269.0,0,0.0,0.0,,0.0,1,1.24,0.22,SPY190329C00293000,293.0,normalDay
2019-02-05,413.0,510.0,0.0,100,273.1,269.0,0,0.0,0.0,,0.0,1,1.24,0.24,SPY190329C00293000,293.0,normalDay
2019-02-06,413.0,479.0,0.0,100,272.74,269.0,0,0.0,0.0,,0.0,1,1.24,0.19,SPY190329C00293000,293.0,normalDay
2019-02-07,413.0,227.0,0.0,100,270.14,269.0,0,0.0,0.0,,0.0,1,1.24,0.11,SPY190329C00293000,293.0,normalDay
2019-02-08,413.0,261.0,0.0,100,270.47,269.0,0,0.0,0.0,,0.0,1,1.24,0.1,SPY190329C00293000,293.0,normalDay
2019-02-11,413.0,276.0,0.0,100,270.62,269.0,0,0.0,0.0,,0.0,1,1.24,0.1,SPY190329C00293000,293.0,normalDay
2019-02-12,413.0,614.0,0.0,100,274.1,269.0,0,0.0,0.0,,0.0,1,1.24,0.2,SPY190329C00293000,293.0,normalDay
2019-02-13,413.0,702.0,0.0,100,274.99,269.0,0,0.0,0.0,,0.0,1,1.24,0.21,SPY190329C00293000,293.0,normalDay
2019-02-14,413.0,644.0,0.0,100,274.38,269.0,0,0.0,0.0,,0.0,1,1.24,0.18,SPY190329C00293000,293.0,normalDay
2019-02-15,413.0,938.0,0.0,100,277.37,269.0,0,0.0,0.0,,0.0,1,1.24,0.23,SPY190329C00293000,293.0,normalDay
2019-02-19,413.0,991.0,0.0,100,277.85,269.0,0,0.0,0.0,,0.0,1,1.24,0.18,SPY190329C00293000,293.0,normalDay
2019-02-20,413.0,1048.0,0.0,100,278.41,269.0,0,0.0,0.0,,0.0,1,1.24,0.17,SPY190329C00293000,293.0,normalDay
2019-02-21,413.0,955.0,0.0,100,277.42,269.0,0,0.0,0.0,,0.0,1,1.24,0.11,SPY190329C00293000,293.0,normalDay
2019-02-22,413.0,1123.0,0.0,100,279.14,269.0,0,0.0,0.0,,0.0,1,1.24,0.15,SPY190329C00293000,293.0,normalDay
2019-02-25,413.0,1159.0,0.0,100,279.52,269.0,0,0.0,0.0,,0.0,1,1.24,0.17,SPY190329C00293000,293.0,normalDay
2019-02-26,413.0,1142.0,0.0,100,279.32,269.0,0,0.0,0.0,,0.0,1,1.24,0.14,SPY190329C00293000,293.0,normalDay
2019-02-27,413.0,1133.0,0.0,100,279.2,269.0,0,0.0,0.0,,0.0,1,1.24,0.11,SPY190329C00293000,293.0,normalDay
2019-02-28,413.0,1084.0,0.0,100,278.68,269.0,0,0.0,0.0,,0.0,1,1.24,0.08,SPY190329C00293000,293.0,normalDay
2019-03-01,413.0,1258.0,0.0,100,280.42,269.0,0,0.0,0.0,,0.0,1,1.24,0.08,SPY190329C00293000,293.0,normalDay
2019-03-04,413.0,1158.0,0.0,100,279.4,269.0,0,0.0,0.0,,0.0,1,1.24,0.06,SPY190329C00293000,293.0,normalDay
2019-03-05,413.0,1120.0,0.0,100,279.02,269.0,0,0.0,0.0,,0.0,1,1.24,0.06,SPY190329C00293000,293.0,normalDay
2019-03-06,413.0,953.0,0.0,100,277.33,269.0,0,0.0,0.0,,0.0,1,1.24,0.04,SPY190329C00293000,293.0,normalDay
2019-03-07,413.0,722.0,0.0,100,275.01,269.0,0,0.0,0.0,,0.0,1,1.24,0.03,SPY190329C00293000,293.0,normalDay
2019-03-08,413.0,668.0,0.0,100,274.46,269.0,0,0.0,0.0,,0.0,1,1.24,0.02,SPY190329C00293000,293.0,normalDay
2019-03-11,413.0,1065.0,0.0,100,278.44,269.0,0,0.0,0.0,,0.0,1,1.24,0.03,SPY190329C00293000,293.0,normalDay
2019-03-12,413.0,1170.0,0.0,100,279.49,269.0,0,0.0,0.0,,0.0,1,1.24,0.03,SPY190329C00293000,293.0,normalDay
2019-03-13,413.0,1352.0,0.0,100,281.34,269.0,0,0.0,0.0,,0.0,1,1.24,0.06,SPY190329C00293000,293.0,normalDay
2019-03-14,413.0,1336.0,0.0,100,281.16,269.0,0,0.0,0.0,,0.0,1,1.24,0.04,SPY190329C00293000,293.0,normalDay
2019-03-15,413.0,1351.0,0.0,100,281.31,269.0,0,0.0,0.0,,0.0,1,1.24,0.04,SPY190329C00293000,293.0,normalDay
2019-03-18,413.0,1453.0,0.0,100,282.33,269.0,0,0.0,0.0,,0.0,1,1.24,0.04,SPY190329C00293000,293.0,normalDay
2019-03-19,413.0,1461.0,0.0,100,282.4,269.0,0,0.0,0.0,,0.0,1,1.24,0.03,SPY190329C00293000,293.0,normalDay
2019-03-20,413.0,1376.0,0.0,100,281.55,269.0,0,0.0,0.0,,0.0,1,1.24,0.03,SPY190329C00293000,293.0,normalDay
2019-03-21,413.0,1692.0,0.0,100,284.73,269.0,0,0.0,0.0,,0.0,1,1.24,0.05,SPY190329C00293000,293.0,normalDay
2019-03-22,413.0,1147.0,0.0,100,279.25,269.0,0,0.0,0.0,,0.0,1,1.24,0.02,SPY190329C00293000,293.0,normalDay
2019-03-25,413.0,1127.0,0.0,100,279.04,269.0,0,0.0,0.0,,0.0,1,1.24,0.01,SPY190329C00293000,293.0,normalDay
2019-03-26,413.0,1335.0,0.0,100,281.12,269.0,0,0.0,0.0,,0.0,1,1.24,0.01,SPY190329C00293000,293.0,normalDay
2019-03-27,413.0,1188.0,0.0,100,279.65,269.0,0,0.0,0.0,,0.0,1,1.24,0.01,SPY190329C00293000,293.0,normalDay
2019-03-28,413.0,1294.0,0.0,100,280.71,269.0,0,0.0,0.0,,0.0,1,1.24,0.01,SPY190329C00293000,293.0,normalDay
2019-03-29,537.0,1348.0,124.0,100,282.48,269.0,0,0.0,0.0,,0.0,1,1.24,0.0,SPY190329C00293000,293.0,expirationDay
2019-04-01,537.0,1677.0,0.0,100,285.83,269.0,0,0.0,0.0,,0.0,1,6.44,6.5,SPY190816C00292000,292.0,normalDay
2019-04-02,537.0,1696.0,0.0,100,285.97,269.0,0,0.0,0.0,,0.0,1,6.44,6.45,SPY190816C00292000,292.0,normalDay
2019-04-03,537.0,1699.0,0.0,100,286.42,269.0,0,0.0,0.0,,0.0,1,6.44,6.87,SPY190816C00292000,292.0,normalDay
2019-04-04,537.0,1753.0,0.0,100,287.18,269.0,0,0.0,0.0,,0.0,1,6.44,7.09,SPY190816C00292000,292.0,normalDay
2019-04-05,537.0,1844.0,0.0,100,288.57,269.0,0,0.0,0.0,,0.0,1,6.44,7.57,SPY190816C00292000,292.0,normalDay
2019-04-08,537.0,1866.0,0.0,100,288.79,269.0,0,0.0,0.0,,0.0,1,6.44,7.57,SPY190816C00292000,292.0,normalDay
2019-04-09,537.0,1782.0,0.0,100,287.31,269.0,0,0.0,0.0,,0.0,1,6.44,6.93,SPY190816C00292000,292.0,normalDay
2019-04-10,537.0,1840.0,0.0,100,288.29,269.0,0,0.0,0.0,,0.0,1,6.44,7.33,SPY190816C00292000,292.0,normalDay
2019-04-11,537.0,1854.0,0.0,100,288.21,269.0,0,0.0,0.0,,0.0,1,6.44,7.11,SPY190816C00292000,292.0,normalDay
2019-04-12,537.0,1961.0,0.0,100,290.16,269.0,0,0.0,0.0,,0.0,1,6.44,7.99,SPY190816C00292000,292.0,normalDay
2019-04-15,537.0,1968.0,0.0,100,289.97,269.0,0,0.0,0.0,,0.0,1,6.44,7.73,SPY190816C00292000,292.0,normalDay
2019-04-16,537.0,1989.0,0.0,100,290.16,269.0,0,0.0,0.0,,0.0,1,6.44,7.71,SPY190816C00292000,292.0,normalDay
2019-04-17,537.0,1961.0,0.0,100,289.45,269.0,0,0.0,0.0,,0.0,1,6.44,7.28,SPY190816C00292000,292.0,normalDay
2019-04-18,537.0,1983.0,0.0,100,290.02,269.0,0,0.0,0.0,,0.0,1,6.44,7.63,SPY190816C00292000,292.0,normalDay
2019-04-22,537.0,2008.0,0.0,100,290.27,269.0,0,0.0,0.0,,0.0,1,6.44,7.63,SPY190816C00292000,292.0,normalDay
2019-04-23,537.0,2129.0,0.0,100,292.88,269.0,0,0.0,0.0,,0.0,1,6.44,9.03,SPY190816C00292000,292.0,normalDay
2019-04-24,537.0,2086.0,0.0,100,292.23,269.0,0,0.0,0.0,,0.0,1,6.44,8.81,SPY190816C00292000,292.0,normalDay
2019-04-25,537.0,2089.0,0.0,100,292.05,269.0,0,0.0,0.0,,0.0,1,6.44,8.6,SPY190816C00292000,292.0,normalDay
2019-04-26,537.0,2155.0,0.0,100,293.41,269.0,0,0.0,0.0,,0.0,1,6.44,9.3,SPY190816C00292000,292.0,normalDay
2019-04-29,537.0,2182.0,0.0,100,293.87,269.0,0,0.0,0.0,,0.0,1,6.44,9.49,SPY190816C00292000,292.0,normalDay
2019-04-30,537.0,2164.0,0.0,100,294.02,269.0,0,0.0,0.0,,0.0,1,6.44,9.82,SPY190816C00292000,292.0,normalDay
2019-05-01,537.0,2076.0,0.0,100,291.81,269.0,0,0.0,0.0,,0.0,1,6.44,8.49,SPY190816C00292000,292.0,normalDay
2019-05-02,537.0,2062.0,0.0,100,291.18,269.0,0,0.0,0.0,,0.0,1,6.44,8.0,SPY190816C00292000,292.0,normalDay
2019-05-03,537.0,2196.0,0.0,100,294.03,269.0,0,0.0,0.0,,0.0,1,6.44,9.51,SPY190816C00292000,292.0,normalDay
2019-05-06,537.0,2120.0,0.0,100,292.82,269.0,0,0.0,0.0,,0.0,1,6.44,9.06,SPY190816C00292000,292.0,normalDay
2019-05-07,537.0,1772.0,0.0,100,287.93,269.0,0,0.0,0.0,,0.0,1,6.44,7.65,SPY190816C00292000,292.0,normalDay
2019-05-08,537.0,1778.0,0.0,100,287.53,269.0,0,0.0,0.0,,0.0,1,6.44,7.19,SPY190816C00292000,292.0,normalDay
2019-05-09,537.0,1758.0,0.0,100,286.66,269.0,0,0.0,0.0,,0.0,1,6.44,6.52,SPY190816C00292000,292.0,normalDay
2019-05-10,537.0,1923.0,0.0,100,288.1,269.0,0,0.0,0.0,,0.0,1,6.44,6.31,SPY190816C00292000,292.0,normalDay
2019-05-13,537.0,1443.0,0.0,100,280.86,269.0,0,0.0,0.0,,0.0,1,6.44,3.87,SPY190816C00292000,292.0,normalDay
2019-05-14,537.0,1638.0,0.0,100,283.4,269.0,0,0.0,0.0,,0.0,1,6.44,4.46,SPY190816C00292000,292.0,normalDay
2019-05-15,537.0,1761.0,0.0,100,285.06,269.0,0,0.0,0.0,,0.0,1,6.44,4.89,SPY190816C00292000,292.0,normalDay
2019-05-16,537.0,1940.0,0.0,100,287.7,269.0,0,0.0,0.0,,0.0,1,6.44,5.74,SPY190816C00292000,292.0,normalDay
2019-05-17,537.0,1833.0,0.0,100,285.84,269.0,0,0.0,0.0,,0.0,1,6.44,4.95,SPY190816C00292000,292.0,normalDay
2019-05-20,537.0,1723.0,0.0,100,283.95,269.0,0,0.0,0.0,,0.0,1,6.44,4.16,SPY190816C00292000,292.0,normalDay
2019-05-21,537.0,1912.0,0.0,100,286.51,269.0,0,0.0,0.0,,0.0,1,6.44,4.83,SPY190816C00292000,292.0,normalDay
2019-05-22,537.0,1880.0,0.0,100,285.63,269.0,0,0.0,0.0,,0.0,1,6.44,4.27,SPY190816C00292000,292.0,normalDay
2019-05-23,537.0,1630.0,0.0,100,282.14,269.0,0,0.0,0.0,,0.0,1,6.44,3.28,SPY190816C00292000,292.0,normalDay
2019-05-24,537.0,1682.0,0.0,100,282.78,269.0,0,0.0,0.0,,0.0,1,6.44,3.4,SPY190816C00292000,292.0,normalDay
2019-05-28,537.0,1491.0,0.0,100,280.15,269.0,0,0.0,0.0,,0.0,1,6.44,2.68,SPY190816C00292000,292.0,normalDay
2019-05-29,537.0,1357.0,0.0,100,278.27,269.0,0,0.0,0.0,,0.0,1,6.44,2.14,SPY190816C00292000,292.0,normalDay
2019-05-30,537.0,1424.0,0.0,100,279.03,269.0,0,0.0,0.0,,0.0,1,6.44,2.23,SPY190816C00292000,292.0,normalDay
2019-05-31,537.0,1116.0,0.0,100,275.27,269.0,0,0.0,0.0,,0.0,1,6.44,1.55,SPY190816C00292000,292.0,normalDay
2019-06-03,537.0,1064.0,0.0,100,274.57,269.0,0,0.0,0.0,,0.0,1,6.44,1.37,SPY190816C00292000,292.0,normalDay
2019-06-04,537.0,1560.0,0.0,100,280.53,269.0,0,0.0,0.0,,0.0,1,6.44,2.37,SPY190816C00292000,292.0,normalDay
2019-06-05,537.0,1743.0,0.0,100,282.96,269.0,0,0.0,0.0,,0.0,1,6.44,2.97,SPY190816C00292000,292.0,normalDay
2019-06-06,537.0,1879.0,0.0,100,284.8,269.0,0,0.0,0.0,,0.0,1,6.44,3.45,SPY190816C00292000,292.0,normalDay
2019-06-07,537.0,2039.0,0.0,100,287.65,269.0,0,0.0,0.0,,0.0,1,6.44,4.7,SPY190816C00292000,292.0,normalDay
2019-06-10,537.0,2120.0,0.0,100,288.97,269.0,0,0.0,0.0,,0.0,1,6.44,5.21,SPY190816C00292000,292.0,normalDay
2019-06-11,537.0,2119.0,0.0,100,288.9,269.0,0,0.0,0.0,,0.0,1,6.44,5.15,SPY190816C00292000,292.0,normalDay
2019-06-12,537.0,2099.0,0.0,100,288.39,269.0,0,0.0,0.0,,0.0,1,6.44,4.84,SPY190816C00292000,292.0,normalDay
2019-06-13,537.0,2161.0,0.0,100,289.58,269.0,0,0.0,0.0,,0.0,1,6.44,5.41,SPY190816C00292000,292.0,normalDay
2019-06-14,537.0,2154.0,0.0,100,289.26,269.0,0,0.0,0.0,,0.0,1,6.44,5.16,SPY190816C00292000,292.0,normalDay
2019-06-17,537.0,2181.0,0.0,100,289.37,269.0,0,0.0,0.0,,0.0,1,6.44,5.0,SPY190816C00292000,292.0,normalDay
2019-06-18,537.0,2330.0,0.0,100,292.4,269.0,0,0.0,0.0,,0.0,1,6.44,6.54,SPY190816C00292000,292.0,normalDay
2019-06-19,537.0,2379.0,0.0,100,293.06,269.0,0,0.0,0.0,,0.0,1,6.44,6.71,SPY190816C00292000,292.0,normalDay
2019-06-20,537.0,2484.0,0.0,100,295.86,269.0,0,0.0,0.0,,0.0,1,6.44,8.46,SPY190816C00292000,292.0,normalDay
2019-06-21,537.0,2309.0,0.0,100,294.0,269.0,0,0.0,0.0,,0.0,1,6.44,8.35,SPY190816C00292000,292.0,normalDay
2019-06-24,537.0,2318.0,0.0,100,293.64,269.0,0,0.0,0.0,,0.0,1,6.44,7.9,SPY190816C00292000,292.0,normalDay
2019-06-25,537.0,2189.0,0.0,100,290.76,269.0,0,0.0,0.0,,0.0,1,6.44,6.31,SPY190816C00292000,292.0,normalDay
2019-06-26,537.0,2203.0,0.0,100,290.47,269.0,0,0.0,0.0,,0.0,1,6.44,5.88,SPY190816C00292000,292.0,normalDay
2019-06-27,537.0,2245.0,0.0,100,291.5,269.0,0,0.0,0.0,,0.0,1,6.44,6.49,SPY190816C00292000,292.0,normalDay
2019-06-28,537.0,2300.0,0.0,100,293.0,269.0,0,0.0,0.0,,0.0,1,6.44,7.44,SPY190816C00292000,292.0,normalDay
2019-07-01,537.0,2494.0,0.0,100,295.66,269.0,0,0.0,0.0,,0.0,1,6.44,8.16,SPY190816C00292000,292.0,normalDay
2019-07-02,537.0,2544.0,0.0,100,296.43,269.0,0,0.0,0.0,,0.0,1,6.44,8.43,SPY190816C00292000,292.0,normalDay
2019-07-03,537.0,2613.0,0.0,100,298.8,269.0,0,0.0,0.0,,0.0,1,6.44,10.11,SPY190816C00292000,292.0,normalDay
2019-07-05,537.0,2650.0,0.0,100,298.46,269.0,0,0.0,0.0,,0.0,1,6.44,9.4,SPY190816C00292000,292.0,normalDay
2019-07-08,537.0,2573.0,0.0,100,296.82,269.0,0,0.0,0.0,,0.0,1,6.44,8.53,SPY190816C00292000,292.0,normalDay
2019-07-09,537.0,2594.0,0.0,100,297.19,269.0,0,0.0,0.0,,0.0,1,6.44,8.69,SPY190816C00292000,292.0,normalDay
2019-07-10,537.0,2645.0,0.0,100,298.61,269.0,0,0.0,0.0,,0.0,1,6.44,9.6,SPY190816C00292000,292.0,normalDay
2019-07-11,537.0,2669.0,0.0,100,299.31,269.0,0,0.0,0.0,,0.0,1,6.44,10.06,SPY190816C00292000,292.0,normalDay
2019-07-12,537.0,2719.0,0.0,100,300.65,269.0,0,0.0,0.0,,0.0,1,6.44,10.9,SPY190816C00292000,292.0,normalDay
2019-07-15,537.0,2733.0,0.0,100,300.75,269.0,0,0.0,0.0,,0.0,1,6.44,10.86,SPY190816C00292000,292.0,normalDay
2019-07-16,537.0,2711.0,0.0,100,299.78,269.0,0,0.0,0.0,,0.0,1,6.44,10.11,SPY190816C00292000,292.0,normalDay
2019-07-17,537.0,2664.0,0.0,100,297.74,269.0,0,0.0,0.0,,0.0,1,6.44,8.54,SPY190816C00292000,292.0,normalDay
2019-07-18,537.0,2699.0,0.0,100,298.83,269.0,0,0.0,0.0,,0.0,1,6.44,9.28,SPY190816C00292000,292.0,normalDay
2019-07-19,537.0,2667.0,0.0,100,297.17,269.0,0,0.0,0.0,,0.0,1,6.44,7.94,SPY190816C00292000,292.0,normalDay
2019-07-22,537.0,2722.0,0.0,100,297.9,269.0,0,0.0,0.0,,0.0,1,6.44,8.12,SPY190816C00292000,292.0,normalDay
2019-07-23,537.0,2793.0,0.0,100,300.03,269.0,0,0.0,0.0,,0.0,1,6.44,9.54,SPY190816C00292000,292.0,normalDay
2019-07-24,537.0,2819.0,0.0,100,301.44,269.0,0,0.0,0.0,,0.0,1,6.44,10.69,SPY190816C00292000,292.0,normalDay
2019-07-25,537.0,2795.0,0.0,100,300.0,269.0,0,0.0,0.0,,0.0,1,6.44,9.49,SPY190816C00292000,292.0,normalDay
2019-07-26,537.0,2839.0,0.0,100,302.01,269.0,0,0.0,0.0,,0.0,1,6.44,11.06,SPY190816C00292000,292.0,normalDay
2019-07-29,537.0,2819.0,0.0,100,301.46,269.0,0,0.0,0.0,,0.0,1,6.44,10.71,SPY190816C00292000,292.0,normalDay
2019-07-30,537.0,2818.0,0.0,100,300.72,269.0,0,0.0,0.0,,0.0,1,6.44,9.98,SPY190816C00292000,292.0,normalDay
2019-07-31,537.0,2745.0,0.0,100,297.43,269.0,0,0.0,0.0,,0.0,1,6.44,7.42,SPY190816C00292000,292.0,normalDay
2019-08-01,537.0,2617.0,0.0,100,294.84,269.0,0,0.0,0.0,,0.0,1,6.44,6.11,SPY190816C00292000,292.0,normalDay
2019-08-02,537.0,2572.0,0.0,100,292.62,269.0,0,0.0,0.0,,0.0,1,6.44,4.34,SPY190816C00292000,292.0,normalDay
2019-08-05,537.0,2002.0,0.0,100,283.82,269.0,0,0.0,0.0,,0.0,1,6.44,1.24,SPY190816C00292000,292.0,normalDay
2019-08-06,537.0,2354.0,0.0,100,287.8,269.0,0,0.0,0.0,,0.0,1,6.44,1.7,SPY190816C00292000,292.0,normalDay
2019-08-07,537.0,2389.0,0.0,100,287.97,269.0,0,0.0,0.0,,0.0,1,6.44,1.52,SPY190816C00292000,292.0,normalDay
2019-08-08,537.0,2731.0,0.0,100,293.62,269.0,0,0.0,0.0,,0.0,1,6.44,3.75,SPY190816C00292000,292.0,normalDay
2019-08-09,537.0,2648.0,0.0,100,291.62,269.0,0,0.0,0.0,,0.0,1,6.44,2.58,SPY190816C00292000,292.0,normalDay
2019-08-12,537.0,2461.0,0.0,100,288.07,269.0,0,0.0,0.0,,0.0,1,6.44,0.9,SPY190816C00292000,292.0,normalDay
2019-08-13,537.0,2768.0,0.0,100,292.55,269.0,0,0.0,0.0,,0.0,1,6.44,2.31,SPY190816C00292000,292.0,normalDay
2019-08-14,537.0,2122.0,0.0,100,283.9,269.0,0,0.0,0.0,,0.0,1,6.44,0.12,SPY190816C00292000,292.0,normalDay
2019-08-15,537.0,2205.0,0.0,100,284.65,269.0,0,0.0,0.0,,0.0,1,6.44,0.04,SPY190816C00292000,292.0,normalDay
2019-08-16,1181.0,1985.0,644.0,100,288.85,269.0,0,0.0,0.0,,0.0,1,6.44,0.0,SPY190816C00292000,292.0,expirationDay
2019-08-19,1181.0,2327.0,0.0,100,292.33,269.0,0,0.0,0.0,,0.0,1,0.94,1.0,SPY191231C00319000,319.0,normalDay
2019-08-20,1181.0,2122.0,0.0,100,290.09,269.0,0,0.0,0.0,,0.0,1,0.94,0.81,SPY191231C00319000,319.0,normalDay
2019-08-21,1181.0,2344.0,0.0,100,292.45,269.0,0,0.0,0.0,,0.0,1,0.94,0.95,SPY191231C00319000,319.0,normalDay
2019-08-22,1181.0,2341.0,0.0,100,292.36,269.0,0,0.0,0.0,,0.0,1,0.94,0.89,SPY191231C00319000,319.0,normalDay
2019-08-23,1181.0,1616.0,0.0,100,284.85,269.0,0,0.0,0.0,,0.0,1,0.94,0.63,SPY191231C00319000,319.0,normalDay
2019-08-26,1181.0,1917.0,0.0,100,288.0,269.0,0,0.0,0.0,,0.0,1,0.94,0.77,SPY191231C00319000,319.0,normalDay
2019-08-27,1181.0,1805.0,0.0,100,286.87,269.0,0,0.0,0.0,,0.0,1,0.94,0.76,SPY191231C00319000,319.0,normalDay
2019-08-28,1181.0,1992.0,0.0,100,288.89,269.0,0,0.0,0.0,,0.0,1,0.94,0.91,SPY191231C00319000,319.0,normalDay
2019-08-29,1181.0,2343.0,0.0,100,292.58,269.0,0,0.0,0.0,,0.0,1,0.94,1.09,SPY191231C00319000,319.0,normalDay
2019-08-30,1181.0,2328.0,0.0,100,292.45,269.0,0,0.0,0.0,,0.0,1,0.94,1.11,SPY191231C00319000,319.0,normalDay
2019-09-03,1181.0,2178.0,0.0,100,290.74,269.0,0,0.0,0.0,,0.0,1,0.94,0.9,SPY191231C00319000,319.0,normalDay
2019-09-04,1181.0,2494.0,0.0,100,294.04,269.0,0,0.0,0.0,,0.0,1,0.94,1.04,SPY191231C00319000,319.0,normalDay
2019-09-05,1181.0,2837.0,0.0,100,297.82,269.0,0,0.0,0.0,,0.0,1,0.94,1.39,SPY191231C00319000,319.0,normalDay
2019-09-06,1181.0,2867.0,0.0,100,298.05,269.0,0,0.0,0.0,,0.0,1,0.94,1.32,SPY191231C00319000,319.0,normalDay
2019-09-09,1181.0,2889.0,0.0,100,298.2,269.0,0,0.0,0.0,,0.0,1,0.94,1.25,SPY191231C00319000,319.0,normalDay
2019-09-10,1181.0,2887.0,0.0,100,298.13,269.0,0,0.0,0.0,,0.0,1,0.94,1.2,SPY191231C00319000,319.0,normalDay
2019-09-11,1181.0,3064.0,0.0,100,300.25,269.0,0,0.0,0.0,,0.0,1,0.94,1.55,SPY191231C00319000,319.0,normalDay
2019-09-12,1181.0,3157.0,0.0,100,301.29,269.0,0,0.0,0.0,,0.0,1,0.94,1.66,SPY191231C00319000,319.0,normalDay
2019-09-13,1181.0,3147.0,0.0,100,301.09,269.0,0,0.0,0.0,,0.0,1,0.94,1.56,SPY191231C00319000,319.0,normalDay
2019-09-16,1181.0,3066.0,0.0,100,300.16,269.0,0,0.0,0.0,,0.0,1,0.94,1.44,SPY191231C00319000,319.0,normalDay
2019-09-17,1181.0,3125.0,0.0,100,300.92,269.0,0,0.0,0.0,,0.0,1,0.94,1.61,SPY191231C00319000,319.0,normalDay
2019-09-18,1181.0,3153.0,0.0,100,301.1,269.0,0,0.0,0.0,,0.0,1,0.94,1.51,SPY191231C00319000,319.0,normalDay
2019-09-19,1181.0,3153.0,0.0,100,301.08,269.0,0,0.0,0.0,,0.0,1,0.94,1.49,SPY191231C00319000,319.0,normalDay
2019-09-20,1181.0,2893.0,0.0,100,298.28,269.0,0,0.0,0.0,,0.0,1,0.94,1.29,SPY191231C00319000,319.0,normalDay
2019-09-23,1181.0,2900.0,0.0,100,298.21,269.0,0,0.0,0.0,,0.0,1,0.94,1.15,SPY191231C00319000,319.0,normalDay
2019-09-24,1181.0,2681.0,0.0,100,295.87,269.0,0,0.0,0.0,,0.0,1,0.94,1.0,SPY191231C00319000,319.0,normalDay
2019-09-25,1181.0,2852.0,0.0,100,297.62,269.0,0,0.0,0.0,,0.0,1,0.94,1.04,SPY191231C00319000,319.0,normalDay
2019-09-26,1181.0,2799.0,0.0,100,297.0,269.0,0,0.0,0.0,,0.0,1,0.94,0.95,SPY191231C00319000,319.0,normalDay
2019-09-27,1181.0,2652.0,0.0,100,295.4,269.0,0,0.0,0.0,,0.0,1,0.94,0.82,SPY191231C00319000,319.0,normalDay
2019-09-30,1181.0,2792.0,0.0,100,296.77,269.0,0,0.0,0.0,,0.0,1,0.94,0.79,SPY191231C00319000,319.0,normalDay
2019-10-01,1181.0,2464.0,0.0,100,293.24,269.0,0,0.0,0.0,,0.0,1,0.94,0.54,SPY191231C00319000,319.0,normalDay
2019-10-02,1181.0,1964.0,0.0,100,288.06,269.0,0,0.0,0.0,,0.0,1,0.94,0.36,SPY191231C00319000,319.0,normalDay
2019-10-03,1181.0,2199.0,0.0,100,290.42,269.0,0,0.0,0.0,,0.0,1,0.94,0.37,SPY191231C00319000,319.0,normalDay
2019-10-04,1181.0,2583.0,0.0,100,294.35,269.0,0,0.0,0.0,,0.0,1,0.94,0.46,SPY191231C00319000,319.0,normalDay
2019-10-07,1181.0,2462.0,0.0,100,293.08,269.0,0,0.0,0.0,,0.0,1,0.94,0.4,SPY191231C00319000,319.0,normalDay
2019-10-08,1181.0,2017.0,0.0,100,288.53,269.0,0,0.0,0.0,,0.0,1,0.94,0.3,SPY191231C00319000,319.0,normalDay
2019-10-09,1181.0,2287.0,0.0,100,291.27,269.0,0,0.0,0.0,,0.0,1,0.94,0.34,SPY191231C00319000,319.0,normalDay
2019-10-10,1181.0,2478.0,0.0,100,293.24,269.0,0,0.0,0.0,,0.0,1,0.94,0.4,SPY191231C00319000,319.0,normalDay
2019-10-11,1181.0,2772.0,0.0,100,296.28,269.0,0,0.0,0.0,,0.0,1,0.94,0.5,SPY191231C00319000,319.0,normalDay
2019-10-14,1181.0,2753.0,0.0,100,295.95,269.0,0,0.0,0.0,,0.0,1,0.94,0.36,SPY191231C00319000,319.0,normalDay
2019-10-15,1181.0,3026.0,0.0,100,298.88,269.0,0,0.0,0.0,,0.0,1,0.94,0.56,SPY191231C00319000,319.0,normalDay
2019-10-16,1181.0,2984.0,0.0,100,298.4,269.0,0,0.0,0.0,,0.0,1,0.94,0.5,SPY191231C00319000,319.0,normalDay
2019-10-17,1181.0,3068.0,0.0,100,299.28,269.0,0,0.0,0.0,,0.0,1,0.94,0.54,SPY191231C00319000,319.0,normalDay
2019-10-18,1181.0,2942.0,0.0,100,297.97,269.0,0,0.0,0.0,,0.0,1,0.94,0.49,SPY191231C00319000,319.0,normalDay
2019-10-21,1181.0,3137.0,0.0,100,299.99,269.0,0,0.0,0.0,,0.0,1,0.94,0.56,SPY191231C00319000,319.0,normalDay
2019-10-22,1181.0,3046.0,0.0,100,299.01,269.0,0,0.0,0.0,,0.0,1,0.94,0.49,SPY191231C00319000,319.0,normalDay
2019-10-23,1181.0,3130.0,0.0,100,299.88,269.0,0,0.0,0.0,,0.0,1,0.94,0.52,SPY191231C00319000,319.0,normalDay
2019-10-24,1181.0,3181.0,0.0,100,300.37,269.0,0,0.0,0.0,,0.0,1,0.94,0.5,SPY191231C00319000,319.0,normalDay
2019-10-25,1181.0,3298.0,0.0,100,301.6,269.0,0,0.0,0.0,,0.0,1,0.94,0.56,SPY191231C00319000,319.0,normalDay
2019-10-28,1181.0,3448.0,0.0,100,303.3,269.0,0,0.0,0.0,,0.0,1,0.94,0.76,SPY191231C00319000,319.0,normalDay
2019-10-29,1181.0,3447.0,0.0,100,303.21,269.0,0,0.0,0.0,,0.0,1,0.94,0.68,SPY191231C00319000,319.0,normalDay
2019-10-30,1181.0,3540.0,0.0,100,304.14,269.0,0,0.0,0.0,,0.0,1,0.94,0.68,SPY191231C00319000,319.0,normalDay
2019-10-31,1181.0,3473.0,0.0,100,303.33,269.0,0,0.0,0.0,,0.0,1,0.94,0.54,SPY191231C00319000,319.0,normalDay
2019-11-01,1181.0,3726.0,0.0,100,306.14,269.0,0,0.0,0.0,,0.0,1,0.94,0.82,SPY191231C00319000,319.0,normalDay
2019-11-04,1181.0,3830.0,0.0,100,307.37,269.0,0,0.0,0.0,,0.0,1,0.94,1.01,SPY191231C00319000,319.0,normalDay
2019-11-05,1181.0,3801.0,0.0,100,307.03,269.0,0,0.0,0.0,,0.0,1,0.94,0.96,SPY191231C00319000,319.0,normalDay
2019-11-06,1181.0,3813.0,0.0,100,307.1,269.0,0,0.0,0.0,,0.0,1,0.94,0.91,SPY191231C00319000,319.0,normalDay
2019-11-07,1181.0,3905.0,0.0,100,308.18,269.0,0,0.0,0.0,,0.0,1,0.94,1.07,SPY191231C00319000,319.0,normalDay
2019-11-08,1181.0,3975.0,0.0,100,308.94,269.0,0,0.0,0.0,,0.0,1,0.94,1.13,SPY191231C00319000,319.0,normalDay
2019-11-11,1181.0,3933.0,0.0,100,308.35,269.0,0,0.0,0.0,,0.0,1,0.94,0.96,SPY191231C00319000,319.0,normalDay
2019-11-12,1181.0,3996.0,0.0,100,309.0,269.0,0,0.0,0.0,,0.0,1,0.94,0.98,SPY191231C00319000,319.0,normalDay
2019-11-13,1181.0,4008.0,0.0,100,309.1,269.0,0,0.0,0.0,,0.0,1,0.94,0.96,SPY191231C00319000,319.0,normalDay
2019-11-14,1181.0,4055.0,0.0,100,309.55,269.0,0,0.0,0.0,,0.0,1,0.94,0.94,SPY191231C00319000,319.0,normalDay
2019-11-15,1181.0,4249.0,0.0,100,311.79,269.0,0,0.0,0.0,,0.0,1,0.94,1.24,SPY191231C00319000,319.0,normalDay
2019-11-18,1181.0,4274.0,0.0,100,312.02,269.0,0,0.0,0.0,,0.0,1,0.94,1.22,SPY191231C00319000,319.0,normalDay
2019-11-19,1181.0,4275.0,0.0,100,311.93,269.0,0,0.0,0.0,,0.0,1,0.94,1.12,SPY191231C00319000,319.0,normalDay
2019-11-20,1181.0,4194.0,0.0,100,310.77,269.0,0,0.0,0.0,,0.0,1,0.94,0.77,SPY191231C00319000,319.0,normalDay
2019-11-21,1181.0,4150.0,0.0,100,310.27,269.0,0,0.0,0.0,,0.0,1,0.94,0.71,SPY191231C00319000,319.0,normalDay
2019-11-22,1181.0,4222.0,0.0,100,310.96,269.0,0,0.0,0.0,,0.0,1,0.94,0.68,SPY191231C00319000,319.0,normalDay
2019-11-25,1181.0,4436.0,0.0,100,313.37,269.0,0,0.0,0.0,,0.0,1,0.94,0.95,SPY191231C00319000,319.0,normalDay
2019-11-26,1181.0,4489.0,0.0,100,314.08,269.0,0,0.0,0.0,,0.0,1,0.94,1.13,SPY191231C00319000,319.0,normalDay
2019-11-27,1181.0,4583.0,0.0,100,315.48,269.0,0,0.0,0.0,,0.0,1,0.94,1.59,SPY191231C00319000,319.0,normalDay
2019-11-29,1181.0,4496.0,0.0,100,314.31,269.0,0,0.0,0.0,,0.0,1,0.94,1.29,SPY191231C00319000,319.0,normalDay
2019-12-02,1181.0,4287.0,0.0,100,311.64,269.0,0,0.0,0.0,,0.0,1,0.94,0.71,SPY191231C00319000,319.0,normalDay
2019-12-03,1181.0,4101.0,0.0,100,309.55,269.0,0,0.0,0.0,,0.0,1,0.94,0.48,SPY191231C00319000,319.0,normalDay
2019-12-04,1181.0,4281.0,0.0,100,311.46,269.0,0,0.0,0.0,,0.0,1,0.94,0.59,SPY191231C00319000,319.0,normalDay
2019-12-05,1181.0,4331.0,0.0,100,312.02,269.0,0,0.0,0.0,,0.0,1,0.94,0.65,SPY191231C00319000,319.0,normalDay
2019-12-06,1181.0,4573.0,0.0,100,314.87,269.0,0,0.0,0.0,,0.0,1,0.94,1.08,SPY191231C00319000,319.0,normalDay
2019-12-09,1181.0,4496.0,0.0,100,313.88,269.0,0,0.0,0.0,,0.0,1,0.94,0.86,SPY191231C00319000,319.0,normalDay
2019-12-10,1181.0,4469.0,0.0,100,313.53,269.0,0,0.0,0.0,,0.0,1,0.94,0.78,SPY191231C00319000,319.0,normalDay
2019-12-11,1181.0,4552.0,0.0,100,314.42,269.0,0,0.0,0.0,,0.0,1,0.94,0.84,SPY191231C00319000,319.0,normalDay
2019-12-12,1181.0,4758.0,0.0,100,317.13,269.0,0,0.0,0.0,,0.0,1,0.94,1.49,SPY191231C00319000,319.0,normalDay
2019-12-13,1181.0,4819.0,0.0,100,317.32,269.0,0,0.0,0.0,,0.0,1,0.94,1.07,SPY191231C00319000,319.0,normalDay
2019-12-16,1181.0,4942.0,0.0,100,319.5,269.0,0,0.0,0.0,,0.0,1,0.94,2.02,SPY191231C00319000,319.0,normalDay
2019-12-17,1181.0,4973.0,0.0,100,319.57,269.0,0,0.0,0.0,,0.0,1,0.94,1.78,SPY191231C00319000,319.0,normalDay
2019-12-18,1181.0,4982.0,0.0,100,319.59,269.0,0,0.0,0.0,,0.0,1,0.94,1.71,SPY191231C00319000,319.0,normalDay
2019-12-19,1181.0,5066.0,0.0,100,320.9,269.0,0,0.0,0.0,,0.0,1,0.94,2.18,SPY191231C00319000,319.0,normalDay
2019-12-20,1181.0,4936.0,0.0,100,320.73,269.0,0,0.0,0.0,,0.0,1,0.94,3.31,SPY191231C00319000,319.0,normalDay
2019-12-23,1181.0,5003.0,0.0,100,321.22,269.0,0,0.0,0.0,,0.0,1,0.94,3.13,SPY191231C00319000,319.0,normalDay
2019-12-24,1181.0,5014.0,0.0,100,321.23,269.0,0,0.0,0.0,,0.0,1,0.94,3.03,SPY191231C00319000,319.0,normalDay
2019-12-26,1181.0,5048.0,0.0,100,322.94,269.0,0,0.0,0.0,,0.0,1,0.94,4.4,SPY191231C00319000,319.0,normalDay
2019-12-27,1181.0,5074.0,0.0,100,322.86,269.0,0,0.0,0.0,,0.0,1,0.94,4.06,SPY191231C00319000,319.0,normalDay
2019-12-30,1181.0,5046.0,0.0,100,321.08,269.0,0,0.0,0.0,,0.0,1,0.94,2.56,SPY191231C00319000,319.0,normalDay
2019-12-31,6275.0,5046.0,5094.0,0,321.86,0.0,0,0.0,0.0,,0.0,1,0.94,0.0,SPY191231C00319000,319.0,expirationDay
2020-01-02,6275.0,-4.0,0.0,0,324.87,0.0,1,0.25,0.29,SPY200113P00315000,315.0,0,0.0,0.0,,0.0,normalDay
2020-01-03,6275.0,-33.0,0.0,0,322.41,0.0,1,0.25,0.58,SPY200113P00315000,315.0,0,0.0,0.0,,0.0,normalDay
2020-01-06,6275.0,3.0,0.0,0,323.64,0.0,1,0.25,0.22,SPY200113P00315000,315.0,0,0.0,0.0,,0.0,normalDay
2020-01-07,6275.0,3.0,0.0,0,322.73,0.0,1,0.25,0.22,SPY200113P00315000,315.0,0,0.0,0.0,,0.0,normalDay
2020-01-08,6275.0,10.0,0.0,0,324.45,0.0,1,0.25,0.15,SPY200113P00315000,315.0,0,0.0,0.0,,0.0,normalDay
2020-01-09,6275.0,21.0,0.0,0,326.65,0.0,1,0.25,0.04,SPY200113P00315000,315.0,0,0.0,0.0,,0.0,normalDay
2020-01-10,6275.0,23.0,0.0,0,325.71,0.0,1,0.25,0.02,SPY200113P00315000,315.0,0,0.0,0.0,,0.0,normalDay
2020-01-13,6300.0,0.0,25.0,0,327.95,0.0,1,0.25,0.0,SPY200113P00315000,315.0,0,0.0,0.0,,0.0,expirationDay
2020-01-14,6300.0,-3.0,0.0,0,327.45,0.0,1,0.47,0.5,SPY200124P00321000,321.0,0,0.0,0.0,,0.0,normalDay
2020-01-15,6300.0,13.0,0.0,0,328.19,0.0,1,0.47,0.34,SPY200124P00321000,321.0,0,0.0,0.0,,0.0,normalDay
2020-01-16,6300.0,30.0,0.0,0,330.92,0.0,1,0.47,0.17,SPY200124P00321000,321.0,0,0.0,0.0,,0.0,normalDay
2020-01-17,6300.0,40.0,0.0,0,331.95,0.0,1,0.47,0.07,SPY200124P00321000,321.0,0,0.0,0.0,,0.0,normalDay
2020-01-21,6300.0,42.0,0.0,0,331.3,0.0,1,0.47,0.05,SPY200124P00321000,321.0,0,0.0,0.0,,0.0,normalDay
2020-01-22,6300.0,45.0,0.0,0,331.34,0.0,1,0.47,0.02,SPY200124P00321000,321.0,0,0.0,0.0,,0.0,normalDay
2020-01-23,6300.0,45.0,0.0,0,331.72,0.0,1,0.47,0.02,SPY200124P00321000,321.0,0,0.0,0.0,,0.0,normalDay
2020-01-24,6347.0,0.0,47.0,0,328.77,0.0,1,0.47,0.0,SPY200124P00321000,321.0,0,0.0,0.0,,0.0,expirationDay
2020-01-27,6347.0,-5.0,0.0,0,323.5,0.0,1,4.34,4.39,SPY200207P00324000,324.0,0,0.0,0.0,,0.0,normalDay
2020-01-28,6347.0,186.0,0.0,0,326.89,0.0,1,4.34,2.48,SPY200207P00324000,324.0,0,0.0,0.0,,0.0,normalDay
2020-01-29,6347.0,191.0,0.0,0,326.62,0.0,1,4.34,2.43,SPY200207P00324000,324.0,0,0.0,0.0,,0.0,normalDay
2020-01-30,6347.0,280.0,0.0,0,327.68,0.0,1,4.34,1.54,SPY200207P00324000,324.0,0,0.0,0.0,,0.0,normalDay
2020-01-31,6347.0,-12.0,0.0,0,321.73,0.0,1,4.34,4.46,SPY200207P00324000,324.0,0,0.0,0.0,,0.0,normalDay
2020-02-03,6347.0,150.0,0.0,0,324.12,0.0,1,4.34,2.84,SPY200207P00324000,324.0,0,0.0,0.0,,0.0,normalDay
2020-02-04,6347.0,375.0,0.0,0,329.06,0.0,1,4.34,0.59,SPY200207P00324000,324.0,0,0.0,0.0,,0.0,normalDay
2020-02-05,6347.0,426.0,0.0,0,332.86,0.0,1,4.34,0.08,SPY200207P00324000,324.0,0,0.0,0.0,,0.0,normalDay
2020-02-06,6347.0,432.0,0.0,0,333.98,0.0,1,4.34,0.02,SPY200207P00324000,324.0,0,0.0,0.0,,0.0,normalDay
2020-02-07,6781.0,0.0,434.0,0,332.2,0.0,1,4.34,0.0,SPY200207P00324000,324.0,0,0.0,0.0,,0.0,expirationDay
2020-02-10,6781.0,-3.0,0.0,0,334.68,0.0,1,0.73,0.76,SPY200221P00326000,326.0,0,0.0,0.0,,0.0,normalDay
2020-02-11,6781.0,10.0,0.0,0,335.26,0.0,1,0.73,0.63,SPY200221P00326000,326.0,0,0.0,0.0,,0.0,normalDay
2020-02-12,6781.0,45.0,0.0,0,337.42,0.0,1,0.73,0.28,SPY200221P00326000,326.0,0,0.0,0.0,,0.0,normalDay
2020-02-13,6781.0,44.0,0.0,0,337.06,0.0,1,0.73,0.29,SPY200221P00326000,326.0,0,0.0,0.0,,0.0,normalDay
2020-02-14,6781.0,57.0,0.0,0,337.6,0.0,1,0.73,0.16,SPY200221P00326000,326.0,0,0.0,0.0,,0.0,normalDay
2020-02-18,6781.0,64.0,0.0,0,336.73,0.0,1,0.73,0.09,SPY200221P00326000,326.0,0,0.0,0.0,,0.0,normalDay
2020-02-19,6781.0,69.0,0.0,0,338.34,0.0,1,0.73,0.04,SPY200221P00326000,326.0,0,0.0,0.0,,0.0,normalDay
2020-02-20,6781.0,70.0,0.0,0,336.95,0.0,1,0.73,0.03,SPY200221P00326000,326.0,0,0.0,0.0,,0.0,normalDay
2020-02-21,6854.0,0.0,73.0,0,333.48,0.0,1,0.73,0.0,SPY200221P00326000,326.0,0,0.0,0.0,,0.0,expirationDay
2020-02-24,6854.0,-9.0,0.0,0,322.42,0.0,1,8.01,8.1,SPY200306P00327000,327.0,0,0.0,0.0,,0.0,normalDay
2020-02-25,6854.0,-681.0,0.0,0,312.65,0.0,1,8.01,14.82,SPY200306P00327000,327.0,0,0.0,0.0,,0.0,normalDay
2020-02-26,6854.0,-861.0,0.0,0,311.5,0.0,1,8.01,16.62,SPY200306P00327000,327.0,0,0.0,0.0,,0.0,normalDay
2020-02-27,6854.0,-2183.0,0.0,0,297.51,0.0,1,8.01,29.84,SPY200306P00327000,327.0,0,0.0,0.0,,0.0,normalDay
2020-02-28,6854.0,-2262.0,0.0,0,296.26,0.0,1,8.01,30.63,SPY200306P00327000,327.0,0,0.0,0.0,,0.0,normalDay
2020-03-02,6854.0,-1016.0,0.0,0,309.09,0.0,1,8.01,18.17,SPY200306P00327000,327.0,0,0.0,0.0,,0.0,normalDay
2020-03-03,6854.0,-1766.0,0.0,0,300.24,0.0,1,8.01,25.67,SPY200306P00327000,327.0,0,0.0,0.0,,0.0,normalDay
2020-03-04,6854.0,-727.0,0.0,0,312.86,0.0,1,8.01,15.28,SPY200306P00327000,327.0,0,0.0,0.0,,0.0,normalDay
2020-03-05,6854.0,-1703.0,0.0,0,302.46,0.0,1,8.01,25.04,SPY200306P00327000,327.0,0,0.0,0.0,,0.0,normalDay
2020-03-06,7655.0,-2954.0,801.0,100,297.46,327.0,1,8.01,0.0,SPY200306P00327000,327.0,0,0.0,0.0,,0.0,expirationDay
2020-03-09,7655.0,-5280.0,0.0,100,274.23,327.0,0,0.0,0.0,,0.0,1,0.06,0.09,SPY200717C00400000,400.0,normalDay
2020-03-10,7655.0,-3859.0,0.0,100,288.42,327.0,0,0.0,0.0,,0.0,1,0.06,0.07,SPY200717C00400000,400.0,normalDay
2020-03-11,7655.0,-5266.0,0.0,100,274.36,327.0,0,0.0,0.0,,0.0,1,0.06,0.08,SPY200717C00400000,400.0,normalDay
2020-03-12,7655.0,-7892.0,0.0,100,248.11,327.0,0,0.0,0.0,,0.0,1,0.06,0.09,SPY200717C00400000,400.0,normalDay
2020-03-13,7655.0,-5777.0,0.0,100,269.32,327.0,0,0.0,0.0,,0.0,1,0.06,0.15,SPY200717C00400000,400.0,normalDay
2020-03-16,7655.0,-8714.0,0.0,100,239.85,327.0,0,0.0,0.0,,0.0,1,0.06,0.05,SPY200717C00400000,400.0,normalDay
2020-03-17,7655.0,-7423.0,0.0,100,252.8,327.0,0,0.0,0.0,,0.0,1,0.06,0.09,SPY200717C00400000,400.0,normalDay
2020-03-18,7655.0,-8703.0,0.0,100,240.0,327.0,0,0.0,0.0,,0.0,1,0.06,0.09,SPY200717C00400000,400.0,normalDay
2020-03-19,7655.0,-8652.0,0.0,100,240.51,327.0,0,0.0,0.0,,0.0,1,0.06,0.09,SPY200717C00400000,400.0,normalDay
2020-03-20,7655.0,-9829.0,0.0,100,228.8,327.0,0,0.0,0.0,,0.0,1,0.06,0.15,SPY200717C00400000,400.0,normalDay
2020-03-23,7655.0,-10409.0,0.0,100,222.95,327.0,0,0.0,0.0,,0.0,1,0.06,0.1,SPY200717C00400000,400.0,normalDay
2020-03-24,7655.0,-8385.0,0.0,100,243.15,327.0,0,0.0,0.0,,0.0,1,0.06,0.06,SPY200717C00400000,400.0,normalDay
2020-03-25,7655.0,-8021.0,0.0,100,246.79,327.0,0,0.0,0.0,,0.0,1,0.06,0.06,SPY200717C00400000,400.0,normalDay
2020-03-26,7655.0,-6582.0,0.0,100,261.2,327.0,0,0.0,0.0,,0.0,1,0.06,0.08,SPY200717C00400000,400.0,normalDay
2020-03-27,7655.0,-7358.0,0.0,100,253.42,327.0,0,0.0,0.0,,0.0,1,0.06,0.06,SPY200717C00400000,400.0,normalDay
2020-03-30,7655.0,-6536.0,0.0,100,261.65,327.0,0,0.0,0.0,,0.0,1,0.06,0.07,SPY200717C00400000,400.0,normalDay
2020-03-31,7655.0,-6924.0,0.0,100,257.75,327.0,0,0.0,0.0,,0.0,1,0.06,0.05,SPY200717C00400000,400.0,normalDay
2020-04-01,7655.0,-8084.0,0.0,100,246.15,327.0,0,0.0,0.0,,0.0,1,0.06,0.05,SPY200717C00400000,400.0,normalDay
2020-04-02,7655.0,-7517.0,0.0,100,251.83,327.0,0,0.0,0.0,,0.0,1,0.06,0.06,SPY200717C00400000,400.0,normalDay
2020-04-03,7655.0,-7879.0,0.0,100,248.19,327.0,0,0.0,0.0,,0.0,1,0.06,0.04,SPY200717C00400000,400.0,normalDay
2020-04-06,7655.0,-6213.0,0.0,100,264.86,327.0,0,0.0,0.0,,0.0,1,0.06,0.05,SPY200717C00400000,400.0,normalDay
2020-04-07,7655.0,-6186.0,0.0,100,265.13,327.0,0,0.0,0.0,,0.0,1,0.06,0.05,SPY200717C00400000,400.0,normalDay
2020-04-08,7655.0,-5296.0,0.0,100,274.03,327.0,0,0.0,0.0,,0.0,1,0.06,0.05,SPY200717C00400000,400.0,normalDay
2020-04-09,7655.0,-4881.0,0.0,100,278.2,327.0,0,0.0,0.0,,0.0,1,0.06,0.07,SPY200717C00400000,400.0,normalDay
2020-04-13,7655.0,-5132.0,0.0,100,275.66,327.0,0,0.0,0.0,,0.0,1,0.06,0.04,SPY200717C00400000,400.0,normalDay
2020-04-14,7655.0,-4320.0,0.0,100,283.79,327.0,0,0.0,0.0,,0.0,1,0.06,0.05,SPY200717C00400000,400.0,normalDay
2020-04-15,7655.0,-4923.0,0.0,100,277.76,327.0,0,0.0,0.0,,0.0,1,0.06,0.05,SPY200717C00400000,400.0,normalDay
2020-04-16,7655.0,-4788.0,0.0,100,279.1,327.0,0,0.0,0.0,,0.0,1,0.06,0.04,SPY200717C00400000,400.0,normalDay
2020-04-17,7655.0,-4035.0,0.0,100,286.64,327.0,0,0.0,0.0,,0.0,1,0.06,0.05,SPY200717C00400000,400.0,normalDay
2020-04-20,7655.0,-4539.0,0.0,100,281.59,327.0,0,0.0,0.0,,0.0,1,0.06,0.04,SPY200717C00400000,400.0,normalDay
2020-04-21,7655.0,-5394.0,0.0,100,273.04,327.0,0,0.0,0.0,,0.0,1,0.06,0.04,SPY200717C00400000,400.0,normalDay
2020-04-22,7655.0,-4788.0,0.0,100,279.1,327.0,0,0.0,0.0,,0.0,1,0.06,0.04,SPY200717C00400000,400.0,normalDay
2020-04-23,7655.0,-4790.0,0.0,100,279.08,327.0,0,0.0,0.0,,0.0,1,0.06,0.04,SPY200717C00400000,400.0,normalDay
2020-04-24,7655.0,-4400.0,0.0,100,282.97,327.0,0,0.0,0.0,,0.0,1,0.06,0.03,SPY200717C00400000,400.0,normalDay
2020-04-27,7655.0,-3992.0,0.0,100,287.05,327.0,0,0.0,0.0,,0.0,1,0.06,0.03,SPY200717C00400000,400.0,normalDay
2020-04-28,7655.0,-4124.0,0.0,100,285.73,327.0,0,0.0,0.0,,0.0,1,0.06,0.03,SPY200717C00400000,400.0,normalDay
2020-04-29,7655.0,-3377.0,0.0,100,293.21,327.0,0,0.0,0.0,,0.0,1,0.06,0.04,SPY200717C00400000,400.0,normalDay
2020-04-30,7655.0,-3650.0,0.0,100,290.48,327.0,0,0.0,0.0,,0.0,1,0.06,0.04,SPY200717C00400000,400.0,normalDay
2020-05-01,7655.0,-4418.0,0.0,100,282.79,327.0,0,0.0,0.0,,0.0,1,0.06,0.03,SPY200717C00400000,400.0,normalDay
2020-05-04,7655.0,-4340.0,0.0,100,283.57,327.0,0,0.0,0.0,,0.0,1,0.06,0.03,SPY200717C00400000,400.0,normalDay
2020-05-05,7655.0,-4078.0,0.0,100,286.19,327.0,0,0.0,0.0,,0.0,1,0.06,0.03,SPY200717C00400000,400.0,normalDay
2020-05-06,7655.0,-4272.0,0.0,100,284.25,327.0,0,0.0,0.0,,0.0,1,0.06,0.03,SPY200717C00400000,400.0,normalDay
2020-05-07,7655.0,-3929.0,0.0,100,287.68,327.0,0,0.0,0.0,,0.0,1,0.06,0.03,SPY200717C00400000,400.0,normalDay
2020-05-08,7655.0,-3452.0,0.0,100,292.44,327.0,0,0.0,0.0,,0.0,1,0.06,0.02,SPY200717C00400000,400.0,normalDay
2020-05-11,7655.0,-3446.0,0.0,100,292.5,327.0,0,0.0,0.0,,0.0,1,0.06,0.02,SPY200717C00400000,400.0,normalDay
2020-05-12,7655.0,-4028.0,0.0,100,286.67,327.0,0,0.0,0.0,,0.0,1,0.06,0.01,SPY200717C00400000,400.0,normalDay
2020-05-13,7655.0,-4535.0,0.0,100,281.6,327.0,0,0.0,0.0,,0.0,1,0.06,0.01,SPY200717C00400000,400.0,normalDay
2020-05-14,7655.0,-4198.0,0.0,100,284.97,327.0,0,0.0,0.0,,0.0,1,0.06,0.01,SPY200717C00400000,400.0,normalDay
2020-05-15,7655.0,-4067.0,0.0,100,286.28,327.0,0,0.0,0.0,,0.0,1,0.06,0.01,SPY200717C00400000,400.0,normalDay
2020-05-18,7655.0,-3196.0,0.0,100,295.0,327.0,0,0.0,0.0,,0.0,1,0.06,0.02,SPY200717C00400000,400.0,normalDay
2020-05-19,7655.0,-3499.0,0.0,100,291.97,327.0,0,0.0,0.0,,0.0,1,0.06,0.02,SPY200717C00400000,400.0,normalDay
2020-05-20,7655.0,-3003.0,0.0,100,296.93,327.0,0,0.0,0.0,,0.0,1,0.06,0.02,SPY200717C00400000,400.0,normalDay
2020-05-21,7655.0,-3208.0,0.0,100,294.88,327.0,0,0.0,0.0,,0.0,1,0.06,0.02,SPY200717C00400000,400.0,normalDay
2020-05-22,7655.0,-3152.0,0.0,100,295.44,327.0,0,0.0,0.0,,0.0,1,0.06,0.02,SPY200717C00400000,400.0,normalDay
2020-05-26,7655.0,-2788.0,0.0,100,299.08,327.0,0,0.0,0.0,,0.0,1,0.06,0.02,SPY200717C00400000,400.0,normalDay
2020-05-27,7655.0,-2343.0,0.0,100,303.53,327.0,0,0.0,0.0,,0.0,1,0.06,0.02,SPY200717C00400000,400.0,normalDay
2020-05-28,7655.0,-2399.0,0.0,100,302.97,327.0,0,0.0,0.0,,0.0,1,0.06,0.02,SPY200717C00400000,400.0,normalDay
2020-05-29,7655.0,-2264.0,0.0,100,304.32,327.0,0,0.0,0.0,,0.0,1,0.06,0.02,SPY200717C00400000,400.0,normalDay
2020-06-01,7655.0,-2141.0,0.0,100,305.55,327.0,0,0.0,0.0,,0.0,1,0.06,0.02,SPY200717C00400000,400.0,normalDay
2020-06-02,7655.0,-1888.0,0.0,100,308.08,327.0,0,0.0,0.0,,0.0,1,0.06,0.02,SPY200717C00400000,400.0,normalDay
2020-06-03,7655.0,-1478.0,0.0,100,312.18,327.0,0,0.0,0.0,,0.0,1,0.06,0.02,SPY200717C00400000,400.0,normalDay
2020-06-04,7655.0,-1560.0,0.0,100,311.36,327.0,0,0.0,0.0,,0.0,1,0.06,0.02,SPY200717C00400000,400.0,normalDay
2020-06-05,7655.0,-763.0,0.0,100,319.34,327.0,0,0.0,0.0,,0.0,1,0.06,0.03,SPY200717C00400000,400.0,normalDay
2020-06-08,7655.0,-378.0,0.0,100,323.2,327.0,0,0.0,0.0,,0.0,1,0.06,0.04,SPY200717C00400000,400.0,normalDay
2020-06-09,7655.0,-619.0,0.0,100,320.79,327.0,0,0.0,0.0,,0.0,1,0.06,0.04,SPY200717C00400000,400.0,normalDay
2020-06-10,7655.0,-798.0,0.0,100,319.0,327.0,0,0.0,0.0,,0.0,1,0.06,0.04,SPY200717C00400000,400.0,normalDay
2020-06-11,7655.0,-2636.0,0.0,100,300.61,327.0,0,0.0,0.0,,0.0,1,0.06,0.03,SPY200717C00400000,400.0,normalDay
2020-06-12,7655.0,-2276.0,0.0,100,304.21,327.0,0,0.0,0.0,,0.0,1,0.06,0.03,SPY200717C00400000,400.0,normalDay
2020-06-15,7655.0,-1992.0,0.0,100,307.05,327.0,0,0.0,0.0,,0.0,1,0.06,0.03,SPY200717C00400000,400.0,normalDay
2020-06-16,7655.0,-1401.0,0.0,100,312.96,327.0,0,0.0,0.0,,0.0,1,0.06,0.03,SPY200717C00400000,400.0,normalDay
2020-06-17,7655.0,-1531.0,0.0,100,311.66,327.0,0,0.0,0.0,,0.0,1,0.06,0.03,SPY200717C00400000,400.0,normalDay
2020-06-18,7655.0,-1518.0,0.0,100,311.78,327.0,0,0.0,0.0,,0.0,1,0.06,0.02,SPY200717C00400000,400.0,normalDay
2020-06-19,7655.0,-1832.0,0.0,100,308.64,327.0,0,0.0,0.0,,0.0,1,0.06,0.02,SPY200717C00400000,400.0,normalDay
2020-06-22,7655.0,-1634.0,0.0,100,310.62,327.0,0,0.0,0.0,,0.0,1,0.06,0.02,SPY200717C00400000,400.0,normalDay
2020-06-23,7655.0,-1490.0,0.0,100,312.05,327.0,0,0.0,0.0,,0.0,1,0.06,0.01,SPY200717C00400000,400.0,normalDay
2020-06-24,7655.0,-2286.0,0.0,100,304.09,327.0,0,0.0,0.0,,0.0,1,0.06,0.01,SPY200717C00400000,400.0,normalDay
2020-06-25,7655.0,-1960.0,0.0,100,307.35,327.0,0,0.0,0.0,,0.0,1,0.06,0.01,SPY200717C00400000,400.0,normalDay
2020-06-26,7655.0,-2690.0,0.0,100,300.05,327.0,0,0.0,0.0,,0.0,1,0.06,0.01,SPY200717C00400000,400.0,normalDay
2020-06-29,7655.0,-2249.0,0.0,100,304.46,327.0,0,0.0,0.0,,0.0,1,0.06,0.01,SPY200717C00400000,400.0,normalDay
2020-06-30,7655.0,-1859.0,0.0,100,308.36,327.0,0,0.0,0.0,,0.0,1,0.06,0.01,SPY200717C00400000,400.0,normalDay
2020-07-01,7655.0,-1643.0,0.0,100,310.52,327.0,0,0.0,0.0,,0.0,1,0.06,0.01,SPY200717C00400000,400.0,normalDay
2020-07-02,7655.0,-1472.0,0.0,100,312.23,327.0,0,0.0,0.0,,0.0,1,0.06,0.01,SPY200717C00400000,400.0,normalDay
2020-07-06,7655.0,-990.0,0.0,100,317.05,327.0,0,0.0,0.0,,0.0,1,0.06,0.01,SPY200717C00400000,400.0,normalDay
2020-07-07,7655.0,-1317.0,0.0,100,313.78,327.0,0,0.0,0.0,,0.0,1,0.06,0.01,SPY200717C00400000,400.0,normalDay
2020-07-08,7655.0,-1077.0,0.0,100,316.18,327.0,0,0.0,0.0,,0.0,1,0.06,0.01,SPY200717C00400000,400.0,normalDay
2020-07-09,7655.0,-1257.0,0.0,100,314.38,327.0,0,0.0,0.0,,0.0,1,0.06,0.01,SPY200717C00400000,400.0,normalDay
2020-07-10,7655.0,-936.0,0.0,100,317.59,327.0,0,0.0,0.0,,0.0,1,0.06,0.01,SPY200717C00400000,400.0,normalDay
2020-07-13,7655.0,-1211.0,0.0,100,314.84,327.0,0,0.0,0.0,,0.0,1,0.06,0.01,SPY200717C00400000,400.0,normalDay
2020-07-14,7655.0,-803.0,0.0,100,318.92,327.0,0,0.0,0.0,,0.0,1,0.06,0.01,SPY200717C00400000,400.0,normalDay
2020-07-15,7655.0,-510.0,0.0,100,321.85,327.0,0,0.0,0.0,,0.0,1,0.06,0.01,SPY200717C00400000,400.0,normalDay
2020-07-16,7655.0,-616.0,0.0,100,320.79,327.0,0,0.0,0.0,,0.0,1,0.06,0.01,SPY200717C00400000,400.0,normalDay
2020-07-17,7661.0,-528.0,6.0,100,321.72,327.0,0,0.0,0.0,,0.0,1,0.06,0.0,SPY200717C00400000,400.0,expirationDay
2020-07-20,7661.0,-279.0,0.0,100,324.32,327.0,0,0.0,0.0,,0.0,1,8.5,8.61,SPY201120C00341000,341.0,normalDay
2020-07-21,7661.0,-241.0,0.0,100,325.01,327.0,0,0.0,0.0,,0.0,1,8.5,8.92,SPY201120C00341000,341.0,normalDay
2020-07-22,7661.0,-96.0,0.0,100,326.86,327.0,0,0.0,0.0,,0.0,1,8.5,9.32,SPY201120C00341000,341.0,normalDay
2020-07-23,7661.0,-331.0,0.0,100,322.96,327.0,0,0.0,0.0,,0.0,1,8.5,7.77,SPY201120C00341000,341.0,normalDay
2020-07-24,7661.0,-487.0,0.0,100,320.88,327.0,0,0.0,0.0,,0.0,1,8.5,7.25,SPY201120C00341000,341.0,normalDay
2020-07-27,7661.0,-304.0,0.0,100,323.22,327.0,0,0.0,0.0,,0.0,1,8.5,7.76,SPY201120C00341000,341.0,normalDay
2020-07-28,7661.0,-435.0,0.0,100,321.17,327.0,0,0.0,0.0,,0.0,1,8.5,7.02,SPY201120C00341000,341.0,normalDay
2020-07-29,7661.0,-172.0,0.0,100,325.12,327.0,0,0.0,0.0,,0.0,1,8.5,8.34,SPY201120C00341000,341.0,normalDay
2020-07-30,7661.0,-286.0,0.0,100,323.96,327.0,0,0.0,0.0,,0.0,1,8.5,8.32,SPY201120C00341000,341.0,normalDay
2020-07-31,7661.0,-114.0,0.0,100,326.52,327.0,0,0.0,0.0,,0.0,1,8.5,9.16,SPY201120C00341000,341.0,normalDay
2020-08-03,7661.0,39.0,0.0,100,328.79,327.0,0,0.0,0.0,,0.0,1,8.5,9.9,SPY201120C00341000,341.0,normalDay
2020-08-04,7661.0,149.0,0.0,100,330.06,327.0,0,0.0,0.0,,0.0,1,8.5,10.07,SPY201120C00341000,341.0,normalDay
2020-08-05,7661.0,281.0,0.0,100,332.11,327.0,0,0.0,0.0,,0.0,1,8.5,10.8,SPY201120C00341000,341.0,normalDay
2020-08-06,7661.0,395.0,0.0,100,334.33,327.0,0,0.0,0.0,,0.0,1,8.5,11.88,SPY201120C00341000,341.0,normalDay
2020-08-07,7661.0,419.0,0.0,100,334.57,327.0,0,0.0,0.0,,0.0,1,8.5,11.88,SPY201120C00341000,341.0,normalDay
2020-08-10,7661.0,503.0,0.0,100,335.57,327.0,0,0.0,0.0,,0.0,1,8.5,12.04,SPY201120C00341000,341.0,normalDay
2020-08-11,7661.0,308.0,0.0,100,332.8,327.0,0,0.0,0.0,,0.0,1,8.5,11.22,SPY201120C00341000,341.0,normalDay
2020-08-12,7661.0,598.0,0.0,100,337.44,327.0,0,0.0,0.0,,0.0,1,8.5,12.96,SPY201120C00341000,341.0,normalDay
2020-08-13,7661.0,573.0,0.0,100,336.83,327.0,0,0.0,0.0,,0.0,1,8.5,12.6,SPY201120C00341000,341.0,normalDay
2020-08-14,7661.0,583.0,0.0,100,336.84,327.0,0,0.0,0.0,,0.0,1,8.5,12.51,SPY201120C00341000,341.0,normalDay
2020-08-17,7661.0,689.0,0.0,100,337.91,327.0,0,0.0,0.0,,0.0,1,8.5,12.52,SPY201120C00341000,341.0,normalDay
2020-08-18,7661.0,740.0,0.0,100,338.64,327.0,0,0.0,0.0,,0.0,1,8.5,12.74,SPY201120C00341000,341.0,normalDay
2020-08-19,7661.0,660.0,0.0,100,337.23,327.0,0,0.0,0.0,,0.0,1,8.5,12.13,SPY201120C00341000,341.0,normalDay
2020-08-20,7661.0,737.0,0.0,100,338.28,327.0,0,0.0,0.0,,0.0,1,8.5,12.41,SPY201120C00341000,341.0,normalDay
2020-08-21,7661.0,794.0,0.0,100,339.48,327.0,0,0.0,0.0,,0.0,1,8.5,13.04,SPY201120C00341000,341.0,normalDay
2020-08-24,7661.0,950.0,0.0,100,342.92,327.0,0,0.0,0.0,,0.0,1,8.5,14.92,SPY201120C00341000,341.0,normalDay
2020-08-25,7661.0,989.0,0.0,100,344.12,327.0,0,0.0,0.0,,0.0,1,8.5,15.73,SPY201120C00341000,341.0,normalDay
2020-08-26,7661.0,1061.0,0.0,100,347.57,327.0,0,0.0,0.0,,0.0,1,8.5,18.46,SPY201120C00341000,341.0,normalDay
2020-08-27,7661.0,1038.0,0.0,100,348.33,327.0,0,0.0,0.0,,0.0,1,8.5,19.45,SPY201120C00341000,341.0,normalDay
2020-08-28,7661.0,1166.0,0.0,100,350.58,327.0,0,0.0,0.0,,0.0,1,8.5,20.42,SPY201120C00341000,341.0,normalDay
2020-08-31,7661.0,993.0,0.0,100,349.31,327.0,0,0.0,0.0,,0.0,1,8.5,20.88,SPY201120C00341000,341.0,normalDay
2020-09-01,7661.0,1118.0,0.0,100,352.6,327.0,0,0.0,0.0,,0.0,1,8.5,22.92,SPY201120C00341000,341.0,normalDay
2020-09-02,7661.0,1190.0,0.0,100,357.7,327.0,0,0.0,0.0,,0.0,1,8.5,27.3,SPY201120C00341000,341.0,normalDay
2020-09-03,7661.0,600.0,0.0,100,345.39,327.0,0,0.0,0.0,,0.0,1,8.5,20.89,SPY201120C00341000,341.0,normalDay
2020-09-04,7661.0,682.0,0.0,100,342.57,327.0,0,0.0,0.0,,0.0,1,8.5,17.25,SPY201120C00341000,341.0,normalDay
2020-09-08,7661.0,305.0,0.0,100,333.21,327.0,0,0.0,0.0,,0.0,1,8.5,11.66,SPY201120C00341000,341.0,normalDay
2020-09-09,7661.0,708.0,0.0,100,339.79,327.0,0,0.0,0.0,,0.0,1,8.5,14.21,SPY201120C00341000,341.0,normalDay
2020-09-10,7661.0,400.0,0.0,100,333.89,327.0,0,0.0,0.0,,0.0,1,8.5,11.39,SPY201120C00341000,341.0,normalDay
2020-09-11,7661.0,541.0,0.0,100,334.06,327.0,0,0.0,0.0,,0.0,1,8.5,10.15,SPY201120C00341000,341.0,normalDay
2020-09-14,7661.0,765.0,0.0,100,338.46,327.0,0,0.0,0.0,,0.0,1,8.5,12.31,SPY201120C00341000,341.0,normalDay
2020-09-15,7661.0,847.0,0.0,100,340.17,327.0,0,0.0,0.0,,0.0,1,8.5,13.2,SPY201120C00341000,341.0,normalDay
2020-09-16,7661.0,825.0,0.0,100,338.82,327.0,0,0.0,0.0,,0.0,1,8.5,12.07,SPY201120C00341000,341.0,normalDay
2020-09-17,7661.0,672.0,0.0,100,335.84,327.0,0,0.0,0.0,,0.0,1,8.5,10.62,SPY201120C00341000,341.0,normalDay
2020-09-18,7661.0,378.0,0.0,100,330.65,327.0,0,0.0,0.0,,0.0,1,8.5,8.37,SPY201120C00341000,341.0,normalDay
2020-09-21,7661.0,130.0,0.0,100,326.97,327.0,0,0.0,0.0,,0.0,1,8.5,7.17,SPY201120C00341000,341.0,normalDay
2020-09-22,7661.0,357.0,0.0,100,330.3,327.0,0,0.0,0.0,,0.0,1,8.5,8.23,SPY201120C00341000,341.0,normalDay
2020-09-23,7661.0,-153.0,0.0,100,322.64,327.0,0,0.0,0.0,,0.0,1,8.5,5.67,SPY201120C00341000,341.0,normalDay
2020-09-24,7661.0,-73.0,0.0,100,323.5,327.0,0,0.0,0.0,,0.0,1,8.5,5.73,SPY201120C00341000,341.0,normalDay
2020-09-25,7661.0,300.0,0.0,100,328.73,327.0,0,0.0,0.0,,0.0,1,8.5,7.23,SPY201120C00341000,341.0,normalDay
2020-09-28,7661.0,593.0,0.0,100,334.19,327.0,0,0.0,0.0,,0.0,1,8.5,9.76,SPY201120C00341000,341.0,normalDay
2020-09-29,7661.0,487.0,0.0,100,332.37,327.0,0,0.0,0.0,,0.0,1,8.5,9.0,SPY201120C00341000,341.0,normalDay
2020-09-30,7661.0,718.0,0.0,100,334.89,327.0,0,0.0,0.0,,0.0,1,8.5,9.21,SPY201120C00341000,341.0,normalDay
2020-10-01,7661.0,755.0,0.0,100,337.04,327.0,0,0.0,0.0,,0.0,1,8.5,10.99,SPY201120C00341000,341.0,normalDay
2020-10-02,7661.0,592.0,0.0,100,333.84,327.0,0,0.0,0.0,,0.0,1,8.5,9.42,SPY201120C00341000,341.0,normalDay
2020-10-05,7661.0,952.0,0.0,100,339.76,327.0,0,0.0,0.0,,0.0,1,8.5,11.74,SPY201120C00341000,341.0,normalDay
2020-10-06,7661.0,708.0,0.0,100,334.93,327.0,0,0.0,0.0,,0.0,1,8.5,9.35,SPY201120C00341000,341.0,normalDay
2020-10-07,7661.0,1057.0,0.0,100,340.76,327.0,0,0.0,0.0,,0.0,1,8.5,11.69,SPY201120C00341000,341.0,normalDay
2020-10-08,7661.0,1251.0,0.0,100,343.78,327.0,0,0.0,0.0,,0.0,1,8.5,12.77,SPY201120C00341000,341.0,normalDay
2020-10-09,7661.0,1421.0,0.0,100,346.85,327.0,0,0.0,0.0,,0.0,1,8.5,14.14,SPY201120C00341000,341.0,normalDay
2020-10-12,7661.0,1599.0,0.0,100,352.43,327.0,0,0.0,0.0,,0.0,1,8.5,17.94,SPY201120C00341000,341.0,normalDay
2020-10-13,7661.0,1519.0,0.0,100,350.13,327.0,0,0.0,0.0,,0.0,1,8.5,16.44,SPY201120C00341000,341.0,normalDay
2020-10-14,7661.0,1468.0,0.0,100,347.93,327.0,0,0.0,0.0,,0.0,1,8.5,14.75,SPY201120C00341000,341.0,normalDay
2020-10-15,7661.0,1447.0,0.0,100,347.5,327.0,0,0.0,0.0,,0.0,1,8.5,14.53,SPY201120C00341000,341.0,normalDay
2020-10-16,7661.0,1485.0,0.0,100,347.29,327.0,0,0.0,0.0,,0.0,1,8.5,13.94,SPY201120C00341000,341.0,normalDay
2020-10-19,7661.0,1224.0,0.0,100,342.01,327.0,0,0.0,0.0,,0.0,1,8.5,11.27,SPY201120C00341000,341.0,normalDay
2020-10-20,7661.0,1321.0,0.0,100,343.38,327.0,0,0.0,0.0,,0.0,1,8.5,11.67,SPY201120C00341000,341.0,normalDay
2020-10-21,7661.0,1281.0,0.0,100,342.73,327.0,0,0.0,0.0,,0.0,1,8.5,11.42,SPY201120C00341000,341.0,normalDay
2020-10-22,7661.0,1424.0,0.0,100,344.61,327.0,0,0.0,0.0,,0.0,1,8.5,11.87,SPY201120C00341000,341.0,normalDay
2020-10-23,7661.0,1519.0,0.0,100,345.78,327.0,0,0.0,0.0,,0.0,1,8.5,12.09,SPY201120C00341000,341.0,normalDay
2020-10-26,7661.0,1127.0,0.0,100,339.39,327.0,0,0.0,0.0,,0.0,1,8.5,9.62,SPY201120C00341000,341.0,normalDay
2020-10-27,7661.0,1085.0,0.0,100,338.22,327.0,0,0.0,0.0,,0.0,1,8.5,8.87,SPY201120C00341000,341.0,normalDay
2020-10-28,7661.0,299.0,0.0,100,326.66,327.0,0,0.0,0.0,,0.0,1,8.5,5.17,SPY201120C00341000,341.0,normalDay
2020-10-29,7661.0,586.0,0.0,100,329.98,327.0,0,0.0,0.0,,0.0,1,8.5,5.62,SPY201120C00341000,341.0,normalDay
2020-10-30,7661.0,384.0,0.0,100,326.54,327.0,0,0.0,0.0,,0.0,1,8.5,4.2,SPY201120C00341000,341.0,normalDay
2020-11-02,7661.0,701.0,0.0,100,330.2,327.0,0,0.0,0.0,,0.0,1,8.5,4.69,SPY201120C00341000,341.0,normalDay
2020-11-03,7661.0,1118.0,0.0,100,336.03,327.0,0,0.0,0.0,,0.0,1,8.5,6.35,SPY201120C00341000,341.0,normalDay
2020-11-04,7661.0,1574.0,0.0,100,343.54,327.0,0,0.0,0.0,,0.0,1,8.5,9.3,SPY201120C00341000,341.0,normalDay
2020-11-05,7661.0,1830.0,0.0,100,350.24,327.0,0,0.0,0.0,,0.0,1,8.5,13.44,SPY201120C00341000,341.0,normalDay
2020-11-06,7661.0,1925.0,0.0,100,350.16,327.0,0,0.0,0.0,,0.0,1,8.5,12.41,SPY201120C00341000,341.0,normalDay
2020-11-09,7661.0,1958.0,0.0,100,354.56,327.0,0,0.0,0.0,,0.0,1,8.5,16.48,SPY201120C00341000,341.0,normalDay
2020-11-10,7661.0,2034.0,0.0,100,354.04,327.0,0,0.0,0.0,,0.0,1,8.5,15.2,SPY201120C00341000,341.0,normalDay
2020-11-11,7661.0,2107.0,0.0,100,356.67,327.0,0,0.0,0.0,,0.0,1,8.5,17.1,SPY201120C00341000,341.0,normalDay
2020-11-12,7661.0,2061.0,0.0,100,353.21,327.0,0,0.0,0.0,,0.0,1,8.5,14.1,SPY201120C00341000,341.0,normalDay
2020-11-13,7661.0,2182.0,0.0,100,358.1,327.0,0,0.0,0.0,,0.0,1,8.5,17.78,SPY201120C00341000,341.0,normalDay
2020-11-16,7661.0,2247.0,0.0,100,362.57,327.0,0,0.0,0.0,,0.0,1,8.5,21.6,SPY201120C00341000,341.0,normalDay
2020-11-17,7661.0,2228.0,0.0,100,360.62,327.0,0,0.0,0.0,,0.0,1,8.5,19.84,SPY201120C00341000,341.0,normalDay
2020-11-18,7661.0,2210.0,0.0,100,356.28,327.0,0,0.0,0.0,,0.0,1,8.5,15.68,SPY201120C00341000,341.0,normalDay
2020-11-19,7661.0,2228.0,0.0,100,357.78,327.0,0,0.0,0.0,,0.0,1,8.5,17.0,SPY201120C00341000,341.0,normalDay
2020-11-20,9911.0,2228.0,2250.0,0,355.33,0.0,0,0.0,0.0,,0.0,1,8.5,0.0,SPY201120C00341000,341.0,expirationDay
2020-11-23,9911.0,-3.0,0.0,0,357.46,0.0,1,0.68,0.71,SPY201204P00338000,338.0,0,0.0,0.0,,0.0,normalDay
2020-11-24,9911.0,38.0,0.0,0,363.22,0.0,1,0.68,0.3,SPY201204P00338000,338.0,0,0.0,0.0,,0.0,normalDay
2020-11-25,9911.0,45.0,0.0,0,362.66,0.0,1,0.68,0.23,SPY201204P00338000,338.0,0,0.0,0.0,,0.0,normalDay
2020-11-27,9911.0,56.0,0.0,0,363.67,0.0,1,0.68,0.12,SPY201204P00338000,338.0,0,0.0,0.0,,0.0,normalDay
2020-11-30,9911.0,60.0,0.0,0,362.06,0.0,1,0.68,0.08,SPY201204P00338000,338.0,0,0.0,0.0,,0.0,normalDay
2020-12-01,9911.0,63.0,0.0,0,366.02,0.0,1,0.68,0.05,SPY201204P00338000,338.0,0,0.0,0.0,,0.0,normalDay
2020-12-02,9911.0,65.0,0.0,0,366.79,0.0,1,0.68,0.03,SPY201204P00338000,338.0,0,0.0,0.0,,0.0,normalDay
2020-12-03,9911.0,65.0,0.0,0,366.69,0.0,1,0.68,0.03,SPY201204P00338000,338.0,0,0.0,0.0,,0.0,normalDay
2020-12-04,9979.0,0.0,68.0,0,369.85,0.0,1,0.68,0.0,SPY201204P00338000,338.0,0,0.0,0.0,,0.0,expirationDay
2020-12-07,9979.0,-4.0,0.0,0,369.09,0.0,1,1.51,1.55,SPY201218P00357000,357.0,0,0.0,0.0,,0.0,normalDay
2020-12-08,9979.0,43.0,0.0,0,370.17,0.0,1,1.51,1.08,SPY201218P00357000,357.0,0,0.0,0.0,,0.0,normalDay
2020-12-09,9979.0,-17.0,0.0,0,366.85,0.0,1,1.51,1.68,SPY201218P00357000,357.0,0,0.0,0.0,,0.0,normalDay
2020-12-10,9979.0,5.0,0.0,0,366.73,0.0,1,1.51,1.46,SPY201218P00357000,357.0,0,0.0,0.0,,0.0,normalDay
2020-12-11,9979.0,8.0,0.0,0,366.3,0.0,1,1.51,1.43,SPY201218P00357000,357.0,0,0.0,0.0,,0.0,normalDay
2020-12-14,9979.0,9.0,0.0,0,364.66,0.0,1,1.51,1.42,SPY201218P00357000,357.0,0,0.0,0.0,,0.0,normalDay
2020-12-15,9979.0,98.0,0.0,0,369.59,0.0,1,1.51,0.53,SPY201218P00357000,357.0,0,0.0,0.0,,0.0,normalDay
2020-12-16,9979.0,127.0,0.0,0,370.17,0.0,1,1.51,0.24,SPY201218P00357000,357.0,0,0.0,0.0,,0.0,normalDay
2020-12-17,9979.0,139.0,0.0,0,372.24,0.0,1,1.51,0.12,SPY201218P00357000,357.0,0,0.0,0.0,,0.0,normalDay
2020-12-18,10130.0,0.0,151.0,0,369.18,0.0,1,1.51,0.0,SPY201218P00357000,357.0,0,0.0,0.0,,0.0,expirationDay
2020-12-21,10130.0,-5.0,0.0,0,367.86,0.0,1,3.08,3.13,SPY201231P00364000,364.0,0,0.0,0.0,,0.0,normalDay
2020-12-22,10130.0,25.0,0.0,0,367.24,0.0,1,3.08,2.83,SPY201231P00364000,364.0,0,0.0,0.0,,0.0,normalDay
2020-12-23,10130.0,94.0,0.0,0,367.57,0.0,1,3.08,2.14,SPY201231P00364000,364.0,0,0.0,0.0,,0.0,normalDay
2020-12-24,10130.0,183.0,0.0,0,369.0,0.0,1,3.08,1.25,SPY201231P00364000,364.0,0,0.0,0.0,,0.0,normalDay
2020-12-28,10130.0,280.0,0.0,0,372.17,0.0,1,3.08,0.28,SPY201231P00364000,364.0,0,0.0,0.0,,0.0,normalDay
2020-12-29,10130.0,280.0,0.0,0,371.46,0.0,1,3.08,0.28,SPY201231P00364000,364.0,0,0.0,0.0,,0.0,normalDay
2020-12-30,10130.0,297.0,0.0,0,371.99,0.0,1,3.08,0.11,SPY201231P00364000,364.0,0,0.0,0.0,,0.0,normalDay
2020-12-31,10438.0,0.0,308.0,0,373.88,0.0,1,3.08,0.0,SPY201231P00364000,364.0,0,0.0,0.0,,0.0,expirationDay
2021-01-04,10438.0,-4.0,0.0,0,368.79,0.0,1,4.8,4.84,SPY210115P00367000,367.0,0,0.0,0.0,,0.0,normalDay
2021-01-05,10438.0,124.0,0.0,0,371.33,0.0,1,4.8,3.56,SPY210115P00367000,367.0,0,0.0,0.0,,0.0,normalDay
2021-01-06,10438.0,195.0,0.0,0,373.55,0.0,1,4.8,2.85,SPY210115P00367000,367.0,0,0.0,0.0,,0.0,normalDay
2021-01-07,10438.0,381.0,0.0,0,379.1,0.0,1,4.8,0.99,SPY210115P00367000,367.0,0,0.0,0.0,,0.0,normalDay
2021-01-08,10438.0,420.0,0.0,0,381.26,0.0,1,4.8,0.6,SPY210115P00367000,367.0,0,0.0,0.0,,0.0,normalDay
2021-01-11,10438.0,416.0,0.0,0,378.69,0.0,1,4.8,0.64,SPY210115P00367000,367.0,0,0.0,0.0,,0.0,normalDay
2021-01-12,10438.0,443.0,0.0,0,378.77,0.0,1,4.8,0.37,SPY210115P00367000,367.0,0,0.0,0.0,,0.0,normalDay
2021-01-13,10438.0,466.0,0.0,0,379.79,0.0,1,4.8,0.14,SPY210115P00367000,367.0,0,0.0,0.0,,0.0,normalDay
2021-01-14,10438.0,470.0,0.0,0,378.46,0.0,1,4.8,0.1,SPY210115P00367000,367.0,0,0.0,0.0,,0.0,normalDay
2021-01-15,10918.0,0.0,480.0,0,375.7,0.0,1,4.8,0.0,SPY210115P00367000,367.0,0,0.0,0.0,,0.0,expirationDay
2021-01-19,10918.0,-5.0,0.0,0,378.65,0.0,1,2.2,2.25,SPY210129P00370000,370.0,0,0.0,0.0,,0.0,normalDay
2021-01-20,10918.0,121.0,0.0,0,383.89,0.0,1,2.2,0.99,SPY210129P00370000,370.0,0,0.0,0.0,,0.0,normalDay
2021-01-21,10918.0,146.0,0.0,0,384.24,0.0,1,2.2,0.74,SPY210129P00370000,370.0,0,0.0,0.0,,0.0,normalDay
2021-01-22,10918.0,157.0,0.0,0,382.88,0.0,1,2.2,0.63,SPY210129P00370000,370.0,0,0.0,0.0,,0.0,normalDay
2021-01-25,10918.0,183.0,0.0,0,384.39,0.0,1,2.2,0.37,SPY210129P00370000,370.0,0,0.0,0.0,,0.0,normalDay
2021-01-26,10918.0,197.0,0.0,0,383.79,0.0,1,2.2,0.23,SPY210129P00370000,370.0,0,0.0,0.0,,0.0,normalDay
2021-01-27,10918.0,-45.0,0.0,0,374.41,0.0,1,2.2,2.65,SPY210129P00370000,370.0,0,0.0,0.0,,0.0,normalDay
2021-01-28,10918.0,177.0,0.0,0,377.63,0.0,1,2.2,0.43,SPY210129P00370000,370.0,0,0.0,0.0,,0.0,normalDay
2021-01-29,11138.0,0.0,220.0,0,370.07,0.0,1,2.2,0.0,SPY210129P00370000,370.0,0,0.0,0.0,,0.0,expirationDay
2021-02-01,11138.0,-7.0,0.0,0,376.23,0.0,1,5.56,5.63,SPY210212P00374000,374.0,0,0.0,0.0,,0.0,normalDay
2021-02-02,11138.0,308.0,0.0,0,381.55,0.0,1,5.56,2.48,SPY210212P00374000,374.0,0,0.0,0.0,,0.0,normalDay
2021-02-03,11138.0,381.0,0.0,0,381.85,0.0,1,5.56,1.75,SPY210212P00374000,374.0,0,0.0,0.0,,0.0,normalDay
2021-02-04,11138.0,469.0,0.0,0,386.19,0.0,1,5.56,0.87,SPY210212P00374000,374.0,0,0.0,0.0,,0.0,normalDay
2021-02-05,11138.0,515.0,0.0,0,387.71,0.0,1,5.56,0.41,SPY210212P00374000,374.0,0,0.0,0.0,,0.0,normalDay
2021-02-08,11138.0,541.0,0.0,0,390.51,0.0,1,5.56,0.15,SPY210212P00374000,374.0,0,0.0,0.0,,0.0,normalDay
2021-02-09,11138.0,546.0,0.0,0,390.25,0.0,1,5.56,0.1,SPY210212P00374000,374.0,0,0.0,0.0,,0.0,normalDay
2021-02-10,11138.0,547.0,0.0,0,390.08,0.0,1,5.56,0.09,SPY210212P00374000,374.0,0,0.0,0.0,,0.0,normalDay
2021-02-11,11138.0,554.0,0.0,0,390.71,0.0,1,5.56,0.02,SPY210212P00374000,374.0,0,0.0,0.0,,0.0,normalDay
2021-02-12,11694.0,0.0,556.0,0,392.64,0.0,1,5.56,0.0,SPY210212P00374000,374.0,0,0.0,0.0,,0.0,expirationDay
2021-02-16,11694.0,-3.0,0.0,0,392.3,0.0,1,1.23,1.26,SPY210226P00379000,379.0,0,0.0,0.0,,0.0,normalDay
2021-02-17,11694.0,24.0,0.0,0,392.39,0.0,1,1.23,0.99,SPY210226P00379000,379.0,0,0.0,0.0,,0.0,normalDay
2021-02-18,11694.0,11.0,0.0,0,390.72,0.0,1,1.23,1.12,SPY210226P00379000,379.0,0,0.0,0.0,,0.0,normalDay
2021-02-19,11694.0,43.0,0.0,0,390.03,0.0,1,1.23,0.8,SPY210226P00379000,379.0,0,0.0,0.0,,0.0,normalDay
2021-02-22,11694.0,28.0,0.0,0,387.03,0.0,1,1.23,0.95,SPY210226P00379000,379.0,0,0.0,0.0,,0.0,normalDay
2021-02-23,11694.0,51.0,0.0,0,387.5,0.0,1,1.23,0.72,SPY210226P00379000,379.0,0,0.0,0.0,,0.0,normalDay
2021-02-24,11694.0,110.0,0.0,0,391.77,0.0,1,1.23,0.13,SPY210226P00379000,379.0,0,0.0,0.0,,0.0,normalDay
2021-02-25,11694.0,7.0,0.0,0,382.33,0.0,1,1.23,1.16,SPY210226P00379000,379.0,0,0.0,0.0,,0.0,normalDay
2021-02-26,11817.0,0.0,123.0,0,380.36,0.0,1,1.23,0.0,SPY210226P00379000,379.0,0,0.0,0.0,,0.0,expirationDay
2021-03-01,11817.0,-6.0,0.0,0,389.58,0.0,1,3.17,3.23,SPY210312P00384000,384.0,0,0.0,0.0,,0.0,normalDay
2021-03-02,11817.0,-104.0,0.0,0,386.54,0.0,1,3.17,4.21,SPY210312P00384000,384.0,0,0.0,0.0,,0.0,normalDay
2021-03-03,11817.0,-343.0,0.0,0,381.42,0.0,1,3.17,6.6,SPY210312P00384000,384.0,0,0.0,0.0,,0.0,normalDay
2021-03-04,11817.0,-618.0,0.0,0,376.7,0.0,1,3.17,9.35,SPY210312P00384000,384.0,0,0.0,0.0,,0.0,normalDay
2021-03-05,11817.0,-146.0,0.0,0,383.63,0.0,1,3.17,4.63,SPY210312P00384000,384.0,0,0.0,0.0,,0.0,normalDay
2021-03-08,11817.0,-181.0,0.0,0,381.72,0.0,1,3.17,4.98,SPY210312P00384000,384.0,0,0.0,0.0,,0.0,normalDay
2021-03-09,11817.0,108.0,0.0,0,387.17,0.0,1,3.17,2.09,SPY210312P00384000,384.0,0,0.0,0.0,,0.0,normalDay
2021-03-10,11817.0,254.0,0.0,0,389.58,0.0,1,3.17,0.63,SPY210312P00384000,384.0,0,0.0,0.0,,0.0,normalDay
2021-03-11,11817.0,310.0,0.0,0,393.53,0.0,1,3.17,0.07,SPY210312P00384000,384.0,0,0.0,0.0,,0.0,normalDay
2021-03-12,12134.0,0.0,317.0,0,394.06,0.0,1,3.17,0.0,SPY210312P00384000,384.0,0,0.0,0.0,,0.0,expirationDay
2021-03-15,12134.0,-3.0,0.0,0,396.41,0.0,1,1.37,1.4,SPY210326P00384000,384.0,0,0.0,0.0,,0.0,normalDay
2021-03-16,12134.0,-3.0,0.0,0,395.91,0.0,1,1.37,1.4,SPY210326P00384000,384.0,0,0.0,0.0,,0.0,normalDay
2021-03-17,12134.0,40.0,0.0,0,397.26,0.0,1,1.37,0.97,SPY210326P00384000,384.0,0,0.0,0.0,,0.0,normalDay
2021-03-18,12134.0,-51.0,0.0,0,391.48,0.0,1,1.37,1.88,SPY210326P00384000,384.0,0,0.0,0.0,,0.0,normalDay
2021-03-19,12134.0,-33.0,0.0,0,389.48,0.0,1,1.37,1.7,SPY210326P00384000,384.0,0,0.0,0.0,,0.0,normalDay
2021-03-22,12134.0,89.0,0.0,0,392.59,0.0,1,1.37,0.48,SPY210326P00384000,384.0,0,0.0,0.0,,0.0,normalDay
2021-03-23,12134.0,54.0,0.0,0,389.5,0.0,1,1.37,0.83,SPY210326P00384000,384.0,0,0.0,0.0,,0.0,normalDay
2021-03-24,12134.0,46.0,0.0,0,387.52,0.0,1,1.37,0.91,SPY210326P00384000,384.0,0,0.0,0.0,,0.0,normalDay
2021-03-25,12134.0,117.0,0.0,0,389.7,0.0,1,1.37,0.2,SPY210326P00384000,384.0,0,0.0,0.0,,0.0,normalDay
2021-03-26,12271.0,0.0,137.0,0,395.98,0.0,1,1.37,0.0,SPY210326P00384000,384.0,0,0.0,0.0,,0.0,expirationDay
2021-03-29,12271.0,-4.0,0.0,0,395.78,0.0,1,1.62,1.66,SPY210409P00385000,385.0,0,0.0,0.0,,0.0,normalDay
2021-03-30,12271.0,11.0,0.0,0,394.73,0.0,1,1.62,1.51,SPY210409P00385000,385.0,0,0.0,0.0,,0.0,normalDay
2021-03-31,12271.0,73.0,0.0,0,396.33,0.0,1,1.62,0.89,SPY210409P00385000,385.0,0,0.0,0.0,,0.0,normalDay
2021-04-01,12271.0,137.0,0.0,0,400.61,0.0,1,1.62,0.25,SPY210409P00385000,385.0,0,0.0,0.0,,0.0,normalDay
2021-04-05,12271.0,153.0,0.0,0,406.36,0.0,1,1.62,0.09,SPY210409P00385000,385.0,0,0.0,0.0,,0.0,normalDay
2021-04-06,12271.0,156.0,0.0,0,406.12,0.0,1,1.62,0.06,SPY210409P00385000,385.0,0,0.0,0.0,,0.0,normalDay
2021-04-07,12271.0,160.0,0.0,0,406.59,0.0,1,1.62,0.02,SPY210409P00385000,385.0,0,0.0,0.0,,0.0,normalDay
2021-04-08,12271.0,161.0,0.0,0,408.52,0.0,1,1.62,0.01,SPY210409P00385000,385.0,0,0.0,0.0,,0.0,normalDay
2021-04-09,12433.0,0.0,162.0,0,411.49,0.0,1,1.62,0.0,SPY210409P00385000,385.0,0,0.0,0.0,,0.0,expirationDay
2021-04-12,12433.0,-3.0,0.0,0,411.64,0.0,1,0.37,0.4,SPY210423P00392000,392.0,0,0.0,0.0,,0.0,normalDay
2021-04-13,12433.0,9.0,0.0,0,412.86,0.0,1,0.37,0.28,SPY210423P00392000,392.0,0,0.0,0.0,,0.0,normalDay
2021-04-14,12433.0,7.0,0.0,0,411.45,0.0,1,0.37,0.3,SPY210423P00392000,392.0,0,0.0,0.0,,0.0,normalDay
2021-04-15,12433.0,19.0,0.0,0,415.87,0.0,1,0.37,0.18,SPY210423P00392000,392.0,0,0.0,0.0,,0.0,normalDay
2021-04-16,12433.0,30.0,0.0,0,417.26,0.0,1,0.37,0.07,SPY210423P00392000,392.0,0,0.0,0.0,,0.0,normalDay
2021-04-19,12433.0,33.0,0.0,0,415.21,0.0,1,0.37,0.04,SPY210423P00392000,392.0,0,0.0,0.0,,0.0,normalDay
2021-04-20,12433.0,32.0,0.0,0,412.17,0.0,1,0.37,0.05,SPY210423P00392000,392.0,0,0.0,0.0,,0.0,normalDay
2021-04-21,12433.0,35.0,0.0,0,416.07,0.0,1,0.37,0.02,SPY210423P00392000,392.0,0,0.0,0.0,,0.0,normalDay
2021-04-22,12433.0,35.0,0.0,0,412.27,0.0,1,0.37,0.02,SPY210423P00392000,392.0,0,0.0,0.0,,0.0,normalDay
2021-04-23,12470.0,0.0,37.0,0,416.74,0.0,1,0.37,0.0,SPY210423P00392000,392.0,0,0.0,0.0,,0.0,expirationDay
2021-04-26,12470.0,-4.0,0.0,0,417.61,0.0,1,0.77,0.81,SPY210507P00403000,403.0,0,0.0,0.0,,0.0,normalDay
2021-04-27,12470.0,4.0,0.0,0,417.52,0.0,1,0.77,0.73,SPY210507P00403000,403.0,0,0.0,0.0,,0.0,normalDay
2021-04-28,12470.0,28.0,0.0,0,417.4,0.0,1,0.77,0.49,SPY210507P00403000,403.0,0,0.0,0.0,,0.0,normalDay
2021-04-29,12470.0,45.0,0.0,0,420.06,0.0,1,0.77,0.32,SPY210507P00403000,403.0,0,0.0,0.0,,0.0,normalDay
2021-04-30,12470.0,40.0,0.0,0,417.3,0.0,1,0.77,0.37,SPY210507P00403000,403.0,0,0.0,0.0,,0.0,normalDay
2021-05-03,12470.0,61.0,0.0,0,418.2,0.0,1,0.77,0.16,SPY210507P00403000,403.0,0,0.0,0.0,,0.0,normalDay
2021-05-04,12470.0,56.0,0.0,0,415.62,0.0,1,0.77,0.21,SPY210507P00403000,403.0,0,0.0,0.0,,0.0,normalDay
2021-05-05,12470.0,66.0,0.0,0,415.75,0.0,1,0.77,0.11,SPY210507P00403000,403.0,0,0.0,0.0,,0.0,normalDay
2021-05-06,12470.0,73.0,0.0,0,419.07,0.0,1,0.77,0.04,SPY210507P00403000,403.0,0,0.0,0.0,,0.0,normalDay
2021-05-07,12547.0,0.0,77.0,0,422.12,0.0,1,0.77,0.0,SPY210507P00403000,403.0,0,0.0,0.0,,0.0,expirationDay
2021-05-10,12547.0,-4.0,0.0,0,417.94,0.0,1,3.29,3.33,SPY210521P00414000,414.0,0,0.0,0.0,,0.0,normalDay
2021-05-11,12547.0,-158.0,0.0,0,414.21,0.0,1,3.29,4.87,SPY210521P00414000,414.0,0,0.0,0.0,,0.0,normalDay
2021-05-12,12547.0,-737.0,0.0,0,405.41,0.0,1,3.29,10.66,SPY210521P00414000,414.0,0,0.0,0.0,,0.0,normalDay
2021-05-13,12547.0,-336.0,0.0,0,410.28,0.0,1,3.29,6.65,SPY210521P00414000,414.0,0,0.0,0.0,,0.0,normalDay
2021-05-14,12547.0,101.0,0.0,0,416.58,0.0,1,3.29,2.28,SPY210521P00414000,414.0,0,0.0,0.0,,0.0,normalDay
2021-05-17,12547.0,107.0,0.0,0,415.52,0.0,1,3.29,2.22,SPY210521P00414000,414.0,0,0.0,0.0,,0.0,normalDay
2021-05-18,12547.0,-54.0,0.0,0,411.94,0.0,1,3.29,3.83,SPY210521P00414000,414.0,0,0.0,0.0,,0.0,normalDay
2021-05-19,12547.0,-96.0,0.0,0,410.86,0.0,1,3.29,4.25,SPY210521P00414000,414.0,0,0.0,0.0,,0.0,normalDay
2021-05-20,12547.0,233.0,0.0,0,415.28,0.0,1,3.29,0.96,SPY210521P00414000,414.0,0,0.0,0.0,,0.0,normalDay
2021-05-21,12876.0,0.0,329.0,0,414.94,0.0,1,3.29,0.0,SPY210521P00414000,414.0,0,0.0,0.0,,0.0,expirationDay
2021-05-24,12876.0,-3.0,0.0,0,419.17,0.0,1,1.66,1.69,SPY210604P00412500,412.5,0,0.0,0.0,,0.0,normalDay
2021-05-25,12876.0,-25.0,0.0,0,418.24,0.0,1,1.66,1.91,SPY210604P00412500,412.5,0,0.0,0.0,,0.0,normalDay
2021-05-26,12876.0,37.0,0.0,0,419.07,0.0,1,1.66,1.29,SPY210604P00412500,412.5,0,0.0,0.0,,0.0,normalDay
2021-05-27,12876.0,84.0,0.0,0,419.29,0.0,1,1.66,0.82,SPY210604P00412500,412.5,0,0.0,0.0,,0.0,normalDay
2021-05-28,12876.0,109.0,0.0,0,420.04,0.0,1,1.66,0.57,SPY210604P00412500,412.5,0,0.0,0.0,,0.0,normalDay
2021-06-01,12876.0,131.0,0.0,0,419.67,0.0,1,1.66,0.35,SPY210604P00412500,412.5,0,0.0,0.0,,0.0,normalDay
2021-06-02,12876.0,154.0,0.0,0,420.33,0.0,1,1.66,0.12,SPY210604P00412500,412.5,0,0.0,0.0,,0.0,normalDay
2021-06-03,12876.0,152.0,0.0,0,418.77,0.0,1,1.66,0.14,SPY210604P00412500,412.5,0,0.0,0.0,,0.0,normalDay
2021-06-04,13042.0,0.0,166.0,0,422.6,0.0,1,1.66,0.0,SPY210604P00412500,412.5,0,0.0,0.0,,0.0,expirationDay
2021-06-07,13042.0,-3.0,0.0,0,422.19,0.0,1,1.33,1.36,SPY210618P00413000,413.0,0,0.0,0.0,,0.0,normalDay
2021-06-08,13042.0,-16.0,0.0,0,422.28,0.0,1,1.33,1.49,SPY210618P00413000,413.0,0,0.0,0.0,,0.0,normalDay
2021-06-09,13042.0,-36.0,0.0,0,421.65,0.0,1,1.33,1.69,SPY210618P00413000,413.0,0,0.0,0.0,,0.0,normalDay
2021-06-10,13042.0,53.0,0.0,0,423.61,0.0,1,1.33,0.8,SPY210618P00413000,413.0,0,0.0,0.0,,0.0,normalDay
2021-06-11,13042.0,75.0,0.0,0,424.31,0.0,1,1.33,0.58,SPY210618P00413000,413.0,0,0.0,0.0,,0.0,normalDay
2021-06-14,13042.0,94.0,0.0,0,425.26,0.0,1,1.33,0.39,SPY210618P00413000,413.0,0,0.0,0.0,,0.0,normalDay
2021-06-15,13042.0,84.0,0.0,0,424.48,0.0,1,1.33,0.49,SPY210618P00413000,413.0,0,0.0,0.0,,0.0,normalDay
2021-06-16,13042.0,65.0,0.0,0,422.11,0.0,1,1.33,0.68,SPY210618P00413000,413.0,0,0.0,0.0,,0.0,normalDay
2021-06-17,13042.0,109.0,0.0,0,421.97,0.0,1,1.33,0.24,SPY210618P00413000,413.0,0,0.0,0.0,,0.0,normalDay
2021-06-18,13175.0,0.0,133.0,0,414.92,0.0,1,1.33,0.0,SPY210618P00413000,413.0,0,0.0,0.0,,0.0,expirationDay
2021-06-21,13175.0,-4.0,0.0,0,420.86,0.0,1,2.83,2.87,SPY210702P00419000,419.0,0,0.0,0.0,,0.0,normalDay
2021-06-22,13175.0,94.0,0.0,0,423.11,0.0,1,2.83,1.89,SPY210702P00419000,419.0,0,0.0,0.0,,0.0,normalDay
2021-06-23,13175.0,117.0,0.0,0,422.6,0.0,1,2.83,1.66,SPY210702P00419000,419.0,0,0.0,0.0,,0.0,normalDay
2021-06-24,13175.0,187.0,0.0,0,425.1,0.0,1,2.83,0.96,SPY210702P00419000,419.0,0,0.0,0.0,,0.0,normalDay
2021-06-25,13175.0,226.0,0.0,0,426.61,0.0,1,2.83,0.57,SPY210702P00419000,419.0,0,0.0,0.0,,0.0,normalDay
2021-06-28,13175.0,256.0,0.0,0,427.47,0.0,1,2.83,0.27,SPY210702P00419000,419.0,0,0.0,0.0,,0.0,normalDay
2021-06-29,13175.0,266.0,0.0,0,427.7,0.0,1,2.83,0.17,SPY210702P00419000,419.0,0,0.0,0.0,,0.0,normalDay
2021-06-30,13175.0,275.0,0.0,0,428.06,0.0,1,2.83,0.08,SPY210702P00419000,419.0,0,0.0,0.0,,0.0,normalDay
2021-07-01,13175.0,279.0,0.0,0,430.43,0.0,1,2.83,0.04,SPY210702P00419000,419.0,0,0.0,0.0,,0.0,normalDay
2021-07-02,13458.0,0.0,283.0,0,433.72,0.0,1,2.83,0.0,SPY210702P00419000,419.0,0,0.0,0.0,,0.0,expirationDay
2021-07-06,13458.0,-3.0,0.0,0,432.93,0.0,1,0.89,0.92,SPY210716P00421000,421.0,0,0.0,0.0,,0.0,normalDay
2021-07-07,13458.0,25.0,0.0,0,434.46,0.0,1,0.89,0.64,SPY210716P00421000,421.0,0,0.0,0.0,,0.0,normalDay
2021-07-08,13458.0,-56.0,0.0,0,430.92,0.0,1,0.89,1.45,SPY210716P00421000,421.0,0,0.0,0.0,,0.0,normalDay
2021-07-09,13458.0,48.0,0.0,0,435.52,0.0,1,0.89,0.41,SPY210716P00421000,421.0,0,0.0,0.0,,0.0,normalDay
2021-07-12,13458.0,72.0,0.0,0,437.08,0.0,1,0.89,0.17,SPY210716P00421000,421.0,0,0.0,0.0,,0.0,normalDay
2021-07-13,13458.0,70.0,0.0,0,435.59,0.0,1,0.89,0.19,SPY210716P00421000,421.0,0,0.0,0.0,,0.0,normalDay
2021-07-14,13458.0,82.0,0.0,0,436.24,0.0,1,0.89,0.07,SPY210716P00421000,421.0,0,0.0,0.0,,0.0,normalDay
2021-07-15,13458.0,84.0,0.0,0,434.75,0.0,1,0.89,0.05,SPY210716P00421000,421.0,0,0.0,0.0,,0.0,normalDay
2021-07-16,13547.0,0.0,89.0,0,431.34,0.0,1,0.89,0.0,SPY210716P00421000,421.0,0,0.0,0.0,,0.0,expirationDay
2021-07-19,13547.0,-6.0,0.0,0,424.97,0.0,1,5.79,5.85,SPY210730P00426000,426.0,0,0.0,0.0,,0.0,normalDay
2021-07-20,13547.0,294.0,0.0,0,431.06,0.0,1,5.79,2.85,SPY210730P00426000,426.0,0,0.0,0.0,,0.0,normalDay
2021-07-21,13547.0,448.0,0.0,0,434.55,0.0,1,5.79,1.31,SPY210730P00426000,426.0,0,0.0,0.0,,0.0,normalDay
2021-07-22,13547.0,486.0,0.0,0,435.46,0.0,1,5.79,0.93,SPY210730P00426000,426.0,0,0.0,0.0,,0.0,normalDay
2021-07-23,13547.0,546.0,0.0,0,439.94,0.0,1,5.79,0.33,SPY210730P00426000,426.0,0,0.0,0.0,,0.0,normalDay
2021-07-26,13547.0,566.0,0.0,0,441.02,0.0,1,5.79,0.13,SPY210730P00426000,426.0,0,0.0,0.0,,0.0,normalDay
2021-07-27,13547.0,549.0,0.0,0,439.01,0.0,1,5.79,0.3,SPY210730P00426000,426.0,0,0.0,0.0,,0.0,normalDay
2021-07-28,13547.0,570.0,0.0,0,438.83,0.0,1,5.79,0.09,SPY210730P00426000,426.0,0,0.0,0.0,,0.0,normalDay
2021-07-29,13547.0,576.0,0.0,0,440.65,0.0,1,5.79,0.03,SPY210730P00426000,426.0,0,0.0,0.0,,0.0,normalDay
2021-07-30,14126.0,0.0,579.0,0,438.51,0.0,1,5.79,0.0,SPY210730P00426000,426.0,0,0.0,0.0,,0.0,expirationDay
2021-08-02,14126.0,-4.0,0.0,0,437.59,0.0,1,2.48,2.52,SPY210813P00432500,432.5,0,0.0,0.0,,0.0,normalDay
2021-08-03,14126.0,121.0,0.0,0,441.15,0.0,1,2.48,1.27,SPY210813P00432500,432.5,0,0.0,0.0,,0.0,normalDay
2021-08-04,14126.0,107.0,0.0,0,438.98,0.0,1,2.48,1.41,SPY210813P00432500,432.5,0,0.0,0.0,,0.0,normalDay
2021-08-05,14126.0,165.0,0.0,0,441.76,0.0,1,2.48,0.83,SPY210813P00432500,432.5,0,0.0,0.0,,0.0,normalDay
2021-08-06,14126.0,214.0,0.0,0,442.49,0.0,1,2.48,0.34,SPY210813P00432500,432.5,0,0.0,0.0,,0.0,normalDay
2021-08-09,14126.0,224.0,0.0,0,442.13,0.0,1,2.48,0.24,SPY210813P00432500,432.5,0,0.0,0.0,,0.0,normalDay
2021-08-10,14126.0,228.0,0.0,0,442.68,0.0,1,2.48,0.2,SPY210813P00432500,432.5,0,0.0,0.0,,0.0,normalDay
2021-08-11,14126.0,240.0,0.0,0,443.78,0.0,1,2.48,0.08,SPY210813P00432500,432.5,0,0.0,0.0,,0.0,normalDay
2021-08-12,14126.0,243.0,0.0,0,445.11,0.0,1,2.48,0.05,SPY210813P00432500,432.5,0,0.0,0.0,,0.0,normalDay
2021-08-13,14374.0,0.0,248.0,0,445.92,0.0,1,2.48,0.0,SPY210813P00432500,432.5,0,0.0,0.0,,0.0,expirationDay
2021-08-16,14374.0,-3.0,0.0,0,446.97,0.0,1,1.02,1.05,SPY210827P00437000,437.0,0,0.0,0.0,,0.0,normalDay
2021-08-17,14374.0,-98.0,0.0,0,444.04,0.0,1,1.02,2.0,SPY210827P00437000,437.0,0,0.0,0.0,,0.0,normalDay
2021-08-18,14374.0,-299.0,0.0,0,439.18,0.0,1,1.02,4.01,SPY210827P00437000,437.0,0,0.0,0.0,,0.0,normalDay
2021-08-19,14374.0,-231.0,0.0,0,439.86,0.0,1,1.02,3.33,SPY210827P00437000,437.0,0,0.0,0.0,,0.0,normalDay
2021-08-20,14374.0,-27.0,0.0,0,443.36,0.0,1,1.02,1.29,SPY210827P00437000,437.0,0,0.0,0.0,,0.0,normalDay
2021-08-23,14374.0,75.0,0.0,0,447.26,0.0,1,1.02,0.27,SPY210827P00437000,437.0,0,0.0,0.0,,0.0,normalDay
2021-08-24,14374.0,85.0,0.0,0,447.97,0.0,1,1.02,0.17,SPY210827P00437000,437.0,0,0.0,0.0,,0.0,normalDay
2021-08-25,14374.0,94.0,0.0,0,448.91,0.0,1,1.02,0.08,SPY210827P00437000,437.0,0,0.0,0.0,,0.0,normalDay
2021-08-26,14374.0,91.0,0.0,0,446.26,0.0,1,1.02,0.11,SPY210827P00437000,437.0,0,0.0,0.0,,0.0,normalDay
2021-08-27,14476.0,0.0,102.0,0,450.25,0.0,1,1.02,0.0,SPY210827P00437000,437.0,0,0.0,0.0,,0.0,expirationDay
2021-08-30,14476.0,-3.0,0.0,0,452.23,0.0,1,0.81,0.84,SPY210910P00442000,442.0,0,0.0,0.0,,0.0,normalDay
2021-08-31,14476.0,-6.0,0.0,0,451.56,0.0,1,0.81,0.87,SPY210910P00442000,442.0,0,0.0,0.0,,0.0,normalDay
2021-09-01,14476.0,14.0,0.0,0,451.8,0.0,1,0.81,0.67,SPY210910P00442000,442.0,0,0.0,0.0,,0.0,normalDay
2021-09-02,14476.0,23.0,0.0,0,453.19,0.0,1,0.81,0.58,SPY210910P00442000,442.0,0,0.0,0.0,,0.0,normalDay
2021-09-03,14476.0,48.0,0.0,0,453.08,0.0,1,0.81,0.33,SPY210910P00442000,442.0,0,0.0,0.0,,0.0,normalDay
2021-09-07,14476.0,53.0,0.0,0,451.46,0.0,1,0.81,0.28,SPY210910P00442000,442.0,0,0.0,0.0,,0.0,normalDay
2021-09-08,14476.0,65.0,0.0,0,450.91,0.0,1,0.81,0.16,SPY210910P00442000,442.0,0,0.0,0.0,,0.0,normalDay
2021-09-09,14476.0,68.0,0.0,0,448.98,0.0,1,0.81,0.13,SPY210910P00442000,442.0,0,0.0,0.0,,0.0,normalDay
2021-09-10,14557.0,0.0,81.0,0,445.44,0.0,1,0.81,0.0,SPY210910P00442000,442.0,0,0.0,0.0,,0.0,expirationDay
2021-09-13,14557.0,-6.0,0.0,0,446.58,0.0,1,4.25,4.31,SPY210924P00445000,445.0,0,0.0,0.0,,0.0,normalDay
2021-09-14,14557.0,-104.0,0.0,0,444.17,0.0,1,4.25,5.29,SPY210924P00445000,445.0,0,0.0,0.0,,0.0,normalDay
2021-09-15,14557.0,131.0,0.0,0,447.88,0.0,1,4.25,2.94,SPY210924P00445000,445.0,0,0.0,0.0,,0.0,normalDay
2021-09-16,14557.0,105.0,0.0,0,447.17,0.0,1,4.25,3.2,SPY210924P00445000,445.0,0,0.0,0.0,,0.0,normalDay
2021-09-17,14557.0,-139.0,0.0,0,441.4,0.0,1,4.25,5.64,SPY210924P00445000,445.0,0,0.0,0.0,,0.0,normalDay
2021-09-20,14557.0,-732.0,0.0,0,434.04,0.0,1,4.25,11.57,SPY210924P00445000,445.0,0,0.0,0.0,,0.0,normalDay
2021-09-21,14557.0,-757.0,0.0,0,433.63,0.0,1,4.25,11.82,SPY210924P00445000,445.0,0,0.0,0.0,,0.0,normalDay
2021-09-22,14557.0,-305.0,0.0,0,437.86,0.0,1,4.25,7.3,SPY210924P00445000,445.0,0,0.0,0.0,,0.0,normalDay
2021-09-23,14557.0,184.0,0.0,0,443.18,0.0,1,4.25,2.41,SPY210924P00445000,445.0,0,0.0,0.0,,0.0,normalDay
2021-09-24,14982.0,-109.0,425.0,100,443.91,445.0,1,4.25,0.0,SPY210924P00445000,445.0,0,0.0,0.0,,0.0,expirationDay
2021-09-27,14982.0,-242.0,0.0,100,442.64,445.0,0,0.0,0.0,,0.0,1,3.07,3.13,SPY220121C00471000,471.0,normalDay
2021-09-28,14982.0,-1047.0,0.0,100,433.72,445.0,0,0.0,0.0,,0.0,1,3.07,2.26,SPY220121C00471000,471.0,normalDay
2021-09-29,14982.0,-970.0,0.0,100,434.45,445.0,0,0.0,0.0,,0.0,1,3.07,2.22,SPY220121C00471000,471.0,normalDay
2021-09-30,14982.0,-1435.0,0.0,100,429.14,445.0,0,0.0,0.0,,0.0,1,3.07,1.56,SPY220121C00471000,471.0,normalDay
2021-10-01,14982.0,-986.0,0.0,100,434.24,445.0,0,0.0,0.0,,0.0,1,3.07,2.17,SPY220121C00471000,471.0,normalDay
2021-10-04,14982.0,-1493.0,0.0,100,428.64,445.0,0,0.0,0.0,,0.0,1,3.07,1.64,SPY220121C00471000,471.0,normalDay
2021-10-05,14982.0,-1074.0,0.0,100,433.1,445.0,0,0.0,0.0,,0.0,1,3.07,1.91,SPY220121C00471000,471.0,normalDay
2021-10-06,14982.0,-914.0,0.0,100,434.9,445.0,0,0.0,0.0,,0.0,1,3.07,2.11,SPY220121C00471000,471.0,normalDay
2021-10-07,14982.0,-583.0,0.0,100,438.66,445.0,0,0.0,0.0,,0.0,1,3.07,2.56,SPY220121C00471000,471.0,normalDay
2021-10-08,14982.0,-625.0,0.0,100,437.86,445.0,0,0.0,0.0,,0.0,1,3.07,2.18,SPY220121C00471000,471.0,normalDay
2021-10-11,14982.0,-895.0,0.0,100,434.69,445.0,0,0.0,0.0,,0.0,1,3.07,1.71,SPY220121C00471000,471.0,normalDay
2021-10-12,14982.0,-973.0,0.0,100,433.62,445.0,0,0.0,0.0,,0.0,1,3.07,1.42,SPY220121C00471000,471.0,normalDay
2021-10-13,14982.0,-832.0,0.0,100,435.18,445.0,0,0.0,0.0,,0.0,1,3.07,1.57,SPY220121C00471000,471.0,normalDay
2021-10-14,14982.0,-185.0,0.0,100,442.5,445.0,0,0.0,0.0,,0.0,1,3.07,2.42,SPY220121C00471000,471.0,normalDay
2021-10-15,14982.0,100.0,0.0,100,445.87,445.0,0,0.0,0.0,,0.0,1,3.07,2.94,SPY220121C00471000,471.0,normalDay
2021-10-18,14982.0,209.0,0.0,100,447.19,445.0,0,0.0,0.0,,0.0,1,3.07,3.17,SPY220121C00471000,471.0,normalDay
2021-10-19,14982.0,484.0,0.0,100,450.64,445.0,0,0.0,0.0,,0.0,1,3.07,3.87,SPY220121C00471000,471.0,normalDay
2021-10-20,14982.0,640.0,0.0,100,452.41,445.0,0,0.0,0.0,,0.0,1,3.07,4.08,SPY220121C00471000,471.0,normalDay
2021-10-21,14982.0,734.0,0.0,100,453.59,445.0,0,0.0,0.0,,0.0,1,3.07,4.32,SPY220121C00471000,471.0,normalDay
2021-10-22,14982.0,701.0,0.0,100,453.12,445.0,0,0.0,0.0,,0.0,1,3.07,4.18,SPY220121C00471000,471.0,normalDay
2021-10-25,14982.0,906.0,0.0,100,455.55,445.0,0,0.0,0.0,,0.0,1,3.07,4.56,SPY220121C00471000,471.0,normalDay
2021-10-26,14982.0,901.0,0.0,100,455.96,445.0,0,0.0,0.0,,0.0,1,3.07,5.02,SPY220121C00471000,471.0,normalDay
2021-10-27,14982.0,729.0,0.0,100,453.94,445.0,0,0.0,0.0,,0.0,1,3.07,4.72,SPY220121C00471000,471.0,normalDay
2021-10-28,14982.0,1057.0,0.0,100,458.32,445.0,0,0.0,0.0,,0.0,1,3.07,5.82,SPY220121C00471000,471.0,normalDay
2021-10-29,14982.0,1109.0,0.0,100,459.25,445.0,0,0.0,0.0,,0.0,1,3.07,6.23,SPY220121C00471000,471.0,normalDay
2021-11-01,14982.0,1175.0,0.0,100,460.04,445.0,0,0.0,0.0,,0.0,1,3.07,6.36,SPY220121C00471000,471.0,normalDay
2021-11-02,14982.0,1313.0,0.0,100,461.9,445.0,0,0.0,0.0,,0.0,1,3.07,6.84,SPY220121C00471000,471.0,normalDay
2021-11-03,14982.0,1489.0,0.0,100,464.72,445.0,0,0.0,0.0,,0.0,1,3.07,7.9,SPY220121C00471000,471.0,normalDay
2021-11-04,14982.0,1602.0,0.0,100,466.91,445.0,0,0.0,0.0,,0.0,1,3.07,8.96,SPY220121C00471000,471.0,normalDay
2021-11-05,14982.0,1638.0,0.0,100,468.53,445.0,0,0.0,0.0,,0.0,1,3.07,10.22,SPY220121C00471000,471.0,normalDay
2021-11-08,14982.0,1664.0,0.0,100,468.93,445.0,0,0.0,0.0,,0.0,1,3.07,10.36,SPY220121C00471000,471.0,normalDay
2021-11-09,14982.0,1587.0,0.0,100,467.38,445.0,0,0.0,0.0,,0.0,1,3.07,9.58,SPY220121C00471000,471.0,normalDay
2021-11-10,14982.0,1372.0,0.0,100,463.62,445.0,0,0.0,0.0,,0.0,1,3.07,7.97,SPY220121C00471000,471.0,normalDay
2021-11-11,14982.0,1408.0,0.0,100,463.77,445.0,0,0.0,0.0,,0.0,1,3.07,7.76,SPY220121C00471000,471.0,normalDay
2021-11-12,14982.0,1619.0,0.0,100,467.27,445.0,0,0.0,0.0,,0.0,1,3.07,9.15,SPY220121C00471000,471.0,normalDay
2021-11-15,14982.0,1671.0,0.0,100,467.43,445.0,0,0.0,0.0,,0.0,1,3.07,8.79,SPY220121C00471000,471.0,normalDay
2021-11-16,14982.0,1759.0,0.0,100,469.28,445.0,0,0.0,0.0,,0.0,1,3.07,9.76,SPY220121C00471000,471.0,normalDay
2021-11-17,14982.0,1702.0,0.0,100,468.14,445.0,0,0.0,0.0,,0.0,1,3.07,9.19,SPY220121C00471000,471.0,normalDay
2021-11-18,14982.0,1759.0,0.0,100,469.73,445.0,0,0.0,0.0,,0.0,1,3.07,10.21,SPY220121C00471000,471.0,normalDay
2021-11-19,14982.0,1724.0,0.0,100,468.89,445.0,0,0.0,0.0,,0.0,1,3.07,9.72,SPY220121C00471000,471.0,normalDay
2021-11-22,14982.0,1656.0,0.0,100,467.57,445.0,0,0.0,0.0,,0.0,1,3.07,9.08,SPY220121C00471000,471.0,normalDay
2021-11-23,14982.0,1720.0,0.0,100,468.19,445.0,0,0.0,0.0,,0.0,1,3.07,9.06,SPY220121C00471000,471.0,normalDay
2021-11-24,14982.0,1787.0,0.0,100,469.44,445.0,0,0.0,0.0,,0.0,1,3.07,9.64,SPY220121C00471000,471.0,normalDay
2021-11-26,14982.0,917.0,0.0,100,458.97,445.0,0,0.0,0.0,,0.0,1,3.07,7.87,SPY220121C00471000,471.0,normalDay
2021-11-29,14982.0,1476.0,0.0,100,464.6,445.0,0,0.0,0.0,,0.0,1,3.07,7.91,SPY220121C00471000,471.0,normalDay
2021-11-30,14982.0,773.0,0.0,100,455.56,445.0,0,0.0,0.0,,0.0,1,3.07,5.9,SPY220121C00471000,471.0,normalDay
2021-12-01,14982.0,405.0,0.0,100,450.5,445.0,0,0.0,0.0,,0.0,1,3.07,4.52,SPY220121C00471000,471.0,normalDay
2021-12-02,14982.0,965.0,0.0,100,457.4,445.0,0,0.0,0.0,,0.0,1,3.07,5.82,SPY220121C00471000,471.0,normalDay
2021-12-03,14982.0,659.0,0.0,100,453.42,445.0,0,0.0,0.0,,0.0,1,3.07,4.9,SPY220121C00471000,471.0,normalDay
2021-12-06,14982.0,1119.0,0.0,100,458.79,445.0,0,0.0,0.0,,0.0,1,3.07,5.67,SPY220121C00471000,471.0,normalDay
2021-12-07,14982.0,1761.0,0.0,100,468.28,445.0,0,0.0,0.0,,0.0,1,3.07,8.74,SPY220121C00471000,471.0,normalDay
2021-12-08,14982.0,1905.0,0.0,100,469.52,445.0,0,0.0,0.0,,0.0,1,3.07,8.54,SPY220121C00471000,471.0,normalDay
2021-12-09,14982.0,1733.0,0.0,100,466.35,445.0,0,0.0,0.0,,0.0,1,3.07,7.09,SPY220121C00471000,471.0,normalDay
2021-12-10,14982.0,2039.0,0.0,100,470.74,445.0,0,0.0,0.0,,0.0,1,3.07,8.42,SPY220121C00471000,471.0,normalDay
2021-12-13,14982.0,1820.0,0.0,100,466.57,445.0,0,0.0,0.0,,0.0,1,3.07,6.44,SPY220121C00471000,471.0,normalDay
2021-12-14,14982.0,1601.0,0.0,100,463.36,445.0,0,0.0,0.0,,0.0,1,3.07,5.42,SPY220121C00471000,471.0,normalDay
2021-12-15,14982.0,2055.0,0.0,100,470.6,445.0,0,0.0,0.0,,0.0,1,3.07,8.12,SPY220121C00471000,471.0,normalDay
2021-12-16,14982.0,1827.0,0.0,100,466.45,445.0,0,0.0,0.0,,0.0,1,3.07,6.25,SPY220121C00471000,471.0,normalDay
2021-12-17,14982.0,1344.0,0.0,100,459.87,445.0,0,0.0,0.0,,0.0,1,3.07,4.5,SPY220121C00471000,471.0,normalDay
2021-12-20,14982.0,1016.0,0.0,100,454.98,445.0,0,0.0,0.0,,0.0,1,3.07,2.89,SPY220121C00471000,471.0,normalDay
2021-12-21,14982.0,1626.0,0.0,100,463.06,445.0,0,0.0,0.0,,0.0,1,3.07,4.87,SPY220121C00471000,471.0,normalDay
2021-12-22,14982.0,1975.0,0.0,100,467.69,445.0,0,0.0,0.0,,0.0,1,3.07,6.01,SPY220121C00471000,471.0,normalDay
2021-12-23,14982.0,2142.0,0.0,100,470.6,445.0,0,0.0,0.0,,0.0,1,3.07,7.25,SPY220121C00471000,471.0,normalDay
2021-12-27,14982.0,2450.0,0.0,100,477.26,445.0,0,0.0,0.0,,0.0,1,3.07,10.83,SPY220121C00471000,471.0,normalDay
2021-12-28,14982.0,2423.0,0.0,100,476.87,445.0,0,0.0,0.0,,0.0,1,3.07,10.71,SPY220121C00471000,471.0,normalDay
2021-12-29,14982.0,2499.0,0.0,100,477.48,445.0,0,0.0,0.0,,0.0,1,3.07,10.56,SPY220121C00471000,471.0,normalDay
2021-12-30,14982.0,2493.0,0.0,100,476.16,445.0,0,0.0,0.0,,0.0,1,3.07,9.3,SPY220121C00471000,471.0,normalDay
2021-12-31,14982.0,2454.0,0.0,100,474.96,445.0,0,0.0,0.0,,0.0,1,3.07,8.49,SPY220121C00471000,471.0,normalDay
2022-01-03,14982.0,2604.0,0.0,100,477.71,445.0,0,0.0,0.0,,0.0,1,3.07,9.74,SPY220121C00471000,471.0,normalDay
2022-01-04,14982.0,2618.0,0.0,100,477.55,445.0,0,0.0,0.0,,0.0,1,3.07,9.44,SPY220121C00471000,471.0,normalDay
2022-01-05,14982.0,2174.0,0.0,100,468.38,445.0,0,0.0,0.0,,0.0,1,3.07,4.71,SPY220121C00471000,471.0,normalDay
2022-01-06,14982.0,2192.0,0.0,100,467.94,445.0,0,0.0,0.0,,0.0,1,3.07,4.09,SPY220121C00471000,471.0,normalDay
2022-01-07,14982.0,2139.0,0.0,100,466.09,445.0,0,0.0,0.0,,0.0,1,3.07,2.77,SPY220121C00471000,471.0,normalDay
2022-01-10,14982.0,2144.0,0.0,100,465.51,445.0,0,0.0,0.0,,0.0,1,3.07,2.14,SPY220121C00471000,471.0,normalDay
2022-01-11,14982.0,2408.0,0.0,100,469.75,445.0,0,0.0,0.0,,0.0,1,3.07,3.74,SPY220121C00471000,471.0,normalDay
2022-01-12,14982.0,2488.0,0.0,100,471.02,445.0,0,0.0,0.0,,0.0,1,3.07,4.21,SPY220121C00471000,471.0,normalDay
2022-01-13,14982.0,2100.0,0.0,100,464.53,445.0,0,0.0,0.0,,0.0,1,3.07,1.6,SPY220121C00471000,471.0,normalDay
2022-01-14,14982.0,2156.0,0.0,100,464.72,445.0,0,0.0,0.0,,0.0,1,3.07,1.23,SPY220121C00471000,471.0,normalDay
2022-01-18,14982.0,1441.0,0.0,100,456.49,445.0,0,0.0,0.0,,0.0,1,3.07,0.15,SPY220121C00471000,471.0,normalDay
2022-01-19,14982.0,979.0,0.0,100,451.75,445.0,0,0.0,0.0,,0.0,1,3.07,0.03,SPY220121C00471000,471.0,normalDay
2022-01-20,14982.0,480.0,0.0,100,446.75,445.0,0,0.0,0.0,,0.0,1,3.07,0.02,SPY220121C00471000,471.0,normalDay
2022-01-21,15289.0,-702.0,307.0,100,437.98,445.0,0,0.0,0.0,,0.0,1,3.07,0.0,SPY220121C00471000,471.0,expirationDay
2022-01-24,15289.0,-521.0,0.0,100,439.84,445.0,0,0.0,0.0,,0.0,1,0.52,0.57,SPY220520C00518000,518.0,normalDay
2022-01-25,15289.0,-1045.0,0.0,100,434.47,445.0,0,0.0,0.0,,0.0,1,0.52,0.44,SPY220520C00518000,518.0,normalDay
2022-01-26,15289.0,-1158.0,0.0,100,433.38,445.0,0,0.0,0.0,,0.0,1,0.52,0.48,SPY220520C00518000,518.0,normalDay
2022-01-27,15289.0,-1366.0,0.0,100,431.24,445.0,0,0.0,0.0,,0.0,1,0.52,0.42,SPY220520C00518000,518.0,normalDay
2022-01-28,15289.0,-309.0,0.0,100,441.95,445.0,0,0.0,0.0,,0.0,1,0.52,0.56,SPY220520C00518000,518.0,normalDay
2022-01-31,15289.0,478.0,0.0,100,449.91,445.0,0,0.0,0.0,,0.0,1,0.52,0.65,SPY220520C00518000,518.0,normalDay
2022-02-01,15289.0,788.0,0.0,100,452.95,445.0,0,0.0,0.0,,0.0,1,0.52,0.59,SPY220520C00518000,518.0,normalDay
2022-02-02,15289.0,1222.0,0.0,100,457.35,445.0,0,0.0,0.0,,0.0,1,0.52,0.65,SPY220520C00518000,518.0,normalDay
2022-02-03,15289.0,156.0,0.0,100,446.6,445.0,0,0.0,0.0,,0.0,1,0.52,0.56,SPY220520C00518000,518.0,normalDay
2022-02-04,15289.0,376.0,0.0,100,448.7,445.0,0,0.0,0.0,,0.0,1,0.52,0.46,SPY220520C00518000,518.0,normalDay
2022-02-07,15289.0,235.0,0.0,100,447.26,445.0,0,0.0,0.0,,0.0,1,0.52,0.43,SPY220520C00518000,518.0,normalDay
2022-02-08,15289.0,601.0,0.0,100,450.94,445.0,0,0.0,0.0,,0.0,1,0.52,0.45,SPY220520C00518000,518.0,normalDay
2022-02-09,15289.0,1250.0,0.0,100,457.54,445.0,0,0.0,0.0,,0.0,1,0.52,0.56,SPY220520C00518000,518.0,normalDay
2022-02-10,15289.0,446.0,0.0,100,449.32,445.0,0,0.0,0.0,,0.0,1,0.52,0.38,SPY220520C00518000,518.0,normalDay
2022-02-11,15289.0,-439.0,0.0,100,440.46,445.0,0,0.0,0.0,,0.0,1,0.52,0.37,SPY220520C00518000,518.0,normalDay
2022-02-14,15289.0,-581.0,0.0,100,439.02,445.0,0,0.0,0.0,,0.0,1,0.52,0.35,SPY220520C00518000,518.0,normalDay
2022-02-15,15289.0,129.0,0.0,100,446.1,445.0,0,0.0,0.0,,0.0,1,0.52,0.33,SPY220520C00518000,518.0,normalDay
2022-02-16,15289.0,182.0,0.0,100,446.6,445.0,0,0.0,0.0,,0.0,1,0.52,0.3,SPY220520C00518000,518.0,normalDay
2022-02-17,15289.0,-765.0,0.0,100,437.06,445.0,0,0.0,0.0,,0.0,1,0.52,0.23,SPY220520C00518000,518.0,normalDay
2022-02-18,15289.0,-1046.0,0.0,100,434.23,445.0,0,0.0,0.0,,0.0,1,0.52,0.21,SPY220520C00518000,518.0,normalDay
2022-02-22,15289.0,-1508.0,0.0,100,429.57,445.0,0,0.0,0.0,,0.0,1,0.52,0.17,SPY220520C00518000,518.0,normalDay
2022-02-23,15289.0,-2266.0,0.0,100,421.95,445.0,0,0.0,0.0,,0.0,1,0.52,0.13,SPY220520C00518000,518.0,normalDay
2022-02-24,15289.0,-1635.0,0.0,100,428.3,445.0,0,0.0,0.0,,0.0,1,0.52,0.17,SPY220520C00518000,518.0,normalDay
2022-02-25,15289.0,-695.0,0.0,100,437.75,445.0,0,0.0,0.0,,0.0,1,0.52,0.22,SPY220520C00518000,518.0,normalDay
2022-02-28,15289.0,-807.0,0.0,100,436.63,445.0,0,0.0,0.0,,0.0,1,0.52,0.22,SPY220520C00518000,518.0,normalDay
2022-03-01,15289.0,-1471.0,0.0,100,429.98,445.0,0,0.0,0.0,,0.0,1,0.52,0.21,SPY220520C00518000,518.0,normalDay
2022-03-02,15289.0,-682.0,0.0,100,437.89,445.0,0,0.0,0.0,,0.0,1,0.52,0.23,SPY220520C00518000,518.0,normalDay
2022-03-03,15289.0,-896.0,0.0,100,435.71,445.0,0,0.0,0.0,,0.0,1,0.52,0.19,SPY220520C00518000,518.0,normalDay
2022-03-04,15289.0,-1246.0,0.0,100,432.17,445.0,0,0.0,0.0,,0.0,1,0.52,0.15,SPY220520C00518000,518.0,normalDay
2022-03-07,15289.0,-2515.0,0.0,100,419.43,445.0,0,0.0,0.0,,0.0,1,0.52,0.1,SPY220520C00518000,518.0,normalDay
2022-03-08,15289.0,-2834.0,0.0,100,416.25,445.0,0,0.0,0.0,,0.0,1,0.52,0.11,SPY220520C00518000,518.0,normalDay
2022-03-09,15289.0,-1722.0,0.0,100,427.41,445.0,0,0.0,0.0,,0.0,1,0.52,0.15,SPY220520C00518000,518.0,normalDay
2022-03-10,15289.0,-1911.0,0.0,100,425.48,445.0,0,0.0,0.0,,0.0,1,0.52,0.11,SPY220520C00518000,518.0,normalDay
2022-03-11,15289.0,-2450.0,0.0,100,420.07,445.0,0,0.0,0.0,,0.0,1,0.52,0.09,SPY220520C00518000,518.0,normalDay
2022-03-14,15289.0,-2756.0,0.0,100,417.0,445.0,0,0.0,0.0,,0.0,1,0.52,0.08,SPY220520C00518000,518.0,normalDay
2022-03-15,15289.0,-1840.0,0.0,100,426.17,445.0,0,0.0,0.0,,0.0,1,0.52,0.09,SPY220520C00518000,518.0,normalDay
2022-03-16,15289.0,-897.0,0.0,100,435.62,445.0,0,0.0,0.0,,0.0,1,0.52,0.11,SPY220520C00518000,518.0,normalDay
2022-03-17,15289.0,-353.0,0.0,100,441.07,445.0,0,0.0,0.0,,0.0,1,0.52,0.12,SPY220520C00518000,518.0,normalDay
2022-03-18,15289.0,-8.0,0.0,100,444.52,445.0,0,0.0,0.0,,0.0,1,0.52,0.12,SPY220520C00518000,518.0,normalDay
2022-03-21,15289.0,-19.0,0.0,100,444.39,445.0,0,0.0,0.0,,0.0,1,0.52,0.1,SPY220520C00518000,518.0,normalDay
2022-03-22,15289.0,499.0,0.0,100,449.59,445.0,0,0.0,0.0,,0.0,1,0.52,0.12,SPY220520C00518000,518.0,normalDay
2022-03-23,15289.0,-76.0,0.0,100,443.8,445.0,0,0.0,0.0,,0.0,1,0.52,0.08,SPY220520C00518000,518.0,normalDay
2022-03-24,15289.0,591.0,0.0,100,450.49,445.0,0,0.0,0.0,,0.0,1,0.52,0.1,SPY220520C00518000,518.0,normalDay
2022-03-25,15289.0,812.0,0.0,100,452.69,445.0,0,0.0,0.0,,0.0,1,0.52,0.09,SPY220520C00518000,518.0,normalDay
2022-03-28,15289.0,1135.0,0.0,100,455.91,445.0,0,0.0,0.0,,0.0,1,0.52,0.08,SPY220520C00518000,518.0,normalDay
2022-03-29,15289.0,1694.0,0.0,100,461.55,445.0,0,0.0,0.0,,0.0,1,0.52,0.13,SPY220520C00518000,518.0,normalDay
2022-03-30,15289.0,1413.0,0.0,100,458.7,445.0,0,0.0,0.0,,0.0,1,0.52,0.09,SPY220520C00518000,518.0,normalDay
2022-03-31,15289.0,711.0,0.0,100,451.64,445.0,0,0.0,0.0,,0.0,1,0.52,0.05,SPY220520C00518000,518.0,normalDay
2022-04-01,15289.0,840.0,0.0,100,452.92,445.0,0,0.0,0.0,,0.0,1,0.52,0.04,SPY220520C00518000,518.0,normalDay
2022-04-04,15289.0,1229.0,0.0,100,456.8,445.0,0,0.0,0.0,,0.0,1,0.52,0.03,SPY220520C00518000,518.0,normalDay
2022-04-05,15289.0,652.0,0.0,100,451.03,445.0,0,0.0,0.0,,0.0,1,0.52,0.03,SPY220520C00518000,518.0,normalDay
2022-04-06,15289.0,202.0,0.0,100,446.52,445.0,0,0.0,0.0,,0.0,1,0.52,0.02,SPY220520C00518000,518.0,normalDay
2022-04-07,15289.0,427.0,0.0,100,448.77,445.0,0,0.0,0.0,,0.0,1,0.52,0.02,SPY220520C00518000,518.0,normalDay
2022-04-08,15289.0,307.0,0.0,100,447.57,445.0,0,0.0,0.0,,0.0,1,0.52,0.02,SPY220520C00518000,518.0,normalDay
2022-04-11,15289.0,-457.0,0.0,100,439.92,445.0,0,0.0,0.0,,0.0,1,0.52,0.01,SPY220520C00518000,518.0,normalDay
2022-04-12,15289.0,-620.0,0.0,100,438.29,445.0,0,0.0,0.0,,0.0,1,0.52,0.01,SPY220520C00518000,518.0,normalDay
2022-04-13,15289.0,-118.0,0.0,100,443.31,445.0,0,0.0,0.0,,0.0,1,0.52,0.01,SPY220520C00518000,518.0,normalDay
2022-04-14,15289.0,-670.0,0.0,100,437.79,445.0,0,0.0,0.0,,0.0,1,0.52,0.01,SPY220520C00518000,518.0,normalDay
2022-04-18,15289.0,-652.0,0.0,100,437.97,445.0,0,0.0,0.0,,0.0,1,0.52,0.01,SPY220520C00518000,518.0,normalDay
2022-04-19,15289.0,55.0,0.0,100,445.04,445.0,0,0.0,0.0,,0.0,1,0.52,0.01,SPY220520C00518000,518.0,normalDay
2022-04-20,15289.0,22.0,0.0,100,444.71,445.0,0,0.0,0.0,,0.0,1,0.52,0.01,SPY220520C00518000,518.0,normalDay
2022-04-21,15289.0,-643.0,0.0,100,438.06,445.0,0,0.0,0.0,,0.0,1,0.52,0.01,SPY220520C00518000,518.0,normalDay
2022-04-22,15289.0,-1845.0,0.0,100,426.04,445.0,0,0.0,0.0,,0.0,1,0.52,0.01,SPY220520C00518000,518.0,normalDay
2022-04-25,15289.0,-1598.0,0.0,100,428.51,445.0,0,0.0,0.0,,0.0,1,0.52,0.01,SPY220520C00518000,518.0,normalDay
2022-04-26,15289.0,-2839.0,0.0,100,416.1,445.0,0,0.0,0.0,,0.0,1,0.52,0.01,SPY220520C00518000,518.0,normalDay
2022-04-27,15289.0,-2722.0,0.0,100,417.27,445.0,0,0.0,0.0,,0.0,1,0.52,0.01,SPY220520C00518000,518.0,normalDay
2022-04-28,15289.0,-1668.0,0.0,100,427.81,445.0,0,0.0,0.0,,0.0,1,0.52,0.01,SPY220520C00518000,518.0,normalDay
2022-04-29,15289.0,-3249.0,0.0,100,412.0,445.0,0,0.0,0.0,,0.0,1,0.52,0.01,SPY220520C00518000,518.0,normalDay
2022-05-02,15289.0,-3001.0,0.0,100,414.48,445.0,0,0.0,0.0,,0.0,1,0.52,0.01,SPY220520C00518000,518.0,normalDay
2022-05-03,15289.0,-2811.0,0.0,100,416.38,445.0,0,0.0,0.0,,0.0,1,0.52,0.01,SPY220520C00518000,518.0,normalDay
2022-05-04,15289.0,-1543.0,0.0,100,429.06,445.0,0,0.0,0.0,,0.0,1,0.52,0.01,SPY220520C00518000,518.0,normalDay
2022-05-05,15289.0,-3068.0,0.0,100,413.81,445.0,0,0.0,0.0,,0.0,1,0.52,0.01,SPY220520C00518000,518.0,normalDay
2022-05-06,15289.0,-3315.0,0.0,100,411.34,445.0,0,0.0,0.0,,0.0,1,0.52,0.01,SPY220520C00518000,518.0,normalDay
2022-05-09,15289.0,-4632.0,0.0,100,398.17,445.0,0,0.0,0.0,,0.0,1,0.52,0.01,SPY220520C00518000,518.0,normalDay
2022-05-10,15289.0,-4540.0,0.0,100,399.09,445.0,0,0.0,0.0,,0.0,1,0.52,0.01,SPY220520C00518000,518.0,normalDay
2022-05-11,15289.0,-5174.0,0.0,100,392.75,445.0,0,0.0,0.0,,0.0,1,0.52,0.01,SPY220520C00518000,518.0,normalDay
2022-05-12,15289.0,-5215.0,0.0,100,392.34,445.0,0,0.0,0.0,,0.0,1,0.52,0.01,SPY220520C00518000,518.0,normalDay
2022-05-13,15289.0,-4277.0,0.0,100,401.72,445.0,0,0.0,0.0,,0.0,1,0.52,0.01,SPY220520C00518000,518.0,normalDay
2022-05-16,15289.0,-4440.0,0.0,100,400.09,445.0,0,0.0,0.0,,0.0,1,0.52,0.01,SPY220520C00518000,518.0,normalDay
2022-05-17,15289.0,-3617.0,0.0,100,408.32,445.0,0,0.0,0.0,,0.0,1,0.52,0.01,SPY220520C00518000,518.0,normalDay
2022-05-18,15289.0,-5263.0,0.0,100,391.86,445.0,0,0.0,0.0,,0.0,1,0.52,0.01,SPY220520C00518000,518.0,normalDay
2022-05-19,15289.0,-5503.0,0.0,100,389.46,445.0,0,0.0,0.0,,0.0,1,0.52,0.01,SPY220520C00518000,518.0,normalDay
2022-05-20,15341.0,-5537.0,52.0,100,389.63,445.0,0,0.0,0.0,,0.0,1,0.52,0.0,SPY220520C00518000,518.0,expirationDay
2022-05-23,15341.0,-4817.0,0.0,100,396.92,445.0,0,0.0,0.0,,0.0,1,2.41,2.5,SPY220930C00458000,458.0,normalDay
2022-05-24,15341.0,-5096.0,0.0,100,393.89,445.0,0,0.0,0.0,,0.0,1,2.41,2.26,SPY220930C00458000,458.0,normalDay
2022-05-25,15341.0,-4767.0,0.0,100,397.37,445.0,0,0.0,0.0,,0.0,1,2.41,2.45,SPY220930C00458000,458.0,normalDay
2022-05-26,15341.0,-4070.0,0.0,100,405.31,445.0,0,0.0,0.0,,0.0,1,2.41,3.42,SPY220930C00458000,458.0,normalDay
2022-05-27,15341.0,-3238.0,0.0,100,415.26,445.0,0,0.0,0.0,,0.0,1,2.41,5.05,SPY220930C00458000,458.0,normalDay
2022-05-31,15341.0,-3371.0,0.0,100,412.93,445.0,0,0.0,0.0,,0.0,1,2.41,4.05,SPY220930C00458000,458.0,normalDay
2022-06-01,15341.0,-3627.0,0.0,100,409.59,445.0,0,0.0,0.0,,0.0,1,2.41,3.27,SPY220930C00458000,458.0,normalDay
2022-06-02,15341.0,-2983.0,0.0,100,417.39,445.0,0,0.0,0.0,,0.0,1,2.41,4.63,SPY220930C00458000,458.0,normalDay
2022-06-03,15341.0,-3538.0,0.0,100,410.54,445.0,0,0.0,0.0,,0.0,1,2.41,3.33,SPY220930C00458000,458.0,normalDay
2022-06-06,15341.0,-3411.0,0.0,100,411.79,445.0,0,0.0,0.0,,0.0,1,2.41,3.31,SPY220930C00458000,458.0,normalDay
2022-06-07,15341.0,-3064.0,0.0,100,415.74,445.0,0,0.0,0.0,,0.0,1,2.41,3.79,SPY220930C00458000,458.0,normalDay
2022-06-08,15341.0,-3439.0,0.0,100,411.22,445.0,0,0.0,0.0,,0.0,1,2.41,3.02,SPY220930C00458000,458.0,normalDay
2022-06-09,15341.0,-4312.0,0.0,100,401.44,445.0,0,0.0,0.0,,0.0,1,2.41,1.97,SPY220930C00458000,458.0,normalDay
2022-06-10,15341.0,-5395.0,0.0,100,389.8,445.0,0,0.0,0.0,,0.0,1,2.41,1.16,SPY220930C00458000,458.0,normalDay
2022-06-13,15341.0,-6824.0,0.0,100,375.0,445.0,0,0.0,0.0,,0.0,1,2.41,0.65,SPY220930C00458000,458.0,normalDay
2022-06-14,15341.0,-6924.0,0.0,100,373.87,445.0,0,0.0,0.0,,0.0,1,2.41,0.52,SPY220930C00458000,458.0,normalDay
2022-06-15,15341.0,-6401.0,0.0,100,379.2,445.0,0,0.0,0.0,,0.0,1,2.41,0.62,SPY220930C00458000,458.0,normalDay
2022-06-16,15341.0,-7636.0,0.0,100,366.65,445.0,0,0.0,0.0,,0.0,1,2.41,0.42,SPY220930C00458000,458.0,normalDay
2022-06-17,15341.0,-7714.0,0.0,100,365.86,445.0,0,0.0,0.0,,0.0,1,2.41,0.41,SPY220930C00458000,458.0,normalDay
2022-06-21,15341.0,-6804.0,0.0,100,375.07,445.0,0,0.0,0.0,,0.0,1,2.41,0.52,SPY220930C00458000,458.0,normalDay
2022-06-22,15341.0,-6871.0,0.0,100,374.39,445.0,0,0.0,0.0,,0.0,1,2.41,0.51,SPY220930C00458000,458.0,normalDay
2022-06-23,15341.0,-6507.0,0.0,100,378.06,445.0,0,0.0,0.0,,0.0,1,2.41,0.54,SPY220930C00458000,458.0,normalDay
2022-06-24,15341.0,-5345.0,0.0,100,390.08,445.0,0,0.0,0.0,,0.0,1,2.41,0.94,SPY220930C00458000,458.0,normalDay
2022-06-27,15341.0,-5483.0,0.0,100,388.59,445.0,0,0.0,0.0,,0.0,1,2.41,0.83,SPY220930C00458000,458.0,normalDay
2022-06-28,15341.0,-6245.0,0.0,100,380.65,445.0,0,0.0,0.0,,0.0,1,2.41,0.51,SPY220930C00458000,458.0,normalDay
2022-06-29,15341.0,-6275.0,0.0,100,380.34,445.0,0,0.0,0.0,,0.0,1,2.41,0.5,SPY220930C00458000,458.0,normalDay
2022-06-30,15341.0,-6573.0,0.0,100,377.25,445.0,0,0.0,0.0,,0.0,1,2.41,0.39,SPY220930C00458000,458.0,normalDay
2022-07-01,15341.0,-6173.0,0.0,100,381.24,445.0,0,0.0,0.0,,0.0,1,2.41,0.38,SPY220930C00458000,458.0,normalDay
2022-07-05,15341.0,-6098.0,0.0,100,381.96,445.0,0,0.0,0.0,,0.0,1,2.41,0.35,SPY220930C00458000,458.0,normalDay
2022-07-06,15341.0,-5971.0,0.0,100,383.25,445.0,0,0.0,0.0,,0.0,1,2.41,0.37,SPY220930C00458000,458.0,normalDay
2022-07-07,15341.0,-5408.0,0.0,100,388.99,445.0,0,0.0,0.0,,0.0,1,2.41,0.48,SPY220930C00458000,458.0,normalDay
2022-07-08,15341.0,-5437.0,0.0,100,388.67,445.0,0,0.0,0.0,,0.0,1,2.41,0.45,SPY220930C00458000,458.0,normalDay
2022-07-11,15341.0,-5868.0,0.0,100,384.23,445.0,0,0.0,0.0,,0.0,1,2.41,0.32,SPY220930C00458000,458.0,normalDay
2022-07-12,15341.0,-6200.0,0.0,100,380.83,445.0,0,0.0,0.0,,0.0,1,2.41,0.24,SPY220930C00458000,458.0,normalDay
2022-07-13,15341.0,-6398.0,0.0,100,378.83,445.0,0,0.0,0.0,,0.0,1,2.41,0.22,SPY220930C00458000,458.0,normalDay
2022-07-14,15341.0,-6489.0,0.0,100,377.91,445.0,0,0.0,0.0,,0.0,1,2.41,0.21,SPY220930C00458000,458.0,normalDay
2022-07-15,15341.0,-5773.0,0.0,100,385.13,445.0,0,0.0,0.0,,0.0,1,2.41,0.27,SPY220930C00458000,458.0,normalDay
2022-07-18,15341.0,-6087.0,0.0,100,381.95,445.0,0,0.0,0.0,,0.0,1,2.41,0.23,SPY220930C00458000,458.0,normalDay
2022-07-19,15341.0,-5082.0,0.0,100,392.27,445.0,0,0.0,0.0,,0.0,1,2.41,0.5,SPY220930C00458000,458.0,normalDay
2022-07-20,15341.0,-4839.0,0.0,100,394.77,445.0,0,0.0,0.0,,0.0,1,2.41,0.57,SPY220930C00458000,458.0,normalDay
2022-07-21,15341.0,-4445.0,0.0,100,398.79,445.0,0,0.0,0.0,,0.0,1,2.41,0.65,SPY220930C00458000,458.0,normalDay
2022-07-22,15341.0,-4794.0,0.0,100,395.09,445.0,0,0.0,0.0,,0.0,1,2.41,0.44,SPY220930C00458000,458.0,normalDay
2022-07-25,15341.0,-4740.0,0.0,100,395.57,445.0,0,0.0,0.0,,0.0,1,2.41,0.38,SPY220930C00458000,458.0,normalDay
2022-07-26,15341.0,-5198.0,0.0,100,390.89,445.0,0,0.0,0.0,,0.0,1,2.41,0.28,SPY220930C00458000,458.0,normalDay
2022-07-27,15341.0,-4201.0,0.0,100,401.04,445.0,0,0.0,0.0,,0.0,1,2.41,0.46,SPY220930C00458000,458.0,normalDay
2022-07-28,15341.0,-3717.0,0.0,100,406.07,445.0,0,0.0,0.0,,0.0,1,2.41,0.65,SPY220930C00458000,458.0,normalDay
2022-07-29,15341.0,-3142.0,0.0,100,411.99,445.0,0,0.0,0.0,,0.0,1,2.41,0.82,SPY220930C00458000,458.0,normalDay
2022-08-01,15341.0,-3254.0,0.0,100,410.77,445.0,0,0.0,0.0,,0.0,1,2.41,0.72,SPY220930C00458000,458.0,normalDay
2022-08-02,15341.0,-3509.0,0.0,100,408.06,445.0,0,0.0,0.0,,0.0,1,2.41,0.56,SPY220930C00458000,458.0,normalDay
2022-08-03,15341.0,-2896.0,0.0,100,414.45,445.0,0,0.0,0.0,,0.0,1,2.41,0.82,SPY220930C00458000,458.0,normalDay
2022-08-04,15341.0,-2917.0,0.0,100,414.17,445.0,0,0.0,0.0,,0.0,1,2.41,0.75,SPY220930C00458000,458.0,normalDay
2022-08-05,15341.0,-2967.0,0.0,100,413.47,445.0,0,0.0,0.0,,0.0,1,2.41,0.55,SPY220930C00458000,458.0,normalDay
2022-08-08,15341.0,-3010.0,0.0,100,412.99,445.0,0,0.0,0.0,,0.0,1,2.41,0.5,SPY220930C00458000,458.0,normalDay
2022-08-09,15341.0,-3166.0,0.0,100,411.35,445.0,0,0.0,0.0,,0.0,1,2.41,0.42,SPY220930C00458000,458.0,normalDay
2022-08-10,15341.0,-2337.0,0.0,100,419.99,445.0,0,0.0,0.0,,0.0,1,2.41,0.77,SPY220930C00458000,458.0,normalDay
2022-08-11,15341.0,-2335.0,0.0,100,419.99,445.0,0,0.0,0.0,,0.0,1,2.41,0.75,SPY220930C00458000,458.0,normalDay
2022-08-12,15341.0,-1682.0,0.0,100,427.1,445.0,0,0.0,0.0,,0.0,1,2.41,1.33,SPY220930C00458000,458.0,normalDay
2022-08-15,15341.0,-1515.0,0.0,100,428.86,445.0,0,0.0,0.0,,0.0,1,2.41,1.42,SPY220930C00458000,458.0,normalDay
2022-08-16,15341.0,-1425.0,0.0,100,429.7,445.0,0,0.0,0.0,,0.0,1,2.41,1.36,SPY220930C00458000,458.0,normalDay
2022-08-17,15341.0,-1695.0,0.0,100,426.65,445.0,0,0.0,0.0,,0.0,1,2.41,1.01,SPY220930C00458000,458.0,normalDay
2022-08-18,15341.0,-1561.0,0.0,100,427.89,445.0,0,0.0,0.0,,0.0,1,2.41,0.91,SPY220930C00458000,458.0,normalDay
2022-08-19,15341.0,-2094.0,0.0,100,422.14,445.0,0,0.0,0.0,,0.0,1,2.41,0.49,SPY220930C00458000,458.0,normalDay
2022-08-22,15341.0,-2947.0,0.0,100,413.35,445.0,0,0.0,0.0,,0.0,1,2.41,0.23,SPY220930C00458000,458.0,normalDay
2022-08-23,15341.0,-3043.0,0.0,100,412.35,445.0,0,0.0,0.0,,0.0,1,2.41,0.19,SPY220930C00458000,458.0,normalDay
2022-08-24,15341.0,-2909.0,0.0,100,413.67,445.0,0,0.0,0.0,,0.0,1,2.41,0.17,SPY220930C00458000,458.0,normalDay
2022-08-25,15341.0,-2334.0,0.0,100,419.51,445.0,0,0.0,0.0,,0.0,1,2.41,0.26,SPY220930C00458000,458.0,normalDay
2022-08-26,15341.0,-3736.0,0.0,100,405.31,445.0,0,0.0,0.0,,0.0,1,2.41,0.08,SPY220930C00458000,458.0,normalDay
2022-08-29,15341.0,-4003.0,0.0,100,402.63,445.0,0,0.0,0.0,,0.0,1,2.41,0.07,SPY220930C00458000,458.0,normalDay
2022-08-30,15341.0,-4442.0,0.0,100,398.21,445.0,0,0.0,0.0,,0.0,1,2.41,0.04,SPY220930C00458000,458.0,normalDay
2022-08-31,15341.0,-4745.0,0.0,100,395.18,445.0,0,0.0,0.0,,0.0,1,2.41,0.04,SPY220930C00458000,458.0,normalDay
2022-09-01,15341.0,-4621.0,0.0,100,396.42,445.0,0,0.0,0.0,,0.0,1,2.41,0.04,SPY220930C00458000,458.0,normalDay
2022-09-02,15341.0,-5038.0,0.0,100,392.24,445.0,0,0.0,0.0,,0.0,1,2.41,0.03,SPY220930C00458000,458.0,normalDay
2022-09-06,15341.0,-5186.0,0.0,100,390.76,445.0,0,0.0,0.0,,0.0,1,2.41,0.03,SPY220930C00458000,458.0,normalDay
2022-09-07,15341.0,-4484.0,0.0,100,397.78,445.0,0,0.0,0.0,,0.0,1,2.41,0.03,SPY220930C00458000,458.0,normalDay
2022-09-08,15341.0,-4224.0,0.0,100,400.38,445.0,0,0.0,0.0,,0.0,1,2.41,0.03,SPY220930C00458000,458.0,normalDay
2022-09-09,15341.0,-3603.0,0.0,100,406.6,445.0,0,0.0,0.0,,0.0,1,2.41,0.04,SPY220930C00458000,458.0,normalDay
2022-09-12,15341.0,-3167.0,0.0,100,410.97,445.0,0,0.0,0.0,,0.0,1,2.41,0.05,SPY220930C00458000,458.0,normalDay
2022-09-13,15341.0,-4951.0,0.0,100,393.1,445.0,0,0.0,0.0,,0.0,1,2.41,0.02,SPY220930C00458000,458.0,normalDay
2022-09-14,15341.0,-4801.0,0.0,100,394.6,445.0,0,0.0,0.0,,0.0,1,2.41,0.02,SPY220930C00458000,458.0,normalDay
2022-09-15,15341.0,-5248.0,0.0,100,390.12,445.0,0,0.0,0.0,,0.0,1,2.41,0.01,SPY220930C00458000,458.0,normalDay
2022-09-16,15341.0,-5704.0,0.0,100,385.56,445.0,0,0.0,0.0,,0.0,1,2.41,0.01,SPY220930C00458000,458.0,normalDay
2022-09-19,15341.0,-5405.0,0.0,100,388.55,445.0,0,0.0,0.0,,0.0,1,2.41,0.01,SPY220930C00458000,458.0,normalDay
2022-09-20,15341.0,-5851.0,0.0,100,384.09,445.0,0,0.0,0.0,,0.0,1,2.41,0.01,SPY220930C00458000,458.0,normalDay
2022-09-21,15341.0,-6521.0,0.0,100,377.39,445.0,0,0.0,0.0,,0.0,1,2.41,0.01,SPY220930C00458000,458.0,normalDay
2022-09-22,15341.0,-6838.0,0.0,100,374.22,445.0,0,0.0,0.0,,0.0,1,2.41,0.01,SPY220930C00458000,458.0,normalDay
2022-09-23,15341.0,-7465.0,0.0,100,367.95,445.0,0,0.0,0.0,,0.0,1,2.41,0.01,SPY220930C00458000,458.0,normalDay
2022-09-26,15341.0,-7829.0,0.0,100,364.31,445.0,0,0.0,0.0,,0.0,1,2.41,0.01,SPY220930C00458000,458.0,normalDay
2022-09-27,15341.0,-7922.0,0.0,100,363.38,445.0,0,0.0,0.0,,0.0,1,2.41,0.01,SPY220930C00458000,458.0,normalDay
2022-09-28,15341.0,-7207.0,0.0,100,370.53,445.0,0,0.0,0.0,,0.0,1,2.41,0.01,SPY220930C00458000,458.0,normalDay
2022-09-29,15341.0,-7981.0,0.0,100,362.79,445.0,0,0.0,0.0,,0.0,1,2.41,0.01,SPY220930C00458000,458.0,normalDay
2022-09-30,15582.0,-8782.0,241.0,100,357.18,445.0,0,0.0,0.0,,0.0,1,2.41,0.0,SPY220930C00458000,458.0,expirationDay
2022-10-03,15582.0,-7843.0,0.0,100,366.61,445.0,0,0.0,0.0,,0.0,1,0.64,0.68,SPY230120C00450000,450.0,normalDay
2022-10-04,15582.0,-6759.0,0.0,100,377.97,445.0,0,0.0,0.0,,0.0,1,0.64,1.2,SPY230120C00450000,450.0,normalDay
2022-10-05,15582.0,-6832.0,0.0,100,377.09,445.0,0,0.0,0.0,,0.0,1,0.64,1.05,SPY230120C00450000,450.0,normalDay
2022-10-06,15582.0,-7204.0,0.0,100,373.2,445.0,0,0.0,0.0,,0.0,1,0.64,0.88,SPY230120C00450000,450.0,normalDay
2022-10-07,15582.0,-8210.0,0.0,100,362.79,445.0,0,0.0,0.0,,0.0,1,0.64,0.53,SPY230120C00450000,450.0,normalDay
2022-10-10,15582.0,-8490.0,0.0,100,360.02,445.0,0,0.0,0.0,,0.0,1,0.64,0.56,SPY230120C00450000,450.0,normalDay
2022-10-11,15582.0,-8716.0,0.0,100,357.74,445.0,0,0.0,0.0,,0.0,1,0.64,0.54,SPY230120C00450000,450.0,normalDay
2022-10-12,15582.0,-8832.0,0.0,100,356.56,445.0,0,0.0,0.0,,0.0,1,0.64,0.52,SPY230120C00450000,450.0,normalDay
2022-10-13,15582.0,-7920.0,0.0,100,365.97,445.0,0,0.0,0.0,,0.0,1,0.64,0.81,SPY230120C00450000,450.0,normalDay
2022-10-14,15582.0,-8726.0,0.0,100,357.63,445.0,0,0.0,0.0,,0.0,1,0.64,0.53,SPY230120C00450000,450.0,normalDay
2022-10-17,15582.0,-7834.0,0.0,100,366.82,445.0,0,0.0,0.0,,0.0,1,0.64,0.8,SPY230120C00450000,450.0,normalDay
2022-10-18,15582.0,-7418.0,0.0,100,371.13,445.0,0,0.0,0.0,,0.0,1,0.64,0.95,SPY230120C00450000,450.0,normalDay
2022-10-19,15582.0,-7662.0,0.0,100,368.5,445.0,0,0.0,0.0,,0.0,1,0.64,0.76,SPY230120C00450000,450.0,normalDay
2022-10-20,15582.0,-7952.0,0.0,100,365.41,445.0,0,0.0,0.0,,0.0,1,0.64,0.57,SPY230120C00450000,450.0,normalDay
2022-10-21,15582.0,-7110.0,0.0,100,374.29,445.0,0,0.0,0.0,,0.0,1,0.64,1.03,SPY230120C00450000,450.0,normalDay
2022-10-24,15582.0,-6675.0,0.0,100,378.87,445.0,0,0.0,0.0,,0.0,1,0.64,1.26,SPY230120C00450000,450.0,normalDay
2022-10-25,15582.0,-6080.0,0.0,100,384.92,445.0,0,0.0,0.0,,0.0,1,0.64,1.36,SPY230120C00450000,450.0,normalDay
2022-10-26,15582.0,-6344.0,0.0,100,382.02,445.0,0,0.0,0.0,,0.0,1,0.64,1.1,SPY230120C00450000,450.0,normalDay
2022-10-27,15582.0,-6505.0,0.0,100,379.98,445.0,0,0.0,0.0,,0.0,1,0.64,0.67,SPY230120C00450000,450.0,normalDay
2022-10-28,15582.0,-5666.0,0.0,100,389.02,445.0,0,0.0,0.0,,0.0,1,0.64,1.32,SPY230120C00450000,450.0,normalDay
2022-10-31,15582.0,-5912.0,0.0,100,386.21,445.0,0,0.0,0.0,,0.0,1,0.64,0.97,SPY230120C00450000,450.0,normalDay
2022-11-01,15582.0,-6066.0,0.0,100,384.52,445.0,0,0.0,0.0,,0.0,1,0.64,0.82,SPY230120C00450000,450.0,normalDay
2022-11-02,15582.0,-6992.0,0.0,100,374.87,445.0,0,0.0,0.0,,0.0,1,0.64,0.43,SPY230120C00450000,450.0,normalDay
2022-11-03,15582.0,-7365.0,0.0,100,371.01,445.0,0,0.0,0.0,,0.0,1,0.64,0.3,SPY230120C00450000,450.0,normalDay
2022-11-04,15582.0,-6838.0,0.0,100,376.35,445.0,0,0.0,0.0,,0.0,1,0.64,0.37,SPY230120C00450000,450.0,normalDay
2022-11-07,15582.0,-6485.0,0.0,100,379.95,445.0,0,0.0,0.0,,0.0,1,0.64,0.44,SPY230120C00450000,450.0,normalDay
2022-11-08,15582.0,-6287.0,0.0,100,382.0,445.0,0,0.0,0.0,,0.0,1,0.64,0.51,SPY230120C00450000,450.0,normalDay
2022-11-09,15582.0,-7054.0,0.0,100,374.13,445.0,0,0.0,0.0,,0.0,1,0.64,0.31,SPY230120C00450000,450.0,normalDay
2022-11-10,15582.0,-5078.0,0.0,100,394.69,445.0,0,0.0,0.0,,0.0,1,0.64,1.11,SPY230120C00450000,450.0,normalDay
2022-11-11,15582.0,-4689.0,0.0,100,398.51,445.0,0,0.0,0.0,,0.0,1,0.64,1.04,SPY230120C00450000,450.0,normalDay
2022-11-14,15582.0,-4999.0,0.0,100,395.12,445.0,0,0.0,0.0,,0.0,1,0.64,0.75,SPY230120C00450000,450.0,normalDay
2022-11-15,15582.0,-4677.0,0.0,100,398.49,445.0,0,0.0,0.0,,0.0,1,0.64,0.9,SPY230120C00450000,450.0,normalDay
2022-11-16,15582.0,-4956.0,0.0,100,395.45,445.0,0,0.0,0.0,,0.0,1,0.64,0.65,SPY230120C00450000,450.0,normalDay
2022-11-17,15582.0,-5067.0,0.0,100,394.24,445.0,0,0.0,0.0,,0.0,1,0.64,0.55,SPY230120C00450000,450.0,normalDay
2022-11-18,15582.0,-4886.0,0.0,100,396.03,445.0,0,0.0,0.0,,0.0,1,0.64,0.53,SPY230120C00450000,450.0,normalDay
2022-11-21,15582.0,-5014.0,0.0,100,394.59,445.0,0,0.0,0.0,,0.0,1,0.64,0.37,SPY230120C00450000,450.0,normalDay
2022-11-22,15582.0,-4490.0,0.0,100,399.9,445.0,0,0.0,0.0,,0.0,1,0.64,0.44,SPY230120C00450000,450.0,normalDay
2022-11-23,15582.0,-4236.0,0.0,100,402.42,445.0,0,0.0,0.0,,0.0,1,0.64,0.42,SPY230120C00450000,450.0,normalDay
2022-11-25,15582.0,-4240.0,0.0,100,402.33,445.0,0,0.0,0.0,,0.0,1,0.64,0.37,SPY230120C00450000,450.0,normalDay
2022-11-28,15582.0,-4868.0,0.0,100,395.91,445.0,0,0.0,0.0,,0.0,1,0.64,0.23,SPY230120C00450000,450.0,normalDay
2022-11-29,15582.0,-4933.0,0.0,100,395.23,445.0,0,0.0,0.0,,0.0,1,0.64,0.2,SPY230120C00450000,450.0,normalDay
2022-11-30,15582.0,-3726.0,0.0,100,407.68,445.0,0,0.0,0.0,,0.0,1,0.64,0.58,SPY230120C00450000,450.0,normalDay
2022-12-01,15582.0,-3750.0,0.0,100,407.38,445.0,0,0.0,0.0,,0.0,1,0.64,0.52,SPY230120C00450000,450.0,normalDay
2022-12-02,15582.0,-3781.0,0.0,100,406.91,445.0,0,0.0,0.0,,0.0,1,0.64,0.36,SPY230120C00450000,450.0,normalDay
2022-12-05,15582.0,-4497.0,0.0,100,399.59,445.0,0,0.0,0.0,,0.0,1,0.64,0.2,SPY230120C00450000,450.0,normalDay
2022-12-06,15582.0,-5068.0,0.0,100,393.83,445.0,0,0.0,0.0,,0.0,1,0.64,0.15,SPY230120C00450000,450.0,normalDay
2022-12-07,15582.0,-5135.0,0.0,100,393.16,445.0,0,0.0,0.0,,0.0,1,0.64,0.15,SPY230120C00450000,450.0,normalDay
2022-12-08,15582.0,-4830.0,0.0,100,396.24,445.0,0,0.0,0.0,,0.0,1,0.64,0.18,SPY230120C00450000,450.0,normalDay
2022-12-09,15582.0,-5123.0,0.0,100,393.28,445.0,0,0.0,0.0,,0.0,1,0.64,0.15,SPY230120C00450000,450.0,normalDay
2022-12-12,15582.0,-4571.0,0.0,100,398.95,445.0,0,0.0,0.0,,0.0,1,0.64,0.3,SPY230120C00450000,450.0,normalDay
2022-12-13,15582.0,-4262.0,0.0,100,401.97,445.0,0,0.0,0.0,,0.0,1,0.64,0.23,SPY230120C00450000,450.0,normalDay
2022-12-14,15582.0,-4508.0,0.0,100,399.4,445.0,0,0.0,0.0,,0.0,1,0.64,0.12,SPY230120C00450000,450.0,normalDay
2022-12-15,15582.0,-5481.0,0.0,100,389.63,445.0,0,0.0,0.0,,0.0,1,0.64,0.08,SPY230120C00450000,450.0,normalDay
2022-12-16,15582.0,-6115.0,0.0,100,383.27,445.0,0,0.0,0.0,,0.0,1,0.64,0.06,SPY230120C00450000,450.0,normalDay
2022-12-19,15582.0,-6438.0,0.0,100,380.02,445.0,0,0.0,0.0,,0.0,1,0.64,0.04,SPY230120C00450000,450.0,normalDay
2022-12-20,15582.0,-6386.0,0.0,100,380.54,445.0,0,0.0,0.0,,0.0,1,0.64,0.04,SPY230120C00450000,450.0,normalDay
2022-12-21,15582.0,-5817.0,0.0,100,386.23,445.0,0,0.0,0.0,,0.0,1,0.64,0.04,SPY230120C00450000,450.0,normalDay
2022-12-22,15582.0,-6367.0,0.0,100,380.72,445.0,0,0.0,0.0,,0.0,1,0.64,0.03,SPY230120C00450000,450.0,normalDay
2022-12-23,15582.0,-6148.0,0.0,100,382.91,445.0,0,0.0,0.0,,0.0,1,0.64,0.03,SPY230120C00450000,450.0,normalDay
2022-12-27,15582.0,-6299.0,0.0,100,381.4,445.0,0,0.0,0.0,,0.0,1,0.64,0.03,SPY230120C00450000,450.0,normalDay
2022-12-28,15582.0,-6772.0,0.0,100,376.66,445.0,0,0.0,0.0,,0.0,1,0.64,0.02,SPY230120C00450000,450.0,normalDay
2022-12-29,15582.0,-6094.0,0.0,100,383.44,445.0,0,0.0,0.0,,0.0,1,0.64,0.02,SPY230120C00450000,450.0,normalDay
2022-12-30,15582.0,-6195.0,0.0,100,382.43,445.0,0,0.0,0.0,,0.0,1,0.64,0.02,SPY230120C00450000,450.0,normalDay
2023-01-03,15582.0,-6356.0,0.0,100,380.82,445.0,0,0.0,0.0,,0.0,1,0.64,0.02,SPY230120C00450000,450.0,normalDay
2023-01-04,15582.0,-6062.0,0.0,100,383.76,445.0,0,0.0,0.0,,0.0,1,0.64,0.02,SPY230120C00450000,450.0,normalDay
2023-01-05,15582.0,-6500.0,0.0,100,379.38,445.0,0,0.0,0.0,,0.0,1,0.64,0.02,SPY230120C00450000,450.0,normalDay
2023-01-06,15582.0,-5630.0,0.0,100,388.08,445.0,0,0.0,0.0,,0.0,1,0.64,0.02,SPY230120C00450000,450.0,normalDay
2023-01-09,15582.0,-5652.0,0.0,100,387.86,445.0,0,0.0,0.0,,0.0,1,0.64,0.02,SPY230120C00450000,450.0,normalDay
2023-01-10,15582.0,-5379.0,0.0,100,390.58,445.0,0,0.0,0.0,,0.0,1,0.64,0.01,SPY230120C00450000,450.0,normalDay
2023-01-11,15582.0,-4885.0,0.0,100,395.52,445.0,0,0.0,0.0,,0.0,1,0.64,0.01,SPY230120C00450000,450.0,normalDay
2023-01-12,15582.0,-4741.0,0.0,100,396.96,445.0,0,0.0,0.0,,0.0,1,0.64,0.01,SPY230120C00450000,450.0,normalDay
2023-01-13,15582.0,-4587.0,0.0,100,398.5,445.0,0,0.0,0.0,,0.0,1,0.64,0.01,SPY230120C00450000,450.0,normalDay
2023-01-17,15582.0,-4660.0,0.0,100,397.77,445.0,0,0.0,0.0,,0.0,1,0.64,0.01,SPY230120C00450000,450.0,normalDay
2023-01-18,15582.0,-5288.0,0.0,100,391.49,445.0,0,0.0,0.0,,0.0,1,0.64,0.01,SPY230120C00450000,450.0,normalDay
2023-01-19,15582.0,-5573.0,0.0,100,388.64,445.0,0,0.0,0.0,,0.0,1,0.64,0.01,SPY230120C00450000,450.0,normalDay
2023-01-20,15646.0,-4912.0,64.0,100,395.88,445.0,0,0.0,0.0,,0.0,1,0.64,0.0,SPY230120C00450000,450.0,expirationDay
2023-01-23,15646.0,-4445.0,0.0,100,400.63,445.0,0,0.0,0.0,,0.0,1,8.88,8.96,SPY230519C00420000,420.0,normalDay
2023-01-24,15646.0,-4480.0,0.0,100,400.2,445.0,0,0.0,0.0,,0.0,1,8.88,8.88,SPY230519C00420000,420.0,normalDay
2023-01-25,15646.0,-4401.0,0.0,100,400.35,445.0,0,0.0,0.0,,0.0,1,8.88,8.24,SPY230519C00420000,420.0,normalDay
2023-01-26,15646.0,-4121.0,0.0,100,404.75,445.0,0,0.0,0.0,,0.0,1,8.88,9.84,SPY230519C00420000,420.0,normalDay
2023-01-27,15646.0,-4058.0,0.0,100,405.68,445.0,0,0.0,0.0,,0.0,1,8.88,10.14,SPY230519C00420000,420.0,normalDay
2023-01-30,15646.0,-4393.0,0.0,100,400.59,445.0,0,0.0,0.0,,0.0,1,8.88,8.4,SPY230519C00420000,420.0,normalDay
2023-01-31,15646.0,-3990.0,0.0,100,406.48,445.0,0,0.0,0.0,,0.0,1,8.88,10.26,SPY230519C00420000,420.0,normalDay
2023-02-01,15646.0,-3793.0,0.0,100,410.8,445.0,0,0.0,0.0,,0.0,1,8.88,12.61,SPY230519C00420000,420.0,normalDay
2023-02-02,15646.0,-3462.0,0.0,100,416.78,445.0,0,0.0,0.0,,0.0,1,8.88,15.28,SPY230519C00420000,420.0,normalDay
2023-02-03,15646.0,-3688.0,0.0,100,412.35,445.0,0,0.0,0.0,,0.0,1,8.88,13.11,SPY230519C00420000,420.0,normalDay
2023-02-06,15646.0,-3833.0,0.0,100,409.83,445.0,0,0.0,0.0,,0.0,1,8.88,12.04,SPY230519C00420000,420.0,normalDay
2023-02-07,15646.0,-3508.0,0.0,100,415.19,445.0,0,0.0,0.0,,0.0,1,8.88,14.15,SPY230519C00420000,420.0,normalDay
2023-02-08,15646.0,-3807.0,0.0,100,410.65,445.0,0,0.0,0.0,,0.0,1,8.88,12.6,SPY230519C00420000,420.0,normalDay
2023-02-09,15646.0,-4015.0,0.0,100,407.09,445.0,0,0.0,0.0,,0.0,1,8.88,11.12,SPY230519C00420000,420.0,normalDay
2023-02-10,15646.0,-3947.0,0.0,100,408.04,445.0,0,0.0,0.0,,0.0,1,8.88,11.39,SPY230519C00420000,420.0,normalDay
2023-02-13,15646.0,-3680.0,0.0,100,412.83,445.0,0,0.0,0.0,,0.0,1,8.88,13.51,SPY230519C00420000,420.0,normalDay
2023-02-14,15646.0,-3582.0,0.0,100,412.64,445.0,0,0.0,0.0,,0.0,1,8.88,12.34,SPY230519C00420000,420.0,normalDay
2023-02-15,15646.0,-3513.0,0.0,100,413.98,445.0,0,0.0,0.0,,0.0,1,8.88,12.99,SPY230519C00420000,420.0,normalDay
2023-02-16,15646.0,-3813.0,0.0,100,408.28,445.0,0,0.0,0.0,,0.0,1,8.88,10.29,SPY230519C00420000,420.0,normalDay
2023-02-17,15646.0,-3852.0,0.0,100,407.26,445.0,0,0.0,0.0,,0.0,1,8.88,9.66,SPY230519C00420000,420.0,normalDay
2023-02-21,15646.0,-4383.0,0.0,100,399.09,445.0,0,0.0,0.0,,0.0,1,8.88,6.8,SPY230519C00420000,420.0,normalDay
2023-02-22,15646.0,-4381.0,0.0,100,398.54,445.0,0,0.0,0.0,,0.0,1,8.88,6.23,SPY230519C00420000,420.0,normalDay
2023-02-23,15646.0,-4181.0,0.0,100,400.66,445.0,0,0.0,0.0,,0.0,1,8.88,6.35,SPY230519C00420000,420.0,normalDay
2023-02-24,15646.0,-4497.0,0.0,100,396.38,445.0,0,0.0,0.0,,0.0,1,8.88,5.23,SPY230519C00420000,420.0,normalDay
2023-02-27,15646.0,-4366.0,0.0,100,397.73,445.0,0,0.0,0.0,,0.0,1,8.88,5.27,SPY230519C00420000,420.0,normalDay
2023-02-28,15646.0,-4432.0,0.0,100,396.26,445.0,0,0.0,0.0,,0.0,1,8.88,4.46,SPY230519C00420000,420.0,normalDay
2023-03-01,15646.0,-4557.0,0.0,100,394.74,445.0,0,0.0,0.0,,0.0,1,8.88,4.19,SPY230519C00420000,420.0,normalDay
2023-03-02,15646.0,-4306.0,0.0,100,397.81,445.0,0,0.0,0.0,,0.0,1,8.88,4.75,SPY230519C00420000,420.0,normalDay
2023-03-03,15646.0,-3862.0,0.0,100,404.19,445.0,0,0.0,0.0,,0.0,1,8.88,6.69,SPY230519C00420000,420.0,normalDay
2023-03-06,15646.0,-3819.0,0.0,100,404.47,445.0,0,0.0,0.0,,0.0,1,8.88,6.54,SPY230519C00420000,420.0,normalDay
2023-03-07,15646.0,-4244.0,0.0,100,398.27,445.0,0,0.0,0.0,,0.0,1,8.88,4.59,SPY230519C00420000,420.0,normalDay
2023-03-08,15646.0,-4167.0,0.0,100,398.92,445.0,0,0.0,0.0,,0.0,1,8.88,4.47,SPY230519C00420000,420.0,normalDay
2023-03-09,15646.0,-4776.0,0.0,100,391.56,445.0,0,0.0,0.0,,0.0,1,8.88,3.2,SPY230519C00420000,420.0,normalDay
2023-03-10,15646.0,-5236.0,0.0,100,385.91,445.0,0,0.0,0.0,,0.0,1,8.88,2.15,SPY230519C00420000,420.0,normalDay
2023-03-13,15646.0,-5305.0,0.0,100,385.36,445.0,0,0.0,0.0,,0.0,1,8.88,2.29,SPY230519C00420000,420.0,normalDay
2023-03-14,15646.0,-4716.0,0.0,100,391.73,445.0,0,0.0,0.0,,0.0,1,8.88,2.77,SPY230519C00420000,420.0,normalDay
2023-03-15,15646.0,-4934.0,0.0,100,389.28,445.0,0,0.0,0.0,,0.0,1,8.88,2.5,SPY230519C00420000,420.0,normalDay
2023-03-16,15646.0,-4354.0,0.0,100,396.11,445.0,0,0.0,0.0,,0.0,1,8.88,3.53,SPY230519C00420000,420.0,normalDay
2023-03-17,15646.0,-4923.0,0.0,100,389.99,445.0,0,0.0,0.0,,0.0,1,8.88,3.1,SPY230519C00420000,420.0,normalDay
2023-03-20,15646.0,-4571.0,0.0,100,393.74,445.0,0,0.0,0.0,,0.0,1,8.88,3.33,SPY230519C00420000,420.0,normalDay
2023-03-21,15646.0,-4150.0,0.0,100,398.91,445.0,0,0.0,0.0,,0.0,1,8.88,4.29,SPY230519C00420000,420.0,normalDay
2023-03-22,15646.0,-4658.0,0.0,100,392.11,445.0,0,0.0,0.0,,0.0,1,8.88,2.57,SPY230519C00420000,420.0,normalDay
2023-03-23,15646.0,-4572.0,0.0,100,393.17,445.0,0,0.0,0.0,,0.0,1,8.88,2.77,SPY230519C00420000,420.0,normalDay
2023-03-24,15646.0,-4347.0,0.0,100,395.75,445.0,0,0.0,0.0,,0.0,1,8.88,3.1,SPY230519C00420000,420.0,normalDay
2023-03-27,15646.0,-4242.0,0.0,100,396.49,445.0,0,0.0,0.0,,0.0,1,8.88,2.79,SPY230519C00420000,420.0,normalDay
2023-03-28,15646.0,-4298.0,0.0,100,395.6,445.0,0,0.0,0.0,,0.0,1,8.88,2.46,SPY230519C00420000,420.0,normalDay
2023-03-29,15646.0,-3830.0,0.0,100,401.35,445.0,0,0.0,0.0,,0.0,1,8.88,3.53,SPY230519C00420000,420.0,normalDay
2023-03-30,15646.0,-3649.0,0.0,100,403.7,445.0,0,0.0,0.0,,0.0,1,8.88,4.07,SPY230519C00420000,420.0,normalDay
2023-03-31,15646.0,-3291.0,0.0,100,409.39,445.0,0,0.0,0.0,,0.0,1,8.88,6.18,SPY230519C00420000,420.0,normalDay
2023-04-03,15646.0,-3148.0,0.0,100,410.95,445.0,0,0.0,0.0,,0.0,1,8.88,6.31,SPY230519C00420000,420.0,normalDay
2023-04-04,15646.0,-3272.0,0.0,100,408.67,445.0,0,0.0,0.0,,0.0,1,8.88,5.27,SPY230519C00420000,420.0,normalDay
2023-04-05,15646.0,-3320.0,0.0,100,407.6,445.0,0,0.0,0.0,,0.0,1,8.88,4.68,SPY230519C00420000,420.0,normalDay
2023-04-06,15646.0,-3187.0,0.0,100,409.19,445.0,0,0.0,0.0,,0.0,1,8.88,4.94,SPY230519C00420000,420.0,normalDay
2023-04-10,15646.0,-3146.0,0.0,100,409.61,445.0,0,0.0,0.0,,0.0,1,8.88,4.95,SPY230519C00420000,420.0,normalDay
2023-04-11,15646.0,-3124.0,0.0,100,409.72,445.0,0,0.0,0.0,,0.0,1,8.88,4.84,SPY230519C00420000,420.0,normalDay
2023-04-12,15646.0,-3185.0,0.0,100,408.05,445.0,0,0.0,0.0,,0.0,1,8.88,3.78,SPY230519C00420000,420.0,normalDay
2023-04-13,15646.0,-2823.0,0.0,100,413.47,445.0,0,0.0,0.0,,0.0,1,8.88,5.58,SPY230519C00420000,420.0,normalDay
2023-04-14,15646.0,-2843.0,0.0,100,412.46,445.0,0,0.0,0.0,,0.0,1,8.88,4.77,SPY230519C00420000,420.0,normalDay
2023-04-17,15646.0,-2712.0,0.0,100,413.94,445.0,0,0.0,0.0,,0.0,1,8.88,4.94,SPY230519C00420000,420.0,normalDay
2023-04-18,15646.0,-2655.0,0.0,100,414.21,445.0,0,0.0,0.0,,0.0,1,8.88,4.64,SPY230519C00420000,420.0,normalDay
2023-04-19,15646.0,-2638.0,0.0,100,414.14,445.0,0,0.0,0.0,,0.0,1,8.88,4.4,SPY230519C00420000,420.0,normalDay
2023-04-20,15646.0,-2777.0,0.0,100,411.88,445.0,0,0.0,0.0,,0.0,1,8.88,3.53,SPY230519C00420000,420.0,normalDay
2023-04-21,15646.0,-2716.0,0.0,100,412.2,445.0,0,0.0,0.0,,0.0,1,8.88,3.24,SPY230519C00420000,420.0,normalDay
2023-04-24,15646.0,-2661.0,0.0,100,412.63,445.0,0,0.0,0.0,,0.0,1,8.88,3.12,SPY230519C00420000,420.0,normalDay
2023-04-25,15646.0,-3178.0,0.0,100,406.08,445.0,0,0.0,0.0,,0.0,1,8.88,1.74,SPY230519C00420000,420.0,normalDay
2023-04-26,15646.0,-3280.0,0.0,100,404.36,445.0,0,0.0,0.0,,0.0,1,8.88,1.04,SPY230519C00420000,420.0,normalDay
2023-04-27,15646.0,-2662.0,0.0,100,412.41,445.0,0,0.0,0.0,,0.0,1,8.88,2.91,SPY230519C00420000,420.0,normalDay
2023-04-28,15646.0,-2388.0,0.0,100,415.93,445.0,0,0.0,0.0,,0.0,1,8.88,3.69,SPY230519C00420000,420.0,normalDay
2023-05-01,15646.0,-2381.0,0.0,100,415.51,445.0,0,0.0,0.0,,0.0,1,8.88,3.2,SPY230519C00420000,420.0,normalDay
2023-05-02,15646.0,-2706.0,0.0,100,410.84,445.0,0,0.0,0.0,,0.0,1,8.88,1.78,SPY230519C00420000,420.0,normalDay
2023-05-03,15646.0,-2930.0,0.0,100,408.02,445.0,0,0.0,0.0,,0.0,1,8.88,1.2,SPY230519C00420000,420.0,normalDay
2023-05-04,15646.0,-3158.0,0.0,100,405.13,445.0,0,0.0,0.0,,0.0,1,8.88,0.59,SPY230519C00420000,420.0,normalDay
2023-05-05,15646.0,-2483.0,0.0,100,412.63,445.0,0,0.0,0.0,,0.0,1,8.88,1.34,SPY230519C00420000,420.0,normalDay
2023-05-08,15646.0,-2442.0,0.0,100,412.74,445.0,0,0.0,0.0,,0.0,1,8.88,1.04,SPY230519C00420000,420.0,normalDay
2023-05-09,15646.0,-2599.0,0.0,100,410.93,445.0,0,0.0,0.0,,0.0,1,8.88,0.8,SPY230519C00420000,420.0,normalDay
2023-05-10,15646.0,-2405.0,0.0,100,412.85,445.0,0,0.0,0.0,,0.0,1,8.88,0.78,SPY230519C00420000,420.0,normalDay
2023-05-11,15646.0,-2440.0,0.0,100,412.13,445.0,0,0.0,0.0,,0.0,1,8.88,0.41,SPY230519C00420000,420.0,normalDay
2023-05-12,15646.0,-2469.0,0.0,100,411.59,445.0,0,0.0,0.0,,0.0,1,8.88,0.16,SPY230519C00420000,420.0,normalDay
2023-05-15,15646.0,-2329.0,0.0,100,413.01,445.0,0,0.0,0.0,,0.0,1,8.88,0.18,SPY230519C00420000,420.0,normalDay
2023-05-16,15646.0,-2594.0,0.0,100,410.25,445.0,0,0.0,0.0,,0.0,1,8.88,0.07,SPY230519C00420000,420.0,normalDay
2023-05-17,15646.0,-2115.0,0.0,100,415.23,445.0,0,0.0,0.0,,0.0,1,8.88,0.26,SPY230519C00420000,420.0,normalDay
2023-05-18,15646.0,-1775.0,0.0,100,419.23,445.0,0,0.0,0.0,,0.0,1,8.88,0.86,SPY230519C00420000,420.0,normalDay
2023-05-19,16534.0,-2638.0,888.0,100,418.62,445.0,0,0.0,0.0,,0.0,1,8.88,0.0,SPY230519C00420000,420.0,expirationDay
2023-05-22,16534.0,-2632.0,0.0,100,418.79,445.0,0,0.0,0.0,,0.0,1,11.91,12.02,SPY230929C00430000,430.0,normalDay
2023-05-23,16534.0,-2880.0,0.0,100,414.09,445.0,0,0.0,0.0,,0.0,1,11.91,9.8,SPY230929C00430000,430.0,normalDay
2023-05-24,16534.0,-3069.0,0.0,100,411.09,445.0,0,0.0,0.0,,0.0,1,11.91,8.69,SPY230929C00430000,430.0,normalDay
2023-05-25,16534.0,-2825.0,0.0,100,414.65,445.0,0,0.0,0.0,,0.0,1,11.91,9.81,SPY230929C00430000,430.0,normalDay
2023-05-26,16534.0,-2542.0,0.0,100,420.02,445.0,0,0.0,0.0,,0.0,1,11.91,12.35,SPY230929C00430000,430.0,normalDay
2023-05-30,16534.0,-2495.0,0.0,100,420.18,445.0,0,0.0,0.0,,0.0,1,11.91,12.04,SPY230929C00430000,430.0,normalDay
2023-05-31,16534.0,-2568.0,0.0,100,417.85,445.0,0,0.0,0.0,,0.0,1,11.91,10.44,SPY230929C00430000,430.0,normalDay
2023-06-01,16534.0,-2324.0,0.0,100,421.82,445.0,0,0.0,0.0,,0.0,1,11.91,11.97,SPY230929C00430000,430.0,normalDay
2023-06-02,16534.0,-2044.0,0.0,100,427.92,445.0,0,0.0,0.0,,0.0,1,11.91,15.27,SPY230929C00430000,430.0,normalDay
2023-06-05,16534.0,-2045.0,0.0,100,427.1,445.0,0,0.0,0.0,,0.0,1,11.91,14.46,SPY230929C00430000,430.0,normalDay
2023-06-06,16534.0,-1966.0,0.0,100,428.03,445.0,0,0.0,0.0,,0.0,1,11.91,14.6,SPY230929C00430000,430.0,normalDay
2023-06-07,16534.0,-1989.0,0.0,100,426.55,445.0,0,0.0,0.0,,0.0,1,11.91,13.35,SPY230929C00430000,430.0,normalDay
2023-06-08,16534.0,-1840.0,0.0,100,429.13,445.0,0,0.0,0.0,,0.0,1,11.91,14.44,SPY230929C00430000,430.0,normalDay
2023-06-09,16534.0,-1843.0,0.0,100,429.9,445.0,0,0.0,0.0,,0.0,1,11.91,15.24,SPY230929C00430000,430.0,normalDay
2023-06-12,16534.0,-1692.0,0.0,100,433.8,445.0,0,0.0,0.0,,0.0,1,11.91,17.63,SPY230929C00430000,430.0,normalDay
2023-06-13,16534.0,-1623.0,0.0,100,436.66,445.0,0,0.0,0.0,,0.0,1,11.91,19.8,SPY230929C00430000,430.0,normalDay
2023-06-14,16534.0,-1607.0,0.0,100,437.18,445.0,0,0.0,0.0,,0.0,1,11.91,20.16,SPY230929C00430000,430.0,normalDay
2023-06-15,16534.0,-1421.0,0.0,100,442.6,445.0,0,0.0,0.0,,0.0,1,11.91,23.72,SPY230929C00430000,430.0,normalDay
2023-06-16,16534.0,-1665.0,0.0,100,439.46,445.0,0,0.0,0.0,,0.0,1,11.91,23.02,SPY230929C00430000,430.0,normalDay
2023-06-20,16534.0,-1661.0,0.0,100,437.18,445.0,0,0.0,0.0,,0.0,1,11.91,20.7,SPY230929C00430000,430.0,normalDay
2023-06-21,16534.0,-1722.0,0.0,100,434.94,445.0,0,0.0,0.0,,0.0,1,11.91,19.07,SPY230929C00430000,430.0,normalDay
2023-06-22,16534.0,-1618.0,0.0,100,436.51,445.0,0,0.0,0.0,,0.0,1,11.91,19.6,SPY230929C00430000,430.0,normalDay
2023-06-23,16534.0,-1724.0,0.0,100,433.21,445.0,0,0.0,0.0,,0.0,1,11.91,17.36,SPY230929C00430000,430.0,normalDay
2023-06-26,16534.0,-1767.0,0.0,100,431.44,445.0,0,0.0,0.0,,0.0,1,11.91,16.02,SPY230929C00430000,430.0,normalDay
2023-06-27,16534.0,-1553.0,0.0,100,436.17,445.0,0,0.0,0.0,,0.0,1,11.91,18.61,SPY230929C00430000,430.0,normalDay
2023-06-28,16534.0,-1557.0,0.0,100,436.39,445.0,0,0.0,0.0,,0.0,1,11.91,18.87,SPY230929C00430000,430.0,normalDay
2023-06-29,16534.0,-1488.0,0.0,100,438.11,445.0,0,0.0,0.0,,0.0,1,11.91,19.9,SPY230929C00430000,430.0,normalDay
2023-06-30,16534.0,-1371.0,0.0,100,443.28,445.0,0,0.0,0.0,,0.0,1,11.91,23.9,SPY230929C00430000,430.0,normalDay
2023-07-03,16534.0,-1400.0,0.0,100,443.79,445.0,0,0.0,0.0,,0.0,1,11.91,24.7,SPY230929C00430000,430.0,normalDay
2023-07-05,16534.0,-1355.0,0.0,100,443.13,445.0,0,0.0,0.0,,0.0,1,11.91,23.59,SPY230929C00430000,430.0,normalDay
2023-07-06,16534.0,-1461.0,0.0,100,439.66,445.0,0,0.0,0.0,,0.0,1,11.91,21.18,SPY230929C00430000,430.0,normalDay
2023-07-07,16534.0,-1488.0,0.0,100,438.55,445.0,0,0.0,0.0,,0.0,1,11.91,20.34,SPY230929C00430000,430.0,normalDay
2023-07-10,16534.0,-1423.0,0.0,100,439.66,445.0,0,0.0,0.0,,0.0,1,11.91,20.8,SPY230929C00430000,430.0,normalDay
2023-07-11,16534.0,-1306.0,0.0,100,442.46,445.0,0,0.0,0.0,,0.0,1,11.91,22.43,SPY230929C00430000,430.0,normalDay
2023-07-12,16534.0,-1216.0,0.0,100,446.02,445.0,0,0.0,0.0,,0.0,1,11.91,25.09,SPY230929C00430000,430.0,normalDay
2023-07-13,16534.0,-1126.0,0.0,100,449.56,445.0,0,0.0,0.0,,0.0,1,11.91,27.73,SPY230929C00430000,430.0,normalDay
2023-07-14,16534.0,-1097.0,0.0,100,449.28,445.0,0,0.0,0.0,,0.0,1,11.91,27.16,SPY230929C00430000,430.0,normalDay
2023-07-17,16534.0,-1052.0,0.0,100,450.84,445.0,0,0.0,0.0,,0.0,1,11.91,28.27,SPY230929C00430000,430.0,normalDay
2023-07-18,16534.0,-1013.0,0.0,100,454.19,445.0,0,0.0,0.0,,0.0,1,11.91,31.23,SPY230929C00430000,430.0,normalDay
2023-07-19,16534.0,-1020.0,0.0,100,455.2,445.0,0,0.0,0.0,,0.0,1,11.91,32.31,SPY230929C00430000,430.0,normalDay
2023-07-20,16534.0,-1073.0,0.0,100,452.18,445.0,0,0.0,0.0,,0.0,1,11.91,29.82,SPY230929C00430000,430.0,normalDay
2023-07-21,16534.0,-1022.0,0.0,100,452.18,445.0,0,0.0,0.0,,0.0,1,11.91,29.31,SPY230929C00430000,430.0,normalDay
2023-07-24,16534.0,-994.0,0.0,100,454.2,445.0,0,0.0,0.0,,0.0,1,11.91,31.05,SPY230929C00430000,430.0,normalDay
2023-07-25,16534.0,-1023.0,0.0,100,455.44,445.0,0,0.0,0.0,,0.0,1,11.91,32.58,SPY230929C00430000,430.0,normalDay
2023-07-26,16534.0,-1023.0,0.0,100,455.51,445.0,0,0.0,0.0,,0.0,1,11.91,32.65,SPY230929C00430000,430.0,normalDay
2023-07-27,16534.0,-1014.0,0.0,100,452.49,445.0,0,0.0,0.0,,0.0,1,11.91,29.54,SPY230929C00430000,430.0,normalDay
2023-07-28,16534.0,-893.0,0.0,100,456.92,445.0,0,0.0,0.0,,0.0,1,11.91,32.76,SPY230929C00430000,430.0,normalDay
2023-07-31,16534.0,-871.0,0.0,100,457.79,445.0,0,0.0,0.0,,0.0,1,11.91,33.41,SPY230929C00430000,430.0,normalDay
2023-08-01,16534.0,-857.0,0.0,100,456.48,445.0,0,0.0,0.0,,0.0,1,11.91,31.96,SPY230929C00430000,430.0,normalDay
2023-08-02,16534.0,-1014.0,0.0,100,450.13,445.0,0,0.0,0.0,,0.0,1,11.91,27.18,SPY230929C00430000,430.0,normalDay
2023-08-03,16534.0,-1170.0,0.0,100,448.84,445.0,0,0.0,0.0,,0.0,1,11.91,27.45,SPY230929C00430000,430.0,normalDay
2023-08-04,16534.0,-1033.0,0.0,100,446.81,445.0,0,0.0,0.0,,0.0,1,11.91,24.05,SPY230929C00430000,430.0,normalDay
2023-08-07,16534.0,-931.0,0.0,100,450.71,445.0,0,0.0,0.0,,0.0,1,11.91,26.93,SPY230929C00430000,430.0,normalDay
2023-08-08,16534.0,-945.0,0.0,100,448.75,445.0,0,0.0,0.0,,0.0,1,11.91,25.11,SPY230929C00430000,430.0,normalDay
2023-08-09,16534.0,-1026.0,0.0,100,445.75,445.0,0,0.0,0.0,,0.0,1,11.91,22.92,SPY230929C00430000,430.0,normalDay
2023-08-10,16534.0,-941.0,0.0,100,445.91,445.0,0,0.0,0.0,,0.0,1,11.91,22.23,SPY230929C00430000,430.0,normalDay
2023-08-11,16534.0,-934.0,0.0,100,445.65,445.0,0,0.0,0.0,,0.0,1,11.91,21.9,SPY230929C00430000,430.0,normalDay
2023-08-14,16534.0,-838.0,0.0,100,448.11,445.0,0,0.0,0.0,,0.0,1,11.91,23.4,SPY230929C00430000,430.0,normalDay
2023-08-15,16534.0,-950.0,0.0,100,442.89,445.0,0,0.0,0.0,,0.0,1,11.91,19.3,SPY230929C00430000,430.0,normalDay
2023-08-16,16534.0,-1041.0,0.0,100,439.64,445.0,0,0.0,0.0,,0.0,1,11.91,16.96,SPY230929C00430000,430.0,normalDay
2023-08-17,16534.0,-1117.0,0.0,100,436.29,445.0,0,0.0,0.0,,0.0,1,11.91,14.37,SPY230929C00430000,430.0,normalDay
2023-08-18,16534.0,-1070.0,0.0,100,436.5,445.0,0,0.0,0.0,,0.0,1,11.91,14.11,SPY230929C00430000,430.0,normalDay
2023-08-21,16534.0,-912.0,0.0,100,439.34,445.0,0,0.0,0.0,,0.0,1,11.91,15.37,SPY230929C00430000,430.0,normalDay
2023-08-22,16534.0,-950.0,0.0,100,438.15,445.0,0,0.0,0.0,,0.0,1,11.91,14.56,SPY230929C00430000,430.0,normalDay
2023-08-23,16534.0,-813.0,0.0,100,443.03,445.0,0,0.0,0.0,,0.0,1,11.91,18.07,SPY230929C00430000,430.0,normalDay
2023-08-24,16534.0,-963.0,0.0,100,436.89,445.0,0,0.0,0.0,,0.0,1,11.91,13.43,SPY230929C00430000,430.0,normalDay
2023-08-25,16534.0,-815.0,0.0,100,439.97,445.0,0,0.0,0.0,,0.0,1,11.91,15.03,SPY230929C00430000,430.0,normalDay
2023-08-28,16534.0,-714.0,0.0,100,442.76,445.0,0,0.0,0.0,,0.0,1,11.91,16.81,SPY230929C00430000,430.0,normalDay
2023-08-29,16534.0,-602.0,0.0,100,449.16,445.0,0,0.0,0.0,,0.0,1,11.91,22.09,SPY230929C00430000,430.0,normalDay
2023-08-30,16534.0,-553.0,0.0,100,451.01,445.0,0,0.0,0.0,,0.0,1,11.91,23.45,SPY230929C00430000,430.0,normalDay
2023-08-31,16534.0,-551.0,0.0,100,450.35,445.0,0,0.0,0.0,,0.0,1,11.91,22.77,SPY230929C00430000,430.0,normalDay
2023-09-01,16534.0,-462.0,0.0,100,451.19,445.0,0,0.0,0.0,,0.0,1,11.91,22.72,SPY230929C00430000,430.0,normalDay
2023-09-05,16534.0,-488.0,0.0,100,449.24,445.0,0,0.0,0.0,,0.0,1,11.91,21.03,SPY230929C00430000,430.0,normalDay
2023-09-06,16534.0,-499.0,0.0,100,446.22,445.0,0,0.0,0.0,,0.0,1,11.91,18.12,SPY230929C00430000,430.0,normalDay
2023-09-07,16534.0,-504.0,0.0,100,444.85,445.0,0,0.0,0.0,,0.0,1,11.91,16.8,SPY230929C00430000,430.0,normalDay
2023-09-08,16534.0,-493.0,0.0,100,445.52,445.0,0,0.0,0.0,,0.0,1,11.91,17.36,SPY230929C00430000,430.0,normalDay
2023-09-11,16534.0,-413.0,0.0,100,448.45,445.0,0,0.0,0.0,,0.0,1,11.91,19.49,SPY230929C00430000,430.0,normalDay
2023-09-12,16534.0,-436.0,0.0,100,445.99,445.0,0,0.0,0.0,,0.0,1,11.91,17.26,SPY230929C00430000,430.0,normalDay
2023-09-13,16534.0,-400.0,0.0,100,446.51,445.0,0,0.0,0.0,,0.0,1,11.91,17.42,SPY230929C00430000,430.0,normalDay
2023-09-14,16534.0,-350.0,0.0,100,450.36,445.0,0,0.0,0.0,,0.0,1,11.91,20.77,SPY230929C00430000,430.0,normalDay
2023-09-15,16534.0,-482.0,0.0,100,443.37,445.0,0,0.0,0.0,,0.0,1,11.91,15.1,SPY230929C00430000,430.0,normalDay
2023-09-18,16534.0,-470.0,0.0,100,443.63,445.0,0,0.0,0.0,,0.0,1,11.91,15.24,SPY230929C00430000,430.0,normalDay
2023-09-19,16534.0,-471.0,0.0,100,442.71,445.0,0,0.0,0.0,,0.0,1,11.91,14.33,SPY230929C00430000,430.0,normalDay
2023-09-20,16534.0,-465.0,0.0,100,438.64,445.0,0,0.0,0.0,,0.0,1,11.91,10.2,SPY230929C00430000,430.0,normalDay
2023-09-21,16534.0,-686.0,0.0,100,431.39,445.0,0,0.0,0.0,,0.0,1,11.91,5.16,SPY230929C00430000,430.0,normalDay
2023-09-22,16534.0,-687.0,0.0,100,430.42,445.0,0,0.0,0.0,,0.0,1,11.91,4.2,SPY230929C00430000,430.0,normalDay
2023-09-25,16534.0,-560.0,0.0,100,432.23,445.0,0,0.0,0.0,,0.0,1,11.91,4.74,SPY230929C00430000,430.0,normalDay
2023-09-26,16534.0,-872.0,0.0,100,425.88,445.0,0,0.0,0.0,,0.0,1,11.91,1.51,SPY230929C00430000,430.0,normalDay
2023-09-27,16534.0,-819.0,0.0,100,426.05,445.0,0,0.0,0.0,,0.0,1,11.91,1.15,SPY230929C00430000,430.0,normalDay
2023-09-28,16534.0,-568.0,0.0,100,428.52,445.0,0,0.0,0.0,,0.0,1,11.91,1.11,SPY230929C00430000,430.0,normalDay
2023-09-29,17725.0,-1752.0,1191.0,100,427.48,445.0,0,0.0,0.0,,0.0,1,11.91,0.0,SPY230929C00430000,430.0,expirationDay
2023-10-02,17725.0,-1775.0,0.0,100,427.31,445.0,0,0.0,0.0,,0.0,1,1.89,1.95,SPY240216C00475000,475.0,normalDay
2023-10-03,17725.0,-2315.0,0.0,100,421.59,445.0,0,0.0,0.0,,0.0,1,1.89,1.63,SPY240216C00475000,475.0,normalDay
2023-10-04,17725.0,-2025.0,0.0,100,424.66,445.0,0,0.0,0.0,,0.0,1,1.89,1.8,SPY240216C00475000,475.0,normalDay
2023-10-05,17725.0,-2030.0,0.0,100,424.5,445.0,0,0.0,0.0,,0.0,1,1.89,1.69,SPY240216C00475000,475.0,normalDay
2023-10-06,17725.0,-1589.0,0.0,100,429.54,445.0,0,0.0,0.0,,0.0,1,1.89,2.32,SPY240216C00475000,475.0,normalDay
2023-10-09,17725.0,-1350.0,0.0,100,432.29,445.0,0,0.0,0.0,,0.0,1,1.89,2.68,SPY240216C00475000,475.0,normalDay
2023-10-10,17725.0,-1138.0,0.0,100,434.54,445.0,0,0.0,0.0,,0.0,1,1.89,2.81,SPY240216C00475000,475.0,normalDay
2023-10-11,17725.0,-979.0,0.0,100,436.32,445.0,0,0.0,0.0,,0.0,1,1.89,3.0,SPY240216C00475000,475.0,normalDay
2023-10-12,17725.0,-1179.0,0.0,100,433.66,445.0,0,0.0,0.0,,0.0,1,1.89,2.34,SPY240216C00475000,475.0,normalDay
2023-10-13,17725.0,-1382.0,0.0,100,431.5,445.0,0,0.0,0.0,,0.0,1,1.89,2.21,SPY240216C00475000,475.0,normalDay
2023-10-16,17725.0,-967.0,0.0,100,436.04,445.0,0,0.0,0.0,,0.0,1,1.89,2.6,SPY240216C00475000,475.0,normalDay
2023-10-17,17725.0,-968.0,0.0,100,436.02,445.0,0,0.0,0.0,,0.0,1,1.89,2.59,SPY240216C00475000,475.0,normalDay
2023-10-18,17725.0,-1486.0,0.0,100,430.21,445.0,0,0.0,0.0,,0.0,1,1.89,1.96,SPY240216C00475000,475.0,normalDay
2023-10-19,17725.0,-1819.0,0.0,100,426.43,445.0,0,0.0,0.0,,0.0,1,1.89,1.51,SPY240216C00475000,475.0,normalDay
2023-10-20,17725.0,-2305.0,0.0,100,421.19,445.0,0,0.0,0.0,,0.0,1,1.89,1.13,SPY240216C00475000,475.0,normalDay
2023-10-23,17725.0,-2362.0,0.0,100,420.46,445.0,0,0.0,0.0,,0.0,1,1.89,0.97,SPY240216C00475000,475.0,normalDay
2023-10-24,17725.0,-2056.0,0.0,100,423.63,445.0,0,0.0,0.0,,0.0,1,1.89,1.08,SPY240216C00475000,475.0,normalDay
2023-10-25,17725.0,-2630.0,0.0,100,417.55,445.0,0,0.0,0.0,,0.0,1,1.89,0.74,SPY240216C00475000,475.0,normalDay
2023-10-26,17725.0,-3111.0,0.0,100,412.55,445.0,0,0.0,0.0,,0.0,1,1.89,0.55,SPY240216C00475000,475.0,normalDay
2023-10-27,17725.0,-3294.0,0.0,100,410.68,445.0,0,0.0,0.0,,0.0,1,1.89,0.51,SPY240216C00475000,475.0,normalDay
2023-10-30,17725.0,-2810.0,0.0,100,415.59,445.0,0,0.0,0.0,,0.0,1,1.89,0.58,SPY240216C00475000,475.0,normalDay
2023-10-31,17725.0,-2542.0,0.0,100,418.2,445.0,0,0.0,0.0,,0.0,1,1.89,0.51,SPY240216C00475000,475.0,normalDay
2023-11-01,17725.0,-2113.0,0.0,100,422.66,445.0,0,0.0,0.0,,0.0,1,1.89,0.68,SPY240216C00475000,475.0,normalDay
2023-11-02,17725.0,-1344.0,0.0,100,430.76,445.0,0,0.0,0.0,,0.0,1,1.89,1.09,SPY240216C00475000,475.0,normalDay
2023-11-03,17725.0,-977.0,0.0,100,434.69,445.0,0,0.0,0.0,,0.0,1,1.89,1.35,SPY240216C00475000,475.0,normalDay
2023-11-06,17725.0,-866.0,0.0,100,435.69,445.0,0,0.0,0.0,,0.0,1,1.89,1.24,SPY240216C00475000,475.0,normalDay
2023-11-07,17725.0,-755.0,0.0,100,436.93,445.0,0,0.0,0.0,,0.0,1,1.89,1.37,SPY240216C00475000,475.0,normalDay
2023-11-08,17725.0,-716.0,0.0,100,437.25,445.0,0,0.0,0.0,,0.0,1,1.89,1.3,SPY240216C00475000,475.0,normalDay
2023-11-09,17725.0,-1029.0,0.0,100,433.84,445.0,0,0.0,0.0,,0.0,1,1.89,1.02,SPY240216C00475000,475.0,normalDay
2023-11-10,17725.0,-412.0,0.0,100,440.61,445.0,0,0.0,0.0,,0.0,1,1.89,1.62,SPY240216C00475000,475.0,normalDay
2023-11-13,17725.0,-442.0,0.0,100,440.19,445.0,0,0.0,0.0,,0.0,1,1.89,1.5,SPY240216C00475000,475.0,normalDay
2023-11-14,17725.0,250.0,0.0,100,448.73,445.0,0,0.0,0.0,,0.0,1,1.89,3.12,SPY240216C00475000,475.0,normalDay
2023-11-15,17725.0,350.0,0.0,100,449.68,445.0,0,0.0,0.0,,0.0,1,1.89,3.07,SPY240216C00475000,475.0,normalDay
2023-11-16,17725.0,409.0,0.0,100,450.23,445.0,0,0.0,0.0,,0.0,1,1.89,3.03,SPY240216C00475000,475.0,normalDay
2023-11-17,17725.0,462.0,0.0,100,450.79,445.0,0,0.0,0.0,,0.0,1,1.89,3.06,SPY240216C00475000,475.0,normalDay
2023-11-20,17725.0,737.0,0.0,100,454.26,445.0,0,0.0,0.0,,0.0,1,1.89,3.78,SPY240216C00475000,475.0,normalDay
2023-11-21,17725.0,686.0,0.0,100,453.27,445.0,0,0.0,0.0,,0.0,1,1.89,3.3,SPY240216C00475000,475.0,normalDay
2023-11-22,17725.0,820.0,0.0,100,455.02,445.0,0,0.0,0.0,,0.0,1,1.89,3.71,SPY240216C00475000,475.0,normalDay
2023-11-24,17725.0,870.0,0.0,100,455.3,445.0,0,0.0,0.0,,0.0,1,1.89,3.49,SPY240216C00475000,475.0,normalDay
2023-11-27,17725.0,812.0,0.0,100,454.48,445.0,0,0.0,0.0,,0.0,1,1.89,3.25,SPY240216C00475000,475.0,normalDay
2023-11-28,17725.0,854.0,0.0,100,454.93,445.0,0,0.0,0.0,,0.0,1,1.89,3.28,SPY240216C00475000,475.0,normalDay
2023-11-29,17725.0,810.0,0.0,100,454.61,445.0,0,0.0,0.0,,0.0,1,1.89,3.4,SPY240216C00475000,475.0,normalDay
2023-11-30,17725.0,975.0,0.0,100,456.4,445.0,0,0.0,0.0,,0.0,1,1.89,3.54,SPY240216C00475000,475.0,normalDay
