date,totalCapital,unrializedPnL,rializedPnL,stocksOwned,stocksPriceToday,stocksPriceBoughtAt,putOwned,putOwnedSoldAt,putPriceToday,putOwnedContract,putOwnedStrike,callOwned,callOwnedSoldAt,callPriceToday,callOwnedContract,callOwnedStrike,trackType
2018-11-01,0.0,-4.0,0.0,0,273.51,0.0,1,0.56,0.6,SPY181112P00259000,259.0,0,0.0,0.0,,0.0,normalDay
2018-11-02,0.0,1.0,0.0,0,271.89,0.0,1,0.56,0.55,SPY181112P00259000,259.0,0,0.0,0.0,,0.0,normalDay
2018-11-05,0.0,23.0,0.0,0,273.39,0.0,1,0.56,0.33,SPY181112P00259000,259.0,0,0.0,0.0,,0.0,normalDay
2018-11-06,0.0,30.0,0.0,0,275.12,0.0,1,0.56,0.26,SPY181112P00259000,259.0,0,0.0,0.0,,0.0,normalDay
2018-11-07,0.0,52.0,0.0,0,281.01,0.0,1,0.56,0.04,SPY181112P00259000,259.0,0,0.0,0.0,,0.0,normalDay
2018-11-08,0.0,54.0,0.0,0,280.5,0.0,1,0.56,0.02,SPY181112P00259000,259.0,0,0.0,0.0,,0.0,normalDay
2018-11-09,0.0,54.0,0.0,0,277.76,0.0,1,0.56,0.02,SPY181112P00259000,259.0,0,0.0,0.0,,0.0,normalDay
2018-11-12,56.0,0.0,56.0,0,272.57,0.0,1,0.56,0.0,SPY181112P00259000,259.0,0,0.0,0.0,,0.0,expirationDay
2018-11-13,56.0,-5.0,0.0,0,272.06,0.0,1,0.72,0.77,SPY181123P00261500,261.5,0,0.0,0.0,,0.0,normalDay
2018-11-14,56.0,-33.0,0.0,0,270.2,0.0,1,0.72,1.05,SPY181123P00261500,261.5,0,0.0,0.0,,0.0,normalDay
2018-11-15,56.0,28.0,0.0,0,273.02,0.0,1,0.72,0.44,SPY181123P00261500,261.5,0,0.0,0.0,,0.0,normalDay
2018-11-16,56.0,55.0,0.0,0,273.73,0.0,1,0.72,0.17,SPY181123P00261500,261.5,0,0.0,0.0,,0.0,normalDay
2018-11-19,56.0,38.0,0.0,0,269.1,0.0,1,0.72,0.34,SPY181123P00261500,261.5,0,0.0,0.0,,0.0,normalDay
2018-11-20,56.0,-47.0,0.0,0,264.12,0.0,1,0.72,1.19,SPY181123P00261500,261.5,0,0.0,0.0,,0.0,normalDay
2018-11-21,56.0,49.0,0.0,0,265.02,0.0,1,0.72,0.23,SPY181123P00261500,261.5,0,0.0,0.0,,0.0,normalDay
2018-11-23,128.0,0.0,72.0,0,263.25,0.0,1,0.72,0.0,SPY181123P00261500,261.5,0,0.0,0.0,,0.0,expirationDay
2018-11-26,128.0,-5.0,0.0,0,267.5,0.0,1,0.91,0.96,SPY181207P00259000,259.0,0,0.0,0.0,,0.0,normalDay
2018-11-27,128.0,-3.0,0.0,0,268.4,0.0,1,0.91,0.94,SPY181207P00259000,259.0,0,0.0,0.0,,0.0,normalDay
2018-11-28,128.0,55.0,0.0,0,274.58,0.0,1,0.91,0.36,SPY181207P00259000,259.0,0,0.0,0.0,,0.0,normalDay
2018-11-29,128.0,52.0,0.0,0,273.98,0.0,1,0.91,0.39,SPY181207P00259000,259.0,0,0.0,0.0,,0.0,normalDay
2018-11-30,128.0,70.0,0.0,0,275.65,0.0,1,0.91,0.21,SPY181207P00259000,259.0,0,0.0,0.0,,0.0,normalDay
2018-12-03,128.0,88.0,0.0,0,279.3,0.0,1,0.91,0.03,SPY181207P00259000,259.0,0,0.0,0.0,,0.0,normalDay
2018-12-04,128.0,63.0,0.0,0,270.25,0.0,1,0.91,0.28,SPY181207P00259000,259.0,0,0.0,0.0,,0.0,normalDay
2018-12-06,128.0,87.0,0.0,0,269.84,0.0,1,0.91,0.04,SPY181207P00259000,259.0,0,0.0,0.0,,0.0,normalDay
2018-12-07,219.0,0.0,91.0,0,263.57,0.0,1,0.91,0.0,SPY181207P00259000,259.0,0,0.0,0.0,,0.0,expirationDay
2018-12-10,219.0,-6.0,0.0,0,264.07,0.0,1,2.56,2.62,SPY181221P00259000,259.0,0,0.0,0.0,,0.0,normalDay
2018-12-11,219.0,22.0,0.0,0,264.13,0.0,1,2.56,2.34,SPY181221P00259000,259.0,0,0.0,0.0,,0.0,normalDay
2018-12-12,219.0,67.0,0.0,0,265.46,0.0,1,2.56,1.89,SPY181221P00259000,259.0,0,0.0,0.0,,0.0,normalDay
2018-12-13,219.0,110.0,0.0,0,265.37,0.0,1,2.56,1.46,SPY181221P00259000,259.0,0,0.0,0.0,,0.0,normalDay
2018-12-14,219.0,-42.0,0.0,0,260.47,0.0,1,2.56,2.98,SPY181221P00259000,259.0,0,0.0,0.0,,0.0,normalDay
2018-12-17,219.0,-354.0,0.0,0,255.36,0.0,1,2.56,6.1,SPY181221P00259000,259.0,0,0.0,0.0,,0.0,normalDay
2018-12-18,219.0,-433.0,0.0,0,255.08,0.0,1,2.56,6.89,SPY181221P00259000,259.0,0,0.0,0.0,,0.0,normalDay
2018-12-19,219.0,-665.0,0.0,0,251.26,0.0,1,2.56,9.21,SPY181221P00259000,259.0,0,0.0,0.0,,0.0,normalDay
2018-12-20,219.0,-1008.0,0.0,0,247.17,0.0,1,2.56,12.64,SPY181221P00259000,259.0,0,0.0,0.0,,0.0,normalDay
2018-12-21,475.0,-1830.0,256.0,100,240.7,259.0,1,2.56,0.0,SPY181221P00259000,259.0,0,0.0,0.0,,0.0,expirationDay
2018-12-24,475.0,-2466.0,0.0,100,234.34,259.0,0,0.0,0.0,,0.0,0,0.0,0.0,,0.0,bidTooLow
2018-12-26,475.0,-1282.0,0.0,100,246.18,259.0,0,0.0,0.0,,0.0,0,0.0,0.0,,0.0,bidTooLow
2018-12-27,475.0,-1093.0,0.0,100,248.07,259.0,0,0.0,0.0,,0.0,0,0.0,0.0,,0.0,bidTooLow
2018-12-28,475.0,-1125.0,0.0,100,247.75,259.0,0,0.0,0.0,,0.0,0,0.0,0.0,,0.0,bidTooLow
2018-12-31,475.0,-908.0,0.0,100,249.92,259.0,0,0.0,0.0,,0.0,0,0.0,0.0,,0.0,bidTooLow
2019-01-02,475.0,-882.0,0.0,100,250.18,259.0,0,0.0,0.0,,0.0,0,0.0,0.0,,0.0,bidTooLow
2019-01-03,475.0,-1479.0,0.0,100,244.21,259.0,0,0.0,0.0,,0.0,0,0.0,0.0,,0.0,bidTooLow
2019-01-04,475.0,-661.0,0.0,100,252.39,259.0,0,0.0,0.0,,0.0,0,0.0,0.0,,0.0,bidTooLow
2019-01-07,475.0,-465.0,0.0,100,254.38,259.0,0,0.0,0.0,,0.0,1,0.01,0.04,SPY190125C00277000,277.0,normalDay
2019-01-08,475.0,-227.0,0.0,100,256.77,259.0,0,0.0,0.0,,0.0,1,0.01,0.05,SPY190125C00277000,277.0,normalDay
2019-01-09,475.0,-107.0,0.0,100,257.97,259.0,0,0.0,0.0,,0.0,1,0.01,0.05,SPY190125C00277000,277.0,normalDay
2019-01-10,475.0,-16.0,0.0,100,258.88,259.0,0,0.0,0.0,,0.0,1,0.01,0.05,SPY190125C00277000,277.0,normalDay
2019-01-11,475.0,-4.0,0.0,100,258.98,259.0,0,0.0,0.0,,0.0,1,0.01,0.03,SPY190125C00277000,277.0,normalDay
2019-01-14,475.0,-161.0,0.0,100,257.4,259.0,0,0.0,0.0,,0.0,1,0.01,0.02,SPY190125C00277000,277.0,normalDay
2019-01-15,475.0,133.0,0.0,100,260.35,259.0,0,0.0,0.0,,0.0,1,0.01,0.03,SPY190125C00277000,277.0,normalDay
2019-01-16,475.0,196.0,0.0,100,260.98,259.0,0,0.0,0.0,,0.0,1,0.01,0.03,SPY190125C00277000,277.0,normalDay
2019-01-17,475.0,394.0,0.0,100,262.96,259.0,0,0.0,0.0,,0.0,1,0.01,0.03,SPY190125C00277000,277.0,normalDay
2019-01-18,475.0,741.0,0.0,100,266.46,259.0,0,0.0,0.0,,0.0,1,0.01,0.06,SPY190125C00277000,277.0,normalDay
2019-01-22,475.0,385.0,0.0,100,262.86,259.0,0,0.0,0.0,,0.0,1,0.01,0.02,SPY190125C00277000,277.0,normalDay
2019-01-23,475.0,441.0,0.0,100,263.41,259.0,0,0.0,0.0,,0.0,1,0.01,0.01,SPY190125C00277000,277.0,normalDay
2019-01-24,475.0,455.0,0.0,100,263.55,259.0,0,0.0,0.0,,0.0,1,0.01,0.01,SPY190125C00277000,277.0,normalDay
2019-01-25,476.0,678.0,1.0,100,265.78,259.0,0,0.0,0.0,,0.0,1,0.01,0.0,SPY190125C00277000,277.0,expirationDay
2019-01-28,476.0,473.0,0.0,100,263.76,259.0,0,0.0,0.0,,0.0,1,0.31,0.34,SPY190215C00275000,275.0,normalDay
2019-01-29,476.0,440.0,0.0,100,263.41,259.0,0,0.0,0.0,,0.0,1,0.31,0.32,SPY190215C00275000,275.0,normalDay
2019-01-30,476.0,817.0,0.0,100,267.58,259.0,0,0.0,0.0,,0.0,1,0.31,0.72,SPY190215C00275000,275.0,normalDay
2019-01-31,476.0,1006.0,0.0,100,269.93,259.0,0,0.0,0.0,,0.0,1,0.31,1.18,SPY190215C00275000,275.0,normalDay
2019-02-01,476.0,1048.0,0.0,100,270.06,259.0,0,0.0,0.0,,0.0,1,0.31,0.89,SPY190215C00275000,275.0,normalDay
2019-02-04,476.0,1224.0,0.0,100,271.96,259.0,0,0.0,0.0,,0.0,1,0.31,1.03,SPY190215C00275000,275.0,normalDay
2019-02-05,476.0,1312.0,0.0,100,273.1,259.0,0,0.0,0.0,,0.0,1,0.31,1.29,SPY190215C00275000,275.0,normalDay
2019-02-06,476.0,1308.0,0.0,100,272.74,259.0,0,0.0,0.0,,0.0,1,0.31,0.97,SPY190215C00275000,275.0,normalDay
2019-02-07,476.0,1109.0,0.0,100,270.14,259.0,0,0.0,0.0,,0.0,1,0.31,0.36,SPY190215C00275000,275.0,normalDay
2019-02-08,476.0,1150.0,0.0,100,270.47,259.0,0,0.0,0.0,,0.0,1,0.31,0.28,SPY190215C00275000,275.0,normalDay
2019-02-11,476.0,1170.0,0.0,100,270.62,259.0,0,0.0,0.0,,0.0,1,0.31,0.23,SPY190215C00275000,275.0,normalDay
2019-02-12,476.0,1445.0,0.0,100,274.1,259.0,0,0.0,0.0,,0.0,1,0.31,0.96,SPY190215C00275000,275.0,normalDay
2019-02-13,476.0,1527.0,0.0,100,274.99,259.0,0,0.0,0.0,,0.0,1,0.31,1.03,SPY190215C00275000,275.0,normalDay
2019-02-14,476.0,1520.0,0.0,100,274.38,259.0,0,0.0,0.0,,0.0,1,0.31,0.49,SPY190215C00275000,275.0,normalDay
2019-02-15,2107.0,1520.0,1631.0,0,277.37,0.0,0,0.0,0.0,,0.0,1,0.31,0.0,SPY190215C00275000,275.0,expirationDay
2019-02-19,2107.0,-3.0,0.0,0,277.85,0.0,1,0.08,0.11,SPY190301P00259000,259.0,0,0.0,0.0,,0.0,normalDay
2019-02-20,2107.0,1.0,0.0,0,278.41,0.0,1,0.08,0.07,SPY190301P00259000,259.0,0,0.0,0.0,,0.0,normalDay
2019-02-21,2107.0,2.0,0.0,0,277.42,0.0,1,0.08,0.06,SPY190301P00259000,259.0,0,0.0,0.0,,0.0,normalDay
2019-02-22,2107.0,5.0,0.0,0,279.14,0.0,1,0.08,0.03,SPY190301P00259000,259.0,0,0.0,0.0,,0.0,normalDay
2019-02-25,2107.0,5.0,0.0,0,279.52,0.0,1,0.08,0.03,SPY190301P00259000,259.0,0,0.0,0.0,,0.0,normalDay
2019-02-26,2107.0,6.0,0.0,0,279.32,0.0,1,0.08,0.02,SPY190301P00259000,259.0,0,0.0,0.0,,0.0,normalDay
2019-02-27,2107.0,6.0,0.0,0,279.2,0.0,1,0.08,0.02,SPY190301P00259000,259.0,0,0.0,0.0,,0.0,normalDay
2019-02-28,2107.0,7.0,0.0,0,278.68,0.0,1,0.08,0.01,SPY190301P00259000,259.0,0,0.0,0.0,,0.0,normalDay
2019-03-01,2115.0,0.0,8.0,0,280.42,0.0,1,0.08,0.0,SPY190301P00259000,259.0,0,0.0,0.0,,0.0,expirationDay
2019-03-04,2115.0,-3.0,0.0,0,279.4,0.0,1,0.42,0.45,SPY190315P00268000,268.0,0,0.0,0.0,,0.0,normalDay
2019-03-05,2115.0,0.0,0.0,0,279.02,0.0,1,0.42,0.42,SPY190315P00268000,268.0,0,0.0,0.0,,0.0,normalDay
2019-03-06,2115.0,-16.0,0.0,0,277.33,0.0,1,0.42,0.58,SPY190315P00268000,268.0,0,0.0,0.0,,0.0,normalDay
2019-03-07,2115.0,-40.0,0.0,0,275.01,0.0,1,0.42,0.82,SPY190315P00268000,268.0,0,0.0,0.0,,0.0,normalDay
2019-03-08,2115.0,-18.0,0.0,0,274.46,0.0,1,0.42,0.6,SPY190315P00268000,268.0,0,0.0,0.0,,0.0,normalDay
2019-03-11,2115.0,30.0,0.0,0,278.44,0.0,1,0.42,0.12,SPY190315P00268000,268.0,0,0.0,0.0,,0.0,normalDay
2019-03-12,2115.0,36.0,0.0,0,279.49,0.0,1,0.42,0.06,SPY190315P00268000,268.0,0,0.0,0.0,,0.0,normalDay
2019-03-13,2115.0,39.0,0.0,0,281.34,0.0,1,0.42,0.03,SPY190315P00268000,268.0,0,0.0,0.0,,0.0,normalDay
2019-03-14,2115.0,39.0,0.0,0,281.16,0.0,1,0.42,0.03,SPY190315P00268000,268.0,0,0.0,0.0,,0.0,normalDay
2019-03-15,2157.0,0.0,42.0,0,281.31,0.0,1,0.42,0.0,SPY190315P00268000,268.0,0,0.0,0.0,,0.0,expirationDay
2019-03-18,2157.0,-3.0,0.0,0,282.33,0.0,1,0.39,0.42,SPY190329P00274000,274.0,0,0.0,0.0,,0.0,normalDay
2019-03-19,2157.0,-10.0,0.0,0,282.4,0.0,1,0.39,0.49,SPY190329P00274000,274.0,0,0.0,0.0,,0.0,normalDay
2019-03-20,2157.0,-8.0,0.0,0,281.55,0.0,1,0.39,0.47,SPY190329P00274000,274.0,0,0.0,0.0,,0.0,normalDay
2019-03-21,2157.0,19.0,0.0,0,284.73,0.0,1,0.39,0.2,SPY190329P00274000,274.0,0,0.0,0.0,,0.0,normalDay
2019-03-22,2157.0,-42.0,0.0,0,279.25,0.0,1,0.39,0.81,SPY190329P00274000,274.0,0,0.0,0.0,,0.0,normalDay
2019-03-25,2157.0,-12.0,0.0,0,279.04,0.0,1,0.39,0.51,SPY190329P00274000,274.0,0,0.0,0.0,,0.0,normalDay
2019-03-26,2157.0,24.0,0.0,0,281.12,0.0,1,0.39,0.15,SPY190329P00274000,274.0,0,0.0,0.0,,0.0,normalDay
2019-03-27,2157.0,22.0,0.0,0,279.65,0.0,1,0.39,0.17,SPY190329P00274000,274.0,0,0.0,0.0,,0.0,normalDay
2019-03-28,2157.0,36.0,0.0,0,280.71,0.0,1,0.39,0.03,SPY190329P00274000,274.0,0,0.0,0.0,,0.0,normalDay
2019-03-29,2196.0,0.0,39.0,0,282.48,0.0,1,0.39,0.0,SPY190329P00274000,274.0,0,0.0,0.0,,0.0,expirationDay
2019-04-01,2196.0,-3.0,0.0,0,285.83,0.0,1,0.21,0.24,SPY190412P00274000,274.0,0,0.0,0.0,,0.0,normalDay
2019-04-02,2196.0,1.0,0.0,0,285.97,0.0,1,0.21,0.2,SPY190412P00274000,274.0,0,0.0,0.0,,0.0,normalDay
2019-04-03,2196.0,5.0,0.0,0,286.42,0.0,1,0.21,0.16,SPY190412P00274000,274.0,0,0.0,0.0,,0.0,normalDay
2019-04-04,2196.0,11.0,0.0,0,287.18,0.0,1,0.21,0.1,SPY190412P00274000,274.0,0,0.0,0.0,,0.0,normalDay
2019-04-05,2196.0,17.0,0.0,0,288.57,0.0,1,0.21,0.04,SPY190412P00274000,274.0,0,0.0,0.0,,0.0,normalDay
2019-04-08,2196.0,19.0,0.0,0,288.79,0.0,1,0.21,0.02,SPY190412P00274000,274.0,0,0.0,0.0,,0.0,normalDay
2019-04-09,2196.0,19.0,0.0,0,287.31,0.0,1,0.21,0.02,SPY190412P00274000,274.0,0,0.0,0.0,,0.0,normalDay
2019-04-10,2196.0,20.0,0.0,0,288.29,0.0,1,0.21,0.01,SPY190412P00274000,274.0,0,0.0,0.0,,0.0,normalDay
2019-04-11,2196.0,20.0,0.0,0,288.21,0.0,1,0.21,0.01,SPY190412P00274000,274.0,0,0.0,0.0,,0.0,normalDay
2019-04-12,2217.0,0.0,21.0,0,290.16,0.0,1,0.21,0.0,SPY190412P00274000,274.0,0,0.0,0.0,,0.0,expirationDay
2019-04-15,2217.0,-3.0,0.0,0,289.97,0.0,1,0.12,0.15,SPY190426P00276000,276.0,0,0.0,0.0,,0.0,normalDay
2019-04-16,2217.0,-1.0,0.0,0,290.16,0.0,1,0.12,0.13,SPY190426P00276000,276.0,0,0.0,0.0,,0.0,normalDay
2019-04-17,2217.0,-1.0,0.0,0,289.45,0.0,1,0.12,0.13,SPY190426P00276000,276.0,0,0.0,0.0,,0.0,normalDay
2019-04-18,2217.0,7.0,0.0,0,290.02,0.0,1,0.12,0.05,SPY190426P00276000,276.0,0,0.0,0.0,,0.0,normalDay
2019-04-22,2217.0,9.0,0.0,0,290.27,0.0,1,0.12,0.03,SPY190426P00276000,276.0,0,0.0,0.0,,0.0,normalDay
2019-04-23,2217.0,10.0,0.0,0,292.88,0.0,1,0.12,0.02,SPY190426P00276000,276.0,0,0.0,0.0,,0.0,normalDay
2019-04-24,2217.0,10.0,0.0,0,292.23,0.0,1,0.12,0.02,SPY190426P00276000,276.0,0,0.0,0.0,,0.0,normalDay
2019-04-25,2217.0,11.0,0.0,0,292.05,0.0,1,0.12,0.01,SPY190426P00276000,276.0,0,0.0,0.0,,0.0,normalDay
2019-04-26,2229.0,0.0,12.0,0,293.41,0.0,1,0.12,0.0,SPY190426P00276000,276.0,0,0.0,0.0,,0.0,expirationDay
2019-04-29,2229.0,-3.0,0.0,0,293.87,0.0,1,0.37,0.4,SPY190510P00284000,284.0,0,0.0,0.0,,0.0,normalDay
2019-04-30,2229.0,2.0,0.0,0,294.02,0.0,1,0.37,0.35,SPY190510P00284000,284.0,0,0.0,0.0,,0.0,normalDay
2019-05-01,2229.0,-24.0,0.0,0,291.81,0.0,1,0.37,0.61,SPY190510P00284000,284.0,0,0.0,0.0,,0.0,normalDay
2019-05-02,2229.0,-16.0,0.0,0,291.18,0.0,1,0.37,0.53,SPY190510P00284000,284.0,0,0.0,0.0,,0.0,normalDay
2019-05-03,2229.0,23.0,0.0,0,294.03,0.0,1,0.37,0.14,SPY190510P00284000,284.0,0,0.0,0.0,,0.0,normalDay
2019-05-06,2229.0,11.0,0.0,0,292.82,0.0,1,0.37,0.26,SPY190510P00284000,284.0,0,0.0,0.0,,0.0,normalDay
2019-05-07,2229.0,-79.0,0.0,0,287.93,0.0,1,0.37,1.16,SPY190510P00284000,284.0,0,0.0,0.0,,0.0,normalDay
2019-05-08,2229.0,-64.0,0.0,0,287.53,0.0,1,0.37,1.01,SPY190510P00284000,284.0,0,0.0,0.0,,0.0,normalDay
2019-05-09,2229.0,-73.0,0.0,0,286.66,0.0,1,0.37,1.1,SPY190510P00284000,284.0,0,0.0,0.0,,0.0,normalDay
2019-05-10,2266.0,0.0,37.0,0,288.1,0.0,1,0.37,0.0,SPY190510P00284000,284.0,0,0.0,0.0,,0.0,expirationDay
2019-05-13,2266.0,-6.0,0.0,0,280.86,0.0,1,4.99,5.05,SPY190524P00283000,283.0,0,0.0,0.0,,0.0,normalDay
2019-05-14,2266.0,184.0,0.0,0,283.4,0.0,1,4.99,3.15,SPY190524P00283000,283.0,0,0.0,0.0,,0.0,normalDay
2019-05-15,2266.0,307.0,0.0,0,285.06,0.0,1,4.99,1.92,SPY190524P00283000,283.0,0,0.0,0.0,,0.0,normalDay
2019-05-16,2266.0,395.0,0.0,0,287.7,0.0,1,4.99,1.04,SPY190524P00283000,283.0,0,0.0,0.0,,0.0,normalDay
2019-05-17,2266.0,350.0,0.0,0,285.84,0.0,1,4.99,1.49,SPY190524P00283000,283.0,0,0.0,0.0,,0.0,normalDay
2019-05-20,2266.0,336.0,0.0,0,283.95,0.0,1,4.99,1.63,SPY190524P00283000,283.0,0,0.0,0.0,,0.0,normalDay
2019-05-21,2266.0,446.0,0.0,0,286.51,0.0,1,4.99,0.53,SPY190524P00283000,283.0,0,0.0,0.0,,0.0,normalDay
2019-05-22,2266.0,455.0,0.0,0,285.63,0.0,1,4.99,0.44,SPY190524P00283000,283.0,0,0.0,0.0,,0.0,normalDay
2019-05-23,2266.0,331.0,0.0,0,282.14,0.0,1,4.99,1.68,SPY190524P00283000,283.0,0,0.0,0.0,,0.0,normalDay
2019-05-24,2765.0,-22.0,499.0,100,282.78,283.0,1,4.99,0.0,SPY190524P00283000,283.0,0,0.0,0.0,,0.0,expirationDay
2019-05-28,2765.0,-288.0,0.0,100,280.15,283.0,0,0.0,0.0,,0.0,1,0.01,0.04,SPY190614C00298000,298.0,normalDay
2019-05-29,2765.0,-475.0,0.0,100,278.27,283.0,0,0.0,0.0,,0.0,1,0.01,0.03,SPY190614C00298000,298.0,normalDay
2019-05-30,2765.0,-399.0,0.0,100,279.03,283.0,0,0.0,0.0,,0.0,1,0.01,0.03,SPY190614C00298000,298.0,normalDay
2019-05-31,2765.0,-773.0,0.0,100,275.27,283.0,0,0.0,0.0,,0.0,1,0.01,0.01,SPY190614C00298000,298.0,normalDay
2019-06-03,2765.0,-843.0,0.0,100,274.57,283.0,0,0.0,0.0,,0.0,1,0.01,0.01,SPY190614C00298000,298.0,normalDay
2019-06-04,2765.0,-248.0,0.0,100,280.53,283.0,0,0.0,0.0,,0.0,1,0.01,0.02,SPY190614C00298000,298.0,normalDay
2019-06-05,2765.0,-6.0,0.0,100,282.96,283.0,0,0.0,0.0,,0.0,1,0.01,0.03,SPY190614C00298000,298.0,normalDay
2019-06-06,2765.0,177.0,0.0,100,284.8,283.0,0,0.0,0.0,,0.0,1,0.01,0.04,SPY190614C00298000,298.0,normalDay
2019-06-07,2765.0,461.0,0.0,100,287.65,283.0,0,0.0,0.0,,0.0,1,0.01,0.05,SPY190614C00298000,298.0,normalDay
2019-06-10,2765.0,595.0,0.0,100,288.97,283.0,0,0.0,0.0,,0.0,1,0.01,0.03,SPY190614C00298000,298.0,normalDay
2019-06-11,2765.0,589.0,0.0,100,288.9,283.0,0,0.0,0.0,,0.0,1,0.01,0.02,SPY190614C00298000,298.0,normalDay
2019-06-12,2765.0,539.0,0.0,100,288.39,283.0,0,0.0,0.0,,0.0,1,0.01,0.01,SPY190614C00298000,298.0,normalDay
2019-06-13,2765.0,658.0,0.0,100,289.58,283.0,0,0.0,0.0,,0.0,1,0.01,0.01,SPY190614C00298000,298.0,normalDay
2019-06-14,2766.0,626.0,1.0,100,289.26,283.0,0,0.0,0.0,,0.0,1,0.01,0.0,SPY190614C00298000,298.0,expirationDay
2019-06-17,2766.0,633.0,0.0,100,289.37,283.0,0,0.0,0.0,,0.0,1,0.46,0.5,SPY190705C00297000,297.0,normalDay
2019-06-18,2766.0,878.0,0.0,100,292.4,283.0,0,0.0,0.0,,0.0,1,0.46,1.08,SPY190705C00297000,297.0,normalDay
2019-06-19,2766.0,940.0,0.0,100,293.06,283.0,0,0.0,0.0,,0.0,1,0.46,1.12,SPY190705C00297000,297.0,normalDay
2019-06-20,2766.0,1120.0,0.0,100,295.86,283.0,0,0.0,0.0,,0.0,1,0.46,2.12,SPY190705C00297000,297.0,normalDay
2019-06-21,2766.0,953.0,0.0,100,294.0,283.0,0,0.0,0.0,,0.0,1,0.46,1.93,SPY190705C00297000,297.0,normalDay
2019-06-24,2766.0,951.0,0.0,100,293.64,283.0,0,0.0,0.0,,0.0,1,0.46,1.59,SPY190705C00297000,297.0,normalDay
2019-06-25,2766.0,751.0,0.0,100,290.76,283.0,0,0.0,0.0,,0.0,1,0.46,0.71,SPY190705C00297000,297.0,normalDay
2019-06-26,2766.0,742.0,0.0,100,290.47,283.0,0,0.0,0.0,,0.0,1,0.46,0.51,SPY190705C00297000,297.0,normalDay
2019-06-27,2766.0,834.0,0.0,100,291.5,283.0,0,0.0,0.0,,0.0,1,0.46,0.62,SPY190705C00297000,297.0,normalDay
2019-06-28,2766.0,936.0,0.0,100,293.0,283.0,0,0.0,0.0,,0.0,1,0.46,1.1,SPY190705C00297000,297.0,normalDay
2019-07-01,2766.0,1240.0,0.0,100,295.66,283.0,0,0.0,0.0,,0.0,1,0.46,0.72,SPY190705C00297000,297.0,normalDay
2019-07-02,2766.0,1315.0,0.0,100,296.43,283.0,0,0.0,0.0,,0.0,1,0.46,0.74,SPY190705C00297000,297.0,normalDay
2019-07-03,2766.0,1409.0,0.0,100,298.8,283.0,0,0.0,0.0,,0.0,1,0.46,2.17,SPY190705C00297000,297.0,normalDay
2019-07-05,4212.0,1409.0,1446.0,0,298.46,0.0,0,0.0,0.0,,0.0,1,0.46,0.0,SPY190705C00297000,297.0,expirationDay
2019-07-08,4212.0,-3.0,0.0,0,296.82,0.0,1,0.2,0.23,SPY190719P00285000,285.0,0,0.0,0.0,,0.0,normalDay
2019-07-09,4212.0,0.0,0.0,0,297.19,0.0,1,0.2,0.2,SPY190719P00285000,285.0,0,0.0,0.0,,0.0,normalDay
2019-07-10,4212.0,9.0,0.0,0,298.61,0.0,1,0.2,0.11,SPY190719P00285000,285.0,0,0.0,0.0,,0.0,normalDay
2019-07-11,4212.0,11.0,0.0,0,299.31,0.0,1,0.2,0.09,SPY190719P00285000,285.0,0,0.0,0.0,,0.0,normalDay
2019-07-12,4212.0,14.0,0.0,0,300.65,0.0,1,0.2,0.06,SPY190719P00285000,285.0,0,0.0,0.0,,0.0,normalDay
2019-07-15,4212.0,15.0,0.0,0,300.75,0.0,1,0.2,0.05,SPY190719P00285000,285.0,0,0.0,0.0,,0.0,normalDay
2019-07-16,4212.0,16.0,0.0,0,299.78,0.0,1,0.2,0.04,SPY190719P00285000,285.0,0,0.0,0.0,,0.0,normalDay
2019-07-17,4212.0,17.0,0.0,0,297.74,0.0,1,0.2,0.03,SPY190719P00285000,285.0,0,0.0,0.0,,0.0,normalDay
2019-07-18,4212.0,18.0,0.0,0,298.83,0.0,1,0.2,0.02,SPY190719P00285000,285.0,0,0.0,0.0,,0.0,normalDay
2019-07-19,4232.0,0.0,20.0,0,297.17,0.0,1,0.2,0.0,SPY190719P00285000,285.0,0,0.0,0.0,,0.0,expirationDay
2019-07-22,4232.0,-3.0,0.0,0,297.9,0.0,1,0.58,0.61,SPY190802P00289000,289.0,0,0.0,0.0,,0.0,normalDay
2019-07-23,4232.0,24.0,0.0,0,300.03,0.0,1,0.58,0.34,SPY190802P00289000,289.0,0,0.0,0.0,,0.0,normalDay
2019-07-24,4232.0,38.0,0.0,0,301.44,0.0,1,0.58,0.2,SPY190802P00289000,289.0,0,0.0,0.0,,0.0,normalDay
2019-07-25,4232.0,38.0,0.0,0,300.0,0.0,1,0.58,0.2,SPY190802P00289000,289.0,0,0.0,0.0,,0.0,normalDay
2019-07-26,4232.0,50.0,0.0,0,302.01,0.0,1,0.58,0.08,SPY190802P00289000,289.0,0,0.0,0.0,,0.0,normalDay
2019-07-29,4232.0,51.0,0.0,0,301.46,0.0,1,0.58,0.07,SPY190802P00289000,289.0,0,0.0,0.0,,0.0,normalDay
2019-07-30,4232.0,50.0,0.0,0,300.72,0.0,1,0.58,0.08,SPY190802P00289000,289.0,0,0.0,0.0,,0.0,normalDay
2019-07-31,4232.0,27.0,0.0,0,297.43,0.0,1,0.58,0.31,SPY190802P00289000,289.0,0,0.0,0.0,,0.0,normalDay
2019-08-01,4232.0,43.0,0.0,0,294.84,0.0,1,0.58,0.15,SPY190802P00289000,289.0,0,0.0,0.0,,0.0,normalDay
2019-08-02,4290.0,0.0,58.0,0,292.62,0.0,1,0.58,0.0,SPY190802P00289000,289.0,0,0.0,0.0,,0.0,expirationDay
2019-08-05,4290.0,-18.0,0.0,0,283.82,0.0,1,7.62,7.8,SPY190816P00289000,289.0,0,0.0,0.0,,0.0,normalDay
2019-08-06,4290.0,339.0,0.0,0,287.8,0.0,1,7.62,4.23,SPY190816P00289000,289.0,0,0.0,0.0,,0.0,normalDay
2019-08-07,4290.0,369.0,0.0,0,287.97,0.0,1,7.62,3.93,SPY190816P00289000,289.0,0,0.0,0.0,,0.0,normalDay
2019-08-08,4290.0,633.0,0.0,0,293.62,0.0,1,7.62,1.29,SPY190816P00289000,289.0,0,0.0,0.0,,0.0,normalDay
2019-08-09,4290.0,592.0,0.0,0,291.62,0.0,1,7.62,1.7,SPY190816P00289000,289.0,0,0.0,0.0,,0.0,normalDay
2019-08-12,4290.0,439.0,0.0,0,288.07,0.0,1,7.62,3.23,SPY190816P00289000,289.0,0,0.0,0.0,,0.0,normalDay
2019-08-13,4290.0,675.0,0.0,0,292.55,0.0,1,7.62,0.87,SPY190816P00289000,289.0,0,0.0,0.0,,0.0,normalDay
2019-08-14,4290.0,215.0,0.0,0,283.9,0.0,1,7.62,5.47,SPY190816P00289000,289.0,0,0.0,0.0,,0.0,normalDay
2019-08-15,4290.0,328.0,0.0,0,284.65,0.0,1,7.62,4.34,SPY190816P00289000,289.0,0,0.0,0.0,,0.0,normalDay
2019-08-16,5052.0,-15.0,762.0,100,288.85,289.0,1,7.62,0.0,SPY190816P00289000,289.0,0,0.0,0.0,,0.0,expirationDay
2019-08-19,5052.0,330.0,0.0,100,292.33,289.0,0,0.0,0.0,,0.0,1,0.01,0.04,SPY190906C00310000,310.0,normalDay
2019-08-20,5052.0,107.0,0.0,100,290.09,289.0,0,0.0,0.0,,0.0,1,0.01,0.03,SPY190906C00310000,310.0,normalDay
2019-08-21,5052.0,344.0,0.0,100,292.45,289.0,0,0.0,0.0,,0.0,1,0.01,0.02,SPY190906C00310000,310.0,normalDay
2019-08-22,5052.0,335.0,0.0,100,292.36,289.0,0,0.0,0.0,,0.0,1,0.01,0.02,SPY190906C00310000,310.0,normalDay
2019-08-23,5052.0,-416.0,0.0,100,284.85,289.0,0,0.0,0.0,,0.0,1,0.01,0.02,SPY190906C00310000,310.0,normalDay
2019-08-26,5052.0,-100.0,0.0,100,288.0,289.0,0,0.0,0.0,,0.0,1,0.01,0.01,SPY190906C00310000,310.0,normalDay
2019-08-27,5052.0,-213.0,0.0,100,286.87,289.0,0,0.0,0.0,,0.0,1,0.01,0.01,SPY190906C00310000,310.0,normalDay
2019-08-28,5052.0,-11.0,0.0,100,288.89,289.0,0,0.0,0.0,,0.0,1,0.01,0.01,SPY190906C00310000,310.0,normalDay
2019-08-29,5052.0,358.0,0.0,100,292.58,289.0,0,0.0,0.0,,0.0,1,0.01,0.01,SPY190906C00310000,310.0,normalDay
2019-08-30,5052.0,345.0,0.0,100,292.45,289.0,0,0.0,0.0,,0.0,1,0.01,0.01,SPY190906C00310000,310.0,normalDay
2019-09-03,5052.0,174.0,0.0,100,290.74,289.0,0,0.0,0.0,,0.0,1,0.01,0.01,SPY190906C00310000,310.0,normalDay
2019-09-04,5052.0,504.0,0.0,100,294.04,289.0,0,0.0,0.0,,0.0,1,0.01,0.01,SPY190906C00310000,310.0,normalDay
2019-09-05,5052.0,882.0,0.0,100,297.82,289.0,0,0.0,0.0,,0.0,1,0.01,0.01,SPY190906C00310000,310.0,normalDay
2019-09-06,5053.0,905.0,1.0,100,298.05,289.0,0,0.0,0.0,,0.0,1,0.01,0.0,SPY190906C00310000,310.0,expirationDay
2019-09-09,5053.0,917.0,0.0,100,298.2,289.0,0,0.0,0.0,,0.0,1,0.82,0.85,SPY190927C00302500,302.5,normalDay
2019-09-10,5053.0,921.0,0.0,100,298.13,289.0,0,0.0,0.0,,0.0,1,0.82,0.74,SPY190927C00302500,302.5,normalDay
2019-09-11,5053.0,1069.0,0.0,100,300.25,289.0,0,0.0,0.0,,0.0,1,0.82,1.38,SPY190927C00302500,302.5,normalDay
2019-09-12,5053.0,1138.0,0.0,100,301.29,289.0,0,0.0,0.0,,0.0,1,0.82,1.73,SPY190927C00302500,302.5,normalDay
2019-09-13,5053.0,1153.0,0.0,100,301.09,289.0,0,0.0,0.0,,0.0,1,0.82,1.38,SPY190927C00302500,302.5,normalDay
2019-09-16,5053.0,1097.0,0.0,100,300.16,289.0,0,0.0,0.0,,0.0,1,0.82,1.01,SPY190927C00302500,302.5,normalDay
2019-09-17,5053.0,1163.0,0.0,100,300.92,289.0,0,0.0,0.0,,0.0,1,0.82,1.11,SPY190927C00302500,302.5,normalDay
2019-09-18,5053.0,1189.0,0.0,100,301.1,289.0,0,0.0,0.0,,0.0,1,0.82,1.03,SPY190927C00302500,302.5,normalDay
2019-09-19,5053.0,1217.0,0.0,100,301.08,289.0,0,0.0,0.0,,0.0,1,0.82,0.73,SPY190927C00302500,302.5,normalDay
2019-09-20,5053.0,975.0,0.0,100,298.28,289.0,0,0.0,0.0,,0.0,1,0.82,0.35,SPY190927C00302500,302.5,normalDay
2019-09-23,5053.0,986.0,0.0,100,298.21,289.0,0,0.0,0.0,,0.0,1,0.82,0.17,SPY190927C00302500,302.5,normalDay
2019-09-24,5053.0,763.0,0.0,100,295.87,289.0,0,0.0,0.0,,0.0,1,0.82,0.06,SPY190927C00302500,302.5,normalDay
2019-09-25,5053.0,940.0,0.0,100,297.62,289.0,0,0.0,0.0,,0.0,1,0.82,0.04,SPY190927C00302500,302.5,normalDay
2019-09-26,5053.0,881.0,0.0,100,297.0,289.0,0,0.0,0.0,,0.0,1,0.82,0.01,SPY190927C00302500,302.5,normalDay
2019-09-27,5135.0,640.0,82.0,100,295.4,289.0,0,0.0,0.0,,0.0,1,0.82,0.0,SPY190927C00302500,302.5,expirationDay
2019-09-30,5135.0,774.0,0.0,100,296.77,289.0,0,0.0,0.0,,0.0,1,0.41,0.44,SPY191018C00305000,305.0,normalDay
2019-10-01,5135.0,448.0,0.0,100,293.24,289.0,0,0.0,0.0,,0.0,1,0.41,0.17,SPY191018C00305000,305.0,normalDay
2019-10-02,5135.0,-62.0,0.0,100,288.06,289.0,0,0.0,0.0,,0.0,1,0.41,0.09,SPY191018C00305000,305.0,normalDay
2019-10-03,5135.0,177.0,0.0,100,290.42,289.0,0,0.0,0.0,,0.0,1,0.41,0.06,SPY191018C00305000,305.0,normalDay
2019-10-04,5135.0,565.0,0.0,100,294.35,289.0,0,0.0,0.0,,0.0,1,0.41,0.11,SPY191018C00305000,305.0,normalDay
2019-10-07,5135.0,442.0,0.0,100,293.08,289.0,0,0.0,0.0,,0.0,1,0.41,0.07,SPY191018C00305000,305.0,normalDay
2019-10-08,5135.0,-9.0,0.0,100,288.53,289.0,0,0.0,0.0,,0.0,1,0.41,0.03,SPY191018C00305000,305.0,normalDay
2019-10-09,5135.0,265.0,0.0,100,291.27,289.0,0,0.0,0.0,,0.0,1,0.41,0.03,SPY191018C00305000,305.0,normalDay
2019-10-10,5135.0,459.0,0.0,100,293.24,289.0,0,0.0,0.0,,0.0,1,0.41,0.06,SPY191018C00305000,305.0,normalDay
2019-10-11,5135.0,759.0,0.0,100,296.28,289.0,0,0.0,0.0,,0.0,1,0.41,0.1,SPY191018C00305000,305.0,normalDay
2019-10-14,5135.0,734.0,0.0,100,295.95,289.0,0,0.0,0.0,,0.0,1,0.41,0.02,SPY191018C00305000,305.0,normalDay
2019-10-15,5135.0,1023.0,0.0,100,298.88,289.0,0,0.0,0.0,,0.0,1,0.41,0.06,SPY191018C00305000,305.0,normalDay
2019-10-16,5135.0,979.0,0.0,100,298.4,289.0,0,0.0,0.0,,0.0,1,0.41,0.02,SPY191018C00305000,305.0,normalDay
2019-10-17,5135.0,1068.0,0.0,100,299.28,289.0,0,0.0,0.0,,0.0,1,0.41,0.01,SPY191018C00305000,305.0,normalDay
2019-10-18,5176.0,897.0,41.0,100,297.97,289.0,0,0.0,0.0,,0.0,1,0.41,0.0,SPY191018C00305000,305.0,expirationDay
2019-10-21,5176.0,1095.0,0.0,100,299.99,289.0,0,0.0,0.0,,0.0,1,1.24,1.28,SPY191108C00304000,304.0,normalDay
2019-10-22,5176.0,1032.0,0.0,100,299.01,289.0,0,0.0,0.0,,0.0,1,1.24,0.93,SPY191108C00304000,304.0,normalDay
2019-10-23,5176.0,1108.0,0.0,100,299.88,289.0,0,0.0,0.0,,0.0,1,1.24,1.04,SPY191108C00304000,304.0,normalDay
2019-10-24,5176.0,1169.0,0.0,100,300.37,289.0,0,0.0,0.0,,0.0,1,1.24,0.92,SPY191108C00304000,304.0,normalDay
2019-10-25,5176.0,1272.0,0.0,100,301.6,289.0,0,0.0,0.0,,0.0,1,1.24,1.12,SPY191108C00304000,304.0,normalDay
2019-10-28,5176.0,1373.0,0.0,100,303.3,289.0,0,0.0,0.0,,0.0,1,1.24,1.81,SPY191108C00304000,304.0,normalDay
2019-10-29,5176.0,1375.0,0.0,100,303.21,289.0,0,0.0,0.0,,0.0,1,1.24,1.7,SPY191108C00304000,304.0,normalDay
2019-10-30,5176.0,1430.0,0.0,100,304.14,289.0,0,0.0,0.0,,0.0,1,1.24,2.08,SPY191108C00304000,304.0,normalDay
2019-10-31,5176.0,1412.0,0.0,100,303.33,289.0,0,0.0,0.0,,0.0,1,1.24,1.45,SPY191108C00304000,304.0,normalDay
2019-11-01,5176.0,1549.0,0.0,100,306.14,289.0,0,0.0,0.0,,0.0,1,1.24,2.89,SPY191108C00304000,304.0,normalDay
2019-11-04,5176.0,1588.0,0.0,100,307.37,289.0,0,0.0,0.0,,0.0,1,1.24,3.73,SPY191108C00304000,304.0,normalDay
2019-11-05,5176.0,1590.0,0.0,100,307.03,289.0,0,0.0,0.0,,0.0,1,1.24,3.37,SPY191108C00304000,304.0,normalDay
2019-11-06,5176.0,1591.0,0.0,100,307.1,289.0,0,0.0,0.0,,0.0,1,1.24,3.43,SPY191108C00304000,304.0,normalDay
2019-11-07,5176.0,1614.0,0.0,100,308.18,289.0,0,0.0,0.0,,0.0,1,1.24,4.28,SPY191108C00304000,304.0,normalDay
2019-11-08,6800.0,1614.0,1624.0,0,308.94,0.0,0,0.0,0.0,,0.0,1,1.24,0.0,SPY191108C00304000,304.0,expirationDay
2019-11-11,6800.0,-3.0,0.0,0,308.35,0.0,1,0.11,0.14,SPY191122P00294000,294.0,0,0.0,0.0,,0.0,normalDay
2019-11-12,6800.0,-2.0,0.0,0,309.0,0.0,1,0.11,0.13,SPY191122P00294000,294.0,0,0.0,0.0,,0.0,normalDay
2019-11-13,6800.0,0.0,0.0,0,309.1,0.0,1,0.11,0.11,SPY191122P00294000,294.0,0,0.0,0.0,,0.0,normalDay
2019-11-14,6800.0,1.0,0.0,0,309.55,0.0,1,0.11,0.1,SPY191122P00294000,294.0,0,0.0,0.0,,0.0,normalDay
2019-11-15,6800.0,7.0,0.0,0,311.79,0.0,1,0.11,0.04,SPY191122P00294000,294.0,0,0.0,0.0,,0.0,normalDay
2019-11-18,6800.0,8.0,0.0,0,312.02,0.0,1,0.11,0.03,SPY191122P00294000,294.0,0,0.0,0.0,,0.0,normalDay
2019-11-19,6800.0,9.0,0.0,0,311.93,0.0,1,0.11,0.02,SPY191122P00294000,294.0,0,0.0,0.0,,0.0,normalDay
2019-11-20,6800.0,8.0,0.0,0,310.77,0.0,1,0.11,0.03,SPY191122P00294000,294.0,0,0.0,0.0,,0.0,normalDay
2019-11-21,6800.0,10.0,0.0,0,310.27,0.0,1,0.11,0.01,SPY191122P00294000,294.0,0,0.0,0.0,,0.0,normalDay
2019-11-22,6811.0,0.0,11.0,0,310.96,0.0,1,0.11,0.0,SPY191122P00294000,294.0,0,0.0,0.0,,0.0,expirationDay
2019-11-25,6811.0,-3.0,0.0,0,313.37,0.0,1,0.23,0.26,SPY191206P00302000,302.0,0,0.0,0.0,,0.0,normalDay
2019-11-26,6811.0,3.0,0.0,0,314.08,0.0,1,0.23,0.2,SPY191206P00302000,302.0,0,0.0,0.0,,0.0,normalDay
2019-11-27,6811.0,10.0,0.0,0,315.48,0.0,1,0.23,0.13,SPY191206P00302000,302.0,0,0.0,0.0,,0.0,normalDay
2019-11-29,6811.0,8.0,0.0,0,314.31,0.0,1,0.23,0.15,SPY191206P00302000,302.0,0,0.0,0.0,,0.0,normalDay
2019-12-02,6811.0,0.0,0.0,0,311.64,0.0,1,0.23,0.23,SPY191206P00302000,302.0,0,0.0,0.0,,0.0,normalDay
2019-12-03,6811.0,-4.0,0.0,0,309.55,0.0,1,0.23,0.27,SPY191206P00302000,302.0,0,0.0,0.0,,0.0,normalDay
2019-12-04,6811.0,16.0,0.0,0,311.46,0.0,1,0.23,0.07,SPY191206P00302000,302.0,0,0.0,0.0,,0.0,normalDay
2019-12-05,6811.0,21.0,0.0,0,312.02,0.0,1,0.23,0.02,SPY191206P00302000,302.0,0,0.0,0.0,,0.0,normalDay
2019-12-06,6834.0,0.0,23.0,0,314.87,0.0,1,0.23,0.0,SPY191206P00302000,302.0,0,0.0,0.0,,0.0,expirationDay
2019-12-09,6834.0,-3.0,0.0,0,313.88,0.0,1,1.59,1.62,SPY191220P00307000,307.0,0,0.0,0.0,,0.0,normalDay
2019-12-10,6834.0,18.0,0.0,0,313.53,0.0,1,1.59,1.41,SPY191220P00307000,307.0,0,0.0,0.0,,0.0,normalDay
2019-12-11,6834.0,53.0,0.0,0,314.42,0.0,1,1.59,1.06,SPY191220P00307000,307.0,0,0.0,0.0,,0.0,normalDay
2019-12-12,6834.0,96.0,0.0,0,317.13,0.0,1,1.59,0.63,SPY191220P00307000,307.0,0,0.0,0.0,,0.0,normalDay
2019-12-13,6834.0,122.0,0.0,0,317.32,0.0,1,1.59,0.37,SPY191220P00307000,307.0,0,0.0,0.0,,0.0,normalDay
2019-12-16,6834.0,145.0,0.0,0,319.5,0.0,1,1.59,0.14,SPY191220P00307000,307.0,0,0.0,0.0,,0.0,normalDay
2019-12-17,6834.0,152.0,0.0,0,319.57,0.0,1,1.59,0.07,SPY191220P00307000,307.0,0,0.0,0.0,,0.0,normalDay
2019-12-18,6834.0,154.0,0.0,0,319.59,0.0,1,1.59,0.05,SPY191220P00307000,307.0,0,0.0,0.0,,0.0,normalDay
2019-12-19,6834.0,155.0,0.0,0,320.9,0.0,1,1.59,0.04,SPY191220P00307000,307.0,0,0.0,0.0,,0.0,normalDay
2019-12-20,6993.0,0.0,159.0,0,320.73,0.0,1,1.59,0.0,SPY191220P00307000,307.0,0,0.0,0.0,,0.0,expirationDay
2019-12-23,6993.0,-3.0,0.0,0,321.22,0.0,1,0.19,0.22,SPY200103P00307500,307.5,0,0.0,0.0,,0.0,normalDay
2019-12-24,6993.0,2.0,0.0,0,321.23,0.0,1,0.19,0.17,SPY200103P00307500,307.5,0,0.0,0.0,,0.0,normalDay
2019-12-26,6993.0,9.0,0.0,0,322.94,0.0,1,0.19,0.1,SPY200103P00307500,307.5,0,0.0,0.0,,0.0,normalDay
2019-12-27,6993.0,12.0,0.0,0,322.86,0.0,1,0.19,0.07,SPY200103P00307500,307.5,0,0.0,0.0,,0.0,normalDay
2019-12-30,6993.0,12.0,0.0,0,321.08,0.0,1,0.19,0.07,SPY200103P00307500,307.5,0,0.0,0.0,,0.0,normalDay
2019-12-31,6993.0,10.0,0.0,0,321.86,0.0,1,0.19,0.09,SPY200103P00307500,307.5,0,0.0,0.0,,0.0,normalDay
2020-01-02,6993.0,18.0,0.0,0,324.87,0.0,1,0.19,0.01,SPY200103P00307500,307.5,0,0.0,0.0,,0.0,normalDay
2020-01-03,7012.0,0.0,19.0,0,322.41,0.0,1,0.19,0.0,SPY200103P00307500,307.5,0,0.0,0.0,,0.0,expirationDay
2020-01-06,7012.0,-3.0,0.0,0,323.64,0.0,1,0.37,0.4,SPY200117P00312000,312.0,0,0.0,0.0,,0.0,normalDay
2020-01-07,7012.0,-5.0,0.0,0,322.73,0.0,1,0.37,0.42,SPY200117P00312000,312.0,0,0.0,0.0,,0.0,normalDay
2020-01-08,7012.0,9.0,0.0,0,324.45,0.0,1,0.37,0.28,SPY200117P00312000,312.0,0,0.0,0.0,,0.0,normalDay
2020-01-09,7012.0,23.0,0.0,0,326.65,0.0,1,0.37,0.14,SPY200117P00312000,312.0,0,0.0,0.0,,0.0,normalDay
2020-01-10,7012.0,28.0,0.0,0,325.71,0.0,1,0.37,0.09,SPY200117P00312000,312.0,0,0.0,0.0,,0.0,normalDay
2020-01-13,7012.0,33.0,0.0,0,327.95,0.0,1,0.37,0.04,SPY200117P00312000,312.0,0,0.0,0.0,,0.0,normalDay
2020-01-14,7012.0,33.0,0.0,0,327.45,0.0,1,0.37,0.04,SPY200117P00312000,312.0,0,0.0,0.0,,0.0,normalDay
2020-01-15,7012.0,34.0,0.0,0,328.19,0.0,1,0.37,0.03,SPY200117P00312000,312.0,0,0.0,0.0,,0.0,normalDay
2020-01-16,7012.0,36.0,0.0,0,330.92,0.0,1,0.37,0.01,SPY200117P00312000,312.0,0,0.0,0.0,,0.0,normalDay
2020-01-17,7049.0,0.0,37.0,0,331.95,0.0,1,0.37,0.0,SPY200117P00312000,312.0,0,0.0,0.0,,0.0,expirationDay
2020-01-21,7049.0,-3.0,0.0,0,331.3,0.0,1,0.18,0.21,SPY200131P00316500,316.5,0,0.0,0.0,,0.0,normalDay
2020-01-22,7049.0,3.0,0.0,0,331.34,0.0,1,0.18,0.15,SPY200131P00316500,316.5,0,0.0,0.0,,0.0,normalDay
2020-01-23,7049.0,5.0,0.0,0,331.72,0.0,1,0.18,0.13,SPY200131P00316500,316.5,0,0.0,0.0,,0.0,normalDay
2020-01-24,7049.0,-12.0,0.0,0,328.77,0.0,1,0.18,0.3,SPY200131P00316500,316.5,0,0.0,0.0,,0.0,normalDay
2020-01-27,7049.0,-82.0,0.0,0,323.5,0.0,1,0.18,1.0,SPY200131P00316500,316.5,0,0.0,0.0,,0.0,normalDay
2020-01-28,7049.0,-6.0,0.0,0,326.89,0.0,1,0.18,0.24,SPY200131P00316500,316.5,0,0.0,0.0,,0.0,normalDay
2020-01-29,7049.0,8.0,0.0,0,326.62,0.0,1,0.18,0.1,SPY200131P00316500,316.5,0,0.0,0.0,,0.0,normalDay
2020-01-30,7049.0,15.0,0.0,0,327.68,0.0,1,0.18,0.03,SPY200131P00316500,316.5,0,0.0,0.0,,0.0,normalDay
2020-01-31,7067.0,0.0,18.0,0,321.73,0.0,1,0.18,0.0,SPY200131P00316500,316.5,0,0.0,0.0,,0.0,expirationDay
2020-02-03,7067.0,-4.0,0.0,0,324.12,0.0,1,2.58,2.62,SPY200214P00320000,320.0,0,0.0,0.0,,0.0,normalDay
2020-02-04,7067.0,166.0,0.0,0,329.06,0.0,1,2.58,0.92,SPY200214P00320000,320.0,0,0.0,0.0,,0.0,normalDay
2020-02-05,7067.0,224.0,0.0,0,332.86,0.0,1,2.58,0.34,SPY200214P00320000,320.0,0,0.0,0.0,,0.0,normalDay
2020-02-06,7067.0,233.0,0.0,0,333.98,0.0,1,2.58,0.25,SPY200214P00320000,320.0,0,0.0,0.0,,0.0,normalDay
2020-02-07,7067.0,231.0,0.0,0,332.2,0.0,1,2.58,0.27,SPY200214P00320000,320.0,0,0.0,0.0,,0.0,normalDay
2020-02-10,7067.0,251.0,0.0,0,334.68,0.0,1,2.58,0.07,SPY200214P00320000,320.0,0,0.0,0.0,,0.0,normalDay
2020-02-11,7067.0,254.0,0.0,0,335.26,0.0,1,2.58,0.04,SPY200214P00320000,320.0,0,0.0,0.0,,0.0,normalDay
2020-02-12,7067.0,256.0,0.0,0,337.42,0.0,1,2.58,0.02,SPY200214P00320000,320.0,0,0.0,0.0,,0.0,normalDay
2020-02-13,7067.0,257.0,0.0,0,337.06,0.0,1,2.58,0.01,SPY200214P00320000,320.0,0,0.0,0.0,,0.0,normalDay
2020-02-14,7325.0,0.0,258.0,0,337.6,0.0,1,2.58,0.0,SPY200214P00320000,320.0,0,0.0,0.0,,0.0,expirationDay
2020-02-18,7325.0,-3.0,0.0,0,336.73,0.0,1,0.21,0.24,SPY200228P00320000,320.0,0,0.0,0.0,,0.0,normalDay
2020-02-19,7325.0,7.0,0.0,0,338.34,0.0,1,0.21,0.14,SPY200228P00320000,320.0,0,0.0,0.0,,0.0,normalDay
2020-02-20,7325.0,6.0,0.0,0,336.95,0.0,1,0.21,0.15,SPY200228P00320000,320.0,0,0.0,0.0,,0.0,normalDay
2020-02-21,7325.0,-1.0,0.0,0,333.48,0.0,1,0.21,0.22,SPY200228P00320000,320.0,0,0.0,0.0,,0.0,normalDay
2020-02-24,7325.0,-327.0,0.0,0,322.42,0.0,1,0.21,3.48,SPY200228P00320000,320.0,0,0.0,0.0,,0.0,normalDay
2020-02-25,7325.0,-791.0,0.0,0,312.65,0.0,1,0.21,8.12,SPY200228P00320000,320.0,0,0.0,0.0,,0.0,normalDay
2020-02-26,7325.0,-917.0,0.0,0,311.5,0.0,1,0.21,9.38,SPY200228P00320000,320.0,0,0.0,0.0,,0.0,normalDay
2020-02-27,7325.0,-2260.0,0.0,0,297.51,0.0,1,0.21,22.81,SPY200228P00320000,320.0,0,0.0,0.0,,0.0,normalDay
2020-02-28,7346.0,-2374.0,21.0,100,296.26,320.0,1,0.21,0.0,SPY200228P00320000,320.0,0,0.0,0.0,,0.0,expirationDay
2020-03-02,7346.0,-1091.0,0.0,100,309.09,320.0,0,0.0,0.0,,0.0,0,0.0,0.0,,0.0,bidTooLow
2020-03-03,7346.0,-1976.0,0.0,100,300.24,320.0,0,0.0,0.0,,0.0,0,0.0,0.0,,0.0,bidTooLow
2020-03-04,7346.0,-714.0,0.0,100,312.86,320.0,0,0.0,0.0,,0.0,0,0.0,0.0,,0.0,bidTooLow
2020-03-05,7346.0,-1754.0,0.0,100,302.46,320.0,0,0.0,0.0,,0.0,0,0.0,0.0,,0.0,bidTooLow
2020-03-06,7346.0,-2254.0,0.0,100,297.46,320.0,0,0.0,0.0,,0.0,0,0.0,0.0,,0.0,bidTooLow
2020-03-09,7346.0,-4577.0,0.0,100,274.23,320.0,0,0.0,0.0,,0.0,0,0.0,0.0,,0.0,bidTooLow
2020-03-10,7346.0,-3158.0,0.0,100,288.42,320.0,0,0.0,0.0,,0.0,0,0.0,0.0,,0.0,bidTooLow
2020-03-11,7346.0,-4564.0,0.0,100,274.36,320.0,0,0.0,0.0,,0.0,0,0.0,0.0,,0.0,bidTooLow
2020-03-12,7346.0,-7189.0,0.0,100,248.11,320.0,0,0.0,0.0,,0.0,0,0.0,0.0,,0.0,bidTooLow
2020-03-13,7346.0,-5068.0,0.0,100,269.32,320.0,0,0.0,0.0,,0.0,0,0.0,0.0,,0.0,bidTooLow
2020-03-16,7346.0,-8015.0,0.0,100,239.85,320.0,0,0.0,0.0,,0.0,0,0.0,0.0,,0.0,bidTooLow
2020-03-17,7346.0,-6720.0,0.0,100,252.8,320.0,0,0.0,0.0,,0.0,0,0.0,0.0,,0.0,bidTooLow
2020-03-18,7346.0,-8000.0,0.0,100,240.0,320.0,0,0.0,0.0,,0.0,0,0.0,0.0,,0.0,bidTooLow
2020-03-19,7346.0,-7952.0,0.0,100,240.51,320.0,0,0.0,0.0,,0.0,1,0.01,0.04,SPY200406C00340000,340.0,normalDay
2020-03-20,7346.0,-9121.0,0.0,100,228.8,320.0,0,0.0,0.0,,0.0,1,0.01,0.02,SPY200406C00340000,340.0,normalDay
2020-03-23,7346.0,-9706.0,0.0,100,222.95,320.0,0,0.0,0.0,,0.0,1,0.01,0.02,SPY200406C00340000,340.0,normalDay
2020-03-24,7346.0,-7688.0,0.0,100,243.15,320.0,0,0.0,0.0,,0.0,1,0.01,0.04,SPY200406C00340000,340.0,normalDay
2020-03-25,7346.0,-7322.0,0.0,100,246.79,320.0,0,0.0,0.0,,0.0,1,0.01,0.02,SPY200406C00340000,340.0,normalDay
2020-03-26,7346.0,-5881.0,0.0,100,261.2,320.0,0,0.0,0.0,,0.0,1,0.01,0.02,SPY200406C00340000,340.0,normalDay
2020-03-27,7346.0,-6659.0,0.0,100,253.42,320.0,0,0.0,0.0,,0.0,1,0.01,0.02,SPY200406C00340000,340.0,normalDay
2020-03-30,7346.0,-5835.0,0.0,100,261.65,320.0,0,0.0,0.0,,0.0,1,0.01,0.01,SPY200406C00340000,340.0,normalDay
2020-03-31,7346.0,-6225.0,0.0,100,257.75,320.0,0,0.0,0.0,,0.0,1,0.01,0.01,SPY200406C00340000,340.0,normalDay
2020-04-01,7346.0,-7385.0,0.0,100,246.15,320.0,0,0.0,0.0,,0.0,1,0.01,0.01,SPY200406C00340000,340.0,normalDay
2020-04-02,7346.0,-6817.0,0.0,100,251.83,320.0,0,0.0,0.0,,0.0,1,0.01,0.01,SPY200406C00340000,340.0,normalDay
2020-04-03,7346.0,-7181.0,0.0,100,248.19,320.0,0,0.0,0.0,,0.0,1,0.01,0.01,SPY200406C00340000,340.0,normalDay
2020-04-06,7347.0,-5514.0,1.0,100,264.86,320.0,0,0.0,0.0,,0.0,1,0.01,0.0,SPY200406C00340000,340.0,expirationDay
2020-04-07,7347.0,-5493.0,0.0,100,265.13,320.0,0,0.0,0.0,,0.0,1,1.36,1.42,SPY200424C00286000,286.0,normalDay
2020-04-08,7347.0,-4783.0,0.0,100,274.03,320.0,0,0.0,0.0,,0.0,1,1.36,3.22,SPY200424C00286000,286.0,normalDay
2020-04-09,7347.0,-4509.0,0.0,100,278.2,320.0,0,0.0,0.0,,0.0,1,1.36,4.65,SPY200424C00286000,286.0,normalDay
2020-04-13,7347.0,-4569.0,0.0,100,275.66,320.0,0,0.0,0.0,,0.0,1,1.36,2.71,SPY200424C00286000,286.0,normalDay
2020-04-14,7347.0,-4041.0,0.0,100,283.79,320.0,0,0.0,0.0,,0.0,1,1.36,5.56,SPY200424C00286000,286.0,normalDay
2020-04-15,7347.0,-4368.0,0.0,100,277.76,320.0,0,0.0,0.0,,0.0,1,1.36,2.8,SPY200424C00286000,286.0,normalDay
2020-04-16,7347.0,-4234.0,0.0,100,279.1,320.0,0,0.0,0.0,,0.0,1,1.36,2.8,SPY200424C00286000,286.0,normalDay
2020-04-17,7347.0,-3776.0,0.0,100,286.64,320.0,0,0.0,0.0,,0.0,1,1.36,5.76,SPY200424C00286000,286.0,normalDay
2020-04-20,7347.0,-3984.0,0.0,100,281.59,320.0,0,0.0,0.0,,0.0,1,1.36,2.79,SPY200424C00286000,286.0,normalDay
2020-04-21,7347.0,-4617.0,0.0,100,273.04,320.0,0,0.0,0.0,,0.0,1,1.36,0.57,SPY200424C00286000,286.0,normalDay
2020-04-22,7347.0,-4013.0,0.0,100,279.1,320.0,0,0.0,0.0,,0.0,1,1.36,0.59,SPY200424C00286000,286.0,normalDay
2020-04-23,7347.0,-3973.0,0.0,100,279.08,320.0,0,0.0,0.0,,0.0,1,1.36,0.17,SPY200424C00286000,286.0,normalDay
2020-04-24,7483.0,-3703.0,136.0,100,282.97,320.0,0,0.0,0.0,,0.0,1,1.36,0.0,SPY200424C00286000,286.0,expirationDay
2020-04-27,7483.0,-3298.0,0.0,100,287.05,320.0,0,0.0,0.0,,0.0,1,0.6,0.63,SPY200515C00306000,306.0,normalDay
2020-04-28,7483.0,-3417.0,0.0,100,285.73,320.0,0,0.0,0.0,,0.0,1,0.6,0.5,SPY200515C00306000,306.0,normalDay
2020-04-29,7483.0,-2751.0,0.0,100,293.21,320.0,0,0.0,0.0,,0.0,1,0.6,1.32,SPY200515C00306000,306.0,normalDay
2020-04-30,7483.0,-2976.0,0.0,100,290.48,320.0,0,0.0,0.0,,0.0,1,0.6,0.84,SPY200515C00306000,306.0,normalDay
2020-05-01,7483.0,-3682.0,0.0,100,282.79,320.0,0,0.0,0.0,,0.0,1,0.6,0.21,SPY200515C00306000,306.0,normalDay
2020-05-04,7483.0,-3599.0,0.0,100,283.57,320.0,0,0.0,0.0,,0.0,1,0.6,0.16,SPY200515C00306000,306.0,normalDay
2020-05-05,7483.0,-3337.0,0.0,100,286.19,320.0,0,0.0,0.0,,0.0,1,0.6,0.16,SPY200515C00306000,306.0,normalDay
2020-05-06,7483.0,-3524.0,0.0,100,284.25,320.0,0,0.0,0.0,,0.0,1,0.6,0.09,SPY200515C00306000,306.0,normalDay
2020-05-07,7483.0,-3182.0,0.0,100,287.68,320.0,0,0.0,0.0,,0.0,1,0.6,0.1,SPY200515C00306000,306.0,normalDay
2020-05-08,7483.0,-2712.0,0.0,100,292.44,320.0,0,0.0,0.0,,0.0,1,0.6,0.16,SPY200515C00306000,306.0,normalDay
2020-05-11,7483.0,-2698.0,0.0,100,292.5,320.0,0,0.0,0.0,,0.0,1,0.6,0.08,SPY200515C00306000,306.0,normalDay
2020-05-12,7483.0,-3277.0,0.0,100,286.67,320.0,0,0.0,0.0,,0.0,1,0.6,0.04,SPY200515C00306000,306.0,normalDay
2020-05-13,7483.0,-3781.0,0.0,100,281.6,320.0,0,0.0,0.0,,0.0,1,0.6,0.01,SPY200515C00306000,306.0,normalDay
2020-05-14,7483.0,-3444.0,0.0,100,284.97,320.0,0,0.0,0.0,,0.0,1,0.6,0.01,SPY200515C00306000,306.0,normalDay
2020-05-15,7543.0,-3372.0,60.0,100,286.28,320.0,0,0.0,0.0,,0.0,1,0.6,0.0,SPY200515C00306000,306.0,expirationDay
2020-05-18,7543.0,-2507.0,0.0,100,295.0,320.0,0,0.0,0.0,,0.0,1,3.62,3.69,SPY200605C00300000,300.0,normalDay
2020-05-19,7543.0,-2712.0,0.0,100,291.97,320.0,0,0.0,0.0,,0.0,1,3.62,2.71,SPY200605C00300000,300.0,normalDay
2020-05-20,7543.0,-2375.0,0.0,100,296.93,320.0,0,0.0,0.0,,0.0,1,3.62,4.3,SPY200605C00300000,300.0,normalDay
2020-05-21,7543.0,-2459.0,0.0,100,294.88,320.0,0,0.0,0.0,,0.0,1,3.62,3.09,SPY200605C00300000,300.0,normalDay
2020-05-22,7543.0,-2392.0,0.0,100,295.44,320.0,0,0.0,0.0,,0.0,1,3.62,2.98,SPY200605C00300000,300.0,normalDay
2020-05-26,7543.0,-2141.0,0.0,100,299.08,320.0,0,0.0,0.0,,0.0,1,3.62,4.11,SPY200605C00300000,300.0,normalDay
2020-05-27,7543.0,-1944.0,0.0,100,303.53,320.0,0,0.0,0.0,,0.0,1,3.62,6.59,SPY200605C00300000,300.0,normalDay
2020-05-28,7543.0,-2007.0,0.0,100,302.97,320.0,0,0.0,0.0,,0.0,1,3.62,6.66,SPY200605C00300000,300.0,normalDay
2020-05-29,7543.0,-1918.0,0.0,100,304.32,320.0,0,0.0,0.0,,0.0,1,3.62,7.12,SPY200605C00300000,300.0,normalDay
2020-06-01,7543.0,-1768.0,0.0,100,305.55,320.0,0,0.0,0.0,,0.0,1,3.62,6.85,SPY200605C00300000,300.0,normalDay
2020-06-02,7543.0,-1671.0,0.0,100,308.08,320.0,0,0.0,0.0,,0.0,1,3.62,8.41,SPY200605C00300000,300.0,normalDay
2020-06-03,7543.0,-1651.0,0.0,100,312.18,320.0,0,0.0,0.0,,0.0,1,3.62,12.31,SPY200605C00300000,300.0,normalDay
2020-06-04,7543.0,-1655.0,0.0,100,311.36,320.0,0,0.0,0.0,,0.0,1,3.62,11.53,SPY200605C00300000,300.0,normalDay
2020-06-05,5905.0,-1655.0,-1638.0,0,319.34,0.0,0,0.0,0.0,,0.0,1,3.62,0.0,SPY200605C00300000,300.0,expirationDay
2020-06-08,5905.0,-3.0,0.0,0,323.2,0.0,1,0.14,0.17,SPY200619P00274000,274.0,0,0.0,0.0,,0.0,normalDay
2020-06-09,5905.0,-5.0,0.0,0,320.79,0.0,1,0.14,0.19,SPY200619P00274000,274.0,0,0.0,0.0,,0.0,normalDay
2020-06-10,5905.0,-3.0,0.0,0,319.0,0.0,1,0.14,0.17,SPY200619P00274000,274.0,0,0.0,0.0,,0.0,normalDay
2020-06-11,5905.0,-130.0,0.0,0,300.61,0.0,1,0.14,1.44,SPY200619P00274000,274.0,0,0.0,0.0,,0.0,normalDay
2020-06-12,5905.0,-45.0,0.0,0,304.21,0.0,1,0.14,0.59,SPY200619P00274000,274.0,0,0.0,0.0,,0.0,normalDay
2020-06-15,5905.0,-6.0,0.0,0,307.05,0.0,1,0.14,0.2,SPY200619P00274000,274.0,0,0.0,0.0,,0.0,normalDay
2020-06-16,5905.0,7.0,0.0,0,312.96,0.0,1,0.14,0.07,SPY200619P00274000,274.0,0,0.0,0.0,,0.0,normalDay
2020-06-17,5905.0,10.0,0.0,0,311.66,0.0,1,0.14,0.04,SPY200619P00274000,274.0,0,0.0,0.0,,0.0,normalDay
2020-06-18,5905.0,11.0,0.0,0,311.78,0.0,1,0.14,0.03,SPY200619P00274000,274.0,0,0.0,0.0,,0.0,normalDay
2020-06-19,5919.0,0.0,14.0,0,308.64,0.0,1,0.14,0.0,SPY200619P00274000,274.0,0,0.0,0.0,,0.0,expirationDay
2020-06-22,5919.0,-4.0,0.0,0,310.62,0.0,1,1.65,1.69,SPY200702P00294000,294.0,0,0.0,0.0,,0.0,normalDay
2020-06-23,5919.0,35.0,0.0,0,312.05,0.0,1,1.65,1.3,SPY200702P00294000,294.0,0,0.0,0.0,,0.0,normalDay
2020-06-24,5919.0,-83.0,0.0,0,304.09,0.0,1,1.65,2.48,SPY200702P00294000,294.0,0,0.0,0.0,,0.0,normalDay
2020-06-25,5919.0,34.0,0.0,0,307.35,0.0,1,1.65,1.31,SPY200702P00294000,294.0,0,0.0,0.0,,0.0,normalDay
2020-06-26,5919.0,-74.0,0.0,0,300.05,0.0,1,1.65,2.39,SPY200702P00294000,294.0,0,0.0,0.0,,0.0,normalDay
2020-06-29,5919.0,88.0,0.0,0,304.46,0.0,1,1.65,0.77,SPY200702P00294000,294.0,0,0.0,0.0,,0.0,normalDay
2020-06-30,5919.0,144.0,0.0,0,308.36,0.0,1,1.65,0.21,SPY200702P00294000,294.0,0,0.0,0.0,,0.0,normalDay
2020-07-01,5919.0,160.0,0.0,0,310.52,0.0,1,1.65,0.05,SPY200702P00294000,294.0,0,0.0,0.0,,0.0,normalDay
2020-07-02,6084.0,0.0,165.0,0,312.23,0.0,1,1.65,0.0,SPY200702P00294000,294.0,0,0.0,0.0,,0.0,expirationDay
2020-07-06,6084.0,-3.0,0.0,0,317.05,0.0,1,0.91,0.94,SPY200717P00296000,296.0,0,0.0,0.0,,0.0,normalDay
2020-07-07,6084.0,-28.0,0.0,0,313.78,0.0,1,0.91,1.19,SPY200717P00296000,296.0,0,0.0,0.0,,0.0,normalDay
2020-07-08,6084.0,28.0,0.0,0,316.18,0.0,1,0.91,0.63,SPY200717P00296000,296.0,0,0.0,0.0,,0.0,normalDay
2020-07-09,6084.0,19.0,0.0,0,314.38,0.0,1,0.91,0.72,SPY200717P00296000,296.0,0,0.0,0.0,,0.0,normalDay
2020-07-10,6084.0,68.0,0.0,0,317.59,0.0,1,0.91,0.23,SPY200717P00296000,296.0,0,0.0,0.0,,0.0,normalDay
2020-07-13,6084.0,47.0,0.0,0,314.84,0.0,1,0.91,0.44,SPY200717P00296000,296.0,0,0.0,0.0,,0.0,normalDay
2020-07-14,6084.0,79.0,0.0,0,318.92,0.0,1,0.91,0.12,SPY200717P00296000,296.0,0,0.0,0.0,,0.0,normalDay
2020-07-15,6084.0,88.0,0.0,0,321.85,0.0,1,0.91,0.03,SPY200717P00296000,296.0,0,0.0,0.0,,0.0,normalDay
2020-07-16,6084.0,88.0,0.0,0,320.79,0.0,1,0.91,0.03,SPY200717P00296000,296.0,0,0.0,0.0,,0.0,normalDay
2020-07-17,6175.0,0.0,91.0,0,321.72,0.0,1,0.91,0.0,SPY200717P00296000,296.0,0,0.0,0.0,,0.0,expirationDay
2020-07-20,6175.0,-3.0,0.0,0,324.32,0.0,1,0.44,0.47,SPY200731P00299000,299.0,0,0.0,0.0,,0.0,normalDay
2020-07-21,6175.0,5.0,0.0,0,325.01,0.0,1,0.44,0.39,SPY200731P00299000,299.0,0,0.0,0.0,,0.0,normalDay
2020-07-22,6175.0,18.0,0.0,0,326.86,0.0,1,0.44,0.26,SPY200731P00299000,299.0,0,0.0,0.0,,0.0,normalDay
2020-07-23,6175.0,5.0,0.0,0,322.96,0.0,1,0.44,0.39,SPY200731P00299000,299.0,0,0.0,0.0,,0.0,normalDay
2020-07-24,6175.0,25.0,0.0,0,320.88,0.0,1,0.44,0.19,SPY200731P00299000,299.0,0,0.0,0.0,,0.0,normalDay
2020-07-27,6175.0,38.0,0.0,0,323.22,0.0,1,0.44,0.06,SPY200731P00299000,299.0,0,0.0,0.0,,0.0,normalDay
2020-07-28,6175.0,37.0,0.0,0,321.17,0.0,1,0.44,0.07,SPY200731P00299000,299.0,0,0.0,0.0,,0.0,normalDay
2020-07-29,6175.0,41.0,0.0,0,325.12,0.0,1,0.44,0.03,SPY200731P00299000,299.0,0,0.0,0.0,,0.0,normalDay
2020-07-30,6175.0,42.0,0.0,0,323.96,0.0,1,0.44,0.02,SPY200731P00299000,299.0,0,0.0,0.0,,0.0,normalDay
2020-07-31,6219.0,0.0,44.0,0,326.52,0.0,1,0.44,0.0,SPY200731P00299000,299.0,0,0.0,0.0,,0.0,expirationDay
2020-08-03,6219.0,-4.0,0.0,0,328.79,0.0,1,0.75,0.79,SPY200814P00311000,311.0,0,0.0,0.0,,0.0,normalDay
2020-08-04,6219.0,18.0,0.0,0,330.06,0.0,1,0.75,0.57,SPY200814P00311000,311.0,0,0.0,0.0,,0.0,normalDay
2020-08-05,6219.0,40.0,0.0,0,332.11,0.0,1,0.75,0.35,SPY200814P00311000,311.0,0,0.0,0.0,,0.0,normalDay
2020-08-06,6219.0,47.0,0.0,0,334.33,0.0,1,0.75,0.28,SPY200814P00311000,311.0,0,0.0,0.0,,0.0,normalDay
2020-08-07,6219.0,61.0,0.0,0,334.57,0.0,1,0.75,0.14,SPY200814P00311000,311.0,0,0.0,0.0,,0.0,normalDay
2020-08-10,6219.0,69.0,0.0,0,335.57,0.0,1,0.75,0.06,SPY200814P00311000,311.0,0,0.0,0.0,,0.0,normalDay
2020-08-11,6219.0,64.0,0.0,0,332.8,0.0,1,0.75,0.11,SPY200814P00311000,311.0,0,0.0,0.0,,0.0,normalDay
2020-08-12,6219.0,72.0,0.0,0,337.44,0.0,1,0.75,0.03,SPY200814P00311000,311.0,0,0.0,0.0,,0.0,normalDay
2020-08-13,6219.0,73.0,0.0,0,336.83,0.0,1,0.75,0.02,SPY200814P00311000,311.0,0,0.0,0.0,,0.0,normalDay
2020-08-14,6294.0,0.0,75.0,0,336.84,0.0,1,0.75,0.0,SPY200814P00311000,311.0,0,0.0,0.0,,0.0,expirationDay
2020-08-17,6294.0,-3.0,0.0,0,337.91,0.0,1,0.39,0.42,SPY200828P00316000,316.0,0,0.0,0.0,,0.0,normalDay
2020-08-18,6294.0,3.0,0.0,0,338.64,0.0,1,0.39,0.36,SPY200828P00316000,316.0,0,0.0,0.0,,0.0,normalDay
2020-08-19,6294.0,-3.0,0.0,0,337.23,0.0,1,0.39,0.42,SPY200828P00316000,316.0,0,0.0,0.0,,0.0,normalDay
2020-08-20,6294.0,9.0,0.0,0,338.28,0.0,1,0.39,0.3,SPY200828P00316000,316.0,0,0.0,0.0,,0.0,normalDay
2020-08-21,6294.0,23.0,0.0,0,339.48,0.0,1,0.39,0.16,SPY200828P00316000,316.0,0,0.0,0.0,,0.0,normalDay
2020-08-24,6294.0,33.0,0.0,0,342.92,0.0,1,0.39,0.06,SPY200828P00316000,316.0,0,0.0,0.0,,0.0,normalDay
2020-08-25,6294.0,36.0,0.0,0,344.12,0.0,1,0.39,0.03,SPY200828P00316000,316.0,0,0.0,0.0,,0.0,normalDay
2020-08-26,6294.0,35.0,0.0,0,347.57,0.0,1,0.39,0.04,SPY200828P00316000,316.0,0,0.0,0.0,,0.0,normalDay
2020-08-27,6294.0,37.0,0.0,0,348.33,0.0,1,0.39,0.02,SPY200828P00316000,316.0,0,0.0,0.0,,0.0,normalDay
2020-08-28,6333.0,0.0,39.0,0,350.58,0.0,1,0.39,0.0,SPY200828P00316000,316.0,0,0.0,0.0,,0.0,expirationDay
2020-08-31,6333.0,-3.0,0.0,0,349.31,0.0,1,0.58,0.61,SPY200911P00326000,326.0,0,0.0,0.0,,0.0,normalDay
2020-09-01,6333.0,20.0,0.0,0,352.6,0.0,1,0.58,0.38,SPY200911P00326000,326.0,0,0.0,0.0,,0.0,normalDay
2020-09-02,6333.0,33.0,0.0,0,357.7,0.0,1,0.58,0.25,SPY200911P00326000,326.0,0,0.0,0.0,,0.0,normalDay
2020-09-03,6333.0,-50.0,0.0,0,345.39,0.0,1,0.58,1.08,SPY200911P00326000,326.0,0,0.0,0.0,,0.0,normalDay
2020-09-04,6333.0,-58.0,0.0,0,342.57,0.0,1,0.58,1.16,SPY200911P00326000,326.0,0,0.0,0.0,,0.0,normalDay
2020-09-08,6333.0,-120.0,0.0,0,333.21,0.0,1,0.58,1.78,SPY200911P00326000,326.0,0,0.0,0.0,,0.0,normalDay
2020-09-09,6333.0,17.0,0.0,0,339.79,0.0,1,0.58,0.41,SPY200911P00326000,326.0,0,0.0,0.0,,0.0,normalDay
2020-09-10,6333.0,21.0,0.0,0,333.89,0.0,1,0.58,0.37,SPY200911P00326000,326.0,0,0.0,0.0,,0.0,normalDay
2020-09-11,6391.0,0.0,58.0,0,334.06,0.0,1,0.58,0.0,SPY200911P00326000,326.0,0,0.0,0.0,,0.0,expirationDay
2020-09-14,6391.0,-4.0,0.0,0,338.46,0.0,1,2.1,2.14,SPY200925P00327000,327.0,0,0.0,0.0,,0.0,normalDay
2020-09-15,6391.0,50.0,0.0,0,340.17,0.0,1,2.1,1.6,SPY200925P00327000,327.0,0,0.0,0.0,,0.0,normalDay
2020-09-16,6391.0,48.0,0.0,0,338.82,0.0,1,2.1,1.62,SPY200925P00327000,327.0,0,0.0,0.0,,0.0,normalDay
2020-09-17,6391.0,14.0,0.0,0,335.84,0.0,1,2.1,1.96,SPY200925P00327000,327.0,0,0.0,0.0,,0.0,normalDay
2020-09-18,6391.0,-52.0,0.0,0,330.65,0.0,1,2.1,2.62,SPY200925P00327000,327.0,0,0.0,0.0,,0.0,normalDay
2020-09-21,6391.0,-143.0,0.0,0,326.97,0.0,1,2.1,3.53,SPY200925P00327000,327.0,0,0.0,0.0,,0.0,normalDay
2020-09-22,6391.0,32.0,0.0,0,330.3,0.0,1,2.1,1.78,SPY200925P00327000,327.0,0,0.0,0.0,,0.0,normalDay
2020-09-23,6391.0,-310.0,0.0,0,322.64,0.0,1,2.1,5.2,SPY200925P00327000,327.0,0,0.0,0.0,,0.0,normalDay
2020-09-24,6391.0,-170.0,0.0,0,323.5,0.0,1,2.1,3.8,SPY200925P00327000,327.0,0,0.0,0.0,,0.0,normalDay
2020-09-25,6601.0,0.0,210.0,0,328.73,0.0,1,2.1,0.0,SPY200925P00327000,327.0,0,0.0,0.0,,0.0,expirationDay
2020-09-28,6601.0,-4.0,0.0,0,334.19,0.0,1,1.0,1.04,SPY201009P00316000,316.0,0,0.0,0.0,,0.0,normalDay
2020-09-29,6601.0,-15.0,0.0,0,332.37,0.0,1,1.0,1.15,SPY201009P00316000,316.0,0,0.0,0.0,,0.0,normalDay
2020-09-30,6601.0,11.0,0.0,0,334.89,0.0,1,1.0,0.89,SPY201009P00316000,316.0,0,0.0,0.0,,0.0,normalDay
2020-10-01,6601.0,55.0,0.0,0,337.04,0.0,1,1.0,0.45,SPY201009P00316000,316.0,0,0.0,0.0,,0.0,normalDay
2020-10-02,6601.0,56.0,0.0,0,333.84,0.0,1,1.0,0.44,SPY201009P00316000,316.0,0,0.0,0.0,,0.0,normalDay
2020-10-05,6601.0,93.0,0.0,0,339.76,0.0,1,1.0,0.07,SPY201009P00316000,316.0,0,0.0,0.0,,0.0,normalDay
2020-10-06,6601.0,87.0,0.0,0,334.93,0.0,1,1.0,0.13,SPY201009P00316000,316.0,0,0.0,0.0,,0.0,normalDay
2020-10-07,6601.0,98.0,0.0,0,340.76,0.0,1,1.0,0.02,SPY201009P00316000,316.0,0,0.0,0.0,,0.0,normalDay
2020-10-08,6601.0,99.0,0.0,0,343.78,0.0,1,1.0,0.01,SPY201009P00316000,316.0,0,0.0,0.0,,0.0,normalDay
2020-10-09,6701.0,0.0,100.0,0,346.85,0.0,1,1.0,0.0,SPY201009P00316000,316.0,0,0.0,0.0,,0.0,expirationDay
2020-10-12,6701.0,-3.0,0.0,0,352.43,0.0,1,0.19,0.22,SPY201023P00318000,318.0,0,0.0,0.0,,0.0,normalDay
2020-10-13,6701.0,-2.0,0.0,0,350.13,0.0,1,0.19,0.21,SPY201023P00318000,318.0,0,0.0,0.0,,0.0,normalDay
2020-10-14,6701.0,1.0,0.0,0,347.93,0.0,1,0.19,0.18,SPY201023P00318000,318.0,0,0.0,0.0,,0.0,normalDay
2020-10-15,6701.0,6.0,0.0,0,347.5,0.0,1,0.19,0.13,SPY201023P00318000,318.0,0,0.0,0.0,,0.0,normalDay
2020-10-16,6701.0,10.0,0.0,0,347.29,0.0,1,0.19,0.09,SPY201023P00318000,318.0,0,0.0,0.0,,0.0,normalDay
2020-10-19,6701.0,9.0,0.0,0,342.01,0.0,1,0.19,0.1,SPY201023P00318000,318.0,0,0.0,0.0,,0.0,normalDay
2020-10-20,6701.0,15.0,0.0,0,343.38,0.0,1,0.19,0.04,SPY201023P00318000,318.0,0,0.0,0.0,,0.0,normalDay
2020-10-21,6701.0,16.0,0.0,0,342.73,0.0,1,0.19,0.03,SPY201023P00318000,318.0,0,0.0,0.0,,0.0,normalDay
2020-10-22,6701.0,18.0,0.0,0,344.61,0.0,1,0.19,0.01,SPY201023P00318000,318.0,0,0.0,0.0,,0.0,normalDay
2020-10-23,6720.0,0.0,19.0,0,345.78,0.0,1,0.19,0.0,SPY201023P00318000,318.0,0,0.0,0.0,,0.0,expirationDay
2020-10-26,6720.0,-7.0,0.0,0,339.39,0.0,1,4.41,4.48,SPY201106P00329000,329.0,0,0.0,0.0,,0.0,normalDay
2020-10-27,6720.0,-12.0,0.0,0,338.22,0.0,1,4.41,4.53,SPY201106P00329000,329.0,0,0.0,0.0,,0.0,normalDay
2020-10-28,6720.0,-598.0,0.0,0,326.66,0.0,1,4.41,10.39,SPY201106P00329000,329.0,0,0.0,0.0,,0.0,normalDay
2020-10-29,6720.0,-295.0,0.0,0,329.98,0.0,1,4.41,7.36,SPY201106P00329000,329.0,0,0.0,0.0,,0.0,normalDay
2020-10-30,6720.0,-390.0,0.0,0,326.54,0.0,1,4.41,8.31,SPY201106P00329000,329.0,0,0.0,0.0,,0.0,normalDay
2020-11-02,6720.0,-138.0,0.0,0,330.2,0.0,1,4.41,5.79,SPY201106P00329000,329.0,0,0.0,0.0,,0.0,normalDay
2020-11-03,6720.0,60.0,0.0,0,336.03,0.0,1,4.41,3.81,SPY201106P00329000,329.0,0,0.0,0.0,,0.0,normalDay
2020-11-04,6720.0,393.0,0.0,0,343.54,0.0,1,4.41,0.48,SPY201106P00329000,329.0,0,0.0,0.0,,0.0,normalDay
2020-11-05,6720.0,437.0,0.0,0,350.24,0.0,1,4.41,0.04,SPY201106P00329000,329.0,0,0.0,0.0,,0.0,normalDay
2020-11-06,7161.0,0.0,441.0,0,350.16,0.0,1,4.41,0.0,SPY201106P00329000,329.0,0,0.0,0.0,,0.0,expirationDay
2020-11-09,7161.0,-3.0,0.0,0,354.56,0.0,1,0.52,0.55,SPY201120P00323000,323.0,0,0.0,0.0,,0.0,normalDay
2020-11-10,7161.0,10.0,0.0,0,354.04,0.0,1,0.52,0.42,SPY201120P00323000,323.0,0,0.0,0.0,,0.0,normalDay
2020-11-11,7161.0,27.0,0.0,0,356.67,0.0,1,0.52,0.25,SPY201120P00323000,323.0,0,0.0,0.0,,0.0,normalDay
2020-11-12,7161.0,14.0,0.0,0,353.21,0.0,1,0.52,0.38,SPY201120P00323000,323.0,0,0.0,0.0,,0.0,normalDay
2020-11-13,7161.0,37.0,0.0,0,358.1,0.0,1,0.52,0.15,SPY201120P00323000,323.0,0,0.0,0.0,,0.0,normalDay
2020-11-16,7161.0,47.0,0.0,0,362.57,0.0,1,0.52,0.05,SPY201120P00323000,323.0,0,0.0,0.0,,0.0,normalDay
2020-11-17,7161.0,48.0,0.0,0,360.62,0.0,1,0.52,0.04,SPY201120P00323000,323.0,0,0.0,0.0,,0.0,normalDay
2020-11-18,7161.0,49.0,0.0,0,356.28,0.0,1,0.52,0.03,SPY201120P00323000,323.0,0,0.0,0.0,,0.0,normalDay
2020-11-19,7161.0,50.0,0.0,0,357.78,0.0,1,0.52,0.02,SPY201120P00323000,323.0,0,0.0,0.0,,0.0,normalDay
2020-11-20,7213.0,0.0,52.0,0,355.33,0.0,1,0.52,0.0,SPY201120P00323000,323.0,0,0.0,0.0,,0.0,expirationDay
2020-11-23,7213.0,-3.0,0.0,0,357.46,0.0,1,0.18,0.21,SPY201204P00320000,320.0,0,0.0,0.0,,0.0,normalDay
2020-11-24,7213.0,7.0,0.0,0,363.22,0.0,1,0.18,0.11,SPY201204P00320000,320.0,0,0.0,0.0,,0.0,normalDay
2020-11-25,7213.0,10.0,0.0,0,362.66,0.0,1,0.18,0.08,SPY201204P00320000,320.0,0,0.0,0.0,,0.0,normalDay
2020-11-27,7213.0,14.0,0.0,0,363.67,0.0,1,0.18,0.04,SPY201204P00320000,320.0,0,0.0,0.0,,0.0,normalDay
2020-11-30,7213.0,14.0,0.0,0,362.06,0.0,1,0.18,0.04,SPY201204P00320000,320.0,0,0.0,0.0,,0.0,normalDay
2020-12-01,7213.0,15.0,0.0,0,366.02,0.0,1,0.18,0.03,SPY201204P00320000,320.0,0,0.0,0.0,,0.0,normalDay
2020-12-02,7213.0,16.0,0.0,0,366.79,0.0,1,0.18,0.02,SPY201204P00320000,320.0,0,0.0,0.0,,0.0,normalDay
2020-12-03,7213.0,17.0,0.0,0,366.69,0.0,1,0.18,0.01,SPY201204P00320000,320.0,0,0.0,0.0,,0.0,normalDay
2020-12-04,7231.0,0.0,18.0,0,369.85,0.0,1,0.18,0.0,SPY201204P00320000,320.0,0,0.0,0.0,,0.0,expirationDay
2020-12-07,7231.0,-3.0,0.0,0,369.09,0.0,1,0.77,0.8,SPY201218P00349000,349.0,0,0.0,0.0,,0.0,normalDay
2020-12-08,7231.0,22.0,0.0,0,370.17,0.0,1,0.77,0.55,SPY201218P00349000,349.0,0,0.0,0.0,,0.0,normalDay
2020-12-09,7231.0,-4.0,0.0,0,366.85,0.0,1,0.77,0.81,SPY201218P00349000,349.0,0,0.0,0.0,,0.0,normalDay
2020-12-10,7231.0,11.0,0.0,0,366.73,0.0,1,0.77,0.66,SPY201218P00349000,349.0,0,0.0,0.0,,0.0,normalDay
2020-12-11,7231.0,13.0,0.0,0,366.3,0.0,1,0.77,0.64,SPY201218P00349000,349.0,0,0.0,0.0,,0.0,normalDay
2020-12-14,7231.0,18.0,0.0,0,364.66,0.0,1,0.77,0.59,SPY201218P00349000,349.0,0,0.0,0.0,,0.0,normalDay
2020-12-15,7231.0,52.0,0.0,0,369.59,0.0,1,0.77,0.25,SPY201218P00349000,349.0,0,0.0,0.0,,0.0,normalDay
2020-12-16,7231.0,66.0,0.0,0,370.17,0.0,1,0.77,0.11,SPY201218P00349000,349.0,0,0.0,0.0,,0.0,normalDay
2020-12-17,7231.0,69.0,0.0,0,372.24,0.0,1,0.77,0.08,SPY201218P00349000,349.0,0,0.0,0.0,,0.0,normalDay
2020-12-18,7308.0,0.0,77.0,0,369.18,0.0,1,0.77,0.0,SPY201218P00349000,349.0,0,0.0,0.0,,0.0,expirationDay
2020-12-21,7308.0,-4.0,0.0,0,367.86,0.0,1,1.87,1.91,SPY201231P00358000,358.0,0,0.0,0.0,,0.0,normalDay
2020-12-22,7308.0,26.0,0.0,0,367.24,0.0,1,1.87,1.61,SPY201231P00358000,358.0,0,0.0,0.0,,0.0,normalDay
2020-12-23,7308.0,73.0,0.0,0,367.57,0.0,1,1.87,1.14,SPY201231P00358000,358.0,0,0.0,0.0,,0.0,normalDay
2020-12-24,7308.0,132.0,0.0,0,369.0,0.0,1,1.87,0.55,SPY201231P00358000,358.0,0,0.0,0.0,,0.0,normalDay
2020-12-28,7308.0,175.0,0.0,0,372.17,0.0,1,1.87,0.12,SPY201231P00358000,358.0,0,0.0,0.0,,0.0,normalDay
2020-12-29,7308.0,176.0,0.0,0,371.46,0.0,1,1.87,0.11,SPY201231P00358000,358.0,0,0.0,0.0,,0.0,normalDay
2020-12-30,7308.0,182.0,0.0,0,371.99,0.0,1,1.87,0.05,SPY201231P00358000,358.0,0,0.0,0.0,,0.0,normalDay
2020-12-31,7495.0,0.0,187.0,0,373.88,0.0,1,1.87,0.0,SPY201231P00358000,358.0,0,0.0,0.0,,0.0,expirationDay
2021-01-04,7495.0,-4.0,0.0,0,368.79,0.0,1,3.93,3.97,SPY210115P00364000,364.0,0,0.0,0.0,,0.0,normalDay
2021-01-05,7495.0,106.0,0.0,0,371.33,0.0,1,3.93,2.87,SPY210115P00364000,364.0,0,0.0,0.0,,0.0,normalDay
2021-01-06,7495.0,162.0,0.0,0,373.55,0.0,1,3.93,2.31,SPY210115P00364000,364.0,0,0.0,0.0,,0.0,normalDay
2021-01-07,7495.0,316.0,0.0,0,379.1,0.0,1,3.93,0.77,SPY210115P00364000,364.0,0,0.0,0.0,,0.0,normalDay
2021-01-08,7495.0,347.0,0.0,0,381.26,0.0,1,3.93,0.46,SPY210115P00364000,364.0,0,0.0,0.0,,0.0,normalDay
2021-01-11,7495.0,348.0,0.0,0,378.69,0.0,1,3.93,0.45,SPY210115P00364000,364.0,0,0.0,0.0,,0.0,normalDay
2021-01-12,7495.0,368.0,0.0,0,378.77,0.0,1,3.93,0.25,SPY210115P00364000,364.0,0,0.0,0.0,,0.0,normalDay
2021-01-13,7495.0,382.0,0.0,0,379.79,0.0,1,3.93,0.11,SPY210115P00364000,364.0,0,0.0,0.0,,0.0,normalDay
2021-01-14,7495.0,385.0,0.0,0,378.46,0.0,1,3.93,0.08,SPY210115P00364000,364.0,0,0.0,0.0,,0.0,normalDay
2021-01-15,7888.0,0.0,393.0,0,375.7,0.0,1,3.93,0.0,SPY210115P00364000,364.0,0,0.0,0.0,,0.0,expirationDay
2021-01-19,7888.0,-4.0,0.0,0,378.65,0.0,1,1.29,1.33,SPY210129P00363000,363.0,0,0.0,0.0,,0.0,normalDay
2021-01-20,7888.0,72.0,0.0,0,383.89,0.0,1,1.29,0.57,SPY210129P00363000,363.0,0,0.0,0.0,,0.0,normalDay
2021-01-21,7888.0,89.0,0.0,0,384.24,0.0,1,1.29,0.4,SPY210129P00363000,363.0,0,0.0,0.0,,0.0,normalDay
2021-01-22,7888.0,97.0,0.0,0,382.88,0.0,1,1.29,0.32,SPY210129P00363000,363.0,0,0.0,0.0,,0.0,normalDay
2021-01-25,7888.0,112.0,0.0,0,384.39,0.0,1,1.29,0.17,SPY210129P00363000,363.0,0,0.0,0.0,,0.0,normalDay
2021-01-26,7888.0,118.0,0.0,0,383.79,0.0,1,1.29,0.11,SPY210129P00363000,363.0,0,0.0,0.0,,0.0,normalDay
2021-01-27,7888.0,8.0,0.0,0,374.41,0.0,1,1.29,1.21,SPY210129P00363000,363.0,0,0.0,0.0,,0.0,normalDay
2021-01-28,7888.0,118.0,0.0,0,377.63,0.0,1,1.29,0.11,SPY210129P00363000,363.0,0,0.0,0.0,,0.0,normalDay
2021-01-29,8017.0,0.0,129.0,0,370.07,0.0,1,1.29,0.0,SPY210129P00363000,363.0,0,0.0,0.0,,0.0,expirationDay
2021-02-01,8017.0,-6.0,0.0,0,376.23,0.0,1,3.77,3.83,SPY210212P00367000,367.0,0,0.0,0.0,,0.0,normalDay
2021-02-02,8017.0,224.0,0.0,0,381.55,0.0,1,3.77,1.53,SPY210212P00367000,367.0,0,0.0,0.0,,0.0,normalDay
2021-02-03,8017.0,280.0,0.0,0,381.85,0.0,1,3.77,0.97,SPY210212P00367000,367.0,0,0.0,0.0,,0.0,normalDay
2021-02-04,8017.0,331.0,0.0,0,386.19,0.0,1,3.77,0.46,SPY210212P00367000,367.0,0,0.0,0.0,,0.0,normalDay
2021-02-05,8017.0,358.0,0.0,0,387.71,0.0,1,3.77,0.19,SPY210212P00367000,367.0,0,0.0,0.0,,0.0,normalDay
2021-02-08,8017.0,369.0,0.0,0,390.51,0.0,1,3.77,0.08,SPY210212P00367000,367.0,0,0.0,0.0,,0.0,normalDay
2021-02-09,8017.0,371.0,0.0,0,390.25,0.0,1,3.77,0.06,SPY210212P00367000,367.0,0,0.0,0.0,,0.0,normalDay
2021-02-10,8017.0,372.0,0.0,0,390.08,0.0,1,3.77,0.05,SPY210212P00367000,367.0,0,0.0,0.0,,0.0,normalDay
2021-02-11,8017.0,375.0,0.0,0,390.71,0.0,1,3.77,0.02,SPY210212P00367000,367.0,0,0.0,0.0,,0.0,normalDay
2021-02-12,8394.0,0.0,377.0,0,392.64,0.0,1,3.77,0.0,SPY210212P00367000,367.0,0,0.0,0.0,,0.0,expirationDay
2021-02-16,8394.0,-3.0,0.0,0,392.3,0.0,1,0.62,0.65,SPY210226P00370000,370.0,0,0.0,0.0,,0.0,normalDay
2021-02-17,8394.0,14.0,0.0,0,392.39,0.0,1,0.62,0.48,SPY210226P00370000,370.0,0,0.0,0.0,,0.0,normalDay
2021-02-18,8394.0,9.0,0.0,0,390.72,0.0,1,0.62,0.53,SPY210226P00370000,370.0,0,0.0,0.0,,0.0,normalDay
2021-02-19,8394.0,33.0,0.0,0,390.03,0.0,1,0.62,0.29,SPY210226P00370000,370.0,0,0.0,0.0,,0.0,normalDay
2021-02-22,8394.0,34.0,0.0,0,387.03,0.0,1,0.62,0.28,SPY210226P00370000,370.0,0,0.0,0.0,,0.0,normalDay
2021-02-23,8394.0,44.0,0.0,0,387.5,0.0,1,0.62,0.18,SPY210226P00370000,370.0,0,0.0,0.0,,0.0,normalDay
2021-02-24,8394.0,58.0,0.0,0,391.77,0.0,1,0.62,0.04,SPY210226P00370000,370.0,0,0.0,0.0,,0.0,normalDay
2021-02-25,8394.0,41.0,0.0,0,382.33,0.0,1,0.62,0.21,SPY210226P00370000,370.0,0,0.0,0.0,,0.0,normalDay
2021-02-26,8456.0,0.0,62.0,0,380.36,0.0,1,0.62,0.0,SPY210226P00370000,370.0,0,0.0,0.0,,0.0,expirationDay
2021-03-01,8456.0,-5.0,0.0,0,389.58,0.0,1,1.99,2.04,SPY210312P00377000,377.0,0,0.0,0.0,,0.0,normalDay
2021-03-02,8456.0,-58.0,0.0,0,386.54,0.0,1,1.99,2.57,SPY210312P00377000,377.0,0,0.0,0.0,,0.0,normalDay
2021-03-03,8456.0,-207.0,0.0,0,381.42,0.0,1,1.99,4.06,SPY210312P00377000,377.0,0,0.0,0.0,,0.0,normalDay
2021-03-04,8456.0,-394.0,0.0,0,376.7,0.0,1,1.99,5.93,SPY210312P00377000,377.0,0,0.0,0.0,,0.0,normalDay
2021-03-05,8456.0,-55.0,0.0,0,383.63,0.0,1,1.99,2.54,SPY210312P00377000,377.0,0,0.0,0.0,,0.0,normalDay
2021-03-08,8456.0,-50.0,0.0,0,381.72,0.0,1,1.99,2.49,SPY210312P00377000,377.0,0,0.0,0.0,,0.0,normalDay
2021-03-09,8456.0,119.0,0.0,0,387.17,0.0,1,1.99,0.8,SPY210312P00377000,377.0,0,0.0,0.0,,0.0,normalDay
2021-03-10,8456.0,183.0,0.0,0,389.58,0.0,1,1.99,0.16,SPY210312P00377000,377.0,0,0.0,0.0,,0.0,normalDay
2021-03-11,8456.0,196.0,0.0,0,393.53,0.0,1,1.99,0.03,SPY210312P00377000,377.0,0,0.0,0.0,,0.0,normalDay
2021-03-12,8655.0,0.0,199.0,0,394.06,0.0,1,1.99,0.0,SPY210312P00377000,377.0,0,0.0,0.0,,0.0,expirationDay
2021-03-15,8655.0,-4.0,0.0,0,396.41,0.0,1,0.74,0.78,SPY210326P00376000,376.0,0,0.0,0.0,,0.0,normalDay
2021-03-16,8655.0,-2.0,0.0,0,395.91,0.0,1,0.74,0.76,SPY210326P00376000,376.0,0,0.0,0.0,,0.0,normalDay
2021-03-17,8655.0,27.0,0.0,0,397.26,0.0,1,0.74,0.47,SPY210326P00376000,376.0,0,0.0,0.0,,0.0,normalDay
2021-03-18,8655.0,-21.0,0.0,0,391.48,0.0,1,0.74,0.95,SPY210326P00376000,376.0,0,0.0,0.0,,0.0,normalDay
2021-03-19,8655.0,3.0,0.0,0,389.48,0.0,1,0.74,0.71,SPY210326P00376000,376.0,0,0.0,0.0,,0.0,normalDay
2021-03-22,8655.0,60.0,0.0,0,392.59,0.0,1,0.74,0.14,SPY210326P00376000,376.0,0,0.0,0.0,,0.0,normalDay
2021-03-23,8655.0,52.0,0.0,0,389.5,0.0,1,0.74,0.22,SPY210326P00376000,376.0,0,0.0,0.0,,0.0,normalDay
2021-03-24,8655.0,56.0,0.0,0,387.52,0.0,1,0.74,0.18,SPY210326P00376000,376.0,0,0.0,0.0,,0.0,normalDay
2021-03-25,8655.0,71.0,0.0,0,389.7,0.0,1,0.74,0.03,SPY210326P00376000,376.0,0,0.0,0.0,,0.0,normalDay
2021-03-26,8729.0,0.0,74.0,0,395.98,0.0,1,0.74,0.0,SPY210326P00376000,376.0,0,0.0,0.0,,0.0,expirationDay
2021-03-29,8729.0,-4.0,0.0,0,395.78,0.0,1,0.9,0.94,SPY210409P00377000,377.0,0,0.0,0.0,,0.0,normalDay
2021-03-30,8729.0,13.0,0.0,0,394.73,0.0,1,0.9,0.77,SPY210409P00377000,377.0,0,0.0,0.0,,0.0,normalDay
2021-03-31,8729.0,49.0,0.0,0,396.33,0.0,1,0.9,0.41,SPY210409P00377000,377.0,0,0.0,0.0,,0.0,normalDay
2021-04-01,8729.0,81.0,0.0,0,400.61,0.0,1,0.9,0.09,SPY210409P00377000,377.0,0,0.0,0.0,,0.0,normalDay
2021-04-05,8729.0,84.0,0.0,0,406.36,0.0,1,0.9,0.06,SPY210409P00377000,377.0,0,0.0,0.0,,0.0,normalDay
2021-04-06,8729.0,86.0,0.0,0,406.12,0.0,1,0.9,0.04,SPY210409P00377000,377.0,0,0.0,0.0,,0.0,normalDay
2021-04-07,8729.0,88.0,0.0,0,406.59,0.0,1,0.9,0.02,SPY210409P00377000,377.0,0,0.0,0.0,,0.0,normalDay
2021-04-08,8729.0,89.0,0.0,0,408.52,0.0,1,0.9,0.01,SPY210409P00377000,377.0,0,0.0,0.0,,0.0,normalDay
2021-04-09,8819.0,0.0,90.0,0,411.49,0.0,1,0.9,0.0,SPY210409P00377000,377.0,0,0.0,0.0,,0.0,expirationDay
2021-04-12,8819.0,-3.0,0.0,0,411.64,0.0,1,0.14,0.17,SPY210423P00381000,381.0,0,0.0,0.0,,0.0,normalDay
2021-04-13,8819.0,2.0,0.0,0,412.86,0.0,1,0.14,0.12,SPY210423P00381000,381.0,0,0.0,0.0,,0.0,normalDay
2021-04-14,8819.0,1.0,0.0,0,411.45,0.0,1,0.14,0.13,SPY210423P00381000,381.0,0,0.0,0.0,,0.0,normalDay
2021-04-15,8819.0,4.0,0.0,0,415.87,0.0,1,0.14,0.1,SPY210423P00381000,381.0,0,0.0,0.0,,0.0,normalDay
2021-04-16,8819.0,10.0,0.0,0,417.26,0.0,1,0.14,0.04,SPY210423P00381000,381.0,0,0.0,0.0,,0.0,normalDay
2021-04-19,8819.0,12.0,0.0,0,415.21,0.0,1,0.14,0.02,SPY210423P00381000,381.0,0,0.0,0.0,,0.0,normalDay
2021-04-20,8819.0,11.0,0.0,0,412.17,0.0,1,0.14,0.03,SPY210423P00381000,381.0,0,0.0,0.0,,0.0,normalDay
2021-04-21,8819.0,12.0,0.0,0,416.07,0.0,1,0.14,0.02,SPY210423P00381000,381.0,0,0.0,0.0,,0.0,normalDay
2021-04-22,8819.0,13.0,0.0,0,412.27,0.0,1,0.14,0.01,SPY210423P00381000,381.0,0,0.0,0.0,,0.0,normalDay
2021-04-23,8833.0,0.0,14.0,0,416.74,0.0,1,0.14,0.0,SPY210423P00381000,381.0,0,0.0,0.0,,0.0,expirationDay
2021-04-26,8833.0,-3.0,0.0,0,417.61,0.0,1,0.29,0.32,SPY210507P00392500,392.5,0,0.0,0.0,,0.0,normalDay
2021-04-27,8833.0,3.0,0.0,0,417.52,0.0,1,0.29,0.26,SPY210507P00392500,392.5,0,0.0,0.0,,0.0,normalDay
2021-04-28,8833.0,13.0,0.0,0,417.4,0.0,1,0.29,0.16,SPY210507P00392500,392.5,0,0.0,0.0,,0.0,normalDay
2021-04-29,8833.0,16.0,0.0,0,420.06,0.0,1,0.29,0.13,SPY210507P00392500,392.5,0,0.0,0.0,,0.0,normalDay
2021-04-30,8833.0,13.0,0.0,0,417.3,0.0,1,0.29,0.16,SPY210507P00392500,392.5,0,0.0,0.0,,0.0,normalDay
2021-05-03,8833.0,20.0,0.0,0,418.2,0.0,1,0.29,0.09,SPY210507P00392500,392.5,0,0.0,0.0,,0.0,normalDay
2021-05-04,8833.0,20.0,0.0,0,415.62,0.0,1,0.29,0.09,SPY210507P00392500,392.5,0,0.0,0.0,,0.0,normalDay
2021-05-05,8833.0,22.0,0.0,0,415.75,0.0,1,0.29,0.07,SPY210507P00392500,392.5,0,0.0,0.0,,0.0,normalDay
2021-05-06,8833.0,27.0,0.0,0,419.07,0.0,1,0.29,0.02,SPY210507P00392500,392.5,0,0.0,0.0,,0.0,normalDay
2021-05-07,8862.0,0.0,29.0,0,422.12,0.0,1,0.29,0.0,SPY210507P00392500,392.5,0,0.0,0.0,,0.0,expirationDay
2021-05-10,8862.0,-4.0,0.0,0,417.94,0.0,1,2.42,2.46,SPY210521P00410000,410.0,0,0.0,0.0,,0.0,normalDay
2021-05-11,8862.0,-118.0,0.0,0,414.21,0.0,1,2.42,3.6,SPY210521P00410000,410.0,0,0.0,0.0,,0.0,normalDay
2021-05-12,8862.0,-590.0,0.0,0,405.41,0.0,1,2.42,8.32,SPY210521P00410000,410.0,0,0.0,0.0,,0.0,normalDay
2021-05-13,8862.0,-244.0,0.0,0,410.28,0.0,1,2.42,4.86,SPY210521P00410000,410.0,0,0.0,0.0,,0.0,normalDay
2021-05-14,8862.0,91.0,0.0,0,416.58,0.0,1,2.42,1.51,SPY210521P00410000,410.0,0,0.0,0.0,,0.0,normalDay
2021-05-17,8862.0,107.0,0.0,0,415.52,0.0,1,2.42,1.35,SPY210521P00410000,410.0,0,0.0,0.0,,0.0,normalDay
2021-05-18,8862.0,29.0,0.0,0,411.94,0.0,1,2.42,2.13,SPY210521P00410000,410.0,0,0.0,0.0,,0.0,normalDay
2021-05-19,8862.0,34.0,0.0,0,410.86,0.0,1,2.42,2.08,SPY210521P00410000,410.0,0,0.0,0.0,,0.0,normalDay
2021-05-20,8862.0,217.0,0.0,0,415.28,0.0,1,2.42,0.25,SPY210521P00410000,410.0,0,0.0,0.0,,0.0,normalDay
2021-05-21,9104.0,0.0,242.0,0,414.94,0.0,1,2.42,0.0,SPY210521P00410000,410.0,0,0.0,0.0,,0.0,expirationDay
2021-05-24,9104.0,-3.0,0.0,0,419.17,0.0,1,1.02,1.05,SPY210604P00407000,407.0,0,0.0,0.0,,0.0,normalDay
2021-05-25,9104.0,-14.0,0.0,0,418.24,0.0,1,1.02,1.16,SPY210604P00407000,407.0,0,0.0,0.0,,0.0,normalDay
2021-05-26,9104.0,29.0,0.0,0,419.07,0.0,1,1.02,0.73,SPY210604P00407000,407.0,0,0.0,0.0,,0.0,normalDay
2021-05-27,9104.0,57.0,0.0,0,419.29,0.0,1,1.02,0.45,SPY210604P00407000,407.0,0,0.0,0.0,,0.0,normalDay
2021-05-28,9104.0,73.0,0.0,0,420.04,0.0,1,1.02,0.29,SPY210604P00407000,407.0,0,0.0,0.0,,0.0,normalDay
2021-06-01,9104.0,89.0,0.0,0,419.67,0.0,1,1.02,0.13,SPY210604P00407000,407.0,0,0.0,0.0,,0.0,normalDay
2021-06-02,9104.0,97.0,0.0,0,420.33,0.0,1,1.02,0.05,SPY210604P00407000,407.0,0,0.0,0.0,,0.0,normalDay
2021-06-03,9104.0,97.0,0.0,0,418.77,0.0,1,1.02,0.05,SPY210604P00407000,407.0,0,0.0,0.0,,0.0,normalDay
2021-06-04,9206.0,0.0,102.0,0,422.6,0.0,1,1.02,0.0,SPY210604P00407000,407.0,0,0.0,0.0,,0.0,expirationDay
2021-06-07,9206.0,-3.0,0.0,0,422.19,0.0,1,0.76,0.79,SPY210618P00407000,407.0,0,0.0,0.0,,0.0,normalDay
2021-06-08,9206.0,-14.0,0.0,0,422.28,0.0,1,0.76,0.9,SPY210618P00407000,407.0,0,0.0,0.0,,0.0,normalDay
2021-06-09,9206.0,-28.0,0.0,0,421.65,0.0,1,0.76,1.04,SPY210618P00407000,407.0,0,0.0,0.0,,0.0,normalDay
2021-06-10,9206.0,28.0,0.0,0,423.61,0.0,1,0.76,0.48,SPY210618P00407000,407.0,0,0.0,0.0,,0.0,normalDay
2021-06-11,9206.0,41.0,0.0,0,424.31,0.0,1,0.76,0.35,SPY210618P00407000,407.0,0,0.0,0.0,,0.0,normalDay
2021-06-14,9206.0,54.0,0.0,0,425.26,0.0,1,0.76,0.22,SPY210618P00407000,407.0,0,0.0,0.0,,0.0,normalDay
2021-06-15,9206.0,49.0,0.0,0,424.48,0.0,1,0.76,0.27,SPY210618P00407000,407.0,0,0.0,0.0,,0.0,normalDay
2021-06-16,9206.0,40.0,0.0,0,422.11,0.0,1,0.76,0.36,SPY210618P00407000,407.0,0,0.0,0.0,,0.0,normalDay
2021-06-17,9206.0,63.0,0.0,0,421.97,0.0,1,0.76,0.13,SPY210618P00407000,407.0,0,0.0,0.0,,0.0,normalDay
2021-06-18,9282.0,0.0,76.0,0,414.92,0.0,1,0.76,0.0,SPY210618P00407000,407.0,0,0.0,0.0,,0.0,expirationDay
2021-06-21,9282.0,-4.0,0.0,0,420.86,0.0,1,2.01,2.05,SPY210702P00415000,415.0,0,0.0,0.0,,0.0,normalDay
2021-06-22,9282.0,73.0,0.0,0,423.11,0.0,1,2.01,1.28,SPY210702P00415000,415.0,0,0.0,0.0,,0.0,normalDay
2021-06-23,9282.0,96.0,0.0,0,422.6,0.0,1,2.01,1.05,SPY210702P00415000,415.0,0,0.0,0.0,,0.0,normalDay
2021-06-24,9282.0,141.0,0.0,0,425.1,0.0,1,2.01,0.6,SPY210702P00415000,415.0,0,0.0,0.0,,0.0,normalDay
2021-06-25,9282.0,166.0,0.0,0,426.61,0.0,1,2.01,0.35,SPY210702P00415000,415.0,0,0.0,0.0,,0.0,normalDay
2021-06-28,9282.0,186.0,0.0,0,427.47,0.0,1,2.01,0.15,SPY210702P00415000,415.0,0,0.0,0.0,,0.0,normalDay
2021-06-29,9282.0,191.0,0.0,0,427.7,0.0,1,2.01,0.1,SPY210702P00415000,415.0,0,0.0,0.0,,0.0,normalDay
2021-06-30,9282.0,195.0,0.0,0,428.06,0.0,1,2.01,0.06,SPY210702P00415000,415.0,0,0.0,0.0,,0.0,normalDay
2021-07-01,9282.0,198.0,0.0,0,430.43,0.0,1,2.01,0.03,SPY210702P00415000,415.0,0,0.0,0.0,,0.0,normalDay
2021-07-02,9483.0,0.0,201.0,0,433.72,0.0,1,2.01,0.0,SPY210702P00415000,415.0,0,0.0,0.0,,0.0,expirationDay
2021-07-06,9483.0,-3.0,0.0,0,432.93,0.0,1,0.56,0.59,SPY210716P00415000,415.0,0,0.0,0.0,,0.0,normalDay
2021-07-07,9483.0,16.0,0.0,0,434.46,0.0,1,0.56,0.4,SPY210716P00415000,415.0,0,0.0,0.0,,0.0,normalDay
2021-07-08,9483.0,-34.0,0.0,0,430.92,0.0,1,0.56,0.9,SPY210716P00415000,415.0,0,0.0,0.0,,0.0,normalDay
2021-07-09,9483.0,31.0,0.0,0,435.52,0.0,1,0.56,0.25,SPY210716P00415000,415.0,0,0.0,0.0,,0.0,normalDay
2021-07-12,9483.0,46.0,0.0,0,437.08,0.0,1,0.56,0.1,SPY210716P00415000,415.0,0,0.0,0.0,,0.0,normalDay
2021-07-13,9483.0,44.0,0.0,0,435.59,0.0,1,0.56,0.12,SPY210716P00415000,415.0,0,0.0,0.0,,0.0,normalDay
2021-07-14,9483.0,51.0,0.0,0,436.24,0.0,1,0.56,0.05,SPY210716P00415000,415.0,0,0.0,0.0,,0.0,normalDay
2021-07-15,9483.0,53.0,0.0,0,434.75,0.0,1,0.56,0.03,SPY210716P00415000,415.0,0,0.0,0.0,,0.0,normalDay
2021-07-16,9539.0,0.0,56.0,0,431.34,0.0,1,0.56,0.0,SPY210716P00415000,415.0,0,0.0,0.0,,0.0,expirationDay
2021-07-19,9539.0,-5.0,0.0,0,424.97,0.0,1,3.39,3.44,SPY210730P00418000,418.0,0,0.0,0.0,,0.0,normalDay
2021-07-20,9539.0,183.0,0.0,0,431.06,0.0,1,3.39,1.56,SPY210730P00418000,418.0,0,0.0,0.0,,0.0,normalDay
2021-07-21,9539.0,278.0,0.0,0,434.55,0.0,1,3.39,0.61,SPY210730P00418000,418.0,0,0.0,0.0,,0.0,normalDay
2021-07-22,9539.0,297.0,0.0,0,435.46,0.0,1,3.39,0.42,SPY210730P00418000,418.0,0,0.0,0.0,,0.0,normalDay
2021-07-23,9539.0,325.0,0.0,0,439.94,0.0,1,3.39,0.14,SPY210730P00418000,418.0,0,0.0,0.0,,0.0,normalDay
2021-07-26,9539.0,333.0,0.0,0,441.02,0.0,1,3.39,0.06,SPY210730P00418000,418.0,0,0.0,0.0,,0.0,normalDay
2021-07-27,9539.0,327.0,0.0,0,439.01,0.0,1,3.39,0.12,SPY210730P00418000,418.0,0,0.0,0.0,,0.0,normalDay
2021-07-28,9539.0,334.0,0.0,0,438.83,0.0,1,3.39,0.05,SPY210730P00418000,418.0,0,0.0,0.0,,0.0,normalDay
2021-07-29,9539.0,337.0,0.0,0,440.65,0.0,1,3.39,0.02,SPY210730P00418000,418.0,0,0.0,0.0,,0.0,normalDay
2021-07-30,9878.0,0.0,339.0,0,438.51,0.0,1,3.39,0.0,SPY210730P00418000,418.0,0,0.0,0.0,,0.0,expirationDay
2021-08-02,9878.0,-4.0,0.0,0,437.59,0.0,1,1.49,1.53,SPY210813P00426000,426.0,0,0.0,0.0,,0.0,normalDay
2021-08-03,9878.0,78.0,0.0,0,441.15,0.0,1,1.49,0.71,SPY210813P00426000,426.0,0,0.0,0.0,,0.0,normalDay
2021-08-04,9878.0,76.0,0.0,0,438.98,0.0,1,1.49,0.73,SPY210813P00426000,426.0,0,0.0,0.0,,0.0,normalDay
2021-08-05,9878.0,106.0,0.0,0,441.76,0.0,1,1.49,0.43,SPY210813P00426000,426.0,0,0.0,0.0,,0.0,normalDay
2021-08-06,9878.0,135.0,0.0,0,442.49,0.0,1,1.49,0.14,SPY210813P00426000,426.0,0,0.0,0.0,,0.0,normalDay
2021-08-09,9878.0,139.0,0.0,0,442.13,0.0,1,1.49,0.1,SPY210813P00426000,426.0,0,0.0,0.0,,0.0,normalDay
2021-08-10,9878.0,140.0,0.0,0,442.68,0.0,1,1.49,0.09,SPY210813P00426000,426.0,0,0.0,0.0,,0.0,normalDay
2021-08-11,9878.0,144.0,0.0,0,443.78,0.0,1,1.49,0.05,SPY210813P00426000,426.0,0,0.0,0.0,,0.0,normalDay
2021-08-12,9878.0,146.0,0.0,0,445.11,0.0,1,1.49,0.03,SPY210813P00426000,426.0,0,0.0,0.0,,0.0,normalDay
2021-08-13,10027.0,0.0,149.0,0,445.92,0.0,1,1.49,0.0,SPY210813P00426000,426.0,0,0.0,0.0,,0.0,expirationDay
2021-08-16,10027.0,-3.0,0.0,0,446.97,0.0,1,0.65,0.68,SPY210827P00431000,431.0,0,0.0,0.0,,0.0,normalDay
2021-08-17,10027.0,-62.0,0.0,0,444.04,0.0,1,0.65,1.27,SPY210827P00431000,431.0,0,0.0,0.0,,0.0,normalDay
2021-08-18,10027.0,-199.0,0.0,0,439.18,0.0,1,0.65,2.64,SPY210827P00431000,431.0,0,0.0,0.0,,0.0,normalDay
2021-08-19,10027.0,-150.0,0.0,0,439.86,0.0,1,0.65,2.15,SPY210827P00431000,431.0,0,0.0,0.0,,0.0,normalDay
2021-08-20,10027.0,-1.0,0.0,0,443.36,0.0,1,0.65,0.66,SPY210827P00431000,431.0,0,0.0,0.0,,0.0,normalDay
2021-08-23,10027.0,51.0,0.0,0,447.26,0.0,1,0.65,0.14,SPY210827P00431000,431.0,0,0.0,0.0,,0.0,normalDay
2021-08-24,10027.0,56.0,0.0,0,447.97,0.0,1,0.65,0.09,SPY210827P00431000,431.0,0,0.0,0.0,,0.0,normalDay
2021-08-25,10027.0,60.0,0.0,0,448.91,0.0,1,0.65,0.05,SPY210827P00431000,431.0,0,0.0,0.0,,0.0,normalDay
2021-08-26,10027.0,58.0,0.0,0,446.26,0.0,1,0.65,0.07,SPY210827P00431000,431.0,0,0.0,0.0,,0.0,normalDay
2021-08-27,10092.0,0.0,65.0,0,450.25,0.0,1,0.65,0.0,SPY210827P00431000,431.0,0,0.0,0.0,,0.0,expirationDay
2021-08-30,10092.0,-3.0,0.0,0,452.23,0.0,1,0.5,0.53,SPY210910P00436000,436.0,0,0.0,0.0,,0.0,normalDay
2021-08-31,10092.0,-5.0,0.0,0,451.56,0.0,1,0.5,0.55,SPY210910P00436000,436.0,0,0.0,0.0,,0.0,normalDay
2021-09-01,10092.0,11.0,0.0,0,451.8,0.0,1,0.5,0.39,SPY210910P00436000,436.0,0,0.0,0.0,,0.0,normalDay
2021-09-02,10092.0,14.0,0.0,0,453.19,0.0,1,0.5,0.36,SPY210910P00436000,436.0,0,0.0,0.0,,0.0,normalDay
2021-09-03,10092.0,29.0,0.0,0,453.08,0.0,1,0.5,0.21,SPY210910P00436000,436.0,0,0.0,0.0,,0.0,normalDay
2021-09-07,10092.0,37.0,0.0,0,451.46,0.0,1,0.5,0.13,SPY210910P00436000,436.0,0,0.0,0.0,,0.0,normalDay
2021-09-08,10092.0,42.0,0.0,0,450.91,0.0,1,0.5,0.08,SPY210910P00436000,436.0,0,0.0,0.0,,0.0,normalDay
2021-09-09,10092.0,45.0,0.0,0,448.98,0.0,1,0.5,0.05,SPY210910P00436000,436.0,0,0.0,0.0,,0.0,normalDay
2021-09-10,10142.0,0.0,50.0,0,445.44,0.0,1,0.5,0.0,SPY210910P00436000,436.0,0,0.0,0.0,,0.0,expirationDay
2021-09-13,10142.0,-4.0,0.0,0,446.58,0.0,1,2.78,2.82,SPY210924P00439000,439.0,0,0.0,0.0,,0.0,normalDay
2021-09-14,10142.0,-48.0,0.0,0,444.17,0.0,1,2.78,3.26,SPY210924P00439000,439.0,0,0.0,0.0,,0.0,normalDay
2021-09-15,10142.0,111.0,0.0,0,447.88,0.0,1,2.78,1.67,SPY210924P00439000,439.0,0,0.0,0.0,,0.0,normalDay
2021-09-16,10142.0,105.0,0.0,0,447.17,0.0,1,2.78,1.73,SPY210924P00439000,439.0,0,0.0,0.0,,0.0,normalDay
2021-09-17,10142.0,-33.0,0.0,0,441.4,0.0,1,2.78,3.11,SPY210924P00439000,439.0,0,0.0,0.0,,0.0,normalDay
2021-09-20,10142.0,-423.0,0.0,0,434.04,0.0,1,2.78,7.01,SPY210924P00439000,439.0,0,0.0,0.0,,0.0,normalDay
2021-09-21,10142.0,-400.0,0.0,0,433.63,0.0,1,2.78,6.78,SPY210924P00439000,439.0,0,0.0,0.0,,0.0,normalDay
2021-09-22,10142.0,-10.0,0.0,0,437.86,0.0,1,2.78,2.88,SPY210924P00439000,439.0,0,0.0,0.0,,0.0,normalDay
2021-09-23,10142.0,246.0,0.0,0,443.18,0.0,1,2.78,0.32,SPY210924P00439000,439.0,0,0.0,0.0,,0.0,normalDay
2021-09-24,10420.0,0.0,278.0,0,443.91,0.0,1,2.78,0.0,SPY210924P00439000,439.0,0,0.0,0.0,,0.0,expirationDay
2021-09-27,10420.0,-3.0,0.0,0,442.64,0.0,1,1.74,1.77,SPY211008P00432000,432.0,0,0.0,0.0,,0.0,normalDay
2021-09-28,10420.0,-330.0,0.0,0,433.72,0.0,1,1.74,5.04,SPY211008P00432000,432.0,0,0.0,0.0,,0.0,normalDay
2021-09-29,10420.0,-246.0,0.0,0,434.45,0.0,1,1.74,4.2,SPY211008P00432000,432.0,0,0.0,0.0,,0.0,normalDay
2021-09-30,10420.0,-450.0,0.0,0,429.14,0.0,1,1.74,6.24,SPY211008P00432000,432.0,0,0.0,0.0,,0.0,normalDay
2021-10-01,10420.0,-146.0,0.0,0,434.24,0.0,1,1.74,3.2,SPY211008P00432000,432.0,0,0.0,0.0,,0.0,normalDay
2021-10-04,10420.0,-385.0,0.0,0,428.64,0.0,1,1.74,5.59,SPY211008P00432000,432.0,0,0.0,0.0,,0.0,normalDay
2021-10-05,10420.0,-82.0,0.0,0,433.1,0.0,1,1.74,2.56,SPY211008P00432000,432.0,0,0.0,0.0,,0.0,normalDay
2021-10-06,10420.0,6.0,0.0,0,434.9,0.0,1,1.74,1.68,SPY211008P00432000,432.0,0,0.0,0.0,,0.0,normalDay
2021-10-07,10420.0,153.0,0.0,0,438.66,0.0,1,1.74,0.21,SPY211008P00432000,432.0,0,0.0,0.0,,0.0,normalDay
2021-10-08,10594.0,0.0,174.0,0,437.86,0.0,1,1.74,0.0,SPY211008P00432000,432.0,0,0.0,0.0,,0.0,expirationDay
2021-10-11,10594.0,-3.0,0.0,0,434.69,0.0,1,2.6,2.63,SPY211022P00425000,425.0,0,0.0,0.0,,0.0,normalDay
2021-10-12,10594.0,-6.0,0.0,0,433.62,0.0,1,2.6,2.66,SPY211022P00425000,425.0,0,0.0,0.0,,0.0,normalDay
2021-10-13,10594.0,105.0,0.0,0,435.18,0.0,1,2.6,1.55,SPY211022P00425000,425.0,0,0.0,0.0,,0.0,normalDay
2021-10-14,10594.0,214.0,0.0,0,442.5,0.0,1,2.6,0.46,SPY211022P00425000,425.0,0,0.0,0.0,,0.0,normalDay
2021-10-15,10594.0,239.0,0.0,0,445.87,0.0,1,2.6,0.21,SPY211022P00425000,425.0,0,0.0,0.0,,0.0,normalDay
2021-10-18,10594.0,253.0,0.0,0,447.19,0.0,1,2.6,0.07,SPY211022P00425000,425.0,0,0.0,0.0,,0.0,normalDay
2021-10-19,10594.0,256.0,0.0,0,450.64,0.0,1,2.6,0.04,SPY211022P00425000,425.0,0,0.0,0.0,,0.0,normalDay
2021-10-20,10594.0,257.0,0.0,0,452.41,0.0,1,2.6,0.03,SPY211022P00425000,425.0,0,0.0,0.0,,0.0,normalDay
2021-10-21,10594.0,258.0,0.0,0,453.59,0.0,1,2.6,0.02,SPY211022P00425000,425.0,0,0.0,0.0,,0.0,normalDay
2021-10-22,10854.0,0.0,260.0,0,453.12,0.0,1,2.6,0.0,SPY211022P00425000,425.0,0,0.0,0.0,,0.0,expirationDay
2021-10-25,10854.0,-3.0,0.0,0,455.55,0.0,1,0.17,0.2,SPY211105P00420000,420.0,0,0.0,0.0,,0.0,normalDay
2021-10-26,10854.0,-5.0,0.0,0,455.96,0.0,1,0.17,0.22,SPY211105P00420000,420.0,0,0.0,0.0,,0.0,normalDay
2021-10-27,10854.0,-5.0,0.0,0,453.94,0.0,1,0.17,0.22,SPY211105P00420000,420.0,0,0.0,0.0,,0.0,normalDay
2021-10-28,10854.0,4.0,0.0,0,458.32,0.0,1,0.17,0.13,SPY211105P00420000,420.0,0,0.0,0.0,,0.0,normalDay
2021-10-29,10854.0,10.0,0.0,0,459.25,0.0,1,0.17,0.07,SPY211105P00420000,420.0,0,0.0,0.0,,0.0,normalDay
2021-11-01,10854.0,13.0,0.0,0,460.04,0.0,1,0.17,0.04,SPY211105P00420000,420.0,0,0.0,0.0,,0.0,normalDay
2021-11-02,10854.0,13.0,0.0,0,461.9,0.0,1,0.17,0.04,SPY211105P00420000,420.0,0,0.0,0.0,,0.0,normalDay
2021-11-03,10854.0,15.0,0.0,0,464.72,0.0,1,0.17,0.02,SPY211105P00420000,420.0,0,0.0,0.0,,0.0,normalDay
2021-11-04,10854.0,16.0,0.0,0,466.91,0.0,1,0.17,0.01,SPY211105P00420000,420.0,0,0.0,0.0,,0.0,normalDay
2021-11-05,10871.0,0.0,17.0,0,468.53,0.0,1,0.17,0.0,SPY211105P00420000,420.0,0,0.0,0.0,,0.0,expirationDay
2021-11-08,10871.0,-3.0,0.0,0,468.93,0.0,1,0.27,0.3,SPY211119P00431000,431.0,0,0.0,0.0,,0.0,normalDay
2021-11-09,10871.0,-1.0,0.0,0,467.38,0.0,1,0.27,0.28,SPY211119P00431000,431.0,0,0.0,0.0,,0.0,normalDay
2021-11-10,10871.0,-3.0,0.0,0,463.62,0.0,1,0.27,0.3,SPY211119P00431000,431.0,0,0.0,0.0,,0.0,normalDay
2021-11-11,10871.0,9.0,0.0,0,463.77,0.0,1,0.27,0.18,SPY211119P00431000,431.0,0,0.0,0.0,,0.0,normalDay
2021-11-12,10871.0,18.0,0.0,0,467.27,0.0,1,0.27,0.09,SPY211119P00431000,431.0,0,0.0,0.0,,0.0,normalDay
2021-11-15,10871.0,23.0,0.0,0,467.43,0.0,1,0.27,0.04,SPY211119P00431000,431.0,0,0.0,0.0,,0.0,normalDay
2021-11-16,10871.0,23.0,0.0,0,469.28,0.0,1,0.27,0.04,SPY211119P00431000,431.0,0,0.0,0.0,,0.0,normalDay
2021-11-17,10871.0,25.0,0.0,0,468.14,0.0,1,0.27,0.02,SPY211119P00431000,431.0,0,0.0,0.0,,0.0,normalDay
2021-11-18,10871.0,25.0,0.0,0,469.73,0.0,1,0.27,0.02,SPY211119P00431000,431.0,0,0.0,0.0,,0.0,normalDay
2021-11-19,10898.0,0.0,27.0,0,468.89,0.0,1,0.27,0.0,SPY211119P00431000,431.0,0,0.0,0.0,,0.0,expirationDay
2021-11-22,10898.0,-4.0,0.0,0,467.57,0.0,1,1.32,1.36,SPY211203P00454000,454.0,0,0.0,0.0,,0.0,normalDay
2021-11-23,10898.0,12.0,0.0,0,468.19,0.0,1,1.32,1.2,SPY211203P00454000,454.0,0,0.0,0.0,,0.0,normalDay
2021-11-24,10898.0,53.0,0.0,0,469.44,0.0,1,1.32,0.79,SPY211203P00454000,454.0,0,0.0,0.0,,0.0,normalDay
2021-11-26,10898.0,-466.0,0.0,0,458.97,0.0,1,1.32,5.98,SPY211203P00454000,454.0,0,0.0,0.0,,0.0,normalDay
2021-11-29,10898.0,29.0,0.0,0,464.6,0.0,1,1.32,1.03,SPY211203P00454000,454.0,0,0.0,0.0,,0.0,normalDay
2021-11-30,10898.0,-148.0,0.0,0,455.56,0.0,1,1.32,2.8,SPY211203P00454000,454.0,0,0.0,0.0,,0.0,normalDay
2021-12-01,10898.0,-498.0,0.0,0,450.5,0.0,1,1.32,6.3,SPY211203P00454000,454.0,0,0.0,0.0,,0.0,normalDay
2021-12-02,10898.0,0.0,0.0,0,457.4,0.0,1,1.32,1.32,SPY211203P00454000,454.0,0,0.0,0.0,,0.0,normalDay
2021-12-03,11030.0,-58.0,132.0,100,453.42,454.0,1,1.32,0.0,SPY211203P00454000,454.0,0,0.0,0.0,,0.0,expirationDay
2021-12-06,11030.0,476.0,0.0,100,458.79,454.0,0,0.0,0.0,,0.0,1,0.29,0.32,SPY211223C00480000,480.0,normalDay
2021-12-07,11030.0,1363.0,0.0,100,468.28,454.0,0,0.0,0.0,,0.0,1,0.29,0.94,SPY211223C00480000,480.0,normalDay
2021-12-08,11030.0,1498.0,0.0,100,469.52,454.0,0,0.0,0.0,,0.0,1,0.29,0.83,SPY211223C00480000,480.0,normalDay
2021-12-09,11030.0,1218.0,0.0,100,466.35,454.0,0,0.0,0.0,,0.0,1,0.29,0.46,SPY211223C00480000,480.0,normalDay
2021-12-10,11030.0,1650.0,0.0,100,470.74,454.0,0,0.0,0.0,,0.0,1,0.29,0.53,SPY211223C00480000,480.0,normalDay
2021-12-13,11030.0,1264.0,0.0,100,466.57,454.0,0,0.0,0.0,,0.0,1,0.29,0.22,SPY211223C00480000,480.0,normalDay
2021-12-14,11030.0,952.0,0.0,100,463.36,454.0,0,0.0,0.0,,0.0,1,0.29,0.13,SPY211223C00480000,480.0,normalDay
2021-12-15,11030.0,1658.0,0.0,100,470.6,454.0,0,0.0,0.0,,0.0,1,0.29,0.31,SPY211223C00480000,480.0,normalDay
2021-12-16,11030.0,1260.0,0.0,100,466.45,454.0,0,0.0,0.0,,0.0,1,0.29,0.14,SPY211223C00480000,480.0,normalDay
2021-12-17,11030.0,612.0,0.0,100,459.87,454.0,0,0.0,0.0,,0.0,1,0.29,0.04,SPY211223C00480000,480.0,normalDay
2021-12-20,11030.0,125.0,0.0,100,454.98,454.0,0,0.0,0.0,,0.0,1,0.29,0.02,SPY211223C00480000,480.0,normalDay
2021-12-21,11030.0,934.0,0.0,100,463.06,454.0,0,0.0,0.0,,0.0,1,0.29,0.01,SPY211223C00480000,480.0,normalDay
2021-12-22,11030.0,1397.0,0.0,100,467.69,454.0,0,0.0,0.0,,0.0,1,0.29,0.01,SPY211223C00480000,480.0,normalDay
2021-12-23,11059.0,1660.0,29.0,100,470.6,454.0,0,0.0,0.0,,0.0,1,0.29,0.0,SPY211223C00480000,480.0,expirationDay
2021-12-27,11059.0,2321.0,0.0,100,477.26,454.0,0,0.0,0.0,,0.0,1,2.63,2.68,SPY220114C00482500,482.5,normalDay
2021-12-28,11059.0,2297.0,0.0,100,476.87,454.0,0,0.0,0.0,,0.0,1,2.63,2.53,SPY220114C00482500,482.5,normalDay
2021-12-29,11059.0,2376.0,0.0,100,477.48,454.0,0,0.0,0.0,,0.0,1,2.63,2.35,SPY220114C00482500,482.5,normalDay
2021-12-30,11059.0,2304.0,0.0,100,476.16,454.0,0,0.0,0.0,,0.0,1,2.63,1.75,SPY220114C00482500,482.5,normalDay
2021-12-31,11059.0,2232.0,0.0,100,474.96,454.0,0,0.0,0.0,,0.0,1,2.63,1.27,SPY220114C00482500,482.5,normalDay
2022-01-03,11059.0,2482.0,0.0,100,477.71,454.0,0,0.0,0.0,,0.0,1,2.63,1.52,SPY220114C00482500,482.5,normalDay
2022-01-04,11059.0,2485.0,0.0,100,477.55,454.0,0,0.0,0.0,,0.0,1,2.63,1.33,SPY220114C00482500,482.5,normalDay
2022-01-05,11059.0,1677.0,0.0,100,468.38,454.0,0,0.0,0.0,,0.0,1,2.63,0.24,SPY220114C00482500,482.5,normalDay
2022-01-06,11059.0,1645.0,0.0,100,467.94,454.0,0,0.0,0.0,,0.0,1,2.63,0.12,SPY220114C00482500,482.5,normalDay
2022-01-07,11059.0,1465.0,0.0,100,466.09,454.0,0,0.0,0.0,,0.0,1,2.63,0.07,SPY220114C00482500,482.5,normalDay
2022-01-10,11059.0,1411.0,0.0,100,465.51,454.0,0,0.0,0.0,,0.0,1,2.63,0.03,SPY220114C00482500,482.5,normalDay
2022-01-11,11059.0,1832.0,0.0,100,469.75,454.0,0,0.0,0.0,,0.0,1,2.63,0.06,SPY220114C00482500,482.5,normalDay
2022-01-12,11059.0,1961.0,0.0,100,471.02,454.0,0,0.0,0.0,,0.0,1,2.63,0.04,SPY220114C00482500,482.5,normalDay
2022-01-13,11059.0,1314.0,0.0,100,464.53,454.0,0,0.0,0.0,,0.0,1,2.63,0.02,SPY220114C00482500,482.5,normalDay
2022-01-14,11322.0,1072.0,263.0,100,464.72,454.0,0,0.0,0.0,,0.0,1,2.63,0.0,SPY220114C00482500,482.5,expirationDay
2022-01-18,11322.0,246.0,0.0,100,456.49,454.0,0,0.0,0.0,,0.0,1,0.05,0.08,SPY220204C00488000,488.0,normalDay
2022-01-19,11322.0,-225.0,0.0,100,451.75,454.0,0,0.0,0.0,,0.0,1,0.05,0.05,SPY220204C00488000,488.0,normalDay
2022-01-20,11322.0,-724.0,0.0,100,446.75,454.0,0,0.0,0.0,,0.0,1,0.05,0.04,SPY220204C00488000,488.0,normalDay
2022-01-21,11322.0,-1600.0,0.0,100,437.98,454.0,0,0.0,0.0,,0.0,1,0.05,0.03,SPY220204C00488000,488.0,normalDay
2022-01-24,11322.0,-1415.0,0.0,100,439.84,454.0,0,0.0,0.0,,0.0,1,0.05,0.04,SPY220204C00488000,488.0,normalDay
2022-01-25,11322.0,-1951.0,0.0,100,434.47,454.0,0,0.0,0.0,,0.0,1,0.05,0.03,SPY220204C00488000,488.0,normalDay
2022-01-26,11322.0,-2059.0,0.0,100,433.38,454.0,0,0.0,0.0,,0.0,1,0.05,0.02,SPY220204C00488000,488.0,normalDay
2022-01-27,11322.0,-2273.0,0.0,100,431.24,454.0,0,0.0,0.0,,0.0,1,0.05,0.02,SPY220204C00488000,488.0,normalDay
2022-01-28,11322.0,-1202.0,0.0,100,441.95,454.0,0,0.0,0.0,,0.0,1,0.05,0.02,SPY220204C00488000,488.0,normalDay
2022-01-31,11322.0,-405.0,0.0,100,449.91,454.0,0,0.0,0.0,,0.0,1,0.05,0.01,SPY220204C00488000,488.0,normalDay
2022-02-01,11322.0,-101.0,0.0,100,452.95,454.0,0,0.0,0.0,,0.0,1,0.05,0.01,SPY220204C00488000,488.0,normalDay
2022-02-02,11322.0,339.0,0.0,100,457.35,454.0,0,0.0,0.0,,0.0,1,0.05,0.01,SPY220204C00488000,488.0,normalDay
2022-02-03,11322.0,-736.0,0.0,100,446.6,454.0,0,0.0,0.0,,0.0,1,0.05,0.01,SPY220204C00488000,488.0,normalDay
2022-02-04,11327.0,-530.0,5.0,100,448.7,454.0,0,0.0,0.0,,0.0,1,0.05,0.0,SPY220204C00488000,488.0,expirationDay
2022-02-07,11327.0,-677.0,0.0,100,447.26,454.0,0,0.0,0.0,,0.0,1,0.03,0.06,SPY220225C00483000,483.0,normalDay
2022-02-08,11327.0,-310.0,0.0,100,450.94,454.0,0,0.0,0.0,,0.0,1,0.03,0.07,SPY220225C00483000,483.0,normalDay
2022-02-09,11327.0,343.0,0.0,100,457.54,454.0,0,0.0,0.0,,0.0,1,0.03,0.14,SPY220225C00483000,483.0,normalDay
2022-02-10,11327.0,-470.0,0.0,100,449.32,454.0,0,0.0,0.0,,0.0,1,0.03,0.05,SPY220225C00483000,483.0,normalDay
2022-02-11,11327.0,-1354.0,0.0,100,440.46,454.0,0,0.0,0.0,,0.0,1,0.03,0.03,SPY220225C00483000,483.0,normalDay
2022-02-14,11327.0,-1498.0,0.0,100,439.02,454.0,0,0.0,0.0,,0.0,1,0.03,0.03,SPY220225C00483000,483.0,normalDay
2022-02-15,11327.0,-790.0,0.0,100,446.1,454.0,0,0.0,0.0,,0.0,1,0.03,0.03,SPY220225C00483000,483.0,normalDay
2022-02-16,11327.0,-738.0,0.0,100,446.6,454.0,0,0.0,0.0,,0.0,1,0.03,0.01,SPY220225C00483000,483.0,normalDay
2022-02-17,11327.0,-1692.0,0.0,100,437.06,454.0,0,0.0,0.0,,0.0,1,0.03,0.01,SPY220225C00483000,483.0,normalDay
2022-02-18,11327.0,-1975.0,0.0,100,434.23,454.0,0,0.0,0.0,,0.0,1,0.03,0.01,SPY220225C00483000,483.0,normalDay
2022-02-22,11327.0,-2441.0,0.0,100,429.57,454.0,0,0.0,0.0,,0.0,1,0.03,0.01,SPY220225C00483000,483.0,normalDay
2022-02-23,11327.0,-3203.0,0.0,100,421.95,454.0,0,0.0,0.0,,0.0,1,0.03,0.01,SPY220225C00483000,483.0,normalDay
2022-02-24,11327.0,-2568.0,0.0,100,428.3,454.0,0,0.0,0.0,,0.0,1,0.03,0.01,SPY220225C00483000,483.0,normalDay
2022-02-25,11330.0,-1625.0,3.0,100,437.75,454.0,0,0.0,0.0,,0.0,1,0.03,0.0,SPY220225C00483000,483.0,expirationDay
2022-02-28,11330.0,-1741.0,0.0,100,436.63,454.0,0,0.0,0.0,,0.0,1,0.28,0.32,SPY220318C00469000,469.0,normalDay
2022-03-01,11330.0,-2393.0,0.0,100,429.98,454.0,0,0.0,0.0,,0.0,1,0.28,0.19,SPY220318C00469000,469.0,normalDay
2022-03-02,11330.0,-1606.0,0.0,100,437.89,454.0,0,0.0,0.0,,0.0,1,0.28,0.23,SPY220318C00469000,469.0,normalDay
2022-03-03,11330.0,-1814.0,0.0,100,435.71,454.0,0,0.0,0.0,,0.0,1,0.28,0.13,SPY220318C00469000,469.0,normalDay
2022-03-04,11330.0,-2161.0,0.0,100,432.17,454.0,0,0.0,0.0,,0.0,1,0.28,0.06,SPY220318C00469000,469.0,normalDay
2022-03-07,11330.0,-3433.0,0.0,100,419.43,454.0,0,0.0,0.0,,0.0,1,0.28,0.04,SPY220318C00469000,469.0,normalDay
2022-03-08,11330.0,-3751.0,0.0,100,416.25,454.0,0,0.0,0.0,,0.0,1,0.28,0.04,SPY220318C00469000,469.0,normalDay
2022-03-09,11330.0,-2636.0,0.0,100,427.41,454.0,0,0.0,0.0,,0.0,1,0.28,0.05,SPY220318C00469000,469.0,normalDay
2022-03-10,11330.0,-2827.0,0.0,100,425.48,454.0,0,0.0,0.0,,0.0,1,0.28,0.03,SPY220318C00469000,469.0,normalDay
2022-03-11,11330.0,-3367.0,0.0,100,420.07,454.0,0,0.0,0.0,,0.0,1,0.28,0.02,SPY220318C00469000,469.0,normalDay
2022-03-14,11330.0,-3674.0,0.0,100,417.0,454.0,0,0.0,0.0,,0.0,1,0.28,0.02,SPY220318C00469000,469.0,normalDay
2022-03-15,11330.0,-2756.0,0.0,100,426.17,454.0,0,0.0,0.0,,0.0,1,0.28,0.01,SPY220318C00469000,469.0,normalDay
2022-03-16,11330.0,-1811.0,0.0,100,435.62,454.0,0,0.0,0.0,,0.0,1,0.28,0.01,SPY220318C00469000,469.0,normalDay
2022-03-17,11330.0,-1266.0,0.0,100,441.07,454.0,0,0.0,0.0,,0.0,1,0.28,0.01,SPY220318C00469000,469.0,normalDay
2022-03-18,11358.0,-948.0,28.0,100,444.52,454.0,0,0.0,0.0,,0.0,1,0.28,0.0,SPY220318C00469000,469.0,expirationDay
2022-03-21,11358.0,-966.0,0.0,100,444.39,454.0,0,0.0,0.0,,0.0,1,3.37,3.42,SPY220408C00454000,454.0,normalDay
2022-03-22,11358.0,-599.0,0.0,100,449.59,454.0,0,0.0,0.0,,0.0,1,3.37,4.95,SPY220408C00454000,454.0,normalDay
2022-03-23,11358.0,-954.0,0.0,100,443.8,454.0,0,0.0,0.0,,0.0,1,3.37,2.71,SPY220408C00454000,454.0,normalDay
2022-03-24,11358.0,-474.0,0.0,100,450.49,454.0,0,0.0,0.0,,0.0,1,3.37,4.6,SPY220408C00454000,454.0,normalDay
2022-03-25,11358.0,-302.0,0.0,100,452.69,454.0,0,0.0,0.0,,0.0,1,3.37,5.08,SPY220408C00454000,454.0,normalDay
2022-03-28,11358.0,-87.0,0.0,100,455.91,454.0,0,0.0,0.0,,0.0,1,3.37,6.15,SPY220408C00454000,454.0,normalDay
2022-03-29,11358.0,135.0,0.0,100,461.55,454.0,0,0.0,0.0,,0.0,1,3.37,9.57,SPY220408C00454000,454.0,normalDay
2022-03-30,11358.0,25.0,0.0,100,458.7,454.0,0,0.0,0.0,,0.0,1,3.37,7.82,SPY220408C00454000,454.0,normalDay
2022-03-31,11358.0,-254.0,0.0,100,451.64,454.0,0,0.0,0.0,,0.0,1,3.37,3.55,SPY220408C00454000,454.0,normalDay
2022-04-01,11358.0,-51.0,0.0,100,452.92,454.0,0,0.0,0.0,,0.0,1,3.37,2.8,SPY220408C00454000,454.0,normalDay
2022-04-04,11358.0,178.0,0.0,100,456.8,454.0,0,0.0,0.0,,0.0,1,3.37,4.39,SPY220408C00454000,454.0,normalDay
2022-04-05,11358.0,-126.0,0.0,100,451.03,454.0,0,0.0,0.0,,0.0,1,3.37,1.66,SPY220408C00454000,454.0,normalDay
2022-04-06,11358.0,-443.0,0.0,100,446.52,454.0,0,0.0,0.0,,0.0,1,3.37,0.32,SPY220408C00454000,454.0,normalDay
2022-04-07,11358.0,-208.0,0.0,100,448.77,454.0,0,0.0,0.0,,0.0,1,3.37,0.22,SPY220408C00454000,454.0,normalDay
2022-04-08,11695.0,-643.0,337.0,100,447.57,454.0,0,0.0,0.0,,0.0,1,3.37,0.0,SPY220408C00454000,454.0,expirationDay
2022-04-11,11695.0,-1411.0,0.0,100,439.92,454.0,0,0.0,0.0,,0.0,1,0.06,0.09,SPY220429C00470000,470.0,normalDay
2022-04-12,11695.0,-1572.0,0.0,100,438.29,454.0,0,0.0,0.0,,0.0,1,0.06,0.07,SPY220429C00470000,470.0,normalDay
2022-04-13,11695.0,-1070.0,0.0,100,443.31,454.0,0,0.0,0.0,,0.0,1,0.06,0.07,SPY220429C00470000,470.0,normalDay
2022-04-14,11695.0,-1619.0,0.0,100,437.79,454.0,0,0.0,0.0,,0.0,1,0.06,0.04,SPY220429C00470000,470.0,normalDay
2022-04-18,11695.0,-1599.0,0.0,100,437.97,454.0,0,0.0,0.0,,0.0,1,0.06,0.02,SPY220429C00470000,470.0,normalDay
2022-04-19,11695.0,-893.0,0.0,100,445.04,454.0,0,0.0,0.0,,0.0,1,0.06,0.03,SPY220429C00470000,470.0,normalDay
2022-04-20,11695.0,-926.0,0.0,100,444.71,454.0,0,0.0,0.0,,0.0,1,0.06,0.03,SPY220429C00470000,470.0,normalDay
2022-04-21,11695.0,-1590.0,0.0,100,438.06,454.0,0,0.0,0.0,,0.0,1,0.06,0.02,SPY220429C00470000,470.0,normalDay
2022-04-22,11695.0,-2792.0,0.0,100,426.04,454.0,0,0.0,0.0,,0.0,1,0.06,0.02,SPY220429C00470000,470.0,normalDay
2022-04-25,11695.0,-2544.0,0.0,100,428.51,454.0,0,0.0,0.0,,0.0,1,0.06,0.01,SPY220429C00470000,470.0,normalDay
2022-04-26,11695.0,-3785.0,0.0,100,416.1,454.0,0,0.0,0.0,,0.0,1,0.06,0.01,SPY220429C00470000,470.0,normalDay
2022-04-27,11695.0,-3668.0,0.0,100,417.27,454.0,0,0.0,0.0,,0.0,1,0.06,0.01,SPY220429C00470000,470.0,normalDay
2022-04-28,11695.0,-2614.0,0.0,100,427.81,454.0,0,0.0,0.0,,0.0,1,0.06,0.01,SPY220429C00470000,470.0,normalDay
2022-04-29,11701.0,-4200.0,6.0,100,412.0,454.0,0,0.0,0.0,,0.0,1,0.06,0.0,SPY220429C00470000,470.0,expirationDay
2022-05-02,11701.0,-3955.0,0.0,100,414.48,454.0,0,0.0,0.0,,0.0,1,0.01,0.04,SPY220520C00472000,472.0,normalDay
2022-05-03,11701.0,-3764.0,0.0,100,416.38,454.0,0,0.0,0.0,,0.0,1,0.01,0.03,SPY220520C00472000,472.0,normalDay
2022-05-04,11701.0,-2497.0,0.0,100,429.06,454.0,0,0.0,0.0,,0.0,1,0.01,0.04,SPY220520C00472000,472.0,normalDay
2022-05-05,11701.0,-4021.0,0.0,100,413.81,454.0,0,0.0,0.0,,0.0,1,0.01,0.03,SPY220520C00472000,472.0,normalDay
2022-05-06,11701.0,-4268.0,0.0,100,411.34,454.0,0,0.0,0.0,,0.0,1,0.01,0.03,SPY220520C00472000,472.0,normalDay
2022-05-09,11701.0,-5584.0,0.0,100,398.17,454.0,0,0.0,0.0,,0.0,1,0.01,0.02,SPY220520C00472000,472.0,normalDay
2022-05-10,11701.0,-5492.0,0.0,100,399.09,454.0,0,0.0,0.0,,0.0,1,0.01,0.02,SPY220520C00472000,472.0,normalDay
2022-05-11,11701.0,-6126.0,0.0,100,392.75,454.0,0,0.0,0.0,,0.0,1,0.01,0.02,SPY220520C00472000,472.0,normalDay
2022-05-12,11701.0,-6166.0,0.0,100,392.34,454.0,0,0.0,0.0,,0.0,1,0.01,0.01,SPY220520C00472000,472.0,normalDay
2022-05-13,11701.0,-5228.0,0.0,100,401.72,454.0,0,0.0,0.0,,0.0,1,0.01,0.01,SPY220520C00472000,472.0,normalDay
2022-05-16,11701.0,-5391.0,0.0,100,400.09,454.0,0,0.0,0.0,,0.0,1,0.01,0.01,SPY220520C00472000,472.0,normalDay
2022-05-17,11701.0,-4568.0,0.0,100,408.32,454.0,0,0.0,0.0,,0.0,1,0.01,0.01,SPY220520C00472000,472.0,normalDay
2022-05-18,11701.0,-6214.0,0.0,100,391.86,454.0,0,0.0,0.0,,0.0,1,0.01,0.01,SPY220520C00472000,472.0,normalDay
2022-05-19,11701.0,-6454.0,0.0,100,389.46,454.0,0,0.0,0.0,,0.0,1,0.01,0.01,SPY220520C00472000,472.0,normalDay
2022-05-20,11702.0,-6437.0,1.0,100,389.63,454.0,0,0.0,0.0,,0.0,1,0.01,0.0,SPY220520C00472000,472.0,expirationDay
2022-05-23,11702.0,-5711.0,0.0,100,396.92,454.0,0,0.0,0.0,,0.0,1,0.11,0.14,SPY220610C00439000,439.0,normalDay
2022-05-24,11702.0,-6012.0,0.0,100,393.89,454.0,0,0.0,0.0,,0.0,1,0.11,0.12,SPY220610C00439000,439.0,normalDay
2022-05-25,11702.0,-5663.0,0.0,100,397.37,454.0,0,0.0,0.0,,0.0,1,0.11,0.11,SPY220610C00439000,439.0,normalDay
2022-05-26,11702.0,-4876.0,0.0,100,405.31,454.0,0,0.0,0.0,,0.0,1,0.11,0.18,SPY220610C00439000,439.0,normalDay
2022-05-27,11702.0,-3914.0,0.0,100,415.26,454.0,0,0.0,0.0,,0.0,1,0.11,0.51,SPY220610C00439000,439.0,normalDay
2022-05-31,11702.0,-4116.0,0.0,100,412.93,454.0,0,0.0,0.0,,0.0,1,0.11,0.2,SPY220610C00439000,439.0,normalDay
2022-06-01,11702.0,-4438.0,0.0,100,409.59,454.0,0,0.0,0.0,,0.0,1,0.11,0.08,SPY220610C00439000,439.0,normalDay
2022-06-02,11702.0,-3666.0,0.0,100,417.39,454.0,0,0.0,0.0,,0.0,1,0.11,0.16,SPY220610C00439000,439.0,normalDay
2022-06-03,11702.0,-4339.0,0.0,100,410.54,454.0,0,0.0,0.0,,0.0,1,0.11,0.04,SPY220610C00439000,439.0,normalDay
2022-06-06,11702.0,-4213.0,0.0,100,411.79,454.0,0,0.0,0.0,,0.0,1,0.11,0.03,SPY220610C00439000,439.0,normalDay
2022-06-07,11702.0,-3817.0,0.0,100,415.74,454.0,0,0.0,0.0,,0.0,1,0.11,0.02,SPY220610C00439000,439.0,normalDay
2022-06-08,11702.0,-4268.0,0.0,100,411.22,454.0,0,0.0,0.0,,0.0,1,0.11,0.01,SPY220610C00439000,439.0,normalDay
2022-06-09,11702.0,-5246.0,0.0,100,401.44,454.0,0,0.0,0.0,,0.0,1,0.11,0.01,SPY220610C00439000,439.0,normalDay
2022-06-10,11713.0,-6420.0,11.0,100,389.8,454.0,0,0.0,0.0,,0.0,1,0.11,0.0,SPY220610C00439000,439.0,expirationDay
2022-06-13,11713.0,-7903.0,0.0,100,375.0,454.0,0,0.0,0.0,,0.0,1,0.07,0.1,SPY220701C00433000,433.0,normalDay
2022-06-14,11713.0,-8014.0,0.0,100,373.87,454.0,0,0.0,0.0,,0.0,1,0.07,0.08,SPY220701C00433000,433.0,normalDay
2022-06-15,11713.0,-7480.0,0.0,100,379.2,454.0,0,0.0,0.0,,0.0,1,0.07,0.07,SPY220701C00433000,433.0,normalDay
2022-06-16,11713.0,-8732.0,0.0,100,366.65,454.0,0,0.0,0.0,,0.0,1,0.07,0.04,SPY220701C00433000,433.0,normalDay
2022-06-17,11713.0,-8811.0,0.0,100,365.86,454.0,0,0.0,0.0,,0.0,1,0.07,0.04,SPY220701C00433000,433.0,normalDay
2022-06-21,11713.0,-7889.0,0.0,100,375.07,454.0,0,0.0,0.0,,0.0,1,0.07,0.03,SPY220701C00433000,433.0,normalDay
2022-06-22,11713.0,-7957.0,0.0,100,374.39,454.0,0,0.0,0.0,,0.0,1,0.07,0.03,SPY220701C00433000,433.0,normalDay
2022-06-23,11713.0,-7589.0,0.0,100,378.06,454.0,0,0.0,0.0,,0.0,1,0.07,0.02,SPY220701C00433000,433.0,normalDay
2022-06-24,11713.0,-6388.0,0.0,100,390.08,454.0,0,0.0,0.0,,0.0,1,0.07,0.03,SPY220701C00433000,433.0,normalDay
2022-06-27,11713.0,-6536.0,0.0,100,388.59,454.0,0,0.0,0.0,,0.0,1,0.07,0.02,SPY220701C00433000,433.0,normalDay
2022-06-28,11713.0,-7329.0,0.0,100,380.65,454.0,0,0.0,0.0,,0.0,1,0.07,0.01,SPY220701C00433000,433.0,normalDay
2022-06-29,11713.0,-7360.0,0.0,100,380.34,454.0,0,0.0,0.0,,0.0,1,0.07,0.01,SPY220701C00433000,433.0,normalDay
2022-06-30,11713.0,-7669.0,0.0,100,377.25,454.0,0,0.0,0.0,,0.0,1,0.07,0.01,SPY220701C00433000,433.0,normalDay
2022-07-01,11720.0,-7276.0,7.0,100,381.24,454.0,0,0.0,0.0,,0.0,1,0.07,0.0,SPY220701C00433000,433.0,expirationDay
2022-07-05,11720.0,-7207.0,0.0,100,381.96,454.0,0,0.0,0.0,,0.0,1,0.05,0.08,SPY220722C00424000,424.0,normalDay
2022-07-06,11720.0,-7077.0,0.0,100,383.25,454.0,0,0.0,0.0,,0.0,1,0.05,0.07,SPY220722C00424000,424.0,normalDay
2022-07-07,11720.0,-6505.0,0.0,100,388.99,454.0,0,0.0,0.0,,0.0,1,0.05,0.09,SPY220722C00424000,424.0,normalDay
2022-07-08,11720.0,-6533.0,0.0,100,388.67,454.0,0,0.0,0.0,,0.0,1,0.05,0.05,SPY220722C00424000,424.0,normalDay
2022-07-11,11720.0,-6974.0,0.0,100,384.23,454.0,0,0.0,0.0,,0.0,1,0.05,0.02,SPY220722C00424000,424.0,normalDay
2022-07-12,11720.0,-7314.0,0.0,100,380.83,454.0,0,0.0,0.0,,0.0,1,0.05,0.02,SPY220722C00424000,424.0,normalDay
2022-07-13,11720.0,-7514.0,0.0,100,378.83,454.0,0,0.0,0.0,,0.0,1,0.05,0.02,SPY220722C00424000,424.0,normalDay
2022-07-14,11720.0,-7605.0,0.0,100,377.91,454.0,0,0.0,0.0,,0.0,1,0.05,0.01,SPY220722C00424000,424.0,normalDay
2022-07-15,11720.0,-6883.0,0.0,100,385.13,454.0,0,0.0,0.0,,0.0,1,0.05,0.01,SPY220722C00424000,424.0,normalDay
2022-07-18,11720.0,-7201.0,0.0,100,381.95,454.0,0,0.0,0.0,,0.0,1,0.05,0.01,SPY220722C00424000,424.0,normalDay
2022-07-19,11720.0,-6169.0,0.0,100,392.27,454.0,0,0.0,0.0,,0.0,1,0.05,0.01,SPY220722C00424000,424.0,normalDay
2022-07-20,11720.0,-5919.0,0.0,100,394.77,454.0,0,0.0,0.0,,0.0,1,0.05,0.01,SPY220722C00424000,424.0,normalDay
2022-07-21,11720.0,-5517.0,0.0,100,398.79,454.0,0,0.0,0.0,,0.0,1,0.05,0.01,SPY220722C00424000,424.0,normalDay
2022-07-22,11725.0,-5891.0,5.0,100,395.09,454.0,0,0.0,0.0,,0.0,1,0.05,0.0,SPY220722C00424000,424.0,expirationDay
2022-07-25,11725.0,-5848.0,0.0,100,395.57,454.0,0,0.0,0.0,,0.0,1,3.78,3.83,SPY220812C00404000,404.0,normalDay
2022-07-26,11725.0,-6194.0,0.0,100,390.89,454.0,0,0.0,0.0,,0.0,1,3.78,2.61,SPY220812C00404000,404.0,normalDay
2022-07-27,11725.0,-5436.0,0.0,100,401.04,454.0,0,0.0,0.0,,0.0,1,3.78,5.18,SPY220812C00404000,404.0,normalDay
2022-07-28,11725.0,-5261.0,0.0,100,406.07,454.0,0,0.0,0.0,,0.0,1,3.78,8.46,SPY220812C00404000,404.0,normalDay
2022-07-29,11725.0,-4951.0,0.0,100,411.99,454.0,0,0.0,0.0,,0.0,1,3.78,11.28,SPY220812C00404000,404.0,normalDay
2022-08-01,11725.0,-4989.0,0.0,100,410.77,454.0,0,0.0,0.0,,0.0,1,3.78,10.44,SPY220812C00404000,404.0,normalDay
2022-08-02,11725.0,-5059.0,0.0,100,408.06,454.0,0,0.0,0.0,,0.0,1,3.78,8.43,SPY220812C00404000,404.0,normalDay
2022-08-03,11725.0,-4802.0,0.0,100,414.45,454.0,0,0.0,0.0,,0.0,1,3.78,12.25,SPY220812C00404000,404.0,normalDay
2022-08-04,11725.0,-4805.0,0.0,100,414.17,454.0,0,0.0,0.0,,0.0,1,3.78,12.0,SPY220812C00404000,404.0,normalDay
2022-08-05,11725.0,-4739.0,0.0,100,413.47,454.0,0,0.0,0.0,,0.0,1,3.78,10.64,SPY220812C00404000,404.0,normalDay
2022-08-08,11725.0,-4754.0,0.0,100,412.99,454.0,0,0.0,0.0,,0.0,1,3.78,10.31,SPY220812C00404000,404.0,normalDay
2022-08-09,11725.0,-4778.0,0.0,100,411.35,454.0,0,0.0,0.0,,0.0,1,3.78,8.91,SPY220812C00404000,404.0,normalDay
2022-08-10,11725.0,-4620.0,0.0,100,419.99,454.0,0,0.0,0.0,,0.0,1,3.78,15.97,SPY220812C00404000,404.0,normalDay
2022-08-11,11725.0,-4691.0,0.0,100,419.99,454.0,0,0.0,0.0,,0.0,1,3.78,16.68,SPY220812C00404000,404.0,normalDay
2022-08-12,7103.0,-4691.0,-4622.0,0,427.1,0.0,0,0.0,0.0,,0.0,1,3.78,0.0,SPY220812C00404000,404.0,expirationDay
2022-08-15,7103.0,-3.0,0.0,0,428.86,0.0,1,0.09,0.12,SPY220826P00382500,382.5,0,0.0,0.0,,0.0,normalDay
2022-08-16,7103.0,-1.0,0.0,0,429.7,0.0,1,0.09,0.1,SPY220826P00382500,382.5,0,0.0,0.0,,0.0,normalDay
2022-08-17,7103.0,2.0,0.0,0,426.65,0.0,1,0.09,0.07,SPY220826P00382500,382.5,0,0.0,0.0,,0.0,normalDay
2022-08-18,7103.0,4.0,0.0,0,427.89,0.0,1,0.09,0.05,SPY220826P00382500,382.5,0,0.0,0.0,,0.0,normalDay
2022-08-19,7103.0,5.0,0.0,0,422.14,0.0,1,0.09,0.04,SPY220826P00382500,382.5,0,0.0,0.0,,0.0,normalDay
2022-08-22,7103.0,3.0,0.0,0,413.35,0.0,1,0.09,0.06,SPY220826P00382500,382.5,0,0.0,0.0,,0.0,normalDay
2022-08-23,7103.0,3.0,0.0,0,412.35,0.0,1,0.09,0.06,SPY220826P00382500,382.5,0,0.0,0.0,,0.0,normalDay
2022-08-24,7103.0,7.0,0.0,0,413.67,0.0,1,0.09,0.02,SPY220826P00382500,382.5,0,0.0,0.0,,0.0,normalDay
2022-08-25,7103.0,7.0,0.0,0,419.51,0.0,1,0.09,0.02,SPY220826P00382500,382.5,0,0.0,0.0,,0.0,normalDay
2022-08-26,7112.0,0.0,9.0,0,405.31,0.0,1,0.09,0.0,SPY220826P00382500,382.5,0,0.0,0.0,,0.0,expirationDay
2022-08-29,7112.0,-4.0,0.0,0,402.63,0.0,1,4.84,4.88,SPY220909P00399000,399.0,0,0.0,0.0,,0.0,normalDay
2022-08-30,7112.0,-150.0,0.0,0,398.21,0.0,1,4.84,6.34,SPY220909P00399000,399.0,0,0.0,0.0,,0.0,normalDay
2022-08-31,7112.0,-251.0,0.0,0,395.18,0.0,1,4.84,7.35,SPY220909P00399000,399.0,0,0.0,0.0,,0.0,normalDay
2022-09-01,7112.0,-151.0,0.0,0,396.42,0.0,1,4.84,6.35,SPY220909P00399000,399.0,0,0.0,0.0,,0.0,normalDay
2022-09-02,7112.0,-336.0,0.0,0,392.24,0.0,1,4.84,8.2,SPY220909P00399000,399.0,0,0.0,0.0,,0.0,normalDay
2022-09-06,7112.0,-469.0,0.0,0,390.76,0.0,1,4.84,9.53,SPY220909P00399000,399.0,0,0.0,0.0,,0.0,normalDay
2022-09-07,7112.0,112.0,0.0,0,397.78,0.0,1,4.84,3.72,SPY220909P00399000,399.0,0,0.0,0.0,,0.0,normalDay
2022-09-08,7112.0,364.0,0.0,0,400.38,0.0,1,4.84,1.2,SPY220909P00399000,399.0,0,0.0,0.0,,0.0,normalDay
2022-09-09,7596.0,0.0,484.0,0,406.6,0.0,1,4.84,0.0,SPY220909P00399000,399.0,0,0.0,0.0,,0.0,expirationDay
2022-09-12,7596.0,-3.0,0.0,0,410.97,0.0,1,0.58,0.61,SPY220923P00380000,380.0,0,0.0,0.0,,0.0,normalDay
2022-09-13,7596.0,-227.0,0.0,0,393.1,0.0,1,0.58,2.85,SPY220923P00380000,380.0,0,0.0,0.0,,0.0,normalDay
2022-09-14,7596.0,-166.0,0.0,0,394.6,0.0,1,0.58,2.24,SPY220923P00380000,380.0,0,0.0,0.0,,0.0,normalDay
2022-09-15,7596.0,-208.0,0.0,0,390.12,0.0,1,0.58,2.66,SPY220923P00380000,380.0,0,0.0,0.0,,0.0,normalDay
2022-09-16,7596.0,-275.0,0.0,0,385.56,0.0,1,0.58,3.33,SPY220923P00380000,380.0,0,0.0,0.0,,0.0,normalDay
2022-09-19,7596.0,-153.0,0.0,0,388.55,0.0,1,0.58,2.11,SPY220923P00380000,380.0,0,0.0,0.0,,0.0,normalDay
2022-09-20,7596.0,-277.0,0.0,0,384.09,0.0,1,0.58,3.35,SPY220923P00380000,380.0,0,0.0,0.0,,0.0,normalDay
2022-09-21,7596.0,-485.0,0.0,0,377.39,0.0,1,0.58,5.43,SPY220923P00380000,380.0,0,0.0,0.0,,0.0,normalDay
2022-09-22,7596.0,-539.0,0.0,0,374.22,0.0,1,0.58,5.97,SPY220923P00380000,380.0,0,0.0,0.0,,0.0,normalDay
2022-09-23,7654.0,-1205.0,58.0,100,367.95,380.0,1,0.58,0.0,SPY220923P00380000,380.0,0,0.0,0.0,,0.0,expirationDay
2022-09-26,7654.0,-1572.0,0.0,100,364.31,380.0,0,0.0,0.0,,0.0,1,0.02,0.05,SPY221014C00423000,423.0,normalDay
2022-09-27,7654.0,-1664.0,0.0,100,363.38,380.0,0,0.0,0.0,,0.0,1,0.02,0.04,SPY221014C00423000,423.0,normalDay
2022-09-28,7654.0,-951.0,0.0,100,370.53,380.0,0,0.0,0.0,,0.0,1,0.02,0.06,SPY221014C00423000,423.0,normalDay
2022-09-29,7654.0,-1722.0,0.0,100,362.79,380.0,0,0.0,0.0,,0.0,1,0.02,0.03,SPY221014C00423000,423.0,normalDay
2022-09-30,7654.0,-2282.0,0.0,100,357.18,380.0,0,0.0,0.0,,0.0,1,0.02,0.02,SPY221014C00423000,423.0,normalDay
2022-10-03,7654.0,-1339.0,0.0,100,366.61,380.0,0,0.0,0.0,,0.0,1,0.02,0.02,SPY221014C00423000,423.0,normalDay
2022-10-04,7654.0,-206.0,0.0,100,377.97,380.0,0,0.0,0.0,,0.0,1,0.02,0.05,SPY221014C00423000,423.0,normalDay
2022-10-05,7654.0,-292.0,0.0,100,377.09,380.0,0,0.0,0.0,,0.0,1,0.02,0.03,SPY221014C00423000,423.0,normalDay
2022-10-06,7654.0,-680.0,0.0,100,373.2,380.0,0,0.0,0.0,,0.0,1,0.02,0.02,SPY221014C00423000,423.0,normalDay
2022-10-07,7654.0,-1720.0,0.0,100,362.79,380.0,0,0.0,0.0,,0.0,1,0.02,0.01,SPY221014C00423000,423.0,normalDay
2022-10-10,7654.0,-1997.0,0.0,100,360.02,380.0,0,0.0,0.0,,0.0,1,0.02,0.01,SPY221014C00423000,423.0,normalDay
2022-10-11,7654.0,-2225.0,0.0,100,357.74,380.0,0,0.0,0.0,,0.0,1,0.02,0.01,SPY221014C00423000,423.0,normalDay
2022-10-12,7654.0,-2343.0,0.0,100,356.56,380.0,0,0.0,0.0,,0.0,1,0.02,0.01,SPY221014C00423000,423.0,normalDay
2022-10-13,7654.0,-1402.0,0.0,100,365.97,380.0,0,0.0,0.0,,0.0,1,0.02,0.01,SPY221014C00423000,423.0,normalDay
2022-10-14,7656.0,-2237.0,2.0,100,357.63,380.0,0,0.0,0.0,,0.0,1,0.02,0.0,SPY221014C00423000,423.0,expirationDay
2022-10-17,7656.0,-1322.0,0.0,100,366.82,380.0,0,0.0,0.0,,0.0,1,2.17,2.21,SPY221104C00389000,389.0,normalDay
2022-10-18,7656.0,-969.0,0.0,100,371.13,380.0,0,0.0,0.0,,0.0,1,2.17,2.99,SPY221104C00389000,389.0,normalDay
2022-10-19,7656.0,-1131.0,0.0,100,368.5,380.0,0,0.0,0.0,,0.0,1,2.17,1.98,SPY221104C00389000,389.0,normalDay
2022-10-20,7656.0,-1368.0,0.0,100,365.41,380.0,0,0.0,0.0,,0.0,1,2.17,1.26,SPY221104C00389000,389.0,normalDay
2022-10-21,7656.0,-642.0,0.0,100,374.29,380.0,0,0.0,0.0,,0.0,1,2.17,2.88,SPY221104C00389000,389.0,normalDay
2022-10-24,7656.0,-301.0,0.0,100,378.87,380.0,0,0.0,0.0,,0.0,1,2.17,4.05,SPY221104C00389000,389.0,normalDay
2022-10-25,7656.0,199.0,0.0,100,384.92,380.0,0,0.0,0.0,,0.0,1,2.17,5.1,SPY221104C00389000,389.0,normalDay
2022-10-26,7656.0,-12.0,0.0,100,382.02,380.0,0,0.0,0.0,,0.0,1,2.17,4.31,SPY221104C00389000,389.0,normalDay
2022-10-27,7656.0,20.0,0.0,100,379.98,380.0,0,0.0,0.0,,0.0,1,2.17,1.95,SPY221104C00389000,389.0,normalDay
2022-10-28,7656.0,499.0,0.0,100,389.02,380.0,0,0.0,0.0,,0.0,1,2.17,6.2,SPY221104C00389000,389.0,normalDay
2022-10-31,7656.0,432.0,0.0,100,386.21,380.0,0,0.0,0.0,,0.0,1,2.17,4.06,SPY221104C00389000,389.0,normalDay
2022-11-01,7656.0,380.0,0.0,100,384.52,380.0,0,0.0,0.0,,0.0,1,2.17,2.89,SPY221104C00389000,389.0,normalDay
2022-11-02,7656.0,-323.0,0.0,100,374.87,380.0,0,0.0,0.0,,0.0,1,2.17,0.27,SPY221104C00389000,389.0,normalDay
2022-11-03,7656.0,-685.0,0.0,100,371.01,380.0,0,0.0,0.0,,0.0,1,2.17,0.03,SPY221104C00389000,389.0,normalDay
2022-11-04,7873.0,-365.0,217.0,100,376.35,380.0,0,0.0,0.0,,0.0,1,2.17,0.0,SPY221104C00389000,389.0,expirationDay
2022-11-07,7873.0,-8.0,0.0,100,379.95,380.0,0,0.0,0.0,,0.0,1,1.49,1.52,SPY221125C00400000,400.0,normalDay
2022-11-08,7873.0,169.0,0.0,100,382.0,380.0,0,0.0,0.0,,0.0,1,1.49,1.8,SPY221125C00400000,400.0,normalDay
2022-11-09,7873.0,-511.0,0.0,100,374.13,380.0,0,0.0,0.0,,0.0,1,1.49,0.73,SPY221125C00400000,400.0,normalDay
2022-11-10,7873.0,1118.0,0.0,100,394.69,380.0,0,0.0,0.0,,0.0,1,1.49,5.0,SPY221125C00400000,400.0,normalDay
2022-11-11,7873.0,1455.0,0.0,100,398.51,380.0,0,0.0,0.0,,0.0,1,1.49,5.45,SPY221125C00400000,400.0,normalDay
2022-11-14,7873.0,1293.0,0.0,100,395.12,380.0,0,0.0,0.0,,0.0,1,1.49,3.68,SPY221125C00400000,400.0,normalDay
2022-11-15,7873.0,1513.0,0.0,100,398.49,380.0,0,0.0,0.0,,0.0,1,1.49,4.85,SPY221125C00400000,400.0,normalDay
2022-11-16,7873.0,1407.0,0.0,100,395.45,380.0,0,0.0,0.0,,0.0,1,1.49,2.87,SPY221125C00400000,400.0,normalDay
2022-11-17,7873.0,1370.0,0.0,100,394.24,380.0,0,0.0,0.0,,0.0,1,1.49,2.03,SPY221125C00400000,400.0,normalDay
2022-11-18,7873.0,1574.0,0.0,100,396.03,380.0,0,0.0,0.0,,0.0,1,1.49,1.78,SPY221125C00400000,400.0,normalDay
2022-11-21,7873.0,1534.0,0.0,100,394.59,380.0,0,0.0,0.0,,0.0,1,1.49,0.74,SPY221125C00400000,400.0,normalDay
2022-11-22,7873.0,1943.0,0.0,100,399.9,380.0,0,0.0,0.0,,0.0,1,1.49,1.96,SPY221125C00400000,400.0,normalDay
2022-11-23,7873.0,2109.0,0.0,100,402.42,380.0,0,0.0,0.0,,0.0,1,1.49,2.82,SPY221125C00400000,400.0,normalDay
2022-11-25,10022.0,2109.0,2149.0,0,402.33,0.0,0,0.0,0.0,,0.0,1,1.49,0.0,SPY221125C00400000,400.0,expirationDay
2022-11-28,10022.0,-3.0,0.0,0,395.91,0.0,1,0.18,0.21,SPY221209P00366000,366.0,0,0.0,0.0,,0.0,normalDay
2022-11-29,10022.0,-1.0,0.0,0,395.23,0.0,1,0.18,0.19,SPY221209P00366000,366.0,0,0.0,0.0,,0.0,normalDay
2022-11-30,10022.0,9.0,0.0,0,407.68,0.0,1,0.18,0.09,SPY221209P00366000,366.0,0,0.0,0.0,,0.0,normalDay
2022-12-01,10022.0,13.0,0.0,0,407.38,0.0,1,0.18,0.05,SPY221209P00366000,366.0,0,0.0,0.0,,0.0,normalDay
2022-12-02,10022.0,14.0,0.0,0,406.91,0.0,1,0.18,0.04,SPY221209P00366000,366.0,0,0.0,0.0,,0.0,normalDay
2022-12-05,10022.0,15.0,0.0,0,399.59,0.0,1,0.18,0.03,SPY221209P00366000,366.0,0,0.0,0.0,,0.0,normalDay
2022-12-06,10022.0,12.0,0.0,0,393.83,0.0,1,0.18,0.06,SPY221209P00366000,366.0,0,0.0,0.0,,0.0,normalDay
2022-12-07,10022.0,15.0,0.0,0,393.16,0.0,1,0.18,0.03,SPY221209P00366000,366.0,0,0.0,0.0,,0.0,normalDay
2022-12-08,10022.0,16.0,0.0,0,396.24,0.0,1,0.18,0.02,SPY221209P00366000,366.0,0,0.0,0.0,,0.0,normalDay
2022-12-09,10040.0,0.0,18.0,0,393.28,0.0,1,0.18,0.0,SPY221209P00366000,366.0,0,0.0,0.0,,0.0,expirationDay
2022-12-12,10040.0,-4.0,0.0,0,398.95,0.0,1,3.71,3.75,SPY221223P00387500,387.5,0,0.0,0.0,,0.0,normalDay
2022-12-13,10040.0,205.0,0.0,0,401.97,0.0,1,3.71,1.66,SPY221223P00387500,387.5,0,0.0,0.0,,0.0,normalDay
2022-12-14,10040.0,240.0,0.0,0,399.4,0.0,1,3.71,1.31,SPY221223P00387500,387.5,0,0.0,0.0,,0.0,normalDay
2022-12-15,10040.0,-47.0,0.0,0,389.63,0.0,1,3.71,4.18,SPY221223P00387500,387.5,0,0.0,0.0,,0.0,normalDay
2022-12-16,10040.0,-272.0,0.0,0,383.27,0.0,1,3.71,6.43,SPY221223P00387500,387.5,0,0.0,0.0,,0.0,normalDay
2022-12-19,10040.0,-467.0,0.0,0,380.02,0.0,1,3.71,8.38,SPY221223P00387500,387.5,0,0.0,0.0,,0.0,normalDay
2022-12-20,10040.0,-369.0,0.0,0,380.54,0.0,1,3.71,7.4,SPY221223P00387500,387.5,0,0.0,0.0,,0.0,normalDay
2022-12-21,10040.0,93.0,0.0,0,386.23,0.0,1,3.71,2.78,SPY221223P00387500,387.5,0,0.0,0.0,,0.0,normalDay
2022-12-22,10040.0,-328.0,0.0,0,380.72,0.0,1,3.71,6.99,SPY221223P00387500,387.5,0,0.0,0.0,,0.0,normalDay
2022-12-23,10411.0,-459.0,371.0,100,382.91,387.5,1,3.71,0.0,SPY221223P00387500,387.5,0,0.0,0.0,,0.0,expirationDay
2022-12-27,10411.0,-613.0,0.0,100,381.4,387.5,0,0.0,0.0,,0.0,1,0.1,0.13,SPY230113C00418000,418.0,normalDay
2022-12-28,10411.0,-1081.0,0.0,100,376.66,387.5,0,0.0,0.0,,0.0,1,0.1,0.07,SPY230113C00418000,418.0,normalDay
2022-12-29,10411.0,-406.0,0.0,100,383.44,387.5,0,0.0,0.0,,0.0,1,0.1,0.1,SPY230113C00418000,418.0,normalDay
2022-12-30,10411.0,-503.0,0.0,100,382.43,387.5,0,0.0,0.0,,0.0,1,0.1,0.06,SPY230113C00418000,418.0,normalDay
2023-01-03,10411.0,-662.0,0.0,100,380.82,387.5,0,0.0,0.0,,0.0,1,0.1,0.04,SPY230113C00418000,418.0,normalDay
2023-01-04,10411.0,-368.0,0.0,100,383.76,387.5,0,0.0,0.0,,0.0,1,0.1,0.04,SPY230113C00418000,418.0,normalDay
2023-01-05,10411.0,-804.0,0.0,100,379.38,387.5,0,0.0,0.0,,0.0,1,0.1,0.02,SPY230113C00418000,418.0,normalDay
2023-01-06,10411.0,66.0,0.0,100,388.08,387.5,0,0.0,0.0,,0.0,1,0.1,0.02,SPY230113C00418000,418.0,normalDay
2023-01-09,10411.0,44.0,0.0,100,387.86,387.5,0,0.0,0.0,,0.0,1,0.1,0.02,SPY230113C00418000,418.0,normalDay
2023-01-10,10411.0,316.0,0.0,100,390.58,387.5,0,0.0,0.0,,0.0,1,0.1,0.02,SPY230113C00418000,418.0,normalDay
2023-01-11,10411.0,809.0,0.0,100,395.52,387.5,0,0.0,0.0,,0.0,1,0.1,0.03,SPY230113C00418000,418.0,normalDay
2023-01-12,10411.0,955.0,0.0,100,396.96,387.5,0,0.0,0.0,,0.0,1,0.1,0.01,SPY230113C00418000,418.0,normalDay
2023-01-13,10421.0,1100.0,10.0,100,398.5,387.5,0,0.0,0.0,,0.0,1,0.1,0.0,SPY230113C00418000,418.0,expirationDay
2023-01-17,10421.0,1023.0,0.0,100,397.77,387.5,0,0.0,0.0,,0.0,1,3.68,3.72,SPY230203C00404000,404.0,normalDay
2023-01-18,10421.0,592.0,0.0,100,391.49,387.5,0,0.0,0.0,,0.0,1,3.68,1.75,SPY230203C00404000,404.0,normalDay
2023-01-19,10421.0,374.0,0.0,100,388.64,387.5,0,0.0,0.0,,0.0,1,3.68,1.08,SPY230203C00404000,404.0,normalDay
2023-01-20,10421.0,948.0,0.0,100,395.88,387.5,0,0.0,0.0,,0.0,1,3.68,2.58,SPY230203C00404000,404.0,normalDay
2023-01-23,10421.0,1265.0,0.0,100,400.63,387.5,0,0.0,0.0,,0.0,1,3.68,4.16,SPY230203C00404000,404.0,normalDay
2023-01-24,10421.0,1199.0,0.0,100,400.2,387.5,0,0.0,0.0,,0.0,1,3.68,4.39,SPY230203C00404000,404.0,normalDay
2023-01-25,10421.0,1277.0,0.0,100,400.35,387.5,0,0.0,0.0,,0.0,1,3.68,3.76,SPY230203C00404000,404.0,normalDay
2023-01-26,10421.0,1540.0,0.0,100,404.75,387.5,0,0.0,0.0,,0.0,1,3.68,5.53,SPY230203C00404000,404.0,normalDay
2023-01-27,10421.0,1612.0,0.0,100,405.68,387.5,0,0.0,0.0,,0.0,1,3.68,5.74,SPY230203C00404000,404.0,normalDay
2023-01-30,10421.0,1319.0,0.0,100,400.59,387.5,0,0.0,0.0,,0.0,1,3.68,3.58,SPY230203C00404000,404.0,normalDay
2023-01-31,10421.0,1696.0,0.0,100,406.48,387.5,0,0.0,0.0,,0.0,1,3.68,5.7,SPY230203C00404000,404.0,normalDay
2023-02-01,10421.0,1829.0,0.0,100,410.8,387.5,0,0.0,0.0,,0.0,1,3.68,8.69,SPY230203C00404000,404.0,normalDay
2023-02-02,10421.0,2117.0,0.0,100,416.78,387.5,0,0.0,0.0,,0.0,1,3.68,11.79,SPY230203C00404000,404.0,normalDay
2023-02-03,12439.0,2117.0,2018.0,0,412.35,0.0,0,0.0,0.0,,0.0,1,3.68,0.0,SPY230203C00404000,404.0,expirationDay
2023-02-06,12439.0,-3.0,0.0,0,409.83,0.0,1,0.37,0.4,SPY230217P00382000,382.0,0,0.0,0.0,,0.0,normalDay
2023-02-07,12439.0,17.0,0.0,0,415.19,0.0,1,0.37,0.2,SPY230217P00382000,382.0,0,0.0,0.0,,0.0,normalDay
2023-02-08,12439.0,12.0,0.0,0,410.65,0.0,1,0.37,0.25,SPY230217P00382000,382.0,0,0.0,0.0,,0.0,normalDay
2023-02-09,12439.0,-1.0,0.0,0,407.09,0.0,1,0.37,0.38,SPY230217P00382000,382.0,0,0.0,0.0,,0.0,normalDay
2023-02-10,12439.0,15.0,0.0,0,408.04,0.0,1,0.37,0.22,SPY230217P00382000,382.0,0,0.0,0.0,,0.0,normalDay
2023-02-13,12439.0,26.0,0.0,0,412.83,0.0,1,0.37,0.11,SPY230217P00382000,382.0,0,0.0,0.0,,0.0,normalDay
2023-02-14,12439.0,32.0,0.0,0,412.64,0.0,1,0.37,0.05,SPY230217P00382000,382.0,0,0.0,0.0,,0.0,normalDay
2023-02-15,12439.0,34.0,0.0,0,413.98,0.0,1,0.37,0.03,SPY230217P00382000,382.0,0,0.0,0.0,,0.0,normalDay
2023-02-16,12439.0,28.0,0.0,0,408.28,0.0,1,0.37,0.09,SPY230217P00382000,382.0,0,0.0,0.0,,0.0,normalDay
2023-02-17,12476.0,0.0,37.0,0,407.26,0.0,1,0.37,0.0,SPY230217P00382000,382.0,0,0.0,0.0,,0.0,expirationDay
2023-02-21,12476.0,-4.0,0.0,0,399.09,0.0,1,3.68,3.72,SPY230303P00396000,396.0,0,0.0,0.0,,0.0,normalDay
2023-02-22,12476.0,38.0,0.0,0,398.54,0.0,1,3.68,3.3,SPY230303P00396000,396.0,0,0.0,0.0,,0.0,normalDay
2023-02-23,12476.0,147.0,0.0,0,400.66,0.0,1,3.68,2.21,SPY230303P00396000,396.0,0,0.0,0.0,,0.0,normalDay
2023-02-24,12476.0,17.0,0.0,0,396.38,0.0,1,3.68,3.51,SPY230303P00396000,396.0,0,0.0,0.0,,0.0,normalDay
2023-02-27,12476.0,150.0,0.0,0,397.73,0.0,1,3.68,2.18,SPY230303P00396000,396.0,0,0.0,0.0,,0.0,normalDay
2023-02-28,12476.0,102.0,0.0,0,396.26,0.0,1,3.68,2.66,SPY230303P00396000,396.0,0,0.0,0.0,,0.0,normalDay
2023-03-01,12476.0,78.0,0.0,0,394.74,0.0,1,3.68,2.9,SPY230303P00396000,396.0,0,0.0,0.0,,0.0,normalDay
2023-03-02,12476.0,279.0,0.0,0,397.81,0.0,1,3.68,0.89,SPY230303P00396000,396.0,0,0.0,0.0,,0.0,normalDay
2023-03-03,12844.0,0.0,368.0,0,404.19,0.0,1,3.68,0.0,SPY230303P00396000,396.0,0,0.0,0.0,,0.0,expirationDay
2023-03-06,12844.0,-3.0,0.0,0,404.47,0.0,1,1.22,1.25,SPY230317P00389000,389.0,0,0.0,0.0,,0.0,normalDay
2023-03-07,12844.0,-121.0,0.0,0,398.27,0.0,1,1.22,2.43,SPY230317P00389000,389.0,0,0.0,0.0,,0.0,normalDay
2023-03-08,12844.0,-86.0,0.0,0,398.92,0.0,1,1.22,2.08,SPY230317P00389000,389.0,0,0.0,0.0,,0.0,normalDay
2023-03-09,12844.0,-402.0,0.0,0,391.56,0.0,1,1.22,5.24,SPY230317P00389000,389.0,0,0.0,0.0,,0.0,normalDay
2023-03-10,12844.0,-651.0,0.0,0,385.91,0.0,1,1.22,7.73,SPY230317P00389000,389.0,0,0.0,0.0,,0.0,normalDay
2023-03-13,12844.0,-657.0,0.0,0,385.36,0.0,1,1.22,7.79,SPY230317P00389000,389.0,0,0.0,0.0,,0.0,normalDay
2023-03-14,12844.0,-190.0,0.0,0,391.73,0.0,1,1.22,3.12,SPY230317P00389000,389.0,0,0.0,0.0,,0.0,normalDay
2023-03-15,12844.0,-272.0,0.0,0,389.28,0.0,1,1.22,3.94,SPY230317P00389000,389.0,0,0.0,0.0,,0.0,normalDay
2023-03-16,12844.0,74.0,0.0,0,396.11,0.0,1,1.22,0.48,SPY230317P00389000,389.0,0,0.0,0.0,,0.0,normalDay
2023-03-17,12966.0,0.0,122.0,0,389.99,0.0,1,1.22,0.0,SPY230317P00389000,389.0,0,0.0,0.0,,0.0,expirationDay
2023-03-20,12966.0,-6.0,0.0,0,393.74,0.0,1,3.0,3.06,SPY230331P00383000,383.0,0,0.0,0.0,,0.0,normalDay
2023-03-21,12966.0,158.0,0.0,0,398.91,0.0,1,3.0,1.42,SPY230331P00383000,383.0,0,0.0,0.0,,0.0,normalDay
2023-03-22,12966.0,50.0,0.0,0,392.11,0.0,1,3.0,2.5,SPY230331P00383000,383.0,0,0.0,0.0,,0.0,normalDay
2023-03-23,12966.0,89.0,0.0,0,393.17,0.0,1,3.0,2.11,SPY230331P00383000,383.0,0,0.0,0.0,,0.0,normalDay
2023-03-24,12966.0,192.0,0.0,0,395.75,0.0,1,3.0,1.08,SPY230331P00383000,383.0,0,0.0,0.0,,0.0,normalDay
2023-03-27,12966.0,261.0,0.0,0,396.49,0.0,1,3.0,0.39,SPY230331P00383000,383.0,0,0.0,0.0,,0.0,normalDay
2023-03-28,12966.0,279.0,0.0,0,395.6,0.0,1,3.0,0.21,SPY230331P00383000,383.0,0,0.0,0.0,,0.0,normalDay
2023-03-29,12966.0,294.0,0.0,0,401.35,0.0,1,3.0,0.06,SPY230331P00383000,383.0,0,0.0,0.0,,0.0,normalDay
2023-03-30,12966.0,296.0,0.0,0,403.7,0.0,1,3.0,0.04,SPY230331P00383000,383.0,0,0.0,0.0,,0.0,normalDay
2023-03-31,13266.0,0.0,300.0,0,409.39,0.0,1,3.0,0.0,SPY230331P00383000,383.0,0,0.0,0.0,,0.0,expirationDay
2023-04-03,13266.0,-3.0,0.0,0,410.95,0.0,1,0.17,0.2,SPY230414P00380000,380.0,0,0.0,0.0,,0.0,normalDay
2023-04-04,13266.0,-2.0,0.0,0,408.67,0.0,1,0.17,0.19,SPY230414P00380000,380.0,0,0.0,0.0,,0.0,normalDay
2023-04-05,13266.0,3.0,0.0,0,407.6,0.0,1,0.17,0.14,SPY230414P00380000,380.0,0,0.0,0.0,,0.0,normalDay
2023-04-06,13266.0,11.0,0.0,0,409.19,0.0,1,0.17,0.06,SPY230414P00380000,380.0,0,0.0,0.0,,0.0,normalDay
2023-04-10,13266.0,13.0,0.0,0,409.61,0.0,1,0.17,0.04,SPY230414P00380000,380.0,0,0.0,0.0,,0.0,normalDay
2023-04-11,13266.0,13.0,0.0,0,409.72,0.0,1,0.17,0.04,SPY230414P00380000,380.0,0,0.0,0.0,,0.0,normalDay
2023-04-12,13266.0,14.0,0.0,0,408.05,0.0,1,0.17,0.03,SPY230414P00380000,380.0,0,0.0,0.0,,0.0,normalDay
2023-04-13,13266.0,15.0,0.0,0,413.47,0.0,1,0.17,0.02,SPY230414P00380000,380.0,0,0.0,0.0,,0.0,normalDay
2023-04-14,13283.0,0.0,17.0,0,412.46,0.0,1,0.17,0.0,SPY230414P00380000,380.0,0,0.0,0.0,,0.0,expirationDay
2023-04-17,13283.0,-3.0,0.0,0,413.94,0.0,1,0.16,0.19,SPY230428P00387000,387.0,0,0.0,0.0,,0.0,normalDay
2023-04-18,13283.0,-2.0,0.0,0,414.21,0.0,1,0.16,0.18,SPY230428P00387000,387.0,0,0.0,0.0,,0.0,normalDay
2023-04-19,13283.0,3.0,0.0,0,414.14,0.0,1,0.16,0.13,SPY230428P00387000,387.0,0,0.0,0.0,,0.0,normalDay
2023-04-20,13283.0,4.0,0.0,0,411.88,0.0,1,0.16,0.12,SPY230428P00387000,387.0,0,0.0,0.0,,0.0,normalDay
2023-04-21,13283.0,7.0,0.0,0,412.2,0.0,1,0.16,0.09,SPY230428P00387000,387.0,0,0.0,0.0,,0.0,normalDay
2023-04-24,13283.0,12.0,0.0,0,412.63,0.0,1,0.16,0.04,SPY230428P00387000,387.0,0,0.0,0.0,,0.0,normalDay
2023-04-25,13283.0,10.0,0.0,0,406.08,0.0,1,0.16,0.06,SPY230428P00387000,387.0,0,0.0,0.0,,0.0,normalDay
2023-04-26,13283.0,12.0,0.0,0,404.36,0.0,1,0.16,0.04,SPY230428P00387000,387.0,0,0.0,0.0,,0.0,normalDay
2023-04-27,13283.0,14.0,0.0,0,412.41,0.0,1,0.16,0.02,SPY230428P00387000,387.0,0,0.0,0.0,,0.0,normalDay
2023-04-28,13299.0,0.0,16.0,0,415.93,0.0,1,0.16,0.0,SPY230428P00387000,387.0,0,0.0,0.0,,0.0,expirationDay
2023-05-01,13299.0,-3.0,0.0,0,415.51,0.0,1,1.04,1.07,SPY230512P00404000,404.0,0,0.0,0.0,,0.0,normalDay
2023-05-02,13299.0,-115.0,0.0,0,410.84,0.0,1,1.04,2.19,SPY230512P00404000,404.0,0,0.0,0.0,,0.0,normalDay
2023-05-03,13299.0,-156.0,0.0,0,408.02,0.0,1,1.04,2.6,SPY230512P00404000,404.0,0,0.0,0.0,,0.0,normalDay
2023-05-04,13299.0,-296.0,0.0,0,405.13,0.0,1,1.04,4.0,SPY230512P00404000,404.0,0,0.0,0.0,,0.0,normalDay
2023-05-05,13299.0,12.0,0.0,0,412.63,0.0,1,1.04,0.92,SPY230512P00404000,404.0,0,0.0,0.0,,0.0,normalDay
2023-05-08,13299.0,53.0,0.0,0,412.74,0.0,1,1.04,0.51,SPY230512P00404000,404.0,0,0.0,0.0,,0.0,normalDay
2023-05-09,13299.0,41.0,0.0,0,410.93,0.0,1,1.04,0.63,SPY230512P00404000,404.0,0,0.0,0.0,,0.0,normalDay
2023-05-10,13299.0,88.0,0.0,0,412.85,0.0,1,1.04,0.16,SPY230512P00404000,404.0,0,0.0,0.0,,0.0,normalDay
2023-05-11,13299.0,98.0,0.0,0,412.13,0.0,1,1.04,0.06,SPY230512P00404000,404.0,0,0.0,0.0,,0.0,normalDay
2023-05-12,13403.0,0.0,104.0,0,411.59,0.0,1,1.04,0.0,SPY230512P00404000,404.0,0,0.0,0.0,,0.0,expirationDay
2023-05-15,13403.0,-3.0,0.0,0,413.01,0.0,1,1.21,1.24,SPY230526P00404000,404.0,0,0.0,0.0,,0.0,normalDay
2023-05-16,13403.0,-59.0,0.0,0,410.25,0.0,1,1.21,1.8,SPY230526P00404000,404.0,0,0.0,0.0,,0.0,normalDay
2023-05-17,13403.0,46.0,0.0,0,415.23,0.0,1,1.21,0.75,SPY230526P00404000,404.0,0,0.0,0.0,,0.0,normalDay
2023-05-18,13403.0,88.0,0.0,0,419.23,0.0,1,1.21,0.33,SPY230526P00404000,404.0,0,0.0,0.0,,0.0,normalDay
2023-05-19,13403.0,97.0,0.0,0,418.62,0.0,1,1.21,0.24,SPY230526P00404000,404.0,0,0.0,0.0,,0.0,normalDay
2023-05-22,13403.0,107.0,0.0,0,418.79,0.0,1,1.21,0.14,SPY230526P00404000,404.0,0,0.0,0.0,,0.0,normalDay
2023-05-23,13403.0,95.0,0.0,0,414.09,0.0,1,1.21,0.26,SPY230526P00404000,404.0,0,0.0,0.0,,0.0,normalDay
2023-05-24,13403.0,85.0,0.0,0,411.09,0.0,1,1.21,0.36,SPY230526P00404000,404.0,0,0.0,0.0,,0.0,normalDay
2023-05-25,13403.0,113.0,0.0,0,414.65,0.0,1,1.21,0.08,SPY230526P00404000,404.0,0,0.0,0.0,,0.0,normalDay
2023-05-26,13524.0,0.0,121.0,0,420.02,0.0,1,1.21,0.0,SPY230526P00404000,404.0,0,0.0,0.0,,0.0,expirationDay
2023-05-30,13524.0,-3.0,0.0,0,420.18,0.0,1,0.6,0.63,SPY230609P00404000,404.0,0,0.0,0.0,,0.0,normalDay
2023-05-31,13524.0,-5.0,0.0,0,417.85,0.0,1,0.6,0.65,SPY230609P00404000,404.0,0,0.0,0.0,,0.0,normalDay
2023-06-01,13524.0,37.0,0.0,0,421.82,0.0,1,0.6,0.23,SPY230609P00404000,404.0,0,0.0,0.0,,0.0,normalDay
2023-06-02,13524.0,52.0,0.0,0,427.92,0.0,1,0.6,0.08,SPY230609P00404000,404.0,0,0.0,0.0,,0.0,normalDay
2023-06-05,13524.0,56.0,0.0,0,427.1,0.0,1,0.6,0.04,SPY230609P00404000,404.0,0,0.0,0.0,,0.0,normalDay
2023-06-06,13524.0,56.0,0.0,0,428.03,0.0,1,0.6,0.04,SPY230609P00404000,404.0,0,0.0,0.0,,0.0,normalDay
2023-06-07,13524.0,57.0,0.0,0,426.55,0.0,1,0.6,0.03,SPY230609P00404000,404.0,0,0.0,0.0,,0.0,normalDay
2023-06-08,13524.0,58.0,0.0,0,429.13,0.0,1,0.6,0.02,SPY230609P00404000,404.0,0,0.0,0.0,,0.0,normalDay
2023-06-09,13584.0,0.0,60.0,0,429.9,0.0,1,0.6,0.0,SPY230609P00404000,404.0,0,0.0,0.0,,0.0,expirationDay
2023-06-12,13584.0,-3.0,0.0,0,433.8,0.0,1,0.2,0.23,SPY230623P00405000,405.0,0,0.0,0.0,,0.0,normalDay
2023-06-13,13584.0,2.0,0.0,0,436.66,0.0,1,0.2,0.18,SPY230623P00405000,405.0,0,0.0,0.0,,0.0,normalDay
2023-06-14,13584.0,9.0,0.0,0,437.18,0.0,1,0.2,0.11,SPY230623P00405000,405.0,0,0.0,0.0,,0.0,normalDay
2023-06-15,13584.0,10.0,0.0,0,442.6,0.0,1,0.2,0.1,SPY230623P00405000,405.0,0,0.0,0.0,,0.0,normalDay
2023-06-16,13584.0,16.0,0.0,0,439.46,0.0,1,0.2,0.04,SPY230623P00405000,405.0,0,0.0,0.0,,0.0,normalDay
2023-06-20,13584.0,17.0,0.0,0,437.18,0.0,1,0.2,0.03,SPY230623P00405000,405.0,0,0.0,0.0,,0.0,normalDay
2023-06-21,13584.0,18.0,0.0,0,434.94,0.0,1,0.2,0.02,SPY230623P00405000,405.0,0,0.0,0.0,,0.0,normalDay
2023-06-22,13584.0,19.0,0.0,0,436.51,0.0,1,0.2,0.01,SPY230623P00405000,405.0,0,0.0,0.0,,0.0,normalDay
2023-06-23,13604.0,0.0,20.0,0,433.21,0.0,1,0.2,0.0,SPY230623P00405000,405.0,0,0.0,0.0,,0.0,expirationDay
2023-06-26,13604.0,-3.0,0.0,0,431.44,0.0,1,0.33,0.36,SPY230707P00415000,415.0,0,0.0,0.0,,0.0,normalDay
2023-06-27,13604.0,15.0,0.0,0,436.17,0.0,1,0.33,0.18,SPY230707P00415000,415.0,0,0.0,0.0,,0.0,normalDay
2023-06-28,13604.0,21.0,0.0,0,436.39,0.0,1,0.33,0.12,SPY230707P00415000,415.0,0,0.0,0.0,,0.0,normalDay
2023-06-29,13604.0,23.0,0.0,0,438.11,0.0,1,0.33,0.1,SPY230707P00415000,415.0,0,0.0,0.0,,0.0,normalDay
2023-06-30,13604.0,27.0,0.0,0,443.28,0.0,1,0.33,0.06,SPY230707P00415000,415.0,0,0.0,0.0,,0.0,normalDay
2023-07-03,13604.0,28.0,0.0,0,443.79,0.0,1,0.33,0.05,SPY230707P00415000,415.0,0,0.0,0.0,,0.0,normalDay
2023-07-05,13604.0,30.0,0.0,0,443.13,0.0,1,0.33,0.03,SPY230707P00415000,415.0,0,0.0,0.0,,0.0,normalDay
2023-07-06,13604.0,30.0,0.0,0,439.66,0.0,1,0.33,0.03,SPY230707P00415000,415.0,0,0.0,0.0,,0.0,normalDay
2023-07-07,13637.0,0.0,33.0,0,438.55,0.0,1,0.33,0.0,SPY230707P00415000,415.0,0,0.0,0.0,,0.0,expirationDay
2023-07-10,13637.0,-3.0,0.0,0,439.66,0.0,1,0.79,0.82,SPY230721P00429000,429.0,0,0.0,0.0,,0.0,normalDay
2023-07-11,13637.0,23.0,0.0,0,442.46,0.0,1,0.79,0.56,SPY230721P00429000,429.0,0,0.0,0.0,,0.0,normalDay
2023-07-12,13637.0,59.0,0.0,0,446.02,0.0,1,0.79,0.2,SPY230721P00429000,429.0,0,0.0,0.0,,0.0,normalDay
2023-07-13,13637.0,62.0,0.0,0,449.56,0.0,1,0.79,0.17,SPY230721P00429000,429.0,0,0.0,0.0,,0.0,normalDay
2023-07-14,13637.0,69.0,0.0,0,449.28,0.0,1,0.79,0.1,SPY230721P00429000,429.0,0,0.0,0.0,,0.0,normalDay
2023-07-17,13637.0,73.0,0.0,0,450.84,0.0,1,0.79,0.06,SPY230721P00429000,429.0,0,0.0,0.0,,0.0,normalDay
2023-07-18,13637.0,74.0,0.0,0,454.19,0.0,1,0.79,0.05,SPY230721P00429000,429.0,0,0.0,0.0,,0.0,normalDay
2023-07-19,13637.0,75.0,0.0,0,455.2,0.0,1,0.79,0.04,SPY230721P00429000,429.0,0,0.0,0.0,,0.0,normalDay
2023-07-20,13637.0,76.0,0.0,0,452.18,0.0,1,0.79,0.03,SPY230721P00429000,429.0,0,0.0,0.0,,0.0,normalDay
2023-07-21,13716.0,0.0,79.0,0,452.18,0.0,1,0.79,0.0,SPY230721P00429000,429.0,0,0.0,0.0,,0.0,expirationDay
2023-07-24,13716.0,-3.0,0.0,0,454.2,0.0,1,0.18,0.21,SPY230804P00429000,429.0,0,0.0,0.0,,0.0,normalDay
2023-07-25,13716.0,1.0,0.0,0,455.44,0.0,1,0.18,0.17,SPY230804P00429000,429.0,0,0.0,0.0,,0.0,normalDay
2023-07-26,13716.0,7.0,0.0,0,455.51,0.0,1,0.18,0.11,SPY230804P00429000,429.0,0,0.0,0.0,,0.0,normalDay
2023-07-27,13716.0,0.0,0.0,0,452.49,0.0,1,0.18,0.18,SPY230804P00429000,429.0,0,0.0,0.0,,0.0,normalDay
2023-07-28,13716.0,13.0,0.0,0,456.92,0.0,1,0.18,0.05,SPY230804P00429000,429.0,0,0.0,0.0,,0.0,normalDay
2023-07-31,13716.0,14.0,0.0,0,457.79,0.0,1,0.18,0.04,SPY230804P00429000,429.0,0,0.0,0.0,,0.0,normalDay
2023-08-01,13716.0,14.0,0.0,0,456.48,0.0,1,0.18,0.04,SPY230804P00429000,429.0,0,0.0,0.0,,0.0,normalDay
2023-08-02,13716.0,12.0,0.0,0,450.13,0.0,1,0.18,0.06,SPY230804P00429000,429.0,0,0.0,0.0,,0.0,normalDay
2023-08-03,13716.0,16.0,0.0,0,448.84,0.0,1,0.18,0.02,SPY230804P00429000,429.0,0,0.0,0.0,,0.0,normalDay
2023-08-04,13734.0,0.0,18.0,0,446.81,0.0,1,0.18,0.0,SPY230804P00429000,429.0,0,0.0,0.0,,0.0,expirationDay
2023-08-07,13734.0,-3.0,0.0,0,450.71,0.0,1,1.48,1.51,SPY230818P00443000,443.0,0,0.0,0.0,,0.0,normalDay
2023-08-08,13734.0,-37.0,0.0,0,448.75,0.0,1,1.48,1.85,SPY230818P00443000,443.0,0,0.0,0.0,,0.0,normalDay
2023-08-09,13734.0,-108.0,0.0,0,445.75,0.0,1,1.48,2.56,SPY230818P00443000,443.0,0,0.0,0.0,,0.0,normalDay
2023-08-10,13734.0,-97.0,0.0,0,445.91,0.0,1,1.48,2.45,SPY230818P00443000,443.0,0,0.0,0.0,,0.0,normalDay
2023-08-11,13734.0,-41.0,0.0,0,445.65,0.0,1,1.48,1.89,SPY230818P00443000,443.0,0,0.0,0.0,,0.0,normalDay
2023-08-14,13734.0,62.0,0.0,0,448.11,0.0,1,1.48,0.86,SPY230818P00443000,443.0,0,0.0,0.0,,0.0,normalDay
2023-08-15,13734.0,-101.0,0.0,0,442.89,0.0,1,1.48,2.49,SPY230818P00443000,443.0,0,0.0,0.0,,0.0,normalDay
2023-08-16,13734.0,-232.0,0.0,0,439.64,0.0,1,1.48,3.8,SPY230818P00443000,443.0,0,0.0,0.0,,0.0,normalDay
2023-08-17,13734.0,-538.0,0.0,0,436.29,0.0,1,1.48,6.86,SPY230818P00443000,443.0,0,0.0,0.0,,0.0,normalDay
2023-08-18,13882.0,-650.0,148.0,100,436.5,443.0,1,1.48,0.0,SPY230818P00443000,443.0,0,0.0,0.0,,0.0,expirationDay
2023-08-21,13882.0,-369.0,0.0,100,439.34,443.0,0,0.0,0.0,,0.0,1,0.03,0.06,SPY230908C00466000,466.0,normalDay
2023-08-22,13882.0,-487.0,0.0,100,438.15,443.0,0,0.0,0.0,,0.0,1,0.03,0.05,SPY230908C00466000,466.0,normalDay
2023-08-23,13882.0,-3.0,0.0,100,443.03,443.0,0,0.0,0.0,,0.0,1,0.03,0.09,SPY230908C00466000,466.0,normalDay
2023-08-24,13882.0,-611.0,0.0,100,436.89,443.0,0,0.0,0.0,,0.0,1,0.03,0.03,SPY230908C00466000,466.0,normalDay
2023-08-25,13882.0,-303.0,0.0,100,439.97,443.0,0,0.0,0.0,,0.0,1,0.03,0.03,SPY230908C00466000,466.0,normalDay
2023-08-28,13882.0,-25.0,0.0,100,442.76,443.0,0,0.0,0.0,,0.0,1,0.03,0.04,SPY230908C00466000,466.0,normalDay
2023-08-29,13882.0,608.0,0.0,100,449.16,443.0,0,0.0,0.0,,0.0,1,0.03,0.11,SPY230908C00466000,466.0,normalDay
2023-08-30,13882.0,795.0,0.0,100,451.01,443.0,0,0.0,0.0,,0.0,1,0.03,0.09,SPY230908C00466000,466.0,normalDay
2023-08-31,13882.0,733.0,0.0,100,450.35,443.0,0,0.0,0.0,,0.0,1,0.03,0.05,SPY230908C00466000,466.0,normalDay
2023-09-01,13882.0,820.0,0.0,100,451.19,443.0,0,0.0,0.0,,0.0,1,0.03,0.02,SPY230908C00466000,466.0,normalDay
2023-09-05,13882.0,626.0,0.0,100,449.24,443.0,0,0.0,0.0,,0.0,1,0.03,0.01,SPY230908C00466000,466.0,normalDay
2023-09-06,13882.0,324.0,0.0,100,446.22,443.0,0,0.0,0.0,,0.0,1,0.03,0.01,SPY230908C00466000,466.0,normalDay
2023-09-07,13882.0,187.0,0.0,100,444.85,443.0,0,0.0,0.0,,0.0,1,0.03,0.01,SPY230908C00466000,466.0,normalDay
2023-09-08,13885.0,252.0,3.0,100,445.52,443.0,0,0.0,0.0,,0.0,1,0.03,0.0,SPY230908C00466000,466.0,expirationDay
2023-09-11,13885.0,542.0,0.0,100,448.45,443.0,0,0.0,0.0,,0.0,1,0.88,0.91,SPY230929C00458000,458.0,normalDay
2023-09-12,13885.0,331.0,0.0,100,445.99,443.0,0,0.0,0.0,,0.0,1,0.88,0.56,SPY230929C00458000,458.0,normalDay
2023-09-13,13885.0,396.0,0.0,100,446.51,443.0,0,0.0,0.0,,0.0,1,0.88,0.43,SPY230929C00458000,458.0,normalDay
2023-09-14,13885.0,747.0,0.0,100,450.36,443.0,0,0.0,0.0,,0.0,1,0.88,0.77,SPY230929C00458000,458.0,normalDay
2023-09-15,13885.0,107.0,0.0,100,443.37,443.0,0,0.0,0.0,,0.0,1,0.88,0.18,SPY230929C00458000,458.0,normalDay
2023-09-18,13885.0,137.0,0.0,100,443.63,443.0,0,0.0,0.0,,0.0,1,0.88,0.14,SPY230929C00458000,458.0,normalDay
2023-09-19,13885.0,49.0,0.0,100,442.71,443.0,0,0.0,0.0,,0.0,1,0.88,0.1,SPY230929C00458000,458.0,normalDay
2023-09-20,13885.0,-352.0,0.0,100,438.64,443.0,0,0.0,0.0,,0.0,1,0.88,0.04,SPY230929C00458000,458.0,normalDay
2023-09-21,13885.0,-1075.0,0.0,100,431.39,443.0,0,0.0,0.0,,0.0,1,0.88,0.02,SPY230929C00458000,458.0,normalDay
2023-09-22,13885.0,-1171.0,0.0,100,430.42,443.0,0,0.0,0.0,,0.0,1,0.88,0.01,SPY230929C00458000,458.0,normalDay
2023-09-25,13885.0,-990.0,0.0,100,432.23,443.0,0,0.0,0.0,,0.0,1,0.88,0.01,SPY230929C00458000,458.0,normalDay
2023-09-26,13885.0,-1625.0,0.0,100,425.88,443.0,0,0.0,0.0,,0.0,1,0.88,0.01,SPY230929C00458000,458.0,normalDay
2023-09-27,13885.0,-1608.0,0.0,100,426.05,443.0,0,0.0,0.0,,0.0,1,0.88,0.01,SPY230929C00458000,458.0,normalDay
2023-09-28,13885.0,-1361.0,0.0,100,428.52,443.0,0,0.0,0.0,,0.0,1,0.88,0.01,SPY230929C00458000,458.0,normalDay
2023-09-29,13973.0,-1552.0,88.0,100,427.48,443.0,0,0.0,0.0,,0.0,1,0.88,0.0,SPY230929C00458000,458.0,expirationDay
2023-10-02,13973.0,-1569.0,0.0,100,427.31,443.0,0,0.0,0.0,,0.0,0,0.0,0.0,,0.0,bidTooLow
2023-10-03,13973.0,-2141.0,0.0,100,421.59,443.0,0,0.0,0.0,,0.0,0,0.0,0.0,,0.0,bidTooLow
2023-10-04,13973.0,-1834.0,0.0,100,424.66,443.0,0,0.0,0.0,,0.0,0,0.0,0.0,,0.0,bidTooLow
2023-10-05,13973.0,-1850.0,0.0,100,424.5,443.0,0,0.0,0.0,,0.0,0,0.0,0.0,,0.0,bidTooLow
2023-10-06,13973.0,-1346.0,0.0,100,429.54,443.0,0,0.0,0.0,,0.0,0,0.0,0.0,,0.0,bidTooLow
2023-10-09,13973.0,-1074.0,0.0,100,432.29,443.0,0,0.0,0.0,,0.0,1,0.11,0.14,SPY231027C00457500,457.5,normalDay
2023-10-10,13973.0,-850.0,0.0,100,434.54,443.0,0,0.0,0.0,,0.0,1,0.11,0.15,SPY231027C00457500,457.5,normalDay
2023-10-11,13973.0,-671.0,0.0,100,436.32,443.0,0,0.0,0.0,,0.0,1,0.11,0.14,SPY231027C00457500,457.5,normalDay
2023-10-12,13973.0,-929.0,0.0,100,433.66,443.0,0,0.0,0.0,,0.0,1,0.11,0.06,SPY231027C00457500,457.5,normalDay
2023-10-13,13973.0,-1144.0,0.0,100,431.5,443.0,0,0.0,0.0,,0.0,1,0.11,0.05,SPY231027C00457500,457.5,normalDay
2023-10-16,13973.0,-691.0,0.0,100,436.04,443.0,0,0.0,0.0,,0.0,1,0.11,0.06,SPY231027C00457500,457.5,normalDay
2023-10-17,13973.0,-692.0,0.0,100,436.02,443.0,0,0.0,0.0,,0.0,1,0.11,0.05,SPY231027C00457500,457.5,normalDay
2023-10-18,13973.0,-1271.0,0.0,100,430.21,443.0,0,0.0,0.0,,0.0,1,0.11,0.03,SPY231027C00457500,457.5,normalDay
2023-10-19,13973.0,-1648.0,0.0,100,426.43,443.0,0,0.0,0.0,,0.0,1,0.11,0.02,SPY231027C00457500,457.5,normalDay
2023-10-20,13973.0,-2172.0,0.0,100,421.19,443.0,0,0.0,0.0,,0.0,1,0.11,0.02,SPY231027C00457500,457.5,normalDay
2023-10-23,13973.0,-2244.0,0.0,100,420.46,443.0,0,0.0,0.0,,0.0,1,0.11,0.01,SPY231027C00457500,457.5,normalDay
2023-10-24,13973.0,-1927.0,0.0,100,423.63,443.0,0,0.0,0.0,,0.0,1,0.11,0.01,SPY231027C00457500,457.5,normalDay
2023-10-25,13973.0,-2535.0,0.0,100,417.55,443.0,0,0.0,0.0,,0.0,1,0.11,0.01,SPY231027C00457500,457.5,normalDay
2023-10-26,13973.0,-3035.0,0.0,100,412.55,443.0,0,0.0,0.0,,0.0,1,0.11,0.01,SPY231027C00457500,457.5,normalDay
2023-10-27,13984.0,-3232.0,11.0,100,410.68,443.0,0,0.0,0.0,,0.0,1,0.11,0.0,SPY231027C00457500,457.5,expirationDay
2023-10-30,13984.0,-2744.0,0.0,100,415.59,443.0,0,0.0,0.0,,0.0,1,0.05,0.08,SPY231117C00448000,448.0,normalDay
2023-10-31,13984.0,-2482.0,0.0,100,418.2,443.0,0,0.0,0.0,,0.0,1,0.05,0.07,SPY231117C00448000,448.0,normalDay
2023-11-01,13984.0,-2039.0,0.0,100,422.66,443.0,0,0.0,0.0,,0.0,1,0.05,0.1,SPY231117C00448000,448.0,normalDay
2023-11-02,13984.0,-1246.0,0.0,100,430.76,443.0,0,0.0,0.0,,0.0,1,0.05,0.27,SPY231117C00448000,448.0,normalDay
2023-11-03,13984.0,-878.0,0.0,100,434.69,443.0,0,0.0,0.0,,0.0,1,0.05,0.52,SPY231117C00448000,448.0,normalDay
2023-11-06,13984.0,-761.0,0.0,100,435.69,443.0,0,0.0,0.0,,0.0,1,0.05,0.35,SPY231117C00448000,448.0,normalDay
2023-11-07,13984.0,-646.0,0.0,100,436.93,443.0,0,0.0,0.0,,0.0,1,0.05,0.44,SPY231117C00448000,448.0,normalDay
2023-11-08,13984.0,-604.0,0.0,100,437.25,443.0,0,0.0,0.0,,0.0,1,0.05,0.34,SPY231117C00448000,448.0,normalDay
2023-11-09,13984.0,-923.0,0.0,100,433.84,443.0,0,0.0,0.0,,0.0,1,0.05,0.12,SPY231117C00448000,448.0,normalDay
2023-11-10,13984.0,-289.0,0.0,100,440.61,443.0,0,0.0,0.0,,0.0,1,0.05,0.55,SPY231117C00448000,448.0,normalDay
2023-11-13,13984.0,-318.0,0.0,100,440.19,443.0,0,0.0,0.0,,0.0,1,0.05,0.42,SPY231117C00448000,448.0,normalDay
2023-11-14,13984.0,281.0,0.0,100,448.73,443.0,0,0.0,0.0,,0.0,1,0.05,2.97,SPY231117C00448000,448.0,normalDay
2023-11-15,13984.0,411.0,0.0,100,449.68,443.0,0,0.0,0.0,,0.0,1,0.05,2.62,SPY231117C00448000,448.0,normalDay
2023-11-16,13984.0,456.0,0.0,100,450.23,443.0,0,0.0,0.0,,0.0,1,0.05,2.72,SPY231117C00448000,448.0,normalDay
2023-11-17,14489.0,456.0,505.0,0,450.79,0.0,0,0.0,0.0,,0.0,1,0.05,0.0,SPY231117C00448000,448.0,expirationDay
2023-11-20,14489.0,-3.0,0.0,0,454.26,0.0,1,0.04,0.07,SPY231201P00402000,402.0,0,0.0,0.0,,0.0,normalDay
2023-11-21,14489.0,-2.0,0.0,0,453.27,0.0,1,0.04,0.06,SPY231201P00402000,402.0,0,0.0,0.0,,0.0,normalDay
2023-11-22,14489.0,0.0,0.0,0,455.02,0.0,1,0.04,0.04,SPY231201P00402000,402.0,0,0.0,0.0,,0.0,normalDay
2023-11-24,14489.0,1.0,0.0,0,455.3,0.0,1,0.04,0.03,SPY231201P00402000,402.0,0,0.0,0.0,,0.0,normalDay
2023-11-27,14489.0,2.0,0.0,0,454.48,0.0,1,0.04,0.02,SPY231201P00402000,402.0,0,0.0,0.0,,0.0,normalDay
2023-11-28,14489.0,2.0,0.0,0,454.93,0.0,1,0.04,0.02,SPY231201P00402000,402.0,0,0.0,0.0,,0.0,normalDay
2023-11-29,14489.0,3.0,0.0,0,454.61,0.0,1,0.04,0.01,SPY231201P00402000,402.0,0,0.0,0.0,,0.0,normalDay
2023-11-30,14489.0,3.0,0.0,0,456.4,0.0,1,0.04,0.01,SPY231201P00402000,402.0,0,0.0,0.0,,0.0,normalDay
