date,totalCapital,unrializedPnL,rializedPnL,stocksOwned,stocksPriceToday,stocksPriceBoughtAt,putOwned,putOwnedSoldAt,putPriceToday,putOwnedContract,putOwnedStrike,callOwned,callOwnedSoldAt,callPriceToday,callOwnedContract,callOwnedStrike,trackType
2018-11-01,0.0,-7.0,0.0,0,273.51,0.0,1,5.82,5.89,SPY181221P00270000,270.0,0,0.0,0.0,,0.0,normalDay
2018-11-02,0.0,-60.0,0.0,0,271.89,0.0,1,5.82,6.42,SPY181221P00270000,270.0,0,0.0,0.0,,0.0,normalDay
2018-11-05,0.0,20.0,0.0,0,273.39,0.0,1,5.82,5.62,SPY181221P00270000,270.0,0,0.0,0.0,,0.0,normalDay
2018-11-06,0.0,92.0,0.0,0,275.12,0.0,1,5.82,4.9,SPY181221P00270000,270.0,0,0.0,0.0,,0.0,normalDay
2018-11-07,0.0,315.0,0.0,0,281.01,0.0,1,5.82,2.67,SPY181221P00270000,270.0,0,0.0,0.0,,0.0,normalDay
2018-11-08,0.0,309.0,0.0,0,280.5,0.0,1,5.82,2.73,SPY181221P00270000,270.0,0,0.0,0.0,,0.0,normalDay
2018-11-09,0.0,229.0,0.0,0,277.76,0.0,1,5.82,3.53,SPY181221P00270000,270.0,0,0.0,0.0,,0.0,normalDay
2018-11-12,0.0,36.0,0.0,0,272.57,0.0,1,5.82,5.46,SPY181221P00270000,270.0,0,0.0,0.0,,0.0,normalDay
2018-11-13,0.0,14.0,0.0,0,272.06,0.0,1,5.82,5.68,SPY181221P00270000,270.0,0,0.0,0.0,,0.0,normalDay
2018-11-14,0.0,-100.0,0.0,0,270.2,0.0,1,5.82,6.82,SPY181221P00270000,270.0,0,0.0,0.0,,0.0,normalDay
2018-11-15,0.0,66.0,0.0,0,273.02,0.0,1,5.82,5.16,SPY181221P00270000,270.0,0,0.0,0.0,,0.0,normalDay
2018-11-16,0.0,149.0,0.0,0,273.73,0.0,1,5.82,4.33,SPY181221P00270000,270.0,0,0.0,0.0,,0.0,normalDay
2018-11-19,0.0,-64.0,0.0,0,269.1,0.0,1,5.82,6.46,SPY181221P00270000,270.0,0,0.0,0.0,,0.0,normalDay
2018-11-20,0.0,-406.0,0.0,0,264.12,0.0,1,5.82,9.88,SPY181221P00270000,270.0,0,0.0,0.0,,0.0,normalDay
2018-11-21,0.0,-307.0,0.0,0,265.02,0.0,1,5.82,8.89,SPY181221P00270000,270.0,0,0.0,0.0,,0.0,normalDay
2018-11-23,0.0,-438.0,0.0,0,263.25,0.0,1,5.82,10.2,SPY181221P00270000,270.0,0,0.0,0.0,,0.0,normalDay
2018-11-26,0.0,-69.0,0.0,0,267.5,0.0,1,5.82,6.51,SPY181221P00270000,270.0,0,0.0,0.0,,0.0,normalDay
2018-11-27,0.0,-40.0,0.0,0,268.4,0.0,1,5.82,6.22,SPY181221P00270000,270.0,0,0.0,0.0,,0.0,normalDay
2018-11-28,0.0,226.0,0.0,0,274.58,0.0,1,5.82,3.56,SPY181221P00270000,270.0,0,0.0,0.0,,0.0,normalDay
2018-11-29,0.0,218.0,0.0,0,273.98,0.0,1,5.82,3.64,SPY181221P00270000,270.0,0,0.0,0.0,,0.0,normalDay
2018-11-30,0.0,288.0,0.0,0,275.65,0.0,1,5.82,2.94,SPY181221P00270000,270.0,0,0.0,0.0,,0.0,normalDay
2018-12-03,0.0,434.0,0.0,0,279.3,0.0,1,5.82,1.48,SPY181221P00270000,270.0,0,0.0,0.0,,0.0,normalDay
2018-12-04,0.0,68.0,0.0,0,270.25,0.0,1,5.82,5.14,SPY181221P00270000,270.0,0,0.0,0.0,,0.0,normalDay
2018-12-06,0.0,74.0,0.0,0,269.84,0.0,1,5.82,5.08,SPY181221P00270000,270.0,0,0.0,0.0,,0.0,normalDay
2018-12-07,0.0,-352.0,0.0,0,263.57,0.0,1,5.82,9.34,SPY181221P00270000,270.0,0,0.0,0.0,,0.0,normalDay
2018-12-10,0.0,-226.0,0.0,0,264.07,0.0,1,5.82,8.08,SPY181221P00270000,270.0,0,0.0,0.0,,0.0,normalDay
2018-12-11,0.0,-213.0,0.0,0,264.13,0.0,1,5.82,7.95,SPY181221P00270000,270.0,0,0.0,0.0,,0.0,normalDay
2018-12-12,0.0,-137.0,0.0,0,265.46,0.0,1,5.82,7.19,SPY181221P00270000,270.0,0,0.0,0.0,,0.0,normalDay
2018-12-13,0.0,-113.0,0.0,0,265.37,0.0,1,5.82,6.95,SPY181221P00270000,270.0,0,0.0,0.0,,0.0,normalDay
2018-12-14,0.0,-525.0,0.0,0,260.47,0.0,1,5.82,11.07,SPY181221P00270000,270.0,0,0.0,0.0,,0.0,normalDay
2018-12-17,0.0,-1014.0,0.0,0,255.36,0.0,1,5.82,15.96,SPY181221P00270000,270.0,0,0.0,0.0,,0.0,normalDay
2018-12-18,0.0,-1093.0,0.0,0,255.08,0.0,1,5.82,16.75,SPY181221P00270000,270.0,0,0.0,0.0,,0.0,normalDay
2018-12-19,0.0,-1433.0,0.0,0,251.26,0.0,1,5.82,20.15,SPY181221P00270000,270.0,0,0.0,0.0,,0.0,normalDay
2018-12-20,0.0,-1773.0,0.0,0,247.17,0.0,1,5.82,23.55,SPY181221P00270000,270.0,0,0.0,0.0,,0.0,normalDay
2018-12-21,582.0,-2930.0,582.0,100,240.7,270.0,1,5.82,0.0,SPY181221P00270000,270.0,0,0.0,0.0,,0.0,expirationDay
2018-12-24,582.0,-3566.0,0.0,100,234.34,270.0,0,0.0,0.0,,0.0,0,0.0,0.0,,0.0,bidTooLow
2018-12-26,582.0,-2382.0,0.0,100,246.18,270.0,0,0.0,0.0,,0.0,0,0.0,0.0,,0.0,bidTooLow
2018-12-27,582.0,-2199.0,0.0,100,248.07,270.0,0,0.0,0.0,,0.0,1,0.27,0.33,SPY190128C00275000,275.0,normalDay
2018-12-28,582.0,-2218.0,0.0,100,247.75,270.0,0,0.0,0.0,,0.0,1,0.27,0.2,SPY190128C00275000,275.0,normalDay
2018-12-31,582.0,-1995.0,0.0,100,249.92,270.0,0,0.0,0.0,,0.0,1,0.27,0.14,SPY190128C00275000,275.0,normalDay
2019-01-02,582.0,-1961.0,0.0,100,250.18,270.0,0,0.0,0.0,,0.0,1,0.27,0.06,SPY190128C00275000,275.0,normalDay
2019-01-03,582.0,-2555.0,0.0,100,244.21,270.0,0,0.0,0.0,,0.0,1,0.27,0.03,SPY190128C00275000,275.0,normalDay
2019-01-04,582.0,-1740.0,0.0,100,252.39,270.0,0,0.0,0.0,,0.0,1,0.27,0.06,SPY190128C00275000,275.0,normalDay
2019-01-07,582.0,-1541.0,0.0,100,254.38,270.0,0,0.0,0.0,,0.0,1,0.27,0.06,SPY190128C00275000,275.0,normalDay
2019-01-08,582.0,-1303.0,0.0,100,256.77,270.0,0,0.0,0.0,,0.0,1,0.27,0.07,SPY190128C00275000,275.0,normalDay
2019-01-09,582.0,-1184.0,0.0,100,257.97,270.0,0,0.0,0.0,,0.0,1,0.27,0.08,SPY190128C00275000,275.0,normalDay
2019-01-10,582.0,-1093.0,0.0,100,258.88,270.0,0,0.0,0.0,,0.0,1,0.27,0.08,SPY190128C00275000,275.0,normalDay
2019-01-11,582.0,-1080.0,0.0,100,258.98,270.0,0,0.0,0.0,,0.0,1,0.27,0.05,SPY190128C00275000,275.0,normalDay
2019-01-14,582.0,-1237.0,0.0,100,257.4,270.0,0,0.0,0.0,,0.0,1,0.27,0.04,SPY190128C00275000,275.0,normalDay
2019-01-15,582.0,-943.0,0.0,100,260.35,270.0,0,0.0,0.0,,0.0,1,0.27,0.05,SPY190128C00275000,275.0,normalDay
2019-01-16,582.0,-881.0,0.0,100,260.98,270.0,0,0.0,0.0,,0.0,1,0.27,0.06,SPY190128C00275000,275.0,normalDay
2019-01-17,582.0,-684.0,0.0,100,262.96,270.0,0,0.0,0.0,,0.0,1,0.27,0.07,SPY190128C00275000,275.0,normalDay
2019-01-18,582.0,-344.0,0.0,100,266.46,270.0,0,0.0,0.0,,0.0,1,0.27,0.17,SPY190128C00275000,275.0,normalDay
2019-01-22,582.0,-690.0,0.0,100,262.86,270.0,0,0.0,0.0,,0.0,1,0.27,0.03,SPY190128C00275000,275.0,normalDay
2019-01-23,582.0,-633.0,0.0,100,263.41,270.0,0,0.0,0.0,,0.0,1,0.27,0.01,SPY190128C00275000,275.0,normalDay
2019-01-24,582.0,-619.0,0.0,100,263.55,270.0,0,0.0,0.0,,0.0,1,0.27,0.01,SPY190128C00275000,275.0,normalDay
2019-01-25,582.0,-396.0,0.0,100,265.78,270.0,0,0.0,0.0,,0.0,1,0.27,0.01,SPY190128C00275000,275.0,normalDay
2019-01-28,609.0,-624.0,27.0,100,263.76,270.0,0,0.0,0.0,,0.0,1,0.27,0.0,SPY190128C00275000,275.0,expirationDay
2019-01-29,609.0,-662.0,0.0,100,263.41,270.0,0,0.0,0.0,,0.0,1,0.4,0.43,SPY190301C00278000,278.0,normalDay
2019-01-30,609.0,-284.0,0.0,100,267.58,270.0,0,0.0,0.0,,0.0,1,0.4,0.82,SPY190301C00278000,278.0,normalDay
2019-01-31,609.0,-91.0,0.0,100,269.93,270.0,0,0.0,0.0,,0.0,1,0.4,1.24,SPY190301C00278000,278.0,normalDay
2019-02-01,609.0,-57.0,0.0,100,270.06,270.0,0,0.0,0.0,,0.0,1,0.4,1.03,SPY190301C00278000,278.0,normalDay
2019-02-04,609.0,113.0,0.0,100,271.96,270.0,0,0.0,0.0,,0.0,1,0.4,1.23,SPY190301C00278000,278.0,normalDay
2019-02-05,609.0,201.0,0.0,100,273.1,270.0,0,0.0,0.0,,0.0,1,0.4,1.49,SPY190301C00278000,278.0,normalDay
2019-02-06,609.0,189.0,0.0,100,272.74,270.0,0,0.0,0.0,,0.0,1,0.4,1.25,SPY190301C00278000,278.0,normalDay
2019-02-07,609.0,-10.0,0.0,100,270.14,270.0,0,0.0,0.0,,0.0,1,0.4,0.64,SPY190301C00278000,278.0,normalDay
2019-02-08,609.0,33.0,0.0,100,270.47,270.0,0,0.0,0.0,,0.0,1,0.4,0.54,SPY190301C00278000,278.0,normalDay
2019-02-11,609.0,50.0,0.0,100,270.62,270.0,0,0.0,0.0,,0.0,1,0.4,0.52,SPY190301C00278000,278.0,normalDay
2019-02-12,609.0,311.0,0.0,100,274.1,270.0,0,0.0,0.0,,0.0,1,0.4,1.39,SPY190301C00278000,278.0,normalDay
2019-02-13,609.0,385.0,0.0,100,274.99,270.0,0,0.0,0.0,,0.0,1,0.4,1.54,SPY190301C00278000,278.0,normalDay
2019-02-14,609.0,349.0,0.0,100,274.38,270.0,0,0.0,0.0,,0.0,1,0.4,1.29,SPY190301C00278000,278.0,normalDay
2019-02-15,609.0,552.0,0.0,100,277.37,270.0,0,0.0,0.0,,0.0,1,0.4,2.25,SPY190301C00278000,278.0,normalDay
2019-02-19,609.0,622.0,0.0,100,277.85,270.0,0,0.0,0.0,,0.0,1,0.4,2.03,SPY190301C00278000,278.0,normalDay
2019-02-20,609.0,651.0,0.0,100,278.41,270.0,0,0.0,0.0,,0.0,1,0.4,2.3,SPY190301C00278000,278.0,normalDay
2019-02-21,609.0,610.0,0.0,100,277.42,270.0,0,0.0,0.0,,0.0,1,0.4,1.72,SPY190301C00278000,278.0,normalDay
2019-02-22,609.0,723.0,0.0,100,279.14,270.0,0,0.0,0.0,,0.0,1,0.4,2.31,SPY190301C00278000,278.0,normalDay
2019-02-25,609.0,732.0,0.0,100,279.52,270.0,0,0.0,0.0,,0.0,1,0.4,2.6,SPY190301C00278000,278.0,normalDay
2019-02-26,609.0,754.0,0.0,100,279.32,270.0,0,0.0,0.0,,0.0,1,0.4,2.18,SPY190301C00278000,278.0,normalDay
2019-02-27,609.0,769.0,0.0,100,279.2,270.0,0,0.0,0.0,,0.0,1,0.4,1.91,SPY190301C00278000,278.0,normalDay
2019-02-28,609.0,793.0,0.0,100,278.68,270.0,0,0.0,0.0,,0.0,1,0.4,1.15,SPY190301C00278000,278.0,normalDay
2019-03-01,1449.0,793.0,840.0,0,280.42,0.0,0,0.0,0.0,,0.0,1,0.4,0.0,SPY190301C00278000,278.0,expirationDay
2019-03-04,1449.0,-4.0,0.0,0,279.4,0.0,1,3.12,3.16,SPY190418P00274000,274.0,0,0.0,0.0,,0.0,normalDay
2019-03-05,1449.0,-10.0,0.0,0,279.02,0.0,1,3.12,3.22,SPY190418P00274000,274.0,0,0.0,0.0,,0.0,normalDay
2019-03-06,1449.0,-74.0,0.0,0,277.33,0.0,1,3.12,3.86,SPY190418P00274000,274.0,0,0.0,0.0,,0.0,normalDay
2019-03-07,1449.0,-170.0,0.0,0,275.01,0.0,1,3.12,4.82,SPY190418P00274000,274.0,0,0.0,0.0,,0.0,normalDay
2019-03-08,1449.0,-178.0,0.0,0,274.46,0.0,1,3.12,4.9,SPY190418P00274000,274.0,0,0.0,0.0,,0.0,normalDay
2019-03-11,1449.0,6.0,0.0,0,278.44,0.0,1,3.12,3.06,SPY190418P00274000,274.0,0,0.0,0.0,,0.0,normalDay
2019-03-12,1449.0,55.0,0.0,0,279.49,0.0,1,3.12,2.57,SPY190418P00274000,274.0,0,0.0,0.0,,0.0,normalDay
2019-03-13,1449.0,121.0,0.0,0,281.34,0.0,1,3.12,1.91,SPY190418P00274000,274.0,0,0.0,0.0,,0.0,normalDay
2019-03-14,1449.0,114.0,0.0,0,281.16,0.0,1,3.12,1.98,SPY190418P00274000,274.0,0,0.0,0.0,,0.0,normalDay
2019-03-15,1449.0,153.0,0.0,0,281.31,0.0,1,3.12,1.59,SPY190418P00274000,274.0,0,0.0,0.0,,0.0,normalDay
2019-03-18,1449.0,178.0,0.0,0,282.33,0.0,1,3.12,1.34,SPY190418P00274000,274.0,0,0.0,0.0,,0.0,normalDay
2019-03-19,1449.0,164.0,0.0,0,282.4,0.0,1,3.12,1.48,SPY190418P00274000,274.0,0,0.0,0.0,,0.0,normalDay
2019-03-20,1449.0,150.0,0.0,0,281.55,0.0,1,3.12,1.62,SPY190418P00274000,274.0,0,0.0,0.0,,0.0,normalDay
2019-03-21,1449.0,201.0,0.0,0,284.73,0.0,1,3.12,1.11,SPY190418P00274000,274.0,0,0.0,0.0,,0.0,normalDay
2019-03-22,1449.0,65.0,0.0,0,279.25,0.0,1,3.12,2.47,SPY190418P00274000,274.0,0,0.0,0.0,,0.0,normalDay
2019-03-25,1449.0,69.0,0.0,0,279.04,0.0,1,3.12,2.43,SPY190418P00274000,274.0,0,0.0,0.0,,0.0,normalDay
2019-03-26,1449.0,151.0,0.0,0,281.12,0.0,1,3.12,1.61,SPY190418P00274000,274.0,0,0.0,0.0,,0.0,normalDay
2019-03-27,1449.0,122.0,0.0,0,279.65,0.0,1,3.12,1.9,SPY190418P00274000,274.0,0,0.0,0.0,,0.0,normalDay
2019-03-28,1449.0,169.0,0.0,0,280.71,0.0,1,3.12,1.43,SPY190418P00274000,274.0,0,0.0,0.0,,0.0,normalDay
2019-03-29,1449.0,221.0,0.0,0,282.48,0.0,1,3.12,0.91,SPY190418P00274000,274.0,0,0.0,0.0,,0.0,normalDay
2019-04-01,1449.0,264.0,0.0,0,285.83,0.0,1,3.12,0.48,SPY190418P00274000,274.0,0,0.0,0.0,,0.0,normalDay
2019-04-02,1449.0,272.0,0.0,0,285.97,0.0,1,3.12,0.4,SPY190418P00274000,274.0,0,0.0,0.0,,0.0,normalDay
2019-04-03,1449.0,276.0,0.0,0,286.42,0.0,1,3.12,0.36,SPY190418P00274000,274.0,0,0.0,0.0,,0.0,normalDay
2019-04-04,1449.0,284.0,0.0,0,287.18,0.0,1,3.12,0.28,SPY190418P00274000,274.0,0,0.0,0.0,,0.0,normalDay
2019-04-05,1449.0,297.0,0.0,0,288.57,0.0,1,3.12,0.15,SPY190418P00274000,274.0,0,0.0,0.0,,0.0,normalDay
2019-04-08,1449.0,300.0,0.0,0,288.79,0.0,1,3.12,0.12,SPY190418P00274000,274.0,0,0.0,0.0,,0.0,normalDay
2019-04-09,1449.0,295.0,0.0,0,287.31,0.0,1,3.12,0.17,SPY190418P00274000,274.0,0,0.0,0.0,,0.0,normalDay
2019-04-10,1449.0,303.0,0.0,0,288.29,0.0,1,3.12,0.09,SPY190418P00274000,274.0,0,0.0,0.0,,0.0,normalDay
2019-04-11,1449.0,306.0,0.0,0,288.21,0.0,1,3.12,0.06,SPY190418P00274000,274.0,0,0.0,0.0,,0.0,normalDay
2019-04-12,1449.0,309.0,0.0,0,290.16,0.0,1,3.12,0.03,SPY190418P00274000,274.0,0,0.0,0.0,,0.0,normalDay
2019-04-15,1449.0,310.0,0.0,0,289.97,0.0,1,3.12,0.02,SPY190418P00274000,274.0,0,0.0,0.0,,0.0,normalDay
2019-04-16,1449.0,310.0,0.0,0,290.16,0.0,1,3.12,0.02,SPY190418P00274000,274.0,0,0.0,0.0,,0.0,normalDay
2019-04-17,1449.0,311.0,0.0,0,289.45,0.0,1,3.12,0.01,SPY190418P00274000,274.0,0,0.0,0.0,,0.0,normalDay
2019-04-18,1761.0,0.0,312.0,0,290.02,0.0,1,3.12,0.0,SPY190418P00274000,274.0,0,0.0,0.0,,0.0,expirationDay
2019-04-22,1761.0,-4.0,0.0,0,290.27,0.0,1,1.88,1.92,SPY190531P00284000,284.0,0,0.0,0.0,,0.0,normalDay
2019-04-23,1761.0,39.0,0.0,0,292.88,0.0,1,1.88,1.49,SPY190531P00284000,284.0,0,0.0,0.0,,0.0,normalDay
2019-04-24,1761.0,22.0,0.0,0,292.23,0.0,1,1.88,1.66,SPY190531P00284000,284.0,0,0.0,0.0,,0.0,normalDay
2019-04-25,1761.0,15.0,0.0,0,292.05,0.0,1,1.88,1.73,SPY190531P00284000,284.0,0,0.0,0.0,,0.0,normalDay
2019-04-26,1761.0,47.0,0.0,0,293.41,0.0,1,1.88,1.41,SPY190531P00284000,284.0,0,0.0,0.0,,0.0,normalDay
2019-04-29,1761.0,58.0,0.0,0,293.87,0.0,1,1.88,1.3,SPY190531P00284000,284.0,0,0.0,0.0,,0.0,normalDay
2019-04-30,1761.0,63.0,0.0,0,294.02,0.0,1,1.88,1.25,SPY190531P00284000,284.0,0,0.0,0.0,,0.0,normalDay
2019-05-01,1761.0,6.0,0.0,0,291.81,0.0,1,1.88,1.82,SPY190531P00284000,284.0,0,0.0,0.0,,0.0,normalDay
2019-05-02,1761.0,-1.0,0.0,0,291.18,0.0,1,1.88,1.89,SPY190531P00284000,284.0,0,0.0,0.0,,0.0,normalDay
2019-05-03,1761.0,73.0,0.0,0,294.03,0.0,1,1.88,1.15,SPY190531P00284000,284.0,0,0.0,0.0,,0.0,normalDay
2019-05-06,1761.0,23.0,0.0,0,292.82,0.0,1,1.88,1.65,SPY190531P00284000,284.0,0,0.0,0.0,,0.0,normalDay
2019-05-07,1761.0,-175.0,0.0,0,287.93,0.0,1,1.88,3.63,SPY190531P00284000,284.0,0,0.0,0.0,,0.0,normalDay
2019-05-08,1761.0,-174.0,0.0,0,287.53,0.0,1,1.88,3.62,SPY190531P00284000,284.0,0,0.0,0.0,,0.0,normalDay
2019-05-09,1761.0,-190.0,0.0,0,286.66,0.0,1,1.88,3.78,SPY190531P00284000,284.0,0,0.0,0.0,,0.0,normalDay
2019-05-10,1761.0,-76.0,0.0,0,288.1,0.0,1,1.88,2.64,SPY190531P00284000,284.0,0,0.0,0.0,,0.0,normalDay
2019-05-13,1761.0,-430.0,0.0,0,280.86,0.0,1,1.88,6.18,SPY190531P00284000,284.0,0,0.0,0.0,,0.0,normalDay
2019-05-14,1761.0,-239.0,0.0,0,283.4,0.0,1,1.88,4.27,SPY190531P00284000,284.0,0,0.0,0.0,,0.0,normalDay
2019-05-15,1761.0,-113.0,0.0,0,285.06,0.0,1,1.88,3.01,SPY190531P00284000,284.0,0,0.0,0.0,,0.0,normalDay
2019-05-16,1761.0,-6.0,0.0,0,287.7,0.0,1,1.88,1.94,SPY190531P00284000,284.0,0,0.0,0.0,,0.0,normalDay
2019-05-17,1761.0,-69.0,0.0,0,285.84,0.0,1,1.88,2.57,SPY190531P00284000,284.0,0,0.0,0.0,,0.0,normalDay
2019-05-20,1761.0,-107.0,0.0,0,283.95,0.0,1,1.88,2.95,SPY190531P00284000,284.0,0,0.0,0.0,,0.0,normalDay
2019-05-21,1761.0,26.0,0.0,0,286.51,0.0,1,1.88,1.62,SPY190531P00284000,284.0,0,0.0,0.0,,0.0,normalDay
2019-05-22,1761.0,19.0,0.0,0,285.63,0.0,1,1.88,1.69,SPY190531P00284000,284.0,0,0.0,0.0,,0.0,normalDay
2019-05-23,1761.0,-177.0,0.0,0,282.14,0.0,1,1.88,3.65,SPY190531P00284000,284.0,0,0.0,0.0,,0.0,normalDay
2019-05-24,1761.0,-86.0,0.0,0,282.78,0.0,1,1.88,2.74,SPY190531P00284000,284.0,0,0.0,0.0,,0.0,normalDay
2019-05-28,1761.0,-218.0,0.0,0,280.15,0.0,1,1.88,4.06,SPY190531P00284000,284.0,0,0.0,0.0,,0.0,normalDay
2019-05-29,1761.0,-395.0,0.0,0,278.27,0.0,1,1.88,5.83,SPY190531P00284000,284.0,0,0.0,0.0,,0.0,normalDay
2019-05-30,1761.0,-321.0,0.0,0,279.03,0.0,1,1.88,5.09,SPY190531P00284000,284.0,0,0.0,0.0,,0.0,normalDay
2019-05-31,1949.0,-873.0,188.0,100,275.27,284.0,1,1.88,0.0,SPY190531P00284000,284.0,0,0.0,0.0,,0.0,expirationDay
2019-06-03,1949.0,-946.0,0.0,100,274.57,284.0,0,0.0,0.0,,0.0,1,0.03,0.06,SPY190705C00299000,299.0,normalDay
2019-06-04,1949.0,-356.0,0.0,100,280.53,284.0,0,0.0,0.0,,0.0,1,0.03,0.12,SPY190705C00299000,299.0,normalDay
2019-06-05,1949.0,-119.0,0.0,100,282.96,284.0,0,0.0,0.0,,0.0,1,0.03,0.18,SPY190705C00299000,299.0,normalDay
2019-06-06,1949.0,57.0,0.0,100,284.8,284.0,0,0.0,0.0,,0.0,1,0.03,0.26,SPY190705C00299000,299.0,normalDay
2019-06-07,1949.0,319.0,0.0,100,287.65,284.0,0,0.0,0.0,,0.0,1,0.03,0.49,SPY190705C00299000,299.0,normalDay
2019-06-10,1949.0,443.0,0.0,100,288.97,284.0,0,0.0,0.0,,0.0,1,0.03,0.57,SPY190705C00299000,299.0,normalDay
2019-06-11,1949.0,444.0,0.0,100,288.9,284.0,0,0.0,0.0,,0.0,1,0.03,0.49,SPY190705C00299000,299.0,normalDay
2019-06-12,1949.0,409.0,0.0,100,288.39,284.0,0,0.0,0.0,,0.0,1,0.03,0.33,SPY190705C00299000,299.0,normalDay
2019-06-13,1949.0,516.0,0.0,100,289.58,284.0,0,0.0,0.0,,0.0,1,0.03,0.45,SPY190705C00299000,299.0,normalDay
2019-06-14,1949.0,496.0,0.0,100,289.26,284.0,0,0.0,0.0,,0.0,1,0.03,0.33,SPY190705C00299000,299.0,normalDay
2019-06-17,1949.0,513.0,0.0,100,289.37,284.0,0,0.0,0.0,,0.0,1,0.03,0.27,SPY190705C00299000,299.0,normalDay
2019-06-18,1949.0,780.0,0.0,100,292.4,284.0,0,0.0,0.0,,0.0,1,0.03,0.63,SPY190705C00299000,299.0,normalDay
2019-06-19,1949.0,845.0,0.0,100,293.06,284.0,0,0.0,0.0,,0.0,1,0.03,0.64,SPY190705C00299000,299.0,normalDay
2019-06-20,1949.0,1050.0,0.0,100,295.86,284.0,0,0.0,0.0,,0.0,1,0.03,1.39,SPY190705C00299000,299.0,normalDay
2019-06-21,1949.0,881.0,0.0,100,294.0,284.0,0,0.0,0.0,,0.0,1,0.03,1.22,SPY190705C00299000,299.0,normalDay
2019-06-24,1949.0,873.0,0.0,100,293.64,284.0,0,0.0,0.0,,0.0,1,0.03,0.94,SPY190705C00299000,299.0,normalDay
2019-06-25,1949.0,643.0,0.0,100,290.76,284.0,0,0.0,0.0,,0.0,1,0.03,0.36,SPY190705C00299000,299.0,normalDay
2019-06-26,1949.0,626.0,0.0,100,290.47,284.0,0,0.0,0.0,,0.0,1,0.03,0.24,SPY190705C00299000,299.0,normalDay
2019-06-27,1949.0,725.0,0.0,100,291.5,284.0,0,0.0,0.0,,0.0,1,0.03,0.28,SPY190705C00299000,299.0,normalDay
2019-06-28,1949.0,850.0,0.0,100,293.0,284.0,0,0.0,0.0,,0.0,1,0.03,0.53,SPY190705C00299000,299.0,normalDay
2019-07-01,1949.0,1149.0,0.0,100,295.66,284.0,0,0.0,0.0,,0.0,1,0.03,0.2,SPY190705C00299000,299.0,normalDay
2019-07-02,1949.0,1229.0,0.0,100,296.43,284.0,0,0.0,0.0,,0.0,1,0.03,0.17,SPY190705C00299000,299.0,normalDay
2019-07-03,1949.0,1410.0,0.0,100,298.8,284.0,0,0.0,0.0,,0.0,1,0.03,0.73,SPY190705C00299000,299.0,normalDay
2019-07-05,1952.0,1446.0,3.0,100,298.46,284.0,0,0.0,0.0,,0.0,1,0.03,0.0,SPY190705C00299000,299.0,expirationDay
2019-07-08,1952.0,1279.0,0.0,100,296.82,284.0,0,0.0,0.0,,0.0,1,1.43,1.46,SPY190809C00303000,303.0,normalDay
2019-07-09,1952.0,1309.0,0.0,100,297.19,284.0,0,0.0,0.0,,0.0,1,1.43,1.53,SPY190809C00303000,303.0,normalDay
2019-07-10,1952.0,1423.0,0.0,100,298.61,284.0,0,0.0,0.0,,0.0,1,1.43,1.81,SPY190809C00303000,303.0,normalDay
2019-07-11,1952.0,1477.0,0.0,100,299.31,284.0,0,0.0,0.0,,0.0,1,1.43,1.97,SPY190809C00303000,303.0,normalDay
2019-07-12,1952.0,1574.0,0.0,100,300.65,284.0,0,0.0,0.0,,0.0,1,1.43,2.34,SPY190809C00303000,303.0,normalDay
2019-07-15,1952.0,1597.0,0.0,100,300.75,284.0,0,0.0,0.0,,0.0,1,1.43,2.21,SPY190809C00303000,303.0,normalDay
2019-07-16,1952.0,1542.0,0.0,100,299.78,284.0,0,0.0,0.0,,0.0,1,1.43,1.79,SPY190809C00303000,303.0,normalDay
2019-07-17,1952.0,1404.0,0.0,100,297.74,284.0,0,0.0,0.0,,0.0,1,1.43,1.13,SPY190809C00303000,303.0,normalDay
2019-07-18,1952.0,1481.0,0.0,100,298.83,284.0,0,0.0,0.0,,0.0,1,1.43,1.45,SPY190809C00303000,303.0,normalDay
2019-07-19,1952.0,1372.0,0.0,100,297.17,284.0,0,0.0,0.0,,0.0,1,1.43,0.88,SPY190809C00303000,303.0,normalDay
2019-07-22,1952.0,1450.0,0.0,100,297.9,284.0,0,0.0,0.0,,0.0,1,1.43,0.83,SPY190809C00303000,303.0,normalDay
2019-07-23,1952.0,1615.0,0.0,100,300.03,284.0,0,0.0,0.0,,0.0,1,1.43,1.31,SPY190809C00303000,303.0,normalDay
2019-07-24,1952.0,1708.0,0.0,100,301.44,284.0,0,0.0,0.0,,0.0,1,1.43,1.79,SPY190809C00303000,303.0,normalDay
2019-07-25,1952.0,1622.0,0.0,100,300.0,284.0,0,0.0,0.0,,0.0,1,1.43,1.21,SPY190809C00303000,303.0,normalDay
2019-07-26,1952.0,1760.0,0.0,100,302.01,284.0,0,0.0,0.0,,0.0,1,1.43,1.84,SPY190809C00303000,303.0,normalDay
2019-07-29,1952.0,1731.0,0.0,100,301.46,284.0,0,0.0,0.0,,0.0,1,1.43,1.58,SPY190809C00303000,303.0,normalDay
2019-07-30,1952.0,1675.0,0.0,100,300.72,284.0,0,0.0,0.0,,0.0,1,1.43,1.4,SPY190809C00303000,303.0,normalDay
2019-07-31,1952.0,1437.0,0.0,100,297.43,284.0,0,0.0,0.0,,0.0,1,1.43,0.49,SPY190809C00303000,303.0,normalDay
2019-08-01,1952.0,1209.0,0.0,100,294.84,284.0,0,0.0,0.0,,0.0,1,1.43,0.18,SPY190809C00303000,303.0,normalDay
2019-08-02,1952.0,1001.0,0.0,100,292.62,284.0,0,0.0,0.0,,0.0,1,1.43,0.04,SPY190809C00303000,303.0,normalDay
2019-08-05,1952.0,123.0,0.0,100,283.82,284.0,0,0.0,0.0,,0.0,1,1.43,0.02,SPY190809C00303000,303.0,normalDay
2019-08-06,1952.0,522.0,0.0,100,287.8,284.0,0,0.0,0.0,,0.0,1,1.43,0.01,SPY190809C00303000,303.0,normalDay
2019-08-07,1952.0,539.0,0.0,100,287.97,284.0,0,0.0,0.0,,0.0,1,1.43,0.01,SPY190809C00303000,303.0,normalDay
2019-08-08,1952.0,1104.0,0.0,100,293.62,284.0,0,0.0,0.0,,0.0,1,1.43,0.01,SPY190809C00303000,303.0,normalDay
2019-08-09,2095.0,762.0,143.0,100,291.62,284.0,0,0.0,0.0,,0.0,1,1.43,0.0,SPY190809C00303000,303.0,expirationDay
2019-08-12,2095.0,404.0,0.0,100,288.07,284.0,0,0.0,0.0,,0.0,1,0.03,0.06,SPY190913C00313000,313.0,normalDay
2019-08-13,2095.0,852.0,0.0,100,292.55,284.0,0,0.0,0.0,,0.0,1,0.03,0.06,SPY190913C00313000,313.0,normalDay
2019-08-14,2095.0,-11.0,0.0,100,283.9,284.0,0,0.0,0.0,,0.0,1,0.03,0.04,SPY190913C00313000,313.0,normalDay
2019-08-15,2095.0,64.0,0.0,100,284.65,284.0,0,0.0,0.0,,0.0,1,0.03,0.04,SPY190913C00313000,313.0,normalDay
2019-08-16,2095.0,484.0,0.0,100,288.85,284.0,0,0.0,0.0,,0.0,1,0.03,0.04,SPY190913C00313000,313.0,normalDay
2019-08-19,2095.0,832.0,0.0,100,292.33,284.0,0,0.0,0.0,,0.0,1,0.03,0.04,SPY190913C00313000,313.0,normalDay
2019-08-20,2095.0,608.0,0.0,100,290.09,284.0,0,0.0,0.0,,0.0,1,0.03,0.04,SPY190913C00313000,313.0,normalDay
2019-08-21,2095.0,845.0,0.0,100,292.45,284.0,0,0.0,0.0,,0.0,1,0.03,0.03,SPY190913C00313000,313.0,normalDay
2019-08-22,2095.0,836.0,0.0,100,292.36,284.0,0,0.0,0.0,,0.0,1,0.03,0.03,SPY190913C00313000,313.0,normalDay
2019-08-23,2095.0,86.0,0.0,100,284.85,284.0,0,0.0,0.0,,0.0,1,0.03,0.02,SPY190913C00313000,313.0,normalDay
2019-08-26,2095.0,402.0,0.0,100,288.0,284.0,0,0.0,0.0,,0.0,1,0.03,0.01,SPY190913C00313000,313.0,normalDay
2019-08-27,2095.0,289.0,0.0,100,286.87,284.0,0,0.0,0.0,,0.0,1,0.03,0.01,SPY190913C00313000,313.0,normalDay
2019-08-28,2095.0,491.0,0.0,100,288.89,284.0,0,0.0,0.0,,0.0,1,0.03,0.01,SPY190913C00313000,313.0,normalDay
2019-08-29,2095.0,859.0,0.0,100,292.58,284.0,0,0.0,0.0,,0.0,1,0.03,0.02,SPY190913C00313000,313.0,normalDay
2019-08-30,2095.0,847.0,0.0,100,292.45,284.0,0,0.0,0.0,,0.0,1,0.03,0.01,SPY190913C00313000,313.0,normalDay
2019-09-03,2095.0,676.0,0.0,100,290.74,284.0,0,0.0,0.0,,0.0,1,0.03,0.01,SPY190913C00313000,313.0,normalDay
2019-09-04,2095.0,1006.0,0.0,100,294.04,284.0,0,0.0,0.0,,0.0,1,0.03,0.01,SPY190913C00313000,313.0,normalDay
2019-09-05,2095.0,1383.0,0.0,100,297.82,284.0,0,0.0,0.0,,0.0,1,0.03,0.02,SPY190913C00313000,313.0,normalDay
2019-09-06,2095.0,1407.0,0.0,100,298.05,284.0,0,0.0,0.0,,0.0,1,0.03,0.01,SPY190913C00313000,313.0,normalDay
2019-09-09,2095.0,1422.0,0.0,100,298.2,284.0,0,0.0,0.0,,0.0,1,0.03,0.01,SPY190913C00313000,313.0,normalDay
2019-09-10,2095.0,1415.0,0.0,100,298.13,284.0,0,0.0,0.0,,0.0,1,0.03,0.01,SPY190913C00313000,313.0,normalDay
2019-09-11,2095.0,1627.0,0.0,100,300.25,284.0,0,0.0,0.0,,0.0,1,0.03,0.01,SPY190913C00313000,313.0,normalDay
2019-09-12,2095.0,1731.0,0.0,100,301.29,284.0,0,0.0,0.0,,0.0,1,0.03,0.01,SPY190913C00313000,313.0,normalDay
2019-09-13,2098.0,1709.0,3.0,100,301.09,284.0,0,0.0,0.0,,0.0,1,0.03,0.0,SPY190913C00313000,313.0,expirationDay
2019-09-16,2098.0,1613.0,0.0,100,300.16,284.0,0,0.0,0.0,,0.0,1,0.48,0.51,SPY191018C00310000,310.0,normalDay
2019-09-17,2098.0,1682.0,0.0,100,300.92,284.0,0,0.0,0.0,,0.0,1,0.48,0.58,SPY191018C00310000,310.0,normalDay
2019-09-18,2098.0,1708.0,0.0,100,301.1,284.0,0,0.0,0.0,,0.0,1,0.48,0.5,SPY191018C00310000,310.0,normalDay
2019-09-19,2098.0,1710.0,0.0,100,301.08,284.0,0,0.0,0.0,,0.0,1,0.48,0.46,SPY191018C00310000,310.0,normalDay
2019-09-20,2098.0,1445.0,0.0,100,298.28,284.0,0,0.0,0.0,,0.0,1,0.48,0.31,SPY191018C00310000,310.0,normalDay
2019-09-23,2098.0,1448.0,0.0,100,298.21,284.0,0,0.0,0.0,,0.0,1,0.48,0.21,SPY191018C00310000,310.0,normalDay
2019-09-24,2098.0,1220.0,0.0,100,295.87,284.0,0,0.0,0.0,,0.0,1,0.48,0.15,SPY191018C00310000,310.0,normalDay
2019-09-25,2098.0,1395.0,0.0,100,297.62,284.0,0,0.0,0.0,,0.0,1,0.48,0.15,SPY191018C00310000,310.0,normalDay
2019-09-26,2098.0,1336.0,0.0,100,297.0,284.0,0,0.0,0.0,,0.0,1,0.48,0.12,SPY191018C00310000,310.0,normalDay
2019-09-27,2098.0,1180.0,0.0,100,295.4,284.0,0,0.0,0.0,,0.0,1,0.48,0.08,SPY191018C00310000,310.0,normalDay
2019-09-30,2098.0,1318.0,0.0,100,296.77,284.0,0,0.0,0.0,,0.0,1,0.48,0.07,SPY191018C00310000,310.0,normalDay
2019-10-01,2098.0,968.0,0.0,100,293.24,284.0,0,0.0,0.0,,0.0,1,0.48,0.04,SPY191018C00310000,310.0,normalDay
2019-10-02,2098.0,451.0,0.0,100,288.06,284.0,0,0.0,0.0,,0.0,1,0.48,0.03,SPY191018C00310000,310.0,normalDay
2019-10-03,2098.0,688.0,0.0,100,290.42,284.0,0,0.0,0.0,,0.0,1,0.48,0.02,SPY191018C00310000,310.0,normalDay
2019-10-04,2098.0,1081.0,0.0,100,294.35,284.0,0,0.0,0.0,,0.0,1,0.48,0.02,SPY191018C00310000,310.0,normalDay
2019-10-07,2098.0,954.0,0.0,100,293.08,284.0,0,0.0,0.0,,0.0,1,0.48,0.02,SPY191018C00310000,310.0,normalDay
2019-10-08,2098.0,499.0,0.0,100,288.53,284.0,0,0.0,0.0,,0.0,1,0.48,0.02,SPY191018C00310000,310.0,normalDay
2019-10-09,2098.0,774.0,0.0,100,291.27,284.0,0,0.0,0.0,,0.0,1,0.48,0.01,SPY191018C00310000,310.0,normalDay
2019-10-10,2098.0,971.0,0.0,100,293.24,284.0,0,0.0,0.0,,0.0,1,0.48,0.01,SPY191018C00310000,310.0,normalDay
2019-10-11,2098.0,1274.0,0.0,100,296.28,284.0,0,0.0,0.0,,0.0,1,0.48,0.02,SPY191018C00310000,310.0,normalDay
2019-10-14,2098.0,1242.0,0.0,100,295.95,284.0,0,0.0,0.0,,0.0,1,0.48,0.01,SPY191018C00310000,310.0,normalDay
2019-10-15,2098.0,1535.0,0.0,100,298.88,284.0,0,0.0,0.0,,0.0,1,0.48,0.01,SPY191018C00310000,310.0,normalDay
2019-10-16,2098.0,1487.0,0.0,100,298.4,284.0,0,0.0,0.0,,0.0,1,0.48,0.01,SPY191018C00310000,310.0,normalDay
2019-10-17,2098.0,1575.0,0.0,100,299.28,284.0,0,0.0,0.0,,0.0,1,0.48,0.01,SPY191018C00310000,310.0,normalDay
2019-10-18,2146.0,1397.0,48.0,100,297.97,284.0,0,0.0,0.0,,0.0,1,0.48,0.0,SPY191018C00310000,310.0,expirationDay
2019-10-21,2146.0,1595.0,0.0,100,299.99,284.0,0,0.0,0.0,,0.0,1,1.63,1.67,SPY191122C00306000,306.0,normalDay
2019-10-22,2146.0,1529.0,0.0,100,299.01,284.0,0,0.0,0.0,,0.0,1,1.63,1.35,SPY191122C00306000,306.0,normalDay
2019-10-23,2146.0,1602.0,0.0,100,299.88,284.0,0,0.0,0.0,,0.0,1,1.63,1.49,SPY191122C00306000,306.0,normalDay
2019-10-24,2146.0,1660.0,0.0,100,300.37,284.0,0,0.0,0.0,,0.0,1,1.63,1.4,SPY191122C00306000,306.0,normalDay
2019-10-25,2146.0,1761.0,0.0,100,301.6,284.0,0,0.0,0.0,,0.0,1,1.63,1.62,SPY191122C00306000,306.0,normalDay
2019-10-28,2146.0,1865.0,0.0,100,303.3,284.0,0,0.0,0.0,,0.0,1,1.63,2.28,SPY191122C00306000,306.0,normalDay
2019-10-29,2146.0,1863.0,0.0,100,303.21,284.0,0,0.0,0.0,,0.0,1,1.63,2.21,SPY191122C00306000,306.0,normalDay
2019-10-30,2146.0,1931.0,0.0,100,304.14,284.0,0,0.0,0.0,,0.0,1,1.63,2.46,SPY191122C00306000,306.0,normalDay
2019-10-31,2146.0,1899.0,0.0,100,303.33,284.0,0,0.0,0.0,,0.0,1,1.63,1.97,SPY191122C00306000,306.0,normalDay
2019-11-01,2146.0,2062.0,0.0,100,306.14,284.0,0,0.0,0.0,,0.0,1,1.63,3.15,SPY191122C00306000,306.0,normalDay
2019-11-04,2146.0,2119.0,0.0,100,307.37,284.0,0,0.0,0.0,,0.0,1,1.63,3.81,SPY191122C00306000,306.0,normalDay
2019-11-05,2146.0,2109.0,0.0,100,307.03,284.0,0,0.0,0.0,,0.0,1,1.63,3.57,SPY191122C00306000,306.0,normalDay
2019-11-06,2146.0,2127.0,0.0,100,307.1,284.0,0,0.0,0.0,,0.0,1,1.63,3.46,SPY191122C00306000,306.0,normalDay
2019-11-07,2146.0,2176.0,0.0,100,308.18,284.0,0,0.0,0.0,,0.0,1,1.63,4.05,SPY191122C00306000,306.0,normalDay
2019-11-08,2146.0,2218.0,0.0,100,308.94,284.0,0,0.0,0.0,,0.0,1,1.63,4.39,SPY191122C00306000,306.0,normalDay
2019-11-11,2146.0,2209.0,0.0,100,308.35,284.0,0,0.0,0.0,,0.0,1,1.63,3.89,SPY191122C00306000,306.0,normalDay
2019-11-12,2146.0,2258.0,0.0,100,309.0,284.0,0,0.0,0.0,,0.0,1,1.63,4.05,SPY191122C00306000,306.0,normalDay
2019-11-13,2146.0,2249.0,0.0,100,309.1,284.0,0,0.0,0.0,,0.0,1,1.63,4.24,SPY191122C00306000,306.0,normalDay
2019-11-14,2146.0,2268.0,0.0,100,309.55,284.0,0,0.0,0.0,,0.0,1,1.63,4.5,SPY191122C00306000,306.0,normalDay
2019-11-15,2146.0,2326.0,0.0,100,311.79,284.0,0,0.0,0.0,,0.0,1,1.63,6.16,SPY191122C00306000,306.0,normalDay
2019-11-18,2146.0,2335.0,0.0,100,312.02,284.0,0,0.0,0.0,,0.0,1,1.63,6.3,SPY191122C00306000,306.0,normalDay
2019-11-19,2146.0,2354.0,0.0,100,311.93,284.0,0,0.0,0.0,,0.0,1,1.63,6.02,SPY191122C00306000,306.0,normalDay
2019-11-20,2146.0,2349.0,0.0,100,310.77,284.0,0,0.0,0.0,,0.0,1,1.63,4.91,SPY191122C00306000,306.0,normalDay
2019-11-21,2146.0,2345.0,0.0,100,310.27,284.0,0,0.0,0.0,,0.0,1,1.63,4.45,SPY191122C00306000,306.0,normalDay
2019-11-22,4509.0,2345.0,2363.0,0,310.96,0.0,0,0.0,0.0,,0.0,1,1.63,0.0,SPY191122C00306000,306.0,expirationDay
2019-11-25,4509.0,-4.0,0.0,0,313.37,0.0,1,3.66,3.7,SPY200117P00307000,307.0,0,0.0,0.0,,0.0,normalDay
2019-11-26,4509.0,35.0,0.0,0,314.08,0.0,1,3.66,3.31,SPY200117P00307000,307.0,0,0.0,0.0,,0.0,normalDay
2019-11-27,4509.0,65.0,0.0,0,315.48,0.0,1,3.66,3.01,SPY200117P00307000,307.0,0,0.0,0.0,,0.0,normalDay
2019-11-29,4509.0,25.0,0.0,0,314.31,0.0,1,3.66,3.41,SPY200117P00307000,307.0,0,0.0,0.0,,0.0,normalDay
2019-12-02,4509.0,-102.0,0.0,0,311.64,0.0,1,3.66,4.68,SPY200117P00307000,307.0,0,0.0,0.0,,0.0,normalDay
2019-12-03,4509.0,-211.0,0.0,0,309.55,0.0,1,3.66,5.77,SPY200117P00307000,307.0,0,0.0,0.0,,0.0,normalDay
2019-12-04,4509.0,-120.0,0.0,0,311.46,0.0,1,3.66,4.86,SPY200117P00307000,307.0,0,0.0,0.0,,0.0,normalDay
2019-12-05,4509.0,-71.0,0.0,0,312.02,0.0,1,3.66,4.37,SPY200117P00307000,307.0,0,0.0,0.0,,0.0,normalDay
2019-12-06,4509.0,40.0,0.0,0,314.87,0.0,1,3.66,3.26,SPY200117P00307000,307.0,0,0.0,0.0,,0.0,normalDay
2019-12-09,4509.0,-12.0,0.0,0,313.88,0.0,1,3.66,3.78,SPY200117P00307000,307.0,0,0.0,0.0,,0.0,normalDay
2019-12-10,4509.0,4.0,0.0,0,313.53,0.0,1,3.66,3.62,SPY200117P00307000,307.0,0,0.0,0.0,,0.0,normalDay
2019-12-11,4509.0,48.0,0.0,0,314.42,0.0,1,3.66,3.18,SPY200117P00307000,307.0,0,0.0,0.0,,0.0,normalDay
2019-12-12,4509.0,130.0,0.0,0,317.13,0.0,1,3.66,2.36,SPY200117P00307000,307.0,0,0.0,0.0,,0.0,normalDay
2019-12-13,4509.0,184.0,0.0,0,317.32,0.0,1,3.66,1.82,SPY200117P00307000,307.0,0,0.0,0.0,,0.0,normalDay
2019-12-16,4509.0,245.0,0.0,0,319.5,0.0,1,3.66,1.21,SPY200117P00307000,307.0,0,0.0,0.0,,0.0,normalDay
2019-12-17,4509.0,244.0,0.0,0,319.57,0.0,1,3.66,1.22,SPY200117P00307000,307.0,0,0.0,0.0,,0.0,normalDay
2019-12-18,4509.0,245.0,0.0,0,319.59,0.0,1,3.66,1.21,SPY200117P00307000,307.0,0,0.0,0.0,,0.0,normalDay
2019-12-19,4509.0,263.0,0.0,0,320.9,0.0,1,3.66,1.03,SPY200117P00307000,307.0,0,0.0,0.0,,0.0,normalDay
2019-12-20,4509.0,275.0,0.0,0,320.73,0.0,1,3.66,0.91,SPY200117P00307000,307.0,0,0.0,0.0,,0.0,normalDay
2019-12-23,4509.0,279.0,0.0,0,321.22,0.0,1,3.66,0.87,SPY200117P00307000,307.0,0,0.0,0.0,,0.0,normalDay
2019-12-24,4509.0,283.0,0.0,0,321.23,0.0,1,3.66,0.83,SPY200117P00307000,307.0,0,0.0,0.0,,0.0,normalDay
2019-12-26,4509.0,303.0,0.0,0,322.94,0.0,1,3.66,0.63,SPY200117P00307000,307.0,0,0.0,0.0,,0.0,normalDay
2019-12-27,4509.0,298.0,0.0,0,322.86,0.0,1,3.66,0.68,SPY200117P00307000,307.0,0,0.0,0.0,,0.0,normalDay
2019-12-30,4509.0,285.0,0.0,0,321.08,0.0,1,3.66,0.81,SPY200117P00307000,307.0,0,0.0,0.0,,0.0,normalDay
2019-12-31,4509.0,307.0,0.0,0,321.86,0.0,1,3.66,0.59,SPY200117P00307000,307.0,0,0.0,0.0,,0.0,normalDay
2020-01-02,4509.0,340.0,0.0,0,324.87,0.0,1,3.66,0.26,SPY200117P00307000,307.0,0,0.0,0.0,,0.0,normalDay
2020-01-03,4509.0,322.0,0.0,0,322.41,0.0,1,3.66,0.44,SPY200117P00307000,307.0,0,0.0,0.0,,0.0,normalDay
2020-01-06,4509.0,344.0,0.0,0,323.64,0.0,1,3.66,0.22,SPY200117P00307000,307.0,0,0.0,0.0,,0.0,normalDay
2020-01-07,4509.0,345.0,0.0,0,322.73,0.0,1,3.66,0.21,SPY200117P00307000,307.0,0,0.0,0.0,,0.0,normalDay
2020-01-08,4509.0,350.0,0.0,0,324.45,0.0,1,3.66,0.16,SPY200117P00307000,307.0,0,0.0,0.0,,0.0,normalDay
2020-01-09,4509.0,357.0,0.0,0,326.65,0.0,1,3.66,0.09,SPY200117P00307000,307.0,0,0.0,0.0,,0.0,normalDay
2020-01-10,4509.0,361.0,0.0,0,325.71,0.0,1,3.66,0.05,SPY200117P00307000,307.0,0,0.0,0.0,,0.0,normalDay
2020-01-13,4509.0,363.0,0.0,0,327.95,0.0,1,3.66,0.03,SPY200117P00307000,307.0,0,0.0,0.0,,0.0,normalDay
2020-01-14,4509.0,363.0,0.0,0,327.45,0.0,1,3.66,0.03,SPY200117P00307000,307.0,0,0.0,0.0,,0.0,normalDay
2020-01-15,4509.0,364.0,0.0,0,328.19,0.0,1,3.66,0.02,SPY200117P00307000,307.0,0,0.0,0.0,,0.0,normalDay
2020-01-16,4509.0,365.0,0.0,0,330.92,0.0,1,3.66,0.01,SPY200117P00307000,307.0,0,0.0,0.0,,0.0,normalDay
2020-01-17,4875.0,0.0,366.0,0,331.95,0.0,1,3.66,0.0,SPY200117P00307000,307.0,0,0.0,0.0,,0.0,expirationDay
2020-01-21,4875.0,-4.0,0.0,0,331.3,0.0,1,2.27,2.31,SPY200228P00322500,322.5,0,0.0,0.0,,0.0,normalDay
2020-01-22,4875.0,-4.0,0.0,0,331.34,0.0,1,2.27,2.31,SPY200228P00322500,322.5,0,0.0,0.0,,0.0,normalDay
2020-01-23,4875.0,4.0,0.0,0,331.72,0.0,1,2.27,2.23,SPY200228P00322500,322.5,0,0.0,0.0,,0.0,normalDay
2020-01-24,4875.0,-95.0,0.0,0,328.77,0.0,1,2.27,3.22,SPY200228P00322500,322.5,0,0.0,0.0,,0.0,normalDay
2020-01-27,4875.0,-345.0,0.0,0,323.5,0.0,1,2.27,5.72,SPY200228P00322500,322.5,0,0.0,0.0,,0.0,normalDay
2020-01-28,4875.0,-158.0,0.0,0,326.89,0.0,1,2.27,3.85,SPY200228P00322500,322.5,0,0.0,0.0,,0.0,normalDay
2020-01-29,4875.0,-165.0,0.0,0,326.62,0.0,1,2.27,3.92,SPY200228P00322500,322.5,0,0.0,0.0,,0.0,normalDay
2020-01-30,4875.0,-78.0,0.0,0,327.68,0.0,1,2.27,3.05,SPY200228P00322500,322.5,0,0.0,0.0,,0.0,normalDay
2020-01-31,4875.0,-358.0,0.0,0,321.73,0.0,1,2.27,5.85,SPY200228P00322500,322.5,0,0.0,0.0,,0.0,normalDay
2020-02-03,4875.0,-246.0,0.0,0,324.12,0.0,1,2.27,4.73,SPY200228P00322500,322.5,0,0.0,0.0,,0.0,normalDay
2020-02-04,4875.0,-18.0,0.0,0,329.06,0.0,1,2.27,2.45,SPY200228P00322500,322.5,0,0.0,0.0,,0.0,normalDay
2020-02-05,4875.0,82.0,0.0,0,332.86,0.0,1,2.27,1.45,SPY200228P00322500,322.5,0,0.0,0.0,,0.0,normalDay
2020-02-06,4875.0,99.0,0.0,0,333.98,0.0,1,2.27,1.28,SPY200228P00322500,322.5,0,0.0,0.0,,0.0,normalDay
2020-02-07,4875.0,72.0,0.0,0,332.2,0.0,1,2.27,1.55,SPY200228P00322500,322.5,0,0.0,0.0,,0.0,normalDay
2020-02-10,4875.0,131.0,0.0,0,334.68,0.0,1,2.27,0.96,SPY200228P00322500,322.5,0,0.0,0.0,,0.0,normalDay
2020-02-11,4875.0,139.0,0.0,0,335.26,0.0,1,2.27,0.88,SPY200228P00322500,322.5,0,0.0,0.0,,0.0,normalDay
2020-02-12,4875.0,177.0,0.0,0,337.42,0.0,1,2.27,0.5,SPY200228P00322500,322.5,0,0.0,0.0,,0.0,normalDay
2020-02-13,4875.0,175.0,0.0,0,337.06,0.0,1,2.27,0.52,SPY200228P00322500,322.5,0,0.0,0.0,,0.0,normalDay
2020-02-14,4875.0,190.0,0.0,0,337.6,0.0,1,2.27,0.37,SPY200228P00322500,322.5,0,0.0,0.0,,0.0,normalDay
2020-02-18,4875.0,194.0,0.0,0,336.73,0.0,1,2.27,0.33,SPY200228P00322500,322.5,0,0.0,0.0,,0.0,normalDay
2020-02-19,4875.0,210.0,0.0,0,338.34,0.0,1,2.27,0.17,SPY200228P00322500,322.5,0,0.0,0.0,,0.0,normalDay
2020-02-20,4875.0,206.0,0.0,0,336.95,0.0,1,2.27,0.21,SPY200228P00322500,322.5,0,0.0,0.0,,0.0,normalDay
2020-02-21,4875.0,192.0,0.0,0,333.48,0.0,1,2.27,0.35,SPY200228P00322500,322.5,0,0.0,0.0,,0.0,normalDay
2020-02-24,4875.0,-211.0,0.0,0,322.42,0.0,1,2.27,4.38,SPY200228P00322500,322.5,0,0.0,0.0,,0.0,normalDay
2020-02-25,4875.0,-780.0,0.0,0,312.65,0.0,1,2.27,10.07,SPY200228P00322500,322.5,0,0.0,0.0,,0.0,normalDay
2020-02-26,4875.0,-945.0,0.0,0,311.5,0.0,1,2.27,11.72,SPY200228P00322500,322.5,0,0.0,0.0,,0.0,normalDay
2020-02-27,4875.0,-2304.0,0.0,0,297.51,0.0,1,2.27,25.31,SPY200228P00322500,322.5,0,0.0,0.0,,0.0,normalDay
2020-02-28,5102.0,-2624.0,227.0,100,296.26,322.5,1,2.27,0.0,SPY200228P00322500,322.5,0,0.0,0.0,,0.0,expirationDay
2020-03-02,5102.0,-1341.0,0.0,100,309.09,322.5,0,0.0,0.0,,0.0,0,0.0,0.0,,0.0,bidTooLow
2020-03-03,5102.0,-2226.0,0.0,100,300.24,322.5,0,0.0,0.0,,0.0,0,0.0,0.0,,0.0,bidTooLow
2020-03-04,5102.0,-964.0,0.0,100,312.86,322.5,0,0.0,0.0,,0.0,0,0.0,0.0,,0.0,bidTooLow
2020-03-05,5102.0,-2018.0,0.0,100,302.46,322.5,0,0.0,0.0,,0.0,1,0.2,0.34,SPY200406C00340000,340.0,normalDay
2020-03-06,5102.0,-2499.0,0.0,100,297.46,322.5,0,0.0,0.0,,0.0,1,0.2,0.15,SPY200406C00340000,340.0,normalDay
2020-03-09,5102.0,-4820.0,0.0,100,274.23,322.5,0,0.0,0.0,,0.0,1,0.2,0.13,SPY200406C00340000,340.0,normalDay
2020-03-10,5102.0,-3398.0,0.0,100,288.42,322.5,0,0.0,0.0,,0.0,1,0.2,0.1,SPY200406C00340000,340.0,normalDay
2020-03-11,5102.0,-4801.0,0.0,100,274.36,322.5,0,0.0,0.0,,0.0,1,0.2,0.07,SPY200406C00340000,340.0,normalDay
2020-03-12,5102.0,-7424.0,0.0,100,248.11,322.5,0,0.0,0.0,,0.0,1,0.2,0.05,SPY200406C00340000,340.0,normalDay
2020-03-13,5102.0,-5308.0,0.0,100,269.32,322.5,0,0.0,0.0,,0.0,1,0.2,0.1,SPY200406C00340000,340.0,normalDay
2020-03-16,5102.0,-8252.0,0.0,100,239.85,322.5,0,0.0,0.0,,0.0,1,0.2,0.07,SPY200406C00340000,340.0,normalDay
2020-03-17,5102.0,-6954.0,0.0,100,252.8,322.5,0,0.0,0.0,,0.0,1,0.2,0.04,SPY200406C00340000,340.0,normalDay
2020-03-18,5102.0,-8234.0,0.0,100,240.0,322.5,0,0.0,0.0,,0.0,1,0.2,0.04,SPY200406C00340000,340.0,normalDay
2020-03-19,5102.0,-8183.0,0.0,100,240.51,322.5,0,0.0,0.0,,0.0,1,0.2,0.04,SPY200406C00340000,340.0,normalDay
2020-03-20,5102.0,-9352.0,0.0,100,228.8,322.5,0,0.0,0.0,,0.0,1,0.2,0.02,SPY200406C00340000,340.0,normalDay
2020-03-23,5102.0,-9937.0,0.0,100,222.95,322.5,0,0.0,0.0,,0.0,1,0.2,0.02,SPY200406C00340000,340.0,normalDay
2020-03-24,5102.0,-7919.0,0.0,100,243.15,322.5,0,0.0,0.0,,0.0,1,0.2,0.04,SPY200406C00340000,340.0,normalDay
2020-03-25,5102.0,-7553.0,0.0,100,246.79,322.5,0,0.0,0.0,,0.0,1,0.2,0.02,SPY200406C00340000,340.0,normalDay
2020-03-26,5102.0,-6112.0,0.0,100,261.2,322.5,0,0.0,0.0,,0.0,1,0.2,0.02,SPY200406C00340000,340.0,normalDay
2020-03-27,5102.0,-6890.0,0.0,100,253.42,322.5,0,0.0,0.0,,0.0,1,0.2,0.02,SPY200406C00340000,340.0,normalDay
2020-03-30,5102.0,-6066.0,0.0,100,261.65,322.5,0,0.0,0.0,,0.0,1,0.2,0.01,SPY200406C00340000,340.0,normalDay
2020-03-31,5102.0,-6456.0,0.0,100,257.75,322.5,0,0.0,0.0,,0.0,1,0.2,0.01,SPY200406C00340000,340.0,normalDay
2020-04-01,5102.0,-7616.0,0.0,100,246.15,322.5,0,0.0,0.0,,0.0,1,0.2,0.01,SPY200406C00340000,340.0,normalDay
2020-04-02,5102.0,-7048.0,0.0,100,251.83,322.5,0,0.0,0.0,,0.0,1,0.2,0.01,SPY200406C00340000,340.0,normalDay
2020-04-03,5102.0,-7412.0,0.0,100,248.19,322.5,0,0.0,0.0,,0.0,1,0.2,0.01,SPY200406C00340000,340.0,normalDay
2020-04-06,5122.0,-5764.0,20.0,100,264.86,322.5,0,0.0,0.0,,0.0,1,0.2,0.0,SPY200406C00340000,340.0,expirationDay
2020-04-07,5122.0,-5743.0,0.0,100,265.13,322.5,0,0.0,0.0,,0.0,1,1.1,1.16,SPY200508C00295000,295.0,normalDay
2020-04-08,5122.0,-4998.0,0.0,100,274.03,322.5,0,0.0,0.0,,0.0,1,1.1,2.61,SPY200508C00295000,295.0,normalDay
2020-04-09,5122.0,-4690.0,0.0,100,278.2,322.5,0,0.0,0.0,,0.0,1,1.1,3.7,SPY200508C00295000,295.0,normalDay
2020-04-13,5122.0,-4820.0,0.0,100,275.66,322.5,0,0.0,0.0,,0.0,1,1.1,2.46,SPY200508C00295000,295.0,normalDay
2020-04-14,5122.0,-4209.0,0.0,100,283.79,322.5,0,0.0,0.0,,0.0,1,1.1,4.48,SPY200508C00295000,295.0,normalDay
2020-04-15,5122.0,-4619.0,0.0,100,277.76,322.5,0,0.0,0.0,,0.0,1,1.1,2.55,SPY200508C00295000,295.0,normalDay
2020-04-16,5122.0,-4493.0,0.0,100,279.1,322.5,0,0.0,0.0,,0.0,1,1.1,2.63,SPY200508C00295000,295.0,normalDay
2020-04-17,5122.0,-3965.0,0.0,100,286.64,322.5,0,0.0,0.0,,0.0,1,1.1,4.89,SPY200508C00295000,295.0,normalDay
2020-04-20,5122.0,-4303.0,0.0,100,281.59,322.5,0,0.0,0.0,,0.0,1,1.1,3.22,SPY200508C00295000,295.0,normalDay
2020-04-21,5122.0,-4976.0,0.0,100,273.04,322.5,0,0.0,0.0,,0.0,1,1.1,1.4,SPY200508C00295000,295.0,normalDay
2020-04-22,5122.0,-4402.0,0.0,100,279.1,322.5,0,0.0,0.0,,0.0,1,1.1,1.72,SPY200508C00295000,295.0,normalDay
2020-04-23,5122.0,-4376.0,0.0,100,279.08,322.5,0,0.0,0.0,,0.0,1,1.1,1.44,SPY200508C00295000,295.0,normalDay
2020-04-24,5122.0,-3993.0,0.0,100,282.97,322.5,0,0.0,0.0,,0.0,1,1.1,1.5,SPY200508C00295000,295.0,normalDay
2020-04-27,5122.0,-3624.0,0.0,100,287.05,322.5,0,0.0,0.0,,0.0,1,1.1,1.89,SPY200508C00295000,295.0,normalDay
2020-04-28,5122.0,-3728.0,0.0,100,285.73,322.5,0,0.0,0.0,,0.0,1,1.1,1.61,SPY200508C00295000,295.0,normalDay
2020-04-29,5122.0,-3208.0,0.0,100,293.21,322.5,0,0.0,0.0,,0.0,1,1.1,3.89,SPY200508C00295000,295.0,normalDay
2020-04-30,5122.0,-3326.0,0.0,100,290.48,322.5,0,0.0,0.0,,0.0,1,1.1,2.34,SPY200508C00295000,295.0,normalDay
2020-05-01,5122.0,-3914.0,0.0,100,282.79,322.5,0,0.0,0.0,,0.0,1,1.1,0.53,SPY200508C00295000,295.0,normalDay
2020-05-04,5122.0,-3807.0,0.0,100,283.57,322.5,0,0.0,0.0,,0.0,1,1.1,0.24,SPY200508C00295000,295.0,normalDay
2020-05-05,5122.0,-3554.0,0.0,100,286.19,322.5,0,0.0,0.0,,0.0,1,1.1,0.33,SPY200508C00295000,295.0,normalDay
2020-05-06,5122.0,-3724.0,0.0,100,284.25,322.5,0,0.0,0.0,,0.0,1,1.1,0.09,SPY200508C00295000,295.0,normalDay
2020-05-07,5122.0,-3381.0,0.0,100,287.68,322.5,0,0.0,0.0,,0.0,1,1.1,0.09,SPY200508C00295000,295.0,normalDay
2020-05-08,5232.0,-3006.0,110.0,100,292.44,322.5,0,0.0,0.0,,0.0,1,1.1,0.0,SPY200508C00295000,295.0,expirationDay
2020-05-11,5232.0,-3007.0,0.0,100,292.5,322.5,0,0.0,0.0,,0.0,1,3.18,3.25,SPY200612C00302000,302.0,normalDay
2020-05-12,5232.0,-3477.0,0.0,100,286.67,322.5,0,0.0,0.0,,0.0,1,3.18,2.12,SPY200612C00302000,302.0,normalDay
2020-05-13,5232.0,-3919.0,0.0,100,281.6,322.5,0,0.0,0.0,,0.0,1,3.18,1.47,SPY200612C00302000,302.0,normalDay
2020-05-14,5232.0,-3605.0,0.0,100,284.97,322.5,0,0.0,0.0,,0.0,1,3.18,1.7,SPY200612C00302000,302.0,normalDay
2020-05-15,5232.0,-3451.0,0.0,100,286.28,322.5,0,0.0,0.0,,0.0,1,3.18,1.47,SPY200612C00302000,302.0,normalDay
2020-05-18,5232.0,-2821.0,0.0,100,295.0,322.5,0,0.0,0.0,,0.0,1,3.18,3.89,SPY200612C00302000,302.0,normalDay
2020-05-19,5232.0,-3036.0,0.0,100,291.97,322.5,0,0.0,0.0,,0.0,1,3.18,3.01,SPY200612C00302000,302.0,normalDay
2020-05-20,5232.0,-2694.0,0.0,100,296.93,322.5,0,0.0,0.0,,0.0,1,3.18,4.55,SPY200612C00302000,302.0,normalDay
2020-05-21,5232.0,-2793.0,0.0,100,294.88,322.5,0,0.0,0.0,,0.0,1,3.18,3.49,SPY200612C00302000,302.0,normalDay
2020-05-22,5232.0,-2730.0,0.0,100,295.44,322.5,0,0.0,0.0,,0.0,1,3.18,3.42,SPY200612C00302000,302.0,normalDay
2020-05-26,5232.0,-2473.0,0.0,100,299.08,322.5,0,0.0,0.0,,0.0,1,3.18,4.49,SPY200612C00302000,302.0,normalDay
2020-05-27,5232.0,-2256.0,0.0,100,303.53,322.5,0,0.0,0.0,,0.0,1,3.18,6.77,SPY200612C00302000,302.0,normalDay
2020-05-28,5232.0,-2331.0,0.0,100,302.97,322.5,0,0.0,0.0,,0.0,1,3.18,6.96,SPY200612C00302000,302.0,normalDay
2020-05-29,5232.0,-2235.0,0.0,100,304.32,322.5,0,0.0,0.0,,0.0,1,3.18,7.35,SPY200612C00302000,302.0,normalDay
2020-06-01,5232.0,-2103.0,0.0,100,305.55,322.5,0,0.0,0.0,,0.0,1,3.18,7.26,SPY200612C00302000,302.0,normalDay
2020-06-02,5232.0,-1971.0,0.0,100,308.08,322.5,0,0.0,0.0,,0.0,1,3.18,8.47,SPY200612C00302000,302.0,normalDay
2020-06-03,5232.0,-1869.0,0.0,100,312.18,322.5,0,0.0,0.0,,0.0,1,3.18,11.55,SPY200612C00302000,302.0,normalDay
2020-06-04,5232.0,-1865.0,0.0,100,311.36,322.5,0,0.0,0.0,,0.0,1,3.18,10.69,SPY200612C00302000,302.0,normalDay
2020-06-05,5232.0,-1746.0,0.0,100,319.34,322.5,0,0.0,0.0,,0.0,1,3.18,17.48,SPY200612C00302000,302.0,normalDay
2020-06-08,5232.0,-1692.0,0.0,100,323.2,322.5,0,0.0,0.0,,0.0,1,3.18,20.8,SPY200612C00302000,302.0,normalDay
2020-06-09,5232.0,-1805.0,0.0,100,320.79,322.5,0,0.0,0.0,,0.0,1,3.18,19.52,SPY200612C00302000,302.0,normalDay
2020-06-10,5232.0,-1695.0,0.0,100,319.0,322.5,0,0.0,0.0,,0.0,1,3.18,16.63,SPY200612C00302000,302.0,normalDay
2020-06-11,5232.0,-2124.0,0.0,100,300.61,322.5,0,0.0,0.0,,0.0,1,3.18,2.53,SPY200612C00302000,302.0,normalDay
2020-06-12,3500.0,-2124.0,-1732.0,0,304.21,0.0,0,0.0,0.0,,0.0,1,3.18,0.0,SPY200612C00302000,302.0,expirationDay
2020-06-15,3500.0,-9.0,0.0,0,307.05,0.0,1,10.23,10.32,SPY200731P00299000,299.0,0,0.0,0.0,,0.0,normalDay
2020-06-16,3500.0,164.0,0.0,0,312.96,0.0,1,10.23,8.59,SPY200731P00299000,299.0,0,0.0,0.0,,0.0,normalDay
2020-06-17,3500.0,173.0,0.0,0,311.66,0.0,1,10.23,8.5,SPY200731P00299000,299.0,0,0.0,0.0,,0.0,normalDay
2020-06-18,3500.0,205.0,0.0,0,311.78,0.0,1,10.23,8.18,SPY200731P00299000,299.0,0,0.0,0.0,,0.0,normalDay
2020-06-19,3500.0,87.0,0.0,0,308.64,0.0,1,10.23,9.36,SPY200731P00299000,299.0,0,0.0,0.0,,0.0,normalDay
2020-06-22,3500.0,308.0,0.0,0,310.62,0.0,1,10.23,7.15,SPY200731P00299000,299.0,0,0.0,0.0,,0.0,normalDay
2020-06-23,3500.0,357.0,0.0,0,312.05,0.0,1,10.23,6.66,SPY200731P00299000,299.0,0,0.0,0.0,,0.0,normalDay
2020-06-24,3500.0,99.0,0.0,0,304.09,0.0,1,10.23,9.24,SPY200731P00299000,299.0,0,0.0,0.0,,0.0,normalDay
2020-06-25,3500.0,277.0,0.0,0,307.35,0.0,1,10.23,7.46,SPY200731P00299000,299.0,0,0.0,0.0,,0.0,normalDay
2020-06-26,3500.0,19.0,0.0,0,300.05,0.0,1,10.23,10.04,SPY200731P00299000,299.0,0,0.0,0.0,,0.0,normalDay
2020-06-29,3500.0,252.0,0.0,0,304.46,0.0,1,10.23,7.71,SPY200731P00299000,299.0,0,0.0,0.0,,0.0,normalDay
2020-06-30,3500.0,420.0,0.0,0,308.36,0.0,1,10.23,6.03,SPY200731P00299000,299.0,0,0.0,0.0,,0.0,normalDay
2020-07-01,3500.0,525.0,0.0,0,310.52,0.0,1,10.23,4.98,SPY200731P00299000,299.0,0,0.0,0.0,,0.0,normalDay
2020-07-02,3500.0,611.0,0.0,0,312.23,0.0,1,10.23,4.12,SPY200731P00299000,299.0,0,0.0,0.0,,0.0,normalDay
2020-07-06,3500.0,718.0,0.0,0,317.05,0.0,1,10.23,3.05,SPY200731P00299000,299.0,0,0.0,0.0,,0.0,normalDay
2020-07-07,3500.0,641.0,0.0,0,313.78,0.0,1,10.23,3.82,SPY200731P00299000,299.0,0,0.0,0.0,,0.0,normalDay
2020-07-08,3500.0,730.0,0.0,0,316.18,0.0,1,10.23,2.93,SPY200731P00299000,299.0,0,0.0,0.0,,0.0,normalDay
2020-07-09,3500.0,684.0,0.0,0,314.38,0.0,1,10.23,3.39,SPY200731P00299000,299.0,0,0.0,0.0,,0.0,normalDay
2020-07-10,3500.0,792.0,0.0,0,317.59,0.0,1,10.23,2.31,SPY200731P00299000,299.0,0,0.0,0.0,,0.0,normalDay
2020-07-13,3500.0,685.0,0.0,0,314.84,0.0,1,10.23,3.38,SPY200731P00299000,299.0,0,0.0,0.0,,0.0,normalDay
2020-07-14,3500.0,804.0,0.0,0,318.92,0.0,1,10.23,2.19,SPY200731P00299000,299.0,0,0.0,0.0,,0.0,normalDay
2020-07-15,3500.0,881.0,0.0,0,321.85,0.0,1,10.23,1.42,SPY200731P00299000,299.0,0,0.0,0.0,,0.0,normalDay
2020-07-16,3500.0,871.0,0.0,0,320.79,0.0,1,10.23,1.52,SPY200731P00299000,299.0,0,0.0,0.0,,0.0,normalDay
2020-07-17,3500.0,938.0,0.0,0,321.72,0.0,1,10.23,0.85,SPY200731P00299000,299.0,0,0.0,0.0,,0.0,normalDay
2020-07-20,3500.0,976.0,0.0,0,324.32,0.0,1,10.23,0.47,SPY200731P00299000,299.0,0,0.0,0.0,,0.0,normalDay
2020-07-21,3500.0,984.0,0.0,0,325.01,0.0,1,10.23,0.39,SPY200731P00299000,299.0,0,0.0,0.0,,0.0,normalDay
2020-07-22,3500.0,997.0,0.0,0,326.86,0.0,1,10.23,0.26,SPY200731P00299000,299.0,0,0.0,0.0,,0.0,normalDay
2020-07-23,3500.0,984.0,0.0,0,322.96,0.0,1,10.23,0.39,SPY200731P00299000,299.0,0,0.0,0.0,,0.0,normalDay
2020-07-24,3500.0,1004.0,0.0,0,320.88,0.0,1,10.23,0.19,SPY200731P00299000,299.0,0,0.0,0.0,,0.0,normalDay
2020-07-27,3500.0,1017.0,0.0,0,323.22,0.0,1,10.23,0.06,SPY200731P00299000,299.0,0,0.0,0.0,,0.0,normalDay
2020-07-28,3500.0,1016.0,0.0,0,321.17,0.0,1,10.23,0.07,SPY200731P00299000,299.0,0,0.0,0.0,,0.0,normalDay
2020-07-29,3500.0,1020.0,0.0,0,325.12,0.0,1,10.23,0.03,SPY200731P00299000,299.0,0,0.0,0.0,,0.0,normalDay
2020-07-30,3500.0,1021.0,0.0,0,323.96,0.0,1,10.23,0.02,SPY200731P00299000,299.0,0,0.0,0.0,,0.0,normalDay
2020-07-31,4523.0,0.0,1023.0,0,326.52,0.0,1,10.23,0.0,SPY200731P00299000,299.0,0,0.0,0.0,,0.0,expirationDay
2020-08-03,4523.0,-4.0,0.0,0,328.79,0.0,1,6.65,6.69,SPY200918P00318000,318.0,0,0.0,0.0,,0.0,normalDay
2020-08-04,4523.0,58.0,0.0,0,330.06,0.0,1,6.65,6.07,SPY200918P00318000,318.0,0,0.0,0.0,,0.0,normalDay
2020-08-05,4523.0,141.0,0.0,0,332.11,0.0,1,6.65,5.24,SPY200918P00318000,318.0,0,0.0,0.0,,0.0,normalDay
2020-08-06,4523.0,212.0,0.0,0,334.33,0.0,1,6.65,4.53,SPY200918P00318000,318.0,0,0.0,0.0,,0.0,normalDay
2020-08-07,4523.0,223.0,0.0,0,334.57,0.0,1,6.65,4.42,SPY200918P00318000,318.0,0,0.0,0.0,,0.0,normalDay
2020-08-10,4523.0,267.0,0.0,0,335.57,0.0,1,6.65,3.98,SPY200918P00318000,318.0,0,0.0,0.0,,0.0,normalDay
2020-08-11,4523.0,167.0,0.0,0,332.8,0.0,1,6.65,4.98,SPY200918P00318000,318.0,0,0.0,0.0,,0.0,normalDay
2020-08-12,4523.0,313.0,0.0,0,337.44,0.0,1,6.65,3.52,SPY200918P00318000,318.0,0,0.0,0.0,,0.0,normalDay
2020-08-13,4523.0,306.0,0.0,0,336.83,0.0,1,6.65,3.59,SPY200918P00318000,318.0,0,0.0,0.0,,0.0,normalDay
2020-08-14,4523.0,325.0,0.0,0,336.84,0.0,1,6.65,3.4,SPY200918P00318000,318.0,0,0.0,0.0,,0.0,normalDay
2020-08-17,4523.0,385.0,0.0,0,337.91,0.0,1,6.65,2.8,SPY200918P00318000,318.0,0,0.0,0.0,,0.0,normalDay
2020-08-18,4523.0,405.0,0.0,0,338.64,0.0,1,6.65,2.6,SPY200918P00318000,318.0,0,0.0,0.0,,0.0,normalDay
2020-08-19,4523.0,381.0,0.0,0,337.23,0.0,1,6.65,2.84,SPY200918P00318000,318.0,0,0.0,0.0,,0.0,normalDay
2020-08-20,4523.0,402.0,0.0,0,338.28,0.0,1,6.65,2.63,SPY200918P00318000,318.0,0,0.0,0.0,,0.0,normalDay
2020-08-21,4523.0,440.0,0.0,0,339.48,0.0,1,6.65,2.25,SPY200918P00318000,318.0,0,0.0,0.0,,0.0,normalDay
2020-08-24,4523.0,496.0,0.0,0,342.92,0.0,1,6.65,1.69,SPY200918P00318000,318.0,0,0.0,0.0,,0.0,normalDay
2020-08-25,4523.0,520.0,0.0,0,344.12,0.0,1,6.65,1.45,SPY200918P00318000,318.0,0,0.0,0.0,,0.0,normalDay
2020-08-26,4523.0,533.0,0.0,0,347.57,0.0,1,6.65,1.32,SPY200918P00318000,318.0,0,0.0,0.0,,0.0,normalDay
2020-08-27,4523.0,535.0,0.0,0,348.33,0.0,1,6.65,1.3,SPY200918P00318000,318.0,0,0.0,0.0,,0.0,normalDay
2020-08-28,4523.0,572.0,0.0,0,350.58,0.0,1,6.65,0.93,SPY200918P00318000,318.0,0,0.0,0.0,,0.0,normalDay
2020-08-31,4523.0,549.0,0.0,0,349.31,0.0,1,6.65,1.16,SPY200918P00318000,318.0,0,0.0,0.0,,0.0,normalDay
2020-09-01,4523.0,578.0,0.0,0,352.6,0.0,1,6.65,0.87,SPY200918P00318000,318.0,0,0.0,0.0,,0.0,normalDay
2020-09-02,4523.0,600.0,0.0,0,357.7,0.0,1,6.65,0.65,SPY200918P00318000,318.0,0,0.0,0.0,,0.0,normalDay
2020-09-03,4523.0,481.0,0.0,0,345.39,0.0,1,6.65,1.84,SPY200918P00318000,318.0,0,0.0,0.0,,0.0,normalDay
2020-09-04,4523.0,470.0,0.0,0,342.57,0.0,1,6.65,1.95,SPY200918P00318000,318.0,0,0.0,0.0,,0.0,normalDay
2020-09-08,4523.0,414.0,0.0,0,333.21,0.0,1,6.65,2.51,SPY200918P00318000,318.0,0,0.0,0.0,,0.0,normalDay
2020-09-09,4523.0,547.0,0.0,0,339.79,0.0,1,6.65,1.18,SPY200918P00318000,318.0,0,0.0,0.0,,0.0,normalDay
2020-09-10,4523.0,501.0,0.0,0,333.89,0.0,1,6.65,1.64,SPY200918P00318000,318.0,0,0.0,0.0,,0.0,normalDay
2020-09-11,4523.0,562.0,0.0,0,334.06,0.0,1,6.65,1.03,SPY200918P00318000,318.0,0,0.0,0.0,,0.0,normalDay
2020-09-14,4523.0,641.0,0.0,0,338.46,0.0,1,6.65,0.24,SPY200918P00318000,318.0,0,0.0,0.0,,0.0,normalDay
2020-09-15,4523.0,653.0,0.0,0,340.17,0.0,1,6.65,0.12,SPY200918P00318000,318.0,0,0.0,0.0,,0.0,normalDay
2020-09-16,4523.0,653.0,0.0,0,338.82,0.0,1,6.65,0.12,SPY200918P00318000,318.0,0,0.0,0.0,,0.0,normalDay
2020-09-17,4523.0,654.0,0.0,0,335.84,0.0,1,6.65,0.11,SPY200918P00318000,318.0,0,0.0,0.0,,0.0,normalDay
2020-09-18,5188.0,0.0,665.0,0,330.65,0.0,1,6.65,0.0,SPY200918P00318000,318.0,0,0.0,0.0,,0.0,expirationDay
2020-09-21,5188.0,-15.0,0.0,0,326.97,0.0,1,14.21,14.36,SPY201030P00336000,336.0,0,0.0,0.0,,0.0,normalDay
2020-09-22,5188.0,159.0,0.0,0,330.3,0.0,1,14.21,12.62,SPY201030P00336000,336.0,0,0.0,0.0,,0.0,normalDay
2020-09-23,5188.0,-310.0,0.0,0,322.64,0.0,1,14.21,17.31,SPY201030P00336000,336.0,0,0.0,0.0,,0.0,normalDay
2020-09-24,5188.0,-213.0,0.0,0,323.5,0.0,1,14.21,16.34,SPY201030P00336000,336.0,0,0.0,0.0,,0.0,normalDay
2020-09-25,5188.0,138.0,0.0,0,328.73,0.0,1,14.21,12.83,SPY201030P00336000,336.0,0,0.0,0.0,,0.0,normalDay
2020-09-28,5188.0,444.0,0.0,0,334.19,0.0,1,14.21,9.77,SPY201030P00336000,336.0,0,0.0,0.0,,0.0,normalDay
2020-09-29,5188.0,388.0,0.0,0,332.37,0.0,1,14.21,10.33,SPY201030P00336000,336.0,0,0.0,0.0,,0.0,normalDay
2020-09-30,5188.0,435.0,0.0,0,334.89,0.0,1,14.21,9.86,SPY201030P00336000,336.0,0,0.0,0.0,,0.0,normalDay
2020-10-01,5188.0,586.0,0.0,0,337.04,0.0,1,14.21,8.35,SPY201030P00336000,336.0,0,0.0,0.0,,0.0,normalDay
2020-10-02,5188.0,455.0,0.0,0,333.84,0.0,1,14.21,9.66,SPY201030P00336000,336.0,0,0.0,0.0,,0.0,normalDay
2020-10-05,5188.0,752.0,0.0,0,339.76,0.0,1,14.21,6.69,SPY201030P00336000,336.0,0,0.0,0.0,,0.0,normalDay
2020-10-06,5188.0,573.0,0.0,0,334.93,0.0,1,14.21,8.48,SPY201030P00336000,336.0,0,0.0,0.0,,0.0,normalDay
2020-10-07,5188.0,853.0,0.0,0,340.76,0.0,1,14.21,5.68,SPY201030P00336000,336.0,0,0.0,0.0,,0.0,normalDay
2020-10-08,5188.0,1004.0,0.0,0,343.78,0.0,1,14.21,4.17,SPY201030P00336000,336.0,0,0.0,0.0,,0.0,normalDay
2020-10-09,5188.0,1137.0,0.0,0,346.85,0.0,1,14.21,2.84,SPY201030P00336000,336.0,0,0.0,0.0,,0.0,normalDay
2020-10-12,5188.0,1242.0,0.0,0,352.43,0.0,1,14.21,1.79,SPY201030P00336000,336.0,0,0.0,0.0,,0.0,normalDay
2020-10-13,5188.0,1209.0,0.0,0,350.13,0.0,1,14.21,2.12,SPY201030P00336000,336.0,0,0.0,0.0,,0.0,normalDay
2020-10-14,5188.0,1180.0,0.0,0,347.93,0.0,1,14.21,2.41,SPY201030P00336000,336.0,0,0.0,0.0,,0.0,normalDay
2020-10-15,5188.0,1190.0,0.0,0,347.5,0.0,1,14.21,2.31,SPY201030P00336000,336.0,0,0.0,0.0,,0.0,normalDay
2020-10-16,5188.0,1191.0,0.0,0,347.29,0.0,1,14.21,2.3,SPY201030P00336000,336.0,0,0.0,0.0,,0.0,normalDay
2020-10-19,5188.0,1105.0,0.0,0,342.01,0.0,1,14.21,3.16,SPY201030P00336000,336.0,0,0.0,0.0,,0.0,normalDay
2020-10-20,5188.0,1140.0,0.0,0,343.38,0.0,1,14.21,2.81,SPY201030P00336000,336.0,0,0.0,0.0,,0.0,normalDay
2020-10-21,5188.0,1193.0,0.0,0,342.73,0.0,1,14.21,2.28,SPY201030P00336000,336.0,0,0.0,0.0,,0.0,normalDay
2020-10-22,5188.0,1257.0,0.0,0,344.61,0.0,1,14.21,1.64,SPY201030P00336000,336.0,0,0.0,0.0,,0.0,normalDay
2020-10-23,5188.0,1318.0,0.0,0,345.78,0.0,1,14.21,1.03,SPY201030P00336000,336.0,0,0.0,0.0,,0.0,normalDay
2020-10-26,5188.0,1169.0,0.0,0,339.39,0.0,1,14.21,2.52,SPY201030P00336000,336.0,0,0.0,0.0,,0.0,normalDay
2020-10-27,5188.0,1206.0,0.0,0,338.22,0.0,1,14.21,2.15,SPY201030P00336000,336.0,0,0.0,0.0,,0.0,normalDay
2020-10-28,5188.0,405.0,0.0,0,326.66,0.0,1,14.21,10.16,SPY201030P00336000,336.0,0,0.0,0.0,,0.0,normalDay
2020-10-29,5188.0,835.0,0.0,0,329.98,0.0,1,14.21,5.86,SPY201030P00336000,336.0,0,0.0,0.0,,0.0,normalDay
2020-10-30,6609.0,-946.0,1421.0,100,326.54,336.0,1,14.21,0.0,SPY201030P00336000,336.0,0,0.0,0.0,,0.0,expirationDay
2020-11-02,6609.0,-584.0,0.0,100,330.2,336.0,0,0.0,0.0,,0.0,1,0.62,0.66,SPY201204C00366000,366.0,normalDay
2020-11-03,6609.0,-38.0,0.0,100,336.03,336.0,0,0.0,0.0,,0.0,1,0.62,1.03,SPY201204C00366000,366.0,normalDay
2020-11-04,6609.0,687.0,0.0,100,343.54,336.0,0,0.0,0.0,,0.0,1,0.62,1.29,SPY201204C00366000,366.0,normalDay
2020-11-05,6609.0,1237.0,0.0,100,350.24,336.0,0,0.0,0.0,,0.0,1,0.62,2.49,SPY201204C00366000,366.0,normalDay
2020-11-06,6609.0,1300.0,0.0,100,350.16,336.0,0,0.0,0.0,,0.0,1,0.62,1.78,SPY201204C00366000,366.0,normalDay
2020-11-09,6609.0,1606.0,0.0,100,354.56,336.0,0,0.0,0.0,,0.0,1,0.62,3.12,SPY201204C00366000,366.0,normalDay
2020-11-10,6609.0,1626.0,0.0,100,354.04,336.0,0,0.0,0.0,,0.0,1,0.62,2.4,SPY201204C00366000,366.0,normalDay
2020-11-11,6609.0,1857.0,0.0,100,356.67,336.0,0,0.0,0.0,,0.0,1,0.62,2.72,SPY201204C00366000,366.0,normalDay
2020-11-12,6609.0,1609.0,0.0,100,353.21,336.0,0,0.0,0.0,,0.0,1,0.62,1.74,SPY201204C00366000,366.0,normalDay
2020-11-13,6609.0,2003.0,0.0,100,358.1,336.0,0,0.0,0.0,,0.0,1,0.62,2.69,SPY201204C00366000,366.0,normalDay
2020-11-16,6609.0,2339.0,0.0,100,362.57,336.0,0,0.0,0.0,,0.0,1,0.62,3.8,SPY201204C00366000,366.0,normalDay
2020-11-17,6609.0,2229.0,0.0,100,360.62,336.0,0,0.0,0.0,,0.0,1,0.62,2.95,SPY201204C00366000,366.0,normalDay
2020-11-18,6609.0,1934.0,0.0,100,356.28,336.0,0,0.0,0.0,,0.0,1,0.62,1.56,SPY201204C00366000,366.0,normalDay
2020-11-19,6609.0,2080.0,0.0,100,357.78,336.0,0,0.0,0.0,,0.0,1,0.62,1.6,SPY201204C00366000,366.0,normalDay
2020-11-20,6609.0,1887.0,0.0,100,355.33,336.0,0,0.0,0.0,,0.0,1,0.62,1.08,SPY201204C00366000,366.0,normalDay
2020-11-23,6609.0,2113.0,0.0,100,357.46,336.0,0,0.0,0.0,,0.0,1,0.62,0.95,SPY201204C00366000,366.0,normalDay
2020-11-24,6609.0,2535.0,0.0,100,363.22,336.0,0,0.0,0.0,,0.0,1,0.62,2.49,SPY201204C00366000,366.0,normalDay
2020-11-25,6609.0,2553.0,0.0,100,362.66,336.0,0,0.0,0.0,,0.0,1,0.62,1.75,SPY201204C00366000,366.0,normalDay
2020-11-27,6609.0,2630.0,0.0,100,363.67,336.0,0,0.0,0.0,,0.0,1,0.62,1.99,SPY201204C00366000,366.0,normalDay
2020-11-30,6609.0,2541.0,0.0,100,362.06,336.0,0,0.0,0.0,,0.0,1,0.62,1.27,SPY201204C00366000,366.0,normalDay
2020-12-01,6609.0,2831.0,0.0,100,366.02,336.0,0,0.0,0.0,,0.0,1,0.62,2.33,SPY201204C00366000,366.0,normalDay
2020-12-02,6609.0,2912.0,0.0,100,366.79,336.0,0,0.0,0.0,,0.0,1,0.62,2.29,SPY201204C00366000,366.0,normalDay
2020-12-03,6609.0,2960.0,0.0,100,366.69,336.0,0,0.0,0.0,,0.0,1,0.62,1.71,SPY201204C00366000,366.0,normalDay
2020-12-04,9671.0,2960.0,3062.0,0,369.85,0.0,0,0.0,0.0,,0.0,1,0.62,0.0,SPY201204C00366000,366.0,expirationDay
2020-12-07,9671.0,-7.0,0.0,0,369.09,0.0,1,6.3,6.37,SPY210122P00357500,357.5,0,0.0,0.0,,0.0,normalDay
2020-12-08,9671.0,78.0,0.0,0,370.17,0.0,1,6.3,5.52,SPY210122P00357500,357.5,0,0.0,0.0,,0.0,normalDay
2020-12-09,9671.0,-54.0,0.0,0,366.85,0.0,1,6.3,6.84,SPY210122P00357500,357.5,0,0.0,0.0,,0.0,normalDay
2020-12-10,9671.0,-47.0,0.0,0,366.73,0.0,1,6.3,6.77,SPY210122P00357500,357.5,0,0.0,0.0,,0.0,normalDay
2020-12-11,9671.0,-73.0,0.0,0,366.3,0.0,1,6.3,7.03,SPY210122P00357500,357.5,0,0.0,0.0,,0.0,normalDay
2020-12-14,9671.0,-104.0,0.0,0,364.66,0.0,1,6.3,7.34,SPY210122P00357500,357.5,0,0.0,0.0,,0.0,normalDay
2020-12-15,9671.0,67.0,0.0,0,369.59,0.0,1,6.3,5.63,SPY210122P00357500,357.5,0,0.0,0.0,,0.0,normalDay
2020-12-16,9671.0,120.0,0.0,0,370.17,0.0,1,6.3,5.1,SPY210122P00357500,357.5,0,0.0,0.0,,0.0,normalDay
2020-12-17,9671.0,201.0,0.0,0,372.24,0.0,1,6.3,4.29,SPY210122P00357500,357.5,0,0.0,0.0,,0.0,normalDay
2020-12-18,9671.0,190.0,0.0,0,369.18,0.0,1,6.3,4.4,SPY210122P00357500,357.5,0,0.0,0.0,,0.0,normalDay
2020-12-21,9671.0,72.0,0.0,0,367.86,0.0,1,6.3,5.58,SPY210122P00357500,357.5,0,0.0,0.0,,0.0,normalDay
2020-12-22,9671.0,92.0,0.0,0,367.24,0.0,1,6.3,5.38,SPY210122P00357500,357.5,0,0.0,0.0,,0.0,normalDay
2020-12-23,9671.0,146.0,0.0,0,367.57,0.0,1,6.3,4.84,SPY210122P00357500,357.5,0,0.0,0.0,,0.0,normalDay
2020-12-24,9671.0,236.0,0.0,0,369.0,0.0,1,6.3,3.94,SPY210122P00357500,357.5,0,0.0,0.0,,0.0,normalDay
2020-12-28,9671.0,343.0,0.0,0,372.17,0.0,1,6.3,2.87,SPY210122P00357500,357.5,0,0.0,0.0,,0.0,normalDay
2020-12-29,9671.0,309.0,0.0,0,371.46,0.0,1,6.3,3.21,SPY210122P00357500,357.5,0,0.0,0.0,,0.0,normalDay
2020-12-30,9671.0,338.0,0.0,0,371.99,0.0,1,6.3,2.92,SPY210122P00357500,357.5,0,0.0,0.0,,0.0,normalDay
2020-12-31,9671.0,383.0,0.0,0,373.88,0.0,1,6.3,2.47,SPY210122P00357500,357.5,0,0.0,0.0,,0.0,normalDay
2021-01-04,9671.0,264.0,0.0,0,368.79,0.0,1,6.3,3.66,SPY210122P00357500,357.5,0,0.0,0.0,,0.0,normalDay
2021-01-05,9671.0,350.0,0.0,0,371.33,0.0,1,6.3,2.8,SPY210122P00357500,357.5,0,0.0,0.0,,0.0,normalDay
2021-01-06,9671.0,385.0,0.0,0,373.55,0.0,1,6.3,2.45,SPY210122P00357500,357.5,0,0.0,0.0,,0.0,normalDay
2021-01-07,9671.0,517.0,0.0,0,379.1,0.0,1,6.3,1.13,SPY210122P00357500,357.5,0,0.0,0.0,,0.0,normalDay
2021-01-08,9671.0,548.0,0.0,0,381.26,0.0,1,6.3,0.82,SPY210122P00357500,357.5,0,0.0,0.0,,0.0,normalDay
2021-01-11,9671.0,534.0,0.0,0,378.69,0.0,1,6.3,0.96,SPY210122P00357500,357.5,0,0.0,0.0,,0.0,normalDay
2021-01-12,9671.0,552.0,0.0,0,378.77,0.0,1,6.3,0.78,SPY210122P00357500,357.5,0,0.0,0.0,,0.0,normalDay
2021-01-13,9671.0,582.0,0.0,0,379.79,0.0,1,6.3,0.48,SPY210122P00357500,357.5,0,0.0,0.0,,0.0,normalDay
2021-01-14,9671.0,572.0,0.0,0,378.46,0.0,1,6.3,0.58,SPY210122P00357500,357.5,0,0.0,0.0,,0.0,normalDay
2021-01-15,9671.0,570.0,0.0,0,375.7,0.0,1,6.3,0.6,SPY210122P00357500,357.5,0,0.0,0.0,,0.0,normalDay
2021-01-19,9671.0,618.0,0.0,0,378.65,0.0,1,6.3,0.12,SPY210122P00357500,357.5,0,0.0,0.0,,0.0,normalDay
2021-01-20,9671.0,626.0,0.0,0,383.89,0.0,1,6.3,0.04,SPY210122P00357500,357.5,0,0.0,0.0,,0.0,normalDay
2021-01-21,9671.0,628.0,0.0,0,384.24,0.0,1,6.3,0.02,SPY210122P00357500,357.5,0,0.0,0.0,,0.0,normalDay
2021-01-22,10301.0,0.0,630.0,0,382.88,0.0,1,6.3,0.0,SPY210122P00357500,357.5,0,0.0,0.0,,0.0,expirationDay
2021-01-25,10301.0,-5.0,0.0,0,384.39,0.0,1,8.1,8.15,SPY210319P00373000,373.0,0,0.0,0.0,,0.0,normalDay
2021-01-26,10301.0,5.0,0.0,0,383.79,0.0,1,8.1,8.05,SPY210319P00373000,373.0,0,0.0,0.0,,0.0,normalDay
2021-01-27,10301.0,-645.0,0.0,0,374.41,0.0,1,8.1,14.55,SPY210319P00373000,373.0,0,0.0,0.0,,0.0,normalDay
2021-01-28,10301.0,-385.0,0.0,0,377.63,0.0,1,8.1,11.95,SPY210319P00373000,373.0,0,0.0,0.0,,0.0,normalDay
2021-01-29,10301.0,-854.0,0.0,0,370.07,0.0,1,8.1,16.64,SPY210319P00373000,373.0,0,0.0,0.0,,0.0,normalDay
2021-02-01,10301.0,-424.0,0.0,0,376.23,0.0,1,8.1,12.34,SPY210319P00373000,373.0,0,0.0,0.0,,0.0,normalDay
2021-02-02,10301.0,-51.0,0.0,0,381.55,0.0,1,8.1,8.61,SPY210319P00373000,373.0,0,0.0,0.0,,0.0,normalDay
2021-02-03,10301.0,38.0,0.0,0,381.85,0.0,1,8.1,7.72,SPY210319P00373000,373.0,0,0.0,0.0,,0.0,normalDay
2021-02-04,10301.0,191.0,0.0,0,386.19,0.0,1,8.1,6.19,SPY210319P00373000,373.0,0,0.0,0.0,,0.0,normalDay
2021-02-05,10301.0,254.0,0.0,0,387.71,0.0,1,8.1,5.56,SPY210319P00373000,373.0,0,0.0,0.0,,0.0,normalDay
2021-02-08,10301.0,334.0,0.0,0,390.51,0.0,1,8.1,4.76,SPY210319P00373000,373.0,0,0.0,0.0,,0.0,normalDay
2021-02-09,10301.0,342.0,0.0,0,390.25,0.0,1,8.1,4.68,SPY210319P00373000,373.0,0,0.0,0.0,,0.0,normalDay
2021-02-10,10301.0,333.0,0.0,0,390.08,0.0,1,8.1,4.77,SPY210319P00373000,373.0,0,0.0,0.0,,0.0,normalDay
2021-02-11,10301.0,371.0,0.0,0,390.71,0.0,1,8.1,4.39,SPY210319P00373000,373.0,0,0.0,0.0,,0.0,normalDay
2021-02-12,10301.0,457.0,0.0,0,392.64,0.0,1,8.1,3.53,SPY210319P00373000,373.0,0,0.0,0.0,,0.0,normalDay
2021-02-16,10301.0,460.0,0.0,0,392.3,0.0,1,8.1,3.5,SPY210319P00373000,373.0,0,0.0,0.0,,0.0,normalDay
2021-02-17,10301.0,478.0,0.0,0,392.39,0.0,1,8.1,3.32,SPY210319P00373000,373.0,0,0.0,0.0,,0.0,normalDay
2021-02-18,10301.0,438.0,0.0,0,390.72,0.0,1,8.1,3.72,SPY210319P00373000,373.0,0,0.0,0.0,,0.0,normalDay
2021-02-19,10301.0,450.0,0.0,0,390.03,0.0,1,8.1,3.6,SPY210319P00373000,373.0,0,0.0,0.0,,0.0,normalDay
2021-02-22,10301.0,398.0,0.0,0,387.03,0.0,1,8.1,4.12,SPY210319P00373000,373.0,0,0.0,0.0,,0.0,normalDay
2021-02-23,10301.0,426.0,0.0,0,387.5,0.0,1,8.1,3.84,SPY210319P00373000,373.0,0,0.0,0.0,,0.0,normalDay
2021-02-24,10301.0,554.0,0.0,0,391.77,0.0,1,8.1,2.56,SPY210319P00373000,373.0,0,0.0,0.0,,0.0,normalDay
2021-02-25,10301.0,216.0,0.0,0,382.33,0.0,1,8.1,5.94,SPY210319P00373000,373.0,0,0.0,0.0,,0.0,normalDay
2021-02-26,10301.0,181.0,0.0,0,380.36,0.0,1,8.1,6.29,SPY210319P00373000,373.0,0,0.0,0.0,,0.0,normalDay
2021-03-01,10301.0,533.0,0.0,0,389.58,0.0,1,8.1,2.77,SPY210319P00373000,373.0,0,0.0,0.0,,0.0,normalDay
2021-03-02,10301.0,467.0,0.0,0,386.54,0.0,1,8.1,3.43,SPY210319P00373000,373.0,0,0.0,0.0,,0.0,normalDay
2021-03-03,10301.0,329.0,0.0,0,381.42,0.0,1,8.1,4.81,SPY210319P00373000,373.0,0,0.0,0.0,,0.0,normalDay
2021-03-04,10301.0,150.0,0.0,0,376.7,0.0,1,8.1,6.6,SPY210319P00373000,373.0,0,0.0,0.0,,0.0,normalDay
2021-03-05,10301.0,449.0,0.0,0,383.63,0.0,1,8.1,3.61,SPY210319P00373000,373.0,0,0.0,0.0,,0.0,normalDay
2021-03-08,10301.0,432.0,0.0,0,381.72,0.0,1,8.1,3.78,SPY210319P00373000,373.0,0,0.0,0.0,,0.0,normalDay
2021-03-09,10301.0,597.0,0.0,0,387.17,0.0,1,8.1,2.13,SPY210319P00373000,373.0,0,0.0,0.0,,0.0,normalDay
2021-03-10,10301.0,693.0,0.0,0,389.58,0.0,1,8.1,1.17,SPY210319P00373000,373.0,0,0.0,0.0,,0.0,normalDay
2021-03-11,10301.0,743.0,0.0,0,393.53,0.0,1,8.1,0.67,SPY210319P00373000,373.0,0,0.0,0.0,,0.0,normalDay
2021-03-12,10301.0,779.0,0.0,0,394.06,0.0,1,8.1,0.31,SPY210319P00373000,373.0,0,0.0,0.0,,0.0,normalDay
2021-03-15,10301.0,798.0,0.0,0,396.41,0.0,1,8.1,0.12,SPY210319P00373000,373.0,0,0.0,0.0,,0.0,normalDay
2021-03-16,10301.0,796.0,0.0,0,395.91,0.0,1,8.1,0.14,SPY210319P00373000,373.0,0,0.0,0.0,,0.0,normalDay
2021-03-17,10301.0,806.0,0.0,0,397.26,0.0,1,8.1,0.04,SPY210319P00373000,373.0,0,0.0,0.0,,0.0,normalDay
2021-03-18,10301.0,799.0,0.0,0,391.48,0.0,1,8.1,0.11,SPY210319P00373000,373.0,0,0.0,0.0,,0.0,normalDay
2021-03-19,11111.0,0.0,810.0,0,389.48,0.0,1,8.1,0.0,SPY210319P00373000,373.0,0,0.0,0.0,,0.0,expirationDay
2021-03-22,11111.0,-7.0,0.0,0,392.59,0.0,1,5.08,5.15,SPY210430P00384000,384.0,0,0.0,0.0,,0.0,normalDay
2021-03-23,11111.0,-125.0,0.0,0,389.5,0.0,1,5.08,6.33,SPY210430P00384000,384.0,0,0.0,0.0,,0.0,normalDay
2021-03-24,11111.0,-200.0,0.0,0,387.52,0.0,1,5.08,7.08,SPY210430P00384000,384.0,0,0.0,0.0,,0.0,normalDay
2021-03-25,11111.0,-77.0,0.0,0,389.7,0.0,1,5.08,5.85,SPY210430P00384000,384.0,0,0.0,0.0,,0.0,normalDay
2021-03-26,11111.0,104.0,0.0,0,395.98,0.0,1,5.08,4.04,SPY210430P00384000,384.0,0,0.0,0.0,,0.0,normalDay
2021-03-29,11111.0,78.0,0.0,0,395.78,0.0,1,5.08,4.3,SPY210430P00384000,384.0,0,0.0,0.0,,0.0,normalDay
2021-03-30,11111.0,91.0,0.0,0,394.73,0.0,1,5.08,4.17,SPY210430P00384000,384.0,0,0.0,0.0,,0.0,normalDay
2021-03-31,11111.0,143.0,0.0,0,396.33,0.0,1,5.08,3.65,SPY210430P00384000,384.0,0,0.0,0.0,,0.0,normalDay
2021-04-01,11111.0,274.0,0.0,0,400.61,0.0,1,5.08,2.34,SPY210430P00384000,384.0,0,0.0,0.0,,0.0,normalDay
2021-04-05,11111.0,349.0,0.0,0,406.36,0.0,1,5.08,1.59,SPY210430P00384000,384.0,0,0.0,0.0,,0.0,normalDay
2021-04-06,11111.0,350.0,0.0,0,406.12,0.0,1,5.08,1.58,SPY210430P00384000,384.0,0,0.0,0.0,,0.0,normalDay
2021-04-07,11111.0,380.0,0.0,0,406.59,0.0,1,5.08,1.28,SPY210430P00384000,384.0,0,0.0,0.0,,0.0,normalDay
2021-04-08,11111.0,401.0,0.0,0,408.52,0.0,1,5.08,1.07,SPY210430P00384000,384.0,0,0.0,0.0,,0.0,normalDay
2021-04-09,11111.0,425.0,0.0,0,411.49,0.0,1,5.08,0.83,SPY210430P00384000,384.0,0,0.0,0.0,,0.0,normalDay
2021-04-12,11111.0,445.0,0.0,0,411.64,0.0,1,5.08,0.63,SPY210430P00384000,384.0,0,0.0,0.0,,0.0,normalDay
2021-04-13,11111.0,459.0,0.0,0,412.86,0.0,1,5.08,0.49,SPY210430P00384000,384.0,0,0.0,0.0,,0.0,normalDay
2021-04-14,11111.0,454.0,0.0,0,411.45,0.0,1,5.08,0.54,SPY210430P00384000,384.0,0,0.0,0.0,,0.0,normalDay
2021-04-15,11111.0,471.0,0.0,0,415.87,0.0,1,5.08,0.37,SPY210430P00384000,384.0,0,0.0,0.0,,0.0,normalDay
2021-04-16,11111.0,481.0,0.0,0,417.26,0.0,1,5.08,0.27,SPY210430P00384000,384.0,0,0.0,0.0,,0.0,normalDay
2021-04-19,11111.0,484.0,0.0,0,415.21,0.0,1,5.08,0.24,SPY210430P00384000,384.0,0,0.0,0.0,,0.0,normalDay
2021-04-20,11111.0,474.0,0.0,0,412.17,0.0,1,5.08,0.34,SPY210430P00384000,384.0,0,0.0,0.0,,0.0,normalDay
2021-04-21,11111.0,496.0,0.0,0,416.07,0.0,1,5.08,0.12,SPY210430P00384000,384.0,0,0.0,0.0,,0.0,normalDay
2021-04-22,11111.0,489.0,0.0,0,412.27,0.0,1,5.08,0.19,SPY210430P00384000,384.0,0,0.0,0.0,,0.0,normalDay
2021-04-23,11111.0,501.0,0.0,0,416.74,0.0,1,5.08,0.07,SPY210430P00384000,384.0,0,0.0,0.0,,0.0,normalDay
2021-04-26,11111.0,505.0,0.0,0,417.61,0.0,1,5.08,0.03,SPY210430P00384000,384.0,0,0.0,0.0,,0.0,normalDay
2021-04-27,11111.0,505.0,0.0,0,417.52,0.0,1,5.08,0.03,SPY210430P00384000,384.0,0,0.0,0.0,,0.0,normalDay
2021-04-28,11111.0,506.0,0.0,0,417.4,0.0,1,5.08,0.02,SPY210430P00384000,384.0,0,0.0,0.0,,0.0,normalDay
2021-04-29,11111.0,507.0,0.0,0,420.06,0.0,1,5.08,0.01,SPY210430P00384000,384.0,0,0.0,0.0,,0.0,normalDay
2021-04-30,11619.0,0.0,508.0,0,417.3,0.0,1,5.08,0.0,SPY210430P00384000,384.0,0,0.0,0.0,,0.0,expirationDay
2021-05-03,11619.0,-4.0,0.0,0,418.2,0.0,1,6.96,7.0,SPY210618P00411000,411.0,0,0.0,0.0,,0.0,normalDay
2021-05-04,11619.0,-134.0,0.0,0,415.62,0.0,1,6.96,8.3,SPY210618P00411000,411.0,0,0.0,0.0,,0.0,normalDay
2021-05-05,11619.0,-106.0,0.0,0,415.75,0.0,1,6.96,8.02,SPY210618P00411000,411.0,0,0.0,0.0,,0.0,normalDay
2021-05-06,11619.0,55.0,0.0,0,419.07,0.0,1,6.96,6.41,SPY210618P00411000,411.0,0,0.0,0.0,,0.0,normalDay
2021-05-07,11619.0,195.0,0.0,0,422.12,0.0,1,6.96,5.01,SPY210618P00411000,411.0,0,0.0,0.0,,0.0,normalDay
2021-05-10,11619.0,12.0,0.0,0,417.94,0.0,1,6.96,6.84,SPY210618P00411000,411.0,0,0.0,0.0,,0.0,normalDay
2021-05-11,11619.0,-168.0,0.0,0,414.21,0.0,1,6.96,8.64,SPY210618P00411000,411.0,0,0.0,0.0,,0.0,normalDay
2021-05-12,11619.0,-709.0,0.0,0,405.41,0.0,1,6.96,14.05,SPY210618P00411000,411.0,0,0.0,0.0,,0.0,normalDay
2021-05-13,11619.0,-362.0,0.0,0,410.28,0.0,1,6.96,10.58,SPY210618P00411000,411.0,0,0.0,0.0,,0.0,normalDay
2021-05-14,11619.0,70.0,0.0,0,416.58,0.0,1,6.96,6.26,SPY210618P00411000,411.0,0,0.0,0.0,,0.0,normalDay
2021-05-17,11619.0,29.0,0.0,0,415.52,0.0,1,6.96,6.67,SPY210618P00411000,411.0,0,0.0,0.0,,0.0,normalDay
2021-05-18,11619.0,-146.0,0.0,0,411.94,0.0,1,6.96,8.42,SPY210618P00411000,411.0,0,0.0,0.0,,0.0,normalDay
2021-05-19,11619.0,-189.0,0.0,0,410.86,0.0,1,6.96,8.85,SPY210618P00411000,411.0,0,0.0,0.0,,0.0,normalDay
2021-05-20,11619.0,37.0,0.0,0,415.28,0.0,1,6.96,6.59,SPY210618P00411000,411.0,0,0.0,0.0,,0.0,normalDay
2021-05-21,11619.0,79.0,0.0,0,414.94,0.0,1,6.96,6.17,SPY210618P00411000,411.0,0,0.0,0.0,,0.0,normalDay
2021-05-24,11619.0,288.0,0.0,0,419.17,0.0,1,6.96,4.08,SPY210618P00411000,411.0,0,0.0,0.0,,0.0,normalDay
2021-05-25,11619.0,261.0,0.0,0,418.24,0.0,1,6.96,4.35,SPY210618P00411000,411.0,0,0.0,0.0,,0.0,normalDay
2021-05-26,11619.0,339.0,0.0,0,419.07,0.0,1,6.96,3.57,SPY210618P00411000,411.0,0,0.0,0.0,,0.0,normalDay
2021-05-27,11619.0,395.0,0.0,0,419.29,0.0,1,6.96,3.01,SPY210618P00411000,411.0,0,0.0,0.0,,0.0,normalDay
2021-05-28,11619.0,421.0,0.0,0,420.04,0.0,1,6.96,2.75,SPY210618P00411000,411.0,0,0.0,0.0,,0.0,normalDay
2021-06-01,11619.0,418.0,0.0,0,419.67,0.0,1,6.96,2.78,SPY210618P00411000,411.0,0,0.0,0.0,,0.0,normalDay
2021-06-02,11619.0,466.0,0.0,0,420.33,0.0,1,6.96,2.3,SPY210618P00411000,411.0,0,0.0,0.0,,0.0,normalDay
2021-06-03,11619.0,428.0,0.0,0,418.77,0.0,1,6.96,2.68,SPY210618P00411000,411.0,0,0.0,0.0,,0.0,normalDay
2021-06-04,11619.0,547.0,0.0,0,422.6,0.0,1,6.96,1.49,SPY210618P00411000,411.0,0,0.0,0.0,,0.0,normalDay
2021-06-07,11619.0,584.0,0.0,0,422.19,0.0,1,6.96,1.12,SPY210618P00411000,411.0,0,0.0,0.0,,0.0,normalDay
2021-06-08,11619.0,571.0,0.0,0,422.28,0.0,1,6.96,1.25,SPY210618P00411000,411.0,0,0.0,0.0,,0.0,normalDay
2021-06-09,11619.0,553.0,0.0,0,421.65,0.0,1,6.96,1.43,SPY210618P00411000,411.0,0,0.0,0.0,,0.0,normalDay
2021-06-10,11619.0,630.0,0.0,0,423.61,0.0,1,6.96,0.66,SPY210618P00411000,411.0,0,0.0,0.0,,0.0,normalDay
2021-06-11,11619.0,648.0,0.0,0,424.31,0.0,1,6.96,0.48,SPY210618P00411000,411.0,0,0.0,0.0,,0.0,normalDay
2021-06-14,11619.0,664.0,0.0,0,425.26,0.0,1,6.96,0.32,SPY210618P00411000,411.0,0,0.0,0.0,,0.0,normalDay
2021-06-15,11619.0,657.0,0.0,0,424.48,0.0,1,6.96,0.39,SPY210618P00411000,411.0,0,0.0,0.0,,0.0,normalDay
2021-06-16,11619.0,643.0,0.0,0,422.11,0.0,1,6.96,0.53,SPY210618P00411000,411.0,0,0.0,0.0,,0.0,normalDay
2021-06-17,11619.0,677.0,0.0,0,421.97,0.0,1,6.96,0.19,SPY210618P00411000,411.0,0,0.0,0.0,,0.0,normalDay
2021-06-18,12315.0,0.0,696.0,0,414.92,0.0,1,6.96,0.0,SPY210618P00411000,411.0,0,0.0,0.0,,0.0,expirationDay
2021-06-21,12315.0,-5.0,0.0,0,420.86,0.0,1,6.73,6.78,SPY210730P00419000,419.0,0,0.0,0.0,,0.0,normalDay
2021-06-22,12315.0,100.0,0.0,0,423.11,0.0,1,6.73,5.73,SPY210730P00419000,419.0,0,0.0,0.0,,0.0,normalDay
2021-06-23,12315.0,118.0,0.0,0,422.6,0.0,1,6.73,5.55,SPY210730P00419000,419.0,0,0.0,0.0,,0.0,normalDay
2021-06-24,12315.0,206.0,0.0,0,425.1,0.0,1,6.73,4.67,SPY210730P00419000,419.0,0,0.0,0.0,,0.0,normalDay
2021-06-25,12315.0,278.0,0.0,0,426.61,0.0,1,6.73,3.95,SPY210730P00419000,419.0,0,0.0,0.0,,0.0,normalDay
2021-06-28,12315.0,313.0,0.0,0,427.47,0.0,1,6.73,3.6,SPY210730P00419000,419.0,0,0.0,0.0,,0.0,normalDay
2021-06-29,12315.0,329.0,0.0,0,427.7,0.0,1,6.73,3.44,SPY210730P00419000,419.0,0,0.0,0.0,,0.0,normalDay
2021-06-30,12315.0,357.0,0.0,0,428.06,0.0,1,6.73,3.16,SPY210730P00419000,419.0,0,0.0,0.0,,0.0,normalDay
2021-07-01,12315.0,398.0,0.0,0,430.43,0.0,1,6.73,2.75,SPY210730P00419000,419.0,0,0.0,0.0,,0.0,normalDay
2021-07-02,12315.0,460.0,0.0,0,433.72,0.0,1,6.73,2.13,SPY210730P00419000,419.0,0,0.0,0.0,,0.0,normalDay
2021-07-06,12315.0,446.0,0.0,0,432.93,0.0,1,6.73,2.27,SPY210730P00419000,419.0,0,0.0,0.0,,0.0,normalDay
2021-07-07,12315.0,478.0,0.0,0,434.46,0.0,1,6.73,1.95,SPY210730P00419000,419.0,0,0.0,0.0,,0.0,normalDay
2021-07-08,12315.0,360.0,0.0,0,430.92,0.0,1,6.73,3.13,SPY210730P00419000,419.0,0,0.0,0.0,,0.0,normalDay
2021-07-09,12315.0,507.0,0.0,0,435.52,0.0,1,6.73,1.66,SPY210730P00419000,419.0,0,0.0,0.0,,0.0,normalDay
2021-07-12,12315.0,545.0,0.0,0,437.08,0.0,1,6.73,1.28,SPY210730P00419000,419.0,0,0.0,0.0,,0.0,normalDay
2021-07-13,12315.0,515.0,0.0,0,435.59,0.0,1,6.73,1.58,SPY210730P00419000,419.0,0,0.0,0.0,,0.0,normalDay
2021-07-14,12315.0,558.0,0.0,0,436.24,0.0,1,6.73,1.15,SPY210730P00419000,419.0,0,0.0,0.0,,0.0,normalDay
2021-07-15,12315.0,536.0,0.0,0,434.75,0.0,1,6.73,1.37,SPY210730P00419000,419.0,0,0.0,0.0,,0.0,normalDay
2021-07-16,12315.0,478.0,0.0,0,431.34,0.0,1,6.73,1.95,SPY210730P00419000,419.0,0,0.0,0.0,,0.0,normalDay
2021-07-19,12315.0,305.0,0.0,0,424.97,0.0,1,6.73,3.68,SPY210730P00419000,419.0,0,0.0,0.0,,0.0,normalDay
2021-07-20,12315.0,505.0,0.0,0,431.06,0.0,1,6.73,1.68,SPY210730P00419000,419.0,0,0.0,0.0,,0.0,normalDay
2021-07-21,12315.0,606.0,0.0,0,434.55,0.0,1,6.73,0.67,SPY210730P00419000,419.0,0,0.0,0.0,,0.0,normalDay
2021-07-22,12315.0,627.0,0.0,0,435.46,0.0,1,6.73,0.46,SPY210730P00419000,419.0,0,0.0,0.0,,0.0,normalDay
2021-07-23,12315.0,658.0,0.0,0,439.94,0.0,1,6.73,0.15,SPY210730P00419000,419.0,0,0.0,0.0,,0.0,normalDay
2021-07-26,12315.0,667.0,0.0,0,441.02,0.0,1,6.73,0.06,SPY210730P00419000,419.0,0,0.0,0.0,,0.0,normalDay
2021-07-27,12315.0,660.0,0.0,0,439.01,0.0,1,6.73,0.13,SPY210730P00419000,419.0,0,0.0,0.0,,0.0,normalDay
2021-07-28,12315.0,668.0,0.0,0,438.83,0.0,1,6.73,0.05,SPY210730P00419000,419.0,0,0.0,0.0,,0.0,normalDay
2021-07-29,12315.0,671.0,0.0,0,440.65,0.0,1,6.73,0.02,SPY210730P00419000,419.0,0,0.0,0.0,,0.0,normalDay
2021-07-30,12988.0,0.0,673.0,0,438.51,0.0,1,6.73,0.0,SPY210730P00419000,419.0,0,0.0,0.0,,0.0,expirationDay
2021-08-02,12988.0,-5.0,0.0,0,437.59,0.0,1,8.22,8.27,SPY210917P00433000,433.0,0,0.0,0.0,,0.0,normalDay
2021-08-03,12988.0,159.0,0.0,0,441.15,0.0,1,8.22,6.63,SPY210917P00433000,433.0,0,0.0,0.0,,0.0,normalDay
2021-08-04,12988.0,115.0,0.0,0,438.98,0.0,1,8.22,7.07,SPY210917P00433000,433.0,0,0.0,0.0,,0.0,normalDay
2021-08-05,12988.0,219.0,0.0,0,441.76,0.0,1,8.22,6.03,SPY210917P00433000,433.0,0,0.0,0.0,,0.0,normalDay
2021-08-06,12988.0,288.0,0.0,0,442.49,0.0,1,8.22,5.34,SPY210917P00433000,433.0,0,0.0,0.0,,0.0,normalDay
2021-08-09,12988.0,303.0,0.0,0,442.13,0.0,1,8.22,5.19,SPY210917P00433000,433.0,0,0.0,0.0,,0.0,normalDay
2021-08-10,12988.0,311.0,0.0,0,442.68,0.0,1,8.22,5.11,SPY210917P00433000,433.0,0,0.0,0.0,,0.0,normalDay
2021-08-11,12988.0,372.0,0.0,0,443.78,0.0,1,8.22,4.5,SPY210917P00433000,433.0,0,0.0,0.0,,0.0,normalDay
2021-08-12,12988.0,427.0,0.0,0,445.11,0.0,1,8.22,3.95,SPY210917P00433000,433.0,0,0.0,0.0,,0.0,normalDay
2021-08-13,12988.0,463.0,0.0,0,445.92,0.0,1,8.22,3.59,SPY210917P00433000,433.0,0,0.0,0.0,,0.0,normalDay
2021-08-16,12988.0,487.0,0.0,0,446.97,0.0,1,8.22,3.35,SPY210917P00433000,433.0,0,0.0,0.0,,0.0,normalDay
2021-08-17,12988.0,374.0,0.0,0,444.04,0.0,1,8.22,4.48,SPY210917P00433000,433.0,0,0.0,0.0,,0.0,normalDay
2021-08-18,12988.0,157.0,0.0,0,439.18,0.0,1,8.22,6.65,SPY210917P00433000,433.0,0,0.0,0.0,,0.0,normalDay
2021-08-19,12988.0,195.0,0.0,0,439.86,0.0,1,8.22,6.27,SPY210917P00433000,433.0,0,0.0,0.0,,0.0,normalDay
2021-08-20,12988.0,395.0,0.0,0,443.36,0.0,1,8.22,4.27,SPY210917P00433000,433.0,0,0.0,0.0,,0.0,normalDay
2021-08-23,12988.0,557.0,0.0,0,447.26,0.0,1,8.22,2.65,SPY210917P00433000,433.0,0,0.0,0.0,,0.0,normalDay
2021-08-24,12988.0,572.0,0.0,0,447.97,0.0,1,8.22,2.5,SPY210917P00433000,433.0,0,0.0,0.0,,0.0,normalDay
2021-08-25,12988.0,609.0,0.0,0,448.91,0.0,1,8.22,2.13,SPY210917P00433000,433.0,0,0.0,0.0,,0.0,normalDay
2021-08-26,12988.0,529.0,0.0,0,446.26,0.0,1,8.22,2.93,SPY210917P00433000,433.0,0,0.0,0.0,,0.0,normalDay
2021-08-27,12988.0,656.0,0.0,0,450.25,0.0,1,8.22,1.66,SPY210917P00433000,433.0,0,0.0,0.0,,0.0,normalDay
2021-08-30,12988.0,701.0,0.0,0,452.23,0.0,1,8.22,1.21,SPY210917P00433000,433.0,0,0.0,0.0,,0.0,normalDay
2021-08-31,12988.0,697.0,0.0,0,451.56,0.0,1,8.22,1.25,SPY210917P00433000,433.0,0,0.0,0.0,,0.0,normalDay
2021-09-01,12988.0,716.0,0.0,0,451.8,0.0,1,8.22,1.06,SPY210917P00433000,433.0,0,0.0,0.0,,0.0,normalDay
2021-09-02,12988.0,721.0,0.0,0,453.19,0.0,1,8.22,1.01,SPY210917P00433000,433.0,0,0.0,0.0,,0.0,normalDay
2021-09-03,12988.0,740.0,0.0,0,453.08,0.0,1,8.22,0.82,SPY210917P00433000,433.0,0,0.0,0.0,,0.0,normalDay
2021-09-07,12988.0,738.0,0.0,0,451.46,0.0,1,8.22,0.84,SPY210917P00433000,433.0,0,0.0,0.0,,0.0,normalDay
2021-09-08,12988.0,748.0,0.0,0,450.91,0.0,1,8.22,0.74,SPY210917P00433000,433.0,0,0.0,0.0,,0.0,normalDay
2021-09-09,12988.0,729.0,0.0,0,448.98,0.0,1,8.22,0.93,SPY210917P00433000,433.0,0,0.0,0.0,,0.0,normalDay
2021-09-10,12988.0,660.0,0.0,0,445.44,0.0,1,8.22,1.62,SPY210917P00433000,433.0,0,0.0,0.0,,0.0,normalDay
2021-09-13,12988.0,745.0,0.0,0,446.58,0.0,1,8.22,0.77,SPY210917P00433000,433.0,0,0.0,0.0,,0.0,normalDay
2021-09-14,12988.0,754.0,0.0,0,444.17,0.0,1,8.22,0.68,SPY210917P00433000,433.0,0,0.0,0.0,,0.0,normalDay
2021-09-15,12988.0,806.0,0.0,0,447.88,0.0,1,8.22,0.16,SPY210917P00433000,433.0,0,0.0,0.0,,0.0,normalDay
2021-09-16,12988.0,812.0,0.0,0,447.17,0.0,1,8.22,0.1,SPY210917P00433000,433.0,0,0.0,0.0,,0.0,normalDay
2021-09-17,13810.0,0.0,822.0,0,441.4,0.0,1,8.22,0.0,SPY210917P00433000,433.0,0,0.0,0.0,,0.0,expirationDay
2021-09-20,13810.0,-52.0,0.0,0,434.04,0.0,1,15.55,16.07,SPY211029P00445000,445.0,0,0.0,0.0,,0.0,normalDay
2021-09-21,13810.0,-36.0,0.0,0,433.63,0.0,1,15.55,15.91,SPY211029P00445000,445.0,0,0.0,0.0,,0.0,normalDay
2021-09-22,13810.0,343.0,0.0,0,437.86,0.0,1,15.55,12.12,SPY211029P00445000,445.0,0,0.0,0.0,,0.0,normalDay
2021-09-23,13810.0,682.0,0.0,0,443.18,0.0,1,15.55,8.73,SPY211029P00445000,445.0,0,0.0,0.0,,0.0,normalDay
2021-09-24,13810.0,762.0,0.0,0,443.91,0.0,1,15.55,7.93,SPY211029P00445000,445.0,0,0.0,0.0,,0.0,normalDay
2021-09-27,13810.0,706.0,0.0,0,442.64,0.0,1,15.55,8.49,SPY211029P00445000,445.0,0,0.0,0.0,,0.0,normalDay
2021-09-28,13810.0,108.0,0.0,0,433.72,0.0,1,15.55,14.47,SPY211029P00445000,445.0,0,0.0,0.0,,0.0,normalDay
2021-09-29,13810.0,184.0,0.0,0,434.45,0.0,1,15.55,13.71,SPY211029P00445000,445.0,0,0.0,0.0,,0.0,normalDay
2021-09-30,13810.0,-204.0,0.0,0,429.14,0.0,1,15.55,17.59,SPY211029P00445000,445.0,0,0.0,0.0,,0.0,normalDay
2021-10-01,13810.0,219.0,0.0,0,434.24,0.0,1,15.55,13.36,SPY211029P00445000,445.0,0,0.0,0.0,,0.0,normalDay
2021-10-04,13810.0,-216.0,0.0,0,428.64,0.0,1,15.55,17.71,SPY211029P00445000,445.0,0,0.0,0.0,,0.0,normalDay
2021-10-05,13810.0,160.0,0.0,0,433.1,0.0,1,15.55,13.95,SPY211029P00445000,445.0,0,0.0,0.0,,0.0,normalDay
2021-10-06,13810.0,280.0,0.0,0,434.9,0.0,1,15.55,12.75,SPY211029P00445000,445.0,0,0.0,0.0,,0.0,normalDay
2021-10-07,13810.0,598.0,0.0,0,438.66,0.0,1,15.55,9.57,SPY211029P00445000,445.0,0,0.0,0.0,,0.0,normalDay
2021-10-08,13810.0,551.0,0.0,0,437.86,0.0,1,15.55,10.04,SPY211029P00445000,445.0,0,0.0,0.0,,0.0,normalDay
2021-10-11,13810.0,349.0,0.0,0,434.69,0.0,1,15.55,12.06,SPY211029P00445000,445.0,0,0.0,0.0,,0.0,normalDay
2021-10-12,13810.0,231.0,0.0,0,433.62,0.0,1,15.55,13.24,SPY211029P00445000,445.0,0,0.0,0.0,,0.0,normalDay
2021-10-13,13810.0,458.0,0.0,0,435.18,0.0,1,15.55,10.97,SPY211029P00445000,445.0,0,0.0,0.0,,0.0,normalDay
2021-10-14,13810.0,1007.0,0.0,0,442.5,0.0,1,15.55,5.48,SPY211029P00445000,445.0,0,0.0,0.0,,0.0,normalDay
2021-10-15,13810.0,1195.0,0.0,0,445.87,0.0,1,15.55,3.6,SPY211029P00445000,445.0,0,0.0,0.0,,0.0,normalDay
2021-10-18,13810.0,1281.0,0.0,0,447.19,0.0,1,15.55,2.74,SPY211029P00445000,445.0,0,0.0,0.0,,0.0,normalDay
2021-10-19,13810.0,1401.0,0.0,0,450.64,0.0,1,15.55,1.54,SPY211029P00445000,445.0,0,0.0,0.0,,0.0,normalDay
2021-10-20,13810.0,1441.0,0.0,0,452.41,0.0,1,15.55,1.14,SPY211029P00445000,445.0,0,0.0,0.0,,0.0,normalDay
2021-10-21,13810.0,1483.0,0.0,0,453.59,0.0,1,15.55,0.72,SPY211029P00445000,445.0,0,0.0,0.0,,0.0,normalDay
2021-10-22,13810.0,1492.0,0.0,0,453.12,0.0,1,15.55,0.63,SPY211029P00445000,445.0,0,0.0,0.0,,0.0,normalDay
2021-10-25,13810.0,1529.0,0.0,0,455.55,0.0,1,15.55,0.26,SPY211029P00445000,445.0,0,0.0,0.0,,0.0,normalDay
2021-10-26,13810.0,1534.0,0.0,0,455.96,0.0,1,15.55,0.21,SPY211029P00445000,445.0,0,0.0,0.0,,0.0,normalDay
2021-10-27,13810.0,1538.0,0.0,0,453.94,0.0,1,15.55,0.17,SPY211029P00445000,445.0,0,0.0,0.0,,0.0,normalDay
2021-10-28,13810.0,1551.0,0.0,0,458.32,0.0,1,15.55,0.04,SPY211029P00445000,445.0,0,0.0,0.0,,0.0,normalDay
2021-10-29,15365.0,0.0,1555.0,0,459.25,0.0,1,15.55,0.0,SPY211029P00445000,445.0,0,0.0,0.0,,0.0,expirationDay
2021-11-01,15365.0,-4.0,0.0,0,460.04,0.0,1,4.51,4.55,SPY211217P00440000,440.0,0,0.0,0.0,,0.0,normalDay
2021-11-02,15365.0,41.0,0.0,0,461.9,0.0,1,4.51,4.1,SPY211217P00440000,440.0,0,0.0,0.0,,0.0,normalDay
2021-11-03,15365.0,119.0,0.0,0,464.72,0.0,1,4.51,3.32,SPY211217P00440000,440.0,0,0.0,0.0,,0.0,normalDay
2021-11-04,15365.0,148.0,0.0,0,466.91,0.0,1,4.51,3.03,SPY211217P00440000,440.0,0,0.0,0.0,,0.0,normalDay
2021-11-05,15365.0,145.0,0.0,0,468.53,0.0,1,4.51,3.06,SPY211217P00440000,440.0,0,0.0,0.0,,0.0,normalDay
2021-11-08,15365.0,146.0,0.0,0,468.93,0.0,1,4.51,3.05,SPY211217P00440000,440.0,0,0.0,0.0,,0.0,normalDay
2021-11-09,15365.0,124.0,0.0,0,467.38,0.0,1,4.51,3.27,SPY211217P00440000,440.0,0,0.0,0.0,,0.0,normalDay
2021-11-10,15365.0,62.0,0.0,0,463.62,0.0,1,4.51,3.89,SPY211217P00440000,440.0,0,0.0,0.0,,0.0,normalDay
2021-11-11,15365.0,115.0,0.0,0,463.77,0.0,1,4.51,3.36,SPY211217P00440000,440.0,0,0.0,0.0,,0.0,normalDay
2021-11-12,15365.0,199.0,0.0,0,467.27,0.0,1,4.51,2.52,SPY211217P00440000,440.0,0,0.0,0.0,,0.0,normalDay
2021-11-15,15365.0,218.0,0.0,0,467.43,0.0,1,4.51,2.33,SPY211217P00440000,440.0,0,0.0,0.0,,0.0,normalDay
2021-11-16,15365.0,247.0,0.0,0,469.28,0.0,1,4.51,2.04,SPY211217P00440000,440.0,0,0.0,0.0,,0.0,normalDay
2021-11-17,15365.0,230.0,0.0,0,468.14,0.0,1,4.51,2.21,SPY211217P00440000,440.0,0,0.0,0.0,,0.0,normalDay
2021-11-18,15365.0,247.0,0.0,0,469.73,0.0,1,4.51,2.04,SPY211217P00440000,440.0,0,0.0,0.0,,0.0,normalDay
2021-11-19,15365.0,240.0,0.0,0,468.89,0.0,1,4.51,2.11,SPY211217P00440000,440.0,0,0.0,0.0,,0.0,normalDay
2021-11-22,15365.0,225.0,0.0,0,467.57,0.0,1,4.51,2.26,SPY211217P00440000,440.0,0,0.0,0.0,,0.0,normalDay
2021-11-23,15365.0,241.0,0.0,0,468.19,0.0,1,4.51,2.1,SPY211217P00440000,440.0,0,0.0,0.0,,0.0,normalDay
2021-11-24,15365.0,275.0,0.0,0,469.44,0.0,1,4.51,1.76,SPY211217P00440000,440.0,0,0.0,0.0,,0.0,normalDay
2021-11-26,15365.0,-173.0,0.0,0,458.97,0.0,1,4.51,6.24,SPY211217P00440000,440.0,0,0.0,0.0,,0.0,normalDay
2021-11-29,15365.0,195.0,0.0,0,464.6,0.0,1,4.51,2.56,SPY211217P00440000,440.0,0,0.0,0.0,,0.0,normalDay
2021-11-30,15365.0,6.0,0.0,0,455.56,0.0,1,4.51,4.45,SPY211217P00440000,440.0,0,0.0,0.0,,0.0,normalDay
2021-12-01,15365.0,-268.0,0.0,0,450.5,0.0,1,4.51,7.19,SPY211217P00440000,440.0,0,0.0,0.0,,0.0,normalDay
2021-12-02,15365.0,20.0,0.0,0,457.4,0.0,1,4.51,4.31,SPY211217P00440000,440.0,0,0.0,0.0,,0.0,normalDay
2021-12-03,15365.0,-108.0,0.0,0,453.42,0.0,1,4.51,5.59,SPY211217P00440000,440.0,0,0.0,0.0,,0.0,normalDay
2021-12-06,15365.0,154.0,0.0,0,458.79,0.0,1,4.51,2.97,SPY211217P00440000,440.0,0,0.0,0.0,,0.0,normalDay
2021-12-07,15365.0,353.0,0.0,0,468.28,0.0,1,4.51,0.98,SPY211217P00440000,440.0,0,0.0,0.0,,0.0,normalDay
2021-12-08,15365.0,405.0,0.0,0,469.52,0.0,1,4.51,0.46,SPY211217P00440000,440.0,0,0.0,0.0,,0.0,normalDay
2021-12-09,15365.0,375.0,0.0,0,466.35,0.0,1,4.51,0.76,SPY211217P00440000,440.0,0,0.0,0.0,,0.0,normalDay
2021-12-10,15365.0,429.0,0.0,0,470.74,0.0,1,4.51,0.22,SPY211217P00440000,440.0,0,0.0,0.0,,0.0,normalDay
2021-12-13,15365.0,435.0,0.0,0,466.57,0.0,1,4.51,0.16,SPY211217P00440000,440.0,0,0.0,0.0,,0.0,normalDay
2021-12-14,15365.0,431.0,0.0,0,463.36,0.0,1,4.51,0.2,SPY211217P00440000,440.0,0,0.0,0.0,,0.0,normalDay
2021-12-15,15365.0,444.0,0.0,0,470.6,0.0,1,4.51,0.07,SPY211217P00440000,440.0,0,0.0,0.0,,0.0,normalDay
2021-12-16,15365.0,446.0,0.0,0,466.45,0.0,1,4.51,0.05,SPY211217P00440000,440.0,0,0.0,0.0,,0.0,normalDay
2021-12-17,15816.0,0.0,451.0,0,459.87,0.0,1,4.51,0.0,SPY211217P00440000,440.0,0,0.0,0.0,,0.0,expirationDay
2021-12-20,15816.0,-9.0,0.0,0,454.98,0.0,1,12.8,12.89,SPY220128P00459000,459.0,0,0.0,0.0,,0.0,normalDay
2021-12-21,15816.0,377.0,0.0,0,463.06,0.0,1,12.8,9.03,SPY220128P00459000,459.0,0,0.0,0.0,,0.0,normalDay
2021-12-22,15816.0,629.0,0.0,0,467.69,0.0,1,12.8,6.51,SPY220128P00459000,459.0,0,0.0,0.0,,0.0,normalDay
2021-12-23,15816.0,755.0,0.0,0,470.6,0.0,1,12.8,5.25,SPY220128P00459000,459.0,0,0.0,0.0,,0.0,normalDay
2021-12-27,15816.0,941.0,0.0,0,477.26,0.0,1,12.8,3.39,SPY220128P00459000,459.0,0,0.0,0.0,,0.0,normalDay
2021-12-28,15816.0,964.0,0.0,0,476.87,0.0,1,12.8,3.16,SPY220128P00459000,459.0,0,0.0,0.0,,0.0,normalDay
2021-12-29,15816.0,1002.0,0.0,0,477.48,0.0,1,12.8,2.78,SPY220128P00459000,459.0,0,0.0,0.0,,0.0,normalDay
2021-12-30,15816.0,972.0,0.0,0,476.16,0.0,1,12.8,3.08,SPY220128P00459000,459.0,0,0.0,0.0,,0.0,normalDay
2021-12-31,15816.0,981.0,0.0,0,474.96,0.0,1,12.8,2.99,SPY220128P00459000,459.0,0,0.0,0.0,,0.0,normalDay
2022-01-03,15816.0,1060.0,0.0,0,477.71,0.0,1,12.8,2.2,SPY220128P00459000,459.0,0,0.0,0.0,,0.0,normalDay
2022-01-04,15816.0,1057.0,0.0,0,477.55,0.0,1,12.8,2.23,SPY220128P00459000,459.0,0,0.0,0.0,,0.0,normalDay
2022-01-05,15816.0,810.0,0.0,0,468.38,0.0,1,12.8,4.7,SPY220128P00459000,459.0,0,0.0,0.0,,0.0,normalDay
2022-01-06,15816.0,822.0,0.0,0,467.94,0.0,1,12.8,4.58,SPY220128P00459000,459.0,0,0.0,0.0,,0.0,normalDay
2022-01-07,15816.0,844.0,0.0,0,466.09,0.0,1,12.8,4.36,SPY220128P00459000,459.0,0,0.0,0.0,,0.0,normalDay
2022-01-10,15816.0,830.0,0.0,0,465.51,0.0,1,12.8,4.5,SPY220128P00459000,459.0,0,0.0,0.0,,0.0,normalDay
2022-01-11,15816.0,963.0,0.0,0,469.75,0.0,1,12.8,3.17,SPY220128P00459000,459.0,0,0.0,0.0,,0.0,normalDay
2022-01-12,15816.0,1030.0,0.0,0,471.02,0.0,1,12.8,2.5,SPY220128P00459000,459.0,0,0.0,0.0,,0.0,normalDay
2022-01-13,15816.0,802.0,0.0,0,464.53,0.0,1,12.8,4.78,SPY220128P00459000,459.0,0,0.0,0.0,,0.0,normalDay
2022-01-14,15816.0,876.0,0.0,0,464.72,0.0,1,12.8,4.04,SPY220128P00459000,459.0,0,0.0,0.0,,0.0,normalDay
2022-01-18,15816.0,488.0,0.0,0,456.49,0.0,1,12.8,7.92,SPY220128P00459000,459.0,0,0.0,0.0,,0.0,normalDay
2022-01-19,15816.0,295.0,0.0,0,451.75,0.0,1,12.8,9.85,SPY220128P00459000,459.0,0,0.0,0.0,,0.0,normalDay
2022-01-20,15816.0,-125.0,0.0,0,446.75,0.0,1,12.8,14.05,SPY220128P00459000,459.0,0,0.0,0.0,,0.0,normalDay
2022-01-21,15816.0,-853.0,0.0,0,437.98,0.0,1,12.8,21.33,SPY220128P00459000,459.0,0,0.0,0.0,,0.0,normalDay
2022-01-24,15816.0,-811.0,0.0,0,439.84,0.0,1,12.8,20.91,SPY220128P00459000,459.0,0,0.0,0.0,,0.0,normalDay
2022-01-25,15816.0,-1363.0,0.0,0,434.47,0.0,1,12.8,26.43,SPY220128P00459000,459.0,0,0.0,0.0,,0.0,normalDay
2022-01-26,15816.0,-1365.0,0.0,0,433.38,0.0,1,12.8,26.45,SPY220128P00459000,459.0,0,0.0,0.0,,0.0,normalDay
2022-01-27,15816.0,-1454.0,0.0,0,431.24,0.0,1,12.8,27.34,SPY220128P00459000,459.0,0,0.0,0.0,,0.0,normalDay
2022-01-28,17096.0,-1705.0,1280.0,100,441.95,459.0,1,12.8,0.0,SPY220128P00459000,459.0,0,0.0,0.0,,0.0,expirationDay
2022-01-31,17096.0,-912.0,0.0,100,449.91,459.0,0,0.0,0.0,,0.0,1,0.06,0.09,SPY220304C00505000,505.0,normalDay
2022-02-01,17096.0,-606.0,0.0,100,452.95,459.0,0,0.0,0.0,,0.0,1,0.06,0.07,SPY220304C00505000,505.0,normalDay
2022-02-02,17096.0,-164.0,0.0,100,457.35,459.0,0,0.0,0.0,,0.0,1,0.06,0.05,SPY220304C00505000,505.0,normalDay
2022-02-03,17096.0,-1238.0,0.0,100,446.6,459.0,0,0.0,0.0,,0.0,1,0.06,0.04,SPY220304C00505000,505.0,normalDay
2022-02-04,17096.0,-1027.0,0.0,100,448.7,459.0,0,0.0,0.0,,0.0,1,0.06,0.03,SPY220304C00505000,505.0,normalDay
2022-02-07,17096.0,-1170.0,0.0,100,447.26,459.0,0,0.0,0.0,,0.0,1,0.06,0.02,SPY220304C00505000,505.0,normalDay
2022-02-08,17096.0,-802.0,0.0,100,450.94,459.0,0,0.0,0.0,,0.0,1,0.06,0.02,SPY220304C00505000,505.0,normalDay
2022-02-09,17096.0,-143.0,0.0,100,457.54,459.0,0,0.0,0.0,,0.0,1,0.06,0.03,SPY220304C00505000,505.0,normalDay
2022-02-10,17096.0,-964.0,0.0,100,449.32,459.0,0,0.0,0.0,,0.0,1,0.06,0.02,SPY220304C00505000,505.0,normalDay
2022-02-11,17096.0,-1850.0,0.0,100,440.46,459.0,0,0.0,0.0,,0.0,1,0.06,0.02,SPY220304C00505000,505.0,normalDay
2022-02-14,17096.0,-1994.0,0.0,100,439.02,459.0,0,0.0,0.0,,0.0,1,0.06,0.02,SPY220304C00505000,505.0,normalDay
2022-02-15,17096.0,-1286.0,0.0,100,446.1,459.0,0,0.0,0.0,,0.0,1,0.06,0.02,SPY220304C00505000,505.0,normalDay
2022-02-16,17096.0,-1235.0,0.0,100,446.6,459.0,0,0.0,0.0,,0.0,1,0.06,0.01,SPY220304C00505000,505.0,normalDay
2022-02-17,17096.0,-2189.0,0.0,100,437.06,459.0,0,0.0,0.0,,0.0,1,0.06,0.01,SPY220304C00505000,505.0,normalDay
2022-02-18,17096.0,-2472.0,0.0,100,434.23,459.0,0,0.0,0.0,,0.0,1,0.06,0.01,SPY220304C00505000,505.0,normalDay
2022-02-22,17096.0,-2938.0,0.0,100,429.57,459.0,0,0.0,0.0,,0.0,1,0.06,0.01,SPY220304C00505000,505.0,normalDay
2022-02-23,17096.0,-3701.0,0.0,100,421.95,459.0,0,0.0,0.0,,0.0,1,0.06,0.02,SPY220304C00505000,505.0,normalDay
2022-02-24,17096.0,-3066.0,0.0,100,428.3,459.0,0,0.0,0.0,,0.0,1,0.06,0.02,SPY220304C00505000,505.0,normalDay
2022-02-25,17096.0,-2120.0,0.0,100,437.75,459.0,0,0.0,0.0,,0.0,1,0.06,0.01,SPY220304C00505000,505.0,normalDay
2022-02-28,17096.0,-2232.0,0.0,100,436.63,459.0,0,0.0,0.0,,0.0,1,0.06,0.01,SPY220304C00505000,505.0,normalDay
2022-03-01,17096.0,-2897.0,0.0,100,429.98,459.0,0,0.0,0.0,,0.0,1,0.06,0.01,SPY220304C00505000,505.0,normalDay
2022-03-02,17096.0,-2106.0,0.0,100,437.89,459.0,0,0.0,0.0,,0.0,1,0.06,0.01,SPY220304C00505000,505.0,normalDay
2022-03-03,17096.0,-2324.0,0.0,100,435.71,459.0,0,0.0,0.0,,0.0,1,0.06,0.01,SPY220304C00505000,505.0,normalDay
2022-03-04,17102.0,-2683.0,6.0,100,432.17,459.0,0,0.0,0.0,,0.0,1,0.06,0.0,SPY220304C00505000,505.0,expirationDay
2022-03-07,17102.0,-3960.0,0.0,100,419.43,459.0,0,0.0,0.0,,0.0,1,0.25,0.28,SPY220408C00469000,469.0,normalDay
2022-03-08,17102.0,-4273.0,0.0,100,416.25,459.0,0,0.0,0.0,,0.0,1,0.25,0.23,SPY220408C00469000,469.0,normalDay
2022-03-09,17102.0,-3178.0,0.0,100,427.41,459.0,0,0.0,0.0,,0.0,1,0.25,0.44,SPY220408C00469000,469.0,normalDay
2022-03-10,17102.0,-3356.0,0.0,100,425.48,459.0,0,0.0,0.0,,0.0,1,0.25,0.29,SPY220408C00469000,469.0,normalDay
2022-03-11,17102.0,-3890.0,0.0,100,420.07,459.0,0,0.0,0.0,,0.0,1,0.25,0.22,SPY220408C00469000,469.0,normalDay
2022-03-14,17102.0,-4190.0,0.0,100,417.0,459.0,0,0.0,0.0,,0.0,1,0.25,0.15,SPY220408C00469000,469.0,normalDay
2022-03-15,17102.0,-3282.0,0.0,100,426.17,459.0,0,0.0,0.0,,0.0,1,0.25,0.24,SPY220408C00469000,469.0,normalDay
2022-03-16,17102.0,-2351.0,0.0,100,435.62,459.0,0,0.0,0.0,,0.0,1,0.25,0.38,SPY220408C00469000,469.0,normalDay
2022-03-17,17102.0,-1816.0,0.0,100,441.07,459.0,0,0.0,0.0,,0.0,1,0.25,0.48,SPY220408C00469000,469.0,normalDay
2022-03-18,17102.0,-1488.0,0.0,100,444.52,459.0,0,0.0,0.0,,0.0,1,0.25,0.65,SPY220408C00469000,469.0,normalDay
2022-03-21,17102.0,-1480.0,0.0,100,444.39,459.0,0,0.0,0.0,,0.0,1,0.25,0.44,SPY220408C00469000,469.0,normalDay
2022-03-22,17102.0,-987.0,0.0,100,449.59,459.0,0,0.0,0.0,,0.0,1,0.25,0.71,SPY220408C00469000,469.0,normalDay
2022-03-23,17102.0,-1523.0,0.0,100,443.8,459.0,0,0.0,0.0,,0.0,1,0.25,0.28,SPY220408C00469000,469.0,normalDay
2022-03-24,17102.0,-876.0,0.0,100,450.49,459.0,0,0.0,0.0,,0.0,1,0.25,0.5,SPY220408C00469000,469.0,normalDay
2022-03-25,17102.0,-649.0,0.0,100,452.69,459.0,0,0.0,0.0,,0.0,1,0.25,0.43,SPY220408C00469000,469.0,normalDay
2022-03-28,17102.0,-331.0,0.0,100,455.91,459.0,0,0.0,0.0,,0.0,1,0.25,0.47,SPY220408C00469000,469.0,normalDay
2022-03-29,17102.0,145.0,0.0,100,461.55,459.0,0,0.0,0.0,,0.0,1,0.25,1.35,SPY220408C00469000,469.0,normalDay
2022-03-30,17102.0,-86.0,0.0,100,458.7,459.0,0,0.0,0.0,,0.0,1,0.25,0.81,SPY220408C00469000,469.0,normalDay
2022-03-31,17102.0,-730.0,0.0,100,451.64,459.0,0,0.0,0.0,,0.0,1,0.25,0.19,SPY220408C00469000,469.0,normalDay
2022-04-01,17102.0,-589.0,0.0,100,452.92,459.0,0,0.0,0.0,,0.0,1,0.25,0.06,SPY220408C00469000,469.0,normalDay
2022-04-04,17102.0,-202.0,0.0,100,456.8,459.0,0,0.0,0.0,,0.0,1,0.25,0.07,SPY220408C00469000,469.0,normalDay
2022-04-05,17102.0,-774.0,0.0,100,451.03,459.0,0,0.0,0.0,,0.0,1,0.25,0.02,SPY220408C00469000,469.0,normalDay
2022-04-06,17102.0,-1224.0,0.0,100,446.52,459.0,0,0.0,0.0,,0.0,1,0.25,0.01,SPY220408C00469000,469.0,normalDay
2022-04-07,17102.0,-999.0,0.0,100,448.77,459.0,0,0.0,0.0,,0.0,1,0.25,0.01,SPY220408C00469000,469.0,normalDay
2022-04-08,17127.0,-1143.0,25.0,100,447.57,459.0,0,0.0,0.0,,0.0,1,0.25,0.0,SPY220408C00469000,469.0,expirationDay
2022-04-11,17127.0,-1912.0,0.0,100,439.92,459.0,0,0.0,0.0,,0.0,1,0.24,0.28,SPY220513C00474000,474.0,normalDay
2022-04-12,17127.0,-2068.0,0.0,100,438.29,459.0,0,0.0,0.0,,0.0,1,0.24,0.21,SPY220513C00474000,474.0,normalDay
2022-04-13,17127.0,-1573.0,0.0,100,443.31,459.0,0,0.0,0.0,,0.0,1,0.24,0.28,SPY220513C00474000,474.0,normalDay
2022-04-14,17127.0,-2112.0,0.0,100,437.79,459.0,0,0.0,0.0,,0.0,1,0.24,0.15,SPY220513C00474000,474.0,normalDay
2022-04-18,17127.0,-2091.0,0.0,100,437.97,459.0,0,0.0,0.0,,0.0,1,0.24,0.12,SPY220513C00474000,474.0,normalDay
2022-04-19,17127.0,-1389.0,0.0,100,445.04,459.0,0,0.0,0.0,,0.0,1,0.24,0.17,SPY220513C00474000,474.0,normalDay
2022-04-20,17127.0,-1421.0,0.0,100,444.71,459.0,0,0.0,0.0,,0.0,1,0.24,0.16,SPY220513C00474000,474.0,normalDay
2022-04-21,17127.0,-2077.0,0.0,100,438.06,459.0,0,0.0,0.0,,0.0,1,0.24,0.07,SPY220513C00474000,474.0,normalDay
2022-04-22,17127.0,-3275.0,0.0,100,426.04,459.0,0,0.0,0.0,,0.0,1,0.24,0.03,SPY220513C00474000,474.0,normalDay
2022-04-25,17127.0,-3028.0,0.0,100,428.51,459.0,0,0.0,0.0,,0.0,1,0.24,0.03,SPY220513C00474000,474.0,normalDay
2022-04-26,17127.0,-4269.0,0.0,100,416.1,459.0,0,0.0,0.0,,0.0,1,0.24,0.03,SPY220513C00474000,474.0,normalDay
2022-04-27,17127.0,-4151.0,0.0,100,417.27,459.0,0,0.0,0.0,,0.0,1,0.24,0.02,SPY220513C00474000,474.0,normalDay
2022-04-28,17127.0,-3098.0,0.0,100,427.81,459.0,0,0.0,0.0,,0.0,1,0.24,0.03,SPY220513C00474000,474.0,normalDay
2022-04-29,17127.0,-4678.0,0.0,100,412.0,459.0,0,0.0,0.0,,0.0,1,0.24,0.02,SPY220513C00474000,474.0,normalDay
2022-05-02,17127.0,-4430.0,0.0,100,414.48,459.0,0,0.0,0.0,,0.0,1,0.24,0.02,SPY220513C00474000,474.0,normalDay
2022-05-03,17127.0,-4239.0,0.0,100,416.38,459.0,0,0.0,0.0,,0.0,1,0.24,0.01,SPY220513C00474000,474.0,normalDay
2022-05-04,17127.0,-2972.0,0.0,100,429.06,459.0,0,0.0,0.0,,0.0,1,0.24,0.02,SPY220513C00474000,474.0,normalDay
2022-05-05,17127.0,-4497.0,0.0,100,413.81,459.0,0,0.0,0.0,,0.0,1,0.24,0.02,SPY220513C00474000,474.0,normalDay
2022-05-06,17127.0,-4743.0,0.0,100,411.34,459.0,0,0.0,0.0,,0.0,1,0.24,0.01,SPY220513C00474000,474.0,normalDay
2022-05-09,17127.0,-6060.0,0.0,100,398.17,459.0,0,0.0,0.0,,0.0,1,0.24,0.01,SPY220513C00474000,474.0,normalDay
2022-05-10,17127.0,-5968.0,0.0,100,399.09,459.0,0,0.0,0.0,,0.0,1,0.24,0.01,SPY220513C00474000,474.0,normalDay
2022-05-11,17127.0,-6602.0,0.0,100,392.75,459.0,0,0.0,0.0,,0.0,1,0.24,0.01,SPY220513C00474000,474.0,normalDay
2022-05-12,17127.0,-6643.0,0.0,100,392.34,459.0,0,0.0,0.0,,0.0,1,0.24,0.01,SPY220513C00474000,474.0,normalDay
2022-05-13,17151.0,-5728.0,24.0,100,401.72,459.0,0,0.0,0.0,,0.0,1,0.24,0.0,SPY220513C00474000,474.0,expirationDay
2022-05-16,17151.0,-5894.0,0.0,100,400.09,459.0,0,0.0,0.0,,0.0,1,0.02,0.05,SPY220617C00468000,468.0,normalDay
2022-05-17,17151.0,-5071.0,0.0,100,408.32,459.0,0,0.0,0.0,,0.0,1,0.02,0.05,SPY220617C00468000,468.0,normalDay
2022-05-18,17151.0,-6716.0,0.0,100,391.86,459.0,0,0.0,0.0,,0.0,1,0.02,0.04,SPY220617C00468000,468.0,normalDay
2022-05-19,17151.0,-6956.0,0.0,100,389.46,459.0,0,0.0,0.0,,0.0,1,0.02,0.04,SPY220617C00468000,468.0,normalDay
2022-05-20,17151.0,-6939.0,0.0,100,389.63,459.0,0,0.0,0.0,,0.0,1,0.02,0.04,SPY220617C00468000,468.0,normalDay
2022-05-23,17151.0,-6210.0,0.0,100,396.92,459.0,0,0.0,0.0,,0.0,1,0.02,0.04,SPY220617C00468000,468.0,normalDay
2022-05-24,17151.0,-6513.0,0.0,100,393.89,459.0,0,0.0,0.0,,0.0,1,0.02,0.04,SPY220617C00468000,468.0,normalDay
2022-05-25,17151.0,-6165.0,0.0,100,397.37,459.0,0,0.0,0.0,,0.0,1,0.02,0.04,SPY220617C00468000,468.0,normalDay
2022-05-26,17151.0,-5372.0,0.0,100,405.31,459.0,0,0.0,0.0,,0.0,1,0.02,0.05,SPY220617C00468000,468.0,normalDay
2022-05-27,17151.0,-4380.0,0.0,100,415.26,459.0,0,0.0,0.0,,0.0,1,0.02,0.08,SPY220617C00468000,468.0,normalDay
2022-05-31,17151.0,-4610.0,0.0,100,412.93,459.0,0,0.0,0.0,,0.0,1,0.02,0.05,SPY220617C00468000,468.0,normalDay
2022-06-01,17151.0,-4942.0,0.0,100,409.59,459.0,0,0.0,0.0,,0.0,1,0.02,0.03,SPY220617C00468000,468.0,normalDay
2022-06-02,17151.0,-4162.0,0.0,100,417.39,459.0,0,0.0,0.0,,0.0,1,0.02,0.03,SPY220617C00468000,468.0,normalDay
2022-06-03,17151.0,-4847.0,0.0,100,410.54,459.0,0,0.0,0.0,,0.0,1,0.02,0.03,SPY220617C00468000,468.0,normalDay
2022-06-06,17151.0,-4721.0,0.0,100,411.79,459.0,0,0.0,0.0,,0.0,1,0.02,0.02,SPY220617C00468000,468.0,normalDay
2022-06-07,17151.0,-4326.0,0.0,100,415.74,459.0,0,0.0,0.0,,0.0,1,0.02,0.02,SPY220617C00468000,468.0,normalDay
2022-06-08,17151.0,-4778.0,0.0,100,411.22,459.0,0,0.0,0.0,,0.0,1,0.02,0.02,SPY220617C00468000,468.0,normalDay
2022-06-09,17151.0,-5756.0,0.0,100,401.44,459.0,0,0.0,0.0,,0.0,1,0.02,0.02,SPY220617C00468000,468.0,normalDay
2022-06-10,17151.0,-6919.0,0.0,100,389.8,459.0,0,0.0,0.0,,0.0,1,0.02,0.01,SPY220617C00468000,468.0,normalDay
2022-06-13,17151.0,-8399.0,0.0,100,375.0,459.0,0,0.0,0.0,,0.0,1,0.02,0.01,SPY220617C00468000,468.0,normalDay
2022-06-14,17151.0,-8512.0,0.0,100,373.87,459.0,0,0.0,0.0,,0.0,1,0.02,0.01,SPY220617C00468000,468.0,normalDay
2022-06-15,17151.0,-7979.0,0.0,100,379.2,459.0,0,0.0,0.0,,0.0,1,0.02,0.01,SPY220617C00468000,468.0,normalDay
2022-06-16,17151.0,-9234.0,0.0,100,366.65,459.0,0,0.0,0.0,,0.0,1,0.02,0.01,SPY220617C00468000,468.0,normalDay
2022-06-17,17153.0,-9314.0,2.0,100,365.86,459.0,0,0.0,0.0,,0.0,1,0.02,0.0,SPY220617C00468000,468.0,expirationDay
2022-06-21,17153.0,-8396.0,0.0,100,375.07,459.0,0,0.0,0.0,,0.0,1,0.03,0.06,SPY220722C00452000,452.0,normalDay
2022-06-22,17153.0,-8464.0,0.0,100,374.39,459.0,0,0.0,0.0,,0.0,1,0.03,0.06,SPY220722C00452000,452.0,normalDay
2022-06-23,17153.0,-8097.0,0.0,100,378.06,459.0,0,0.0,0.0,,0.0,1,0.03,0.06,SPY220722C00452000,452.0,normalDay
2022-06-24,17153.0,-6897.0,0.0,100,390.08,459.0,0,0.0,0.0,,0.0,1,0.03,0.08,SPY220722C00452000,452.0,normalDay
2022-06-27,17153.0,-7044.0,0.0,100,388.59,459.0,0,0.0,0.0,,0.0,1,0.03,0.06,SPY220722C00452000,452.0,normalDay
2022-06-28,17153.0,-7835.0,0.0,100,380.65,459.0,0,0.0,0.0,,0.0,1,0.03,0.03,SPY220722C00452000,452.0,normalDay
2022-06-29,17153.0,-7866.0,0.0,100,380.34,459.0,0,0.0,0.0,,0.0,1,0.03,0.03,SPY220722C00452000,452.0,normalDay
2022-06-30,17153.0,-8174.0,0.0,100,377.25,459.0,0,0.0,0.0,,0.0,1,0.03,0.02,SPY220722C00452000,452.0,normalDay
2022-07-01,17153.0,-7775.0,0.0,100,381.24,459.0,0,0.0,0.0,,0.0,1,0.03,0.02,SPY220722C00452000,452.0,normalDay
2022-07-05,17153.0,-7703.0,0.0,100,381.96,459.0,0,0.0,0.0,,0.0,1,0.03,0.02,SPY220722C00452000,452.0,normalDay
2022-07-06,17153.0,-7573.0,0.0,100,383.25,459.0,0,0.0,0.0,,0.0,1,0.03,0.01,SPY220722C00452000,452.0,normalDay
2022-07-07,17153.0,-6999.0,0.0,100,388.99,459.0,0,0.0,0.0,,0.0,1,0.03,0.01,SPY220722C00452000,452.0,normalDay
2022-07-08,17153.0,-7031.0,0.0,100,388.67,459.0,0,0.0,0.0,,0.0,1,0.03,0.01,SPY220722C00452000,452.0,normalDay
2022-07-11,17153.0,-7475.0,0.0,100,384.23,459.0,0,0.0,0.0,,0.0,1,0.03,0.01,SPY220722C00452000,452.0,normalDay
2022-07-12,17153.0,-7815.0,0.0,100,380.83,459.0,0,0.0,0.0,,0.0,1,0.03,0.01,SPY220722C00452000,452.0,normalDay
2022-07-13,17153.0,-8015.0,0.0,100,378.83,459.0,0,0.0,0.0,,0.0,1,0.03,0.01,SPY220722C00452000,452.0,normalDay
2022-07-14,17153.0,-8107.0,0.0,100,377.91,459.0,0,0.0,0.0,,0.0,1,0.03,0.01,SPY220722C00452000,452.0,normalDay
2022-07-15,17153.0,-7385.0,0.0,100,385.13,459.0,0,0.0,0.0,,0.0,1,0.03,0.01,SPY220722C00452000,452.0,normalDay
2022-07-18,17153.0,-7703.0,0.0,100,381.95,459.0,0,0.0,0.0,,0.0,1,0.03,0.01,SPY220722C00452000,452.0,normalDay
2022-07-19,17153.0,-6671.0,0.0,100,392.27,459.0,0,0.0,0.0,,0.0,1,0.03,0.01,SPY220722C00452000,452.0,normalDay
2022-07-20,17153.0,-6421.0,0.0,100,394.77,459.0,0,0.0,0.0,,0.0,1,0.03,0.01,SPY220722C00452000,452.0,normalDay
2022-07-21,17153.0,-6019.0,0.0,100,398.79,459.0,0,0.0,0.0,,0.0,1,0.03,0.01,SPY220722C00452000,452.0,normalDay
2022-07-22,17156.0,-6391.0,3.0,100,395.09,459.0,0,0.0,0.0,,0.0,1,0.03,0.0,SPY220722C00452000,452.0,expirationDay
2022-07-25,17156.0,-6349.0,0.0,100,395.57,459.0,0,0.0,0.0,,0.0,1,5.06,5.12,SPY220826C00407000,407.0,normalDay
2022-07-26,17156.0,-6691.0,0.0,100,390.89,459.0,0,0.0,0.0,,0.0,1,5.06,3.86,SPY220826C00407000,407.0,normalDay
2022-07-27,17156.0,-5937.0,0.0,100,401.04,459.0,0,0.0,0.0,,0.0,1,5.06,6.47,SPY220826C00407000,407.0,normalDay
2022-07-28,17156.0,-5737.0,0.0,100,406.07,459.0,0,0.0,0.0,,0.0,1,5.06,9.5,SPY220826C00407000,407.0,normalDay
2022-07-29,17156.0,-5401.0,0.0,100,411.99,459.0,0,0.0,0.0,,0.0,1,5.06,12.06,SPY220826C00407000,407.0,normalDay
2022-08-01,17156.0,-5460.0,0.0,100,410.77,459.0,0,0.0,0.0,,0.0,1,5.06,11.43,SPY220826C00407000,407.0,normalDay
2022-08-02,17156.0,-5574.0,0.0,100,408.06,459.0,0,0.0,0.0,,0.0,1,5.06,9.86,SPY220826C00407000,407.0,normalDay
2022-08-03,17156.0,-5248.0,0.0,100,414.45,459.0,0,0.0,0.0,,0.0,1,5.06,12.99,SPY220826C00407000,407.0,normalDay
2022-08-04,17156.0,-5256.0,0.0,100,414.17,459.0,0,0.0,0.0,,0.0,1,5.06,12.79,SPY220826C00407000,407.0,normalDay
2022-08-05,17156.0,-5202.0,0.0,100,413.47,459.0,0,0.0,0.0,,0.0,1,5.06,11.55,SPY220826C00407000,407.0,normalDay
2022-08-08,17156.0,-5214.0,0.0,100,412.99,459.0,0,0.0,0.0,,0.0,1,5.06,11.19,SPY220826C00407000,407.0,normalDay
2022-08-09,17156.0,-5275.0,0.0,100,411.35,459.0,0,0.0,0.0,,0.0,1,5.06,10.16,SPY220826C00407000,407.0,normalDay
2022-08-10,17156.0,-4933.0,0.0,100,419.99,459.0,0,0.0,0.0,,0.0,1,5.06,15.38,SPY220826C00407000,407.0,normalDay
2022-08-11,17156.0,-4986.0,0.0,100,419.99,459.0,0,0.0,0.0,,0.0,1,5.06,15.91,SPY220826C00407000,407.0,normalDay
2022-08-12,17156.0,-4805.0,0.0,100,427.1,459.0,0,0.0,0.0,,0.0,1,5.06,21.21,SPY220826C00407000,407.0,normalDay
2022-08-15,17156.0,-4771.0,0.0,100,428.86,459.0,0,0.0,0.0,,0.0,1,5.06,22.63,SPY220826C00407000,407.0,normalDay
2022-08-16,17156.0,-4748.0,0.0,100,429.7,459.0,0,0.0,0.0,,0.0,1,5.06,23.24,SPY220826C00407000,407.0,normalDay
2022-08-17,17156.0,-4795.0,0.0,100,426.65,459.0,0,0.0,0.0,,0.0,1,5.06,20.66,SPY220826C00407000,407.0,normalDay
2022-08-18,17156.0,-4734.0,0.0,100,427.89,459.0,0,0.0,0.0,,0.0,1,5.06,21.29,SPY220826C00407000,407.0,normalDay
2022-08-19,17156.0,-4769.0,0.0,100,422.14,459.0,0,0.0,0.0,,0.0,1,5.06,15.89,SPY220826C00407000,407.0,normalDay
2022-08-22,17156.0,-4911.0,0.0,100,413.35,459.0,0,0.0,0.0,,0.0,1,5.06,8.52,SPY220826C00407000,407.0,normalDay
2022-08-23,17156.0,-4857.0,0.0,100,412.35,459.0,0,0.0,0.0,,0.0,1,5.06,6.98,SPY220826C00407000,407.0,normalDay
2022-08-24,17156.0,-4797.0,0.0,100,413.67,459.0,0,0.0,0.0,,0.0,1,5.06,7.7,SPY220826C00407000,407.0,normalDay
2022-08-25,17156.0,-4673.0,0.0,100,419.51,459.0,0,0.0,0.0,,0.0,1,5.06,12.3,SPY220826C00407000,407.0,normalDay
2022-08-26,17662.0,-5369.0,506.0,100,405.31,459.0,0,0.0,0.0,,0.0,1,5.06,0.0,SPY220826C00407000,407.0,expirationDay
2022-08-29,17662.0,-5640.0,0.0,100,402.63,459.0,0,0.0,0.0,,0.0,1,0.31,0.34,SPY220930C00443000,443.0,normalDay
2022-08-30,17662.0,-6067.0,0.0,100,398.21,459.0,0,0.0,0.0,,0.0,1,0.31,0.19,SPY220930C00443000,443.0,normalDay
2022-08-31,17662.0,-6366.0,0.0,100,395.18,459.0,0,0.0,0.0,,0.0,1,0.31,0.15,SPY220930C00443000,443.0,normalDay
2022-09-01,17662.0,-6242.0,0.0,100,396.42,459.0,0,0.0,0.0,,0.0,1,0.31,0.15,SPY220930C00443000,443.0,normalDay
2022-09-02,17662.0,-6654.0,0.0,100,392.24,459.0,0,0.0,0.0,,0.0,1,0.31,0.09,SPY220930C00443000,443.0,normalDay
2022-09-06,17662.0,-6801.0,0.0,100,390.76,459.0,0,0.0,0.0,,0.0,1,0.31,0.08,SPY220930C00443000,443.0,normalDay
2022-09-07,17662.0,-6104.0,0.0,100,397.78,459.0,0,0.0,0.0,,0.0,1,0.31,0.13,SPY220930C00443000,443.0,normalDay
2022-09-08,17662.0,-5844.0,0.0,100,400.38,459.0,0,0.0,0.0,,0.0,1,0.31,0.13,SPY220930C00443000,443.0,normalDay
2022-09-09,17662.0,-5226.0,0.0,100,406.6,459.0,0,0.0,0.0,,0.0,1,0.31,0.17,SPY220930C00443000,443.0,normalDay
2022-09-12,17662.0,-4805.0,0.0,100,410.97,459.0,0,0.0,0.0,,0.0,1,0.31,0.33,SPY220930C00443000,443.0,normalDay
2022-09-13,17662.0,-6564.0,0.0,100,393.1,459.0,0,0.0,0.0,,0.0,1,0.31,0.05,SPY220930C00443000,443.0,normalDay
2022-09-14,17662.0,-6413.0,0.0,100,394.6,459.0,0,0.0,0.0,,0.0,1,0.31,0.04,SPY220930C00443000,443.0,normalDay
2022-09-15,17662.0,-6860.0,0.0,100,390.12,459.0,0,0.0,0.0,,0.0,1,0.31,0.03,SPY220930C00443000,443.0,normalDay
2022-09-16,17662.0,-7315.0,0.0,100,385.56,459.0,0,0.0,0.0,,0.0,1,0.31,0.02,SPY220930C00443000,443.0,normalDay
2022-09-19,17662.0,-7016.0,0.0,100,388.55,459.0,0,0.0,0.0,,0.0,1,0.31,0.02,SPY220930C00443000,443.0,normalDay
2022-09-20,17662.0,-7462.0,0.0,100,384.09,459.0,0,0.0,0.0,,0.0,1,0.31,0.02,SPY220930C00443000,443.0,normalDay
2022-09-21,17662.0,-8131.0,0.0,100,377.39,459.0,0,0.0,0.0,,0.0,1,0.31,0.01,SPY220930C00443000,443.0,normalDay
2022-09-22,17662.0,-8448.0,0.0,100,374.22,459.0,0,0.0,0.0,,0.0,1,0.31,0.01,SPY220930C00443000,443.0,normalDay
2022-09-23,17662.0,-9075.0,0.0,100,367.95,459.0,0,0.0,0.0,,0.0,1,0.31,0.01,SPY220930C00443000,443.0,normalDay
2022-09-26,17662.0,-9439.0,0.0,100,364.31,459.0,0,0.0,0.0,,0.0,1,0.31,0.01,SPY220930C00443000,443.0,normalDay
2022-09-27,17662.0,-9532.0,0.0,100,363.38,459.0,0,0.0,0.0,,0.0,1,0.31,0.01,SPY220930C00443000,443.0,normalDay
2022-09-28,17662.0,-8817.0,0.0,100,370.53,459.0,0,0.0,0.0,,0.0,1,0.31,0.01,SPY220930C00443000,443.0,normalDay
2022-09-29,17662.0,-9591.0,0.0,100,362.79,459.0,0,0.0,0.0,,0.0,1,0.31,0.01,SPY220930C00443000,443.0,normalDay
2022-09-30,17693.0,-10182.0,31.0,100,357.18,459.0,0,0.0,0.0,,0.0,1,0.31,0.0,SPY220930C00443000,443.0,expirationDay
2022-10-03,17693.0,-9242.0,0.0,100,366.61,459.0,0,0.0,0.0,,0.0,1,0.06,0.09,SPY221104C00435000,435.0,normalDay
2022-10-04,17693.0,-8120.0,0.0,100,377.97,459.0,0,0.0,0.0,,0.0,1,0.06,0.23,SPY221104C00435000,435.0,normalDay
2022-10-05,17693.0,-8200.0,0.0,100,377.09,459.0,0,0.0,0.0,,0.0,1,0.06,0.15,SPY221104C00435000,435.0,normalDay
2022-10-06,17693.0,-8585.0,0.0,100,373.2,459.0,0,0.0,0.0,,0.0,1,0.06,0.11,SPY221104C00435000,435.0,normalDay
2022-10-07,17693.0,-9621.0,0.0,100,362.79,459.0,0,0.0,0.0,,0.0,1,0.06,0.06,SPY221104C00435000,435.0,normalDay
2022-10-10,17693.0,-9897.0,0.0,100,360.02,459.0,0,0.0,0.0,,0.0,1,0.06,0.05,SPY221104C00435000,435.0,normalDay
2022-10-11,17693.0,-10125.0,0.0,100,357.74,459.0,0,0.0,0.0,,0.0,1,0.06,0.05,SPY221104C00435000,435.0,normalDay
2022-10-12,17693.0,-10243.0,0.0,100,356.56,459.0,0,0.0,0.0,,0.0,1,0.06,0.05,SPY221104C00435000,435.0,normalDay
2022-10-13,17693.0,-9306.0,0.0,100,365.97,459.0,0,0.0,0.0,,0.0,1,0.06,0.09,SPY221104C00435000,435.0,normalDay
2022-10-14,17693.0,-10136.0,0.0,100,357.63,459.0,0,0.0,0.0,,0.0,1,0.06,0.05,SPY221104C00435000,435.0,normalDay
2022-10-17,17693.0,-9217.0,0.0,100,366.82,459.0,0,0.0,0.0,,0.0,1,0.06,0.05,SPY221104C00435000,435.0,normalDay
2022-10-18,17693.0,-8788.0,0.0,100,371.13,459.0,0,0.0,0.0,,0.0,1,0.06,0.07,SPY221104C00435000,435.0,normalDay
2022-10-19,17693.0,-9048.0,0.0,100,368.5,459.0,0,0.0,0.0,,0.0,1,0.06,0.04,SPY221104C00435000,435.0,normalDay
2022-10-20,17693.0,-9355.0,0.0,100,365.41,459.0,0,0.0,0.0,,0.0,1,0.06,0.02,SPY221104C00435000,435.0,normalDay
2022-10-21,17693.0,-8469.0,0.0,100,374.29,459.0,0,0.0,0.0,,0.0,1,0.06,0.04,SPY221104C00435000,435.0,normalDay
2022-10-24,17693.0,-8011.0,0.0,100,378.87,459.0,0,0.0,0.0,,0.0,1,0.06,0.04,SPY221104C00435000,435.0,normalDay
2022-10-25,17693.0,-7405.0,0.0,100,384.92,459.0,0,0.0,0.0,,0.0,1,0.06,0.03,SPY221104C00435000,435.0,normalDay
2022-10-26,17693.0,-7694.0,0.0,100,382.02,459.0,0,0.0,0.0,,0.0,1,0.06,0.02,SPY221104C00435000,435.0,normalDay
2022-10-27,17693.0,-7897.0,0.0,100,379.98,459.0,0,0.0,0.0,,0.0,1,0.06,0.01,SPY221104C00435000,435.0,normalDay
2022-10-28,17693.0,-6994.0,0.0,100,389.02,459.0,0,0.0,0.0,,0.0,1,0.06,0.02,SPY221104C00435000,435.0,normalDay
2022-10-31,17693.0,-7274.0,0.0,100,386.21,459.0,0,0.0,0.0,,0.0,1,0.06,0.01,SPY221104C00435000,435.0,normalDay
2022-11-01,17693.0,-7443.0,0.0,100,384.52,459.0,0,0.0,0.0,,0.0,1,0.06,0.01,SPY221104C00435000,435.0,normalDay
2022-11-02,17693.0,-8408.0,0.0,100,374.87,459.0,0,0.0,0.0,,0.0,1,0.06,0.01,SPY221104C00435000,435.0,normalDay
2022-11-03,17693.0,-8794.0,0.0,100,371.01,459.0,0,0.0,0.0,,0.0,1,0.06,0.01,SPY221104C00435000,435.0,normalDay
2022-11-04,17699.0,-8265.0,6.0,100,376.35,459.0,0,0.0,0.0,,0.0,1,0.06,0.0,SPY221104C00435000,435.0,expirationDay
2022-11-07,17699.0,-7909.0,0.0,100,379.95,459.0,0,0.0,0.0,,0.0,1,2.22,2.26,SPY221209C00405000,405.0,normalDay
2022-11-08,17699.0,-7737.0,0.0,100,382.0,459.0,0,0.0,0.0,,0.0,1,2.22,2.59,SPY221209C00405000,405.0,normalDay
2022-11-09,17699.0,-8401.0,0.0,100,374.13,459.0,0,0.0,0.0,,0.0,1,2.22,1.36,SPY221209C00405000,405.0,normalDay
2022-11-10,17699.0,-6796.0,0.0,100,394.69,459.0,0,0.0,0.0,,0.0,1,2.22,5.87,SPY221209C00405000,405.0,normalDay
2022-11-11,17699.0,-6455.0,0.0,100,398.51,459.0,0,0.0,0.0,,0.0,1,2.22,6.28,SPY221209C00405000,405.0,normalDay
2022-11-14,17699.0,-6653.0,0.0,100,395.12,459.0,0,0.0,0.0,,0.0,1,2.22,4.87,SPY221209C00405000,405.0,normalDay
2022-11-15,17699.0,-6422.0,0.0,100,398.49,459.0,0,0.0,0.0,,0.0,1,2.22,5.93,SPY221209C00405000,405.0,normalDay
2022-11-16,17699.0,-6568.0,0.0,100,395.45,459.0,0,0.0,0.0,,0.0,1,2.22,4.35,SPY221209C00405000,405.0,normalDay
2022-11-17,17699.0,-6619.0,0.0,100,394.24,459.0,0,0.0,0.0,,0.0,1,2.22,3.65,SPY221209C00405000,405.0,normalDay
2022-11-18,17699.0,-6438.0,0.0,100,396.03,459.0,0,0.0,0.0,,0.0,1,2.22,3.63,SPY221209C00405000,405.0,normalDay
2022-11-21,17699.0,-6482.0,0.0,100,394.59,459.0,0,0.0,0.0,,0.0,1,2.22,2.63,SPY221209C00405000,405.0,normalDay
2022-11-22,17699.0,-6080.0,0.0,100,399.9,459.0,0,0.0,0.0,,0.0,1,2.22,3.92,SPY221209C00405000,405.0,normalDay
2022-11-23,17699.0,-5880.0,0.0,100,402.42,459.0,0,0.0,0.0,,0.0,1,2.22,4.44,SPY221209C00405000,405.0,normalDay
2022-11-25,17699.0,-5847.0,0.0,100,402.33,459.0,0,0.0,0.0,,0.0,1,2.22,4.02,SPY221209C00405000,405.0,normalDay
2022-11-28,17699.0,-6261.0,0.0,100,395.91,459.0,0,0.0,0.0,,0.0,1,2.22,1.74,SPY221209C00405000,405.0,normalDay
2022-11-29,17699.0,-6300.0,0.0,100,395.23,459.0,0,0.0,0.0,,0.0,1,2.22,1.45,SPY221209C00405000,405.0,normalDay
2022-11-30,17699.0,-5556.0,0.0,100,407.68,459.0,0,0.0,0.0,,0.0,1,2.22,6.46,SPY221209C00405000,405.0,normalDay
2022-12-01,17699.0,-5479.0,0.0,100,407.38,459.0,0,0.0,0.0,,0.0,1,2.22,5.39,SPY221209C00405000,405.0,normalDay
2022-12-02,17699.0,-5402.0,0.0,100,406.91,459.0,0,0.0,0.0,,0.0,1,2.22,4.15,SPY221209C00405000,405.0,normalDay
2022-12-05,17699.0,-5828.0,0.0,100,399.59,459.0,0,0.0,0.0,,0.0,1,2.22,1.09,SPY221209C00405000,405.0,normalDay
2022-12-06,17699.0,-6319.0,0.0,100,393.83,459.0,0,0.0,0.0,,0.0,1,2.22,0.24,SPY221209C00405000,405.0,normalDay
2022-12-07,17699.0,-6372.0,0.0,100,393.16,459.0,0,0.0,0.0,,0.0,1,2.22,0.1,SPY221209C00405000,405.0,normalDay
2022-12-08,17699.0,-6064.0,0.0,100,396.24,459.0,0,0.0,0.0,,0.0,1,2.22,0.1,SPY221209C00405000,405.0,normalDay
2022-12-09,17921.0,-6572.0,222.0,100,393.28,459.0,0,0.0,0.0,,0.0,1,2.22,0.0,SPY221209C00405000,405.0,expirationDay
2022-12-12,17921.0,-6012.0,0.0,100,398.95,459.0,0,0.0,0.0,,0.0,1,4.22,4.29,SPY230113C00414000,414.0,normalDay
2022-12-13,17921.0,-5731.0,0.0,100,401.97,459.0,0,0.0,0.0,,0.0,1,4.22,4.5,SPY230113C00414000,414.0,normalDay
2022-12-14,17921.0,-5853.0,0.0,100,399.4,459.0,0,0.0,0.0,,0.0,1,4.22,3.15,SPY230113C00414000,414.0,normalDay
2022-12-15,17921.0,-6630.0,0.0,100,389.63,459.0,0,0.0,0.0,,0.0,1,4.22,1.15,SPY230113C00414000,414.0,normalDay
2022-12-16,17921.0,-7211.0,0.0,100,383.27,459.0,0,0.0,0.0,,0.0,1,4.22,0.6,SPY230113C00414000,414.0,normalDay
2022-12-19,17921.0,-7515.0,0.0,100,380.02,459.0,0,0.0,0.0,,0.0,1,4.22,0.39,SPY230113C00414000,414.0,normalDay
2022-12-20,17921.0,-7459.0,0.0,100,380.54,459.0,0,0.0,0.0,,0.0,1,4.22,0.35,SPY230113C00414000,414.0,normalDay
2022-12-21,17921.0,-6908.0,0.0,100,386.23,459.0,0,0.0,0.0,,0.0,1,4.22,0.53,SPY230113C00414000,414.0,normalDay
2022-12-22,17921.0,-7437.0,0.0,100,380.72,459.0,0,0.0,0.0,,0.0,1,4.22,0.31,SPY230113C00414000,414.0,normalDay
2022-12-23,17921.0,-7214.0,0.0,100,382.91,459.0,0,0.0,0.0,,0.0,1,4.22,0.27,SPY230113C00414000,414.0,normalDay
2022-12-27,17921.0,-7358.0,0.0,100,381.4,459.0,0,0.0,0.0,,0.0,1,4.22,0.2,SPY230113C00414000,414.0,normalDay
2022-12-28,17921.0,-7823.0,0.0,100,376.66,459.0,0,0.0,0.0,,0.0,1,4.22,0.11,SPY230113C00414000,414.0,normalDay
2022-12-29,17921.0,-7150.0,0.0,100,383.44,459.0,0,0.0,0.0,,0.0,1,4.22,0.16,SPY230113C00414000,414.0,normalDay
2022-12-30,17921.0,-7245.0,0.0,100,382.43,459.0,0,0.0,0.0,,0.0,1,4.22,0.1,SPY230113C00414000,414.0,normalDay
2023-01-03,17921.0,-7402.0,0.0,100,380.82,459.0,0,0.0,0.0,,0.0,1,4.22,0.06,SPY230113C00414000,414.0,normalDay
2023-01-04,17921.0,-7108.0,0.0,100,383.76,459.0,0,0.0,0.0,,0.0,1,4.22,0.06,SPY230113C00414000,414.0,normalDay
2023-01-05,17921.0,-7543.0,0.0,100,379.38,459.0,0,0.0,0.0,,0.0,1,4.22,0.03,SPY230113C00414000,414.0,normalDay
2023-01-06,17921.0,-6674.0,0.0,100,388.08,459.0,0,0.0,0.0,,0.0,1,4.22,0.04,SPY230113C00414000,414.0,normalDay
2023-01-09,17921.0,-6696.0,0.0,100,387.86,459.0,0,0.0,0.0,,0.0,1,4.22,0.04,SPY230113C00414000,414.0,normalDay
2023-01-10,17921.0,-6423.0,0.0,100,390.58,459.0,0,0.0,0.0,,0.0,1,4.22,0.03,SPY230113C00414000,414.0,normalDay
2023-01-11,17921.0,-5933.0,0.0,100,395.52,459.0,0,0.0,0.0,,0.0,1,4.22,0.07,SPY230113C00414000,414.0,normalDay
2023-01-12,17921.0,-5783.0,0.0,100,396.96,459.0,0,0.0,0.0,,0.0,1,4.22,0.01,SPY230113C00414000,414.0,normalDay
2023-01-13,18343.0,-6050.0,422.0,100,398.5,459.0,0,0.0,0.0,,0.0,1,4.22,0.0,SPY230113C00414000,414.0,expirationDay
2023-01-17,18343.0,-6127.0,0.0,100,397.77,459.0,0,0.0,0.0,,0.0,1,4.55,4.59,SPY230217C00407000,407.0,normalDay
2023-01-18,18343.0,-6558.0,0.0,100,391.49,459.0,0,0.0,0.0,,0.0,1,4.55,2.62,SPY230217C00407000,407.0,normalDay
2023-01-19,18343.0,-6763.0,0.0,100,388.64,459.0,0,0.0,0.0,,0.0,1,4.55,1.82,SPY230217C00407000,407.0,normalDay
2023-01-20,18343.0,-6210.0,0.0,100,395.88,459.0,0,0.0,0.0,,0.0,1,4.55,3.53,SPY230217C00407000,407.0,normalDay
2023-01-23,18343.0,-5890.0,0.0,100,400.63,459.0,0,0.0,0.0,,0.0,1,4.55,5.08,SPY230217C00407000,407.0,normalDay
2023-01-24,18343.0,-5944.0,0.0,100,400.2,459.0,0,0.0,0.0,,0.0,1,4.55,5.19,SPY230217C00407000,407.0,normalDay
2023-01-25,18343.0,-5871.0,0.0,100,400.35,459.0,0,0.0,0.0,,0.0,1,4.55,4.61,SPY230217C00407000,407.0,normalDay
2023-01-26,18343.0,-5606.0,0.0,100,404.75,459.0,0,0.0,0.0,,0.0,1,4.55,6.36,SPY230217C00407000,407.0,normalDay
2023-01-27,18343.0,-5548.0,0.0,100,405.68,459.0,0,0.0,0.0,,0.0,1,4.55,6.71,SPY230217C00407000,407.0,normalDay
2023-01-30,18343.0,-5862.0,0.0,100,400.59,459.0,0,0.0,0.0,,0.0,1,4.55,4.76,SPY230217C00407000,407.0,normalDay
2023-01-31,18343.0,-5485.0,0.0,100,406.48,459.0,0,0.0,0.0,,0.0,1,4.55,6.88,SPY230217C00407000,407.0,normalDay
2023-02-01,18343.0,-5316.0,0.0,100,410.8,459.0,0,0.0,0.0,,0.0,1,4.55,9.51,SPY230217C00407000,407.0,normalDay
2023-02-02,18343.0,-5006.0,0.0,100,416.78,459.0,0,0.0,0.0,,0.0,1,4.55,12.39,SPY230217C00407000,407.0,normalDay
2023-02-03,18343.0,-5158.0,0.0,100,412.35,459.0,0,0.0,0.0,,0.0,1,4.55,9.48,SPY230217C00407000,407.0,normalDay
2023-02-06,18343.0,-5235.0,0.0,100,409.83,459.0,0,0.0,0.0,,0.0,1,4.55,7.73,SPY230217C00407000,407.0,normalDay
2023-02-07,18343.0,-4971.0,0.0,100,415.19,459.0,0,0.0,0.0,,0.0,1,4.55,10.45,SPY230217C00407000,407.0,normalDay
2023-02-08,18343.0,-5168.0,0.0,100,410.65,459.0,0,0.0,0.0,,0.0,1,4.55,7.88,SPY230217C00407000,407.0,normalDay
2023-02-09,18343.0,-5334.0,0.0,100,407.09,459.0,0,0.0,0.0,,0.0,1,4.55,5.98,SPY230217C00407000,407.0,normalDay
2023-02-10,18343.0,-5219.0,0.0,100,408.04,459.0,0,0.0,0.0,,0.0,1,4.55,5.78,SPY230217C00407000,407.0,normalDay
2023-02-13,18343.0,-5013.0,0.0,100,412.83,459.0,0,0.0,0.0,,0.0,1,4.55,8.51,SPY230217C00407000,407.0,normalDay
2023-02-14,18343.0,-4839.0,0.0,100,412.64,459.0,0,0.0,0.0,,0.0,1,4.55,6.58,SPY230217C00407000,407.0,normalDay
2023-02-15,18343.0,-4825.0,0.0,100,413.98,459.0,0,0.0,0.0,,0.0,1,4.55,7.78,SPY230217C00407000,407.0,normalDay
2023-02-16,18343.0,-4893.0,0.0,100,408.28,459.0,0,0.0,0.0,,0.0,1,4.55,2.76,SPY230217C00407000,407.0,normalDay
2023-02-17,13598.0,-4893.0,-4745.0,0,407.26,0.0,0,0.0,0.0,,0.0,1,4.55,0.0,SPY230217C00407000,407.0,expirationDay
2023-02-21,13598.0,-5.0,0.0,0,399.09,0.0,1,12.34,12.39,SPY230331P00404000,404.0,0,0.0,0.0,,0.0,normalDay
2023-02-22,13598.0,2.0,0.0,0,398.54,0.0,1,12.34,12.32,SPY230331P00404000,404.0,0,0.0,0.0,,0.0,normalDay
2023-02-23,13598.0,131.0,0.0,0,400.66,0.0,1,12.34,11.03,SPY230331P00404000,404.0,0,0.0,0.0,,0.0,normalDay
2023-02-24,13598.0,-125.0,0.0,0,396.38,0.0,1,12.34,13.59,SPY230331P00404000,404.0,0,0.0,0.0,,0.0,normalDay
2023-02-27,13598.0,32.0,0.0,0,397.73,0.0,1,12.34,12.02,SPY230331P00404000,404.0,0,0.0,0.0,,0.0,normalDay
2023-02-28,13598.0,-70.0,0.0,0,396.26,0.0,1,12.34,13.04,SPY230331P00404000,404.0,0,0.0,0.0,,0.0,normalDay
2023-03-01,13598.0,-150.0,0.0,0,394.74,0.0,1,12.34,13.84,SPY230331P00404000,404.0,0,0.0,0.0,,0.0,normalDay
2023-03-02,13598.0,64.0,0.0,0,397.81,0.0,1,12.34,11.7,SPY230331P00404000,404.0,0,0.0,0.0,,0.0,normalDay
2023-03-03,13598.0,461.0,0.0,0,404.19,0.0,1,12.34,7.73,SPY230331P00404000,404.0,0,0.0,0.0,,0.0,normalDay
2023-03-06,13598.0,490.0,0.0,0,404.47,0.0,1,12.34,7.44,SPY230331P00404000,404.0,0,0.0,0.0,,0.0,normalDay
2023-03-07,13598.0,148.0,0.0,0,398.27,0.0,1,12.34,10.86,SPY230331P00404000,404.0,0,0.0,0.0,,0.0,normalDay
2023-03-08,13598.0,208.0,0.0,0,398.92,0.0,1,12.34,10.26,SPY230331P00404000,404.0,0,0.0,0.0,,0.0,normalDay
2023-03-09,13598.0,-380.0,0.0,0,391.56,0.0,1,12.34,16.14,SPY230331P00404000,404.0,0,0.0,0.0,,0.0,normalDay
2023-03-10,13598.0,-799.0,0.0,0,385.91,0.0,1,12.34,20.33,SPY230331P00404000,404.0,0,0.0,0.0,,0.0,normalDay
2023-03-13,13598.0,-824.0,0.0,0,385.36,0.0,1,12.34,20.58,SPY230331P00404000,404.0,0,0.0,0.0,,0.0,normalDay
2023-03-14,13598.0,-288.0,0.0,0,391.73,0.0,1,12.34,15.22,SPY230331P00404000,404.0,0,0.0,0.0,,0.0,normalDay
2023-03-15,13598.0,-493.0,0.0,0,389.28,0.0,1,12.34,17.27,SPY230331P00404000,404.0,0,0.0,0.0,,0.0,normalDay
2023-03-16,13598.0,77.0,0.0,0,396.11,0.0,1,12.34,11.57,SPY230331P00404000,404.0,0,0.0,0.0,,0.0,normalDay
2023-03-17,13598.0,-249.0,0.0,0,389.99,0.0,1,12.34,14.83,SPY230331P00404000,404.0,0,0.0,0.0,,0.0,normalDay
2023-03-20,13598.0,55.0,0.0,0,393.74,0.0,1,12.34,11.79,SPY230331P00404000,404.0,0,0.0,0.0,,0.0,normalDay
2023-03-21,13598.0,457.0,0.0,0,398.91,0.0,1,12.34,7.77,SPY230331P00404000,404.0,0,0.0,0.0,,0.0,normalDay
2023-03-22,13598.0,-26.0,0.0,0,392.11,0.0,1,12.34,12.6,SPY230331P00404000,404.0,0,0.0,0.0,,0.0,normalDay
2023-03-23,13598.0,82.0,0.0,0,393.17,0.0,1,12.34,11.52,SPY230331P00404000,404.0,0,0.0,0.0,,0.0,normalDay
2023-03-24,13598.0,336.0,0.0,0,395.75,0.0,1,12.34,8.98,SPY230331P00404000,404.0,0,0.0,0.0,,0.0,normalDay
2023-03-27,13598.0,458.0,0.0,0,396.49,0.0,1,12.34,7.76,SPY230331P00404000,404.0,0,0.0,0.0,,0.0,normalDay
2023-03-28,13598.0,425.0,0.0,0,395.6,0.0,1,12.34,8.09,SPY230331P00404000,404.0,0,0.0,0.0,,0.0,normalDay
2023-03-29,13598.0,892.0,0.0,0,401.35,0.0,1,12.34,3.42,SPY230331P00404000,404.0,0,0.0,0.0,,0.0,normalDay
2023-03-30,13598.0,1091.0,0.0,0,403.7,0.0,1,12.34,1.43,SPY230331P00404000,404.0,0,0.0,0.0,,0.0,normalDay
2023-03-31,14832.0,0.0,1234.0,0,409.39,0.0,1,12.34,0.0,SPY230331P00404000,404.0,0,0.0,0.0,,0.0,expirationDay
2023-04-03,14832.0,-3.0,0.0,0,410.95,0.0,1,3.71,3.74,SPY230519P00391000,391.0,0,0.0,0.0,,0.0,normalDay
2023-04-04,14832.0,-43.0,0.0,0,408.67,0.0,1,3.71,4.14,SPY230519P00391000,391.0,0,0.0,0.0,,0.0,normalDay
2023-04-05,14832.0,-65.0,0.0,0,407.6,0.0,1,3.71,4.36,SPY230519P00391000,391.0,0,0.0,0.0,,0.0,normalDay
2023-04-06,14832.0,-9.0,0.0,0,409.19,0.0,1,3.71,3.8,SPY230519P00391000,391.0,0,0.0,0.0,,0.0,normalDay
2023-04-10,14832.0,31.0,0.0,0,409.61,0.0,1,3.71,3.4,SPY230519P00391000,391.0,0,0.0,0.0,,0.0,normalDay
2023-04-11,14832.0,39.0,0.0,0,409.72,0.0,1,3.71,3.32,SPY230519P00391000,391.0,0,0.0,0.0,,0.0,normalDay
2023-04-12,14832.0,16.0,0.0,0,408.05,0.0,1,3.71,3.55,SPY230519P00391000,391.0,0,0.0,0.0,,0.0,normalDay
2023-04-13,14832.0,142.0,0.0,0,413.47,0.0,1,3.71,2.29,SPY230519P00391000,391.0,0,0.0,0.0,,0.0,normalDay
2023-04-14,14832.0,160.0,0.0,0,412.46,0.0,1,3.71,2.11,SPY230519P00391000,391.0,0,0.0,0.0,,0.0,normalDay
2023-04-17,14832.0,199.0,0.0,0,413.94,0.0,1,3.71,1.72,SPY230519P00391000,391.0,0,0.0,0.0,,0.0,normalDay
2023-04-18,14832.0,202.0,0.0,0,414.21,0.0,1,3.71,1.69,SPY230519P00391000,391.0,0,0.0,0.0,,0.0,normalDay
2023-04-19,14832.0,209.0,0.0,0,414.14,0.0,1,3.71,1.62,SPY230519P00391000,391.0,0,0.0,0.0,,0.0,normalDay
2023-04-20,14832.0,183.0,0.0,0,411.88,0.0,1,3.71,1.88,SPY230519P00391000,391.0,0,0.0,0.0,,0.0,normalDay
2023-04-21,14832.0,199.0,0.0,0,412.2,0.0,1,3.71,1.72,SPY230519P00391000,391.0,0,0.0,0.0,,0.0,normalDay
2023-04-24,14832.0,223.0,0.0,0,412.63,0.0,1,3.71,1.48,SPY230519P00391000,391.0,0,0.0,0.0,,0.0,normalDay
2023-04-25,14832.0,117.0,0.0,0,406.08,0.0,1,3.71,2.54,SPY230519P00391000,391.0,0,0.0,0.0,,0.0,normalDay
2023-04-26,14832.0,82.0,0.0,0,404.36,0.0,1,3.71,2.89,SPY230519P00391000,391.0,0,0.0,0.0,,0.0,normalDay
2023-04-27,14832.0,254.0,0.0,0,412.41,0.0,1,3.71,1.17,SPY230519P00391000,391.0,0,0.0,0.0,,0.0,normalDay
2023-04-28,14832.0,295.0,0.0,0,415.93,0.0,1,3.71,0.76,SPY230519P00391000,391.0,0,0.0,0.0,,0.0,normalDay
2023-05-01,14832.0,303.0,0.0,0,415.51,0.0,1,3.71,0.68,SPY230519P00391000,391.0,0,0.0,0.0,,0.0,normalDay
2023-05-02,14832.0,252.0,0.0,0,410.84,0.0,1,3.71,1.19,SPY230519P00391000,391.0,0,0.0,0.0,,0.0,normalDay
2023-05-03,14832.0,229.0,0.0,0,408.02,0.0,1,3.71,1.42,SPY230519P00391000,391.0,0,0.0,0.0,,0.0,normalDay
2023-05-04,14832.0,157.0,0.0,0,405.13,0.0,1,3.71,2.14,SPY230519P00391000,391.0,0,0.0,0.0,,0.0,normalDay
2023-05-05,14832.0,305.0,0.0,0,412.63,0.0,1,3.71,0.66,SPY230519P00391000,391.0,0,0.0,0.0,,0.0,normalDay
2023-05-08,14832.0,328.0,0.0,0,412.74,0.0,1,3.71,0.43,SPY230519P00391000,391.0,0,0.0,0.0,,0.0,normalDay
2023-05-09,14832.0,325.0,0.0,0,410.93,0.0,1,3.71,0.46,SPY230519P00391000,391.0,0,0.0,0.0,,0.0,normalDay
2023-05-10,14832.0,344.0,0.0,0,412.85,0.0,1,3.71,0.27,SPY230519P00391000,391.0,0,0.0,0.0,,0.0,normalDay
2023-05-11,14832.0,348.0,0.0,0,412.13,0.0,1,3.71,0.23,SPY230519P00391000,391.0,0,0.0,0.0,,0.0,normalDay
2023-05-12,14832.0,351.0,0.0,0,411.59,0.0,1,3.71,0.2,SPY230519P00391000,391.0,0,0.0,0.0,,0.0,normalDay
2023-05-15,14832.0,362.0,0.0,0,413.01,0.0,1,3.71,0.09,SPY230519P00391000,391.0,0,0.0,0.0,,0.0,normalDay
2023-05-16,14832.0,360.0,0.0,0,410.25,0.0,1,3.71,0.11,SPY230519P00391000,391.0,0,0.0,0.0,,0.0,normalDay
2023-05-17,14832.0,366.0,0.0,0,415.23,0.0,1,3.71,0.05,SPY230519P00391000,391.0,0,0.0,0.0,,0.0,normalDay
2023-05-18,14832.0,368.0,0.0,0,419.23,0.0,1,3.71,0.03,SPY230519P00391000,391.0,0,0.0,0.0,,0.0,normalDay
2023-05-19,15203.0,0.0,371.0,0,418.62,0.0,1,3.71,0.0,SPY230519P00391000,391.0,0,0.0,0.0,,0.0,expirationDay
2023-05-22,15203.0,-4.0,0.0,0,418.79,0.0,1,4.61,4.65,SPY230630P00409000,409.0,0,0.0,0.0,,0.0,normalDay
2023-05-23,15203.0,-168.0,0.0,0,414.09,0.0,1,4.61,6.29,SPY230630P00409000,409.0,0,0.0,0.0,,0.0,normalDay
2023-05-24,15203.0,-301.0,0.0,0,411.09,0.0,1,4.61,7.62,SPY230630P00409000,409.0,0,0.0,0.0,,0.0,normalDay
2023-05-25,15203.0,-148.0,0.0,0,414.65,0.0,1,4.61,6.09,SPY230630P00409000,409.0,0,0.0,0.0,,0.0,normalDay
2023-05-26,15203.0,39.0,0.0,0,420.02,0.0,1,4.61,4.22,SPY230630P00409000,409.0,0,0.0,0.0,,0.0,normalDay
2023-05-30,15203.0,93.0,0.0,0,420.18,0.0,1,4.61,3.68,SPY230630P00409000,409.0,0,0.0,0.0,,0.0,normalDay
2023-05-31,15203.0,48.0,0.0,0,417.85,0.0,1,4.61,4.13,SPY230630P00409000,409.0,0,0.0,0.0,,0.0,normalDay
2023-06-01,15203.0,198.0,0.0,0,421.82,0.0,1,4.61,2.63,SPY230630P00409000,409.0,0,0.0,0.0,,0.0,normalDay
2023-06-02,15203.0,310.0,0.0,0,427.92,0.0,1,4.61,1.51,SPY230630P00409000,409.0,0,0.0,0.0,,0.0,normalDay
2023-06-05,15203.0,317.0,0.0,0,427.1,0.0,1,4.61,1.44,SPY230630P00409000,409.0,0,0.0,0.0,,0.0,normalDay
2023-06-06,15203.0,346.0,0.0,0,428.03,0.0,1,4.61,1.15,SPY230630P00409000,409.0,0,0.0,0.0,,0.0,normalDay
2023-06-07,15203.0,340.0,0.0,0,426.55,0.0,1,4.61,1.21,SPY230630P00409000,409.0,0,0.0,0.0,,0.0,normalDay
2023-06-08,15203.0,369.0,0.0,0,429.13,0.0,1,4.61,0.92,SPY230630P00409000,409.0,0,0.0,0.0,,0.0,normalDay
2023-06-09,15203.0,380.0,0.0,0,429.9,0.0,1,4.61,0.81,SPY230630P00409000,409.0,0,0.0,0.0,,0.0,normalDay
2023-06-12,15203.0,397.0,0.0,0,433.8,0.0,1,4.61,0.64,SPY230630P00409000,409.0,0,0.0,0.0,,0.0,normalDay
2023-06-13,15203.0,415.0,0.0,0,436.66,0.0,1,4.61,0.46,SPY230630P00409000,409.0,0,0.0,0.0,,0.0,normalDay
2023-06-14,15203.0,429.0,0.0,0,437.18,0.0,1,4.61,0.32,SPY230630P00409000,409.0,0,0.0,0.0,,0.0,normalDay
2023-06-15,15203.0,434.0,0.0,0,442.6,0.0,1,4.61,0.27,SPY230630P00409000,409.0,0,0.0,0.0,,0.0,normalDay
2023-06-16,15203.0,445.0,0.0,0,439.46,0.0,1,4.61,0.16,SPY230630P00409000,409.0,0,0.0,0.0,,0.0,normalDay
2023-06-20,15203.0,449.0,0.0,0,437.18,0.0,1,4.61,0.12,SPY230630P00409000,409.0,0,0.0,0.0,,0.0,normalDay
2023-06-21,15203.0,451.0,0.0,0,434.94,0.0,1,4.61,0.1,SPY230630P00409000,409.0,0,0.0,0.0,,0.0,normalDay
2023-06-22,15203.0,455.0,0.0,0,436.51,0.0,1,4.61,0.06,SPY230630P00409000,409.0,0,0.0,0.0,,0.0,normalDay
2023-06-23,15203.0,453.0,0.0,0,433.21,0.0,1,4.61,0.08,SPY230630P00409000,409.0,0,0.0,0.0,,0.0,normalDay
2023-06-26,15203.0,454.0,0.0,0,431.44,0.0,1,4.61,0.07,SPY230630P00409000,409.0,0,0.0,0.0,,0.0,normalDay
2023-06-27,15203.0,456.0,0.0,0,436.17,0.0,1,4.61,0.05,SPY230630P00409000,409.0,0,0.0,0.0,,0.0,normalDay
2023-06-28,15203.0,458.0,0.0,0,436.39,0.0,1,4.61,0.03,SPY230630P00409000,409.0,0,0.0,0.0,,0.0,normalDay
2023-06-29,15203.0,459.0,0.0,0,438.11,0.0,1,4.61,0.02,SPY230630P00409000,409.0,0,0.0,0.0,,0.0,normalDay
2023-06-30,15664.0,0.0,461.0,0,443.28,0.0,1,4.61,0.0,SPY230630P00409000,409.0,0,0.0,0.0,,0.0,expirationDay
2023-07-03,15664.0,-7.0,0.0,0,443.79,0.0,1,3.14,3.21,SPY230818P00432000,432.0,0,0.0,0.0,,0.0,normalDay
2023-07-05,15664.0,-30.0,0.0,0,443.13,0.0,1,3.14,3.44,SPY230818P00432000,432.0,0,0.0,0.0,,0.0,normalDay
2023-07-06,15664.0,-136.0,0.0,0,439.66,0.0,1,3.14,4.5,SPY230818P00432000,432.0,0,0.0,0.0,,0.0,normalDay
2023-07-07,15664.0,-125.0,0.0,0,438.55,0.0,1,3.14,4.39,SPY230818P00432000,432.0,0,0.0,0.0,,0.0,normalDay
2023-07-10,15664.0,-91.0,0.0,0,439.66,0.0,1,3.14,4.05,SPY230818P00432000,432.0,0,0.0,0.0,,0.0,normalDay
2023-07-11,15664.0,-22.0,0.0,0,442.46,0.0,1,3.14,3.36,SPY230818P00432000,432.0,0,0.0,0.0,,0.0,normalDay
2023-07-12,15664.0,94.0,0.0,0,446.02,0.0,1,3.14,2.2,SPY230818P00432000,432.0,0,0.0,0.0,,0.0,normalDay
2023-07-13,15664.0,135.0,0.0,0,449.56,0.0,1,3.14,1.79,SPY230818P00432000,432.0,0,0.0,0.0,,0.0,normalDay
2023-07-14,15664.0,143.0,0.0,0,449.28,0.0,1,3.14,1.71,SPY230818P00432000,432.0,0,0.0,0.0,,0.0,normalDay
2023-07-17,15664.0,171.0,0.0,0,450.84,0.0,1,3.14,1.43,SPY230818P00432000,432.0,0,0.0,0.0,,0.0,normalDay
2023-07-18,15664.0,208.0,0.0,0,454.19,0.0,1,3.14,1.06,SPY230818P00432000,432.0,0,0.0,0.0,,0.0,normalDay
2023-07-19,15664.0,207.0,0.0,0,455.2,0.0,1,3.14,1.07,SPY230818P00432000,432.0,0,0.0,0.0,,0.0,normalDay
2023-07-20,15664.0,191.0,0.0,0,452.18,0.0,1,3.14,1.23,SPY230818P00432000,432.0,0,0.0,0.0,,0.0,normalDay
2023-07-21,15664.0,202.0,0.0,0,452.18,0.0,1,3.14,1.12,SPY230818P00432000,432.0,0,0.0,0.0,,0.0,normalDay
2023-07-24,15664.0,225.0,0.0,0,454.2,0.0,1,3.14,0.89,SPY230818P00432000,432.0,0,0.0,0.0,,0.0,normalDay
2023-07-25,15664.0,235.0,0.0,0,455.44,0.0,1,3.14,0.79,SPY230818P00432000,432.0,0,0.0,0.0,,0.0,normalDay
2023-07-26,15664.0,253.0,0.0,0,455.51,0.0,1,3.14,0.61,SPY230818P00432000,432.0,0,0.0,0.0,,0.0,normalDay
2023-07-27,15664.0,220.0,0.0,0,452.49,0.0,1,3.14,0.94,SPY230818P00432000,432.0,0,0.0,0.0,,0.0,normalDay
2023-07-28,15664.0,266.0,0.0,0,456.92,0.0,1,3.14,0.48,SPY230818P00432000,432.0,0,0.0,0.0,,0.0,normalDay
2023-07-31,15664.0,275.0,0.0,0,457.79,0.0,1,3.14,0.39,SPY230818P00432000,432.0,0,0.0,0.0,,0.0,normalDay
2023-08-01,15664.0,273.0,0.0,0,456.48,0.0,1,3.14,0.41,SPY230818P00432000,432.0,0,0.0,0.0,,0.0,normalDay
2023-08-02,15664.0,218.0,0.0,0,450.13,0.0,1,3.14,0.96,SPY230818P00432000,432.0,0,0.0,0.0,,0.0,normalDay
2023-08-03,15664.0,227.0,0.0,0,448.84,0.0,1,3.14,0.87,SPY230818P00432000,432.0,0,0.0,0.0,,0.0,normalDay
2023-08-04,15664.0,191.0,0.0,0,446.81,0.0,1,3.14,1.23,SPY230818P00432000,432.0,0,0.0,0.0,,0.0,normalDay
2023-08-07,15664.0,262.0,0.0,0,450.71,0.0,1,3.14,0.52,SPY230818P00432000,432.0,0,0.0,0.0,,0.0,normalDay
2023-08-08,15664.0,259.0,0.0,0,448.75,0.0,1,3.14,0.55,SPY230818P00432000,432.0,0,0.0,0.0,,0.0,normalDay
2023-08-09,15664.0,247.0,0.0,0,445.75,0.0,1,3.14,0.67,SPY230818P00432000,432.0,0,0.0,0.0,,0.0,normalDay
2023-08-10,15664.0,255.0,0.0,0,445.91,0.0,1,3.14,0.59,SPY230818P00432000,432.0,0,0.0,0.0,,0.0,normalDay
2023-08-11,15664.0,282.0,0.0,0,445.65,0.0,1,3.14,0.32,SPY230818P00432000,432.0,0,0.0,0.0,,0.0,normalDay
2023-08-14,15664.0,302.0,0.0,0,448.11,0.0,1,3.14,0.12,SPY230818P00432000,432.0,0,0.0,0.0,,0.0,normalDay
2023-08-15,15664.0,290.0,0.0,0,442.89,0.0,1,3.14,0.24,SPY230818P00432000,432.0,0,0.0,0.0,,0.0,normalDay
2023-08-16,15664.0,289.0,0.0,0,439.64,0.0,1,3.14,0.25,SPY230818P00432000,432.0,0,0.0,0.0,,0.0,normalDay
2023-08-17,15664.0,284.0,0.0,0,436.29,0.0,1,3.14,0.3,SPY230818P00432000,432.0,0,0.0,0.0,,0.0,normalDay
2023-08-18,15978.0,0.0,314.0,0,436.5,0.0,1,3.14,0.0,SPY230818P00432000,432.0,0,0.0,0.0,,0.0,expirationDay
2023-08-21,15978.0,-4.0,0.0,0,439.34,0.0,1,9.79,9.83,SPY230929P00443000,443.0,0,0.0,0.0,,0.0,normalDay
2023-08-22,15978.0,-37.0,0.0,0,438.15,0.0,1,9.79,10.16,SPY230929P00443000,443.0,0,0.0,0.0,,0.0,normalDay
2023-08-23,15978.0,237.0,0.0,0,443.03,0.0,1,9.79,7.42,SPY230929P00443000,443.0,0,0.0,0.0,,0.0,normalDay
2023-08-24,15978.0,-99.0,0.0,0,436.89,0.0,1,9.79,10.78,SPY230929P00443000,443.0,0,0.0,0.0,,0.0,normalDay
2023-08-25,15978.0,121.0,0.0,0,439.97,0.0,1,9.79,8.58,SPY230929P00443000,443.0,0,0.0,0.0,,0.0,normalDay
2023-08-28,15978.0,307.0,0.0,0,442.76,0.0,1,9.79,6.72,SPY230929P00443000,443.0,0,0.0,0.0,,0.0,normalDay
2023-08-29,15978.0,565.0,0.0,0,449.16,0.0,1,9.79,4.14,SPY230929P00443000,443.0,0,0.0,0.0,,0.0,normalDay
2023-08-30,15978.0,647.0,0.0,0,451.01,0.0,1,9.79,3.32,SPY230929P00443000,443.0,0,0.0,0.0,,0.0,normalDay
2023-08-31,15978.0,659.0,0.0,0,450.35,0.0,1,9.79,3.2,SPY230929P00443000,443.0,0,0.0,0.0,,0.0,normalDay
2023-09-01,15978.0,690.0,0.0,0,451.19,0.0,1,9.79,2.89,SPY230929P00443000,443.0,0,0.0,0.0,,0.0,normalDay
2023-09-05,15978.0,647.0,0.0,0,449.24,0.0,1,9.79,3.32,SPY230929P00443000,443.0,0,0.0,0.0,,0.0,normalDay
2023-09-06,15978.0,543.0,0.0,0,446.22,0.0,1,9.79,4.36,SPY230929P00443000,443.0,0,0.0,0.0,,0.0,normalDay
2023-09-07,15978.0,499.0,0.0,0,444.85,0.0,1,9.79,4.8,SPY230929P00443000,443.0,0,0.0,0.0,,0.0,normalDay
2023-09-08,15978.0,581.0,0.0,0,445.52,0.0,1,9.79,3.98,SPY230929P00443000,443.0,0,0.0,0.0,,0.0,normalDay
2023-09-11,15978.0,695.0,0.0,0,448.45,0.0,1,9.79,2.84,SPY230929P00443000,443.0,0,0.0,0.0,,0.0,normalDay
2023-09-12,15978.0,616.0,0.0,0,445.99,0.0,1,9.79,3.63,SPY230929P00443000,443.0,0,0.0,0.0,,0.0,normalDay
2023-09-13,15978.0,684.0,0.0,0,446.51,0.0,1,9.79,2.95,SPY230929P00443000,443.0,0,0.0,0.0,,0.0,normalDay
2023-09-14,15978.0,826.0,0.0,0,450.36,0.0,1,9.79,1.53,SPY230929P00443000,443.0,0,0.0,0.0,,0.0,normalDay
2023-09-15,15978.0,642.0,0.0,0,443.37,0.0,1,9.79,3.37,SPY230929P00443000,443.0,0,0.0,0.0,,0.0,normalDay
2023-09-18,15978.0,670.0,0.0,0,443.63,0.0,1,9.79,3.09,SPY230929P00443000,443.0,0,0.0,0.0,,0.0,normalDay
2023-09-19,15978.0,635.0,0.0,0,442.71,0.0,1,9.79,3.44,SPY230929P00443000,443.0,0,0.0,0.0,,0.0,normalDay
2023-09-20,15978.0,386.0,0.0,0,438.64,0.0,1,9.79,5.93,SPY230929P00443000,443.0,0,0.0,0.0,,0.0,normalDay
2023-09-21,15978.0,-210.0,0.0,0,431.39,0.0,1,9.79,11.89,SPY230929P00443000,443.0,0,0.0,0.0,,0.0,normalDay
2023-09-22,15978.0,-288.0,0.0,0,430.42,0.0,1,9.79,12.67,SPY230929P00443000,443.0,0,0.0,0.0,,0.0,normalDay
2023-09-25,15978.0,-110.0,0.0,0,432.23,0.0,1,9.79,10.89,SPY230929P00443000,443.0,0,0.0,0.0,,0.0,normalDay
2023-09-26,15978.0,-715.0,0.0,0,425.88,0.0,1,9.79,16.94,SPY230929P00443000,443.0,0,0.0,0.0,,0.0,normalDay
2023-09-27,15978.0,-704.0,0.0,0,426.05,0.0,1,9.79,16.83,SPY230929P00443000,443.0,0,0.0,0.0,,0.0,normalDay
2023-09-28,15978.0,-506.0,0.0,0,428.52,0.0,1,9.79,14.85,SPY230929P00443000,443.0,0,0.0,0.0,,0.0,normalDay
2023-09-29,16957.0,-1552.0,979.0,100,427.48,443.0,1,9.79,0.0,SPY230929P00443000,443.0,0,0.0,0.0,,0.0,expirationDay
2023-10-02,16957.0,-1572.0,0.0,100,427.31,443.0,0,0.0,0.0,,0.0,1,0.03,0.06,SPY231103C00468000,468.0,normalDay
2023-10-03,16957.0,-2142.0,0.0,100,421.59,443.0,0,0.0,0.0,,0.0,1,0.03,0.04,SPY231103C00468000,468.0,normalDay
2023-10-04,16957.0,-1836.0,0.0,100,424.66,443.0,0,0.0,0.0,,0.0,1,0.03,0.05,SPY231103C00468000,468.0,normalDay
2023-10-05,16957.0,-1851.0,0.0,100,424.5,443.0,0,0.0,0.0,,0.0,1,0.03,0.04,SPY231103C00468000,468.0,normalDay
2023-10-06,16957.0,-1349.0,0.0,100,429.54,443.0,0,0.0,0.0,,0.0,1,0.03,0.06,SPY231103C00468000,468.0,normalDay
2023-10-09,16957.0,-1075.0,0.0,100,432.29,443.0,0,0.0,0.0,,0.0,1,0.03,0.07,SPY231103C00468000,468.0,normalDay
2023-10-10,16957.0,-851.0,0.0,100,434.54,443.0,0,0.0,0.0,,0.0,1,0.03,0.08,SPY231103C00468000,468.0,normalDay
2023-10-11,16957.0,-672.0,0.0,100,436.32,443.0,0,0.0,0.0,,0.0,1,0.03,0.07,SPY231103C00468000,468.0,normalDay
2023-10-12,16957.0,-935.0,0.0,100,433.66,443.0,0,0.0,0.0,,0.0,1,0.03,0.04,SPY231103C00468000,468.0,normalDay
2023-10-13,16957.0,-1151.0,0.0,100,431.5,443.0,0,0.0,0.0,,0.0,1,0.03,0.04,SPY231103C00468000,468.0,normalDay
2023-10-16,16957.0,-698.0,0.0,100,436.04,443.0,0,0.0,0.0,,0.0,1,0.03,0.05,SPY231103C00468000,468.0,normalDay
2023-10-17,16957.0,-699.0,0.0,100,436.02,443.0,0,0.0,0.0,,0.0,1,0.03,0.04,SPY231103C00468000,468.0,normalDay
2023-10-18,16957.0,-1279.0,0.0,100,430.21,443.0,0,0.0,0.0,,0.0,1,0.03,0.03,SPY231103C00468000,468.0,normalDay
2023-10-19,16957.0,-1656.0,0.0,100,426.43,443.0,0,0.0,0.0,,0.0,1,0.03,0.02,SPY231103C00468000,468.0,normalDay
2023-10-20,16957.0,-2180.0,0.0,100,421.19,443.0,0,0.0,0.0,,0.0,1,0.03,0.02,SPY231103C00468000,468.0,normalDay
2023-10-23,16957.0,-2252.0,0.0,100,420.46,443.0,0,0.0,0.0,,0.0,1,0.03,0.01,SPY231103C00468000,468.0,normalDay
2023-10-24,16957.0,-1935.0,0.0,100,423.63,443.0,0,0.0,0.0,,0.0,1,0.03,0.01,SPY231103C00468000,468.0,normalDay
2023-10-25,16957.0,-2544.0,0.0,100,417.55,443.0,0,0.0,0.0,,0.0,1,0.03,0.02,SPY231103C00468000,468.0,normalDay
2023-10-26,16957.0,-3044.0,0.0,100,412.55,443.0,0,0.0,0.0,,0.0,1,0.03,0.02,SPY231103C00468000,468.0,normalDay
2023-10-27,16957.0,-3230.0,0.0,100,410.68,443.0,0,0.0,0.0,,0.0,1,0.03,0.01,SPY231103C00468000,468.0,normalDay
2023-10-30,16957.0,-2739.0,0.0,100,415.59,443.0,0,0.0,0.0,,0.0,1,0.03,0.01,SPY231103C00468000,468.0,normalDay
2023-10-31,16957.0,-2478.0,0.0,100,418.2,443.0,0,0.0,0.0,,0.0,1,0.03,0.01,SPY231103C00468000,468.0,normalDay
2023-11-01,16957.0,-2032.0,0.0,100,422.66,443.0,0,0.0,0.0,,0.0,1,0.03,0.01,SPY231103C00468000,468.0,normalDay
2023-11-02,16957.0,-1222.0,0.0,100,430.76,443.0,0,0.0,0.0,,0.0,1,0.03,0.01,SPY231103C00468000,468.0,normalDay
2023-11-03,16960.0,-831.0,3.0,100,434.69,443.0,0,0.0,0.0,,0.0,1,0.03,0.0,SPY231103C00468000,468.0,expirationDay
2023-11-06,16960.0,-735.0,0.0,100,435.69,443.0,0,0.0,0.0,,0.0,1,0.93,0.97,SPY231208C00454000,454.0,normalDay
2023-11-07,16960.0,-623.0,0.0,100,436.93,443.0,0,0.0,0.0,,0.0,1,0.93,1.09,SPY231208C00454000,454.0,normalDay
2023-11-08,16960.0,-580.0,0.0,100,437.25,443.0,0,0.0,0.0,,0.0,1,0.93,0.98,SPY231208C00454000,454.0,normalDay
2023-11-09,16960.0,-884.0,0.0,100,433.84,443.0,0,0.0,0.0,,0.0,1,0.93,0.61,SPY231208C00454000,454.0,normalDay
2023-11-10,16960.0,-287.0,0.0,100,440.61,443.0,0,0.0,0.0,,0.0,1,0.93,1.41,SPY231208C00454000,454.0,normalDay
2023-11-13,16960.0,-316.0,0.0,100,440.19,443.0,0,0.0,0.0,,0.0,1,0.93,1.28,SPY231208C00454000,454.0,normalDay
2023-11-14,16960.0,296.0,0.0,100,448.73,443.0,0,0.0,0.0,,0.0,1,0.93,3.7,SPY231208C00454000,454.0,normalDay
2023-11-15,16960.0,407.0,0.0,100,449.68,443.0,0,0.0,0.0,,0.0,1,0.93,3.54,SPY231208C00454000,454.0,normalDay
2023-11-16,16960.0,451.0,0.0,100,450.23,443.0,0,0.0,0.0,,0.0,1,0.93,3.65,SPY231208C00454000,454.0,normalDay
2023-11-17,16960.0,516.0,0.0,100,450.79,443.0,0,0.0,0.0,,0.0,1,0.93,3.56,SPY231208C00454000,454.0,normalDay
2023-11-20,16960.0,721.0,0.0,100,454.26,443.0,0,0.0,0.0,,0.0,1,0.93,4.98,SPY231208C00454000,454.0,normalDay
2023-11-21,16960.0,712.0,0.0,100,453.27,443.0,0,0.0,0.0,,0.0,1,0.93,4.08,SPY231208C00454000,454.0,normalDay
2023-11-22,16960.0,811.0,0.0,100,455.02,443.0,0,0.0,0.0,,0.0,1,0.93,4.84,SPY231208C00454000,454.0,normalDay
2023-11-24,16960.0,864.0,0.0,100,455.3,443.0,0,0.0,0.0,,0.0,1,0.93,4.59,SPY231208C00454000,454.0,normalDay
2023-11-27,16960.0,847.0,0.0,100,454.48,443.0,0,0.0,0.0,,0.0,1,0.93,3.94,SPY231208C00454000,454.0,normalDay
2023-11-28,16960.0,884.0,0.0,100,454.93,443.0,0,0.0,0.0,,0.0,1,0.93,4.02,SPY231208C00454000,454.0,normalDay
2023-11-29,16960.0,841.0,0.0,100,454.61,443.0,0,0.0,0.0,,0.0,1,0.93,4.13,SPY231208C00454000,454.0,normalDay
2023-11-30,16960.0,973.0,0.0,100,456.4,443.0,0,0.0,0.0,,0.0,1,0.93,4.6,SPY231208C00454000,454.0,normalDay
