date,totalCapital,unrializedPnL,rializedPnL,stocksOwned,stocksPriceToday,stocksPriceBoughtAt,putOwned,putOwnedSoldAt,putPriceToday,putOwnedContract,putOwnedStrike,callOwned,callOwnedSoldAt,callPriceToday,callOwnedContract,callOwnedStrike,trackType
2018-11-01,0.0,-5.0,0.0,0,273.51,0.0,1,5.18,5.23,SPY181221P00268000,268.0,0,0.0,0.0,,0.0,normalDay
2018-11-02,0.0,-52.0,0.0,0,271.89,0.0,1,5.18,5.7,SPY181221P00268000,268.0,0,0.0,0.0,,0.0,normalDay
2018-11-05,0.0,20.0,0.0,0,273.39,0.0,1,5.18,4.98,SPY181221P00268000,268.0,0,0.0,0.0,,0.0,normalDay
2018-11-06,0.0,84.0,0.0,0,275.12,0.0,1,5.18,4.34,SPY181221P00268000,268.0,0,0.0,0.0,,0.0,normalDay
2018-11-07,0.0,286.0,0.0,0,281.01,0.0,1,5.18,2.32,SPY181221P00268000,268.0,0,0.0,0.0,,0.0,normalDay
2018-11-08,0.0,280.0,0.0,0,280.5,0.0,1,5.18,2.38,SPY181221P00268000,268.0,0,0.0,0.0,,0.0,normalDay
2018-11-09,0.0,209.0,0.0,0,277.76,0.0,1,5.18,3.09,SPY181221P00268000,268.0,0,0.0,0.0,,0.0,normalDay
2018-11-12,0.0,37.0,0.0,0,272.57,0.0,1,5.18,4.81,SPY181221P00268000,268.0,0,0.0,0.0,,0.0,normalDay
2018-11-13,0.0,20.0,0.0,0,272.06,0.0,1,5.18,4.98,SPY181221P00268000,268.0,0,0.0,0.0,,0.0,normalDay
2018-11-14,0.0,-81.0,0.0,0,270.2,0.0,1,5.18,5.99,SPY181221P00268000,268.0,0,0.0,0.0,,0.0,normalDay
2018-11-15,0.0,68.0,0.0,0,273.02,0.0,1,5.18,4.5,SPY181221P00268000,268.0,0,0.0,0.0,,0.0,normalDay
2018-11-16,0.0,148.0,0.0,0,273.73,0.0,1,5.18,3.7,SPY181221P00268000,268.0,0,0.0,0.0,,0.0,normalDay
2018-11-19,0.0,-41.0,0.0,0,269.1,0.0,1,5.18,5.59,SPY181221P00268000,268.0,0,0.0,0.0,,0.0,normalDay
2018-11-20,0.0,-349.0,0.0,0,264.12,0.0,1,5.18,8.67,SPY181221P00268000,268.0,0,0.0,0.0,,0.0,normalDay
2018-11-21,0.0,-251.0,0.0,0,265.02,0.0,1,5.18,7.69,SPY181221P00268000,268.0,0,0.0,0.0,,0.0,normalDay
2018-11-23,0.0,-368.0,0.0,0,263.25,0.0,1,5.18,8.86,SPY181221P00268000,268.0,0,0.0,0.0,,0.0,normalDay
2018-11-26,0.0,-24.0,0.0,0,267.5,0.0,1,5.18,5.42,SPY181221P00268000,268.0,0,0.0,0.0,,0.0,normalDay
2018-11-27,0.0,-4.0,0.0,0,268.4,0.0,1,5.18,5.22,SPY181221P00268000,268.0,0,0.0,0.0,,0.0,normalDay
2018-11-28,0.0,225.0,0.0,0,274.58,0.0,1,5.18,2.93,SPY181221P00268000,268.0,0,0.0,0.0,,0.0,normalDay
2018-11-29,0.0,215.0,0.0,0,273.98,0.0,1,5.18,3.03,SPY181221P00268000,268.0,0,0.0,0.0,,0.0,normalDay
2018-11-30,0.0,276.0,0.0,0,275.65,0.0,1,5.18,2.42,SPY181221P00268000,268.0,0,0.0,0.0,,0.0,normalDay
2018-12-03,0.0,401.0,0.0,0,279.3,0.0,1,5.18,1.17,SPY181221P00268000,268.0,0,0.0,0.0,,0.0,normalDay
2018-12-04,0.0,89.0,0.0,0,270.25,0.0,1,5.18,4.29,SPY181221P00268000,268.0,0,0.0,0.0,,0.0,normalDay
2018-12-06,0.0,94.0,0.0,0,269.84,0.0,1,5.18,4.24,SPY181221P00268000,268.0,0,0.0,0.0,,0.0,normalDay
2018-12-07,0.0,-293.0,0.0,0,263.57,0.0,1,5.18,8.11,SPY181221P00268000,268.0,0,0.0,0.0,,0.0,normalDay
2018-12-10,0.0,-157.0,0.0,0,264.07,0.0,1,5.18,6.75,SPY181221P00268000,268.0,0,0.0,0.0,,0.0,normalDay
2018-12-11,0.0,-138.0,0.0,0,264.13,0.0,1,5.18,6.56,SPY181221P00268000,268.0,0,0.0,0.0,,0.0,normalDay
2018-12-12,0.0,-60.0,0.0,0,265.46,0.0,1,5.18,5.78,SPY181221P00268000,268.0,0,0.0,0.0,,0.0,normalDay
2018-12-13,0.0,-30.0,0.0,0,265.37,0.0,1,5.18,5.48,SPY181221P00268000,268.0,0,0.0,0.0,,0.0,normalDay
2018-12-14,0.0,-409.0,0.0,0,260.47,0.0,1,5.18,9.27,SPY181221P00268000,268.0,0,0.0,0.0,,0.0,normalDay
2018-12-17,0.0,-883.0,0.0,0,255.36,0.0,1,5.18,14.01,SPY181221P00268000,268.0,0,0.0,0.0,,0.0,normalDay
2018-12-18,0.0,-979.0,0.0,0,255.08,0.0,1,5.18,14.97,SPY181221P00268000,268.0,0,0.0,0.0,,0.0,normalDay
2018-12-19,0.0,-1298.0,0.0,0,251.26,0.0,1,5.18,18.16,SPY181221P00268000,268.0,0,0.0,0.0,,0.0,normalDay
2018-12-20,0.0,-1644.0,0.0,0,247.17,0.0,1,5.18,21.62,SPY181221P00268000,268.0,0,0.0,0.0,,0.0,normalDay
2018-12-21,518.0,-2730.0,518.0,100,240.7,268.0,1,5.18,0.0,SPY181221P00268000,268.0,0,0.0,0.0,,0.0,expirationDay
2018-12-24,518.0,-3366.0,0.0,100,234.34,268.0,0,0.0,0.0,,0.0,0,0.0,0.0,,0.0,bidTooLow
2018-12-26,518.0,-2182.0,0.0,100,246.18,268.0,0,0.0,0.0,,0.0,0,0.0,0.0,,0.0,bidTooLow
2018-12-27,518.0,-1999.0,0.0,100,248.07,268.0,0,0.0,0.0,,0.0,1,0.27,0.33,SPY190128C00275000,275.0,normalDay
2018-12-28,518.0,-2018.0,0.0,100,247.75,268.0,0,0.0,0.0,,0.0,1,0.27,0.2,SPY190128C00275000,275.0,normalDay
2018-12-31,518.0,-1795.0,0.0,100,249.92,268.0,0,0.0,0.0,,0.0,1,0.27,0.14,SPY190128C00275000,275.0,normalDay
2019-01-02,518.0,-1761.0,0.0,100,250.18,268.0,0,0.0,0.0,,0.0,1,0.27,0.06,SPY190128C00275000,275.0,normalDay
2019-01-03,518.0,-2355.0,0.0,100,244.21,268.0,0,0.0,0.0,,0.0,1,0.27,0.03,SPY190128C00275000,275.0,normalDay
2019-01-04,518.0,-1540.0,0.0,100,252.39,268.0,0,0.0,0.0,,0.0,1,0.27,0.06,SPY190128C00275000,275.0,normalDay
2019-01-07,518.0,-1341.0,0.0,100,254.38,268.0,0,0.0,0.0,,0.0,1,0.27,0.06,SPY190128C00275000,275.0,normalDay
2019-01-08,518.0,-1103.0,0.0,100,256.77,268.0,0,0.0,0.0,,0.0,1,0.27,0.07,SPY190128C00275000,275.0,normalDay
2019-01-09,518.0,-984.0,0.0,100,257.97,268.0,0,0.0,0.0,,0.0,1,0.27,0.08,SPY190128C00275000,275.0,normalDay
2019-01-10,518.0,-893.0,0.0,100,258.88,268.0,0,0.0,0.0,,0.0,1,0.27,0.08,SPY190128C00275000,275.0,normalDay
2019-01-11,518.0,-880.0,0.0,100,258.98,268.0,0,0.0,0.0,,0.0,1,0.27,0.05,SPY190128C00275000,275.0,normalDay
2019-01-14,518.0,-1037.0,0.0,100,257.4,268.0,0,0.0,0.0,,0.0,1,0.27,0.04,SPY190128C00275000,275.0,normalDay
2019-01-15,518.0,-743.0,0.0,100,260.35,268.0,0,0.0,0.0,,0.0,1,0.27,0.05,SPY190128C00275000,275.0,normalDay
2019-01-16,518.0,-681.0,0.0,100,260.98,268.0,0,0.0,0.0,,0.0,1,0.27,0.06,SPY190128C00275000,275.0,normalDay
2019-01-17,518.0,-484.0,0.0,100,262.96,268.0,0,0.0,0.0,,0.0,1,0.27,0.07,SPY190128C00275000,275.0,normalDay
2019-01-18,518.0,-144.0,0.0,100,266.46,268.0,0,0.0,0.0,,0.0,1,0.27,0.17,SPY190128C00275000,275.0,normalDay
2019-01-22,518.0,-490.0,0.0,100,262.86,268.0,0,0.0,0.0,,0.0,1,0.27,0.03,SPY190128C00275000,275.0,normalDay
2019-01-23,518.0,-433.0,0.0,100,263.41,268.0,0,0.0,0.0,,0.0,1,0.27,0.01,SPY190128C00275000,275.0,normalDay
2019-01-24,518.0,-419.0,0.0,100,263.55,268.0,0,0.0,0.0,,0.0,1,0.27,0.01,SPY190128C00275000,275.0,normalDay
2019-01-25,518.0,-196.0,0.0,100,265.78,268.0,0,0.0,0.0,,0.0,1,0.27,0.01,SPY190128C00275000,275.0,normalDay
2019-01-28,545.0,-424.0,27.0,100,263.76,268.0,0,0.0,0.0,,0.0,1,0.27,0.0,SPY190128C00275000,275.0,expirationDay
2019-01-29,545.0,-462.0,0.0,100,263.41,268.0,0,0.0,0.0,,0.0,1,0.09,0.12,SPY190301C00284000,284.0,normalDay
2019-01-30,545.0,-54.0,0.0,100,267.58,268.0,0,0.0,0.0,,0.0,1,0.09,0.21,SPY190301C00284000,284.0,normalDay
2019-01-31,545.0,169.0,0.0,100,269.93,268.0,0,0.0,0.0,,0.0,1,0.09,0.33,SPY190301C00284000,284.0,normalDay
2019-02-01,545.0,191.0,0.0,100,270.06,268.0,0,0.0,0.0,,0.0,1,0.09,0.24,SPY190301C00284000,284.0,normalDay
2019-02-04,545.0,376.0,0.0,100,271.96,268.0,0,0.0,0.0,,0.0,1,0.09,0.29,SPY190301C00284000,284.0,normalDay
2019-02-05,545.0,483.0,0.0,100,273.1,268.0,0,0.0,0.0,,0.0,1,0.09,0.36,SPY190301C00284000,284.0,normalDay
2019-02-06,545.0,458.0,0.0,100,272.74,268.0,0,0.0,0.0,,0.0,1,0.09,0.25,SPY190301C00284000,284.0,normalDay
2019-02-07,545.0,214.0,0.0,100,270.14,268.0,0,0.0,0.0,,0.0,1,0.09,0.09,SPY190301C00284000,284.0,normalDay
2019-02-08,545.0,249.0,0.0,100,270.47,268.0,0,0.0,0.0,,0.0,1,0.09,0.07,SPY190301C00284000,284.0,normalDay
2019-02-11,545.0,265.0,0.0,100,270.62,268.0,0,0.0,0.0,,0.0,1,0.09,0.06,SPY190301C00284000,284.0,normalDay
2019-02-12,545.0,596.0,0.0,100,274.1,268.0,0,0.0,0.0,,0.0,1,0.09,0.23,SPY190301C00284000,284.0,normalDay
2019-02-13,545.0,683.0,0.0,100,274.99,268.0,0,0.0,0.0,,0.0,1,0.09,0.25,SPY190301C00284000,284.0,normalDay
2019-02-14,545.0,628.0,0.0,100,274.38,268.0,0,0.0,0.0,,0.0,1,0.09,0.19,SPY190301C00284000,284.0,normalDay
2019-02-15,545.0,914.0,0.0,100,277.37,268.0,0,0.0,0.0,,0.0,1,0.09,0.32,SPY190301C00284000,284.0,normalDay
2019-02-19,545.0,973.0,0.0,100,277.85,268.0,0,0.0,0.0,,0.0,1,0.09,0.21,SPY190301C00284000,284.0,normalDay
2019-02-20,545.0,1028.0,0.0,100,278.41,268.0,0,0.0,0.0,,0.0,1,0.09,0.22,SPY190301C00284000,284.0,normalDay
2019-02-21,545.0,940.0,0.0,100,277.42,268.0,0,0.0,0.0,,0.0,1,0.09,0.11,SPY190301C00284000,284.0,normalDay
2019-02-22,545.0,1111.0,0.0,100,279.14,268.0,0,0.0,0.0,,0.0,1,0.09,0.12,SPY190301C00284000,284.0,normalDay
2019-02-25,545.0,1144.0,0.0,100,279.52,268.0,0,0.0,0.0,,0.0,1,0.09,0.17,SPY190301C00284000,284.0,normalDay
2019-02-26,545.0,1134.0,0.0,100,279.32,268.0,0,0.0,0.0,,0.0,1,0.09,0.07,SPY190301C00284000,284.0,normalDay
2019-02-27,545.0,1126.0,0.0,100,279.2,268.0,0,0.0,0.0,,0.0,1,0.09,0.03,SPY190301C00284000,284.0,normalDay
2019-02-28,545.0,1076.0,0.0,100,278.68,268.0,0,0.0,0.0,,0.0,1,0.09,0.01,SPY190301C00284000,284.0,normalDay
2019-03-01,554.0,1242.0,9.0,100,280.42,268.0,0,0.0,0.0,,0.0,1,0.09,0.0,SPY190301C00284000,284.0,expirationDay
2019-03-04,554.0,1137.0,0.0,100,279.4,268.0,0,0.0,0.0,,0.0,1,0.13,0.16,SPY190405C00291000,291.0,normalDay
2019-03-05,554.0,1099.0,0.0,100,279.02,268.0,0,0.0,0.0,,0.0,1,0.13,0.16,SPY190405C00291000,291.0,normalDay
2019-03-06,554.0,935.0,0.0,100,277.33,268.0,0,0.0,0.0,,0.0,1,0.13,0.11,SPY190405C00291000,291.0,normalDay
2019-03-07,554.0,707.0,0.0,100,275.01,268.0,0,0.0,0.0,,0.0,1,0.13,0.07,SPY190405C00291000,291.0,normalDay
2019-03-08,554.0,654.0,0.0,100,274.46,268.0,0,0.0,0.0,,0.0,1,0.13,0.05,SPY190405C00291000,291.0,normalDay
2019-03-11,554.0,1049.0,0.0,100,278.44,268.0,0,0.0,0.0,,0.0,1,0.13,0.08,SPY190405C00291000,291.0,normalDay
2019-03-12,554.0,1153.0,0.0,100,279.49,268.0,0,0.0,0.0,,0.0,1,0.13,0.09,SPY190405C00291000,291.0,normalDay
2019-03-13,554.0,1329.0,0.0,100,281.34,268.0,0,0.0,0.0,,0.0,1,0.13,0.18,SPY190405C00291000,291.0,normalDay
2019-03-14,554.0,1314.0,0.0,100,281.16,268.0,0,0.0,0.0,,0.0,1,0.13,0.15,SPY190405C00291000,291.0,normalDay
2019-03-15,554.0,1326.0,0.0,100,281.31,268.0,0,0.0,0.0,,0.0,1,0.13,0.18,SPY190405C00291000,291.0,normalDay
2019-03-18,554.0,1421.0,0.0,100,282.33,268.0,0,0.0,0.0,,0.0,1,0.13,0.25,SPY190405C00291000,291.0,normalDay
2019-03-19,554.0,1429.0,0.0,100,282.4,268.0,0,0.0,0.0,,0.0,1,0.13,0.24,SPY190405C00291000,291.0,normalDay
2019-03-20,554.0,1352.0,0.0,100,281.55,268.0,0,0.0,0.0,,0.0,1,0.13,0.16,SPY190405C00291000,291.0,normalDay
2019-03-21,554.0,1638.0,0.0,100,284.73,268.0,0,0.0,0.0,,0.0,1,0.13,0.48,SPY190405C00291000,291.0,normalDay
2019-03-22,554.0,1125.0,0.0,100,279.25,268.0,0,0.0,0.0,,0.0,1,0.13,0.13,SPY190405C00291000,291.0,normalDay
2019-03-25,554.0,1112.0,0.0,100,279.04,268.0,0,0.0,0.0,,0.0,1,0.13,0.05,SPY190405C00291000,291.0,normalDay
2019-03-26,554.0,1320.0,0.0,100,281.12,268.0,0,0.0,0.0,,0.0,1,0.13,0.05,SPY190405C00291000,291.0,normalDay
2019-03-27,554.0,1175.0,0.0,100,279.65,268.0,0,0.0,0.0,,0.0,1,0.13,0.03,SPY190405C00291000,291.0,normalDay
2019-03-28,554.0,1281.0,0.0,100,280.71,268.0,0,0.0,0.0,,0.0,1,0.13,0.03,SPY190405C00291000,291.0,normalDay
2019-03-29,554.0,1458.0,0.0,100,282.48,268.0,0,0.0,0.0,,0.0,1,0.13,0.03,SPY190405C00291000,291.0,normalDay
2019-04-01,554.0,1791.0,0.0,100,285.83,268.0,0,0.0,0.0,,0.0,1,0.13,0.05,SPY190405C00291000,291.0,normalDay
2019-04-02,554.0,1806.0,0.0,100,285.97,268.0,0,0.0,0.0,,0.0,1,0.13,0.04,SPY190405C00291000,291.0,normalDay
2019-04-03,554.0,1849.0,0.0,100,286.42,268.0,0,0.0,0.0,,0.0,1,0.13,0.06,SPY190405C00291000,291.0,normalDay
2019-04-04,554.0,1928.0,0.0,100,287.18,268.0,0,0.0,0.0,,0.0,1,0.13,0.03,SPY190405C00291000,291.0,normalDay
2019-04-05,567.0,2057.0,13.0,100,288.57,268.0,0,0.0,0.0,,0.0,1,0.13,0.0,SPY190405C00291000,291.0,expirationDay
2019-04-08,567.0,2075.0,0.0,100,288.79,268.0,0,0.0,0.0,,0.0,1,0.86,0.9,SPY190510C00296000,296.0,normalDay
2019-04-09,567.0,1954.0,0.0,100,287.31,268.0,0,0.0,0.0,,0.0,1,0.86,0.63,SPY190510C00296000,296.0,normalDay
2019-04-10,567.0,2044.0,0.0,100,288.29,268.0,0,0.0,0.0,,0.0,1,0.86,0.71,SPY190510C00296000,296.0,normalDay
2019-04-11,567.0,2048.0,0.0,100,288.21,268.0,0,0.0,0.0,,0.0,1,0.86,0.59,SPY190510C00296000,296.0,normalDay
2019-04-12,567.0,2214.0,0.0,100,290.16,268.0,0,0.0,0.0,,0.0,1,0.86,0.88,SPY190510C00296000,296.0,normalDay
2019-04-15,567.0,2212.0,0.0,100,289.97,268.0,0,0.0,0.0,,0.0,1,0.86,0.71,SPY190510C00296000,296.0,normalDay
2019-04-16,567.0,2232.0,0.0,100,290.16,268.0,0,0.0,0.0,,0.0,1,0.86,0.7,SPY190510C00296000,296.0,normalDay
2019-04-17,567.0,2178.0,0.0,100,289.45,268.0,0,0.0,0.0,,0.0,1,0.86,0.53,SPY190510C00296000,296.0,normalDay
2019-04-18,567.0,2228.0,0.0,100,290.02,268.0,0,0.0,0.0,,0.0,1,0.86,0.6,SPY190510C00296000,296.0,normalDay
2019-04-22,567.0,2260.0,0.0,100,290.27,268.0,0,0.0,0.0,,0.0,1,0.86,0.53,SPY190510C00296000,296.0,normalDay
2019-04-23,567.0,2454.0,0.0,100,292.88,268.0,0,0.0,0.0,,0.0,1,0.86,1.2,SPY190510C00296000,296.0,normalDay
2019-04-24,567.0,2402.0,0.0,100,292.23,268.0,0,0.0,0.0,,0.0,1,0.86,1.07,SPY190510C00296000,296.0,normalDay
2019-04-25,567.0,2406.0,0.0,100,292.05,268.0,0,0.0,0.0,,0.0,1,0.86,0.85,SPY190510C00296000,296.0,normalDay
2019-04-26,567.0,2512.0,0.0,100,293.41,268.0,0,0.0,0.0,,0.0,1,0.86,1.15,SPY190510C00296000,296.0,normalDay
2019-04-29,567.0,2562.0,0.0,100,293.87,268.0,0,0.0,0.0,,0.0,1,0.86,1.11,SPY190510C00296000,296.0,normalDay
2019-04-30,567.0,2571.0,0.0,100,294.02,268.0,0,0.0,0.0,,0.0,1,0.86,1.17,SPY190510C00296000,296.0,normalDay
2019-05-01,567.0,2411.0,0.0,100,291.81,268.0,0,0.0,0.0,,0.0,1,0.86,0.56,SPY190510C00296000,296.0,normalDay
2019-05-02,567.0,2379.0,0.0,100,291.18,268.0,0,0.0,0.0,,0.0,1,0.86,0.25,SPY190510C00296000,296.0,normalDay
2019-05-03,567.0,2623.0,0.0,100,294.03,268.0,0,0.0,0.0,,0.0,1,0.86,0.66,SPY190510C00296000,296.0,normalDay
2019-05-06,567.0,2527.0,0.0,100,292.82,268.0,0,0.0,0.0,,0.0,1,0.86,0.41,SPY190510C00296000,296.0,normalDay
2019-05-07,567.0,2069.0,0.0,100,287.93,268.0,0,0.0,0.0,,0.0,1,0.86,0.1,SPY190510C00296000,296.0,normalDay
2019-05-08,567.0,2035.0,0.0,100,287.53,268.0,0,0.0,0.0,,0.0,1,0.86,0.04,SPY190510C00296000,296.0,normalDay
2019-05-09,567.0,1950.0,0.0,100,286.66,268.0,0,0.0,0.0,,0.0,1,0.86,0.02,SPY190510C00296000,296.0,normalDay
2019-05-10,653.0,2010.0,86.0,100,288.1,268.0,0,0.0,0.0,,0.0,1,0.86,0.0,SPY190510C00296000,296.0,expirationDay
2019-05-13,653.0,1283.0,0.0,100,280.86,268.0,0,0.0,0.0,,0.0,1,0.02,0.05,SPY190614C00304000,304.0,normalDay
2019-05-14,653.0,1537.0,0.0,100,283.4,268.0,0,0.0,0.0,,0.0,1,0.02,0.05,SPY190614C00304000,304.0,normalDay
2019-05-15,653.0,1701.0,0.0,100,285.06,268.0,0,0.0,0.0,,0.0,1,0.02,0.07,SPY190614C00304000,304.0,normalDay
2019-05-16,653.0,1962.0,0.0,100,287.7,268.0,0,0.0,0.0,,0.0,1,0.02,0.1,SPY190614C00304000,304.0,normalDay
2019-05-17,653.0,1779.0,0.0,100,285.84,268.0,0,0.0,0.0,,0.0,1,0.02,0.07,SPY190614C00304000,304.0,normalDay
2019-05-20,653.0,1592.0,0.0,100,283.95,268.0,0,0.0,0.0,,0.0,1,0.02,0.05,SPY190614C00304000,304.0,normalDay
2019-05-21,653.0,1848.0,0.0,100,286.51,268.0,0,0.0,0.0,,0.0,1,0.02,0.05,SPY190614C00304000,304.0,normalDay
2019-05-22,653.0,1762.0,0.0,100,285.63,268.0,0,0.0,0.0,,0.0,1,0.02,0.03,SPY190614C00304000,304.0,normalDay
2019-05-23,653.0,1414.0,0.0,100,282.14,268.0,0,0.0,0.0,,0.0,1,0.02,0.02,SPY190614C00304000,304.0,normalDay
2019-05-24,653.0,1478.0,0.0,100,282.78,268.0,0,0.0,0.0,,0.0,1,0.02,0.02,SPY190614C00304000,304.0,normalDay
2019-05-28,653.0,1215.0,0.0,100,280.15,268.0,0,0.0,0.0,,0.0,1,0.02,0.02,SPY190614C00304000,304.0,normalDay
2019-05-29,653.0,1028.0,0.0,100,278.27,268.0,0,0.0,0.0,,0.0,1,0.02,0.01,SPY190614C00304000,304.0,normalDay
2019-05-30,653.0,1104.0,0.0,100,279.03,268.0,0,0.0,0.0,,0.0,1,0.02,0.01,SPY190614C00304000,304.0,normalDay
2019-05-31,653.0,728.0,0.0,100,275.27,268.0,0,0.0,0.0,,0.0,1,0.02,0.01,SPY190614C00304000,304.0,normalDay
2019-06-03,653.0,658.0,0.0,100,274.57,268.0,0,0.0,0.0,,0.0,1,0.02,0.01,SPY190614C00304000,304.0,normalDay
2019-06-04,653.0,1254.0,0.0,100,280.53,268.0,0,0.0,0.0,,0.0,1,0.02,0.01,SPY190614C00304000,304.0,normalDay
2019-06-05,653.0,1496.0,0.0,100,282.96,268.0,0,0.0,0.0,,0.0,1,0.02,0.02,SPY190614C00304000,304.0,normalDay
2019-06-06,653.0,1680.0,0.0,100,284.8,268.0,0,0.0,0.0,,0.0,1,0.02,0.02,SPY190614C00304000,304.0,normalDay
2019-06-07,653.0,1965.0,0.0,100,287.65,268.0,0,0.0,0.0,,0.0,1,0.02,0.02,SPY190614C00304000,304.0,normalDay
2019-06-10,653.0,2097.0,0.0,100,288.97,268.0,0,0.0,0.0,,0.0,1,0.02,0.02,SPY190614C00304000,304.0,normalDay
2019-06-11,653.0,2091.0,0.0,100,288.9,268.0,0,0.0,0.0,,0.0,1,0.02,0.01,SPY190614C00304000,304.0,normalDay
2019-06-12,653.0,2040.0,0.0,100,288.39,268.0,0,0.0,0.0,,0.0,1,0.02,0.01,SPY190614C00304000,304.0,normalDay
2019-06-13,653.0,2159.0,0.0,100,289.58,268.0,0,0.0,0.0,,0.0,1,0.02,0.01,SPY190614C00304000,304.0,normalDay
2019-06-14,655.0,2126.0,2.0,100,289.26,268.0,0,0.0,0.0,,0.0,1,0.02,0.0,SPY190614C00304000,304.0,expirationDay
2019-06-17,655.0,2134.0,0.0,100,289.37,268.0,0,0.0,0.0,,0.0,1,0.18,0.21,SPY190719C00304000,304.0,normalDay
2019-06-18,655.0,2415.0,0.0,100,292.4,268.0,0,0.0,0.0,,0.0,1,0.18,0.43,SPY190719C00304000,304.0,normalDay
2019-06-19,655.0,2482.0,0.0,100,293.06,268.0,0,0.0,0.0,,0.0,1,0.18,0.42,SPY190719C00304000,304.0,normalDay
2019-06-20,655.0,2715.0,0.0,100,295.86,268.0,0,0.0,0.0,,0.0,1,0.18,0.89,SPY190719C00304000,304.0,normalDay
2019-06-21,655.0,2536.0,0.0,100,294.0,268.0,0,0.0,0.0,,0.0,1,0.18,0.82,SPY190719C00304000,304.0,normalDay
2019-06-24,655.0,2519.0,0.0,100,293.64,268.0,0,0.0,0.0,,0.0,1,0.18,0.63,SPY190719C00304000,304.0,normalDay
2019-06-25,655.0,2265.0,0.0,100,290.76,268.0,0,0.0,0.0,,0.0,1,0.18,0.29,SPY190719C00304000,304.0,normalDay
2019-06-26,655.0,2243.0,0.0,100,290.47,268.0,0,0.0,0.0,,0.0,1,0.18,0.22,SPY190719C00304000,304.0,normalDay
2019-06-27,655.0,2342.0,0.0,100,291.5,268.0,0,0.0,0.0,,0.0,1,0.18,0.26,SPY190719C00304000,304.0,normalDay
2019-06-28,655.0,2479.0,0.0,100,293.0,268.0,0,0.0,0.0,,0.0,1,0.18,0.39,SPY190719C00304000,304.0,normalDay
2019-07-01,655.0,2757.0,0.0,100,295.66,268.0,0,0.0,0.0,,0.0,1,0.18,0.27,SPY190719C00304000,304.0,normalDay
2019-07-02,655.0,2842.0,0.0,100,296.43,268.0,0,0.0,0.0,,0.0,1,0.18,0.19,SPY190719C00304000,304.0,normalDay
2019-07-03,655.0,3049.0,0.0,100,298.8,268.0,0,0.0,0.0,,0.0,1,0.18,0.49,SPY190719C00304000,304.0,normalDay
2019-07-05,655.0,3037.0,0.0,100,298.46,268.0,0,0.0,0.0,,0.0,1,0.18,0.27,SPY190719C00304000,304.0,normalDay
2019-07-08,655.0,2889.0,0.0,100,296.82,268.0,0,0.0,0.0,,0.0,1,0.18,0.11,SPY190719C00304000,304.0,normalDay
2019-07-09,655.0,2926.0,0.0,100,297.19,268.0,0,0.0,0.0,,0.0,1,0.18,0.11,SPY190719C00304000,304.0,normalDay
2019-07-10,655.0,3062.0,0.0,100,298.61,268.0,0,0.0,0.0,,0.0,1,0.18,0.17,SPY190719C00304000,304.0,normalDay
2019-07-11,655.0,3133.0,0.0,100,299.31,268.0,0,0.0,0.0,,0.0,1,0.18,0.16,SPY190719C00304000,304.0,normalDay
2019-07-12,655.0,3258.0,0.0,100,300.65,268.0,0,0.0,0.0,,0.0,1,0.18,0.25,SPY190719C00304000,304.0,normalDay
2019-07-15,655.0,3280.0,0.0,100,300.75,268.0,0,0.0,0.0,,0.0,1,0.18,0.13,SPY190719C00304000,304.0,normalDay
2019-07-16,655.0,3192.0,0.0,100,299.78,268.0,0,0.0,0.0,,0.0,1,0.18,0.04,SPY190719C00304000,304.0,normalDay
2019-07-17,655.0,2990.0,0.0,100,297.74,268.0,0,0.0,0.0,,0.0,1,0.18,0.02,SPY190719C00304000,304.0,normalDay
2019-07-18,655.0,3100.0,0.0,100,298.83,268.0,0,0.0,0.0,,0.0,1,0.18,0.01,SPY190719C00304000,304.0,normalDay
2019-07-19,673.0,2917.0,18.0,100,297.17,268.0,0,0.0,0.0,,0.0,1,0.18,0.0,SPY190719C00304000,304.0,expirationDay
2019-07-22,673.0,2987.0,0.0,100,297.9,268.0,0,0.0,0.0,,0.0,1,0.19,0.22,SPY190823C00310000,310.0,normalDay
2019-07-23,673.0,3187.0,0.0,100,300.03,268.0,0,0.0,0.0,,0.0,1,0.19,0.35,SPY190823C00310000,310.0,normalDay
2019-07-24,673.0,3315.0,0.0,100,301.44,268.0,0,0.0,0.0,,0.0,1,0.19,0.48,SPY190823C00310000,310.0,normalDay
2019-07-25,673.0,3188.0,0.0,100,300.0,268.0,0,0.0,0.0,,0.0,1,0.19,0.31,SPY190823C00310000,310.0,normalDay
2019-07-26,673.0,3375.0,0.0,100,302.01,268.0,0,0.0,0.0,,0.0,1,0.19,0.45,SPY190823C00310000,310.0,normalDay
2019-07-29,673.0,3329.0,0.0,100,301.46,268.0,0,0.0,0.0,,0.0,1,0.19,0.36,SPY190823C00310000,310.0,normalDay
2019-07-30,673.0,3257.0,0.0,100,300.72,268.0,0,0.0,0.0,,0.0,1,0.19,0.34,SPY190823C00310000,310.0,normalDay
2019-07-31,673.0,2949.0,0.0,100,297.43,268.0,0,0.0,0.0,,0.0,1,0.19,0.13,SPY190823C00310000,310.0,normalDay
2019-08-01,673.0,2696.0,0.0,100,294.84,268.0,0,0.0,0.0,,0.0,1,0.19,0.07,SPY190823C00310000,310.0,normalDay
2019-08-02,673.0,2477.0,0.0,100,292.62,268.0,0,0.0,0.0,,0.0,1,0.19,0.04,SPY190823C00310000,310.0,normalDay
2019-08-05,673.0,1598.0,0.0,100,283.82,268.0,0,0.0,0.0,,0.0,1,0.19,0.03,SPY190823C00310000,310.0,normalDay
2019-08-06,673.0,1996.0,0.0,100,287.8,268.0,0,0.0,0.0,,0.0,1,0.19,0.03,SPY190823C00310000,310.0,normalDay
2019-08-07,673.0,2014.0,0.0,100,287.97,268.0,0,0.0,0.0,,0.0,1,0.19,0.02,SPY190823C00310000,310.0,normalDay
2019-08-08,673.0,2578.0,0.0,100,293.62,268.0,0,0.0,0.0,,0.0,1,0.19,0.03,SPY190823C00310000,310.0,normalDay
2019-08-09,673.0,2379.0,0.0,100,291.62,268.0,0,0.0,0.0,,0.0,1,0.19,0.02,SPY190823C00310000,310.0,normalDay
2019-08-12,673.0,2024.0,0.0,100,288.07,268.0,0,0.0,0.0,,0.0,1,0.19,0.02,SPY190823C00310000,310.0,normalDay
2019-08-13,673.0,2473.0,0.0,100,292.55,268.0,0,0.0,0.0,,0.0,1,0.19,0.01,SPY190823C00310000,310.0,normalDay
2019-08-14,673.0,1608.0,0.0,100,283.9,268.0,0,0.0,0.0,,0.0,1,0.19,0.01,SPY190823C00310000,310.0,normalDay
2019-08-15,673.0,1683.0,0.0,100,284.65,268.0,0,0.0,0.0,,0.0,1,0.19,0.01,SPY190823C00310000,310.0,normalDay
2019-08-16,673.0,2103.0,0.0,100,288.85,268.0,0,0.0,0.0,,0.0,1,0.19,0.01,SPY190823C00310000,310.0,normalDay
2019-08-19,673.0,2451.0,0.0,100,292.33,268.0,0,0.0,0.0,,0.0,1,0.19,0.01,SPY190823C00310000,310.0,normalDay
2019-08-20,673.0,2227.0,0.0,100,290.09,268.0,0,0.0,0.0,,0.0,1,0.19,0.01,SPY190823C00310000,310.0,normalDay
2019-08-21,673.0,2463.0,0.0,100,292.45,268.0,0,0.0,0.0,,0.0,1,0.19,0.01,SPY190823C00310000,310.0,normalDay
2019-08-22,673.0,2454.0,0.0,100,292.36,268.0,0,0.0,0.0,,0.0,1,0.19,0.01,SPY190823C00310000,310.0,normalDay
2019-08-23,692.0,1685.0,19.0,100,284.85,268.0,0,0.0,0.0,,0.0,1,0.19,0.0,SPY190823C00310000,310.0,expirationDay
2019-08-26,692.0,1997.0,0.0,100,288.0,268.0,0,0.0,0.0,,0.0,1,0.05,0.08,SPY190927C00310000,310.0,normalDay
2019-08-27,692.0,1885.0,0.0,100,286.87,268.0,0,0.0,0.0,,0.0,1,0.05,0.07,SPY190927C00310000,310.0,normalDay
2019-08-28,692.0,2085.0,0.0,100,288.89,268.0,0,0.0,0.0,,0.0,1,0.05,0.09,SPY190927C00310000,310.0,normalDay
2019-08-29,692.0,2451.0,0.0,100,292.58,268.0,0,0.0,0.0,,0.0,1,0.05,0.12,SPY190927C00310000,310.0,normalDay
2019-08-30,692.0,2440.0,0.0,100,292.45,268.0,0,0.0,0.0,,0.0,1,0.05,0.1,SPY190927C00310000,310.0,normalDay
2019-09-03,692.0,2275.0,0.0,100,290.74,268.0,0,0.0,0.0,,0.0,1,0.05,0.04,SPY190927C00310000,310.0,normalDay
2019-09-04,692.0,2604.0,0.0,100,294.04,268.0,0,0.0,0.0,,0.0,1,0.05,0.05,SPY190927C00310000,310.0,normalDay
2019-09-05,692.0,2974.0,0.0,100,297.82,268.0,0,0.0,0.0,,0.0,1,0.05,0.13,SPY190927C00310000,310.0,normalDay
2019-09-06,692.0,2999.0,0.0,100,298.05,268.0,0,0.0,0.0,,0.0,1,0.05,0.11,SPY190927C00310000,310.0,normalDay
2019-09-09,692.0,3017.0,0.0,100,298.2,268.0,0,0.0,0.0,,0.0,1,0.05,0.08,SPY190927C00310000,310.0,normalDay
2019-09-10,692.0,3011.0,0.0,100,298.13,268.0,0,0.0,0.0,,0.0,1,0.05,0.07,SPY190927C00310000,310.0,normalDay
2019-09-11,692.0,3220.0,0.0,100,300.25,268.0,0,0.0,0.0,,0.0,1,0.05,0.1,SPY190927C00310000,310.0,normalDay
2019-09-12,692.0,3319.0,0.0,100,301.29,268.0,0,0.0,0.0,,0.0,1,0.05,0.15,SPY190927C00310000,310.0,normalDay
2019-09-13,692.0,3305.0,0.0,100,301.09,268.0,0,0.0,0.0,,0.0,1,0.05,0.09,SPY190927C00310000,310.0,normalDay
2019-09-16,692.0,3216.0,0.0,100,300.16,268.0,0,0.0,0.0,,0.0,1,0.05,0.05,SPY190927C00310000,310.0,normalDay
2019-09-17,692.0,3291.0,0.0,100,300.92,268.0,0,0.0,0.0,,0.0,1,0.05,0.06,SPY190927C00310000,310.0,normalDay
2019-09-18,692.0,3310.0,0.0,100,301.1,268.0,0,0.0,0.0,,0.0,1,0.05,0.05,SPY190927C00310000,310.0,normalDay
2019-09-19,692.0,3309.0,0.0,100,301.08,268.0,0,0.0,0.0,,0.0,1,0.05,0.04,SPY190927C00310000,310.0,normalDay
2019-09-20,692.0,3031.0,0.0,100,298.28,268.0,0,0.0,0.0,,0.0,1,0.05,0.02,SPY190927C00310000,310.0,normalDay
2019-09-23,692.0,3025.0,0.0,100,298.21,268.0,0,0.0,0.0,,0.0,1,0.05,0.01,SPY190927C00310000,310.0,normalDay
2019-09-24,692.0,2791.0,0.0,100,295.87,268.0,0,0.0,0.0,,0.0,1,0.05,0.01,SPY190927C00310000,310.0,normalDay
2019-09-25,692.0,2966.0,0.0,100,297.62,268.0,0,0.0,0.0,,0.0,1,0.05,0.01,SPY190927C00310000,310.0,normalDay
2019-09-26,692.0,2904.0,0.0,100,297.0,268.0,0,0.0,0.0,,0.0,1,0.05,0.01,SPY190927C00310000,310.0,normalDay
2019-09-27,697.0,2740.0,5.0,100,295.4,268.0,0,0.0,0.0,,0.0,1,0.05,0.0,SPY190927C00310000,310.0,expirationDay
2019-09-30,697.0,2873.0,0.0,100,296.77,268.0,0,0.0,0.0,,0.0,1,0.3,0.34,SPY191101C00310000,310.0,normalDay
2019-10-01,697.0,2538.0,0.0,100,293.24,268.0,0,0.0,0.0,,0.0,1,0.3,0.16,SPY191101C00310000,310.0,normalDay
2019-10-02,697.0,2026.0,0.0,100,288.06,268.0,0,0.0,0.0,,0.0,1,0.3,0.1,SPY191101C00310000,310.0,normalDay
2019-10-03,697.0,2262.0,0.0,100,290.42,268.0,0,0.0,0.0,,0.0,1,0.3,0.1,SPY191101C00310000,310.0,normalDay
2019-10-04,697.0,2653.0,0.0,100,294.35,268.0,0,0.0,0.0,,0.0,1,0.3,0.12,SPY191101C00310000,310.0,normalDay
2019-10-07,697.0,2529.0,0.0,100,293.08,268.0,0,0.0,0.0,,0.0,1,0.3,0.09,SPY191101C00310000,310.0,normalDay
2019-10-08,697.0,2077.0,0.0,100,288.53,268.0,0,0.0,0.0,,0.0,1,0.3,0.06,SPY191101C00310000,310.0,normalDay
2019-10-09,697.0,2351.0,0.0,100,291.27,268.0,0,0.0,0.0,,0.0,1,0.3,0.06,SPY191101C00310000,310.0,normalDay
2019-10-10,697.0,2545.0,0.0,100,293.24,268.0,0,0.0,0.0,,0.0,1,0.3,0.09,SPY191101C00310000,310.0,normalDay
2019-10-11,697.0,2845.0,0.0,100,296.28,268.0,0,0.0,0.0,,0.0,1,0.3,0.13,SPY191101C00310000,310.0,normalDay
2019-10-14,697.0,2819.0,0.0,100,295.95,268.0,0,0.0,0.0,,0.0,1,0.3,0.06,SPY191101C00310000,310.0,normalDay
2019-10-15,697.0,3106.0,0.0,100,298.88,268.0,0,0.0,0.0,,0.0,1,0.3,0.12,SPY191101C00310000,310.0,normalDay
2019-10-16,697.0,3062.0,0.0,100,298.4,268.0,0,0.0,0.0,,0.0,1,0.3,0.08,SPY191101C00310000,310.0,normalDay
2019-10-17,697.0,3150.0,0.0,100,299.28,268.0,0,0.0,0.0,,0.0,1,0.3,0.08,SPY191101C00310000,310.0,normalDay
2019-10-18,697.0,3023.0,0.0,100,297.97,268.0,0,0.0,0.0,,0.0,1,0.3,0.04,SPY191101C00310000,310.0,normalDay
2019-10-21,697.0,3223.0,0.0,100,299.99,268.0,0,0.0,0.0,,0.0,1,0.3,0.06,SPY191101C00310000,310.0,normalDay
2019-10-22,697.0,3127.0,0.0,100,299.01,268.0,0,0.0,0.0,,0.0,1,0.3,0.04,SPY191101C00310000,310.0,normalDay
2019-10-23,697.0,3216.0,0.0,100,299.88,268.0,0,0.0,0.0,,0.0,1,0.3,0.02,SPY191101C00310000,310.0,normalDay
2019-10-24,697.0,3265.0,0.0,100,300.37,268.0,0,0.0,0.0,,0.0,1,0.3,0.02,SPY191101C00310000,310.0,normalDay
2019-10-25,697.0,3388.0,0.0,100,301.6,268.0,0,0.0,0.0,,0.0,1,0.3,0.02,SPY191101C00310000,310.0,normalDay
2019-10-28,697.0,3556.0,0.0,100,303.3,268.0,0,0.0,0.0,,0.0,1,0.3,0.04,SPY191101C00310000,310.0,normalDay
2019-10-29,697.0,3549.0,0.0,100,303.21,268.0,0,0.0,0.0,,0.0,1,0.3,0.02,SPY191101C00310000,310.0,normalDay
2019-10-30,697.0,3642.0,0.0,100,304.14,268.0,0,0.0,0.0,,0.0,1,0.3,0.02,SPY191101C00310000,310.0,normalDay
2019-10-31,697.0,3562.0,0.0,100,303.33,268.0,0,0.0,0.0,,0.0,1,0.3,0.01,SPY191101C00310000,310.0,normalDay
2019-11-01,727.0,3814.0,30.0,100,306.14,268.0,0,0.0,0.0,,0.0,1,0.3,0.0,SPY191101C00310000,310.0,expirationDay
2019-11-04,727.0,3934.0,0.0,100,307.37,268.0,0,0.0,0.0,,0.0,1,0.28,0.31,SPY191206C00320000,320.0,normalDay
2019-11-05,727.0,3903.0,0.0,100,307.03,268.0,0,0.0,0.0,,0.0,1,0.28,0.28,SPY191206C00320000,320.0,normalDay
2019-11-06,727.0,3915.0,0.0,100,307.1,268.0,0,0.0,0.0,,0.0,1,0.28,0.23,SPY191206C00320000,320.0,normalDay
2019-11-07,727.0,4018.0,0.0,100,308.18,268.0,0,0.0,0.0,,0.0,1,0.28,0.28,SPY191206C00320000,320.0,normalDay
2019-11-08,727.0,4096.0,0.0,100,308.94,268.0,0,0.0,0.0,,0.0,1,0.28,0.26,SPY191206C00320000,320.0,normalDay
2019-11-11,727.0,4043.0,0.0,100,308.35,268.0,0,0.0,0.0,,0.0,1,0.28,0.2,SPY191206C00320000,320.0,normalDay
2019-11-12,727.0,4109.0,0.0,100,309.0,268.0,0,0.0,0.0,,0.0,1,0.28,0.19,SPY191206C00320000,320.0,normalDay
2019-11-13,727.0,4120.0,0.0,100,309.1,268.0,0,0.0,0.0,,0.0,1,0.28,0.18,SPY191206C00320000,320.0,normalDay
2019-11-14,727.0,4167.0,0.0,100,309.55,268.0,0,0.0,0.0,,0.0,1,0.28,0.16,SPY191206C00320000,320.0,normalDay
2019-11-15,727.0,4384.0,0.0,100,311.79,268.0,0,0.0,0.0,,0.0,1,0.28,0.23,SPY191206C00320000,320.0,normalDay
2019-11-18,727.0,4409.0,0.0,100,312.02,268.0,0,0.0,0.0,,0.0,1,0.28,0.21,SPY191206C00320000,320.0,normalDay
2019-11-19,727.0,4404.0,0.0,100,311.93,268.0,0,0.0,0.0,,0.0,1,0.28,0.17,SPY191206C00320000,320.0,normalDay
2019-11-20,727.0,4297.0,0.0,100,310.77,268.0,0,0.0,0.0,,0.0,1,0.28,0.08,SPY191206C00320000,320.0,normalDay
2019-11-21,727.0,4247.0,0.0,100,310.27,268.0,0,0.0,0.0,,0.0,1,0.28,0.08,SPY191206C00320000,320.0,normalDay
2019-11-22,727.0,4318.0,0.0,100,310.96,268.0,0,0.0,0.0,,0.0,1,0.28,0.06,SPY191206C00320000,320.0,normalDay
2019-11-25,727.0,4556.0,0.0,100,313.37,268.0,0,0.0,0.0,,0.0,1,0.28,0.09,SPY191206C00320000,320.0,normalDay
2019-11-26,727.0,4625.0,0.0,100,314.08,268.0,0,0.0,0.0,,0.0,1,0.28,0.11,SPY191206C00320000,320.0,normalDay
2019-11-27,727.0,4753.0,0.0,100,315.48,268.0,0,0.0,0.0,,0.0,1,0.28,0.23,SPY191206C00320000,320.0,normalDay
2019-11-29,727.0,4651.0,0.0,100,314.31,268.0,0,0.0,0.0,,0.0,1,0.28,0.08,SPY191206C00320000,320.0,normalDay
2019-12-02,727.0,4389.0,0.0,100,311.64,268.0,0,0.0,0.0,,0.0,1,0.28,0.03,SPY191206C00320000,320.0,normalDay
2019-12-03,727.0,4182.0,0.0,100,309.55,268.0,0,0.0,0.0,,0.0,1,0.28,0.01,SPY191206C00320000,320.0,normalDay
2019-12-04,727.0,4373.0,0.0,100,311.46,268.0,0,0.0,0.0,,0.0,1,0.28,0.01,SPY191206C00320000,320.0,normalDay
2019-12-05,727.0,4429.0,0.0,100,312.02,268.0,0,0.0,0.0,,0.0,1,0.28,0.01,SPY191206C00320000,320.0,normalDay
2019-12-06,755.0,4687.0,28.0,100,314.87,268.0,0,0.0,0.0,,0.0,1,0.28,0.0,SPY191206C00320000,320.0,expirationDay
2019-12-09,755.0,4584.0,0.0,100,313.88,268.0,0,0.0,0.0,,0.0,1,0.94,0.98,SPY200110C00321000,321.0,normalDay
2019-12-10,755.0,4557.0,0.0,100,313.53,268.0,0,0.0,0.0,,0.0,1,0.94,0.9,SPY200110C00321000,321.0,normalDay
2019-12-11,755.0,4638.0,0.0,100,314.42,268.0,0,0.0,0.0,,0.0,1,0.94,0.98,SPY200110C00321000,321.0,normalDay
2019-12-12,755.0,4859.0,0.0,100,317.13,268.0,0,0.0,0.0,,0.0,1,0.94,1.48,SPY200110C00321000,321.0,normalDay
2019-12-13,755.0,4915.0,0.0,100,317.32,268.0,0,0.0,0.0,,0.0,1,0.94,1.11,SPY200110C00321000,321.0,normalDay
2019-12-16,755.0,5062.0,0.0,100,319.5,268.0,0,0.0,0.0,,0.0,1,0.94,1.82,SPY200110C00321000,321.0,normalDay
2019-12-17,755.0,5079.0,0.0,100,319.57,268.0,0,0.0,0.0,,0.0,1,0.94,1.72,SPY200110C00321000,321.0,normalDay
2019-12-18,755.0,5075.0,0.0,100,319.59,268.0,0,0.0,0.0,,0.0,1,0.94,1.78,SPY200110C00321000,321.0,normalDay
2019-12-19,755.0,5162.0,0.0,100,320.9,268.0,0,0.0,0.0,,0.0,1,0.94,2.22,SPY200110C00321000,321.0,normalDay
2019-12-20,755.0,5059.0,0.0,100,320.73,268.0,0,0.0,0.0,,0.0,1,0.94,3.08,SPY200110C00321000,321.0,normalDay
2019-12-23,755.0,5120.0,0.0,100,321.22,268.0,0,0.0,0.0,,0.0,1,0.94,2.96,SPY200110C00321000,321.0,normalDay
2019-12-24,755.0,5129.0,0.0,100,321.23,268.0,0,0.0,0.0,,0.0,1,0.94,2.88,SPY200110C00321000,321.0,normalDay
2019-12-26,755.0,5197.0,0.0,100,322.94,268.0,0,0.0,0.0,,0.0,1,0.94,3.91,SPY200110C00321000,321.0,normalDay
2019-12-27,755.0,5202.0,0.0,100,322.86,268.0,0,0.0,0.0,,0.0,1,0.94,3.78,SPY200110C00321000,321.0,normalDay
2019-12-30,755.0,5116.0,0.0,100,321.08,268.0,0,0.0,0.0,,0.0,1,0.94,2.86,SPY200110C00321000,321.0,normalDay
2019-12-31,755.0,5166.0,0.0,100,321.86,268.0,0,0.0,0.0,,0.0,1,0.94,3.14,SPY200110C00321000,321.0,normalDay
2020-01-02,755.0,5316.0,0.0,100,324.87,268.0,0,0.0,0.0,,0.0,1,0.94,4.65,SPY200110C00321000,321.0,normalDay
2020-01-03,755.0,5220.0,0.0,100,322.41,268.0,0,0.0,0.0,,0.0,1,0.94,3.15,SPY200110C00321000,321.0,normalDay
2020-01-06,755.0,5302.0,0.0,100,323.64,268.0,0,0.0,0.0,,0.0,1,0.94,3.56,SPY200110C00321000,321.0,normalDay
2020-01-07,755.0,5322.0,0.0,100,322.73,268.0,0,0.0,0.0,,0.0,1,0.94,2.45,SPY200110C00321000,321.0,normalDay
2020-01-08,755.0,5326.0,0.0,100,324.45,268.0,0,0.0,0.0,,0.0,1,0.94,4.13,SPY200110C00321000,321.0,normalDay
2020-01-09,755.0,5379.0,0.0,100,326.65,268.0,0,0.0,0.0,,0.0,1,0.94,5.8,SPY200110C00321000,321.0,normalDay
2020-01-10,6149.0,5379.0,5394.0,0,325.71,0.0,0,0.0,0.0,,0.0,1,0.94,0.0,SPY200110C00321000,321.0,expirationDay
2020-01-13,6149.0,-3.0,0.0,0,327.95,0.0,1,2.67,2.7,SPY200228P00320000,320.0,0,0.0,0.0,,0.0,normalDay
2020-01-14,6149.0,-4.0,0.0,0,327.45,0.0,1,2.67,2.71,SPY200228P00320000,320.0,0,0.0,0.0,,0.0,normalDay
2020-01-15,6149.0,17.0,0.0,0,328.19,0.0,1,2.67,2.5,SPY200228P00320000,320.0,0,0.0,0.0,,0.0,normalDay
2020-01-16,6149.0,65.0,0.0,0,330.92,0.0,1,2.67,2.02,SPY200228P00320000,320.0,0,0.0,0.0,,0.0,normalDay
2020-01-17,6149.0,87.0,0.0,0,331.95,0.0,1,2.67,1.8,SPY200228P00320000,320.0,0,0.0,0.0,,0.0,normalDay
2020-01-21,6149.0,73.0,0.0,0,331.3,0.0,1,2.67,1.94,SPY200228P00320000,320.0,0,0.0,0.0,,0.0,normalDay
2020-01-22,6149.0,74.0,0.0,0,331.34,0.0,1,2.67,1.93,SPY200228P00320000,320.0,0,0.0,0.0,,0.0,normalDay
2020-01-23,6149.0,79.0,0.0,0,331.72,0.0,1,2.67,1.88,SPY200228P00320000,320.0,0,0.0,0.0,,0.0,normalDay
2020-01-24,6149.0,-5.0,0.0,0,328.77,0.0,1,2.67,2.72,SPY200228P00320000,320.0,0,0.0,0.0,,0.0,normalDay
2020-01-27,6149.0,-225.0,0.0,0,323.5,0.0,1,2.67,4.92,SPY200228P00320000,320.0,0,0.0,0.0,,0.0,normalDay
2020-01-28,6149.0,-59.0,0.0,0,326.89,0.0,1,2.67,3.26,SPY200228P00320000,320.0,0,0.0,0.0,,0.0,normalDay
2020-01-29,6149.0,-63.0,0.0,0,326.62,0.0,1,2.67,3.3,SPY200228P00320000,320.0,0,0.0,0.0,,0.0,normalDay
2020-01-30,6149.0,13.0,0.0,0,327.68,0.0,1,2.67,2.54,SPY200228P00320000,320.0,0,0.0,0.0,,0.0,normalDay
2020-01-31,6149.0,-230.0,0.0,0,321.73,0.0,1,2.67,4.97,SPY200228P00320000,320.0,0,0.0,0.0,,0.0,normalDay
2020-02-03,6149.0,-129.0,0.0,0,324.12,0.0,1,2.67,3.96,SPY200228P00320000,320.0,0,0.0,0.0,,0.0,normalDay
2020-02-04,6149.0,68.0,0.0,0,329.06,0.0,1,2.67,1.99,SPY200228P00320000,320.0,0,0.0,0.0,,0.0,normalDay
2020-02-05,6149.0,150.0,0.0,0,332.86,0.0,1,2.67,1.17,SPY200228P00320000,320.0,0,0.0,0.0,,0.0,normalDay
2020-02-06,6149.0,163.0,0.0,0,333.98,0.0,1,2.67,1.04,SPY200228P00320000,320.0,0,0.0,0.0,,0.0,normalDay
2020-02-07,6149.0,142.0,0.0,0,332.2,0.0,1,2.67,1.25,SPY200228P00320000,320.0,0,0.0,0.0,,0.0,normalDay
2020-02-10,6149.0,190.0,0.0,0,334.68,0.0,1,2.67,0.77,SPY200228P00320000,320.0,0,0.0,0.0,,0.0,normalDay
2020-02-11,6149.0,197.0,0.0,0,335.26,0.0,1,2.67,0.7,SPY200228P00320000,320.0,0,0.0,0.0,,0.0,normalDay
2020-02-12,6149.0,227.0,0.0,0,337.42,0.0,1,2.67,0.4,SPY200228P00320000,320.0,0,0.0,0.0,,0.0,normalDay
2020-02-13,6149.0,226.0,0.0,0,337.06,0.0,1,2.67,0.41,SPY200228P00320000,320.0,0,0.0,0.0,,0.0,normalDay
2020-02-14,6149.0,238.0,0.0,0,337.6,0.0,1,2.67,0.29,SPY200228P00320000,320.0,0,0.0,0.0,,0.0,normalDay
2020-02-18,6149.0,243.0,0.0,0,336.73,0.0,1,2.67,0.24,SPY200228P00320000,320.0,0,0.0,0.0,,0.0,normalDay
2020-02-19,6149.0,253.0,0.0,0,338.34,0.0,1,2.67,0.14,SPY200228P00320000,320.0,0,0.0,0.0,,0.0,normalDay
2020-02-20,6149.0,252.0,0.0,0,336.95,0.0,1,2.67,0.15,SPY200228P00320000,320.0,0,0.0,0.0,,0.0,normalDay
2020-02-21,6149.0,245.0,0.0,0,333.48,0.0,1,2.67,0.22,SPY200228P00320000,320.0,0,0.0,0.0,,0.0,normalDay
2020-02-24,6149.0,-81.0,0.0,0,322.42,0.0,1,2.67,3.48,SPY200228P00320000,320.0,0,0.0,0.0,,0.0,normalDay
2020-02-25,6149.0,-545.0,0.0,0,312.65,0.0,1,2.67,8.12,SPY200228P00320000,320.0,0,0.0,0.0,,0.0,normalDay
2020-02-26,6149.0,-671.0,0.0,0,311.5,0.0,1,2.67,9.38,SPY200228P00320000,320.0,0,0.0,0.0,,0.0,normalDay
2020-02-27,6149.0,-2014.0,0.0,0,297.51,0.0,1,2.67,22.81,SPY200228P00320000,320.0,0,0.0,0.0,,0.0,normalDay
2020-02-28,6416.0,-2374.0,267.0,100,296.26,320.0,1,2.67,0.0,SPY200228P00320000,320.0,0,0.0,0.0,,0.0,expirationDay
2020-03-02,6416.0,-1091.0,0.0,100,309.09,320.0,0,0.0,0.0,,0.0,0,0.0,0.0,,0.0,bidTooLow
2020-03-03,6416.0,-1976.0,0.0,100,300.24,320.0,0,0.0,0.0,,0.0,0,0.0,0.0,,0.0,bidTooLow
2020-03-04,6416.0,-714.0,0.0,100,312.86,320.0,0,0.0,0.0,,0.0,0,0.0,0.0,,0.0,bidTooLow
2020-03-05,6416.0,-1768.0,0.0,100,302.46,320.0,0,0.0,0.0,,0.0,1,0.2,0.34,SPY200406C00340000,340.0,normalDay
2020-03-06,6416.0,-2249.0,0.0,100,297.46,320.0,0,0.0,0.0,,0.0,1,0.2,0.15,SPY200406C00340000,340.0,normalDay
2020-03-09,6416.0,-4570.0,0.0,100,274.23,320.0,0,0.0,0.0,,0.0,1,0.2,0.13,SPY200406C00340000,340.0,normalDay
2020-03-10,6416.0,-3148.0,0.0,100,288.42,320.0,0,0.0,0.0,,0.0,1,0.2,0.1,SPY200406C00340000,340.0,normalDay
2020-03-11,6416.0,-4551.0,0.0,100,274.36,320.0,0,0.0,0.0,,0.0,1,0.2,0.07,SPY200406C00340000,340.0,normalDay
2020-03-12,6416.0,-7174.0,0.0,100,248.11,320.0,0,0.0,0.0,,0.0,1,0.2,0.05,SPY200406C00340000,340.0,normalDay
2020-03-13,6416.0,-5058.0,0.0,100,269.32,320.0,0,0.0,0.0,,0.0,1,0.2,0.1,SPY200406C00340000,340.0,normalDay
2020-03-16,6416.0,-8002.0,0.0,100,239.85,320.0,0,0.0,0.0,,0.0,1,0.2,0.07,SPY200406C00340000,340.0,normalDay
2020-03-17,6416.0,-6704.0,0.0,100,252.8,320.0,0,0.0,0.0,,0.0,1,0.2,0.04,SPY200406C00340000,340.0,normalDay
2020-03-18,6416.0,-7984.0,0.0,100,240.0,320.0,0,0.0,0.0,,0.0,1,0.2,0.04,SPY200406C00340000,340.0,normalDay
2020-03-19,6416.0,-7933.0,0.0,100,240.51,320.0,0,0.0,0.0,,0.0,1,0.2,0.04,SPY200406C00340000,340.0,normalDay
2020-03-20,6416.0,-9102.0,0.0,100,228.8,320.0,0,0.0,0.0,,0.0,1,0.2,0.02,SPY200406C00340000,340.0,normalDay
2020-03-23,6416.0,-9687.0,0.0,100,222.95,320.0,0,0.0,0.0,,0.0,1,0.2,0.02,SPY200406C00340000,340.0,normalDay
2020-03-24,6416.0,-7669.0,0.0,100,243.15,320.0,0,0.0,0.0,,0.0,1,0.2,0.04,SPY200406C00340000,340.0,normalDay
2020-03-25,6416.0,-7303.0,0.0,100,246.79,320.0,0,0.0,0.0,,0.0,1,0.2,0.02,SPY200406C00340000,340.0,normalDay
2020-03-26,6416.0,-5862.0,0.0,100,261.2,320.0,0,0.0,0.0,,0.0,1,0.2,0.02,SPY200406C00340000,340.0,normalDay
2020-03-27,6416.0,-6640.0,0.0,100,253.42,320.0,0,0.0,0.0,,0.0,1,0.2,0.02,SPY200406C00340000,340.0,normalDay
2020-03-30,6416.0,-5816.0,0.0,100,261.65,320.0,0,0.0,0.0,,0.0,1,0.2,0.01,SPY200406C00340000,340.0,normalDay
2020-03-31,6416.0,-6206.0,0.0,100,257.75,320.0,0,0.0,0.0,,0.0,1,0.2,0.01,SPY200406C00340000,340.0,normalDay
2020-04-01,6416.0,-7366.0,0.0,100,246.15,320.0,0,0.0,0.0,,0.0,1,0.2,0.01,SPY200406C00340000,340.0,normalDay
2020-04-02,6416.0,-6798.0,0.0,100,251.83,320.0,0,0.0,0.0,,0.0,1,0.2,0.01,SPY200406C00340000,340.0,normalDay
2020-04-03,6416.0,-7162.0,0.0,100,248.19,320.0,0,0.0,0.0,,0.0,1,0.2,0.01,SPY200406C00340000,340.0,normalDay
2020-04-06,6436.0,-5514.0,20.0,100,264.86,320.0,0,0.0,0.0,,0.0,1,0.2,0.0,SPY200406C00340000,340.0,expirationDay
2020-04-07,6436.0,-5490.0,0.0,100,265.13,320.0,0,0.0,0.0,,0.0,1,0.24,0.27,SPY200508C00310000,310.0,normalDay
2020-04-08,6436.0,-4625.0,0.0,100,274.03,320.0,0,0.0,0.0,,0.0,1,0.24,0.52,SPY200508C00310000,310.0,normalDay
2020-04-09,6436.0,-4234.0,0.0,100,278.2,320.0,0,0.0,0.0,,0.0,1,0.24,0.78,SPY200508C00310000,310.0,normalDay
2020-04-13,6436.0,-4454.0,0.0,100,275.66,320.0,0,0.0,0.0,,0.0,1,0.24,0.44,SPY200508C00310000,310.0,normalDay
2020-04-14,6436.0,-3690.0,0.0,100,283.79,320.0,0,0.0,0.0,,0.0,1,0.24,0.93,SPY200508C00310000,310.0,normalDay
2020-04-15,6436.0,-4243.0,0.0,100,277.76,320.0,0,0.0,0.0,,0.0,1,0.24,0.43,SPY200508C00310000,310.0,normalDay
2020-04-16,6436.0,-4105.0,0.0,100,279.1,320.0,0,0.0,0.0,,0.0,1,0.24,0.39,SPY200508C00310000,310.0,normalDay
2020-04-17,6436.0,-3396.0,0.0,100,286.64,320.0,0,0.0,0.0,,0.0,1,0.24,0.84,SPY200508C00310000,310.0,normalDay
2020-04-20,6436.0,-3859.0,0.0,100,281.59,320.0,0,0.0,0.0,,0.0,1,0.24,0.42,SPY200508C00310000,310.0,normalDay
2020-04-21,6436.0,-4690.0,0.0,100,273.04,320.0,0,0.0,0.0,,0.0,1,0.24,0.18,SPY200508C00310000,310.0,normalDay
2020-04-22,6436.0,-4082.0,0.0,100,279.1,320.0,0,0.0,0.0,,0.0,1,0.24,0.16,SPY200508C00310000,310.0,normalDay
2020-04-23,6436.0,-4081.0,0.0,100,279.08,320.0,0,0.0,0.0,,0.0,1,0.24,0.13,SPY200508C00310000,310.0,normalDay
2020-04-24,6436.0,-3691.0,0.0,100,282.97,320.0,0,0.0,0.0,,0.0,1,0.24,0.12,SPY200508C00310000,310.0,normalDay
2020-04-27,6436.0,-3284.0,0.0,100,287.05,320.0,0,0.0,0.0,,0.0,1,0.24,0.13,SPY200508C00310000,310.0,normalDay
2020-04-28,6436.0,-3412.0,0.0,100,285.73,320.0,0,0.0,0.0,,0.0,1,0.24,0.09,SPY200508C00310000,310.0,normalDay
2020-04-29,6436.0,-2681.0,0.0,100,293.21,320.0,0,0.0,0.0,,0.0,1,0.24,0.26,SPY200508C00310000,310.0,normalDay
2020-04-30,6436.0,-2941.0,0.0,100,290.48,320.0,0,0.0,0.0,,0.0,1,0.24,0.13,SPY200508C00310000,310.0,normalDay
2020-05-01,6436.0,-3699.0,0.0,100,282.79,320.0,0,0.0,0.0,,0.0,1,0.24,0.02,SPY200508C00310000,310.0,normalDay
2020-05-04,6436.0,-3620.0,0.0,100,283.57,320.0,0,0.0,0.0,,0.0,1,0.24,0.01,SPY200508C00310000,310.0,normalDay
2020-05-05,6436.0,-3358.0,0.0,100,286.19,320.0,0,0.0,0.0,,0.0,1,0.24,0.01,SPY200508C00310000,310.0,normalDay
2020-05-06,6436.0,-3552.0,0.0,100,284.25,320.0,0,0.0,0.0,,0.0,1,0.24,0.01,SPY200508C00310000,310.0,normalDay
2020-05-07,6436.0,-3209.0,0.0,100,287.68,320.0,0,0.0,0.0,,0.0,1,0.24,0.01,SPY200508C00310000,310.0,normalDay
2020-05-08,6460.0,-2756.0,24.0,100,292.44,320.0,0,0.0,0.0,,0.0,1,0.24,0.0,SPY200508C00310000,310.0,expirationDay
2020-05-11,6460.0,-2755.0,0.0,100,292.5,320.0,0,0.0,0.0,,0.0,1,1.68,1.73,SPY200612C00307000,307.0,normalDay
2020-05-12,6460.0,-3275.0,0.0,100,286.67,320.0,0,0.0,0.0,,0.0,1,1.68,1.1,SPY200612C00307000,307.0,normalDay
2020-05-13,6460.0,-3743.0,0.0,100,281.6,320.0,0,0.0,0.0,,0.0,1,1.68,0.71,SPY200612C00307000,307.0,normalDay
2020-05-14,6460.0,-3417.0,0.0,100,284.97,320.0,0,0.0,0.0,,0.0,1,1.68,0.82,SPY200612C00307000,307.0,normalDay
2020-05-15,6460.0,-3272.0,0.0,100,286.28,320.0,0,0.0,0.0,,0.0,1,1.68,0.68,SPY200612C00307000,307.0,normalDay
2020-05-18,6460.0,-2548.0,0.0,100,295.0,320.0,0,0.0,0.0,,0.0,1,1.68,2.16,SPY200612C00307000,307.0,normalDay
2020-05-19,6460.0,-2794.0,0.0,100,291.97,320.0,0,0.0,0.0,,0.0,1,1.68,1.59,SPY200612C00307000,307.0,normalDay
2020-05-20,6460.0,-2394.0,0.0,100,296.93,320.0,0,0.0,0.0,,0.0,1,1.68,2.55,SPY200612C00307000,307.0,normalDay
2020-05-21,6460.0,-2526.0,0.0,100,294.88,320.0,0,0.0,0.0,,0.0,1,1.68,1.82,SPY200612C00307000,307.0,normalDay
2020-05-22,6460.0,-2459.0,0.0,100,295.44,320.0,0,0.0,0.0,,0.0,1,1.68,1.71,SPY200612C00307000,307.0,normalDay
2020-05-26,6460.0,-2157.0,0.0,100,299.08,320.0,0,0.0,0.0,,0.0,1,1.68,2.33,SPY200612C00307000,307.0,normalDay
2020-05-27,6460.0,-1869.0,0.0,100,303.53,320.0,0,0.0,0.0,,0.0,1,1.68,3.9,SPY200612C00307000,307.0,normalDay
2020-05-28,6460.0,-1939.0,0.0,100,302.97,320.0,0,0.0,0.0,,0.0,1,1.68,4.04,SPY200612C00307000,307.0,normalDay
2020-05-29,6460.0,-1830.0,0.0,100,304.32,320.0,0,0.0,0.0,,0.0,1,1.68,4.3,SPY200612C00307000,307.0,normalDay
2020-06-01,6460.0,-1696.0,0.0,100,305.55,320.0,0,0.0,0.0,,0.0,1,1.68,4.19,SPY200612C00307000,307.0,normalDay
2020-06-02,6460.0,-1523.0,0.0,100,308.08,320.0,0,0.0,0.0,,0.0,1,1.68,4.99,SPY200612C00307000,307.0,normalDay
2020-06-03,6460.0,-1367.0,0.0,100,312.18,320.0,0,0.0,0.0,,0.0,1,1.68,7.53,SPY200612C00307000,307.0,normalDay
2020-06-04,6460.0,-1364.0,0.0,100,311.36,320.0,0,0.0,0.0,,0.0,1,1.68,6.68,SPY200612C00307000,307.0,normalDay
2020-06-05,6460.0,-1180.0,0.0,100,319.34,320.0,0,0.0,0.0,,0.0,1,1.68,12.82,SPY200612C00307000,307.0,normalDay
2020-06-08,6460.0,-1105.0,0.0,100,323.2,320.0,0,0.0,0.0,,0.0,1,1.68,15.93,SPY200612C00307000,307.0,normalDay
2020-06-09,6460.0,-1220.0,0.0,100,320.79,320.0,0,0.0,0.0,,0.0,1,1.68,14.67,SPY200612C00307000,307.0,normalDay
2020-06-10,6460.0,-1116.0,0.0,100,319.0,320.0,0,0.0,0.0,,0.0,1,1.68,11.84,SPY200612C00307000,307.0,normalDay
2020-06-11,6460.0,-1853.0,0.0,100,300.61,320.0,0,0.0,0.0,,0.0,1,1.68,0.82,SPY200612C00307000,307.0,normalDay
2020-06-12,6628.0,-1579.0,168.0,100,304.21,320.0,0,0.0,0.0,,0.0,1,1.68,0.0,SPY200612C00307000,307.0,expirationDay
2020-06-15,6628.0,-1298.0,0.0,100,307.05,320.0,0,0.0,0.0,,0.0,1,0.29,0.32,SPY200717C00346000,346.0,normalDay
2020-06-16,6628.0,-726.0,0.0,100,312.96,320.0,0,0.0,0.0,,0.0,1,0.29,0.51,SPY200717C00346000,346.0,normalDay
2020-06-17,6628.0,-845.0,0.0,100,311.66,320.0,0,0.0,0.0,,0.0,1,0.29,0.4,SPY200717C00346000,346.0,normalDay
2020-06-18,6628.0,-825.0,0.0,100,311.78,320.0,0,0.0,0.0,,0.0,1,0.29,0.32,SPY200717C00346000,346.0,normalDay
2020-06-19,6628.0,-1126.0,0.0,100,308.64,320.0,0,0.0,0.0,,0.0,1,0.29,0.19,SPY200717C00346000,346.0,normalDay
2020-06-22,6628.0,-927.0,0.0,100,310.62,320.0,0,0.0,0.0,,0.0,1,0.29,0.18,SPY200717C00346000,346.0,normalDay
2020-06-23,6628.0,-784.0,0.0,100,312.05,320.0,0,0.0,0.0,,0.0,1,0.29,0.18,SPY200717C00346000,346.0,normalDay
2020-06-24,6628.0,-1573.0,0.0,100,304.09,320.0,0,0.0,0.0,,0.0,1,0.29,0.11,SPY200717C00346000,346.0,normalDay
2020-06-25,6628.0,-1247.0,0.0,100,307.35,320.0,0,0.0,0.0,,0.0,1,0.29,0.11,SPY200717C00346000,346.0,normalDay
2020-06-26,6628.0,-1972.0,0.0,100,300.05,320.0,0,0.0,0.0,,0.0,1,0.29,0.06,SPY200717C00346000,346.0,normalDay
2020-06-29,6628.0,-1531.0,0.0,100,304.46,320.0,0,0.0,0.0,,0.0,1,0.29,0.06,SPY200717C00346000,346.0,normalDay
2020-06-30,6628.0,-1143.0,0.0,100,308.36,320.0,0,0.0,0.0,,0.0,1,0.29,0.08,SPY200717C00346000,346.0,normalDay
2020-07-01,6628.0,-925.0,0.0,100,310.52,320.0,0,0.0,0.0,,0.0,1,0.29,0.06,SPY200717C00346000,346.0,normalDay
2020-07-02,6628.0,-752.0,0.0,100,312.23,320.0,0,0.0,0.0,,0.0,1,0.29,0.04,SPY200717C00346000,346.0,normalDay
2020-07-06,6628.0,-271.0,0.0,100,317.05,320.0,0,0.0,0.0,,0.0,1,0.29,0.05,SPY200717C00346000,346.0,normalDay
2020-07-07,6628.0,-596.0,0.0,100,313.78,320.0,0,0.0,0.0,,0.0,1,0.29,0.03,SPY200717C00346000,346.0,normalDay
2020-07-08,6628.0,-355.0,0.0,100,316.18,320.0,0,0.0,0.0,,0.0,1,0.29,0.02,SPY200717C00346000,346.0,normalDay
2020-07-09,6628.0,-534.0,0.0,100,314.38,320.0,0,0.0,0.0,,0.0,1,0.29,0.01,SPY200717C00346000,346.0,normalDay
2020-07-10,6628.0,-213.0,0.0,100,317.59,320.0,0,0.0,0.0,,0.0,1,0.29,0.01,SPY200717C00346000,346.0,normalDay
2020-07-13,6628.0,-488.0,0.0,100,314.84,320.0,0,0.0,0.0,,0.0,1,0.29,0.01,SPY200717C00346000,346.0,normalDay
2020-07-14,6628.0,-80.0,0.0,100,318.92,320.0,0,0.0,0.0,,0.0,1,0.29,0.01,SPY200717C00346000,346.0,normalDay
2020-07-15,6628.0,213.0,0.0,100,321.85,320.0,0,0.0,0.0,,0.0,1,0.29,0.01,SPY200717C00346000,346.0,normalDay
2020-07-16,6628.0,107.0,0.0,100,320.79,320.0,0,0.0,0.0,,0.0,1,0.29,0.01,SPY200717C00346000,346.0,normalDay
2020-07-17,6657.0,172.0,29.0,100,321.72,320.0,0,0.0,0.0,,0.0,1,0.29,0.0,SPY200717C00346000,346.0,expirationDay
2020-07-20,6657.0,429.0,0.0,100,324.32,320.0,0,0.0,0.0,,0.0,1,1.21,1.24,SPY200821C00342000,342.0,normalDay
2020-07-21,6657.0,490.0,0.0,100,325.01,320.0,0,0.0,0.0,,0.0,1,1.21,1.32,SPY200821C00342000,342.0,normalDay
2020-07-22,6657.0,675.0,0.0,100,326.86,320.0,0,0.0,0.0,,0.0,1,1.21,1.32,SPY200821C00342000,342.0,normalDay
2020-07-23,6657.0,343.0,0.0,100,322.96,320.0,0,0.0,0.0,,0.0,1,1.21,0.74,SPY200821C00342000,342.0,normalDay
2020-07-24,6657.0,156.0,0.0,100,320.88,320.0,0,0.0,0.0,,0.0,1,1.21,0.53,SPY200821C00342000,342.0,normalDay
2020-07-27,6657.0,391.0,0.0,100,323.22,320.0,0,0.0,0.0,,0.0,1,1.21,0.52,SPY200821C00342000,342.0,normalDay
2020-07-28,6657.0,201.0,0.0,100,321.17,320.0,0,0.0,0.0,,0.0,1,1.21,0.37,SPY200821C00342000,342.0,normalDay
2020-07-29,6657.0,575.0,0.0,100,325.12,320.0,0,0.0,0.0,,0.0,1,1.21,0.58,SPY200821C00342000,342.0,normalDay
2020-07-30,6657.0,465.0,0.0,100,323.96,320.0,0,0.0,0.0,,0.0,1,1.21,0.52,SPY200821C00342000,342.0,normalDay
2020-07-31,6657.0,715.0,0.0,100,326.52,320.0,0,0.0,0.0,,0.0,1,1.21,0.58,SPY200821C00342000,342.0,normalDay
2020-08-03,6657.0,929.0,0.0,100,328.79,320.0,0,0.0,0.0,,0.0,1,1.21,0.71,SPY200821C00342000,342.0,normalDay
2020-08-04,6657.0,1050.0,0.0,100,330.06,320.0,0,0.0,0.0,,0.0,1,1.21,0.77,SPY200821C00342000,342.0,normalDay
2020-08-05,6657.0,1241.0,0.0,100,332.11,320.0,0,0.0,0.0,,0.0,1,1.21,0.91,SPY200821C00342000,342.0,normalDay
2020-08-06,6657.0,1426.0,0.0,100,334.33,320.0,0,0.0,0.0,,0.0,1,1.21,1.28,SPY200821C00342000,342.0,normalDay
2020-08-07,6657.0,1466.0,0.0,100,334.57,320.0,0,0.0,0.0,,0.0,1,1.21,1.12,SPY200821C00342000,342.0,normalDay
2020-08-10,6657.0,1580.0,0.0,100,335.57,320.0,0,0.0,0.0,,0.0,1,1.21,0.98,SPY200821C00342000,342.0,normalDay
2020-08-11,6657.0,1332.0,0.0,100,332.8,320.0,0,0.0,0.0,,0.0,1,1.21,0.69,SPY200821C00342000,342.0,normalDay
2020-08-12,6657.0,1737.0,0.0,100,337.44,320.0,0,0.0,0.0,,0.0,1,1.21,1.28,SPY200821C00342000,342.0,normalDay
2020-08-13,6657.0,1719.0,0.0,100,336.83,320.0,0,0.0,0.0,,0.0,1,1.21,0.85,SPY200821C00342000,342.0,normalDay
2020-08-14,6657.0,1747.0,0.0,100,336.84,320.0,0,0.0,0.0,,0.0,1,1.21,0.58,SPY200821C00342000,342.0,normalDay
2020-08-17,6657.0,1866.0,0.0,100,337.91,320.0,0,0.0,0.0,,0.0,1,1.21,0.46,SPY200821C00342000,342.0,normalDay
2020-08-18,6657.0,1939.0,0.0,100,338.64,320.0,0,0.0,0.0,,0.0,1,1.21,0.46,SPY200821C00342000,342.0,normalDay
2020-08-19,6657.0,1828.0,0.0,100,337.23,320.0,0,0.0,0.0,,0.0,1,1.21,0.16,SPY200821C00342000,342.0,normalDay
2020-08-20,6657.0,1943.0,0.0,100,338.28,320.0,0,0.0,0.0,,0.0,1,1.21,0.06,SPY200821C00342000,342.0,normalDay
2020-08-21,6778.0,1948.0,121.0,100,339.48,320.0,0,0.0,0.0,,0.0,1,1.21,0.0,SPY200821C00342000,342.0,expirationDay
2020-08-24,6778.0,2288.0,0.0,100,342.92,320.0,0,0.0,0.0,,0.0,1,0.76,0.8,SPY200925C00359000,359.0,normalDay
2020-08-25,6778.0,2395.0,0.0,100,344.12,320.0,0,0.0,0.0,,0.0,1,0.76,0.93,SPY200925C00359000,359.0,normalDay
2020-08-26,6778.0,2653.0,0.0,100,347.57,320.0,0,0.0,0.0,,0.0,1,0.76,1.8,SPY200925C00359000,359.0,normalDay
2020-08-27,6778.0,2688.0,0.0,100,348.33,320.0,0,0.0,0.0,,0.0,1,0.76,2.21,SPY200925C00359000,359.0,normalDay
2020-08-28,6778.0,2887.0,0.0,100,350.58,320.0,0,0.0,0.0,,0.0,1,0.76,2.47,SPY200925C00359000,359.0,normalDay
2020-08-31,6778.0,2754.0,0.0,100,349.31,320.0,0,0.0,0.0,,0.0,1,0.76,2.53,SPY200925C00359000,359.0,normalDay
2020-09-01,6778.0,3008.0,0.0,100,352.6,320.0,0,0.0,0.0,,0.0,1,0.76,3.28,SPY200925C00359000,359.0,normalDay
2020-09-02,6778.0,3257.0,0.0,100,357.7,320.0,0,0.0,0.0,,0.0,1,0.76,5.89,SPY200925C00359000,359.0,normalDay
2020-09-03,6778.0,2379.0,0.0,100,345.39,320.0,0,0.0,0.0,,0.0,1,0.76,2.36,SPY200925C00359000,359.0,normalDay
2020-09-04,6778.0,2221.0,0.0,100,342.57,320.0,0,0.0,0.0,,0.0,1,0.76,1.12,SPY200925C00359000,359.0,normalDay
2020-09-08,6778.0,1361.0,0.0,100,333.21,320.0,0,0.0,0.0,,0.0,1,0.76,0.36,SPY200925C00359000,359.0,normalDay
2020-09-09,6778.0,1994.0,0.0,100,339.79,320.0,0,0.0,0.0,,0.0,1,0.76,0.61,SPY200925C00359000,359.0,normalDay
2020-09-10,6778.0,1436.0,0.0,100,333.89,320.0,0,0.0,0.0,,0.0,1,0.76,0.29,SPY200925C00359000,359.0,normalDay
2020-09-11,6778.0,1467.0,0.0,100,334.06,320.0,0,0.0,0.0,,0.0,1,0.76,0.15,SPY200925C00359000,359.0,normalDay
2020-09-14,6778.0,1908.0,0.0,100,338.46,320.0,0,0.0,0.0,,0.0,1,0.76,0.14,SPY200925C00359000,359.0,normalDay
2020-09-15,6778.0,2077.0,0.0,100,340.17,320.0,0,0.0,0.0,,0.0,1,0.76,0.16,SPY200925C00359000,359.0,normalDay
2020-09-16,6778.0,1950.0,0.0,100,338.82,320.0,0,0.0,0.0,,0.0,1,0.76,0.08,SPY200925C00359000,359.0,normalDay
2020-09-17,6778.0,1654.0,0.0,100,335.84,320.0,0,0.0,0.0,,0.0,1,0.76,0.06,SPY200925C00359000,359.0,normalDay
2020-09-18,6778.0,1139.0,0.0,100,330.65,320.0,0,0.0,0.0,,0.0,1,0.76,0.02,SPY200925C00359000,359.0,normalDay
2020-09-21,6778.0,772.0,0.0,100,326.97,320.0,0,0.0,0.0,,0.0,1,0.76,0.01,SPY200925C00359000,359.0,normalDay
2020-09-22,6778.0,1105.0,0.0,100,330.3,320.0,0,0.0,0.0,,0.0,1,0.76,0.01,SPY200925C00359000,359.0,normalDay
2020-09-23,6778.0,339.0,0.0,100,322.64,320.0,0,0.0,0.0,,0.0,1,0.76,0.01,SPY200925C00359000,359.0,normalDay
2020-09-24,6778.0,425.0,0.0,100,323.5,320.0,0,0.0,0.0,,0.0,1,0.76,0.01,SPY200925C00359000,359.0,normalDay
2020-09-25,6854.0,873.0,76.0,100,328.73,320.0,0,0.0,0.0,,0.0,1,0.76,0.0,SPY200925C00359000,359.0,expirationDay
2020-09-28,6854.0,1415.0,0.0,100,334.19,320.0,0,0.0,0.0,,0.0,1,0.2,0.24,SPY201030C00375000,375.0,normalDay
2020-09-29,6854.0,1235.0,0.0,100,332.37,320.0,0,0.0,0.0,,0.0,1,0.2,0.22,SPY201030C00375000,375.0,normalDay
2020-09-30,6854.0,1486.0,0.0,100,334.89,320.0,0,0.0,0.0,,0.0,1,0.2,0.23,SPY201030C00375000,375.0,normalDay
2020-10-01,6854.0,1695.0,0.0,100,337.04,320.0,0,0.0,0.0,,0.0,1,0.2,0.29,SPY201030C00375000,375.0,normalDay
2020-10-02,6854.0,1386.0,0.0,100,333.84,320.0,0,0.0,0.0,,0.0,1,0.2,0.18,SPY201030C00375000,375.0,normalDay
2020-10-05,6854.0,1977.0,0.0,100,339.76,320.0,0,0.0,0.0,,0.0,1,0.2,0.19,SPY201030C00375000,375.0,normalDay
2020-10-06,6854.0,1503.0,0.0,100,334.93,320.0,0,0.0,0.0,,0.0,1,0.2,0.1,SPY201030C00375000,375.0,normalDay
2020-10-07,6854.0,2083.0,0.0,100,340.76,320.0,0,0.0,0.0,,0.0,1,0.2,0.13,SPY201030C00375000,375.0,normalDay
2020-10-08,6854.0,2384.0,0.0,100,343.78,320.0,0,0.0,0.0,,0.0,1,0.2,0.14,SPY201030C00375000,375.0,normalDay
2020-10-09,6854.0,2690.0,0.0,100,346.85,320.0,0,0.0,0.0,,0.0,1,0.2,0.15,SPY201030C00375000,375.0,normalDay
2020-10-12,6854.0,3237.0,0.0,100,352.43,320.0,0,0.0,0.0,,0.0,1,0.2,0.26,SPY201030C00375000,375.0,normalDay
2020-10-13,6854.0,3015.0,0.0,100,350.13,320.0,0,0.0,0.0,,0.0,1,0.2,0.18,SPY201030C00375000,375.0,normalDay
2020-10-14,6854.0,2801.0,0.0,100,347.93,320.0,0,0.0,0.0,,0.0,1,0.2,0.12,SPY201030C00375000,375.0,normalDay
2020-10-15,6854.0,2758.0,0.0,100,347.5,320.0,0,0.0,0.0,,0.0,1,0.2,0.12,SPY201030C00375000,375.0,normalDay
2020-10-16,6854.0,2741.0,0.0,100,347.29,320.0,0,0.0,0.0,,0.0,1,0.2,0.08,SPY201030C00375000,375.0,normalDay
2020-10-19,6854.0,2217.0,0.0,100,342.01,320.0,0,0.0,0.0,,0.0,1,0.2,0.04,SPY201030C00375000,375.0,normalDay
2020-10-20,6854.0,2354.0,0.0,100,343.38,320.0,0,0.0,0.0,,0.0,1,0.2,0.04,SPY201030C00375000,375.0,normalDay
2020-10-21,6854.0,2290.0,0.0,100,342.73,320.0,0,0.0,0.0,,0.0,1,0.2,0.03,SPY201030C00375000,375.0,normalDay
2020-10-22,6854.0,2479.0,0.0,100,344.61,320.0,0,0.0,0.0,,0.0,1,0.2,0.02,SPY201030C00375000,375.0,normalDay
2020-10-23,6854.0,2597.0,0.0,100,345.78,320.0,0,0.0,0.0,,0.0,1,0.2,0.01,SPY201030C00375000,375.0,normalDay
2020-10-26,6854.0,1958.0,0.0,100,339.39,320.0,0,0.0,0.0,,0.0,1,0.2,0.01,SPY201030C00375000,375.0,normalDay
2020-10-27,6854.0,1841.0,0.0,100,338.22,320.0,0,0.0,0.0,,0.0,1,0.2,0.01,SPY201030C00375000,375.0,normalDay
2020-10-28,6854.0,685.0,0.0,100,326.66,320.0,0,0.0,0.0,,0.0,1,0.2,0.01,SPY201030C00375000,375.0,normalDay
2020-10-29,6854.0,1017.0,0.0,100,329.98,320.0,0,0.0,0.0,,0.0,1,0.2,0.01,SPY201030C00375000,375.0,normalDay
2020-10-30,6874.0,654.0,20.0,100,326.54,320.0,0,0.0,0.0,,0.0,1,0.2,0.0,SPY201030C00375000,375.0,expirationDay
2020-11-02,6874.0,1016.0,0.0,100,330.2,320.0,0,0.0,0.0,,0.0,1,0.3,0.34,SPY201204C00374000,374.0,normalDay
2020-11-03,6874.0,1582.0,0.0,100,336.03,320.0,0,0.0,0.0,,0.0,1,0.3,0.51,SPY201204C00374000,374.0,normalDay
2020-11-04,6874.0,2333.0,0.0,100,343.54,320.0,0,0.0,0.0,,0.0,1,0.3,0.51,SPY201204C00374000,374.0,normalDay
2020-11-05,6874.0,2948.0,0.0,100,350.24,320.0,0,0.0,0.0,,0.0,1,0.3,1.06,SPY201204C00374000,374.0,normalDay
2020-11-06,6874.0,2980.0,0.0,100,350.16,320.0,0,0.0,0.0,,0.0,1,0.3,0.66,SPY201204C00374000,374.0,normalDay
2020-11-09,6874.0,3354.0,0.0,100,354.56,320.0,0,0.0,0.0,,0.0,1,0.3,1.32,SPY201204C00374000,374.0,normalDay
2020-11-10,6874.0,3342.0,0.0,100,354.04,320.0,0,0.0,0.0,,0.0,1,0.3,0.92,SPY201204C00374000,374.0,normalDay
2020-11-11,6874.0,3598.0,0.0,100,356.67,320.0,0,0.0,0.0,,0.0,1,0.3,0.99,SPY201204C00374000,374.0,normalDay
2020-11-12,6874.0,3296.0,0.0,100,353.21,320.0,0,0.0,0.0,,0.0,1,0.3,0.55,SPY201204C00374000,374.0,normalDay
2020-11-13,6874.0,3751.0,0.0,100,358.1,320.0,0,0.0,0.0,,0.0,1,0.3,0.89,SPY201204C00374000,374.0,normalDay
2020-11-16,6874.0,4163.0,0.0,100,362.57,320.0,0,0.0,0.0,,0.0,1,0.3,1.24,SPY201204C00374000,374.0,normalDay
2020-11-17,6874.0,4005.0,0.0,100,360.62,320.0,0,0.0,0.0,,0.0,1,0.3,0.87,SPY201204C00374000,374.0,normalDay
2020-11-18,6874.0,3619.0,0.0,100,356.28,320.0,0,0.0,0.0,,0.0,1,0.3,0.39,SPY201204C00374000,374.0,normalDay
2020-11-19,6874.0,3771.0,0.0,100,357.78,320.0,0,0.0,0.0,,0.0,1,0.3,0.37,SPY201204C00374000,374.0,normalDay
2020-11-20,6874.0,3535.0,0.0,100,355.33,320.0,0,0.0,0.0,,0.0,1,0.3,0.28,SPY201204C00374000,374.0,normalDay
2020-11-23,6874.0,3757.0,0.0,100,357.46,320.0,0,0.0,0.0,,0.0,1,0.3,0.19,SPY201204C00374000,374.0,normalDay
2020-11-24,6874.0,4299.0,0.0,100,363.22,320.0,0,0.0,0.0,,0.0,1,0.3,0.53,SPY201204C00374000,374.0,normalDay
2020-11-25,6874.0,4265.0,0.0,100,362.66,320.0,0,0.0,0.0,,0.0,1,0.3,0.31,SPY201204C00374000,374.0,normalDay
2020-11-27,6874.0,4369.0,0.0,100,363.67,320.0,0,0.0,0.0,,0.0,1,0.3,0.28,SPY201204C00374000,374.0,normalDay
2020-11-30,6874.0,4225.0,0.0,100,362.06,320.0,0,0.0,0.0,,0.0,1,0.3,0.11,SPY201204C00374000,374.0,normalDay
2020-12-01,6874.0,4613.0,0.0,100,366.02,320.0,0,0.0,0.0,,0.0,1,0.3,0.19,SPY201204C00374000,374.0,normalDay
2020-12-02,6874.0,4697.0,0.0,100,366.79,320.0,0,0.0,0.0,,0.0,1,0.3,0.12,SPY201204C00374000,374.0,normalDay
2020-12-03,6874.0,4696.0,0.0,100,366.69,320.0,0,0.0,0.0,,0.0,1,0.3,0.03,SPY201204C00374000,374.0,normalDay
2020-12-04,6904.0,4985.0,30.0,100,369.85,320.0,0,0.0,0.0,,0.0,1,0.3,0.0,SPY201204C00374000,374.0,expirationDay
2020-12-07,6904.0,4903.0,0.0,100,369.09,320.0,0,0.0,0.0,,0.0,1,1.53,1.59,SPY210108C00383000,383.0,normalDay
2020-12-08,6904.0,5007.0,0.0,100,370.17,320.0,0,0.0,0.0,,0.0,1,1.53,1.63,SPY210108C00383000,383.0,normalDay
2020-12-09,6904.0,4727.0,0.0,100,366.85,320.0,0,0.0,0.0,,0.0,1,1.53,1.11,SPY210108C00383000,383.0,normalDay
2020-12-10,6904.0,4727.0,0.0,100,366.73,320.0,0,0.0,0.0,,0.0,1,1.53,0.99,SPY210108C00383000,383.0,normalDay
2020-12-11,6904.0,4697.0,0.0,100,366.3,320.0,0,0.0,0.0,,0.0,1,1.53,0.86,SPY210108C00383000,383.0,normalDay
2020-12-14,6904.0,4549.0,0.0,100,364.66,320.0,0,0.0,0.0,,0.0,1,1.53,0.7,SPY210108C00383000,383.0,normalDay
2020-12-15,6904.0,5013.0,0.0,100,369.59,320.0,0,0.0,0.0,,0.0,1,1.53,0.99,SPY210108C00383000,383.0,normalDay
2020-12-16,6904.0,5067.0,0.0,100,370.17,320.0,0,0.0,0.0,,0.0,1,1.53,1.03,SPY210108C00383000,383.0,normalDay
2020-12-17,6904.0,5248.0,0.0,100,372.24,320.0,0,0.0,0.0,,0.0,1,1.53,1.29,SPY210108C00383000,383.0,normalDay
2020-12-18,6904.0,4974.0,0.0,100,369.18,320.0,0,0.0,0.0,,0.0,1,1.53,0.97,SPY210108C00383000,383.0,normalDay
2020-12-21,6904.0,4859.0,0.0,100,367.86,320.0,0,0.0,0.0,,0.0,1,1.53,0.8,SPY210108C00383000,383.0,normalDay
2020-12-22,6904.0,4825.0,0.0,100,367.24,320.0,0,0.0,0.0,,0.0,1,1.53,0.52,SPY210108C00383000,383.0,normalDay
2020-12-23,6904.0,4872.0,0.0,100,367.57,320.0,0,0.0,0.0,,0.0,1,1.53,0.38,SPY210108C00383000,383.0,normalDay
2020-12-24,6904.0,5019.0,0.0,100,369.0,320.0,0,0.0,0.0,,0.0,1,1.53,0.34,SPY210108C00383000,383.0,normalDay
2020-12-28,6904.0,5317.0,0.0,100,372.17,320.0,0,0.0,0.0,,0.0,1,1.53,0.53,SPY210108C00383000,383.0,normalDay
2020-12-29,6904.0,5254.0,0.0,100,371.46,320.0,0,0.0,0.0,,0.0,1,1.53,0.45,SPY210108C00383000,383.0,normalDay
2020-12-30,6904.0,5315.0,0.0,100,371.99,320.0,0,0.0,0.0,,0.0,1,1.53,0.37,SPY210108C00383000,383.0,normalDay
2020-12-31,6904.0,5494.0,0.0,100,373.88,320.0,0,0.0,0.0,,0.0,1,1.53,0.47,SPY210108C00383000,383.0,normalDay
2021-01-04,6904.0,5017.0,0.0,100,368.79,320.0,0,0.0,0.0,,0.0,1,1.53,0.15,SPY210108C00383000,383.0,normalDay
2021-01-05,6904.0,5275.0,0.0,100,371.33,320.0,0,0.0,0.0,,0.0,1,1.53,0.11,SPY210108C00383000,383.0,normalDay
2021-01-06,6904.0,5499.0,0.0,100,373.55,320.0,0,0.0,0.0,,0.0,1,1.53,0.09,SPY210108C00383000,383.0,normalDay
2021-01-07,6904.0,6051.0,0.0,100,379.1,320.0,0,0.0,0.0,,0.0,1,1.53,0.12,SPY210108C00383000,383.0,normalDay
2021-01-08,7057.0,6126.0,153.0,100,381.26,320.0,0,0.0,0.0,,0.0,1,1.53,0.0,SPY210108C00383000,383.0,expirationDay
2021-01-11,7057.0,5864.0,0.0,100,378.69,320.0,0,0.0,0.0,,0.0,1,3.22,3.27,SPY210212C00390000,390.0,normalDay
2021-01-12,7057.0,5921.0,0.0,100,378.77,320.0,0,0.0,0.0,,0.0,1,3.22,2.78,SPY210212C00390000,390.0,normalDay
2021-01-13,7057.0,6027.0,0.0,100,379.79,320.0,0,0.0,0.0,,0.0,1,3.22,2.74,SPY210212C00390000,390.0,normalDay
2021-01-14,7057.0,5924.0,0.0,100,378.46,320.0,0,0.0,0.0,,0.0,1,3.22,2.44,SPY210212C00390000,390.0,normalDay
2021-01-15,7057.0,5748.0,0.0,100,375.7,320.0,0,0.0,0.0,,0.0,1,3.22,1.44,SPY210212C00390000,390.0,normalDay
2021-01-19,7057.0,6000.0,0.0,100,378.65,320.0,0,0.0,0.0,,0.0,1,3.22,1.87,SPY210212C00390000,390.0,normalDay
2021-01-20,7057.0,6384.0,0.0,100,383.89,320.0,0,0.0,0.0,,0.0,1,3.22,3.27,SPY210212C00390000,390.0,normalDay
2021-01-21,7057.0,6427.0,0.0,100,384.24,320.0,0,0.0,0.0,,0.0,1,3.22,3.19,SPY210212C00390000,390.0,normalDay
2021-01-22,7057.0,6360.0,0.0,100,382.88,320.0,0,0.0,0.0,,0.0,1,3.22,2.5,SPY210212C00390000,390.0,normalDay
2021-01-25,7057.0,6466.0,0.0,100,384.39,320.0,0,0.0,0.0,,0.0,1,3.22,2.95,SPY210212C00390000,390.0,normalDay
2021-01-26,7057.0,6415.0,0.0,100,383.79,320.0,0,0.0,0.0,,0.0,1,3.22,2.86,SPY210212C00390000,390.0,normalDay
2021-01-27,7057.0,5622.0,0.0,100,374.41,320.0,0,0.0,0.0,,0.0,1,3.22,1.41,SPY210212C00390000,390.0,normalDay
2021-01-28,7057.0,5945.0,0.0,100,377.63,320.0,0,0.0,0.0,,0.0,1,3.22,1.4,SPY210212C00390000,390.0,normalDay
2021-01-29,7057.0,5287.0,0.0,100,370.07,320.0,0,0.0,0.0,,0.0,1,3.22,0.42,SPY210212C00390000,390.0,normalDay
2021-02-01,7057.0,5886.0,0.0,100,376.23,320.0,0,0.0,0.0,,0.0,1,3.22,0.59,SPY210212C00390000,390.0,normalDay
2021-02-02,7057.0,6359.0,0.0,100,381.55,320.0,0,0.0,0.0,,0.0,1,3.22,1.18,SPY210212C00390000,390.0,normalDay
2021-02-03,7057.0,6428.0,0.0,100,381.85,320.0,0,0.0,0.0,,0.0,1,3.22,0.79,SPY210212C00390000,390.0,normalDay
2021-02-04,7057.0,6798.0,0.0,100,386.19,320.0,0,0.0,0.0,,0.0,1,3.22,1.43,SPY210212C00390000,390.0,normalDay
2021-02-05,7057.0,6929.0,0.0,100,387.71,320.0,0,0.0,0.0,,0.0,1,3.22,1.64,SPY210212C00390000,390.0,normalDay
2021-02-08,7057.0,7120.0,0.0,100,390.51,320.0,0,0.0,0.0,,0.0,1,3.22,2.53,SPY210212C00390000,390.0,normalDay
2021-02-09,7057.0,7111.0,0.0,100,390.25,320.0,0,0.0,0.0,,0.0,1,3.22,2.36,SPY210212C00390000,390.0,normalDay
2021-02-10,7057.0,7122.0,0.0,100,390.08,320.0,0,0.0,0.0,,0.0,1,3.22,2.08,SPY210212C00390000,390.0,normalDay
2021-02-11,7057.0,7243.0,0.0,100,390.71,320.0,0,0.0,0.0,,0.0,1,3.22,1.5,SPY210212C00390000,390.0,normalDay
2021-02-12,14379.0,7243.0,7322.0,0,392.64,0.0,0,0.0,0.0,,0.0,1,3.22,0.0,SPY210212C00390000,390.0,expirationDay
2021-02-16,14379.0,-8.0,0.0,0,392.3,0.0,1,5.81,5.89,SPY210401P00377500,377.5,0,0.0,0.0,,0.0,normalDay
2021-02-17,14379.0,18.0,0.0,0,392.39,0.0,1,5.81,5.63,SPY210401P00377500,377.5,0,0.0,0.0,,0.0,normalDay
2021-02-18,14379.0,-35.0,0.0,0,390.72,0.0,1,5.81,6.16,SPY210401P00377500,377.5,0,0.0,0.0,,0.0,normalDay
2021-02-19,14379.0,-24.0,0.0,0,390.03,0.0,1,5.81,6.05,SPY210401P00377500,377.5,0,0.0,0.0,,0.0,normalDay
2021-02-22,14379.0,-104.0,0.0,0,387.03,0.0,1,5.81,6.85,SPY210401P00377500,377.5,0,0.0,0.0,,0.0,normalDay
2021-02-23,14379.0,-67.0,0.0,0,387.5,0.0,1,5.81,6.48,SPY210401P00377500,377.5,0,0.0,0.0,,0.0,normalDay
2021-02-24,14379.0,97.0,0.0,0,391.77,0.0,1,5.81,4.84,SPY210401P00377500,377.5,0,0.0,0.0,,0.0,normalDay
2021-02-25,14379.0,-325.0,0.0,0,382.33,0.0,1,5.81,9.06,SPY210401P00377500,377.5,0,0.0,0.0,,0.0,normalDay
2021-02-26,14379.0,-370.0,0.0,0,380.36,0.0,1,5.81,9.51,SPY210401P00377500,377.5,0,0.0,0.0,,0.0,normalDay
2021-03-01,14379.0,68.0,0.0,0,389.58,0.0,1,5.81,5.13,SPY210401P00377500,377.5,0,0.0,0.0,,0.0,normalDay
2021-03-02,14379.0,-33.0,0.0,0,386.54,0.0,1,5.81,6.14,SPY210401P00377500,377.5,0,0.0,0.0,,0.0,normalDay
2021-03-03,14379.0,-235.0,0.0,0,381.42,0.0,1,5.81,8.16,SPY210401P00377500,377.5,0,0.0,0.0,,0.0,normalDay
2021-03-04,14379.0,-455.0,0.0,0,376.7,0.0,1,5.81,10.36,SPY210401P00377500,377.5,0,0.0,0.0,,0.0,normalDay
2021-03-05,14379.0,-81.0,0.0,0,383.63,0.0,1,5.81,6.62,SPY210401P00377500,377.5,0,0.0,0.0,,0.0,normalDay
2021-03-08,14379.0,-135.0,0.0,0,381.72,0.0,1,5.81,7.16,SPY210401P00377500,377.5,0,0.0,0.0,,0.0,normalDay
2021-03-09,14379.0,76.0,0.0,0,387.17,0.0,1,5.81,5.05,SPY210401P00377500,377.5,0,0.0,0.0,,0.0,normalDay
2021-03-10,14379.0,204.0,0.0,0,389.58,0.0,1,5.81,3.77,SPY210401P00377500,377.5,0,0.0,0.0,,0.0,normalDay
2021-03-11,14379.0,296.0,0.0,0,393.53,0.0,1,5.81,2.85,SPY210401P00377500,377.5,0,0.0,0.0,,0.0,normalDay
2021-03-12,14379.0,364.0,0.0,0,394.06,0.0,1,5.81,2.17,SPY210401P00377500,377.5,0,0.0,0.0,,0.0,normalDay
2021-03-15,14379.0,429.0,0.0,0,396.41,0.0,1,5.81,1.52,SPY210401P00377500,377.5,0,0.0,0.0,,0.0,normalDay
2021-03-16,14379.0,429.0,0.0,0,395.91,0.0,1,5.81,1.52,SPY210401P00377500,377.5,0,0.0,0.0,,0.0,normalDay
2021-03-17,14379.0,466.0,0.0,0,397.26,0.0,1,5.81,1.15,SPY210401P00377500,377.5,0,0.0,0.0,,0.0,normalDay
2021-03-18,14379.0,398.0,0.0,0,391.48,0.0,1,5.81,1.83,SPY210401P00377500,377.5,0,0.0,0.0,,0.0,normalDay
2021-03-19,14379.0,401.0,0.0,0,389.48,0.0,1,5.81,1.8,SPY210401P00377500,377.5,0,0.0,0.0,,0.0,normalDay
2021-03-22,14379.0,503.0,0.0,0,392.59,0.0,1,5.81,0.78,SPY210401P00377500,377.5,0,0.0,0.0,,0.0,normalDay
2021-03-23,14379.0,462.0,0.0,0,389.5,0.0,1,5.81,1.19,SPY210401P00377500,377.5,0,0.0,0.0,,0.0,normalDay
2021-03-24,14379.0,447.0,0.0,0,387.52,0.0,1,5.81,1.34,SPY210401P00377500,377.5,0,0.0,0.0,,0.0,normalDay
2021-03-25,14379.0,509.0,0.0,0,389.7,0.0,1,5.81,0.72,SPY210401P00377500,377.5,0,0.0,0.0,,0.0,normalDay
2021-03-26,14379.0,553.0,0.0,0,395.98,0.0,1,5.81,0.28,SPY210401P00377500,377.5,0,0.0,0.0,,0.0,normalDay
2021-03-29,14379.0,565.0,0.0,0,395.78,0.0,1,5.81,0.16,SPY210401P00377500,377.5,0,0.0,0.0,,0.0,normalDay
2021-03-30,14379.0,575.0,0.0,0,394.73,0.0,1,5.81,0.06,SPY210401P00377500,377.5,0,0.0,0.0,,0.0,normalDay
2021-03-31,14379.0,579.0,0.0,0,396.33,0.0,1,5.81,0.02,SPY210401P00377500,377.5,0,0.0,0.0,,0.0,normalDay
2021-04-01,14960.0,0.0,581.0,0,400.61,0.0,1,5.81,0.0,SPY210401P00377500,377.5,0,0.0,0.0,,0.0,expirationDay
2021-04-05,14960.0,-3.0,0.0,0,406.36,0.0,1,3.63,3.66,SPY210521P00388000,388.0,0,0.0,0.0,,0.0,normalDay
2021-04-06,14960.0,-10.0,0.0,0,406.12,0.0,1,3.63,3.73,SPY210521P00388000,388.0,0,0.0,0.0,,0.0,normalDay
2021-04-07,14960.0,29.0,0.0,0,406.59,0.0,1,3.63,3.34,SPY210521P00388000,388.0,0,0.0,0.0,,0.0,normalDay
2021-04-08,14960.0,61.0,0.0,0,408.52,0.0,1,3.63,3.02,SPY210521P00388000,388.0,0,0.0,0.0,,0.0,normalDay
2021-04-09,14960.0,93.0,0.0,0,411.49,0.0,1,3.63,2.7,SPY210521P00388000,388.0,0,0.0,0.0,,0.0,normalDay
2021-04-12,14960.0,116.0,0.0,0,411.64,0.0,1,3.63,2.47,SPY210521P00388000,388.0,0,0.0,0.0,,0.0,normalDay
2021-04-13,14960.0,145.0,0.0,0,412.86,0.0,1,3.63,2.18,SPY210521P00388000,388.0,0,0.0,0.0,,0.0,normalDay
2021-04-14,14960.0,133.0,0.0,0,411.45,0.0,1,3.63,2.3,SPY210521P00388000,388.0,0,0.0,0.0,,0.0,normalDay
2021-04-15,14960.0,184.0,0.0,0,415.87,0.0,1,3.63,1.79,SPY210521P00388000,388.0,0,0.0,0.0,,0.0,normalDay
2021-04-16,14960.0,200.0,0.0,0,417.26,0.0,1,3.63,1.63,SPY210521P00388000,388.0,0,0.0,0.0,,0.0,normalDay
2021-04-19,14960.0,182.0,0.0,0,415.21,0.0,1,3.63,1.81,SPY210521P00388000,388.0,0,0.0,0.0,,0.0,normalDay
2021-04-20,14960.0,125.0,0.0,0,412.17,0.0,1,3.63,2.38,SPY210521P00388000,388.0,0,0.0,0.0,,0.0,normalDay
2021-04-21,14960.0,201.0,0.0,0,416.07,0.0,1,3.63,1.62,SPY210521P00388000,388.0,0,0.0,0.0,,0.0,normalDay
2021-04-22,14960.0,145.0,0.0,0,412.27,0.0,1,3.63,2.18,SPY210521P00388000,388.0,0,0.0,0.0,,0.0,normalDay
2021-04-23,14960.0,226.0,0.0,0,416.74,0.0,1,3.63,1.37,SPY210521P00388000,388.0,0,0.0,0.0,,0.0,normalDay
2021-04-26,14960.0,249.0,0.0,0,417.61,0.0,1,3.63,1.14,SPY210521P00388000,388.0,0,0.0,0.0,,0.0,normalDay
2021-04-27,14960.0,254.0,0.0,0,417.52,0.0,1,3.63,1.09,SPY210521P00388000,388.0,0,0.0,0.0,,0.0,normalDay
2021-04-28,14960.0,270.0,0.0,0,417.4,0.0,1,3.63,0.93,SPY210521P00388000,388.0,0,0.0,0.0,,0.0,normalDay
2021-04-29,14960.0,279.0,0.0,0,420.06,0.0,1,3.63,0.84,SPY210521P00388000,388.0,0,0.0,0.0,,0.0,normalDay
2021-04-30,14960.0,261.0,0.0,0,417.3,0.0,1,3.63,1.02,SPY210521P00388000,388.0,0,0.0,0.0,,0.0,normalDay
2021-05-03,14960.0,282.0,0.0,0,418.2,0.0,1,3.63,0.81,SPY210521P00388000,388.0,0,0.0,0.0,,0.0,normalDay
2021-05-04,14960.0,264.0,0.0,0,415.62,0.0,1,3.63,0.99,SPY210521P00388000,388.0,0,0.0,0.0,,0.0,normalDay
2021-05-05,14960.0,271.0,0.0,0,415.75,0.0,1,3.63,0.92,SPY210521P00388000,388.0,0,0.0,0.0,,0.0,normalDay
2021-05-06,14960.0,300.0,0.0,0,419.07,0.0,1,3.63,0.63,SPY210521P00388000,388.0,0,0.0,0.0,,0.0,normalDay
2021-05-07,14960.0,322.0,0.0,0,422.12,0.0,1,3.63,0.41,SPY210521P00388000,388.0,0,0.0,0.0,,0.0,normalDay
2021-05-10,14960.0,303.0,0.0,0,417.94,0.0,1,3.63,0.6,SPY210521P00388000,388.0,0,0.0,0.0,,0.0,normalDay
2021-05-11,14960.0,285.0,0.0,0,414.21,0.0,1,3.63,0.78,SPY210521P00388000,388.0,0,0.0,0.0,,0.0,normalDay
2021-05-12,14960.0,149.0,0.0,0,405.41,0.0,1,3.63,2.14,SPY210521P00388000,388.0,0,0.0,0.0,,0.0,normalDay
2021-05-13,14960.0,272.0,0.0,0,410.28,0.0,1,3.63,0.91,SPY210521P00388000,388.0,0,0.0,0.0,,0.0,normalDay
2021-05-14,14960.0,340.0,0.0,0,416.58,0.0,1,3.63,0.23,SPY210521P00388000,388.0,0,0.0,0.0,,0.0,normalDay
2021-05-17,14960.0,350.0,0.0,0,415.52,0.0,1,3.63,0.13,SPY210521P00388000,388.0,0,0.0,0.0,,0.0,normalDay
2021-05-18,14960.0,349.0,0.0,0,411.94,0.0,1,3.63,0.14,SPY210521P00388000,388.0,0,0.0,0.0,,0.0,normalDay
2021-05-19,14960.0,352.0,0.0,0,410.86,0.0,1,3.63,0.11,SPY210521P00388000,388.0,0,0.0,0.0,,0.0,normalDay
2021-05-20,14960.0,361.0,0.0,0,415.28,0.0,1,3.63,0.02,SPY210521P00388000,388.0,0,0.0,0.0,,0.0,normalDay
2021-05-21,15323.0,0.0,363.0,0,414.94,0.0,1,3.63,0.0,SPY210521P00388000,388.0,0,0.0,0.0,,0.0,expirationDay
2021-05-24,15323.0,-4.0,0.0,0,419.17,0.0,1,7.62,7.66,SPY210716P00412000,412.0,0,0.0,0.0,,0.0,normalDay
2021-05-25,15323.0,-34.0,0.0,0,418.24,0.0,1,7.62,7.96,SPY210716P00412000,412.0,0,0.0,0.0,,0.0,normalDay
2021-05-26,15323.0,58.0,0.0,0,419.07,0.0,1,7.62,7.04,SPY210716P00412000,412.0,0,0.0,0.0,,0.0,normalDay
2021-05-27,15323.0,139.0,0.0,0,419.29,0.0,1,7.62,6.23,SPY210716P00412000,412.0,0,0.0,0.0,,0.0,normalDay
2021-05-28,15323.0,158.0,0.0,0,420.04,0.0,1,7.62,6.04,SPY210716P00412000,412.0,0,0.0,0.0,,0.0,normalDay
2021-06-01,15323.0,139.0,0.0,0,419.67,0.0,1,7.62,6.23,SPY210716P00412000,412.0,0,0.0,0.0,,0.0,normalDay
2021-06-02,15323.0,185.0,0.0,0,420.33,0.0,1,7.62,5.77,SPY210716P00412000,412.0,0,0.0,0.0,,0.0,normalDay
2021-06-03,15323.0,124.0,0.0,0,418.77,0.0,1,7.62,6.38,SPY210716P00412000,412.0,0,0.0,0.0,,0.0,normalDay
2021-06-04,15323.0,278.0,0.0,0,422.6,0.0,1,7.62,4.84,SPY210716P00412000,412.0,0,0.0,0.0,,0.0,normalDay
2021-06-07,15323.0,319.0,0.0,0,422.19,0.0,1,7.62,4.43,SPY210716P00412000,412.0,0,0.0,0.0,,0.0,normalDay
2021-06-08,15323.0,311.0,0.0,0,422.28,0.0,1,7.62,4.51,SPY210716P00412000,412.0,0,0.0,0.0,,0.0,normalDay
2021-06-09,15323.0,278.0,0.0,0,421.65,0.0,1,7.62,4.84,SPY210716P00412000,412.0,0,0.0,0.0,,0.0,normalDay
2021-06-10,15323.0,396.0,0.0,0,423.61,0.0,1,7.62,3.66,SPY210716P00412000,412.0,0,0.0,0.0,,0.0,normalDay
2021-06-11,15323.0,429.0,0.0,0,424.31,0.0,1,7.62,3.33,SPY210716P00412000,412.0,0,0.0,0.0,,0.0,normalDay
2021-06-14,15323.0,452.0,0.0,0,425.26,0.0,1,7.62,3.1,SPY210716P00412000,412.0,0,0.0,0.0,,0.0,normalDay
2021-06-15,15323.0,430.0,0.0,0,424.48,0.0,1,7.62,3.32,SPY210716P00412000,412.0,0,0.0,0.0,,0.0,normalDay
2021-06-16,15323.0,364.0,0.0,0,422.11,0.0,1,7.62,3.98,SPY210716P00412000,412.0,0,0.0,0.0,,0.0,normalDay
2021-06-17,15323.0,391.0,0.0,0,421.97,0.0,1,7.62,3.71,SPY210716P00412000,412.0,0,0.0,0.0,,0.0,normalDay
2021-06-18,15323.0,134.0,0.0,0,414.92,0.0,1,7.62,6.28,SPY210716P00412000,412.0,0,0.0,0.0,,0.0,normalDay
2021-06-21,15323.0,430.0,0.0,0,420.86,0.0,1,7.62,3.32,SPY210716P00412000,412.0,0,0.0,0.0,,0.0,normalDay
2021-06-22,15323.0,508.0,0.0,0,423.11,0.0,1,7.62,2.54,SPY210716P00412000,412.0,0,0.0,0.0,,0.0,normalDay
2021-06-23,15323.0,523.0,0.0,0,422.6,0.0,1,7.62,2.39,SPY210716P00412000,412.0,0,0.0,0.0,,0.0,normalDay
2021-06-24,15323.0,578.0,0.0,0,425.1,0.0,1,7.62,1.84,SPY210716P00412000,412.0,0,0.0,0.0,,0.0,normalDay
2021-06-25,15323.0,621.0,0.0,0,426.61,0.0,1,7.62,1.41,SPY210716P00412000,412.0,0,0.0,0.0,,0.0,normalDay
2021-06-28,15323.0,645.0,0.0,0,427.47,0.0,1,7.62,1.17,SPY210716P00412000,412.0,0,0.0,0.0,,0.0,normalDay
2021-06-29,15323.0,650.0,0.0,0,427.7,0.0,1,7.62,1.12,SPY210716P00412000,412.0,0,0.0,0.0,,0.0,normalDay
2021-06-30,15323.0,669.0,0.0,0,428.06,0.0,1,7.62,0.93,SPY210716P00412000,412.0,0,0.0,0.0,,0.0,normalDay
2021-07-01,15323.0,684.0,0.0,0,430.43,0.0,1,7.62,0.78,SPY210716P00412000,412.0,0,0.0,0.0,,0.0,normalDay
2021-07-02,15323.0,713.0,0.0,0,433.72,0.0,1,7.62,0.49,SPY210716P00412000,412.0,0,0.0,0.0,,0.0,normalDay
2021-07-06,15323.0,714.0,0.0,0,432.93,0.0,1,7.62,0.48,SPY210716P00412000,412.0,0,0.0,0.0,,0.0,normalDay
2021-07-07,15323.0,729.0,0.0,0,434.46,0.0,1,7.62,0.33,SPY210716P00412000,412.0,0,0.0,0.0,,0.0,normalDay
2021-07-08,15323.0,690.0,0.0,0,430.92,0.0,1,7.62,0.72,SPY210716P00412000,412.0,0,0.0,0.0,,0.0,normalDay
2021-07-09,15323.0,742.0,0.0,0,435.52,0.0,1,7.62,0.2,SPY210716P00412000,412.0,0,0.0,0.0,,0.0,normalDay
2021-07-12,15323.0,754.0,0.0,0,437.08,0.0,1,7.62,0.08,SPY210716P00412000,412.0,0,0.0,0.0,,0.0,normalDay
2021-07-13,15323.0,751.0,0.0,0,435.59,0.0,1,7.62,0.11,SPY210716P00412000,412.0,0,0.0,0.0,,0.0,normalDay
2021-07-14,15323.0,758.0,0.0,0,436.24,0.0,1,7.62,0.04,SPY210716P00412000,412.0,0,0.0,0.0,,0.0,normalDay
2021-07-15,15323.0,759.0,0.0,0,434.75,0.0,1,7.62,0.03,SPY210716P00412000,412.0,0,0.0,0.0,,0.0,normalDay
2021-07-16,16085.0,0.0,762.0,0,431.34,0.0,1,7.62,0.0,SPY210716P00412000,412.0,0,0.0,0.0,,0.0,expirationDay
2021-07-19,16085.0,-12.0,0.0,0,424.97,0.0,1,9.66,9.78,SPY210827P00425000,425.0,0,0.0,0.0,,0.0,normalDay
2021-07-20,16085.0,284.0,0.0,0,431.06,0.0,1,9.66,6.82,SPY210827P00425000,425.0,0,0.0,0.0,,0.0,normalDay
2021-07-21,16085.0,452.0,0.0,0,434.55,0.0,1,9.66,5.14,SPY210827P00425000,425.0,0,0.0,0.0,,0.0,normalDay
2021-07-22,16085.0,483.0,0.0,0,435.46,0.0,1,9.66,4.83,SPY210827P00425000,425.0,0,0.0,0.0,,0.0,normalDay
2021-07-23,16085.0,588.0,0.0,0,439.94,0.0,1,9.66,3.78,SPY210827P00425000,425.0,0,0.0,0.0,,0.0,normalDay
2021-07-26,16085.0,630.0,0.0,0,441.02,0.0,1,9.66,3.36,SPY210827P00425000,425.0,0,0.0,0.0,,0.0,normalDay
2021-07-27,16085.0,548.0,0.0,0,439.01,0.0,1,9.66,4.18,SPY210827P00425000,425.0,0,0.0,0.0,,0.0,normalDay
2021-07-28,16085.0,593.0,0.0,0,438.83,0.0,1,9.66,3.73,SPY210827P00425000,425.0,0,0.0,0.0,,0.0,normalDay
2021-07-29,16085.0,663.0,0.0,0,440.65,0.0,1,9.66,3.03,SPY210827P00425000,425.0,0,0.0,0.0,,0.0,normalDay
2021-07-30,16085.0,636.0,0.0,0,438.51,0.0,1,9.66,3.3,SPY210827P00425000,425.0,0,0.0,0.0,,0.0,normalDay
2021-08-02,16085.0,608.0,0.0,0,437.59,0.0,1,9.66,3.58,SPY210827P00425000,425.0,0,0.0,0.0,,0.0,normalDay
2021-08-03,16085.0,716.0,0.0,0,441.15,0.0,1,9.66,2.5,SPY210827P00425000,425.0,0,0.0,0.0,,0.0,normalDay
2021-08-04,16085.0,701.0,0.0,0,438.98,0.0,1,9.66,2.65,SPY210827P00425000,425.0,0,0.0,0.0,,0.0,normalDay
2021-08-05,16085.0,761.0,0.0,0,441.76,0.0,1,9.66,2.05,SPY210827P00425000,425.0,0,0.0,0.0,,0.0,normalDay
2021-08-06,16085.0,808.0,0.0,0,442.49,0.0,1,9.66,1.58,SPY210827P00425000,425.0,0,0.0,0.0,,0.0,normalDay
2021-08-09,16085.0,823.0,0.0,0,442.13,0.0,1,9.66,1.43,SPY210827P00425000,425.0,0,0.0,0.0,,0.0,normalDay
2021-08-10,16085.0,827.0,0.0,0,442.68,0.0,1,9.66,1.39,SPY210827P00425000,425.0,0,0.0,0.0,,0.0,normalDay
2021-08-11,16085.0,864.0,0.0,0,443.78,0.0,1,9.66,1.02,SPY210827P00425000,425.0,0,0.0,0.0,,0.0,normalDay
2021-08-12,16085.0,890.0,0.0,0,445.11,0.0,1,9.66,0.76,SPY210827P00425000,425.0,0,0.0,0.0,,0.0,normalDay
2021-08-13,16085.0,908.0,0.0,0,445.92,0.0,1,9.66,0.58,SPY210827P00425000,425.0,0,0.0,0.0,,0.0,normalDay
2021-08-16,16085.0,919.0,0.0,0,446.97,0.0,1,9.66,0.47,SPY210827P00425000,425.0,0,0.0,0.0,,0.0,normalDay
2021-08-17,16085.0,882.0,0.0,0,444.04,0.0,1,9.66,0.84,SPY210827P00425000,425.0,0,0.0,0.0,,0.0,normalDay
2021-08-18,16085.0,787.0,0.0,0,439.18,0.0,1,9.66,1.79,SPY210827P00425000,425.0,0,0.0,0.0,,0.0,normalDay
2021-08-19,16085.0,823.0,0.0,0,439.86,0.0,1,9.66,1.43,SPY210827P00425000,425.0,0,0.0,0.0,,0.0,normalDay
2021-08-20,16085.0,931.0,0.0,0,443.36,0.0,1,9.66,0.35,SPY210827P00425000,425.0,0,0.0,0.0,,0.0,normalDay
2021-08-23,16085.0,957.0,0.0,0,447.26,0.0,1,9.66,0.09,SPY210827P00425000,425.0,0,0.0,0.0,,0.0,normalDay
2021-08-24,16085.0,959.0,0.0,0,447.97,0.0,1,9.66,0.07,SPY210827P00425000,425.0,0,0.0,0.0,,0.0,normalDay
2021-08-25,16085.0,962.0,0.0,0,448.91,0.0,1,9.66,0.04,SPY210827P00425000,425.0,0,0.0,0.0,,0.0,normalDay
2021-08-26,16085.0,961.0,0.0,0,446.26,0.0,1,9.66,0.05,SPY210827P00425000,425.0,0,0.0,0.0,,0.0,normalDay
2021-08-27,17051.0,0.0,966.0,0,450.25,0.0,1,9.66,0.0,SPY210827P00425000,425.0,0,0.0,0.0,,0.0,expirationDay
2021-08-30,17051.0,-4.0,0.0,0,452.23,0.0,1,5.44,5.48,SPY211015P00441000,441.0,0,0.0,0.0,,0.0,normalDay
2021-08-31,17051.0,-1.0,0.0,0,451.56,0.0,1,5.44,5.45,SPY211015P00441000,441.0,0,0.0,0.0,,0.0,normalDay
2021-09-01,17051.0,27.0,0.0,0,451.8,0.0,1,5.44,5.17,SPY211015P00441000,441.0,0,0.0,0.0,,0.0,normalDay
2021-09-02,17051.0,61.0,0.0,0,453.19,0.0,1,5.44,4.83,SPY211015P00441000,441.0,0,0.0,0.0,,0.0,normalDay
2021-09-03,17051.0,65.0,0.0,0,453.08,0.0,1,5.44,4.79,SPY211015P00441000,441.0,0,0.0,0.0,,0.0,normalDay
2021-09-07,17051.0,18.0,0.0,0,451.46,0.0,1,5.44,5.26,SPY211015P00441000,441.0,0,0.0,0.0,,0.0,normalDay
2021-09-08,17051.0,16.0,0.0,0,450.91,0.0,1,5.44,5.28,SPY211015P00441000,441.0,0,0.0,0.0,,0.0,normalDay
2021-09-09,17051.0,-66.0,0.0,0,448.98,0.0,1,5.44,6.1,SPY211015P00441000,441.0,0,0.0,0.0,,0.0,normalDay
2021-09-10,17051.0,-191.0,0.0,0,445.44,0.0,1,5.44,7.35,SPY211015P00441000,441.0,0,0.0,0.0,,0.0,normalDay
2021-09-13,17051.0,-75.0,0.0,0,446.58,0.0,1,5.44,6.19,SPY211015P00441000,441.0,0,0.0,0.0,,0.0,normalDay
2021-09-14,17051.0,-161.0,0.0,0,444.17,0.0,1,5.44,7.05,SPY211015P00441000,441.0,0,0.0,0.0,,0.0,normalDay
2021-09-15,17051.0,21.0,0.0,0,447.88,0.0,1,5.44,5.23,SPY211015P00441000,441.0,0,0.0,0.0,,0.0,normalDay
2021-09-16,17051.0,-10.0,0.0,0,447.17,0.0,1,5.44,5.54,SPY211015P00441000,441.0,0,0.0,0.0,,0.0,normalDay
2021-09-17,17051.0,-207.0,0.0,0,441.4,0.0,1,5.44,7.51,SPY211015P00441000,441.0,0,0.0,0.0,,0.0,normalDay
2021-09-20,17051.0,-650.0,0.0,0,434.04,0.0,1,5.44,11.94,SPY211015P00441000,441.0,0,0.0,0.0,,0.0,normalDay
2021-09-21,17051.0,-646.0,0.0,0,433.63,0.0,1,5.44,11.9,SPY211015P00441000,441.0,0,0.0,0.0,,0.0,normalDay
2021-09-22,17051.0,-287.0,0.0,0,437.86,0.0,1,5.44,8.31,SPY211015P00441000,441.0,0,0.0,0.0,,0.0,normalDay
2021-09-23,17051.0,11.0,0.0,0,443.18,0.0,1,5.44,5.33,SPY211015P00441000,441.0,0,0.0,0.0,,0.0,normalDay
2021-09-24,17051.0,84.0,0.0,0,443.91,0.0,1,5.44,4.6,SPY211015P00441000,441.0,0,0.0,0.0,,0.0,normalDay
2021-09-27,17051.0,49.0,0.0,0,442.64,0.0,1,5.44,4.95,SPY211015P00441000,441.0,0,0.0,0.0,,0.0,normalDay
2021-09-28,17051.0,-471.0,0.0,0,433.72,0.0,1,5.44,10.15,SPY211015P00441000,441.0,0,0.0,0.0,,0.0,normalDay
2021-09-29,17051.0,-401.0,0.0,0,434.45,0.0,1,5.44,9.45,SPY211015P00441000,441.0,0,0.0,0.0,,0.0,normalDay
2021-09-30,17051.0,-746.0,0.0,0,429.14,0.0,1,5.44,12.9,SPY211015P00441000,441.0,0,0.0,0.0,,0.0,normalDay
2021-10-01,17051.0,-356.0,0.0,0,434.24,0.0,1,5.44,9.0,SPY211015P00441000,441.0,0,0.0,0.0,,0.0,normalDay
2021-10-04,17051.0,-777.0,0.0,0,428.64,0.0,1,5.44,13.21,SPY211015P00441000,441.0,0,0.0,0.0,,0.0,normalDay
2021-10-05,17051.0,-395.0,0.0,0,433.1,0.0,1,5.44,9.39,SPY211015P00441000,441.0,0,0.0,0.0,,0.0,normalDay
2021-10-06,17051.0,-271.0,0.0,0,434.9,0.0,1,5.44,8.15,SPY211015P00441000,441.0,0,0.0,0.0,,0.0,normalDay
2021-10-07,17051.0,34.0,0.0,0,438.66,0.0,1,5.44,5.1,SPY211015P00441000,441.0,0,0.0,0.0,,0.0,normalDay
2021-10-08,17051.0,7.0,0.0,0,437.86,0.0,1,5.44,5.37,SPY211015P00441000,441.0,0,0.0,0.0,,0.0,normalDay
2021-10-11,17051.0,-186.0,0.0,0,434.69,0.0,1,5.44,7.3,SPY211015P00441000,441.0,0,0.0,0.0,,0.0,normalDay
2021-10-12,17051.0,-313.0,0.0,0,433.62,0.0,1,5.44,8.57,SPY211015P00441000,441.0,0,0.0,0.0,,0.0,normalDay
2021-10-13,17051.0,-64.0,0.0,0,435.18,0.0,1,5.44,6.08,SPY211015P00441000,441.0,0,0.0,0.0,,0.0,normalDay
2021-10-14,17051.0,469.0,0.0,0,442.5,0.0,1,5.44,0.75,SPY211015P00441000,441.0,0,0.0,0.0,,0.0,normalDay
2021-10-15,17595.0,0.0,544.0,0,445.87,0.0,1,5.44,0.0,SPY211015P00441000,441.0,0,0.0,0.0,,0.0,expirationDay
2021-10-18,17595.0,-4.0,0.0,0,447.19,0.0,1,3.88,3.92,SPY211126P00432000,432.0,0,0.0,0.0,,0.0,normalDay
2021-10-19,17595.0,79.0,0.0,0,450.64,0.0,1,3.88,3.09,SPY211126P00432000,432.0,0,0.0,0.0,,0.0,normalDay
2021-10-20,17595.0,103.0,0.0,0,452.41,0.0,1,3.88,2.85,SPY211126P00432000,432.0,0,0.0,0.0,,0.0,normalDay
2021-10-21,17595.0,139.0,0.0,0,453.59,0.0,1,3.88,2.49,SPY211126P00432000,432.0,0,0.0,0.0,,0.0,normalDay
2021-10-22,17595.0,123.0,0.0,0,453.12,0.0,1,3.88,2.65,SPY211126P00432000,432.0,0,0.0,0.0,,0.0,normalDay
2021-10-25,17595.0,175.0,0.0,0,455.55,0.0,1,3.88,2.13,SPY211126P00432000,432.0,0,0.0,0.0,,0.0,normalDay
2021-10-26,17595.0,176.0,0.0,0,455.96,0.0,1,3.88,2.12,SPY211126P00432000,432.0,0,0.0,0.0,,0.0,normalDay
2021-10-27,17595.0,134.0,0.0,0,453.94,0.0,1,3.88,2.54,SPY211126P00432000,432.0,0,0.0,0.0,,0.0,normalDay
2021-10-28,17595.0,196.0,0.0,0,458.32,0.0,1,3.88,1.92,SPY211126P00432000,432.0,0,0.0,0.0,,0.0,normalDay
2021-10-29,17595.0,219.0,0.0,0,459.25,0.0,1,3.88,1.69,SPY211126P00432000,432.0,0,0.0,0.0,,0.0,normalDay
2021-11-01,17595.0,250.0,0.0,0,460.04,0.0,1,3.88,1.38,SPY211126P00432000,432.0,0,0.0,0.0,,0.0,normalDay
2021-11-02,17595.0,272.0,0.0,0,461.9,0.0,1,3.88,1.16,SPY211126P00432000,432.0,0,0.0,0.0,,0.0,normalDay
2021-11-03,17595.0,310.0,0.0,0,464.72,0.0,1,3.88,0.78,SPY211126P00432000,432.0,0,0.0,0.0,,0.0,normalDay
2021-11-04,17595.0,317.0,0.0,0,466.91,0.0,1,3.88,0.71,SPY211126P00432000,432.0,0,0.0,0.0,,0.0,normalDay
2021-11-05,17595.0,318.0,0.0,0,468.53,0.0,1,3.88,0.7,SPY211126P00432000,432.0,0,0.0,0.0,,0.0,normalDay
2021-11-08,17595.0,324.0,0.0,0,468.93,0.0,1,3.88,0.64,SPY211126P00432000,432.0,0,0.0,0.0,,0.0,normalDay
2021-11-09,17595.0,322.0,0.0,0,467.38,0.0,1,3.88,0.66,SPY211126P00432000,432.0,0,0.0,0.0,,0.0,normalDay
2021-11-10,17595.0,311.0,0.0,0,463.62,0.0,1,3.88,0.77,SPY211126P00432000,432.0,0,0.0,0.0,,0.0,normalDay
2021-11-11,17595.0,336.0,0.0,0,463.77,0.0,1,3.88,0.52,SPY211126P00432000,432.0,0,0.0,0.0,,0.0,normalDay
2021-11-12,17595.0,360.0,0.0,0,467.27,0.0,1,3.88,0.28,SPY211126P00432000,432.0,0,0.0,0.0,,0.0,normalDay
2021-11-15,17595.0,371.0,0.0,0,467.43,0.0,1,3.88,0.17,SPY211126P00432000,432.0,0,0.0,0.0,,0.0,normalDay
2021-11-16,17595.0,374.0,0.0,0,469.28,0.0,1,3.88,0.14,SPY211126P00432000,432.0,0,0.0,0.0,,0.0,normalDay
2021-11-17,17595.0,377.0,0.0,0,468.14,0.0,1,3.88,0.11,SPY211126P00432000,432.0,0,0.0,0.0,,0.0,normalDay
2021-11-18,17595.0,378.0,0.0,0,469.73,0.0,1,3.88,0.1,SPY211126P00432000,432.0,0,0.0,0.0,,0.0,normalDay
2021-11-19,17595.0,381.0,0.0,0,468.89,0.0,1,3.88,0.07,SPY211126P00432000,432.0,0,0.0,0.0,,0.0,normalDay
2021-11-22,17595.0,383.0,0.0,0,467.57,0.0,1,3.88,0.05,SPY211126P00432000,432.0,0,0.0,0.0,,0.0,normalDay
2021-11-23,17595.0,385.0,0.0,0,468.19,0.0,1,3.88,0.03,SPY211126P00432000,432.0,0,0.0,0.0,,0.0,normalDay
2021-11-24,17595.0,386.0,0.0,0,469.44,0.0,1,3.88,0.02,SPY211126P00432000,432.0,0,0.0,0.0,,0.0,normalDay
2021-11-26,17983.0,0.0,388.0,0,458.97,0.0,1,3.88,0.0,SPY211126P00432000,432.0,0,0.0,0.0,,0.0,expirationDay
2021-11-29,17983.0,-6.0,0.0,0,464.6,0.0,1,12.03,12.09,SPY220121P00463000,463.0,0,0.0,0.0,,0.0,normalDay
2021-11-30,17983.0,-475.0,0.0,0,455.56,0.0,1,12.03,16.78,SPY220121P00463000,463.0,0,0.0,0.0,,0.0,normalDay
2021-12-01,17983.0,-993.0,0.0,0,450.5,0.0,1,12.03,21.96,SPY220121P00463000,463.0,0,0.0,0.0,,0.0,normalDay
2021-12-02,17983.0,-471.0,0.0,0,457.4,0.0,1,12.03,16.74,SPY220121P00463000,463.0,0,0.0,0.0,,0.0,normalDay
2021-12-03,17983.0,-730.0,0.0,0,453.42,0.0,1,12.03,19.33,SPY220121P00463000,463.0,0,0.0,0.0,,0.0,normalDay
2021-12-06,17983.0,-346.0,0.0,0,458.79,0.0,1,12.03,15.49,SPY220121P00463000,463.0,0,0.0,0.0,,0.0,normalDay
2021-12-07,17983.0,239.0,0.0,0,468.28,0.0,1,12.03,9.64,SPY220121P00463000,463.0,0,0.0,0.0,,0.0,normalDay
2021-12-08,17983.0,353.0,0.0,0,469.52,0.0,1,12.03,8.5,SPY220121P00463000,463.0,0,0.0,0.0,,0.0,normalDay
2021-12-09,17983.0,216.0,0.0,0,466.35,0.0,1,12.03,9.87,SPY220121P00463000,463.0,0,0.0,0.0,,0.0,normalDay
2021-12-10,17983.0,469.0,0.0,0,470.74,0.0,1,12.03,7.34,SPY220121P00463000,463.0,0,0.0,0.0,,0.0,normalDay
2021-12-13,17983.0,291.0,0.0,0,466.57,0.0,1,12.03,9.12,SPY220121P00463000,463.0,0,0.0,0.0,,0.0,normalDay
2021-12-14,17983.0,121.0,0.0,0,463.36,0.0,1,12.03,10.82,SPY220121P00463000,463.0,0,0.0,0.0,,0.0,normalDay
2021-12-15,17983.0,509.0,0.0,0,470.6,0.0,1,12.03,6.94,SPY220121P00463000,463.0,0,0.0,0.0,,0.0,normalDay
2021-12-16,17983.0,353.0,0.0,0,466.45,0.0,1,12.03,8.5,SPY220121P00463000,463.0,0,0.0,0.0,,0.0,normalDay
2021-12-17,17983.0,110.0,0.0,0,459.87,0.0,1,12.03,10.93,SPY220121P00463000,463.0,0,0.0,0.0,,0.0,normalDay
2021-12-20,17983.0,-152.0,0.0,0,454.98,0.0,1,12.03,13.55,SPY220121P00463000,463.0,0,0.0,0.0,,0.0,normalDay
2021-12-21,17983.0,292.0,0.0,0,463.06,0.0,1,12.03,9.11,SPY220121P00463000,463.0,0,0.0,0.0,,0.0,normalDay
2021-12-22,17983.0,573.0,0.0,0,467.69,0.0,1,12.03,6.3,SPY220121P00463000,463.0,0,0.0,0.0,,0.0,normalDay
2021-12-23,17983.0,716.0,0.0,0,470.6,0.0,1,12.03,4.87,SPY220121P00463000,463.0,0,0.0,0.0,,0.0,normalDay
2021-12-27,17983.0,914.0,0.0,0,477.26,0.0,1,12.03,2.89,SPY220121P00463000,463.0,0,0.0,0.0,,0.0,normalDay
2021-12-28,17983.0,936.0,0.0,0,476.87,0.0,1,12.03,2.67,SPY220121P00463000,463.0,0,0.0,0.0,,0.0,normalDay
2021-12-29,17983.0,974.0,0.0,0,477.48,0.0,1,12.03,2.29,SPY220121P00463000,463.0,0,0.0,0.0,,0.0,normalDay
2021-12-30,17983.0,944.0,0.0,0,476.16,0.0,1,12.03,2.59,SPY220121P00463000,463.0,0,0.0,0.0,,0.0,normalDay
2021-12-31,17983.0,950.0,0.0,0,474.96,0.0,1,12.03,2.53,SPY220121P00463000,463.0,0,0.0,0.0,,0.0,normalDay
2022-01-03,17983.0,1035.0,0.0,0,477.71,0.0,1,12.03,1.68,SPY220121P00463000,463.0,0,0.0,0.0,,0.0,normalDay
2022-01-04,17983.0,1034.0,0.0,0,477.55,0.0,1,12.03,1.69,SPY220121P00463000,463.0,0,0.0,0.0,,0.0,normalDay
2022-01-05,17983.0,773.0,0.0,0,468.38,0.0,1,12.03,4.3,SPY220121P00463000,463.0,0,0.0,0.0,,0.0,normalDay
2022-01-06,17983.0,792.0,0.0,0,467.94,0.0,1,12.03,4.11,SPY220121P00463000,463.0,0,0.0,0.0,,0.0,normalDay
2022-01-07,17983.0,816.0,0.0,0,466.09,0.0,1,12.03,3.87,SPY220121P00463000,463.0,0,0.0,0.0,,0.0,normalDay
2022-01-10,17983.0,795.0,0.0,0,465.51,0.0,1,12.03,4.08,SPY220121P00463000,463.0,0,0.0,0.0,,0.0,normalDay
2022-01-11,17983.0,955.0,0.0,0,469.75,0.0,1,12.03,2.48,SPY220121P00463000,463.0,0,0.0,0.0,,0.0,normalDay
2022-01-12,17983.0,1036.0,0.0,0,471.02,0.0,1,12.03,1.67,SPY220121P00463000,463.0,0,0.0,0.0,,0.0,normalDay
2022-01-13,17983.0,793.0,0.0,0,464.53,0.0,1,12.03,4.1,SPY220121P00463000,463.0,0,0.0,0.0,,0.0,normalDay
2022-01-14,17983.0,883.0,0.0,0,464.72,0.0,1,12.03,3.2,SPY220121P00463000,463.0,0,0.0,0.0,,0.0,normalDay
2022-01-18,17983.0,404.0,0.0,0,456.49,0.0,1,12.03,7.99,SPY220121P00463000,463.0,0,0.0,0.0,,0.0,normalDay
2022-01-19,17983.0,82.0,0.0,0,451.75,0.0,1,12.03,11.21,SPY220121P00463000,463.0,0,0.0,0.0,,0.0,normalDay
2022-01-20,17983.0,-486.0,0.0,0,446.75,0.0,1,12.03,16.89,SPY220121P00463000,463.0,0,0.0,0.0,,0.0,normalDay
2022-01-21,19186.0,-2502.0,1203.0,100,437.98,463.0,1,12.03,0.0,SPY220121P00463000,463.0,0,0.0,0.0,,0.0,expirationDay
2022-01-24,19186.0,-2316.0,0.0,100,439.84,463.0,0,0.0,0.0,,0.0,0,0.0,0.0,,0.0,bidTooLow
2022-01-25,19186.0,-2853.0,0.0,100,434.47,463.0,0,0.0,0.0,,0.0,0,0.0,0.0,,0.0,bidTooLow
2022-01-26,19186.0,-2962.0,0.0,100,433.38,463.0,0,0.0,0.0,,0.0,0,0.0,0.0,,0.0,bidTooLow
2022-01-27,19186.0,-3176.0,0.0,100,431.24,463.0,0,0.0,0.0,,0.0,0,0.0,0.0,,0.0,bidTooLow
2022-01-28,19186.0,-2105.0,0.0,100,441.95,463.0,0,0.0,0.0,,0.0,0,0.0,0.0,,0.0,bidTooLow
2022-01-31,19186.0,-1309.0,0.0,100,449.91,463.0,0,0.0,0.0,,0.0,0,0.0,0.0,,0.0,bidTooLow
2022-02-01,19186.0,-1005.0,0.0,100,452.95,463.0,0,0.0,0.0,,0.0,0,0.0,0.0,,0.0,bidTooLow
2022-02-02,19186.0,-565.0,0.0,100,457.35,463.0,0,0.0,0.0,,0.0,0,0.0,0.0,,0.0,bidTooLow
2022-02-03,19186.0,-1640.0,0.0,100,446.6,463.0,0,0.0,0.0,,0.0,0,0.0,0.0,,0.0,bidTooLow
2022-02-04,19186.0,-1430.0,0.0,100,448.7,463.0,0,0.0,0.0,,0.0,0,0.0,0.0,,0.0,bidTooLow
2022-02-07,19186.0,-1577.0,0.0,100,447.26,463.0,0,0.0,0.0,,0.0,1,0.01,0.04,SPY220311C00505000,505.0,normalDay
2022-02-08,19186.0,-1209.0,0.0,100,450.94,463.0,0,0.0,0.0,,0.0,1,0.01,0.04,SPY220311C00505000,505.0,normalDay
2022-02-09,19186.0,-551.0,0.0,100,457.54,463.0,0,0.0,0.0,,0.0,1,0.01,0.06,SPY220311C00505000,505.0,normalDay
2022-02-10,19186.0,-1371.0,0.0,100,449.32,463.0,0,0.0,0.0,,0.0,1,0.01,0.04,SPY220311C00505000,505.0,normalDay
2022-02-11,19186.0,-2257.0,0.0,100,440.46,463.0,0,0.0,0.0,,0.0,1,0.01,0.04,SPY220311C00505000,505.0,normalDay
2022-02-14,19186.0,-2400.0,0.0,100,439.02,463.0,0,0.0,0.0,,0.0,1,0.01,0.03,SPY220311C00505000,505.0,normalDay
2022-02-15,19186.0,-1693.0,0.0,100,446.1,463.0,0,0.0,0.0,,0.0,1,0.01,0.04,SPY220311C00505000,505.0,normalDay
2022-02-16,19186.0,-1641.0,0.0,100,446.6,463.0,0,0.0,0.0,,0.0,1,0.01,0.02,SPY220311C00505000,505.0,normalDay
2022-02-17,19186.0,-2595.0,0.0,100,437.06,463.0,0,0.0,0.0,,0.0,1,0.01,0.02,SPY220311C00505000,505.0,normalDay
2022-02-18,19186.0,-2878.0,0.0,100,434.23,463.0,0,0.0,0.0,,0.0,1,0.01,0.02,SPY220311C00505000,505.0,normalDay
2022-02-22,19186.0,-3344.0,0.0,100,429.57,463.0,0,0.0,0.0,,0.0,1,0.01,0.02,SPY220311C00505000,505.0,normalDay
2022-02-23,19186.0,-4106.0,0.0,100,421.95,463.0,0,0.0,0.0,,0.0,1,0.01,0.02,SPY220311C00505000,505.0,normalDay
2022-02-24,19186.0,-3471.0,0.0,100,428.3,463.0,0,0.0,0.0,,0.0,1,0.01,0.02,SPY220311C00505000,505.0,normalDay
2022-02-25,19186.0,-2526.0,0.0,100,437.75,463.0,0,0.0,0.0,,0.0,1,0.01,0.02,SPY220311C00505000,505.0,normalDay
2022-02-28,19186.0,-2637.0,0.0,100,436.63,463.0,0,0.0,0.0,,0.0,1,0.01,0.01,SPY220311C00505000,505.0,normalDay
2022-03-01,19186.0,-3302.0,0.0,100,429.98,463.0,0,0.0,0.0,,0.0,1,0.01,0.01,SPY220311C00505000,505.0,normalDay
2022-03-02,19186.0,-2511.0,0.0,100,437.89,463.0,0,0.0,0.0,,0.0,1,0.01,0.01,SPY220311C00505000,505.0,normalDay
2022-03-03,19186.0,-2729.0,0.0,100,435.71,463.0,0,0.0,0.0,,0.0,1,0.01,0.01,SPY220311C00505000,505.0,normalDay
2022-03-04,19186.0,-3083.0,0.0,100,432.17,463.0,0,0.0,0.0,,0.0,1,0.01,0.01,SPY220311C00505000,505.0,normalDay
2022-03-07,19186.0,-4357.0,0.0,100,419.43,463.0,0,0.0,0.0,,0.0,1,0.01,0.01,SPY220311C00505000,505.0,normalDay
2022-03-08,19186.0,-4675.0,0.0,100,416.25,463.0,0,0.0,0.0,,0.0,1,0.01,0.01,SPY220311C00505000,505.0,normalDay
2022-03-09,19186.0,-3559.0,0.0,100,427.41,463.0,0,0.0,0.0,,0.0,1,0.01,0.01,SPY220311C00505000,505.0,normalDay
2022-03-10,19186.0,-3752.0,0.0,100,425.48,463.0,0,0.0,0.0,,0.0,1,0.01,0.01,SPY220311C00505000,505.0,normalDay
2022-03-11,19187.0,-4293.0,1.0,100,420.07,463.0,0,0.0,0.0,,0.0,1,0.01,0.0,SPY220311C00505000,505.0,expirationDay
2022-03-14,19187.0,-4603.0,0.0,100,417.0,463.0,0,0.0,0.0,,0.0,1,0.19,0.22,SPY220414C00470000,470.0,normalDay
2022-03-15,19187.0,-3698.0,0.0,100,426.17,463.0,0,0.0,0.0,,0.0,1,0.19,0.34,SPY220414C00470000,470.0,normalDay
2022-03-16,19187.0,-2772.0,0.0,100,435.62,463.0,0,0.0,0.0,,0.0,1,0.19,0.53,SPY220414C00470000,470.0,normalDay
2022-03-17,19187.0,-2242.0,0.0,100,441.07,463.0,0,0.0,0.0,,0.0,1,0.19,0.68,SPY220414C00470000,470.0,normalDay
2022-03-18,19187.0,-1919.0,0.0,100,444.52,463.0,0,0.0,0.0,,0.0,1,0.19,0.9,SPY220414C00470000,470.0,normalDay
2022-03-21,19187.0,-1908.0,0.0,100,444.39,463.0,0,0.0,0.0,,0.0,1,0.19,0.66,SPY220414C00470000,470.0,normalDay
2022-03-22,19187.0,-1422.0,0.0,100,449.59,463.0,0,0.0,0.0,,0.0,1,0.19,1.0,SPY220414C00470000,470.0,normalDay
2022-03-23,19187.0,-1946.0,0.0,100,443.8,463.0,0,0.0,0.0,,0.0,1,0.19,0.45,SPY220414C00470000,470.0,normalDay
2022-03-24,19187.0,-1311.0,0.0,100,450.49,463.0,0,0.0,0.0,,0.0,1,0.19,0.79,SPY220414C00470000,470.0,normalDay
2022-03-25,19187.0,-1091.0,0.0,100,452.69,463.0,0,0.0,0.0,,0.0,1,0.19,0.79,SPY220414C00470000,470.0,normalDay
2022-03-28,19187.0,-778.0,0.0,100,455.91,463.0,0,0.0,0.0,,0.0,1,0.19,0.88,SPY220414C00470000,470.0,normalDay
2022-03-29,19187.0,-321.0,0.0,100,461.55,463.0,0,0.0,0.0,,0.0,1,0.19,1.95,SPY220414C00470000,470.0,normalDay
2022-03-30,19187.0,-549.0,0.0,100,458.7,463.0,0,0.0,0.0,,0.0,1,0.19,1.38,SPY220414C00470000,470.0,normalDay
2022-03-31,19187.0,-1164.0,0.0,100,451.64,463.0,0,0.0,0.0,,0.0,1,0.19,0.47,SPY220414C00470000,470.0,normalDay
2022-04-01,19187.0,-1013.0,0.0,100,452.92,463.0,0,0.0,0.0,,0.0,1,0.19,0.24,SPY220414C00470000,470.0,normalDay
2022-04-04,19187.0,-631.0,0.0,100,456.8,463.0,0,0.0,0.0,,0.0,1,0.19,0.3,SPY220414C00470000,470.0,normalDay
2022-04-05,19187.0,-1190.0,0.0,100,451.03,463.0,0,0.0,0.0,,0.0,1,0.19,0.12,SPY220414C00470000,470.0,normalDay
2022-04-06,19187.0,-1633.0,0.0,100,446.52,463.0,0,0.0,0.0,,0.0,1,0.19,0.04,SPY220414C00470000,470.0,normalDay
2022-04-07,19187.0,-1408.0,0.0,100,448.77,463.0,0,0.0,0.0,,0.0,1,0.19,0.04,SPY220414C00470000,470.0,normalDay
2022-04-08,19187.0,-1526.0,0.0,100,447.57,463.0,0,0.0,0.0,,0.0,1,0.19,0.02,SPY220414C00470000,470.0,normalDay
2022-04-11,19187.0,-2290.0,0.0,100,439.92,463.0,0,0.0,0.0,,0.0,1,0.19,0.01,SPY220414C00470000,470.0,normalDay
2022-04-12,19187.0,-2453.0,0.0,100,438.29,463.0,0,0.0,0.0,,0.0,1,0.19,0.01,SPY220414C00470000,470.0,normalDay
2022-04-13,19187.0,-1951.0,0.0,100,443.31,463.0,0,0.0,0.0,,0.0,1,0.19,0.01,SPY220414C00470000,470.0,normalDay
2022-04-14,19206.0,-2521.0,19.0,100,437.79,463.0,0,0.0,0.0,,0.0,1,0.19,0.0,SPY220414C00470000,470.0,expirationDay
2022-04-18,19206.0,-2506.0,0.0,100,437.97,463.0,0,0.0,0.0,,0.0,1,0.09,0.12,SPY220520C00479000,479.0,normalDay
2022-04-19,19206.0,-1803.0,0.0,100,445.04,463.0,0,0.0,0.0,,0.0,1,0.09,0.16,SPY220520C00479000,479.0,normalDay
2022-04-20,19206.0,-1836.0,0.0,100,444.71,463.0,0,0.0,0.0,,0.0,1,0.09,0.16,SPY220520C00479000,479.0,normalDay
2022-04-21,19206.0,-2493.0,0.0,100,438.06,463.0,0,0.0,0.0,,0.0,1,0.09,0.08,SPY220520C00479000,479.0,normalDay
2022-04-22,19206.0,-3690.0,0.0,100,426.04,463.0,0,0.0,0.0,,0.0,1,0.09,0.03,SPY220520C00479000,479.0,normalDay
2022-04-25,19206.0,-3443.0,0.0,100,428.51,463.0,0,0.0,0.0,,0.0,1,0.09,0.03,SPY220520C00479000,479.0,normalDay
2022-04-26,19206.0,-4684.0,0.0,100,416.1,463.0,0,0.0,0.0,,0.0,1,0.09,0.03,SPY220520C00479000,479.0,normalDay
2022-04-27,19206.0,-4566.0,0.0,100,417.27,463.0,0,0.0,0.0,,0.0,1,0.09,0.02,SPY220520C00479000,479.0,normalDay
2022-04-28,19206.0,-3513.0,0.0,100,427.81,463.0,0,0.0,0.0,,0.0,1,0.09,0.03,SPY220520C00479000,479.0,normalDay
2022-04-29,19206.0,-5094.0,0.0,100,412.0,463.0,0,0.0,0.0,,0.0,1,0.09,0.03,SPY220520C00479000,479.0,normalDay
2022-05-02,19206.0,-4846.0,0.0,100,414.48,463.0,0,0.0,0.0,,0.0,1,0.09,0.03,SPY220520C00479000,479.0,normalDay
2022-05-03,19206.0,-4655.0,0.0,100,416.38,463.0,0,0.0,0.0,,0.0,1,0.09,0.02,SPY220520C00479000,479.0,normalDay
2022-05-04,19206.0,-3388.0,0.0,100,429.06,463.0,0,0.0,0.0,,0.0,1,0.09,0.03,SPY220520C00479000,479.0,normalDay
2022-05-05,19206.0,-4912.0,0.0,100,413.81,463.0,0,0.0,0.0,,0.0,1,0.09,0.02,SPY220520C00479000,479.0,normalDay
2022-05-06,19206.0,-5159.0,0.0,100,411.34,463.0,0,0.0,0.0,,0.0,1,0.09,0.02,SPY220520C00479000,479.0,normalDay
2022-05-09,19206.0,-6476.0,0.0,100,398.17,463.0,0,0.0,0.0,,0.0,1,0.09,0.02,SPY220520C00479000,479.0,normalDay
2022-05-10,19206.0,-6383.0,0.0,100,399.09,463.0,0,0.0,0.0,,0.0,1,0.09,0.01,SPY220520C00479000,479.0,normalDay
2022-05-11,19206.0,-7017.0,0.0,100,392.75,463.0,0,0.0,0.0,,0.0,1,0.09,0.01,SPY220520C00479000,479.0,normalDay
2022-05-12,19206.0,-7058.0,0.0,100,392.34,463.0,0,0.0,0.0,,0.0,1,0.09,0.01,SPY220520C00479000,479.0,normalDay
2022-05-13,19206.0,-6120.0,0.0,100,401.72,463.0,0,0.0,0.0,,0.0,1,0.09,0.01,SPY220520C00479000,479.0,normalDay
2022-05-16,19206.0,-6283.0,0.0,100,400.09,463.0,0,0.0,0.0,,0.0,1,0.09,0.01,SPY220520C00479000,479.0,normalDay
2022-05-17,19206.0,-5460.0,0.0,100,408.32,463.0,0,0.0,0.0,,0.0,1,0.09,0.01,SPY220520C00479000,479.0,normalDay
2022-05-18,19206.0,-7106.0,0.0,100,391.86,463.0,0,0.0,0.0,,0.0,1,0.09,0.01,SPY220520C00479000,479.0,normalDay
2022-05-19,19206.0,-7346.0,0.0,100,389.46,463.0,0,0.0,0.0,,0.0,1,0.09,0.01,SPY220520C00479000,479.0,normalDay
2022-05-20,19215.0,-7337.0,9.0,100,389.63,463.0,0,0.0,0.0,,0.0,1,0.09,0.0,SPY220520C00479000,479.0,expirationDay
2022-05-23,19215.0,-6611.0,0.0,100,396.92,463.0,0,0.0,0.0,,0.0,1,0.06,0.09,SPY220624C00460000,460.0,normalDay
2022-05-24,19215.0,-6914.0,0.0,100,393.89,463.0,0,0.0,0.0,,0.0,1,0.06,0.09,SPY220624C00460000,460.0,normalDay
2022-05-25,19215.0,-6566.0,0.0,100,397.37,463.0,0,0.0,0.0,,0.0,1,0.06,0.09,SPY220624C00460000,460.0,normalDay
2022-05-26,19215.0,-5775.0,0.0,100,405.31,463.0,0,0.0,0.0,,0.0,1,0.06,0.12,SPY220624C00460000,460.0,normalDay
2022-05-27,19215.0,-4788.0,0.0,100,415.26,463.0,0,0.0,0.0,,0.0,1,0.06,0.2,SPY220624C00460000,460.0,normalDay
2022-05-31,19215.0,-5011.0,0.0,100,412.93,463.0,0,0.0,0.0,,0.0,1,0.06,0.1,SPY220624C00460000,460.0,normalDay
2022-06-01,19215.0,-5342.0,0.0,100,409.59,463.0,0,0.0,0.0,,0.0,1,0.06,0.07,SPY220624C00460000,460.0,normalDay
2022-06-02,19215.0,-4564.0,0.0,100,417.39,463.0,0,0.0,0.0,,0.0,1,0.06,0.09,SPY220624C00460000,460.0,normalDay
2022-06-03,19215.0,-5245.0,0.0,100,410.54,463.0,0,0.0,0.0,,0.0,1,0.06,0.05,SPY220624C00460000,460.0,normalDay
2022-06-06,19215.0,-5120.0,0.0,100,411.79,463.0,0,0.0,0.0,,0.0,1,0.06,0.05,SPY220624C00460000,460.0,normalDay
2022-06-07,19215.0,-4724.0,0.0,100,415.74,463.0,0,0.0,0.0,,0.0,1,0.06,0.04,SPY220624C00460000,460.0,normalDay
2022-06-08,19215.0,-5175.0,0.0,100,411.22,463.0,0,0.0,0.0,,0.0,1,0.06,0.03,SPY220624C00460000,460.0,normalDay
2022-06-09,19215.0,-6153.0,0.0,100,401.44,463.0,0,0.0,0.0,,0.0,1,0.06,0.03,SPY220624C00460000,460.0,normalDay
2022-06-10,19215.0,-7316.0,0.0,100,389.8,463.0,0,0.0,0.0,,0.0,1,0.06,0.02,SPY220624C00460000,460.0,normalDay
2022-06-13,19215.0,-8796.0,0.0,100,375.0,463.0,0,0.0,0.0,,0.0,1,0.06,0.02,SPY220624C00460000,460.0,normalDay
2022-06-14,19215.0,-8909.0,0.0,100,373.87,463.0,0,0.0,0.0,,0.0,1,0.06,0.02,SPY220624C00460000,460.0,normalDay
2022-06-15,19215.0,-8376.0,0.0,100,379.2,463.0,0,0.0,0.0,,0.0,1,0.06,0.02,SPY220624C00460000,460.0,normalDay
2022-06-16,19215.0,-9630.0,0.0,100,366.65,463.0,0,0.0,0.0,,0.0,1,0.06,0.01,SPY220624C00460000,460.0,normalDay
2022-06-17,19215.0,-9709.0,0.0,100,365.86,463.0,0,0.0,0.0,,0.0,1,0.06,0.01,SPY220624C00460000,460.0,normalDay
2022-06-21,19215.0,-8788.0,0.0,100,375.07,463.0,0,0.0,0.0,,0.0,1,0.06,0.01,SPY220624C00460000,460.0,normalDay
2022-06-22,19215.0,-8856.0,0.0,100,374.39,463.0,0,0.0,0.0,,0.0,1,0.06,0.01,SPY220624C00460000,460.0,normalDay
2022-06-23,19215.0,-8489.0,0.0,100,378.06,463.0,0,0.0,0.0,,0.0,1,0.06,0.01,SPY220624C00460000,460.0,normalDay
2022-06-24,19221.0,-7292.0,6.0,100,390.08,463.0,0,0.0,0.0,,0.0,1,0.06,0.0,SPY220624C00460000,460.0,expirationDay
2022-06-27,19221.0,-7441.0,0.0,100,388.59,463.0,0,0.0,0.0,,0.0,0,0.0,0.0,,0.0,bidTooLow
2022-06-28,19221.0,-8235.0,0.0,100,380.65,463.0,0,0.0,0.0,,0.0,0,0.0,0.0,,0.0,bidTooLow
2022-06-29,19221.0,-8266.0,0.0,100,380.34,463.0,0,0.0,0.0,,0.0,0,0.0,0.0,,0.0,bidTooLow
2022-06-30,19221.0,-8579.0,0.0,100,377.25,463.0,0,0.0,0.0,,0.0,1,0.01,0.05,SPY220801C00450000,450.0,normalDay
2022-07-01,19221.0,-8179.0,0.0,100,381.24,463.0,0,0.0,0.0,,0.0,1,0.01,0.04,SPY220801C00450000,450.0,normalDay
2022-07-05,19221.0,-8106.0,0.0,100,381.96,463.0,0,0.0,0.0,,0.0,1,0.01,0.03,SPY220801C00450000,450.0,normalDay
2022-07-06,19221.0,-7977.0,0.0,100,383.25,463.0,0,0.0,0.0,,0.0,1,0.01,0.03,SPY220801C00450000,450.0,normalDay
2022-07-07,19221.0,-7403.0,0.0,100,388.99,463.0,0,0.0,0.0,,0.0,1,0.01,0.03,SPY220801C00450000,450.0,normalDay
2022-07-08,19221.0,-7435.0,0.0,100,388.67,463.0,0,0.0,0.0,,0.0,1,0.01,0.03,SPY220801C00450000,450.0,normalDay
2022-07-11,19221.0,-7878.0,0.0,100,384.23,463.0,0,0.0,0.0,,0.0,1,0.01,0.02,SPY220801C00450000,450.0,normalDay
2022-07-12,19221.0,-8218.0,0.0,100,380.83,463.0,0,0.0,0.0,,0.0,1,0.01,0.02,SPY220801C00450000,450.0,normalDay
2022-07-13,19221.0,-8418.0,0.0,100,378.83,463.0,0,0.0,0.0,,0.0,1,0.01,0.02,SPY220801C00450000,450.0,normalDay
2022-07-14,19221.0,-8509.0,0.0,100,377.91,463.0,0,0.0,0.0,,0.0,1,0.01,0.01,SPY220801C00450000,450.0,normalDay
2022-07-15,19221.0,-7787.0,0.0,100,385.13,463.0,0,0.0,0.0,,0.0,1,0.01,0.01,SPY220801C00450000,450.0,normalDay
2022-07-18,19221.0,-8105.0,0.0,100,381.95,463.0,0,0.0,0.0,,0.0,1,0.01,0.01,SPY220801C00450000,450.0,normalDay
2022-07-19,19221.0,-7074.0,0.0,100,392.27,463.0,0,0.0,0.0,,0.0,1,0.01,0.02,SPY220801C00450000,450.0,normalDay
2022-07-20,19221.0,-6823.0,0.0,100,394.77,463.0,0,0.0,0.0,,0.0,1,0.01,0.01,SPY220801C00450000,450.0,normalDay
2022-07-21,19221.0,-6421.0,0.0,100,398.79,463.0,0,0.0,0.0,,0.0,1,0.01,0.01,SPY220801C00450000,450.0,normalDay
2022-07-22,19221.0,-6791.0,0.0,100,395.09,463.0,0,0.0,0.0,,0.0,1,0.01,0.01,SPY220801C00450000,450.0,normalDay
2022-07-25,19221.0,-6743.0,0.0,100,395.57,463.0,0,0.0,0.0,,0.0,1,0.01,0.01,SPY220801C00450000,450.0,normalDay
2022-07-26,19221.0,-7211.0,0.0,100,390.89,463.0,0,0.0,0.0,,0.0,1,0.01,0.01,SPY220801C00450000,450.0,normalDay
2022-07-27,19221.0,-6196.0,0.0,100,401.04,463.0,0,0.0,0.0,,0.0,1,0.01,0.01,SPY220801C00450000,450.0,normalDay
2022-07-28,19221.0,-5693.0,0.0,100,406.07,463.0,0,0.0,0.0,,0.0,1,0.01,0.01,SPY220801C00450000,450.0,normalDay
2022-07-29,19221.0,-5101.0,0.0,100,411.99,463.0,0,0.0,0.0,,0.0,1,0.01,0.01,SPY220801C00450000,450.0,normalDay
2022-08-01,19222.0,-5223.0,1.0,100,410.77,463.0,0,0.0,0.0,,0.0,1,0.01,0.0,SPY220801C00450000,450.0,expirationDay
2022-08-02,19222.0,-5498.0,0.0,100,408.06,463.0,0,0.0,0.0,,0.0,1,0.8,0.84,SPY220902C00438000,438.0,normalDay
2022-08-03,19222.0,-4907.0,0.0,100,414.45,463.0,0,0.0,0.0,,0.0,1,0.8,1.32,SPY220902C00438000,438.0,normalDay
2022-08-04,19222.0,-4922.0,0.0,100,414.17,463.0,0,0.0,0.0,,0.0,1,0.8,1.19,SPY220902C00438000,438.0,normalDay
2022-08-05,19222.0,-4953.0,0.0,100,413.47,463.0,0,0.0,0.0,,0.0,1,0.8,0.8,SPY220902C00438000,438.0,normalDay
2022-08-08,19222.0,-4990.0,0.0,100,412.99,463.0,0,0.0,0.0,,0.0,1,0.8,0.69,SPY220902C00438000,438.0,normalDay
2022-08-09,19222.0,-5144.0,0.0,100,411.35,463.0,0,0.0,0.0,,0.0,1,0.8,0.59,SPY220902C00438000,438.0,normalDay
2022-08-10,19222.0,-4346.0,0.0,100,419.99,463.0,0,0.0,0.0,,0.0,1,0.8,1.25,SPY220902C00438000,438.0,normalDay
2022-08-11,19222.0,-4351.0,0.0,100,419.99,463.0,0,0.0,0.0,,0.0,1,0.8,1.3,SPY220902C00438000,438.0,normalDay
2022-08-12,19222.0,-3757.0,0.0,100,427.1,463.0,0,0.0,0.0,,0.0,1,0.8,2.47,SPY220902C00438000,438.0,normalDay
2022-08-15,19222.0,-3620.0,0.0,100,428.86,463.0,0,0.0,0.0,,0.0,1,0.8,2.86,SPY220902C00438000,438.0,normalDay
2022-08-16,19222.0,-3534.0,0.0,100,429.7,463.0,0,0.0,0.0,,0.0,1,0.8,2.84,SPY220902C00438000,438.0,normalDay
2022-08-17,19222.0,-3761.0,0.0,100,426.65,463.0,0,0.0,0.0,,0.0,1,0.8,2.06,SPY220902C00438000,438.0,normalDay
2022-08-18,19222.0,-3618.0,0.0,100,427.89,463.0,0,0.0,0.0,,0.0,1,0.8,1.87,SPY220902C00438000,438.0,normalDay
2022-08-19,19222.0,-4077.0,0.0,100,422.14,463.0,0,0.0,0.0,,0.0,1,0.8,0.71,SPY220902C00438000,438.0,normalDay
2022-08-22,19222.0,-4903.0,0.0,100,413.35,463.0,0,0.0,0.0,,0.0,1,0.8,0.18,SPY220902C00438000,438.0,normalDay
2022-08-23,19222.0,-4997.0,0.0,100,412.35,463.0,0,0.0,0.0,,0.0,1,0.8,0.12,SPY220902C00438000,438.0,normalDay
2022-08-24,19222.0,-4861.0,0.0,100,413.67,463.0,0,0.0,0.0,,0.0,1,0.8,0.08,SPY220902C00438000,438.0,normalDay
2022-08-25,19222.0,-4287.0,0.0,100,419.51,463.0,0,0.0,0.0,,0.0,1,0.8,0.18,SPY220902C00438000,438.0,normalDay
2022-08-26,19222.0,-5691.0,0.0,100,405.31,463.0,0,0.0,0.0,,0.0,1,0.8,0.02,SPY220902C00438000,438.0,normalDay
2022-08-29,19222.0,-5958.0,0.0,100,402.63,463.0,0,0.0,0.0,,0.0,1,0.8,0.01,SPY220902C00438000,438.0,normalDay
2022-08-30,19222.0,-6400.0,0.0,100,398.21,463.0,0,0.0,0.0,,0.0,1,0.8,0.01,SPY220902C00438000,438.0,normalDay
2022-08-31,19222.0,-6703.0,0.0,100,395.18,463.0,0,0.0,0.0,,0.0,1,0.8,0.01,SPY220902C00438000,438.0,normalDay
2022-09-01,19222.0,-6579.0,0.0,100,396.42,463.0,0,0.0,0.0,,0.0,1,0.8,0.01,SPY220902C00438000,438.0,normalDay
2022-09-02,19302.0,-7076.0,80.0,100,392.24,463.0,0,0.0,0.0,,0.0,1,0.8,0.0,SPY220902C00438000,438.0,expirationDay
2022-09-06,19302.0,-7224.0,0.0,100,390.76,463.0,0,0.0,0.0,,0.0,0,0.0,0.0,,0.0,bidTooLow
2022-09-07,19302.0,-6522.0,0.0,100,397.78,463.0,0,0.0,0.0,,0.0,0,0.0,0.0,,0.0,bidTooLow
2022-09-08,19302.0,-6265.0,0.0,100,400.38,463.0,0,0.0,0.0,,0.0,1,0.1,0.13,SPY221010C00450000,450.0,normalDay
2022-09-09,19302.0,-5647.0,0.0,100,406.6,463.0,0,0.0,0.0,,0.0,1,0.1,0.17,SPY221010C00450000,450.0,normalDay
2022-09-12,19302.0,-5224.0,0.0,100,410.97,463.0,0,0.0,0.0,,0.0,1,0.1,0.31,SPY221010C00450000,450.0,normalDay
2022-09-13,19302.0,-6985.0,0.0,100,393.1,463.0,0,0.0,0.0,,0.0,1,0.1,0.05,SPY221010C00450000,450.0,normalDay
2022-09-14,19302.0,-6835.0,0.0,100,394.6,463.0,0,0.0,0.0,,0.0,1,0.1,0.05,SPY221010C00450000,450.0,normalDay
2022-09-15,19302.0,-7281.0,0.0,100,390.12,463.0,0,0.0,0.0,,0.0,1,0.1,0.03,SPY221010C00450000,450.0,normalDay
2022-09-16,19302.0,-7737.0,0.0,100,385.56,463.0,0,0.0,0.0,,0.0,1,0.1,0.03,SPY221010C00450000,450.0,normalDay
2022-09-19,19302.0,-7438.0,0.0,100,388.55,463.0,0,0.0,0.0,,0.0,1,0.1,0.03,SPY221010C00450000,450.0,normalDay
2022-09-20,19302.0,-7883.0,0.0,100,384.09,463.0,0,0.0,0.0,,0.0,1,0.1,0.02,SPY221010C00450000,450.0,normalDay
2022-09-21,19302.0,-8553.0,0.0,100,377.39,463.0,0,0.0,0.0,,0.0,1,0.1,0.02,SPY221010C00450000,450.0,normalDay
2022-09-22,19302.0,-8869.0,0.0,100,374.22,463.0,0,0.0,0.0,,0.0,1,0.1,0.01,SPY221010C00450000,450.0,normalDay
2022-09-23,19302.0,-9496.0,0.0,100,367.95,463.0,0,0.0,0.0,,0.0,1,0.1,0.01,SPY221010C00450000,450.0,normalDay
2022-09-26,19302.0,-9860.0,0.0,100,364.31,463.0,0,0.0,0.0,,0.0,1,0.1,0.01,SPY221010C00450000,450.0,normalDay
2022-09-27,19302.0,-9953.0,0.0,100,363.38,463.0,0,0.0,0.0,,0.0,1,0.1,0.01,SPY221010C00450000,450.0,normalDay
2022-09-28,19302.0,-9238.0,0.0,100,370.53,463.0,0,0.0,0.0,,0.0,1,0.1,0.01,SPY221010C00450000,450.0,normalDay
2022-09-29,19302.0,-10012.0,0.0,100,362.79,463.0,0,0.0,0.0,,0.0,1,0.1,0.01,SPY221010C00450000,450.0,normalDay
2022-09-30,19302.0,-10573.0,0.0,100,357.18,463.0,0,0.0,0.0,,0.0,1,0.1,0.01,SPY221010C00450000,450.0,normalDay
2022-10-03,19302.0,-9630.0,0.0,100,366.61,463.0,0,0.0,0.0,,0.0,1,0.1,0.01,SPY221010C00450000,450.0,normalDay
2022-10-04,19302.0,-8494.0,0.0,100,377.97,463.0,0,0.0,0.0,,0.0,1,0.1,0.01,SPY221010C00450000,450.0,normalDay
2022-10-05,19302.0,-8582.0,0.0,100,377.09,463.0,0,0.0,0.0,,0.0,1,0.1,0.01,SPY221010C00450000,450.0,normalDay
2022-10-06,19302.0,-8971.0,0.0,100,373.2,463.0,0,0.0,0.0,,0.0,1,0.1,0.01,SPY221010C00450000,450.0,normalDay
2022-10-07,19302.0,-10012.0,0.0,100,362.79,463.0,0,0.0,0.0,,0.0,1,0.1,0.01,SPY221010C00450000,450.0,normalDay
2022-10-10,19312.0,-10298.0,10.0,100,360.02,463.0,0,0.0,0.0,,0.0,1,0.1,0.0,SPY221010C00450000,450.0,expirationDay
2022-10-11,19312.0,-10529.0,0.0,100,357.74,463.0,0,0.0,0.0,,0.0,1,0.21,0.24,SPY221111C00420000,420.0,normalDay
2022-10-12,19312.0,-10644.0,0.0,100,356.56,463.0,0,0.0,0.0,,0.0,1,0.21,0.21,SPY221111C00420000,420.0,normalDay
2022-10-13,19312.0,-9725.0,0.0,100,365.97,463.0,0,0.0,0.0,,0.0,1,0.21,0.43,SPY221111C00420000,420.0,normalDay
2022-10-14,19312.0,-10535.0,0.0,100,357.63,463.0,0,0.0,0.0,,0.0,1,0.21,0.19,SPY221111C00420000,420.0,normalDay
2022-10-17,19312.0,-9627.0,0.0,100,366.82,463.0,0,0.0,0.0,,0.0,1,0.21,0.3,SPY221111C00420000,420.0,normalDay
2022-10-18,19312.0,-9207.0,0.0,100,371.13,463.0,0,0.0,0.0,,0.0,1,0.21,0.41,SPY221111C00420000,420.0,normalDay
2022-10-19,19312.0,-9458.0,0.0,100,368.5,463.0,0,0.0,0.0,,0.0,1,0.21,0.29,SPY221111C00420000,420.0,normalDay
2022-10-20,19312.0,-9755.0,0.0,100,365.41,463.0,0,0.0,0.0,,0.0,1,0.21,0.17,SPY221111C00420000,420.0,normalDay
2022-10-21,19312.0,-8892.0,0.0,100,374.29,463.0,0,0.0,0.0,,0.0,1,0.21,0.42,SPY221111C00420000,420.0,normalDay
2022-10-24,19312.0,-8447.0,0.0,100,378.87,463.0,0,0.0,0.0,,0.0,1,0.21,0.55,SPY221111C00420000,420.0,normalDay
2022-10-25,19312.0,-7848.0,0.0,100,384.92,463.0,0,0.0,0.0,,0.0,1,0.21,0.61,SPY221111C00420000,420.0,normalDay
2022-10-26,19312.0,-8118.0,0.0,100,382.02,463.0,0,0.0,0.0,,0.0,1,0.21,0.41,SPY221111C00420000,420.0,normalDay
2022-10-27,19312.0,-8299.0,0.0,100,379.98,463.0,0,0.0,0.0,,0.0,1,0.21,0.18,SPY221111C00420000,420.0,normalDay
2022-10-28,19312.0,-7430.0,0.0,100,389.02,463.0,0,0.0,0.0,,0.0,1,0.21,0.53,SPY221111C00420000,420.0,normalDay
2022-10-31,19312.0,-7685.0,0.0,100,386.21,463.0,0,0.0,0.0,,0.0,1,0.21,0.27,SPY221111C00420000,420.0,normalDay
2022-11-01,19312.0,-7846.0,0.0,100,384.52,463.0,0,0.0,0.0,,0.0,1,0.21,0.19,SPY221111C00420000,420.0,normalDay
2022-11-02,19312.0,-8797.0,0.0,100,374.87,463.0,0,0.0,0.0,,0.0,1,0.21,0.05,SPY221111C00420000,420.0,normalDay
2022-11-03,19312.0,-9181.0,0.0,100,371.01,463.0,0,0.0,0.0,,0.0,1,0.21,0.03,SPY221111C00420000,420.0,normalDay
2022-11-04,19312.0,-8646.0,0.0,100,376.35,463.0,0,0.0,0.0,,0.0,1,0.21,0.02,SPY221111C00420000,420.0,normalDay
2022-11-07,19312.0,-8286.0,0.0,100,379.95,463.0,0,0.0,0.0,,0.0,1,0.21,0.02,SPY221111C00420000,420.0,normalDay
2022-11-08,19312.0,-8080.0,0.0,100,382.0,463.0,0,0.0,0.0,,0.0,1,0.21,0.01,SPY221111C00420000,420.0,normalDay
2022-11-09,19312.0,-8867.0,0.0,100,374.13,463.0,0,0.0,0.0,,0.0,1,0.21,0.01,SPY221111C00420000,420.0,normalDay
2022-11-10,19312.0,-6811.0,0.0,100,394.69,463.0,0,0.0,0.0,,0.0,1,0.21,0.01,SPY221111C00420000,420.0,normalDay
2022-11-11,19333.0,-6449.0,21.0,100,398.51,463.0,0,0.0,0.0,,0.0,1,0.21,0.0,SPY221111C00420000,420.0,expirationDay
2022-11-14,19333.0,-6791.0,0.0,100,395.12,463.0,0,0.0,0.0,,0.0,1,2.15,2.18,SPY221216C00420000,420.0,normalDay
2022-11-15,19333.0,-6505.0,0.0,100,398.49,463.0,0,0.0,0.0,,0.0,1,2.15,2.69,SPY221216C00420000,420.0,normalDay
2022-11-16,19333.0,-6731.0,0.0,100,395.45,463.0,0,0.0,0.0,,0.0,1,2.15,1.91,SPY221216C00420000,420.0,normalDay
2022-11-17,19333.0,-6818.0,0.0,100,394.24,463.0,0,0.0,0.0,,0.0,1,2.15,1.57,SPY221216C00420000,420.0,normalDay
2022-11-18,19333.0,-6629.0,0.0,100,396.03,463.0,0,0.0,0.0,,0.0,1,2.15,1.47,SPY221216C00420000,420.0,normalDay
2022-11-21,19333.0,-6726.0,0.0,100,394.59,463.0,0,0.0,0.0,,0.0,1,2.15,1.0,SPY221216C00420000,420.0,normalDay
2022-11-22,19333.0,-6236.0,0.0,100,399.9,463.0,0,0.0,0.0,,0.0,1,2.15,1.41,SPY221216C00420000,420.0,normalDay
2022-11-23,19333.0,-5992.0,0.0,100,402.42,463.0,0,0.0,0.0,,0.0,1,2.15,1.49,SPY221216C00420000,420.0,normalDay
2022-11-25,19333.0,-5979.0,0.0,100,402.33,463.0,0,0.0,0.0,,0.0,1,2.15,1.27,SPY221216C00420000,420.0,normalDay
2022-11-28,19333.0,-6554.0,0.0,100,395.91,463.0,0,0.0,0.0,,0.0,1,2.15,0.6,SPY221216C00420000,420.0,normalDay
2022-11-29,19333.0,-6613.0,0.0,100,395.23,463.0,0,0.0,0.0,,0.0,1,2.15,0.51,SPY221216C00420000,420.0,normalDay
2022-11-30,19333.0,-5565.0,0.0,100,407.68,463.0,0,0.0,0.0,,0.0,1,2.15,2.48,SPY221216C00420000,420.0,normalDay
2022-12-01,19333.0,-5554.0,0.0,100,407.38,463.0,0,0.0,0.0,,0.0,1,2.15,2.07,SPY221216C00420000,420.0,normalDay
2022-12-02,19333.0,-5547.0,0.0,100,406.91,463.0,0,0.0,0.0,,0.0,1,2.15,1.53,SPY221216C00420000,420.0,normalDay
2022-12-05,19333.0,-6179.0,0.0,100,399.59,463.0,0,0.0,0.0,,0.0,1,2.15,0.53,SPY221216C00420000,420.0,normalDay
2022-12-06,19333.0,-6733.0,0.0,100,393.83,463.0,0,0.0,0.0,,0.0,1,2.15,0.31,SPY221216C00420000,420.0,normalDay
2022-12-07,19333.0,-6792.0,0.0,100,393.16,463.0,0,0.0,0.0,,0.0,1,2.15,0.23,SPY221216C00420000,420.0,normalDay
2022-12-08,19333.0,-6490.0,0.0,100,396.24,463.0,0,0.0,0.0,,0.0,1,2.15,0.29,SPY221216C00420000,420.0,normalDay
2022-12-09,19333.0,-6771.0,0.0,100,393.28,463.0,0,0.0,0.0,,0.0,1,2.15,0.14,SPY221216C00420000,420.0,normalDay
2022-12-12,19333.0,-6248.0,0.0,100,398.95,463.0,0,0.0,0.0,,0.0,1,2.15,0.58,SPY221216C00420000,420.0,normalDay
2022-12-13,19333.0,-5914.0,0.0,100,401.97,463.0,0,0.0,0.0,,0.0,1,2.15,0.26,SPY221216C00420000,420.0,normalDay
2022-12-14,19333.0,-6147.0,0.0,100,399.4,463.0,0,0.0,0.0,,0.0,1,2.15,0.02,SPY221216C00420000,420.0,normalDay
2022-12-15,19333.0,-7123.0,0.0,100,389.63,463.0,0,0.0,0.0,,0.0,1,2.15,0.01,SPY221216C00420000,420.0,normalDay
2022-12-16,19548.0,-7973.0,215.0,100,383.27,463.0,0,0.0,0.0,,0.0,1,2.15,0.0,SPY221216C00420000,420.0,expirationDay
2022-12-19,19548.0,-8301.0,0.0,100,380.02,463.0,0,0.0,0.0,,0.0,1,0.13,0.16,SPY230120C00428000,428.0,normalDay
2022-12-20,19548.0,-8248.0,0.0,100,380.54,463.0,0,0.0,0.0,,0.0,1,0.13,0.15,SPY230120C00428000,428.0,normalDay
2022-12-21,19548.0,-7683.0,0.0,100,386.23,463.0,0,0.0,0.0,,0.0,1,0.13,0.19,SPY230120C00428000,428.0,normalDay
2022-12-22,19548.0,-8228.0,0.0,100,380.72,463.0,0,0.0,0.0,,0.0,1,0.13,0.13,SPY230120C00428000,428.0,normalDay
2022-12-23,19548.0,-8006.0,0.0,100,382.91,463.0,0,0.0,0.0,,0.0,1,0.13,0.1,SPY230120C00428000,428.0,normalDay
2022-12-27,19548.0,-8156.0,0.0,100,381.4,463.0,0,0.0,0.0,,0.0,1,0.13,0.09,SPY230120C00428000,428.0,normalDay
2022-12-28,19548.0,-8627.0,0.0,100,376.66,463.0,0,0.0,0.0,,0.0,1,0.13,0.06,SPY230120C00428000,428.0,normalDay
2022-12-29,19548.0,-7951.0,0.0,100,383.44,463.0,0,0.0,0.0,,0.0,1,0.13,0.08,SPY230120C00428000,428.0,normalDay
2022-12-30,19548.0,-8050.0,0.0,100,382.43,463.0,0,0.0,0.0,,0.0,1,0.13,0.06,SPY230120C00428000,428.0,normalDay
2023-01-03,19548.0,-8209.0,0.0,100,380.82,463.0,0,0.0,0.0,,0.0,1,0.13,0.04,SPY230120C00428000,428.0,normalDay
2023-01-04,19548.0,-7915.0,0.0,100,383.76,463.0,0,0.0,0.0,,0.0,1,0.13,0.04,SPY230120C00428000,428.0,normalDay
2023-01-05,19548.0,-8352.0,0.0,100,379.38,463.0,0,0.0,0.0,,0.0,1,0.13,0.03,SPY230120C00428000,428.0,normalDay
2023-01-06,19548.0,-7483.0,0.0,100,388.08,463.0,0,0.0,0.0,,0.0,1,0.13,0.04,SPY230120C00428000,428.0,normalDay
2023-01-09,19548.0,-7505.0,0.0,100,387.86,463.0,0,0.0,0.0,,0.0,1,0.13,0.04,SPY230120C00428000,428.0,normalDay
2023-01-10,19548.0,-7232.0,0.0,100,390.58,463.0,0,0.0,0.0,,0.0,1,0.13,0.03,SPY230120C00428000,428.0,normalDay
2023-01-11,19548.0,-6740.0,0.0,100,395.52,463.0,0,0.0,0.0,,0.0,1,0.13,0.05,SPY230120C00428000,428.0,normalDay
2023-01-12,19548.0,-6593.0,0.0,100,396.96,463.0,0,0.0,0.0,,0.0,1,0.13,0.02,SPY230120C00428000,428.0,normalDay
2023-01-13,19548.0,-6439.0,0.0,100,398.5,463.0,0,0.0,0.0,,0.0,1,0.13,0.02,SPY230120C00428000,428.0,normalDay
2023-01-17,19548.0,-6511.0,0.0,100,397.77,463.0,0,0.0,0.0,,0.0,1,0.13,0.01,SPY230120C00428000,428.0,normalDay
2023-01-18,19548.0,-7139.0,0.0,100,391.49,463.0,0,0.0,0.0,,0.0,1,0.13,0.01,SPY230120C00428000,428.0,normalDay
2023-01-19,19548.0,-7424.0,0.0,100,388.64,463.0,0,0.0,0.0,,0.0,1,0.13,0.01,SPY230120C00428000,428.0,normalDay
2023-01-20,19561.0,-6712.0,13.0,100,395.88,463.0,0,0.0,0.0,,0.0,1,0.13,0.0,SPY230120C00428000,428.0,expirationDay
2023-01-23,19561.0,-6240.0,0.0,100,400.63,463.0,0,0.0,0.0,,0.0,1,1.67,1.7,SPY230224C00420000,420.0,normalDay
2023-01-24,19561.0,-6280.0,0.0,100,400.2,463.0,0,0.0,0.0,,0.0,1,1.67,1.67,SPY230224C00420000,420.0,normalDay
2023-01-25,19561.0,-6236.0,0.0,100,400.35,463.0,0,0.0,0.0,,0.0,1,1.67,1.38,SPY230224C00420000,420.0,normalDay
2023-01-26,19561.0,-5868.0,0.0,100,404.75,463.0,0,0.0,0.0,,0.0,1,1.67,2.1,SPY230224C00420000,420.0,normalDay
2023-01-27,19561.0,-5784.0,0.0,100,405.68,463.0,0,0.0,0.0,,0.0,1,1.67,2.19,SPY230224C00420000,420.0,normalDay
2023-01-30,19561.0,-6212.0,0.0,100,400.59,463.0,0,0.0,0.0,,0.0,1,1.67,1.38,SPY230224C00420000,420.0,normalDay
2023-01-31,19561.0,-5705.0,0.0,100,406.48,463.0,0,0.0,0.0,,0.0,1,1.67,2.2,SPY230224C00420000,420.0,normalDay
2023-02-01,19561.0,-5388.0,0.0,100,410.8,463.0,0,0.0,0.0,,0.0,1,1.67,3.35,SPY230224C00420000,420.0,normalDay
2023-02-02,19561.0,-4953.0,0.0,100,416.78,463.0,0,0.0,0.0,,0.0,1,1.67,4.98,SPY230224C00420000,420.0,normalDay
2023-02-03,19561.0,-5245.0,0.0,100,412.35,463.0,0,0.0,0.0,,0.0,1,1.67,3.47,SPY230224C00420000,420.0,normalDay
2023-02-06,19561.0,-5406.0,0.0,100,409.83,463.0,0,0.0,0.0,,0.0,1,1.67,2.56,SPY230224C00420000,420.0,normalDay
2023-02-07,19561.0,-4995.0,0.0,100,415.19,463.0,0,0.0,0.0,,0.0,1,1.67,3.81,SPY230224C00420000,420.0,normalDay
2023-02-08,19561.0,-5327.0,0.0,100,410.65,463.0,0,0.0,0.0,,0.0,1,1.67,2.59,SPY230224C00420000,420.0,normalDay
2023-02-09,19561.0,-5601.0,0.0,100,407.09,463.0,0,0.0,0.0,,0.0,1,1.67,1.77,SPY230224C00420000,420.0,normalDay
2023-02-10,19561.0,-5488.0,0.0,100,408.04,463.0,0,0.0,0.0,,0.0,1,1.67,1.59,SPY230224C00420000,420.0,normalDay
2023-02-13,19561.0,-5122.0,0.0,100,412.83,463.0,0,0.0,0.0,,0.0,1,1.67,2.72,SPY230224C00420000,420.0,normalDay
2023-02-14,19561.0,-5016.0,0.0,100,412.64,463.0,0,0.0,0.0,,0.0,1,1.67,1.47,SPY230224C00420000,420.0,normalDay
2023-02-15,19561.0,-4889.0,0.0,100,413.98,463.0,0,0.0,0.0,,0.0,1,1.67,1.54,SPY230224C00420000,420.0,normalDay
2023-02-16,19561.0,-5351.0,0.0,100,408.28,463.0,0,0.0,0.0,,0.0,1,1.67,0.46,SPY230224C00420000,420.0,normalDay
2023-02-17,19561.0,-5423.0,0.0,100,407.26,463.0,0,0.0,0.0,,0.0,1,1.67,0.16,SPY230224C00420000,420.0,normalDay
2023-02-21,19561.0,-6227.0,0.0,100,399.09,463.0,0,0.0,0.0,,0.0,1,1.67,0.03,SPY230224C00420000,420.0,normalDay
2023-02-22,19561.0,-6280.0,0.0,100,398.54,463.0,0,0.0,0.0,,0.0,1,1.67,0.01,SPY230224C00420000,420.0,normalDay
2023-02-23,19561.0,-6068.0,0.0,100,400.66,463.0,0,0.0,0.0,,0.0,1,1.67,0.01,SPY230224C00420000,420.0,normalDay
2023-02-24,19728.0,-6662.0,167.0,100,396.38,463.0,0,0.0,0.0,,0.0,1,1.67,0.0,SPY230224C00420000,420.0,expirationDay
2023-02-27,19728.0,-6530.0,0.0,100,397.73,463.0,0,0.0,0.0,,0.0,1,0.16,0.19,SPY230331C00434000,434.0,normalDay
2023-02-28,19728.0,-6671.0,0.0,100,396.26,463.0,0,0.0,0.0,,0.0,1,0.16,0.13,SPY230331C00434000,434.0,normalDay
2023-03-01,19728.0,-6820.0,0.0,100,394.74,463.0,0,0.0,0.0,,0.0,1,0.16,0.1,SPY230331C00434000,434.0,normalDay
2023-03-02,19728.0,-6515.0,0.0,100,397.81,463.0,0,0.0,0.0,,0.0,1,0.16,0.12,SPY230331C00434000,434.0,normalDay
2023-03-03,19728.0,-5892.0,0.0,100,404.19,463.0,0,0.0,0.0,,0.0,1,0.16,0.27,SPY230331C00434000,434.0,normalDay
2023-03-06,19728.0,-5862.0,0.0,100,404.47,463.0,0,0.0,0.0,,0.0,1,0.16,0.25,SPY230331C00434000,434.0,normalDay
2023-03-07,19728.0,-6468.0,0.0,100,398.27,463.0,0,0.0,0.0,,0.0,1,0.16,0.11,SPY230331C00434000,434.0,normalDay
2023-03-08,19728.0,-6402.0,0.0,100,398.92,463.0,0,0.0,0.0,,0.0,1,0.16,0.1,SPY230331C00434000,434.0,normalDay
2023-03-09,19728.0,-7134.0,0.0,100,391.56,463.0,0,0.0,0.0,,0.0,1,0.16,0.06,SPY230331C00434000,434.0,normalDay
2023-03-10,19728.0,-7696.0,0.0,100,385.91,463.0,0,0.0,0.0,,0.0,1,0.16,0.03,SPY230331C00434000,434.0,normalDay
2023-03-13,19728.0,-7752.0,0.0,100,385.36,463.0,0,0.0,0.0,,0.0,1,0.16,0.04,SPY230331C00434000,434.0,normalDay
2023-03-14,19728.0,-7114.0,0.0,100,391.73,463.0,0,0.0,0.0,,0.0,1,0.16,0.03,SPY230331C00434000,434.0,normalDay
2023-03-15,19728.0,-7359.0,0.0,100,389.28,463.0,0,0.0,0.0,,0.0,1,0.16,0.03,SPY230331C00434000,434.0,normalDay
2023-03-16,19728.0,-6678.0,0.0,100,396.11,463.0,0,0.0,0.0,,0.0,1,0.16,0.05,SPY230331C00434000,434.0,normalDay
2023-03-17,19728.0,-7288.0,0.0,100,389.99,463.0,0,0.0,0.0,,0.0,1,0.16,0.03,SPY230331C00434000,434.0,normalDay
2023-03-20,19728.0,-6912.0,0.0,100,393.74,463.0,0,0.0,0.0,,0.0,1,0.16,0.02,SPY230331C00434000,434.0,normalDay
2023-03-21,19728.0,-6396.0,0.0,100,398.91,463.0,0,0.0,0.0,,0.0,1,0.16,0.03,SPY230331C00434000,434.0,normalDay
2023-03-22,19728.0,-7074.0,0.0,100,392.11,463.0,0,0.0,0.0,,0.0,1,0.16,0.01,SPY230331C00434000,434.0,normalDay
2023-03-23,19728.0,-6969.0,0.0,100,393.17,463.0,0,0.0,0.0,,0.0,1,0.16,0.02,SPY230331C00434000,434.0,normalDay
2023-03-24,19728.0,-6710.0,0.0,100,395.75,463.0,0,0.0,0.0,,0.0,1,0.16,0.01,SPY230331C00434000,434.0,normalDay
2023-03-27,19728.0,-6636.0,0.0,100,396.49,463.0,0,0.0,0.0,,0.0,1,0.16,0.01,SPY230331C00434000,434.0,normalDay
2023-03-28,19728.0,-6725.0,0.0,100,395.6,463.0,0,0.0,0.0,,0.0,1,0.16,0.01,SPY230331C00434000,434.0,normalDay
2023-03-29,19728.0,-6150.0,0.0,100,401.35,463.0,0,0.0,0.0,,0.0,1,0.16,0.01,SPY230331C00434000,434.0,normalDay
2023-03-30,19728.0,-5915.0,0.0,100,403.7,463.0,0,0.0,0.0,,0.0,1,0.16,0.01,SPY230331C00434000,434.0,normalDay
2023-03-31,19744.0,-5361.0,16.0,100,409.39,463.0,0,0.0,0.0,,0.0,1,0.16,0.0,SPY230331C00434000,434.0,expirationDay
2023-04-03,19744.0,-5209.0,0.0,100,410.95,463.0,0,0.0,0.0,,0.0,1,2.76,2.8,SPY230505C00425000,425.0,normalDay
2023-04-04,19744.0,-5368.0,0.0,100,408.67,463.0,0,0.0,0.0,,0.0,1,2.76,2.11,SPY230505C00425000,425.0,normalDay
2023-04-05,19744.0,-5434.0,0.0,100,407.6,463.0,0,0.0,0.0,,0.0,1,2.76,1.7,SPY230505C00425000,425.0,normalDay
2023-04-06,19744.0,-5283.0,0.0,100,409.19,463.0,0,0.0,0.0,,0.0,1,2.76,1.78,SPY230505C00425000,425.0,normalDay
2023-04-10,19744.0,-5232.0,0.0,100,409.61,463.0,0,0.0,0.0,,0.0,1,2.76,1.69,SPY230505C00425000,425.0,normalDay
2023-04-11,19744.0,-5215.0,0.0,100,409.72,463.0,0,0.0,0.0,,0.0,1,2.76,1.63,SPY230505C00425000,425.0,normalDay
2023-04-12,19744.0,-5319.0,0.0,100,408.05,463.0,0,0.0,0.0,,0.0,1,2.76,1.0,SPY230505C00425000,425.0,normalDay
2023-04-13,19744.0,-4866.0,0.0,100,413.47,463.0,0,0.0,0.0,,0.0,1,2.76,1.89,SPY230505C00425000,425.0,normalDay
2023-04-14,19744.0,-4917.0,0.0,100,412.46,463.0,0,0.0,0.0,,0.0,1,2.76,1.39,SPY230505C00425000,425.0,normalDay
2023-04-17,19744.0,-4779.0,0.0,100,413.94,463.0,0,0.0,0.0,,0.0,1,2.76,1.49,SPY230505C00425000,425.0,normalDay
2023-04-18,19744.0,-4735.0,0.0,100,414.21,463.0,0,0.0,0.0,,0.0,1,2.76,1.32,SPY230505C00425000,425.0,normalDay
2023-04-19,19744.0,-4723.0,0.0,100,414.14,463.0,0,0.0,0.0,,0.0,1,2.76,1.13,SPY230505C00425000,425.0,normalDay
2023-04-20,19744.0,-4906.0,0.0,100,411.88,463.0,0,0.0,0.0,,0.0,1,2.76,0.7,SPY230505C00425000,425.0,normalDay
2023-04-21,19744.0,-4858.0,0.0,100,412.2,463.0,0,0.0,0.0,,0.0,1,2.76,0.54,SPY230505C00425000,425.0,normalDay
2023-04-24,19744.0,-4807.0,0.0,100,412.63,463.0,0,0.0,0.0,,0.0,1,2.76,0.46,SPY230505C00425000,425.0,normalDay
2023-04-25,19744.0,-5432.0,0.0,100,406.08,463.0,0,0.0,0.0,,0.0,1,2.76,0.16,SPY230505C00425000,425.0,normalDay
2023-04-26,19744.0,-5594.0,0.0,100,404.36,463.0,0,0.0,0.0,,0.0,1,2.76,0.06,SPY230505C00425000,425.0,normalDay
2023-04-27,19744.0,-4816.0,0.0,100,412.41,463.0,0,0.0,0.0,,0.0,1,2.76,0.33,SPY230505C00425000,425.0,normalDay
2023-04-28,19744.0,-4475.0,0.0,100,415.93,463.0,0,0.0,0.0,,0.0,1,2.76,0.44,SPY230505C00425000,425.0,normalDay
2023-05-01,19744.0,-4495.0,0.0,100,415.51,463.0,0,0.0,0.0,,0.0,1,2.76,0.22,SPY230505C00425000,425.0,normalDay
2023-05-02,19744.0,-4946.0,0.0,100,410.84,463.0,0,0.0,0.0,,0.0,1,2.76,0.06,SPY230505C00425000,425.0,normalDay
2023-05-03,19744.0,-5224.0,0.0,100,408.02,463.0,0,0.0,0.0,,0.0,1,2.76,0.02,SPY230505C00425000,425.0,normalDay
2023-05-04,19744.0,-5512.0,0.0,100,405.13,463.0,0,0.0,0.0,,0.0,1,2.76,0.01,SPY230505C00425000,425.0,normalDay
2023-05-05,20020.0,-5037.0,276.0,100,412.63,463.0,0,0.0,0.0,,0.0,1,2.76,0.0,SPY230505C00425000,425.0,expirationDay
2023-05-08,20020.0,-5030.0,0.0,100,412.74,463.0,0,0.0,0.0,,0.0,1,1.7,1.74,SPY230609C00426000,426.0,normalDay
2023-05-09,20020.0,-5183.0,0.0,100,410.93,463.0,0,0.0,0.0,,0.0,1,1.7,1.46,SPY230609C00426000,426.0,normalDay
2023-05-10,20020.0,-5004.0,0.0,100,412.85,463.0,0,0.0,0.0,,0.0,1,1.7,1.59,SPY230609C00426000,426.0,normalDay
2023-05-11,20020.0,-5035.0,0.0,100,412.13,463.0,0,0.0,0.0,,0.0,1,1.7,1.18,SPY230609C00426000,426.0,normalDay
2023-05-12,20020.0,-5059.0,0.0,100,411.59,463.0,0,0.0,0.0,,0.0,1,1.7,0.88,SPY230609C00426000,426.0,normalDay
2023-05-15,20020.0,-4924.0,0.0,100,413.01,463.0,0,0.0,0.0,,0.0,1,1.7,0.95,SPY230609C00426000,426.0,normalDay
2023-05-16,20020.0,-5167.0,0.0,100,410.25,463.0,0,0.0,0.0,,0.0,1,1.7,0.62,SPY230609C00426000,426.0,normalDay
2023-05-17,20020.0,-4741.0,0.0,100,415.23,463.0,0,0.0,0.0,,0.0,1,1.7,1.34,SPY230609C00426000,426.0,normalDay
2023-05-18,20020.0,-4444.0,0.0,100,419.23,463.0,0,0.0,0.0,,0.0,1,1.7,2.37,SPY230609C00426000,426.0,normalDay
2023-05-19,20020.0,-4488.0,0.0,100,418.62,463.0,0,0.0,0.0,,0.0,1,1.7,2.2,SPY230609C00426000,426.0,normalDay
2023-05-22,20020.0,-4465.0,0.0,100,418.79,463.0,0,0.0,0.0,,0.0,1,1.7,2.14,SPY230609C00426000,426.0,normalDay
2023-05-23,20020.0,-4821.0,0.0,100,414.09,463.0,0,0.0,0.0,,0.0,1,1.7,1.0,SPY230609C00426000,426.0,normalDay
2023-05-24,20020.0,-5086.0,0.0,100,411.09,463.0,0,0.0,0.0,,0.0,1,1.7,0.65,SPY230609C00426000,426.0,normalDay
2023-05-25,20020.0,-4761.0,0.0,100,414.65,463.0,0,0.0,0.0,,0.0,1,1.7,0.96,SPY230609C00426000,426.0,normalDay
2023-05-26,20020.0,-4337.0,0.0,100,420.02,463.0,0,0.0,0.0,,0.0,1,1.7,2.09,SPY230609C00426000,426.0,normalDay
2023-05-30,20020.0,-4274.0,0.0,100,420.18,463.0,0,0.0,0.0,,0.0,1,1.7,1.62,SPY230609C00426000,426.0,normalDay
2023-05-31,20020.0,-4413.0,0.0,100,417.85,463.0,0,0.0,0.0,,0.0,1,1.7,0.68,SPY230609C00426000,426.0,normalDay
2023-06-01,20020.0,-4074.0,0.0,100,421.82,463.0,0,0.0,0.0,,0.0,1,1.7,1.26,SPY230609C00426000,426.0,normalDay
2023-06-02,20020.0,-3726.0,0.0,100,427.92,463.0,0,0.0,0.0,,0.0,1,1.7,3.88,SPY230609C00426000,426.0,normalDay
2023-06-05,20020.0,-3716.0,0.0,100,427.1,463.0,0,0.0,0.0,,0.0,1,1.7,2.96,SPY230609C00426000,426.0,normalDay
2023-06-06,20020.0,-3671.0,0.0,100,428.03,463.0,0,0.0,0.0,,0.0,1,1.7,3.44,SPY230609C00426000,426.0,normalDay
2023-06-07,20020.0,-3667.0,0.0,100,426.55,463.0,0,0.0,0.0,,0.0,1,1.7,1.92,SPY230609C00426000,426.0,normalDay
2023-06-08,20020.0,-3547.0,0.0,100,429.13,463.0,0,0.0,0.0,,0.0,1,1.7,3.3,SPY230609C00426000,426.0,normalDay
2023-06-09,16490.0,-3547.0,-3530.0,0,429.9,0.0,0,0.0,0.0,,0.0,1,1.7,0.0,SPY230609C00426000,426.0,expirationDay
2023-06-12,16490.0,-4.0,0.0,0,433.8,0.0,1,2.63,2.67,SPY230728P00414000,414.0,0,0.0,0.0,,0.0,normalDay
2023-06-13,16490.0,44.0,0.0,0,436.66,0.0,1,2.63,2.19,SPY230728P00414000,414.0,0,0.0,0.0,,0.0,normalDay
2023-06-14,16490.0,76.0,0.0,0,437.18,0.0,1,2.63,1.87,SPY230728P00414000,414.0,0,0.0,0.0,,0.0,normalDay
2023-06-15,16490.0,101.0,0.0,0,442.6,0.0,1,2.63,1.62,SPY230728P00414000,414.0,0,0.0,0.0,,0.0,normalDay
2023-06-16,16490.0,119.0,0.0,0,439.46,0.0,1,2.63,1.44,SPY230728P00414000,414.0,0,0.0,0.0,,0.0,normalDay
2023-06-20,16490.0,104.0,0.0,0,437.18,0.0,1,2.63,1.59,SPY230728P00414000,414.0,0,0.0,0.0,,0.0,normalDay
2023-06-21,16490.0,101.0,0.0,0,434.94,0.0,1,2.63,1.62,SPY230728P00414000,414.0,0,0.0,0.0,,0.0,normalDay
2023-06-22,16490.0,127.0,0.0,0,436.51,0.0,1,2.63,1.36,SPY230728P00414000,414.0,0,0.0,0.0,,0.0,normalDay
2023-06-23,16490.0,94.0,0.0,0,433.21,0.0,1,2.63,1.69,SPY230728P00414000,414.0,0,0.0,0.0,,0.0,normalDay
2023-06-26,16490.0,85.0,0.0,0,431.44,0.0,1,2.63,1.78,SPY230728P00414000,414.0,0,0.0,0.0,,0.0,normalDay
2023-06-27,16490.0,141.0,0.0,0,436.17,0.0,1,2.63,1.22,SPY230728P00414000,414.0,0,0.0,0.0,,0.0,normalDay
2023-06-28,16490.0,160.0,0.0,0,436.39,0.0,1,2.63,1.03,SPY230728P00414000,414.0,0,0.0,0.0,,0.0,normalDay
2023-06-29,16490.0,171.0,0.0,0,438.11,0.0,1,2.63,0.92,SPY230728P00414000,414.0,0,0.0,0.0,,0.0,normalDay
2023-06-30,16490.0,200.0,0.0,0,443.28,0.0,1,2.63,0.63,SPY230728P00414000,414.0,0,0.0,0.0,,0.0,normalDay
2023-07-03,16490.0,209.0,0.0,0,443.79,0.0,1,2.63,0.54,SPY230728P00414000,414.0,0,0.0,0.0,,0.0,normalDay
2023-07-05,16490.0,207.0,0.0,0,443.13,0.0,1,2.63,0.56,SPY230728P00414000,414.0,0,0.0,0.0,,0.0,normalDay
2023-07-06,16490.0,182.0,0.0,0,439.66,0.0,1,2.63,0.81,SPY230728P00414000,414.0,0,0.0,0.0,,0.0,normalDay
2023-07-07,16490.0,196.0,0.0,0,438.55,0.0,1,2.63,0.67,SPY230728P00414000,414.0,0,0.0,0.0,,0.0,normalDay
2023-07-10,16490.0,209.0,0.0,0,439.66,0.0,1,2.63,0.54,SPY230728P00414000,414.0,0,0.0,0.0,,0.0,normalDay
2023-07-11,16490.0,221.0,0.0,0,442.46,0.0,1,2.63,0.42,SPY230728P00414000,414.0,0,0.0,0.0,,0.0,normalDay
2023-07-12,16490.0,240.0,0.0,0,446.02,0.0,1,2.63,0.23,SPY230728P00414000,414.0,0,0.0,0.0,,0.0,normalDay
2023-07-13,16490.0,241.0,0.0,0,449.56,0.0,1,2.63,0.22,SPY230728P00414000,414.0,0,0.0,0.0,,0.0,normalDay
2023-07-14,16490.0,245.0,0.0,0,449.28,0.0,1,2.63,0.18,SPY230728P00414000,414.0,0,0.0,0.0,,0.0,normalDay
2023-07-17,16490.0,250.0,0.0,0,450.84,0.0,1,2.63,0.13,SPY230728P00414000,414.0,0,0.0,0.0,,0.0,normalDay
2023-07-18,16490.0,252.0,0.0,0,454.19,0.0,1,2.63,0.11,SPY230728P00414000,414.0,0,0.0,0.0,,0.0,normalDay
2023-07-19,16490.0,254.0,0.0,0,455.2,0.0,1,2.63,0.09,SPY230728P00414000,414.0,0,0.0,0.0,,0.0,normalDay
2023-07-20,16490.0,254.0,0.0,0,452.18,0.0,1,2.63,0.09,SPY230728P00414000,414.0,0,0.0,0.0,,0.0,normalDay
2023-07-21,16490.0,258.0,0.0,0,452.18,0.0,1,2.63,0.05,SPY230728P00414000,414.0,0,0.0,0.0,,0.0,normalDay
2023-07-24,16490.0,260.0,0.0,0,454.2,0.0,1,2.63,0.03,SPY230728P00414000,414.0,0,0.0,0.0,,0.0,normalDay
2023-07-25,16490.0,260.0,0.0,0,455.44,0.0,1,2.63,0.03,SPY230728P00414000,414.0,0,0.0,0.0,,0.0,normalDay
2023-07-26,16490.0,261.0,0.0,0,455.51,0.0,1,2.63,0.02,SPY230728P00414000,414.0,0,0.0,0.0,,0.0,normalDay
2023-07-27,16490.0,260.0,0.0,0,452.49,0.0,1,2.63,0.03,SPY230728P00414000,414.0,0,0.0,0.0,,0.0,normalDay
2023-07-28,16753.0,0.0,263.0,0,456.92,0.0,1,2.63,0.0,SPY230728P00414000,414.0,0,0.0,0.0,,0.0,expirationDay
2023-07-31,16753.0,-3.0,0.0,0,457.79,0.0,1,2.99,3.02,SPY230915P00443000,443.0,0,0.0,0.0,,0.0,normalDay
2023-08-01,16753.0,-34.0,0.0,0,456.48,0.0,1,2.99,3.33,SPY230915P00443000,443.0,0,0.0,0.0,,0.0,normalDay
2023-08-02,16753.0,-240.0,0.0,0,450.13,0.0,1,2.99,5.39,SPY230915P00443000,443.0,0,0.0,0.0,,0.0,normalDay
2023-08-03,16753.0,-232.0,0.0,0,448.84,0.0,1,2.99,5.31,SPY230915P00443000,443.0,0,0.0,0.0,,0.0,normalDay
2023-08-04,16753.0,-356.0,0.0,0,446.81,0.0,1,2.99,6.55,SPY230915P00443000,443.0,0,0.0,0.0,,0.0,normalDay
2023-08-07,16753.0,-169.0,0.0,0,450.71,0.0,1,2.99,4.68,SPY230915P00443000,443.0,0,0.0,0.0,,0.0,normalDay
2023-08-08,16753.0,-236.0,0.0,0,448.75,0.0,1,2.99,5.35,SPY230915P00443000,443.0,0,0.0,0.0,,0.0,normalDay
2023-08-09,16753.0,-307.0,0.0,0,445.75,0.0,1,2.99,6.06,SPY230915P00443000,443.0,0,0.0,0.0,,0.0,normalDay
2023-08-10,16753.0,-312.0,0.0,0,445.91,0.0,1,2.99,6.11,SPY230915P00443000,443.0,0,0.0,0.0,,0.0,normalDay
2023-08-11,16753.0,-272.0,0.0,0,445.65,0.0,1,2.99,5.71,SPY230915P00443000,443.0,0,0.0,0.0,,0.0,normalDay
2023-08-14,16753.0,-162.0,0.0,0,448.11,0.0,1,2.99,4.61,SPY230915P00443000,443.0,0,0.0,0.0,,0.0,normalDay
2023-08-15,16753.0,-399.0,0.0,0,442.89,0.0,1,2.99,6.98,SPY230915P00443000,443.0,0,0.0,0.0,,0.0,normalDay
2023-08-16,16753.0,-541.0,0.0,0,439.64,0.0,1,2.99,8.4,SPY230915P00443000,443.0,0,0.0,0.0,,0.0,normalDay
2023-08-17,16753.0,-762.0,0.0,0,436.29,0.0,1,2.99,10.61,SPY230915P00443000,443.0,0,0.0,0.0,,0.0,normalDay
2023-08-18,16753.0,-709.0,0.0,0,436.5,0.0,1,2.99,10.08,SPY230915P00443000,443.0,0,0.0,0.0,,0.0,normalDay
2023-08-21,16753.0,-534.0,0.0,0,439.34,0.0,1,2.99,8.33,SPY230915P00443000,443.0,0,0.0,0.0,,0.0,normalDay
2023-08-22,16753.0,-570.0,0.0,0,438.15,0.0,1,2.99,8.69,SPY230915P00443000,443.0,0,0.0,0.0,,0.0,normalDay
2023-08-23,16753.0,-285.0,0.0,0,443.03,0.0,1,2.99,5.84,SPY230915P00443000,443.0,0,0.0,0.0,,0.0,normalDay
2023-08-24,16753.0,-643.0,0.0,0,436.89,0.0,1,2.99,9.42,SPY230915P00443000,443.0,0,0.0,0.0,,0.0,normalDay
2023-08-25,16753.0,-396.0,0.0,0,439.97,0.0,1,2.99,6.95,SPY230915P00443000,443.0,0,0.0,0.0,,0.0,normalDay
2023-08-28,16753.0,-204.0,0.0,0,442.76,0.0,1,2.99,5.03,SPY230915P00443000,443.0,0,0.0,0.0,,0.0,normalDay
2023-08-29,16753.0,48.0,0.0,0,449.16,0.0,1,2.99,2.51,SPY230915P00443000,443.0,0,0.0,0.0,,0.0,normalDay
2023-08-30,16753.0,120.0,0.0,0,451.01,0.0,1,2.99,1.79,SPY230915P00443000,443.0,0,0.0,0.0,,0.0,normalDay
2023-08-31,16753.0,135.0,0.0,0,450.35,0.0,1,2.99,1.64,SPY230915P00443000,443.0,0,0.0,0.0,,0.0,normalDay
2023-09-01,16753.0,167.0,0.0,0,451.19,0.0,1,2.99,1.32,SPY230915P00443000,443.0,0,0.0,0.0,,0.0,normalDay
2023-09-05,16753.0,138.0,0.0,0,449.24,0.0,1,2.99,1.61,SPY230915P00443000,443.0,0,0.0,0.0,,0.0,normalDay
2023-09-06,16753.0,56.0,0.0,0,446.22,0.0,1,2.99,2.43,SPY230915P00443000,443.0,0,0.0,0.0,,0.0,normalDay
2023-09-07,16753.0,20.0,0.0,0,444.85,0.0,1,2.99,2.79,SPY230915P00443000,443.0,0,0.0,0.0,,0.0,normalDay
2023-09-08,16753.0,108.0,0.0,0,445.52,0.0,1,2.99,1.91,SPY230915P00443000,443.0,0,0.0,0.0,,0.0,normalDay
2023-09-11,16753.0,210.0,0.0,0,448.45,0.0,1,2.99,0.89,SPY230915P00443000,443.0,0,0.0,0.0,,0.0,normalDay
2023-09-12,16753.0,149.0,0.0,0,445.99,0.0,1,2.99,1.5,SPY230915P00443000,443.0,0,0.0,0.0,,0.0,normalDay
2023-09-13,16753.0,224.0,0.0,0,446.51,0.0,1,2.99,0.75,SPY230915P00443000,443.0,0,0.0,0.0,,0.0,normalDay
2023-09-14,16753.0,292.0,0.0,0,450.36,0.0,1,2.99,0.07,SPY230915P00443000,443.0,0,0.0,0.0,,0.0,normalDay
2023-09-15,17052.0,0.0,299.0,0,443.37,0.0,1,2.99,0.0,SPY230915P00443000,443.0,0,0.0,0.0,,0.0,expirationDay
2023-09-18,17052.0,-4.0,0.0,0,443.63,0.0,1,5.1,5.14,SPY231027P00441000,441.0,0,0.0,0.0,,0.0,normalDay
2023-09-19,17052.0,-33.0,0.0,0,442.71,0.0,1,5.1,5.43,SPY231027P00441000,441.0,0,0.0,0.0,,0.0,normalDay
2023-09-20,17052.0,-248.0,0.0,0,438.64,0.0,1,5.1,7.58,SPY231027P00441000,441.0,0,0.0,0.0,,0.0,normalDay
2023-09-21,17052.0,-705.0,0.0,0,431.39,0.0,1,5.1,12.15,SPY231027P00441000,441.0,0,0.0,0.0,,0.0,normalDay
2023-09-22,17052.0,-746.0,0.0,0,430.42,0.0,1,5.1,12.56,SPY231027P00441000,441.0,0,0.0,0.0,,0.0,normalDay
2023-09-25,17052.0,-605.0,0.0,0,432.23,0.0,1,5.1,11.15,SPY231027P00441000,441.0,0,0.0,0.0,,0.0,normalDay
2023-09-26,17052.0,-1079.0,0.0,0,425.88,0.0,1,5.1,15.89,SPY231027P00441000,441.0,0,0.0,0.0,,0.0,normalDay
2023-09-27,17052.0,-1046.0,0.0,0,426.05,0.0,1,5.1,15.56,SPY231027P00441000,441.0,0,0.0,0.0,,0.0,normalDay
2023-09-28,17052.0,-881.0,0.0,0,428.52,0.0,1,5.1,13.91,SPY231027P00441000,441.0,0,0.0,0.0,,0.0,normalDay
2023-09-29,17052.0,-928.0,0.0,0,427.48,0.0,1,5.1,14.38,SPY231027P00441000,441.0,0,0.0,0.0,,0.0,normalDay
2023-10-02,17052.0,-922.0,0.0,0,427.31,0.0,1,5.1,14.32,SPY231027P00441000,441.0,0,0.0,0.0,,0.0,normalDay
2023-10-03,17052.0,-1423.0,0.0,0,421.59,0.0,1,5.1,19.33,SPY231027P00441000,441.0,0,0.0,0.0,,0.0,normalDay
2023-10-04,17052.0,-1176.0,0.0,0,424.66,0.0,1,5.1,16.86,SPY231027P00441000,441.0,0,0.0,0.0,,0.0,normalDay
2023-10-05,17052.0,-1211.0,0.0,0,424.5,0.0,1,5.1,17.21,SPY231027P00441000,441.0,0,0.0,0.0,,0.0,normalDay
2023-10-06,17052.0,-711.0,0.0,0,429.54,0.0,1,5.1,12.21,SPY231027P00441000,441.0,0,0.0,0.0,,0.0,normalDay
2023-10-09,17052.0,-498.0,0.0,0,432.29,0.0,1,5.1,10.08,SPY231027P00441000,441.0,0,0.0,0.0,,0.0,normalDay
2023-10-10,17052.0,-333.0,0.0,0,434.54,0.0,1,5.1,8.43,SPY231027P00441000,441.0,0,0.0,0.0,,0.0,normalDay
2023-10-11,17052.0,-138.0,0.0,0,436.32,0.0,1,5.1,6.48,SPY231027P00441000,441.0,0,0.0,0.0,,0.0,normalDay
2023-10-12,17052.0,-333.0,0.0,0,433.66,0.0,1,5.1,8.43,SPY231027P00441000,441.0,0,0.0,0.0,,0.0,normalDay
2023-10-13,17052.0,-570.0,0.0,0,431.5,0.0,1,5.1,10.8,SPY231027P00441000,441.0,0,0.0,0.0,,0.0,normalDay
2023-10-16,17052.0,-150.0,0.0,0,436.04,0.0,1,5.1,6.6,SPY231027P00441000,441.0,0,0.0,0.0,,0.0,normalDay
2023-10-17,17052.0,-178.0,0.0,0,436.02,0.0,1,5.1,6.88,SPY231027P00441000,441.0,0,0.0,0.0,,0.0,normalDay
2023-10-18,17052.0,-564.0,0.0,0,430.21,0.0,1,5.1,10.74,SPY231027P00441000,441.0,0,0.0,0.0,,0.0,normalDay
2023-10-19,17052.0,-1032.0,0.0,0,426.43,0.0,1,5.1,15.42,SPY231027P00441000,441.0,0,0.0,0.0,,0.0,normalDay
2023-10-20,17052.0,-1474.0,0.0,0,421.19,0.0,1,5.1,19.84,SPY231027P00441000,441.0,0,0.0,0.0,,0.0,normalDay
2023-10-23,17052.0,-1476.0,0.0,0,420.46,0.0,1,5.1,19.86,SPY231027P00441000,441.0,0,0.0,0.0,,0.0,normalDay
2023-10-24,17052.0,-1209.0,0.0,0,423.63,0.0,1,5.1,17.19,SPY231027P00441000,441.0,0,0.0,0.0,,0.0,normalDay
2023-10-25,17052.0,-1822.0,0.0,0,417.55,0.0,1,5.1,23.32,SPY231027P00441000,441.0,0,0.0,0.0,,0.0,normalDay
2023-10-26,17052.0,-2314.0,0.0,0,412.55,0.0,1,5.1,28.24,SPY231027P00441000,441.0,0,0.0,0.0,,0.0,normalDay
2023-10-27,17562.0,-3032.0,510.0,100,410.68,441.0,1,5.1,0.0,SPY231027P00441000,441.0,0,0.0,0.0,,0.0,expirationDay
2023-10-30,17562.0,-2544.0,0.0,100,415.59,441.0,0,0.0,0.0,,0.0,1,0.05,0.08,SPY231201C00460000,460.0,normalDay
2023-10-31,17562.0,-2282.0,0.0,100,418.2,441.0,0,0.0,0.0,,0.0,1,0.05,0.07,SPY231201C00460000,460.0,normalDay
2023-11-01,17562.0,-1839.0,0.0,100,422.66,441.0,0,0.0,0.0,,0.0,1,0.05,0.1,SPY231201C00460000,460.0,normalDay
2023-11-02,17562.0,-1038.0,0.0,100,430.76,441.0,0,0.0,0.0,,0.0,1,0.05,0.19,SPY231201C00460000,460.0,normalDay
2023-11-03,17562.0,-653.0,0.0,100,434.69,441.0,0,0.0,0.0,,0.0,1,0.05,0.27,SPY231201C00460000,460.0,normalDay
2023-11-06,17562.0,-544.0,0.0,100,435.69,441.0,0,0.0,0.0,,0.0,1,0.05,0.18,SPY231201C00460000,460.0,normalDay
2023-11-07,17562.0,-423.0,0.0,100,436.93,441.0,0,0.0,0.0,,0.0,1,0.05,0.21,SPY231201C00460000,460.0,normalDay
2023-11-08,17562.0,-386.0,0.0,100,437.25,441.0,0,0.0,0.0,,0.0,1,0.05,0.16,SPY231201C00460000,460.0,normalDay
2023-11-09,17562.0,-719.0,0.0,100,433.84,441.0,0,0.0,0.0,,0.0,1,0.05,0.08,SPY231201C00460000,460.0,normalDay
2023-11-10,17562.0,-58.0,0.0,100,440.61,441.0,0,0.0,0.0,,0.0,1,0.05,0.24,SPY231201C00460000,460.0,normalDay
2023-11-13,17562.0,-94.0,0.0,100,440.19,441.0,0,0.0,0.0,,0.0,1,0.05,0.18,SPY231201C00460000,460.0,normalDay
2023-11-14,17562.0,677.0,0.0,100,448.73,441.0,0,0.0,0.0,,0.0,1,0.05,1.01,SPY231201C00460000,460.0,normalDay
2023-11-15,17562.0,788.0,0.0,100,449.68,441.0,0,0.0,0.0,,0.0,1,0.05,0.85,SPY231201C00460000,460.0,normalDay
2023-11-16,17562.0,848.0,0.0,100,450.23,441.0,0,0.0,0.0,,0.0,1,0.05,0.8,SPY231201C00460000,460.0,normalDay
2023-11-17,17562.0,916.0,0.0,100,450.79,441.0,0,0.0,0.0,,0.0,1,0.05,0.68,SPY231201C00460000,460.0,normalDay
2023-11-20,17562.0,1219.0,0.0,100,454.26,441.0,0,0.0,0.0,,0.0,1,0.05,1.12,SPY231201C00460000,460.0,normalDay
2023-11-21,17562.0,1156.0,0.0,100,453.27,441.0,0,0.0,0.0,,0.0,1,0.05,0.76,SPY231201C00460000,460.0,normalDay
2023-11-22,17562.0,1329.0,0.0,100,455.02,441.0,0,0.0,0.0,,0.0,1,0.05,0.78,SPY231201C00460000,460.0,normalDay
2023-11-24,17562.0,1382.0,0.0,100,455.3,441.0,0,0.0,0.0,,0.0,1,0.05,0.53,SPY231201C00460000,460.0,normalDay
2023-11-27,17562.0,1323.0,0.0,100,454.48,441.0,0,0.0,0.0,,0.0,1,0.05,0.3,SPY231201C00460000,460.0,normalDay
2023-11-28,17562.0,1370.0,0.0,100,454.93,441.0,0,0.0,0.0,,0.0,1,0.05,0.28,SPY231201C00460000,460.0,normalDay
2023-11-29,17562.0,1343.0,0.0,100,454.61,441.0,0,0.0,0.0,,0.0,1,0.05,0.23,SPY231201C00460000,460.0,normalDay
2023-11-30,17562.0,1529.0,0.0,100,456.4,441.0,0,0.0,0.0,,0.0,1,0.05,0.16,SPY231201C00460000,460.0,normalDay
