date,totalCapital,unrializedPnL,rializedPnL,stocksOwned,stocksPriceToday,stocksPriceBoughtAt,putOwned,putOwnedSoldAt,putPriceToday,putOwnedContract,putOwnedStrike,callOwned,callOwnedSoldAt,callPriceToday,callOwnedContract,callOwnedStrike,trackType
2018-11-01,0.0,-41.0,0.0,0,273.51,0.0,1,11.11,11.52,SPY190930P00256000,256.0,0,0.0,0.0,,0.0,normalDay
2018-11-02,0.0,-95.0,0.0,0,271.89,0.0,1,11.11,12.06,SPY190930P00256000,256.0,0,0.0,0.0,,0.0,normalDay
2018-11-05,0.0,-21.0,0.0,0,273.39,0.0,1,11.11,11.32,SPY190930P00256000,256.0,0,0.0,0.0,,0.0,normalDay
2018-11-06,0.0,39.0,0.0,0,275.12,0.0,1,11.11,10.72,SPY190930P00256000,256.0,0,0.0,0.0,,0.0,normalDay
2018-11-07,0.0,241.0,0.0,0,281.01,0.0,1,11.11,8.7,SPY190930P00256000,256.0,0,0.0,0.0,,0.0,normalDay
2018-11-08,0.0,246.0,0.0,0,280.5,0.0,1,11.11,8.65,SPY190930P00256000,256.0,0,0.0,0.0,,0.0,normalDay
2018-11-09,0.0,146.0,0.0,0,277.76,0.0,1,11.11,9.65,SPY190930P00256000,256.0,0,0.0,0.0,,0.0,normalDay
2018-11-12,0.0,-17.0,0.0,0,272.57,0.0,1,11.11,11.28,SPY190930P00256000,256.0,0,0.0,0.0,,0.0,normalDay
2018-11-13,0.0,-55.0,0.0,0,272.06,0.0,1,11.11,11.66,SPY190930P00256000,256.0,0,0.0,0.0,,0.0,normalDay
2018-11-14,0.0,-154.0,0.0,0,270.2,0.0,1,11.11,12.65,SPY190930P00256000,256.0,0,0.0,0.0,,0.0,normalDay
2018-11-15,0.0,-52.0,0.0,0,273.02,0.0,1,11.11,11.63,SPY190930P00256000,256.0,0,0.0,0.0,,0.0,normalDay
2018-11-16,0.0,14.0,0.0,0,273.73,0.0,1,11.11,10.97,SPY190930P00256000,256.0,0,0.0,0.0,,0.0,normalDay
2018-11-19,0.0,-148.0,0.0,0,269.1,0.0,1,11.11,12.59,SPY190930P00256000,256.0,0,0.0,0.0,,0.0,normalDay
2018-11-20,0.0,-367.0,0.0,0,264.12,0.0,1,11.11,14.78,SPY190930P00256000,256.0,0,0.0,0.0,,0.0,normalDay
2018-11-21,0.0,-315.0,0.0,0,265.02,0.0,1,11.11,14.26,SPY190930P00256000,256.0,0,0.0,0.0,,0.0,normalDay
2018-11-23,0.0,-376.0,0.0,0,263.25,0.0,1,11.11,14.87,SPY190930P00256000,256.0,0,0.0,0.0,,0.0,normalDay
2018-11-26,0.0,-154.0,0.0,0,267.5,0.0,1,11.11,12.65,SPY190930P00256000,256.0,0,0.0,0.0,,0.0,normalDay
2018-11-27,0.0,-147.0,0.0,0,268.4,0.0,1,11.11,12.58,SPY190930P00256000,256.0,0,0.0,0.0,,0.0,normalDay
2018-11-28,0.0,27.0,0.0,0,274.58,0.0,1,11.11,10.84,SPY190930P00256000,256.0,0,0.0,0.0,,0.0,normalDay
2018-11-29,0.0,13.0,0.0,0,273.98,0.0,1,11.11,10.98,SPY190930P00256000,256.0,0,0.0,0.0,,0.0,normalDay
2018-11-30,0.0,71.0,0.0,0,275.65,0.0,1,11.11,10.4,SPY190930P00256000,256.0,0,0.0,0.0,,0.0,normalDay
2018-12-03,0.0,204.0,0.0,0,279.3,0.0,1,11.11,9.07,SPY190930P00256000,256.0,0,0.0,0.0,,0.0,normalDay
2018-12-04,0.0,-100.0,0.0,0,270.25,0.0,1,11.11,12.11,SPY190930P00256000,256.0,0,0.0,0.0,,0.0,normalDay
2018-12-06,0.0,-116.0,0.0,0,269.84,0.0,1,11.11,12.27,SPY190930P00256000,256.0,0,0.0,0.0,,0.0,normalDay
2018-12-07,0.0,-379.0,0.0,0,263.57,0.0,1,11.11,14.9,SPY190930P00256000,256.0,0,0.0,0.0,,0.0,normalDay
2018-12-10,0.0,-326.0,0.0,0,264.07,0.0,1,11.11,14.37,SPY190930P00256000,256.0,0,0.0,0.0,,0.0,normalDay
2018-12-11,0.0,-323.0,0.0,0,264.13,0.0,1,11.11,14.34,SPY190930P00256000,256.0,0,0.0,0.0,,0.0,normalDay
2018-12-12,0.0,-299.0,0.0,0,265.46,0.0,1,11.11,14.1,SPY190930P00256000,256.0,0,0.0,0.0,,0.0,normalDay
2018-12-13,0.0,-288.0,0.0,0,265.37,0.0,1,11.11,13.99,SPY190930P00256000,256.0,0,0.0,0.0,,0.0,normalDay
2018-12-14,0.0,-475.0,0.0,0,260.47,0.0,1,11.11,15.86,SPY190930P00256000,256.0,0,0.0,0.0,,0.0,normalDay
2018-12-17,0.0,-717.0,0.0,0,255.36,0.0,1,11.11,18.28,SPY190930P00256000,256.0,0,0.0,0.0,,0.0,normalDay
2018-12-18,0.0,-747.0,0.0,0,255.08,0.0,1,11.11,18.58,SPY190930P00256000,256.0,0,0.0,0.0,,0.0,normalDay
2018-12-19,0.0,-880.0,0.0,0,251.26,0.0,1,11.11,19.91,SPY190930P00256000,256.0,0,0.0,0.0,,0.0,normalDay
2018-12-20,0.0,-1077.0,0.0,0,247.17,0.0,1,11.11,21.88,SPY190930P00256000,256.0,0,0.0,0.0,,0.0,normalDay
2018-12-21,0.0,-1408.0,0.0,0,240.7,0.0,1,11.11,25.19,SPY190930P00256000,256.0,0,0.0,0.0,,0.0,normalDay
2018-12-24,0.0,-1939.0,0.0,0,234.34,0.0,1,11.11,30.5,SPY190930P00256000,256.0,0,0.0,0.0,,0.0,normalDay
2018-12-26,0.0,-1028.0,0.0,0,246.18,0.0,1,11.11,21.39,SPY190930P00256000,256.0,0,0.0,0.0,,0.0,normalDay
2018-12-27,0.0,-966.0,0.0,0,248.07,0.0,1,11.11,20.77,SPY190930P00256000,256.0,0,0.0,0.0,,0.0,normalDay
2018-12-28,0.0,-985.0,0.0,0,247.75,0.0,1,11.11,20.96,SPY190930P00256000,256.0,0,0.0,0.0,,0.0,normalDay
2018-12-31,0.0,-824.0,0.0,0,249.92,0.0,1,11.11,19.35,SPY190930P00256000,256.0,0,0.0,0.0,,0.0,normalDay
2019-01-02,0.0,-764.0,0.0,0,250.18,0.0,1,11.11,18.75,SPY190930P00256000,256.0,0,0.0,0.0,,0.0,normalDay
2019-01-03,0.0,-1134.0,0.0,0,244.21,0.0,1,11.11,22.45,SPY190930P00256000,256.0,0,0.0,0.0,,0.0,normalDay
2019-01-04,0.0,-661.0,0.0,0,252.39,0.0,1,11.11,17.72,SPY190930P00256000,256.0,0,0.0,0.0,,0.0,normalDay
2019-01-07,0.0,-562.0,0.0,0,254.38,0.0,1,11.11,16.73,SPY190930P00256000,256.0,0,0.0,0.0,,0.0,normalDay
2019-01-08,0.0,-456.0,0.0,0,256.77,0.0,1,11.11,15.67,SPY190930P00256000,256.0,0,0.0,0.0,,0.0,normalDay
2019-01-09,0.0,-385.0,0.0,0,257.97,0.0,1,11.11,14.96,SPY190930P00256000,256.0,0,0.0,0.0,,0.0,normalDay
2019-01-10,0.0,-345.0,0.0,0,258.88,0.0,1,11.11,14.56,SPY190930P00256000,256.0,0,0.0,0.0,,0.0,normalDay
2019-01-11,0.0,-298.0,0.0,0,258.98,0.0,1,11.11,14.09,SPY190930P00256000,256.0,0,0.0,0.0,,0.0,normalDay
2019-01-14,0.0,-335.0,0.0,0,257.4,0.0,1,11.11,14.46,SPY190930P00256000,256.0,0,0.0,0.0,,0.0,normalDay
2019-01-15,0.0,-182.0,0.0,0,260.35,0.0,1,11.11,12.93,SPY190930P00256000,256.0,0,0.0,0.0,,0.0,normalDay
2019-01-16,0.0,-146.0,0.0,0,260.98,0.0,1,11.11,12.57,SPY190930P00256000,256.0,0,0.0,0.0,,0.0,normalDay
2019-01-17,0.0,-87.0,0.0,0,262.96,0.0,1,11.11,11.98,SPY190930P00256000,256.0,0,0.0,0.0,,0.0,normalDay
2019-01-18,0.0,37.0,0.0,0,266.46,0.0,1,11.11,10.74,SPY190930P00256000,256.0,0,0.0,0.0,,0.0,normalDay
2019-01-22,0.0,-115.0,0.0,0,262.86,0.0,1,11.11,12.26,SPY190930P00256000,256.0,0,0.0,0.0,,0.0,normalDay
2019-01-23,0.0,-93.0,0.0,0,263.41,0.0,1,11.11,12.04,SPY190930P00256000,256.0,0,0.0,0.0,,0.0,normalDay
2019-01-24,0.0,-77.0,0.0,0,263.55,0.0,1,11.11,11.88,SPY190930P00256000,256.0,0,0.0,0.0,,0.0,normalDay
2019-01-25,0.0,24.0,0.0,0,265.78,0.0,1,11.11,10.87,SPY190930P00256000,256.0,0,0.0,0.0,,0.0,normalDay
2019-01-28,0.0,-43.0,0.0,0,263.76,0.0,1,11.11,11.54,SPY190930P00256000,256.0,0,0.0,0.0,,0.0,normalDay
2019-01-29,0.0,-59.0,0.0,0,263.41,0.0,1,11.11,11.7,SPY190930P00256000,256.0,0,0.0,0.0,,0.0,normalDay
2019-01-30,0.0,99.0,0.0,0,267.58,0.0,1,11.11,10.12,SPY190930P00256000,256.0,0,0.0,0.0,,0.0,normalDay
2019-01-31,0.0,208.0,0.0,0,269.93,0.0,1,11.11,9.03,SPY190930P00256000,256.0,0,0.0,0.0,,0.0,normalDay
2019-02-01,0.0,216.0,0.0,0,270.06,0.0,1,11.11,8.95,SPY190930P00256000,256.0,0,0.0,0.0,,0.0,normalDay
2019-02-04,0.0,284.0,0.0,0,271.96,0.0,1,11.11,8.27,SPY190930P00256000,256.0,0,0.0,0.0,,0.0,normalDay
2019-02-05,0.0,324.0,0.0,0,273.1,0.0,1,11.11,7.87,SPY190930P00256000,256.0,0,0.0,0.0,,0.0,normalDay
2019-02-06,0.0,324.0,0.0,0,272.74,0.0,1,11.11,7.87,SPY190930P00256000,256.0,0,0.0,0.0,,0.0,normalDay
2019-02-07,0.0,247.0,0.0,0,270.14,0.0,1,11.11,8.64,SPY190930P00256000,256.0,0,0.0,0.0,,0.0,normalDay
2019-02-08,0.0,254.0,0.0,0,270.47,0.0,1,11.11,8.57,SPY190930P00256000,256.0,0,0.0,0.0,,0.0,normalDay
2019-02-11,0.0,272.0,0.0,0,270.62,0.0,1,11.11,8.39,SPY190930P00256000,256.0,0,0.0,0.0,,0.0,normalDay
2019-02-12,0.0,378.0,0.0,0,274.1,0.0,1,11.11,7.33,SPY190930P00256000,256.0,0,0.0,0.0,,0.0,normalDay
2019-02-13,0.0,385.0,0.0,0,274.99,0.0,1,11.11,7.26,SPY190930P00256000,256.0,0,0.0,0.0,,0.0,normalDay
2019-02-14,0.0,350.0,0.0,0,274.38,0.0,1,11.11,7.61,SPY190930P00256000,256.0,0,0.0,0.0,,0.0,normalDay
2019-02-15,0.0,442.0,0.0,0,277.37,0.0,1,11.11,6.69,SPY190930P00256000,256.0,0,0.0,0.0,,0.0,normalDay
2019-02-19,0.0,460.0,0.0,0,277.85,0.0,1,11.11,6.51,SPY190930P00256000,256.0,0,0.0,0.0,,0.0,normalDay
2019-02-20,0.0,505.0,0.0,0,278.41,0.0,1,11.11,6.06,SPY190930P00256000,256.0,0,0.0,0.0,,0.0,normalDay
2019-02-21,0.0,482.0,0.0,0,277.42,0.0,1,11.11,6.29,SPY190930P00256000,256.0,0,0.0,0.0,,0.0,normalDay
2019-02-22,0.0,531.0,0.0,0,279.14,0.0,1,11.11,5.8,SPY190930P00256000,256.0,0,0.0,0.0,,0.0,normalDay
2019-02-25,0.0,537.0,0.0,0,279.52,0.0,1,11.11,5.74,SPY190930P00256000,256.0,0,0.0,0.0,,0.0,normalDay
2019-02-26,0.0,520.0,0.0,0,279.32,0.0,1,11.11,5.91,SPY190930P00256000,256.0,0,0.0,0.0,,0.0,normalDay
2019-02-27,0.0,530.0,0.0,0,279.2,0.0,1,11.11,5.81,SPY190930P00256000,256.0,0,0.0,0.0,,0.0,normalDay
2019-02-28,0.0,516.0,0.0,0,278.68,0.0,1,11.11,5.95,SPY190930P00256000,256.0,0,0.0,0.0,,0.0,normalDay
2019-03-01,0.0,571.0,0.0,0,280.42,0.0,1,11.11,5.4,SPY190930P00256000,256.0,0,0.0,0.0,,0.0,normalDay
2019-03-04,0.0,536.0,0.0,0,279.4,0.0,1,11.11,5.75,SPY190930P00256000,256.0,0,0.0,0.0,,0.0,normalDay
2019-03-05,0.0,527.0,0.0,0,279.02,0.0,1,11.11,5.84,SPY190930P00256000,256.0,0,0.0,0.0,,0.0,normalDay
2019-03-06,0.0,477.0,0.0,0,277.33,0.0,1,11.11,6.34,SPY190930P00256000,256.0,0,0.0,0.0,,0.0,normalDay
2019-03-07,0.0,417.0,0.0,0,275.01,0.0,1,11.11,6.94,SPY190930P00256000,256.0,0,0.0,0.0,,0.0,normalDay
2019-03-08,0.0,407.0,0.0,0,274.46,0.0,1,11.11,7.04,SPY190930P00256000,256.0,0,0.0,0.0,,0.0,normalDay
2019-03-11,0.0,529.0,0.0,0,278.44,0.0,1,11.11,5.82,SPY190930P00256000,256.0,0,0.0,0.0,,0.0,normalDay
2019-03-12,0.0,562.0,0.0,0,279.49,0.0,1,11.11,5.49,SPY190930P00256000,256.0,0,0.0,0.0,,0.0,normalDay
2019-03-13,0.0,617.0,0.0,0,281.34,0.0,1,11.11,4.94,SPY190930P00256000,256.0,0,0.0,0.0,,0.0,normalDay
2019-03-14,0.0,614.0,0.0,0,281.16,0.0,1,11.11,4.97,SPY190930P00256000,256.0,0,0.0,0.0,,0.0,normalDay
2019-03-15,0.0,645.0,0.0,0,281.31,0.0,1,11.11,4.66,SPY190930P00256000,256.0,0,0.0,0.0,,0.0,normalDay
2019-03-18,0.0,664.0,0.0,0,282.33,0.0,1,11.11,4.47,SPY190930P00256000,256.0,0,0.0,0.0,,0.0,normalDay
2019-03-19,0.0,650.0,0.0,0,282.4,0.0,1,11.11,4.61,SPY190930P00256000,256.0,0,0.0,0.0,,0.0,normalDay
2019-03-20,0.0,633.0,0.0,0,281.55,0.0,1,11.11,4.78,SPY190930P00256000,256.0,0,0.0,0.0,,0.0,normalDay
2019-03-21,0.0,689.0,0.0,0,284.73,0.0,1,11.11,4.22,SPY190930P00256000,256.0,0,0.0,0.0,,0.0,normalDay
2019-03-22,0.0,562.0,0.0,0,279.25,0.0,1,11.11,5.49,SPY190930P00256000,256.0,0,0.0,0.0,,0.0,normalDay
2019-03-25,0.0,549.0,0.0,0,279.04,0.0,1,11.11,5.62,SPY190930P00256000,256.0,0,0.0,0.0,,0.0,normalDay
2019-03-26,0.0,607.0,0.0,0,281.12,0.0,1,11.11,5.04,SPY190930P00256000,256.0,0,0.0,0.0,,0.0,normalDay
2019-03-27,0.0,578.0,0.0,0,279.65,0.0,1,11.11,5.33,SPY190930P00256000,256.0,0,0.0,0.0,,0.0,normalDay
2019-03-28,0.0,610.0,0.0,0,280.71,0.0,1,11.11,5.01,SPY190930P00256000,256.0,0,0.0,0.0,,0.0,normalDay
2019-03-29,0.0,655.0,0.0,0,282.48,0.0,1,11.11,4.56,SPY190930P00256000,256.0,0,0.0,0.0,,0.0,normalDay
2019-04-01,0.0,715.0,0.0,0,285.83,0.0,1,11.11,3.96,SPY190930P00256000,256.0,0,0.0,0.0,,0.0,normalDay
2019-04-02,0.0,719.0,0.0,0,285.97,0.0,1,11.11,3.92,SPY190930P00256000,256.0,0,0.0,0.0,,0.0,normalDay
2019-04-03,0.0,731.0,0.0,0,286.42,0.0,1,11.11,3.8,SPY190930P00256000,256.0,0,0.0,0.0,,0.0,normalDay
2019-04-04,0.0,742.0,0.0,0,287.18,0.0,1,11.11,3.69,SPY190930P00256000,256.0,0,0.0,0.0,,0.0,normalDay
2019-04-05,0.0,771.0,0.0,0,288.57,0.0,1,11.11,3.4,SPY190930P00256000,256.0,0,0.0,0.0,,0.0,normalDay
2019-04-08,0.0,775.0,0.0,0,288.79,0.0,1,11.11,3.36,SPY190930P00256000,256.0,0,0.0,0.0,,0.0,normalDay
2019-04-09,0.0,735.0,0.0,0,287.31,0.0,1,11.11,3.76,SPY190930P00256000,256.0,0,0.0,0.0,,0.0,normalDay
2019-04-10,0.0,770.0,0.0,0,288.29,0.0,1,11.11,3.41,SPY190930P00256000,256.0,0,0.0,0.0,,0.0,normalDay
2019-04-11,0.0,772.0,0.0,0,288.21,0.0,1,11.11,3.39,SPY190930P00256000,256.0,0,0.0,0.0,,0.0,normalDay
2019-04-12,0.0,813.0,0.0,0,290.16,0.0,1,11.11,2.98,SPY190930P00256000,256.0,0,0.0,0.0,,0.0,normalDay
2019-04-15,0.0,816.0,0.0,0,289.97,0.0,1,11.11,2.95,SPY190930P00256000,256.0,0,0.0,0.0,,0.0,normalDay
2019-04-16,0.0,821.0,0.0,0,290.16,0.0,1,11.11,2.9,SPY190930P00256000,256.0,0,0.0,0.0,,0.0,normalDay
2019-04-17,0.0,808.0,0.0,0,289.45,0.0,1,11.11,3.03,SPY190930P00256000,256.0,0,0.0,0.0,,0.0,normalDay
2019-04-18,0.0,819.0,0.0,0,290.02,0.0,1,11.11,2.92,SPY190930P00256000,256.0,0,0.0,0.0,,0.0,normalDay
2019-04-22,0.0,825.0,0.0,0,290.27,0.0,1,11.11,2.86,SPY190930P00256000,256.0,0,0.0,0.0,,0.0,normalDay
2019-04-23,0.0,852.0,0.0,0,292.88,0.0,1,11.11,2.59,SPY190930P00256000,256.0,0,0.0,0.0,,0.0,normalDay
2019-04-24,0.0,840.0,0.0,0,292.23,0.0,1,11.11,2.71,SPY190930P00256000,256.0,0,0.0,0.0,,0.0,normalDay
2019-04-25,0.0,834.0,0.0,0,292.05,0.0,1,11.11,2.77,SPY190930P00256000,256.0,0,0.0,0.0,,0.0,normalDay
2019-04-26,0.0,854.0,0.0,0,293.41,0.0,1,11.11,2.57,SPY190930P00256000,256.0,0,0.0,0.0,,0.0,normalDay
2019-04-29,0.0,856.0,0.0,0,293.87,0.0,1,11.11,2.55,SPY190930P00256000,256.0,0,0.0,0.0,,0.0,normalDay
2019-04-30,0.0,861.0,0.0,0,294.02,0.0,1,11.11,2.5,SPY190930P00256000,256.0,0,0.0,0.0,,0.0,normalDay
2019-05-01,0.0,822.0,0.0,0,291.81,0.0,1,11.11,2.89,SPY190930P00256000,256.0,0,0.0,0.0,,0.0,normalDay
2019-05-02,0.0,819.0,0.0,0,291.18,0.0,1,11.11,2.92,SPY190930P00256000,256.0,0,0.0,0.0,,0.0,normalDay
2019-05-03,0.0,867.0,0.0,0,294.03,0.0,1,11.11,2.44,SPY190930P00256000,256.0,0,0.0,0.0,,0.0,normalDay
2019-05-06,0.0,834.0,0.0,0,292.82,0.0,1,11.11,2.77,SPY190930P00256000,256.0,0,0.0,0.0,,0.0,normalDay
2019-05-07,0.0,717.0,0.0,0,287.93,0.0,1,11.11,3.94,SPY190930P00256000,256.0,0,0.0,0.0,,0.0,normalDay
2019-05-08,0.0,727.0,0.0,0,287.53,0.0,1,11.11,3.84,SPY190930P00256000,256.0,0,0.0,0.0,,0.0,normalDay
2019-05-09,0.0,733.0,0.0,0,286.66,0.0,1,11.11,3.78,SPY190930P00256000,256.0,0,0.0,0.0,,0.0,normalDay
2019-05-10,0.0,785.0,0.0,0,288.1,0.0,1,11.11,3.26,SPY190930P00256000,256.0,0,0.0,0.0,,0.0,normalDay
2019-05-13,0.0,621.0,0.0,0,280.86,0.0,1,11.11,4.9,SPY190930P00256000,256.0,0,0.0,0.0,,0.0,normalDay
2019-05-14,0.0,706.0,0.0,0,283.4,0.0,1,11.11,4.05,SPY190930P00256000,256.0,0,0.0,0.0,,0.0,normalDay
2019-05-15,0.0,757.0,0.0,0,285.06,0.0,1,11.11,3.54,SPY190930P00256000,256.0,0,0.0,0.0,,0.0,normalDay
2019-05-16,0.0,812.0,0.0,0,287.7,0.0,1,11.11,2.99,SPY190930P00256000,256.0,0,0.0,0.0,,0.0,normalDay
2019-05-17,0.0,780.0,0.0,0,285.84,0.0,1,11.11,3.31,SPY190930P00256000,256.0,0,0.0,0.0,,0.0,normalDay
2019-05-20,0.0,762.0,0.0,0,283.95,0.0,1,11.11,3.49,SPY190930P00256000,256.0,0,0.0,0.0,,0.0,normalDay
2019-05-21,0.0,818.0,0.0,0,286.51,0.0,1,11.11,2.93,SPY190930P00256000,256.0,0,0.0,0.0,,0.0,normalDay
2019-05-22,0.0,811.0,0.0,0,285.63,0.0,1,11.11,3.0,SPY190930P00256000,256.0,0,0.0,0.0,,0.0,normalDay
2019-05-23,0.0,730.0,0.0,0,282.14,0.0,1,11.11,3.81,SPY190930P00256000,256.0,0,0.0,0.0,,0.0,normalDay
2019-05-24,0.0,757.0,0.0,0,282.78,0.0,1,11.11,3.54,SPY190930P00256000,256.0,0,0.0,0.0,,0.0,normalDay
2019-05-28,0.0,714.0,0.0,0,280.15,0.0,1,11.11,3.97,SPY190930P00256000,256.0,0,0.0,0.0,,0.0,normalDay
2019-05-29,0.0,675.0,0.0,0,278.27,0.0,1,11.11,4.36,SPY190930P00256000,256.0,0,0.0,0.0,,0.0,normalDay
2019-05-30,0.0,697.0,0.0,0,279.03,0.0,1,11.11,4.14,SPY190930P00256000,256.0,0,0.0,0.0,,0.0,normalDay
2019-05-31,0.0,602.0,0.0,0,275.27,0.0,1,11.11,5.09,SPY190930P00256000,256.0,0,0.0,0.0,,0.0,normalDay
2019-06-03,0.0,607.0,0.0,0,274.57,0.0,1,11.11,5.04,SPY190930P00256000,256.0,0,0.0,0.0,,0.0,normalDay
2019-06-04,0.0,746.0,0.0,0,280.53,0.0,1,11.11,3.65,SPY190930P00256000,256.0,0,0.0,0.0,,0.0,normalDay
2019-06-05,0.0,795.0,0.0,0,282.96,0.0,1,11.11,3.16,SPY190930P00256000,256.0,0,0.0,0.0,,0.0,normalDay
2019-06-06,0.0,823.0,0.0,0,284.8,0.0,1,11.11,2.88,SPY190930P00256000,256.0,0,0.0,0.0,,0.0,normalDay
2019-06-07,0.0,844.0,0.0,0,287.65,0.0,1,11.11,2.67,SPY190930P00256000,256.0,0,0.0,0.0,,0.0,normalDay
2019-06-10,0.0,871.0,0.0,0,288.97,0.0,1,11.11,2.4,SPY190930P00256000,256.0,0,0.0,0.0,,0.0,normalDay
2019-06-11,0.0,864.0,0.0,0,288.9,0.0,1,11.11,2.47,SPY190930P00256000,256.0,0,0.0,0.0,,0.0,normalDay
2019-06-12,0.0,865.0,0.0,0,288.39,0.0,1,11.11,2.46,SPY190930P00256000,256.0,0,0.0,0.0,,0.0,normalDay
2019-06-13,0.0,882.0,0.0,0,289.58,0.0,1,11.11,2.29,SPY190930P00256000,256.0,0,0.0,0.0,,0.0,normalDay
2019-06-14,0.0,891.0,0.0,0,289.26,0.0,1,11.11,2.2,SPY190930P00256000,256.0,0,0.0,0.0,,0.0,normalDay
2019-06-17,0.0,897.0,0.0,0,289.37,0.0,1,11.11,2.14,SPY190930P00256000,256.0,0,0.0,0.0,,0.0,normalDay
2019-06-18,0.0,923.0,0.0,0,292.4,0.0,1,11.11,1.88,SPY190930P00256000,256.0,0,0.0,0.0,,0.0,normalDay
2019-06-19,0.0,941.0,0.0,0,293.06,0.0,1,11.11,1.7,SPY190930P00256000,256.0,0,0.0,0.0,,0.0,normalDay
2019-06-20,0.0,958.0,0.0,0,295.86,0.0,1,11.11,1.53,SPY190930P00256000,256.0,0,0.0,0.0,,0.0,normalDay
2019-06-21,0.0,949.0,0.0,0,294.0,0.0,1,11.11,1.62,SPY190930P00256000,256.0,0,0.0,0.0,,0.0,normalDay
2019-06-24,0.0,955.0,0.0,0,293.64,0.0,1,11.11,1.56,SPY190930P00256000,256.0,0,0.0,0.0,,0.0,normalDay
2019-06-25,0.0,926.0,0.0,0,290.76,0.0,1,11.11,1.85,SPY190930P00256000,256.0,0,0.0,0.0,,0.0,normalDay
2019-06-26,0.0,925.0,0.0,0,290.47,0.0,1,11.11,1.86,SPY190930P00256000,256.0,0,0.0,0.0,,0.0,normalDay
2019-06-27,0.0,943.0,0.0,0,291.5,0.0,1,11.11,1.68,SPY190930P00256000,256.0,0,0.0,0.0,,0.0,normalDay
2019-06-28,0.0,970.0,0.0,0,293.0,0.0,1,11.11,1.41,SPY190930P00256000,256.0,0,0.0,0.0,,0.0,normalDay
2019-07-01,0.0,999.0,0.0,0,295.66,0.0,1,11.11,1.12,SPY190930P00256000,256.0,0,0.0,0.0,,0.0,normalDay
2019-07-02,0.0,1012.0,0.0,0,296.43,0.0,1,11.11,0.99,SPY190930P00256000,256.0,0,0.0,0.0,,0.0,normalDay
2019-07-03,0.0,1026.0,0.0,0,298.8,0.0,1,11.11,0.85,SPY190930P00256000,256.0,0,0.0,0.0,,0.0,normalDay
2019-07-05,0.0,1021.0,0.0,0,298.46,0.0,1,11.11,0.9,SPY190930P00256000,256.0,0,0.0,0.0,,0.0,normalDay
2019-07-08,0.0,1015.0,0.0,0,296.82,0.0,1,11.11,0.96,SPY190930P00256000,256.0,0,0.0,0.0,,0.0,normalDay
2019-07-09,0.0,1015.0,0.0,0,297.19,0.0,1,11.11,0.96,SPY190930P00256000,256.0,0,0.0,0.0,,0.0,normalDay
2019-07-10,0.0,1027.0,0.0,0,298.61,0.0,1,11.11,0.84,SPY190930P00256000,256.0,0,0.0,0.0,,0.0,normalDay
2019-07-11,0.0,1031.0,0.0,0,299.31,0.0,1,11.11,0.8,SPY190930P00256000,256.0,0,0.0,0.0,,0.0,normalDay
2019-07-12,0.0,1040.0,0.0,0,300.65,0.0,1,11.11,0.71,SPY190930P00256000,256.0,0,0.0,0.0,,0.0,normalDay
2019-07-15,0.0,1039.0,0.0,0,300.75,0.0,1,11.11,0.72,SPY190930P00256000,256.0,0,0.0,0.0,,0.0,normalDay
2019-07-16,0.0,1036.0,0.0,0,299.78,0.0,1,11.11,0.75,SPY190930P00256000,256.0,0,0.0,0.0,,0.0,normalDay
2019-07-17,0.0,1024.0,0.0,0,297.74,0.0,1,11.11,0.87,SPY190930P00256000,256.0,0,0.0,0.0,,0.0,normalDay
2019-07-18,0.0,1035.0,0.0,0,298.83,0.0,1,11.11,0.76,SPY190930P00256000,256.0,0,0.0,0.0,,0.0,normalDay
2019-07-19,0.0,1028.0,0.0,0,297.17,0.0,1,11.11,0.83,SPY190930P00256000,256.0,0,0.0,0.0,,0.0,normalDay
2019-07-22,0.0,1042.0,0.0,0,297.9,0.0,1,11.11,0.69,SPY190930P00256000,256.0,0,0.0,0.0,,0.0,normalDay
2019-07-23,0.0,1055.0,0.0,0,300.03,0.0,1,11.11,0.56,SPY190930P00256000,256.0,0,0.0,0.0,,0.0,normalDay
2019-07-24,0.0,1064.0,0.0,0,301.44,0.0,1,11.11,0.47,SPY190930P00256000,256.0,0,0.0,0.0,,0.0,normalDay
2019-07-25,0.0,1057.0,0.0,0,300.0,0.0,1,11.11,0.54,SPY190930P00256000,256.0,0,0.0,0.0,,0.0,normalDay
2019-07-26,0.0,1065.0,0.0,0,302.01,0.0,1,11.11,0.46,SPY190930P00256000,256.0,0,0.0,0.0,,0.0,normalDay
2019-07-29,0.0,1064.0,0.0,0,301.46,0.0,1,11.11,0.47,SPY190930P00256000,256.0,0,0.0,0.0,,0.0,normalDay
2019-07-30,0.0,1056.0,0.0,0,300.72,0.0,1,11.11,0.55,SPY190930P00256000,256.0,0,0.0,0.0,,0.0,normalDay
2019-07-31,0.0,1036.0,0.0,0,297.43,0.0,1,11.11,0.75,SPY190930P00256000,256.0,0,0.0,0.0,,0.0,normalDay
2019-08-01,0.0,1011.0,0.0,0,294.84,0.0,1,11.11,1.0,SPY190930P00256000,256.0,0,0.0,0.0,,0.0,normalDay
2019-08-02,0.0,1001.0,0.0,0,292.62,0.0,1,11.11,1.1,SPY190930P00256000,256.0,0,0.0,0.0,,0.0,normalDay
2019-08-05,0.0,848.0,0.0,0,283.82,0.0,1,11.11,2.63,SPY190930P00256000,256.0,0,0.0,0.0,,0.0,normalDay
2019-08-06,0.0,952.0,0.0,0,287.8,0.0,1,11.11,1.59,SPY190930P00256000,256.0,0,0.0,0.0,,0.0,normalDay
2019-08-07,0.0,961.0,0.0,0,287.97,0.0,1,11.11,1.5,SPY190930P00256000,256.0,0,0.0,0.0,,0.0,normalDay
2019-08-08,0.0,1021.0,0.0,0,293.62,0.0,1,11.11,0.9,SPY190930P00256000,256.0,0,0.0,0.0,,0.0,normalDay
2019-08-09,0.0,1006.0,0.0,0,291.62,0.0,1,11.11,1.05,SPY190930P00256000,256.0,0,0.0,0.0,,0.0,normalDay
2019-08-12,0.0,956.0,0.0,0,288.07,0.0,1,11.11,1.55,SPY190930P00256000,256.0,0,0.0,0.0,,0.0,normalDay
2019-08-13,0.0,1022.0,0.0,0,292.55,0.0,1,11.11,0.89,SPY190930P00256000,256.0,0,0.0,0.0,,0.0,normalDay
2019-08-14,0.0,923.0,0.0,0,283.9,0.0,1,11.11,1.88,SPY190930P00256000,256.0,0,0.0,0.0,,0.0,normalDay
2019-08-15,0.0,949.0,0.0,0,284.65,0.0,1,11.11,1.62,SPY190930P00256000,256.0,0,0.0,0.0,,0.0,normalDay
2019-08-16,0.0,1013.0,0.0,0,288.85,0.0,1,11.11,0.98,SPY190930P00256000,256.0,0,0.0,0.0,,0.0,normalDay
2019-08-19,0.0,1055.0,0.0,0,292.33,0.0,1,11.11,0.56,SPY190930P00256000,256.0,0,0.0,0.0,,0.0,normalDay
2019-08-20,0.0,1043.0,0.0,0,290.09,0.0,1,11.11,0.68,SPY190930P00256000,256.0,0,0.0,0.0,,0.0,normalDay
2019-08-21,0.0,1070.0,0.0,0,292.45,0.0,1,11.11,0.41,SPY190930P00256000,256.0,0,0.0,0.0,,0.0,normalDay
2019-08-22,0.0,1064.0,0.0,0,292.36,0.0,1,11.11,0.47,SPY190930P00256000,256.0,0,0.0,0.0,,0.0,normalDay
2019-08-23,0.0,1014.0,0.0,0,284.85,0.0,1,11.11,0.97,SPY190930P00256000,256.0,0,0.0,0.0,,0.0,normalDay
2019-08-26,0.0,1042.0,0.0,0,288.0,0.0,1,11.11,0.69,SPY190930P00256000,256.0,0,0.0,0.0,,0.0,normalDay
2019-08-27,0.0,1030.0,0.0,0,286.87,0.0,1,11.11,0.81,SPY190930P00256000,256.0,0,0.0,0.0,,0.0,normalDay
2019-08-28,0.0,1050.0,0.0,0,288.89,0.0,1,11.11,0.61,SPY190930P00256000,256.0,0,0.0,0.0,,0.0,normalDay
2019-08-29,0.0,1067.0,0.0,0,292.58,0.0,1,11.11,0.44,SPY190930P00256000,256.0,0,0.0,0.0,,0.0,normalDay
2019-08-30,0.0,1060.0,0.0,0,292.45,0.0,1,11.11,0.51,SPY190930P00256000,256.0,0,0.0,0.0,,0.0,normalDay
2019-09-03,0.0,1064.0,0.0,0,290.74,0.0,1,11.11,0.47,SPY190930P00256000,256.0,0,0.0,0.0,,0.0,normalDay
2019-09-04,0.0,1087.0,0.0,0,294.04,0.0,1,11.11,0.24,SPY190930P00256000,256.0,0,0.0,0.0,,0.0,normalDay
2019-09-05,0.0,1093.0,0.0,0,297.82,0.0,1,11.11,0.18,SPY190930P00256000,256.0,0,0.0,0.0,,0.0,normalDay
2019-09-06,0.0,1099.0,0.0,0,298.05,0.0,1,11.11,0.12,SPY190930P00256000,256.0,0,0.0,0.0,,0.0,normalDay
2019-09-09,0.0,1100.0,0.0,0,298.2,0.0,1,11.11,0.11,SPY190930P00256000,256.0,0,0.0,0.0,,0.0,normalDay
2019-09-10,0.0,1101.0,0.0,0,298.13,0.0,1,11.11,0.1,SPY190930P00256000,256.0,0,0.0,0.0,,0.0,normalDay
2019-09-11,0.0,1103.0,0.0,0,300.25,0.0,1,11.11,0.08,SPY190930P00256000,256.0,0,0.0,0.0,,0.0,normalDay
2019-09-12,0.0,1105.0,0.0,0,301.29,0.0,1,11.11,0.06,SPY190930P00256000,256.0,0,0.0,0.0,,0.0,normalDay
2019-09-13,0.0,1106.0,0.0,0,301.09,0.0,1,11.11,0.05,SPY190930P00256000,256.0,0,0.0,0.0,,0.0,normalDay
2019-09-16,0.0,1106.0,0.0,0,300.16,0.0,1,11.11,0.05,SPY190930P00256000,256.0,0,0.0,0.0,,0.0,normalDay
2019-09-17,0.0,1106.0,0.0,0,300.92,0.0,1,11.11,0.05,SPY190930P00256000,256.0,0,0.0,0.0,,0.0,normalDay
2019-09-18,0.0,1107.0,0.0,0,301.1,0.0,1,11.11,0.04,SPY190930P00256000,256.0,0,0.0,0.0,,0.0,normalDay
2019-09-19,0.0,1107.0,0.0,0,301.08,0.0,1,11.11,0.04,SPY190930P00256000,256.0,0,0.0,0.0,,0.0,normalDay
2019-09-20,0.0,1108.0,0.0,0,298.28,0.0,1,11.11,0.03,SPY190930P00256000,256.0,0,0.0,0.0,,0.0,normalDay
2019-09-23,0.0,1109.0,0.0,0,298.21,0.0,1,11.11,0.02,SPY190930P00256000,256.0,0,0.0,0.0,,0.0,normalDay
2019-09-24,0.0,1108.0,0.0,0,295.87,0.0,1,11.11,0.03,SPY190930P00256000,256.0,0,0.0,0.0,,0.0,normalDay
2019-09-25,0.0,1109.0,0.0,0,297.62,0.0,1,11.11,0.02,SPY190930P00256000,256.0,0,0.0,0.0,,0.0,normalDay
2019-09-26,0.0,1110.0,0.0,0,297.0,0.0,1,11.11,0.01,SPY190930P00256000,256.0,0,0.0,0.0,,0.0,normalDay
2019-09-27,0.0,1110.0,0.0,0,295.4,0.0,1,11.11,0.01,SPY190930P00256000,256.0,0,0.0,0.0,,0.0,normalDay
2019-09-30,1111.0,0.0,1111.0,0,296.77,0.0,1,11.11,0.0,SPY190930P00256000,256.0,0,0.0,0.0,,0.0,expirationDay
2019-10-01,1111.0,-22.0,0.0,0,293.24,0.0,1,19.67,19.89,SPY200930P00292000,292.0,0,0.0,0.0,,0.0,normalDay
2019-10-02,1111.0,-324.0,0.0,0,288.06,0.0,1,19.67,22.91,SPY200930P00292000,292.0,0,0.0,0.0,,0.0,normalDay
2019-10-03,1111.0,-191.0,0.0,0,290.42,0.0,1,19.67,21.58,SPY200930P00292000,292.0,0,0.0,0.0,,0.0,normalDay
2019-10-04,1111.0,31.0,0.0,0,294.35,0.0,1,19.67,19.36,SPY200930P00292000,292.0,0,0.0,0.0,,0.0,normalDay
2019-10-07,1111.0,-19.0,0.0,0,293.08,0.0,1,19.67,19.86,SPY200930P00292000,292.0,0,0.0,0.0,,0.0,normalDay
2019-10-08,1111.0,-265.0,0.0,0,288.53,0.0,1,19.67,22.32,SPY200930P00292000,292.0,0,0.0,0.0,,0.0,normalDay
2019-10-09,1111.0,-119.0,0.0,0,291.27,0.0,1,19.67,20.86,SPY200930P00292000,292.0,0,0.0,0.0,,0.0,normalDay
2019-10-10,1111.0,10.0,0.0,0,293.24,0.0,1,19.67,19.57,SPY200930P00292000,292.0,0,0.0,0.0,,0.0,normalDay
2019-10-11,1111.0,174.0,0.0,0,296.28,0.0,1,19.67,17.93,SPY200930P00292000,292.0,0,0.0,0.0,,0.0,normalDay
2019-10-14,1111.0,191.0,0.0,0,295.95,0.0,1,19.67,17.76,SPY200930P00292000,292.0,0,0.0,0.0,,0.0,normalDay
2019-10-15,1111.0,332.0,0.0,0,298.88,0.0,1,19.67,16.35,SPY200930P00292000,292.0,0,0.0,0.0,,0.0,normalDay
2019-10-16,1111.0,314.0,0.0,0,298.4,0.0,1,19.67,16.53,SPY200930P00292000,292.0,0,0.0,0.0,,0.0,normalDay
2019-10-17,1111.0,341.0,0.0,0,299.28,0.0,1,19.67,16.26,SPY200930P00292000,292.0,0,0.0,0.0,,0.0,normalDay
2019-10-18,1111.0,281.0,0.0,0,297.97,0.0,1,19.67,16.86,SPY200930P00292000,292.0,0,0.0,0.0,,0.0,normalDay
2019-10-21,1111.0,378.0,0.0,0,299.99,0.0,1,19.67,15.89,SPY200930P00292000,292.0,0,0.0,0.0,,0.0,normalDay
2019-10-22,1111.0,331.0,0.0,0,299.01,0.0,1,19.67,16.36,SPY200930P00292000,292.0,0,0.0,0.0,,0.0,normalDay
2019-10-23,1111.0,370.0,0.0,0,299.88,0.0,1,19.67,15.97,SPY200930P00292000,292.0,0,0.0,0.0,,0.0,normalDay
2019-10-24,1111.0,387.0,0.0,0,300.37,0.0,1,19.67,15.8,SPY200930P00292000,292.0,0,0.0,0.0,,0.0,normalDay
2019-10-25,1111.0,453.0,0.0,0,301.6,0.0,1,19.67,15.14,SPY200930P00292000,292.0,0,0.0,0.0,,0.0,normalDay
2019-10-28,1111.0,509.0,0.0,0,303.3,0.0,1,19.67,14.58,SPY200930P00292000,292.0,0,0.0,0.0,,0.0,normalDay
2019-10-29,1111.0,495.0,0.0,0,303.21,0.0,1,19.67,14.72,SPY200930P00292000,292.0,0,0.0,0.0,,0.0,normalDay
2019-10-30,1111.0,547.0,0.0,0,304.14,0.0,1,19.67,14.2,SPY200930P00292000,292.0,0,0.0,0.0,,0.0,normalDay
2019-10-31,1111.0,493.0,0.0,0,303.33,0.0,1,19.67,14.74,SPY200930P00292000,292.0,0,0.0,0.0,,0.0,normalDay
2019-11-01,1111.0,592.0,0.0,0,306.14,0.0,1,19.67,13.75,SPY200930P00292000,292.0,0,0.0,0.0,,0.0,normalDay
2019-11-04,1111.0,633.0,0.0,0,307.37,0.0,1,19.67,13.34,SPY200930P00292000,292.0,0,0.0,0.0,,0.0,normalDay
2019-11-05,1111.0,608.0,0.0,0,307.03,0.0,1,19.67,13.59,SPY200930P00292000,292.0,0,0.0,0.0,,0.0,normalDay
2019-11-06,1111.0,607.0,0.0,0,307.1,0.0,1,19.67,13.6,SPY200930P00292000,292.0,0,0.0,0.0,,0.0,normalDay
2019-11-07,1111.0,635.0,0.0,0,308.18,0.0,1,19.67,13.32,SPY200930P00292000,292.0,0,0.0,0.0,,0.0,normalDay
2019-11-08,1111.0,664.0,0.0,0,308.94,0.0,1,19.67,13.03,SPY200930P00292000,292.0,0,0.0,0.0,,0.0,normalDay
2019-11-11,1111.0,653.0,0.0,0,308.35,0.0,1,19.67,13.14,SPY200930P00292000,292.0,0,0.0,0.0,,0.0,normalDay
2019-11-12,1111.0,664.0,0.0,0,309.0,0.0,1,19.67,13.03,SPY200930P00292000,292.0,0,0.0,0.0,,0.0,normalDay
2019-11-13,1111.0,672.0,0.0,0,309.1,0.0,1,19.67,12.95,SPY200930P00292000,292.0,0,0.0,0.0,,0.0,normalDay
2019-11-14,1111.0,684.0,0.0,0,309.55,0.0,1,19.67,12.83,SPY200930P00292000,292.0,0,0.0,0.0,,0.0,normalDay
2019-11-15,1111.0,763.0,0.0,0,311.79,0.0,1,19.67,12.04,SPY200930P00292000,292.0,0,0.0,0.0,,0.0,normalDay
2019-11-18,1111.0,773.0,0.0,0,312.02,0.0,1,19.67,11.94,SPY200930P00292000,292.0,0,0.0,0.0,,0.0,normalDay
2019-11-19,1111.0,757.0,0.0,0,311.93,0.0,1,19.67,12.1,SPY200930P00292000,292.0,0,0.0,0.0,,0.0,normalDay
2019-11-20,1111.0,710.0,0.0,0,310.77,0.0,1,19.67,12.57,SPY200930P00292000,292.0,0,0.0,0.0,,0.0,normalDay
2019-11-21,1111.0,682.0,0.0,0,310.27,0.0,1,19.67,12.85,SPY200930P00292000,292.0,0,0.0,0.0,,0.0,normalDay
2019-11-22,1111.0,718.0,0.0,0,310.96,0.0,1,19.67,12.49,SPY200930P00292000,292.0,0,0.0,0.0,,0.0,normalDay
2019-11-25,1111.0,808.0,0.0,0,313.37,0.0,1,19.67,11.59,SPY200930P00292000,292.0,0,0.0,0.0,,0.0,normalDay
2019-11-26,1111.0,847.0,0.0,0,314.08,0.0,1,19.67,11.2,SPY200930P00292000,292.0,0,0.0,0.0,,0.0,normalDay
2019-11-27,1111.0,874.0,0.0,0,315.48,0.0,1,19.67,10.93,SPY200930P00292000,292.0,0,0.0,0.0,,0.0,normalDay
2019-11-29,1111.0,832.0,0.0,0,314.31,0.0,1,19.67,11.35,SPY200930P00292000,292.0,0,0.0,0.0,,0.0,normalDay
2019-12-02,1111.0,722.0,0.0,0,311.64,0.0,1,19.67,12.45,SPY200930P00292000,292.0,0,0.0,0.0,,0.0,normalDay
2019-12-03,1111.0,633.0,0.0,0,309.55,0.0,1,19.67,13.34,SPY200930P00292000,292.0,0,0.0,0.0,,0.0,normalDay
2019-12-04,1111.0,707.0,0.0,0,311.46,0.0,1,19.67,12.6,SPY200930P00292000,292.0,0,0.0,0.0,,0.0,normalDay
2019-12-05,1111.0,746.0,0.0,0,312.02,0.0,1,19.67,12.21,SPY200930P00292000,292.0,0,0.0,0.0,,0.0,normalDay
2019-12-06,1111.0,836.0,0.0,0,314.87,0.0,1,19.67,11.31,SPY200930P00292000,292.0,0,0.0,0.0,,0.0,normalDay
2019-12-09,1111.0,783.0,0.0,0,313.88,0.0,1,19.67,11.84,SPY200930P00292000,292.0,0,0.0,0.0,,0.0,normalDay
2019-12-10,1111.0,794.0,0.0,0,313.53,0.0,1,19.67,11.73,SPY200930P00292000,292.0,0,0.0,0.0,,0.0,normalDay
2019-12-11,1111.0,833.0,0.0,0,314.42,0.0,1,19.67,11.34,SPY200930P00292000,292.0,0,0.0,0.0,,0.0,normalDay
2019-12-12,1111.0,923.0,0.0,0,317.13,0.0,1,19.67,10.44,SPY200930P00292000,292.0,0,0.0,0.0,,0.0,normalDay
2019-12-13,1111.0,969.0,0.0,0,317.32,0.0,1,19.67,9.98,SPY200930P00292000,292.0,0,0.0,0.0,,0.0,normalDay
2019-12-16,1111.0,1051.0,0.0,0,319.5,0.0,1,19.67,9.16,SPY200930P00292000,292.0,0,0.0,0.0,,0.0,normalDay
2019-12-17,1111.0,1036.0,0.0,0,319.57,0.0,1,19.67,9.31,SPY200930P00292000,292.0,0,0.0,0.0,,0.0,normalDay
2019-12-18,1111.0,1039.0,0.0,0,319.59,0.0,1,19.67,9.28,SPY200930P00292000,292.0,0,0.0,0.0,,0.0,normalDay
2019-12-19,1111.0,1068.0,0.0,0,320.9,0.0,1,19.67,8.99,SPY200930P00292000,292.0,0,0.0,0.0,,0.0,normalDay
2019-12-20,1111.0,1102.0,0.0,0,320.73,0.0,1,19.67,8.65,SPY200930P00292000,292.0,0,0.0,0.0,,0.0,normalDay
2019-12-23,1111.0,1104.0,0.0,0,321.22,0.0,1,19.67,8.63,SPY200930P00292000,292.0,0,0.0,0.0,,0.0,normalDay
2019-12-24,1111.0,1110.0,0.0,0,321.23,0.0,1,19.67,8.57,SPY200930P00292000,292.0,0,0.0,0.0,,0.0,normalDay
2019-12-26,1111.0,1148.0,0.0,0,322.94,0.0,1,19.67,8.19,SPY200930P00292000,292.0,0,0.0,0.0,,0.0,normalDay
2019-12-27,1111.0,1127.0,0.0,0,322.86,0.0,1,19.67,8.4,SPY200930P00292000,292.0,0,0.0,0.0,,0.0,normalDay
2019-12-30,1111.0,1080.0,0.0,0,321.08,0.0,1,19.67,8.87,SPY200930P00292000,292.0,0,0.0,0.0,,0.0,normalDay
2019-12-31,1111.0,1121.0,0.0,0,321.86,0.0,1,19.67,8.46,SPY200930P00292000,292.0,0,0.0,0.0,,0.0,normalDay
2020-01-02,1111.0,1202.0,0.0,0,324.87,0.0,1,19.67,7.65,SPY200930P00292000,292.0,0,0.0,0.0,,0.0,normalDay
2020-01-03,1111.0,1123.0,0.0,0,322.41,0.0,1,19.67,8.44,SPY200930P00292000,292.0,0,0.0,0.0,,0.0,normalDay
2020-01-06,1111.0,1165.0,0.0,0,323.64,0.0,1,19.67,8.02,SPY200930P00292000,292.0,0,0.0,0.0,,0.0,normalDay
2020-01-07,1111.0,1152.0,0.0,0,322.73,0.0,1,19.67,8.15,SPY200930P00292000,292.0,0,0.0,0.0,,0.0,normalDay
2020-01-08,1111.0,1211.0,0.0,0,324.45,0.0,1,19.67,7.56,SPY200930P00292000,292.0,0,0.0,0.0,,0.0,normalDay
2020-01-09,1111.0,1266.0,0.0,0,326.65,0.0,1,19.67,7.01,SPY200930P00292000,292.0,0,0.0,0.0,,0.0,normalDay
2020-01-10,1111.0,1244.0,0.0,0,325.71,0.0,1,19.67,7.23,SPY200930P00292000,292.0,0,0.0,0.0,,0.0,normalDay
2020-01-13,1111.0,1305.0,0.0,0,327.95,0.0,1,19.67,6.62,SPY200930P00292000,292.0,0,0.0,0.0,,0.0,normalDay
2020-01-14,1111.0,1312.0,0.0,0,327.45,0.0,1,19.67,6.55,SPY200930P00292000,292.0,0,0.0,0.0,,0.0,normalDay
2020-01-15,1111.0,1324.0,0.0,0,328.19,0.0,1,19.67,6.43,SPY200930P00292000,292.0,0,0.0,0.0,,0.0,normalDay
2020-01-16,1111.0,1372.0,0.0,0,330.92,0.0,1,19.67,5.95,SPY200930P00292000,292.0,0,0.0,0.0,,0.0,normalDay
2020-01-17,1111.0,1393.0,0.0,0,331.95,0.0,1,19.67,5.74,SPY200930P00292000,292.0,0,0.0,0.0,,0.0,normalDay
2020-01-21,1111.0,1379.0,0.0,0,331.3,0.0,1,19.67,5.88,SPY200930P00292000,292.0,0,0.0,0.0,,0.0,normalDay
2020-01-22,1111.0,1372.0,0.0,0,331.34,0.0,1,19.67,5.95,SPY200930P00292000,292.0,0,0.0,0.0,,0.0,normalDay
2020-01-23,1111.0,1382.0,0.0,0,331.72,0.0,1,19.67,5.85,SPY200930P00292000,292.0,0,0.0,0.0,,0.0,normalDay
2020-01-24,1111.0,1309.0,0.0,0,328.77,0.0,1,19.67,6.58,SPY200930P00292000,292.0,0,0.0,0.0,,0.0,normalDay
2020-01-27,1111.0,1151.0,0.0,0,323.5,0.0,1,19.67,8.16,SPY200930P00292000,292.0,0,0.0,0.0,,0.0,normalDay
2020-01-28,1111.0,1260.0,0.0,0,326.89,0.0,1,19.67,7.07,SPY200930P00292000,292.0,0,0.0,0.0,,0.0,normalDay
2020-01-29,1111.0,1259.0,0.0,0,326.62,0.0,1,19.67,7.08,SPY200930P00292000,292.0,0,0.0,0.0,,0.0,normalDay
2020-01-30,1111.0,1304.0,0.0,0,327.68,0.0,1,19.67,6.63,SPY200930P00292000,292.0,0,0.0,0.0,,0.0,normalDay
2020-01-31,1111.0,1134.0,0.0,0,321.73,0.0,1,19.67,8.33,SPY200930P00292000,292.0,0,0.0,0.0,,0.0,normalDay
2020-02-03,1111.0,1196.0,0.0,0,324.12,0.0,1,19.67,7.71,SPY200930P00292000,292.0,0,0.0,0.0,,0.0,normalDay
2020-02-04,1111.0,1339.0,0.0,0,329.06,0.0,1,19.67,6.28,SPY200930P00292000,292.0,0,0.0,0.0,,0.0,normalDay
2020-02-05,1111.0,1413.0,0.0,0,332.86,0.0,1,19.67,5.54,SPY200930P00292000,292.0,0,0.0,0.0,,0.0,normalDay
2020-02-06,1111.0,1425.0,0.0,0,333.98,0.0,1,19.67,5.42,SPY200930P00292000,292.0,0,0.0,0.0,,0.0,normalDay
2020-02-07,1111.0,1385.0,0.0,0,332.2,0.0,1,19.67,5.82,SPY200930P00292000,292.0,0,0.0,0.0,,0.0,normalDay
2020-02-10,1111.0,1438.0,0.0,0,334.68,0.0,1,19.67,5.29,SPY200930P00292000,292.0,0,0.0,0.0,,0.0,normalDay
2020-02-11,1111.0,1442.0,0.0,0,335.26,0.0,1,19.67,5.25,SPY200930P00292000,292.0,0,0.0,0.0,,0.0,normalDay
2020-02-12,1111.0,1483.0,0.0,0,337.42,0.0,1,19.67,4.84,SPY200930P00292000,292.0,0,0.0,0.0,,0.0,normalDay
2020-02-13,1111.0,1474.0,0.0,0,337.06,0.0,1,19.67,4.93,SPY200930P00292000,292.0,0,0.0,0.0,,0.0,normalDay
2020-02-14,1111.0,1484.0,0.0,0,337.6,0.0,1,19.67,4.83,SPY200930P00292000,292.0,0,0.0,0.0,,0.0,normalDay
2020-02-18,1111.0,1462.0,0.0,0,336.73,0.0,1,19.67,5.05,SPY200930P00292000,292.0,0,0.0,0.0,,0.0,normalDay
2020-02-19,1111.0,1487.0,0.0,0,338.34,0.0,1,19.67,4.8,SPY200930P00292000,292.0,0,0.0,0.0,,0.0,normalDay
2020-02-20,1111.0,1452.0,0.0,0,336.95,0.0,1,19.67,5.15,SPY200930P00292000,292.0,0,0.0,0.0,,0.0,normalDay
2020-02-21,1111.0,1369.0,0.0,0,333.48,0.0,1,19.67,5.98,SPY200930P00292000,292.0,0,0.0,0.0,,0.0,normalDay
2020-02-24,1111.0,1053.0,0.0,0,322.42,0.0,1,19.67,9.14,SPY200930P00292000,292.0,0,0.0,0.0,,0.0,normalDay
2020-02-25,1111.0,781.0,0.0,0,312.65,0.0,1,19.67,11.86,SPY200930P00292000,292.0,0,0.0,0.0,,0.0,normalDay
2020-02-26,1111.0,749.0,0.0,0,311.5,0.0,1,19.67,12.18,SPY200930P00292000,292.0,0,0.0,0.0,,0.0,normalDay
2020-02-27,1111.0,-75.0,0.0,0,297.51,0.0,1,19.67,20.42,SPY200930P00292000,292.0,0,0.0,0.0,,0.0,normalDay
2020-02-28,1111.0,-108.0,0.0,0,296.26,0.0,1,19.67,20.75,SPY200930P00292000,292.0,0,0.0,0.0,,0.0,normalDay
2020-03-02,1111.0,524.0,0.0,0,309.09,0.0,1,19.67,14.43,SPY200930P00292000,292.0,0,0.0,0.0,,0.0,normalDay
2020-03-03,1111.0,158.0,0.0,0,300.24,0.0,1,19.67,18.09,SPY200930P00292000,292.0,0,0.0,0.0,,0.0,normalDay
2020-03-04,1111.0,530.0,0.0,0,312.86,0.0,1,19.67,14.37,SPY200930P00292000,292.0,0,0.0,0.0,,0.0,normalDay
2020-03-05,1111.0,-40.0,0.0,0,302.46,0.0,1,19.67,20.07,SPY200930P00292000,292.0,0,0.0,0.0,,0.0,normalDay
2020-03-06,1111.0,-490.0,0.0,0,297.46,0.0,1,19.67,24.57,SPY200930P00292000,292.0,0,0.0,0.0,,0.0,normalDay
2020-03-09,1111.0,-1790.0,0.0,0,274.23,0.0,1,19.67,37.57,SPY200930P00292000,292.0,0,0.0,0.0,,0.0,normalDay
2020-03-10,1111.0,-930.0,0.0,0,288.42,0.0,1,19.67,28.97,SPY200930P00292000,292.0,0,0.0,0.0,,0.0,normalDay
2020-03-11,1111.0,-1833.0,0.0,0,274.36,0.0,1,19.67,38.0,SPY200930P00292000,292.0,0,0.0,0.0,,0.0,normalDay
2020-03-12,1111.0,-3854.0,0.0,0,248.11,0.0,1,19.67,58.21,SPY200930P00292000,292.0,0,0.0,0.0,,0.0,normalDay
2020-03-13,1111.0,-2063.0,0.0,0,269.32,0.0,1,19.67,40.3,SPY200930P00292000,292.0,0,0.0,0.0,,0.0,normalDay
2020-03-16,1111.0,-4345.0,0.0,0,239.85,0.0,1,19.67,63.12,SPY200930P00292000,292.0,0,0.0,0.0,,0.0,normalDay
2020-03-17,1111.0,-3649.0,0.0,0,252.8,0.0,1,19.67,56.16,SPY200930P00292000,292.0,0,0.0,0.0,,0.0,normalDay
2020-03-18,1111.0,-4532.0,0.0,0,240.0,0.0,1,19.67,64.99,SPY200930P00292000,292.0,0,0.0,0.0,,0.0,normalDay
2020-03-19,1111.0,-4244.0,0.0,0,240.51,0.0,1,19.67,62.11,SPY200930P00292000,292.0,0,0.0,0.0,,0.0,normalDay
2020-03-20,1111.0,-4890.0,0.0,0,228.8,0.0,1,19.67,68.57,SPY200930P00292000,292.0,0,0.0,0.0,,0.0,normalDay
2020-03-23,1111.0,-5537.0,0.0,0,222.95,0.0,1,19.67,75.04,SPY200930P00292000,292.0,0,0.0,0.0,,0.0,normalDay
2020-03-24,1111.0,-3615.0,0.0,0,243.15,0.0,1,19.67,55.82,SPY200930P00292000,292.0,0,0.0,0.0,,0.0,normalDay
2020-03-25,1111.0,-3397.0,0.0,0,246.79,0.0,1,19.67,53.64,SPY200930P00292000,292.0,0,0.0,0.0,,0.0,normalDay
2020-03-26,1111.0,-2393.0,0.0,0,261.2,0.0,1,19.67,43.6,SPY200930P00292000,292.0,0,0.0,0.0,,0.0,normalDay
2020-03-27,1111.0,-2899.0,0.0,0,253.42,0.0,1,19.67,48.66,SPY200930P00292000,292.0,0,0.0,0.0,,0.0,normalDay
2020-03-30,1111.0,-2335.0,0.0,0,261.65,0.0,1,19.67,43.02,SPY200930P00292000,292.0,0,0.0,0.0,,0.0,normalDay
2020-03-31,1111.0,-2512.0,0.0,0,257.75,0.0,1,19.67,44.79,SPY200930P00292000,292.0,0,0.0,0.0,,0.0,normalDay
2020-04-01,1111.0,-3398.0,0.0,0,246.15,0.0,1,19.67,53.65,SPY200930P00292000,292.0,0,0.0,0.0,,0.0,normalDay
2020-04-02,1111.0,-2853.0,0.0,0,251.83,0.0,1,19.67,48.2,SPY200930P00292000,292.0,0,0.0,0.0,,0.0,normalDay
2020-04-03,1111.0,-3099.0,0.0,0,248.19,0.0,1,19.67,50.66,SPY200930P00292000,292.0,0,0.0,0.0,,0.0,normalDay
2020-04-06,1111.0,-1881.0,0.0,0,264.86,0.0,1,19.67,38.48,SPY200930P00292000,292.0,0,0.0,0.0,,0.0,normalDay
2020-04-07,1111.0,-1991.0,0.0,0,265.13,0.0,1,19.67,39.58,SPY200930P00292000,292.0,0,0.0,0.0,,0.0,normalDay
2020-04-08,1111.0,-1413.0,0.0,0,274.03,0.0,1,19.67,33.8,SPY200930P00292000,292.0,0,0.0,0.0,,0.0,normalDay
2020-04-09,1111.0,-1217.0,0.0,0,278.2,0.0,1,19.67,31.84,SPY200930P00292000,292.0,0,0.0,0.0,,0.0,normalDay
2020-04-13,1111.0,-1299.0,0.0,0,275.66,0.0,1,19.67,32.66,SPY200930P00292000,292.0,0,0.0,0.0,,0.0,normalDay
2020-04-14,1111.0,-793.0,0.0,0,283.79,0.0,1,19.67,27.6,SPY200930P00292000,292.0,0,0.0,0.0,,0.0,normalDay
2020-04-15,1111.0,-1203.0,0.0,0,277.76,0.0,1,19.67,31.7,SPY200930P00292000,292.0,0,0.0,0.0,,0.0,normalDay
2020-04-16,1111.0,-1138.0,0.0,0,279.1,0.0,1,19.67,31.05,SPY200930P00292000,292.0,0,0.0,0.0,,0.0,normalDay
2020-04-17,1111.0,-715.0,0.0,0,286.64,0.0,1,19.67,26.82,SPY200930P00292000,292.0,0,0.0,0.0,,0.0,normalDay
2020-04-20,1111.0,-1085.0,0.0,0,281.59,0.0,1,19.67,30.52,SPY200930P00292000,292.0,0,0.0,0.0,,0.0,normalDay
2020-04-21,1111.0,-1588.0,0.0,0,273.04,0.0,1,19.67,35.55,SPY200930P00292000,292.0,0,0.0,0.0,,0.0,normalDay
2020-04-22,1111.0,-1254.0,0.0,0,279.1,0.0,1,19.67,32.21,SPY200930P00292000,292.0,0,0.0,0.0,,0.0,normalDay
2020-04-23,1111.0,-1233.0,0.0,0,279.08,0.0,1,19.67,32.0,SPY200930P00292000,292.0,0,0.0,0.0,,0.0,normalDay
2020-04-24,1111.0,-905.0,0.0,0,282.97,0.0,1,19.67,28.72,SPY200930P00292000,292.0,0,0.0,0.0,,0.0,normalDay
2020-04-27,1111.0,-570.0,0.0,0,287.05,0.0,1,19.67,25.37,SPY200930P00292000,292.0,0,0.0,0.0,,0.0,normalDay
2020-04-28,1111.0,-606.0,0.0,0,285.73,0.0,1,19.67,25.73,SPY200930P00292000,292.0,0,0.0,0.0,,0.0,normalDay
2020-04-29,1111.0,-204.0,0.0,0,293.21,0.0,1,19.67,21.71,SPY200930P00292000,292.0,0,0.0,0.0,,0.0,normalDay
2020-04-30,1111.0,-433.0,0.0,0,290.48,0.0,1,19.67,24.0,SPY200930P00292000,292.0,0,0.0,0.0,,0.0,normalDay
2020-05-01,1111.0,-830.0,0.0,0,282.79,0.0,1,19.67,27.97,SPY200930P00292000,292.0,0,0.0,0.0,,0.0,normalDay
2020-05-04,1111.0,-754.0,0.0,0,283.57,0.0,1,19.67,27.21,SPY200930P00292000,292.0,0,0.0,0.0,,0.0,normalDay
2020-05-05,1111.0,-570.0,0.0,0,286.19,0.0,1,19.67,25.37,SPY200930P00292000,292.0,0,0.0,0.0,,0.0,normalDay
2020-05-06,1111.0,-668.0,0.0,0,284.25,0.0,1,19.67,26.35,SPY200930P00292000,292.0,0,0.0,0.0,,0.0,normalDay
2020-05-07,1111.0,-413.0,0.0,0,287.68,0.0,1,19.67,23.8,SPY200930P00292000,292.0,0,0.0,0.0,,0.0,normalDay
2020-05-08,1111.0,-83.0,0.0,0,292.44,0.0,1,19.67,20.5,SPY200930P00292000,292.0,0,0.0,0.0,,0.0,normalDay
2020-05-11,1111.0,-58.0,0.0,0,292.5,0.0,1,19.67,20.25,SPY200930P00292000,292.0,0,0.0,0.0,,0.0,normalDay
2020-05-12,1111.0,-411.0,0.0,0,286.67,0.0,1,19.67,23.78,SPY200930P00292000,292.0,0,0.0,0.0,,0.0,normalDay
2020-05-13,1111.0,-661.0,0.0,0,281.6,0.0,1,19.67,26.28,SPY200930P00292000,292.0,0,0.0,0.0,,0.0,normalDay
2020-05-14,1111.0,-439.0,0.0,0,284.97,0.0,1,19.67,24.06,SPY200930P00292000,292.0,0,0.0,0.0,,0.0,normalDay
2020-05-15,1111.0,-387.0,0.0,0,286.28,0.0,1,19.67,23.54,SPY200930P00292000,292.0,0,0.0,0.0,,0.0,normalDay
2020-05-18,1111.0,117.0,0.0,0,295.0,0.0,1,19.67,18.5,SPY200930P00292000,292.0,0,0.0,0.0,,0.0,normalDay
2020-05-19,1111.0,-17.0,0.0,0,291.97,0.0,1,19.67,19.84,SPY200930P00292000,292.0,0,0.0,0.0,,0.0,normalDay
2020-05-20,1111.0,259.0,0.0,0,296.93,0.0,1,19.67,17.08,SPY200930P00292000,292.0,0,0.0,0.0,,0.0,normalDay
2020-05-21,1111.0,114.0,0.0,0,294.88,0.0,1,19.67,18.53,SPY200930P00292000,292.0,0,0.0,0.0,,0.0,normalDay
2020-05-22,1111.0,159.0,0.0,0,295.44,0.0,1,19.67,18.08,SPY200930P00292000,292.0,0,0.0,0.0,,0.0,normalDay
2020-05-26,1111.0,356.0,0.0,0,299.08,0.0,1,19.67,16.11,SPY200930P00292000,292.0,0,0.0,0.0,,0.0,normalDay
2020-05-27,1111.0,538.0,0.0,0,303.53,0.0,1,19.67,14.29,SPY200930P00292000,292.0,0,0.0,0.0,,0.0,normalDay
2020-05-28,1111.0,518.0,0.0,0,302.97,0.0,1,19.67,14.49,SPY200930P00292000,292.0,0,0.0,0.0,,0.0,normalDay
2020-05-29,1111.0,585.0,0.0,0,304.32,0.0,1,19.67,13.82,SPY200930P00292000,292.0,0,0.0,0.0,,0.0,normalDay
2020-06-01,1111.0,581.0,0.0,0,305.55,0.0,1,19.67,13.86,SPY200930P00292000,292.0,0,0.0,0.0,,0.0,normalDay
2020-06-02,1111.0,695.0,0.0,0,308.08,0.0,1,19.67,12.72,SPY200930P00292000,292.0,0,0.0,0.0,,0.0,normalDay
2020-06-03,1111.0,836.0,0.0,0,312.18,0.0,1,19.67,11.31,SPY200930P00292000,292.0,0,0.0,0.0,,0.0,normalDay
2020-06-04,1111.0,832.0,0.0,0,311.36,0.0,1,19.67,11.35,SPY200930P00292000,292.0,0,0.0,0.0,,0.0,normalDay
2020-06-05,1111.0,1069.0,0.0,0,319.34,0.0,1,19.67,8.98,SPY200930P00292000,292.0,0,0.0,0.0,,0.0,normalDay
2020-06-08,1111.0,1127.0,0.0,0,323.2,0.0,1,19.67,8.4,SPY200930P00292000,292.0,0,0.0,0.0,,0.0,normalDay
2020-06-09,1111.0,1031.0,0.0,0,320.79,0.0,1,19.67,9.36,SPY200930P00292000,292.0,0,0.0,0.0,,0.0,normalDay
2020-06-10,1111.0,962.0,0.0,0,319.0,0.0,1,19.67,10.05,SPY200930P00292000,292.0,0,0.0,0.0,,0.0,normalDay
2020-06-11,1111.0,52.0,0.0,0,300.61,0.0,1,19.67,19.15,SPY200930P00292000,292.0,0,0.0,0.0,,0.0,normalDay
2020-06-12,1111.0,279.0,0.0,0,304.21,0.0,1,19.67,16.88,SPY200930P00292000,292.0,0,0.0,0.0,,0.0,normalDay
2020-06-15,1111.0,474.0,0.0,0,307.05,0.0,1,19.67,14.93,SPY200930P00292000,292.0,0,0.0,0.0,,0.0,normalDay
2020-06-16,1111.0,664.0,0.0,0,312.96,0.0,1,19.67,13.03,SPY200930P00292000,292.0,0,0.0,0.0,,0.0,normalDay
2020-06-17,1111.0,656.0,0.0,0,311.66,0.0,1,19.67,13.11,SPY200930P00292000,292.0,0,0.0,0.0,,0.0,normalDay
2020-06-18,1111.0,671.0,0.0,0,311.78,0.0,1,19.67,12.96,SPY200930P00292000,292.0,0,0.0,0.0,,0.0,normalDay
2020-06-19,1111.0,542.0,0.0,0,308.64,0.0,1,19.67,14.25,SPY200930P00292000,292.0,0,0.0,0.0,,0.0,normalDay
2020-06-22,1111.0,765.0,0.0,0,310.62,0.0,1,19.67,12.02,SPY200930P00292000,292.0,0,0.0,0.0,,0.0,normalDay
2020-06-23,1111.0,812.0,0.0,0,312.05,0.0,1,19.67,11.55,SPY200930P00292000,292.0,0,0.0,0.0,,0.0,normalDay
2020-06-24,1111.0,542.0,0.0,0,304.09,0.0,1,19.67,14.25,SPY200930P00292000,292.0,0,0.0,0.0,,0.0,normalDay
2020-06-25,1111.0,719.0,0.0,0,307.35,0.0,1,19.67,12.48,SPY200930P00292000,292.0,0,0.0,0.0,,0.0,normalDay
2020-06-26,1111.0,462.0,0.0,0,300.05,0.0,1,19.67,15.05,SPY200930P00292000,292.0,0,0.0,0.0,,0.0,normalDay
2020-06-29,1111.0,673.0,0.0,0,304.46,0.0,1,19.67,12.94,SPY200930P00292000,292.0,0,0.0,0.0,,0.0,normalDay
2020-06-30,1111.0,844.0,0.0,0,308.36,0.0,1,19.67,11.23,SPY200930P00292000,292.0,0,0.0,0.0,,0.0,normalDay
2020-07-01,1111.0,943.0,0.0,0,310.52,0.0,1,19.67,10.24,SPY200930P00292000,292.0,0,0.0,0.0,,0.0,normalDay
2020-07-02,1111.0,1028.0,0.0,0,312.23,0.0,1,19.67,9.39,SPY200930P00292000,292.0,0,0.0,0.0,,0.0,normalDay
2020-07-06,1111.0,1144.0,0.0,0,317.05,0.0,1,19.67,8.23,SPY200930P00292000,292.0,0,0.0,0.0,,0.0,normalDay
2020-07-07,1111.0,1039.0,0.0,0,313.78,0.0,1,19.67,9.28,SPY200930P00292000,292.0,0,0.0,0.0,,0.0,normalDay
2020-07-08,1111.0,1133.0,0.0,0,316.18,0.0,1,19.67,8.34,SPY200930P00292000,292.0,0,0.0,0.0,,0.0,normalDay
2020-07-09,1111.0,1061.0,0.0,0,314.38,0.0,1,19.67,9.06,SPY200930P00292000,292.0,0,0.0,0.0,,0.0,normalDay
2020-07-10,1111.0,1181.0,0.0,0,317.59,0.0,1,19.67,7.86,SPY200930P00292000,292.0,0,0.0,0.0,,0.0,normalDay
2020-07-13,1111.0,1000.0,0.0,0,314.84,0.0,1,19.67,9.67,SPY200930P00292000,292.0,0,0.0,0.0,,0.0,normalDay
2020-07-14,1111.0,1177.0,0.0,0,318.92,0.0,1,19.67,7.9,SPY200930P00292000,292.0,0,0.0,0.0,,0.0,normalDay
2020-07-15,1111.0,1275.0,0.0,0,321.85,0.0,1,19.67,6.92,SPY200930P00292000,292.0,0,0.0,0.0,,0.0,normalDay
2020-07-16,1111.0,1251.0,0.0,0,320.79,0.0,1,19.67,7.16,SPY200930P00292000,292.0,0,0.0,0.0,,0.0,normalDay
2020-07-17,1111.0,1366.0,0.0,0,321.72,0.0,1,19.67,6.01,SPY200930P00292000,292.0,0,0.0,0.0,,0.0,normalDay
2020-07-20,1111.0,1461.0,0.0,0,324.32,0.0,1,19.67,5.06,SPY200930P00292000,292.0,0,0.0,0.0,,0.0,normalDay
2020-07-21,1111.0,1469.0,0.0,0,325.01,0.0,1,19.67,4.98,SPY200930P00292000,292.0,0,0.0,0.0,,0.0,normalDay
2020-07-22,1111.0,1506.0,0.0,0,326.86,0.0,1,19.67,4.61,SPY200930P00292000,292.0,0,0.0,0.0,,0.0,normalDay
2020-07-23,1111.0,1411.0,0.0,0,322.96,0.0,1,19.67,5.56,SPY200930P00292000,292.0,0,0.0,0.0,,0.0,normalDay
2020-07-24,1111.0,1409.0,0.0,0,320.88,0.0,1,19.67,5.58,SPY200930P00292000,292.0,0,0.0,0.0,,0.0,normalDay
2020-07-27,1111.0,1489.0,0.0,0,323.22,0.0,1,19.67,4.78,SPY200930P00292000,292.0,0,0.0,0.0,,0.0,normalDay
2020-07-28,1111.0,1452.0,0.0,0,321.17,0.0,1,19.67,5.15,SPY200930P00292000,292.0,0,0.0,0.0,,0.0,normalDay
2020-07-29,1111.0,1540.0,0.0,0,325.12,0.0,1,19.67,4.27,SPY200930P00292000,292.0,0,0.0,0.0,,0.0,normalDay
2020-07-30,1111.0,1507.0,0.0,0,323.96,0.0,1,19.67,4.6,SPY200930P00292000,292.0,0,0.0,0.0,,0.0,normalDay
2020-07-31,1111.0,1568.0,0.0,0,326.52,0.0,1,19.67,3.99,SPY200930P00292000,292.0,0,0.0,0.0,,0.0,normalDay
2020-08-03,1111.0,1611.0,0.0,0,328.79,0.0,1,19.67,3.56,SPY200930P00292000,292.0,0,0.0,0.0,,0.0,normalDay
2020-08-04,1111.0,1646.0,0.0,0,330.06,0.0,1,19.67,3.21,SPY200930P00292000,292.0,0,0.0,0.0,,0.0,normalDay
2020-08-05,1111.0,1686.0,0.0,0,332.11,0.0,1,19.67,2.81,SPY200930P00292000,292.0,0,0.0,0.0,,0.0,normalDay
2020-08-06,1111.0,1713.0,0.0,0,334.33,0.0,1,19.67,2.54,SPY200930P00292000,292.0,0,0.0,0.0,,0.0,normalDay
2020-08-07,1111.0,1722.0,0.0,0,334.57,0.0,1,19.67,2.45,SPY200930P00292000,292.0,0,0.0,0.0,,0.0,normalDay
2020-08-10,1111.0,1747.0,0.0,0,335.57,0.0,1,19.67,2.2,SPY200930P00292000,292.0,0,0.0,0.0,,0.0,normalDay
2020-08-11,1111.0,1695.0,0.0,0,332.8,0.0,1,19.67,2.72,SPY200930P00292000,292.0,0,0.0,0.0,,0.0,normalDay
2020-08-12,1111.0,1765.0,0.0,0,337.44,0.0,1,19.67,2.02,SPY200930P00292000,292.0,0,0.0,0.0,,0.0,normalDay
2020-08-13,1111.0,1765.0,0.0,0,336.83,0.0,1,19.67,2.02,SPY200930P00292000,292.0,0,0.0,0.0,,0.0,normalDay
2020-08-14,1111.0,1776.0,0.0,0,336.84,0.0,1,19.67,1.91,SPY200930P00292000,292.0,0,0.0,0.0,,0.0,normalDay
2020-08-17,1111.0,1809.0,0.0,0,337.91,0.0,1,19.67,1.58,SPY200930P00292000,292.0,0,0.0,0.0,,0.0,normalDay
2020-08-18,1111.0,1819.0,0.0,0,338.64,0.0,1,19.67,1.48,SPY200930P00292000,292.0,0,0.0,0.0,,0.0,normalDay
2020-08-19,1111.0,1804.0,0.0,0,337.23,0.0,1,19.67,1.63,SPY200930P00292000,292.0,0,0.0,0.0,,0.0,normalDay
2020-08-20,1111.0,1814.0,0.0,0,338.28,0.0,1,19.67,1.53,SPY200930P00292000,292.0,0,0.0,0.0,,0.0,normalDay
2020-08-21,1111.0,1829.0,0.0,0,339.48,0.0,1,19.67,1.38,SPY200930P00292000,292.0,0,0.0,0.0,,0.0,normalDay
2020-08-24,1111.0,1855.0,0.0,0,342.92,0.0,1,19.67,1.12,SPY200930P00292000,292.0,0,0.0,0.0,,0.0,normalDay
2020-08-25,1111.0,1870.0,0.0,0,344.12,0.0,1,19.67,0.97,SPY200930P00292000,292.0,0,0.0,0.0,,0.0,normalDay
2020-08-26,1111.0,1873.0,0.0,0,347.57,0.0,1,19.67,0.94,SPY200930P00292000,292.0,0,0.0,0.0,,0.0,normalDay
2020-08-27,1111.0,1868.0,0.0,0,348.33,0.0,1,19.67,0.99,SPY200930P00292000,292.0,0,0.0,0.0,,0.0,normalDay
2020-08-28,1111.0,1890.0,0.0,0,350.58,0.0,1,19.67,0.77,SPY200930P00292000,292.0,0,0.0,0.0,,0.0,normalDay
2020-08-31,1111.0,1871.0,0.0,0,349.31,0.0,1,19.67,0.96,SPY200930P00292000,292.0,0,0.0,0.0,,0.0,normalDay
2020-09-01,1111.0,1882.0,0.0,0,352.6,0.0,1,19.67,0.85,SPY200930P00292000,292.0,0,0.0,0.0,,0.0,normalDay
2020-09-02,1111.0,1898.0,0.0,0,357.7,0.0,1,19.67,0.69,SPY200930P00292000,292.0,0,0.0,0.0,,0.0,normalDay
2020-09-03,1111.0,1819.0,0.0,0,345.39,0.0,1,19.67,1.48,SPY200930P00292000,292.0,0,0.0,0.0,,0.0,normalDay
2020-09-04,1111.0,1834.0,0.0,0,342.57,0.0,1,19.67,1.33,SPY200930P00292000,292.0,0,0.0,0.0,,0.0,normalDay
2020-09-08,1111.0,1822.0,0.0,0,333.21,0.0,1,19.67,1.45,SPY200930P00292000,292.0,0,0.0,0.0,,0.0,normalDay
2020-09-09,1111.0,1880.0,0.0,0,339.79,0.0,1,19.67,0.87,SPY200930P00292000,292.0,0,0.0,0.0,,0.0,normalDay
2020-09-10,1111.0,1862.0,0.0,0,333.89,0.0,1,19.67,1.05,SPY200930P00292000,292.0,0,0.0,0.0,,0.0,normalDay
2020-09-11,1111.0,1902.0,0.0,0,334.06,0.0,1,19.67,0.65,SPY200930P00292000,292.0,0,0.0,0.0,,0.0,normalDay
2020-09-14,1111.0,1933.0,0.0,0,338.46,0.0,1,19.67,0.34,SPY200930P00292000,292.0,0,0.0,0.0,,0.0,normalDay
2020-09-15,1111.0,1938.0,0.0,0,340.17,0.0,1,19.67,0.29,SPY200930P00292000,292.0,0,0.0,0.0,,0.0,normalDay
2020-09-16,1111.0,1938.0,0.0,0,338.82,0.0,1,19.67,0.29,SPY200930P00292000,292.0,0,0.0,0.0,,0.0,normalDay
2020-09-17,1111.0,1937.0,0.0,0,335.84,0.0,1,19.67,0.3,SPY200930P00292000,292.0,0,0.0,0.0,,0.0,normalDay
2020-09-18,1111.0,1941.0,0.0,0,330.65,0.0,1,19.67,0.26,SPY200930P00292000,292.0,0,0.0,0.0,,0.0,normalDay
2020-09-21,1111.0,1945.0,0.0,0,326.97,0.0,1,19.67,0.22,SPY200930P00292000,292.0,0,0.0,0.0,,0.0,normalDay
2020-09-22,1111.0,1956.0,0.0,0,330.3,0.0,1,19.67,0.11,SPY200930P00292000,292.0,0,0.0,0.0,,0.0,normalDay
2020-09-23,1111.0,1949.0,0.0,0,322.64,0.0,1,19.67,0.18,SPY200930P00292000,292.0,0,0.0,0.0,,0.0,normalDay
2020-09-24,1111.0,1955.0,0.0,0,323.5,0.0,1,19.67,0.12,SPY200930P00292000,292.0,0,0.0,0.0,,0.0,normalDay
2020-09-25,1111.0,1963.0,0.0,0,328.73,0.0,1,19.67,0.04,SPY200930P00292000,292.0,0,0.0,0.0,,0.0,normalDay
2020-09-28,1111.0,1965.0,0.0,0,334.19,0.0,1,19.67,0.02,SPY200930P00292000,292.0,0,0.0,0.0,,0.0,normalDay
2020-09-29,1111.0,1966.0,0.0,0,332.37,0.0,1,19.67,0.01,SPY200930P00292000,292.0,0,0.0,0.0,,0.0,normalDay
2020-09-30,3078.0,0.0,1967.0,0,334.89,0.0,1,19.67,0.0,SPY200930P00292000,292.0,0,0.0,0.0,,0.0,expirationDay
2020-10-01,3078.0,-102.0,0.0,0,337.04,0.0,1,26.4,27.42,SPY210930P00318000,318.0,0,0.0,0.0,,0.0,normalDay
2020-10-02,3078.0,-225.0,0.0,0,333.84,0.0,1,26.4,28.65,SPY210930P00318000,318.0,0,0.0,0.0,,0.0,normalDay
2020-10-05,3078.0,10.0,0.0,0,339.76,0.0,1,26.4,26.3,SPY210930P00318000,318.0,0,0.0,0.0,,0.0,normalDay
2020-10-06,3078.0,-164.0,0.0,0,334.93,0.0,1,26.4,28.04,SPY210930P00318000,318.0,0,0.0,0.0,,0.0,normalDay
2020-10-07,3078.0,87.0,0.0,0,340.76,0.0,1,26.4,25.53,SPY210930P00318000,318.0,0,0.0,0.0,,0.0,normalDay
2020-10-08,3078.0,220.0,0.0,0,343.78,0.0,1,26.4,24.2,SPY210930P00318000,318.0,0,0.0,0.0,,0.0,normalDay
2020-10-09,3078.0,373.0,0.0,0,346.85,0.0,1,26.4,22.67,SPY210930P00318000,318.0,0,0.0,0.0,,0.0,normalDay
2020-10-12,3078.0,544.0,0.0,0,352.43,0.0,1,26.4,20.96,SPY210930P00318000,318.0,0,0.0,0.0,,0.0,normalDay
2020-10-13,3078.0,471.0,0.0,0,350.13,0.0,1,26.4,21.69,SPY210930P00318000,318.0,0,0.0,0.0,,0.0,normalDay
2020-10-14,3078.0,429.0,0.0,0,347.93,0.0,1,26.4,22.11,SPY210930P00318000,318.0,0,0.0,0.0,,0.0,normalDay
2020-10-15,3078.0,412.0,0.0,0,347.5,0.0,1,26.4,22.28,SPY210930P00318000,318.0,0,0.0,0.0,,0.0,normalDay
2020-10-16,3078.0,356.0,0.0,0,347.29,0.0,1,26.4,22.84,SPY210930P00318000,318.0,0,0.0,0.0,,0.0,normalDay
2020-10-19,3078.0,180.0,0.0,0,342.01,0.0,1,26.4,24.6,SPY210930P00318000,318.0,0,0.0,0.0,,0.0,normalDay
2020-10-20,3078.0,205.0,0.0,0,343.38,0.0,1,26.4,24.35,SPY210930P00318000,318.0,0,0.0,0.0,,0.0,normalDay
2020-10-21,3078.0,261.0,0.0,0,342.73,0.0,1,26.4,23.79,SPY210930P00318000,318.0,0,0.0,0.0,,0.0,normalDay
2020-10-22,3078.0,334.0,0.0,0,344.61,0.0,1,26.4,23.06,SPY210930P00318000,318.0,0,0.0,0.0,,0.0,normalDay
2020-10-23,3078.0,388.0,0.0,0,345.78,0.0,1,26.4,22.52,SPY210930P00318000,318.0,0,0.0,0.0,,0.0,normalDay
2020-10-26,3078.0,121.0,0.0,0,339.39,0.0,1,26.4,25.19,SPY210930P00318000,318.0,0,0.0,0.0,,0.0,normalDay
2020-10-27,3078.0,116.0,0.0,0,338.22,0.0,1,26.4,25.24,SPY210930P00318000,318.0,0,0.0,0.0,,0.0,normalDay
2020-10-28,3078.0,-472.0,0.0,0,326.66,0.0,1,26.4,31.12,SPY210930P00318000,318.0,0,0.0,0.0,,0.0,normalDay
2020-10-29,3078.0,-241.0,0.0,0,329.98,0.0,1,26.4,28.81,SPY210930P00318000,318.0,0,0.0,0.0,,0.0,normalDay
2020-10-30,3078.0,-337.0,0.0,0,326.54,0.0,1,26.4,29.77,SPY210930P00318000,318.0,0,0.0,0.0,,0.0,normalDay
2020-11-02,3078.0,-108.0,0.0,0,330.2,0.0,1,26.4,27.48,SPY210930P00318000,318.0,0,0.0,0.0,,0.0,normalDay
2020-11-03,3078.0,107.0,0.0,0,336.03,0.0,1,26.4,25.33,SPY210930P00318000,318.0,0,0.0,0.0,,0.0,normalDay
2020-11-04,3078.0,462.0,0.0,0,343.54,0.0,1,26.4,21.78,SPY210930P00318000,318.0,0,0.0,0.0,,0.0,normalDay
2020-11-05,3078.0,606.0,0.0,0,350.24,0.0,1,26.4,20.34,SPY210930P00318000,318.0,0,0.0,0.0,,0.0,normalDay
2020-11-06,3078.0,660.0,0.0,0,350.16,0.0,1,26.4,19.8,SPY210930P00318000,318.0,0,0.0,0.0,,0.0,normalDay
2020-11-09,3078.0,846.0,0.0,0,354.56,0.0,1,26.4,17.94,SPY210930P00318000,318.0,0,0.0,0.0,,0.0,normalDay
2020-11-10,3078.0,839.0,0.0,0,354.04,0.0,1,26.4,18.01,SPY210930P00318000,318.0,0,0.0,0.0,,0.0,normalDay
2020-11-11,3078.0,917.0,0.0,0,356.67,0.0,1,26.4,17.23,SPY210930P00318000,318.0,0,0.0,0.0,,0.0,normalDay
2020-11-12,3078.0,781.0,0.0,0,353.21,0.0,1,26.4,18.59,SPY210930P00318000,318.0,0,0.0,0.0,,0.0,normalDay
2020-11-13,3078.0,931.0,0.0,0,358.1,0.0,1,26.4,17.09,SPY210930P00318000,318.0,0,0.0,0.0,,0.0,normalDay
2020-11-16,3078.0,1022.0,0.0,0,362.57,0.0,1,26.4,16.18,SPY210930P00318000,318.0,0,0.0,0.0,,0.0,normalDay
2020-11-17,3078.0,984.0,0.0,0,360.62,0.0,1,26.4,16.56,SPY210930P00318000,318.0,0,0.0,0.0,,0.0,normalDay
2020-11-18,3078.0,869.0,0.0,0,356.28,0.0,1,26.4,17.71,SPY210930P00318000,318.0,0,0.0,0.0,,0.0,normalDay
2020-11-19,3078.0,936.0,0.0,0,357.78,0.0,1,26.4,17.04,SPY210930P00318000,318.0,0,0.0,0.0,,0.0,normalDay
2020-11-20,3078.0,852.0,0.0,0,355.33,0.0,1,26.4,17.88,SPY210930P00318000,318.0,0,0.0,0.0,,0.0,normalDay
2020-11-23,3078.0,943.0,0.0,0,357.46,0.0,1,26.4,16.97,SPY210930P00318000,318.0,0,0.0,0.0,,0.0,normalDay
2020-11-24,3078.0,1089.0,0.0,0,363.22,0.0,1,26.4,15.51,SPY210930P00318000,318.0,0,0.0,0.0,,0.0,normalDay
2020-11-25,3078.0,1089.0,0.0,0,362.66,0.0,1,26.4,15.51,SPY210930P00318000,318.0,0,0.0,0.0,,0.0,normalDay
2020-11-27,3078.0,1064.0,0.0,0,363.67,0.0,1,26.4,15.76,SPY210930P00318000,318.0,0,0.0,0.0,,0.0,normalDay
2020-11-30,3078.0,1121.0,0.0,0,362.06,0.0,1,26.4,15.19,SPY210930P00318000,318.0,0,0.0,0.0,,0.0,normalDay
2020-12-01,3078.0,1170.0,0.0,0,366.02,0.0,1,26.4,14.7,SPY210930P00318000,318.0,0,0.0,0.0,,0.0,normalDay
2020-12-02,3078.0,1187.0,0.0,0,366.79,0.0,1,26.4,14.53,SPY210930P00318000,318.0,0,0.0,0.0,,0.0,normalDay
2020-12-03,3078.0,1182.0,0.0,0,366.69,0.0,1,26.4,14.58,SPY210930P00318000,318.0,0,0.0,0.0,,0.0,normalDay
2020-12-04,3078.0,1247.0,0.0,0,369.85,0.0,1,26.4,13.93,SPY210930P00318000,318.0,0,0.0,0.0,,0.0,normalDay
2020-12-07,3078.0,1215.0,0.0,0,369.09,0.0,1,26.4,14.25,SPY210930P00318000,318.0,0,0.0,0.0,,0.0,normalDay
2020-12-08,3078.0,1274.0,0.0,0,370.17,0.0,1,26.4,13.66,SPY210930P00318000,318.0,0,0.0,0.0,,0.0,normalDay
2020-12-09,3078.0,1179.0,0.0,0,366.85,0.0,1,26.4,14.61,SPY210930P00318000,318.0,0,0.0,0.0,,0.0,normalDay
2020-12-10,3078.0,1168.0,0.0,0,366.73,0.0,1,26.4,14.72,SPY210930P00318000,318.0,0,0.0,0.0,,0.0,normalDay
2020-12-11,3078.0,1133.0,0.0,0,366.3,0.0,1,26.4,15.07,SPY210930P00318000,318.0,0,0.0,0.0,,0.0,normalDay
2020-12-14,3078.0,1081.0,0.0,0,364.66,0.0,1,26.4,15.59,SPY210930P00318000,318.0,0,0.0,0.0,,0.0,normalDay
2020-12-15,3078.0,1191.0,0.0,0,369.59,0.0,1,26.4,14.49,SPY210930P00318000,318.0,0,0.0,0.0,,0.0,normalDay
2020-12-16,3078.0,1222.0,0.0,0,370.17,0.0,1,26.4,14.18,SPY210930P00318000,318.0,0,0.0,0.0,,0.0,normalDay
2020-12-17,3078.0,1286.0,0.0,0,372.24,0.0,1,26.4,13.54,SPY210930P00318000,318.0,0,0.0,0.0,,0.0,normalDay
2020-12-18,3078.0,1278.0,0.0,0,369.18,0.0,1,26.4,13.62,SPY210930P00318000,318.0,0,0.0,0.0,,0.0,normalDay
2020-12-21,3078.0,1170.0,0.0,0,367.86,0.0,1,26.4,14.7,SPY210930P00318000,318.0,0,0.0,0.0,,0.0,normalDay
2020-12-22,3078.0,1168.0,0.0,0,367.24,0.0,1,26.4,14.72,SPY210930P00318000,318.0,0,0.0,0.0,,0.0,normalDay
2020-12-23,3078.0,1214.0,0.0,0,367.57,0.0,1,26.4,14.26,SPY210930P00318000,318.0,0,0.0,0.0,,0.0,normalDay
2020-12-24,3078.0,1282.0,0.0,0,369.0,0.0,1,26.4,13.58,SPY210930P00318000,318.0,0,0.0,0.0,,0.0,normalDay
2020-12-28,3078.0,1352.0,0.0,0,372.17,0.0,1,26.4,12.88,SPY210930P00318000,318.0,0,0.0,0.0,,0.0,normalDay
2020-12-29,3078.0,1285.0,0.0,0,371.46,0.0,1,26.4,13.55,SPY210930P00318000,318.0,0,0.0,0.0,,0.0,normalDay
2020-12-30,3078.0,1326.0,0.0,0,371.99,0.0,1,26.4,13.14,SPY210930P00318000,318.0,0,0.0,0.0,,0.0,normalDay
2020-12-31,3078.0,1367.0,0.0,0,373.88,0.0,1,26.4,12.73,SPY210930P00318000,318.0,0,0.0,0.0,,0.0,normalDay
2021-01-04,3078.0,1207.0,0.0,0,368.79,0.0,1,26.4,14.33,SPY210930P00318000,318.0,0,0.0,0.0,,0.0,normalDay
2021-01-05,3078.0,1280.0,0.0,0,371.33,0.0,1,26.4,13.6,SPY210930P00318000,318.0,0,0.0,0.0,,0.0,normalDay
2021-01-06,3078.0,1318.0,0.0,0,373.55,0.0,1,26.4,13.22,SPY210930P00318000,318.0,0,0.0,0.0,,0.0,normalDay
2021-01-07,3078.0,1485.0,0.0,0,379.1,0.0,1,26.4,11.55,SPY210930P00318000,318.0,0,0.0,0.0,,0.0,normalDay
2021-01-08,3078.0,1523.0,0.0,0,381.26,0.0,1,26.4,11.17,SPY210930P00318000,318.0,0,0.0,0.0,,0.0,normalDay
2021-01-11,3078.0,1414.0,0.0,0,378.69,0.0,1,26.4,12.26,SPY210930P00318000,318.0,0,0.0,0.0,,0.0,normalDay
2021-01-12,3078.0,1443.0,0.0,0,378.77,0.0,1,26.4,11.97,SPY210930P00318000,318.0,0,0.0,0.0,,0.0,normalDay
2021-01-13,3078.0,1485.0,0.0,0,379.79,0.0,1,26.4,11.55,SPY210930P00318000,318.0,0,0.0,0.0,,0.0,normalDay
2021-01-14,3078.0,1427.0,0.0,0,378.46,0.0,1,26.4,12.13,SPY210930P00318000,318.0,0,0.0,0.0,,0.0,normalDay
2021-01-15,3078.0,1343.0,0.0,0,375.7,0.0,1,26.4,12.97,SPY210930P00318000,318.0,0,0.0,0.0,,0.0,normalDay
2021-01-19,3078.0,1433.0,0.0,0,378.65,0.0,1,26.4,12.07,SPY210930P00318000,318.0,0,0.0,0.0,,0.0,normalDay
2021-01-20,3078.0,1542.0,0.0,0,383.89,0.0,1,26.4,10.98,SPY210930P00318000,318.0,0,0.0,0.0,,0.0,normalDay
2021-01-21,3078.0,1536.0,0.0,0,384.24,0.0,1,26.4,11.04,SPY210930P00318000,318.0,0,0.0,0.0,,0.0,normalDay
2021-01-22,3078.0,1508.0,0.0,0,382.88,0.0,1,26.4,11.32,SPY210930P00318000,318.0,0,0.0,0.0,,0.0,normalDay
2021-01-25,3078.0,1494.0,0.0,0,384.39,0.0,1,26.4,11.46,SPY210930P00318000,318.0,0,0.0,0.0,,0.0,normalDay
2021-01-26,3078.0,1481.0,0.0,0,383.79,0.0,1,26.4,11.59,SPY210930P00318000,318.0,0,0.0,0.0,,0.0,normalDay
2021-01-27,3078.0,1059.0,0.0,0,374.41,0.0,1,26.4,15.81,SPY210930P00318000,318.0,0,0.0,0.0,,0.0,normalDay
2021-01-28,3078.0,1213.0,0.0,0,377.63,0.0,1,26.4,14.27,SPY210930P00318000,318.0,0,0.0,0.0,,0.0,normalDay
2021-01-29,3078.0,969.0,0.0,0,370.07,0.0,1,26.4,16.71,SPY210930P00318000,318.0,0,0.0,0.0,,0.0,normalDay
2021-02-01,3078.0,1185.0,0.0,0,376.23,0.0,1,26.4,14.55,SPY210930P00318000,318.0,0,0.0,0.0,,0.0,normalDay
2021-02-02,3078.0,1398.0,0.0,0,381.55,0.0,1,26.4,12.42,SPY210930P00318000,318.0,0,0.0,0.0,,0.0,normalDay
2021-02-03,3078.0,1455.0,0.0,0,381.85,0.0,1,26.4,11.85,SPY210930P00318000,318.0,0,0.0,0.0,,0.0,normalDay
2021-02-04,3078.0,1547.0,0.0,0,386.19,0.0,1,26.4,10.93,SPY210930P00318000,318.0,0,0.0,0.0,,0.0,normalDay
2021-02-05,3078.0,1558.0,0.0,0,387.71,0.0,1,26.4,10.82,SPY210930P00318000,318.0,0,0.0,0.0,,0.0,normalDay
2021-02-08,3078.0,1608.0,0.0,0,390.51,0.0,1,26.4,10.32,SPY210930P00318000,318.0,0,0.0,0.0,,0.0,normalDay
2021-02-09,3078.0,1599.0,0.0,0,390.25,0.0,1,26.4,10.41,SPY210930P00318000,318.0,0,0.0,0.0,,0.0,normalDay
2021-02-10,3078.0,1573.0,0.0,0,390.08,0.0,1,26.4,10.67,SPY210930P00318000,318.0,0,0.0,0.0,,0.0,normalDay
2021-02-11,3078.0,1592.0,0.0,0,390.71,0.0,1,26.4,10.48,SPY210930P00318000,318.0,0,0.0,0.0,,0.0,normalDay
2021-02-12,3078.0,1641.0,0.0,0,392.64,0.0,1,26.4,9.99,SPY210930P00318000,318.0,0,0.0,0.0,,0.0,normalDay
2021-02-16,3078.0,1608.0,0.0,0,392.3,0.0,1,26.4,10.32,SPY210930P00318000,318.0,0,0.0,0.0,,0.0,normalDay
2021-02-17,3078.0,1620.0,0.0,0,392.39,0.0,1,26.4,10.2,SPY210930P00318000,318.0,0,0.0,0.0,,0.0,normalDay
2021-02-18,3078.0,1582.0,0.0,0,390.72,0.0,1,26.4,10.58,SPY210930P00318000,318.0,0,0.0,0.0,,0.0,normalDay
2021-02-19,3078.0,1590.0,0.0,0,390.03,0.0,1,26.4,10.5,SPY210930P00318000,318.0,0,0.0,0.0,,0.0,normalDay
2021-02-22,3078.0,1537.0,0.0,0,387.03,0.0,1,26.4,11.03,SPY210930P00318000,318.0,0,0.0,0.0,,0.0,normalDay
2021-02-23,3078.0,1576.0,0.0,0,387.5,0.0,1,26.4,10.64,SPY210930P00318000,318.0,0,0.0,0.0,,0.0,normalDay
2021-02-24,3078.0,1682.0,0.0,0,391.77,0.0,1,26.4,9.58,SPY210930P00318000,318.0,0,0.0,0.0,,0.0,normalDay
2021-02-25,3078.0,1442.0,0.0,0,382.33,0.0,1,26.4,11.98,SPY210930P00318000,318.0,0,0.0,0.0,,0.0,normalDay
2021-02-26,3078.0,1469.0,0.0,0,380.36,0.0,1,26.4,11.71,SPY210930P00318000,318.0,0,0.0,0.0,,0.0,normalDay
2021-03-01,3078.0,1686.0,0.0,0,389.58,0.0,1,26.4,9.54,SPY210930P00318000,318.0,0,0.0,0.0,,0.0,normalDay
2021-03-02,3078.0,1632.0,0.0,0,386.54,0.0,1,26.4,10.08,SPY210930P00318000,318.0,0,0.0,0.0,,0.0,normalDay
2021-03-03,3078.0,1533.0,0.0,0,381.42,0.0,1,26.4,11.07,SPY210930P00318000,318.0,0,0.0,0.0,,0.0,normalDay
2021-03-04,3078.0,1453.0,0.0,0,376.7,0.0,1,26.4,11.87,SPY210930P00318000,318.0,0,0.0,0.0,,0.0,normalDay
2021-03-05,3078.0,1640.0,0.0,0,383.63,0.0,1,26.4,10.0,SPY210930P00318000,318.0,0,0.0,0.0,,0.0,normalDay
2021-03-08,3078.0,1630.0,0.0,0,381.72,0.0,1,26.4,10.1,SPY210930P00318000,318.0,0,0.0,0.0,,0.0,normalDay
2021-03-09,3078.0,1724.0,0.0,0,387.17,0.0,1,26.4,9.16,SPY210930P00318000,318.0,0,0.0,0.0,,0.0,normalDay
2021-03-10,3078.0,1772.0,0.0,0,389.58,0.0,1,26.4,8.68,SPY210930P00318000,318.0,0,0.0,0.0,,0.0,normalDay
2021-03-11,3078.0,1833.0,0.0,0,393.53,0.0,1,26.4,8.07,SPY210930P00318000,318.0,0,0.0,0.0,,0.0,normalDay
2021-03-12,3078.0,1861.0,0.0,0,394.06,0.0,1,26.4,7.79,SPY210930P00318000,318.0,0,0.0,0.0,,0.0,normalDay
2021-03-15,3078.0,1905.0,0.0,0,396.41,0.0,1,26.4,7.35,SPY210930P00318000,318.0,0,0.0,0.0,,0.0,normalDay
2021-03-16,3078.0,1908.0,0.0,0,395.91,0.0,1,26.4,7.32,SPY210930P00318000,318.0,0,0.0,0.0,,0.0,normalDay
2021-03-17,3078.0,1962.0,0.0,0,397.26,0.0,1,26.4,6.78,SPY210930P00318000,318.0,0,0.0,0.0,,0.0,normalDay
2021-03-18,3078.0,1881.0,0.0,0,391.48,0.0,1,26.4,7.59,SPY210930P00318000,318.0,0,0.0,0.0,,0.0,normalDay
2021-03-19,3078.0,1880.0,0.0,0,389.48,0.0,1,26.4,7.6,SPY210930P00318000,318.0,0,0.0,0.0,,0.0,normalDay
2021-03-22,3078.0,1990.0,0.0,0,392.59,0.0,1,26.4,6.5,SPY210930P00318000,318.0,0,0.0,0.0,,0.0,normalDay
2021-03-23,3078.0,1939.0,0.0,0,389.5,0.0,1,26.4,7.01,SPY210930P00318000,318.0,0,0.0,0.0,,0.0,normalDay
2021-03-24,3078.0,1902.0,0.0,0,387.52,0.0,1,26.4,7.38,SPY210930P00318000,318.0,0,0.0,0.0,,0.0,normalDay
2021-03-25,3078.0,1968.0,0.0,0,389.7,0.0,1,26.4,6.72,SPY210930P00318000,318.0,0,0.0,0.0,,0.0,normalDay
2021-03-26,3078.0,2050.0,0.0,0,395.98,0.0,1,26.4,5.9,SPY210930P00318000,318.0,0,0.0,0.0,,0.0,normalDay
2021-03-29,3078.0,2041.0,0.0,0,395.78,0.0,1,26.4,5.99,SPY210930P00318000,318.0,0,0.0,0.0,,0.0,normalDay
2021-03-30,3078.0,2069.0,0.0,0,394.73,0.0,1,26.4,5.71,SPY210930P00318000,318.0,0,0.0,0.0,,0.0,normalDay
2021-03-31,3078.0,2103.0,0.0,0,396.33,0.0,1,26.4,5.37,SPY210930P00318000,318.0,0,0.0,0.0,,0.0,normalDay
2021-04-01,3078.0,2168.0,0.0,0,400.61,0.0,1,26.4,4.72,SPY210930P00318000,318.0,0,0.0,0.0,,0.0,normalDay
2021-04-05,3078.0,2223.0,0.0,0,406.36,0.0,1,26.4,4.17,SPY210930P00318000,318.0,0,0.0,0.0,,0.0,normalDay
2021-04-06,3078.0,2221.0,0.0,0,406.12,0.0,1,26.4,4.19,SPY210930P00318000,318.0,0,0.0,0.0,,0.0,normalDay
2021-04-07,3078.0,2243.0,0.0,0,406.59,0.0,1,26.4,3.97,SPY210930P00318000,318.0,0,0.0,0.0,,0.0,normalDay
2021-04-08,3078.0,2257.0,0.0,0,408.52,0.0,1,26.4,3.83,SPY210930P00318000,318.0,0,0.0,0.0,,0.0,normalDay
2021-04-09,3078.0,2265.0,0.0,0,411.49,0.0,1,26.4,3.75,SPY210930P00318000,318.0,0,0.0,0.0,,0.0,normalDay
2021-04-12,3078.0,2271.0,0.0,0,411.64,0.0,1,26.4,3.69,SPY210930P00318000,318.0,0,0.0,0.0,,0.0,normalDay
2021-04-13,3078.0,2285.0,0.0,0,412.86,0.0,1,26.4,3.55,SPY210930P00318000,318.0,0,0.0,0.0,,0.0,normalDay
2021-04-14,3078.0,2273.0,0.0,0,411.45,0.0,1,26.4,3.67,SPY210930P00318000,318.0,0,0.0,0.0,,0.0,normalDay
2021-04-15,3078.0,2300.0,0.0,0,415.87,0.0,1,26.4,3.4,SPY210930P00318000,318.0,0,0.0,0.0,,0.0,normalDay
2021-04-16,3078.0,2307.0,0.0,0,417.26,0.0,1,26.4,3.33,SPY210930P00318000,318.0,0,0.0,0.0,,0.0,normalDay
2021-04-19,3078.0,2287.0,0.0,0,415.21,0.0,1,26.4,3.53,SPY210930P00318000,318.0,0,0.0,0.0,,0.0,normalDay
2021-04-20,3078.0,2255.0,0.0,0,412.17,0.0,1,26.4,3.85,SPY210930P00318000,318.0,0,0.0,0.0,,0.0,normalDay
2021-04-21,3078.0,2296.0,0.0,0,416.07,0.0,1,26.4,3.44,SPY210930P00318000,318.0,0,0.0,0.0,,0.0,normalDay
2021-04-22,3078.0,2249.0,0.0,0,412.27,0.0,1,26.4,3.91,SPY210930P00318000,318.0,0,0.0,0.0,,0.0,normalDay
2021-04-23,3078.0,2301.0,0.0,0,416.74,0.0,1,26.4,3.39,SPY210930P00318000,318.0,0,0.0,0.0,,0.0,normalDay
2021-04-26,3078.0,2310.0,0.0,0,417.61,0.0,1,26.4,3.3,SPY210930P00318000,318.0,0,0.0,0.0,,0.0,normalDay
2021-04-27,3078.0,2316.0,0.0,0,417.52,0.0,1,26.4,3.24,SPY210930P00318000,318.0,0,0.0,0.0,,0.0,normalDay
2021-04-28,3078.0,2327.0,0.0,0,417.4,0.0,1,26.4,3.13,SPY210930P00318000,318.0,0,0.0,0.0,,0.0,normalDay
2021-04-29,3078.0,2332.0,0.0,0,420.06,0.0,1,26.4,3.08,SPY210930P00318000,318.0,0,0.0,0.0,,0.0,normalDay
2021-04-30,3078.0,2309.0,0.0,0,417.3,0.0,1,26.4,3.31,SPY210930P00318000,318.0,0,0.0,0.0,,0.0,normalDay
2021-05-03,3078.0,2323.0,0.0,0,418.2,0.0,1,26.4,3.17,SPY210930P00318000,318.0,0,0.0,0.0,,0.0,normalDay
2021-05-04,3078.0,2294.0,0.0,0,415.62,0.0,1,26.4,3.46,SPY210930P00318000,318.0,0,0.0,0.0,,0.0,normalDay
2021-05-05,3078.0,2307.0,0.0,0,415.75,0.0,1,26.4,3.33,SPY210930P00318000,318.0,0,0.0,0.0,,0.0,normalDay
2021-05-06,3078.0,2335.0,0.0,0,419.07,0.0,1,26.4,3.05,SPY210930P00318000,318.0,0,0.0,0.0,,0.0,normalDay
2021-05-07,3078.0,2369.0,0.0,0,422.12,0.0,1,26.4,2.71,SPY210930P00318000,318.0,0,0.0,0.0,,0.0,normalDay
2021-05-10,3078.0,2325.0,0.0,0,417.94,0.0,1,26.4,3.15,SPY210930P00318000,318.0,0,0.0,0.0,,0.0,normalDay
2021-05-11,3078.0,2280.0,0.0,0,414.21,0.0,1,26.4,3.6,SPY210930P00318000,318.0,0,0.0,0.0,,0.0,normalDay
2021-05-12,3078.0,2124.0,0.0,0,405.41,0.0,1,26.4,5.16,SPY210930P00318000,318.0,0,0.0,0.0,,0.0,normalDay
2021-05-13,3078.0,2239.0,0.0,0,410.28,0.0,1,26.4,4.01,SPY210930P00318000,318.0,0,0.0,0.0,,0.0,normalDay
2021-05-14,3078.0,2338.0,0.0,0,416.58,0.0,1,26.4,3.02,SPY210930P00318000,318.0,0,0.0,0.0,,0.0,normalDay
2021-05-17,3078.0,2312.0,0.0,0,415.52,0.0,1,26.4,3.28,SPY210930P00318000,318.0,0,0.0,0.0,,0.0,normalDay
2021-05-18,3078.0,2271.0,0.0,0,411.94,0.0,1,26.4,3.69,SPY210930P00318000,318.0,0,0.0,0.0,,0.0,normalDay
2021-05-19,3078.0,2254.0,0.0,0,410.86,0.0,1,26.4,3.86,SPY210930P00318000,318.0,0,0.0,0.0,,0.0,normalDay
2021-05-20,3078.0,2304.0,0.0,0,415.28,0.0,1,26.4,3.36,SPY210930P00318000,318.0,0,0.0,0.0,,0.0,normalDay
2021-05-21,3078.0,2315.0,0.0,0,414.94,0.0,1,26.4,3.25,SPY210930P00318000,318.0,0,0.0,0.0,,0.0,normalDay
2021-05-24,3078.0,2369.0,0.0,0,419.17,0.0,1,26.4,2.71,SPY210930P00318000,318.0,0,0.0,0.0,,0.0,normalDay
2021-05-25,3078.0,2366.0,0.0,0,418.24,0.0,1,26.4,2.74,SPY210930P00318000,318.0,0,0.0,0.0,,0.0,normalDay
2021-05-26,3078.0,2397.0,0.0,0,419.07,0.0,1,26.4,2.43,SPY210930P00318000,318.0,0,0.0,0.0,,0.0,normalDay
2021-05-27,3078.0,2423.0,0.0,0,419.29,0.0,1,26.4,2.17,SPY210930P00318000,318.0,0,0.0,0.0,,0.0,normalDay
2021-05-28,3078.0,2426.0,0.0,0,420.04,0.0,1,26.4,2.14,SPY210930P00318000,318.0,0,0.0,0.0,,0.0,normalDay
2021-06-01,3078.0,2414.0,0.0,0,419.67,0.0,1,26.4,2.26,SPY210930P00318000,318.0,0,0.0,0.0,,0.0,normalDay
2021-06-02,3078.0,2420.0,0.0,0,420.33,0.0,1,26.4,2.2,SPY210930P00318000,318.0,0,0.0,0.0,,0.0,normalDay
2021-06-03,3078.0,2408.0,0.0,0,418.77,0.0,1,26.4,2.32,SPY210930P00318000,318.0,0,0.0,0.0,,0.0,normalDay
2021-06-04,3078.0,2442.0,0.0,0,422.6,0.0,1,26.4,1.98,SPY210930P00318000,318.0,0,0.0,0.0,,0.0,normalDay
2021-06-07,3078.0,2453.0,0.0,0,422.19,0.0,1,26.4,1.87,SPY210930P00318000,318.0,0,0.0,0.0,,0.0,normalDay
2021-06-08,3078.0,2453.0,0.0,0,422.28,0.0,1,26.4,1.87,SPY210930P00318000,318.0,0,0.0,0.0,,0.0,normalDay
2021-06-09,3078.0,2448.0,0.0,0,421.65,0.0,1,26.4,1.92,SPY210930P00318000,318.0,0,0.0,0.0,,0.0,normalDay
2021-06-10,3078.0,2479.0,0.0,0,423.61,0.0,1,26.4,1.61,SPY210930P00318000,318.0,0,0.0,0.0,,0.0,normalDay
2021-06-11,3078.0,2489.0,0.0,0,424.31,0.0,1,26.4,1.51,SPY210930P00318000,318.0,0,0.0,0.0,,0.0,normalDay
2021-06-14,3078.0,2490.0,0.0,0,425.26,0.0,1,26.4,1.5,SPY210930P00318000,318.0,0,0.0,0.0,,0.0,normalDay
2021-06-15,3078.0,2479.0,0.0,0,424.48,0.0,1,26.4,1.61,SPY210930P00318000,318.0,0,0.0,0.0,,0.0,normalDay
2021-06-16,3078.0,2472.0,0.0,0,422.11,0.0,1,26.4,1.68,SPY210930P00318000,318.0,0,0.0,0.0,,0.0,normalDay
2021-06-17,3078.0,2482.0,0.0,0,421.97,0.0,1,26.4,1.58,SPY210930P00318000,318.0,0,0.0,0.0,,0.0,normalDay
2021-06-18,3078.0,2434.0,0.0,0,414.92,0.0,1,26.4,2.06,SPY210930P00318000,318.0,0,0.0,0.0,,0.0,normalDay
2021-06-21,3078.0,2497.0,0.0,0,420.86,0.0,1,26.4,1.43,SPY210930P00318000,318.0,0,0.0,0.0,,0.0,normalDay
2021-06-22,3078.0,2512.0,0.0,0,423.11,0.0,1,26.4,1.28,SPY210930P00318000,318.0,0,0.0,0.0,,0.0,normalDay
2021-06-23,3078.0,2519.0,0.0,0,422.6,0.0,1,26.4,1.21,SPY210930P00318000,318.0,0,0.0,0.0,,0.0,normalDay
2021-06-24,3078.0,2530.0,0.0,0,425.1,0.0,1,26.4,1.1,SPY210930P00318000,318.0,0,0.0,0.0,,0.0,normalDay
2021-06-25,3078.0,2538.0,0.0,0,426.61,0.0,1,26.4,1.02,SPY210930P00318000,318.0,0,0.0,0.0,,0.0,normalDay
2021-06-28,3078.0,2541.0,0.0,0,427.47,0.0,1,26.4,0.99,SPY210930P00318000,318.0,0,0.0,0.0,,0.0,normalDay
2021-06-29,3078.0,2534.0,0.0,0,427.7,0.0,1,26.4,1.06,SPY210930P00318000,318.0,0,0.0,0.0,,0.0,normalDay
2021-06-30,3078.0,2538.0,0.0,0,428.06,0.0,1,26.4,1.02,SPY210930P00318000,318.0,0,0.0,0.0,,0.0,normalDay
2021-07-01,3078.0,2541.0,0.0,0,430.43,0.0,1,26.4,0.99,SPY210930P00318000,318.0,0,0.0,0.0,,0.0,normalDay
2021-07-02,3078.0,2547.0,0.0,0,433.72,0.0,1,26.4,0.93,SPY210930P00318000,318.0,0,0.0,0.0,,0.0,normalDay
2021-07-06,3078.0,2544.0,0.0,0,432.93,0.0,1,26.4,0.96,SPY210930P00318000,318.0,0,0.0,0.0,,0.0,normalDay
2021-07-07,3078.0,2547.0,0.0,0,434.46,0.0,1,26.4,0.93,SPY210930P00318000,318.0,0,0.0,0.0,,0.0,normalDay
2021-07-08,3078.0,2527.0,0.0,0,430.92,0.0,1,26.4,1.13,SPY210930P00318000,318.0,0,0.0,0.0,,0.0,normalDay
2021-07-09,3078.0,2549.0,0.0,0,435.52,0.0,1,26.4,0.91,SPY210930P00318000,318.0,0,0.0,0.0,,0.0,normalDay
2021-07-12,3078.0,2556.0,0.0,0,437.08,0.0,1,26.4,0.84,SPY210930P00318000,318.0,0,0.0,0.0,,0.0,normalDay
2021-07-13,3078.0,2550.0,0.0,0,435.59,0.0,1,26.4,0.9,SPY210930P00318000,318.0,0,0.0,0.0,,0.0,normalDay
2021-07-14,3078.0,2561.0,0.0,0,436.24,0.0,1,26.4,0.79,SPY210930P00318000,318.0,0,0.0,0.0,,0.0,normalDay
2021-07-15,3078.0,2557.0,0.0,0,434.75,0.0,1,26.4,0.83,SPY210930P00318000,318.0,0,0.0,0.0,,0.0,normalDay
2021-07-16,3078.0,2546.0,0.0,0,431.34,0.0,1,26.4,0.94,SPY210930P00318000,318.0,0,0.0,0.0,,0.0,normalDay
2021-07-19,3078.0,2505.0,0.0,0,424.97,0.0,1,26.4,1.35,SPY210930P00318000,318.0,0,0.0,0.0,,0.0,normalDay
2021-07-20,3078.0,2538.0,0.0,0,431.06,0.0,1,26.4,1.02,SPY210930P00318000,318.0,0,0.0,0.0,,0.0,normalDay
2021-07-21,3078.0,2560.0,0.0,0,434.55,0.0,1,26.4,0.8,SPY210930P00318000,318.0,0,0.0,0.0,,0.0,normalDay
2021-07-22,3078.0,2563.0,0.0,0,435.46,0.0,1,26.4,0.77,SPY210930P00318000,318.0,0,0.0,0.0,,0.0,normalDay
2021-07-23,3078.0,2568.0,0.0,0,439.94,0.0,1,26.4,0.72,SPY210930P00318000,318.0,0,0.0,0.0,,0.0,normalDay
2021-07-26,3078.0,2576.0,0.0,0,441.02,0.0,1,26.4,0.64,SPY210930P00318000,318.0,0,0.0,0.0,,0.0,normalDay
2021-07-27,3078.0,2566.0,0.0,0,439.01,0.0,1,26.4,0.74,SPY210930P00318000,318.0,0,0.0,0.0,,0.0,normalDay
2021-07-28,3078.0,2576.0,0.0,0,438.83,0.0,1,26.4,0.64,SPY210930P00318000,318.0,0,0.0,0.0,,0.0,normalDay
2021-07-29,3078.0,2582.0,0.0,0,440.65,0.0,1,26.4,0.58,SPY210930P00318000,318.0,0,0.0,0.0,,0.0,normalDay
2021-07-30,3078.0,2578.0,0.0,0,438.51,0.0,1,26.4,0.62,SPY210930P00318000,318.0,0,0.0,0.0,,0.0,normalDay
2021-08-02,3078.0,2574.0,0.0,0,437.59,0.0,1,26.4,0.66,SPY210930P00318000,318.0,0,0.0,0.0,,0.0,normalDay
2021-08-03,3078.0,2588.0,0.0,0,441.15,0.0,1,26.4,0.52,SPY210930P00318000,318.0,0,0.0,0.0,,0.0,normalDay
2021-08-04,3078.0,2589.0,0.0,0,438.98,0.0,1,26.4,0.51,SPY210930P00318000,318.0,0,0.0,0.0,,0.0,normalDay
2021-08-05,3078.0,2595.0,0.0,0,441.76,0.0,1,26.4,0.45,SPY210930P00318000,318.0,0,0.0,0.0,,0.0,normalDay
2021-08-06,3078.0,2600.0,0.0,0,442.49,0.0,1,26.4,0.4,SPY210930P00318000,318.0,0,0.0,0.0,,0.0,normalDay
2021-08-09,3078.0,2602.0,0.0,0,442.13,0.0,1,26.4,0.38,SPY210930P00318000,318.0,0,0.0,0.0,,0.0,normalDay
2021-08-10,3078.0,2604.0,0.0,0,442.68,0.0,1,26.4,0.36,SPY210930P00318000,318.0,0,0.0,0.0,,0.0,normalDay
2021-08-11,3078.0,2609.0,0.0,0,443.78,0.0,1,26.4,0.31,SPY210930P00318000,318.0,0,0.0,0.0,,0.0,normalDay
2021-08-12,3078.0,2611.0,0.0,0,445.11,0.0,1,26.4,0.29,SPY210930P00318000,318.0,0,0.0,0.0,,0.0,normalDay
2021-08-13,3078.0,2611.0,0.0,0,445.92,0.0,1,26.4,0.29,SPY210930P00318000,318.0,0,0.0,0.0,,0.0,normalDay
2021-08-16,3078.0,2614.0,0.0,0,446.97,0.0,1,26.4,0.26,SPY210930P00318000,318.0,0,0.0,0.0,,0.0,normalDay
2021-08-17,3078.0,2609.0,0.0,0,444.04,0.0,1,26.4,0.31,SPY210930P00318000,318.0,0,0.0,0.0,,0.0,normalDay
2021-08-18,3078.0,2596.0,0.0,0,439.18,0.0,1,26.4,0.44,SPY210930P00318000,318.0,0,0.0,0.0,,0.0,normalDay
2021-08-19,3078.0,2591.0,0.0,0,439.86,0.0,1,26.4,0.49,SPY210930P00318000,318.0,0,0.0,0.0,,0.0,normalDay
2021-08-20,3078.0,2609.0,0.0,0,443.36,0.0,1,26.4,0.31,SPY210930P00318000,318.0,0,0.0,0.0,,0.0,normalDay
2021-08-23,3078.0,2618.0,0.0,0,447.26,0.0,1,26.4,0.22,SPY210930P00318000,318.0,0,0.0,0.0,,0.0,normalDay
2021-08-24,3078.0,2619.0,0.0,0,447.97,0.0,1,26.4,0.21,SPY210930P00318000,318.0,0,0.0,0.0,,0.0,normalDay
2021-08-25,3078.0,2621.0,0.0,0,448.91,0.0,1,26.4,0.19,SPY210930P00318000,318.0,0,0.0,0.0,,0.0,normalDay
2021-08-26,3078.0,2616.0,0.0,0,446.26,0.0,1,26.4,0.24,SPY210930P00318000,318.0,0,0.0,0.0,,0.0,normalDay
2021-08-27,3078.0,2623.0,0.0,0,450.25,0.0,1,26.4,0.17,SPY210930P00318000,318.0,0,0.0,0.0,,0.0,normalDay
2021-08-30,3078.0,2628.0,0.0,0,452.23,0.0,1,26.4,0.12,SPY210930P00318000,318.0,0,0.0,0.0,,0.0,normalDay
2021-08-31,3078.0,2628.0,0.0,0,451.56,0.0,1,26.4,0.12,SPY210930P00318000,318.0,0,0.0,0.0,,0.0,normalDay
2021-09-01,3078.0,2630.0,0.0,0,451.8,0.0,1,26.4,0.1,SPY210930P00318000,318.0,0,0.0,0.0,,0.0,normalDay
2021-09-02,3078.0,2630.0,0.0,0,453.19,0.0,1,26.4,0.1,SPY210930P00318000,318.0,0,0.0,0.0,,0.0,normalDay
2021-09-03,3078.0,2631.0,0.0,0,453.08,0.0,1,26.4,0.09,SPY210930P00318000,318.0,0,0.0,0.0,,0.0,normalDay
2021-09-07,3078.0,2631.0,0.0,0,451.46,0.0,1,26.4,0.09,SPY210930P00318000,318.0,0,0.0,0.0,,0.0,normalDay
2021-09-08,3078.0,2633.0,0.0,0,450.91,0.0,1,26.4,0.07,SPY210930P00318000,318.0,0,0.0,0.0,,0.0,normalDay
2021-09-09,3078.0,2632.0,0.0,0,448.98,0.0,1,26.4,0.08,SPY210930P00318000,318.0,0,0.0,0.0,,0.0,normalDay
2021-09-10,3078.0,2626.0,0.0,0,445.44,0.0,1,26.4,0.14,SPY210930P00318000,318.0,0,0.0,0.0,,0.0,normalDay
2021-09-13,3078.0,2632.0,0.0,0,446.58,0.0,1,26.4,0.08,SPY210930P00318000,318.0,0,0.0,0.0,,0.0,normalDay
2021-09-14,3078.0,2632.0,0.0,0,444.17,0.0,1,26.4,0.08,SPY210930P00318000,318.0,0,0.0,0.0,,0.0,normalDay
2021-09-15,3078.0,2635.0,0.0,0,447.88,0.0,1,26.4,0.05,SPY210930P00318000,318.0,0,0.0,0.0,,0.0,normalDay
2021-09-16,3078.0,2635.0,0.0,0,447.17,0.0,1,26.4,0.05,SPY210930P00318000,318.0,0,0.0,0.0,,0.0,normalDay
2021-09-17,3078.0,2633.0,0.0,0,441.4,0.0,1,26.4,0.07,SPY210930P00318000,318.0,0,0.0,0.0,,0.0,normalDay
2021-09-20,3078.0,2632.0,0.0,0,434.04,0.0,1,26.4,0.08,SPY210930P00318000,318.0,0,0.0,0.0,,0.0,normalDay
2021-09-21,3078.0,2636.0,0.0,0,433.63,0.0,1,26.4,0.04,SPY210930P00318000,318.0,0,0.0,0.0,,0.0,normalDay
2021-09-22,3078.0,2638.0,0.0,0,437.86,0.0,1,26.4,0.02,SPY210930P00318000,318.0,0,0.0,0.0,,0.0,normalDay
2021-09-23,3078.0,2639.0,0.0,0,443.18,0.0,1,26.4,0.01,SPY210930P00318000,318.0,0,0.0,0.0,,0.0,normalDay
2021-09-24,3078.0,2639.0,0.0,0,443.91,0.0,1,26.4,0.01,SPY210930P00318000,318.0,0,0.0,0.0,,0.0,normalDay
2021-09-27,3078.0,2639.0,0.0,0,442.64,0.0,1,26.4,0.01,SPY210930P00318000,318.0,0,0.0,0.0,,0.0,normalDay
2021-09-28,3078.0,2639.0,0.0,0,433.72,0.0,1,26.4,0.01,SPY210930P00318000,318.0,0,0.0,0.0,,0.0,normalDay
2021-09-29,3078.0,2639.0,0.0,0,434.45,0.0,1,26.4,0.01,SPY210930P00318000,318.0,0,0.0,0.0,,0.0,normalDay
2021-09-30,5718.0,0.0,2640.0,0,429.14,0.0,1,26.4,0.0,SPY210930P00318000,318.0,0,0.0,0.0,,0.0,expirationDay
2021-10-01,5718.0,-221.0,0.0,0,434.24,0.0,1,31.48,33.69,SPY220930P00423000,423.0,0,0.0,0.0,,0.0,normalDay
2021-10-04,5718.0,-417.0,0.0,0,428.64,0.0,1,31.48,35.65,SPY220930P00423000,423.0,0,0.0,0.0,,0.0,normalDay
2021-10-05,5718.0,-209.0,0.0,0,433.1,0.0,1,31.48,33.57,SPY220930P00423000,423.0,0,0.0,0.0,,0.0,normalDay
2021-10-06,5718.0,-142.0,0.0,0,434.9,0.0,1,31.48,32.9,SPY220930P00423000,423.0,0,0.0,0.0,,0.0,normalDay
2021-10-07,5718.0,84.0,0.0,0,438.66,0.0,1,31.48,30.64,SPY220930P00423000,423.0,0,0.0,0.0,,0.0,normalDay
2021-10-08,5718.0,60.0,0.0,0,437.86,0.0,1,31.48,30.88,SPY220930P00423000,423.0,0,0.0,0.0,,0.0,normalDay
2021-10-11,5718.0,-26.0,0.0,0,434.69,0.0,1,31.48,31.74,SPY220930P00423000,423.0,0,0.0,0.0,,0.0,normalDay
2021-10-12,5718.0,-59.0,0.0,0,433.62,0.0,1,31.48,32.07,SPY220930P00423000,423.0,0,0.0,0.0,,0.0,normalDay
2021-10-13,5718.0,87.0,0.0,0,435.18,0.0,1,31.48,30.61,SPY220930P00423000,423.0,0,0.0,0.0,,0.0,normalDay
2021-10-14,5718.0,365.0,0.0,0,442.5,0.0,1,31.48,27.83,SPY220930P00423000,423.0,0,0.0,0.0,,0.0,normalDay
2021-10-15,5718.0,421.0,0.0,0,445.87,0.0,1,31.48,27.27,SPY220930P00423000,423.0,0,0.0,0.0,,0.0,normalDay
2021-10-18,5718.0,436.0,0.0,0,447.19,0.0,1,31.48,27.12,SPY220930P00423000,423.0,0,0.0,0.0,,0.0,normalDay
2021-10-19,5718.0,606.0,0.0,0,450.64,0.0,1,31.48,25.42,SPY220930P00423000,423.0,0,0.0,0.0,,0.0,normalDay
2021-10-20,5718.0,655.0,0.0,0,452.41,0.0,1,31.48,24.93,SPY220930P00423000,423.0,0,0.0,0.0,,0.0,normalDay
2021-10-21,5718.0,711.0,0.0,0,453.59,0.0,1,31.48,24.37,SPY220930P00423000,423.0,0,0.0,0.0,,0.0,normalDay
2021-10-22,5718.0,671.0,0.0,0,453.12,0.0,1,31.48,24.77,SPY220930P00423000,423.0,0,0.0,0.0,,0.0,normalDay
2021-10-25,5718.0,758.0,0.0,0,455.55,0.0,1,31.48,23.9,SPY220930P00423000,423.0,0,0.0,0.0,,0.0,normalDay
2021-10-26,5718.0,782.0,0.0,0,455.96,0.0,1,31.48,23.66,SPY220930P00423000,423.0,0,0.0,0.0,,0.0,normalDay
2021-10-27,5718.0,664.0,0.0,0,453.94,0.0,1,31.48,24.84,SPY220930P00423000,423.0,0,0.0,0.0,,0.0,normalDay
2021-10-28,5718.0,762.0,0.0,0,458.32,0.0,1,31.48,23.86,SPY220930P00423000,423.0,0,0.0,0.0,,0.0,normalDay
2021-10-29,5718.0,849.0,0.0,0,459.25,0.0,1,31.48,22.99,SPY220930P00423000,423.0,0,0.0,0.0,,0.0,normalDay
2021-11-01,5718.0,870.0,0.0,0,460.04,0.0,1,31.48,22.78,SPY220930P00423000,423.0,0,0.0,0.0,,0.0,normalDay
2021-11-02,5718.0,921.0,0.0,0,461.9,0.0,1,31.48,22.27,SPY220930P00423000,423.0,0,0.0,0.0,,0.0,normalDay
2021-11-03,5718.0,1001.0,0.0,0,464.72,0.0,1,31.48,21.47,SPY220930P00423000,423.0,0,0.0,0.0,,0.0,normalDay
2021-11-04,5718.0,1038.0,0.0,0,466.91,0.0,1,31.48,21.1,SPY220930P00423000,423.0,0,0.0,0.0,,0.0,normalDay
2021-11-05,5718.0,1035.0,0.0,0,468.53,0.0,1,31.48,21.13,SPY220930P00423000,423.0,0,0.0,0.0,,0.0,normalDay
2021-11-08,5718.0,1032.0,0.0,0,468.93,0.0,1,31.48,21.16,SPY220930P00423000,423.0,0,0.0,0.0,,0.0,normalDay
2021-11-09,5718.0,984.0,0.0,0,467.38,0.0,1,31.48,21.64,SPY220930P00423000,423.0,0,0.0,0.0,,0.0,normalDay
2021-11-10,5718.0,910.0,0.0,0,463.62,0.0,1,31.48,22.38,SPY220930P00423000,423.0,0,0.0,0.0,,0.0,normalDay
2021-11-11,5718.0,960.0,0.0,0,463.77,0.0,1,31.48,21.88,SPY220930P00423000,423.0,0,0.0,0.0,,0.0,normalDay
2021-11-12,5718.0,1073.0,0.0,0,467.27,0.0,1,31.48,20.75,SPY220930P00423000,423.0,0,0.0,0.0,,0.0,normalDay
2021-11-15,5718.0,1067.0,0.0,0,467.43,0.0,1,31.48,20.81,SPY220930P00423000,423.0,0,0.0,0.0,,0.0,normalDay
2021-11-16,5718.0,1099.0,0.0,0,469.28,0.0,1,31.48,20.49,SPY220930P00423000,423.0,0,0.0,0.0,,0.0,normalDay
2021-11-17,5718.0,1000.0,0.0,0,468.14,0.0,1,31.48,21.48,SPY220930P00423000,423.0,0,0.0,0.0,,0.0,normalDay
2021-11-18,5718.0,1041.0,0.0,0,469.73,0.0,1,31.48,21.07,SPY220930P00423000,423.0,0,0.0,0.0,,0.0,normalDay
2021-11-19,5718.0,1011.0,0.0,0,468.89,0.0,1,31.48,21.37,SPY220930P00423000,423.0,0,0.0,0.0,,0.0,normalDay
2021-11-22,5718.0,945.0,0.0,0,467.57,0.0,1,31.48,22.03,SPY220930P00423000,423.0,0,0.0,0.0,,0.0,normalDay
2021-11-23,5718.0,979.0,0.0,0,468.19,0.0,1,31.48,21.69,SPY220930P00423000,423.0,0,0.0,0.0,,0.0,normalDay
2021-11-24,5718.0,1046.0,0.0,0,469.44,0.0,1,31.48,21.02,SPY220930P00423000,423.0,0,0.0,0.0,,0.0,normalDay
2021-11-26,5718.0,238.0,0.0,0,458.97,0.0,1,31.48,29.1,SPY220930P00423000,423.0,0,0.0,0.0,,0.0,normalDay
2021-11-29,5718.0,850.0,0.0,0,464.6,0.0,1,31.48,22.98,SPY220930P00423000,423.0,0,0.0,0.0,,0.0,normalDay
2021-11-30,5718.0,524.0,0.0,0,455.56,0.0,1,31.48,26.24,SPY220930P00423000,423.0,0,0.0,0.0,,0.0,normalDay
2021-12-01,5718.0,130.0,0.0,0,450.5,0.0,1,31.48,30.18,SPY220930P00423000,423.0,0,0.0,0.0,,0.0,normalDay
2021-12-02,5718.0,510.0,0.0,0,457.4,0.0,1,31.48,26.38,SPY220930P00423000,423.0,0,0.0,0.0,,0.0,normalDay
2021-12-03,5718.0,252.0,0.0,0,453.42,0.0,1,31.48,28.96,SPY220930P00423000,423.0,0,0.0,0.0,,0.0,normalDay
2021-12-06,5718.0,536.0,0.0,0,458.79,0.0,1,31.48,26.12,SPY220930P00423000,423.0,0,0.0,0.0,,0.0,normalDay
2021-12-07,5718.0,957.0,0.0,0,468.28,0.0,1,31.48,21.91,SPY220930P00423000,423.0,0,0.0,0.0,,0.0,normalDay
2021-12-08,5718.0,1035.0,0.0,0,469.52,0.0,1,31.48,21.13,SPY220930P00423000,423.0,0,0.0,0.0,,0.0,normalDay
2021-12-09,5718.0,926.0,0.0,0,466.35,0.0,1,31.48,22.22,SPY220930P00423000,423.0,0,0.0,0.0,,0.0,normalDay
2021-12-10,5718.0,1083.0,0.0,0,470.74,0.0,1,31.48,20.65,SPY220930P00423000,423.0,0,0.0,0.0,,0.0,normalDay
2021-12-13,5718.0,932.0,0.0,0,466.57,0.0,1,31.48,22.16,SPY220930P00423000,423.0,0,0.0,0.0,,0.0,normalDay
2021-12-14,5718.0,823.0,0.0,0,463.36,0.0,1,31.48,23.25,SPY220930P00423000,423.0,0,0.0,0.0,,0.0,normalDay
2021-12-15,5718.0,1086.0,0.0,0,470.6,0.0,1,31.48,20.62,SPY220930P00423000,423.0,0,0.0,0.0,,0.0,normalDay
2021-12-16,5718.0,911.0,0.0,0,466.45,0.0,1,31.48,22.37,SPY220930P00423000,423.0,0,0.0,0.0,,0.0,normalDay
2021-12-17,5718.0,782.0,0.0,0,459.87,0.0,1,31.48,23.66,SPY220930P00423000,423.0,0,0.0,0.0,,0.0,normalDay
2021-12-20,5718.0,662.0,0.0,0,454.98,0.0,1,31.48,24.86,SPY220930P00423000,423.0,0,0.0,0.0,,0.0,normalDay
2021-12-21,5718.0,908.0,0.0,0,463.06,0.0,1,31.48,22.4,SPY220930P00423000,423.0,0,0.0,0.0,,0.0,normalDay
2021-12-22,5718.0,1080.0,0.0,0,467.69,0.0,1,31.48,20.68,SPY220930P00423000,423.0,0,0.0,0.0,,0.0,normalDay
2021-12-23,5718.0,1166.0,0.0,0,470.6,0.0,1,31.48,19.82,SPY220930P00423000,423.0,0,0.0,0.0,,0.0,normalDay
2021-12-27,5718.0,1336.0,0.0,0,477.26,0.0,1,31.48,18.12,SPY220930P00423000,423.0,0,0.0,0.0,,0.0,normalDay
2021-12-28,5718.0,1357.0,0.0,0,476.87,0.0,1,31.48,17.91,SPY220930P00423000,423.0,0,0.0,0.0,,0.0,normalDay
2021-12-29,5718.0,1386.0,0.0,0,477.48,0.0,1,31.48,17.62,SPY220930P00423000,423.0,0,0.0,0.0,,0.0,normalDay
2021-12-30,5718.0,1339.0,0.0,0,476.16,0.0,1,31.48,18.09,SPY220930P00423000,423.0,0,0.0,0.0,,0.0,normalDay
2021-12-31,5718.0,1370.0,0.0,0,474.96,0.0,1,31.48,17.78,SPY220930P00423000,423.0,0,0.0,0.0,,0.0,normalDay
2022-01-03,5718.0,1451.0,0.0,0,477.71,0.0,1,31.48,16.97,SPY220930P00423000,423.0,0,0.0,0.0,,0.0,normalDay
2022-01-04,5718.0,1437.0,0.0,0,477.55,0.0,1,31.48,17.11,SPY220930P00423000,423.0,0,0.0,0.0,,0.0,normalDay
2022-01-05,5718.0,1189.0,0.0,0,468.38,0.0,1,31.48,19.59,SPY220930P00423000,423.0,0,0.0,0.0,,0.0,normalDay
2022-01-06,5718.0,1194.0,0.0,0,467.94,0.0,1,31.48,19.54,SPY220930P00423000,423.0,0,0.0,0.0,,0.0,normalDay
2022-01-07,5718.0,1197.0,0.0,0,466.09,0.0,1,31.48,19.51,SPY220930P00423000,423.0,0,0.0,0.0,,0.0,normalDay
2022-01-10,5718.0,1214.0,0.0,0,465.51,0.0,1,31.48,19.34,SPY220930P00423000,423.0,0,0.0,0.0,,0.0,normalDay
2022-01-11,5718.0,1351.0,0.0,0,469.75,0.0,1,31.48,17.97,SPY220930P00423000,423.0,0,0.0,0.0,,0.0,normalDay
2022-01-12,5718.0,1402.0,0.0,0,471.02,0.0,1,31.48,17.46,SPY220930P00423000,423.0,0,0.0,0.0,,0.0,normalDay
2022-01-13,5718.0,1184.0,0.0,0,464.53,0.0,1,31.48,19.64,SPY220930P00423000,423.0,0,0.0,0.0,,0.0,normalDay
2022-01-14,5718.0,1241.0,0.0,0,464.72,0.0,1,31.48,19.07,SPY220930P00423000,423.0,0,0.0,0.0,,0.0,normalDay
2022-01-18,5718.0,948.0,0.0,0,456.49,0.0,1,31.48,22.0,SPY220930P00423000,423.0,0,0.0,0.0,,0.0,normalDay
2022-01-19,5718.0,845.0,0.0,0,451.75,0.0,1,31.48,23.03,SPY220930P00423000,423.0,0,0.0,0.0,,0.0,normalDay
2022-01-20,5718.0,577.0,0.0,0,446.75,0.0,1,31.48,25.71,SPY220930P00423000,423.0,0,0.0,0.0,,0.0,normalDay
2022-01-21,5718.0,271.0,0.0,0,437.98,0.0,1,31.48,28.77,SPY220930P00423000,423.0,0,0.0,0.0,,0.0,normalDay
2022-01-24,5718.0,290.0,0.0,0,439.84,0.0,1,31.48,28.58,SPY220930P00423000,423.0,0,0.0,0.0,,0.0,normalDay
2022-01-25,5718.0,50.0,0.0,0,434.47,0.0,1,31.48,30.98,SPY220930P00423000,423.0,0,0.0,0.0,,0.0,normalDay
2022-01-26,5718.0,82.0,0.0,0,433.38,0.0,1,31.48,30.66,SPY220930P00423000,423.0,0,0.0,0.0,,0.0,normalDay
2022-01-27,5718.0,107.0,0.0,0,431.24,0.0,1,31.48,30.41,SPY220930P00423000,423.0,0,0.0,0.0,,0.0,normalDay
2022-01-28,5718.0,540.0,0.0,0,441.95,0.0,1,31.48,26.08,SPY220930P00423000,423.0,0,0.0,0.0,,0.0,normalDay
2022-01-31,5718.0,852.0,0.0,0,449.91,0.0,1,31.48,22.96,SPY220930P00423000,423.0,0,0.0,0.0,,0.0,normalDay
2022-02-01,5718.0,1077.0,0.0,0,452.95,0.0,1,31.48,20.71,SPY220930P00423000,423.0,0,0.0,0.0,,0.0,normalDay
2022-02-02,5718.0,1085.0,0.0,0,457.35,0.0,1,31.48,20.63,SPY220930P00423000,423.0,0,0.0,0.0,,0.0,normalDay
2022-02-03,5718.0,845.0,0.0,0,446.6,0.0,1,31.48,23.03,SPY220930P00423000,423.0,0,0.0,0.0,,0.0,normalDay
2022-02-04,5718.0,803.0,0.0,0,448.7,0.0,1,31.48,23.45,SPY220930P00423000,423.0,0,0.0,0.0,,0.0,normalDay
2022-02-07,5718.0,843.0,0.0,0,447.26,0.0,1,31.48,23.05,SPY220930P00423000,423.0,0,0.0,0.0,,0.0,normalDay
2022-02-08,5718.0,1022.0,0.0,0,450.94,0.0,1,31.48,21.26,SPY220930P00423000,423.0,0,0.0,0.0,,0.0,normalDay
2022-02-09,5718.0,1226.0,0.0,0,457.54,0.0,1,31.48,19.22,SPY220930P00423000,423.0,0,0.0,0.0,,0.0,normalDay
2022-02-10,5718.0,928.0,0.0,0,449.32,0.0,1,31.48,22.2,SPY220930P00423000,423.0,0,0.0,0.0,,0.0,normalDay
2022-02-11,5718.0,521.0,0.0,0,440.46,0.0,1,31.48,26.27,SPY220930P00423000,423.0,0,0.0,0.0,,0.0,normalDay
2022-02-14,5718.0,541.0,0.0,0,439.02,0.0,1,31.48,26.07,SPY220930P00423000,423.0,0,0.0,0.0,,0.0,normalDay
2022-02-15,5718.0,819.0,0.0,0,446.1,0.0,1,31.48,23.29,SPY220930P00423000,423.0,0,0.0,0.0,,0.0,normalDay
2022-02-16,5718.0,901.0,0.0,0,446.6,0.0,1,31.48,22.47,SPY220930P00423000,423.0,0,0.0,0.0,,0.0,normalDay
2022-02-17,5718.0,480.0,0.0,0,437.06,0.0,1,31.48,26.68,SPY220930P00423000,423.0,0,0.0,0.0,,0.0,normalDay
2022-02-18,5718.0,405.0,0.0,0,434.23,0.0,1,31.48,27.43,SPY220930P00423000,423.0,0,0.0,0.0,,0.0,normalDay
2022-02-22,5718.0,315.0,0.0,0,429.57,0.0,1,31.48,28.33,SPY220930P00423000,423.0,0,0.0,0.0,,0.0,normalDay
2022-02-23,5718.0,-79.0,0.0,0,421.95,0.0,1,31.48,32.27,SPY220930P00423000,423.0,0,0.0,0.0,,0.0,normalDay
2022-02-24,5718.0,173.0,0.0,0,428.3,0.0,1,31.48,29.75,SPY220930P00423000,423.0,0,0.0,0.0,,0.0,normalDay
2022-02-25,5718.0,620.0,0.0,0,437.75,0.0,1,31.48,25.28,SPY220930P00423000,423.0,0,0.0,0.0,,0.0,normalDay
2022-02-28,5718.0,530.0,0.0,0,436.63,0.0,1,31.48,26.18,SPY220930P00423000,423.0,0,0.0,0.0,,0.0,normalDay
2022-03-01,5718.0,135.0,0.0,0,429.98,0.0,1,31.48,30.13,SPY220930P00423000,423.0,0,0.0,0.0,,0.0,normalDay
2022-03-02,5718.0,485.0,0.0,0,437.89,0.0,1,31.48,26.63,SPY220930P00423000,423.0,0,0.0,0.0,,0.0,normalDay
2022-03-03,5718.0,423.0,0.0,0,435.71,0.0,1,31.48,27.25,SPY220930P00423000,423.0,0,0.0,0.0,,0.0,normalDay
2022-03-04,5718.0,201.0,0.0,0,432.17,0.0,1,31.48,29.47,SPY220930P00423000,423.0,0,0.0,0.0,,0.0,normalDay
2022-03-07,5718.0,-460.0,0.0,0,419.43,0.0,1,31.48,36.08,SPY220930P00423000,423.0,0,0.0,0.0,,0.0,normalDay
2022-03-08,5718.0,-573.0,0.0,0,416.25,0.0,1,31.48,37.21,SPY220930P00423000,423.0,0,0.0,0.0,,0.0,normalDay
2022-03-09,5718.0,-24.0,0.0,0,427.41,0.0,1,31.48,31.72,SPY220930P00423000,423.0,0,0.0,0.0,,0.0,normalDay
2022-03-10,5718.0,11.0,0.0,0,425.48,0.0,1,31.48,31.37,SPY220930P00423000,423.0,0,0.0,0.0,,0.0,normalDay
2022-03-11,5718.0,-253.0,0.0,0,420.07,0.0,1,31.48,34.01,SPY220930P00423000,423.0,0,0.0,0.0,,0.0,normalDay
2022-03-14,5718.0,-362.0,0.0,0,417.0,0.0,1,31.48,35.1,SPY220930P00423000,423.0,0,0.0,0.0,,0.0,normalDay
2022-03-15,5718.0,38.0,0.0,0,426.17,0.0,1,31.48,31.1,SPY220930P00423000,423.0,0,0.0,0.0,,0.0,normalDay
2022-03-16,5718.0,556.0,0.0,0,435.62,0.0,1,31.48,25.92,SPY220930P00423000,423.0,0,0.0,0.0,,0.0,normalDay
2022-03-17,5718.0,791.0,0.0,0,441.07,0.0,1,31.48,23.57,SPY220930P00423000,423.0,0,0.0,0.0,,0.0,normalDay
2022-03-18,5718.0,1056.0,0.0,0,444.52,0.0,1,31.48,20.92,SPY220930P00423000,423.0,0,0.0,0.0,,0.0,normalDay
2022-03-21,5718.0,1079.0,0.0,0,444.39,0.0,1,31.48,20.69,SPY220930P00423000,423.0,0,0.0,0.0,,0.0,normalDay
2022-03-22,5718.0,1271.0,0.0,0,449.59,0.0,1,31.48,18.77,SPY220930P00423000,423.0,0,0.0,0.0,,0.0,normalDay
2022-03-23,5718.0,1084.0,0.0,0,443.8,0.0,1,31.48,20.64,SPY220930P00423000,423.0,0,0.0,0.0,,0.0,normalDay
2022-03-24,5718.0,1308.0,0.0,0,450.49,0.0,1,31.48,18.4,SPY220930P00423000,423.0,0,0.0,0.0,,0.0,normalDay
2022-03-25,5718.0,1388.0,0.0,0,452.69,0.0,1,31.48,17.6,SPY220930P00423000,423.0,0,0.0,0.0,,0.0,normalDay
2022-03-28,5718.0,1512.0,0.0,0,455.91,0.0,1,31.48,16.36,SPY220930P00423000,423.0,0,0.0,0.0,,0.0,normalDay
2022-03-29,5718.0,1664.0,0.0,0,461.55,0.0,1,31.48,14.84,SPY220930P00423000,423.0,0,0.0,0.0,,0.0,normalDay
2022-03-30,5718.0,1594.0,0.0,0,458.7,0.0,1,31.48,15.54,SPY220930P00423000,423.0,0,0.0,0.0,,0.0,normalDay
2022-03-31,5718.0,1388.0,0.0,0,451.64,0.0,1,31.48,17.6,SPY220930P00423000,423.0,0,0.0,0.0,,0.0,normalDay
2022-04-01,5718.0,1456.0,0.0,0,452.92,0.0,1,31.48,16.92,SPY220930P00423000,423.0,0,0.0,0.0,,0.0,normalDay
2022-04-04,5718.0,1620.0,0.0,0,456.8,0.0,1,31.48,15.28,SPY220930P00423000,423.0,0,0.0,0.0,,0.0,normalDay
2022-04-05,5718.0,1374.0,0.0,0,451.03,0.0,1,31.48,17.74,SPY220930P00423000,423.0,0,0.0,0.0,,0.0,normalDay
2022-04-06,5718.0,1255.0,0.0,0,446.52,0.0,1,31.48,18.93,SPY220930P00423000,423.0,0,0.0,0.0,,0.0,normalDay
2022-04-07,5718.0,1329.0,0.0,0,448.77,0.0,1,31.48,18.19,SPY220930P00423000,423.0,0,0.0,0.0,,0.0,normalDay
2022-04-08,5718.0,1320.0,0.0,0,447.57,0.0,1,31.48,18.28,SPY220930P00423000,423.0,0,0.0,0.0,,0.0,normalDay
2022-04-11,5718.0,1046.0,0.0,0,439.92,0.0,1,31.48,21.02,SPY220930P00423000,423.0,0,0.0,0.0,,0.0,normalDay
2022-04-12,5718.0,995.0,0.0,0,438.29,0.0,1,31.48,21.53,SPY220930P00423000,423.0,0,0.0,0.0,,0.0,normalDay
2022-04-13,5718.0,1238.0,0.0,0,443.31,0.0,1,31.48,19.1,SPY220930P00423000,423.0,0,0.0,0.0,,0.0,normalDay
2022-04-14,5718.0,1046.0,0.0,0,437.79,0.0,1,31.48,21.02,SPY220930P00423000,423.0,0,0.0,0.0,,0.0,normalDay
2022-04-18,5718.0,1143.0,0.0,0,437.97,0.0,1,31.48,20.05,SPY220930P00423000,423.0,0,0.0,0.0,,0.0,normalDay
2022-04-19,5718.0,1302.0,0.0,0,445.04,0.0,1,31.48,18.46,SPY220930P00423000,423.0,0,0.0,0.0,,0.0,normalDay
2022-04-20,5718.0,1419.0,0.0,0,444.71,0.0,1,31.48,17.29,SPY220930P00423000,423.0,0,0.0,0.0,,0.0,normalDay
2022-04-21,5718.0,1111.0,0.0,0,438.06,0.0,1,31.48,20.37,SPY220930P00423000,423.0,0,0.0,0.0,,0.0,normalDay
2022-04-22,5718.0,507.0,0.0,0,426.04,0.0,1,31.48,26.41,SPY220930P00423000,423.0,0,0.0,0.0,,0.0,normalDay
2022-04-25,5718.0,715.0,0.0,0,428.51,0.0,1,31.48,24.33,SPY220930P00423000,423.0,0,0.0,0.0,,0.0,normalDay
2022-04-26,5718.0,-78.0,0.0,0,416.1,0.0,1,31.48,32.26,SPY220930P00423000,423.0,0,0.0,0.0,,0.0,normalDay
2022-04-27,5718.0,184.0,0.0,0,417.27,0.0,1,31.48,29.64,SPY220930P00423000,423.0,0,0.0,0.0,,0.0,normalDay
2022-04-28,5718.0,578.0,0.0,0,427.81,0.0,1,31.48,25.7,SPY220930P00423000,423.0,0,0.0,0.0,,0.0,normalDay
2022-04-29,5718.0,-72.0,0.0,0,412.0,0.0,1,31.48,32.2,SPY220930P00423000,423.0,0,0.0,0.0,,0.0,normalDay
2022-05-02,5718.0,105.0,0.0,0,414.48,0.0,1,31.48,30.43,SPY220930P00423000,423.0,0,0.0,0.0,,0.0,normalDay
2022-05-03,5718.0,313.0,0.0,0,416.38,0.0,1,31.48,28.35,SPY220930P00423000,423.0,0,0.0,0.0,,0.0,normalDay
2022-05-04,5718.0,877.0,0.0,0,429.06,0.0,1,31.48,22.71,SPY220930P00423000,423.0,0,0.0,0.0,,0.0,normalDay
2022-05-05,5718.0,39.0,0.0,0,413.81,0.0,1,31.48,31.09,SPY220930P00423000,423.0,0,0.0,0.0,,0.0,normalDay
2022-05-06,5718.0,-122.0,0.0,0,411.34,0.0,1,31.48,32.7,SPY220930P00423000,423.0,0,0.0,0.0,,0.0,normalDay
2022-05-09,5718.0,-779.0,0.0,0,398.17,0.0,1,31.48,39.27,SPY220930P00423000,423.0,0,0.0,0.0,,0.0,normalDay
2022-05-10,5718.0,-718.0,0.0,0,399.09,0.0,1,31.48,38.66,SPY220930P00423000,423.0,0,0.0,0.0,,0.0,normalDay
2022-05-11,5718.0,-1083.0,0.0,0,392.75,0.0,1,31.48,42.31,SPY220930P00423000,423.0,0,0.0,0.0,,0.0,normalDay
2022-05-12,5718.0,-1101.0,0.0,0,392.34,0.0,1,31.48,42.49,SPY220930P00423000,423.0,0,0.0,0.0,,0.0,normalDay
2022-05-13,5718.0,-486.0,0.0,0,401.72,0.0,1,31.48,36.34,SPY220930P00423000,423.0,0,0.0,0.0,,0.0,normalDay
2022-05-16,5718.0,-509.0,0.0,0,400.09,0.0,1,31.48,36.57,SPY220930P00423000,423.0,0,0.0,0.0,,0.0,normalDay
2022-05-17,5718.0,25.0,0.0,0,408.32,0.0,1,31.48,31.23,SPY220930P00423000,423.0,0,0.0,0.0,,0.0,normalDay
2022-05-18,5718.0,-1126.0,0.0,0,391.86,0.0,1,31.48,42.74,SPY220930P00423000,423.0,0,0.0,0.0,,0.0,normalDay
2022-05-19,5718.0,-1180.0,0.0,0,389.46,0.0,1,31.48,43.28,SPY220930P00423000,423.0,0,0.0,0.0,,0.0,normalDay
2022-05-20,5718.0,-1178.0,0.0,0,389.63,0.0,1,31.48,43.26,SPY220930P00423000,423.0,0,0.0,0.0,,0.0,normalDay
2022-05-23,5718.0,-628.0,0.0,0,396.92,0.0,1,31.48,37.76,SPY220930P00423000,423.0,0,0.0,0.0,,0.0,normalDay
2022-05-24,5718.0,-840.0,0.0,0,393.89,0.0,1,31.48,39.88,SPY220930P00423000,423.0,0,0.0,0.0,,0.0,normalDay
2022-05-25,5718.0,-619.0,0.0,0,397.37,0.0,1,31.48,37.67,SPY220930P00423000,423.0,0,0.0,0.0,,0.0,normalDay
2022-05-26,5718.0,-160.0,0.0,0,405.31,0.0,1,31.48,33.08,SPY220930P00423000,423.0,0,0.0,0.0,,0.0,normalDay
2022-05-27,5718.0,482.0,0.0,0,415.26,0.0,1,31.48,26.66,SPY220930P00423000,423.0,0,0.0,0.0,,0.0,normalDay
2022-05-31,5718.0,354.0,0.0,0,412.93,0.0,1,31.48,27.94,SPY220930P00423000,423.0,0,0.0,0.0,,0.0,normalDay
2022-06-01,5718.0,223.0,0.0,0,409.59,0.0,1,31.48,29.25,SPY220930P00423000,423.0,0,0.0,0.0,,0.0,normalDay
2022-06-02,5718.0,665.0,0.0,0,417.39,0.0,1,31.48,24.83,SPY220930P00423000,423.0,0,0.0,0.0,,0.0,normalDay
2022-06-03,5718.0,314.0,0.0,0,410.54,0.0,1,31.48,28.34,SPY220930P00423000,423.0,0,0.0,0.0,,0.0,normalDay
2022-06-06,5718.0,401.0,0.0,0,411.79,0.0,1,31.48,27.47,SPY220930P00423000,423.0,0,0.0,0.0,,0.0,normalDay
2022-06-07,5718.0,613.0,0.0,0,415.74,0.0,1,31.48,25.35,SPY220930P00423000,423.0,0,0.0,0.0,,0.0,normalDay
2022-06-08,5718.0,419.0,0.0,0,411.22,0.0,1,31.48,27.29,SPY220930P00423000,423.0,0,0.0,0.0,,0.0,normalDay
2022-06-09,5718.0,-189.0,0.0,0,401.44,0.0,1,31.48,33.37,SPY220930P00423000,423.0,0,0.0,0.0,,0.0,normalDay
2022-06-10,5718.0,-976.0,0.0,0,389.8,0.0,1,31.48,41.24,SPY220930P00423000,423.0,0,0.0,0.0,,0.0,normalDay
2022-06-13,5718.0,-2207.0,0.0,0,375.0,0.0,1,31.48,53.55,SPY220930P00423000,423.0,0,0.0,0.0,,0.0,normalDay
2022-06-14,5718.0,-2338.0,0.0,0,373.87,0.0,1,31.48,54.86,SPY220930P00423000,423.0,0,0.0,0.0,,0.0,normalDay
2022-06-15,5718.0,-1793.0,0.0,0,379.2,0.0,1,31.48,49.41,SPY220930P00423000,423.0,0,0.0,0.0,,0.0,normalDay
2022-06-16,5718.0,-2827.0,0.0,0,366.65,0.0,1,31.48,59.75,SPY220930P00423000,423.0,0,0.0,0.0,,0.0,normalDay
2022-06-17,5718.0,-2719.0,0.0,0,365.86,0.0,1,31.48,58.67,SPY220930P00423000,423.0,0,0.0,0.0,,0.0,normalDay
2022-06-21,5718.0,-1948.0,0.0,0,375.07,0.0,1,31.48,50.96,SPY220930P00423000,423.0,0,0.0,0.0,,0.0,normalDay
2022-06-22,5718.0,-1960.0,0.0,0,374.39,0.0,1,31.48,51.08,SPY220930P00423000,423.0,0,0.0,0.0,,0.0,normalDay
2022-06-23,5718.0,-1764.0,0.0,0,378.06,0.0,1,31.48,49.12,SPY220930P00423000,423.0,0,0.0,0.0,,0.0,normalDay
2022-06-24,5718.0,-785.0,0.0,0,390.08,0.0,1,31.48,39.33,SPY220930P00423000,423.0,0,0.0,0.0,,0.0,normalDay
2022-06-27,5718.0,-731.0,0.0,0,388.59,0.0,1,31.48,38.79,SPY220930P00423000,423.0,0,0.0,0.0,,0.0,normalDay
2022-06-28,5718.0,-1423.0,0.0,0,380.65,0.0,1,31.48,45.71,SPY220930P00423000,423.0,0,0.0,0.0,,0.0,normalDay
2022-06-29,5718.0,-1409.0,0.0,0,380.34,0.0,1,31.48,45.57,SPY220930P00423000,423.0,0,0.0,0.0,,0.0,normalDay
2022-06-30,5718.0,-1770.0,0.0,0,377.25,0.0,1,31.48,49.18,SPY220930P00423000,423.0,0,0.0,0.0,,0.0,normalDay
2022-07-01,5718.0,-1368.0,0.0,0,381.24,0.0,1,31.48,45.16,SPY220930P00423000,423.0,0,0.0,0.0,,0.0,normalDay
2022-07-05,5718.0,-1313.0,0.0,0,381.96,0.0,1,31.48,44.61,SPY220930P00423000,423.0,0,0.0,0.0,,0.0,normalDay
2022-07-06,5718.0,-1125.0,0.0,0,383.25,0.0,1,31.48,42.73,SPY220930P00423000,423.0,0,0.0,0.0,,0.0,normalDay
2022-07-07,5718.0,-694.0,0.0,0,388.99,0.0,1,31.48,38.42,SPY220930P00423000,423.0,0,0.0,0.0,,0.0,normalDay
2022-07-08,5718.0,-641.0,0.0,0,388.67,0.0,1,31.48,37.89,SPY220930P00423000,423.0,0,0.0,0.0,,0.0,normalDay
2022-07-11,5718.0,-998.0,0.0,0,384.23,0.0,1,31.48,41.46,SPY220930P00423000,423.0,0,0.0,0.0,,0.0,normalDay
2022-07-12,5718.0,-1341.0,0.0,0,380.83,0.0,1,31.48,44.89,SPY220930P00423000,423.0,0,0.0,0.0,,0.0,normalDay
2022-07-13,5718.0,-1507.0,0.0,0,378.83,0.0,1,31.48,46.55,SPY220930P00423000,423.0,0,0.0,0.0,,0.0,normalDay
2022-07-14,5718.0,-1544.0,0.0,0,377.91,0.0,1,31.48,46.92,SPY220930P00423000,423.0,0,0.0,0.0,,0.0,normalDay
2022-07-15,5718.0,-900.0,0.0,0,385.13,0.0,1,31.48,40.48,SPY220930P00423000,423.0,0,0.0,0.0,,0.0,normalDay
2022-07-18,5718.0,-1168.0,0.0,0,381.95,0.0,1,31.48,43.16,SPY220930P00423000,423.0,0,0.0,0.0,,0.0,normalDay
2022-07-19,5718.0,-289.0,0.0,0,392.27,0.0,1,31.48,34.37,SPY220930P00423000,423.0,0,0.0,0.0,,0.0,normalDay
2022-07-20,5718.0,-106.0,0.0,0,394.77,0.0,1,31.48,32.54,SPY220930P00423000,423.0,0,0.0,0.0,,0.0,normalDay
2022-07-21,5718.0,174.0,0.0,0,398.79,0.0,1,31.48,29.74,SPY220930P00423000,423.0,0,0.0,0.0,,0.0,normalDay
2022-07-22,5718.0,-109.0,0.0,0,395.09,0.0,1,31.48,32.57,SPY220930P00423000,423.0,0,0.0,0.0,,0.0,normalDay
2022-07-25,5718.0,28.0,0.0,0,395.57,0.0,1,31.48,31.2,SPY220930P00423000,423.0,0,0.0,0.0,,0.0,normalDay
2022-07-26,5718.0,-331.0,0.0,0,390.89,0.0,1,31.48,34.79,SPY220930P00423000,423.0,0,0.0,0.0,,0.0,normalDay
2022-07-27,5718.0,380.0,0.0,0,401.04,0.0,1,31.48,27.68,SPY220930P00423000,423.0,0,0.0,0.0,,0.0,normalDay
2022-07-28,5718.0,874.0,0.0,0,406.07,0.0,1,31.48,22.74,SPY220930P00423000,423.0,0,0.0,0.0,,0.0,normalDay
2022-07-29,5718.0,1228.0,0.0,0,411.99,0.0,1,31.48,19.2,SPY220930P00423000,423.0,0,0.0,0.0,,0.0,normalDay
2022-08-01,5718.0,1136.0,0.0,0,410.77,0.0,1,31.48,20.12,SPY220930P00423000,423.0,0,0.0,0.0,,0.0,normalDay
2022-08-02,5718.0,916.0,0.0,0,408.06,0.0,1,31.48,22.32,SPY220930P00423000,423.0,0,0.0,0.0,,0.0,normalDay
2022-08-03,5718.0,1354.0,0.0,0,414.45,0.0,1,31.48,17.94,SPY220930P00423000,423.0,0,0.0,0.0,,0.0,normalDay
2022-08-04,5718.0,1382.0,0.0,0,414.17,0.0,1,31.48,17.66,SPY220930P00423000,423.0,0,0.0,0.0,,0.0,normalDay
2022-08-05,5718.0,1340.0,0.0,0,413.47,0.0,1,31.48,18.08,SPY220930P00423000,423.0,0,0.0,0.0,,0.0,normalDay
2022-08-08,5718.0,1365.0,0.0,0,412.99,0.0,1,31.48,17.83,SPY220930P00423000,423.0,0,0.0,0.0,,0.0,normalDay
2022-08-09,5718.0,1279.0,0.0,0,411.35,0.0,1,31.48,18.69,SPY220930P00423000,423.0,0,0.0,0.0,,0.0,normalDay
2022-08-10,5718.0,1789.0,0.0,0,419.99,0.0,1,31.48,13.59,SPY220930P00423000,423.0,0,0.0,0.0,,0.0,normalDay
2022-08-11,5718.0,1828.0,0.0,0,419.99,0.0,1,31.48,13.2,SPY220930P00423000,423.0,0,0.0,0.0,,0.0,normalDay
2022-08-12,5718.0,2122.0,0.0,0,427.1,0.0,1,31.48,10.26,SPY220930P00423000,423.0,0,0.0,0.0,,0.0,normalDay
2022-08-15,5718.0,2215.0,0.0,0,428.86,0.0,1,31.48,9.33,SPY220930P00423000,423.0,0,0.0,0.0,,0.0,normalDay
2022-08-16,5718.0,2255.0,0.0,0,429.7,0.0,1,31.48,8.93,SPY220930P00423000,423.0,0,0.0,0.0,,0.0,normalDay
2022-08-17,5718.0,2141.0,0.0,0,426.65,0.0,1,31.48,10.07,SPY220930P00423000,423.0,0,0.0,0.0,,0.0,normalDay
2022-08-18,5718.0,2223.0,0.0,0,427.89,0.0,1,31.48,9.25,SPY220930P00423000,423.0,0,0.0,0.0,,0.0,normalDay
2022-08-19,5718.0,1968.0,0.0,0,422.14,0.0,1,31.48,11.8,SPY220930P00423000,423.0,0,0.0,0.0,,0.0,normalDay
2022-08-22,5718.0,1467.0,0.0,0,413.35,0.0,1,31.48,16.81,SPY220930P00423000,423.0,0,0.0,0.0,,0.0,normalDay
2022-08-23,5718.0,1380.0,0.0,0,412.35,0.0,1,31.48,17.68,SPY220930P00423000,423.0,0,0.0,0.0,,0.0,normalDay
2022-08-24,5718.0,1549.0,0.0,0,413.67,0.0,1,31.48,15.99,SPY220930P00423000,423.0,0,0.0,0.0,,0.0,normalDay
2022-08-25,5718.0,1884.0,0.0,0,419.51,0.0,1,31.48,12.64,SPY220930P00423000,423.0,0,0.0,0.0,,0.0,normalDay
2022-08-26,5718.0,903.0,0.0,0,405.31,0.0,1,31.48,22.45,SPY220930P00423000,423.0,0,0.0,0.0,,0.0,normalDay
2022-08-29,5718.0,744.0,0.0,0,402.63,0.0,1,31.48,24.04,SPY220930P00423000,423.0,0,0.0,0.0,,0.0,normalDay
2022-08-30,5718.0,395.0,0.0,0,398.21,0.0,1,31.48,27.53,SPY220930P00423000,423.0,0,0.0,0.0,,0.0,normalDay
2022-08-31,5718.0,163.0,0.0,0,395.18,0.0,1,31.48,29.85,SPY220930P00423000,423.0,0,0.0,0.0,,0.0,normalDay
2022-09-01,5718.0,259.0,0.0,0,396.42,0.0,1,31.48,28.89,SPY220930P00423000,423.0,0,0.0,0.0,,0.0,normalDay
2022-09-02,5718.0,-82.0,0.0,0,392.24,0.0,1,31.48,32.3,SPY220930P00423000,423.0,0,0.0,0.0,,0.0,normalDay
2022-09-06,5718.0,-318.0,0.0,0,390.76,0.0,1,31.48,34.66,SPY220930P00423000,423.0,0,0.0,0.0,,0.0,normalDay
2022-09-07,5718.0,370.0,0.0,0,397.78,0.0,1,31.48,27.78,SPY220930P00423000,423.0,0,0.0,0.0,,0.0,normalDay
2022-09-08,5718.0,683.0,0.0,0,400.38,0.0,1,31.48,24.65,SPY220930P00423000,423.0,0,0.0,0.0,,0.0,normalDay
2022-09-09,5718.0,1163.0,0.0,0,406.6,0.0,1,31.48,19.85,SPY220930P00423000,423.0,0,0.0,0.0,,0.0,normalDay
2022-09-12,5718.0,1541.0,0.0,0,410.97,0.0,1,31.48,16.07,SPY220930P00423000,423.0,0,0.0,0.0,,0.0,normalDay
2022-09-13,5718.0,1.0,0.0,0,393.1,0.0,1,31.48,31.47,SPY220930P00423000,423.0,0,0.0,0.0,,0.0,normalDay
2022-09-14,5718.0,128.0,0.0,0,394.6,0.0,1,31.48,30.2,SPY220930P00423000,423.0,0,0.0,0.0,,0.0,normalDay
2022-09-15,5718.0,-227.0,0.0,0,390.12,0.0,1,31.48,33.75,SPY220930P00423000,423.0,0,0.0,0.0,,0.0,normalDay
2022-09-16,5718.0,-569.0,0.0,0,385.56,0.0,1,31.48,37.17,SPY220930P00423000,423.0,0,0.0,0.0,,0.0,normalDay
2022-09-19,5718.0,-290.0,0.0,0,388.55,0.0,1,31.48,34.38,SPY220930P00423000,423.0,0,0.0,0.0,,0.0,normalDay
2022-09-20,5718.0,-695.0,0.0,0,384.09,0.0,1,31.48,38.43,SPY220930P00423000,423.0,0,0.0,0.0,,0.0,normalDay
2022-09-21,5718.0,-1426.0,0.0,0,377.39,0.0,1,31.48,45.74,SPY220930P00423000,423.0,0,0.0,0.0,,0.0,normalDay
2022-09-22,5718.0,-1701.0,0.0,0,374.22,0.0,1,31.48,48.49,SPY220930P00423000,423.0,0,0.0,0.0,,0.0,normalDay
2022-09-23,5718.0,-2405.0,0.0,0,367.95,0.0,1,31.48,55.53,SPY220930P00423000,423.0,0,0.0,0.0,,0.0,normalDay
2022-09-26,5718.0,-2796.0,0.0,0,364.31,0.0,1,31.48,59.44,SPY220930P00423000,423.0,0,0.0,0.0,,0.0,normalDay
2022-09-27,5718.0,-2832.0,0.0,0,363.38,0.0,1,31.48,59.8,SPY220930P00423000,423.0,0,0.0,0.0,,0.0,normalDay
2022-09-28,5718.0,-2119.0,0.0,0,370.53,0.0,1,31.48,52.67,SPY220930P00423000,423.0,0,0.0,0.0,,0.0,normalDay
2022-09-29,5718.0,-2871.0,0.0,0,362.79,0.0,1,31.48,60.19,SPY220930P00423000,423.0,0,0.0,0.0,,0.0,normalDay
2022-09-30,8866.0,-6582.0,3148.0,100,357.18,423.0,1,31.48,0.0,SPY220930P00423000,423.0,0,0.0,0.0,,0.0,expirationDay
2022-10-03,8866.0,-5642.0,0.0,100,366.61,423.0,0,0.0,0.0,,0.0,1,0.01,0.04,SPY221021C00430000,430.0,normalDay
2022-10-04,8866.0,-4510.0,0.0,100,377.97,423.0,0,0.0,0.0,,0.0,1,0.01,0.08,SPY221021C00430000,430.0,normalDay
2022-10-05,8866.0,-4594.0,0.0,100,377.09,423.0,0,0.0,0.0,,0.0,1,0.01,0.04,SPY221021C00430000,430.0,normalDay
2022-10-06,8866.0,-4983.0,0.0,100,373.2,423.0,0,0.0,0.0,,0.0,1,0.01,0.04,SPY221021C00430000,430.0,normalDay
2022-10-07,8866.0,-6022.0,0.0,100,362.79,423.0,0,0.0,0.0,,0.0,1,0.01,0.02,SPY221021C00430000,430.0,normalDay
2022-10-10,8866.0,-6298.0,0.0,100,360.02,423.0,0,0.0,0.0,,0.0,1,0.01,0.01,SPY221021C00430000,430.0,normalDay
2022-10-11,8866.0,-6527.0,0.0,100,357.74,423.0,0,0.0,0.0,,0.0,1,0.01,0.02,SPY221021C00430000,430.0,normalDay
2022-10-12,8866.0,-6645.0,0.0,100,356.56,423.0,0,0.0,0.0,,0.0,1,0.01,0.02,SPY221021C00430000,430.0,normalDay
2022-10-13,8866.0,-5704.0,0.0,100,365.97,423.0,0,0.0,0.0,,0.0,1,0.01,0.02,SPY221021C00430000,430.0,normalDay
2022-10-14,8866.0,-6537.0,0.0,100,357.63,423.0,0,0.0,0.0,,0.0,1,0.01,0.01,SPY221021C00430000,430.0,normalDay
2022-10-17,8866.0,-5618.0,0.0,100,366.82,423.0,0,0.0,0.0,,0.0,1,0.01,0.01,SPY221021C00430000,430.0,normalDay
2022-10-18,8866.0,-5187.0,0.0,100,371.13,423.0,0,0.0,0.0,,0.0,1,0.01,0.01,SPY221021C00430000,430.0,normalDay
2022-10-19,8866.0,-5450.0,0.0,100,368.5,423.0,0,0.0,0.0,,0.0,1,0.01,0.01,SPY221021C00430000,430.0,normalDay
2022-10-20,8866.0,-5759.0,0.0,100,365.41,423.0,0,0.0,0.0,,0.0,1,0.01,0.01,SPY221021C00430000,430.0,normalDay
2022-10-21,8867.0,-4871.0,1.0,100,374.29,423.0,0,0.0,0.0,,0.0,1,0.01,0.0,SPY221021C00430000,430.0,expirationDay
2022-10-24,8867.0,-4417.0,0.0,100,378.87,423.0,0,0.0,0.0,,0.0,1,6.44,6.48,SPY221111C00388000,388.0,normalDay
2022-10-25,8867.0,-3947.0,0.0,100,384.92,423.0,0,0.0,0.0,,0.0,1,6.44,7.83,SPY221111C00388000,388.0,normalDay
2022-10-26,8867.0,-4157.0,0.0,100,382.02,423.0,0,0.0,0.0,,0.0,1,6.44,7.03,SPY221111C00388000,388.0,normalDay
2022-10-27,8867.0,-4076.0,0.0,100,379.98,423.0,0,0.0,0.0,,0.0,1,6.44,4.18,SPY221111C00388000,388.0,normalDay
2022-10-28,8867.0,-3693.0,0.0,100,389.02,423.0,0,0.0,0.0,,0.0,1,6.44,9.39,SPY221111C00388000,388.0,normalDay
2022-10-31,8867.0,-3758.0,0.0,100,386.21,423.0,0,0.0,0.0,,0.0,1,6.44,7.23,SPY221111C00388000,388.0,normalDay
2022-11-01,8867.0,-3802.0,0.0,100,384.52,423.0,0,0.0,0.0,,0.0,1,6.44,5.98,SPY221111C00388000,388.0,normalDay
2022-11-02,8867.0,-4386.0,0.0,100,374.87,423.0,0,0.0,0.0,,0.0,1,6.44,2.17,SPY221111C00388000,388.0,normalDay
2022-11-03,8867.0,-4668.0,0.0,100,371.01,423.0,0,0.0,0.0,,0.0,1,6.44,1.13,SPY221111C00388000,388.0,normalDay
2022-11-04,8867.0,-4194.0,0.0,100,376.35,423.0,0,0.0,0.0,,0.0,1,6.44,1.73,SPY221111C00388000,388.0,normalDay
2022-11-07,8867.0,-3866.0,0.0,100,379.95,423.0,0,0.0,0.0,,0.0,1,6.44,2.05,SPY221111C00388000,388.0,normalDay
2022-11-08,8867.0,-3699.0,0.0,100,382.0,423.0,0,0.0,0.0,,0.0,1,6.44,2.43,SPY221111C00388000,388.0,normalDay
2022-11-09,8867.0,-4300.0,0.0,100,374.13,423.0,0,0.0,0.0,,0.0,1,6.44,0.57,SPY221111C00388000,388.0,normalDay
2022-11-10,8867.0,-2946.0,0.0,100,394.69,423.0,0,0.0,0.0,,0.0,1,6.44,7.59,SPY221111C00388000,388.0,normalDay
2022-11-11,6011.0,-2946.0,-2856.0,0,398.51,0.0,0,0.0,0.0,,0.0,1,6.44,0.0,SPY221111C00388000,388.0,expirationDay
2022-11-14,6011.0,-120.0,0.0,0,395.12,0.0,1,17.57,18.77,SPY230929P00356000,356.0,0,0.0,0.0,,0.0,normalDay
2022-11-15,6011.0,-66.0,0.0,0,398.49,0.0,1,17.57,18.23,SPY230929P00356000,356.0,0,0.0,0.0,,0.0,normalDay
2022-11-16,6011.0,-101.0,0.0,0,395.45,0.0,1,17.57,18.58,SPY230929P00356000,356.0,0,0.0,0.0,,0.0,normalDay
2022-11-17,6011.0,-88.0,0.0,0,394.24,0.0,1,17.57,18.45,SPY230929P00356000,356.0,0,0.0,0.0,,0.0,normalDay
2022-11-18,6011.0,-79.0,0.0,0,396.03,0.0,1,17.57,18.36,SPY230929P00356000,356.0,0,0.0,0.0,,0.0,normalDay
2022-11-21,6011.0,-50.0,0.0,0,394.59,0.0,1,17.57,18.07,SPY230929P00356000,356.0,0,0.0,0.0,,0.0,normalDay
2022-11-22,6011.0,101.0,0.0,0,399.9,0.0,1,17.57,16.56,SPY230929P00356000,356.0,0,0.0,0.0,,0.0,normalDay
2022-11-23,6011.0,200.0,0.0,0,402.42,0.0,1,17.57,15.57,SPY230929P00356000,356.0,0,0.0,0.0,,0.0,normalDay
2022-11-25,6011.0,177.0,0.0,0,402.33,0.0,1,17.57,15.8,SPY230929P00356000,356.0,0,0.0,0.0,,0.0,normalDay
2022-11-28,6011.0,2.0,0.0,0,395.91,0.0,1,17.57,17.55,SPY230929P00356000,356.0,0,0.0,0.0,,0.0,normalDay
2022-11-29,6011.0,5.0,0.0,0,395.23,0.0,1,17.57,17.52,SPY230929P00356000,356.0,0,0.0,0.0,,0.0,normalDay
2022-11-30,6011.0,275.0,0.0,0,407.68,0.0,1,17.57,14.82,SPY230929P00356000,356.0,0,0.0,0.0,,0.0,normalDay
2022-12-01,6011.0,291.0,0.0,0,407.38,0.0,1,17.57,14.66,SPY230929P00356000,356.0,0,0.0,0.0,,0.0,normalDay
2022-12-02,6011.0,317.0,0.0,0,406.91,0.0,1,17.57,14.4,SPY230929P00356000,356.0,0,0.0,0.0,,0.0,normalDay
2022-12-05,6011.0,178.0,0.0,0,399.59,0.0,1,17.57,15.79,SPY230929P00356000,356.0,0,0.0,0.0,,0.0,normalDay
2022-12-06,6011.0,52.0,0.0,0,393.83,0.0,1,17.57,17.05,SPY230929P00356000,356.0,0,0.0,0.0,,0.0,normalDay
2022-12-07,6011.0,-3.0,0.0,0,393.16,0.0,1,17.57,17.6,SPY230929P00356000,356.0,0,0.0,0.0,,0.0,normalDay
2022-12-08,6011.0,73.0,0.0,0,396.24,0.0,1,17.57,16.84,SPY230929P00356000,356.0,0,0.0,0.0,,0.0,normalDay
2022-12-09,6011.0,-3.0,0.0,0,393.28,0.0,1,17.57,17.6,SPY230929P00356000,356.0,0,0.0,0.0,,0.0,normalDay
2022-12-12,6011.0,112.0,0.0,0,398.95,0.0,1,17.57,16.45,SPY230929P00356000,356.0,0,0.0,0.0,,0.0,normalDay
2022-12-13,6011.0,227.0,0.0,0,401.97,0.0,1,17.57,15.3,SPY230929P00356000,356.0,0,0.0,0.0,,0.0,normalDay
2022-12-14,6011.0,191.0,0.0,0,399.4,0.0,1,17.57,15.66,SPY230929P00356000,356.0,0,0.0,0.0,,0.0,normalDay
2022-12-15,6011.0,-60.0,0.0,0,389.63,0.0,1,17.57,18.17,SPY230929P00356000,356.0,0,0.0,0.0,,0.0,normalDay
2022-12-16,6011.0,-185.0,0.0,0,383.27,0.0,1,17.57,19.42,SPY230929P00356000,356.0,0,0.0,0.0,,0.0,normalDay
2022-12-19,6011.0,-237.0,0.0,0,380.02,0.0,1,17.57,19.94,SPY230929P00356000,356.0,0,0.0,0.0,,0.0,normalDay
2022-12-20,6011.0,-172.0,0.0,0,380.54,0.0,1,17.57,19.29,SPY230929P00356000,356.0,0,0.0,0.0,,0.0,normalDay
2022-12-21,6011.0,21.0,0.0,0,386.23,0.0,1,17.57,17.36,SPY230929P00356000,356.0,0,0.0,0.0,,0.0,normalDay
2022-12-22,6011.0,-156.0,0.0,0,380.72,0.0,1,17.57,19.13,SPY230929P00356000,356.0,0,0.0,0.0,,0.0,normalDay
2022-12-23,6011.0,-73.0,0.0,0,382.91,0.0,1,17.57,18.3,SPY230929P00356000,356.0,0,0.0,0.0,,0.0,normalDay
2022-12-27,6011.0,-96.0,0.0,0,381.4,0.0,1,17.57,18.53,SPY230929P00356000,356.0,0,0.0,0.0,,0.0,normalDay
2022-12-28,6011.0,-219.0,0.0,0,376.66,0.0,1,17.57,19.76,SPY230929P00356000,356.0,0,0.0,0.0,,0.0,normalDay
2022-12-29,6011.0,-12.0,0.0,0,383.44,0.0,1,17.57,17.69,SPY230929P00356000,356.0,0,0.0,0.0,,0.0,normalDay
2022-12-30,6011.0,-29.0,0.0,0,382.43,0.0,1,17.57,17.86,SPY230929P00356000,356.0,0,0.0,0.0,,0.0,normalDay
2023-01-03,6011.0,-70.0,0.0,0,380.82,0.0,1,17.57,18.27,SPY230929P00356000,356.0,0,0.0,0.0,,0.0,normalDay
2023-01-04,6011.0,78.0,0.0,0,383.76,0.0,1,17.57,16.79,SPY230929P00356000,356.0,0,0.0,0.0,,0.0,normalDay
2023-01-05,6011.0,-25.0,0.0,0,379.38,0.0,1,17.57,17.82,SPY230929P00356000,356.0,0,0.0,0.0,,0.0,normalDay
2023-01-06,6011.0,246.0,0.0,0,388.08,0.0,1,17.57,15.11,SPY230929P00356000,356.0,0,0.0,0.0,,0.0,normalDay
2023-01-09,6011.0,232.0,0.0,0,387.86,0.0,1,17.57,15.25,SPY230929P00356000,356.0,0,0.0,0.0,,0.0,normalDay
2023-01-10,6011.0,345.0,0.0,0,390.58,0.0,1,17.57,14.12,SPY230929P00356000,356.0,0,0.0,0.0,,0.0,normalDay
2023-01-11,6011.0,443.0,0.0,0,395.52,0.0,1,17.57,13.14,SPY230929P00356000,356.0,0,0.0,0.0,,0.0,normalDay
2023-01-12,6011.0,542.0,0.0,0,396.96,0.0,1,17.57,12.15,SPY230929P00356000,356.0,0,0.0,0.0,,0.0,normalDay
2023-01-13,6011.0,597.0,0.0,0,398.5,0.0,1,17.57,11.6,SPY230929P00356000,356.0,0,0.0,0.0,,0.0,normalDay
2023-01-17,6011.0,597.0,0.0,0,397.77,0.0,1,17.57,11.6,SPY230929P00356000,356.0,0,0.0,0.0,,0.0,normalDay
2023-01-18,6011.0,428.0,0.0,0,391.49,0.0,1,17.57,13.29,SPY230929P00356000,356.0,0,0.0,0.0,,0.0,normalDay
2023-01-19,6011.0,394.0,0.0,0,388.64,0.0,1,17.57,13.63,SPY230929P00356000,356.0,0,0.0,0.0,,0.0,normalDay
2023-01-20,6011.0,571.0,0.0,0,395.88,0.0,1,17.57,11.86,SPY230929P00356000,356.0,0,0.0,0.0,,0.0,normalDay
2023-01-23,6011.0,687.0,0.0,0,400.63,0.0,1,17.57,10.7,SPY230929P00356000,356.0,0,0.0,0.0,,0.0,normalDay
2023-01-24,6011.0,722.0,0.0,0,400.2,0.0,1,17.57,10.35,SPY230929P00356000,356.0,0,0.0,0.0,,0.0,normalDay
2023-01-25,6011.0,757.0,0.0,0,400.35,0.0,1,17.57,10.0,SPY230929P00356000,356.0,0,0.0,0.0,,0.0,normalDay
2023-01-26,6011.0,830.0,0.0,0,404.75,0.0,1,17.57,9.27,SPY230929P00356000,356.0,0,0.0,0.0,,0.0,normalDay
2023-01-27,6011.0,835.0,0.0,0,405.68,0.0,1,17.57,9.22,SPY230929P00356000,356.0,0,0.0,0.0,,0.0,normalDay
2023-01-30,6011.0,767.0,0.0,0,400.59,0.0,1,17.57,9.9,SPY230929P00356000,356.0,0,0.0,0.0,,0.0,normalDay
2023-01-31,6011.0,855.0,0.0,0,406.48,0.0,1,17.57,9.02,SPY230929P00356000,356.0,0,0.0,0.0,,0.0,normalDay
2023-02-01,6011.0,942.0,0.0,0,410.8,0.0,1,17.57,8.15,SPY230929P00356000,356.0,0,0.0,0.0,,0.0,normalDay
2023-02-02,6011.0,963.0,0.0,0,416.78,0.0,1,17.57,7.94,SPY230929P00356000,356.0,0,0.0,0.0,,0.0,normalDay
2023-02-03,6011.0,927.0,0.0,0,412.35,0.0,1,17.57,8.3,SPY230929P00356000,356.0,0,0.0,0.0,,0.0,normalDay
2023-02-06,6011.0,897.0,0.0,0,409.83,0.0,1,17.57,8.6,SPY230929P00356000,356.0,0,0.0,0.0,,0.0,normalDay
2023-02-07,6011.0,988.0,0.0,0,415.19,0.0,1,17.57,7.69,SPY230929P00356000,356.0,0,0.0,0.0,,0.0,normalDay
2023-02-08,6011.0,903.0,0.0,0,410.65,0.0,1,17.57,8.54,SPY230929P00356000,356.0,0,0.0,0.0,,0.0,normalDay
2023-02-09,6011.0,837.0,0.0,0,407.09,0.0,1,17.57,9.2,SPY230929P00356000,356.0,0,0.0,0.0,,0.0,normalDay
2023-02-10,6011.0,825.0,0.0,0,408.04,0.0,1,17.57,9.32,SPY230929P00356000,356.0,0,0.0,0.0,,0.0,normalDay
2023-02-13,6011.0,942.0,0.0,0,412.83,0.0,1,17.57,8.15,SPY230929P00356000,356.0,0,0.0,0.0,,0.0,normalDay
2023-02-14,6011.0,961.0,0.0,0,412.64,0.0,1,17.57,7.96,SPY230929P00356000,356.0,0,0.0,0.0,,0.0,normalDay
2023-02-15,6011.0,1014.0,0.0,0,413.98,0.0,1,17.57,7.43,SPY230929P00356000,356.0,0,0.0,0.0,,0.0,normalDay
2023-02-16,6011.0,904.0,0.0,0,408.28,0.0,1,17.57,8.53,SPY230929P00356000,356.0,0,0.0,0.0,,0.0,normalDay
2023-02-17,6011.0,899.0,0.0,0,407.26,0.0,1,17.57,8.58,SPY230929P00356000,356.0,0,0.0,0.0,,0.0,normalDay
2023-02-21,6011.0,734.0,0.0,0,399.09,0.0,1,17.57,10.23,SPY230929P00356000,356.0,0,0.0,0.0,,0.0,normalDay
2023-02-22,6011.0,752.0,0.0,0,398.54,0.0,1,17.57,10.05,SPY230929P00356000,356.0,0,0.0,0.0,,0.0,normalDay
2023-02-23,6011.0,823.0,0.0,0,400.66,0.0,1,17.57,9.34,SPY230929P00356000,356.0,0,0.0,0.0,,0.0,normalDay
2023-02-24,6011.0,724.0,0.0,0,396.38,0.0,1,17.57,10.33,SPY230929P00356000,356.0,0,0.0,0.0,,0.0,normalDay
2023-02-27,6011.0,802.0,0.0,0,397.73,0.0,1,17.57,9.55,SPY230929P00356000,356.0,0,0.0,0.0,,0.0,normalDay
2023-02-28,6011.0,797.0,0.0,0,396.26,0.0,1,17.57,9.6,SPY230929P00356000,356.0,0,0.0,0.0,,0.0,normalDay
2023-03-01,6011.0,775.0,0.0,0,394.74,0.0,1,17.57,9.82,SPY230929P00356000,356.0,0,0.0,0.0,,0.0,normalDay
2023-03-02,6011.0,854.0,0.0,0,397.81,0.0,1,17.57,9.03,SPY230929P00356000,356.0,0,0.0,0.0,,0.0,normalDay
2023-03-03,6011.0,978.0,0.0,0,404.19,0.0,1,17.57,7.79,SPY230929P00356000,356.0,0,0.0,0.0,,0.0,normalDay
2023-03-06,6011.0,1000.0,0.0,0,404.47,0.0,1,17.57,7.57,SPY230929P00356000,356.0,0,0.0,0.0,,0.0,normalDay
2023-03-07,6011.0,902.0,0.0,0,398.27,0.0,1,17.57,8.55,SPY230929P00356000,356.0,0,0.0,0.0,,0.0,normalDay
2023-03-08,6011.0,942.0,0.0,0,398.92,0.0,1,17.57,8.15,SPY230929P00356000,356.0,0,0.0,0.0,,0.0,normalDay
2023-03-09,6011.0,702.0,0.0,0,391.56,0.0,1,17.57,10.55,SPY230929P00356000,356.0,0,0.0,0.0,,0.0,normalDay
2023-03-10,6011.0,493.0,0.0,0,385.91,0.0,1,17.57,12.64,SPY230929P00356000,356.0,0,0.0,0.0,,0.0,normalDay
2023-03-13,6011.0,409.0,0.0,0,385.36,0.0,1,17.57,13.48,SPY230929P00356000,356.0,0,0.0,0.0,,0.0,normalDay
2023-03-14,6011.0,618.0,0.0,0,391.73,0.0,1,17.57,11.39,SPY230929P00356000,356.0,0,0.0,0.0,,0.0,normalDay
2023-03-15,6011.0,437.0,0.0,0,389.28,0.0,1,17.57,13.2,SPY230929P00356000,356.0,0,0.0,0.0,,0.0,normalDay
2023-03-16,6011.0,682.0,0.0,0,396.11,0.0,1,17.57,10.75,SPY230929P00356000,356.0,0,0.0,0.0,,0.0,normalDay
2023-03-17,6011.0,467.0,0.0,0,389.99,0.0,1,17.57,12.9,SPY230929P00356000,356.0,0,0.0,0.0,,0.0,normalDay
2023-03-20,6011.0,611.0,0.0,0,393.74,0.0,1,17.57,11.46,SPY230929P00356000,356.0,0,0.0,0.0,,0.0,normalDay
2023-03-21,6011.0,803.0,0.0,0,398.91,0.0,1,17.57,9.54,SPY230929P00356000,356.0,0,0.0,0.0,,0.0,normalDay
2023-03-22,6011.0,654.0,0.0,0,392.11,0.0,1,17.57,11.03,SPY230929P00356000,356.0,0,0.0,0.0,,0.0,normalDay
2023-03-23,6011.0,640.0,0.0,0,393.17,0.0,1,17.57,11.17,SPY230929P00356000,356.0,0,0.0,0.0,,0.0,normalDay
2023-03-24,6011.0,744.0,0.0,0,395.75,0.0,1,17.57,10.13,SPY230929P00356000,356.0,0,0.0,0.0,,0.0,normalDay
2023-03-27,6011.0,829.0,0.0,0,396.49,0.0,1,17.57,9.28,SPY230929P00356000,356.0,0,0.0,0.0,,0.0,normalDay
2023-03-28,6011.0,840.0,0.0,0,395.6,0.0,1,17.57,9.17,SPY230929P00356000,356.0,0,0.0,0.0,,0.0,normalDay
2023-03-29,6011.0,967.0,0.0,0,401.35,0.0,1,17.57,7.9,SPY230929P00356000,356.0,0,0.0,0.0,,0.0,normalDay
2023-03-30,6011.0,1006.0,0.0,0,403.7,0.0,1,17.57,7.51,SPY230929P00356000,356.0,0,0.0,0.0,,0.0,normalDay
2023-03-31,6011.0,1075.0,0.0,0,409.39,0.0,1,17.57,6.82,SPY230929P00356000,356.0,0,0.0,0.0,,0.0,normalDay
2023-04-03,6011.0,1119.0,0.0,0,410.95,0.0,1,17.57,6.38,SPY230929P00356000,356.0,0,0.0,0.0,,0.0,normalDay
2023-04-04,6011.0,1073.0,0.0,0,408.67,0.0,1,17.57,6.84,SPY230929P00356000,356.0,0,0.0,0.0,,0.0,normalDay
2023-04-05,6011.0,1049.0,0.0,0,407.6,0.0,1,17.57,7.08,SPY230929P00356000,356.0,0,0.0,0.0,,0.0,normalDay
2023-04-06,6011.0,1090.0,0.0,0,409.19,0.0,1,17.57,6.67,SPY230929P00356000,356.0,0,0.0,0.0,,0.0,normalDay
2023-04-10,6011.0,1120.0,0.0,0,409.61,0.0,1,17.57,6.37,SPY230929P00356000,356.0,0,0.0,0.0,,0.0,normalDay
2023-04-11,6011.0,1130.0,0.0,0,409.72,0.0,1,17.57,6.27,SPY230929P00356000,356.0,0,0.0,0.0,,0.0,normalDay
2023-04-12,6011.0,1109.0,0.0,0,408.05,0.0,1,17.57,6.48,SPY230929P00356000,356.0,0,0.0,0.0,,0.0,normalDay
2023-04-13,6011.0,1199.0,0.0,0,413.47,0.0,1,17.57,5.58,SPY230929P00356000,356.0,0,0.0,0.0,,0.0,normalDay
2023-04-14,6011.0,1203.0,0.0,0,412.46,0.0,1,17.57,5.54,SPY230929P00356000,356.0,0,0.0,0.0,,0.0,normalDay
2023-04-17,6011.0,1247.0,0.0,0,413.94,0.0,1,17.57,5.1,SPY230929P00356000,356.0,0,0.0,0.0,,0.0,normalDay
2023-04-18,6011.0,1243.0,0.0,0,414.21,0.0,1,17.57,5.14,SPY230929P00356000,356.0,0,0.0,0.0,,0.0,normalDay
2023-04-19,6011.0,1234.0,0.0,0,414.14,0.0,1,17.57,5.23,SPY230929P00356000,356.0,0,0.0,0.0,,0.0,normalDay
2023-04-20,6011.0,1195.0,0.0,0,411.88,0.0,1,17.57,5.62,SPY230929P00356000,356.0,0,0.0,0.0,,0.0,normalDay
2023-04-21,6011.0,1197.0,0.0,0,412.2,0.0,1,17.57,5.6,SPY230929P00356000,356.0,0,0.0,0.0,,0.0,normalDay
2023-04-24,6011.0,1209.0,0.0,0,412.63,0.0,1,17.57,5.48,SPY230929P00356000,356.0,0,0.0,0.0,,0.0,normalDay
2023-04-25,6011.0,1106.0,0.0,0,406.08,0.0,1,17.57,6.51,SPY230929P00356000,356.0,0,0.0,0.0,,0.0,normalDay
2023-04-26,6011.0,1084.0,0.0,0,404.36,0.0,1,17.57,6.73,SPY230929P00356000,356.0,0,0.0,0.0,,0.0,normalDay
2023-04-27,6011.0,1230.0,0.0,0,412.41,0.0,1,17.57,5.27,SPY230929P00356000,356.0,0,0.0,0.0,,0.0,normalDay
2023-04-28,6011.0,1278.0,0.0,0,415.93,0.0,1,17.57,4.79,SPY230929P00356000,356.0,0,0.0,0.0,,0.0,normalDay
2023-05-01,6011.0,1288.0,0.0,0,415.51,0.0,1,17.57,4.69,SPY230929P00356000,356.0,0,0.0,0.0,,0.0,normalDay
2023-05-02,6011.0,1214.0,0.0,0,410.84,0.0,1,17.57,5.43,SPY230929P00356000,356.0,0,0.0,0.0,,0.0,normalDay
2023-05-03,6011.0,1173.0,0.0,0,408.02,0.0,1,17.57,5.84,SPY230929P00356000,356.0,0,0.0,0.0,,0.0,normalDay
2023-05-04,6011.0,1086.0,0.0,0,405.13,0.0,1,17.57,6.71,SPY230929P00356000,356.0,0,0.0,0.0,,0.0,normalDay
2023-05-05,6011.0,1232.0,0.0,0,412.63,0.0,1,17.57,5.25,SPY230929P00356000,356.0,0,0.0,0.0,,0.0,normalDay
2023-05-08,6011.0,1254.0,0.0,0,412.74,0.0,1,17.57,5.03,SPY230929P00356000,356.0,0,0.0,0.0,,0.0,normalDay
2023-05-09,6011.0,1229.0,0.0,0,410.93,0.0,1,17.57,5.28,SPY230929P00356000,356.0,0,0.0,0.0,,0.0,normalDay
2023-05-10,6011.0,1264.0,0.0,0,412.85,0.0,1,17.57,4.93,SPY230929P00356000,356.0,0,0.0,0.0,,0.0,normalDay
2023-05-11,6011.0,1267.0,0.0,0,412.13,0.0,1,17.57,4.9,SPY230929P00356000,356.0,0,0.0,0.0,,0.0,normalDay
2023-05-12,6011.0,1260.0,0.0,0,411.59,0.0,1,17.57,4.97,SPY230929P00356000,356.0,0,0.0,0.0,,0.0,normalDay
2023-05-15,6011.0,1300.0,0.0,0,413.01,0.0,1,17.57,4.57,SPY230929P00356000,356.0,0,0.0,0.0,,0.0,normalDay
2023-05-16,6011.0,1261.0,0.0,0,410.25,0.0,1,17.57,4.96,SPY230929P00356000,356.0,0,0.0,0.0,,0.0,normalDay
2023-05-17,6011.0,1332.0,0.0,0,415.23,0.0,1,17.57,4.25,SPY230929P00356000,356.0,0,0.0,0.0,,0.0,normalDay
2023-05-18,6011.0,1391.0,0.0,0,419.23,0.0,1,17.57,3.66,SPY230929P00356000,356.0,0,0.0,0.0,,0.0,normalDay
2023-05-19,6011.0,1368.0,0.0,0,418.62,0.0,1,17.57,3.89,SPY230929P00356000,356.0,0,0.0,0.0,,0.0,normalDay
2023-05-22,6011.0,1370.0,0.0,0,418.79,0.0,1,17.57,3.87,SPY230929P00356000,356.0,0,0.0,0.0,,0.0,normalDay
2023-05-23,6011.0,1318.0,0.0,0,414.09,0.0,1,17.57,4.39,SPY230929P00356000,356.0,0,0.0,0.0,,0.0,normalDay
2023-05-24,6011.0,1274.0,0.0,0,411.09,0.0,1,17.57,4.83,SPY230929P00356000,356.0,0,0.0,0.0,,0.0,normalDay
2023-05-25,6011.0,1327.0,0.0,0,414.65,0.0,1,17.57,4.3,SPY230929P00356000,356.0,0,0.0,0.0,,0.0,normalDay
2023-05-26,6011.0,1393.0,0.0,0,420.02,0.0,1,17.57,3.64,SPY230929P00356000,356.0,0,0.0,0.0,,0.0,normalDay
2023-05-30,6011.0,1419.0,0.0,0,420.18,0.0,1,17.57,3.38,SPY230929P00356000,356.0,0,0.0,0.0,,0.0,normalDay
2023-05-31,6011.0,1411.0,0.0,0,417.85,0.0,1,17.57,3.46,SPY230929P00356000,356.0,0,0.0,0.0,,0.0,normalDay
2023-06-01,6011.0,1478.0,0.0,0,421.82,0.0,1,17.57,2.79,SPY230929P00356000,356.0,0,0.0,0.0,,0.0,normalDay
2023-06-02,6011.0,1526.0,0.0,0,427.92,0.0,1,17.57,2.31,SPY230929P00356000,356.0,0,0.0,0.0,,0.0,normalDay
2023-06-05,6011.0,1534.0,0.0,0,427.1,0.0,1,17.57,2.23,SPY230929P00356000,356.0,0,0.0,0.0,,0.0,normalDay
2023-06-06,6011.0,1565.0,0.0,0,428.03,0.0,1,17.57,1.92,SPY230929P00356000,356.0,0,0.0,0.0,,0.0,normalDay
2023-06-07,6011.0,1559.0,0.0,0,426.55,0.0,1,17.57,1.98,SPY230929P00356000,356.0,0,0.0,0.0,,0.0,normalDay
2023-06-08,6011.0,1578.0,0.0,0,429.13,0.0,1,17.57,1.79,SPY230929P00356000,356.0,0,0.0,0.0,,0.0,normalDay
2023-06-09,6011.0,1580.0,0.0,0,429.9,0.0,1,17.57,1.77,SPY230929P00356000,356.0,0,0.0,0.0,,0.0,normalDay
2023-06-12,6011.0,1588.0,0.0,0,433.8,0.0,1,17.57,1.69,SPY230929P00356000,356.0,0,0.0,0.0,,0.0,normalDay
2023-06-13,6011.0,1597.0,0.0,0,436.66,0.0,1,17.57,1.6,SPY230929P00356000,356.0,0,0.0,0.0,,0.0,normalDay
2023-06-14,6011.0,1610.0,0.0,0,437.18,0.0,1,17.57,1.47,SPY230929P00356000,356.0,0,0.0,0.0,,0.0,normalDay
2023-06-15,6011.0,1617.0,0.0,0,442.6,0.0,1,17.57,1.4,SPY230929P00356000,356.0,0,0.0,0.0,,0.0,normalDay
2023-06-16,6011.0,1622.0,0.0,0,439.46,0.0,1,17.57,1.35,SPY230929P00356000,356.0,0,0.0,0.0,,0.0,normalDay
2023-06-20,6011.0,1617.0,0.0,0,437.18,0.0,1,17.57,1.4,SPY230929P00356000,356.0,0,0.0,0.0,,0.0,normalDay
2023-06-21,6011.0,1622.0,0.0,0,434.94,0.0,1,17.57,1.35,SPY230929P00356000,356.0,0,0.0,0.0,,0.0,normalDay
2023-06-22,6011.0,1638.0,0.0,0,436.51,0.0,1,17.57,1.19,SPY230929P00356000,356.0,0,0.0,0.0,,0.0,normalDay
2023-06-23,6011.0,1626.0,0.0,0,433.21,0.0,1,17.57,1.31,SPY230929P00356000,356.0,0,0.0,0.0,,0.0,normalDay
2023-06-26,6011.0,1624.0,0.0,0,431.44,0.0,1,17.57,1.33,SPY230929P00356000,356.0,0,0.0,0.0,,0.0,normalDay
2023-06-27,6011.0,1646.0,0.0,0,436.17,0.0,1,17.57,1.11,SPY230929P00356000,356.0,0,0.0,0.0,,0.0,normalDay
2023-06-28,6011.0,1660.0,0.0,0,436.39,0.0,1,17.57,0.97,SPY230929P00356000,356.0,0,0.0,0.0,,0.0,normalDay
2023-06-29,6011.0,1659.0,0.0,0,438.11,0.0,1,17.57,0.98,SPY230929P00356000,356.0,0,0.0,0.0,,0.0,normalDay
2023-06-30,6011.0,1669.0,0.0,0,443.28,0.0,1,17.57,0.88,SPY230929P00356000,356.0,0,0.0,0.0,,0.0,normalDay
2023-07-03,6011.0,1673.0,0.0,0,443.79,0.0,1,17.57,0.84,SPY230929P00356000,356.0,0,0.0,0.0,,0.0,normalDay
2023-07-05,6011.0,1671.0,0.0,0,443.13,0.0,1,17.57,0.86,SPY230929P00356000,356.0,0,0.0,0.0,,0.0,normalDay
2023-07-06,6011.0,1653.0,0.0,0,439.66,0.0,1,17.57,1.04,SPY230929P00356000,356.0,0,0.0,0.0,,0.0,normalDay
2023-07-07,6011.0,1658.0,0.0,0,438.55,0.0,1,17.57,0.99,SPY230929P00356000,356.0,0,0.0,0.0,,0.0,normalDay
2023-07-10,6011.0,1664.0,0.0,0,439.66,0.0,1,17.57,0.93,SPY230929P00356000,356.0,0,0.0,0.0,,0.0,normalDay
2023-07-11,6011.0,1671.0,0.0,0,442.46,0.0,1,17.57,0.86,SPY230929P00356000,356.0,0,0.0,0.0,,0.0,normalDay
2023-07-12,6011.0,1687.0,0.0,0,446.02,0.0,1,17.57,0.7,SPY230929P00356000,356.0,0,0.0,0.0,,0.0,normalDay
2023-07-13,6011.0,1688.0,0.0,0,449.56,0.0,1,17.57,0.69,SPY230929P00356000,356.0,0,0.0,0.0,,0.0,normalDay
2023-07-14,6011.0,1691.0,0.0,0,449.28,0.0,1,17.57,0.66,SPY230929P00356000,356.0,0,0.0,0.0,,0.0,normalDay
2023-07-17,6011.0,1696.0,0.0,0,450.84,0.0,1,17.57,0.61,SPY230929P00356000,356.0,0,0.0,0.0,,0.0,normalDay
2023-07-18,6011.0,1701.0,0.0,0,454.19,0.0,1,17.57,0.56,SPY230929P00356000,356.0,0,0.0,0.0,,0.0,normalDay
2023-07-19,6011.0,1698.0,0.0,0,455.2,0.0,1,17.57,0.59,SPY230929P00356000,356.0,0,0.0,0.0,,0.0,normalDay
2023-07-20,6011.0,1694.0,0.0,0,452.18,0.0,1,17.57,0.63,SPY230929P00356000,356.0,0,0.0,0.0,,0.0,normalDay
2023-07-21,6011.0,1697.0,0.0,0,452.18,0.0,1,17.57,0.6,SPY230929P00356000,356.0,0,0.0,0.0,,0.0,normalDay
2023-07-24,6011.0,1703.0,0.0,0,454.2,0.0,1,17.57,0.54,SPY230929P00356000,356.0,0,0.0,0.0,,0.0,normalDay
2023-07-25,6011.0,1707.0,0.0,0,455.44,0.0,1,17.57,0.5,SPY230929P00356000,356.0,0,0.0,0.0,,0.0,normalDay
2023-07-26,6011.0,1713.0,0.0,0,455.51,0.0,1,17.57,0.44,SPY230929P00356000,356.0,0,0.0,0.0,,0.0,normalDay
2023-07-27,6011.0,1702.0,0.0,0,452.49,0.0,1,17.57,0.55,SPY230929P00356000,356.0,0,0.0,0.0,,0.0,normalDay
2023-07-28,6011.0,1715.0,0.0,0,456.92,0.0,1,17.57,0.42,SPY230929P00356000,356.0,0,0.0,0.0,,0.0,normalDay
2023-07-31,6011.0,1719.0,0.0,0,457.79,0.0,1,17.57,0.38,SPY230929P00356000,356.0,0,0.0,0.0,,0.0,normalDay
2023-08-01,6011.0,1718.0,0.0,0,456.48,0.0,1,17.57,0.39,SPY230929P00356000,356.0,0,0.0,0.0,,0.0,normalDay
2023-08-02,6011.0,1699.0,0.0,0,450.13,0.0,1,17.57,0.58,SPY230929P00356000,356.0,0,0.0,0.0,,0.0,normalDay
2023-08-03,6011.0,1704.0,0.0,0,448.84,0.0,1,17.57,0.53,SPY230929P00356000,356.0,0,0.0,0.0,,0.0,normalDay
2023-08-04,6011.0,1690.0,0.0,0,446.81,0.0,1,17.57,0.67,SPY230929P00356000,356.0,0,0.0,0.0,,0.0,normalDay
2023-08-07,6011.0,1708.0,0.0,0,450.71,0.0,1,17.57,0.49,SPY230929P00356000,356.0,0,0.0,0.0,,0.0,normalDay
2023-08-08,6011.0,1707.0,0.0,0,448.75,0.0,1,17.57,0.5,SPY230929P00356000,356.0,0,0.0,0.0,,0.0,normalDay
2023-08-09,6011.0,1710.0,0.0,0,445.75,0.0,1,17.57,0.47,SPY230929P00356000,356.0,0,0.0,0.0,,0.0,normalDay
2023-08-10,6011.0,1710.0,0.0,0,445.91,0.0,1,17.57,0.47,SPY230929P00356000,356.0,0,0.0,0.0,,0.0,normalDay
2023-08-11,6011.0,1717.0,0.0,0,445.65,0.0,1,17.57,0.4,SPY230929P00356000,356.0,0,0.0,0.0,,0.0,normalDay
2023-08-14,6011.0,1725.0,0.0,0,448.11,0.0,1,17.57,0.32,SPY230929P00356000,356.0,0,0.0,0.0,,0.0,normalDay
2023-08-15,6011.0,1715.0,0.0,0,442.89,0.0,1,17.57,0.42,SPY230929P00356000,356.0,0,0.0,0.0,,0.0,normalDay
2023-08-16,6011.0,1712.0,0.0,0,439.64,0.0,1,17.57,0.45,SPY230929P00356000,356.0,0,0.0,0.0,,0.0,normalDay
2023-08-17,6011.0,1702.0,0.0,0,436.29,0.0,1,17.57,0.55,SPY230929P00356000,356.0,0,0.0,0.0,,0.0,normalDay
2023-08-18,6011.0,1712.0,0.0,0,436.5,0.0,1,17.57,0.45,SPY230929P00356000,356.0,0,0.0,0.0,,0.0,normalDay
2023-08-21,6011.0,1722.0,0.0,0,439.34,0.0,1,17.57,0.35,SPY230929P00356000,356.0,0,0.0,0.0,,0.0,normalDay
2023-08-22,6011.0,1724.0,0.0,0,438.15,0.0,1,17.57,0.33,SPY230929P00356000,356.0,0,0.0,0.0,,0.0,normalDay
2023-08-23,6011.0,1733.0,0.0,0,443.03,0.0,1,17.57,0.24,SPY230929P00356000,356.0,0,0.0,0.0,,0.0,normalDay
2023-08-24,6011.0,1727.0,0.0,0,436.89,0.0,1,17.57,0.3,SPY230929P00356000,356.0,0,0.0,0.0,,0.0,normalDay
2023-08-25,6011.0,1736.0,0.0,0,439.97,0.0,1,17.57,0.21,SPY230929P00356000,356.0,0,0.0,0.0,,0.0,normalDay
2023-08-28,6011.0,1742.0,0.0,0,442.76,0.0,1,17.57,0.15,SPY230929P00356000,356.0,0,0.0,0.0,,0.0,normalDay
2023-08-29,6011.0,1744.0,0.0,0,449.16,0.0,1,17.57,0.13,SPY230929P00356000,356.0,0,0.0,0.0,,0.0,normalDay
2023-08-30,6011.0,1744.0,0.0,0,451.01,0.0,1,17.57,0.13,SPY230929P00356000,356.0,0,0.0,0.0,,0.0,normalDay
2023-08-31,6011.0,1746.0,0.0,0,450.35,0.0,1,17.57,0.11,SPY230929P00356000,356.0,0,0.0,0.0,,0.0,normalDay
2023-09-01,6011.0,1748.0,0.0,0,451.19,0.0,1,17.57,0.09,SPY230929P00356000,356.0,0,0.0,0.0,,0.0,normalDay
2023-09-05,6011.0,1749.0,0.0,0,449.24,0.0,1,17.57,0.08,SPY230929P00356000,356.0,0,0.0,0.0,,0.0,normalDay
2023-09-06,6011.0,1749.0,0.0,0,446.22,0.0,1,17.57,0.08,SPY230929P00356000,356.0,0,0.0,0.0,,0.0,normalDay
2023-09-07,6011.0,1750.0,0.0,0,444.85,0.0,1,17.57,0.07,SPY230929P00356000,356.0,0,0.0,0.0,,0.0,normalDay
2023-09-08,6011.0,1750.0,0.0,0,445.52,0.0,1,17.57,0.07,SPY230929P00356000,356.0,0,0.0,0.0,,0.0,normalDay
2023-09-11,6011.0,1752.0,0.0,0,448.45,0.0,1,17.57,0.05,SPY230929P00356000,356.0,0,0.0,0.0,,0.0,normalDay
2023-09-12,6011.0,1752.0,0.0,0,445.99,0.0,1,17.57,0.05,SPY230929P00356000,356.0,0,0.0,0.0,,0.0,normalDay
2023-09-13,6011.0,1752.0,0.0,0,446.51,0.0,1,17.57,0.05,SPY230929P00356000,356.0,0,0.0,0.0,,0.0,normalDay
2023-09-14,6011.0,1751.0,0.0,0,450.36,0.0,1,17.57,0.06,SPY230929P00356000,356.0,0,0.0,0.0,,0.0,normalDay
2023-09-15,6011.0,1751.0,0.0,0,443.37,0.0,1,17.57,0.06,SPY230929P00356000,356.0,0,0.0,0.0,,0.0,normalDay
2023-09-18,6011.0,1754.0,0.0,0,443.63,0.0,1,17.57,0.03,SPY230929P00356000,356.0,0,0.0,0.0,,0.0,normalDay
2023-09-19,6011.0,1753.0,0.0,0,442.71,0.0,1,17.57,0.04,SPY230929P00356000,356.0,0,0.0,0.0,,0.0,normalDay
2023-09-20,6011.0,1753.0,0.0,0,438.64,0.0,1,17.57,0.04,SPY230929P00356000,356.0,0,0.0,0.0,,0.0,normalDay
2023-09-21,6011.0,1751.0,0.0,0,431.39,0.0,1,17.57,0.06,SPY230929P00356000,356.0,0,0.0,0.0,,0.0,normalDay
2023-09-22,6011.0,1753.0,0.0,0,430.42,0.0,1,17.57,0.04,SPY230929P00356000,356.0,0,0.0,0.0,,0.0,normalDay
2023-09-25,6011.0,1755.0,0.0,0,432.23,0.0,1,17.57,0.02,SPY230929P00356000,356.0,0,0.0,0.0,,0.0,normalDay
2023-09-26,6011.0,1754.0,0.0,0,425.88,0.0,1,17.57,0.03,SPY230929P00356000,356.0,0,0.0,0.0,,0.0,normalDay
2023-09-27,6011.0,1755.0,0.0,0,426.05,0.0,1,17.57,0.02,SPY230929P00356000,356.0,0,0.0,0.0,,0.0,normalDay
2023-09-28,6011.0,1756.0,0.0,0,428.52,0.0,1,17.57,0.01,SPY230929P00356000,356.0,0,0.0,0.0,,0.0,normalDay
2023-09-29,7768.0,0.0,1757.0,0,427.48,0.0,1,17.57,0.0,SPY230929P00356000,356.0,0,0.0,0.0,,0.0,expirationDay
2023-10-02,7768.0,-127.0,0.0,0,427.31,0.0,1,19.02,20.29,SPY240930P00415000,415.0,0,0.0,0.0,,0.0,normalDay
2023-10-03,7768.0,-388.0,0.0,0,421.59,0.0,1,19.02,22.9,SPY240930P00415000,415.0,0,0.0,0.0,,0.0,normalDay
2023-10-04,7768.0,-280.0,0.0,0,424.66,0.0,1,19.02,21.82,SPY240930P00415000,415.0,0,0.0,0.0,,0.0,normalDay
2023-10-05,7768.0,-291.0,0.0,0,424.5,0.0,1,19.02,21.93,SPY240930P00415000,415.0,0,0.0,0.0,,0.0,normalDay
2023-10-06,7768.0,-86.0,0.0,0,429.54,0.0,1,19.02,19.88,SPY240930P00415000,415.0,0,0.0,0.0,,0.0,normalDay
2023-10-09,7768.0,3.0,0.0,0,432.29,0.0,1,19.02,18.99,SPY240930P00415000,415.0,0,0.0,0.0,,0.0,normalDay
2023-10-10,7768.0,91.0,0.0,0,434.54,0.0,1,19.02,18.11,SPY240930P00415000,415.0,0,0.0,0.0,,0.0,normalDay
2023-10-11,7768.0,174.0,0.0,0,436.32,0.0,1,19.02,17.28,SPY240930P00415000,415.0,0,0.0,0.0,,0.0,normalDay
2023-10-12,7768.0,65.0,0.0,0,433.66,0.0,1,19.02,18.37,SPY240930P00415000,415.0,0,0.0,0.0,,0.0,normalDay
2023-10-13,7768.0,-113.0,0.0,0,431.5,0.0,1,19.02,20.15,SPY240930P00415000,415.0,0,0.0,0.0,,0.0,normalDay
2023-10-16,7768.0,128.0,0.0,0,436.04,0.0,1,19.02,17.74,SPY240930P00415000,415.0,0,0.0,0.0,,0.0,normalDay
2023-10-17,7768.0,133.0,0.0,0,436.02,0.0,1,19.02,17.69,SPY240930P00415000,415.0,0,0.0,0.0,,0.0,normalDay
2023-10-18,7768.0,-116.0,0.0,0,430.21,0.0,1,19.02,20.18,SPY240930P00415000,415.0,0,0.0,0.0,,0.0,normalDay
2023-10-19,7768.0,-341.0,0.0,0,426.43,0.0,1,19.02,22.43,SPY240930P00415000,415.0,0,0.0,0.0,,0.0,normalDay
2023-10-20,7768.0,-471.0,0.0,0,421.19,0.0,1,19.02,23.73,SPY240930P00415000,415.0,0,0.0,0.0,,0.0,normalDay
2023-10-23,7768.0,-416.0,0.0,0,420.46,0.0,1,19.02,23.18,SPY240930P00415000,415.0,0,0.0,0.0,,0.0,normalDay
2023-10-24,7768.0,-439.0,0.0,0,423.63,0.0,1,19.02,23.41,SPY240930P00415000,415.0,0,0.0,0.0,,0.0,normalDay
2023-10-25,7768.0,-648.0,0.0,0,417.55,0.0,1,19.02,25.5,SPY240930P00415000,415.0,0,0.0,0.0,,0.0,normalDay
2023-10-26,7768.0,-698.0,0.0,0,412.55,0.0,1,19.02,26.0,SPY240930P00415000,415.0,0,0.0,0.0,,0.0,normalDay
2023-10-27,7768.0,-839.0,0.0,0,410.68,0.0,1,19.02,27.41,SPY240930P00415000,415.0,0,0.0,0.0,,0.0,normalDay
2023-10-30,7768.0,-559.0,0.0,0,415.59,0.0,1,19.02,24.61,SPY240930P00415000,415.0,0,0.0,0.0,,0.0,normalDay
2023-10-31,7768.0,-396.0,0.0,0,418.2,0.0,1,19.02,22.98,SPY240930P00415000,415.0,0,0.0,0.0,,0.0,normalDay
2023-11-01,7768.0,-175.0,0.0,0,422.66,0.0,1,19.02,20.77,SPY240930P00415000,415.0,0,0.0,0.0,,0.0,normalDay
2023-11-02,7768.0,120.0,0.0,0,430.76,0.0,1,19.02,17.82,SPY240930P00415000,415.0,0,0.0,0.0,,0.0,normalDay
2023-11-03,7768.0,275.0,0.0,0,434.69,0.0,1,19.02,16.27,SPY240930P00415000,415.0,0,0.0,0.0,,0.0,normalDay
2023-11-06,7768.0,324.0,0.0,0,435.69,0.0,1,19.02,15.78,SPY240930P00415000,415.0,0,0.0,0.0,,0.0,normalDay
2023-11-07,7768.0,355.0,0.0,0,436.93,0.0,1,19.02,15.47,SPY240930P00415000,415.0,0,0.0,0.0,,0.0,normalDay
2023-11-08,7768.0,383.0,0.0,0,437.25,0.0,1,19.02,15.19,SPY240930P00415000,415.0,0,0.0,0.0,,0.0,normalDay
2023-11-09,7768.0,241.0,0.0,0,433.84,0.0,1,19.02,16.61,SPY240930P00415000,415.0,0,0.0,0.0,,0.0,normalDay
2023-11-10,7768.0,484.0,0.0,0,440.61,0.0,1,19.02,14.18,SPY240930P00415000,415.0,0,0.0,0.0,,0.0,normalDay
2023-11-13,7768.0,496.0,0.0,0,440.19,0.0,1,19.02,14.06,SPY240930P00415000,415.0,0,0.0,0.0,,0.0,normalDay
2023-11-14,7768.0,685.0,0.0,0,448.73,0.0,1,19.02,12.17,SPY240930P00415000,415.0,0,0.0,0.0,,0.0,normalDay
2023-11-15,7768.0,678.0,0.0,0,449.68,0.0,1,19.02,12.24,SPY240930P00415000,415.0,0,0.0,0.0,,0.0,normalDay
2023-11-16,7768.0,686.0,0.0,0,450.23,0.0,1,19.02,12.16,SPY240930P00415000,415.0,0,0.0,0.0,,0.0,normalDay
2023-11-17,7768.0,711.0,0.0,0,450.79,0.0,1,19.02,11.91,SPY240930P00415000,415.0,0,0.0,0.0,,0.0,normalDay
2023-11-20,7768.0,774.0,0.0,0,454.26,0.0,1,19.02,11.28,SPY240930P00415000,415.0,0,0.0,0.0,,0.0,normalDay
2023-11-21,7768.0,762.0,0.0,0,453.27,0.0,1,19.02,11.4,SPY240930P00415000,415.0,0,0.0,0.0,,0.0,normalDay
2023-11-22,7768.0,815.0,0.0,0,455.02,0.0,1,19.02,10.87,SPY240930P00415000,415.0,0,0.0,0.0,,0.0,normalDay
2023-11-24,7768.0,831.0,0.0,0,455.3,0.0,1,19.02,10.71,SPY240930P00415000,415.0,0,0.0,0.0,,0.0,normalDay
2023-11-27,7768.0,811.0,0.0,0,454.48,0.0,1,19.02,10.91,SPY240930P00415000,415.0,0,0.0,0.0,,0.0,normalDay
2023-11-28,7768.0,829.0,0.0,0,454.93,0.0,1,19.02,10.73,SPY240930P00415000,415.0,0,0.0,0.0,,0.0,normalDay
2023-11-29,7768.0,845.0,0.0,0,454.61,0.0,1,19.02,10.57,SPY240930P00415000,415.0,0,0.0,0.0,,0.0,normalDay
2023-11-30,7768.0,836.0,0.0,0,456.4,0.0,1,19.02,10.66,SPY240930P00415000,415.0,0,0.0,0.0,,0.0,normalDay
