date,totalCapital,unrializedPnL,rializedPnL,stocksOwned,stocksPriceToday,stocksPriceBoughtAt,putOwned,putOwnedSoldAt,putPriceToday,putOwnedContract,putOwnedStrike,callOwned,callOwnedSoldAt,callPriceToday,callOwnedContract,callOwnedStrike,trackType
2018-11-01,0.0,-8.0,0.0,0,273.51,0.0,1,3.95,4.03,SPY181119P00273000,273.0,0,0.0,0.0,,0.0,normalDay
2018-11-02,0.0,-57.0,0.0,0,271.89,0.0,1,3.95,4.52,SPY181119P00273000,273.0,0,0.0,0.0,,0.0,normalDay
2018-11-05,0.0,47.0,0.0,0,273.39,0.0,1,3.95,3.48,SPY181119P00273000,273.0,0,0.0,0.0,,0.0,normalDay
2018-11-06,0.0,124.0,0.0,0,275.12,0.0,1,3.95,2.71,SPY181119P00273000,273.0,0,0.0,0.0,,0.0,normalDay
2018-11-07,0.0,323.0,0.0,0,281.01,0.0,1,3.95,0.72,SPY181119P00273000,273.0,0,0.0,0.0,,0.0,normalDay
2018-11-08,0.0,324.0,0.0,0,280.5,0.0,1,3.95,0.71,SPY181119P00273000,273.0,0,0.0,0.0,,0.0,normalDay
2018-11-09,0.0,284.0,0.0,0,277.76,0.0,1,3.95,1.11,SPY181119P00273000,273.0,0,0.0,0.0,,0.0,normalDay
2018-11-12,0.0,108.0,0.0,0,272.57,0.0,1,3.95,2.87,SPY181119P00273000,273.0,0,0.0,0.0,,0.0,normalDay
2018-11-13,0.0,96.0,0.0,0,272.06,0.0,1,3.95,2.99,SPY181119P00273000,273.0,0,0.0,0.0,,0.0,normalDay
2018-11-14,0.0,-41.0,0.0,0,270.2,0.0,1,3.95,4.36,SPY181119P00273000,273.0,0,0.0,0.0,,0.0,normalDay
2018-11-15,0.0,211.0,0.0,0,273.02,0.0,1,3.95,1.84,SPY181119P00273000,273.0,0,0.0,0.0,,0.0,normalDay
2018-11-16,0.0,313.0,0.0,0,273.73,0.0,1,3.95,0.82,SPY181119P00273000,273.0,0,0.0,0.0,,0.0,normalDay
2018-11-19,395.0,-390.0,395.0,100,269.1,273.0,1,3.95,0.0,SPY181119P00273000,273.0,0,0.0,0.0,,0.0,expirationDay
2018-11-20,395.0,-895.0,0.0,100,264.12,273.0,0,0.0,0.0,,0.0,1,2.79,2.86,SPY181231C00272000,272.0,normalDay
2018-11-21,395.0,-794.0,0.0,100,265.02,273.0,0,0.0,0.0,,0.0,1,2.79,2.75,SPY181231C00272000,272.0,normalDay
2018-11-23,395.0,-913.0,0.0,100,263.25,273.0,0,0.0,0.0,,0.0,1,2.79,2.17,SPY181231C00272000,272.0,normalDay
2018-11-26,395.0,-580.0,0.0,100,267.5,273.0,0,0.0,0.0,,0.0,1,2.79,3.09,SPY181231C00272000,272.0,normalDay
2018-11-27,395.0,-521.0,0.0,100,268.4,273.0,0,0.0,0.0,,0.0,1,2.79,3.4,SPY181231C00272000,272.0,normalDay
2018-11-28,395.0,-214.0,0.0,100,274.58,273.0,0,0.0,0.0,,0.0,1,2.79,6.51,SPY181231C00272000,272.0,normalDay
2018-11-29,395.0,-269.0,0.0,100,273.98,273.0,0,0.0,0.0,,0.0,1,2.79,6.46,SPY181231C00272000,272.0,normalDay
2018-11-30,395.0,-225.0,0.0,100,275.65,273.0,0,0.0,0.0,,0.0,1,2.79,7.69,SPY181231C00272000,272.0,normalDay
2018-12-03,395.0,-22.0,0.0,100,279.3,273.0,0,0.0,0.0,,0.0,1,2.79,9.31,SPY181231C00272000,272.0,normalDay
2018-12-04,395.0,-415.0,0.0,100,270.25,273.0,0,0.0,0.0,,0.0,1,2.79,4.19,SPY181231C00272000,272.0,normalDay
2018-12-06,395.0,-426.0,0.0,100,269.84,273.0,0,0.0,0.0,,0.0,1,2.79,3.89,SPY181231C00272000,272.0,normalDay
2018-12-07,395.0,-844.0,0.0,100,263.57,273.0,0,0.0,0.0,,0.0,1,2.79,1.8,SPY181231C00272000,272.0,normalDay
2018-12-10,395.0,-773.0,0.0,100,264.07,273.0,0,0.0,0.0,,0.0,1,2.79,1.59,SPY181231C00272000,272.0,normalDay
2018-12-11,395.0,-741.0,0.0,100,264.13,273.0,0,0.0,0.0,,0.0,1,2.79,1.33,SPY181231C00272000,272.0,normalDay
2018-12-12,395.0,-618.0,0.0,100,265.46,273.0,0,0.0,0.0,,0.0,1,2.79,1.43,SPY181231C00272000,272.0,normalDay
2018-12-13,395.0,-598.0,0.0,100,265.37,273.0,0,0.0,0.0,,0.0,1,2.79,1.14,SPY181231C00272000,272.0,normalDay
2018-12-14,395.0,-1019.0,0.0,100,260.47,273.0,0,0.0,0.0,,0.0,1,2.79,0.45,SPY181231C00272000,272.0,normalDay
2018-12-17,395.0,-1505.0,0.0,100,255.36,273.0,0,0.0,0.0,,0.0,1,2.79,0.2,SPY181231C00272000,272.0,normalDay
2018-12-18,395.0,-1534.0,0.0,100,255.08,273.0,0,0.0,0.0,,0.0,1,2.79,0.21,SPY181231C00272000,272.0,normalDay
2018-12-19,395.0,-1903.0,0.0,100,251.26,273.0,0,0.0,0.0,,0.0,1,2.79,0.08,SPY181231C00272000,272.0,normalDay
2018-12-20,395.0,-2310.0,0.0,100,247.17,273.0,0,0.0,0.0,,0.0,1,2.79,0.06,SPY181231C00272000,272.0,normalDay
2018-12-21,395.0,-2955.0,0.0,100,240.7,273.0,0,0.0,0.0,,0.0,1,2.79,0.04,SPY181231C00272000,272.0,normalDay
2018-12-24,395.0,-3589.0,0.0,100,234.34,273.0,0,0.0,0.0,,0.0,1,2.79,0.02,SPY181231C00272000,272.0,normalDay
2018-12-26,395.0,-2406.0,0.0,100,246.18,273.0,0,0.0,0.0,,0.0,1,2.79,0.03,SPY181231C00272000,272.0,normalDay
2018-12-27,395.0,-2216.0,0.0,100,248.07,273.0,0,0.0,0.0,,0.0,1,2.79,0.02,SPY181231C00272000,272.0,normalDay
2018-12-28,395.0,-2247.0,0.0,100,247.75,273.0,0,0.0,0.0,,0.0,1,2.79,0.01,SPY181231C00272000,272.0,normalDay
2018-12-31,674.0,-2308.0,279.0,100,249.92,273.0,0,0.0,0.0,,0.0,1,2.79,0.0,SPY181231C00272000,272.0,expirationDay
2019-01-02,674.0,-2288.0,0.0,100,250.18,273.0,0,0.0,0.0,,0.0,1,4.54,4.6,SPY190215C00256000,256.0,normalDay
2019-01-03,674.0,-2689.0,0.0,100,244.21,273.0,0,0.0,0.0,,0.0,1,4.54,2.64,SPY190215C00256000,256.0,normalDay
2019-01-04,674.0,-2128.0,0.0,100,252.39,273.0,0,0.0,0.0,,0.0,1,4.54,5.21,SPY190215C00256000,256.0,normalDay
2019-01-07,674.0,-1992.0,0.0,100,254.38,273.0,0,0.0,0.0,,0.0,1,4.54,5.84,SPY190215C00256000,256.0,normalDay
2019-01-08,674.0,-1852.0,0.0,100,256.77,273.0,0,0.0,0.0,,0.0,1,4.54,6.83,SPY190215C00256000,256.0,normalDay
2019-01-09,674.0,-1789.0,0.0,100,257.97,273.0,0,0.0,0.0,,0.0,1,4.54,7.4,SPY190215C00256000,256.0,normalDay
2019-01-10,674.0,-1743.0,0.0,100,258.88,273.0,0,0.0,0.0,,0.0,1,4.54,7.85,SPY190215C00256000,256.0,normalDay
2019-01-11,674.0,-1687.0,0.0,100,258.98,273.0,0,0.0,0.0,,0.0,1,4.54,7.39,SPY190215C00256000,256.0,normalDay
2019-01-14,674.0,-1729.0,0.0,100,257.4,273.0,0,0.0,0.0,,0.0,1,4.54,6.23,SPY190215C00256000,256.0,normalDay
2019-01-15,674.0,-1596.0,0.0,100,260.35,273.0,0,0.0,0.0,,0.0,1,4.54,7.85,SPY190215C00256000,256.0,normalDay
2019-01-16,674.0,-1578.0,0.0,100,260.98,273.0,0,0.0,0.0,,0.0,1,4.54,8.3,SPY190215C00256000,256.0,normalDay
2019-01-17,674.0,-1524.0,0.0,100,262.96,273.0,0,0.0,0.0,,0.0,1,4.54,9.74,SPY190215C00256000,256.0,normalDay
2019-01-18,674.0,-1449.0,0.0,100,266.46,273.0,0,0.0,0.0,,0.0,1,4.54,12.49,SPY190215C00256000,256.0,normalDay
2019-01-22,674.0,-1562.0,0.0,100,262.86,273.0,0,0.0,0.0,,0.0,1,4.54,10.02,SPY190215C00256000,256.0,normalDay
2019-01-23,674.0,-1504.0,0.0,100,263.41,273.0,0,0.0,0.0,,0.0,1,4.54,9.99,SPY190215C00256000,256.0,normalDay
2019-01-24,674.0,-1432.0,0.0,100,263.55,273.0,0,0.0,0.0,,0.0,1,4.54,9.41,SPY190215C00256000,256.0,normalDay
2019-01-25,674.0,-1423.0,0.0,100,265.78,273.0,0,0.0,0.0,,0.0,1,4.54,11.55,SPY190215C00256000,256.0,normalDay
2019-01-28,674.0,-1445.0,0.0,100,263.76,273.0,0,0.0,0.0,,0.0,1,4.54,9.75,SPY190215C00256000,256.0,normalDay
2019-01-29,674.0,-1446.0,0.0,100,263.41,273.0,0,0.0,0.0,,0.0,1,4.54,9.41,SPY190215C00256000,256.0,normalDay
2019-01-30,674.0,-1347.0,0.0,100,267.58,273.0,0,0.0,0.0,,0.0,1,4.54,12.59,SPY190215C00256000,256.0,normalDay
2019-01-31,674.0,-1360.0,0.0,100,269.93,273.0,0,0.0,0.0,,0.0,1,4.54,15.07,SPY190215C00256000,256.0,normalDay
2019-02-01,674.0,-1320.0,0.0,100,270.06,273.0,0,0.0,0.0,,0.0,1,4.54,14.8,SPY190215C00256000,256.0,normalDay
2019-02-04,674.0,-1281.0,0.0,100,271.96,273.0,0,0.0,0.0,,0.0,1,4.54,16.31,SPY190215C00256000,256.0,normalDay
2019-02-05,674.0,-1268.0,0.0,100,273.1,273.0,0,0.0,0.0,,0.0,1,4.54,17.32,SPY190215C00256000,256.0,normalDay
2019-02-06,674.0,-1271.0,0.0,100,272.74,273.0,0,0.0,0.0,,0.0,1,4.54,16.99,SPY190215C00256000,256.0,normalDay
2019-02-07,674.0,-1297.0,0.0,100,270.14,273.0,0,0.0,0.0,,0.0,1,4.54,14.65,SPY190215C00256000,256.0,normalDay
2019-02-08,674.0,-1273.0,0.0,100,270.47,273.0,0,0.0,0.0,,0.0,1,4.54,14.74,SPY190215C00256000,256.0,normalDay
2019-02-11,674.0,-1264.0,0.0,100,270.62,273.0,0,0.0,0.0,,0.0,1,4.54,14.8,SPY190215C00256000,256.0,normalDay
2019-02-12,674.0,-1280.0,0.0,100,274.1,273.0,0,0.0,0.0,,0.0,1,4.54,18.44,SPY190215C00256000,256.0,normalDay
2019-02-13,674.0,-1247.0,0.0,100,274.99,273.0,0,0.0,0.0,,0.0,1,4.54,19.0,SPY190215C00256000,256.0,normalDay
2019-02-14,674.0,-1245.0,0.0,100,274.38,273.0,0,0.0,0.0,,0.0,1,4.54,18.37,SPY190215C00256000,256.0,normalDay
2019-02-15,-572.0,-1245.0,-1246.0,0,277.37,0.0,0,0.0,0.0,,0.0,1,4.54,0.0,SPY190215C00256000,256.0,expirationDay
2019-02-19,-572.0,-4.0,0.0,0,277.85,0.0,1,0.73,0.77,SPY190308P00268000,268.0,0,0.0,0.0,,0.0,normalDay
2019-02-20,-572.0,17.0,0.0,0,278.41,0.0,1,0.73,0.56,SPY190308P00268000,268.0,0,0.0,0.0,,0.0,normalDay
2019-02-21,-572.0,9.0,0.0,0,277.42,0.0,1,0.73,0.64,SPY190308P00268000,268.0,0,0.0,0.0,,0.0,normalDay
2019-02-22,-572.0,37.0,0.0,0,279.14,0.0,1,0.73,0.36,SPY190308P00268000,268.0,0,0.0,0.0,,0.0,normalDay
2019-02-25,-572.0,39.0,0.0,0,279.52,0.0,1,0.73,0.34,SPY190308P00268000,268.0,0,0.0,0.0,,0.0,normalDay
2019-02-26,-572.0,39.0,0.0,0,279.32,0.0,1,0.73,0.34,SPY190308P00268000,268.0,0,0.0,0.0,,0.0,normalDay
2019-02-27,-572.0,47.0,0.0,0,279.2,0.0,1,0.73,0.26,SPY190308P00268000,268.0,0,0.0,0.0,,0.0,normalDay
2019-02-28,-572.0,49.0,0.0,0,278.68,0.0,1,0.73,0.24,SPY190308P00268000,268.0,0,0.0,0.0,,0.0,normalDay
2019-03-01,-572.0,65.0,0.0,0,280.42,0.0,1,0.73,0.08,SPY190308P00268000,268.0,0,0.0,0.0,,0.0,normalDay
2019-03-04,-572.0,66.0,0.0,0,279.4,0.0,1,0.73,0.07,SPY190308P00268000,268.0,0,0.0,0.0,,0.0,normalDay
2019-03-05,-572.0,69.0,0.0,0,279.02,0.0,1,0.73,0.04,SPY190308P00268000,268.0,0,0.0,0.0,,0.0,normalDay
2019-03-06,-572.0,69.0,0.0,0,277.33,0.0,1,0.73,0.04,SPY190308P00268000,268.0,0,0.0,0.0,,0.0,normalDay
2019-03-07,-572.0,70.0,0.0,0,275.01,0.0,1,0.73,0.03,SPY190308P00268000,268.0,0,0.0,0.0,,0.0,normalDay
2019-03-08,-499.0,0.0,73.0,0,274.46,0.0,1,0.73,0.0,SPY190308P00268000,268.0,0,0.0,0.0,,0.0,expirationDay
2019-03-11,-499.0,-5.0,0.0,0,278.44,0.0,1,2.71,2.76,SPY190329P00277000,277.0,0,0.0,0.0,,0.0,normalDay
2019-03-12,-499.0,48.0,0.0,0,279.49,0.0,1,2.71,2.23,SPY190329P00277000,277.0,0,0.0,0.0,,0.0,normalDay
2019-03-13,-499.0,124.0,0.0,0,281.34,0.0,1,2.71,1.47,SPY190329P00277000,277.0,0,0.0,0.0,,0.0,normalDay
2019-03-14,-499.0,120.0,0.0,0,281.16,0.0,1,2.71,1.51,SPY190329P00277000,277.0,0,0.0,0.0,,0.0,normalDay
2019-03-15,-499.0,172.0,0.0,0,281.31,0.0,1,2.71,0.99,SPY190329P00277000,277.0,0,0.0,0.0,,0.0,normalDay
2019-03-18,-499.0,199.0,0.0,0,282.33,0.0,1,2.71,0.72,SPY190329P00277000,277.0,0,0.0,0.0,,0.0,normalDay
2019-03-19,-499.0,188.0,0.0,0,282.4,0.0,1,2.71,0.83,SPY190329P00277000,277.0,0,0.0,0.0,,0.0,normalDay
2019-03-20,-499.0,186.0,0.0,0,281.55,0.0,1,2.71,0.85,SPY190329P00277000,277.0,0,0.0,0.0,,0.0,normalDay
2019-03-21,-499.0,235.0,0.0,0,284.73,0.0,1,2.71,0.36,SPY190329P00277000,277.0,0,0.0,0.0,,0.0,normalDay
2019-03-22,-499.0,128.0,0.0,0,279.25,0.0,1,2.71,1.43,SPY190329P00277000,277.0,0,0.0,0.0,,0.0,normalDay
2019-03-25,-499.0,157.0,0.0,0,279.04,0.0,1,2.71,1.14,SPY190329P00277000,277.0,0,0.0,0.0,,0.0,normalDay
2019-03-26,-499.0,227.0,0.0,0,281.12,0.0,1,2.71,0.44,SPY190329P00277000,277.0,0,0.0,0.0,,0.0,normalDay
2019-03-27,-499.0,217.0,0.0,0,279.65,0.0,1,2.71,0.54,SPY190329P00277000,277.0,0,0.0,0.0,,0.0,normalDay
2019-03-28,-499.0,261.0,0.0,0,280.71,0.0,1,2.71,0.1,SPY190329P00277000,277.0,0,0.0,0.0,,0.0,normalDay
2019-03-29,-228.0,0.0,271.0,0,282.48,0.0,1,2.71,0.0,SPY190329P00277000,277.0,0,0.0,0.0,,0.0,expirationDay
2019-04-01,-228.0,-3.0,0.0,0,285.83,0.0,1,0.9,0.93,SPY190418P00279000,279.0,0,0.0,0.0,,0.0,normalDay
2019-04-02,-228.0,10.0,0.0,0,285.97,0.0,1,0.9,0.8,SPY190418P00279000,279.0,0,0.0,0.0,,0.0,normalDay
2019-04-03,-228.0,20.0,0.0,0,286.42,0.0,1,0.9,0.7,SPY190418P00279000,279.0,0,0.0,0.0,,0.0,normalDay
2019-04-04,-228.0,36.0,0.0,0,287.18,0.0,1,0.9,0.54,SPY190418P00279000,279.0,0,0.0,0.0,,0.0,normalDay
2019-04-05,-228.0,59.0,0.0,0,288.57,0.0,1,0.9,0.31,SPY190418P00279000,279.0,0,0.0,0.0,,0.0,normalDay
2019-04-08,-228.0,66.0,0.0,0,288.79,0.0,1,0.9,0.24,SPY190418P00279000,279.0,0,0.0,0.0,,0.0,normalDay
2019-04-09,-228.0,54.0,0.0,0,287.31,0.0,1,0.9,0.36,SPY190418P00279000,279.0,0,0.0,0.0,,0.0,normalDay
2019-04-10,-228.0,73.0,0.0,0,288.29,0.0,1,0.9,0.17,SPY190418P00279000,279.0,0,0.0,0.0,,0.0,normalDay
2019-04-11,-228.0,77.0,0.0,0,288.21,0.0,1,0.9,0.13,SPY190418P00279000,279.0,0,0.0,0.0,,0.0,normalDay
2019-04-12,-228.0,85.0,0.0,0,290.16,0.0,1,0.9,0.05,SPY190418P00279000,279.0,0,0.0,0.0,,0.0,normalDay
2019-04-15,-228.0,87.0,0.0,0,289.97,0.0,1,0.9,0.03,SPY190418P00279000,279.0,0,0.0,0.0,,0.0,normalDay
2019-04-16,-228.0,87.0,0.0,0,290.16,0.0,1,0.9,0.03,SPY190418P00279000,279.0,0,0.0,0.0,,0.0,normalDay
2019-04-17,-228.0,88.0,0.0,0,289.45,0.0,1,0.9,0.02,SPY190418P00279000,279.0,0,0.0,0.0,,0.0,normalDay
2019-04-18,-138.0,0.0,90.0,0,290.02,0.0,1,0.9,0.0,SPY190418P00279000,279.0,0,0.0,0.0,,0.0,expirationDay
2019-04-22,-138.0,-4.0,0.0,0,290.27,0.0,1,1.01,1.05,SPY190510P00285000,285.0,0,0.0,0.0,,0.0,normalDay
2019-04-23,-138.0,28.0,0.0,0,292.88,0.0,1,1.01,0.73,SPY190510P00285000,285.0,0,0.0,0.0,,0.0,normalDay
2019-04-24,-138.0,17.0,0.0,0,292.23,0.0,1,1.01,0.84,SPY190510P00285000,285.0,0,0.0,0.0,,0.0,normalDay
2019-04-25,-138.0,20.0,0.0,0,292.05,0.0,1,1.01,0.81,SPY190510P00285000,285.0,0,0.0,0.0,,0.0,normalDay
2019-04-26,-138.0,43.0,0.0,0,293.41,0.0,1,1.01,0.58,SPY190510P00285000,285.0,0,0.0,0.0,,0.0,normalDay
2019-04-29,-138.0,55.0,0.0,0,293.87,0.0,1,1.01,0.46,SPY190510P00285000,285.0,0,0.0,0.0,,0.0,normalDay
2019-04-30,-138.0,62.0,0.0,0,294.02,0.0,1,1.01,0.39,SPY190510P00285000,285.0,0,0.0,0.0,,0.0,normalDay
2019-05-01,-138.0,31.0,0.0,0,291.81,0.0,1,1.01,0.7,SPY190510P00285000,285.0,0,0.0,0.0,,0.0,normalDay
2019-05-02,-138.0,39.0,0.0,0,291.18,0.0,1,1.01,0.62,SPY190510P00285000,285.0,0,0.0,0.0,,0.0,normalDay
2019-05-03,-138.0,84.0,0.0,0,294.03,0.0,1,1.01,0.17,SPY190510P00285000,285.0,0,0.0,0.0,,0.0,normalDay
2019-05-06,-138.0,70.0,0.0,0,292.82,0.0,1,1.01,0.31,SPY190510P00285000,285.0,0,0.0,0.0,,0.0,normalDay
2019-05-07,-138.0,-36.0,0.0,0,287.93,0.0,1,1.01,1.37,SPY190510P00285000,285.0,0,0.0,0.0,,0.0,normalDay
2019-05-08,-138.0,-22.0,0.0,0,287.53,0.0,1,1.01,1.23,SPY190510P00285000,285.0,0,0.0,0.0,,0.0,normalDay
2019-05-09,-138.0,-34.0,0.0,0,286.66,0.0,1,1.01,1.35,SPY190510P00285000,285.0,0,0.0,0.0,,0.0,normalDay
2019-05-10,-37.0,0.0,101.0,0,288.1,0.0,1,1.01,0.0,SPY190510P00285000,285.0,0,0.0,0.0,,0.0,expirationDay
2019-05-13,-37.0,-40.0,0.0,0,280.86,0.0,1,9.67,10.07,SPY190531P00290000,290.0,0,0.0,0.0,,0.0,normalDay
2019-05-14,-37.0,222.0,0.0,0,283.4,0.0,1,9.67,7.45,SPY190531P00290000,290.0,0,0.0,0.0,,0.0,normalDay
2019-05-15,-37.0,388.0,0.0,0,285.06,0.0,1,9.67,5.79,SPY190531P00290000,290.0,0,0.0,0.0,,0.0,normalDay
2019-05-16,-37.0,562.0,0.0,0,287.7,0.0,1,9.67,4.05,SPY190531P00290000,290.0,0,0.0,0.0,,0.0,normalDay
2019-05-17,-37.0,451.0,0.0,0,285.84,0.0,1,9.67,5.16,SPY190531P00290000,290.0,0,0.0,0.0,,0.0,normalDay
2019-05-20,-37.0,339.0,0.0,0,283.95,0.0,1,9.67,6.28,SPY190531P00290000,290.0,0,0.0,0.0,,0.0,normalDay
2019-05-21,-37.0,543.0,0.0,0,286.51,0.0,1,9.67,4.24,SPY190531P00290000,290.0,0,0.0,0.0,,0.0,normalDay
2019-05-22,-37.0,492.0,0.0,0,285.63,0.0,1,9.67,4.75,SPY190531P00290000,290.0,0,0.0,0.0,,0.0,normalDay
2019-05-23,-37.0,149.0,0.0,0,282.14,0.0,1,9.67,8.18,SPY190531P00290000,290.0,0,0.0,0.0,,0.0,normalDay
2019-05-24,-37.0,248.0,0.0,0,282.78,0.0,1,9.67,7.19,SPY190531P00290000,290.0,0,0.0,0.0,,0.0,normalDay
2019-05-28,-37.0,6.0,0.0,0,280.15,0.0,1,9.67,9.61,SPY190531P00290000,290.0,0,0.0,0.0,,0.0,normalDay
2019-05-29,-37.0,-211.0,0.0,0,278.27,0.0,1,9.67,11.78,SPY190531P00290000,290.0,0,0.0,0.0,,0.0,normalDay
2019-05-30,-37.0,-140.0,0.0,0,279.03,0.0,1,9.67,11.07,SPY190531P00290000,290.0,0,0.0,0.0,,0.0,normalDay
2019-05-31,930.0,-1473.0,967.0,100,275.27,290.0,1,9.67,0.0,SPY190531P00290000,290.0,0,0.0,0.0,,0.0,expirationDay
2019-06-03,930.0,-1547.0,0.0,100,274.57,290.0,0,0.0,0.0,,0.0,1,2.1,2.14,SPY190719C00284000,284.0,normalDay
2019-06-04,930.0,-1128.0,0.0,100,280.53,290.0,0,0.0,0.0,,0.0,1,2.1,3.91,SPY190719C00284000,284.0,normalDay
2019-06-05,930.0,-973.0,0.0,100,282.96,290.0,0,0.0,0.0,,0.0,1,2.1,4.79,SPY190719C00284000,284.0,normalDay
2019-06-06,930.0,-870.0,0.0,100,284.8,290.0,0,0.0,0.0,,0.0,1,2.1,5.6,SPY190719C00284000,284.0,normalDay
2019-06-07,930.0,-763.0,0.0,100,287.65,290.0,0,0.0,0.0,,0.0,1,2.1,7.38,SPY190719C00284000,284.0,normalDay
2019-06-10,930.0,-708.0,0.0,100,288.97,290.0,0,0.0,0.0,,0.0,1,2.1,8.15,SPY190719C00284000,284.0,normalDay
2019-06-11,930.0,-704.0,0.0,100,288.9,290.0,0,0.0,0.0,,0.0,1,2.1,8.04,SPY190719C00284000,284.0,normalDay
2019-06-12,930.0,-712.0,0.0,100,288.39,290.0,0,0.0,0.0,,0.0,1,2.1,7.61,SPY190719C00284000,284.0,normalDay
2019-06-13,930.0,-673.0,0.0,100,289.58,290.0,0,0.0,0.0,,0.0,1,2.1,8.41,SPY190719C00284000,284.0,normalDay
2019-06-14,930.0,-671.0,0.0,100,289.26,290.0,0,0.0,0.0,,0.0,1,2.1,8.07,SPY190719C00284000,284.0,normalDay
2019-06-17,930.0,-643.0,0.0,100,289.37,290.0,0,0.0,0.0,,0.0,1,2.1,7.9,SPY190719C00284000,284.0,normalDay
2019-06-18,930.0,-544.0,0.0,100,292.4,290.0,0,0.0,0.0,,0.0,1,2.1,9.94,SPY190719C00284000,284.0,normalDay
2019-06-19,930.0,-522.0,0.0,100,293.06,290.0,0,0.0,0.0,,0.0,1,2.1,10.38,SPY190719C00284000,284.0,normalDay
2019-06-20,930.0,-470.0,0.0,100,295.86,290.0,0,0.0,0.0,,0.0,1,2.1,12.66,SPY190719C00284000,284.0,normalDay
2019-06-21,930.0,-614.0,0.0,100,294.0,290.0,0,0.0,0.0,,0.0,1,2.1,12.24,SPY190719C00284000,284.0,normalDay
2019-06-24,930.0,-603.0,0.0,100,293.64,290.0,0,0.0,0.0,,0.0,1,2.1,11.77,SPY190719C00284000,284.0,normalDay
2019-06-25,930.0,-665.0,0.0,100,290.76,290.0,0,0.0,0.0,,0.0,1,2.1,9.51,SPY190719C00284000,284.0,normalDay
2019-06-26,930.0,-645.0,0.0,100,290.47,290.0,0,0.0,0.0,,0.0,1,2.1,9.02,SPY190719C00284000,284.0,normalDay
2019-06-27,930.0,-637.0,0.0,100,291.5,290.0,0,0.0,0.0,,0.0,1,2.1,9.97,SPY190719C00284000,284.0,normalDay
2019-06-28,930.0,-640.0,0.0,100,293.0,290.0,0,0.0,0.0,,0.0,1,2.1,11.5,SPY190719C00284000,284.0,normalDay
2019-07-01,930.0,-488.0,0.0,100,295.66,290.0,0,0.0,0.0,,0.0,1,2.1,12.64,SPY190719C00284000,284.0,normalDay
2019-07-02,930.0,-480.0,0.0,100,296.43,290.0,0,0.0,0.0,,0.0,1,2.1,13.33,SPY190719C00284000,284.0,normalDay
2019-07-03,930.0,-463.0,0.0,100,298.8,290.0,0,0.0,0.0,,0.0,1,2.1,15.53,SPY190719C00284000,284.0,normalDay
2019-07-05,930.0,-407.0,0.0,100,298.46,290.0,0,0.0,0.0,,0.0,1,2.1,14.63,SPY190719C00284000,284.0,normalDay
2019-07-08,930.0,-450.0,0.0,100,296.82,290.0,0,0.0,0.0,,0.0,1,2.1,13.42,SPY190719C00284000,284.0,normalDay
2019-07-09,930.0,-425.0,0.0,100,297.19,290.0,0,0.0,0.0,,0.0,1,2.1,13.54,SPY190719C00284000,284.0,normalDay
2019-07-10,930.0,-429.0,0.0,100,298.61,290.0,0,0.0,0.0,,0.0,1,2.1,15.0,SPY190719C00284000,284.0,normalDay
2019-07-11,930.0,-423.0,0.0,100,299.31,290.0,0,0.0,0.0,,0.0,1,2.1,15.64,SPY190719C00284000,284.0,normalDay
2019-07-12,930.0,-407.0,0.0,100,300.65,290.0,0,0.0,0.0,,0.0,1,2.1,16.82,SPY190719C00284000,284.0,normalDay
2019-07-15,930.0,-406.0,0.0,100,300.75,290.0,0,0.0,0.0,,0.0,1,2.1,16.91,SPY190719C00284000,284.0,normalDay
2019-07-16,930.0,-414.0,0.0,100,299.78,290.0,0,0.0,0.0,,0.0,1,2.1,16.02,SPY190719C00284000,284.0,normalDay
2019-07-17,930.0,-411.0,0.0,100,297.74,290.0,0,0.0,0.0,,0.0,1,2.1,13.95,SPY190719C00284000,284.0,normalDay
2019-07-18,930.0,-407.0,0.0,100,298.83,290.0,0,0.0,0.0,,0.0,1,2.1,15.0,SPY190719C00284000,284.0,normalDay
2019-07-19,540.0,-407.0,-390.0,0,297.17,0.0,0,0.0,0.0,,0.0,1,2.1,0.0,SPY190719C00284000,284.0,expirationDay
2019-07-22,540.0,-4.0,0.0,0,297.9,0.0,1,2.25,2.29,SPY190809P00296000,296.0,0,0.0,0.0,,0.0,normalDay
2019-07-23,540.0,76.0,0.0,0,300.03,0.0,1,2.25,1.49,SPY190809P00296000,296.0,0,0.0,0.0,,0.0,normalDay
2019-07-24,540.0,118.0,0.0,0,301.44,0.0,1,2.25,1.07,SPY190809P00296000,296.0,0,0.0,0.0,,0.0,normalDay
2019-07-25,540.0,89.0,0.0,0,300.0,0.0,1,2.25,1.36,SPY190809P00296000,296.0,0,0.0,0.0,,0.0,normalDay
2019-07-26,540.0,142.0,0.0,0,302.01,0.0,1,2.25,0.83,SPY190809P00296000,296.0,0,0.0,0.0,,0.0,normalDay
2019-07-29,540.0,147.0,0.0,0,301.46,0.0,1,2.25,0.78,SPY190809P00296000,296.0,0,0.0,0.0,,0.0,normalDay
2019-07-30,540.0,114.0,0.0,0,300.72,0.0,1,2.25,1.11,SPY190809P00296000,296.0,0,0.0,0.0,,0.0,normalDay
2019-07-31,540.0,-5.0,0.0,0,297.43,0.0,1,2.25,2.3,SPY190809P00296000,296.0,0,0.0,0.0,,0.0,normalDay
2019-08-01,540.0,-109.0,0.0,0,294.84,0.0,1,2.25,3.34,SPY190809P00296000,296.0,0,0.0,0.0,,0.0,normalDay
2019-08-02,540.0,-203.0,0.0,0,292.62,0.0,1,2.25,4.28,SPY190809P00296000,296.0,0,0.0,0.0,,0.0,normalDay
2019-08-05,540.0,-1055.0,0.0,0,283.82,0.0,1,2.25,12.8,SPY190809P00296000,296.0,0,0.0,0.0,,0.0,normalDay
2019-08-06,540.0,-605.0,0.0,0,287.8,0.0,1,2.25,8.3,SPY190809P00296000,296.0,0,0.0,0.0,,0.0,normalDay
2019-08-07,540.0,-588.0,0.0,0,287.97,0.0,1,2.25,8.13,SPY190809P00296000,296.0,0,0.0,0.0,,0.0,normalDay
2019-08-08,540.0,-29.0,0.0,0,293.62,0.0,1,2.25,2.54,SPY190809P00296000,296.0,0,0.0,0.0,,0.0,normalDay
2019-08-09,765.0,-438.0,225.0,100,291.62,296.0,1,2.25,0.0,SPY190809P00296000,296.0,0,0.0,0.0,,0.0,expirationDay
2019-08-12,765.0,-799.0,0.0,100,288.07,296.0,0,0.0,0.0,,0.0,1,3.22,3.28,SPY190930C00296000,296.0,normalDay
2019-08-13,765.0,-479.0,0.0,100,292.55,296.0,0,0.0,0.0,,0.0,1,3.22,4.56,SPY190930C00296000,296.0,normalDay
2019-08-14,765.0,-1106.0,0.0,100,283.9,296.0,0,0.0,0.0,,0.0,1,3.22,2.18,SPY190930C00296000,296.0,normalDay
2019-08-15,765.0,-1029.0,0.0,100,284.65,296.0,0,0.0,0.0,,0.0,1,3.22,2.16,SPY190930C00296000,296.0,normalDay
2019-08-16,765.0,-675.0,0.0,100,288.85,296.0,0,0.0,0.0,,0.0,1,3.22,2.82,SPY190930C00296000,296.0,normalDay
2019-08-19,765.0,-402.0,0.0,100,292.33,296.0,0,0.0,0.0,,0.0,1,3.22,3.57,SPY190930C00296000,296.0,normalDay
2019-08-20,765.0,-533.0,0.0,100,290.09,296.0,0,0.0,0.0,,0.0,1,3.22,2.64,SPY190930C00296000,296.0,normalDay
2019-08-21,765.0,-379.0,0.0,100,292.45,296.0,0,0.0,0.0,,0.0,1,3.22,3.46,SPY190930C00296000,296.0,normalDay
2019-08-22,765.0,-375.0,0.0,100,292.36,296.0,0,0.0,0.0,,0.0,1,3.22,3.33,SPY190930C00296000,296.0,normalDay
2019-08-23,765.0,-941.0,0.0,100,284.85,296.0,0,0.0,0.0,,0.0,1,3.22,1.48,SPY190930C00296000,296.0,normalDay
2019-08-26,765.0,-674.0,0.0,100,288.0,296.0,0,0.0,0.0,,0.0,1,3.22,1.96,SPY190930C00296000,296.0,normalDay
2019-08-27,765.0,-753.0,0.0,100,286.87,296.0,0,0.0,0.0,,0.0,1,3.22,1.62,SPY190930C00296000,296.0,normalDay
2019-08-28,765.0,-590.0,0.0,100,288.89,296.0,0,0.0,0.0,,0.0,1,3.22,2.01,SPY190930C00296000,296.0,normalDay
2019-08-29,765.0,-324.0,0.0,100,292.58,296.0,0,0.0,0.0,,0.0,1,3.22,3.04,SPY190930C00296000,296.0,normalDay
2019-08-30,765.0,-336.0,0.0,100,292.45,296.0,0,0.0,0.0,,0.0,1,3.22,3.03,SPY190930C00296000,296.0,normalDay
2019-09-03,765.0,-411.0,0.0,100,290.74,296.0,0,0.0,0.0,,0.0,1,3.22,2.07,SPY190930C00296000,296.0,normalDay
2019-09-04,765.0,-170.0,0.0,100,294.04,296.0,0,0.0,0.0,,0.0,1,3.22,2.96,SPY190930C00296000,296.0,normalDay
2019-09-05,765.0,53.0,0.0,100,297.82,296.0,0,0.0,0.0,,0.0,1,3.22,4.51,SPY190930C00296000,296.0,normalDay
2019-09-06,765.0,65.0,0.0,100,298.05,296.0,0,0.0,0.0,,0.0,1,3.22,4.62,SPY190930C00296000,296.0,normalDay
2019-09-09,765.0,111.0,0.0,100,298.2,296.0,0,0.0,0.0,,0.0,1,3.22,4.31,SPY190930C00296000,296.0,normalDay
2019-09-10,765.0,122.0,0.0,100,298.13,296.0,0,0.0,0.0,,0.0,1,3.22,4.13,SPY190930C00296000,296.0,normalDay
2019-09-11,765.0,174.0,0.0,100,300.25,296.0,0,0.0,0.0,,0.0,1,3.22,5.73,SPY190930C00296000,296.0,normalDay
2019-09-12,765.0,202.0,0.0,100,301.29,296.0,0,0.0,0.0,,0.0,1,3.22,6.49,SPY190930C00296000,296.0,normalDay
2019-09-13,765.0,226.0,0.0,100,301.09,296.0,0,0.0,0.0,,0.0,1,3.22,6.05,SPY190930C00296000,296.0,normalDay
2019-09-16,765.0,204.0,0.0,100,300.16,296.0,0,0.0,0.0,,0.0,1,3.22,5.34,SPY190930C00296000,296.0,normalDay
2019-09-17,765.0,252.0,0.0,100,300.92,296.0,0,0.0,0.0,,0.0,1,3.22,5.62,SPY190930C00296000,296.0,normalDay
2019-09-18,765.0,257.0,0.0,100,301.1,296.0,0,0.0,0.0,,0.0,1,3.22,5.75,SPY190930C00296000,296.0,normalDay
2019-09-19,765.0,298.0,0.0,100,301.08,296.0,0,0.0,0.0,,0.0,1,3.22,5.32,SPY190930C00296000,296.0,normalDay
2019-09-20,765.0,159.0,0.0,100,298.28,296.0,0,0.0,0.0,,0.0,1,3.22,3.91,SPY190930C00296000,296.0,normalDay
2019-09-23,765.0,189.0,0.0,100,298.21,296.0,0,0.0,0.0,,0.0,1,3.22,3.54,SPY190930C00296000,296.0,normalDay
2019-09-24,765.0,81.0,0.0,100,295.87,296.0,0,0.0,0.0,,0.0,1,3.22,2.28,SPY190930C00296000,296.0,normalDay
2019-09-25,765.0,218.0,0.0,100,297.62,296.0,0,0.0,0.0,,0.0,1,3.22,2.66,SPY190930C00296000,296.0,normalDay
2019-09-26,765.0,212.0,0.0,100,297.0,296.0,0,0.0,0.0,,0.0,1,3.22,2.1,SPY190930C00296000,296.0,normalDay
2019-09-27,765.0,171.0,0.0,100,295.4,296.0,0,0.0,0.0,,0.0,1,3.22,0.91,SPY190930C00296000,296.0,normalDay
2019-09-30,1087.0,171.0,322.0,0,296.77,0.0,0,0.0,0.0,,0.0,1,3.22,0.0,SPY190930C00296000,296.0,expirationDay
2019-10-01,1087.0,-6.0,0.0,0,293.24,0.0,1,6.0,6.06,SPY191018P00297500,297.5,0,0.0,0.0,,0.0,normalDay
2019-10-02,1087.0,-450.0,0.0,0,288.06,0.0,1,6.0,10.5,SPY191018P00297500,297.5,0,0.0,0.0,,0.0,normalDay
2019-10-03,1087.0,-191.0,0.0,0,290.42,0.0,1,6.0,7.91,SPY191018P00297500,297.5,0,0.0,0.0,,0.0,normalDay
2019-10-04,1087.0,114.0,0.0,0,294.35,0.0,1,6.0,4.86,SPY191018P00297500,297.5,0,0.0,0.0,,0.0,normalDay
2019-10-07,1087.0,40.0,0.0,0,293.08,0.0,1,6.0,5.6,SPY191018P00297500,297.5,0,0.0,0.0,,0.0,normalDay
2019-10-08,1087.0,-323.0,0.0,0,288.53,0.0,1,6.0,9.23,SPY191018P00297500,297.5,0,0.0,0.0,,0.0,normalDay
2019-10-09,1087.0,-99.0,0.0,0,291.27,0.0,1,6.0,6.99,SPY191018P00297500,297.5,0,0.0,0.0,,0.0,normalDay
2019-10-10,1087.0,84.0,0.0,0,293.24,0.0,1,6.0,5.16,SPY191018P00297500,297.5,0,0.0,0.0,,0.0,normalDay
2019-10-11,1087.0,320.0,0.0,0,296.28,0.0,1,6.0,2.8,SPY191018P00297500,297.5,0,0.0,0.0,,0.0,normalDay
2019-10-14,1087.0,360.0,0.0,0,295.95,0.0,1,6.0,2.4,SPY191018P00297500,297.5,0,0.0,0.0,,0.0,normalDay
2019-10-15,1087.0,520.0,0.0,0,298.88,0.0,1,6.0,0.8,SPY191018P00297500,297.5,0,0.0,0.0,,0.0,normalDay
2019-10-16,1087.0,534.0,0.0,0,298.4,0.0,1,6.0,0.66,SPY191018P00297500,297.5,0,0.0,0.0,,0.0,normalDay
2019-10-17,1087.0,578.0,0.0,0,299.28,0.0,1,6.0,0.22,SPY191018P00297500,297.5,0,0.0,0.0,,0.0,normalDay
2019-10-18,1687.0,0.0,600.0,0,297.97,0.0,1,6.0,0.0,SPY191018P00297500,297.5,0,0.0,0.0,,0.0,expirationDay
2019-10-21,1687.0,-4.0,0.0,0,299.99,0.0,1,1.35,1.39,SPY191108P00294000,294.0,0,0.0,0.0,,0.0,normalDay
2019-10-22,1687.0,-26.0,0.0,0,299.01,0.0,1,1.35,1.61,SPY191108P00294000,294.0,0,0.0,0.0,,0.0,normalDay
2019-10-23,1687.0,15.0,0.0,0,299.88,0.0,1,1.35,1.2,SPY191108P00294000,294.0,0,0.0,0.0,,0.0,normalDay
2019-10-24,1687.0,34.0,0.0,0,300.37,0.0,1,1.35,1.01,SPY191108P00294000,294.0,0,0.0,0.0,,0.0,normalDay
2019-10-25,1687.0,74.0,0.0,0,301.6,0.0,1,1.35,0.61,SPY191108P00294000,294.0,0,0.0,0.0,,0.0,normalDay
2019-10-28,1687.0,95.0,0.0,0,303.3,0.0,1,1.35,0.4,SPY191108P00294000,294.0,0,0.0,0.0,,0.0,normalDay
2019-10-29,1687.0,99.0,0.0,0,303.21,0.0,1,1.35,0.36,SPY191108P00294000,294.0,0,0.0,0.0,,0.0,normalDay
2019-10-30,1687.0,115.0,0.0,0,304.14,0.0,1,1.35,0.2,SPY191108P00294000,294.0,0,0.0,0.0,,0.0,normalDay
2019-10-31,1687.0,110.0,0.0,0,303.33,0.0,1,1.35,0.25,SPY191108P00294000,294.0,0,0.0,0.0,,0.0,normalDay
2019-11-01,1687.0,129.0,0.0,0,306.14,0.0,1,1.35,0.06,SPY191108P00294000,294.0,0,0.0,0.0,,0.0,normalDay
2019-11-04,1687.0,132.0,0.0,0,307.37,0.0,1,1.35,0.03,SPY191108P00294000,294.0,0,0.0,0.0,,0.0,normalDay
2019-11-05,1687.0,133.0,0.0,0,307.03,0.0,1,1.35,0.02,SPY191108P00294000,294.0,0,0.0,0.0,,0.0,normalDay
2019-11-06,1687.0,134.0,0.0,0,307.1,0.0,1,1.35,0.01,SPY191108P00294000,294.0,0,0.0,0.0,,0.0,normalDay
2019-11-07,1687.0,134.0,0.0,0,308.18,0.0,1,1.35,0.01,SPY191108P00294000,294.0,0,0.0,0.0,,0.0,normalDay
2019-11-08,1822.0,0.0,135.0,0,308.94,0.0,1,1.35,0.0,SPY191108P00294000,294.0,0,0.0,0.0,,0.0,expirationDay
2019-11-11,1822.0,-3.0,0.0,0,308.35,0.0,1,0.93,0.96,SPY191129P00302000,302.0,0,0.0,0.0,,0.0,normalDay
2019-11-12,1822.0,4.0,0.0,0,309.0,0.0,1,0.93,0.89,SPY191129P00302000,302.0,0,0.0,0.0,,0.0,normalDay
2019-11-13,1822.0,9.0,0.0,0,309.1,0.0,1,0.93,0.84,SPY191129P00302000,302.0,0,0.0,0.0,,0.0,normalDay
2019-11-14,1822.0,20.0,0.0,0,309.55,0.0,1,0.93,0.73,SPY191129P00302000,302.0,0,0.0,0.0,,0.0,normalDay
2019-11-15,1822.0,55.0,0.0,0,311.79,0.0,1,0.93,0.38,SPY191129P00302000,302.0,0,0.0,0.0,,0.0,normalDay
2019-11-18,1822.0,63.0,0.0,0,312.02,0.0,1,0.93,0.3,SPY191129P00302000,302.0,0,0.0,0.0,,0.0,normalDay
2019-11-19,1822.0,66.0,0.0,0,311.93,0.0,1,0.93,0.27,SPY191129P00302000,302.0,0,0.0,0.0,,0.0,normalDay
2019-11-20,1822.0,62.0,0.0,0,310.77,0.0,1,0.93,0.31,SPY191129P00302000,302.0,0,0.0,0.0,,0.0,normalDay
2019-11-21,1822.0,68.0,0.0,0,310.27,0.0,1,0.93,0.25,SPY191129P00302000,302.0,0,0.0,0.0,,0.0,normalDay
2019-11-22,1822.0,83.0,0.0,0,310.96,0.0,1,0.93,0.1,SPY191129P00302000,302.0,0,0.0,0.0,,0.0,normalDay
2019-11-25,1822.0,88.0,0.0,0,313.37,0.0,1,0.93,0.05,SPY191129P00302000,302.0,0,0.0,0.0,,0.0,normalDay
2019-11-26,1822.0,90.0,0.0,0,314.08,0.0,1,0.93,0.03,SPY191129P00302000,302.0,0,0.0,0.0,,0.0,normalDay
2019-11-27,1822.0,91.0,0.0,0,315.48,0.0,1,0.93,0.02,SPY191129P00302000,302.0,0,0.0,0.0,,0.0,normalDay
2019-11-29,1915.0,0.0,93.0,0,314.31,0.0,1,0.93,0.0,SPY191129P00302000,302.0,0,0.0,0.0,,0.0,expirationDay
2019-12-02,1915.0,-3.0,0.0,0,311.64,0.0,1,3.44,3.47,SPY191220P00310000,310.0,0,0.0,0.0,,0.0,normalDay
2019-12-03,1915.0,-124.0,0.0,0,309.55,0.0,1,3.44,4.68,SPY191220P00310000,310.0,0,0.0,0.0,,0.0,normalDay
2019-12-04,1915.0,-18.0,0.0,0,311.46,0.0,1,3.44,3.62,SPY191220P00310000,310.0,0,0.0,0.0,,0.0,normalDay
2019-12-05,1915.0,40.0,0.0,0,312.02,0.0,1,3.44,3.04,SPY191220P00310000,310.0,0,0.0,0.0,,0.0,normalDay
2019-12-06,1915.0,161.0,0.0,0,314.87,0.0,1,3.44,1.83,SPY191220P00310000,310.0,0,0.0,0.0,,0.0,normalDay
2019-12-09,1915.0,118.0,0.0,0,313.88,0.0,1,3.44,2.26,SPY191220P00310000,310.0,0,0.0,0.0,,0.0,normalDay
2019-12-10,1915.0,140.0,0.0,0,313.53,0.0,1,3.44,2.04,SPY191220P00310000,310.0,0,0.0,0.0,,0.0,normalDay
2019-12-11,1915.0,186.0,0.0,0,314.42,0.0,1,3.44,1.58,SPY191220P00310000,310.0,0,0.0,0.0,,0.0,normalDay
2019-12-12,1915.0,251.0,0.0,0,317.13,0.0,1,3.44,0.93,SPY191220P00310000,310.0,0,0.0,0.0,,0.0,normalDay
2019-12-13,1915.0,289.0,0.0,0,317.32,0.0,1,3.44,0.55,SPY191220P00310000,310.0,0,0.0,0.0,,0.0,normalDay
2019-12-16,1915.0,325.0,0.0,0,319.5,0.0,1,3.44,0.19,SPY191220P00310000,310.0,0,0.0,0.0,,0.0,normalDay
2019-12-17,1915.0,334.0,0.0,0,319.57,0.0,1,3.44,0.1,SPY191220P00310000,310.0,0,0.0,0.0,,0.0,normalDay
2019-12-18,1915.0,338.0,0.0,0,319.59,0.0,1,3.44,0.06,SPY191220P00310000,310.0,0,0.0,0.0,,0.0,normalDay
2019-12-19,1915.0,340.0,0.0,0,320.9,0.0,1,3.44,0.04,SPY191220P00310000,310.0,0,0.0,0.0,,0.0,normalDay
2019-12-20,2259.0,0.0,344.0,0,320.73,0.0,1,3.44,0.0,SPY191220P00310000,310.0,0,0.0,0.0,,0.0,expirationDay
2019-12-23,2259.0,-4.0,0.0,0,321.22,0.0,1,1.04,1.08,SPY200110P00315000,315.0,0,0.0,0.0,,0.0,normalDay
2019-12-24,2259.0,2.0,0.0,0,321.23,0.0,1,1.04,1.02,SPY200110P00315000,315.0,0,0.0,0.0,,0.0,normalDay
2019-12-26,2259.0,32.0,0.0,0,322.94,0.0,1,1.04,0.72,SPY200110P00315000,315.0,0,0.0,0.0,,0.0,normalDay
2019-12-27,2259.0,25.0,0.0,0,322.86,0.0,1,1.04,0.79,SPY200110P00315000,315.0,0,0.0,0.0,,0.0,normalDay
2019-12-30,2259.0,3.0,0.0,0,321.08,0.0,1,1.04,1.01,SPY200110P00315000,315.0,0,0.0,0.0,,0.0,normalDay
2019-12-31,2259.0,34.0,0.0,0,321.86,0.0,1,1.04,0.7,SPY200110P00315000,315.0,0,0.0,0.0,,0.0,normalDay
2020-01-02,2259.0,83.0,0.0,0,324.87,0.0,1,1.04,0.21,SPY200110P00315000,315.0,0,0.0,0.0,,0.0,normalDay
2020-01-03,2259.0,61.0,0.0,0,322.41,0.0,1,1.04,0.43,SPY200110P00315000,315.0,0,0.0,0.0,,0.0,normalDay
2020-01-06,2259.0,92.0,0.0,0,323.64,0.0,1,1.04,0.12,SPY200110P00315000,315.0,0,0.0,0.0,,0.0,normalDay
2020-01-07,2259.0,92.0,0.0,0,322.73,0.0,1,1.04,0.12,SPY200110P00315000,315.0,0,0.0,0.0,,0.0,normalDay
2020-01-08,2259.0,95.0,0.0,0,324.45,0.0,1,1.04,0.09,SPY200110P00315000,315.0,0,0.0,0.0,,0.0,normalDay
2020-01-09,2259.0,102.0,0.0,0,326.65,0.0,1,1.04,0.02,SPY200110P00315000,315.0,0,0.0,0.0,,0.0,normalDay
2020-01-10,2363.0,0.0,104.0,0,325.71,0.0,1,1.04,0.0,SPY200110P00315000,315.0,0,0.0,0.0,,0.0,expirationDay
2020-01-13,2363.0,-3.0,0.0,0,327.95,0.0,1,1.09,1.12,SPY200131P00321500,321.5,0,0.0,0.0,,0.0,normalDay
2020-01-14,2363.0,-1.0,0.0,0,327.45,0.0,1,1.09,1.1,SPY200131P00321500,321.5,0,0.0,0.0,,0.0,normalDay
2020-01-15,2363.0,21.0,0.0,0,328.19,0.0,1,1.09,0.88,SPY200131P00321500,321.5,0,0.0,0.0,,0.0,normalDay
2020-01-16,2363.0,52.0,0.0,0,330.92,0.0,1,1.09,0.57,SPY200131P00321500,321.5,0,0.0,0.0,,0.0,normalDay
2020-01-17,2363.0,68.0,0.0,0,331.95,0.0,1,1.09,0.41,SPY200131P00321500,321.5,0,0.0,0.0,,0.0,normalDay
2020-01-21,2363.0,68.0,0.0,0,331.3,0.0,1,1.09,0.41,SPY200131P00321500,321.5,0,0.0,0.0,,0.0,normalDay
2020-01-22,2363.0,77.0,0.0,0,331.34,0.0,1,1.09,0.32,SPY200131P00321500,321.5,0,0.0,0.0,,0.0,normalDay
2020-01-23,2363.0,84.0,0.0,0,331.72,0.0,1,1.09,0.25,SPY200131P00321500,321.5,0,0.0,0.0,,0.0,normalDay
2020-01-24,2363.0,42.0,0.0,0,328.77,0.0,1,1.09,0.67,SPY200131P00321500,321.5,0,0.0,0.0,,0.0,normalDay
2020-01-27,2363.0,-105.0,0.0,0,323.5,0.0,1,1.09,2.14,SPY200131P00321500,321.5,0,0.0,0.0,,0.0,normalDay
2020-01-28,2363.0,43.0,0.0,0,326.89,0.0,1,1.09,0.66,SPY200131P00321500,321.5,0,0.0,0.0,,0.0,normalDay
2020-01-29,2363.0,71.0,0.0,0,326.62,0.0,1,1.09,0.38,SPY200131P00321500,321.5,0,0.0,0.0,,0.0,normalDay
2020-01-30,2363.0,102.0,0.0,0,327.68,0.0,1,1.09,0.07,SPY200131P00321500,321.5,0,0.0,0.0,,0.0,normalDay
2020-01-31,2472.0,0.0,109.0,0,321.73,0.0,1,1.09,0.0,SPY200131P00321500,321.5,0,0.0,0.0,,0.0,expirationDay
2020-02-03,2472.0,-5.0,0.0,0,324.12,0.0,1,5.36,5.41,SPY200221P00326000,326.0,0,0.0,0.0,,0.0,normalDay
2020-02-04,2472.0,273.0,0.0,0,329.06,0.0,1,5.36,2.63,SPY200221P00326000,326.0,0,0.0,0.0,,0.0,normalDay
2020-02-05,2472.0,399.0,0.0,0,332.86,0.0,1,5.36,1.37,SPY200221P00326000,326.0,0,0.0,0.0,,0.0,normalDay
2020-02-06,2472.0,421.0,0.0,0,333.98,0.0,1,5.36,1.15,SPY200221P00326000,326.0,0,0.0,0.0,,0.0,normalDay
2020-02-07,2472.0,391.0,0.0,0,332.2,0.0,1,5.36,1.45,SPY200221P00326000,326.0,0,0.0,0.0,,0.0,normalDay
2020-02-10,2472.0,460.0,0.0,0,334.68,0.0,1,5.36,0.76,SPY200221P00326000,326.0,0,0.0,0.0,,0.0,normalDay
2020-02-11,2472.0,473.0,0.0,0,335.26,0.0,1,5.36,0.63,SPY200221P00326000,326.0,0,0.0,0.0,,0.0,normalDay
2020-02-12,2472.0,508.0,0.0,0,337.42,0.0,1,5.36,0.28,SPY200221P00326000,326.0,0,0.0,0.0,,0.0,normalDay
2020-02-13,2472.0,507.0,0.0,0,337.06,0.0,1,5.36,0.29,SPY200221P00326000,326.0,0,0.0,0.0,,0.0,normalDay
2020-02-14,2472.0,520.0,0.0,0,337.6,0.0,1,5.36,0.16,SPY200221P00326000,326.0,0,0.0,0.0,,0.0,normalDay
2020-02-18,2472.0,527.0,0.0,0,336.73,0.0,1,5.36,0.09,SPY200221P00326000,326.0,0,0.0,0.0,,0.0,normalDay
2020-02-19,2472.0,532.0,0.0,0,338.34,0.0,1,5.36,0.04,SPY200221P00326000,326.0,0,0.0,0.0,,0.0,normalDay
2020-02-20,2472.0,533.0,0.0,0,336.95,0.0,1,5.36,0.03,SPY200221P00326000,326.0,0,0.0,0.0,,0.0,normalDay
2020-02-21,3008.0,0.0,536.0,0,333.48,0.0,1,5.36,0.0,SPY200221P00326000,326.0,0,0.0,0.0,,0.0,expirationDay
2020-02-24,3008.0,-9.0,0.0,0,322.42,0.0,1,10.37,10.46,SPY200313P00330000,330.0,0,0.0,0.0,,0.0,normalDay
2020-02-25,3008.0,-728.0,0.0,0,312.65,0.0,1,10.37,17.65,SPY200313P00330000,330.0,0,0.0,0.0,,0.0,normalDay
2020-02-26,3008.0,-911.0,0.0,0,311.5,0.0,1,10.37,19.48,SPY200313P00330000,330.0,0,0.0,0.0,,0.0,normalDay
2020-02-27,3008.0,-2329.0,0.0,0,297.51,0.0,1,10.37,33.66,SPY200313P00330000,330.0,0,0.0,0.0,,0.0,normalDay
2020-02-28,3008.0,-2252.0,0.0,0,296.26,0.0,1,10.37,32.89,SPY200313P00330000,330.0,0,0.0,0.0,,0.0,normalDay
2020-03-02,3008.0,-1079.0,0.0,0,309.09,0.0,1,10.37,21.16,SPY200313P00330000,330.0,0,0.0,0.0,,0.0,normalDay
2020-03-03,3008.0,-1833.0,0.0,0,300.24,0.0,1,10.37,28.7,SPY200313P00330000,330.0,0,0.0,0.0,,0.0,normalDay
2020-03-04,3008.0,-807.0,0.0,0,312.86,0.0,1,10.37,18.44,SPY200313P00330000,330.0,0,0.0,0.0,,0.0,normalDay
2020-03-05,3008.0,-1785.0,0.0,0,302.46,0.0,1,10.37,28.22,SPY200313P00330000,330.0,0,0.0,0.0,,0.0,normalDay
2020-03-06,3008.0,-2298.0,0.0,0,297.46,0.0,1,10.37,33.35,SPY200313P00330000,330.0,0,0.0,0.0,,0.0,normalDay
2020-03-09,3008.0,-4620.0,0.0,0,274.23,0.0,1,10.37,56.57,SPY200313P00330000,330.0,0,0.0,0.0,,0.0,normalDay
2020-03-10,3008.0,-3198.0,0.0,0,288.42,0.0,1,10.37,42.35,SPY200313P00330000,330.0,0,0.0,0.0,,0.0,normalDay
2020-03-11,3008.0,-4604.0,0.0,0,274.36,0.0,1,10.37,56.41,SPY200313P00330000,330.0,0,0.0,0.0,,0.0,normalDay
2020-03-12,3008.0,-7148.0,0.0,0,248.11,0.0,1,10.37,81.85,SPY200313P00330000,330.0,0,0.0,0.0,,0.0,normalDay
2020-03-13,4045.0,-6068.0,1037.0,100,269.32,330.0,1,10.37,0.0,SPY200313P00330000,330.0,0,0.0,0.0,,0.0,expirationDay
2020-03-16,4045.0,-9105.0,0.0,100,239.85,330.0,0,0.0,0.0,,0.0,1,1.78,2.68,SPY200501C00300000,300.0,normalDay
2020-03-17,4045.0,-7826.0,0.0,100,252.8,330.0,0,0.0,0.0,,0.0,1,1.78,2.84,SPY200501C00300000,300.0,normalDay
2020-03-18,4045.0,-9005.0,0.0,100,240.0,330.0,0,0.0,0.0,,0.0,1,1.78,1.83,SPY200501C00300000,300.0,normalDay
2020-03-19,4045.0,-8865.0,0.0,100,240.51,330.0,0,0.0,0.0,,0.0,1,1.78,0.94,SPY200501C00300000,300.0,normalDay
2020-03-20,4045.0,-9982.0,0.0,100,228.8,330.0,0,0.0,0.0,,0.0,1,1.78,0.4,SPY200501C00300000,300.0,normalDay
2020-03-23,4045.0,-10561.0,0.0,100,222.95,330.0,0,0.0,0.0,,0.0,1,1.78,0.34,SPY200501C00300000,300.0,normalDay
2020-03-24,4045.0,-8622.0,0.0,100,243.15,330.0,0,0.0,0.0,,0.0,1,1.78,1.15,SPY200501C00300000,300.0,normalDay
2020-03-25,4045.0,-8263.0,0.0,100,246.79,330.0,0,0.0,0.0,,0.0,1,1.78,1.2,SPY200501C00300000,300.0,normalDay
2020-03-26,4045.0,-6895.0,0.0,100,261.2,330.0,0,0.0,0.0,,0.0,1,1.78,1.93,SPY200501C00300000,300.0,normalDay
2020-03-27,4045.0,-7589.0,0.0,100,253.42,330.0,0,0.0,0.0,,0.0,1,1.78,1.09,SPY200501C00300000,300.0,normalDay
2020-03-30,4045.0,-6770.0,0.0,100,261.65,330.0,0,0.0,0.0,,0.0,1,1.78,1.13,SPY200501C00300000,300.0,normalDay
2020-03-31,4045.0,-7082.0,0.0,100,257.75,330.0,0,0.0,0.0,,0.0,1,1.78,0.35,SPY200501C00300000,300.0,normalDay
2020-04-01,4045.0,-8230.0,0.0,100,246.15,330.0,0,0.0,0.0,,0.0,1,1.78,0.23,SPY200501C00300000,300.0,normalDay
2020-04-02,4045.0,-7662.0,0.0,100,251.83,330.0,0,0.0,0.0,,0.0,1,1.78,0.23,SPY200501C00300000,300.0,normalDay
2020-04-03,4045.0,-8018.0,0.0,100,248.19,330.0,0,0.0,0.0,,0.0,1,1.78,0.15,SPY200501C00300000,300.0,normalDay
2020-04-06,4045.0,-6378.0,0.0,100,264.86,330.0,0,0.0,0.0,,0.0,1,1.78,0.42,SPY200501C00300000,300.0,normalDay
2020-04-07,4045.0,-6356.0,0.0,100,265.13,330.0,0,0.0,0.0,,0.0,1,1.78,0.47,SPY200501C00300000,300.0,normalDay
2020-04-08,4045.0,-5523.0,0.0,100,274.03,330.0,0,0.0,0.0,,0.0,1,1.78,1.04,SPY200501C00300000,300.0,normalDay
2020-04-09,4045.0,-5168.0,0.0,100,278.2,330.0,0,0.0,0.0,,0.0,1,1.78,1.66,SPY200501C00300000,300.0,normalDay
2020-04-13,4045.0,-5345.0,0.0,100,275.66,330.0,0,0.0,0.0,,0.0,1,1.78,0.89,SPY200501C00300000,300.0,normalDay
2020-04-14,4045.0,-4642.0,0.0,100,283.79,330.0,0,0.0,0.0,,0.0,1,1.78,1.99,SPY200501C00300000,300.0,normalDay
2020-04-15,4045.0,-5134.0,0.0,100,277.76,330.0,0,0.0,0.0,,0.0,1,1.78,0.88,SPY200501C00300000,300.0,normalDay
2020-04-16,4045.0,-4994.0,0.0,100,279.1,330.0,0,0.0,0.0,,0.0,1,1.78,0.82,SPY200501C00300000,300.0,normalDay
2020-04-17,4045.0,-4346.0,0.0,100,286.64,330.0,0,0.0,0.0,,0.0,1,1.78,1.88,SPY200501C00300000,300.0,normalDay
2020-04-20,4045.0,-4750.0,0.0,100,281.59,330.0,0,0.0,0.0,,0.0,1,1.78,0.87,SPY200501C00300000,300.0,normalDay
2020-04-21,4045.0,-5546.0,0.0,100,273.04,330.0,0,0.0,0.0,,0.0,1,1.78,0.28,SPY200501C00300000,300.0,normalDay
2020-04-22,4045.0,-4939.0,0.0,100,279.1,330.0,0,0.0,0.0,,0.0,1,1.78,0.27,SPY200501C00300000,300.0,normalDay
2020-04-23,4045.0,-4934.0,0.0,100,279.08,330.0,0,0.0,0.0,,0.0,1,1.78,0.2,SPY200501C00300000,300.0,normalDay
2020-04-24,4045.0,-4541.0,0.0,100,282.97,330.0,0,0.0,0.0,,0.0,1,1.78,0.16,SPY200501C00300000,300.0,normalDay
2020-04-27,4045.0,-4134.0,0.0,100,287.05,330.0,0,0.0,0.0,,0.0,1,1.78,0.17,SPY200501C00300000,300.0,normalDay
2020-04-28,4045.0,-4259.0,0.0,100,285.73,330.0,0,0.0,0.0,,0.0,1,1.78,0.1,SPY200501C00300000,300.0,normalDay
2020-04-29,4045.0,-3542.0,0.0,100,293.21,330.0,0,0.0,0.0,,0.0,1,1.78,0.41,SPY200501C00300000,300.0,normalDay
2020-04-30,4045.0,-3780.0,0.0,100,290.48,330.0,0,0.0,0.0,,0.0,1,1.78,0.06,SPY200501C00300000,300.0,normalDay
2020-05-01,4223.0,-4721.0,178.0,100,282.79,330.0,0,0.0,0.0,,0.0,1,1.78,0.0,SPY200501C00300000,300.0,expirationDay
2020-05-04,4223.0,-4653.0,0.0,100,283.57,330.0,0,0.0,0.0,,0.0,1,14.31,14.41,SPY200619C00280000,280.0,normalDay
2020-05-05,4223.0,-4527.0,0.0,100,286.19,330.0,0,0.0,0.0,,0.0,1,14.31,15.77,SPY200619C00280000,280.0,normalDay
2020-05-06,4223.0,-4576.0,0.0,100,284.25,330.0,0,0.0,0.0,,0.0,1,14.31,14.32,SPY200619C00280000,280.0,normalDay
2020-05-07,4223.0,-4441.0,0.0,100,287.68,330.0,0,0.0,0.0,,0.0,1,14.31,16.4,SPY200619C00280000,280.0,normalDay
2020-05-08,4223.0,-4208.0,0.0,100,292.44,330.0,0,0.0,0.0,,0.0,1,14.31,18.83,SPY200619C00280000,280.0,normalDay
2020-05-11,4223.0,-4083.0,0.0,100,292.5,330.0,0,0.0,0.0,,0.0,1,14.31,17.64,SPY200619C00280000,280.0,normalDay
2020-05-12,4223.0,-4317.0,0.0,100,286.67,330.0,0,0.0,0.0,,0.0,1,14.31,14.15,SPY200619C00280000,280.0,normalDay
2020-05-13,4223.0,-4631.0,0.0,100,281.6,330.0,0,0.0,0.0,,0.0,1,14.31,12.22,SPY200619C00280000,280.0,normalDay
2020-05-14,4223.0,-4427.0,0.0,100,284.97,330.0,0,0.0,0.0,,0.0,1,14.31,13.55,SPY200619C00280000,280.0,normalDay
2020-05-15,4223.0,-4270.0,0.0,100,286.28,330.0,0,0.0,0.0,,0.0,1,14.31,13.29,SPY200619C00280000,280.0,normalDay
2020-05-18,4223.0,-3997.0,0.0,100,295.0,330.0,0,0.0,0.0,,0.0,1,14.31,19.28,SPY200619C00280000,280.0,normalDay
2020-05-19,4223.0,-4108.0,0.0,100,291.97,330.0,0,0.0,0.0,,0.0,1,14.31,17.36,SPY200619C00280000,280.0,normalDay
2020-05-20,4223.0,-3961.0,0.0,100,296.93,330.0,0,0.0,0.0,,0.0,1,14.31,20.85,SPY200619C00280000,280.0,normalDay
2020-05-21,4223.0,-3960.0,0.0,100,294.88,330.0,0,0.0,0.0,,0.0,1,14.31,18.79,SPY200619C00280000,280.0,normalDay
2020-05-22,4223.0,-3940.0,0.0,100,295.44,330.0,0,0.0,0.0,,0.0,1,14.31,19.15,SPY200619C00280000,280.0,normalDay
2020-05-26,4223.0,-3846.0,0.0,100,299.08,330.0,0,0.0,0.0,,0.0,1,14.31,21.85,SPY200619C00280000,280.0,normalDay
2020-05-27,4223.0,-3788.0,0.0,100,303.53,330.0,0,0.0,0.0,,0.0,1,14.31,25.72,SPY200619C00280000,280.0,normalDay
2020-05-28,4223.0,-3853.0,0.0,100,302.97,330.0,0,0.0,0.0,,0.0,1,14.31,25.81,SPY200619C00280000,280.0,normalDay
2020-05-29,4223.0,-3813.0,0.0,100,304.32,330.0,0,0.0,0.0,,0.0,1,14.31,26.76,SPY200619C00280000,280.0,normalDay
2020-06-01,4223.0,-3682.0,0.0,100,305.55,330.0,0,0.0,0.0,,0.0,1,14.31,26.68,SPY200619C00280000,280.0,normalDay
2020-06-02,4223.0,-3641.0,0.0,100,308.08,330.0,0,0.0,0.0,,0.0,1,14.31,28.8,SPY200619C00280000,280.0,normalDay
2020-06-03,4223.0,-3633.0,0.0,100,312.18,330.0,0,0.0,0.0,,0.0,1,14.31,32.82,SPY200619C00280000,280.0,normalDay
2020-06-04,4223.0,-3631.0,0.0,100,311.36,330.0,0,0.0,0.0,,0.0,1,14.31,31.98,SPY200619C00280000,280.0,normalDay
2020-06-05,4223.0,-3600.0,0.0,100,319.34,330.0,0,0.0,0.0,,0.0,1,14.31,39.65,SPY200619C00280000,280.0,normalDay
2020-06-08,4223.0,-3544.0,0.0,100,323.2,330.0,0,0.0,0.0,,0.0,1,14.31,42.95,SPY200619C00280000,280.0,normalDay
2020-06-09,4223.0,-3659.0,0.0,100,320.79,330.0,0,0.0,0.0,,0.0,1,14.31,41.69,SPY200619C00280000,280.0,normalDay
2020-06-10,4223.0,-3556.0,0.0,100,319.0,330.0,0,0.0,0.0,,0.0,1,14.31,38.87,SPY200619C00280000,280.0,normalDay
2020-06-11,4223.0,-3801.0,0.0,100,300.61,330.0,0,0.0,0.0,,0.0,1,14.31,22.93,SPY200619C00280000,280.0,normalDay
2020-06-12,4223.0,-3609.0,0.0,100,304.21,330.0,0,0.0,0.0,,0.0,1,14.31,24.61,SPY200619C00280000,280.0,normalDay
2020-06-15,4223.0,-3624.0,0.0,100,307.05,330.0,0,0.0,0.0,,0.0,1,14.31,27.6,SPY200619C00280000,280.0,normalDay
2020-06-16,4223.0,-3566.0,0.0,100,312.96,330.0,0,0.0,0.0,,0.0,1,14.31,32.93,SPY200619C00280000,280.0,normalDay
2020-06-17,4223.0,-3629.0,0.0,100,311.66,330.0,0,0.0,0.0,,0.0,1,14.31,32.26,SPY200619C00280000,280.0,normalDay
2020-06-18,4223.0,-3596.0,0.0,100,311.78,330.0,0,0.0,0.0,,0.0,1,14.31,32.05,SPY200619C00280000,280.0,normalDay
2020-06-19,654.0,-3596.0,-3569.0,0,308.64,0.0,0,0.0,0.0,,0.0,1,14.31,0.0,SPY200619C00280000,280.0,expirationDay
2020-06-22,654.0,-6.0,0.0,0,310.62,0.0,1,6.26,6.32,SPY200710P00308000,308.0,0,0.0,0.0,,0.0,normalDay
2020-06-23,654.0,60.0,0.0,0,312.05,0.0,1,6.26,5.66,SPY200710P00308000,308.0,0,0.0,0.0,,0.0,normalDay
2020-06-24,654.0,-279.0,0.0,0,304.09,0.0,1,6.26,9.05,SPY200710P00308000,308.0,0,0.0,0.0,,0.0,normalDay
2020-06-25,654.0,-50.0,0.0,0,307.35,0.0,1,6.26,6.76,SPY200710P00308000,308.0,0,0.0,0.0,,0.0,normalDay
2020-06-26,654.0,-389.0,0.0,0,300.05,0.0,1,6.26,10.15,SPY200710P00308000,308.0,0,0.0,0.0,,0.0,normalDay
2020-06-29,654.0,-87.0,0.0,0,304.46,0.0,1,6.26,7.13,SPY200710P00308000,308.0,0,0.0,0.0,,0.0,normalDay
2020-06-30,654.0,133.0,0.0,0,308.36,0.0,1,6.26,4.93,SPY200710P00308000,308.0,0,0.0,0.0,,0.0,normalDay
2020-07-01,654.0,288.0,0.0,0,310.52,0.0,1,6.26,3.38,SPY200710P00308000,308.0,0,0.0,0.0,,0.0,normalDay
2020-07-02,654.0,421.0,0.0,0,312.23,0.0,1,6.26,2.05,SPY200710P00308000,308.0,0,0.0,0.0,,0.0,normalDay
2020-07-06,654.0,549.0,0.0,0,317.05,0.0,1,6.26,0.77,SPY200710P00308000,308.0,0,0.0,0.0,,0.0,normalDay
2020-07-07,654.0,514.0,0.0,0,313.78,0.0,1,6.26,1.12,SPY200710P00308000,308.0,0,0.0,0.0,,0.0,normalDay
2020-07-08,654.0,596.0,0.0,0,316.18,0.0,1,6.26,0.3,SPY200710P00308000,308.0,0,0.0,0.0,,0.0,normalDay
2020-07-09,654.0,602.0,0.0,0,314.38,0.0,1,6.26,0.24,SPY200710P00308000,308.0,0,0.0,0.0,,0.0,normalDay
2020-07-10,1280.0,0.0,626.0,0,317.59,0.0,1,6.26,0.0,SPY200710P00308000,308.0,0,0.0,0.0,,0.0,expirationDay
2020-07-13,1280.0,-6.0,0.0,0,314.84,0.0,1,5.6,5.66,SPY200731P00309000,309.0,0,0.0,0.0,,0.0,normalDay
2020-07-14,1280.0,170.0,0.0,0,318.92,0.0,1,5.6,3.9,SPY200731P00309000,309.0,0,0.0,0.0,,0.0,normalDay
2020-07-15,1280.0,289.0,0.0,0,321.85,0.0,1,5.6,2.71,SPY200731P00309000,309.0,0,0.0,0.0,,0.0,normalDay
2020-07-16,1280.0,265.0,0.0,0,320.79,0.0,1,5.6,2.95,SPY200731P00309000,309.0,0,0.0,0.0,,0.0,normalDay
2020-07-17,1280.0,377.0,0.0,0,321.72,0.0,1,5.6,1.83,SPY200731P00309000,309.0,0,0.0,0.0,,0.0,normalDay
2020-07-20,1280.0,450.0,0.0,0,324.32,0.0,1,5.6,1.1,SPY200731P00309000,309.0,0,0.0,0.0,,0.0,normalDay
2020-07-21,1280.0,463.0,0.0,0,325.01,0.0,1,5.6,0.97,SPY200731P00309000,309.0,0,0.0,0.0,,0.0,normalDay
2020-07-22,1280.0,496.0,0.0,0,326.86,0.0,1,5.6,0.64,SPY200731P00309000,309.0,0,0.0,0.0,,0.0,normalDay
2020-07-23,1280.0,453.0,0.0,0,322.96,0.0,1,5.6,1.07,SPY200731P00309000,309.0,0,0.0,0.0,,0.0,normalDay
2020-07-24,1280.0,486.0,0.0,0,320.88,0.0,1,5.6,0.74,SPY200731P00309000,309.0,0,0.0,0.0,,0.0,normalDay
2020-07-27,1280.0,535.0,0.0,0,323.22,0.0,1,5.6,0.25,SPY200731P00309000,309.0,0,0.0,0.0,,0.0,normalDay
2020-07-28,1280.0,530.0,0.0,0,321.17,0.0,1,5.6,0.3,SPY200731P00309000,309.0,0,0.0,0.0,,0.0,normalDay
2020-07-29,1280.0,553.0,0.0,0,325.12,0.0,1,5.6,0.07,SPY200731P00309000,309.0,0,0.0,0.0,,0.0,normalDay
2020-07-30,1280.0,554.0,0.0,0,323.96,0.0,1,5.6,0.06,SPY200731P00309000,309.0,0,0.0,0.0,,0.0,normalDay
2020-07-31,1840.0,0.0,560.0,0,326.52,0.0,1,5.6,0.0,SPY200731P00309000,309.0,0,0.0,0.0,,0.0,expirationDay
2020-08-03,1840.0,-3.0,0.0,0,328.79,0.0,1,3.01,3.04,SPY200821P00320000,320.0,0,0.0,0.0,,0.0,normalDay
2020-08-04,1840.0,49.0,0.0,0,330.06,0.0,1,3.01,2.52,SPY200821P00320000,320.0,0,0.0,0.0,,0.0,normalDay
2020-08-05,1840.0,119.0,0.0,0,332.11,0.0,1,3.01,1.82,SPY200821P00320000,320.0,0,0.0,0.0,,0.0,normalDay
2020-08-06,1840.0,167.0,0.0,0,334.33,0.0,1,3.01,1.34,SPY200821P00320000,320.0,0,0.0,0.0,,0.0,normalDay
2020-08-07,1840.0,183.0,0.0,0,334.57,0.0,1,3.01,1.18,SPY200821P00320000,320.0,0,0.0,0.0,,0.0,normalDay
2020-08-10,1840.0,215.0,0.0,0,335.57,0.0,1,3.01,0.86,SPY200821P00320000,320.0,0,0.0,0.0,,0.0,normalDay
2020-08-11,1840.0,162.0,0.0,0,332.8,0.0,1,3.01,1.39,SPY200821P00320000,320.0,0,0.0,0.0,,0.0,normalDay
2020-08-12,1840.0,249.0,0.0,0,337.44,0.0,1,3.01,0.52,SPY200821P00320000,320.0,0,0.0,0.0,,0.0,normalDay
2020-08-13,1840.0,257.0,0.0,0,336.83,0.0,1,3.01,0.44,SPY200821P00320000,320.0,0,0.0,0.0,,0.0,normalDay
2020-08-14,1840.0,276.0,0.0,0,336.84,0.0,1,3.01,0.25,SPY200821P00320000,320.0,0,0.0,0.0,,0.0,normalDay
2020-08-17,1840.0,291.0,0.0,0,337.91,0.0,1,3.01,0.1,SPY200821P00320000,320.0,0,0.0,0.0,,0.0,normalDay
2020-08-18,1840.0,293.0,0.0,0,338.64,0.0,1,3.01,0.08,SPY200821P00320000,320.0,0,0.0,0.0,,0.0,normalDay
2020-08-19,1840.0,291.0,0.0,0,337.23,0.0,1,3.01,0.1,SPY200821P00320000,320.0,0,0.0,0.0,,0.0,normalDay
2020-08-20,1840.0,298.0,0.0,0,338.28,0.0,1,3.01,0.03,SPY200821P00320000,320.0,0,0.0,0.0,,0.0,normalDay
2020-08-21,2141.0,0.0,301.0,0,339.48,0.0,1,3.01,0.0,SPY200821P00320000,320.0,0,0.0,0.0,,0.0,expirationDay
2020-08-24,2141.0,-4.0,0.0,0,342.92,0.0,1,2.07,2.11,SPY200911P00332000,332.0,0,0.0,0.0,,0.0,normalDay
2020-08-25,2141.0,34.0,0.0,0,344.12,0.0,1,2.07,1.73,SPY200911P00332000,332.0,0,0.0,0.0,,0.0,normalDay
2020-08-26,2141.0,61.0,0.0,0,347.57,0.0,1,2.07,1.46,SPY200911P00332000,332.0,0,0.0,0.0,,0.0,normalDay
2020-08-27,2141.0,72.0,0.0,0,348.33,0.0,1,2.07,1.35,SPY200911P00332000,332.0,0,0.0,0.0,,0.0,normalDay
2020-08-28,2141.0,131.0,0.0,0,350.58,0.0,1,2.07,0.76,SPY200911P00332000,332.0,0,0.0,0.0,,0.0,normalDay
2020-08-31,2141.0,116.0,0.0,0,349.31,0.0,1,2.07,0.91,SPY200911P00332000,332.0,0,0.0,0.0,,0.0,normalDay
2020-09-01,2141.0,151.0,0.0,0,352.6,0.0,1,2.07,0.56,SPY200911P00332000,332.0,0,0.0,0.0,,0.0,normalDay
2020-09-02,2141.0,172.0,0.0,0,357.7,0.0,1,2.07,0.35,SPY200911P00332000,332.0,0,0.0,0.0,,0.0,normalDay
2020-09-03,2141.0,46.0,0.0,0,345.39,0.0,1,2.07,1.61,SPY200911P00332000,332.0,0,0.0,0.0,,0.0,normalDay
2020-09-04,2141.0,14.0,0.0,0,342.57,0.0,1,2.07,1.93,SPY200911P00332000,332.0,0,0.0,0.0,,0.0,normalDay
2020-09-08,2141.0,-153.0,0.0,0,333.21,0.0,1,2.07,3.6,SPY200911P00332000,332.0,0,0.0,0.0,,0.0,normalDay
2020-09-09,2141.0,104.0,0.0,0,339.79,0.0,1,2.07,1.03,SPY200911P00332000,332.0,0,0.0,0.0,,0.0,normalDay
2020-09-10,2141.0,59.0,0.0,0,333.89,0.0,1,2.07,1.48,SPY200911P00332000,332.0,0,0.0,0.0,,0.0,normalDay
2020-09-11,2348.0,0.0,207.0,0,334.06,0.0,1,2.07,0.0,SPY200911P00332000,332.0,0,0.0,0.0,,0.0,expirationDay
2020-09-14,2348.0,-11.0,0.0,0,338.46,0.0,1,8.29,8.4,SPY201002P00341000,341.0,0,0.0,0.0,,0.0,normalDay
2020-09-15,2348.0,107.0,0.0,0,340.17,0.0,1,8.29,7.22,SPY201002P00341000,341.0,0,0.0,0.0,,0.0,normalDay
2020-09-16,2348.0,37.0,0.0,0,338.82,0.0,1,8.29,7.92,SPY201002P00341000,341.0,0,0.0,0.0,,0.0,normalDay
2020-09-17,2348.0,-104.0,0.0,0,335.84,0.0,1,8.29,9.33,SPY201002P00341000,341.0,0,0.0,0.0,,0.0,normalDay
2020-09-18,2348.0,-366.0,0.0,0,330.65,0.0,1,8.29,11.95,SPY201002P00341000,341.0,0,0.0,0.0,,0.0,normalDay
2020-09-21,2348.0,-615.0,0.0,0,326.97,0.0,1,8.29,14.44,SPY201002P00341000,341.0,0,0.0,0.0,,0.0,normalDay
2020-09-22,2348.0,-366.0,0.0,0,330.3,0.0,1,8.29,11.95,SPY201002P00341000,341.0,0,0.0,0.0,,0.0,normalDay
2020-09-23,2348.0,-1026.0,0.0,0,322.64,0.0,1,8.29,18.55,SPY201002P00341000,341.0,0,0.0,0.0,,0.0,normalDay
2020-09-24,2348.0,-916.0,0.0,0,323.5,0.0,1,8.29,17.45,SPY201002P00341000,341.0,0,0.0,0.0,,0.0,normalDay
2020-09-25,2348.0,-442.0,0.0,0,328.73,0.0,1,8.29,12.71,SPY201002P00341000,341.0,0,0.0,0.0,,0.0,normalDay
2020-09-28,2348.0,59.0,0.0,0,334.19,0.0,1,8.29,7.7,SPY201002P00341000,341.0,0,0.0,0.0,,0.0,normalDay
2020-09-29,2348.0,-32.0,0.0,0,332.37,0.0,1,8.29,8.61,SPY201002P00341000,341.0,0,0.0,0.0,,0.0,normalDay
2020-09-30,2348.0,52.0,0.0,0,334.89,0.0,1,8.29,7.77,SPY201002P00341000,341.0,0,0.0,0.0,,0.0,normalDay
2020-10-01,2348.0,382.0,0.0,0,337.04,0.0,1,8.29,4.47,SPY201002P00341000,341.0,0,0.0,0.0,,0.0,normalDay
2020-10-02,3177.0,-716.0,829.0,100,333.84,341.0,1,8.29,0.0,SPY201002P00341000,341.0,0,0.0,0.0,,0.0,expirationDay
2020-10-05,3177.0,-133.0,0.0,100,339.76,341.0,0,0.0,0.0,,0.0,1,16.71,16.8,SPY201120C00333000,333.0,normalDay
2020-10-06,3177.0,-338.0,0.0,100,334.93,341.0,0,0.0,0.0,,0.0,1,16.71,14.02,SPY201120C00333000,333.0,normalDay
2020-10-07,3177.0,-42.0,0.0,100,340.76,341.0,0,0.0,0.0,,0.0,1,16.71,16.89,SPY201120C00333000,333.0,normalDay
2020-10-08,3177.0,121.0,0.0,100,343.78,341.0,0,0.0,0.0,,0.0,1,16.71,18.28,SPY201120C00333000,333.0,normalDay
2020-10-09,3177.0,251.0,0.0,100,346.85,341.0,0,0.0,0.0,,0.0,1,16.71,20.05,SPY201120C00333000,333.0,normalDay
2020-10-12,3177.0,384.0,0.0,100,352.43,341.0,0,0.0,0.0,,0.0,1,16.71,24.3,SPY201120C00333000,333.0,normalDay
2020-10-13,3177.0,325.0,0.0,100,350.13,341.0,0,0.0,0.0,,0.0,1,16.71,22.59,SPY201120C00333000,333.0,normalDay
2020-10-14,3177.0,292.0,0.0,100,347.93,341.0,0,0.0,0.0,,0.0,1,16.71,20.72,SPY201120C00333000,333.0,normalDay
2020-10-15,3177.0,275.0,0.0,100,347.5,341.0,0,0.0,0.0,,0.0,1,16.71,20.46,SPY201120C00333000,333.0,normalDay
2020-10-16,3177.0,321.0,0.0,100,347.29,341.0,0,0.0,0.0,,0.0,1,16.71,19.79,SPY201120C00333000,333.0,normalDay
2020-10-19,3177.0,102.0,0.0,100,342.01,341.0,0,0.0,0.0,,0.0,1,16.71,16.7,SPY201120C00333000,333.0,normalDay
2020-10-20,3177.0,196.0,0.0,100,343.38,341.0,0,0.0,0.0,,0.0,1,16.71,17.13,SPY201120C00333000,333.0,normalDay
2020-10-21,3177.0,155.0,0.0,100,342.73,341.0,0,0.0,0.0,,0.0,1,16.71,16.89,SPY201120C00333000,333.0,normalDay
2020-10-22,3177.0,280.0,0.0,100,344.61,341.0,0,0.0,0.0,,0.0,1,16.71,17.52,SPY201120C00333000,333.0,normalDay
2020-10-23,3177.0,366.0,0.0,100,345.78,341.0,0,0.0,0.0,,0.0,1,16.71,17.83,SPY201120C00333000,333.0,normalDay
2020-10-26,3177.0,42.0,0.0,100,339.39,341.0,0,0.0,0.0,,0.0,1,16.71,14.68,SPY201120C00333000,333.0,normalDay
2020-10-27,3177.0,11.0,0.0,100,338.22,341.0,0,0.0,0.0,,0.0,1,16.71,13.82,SPY201120C00333000,333.0,normalDay
2020-10-28,3177.0,-639.0,0.0,100,326.66,341.0,0,0.0,0.0,,0.0,1,16.71,8.76,SPY201120C00333000,333.0,normalDay
2020-10-29,3177.0,-400.0,0.0,100,329.98,341.0,0,0.0,0.0,,0.0,1,16.71,9.69,SPY201120C00333000,333.0,normalDay
2020-10-30,3177.0,-562.0,0.0,100,326.54,341.0,0,0.0,0.0,,0.0,1,16.71,7.87,SPY201120C00333000,333.0,normalDay
2020-11-02,3177.0,-279.0,0.0,100,330.2,341.0,0,0.0,0.0,,0.0,1,16.71,8.7,SPY201120C00333000,333.0,normalDay
2020-11-03,3177.0,86.0,0.0,100,336.03,341.0,0,0.0,0.0,,0.0,1,16.71,10.88,SPY201120C00333000,333.0,normalDay
2020-11-04,3177.0,419.0,0.0,100,343.54,341.0,0,0.0,0.0,,0.0,1,16.71,15.06,SPY201120C00333000,333.0,normalDay
2020-11-05,3177.0,596.0,0.0,100,350.24,341.0,0,0.0,0.0,,0.0,1,16.71,19.99,SPY201120C00333000,333.0,normalDay
2020-11-06,3177.0,680.0,0.0,100,350.16,341.0,0,0.0,0.0,,0.0,1,16.71,19.07,SPY201120C00333000,333.0,normalDay
2020-11-09,3177.0,658.0,0.0,100,354.56,341.0,0,0.0,0.0,,0.0,1,16.71,23.69,SPY201120C00333000,333.0,normalDay
2020-11-10,3177.0,728.0,0.0,100,354.04,341.0,0,0.0,0.0,,0.0,1,16.71,22.47,SPY201120C00333000,333.0,normalDay
2020-11-11,3177.0,767.0,0.0,100,356.67,341.0,0,0.0,0.0,,0.0,1,16.71,24.71,SPY201120C00333000,333.0,normalDay
2020-11-12,3177.0,745.0,0.0,100,353.21,341.0,0,0.0,0.0,,0.0,1,16.71,21.47,SPY201120C00333000,333.0,normalDay
2020-11-13,3177.0,829.0,0.0,100,358.1,341.0,0,0.0,0.0,,0.0,1,16.71,25.52,SPY201120C00333000,333.0,normalDay
2020-11-16,3177.0,872.0,0.0,100,362.57,341.0,0,0.0,0.0,,0.0,1,16.71,29.56,SPY201120C00333000,333.0,normalDay
2020-11-17,3177.0,852.0,0.0,100,360.62,341.0,0,0.0,0.0,,0.0,1,16.71,27.81,SPY201120C00333000,333.0,normalDay
2020-11-18,3177.0,837.0,0.0,100,356.28,341.0,0,0.0,0.0,,0.0,1,16.71,23.62,SPY201120C00333000,333.0,normalDay
2020-11-19,3177.0,849.0,0.0,100,357.78,341.0,0,0.0,0.0,,0.0,1,16.71,25.0,SPY201120C00333000,333.0,normalDay
2020-11-20,4048.0,849.0,871.0,0,355.33,0.0,0,0.0,0.0,,0.0,1,16.71,0.0,SPY201120C00333000,333.0,expirationDay
2020-11-23,4048.0,-4.0,0.0,0,357.46,0.0,1,2.25,2.29,SPY201211P00344000,344.0,0,0.0,0.0,,0.0,normalDay
2020-11-24,4048.0,93.0,0.0,0,363.22,0.0,1,2.25,1.32,SPY201211P00344000,344.0,0,0.0,0.0,,0.0,normalDay
2020-11-25,4048.0,107.0,0.0,0,362.66,0.0,1,2.25,1.18,SPY201211P00344000,344.0,0,0.0,0.0,,0.0,normalDay
2020-11-27,4048.0,134.0,0.0,0,363.67,0.0,1,2.25,0.91,SPY201211P00344000,344.0,0,0.0,0.0,,0.0,normalDay
2020-11-30,4048.0,152.0,0.0,0,362.06,0.0,1,2.25,0.73,SPY201211P00344000,344.0,0,0.0,0.0,,0.0,normalDay
2020-12-01,4048.0,175.0,0.0,0,366.02,0.0,1,2.25,0.5,SPY201211P00344000,344.0,0,0.0,0.0,,0.0,normalDay
2020-12-02,4048.0,188.0,0.0,0,366.79,0.0,1,2.25,0.37,SPY201211P00344000,344.0,0,0.0,0.0,,0.0,normalDay
2020-12-03,4048.0,191.0,0.0,0,366.69,0.0,1,2.25,0.34,SPY201211P00344000,344.0,0,0.0,0.0,,0.0,normalDay
2020-12-04,4048.0,211.0,0.0,0,369.85,0.0,1,2.25,0.14,SPY201211P00344000,344.0,0,0.0,0.0,,0.0,normalDay
2020-12-07,4048.0,218.0,0.0,0,369.09,0.0,1,2.25,0.07,SPY201211P00344000,344.0,0,0.0,0.0,,0.0,normalDay
2020-12-08,4048.0,221.0,0.0,0,370.17,0.0,1,2.25,0.04,SPY201211P00344000,344.0,0,0.0,0.0,,0.0,normalDay
2020-12-09,4048.0,219.0,0.0,0,366.85,0.0,1,2.25,0.06,SPY201211P00344000,344.0,0,0.0,0.0,,0.0,normalDay
2020-12-10,4048.0,223.0,0.0,0,366.73,0.0,1,2.25,0.02,SPY201211P00344000,344.0,0,0.0,0.0,,0.0,normalDay
2020-12-11,4273.0,0.0,225.0,0,366.3,0.0,1,2.25,0.0,SPY201211P00344000,344.0,0,0.0,0.0,,0.0,expirationDay
2020-12-14,4273.0,-6.0,0.0,0,364.66,0.0,1,5.11,5.17,SPY201231P00362000,362.0,0,0.0,0.0,,0.0,normalDay
2020-12-15,4273.0,189.0,0.0,0,369.59,0.0,1,5.11,3.22,SPY201231P00362000,362.0,0,0.0,0.0,,0.0,normalDay
2020-12-16,4273.0,244.0,0.0,0,370.17,0.0,1,5.11,2.67,SPY201231P00362000,362.0,0,0.0,0.0,,0.0,normalDay
2020-12-17,4273.0,317.0,0.0,0,372.24,0.0,1,5.11,1.94,SPY201231P00362000,362.0,0,0.0,0.0,,0.0,normalDay
2020-12-18,4273.0,332.0,0.0,0,369.18,0.0,1,5.11,1.79,SPY201231P00362000,362.0,0,0.0,0.0,,0.0,normalDay
2020-12-21,4273.0,246.0,0.0,0,367.86,0.0,1,5.11,2.65,SPY201231P00362000,362.0,0,0.0,0.0,,0.0,normalDay
2020-12-22,4273.0,277.0,0.0,0,367.24,0.0,1,5.11,2.34,SPY201231P00362000,362.0,0,0.0,0.0,,0.0,normalDay
2020-12-23,4273.0,339.0,0.0,0,367.57,0.0,1,5.11,1.72,SPY201231P00362000,362.0,0,0.0,0.0,,0.0,normalDay
2020-12-24,4273.0,416.0,0.0,0,369.0,0.0,1,5.11,0.95,SPY201231P00362000,362.0,0,0.0,0.0,,0.0,normalDay
2020-12-28,4273.0,491.0,0.0,0,372.17,0.0,1,5.11,0.2,SPY201231P00362000,362.0,0,0.0,0.0,,0.0,normalDay
2020-12-29,4273.0,492.0,0.0,0,371.46,0.0,1,5.11,0.19,SPY201231P00362000,362.0,0,0.0,0.0,,0.0,normalDay
2020-12-30,4273.0,503.0,0.0,0,371.99,0.0,1,5.11,0.08,SPY201231P00362000,362.0,0,0.0,0.0,,0.0,normalDay
2020-12-31,4784.0,0.0,511.0,0,373.88,0.0,1,5.11,0.0,SPY201231P00362000,362.0,0,0.0,0.0,,0.0,expirationDay
2021-01-04,4784.0,-6.0,0.0,0,368.79,0.0,1,6.67,6.73,SPY210122P00369000,369.0,0,0.0,0.0,,0.0,normalDay
2021-01-05,4784.0,134.0,0.0,0,371.33,0.0,1,6.67,5.33,SPY210122P00369000,369.0,0,0.0,0.0,,0.0,normalDay
2021-01-06,4784.0,209.0,0.0,0,373.55,0.0,1,6.67,4.58,SPY210122P00369000,369.0,0,0.0,0.0,,0.0,normalDay
2021-01-07,4784.0,433.0,0.0,0,379.1,0.0,1,6.67,2.34,SPY210122P00369000,369.0,0,0.0,0.0,,0.0,normalDay
2021-01-08,4784.0,495.0,0.0,0,381.26,0.0,1,6.67,1.72,SPY210122P00369000,369.0,0,0.0,0.0,,0.0,normalDay
2021-01-11,4784.0,449.0,0.0,0,378.69,0.0,1,6.67,2.18,SPY210122P00369000,369.0,0,0.0,0.0,,0.0,normalDay
2021-01-12,4784.0,480.0,0.0,0,378.77,0.0,1,6.67,1.87,SPY210122P00369000,369.0,0,0.0,0.0,,0.0,normalDay
2021-01-13,4784.0,543.0,0.0,0,379.79,0.0,1,6.67,1.24,SPY210122P00369000,369.0,0,0.0,0.0,,0.0,normalDay
2021-01-14,4784.0,520.0,0.0,0,378.46,0.0,1,6.67,1.47,SPY210122P00369000,369.0,0,0.0,0.0,,0.0,normalDay
2021-01-15,4784.0,478.0,0.0,0,375.7,0.0,1,6.67,1.89,SPY210122P00369000,369.0,0,0.0,0.0,,0.0,normalDay
2021-01-19,4784.0,611.0,0.0,0,378.65,0.0,1,6.67,0.56,SPY210122P00369000,369.0,0,0.0,0.0,,0.0,normalDay
2021-01-20,4784.0,658.0,0.0,0,383.89,0.0,1,6.67,0.09,SPY210122P00369000,369.0,0,0.0,0.0,,0.0,normalDay
2021-01-21,4784.0,664.0,0.0,0,384.24,0.0,1,6.67,0.03,SPY210122P00369000,369.0,0,0.0,0.0,,0.0,normalDay
2021-01-22,5451.0,0.0,667.0,0,382.88,0.0,1,6.67,0.0,SPY210122P00369000,369.0,0,0.0,0.0,,0.0,expirationDay
2021-01-25,5451.0,-5.0,0.0,0,384.39,0.0,1,3.29,3.34,SPY210212P00375000,375.0,0,0.0,0.0,,0.0,normalDay
2021-01-26,5451.0,13.0,0.0,0,383.79,0.0,1,3.29,3.16,SPY210212P00375000,375.0,0,0.0,0.0,,0.0,normalDay
2021-01-27,5451.0,-573.0,0.0,0,374.41,0.0,1,3.29,9.02,SPY210212P00375000,375.0,0,0.0,0.0,,0.0,normalDay
2021-01-28,5451.0,-285.0,0.0,0,377.63,0.0,1,3.29,6.14,SPY210212P00375000,375.0,0,0.0,0.0,,0.0,normalDay
2021-01-29,5451.0,-741.0,0.0,0,370.07,0.0,1,3.29,10.7,SPY210212P00375000,375.0,0,0.0,0.0,,0.0,normalDay
2021-02-01,5451.0,-266.0,0.0,0,376.23,0.0,1,3.29,5.95,SPY210212P00375000,375.0,0,0.0,0.0,,0.0,normalDay
2021-02-02,5451.0,63.0,0.0,0,381.55,0.0,1,3.29,2.66,SPY210212P00375000,375.0,0,0.0,0.0,,0.0,normalDay
2021-02-03,5451.0,139.0,0.0,0,381.85,0.0,1,3.29,1.9,SPY210212P00375000,375.0,0,0.0,0.0,,0.0,normalDay
2021-02-04,5451.0,233.0,0.0,0,386.19,0.0,1,3.29,0.96,SPY210212P00375000,375.0,0,0.0,0.0,,0.0,normalDay
2021-02-05,5451.0,283.0,0.0,0,387.71,0.0,1,3.29,0.46,SPY210212P00375000,375.0,0,0.0,0.0,,0.0,normalDay
2021-02-08,5451.0,312.0,0.0,0,390.51,0.0,1,3.29,0.17,SPY210212P00375000,375.0,0,0.0,0.0,,0.0,normalDay
2021-02-09,5451.0,317.0,0.0,0,390.25,0.0,1,3.29,0.12,SPY210212P00375000,375.0,0,0.0,0.0,,0.0,normalDay
2021-02-10,5451.0,319.0,0.0,0,390.08,0.0,1,3.29,0.1,SPY210212P00375000,375.0,0,0.0,0.0,,0.0,normalDay
2021-02-11,5451.0,327.0,0.0,0,390.71,0.0,1,3.29,0.02,SPY210212P00375000,375.0,0,0.0,0.0,,0.0,normalDay
2021-02-12,5780.0,0.0,329.0,0,392.64,0.0,1,3.29,0.0,SPY210212P00375000,375.0,0,0.0,0.0,,0.0,expirationDay
2021-02-16,5780.0,-5.0,0.0,0,392.3,0.0,1,2.68,2.73,SPY210305P00382000,382.0,0,0.0,0.0,,0.0,normalDay
2021-02-17,5780.0,27.0,0.0,0,392.39,0.0,1,2.68,2.41,SPY210305P00382000,382.0,0,0.0,0.0,,0.0,normalDay
2021-02-18,5780.0,-12.0,0.0,0,390.72,0.0,1,2.68,2.8,SPY210305P00382000,382.0,0,0.0,0.0,,0.0,normalDay
2021-02-19,5780.0,4.0,0.0,0,390.03,0.0,1,2.68,2.64,SPY210305P00382000,382.0,0,0.0,0.0,,0.0,normalDay
2021-02-22,5780.0,-49.0,0.0,0,387.03,0.0,1,2.68,3.17,SPY210305P00382000,382.0,0,0.0,0.0,,0.0,normalDay
2021-02-23,5780.0,-23.0,0.0,0,387.5,0.0,1,2.68,2.91,SPY210305P00382000,382.0,0,0.0,0.0,,0.0,normalDay
2021-02-24,5780.0,124.0,0.0,0,391.77,0.0,1,2.68,1.44,SPY210305P00382000,382.0,0,0.0,0.0,,0.0,normalDay
2021-02-25,5780.0,-283.0,0.0,0,382.33,0.0,1,2.68,5.51,SPY210305P00382000,382.0,0,0.0,0.0,,0.0,normalDay
2021-02-26,5780.0,-325.0,0.0,0,380.36,0.0,1,2.68,5.93,SPY210305P00382000,382.0,0,0.0,0.0,,0.0,normalDay
2021-03-01,5780.0,129.0,0.0,0,389.58,0.0,1,2.68,1.39,SPY210305P00382000,382.0,0,0.0,0.0,,0.0,normalDay
2021-03-02,5780.0,80.0,0.0,0,386.54,0.0,1,2.68,1.88,SPY210305P00382000,382.0,0,0.0,0.0,,0.0,normalDay
2021-03-03,5780.0,-90.0,0.0,0,381.42,0.0,1,2.68,3.58,SPY210305P00382000,382.0,0,0.0,0.0,,0.0,normalDay
2021-03-04,5780.0,-313.0,0.0,0,376.7,0.0,1,2.68,5.81,SPY210305P00382000,382.0,0,0.0,0.0,,0.0,normalDay
2021-03-05,6048.0,0.0,268.0,0,383.63,0.0,1,2.68,0.0,SPY210305P00382000,382.0,0,0.0,0.0,,0.0,expirationDay
2021-03-08,6048.0,-12.0,0.0,0,381.72,0.0,1,9.49,9.61,SPY210326P00386000,386.0,0,0.0,0.0,,0.0,normalDay
2021-03-09,6048.0,282.0,0.0,0,387.17,0.0,1,9.49,6.67,SPY210326P00386000,386.0,0,0.0,0.0,,0.0,normalDay
2021-03-10,6048.0,466.0,0.0,0,389.58,0.0,1,9.49,4.83,SPY210326P00386000,386.0,0,0.0,0.0,,0.0,normalDay
2021-03-11,6048.0,601.0,0.0,0,393.53,0.0,1,9.49,3.48,SPY210326P00386000,386.0,0,0.0,0.0,,0.0,normalDay
2021-03-12,6048.0,690.0,0.0,0,394.06,0.0,1,9.49,2.59,SPY210326P00386000,386.0,0,0.0,0.0,,0.0,normalDay
2021-03-15,6048.0,784.0,0.0,0,396.41,0.0,1,9.49,1.65,SPY210326P00386000,386.0,0,0.0,0.0,,0.0,normalDay
2021-03-16,6048.0,783.0,0.0,0,395.91,0.0,1,9.49,1.66,SPY210326P00386000,386.0,0,0.0,0.0,,0.0,normalDay
2021-03-17,6048.0,832.0,0.0,0,397.26,0.0,1,9.49,1.17,SPY210326P00386000,386.0,0,0.0,0.0,,0.0,normalDay
2021-03-18,6048.0,721.0,0.0,0,391.48,0.0,1,9.49,2.28,SPY210326P00386000,386.0,0,0.0,0.0,,0.0,normalDay
2021-03-19,6048.0,735.0,0.0,0,389.48,0.0,1,9.49,2.14,SPY210326P00386000,386.0,0,0.0,0.0,,0.0,normalDay
2021-03-22,6048.0,882.0,0.0,0,392.59,0.0,1,9.49,0.67,SPY210326P00386000,386.0,0,0.0,0.0,,0.0,normalDay
2021-03-23,6048.0,829.0,0.0,0,389.5,0.0,1,9.49,1.2,SPY210326P00386000,386.0,0,0.0,0.0,,0.0,normalDay
2021-03-24,6048.0,808.0,0.0,0,387.52,0.0,1,9.49,1.41,SPY210326P00386000,386.0,0,0.0,0.0,,0.0,normalDay
2021-03-25,6048.0,911.0,0.0,0,389.7,0.0,1,9.49,0.38,SPY210326P00386000,386.0,0,0.0,0.0,,0.0,normalDay
2021-03-26,6997.0,0.0,949.0,0,395.98,0.0,1,9.49,0.0,SPY210326P00386000,386.0,0,0.0,0.0,,0.0,expirationDay
2021-03-29,6997.0,-3.0,0.0,0,395.78,0.0,1,3.22,3.25,SPY210416P00388000,388.0,0,0.0,0.0,,0.0,normalDay
2021-03-30,6997.0,11.0,0.0,0,394.73,0.0,1,3.22,3.11,SPY210416P00388000,388.0,0,0.0,0.0,,0.0,normalDay
2021-03-31,6997.0,79.0,0.0,0,396.33,0.0,1,3.22,2.43,SPY210416P00388000,388.0,0,0.0,0.0,,0.0,normalDay
2021-04-01,6997.0,197.0,0.0,0,400.61,0.0,1,3.22,1.25,SPY210416P00388000,388.0,0,0.0,0.0,,0.0,normalDay
2021-04-05,6997.0,259.0,0.0,0,406.36,0.0,1,3.22,0.63,SPY210416P00388000,388.0,0,0.0,0.0,,0.0,normalDay
2021-04-06,6997.0,265.0,0.0,0,406.12,0.0,1,3.22,0.57,SPY210416P00388000,388.0,0,0.0,0.0,,0.0,normalDay
2021-04-07,6997.0,285.0,0.0,0,406.59,0.0,1,3.22,0.37,SPY210416P00388000,388.0,0,0.0,0.0,,0.0,normalDay
2021-04-08,6997.0,299.0,0.0,0,408.52,0.0,1,3.22,0.23,SPY210416P00388000,388.0,0,0.0,0.0,,0.0,normalDay
2021-04-09,6997.0,311.0,0.0,0,411.49,0.0,1,3.22,0.11,SPY210416P00388000,388.0,0,0.0,0.0,,0.0,normalDay
2021-04-12,6997.0,318.0,0.0,0,411.64,0.0,1,3.22,0.04,SPY210416P00388000,388.0,0,0.0,0.0,,0.0,normalDay
2021-04-13,6997.0,318.0,0.0,0,412.86,0.0,1,3.22,0.04,SPY210416P00388000,388.0,0,0.0,0.0,,0.0,normalDay
2021-04-14,6997.0,318.0,0.0,0,411.45,0.0,1,3.22,0.04,SPY210416P00388000,388.0,0,0.0,0.0,,0.0,normalDay
2021-04-15,6997.0,320.0,0.0,0,415.87,0.0,1,3.22,0.02,SPY210416P00388000,388.0,0,0.0,0.0,,0.0,normalDay
2021-04-16,7319.0,0.0,322.0,0,417.26,0.0,1,3.22,0.0,SPY210416P00388000,388.0,0,0.0,0.0,,0.0,expirationDay
2021-04-19,7319.0,-4.0,0.0,0,415.21,0.0,1,1.65,1.69,SPY210507P00400000,400.0,0,0.0,0.0,,0.0,normalDay
2021-04-20,7319.0,-74.0,0.0,0,412.17,0.0,1,1.65,2.39,SPY210507P00400000,400.0,0,0.0,0.0,,0.0,normalDay
2021-04-21,7319.0,31.0,0.0,0,416.07,0.0,1,1.65,1.34,SPY210507P00400000,400.0,0,0.0,0.0,,0.0,normalDay
2021-04-22,7319.0,-39.0,0.0,0,412.27,0.0,1,1.65,2.04,SPY210507P00400000,400.0,0,0.0,0.0,,0.0,normalDay
2021-04-23,7319.0,72.0,0.0,0,416.74,0.0,1,1.65,0.93,SPY210507P00400000,400.0,0,0.0,0.0,,0.0,normalDay
2021-04-26,7319.0,104.0,0.0,0,417.61,0.0,1,1.65,0.61,SPY210507P00400000,400.0,0,0.0,0.0,,0.0,normalDay
2021-04-27,7319.0,111.0,0.0,0,417.52,0.0,1,1.65,0.54,SPY210507P00400000,400.0,0,0.0,0.0,,0.0,normalDay
2021-04-28,7319.0,131.0,0.0,0,417.4,0.0,1,1.65,0.34,SPY210507P00400000,400.0,0,0.0,0.0,,0.0,normalDay
2021-04-29,7319.0,141.0,0.0,0,420.06,0.0,1,1.65,0.24,SPY210507P00400000,400.0,0,0.0,0.0,,0.0,normalDay
2021-04-30,7319.0,138.0,0.0,0,417.3,0.0,1,1.65,0.27,SPY210507P00400000,400.0,0,0.0,0.0,,0.0,normalDay
2021-05-03,7319.0,153.0,0.0,0,418.2,0.0,1,1.65,0.12,SPY210507P00400000,400.0,0,0.0,0.0,,0.0,normalDay
2021-05-04,7319.0,151.0,0.0,0,415.62,0.0,1,1.65,0.14,SPY210507P00400000,400.0,0,0.0,0.0,,0.0,normalDay
2021-05-05,7319.0,156.0,0.0,0,415.75,0.0,1,1.65,0.09,SPY210507P00400000,400.0,0,0.0,0.0,,0.0,normalDay
2021-05-06,7319.0,162.0,0.0,0,419.07,0.0,1,1.65,0.03,SPY210507P00400000,400.0,0,0.0,0.0,,0.0,normalDay
2021-05-07,7484.0,0.0,165.0,0,422.12,0.0,1,1.65,0.0,SPY210507P00400000,400.0,0,0.0,0.0,,0.0,expirationDay
2021-05-10,7484.0,-4.0,0.0,0,417.94,0.0,1,5.17,5.21,SPY210528P00416000,416.0,0,0.0,0.0,,0.0,normalDay
2021-05-11,7484.0,-193.0,0.0,0,414.21,0.0,1,5.17,7.1,SPY210528P00416000,416.0,0,0.0,0.0,,0.0,normalDay
2021-05-12,7484.0,-808.0,0.0,0,405.41,0.0,1,5.17,13.25,SPY210528P00416000,416.0,0,0.0,0.0,,0.0,normalDay
2021-05-13,7484.0,-403.0,0.0,0,410.28,0.0,1,5.17,9.2,SPY210528P00416000,416.0,0,0.0,0.0,,0.0,normalDay
2021-05-14,7484.0,85.0,0.0,0,416.58,0.0,1,5.17,4.32,SPY210528P00416000,416.0,0,0.0,0.0,,0.0,normalDay
2021-05-17,7484.0,65.0,0.0,0,415.52,0.0,1,5.17,4.52,SPY210528P00416000,416.0,0,0.0,0.0,,0.0,normalDay
2021-05-18,7484.0,-139.0,0.0,0,411.94,0.0,1,5.17,6.56,SPY210528P00416000,416.0,0,0.0,0.0,,0.0,normalDay
2021-05-19,7484.0,-206.0,0.0,0,410.86,0.0,1,5.17,7.23,SPY210528P00416000,416.0,0,0.0,0.0,,0.0,normalDay
2021-05-20,7484.0,101.0,0.0,0,415.28,0.0,1,5.17,4.16,SPY210528P00416000,416.0,0,0.0,0.0,,0.0,normalDay
2021-05-21,7484.0,155.0,0.0,0,414.94,0.0,1,5.17,3.62,SPY210528P00416000,416.0,0,0.0,0.0,,0.0,normalDay
2021-05-24,7484.0,401.0,0.0,0,419.17,0.0,1,5.17,1.16,SPY210528P00416000,416.0,0,0.0,0.0,,0.0,normalDay
2021-05-25,7484.0,381.0,0.0,0,418.24,0.0,1,5.17,1.36,SPY210528P00416000,416.0,0,0.0,0.0,,0.0,normalDay
2021-05-26,7484.0,450.0,0.0,0,419.07,0.0,1,5.17,0.67,SPY210528P00416000,416.0,0,0.0,0.0,,0.0,normalDay
2021-05-27,7484.0,502.0,0.0,0,419.29,0.0,1,5.17,0.15,SPY210528P00416000,416.0,0,0.0,0.0,,0.0,normalDay
2021-05-28,8001.0,0.0,517.0,0,420.04,0.0,1,5.17,0.0,SPY210528P00416000,416.0,0,0.0,0.0,,0.0,expirationDay
2021-06-01,8001.0,-3.0,0.0,0,419.67,0.0,1,3.68,3.71,SPY210618P00415000,415.0,0,0.0,0.0,,0.0,normalDay
2021-06-02,8001.0,55.0,0.0,0,420.33,0.0,1,3.68,3.13,SPY210618P00415000,415.0,0,0.0,0.0,,0.0,normalDay
2021-06-03,8001.0,1.0,0.0,0,418.77,0.0,1,3.68,3.67,SPY210618P00415000,415.0,0,0.0,0.0,,0.0,normalDay
2021-06-04,8001.0,157.0,0.0,0,422.6,0.0,1,3.68,2.11,SPY210618P00415000,415.0,0,0.0,0.0,,0.0,normalDay
2021-06-07,8001.0,201.0,0.0,0,422.19,0.0,1,3.68,1.67,SPY210618P00415000,415.0,0,0.0,0.0,,0.0,normalDay
2021-06-08,8001.0,189.0,0.0,0,422.28,0.0,1,3.68,1.79,SPY210618P00415000,415.0,0,0.0,0.0,,0.0,normalDay
2021-06-09,8001.0,165.0,0.0,0,421.65,0.0,1,3.68,2.03,SPY210618P00415000,415.0,0,0.0,0.0,,0.0,normalDay
2021-06-10,8001.0,270.0,0.0,0,423.61,0.0,1,3.68,0.98,SPY210618P00415000,415.0,0,0.0,0.0,,0.0,normalDay
2021-06-11,8001.0,297.0,0.0,0,424.31,0.0,1,3.68,0.71,SPY210618P00415000,415.0,0,0.0,0.0,,0.0,normalDay
2021-06-14,8001.0,317.0,0.0,0,425.26,0.0,1,3.68,0.51,SPY210618P00415000,415.0,0,0.0,0.0,,0.0,normalDay
2021-06-15,8001.0,305.0,0.0,0,424.48,0.0,1,3.68,0.63,SPY210618P00415000,415.0,0,0.0,0.0,,0.0,normalDay
2021-06-16,8001.0,280.0,0.0,0,422.11,0.0,1,3.68,0.88,SPY210618P00415000,415.0,0,0.0,0.0,,0.0,normalDay
2021-06-17,8001.0,336.0,0.0,0,421.97,0.0,1,3.68,0.32,SPY210618P00415000,415.0,0,0.0,0.0,,0.0,normalDay
2021-06-18,8369.0,-8.0,368.0,100,414.92,415.0,1,3.68,0.0,SPY210618P00415000,415.0,0,0.0,0.0,,0.0,expirationDay
2021-06-21,8369.0,580.0,0.0,100,420.86,415.0,0,0.0,0.0,,0.0,1,7.74,7.8,SPY210730C00421000,421.0,normalDay
2021-06-22,8369.0,748.0,0.0,100,423.11,415.0,0,0.0,0.0,,0.0,1,7.74,8.37,SPY210730C00421000,421.0,normalDay
2021-06-23,8369.0,736.0,0.0,100,422.6,415.0,0,0.0,0.0,,0.0,1,7.74,7.98,SPY210730C00421000,421.0,normalDay
2021-06-24,8369.0,842.0,0.0,100,425.1,415.0,0,0.0,0.0,,0.0,1,7.74,9.42,SPY210730C00421000,421.0,normalDay
2021-06-25,8369.0,922.0,0.0,100,426.61,415.0,0,0.0,0.0,,0.0,1,7.74,10.13,SPY210730C00421000,421.0,normalDay
2021-06-28,8369.0,973.0,0.0,100,427.47,415.0,0,0.0,0.0,,0.0,1,7.74,10.48,SPY210730C00421000,421.0,normalDay
2021-06-29,8369.0,959.0,0.0,100,427.7,415.0,0,0.0,0.0,,0.0,1,7.74,10.85,SPY210730C00421000,421.0,normalDay
2021-06-30,8369.0,959.0,0.0,100,428.06,415.0,0,0.0,0.0,,0.0,1,7.74,11.21,SPY210730C00421000,421.0,normalDay
2021-07-01,8369.0,1065.0,0.0,100,430.43,415.0,0,0.0,0.0,,0.0,1,7.74,12.52,SPY210730C00421000,421.0,normalDay
2021-07-02,8369.0,1150.0,0.0,100,433.72,415.0,0,0.0,0.0,,0.0,1,7.74,14.96,SPY210730C00421000,421.0,normalDay
2021-07-06,8369.0,1148.0,0.0,100,432.93,415.0,0,0.0,0.0,,0.0,1,7.74,14.19,SPY210730C00421000,421.0,normalDay
2021-07-07,8369.0,1166.0,0.0,100,434.46,415.0,0,0.0,0.0,,0.0,1,7.74,15.54,SPY210730C00421000,421.0,normalDay
2021-07-08,8369.0,1051.0,0.0,100,430.92,415.0,0,0.0,0.0,,0.0,1,7.74,13.15,SPY210730C00421000,421.0,normalDay
2021-07-09,8369.0,1184.0,0.0,100,435.52,415.0,0,0.0,0.0,,0.0,1,7.74,16.42,SPY210730C00421000,421.0,normalDay
2021-07-12,8369.0,1218.0,0.0,100,437.08,415.0,0,0.0,0.0,,0.0,1,7.74,17.64,SPY210730C00421000,421.0,normalDay
2021-07-13,8369.0,1200.0,0.0,100,435.59,415.0,0,0.0,0.0,,0.0,1,7.74,16.33,SPY210730C00421000,421.0,normalDay
2021-07-14,8369.0,1217.0,0.0,100,436.24,415.0,0,0.0,0.0,,0.0,1,7.74,16.81,SPY210730C00421000,421.0,normalDay
2021-07-15,8369.0,1242.0,0.0,100,434.75,415.0,0,0.0,0.0,,0.0,1,7.74,15.07,SPY210730C00421000,421.0,normalDay
2021-07-16,8369.0,1151.0,0.0,100,431.34,415.0,0,0.0,0.0,,0.0,1,7.74,12.57,SPY210730C00421000,421.0,normalDay
2021-07-19,8369.0,957.0,0.0,100,424.97,415.0,0,0.0,0.0,,0.0,1,7.74,8.14,SPY210730C00421000,421.0,normalDay
2021-07-20,8369.0,1178.0,0.0,100,431.06,415.0,0,0.0,0.0,,0.0,1,7.74,12.02,SPY210730C00421000,421.0,normalDay
2021-07-21,8369.0,1269.0,0.0,100,434.55,415.0,0,0.0,0.0,,0.0,1,7.74,14.6,SPY210730C00421000,421.0,normalDay
2021-07-22,8369.0,1285.0,0.0,100,435.46,415.0,0,0.0,0.0,,0.0,1,7.74,15.35,SPY210730C00421000,421.0,normalDay
2021-07-23,8369.0,1370.0,0.0,100,439.94,415.0,0,0.0,0.0,,0.0,1,7.74,18.98,SPY210730C00421000,421.0,normalDay
2021-07-26,8369.0,1365.0,0.0,100,441.02,415.0,0,0.0,0.0,,0.0,1,7.74,20.11,SPY210730C00421000,421.0,normalDay
2021-07-27,8369.0,1417.0,0.0,100,439.01,415.0,0,0.0,0.0,,0.0,1,7.74,17.58,SPY210730C00421000,421.0,normalDay
2021-07-28,8369.0,1389.0,0.0,100,438.83,415.0,0,0.0,0.0,,0.0,1,7.74,17.68,SPY210730C00421000,421.0,normalDay
2021-07-29,8369.0,1393.0,0.0,100,440.65,415.0,0,0.0,0.0,,0.0,1,7.74,19.46,SPY210730C00421000,421.0,normalDay
2021-07-30,9743.0,1393.0,1374.0,0,438.51,0.0,0,0.0,0.0,,0.0,1,7.74,0.0,SPY210730C00421000,421.0,expirationDay
2021-08-02,9743.0,-3.0,0.0,0,437.59,0.0,1,4.09,4.12,SPY210820P00434000,434.0,0,0.0,0.0,,0.0,normalDay
2021-08-03,9743.0,144.0,0.0,0,441.15,0.0,1,4.09,2.65,SPY210820P00434000,434.0,0,0.0,0.0,,0.0,normalDay
2021-08-04,9743.0,115.0,0.0,0,438.98,0.0,1,4.09,2.94,SPY210820P00434000,434.0,0,0.0,0.0,,0.0,normalDay
2021-08-05,9743.0,200.0,0.0,0,441.76,0.0,1,4.09,2.09,SPY210820P00434000,434.0,0,0.0,0.0,,0.0,normalDay
2021-08-06,9743.0,264.0,0.0,0,442.49,0.0,1,4.09,1.45,SPY210820P00434000,434.0,0,0.0,0.0,,0.0,normalDay
2021-08-09,9743.0,286.0,0.0,0,442.13,0.0,1,4.09,1.23,SPY210820P00434000,434.0,0,0.0,0.0,,0.0,normalDay
2021-08-10,9743.0,290.0,0.0,0,442.68,0.0,1,4.09,1.19,SPY210820P00434000,434.0,0,0.0,0.0,,0.0,normalDay
2021-08-11,9743.0,337.0,0.0,0,443.78,0.0,1,4.09,0.72,SPY210820P00434000,434.0,0,0.0,0.0,,0.0,normalDay
2021-08-12,9743.0,361.0,0.0,0,445.11,0.0,1,4.09,0.48,SPY210820P00434000,434.0,0,0.0,0.0,,0.0,normalDay
2021-08-13,9743.0,381.0,0.0,0,445.92,0.0,1,4.09,0.28,SPY210820P00434000,434.0,0,0.0,0.0,,0.0,normalDay
2021-08-16,9743.0,388.0,0.0,0,446.97,0.0,1,4.09,0.21,SPY210820P00434000,434.0,0,0.0,0.0,,0.0,normalDay
2021-08-17,9743.0,366.0,0.0,0,444.04,0.0,1,4.09,0.43,SPY210820P00434000,434.0,0,0.0,0.0,,0.0,normalDay
2021-08-18,9743.0,274.0,0.0,0,439.18,0.0,1,4.09,1.35,SPY210820P00434000,434.0,0,0.0,0.0,,0.0,normalDay
2021-08-19,9743.0,368.0,0.0,0,439.86,0.0,1,4.09,0.41,SPY210820P00434000,434.0,0,0.0,0.0,,0.0,normalDay
2021-08-20,10152.0,0.0,409.0,0,443.36,0.0,1,4.09,0.0,SPY210820P00434000,434.0,0,0.0,0.0,,0.0,expirationDay
2021-08-23,10152.0,-4.0,0.0,0,447.26,0.0,1,2.54,2.58,SPY210910P00441000,441.0,0,0.0,0.0,,0.0,normalDay
2021-08-24,10152.0,18.0,0.0,0,447.97,0.0,1,2.54,2.36,SPY210910P00441000,441.0,0,0.0,0.0,,0.0,normalDay
2021-08-25,10152.0,63.0,0.0,0,448.91,0.0,1,2.54,1.91,SPY210910P00441000,441.0,0,0.0,0.0,,0.0,normalDay
2021-08-26,10152.0,-38.0,0.0,0,446.26,0.0,1,2.54,2.92,SPY210910P00441000,441.0,0,0.0,0.0,,0.0,normalDay
2021-08-27,10152.0,123.0,0.0,0,450.25,0.0,1,2.54,1.31,SPY210910P00441000,441.0,0,0.0,0.0,,0.0,normalDay
2021-08-30,10152.0,176.0,0.0,0,452.23,0.0,1,2.54,0.78,SPY210910P00441000,441.0,0,0.0,0.0,,0.0,normalDay
2021-08-31,10152.0,174.0,0.0,0,451.56,0.0,1,2.54,0.8,SPY210910P00441000,441.0,0,0.0,0.0,,0.0,normalDay
2021-09-01,10152.0,193.0,0.0,0,451.8,0.0,1,2.54,0.61,SPY210910P00441000,441.0,0,0.0,0.0,,0.0,normalDay
2021-09-02,10152.0,201.0,0.0,0,453.19,0.0,1,2.54,0.53,SPY210910P00441000,441.0,0,0.0,0.0,,0.0,normalDay
2021-09-03,10152.0,224.0,0.0,0,453.08,0.0,1,2.54,0.3,SPY210910P00441000,441.0,0,0.0,0.0,,0.0,normalDay
2021-09-07,10152.0,229.0,0.0,0,451.46,0.0,1,2.54,0.25,SPY210910P00441000,441.0,0,0.0,0.0,,0.0,normalDay
2021-09-08,10152.0,241.0,0.0,0,450.91,0.0,1,2.54,0.13,SPY210910P00441000,441.0,0,0.0,0.0,,0.0,normalDay
2021-09-09,10152.0,244.0,0.0,0,448.98,0.0,1,2.54,0.1,SPY210910P00441000,441.0,0,0.0,0.0,,0.0,normalDay
2021-09-10,10406.0,0.0,254.0,0,445.44,0.0,1,2.54,0.0,SPY210910P00441000,441.0,0,0.0,0.0,,0.0,expirationDay
2021-09-13,10406.0,-21.0,0.0,0,446.58,0.0,1,6.02,6.23,SPY211001P00447000,447.0,0,0.0,0.0,,0.0,normalDay
2021-09-14,10406.0,-143.0,0.0,0,444.17,0.0,1,6.02,7.45,SPY211001P00447000,447.0,0,0.0,0.0,,0.0,normalDay
2021-09-15,10406.0,109.0,0.0,0,447.88,0.0,1,6.02,4.93,SPY211001P00447000,447.0,0,0.0,0.0,,0.0,normalDay
2021-09-16,10406.0,65.0,0.0,0,447.17,0.0,1,6.02,5.37,SPY211001P00447000,447.0,0,0.0,0.0,,0.0,normalDay
2021-09-17,10406.0,-230.0,0.0,0,441.4,0.0,1,6.02,8.32,SPY211001P00447000,447.0,0,0.0,0.0,,0.0,normalDay
2021-09-20,10406.0,-799.0,0.0,0,434.04,0.0,1,6.02,14.01,SPY211001P00447000,447.0,0,0.0,0.0,,0.0,normalDay
2021-09-21,10406.0,-820.0,0.0,0,433.63,0.0,1,6.02,14.22,SPY211001P00447000,447.0,0,0.0,0.0,,0.0,normalDay
2021-09-22,10406.0,-376.0,0.0,0,437.86,0.0,1,6.02,9.78,SPY211001P00447000,447.0,0,0.0,0.0,,0.0,normalDay
2021-09-23,10406.0,47.0,0.0,0,443.18,0.0,1,6.02,5.55,SPY211001P00447000,447.0,0,0.0,0.0,,0.0,normalDay
2021-09-24,10406.0,152.0,0.0,0,443.91,0.0,1,6.02,4.5,SPY211001P00447000,447.0,0,0.0,0.0,,0.0,normalDay
2021-09-27,10406.0,81.0,0.0,0,442.64,0.0,1,6.02,5.21,SPY211001P00447000,447.0,0,0.0,0.0,,0.0,normalDay
2021-09-28,10406.0,-691.0,0.0,0,433.72,0.0,1,6.02,12.93,SPY211001P00447000,447.0,0,0.0,0.0,,0.0,normalDay
2021-09-29,10406.0,-619.0,0.0,0,434.45,0.0,1,6.02,12.21,SPY211001P00447000,447.0,0,0.0,0.0,,0.0,normalDay
2021-09-30,10406.0,-1128.0,0.0,0,429.14,0.0,1,6.02,17.3,SPY211001P00447000,447.0,0,0.0,0.0,,0.0,normalDay
2021-10-01,11008.0,-1276.0,602.0,100,434.24,447.0,1,6.02,0.0,SPY211001P00447000,447.0,0,0.0,0.0,,0.0,expirationDay
2021-10-04,11008.0,-1843.0,0.0,100,428.64,447.0,0,0.0,0.0,,0.0,1,5.16,5.23,SPY211119C00441000,441.0,normalDay
2021-10-05,11008.0,-1517.0,0.0,100,433.1,447.0,0,0.0,0.0,,0.0,1,5.16,6.43,SPY211119C00441000,441.0,normalDay
2021-10-06,11008.0,-1395.0,0.0,100,434.9,447.0,0,0.0,0.0,,0.0,1,5.16,7.01,SPY211119C00441000,441.0,normalDay
2021-10-07,11008.0,-1161.0,0.0,100,438.66,447.0,0,0.0,0.0,,0.0,1,5.16,8.43,SPY211119C00441000,441.0,normalDay
2021-10-08,11008.0,-1140.0,0.0,100,437.86,447.0,0,0.0,0.0,,0.0,1,5.16,7.42,SPY211119C00441000,441.0,normalDay
2021-10-11,11008.0,-1299.0,0.0,100,434.69,447.0,0,0.0,0.0,,0.0,1,5.16,5.84,SPY211119C00441000,441.0,normalDay
2021-10-12,11008.0,-1298.0,0.0,100,433.62,447.0,0,0.0,0.0,,0.0,1,5.16,4.76,SPY211119C00441000,441.0,normalDay
2021-10-13,11008.0,-1193.0,0.0,100,435.18,447.0,0,0.0,0.0,,0.0,1,5.16,5.27,SPY211119C00441000,441.0,normalDay
2021-10-14,11008.0,-782.0,0.0,100,442.5,447.0,0,0.0,0.0,,0.0,1,5.16,8.48,SPY211119C00441000,441.0,normalDay
2021-10-15,11008.0,-647.0,0.0,100,445.87,447.0,0,0.0,0.0,,0.0,1,5.16,10.5,SPY211119C00441000,441.0,normalDay
2021-10-18,11008.0,-579.0,0.0,100,447.19,447.0,0,0.0,0.0,,0.0,1,5.16,11.14,SPY211119C00441000,441.0,normalDay
2021-10-19,11008.0,-508.0,0.0,100,450.64,447.0,0,0.0,0.0,,0.0,1,5.16,13.88,SPY211119C00441000,441.0,normalDay
2021-10-20,11008.0,-400.0,0.0,100,452.41,447.0,0,0.0,0.0,,0.0,1,5.16,14.57,SPY211119C00441000,441.0,normalDay
2021-10-21,11008.0,-380.0,0.0,100,453.59,447.0,0,0.0,0.0,,0.0,1,5.16,15.55,SPY211119C00441000,441.0,normalDay
2021-10-22,11008.0,-382.0,0.0,100,453.12,447.0,0,0.0,0.0,,0.0,1,5.16,15.1,SPY211119C00441000,441.0,normalDay
2021-10-25,11008.0,-278.0,0.0,100,455.55,447.0,0,0.0,0.0,,0.0,1,5.16,16.49,SPY211119C00441000,441.0,normalDay
2021-10-26,11008.0,-361.0,0.0,100,455.96,447.0,0,0.0,0.0,,0.0,1,5.16,17.73,SPY211119C00441000,441.0,normalDay
2021-10-27,11008.0,-410.0,0.0,100,453.94,447.0,0,0.0,0.0,,0.0,1,5.16,16.2,SPY211119C00441000,441.0,normalDay
2021-10-28,11008.0,-269.0,0.0,100,458.32,447.0,0,0.0,0.0,,0.0,1,5.16,19.17,SPY211119C00441000,441.0,normalDay
2021-10-29,11008.0,-292.0,0.0,100,459.25,447.0,0,0.0,0.0,,0.0,1,5.16,20.33,SPY211119C00441000,441.0,normalDay
2021-11-01,11008.0,-238.0,0.0,100,460.04,447.0,0,0.0,0.0,,0.0,1,5.16,20.58,SPY211119C00441000,441.0,normalDay
2021-11-02,11008.0,-185.0,0.0,100,461.9,447.0,0,0.0,0.0,,0.0,1,5.16,21.91,SPY211119C00441000,441.0,normalDay
2021-11-03,11008.0,-157.0,0.0,100,464.72,447.0,0,0.0,0.0,,0.0,1,5.16,24.45,SPY211119C00441000,441.0,normalDay
2021-11-04,11008.0,-128.0,0.0,100,466.91,447.0,0,0.0,0.0,,0.0,1,5.16,26.35,SPY211119C00441000,441.0,normalDay
2021-11-05,11008.0,-130.0,0.0,100,468.53,447.0,0,0.0,0.0,,0.0,1,5.16,27.99,SPY211119C00441000,441.0,normalDay
2021-11-08,11008.0,-107.0,0.0,100,468.93,447.0,0,0.0,0.0,,0.0,1,5.16,28.16,SPY211119C00441000,441.0,normalDay
2021-11-09,11008.0,-108.0,0.0,100,467.38,447.0,0,0.0,0.0,,0.0,1,5.16,26.62,SPY211119C00441000,441.0,normalDay
2021-11-10,11008.0,-143.0,0.0,100,463.62,447.0,0,0.0,0.0,,0.0,1,5.16,23.21,SPY211119C00441000,441.0,normalDay
2021-11-11,11008.0,-152.0,0.0,100,463.77,447.0,0,0.0,0.0,,0.0,1,5.16,23.45,SPY211119C00441000,441.0,normalDay
2021-11-12,11008.0,-136.0,0.0,100,467.27,447.0,0,0.0,0.0,,0.0,1,5.16,26.79,SPY211119C00441000,441.0,normalDay
2021-11-15,11008.0,-93.0,0.0,100,467.43,447.0,0,0.0,0.0,,0.0,1,5.16,26.52,SPY211119C00441000,441.0,normalDay
2021-11-16,11008.0,-104.0,0.0,100,469.28,447.0,0,0.0,0.0,,0.0,1,5.16,28.48,SPY211119C00441000,441.0,normalDay
2021-11-17,11008.0,-75.0,0.0,100,468.14,447.0,0,0.0,0.0,,0.0,1,5.16,27.05,SPY211119C00441000,441.0,normalDay
2021-11-18,11008.0,-98.0,0.0,100,469.73,447.0,0,0.0,0.0,,0.0,1,5.16,28.87,SPY211119C00441000,441.0,normalDay
2021-11-19,10924.0,-98.0,-84.0,0,468.89,0.0,0,0.0,0.0,,0.0,1,5.16,0.0,SPY211119C00441000,441.0,expirationDay
2021-11-22,10924.0,-6.0,0.0,0,467.57,0.0,1,4.21,4.27,SPY211210P00463000,463.0,0,0.0,0.0,,0.0,normalDay
2021-11-23,10924.0,23.0,0.0,0,468.19,0.0,1,4.21,3.98,SPY211210P00463000,463.0,0,0.0,0.0,,0.0,normalDay
2021-11-24,10924.0,105.0,0.0,0,469.44,0.0,1,4.21,3.16,SPY211210P00463000,463.0,0,0.0,0.0,,0.0,normalDay
2021-11-26,10924.0,-671.0,0.0,0,458.97,0.0,1,4.21,10.92,SPY211210P00463000,463.0,0,0.0,0.0,,0.0,normalDay
2021-11-29,10924.0,-68.0,0.0,0,464.6,0.0,1,4.21,4.89,SPY211210P00463000,463.0,0,0.0,0.0,,0.0,normalDay
2021-11-30,10924.0,-489.0,0.0,0,455.56,0.0,1,4.21,9.1,SPY211210P00463000,463.0,0,0.0,0.0,,0.0,normalDay
2021-12-01,10924.0,-1026.0,0.0,0,450.5,0.0,1,4.21,14.47,SPY211210P00463000,463.0,0,0.0,0.0,,0.0,normalDay
2021-12-02,10924.0,-468.0,0.0,0,457.4,0.0,1,4.21,8.89,SPY211210P00463000,463.0,0,0.0,0.0,,0.0,normalDay
2021-12-03,10924.0,-726.0,0.0,0,453.42,0.0,1,4.21,11.47,SPY211210P00463000,463.0,0,0.0,0.0,,0.0,normalDay
2021-12-06,10924.0,-228.0,0.0,0,458.79,0.0,1,4.21,6.49,SPY211210P00463000,463.0,0,0.0,0.0,,0.0,normalDay
2021-12-07,10924.0,290.0,0.0,0,468.28,0.0,1,4.21,1.31,SPY211210P00463000,463.0,0,0.0,0.0,,0.0,normalDay
2021-12-08,10924.0,375.0,0.0,0,469.52,0.0,1,4.21,0.46,SPY211210P00463000,463.0,0,0.0,0.0,,0.0,normalDay
2021-12-09,10924.0,351.0,0.0,0,466.35,0.0,1,4.21,0.7,SPY211210P00463000,463.0,0,0.0,0.0,,0.0,normalDay
2021-12-10,11345.0,0.0,421.0,0,470.74,0.0,1,4.21,0.0,SPY211210P00463000,463.0,0,0.0,0.0,,0.0,expirationDay
2021-12-13,11345.0,-5.0,0.0,0,466.57,0.0,1,5.71,5.76,SPY211231P00463000,463.0,0,0.0,0.0,,0.0,normalDay
2021-12-14,11345.0,-174.0,0.0,0,463.36,0.0,1,5.71,7.45,SPY211231P00463000,463.0,0,0.0,0.0,,0.0,normalDay
2021-12-15,11345.0,210.0,0.0,0,470.6,0.0,1,5.71,3.61,SPY211231P00463000,463.0,0,0.0,0.0,,0.0,normalDay
2021-12-16,11345.0,65.0,0.0,0,466.45,0.0,1,5.71,5.06,SPY211231P00463000,463.0,0,0.0,0.0,,0.0,normalDay
2021-12-17,11345.0,-179.0,0.0,0,459.87,0.0,1,5.71,7.5,SPY211231P00463000,463.0,0,0.0,0.0,,0.0,normalDay
2021-12-20,11345.0,-457.0,0.0,0,454.98,0.0,1,5.71,10.28,SPY211231P00463000,463.0,0,0.0,0.0,,0.0,normalDay
2021-12-21,11345.0,63.0,0.0,0,463.06,0.0,1,5.71,5.08,SPY211231P00463000,463.0,0,0.0,0.0,,0.0,normalDay
2021-12-22,11345.0,340.0,0.0,0,467.69,0.0,1,5.71,2.31,SPY211231P00463000,463.0,0,0.0,0.0,,0.0,normalDay
2021-12-23,11345.0,458.0,0.0,0,470.6,0.0,1,5.71,1.13,SPY211231P00463000,463.0,0,0.0,0.0,,0.0,normalDay
2021-12-27,11345.0,550.0,0.0,0,477.26,0.0,1,5.71,0.21,SPY211231P00463000,463.0,0,0.0,0.0,,0.0,normalDay
2021-12-28,11345.0,555.0,0.0,0,476.87,0.0,1,5.71,0.16,SPY211231P00463000,463.0,0,0.0,0.0,,0.0,normalDay
2021-12-29,11345.0,567.0,0.0,0,477.48,0.0,1,5.71,0.04,SPY211231P00463000,463.0,0,0.0,0.0,,0.0,normalDay
2021-12-30,11345.0,565.0,0.0,0,476.16,0.0,1,5.71,0.06,SPY211231P00463000,463.0,0,0.0,0.0,,0.0,normalDay
2021-12-31,11916.0,0.0,571.0,0,474.96,0.0,1,5.71,0.0,SPY211231P00463000,463.0,0,0.0,0.0,,0.0,expirationDay
2022-01-03,11916.0,-3.0,0.0,0,477.71,0.0,1,2.15,2.18,SPY220121P00467000,467.0,0,0.0,0.0,,0.0,normalDay
2022-01-04,11916.0,-5.0,0.0,0,477.55,0.0,1,2.15,2.2,SPY220121P00467000,467.0,0,0.0,0.0,,0.0,normalDay
2022-01-05,11916.0,-332.0,0.0,0,468.38,0.0,1,2.15,5.47,SPY220121P00467000,467.0,0,0.0,0.0,,0.0,normalDay
2022-01-06,11916.0,-314.0,0.0,0,467.94,0.0,1,2.15,5.29,SPY220121P00467000,467.0,0,0.0,0.0,,0.0,normalDay
2022-01-07,11916.0,-305.0,0.0,0,466.09,0.0,1,2.15,5.2,SPY220121P00467000,467.0,0,0.0,0.0,,0.0,normalDay
2022-01-10,11916.0,-339.0,0.0,0,465.51,0.0,1,2.15,5.54,SPY220121P00467000,467.0,0,0.0,0.0,,0.0,normalDay
2022-01-11,11916.0,-132.0,0.0,0,469.75,0.0,1,2.15,3.47,SPY220121P00467000,467.0,0,0.0,0.0,,0.0,normalDay
2022-01-12,11916.0,-35.0,0.0,0,471.02,0.0,1,2.15,2.5,SPY220121P00467000,467.0,0,0.0,0.0,,0.0,normalDay
2022-01-13,11916.0,-366.0,0.0,0,464.53,0.0,1,2.15,5.81,SPY220121P00467000,467.0,0,0.0,0.0,,0.0,normalDay
2022-01-14,11916.0,-273.0,0.0,0,464.72,0.0,1,2.15,4.88,SPY220121P00467000,467.0,0,0.0,0.0,,0.0,normalDay
2022-01-18,11916.0,-909.0,0.0,0,456.49,0.0,1,2.15,11.24,SPY220121P00467000,467.0,0,0.0,0.0,,0.0,normalDay
2022-01-19,11916.0,-1293.0,0.0,0,451.75,0.0,1,2.15,15.08,SPY220121P00467000,467.0,0,0.0,0.0,,0.0,normalDay
2022-01-20,11916.0,-1871.0,0.0,0,446.75,0.0,1,2.15,20.86,SPY220121P00467000,467.0,0,0.0,0.0,,0.0,normalDay
2022-01-21,12131.0,-2902.0,215.0,100,437.98,467.0,1,2.15,0.0,SPY220121P00467000,467.0,0,0.0,0.0,,0.0,expirationDay
2022-01-24,12131.0,-2722.0,0.0,100,439.84,467.0,0,0.0,0.0,,0.0,1,3.84,3.9,SPY220318C00465000,465.0,normalDay
2022-01-25,12131.0,-3128.0,0.0,100,434.47,467.0,0,0.0,0.0,,0.0,1,3.84,2.59,SPY220318C00465000,465.0,normalDay
2022-01-26,12131.0,-3237.0,0.0,100,433.38,467.0,0,0.0,0.0,,0.0,1,3.84,2.59,SPY220318C00465000,465.0,normalDay
2022-01-27,12131.0,-3414.0,0.0,100,431.24,467.0,0,0.0,0.0,,0.0,1,3.84,2.22,SPY220318C00465000,465.0,normalDay
2022-01-28,12131.0,-2495.0,0.0,100,441.95,467.0,0,0.0,0.0,,0.0,1,3.84,3.74,SPY220318C00465000,465.0,normalDay
2022-01-31,12131.0,-1828.0,0.0,100,449.91,467.0,0,0.0,0.0,,0.0,1,3.84,5.03,SPY220318C00465000,465.0,normalDay
2022-02-01,12131.0,-1566.0,0.0,100,452.95,467.0,0,0.0,0.0,,0.0,1,3.84,5.45,SPY220318C00465000,465.0,normalDay
2022-02-02,12131.0,-1192.0,0.0,100,457.35,467.0,0,0.0,0.0,,0.0,1,3.84,6.11,SPY220318C00465000,465.0,normalDay
2022-02-03,12131.0,-2138.0,0.0,100,446.6,467.0,0,0.0,0.0,,0.0,1,3.84,4.82,SPY220318C00465000,465.0,normalDay
2022-02-04,12131.0,-1838.0,0.0,100,448.7,467.0,0,0.0,0.0,,0.0,1,3.84,3.92,SPY220318C00465000,465.0,normalDay
2022-02-07,12131.0,-1936.0,0.0,100,447.26,467.0,0,0.0,0.0,,0.0,1,3.84,3.46,SPY220318C00465000,465.0,normalDay
2022-02-08,12131.0,-1619.0,0.0,100,450.94,467.0,0,0.0,0.0,,0.0,1,3.84,3.97,SPY220318C00465000,465.0,normalDay
2022-02-09,12131.0,-1144.0,0.0,100,457.54,467.0,0,0.0,0.0,,0.0,1,3.84,5.82,SPY220318C00465000,465.0,normalDay
2022-02-10,12131.0,-1765.0,0.0,100,449.32,467.0,0,0.0,0.0,,0.0,1,3.84,3.81,SPY220318C00465000,465.0,normalDay
2022-02-11,12131.0,-2490.0,0.0,100,440.46,467.0,0,0.0,0.0,,0.0,1,3.84,2.2,SPY220318C00465000,465.0,normalDay
2022-02-14,12131.0,-2587.0,0.0,100,439.02,467.0,0,0.0,0.0,,0.0,1,3.84,1.73,SPY220318C00465000,465.0,normalDay
2022-02-15,12131.0,-1931.0,0.0,100,446.1,467.0,0,0.0,0.0,,0.0,1,3.84,2.25,SPY220318C00465000,465.0,normalDay
2022-02-16,12131.0,-1859.0,0.0,100,446.6,467.0,0,0.0,0.0,,0.0,1,3.84,2.03,SPY220318C00465000,465.0,normalDay
2022-02-17,12131.0,-2704.0,0.0,100,437.06,467.0,0,0.0,0.0,,0.0,1,3.84,0.94,SPY220318C00465000,465.0,normalDay
2022-02-18,12131.0,-2963.0,0.0,100,434.23,467.0,0,0.0,0.0,,0.0,1,3.84,0.7,SPY220318C00465000,465.0,normalDay
2022-02-22,12131.0,-3405.0,0.0,100,429.57,467.0,0,0.0,0.0,,0.0,1,3.84,0.46,SPY220318C00465000,465.0,normalDay
2022-02-23,12131.0,-4143.0,0.0,100,421.95,467.0,0,0.0,0.0,,0.0,1,3.84,0.22,SPY220318C00465000,465.0,normalDay
2022-02-24,12131.0,-3515.0,0.0,100,428.3,467.0,0,0.0,0.0,,0.0,1,3.84,0.29,SPY220318C00465000,465.0,normalDay
2022-02-25,12131.0,-2599.0,0.0,100,437.75,467.0,0,0.0,0.0,,0.0,1,3.84,0.58,SPY220318C00465000,465.0,normalDay
2022-02-28,12131.0,-2705.0,0.0,100,436.63,467.0,0,0.0,0.0,,0.0,1,3.84,0.52,SPY220318C00465000,465.0,normalDay
2022-03-01,12131.0,-3349.0,0.0,100,429.98,467.0,0,0.0,0.0,,0.0,1,3.84,0.31,SPY220318C00465000,465.0,normalDay
2022-03-02,12131.0,-2568.0,0.0,100,437.89,467.0,0,0.0,0.0,,0.0,1,3.84,0.41,SPY220318C00465000,465.0,normalDay
2022-03-03,12131.0,-2767.0,0.0,100,435.71,467.0,0,0.0,0.0,,0.0,1,3.84,0.22,SPY220318C00465000,465.0,normalDay
2022-03-04,12131.0,-3109.0,0.0,100,432.17,467.0,0,0.0,0.0,,0.0,1,3.84,0.1,SPY220318C00465000,465.0,normalDay
2022-03-07,12131.0,-4379.0,0.0,100,419.43,467.0,0,0.0,0.0,,0.0,1,3.84,0.06,SPY220318C00465000,465.0,normalDay
2022-03-08,12131.0,-4696.0,0.0,100,416.25,467.0,0,0.0,0.0,,0.0,1,3.84,0.05,SPY220318C00465000,465.0,normalDay
2022-03-09,12131.0,-3582.0,0.0,100,427.41,467.0,0,0.0,0.0,,0.0,1,3.84,0.07,SPY220318C00465000,465.0,normalDay
2022-03-10,12131.0,-3772.0,0.0,100,425.48,467.0,0,0.0,0.0,,0.0,1,3.84,0.04,SPY220318C00465000,465.0,normalDay
2022-03-11,12131.0,-4312.0,0.0,100,420.07,467.0,0,0.0,0.0,,0.0,1,3.84,0.03,SPY220318C00465000,465.0,normalDay
2022-03-14,12131.0,-4618.0,0.0,100,417.0,467.0,0,0.0,0.0,,0.0,1,3.84,0.02,SPY220318C00465000,465.0,normalDay
2022-03-15,12131.0,-3700.0,0.0,100,426.17,467.0,0,0.0,0.0,,0.0,1,3.84,0.01,SPY220318C00465000,465.0,normalDay
2022-03-16,12131.0,-2756.0,0.0,100,435.62,467.0,0,0.0,0.0,,0.0,1,3.84,0.02,SPY220318C00465000,465.0,normalDay
2022-03-17,12131.0,-2210.0,0.0,100,441.07,467.0,0,0.0,0.0,,0.0,1,3.84,0.01,SPY220318C00465000,465.0,normalDay
2022-03-18,12515.0,-2248.0,384.0,100,444.52,467.0,0,0.0,0.0,,0.0,1,3.84,0.0,SPY220318C00465000,465.0,expirationDay
2022-03-21,12515.0,-2302.0,0.0,100,444.39,467.0,0,0.0,0.0,,0.0,1,21.68,22.09,SPY220429C00430000,430.0,normalDay
2022-03-22,12515.0,-2123.0,0.0,100,449.59,467.0,0,0.0,0.0,,0.0,1,21.68,25.5,SPY220429C00430000,430.0,normalDay
2022-03-23,12515.0,-2256.0,0.0,100,443.8,467.0,0,0.0,0.0,,0.0,1,21.68,21.04,SPY220429C00430000,430.0,normalDay
2022-03-24,12515.0,-2041.0,0.0,100,450.49,467.0,0,0.0,0.0,,0.0,1,21.68,25.58,SPY220429C00430000,430.0,normalDay
2022-03-25,12515.0,-1971.0,0.0,100,452.69,467.0,0,0.0,0.0,,0.0,1,21.68,27.08,SPY220429C00430000,430.0,normalDay
2022-03-28,12515.0,-1870.0,0.0,100,455.91,467.0,0,0.0,0.0,,0.0,1,21.68,29.29,SPY220429C00430000,430.0,normalDay
2022-03-29,12515.0,-1745.0,0.0,100,461.55,467.0,0,0.0,0.0,,0.0,1,21.68,33.68,SPY220429C00430000,430.0,normalDay
2022-03-30,12515.0,-1837.0,0.0,100,458.7,467.0,0,0.0,0.0,,0.0,1,21.68,31.75,SPY220429C00430000,430.0,normalDay
2022-03-31,12515.0,-2088.0,0.0,100,451.64,467.0,0,0.0,0.0,,0.0,1,21.68,27.2,SPY220429C00430000,430.0,normalDay
2022-04-01,12515.0,-1812.0,0.0,100,452.92,467.0,0,0.0,0.0,,0.0,1,21.68,25.72,SPY220429C00430000,430.0,normalDay
2022-04-04,12515.0,-1714.0,0.0,100,456.8,467.0,0,0.0,0.0,,0.0,1,21.68,28.62,SPY220429C00430000,430.0,normalDay
2022-04-05,12515.0,-1867.0,0.0,100,451.03,467.0,0,0.0,0.0,,0.0,1,21.68,24.38,SPY220429C00430000,430.0,normalDay
2022-04-06,12515.0,-1911.0,0.0,100,446.52,467.0,0,0.0,0.0,,0.0,1,21.68,20.31,SPY220429C00430000,430.0,normalDay
2022-04-07,12515.0,-1849.0,0.0,100,448.77,467.0,0,0.0,0.0,,0.0,1,21.68,21.94,SPY220429C00430000,430.0,normalDay
2022-04-08,12515.0,-1848.0,0.0,100,447.57,467.0,0,0.0,0.0,,0.0,1,21.68,20.73,SPY220429C00430000,430.0,normalDay
2022-04-11,12515.0,-2038.0,0.0,100,439.92,467.0,0,0.0,0.0,,0.0,1,21.68,14.98,SPY220429C00430000,430.0,normalDay
2022-04-12,12515.0,-2062.0,0.0,100,438.29,467.0,0,0.0,0.0,,0.0,1,21.68,13.59,SPY220429C00430000,430.0,normalDay
2022-04-13,12515.0,-1817.0,0.0,100,443.31,467.0,0,0.0,0.0,,0.0,1,21.68,16.16,SPY220429C00430000,430.0,normalDay
2022-04-14,12515.0,-1954.0,0.0,100,437.79,467.0,0,0.0,0.0,,0.0,1,21.68,12.01,SPY220429C00430000,430.0,normalDay
2022-04-18,12515.0,-1959.0,0.0,100,437.97,467.0,0,0.0,0.0,,0.0,1,21.68,12.24,SPY220429C00430000,430.0,normalDay
2022-04-19,12515.0,-1558.0,0.0,100,445.04,467.0,0,0.0,0.0,,0.0,1,21.68,15.3,SPY220429C00430000,430.0,normalDay
2022-04-20,12515.0,-1769.0,0.0,100,444.71,467.0,0,0.0,0.0,,0.0,1,21.68,17.08,SPY220429C00430000,430.0,normalDay
2022-04-21,12515.0,-1783.0,0.0,100,438.06,467.0,0,0.0,0.0,,0.0,1,21.68,10.57,SPY220429C00430000,430.0,normalDay
2022-04-22,12515.0,-2297.0,0.0,100,426.04,467.0,0,0.0,0.0,,0.0,1,21.68,3.69,SPY220429C00430000,430.0,normalDay
2022-04-25,12515.0,-2117.0,0.0,100,428.51,467.0,0,0.0,0.0,,0.0,1,21.68,4.36,SPY220429C00430000,430.0,normalDay
2022-04-26,12515.0,-2995.0,0.0,100,416.1,467.0,0,0.0,0.0,,0.0,1,21.68,0.73,SPY220429C00430000,430.0,normalDay
2022-04-27,12515.0,-2869.0,0.0,100,417.27,467.0,0,0.0,0.0,,0.0,1,21.68,0.64,SPY220429C00430000,430.0,normalDay
2022-04-28,12515.0,-1876.0,0.0,100,427.81,467.0,0,0.0,0.0,,0.0,1,21.68,1.25,SPY220429C00430000,430.0,normalDay
2022-04-29,14683.0,-5500.0,2168.0,100,412.0,467.0,0,0.0,0.0,,0.0,1,21.68,0.0,SPY220429C00430000,430.0,expirationDay
2022-05-02,14683.0,-5258.0,0.0,100,414.48,467.0,0,0.0,0.0,,0.0,1,5.55,5.61,SPY220617C00436000,436.0,normalDay
2022-05-03,14683.0,-5064.0,0.0,100,416.38,467.0,0,0.0,0.0,,0.0,1,5.55,5.57,SPY220617C00436000,436.0,normalDay
2022-05-04,14683.0,-4173.0,0.0,100,429.06,467.0,0,0.0,0.0,,0.0,1,5.55,9.34,SPY220617C00436000,436.0,normalDay
2022-05-05,14683.0,-5271.0,0.0,100,413.81,467.0,0,0.0,0.0,,0.0,1,5.55,5.07,SPY220617C00436000,436.0,normalDay
2022-05-06,14683.0,-5392.0,0.0,100,411.34,467.0,0,0.0,0.0,,0.0,1,5.55,3.81,SPY220617C00436000,436.0,normalDay
2022-05-09,14683.0,-6549.0,0.0,100,398.17,467.0,0,0.0,0.0,,0.0,1,5.55,2.21,SPY220617C00436000,436.0,normalDay
2022-05-10,14683.0,-6414.0,0.0,100,399.09,467.0,0,0.0,0.0,,0.0,1,5.55,1.78,SPY220617C00436000,436.0,normalDay
2022-05-11,14683.0,-6994.0,0.0,100,392.75,467.0,0,0.0,0.0,,0.0,1,5.55,1.24,SPY220617C00436000,436.0,normalDay
2022-05-12,14683.0,-7010.0,0.0,100,392.34,467.0,0,0.0,0.0,,0.0,1,5.55,0.99,SPY220617C00436000,436.0,normalDay
2022-05-13,14683.0,-6098.0,0.0,100,401.72,467.0,0,0.0,0.0,,0.0,1,5.55,1.25,SPY220617C00436000,436.0,normalDay
2022-05-16,14683.0,-6216.0,0.0,100,400.09,467.0,0,0.0,0.0,,0.0,1,5.55,0.8,SPY220617C00436000,436.0,normalDay
2022-05-17,14683.0,-5467.0,0.0,100,408.32,467.0,0,0.0,0.0,,0.0,1,5.55,1.54,SPY220617C00436000,436.0,normalDay
2022-05-18,14683.0,-7001.0,0.0,100,391.86,467.0,0,0.0,0.0,,0.0,1,5.55,0.42,SPY220617C00436000,436.0,normalDay
2022-05-19,14683.0,-7231.0,0.0,100,389.46,467.0,0,0.0,0.0,,0.0,1,5.55,0.32,SPY220617C00436000,436.0,normalDay
2022-05-20,14683.0,-7213.0,0.0,100,389.63,467.0,0,0.0,0.0,,0.0,1,5.55,0.31,SPY220617C00436000,436.0,normalDay
2022-05-23,14683.0,-6502.0,0.0,100,396.92,467.0,0,0.0,0.0,,0.0,1,5.55,0.49,SPY220617C00436000,436.0,normalDay
2022-05-24,14683.0,-6797.0,0.0,100,393.89,467.0,0,0.0,0.0,,0.0,1,5.55,0.41,SPY220617C00436000,436.0,normalDay
2022-05-25,14683.0,-6452.0,0.0,100,397.37,467.0,0,0.0,0.0,,0.0,1,5.55,0.44,SPY220617C00436000,436.0,normalDay
2022-05-26,14683.0,-5692.0,0.0,100,405.31,467.0,0,0.0,0.0,,0.0,1,5.55,0.78,SPY220617C00436000,436.0,normalDay
2022-05-27,14683.0,-4796.0,0.0,100,415.26,467.0,0,0.0,0.0,,0.0,1,5.55,1.77,SPY220617C00436000,436.0,normalDay
2022-05-31,14683.0,-4956.0,0.0,100,412.93,467.0,0,0.0,0.0,,0.0,1,5.55,1.04,SPY220617C00436000,436.0,normalDay
2022-06-01,14683.0,-5237.0,0.0,100,409.59,467.0,0,0.0,0.0,,0.0,1,5.55,0.51,SPY220617C00436000,436.0,normalDay
2022-06-02,14683.0,-4515.0,0.0,100,417.39,467.0,0,0.0,0.0,,0.0,1,5.55,1.09,SPY220617C00436000,436.0,normalDay
2022-06-03,14683.0,-5126.0,0.0,100,410.54,467.0,0,0.0,0.0,,0.0,1,5.55,0.35,SPY220617C00436000,436.0,normalDay
2022-06-06,14683.0,-4997.0,0.0,100,411.79,467.0,0,0.0,0.0,,0.0,1,5.55,0.31,SPY220617C00436000,436.0,normalDay
2022-06-07,14683.0,-4609.0,0.0,100,415.74,467.0,0,0.0,0.0,,0.0,1,5.55,0.38,SPY220617C00436000,436.0,normalDay
2022-06-08,14683.0,-5038.0,0.0,100,411.22,467.0,0,0.0,0.0,,0.0,1,5.55,0.15,SPY220617C00436000,436.0,normalDay
2022-06-09,14683.0,-6008.0,0.0,100,401.44,467.0,0,0.0,0.0,,0.0,1,5.55,0.07,SPY220617C00436000,436.0,normalDay
2022-06-10,14683.0,-7167.0,0.0,100,389.8,467.0,0,0.0,0.0,,0.0,1,5.55,0.02,SPY220617C00436000,436.0,normalDay
2022-06-13,14683.0,-8647.0,0.0,100,375.0,467.0,0,0.0,0.0,,0.0,1,5.55,0.02,SPY220617C00436000,436.0,normalDay
2022-06-14,14683.0,-8760.0,0.0,100,373.87,467.0,0,0.0,0.0,,0.0,1,5.55,0.02,SPY220617C00436000,436.0,normalDay
2022-06-15,14683.0,-8226.0,0.0,100,379.2,467.0,0,0.0,0.0,,0.0,1,5.55,0.01,SPY220617C00436000,436.0,normalDay
2022-06-16,14683.0,-9481.0,0.0,100,366.65,467.0,0,0.0,0.0,,0.0,1,5.55,0.01,SPY220617C00436000,436.0,normalDay
2022-06-17,15238.0,-10114.0,555.0,100,365.86,467.0,0,0.0,0.0,,0.0,1,5.55,0.0,SPY220617C00436000,436.0,expirationDay
2022-06-21,15238.0,-9199.0,0.0,100,375.07,467.0,0,0.0,0.0,,0.0,1,4.63,4.69,SPY220729C00396000,396.0,normalDay
2022-06-22,15238.0,-9225.0,0.0,100,374.39,467.0,0,0.0,0.0,,0.0,1,4.63,4.27,SPY220729C00396000,396.0,normalDay
2022-06-23,15238.0,-8908.0,0.0,100,378.06,467.0,0,0.0,0.0,,0.0,1,4.63,4.77,SPY220729C00396000,396.0,normalDay
2022-06-24,15238.0,-8103.0,0.0,100,390.08,467.0,0,0.0,0.0,,0.0,1,4.63,8.74,SPY220729C00396000,396.0,normalDay
2022-06-27,15238.0,-8185.0,0.0,100,388.59,467.0,0,0.0,0.0,,0.0,1,4.63,8.07,SPY220729C00396000,396.0,normalDay
2022-06-28,15238.0,-8651.0,0.0,100,380.65,467.0,0,0.0,0.0,,0.0,1,4.63,4.79,SPY220729C00396000,396.0,normalDay
2022-06-29,15238.0,-8670.0,0.0,100,380.34,467.0,0,0.0,0.0,,0.0,1,4.63,4.67,SPY220729C00396000,396.0,normalDay
2022-06-30,15238.0,-8843.0,0.0,100,377.25,467.0,0,0.0,0.0,,0.0,1,4.63,3.31,SPY220729C00396000,396.0,normalDay
2022-07-01,15238.0,-8530.0,0.0,100,381.24,467.0,0,0.0,0.0,,0.0,1,4.63,4.17,SPY220729C00396000,396.0,normalDay
2022-07-05,15238.0,-8436.0,0.0,100,381.96,467.0,0,0.0,0.0,,0.0,1,4.63,3.95,SPY220729C00396000,396.0,normalDay
2022-07-06,15238.0,-8343.0,0.0,100,383.25,467.0,0,0.0,0.0,,0.0,1,4.63,4.31,SPY220729C00396000,396.0,normalDay
2022-07-07,15238.0,-7921.0,0.0,100,388.99,467.0,0,0.0,0.0,,0.0,1,4.63,5.83,SPY220729C00396000,396.0,normalDay
2022-07-08,15238.0,-7900.0,0.0,100,388.67,467.0,0,0.0,0.0,,0.0,1,4.63,5.3,SPY220729C00396000,396.0,normalDay
2022-07-11,15238.0,-8171.0,0.0,100,384.23,467.0,0,0.0,0.0,,0.0,1,4.63,3.57,SPY220729C00396000,396.0,normalDay
2022-07-12,15238.0,-8399.0,0.0,100,380.83,467.0,0,0.0,0.0,,0.0,1,4.63,2.45,SPY220729C00396000,396.0,normalDay
2022-07-13,15238.0,-8532.0,0.0,100,378.83,467.0,0,0.0,0.0,,0.0,1,4.63,1.78,SPY220729C00396000,396.0,normalDay
2022-07-14,15238.0,-8585.0,0.0,100,377.91,467.0,0,0.0,0.0,,0.0,1,4.63,1.39,SPY220729C00396000,396.0,normalDay
2022-07-15,15238.0,-7960.0,0.0,100,385.13,467.0,0,0.0,0.0,,0.0,1,4.63,2.36,SPY220729C00396000,396.0,normalDay
2022-07-18,15238.0,-8188.0,0.0,100,381.95,467.0,0,0.0,0.0,,0.0,1,4.63,1.46,SPY220729C00396000,396.0,normalDay
2022-07-19,15238.0,-7504.0,0.0,100,392.27,467.0,0,0.0,0.0,,0.0,1,4.63,4.94,SPY220729C00396000,396.0,normalDay
2022-07-20,15238.0,-7323.0,0.0,100,394.77,467.0,0,0.0,0.0,,0.0,1,4.63,5.63,SPY220729C00396000,396.0,normalDay
2022-07-21,15238.0,-7040.0,0.0,100,398.79,467.0,0,0.0,0.0,,0.0,1,4.63,6.82,SPY220729C00396000,396.0,normalDay
2022-07-22,15238.0,-7147.0,0.0,100,395.09,467.0,0,0.0,0.0,,0.0,1,4.63,4.19,SPY220729C00396000,396.0,normalDay
2022-07-25,15238.0,-7122.0,0.0,100,395.57,467.0,0,0.0,0.0,,0.0,1,4.63,4.42,SPY220729C00396000,396.0,normalDay
2022-07-26,15238.0,-7392.0,0.0,100,390.89,467.0,0,0.0,0.0,,0.0,1,4.63,2.44,SPY220729C00396000,396.0,normalDay
2022-07-27,15238.0,-6725.0,0.0,100,401.04,467.0,0,0.0,0.0,,0.0,1,4.63,5.92,SPY220729C00396000,396.0,normalDay
2022-07-28,15238.0,-6772.0,0.0,100,406.07,467.0,0,0.0,0.0,,0.0,1,4.63,11.42,SPY220729C00396000,396.0,normalDay
2022-07-29,8601.0,-6772.0,-6637.0,0,411.99,0.0,0,0.0,0.0,,0.0,1,4.63,0.0,SPY220729C00396000,396.0,expirationDay
2022-08-01,8601.0,-3.0,0.0,0,410.77,0.0,1,1.62,1.65,SPY220819P00388000,388.0,0,0.0,0.0,,0.0,normalDay
2022-08-02,8601.0,-56.0,0.0,0,408.06,0.0,1,1.62,2.18,SPY220819P00388000,388.0,0,0.0,0.0,,0.0,normalDay
2022-08-03,8601.0,63.0,0.0,0,414.45,0.0,1,1.62,0.99,SPY220819P00388000,388.0,0,0.0,0.0,,0.0,normalDay
2022-08-04,8601.0,82.0,0.0,0,414.17,0.0,1,1.62,0.8,SPY220819P00388000,388.0,0,0.0,0.0,,0.0,normalDay
2022-08-05,8601.0,86.0,0.0,0,413.47,0.0,1,1.62,0.76,SPY220819P00388000,388.0,0,0.0,0.0,,0.0,normalDay
2022-08-08,8601.0,111.0,0.0,0,412.99,0.0,1,1.62,0.51,SPY220819P00388000,388.0,0,0.0,0.0,,0.0,normalDay
2022-08-09,8601.0,105.0,0.0,0,411.35,0.0,1,1.62,0.57,SPY220819P00388000,388.0,0,0.0,0.0,,0.0,normalDay
2022-08-10,8601.0,146.0,0.0,0,419.99,0.0,1,1.62,0.16,SPY220819P00388000,388.0,0,0.0,0.0,,0.0,normalDay
2022-08-11,8601.0,149.0,0.0,0,419.99,0.0,1,1.62,0.13,SPY220819P00388000,388.0,0,0.0,0.0,,0.0,normalDay
2022-08-12,8601.0,156.0,0.0,0,427.1,0.0,1,1.62,0.06,SPY220819P00388000,388.0,0,0.0,0.0,,0.0,normalDay
2022-08-15,8601.0,159.0,0.0,0,428.86,0.0,1,1.62,0.03,SPY220819P00388000,388.0,0,0.0,0.0,,0.0,normalDay
2022-08-16,8601.0,159.0,0.0,0,429.7,0.0,1,1.62,0.03,SPY220819P00388000,388.0,0,0.0,0.0,,0.0,normalDay
2022-08-17,8601.0,160.0,0.0,0,426.65,0.0,1,1.62,0.02,SPY220819P00388000,388.0,0,0.0,0.0,,0.0,normalDay
2022-08-18,8601.0,161.0,0.0,0,427.89,0.0,1,1.62,0.01,SPY220819P00388000,388.0,0,0.0,0.0,,0.0,normalDay
2022-08-19,8763.0,0.0,162.0,0,422.14,0.0,1,1.62,0.0,SPY220819P00388000,388.0,0,0.0,0.0,,0.0,expirationDay
2022-08-22,8763.0,-5.0,0.0,0,413.35,0.0,1,7.0,7.05,SPY220909P00413000,413.0,0,0.0,0.0,,0.0,normalDay
2022-08-23,8763.0,-58.0,0.0,0,412.35,0.0,1,7.0,7.58,SPY220909P00413000,413.0,0,0.0,0.0,,0.0,normalDay
2022-08-24,8763.0,79.0,0.0,0,413.67,0.0,1,7.0,6.21,SPY220909P00413000,413.0,0,0.0,0.0,,0.0,normalDay
2022-08-25,8763.0,311.0,0.0,0,419.51,0.0,1,7.0,3.89,SPY220909P00413000,413.0,0,0.0,0.0,,0.0,normalDay
2022-08-26,8763.0,-402.0,0.0,0,405.31,0.0,1,7.0,11.02,SPY220909P00413000,413.0,0,0.0,0.0,,0.0,normalDay
2022-08-29,8763.0,-530.0,0.0,0,402.63,0.0,1,7.0,12.3,SPY220909P00413000,413.0,0,0.0,0.0,,0.0,normalDay
2022-08-30,8763.0,-862.0,0.0,0,398.21,0.0,1,7.0,15.62,SPY220909P00413000,413.0,0,0.0,0.0,,0.0,normalDay
2022-08-31,8763.0,-1104.0,0.0,0,395.18,0.0,1,7.0,18.04,SPY220909P00413000,413.0,0,0.0,0.0,,0.0,normalDay
2022-09-01,8763.0,-1000.0,0.0,0,396.42,0.0,1,7.0,17.0,SPY220909P00413000,413.0,0,0.0,0.0,,0.0,normalDay
2022-09-02,8763.0,-1347.0,0.0,0,392.24,0.0,1,7.0,20.47,SPY220909P00413000,413.0,0,0.0,0.0,,0.0,normalDay
2022-09-06,8763.0,-1581.0,0.0,0,390.76,0.0,1,7.0,22.81,SPY220909P00413000,413.0,0,0.0,0.0,,0.0,normalDay
2022-09-07,8763.0,-866.0,0.0,0,397.78,0.0,1,7.0,15.66,SPY220909P00413000,413.0,0,0.0,0.0,,0.0,normalDay
2022-09-08,8763.0,-533.0,0.0,0,400.38,0.0,1,7.0,12.33,SPY220909P00413000,413.0,0,0.0,0.0,,0.0,normalDay
2022-09-09,9463.0,-640.0,700.0,100,406.6,413.0,1,7.0,0.0,SPY220909P00413000,413.0,0,0.0,0.0,,0.0,expirationDay
2022-09-12,9463.0,-232.0,0.0,100,410.97,413.0,0,0.0,0.0,,0.0,1,12.83,13.12,SPY221028C00410000,410.0,normalDay
2022-09-13,9463.0,-1273.0,0.0,100,393.1,413.0,0,0.0,0.0,,0.0,1,12.83,5.66,SPY221028C00410000,410.0,normalDay
2022-09-14,9463.0,-1123.0,0.0,100,394.6,413.0,0,0.0,0.0,,0.0,1,12.83,5.66,SPY221028C00410000,410.0,normalDay
2022-09-15,9463.0,-1440.0,0.0,100,390.12,413.0,0,0.0,0.0,,0.0,1,12.83,4.35,SPY221028C00410000,410.0,normalDay
2022-09-16,9463.0,-1804.0,0.0,100,385.56,413.0,0,0.0,0.0,,0.0,1,12.83,3.43,SPY221028C00410000,410.0,normalDay
2022-09-19,9463.0,-1542.0,0.0,100,388.55,413.0,0,0.0,0.0,,0.0,1,12.83,3.8,SPY221028C00410000,410.0,normalDay
2022-09-20,9463.0,-1902.0,0.0,100,384.09,413.0,0,0.0,0.0,,0.0,1,12.83,2.94,SPY221028C00410000,410.0,normalDay
2022-09-21,9463.0,-2455.0,0.0,100,377.39,413.0,0,0.0,0.0,,0.0,1,12.83,1.77,SPY221028C00410000,410.0,normalDay
2022-09-22,9463.0,-2719.0,0.0,100,374.22,413.0,0,0.0,0.0,,0.0,1,12.83,1.24,SPY221028C00410000,410.0,normalDay
2022-09-23,9463.0,-3297.0,0.0,100,367.95,413.0,0,0.0,0.0,,0.0,1,12.83,0.75,SPY221028C00410000,410.0,normalDay
2022-09-26,9463.0,-3645.0,0.0,100,364.31,413.0,0,0.0,0.0,,0.0,1,12.83,0.59,SPY221028C00410000,410.0,normalDay
2022-09-27,9463.0,-3726.0,0.0,100,363.38,413.0,0,0.0,0.0,,0.0,1,12.83,0.47,SPY221028C00410000,410.0,normalDay
2022-09-28,9463.0,-3036.0,0.0,100,370.53,413.0,0,0.0,0.0,,0.0,1,12.83,0.72,SPY221028C00410000,410.0,normalDay
2022-09-29,9463.0,-3771.0,0.0,100,362.79,413.0,0,0.0,0.0,,0.0,1,12.83,0.33,SPY221028C00410000,410.0,normalDay
2022-09-30,9463.0,-4319.0,0.0,100,357.18,413.0,0,0.0,0.0,,0.0,1,12.83,0.2,SPY221028C00410000,410.0,normalDay
2022-10-03,9463.0,-3387.0,0.0,100,366.61,413.0,0,0.0,0.0,,0.0,1,12.83,0.31,SPY221028C00410000,410.0,normalDay
2022-10-04,9463.0,-2305.0,0.0,100,377.97,413.0,0,0.0,0.0,,0.0,1,12.83,0.85,SPY221028C00410000,410.0,normalDay
2022-10-05,9463.0,-2374.0,0.0,100,377.09,413.0,0,0.0,0.0,,0.0,1,12.83,0.66,SPY221028C00410000,410.0,normalDay
2022-10-06,9463.0,-2744.0,0.0,100,373.2,413.0,0,0.0,0.0,,0.0,1,12.83,0.47,SPY221028C00410000,410.0,normalDay
2022-10-07,9463.0,-3753.0,0.0,100,362.79,413.0,0,0.0,0.0,,0.0,1,12.83,0.15,SPY221028C00410000,410.0,normalDay
2022-10-10,9463.0,-4026.0,0.0,100,360.02,413.0,0,0.0,0.0,,0.0,1,12.83,0.11,SPY221028C00410000,410.0,normalDay
2022-10-11,9463.0,-4254.0,0.0,100,357.74,413.0,0,0.0,0.0,,0.0,1,12.83,0.11,SPY221028C00410000,410.0,normalDay
2022-10-12,9463.0,-4370.0,0.0,100,356.56,413.0,0,0.0,0.0,,0.0,1,12.83,0.09,SPY221028C00410000,410.0,normalDay
2022-10-13,9463.0,-3439.0,0.0,100,365.97,413.0,0,0.0,0.0,,0.0,1,12.83,0.19,SPY221028C00410000,410.0,normalDay
2022-10-14,9463.0,-4260.0,0.0,100,357.63,413.0,0,0.0,0.0,,0.0,1,12.83,0.06,SPY221028C00410000,410.0,normalDay
2022-10-17,9463.0,-3343.0,0.0,100,366.82,413.0,0,0.0,0.0,,0.0,1,12.83,0.08,SPY221028C00410000,410.0,normalDay
2022-10-18,9463.0,-2916.0,0.0,100,371.13,413.0,0,0.0,0.0,,0.0,1,12.83,0.12,SPY221028C00410000,410.0,normalDay
2022-10-19,9463.0,-3173.0,0.0,100,368.5,413.0,0,0.0,0.0,,0.0,1,12.83,0.06,SPY221028C00410000,410.0,normalDay
2022-10-20,9463.0,-3479.0,0.0,100,365.41,413.0,0,0.0,0.0,,0.0,1,12.83,0.03,SPY221028C00410000,410.0,normalDay
2022-10-21,9463.0,-2594.0,0.0,100,374.29,413.0,0,0.0,0.0,,0.0,1,12.83,0.06,SPY221028C00410000,410.0,normalDay
2022-10-24,9463.0,-2135.0,0.0,100,378.87,413.0,0,0.0,0.0,,0.0,1,12.83,0.05,SPY221028C00410000,410.0,normalDay
2022-10-25,9463.0,-1528.0,0.0,100,384.92,413.0,0,0.0,0.0,,0.0,1,12.83,0.03,SPY221028C00410000,410.0,normalDay
2022-10-26,9463.0,-1816.0,0.0,100,382.02,413.0,0,0.0,0.0,,0.0,1,12.83,0.01,SPY221028C00410000,410.0,normalDay
2022-10-27,9463.0,-2020.0,0.0,100,379.98,413.0,0,0.0,0.0,,0.0,1,12.83,0.01,SPY221028C00410000,410.0,normalDay
2022-10-28,10746.0,-2398.0,1283.0,100,389.02,413.0,0,0.0,0.0,,0.0,1,12.83,0.0,SPY221028C00410000,410.0,expirationDay
2022-10-31,10746.0,-2710.0,0.0,100,386.21,413.0,0,0.0,0.0,,0.0,1,23.43,23.74,SPY221216C00372000,372.0,normalDay
2022-11-01,10746.0,-2707.0,0.0,100,384.52,413.0,0,0.0,0.0,,0.0,1,23.43,22.02,SPY221216C00372000,372.0,normalDay
2022-11-02,10746.0,-3021.0,0.0,100,374.87,413.0,0,0.0,0.0,,0.0,1,23.43,15.51,SPY221216C00372000,372.0,normalDay
2022-11-03,10746.0,-3155.0,0.0,100,371.01,413.0,0,0.0,0.0,,0.0,1,23.43,12.99,SPY221216C00372000,372.0,normalDay
2022-11-04,10746.0,-2894.0,0.0,100,376.35,413.0,0,0.0,0.0,,0.0,1,23.43,15.72,SPY221216C00372000,372.0,normalDay
2022-11-07,10746.0,-2715.0,0.0,100,379.95,413.0,0,0.0,0.0,,0.0,1,23.43,17.53,SPY221216C00372000,372.0,normalDay
2022-11-08,10746.0,-2628.0,0.0,100,382.0,413.0,0,0.0,0.0,,0.0,1,23.43,18.71,SPY221216C00372000,372.0,normalDay
2022-11-09,10746.0,-2954.0,0.0,100,374.13,413.0,0,0.0,0.0,,0.0,1,23.43,14.1,SPY221216C00372000,372.0,normalDay
2022-11-10,10746.0,-2309.0,0.0,100,394.69,413.0,0,0.0,0.0,,0.0,1,23.43,28.21,SPY221216C00372000,372.0,normalDay
2022-11-11,10746.0,-2172.0,0.0,100,398.51,413.0,0,0.0,0.0,,0.0,1,23.43,30.66,SPY221216C00372000,372.0,normalDay
2022-11-14,10746.0,-2271.0,0.0,100,395.12,413.0,0,0.0,0.0,,0.0,1,23.43,28.26,SPY221216C00372000,372.0,normalDay
2022-11-15,10746.0,-2181.0,0.0,100,398.49,413.0,0,0.0,0.0,,0.0,1,23.43,30.73,SPY221216C00372000,372.0,normalDay
2022-11-16,10746.0,-2202.0,0.0,100,395.45,413.0,0,0.0,0.0,,0.0,1,23.43,27.9,SPY221216C00372000,372.0,normalDay
2022-11-17,10746.0,-2172.0,0.0,100,394.24,413.0,0,0.0,0.0,,0.0,1,23.43,26.39,SPY221216C00372000,372.0,normalDay
2022-11-18,10746.0,-2073.0,0.0,100,396.03,413.0,0,0.0,0.0,,0.0,1,23.43,27.19,SPY221216C00372000,372.0,normalDay
2022-11-21,10746.0,-2083.0,0.0,100,394.59,413.0,0,0.0,0.0,,0.0,1,23.43,25.85,SPY221216C00372000,372.0,normalDay
2022-11-22,10746.0,-1971.0,0.0,100,399.9,413.0,0,0.0,0.0,,0.0,1,23.43,30.04,SPY221216C00372000,372.0,normalDay
2022-11-23,10746.0,-1939.0,0.0,100,402.42,413.0,0,0.0,0.0,,0.0,1,23.43,32.24,SPY221216C00372000,372.0,normalDay
2022-11-25,10746.0,-2112.0,0.0,100,402.33,413.0,0,0.0,0.0,,0.0,1,23.43,33.88,SPY221216C00372000,372.0,normalDay
2022-11-28,10746.0,-1985.0,0.0,100,395.91,413.0,0,0.0,0.0,,0.0,1,23.43,26.19,SPY221216C00372000,372.0,normalDay
2022-11-29,10746.0,-1958.0,0.0,100,395.23,413.0,0,0.0,0.0,,0.0,1,23.43,25.24,SPY221216C00372000,372.0,normalDay
2022-11-30,10746.0,-1880.0,0.0,100,407.68,413.0,0,0.0,0.0,,0.0,1,23.43,36.91,SPY221216C00372000,372.0,normalDay
2022-12-01,10746.0,-1820.0,0.0,100,407.38,413.0,0,0.0,0.0,,0.0,1,23.43,36.01,SPY221216C00372000,372.0,normalDay
2022-12-02,10746.0,-1796.0,0.0,100,406.91,413.0,0,0.0,0.0,,0.0,1,23.43,35.3,SPY221216C00372000,372.0,normalDay
2022-12-05,10746.0,-1865.0,0.0,100,399.59,413.0,0,0.0,0.0,,0.0,1,23.43,28.67,SPY221216C00372000,372.0,normalDay
2022-12-06,10746.0,-1913.0,0.0,100,393.83,413.0,0,0.0,0.0,,0.0,1,23.43,23.39,SPY221216C00372000,372.0,normalDay
2022-12-07,10746.0,-1892.0,0.0,100,393.16,413.0,0,0.0,0.0,,0.0,1,23.43,22.51,SPY221216C00372000,372.0,normalDay
2022-12-08,10746.0,-1839.0,0.0,100,396.24,413.0,0,0.0,0.0,,0.0,1,23.43,25.06,SPY221216C00372000,372.0,normalDay
2022-12-09,10746.0,-1853.0,0.0,100,393.28,413.0,0,0.0,0.0,,0.0,1,23.43,22.24,SPY221216C00372000,372.0,normalDay
2022-12-12,10746.0,-1769.0,0.0,100,398.95,413.0,0,0.0,0.0,,0.0,1,23.43,27.07,SPY221216C00372000,372.0,normalDay
2022-12-13,10746.0,-1803.0,0.0,100,401.97,413.0,0,0.0,0.0,,0.0,1,23.43,30.43,SPY221216C00372000,372.0,normalDay
2022-12-14,10746.0,-1850.0,0.0,100,399.4,413.0,0,0.0,0.0,,0.0,1,23.43,28.33,SPY221216C00372000,372.0,normalDay
2022-12-15,10746.0,-1777.0,0.0,100,389.63,413.0,0,0.0,0.0,,0.0,1,23.43,17.83,SPY221216C00372000,372.0,normalDay
2022-12-16,8989.0,-1777.0,-1757.0,0,383.27,0.0,0,0.0,0.0,,0.0,1,23.43,0.0,SPY221216C00372000,372.0,expirationDay
2022-12-19,8989.0,-29.0,0.0,0,380.02,0.0,1,15.86,16.15,SPY230106P00395000,395.0,0,0.0,0.0,,0.0,normalDay
2022-12-20,8989.0,68.0,0.0,0,380.54,0.0,1,15.86,15.18,SPY230106P00395000,395.0,0,0.0,0.0,,0.0,normalDay
2022-12-21,8989.0,535.0,0.0,0,386.23,0.0,1,15.86,10.51,SPY230106P00395000,395.0,0,0.0,0.0,,0.0,normalDay
2022-12-22,8989.0,79.0,0.0,0,380.72,0.0,1,15.86,15.07,SPY230106P00395000,395.0,0,0.0,0.0,,0.0,normalDay
2022-12-23,8989.0,281.0,0.0,0,382.91,0.0,1,15.86,13.05,SPY230106P00395000,395.0,0,0.0,0.0,,0.0,normalDay
2022-12-27,8989.0,187.0,0.0,0,381.4,0.0,1,15.86,13.99,SPY230106P00395000,395.0,0,0.0,0.0,,0.0,normalDay
2022-12-28,8989.0,-249.0,0.0,0,376.66,0.0,1,15.86,18.35,SPY230106P00395000,395.0,0,0.0,0.0,,0.0,normalDay
2022-12-29,8989.0,356.0,0.0,0,383.44,0.0,1,15.86,12.3,SPY230106P00395000,395.0,0,0.0,0.0,,0.0,normalDay
2022-12-30,8989.0,315.0,0.0,0,382.43,0.0,1,15.86,12.71,SPY230106P00395000,395.0,0,0.0,0.0,,0.0,normalDay
2023-01-03,8989.0,107.0,0.0,0,380.82,0.0,1,15.86,14.79,SPY230106P00395000,395.0,0,0.0,0.0,,0.0,normalDay
2023-01-04,8989.0,457.0,0.0,0,383.76,0.0,1,15.86,11.29,SPY230106P00395000,395.0,0,0.0,0.0,,0.0,normalDay
2023-01-05,8989.0,22.0,0.0,0,379.38,0.0,1,15.86,15.64,SPY230106P00395000,395.0,0,0.0,0.0,,0.0,normalDay
2023-01-06,10575.0,-692.0,1586.0,100,388.08,395.0,1,15.86,0.0,SPY230106P00395000,395.0,0,0.0,0.0,,0.0,expirationDay
2023-01-09,10575.0,-736.0,0.0,100,387.86,395.0,0,0.0,0.0,,0.0,1,13.46,13.68,SPY230224C00386000,386.0,normalDay
2023-01-10,10575.0,-590.0,0.0,100,390.58,395.0,0,0.0,0.0,,0.0,1,13.46,14.94,SPY230224C00386000,386.0,normalDay
2023-01-11,10575.0,-434.0,0.0,100,395.52,395.0,0,0.0,0.0,,0.0,1,13.46,18.32,SPY230224C00386000,386.0,normalDay
2023-01-12,10575.0,-282.0,0.0,100,396.96,395.0,0,0.0,0.0,,0.0,1,13.46,18.24,SPY230224C00386000,386.0,normalDay
2023-01-13,10575.0,-182.0,0.0,100,398.5,395.0,0,0.0,0.0,,0.0,1,13.46,18.78,SPY230224C00386000,386.0,normalDay
2023-01-17,10575.0,-191.0,0.0,100,397.77,395.0,0,0.0,0.0,,0.0,1,13.46,18.14,SPY230224C00386000,386.0,normalDay
2023-01-18,10575.0,-374.0,0.0,100,391.49,395.0,0,0.0,0.0,,0.0,1,13.46,13.69,SPY230224C00386000,386.0,normalDay
2023-01-19,10575.0,-465.0,0.0,100,388.64,395.0,0,0.0,0.0,,0.0,1,13.46,11.75,SPY230224C00386000,386.0,normalDay
2023-01-20,10575.0,-181.0,0.0,100,395.88,395.0,0,0.0,0.0,,0.0,1,13.46,16.15,SPY230224C00386000,386.0,normalDay
2023-01-23,10575.0,-44.0,0.0,100,400.63,395.0,0,0.0,0.0,,0.0,1,13.46,19.53,SPY230224C00386000,386.0,normalDay
2023-01-24,10575.0,-133.0,0.0,100,400.2,395.0,0,0.0,0.0,,0.0,1,13.46,19.99,SPY230224C00386000,386.0,normalDay
2023-01-25,10575.0,-23.0,0.0,100,400.35,395.0,0,0.0,0.0,,0.0,1,13.46,19.04,SPY230224C00386000,386.0,normalDay
2023-01-26,10575.0,72.0,0.0,100,404.75,395.0,0,0.0,0.0,,0.0,1,13.46,22.49,SPY230224C00386000,386.0,normalDay
2023-01-27,10575.0,109.0,0.0,100,405.68,395.0,0,0.0,0.0,,0.0,1,13.46,23.05,SPY230224C00386000,386.0,normalDay
2023-01-30,10575.0,-39.0,0.0,100,400.59,395.0,0,0.0,0.0,,0.0,1,13.46,19.44,SPY230224C00386000,386.0,normalDay
2023-01-31,10575.0,146.0,0.0,100,406.48,395.0,0,0.0,0.0,,0.0,1,13.46,23.48,SPY230224C00386000,386.0,normalDay
2023-02-01,10575.0,106.0,0.0,100,410.8,395.0,0,0.0,0.0,,0.0,1,13.46,28.2,SPY230224C00386000,386.0,normalDay
2023-02-02,10575.0,385.0,0.0,100,416.78,395.0,0,0.0,0.0,,0.0,1,13.46,31.39,SPY230224C00386000,386.0,normalDay
2023-02-03,10575.0,255.0,0.0,100,412.35,395.0,0,0.0,0.0,,0.0,1,13.46,28.26,SPY230224C00386000,386.0,normalDay
2023-02-06,10575.0,239.0,0.0,100,409.83,395.0,0,0.0,0.0,,0.0,1,13.46,25.9,SPY230224C00386000,386.0,normalDay
2023-02-07,10575.0,367.0,0.0,100,415.19,395.0,0,0.0,0.0,,0.0,1,13.46,29.98,SPY230224C00386000,386.0,normalDay
2023-02-08,10575.0,261.0,0.0,100,410.65,395.0,0,0.0,0.0,,0.0,1,13.46,26.5,SPY230224C00386000,386.0,normalDay
2023-02-09,10575.0,222.0,0.0,100,407.09,395.0,0,0.0,0.0,,0.0,1,13.46,23.33,SPY230224C00386000,386.0,normalDay
2023-02-10,10575.0,300.0,0.0,100,408.04,395.0,0,0.0,0.0,,0.0,1,13.46,23.5,SPY230224C00386000,386.0,normalDay
2023-02-13,10575.0,329.0,0.0,100,412.83,395.0,0,0.0,0.0,,0.0,1,13.46,28.0,SPY230224C00386000,386.0,normalDay
2023-02-14,10575.0,416.0,0.0,100,412.64,395.0,0,0.0,0.0,,0.0,1,13.46,26.94,SPY230224C00386000,386.0,normalDay
2023-02-15,10575.0,361.0,0.0,100,413.98,395.0,0,0.0,0.0,,0.0,1,13.46,28.83,SPY230224C00386000,386.0,normalDay
2023-02-16,10575.0,372.0,0.0,100,408.28,395.0,0,0.0,0.0,,0.0,1,13.46,23.02,SPY230224C00386000,386.0,normalDay
2023-02-17,10575.0,400.0,0.0,100,407.26,395.0,0,0.0,0.0,,0.0,1,13.46,21.72,SPY230224C00386000,386.0,normalDay
2023-02-21,10575.0,350.0,0.0,100,399.09,395.0,0,0.0,0.0,,0.0,1,13.46,14.05,SPY230224C00386000,386.0,normalDay
2023-02-22,10575.0,383.0,0.0,100,398.54,395.0,0,0.0,0.0,,0.0,1,13.46,13.17,SPY230224C00386000,386.0,normalDay
2023-02-23,10575.0,448.0,0.0,100,400.66,395.0,0,0.0,0.0,,0.0,1,13.46,14.64,SPY230224C00386000,386.0,normalDay
2023-02-24,11021.0,448.0,446.0,0,396.38,0.0,0,0.0,0.0,,0.0,1,13.46,0.0,SPY230224C00386000,386.0,expirationDay
2023-02-27,11021.0,-11.0,0.0,0,397.73,0.0,1,10.8,10.91,SPY230317P00405000,405.0,0,0.0,0.0,,0.0,normalDay
2023-02-28,11021.0,-129.0,0.0,0,396.26,0.0,1,10.8,12.09,SPY230317P00405000,405.0,0,0.0,0.0,,0.0,normalDay
2023-03-01,11021.0,-220.0,0.0,0,394.74,0.0,1,10.8,13.0,SPY230317P00405000,405.0,0,0.0,0.0,,0.0,normalDay
2023-03-02,11021.0,19.0,0.0,0,397.81,0.0,1,10.8,10.61,SPY230317P00405000,405.0,0,0.0,0.0,,0.0,normalDay
2023-03-03,11021.0,459.0,0.0,0,404.19,0.0,1,10.8,6.21,SPY230317P00405000,405.0,0,0.0,0.0,,0.0,normalDay
2023-03-06,11021.0,493.0,0.0,0,404.47,0.0,1,10.8,5.87,SPY230317P00405000,405.0,0,0.0,0.0,,0.0,normalDay
2023-03-07,11021.0,109.0,0.0,0,398.27,0.0,1,10.8,9.71,SPY230317P00405000,405.0,0,0.0,0.0,,0.0,normalDay
2023-03-08,11021.0,170.0,0.0,0,398.92,0.0,1,10.8,9.1,SPY230317P00405000,405.0,0,0.0,0.0,,0.0,normalDay
2023-03-09,11021.0,-485.0,0.0,0,391.56,0.0,1,10.8,15.65,SPY230317P00405000,405.0,0,0.0,0.0,,0.0,normalDay
2023-03-10,11021.0,-975.0,0.0,0,385.91,0.0,1,10.8,20.55,SPY230317P00405000,405.0,0,0.0,0.0,,0.0,normalDay
2023-03-13,11021.0,-987.0,0.0,0,385.36,0.0,1,10.8,20.67,SPY230317P00405000,405.0,0,0.0,0.0,,0.0,normalDay
2023-03-14,11021.0,-418.0,0.0,0,391.73,0.0,1,10.8,14.98,SPY230317P00405000,405.0,0,0.0,0.0,,0.0,normalDay
2023-03-15,11021.0,-649.0,0.0,0,389.28,0.0,1,10.8,17.29,SPY230317P00405000,405.0,0,0.0,0.0,,0.0,normalDay
2023-03-16,11021.0,18.0,0.0,0,396.11,0.0,1,10.8,10.62,SPY230317P00405000,405.0,0,0.0,0.0,,0.0,normalDay
2023-03-17,12101.0,-1501.0,1080.0,100,389.99,405.0,1,10.8,0.0,SPY230317P00405000,405.0,0,0.0,0.0,,0.0,expirationDay
2023-03-20,12101.0,-1135.0,0.0,100,393.74,405.0,0,0.0,0.0,,0.0,1,10.53,10.62,SPY230428C00396000,396.0,normalDay
2023-03-21,12101.0,-839.0,0.0,100,398.91,405.0,0,0.0,0.0,,0.0,1,10.53,12.83,SPY230428C00396000,396.0,normalDay
2023-03-22,12101.0,-1127.0,0.0,100,392.11,405.0,0,0.0,0.0,,0.0,1,10.53,8.91,SPY230428C00396000,396.0,normalDay
2023-03-23,12101.0,-1074.0,0.0,100,393.17,405.0,0,0.0,0.0,,0.0,1,10.53,9.44,SPY230428C00396000,396.0,normalDay
2023-03-24,12101.0,-922.0,0.0,100,395.75,405.0,0,0.0,0.0,,0.0,1,10.53,10.5,SPY230428C00396000,396.0,normalDay
2023-03-27,12101.0,-816.0,0.0,100,396.49,405.0,0,0.0,0.0,,0.0,1,10.53,10.18,SPY230428C00396000,396.0,normalDay
2023-03-28,12101.0,-828.0,0.0,100,395.6,405.0,0,0.0,0.0,,0.0,1,10.53,9.41,SPY230428C00396000,396.0,normalDay
2023-03-29,12101.0,-551.0,0.0,100,401.35,405.0,0,0.0,0.0,,0.0,1,10.53,12.39,SPY230428C00396000,396.0,normalDay
2023-03-30,12101.0,-465.0,0.0,100,403.7,405.0,0,0.0,0.0,,0.0,1,10.53,13.88,SPY230428C00396000,396.0,normalDay
2023-03-31,12101.0,-320.0,0.0,100,409.39,405.0,0,0.0,0.0,,0.0,1,10.53,18.12,SPY230428C00396000,396.0,normalDay
2023-04-03,12101.0,-233.0,0.0,100,410.95,405.0,0,0.0,0.0,,0.0,1,10.53,18.81,SPY230428C00396000,396.0,normalDay
2023-04-04,12101.0,-268.0,0.0,100,408.67,405.0,0,0.0,0.0,,0.0,1,10.53,16.88,SPY230428C00396000,396.0,normalDay
2023-04-05,12101.0,-251.0,0.0,100,407.6,405.0,0,0.0,0.0,,0.0,1,10.53,15.64,SPY230428C00396000,396.0,normalDay
2023-04-06,12101.0,-175.0,0.0,100,409.19,405.0,0,0.0,0.0,,0.0,1,10.53,16.47,SPY230428C00396000,396.0,normalDay
2023-04-10,12101.0,-173.0,0.0,100,409.61,405.0,0,0.0,0.0,,0.0,1,10.53,16.87,SPY230428C00396000,396.0,normalDay
2023-04-11,12101.0,-146.0,0.0,100,409.72,405.0,0,0.0,0.0,,0.0,1,10.53,16.71,SPY230428C00396000,396.0,normalDay
2023-04-12,12101.0,-113.0,0.0,100,408.05,405.0,0,0.0,0.0,,0.0,1,10.53,14.71,SPY230428C00396000,396.0,normalDay
2023-04-13,12101.0,-12.0,0.0,100,413.47,405.0,0,0.0,0.0,,0.0,1,10.53,19.12,SPY230428C00396000,396.0,normalDay
2023-04-14,12101.0,-11.0,0.0,100,412.46,405.0,0,0.0,0.0,,0.0,1,10.53,18.1,SPY230428C00396000,396.0,normalDay
2023-04-17,12101.0,24.0,0.0,100,413.94,405.0,0,0.0,0.0,,0.0,1,10.53,19.23,SPY230428C00396000,396.0,normalDay
2023-04-18,12101.0,61.0,0.0,100,414.21,405.0,0,0.0,0.0,,0.0,1,10.53,19.13,SPY230428C00396000,396.0,normalDay
2023-04-19,12101.0,53.0,0.0,100,414.14,405.0,0,0.0,0.0,,0.0,1,10.53,19.14,SPY230428C00396000,396.0,normalDay
2023-04-20,12101.0,40.0,0.0,100,411.88,405.0,0,0.0,0.0,,0.0,1,10.53,17.01,SPY230428C00396000,396.0,normalDay
2023-04-21,12101.0,96.0,0.0,100,412.2,405.0,0,0.0,0.0,,0.0,1,10.53,16.77,SPY230428C00396000,396.0,normalDay
2023-04-24,12101.0,109.0,0.0,100,412.63,405.0,0,0.0,0.0,,0.0,1,10.53,17.07,SPY230428C00396000,396.0,normalDay
2023-04-25,12101.0,-20.0,0.0,100,406.08,405.0,0,0.0,0.0,,0.0,1,10.53,11.81,SPY230428C00396000,396.0,normalDay
2023-04-26,12101.0,70.0,0.0,100,404.36,405.0,0,0.0,0.0,,0.0,1,10.53,9.19,SPY230428C00396000,396.0,normalDay
2023-04-27,12101.0,61.0,0.0,100,412.41,405.0,0,0.0,0.0,,0.0,1,10.53,17.33,SPY230428C00396000,396.0,normalDay
2023-04-28,12254.0,61.0,153.0,0,415.93,0.0,0,0.0,0.0,,0.0,1,10.53,0.0,SPY230428C00396000,396.0,expirationDay
2023-05-01,12254.0,-3.0,0.0,0,415.51,0.0,1,2.84,2.87,SPY230519P00410000,410.0,0,0.0,0.0,,0.0,normalDay
2023-05-02,12254.0,-196.0,0.0,0,410.84,0.0,1,2.84,4.8,SPY230519P00410000,410.0,0,0.0,0.0,,0.0,normalDay
2023-05-03,12254.0,-291.0,0.0,0,408.02,0.0,1,2.84,5.75,SPY230519P00410000,410.0,0,0.0,0.0,,0.0,normalDay
2023-05-04,12254.0,-520.0,0.0,0,405.13,0.0,1,2.84,8.04,SPY230519P00410000,410.0,0,0.0,0.0,,0.0,normalDay
2023-05-05,12254.0,-59.0,0.0,0,412.63,0.0,1,2.84,3.43,SPY230519P00410000,410.0,0,0.0,0.0,,0.0,normalDay
2023-05-08,12254.0,10.0,0.0,0,412.74,0.0,1,2.84,2.74,SPY230519P00410000,410.0,0,0.0,0.0,,0.0,normalDay
2023-05-09,12254.0,-52.0,0.0,0,410.93,0.0,1,2.84,3.36,SPY230519P00410000,410.0,0,0.0,0.0,,0.0,normalDay
2023-05-10,12254.0,73.0,0.0,0,412.85,0.0,1,2.84,2.11,SPY230519P00410000,410.0,0,0.0,0.0,,0.0,normalDay
2023-05-11,12254.0,69.0,0.0,0,412.13,0.0,1,2.84,2.15,SPY230519P00410000,410.0,0,0.0,0.0,,0.0,normalDay
2023-05-12,12254.0,72.0,0.0,0,411.59,0.0,1,2.84,2.12,SPY230519P00410000,410.0,0,0.0,0.0,,0.0,normalDay
2023-05-15,12254.0,171.0,0.0,0,413.01,0.0,1,2.84,1.13,SPY230519P00410000,410.0,0,0.0,0.0,,0.0,normalDay
2023-05-16,12254.0,90.0,0.0,0,410.25,0.0,1,2.84,1.94,SPY230519P00410000,410.0,0,0.0,0.0,,0.0,normalDay
2023-05-17,12254.0,244.0,0.0,0,415.23,0.0,1,2.84,0.4,SPY230519P00410000,410.0,0,0.0,0.0,,0.0,normalDay
2023-05-18,12254.0,276.0,0.0,0,419.23,0.0,1,2.84,0.08,SPY230519P00410000,410.0,0,0.0,0.0,,0.0,normalDay
2023-05-19,12538.0,0.0,284.0,0,418.62,0.0,1,2.84,0.0,SPY230519P00410000,410.0,0,0.0,0.0,,0.0,expirationDay
2023-05-22,12538.0,-3.0,0.0,0,418.79,0.0,1,2.44,2.47,SPY230609P00411000,411.0,0,0.0,0.0,,0.0,normalDay
2023-05-23,12538.0,-152.0,0.0,0,414.09,0.0,1,2.44,3.96,SPY230609P00411000,411.0,0,0.0,0.0,,0.0,normalDay
2023-05-24,12538.0,-282.0,0.0,0,411.09,0.0,1,2.44,5.26,SPY230609P00411000,411.0,0,0.0,0.0,,0.0,normalDay
2023-05-25,12538.0,-124.0,0.0,0,414.65,0.0,1,2.44,3.68,SPY230609P00411000,411.0,0,0.0,0.0,,0.0,normalDay
2023-05-26,12538.0,46.0,0.0,0,420.02,0.0,1,2.44,1.98,SPY230609P00411000,411.0,0,0.0,0.0,,0.0,normalDay
2023-05-30,12538.0,117.0,0.0,0,420.18,0.0,1,2.44,1.27,SPY230609P00411000,411.0,0,0.0,0.0,,0.0,normalDay
2023-05-31,12538.0,102.0,0.0,0,417.85,0.0,1,2.44,1.42,SPY230609P00411000,411.0,0,0.0,0.0,,0.0,normalDay
2023-06-01,12538.0,196.0,0.0,0,421.82,0.0,1,2.44,0.48,SPY230609P00411000,411.0,0,0.0,0.0,,0.0,normalDay
2023-06-02,12538.0,232.0,0.0,0,427.92,0.0,1,2.44,0.12,SPY230609P00411000,411.0,0,0.0,0.0,,0.0,normalDay
2023-06-05,12538.0,237.0,0.0,0,427.1,0.0,1,2.44,0.07,SPY230609P00411000,411.0,0,0.0,0.0,,0.0,normalDay
2023-06-06,12538.0,239.0,0.0,0,428.03,0.0,1,2.44,0.05,SPY230609P00411000,411.0,0,0.0,0.0,,0.0,normalDay
2023-06-07,12538.0,239.0,0.0,0,426.55,0.0,1,2.44,0.05,SPY230609P00411000,411.0,0,0.0,0.0,,0.0,normalDay
2023-06-08,12538.0,241.0,0.0,0,429.13,0.0,1,2.44,0.03,SPY230609P00411000,411.0,0,0.0,0.0,,0.0,normalDay
2023-06-09,12782.0,0.0,244.0,0,429.9,0.0,1,2.44,0.0,SPY230609P00411000,411.0,0,0.0,0.0,,0.0,expirationDay
2023-06-12,12782.0,-3.0,0.0,0,433.8,0.0,1,1.27,1.3,SPY230630P00419000,419.0,0,0.0,0.0,,0.0,normalDay
2023-06-13,12782.0,42.0,0.0,0,436.66,0.0,1,1.27,0.85,SPY230630P00419000,419.0,0,0.0,0.0,,0.0,normalDay
2023-06-14,12782.0,67.0,0.0,0,437.18,0.0,1,1.27,0.6,SPY230630P00419000,419.0,0,0.0,0.0,,0.0,normalDay
2023-06-15,12782.0,81.0,0.0,0,442.6,0.0,1,1.27,0.46,SPY230630P00419000,419.0,0,0.0,0.0,,0.0,normalDay
2023-06-16,12782.0,100.0,0.0,0,439.46,0.0,1,1.27,0.27,SPY230630P00419000,419.0,0,0.0,0.0,,0.0,normalDay
2023-06-20,12782.0,104.0,0.0,0,437.18,0.0,1,1.27,0.23,SPY230630P00419000,419.0,0,0.0,0.0,,0.0,normalDay
2023-06-21,12782.0,106.0,0.0,0,434.94,0.0,1,1.27,0.21,SPY230630P00419000,419.0,0,0.0,0.0,,0.0,normalDay
2023-06-22,12782.0,116.0,0.0,0,436.51,0.0,1,1.27,0.11,SPY230630P00419000,419.0,0,0.0,0.0,,0.0,normalDay
2023-06-23,12782.0,111.0,0.0,0,433.21,0.0,1,1.27,0.16,SPY230630P00419000,419.0,0,0.0,0.0,,0.0,normalDay
2023-06-26,12782.0,113.0,0.0,0,431.44,0.0,1,1.27,0.14,SPY230630P00419000,419.0,0,0.0,0.0,,0.0,normalDay
2023-06-27,12782.0,119.0,0.0,0,436.17,0.0,1,1.27,0.08,SPY230630P00419000,419.0,0,0.0,0.0,,0.0,normalDay
2023-06-28,12782.0,123.0,0.0,0,436.39,0.0,1,1.27,0.04,SPY230630P00419000,419.0,0,0.0,0.0,,0.0,normalDay
2023-06-29,12782.0,124.0,0.0,0,438.11,0.0,1,1.27,0.03,SPY230630P00419000,419.0,0,0.0,0.0,,0.0,normalDay
2023-06-30,12909.0,0.0,127.0,0,443.28,0.0,1,1.27,0.0,SPY230630P00419000,419.0,0,0.0,0.0,,0.0,expirationDay
2023-07-03,12909.0,-5.0,0.0,0,443.79,0.0,1,1.18,1.23,SPY230721P00434000,434.0,0,0.0,0.0,,0.0,normalDay
2023-07-05,12909.0,-11.0,0.0,0,443.13,0.0,1,1.18,1.29,SPY230721P00434000,434.0,0,0.0,0.0,,0.0,normalDay
2023-07-06,12909.0,-93.0,0.0,0,439.66,0.0,1,1.18,2.11,SPY230721P00434000,434.0,0,0.0,0.0,,0.0,normalDay
2023-07-07,12909.0,-70.0,0.0,0,438.55,0.0,1,1.18,1.88,SPY230721P00434000,434.0,0,0.0,0.0,,0.0,normalDay
2023-07-10,12909.0,-34.0,0.0,0,439.66,0.0,1,1.18,1.52,SPY230721P00434000,434.0,0,0.0,0.0,,0.0,normalDay
2023-07-11,12909.0,14.0,0.0,0,442.46,0.0,1,1.18,1.04,SPY230721P00434000,434.0,0,0.0,0.0,,0.0,normalDay
2023-07-12,12909.0,86.0,0.0,0,446.02,0.0,1,1.18,0.32,SPY230721P00434000,434.0,0,0.0,0.0,,0.0,normalDay
2023-07-13,12909.0,96.0,0.0,0,449.56,0.0,1,1.18,0.22,SPY230721P00434000,434.0,0,0.0,0.0,,0.0,normalDay
2023-07-14,12909.0,104.0,0.0,0,449.28,0.0,1,1.18,0.14,SPY230721P00434000,434.0,0,0.0,0.0,,0.0,normalDay
2023-07-17,12909.0,111.0,0.0,0,450.84,0.0,1,1.18,0.07,SPY230721P00434000,434.0,0,0.0,0.0,,0.0,normalDay
2023-07-18,12909.0,112.0,0.0,0,454.19,0.0,1,1.18,0.06,SPY230721P00434000,434.0,0,0.0,0.0,,0.0,normalDay
2023-07-19,12909.0,114.0,0.0,0,455.2,0.0,1,1.18,0.04,SPY230721P00434000,434.0,0,0.0,0.0,,0.0,normalDay
2023-07-20,12909.0,114.0,0.0,0,452.18,0.0,1,1.18,0.04,SPY230721P00434000,434.0,0,0.0,0.0,,0.0,normalDay
2023-07-21,13027.0,0.0,118.0,0,452.18,0.0,1,1.18,0.0,SPY230721P00434000,434.0,0,0.0,0.0,,0.0,expirationDay
2023-07-24,13027.0,-3.0,0.0,0,454.2,0.0,1,1.22,1.25,SPY230811P00442500,442.5,0,0.0,0.0,,0.0,normalDay
2023-07-25,13027.0,14.0,0.0,0,455.44,0.0,1,1.22,1.08,SPY230811P00442500,442.5,0,0.0,0.0,,0.0,normalDay
2023-07-26,13027.0,43.0,0.0,0,455.51,0.0,1,1.22,0.79,SPY230811P00442500,442.5,0,0.0,0.0,,0.0,normalDay
2023-07-27,13027.0,-10.0,0.0,0,452.49,0.0,1,1.22,1.32,SPY230811P00442500,442.5,0,0.0,0.0,,0.0,normalDay
2023-07-28,13027.0,67.0,0.0,0,456.92,0.0,1,1.22,0.55,SPY230811P00442500,442.5,0,0.0,0.0,,0.0,normalDay
2023-07-31,13027.0,80.0,0.0,0,457.79,0.0,1,1.22,0.42,SPY230811P00442500,442.5,0,0.0,0.0,,0.0,normalDay
2023-08-01,13027.0,77.0,0.0,0,456.48,0.0,1,1.22,0.45,SPY230811P00442500,442.5,0,0.0,0.0,,0.0,normalDay
2023-08-02,13027.0,-13.0,0.0,0,450.13,0.0,1,1.22,1.35,SPY230811P00442500,442.5,0,0.0,0.0,,0.0,normalDay
2023-08-03,13027.0,3.0,0.0,0,448.84,0.0,1,1.22,1.19,SPY230811P00442500,442.5,0,0.0,0.0,,0.0,normalDay
2023-08-04,13027.0,-56.0,0.0,0,446.81,0.0,1,1.22,1.78,SPY230811P00442500,442.5,0,0.0,0.0,,0.0,normalDay
2023-08-07,13027.0,72.0,0.0,0,450.71,0.0,1,1.22,0.5,SPY230811P00442500,442.5,0,0.0,0.0,,0.0,normalDay
2023-08-08,13027.0,62.0,0.0,0,448.75,0.0,1,1.22,0.6,SPY230811P00442500,442.5,0,0.0,0.0,,0.0,normalDay
2023-08-09,13027.0,20.0,0.0,0,445.75,0.0,1,1.22,1.02,SPY230811P00442500,442.5,0,0.0,0.0,,0.0,normalDay
2023-08-10,13027.0,69.0,0.0,0,445.91,0.0,1,1.22,0.53,SPY230811P00442500,442.5,0,0.0,0.0,,0.0,normalDay
2023-08-11,13149.0,0.0,122.0,0,445.65,0.0,1,1.22,0.0,SPY230811P00442500,442.5,0,0.0,0.0,,0.0,expirationDay
2023-08-14,13149.0,-3.0,0.0,0,448.11,0.0,1,5.38,5.41,SPY230901P00450000,450.0,0,0.0,0.0,,0.0,normalDay
2023-08-15,13149.0,-344.0,0.0,0,442.89,0.0,1,5.38,8.82,SPY230901P00450000,450.0,0,0.0,0.0,,0.0,normalDay
2023-08-16,13149.0,-555.0,0.0,0,439.64,0.0,1,5.38,10.93,SPY230901P00450000,450.0,0,0.0,0.0,,0.0,normalDay
2023-08-17,13149.0,-873.0,0.0,0,436.29,0.0,1,5.38,14.11,SPY230901P00450000,450.0,0,0.0,0.0,,0.0,normalDay
2023-08-18,13149.0,-833.0,0.0,0,436.5,0.0,1,5.38,13.71,SPY230901P00450000,450.0,0,0.0,0.0,,0.0,normalDay
2023-08-21,13149.0,-597.0,0.0,0,439.34,0.0,1,5.38,11.35,SPY230901P00450000,450.0,0,0.0,0.0,,0.0,normalDay
2023-08-22,13149.0,-669.0,0.0,0,438.15,0.0,1,5.38,12.07,SPY230901P00450000,450.0,0,0.0,0.0,,0.0,normalDay
2023-08-23,13149.0,-237.0,0.0,0,443.03,0.0,1,5.38,7.75,SPY230901P00450000,450.0,0,0.0,0.0,,0.0,normalDay
2023-08-24,13149.0,-791.0,0.0,0,436.89,0.0,1,5.38,13.29,SPY230901P00450000,450.0,0,0.0,0.0,,0.0,normalDay
2023-08-25,13149.0,-480.0,0.0,0,439.97,0.0,1,5.38,10.18,SPY230901P00450000,450.0,0,0.0,0.0,,0.0,normalDay
2023-08-28,13149.0,-200.0,0.0,0,442.76,0.0,1,5.38,7.38,SPY230901P00450000,450.0,0,0.0,0.0,,0.0,normalDay
2023-08-29,13149.0,291.0,0.0,0,449.16,0.0,1,5.38,2.47,SPY230901P00450000,450.0,0,0.0,0.0,,0.0,normalDay
2023-08-30,13149.0,409.0,0.0,0,451.01,0.0,1,5.38,1.29,SPY230901P00450000,450.0,0,0.0,0.0,,0.0,normalDay
2023-08-31,13149.0,439.0,0.0,0,450.35,0.0,1,5.38,0.99,SPY230901P00450000,450.0,0,0.0,0.0,,0.0,normalDay
2023-09-01,13687.0,0.0,538.0,0,451.19,0.0,1,5.38,0.0,SPY230901P00450000,450.0,0,0.0,0.0,,0.0,expirationDay
2023-09-05,13687.0,-4.0,0.0,0,449.24,0.0,1,2.45,2.49,SPY230922P00442500,442.5,0,0.0,0.0,,0.0,normalDay
2023-09-06,13687.0,-97.0,0.0,0,446.22,0.0,1,2.45,3.42,SPY230922P00442500,442.5,0,0.0,0.0,,0.0,normalDay
2023-09-07,13687.0,-136.0,0.0,0,444.85,0.0,1,2.45,3.81,SPY230922P00442500,442.5,0,0.0,0.0,,0.0,normalDay
2023-09-08,13687.0,-54.0,0.0,0,445.52,0.0,1,2.45,2.99,SPY230922P00442500,442.5,0,0.0,0.0,,0.0,normalDay
2023-09-11,13687.0,55.0,0.0,0,448.45,0.0,1,2.45,1.9,SPY230922P00442500,442.5,0,0.0,0.0,,0.0,normalDay
2023-09-12,13687.0,-16.0,0.0,0,445.99,0.0,1,2.45,2.61,SPY230922P00442500,442.5,0,0.0,0.0,,0.0,normalDay
2023-09-13,13687.0,55.0,0.0,0,446.51,0.0,1,2.45,1.9,SPY230922P00442500,442.5,0,0.0,0.0,,0.0,normalDay
2023-09-14,13687.0,172.0,0.0,0,450.36,0.0,1,2.45,0.73,SPY230922P00442500,442.5,0,0.0,0.0,,0.0,normalDay
2023-09-15,13687.0,29.0,0.0,0,443.37,0.0,1,2.45,2.16,SPY230922P00442500,442.5,0,0.0,0.0,,0.0,normalDay
2023-09-18,13687.0,63.0,0.0,0,443.63,0.0,1,2.45,1.82,SPY230922P00442500,442.5,0,0.0,0.0,,0.0,normalDay
2023-09-19,13687.0,40.0,0.0,0,442.71,0.0,1,2.45,2.05,SPY230922P00442500,442.5,0,0.0,0.0,,0.0,normalDay
2023-09-20,13687.0,-207.0,0.0,0,438.64,0.0,1,2.45,4.52,SPY230922P00442500,442.5,0,0.0,0.0,,0.0,normalDay
2023-09-21,13687.0,-886.0,0.0,0,431.39,0.0,1,2.45,11.31,SPY230922P00442500,442.5,0,0.0,0.0,,0.0,normalDay
2023-09-22,13932.0,-1208.0,245.0,100,430.42,442.5,1,2.45,0.0,SPY230922P00442500,442.5,0,0.0,0.0,,0.0,expirationDay
2023-09-25,13932.0,-1031.0,0.0,100,432.23,442.5,0,0.0,0.0,,0.0,1,5.47,5.51,SPY231117C00444000,444.0,normalDay
2023-09-26,13932.0,-1502.0,0.0,100,425.88,442.5,0,0.0,0.0,,0.0,1,5.47,3.87,SPY231117C00444000,444.0,normalDay
2023-09-27,13932.0,-1457.0,0.0,100,426.05,442.5,0,0.0,0.0,,0.0,1,5.47,3.59,SPY231117C00444000,444.0,normalDay
2023-09-28,13932.0,-1233.0,0.0,100,428.52,442.5,0,0.0,0.0,,0.0,1,5.47,3.82,SPY231117C00444000,444.0,normalDay
2023-09-29,13932.0,-1324.0,0.0,100,427.48,442.5,0,0.0,0.0,,0.0,1,5.47,3.69,SPY231117C00444000,444.0,normalDay
2023-10-02,13932.0,-1313.0,0.0,100,427.31,442.5,0,0.0,0.0,,0.0,1,5.47,3.41,SPY231117C00444000,444.0,normalDay
2023-10-03,13932.0,-1785.0,0.0,100,421.59,442.5,0,0.0,0.0,,0.0,1,5.47,2.41,SPY231117C00444000,444.0,normalDay
2023-10-04,13932.0,-1507.0,0.0,100,424.66,442.5,0,0.0,0.0,,0.0,1,5.47,2.7,SPY231117C00444000,444.0,normalDay
2023-10-05,13932.0,-1496.0,0.0,100,424.5,442.5,0,0.0,0.0,,0.0,1,5.47,2.43,SPY231117C00444000,444.0,normalDay
2023-10-06,13932.0,-1125.0,0.0,100,429.54,442.5,0,0.0,0.0,,0.0,1,5.47,3.76,SPY231117C00444000,444.0,normalDay
2023-10-09,13932.0,-919.0,0.0,100,432.29,442.5,0,0.0,0.0,,0.0,1,5.47,4.45,SPY231117C00444000,444.0,normalDay
2023-10-10,13932.0,-736.0,0.0,100,434.54,442.5,0,0.0,0.0,,0.0,1,5.47,4.87,SPY231117C00444000,444.0,normalDay
2023-10-11,13932.0,-610.0,0.0,100,436.32,442.5,0,0.0,0.0,,0.0,1,5.47,5.39,SPY231117C00444000,444.0,normalDay
2023-10-12,13932.0,-735.0,0.0,100,433.66,442.5,0,0.0,0.0,,0.0,1,5.47,3.98,SPY231117C00444000,444.0,normalDay
2023-10-13,13932.0,-888.0,0.0,100,431.5,442.5,0,0.0,0.0,,0.0,1,5.47,3.35,SPY231117C00444000,444.0,normalDay
2023-10-16,13932.0,-554.0,0.0,100,436.04,442.5,0,0.0,0.0,,0.0,1,5.47,4.55,SPY231117C00444000,444.0,normalDay
2023-10-17,13932.0,-542.0,0.0,100,436.02,442.5,0,0.0,0.0,,0.0,1,5.47,4.41,SPY231117C00444000,444.0,normalDay
2023-10-18,13932.0,-964.0,0.0,100,430.21,442.5,0,0.0,0.0,,0.0,1,5.47,2.82,SPY231117C00444000,444.0,normalDay
2023-10-19,13932.0,-1240.0,0.0,100,426.43,442.5,0,0.0,0.0,,0.0,1,5.47,1.8,SPY231117C00444000,444.0,normalDay
2023-10-20,13932.0,-1683.0,0.0,100,421.19,442.5,0,0.0,0.0,,0.0,1,5.47,0.99,SPY231117C00444000,444.0,normalDay
2023-10-23,13932.0,-1730.0,0.0,100,420.46,442.5,0,0.0,0.0,,0.0,1,5.47,0.73,SPY231117C00444000,444.0,normalDay
2023-10-24,13932.0,-1425.0,0.0,100,423.63,442.5,0,0.0,0.0,,0.0,1,5.47,0.85,SPY231117C00444000,444.0,normalDay
2023-10-25,13932.0,-1983.0,0.0,100,417.55,442.5,0,0.0,0.0,,0.0,1,5.47,0.35,SPY231117C00444000,444.0,normalDay
2023-10-26,13932.0,-2466.0,0.0,100,412.55,442.5,0,0.0,0.0,,0.0,1,5.47,0.18,SPY231117C00444000,444.0,normalDay
2023-10-27,13932.0,-2646.0,0.0,100,410.68,442.5,0,0.0,0.0,,0.0,1,5.47,0.11,SPY231117C00444000,444.0,normalDay
2023-10-30,13932.0,-2158.0,0.0,100,415.59,442.5,0,0.0,0.0,,0.0,1,5.47,0.14,SPY231117C00444000,444.0,normalDay
2023-10-31,13932.0,-1895.0,0.0,100,418.2,442.5,0,0.0,0.0,,0.0,1,5.47,0.12,SPY231117C00444000,444.0,normalDay
2023-11-01,13932.0,-1458.0,0.0,100,422.66,442.5,0,0.0,0.0,,0.0,1,5.47,0.21,SPY231117C00444000,444.0,normalDay
2023-11-02,13932.0,-690.0,0.0,100,430.76,442.5,0,0.0,0.0,,0.0,1,5.47,0.63,SPY231117C00444000,444.0,normalDay
2023-11-03,13932.0,-349.0,0.0,100,434.69,442.5,0,0.0,0.0,,0.0,1,5.47,1.15,SPY231117C00444000,444.0,normalDay
2023-11-06,13932.0,-227.0,0.0,100,435.69,442.5,0,0.0,0.0,,0.0,1,5.47,0.93,SPY231117C00444000,444.0,normalDay
2023-11-07,13932.0,-124.0,0.0,100,436.93,442.5,0,0.0,0.0,,0.0,1,5.47,1.14,SPY231117C00444000,444.0,normalDay
2023-11-08,13932.0,-74.0,0.0,100,437.25,442.5,0,0.0,0.0,,0.0,1,5.47,0.96,SPY231117C00444000,444.0,normalDay
2023-11-09,13932.0,-359.0,0.0,100,433.84,442.5,0,0.0,0.0,,0.0,1,5.47,0.4,SPY231117C00444000,444.0,normalDay
2023-11-10,13932.0,199.0,0.0,100,440.61,442.5,0,0.0,0.0,,0.0,1,5.47,1.59,SPY231117C00444000,444.0,normalDay
2023-11-13,13932.0,180.0,0.0,100,440.19,442.5,0,0.0,0.0,,0.0,1,5.47,1.36,SPY231117C00444000,444.0,normalDay
2023-11-14,13932.0,570.0,0.0,100,448.73,442.5,0,0.0,0.0,,0.0,1,5.47,6.0,SPY231117C00444000,444.0,normalDay
2023-11-15,13932.0,680.0,0.0,100,449.68,442.5,0,0.0,0.0,,0.0,1,5.47,5.85,SPY231117C00444000,444.0,normalDay
2023-11-16,13932.0,677.0,0.0,100,450.23,442.5,0,0.0,0.0,,0.0,1,5.47,6.43,SPY231117C00444000,444.0,normalDay
2023-11-17,14629.0,677.0,697.0,0,450.79,0.0,0,0.0,0.0,,0.0,1,5.47,0.0,SPY231117C00444000,444.0,expirationDay
2023-11-20,14629.0,-3.0,0.0,0,454.26,0.0,1,0.31,0.34,SPY231208P00429000,429.0,0,0.0,0.0,,0.0,normalDay
2023-11-21,14629.0,-2.0,0.0,0,453.27,0.0,1,0.31,0.33,SPY231208P00429000,429.0,0,0.0,0.0,,0.0,normalDay
2023-11-22,14629.0,8.0,0.0,0,455.02,0.0,1,0.31,0.23,SPY231208P00429000,429.0,0,0.0,0.0,,0.0,normalDay
2023-11-24,14629.0,14.0,0.0,0,455.3,0.0,1,0.31,0.17,SPY231208P00429000,429.0,0,0.0,0.0,,0.0,normalDay
2023-11-27,14629.0,16.0,0.0,0,454.48,0.0,1,0.31,0.15,SPY231208P00429000,429.0,0,0.0,0.0,,0.0,normalDay
2023-11-28,14629.0,18.0,0.0,0,454.93,0.0,1,0.31,0.13,SPY231208P00429000,429.0,0,0.0,0.0,,0.0,normalDay
2023-11-29,14629.0,19.0,0.0,0,454.61,0.0,1,0.31,0.12,SPY231208P00429000,429.0,0,0.0,0.0,,0.0,normalDay
2023-11-30,14629.0,23.0,0.0,0,456.4,0.0,1,0.31,0.08,SPY231208P00429000,429.0,0,0.0,0.0,,0.0,normalDay
