date,totalCapital,unrializedPnL,rializedPnL,stocksOwned,stocksPriceToday,stocksPriceBoughtAt,putOwned,putOwnedSoldAt,putPriceToday,putOwnedContract,putOwnedStrike,callOwned,callOwnedSoldAt,callPriceToday,callOwnedContract,callOwnedStrike,trackType
2018-11-01,0.0,-4.0,0.0,0,273.51,0.0,1,0.34,0.38,SPY181112P00255000,255.0,0,0.0,0.0,,0.0,normalDay
2018-11-02,0.0,2.0,0.0,0,271.89,0.0,1,0.34,0.32,SPY181112P00255000,255.0,0,0.0,0.0,,0.0,normalDay
2018-11-05,0.0,15.0,0.0,0,273.39,0.0,1,0.34,0.19,SPY181112P00255000,255.0,0,0.0,0.0,,0.0,normalDay
2018-11-06,0.0,18.0,0.0,0,275.12,0.0,1,0.34,0.16,SPY181112P00255000,255.0,0,0.0,0.0,,0.0,normalDay
2018-11-07,0.0,31.0,0.0,0,281.01,0.0,1,0.34,0.03,SPY181112P00255000,255.0,0,0.0,0.0,,0.0,normalDay
2018-11-08,0.0,32.0,0.0,0,280.5,0.0,1,0.34,0.02,SPY181112P00255000,255.0,0,0.0,0.0,,0.0,normalDay
2018-11-09,0.0,33.0,0.0,0,277.76,0.0,1,0.34,0.01,SPY181112P00255000,255.0,0,0.0,0.0,,0.0,normalDay
2018-11-12,34.0,0.0,34.0,0,272.57,0.0,1,0.34,0.0,SPY181112P00255000,255.0,0,0.0,0.0,,0.0,expirationDay
2018-11-13,34.0,-4.0,0.0,0,272.06,0.0,1,0.52,0.56,SPY181123P00259000,259.0,0,0.0,0.0,,0.0,normalDay
2018-11-14,34.0,-22.0,0.0,0,270.2,0.0,1,0.52,0.74,SPY181123P00259000,259.0,0,0.0,0.0,,0.0,normalDay
2018-11-15,34.0,21.0,0.0,0,273.02,0.0,1,0.52,0.31,SPY181123P00259000,259.0,0,0.0,0.0,,0.0,normalDay
2018-11-16,34.0,41.0,0.0,0,273.73,0.0,1,0.52,0.11,SPY181123P00259000,259.0,0,0.0,0.0,,0.0,normalDay
2018-11-19,34.0,32.0,0.0,0,269.1,0.0,1,0.52,0.2,SPY181123P00259000,259.0,0,0.0,0.0,,0.0,normalDay
2018-11-20,34.0,-12.0,0.0,0,264.12,0.0,1,0.52,0.64,SPY181123P00259000,259.0,0,0.0,0.0,,0.0,normalDay
2018-11-21,34.0,43.0,0.0,0,265.02,0.0,1,0.52,0.09,SPY181123P00259000,259.0,0,0.0,0.0,,0.0,normalDay
2018-11-23,86.0,0.0,52.0,0,263.25,0.0,1,0.52,0.0,SPY181123P00259000,259.0,0,0.0,0.0,,0.0,expirationDay
2018-11-26,86.0,-4.0,0.0,0,267.5,0.0,1,0.67,0.71,SPY181207P00257000,257.0,0,0.0,0.0,,0.0,normalDay
2018-11-27,86.0,-2.0,0.0,0,268.4,0.0,1,0.67,0.69,SPY181207P00257000,257.0,0,0.0,0.0,,0.0,normalDay
2018-11-28,86.0,40.0,0.0,0,274.58,0.0,1,0.67,0.27,SPY181207P00257000,257.0,0,0.0,0.0,,0.0,normalDay
2018-11-29,86.0,38.0,0.0,0,273.98,0.0,1,0.67,0.29,SPY181207P00257000,257.0,0,0.0,0.0,,0.0,normalDay
2018-11-30,86.0,51.0,0.0,0,275.65,0.0,1,0.67,0.16,SPY181207P00257000,257.0,0,0.0,0.0,,0.0,normalDay
2018-12-03,86.0,64.0,0.0,0,279.3,0.0,1,0.67,0.03,SPY181207P00257000,257.0,0,0.0,0.0,,0.0,normalDay
2018-12-04,86.0,47.0,0.0,0,270.25,0.0,1,0.67,0.2,SPY181207P00257000,257.0,0,0.0,0.0,,0.0,normalDay
2018-12-06,86.0,64.0,0.0,0,269.84,0.0,1,0.67,0.03,SPY181207P00257000,257.0,0,0.0,0.0,,0.0,normalDay
2018-12-07,153.0,0.0,67.0,0,263.57,0.0,1,0.67,0.0,SPY181207P00257000,257.0,0,0.0,0.0,,0.0,expirationDay
2018-12-10,153.0,-6.0,0.0,0,264.07,0.0,1,2.03,2.09,SPY181221P00257000,257.0,0,0.0,0.0,,0.0,normalDay
2018-12-11,153.0,20.0,0.0,0,264.13,0.0,1,2.03,1.83,SPY181221P00257000,257.0,0,0.0,0.0,,0.0,normalDay
2018-12-12,153.0,60.0,0.0,0,265.46,0.0,1,2.03,1.43,SPY181221P00257000,257.0,0,0.0,0.0,,0.0,normalDay
2018-12-13,153.0,97.0,0.0,0,265.37,0.0,1,2.03,1.06,SPY181221P00257000,257.0,0,0.0,0.0,,0.0,normalDay
2018-12-14,153.0,-18.0,0.0,0,260.47,0.0,1,2.03,2.21,SPY181221P00257000,257.0,0,0.0,0.0,,0.0,normalDay
2018-12-17,153.0,-274.0,0.0,0,255.36,0.0,1,2.03,4.77,SPY181221P00257000,257.0,0,0.0,0.0,,0.0,normalDay
2018-12-18,153.0,-340.0,0.0,0,255.08,0.0,1,2.03,5.43,SPY181221P00257000,257.0,0,0.0,0.0,,0.0,normalDay
2018-12-19,153.0,-532.0,0.0,0,251.26,0.0,1,2.03,7.35,SPY181221P00257000,257.0,0,0.0,0.0,,0.0,normalDay
2018-12-20,153.0,-861.0,0.0,0,247.17,0.0,1,2.03,10.64,SPY181221P00257000,257.0,0,0.0,0.0,,0.0,normalDay
2018-12-21,356.0,-1630.0,203.0,100,240.7,257.0,1,2.03,0.0,SPY181221P00257000,257.0,0,0.0,0.0,,0.0,expirationDay
2018-12-24,356.0,-2266.0,0.0,100,234.34,257.0,0,0.0,0.0,,0.0,0,0.0,0.0,,0.0,bidTooLow
2018-12-26,356.0,-1082.0,0.0,100,246.18,257.0,0,0.0,0.0,,0.0,0,0.0,0.0,,0.0,bidTooLow
2018-12-27,356.0,-893.0,0.0,100,248.07,257.0,0,0.0,0.0,,0.0,0,0.0,0.0,,0.0,bidTooLow
2018-12-28,356.0,-925.0,0.0,100,247.75,257.0,0,0.0,0.0,,0.0,0,0.0,0.0,,0.0,bidTooLow
2018-12-31,356.0,-708.0,0.0,100,249.92,257.0,0,0.0,0.0,,0.0,0,0.0,0.0,,0.0,bidTooLow
2019-01-02,356.0,-682.0,0.0,100,250.18,257.0,0,0.0,0.0,,0.0,0,0.0,0.0,,0.0,bidTooLow
2019-01-03,356.0,-1279.0,0.0,100,244.21,257.0,0,0.0,0.0,,0.0,0,0.0,0.0,,0.0,bidTooLow
2019-01-04,356.0,-461.0,0.0,100,252.39,257.0,0,0.0,0.0,,0.0,0,0.0,0.0,,0.0,bidTooLow
2019-01-07,356.0,-262.0,0.0,100,254.38,257.0,0,0.0,0.0,,0.0,0,0.0,0.0,,0.0,bidTooLow
2019-01-08,356.0,-23.0,0.0,100,256.77,257.0,0,0.0,0.0,,0.0,0,0.0,0.0,,0.0,bidTooLow
2019-01-09,356.0,94.0,0.0,100,257.97,257.0,0,0.0,0.0,,0.0,1,0.05,0.08,SPY190128C00275000,275.0,normalDay
2019-01-10,356.0,185.0,0.0,100,258.88,257.0,0,0.0,0.0,,0.0,1,0.05,0.08,SPY190128C00275000,275.0,normalDay
2019-01-11,356.0,198.0,0.0,100,258.98,257.0,0,0.0,0.0,,0.0,1,0.05,0.05,SPY190128C00275000,275.0,normalDay
2019-01-14,356.0,41.0,0.0,100,257.4,257.0,0,0.0,0.0,,0.0,1,0.05,0.04,SPY190128C00275000,275.0,normalDay
2019-01-15,356.0,335.0,0.0,100,260.35,257.0,0,0.0,0.0,,0.0,1,0.05,0.05,SPY190128C00275000,275.0,normalDay
2019-01-16,356.0,397.0,0.0,100,260.98,257.0,0,0.0,0.0,,0.0,1,0.05,0.06,SPY190128C00275000,275.0,normalDay
2019-01-17,356.0,594.0,0.0,100,262.96,257.0,0,0.0,0.0,,0.0,1,0.05,0.07,SPY190128C00275000,275.0,normalDay
2019-01-18,356.0,934.0,0.0,100,266.46,257.0,0,0.0,0.0,,0.0,1,0.05,0.17,SPY190128C00275000,275.0,normalDay
2019-01-22,356.0,588.0,0.0,100,262.86,257.0,0,0.0,0.0,,0.0,1,0.05,0.03,SPY190128C00275000,275.0,normalDay
2019-01-23,356.0,645.0,0.0,100,263.41,257.0,0,0.0,0.0,,0.0,1,0.05,0.01,SPY190128C00275000,275.0,normalDay
2019-01-24,356.0,659.0,0.0,100,263.55,257.0,0,0.0,0.0,,0.0,1,0.05,0.01,SPY190128C00275000,275.0,normalDay
2019-01-25,356.0,882.0,0.0,100,265.78,257.0,0,0.0,0.0,,0.0,1,0.05,0.01,SPY190128C00275000,275.0,normalDay
2019-01-28,361.0,676.0,5.0,100,263.76,257.0,0,0.0,0.0,,0.0,1,0.05,0.0,SPY190128C00275000,275.0,expirationDay
2019-01-29,361.0,638.0,0.0,100,263.41,257.0,0,0.0,0.0,,0.0,1,0.04,0.07,SPY190215C00281000,281.0,normalDay
2019-01-30,361.0,1048.0,0.0,100,267.58,257.0,0,0.0,0.0,,0.0,1,0.04,0.14,SPY190215C00281000,281.0,normalDay
2019-01-31,361.0,1274.0,0.0,100,269.93,257.0,0,0.0,0.0,,0.0,1,0.04,0.23,SPY190215C00281000,281.0,normalDay
2019-02-01,361.0,1295.0,0.0,100,270.06,257.0,0,0.0,0.0,,0.0,1,0.04,0.15,SPY190215C00281000,281.0,normalDay
2019-02-04,361.0,1485.0,0.0,100,271.96,257.0,0,0.0,0.0,,0.0,1,0.04,0.15,SPY190215C00281000,281.0,normalDay
2019-02-05,361.0,1597.0,0.0,100,273.1,257.0,0,0.0,0.0,,0.0,1,0.04,0.17,SPY190215C00281000,281.0,normalDay
2019-02-06,361.0,1568.0,0.0,100,272.74,257.0,0,0.0,0.0,,0.0,1,0.04,0.1,SPY190215C00281000,281.0,normalDay
2019-02-07,361.0,1316.0,0.0,100,270.14,257.0,0,0.0,0.0,,0.0,1,0.04,0.02,SPY190215C00281000,281.0,normalDay
2019-02-08,361.0,1349.0,0.0,100,270.47,257.0,0,0.0,0.0,,0.0,1,0.04,0.02,SPY190215C00281000,281.0,normalDay
2019-02-11,361.0,1364.0,0.0,100,270.62,257.0,0,0.0,0.0,,0.0,1,0.04,0.02,SPY190215C00281000,281.0,normalDay
2019-02-12,361.0,1711.0,0.0,100,274.1,257.0,0,0.0,0.0,,0.0,1,0.04,0.03,SPY190215C00281000,281.0,normalDay
2019-02-13,361.0,1800.0,0.0,100,274.99,257.0,0,0.0,0.0,,0.0,1,0.04,0.03,SPY190215C00281000,281.0,normalDay
2019-02-14,361.0,1741.0,0.0,100,274.38,257.0,0,0.0,0.0,,0.0,1,0.04,0.01,SPY190215C00281000,281.0,normalDay
2019-02-15,365.0,2037.0,4.0,100,277.37,257.0,0,0.0,0.0,,0.0,1,0.04,0.0,SPY190215C00281000,281.0,expirationDay
2019-02-19,365.0,2082.0,0.0,100,277.85,257.0,0,0.0,0.0,,0.0,1,0.13,0.16,SPY190308C00287500,287.5,normalDay
2019-02-20,365.0,2139.0,0.0,100,278.41,257.0,0,0.0,0.0,,0.0,1,0.13,0.15,SPY190308C00287500,287.5,normalDay
2019-02-21,365.0,2046.0,0.0,100,277.42,257.0,0,0.0,0.0,,0.0,1,0.13,0.09,SPY190308C00287500,287.5,normalDay
2019-02-22,365.0,2215.0,0.0,100,279.14,257.0,0,0.0,0.0,,0.0,1,0.13,0.12,SPY190308C00287500,287.5,normalDay
2019-02-25,365.0,2251.0,0.0,100,279.52,257.0,0,0.0,0.0,,0.0,1,0.13,0.14,SPY190308C00287500,287.5,normalDay
2019-02-26,365.0,2236.0,0.0,100,279.32,257.0,0,0.0,0.0,,0.0,1,0.13,0.09,SPY190308C00287500,287.5,normalDay
2019-02-27,365.0,2227.0,0.0,100,279.2,257.0,0,0.0,0.0,,0.0,1,0.13,0.06,SPY190308C00287500,287.5,normalDay
2019-02-28,365.0,2178.0,0.0,100,278.68,257.0,0,0.0,0.0,,0.0,1,0.13,0.03,SPY190308C00287500,287.5,normalDay
2019-03-01,365.0,2352.0,0.0,100,280.42,257.0,0,0.0,0.0,,0.0,1,0.13,0.03,SPY190308C00287500,287.5,normalDay
2019-03-04,365.0,2251.0,0.0,100,279.4,257.0,0,0.0,0.0,,0.0,1,0.13,0.02,SPY190308C00287500,287.5,normalDay
2019-03-05,365.0,2214.0,0.0,100,279.02,257.0,0,0.0,0.0,,0.0,1,0.13,0.01,SPY190308C00287500,287.5,normalDay
2019-03-06,365.0,2045.0,0.0,100,277.33,257.0,0,0.0,0.0,,0.0,1,0.13,0.01,SPY190308C00287500,287.5,normalDay
2019-03-07,365.0,1813.0,0.0,100,275.01,257.0,0,0.0,0.0,,0.0,1,0.13,0.01,SPY190308C00287500,287.5,normalDay
2019-03-08,378.0,1746.0,13.0,100,274.46,257.0,0,0.0,0.0,,0.0,1,0.13,0.0,SPY190308C00287500,287.5,expirationDay
2019-03-11,378.0,2141.0,0.0,100,278.44,257.0,0,0.0,0.0,,0.0,1,0.11,0.14,SPY190329C00287000,287.0,normalDay
2019-03-12,378.0,2245.0,0.0,100,279.49,257.0,0,0.0,0.0,,0.0,1,0.11,0.15,SPY190329C00287000,287.0,normalDay
2019-03-13,378.0,2408.0,0.0,100,281.34,257.0,0,0.0,0.0,,0.0,1,0.11,0.37,SPY190329C00287000,287.0,normalDay
2019-03-14,378.0,2400.0,0.0,100,281.16,257.0,0,0.0,0.0,,0.0,1,0.11,0.27,SPY190329C00287000,287.0,normalDay
2019-03-15,378.0,2406.0,0.0,100,281.31,257.0,0,0.0,0.0,,0.0,1,0.11,0.36,SPY190329C00287000,287.0,normalDay
2019-03-18,378.0,2490.0,0.0,100,282.33,257.0,0,0.0,0.0,,0.0,1,0.11,0.54,SPY190329C00287000,287.0,normalDay
2019-03-19,378.0,2501.0,0.0,100,282.4,257.0,0,0.0,0.0,,0.0,1,0.11,0.5,SPY190329C00287000,287.0,normalDay
2019-03-20,378.0,2436.0,0.0,100,281.55,257.0,0,0.0,0.0,,0.0,1,0.11,0.3,SPY190329C00287000,287.0,normalDay
2019-03-21,378.0,2686.0,0.0,100,284.73,257.0,0,0.0,0.0,,0.0,1,0.11,0.98,SPY190329C00287000,287.0,normalDay
2019-03-22,378.0,2216.0,0.0,100,279.25,257.0,0,0.0,0.0,,0.0,1,0.11,0.2,SPY190329C00287000,287.0,normalDay
2019-03-25,378.0,2209.0,0.0,100,279.04,257.0,0,0.0,0.0,,0.0,1,0.11,0.06,SPY190329C00287000,287.0,normalDay
2019-03-26,378.0,2418.0,0.0,100,281.12,257.0,0,0.0,0.0,,0.0,1,0.11,0.05,SPY190329C00287000,287.0,normalDay
2019-03-27,378.0,2274.0,0.0,100,279.65,257.0,0,0.0,0.0,,0.0,1,0.11,0.02,SPY190329C00287000,287.0,normalDay
2019-03-28,378.0,2381.0,0.0,100,280.71,257.0,0,0.0,0.0,,0.0,1,0.11,0.01,SPY190329C00287000,287.0,normalDay
2019-03-29,389.0,2548.0,11.0,100,282.48,257.0,0,0.0,0.0,,0.0,1,0.11,0.0,SPY190329C00287000,287.0,expirationDay
2019-04-01,389.0,2880.0,0.0,100,285.83,257.0,0,0.0,0.0,,0.0,1,0.63,0.66,SPY190418C00291000,291.0,normalDay
2019-04-02,389.0,2902.0,0.0,100,285.97,257.0,0,0.0,0.0,,0.0,1,0.63,0.58,SPY190418C00291000,291.0,normalDay
2019-04-03,389.0,2924.0,0.0,100,286.42,257.0,0,0.0,0.0,,0.0,1,0.63,0.81,SPY190418C00291000,291.0,normalDay
2019-04-04,389.0,2997.0,0.0,100,287.18,257.0,0,0.0,0.0,,0.0,1,0.63,0.84,SPY190418C00291000,291.0,normalDay
2019-04-05,389.0,3119.0,0.0,100,288.57,257.0,0,0.0,0.0,,0.0,1,0.63,1.01,SPY190418C00291000,291.0,normalDay
2019-04-08,389.0,3150.0,0.0,100,288.79,257.0,0,0.0,0.0,,0.0,1,0.63,0.92,SPY190418C00291000,291.0,normalDay
2019-04-09,389.0,3047.0,0.0,100,287.31,257.0,0,0.0,0.0,,0.0,1,0.63,0.47,SPY190418C00291000,291.0,normalDay
2019-04-10,389.0,3134.0,0.0,100,288.29,257.0,0,0.0,0.0,,0.0,1,0.63,0.58,SPY190418C00291000,291.0,normalDay
2019-04-11,389.0,3145.0,0.0,100,288.21,257.0,0,0.0,0.0,,0.0,1,0.63,0.39,SPY190418C00291000,291.0,normalDay
2019-04-12,389.0,3289.0,0.0,100,290.16,257.0,0,0.0,0.0,,0.0,1,0.63,0.9,SPY190418C00291000,291.0,normalDay
2019-04-15,389.0,3300.0,0.0,100,289.97,257.0,0,0.0,0.0,,0.0,1,0.63,0.6,SPY190418C00291000,291.0,normalDay
2019-04-16,389.0,3332.0,0.0,100,290.16,257.0,0,0.0,0.0,,0.0,1,0.63,0.47,SPY190418C00291000,291.0,normalDay
2019-04-17,389.0,3297.0,0.0,100,289.45,257.0,0,0.0,0.0,,0.0,1,0.63,0.11,SPY190418C00291000,291.0,normalDay
2019-04-18,452.0,3302.0,63.0,100,290.02,257.0,0,0.0,0.0,,0.0,1,0.63,0.0,SPY190418C00291000,291.0,expirationDay
2019-04-22,452.0,3324.0,0.0,100,290.27,257.0,0,0.0,0.0,,0.0,1,0.06,0.09,SPY190510C00301000,301.0,normalDay
2019-04-23,452.0,3573.0,0.0,100,292.88,257.0,0,0.0,0.0,,0.0,1,0.06,0.21,SPY190510C00301000,301.0,normalDay
2019-04-24,452.0,3511.0,0.0,100,292.23,257.0,0,0.0,0.0,,0.0,1,0.06,0.18,SPY190510C00301000,301.0,normalDay
2019-04-25,452.0,3498.0,0.0,100,292.05,257.0,0,0.0,0.0,,0.0,1,0.06,0.13,SPY190510C00301000,301.0,normalDay
2019-04-26,452.0,3632.0,0.0,100,293.41,257.0,0,0.0,0.0,,0.0,1,0.06,0.15,SPY190510C00301000,301.0,normalDay
2019-04-29,452.0,3680.0,0.0,100,293.87,257.0,0,0.0,0.0,,0.0,1,0.06,0.13,SPY190510C00301000,301.0,normalDay
2019-04-30,452.0,3697.0,0.0,100,294.02,257.0,0,0.0,0.0,,0.0,1,0.06,0.11,SPY190510C00301000,301.0,normalDay
2019-05-01,452.0,3483.0,0.0,100,291.81,257.0,0,0.0,0.0,,0.0,1,0.06,0.04,SPY190510C00301000,301.0,normalDay
2019-05-02,452.0,3422.0,0.0,100,291.18,257.0,0,0.0,0.0,,0.0,1,0.06,0.02,SPY190510C00301000,301.0,normalDay
2019-05-03,452.0,3706.0,0.0,100,294.03,257.0,0,0.0,0.0,,0.0,1,0.06,0.03,SPY190510C00301000,301.0,normalDay
2019-05-06,452.0,3586.0,0.0,100,292.82,257.0,0,0.0,0.0,,0.0,1,0.06,0.02,SPY190510C00301000,301.0,normalDay
2019-05-07,452.0,3098.0,0.0,100,287.93,257.0,0,0.0,0.0,,0.0,1,0.06,0.01,SPY190510C00301000,301.0,normalDay
2019-05-08,452.0,3058.0,0.0,100,287.53,257.0,0,0.0,0.0,,0.0,1,0.06,0.01,SPY190510C00301000,301.0,normalDay
2019-05-09,452.0,2971.0,0.0,100,286.66,257.0,0,0.0,0.0,,0.0,1,0.06,0.01,SPY190510C00301000,301.0,normalDay
2019-05-10,458.0,3110.0,6.0,100,288.1,257.0,0,0.0,0.0,,0.0,1,0.06,0.0,SPY190510C00301000,301.0,expirationDay
2019-05-13,458.0,2386.0,0.0,100,280.86,257.0,0,0.0,0.0,,0.0,0,0.0,0.0,,0.0,bidTooLow
2019-05-14,458.0,2640.0,0.0,100,283.4,257.0,0,0.0,0.0,,0.0,0,0.0,0.0,,0.0,bidTooLow
2019-05-15,458.0,2806.0,0.0,100,285.06,257.0,0,0.0,0.0,,0.0,0,0.0,0.0,,0.0,bidTooLow
2019-05-16,458.0,3067.0,0.0,100,287.7,257.0,0,0.0,0.0,,0.0,1,0.01,0.04,SPY190603C00304000,304.0,normalDay
2019-05-17,458.0,2882.0,0.0,100,285.84,257.0,0,0.0,0.0,,0.0,1,0.01,0.03,SPY190603C00304000,304.0,normalDay
2019-05-20,458.0,2694.0,0.0,100,283.95,257.0,0,0.0,0.0,,0.0,1,0.01,0.02,SPY190603C00304000,304.0,normalDay
2019-05-21,458.0,2951.0,0.0,100,286.51,257.0,0,0.0,0.0,,0.0,1,0.01,0.01,SPY190603C00304000,304.0,normalDay
2019-05-22,458.0,2863.0,0.0,100,285.63,257.0,0,0.0,0.0,,0.0,1,0.01,0.01,SPY190603C00304000,304.0,normalDay
2019-05-23,458.0,2514.0,0.0,100,282.14,257.0,0,0.0,0.0,,0.0,1,0.01,0.01,SPY190603C00304000,304.0,normalDay
2019-05-24,458.0,2578.0,0.0,100,282.78,257.0,0,0.0,0.0,,0.0,1,0.01,0.01,SPY190603C00304000,304.0,normalDay
2019-05-28,458.0,2315.0,0.0,100,280.15,257.0,0,0.0,0.0,,0.0,1,0.01,0.01,SPY190603C00304000,304.0,normalDay
2019-05-29,458.0,2127.0,0.0,100,278.27,257.0,0,0.0,0.0,,0.0,1,0.01,0.01,SPY190603C00304000,304.0,normalDay
2019-05-30,458.0,2203.0,0.0,100,279.03,257.0,0,0.0,0.0,,0.0,1,0.01,0.01,SPY190603C00304000,304.0,normalDay
2019-05-31,458.0,1827.0,0.0,100,275.27,257.0,0,0.0,0.0,,0.0,1,0.01,0.01,SPY190603C00304000,304.0,normalDay
2019-06-03,459.0,1757.0,1.0,100,274.57,257.0,0,0.0,0.0,,0.0,1,0.01,0.0,SPY190603C00304000,304.0,expirationDay
2019-06-04,459.0,2350.0,0.0,100,280.53,257.0,0,0.0,0.0,,0.0,1,0.02,0.05,SPY190621C00298000,298.0,normalDay
2019-06-05,459.0,2590.0,0.0,100,282.96,257.0,0,0.0,0.0,,0.0,1,0.02,0.08,SPY190621C00298000,298.0,normalDay
2019-06-06,459.0,2770.0,0.0,100,284.8,257.0,0,0.0,0.0,,0.0,1,0.02,0.12,SPY190621C00298000,298.0,normalDay
2019-06-07,459.0,3044.0,0.0,100,287.65,257.0,0,0.0,0.0,,0.0,1,0.02,0.23,SPY190621C00298000,298.0,normalDay
2019-06-10,459.0,3175.0,0.0,100,288.97,257.0,0,0.0,0.0,,0.0,1,0.02,0.24,SPY190621C00298000,298.0,normalDay
2019-06-11,459.0,3175.0,0.0,100,288.9,257.0,0,0.0,0.0,,0.0,1,0.02,0.17,SPY190621C00298000,298.0,normalDay
2019-06-12,459.0,3132.0,0.0,100,288.39,257.0,0,0.0,0.0,,0.0,1,0.02,0.09,SPY190621C00298000,298.0,normalDay
2019-06-13,459.0,3249.0,0.0,100,289.58,257.0,0,0.0,0.0,,0.0,1,0.02,0.11,SPY190621C00298000,298.0,normalDay
2019-06-14,459.0,3224.0,0.0,100,289.26,257.0,0,0.0,0.0,,0.0,1,0.02,0.04,SPY190621C00298000,298.0,normalDay
2019-06-17,459.0,3236.0,0.0,100,289.37,257.0,0,0.0,0.0,,0.0,1,0.02,0.03,SPY190621C00298000,298.0,normalDay
2019-06-18,459.0,3530.0,0.0,100,292.4,257.0,0,0.0,0.0,,0.0,1,0.02,0.12,SPY190621C00298000,298.0,normalDay
2019-06-19,459.0,3602.0,0.0,100,293.06,257.0,0,0.0,0.0,,0.0,1,0.02,0.06,SPY190621C00298000,298.0,normalDay
2019-06-20,459.0,3877.0,0.0,100,295.86,257.0,0,0.0,0.0,,0.0,1,0.02,0.11,SPY190621C00298000,298.0,normalDay
2019-06-21,461.0,3700.0,2.0,100,294.0,257.0,0,0.0,0.0,,0.0,1,0.02,0.0,SPY190621C00298000,298.0,expirationDay
2019-06-24,461.0,3661.0,0.0,100,293.64,257.0,0,0.0,0.0,,0.0,1,0.06,0.09,SPY190712C00310000,310.0,normalDay
2019-06-25,461.0,3378.0,0.0,100,290.76,257.0,0,0.0,0.0,,0.0,1,0.06,0.04,SPY190712C00310000,310.0,normalDay
2019-06-26,461.0,3349.0,0.0,100,290.47,257.0,0,0.0,0.0,,0.0,1,0.06,0.04,SPY190712C00310000,310.0,normalDay
2019-06-27,461.0,3452.0,0.0,100,291.5,257.0,0,0.0,0.0,,0.0,1,0.06,0.04,SPY190712C00310000,310.0,normalDay
2019-06-28,461.0,3601.0,0.0,100,293.0,257.0,0,0.0,0.0,,0.0,1,0.06,0.05,SPY190712C00310000,310.0,normalDay
2019-07-01,461.0,3869.0,0.0,100,295.66,257.0,0,0.0,0.0,,0.0,1,0.06,0.03,SPY190712C00310000,310.0,normalDay
2019-07-02,461.0,3947.0,0.0,100,296.43,257.0,0,0.0,0.0,,0.0,1,0.06,0.02,SPY190712C00310000,310.0,normalDay
2019-07-03,461.0,4183.0,0.0,100,298.8,257.0,0,0.0,0.0,,0.0,1,0.06,0.03,SPY190712C00310000,310.0,normalDay
2019-07-05,461.0,4151.0,0.0,100,298.46,257.0,0,0.0,0.0,,0.0,1,0.06,0.01,SPY190712C00310000,310.0,normalDay
2019-07-08,461.0,3987.0,0.0,100,296.82,257.0,0,0.0,0.0,,0.0,1,0.06,0.01,SPY190712C00310000,310.0,normalDay
2019-07-09,461.0,4024.0,0.0,100,297.19,257.0,0,0.0,0.0,,0.0,1,0.06,0.01,SPY190712C00310000,310.0,normalDay
2019-07-10,461.0,4166.0,0.0,100,298.61,257.0,0,0.0,0.0,,0.0,1,0.06,0.01,SPY190712C00310000,310.0,normalDay
2019-07-11,461.0,4236.0,0.0,100,299.31,257.0,0,0.0,0.0,,0.0,1,0.06,0.01,SPY190712C00310000,310.0,normalDay
2019-07-12,467.0,4365.0,6.0,100,300.65,257.0,0,0.0,0.0,,0.0,1,0.06,0.0,SPY190712C00310000,310.0,expirationDay
2019-07-15,467.0,4371.0,0.0,100,300.75,257.0,0,0.0,0.0,,0.0,1,0.28,0.32,SPY190802C00308000,308.0,normalDay
2019-07-16,467.0,4285.0,0.0,100,299.78,257.0,0,0.0,0.0,,0.0,1,0.28,0.21,SPY190802C00308000,308.0,normalDay
2019-07-17,467.0,4094.0,0.0,100,297.74,257.0,0,0.0,0.0,,0.0,1,0.28,0.08,SPY190802C00308000,308.0,normalDay
2019-07-18,467.0,4195.0,0.0,100,298.83,257.0,0,0.0,0.0,,0.0,1,0.28,0.16,SPY190802C00308000,308.0,normalDay
2019-07-19,467.0,4039.0,0.0,100,297.17,257.0,0,0.0,0.0,,0.0,1,0.28,0.06,SPY190802C00308000,308.0,normalDay
2019-07-22,467.0,4114.0,0.0,100,297.9,257.0,0,0.0,0.0,,0.0,1,0.28,0.04,SPY190802C00308000,308.0,normalDay
2019-07-23,467.0,4322.0,0.0,100,300.03,257.0,0,0.0,0.0,,0.0,1,0.28,0.09,SPY190802C00308000,308.0,normalDay
2019-07-24,467.0,4458.0,0.0,100,301.44,257.0,0,0.0,0.0,,0.0,1,0.28,0.14,SPY190802C00308000,308.0,normalDay
2019-07-25,467.0,4323.0,0.0,100,300.0,257.0,0,0.0,0.0,,0.0,1,0.28,0.05,SPY190802C00308000,308.0,normalDay
2019-07-26,467.0,4521.0,0.0,100,302.01,257.0,0,0.0,0.0,,0.0,1,0.28,0.08,SPY190802C00308000,308.0,normalDay
2019-07-29,467.0,4470.0,0.0,100,301.46,257.0,0,0.0,0.0,,0.0,1,0.28,0.04,SPY190802C00308000,308.0,normalDay
2019-07-30,467.0,4396.0,0.0,100,300.72,257.0,0,0.0,0.0,,0.0,1,0.28,0.04,SPY190802C00308000,308.0,normalDay
2019-07-31,467.0,4070.0,0.0,100,297.43,257.0,0,0.0,0.0,,0.0,1,0.28,0.01,SPY190802C00308000,308.0,normalDay
2019-08-01,467.0,3811.0,0.0,100,294.84,257.0,0,0.0,0.0,,0.0,1,0.28,0.01,SPY190802C00308000,308.0,normalDay
2019-08-02,495.0,3562.0,28.0,100,292.62,257.0,0,0.0,0.0,,0.0,1,0.28,0.0,SPY190802C00308000,308.0,expirationDay
2019-08-05,495.0,2682.0,0.0,100,283.82,257.0,0,0.0,0.0,,0.0,0,0.0,0.0,,0.0,bidTooLow
2019-08-06,495.0,3080.0,0.0,100,287.8,257.0,0,0.0,0.0,,0.0,0,0.0,0.0,,0.0,bidTooLow
2019-08-07,495.0,3097.0,0.0,100,287.97,257.0,0,0.0,0.0,,0.0,0,0.0,0.0,,0.0,bidTooLow
2019-08-08,495.0,3662.0,0.0,100,293.62,257.0,0,0.0,0.0,,0.0,0,0.0,0.0,,0.0,bidTooLow
2019-08-09,495.0,3462.0,0.0,100,291.62,257.0,0,0.0,0.0,,0.0,0,0.0,0.0,,0.0,bidTooLow
2019-08-12,495.0,3107.0,0.0,100,288.07,257.0,0,0.0,0.0,,0.0,0,0.0,0.0,,0.0,bidTooLow
2019-08-13,495.0,3555.0,0.0,100,292.55,257.0,0,0.0,0.0,,0.0,0,0.0,0.0,,0.0,bidTooLow
2019-08-14,495.0,2690.0,0.0,100,283.9,257.0,0,0.0,0.0,,0.0,0,0.0,0.0,,0.0,bidTooLow
2019-08-15,495.0,2765.0,0.0,100,284.65,257.0,0,0.0,0.0,,0.0,0,0.0,0.0,,0.0,bidTooLow
2019-08-16,495.0,3185.0,0.0,100,288.85,257.0,0,0.0,0.0,,0.0,0,0.0,0.0,,0.0,bidTooLow
2019-08-19,495.0,3533.0,0.0,100,292.33,257.0,0,0.0,0.0,,0.0,0,0.0,0.0,,0.0,bidTooLow
2019-08-20,495.0,3309.0,0.0,100,290.09,257.0,0,0.0,0.0,,0.0,0,0.0,0.0,,0.0,bidTooLow
2019-08-21,495.0,3545.0,0.0,100,292.45,257.0,0,0.0,0.0,,0.0,0,0.0,0.0,,0.0,bidTooLow
2019-08-22,495.0,3536.0,0.0,100,292.36,257.0,0,0.0,0.0,,0.0,0,0.0,0.0,,0.0,bidTooLow
2019-08-23,495.0,2785.0,0.0,100,284.85,257.0,0,0.0,0.0,,0.0,0,0.0,0.0,,0.0,bidTooLow
2019-08-26,495.0,3097.0,0.0,100,288.0,257.0,0,0.0,0.0,,0.0,1,0.01,0.04,SPY190913C00307000,307.0,normalDay
2019-08-27,495.0,2985.0,0.0,100,286.87,257.0,0,0.0,0.0,,0.0,1,0.01,0.03,SPY190913C00307000,307.0,normalDay
2019-08-28,495.0,3186.0,0.0,100,288.89,257.0,0,0.0,0.0,,0.0,1,0.01,0.04,SPY190913C00307000,307.0,normalDay
2019-08-29,495.0,3552.0,0.0,100,292.58,257.0,0,0.0,0.0,,0.0,1,0.01,0.07,SPY190913C00307000,307.0,normalDay
2019-08-30,495.0,3541.0,0.0,100,292.45,257.0,0,0.0,0.0,,0.0,1,0.01,0.05,SPY190913C00307000,307.0,normalDay
2019-09-03,495.0,3373.0,0.0,100,290.74,257.0,0,0.0,0.0,,0.0,1,0.01,0.02,SPY190913C00307000,307.0,normalDay
2019-09-04,495.0,3703.0,0.0,100,294.04,257.0,0,0.0,0.0,,0.0,1,0.01,0.02,SPY190913C00307000,307.0,normalDay
2019-09-05,495.0,4077.0,0.0,100,297.82,257.0,0,0.0,0.0,,0.0,1,0.01,0.06,SPY190913C00307000,307.0,normalDay
2019-09-06,495.0,4103.0,0.0,100,298.05,257.0,0,0.0,0.0,,0.0,1,0.01,0.03,SPY190913C00307000,307.0,normalDay
2019-09-09,495.0,4119.0,0.0,100,298.2,257.0,0,0.0,0.0,,0.0,1,0.01,0.02,SPY190913C00307000,307.0,normalDay
2019-09-10,495.0,4113.0,0.0,100,298.13,257.0,0,0.0,0.0,,0.0,1,0.01,0.01,SPY190913C00307000,307.0,normalDay
2019-09-11,495.0,4325.0,0.0,100,300.25,257.0,0,0.0,0.0,,0.0,1,0.01,0.01,SPY190913C00307000,307.0,normalDay
2019-09-12,495.0,4429.0,0.0,100,301.29,257.0,0,0.0,0.0,,0.0,1,0.01,0.01,SPY190913C00307000,307.0,normalDay
2019-09-13,496.0,4409.0,1.0,100,301.09,257.0,0,0.0,0.0,,0.0,1,0.01,0.0,SPY190913C00307000,307.0,expirationDay
2019-09-16,496.0,4313.0,0.0,100,300.16,257.0,0,0.0,0.0,,0.0,1,0.04,0.07,SPY191004C00312500,312.5,normalDay
2019-09-17,496.0,4388.0,0.0,100,300.92,257.0,0,0.0,0.0,,0.0,1,0.04,0.08,SPY191004C00312500,312.5,normalDay
2019-09-18,496.0,4407.0,0.0,100,301.1,257.0,0,0.0,0.0,,0.0,1,0.04,0.07,SPY191004C00312500,312.5,normalDay
2019-09-19,496.0,4405.0,0.0,100,301.08,257.0,0,0.0,0.0,,0.0,1,0.04,0.07,SPY191004C00312500,312.5,normalDay
2019-09-20,496.0,4129.0,0.0,100,298.28,257.0,0,0.0,0.0,,0.0,1,0.04,0.03,SPY191004C00312500,312.5,normalDay
2019-09-23,496.0,4124.0,0.0,100,298.21,257.0,0,0.0,0.0,,0.0,1,0.04,0.01,SPY191004C00312500,312.5,normalDay
2019-09-24,496.0,3890.0,0.0,100,295.87,257.0,0,0.0,0.0,,0.0,1,0.04,0.01,SPY191004C00312500,312.5,normalDay
2019-09-25,496.0,4065.0,0.0,100,297.62,257.0,0,0.0,0.0,,0.0,1,0.04,0.01,SPY191004C00312500,312.5,normalDay
2019-09-26,496.0,4003.0,0.0,100,297.0,257.0,0,0.0,0.0,,0.0,1,0.04,0.01,SPY191004C00312500,312.5,normalDay
2019-09-27,496.0,3843.0,0.0,100,295.4,257.0,0,0.0,0.0,,0.0,1,0.04,0.01,SPY191004C00312500,312.5,normalDay
2019-09-30,496.0,3980.0,0.0,100,296.77,257.0,0,0.0,0.0,,0.0,1,0.04,0.01,SPY191004C00312500,312.5,normalDay
2019-10-01,496.0,3627.0,0.0,100,293.24,257.0,0,0.0,0.0,,0.0,1,0.04,0.01,SPY191004C00312500,312.5,normalDay
2019-10-02,496.0,3109.0,0.0,100,288.06,257.0,0,0.0,0.0,,0.0,1,0.04,0.01,SPY191004C00312500,312.5,normalDay
2019-10-03,496.0,3345.0,0.0,100,290.42,257.0,0,0.0,0.0,,0.0,1,0.04,0.01,SPY191004C00312500,312.5,normalDay
2019-10-04,500.0,3735.0,4.0,100,294.35,257.0,0,0.0,0.0,,0.0,1,0.04,0.0,SPY191004C00312500,312.5,expirationDay
2019-10-07,500.0,3608.0,0.0,100,293.08,257.0,0,0.0,0.0,,0.0,0,0.0,0.0,,0.0,bidTooLow
2019-10-08,500.0,3153.0,0.0,100,288.53,257.0,0,0.0,0.0,,0.0,0,0.0,0.0,,0.0,bidTooLow
2019-10-09,500.0,3427.0,0.0,100,291.27,257.0,0,0.0,0.0,,0.0,0,0.0,0.0,,0.0,bidTooLow
2019-10-10,500.0,3624.0,0.0,100,293.24,257.0,0,0.0,0.0,,0.0,0,0.0,0.0,,0.0,bidTooLow
2019-10-11,500.0,3925.0,0.0,100,296.28,257.0,0,0.0,0.0,,0.0,1,0.07,0.1,SPY191030C00310000,310.0,normalDay
2019-10-14,500.0,3899.0,0.0,100,295.95,257.0,0,0.0,0.0,,0.0,1,0.07,0.03,SPY191030C00310000,310.0,normalDay
2019-10-15,500.0,4187.0,0.0,100,298.88,257.0,0,0.0,0.0,,0.0,1,0.07,0.08,SPY191030C00310000,310.0,normalDay
2019-10-16,500.0,4142.0,0.0,100,298.4,257.0,0,0.0,0.0,,0.0,1,0.07,0.05,SPY191030C00310000,310.0,normalDay
2019-10-17,500.0,4231.0,0.0,100,299.28,257.0,0,0.0,0.0,,0.0,1,0.07,0.04,SPY191030C00310000,310.0,normalDay
2019-10-18,500.0,4102.0,0.0,100,297.97,257.0,0,0.0,0.0,,0.0,1,0.07,0.02,SPY191030C00310000,310.0,normalDay
2019-10-21,500.0,4303.0,0.0,100,299.99,257.0,0,0.0,0.0,,0.0,1,0.07,0.03,SPY191030C00310000,310.0,normalDay
2019-10-22,500.0,4206.0,0.0,100,299.01,257.0,0,0.0,0.0,,0.0,1,0.07,0.02,SPY191030C00310000,310.0,normalDay
2019-10-23,500.0,4294.0,0.0,100,299.88,257.0,0,0.0,0.0,,0.0,1,0.07,0.01,SPY191030C00310000,310.0,normalDay
2019-10-24,500.0,4343.0,0.0,100,300.37,257.0,0,0.0,0.0,,0.0,1,0.07,0.01,SPY191030C00310000,310.0,normalDay
2019-10-25,500.0,4466.0,0.0,100,301.6,257.0,0,0.0,0.0,,0.0,1,0.07,0.01,SPY191030C00310000,310.0,normalDay
2019-10-28,500.0,4636.0,0.0,100,303.3,257.0,0,0.0,0.0,,0.0,1,0.07,0.01,SPY191030C00310000,310.0,normalDay
2019-10-29,500.0,4627.0,0.0,100,303.21,257.0,0,0.0,0.0,,0.0,1,0.07,0.01,SPY191030C00310000,310.0,normalDay
2019-10-30,507.0,4714.0,7.0,100,304.14,257.0,0,0.0,0.0,,0.0,1,0.07,0.0,SPY191030C00310000,310.0,expirationDay
2019-10-31,507.0,4630.0,0.0,100,303.33,257.0,0,0.0,0.0,,0.0,1,0.09,0.12,SPY191118C00314000,314.0,normalDay
2019-11-01,507.0,4897.0,0.0,100,306.14,257.0,0,0.0,0.0,,0.0,1,0.09,0.26,SPY191118C00314000,314.0,normalDay
2019-11-04,507.0,5015.0,0.0,100,307.37,257.0,0,0.0,0.0,,0.0,1,0.09,0.31,SPY191118C00314000,314.0,normalDay
2019-11-05,507.0,4989.0,0.0,100,307.03,257.0,0,0.0,0.0,,0.0,1,0.09,0.23,SPY191118C00314000,314.0,normalDay
2019-11-06,507.0,5005.0,0.0,100,307.1,257.0,0,0.0,0.0,,0.0,1,0.09,0.14,SPY191118C00314000,314.0,normalDay
2019-11-07,507.0,5109.0,0.0,100,308.18,257.0,0,0.0,0.0,,0.0,1,0.09,0.18,SPY191118C00314000,314.0,normalDay
2019-11-08,507.0,5188.0,0.0,100,308.94,257.0,0,0.0,0.0,,0.0,1,0.09,0.15,SPY191118C00314000,314.0,normalDay
2019-11-11,507.0,5137.0,0.0,100,308.35,257.0,0,0.0,0.0,,0.0,1,0.09,0.07,SPY191118C00314000,314.0,normalDay
2019-11-12,507.0,5203.0,0.0,100,309.0,257.0,0,0.0,0.0,,0.0,1,0.09,0.06,SPY191118C00314000,314.0,normalDay
2019-11-13,507.0,5215.0,0.0,100,309.1,257.0,0,0.0,0.0,,0.0,1,0.09,0.04,SPY191118C00314000,314.0,normalDay
2019-11-14,507.0,5261.0,0.0,100,309.55,257.0,0,0.0,0.0,,0.0,1,0.09,0.03,SPY191118C00314000,314.0,normalDay
2019-11-15,507.0,5483.0,0.0,100,311.79,257.0,0,0.0,0.0,,0.0,1,0.09,0.05,SPY191118C00314000,314.0,normalDay
2019-11-18,516.0,5502.0,9.0,100,312.02,257.0,0,0.0,0.0,,0.0,1,0.09,0.0,SPY191118C00314000,314.0,expirationDay
2019-11-19,516.0,5490.0,0.0,100,311.93,257.0,0,0.0,0.0,,0.0,1,0.14,0.17,SPY191206C00320000,320.0,normalDay
2019-11-20,516.0,5383.0,0.0,100,310.77,257.0,0,0.0,0.0,,0.0,1,0.14,0.08,SPY191206C00320000,320.0,normalDay
2019-11-21,516.0,5333.0,0.0,100,310.27,257.0,0,0.0,0.0,,0.0,1,0.14,0.08,SPY191206C00320000,320.0,normalDay
2019-11-22,516.0,5404.0,0.0,100,310.96,257.0,0,0.0,0.0,,0.0,1,0.14,0.06,SPY191206C00320000,320.0,normalDay
2019-11-25,516.0,5642.0,0.0,100,313.37,257.0,0,0.0,0.0,,0.0,1,0.14,0.09,SPY191206C00320000,320.0,normalDay
2019-11-26,516.0,5711.0,0.0,100,314.08,257.0,0,0.0,0.0,,0.0,1,0.14,0.11,SPY191206C00320000,320.0,normalDay
2019-11-27,516.0,5839.0,0.0,100,315.48,257.0,0,0.0,0.0,,0.0,1,0.14,0.23,SPY191206C00320000,320.0,normalDay
2019-11-29,516.0,5737.0,0.0,100,314.31,257.0,0,0.0,0.0,,0.0,1,0.14,0.08,SPY191206C00320000,320.0,normalDay
2019-12-02,516.0,5475.0,0.0,100,311.64,257.0,0,0.0,0.0,,0.0,1,0.14,0.03,SPY191206C00320000,320.0,normalDay
2019-12-03,516.0,5268.0,0.0,100,309.55,257.0,0,0.0,0.0,,0.0,1,0.14,0.01,SPY191206C00320000,320.0,normalDay
2019-12-04,516.0,5459.0,0.0,100,311.46,257.0,0,0.0,0.0,,0.0,1,0.14,0.01,SPY191206C00320000,320.0,normalDay
2019-12-05,516.0,5515.0,0.0,100,312.02,257.0,0,0.0,0.0,,0.0,1,0.14,0.01,SPY191206C00320000,320.0,normalDay
2019-12-06,530.0,5787.0,14.0,100,314.87,257.0,0,0.0,0.0,,0.0,1,0.14,0.0,SPY191206C00320000,320.0,expirationDay
2019-12-09,530.0,5684.0,0.0,100,313.88,257.0,0,0.0,0.0,,0.0,1,0.66,0.7,SPY191227C00319000,319.0,normalDay
2019-12-10,530.0,5658.0,0.0,100,313.53,257.0,0,0.0,0.0,,0.0,1,0.66,0.61,SPY191227C00319000,319.0,normalDay
2019-12-11,530.0,5744.0,0.0,100,314.42,257.0,0,0.0,0.0,,0.0,1,0.66,0.64,SPY191227C00319000,319.0,normalDay
2019-12-12,530.0,5950.0,0.0,100,317.13,257.0,0,0.0,0.0,,0.0,1,0.66,1.29,SPY191227C00319000,319.0,normalDay
2019-12-13,530.0,6012.0,0.0,100,317.32,257.0,0,0.0,0.0,,0.0,1,0.66,0.86,SPY191227C00319000,319.0,normalDay
2019-12-16,530.0,6142.0,0.0,100,319.5,257.0,0,0.0,0.0,,0.0,1,0.66,1.74,SPY191227C00319000,319.0,normalDay
2019-12-17,530.0,6175.0,0.0,100,319.57,257.0,0,0.0,0.0,,0.0,1,0.66,1.48,SPY191227C00319000,319.0,normalDay
2019-12-18,530.0,6193.0,0.0,100,319.59,257.0,0,0.0,0.0,,0.0,1,0.66,1.32,SPY191227C00319000,319.0,normalDay
2019-12-19,530.0,6251.0,0.0,100,320.9,257.0,0,0.0,0.0,,0.0,1,0.66,2.05,SPY191227C00319000,319.0,normalDay
2019-12-20,530.0,6169.0,0.0,100,320.73,257.0,0,0.0,0.0,,0.0,1,0.66,2.7,SPY191227C00319000,319.0,normalDay
2019-12-23,530.0,6231.0,0.0,100,321.22,257.0,0,0.0,0.0,,0.0,1,0.66,2.57,SPY191227C00319000,319.0,normalDay
2019-12-24,530.0,6237.0,0.0,100,321.23,257.0,0,0.0,0.0,,0.0,1,0.66,2.52,SPY191227C00319000,319.0,normalDay
2019-12-26,530.0,6253.0,0.0,100,322.94,257.0,0,0.0,0.0,,0.0,1,0.66,4.07,SPY191227C00319000,319.0,normalDay
2019-12-27,6796.0,6253.0,6266.0,0,322.86,0.0,0,0.0,0.0,,0.0,1,0.66,0.0,SPY191227C00319000,319.0,expirationDay
2019-12-30,6796.0,-3.0,0.0,0,321.08,0.0,1,0.3,0.33,SPY200110P00305000,305.0,0,0.0,0.0,,0.0,normalDay
2019-12-31,6796.0,4.0,0.0,0,321.86,0.0,1,0.3,0.26,SPY200110P00305000,305.0,0,0.0,0.0,,0.0,normalDay
2020-01-02,6796.0,23.0,0.0,0,324.87,0.0,1,0.3,0.07,SPY200110P00305000,305.0,0,0.0,0.0,,0.0,normalDay
2020-01-03,6796.0,21.0,0.0,0,322.41,0.0,1,0.3,0.09,SPY200110P00305000,305.0,0,0.0,0.0,,0.0,normalDay
2020-01-06,6796.0,28.0,0.0,0,323.64,0.0,1,0.3,0.02,SPY200110P00305000,305.0,0,0.0,0.0,,0.0,normalDay
2020-01-07,6796.0,27.0,0.0,0,322.73,0.0,1,0.3,0.03,SPY200110P00305000,305.0,0,0.0,0.0,,0.0,normalDay
2020-01-08,6796.0,27.0,0.0,0,324.45,0.0,1,0.3,0.03,SPY200110P00305000,305.0,0,0.0,0.0,,0.0,normalDay
2020-01-09,6796.0,29.0,0.0,0,326.65,0.0,1,0.3,0.01,SPY200110P00305000,305.0,0,0.0,0.0,,0.0,normalDay
2020-01-10,6826.0,0.0,30.0,0,325.71,0.0,1,0.3,0.0,SPY200110P00305000,305.0,0,0.0,0.0,,0.0,expirationDay
2020-01-13,6826.0,-3.0,0.0,0,327.95,0.0,1,0.18,0.21,SPY200124P00315000,315.0,0,0.0,0.0,,0.0,normalDay
2020-01-14,6826.0,-2.0,0.0,0,327.45,0.0,1,0.18,0.2,SPY200124P00315000,315.0,0,0.0,0.0,,0.0,normalDay
2020-01-15,6826.0,5.0,0.0,0,328.19,0.0,1,0.18,0.13,SPY200124P00315000,315.0,0,0.0,0.0,,0.0,normalDay
2020-01-16,6826.0,9.0,0.0,0,330.92,0.0,1,0.18,0.09,SPY200124P00315000,315.0,0,0.0,0.0,,0.0,normalDay
2020-01-17,6826.0,14.0,0.0,0,331.95,0.0,1,0.18,0.04,SPY200124P00315000,315.0,0,0.0,0.0,,0.0,normalDay
2020-01-21,6826.0,16.0,0.0,0,331.3,0.0,1,0.18,0.02,SPY200124P00315000,315.0,0,0.0,0.0,,0.0,normalDay
2020-01-22,6826.0,17.0,0.0,0,331.34,0.0,1,0.18,0.01,SPY200124P00315000,315.0,0,0.0,0.0,,0.0,normalDay
2020-01-23,6826.0,17.0,0.0,0,331.72,0.0,1,0.18,0.01,SPY200124P00315000,315.0,0,0.0,0.0,,0.0,normalDay
2020-01-24,6844.0,0.0,18.0,0,328.77,0.0,1,0.18,0.0,SPY200124P00315000,315.0,0,0.0,0.0,,0.0,expirationDay
2020-01-27,6844.0,-4.0,0.0,0,323.5,0.0,1,2.06,2.1,SPY200207P00316000,316.0,0,0.0,0.0,,0.0,normalDay
2020-01-28,6844.0,101.0,0.0,0,326.89,0.0,1,2.06,1.05,SPY200207P00316000,316.0,0,0.0,0.0,,0.0,normalDay
2020-01-29,6844.0,111.0,0.0,0,326.62,0.0,1,2.06,0.95,SPY200207P00316000,316.0,0,0.0,0.0,,0.0,normalDay
2020-01-30,6844.0,156.0,0.0,0,327.68,0.0,1,2.06,0.5,SPY200207P00316000,316.0,0,0.0,0.0,,0.0,normalDay
2020-01-31,6844.0,27.0,0.0,0,321.73,0.0,1,2.06,1.79,SPY200207P00316000,316.0,0,0.0,0.0,,0.0,normalDay
2020-02-03,6844.0,128.0,0.0,0,324.12,0.0,1,2.06,0.78,SPY200207P00316000,316.0,0,0.0,0.0,,0.0,normalDay
2020-02-04,6844.0,196.0,0.0,0,329.06,0.0,1,2.06,0.1,SPY200207P00316000,316.0,0,0.0,0.0,,0.0,normalDay
2020-02-05,6844.0,203.0,0.0,0,332.86,0.0,1,2.06,0.03,SPY200207P00316000,316.0,0,0.0,0.0,,0.0,normalDay
2020-02-06,6844.0,205.0,0.0,0,333.98,0.0,1,2.06,0.01,SPY200207P00316000,316.0,0,0.0,0.0,,0.0,normalDay
2020-02-07,7050.0,0.0,206.0,0,332.2,0.0,1,2.06,0.0,SPY200207P00316000,316.0,0,0.0,0.0,,0.0,expirationDay
2020-02-10,7050.0,-3.0,0.0,0,334.68,0.0,1,0.3,0.33,SPY200221P00319000,319.0,0,0.0,0.0,,0.0,normalDay
2020-02-11,7050.0,3.0,0.0,0,335.26,0.0,1,0.3,0.27,SPY200221P00319000,319.0,0,0.0,0.0,,0.0,normalDay
2020-02-12,7050.0,18.0,0.0,0,337.42,0.0,1,0.3,0.12,SPY200221P00319000,319.0,0,0.0,0.0,,0.0,normalDay
2020-02-13,7050.0,17.0,0.0,0,337.06,0.0,1,0.3,0.13,SPY200221P00319000,319.0,0,0.0,0.0,,0.0,normalDay
2020-02-14,7050.0,24.0,0.0,0,337.6,0.0,1,0.3,0.06,SPY200221P00319000,319.0,0,0.0,0.0,,0.0,normalDay
2020-02-18,7050.0,26.0,0.0,0,336.73,0.0,1,0.3,0.04,SPY200221P00319000,319.0,0,0.0,0.0,,0.0,normalDay
2020-02-19,7050.0,27.0,0.0,0,338.34,0.0,1,0.3,0.03,SPY200221P00319000,319.0,0,0.0,0.0,,0.0,normalDay
2020-02-20,7050.0,28.0,0.0,0,336.95,0.0,1,0.3,0.02,SPY200221P00319000,319.0,0,0.0,0.0,,0.0,normalDay
2020-02-21,7080.0,0.0,30.0,0,333.48,0.0,1,0.3,0.0,SPY200221P00319000,319.0,0,0.0,0.0,,0.0,expirationDay
2020-02-24,7080.0,-6.0,0.0,0,322.42,0.0,1,3.94,4.0,SPY200306P00316000,316.0,0,0.0,0.0,,0.0,normalDay
2020-02-25,7080.0,-375.0,0.0,0,312.65,0.0,1,3.94,7.69,SPY200306P00316000,316.0,0,0.0,0.0,,0.0,normalDay
2020-02-26,7080.0,-453.0,0.0,0,311.5,0.0,1,3.94,8.47,SPY200306P00316000,316.0,0,0.0,0.0,,0.0,normalDay
2020-02-27,7080.0,-1571.0,0.0,0,297.51,0.0,1,3.94,19.65,SPY200306P00316000,316.0,0,0.0,0.0,,0.0,normalDay
2020-02-28,7080.0,-1657.0,0.0,0,296.26,0.0,1,3.94,20.51,SPY200306P00316000,316.0,0,0.0,0.0,,0.0,normalDay
2020-03-02,7080.0,-490.0,0.0,0,309.09,0.0,1,3.94,8.84,SPY200306P00316000,316.0,0,0.0,0.0,,0.0,normalDay
2020-03-03,7080.0,-1126.0,0.0,0,300.24,0.0,1,3.94,15.2,SPY200306P00316000,316.0,0,0.0,0.0,,0.0,normalDay
2020-03-04,7080.0,-198.0,0.0,0,312.86,0.0,1,3.94,5.92,SPY200306P00316000,316.0,0,0.0,0.0,,0.0,normalDay
2020-03-05,7080.0,-1021.0,0.0,0,302.46,0.0,1,3.94,14.15,SPY200306P00316000,316.0,0,0.0,0.0,,0.0,normalDay
2020-03-06,7474.0,-1854.0,394.0,100,297.46,316.0,1,3.94,0.0,SPY200306P00316000,316.0,0,0.0,0.0,,0.0,expirationDay
2020-03-09,7474.0,-4177.0,0.0,100,274.23,316.0,0,0.0,0.0,,0.0,0,0.0,0.0,,0.0,bidTooLow
2020-03-10,7474.0,-2758.0,0.0,100,288.42,316.0,0,0.0,0.0,,0.0,0,0.0,0.0,,0.0,bidTooLow
2020-03-11,7474.0,-4164.0,0.0,100,274.36,316.0,0,0.0,0.0,,0.0,0,0.0,0.0,,0.0,bidTooLow
2020-03-12,7474.0,-6789.0,0.0,100,248.11,316.0,0,0.0,0.0,,0.0,0,0.0,0.0,,0.0,bidTooLow
2020-03-13,7474.0,-4668.0,0.0,100,269.32,316.0,0,0.0,0.0,,0.0,0,0.0,0.0,,0.0,bidTooLow
2020-03-16,7474.0,-7615.0,0.0,100,239.85,316.0,0,0.0,0.0,,0.0,0,0.0,0.0,,0.0,bidTooLow
2020-03-17,7474.0,-6320.0,0.0,100,252.8,316.0,0,0.0,0.0,,0.0,0,0.0,0.0,,0.0,bidTooLow
2020-03-18,7474.0,-7600.0,0.0,100,240.0,316.0,0,0.0,0.0,,0.0,0,0.0,0.0,,0.0,bidTooLow
2020-03-19,7474.0,-7552.0,0.0,100,240.51,316.0,0,0.0,0.0,,0.0,1,0.01,0.04,SPY200406C00340000,340.0,normalDay
2020-03-20,7474.0,-8721.0,0.0,100,228.8,316.0,0,0.0,0.0,,0.0,1,0.01,0.02,SPY200406C00340000,340.0,normalDay
2020-03-23,7474.0,-9306.0,0.0,100,222.95,316.0,0,0.0,0.0,,0.0,1,0.01,0.02,SPY200406C00340000,340.0,normalDay
2020-03-24,7474.0,-7288.0,0.0,100,243.15,316.0,0,0.0,0.0,,0.0,1,0.01,0.04,SPY200406C00340000,340.0,normalDay
2020-03-25,7474.0,-6922.0,0.0,100,246.79,316.0,0,0.0,0.0,,0.0,1,0.01,0.02,SPY200406C00340000,340.0,normalDay
2020-03-26,7474.0,-5481.0,0.0,100,261.2,316.0,0,0.0,0.0,,0.0,1,0.01,0.02,SPY200406C00340000,340.0,normalDay
2020-03-27,7474.0,-6259.0,0.0,100,253.42,316.0,0,0.0,0.0,,0.0,1,0.01,0.02,SPY200406C00340000,340.0,normalDay
2020-03-30,7474.0,-5435.0,0.0,100,261.65,316.0,0,0.0,0.0,,0.0,1,0.01,0.01,SPY200406C00340000,340.0,normalDay
2020-03-31,7474.0,-5825.0,0.0,100,257.75,316.0,0,0.0,0.0,,0.0,1,0.01,0.01,SPY200406C00340000,340.0,normalDay
2020-04-01,7474.0,-6985.0,0.0,100,246.15,316.0,0,0.0,0.0,,0.0,1,0.01,0.01,SPY200406C00340000,340.0,normalDay
2020-04-02,7474.0,-6417.0,0.0,100,251.83,316.0,0,0.0,0.0,,0.0,1,0.01,0.01,SPY200406C00340000,340.0,normalDay
2020-04-03,7474.0,-6781.0,0.0,100,248.19,316.0,0,0.0,0.0,,0.0,1,0.01,0.01,SPY200406C00340000,340.0,normalDay
2020-04-06,7475.0,-5114.0,1.0,100,264.86,316.0,0,0.0,0.0,,0.0,1,0.01,0.0,SPY200406C00340000,340.0,expirationDay
2020-04-07,7475.0,-5091.0,0.0,100,265.13,316.0,0,0.0,0.0,,0.0,1,0.24,0.28,SPY200424C00300000,300.0,normalDay
2020-04-08,7475.0,-4228.0,0.0,100,274.03,316.0,0,0.0,0.0,,0.0,1,0.24,0.55,SPY200424C00300000,300.0,normalDay
2020-04-09,7475.0,-3848.0,0.0,100,278.2,316.0,0,0.0,0.0,,0.0,1,0.24,0.92,SPY200424C00300000,300.0,normalDay
2020-04-13,7475.0,-4047.0,0.0,100,275.66,316.0,0,0.0,0.0,,0.0,1,0.24,0.37,SPY200424C00300000,300.0,normalDay
2020-04-14,7475.0,-3296.0,0.0,100,283.79,316.0,0,0.0,0.0,,0.0,1,0.24,0.99,SPY200424C00300000,300.0,normalDay
2020-04-15,7475.0,-3836.0,0.0,100,277.76,316.0,0,0.0,0.0,,0.0,1,0.24,0.36,SPY200424C00300000,300.0,normalDay
2020-04-16,7475.0,-3692.0,0.0,100,279.1,316.0,0,0.0,0.0,,0.0,1,0.24,0.26,SPY200424C00300000,300.0,normalDay
2020-04-17,7475.0,-2977.0,0.0,100,286.64,316.0,0,0.0,0.0,,0.0,1,0.24,0.65,SPY200424C00300000,300.0,normalDay
2020-04-20,7475.0,-3432.0,0.0,100,281.59,316.0,0,0.0,0.0,,0.0,1,0.24,0.15,SPY200424C00300000,300.0,normalDay
2020-04-21,7475.0,-4275.0,0.0,100,273.04,316.0,0,0.0,0.0,,0.0,1,0.24,0.03,SPY200424C00300000,300.0,normalDay
2020-04-22,7475.0,-3667.0,0.0,100,279.1,316.0,0,0.0,0.0,,0.0,1,0.24,0.01,SPY200424C00300000,300.0,normalDay
2020-04-23,7475.0,-3669.0,0.0,100,279.08,316.0,0,0.0,0.0,,0.0,1,0.24,0.01,SPY200424C00300000,300.0,normalDay
2020-04-24,7499.0,-3303.0,24.0,100,282.97,316.0,0,0.0,0.0,,0.0,1,0.24,0.0,SPY200424C00300000,300.0,expirationDay
2020-04-27,7499.0,-2898.0,0.0,100,287.05,316.0,0,0.0,0.0,,0.0,1,0.08,0.11,SPY200515C00319000,319.0,normalDay
2020-04-28,7499.0,-3027.0,0.0,100,285.73,316.0,0,0.0,0.0,,0.0,1,0.08,0.08,SPY200515C00319000,319.0,normalDay
2020-04-29,7499.0,-2288.0,0.0,100,293.21,316.0,0,0.0,0.0,,0.0,1,0.08,0.17,SPY200515C00319000,319.0,normalDay
2020-04-30,7499.0,-2557.0,0.0,100,290.48,316.0,0,0.0,0.0,,0.0,1,0.08,0.13,SPY200515C00319000,319.0,normalDay
2020-05-01,7499.0,-3317.0,0.0,100,282.79,316.0,0,0.0,0.0,,0.0,1,0.08,0.04,SPY200515C00319000,319.0,normalDay
2020-05-04,7499.0,-3238.0,0.0,100,283.57,316.0,0,0.0,0.0,,0.0,1,0.08,0.03,SPY200515C00319000,319.0,normalDay
2020-05-05,7499.0,-2976.0,0.0,100,286.19,316.0,0,0.0,0.0,,0.0,1,0.08,0.03,SPY200515C00319000,319.0,normalDay
2020-05-06,7499.0,-3169.0,0.0,100,284.25,316.0,0,0.0,0.0,,0.0,1,0.08,0.02,SPY200515C00319000,319.0,normalDay
2020-05-07,7499.0,-2826.0,0.0,100,287.68,316.0,0,0.0,0.0,,0.0,1,0.08,0.02,SPY200515C00319000,319.0,normalDay
2020-05-08,7499.0,-2350.0,0.0,100,292.44,316.0,0,0.0,0.0,,0.0,1,0.08,0.02,SPY200515C00319000,319.0,normalDay
2020-05-11,7499.0,-2344.0,0.0,100,292.5,316.0,0,0.0,0.0,,0.0,1,0.08,0.02,SPY200515C00319000,319.0,normalDay
2020-05-12,7499.0,-2926.0,0.0,100,286.67,316.0,0,0.0,0.0,,0.0,1,0.08,0.01,SPY200515C00319000,319.0,normalDay
2020-05-13,7499.0,-3433.0,0.0,100,281.6,316.0,0,0.0,0.0,,0.0,1,0.08,0.01,SPY200515C00319000,319.0,normalDay
2020-05-14,7499.0,-3096.0,0.0,100,284.97,316.0,0,0.0,0.0,,0.0,1,0.08,0.01,SPY200515C00319000,319.0,normalDay
2020-05-15,7507.0,-2972.0,8.0,100,286.28,316.0,0,0.0,0.0,,0.0,1,0.08,0.0,SPY200515C00319000,319.0,expirationDay
2020-05-18,7507.0,-2105.0,0.0,100,295.0,316.0,0,0.0,0.0,,0.0,1,1.57,1.62,SPY200605C00306000,306.0,normalDay
2020-05-19,7507.0,-2357.0,0.0,100,291.97,316.0,0,0.0,0.0,,0.0,1,1.57,1.11,SPY200605C00306000,306.0,normalDay
2020-05-20,7507.0,-1940.0,0.0,100,296.93,316.0,0,0.0,0.0,,0.0,1,1.57,1.9,SPY200605C00306000,306.0,normalDay
2020-05-21,7507.0,-2075.0,0.0,100,294.88,316.0,0,0.0,0.0,,0.0,1,1.57,1.2,SPY200605C00306000,306.0,normalDay
2020-05-22,7507.0,-2002.0,0.0,100,295.44,316.0,0,0.0,0.0,,0.0,1,1.57,1.03,SPY200605C00306000,306.0,normalDay
2020-05-26,7507.0,-1690.0,0.0,100,299.08,316.0,0,0.0,0.0,,0.0,1,1.57,1.55,SPY200605C00306000,306.0,normalDay
2020-05-27,7507.0,-1386.0,0.0,100,303.53,316.0,0,0.0,0.0,,0.0,1,1.57,2.96,SPY200605C00306000,306.0,normalDay
2020-05-28,7507.0,-1438.0,0.0,100,302.97,316.0,0,0.0,0.0,,0.0,1,1.57,2.92,SPY200605C00306000,306.0,normalDay
2020-05-29,7507.0,-1326.0,0.0,100,304.32,316.0,0,0.0,0.0,,0.0,1,1.57,3.15,SPY200605C00306000,306.0,normalDay
2020-06-01,7507.0,-1173.0,0.0,100,305.55,316.0,0,0.0,0.0,,0.0,1,1.57,2.85,SPY200605C00306000,306.0,normalDay
2020-06-02,7507.0,-998.0,0.0,100,308.08,316.0,0,0.0,0.0,,0.0,1,1.57,3.63,SPY200605C00306000,306.0,normalDay
2020-06-03,7507.0,-888.0,0.0,100,312.18,316.0,0,0.0,0.0,,0.0,1,1.57,6.63,SPY200605C00306000,306.0,normalDay
2020-06-04,7507.0,-876.0,0.0,100,311.36,316.0,0,0.0,0.0,,0.0,1,1.57,5.69,SPY200605C00306000,306.0,normalDay
2020-06-05,6664.0,-876.0,-843.0,0,319.34,0.0,0,0.0,0.0,,0.0,1,1.57,0.0,SPY200605C00306000,306.0,expirationDay
2020-06-08,6664.0,-3.0,0.0,0,323.2,0.0,1,0.11,0.14,SPY200619P00268000,268.0,0,0.0,0.0,,0.0,normalDay
2020-06-09,6664.0,-4.0,0.0,0,320.79,0.0,1,0.11,0.15,SPY200619P00268000,268.0,0,0.0,0.0,,0.0,normalDay
2020-06-10,6664.0,-3.0,0.0,0,319.0,0.0,1,0.11,0.14,SPY200619P00268000,268.0,0,0.0,0.0,,0.0,normalDay
2020-06-11,6664.0,-91.0,0.0,0,300.61,0.0,1,0.11,1.02,SPY200619P00268000,268.0,0,0.0,0.0,,0.0,normalDay
2020-06-12,6664.0,-29.0,0.0,0,304.21,0.0,1,0.11,0.4,SPY200619P00268000,268.0,0,0.0,0.0,,0.0,normalDay
2020-06-15,6664.0,-4.0,0.0,0,307.05,0.0,1,0.11,0.15,SPY200619P00268000,268.0,0,0.0,0.0,,0.0,normalDay
2020-06-16,6664.0,6.0,0.0,0,312.96,0.0,1,0.11,0.05,SPY200619P00268000,268.0,0,0.0,0.0,,0.0,normalDay
2020-06-17,6664.0,8.0,0.0,0,311.66,0.0,1,0.11,0.03,SPY200619P00268000,268.0,0,0.0,0.0,,0.0,normalDay
2020-06-18,6664.0,9.0,0.0,0,311.78,0.0,1,0.11,0.02,SPY200619P00268000,268.0,0,0.0,0.0,,0.0,normalDay
2020-06-19,6675.0,0.0,11.0,0,308.64,0.0,1,0.11,0.0,SPY200619P00268000,268.0,0,0.0,0.0,,0.0,expirationDay
2020-06-22,6675.0,-4.0,0.0,0,310.62,0.0,1,1.3,1.34,SPY200702P00291000,291.0,0,0.0,0.0,,0.0,normalDay
2020-06-23,6675.0,29.0,0.0,0,312.05,0.0,1,1.3,1.01,SPY200702P00291000,291.0,0,0.0,0.0,,0.0,normalDay
2020-06-24,6675.0,-62.0,0.0,0,304.09,0.0,1,1.3,1.92,SPY200702P00291000,291.0,0,0.0,0.0,,0.0,normalDay
2020-06-25,6675.0,35.0,0.0,0,307.35,0.0,1,1.3,0.95,SPY200702P00291000,291.0,0,0.0,0.0,,0.0,normalDay
2020-06-26,6675.0,-45.0,0.0,0,300.05,0.0,1,1.3,1.75,SPY200702P00291000,291.0,0,0.0,0.0,,0.0,normalDay
2020-06-29,6675.0,82.0,0.0,0,304.46,0.0,1,1.3,0.48,SPY200702P00291000,291.0,0,0.0,0.0,,0.0,normalDay
2020-06-30,6675.0,116.0,0.0,0,308.36,0.0,1,1.3,0.14,SPY200702P00291000,291.0,0,0.0,0.0,,0.0,normalDay
2020-07-01,6675.0,127.0,0.0,0,310.52,0.0,1,1.3,0.03,SPY200702P00291000,291.0,0,0.0,0.0,,0.0,normalDay
2020-07-02,6805.0,0.0,130.0,0,312.23,0.0,1,1.3,0.0,SPY200702P00291000,291.0,0,0.0,0.0,,0.0,expirationDay
2020-07-06,6805.0,-3.0,0.0,0,317.05,0.0,1,0.72,0.75,SPY200717P00293000,293.0,0,0.0,0.0,,0.0,normalDay
2020-07-07,6805.0,-22.0,0.0,0,313.78,0.0,1,0.72,0.94,SPY200717P00293000,293.0,0,0.0,0.0,,0.0,normalDay
2020-07-08,6805.0,24.0,0.0,0,316.18,0.0,1,0.72,0.48,SPY200717P00293000,293.0,0,0.0,0.0,,0.0,normalDay
2020-07-09,6805.0,19.0,0.0,0,314.38,0.0,1,0.72,0.53,SPY200717P00293000,293.0,0,0.0,0.0,,0.0,normalDay
2020-07-10,6805.0,55.0,0.0,0,317.59,0.0,1,0.72,0.17,SPY200717P00293000,293.0,0,0.0,0.0,,0.0,normalDay
2020-07-13,6805.0,41.0,0.0,0,314.84,0.0,1,0.72,0.31,SPY200717P00293000,293.0,0,0.0,0.0,,0.0,normalDay
2020-07-14,6805.0,63.0,0.0,0,318.92,0.0,1,0.72,0.09,SPY200717P00293000,293.0,0,0.0,0.0,,0.0,normalDay
2020-07-15,6805.0,69.0,0.0,0,321.85,0.0,1,0.72,0.03,SPY200717P00293000,293.0,0,0.0,0.0,,0.0,normalDay
2020-07-16,6805.0,70.0,0.0,0,320.79,0.0,1,0.72,0.02,SPY200717P00293000,293.0,0,0.0,0.0,,0.0,normalDay
2020-07-17,6877.0,0.0,72.0,0,321.72,0.0,1,0.72,0.0,SPY200717P00293000,293.0,0,0.0,0.0,,0.0,expirationDay
2020-07-20,6877.0,-3.0,0.0,0,324.32,0.0,1,0.32,0.35,SPY200731P00295000,295.0,0,0.0,0.0,,0.0,normalDay
2020-07-21,6877.0,3.0,0.0,0,325.01,0.0,1,0.32,0.29,SPY200731P00295000,295.0,0,0.0,0.0,,0.0,normalDay
2020-07-22,6877.0,12.0,0.0,0,326.86,0.0,1,0.32,0.2,SPY200731P00295000,295.0,0,0.0,0.0,,0.0,normalDay
2020-07-23,6877.0,4.0,0.0,0,322.96,0.0,1,0.32,0.28,SPY200731P00295000,295.0,0,0.0,0.0,,0.0,normalDay
2020-07-24,6877.0,19.0,0.0,0,320.88,0.0,1,0.32,0.13,SPY200731P00295000,295.0,0,0.0,0.0,,0.0,normalDay
2020-07-27,6877.0,28.0,0.0,0,323.22,0.0,1,0.32,0.04,SPY200731P00295000,295.0,0,0.0,0.0,,0.0,normalDay
2020-07-28,6877.0,27.0,0.0,0,321.17,0.0,1,0.32,0.05,SPY200731P00295000,295.0,0,0.0,0.0,,0.0,normalDay
2020-07-29,6877.0,29.0,0.0,0,325.12,0.0,1,0.32,0.03,SPY200731P00295000,295.0,0,0.0,0.0,,0.0,normalDay
2020-07-30,6877.0,30.0,0.0,0,323.96,0.0,1,0.32,0.02,SPY200731P00295000,295.0,0,0.0,0.0,,0.0,normalDay
2020-07-31,6909.0,0.0,32.0,0,326.52,0.0,1,0.32,0.0,SPY200731P00295000,295.0,0,0.0,0.0,,0.0,expirationDay
2020-08-03,6909.0,-3.0,0.0,0,328.79,0.0,1,0.62,0.65,SPY200814P00309000,309.0,0,0.0,0.0,,0.0,normalDay
2020-08-04,6909.0,14.0,0.0,0,330.06,0.0,1,0.62,0.48,SPY200814P00309000,309.0,0,0.0,0.0,,0.0,normalDay
2020-08-05,6909.0,33.0,0.0,0,332.11,0.0,1,0.62,0.29,SPY200814P00309000,309.0,0,0.0,0.0,,0.0,normalDay
2020-08-06,6909.0,38.0,0.0,0,334.33,0.0,1,0.62,0.24,SPY200814P00309000,309.0,0,0.0,0.0,,0.0,normalDay
2020-08-07,6909.0,50.0,0.0,0,334.57,0.0,1,0.62,0.12,SPY200814P00309000,309.0,0,0.0,0.0,,0.0,normalDay
2020-08-10,6909.0,57.0,0.0,0,335.57,0.0,1,0.62,0.05,SPY200814P00309000,309.0,0,0.0,0.0,,0.0,normalDay
2020-08-11,6909.0,53.0,0.0,0,332.8,0.0,1,0.62,0.09,SPY200814P00309000,309.0,0,0.0,0.0,,0.0,normalDay
2020-08-12,6909.0,60.0,0.0,0,337.44,0.0,1,0.62,0.02,SPY200814P00309000,309.0,0,0.0,0.0,,0.0,normalDay
2020-08-13,6909.0,60.0,0.0,0,336.83,0.0,1,0.62,0.02,SPY200814P00309000,309.0,0,0.0,0.0,,0.0,normalDay
2020-08-14,6971.0,0.0,62.0,0,336.84,0.0,1,0.62,0.0,SPY200814P00309000,309.0,0,0.0,0.0,,0.0,expirationDay
2020-08-17,6971.0,-3.0,0.0,0,337.91,0.0,1,0.3,0.33,SPY200828P00313000,313.0,0,0.0,0.0,,0.0,normalDay
2020-08-18,6971.0,1.0,0.0,0,338.64,0.0,1,0.3,0.29,SPY200828P00313000,313.0,0,0.0,0.0,,0.0,normalDay
2020-08-19,6971.0,-3.0,0.0,0,337.23,0.0,1,0.3,0.33,SPY200828P00313000,313.0,0,0.0,0.0,,0.0,normalDay
2020-08-20,6971.0,6.0,0.0,0,338.28,0.0,1,0.3,0.24,SPY200828P00313000,313.0,0,0.0,0.0,,0.0,normalDay
2020-08-21,6971.0,17.0,0.0,0,339.48,0.0,1,0.3,0.13,SPY200828P00313000,313.0,0,0.0,0.0,,0.0,normalDay
2020-08-24,6971.0,25.0,0.0,0,342.92,0.0,1,0.3,0.05,SPY200828P00313000,313.0,0,0.0,0.0,,0.0,normalDay
2020-08-25,6971.0,27.0,0.0,0,344.12,0.0,1,0.3,0.03,SPY200828P00313000,313.0,0,0.0,0.0,,0.0,normalDay
2020-08-26,6971.0,26.0,0.0,0,347.57,0.0,1,0.3,0.04,SPY200828P00313000,313.0,0,0.0,0.0,,0.0,normalDay
2020-08-27,6971.0,28.0,0.0,0,348.33,0.0,1,0.3,0.02,SPY200828P00313000,313.0,0,0.0,0.0,,0.0,normalDay
2020-08-28,7001.0,0.0,30.0,0,350.58,0.0,1,0.3,0.0,SPY200828P00313000,313.0,0,0.0,0.0,,0.0,expirationDay
2020-08-31,7001.0,-3.0,0.0,0,349.31,0.0,1,0.48,0.51,SPY200911P00323000,323.0,0,0.0,0.0,,0.0,normalDay
2020-09-01,7001.0,17.0,0.0,0,352.6,0.0,1,0.48,0.31,SPY200911P00323000,323.0,0,0.0,0.0,,0.0,normalDay
2020-09-02,7001.0,26.0,0.0,0,357.7,0.0,1,0.48,0.22,SPY200911P00323000,323.0,0,0.0,0.0,,0.0,normalDay
2020-09-03,7001.0,-42.0,0.0,0,345.39,0.0,1,0.48,0.9,SPY200911P00323000,323.0,0,0.0,0.0,,0.0,normalDay
2020-09-04,7001.0,-43.0,0.0,0,342.57,0.0,1,0.48,0.91,SPY200911P00323000,323.0,0,0.0,0.0,,0.0,normalDay
2020-09-08,7001.0,-75.0,0.0,0,333.21,0.0,1,0.48,1.23,SPY200911P00323000,323.0,0,0.0,0.0,,0.0,normalDay
2020-09-09,7001.0,20.0,0.0,0,339.79,0.0,1,0.48,0.28,SPY200911P00323000,323.0,0,0.0,0.0,,0.0,normalDay
2020-09-10,7001.0,28.0,0.0,0,333.89,0.0,1,0.48,0.2,SPY200911P00323000,323.0,0,0.0,0.0,,0.0,normalDay
2020-09-11,7049.0,0.0,48.0,0,334.06,0.0,1,0.48,0.0,SPY200911P00323000,323.0,0,0.0,0.0,,0.0,expirationDay
2020-09-14,7049.0,-4.0,0.0,0,338.46,0.0,1,1.61,1.65,SPY200925P00324000,324.0,0,0.0,0.0,,0.0,normalDay
2020-09-15,7049.0,38.0,0.0,0,340.17,0.0,1,1.61,1.23,SPY200925P00324000,324.0,0,0.0,0.0,,0.0,normalDay
2020-09-16,7049.0,39.0,0.0,0,338.82,0.0,1,1.61,1.22,SPY200925P00324000,324.0,0,0.0,0.0,,0.0,normalDay
2020-09-17,7049.0,19.0,0.0,0,335.84,0.0,1,1.61,1.42,SPY200925P00324000,324.0,0,0.0,0.0,,0.0,normalDay
2020-09-18,7049.0,-20.0,0.0,0,330.65,0.0,1,1.61,1.81,SPY200925P00324000,324.0,0,0.0,0.0,,0.0,normalDay
2020-09-21,7049.0,-82.0,0.0,0,326.97,0.0,1,1.61,2.43,SPY200925P00324000,324.0,0,0.0,0.0,,0.0,normalDay
2020-09-22,7049.0,54.0,0.0,0,330.3,0.0,1,1.61,1.07,SPY200925P00324000,324.0,0,0.0,0.0,,0.0,normalDay
2020-09-23,7049.0,-174.0,0.0,0,322.64,0.0,1,1.61,3.35,SPY200925P00324000,324.0,0,0.0,0.0,,0.0,normalDay
2020-09-24,7049.0,-36.0,0.0,0,323.5,0.0,1,1.61,1.97,SPY200925P00324000,324.0,0,0.0,0.0,,0.0,normalDay
2020-09-25,7210.0,0.0,161.0,0,328.73,0.0,1,1.61,0.0,SPY200925P00324000,324.0,0,0.0,0.0,,0.0,expirationDay
2020-09-28,7210.0,-3.0,0.0,0,334.19,0.0,1,0.62,0.65,SPY201009P00311000,311.0,0,0.0,0.0,,0.0,normalDay
2020-09-29,7210.0,-9.0,0.0,0,332.37,0.0,1,0.62,0.71,SPY201009P00311000,311.0,0,0.0,0.0,,0.0,normalDay
2020-09-30,7210.0,10.0,0.0,0,334.89,0.0,1,0.62,0.52,SPY201009P00311000,311.0,0,0.0,0.0,,0.0,normalDay
2020-10-01,7210.0,38.0,0.0,0,337.04,0.0,1,0.62,0.24,SPY201009P00311000,311.0,0,0.0,0.0,,0.0,normalDay
2020-10-02,7210.0,41.0,0.0,0,333.84,0.0,1,0.62,0.21,SPY201009P00311000,311.0,0,0.0,0.0,,0.0,normalDay
2020-10-05,7210.0,58.0,0.0,0,339.76,0.0,1,0.62,0.04,SPY201009P00311000,311.0,0,0.0,0.0,,0.0,normalDay
2020-10-06,7210.0,55.0,0.0,0,334.93,0.0,1,0.62,0.07,SPY201009P00311000,311.0,0,0.0,0.0,,0.0,normalDay
2020-10-07,7210.0,60.0,0.0,0,340.76,0.0,1,0.62,0.02,SPY201009P00311000,311.0,0,0.0,0.0,,0.0,normalDay
2020-10-08,7210.0,61.0,0.0,0,343.78,0.0,1,0.62,0.01,SPY201009P00311000,311.0,0,0.0,0.0,,0.0,normalDay
2020-10-09,7272.0,0.0,62.0,0,346.85,0.0,1,0.62,0.0,SPY201009P00311000,311.0,0,0.0,0.0,,0.0,expirationDay
2020-10-12,7272.0,-3.0,0.0,0,352.43,0.0,1,0.15,0.18,SPY201023P00315000,315.0,0,0.0,0.0,,0.0,normalDay
2020-10-13,7272.0,-2.0,0.0,0,350.13,0.0,1,0.15,0.17,SPY201023P00315000,315.0,0,0.0,0.0,,0.0,normalDay
2020-10-14,7272.0,1.0,0.0,0,347.93,0.0,1,0.15,0.14,SPY201023P00315000,315.0,0,0.0,0.0,,0.0,normalDay
2020-10-15,7272.0,4.0,0.0,0,347.5,0.0,1,0.15,0.11,SPY201023P00315000,315.0,0,0.0,0.0,,0.0,normalDay
2020-10-16,7272.0,8.0,0.0,0,347.29,0.0,1,0.15,0.07,SPY201023P00315000,315.0,0,0.0,0.0,,0.0,normalDay
2020-10-19,7272.0,8.0,0.0,0,342.01,0.0,1,0.15,0.07,SPY201023P00315000,315.0,0,0.0,0.0,,0.0,normalDay
2020-10-20,7272.0,12.0,0.0,0,343.38,0.0,1,0.15,0.03,SPY201023P00315000,315.0,0,0.0,0.0,,0.0,normalDay
2020-10-21,7272.0,13.0,0.0,0,342.73,0.0,1,0.15,0.02,SPY201023P00315000,315.0,0,0.0,0.0,,0.0,normalDay
2020-10-22,7272.0,14.0,0.0,0,344.61,0.0,1,0.15,0.01,SPY201023P00315000,315.0,0,0.0,0.0,,0.0,normalDay
2020-10-23,7287.0,0.0,15.0,0,345.78,0.0,1,0.15,0.0,SPY201023P00315000,315.0,0,0.0,0.0,,0.0,expirationDay
2020-10-26,7287.0,-6.0,0.0,0,339.39,0.0,1,3.7,3.76,SPY201106P00326000,326.0,0,0.0,0.0,,0.0,normalDay
2020-10-27,7287.0,-9.0,0.0,0,338.22,0.0,1,3.7,3.79,SPY201106P00326000,326.0,0,0.0,0.0,,0.0,normalDay
2020-10-28,7287.0,-528.0,0.0,0,326.66,0.0,1,3.7,8.98,SPY201106P00326000,326.0,0,0.0,0.0,,0.0,normalDay
2020-10-29,7287.0,-252.0,0.0,0,329.98,0.0,1,3.7,6.22,SPY201106P00326000,326.0,0,0.0,0.0,,0.0,normalDay
2020-10-30,7287.0,-335.0,0.0,0,326.54,0.0,1,3.7,7.05,SPY201106P00326000,326.0,0,0.0,0.0,,0.0,normalDay
2020-11-02,7287.0,-100.0,0.0,0,330.2,0.0,1,3.7,4.7,SPY201106P00326000,326.0,0,0.0,0.0,,0.0,normalDay
2020-11-03,7287.0,67.0,0.0,0,336.03,0.0,1,3.7,3.03,SPY201106P00326000,326.0,0,0.0,0.0,,0.0,normalDay
2020-11-04,7287.0,337.0,0.0,0,343.54,0.0,1,3.7,0.33,SPY201106P00326000,326.0,0,0.0,0.0,,0.0,normalDay
2020-11-05,7287.0,367.0,0.0,0,350.24,0.0,1,3.7,0.03,SPY201106P00326000,326.0,0,0.0,0.0,,0.0,normalDay
2020-11-06,7657.0,0.0,370.0,0,350.16,0.0,1,3.7,0.0,SPY201106P00326000,326.0,0,0.0,0.0,,0.0,expirationDay
2020-11-09,7657.0,-4.0,0.0,0,354.56,0.0,1,0.41,0.45,SPY201120P00319000,319.0,0,0.0,0.0,,0.0,normalDay
2020-11-10,7657.0,8.0,0.0,0,354.04,0.0,1,0.41,0.33,SPY201120P00319000,319.0,0,0.0,0.0,,0.0,normalDay
2020-11-11,7657.0,21.0,0.0,0,356.67,0.0,1,0.41,0.2,SPY201120P00319000,319.0,0,0.0,0.0,,0.0,normalDay
2020-11-12,7657.0,10.0,0.0,0,353.21,0.0,1,0.41,0.31,SPY201120P00319000,319.0,0,0.0,0.0,,0.0,normalDay
2020-11-13,7657.0,28.0,0.0,0,358.1,0.0,1,0.41,0.13,SPY201120P00319000,319.0,0,0.0,0.0,,0.0,normalDay
2020-11-16,7657.0,37.0,0.0,0,362.57,0.0,1,0.41,0.04,SPY201120P00319000,319.0,0,0.0,0.0,,0.0,normalDay
2020-11-17,7657.0,38.0,0.0,0,360.62,0.0,1,0.41,0.03,SPY201120P00319000,319.0,0,0.0,0.0,,0.0,normalDay
2020-11-18,7657.0,38.0,0.0,0,356.28,0.0,1,0.41,0.03,SPY201120P00319000,319.0,0,0.0,0.0,,0.0,normalDay
2020-11-19,7657.0,39.0,0.0,0,357.78,0.0,1,0.41,0.02,SPY201120P00319000,319.0,0,0.0,0.0,,0.0,normalDay
2020-11-20,7698.0,0.0,41.0,0,355.33,0.0,1,0.41,0.0,SPY201120P00319000,319.0,0,0.0,0.0,,0.0,expirationDay
2020-11-23,7698.0,-3.0,0.0,0,357.46,0.0,1,0.13,0.16,SPY201204P00314000,314.0,0,0.0,0.0,,0.0,normalDay
2020-11-24,7698.0,4.0,0.0,0,363.22,0.0,1,0.13,0.09,SPY201204P00314000,314.0,0,0.0,0.0,,0.0,normalDay
2020-11-25,7698.0,7.0,0.0,0,362.66,0.0,1,0.13,0.06,SPY201204P00314000,314.0,0,0.0,0.0,,0.0,normalDay
2020-11-27,7698.0,9.0,0.0,0,363.67,0.0,1,0.13,0.04,SPY201204P00314000,314.0,0,0.0,0.0,,0.0,normalDay
2020-11-30,7698.0,9.0,0.0,0,362.06,0.0,1,0.13,0.04,SPY201204P00314000,314.0,0,0.0,0.0,,0.0,normalDay
2020-12-01,7698.0,11.0,0.0,0,366.02,0.0,1,0.13,0.02,SPY201204P00314000,314.0,0,0.0,0.0,,0.0,normalDay
2020-12-02,7698.0,12.0,0.0,0,366.79,0.0,1,0.13,0.01,SPY201204P00314000,314.0,0,0.0,0.0,,0.0,normalDay
2020-12-03,7698.0,12.0,0.0,0,366.69,0.0,1,0.13,0.01,SPY201204P00314000,314.0,0,0.0,0.0,,0.0,normalDay
2020-12-04,7711.0,0.0,13.0,0,369.85,0.0,1,0.13,0.0,SPY201204P00314000,314.0,0,0.0,0.0,,0.0,expirationDay
2020-12-07,7711.0,-3.0,0.0,0,369.09,0.0,1,0.62,0.65,SPY201218P00346000,346.0,0,0.0,0.0,,0.0,normalDay
2020-12-08,7711.0,17.0,0.0,0,370.17,0.0,1,0.62,0.45,SPY201218P00346000,346.0,0,0.0,0.0,,0.0,normalDay
2020-12-09,7711.0,-2.0,0.0,0,366.85,0.0,1,0.62,0.64,SPY201218P00346000,346.0,0,0.0,0.0,,0.0,normalDay
2020-12-10,7711.0,10.0,0.0,0,366.73,0.0,1,0.62,0.52,SPY201218P00346000,346.0,0,0.0,0.0,,0.0,normalDay
2020-12-11,7711.0,11.0,0.0,0,366.3,0.0,1,0.62,0.51,SPY201218P00346000,346.0,0,0.0,0.0,,0.0,normalDay
2020-12-14,7711.0,15.0,0.0,0,364.66,0.0,1,0.62,0.47,SPY201218P00346000,346.0,0,0.0,0.0,,0.0,normalDay
2020-12-15,7711.0,42.0,0.0,0,369.59,0.0,1,0.62,0.2,SPY201218P00346000,346.0,0,0.0,0.0,,0.0,normalDay
2020-12-16,7711.0,52.0,0.0,0,370.17,0.0,1,0.62,0.1,SPY201218P00346000,346.0,0,0.0,0.0,,0.0,normalDay
2020-12-17,7711.0,55.0,0.0,0,372.24,0.0,1,0.62,0.07,SPY201218P00346000,346.0,0,0.0,0.0,,0.0,normalDay
2020-12-18,7773.0,0.0,62.0,0,369.18,0.0,1,0.62,0.0,SPY201218P00346000,346.0,0,0.0,0.0,,0.0,expirationDay
2020-12-21,7773.0,-4.0,0.0,0,367.86,0.0,1,1.72,1.76,SPY201231P00357000,357.0,0,0.0,0.0,,0.0,normalDay
2020-12-22,7773.0,26.0,0.0,0,367.24,0.0,1,1.72,1.46,SPY201231P00357000,357.0,0,0.0,0.0,,0.0,normalDay
2020-12-23,7773.0,69.0,0.0,0,367.57,0.0,1,1.72,1.03,SPY201231P00357000,357.0,0,0.0,0.0,,0.0,normalDay
2020-12-24,7773.0,126.0,0.0,0,369.0,0.0,1,1.72,0.46,SPY201231P00357000,357.0,0,0.0,0.0,,0.0,normalDay
2020-12-28,7773.0,162.0,0.0,0,372.17,0.0,1,1.72,0.1,SPY201231P00357000,357.0,0,0.0,0.0,,0.0,normalDay
2020-12-29,7773.0,162.0,0.0,0,371.46,0.0,1,1.72,0.1,SPY201231P00357000,357.0,0,0.0,0.0,,0.0,normalDay
2020-12-30,7773.0,167.0,0.0,0,371.99,0.0,1,1.72,0.05,SPY201231P00357000,357.0,0,0.0,0.0,,0.0,normalDay
2020-12-31,7945.0,0.0,172.0,0,373.88,0.0,1,1.72,0.0,SPY201231P00357000,357.0,0,0.0,0.0,,0.0,expirationDay
2021-01-04,7945.0,-4.0,0.0,0,368.79,0.0,1,3.68,3.72,SPY210115P00363000,363.0,0,0.0,0.0,,0.0,normalDay
2021-01-05,7945.0,100.0,0.0,0,371.33,0.0,1,3.68,2.68,SPY210115P00363000,363.0,0,0.0,0.0,,0.0,normalDay
2021-01-06,7945.0,152.0,0.0,0,373.55,0.0,1,3.68,2.16,SPY210115P00363000,363.0,0,0.0,0.0,,0.0,normalDay
2021-01-07,7945.0,296.0,0.0,0,379.1,0.0,1,3.68,0.72,SPY210115P00363000,363.0,0,0.0,0.0,,0.0,normalDay
2021-01-08,7945.0,325.0,0.0,0,381.26,0.0,1,3.68,0.43,SPY210115P00363000,363.0,0,0.0,0.0,,0.0,normalDay
2021-01-11,7945.0,327.0,0.0,0,378.69,0.0,1,3.68,0.41,SPY210115P00363000,363.0,0,0.0,0.0,,0.0,normalDay
2021-01-12,7945.0,346.0,0.0,0,378.77,0.0,1,3.68,0.22,SPY210115P00363000,363.0,0,0.0,0.0,,0.0,normalDay
2021-01-13,7945.0,358.0,0.0,0,379.79,0.0,1,3.68,0.1,SPY210115P00363000,363.0,0,0.0,0.0,,0.0,normalDay
2021-01-14,7945.0,360.0,0.0,0,378.46,0.0,1,3.68,0.08,SPY210115P00363000,363.0,0,0.0,0.0,,0.0,normalDay
2021-01-15,8313.0,0.0,368.0,0,375.7,0.0,1,3.68,0.0,SPY210115P00363000,363.0,0,0.0,0.0,,0.0,expirationDay
2021-01-19,8313.0,-3.0,0.0,0,378.65,0.0,1,1.11,1.14,SPY210129P00361000,361.0,0,0.0,0.0,,0.0,normalDay
2021-01-20,8313.0,62.0,0.0,0,383.89,0.0,1,1.11,0.49,SPY210129P00361000,361.0,0,0.0,0.0,,0.0,normalDay
2021-01-21,8313.0,77.0,0.0,0,384.24,0.0,1,1.11,0.34,SPY210129P00361000,361.0,0,0.0,0.0,,0.0,normalDay
2021-01-22,8313.0,84.0,0.0,0,382.88,0.0,1,1.11,0.27,SPY210129P00361000,361.0,0,0.0,0.0,,0.0,normalDay
2021-01-25,8313.0,96.0,0.0,0,384.39,0.0,1,1.11,0.15,SPY210129P00361000,361.0,0,0.0,0.0,,0.0,normalDay
2021-01-26,8313.0,101.0,0.0,0,383.79,0.0,1,1.11,0.1,SPY210129P00361000,361.0,0,0.0,0.0,,0.0,normalDay
2021-01-27,8313.0,14.0,0.0,0,374.41,0.0,1,1.11,0.97,SPY210129P00361000,361.0,0,0.0,0.0,,0.0,normalDay
2021-01-28,8313.0,103.0,0.0,0,377.63,0.0,1,1.11,0.08,SPY210129P00361000,361.0,0,0.0,0.0,,0.0,normalDay
2021-01-29,8424.0,0.0,111.0,0,370.07,0.0,1,1.11,0.0,SPY210129P00361000,361.0,0,0.0,0.0,,0.0,expirationDay
2021-02-01,8424.0,-6.0,0.0,0,376.23,0.0,1,3.37,3.43,SPY210212P00365000,365.0,0,0.0,0.0,,0.0,normalDay
2021-02-02,8424.0,203.0,0.0,0,381.55,0.0,1,3.37,1.34,SPY210212P00365000,365.0,0,0.0,0.0,,0.0,normalDay
2021-02-03,8424.0,254.0,0.0,0,381.85,0.0,1,3.37,0.83,SPY210212P00365000,365.0,0,0.0,0.0,,0.0,normalDay
2021-02-04,8424.0,298.0,0.0,0,386.19,0.0,1,3.37,0.39,SPY210212P00365000,365.0,0,0.0,0.0,,0.0,normalDay
2021-02-05,8424.0,321.0,0.0,0,387.71,0.0,1,3.37,0.16,SPY210212P00365000,365.0,0,0.0,0.0,,0.0,normalDay
2021-02-08,8424.0,330.0,0.0,0,390.51,0.0,1,3.37,0.07,SPY210212P00365000,365.0,0,0.0,0.0,,0.0,normalDay
2021-02-09,8424.0,332.0,0.0,0,390.25,0.0,1,3.37,0.05,SPY210212P00365000,365.0,0,0.0,0.0,,0.0,normalDay
2021-02-10,8424.0,332.0,0.0,0,390.08,0.0,1,3.37,0.05,SPY210212P00365000,365.0,0,0.0,0.0,,0.0,normalDay
2021-02-11,8424.0,336.0,0.0,0,390.71,0.0,1,3.37,0.01,SPY210212P00365000,365.0,0,0.0,0.0,,0.0,normalDay
2021-02-12,8761.0,0.0,337.0,0,392.64,0.0,1,3.37,0.0,SPY210212P00365000,365.0,0,0.0,0.0,,0.0,expirationDay
2021-02-16,8761.0,-3.0,0.0,0,392.3,0.0,1,0.46,0.49,SPY210226P00366000,366.0,0,0.0,0.0,,0.0,normalDay
2021-02-17,8761.0,10.0,0.0,0,392.39,0.0,1,0.46,0.36,SPY210226P00366000,366.0,0,0.0,0.0,,0.0,normalDay
2021-02-18,8761.0,6.0,0.0,0,390.72,0.0,1,0.46,0.4,SPY210226P00366000,366.0,0,0.0,0.0,,0.0,normalDay
2021-02-19,8761.0,26.0,0.0,0,390.03,0.0,1,0.46,0.2,SPY210226P00366000,366.0,0,0.0,0.0,,0.0,normalDay
2021-02-22,8761.0,27.0,0.0,0,387.03,0.0,1,0.46,0.19,SPY210226P00366000,366.0,0,0.0,0.0,,0.0,normalDay
2021-02-23,8761.0,35.0,0.0,0,387.5,0.0,1,0.46,0.11,SPY210226P00366000,366.0,0,0.0,0.0,,0.0,normalDay
2021-02-24,8761.0,43.0,0.0,0,391.77,0.0,1,0.46,0.03,SPY210226P00366000,366.0,0,0.0,0.0,,0.0,normalDay
2021-02-25,8761.0,34.0,0.0,0,382.33,0.0,1,0.46,0.12,SPY210226P00366000,366.0,0,0.0,0.0,,0.0,normalDay
2021-02-26,8807.0,0.0,46.0,0,380.36,0.0,1,0.46,0.0,SPY210226P00366000,366.0,0,0.0,0.0,,0.0,expirationDay
2021-03-01,8807.0,-4.0,0.0,0,389.58,0.0,1,1.64,1.68,SPY210312P00374000,374.0,0,0.0,0.0,,0.0,normalDay
2021-03-02,8807.0,-44.0,0.0,0,386.54,0.0,1,1.64,2.08,SPY210312P00374000,374.0,0,0.0,0.0,,0.0,normalDay
2021-03-03,8807.0,-163.0,0.0,0,381.42,0.0,1,1.64,3.27,SPY210312P00374000,374.0,0,0.0,0.0,,0.0,normalDay
2021-03-04,8807.0,-321.0,0.0,0,376.7,0.0,1,1.64,4.85,SPY210312P00374000,374.0,0,0.0,0.0,,0.0,normalDay
2021-03-05,8807.0,-30.0,0.0,0,383.63,0.0,1,1.64,1.94,SPY210312P00374000,374.0,0,0.0,0.0,,0.0,normalDay
2021-03-08,8807.0,-17.0,0.0,0,381.72,0.0,1,1.64,1.81,SPY210312P00374000,374.0,0,0.0,0.0,,0.0,normalDay
2021-03-09,8807.0,111.0,0.0,0,387.17,0.0,1,1.64,0.53,SPY210312P00374000,374.0,0,0.0,0.0,,0.0,normalDay
2021-03-10,8807.0,155.0,0.0,0,389.58,0.0,1,1.64,0.09,SPY210312P00374000,374.0,0,0.0,0.0,,0.0,normalDay
2021-03-11,8807.0,162.0,0.0,0,393.53,0.0,1,1.64,0.02,SPY210312P00374000,374.0,0,0.0,0.0,,0.0,normalDay
2021-03-12,8971.0,0.0,164.0,0,394.06,0.0,1,1.64,0.0,SPY210312P00374000,374.0,0,0.0,0.0,,0.0,expirationDay
2021-03-15,8971.0,-4.0,0.0,0,396.41,0.0,1,0.59,0.63,SPY210326P00373000,373.0,0,0.0,0.0,,0.0,normalDay
2021-03-16,8971.0,-2.0,0.0,0,395.91,0.0,1,0.59,0.61,SPY210326P00373000,373.0,0,0.0,0.0,,0.0,normalDay
2021-03-17,8971.0,22.0,0.0,0,397.26,0.0,1,0.59,0.37,SPY210326P00373000,373.0,0,0.0,0.0,,0.0,normalDay
2021-03-18,8971.0,-17.0,0.0,0,391.48,0.0,1,0.59,0.76,SPY210326P00373000,373.0,0,0.0,0.0,,0.0,normalDay
2021-03-19,8971.0,6.0,0.0,0,389.48,0.0,1,0.59,0.53,SPY210326P00373000,373.0,0,0.0,0.0,,0.0,normalDay
2021-03-22,8971.0,50.0,0.0,0,392.59,0.0,1,0.59,0.09,SPY210326P00373000,373.0,0,0.0,0.0,,0.0,normalDay
2021-03-23,8971.0,44.0,0.0,0,389.5,0.0,1,0.59,0.15,SPY210326P00373000,373.0,0,0.0,0.0,,0.0,normalDay
2021-03-24,8971.0,47.0,0.0,0,387.52,0.0,1,0.59,0.12,SPY210326P00373000,373.0,0,0.0,0.0,,0.0,normalDay
2021-03-25,8971.0,57.0,0.0,0,389.7,0.0,1,0.59,0.02,SPY210326P00373000,373.0,0,0.0,0.0,,0.0,normalDay
2021-03-26,9030.0,0.0,59.0,0,395.98,0.0,1,0.59,0.0,SPY210326P00373000,373.0,0,0.0,0.0,,0.0,expirationDay
2021-03-29,9030.0,-3.0,0.0,0,395.78,0.0,1,0.74,0.77,SPY210409P00374000,374.0,0,0.0,0.0,,0.0,normalDay
2021-03-30,9030.0,14.0,0.0,0,394.73,0.0,1,0.74,0.6,SPY210409P00374000,374.0,0,0.0,0.0,,0.0,normalDay
2021-03-31,9030.0,43.0,0.0,0,396.33,0.0,1,0.74,0.31,SPY210409P00374000,374.0,0,0.0,0.0,,0.0,normalDay
2021-04-01,9030.0,67.0,0.0,0,400.61,0.0,1,0.74,0.07,SPY210409P00374000,374.0,0,0.0,0.0,,0.0,normalDay
2021-04-05,9030.0,69.0,0.0,0,406.36,0.0,1,0.74,0.05,SPY210409P00374000,374.0,0,0.0,0.0,,0.0,normalDay
2021-04-06,9030.0,70.0,0.0,0,406.12,0.0,1,0.74,0.04,SPY210409P00374000,374.0,0,0.0,0.0,,0.0,normalDay
2021-04-07,9030.0,72.0,0.0,0,406.59,0.0,1,0.74,0.02,SPY210409P00374000,374.0,0,0.0,0.0,,0.0,normalDay
2021-04-08,9030.0,73.0,0.0,0,408.52,0.0,1,0.74,0.01,SPY210409P00374000,374.0,0,0.0,0.0,,0.0,normalDay
2021-04-09,9104.0,0.0,74.0,0,411.49,0.0,1,0.74,0.0,SPY210409P00374000,374.0,0,0.0,0.0,,0.0,expirationDay
2021-04-12,9104.0,-3.0,0.0,0,411.64,0.0,1,0.1,0.13,SPY210423P00377000,377.0,0,0.0,0.0,,0.0,normalDay
2021-04-13,9104.0,0.0,0.0,0,412.86,0.0,1,0.1,0.1,SPY210423P00377000,377.0,0,0.0,0.0,,0.0,normalDay
2021-04-14,9104.0,0.0,0.0,0,411.45,0.0,1,0.1,0.1,SPY210423P00377000,377.0,0,0.0,0.0,,0.0,normalDay
2021-04-15,9104.0,2.0,0.0,0,415.87,0.0,1,0.1,0.08,SPY210423P00377000,377.0,0,0.0,0.0,,0.0,normalDay
2021-04-16,9104.0,7.0,0.0,0,417.26,0.0,1,0.1,0.03,SPY210423P00377000,377.0,0,0.0,0.0,,0.0,normalDay
2021-04-19,9104.0,8.0,0.0,0,415.21,0.0,1,0.1,0.02,SPY210423P00377000,377.0,0,0.0,0.0,,0.0,normalDay
2021-04-20,9104.0,8.0,0.0,0,412.17,0.0,1,0.1,0.02,SPY210423P00377000,377.0,0,0.0,0.0,,0.0,normalDay
2021-04-21,9104.0,9.0,0.0,0,416.07,0.0,1,0.1,0.01,SPY210423P00377000,377.0,0,0.0,0.0,,0.0,normalDay
2021-04-22,9104.0,9.0,0.0,0,412.27,0.0,1,0.1,0.01,SPY210423P00377000,377.0,0,0.0,0.0,,0.0,normalDay
2021-04-23,9114.0,0.0,10.0,0,416.74,0.0,1,0.1,0.0,SPY210423P00377000,377.0,0,0.0,0.0,,0.0,expirationDay
2021-04-26,9114.0,-4.0,0.0,0,417.61,0.0,1,0.21,0.25,SPY210507P00389000,389.0,0,0.0,0.0,,0.0,normalDay
2021-04-27,9114.0,1.0,0.0,0,417.52,0.0,1,0.21,0.2,SPY210507P00389000,389.0,0,0.0,0.0,,0.0,normalDay
2021-04-28,9114.0,9.0,0.0,0,417.4,0.0,1,0.21,0.12,SPY210507P00389000,389.0,0,0.0,0.0,,0.0,normalDay
2021-04-29,9114.0,11.0,0.0,0,420.06,0.0,1,0.21,0.1,SPY210507P00389000,389.0,0,0.0,0.0,,0.0,normalDay
2021-04-30,9114.0,8.0,0.0,0,417.3,0.0,1,0.21,0.13,SPY210507P00389000,389.0,0,0.0,0.0,,0.0,normalDay
2021-05-03,9114.0,13.0,0.0,0,418.2,0.0,1,0.21,0.08,SPY210507P00389000,389.0,0,0.0,0.0,,0.0,normalDay
2021-05-04,9114.0,13.0,0.0,0,415.62,0.0,1,0.21,0.08,SPY210507P00389000,389.0,0,0.0,0.0,,0.0,normalDay
2021-05-05,9114.0,14.0,0.0,0,415.75,0.0,1,0.21,0.07,SPY210507P00389000,389.0,0,0.0,0.0,,0.0,normalDay
2021-05-06,9114.0,19.0,0.0,0,419.07,0.0,1,0.21,0.02,SPY210507P00389000,389.0,0,0.0,0.0,,0.0,normalDay
2021-05-07,9135.0,0.0,21.0,0,422.12,0.0,1,0.21,0.0,SPY210507P00389000,389.0,0,0.0,0.0,,0.0,expirationDay
2021-05-10,9135.0,-3.0,0.0,0,417.94,0.0,1,2.25,2.28,SPY210521P00409000,409.0,0,0.0,0.0,,0.0,normalDay
2021-05-11,9135.0,-109.0,0.0,0,414.21,0.0,1,2.25,3.34,SPY210521P00409000,409.0,0,0.0,0.0,,0.0,normalDay
2021-05-12,9135.0,-558.0,0.0,0,405.41,0.0,1,2.25,7.83,SPY210521P00409000,409.0,0,0.0,0.0,,0.0,normalDay
2021-05-13,9135.0,-225.0,0.0,0,410.28,0.0,1,2.25,4.5,SPY210521P00409000,409.0,0,0.0,0.0,,0.0,normalDay
2021-05-14,9135.0,88.0,0.0,0,416.58,0.0,1,2.25,1.37,SPY210521P00409000,409.0,0,0.0,0.0,,0.0,normalDay
2021-05-17,9135.0,107.0,0.0,0,415.52,0.0,1,2.25,1.18,SPY210521P00409000,409.0,0,0.0,0.0,,0.0,normalDay
2021-05-18,9135.0,41.0,0.0,0,411.94,0.0,1,2.25,1.84,SPY210521P00409000,409.0,0,0.0,0.0,,0.0,normalDay
2021-05-19,9135.0,51.0,0.0,0,410.86,0.0,1,2.25,1.74,SPY210521P00409000,409.0,0,0.0,0.0,,0.0,normalDay
2021-05-20,9135.0,207.0,0.0,0,415.28,0.0,1,2.25,0.18,SPY210521P00409000,409.0,0,0.0,0.0,,0.0,normalDay
2021-05-21,9360.0,0.0,225.0,0,414.94,0.0,1,2.25,0.0,SPY210521P00409000,409.0,0,0.0,0.0,,0.0,expirationDay
2021-05-24,9360.0,-3.0,0.0,0,419.17,0.0,1,0.86,0.89,SPY210604P00405000,405.0,0,0.0,0.0,,0.0,normalDay
2021-05-25,9360.0,-12.0,0.0,0,418.24,0.0,1,0.86,0.98,SPY210604P00405000,405.0,0,0.0,0.0,,0.0,normalDay
2021-05-26,9360.0,26.0,0.0,0,419.07,0.0,1,0.86,0.6,SPY210604P00405000,405.0,0,0.0,0.0,,0.0,normalDay
2021-05-27,9360.0,49.0,0.0,0,419.29,0.0,1,0.86,0.37,SPY210604P00405000,405.0,0,0.0,0.0,,0.0,normalDay
2021-05-28,9360.0,62.0,0.0,0,420.04,0.0,1,0.86,0.24,SPY210604P00405000,405.0,0,0.0,0.0,,0.0,normalDay
2021-06-01,9360.0,76.0,0.0,0,419.67,0.0,1,0.86,0.1,SPY210604P00405000,405.0,0,0.0,0.0,,0.0,normalDay
2021-06-02,9360.0,82.0,0.0,0,420.33,0.0,1,0.86,0.04,SPY210604P00405000,405.0,0,0.0,0.0,,0.0,normalDay
2021-06-03,9360.0,82.0,0.0,0,418.77,0.0,1,0.86,0.04,SPY210604P00405000,405.0,0,0.0,0.0,,0.0,normalDay
2021-06-04,9446.0,0.0,86.0,0,422.6,0.0,1,0.86,0.0,SPY210604P00405000,405.0,0,0.0,0.0,,0.0,expirationDay
2021-06-07,9446.0,-3.0,0.0,0,422.19,0.0,1,0.59,0.62,SPY210618P00404000,404.0,0,0.0,0.0,,0.0,normalDay
2021-06-08,9446.0,-13.0,0.0,0,422.28,0.0,1,0.59,0.72,SPY210618P00404000,404.0,0,0.0,0.0,,0.0,normalDay
2021-06-09,9446.0,-24.0,0.0,0,421.65,0.0,1,0.59,0.83,SPY210618P00404000,404.0,0,0.0,0.0,,0.0,normalDay
2021-06-10,9446.0,21.0,0.0,0,423.61,0.0,1,0.59,0.38,SPY210618P00404000,404.0,0,0.0,0.0,,0.0,normalDay
2021-06-11,9446.0,30.0,0.0,0,424.31,0.0,1,0.59,0.29,SPY210618P00404000,404.0,0,0.0,0.0,,0.0,normalDay
2021-06-14,9446.0,42.0,0.0,0,425.26,0.0,1,0.59,0.17,SPY210618P00404000,404.0,0,0.0,0.0,,0.0,normalDay
2021-06-15,9446.0,38.0,0.0,0,424.48,0.0,1,0.59,0.21,SPY210618P00404000,404.0,0,0.0,0.0,,0.0,normalDay
2021-06-16,9446.0,31.0,0.0,0,422.11,0.0,1,0.59,0.28,SPY210618P00404000,404.0,0,0.0,0.0,,0.0,normalDay
2021-06-17,9446.0,48.0,0.0,0,421.97,0.0,1,0.59,0.11,SPY210618P00404000,404.0,0,0.0,0.0,,0.0,normalDay
2021-06-18,9505.0,0.0,59.0,0,414.92,0.0,1,0.59,0.0,SPY210618P00404000,404.0,0,0.0,0.0,,0.0,expirationDay
2021-06-21,9505.0,-4.0,0.0,0,420.86,0.0,1,1.86,1.9,SPY210702P00414000,414.0,0,0.0,0.0,,0.0,normalDay
2021-06-22,9505.0,69.0,0.0,0,423.11,0.0,1,1.86,1.17,SPY210702P00414000,414.0,0,0.0,0.0,,0.0,normalDay
2021-06-23,9505.0,91.0,0.0,0,422.6,0.0,1,1.86,0.95,SPY210702P00414000,414.0,0,0.0,0.0,,0.0,normalDay
2021-06-24,9505.0,132.0,0.0,0,425.1,0.0,1,1.86,0.54,SPY210702P00414000,414.0,0,0.0,0.0,,0.0,normalDay
2021-06-25,9505.0,155.0,0.0,0,426.61,0.0,1,1.86,0.31,SPY210702P00414000,414.0,0,0.0,0.0,,0.0,normalDay
2021-06-28,9505.0,173.0,0.0,0,427.47,0.0,1,1.86,0.13,SPY210702P00414000,414.0,0,0.0,0.0,,0.0,normalDay
2021-06-29,9505.0,177.0,0.0,0,427.7,0.0,1,1.86,0.09,SPY210702P00414000,414.0,0,0.0,0.0,,0.0,normalDay
2021-06-30,9505.0,181.0,0.0,0,428.06,0.0,1,1.86,0.05,SPY210702P00414000,414.0,0,0.0,0.0,,0.0,normalDay
2021-07-01,9505.0,184.0,0.0,0,430.43,0.0,1,1.86,0.02,SPY210702P00414000,414.0,0,0.0,0.0,,0.0,normalDay
2021-07-02,9691.0,0.0,186.0,0,433.72,0.0,1,1.86,0.0,SPY210702P00414000,414.0,0,0.0,0.0,,0.0,expirationDay
2021-07-06,9691.0,-3.0,0.0,0,432.93,0.0,1,0.48,0.51,SPY210716P00413000,413.0,0,0.0,0.0,,0.0,normalDay
2021-07-07,9691.0,13.0,0.0,0,434.46,0.0,1,0.48,0.35,SPY210716P00413000,413.0,0,0.0,0.0,,0.0,normalDay
2021-07-08,9691.0,-30.0,0.0,0,430.92,0.0,1,0.48,0.78,SPY210716P00413000,413.0,0,0.0,0.0,,0.0,normalDay
2021-07-09,9691.0,26.0,0.0,0,435.52,0.0,1,0.48,0.22,SPY210716P00413000,413.0,0,0.0,0.0,,0.0,normalDay
2021-07-12,9691.0,39.0,0.0,0,437.08,0.0,1,0.48,0.09,SPY210716P00413000,413.0,0,0.0,0.0,,0.0,normalDay
2021-07-13,9691.0,37.0,0.0,0,435.59,0.0,1,0.48,0.11,SPY210716P00413000,413.0,0,0.0,0.0,,0.0,normalDay
2021-07-14,9691.0,44.0,0.0,0,436.24,0.0,1,0.48,0.04,SPY210716P00413000,413.0,0,0.0,0.0,,0.0,normalDay
2021-07-15,9691.0,45.0,0.0,0,434.75,0.0,1,0.48,0.03,SPY210716P00413000,413.0,0,0.0,0.0,,0.0,normalDay
2021-07-16,9739.0,0.0,48.0,0,431.34,0.0,1,0.48,0.0,SPY210716P00413000,413.0,0,0.0,0.0,,0.0,expirationDay
2021-07-19,9739.0,-4.0,0.0,0,424.97,0.0,1,2.97,3.01,SPY210730P00416000,416.0,0,0.0,0.0,,0.0,normalDay
2021-07-20,9739.0,163.0,0.0,0,431.06,0.0,1,2.97,1.34,SPY210730P00416000,416.0,0,0.0,0.0,,0.0,normalDay
2021-07-21,9739.0,246.0,0.0,0,434.55,0.0,1,2.97,0.51,SPY210730P00416000,416.0,0,0.0,0.0,,0.0,normalDay
2021-07-22,9739.0,262.0,0.0,0,435.46,0.0,1,2.97,0.35,SPY210730P00416000,416.0,0,0.0,0.0,,0.0,normalDay
2021-07-23,9739.0,285.0,0.0,0,439.94,0.0,1,2.97,0.12,SPY210730P00416000,416.0,0,0.0,0.0,,0.0,normalDay
2021-07-26,9739.0,292.0,0.0,0,441.02,0.0,1,2.97,0.05,SPY210730P00416000,416.0,0,0.0,0.0,,0.0,normalDay
2021-07-27,9739.0,286.0,0.0,0,439.01,0.0,1,2.97,0.11,SPY210730P00416000,416.0,0,0.0,0.0,,0.0,normalDay
2021-07-28,9739.0,293.0,0.0,0,438.83,0.0,1,2.97,0.04,SPY210730P00416000,416.0,0,0.0,0.0,,0.0,normalDay
2021-07-29,9739.0,295.0,0.0,0,440.65,0.0,1,2.97,0.02,SPY210730P00416000,416.0,0,0.0,0.0,,0.0,normalDay
2021-07-30,10036.0,0.0,297.0,0,438.51,0.0,1,2.97,0.0,SPY210730P00416000,416.0,0,0.0,0.0,,0.0,expirationDay
2021-08-02,10036.0,-3.0,0.0,0,437.59,0.0,1,1.29,1.32,SPY210813P00424000,424.0,0,0.0,0.0,,0.0,normalDay
2021-08-03,10036.0,69.0,0.0,0,441.15,0.0,1,1.29,0.6,SPY210813P00424000,424.0,0,0.0,0.0,,0.0,normalDay
2021-08-04,10036.0,69.0,0.0,0,438.98,0.0,1,1.29,0.6,SPY210813P00424000,424.0,0,0.0,0.0,,0.0,normalDay
2021-08-05,10036.0,94.0,0.0,0,441.76,0.0,1,1.29,0.35,SPY210813P00424000,424.0,0,0.0,0.0,,0.0,normalDay
2021-08-06,10036.0,117.0,0.0,0,442.49,0.0,1,1.29,0.12,SPY210813P00424000,424.0,0,0.0,0.0,,0.0,normalDay
2021-08-09,10036.0,121.0,0.0,0,442.13,0.0,1,1.29,0.08,SPY210813P00424000,424.0,0,0.0,0.0,,0.0,normalDay
2021-08-10,10036.0,121.0,0.0,0,442.68,0.0,1,1.29,0.08,SPY210813P00424000,424.0,0,0.0,0.0,,0.0,normalDay
2021-08-11,10036.0,125.0,0.0,0,443.78,0.0,1,1.29,0.04,SPY210813P00424000,424.0,0,0.0,0.0,,0.0,normalDay
2021-08-12,10036.0,126.0,0.0,0,445.11,0.0,1,1.29,0.03,SPY210813P00424000,424.0,0,0.0,0.0,,0.0,normalDay
2021-08-13,10165.0,0.0,129.0,0,445.92,0.0,1,1.29,0.0,SPY210813P00424000,424.0,0,0.0,0.0,,0.0,expirationDay
2021-08-16,10165.0,-3.0,0.0,0,446.97,0.0,1,0.61,0.64,SPY210827P00430000,430.0,0,0.0,0.0,,0.0,normalDay
2021-08-17,10165.0,-57.0,0.0,0,444.04,0.0,1,0.61,1.18,SPY210827P00430000,430.0,0,0.0,0.0,,0.0,normalDay
2021-08-18,10165.0,-186.0,0.0,0,439.18,0.0,1,0.61,2.47,SPY210827P00430000,430.0,0,0.0,0.0,,0.0,normalDay
2021-08-19,10165.0,-140.0,0.0,0,439.86,0.0,1,0.61,2.01,SPY210827P00430000,430.0,0,0.0,0.0,,0.0,normalDay
2021-08-20,10165.0,2.0,0.0,0,443.36,0.0,1,0.61,0.59,SPY210827P00430000,430.0,0,0.0,0.0,,0.0,normalDay
2021-08-23,10165.0,48.0,0.0,0,447.26,0.0,1,0.61,0.13,SPY210827P00430000,430.0,0,0.0,0.0,,0.0,normalDay
2021-08-24,10165.0,52.0,0.0,0,447.97,0.0,1,0.61,0.09,SPY210827P00430000,430.0,0,0.0,0.0,,0.0,normalDay
2021-08-25,10165.0,56.0,0.0,0,448.91,0.0,1,0.61,0.05,SPY210827P00430000,430.0,0,0.0,0.0,,0.0,normalDay
2021-08-26,10165.0,54.0,0.0,0,446.26,0.0,1,0.61,0.07,SPY210827P00430000,430.0,0,0.0,0.0,,0.0,normalDay
2021-08-27,10226.0,0.0,61.0,0,450.25,0.0,1,0.61,0.0,SPY210827P00430000,430.0,0,0.0,0.0,,0.0,expirationDay
2021-08-30,10226.0,-3.0,0.0,0,452.23,0.0,1,0.43,0.46,SPY210910P00434000,434.0,0,0.0,0.0,,0.0,normalDay
2021-08-31,10226.0,-5.0,0.0,0,451.56,0.0,1,0.43,0.48,SPY210910P00434000,434.0,0,0.0,0.0,,0.0,normalDay
2021-09-01,10226.0,9.0,0.0,0,451.8,0.0,1,0.43,0.34,SPY210910P00434000,434.0,0,0.0,0.0,,0.0,normalDay
2021-09-02,10226.0,12.0,0.0,0,453.19,0.0,1,0.43,0.31,SPY210910P00434000,434.0,0,0.0,0.0,,0.0,normalDay
2021-09-03,10226.0,24.0,0.0,0,453.08,0.0,1,0.43,0.19,SPY210910P00434000,434.0,0,0.0,0.0,,0.0,normalDay
2021-09-07,10226.0,32.0,0.0,0,451.46,0.0,1,0.43,0.11,SPY210910P00434000,434.0,0,0.0,0.0,,0.0,normalDay
2021-09-08,10226.0,36.0,0.0,0,450.91,0.0,1,0.43,0.07,SPY210910P00434000,434.0,0,0.0,0.0,,0.0,normalDay
2021-09-09,10226.0,39.0,0.0,0,448.98,0.0,1,0.43,0.04,SPY210910P00434000,434.0,0,0.0,0.0,,0.0,normalDay
2021-09-10,10269.0,0.0,43.0,0,445.44,0.0,1,0.43,0.0,SPY210910P00434000,434.0,0,0.0,0.0,,0.0,expirationDay
2021-09-13,10269.0,-4.0,0.0,0,446.58,0.0,1,2.31,2.35,SPY210924P00436000,436.0,0,0.0,0.0,,0.0,normalDay
2021-09-14,10269.0,-33.0,0.0,0,444.17,0.0,1,2.31,2.64,SPY210924P00436000,436.0,0,0.0,0.0,,0.0,normalDay
2021-09-15,10269.0,101.0,0.0,0,447.88,0.0,1,2.31,1.3,SPY210924P00436000,436.0,0,0.0,0.0,,0.0,normalDay
2021-09-16,10269.0,99.0,0.0,0,447.17,0.0,1,2.31,1.32,SPY210924P00436000,436.0,0,0.0,0.0,,0.0,normalDay
2021-09-17,10269.0,-11.0,0.0,0,441.4,0.0,1,2.31,2.42,SPY210924P00436000,436.0,0,0.0,0.0,,0.0,normalDay
2021-09-20,10269.0,-300.0,0.0,0,434.04,0.0,1,2.31,5.31,SPY210924P00436000,436.0,0,0.0,0.0,,0.0,normalDay
2021-09-21,10269.0,-258.0,0.0,0,433.63,0.0,1,2.31,4.89,SPY210924P00436000,436.0,0,0.0,0.0,,0.0,normalDay
2021-09-22,10269.0,63.0,0.0,0,437.86,0.0,1,2.31,1.68,SPY210924P00436000,436.0,0,0.0,0.0,,0.0,normalDay
2021-09-23,10269.0,218.0,0.0,0,443.18,0.0,1,2.31,0.13,SPY210924P00436000,436.0,0,0.0,0.0,,0.0,normalDay
2021-09-24,10500.0,0.0,231.0,0,443.91,0.0,1,2.31,0.0,SPY210924P00436000,436.0,0,0.0,0.0,,0.0,expirationDay
2021-09-27,10500.0,-3.0,0.0,0,442.64,0.0,1,1.4,1.43,SPY211008P00429000,429.0,0,0.0,0.0,,0.0,normalDay
2021-09-28,10500.0,-276.0,0.0,0,433.72,0.0,1,1.4,4.16,SPY211008P00429000,429.0,0,0.0,0.0,,0.0,normalDay
2021-09-29,10500.0,-197.0,0.0,0,434.45,0.0,1,1.4,3.37,SPY211008P00429000,429.0,0,0.0,0.0,,0.0,normalDay
2021-09-30,10500.0,-357.0,0.0,0,429.14,0.0,1,1.4,4.97,SPY211008P00429000,429.0,0,0.0,0.0,,0.0,normalDay
2021-10-01,10500.0,-96.0,0.0,0,434.24,0.0,1,1.4,2.36,SPY211008P00429000,429.0,0,0.0,0.0,,0.0,normalDay
2021-10-04,10500.0,-273.0,0.0,0,428.64,0.0,1,1.4,4.13,SPY211008P00429000,429.0,0,0.0,0.0,,0.0,normalDay
2021-10-05,10500.0,-26.0,0.0,0,433.1,0.0,1,1.4,1.66,SPY211008P00429000,429.0,0,0.0,0.0,,0.0,normalDay
2021-10-06,10500.0,43.0,0.0,0,434.9,0.0,1,1.4,0.97,SPY211008P00429000,429.0,0,0.0,0.0,,0.0,normalDay
2021-10-07,10500.0,130.0,0.0,0,438.66,0.0,1,1.4,0.1,SPY211008P00429000,429.0,0,0.0,0.0,,0.0,normalDay
2021-10-08,10640.0,0.0,140.0,0,437.86,0.0,1,1.4,0.0,SPY211008P00429000,429.0,0,0.0,0.0,,0.0,expirationDay
2021-10-11,10640.0,-3.0,0.0,0,434.69,0.0,1,2.07,2.1,SPY211022P00422000,422.0,0,0.0,0.0,,0.0,normalDay
2021-10-12,10640.0,-1.0,0.0,0,433.62,0.0,1,2.07,2.08,SPY211022P00422000,422.0,0,0.0,0.0,,0.0,normalDay
2021-10-13,10640.0,92.0,0.0,0,435.18,0.0,1,2.07,1.15,SPY211022P00422000,422.0,0,0.0,0.0,,0.0,normalDay
2021-10-14,10640.0,172.0,0.0,0,442.5,0.0,1,2.07,0.35,SPY211022P00422000,422.0,0,0.0,0.0,,0.0,normalDay
2021-10-15,10640.0,190.0,0.0,0,445.87,0.0,1,2.07,0.17,SPY211022P00422000,422.0,0,0.0,0.0,,0.0,normalDay
2021-10-18,10640.0,201.0,0.0,0,447.19,0.0,1,2.07,0.06,SPY211022P00422000,422.0,0,0.0,0.0,,0.0,normalDay
2021-10-19,10640.0,203.0,0.0,0,450.64,0.0,1,2.07,0.04,SPY211022P00422000,422.0,0,0.0,0.0,,0.0,normalDay
2021-10-20,10640.0,204.0,0.0,0,452.41,0.0,1,2.07,0.03,SPY211022P00422000,422.0,0,0.0,0.0,,0.0,normalDay
2021-10-21,10640.0,206.0,0.0,0,453.59,0.0,1,2.07,0.01,SPY211022P00422000,422.0,0,0.0,0.0,,0.0,normalDay
2021-10-22,10847.0,0.0,207.0,0,453.12,0.0,1,2.07,0.0,SPY211022P00422000,422.0,0,0.0,0.0,,0.0,expirationDay
2021-10-25,10847.0,-3.0,0.0,0,455.55,0.0,1,0.13,0.16,SPY211105P00416000,416.0,0,0.0,0.0,,0.0,normalDay
2021-10-26,10847.0,-5.0,0.0,0,455.96,0.0,1,0.13,0.18,SPY211105P00416000,416.0,0,0.0,0.0,,0.0,normalDay
2021-10-27,10847.0,-5.0,0.0,0,453.94,0.0,1,0.13,0.18,SPY211105P00416000,416.0,0,0.0,0.0,,0.0,normalDay
2021-10-28,10847.0,2.0,0.0,0,458.32,0.0,1,0.13,0.11,SPY211105P00416000,416.0,0,0.0,0.0,,0.0,normalDay
2021-10-29,10847.0,7.0,0.0,0,459.25,0.0,1,0.13,0.06,SPY211105P00416000,416.0,0,0.0,0.0,,0.0,normalDay
2021-11-01,10847.0,9.0,0.0,0,460.04,0.0,1,0.13,0.04,SPY211105P00416000,416.0,0,0.0,0.0,,0.0,normalDay
2021-11-02,10847.0,10.0,0.0,0,461.9,0.0,1,0.13,0.03,SPY211105P00416000,416.0,0,0.0,0.0,,0.0,normalDay
2021-11-03,10847.0,11.0,0.0,0,464.72,0.0,1,0.13,0.02,SPY211105P00416000,416.0,0,0.0,0.0,,0.0,normalDay
2021-11-04,10847.0,12.0,0.0,0,466.91,0.0,1,0.13,0.01,SPY211105P00416000,416.0,0,0.0,0.0,,0.0,normalDay
2021-11-05,10860.0,0.0,13.0,0,468.53,0.0,1,0.13,0.0,SPY211105P00416000,416.0,0,0.0,0.0,,0.0,expirationDay
2021-11-08,10860.0,-3.0,0.0,0,468.93,0.0,1,0.22,0.25,SPY211119P00426000,426.0,0,0.0,0.0,,0.0,normalDay
2021-11-09,10860.0,-1.0,0.0,0,467.38,0.0,1,0.22,0.23,SPY211119P00426000,426.0,0,0.0,0.0,,0.0,normalDay
2021-11-10,10860.0,-2.0,0.0,0,463.62,0.0,1,0.22,0.24,SPY211119P00426000,426.0,0,0.0,0.0,,0.0,normalDay
2021-11-11,10860.0,8.0,0.0,0,463.77,0.0,1,0.22,0.14,SPY211119P00426000,426.0,0,0.0,0.0,,0.0,normalDay
2021-11-12,10860.0,15.0,0.0,0,467.27,0.0,1,0.22,0.07,SPY211119P00426000,426.0,0,0.0,0.0,,0.0,normalDay
2021-11-15,10860.0,19.0,0.0,0,467.43,0.0,1,0.22,0.03,SPY211119P00426000,426.0,0,0.0,0.0,,0.0,normalDay
2021-11-16,10860.0,19.0,0.0,0,469.28,0.0,1,0.22,0.03,SPY211119P00426000,426.0,0,0.0,0.0,,0.0,normalDay
2021-11-17,10860.0,20.0,0.0,0,468.14,0.0,1,0.22,0.02,SPY211119P00426000,426.0,0,0.0,0.0,,0.0,normalDay
2021-11-18,10860.0,21.0,0.0,0,469.73,0.0,1,0.22,0.01,SPY211119P00426000,426.0,0,0.0,0.0,,0.0,normalDay
2021-11-19,10882.0,0.0,22.0,0,468.89,0.0,1,0.22,0.0,SPY211119P00426000,426.0,0,0.0,0.0,,0.0,expirationDay
2021-11-22,10882.0,-5.0,0.0,0,467.57,0.0,1,1.06,1.11,SPY211203P00451000,451.0,0,0.0,0.0,,0.0,normalDay
2021-11-23,10882.0,9.0,0.0,0,468.19,0.0,1,1.06,0.97,SPY211203P00451000,451.0,0,0.0,0.0,,0.0,normalDay
2021-11-24,10882.0,43.0,0.0,0,469.44,0.0,1,1.06,0.63,SPY211203P00451000,451.0,0,0.0,0.0,,0.0,normalDay
2021-11-26,10882.0,-373.0,0.0,0,458.97,0.0,1,1.06,4.79,SPY211203P00451000,451.0,0,0.0,0.0,,0.0,normalDay
2021-11-29,10882.0,31.0,0.0,0,464.6,0.0,1,1.06,0.75,SPY211203P00451000,451.0,0,0.0,0.0,,0.0,normalDay
2021-11-30,10882.0,-102.0,0.0,0,455.56,0.0,1,1.06,2.08,SPY211203P00451000,451.0,0,0.0,0.0,,0.0,normalDay
2021-12-01,10882.0,-364.0,0.0,0,450.5,0.0,1,1.06,4.7,SPY211203P00451000,451.0,0,0.0,0.0,,0.0,normalDay
2021-12-02,10882.0,33.0,0.0,0,457.4,0.0,1,1.06,0.73,SPY211203P00451000,451.0,0,0.0,0.0,,0.0,normalDay
2021-12-03,10988.0,0.0,106.0,0,453.42,0.0,1,1.06,0.0,SPY211203P00451000,451.0,0,0.0,0.0,,0.0,expirationDay
2021-12-06,10988.0,-4.0,0.0,0,458.79,0.0,1,4.16,4.2,SPY211217P00447000,447.0,0,0.0,0.0,,0.0,normalDay
2021-12-07,10988.0,273.0,0.0,0,468.28,0.0,1,4.16,1.43,SPY211217P00447000,447.0,0,0.0,0.0,,0.0,normalDay
2021-12-08,10988.0,343.0,0.0,0,469.52,0.0,1,4.16,0.73,SPY211217P00447000,447.0,0,0.0,0.0,,0.0,normalDay
2021-12-09,10988.0,298.0,0.0,0,466.35,0.0,1,4.16,1.18,SPY211217P00447000,447.0,0,0.0,0.0,,0.0,normalDay
2021-12-10,10988.0,382.0,0.0,0,470.74,0.0,1,4.16,0.34,SPY211217P00447000,447.0,0,0.0,0.0,,0.0,normalDay
2021-12-13,10988.0,382.0,0.0,0,466.57,0.0,1,4.16,0.34,SPY211217P00447000,447.0,0,0.0,0.0,,0.0,normalDay
2021-12-14,10988.0,368.0,0.0,0,463.36,0.0,1,4.16,0.48,SPY211217P00447000,447.0,0,0.0,0.0,,0.0,normalDay
2021-12-15,10988.0,406.0,0.0,0,470.6,0.0,1,4.16,0.1,SPY211217P00447000,447.0,0,0.0,0.0,,0.0,normalDay
2021-12-16,10988.0,408.0,0.0,0,466.45,0.0,1,4.16,0.08,SPY211217P00447000,447.0,0,0.0,0.0,,0.0,normalDay
2021-12-17,11404.0,0.0,416.0,0,459.87,0.0,1,4.16,0.0,SPY211217P00447000,447.0,0,0.0,0.0,,0.0,expirationDay
2021-12-20,11404.0,-5.0,0.0,0,454.98,0.0,1,3.06,3.11,SPY211231P00445000,445.0,0,0.0,0.0,,0.0,normalDay
2021-12-21,11404.0,189.0,0.0,0,463.06,0.0,1,3.06,1.17,SPY211231P00445000,445.0,0,0.0,0.0,,0.0,normalDay
2021-12-22,11404.0,274.0,0.0,0,467.69,0.0,1,3.06,0.32,SPY211231P00445000,445.0,0,0.0,0.0,,0.0,normalDay
2021-12-23,11404.0,290.0,0.0,0,470.6,0.0,1,3.06,0.16,SPY211231P00445000,445.0,0,0.0,0.0,,0.0,normalDay
2021-12-27,11404.0,301.0,0.0,0,477.26,0.0,1,3.06,0.05,SPY211231P00445000,445.0,0,0.0,0.0,,0.0,normalDay
2021-12-28,11404.0,302.0,0.0,0,476.87,0.0,1,3.06,0.04,SPY211231P00445000,445.0,0,0.0,0.0,,0.0,normalDay
2021-12-29,11404.0,304.0,0.0,0,477.48,0.0,1,3.06,0.02,SPY211231P00445000,445.0,0,0.0,0.0,,0.0,normalDay
2021-12-30,11404.0,304.0,0.0,0,476.16,0.0,1,3.06,0.02,SPY211231P00445000,445.0,0,0.0,0.0,,0.0,normalDay
2021-12-31,11710.0,0.0,306.0,0,474.96,0.0,1,3.06,0.0,SPY211231P00445000,445.0,0,0.0,0.0,,0.0,expirationDay
2022-01-03,11710.0,-3.0,0.0,0,477.71,0.0,1,0.29,0.32,SPY220114P00450000,450.0,0,0.0,0.0,,0.0,normalDay
2022-01-04,11710.0,-1.0,0.0,0,477.55,0.0,1,0.29,0.3,SPY220114P00450000,450.0,0,0.0,0.0,,0.0,normalDay
2022-01-05,11710.0,-73.0,0.0,0,468.38,0.0,1,0.29,1.02,SPY220114P00450000,450.0,0,0.0,0.0,,0.0,normalDay
2022-01-06,11710.0,-46.0,0.0,0,467.94,0.0,1,0.29,0.75,SPY220114P00450000,450.0,0,0.0,0.0,,0.0,normalDay
2022-01-07,11710.0,-14.0,0.0,0,466.09,0.0,1,0.29,0.43,SPY220114P00450000,450.0,0,0.0,0.0,,0.0,normalDay
2022-01-10,11710.0,-17.0,0.0,0,465.51,0.0,1,0.29,0.46,SPY220114P00450000,450.0,0,0.0,0.0,,0.0,normalDay
2022-01-11,11710.0,14.0,0.0,0,469.75,0.0,1,0.29,0.15,SPY220114P00450000,450.0,0,0.0,0.0,,0.0,normalDay
2022-01-12,11710.0,25.0,0.0,0,471.02,0.0,1,0.29,0.04,SPY220114P00450000,450.0,0,0.0,0.0,,0.0,normalDay
2022-01-13,11710.0,22.0,0.0,0,464.53,0.0,1,0.29,0.07,SPY220114P00450000,450.0,0,0.0,0.0,,0.0,normalDay
2022-01-14,11739.0,0.0,29.0,0,464.72,0.0,1,0.29,0.0,SPY220114P00450000,450.0,0,0.0,0.0,,0.0,expirationDay
2022-01-18,11739.0,-4.0,0.0,0,456.49,0.0,1,4.44,4.48,SPY220128P00450000,450.0,0,0.0,0.0,,0.0,normalDay
2022-01-19,11739.0,-100.0,0.0,0,451.75,0.0,1,4.44,5.44,SPY220128P00450000,450.0,0,0.0,0.0,,0.0,normalDay
2022-01-20,11739.0,-365.0,0.0,0,446.75,0.0,1,4.44,8.09,SPY220128P00450000,450.0,0,0.0,0.0,,0.0,normalDay
2022-01-21,11739.0,-939.0,0.0,0,437.98,0.0,1,4.44,13.83,SPY220128P00450000,450.0,0,0.0,0.0,,0.0,normalDay
2022-01-24,11739.0,-901.0,0.0,0,439.84,0.0,1,4.44,13.45,SPY220128P00450000,450.0,0,0.0,0.0,,0.0,normalDay
2022-01-25,11739.0,-1353.0,0.0,0,434.47,0.0,1,4.44,17.97,SPY220128P00450000,450.0,0,0.0,0.0,,0.0,normalDay
2022-01-26,11739.0,-1324.0,0.0,0,433.38,0.0,1,4.44,17.68,SPY220128P00450000,450.0,0,0.0,0.0,,0.0,normalDay
2022-01-27,11739.0,-1394.0,0.0,0,431.24,0.0,1,4.44,18.38,SPY220128P00450000,450.0,0,0.0,0.0,,0.0,normalDay
2022-01-28,12183.0,-805.0,444.0,100,441.95,450.0,1,4.44,0.0,SPY220128P00450000,450.0,0,0.0,0.0,,0.0,expirationDay
2022-01-31,12183.0,-9.0,0.0,100,449.91,450.0,0,0.0,0.0,,0.0,0,0.0,0.0,,0.0,bidTooLow
2022-02-01,12183.0,295.0,0.0,100,452.95,450.0,0,0.0,0.0,,0.0,0,0.0,0.0,,0.0,bidTooLow
2022-02-02,12183.0,735.0,0.0,100,457.35,450.0,0,0.0,0.0,,0.0,0,0.0,0.0,,0.0,bidTooLow
2022-02-03,12183.0,-340.0,0.0,100,446.6,450.0,0,0.0,0.0,,0.0,0,0.0,0.0,,0.0,bidTooLow
2022-02-04,12183.0,-130.0,0.0,100,448.7,450.0,0,0.0,0.0,,0.0,0,0.0,0.0,,0.0,bidTooLow
2022-02-07,12183.0,-274.0,0.0,100,447.26,450.0,0,0.0,0.0,,0.0,0,0.0,0.0,,0.0,bidTooLow
2022-02-08,12183.0,94.0,0.0,100,450.94,450.0,0,0.0,0.0,,0.0,0,0.0,0.0,,0.0,bidTooLow
2022-02-09,12183.0,751.0,0.0,100,457.54,450.0,0,0.0,0.0,,0.0,1,0.04,0.07,SPY220228C00490000,490.0,normalDay
2022-02-10,12183.0,-67.0,0.0,100,449.32,450.0,0,0.0,0.0,,0.0,1,0.04,0.03,SPY220228C00490000,490.0,normalDay
2022-02-11,12183.0,-953.0,0.0,100,440.46,450.0,0,0.0,0.0,,0.0,1,0.04,0.03,SPY220228C00490000,490.0,normalDay
2022-02-14,12183.0,-1096.0,0.0,100,439.02,450.0,0,0.0,0.0,,0.0,1,0.04,0.02,SPY220228C00490000,490.0,normalDay
2022-02-15,12183.0,-388.0,0.0,100,446.1,450.0,0,0.0,0.0,,0.0,1,0.04,0.02,SPY220228C00490000,490.0,normalDay
2022-02-16,12183.0,-337.0,0.0,100,446.6,450.0,0,0.0,0.0,,0.0,1,0.04,0.01,SPY220228C00490000,490.0,normalDay
2022-02-17,12183.0,-1291.0,0.0,100,437.06,450.0,0,0.0,0.0,,0.0,1,0.04,0.01,SPY220228C00490000,490.0,normalDay
2022-02-18,12183.0,-1574.0,0.0,100,434.23,450.0,0,0.0,0.0,,0.0,1,0.04,0.01,SPY220228C00490000,490.0,normalDay
2022-02-22,12183.0,-2040.0,0.0,100,429.57,450.0,0,0.0,0.0,,0.0,1,0.04,0.01,SPY220228C00490000,490.0,normalDay
2022-02-23,12183.0,-2802.0,0.0,100,421.95,450.0,0,0.0,0.0,,0.0,1,0.04,0.01,SPY220228C00490000,490.0,normalDay
2022-02-24,12183.0,-2167.0,0.0,100,428.3,450.0,0,0.0,0.0,,0.0,1,0.04,0.01,SPY220228C00490000,490.0,normalDay
2022-02-25,12183.0,-1222.0,0.0,100,437.75,450.0,0,0.0,0.0,,0.0,1,0.04,0.01,SPY220228C00490000,490.0,normalDay
2022-02-28,12187.0,-1337.0,4.0,100,436.63,450.0,0,0.0,0.0,,0.0,1,0.04,0.0,SPY220228C00490000,490.0,expirationDay
2022-03-01,12187.0,-2005.0,0.0,100,429.98,450.0,0,0.0,0.0,,0.0,1,0.04,0.07,SPY220318C00479000,479.0,normalDay
2022-03-02,12187.0,-1215.0,0.0,100,437.89,450.0,0,0.0,0.0,,0.0,1,0.04,0.08,SPY220318C00479000,479.0,normalDay
2022-03-03,12187.0,-1431.0,0.0,100,435.71,450.0,0,0.0,0.0,,0.0,1,0.04,0.06,SPY220318C00479000,479.0,normalDay
2022-03-04,12187.0,-1782.0,0.0,100,432.17,450.0,0,0.0,0.0,,0.0,1,0.04,0.03,SPY220318C00479000,479.0,normalDay
2022-03-07,12187.0,-3056.0,0.0,100,419.43,450.0,0,0.0,0.0,,0.0,1,0.04,0.03,SPY220318C00479000,479.0,normalDay
2022-03-08,12187.0,-3373.0,0.0,100,416.25,450.0,0,0.0,0.0,,0.0,1,0.04,0.02,SPY220318C00479000,479.0,normalDay
2022-03-09,12187.0,-2258.0,0.0,100,427.41,450.0,0,0.0,0.0,,0.0,1,0.04,0.03,SPY220318C00479000,479.0,normalDay
2022-03-10,12187.0,-2450.0,0.0,100,425.48,450.0,0,0.0,0.0,,0.0,1,0.04,0.02,SPY220318C00479000,479.0,normalDay
2022-03-11,12187.0,-2991.0,0.0,100,420.07,450.0,0,0.0,0.0,,0.0,1,0.04,0.02,SPY220318C00479000,479.0,normalDay
2022-03-14,12187.0,-3297.0,0.0,100,417.0,450.0,0,0.0,0.0,,0.0,1,0.04,0.01,SPY220318C00479000,479.0,normalDay
2022-03-15,12187.0,-2380.0,0.0,100,426.17,450.0,0,0.0,0.0,,0.0,1,0.04,0.01,SPY220318C00479000,479.0,normalDay
2022-03-16,12187.0,-1435.0,0.0,100,435.62,450.0,0,0.0,0.0,,0.0,1,0.04,0.01,SPY220318C00479000,479.0,normalDay
2022-03-17,12187.0,-890.0,0.0,100,441.07,450.0,0,0.0,0.0,,0.0,1,0.04,0.01,SPY220318C00479000,479.0,normalDay
2022-03-18,12191.0,-548.0,4.0,100,444.52,450.0,0,0.0,0.0,,0.0,1,0.04,0.0,SPY220318C00479000,479.0,expirationDay
2022-03-21,12191.0,-565.0,0.0,100,444.39,450.0,0,0.0,0.0,,0.0,1,1.06,1.1,SPY220408C00463000,463.0,normalDay
2022-03-22,12191.0,-107.0,0.0,100,449.59,450.0,0,0.0,0.0,,0.0,1,1.06,1.72,SPY220408C00463000,463.0,normalDay
2022-03-23,12191.0,-589.0,0.0,100,443.8,450.0,0,0.0,0.0,,0.0,1,1.06,0.75,SPY220408C00463000,463.0,normalDay
2022-03-24,12191.0,16.0,0.0,100,450.49,450.0,0,0.0,0.0,,0.0,1,1.06,1.39,SPY220408C00463000,463.0,normalDay
2022-03-25,12191.0,232.0,0.0,100,452.69,450.0,0,0.0,0.0,,0.0,1,1.06,1.43,SPY220408C00463000,463.0,normalDay
2022-03-28,12191.0,530.0,0.0,100,455.91,450.0,0,0.0,0.0,,0.0,1,1.06,1.67,SPY220408C00463000,463.0,normalDay
2022-03-29,12191.0,904.0,0.0,100,461.55,450.0,0,0.0,0.0,,0.0,1,1.06,3.57,SPY220408C00463000,463.0,normalDay
2022-03-30,12191.0,725.0,0.0,100,458.7,450.0,0,0.0,0.0,,0.0,1,1.06,2.51,SPY220408C00463000,463.0,normalDay
2022-03-31,12191.0,195.0,0.0,100,451.64,450.0,0,0.0,0.0,,0.0,1,1.06,0.75,SPY220408C00463000,463.0,normalDay
2022-04-01,12191.0,363.0,0.0,100,452.92,450.0,0,0.0,0.0,,0.0,1,1.06,0.35,SPY220408C00463000,463.0,normalDay
2022-04-04,12191.0,731.0,0.0,100,456.8,450.0,0,0.0,0.0,,0.0,1,1.06,0.55,SPY220408C00463000,463.0,normalDay
2022-04-05,12191.0,199.0,0.0,100,451.03,450.0,0,0.0,0.0,,0.0,1,1.06,0.1,SPY220408C00463000,463.0,normalDay
2022-04-06,12191.0,-244.0,0.0,100,446.52,450.0,0,0.0,0.0,,0.0,1,1.06,0.02,SPY220408C00463000,463.0,normalDay
2022-04-07,12191.0,-18.0,0.0,100,448.77,450.0,0,0.0,0.0,,0.0,1,1.06,0.01,SPY220408C00463000,463.0,normalDay
2022-04-08,12297.0,-243.0,106.0,100,447.57,450.0,0,0.0,0.0,,0.0,1,1.06,0.0,SPY220408C00463000,463.0,expirationDay
2022-04-11,12297.0,-1008.0,0.0,100,439.92,450.0,0,0.0,0.0,,0.0,0,0.0,0.0,,0.0,bidTooLow
2022-04-12,12297.0,-1171.0,0.0,100,438.29,450.0,0,0.0,0.0,,0.0,0,0.0,0.0,,0.0,bidTooLow
2022-04-13,12297.0,-672.0,0.0,100,443.31,450.0,0,0.0,0.0,,0.0,1,0.03,0.06,SPY220502C00473000,473.0,normalDay
2022-04-14,12297.0,-1221.0,0.0,100,437.79,450.0,0,0.0,0.0,,0.0,1,0.03,0.03,SPY220502C00473000,473.0,normalDay
2022-04-18,12297.0,-1202.0,0.0,100,437.97,450.0,0,0.0,0.0,,0.0,1,0.03,0.02,SPY220502C00473000,473.0,normalDay
2022-04-19,12297.0,-496.0,0.0,100,445.04,450.0,0,0.0,0.0,,0.0,1,0.03,0.03,SPY220502C00473000,473.0,normalDay
2022-04-20,12297.0,-528.0,0.0,100,444.71,450.0,0,0.0,0.0,,0.0,1,0.03,0.02,SPY220502C00473000,473.0,normalDay
2022-04-21,12297.0,-1192.0,0.0,100,438.06,450.0,0,0.0,0.0,,0.0,1,0.03,0.01,SPY220502C00473000,473.0,normalDay
2022-04-22,12297.0,-2394.0,0.0,100,426.04,450.0,0,0.0,0.0,,0.0,1,0.03,0.01,SPY220502C00473000,473.0,normalDay
2022-04-25,12297.0,-2147.0,0.0,100,428.51,450.0,0,0.0,0.0,,0.0,1,0.03,0.01,SPY220502C00473000,473.0,normalDay
2022-04-26,12297.0,-3389.0,0.0,100,416.1,450.0,0,0.0,0.0,,0.0,1,0.03,0.02,SPY220502C00473000,473.0,normalDay
2022-04-27,12297.0,-3271.0,0.0,100,417.27,450.0,0,0.0,0.0,,0.0,1,0.03,0.01,SPY220502C00473000,473.0,normalDay
2022-04-28,12297.0,-2217.0,0.0,100,427.81,450.0,0,0.0,0.0,,0.0,1,0.03,0.01,SPY220502C00473000,473.0,normalDay
2022-04-29,12297.0,-3798.0,0.0,100,412.0,450.0,0,0.0,0.0,,0.0,1,0.03,0.01,SPY220502C00473000,473.0,normalDay
2022-05-02,12300.0,-3552.0,3.0,100,414.48,450.0,0,0.0,0.0,,0.0,1,0.03,0.0,SPY220502C00473000,473.0,expirationDay
2022-05-03,12300.0,-3362.0,0.0,100,416.38,450.0,0,0.0,0.0,,0.0,0,0.0,0.0,,0.0,bidTooLow
2022-05-04,12300.0,-2094.0,0.0,100,429.06,450.0,0,0.0,0.0,,0.0,0,0.0,0.0,,0.0,bidTooLow
2022-05-05,12300.0,-3619.0,0.0,100,413.81,450.0,0,0.0,0.0,,0.0,0,0.0,0.0,,0.0,bidTooLow
2022-05-06,12300.0,-3866.0,0.0,100,411.34,450.0,0,0.0,0.0,,0.0,0,0.0,0.0,,0.0,bidTooLow
2022-05-09,12300.0,-5183.0,0.0,100,398.17,450.0,0,0.0,0.0,,0.0,0,0.0,0.0,,0.0,bidTooLow
2022-05-10,12300.0,-5091.0,0.0,100,399.09,450.0,0,0.0,0.0,,0.0,0,0.0,0.0,,0.0,bidTooLow
2022-05-11,12300.0,-5725.0,0.0,100,392.75,450.0,0,0.0,0.0,,0.0,0,0.0,0.0,,0.0,bidTooLow
2022-05-12,12300.0,-5766.0,0.0,100,392.34,450.0,0,0.0,0.0,,0.0,0,0.0,0.0,,0.0,bidTooLow
2022-05-13,12300.0,-4828.0,0.0,100,401.72,450.0,0,0.0,0.0,,0.0,0,0.0,0.0,,0.0,bidTooLow
2022-05-16,12300.0,-4991.0,0.0,100,400.09,450.0,0,0.0,0.0,,0.0,0,0.0,0.0,,0.0,bidTooLow
2022-05-17,12300.0,-4168.0,0.0,100,408.32,450.0,0,0.0,0.0,,0.0,0,0.0,0.0,,0.0,bidTooLow
2022-05-18,12300.0,-5814.0,0.0,100,391.86,450.0,0,0.0,0.0,,0.0,0,0.0,0.0,,0.0,bidTooLow
2022-05-19,12300.0,-6054.0,0.0,100,389.46,450.0,0,0.0,0.0,,0.0,0,0.0,0.0,,0.0,bidTooLow
2022-05-20,12300.0,-6037.0,0.0,100,389.63,450.0,0,0.0,0.0,,0.0,0,0.0,0.0,,0.0,bidTooLow
2022-05-23,12300.0,-5311.0,0.0,100,396.92,450.0,0,0.0,0.0,,0.0,1,0.01,0.04,SPY220610C00452000,452.0,normalDay
2022-05-24,12300.0,-5614.0,0.0,100,393.89,450.0,0,0.0,0.0,,0.0,1,0.01,0.04,SPY220610C00452000,452.0,normalDay
2022-05-25,12300.0,-5266.0,0.0,100,397.37,450.0,0,0.0,0.0,,0.0,1,0.01,0.04,SPY220610C00452000,452.0,normalDay
2022-05-26,12300.0,-4473.0,0.0,100,405.31,450.0,0,0.0,0.0,,0.0,1,0.01,0.05,SPY220610C00452000,452.0,normalDay
2022-05-27,12300.0,-3482.0,0.0,100,415.26,450.0,0,0.0,0.0,,0.0,1,0.01,0.09,SPY220610C00452000,452.0,normalDay
2022-05-31,12300.0,-3710.0,0.0,100,412.93,450.0,0,0.0,0.0,,0.0,1,0.01,0.04,SPY220610C00452000,452.0,normalDay
2022-06-01,12300.0,-4042.0,0.0,100,409.59,450.0,0,0.0,0.0,,0.0,1,0.01,0.02,SPY220610C00452000,452.0,normalDay
2022-06-02,12300.0,-3263.0,0.0,100,417.39,450.0,0,0.0,0.0,,0.0,1,0.01,0.03,SPY220610C00452000,452.0,normalDay
2022-06-03,12300.0,-3947.0,0.0,100,410.54,450.0,0,0.0,0.0,,0.0,1,0.01,0.02,SPY220610C00452000,452.0,normalDay
2022-06-06,12300.0,-3821.0,0.0,100,411.79,450.0,0,0.0,0.0,,0.0,1,0.01,0.01,SPY220610C00452000,452.0,normalDay
2022-06-07,12300.0,-3426.0,0.0,100,415.74,450.0,0,0.0,0.0,,0.0,1,0.01,0.01,SPY220610C00452000,452.0,normalDay
2022-06-08,12300.0,-3878.0,0.0,100,411.22,450.0,0,0.0,0.0,,0.0,1,0.01,0.01,SPY220610C00452000,452.0,normalDay
2022-06-09,12300.0,-4856.0,0.0,100,401.44,450.0,0,0.0,0.0,,0.0,1,0.01,0.01,SPY220610C00452000,452.0,normalDay
2022-06-10,12301.0,-6020.0,1.0,100,389.8,450.0,0,0.0,0.0,,0.0,1,0.01,0.0,SPY220610C00452000,452.0,expirationDay
2022-06-13,12301.0,-7503.0,0.0,100,375.0,450.0,0,0.0,0.0,,0.0,1,0.02,0.05,SPY220701C00445000,445.0,normalDay
2022-06-14,12301.0,-7616.0,0.0,100,373.87,450.0,0,0.0,0.0,,0.0,1,0.02,0.05,SPY220701C00445000,445.0,normalDay
2022-06-15,12301.0,-7081.0,0.0,100,379.2,450.0,0,0.0,0.0,,0.0,1,0.02,0.03,SPY220701C00445000,445.0,normalDay
2022-06-16,12301.0,-8336.0,0.0,100,366.65,450.0,0,0.0,0.0,,0.0,1,0.02,0.03,SPY220701C00445000,445.0,normalDay
2022-06-17,12301.0,-8415.0,0.0,100,365.86,450.0,0,0.0,0.0,,0.0,1,0.02,0.03,SPY220701C00445000,445.0,normalDay
2022-06-21,12301.0,-7493.0,0.0,100,375.07,450.0,0,0.0,0.0,,0.0,1,0.02,0.02,SPY220701C00445000,445.0,normalDay
2022-06-22,12301.0,-7561.0,0.0,100,374.39,450.0,0,0.0,0.0,,0.0,1,0.02,0.02,SPY220701C00445000,445.0,normalDay
2022-06-23,12301.0,-7193.0,0.0,100,378.06,450.0,0,0.0,0.0,,0.0,1,0.02,0.01,SPY220701C00445000,445.0,normalDay
2022-06-24,12301.0,-5992.0,0.0,100,390.08,450.0,0,0.0,0.0,,0.0,1,0.02,0.02,SPY220701C00445000,445.0,normalDay
2022-06-27,12301.0,-6140.0,0.0,100,388.59,450.0,0,0.0,0.0,,0.0,1,0.02,0.01,SPY220701C00445000,445.0,normalDay
2022-06-28,12301.0,-6934.0,0.0,100,380.65,450.0,0,0.0,0.0,,0.0,1,0.02,0.01,SPY220701C00445000,445.0,normalDay
2022-06-29,12301.0,-6965.0,0.0,100,380.34,450.0,0,0.0,0.0,,0.0,1,0.02,0.01,SPY220701C00445000,445.0,normalDay
2022-06-30,12301.0,-7274.0,0.0,100,377.25,450.0,0,0.0,0.0,,0.0,1,0.02,0.01,SPY220701C00445000,445.0,normalDay
2022-07-01,12303.0,-6876.0,2.0,100,381.24,450.0,0,0.0,0.0,,0.0,1,0.02,0.0,SPY220701C00445000,445.0,expirationDay
2022-07-05,12303.0,-6804.0,0.0,100,381.96,450.0,0,0.0,0.0,,0.0,0,0.0,0.0,,0.0,bidTooLow
2022-07-06,12303.0,-6678.0,0.0,100,383.25,450.0,0,0.0,0.0,,0.0,1,0.02,0.05,SPY220725C00430000,430.0,normalDay
2022-07-07,12303.0,-6104.0,0.0,100,388.99,450.0,0,0.0,0.0,,0.0,1,0.02,0.05,SPY220725C00430000,430.0,normalDay
2022-07-08,12303.0,-6134.0,0.0,100,388.67,450.0,0,0.0,0.0,,0.0,1,0.02,0.03,SPY220725C00430000,430.0,normalDay
2022-07-11,12303.0,-6577.0,0.0,100,384.23,450.0,0,0.0,0.0,,0.0,1,0.02,0.02,SPY220725C00430000,430.0,normalDay
2022-07-12,12303.0,-6917.0,0.0,100,380.83,450.0,0,0.0,0.0,,0.0,1,0.02,0.02,SPY220725C00430000,430.0,normalDay
2022-07-13,12303.0,-7117.0,0.0,100,378.83,450.0,0,0.0,0.0,,0.0,1,0.02,0.02,SPY220725C00430000,430.0,normalDay
2022-07-14,12303.0,-7208.0,0.0,100,377.91,450.0,0,0.0,0.0,,0.0,1,0.02,0.01,SPY220725C00430000,430.0,normalDay
2022-07-15,12303.0,-6486.0,0.0,100,385.13,450.0,0,0.0,0.0,,0.0,1,0.02,0.01,SPY220725C00430000,430.0,normalDay
2022-07-18,12303.0,-6804.0,0.0,100,381.95,450.0,0,0.0,0.0,,0.0,1,0.02,0.01,SPY220725C00430000,430.0,normalDay
2022-07-19,12303.0,-5772.0,0.0,100,392.27,450.0,0,0.0,0.0,,0.0,1,0.02,0.01,SPY220725C00430000,430.0,normalDay
2022-07-20,12303.0,-5522.0,0.0,100,394.77,450.0,0,0.0,0.0,,0.0,1,0.02,0.01,SPY220725C00430000,430.0,normalDay
2022-07-21,12303.0,-5120.0,0.0,100,398.79,450.0,0,0.0,0.0,,0.0,1,0.02,0.01,SPY220725C00430000,430.0,normalDay
2022-07-22,12303.0,-5490.0,0.0,100,395.09,450.0,0,0.0,0.0,,0.0,1,0.02,0.01,SPY220725C00430000,430.0,normalDay
2022-07-25,12305.0,-5443.0,2.0,100,395.57,450.0,0,0.0,0.0,,0.0,1,0.02,0.0,SPY220725C00430000,430.0,expirationDay
2022-07-26,12305.0,-5916.0,0.0,100,390.89,450.0,0,0.0,0.0,,0.0,1,1.19,1.24,SPY220812C00410000,410.0,normalDay
2022-07-27,12305.0,-5056.0,0.0,100,401.04,450.0,0,0.0,0.0,,0.0,1,1.19,2.79,SPY220812C00410000,410.0,normalDay
2022-07-28,12305.0,-4784.0,0.0,100,406.07,450.0,0,0.0,0.0,,0.0,1,1.19,5.1,SPY220812C00410000,410.0,normalDay
2022-07-29,12305.0,-4403.0,0.0,100,411.99,450.0,0,0.0,0.0,,0.0,1,1.19,7.21,SPY220812C00410000,410.0,normalDay
2022-08-01,12305.0,-4449.0,0.0,100,410.77,450.0,0,0.0,0.0,,0.0,1,1.19,6.45,SPY220812C00410000,410.0,normalDay
2022-08-02,12305.0,-4565.0,0.0,100,408.06,450.0,0,0.0,0.0,,0.0,1,1.19,4.9,SPY220812C00410000,410.0,normalDay
2022-08-03,12305.0,-4203.0,0.0,100,414.45,450.0,0,0.0,0.0,,0.0,1,1.19,7.67,SPY220812C00410000,410.0,normalDay
2022-08-04,12305.0,-4205.0,0.0,100,414.17,450.0,0,0.0,0.0,,0.0,1,1.19,7.41,SPY220812C00410000,410.0,normalDay
2022-08-05,12305.0,-4149.0,0.0,100,413.47,450.0,0,0.0,0.0,,0.0,1,1.19,6.15,SPY220812C00410000,410.0,normalDay
2022-08-08,12305.0,-4151.0,0.0,100,412.99,450.0,0,0.0,0.0,,0.0,1,1.19,5.69,SPY220812C00410000,410.0,normalDay
2022-08-09,12305.0,-4204.0,0.0,100,411.35,450.0,0,0.0,0.0,,0.0,1,1.19,4.58,SPY220812C00410000,410.0,normalDay
2022-08-10,12305.0,-3894.0,0.0,100,419.99,450.0,0,0.0,0.0,,0.0,1,1.19,10.12,SPY220812C00410000,410.0,normalDay
2022-08-11,12305.0,-3948.0,0.0,100,419.99,450.0,0,0.0,0.0,,0.0,1,1.19,10.66,SPY220812C00410000,410.0,normalDay
2022-08-12,8424.0,-3948.0,-3881.0,0,427.1,0.0,0,0.0,0.0,,0.0,1,1.19,0.0,SPY220812C00410000,410.0,expirationDay
2022-08-15,8424.0,-3.0,0.0,0,428.86,0.0,1,0.06,0.09,SPY220826P00377000,377.0,0,0.0,0.0,,0.0,normalDay
2022-08-16,8424.0,-2.0,0.0,0,429.7,0.0,1,0.06,0.08,SPY220826P00377000,377.0,0,0.0,0.0,,0.0,normalDay
2022-08-17,8424.0,0.0,0.0,0,426.65,0.0,1,0.06,0.06,SPY220826P00377000,377.0,0,0.0,0.0,,0.0,normalDay
2022-08-18,8424.0,2.0,0.0,0,427.89,0.0,1,0.06,0.04,SPY220826P00377000,377.0,0,0.0,0.0,,0.0,normalDay
2022-08-19,8424.0,3.0,0.0,0,422.14,0.0,1,0.06,0.03,SPY220826P00377000,377.0,0,0.0,0.0,,0.0,normalDay
2022-08-22,8424.0,1.0,0.0,0,413.35,0.0,1,0.06,0.05,SPY220826P00377000,377.0,0,0.0,0.0,,0.0,normalDay
2022-08-23,8424.0,2.0,0.0,0,412.35,0.0,1,0.06,0.04,SPY220826P00377000,377.0,0,0.0,0.0,,0.0,normalDay
2022-08-24,8424.0,4.0,0.0,0,413.67,0.0,1,0.06,0.02,SPY220826P00377000,377.0,0,0.0,0.0,,0.0,normalDay
2022-08-25,8424.0,5.0,0.0,0,419.51,0.0,1,0.06,0.01,SPY220826P00377000,377.0,0,0.0,0.0,,0.0,normalDay
2022-08-26,8430.0,0.0,6.0,0,405.31,0.0,1,0.06,0.0,SPY220826P00377000,377.0,0,0.0,0.0,,0.0,expirationDay
2022-08-29,8430.0,-5.0,0.0,0,402.63,0.0,1,3.58,3.63,SPY220909P00395000,395.0,0,0.0,0.0,,0.0,normalDay
2022-08-30,8430.0,-110.0,0.0,0,398.21,0.0,1,3.58,4.68,SPY220909P00395000,395.0,0,0.0,0.0,,0.0,normalDay
2022-08-31,8430.0,-178.0,0.0,0,395.18,0.0,1,3.58,5.36,SPY220909P00395000,395.0,0,0.0,0.0,,0.0,normalDay
2022-09-01,8430.0,-88.0,0.0,0,396.42,0.0,1,3.58,4.46,SPY220909P00395000,395.0,0,0.0,0.0,,0.0,normalDay
2022-09-02,8430.0,-212.0,0.0,0,392.24,0.0,1,3.58,5.7,SPY220909P00395000,395.0,0,0.0,0.0,,0.0,normalDay
2022-09-06,8430.0,-290.0,0.0,0,390.76,0.0,1,3.58,6.48,SPY220909P00395000,395.0,0,0.0,0.0,,0.0,normalDay
2022-09-07,8430.0,163.0,0.0,0,397.78,0.0,1,3.58,1.95,SPY220909P00395000,395.0,0,0.0,0.0,,0.0,normalDay
2022-09-08,8430.0,319.0,0.0,0,400.38,0.0,1,3.58,0.39,SPY220909P00395000,395.0,0,0.0,0.0,,0.0,normalDay
2022-09-09,8788.0,0.0,358.0,0,406.6,0.0,1,3.58,0.0,SPY220909P00395000,395.0,0,0.0,0.0,,0.0,expirationDay
2022-09-12,8788.0,-3.0,0.0,0,410.97,0.0,1,0.33,0.36,SPY220923P00373000,373.0,0,0.0,0.0,,0.0,normalDay
2022-09-13,8788.0,-135.0,0.0,0,393.1,0.0,1,0.33,1.68,SPY220923P00373000,373.0,0,0.0,0.0,,0.0,normalDay
2022-09-14,8788.0,-88.0,0.0,0,394.6,0.0,1,0.33,1.21,SPY220923P00373000,373.0,0,0.0,0.0,,0.0,normalDay
2022-09-15,8788.0,-99.0,0.0,0,390.12,0.0,1,0.33,1.32,SPY220923P00373000,373.0,0,0.0,0.0,,0.0,normalDay
2022-09-16,8788.0,-126.0,0.0,0,385.56,0.0,1,0.33,1.59,SPY220923P00373000,373.0,0,0.0,0.0,,0.0,normalDay
2022-09-19,8788.0,-48.0,0.0,0,388.55,0.0,1,0.33,0.81,SPY220923P00373000,373.0,0,0.0,0.0,,0.0,normalDay
2022-09-20,8788.0,-113.0,0.0,0,384.09,0.0,1,0.33,1.46,SPY220923P00373000,373.0,0,0.0,0.0,,0.0,normalDay
2022-09-21,8788.0,-195.0,0.0,0,377.39,0.0,1,0.33,2.28,SPY220923P00373000,373.0,0,0.0,0.0,,0.0,normalDay
2022-09-22,8788.0,-135.0,0.0,0,374.22,0.0,1,0.33,1.68,SPY220923P00373000,373.0,0,0.0,0.0,,0.0,normalDay
2022-09-23,8821.0,-505.0,33.0,100,367.95,373.0,1,0.33,0.0,SPY220923P00373000,373.0,0,0.0,0.0,,0.0,expirationDay
2022-09-26,8821.0,-869.0,0.0,100,364.31,373.0,0,0.0,0.0,,0.0,0,0.0,0.0,,0.0,bidTooLow
2022-09-27,8821.0,-962.0,0.0,100,363.38,373.0,0,0.0,0.0,,0.0,0,0.0,0.0,,0.0,bidTooLow
2022-09-28,8821.0,-247.0,0.0,100,370.53,373.0,0,0.0,0.0,,0.0,0,0.0,0.0,,0.0,bidTooLow
2022-09-29,8821.0,-1021.0,0.0,100,362.79,373.0,0,0.0,0.0,,0.0,0,0.0,0.0,,0.0,bidTooLow
2022-09-30,8821.0,-1582.0,0.0,100,357.18,373.0,0,0.0,0.0,,0.0,0,0.0,0.0,,0.0,bidTooLow
2022-10-03,8821.0,-639.0,0.0,100,366.61,373.0,0,0.0,0.0,,0.0,0,0.0,0.0,,0.0,bidTooLow
2022-10-04,8821.0,494.0,0.0,100,377.97,373.0,0,0.0,0.0,,0.0,1,0.01,0.04,SPY221021C00440000,440.0,normalDay
2022-10-05,8821.0,408.0,0.0,100,377.09,373.0,0,0.0,0.0,,0.0,1,0.01,0.02,SPY221021C00440000,440.0,normalDay
2022-10-06,8821.0,19.0,0.0,100,373.2,373.0,0,0.0,0.0,,0.0,1,0.01,0.02,SPY221021C00440000,440.0,normalDay
2022-10-07,8821.0,-1022.0,0.0,100,362.79,373.0,0,0.0,0.0,,0.0,1,0.01,0.02,SPY221021C00440000,440.0,normalDay
2022-10-10,8821.0,-1298.0,0.0,100,360.02,373.0,0,0.0,0.0,,0.0,1,0.01,0.01,SPY221021C00440000,440.0,normalDay
2022-10-11,8821.0,-1526.0,0.0,100,357.74,373.0,0,0.0,0.0,,0.0,1,0.01,0.01,SPY221021C00440000,440.0,normalDay
2022-10-12,8821.0,-1644.0,0.0,100,356.56,373.0,0,0.0,0.0,,0.0,1,0.01,0.01,SPY221021C00440000,440.0,normalDay
2022-10-13,8821.0,-704.0,0.0,100,365.97,373.0,0,0.0,0.0,,0.0,1,0.01,0.02,SPY221021C00440000,440.0,normalDay
2022-10-14,8821.0,-1537.0,0.0,100,357.63,373.0,0,0.0,0.0,,0.0,1,0.01,0.01,SPY221021C00440000,440.0,normalDay
2022-10-17,8821.0,-618.0,0.0,100,366.82,373.0,0,0.0,0.0,,0.0,1,0.01,0.01,SPY221021C00440000,440.0,normalDay
2022-10-18,8821.0,-187.0,0.0,100,371.13,373.0,0,0.0,0.0,,0.0,1,0.01,0.01,SPY221021C00440000,440.0,normalDay
2022-10-19,8821.0,-450.0,0.0,100,368.5,373.0,0,0.0,0.0,,0.0,1,0.01,0.01,SPY221021C00440000,440.0,normalDay
2022-10-20,8821.0,-759.0,0.0,100,365.41,373.0,0,0.0,0.0,,0.0,1,0.01,0.01,SPY221021C00440000,440.0,normalDay
2022-10-21,8822.0,129.0,1.0,100,374.29,373.0,0,0.0,0.0,,0.0,1,0.01,0.0,SPY221021C00440000,440.0,expirationDay
2022-10-24,8822.0,583.0,0.0,100,378.87,373.0,0,0.0,0.0,,0.0,1,4.71,4.75,SPY221111C00393000,393.0,normalDay
2022-10-25,8822.0,1087.0,0.0,100,384.92,373.0,0,0.0,0.0,,0.0,1,4.71,5.76,SPY221111C00393000,393.0,normalDay
2022-10-26,8822.0,871.0,0.0,100,382.02,373.0,0,0.0,0.0,,0.0,1,4.71,5.02,SPY221111C00393000,393.0,normalDay
2022-10-27,8822.0,891.0,0.0,100,379.98,373.0,0,0.0,0.0,,0.0,1,4.71,2.78,SPY221111C00393000,393.0,normalDay
2022-10-28,8822.0,1388.0,0.0,100,389.02,373.0,0,0.0,0.0,,0.0,1,4.71,6.85,SPY221111C00393000,393.0,normalDay
2022-10-31,8822.0,1292.0,0.0,100,386.21,373.0,0,0.0,0.0,,0.0,1,4.71,5.0,SPY221111C00393000,393.0,normalDay
2022-11-01,8822.0,1223.0,0.0,100,384.52,373.0,0,0.0,0.0,,0.0,1,4.71,4.0,SPY221111C00393000,393.0,normalDay
2022-11-02,8822.0,535.0,0.0,100,374.87,373.0,0,0.0,0.0,,0.0,1,4.71,1.23,SPY221111C00393000,393.0,normalDay
2022-11-03,8822.0,215.0,0.0,100,371.01,373.0,0,0.0,0.0,,0.0,1,4.71,0.57,SPY221111C00393000,393.0,normalDay
2022-11-04,8822.0,723.0,0.0,100,376.35,373.0,0,0.0,0.0,,0.0,1,4.71,0.83,SPY221111C00393000,393.0,normalDay
2022-11-07,8822.0,1073.0,0.0,100,379.95,373.0,0,0.0,0.0,,0.0,1,4.71,0.93,SPY221111C00393000,393.0,normalDay
2022-11-08,8822.0,1256.0,0.0,100,382.0,373.0,0,0.0,0.0,,0.0,1,4.71,1.15,SPY221111C00393000,393.0,normalDay
2022-11-09,8822.0,566.0,0.0,100,374.13,373.0,0,0.0,0.0,,0.0,1,4.71,0.18,SPY221111C00393000,393.0,normalDay
2022-11-10,8822.0,2278.0,0.0,100,394.69,373.0,0,0.0,0.0,,0.0,1,4.71,3.62,SPY221111C00393000,393.0,normalDay
2022-11-11,11293.0,2278.0,2471.0,0,398.51,0.0,0,0.0,0.0,,0.0,1,4.71,0.0,SPY221111C00393000,393.0,expirationDay
2022-11-14,11293.0,-3.0,0.0,0,395.12,0.0,1,0.1,0.13,SPY221125P00355000,355.0,0,0.0,0.0,,0.0,normalDay
2022-11-15,11293.0,-2.0,0.0,0,398.49,0.0,1,0.1,0.12,SPY221125P00355000,355.0,0,0.0,0.0,,0.0,normalDay
2022-11-16,11293.0,1.0,0.0,0,395.45,0.0,1,0.1,0.09,SPY221125P00355000,355.0,0,0.0,0.0,,0.0,normalDay
2022-11-17,11293.0,1.0,0.0,0,394.24,0.0,1,0.1,0.09,SPY221125P00355000,355.0,0,0.0,0.0,,0.0,normalDay
2022-11-18,11293.0,5.0,0.0,0,396.03,0.0,1,0.1,0.05,SPY221125P00355000,355.0,0,0.0,0.0,,0.0,normalDay
2022-11-21,11293.0,8.0,0.0,0,394.59,0.0,1,0.1,0.02,SPY221125P00355000,355.0,0,0.0,0.0,,0.0,normalDay
2022-11-22,11293.0,8.0,0.0,0,399.9,0.0,1,0.1,0.02,SPY221125P00355000,355.0,0,0.0,0.0,,0.0,normalDay
2022-11-23,11293.0,9.0,0.0,0,402.42,0.0,1,0.1,0.01,SPY221125P00355000,355.0,0,0.0,0.0,,0.0,normalDay
2022-11-25,11303.0,0.0,10.0,0,402.33,0.0,1,0.1,0.0,SPY221125P00355000,355.0,0,0.0,0.0,,0.0,expirationDay
2022-11-28,11303.0,-3.0,0.0,0,395.91,0.0,1,0.12,0.15,SPY221209P00361000,361.0,0,0.0,0.0,,0.0,normalDay
2022-11-29,11303.0,-2.0,0.0,0,395.23,0.0,1,0.12,0.14,SPY221209P00361000,361.0,0,0.0,0.0,,0.0,normalDay
2022-11-30,11303.0,5.0,0.0,0,407.68,0.0,1,0.12,0.07,SPY221209P00361000,361.0,0,0.0,0.0,,0.0,normalDay
2022-12-01,11303.0,8.0,0.0,0,407.38,0.0,1,0.12,0.04,SPY221209P00361000,361.0,0,0.0,0.0,,0.0,normalDay
2022-12-02,11303.0,9.0,0.0,0,406.91,0.0,1,0.12,0.03,SPY221209P00361000,361.0,0,0.0,0.0,,0.0,normalDay
2022-12-05,11303.0,9.0,0.0,0,399.59,0.0,1,0.12,0.03,SPY221209P00361000,361.0,0,0.0,0.0,,0.0,normalDay
2022-12-06,11303.0,7.0,0.0,0,393.83,0.0,1,0.12,0.05,SPY221209P00361000,361.0,0,0.0,0.0,,0.0,normalDay
2022-12-07,11303.0,9.0,0.0,0,393.16,0.0,1,0.12,0.03,SPY221209P00361000,361.0,0,0.0,0.0,,0.0,normalDay
2022-12-08,11303.0,10.0,0.0,0,396.24,0.0,1,0.12,0.02,SPY221209P00361000,361.0,0,0.0,0.0,,0.0,normalDay
2022-12-09,11315.0,0.0,12.0,0,393.28,0.0,1,0.12,0.0,SPY221209P00361000,361.0,0,0.0,0.0,,0.0,expirationDay
2022-12-12,11315.0,-4.0,0.0,0,398.95,0.0,1,3.03,3.07,SPY221223P00385000,385.0,0,0.0,0.0,,0.0,normalDay
2022-12-13,11315.0,178.0,0.0,0,401.97,0.0,1,3.03,1.25,SPY221223P00385000,385.0,0,0.0,0.0,,0.0,normalDay
2022-12-14,11315.0,208.0,0.0,0,399.4,0.0,1,3.03,0.95,SPY221223P00385000,385.0,0,0.0,0.0,,0.0,normalDay
2022-12-15,11315.0,-13.0,0.0,0,389.63,0.0,1,3.03,3.16,SPY221223P00385000,385.0,0,0.0,0.0,,0.0,normalDay
2022-12-16,11315.0,-189.0,0.0,0,383.27,0.0,1,3.03,4.92,SPY221223P00385000,385.0,0,0.0,0.0,,0.0,normalDay
2022-12-19,11315.0,-339.0,0.0,0,380.02,0.0,1,3.03,6.42,SPY221223P00385000,385.0,0,0.0,0.0,,0.0,normalDay
2022-12-20,11315.0,-241.0,0.0,0,380.54,0.0,1,3.03,5.44,SPY221223P00385000,385.0,0,0.0,0.0,,0.0,normalDay
2022-12-21,11315.0,145.0,0.0,0,386.23,0.0,1,3.03,1.58,SPY221223P00385000,385.0,0,0.0,0.0,,0.0,normalDay
2022-12-22,11315.0,-175.0,0.0,0,380.72,0.0,1,3.03,4.78,SPY221223P00385000,385.0,0,0.0,0.0,,0.0,normalDay
2022-12-23,11618.0,-209.0,303.0,100,382.91,385.0,1,3.03,0.0,SPY221223P00385000,385.0,0,0.0,0.0,,0.0,expirationDay
2022-12-27,11618.0,-363.0,0.0,100,381.4,385.0,0,0.0,0.0,,0.0,1,0.02,0.05,SPY230113C00428000,428.0,normalDay
2022-12-28,11618.0,-835.0,0.0,100,376.66,385.0,0,0.0,0.0,,0.0,1,0.02,0.03,SPY230113C00428000,428.0,normalDay
2022-12-29,11618.0,-158.0,0.0,100,383.44,385.0,0,0.0,0.0,,0.0,1,0.02,0.04,SPY230113C00428000,428.0,normalDay
2022-12-30,11618.0,-258.0,0.0,100,382.43,385.0,0,0.0,0.0,,0.0,1,0.02,0.03,SPY230113C00428000,428.0,normalDay
2023-01-03,11618.0,-418.0,0.0,100,380.82,385.0,0,0.0,0.0,,0.0,1,0.02,0.02,SPY230113C00428000,428.0,normalDay
2023-01-04,11618.0,-124.0,0.0,100,383.76,385.0,0,0.0,0.0,,0.0,1,0.02,0.02,SPY230113C00428000,428.0,normalDay
2023-01-05,11618.0,-562.0,0.0,100,379.38,385.0,0,0.0,0.0,,0.0,1,0.02,0.02,SPY230113C00428000,428.0,normalDay
2023-01-06,11618.0,308.0,0.0,100,388.08,385.0,0,0.0,0.0,,0.0,1,0.02,0.02,SPY230113C00428000,428.0,normalDay
2023-01-09,11618.0,286.0,0.0,100,387.86,385.0,0,0.0,0.0,,0.0,1,0.02,0.02,SPY230113C00428000,428.0,normalDay
2023-01-10,11618.0,559.0,0.0,100,390.58,385.0,0,0.0,0.0,,0.0,1,0.02,0.01,SPY230113C00428000,428.0,normalDay
2023-01-11,11618.0,1053.0,0.0,100,395.52,385.0,0,0.0,0.0,,0.0,1,0.02,0.01,SPY230113C00428000,428.0,normalDay
2023-01-12,11618.0,1197.0,0.0,100,396.96,385.0,0,0.0,0.0,,0.0,1,0.02,0.01,SPY230113C00428000,428.0,normalDay
2023-01-13,11620.0,1350.0,2.0,100,398.5,385.0,0,0.0,0.0,,0.0,1,0.02,0.0,SPY230113C00428000,428.0,expirationDay
2023-01-17,11620.0,1273.0,0.0,100,397.77,385.0,0,0.0,0.0,,0.0,1,1.53,1.57,SPY230203C00411000,411.0,normalDay
2023-01-18,11620.0,741.0,0.0,100,391.49,385.0,0,0.0,0.0,,0.0,1,1.53,0.61,SPY230203C00411000,411.0,normalDay
2023-01-19,11620.0,483.0,0.0,100,388.64,385.0,0,0.0,0.0,,0.0,1,1.53,0.34,SPY230203C00411000,411.0,normalDay
2023-01-20,11620.0,1148.0,0.0,100,395.88,385.0,0,0.0,0.0,,0.0,1,1.53,0.93,SPY230203C00411000,411.0,normalDay
2023-01-23,11620.0,1544.0,0.0,100,400.63,385.0,0,0.0,0.0,,0.0,1,1.53,1.72,SPY230203C00411000,411.0,normalDay
2023-01-24,11620.0,1491.0,0.0,100,400.2,385.0,0,0.0,0.0,,0.0,1,1.53,1.82,SPY230203C00411000,411.0,normalDay
2023-01-25,11620.0,1545.0,0.0,100,400.35,385.0,0,0.0,0.0,,0.0,1,1.53,1.43,SPY230203C00411000,411.0,normalDay
2023-01-26,11620.0,1895.0,0.0,100,404.75,385.0,0,0.0,0.0,,0.0,1,1.53,2.33,SPY230203C00411000,411.0,normalDay
2023-01-27,11620.0,1986.0,0.0,100,405.68,385.0,0,0.0,0.0,,0.0,1,1.53,2.35,SPY230203C00411000,411.0,normalDay
2023-01-30,11620.0,1590.0,0.0,100,400.59,385.0,0,0.0,0.0,,0.0,1,1.53,1.22,SPY230203C00411000,411.0,normalDay
2023-01-31,11620.0,2080.0,0.0,100,406.48,385.0,0,0.0,0.0,,0.0,1,1.53,2.21,SPY230203C00411000,411.0,normalDay
2023-02-01,11620.0,2381.0,0.0,100,410.8,385.0,0,0.0,0.0,,0.0,1,1.53,3.52,SPY230203C00411000,411.0,normalDay
2023-02-02,11620.0,2747.0,0.0,100,416.78,385.0,0,0.0,0.0,,0.0,1,1.53,5.84,SPY230203C00411000,411.0,normalDay
2023-02-03,14373.0,2747.0,2753.0,0,412.35,0.0,0,0.0,0.0,,0.0,1,1.53,0.0,SPY230203C00411000,411.0,expirationDay
2023-02-06,14373.0,-3.0,0.0,0,409.83,0.0,1,0.26,0.29,SPY230217P00378000,378.0,0,0.0,0.0,,0.0,normalDay
2023-02-07,14373.0,10.0,0.0,0,415.19,0.0,1,0.26,0.16,SPY230217P00378000,378.0,0,0.0,0.0,,0.0,normalDay
2023-02-08,14373.0,9.0,0.0,0,410.65,0.0,1,0.26,0.17,SPY230217P00378000,378.0,0,0.0,0.0,,0.0,normalDay
2023-02-09,14373.0,0.0,0.0,0,407.09,0.0,1,0.26,0.26,SPY230217P00378000,378.0,0,0.0,0.0,,0.0,normalDay
2023-02-10,14373.0,11.0,0.0,0,408.04,0.0,1,0.26,0.15,SPY230217P00378000,378.0,0,0.0,0.0,,0.0,normalDay
2023-02-13,14373.0,18.0,0.0,0,412.83,0.0,1,0.26,0.08,SPY230217P00378000,378.0,0,0.0,0.0,,0.0,normalDay
2023-02-14,14373.0,21.0,0.0,0,412.64,0.0,1,0.26,0.05,SPY230217P00378000,378.0,0,0.0,0.0,,0.0,normalDay
2023-02-15,14373.0,23.0,0.0,0,413.98,0.0,1,0.26,0.03,SPY230217P00378000,378.0,0,0.0,0.0,,0.0,normalDay
2023-02-16,14373.0,19.0,0.0,0,408.28,0.0,1,0.26,0.07,SPY230217P00378000,378.0,0,0.0,0.0,,0.0,normalDay
2023-02-17,14399.0,0.0,26.0,0,407.26,0.0,1,0.26,0.0,SPY230217P00378000,378.0,0,0.0,0.0,,0.0,expirationDay
2023-02-21,14399.0,-4.0,0.0,0,399.09,0.0,1,3.06,3.1,SPY230303P00394000,394.0,0,0.0,0.0,,0.0,normalDay
2023-02-22,14399.0,39.0,0.0,0,398.54,0.0,1,3.06,2.67,SPY230303P00394000,394.0,0,0.0,0.0,,0.0,normalDay
2023-02-23,14399.0,136.0,0.0,0,400.66,0.0,1,3.06,1.7,SPY230303P00394000,394.0,0,0.0,0.0,,0.0,normalDay
2023-02-24,14399.0,36.0,0.0,0,396.38,0.0,1,3.06,2.7,SPY230303P00394000,394.0,0,0.0,0.0,,0.0,normalDay
2023-02-27,14399.0,153.0,0.0,0,397.73,0.0,1,3.06,1.53,SPY230303P00394000,394.0,0,0.0,0.0,,0.0,normalDay
2023-02-28,14399.0,122.0,0.0,0,396.26,0.0,1,3.06,1.84,SPY230303P00394000,394.0,0,0.0,0.0,,0.0,normalDay
2023-03-01,14399.0,115.0,0.0,0,394.74,0.0,1,3.06,1.91,SPY230303P00394000,394.0,0,0.0,0.0,,0.0,normalDay
2023-03-02,14399.0,266.0,0.0,0,397.81,0.0,1,3.06,0.4,SPY230303P00394000,394.0,0,0.0,0.0,,0.0,normalDay
2023-03-03,14705.0,0.0,306.0,0,404.19,0.0,1,3.06,0.0,SPY230303P00394000,394.0,0,0.0,0.0,,0.0,expirationDay
2023-03-06,14705.0,-3.0,0.0,0,404.47,0.0,1,0.87,0.9,SPY230317P00386000,386.0,0,0.0,0.0,,0.0,normalDay
2023-03-07,14705.0,-91.0,0.0,0,398.27,0.0,1,0.87,1.78,SPY230317P00386000,386.0,0,0.0,0.0,,0.0,normalDay
2023-03-08,14705.0,-62.0,0.0,0,398.92,0.0,1,0.87,1.49,SPY230317P00386000,386.0,0,0.0,0.0,,0.0,normalDay
2023-03-09,14705.0,-320.0,0.0,0,391.56,0.0,1,0.87,4.07,SPY230317P00386000,386.0,0,0.0,0.0,,0.0,normalDay
2023-03-10,14705.0,-524.0,0.0,0,385.91,0.0,1,0.87,6.11,SPY230317P00386000,386.0,0,0.0,0.0,,0.0,normalDay
2023-03-13,14705.0,-528.0,0.0,0,385.36,0.0,1,0.87,6.15,SPY230317P00386000,386.0,0,0.0,0.0,,0.0,normalDay
2023-03-14,14705.0,-121.0,0.0,0,391.73,0.0,1,0.87,2.08,SPY230317P00386000,386.0,0,0.0,0.0,,0.0,normalDay
2023-03-15,14705.0,-177.0,0.0,0,389.28,0.0,1,0.87,2.64,SPY230317P00386000,386.0,0,0.0,0.0,,0.0,normalDay
2023-03-16,14705.0,64.0,0.0,0,396.11,0.0,1,0.87,0.23,SPY230317P00386000,386.0,0,0.0,0.0,,0.0,normalDay
2023-03-17,14792.0,0.0,87.0,0,389.99,0.0,1,0.87,0.0,SPY230317P00386000,386.0,0,0.0,0.0,,0.0,expirationDay
2023-03-20,14792.0,-4.0,0.0,0,393.74,0.0,1,2.62,2.66,SPY230331P00381000,381.0,0,0.0,0.0,,0.0,normalDay
2023-03-21,14792.0,143.0,0.0,0,398.91,0.0,1,2.62,1.19,SPY230331P00381000,381.0,0,0.0,0.0,,0.0,normalDay
2023-03-22,14792.0,52.0,0.0,0,392.11,0.0,1,2.62,2.1,SPY230331P00381000,381.0,0,0.0,0.0,,0.0,normalDay
2023-03-23,14792.0,87.0,0.0,0,393.17,0.0,1,2.62,1.75,SPY230331P00381000,381.0,0,0.0,0.0,,0.0,normalDay
2023-03-24,14792.0,177.0,0.0,0,395.75,0.0,1,2.62,0.85,SPY230331P00381000,381.0,0,0.0,0.0,,0.0,normalDay
2023-03-27,14792.0,235.0,0.0,0,396.49,0.0,1,2.62,0.27,SPY230331P00381000,381.0,0,0.0,0.0,,0.0,normalDay
2023-03-28,14792.0,248.0,0.0,0,395.6,0.0,1,2.62,0.14,SPY230331P00381000,381.0,0,0.0,0.0,,0.0,normalDay
2023-03-29,14792.0,257.0,0.0,0,401.35,0.0,1,2.62,0.05,SPY230331P00381000,381.0,0,0.0,0.0,,0.0,normalDay
2023-03-30,14792.0,259.0,0.0,0,403.7,0.0,1,2.62,0.03,SPY230331P00381000,381.0,0,0.0,0.0,,0.0,normalDay
2023-03-31,15054.0,0.0,262.0,0,409.39,0.0,1,2.62,0.0,SPY230331P00381000,381.0,0,0.0,0.0,,0.0,expirationDay
2023-04-03,15054.0,-3.0,0.0,0,410.95,0.0,1,0.13,0.16,SPY230414P00377000,377.0,0,0.0,0.0,,0.0,normalDay
2023-04-04,15054.0,-2.0,0.0,0,408.67,0.0,1,0.13,0.15,SPY230414P00377000,377.0,0,0.0,0.0,,0.0,normalDay
2023-04-05,15054.0,2.0,0.0,0,407.6,0.0,1,0.13,0.11,SPY230414P00377000,377.0,0,0.0,0.0,,0.0,normalDay
2023-04-06,15054.0,8.0,0.0,0,409.19,0.0,1,0.13,0.05,SPY230414P00377000,377.0,0,0.0,0.0,,0.0,normalDay
2023-04-10,15054.0,10.0,0.0,0,409.61,0.0,1,0.13,0.03,SPY230414P00377000,377.0,0,0.0,0.0,,0.0,normalDay
2023-04-11,15054.0,10.0,0.0,0,409.72,0.0,1,0.13,0.03,SPY230414P00377000,377.0,0,0.0,0.0,,0.0,normalDay
2023-04-12,15054.0,11.0,0.0,0,408.05,0.0,1,0.13,0.02,SPY230414P00377000,377.0,0,0.0,0.0,,0.0,normalDay
2023-04-13,15054.0,11.0,0.0,0,413.47,0.0,1,0.13,0.02,SPY230414P00377000,377.0,0,0.0,0.0,,0.0,normalDay
2023-04-14,15067.0,0.0,13.0,0,412.46,0.0,1,0.13,0.0,SPY230414P00377000,377.0,0,0.0,0.0,,0.0,expirationDay
2023-04-17,15067.0,-3.0,0.0,0,413.94,0.0,1,0.12,0.15,SPY230428P00383000,383.0,0,0.0,0.0,,0.0,normalDay
2023-04-18,15067.0,-2.0,0.0,0,414.21,0.0,1,0.12,0.14,SPY230428P00383000,383.0,0,0.0,0.0,,0.0,normalDay
2023-04-19,15067.0,2.0,0.0,0,414.14,0.0,1,0.12,0.1,SPY230428P00383000,383.0,0,0.0,0.0,,0.0,normalDay
2023-04-20,15067.0,3.0,0.0,0,411.88,0.0,1,0.12,0.09,SPY230428P00383000,383.0,0,0.0,0.0,,0.0,normalDay
2023-04-21,15067.0,5.0,0.0,0,412.2,0.0,1,0.12,0.07,SPY230428P00383000,383.0,0,0.0,0.0,,0.0,normalDay
2023-04-24,15067.0,9.0,0.0,0,412.63,0.0,1,0.12,0.03,SPY230428P00383000,383.0,0,0.0,0.0,,0.0,normalDay
2023-04-25,15067.0,7.0,0.0,0,406.08,0.0,1,0.12,0.05,SPY230428P00383000,383.0,0,0.0,0.0,,0.0,normalDay
2023-04-26,15067.0,9.0,0.0,0,404.36,0.0,1,0.12,0.03,SPY230428P00383000,383.0,0,0.0,0.0,,0.0,normalDay
2023-04-27,15067.0,10.0,0.0,0,412.41,0.0,1,0.12,0.02,SPY230428P00383000,383.0,0,0.0,0.0,,0.0,normalDay
2023-04-28,15079.0,0.0,12.0,0,415.93,0.0,1,0.12,0.0,SPY230428P00383000,383.0,0,0.0,0.0,,0.0,expirationDay
2023-05-01,15079.0,-3.0,0.0,0,415.51,0.0,1,0.88,0.91,SPY230512P00402500,402.5,0,0.0,0.0,,0.0,normalDay
2023-05-02,15079.0,-101.0,0.0,0,410.84,0.0,1,0.88,1.89,SPY230512P00402500,402.5,0,0.0,0.0,,0.0,normalDay
2023-05-03,15079.0,-135.0,0.0,0,408.02,0.0,1,0.88,2.23,SPY230512P00402500,402.5,0,0.0,0.0,,0.0,normalDay
2023-05-04,15079.0,-258.0,0.0,0,405.13,0.0,1,0.88,3.46,SPY230512P00402500,402.5,0,0.0,0.0,,0.0,normalDay
2023-05-05,15079.0,14.0,0.0,0,412.63,0.0,1,0.88,0.74,SPY230512P00402500,402.5,0,0.0,0.0,,0.0,normalDay
2023-05-08,15079.0,50.0,0.0,0,412.74,0.0,1,0.88,0.38,SPY230512P00402500,402.5,0,0.0,0.0,,0.0,normalDay
2023-05-09,15079.0,43.0,0.0,0,410.93,0.0,1,0.88,0.45,SPY230512P00402500,402.5,0,0.0,0.0,,0.0,normalDay
2023-05-10,15079.0,76.0,0.0,0,412.85,0.0,1,0.88,0.12,SPY230512P00402500,402.5,0,0.0,0.0,,0.0,normalDay
2023-05-11,15079.0,83.0,0.0,0,412.13,0.0,1,0.88,0.05,SPY230512P00402500,402.5,0,0.0,0.0,,0.0,normalDay
2023-05-12,15167.0,0.0,88.0,0,411.59,0.0,1,0.88,0.0,SPY230512P00402500,402.5,0,0.0,0.0,,0.0,expirationDay
2023-05-15,15167.0,-3.0,0.0,0,413.01,0.0,1,1.04,1.07,SPY230526P00402500,402.5,0,0.0,0.0,,0.0,normalDay
2023-05-16,15167.0,-50.0,0.0,0,410.25,0.0,1,1.04,1.54,SPY230526P00402500,402.5,0,0.0,0.0,,0.0,normalDay
2023-05-17,15167.0,41.0,0.0,0,415.23,0.0,1,1.04,0.63,SPY230526P00402500,402.5,0,0.0,0.0,,0.0,normalDay
2023-05-18,15167.0,76.0,0.0,0,419.23,0.0,1,1.04,0.28,SPY230526P00402500,402.5,0,0.0,0.0,,0.0,normalDay
2023-05-19,15167.0,84.0,0.0,0,418.62,0.0,1,1.04,0.2,SPY230526P00402500,402.5,0,0.0,0.0,,0.0,normalDay
2023-05-22,15167.0,93.0,0.0,0,418.79,0.0,1,1.04,0.11,SPY230526P00402500,402.5,0,0.0,0.0,,0.0,normalDay
2023-05-23,15167.0,84.0,0.0,0,414.09,0.0,1,1.04,0.2,SPY230526P00402500,402.5,0,0.0,0.0,,0.0,normalDay
2023-05-24,15167.0,79.0,0.0,0,411.09,0.0,1,1.04,0.25,SPY230526P00402500,402.5,0,0.0,0.0,,0.0,normalDay
2023-05-25,15167.0,97.0,0.0,0,414.65,0.0,1,1.04,0.07,SPY230526P00402500,402.5,0,0.0,0.0,,0.0,normalDay
2023-05-26,15271.0,0.0,104.0,0,420.02,0.0,1,1.04,0.0,SPY230526P00402500,402.5,0,0.0,0.0,,0.0,expirationDay
2023-05-30,15271.0,-3.0,0.0,0,420.18,0.0,1,0.5,0.53,SPY230609P00402000,402.0,0,0.0,0.0,,0.0,normalDay
2023-05-31,15271.0,-3.0,0.0,0,417.85,0.0,1,0.5,0.53,SPY230609P00402000,402.0,0,0.0,0.0,,0.0,normalDay
2023-06-01,15271.0,30.0,0.0,0,421.82,0.0,1,0.5,0.2,SPY230609P00402000,402.0,0,0.0,0.0,,0.0,normalDay
2023-06-02,15271.0,43.0,0.0,0,427.92,0.0,1,0.5,0.07,SPY230609P00402000,402.0,0,0.0,0.0,,0.0,normalDay
2023-06-05,15271.0,46.0,0.0,0,427.1,0.0,1,0.5,0.04,SPY230609P00402000,402.0,0,0.0,0.0,,0.0,normalDay
2023-06-06,15271.0,46.0,0.0,0,428.03,0.0,1,0.5,0.04,SPY230609P00402000,402.0,0,0.0,0.0,,0.0,normalDay
2023-06-07,15271.0,47.0,0.0,0,426.55,0.0,1,0.5,0.03,SPY230609P00402000,402.0,0,0.0,0.0,,0.0,normalDay
2023-06-08,15271.0,48.0,0.0,0,429.13,0.0,1,0.5,0.02,SPY230609P00402000,402.0,0,0.0,0.0,,0.0,normalDay
2023-06-09,15321.0,0.0,50.0,0,429.9,0.0,1,0.5,0.0,SPY230609P00402000,402.0,0,0.0,0.0,,0.0,expirationDay
2023-06-12,15321.0,-3.0,0.0,0,433.8,0.0,1,0.17,0.2,SPY230623P00402000,402.0,0,0.0,0.0,,0.0,normalDay
2023-06-13,15321.0,0.0,0.0,0,436.66,0.0,1,0.17,0.17,SPY230623P00402000,402.0,0,0.0,0.0,,0.0,normalDay
2023-06-14,15321.0,7.0,0.0,0,437.18,0.0,1,0.17,0.1,SPY230623P00402000,402.0,0,0.0,0.0,,0.0,normalDay
2023-06-15,15321.0,8.0,0.0,0,442.6,0.0,1,0.17,0.09,SPY230623P00402000,402.0,0,0.0,0.0,,0.0,normalDay
2023-06-16,15321.0,13.0,0.0,0,439.46,0.0,1,0.17,0.04,SPY230623P00402000,402.0,0,0.0,0.0,,0.0,normalDay
2023-06-20,15321.0,14.0,0.0,0,437.18,0.0,1,0.17,0.03,SPY230623P00402000,402.0,0,0.0,0.0,,0.0,normalDay
2023-06-21,15321.0,15.0,0.0,0,434.94,0.0,1,0.17,0.02,SPY230623P00402000,402.0,0,0.0,0.0,,0.0,normalDay
2023-06-22,15321.0,16.0,0.0,0,436.51,0.0,1,0.17,0.01,SPY230623P00402000,402.0,0,0.0,0.0,,0.0,normalDay
2023-06-23,15338.0,0.0,17.0,0,433.21,0.0,1,0.17,0.0,SPY230623P00402000,402.0,0,0.0,0.0,,0.0,expirationDay
2023-06-26,15338.0,-3.0,0.0,0,431.44,0.0,1,0.23,0.26,SPY230707P00411000,411.0,0,0.0,0.0,,0.0,normalDay
2023-06-27,15338.0,8.0,0.0,0,436.17,0.0,1,0.23,0.15,SPY230707P00411000,411.0,0,0.0,0.0,,0.0,normalDay
2023-06-28,15338.0,13.0,0.0,0,436.39,0.0,1,0.23,0.1,SPY230707P00411000,411.0,0,0.0,0.0,,0.0,normalDay
2023-06-29,15338.0,15.0,0.0,0,438.11,0.0,1,0.23,0.08,SPY230707P00411000,411.0,0,0.0,0.0,,0.0,normalDay
2023-06-30,15338.0,17.0,0.0,0,443.28,0.0,1,0.23,0.06,SPY230707P00411000,411.0,0,0.0,0.0,,0.0,normalDay
2023-07-03,15338.0,19.0,0.0,0,443.79,0.0,1,0.23,0.04,SPY230707P00411000,411.0,0,0.0,0.0,,0.0,normalDay
2023-07-05,15338.0,20.0,0.0,0,443.13,0.0,1,0.23,0.03,SPY230707P00411000,411.0,0,0.0,0.0,,0.0,normalDay
2023-07-06,15338.0,21.0,0.0,0,439.66,0.0,1,0.23,0.02,SPY230707P00411000,411.0,0,0.0,0.0,,0.0,normalDay
2023-07-07,15361.0,0.0,23.0,0,438.55,0.0,1,0.23,0.0,SPY230707P00411000,411.0,0,0.0,0.0,,0.0,expirationDay
2023-07-10,15361.0,-3.0,0.0,0,439.66,0.0,1,0.62,0.65,SPY230721P00427000,427.0,0,0.0,0.0,,0.0,normalDay
2023-07-11,15361.0,17.0,0.0,0,442.46,0.0,1,0.62,0.45,SPY230721P00427000,427.0,0,0.0,0.0,,0.0,normalDay
2023-07-12,15361.0,45.0,0.0,0,446.02,0.0,1,0.62,0.17,SPY230721P00427000,427.0,0,0.0,0.0,,0.0,normalDay
2023-07-13,15361.0,47.0,0.0,0,449.56,0.0,1,0.62,0.15,SPY230721P00427000,427.0,0,0.0,0.0,,0.0,normalDay
2023-07-14,15361.0,52.0,0.0,0,449.28,0.0,1,0.62,0.1,SPY230721P00427000,427.0,0,0.0,0.0,,0.0,normalDay
2023-07-17,15361.0,56.0,0.0,0,450.84,0.0,1,0.62,0.06,SPY230721P00427000,427.0,0,0.0,0.0,,0.0,normalDay
2023-07-18,15361.0,57.0,0.0,0,454.19,0.0,1,0.62,0.05,SPY230721P00427000,427.0,0,0.0,0.0,,0.0,normalDay
2023-07-19,15361.0,58.0,0.0,0,455.2,0.0,1,0.62,0.04,SPY230721P00427000,427.0,0,0.0,0.0,,0.0,normalDay
2023-07-20,15361.0,59.0,0.0,0,452.18,0.0,1,0.62,0.03,SPY230721P00427000,427.0,0,0.0,0.0,,0.0,normalDay
2023-07-21,15423.0,0.0,62.0,0,452.18,0.0,1,0.62,0.0,SPY230721P00427000,427.0,0,0.0,0.0,,0.0,expirationDay
2023-07-24,15423.0,-3.0,0.0,0,454.2,0.0,1,0.14,0.17,SPY230804P00425000,425.0,0,0.0,0.0,,0.0,normalDay
2023-07-25,15423.0,0.0,0.0,0,455.44,0.0,1,0.14,0.14,SPY230804P00425000,425.0,0,0.0,0.0,,0.0,normalDay
2023-07-26,15423.0,5.0,0.0,0,455.51,0.0,1,0.14,0.09,SPY230804P00425000,425.0,0,0.0,0.0,,0.0,normalDay
2023-07-27,15423.0,-1.0,0.0,0,452.49,0.0,1,0.14,0.15,SPY230804P00425000,425.0,0,0.0,0.0,,0.0,normalDay
2023-07-28,15423.0,9.0,0.0,0,456.92,0.0,1,0.14,0.05,SPY230804P00425000,425.0,0,0.0,0.0,,0.0,normalDay
2023-07-31,15423.0,10.0,0.0,0,457.79,0.0,1,0.14,0.04,SPY230804P00425000,425.0,0,0.0,0.0,,0.0,normalDay
2023-08-01,15423.0,11.0,0.0,0,456.48,0.0,1,0.14,0.03,SPY230804P00425000,425.0,0,0.0,0.0,,0.0,normalDay
2023-08-02,15423.0,9.0,0.0,0,450.13,0.0,1,0.14,0.05,SPY230804P00425000,425.0,0,0.0,0.0,,0.0,normalDay
2023-08-03,15423.0,12.0,0.0,0,448.84,0.0,1,0.14,0.02,SPY230804P00425000,425.0,0,0.0,0.0,,0.0,normalDay
2023-08-04,15437.0,0.0,14.0,0,446.81,0.0,1,0.14,0.0,SPY230804P00425000,425.0,0,0.0,0.0,,0.0,expirationDay
2023-08-07,15437.0,-3.0,0.0,0,450.71,0.0,1,1.19,1.22,SPY230818P00441000,441.0,0,0.0,0.0,,0.0,normalDay
2023-08-08,15437.0,-28.0,0.0,0,448.75,0.0,1,1.19,1.47,SPY230818P00441000,441.0,0,0.0,0.0,,0.0,normalDay
2023-08-09,15437.0,-82.0,0.0,0,445.75,0.0,1,1.19,2.01,SPY230818P00441000,441.0,0,0.0,0.0,,0.0,normalDay
2023-08-10,15437.0,-71.0,0.0,0,445.91,0.0,1,1.19,1.9,SPY230818P00441000,441.0,0,0.0,0.0,,0.0,normalDay
2023-08-11,15437.0,-19.0,0.0,0,445.65,0.0,1,1.19,1.38,SPY230818P00441000,441.0,0,0.0,0.0,,0.0,normalDay
2023-08-14,15437.0,62.0,0.0,0,448.11,0.0,1,1.19,0.57,SPY230818P00441000,441.0,0,0.0,0.0,,0.0,normalDay
2023-08-15,15437.0,-51.0,0.0,0,442.89,0.0,1,1.19,1.7,SPY230818P00441000,441.0,0,0.0,0.0,,0.0,normalDay
2023-08-16,15437.0,-137.0,0.0,0,439.64,0.0,1,1.19,2.56,SPY230818P00441000,441.0,0,0.0,0.0,,0.0,normalDay
2023-08-17,15437.0,-383.0,0.0,0,436.29,0.0,1,1.19,5.02,SPY230818P00441000,441.0,0,0.0,0.0,,0.0,normalDay
2023-08-18,15556.0,-450.0,119.0,100,436.5,441.0,1,1.19,0.0,SPY230818P00441000,441.0,0,0.0,0.0,,0.0,expirationDay
2023-08-21,15556.0,-166.0,0.0,100,439.34,441.0,0,0.0,0.0,,0.0,0,0.0,0.0,,0.0,bidTooLow
2023-08-22,15556.0,-285.0,0.0,100,438.15,441.0,0,0.0,0.0,,0.0,0,0.0,0.0,,0.0,bidTooLow
2023-08-23,15556.0,200.0,0.0,100,443.03,441.0,0,0.0,0.0,,0.0,1,0.02,0.05,SPY230908C00471000,471.0,normalDay
2023-08-24,15556.0,-411.0,0.0,100,436.89,441.0,0,0.0,0.0,,0.0,1,0.02,0.02,SPY230908C00471000,471.0,normalDay
2023-08-25,15556.0,-103.0,0.0,100,439.97,441.0,0,0.0,0.0,,0.0,1,0.02,0.02,SPY230908C00471000,471.0,normalDay
2023-08-28,15556.0,176.0,0.0,100,442.76,441.0,0,0.0,0.0,,0.0,1,0.02,0.02,SPY230908C00471000,471.0,normalDay
2023-08-29,15556.0,813.0,0.0,100,449.16,441.0,0,0.0,0.0,,0.0,1,0.02,0.05,SPY230908C00471000,471.0,normalDay
2023-08-30,15556.0,999.0,0.0,100,451.01,441.0,0,0.0,0.0,,0.0,1,0.02,0.04,SPY230908C00471000,471.0,normalDay
2023-08-31,15556.0,934.0,0.0,100,450.35,441.0,0,0.0,0.0,,0.0,1,0.02,0.03,SPY230908C00471000,471.0,normalDay
2023-09-01,15556.0,1020.0,0.0,100,451.19,441.0,0,0.0,0.0,,0.0,1,0.02,0.01,SPY230908C00471000,471.0,normalDay
2023-09-05,15556.0,825.0,0.0,100,449.24,441.0,0,0.0,0.0,,0.0,1,0.02,0.01,SPY230908C00471000,471.0,normalDay
2023-09-06,15556.0,523.0,0.0,100,446.22,441.0,0,0.0,0.0,,0.0,1,0.02,0.01,SPY230908C00471000,471.0,normalDay
2023-09-07,15556.0,386.0,0.0,100,444.85,441.0,0,0.0,0.0,,0.0,1,0.02,0.01,SPY230908C00471000,471.0,normalDay
2023-09-08,15558.0,452.0,2.0,100,445.52,441.0,0,0.0,0.0,,0.0,1,0.02,0.0,SPY230908C00471000,471.0,expirationDay
2023-09-11,15558.0,742.0,0.0,100,448.45,441.0,0,0.0,0.0,,0.0,1,0.28,0.31,SPY230929C00463000,463.0,normalDay
2023-09-12,15558.0,509.0,0.0,100,445.99,441.0,0,0.0,0.0,,0.0,1,0.28,0.18,SPY230929C00463000,463.0,normalDay
2023-09-13,15558.0,567.0,0.0,100,446.51,441.0,0,0.0,0.0,,0.0,1,0.28,0.12,SPY230929C00463000,463.0,normalDay
2023-09-14,15558.0,942.0,0.0,100,450.36,441.0,0,0.0,0.0,,0.0,1,0.28,0.22,SPY230929C00463000,463.0,normalDay
2023-09-15,15558.0,260.0,0.0,100,443.37,441.0,0,0.0,0.0,,0.0,1,0.28,0.05,SPY230929C00463000,463.0,normalDay
2023-09-18,15558.0,287.0,0.0,100,443.63,441.0,0,0.0,0.0,,0.0,1,0.28,0.04,SPY230929C00463000,463.0,normalDay
2023-09-19,15558.0,196.0,0.0,100,442.71,441.0,0,0.0,0.0,,0.0,1,0.28,0.03,SPY230929C00463000,463.0,normalDay
2023-09-20,15558.0,-210.0,0.0,100,438.64,441.0,0,0.0,0.0,,0.0,1,0.28,0.02,SPY230929C00463000,463.0,normalDay
2023-09-21,15558.0,-934.0,0.0,100,431.39,441.0,0,0.0,0.0,,0.0,1,0.28,0.01,SPY230929C00463000,463.0,normalDay
2023-09-22,15558.0,-1031.0,0.0,100,430.42,441.0,0,0.0,0.0,,0.0,1,0.28,0.01,SPY230929C00463000,463.0,normalDay
2023-09-25,15558.0,-850.0,0.0,100,432.23,441.0,0,0.0,0.0,,0.0,1,0.28,0.01,SPY230929C00463000,463.0,normalDay
2023-09-26,15558.0,-1485.0,0.0,100,425.88,441.0,0,0.0,0.0,,0.0,1,0.28,0.01,SPY230929C00463000,463.0,normalDay
2023-09-27,15558.0,-1468.0,0.0,100,426.05,441.0,0,0.0,0.0,,0.0,1,0.28,0.01,SPY230929C00463000,463.0,normalDay
2023-09-28,15558.0,-1221.0,0.0,100,428.52,441.0,0,0.0,0.0,,0.0,1,0.28,0.01,SPY230929C00463000,463.0,normalDay
2023-09-29,15586.0,-1352.0,28.0,100,427.48,441.0,0,0.0,0.0,,0.0,1,0.28,0.0,SPY230929C00463000,463.0,expirationDay
2023-10-02,15586.0,-1369.0,0.0,100,427.31,441.0,0,0.0,0.0,,0.0,0,0.0,0.0,,0.0,bidTooLow
2023-10-03,15586.0,-1941.0,0.0,100,421.59,441.0,0,0.0,0.0,,0.0,0,0.0,0.0,,0.0,bidTooLow
2023-10-04,15586.0,-1634.0,0.0,100,424.66,441.0,0,0.0,0.0,,0.0,0,0.0,0.0,,0.0,bidTooLow
2023-10-05,15586.0,-1650.0,0.0,100,424.5,441.0,0,0.0,0.0,,0.0,0,0.0,0.0,,0.0,bidTooLow
2023-10-06,15586.0,-1146.0,0.0,100,429.54,441.0,0,0.0,0.0,,0.0,0,0.0,0.0,,0.0,bidTooLow
2023-10-09,15586.0,-874.0,0.0,100,432.29,441.0,0,0.0,0.0,,0.0,1,0.01,0.04,SPY231027C00466000,466.0,normalDay
2023-10-10,15586.0,-649.0,0.0,100,434.54,441.0,0,0.0,0.0,,0.0,1,0.01,0.04,SPY231027C00466000,466.0,normalDay
2023-10-11,15586.0,-470.0,0.0,100,436.32,441.0,0,0.0,0.0,,0.0,1,0.01,0.03,SPY231027C00466000,466.0,normalDay
2023-10-12,15586.0,-735.0,0.0,100,433.66,441.0,0,0.0,0.0,,0.0,1,0.01,0.02,SPY231027C00466000,466.0,normalDay
2023-10-13,15586.0,-951.0,0.0,100,431.5,441.0,0,0.0,0.0,,0.0,1,0.01,0.02,SPY231027C00466000,466.0,normalDay
2023-10-16,15586.0,-498.0,0.0,100,436.04,441.0,0,0.0,0.0,,0.0,1,0.01,0.03,SPY231027C00466000,466.0,normalDay
2023-10-17,15586.0,-499.0,0.0,100,436.02,441.0,0,0.0,0.0,,0.0,1,0.01,0.02,SPY231027C00466000,466.0,normalDay
2023-10-18,15586.0,-1080.0,0.0,100,430.21,441.0,0,0.0,0.0,,0.0,1,0.01,0.02,SPY231027C00466000,466.0,normalDay
2023-10-19,15586.0,-1458.0,0.0,100,426.43,441.0,0,0.0,0.0,,0.0,1,0.01,0.02,SPY231027C00466000,466.0,normalDay
2023-10-20,15586.0,-1981.0,0.0,100,421.19,441.0,0,0.0,0.0,,0.0,1,0.01,0.01,SPY231027C00466000,466.0,normalDay
2023-10-23,15586.0,-2054.0,0.0,100,420.46,441.0,0,0.0,0.0,,0.0,1,0.01,0.01,SPY231027C00466000,466.0,normalDay
2023-10-24,15586.0,-1737.0,0.0,100,423.63,441.0,0,0.0,0.0,,0.0,1,0.01,0.01,SPY231027C00466000,466.0,normalDay
2023-10-25,15586.0,-2345.0,0.0,100,417.55,441.0,0,0.0,0.0,,0.0,1,0.01,0.01,SPY231027C00466000,466.0,normalDay
2023-10-26,15586.0,-2845.0,0.0,100,412.55,441.0,0,0.0,0.0,,0.0,1,0.01,0.01,SPY231027C00466000,466.0,normalDay
2023-10-27,15587.0,-3032.0,1.0,100,410.68,441.0,0,0.0,0.0,,0.0,1,0.01,0.0,SPY231027C00466000,466.0,expirationDay
2023-10-30,15587.0,-2544.0,0.0,100,415.59,441.0,0,0.0,0.0,,0.0,1,0.01,0.04,SPY231117C00456000,456.0,normalDay
2023-10-31,15587.0,-2282.0,0.0,100,418.2,441.0,0,0.0,0.0,,0.0,1,0.01,0.03,SPY231117C00456000,456.0,normalDay
2023-11-01,15587.0,-1837.0,0.0,100,422.66,441.0,0,0.0,0.0,,0.0,1,0.01,0.04,SPY231117C00456000,456.0,normalDay
2023-11-02,15587.0,-1030.0,0.0,100,430.76,441.0,0,0.0,0.0,,0.0,1,0.01,0.07,SPY231117C00456000,456.0,normalDay
2023-11-03,15587.0,-641.0,0.0,100,434.69,441.0,0,0.0,0.0,,0.0,1,0.01,0.11,SPY231117C00456000,456.0,normalDay
2023-11-06,15587.0,-536.0,0.0,100,435.69,441.0,0,0.0,0.0,,0.0,1,0.01,0.06,SPY231117C00456000,456.0,normalDay
2023-11-07,15587.0,-413.0,0.0,100,436.93,441.0,0,0.0,0.0,,0.0,1,0.01,0.07,SPY231117C00456000,456.0,normalDay
2023-11-08,15587.0,-378.0,0.0,100,437.25,441.0,0,0.0,0.0,,0.0,1,0.01,0.04,SPY231117C00456000,456.0,normalDay
2023-11-09,15587.0,-718.0,0.0,100,433.84,441.0,0,0.0,0.0,,0.0,1,0.01,0.03,SPY231117C00456000,456.0,normalDay
2023-11-10,15587.0,-42.0,0.0,100,440.61,441.0,0,0.0,0.0,,0.0,1,0.01,0.04,SPY231117C00456000,456.0,normalDay
2023-11-13,15587.0,-84.0,0.0,100,440.19,441.0,0,0.0,0.0,,0.0,1,0.01,0.04,SPY231117C00456000,456.0,normalDay
2023-11-14,15587.0,743.0,0.0,100,448.73,441.0,0,0.0,0.0,,0.0,1,0.01,0.31,SPY231117C00456000,456.0,normalDay
2023-11-15,15587.0,855.0,0.0,100,449.68,441.0,0,0.0,0.0,,0.0,1,0.01,0.14,SPY231117C00456000,456.0,normalDay
2023-11-16,15587.0,920.0,0.0,100,450.23,441.0,0,0.0,0.0,,0.0,1,0.01,0.04,SPY231117C00456000,456.0,normalDay
2023-11-17,15588.0,979.0,1.0,100,450.79,441.0,0,0.0,0.0,,0.0,1,0.01,0.0,SPY231117C00456000,456.0,expirationDay
2023-11-20,15588.0,1323.0,0.0,100,454.26,441.0,0,0.0,0.0,,0.0,1,0.01,0.04,SPY231208C00484000,484.0,normalDay
2023-11-21,15588.0,1224.0,0.0,100,453.27,441.0,0,0.0,0.0,,0.0,1,0.01,0.04,SPY231208C00484000,484.0,normalDay
2023-11-22,15588.0,1400.0,0.0,100,455.02,441.0,0,0.0,0.0,,0.0,1,0.01,0.03,SPY231208C00484000,484.0,normalDay
2023-11-24,15588.0,1428.0,0.0,100,455.3,441.0,0,0.0,0.0,,0.0,1,0.01,0.03,SPY231208C00484000,484.0,normalDay
2023-11-27,15588.0,1347.0,0.0,100,454.48,441.0,0,0.0,0.0,,0.0,1,0.01,0.02,SPY231208C00484000,484.0,normalDay
2023-11-28,15588.0,1392.0,0.0,100,454.93,441.0,0,0.0,0.0,,0.0,1,0.01,0.02,SPY231208C00484000,484.0,normalDay
2023-11-29,15588.0,1360.0,0.0,100,454.61,441.0,0,0.0,0.0,,0.0,1,0.01,0.02,SPY231208C00484000,484.0,normalDay
2023-11-30,15588.0,1539.0,0.0,100,456.4,441.0,0,0.0,0.0,,0.0,1,0.01,0.02,SPY231208C00484000,484.0,normalDay
