date,totalCapital,unrializedPnL,rializedPnL,stocksOwned,stocksPriceToday,stocksPriceBoughtAt,putOwned,putOwnedSoldAt,putPriceToday,putOwnedContract,putOwnedStrike,callOwned,callOwnedSoldAt,callPriceToday,callOwnedContract,callOwnedStrike,trackType
2018-11-01,0.0,-9.0,0.0,0,273.51,0.0,1,7.18,7.27,SPY190329P00259000,259.0,0,0.0,0.0,,0.0,normalDay
2018-11-02,0.0,-52.0,0.0,0,271.89,0.0,1,7.18,7.7,SPY190329P00259000,259.0,0,0.0,0.0,,0.0,normalDay
2018-11-05,0.0,10.0,0.0,0,273.39,0.0,1,7.18,7.08,SPY190329P00259000,259.0,0,0.0,0.0,,0.0,normalDay
2018-11-06,0.0,70.0,0.0,0,275.12,0.0,1,7.18,6.48,SPY190329P00259000,259.0,0,0.0,0.0,,0.0,normalDay
2018-11-07,0.0,244.0,0.0,0,281.01,0.0,1,7.18,4.74,SPY190329P00259000,259.0,0,0.0,0.0,,0.0,normalDay
2018-11-08,0.0,249.0,0.0,0,280.5,0.0,1,7.18,4.69,SPY190329P00259000,259.0,0,0.0,0.0,,0.0,normalDay
2018-11-09,0.0,167.0,0.0,0,277.76,0.0,1,7.18,5.51,SPY190329P00259000,259.0,0,0.0,0.0,,0.0,normalDay
2018-11-12,0.0,14.0,0.0,0,272.57,0.0,1,7.18,7.04,SPY190329P00259000,259.0,0,0.0,0.0,,0.0,normalDay
2018-11-13,0.0,-17.0,0.0,0,272.06,0.0,1,7.18,7.35,SPY190329P00259000,259.0,0,0.0,0.0,,0.0,normalDay
2018-11-14,0.0,-103.0,0.0,0,270.2,0.0,1,7.18,8.21,SPY190329P00259000,259.0,0,0.0,0.0,,0.0,normalDay
2018-11-15,0.0,4.0,0.0,0,273.02,0.0,1,7.18,7.14,SPY190329P00259000,259.0,0,0.0,0.0,,0.0,normalDay
2018-11-16,0.0,64.0,0.0,0,273.73,0.0,1,7.18,6.54,SPY190329P00259000,259.0,0,0.0,0.0,,0.0,normalDay
2018-11-19,0.0,-91.0,0.0,0,269.1,0.0,1,7.18,8.09,SPY190329P00259000,259.0,0,0.0,0.0,,0.0,normalDay
2018-11-20,0.0,-311.0,0.0,0,264.12,0.0,1,7.18,10.29,SPY190329P00259000,259.0,0,0.0,0.0,,0.0,normalDay
2018-11-21,0.0,-234.0,0.0,0,265.02,0.0,1,7.18,9.52,SPY190329P00259000,259.0,0,0.0,0.0,,0.0,normalDay
2018-11-23,0.0,-306.0,0.0,0,263.25,0.0,1,7.18,10.24,SPY190329P00259000,259.0,0,0.0,0.0,,0.0,normalDay
2018-11-26,0.0,-72.0,0.0,0,267.5,0.0,1,7.18,7.9,SPY190329P00259000,259.0,0,0.0,0.0,,0.0,normalDay
2018-11-27,0.0,-51.0,0.0,0,268.4,0.0,1,7.18,7.69,SPY190329P00259000,259.0,0,0.0,0.0,,0.0,normalDay
2018-11-28,0.0,122.0,0.0,0,274.58,0.0,1,7.18,5.96,SPY190329P00259000,259.0,0,0.0,0.0,,0.0,normalDay
2018-11-29,0.0,106.0,0.0,0,273.98,0.0,1,7.18,6.12,SPY190329P00259000,259.0,0,0.0,0.0,,0.0,normalDay
2018-11-30,0.0,166.0,0.0,0,275.65,0.0,1,7.18,5.52,SPY190329P00259000,259.0,0,0.0,0.0,,0.0,normalDay
2018-12-03,0.0,276.0,0.0,0,279.3,0.0,1,7.18,4.42,SPY190329P00259000,259.0,0,0.0,0.0,,0.0,normalDay
2018-12-04,0.0,-11.0,0.0,0,270.25,0.0,1,7.18,7.29,SPY190329P00259000,259.0,0,0.0,0.0,,0.0,normalDay
2018-12-06,0.0,-25.0,0.0,0,269.84,0.0,1,7.18,7.43,SPY190329P00259000,259.0,0,0.0,0.0,,0.0,normalDay
2018-12-07,0.0,-281.0,0.0,0,263.57,0.0,1,7.18,9.99,SPY190329P00259000,259.0,0,0.0,0.0,,0.0,normalDay
2018-12-10,0.0,-216.0,0.0,0,264.07,0.0,1,7.18,9.34,SPY190329P00259000,259.0,0,0.0,0.0,,0.0,normalDay
2018-12-11,0.0,-207.0,0.0,0,264.13,0.0,1,7.18,9.25,SPY190329P00259000,259.0,0,0.0,0.0,,0.0,normalDay
2018-12-12,0.0,-170.0,0.0,0,265.46,0.0,1,7.18,8.88,SPY190329P00259000,259.0,0,0.0,0.0,,0.0,normalDay
2018-12-13,0.0,-153.0,0.0,0,265.37,0.0,1,7.18,8.71,SPY190329P00259000,259.0,0,0.0,0.0,,0.0,normalDay
2018-12-14,0.0,-348.0,0.0,0,260.47,0.0,1,7.18,10.66,SPY190329P00259000,259.0,0,0.0,0.0,,0.0,normalDay
2018-12-17,0.0,-601.0,0.0,0,255.36,0.0,1,7.18,13.19,SPY190329P00259000,259.0,0,0.0,0.0,,0.0,normalDay
2018-12-18,0.0,-662.0,0.0,0,255.08,0.0,1,7.18,13.8,SPY190329P00259000,259.0,0,0.0,0.0,,0.0,normalDay
2018-12-19,0.0,-808.0,0.0,0,251.26,0.0,1,7.18,15.26,SPY190329P00259000,259.0,0,0.0,0.0,,0.0,normalDay
2018-12-20,0.0,-1064.0,0.0,0,247.17,0.0,1,7.18,17.82,SPY190329P00259000,259.0,0,0.0,0.0,,0.0,normalDay
2018-12-21,0.0,-1507.0,0.0,0,240.7,0.0,1,7.18,22.25,SPY190329P00259000,259.0,0,0.0,0.0,,0.0,normalDay
2018-12-24,0.0,-2165.0,0.0,0,234.34,0.0,1,7.18,28.83,SPY190329P00259000,259.0,0,0.0,0.0,,0.0,normalDay
2018-12-26,0.0,-1047.0,0.0,0,246.18,0.0,1,7.18,17.65,SPY190329P00259000,259.0,0,0.0,0.0,,0.0,normalDay
2018-12-27,0.0,-955.0,0.0,0,248.07,0.0,1,7.18,16.73,SPY190329P00259000,259.0,0,0.0,0.0,,0.0,normalDay
2018-12-28,0.0,-977.0,0.0,0,247.75,0.0,1,7.18,16.95,SPY190329P00259000,259.0,0,0.0,0.0,,0.0,normalDay
2018-12-31,0.0,-774.0,0.0,0,249.92,0.0,1,7.18,14.92,SPY190329P00259000,259.0,0,0.0,0.0,,0.0,normalDay
2019-01-02,0.0,-698.0,0.0,0,250.18,0.0,1,7.18,14.16,SPY190329P00259000,259.0,0,0.0,0.0,,0.0,normalDay
2019-01-03,0.0,-1145.0,0.0,0,244.21,0.0,1,7.18,18.63,SPY190329P00259000,259.0,0,0.0,0.0,,0.0,normalDay
2019-01-04,0.0,-550.0,0.0,0,252.39,0.0,1,7.18,12.68,SPY190329P00259000,259.0,0,0.0,0.0,,0.0,normalDay
2019-01-07,0.0,-433.0,0.0,0,254.38,0.0,1,7.18,11.51,SPY190329P00259000,259.0,0,0.0,0.0,,0.0,normalDay
2019-01-08,0.0,-292.0,0.0,0,256.77,0.0,1,7.18,10.1,SPY190329P00259000,259.0,0,0.0,0.0,,0.0,normalDay
2019-01-09,0.0,-211.0,0.0,0,257.97,0.0,1,7.18,9.29,SPY190329P00259000,259.0,0,0.0,0.0,,0.0,normalDay
2019-01-10,0.0,-151.0,0.0,0,258.88,0.0,1,7.18,8.69,SPY190329P00259000,259.0,0,0.0,0.0,,0.0,normalDay
2019-01-11,0.0,-107.0,0.0,0,258.98,0.0,1,7.18,8.25,SPY190329P00259000,259.0,0,0.0,0.0,,0.0,normalDay
2019-01-14,0.0,-151.0,0.0,0,257.4,0.0,1,7.18,8.69,SPY190329P00259000,259.0,0,0.0,0.0,,0.0,normalDay
2019-01-15,0.0,7.0,0.0,0,260.35,0.0,1,7.18,7.11,SPY190329P00259000,259.0,0,0.0,0.0,,0.0,normalDay
2019-01-16,0.0,38.0,0.0,0,260.98,0.0,1,7.18,6.8,SPY190329P00259000,259.0,0,0.0,0.0,,0.0,normalDay
2019-01-17,0.0,117.0,0.0,0,262.96,0.0,1,7.18,6.01,SPY190329P00259000,259.0,0,0.0,0.0,,0.0,normalDay
2019-01-18,0.0,228.0,0.0,0,266.46,0.0,1,7.18,4.9,SPY190329P00259000,259.0,0,0.0,0.0,,0.0,normalDay
2019-01-22,0.0,80.0,0.0,0,262.86,0.0,1,7.18,6.38,SPY190329P00259000,259.0,0,0.0,0.0,,0.0,normalDay
2019-01-23,0.0,98.0,0.0,0,263.41,0.0,1,7.18,6.2,SPY190329P00259000,259.0,0,0.0,0.0,,0.0,normalDay
2019-01-24,0.0,127.0,0.0,0,263.55,0.0,1,7.18,5.91,SPY190329P00259000,259.0,0,0.0,0.0,,0.0,normalDay
2019-01-25,0.0,241.0,0.0,0,265.78,0.0,1,7.18,4.77,SPY190329P00259000,259.0,0,0.0,0.0,,0.0,normalDay
2019-01-28,0.0,164.0,0.0,0,263.76,0.0,1,7.18,5.54,SPY190329P00259000,259.0,0,0.0,0.0,,0.0,normalDay
2019-01-29,0.0,151.0,0.0,0,263.41,0.0,1,7.18,5.67,SPY190329P00259000,259.0,0,0.0,0.0,,0.0,normalDay
2019-01-30,0.0,315.0,0.0,0,267.58,0.0,1,7.18,4.03,SPY190329P00259000,259.0,0,0.0,0.0,,0.0,normalDay
2019-01-31,0.0,417.0,0.0,0,269.93,0.0,1,7.18,3.01,SPY190329P00259000,259.0,0,0.0,0.0,,0.0,normalDay
2019-02-01,0.0,430.0,0.0,0,270.06,0.0,1,7.18,2.88,SPY190329P00259000,259.0,0,0.0,0.0,,0.0,normalDay
2019-02-04,0.0,486.0,0.0,0,271.96,0.0,1,7.18,2.32,SPY190329P00259000,259.0,0,0.0,0.0,,0.0,normalDay
2019-02-05,0.0,504.0,0.0,0,273.1,0.0,1,7.18,2.14,SPY190329P00259000,259.0,0,0.0,0.0,,0.0,normalDay
2019-02-06,0.0,508.0,0.0,0,272.74,0.0,1,7.18,2.1,SPY190329P00259000,259.0,0,0.0,0.0,,0.0,normalDay
2019-02-07,0.0,450.0,0.0,0,270.14,0.0,1,7.18,2.68,SPY190329P00259000,259.0,0,0.0,0.0,,0.0,normalDay
2019-02-08,0.0,467.0,0.0,0,270.47,0.0,1,7.18,2.51,SPY190329P00259000,259.0,0,0.0,0.0,,0.0,normalDay
2019-02-11,0.0,484.0,0.0,0,270.62,0.0,1,7.18,2.34,SPY190329P00259000,259.0,0,0.0,0.0,,0.0,normalDay
2019-02-12,0.0,555.0,0.0,0,274.1,0.0,1,7.18,1.63,SPY190329P00259000,259.0,0,0.0,0.0,,0.0,normalDay
2019-02-13,0.0,562.0,0.0,0,274.99,0.0,1,7.18,1.56,SPY190329P00259000,259.0,0,0.0,0.0,,0.0,normalDay
2019-02-14,0.0,548.0,0.0,0,274.38,0.0,1,7.18,1.7,SPY190329P00259000,259.0,0,0.0,0.0,,0.0,normalDay
2019-02-15,0.0,601.0,0.0,0,277.37,0.0,1,7.18,1.17,SPY190329P00259000,259.0,0,0.0,0.0,,0.0,normalDay
2019-02-19,0.0,616.0,0.0,0,277.85,0.0,1,7.18,1.02,SPY190329P00259000,259.0,0,0.0,0.0,,0.0,normalDay
2019-02-20,0.0,636.0,0.0,0,278.41,0.0,1,7.18,0.82,SPY190329P00259000,259.0,0,0.0,0.0,,0.0,normalDay
2019-02-21,0.0,628.0,0.0,0,277.42,0.0,1,7.18,0.9,SPY190329P00259000,259.0,0,0.0,0.0,,0.0,normalDay
2019-02-22,0.0,651.0,0.0,0,279.14,0.0,1,7.18,0.67,SPY190329P00259000,259.0,0,0.0,0.0,,0.0,normalDay
2019-02-25,0.0,648.0,0.0,0,279.52,0.0,1,7.18,0.7,SPY190329P00259000,259.0,0,0.0,0.0,,0.0,normalDay
2019-02-26,0.0,646.0,0.0,0,279.32,0.0,1,7.18,0.72,SPY190329P00259000,259.0,0,0.0,0.0,,0.0,normalDay
2019-02-27,0.0,649.0,0.0,0,279.2,0.0,1,7.18,0.69,SPY190329P00259000,259.0,0,0.0,0.0,,0.0,normalDay
2019-02-28,0.0,647.0,0.0,0,278.68,0.0,1,7.18,0.71,SPY190329P00259000,259.0,0,0.0,0.0,,0.0,normalDay
2019-03-01,0.0,670.0,0.0,0,280.42,0.0,1,7.18,0.48,SPY190329P00259000,259.0,0,0.0,0.0,,0.0,normalDay
2019-03-04,0.0,661.0,0.0,0,279.4,0.0,1,7.18,0.57,SPY190329P00259000,259.0,0,0.0,0.0,,0.0,normalDay
2019-03-05,0.0,661.0,0.0,0,279.02,0.0,1,7.18,0.57,SPY190329P00259000,259.0,0,0.0,0.0,,0.0,normalDay
2019-03-06,0.0,649.0,0.0,0,277.33,0.0,1,7.18,0.69,SPY190329P00259000,259.0,0,0.0,0.0,,0.0,normalDay
2019-03-07,0.0,630.0,0.0,0,275.01,0.0,1,7.18,0.88,SPY190329P00259000,259.0,0,0.0,0.0,,0.0,normalDay
2019-03-08,0.0,642.0,0.0,0,274.46,0.0,1,7.18,0.76,SPY190329P00259000,259.0,0,0.0,0.0,,0.0,normalDay
2019-03-11,0.0,686.0,0.0,0,278.44,0.0,1,7.18,0.32,SPY190329P00259000,259.0,0,0.0,0.0,,0.0,normalDay
2019-03-12,0.0,695.0,0.0,0,279.49,0.0,1,7.18,0.23,SPY190329P00259000,259.0,0,0.0,0.0,,0.0,normalDay
2019-03-13,0.0,702.0,0.0,0,281.34,0.0,1,7.18,0.16,SPY190329P00259000,259.0,0,0.0,0.0,,0.0,normalDay
2019-03-14,0.0,704.0,0.0,0,281.16,0.0,1,7.18,0.14,SPY190329P00259000,259.0,0,0.0,0.0,,0.0,normalDay
2019-03-15,0.0,709.0,0.0,0,281.31,0.0,1,7.18,0.09,SPY190329P00259000,259.0,0,0.0,0.0,,0.0,normalDay
2019-03-18,0.0,712.0,0.0,0,282.33,0.0,1,7.18,0.06,SPY190329P00259000,259.0,0,0.0,0.0,,0.0,normalDay
2019-03-19,0.0,711.0,0.0,0,282.4,0.0,1,7.18,0.07,SPY190329P00259000,259.0,0,0.0,0.0,,0.0,normalDay
2019-03-20,0.0,712.0,0.0,0,281.55,0.0,1,7.18,0.06,SPY190329P00259000,259.0,0,0.0,0.0,,0.0,normalDay
2019-03-21,0.0,715.0,0.0,0,284.73,0.0,1,7.18,0.03,SPY190329P00259000,259.0,0,0.0,0.0,,0.0,normalDay
2019-03-22,0.0,711.0,0.0,0,279.25,0.0,1,7.18,0.07,SPY190329P00259000,259.0,0,0.0,0.0,,0.0,normalDay
2019-03-25,0.0,715.0,0.0,0,279.04,0.0,1,7.18,0.03,SPY190329P00259000,259.0,0,0.0,0.0,,0.0,normalDay
2019-03-26,0.0,716.0,0.0,0,281.12,0.0,1,7.18,0.02,SPY190329P00259000,259.0,0,0.0,0.0,,0.0,normalDay
2019-03-27,0.0,716.0,0.0,0,279.65,0.0,1,7.18,0.02,SPY190329P00259000,259.0,0,0.0,0.0,,0.0,normalDay
2019-03-28,0.0,717.0,0.0,0,280.71,0.0,1,7.18,0.01,SPY190329P00259000,259.0,0,0.0,0.0,,0.0,normalDay
2019-03-29,718.0,0.0,718.0,0,282.48,0.0,1,7.18,0.0,SPY190329P00259000,259.0,0,0.0,0.0,,0.0,expirationDay
2019-04-01,718.0,-6.0,0.0,0,285.83,0.0,1,7.17,7.23,SPY190930P00274000,274.0,0,0.0,0.0,,0.0,normalDay
2019-04-02,718.0,1.0,0.0,0,285.97,0.0,1,7.17,7.16,SPY190930P00274000,274.0,0,0.0,0.0,,0.0,normalDay
2019-04-03,718.0,23.0,0.0,0,286.42,0.0,1,7.17,6.94,SPY190930P00274000,274.0,0,0.0,0.0,,0.0,normalDay
2019-04-04,718.0,42.0,0.0,0,287.18,0.0,1,7.17,6.75,SPY190930P00274000,274.0,0,0.0,0.0,,0.0,normalDay
2019-04-05,718.0,94.0,0.0,0,288.57,0.0,1,7.17,6.23,SPY190930P00274000,274.0,0,0.0,0.0,,0.0,normalDay
2019-04-08,718.0,103.0,0.0,0,288.79,0.0,1,7.17,6.14,SPY190930P00274000,274.0,0,0.0,0.0,,0.0,normalDay
2019-04-09,718.0,37.0,0.0,0,287.31,0.0,1,7.17,6.8,SPY190930P00274000,274.0,0,0.0,0.0,,0.0,normalDay
2019-04-10,718.0,92.0,0.0,0,288.29,0.0,1,7.17,6.25,SPY190930P00274000,274.0,0,0.0,0.0,,0.0,normalDay
2019-04-11,718.0,90.0,0.0,0,288.21,0.0,1,7.17,6.27,SPY190930P00274000,274.0,0,0.0,0.0,,0.0,normalDay
2019-04-12,718.0,161.0,0.0,0,290.16,0.0,1,7.17,5.56,SPY190930P00274000,274.0,0,0.0,0.0,,0.0,normalDay
2019-04-15,718.0,164.0,0.0,0,289.97,0.0,1,7.17,5.53,SPY190930P00274000,274.0,0,0.0,0.0,,0.0,normalDay
2019-04-16,718.0,169.0,0.0,0,290.16,0.0,1,7.17,5.48,SPY190930P00274000,274.0,0,0.0,0.0,,0.0,normalDay
2019-04-17,718.0,147.0,0.0,0,289.45,0.0,1,7.17,5.7,SPY190930P00274000,274.0,0,0.0,0.0,,0.0,normalDay
2019-04-18,718.0,167.0,0.0,0,290.02,0.0,1,7.17,5.5,SPY190930P00274000,274.0,0,0.0,0.0,,0.0,normalDay
2019-04-22,718.0,184.0,0.0,0,290.27,0.0,1,7.17,5.33,SPY190930P00274000,274.0,0,0.0,0.0,,0.0,normalDay
2019-04-23,718.0,240.0,0.0,0,292.88,0.0,1,7.17,4.77,SPY190930P00274000,274.0,0,0.0,0.0,,0.0,normalDay
2019-04-24,718.0,219.0,0.0,0,292.23,0.0,1,7.17,4.98,SPY190930P00274000,274.0,0,0.0,0.0,,0.0,normalDay
2019-04-25,718.0,207.0,0.0,0,292.05,0.0,1,7.17,5.1,SPY190930P00274000,274.0,0,0.0,0.0,,0.0,normalDay
2019-04-26,718.0,244.0,0.0,0,293.41,0.0,1,7.17,4.73,SPY190930P00274000,274.0,0,0.0,0.0,,0.0,normalDay
2019-04-29,718.0,249.0,0.0,0,293.87,0.0,1,7.17,4.68,SPY190930P00274000,274.0,0,0.0,0.0,,0.0,normalDay
2019-04-30,718.0,256.0,0.0,0,294.02,0.0,1,7.17,4.61,SPY190930P00274000,274.0,0,0.0,0.0,,0.0,normalDay
2019-05-01,718.0,185.0,0.0,0,291.81,0.0,1,7.17,5.32,SPY190930P00274000,274.0,0,0.0,0.0,,0.0,normalDay
2019-05-02,718.0,176.0,0.0,0,291.18,0.0,1,7.17,5.41,SPY190930P00274000,274.0,0,0.0,0.0,,0.0,normalDay
2019-05-03,718.0,259.0,0.0,0,294.03,0.0,1,7.17,4.58,SPY190930P00274000,274.0,0,0.0,0.0,,0.0,normalDay
2019-05-06,718.0,207.0,0.0,0,292.82,0.0,1,7.17,5.1,SPY190930P00274000,274.0,0,0.0,0.0,,0.0,normalDay
2019-05-07,718.0,12.0,0.0,0,287.93,0.0,1,7.17,7.05,SPY190930P00274000,274.0,0,0.0,0.0,,0.0,normalDay
2019-05-08,718.0,24.0,0.0,0,287.53,0.0,1,7.17,6.93,SPY190930P00274000,274.0,0,0.0,0.0,,0.0,normalDay
2019-05-09,718.0,18.0,0.0,0,286.66,0.0,1,7.17,6.99,SPY190930P00274000,274.0,0,0.0,0.0,,0.0,normalDay
2019-05-10,718.0,98.0,0.0,0,288.1,0.0,1,7.17,6.19,SPY190930P00274000,274.0,0,0.0,0.0,,0.0,normalDay
2019-05-13,718.0,-189.0,0.0,0,280.86,0.0,1,7.17,9.06,SPY190930P00274000,274.0,0,0.0,0.0,,0.0,normalDay
2019-05-14,718.0,-55.0,0.0,0,283.4,0.0,1,7.17,7.72,SPY190930P00274000,274.0,0,0.0,0.0,,0.0,normalDay
2019-05-15,718.0,32.0,0.0,0,285.06,0.0,1,7.17,6.85,SPY190930P00274000,274.0,0,0.0,0.0,,0.0,normalDay
2019-05-16,718.0,129.0,0.0,0,287.7,0.0,1,7.17,5.88,SPY190930P00274000,274.0,0,0.0,0.0,,0.0,normalDay
2019-05-17,718.0,72.0,0.0,0,285.84,0.0,1,7.17,6.45,SPY190930P00274000,274.0,0,0.0,0.0,,0.0,normalDay
2019-05-20,718.0,28.0,0.0,0,283.95,0.0,1,7.17,6.89,SPY190930P00274000,274.0,0,0.0,0.0,,0.0,normalDay
2019-05-21,718.0,126.0,0.0,0,286.51,0.0,1,7.17,5.91,SPY190930P00274000,274.0,0,0.0,0.0,,0.0,normalDay
2019-05-22,718.0,109.0,0.0,0,285.63,0.0,1,7.17,6.08,SPY190930P00274000,274.0,0,0.0,0.0,,0.0,normalDay
2019-05-23,718.0,-44.0,0.0,0,282.14,0.0,1,7.17,7.61,SPY190930P00274000,274.0,0,0.0,0.0,,0.0,normalDay
2019-05-24,718.0,3.0,0.0,0,282.78,0.0,1,7.17,7.14,SPY190930P00274000,274.0,0,0.0,0.0,,0.0,normalDay
2019-05-28,718.0,-87.0,0.0,0,280.15,0.0,1,7.17,8.04,SPY190930P00274000,274.0,0,0.0,0.0,,0.0,normalDay
2019-05-29,718.0,-171.0,0.0,0,278.27,0.0,1,7.17,8.88,SPY190930P00274000,274.0,0,0.0,0.0,,0.0,normalDay
2019-05-30,718.0,-136.0,0.0,0,279.03,0.0,1,7.17,8.53,SPY190930P00274000,274.0,0,0.0,0.0,,0.0,normalDay
2019-05-31,718.0,-311.0,0.0,0,275.27,0.0,1,7.17,10.28,SPY190930P00274000,274.0,0,0.0,0.0,,0.0,normalDay
2019-06-03,718.0,-314.0,0.0,0,274.57,0.0,1,7.17,10.31,SPY190930P00274000,274.0,0,0.0,0.0,,0.0,normalDay
2019-06-04,718.0,-56.0,0.0,0,280.53,0.0,1,7.17,7.73,SPY190930P00274000,274.0,0,0.0,0.0,,0.0,normalDay
2019-06-05,718.0,39.0,0.0,0,282.96,0.0,1,7.17,6.78,SPY190930P00274000,274.0,0,0.0,0.0,,0.0,normalDay
2019-06-06,718.0,100.0,0.0,0,284.8,0.0,1,7.17,6.17,SPY190930P00274000,274.0,0,0.0,0.0,,0.0,normalDay
2019-06-07,718.0,159.0,0.0,0,287.65,0.0,1,7.17,5.58,SPY190930P00274000,274.0,0,0.0,0.0,,0.0,normalDay
2019-06-10,718.0,210.0,0.0,0,288.97,0.0,1,7.17,5.07,SPY190930P00274000,274.0,0,0.0,0.0,,0.0,normalDay
2019-06-11,718.0,198.0,0.0,0,288.9,0.0,1,7.17,5.19,SPY190930P00274000,274.0,0,0.0,0.0,,0.0,normalDay
2019-06-12,718.0,195.0,0.0,0,288.39,0.0,1,7.17,5.22,SPY190930P00274000,274.0,0,0.0,0.0,,0.0,normalDay
2019-06-13,718.0,231.0,0.0,0,289.58,0.0,1,7.17,4.86,SPY190930P00274000,274.0,0,0.0,0.0,,0.0,normalDay
2019-06-14,718.0,239.0,0.0,0,289.26,0.0,1,7.17,4.78,SPY190930P00274000,274.0,0,0.0,0.0,,0.0,normalDay
2019-06-17,718.0,248.0,0.0,0,289.37,0.0,1,7.17,4.69,SPY190930P00274000,274.0,0,0.0,0.0,,0.0,normalDay
2019-06-18,718.0,308.0,0.0,0,292.4,0.0,1,7.17,4.09,SPY190930P00274000,274.0,0,0.0,0.0,,0.0,normalDay
2019-06-19,718.0,344.0,0.0,0,293.06,0.0,1,7.17,3.73,SPY190930P00274000,274.0,0,0.0,0.0,,0.0,normalDay
2019-06-20,718.0,384.0,0.0,0,295.86,0.0,1,7.17,3.33,SPY190930P00274000,274.0,0,0.0,0.0,,0.0,normalDay
2019-06-21,718.0,367.0,0.0,0,294.0,0.0,1,7.17,3.5,SPY190930P00274000,274.0,0,0.0,0.0,,0.0,normalDay
2019-06-24,718.0,374.0,0.0,0,293.64,0.0,1,7.17,3.43,SPY190930P00274000,274.0,0,0.0,0.0,,0.0,normalDay
2019-06-25,718.0,309.0,0.0,0,290.76,0.0,1,7.17,4.08,SPY190930P00274000,274.0,0,0.0,0.0,,0.0,normalDay
2019-06-26,718.0,305.0,0.0,0,290.47,0.0,1,7.17,4.12,SPY190930P00274000,274.0,0,0.0,0.0,,0.0,normalDay
2019-06-27,718.0,345.0,0.0,0,291.5,0.0,1,7.17,3.72,SPY190930P00274000,274.0,0,0.0,0.0,,0.0,normalDay
2019-06-28,718.0,394.0,0.0,0,293.0,0.0,1,7.17,3.23,SPY190930P00274000,274.0,0,0.0,0.0,,0.0,normalDay
2019-07-01,718.0,458.0,0.0,0,295.66,0.0,1,7.17,2.59,SPY190930P00274000,274.0,0,0.0,0.0,,0.0,normalDay
2019-07-02,718.0,491.0,0.0,0,296.43,0.0,1,7.17,2.26,SPY190930P00274000,274.0,0,0.0,0.0,,0.0,normalDay
2019-07-03,718.0,524.0,0.0,0,298.8,0.0,1,7.17,1.93,SPY190930P00274000,274.0,0,0.0,0.0,,0.0,normalDay
2019-07-05,718.0,514.0,0.0,0,298.46,0.0,1,7.17,2.03,SPY190930P00274000,274.0,0,0.0,0.0,,0.0,normalDay
2019-07-08,718.0,497.0,0.0,0,296.82,0.0,1,7.17,2.2,SPY190930P00274000,274.0,0,0.0,0.0,,0.0,normalDay
2019-07-09,718.0,495.0,0.0,0,297.19,0.0,1,7.17,2.22,SPY190930P00274000,274.0,0,0.0,0.0,,0.0,normalDay
2019-07-10,718.0,527.0,0.0,0,298.61,0.0,1,7.17,1.9,SPY190930P00274000,274.0,0,0.0,0.0,,0.0,normalDay
2019-07-11,718.0,538.0,0.0,0,299.31,0.0,1,7.17,1.79,SPY190930P00274000,274.0,0,0.0,0.0,,0.0,normalDay
2019-07-12,718.0,557.0,0.0,0,300.65,0.0,1,7.17,1.6,SPY190930P00274000,274.0,0,0.0,0.0,,0.0,normalDay
2019-07-15,718.0,559.0,0.0,0,300.75,0.0,1,7.17,1.58,SPY190930P00274000,274.0,0,0.0,0.0,,0.0,normalDay
2019-07-16,718.0,551.0,0.0,0,299.78,0.0,1,7.17,1.66,SPY190930P00274000,274.0,0,0.0,0.0,,0.0,normalDay
2019-07-17,718.0,521.0,0.0,0,297.74,0.0,1,7.17,1.96,SPY190930P00274000,274.0,0,0.0,0.0,,0.0,normalDay
2019-07-18,718.0,541.0,0.0,0,298.83,0.0,1,7.17,1.76,SPY190930P00274000,274.0,0,0.0,0.0,,0.0,normalDay
2019-07-19,718.0,521.0,0.0,0,297.17,0.0,1,7.17,1.96,SPY190930P00274000,274.0,0,0.0,0.0,,0.0,normalDay
2019-07-22,718.0,548.0,0.0,0,297.9,0.0,1,7.17,1.69,SPY190930P00274000,274.0,0,0.0,0.0,,0.0,normalDay
2019-07-23,718.0,580.0,0.0,0,300.03,0.0,1,7.17,1.37,SPY190930P00274000,274.0,0,0.0,0.0,,0.0,normalDay
2019-07-24,718.0,600.0,0.0,0,301.44,0.0,1,7.17,1.17,SPY190930P00274000,274.0,0,0.0,0.0,,0.0,normalDay
2019-07-25,718.0,582.0,0.0,0,300.0,0.0,1,7.17,1.35,SPY190930P00274000,274.0,0,0.0,0.0,,0.0,normalDay
2019-07-26,718.0,605.0,0.0,0,302.01,0.0,1,7.17,1.12,SPY190930P00274000,274.0,0,0.0,0.0,,0.0,normalDay
2019-07-29,718.0,604.0,0.0,0,301.46,0.0,1,7.17,1.13,SPY190930P00274000,274.0,0,0.0,0.0,,0.0,normalDay
2019-07-30,718.0,585.0,0.0,0,300.72,0.0,1,7.17,1.32,SPY190930P00274000,274.0,0,0.0,0.0,,0.0,normalDay
2019-07-31,718.0,533.0,0.0,0,297.43,0.0,1,7.17,1.84,SPY190930P00274000,274.0,0,0.0,0.0,,0.0,normalDay
2019-08-01,718.0,472.0,0.0,0,294.84,0.0,1,7.17,2.45,SPY190930P00274000,274.0,0,0.0,0.0,,0.0,normalDay
2019-08-02,718.0,437.0,0.0,0,292.62,0.0,1,7.17,2.8,SPY190930P00274000,274.0,0,0.0,0.0,,0.0,normalDay
2019-08-05,718.0,107.0,0.0,0,283.82,0.0,1,7.17,6.1,SPY190930P00274000,274.0,0,0.0,0.0,,0.0,normalDay
2019-08-06,718.0,311.0,0.0,0,287.8,0.0,1,7.17,4.06,SPY190930P00274000,274.0,0,0.0,0.0,,0.0,normalDay
2019-08-07,718.0,322.0,0.0,0,287.97,0.0,1,7.17,3.95,SPY190930P00274000,274.0,0,0.0,0.0,,0.0,normalDay
2019-08-08,718.0,476.0,0.0,0,293.62,0.0,1,7.17,2.41,SPY190930P00274000,274.0,0,0.0,0.0,,0.0,normalDay
2019-08-09,718.0,434.0,0.0,0,291.62,0.0,1,7.17,2.83,SPY190930P00274000,274.0,0,0.0,0.0,,0.0,normalDay
2019-08-12,718.0,310.0,0.0,0,288.07,0.0,1,7.17,4.07,SPY190930P00274000,274.0,0,0.0,0.0,,0.0,normalDay
2019-08-13,718.0,464.0,0.0,0,292.55,0.0,1,7.17,2.53,SPY190930P00274000,274.0,0,0.0,0.0,,0.0,normalDay
2019-08-14,718.0,207.0,0.0,0,283.9,0.0,1,7.17,5.1,SPY190930P00274000,274.0,0,0.0,0.0,,0.0,normalDay
2019-08-15,718.0,252.0,0.0,0,284.65,0.0,1,7.17,4.65,SPY190930P00274000,274.0,0,0.0,0.0,,0.0,normalDay
2019-08-16,718.0,408.0,0.0,0,288.85,0.0,1,7.17,3.09,SPY190930P00274000,274.0,0,0.0,0.0,,0.0,normalDay
2019-08-19,718.0,520.0,0.0,0,292.33,0.0,1,7.17,1.97,SPY190930P00274000,274.0,0,0.0,0.0,,0.0,normalDay
2019-08-20,718.0,476.0,0.0,0,290.09,0.0,1,7.17,2.41,SPY190930P00274000,274.0,0,0.0,0.0,,0.0,normalDay
2019-08-21,718.0,557.0,0.0,0,292.45,0.0,1,7.17,1.6,SPY190930P00274000,274.0,0,0.0,0.0,,0.0,normalDay
2019-08-22,718.0,538.0,0.0,0,292.36,0.0,1,7.17,1.79,SPY190930P00274000,274.0,0,0.0,0.0,,0.0,normalDay
2019-08-23,718.0,372.0,0.0,0,284.85,0.0,1,7.17,3.45,SPY190930P00274000,274.0,0,0.0,0.0,,0.0,normalDay
2019-08-26,718.0,454.0,0.0,0,288.0,0.0,1,7.17,2.63,SPY190930P00274000,274.0,0,0.0,0.0,,0.0,normalDay
2019-08-27,718.0,412.0,0.0,0,286.87,0.0,1,7.17,3.05,SPY190930P00274000,274.0,0,0.0,0.0,,0.0,normalDay
2019-08-28,718.0,479.0,0.0,0,288.89,0.0,1,7.17,2.38,SPY190930P00274000,274.0,0,0.0,0.0,,0.0,normalDay
2019-08-29,718.0,553.0,0.0,0,292.58,0.0,1,7.17,1.64,SPY190930P00274000,274.0,0,0.0,0.0,,0.0,normalDay
2019-08-30,718.0,544.0,0.0,0,292.45,0.0,1,7.17,1.73,SPY190930P00274000,274.0,0,0.0,0.0,,0.0,normalDay
2019-09-03,718.0,535.0,0.0,0,290.74,0.0,1,7.17,1.82,SPY190930P00274000,274.0,0,0.0,0.0,,0.0,normalDay
2019-09-04,718.0,616.0,0.0,0,294.04,0.0,1,7.17,1.01,SPY190930P00274000,274.0,0,0.0,0.0,,0.0,normalDay
2019-09-05,718.0,652.0,0.0,0,297.82,0.0,1,7.17,0.65,SPY190930P00274000,274.0,0,0.0,0.0,,0.0,normalDay
2019-09-06,718.0,673.0,0.0,0,298.05,0.0,1,7.17,0.44,SPY190930P00274000,274.0,0,0.0,0.0,,0.0,normalDay
2019-09-09,718.0,678.0,0.0,0,298.2,0.0,1,7.17,0.39,SPY190930P00274000,274.0,0,0.0,0.0,,0.0,normalDay
2019-09-10,718.0,682.0,0.0,0,298.13,0.0,1,7.17,0.35,SPY190930P00274000,274.0,0,0.0,0.0,,0.0,normalDay
2019-09-11,718.0,693.0,0.0,0,300.25,0.0,1,7.17,0.24,SPY190930P00274000,274.0,0,0.0,0.0,,0.0,normalDay
2019-09-12,718.0,697.0,0.0,0,301.29,0.0,1,7.17,0.2,SPY190930P00274000,274.0,0,0.0,0.0,,0.0,normalDay
2019-09-13,718.0,700.0,0.0,0,301.09,0.0,1,7.17,0.17,SPY190930P00274000,274.0,0,0.0,0.0,,0.0,normalDay
2019-09-16,718.0,701.0,0.0,0,300.16,0.0,1,7.17,0.16,SPY190930P00274000,274.0,0,0.0,0.0,,0.0,normalDay
2019-09-17,718.0,702.0,0.0,0,300.92,0.0,1,7.17,0.15,SPY190930P00274000,274.0,0,0.0,0.0,,0.0,normalDay
2019-09-18,718.0,705.0,0.0,0,301.1,0.0,1,7.17,0.12,SPY190930P00274000,274.0,0,0.0,0.0,,0.0,normalDay
2019-09-19,718.0,706.0,0.0,0,301.08,0.0,1,7.17,0.11,SPY190930P00274000,274.0,0,0.0,0.0,,0.0,normalDay
2019-09-20,718.0,707.0,0.0,0,298.28,0.0,1,7.17,0.1,SPY190930P00274000,274.0,0,0.0,0.0,,0.0,normalDay
2019-09-23,718.0,713.0,0.0,0,298.21,0.0,1,7.17,0.04,SPY190930P00274000,274.0,0,0.0,0.0,,0.0,normalDay
2019-09-24,718.0,708.0,0.0,0,295.87,0.0,1,7.17,0.09,SPY190930P00274000,274.0,0,0.0,0.0,,0.0,normalDay
2019-09-25,718.0,713.0,0.0,0,297.62,0.0,1,7.17,0.04,SPY190930P00274000,274.0,0,0.0,0.0,,0.0,normalDay
2019-09-26,718.0,715.0,0.0,0,297.0,0.0,1,7.17,0.02,SPY190930P00274000,274.0,0,0.0,0.0,,0.0,normalDay
2019-09-27,718.0,715.0,0.0,0,295.4,0.0,1,7.17,0.02,SPY190930P00274000,274.0,0,0.0,0.0,,0.0,normalDay
2019-09-30,1435.0,0.0,717.0,0,296.77,0.0,1,7.17,0.0,SPY190930P00274000,274.0,0,0.0,0.0,,0.0,expirationDay
2019-10-01,1435.0,-10.0,0.0,0,293.24,0.0,1,13.92,14.02,SPY200331P00293000,293.0,0,0.0,0.0,,0.0,normalDay
2019-10-02,1435.0,-314.0,0.0,0,288.06,0.0,1,13.92,17.06,SPY200331P00293000,293.0,0,0.0,0.0,,0.0,normalDay
2019-10-03,1435.0,-157.0,0.0,0,290.42,0.0,1,13.92,15.49,SPY200331P00293000,293.0,0,0.0,0.0,,0.0,normalDay
2019-10-04,1435.0,67.0,0.0,0,294.35,0.0,1,13.92,13.25,SPY200331P00293000,293.0,0,0.0,0.0,,0.0,normalDay
2019-10-07,1435.0,19.0,0.0,0,293.08,0.0,1,13.92,13.73,SPY200331P00293000,293.0,0,0.0,0.0,,0.0,normalDay
2019-10-08,1435.0,-229.0,0.0,0,288.53,0.0,1,13.92,16.21,SPY200331P00293000,293.0,0,0.0,0.0,,0.0,normalDay
2019-10-09,1435.0,-83.0,0.0,0,291.27,0.0,1,13.92,14.75,SPY200331P00293000,293.0,0,0.0,0.0,,0.0,normalDay
2019-10-10,1435.0,45.0,0.0,0,293.24,0.0,1,13.92,13.47,SPY200331P00293000,293.0,0,0.0,0.0,,0.0,normalDay
2019-10-11,1435.0,218.0,0.0,0,296.28,0.0,1,13.92,11.74,SPY200331P00293000,293.0,0,0.0,0.0,,0.0,normalDay
2019-10-14,1435.0,233.0,0.0,0,295.95,0.0,1,13.92,11.59,SPY200331P00293000,293.0,0,0.0,0.0,,0.0,normalDay
2019-10-15,1435.0,369.0,0.0,0,298.88,0.0,1,13.92,10.23,SPY200331P00293000,293.0,0,0.0,0.0,,0.0,normalDay
2019-10-16,1435.0,363.0,0.0,0,298.4,0.0,1,13.92,10.29,SPY200331P00293000,293.0,0,0.0,0.0,,0.0,normalDay
2019-10-17,1435.0,388.0,0.0,0,299.28,0.0,1,13.92,10.04,SPY200331P00293000,293.0,0,0.0,0.0,,0.0,normalDay
2019-10-18,1435.0,346.0,0.0,0,297.97,0.0,1,13.92,10.46,SPY200331P00293000,293.0,0,0.0,0.0,,0.0,normalDay
2019-10-21,1435.0,441.0,0.0,0,299.99,0.0,1,13.92,9.51,SPY200331P00293000,293.0,0,0.0,0.0,,0.0,normalDay
2019-10-22,1435.0,399.0,0.0,0,299.01,0.0,1,13.92,9.93,SPY200331P00293000,293.0,0,0.0,0.0,,0.0,normalDay
2019-10-23,1435.0,446.0,0.0,0,299.88,0.0,1,13.92,9.46,SPY200331P00293000,293.0,0,0.0,0.0,,0.0,normalDay
2019-10-24,1435.0,459.0,0.0,0,300.37,0.0,1,13.92,9.33,SPY200331P00293000,293.0,0,0.0,0.0,,0.0,normalDay
2019-10-25,1435.0,525.0,0.0,0,301.6,0.0,1,13.92,8.67,SPY200331P00293000,293.0,0,0.0,0.0,,0.0,normalDay
2019-10-28,1435.0,575.0,0.0,0,303.3,0.0,1,13.92,8.17,SPY200331P00293000,293.0,0,0.0,0.0,,0.0,normalDay
2019-10-29,1435.0,564.0,0.0,0,303.21,0.0,1,13.92,8.28,SPY200331P00293000,293.0,0,0.0,0.0,,0.0,normalDay
2019-10-30,1435.0,614.0,0.0,0,304.14,0.0,1,13.92,7.78,SPY200331P00293000,293.0,0,0.0,0.0,,0.0,normalDay
2019-10-31,1435.0,568.0,0.0,0,303.33,0.0,1,13.92,8.24,SPY200331P00293000,293.0,0,0.0,0.0,,0.0,normalDay
2019-11-01,1435.0,660.0,0.0,0,306.14,0.0,1,13.92,7.32,SPY200331P00293000,293.0,0,0.0,0.0,,0.0,normalDay
2019-11-04,1435.0,696.0,0.0,0,307.37,0.0,1,13.92,6.96,SPY200331P00293000,293.0,0,0.0,0.0,,0.0,normalDay
2019-11-05,1435.0,677.0,0.0,0,307.03,0.0,1,13.92,7.15,SPY200331P00293000,293.0,0,0.0,0.0,,0.0,normalDay
2019-11-06,1435.0,684.0,0.0,0,307.1,0.0,1,13.92,7.08,SPY200331P00293000,293.0,0,0.0,0.0,,0.0,normalDay
2019-11-07,1435.0,706.0,0.0,0,308.18,0.0,1,13.92,6.86,SPY200331P00293000,293.0,0,0.0,0.0,,0.0,normalDay
2019-11-08,1435.0,741.0,0.0,0,308.94,0.0,1,13.92,6.51,SPY200331P00293000,293.0,0,0.0,0.0,,0.0,normalDay
2019-11-11,1435.0,734.0,0.0,0,308.35,0.0,1,13.92,6.58,SPY200331P00293000,293.0,0,0.0,0.0,,0.0,normalDay
2019-11-12,1435.0,744.0,0.0,0,309.0,0.0,1,13.92,6.48,SPY200331P00293000,293.0,0,0.0,0.0,,0.0,normalDay
2019-11-13,1435.0,748.0,0.0,0,309.1,0.0,1,13.92,6.44,SPY200331P00293000,293.0,0,0.0,0.0,,0.0,normalDay
2019-11-14,1435.0,761.0,0.0,0,309.55,0.0,1,13.92,6.31,SPY200331P00293000,293.0,0,0.0,0.0,,0.0,normalDay
2019-11-15,1435.0,832.0,0.0,0,311.79,0.0,1,13.92,5.6,SPY200331P00293000,293.0,0,0.0,0.0,,0.0,normalDay
2019-11-18,1435.0,845.0,0.0,0,312.02,0.0,1,13.92,5.47,SPY200331P00293000,293.0,0,0.0,0.0,,0.0,normalDay
2019-11-19,1435.0,831.0,0.0,0,311.93,0.0,1,13.92,5.61,SPY200331P00293000,293.0,0,0.0,0.0,,0.0,normalDay
2019-11-20,1435.0,796.0,0.0,0,310.77,0.0,1,13.92,5.96,SPY200331P00293000,293.0,0,0.0,0.0,,0.0,normalDay
2019-11-21,1435.0,783.0,0.0,0,310.27,0.0,1,13.92,6.09,SPY200331P00293000,293.0,0,0.0,0.0,,0.0,normalDay
2019-11-22,1435.0,818.0,0.0,0,310.96,0.0,1,13.92,5.74,SPY200331P00293000,293.0,0,0.0,0.0,,0.0,normalDay
2019-11-25,1435.0,892.0,0.0,0,313.37,0.0,1,13.92,5.0,SPY200331P00293000,293.0,0,0.0,0.0,,0.0,normalDay
2019-11-26,1435.0,922.0,0.0,0,314.08,0.0,1,13.92,4.7,SPY200331P00293000,293.0,0,0.0,0.0,,0.0,normalDay
2019-11-27,1435.0,944.0,0.0,0,315.48,0.0,1,13.92,4.48,SPY200331P00293000,293.0,0,0.0,0.0,,0.0,normalDay
2019-11-29,1435.0,908.0,0.0,0,314.31,0.0,1,13.92,4.84,SPY200331P00293000,293.0,0,0.0,0.0,,0.0,normalDay
2019-12-02,1435.0,818.0,0.0,0,311.64,0.0,1,13.92,5.74,SPY200331P00293000,293.0,0,0.0,0.0,,0.0,normalDay
2019-12-03,1435.0,740.0,0.0,0,309.55,0.0,1,13.92,6.52,SPY200331P00293000,293.0,0,0.0,0.0,,0.0,normalDay
2019-12-04,1435.0,804.0,0.0,0,311.46,0.0,1,13.92,5.88,SPY200331P00293000,293.0,0,0.0,0.0,,0.0,normalDay
2019-12-05,1435.0,840.0,0.0,0,312.02,0.0,1,13.92,5.52,SPY200331P00293000,293.0,0,0.0,0.0,,0.0,normalDay
2019-12-06,1435.0,918.0,0.0,0,314.87,0.0,1,13.92,4.74,SPY200331P00293000,293.0,0,0.0,0.0,,0.0,normalDay
2019-12-09,1435.0,874.0,0.0,0,313.88,0.0,1,13.92,5.18,SPY200331P00293000,293.0,0,0.0,0.0,,0.0,normalDay
2019-12-10,1435.0,886.0,0.0,0,313.53,0.0,1,13.92,5.06,SPY200331P00293000,293.0,0,0.0,0.0,,0.0,normalDay
2019-12-11,1435.0,918.0,0.0,0,314.42,0.0,1,13.92,4.74,SPY200331P00293000,293.0,0,0.0,0.0,,0.0,normalDay
2019-12-12,1435.0,990.0,0.0,0,317.13,0.0,1,13.92,4.02,SPY200331P00293000,293.0,0,0.0,0.0,,0.0,normalDay
2019-12-13,1435.0,1032.0,0.0,0,317.32,0.0,1,13.92,3.6,SPY200331P00293000,293.0,0,0.0,0.0,,0.0,normalDay
2019-12-16,1435.0,1087.0,0.0,0,319.5,0.0,1,13.92,3.05,SPY200331P00293000,293.0,0,0.0,0.0,,0.0,normalDay
2019-12-17,1435.0,1085.0,0.0,0,319.57,0.0,1,13.92,3.07,SPY200331P00293000,293.0,0,0.0,0.0,,0.0,normalDay
2019-12-18,1435.0,1086.0,0.0,0,319.59,0.0,1,13.92,3.06,SPY200331P00293000,293.0,0,0.0,0.0,,0.0,normalDay
2019-12-19,1435.0,1108.0,0.0,0,320.9,0.0,1,13.92,2.84,SPY200331P00293000,293.0,0,0.0,0.0,,0.0,normalDay
2019-12-20,1435.0,1119.0,0.0,0,320.73,0.0,1,13.92,2.73,SPY200331P00293000,293.0,0,0.0,0.0,,0.0,normalDay
2019-12-23,1435.0,1120.0,0.0,0,321.22,0.0,1,13.92,2.72,SPY200331P00293000,293.0,0,0.0,0.0,,0.0,normalDay
2019-12-24,1435.0,1126.0,0.0,0,321.23,0.0,1,13.92,2.66,SPY200331P00293000,293.0,0,0.0,0.0,,0.0,normalDay
2019-12-26,1435.0,1152.0,0.0,0,322.94,0.0,1,13.92,2.4,SPY200331P00293000,293.0,0,0.0,0.0,,0.0,normalDay
2019-12-27,1435.0,1140.0,0.0,0,322.86,0.0,1,13.92,2.52,SPY200331P00293000,293.0,0,0.0,0.0,,0.0,normalDay
2019-12-30,1435.0,1111.0,0.0,0,321.08,0.0,1,13.92,2.81,SPY200331P00293000,293.0,0,0.0,0.0,,0.0,normalDay
2019-12-31,1435.0,1143.0,0.0,0,321.86,0.0,1,13.92,2.49,SPY200331P00293000,293.0,0,0.0,0.0,,0.0,normalDay
2020-01-02,1435.0,1192.0,0.0,0,324.87,0.0,1,13.92,2.0,SPY200331P00293000,293.0,0,0.0,0.0,,0.0,normalDay
2020-01-03,1435.0,1147.0,0.0,0,322.41,0.0,1,13.92,2.45,SPY200331P00293000,293.0,0,0.0,0.0,,0.0,normalDay
2020-01-06,1435.0,1175.0,0.0,0,323.64,0.0,1,13.92,2.17,SPY200331P00293000,293.0,0,0.0,0.0,,0.0,normalDay
2020-01-07,1435.0,1166.0,0.0,0,322.73,0.0,1,13.92,2.26,SPY200331P00293000,293.0,0,0.0,0.0,,0.0,normalDay
2020-01-08,1435.0,1197.0,0.0,0,324.45,0.0,1,13.92,1.95,SPY200331P00293000,293.0,0,0.0,0.0,,0.0,normalDay
2020-01-09,1435.0,1229.0,0.0,0,326.65,0.0,1,13.92,1.63,SPY200331P00293000,293.0,0,0.0,0.0,,0.0,normalDay
2020-01-10,1435.0,1223.0,0.0,0,325.71,0.0,1,13.92,1.69,SPY200331P00293000,293.0,0,0.0,0.0,,0.0,normalDay
2020-01-13,1435.0,1255.0,0.0,0,327.95,0.0,1,13.92,1.37,SPY200331P00293000,293.0,0,0.0,0.0,,0.0,normalDay
2020-01-14,1435.0,1257.0,0.0,0,327.45,0.0,1,13.92,1.35,SPY200331P00293000,293.0,0,0.0,0.0,,0.0,normalDay
2020-01-15,1435.0,1264.0,0.0,0,328.19,0.0,1,13.92,1.28,SPY200331P00293000,293.0,0,0.0,0.0,,0.0,normalDay
2020-01-16,1435.0,1281.0,0.0,0,330.92,0.0,1,13.92,1.11,SPY200331P00293000,293.0,0,0.0,0.0,,0.0,normalDay
2020-01-17,1435.0,1290.0,0.0,0,331.95,0.0,1,13.92,1.02,SPY200331P00293000,293.0,0,0.0,0.0,,0.0,normalDay
2020-01-21,1435.0,1288.0,0.0,0,331.3,0.0,1,13.92,1.04,SPY200331P00293000,293.0,0,0.0,0.0,,0.0,normalDay
2020-01-22,1435.0,1289.0,0.0,0,331.34,0.0,1,13.92,1.03,SPY200331P00293000,293.0,0,0.0,0.0,,0.0,normalDay
2020-01-23,1435.0,1291.0,0.0,0,331.72,0.0,1,13.92,1.01,SPY200331P00293000,293.0,0,0.0,0.0,,0.0,normalDay
2020-01-24,1435.0,1259.0,0.0,0,328.77,0.0,1,13.92,1.33,SPY200331P00293000,293.0,0,0.0,0.0,,0.0,normalDay
2020-01-27,1435.0,1163.0,0.0,0,323.5,0.0,1,13.92,2.29,SPY200331P00293000,293.0,0,0.0,0.0,,0.0,normalDay
2020-01-28,1435.0,1232.0,0.0,0,326.89,0.0,1,13.92,1.6,SPY200331P00293000,293.0,0,0.0,0.0,,0.0,normalDay
2020-01-29,1435.0,1233.0,0.0,0,326.62,0.0,1,13.92,1.59,SPY200331P00293000,293.0,0,0.0,0.0,,0.0,normalDay
2020-01-30,1435.0,1260.0,0.0,0,327.68,0.0,1,13.92,1.32,SPY200331P00293000,293.0,0,0.0,0.0,,0.0,normalDay
2020-01-31,1435.0,1167.0,0.0,0,321.73,0.0,1,13.92,2.25,SPY200331P00293000,293.0,0,0.0,0.0,,0.0,normalDay
2020-02-03,1435.0,1205.0,0.0,0,324.12,0.0,1,13.92,1.87,SPY200331P00293000,293.0,0,0.0,0.0,,0.0,normalDay
2020-02-04,1435.0,1278.0,0.0,0,329.06,0.0,1,13.92,1.14,SPY200331P00293000,293.0,0,0.0,0.0,,0.0,normalDay
2020-02-05,1435.0,1307.0,0.0,0,332.86,0.0,1,13.92,0.85,SPY200331P00293000,293.0,0,0.0,0.0,,0.0,normalDay
2020-02-06,1435.0,1311.0,0.0,0,333.98,0.0,1,13.92,0.81,SPY200331P00293000,293.0,0,0.0,0.0,,0.0,normalDay
2020-02-07,1435.0,1303.0,0.0,0,332.2,0.0,1,13.92,0.89,SPY200331P00293000,293.0,0,0.0,0.0,,0.0,normalDay
2020-02-10,1435.0,1321.0,0.0,0,334.68,0.0,1,13.92,0.71,SPY200331P00293000,293.0,0,0.0,0.0,,0.0,normalDay
2020-02-11,1435.0,1323.0,0.0,0,335.26,0.0,1,13.92,0.69,SPY200331P00293000,293.0,0,0.0,0.0,,0.0,normalDay
2020-02-12,1435.0,1338.0,0.0,0,337.42,0.0,1,13.92,0.54,SPY200331P00293000,293.0,0,0.0,0.0,,0.0,normalDay
2020-02-13,1435.0,1337.0,0.0,0,337.06,0.0,1,13.92,0.55,SPY200331P00293000,293.0,0,0.0,0.0,,0.0,normalDay
2020-02-14,1435.0,1343.0,0.0,0,337.6,0.0,1,13.92,0.49,SPY200331P00293000,293.0,0,0.0,0.0,,0.0,normalDay
2020-02-18,1435.0,1341.0,0.0,0,336.73,0.0,1,13.92,0.51,SPY200331P00293000,293.0,0,0.0,0.0,,0.0,normalDay
2020-02-19,1435.0,1349.0,0.0,0,338.34,0.0,1,13.92,0.43,SPY200331P00293000,293.0,0,0.0,0.0,,0.0,normalDay
2020-02-20,1435.0,1340.0,0.0,0,336.95,0.0,1,13.92,0.52,SPY200331P00293000,293.0,0,0.0,0.0,,0.0,normalDay
2020-02-21,1435.0,1321.0,0.0,0,333.48,0.0,1,13.92,0.71,SPY200331P00293000,293.0,0,0.0,0.0,,0.0,normalDay
2020-02-24,1435.0,1157.0,0.0,0,322.42,0.0,1,13.92,2.35,SPY200331P00293000,293.0,0,0.0,0.0,,0.0,normalDay
2020-02-25,1435.0,1011.0,0.0,0,312.65,0.0,1,13.92,3.81,SPY200331P00293000,293.0,0,0.0,0.0,,0.0,normalDay
2020-02-26,1435.0,1003.0,0.0,0,311.5,0.0,1,13.92,3.89,SPY200331P00293000,293.0,0,0.0,0.0,,0.0,normalDay
2020-02-27,1435.0,326.0,0.0,0,297.51,0.0,1,13.92,10.66,SPY200331P00293000,293.0,0,0.0,0.0,,0.0,normalDay
2020-02-28,1435.0,223.0,0.0,0,296.26,0.0,1,13.92,11.69,SPY200331P00293000,293.0,0,0.0,0.0,,0.0,normalDay
2020-03-02,1435.0,864.0,0.0,0,309.09,0.0,1,13.92,5.28,SPY200331P00293000,293.0,0,0.0,0.0,,0.0,normalDay
2020-03-03,1435.0,562.0,0.0,0,300.24,0.0,1,13.92,8.3,SPY200331P00293000,293.0,0,0.0,0.0,,0.0,normalDay
2020-03-04,1435.0,946.0,0.0,0,312.86,0.0,1,13.92,4.46,SPY200331P00293000,293.0,0,0.0,0.0,,0.0,normalDay
2020-03-05,1435.0,518.0,0.0,0,302.46,0.0,1,13.92,8.74,SPY200331P00293000,293.0,0,0.0,0.0,,0.0,normalDay
2020-03-06,1435.0,325.0,0.0,0,297.46,0.0,1,13.92,10.67,SPY200331P00293000,293.0,0,0.0,0.0,,0.0,normalDay
2020-03-09,1435.0,-1124.0,0.0,0,274.23,0.0,1,13.92,25.16,SPY200331P00293000,293.0,0,0.0,0.0,,0.0,normalDay
2020-03-10,1435.0,-95.0,0.0,0,288.42,0.0,1,13.92,14.87,SPY200331P00293000,293.0,0,0.0,0.0,,0.0,normalDay
2020-03-11,1435.0,-1065.0,0.0,0,274.36,0.0,1,13.92,24.57,SPY200331P00293000,293.0,0,0.0,0.0,,0.0,normalDay
2020-03-12,1435.0,-3322.0,0.0,0,248.11,0.0,1,13.92,47.14,SPY200331P00293000,293.0,0,0.0,0.0,,0.0,normalDay
2020-03-13,1435.0,-1342.0,0.0,0,269.32,0.0,1,13.92,27.34,SPY200331P00293000,293.0,0,0.0,0.0,,0.0,normalDay
2020-03-16,1435.0,-3789.0,0.0,0,239.85,0.0,1,13.92,51.81,SPY200331P00293000,293.0,0,0.0,0.0,,0.0,normalDay
2020-03-17,1435.0,-2969.0,0.0,0,252.8,0.0,1,13.92,43.61,SPY200331P00293000,293.0,0,0.0,0.0,,0.0,normalDay
2020-03-18,1435.0,-4167.0,0.0,0,240.0,0.0,1,13.92,55.59,SPY200331P00293000,293.0,0,0.0,0.0,,0.0,normalDay
2020-03-19,1435.0,-4126.0,0.0,0,240.51,0.0,1,13.92,55.18,SPY200331P00293000,293.0,0,0.0,0.0,,0.0,normalDay
2020-03-20,1435.0,-5058.0,0.0,0,228.8,0.0,1,13.92,64.5,SPY200331P00293000,293.0,0,0.0,0.0,,0.0,normalDay
2020-03-23,1435.0,-5850.0,0.0,0,222.95,0.0,1,13.92,72.42,SPY200331P00293000,293.0,0,0.0,0.0,,0.0,normalDay
2020-03-24,1435.0,-3713.0,0.0,0,243.15,0.0,1,13.92,51.05,SPY200331P00293000,293.0,0,0.0,0.0,,0.0,normalDay
2020-03-25,1435.0,-3236.0,0.0,0,246.79,0.0,1,13.92,46.28,SPY200331P00293000,293.0,0,0.0,0.0,,0.0,normalDay
2020-03-26,1435.0,-1884.0,0.0,0,261.2,0.0,1,13.92,32.76,SPY200331P00293000,293.0,0,0.0,0.0,,0.0,normalDay
2020-03-27,1435.0,-2632.0,0.0,0,253.42,0.0,1,13.92,40.24,SPY200331P00293000,293.0,0,0.0,0.0,,0.0,normalDay
2020-03-30,1435.0,-1846.0,0.0,0,261.65,0.0,1,13.92,32.38,SPY200331P00293000,293.0,0,0.0,0.0,,0.0,normalDay
2020-03-31,2827.0,-3525.0,1392.0,100,257.75,293.0,1,13.92,0.0,SPY200331P00293000,293.0,0,0.0,0.0,,0.0,expirationDay
2020-04-01,2827.0,-4685.0,0.0,100,246.15,293.0,0,0.0,0.0,,0.0,0,0.0,0.0,,0.0,bidTooLow
2020-04-02,2827.0,-4117.0,0.0,100,251.83,293.0,0,0.0,0.0,,0.0,0,0.0,0.0,,0.0,bidTooLow
2020-04-03,2827.0,-4481.0,0.0,100,248.19,293.0,0,0.0,0.0,,0.0,0,0.0,0.0,,0.0,bidTooLow
2020-04-06,2827.0,-2814.0,0.0,100,264.86,293.0,0,0.0,0.0,,0.0,0,0.0,0.0,,0.0,bidTooLow
2020-04-07,2827.0,-2787.0,0.0,100,265.13,293.0,0,0.0,0.0,,0.0,0,0.0,0.0,,0.0,bidTooLow
2020-04-08,2827.0,-1897.0,0.0,100,274.03,293.0,0,0.0,0.0,,0.0,0,0.0,0.0,,0.0,bidTooLow
2020-04-09,2827.0,-1480.0,0.0,100,278.2,293.0,0,0.0,0.0,,0.0,0,0.0,0.0,,0.0,bidTooLow
2020-04-13,2827.0,-1734.0,0.0,100,275.66,293.0,0,0.0,0.0,,0.0,0,0.0,0.0,,0.0,bidTooLow
2020-04-14,2827.0,-921.0,0.0,100,283.79,293.0,0,0.0,0.0,,0.0,0,0.0,0.0,,0.0,bidTooLow
2020-04-15,2827.0,-1524.0,0.0,100,277.76,293.0,0,0.0,0.0,,0.0,0,0.0,0.0,,0.0,bidTooLow
2020-04-16,2827.0,-1390.0,0.0,100,279.1,293.0,0,0.0,0.0,,0.0,0,0.0,0.0,,0.0,bidTooLow
2020-04-17,2827.0,-636.0,0.0,100,286.64,293.0,0,0.0,0.0,,0.0,0,0.0,0.0,,0.0,bidTooLow
2020-04-20,2827.0,-1141.0,0.0,100,281.59,293.0,0,0.0,0.0,,0.0,0,0.0,0.0,,0.0,bidTooLow
2020-04-21,2827.0,-1996.0,0.0,100,273.04,293.0,0,0.0,0.0,,0.0,0,0.0,0.0,,0.0,bidTooLow
2020-04-22,2827.0,-1390.0,0.0,100,279.1,293.0,0,0.0,0.0,,0.0,0,0.0,0.0,,0.0,bidTooLow
2020-04-23,2827.0,-1392.0,0.0,100,279.08,293.0,0,0.0,0.0,,0.0,0,0.0,0.0,,0.0,bidTooLow
2020-04-24,2827.0,-1003.0,0.0,100,282.97,293.0,0,0.0,0.0,,0.0,0,0.0,0.0,,0.0,bidTooLow
2020-04-27,2827.0,-595.0,0.0,100,287.05,293.0,0,0.0,0.0,,0.0,0,0.0,0.0,,0.0,bidTooLow
2020-04-28,2827.0,-727.0,0.0,100,285.73,293.0,0,0.0,0.0,,0.0,0,0.0,0.0,,0.0,bidTooLow
2020-04-29,2827.0,21.0,0.0,100,293.21,293.0,0,0.0,0.0,,0.0,0,0.0,0.0,,0.0,bidTooLow
2020-04-30,2827.0,-252.0,0.0,100,290.48,293.0,0,0.0,0.0,,0.0,0,0.0,0.0,,0.0,bidTooLow
2020-05-01,2827.0,-1021.0,0.0,100,282.79,293.0,0,0.0,0.0,,0.0,0,0.0,0.0,,0.0,bidTooLow
2020-05-04,2827.0,-943.0,0.0,100,283.57,293.0,0,0.0,0.0,,0.0,0,0.0,0.0,,0.0,bidTooLow
2020-05-05,2827.0,-681.0,0.0,100,286.19,293.0,0,0.0,0.0,,0.0,0,0.0,0.0,,0.0,bidTooLow
2020-05-06,2827.0,-875.0,0.0,100,284.25,293.0,0,0.0,0.0,,0.0,0,0.0,0.0,,0.0,bidTooLow
2020-05-07,2827.0,-535.0,0.0,100,287.68,293.0,0,0.0,0.0,,0.0,1,0.02,0.05,SPY200513C00305000,305.0,normalDay
2020-05-08,2827.0,-61.0,0.0,100,292.44,293.0,0,0.0,0.0,,0.0,1,0.02,0.07,SPY200513C00305000,305.0,normalDay
2020-05-11,2827.0,-51.0,0.0,100,292.5,293.0,0,0.0,0.0,,0.0,1,0.02,0.03,SPY200513C00305000,305.0,normalDay
2020-05-12,2827.0,-632.0,0.0,100,286.67,293.0,0,0.0,0.0,,0.0,1,0.02,0.01,SPY200513C00305000,305.0,normalDay
2020-05-13,2829.0,-1140.0,2.0,100,281.6,293.0,0,0.0,0.0,,0.0,1,0.02,0.0,SPY200513C00305000,305.0,expirationDay
2020-05-14,2829.0,-803.0,0.0,100,284.97,293.0,0,0.0,0.0,,0.0,0,0.0,0.0,,0.0,bidTooLow
2020-05-15,2829.0,-672.0,0.0,100,286.28,293.0,0,0.0,0.0,,0.0,0,0.0,0.0,,0.0,bidTooLow
2020-05-18,2829.0,197.0,0.0,100,295.0,293.0,0,0.0,0.0,,0.0,1,0.08,0.11,SPY200522C00309000,309.0,normalDay
2020-05-19,2829.0,-100.0,0.0,100,291.97,293.0,0,0.0,0.0,,0.0,1,0.08,0.05,SPY200522C00309000,309.0,normalDay
2020-05-20,2829.0,398.0,0.0,100,296.93,293.0,0,0.0,0.0,,0.0,1,0.08,0.03,SPY200522C00309000,309.0,normalDay
2020-05-21,2829.0,194.0,0.0,100,294.88,293.0,0,0.0,0.0,,0.0,1,0.08,0.02,SPY200522C00309000,309.0,normalDay
2020-05-22,2837.0,244.0,8.0,100,295.44,293.0,0,0.0,0.0,,0.0,1,0.08,0.0,SPY200522C00309000,309.0,expirationDay
2020-05-26,2837.0,605.0,0.0,100,299.08,293.0,0,0.0,0.0,,0.0,1,0.08,0.11,SPY200601C00312000,312.0,normalDay
2020-05-27,2837.0,1036.0,0.0,100,303.53,293.0,0,0.0,0.0,,0.0,1,0.08,0.25,SPY200601C00312000,312.0,normalDay
2020-05-28,2837.0,986.0,0.0,100,302.97,293.0,0,0.0,0.0,,0.0,1,0.08,0.19,SPY200601C00312000,312.0,normalDay
2020-05-29,2837.0,1133.0,0.0,100,304.32,293.0,0,0.0,0.0,,0.0,1,0.08,0.07,SPY200601C00312000,312.0,normalDay
2020-06-01,2845.0,1255.0,8.0,100,305.55,293.0,0,0.0,0.0,,0.0,1,0.08,0.0,SPY200601C00312000,312.0,expirationDay
2020-06-02,2845.0,1508.0,0.0,100,308.08,293.0,0,0.0,0.0,,0.0,0,0.0,0.0,,0.0,bidTooLow
2020-06-03,2845.0,1918.0,0.0,100,312.18,293.0,0,0.0,0.0,,0.0,0,0.0,0.0,,0.0,bidTooLow
2020-06-04,2845.0,1836.0,0.0,100,311.36,293.0,0,0.0,0.0,,0.0,0,0.0,0.0,,0.0,bidTooLow
2020-06-05,2845.0,2631.0,0.0,100,319.34,293.0,0,0.0,0.0,,0.0,1,0.02,0.05,SPY200610C00341000,341.0,normalDay
2020-06-08,2845.0,3019.0,0.0,100,323.2,293.0,0,0.0,0.0,,0.0,1,0.02,0.03,SPY200610C00341000,341.0,normalDay
2020-06-09,2845.0,2780.0,0.0,100,320.79,293.0,0,0.0,0.0,,0.0,1,0.02,0.01,SPY200610C00341000,341.0,normalDay
2020-06-10,2847.0,2600.0,2.0,100,319.0,293.0,0,0.0,0.0,,0.0,1,0.02,0.0,SPY200610C00341000,341.0,expirationDay
2020-06-11,2847.0,761.0,0.0,100,300.61,293.0,0,0.0,0.0,,0.0,0,0.0,0.0,,0.0,bidTooLow
2020-06-12,2847.0,1121.0,0.0,100,304.21,293.0,0,0.0,0.0,,0.0,0,0.0,0.0,,0.0,bidTooLow
2020-06-15,2847.0,1405.0,0.0,100,307.05,293.0,0,0.0,0.0,,0.0,0,0.0,0.0,,0.0,bidTooLow
2020-06-16,2847.0,1996.0,0.0,100,312.96,293.0,0,0.0,0.0,,0.0,0,0.0,0.0,,0.0,bidTooLow
2020-06-17,2847.0,1866.0,0.0,100,311.66,293.0,0,0.0,0.0,,0.0,0,0.0,0.0,,0.0,bidTooLow
2020-06-18,2847.0,1878.0,0.0,100,311.78,293.0,0,0.0,0.0,,0.0,0,0.0,0.0,,0.0,bidTooLow
2020-06-19,2847.0,1564.0,0.0,100,308.64,293.0,0,0.0,0.0,,0.0,0,0.0,0.0,,0.0,bidTooLow
2020-06-22,2847.0,1762.0,0.0,100,310.62,293.0,0,0.0,0.0,,0.0,0,0.0,0.0,,0.0,bidTooLow
2020-06-23,2847.0,1905.0,0.0,100,312.05,293.0,0,0.0,0.0,,0.0,0,0.0,0.0,,0.0,bidTooLow
2020-06-24,2847.0,1109.0,0.0,100,304.09,293.0,0,0.0,0.0,,0.0,0,0.0,0.0,,0.0,bidTooLow
2020-06-25,2847.0,1435.0,0.0,100,307.35,293.0,0,0.0,0.0,,0.0,0,0.0,0.0,,0.0,bidTooLow
2020-06-26,2847.0,705.0,0.0,100,300.05,293.0,0,0.0,0.0,,0.0,0,0.0,0.0,,0.0,bidTooLow
2020-06-29,2847.0,1146.0,0.0,100,304.46,293.0,0,0.0,0.0,,0.0,0,0.0,0.0,,0.0,bidTooLow
2020-06-30,2847.0,1536.0,0.0,100,308.36,293.0,0,0.0,0.0,,0.0,0,0.0,0.0,,0.0,bidTooLow
2020-07-01,2847.0,1752.0,0.0,100,310.52,293.0,0,0.0,0.0,,0.0,0,0.0,0.0,,0.0,bidTooLow
2020-07-02,2847.0,1923.0,0.0,100,312.23,293.0,0,0.0,0.0,,0.0,0,0.0,0.0,,0.0,bidTooLow
2020-07-06,2847.0,2405.0,0.0,100,317.05,293.0,0,0.0,0.0,,0.0,0,0.0,0.0,,0.0,bidTooLow
2020-07-07,2847.0,2078.0,0.0,100,313.78,293.0,0,0.0,0.0,,0.0,0,0.0,0.0,,0.0,bidTooLow
2020-07-08,2847.0,2318.0,0.0,100,316.18,293.0,0,0.0,0.0,,0.0,0,0.0,0.0,,0.0,bidTooLow
2020-07-09,2847.0,2135.0,0.0,100,314.38,293.0,0,0.0,0.0,,0.0,1,0.03,0.06,SPY200715C00330000,330.0,normalDay
2020-07-10,2847.0,2456.0,0.0,100,317.59,293.0,0,0.0,0.0,,0.0,1,0.03,0.06,SPY200715C00330000,330.0,normalDay
2020-07-13,2847.0,2183.0,0.0,100,314.84,293.0,0,0.0,0.0,,0.0,1,0.03,0.04,SPY200715C00330000,330.0,normalDay
2020-07-14,2847.0,2594.0,0.0,100,318.92,293.0,0,0.0,0.0,,0.0,1,0.03,0.01,SPY200715C00330000,330.0,normalDay
2020-07-15,2850.0,2885.0,3.0,100,321.85,293.0,0,0.0,0.0,,0.0,1,0.03,0.0,SPY200715C00330000,330.0,expirationDay
2020-07-16,2850.0,2776.0,0.0,100,320.79,293.0,0,0.0,0.0,,0.0,1,0.03,0.06,SPY200722C00337000,337.0,normalDay
2020-07-17,2850.0,2872.0,0.0,100,321.72,293.0,0,0.0,0.0,,0.0,1,0.03,0.03,SPY200722C00337000,337.0,normalDay
2020-07-20,2850.0,3133.0,0.0,100,324.32,293.0,0,0.0,0.0,,0.0,1,0.03,0.02,SPY200722C00337000,337.0,normalDay
2020-07-21,2850.0,3203.0,0.0,100,325.01,293.0,0,0.0,0.0,,0.0,1,0.03,0.01,SPY200722C00337000,337.0,normalDay
2020-07-22,2853.0,3386.0,3.0,100,326.86,293.0,0,0.0,0.0,,0.0,1,0.03,0.0,SPY200722C00337000,337.0,expirationDay
2020-07-23,2853.0,2996.0,0.0,100,322.96,293.0,0,0.0,0.0,,0.0,0,0.0,0.0,,0.0,bidTooLow
2020-07-24,2853.0,2788.0,0.0,100,320.88,293.0,0,0.0,0.0,,0.0,0,0.0,0.0,,0.0,bidTooLow
2020-07-27,2853.0,3022.0,0.0,100,323.22,293.0,0,0.0,0.0,,0.0,0,0.0,0.0,,0.0,bidTooLow
2020-07-28,2853.0,2817.0,0.0,100,321.17,293.0,0,0.0,0.0,,0.0,0,0.0,0.0,,0.0,bidTooLow
2020-07-29,2853.0,3212.0,0.0,100,325.12,293.0,0,0.0,0.0,,0.0,0,0.0,0.0,,0.0,bidTooLow
2020-07-30,2853.0,3093.0,0.0,100,323.96,293.0,0,0.0,0.0,,0.0,1,0.03,0.06,SPY200805C00339000,339.0,normalDay
2020-07-31,2853.0,3352.0,0.0,100,326.52,293.0,0,0.0,0.0,,0.0,1,0.03,0.03,SPY200805C00339000,339.0,normalDay
2020-08-03,2853.0,3580.0,0.0,100,328.79,293.0,0,0.0,0.0,,0.0,1,0.03,0.02,SPY200805C00339000,339.0,normalDay
2020-08-04,2853.0,3708.0,0.0,100,330.06,293.0,0,0.0,0.0,,0.0,1,0.03,0.01,SPY200805C00339000,339.0,normalDay
2020-08-05,2856.0,3911.0,3.0,100,332.11,293.0,0,0.0,0.0,,0.0,1,0.03,0.0,SPY200805C00339000,339.0,expirationDay
2020-08-06,2856.0,4130.0,0.0,100,334.33,293.0,0,0.0,0.0,,0.0,1,0.05,0.08,SPY200812C00345000,345.0,normalDay
2020-08-07,2856.0,4159.0,0.0,100,334.57,293.0,0,0.0,0.0,,0.0,1,0.05,0.03,SPY200812C00345000,345.0,normalDay
2020-08-10,2856.0,4260.0,0.0,100,335.57,293.0,0,0.0,0.0,,0.0,1,0.05,0.02,SPY200812C00345000,345.0,normalDay
2020-08-11,2856.0,3984.0,0.0,100,332.8,293.0,0,0.0,0.0,,0.0,1,0.05,0.01,SPY200812C00345000,345.0,normalDay
2020-08-12,2861.0,4444.0,5.0,100,337.44,293.0,0,0.0,0.0,,0.0,1,0.05,0.0,SPY200812C00345000,345.0,expirationDay
2020-08-13,2861.0,4383.0,0.0,100,336.83,293.0,0,0.0,0.0,,0.0,0,0.0,0.0,,0.0,bidTooLow
2020-08-14,2861.0,4384.0,0.0,100,336.84,293.0,0,0.0,0.0,,0.0,0,0.0,0.0,,0.0,bidTooLow
2020-08-17,2861.0,4491.0,0.0,100,337.91,293.0,0,0.0,0.0,,0.0,0,0.0,0.0,,0.0,bidTooLow
2020-08-18,2861.0,4564.0,0.0,100,338.64,293.0,0,0.0,0.0,,0.0,0,0.0,0.0,,0.0,bidTooLow
2020-08-19,2861.0,4423.0,0.0,100,337.23,293.0,0,0.0,0.0,,0.0,0,0.0,0.0,,0.0,bidTooLow
2020-08-20,2861.0,4528.0,0.0,100,338.28,293.0,0,0.0,0.0,,0.0,0,0.0,0.0,,0.0,bidTooLow
2020-08-21,2861.0,4648.0,0.0,100,339.48,293.0,0,0.0,0.0,,0.0,0,0.0,0.0,,0.0,bidTooLow
2020-08-24,2861.0,4992.0,0.0,100,342.92,293.0,0,0.0,0.0,,0.0,0,0.0,0.0,,0.0,bidTooLow
2020-08-25,2861.0,5112.0,0.0,100,344.12,293.0,0,0.0,0.0,,0.0,0,0.0,0.0,,0.0,bidTooLow
2020-08-26,2861.0,5454.0,0.0,100,347.57,293.0,0,0.0,0.0,,0.0,1,0.03,0.06,SPY200831C00361000,361.0,normalDay
2020-08-27,2861.0,5533.0,0.0,100,348.33,293.0,0,0.0,0.0,,0.0,1,0.03,0.03,SPY200831C00361000,361.0,normalDay
2020-08-28,2861.0,5760.0,0.0,100,350.58,293.0,0,0.0,0.0,,0.0,1,0.03,0.01,SPY200831C00361000,361.0,normalDay
2020-08-31,2864.0,5631.0,3.0,100,349.31,293.0,0,0.0,0.0,,0.0,1,0.03,0.0,SPY200831C00361000,361.0,expirationDay
2020-09-01,2864.0,5960.0,0.0,100,352.6,293.0,0,0.0,0.0,,0.0,0,0.0,0.0,,0.0,bidTooLow
2020-09-02,2864.0,6467.0,0.0,100,357.7,293.0,0,0.0,0.0,,0.0,1,0.06,0.09,SPY200908C00372000,372.0,normalDay
2020-09-03,2864.0,5243.0,0.0,100,345.39,293.0,0,0.0,0.0,,0.0,1,0.06,0.02,SPY200908C00372000,372.0,normalDay
2020-09-04,2864.0,4962.0,0.0,100,342.57,293.0,0,0.0,0.0,,0.0,1,0.06,0.01,SPY200908C00372000,372.0,normalDay
2020-09-08,2870.0,4021.0,6.0,100,333.21,293.0,0,0.0,0.0,,0.0,1,0.06,0.0,SPY200908C00372000,372.0,expirationDay
2020-09-09,2870.0,4679.0,0.0,100,339.79,293.0,0,0.0,0.0,,0.0,0,0.0,0.0,,0.0,bidTooLow
2020-09-10,2870.0,4089.0,0.0,100,333.89,293.0,0,0.0,0.0,,0.0,0,0.0,0.0,,0.0,bidTooLow
2020-09-11,2870.0,4106.0,0.0,100,334.06,293.0,0,0.0,0.0,,0.0,0,0.0,0.0,,0.0,bidTooLow
2020-09-14,2870.0,4546.0,0.0,100,338.46,293.0,0,0.0,0.0,,0.0,0,0.0,0.0,,0.0,bidTooLow
2020-09-15,2870.0,4717.0,0.0,100,340.17,293.0,0,0.0,0.0,,0.0,0,0.0,0.0,,0.0,bidTooLow
2020-09-16,2870.0,4582.0,0.0,100,338.82,293.0,0,0.0,0.0,,0.0,0,0.0,0.0,,0.0,bidTooLow
2020-09-17,2870.0,4284.0,0.0,100,335.84,293.0,0,0.0,0.0,,0.0,0,0.0,0.0,,0.0,bidTooLow
2020-09-18,2870.0,3765.0,0.0,100,330.65,293.0,0,0.0,0.0,,0.0,0,0.0,0.0,,0.0,bidTooLow
2020-09-21,2870.0,3397.0,0.0,100,326.97,293.0,0,0.0,0.0,,0.0,0,0.0,0.0,,0.0,bidTooLow
2020-09-22,2870.0,3730.0,0.0,100,330.3,293.0,0,0.0,0.0,,0.0,0,0.0,0.0,,0.0,bidTooLow
2020-09-23,2870.0,2964.0,0.0,100,322.64,293.0,0,0.0,0.0,,0.0,0,0.0,0.0,,0.0,bidTooLow
2020-09-24,2870.0,3050.0,0.0,100,323.5,293.0,0,0.0,0.0,,0.0,0,0.0,0.0,,0.0,bidTooLow
2020-09-25,2870.0,3573.0,0.0,100,328.73,293.0,0,0.0,0.0,,0.0,0,0.0,0.0,,0.0,bidTooLow
2020-09-28,2870.0,4119.0,0.0,100,334.19,293.0,0,0.0,0.0,,0.0,0,0.0,0.0,,0.0,bidTooLow
2020-09-29,2870.0,3937.0,0.0,100,332.37,293.0,0,0.0,0.0,,0.0,0,0.0,0.0,,0.0,bidTooLow
2020-09-30,2870.0,4189.0,0.0,100,334.89,293.0,0,0.0,0.0,,0.0,0,0.0,0.0,,0.0,bidTooLow
2020-10-01,2870.0,4401.0,0.0,100,337.04,293.0,0,0.0,0.0,,0.0,1,0.01,0.04,SPY201007C00360000,360.0,normalDay
2020-10-02,2870.0,4083.0,0.0,100,333.84,293.0,0,0.0,0.0,,0.0,1,0.01,0.02,SPY201007C00360000,360.0,normalDay
2020-10-05,2870.0,4676.0,0.0,100,339.76,293.0,0,0.0,0.0,,0.0,1,0.01,0.01,SPY201007C00360000,360.0,normalDay
2020-10-06,2870.0,4193.0,0.0,100,334.93,293.0,0,0.0,0.0,,0.0,1,0.01,0.01,SPY201007C00360000,360.0,normalDay
2020-10-07,2871.0,4776.0,1.0,100,340.76,293.0,0,0.0,0.0,,0.0,1,0.01,0.0,SPY201007C00360000,360.0,expirationDay
2020-10-08,2871.0,5075.0,0.0,100,343.78,293.0,0,0.0,0.0,,0.0,1,0.02,0.05,SPY201014C00359000,359.0,normalDay
2020-10-09,2871.0,5383.0,0.0,100,346.85,293.0,0,0.0,0.0,,0.0,1,0.02,0.04,SPY201014C00359000,359.0,normalDay
2020-10-12,2871.0,5928.0,0.0,100,352.43,293.0,0,0.0,0.0,,0.0,1,0.02,0.17,SPY201014C00359000,359.0,normalDay
2020-10-13,2871.0,5713.0,0.0,100,350.13,293.0,0,0.0,0.0,,0.0,1,0.02,0.02,SPY201014C00359000,359.0,normalDay
2020-10-14,2873.0,5493.0,2.0,100,347.93,293.0,0,0.0,0.0,,0.0,1,0.02,0.0,SPY201014C00359000,359.0,expirationDay
2020-10-15,2873.0,5450.0,0.0,100,347.5,293.0,0,0.0,0.0,,0.0,0,0.0,0.0,,0.0,bidTooLow
2020-10-16,2873.0,5429.0,0.0,100,347.29,293.0,0,0.0,0.0,,0.0,0,0.0,0.0,,0.0,bidTooLow
2020-10-19,2873.0,4901.0,0.0,100,342.01,293.0,0,0.0,0.0,,0.0,0,0.0,0.0,,0.0,bidTooLow
2020-10-20,2873.0,5038.0,0.0,100,343.38,293.0,0,0.0,0.0,,0.0,0,0.0,0.0,,0.0,bidTooLow
2020-10-21,2873.0,4973.0,0.0,100,342.73,293.0,0,0.0,0.0,,0.0,0,0.0,0.0,,0.0,bidTooLow
2020-10-22,2873.0,5161.0,0.0,100,344.61,293.0,0,0.0,0.0,,0.0,0,0.0,0.0,,0.0,bidTooLow
2020-10-23,2873.0,5278.0,0.0,100,345.78,293.0,0,0.0,0.0,,0.0,0,0.0,0.0,,0.0,bidTooLow
2020-10-26,2873.0,4639.0,0.0,100,339.39,293.0,0,0.0,0.0,,0.0,0,0.0,0.0,,0.0,bidTooLow
2020-10-27,2873.0,4522.0,0.0,100,338.22,293.0,0,0.0,0.0,,0.0,0,0.0,0.0,,0.0,bidTooLow
2020-10-28,2873.0,3366.0,0.0,100,326.66,293.0,0,0.0,0.0,,0.0,0,0.0,0.0,,0.0,bidTooLow
2020-10-29,2873.0,3698.0,0.0,100,329.98,293.0,0,0.0,0.0,,0.0,0,0.0,0.0,,0.0,bidTooLow
2020-10-30,2873.0,3354.0,0.0,100,326.54,293.0,0,0.0,0.0,,0.0,0,0.0,0.0,,0.0,bidTooLow
2020-11-02,2873.0,3720.0,0.0,100,330.2,293.0,0,0.0,0.0,,0.0,0,0.0,0.0,,0.0,bidTooLow
2020-11-03,2873.0,4300.0,0.0,100,336.03,293.0,0,0.0,0.0,,0.0,1,0.04,0.07,SPY201109C00374000,374.0,normalDay
2020-11-04,2873.0,5056.0,0.0,100,343.54,293.0,0,0.0,0.0,,0.0,1,0.04,0.02,SPY201109C00374000,374.0,normalDay
2020-11-05,2873.0,5727.0,0.0,100,350.24,293.0,0,0.0,0.0,,0.0,1,0.04,0.01,SPY201109C00374000,374.0,normalDay
2020-11-06,2873.0,5719.0,0.0,100,350.16,293.0,0,0.0,0.0,,0.0,1,0.04,0.01,SPY201109C00374000,374.0,normalDay
2020-11-09,2877.0,6156.0,4.0,100,354.56,293.0,0,0.0,0.0,,0.0,1,0.04,0.0,SPY201109C00374000,374.0,expirationDay
2020-11-10,2877.0,6104.0,0.0,100,354.04,293.0,0,0.0,0.0,,0.0,0,0.0,0.0,,0.0,bidTooLow
2020-11-11,2877.0,6367.0,0.0,100,356.67,293.0,0,0.0,0.0,,0.0,0,0.0,0.0,,0.0,bidTooLow
2020-11-12,2877.0,6021.0,0.0,100,353.21,293.0,0,0.0,0.0,,0.0,0,0.0,0.0,,0.0,bidTooLow
2020-11-13,2877.0,6510.0,0.0,100,358.1,293.0,0,0.0,0.0,,0.0,0,0.0,0.0,,0.0,bidTooLow
2020-11-16,2877.0,6957.0,0.0,100,362.57,293.0,0,0.0,0.0,,0.0,0,0.0,0.0,,0.0,bidTooLow
2020-11-17,2877.0,6762.0,0.0,100,360.62,293.0,0,0.0,0.0,,0.0,0,0.0,0.0,,0.0,bidTooLow
2020-11-18,2877.0,6328.0,0.0,100,356.28,293.0,0,0.0,0.0,,0.0,0,0.0,0.0,,0.0,bidTooLow
2020-11-19,2877.0,6478.0,0.0,100,357.78,293.0,0,0.0,0.0,,0.0,0,0.0,0.0,,0.0,bidTooLow
2020-11-20,2877.0,6233.0,0.0,100,355.33,293.0,0,0.0,0.0,,0.0,0,0.0,0.0,,0.0,bidTooLow
2020-11-23,2877.0,6446.0,0.0,100,357.46,293.0,0,0.0,0.0,,0.0,0,0.0,0.0,,0.0,bidTooLow
2020-11-24,2877.0,7022.0,0.0,100,363.22,293.0,0,0.0,0.0,,0.0,0,0.0,0.0,,0.0,bidTooLow
2020-11-25,2877.0,6966.0,0.0,100,362.66,293.0,0,0.0,0.0,,0.0,0,0.0,0.0,,0.0,bidTooLow
2020-11-27,2877.0,7067.0,0.0,100,363.67,293.0,0,0.0,0.0,,0.0,0,0.0,0.0,,0.0,bidTooLow
2020-11-30,2877.0,6906.0,0.0,100,362.06,293.0,0,0.0,0.0,,0.0,0,0.0,0.0,,0.0,bidTooLow
2020-12-01,2877.0,7302.0,0.0,100,366.02,293.0,0,0.0,0.0,,0.0,0,0.0,0.0,,0.0,bidTooLow
2020-12-02,2877.0,7379.0,0.0,100,366.79,293.0,0,0.0,0.0,,0.0,0,0.0,0.0,,0.0,bidTooLow
2020-12-03,2877.0,7366.0,0.0,100,366.69,293.0,0,0.0,0.0,,0.0,1,0.04,0.07,SPY201209C00381000,381.0,normalDay
2020-12-04,2877.0,7683.0,0.0,100,369.85,293.0,0,0.0,0.0,,0.0,1,0.04,0.06,SPY201209C00381000,381.0,normalDay
2020-12-07,2877.0,7611.0,0.0,100,369.09,293.0,0,0.0,0.0,,0.0,1,0.04,0.02,SPY201209C00381000,381.0,normalDay
2020-12-08,2877.0,7720.0,0.0,100,370.17,293.0,0,0.0,0.0,,0.0,1,0.04,0.01,SPY201209C00381000,381.0,normalDay
2020-12-09,2881.0,7385.0,4.0,100,366.85,293.0,0,0.0,0.0,,0.0,1,0.04,0.0,SPY201209C00381000,381.0,expirationDay
2020-12-10,2881.0,7373.0,0.0,100,366.73,293.0,0,0.0,0.0,,0.0,0,0.0,0.0,,0.0,bidTooLow
2020-12-11,2881.0,7330.0,0.0,100,366.3,293.0,0,0.0,0.0,,0.0,0,0.0,0.0,,0.0,bidTooLow
2020-12-14,2881.0,7163.0,0.0,100,364.66,293.0,0,0.0,0.0,,0.0,1,0.03,0.06,SPY201218C00383000,383.0,normalDay
2020-12-15,2881.0,7656.0,0.0,100,369.59,293.0,0,0.0,0.0,,0.0,1,0.03,0.06,SPY201218C00383000,383.0,normalDay
2020-12-16,2881.0,7714.0,0.0,100,370.17,293.0,0,0.0,0.0,,0.0,1,0.03,0.06,SPY201218C00383000,383.0,normalDay
2020-12-17,2881.0,7923.0,0.0,100,372.24,293.0,0,0.0,0.0,,0.0,1,0.03,0.04,SPY201218C00383000,383.0,normalDay
2020-12-18,2884.0,7618.0,3.0,100,369.18,293.0,0,0.0,0.0,,0.0,1,0.03,0.0,SPY201218C00383000,383.0,expirationDay
2020-12-21,2884.0,7486.0,0.0,100,367.86,293.0,0,0.0,0.0,,0.0,0,0.0,0.0,,0.0,bidTooLow
2020-12-22,2884.0,7421.0,0.0,100,367.24,293.0,0,0.0,0.0,,0.0,1,0.02,0.05,SPY201228C00379000,379.0,normalDay
2020-12-23,2884.0,7457.0,0.0,100,367.57,293.0,0,0.0,0.0,,0.0,1,0.02,0.02,SPY201228C00379000,379.0,normalDay
2020-12-24,2884.0,7601.0,0.0,100,369.0,293.0,0,0.0,0.0,,0.0,1,0.02,0.01,SPY201228C00379000,379.0,normalDay
2020-12-28,2886.0,7917.0,2.0,100,372.17,293.0,0,0.0,0.0,,0.0,1,0.02,0.0,SPY201228C00379000,379.0,expirationDay
2020-12-29,2886.0,7842.0,0.0,100,371.46,293.0,0,0.0,0.0,,0.0,1,0.24,0.28,SPY210104C00378000,378.0,normalDay
2020-12-30,2886.0,7909.0,0.0,100,371.99,293.0,0,0.0,0.0,,0.0,1,0.24,0.14,SPY210104C00378000,378.0,normalDay
2020-12-31,2886.0,8078.0,0.0,100,373.88,293.0,0,0.0,0.0,,0.0,1,0.24,0.34,SPY210104C00378000,378.0,normalDay
2021-01-04,2910.0,7579.0,24.0,100,368.79,293.0,0,0.0,0.0,,0.0,1,0.24,0.0,SPY210104C00378000,378.0,expirationDay
2021-01-05,2910.0,7830.0,0.0,100,371.33,293.0,0,0.0,0.0,,0.0,1,0.49,0.52,SPY210111C00380000,380.0,normalDay
2021-01-06,2910.0,8038.0,0.0,100,373.55,293.0,0,0.0,0.0,,0.0,1,0.49,0.66,SPY210111C00380000,380.0,normalDay
2021-01-07,2910.0,8519.0,0.0,100,379.1,293.0,0,0.0,0.0,,0.0,1,0.49,1.4,SPY210111C00380000,380.0,normalDay
2021-01-08,2910.0,8632.0,0.0,100,381.26,293.0,0,0.0,0.0,,0.0,1,0.49,2.43,SPY210111C00380000,380.0,normalDay
2021-01-11,2959.0,8569.0,49.0,100,378.69,293.0,0,0.0,0.0,,0.0,1,0.49,0.0,SPY210111C00380000,380.0,expirationDay
2021-01-12,2959.0,8574.0,0.0,100,378.77,293.0,0,0.0,0.0,,0.0,1,0.01,0.04,SPY210115C00391000,391.0,normalDay
2021-01-13,2959.0,8678.0,0.0,100,379.79,293.0,0,0.0,0.0,,0.0,1,0.01,0.02,SPY210115C00391000,391.0,normalDay
2021-01-14,2959.0,8546.0,0.0,100,378.46,293.0,0,0.0,0.0,,0.0,1,0.01,0.01,SPY210115C00391000,391.0,normalDay
2021-01-15,2960.0,8270.0,1.0,100,375.7,293.0,0,0.0,0.0,,0.0,1,0.01,0.0,SPY210115C00391000,391.0,expirationDay
2021-01-19,2960.0,8565.0,0.0,100,378.65,293.0,0,0.0,0.0,,0.0,0,0.0,0.0,,0.0,bidTooLow
2021-01-20,2960.0,9086.0,0.0,100,383.89,293.0,0,0.0,0.0,,0.0,1,0.02,0.05,SPY210125C00396000,396.0,normalDay
2021-01-21,2960.0,9124.0,0.0,100,384.24,293.0,0,0.0,0.0,,0.0,1,0.02,0.02,SPY210125C00396000,396.0,normalDay
2021-01-22,2960.0,8989.0,0.0,100,382.88,293.0,0,0.0,0.0,,0.0,1,0.02,0.01,SPY210125C00396000,396.0,normalDay
2021-01-25,2962.0,9139.0,2.0,100,384.39,293.0,0,0.0,0.0,,0.0,1,0.02,0.0,SPY210125C00396000,396.0,expirationDay
2021-01-26,2962.0,9076.0,0.0,100,383.79,293.0,0,0.0,0.0,,0.0,1,0.01,0.04,SPY210201C00399000,399.0,normalDay
2021-01-27,2962.0,8139.0,0.0,100,374.41,293.0,0,0.0,0.0,,0.0,1,0.01,0.03,SPY210201C00399000,399.0,normalDay
2021-01-28,2962.0,8463.0,0.0,100,377.63,293.0,0,0.0,0.0,,0.0,1,0.01,0.01,SPY210201C00399000,399.0,normalDay
2021-01-29,2962.0,7707.0,0.0,100,370.07,293.0,0,0.0,0.0,,0.0,1,0.01,0.01,SPY210201C00399000,399.0,normalDay
2021-02-01,2963.0,8323.0,1.0,100,376.23,293.0,0,0.0,0.0,,0.0,1,0.01,0.0,SPY210201C00399000,399.0,expirationDay
2021-02-02,2963.0,8852.0,0.0,100,381.55,293.0,0,0.0,0.0,,0.0,1,0.03,0.06,SPY210208C00397000,397.0,normalDay
2021-02-03,2963.0,8885.0,0.0,100,381.85,293.0,0,0.0,0.0,,0.0,1,0.03,0.03,SPY210208C00397000,397.0,normalDay
2021-02-04,2963.0,9319.0,0.0,100,386.19,293.0,0,0.0,0.0,,0.0,1,0.03,0.03,SPY210208C00397000,397.0,normalDay
2021-02-05,2963.0,9472.0,0.0,100,387.71,293.0,0,0.0,0.0,,0.0,1,0.03,0.02,SPY210208C00397000,397.0,normalDay
2021-02-08,2966.0,9751.0,3.0,100,390.51,293.0,0,0.0,0.0,,0.0,1,0.03,0.0,SPY210208C00397000,397.0,expirationDay
2021-02-09,2966.0,9725.0,0.0,100,390.25,293.0,0,0.0,0.0,,0.0,0,0.0,0.0,,0.0,bidTooLow
2021-02-10,2966.0,9708.0,0.0,100,390.08,293.0,0,0.0,0.0,,0.0,0,0.0,0.0,,0.0,bidTooLow
2021-02-11,2966.0,9771.0,0.0,100,390.71,293.0,0,0.0,0.0,,0.0,0,0.0,0.0,,0.0,bidTooLow
2021-02-12,2966.0,9964.0,0.0,100,392.64,293.0,0,0.0,0.0,,0.0,0,0.0,0.0,,0.0,bidTooLow
2021-02-16,2966.0,9930.0,0.0,100,392.3,293.0,0,0.0,0.0,,0.0,0,0.0,0.0,,0.0,bidTooLow
2021-02-17,2966.0,9939.0,0.0,100,392.39,293.0,0,0.0,0.0,,0.0,0,0.0,0.0,,0.0,bidTooLow
2021-02-18,2966.0,9772.0,0.0,100,390.72,293.0,0,0.0,0.0,,0.0,0,0.0,0.0,,0.0,bidTooLow
2021-02-19,2966.0,9703.0,0.0,100,390.03,293.0,0,0.0,0.0,,0.0,0,0.0,0.0,,0.0,bidTooLow
2021-02-22,2966.0,9403.0,0.0,100,387.03,293.0,0,0.0,0.0,,0.0,0,0.0,0.0,,0.0,bidTooLow
2021-02-23,2966.0,9450.0,0.0,100,387.5,293.0,0,0.0,0.0,,0.0,0,0.0,0.0,,0.0,bidTooLow
2021-02-24,2966.0,9877.0,0.0,100,391.77,293.0,0,0.0,0.0,,0.0,0,0.0,0.0,,0.0,bidTooLow
2021-02-25,2966.0,8933.0,0.0,100,382.33,293.0,0,0.0,0.0,,0.0,0,0.0,0.0,,0.0,bidTooLow
2021-02-26,2966.0,8736.0,0.0,100,380.36,293.0,0,0.0,0.0,,0.0,0,0.0,0.0,,0.0,bidTooLow
2021-03-01,2966.0,9658.0,0.0,100,389.58,293.0,0,0.0,0.0,,0.0,0,0.0,0.0,,0.0,bidTooLow
2021-03-02,2966.0,9354.0,0.0,100,386.54,293.0,0,0.0,0.0,,0.0,0,0.0,0.0,,0.0,bidTooLow
2021-03-03,2966.0,8842.0,0.0,100,381.42,293.0,0,0.0,0.0,,0.0,0,0.0,0.0,,0.0,bidTooLow
2021-03-04,2966.0,8370.0,0.0,100,376.7,293.0,0,0.0,0.0,,0.0,0,0.0,0.0,,0.0,bidTooLow
2021-03-05,2966.0,9063.0,0.0,100,383.63,293.0,0,0.0,0.0,,0.0,0,0.0,0.0,,0.0,bidTooLow
2021-03-08,2966.0,8872.0,0.0,100,381.72,293.0,0,0.0,0.0,,0.0,0,0.0,0.0,,0.0,bidTooLow
2021-03-09,2966.0,9414.0,0.0,100,387.17,293.0,0,0.0,0.0,,0.0,1,0.01,0.04,SPY210315C00407000,407.0,normalDay
2021-03-10,2966.0,9656.0,0.0,100,389.58,293.0,0,0.0,0.0,,0.0,1,0.01,0.03,SPY210315C00407000,407.0,normalDay
2021-03-11,2966.0,10051.0,0.0,100,393.53,293.0,0,0.0,0.0,,0.0,1,0.01,0.03,SPY210315C00407000,407.0,normalDay
2021-03-12,2966.0,10106.0,0.0,100,394.06,293.0,0,0.0,0.0,,0.0,1,0.01,0.01,SPY210315C00407000,407.0,normalDay
2021-03-15,2967.0,10341.0,1.0,100,396.41,293.0,0,0.0,0.0,,0.0,1,0.01,0.0,SPY210315C00407000,407.0,expirationDay
2021-03-16,2967.0,10288.0,0.0,100,395.91,293.0,0,0.0,0.0,,0.0,1,0.01,0.04,SPY210322C00412000,412.0,normalDay
2021-03-17,2967.0,10424.0,0.0,100,397.26,293.0,0,0.0,0.0,,0.0,1,0.01,0.03,SPY210322C00412000,412.0,normalDay
2021-03-18,2967.0,9847.0,0.0,100,391.48,293.0,0,0.0,0.0,,0.0,1,0.01,0.02,SPY210322C00412000,412.0,normalDay
2021-03-19,2967.0,9648.0,0.0,100,389.48,293.0,0,0.0,0.0,,0.0,1,0.01,0.01,SPY210322C00412000,412.0,normalDay
2021-03-22,2968.0,9959.0,1.0,100,392.59,293.0,0,0.0,0.0,,0.0,1,0.01,0.0,SPY210322C00412000,412.0,expirationDay
2021-03-23,2968.0,9650.0,0.0,100,389.5,293.0,0,0.0,0.0,,0.0,0,0.0,0.0,,0.0,bidTooLow
2021-03-24,2968.0,9452.0,0.0,100,387.52,293.0,0,0.0,0.0,,0.0,0,0.0,0.0,,0.0,bidTooLow
2021-03-25,2968.0,9670.0,0.0,100,389.7,293.0,0,0.0,0.0,,0.0,0,0.0,0.0,,0.0,bidTooLow
2021-03-26,2968.0,10298.0,0.0,100,395.98,293.0,0,0.0,0.0,,0.0,0,0.0,0.0,,0.0,bidTooLow
2021-03-29,2968.0,10278.0,0.0,100,395.78,293.0,0,0.0,0.0,,0.0,0,0.0,0.0,,0.0,bidTooLow
2021-03-30,2968.0,10173.0,0.0,100,394.73,293.0,0,0.0,0.0,,0.0,0,0.0,0.0,,0.0,bidTooLow
2021-03-31,2968.0,10333.0,0.0,100,396.33,293.0,0,0.0,0.0,,0.0,0,0.0,0.0,,0.0,bidTooLow
2021-04-01,2968.0,10758.0,0.0,100,400.61,293.0,0,0.0,0.0,,0.0,1,0.01,0.04,SPY210407C00412000,412.0,normalDay
2021-04-05,2968.0,11323.0,0.0,100,406.36,293.0,0,0.0,0.0,,0.0,1,0.01,0.14,SPY210407C00412000,412.0,normalDay
2021-04-06,2968.0,11309.0,0.0,100,406.12,293.0,0,0.0,0.0,,0.0,1,0.01,0.04,SPY210407C00412000,412.0,normalDay
2021-04-07,2969.0,11359.0,1.0,100,406.59,293.0,0,0.0,0.0,,0.0,1,0.01,0.0,SPY210407C00412000,412.0,expirationDay
2021-04-08,2969.0,11552.0,0.0,100,408.52,293.0,0,0.0,0.0,,0.0,0,0.0,0.0,,0.0,bidTooLow
2021-04-09,2969.0,11849.0,0.0,100,411.49,293.0,0,0.0,0.0,,0.0,0,0.0,0.0,,0.0,bidTooLow
2021-04-12,2969.0,11864.0,0.0,100,411.64,293.0,0,0.0,0.0,,0.0,0,0.0,0.0,,0.0,bidTooLow
2021-04-13,2969.0,11986.0,0.0,100,412.86,293.0,0,0.0,0.0,,0.0,0,0.0,0.0,,0.0,bidTooLow
2021-04-14,2969.0,11845.0,0.0,100,411.45,293.0,0,0.0,0.0,,0.0,0,0.0,0.0,,0.0,bidTooLow
2021-04-15,2969.0,12287.0,0.0,100,415.87,293.0,0,0.0,0.0,,0.0,0,0.0,0.0,,0.0,bidTooLow
2021-04-16,2969.0,12426.0,0.0,100,417.26,293.0,0,0.0,0.0,,0.0,0,0.0,0.0,,0.0,bidTooLow
2021-04-19,2969.0,12221.0,0.0,100,415.21,293.0,0,0.0,0.0,,0.0,0,0.0,0.0,,0.0,bidTooLow
2021-04-20,2969.0,11917.0,0.0,100,412.17,293.0,0,0.0,0.0,,0.0,0,0.0,0.0,,0.0,bidTooLow
2021-04-21,2969.0,12307.0,0.0,100,416.07,293.0,0,0.0,0.0,,0.0,0,0.0,0.0,,0.0,bidTooLow
2021-04-22,2969.0,11927.0,0.0,100,412.27,293.0,0,0.0,0.0,,0.0,0,0.0,0.0,,0.0,bidTooLow
2021-04-23,2969.0,12374.0,0.0,100,416.74,293.0,0,0.0,0.0,,0.0,0,0.0,0.0,,0.0,bidTooLow
2021-04-26,2969.0,12461.0,0.0,100,417.61,293.0,0,0.0,0.0,,0.0,0,0.0,0.0,,0.0,bidTooLow
2021-04-27,2969.0,12452.0,0.0,100,417.52,293.0,0,0.0,0.0,,0.0,0,0.0,0.0,,0.0,bidTooLow
2021-04-28,2969.0,12440.0,0.0,100,417.4,293.0,0,0.0,0.0,,0.0,0,0.0,0.0,,0.0,bidTooLow
2021-04-29,2969.0,12706.0,0.0,100,420.06,293.0,0,0.0,0.0,,0.0,0,0.0,0.0,,0.0,bidTooLow
2021-04-30,2969.0,12430.0,0.0,100,417.3,293.0,0,0.0,0.0,,0.0,0,0.0,0.0,,0.0,bidTooLow
2021-05-03,2969.0,12520.0,0.0,100,418.2,293.0,0,0.0,0.0,,0.0,0,0.0,0.0,,0.0,bidTooLow
2021-05-04,2969.0,12262.0,0.0,100,415.62,293.0,0,0.0,0.0,,0.0,0,0.0,0.0,,0.0,bidTooLow
2021-05-05,2969.0,12275.0,0.0,100,415.75,293.0,0,0.0,0.0,,0.0,0,0.0,0.0,,0.0,bidTooLow
2021-05-06,2969.0,12604.0,0.0,100,419.07,293.0,0,0.0,0.0,,0.0,1,0.11,0.14,SPY210512C00427000,427.0,normalDay
2021-05-07,2969.0,12893.0,0.0,100,422.12,293.0,0,0.0,0.0,,0.0,1,0.11,0.3,SPY210512C00427000,427.0,normalDay
2021-05-10,2969.0,12501.0,0.0,100,417.94,293.0,0,0.0,0.0,,0.0,1,0.11,0.04,SPY210512C00427000,427.0,normalDay
2021-05-11,2969.0,12131.0,0.0,100,414.21,293.0,0,0.0,0.0,,0.0,1,0.11,0.01,SPY210512C00427000,427.0,normalDay
2021-05-12,2980.0,11241.0,11.0,100,405.41,293.0,0,0.0,0.0,,0.0,1,0.11,0.0,SPY210512C00427000,427.0,expirationDay
2021-05-13,2980.0,11728.0,0.0,100,410.28,293.0,0,0.0,0.0,,0.0,0,0.0,0.0,,0.0,bidTooLow
2021-05-14,2980.0,12358.0,0.0,100,416.58,293.0,0,0.0,0.0,,0.0,0,0.0,0.0,,0.0,bidTooLow
2021-05-17,2980.0,12252.0,0.0,100,415.52,293.0,0,0.0,0.0,,0.0,0,0.0,0.0,,0.0,bidTooLow
2021-05-18,2980.0,11894.0,0.0,100,411.94,293.0,0,0.0,0.0,,0.0,0,0.0,0.0,,0.0,bidTooLow
2021-05-19,2980.0,11786.0,0.0,100,410.86,293.0,0,0.0,0.0,,0.0,0,0.0,0.0,,0.0,bidTooLow
2021-05-20,2980.0,12228.0,0.0,100,415.28,293.0,0,0.0,0.0,,0.0,0,0.0,0.0,,0.0,bidTooLow
2021-05-21,2980.0,12194.0,0.0,100,414.94,293.0,0,0.0,0.0,,0.0,0,0.0,0.0,,0.0,bidTooLow
2021-05-24,2980.0,12617.0,0.0,100,419.17,293.0,0,0.0,0.0,,0.0,0,0.0,0.0,,0.0,bidTooLow
2021-05-25,2980.0,12524.0,0.0,100,418.24,293.0,0,0.0,0.0,,0.0,0,0.0,0.0,,0.0,bidTooLow
2021-05-26,2980.0,12607.0,0.0,100,419.07,293.0,0,0.0,0.0,,0.0,0,0.0,0.0,,0.0,bidTooLow
2021-05-27,2980.0,12629.0,0.0,100,419.29,293.0,0,0.0,0.0,,0.0,0,0.0,0.0,,0.0,bidTooLow
2021-05-28,2980.0,12704.0,0.0,100,420.04,293.0,0,0.0,0.0,,0.0,0,0.0,0.0,,0.0,bidTooLow
2021-06-01,2980.0,12667.0,0.0,100,419.67,293.0,0,0.0,0.0,,0.0,0,0.0,0.0,,0.0,bidTooLow
2021-06-02,2980.0,12733.0,0.0,100,420.33,293.0,0,0.0,0.0,,0.0,0,0.0,0.0,,0.0,bidTooLow
2021-06-03,2980.0,12577.0,0.0,100,418.77,293.0,0,0.0,0.0,,0.0,0,0.0,0.0,,0.0,bidTooLow
2021-06-04,2980.0,12960.0,0.0,100,422.6,293.0,0,0.0,0.0,,0.0,0,0.0,0.0,,0.0,bidTooLow
2021-06-07,2980.0,12919.0,0.0,100,422.19,293.0,0,0.0,0.0,,0.0,0,0.0,0.0,,0.0,bidTooLow
2021-06-08,2980.0,12928.0,0.0,100,422.28,293.0,0,0.0,0.0,,0.0,0,0.0,0.0,,0.0,bidTooLow
2021-06-09,2980.0,12865.0,0.0,100,421.65,293.0,0,0.0,0.0,,0.0,0,0.0,0.0,,0.0,bidTooLow
2021-06-10,2980.0,13058.0,0.0,100,423.61,293.0,0,0.0,0.0,,0.0,1,0.04,0.07,SPY210616C00435000,435.0,normalDay
2021-06-11,2980.0,13132.0,0.0,100,424.31,293.0,0,0.0,0.0,,0.0,1,0.04,0.03,SPY210616C00435000,435.0,normalDay
2021-06-14,2980.0,13227.0,0.0,100,425.26,293.0,0,0.0,0.0,,0.0,1,0.04,0.03,SPY210616C00435000,435.0,normalDay
2021-06-15,2980.0,13151.0,0.0,100,424.48,293.0,0,0.0,0.0,,0.0,1,0.04,0.01,SPY210616C00435000,435.0,normalDay
2021-06-16,2984.0,12911.0,4.0,100,422.11,293.0,0,0.0,0.0,,0.0,1,0.04,0.0,SPY210616C00435000,435.0,expirationDay
2021-06-17,2984.0,12894.0,0.0,100,421.97,293.0,0,0.0,0.0,,0.0,1,0.01,0.04,SPY210623C00433000,433.0,normalDay
2021-06-18,2984.0,12191.0,0.0,100,414.92,293.0,0,0.0,0.0,,0.0,1,0.01,0.02,SPY210623C00433000,433.0,normalDay
2021-06-21,2984.0,12786.0,0.0,100,420.86,293.0,0,0.0,0.0,,0.0,1,0.01,0.01,SPY210623C00433000,433.0,normalDay
2021-06-22,2984.0,13011.0,0.0,100,423.11,293.0,0,0.0,0.0,,0.0,1,0.01,0.01,SPY210623C00433000,433.0,normalDay
2021-06-23,2985.0,12960.0,1.0,100,422.6,293.0,0,0.0,0.0,,0.0,1,0.01,0.0,SPY210623C00433000,433.0,expirationDay
2021-06-24,2985.0,13207.0,0.0,100,425.1,293.0,0,0.0,0.0,,0.0,1,0.1,0.13,SPY210630C00432000,432.0,normalDay
2021-06-25,2985.0,13359.0,0.0,100,426.61,293.0,0,0.0,0.0,,0.0,1,0.1,0.12,SPY210630C00432000,432.0,normalDay
2021-06-28,2985.0,13450.0,0.0,100,427.47,293.0,0,0.0,0.0,,0.0,1,0.1,0.07,SPY210630C00432000,432.0,normalDay
2021-06-29,2985.0,13477.0,0.0,100,427.7,293.0,0,0.0,0.0,,0.0,1,0.1,0.03,SPY210630C00432000,432.0,normalDay
2021-06-30,2995.0,13506.0,10.0,100,428.06,293.0,0,0.0,0.0,,0.0,1,0.1,0.0,SPY210630C00432000,432.0,expirationDay
2021-07-01,2995.0,13740.0,0.0,100,430.43,293.0,0,0.0,0.0,,0.0,1,0.03,0.06,SPY210707C00438000,438.0,normalDay
2021-07-02,2995.0,14061.0,0.0,100,433.72,293.0,0,0.0,0.0,,0.0,1,0.03,0.14,SPY210707C00438000,438.0,normalDay
2021-07-06,2995.0,13993.0,0.0,100,432.93,293.0,0,0.0,0.0,,0.0,1,0.03,0.03,SPY210707C00438000,438.0,normalDay
2021-07-07,2998.0,14146.0,3.0,100,434.46,293.0,0,0.0,0.0,,0.0,1,0.03,0.0,SPY210707C00438000,438.0,expirationDay
2021-07-08,2998.0,13792.0,0.0,100,430.92,293.0,0,0.0,0.0,,0.0,0,0.0,0.0,,0.0,bidTooLow
2021-07-09,2998.0,14252.0,0.0,100,435.52,293.0,0,0.0,0.0,,0.0,0,0.0,0.0,,0.0,bidTooLow
2021-07-12,2998.0,14408.0,0.0,100,437.08,293.0,0,0.0,0.0,,0.0,0,0.0,0.0,,0.0,bidTooLow
2021-07-13,2998.0,14259.0,0.0,100,435.59,293.0,0,0.0,0.0,,0.0,0,0.0,0.0,,0.0,bidTooLow
2021-07-14,2998.0,14324.0,0.0,100,436.24,293.0,0,0.0,0.0,,0.0,0,0.0,0.0,,0.0,bidTooLow
2021-07-15,2998.0,14175.0,0.0,100,434.75,293.0,0,0.0,0.0,,0.0,0,0.0,0.0,,0.0,bidTooLow
2021-07-16,2998.0,13834.0,0.0,100,431.34,293.0,0,0.0,0.0,,0.0,0,0.0,0.0,,0.0,bidTooLow
2021-07-19,2998.0,13197.0,0.0,100,424.97,293.0,0,0.0,0.0,,0.0,0,0.0,0.0,,0.0,bidTooLow
2021-07-20,2998.0,13806.0,0.0,100,431.06,293.0,0,0.0,0.0,,0.0,0,0.0,0.0,,0.0,bidTooLow
2021-07-21,2998.0,14155.0,0.0,100,434.55,293.0,0,0.0,0.0,,0.0,0,0.0,0.0,,0.0,bidTooLow
2021-07-22,2998.0,14246.0,0.0,100,435.46,293.0,0,0.0,0.0,,0.0,0,0.0,0.0,,0.0,bidTooLow
2021-07-23,2998.0,14691.0,0.0,100,439.94,293.0,0,0.0,0.0,,0.0,1,0.03,0.06,SPY210728C00450000,450.0,normalDay
2021-07-26,2998.0,14802.0,0.0,100,441.02,293.0,0,0.0,0.0,,0.0,1,0.03,0.03,SPY210728C00450000,450.0,normalDay
2021-07-27,2998.0,14603.0,0.0,100,439.01,293.0,0,0.0,0.0,,0.0,1,0.03,0.01,SPY210728C00450000,450.0,normalDay
2021-07-28,3001.0,14583.0,3.0,100,438.83,293.0,0,0.0,0.0,,0.0,1,0.03,0.0,SPY210728C00450000,450.0,expirationDay
2021-07-29,3001.0,14762.0,0.0,100,440.65,293.0,0,0.0,0.0,,0.0,1,0.01,0.04,SPY210804C00452000,452.0,normalDay
2021-07-30,3001.0,14550.0,0.0,100,438.51,293.0,0,0.0,0.0,,0.0,1,0.01,0.02,SPY210804C00452000,452.0,normalDay
2021-08-02,3001.0,14459.0,0.0,100,437.59,293.0,0,0.0,0.0,,0.0,1,0.01,0.01,SPY210804C00452000,452.0,normalDay
2021-08-03,3001.0,14815.0,0.0,100,441.15,293.0,0,0.0,0.0,,0.0,1,0.01,0.01,SPY210804C00452000,452.0,normalDay
2021-08-04,3002.0,14598.0,1.0,100,438.98,293.0,0,0.0,0.0,,0.0,1,0.01,0.0,SPY210804C00452000,452.0,expirationDay
2021-08-05,3002.0,14873.0,0.0,100,441.76,293.0,0,0.0,0.0,,0.0,1,0.01,0.04,SPY210811C00454000,454.0,normalDay
2021-08-06,3002.0,14948.0,0.0,100,442.49,293.0,0,0.0,0.0,,0.0,1,0.01,0.02,SPY210811C00454000,454.0,normalDay
2021-08-09,3002.0,14913.0,0.0,100,442.13,293.0,0,0.0,0.0,,0.0,1,0.01,0.01,SPY210811C00454000,454.0,normalDay
2021-08-10,3002.0,14968.0,0.0,100,442.68,293.0,0,0.0,0.0,,0.0,1,0.01,0.01,SPY210811C00454000,454.0,normalDay
2021-08-11,3003.0,15078.0,1.0,100,443.78,293.0,0,0.0,0.0,,0.0,1,0.01,0.0,SPY210811C00454000,454.0,expirationDay
2021-08-12,3003.0,15211.0,0.0,100,445.11,293.0,0,0.0,0.0,,0.0,0,0.0,0.0,,0.0,bidTooLow
2021-08-13,3003.0,15292.0,0.0,100,445.92,293.0,0,0.0,0.0,,0.0,0,0.0,0.0,,0.0,bidTooLow
2021-08-16,3003.0,15397.0,0.0,100,446.97,293.0,0,0.0,0.0,,0.0,0,0.0,0.0,,0.0,bidTooLow
2021-08-17,3003.0,15101.0,0.0,100,444.04,293.0,0,0.0,0.0,,0.0,1,0.01,0.04,SPY210823C00455000,455.0,normalDay
2021-08-18,3003.0,14616.0,0.0,100,439.18,293.0,0,0.0,0.0,,0.0,1,0.01,0.03,SPY210823C00455000,455.0,normalDay
2021-08-19,3003.0,14685.0,0.0,100,439.86,293.0,0,0.0,0.0,,0.0,1,0.01,0.02,SPY210823C00455000,455.0,normalDay
2021-08-20,3003.0,15036.0,0.0,100,443.36,293.0,0,0.0,0.0,,0.0,1,0.01,0.01,SPY210823C00455000,455.0,normalDay
2021-08-23,3004.0,15426.0,1.0,100,447.26,293.0,0,0.0,0.0,,0.0,1,0.01,0.0,SPY210823C00455000,455.0,expirationDay
2021-08-24,3004.0,15494.0,0.0,100,447.97,293.0,0,0.0,0.0,,0.0,1,0.03,0.06,SPY210830C00456000,456.0,normalDay
2021-08-25,3004.0,15588.0,0.0,100,448.91,293.0,0,0.0,0.0,,0.0,1,0.03,0.06,SPY210830C00456000,456.0,normalDay
2021-08-26,3004.0,15326.0,0.0,100,446.26,293.0,0,0.0,0.0,,0.0,1,0.03,0.03,SPY210830C00456000,456.0,normalDay
2021-08-27,3004.0,15725.0,0.0,100,450.25,293.0,0,0.0,0.0,,0.0,1,0.03,0.03,SPY210830C00456000,456.0,normalDay
2021-08-30,3007.0,15923.0,3.0,100,452.23,293.0,0,0.0,0.0,,0.0,1,0.03,0.0,SPY210830C00456000,456.0,expirationDay
2021-08-31,3007.0,15856.0,0.0,100,451.56,293.0,0,0.0,0.0,,0.0,0,0.0,0.0,,0.0,bidTooLow
2021-09-01,3007.0,15880.0,0.0,100,451.8,293.0,0,0.0,0.0,,0.0,0,0.0,0.0,,0.0,bidTooLow
2021-09-02,3007.0,16016.0,0.0,100,453.19,293.0,0,0.0,0.0,,0.0,1,0.01,0.04,SPY210908C00464000,464.0,normalDay
2021-09-03,3007.0,16007.0,0.0,100,453.08,293.0,0,0.0,0.0,,0.0,1,0.01,0.02,SPY210908C00464000,464.0,normalDay
2021-09-07,3007.0,15846.0,0.0,100,451.46,293.0,0,0.0,0.0,,0.0,1,0.01,0.01,SPY210908C00464000,464.0,normalDay
2021-09-08,3008.0,15791.0,1.0,100,450.91,293.0,0,0.0,0.0,,0.0,1,0.01,0.0,SPY210908C00464000,464.0,expirationDay
2021-09-09,3008.0,15598.0,0.0,100,448.98,293.0,0,0.0,0.0,,0.0,0,0.0,0.0,,0.0,bidTooLow
2021-09-10,3008.0,15244.0,0.0,100,445.44,293.0,0,0.0,0.0,,0.0,0,0.0,0.0,,0.0,bidTooLow
2021-09-13,3008.0,15358.0,0.0,100,446.58,293.0,0,0.0,0.0,,0.0,0,0.0,0.0,,0.0,bidTooLow
2021-09-14,3008.0,15117.0,0.0,100,444.17,293.0,0,0.0,0.0,,0.0,0,0.0,0.0,,0.0,bidTooLow
2021-09-15,3008.0,15488.0,0.0,100,447.88,293.0,0,0.0,0.0,,0.0,0,0.0,0.0,,0.0,bidTooLow
2021-09-16,3008.0,15417.0,0.0,100,447.17,293.0,0,0.0,0.0,,0.0,0,0.0,0.0,,0.0,bidTooLow
2021-09-17,3008.0,14840.0,0.0,100,441.4,293.0,0,0.0,0.0,,0.0,0,0.0,0.0,,0.0,bidTooLow
2021-09-20,3008.0,14104.0,0.0,100,434.04,293.0,0,0.0,0.0,,0.0,0,0.0,0.0,,0.0,bidTooLow
2021-09-21,3008.0,14063.0,0.0,100,433.63,293.0,0,0.0,0.0,,0.0,0,0.0,0.0,,0.0,bidTooLow
2021-09-22,3008.0,14486.0,0.0,100,437.86,293.0,0,0.0,0.0,,0.0,0,0.0,0.0,,0.0,bidTooLow
2021-09-23,3008.0,15018.0,0.0,100,443.18,293.0,0,0.0,0.0,,0.0,0,0.0,0.0,,0.0,bidTooLow
2021-09-24,3008.0,15091.0,0.0,100,443.91,293.0,0,0.0,0.0,,0.0,0,0.0,0.0,,0.0,bidTooLow
2021-09-27,3008.0,14964.0,0.0,100,442.64,293.0,0,0.0,0.0,,0.0,0,0.0,0.0,,0.0,bidTooLow
2021-09-28,3008.0,14072.0,0.0,100,433.72,293.0,0,0.0,0.0,,0.0,0,0.0,0.0,,0.0,bidTooLow
2021-09-29,3008.0,14145.0,0.0,100,434.45,293.0,0,0.0,0.0,,0.0,0,0.0,0.0,,0.0,bidTooLow
2021-09-30,3008.0,13614.0,0.0,100,429.14,293.0,0,0.0,0.0,,0.0,0,0.0,0.0,,0.0,bidTooLow
2021-10-01,3008.0,14124.0,0.0,100,434.24,293.0,0,0.0,0.0,,0.0,0,0.0,0.0,,0.0,bidTooLow
2021-10-04,3008.0,13564.0,0.0,100,428.64,293.0,0,0.0,0.0,,0.0,0,0.0,0.0,,0.0,bidTooLow
2021-10-05,3008.0,14010.0,0.0,100,433.1,293.0,0,0.0,0.0,,0.0,0,0.0,0.0,,0.0,bidTooLow
2021-10-06,3008.0,14190.0,0.0,100,434.9,293.0,0,0.0,0.0,,0.0,0,0.0,0.0,,0.0,bidTooLow
2021-10-07,3008.0,14566.0,0.0,100,438.66,293.0,0,0.0,0.0,,0.0,0,0.0,0.0,,0.0,bidTooLow
2021-10-08,3008.0,14486.0,0.0,100,437.86,293.0,0,0.0,0.0,,0.0,0,0.0,0.0,,0.0,bidTooLow
2021-10-11,3008.0,14169.0,0.0,100,434.69,293.0,0,0.0,0.0,,0.0,0,0.0,0.0,,0.0,bidTooLow
2021-10-12,3008.0,14062.0,0.0,100,433.62,293.0,0,0.0,0.0,,0.0,0,0.0,0.0,,0.0,bidTooLow
2021-10-13,3008.0,14218.0,0.0,100,435.18,293.0,0,0.0,0.0,,0.0,0,0.0,0.0,,0.0,bidTooLow
2021-10-14,3008.0,14947.0,0.0,100,442.5,293.0,0,0.0,0.0,,0.0,1,0.03,0.06,SPY211020C00456000,456.0,normalDay
2021-10-15,3008.0,15284.0,0.0,100,445.87,293.0,0,0.0,0.0,,0.0,1,0.03,0.06,SPY211020C00456000,456.0,normalDay
2021-10-18,3008.0,15419.0,0.0,100,447.19,293.0,0,0.0,0.0,,0.0,1,0.03,0.03,SPY211020C00456000,456.0,normalDay
2021-10-19,3008.0,15765.0,0.0,100,450.64,293.0,0,0.0,0.0,,0.0,1,0.03,0.02,SPY211020C00456000,456.0,normalDay
2021-10-20,3011.0,15941.0,3.0,100,452.41,293.0,0,0.0,0.0,,0.0,1,0.03,0.0,SPY211020C00456000,456.0,expirationDay
2021-10-21,3011.0,16059.0,0.0,100,453.59,293.0,0,0.0,0.0,,0.0,0,0.0,0.0,,0.0,bidTooLow
2021-10-22,3011.0,16012.0,0.0,100,453.12,293.0,0,0.0,0.0,,0.0,0,0.0,0.0,,0.0,bidTooLow
2021-10-25,3011.0,16255.0,0.0,100,455.55,293.0,0,0.0,0.0,,0.0,0,0.0,0.0,,0.0,bidTooLow
2021-10-26,3011.0,16296.0,0.0,100,455.96,293.0,0,0.0,0.0,,0.0,0,0.0,0.0,,0.0,bidTooLow
2021-10-27,3011.0,16094.0,0.0,100,453.94,293.0,0,0.0,0.0,,0.0,0,0.0,0.0,,0.0,bidTooLow
2021-10-28,3011.0,16532.0,0.0,100,458.32,293.0,0,0.0,0.0,,0.0,0,0.0,0.0,,0.0,bidTooLow
2021-10-29,3011.0,16625.0,0.0,100,459.25,293.0,0,0.0,0.0,,0.0,0,0.0,0.0,,0.0,bidTooLow
2021-11-01,3011.0,16704.0,0.0,100,460.04,293.0,0,0.0,0.0,,0.0,0,0.0,0.0,,0.0,bidTooLow
2021-11-02,3011.0,16890.0,0.0,100,461.9,293.0,0,0.0,0.0,,0.0,0,0.0,0.0,,0.0,bidTooLow
2021-11-03,3011.0,17172.0,0.0,100,464.72,293.0,0,0.0,0.0,,0.0,0,0.0,0.0,,0.0,bidTooLow
2021-11-04,3011.0,17391.0,0.0,100,466.91,293.0,0,0.0,0.0,,0.0,0,0.0,0.0,,0.0,bidTooLow
2021-11-05,3011.0,17553.0,0.0,100,468.53,293.0,0,0.0,0.0,,0.0,0,0.0,0.0,,0.0,bidTooLow
2021-11-08,3011.0,17593.0,0.0,100,468.93,293.0,0,0.0,0.0,,0.0,0,0.0,0.0,,0.0,bidTooLow
2021-11-09,3011.0,17438.0,0.0,100,467.38,293.0,0,0.0,0.0,,0.0,0,0.0,0.0,,0.0,bidTooLow
2021-11-10,3011.0,17062.0,0.0,100,463.62,293.0,0,0.0,0.0,,0.0,0,0.0,0.0,,0.0,bidTooLow
2021-11-11,3011.0,17077.0,0.0,100,463.77,293.0,0,0.0,0.0,,0.0,0,0.0,0.0,,0.0,bidTooLow
2021-11-12,3011.0,17427.0,0.0,100,467.27,293.0,0,0.0,0.0,,0.0,0,0.0,0.0,,0.0,bidTooLow
2021-11-15,3011.0,17443.0,0.0,100,467.43,293.0,0,0.0,0.0,,0.0,0,0.0,0.0,,0.0,bidTooLow
2021-11-16,3011.0,17628.0,0.0,100,469.28,293.0,0,0.0,0.0,,0.0,0,0.0,0.0,,0.0,bidTooLow
2021-11-17,3011.0,17514.0,0.0,100,468.14,293.0,0,0.0,0.0,,0.0,0,0.0,0.0,,0.0,bidTooLow
2021-11-18,3011.0,17673.0,0.0,100,469.73,293.0,0,0.0,0.0,,0.0,0,0.0,0.0,,0.0,bidTooLow
2021-11-19,3011.0,17589.0,0.0,100,468.89,293.0,0,0.0,0.0,,0.0,0,0.0,0.0,,0.0,bidTooLow
2021-11-22,3011.0,17457.0,0.0,100,467.57,293.0,0,0.0,0.0,,0.0,0,0.0,0.0,,0.0,bidTooLow
2021-11-23,3011.0,17519.0,0.0,100,468.19,293.0,0,0.0,0.0,,0.0,0,0.0,0.0,,0.0,bidTooLow
2021-11-24,3011.0,17644.0,0.0,100,469.44,293.0,0,0.0,0.0,,0.0,0,0.0,0.0,,0.0,bidTooLow
2021-11-26,3011.0,16597.0,0.0,100,458.97,293.0,0,0.0,0.0,,0.0,0,0.0,0.0,,0.0,bidTooLow
2021-11-29,3011.0,17157.0,0.0,100,464.6,293.0,0,0.0,0.0,,0.0,1,0.01,0.04,SPY211203C00480000,480.0,normalDay
2021-11-30,3011.0,16254.0,0.0,100,455.56,293.0,0,0.0,0.0,,0.0,1,0.01,0.03,SPY211203C00480000,480.0,normalDay
2021-12-01,3011.0,15750.0,0.0,100,450.5,293.0,0,0.0,0.0,,0.0,1,0.01,0.01,SPY211203C00480000,480.0,normalDay
2021-12-02,3011.0,16440.0,0.0,100,457.4,293.0,0,0.0,0.0,,0.0,1,0.01,0.01,SPY211203C00480000,480.0,normalDay
2021-12-03,3012.0,16042.0,1.0,100,453.42,293.0,0,0.0,0.0,,0.0,1,0.01,0.0,SPY211203C00480000,480.0,expirationDay
2021-12-06,3012.0,16579.0,0.0,100,458.79,293.0,0,0.0,0.0,,0.0,0,0.0,0.0,,0.0,bidTooLow
2021-12-07,3012.0,17528.0,0.0,100,468.28,293.0,0,0.0,0.0,,0.0,0,0.0,0.0,,0.0,bidTooLow
2021-12-08,3012.0,17652.0,0.0,100,469.52,293.0,0,0.0,0.0,,0.0,0,0.0,0.0,,0.0,bidTooLow
2021-12-09,3012.0,17335.0,0.0,100,466.35,293.0,0,0.0,0.0,,0.0,0,0.0,0.0,,0.0,bidTooLow
2021-12-10,3012.0,17774.0,0.0,100,470.74,293.0,0,0.0,0.0,,0.0,0,0.0,0.0,,0.0,bidTooLow
2021-12-13,3012.0,17357.0,0.0,100,466.57,293.0,0,0.0,0.0,,0.0,0,0.0,0.0,,0.0,bidTooLow
2021-12-14,3012.0,17036.0,0.0,100,463.36,293.0,0,0.0,0.0,,0.0,0,0.0,0.0,,0.0,bidTooLow
2021-12-15,3012.0,17760.0,0.0,100,470.6,293.0,0,0.0,0.0,,0.0,0,0.0,0.0,,0.0,bidTooLow
2021-12-16,3012.0,17345.0,0.0,100,466.45,293.0,0,0.0,0.0,,0.0,0,0.0,0.0,,0.0,bidTooLow
2021-12-17,3012.0,16687.0,0.0,100,459.87,293.0,0,0.0,0.0,,0.0,0,0.0,0.0,,0.0,bidTooLow
2021-12-20,3012.0,16198.0,0.0,100,454.98,293.0,0,0.0,0.0,,0.0,0,0.0,0.0,,0.0,bidTooLow
2021-12-21,3012.0,17006.0,0.0,100,463.06,293.0,0,0.0,0.0,,0.0,0,0.0,0.0,,0.0,bidTooLow
2021-12-22,3012.0,17469.0,0.0,100,467.69,293.0,0,0.0,0.0,,0.0,0,0.0,0.0,,0.0,bidTooLow
2021-12-23,3012.0,17760.0,0.0,100,470.6,293.0,0,0.0,0.0,,0.0,0,0.0,0.0,,0.0,bidTooLow
2021-12-27,3012.0,18426.0,0.0,100,477.26,293.0,0,0.0,0.0,,0.0,0,0.0,0.0,,0.0,bidTooLow
2021-12-28,3012.0,18387.0,0.0,100,476.87,293.0,0,0.0,0.0,,0.0,0,0.0,0.0,,0.0,bidTooLow
2021-12-29,3012.0,18448.0,0.0,100,477.48,293.0,0,0.0,0.0,,0.0,0,0.0,0.0,,0.0,bidTooLow
2021-12-30,3012.0,18316.0,0.0,100,476.16,293.0,0,0.0,0.0,,0.0,0,0.0,0.0,,0.0,bidTooLow
2021-12-31,3012.0,18196.0,0.0,100,474.96,293.0,0,0.0,0.0,,0.0,0,0.0,0.0,,0.0,bidTooLow
2022-01-03,3012.0,18471.0,0.0,100,477.71,293.0,0,0.0,0.0,,0.0,0,0.0,0.0,,0.0,bidTooLow
2022-01-04,3012.0,18455.0,0.0,100,477.55,293.0,0,0.0,0.0,,0.0,0,0.0,0.0,,0.0,bidTooLow
2022-01-05,3012.0,17538.0,0.0,100,468.38,293.0,0,0.0,0.0,,0.0,0,0.0,0.0,,0.0,bidTooLow
2022-01-06,3012.0,17494.0,0.0,100,467.94,293.0,0,0.0,0.0,,0.0,0,0.0,0.0,,0.0,bidTooLow
2022-01-07,3012.0,17309.0,0.0,100,466.09,293.0,0,0.0,0.0,,0.0,0,0.0,0.0,,0.0,bidTooLow
2022-01-10,3012.0,17251.0,0.0,100,465.51,293.0,0,0.0,0.0,,0.0,0,0.0,0.0,,0.0,bidTooLow
2022-01-11,3012.0,17675.0,0.0,100,469.75,293.0,0,0.0,0.0,,0.0,0,0.0,0.0,,0.0,bidTooLow
2022-01-12,3012.0,17802.0,0.0,100,471.02,293.0,0,0.0,0.0,,0.0,0,0.0,0.0,,0.0,bidTooLow
2022-01-13,3012.0,17153.0,0.0,100,464.53,293.0,0,0.0,0.0,,0.0,0,0.0,0.0,,0.0,bidTooLow
2022-01-14,3012.0,17172.0,0.0,100,464.72,293.0,0,0.0,0.0,,0.0,0,0.0,0.0,,0.0,bidTooLow
2022-01-18,3012.0,16349.0,0.0,100,456.49,293.0,0,0.0,0.0,,0.0,0,0.0,0.0,,0.0,bidTooLow
2022-01-19,3012.0,15875.0,0.0,100,451.75,293.0,0,0.0,0.0,,0.0,0,0.0,0.0,,0.0,bidTooLow
2022-01-20,3012.0,15375.0,0.0,100,446.75,293.0,0,0.0,0.0,,0.0,0,0.0,0.0,,0.0,bidTooLow
2022-01-21,3012.0,14498.0,0.0,100,437.98,293.0,0,0.0,0.0,,0.0,0,0.0,0.0,,0.0,bidTooLow
2022-01-24,3012.0,14684.0,0.0,100,439.84,293.0,0,0.0,0.0,,0.0,0,0.0,0.0,,0.0,bidTooLow
2022-01-25,3012.0,14147.0,0.0,100,434.47,293.0,0,0.0,0.0,,0.0,0,0.0,0.0,,0.0,bidTooLow
2022-01-26,3012.0,14038.0,0.0,100,433.38,293.0,0,0.0,0.0,,0.0,0,0.0,0.0,,0.0,bidTooLow
2022-01-27,3012.0,13824.0,0.0,100,431.24,293.0,0,0.0,0.0,,0.0,0,0.0,0.0,,0.0,bidTooLow
2022-01-28,3012.0,14895.0,0.0,100,441.95,293.0,0,0.0,0.0,,0.0,0,0.0,0.0,,0.0,bidTooLow
2022-01-31,3012.0,15691.0,0.0,100,449.91,293.0,0,0.0,0.0,,0.0,0,0.0,0.0,,0.0,bidTooLow
2022-02-01,3012.0,15995.0,0.0,100,452.95,293.0,0,0.0,0.0,,0.0,0,0.0,0.0,,0.0,bidTooLow
2022-02-02,3012.0,16435.0,0.0,100,457.35,293.0,0,0.0,0.0,,0.0,0,0.0,0.0,,0.0,bidTooLow
2022-02-03,3012.0,15360.0,0.0,100,446.6,293.0,0,0.0,0.0,,0.0,0,0.0,0.0,,0.0,bidTooLow
2022-02-04,3012.0,15570.0,0.0,100,448.7,293.0,0,0.0,0.0,,0.0,0,0.0,0.0,,0.0,bidTooLow
2022-02-07,3012.0,15426.0,0.0,100,447.26,293.0,0,0.0,0.0,,0.0,0,0.0,0.0,,0.0,bidTooLow
2022-02-08,3012.0,15794.0,0.0,100,450.94,293.0,0,0.0,0.0,,0.0,0,0.0,0.0,,0.0,bidTooLow
2022-02-09,3012.0,16454.0,0.0,100,457.54,293.0,0,0.0,0.0,,0.0,0,0.0,0.0,,0.0,bidTooLow
2022-02-10,3012.0,15632.0,0.0,100,449.32,293.0,0,0.0,0.0,,0.0,0,0.0,0.0,,0.0,bidTooLow
2022-02-11,3012.0,14746.0,0.0,100,440.46,293.0,0,0.0,0.0,,0.0,0,0.0,0.0,,0.0,bidTooLow
2022-02-14,3012.0,14602.0,0.0,100,439.02,293.0,0,0.0,0.0,,0.0,0,0.0,0.0,,0.0,bidTooLow
2022-02-15,3012.0,15310.0,0.0,100,446.1,293.0,0,0.0,0.0,,0.0,0,0.0,0.0,,0.0,bidTooLow
2022-02-16,3012.0,15360.0,0.0,100,446.6,293.0,0,0.0,0.0,,0.0,0,0.0,0.0,,0.0,bidTooLow
2022-02-17,3012.0,14406.0,0.0,100,437.06,293.0,0,0.0,0.0,,0.0,0,0.0,0.0,,0.0,bidTooLow
2022-02-18,3012.0,14123.0,0.0,100,434.23,293.0,0,0.0,0.0,,0.0,0,0.0,0.0,,0.0,bidTooLow
2022-02-22,3012.0,13657.0,0.0,100,429.57,293.0,0,0.0,0.0,,0.0,0,0.0,0.0,,0.0,bidTooLow
2022-02-23,3012.0,12895.0,0.0,100,421.95,293.0,0,0.0,0.0,,0.0,0,0.0,0.0,,0.0,bidTooLow
2022-02-24,3012.0,13530.0,0.0,100,428.3,293.0,0,0.0,0.0,,0.0,0,0.0,0.0,,0.0,bidTooLow
2022-02-25,3012.0,14475.0,0.0,100,437.75,293.0,0,0.0,0.0,,0.0,0,0.0,0.0,,0.0,bidTooLow
2022-02-28,3012.0,14363.0,0.0,100,436.63,293.0,0,0.0,0.0,,0.0,0,0.0,0.0,,0.0,bidTooLow
2022-03-01,3012.0,13698.0,0.0,100,429.98,293.0,0,0.0,0.0,,0.0,0,0.0,0.0,,0.0,bidTooLow
2022-03-02,3012.0,14489.0,0.0,100,437.89,293.0,0,0.0,0.0,,0.0,0,0.0,0.0,,0.0,bidTooLow
2022-03-03,3012.0,14271.0,0.0,100,435.71,293.0,0,0.0,0.0,,0.0,0,0.0,0.0,,0.0,bidTooLow
2022-03-04,3012.0,13917.0,0.0,100,432.17,293.0,0,0.0,0.0,,0.0,0,0.0,0.0,,0.0,bidTooLow
2022-03-07,3012.0,12643.0,0.0,100,419.43,293.0,0,0.0,0.0,,0.0,0,0.0,0.0,,0.0,bidTooLow
2022-03-08,3012.0,12325.0,0.0,100,416.25,293.0,0,0.0,0.0,,0.0,0,0.0,0.0,,0.0,bidTooLow
2022-03-09,3012.0,13441.0,0.0,100,427.41,293.0,0,0.0,0.0,,0.0,0,0.0,0.0,,0.0,bidTooLow
2022-03-10,3012.0,13248.0,0.0,100,425.48,293.0,0,0.0,0.0,,0.0,0,0.0,0.0,,0.0,bidTooLow
2022-03-11,3012.0,12707.0,0.0,100,420.07,293.0,0,0.0,0.0,,0.0,0,0.0,0.0,,0.0,bidTooLow
2022-03-14,3012.0,12400.0,0.0,100,417.0,293.0,0,0.0,0.0,,0.0,0,0.0,0.0,,0.0,bidTooLow
2022-03-15,3012.0,13317.0,0.0,100,426.17,293.0,0,0.0,0.0,,0.0,0,0.0,0.0,,0.0,bidTooLow
2022-03-16,3012.0,14262.0,0.0,100,435.62,293.0,0,0.0,0.0,,0.0,0,0.0,0.0,,0.0,bidTooLow
2022-03-17,3012.0,14804.0,0.0,100,441.07,293.0,0,0.0,0.0,,0.0,1,0.03,0.06,SPY220323C00462000,462.0,normalDay
2022-03-18,3012.0,15150.0,0.0,100,444.52,293.0,0,0.0,0.0,,0.0,1,0.03,0.05,SPY220323C00462000,462.0,normalDay
2022-03-21,3012.0,15141.0,0.0,100,444.39,293.0,0,0.0,0.0,,0.0,1,0.03,0.01,SPY220323C00462000,462.0,normalDay
2022-03-22,3012.0,15661.0,0.0,100,449.59,293.0,0,0.0,0.0,,0.0,1,0.03,0.01,SPY220323C00462000,462.0,normalDay
2022-03-23,3015.0,15080.0,3.0,100,443.8,293.0,0,0.0,0.0,,0.0,1,0.03,0.0,SPY220323C00462000,462.0,expirationDay
2022-03-24,3015.0,15749.0,0.0,100,450.49,293.0,0,0.0,0.0,,0.0,0,0.0,0.0,,0.0,bidTooLow
2022-03-25,3015.0,15969.0,0.0,100,452.69,293.0,0,0.0,0.0,,0.0,0,0.0,0.0,,0.0,bidTooLow
2022-03-28,3015.0,16291.0,0.0,100,455.91,293.0,0,0.0,0.0,,0.0,0,0.0,0.0,,0.0,bidTooLow
2022-03-29,3015.0,16855.0,0.0,100,461.55,293.0,0,0.0,0.0,,0.0,0,0.0,0.0,,0.0,bidTooLow
2022-03-30,3015.0,16570.0,0.0,100,458.7,293.0,0,0.0,0.0,,0.0,0,0.0,0.0,,0.0,bidTooLow
2022-03-31,3015.0,15864.0,0.0,100,451.64,293.0,0,0.0,0.0,,0.0,0,0.0,0.0,,0.0,bidTooLow
2022-04-01,3015.0,15992.0,0.0,100,452.92,293.0,0,0.0,0.0,,0.0,0,0.0,0.0,,0.0,bidTooLow
2022-04-04,3015.0,16380.0,0.0,100,456.8,293.0,0,0.0,0.0,,0.0,0,0.0,0.0,,0.0,bidTooLow
2022-04-05,3015.0,15803.0,0.0,100,451.03,293.0,0,0.0,0.0,,0.0,0,0.0,0.0,,0.0,bidTooLow
2022-04-06,3015.0,15352.0,0.0,100,446.52,293.0,0,0.0,0.0,,0.0,0,0.0,0.0,,0.0,bidTooLow
2022-04-07,3015.0,15577.0,0.0,100,448.77,293.0,0,0.0,0.0,,0.0,0,0.0,0.0,,0.0,bidTooLow
2022-04-08,3015.0,15457.0,0.0,100,447.57,293.0,0,0.0,0.0,,0.0,0,0.0,0.0,,0.0,bidTooLow
2022-04-11,3015.0,14692.0,0.0,100,439.92,293.0,0,0.0,0.0,,0.0,0,0.0,0.0,,0.0,bidTooLow
2022-04-12,3015.0,14529.0,0.0,100,438.29,293.0,0,0.0,0.0,,0.0,0,0.0,0.0,,0.0,bidTooLow
2022-04-13,3015.0,15031.0,0.0,100,443.31,293.0,0,0.0,0.0,,0.0,0,0.0,0.0,,0.0,bidTooLow
2022-04-14,3015.0,14479.0,0.0,100,437.79,293.0,0,0.0,0.0,,0.0,0,0.0,0.0,,0.0,bidTooLow
2022-04-18,3015.0,14497.0,0.0,100,437.97,293.0,0,0.0,0.0,,0.0,0,0.0,0.0,,0.0,bidTooLow
2022-04-19,3015.0,15204.0,0.0,100,445.04,293.0,0,0.0,0.0,,0.0,0,0.0,0.0,,0.0,bidTooLow
2022-04-20,3015.0,15171.0,0.0,100,444.71,293.0,0,0.0,0.0,,0.0,0,0.0,0.0,,0.0,bidTooLow
2022-04-21,3015.0,14506.0,0.0,100,438.06,293.0,0,0.0,0.0,,0.0,0,0.0,0.0,,0.0,bidTooLow
2022-04-22,3015.0,13304.0,0.0,100,426.04,293.0,0,0.0,0.0,,0.0,0,0.0,0.0,,0.0,bidTooLow
2022-04-25,3015.0,13551.0,0.0,100,428.51,293.0,0,0.0,0.0,,0.0,0,0.0,0.0,,0.0,bidTooLow
2022-04-26,3015.0,12310.0,0.0,100,416.1,293.0,0,0.0,0.0,,0.0,0,0.0,0.0,,0.0,bidTooLow
2022-04-27,3015.0,12427.0,0.0,100,417.27,293.0,0,0.0,0.0,,0.0,0,0.0,0.0,,0.0,bidTooLow
2022-04-28,3015.0,13481.0,0.0,100,427.81,293.0,0,0.0,0.0,,0.0,0,0.0,0.0,,0.0,bidTooLow
2022-04-29,3015.0,11900.0,0.0,100,412.0,293.0,0,0.0,0.0,,0.0,0,0.0,0.0,,0.0,bidTooLow
2022-05-02,3015.0,12148.0,0.0,100,414.48,293.0,0,0.0,0.0,,0.0,0,0.0,0.0,,0.0,bidTooLow
2022-05-03,3015.0,12338.0,0.0,100,416.38,293.0,0,0.0,0.0,,0.0,0,0.0,0.0,,0.0,bidTooLow
2022-05-04,3015.0,13606.0,0.0,100,429.06,293.0,0,0.0,0.0,,0.0,0,0.0,0.0,,0.0,bidTooLow
2022-05-05,3015.0,12081.0,0.0,100,413.81,293.0,0,0.0,0.0,,0.0,0,0.0,0.0,,0.0,bidTooLow
2022-05-06,3015.0,11834.0,0.0,100,411.34,293.0,0,0.0,0.0,,0.0,0,0.0,0.0,,0.0,bidTooLow
2022-05-09,3015.0,10517.0,0.0,100,398.17,293.0,0,0.0,0.0,,0.0,0,0.0,0.0,,0.0,bidTooLow
2022-05-10,3015.0,10609.0,0.0,100,399.09,293.0,0,0.0,0.0,,0.0,0,0.0,0.0,,0.0,bidTooLow
2022-05-11,3015.0,9975.0,0.0,100,392.75,293.0,0,0.0,0.0,,0.0,0,0.0,0.0,,0.0,bidTooLow
2022-05-12,3015.0,9934.0,0.0,100,392.34,293.0,0,0.0,0.0,,0.0,0,0.0,0.0,,0.0,bidTooLow
2022-05-13,3015.0,10872.0,0.0,100,401.72,293.0,0,0.0,0.0,,0.0,0,0.0,0.0,,0.0,bidTooLow
2022-05-16,3015.0,10709.0,0.0,100,400.09,293.0,0,0.0,0.0,,0.0,0,0.0,0.0,,0.0,bidTooLow
2022-05-17,3015.0,11532.0,0.0,100,408.32,293.0,0,0.0,0.0,,0.0,0,0.0,0.0,,0.0,bidTooLow
2022-05-18,3015.0,9886.0,0.0,100,391.86,293.0,0,0.0,0.0,,0.0,0,0.0,0.0,,0.0,bidTooLow
2022-05-19,3015.0,9646.0,0.0,100,389.46,293.0,0,0.0,0.0,,0.0,0,0.0,0.0,,0.0,bidTooLow
2022-05-20,3015.0,9663.0,0.0,100,389.63,293.0,0,0.0,0.0,,0.0,0,0.0,0.0,,0.0,bidTooLow
2022-05-23,3015.0,10392.0,0.0,100,396.92,293.0,0,0.0,0.0,,0.0,0,0.0,0.0,,0.0,bidTooLow
2022-05-24,3015.0,10089.0,0.0,100,393.89,293.0,0,0.0,0.0,,0.0,0,0.0,0.0,,0.0,bidTooLow
2022-05-25,3015.0,10437.0,0.0,100,397.37,293.0,0,0.0,0.0,,0.0,0,0.0,0.0,,0.0,bidTooLow
2022-05-26,3015.0,11231.0,0.0,100,405.31,293.0,0,0.0,0.0,,0.0,0,0.0,0.0,,0.0,bidTooLow
2022-05-27,3015.0,12226.0,0.0,100,415.26,293.0,0,0.0,0.0,,0.0,0,0.0,0.0,,0.0,bidTooLow
2022-05-31,3015.0,11993.0,0.0,100,412.93,293.0,0,0.0,0.0,,0.0,0,0.0,0.0,,0.0,bidTooLow
2022-06-01,3015.0,11659.0,0.0,100,409.59,293.0,0,0.0,0.0,,0.0,0,0.0,0.0,,0.0,bidTooLow
2022-06-02,3015.0,12436.0,0.0,100,417.39,293.0,0,0.0,0.0,,0.0,1,0.01,0.04,SPY220608C00441000,441.0,normalDay
2022-06-03,3015.0,11753.0,0.0,100,410.54,293.0,0,0.0,0.0,,0.0,1,0.01,0.02,SPY220608C00441000,441.0,normalDay
2022-06-06,3015.0,11879.0,0.0,100,411.79,293.0,0,0.0,0.0,,0.0,1,0.01,0.01,SPY220608C00441000,441.0,normalDay
2022-06-07,3015.0,12274.0,0.0,100,415.74,293.0,0,0.0,0.0,,0.0,1,0.01,0.01,SPY220608C00441000,441.0,normalDay
2022-06-08,3016.0,11822.0,1.0,100,411.22,293.0,0,0.0,0.0,,0.0,1,0.01,0.0,SPY220608C00441000,441.0,expirationDay
2022-06-09,3016.0,10844.0,0.0,100,401.44,293.0,0,0.0,0.0,,0.0,0,0.0,0.0,,0.0,bidTooLow
2022-06-10,3016.0,9680.0,0.0,100,389.8,293.0,0,0.0,0.0,,0.0,0,0.0,0.0,,0.0,bidTooLow
2022-06-13,3016.0,8200.0,0.0,100,375.0,293.0,0,0.0,0.0,,0.0,0,0.0,0.0,,0.0,bidTooLow
2022-06-14,3016.0,8087.0,0.0,100,373.87,293.0,0,0.0,0.0,,0.0,0,0.0,0.0,,0.0,bidTooLow
2022-06-15,3016.0,8620.0,0.0,100,379.2,293.0,0,0.0,0.0,,0.0,0,0.0,0.0,,0.0,bidTooLow
2022-06-16,3016.0,7365.0,0.0,100,366.65,293.0,0,0.0,0.0,,0.0,0,0.0,0.0,,0.0,bidTooLow
2022-06-17,3016.0,7286.0,0.0,100,365.86,293.0,0,0.0,0.0,,0.0,0,0.0,0.0,,0.0,bidTooLow
2022-06-21,3016.0,8207.0,0.0,100,375.07,293.0,0,0.0,0.0,,0.0,0,0.0,0.0,,0.0,bidTooLow
2022-06-22,3016.0,8139.0,0.0,100,374.39,293.0,0,0.0,0.0,,0.0,0,0.0,0.0,,0.0,bidTooLow
2022-06-23,3016.0,8506.0,0.0,100,378.06,293.0,0,0.0,0.0,,0.0,0,0.0,0.0,,0.0,bidTooLow
2022-06-24,3016.0,9708.0,0.0,100,390.08,293.0,0,0.0,0.0,,0.0,0,0.0,0.0,,0.0,bidTooLow
2022-06-27,3016.0,9559.0,0.0,100,388.59,293.0,0,0.0,0.0,,0.0,0,0.0,0.0,,0.0,bidTooLow
2022-06-28,3016.0,8765.0,0.0,100,380.65,293.0,0,0.0,0.0,,0.0,0,0.0,0.0,,0.0,bidTooLow
2022-06-29,3016.0,8734.0,0.0,100,380.34,293.0,0,0.0,0.0,,0.0,0,0.0,0.0,,0.0,bidTooLow
2022-06-30,3016.0,8425.0,0.0,100,377.25,293.0,0,0.0,0.0,,0.0,0,0.0,0.0,,0.0,bidTooLow
2022-07-01,3016.0,8824.0,0.0,100,381.24,293.0,0,0.0,0.0,,0.0,0,0.0,0.0,,0.0,bidTooLow
2022-07-05,3016.0,8896.0,0.0,100,381.96,293.0,0,0.0,0.0,,0.0,0,0.0,0.0,,0.0,bidTooLow
2022-07-06,3016.0,9025.0,0.0,100,383.25,293.0,0,0.0,0.0,,0.0,0,0.0,0.0,,0.0,bidTooLow
2022-07-07,3016.0,9599.0,0.0,100,388.99,293.0,0,0.0,0.0,,0.0,0,0.0,0.0,,0.0,bidTooLow
2022-07-08,3016.0,9567.0,0.0,100,388.67,293.0,0,0.0,0.0,,0.0,0,0.0,0.0,,0.0,bidTooLow
2022-07-11,3016.0,9123.0,0.0,100,384.23,293.0,0,0.0,0.0,,0.0,0,0.0,0.0,,0.0,bidTooLow
2022-07-12,3016.0,8783.0,0.0,100,380.83,293.0,0,0.0,0.0,,0.0,0,0.0,0.0,,0.0,bidTooLow
2022-07-13,3016.0,8583.0,0.0,100,378.83,293.0,0,0.0,0.0,,0.0,0,0.0,0.0,,0.0,bidTooLow
2022-07-14,3016.0,8491.0,0.0,100,377.91,293.0,0,0.0,0.0,,0.0,0,0.0,0.0,,0.0,bidTooLow
2022-07-15,3016.0,9213.0,0.0,100,385.13,293.0,0,0.0,0.0,,0.0,0,0.0,0.0,,0.0,bidTooLow
2022-07-18,3016.0,8895.0,0.0,100,381.95,293.0,0,0.0,0.0,,0.0,0,0.0,0.0,,0.0,bidTooLow
2022-07-19,3016.0,9923.0,0.0,100,392.27,293.0,0,0.0,0.0,,0.0,1,0.46,0.5,SPY220725C00404000,404.0,normalDay
2022-07-20,3016.0,10160.0,0.0,100,394.77,293.0,0,0.0,0.0,,0.0,1,0.46,0.63,SPY220725C00404000,404.0,normalDay
2022-07-21,3016.0,10556.0,0.0,100,398.79,293.0,0,0.0,0.0,,0.0,1,0.46,0.69,SPY220725C00404000,404.0,normalDay
2022-07-22,3016.0,10250.0,0.0,100,395.09,293.0,0,0.0,0.0,,0.0,1,0.46,0.05,SPY220725C00404000,404.0,normalDay
2022-07-25,3062.0,10257.0,46.0,100,395.57,293.0,0,0.0,0.0,,0.0,1,0.46,0.0,SPY220725C00404000,404.0,expirationDay
2022-07-26,3062.0,9786.0,0.0,100,390.89,293.0,0,0.0,0.0,,0.0,1,0.02,0.05,SPY220801C00415000,415.0,normalDay
2022-07-27,3062.0,10794.0,0.0,100,401.04,293.0,0,0.0,0.0,,0.0,1,0.02,0.12,SPY220801C00415000,415.0,normalDay
2022-07-28,3062.0,11271.0,0.0,100,406.07,293.0,0,0.0,0.0,,0.0,1,0.02,0.38,SPY220801C00415000,415.0,normalDay
2022-07-29,3062.0,11832.0,0.0,100,411.99,293.0,0,0.0,0.0,,0.0,1,0.02,0.69,SPY220801C00415000,415.0,normalDay
2022-08-01,3064.0,11777.0,2.0,100,410.77,293.0,0,0.0,0.0,,0.0,1,0.02,0.0,SPY220801C00415000,415.0,expirationDay
2022-08-02,3064.0,11506.0,0.0,100,408.06,293.0,0,0.0,0.0,,0.0,0,0.0,0.0,,0.0,bidTooLow
2022-08-03,3064.0,12145.0,0.0,100,414.45,293.0,0,0.0,0.0,,0.0,0,0.0,0.0,,0.0,bidTooLow
2022-08-04,3064.0,12117.0,0.0,100,414.17,293.0,0,0.0,0.0,,0.0,0,0.0,0.0,,0.0,bidTooLow
2022-08-05,3064.0,12047.0,0.0,100,413.47,293.0,0,0.0,0.0,,0.0,0,0.0,0.0,,0.0,bidTooLow
2022-08-08,3064.0,11999.0,0.0,100,412.99,293.0,0,0.0,0.0,,0.0,0,0.0,0.0,,0.0,bidTooLow
2022-08-09,3064.0,11835.0,0.0,100,411.35,293.0,0,0.0,0.0,,0.0,0,0.0,0.0,,0.0,bidTooLow
2022-08-10,3064.0,12699.0,0.0,100,419.99,293.0,0,0.0,0.0,,0.0,0,0.0,0.0,,0.0,bidTooLow
2022-08-11,3064.0,12699.0,0.0,100,419.99,293.0,0,0.0,0.0,,0.0,0,0.0,0.0,,0.0,bidTooLow
2022-08-12,3064.0,13410.0,0.0,100,427.1,293.0,0,0.0,0.0,,0.0,0,0.0,0.0,,0.0,bidTooLow
2022-08-15,3064.0,13586.0,0.0,100,428.86,293.0,0,0.0,0.0,,0.0,0,0.0,0.0,,0.0,bidTooLow
2022-08-16,3064.0,13670.0,0.0,100,429.7,293.0,0,0.0,0.0,,0.0,0,0.0,0.0,,0.0,bidTooLow
2022-08-17,3064.0,13365.0,0.0,100,426.65,293.0,0,0.0,0.0,,0.0,0,0.0,0.0,,0.0,bidTooLow
2022-08-18,3064.0,13489.0,0.0,100,427.89,293.0,0,0.0,0.0,,0.0,0,0.0,0.0,,0.0,bidTooLow
2022-08-19,3064.0,12914.0,0.0,100,422.14,293.0,0,0.0,0.0,,0.0,0,0.0,0.0,,0.0,bidTooLow
2022-08-22,3064.0,12035.0,0.0,100,413.35,293.0,0,0.0,0.0,,0.0,0,0.0,0.0,,0.0,bidTooLow
2022-08-23,3064.0,11935.0,0.0,100,412.35,293.0,0,0.0,0.0,,0.0,0,0.0,0.0,,0.0,bidTooLow
2022-08-24,3064.0,12067.0,0.0,100,413.67,293.0,0,0.0,0.0,,0.0,0,0.0,0.0,,0.0,bidTooLow
2022-08-25,3064.0,12651.0,0.0,100,419.51,293.0,0,0.0,0.0,,0.0,0,0.0,0.0,,0.0,bidTooLow
2022-08-26,3064.0,11231.0,0.0,100,405.31,293.0,0,0.0,0.0,,0.0,0,0.0,0.0,,0.0,bidTooLow
2022-08-29,3064.0,10963.0,0.0,100,402.63,293.0,0,0.0,0.0,,0.0,0,0.0,0.0,,0.0,bidTooLow
2022-08-30,3064.0,10521.0,0.0,100,398.21,293.0,0,0.0,0.0,,0.0,0,0.0,0.0,,0.0,bidTooLow
2022-08-31,3064.0,10218.0,0.0,100,395.18,293.0,0,0.0,0.0,,0.0,0,0.0,0.0,,0.0,bidTooLow
2022-09-01,3064.0,10342.0,0.0,100,396.42,293.0,0,0.0,0.0,,0.0,0,0.0,0.0,,0.0,bidTooLow
2022-09-02,3064.0,9924.0,0.0,100,392.24,293.0,0,0.0,0.0,,0.0,0,0.0,0.0,,0.0,bidTooLow
2022-09-06,3064.0,9776.0,0.0,100,390.76,293.0,0,0.0,0.0,,0.0,0,0.0,0.0,,0.0,bidTooLow
2022-09-07,3064.0,10478.0,0.0,100,397.78,293.0,0,0.0,0.0,,0.0,0,0.0,0.0,,0.0,bidTooLow
2022-09-08,3064.0,10738.0,0.0,100,400.38,293.0,0,0.0,0.0,,0.0,0,0.0,0.0,,0.0,bidTooLow
2022-09-09,3064.0,11360.0,0.0,100,406.6,293.0,0,0.0,0.0,,0.0,0,0.0,0.0,,0.0,bidTooLow
2022-09-12,3064.0,11797.0,0.0,100,410.97,293.0,0,0.0,0.0,,0.0,0,0.0,0.0,,0.0,bidTooLow
2022-09-13,3064.0,10010.0,0.0,100,393.1,293.0,0,0.0,0.0,,0.0,0,0.0,0.0,,0.0,bidTooLow
2022-09-14,3064.0,10160.0,0.0,100,394.6,293.0,0,0.0,0.0,,0.0,0,0.0,0.0,,0.0,bidTooLow
2022-09-15,3064.0,9712.0,0.0,100,390.12,293.0,0,0.0,0.0,,0.0,0,0.0,0.0,,0.0,bidTooLow
2022-09-16,3064.0,9256.0,0.0,100,385.56,293.0,0,0.0,0.0,,0.0,0,0.0,0.0,,0.0,bidTooLow
2022-09-19,3064.0,9555.0,0.0,100,388.55,293.0,0,0.0,0.0,,0.0,0,0.0,0.0,,0.0,bidTooLow
2022-09-20,3064.0,9109.0,0.0,100,384.09,293.0,0,0.0,0.0,,0.0,0,0.0,0.0,,0.0,bidTooLow
2022-09-21,3064.0,8439.0,0.0,100,377.39,293.0,0,0.0,0.0,,0.0,0,0.0,0.0,,0.0,bidTooLow
2022-09-22,3064.0,8122.0,0.0,100,374.22,293.0,0,0.0,0.0,,0.0,0,0.0,0.0,,0.0,bidTooLow
2022-09-23,3064.0,7495.0,0.0,100,367.95,293.0,0,0.0,0.0,,0.0,0,0.0,0.0,,0.0,bidTooLow
2022-09-26,3064.0,7131.0,0.0,100,364.31,293.0,0,0.0,0.0,,0.0,0,0.0,0.0,,0.0,bidTooLow
2022-09-27,3064.0,7038.0,0.0,100,363.38,293.0,0,0.0,0.0,,0.0,0,0.0,0.0,,0.0,bidTooLow
2022-09-28,3064.0,7753.0,0.0,100,370.53,293.0,0,0.0,0.0,,0.0,0,0.0,0.0,,0.0,bidTooLow
2022-09-29,3064.0,6979.0,0.0,100,362.79,293.0,0,0.0,0.0,,0.0,0,0.0,0.0,,0.0,bidTooLow
2022-09-30,3064.0,6418.0,0.0,100,357.18,293.0,0,0.0,0.0,,0.0,0,0.0,0.0,,0.0,bidTooLow
2022-10-03,3064.0,7361.0,0.0,100,366.61,293.0,0,0.0,0.0,,0.0,0,0.0,0.0,,0.0,bidTooLow
2022-10-04,3064.0,8497.0,0.0,100,377.97,293.0,0,0.0,0.0,,0.0,0,0.0,0.0,,0.0,bidTooLow
2022-10-05,3064.0,8409.0,0.0,100,377.09,293.0,0,0.0,0.0,,0.0,0,0.0,0.0,,0.0,bidTooLow
2022-10-06,3064.0,8020.0,0.0,100,373.2,293.0,0,0.0,0.0,,0.0,0,0.0,0.0,,0.0,bidTooLow
2022-10-07,3064.0,6979.0,0.0,100,362.79,293.0,0,0.0,0.0,,0.0,0,0.0,0.0,,0.0,bidTooLow
2022-10-10,3064.0,6702.0,0.0,100,360.02,293.0,0,0.0,0.0,,0.0,0,0.0,0.0,,0.0,bidTooLow
2022-10-11,3064.0,6474.0,0.0,100,357.74,293.0,0,0.0,0.0,,0.0,0,0.0,0.0,,0.0,bidTooLow
2022-10-12,3064.0,6356.0,0.0,100,356.56,293.0,0,0.0,0.0,,0.0,0,0.0,0.0,,0.0,bidTooLow
2022-10-13,3064.0,7297.0,0.0,100,365.97,293.0,0,0.0,0.0,,0.0,0,0.0,0.0,,0.0,bidTooLow
2022-10-14,3064.0,6463.0,0.0,100,357.63,293.0,0,0.0,0.0,,0.0,0,0.0,0.0,,0.0,bidTooLow
2022-10-17,3064.0,7382.0,0.0,100,366.82,293.0,0,0.0,0.0,,0.0,0,0.0,0.0,,0.0,bidTooLow
2022-10-18,3064.0,7810.0,0.0,100,371.13,293.0,0,0.0,0.0,,0.0,1,0.08,0.11,SPY221024C00397000,397.0,normalDay
2022-10-19,3064.0,7555.0,0.0,100,368.5,293.0,0,0.0,0.0,,0.0,1,0.08,0.03,SPY221024C00397000,397.0,normalDay
2022-10-20,3064.0,7248.0,0.0,100,365.41,293.0,0,0.0,0.0,,0.0,1,0.08,0.01,SPY221024C00397000,397.0,normalDay
2022-10-21,3064.0,8136.0,0.0,100,374.29,293.0,0,0.0,0.0,,0.0,1,0.08,0.01,SPY221024C00397000,397.0,normalDay
2022-10-24,3072.0,8587.0,8.0,100,378.87,293.0,0,0.0,0.0,,0.0,1,0.08,0.0,SPY221024C00397000,397.0,expirationDay
2022-10-25,3072.0,9189.0,0.0,100,384.92,293.0,0,0.0,0.0,,0.0,1,0.21,0.24,SPY221031C00403000,403.0,normalDay
2022-10-26,3072.0,8917.0,0.0,100,382.02,293.0,0,0.0,0.0,,0.0,1,0.21,0.06,SPY221031C00403000,403.0,normalDay
2022-10-27,3072.0,8717.0,0.0,100,379.98,293.0,0,0.0,0.0,,0.0,1,0.21,0.02,SPY221031C00403000,403.0,normalDay
2022-10-28,3072.0,9621.0,0.0,100,389.02,293.0,0,0.0,0.0,,0.0,1,0.21,0.02,SPY221031C00403000,403.0,normalDay
2022-10-31,3093.0,9321.0,21.0,100,386.21,293.0,0,0.0,0.0,,0.0,1,0.21,0.0,SPY221031C00403000,403.0,expirationDay
2022-11-01,3093.0,9149.0,0.0,100,384.52,293.0,0,0.0,0.0,,0.0,1,0.02,0.05,SPY221107C00417000,417.0,normalDay
2022-11-02,3093.0,8187.0,0.0,100,374.87,293.0,0,0.0,0.0,,0.0,1,0.02,0.02,SPY221107C00417000,417.0,normalDay
2022-11-03,3093.0,7802.0,0.0,100,371.01,293.0,0,0.0,0.0,,0.0,1,0.02,0.01,SPY221107C00417000,417.0,normalDay
2022-11-04,3093.0,8336.0,0.0,100,376.35,293.0,0,0.0,0.0,,0.0,1,0.02,0.01,SPY221107C00417000,417.0,normalDay
2022-11-07,3095.0,8695.0,2.0,100,379.95,293.0,0,0.0,0.0,,0.0,1,0.02,0.0,SPY221107C00417000,417.0,expirationDay
2022-11-08,3095.0,8900.0,0.0,100,382.0,293.0,0,0.0,0.0,,0.0,0,0.0,0.0,,0.0,bidTooLow
2022-11-09,3095.0,8113.0,0.0,100,374.13,293.0,0,0.0,0.0,,0.0,0,0.0,0.0,,0.0,bidTooLow
2022-11-10,3095.0,10166.0,0.0,100,394.69,293.0,0,0.0,0.0,,0.0,1,0.17,0.2,SPY221116C00415000,415.0,normalDay
2022-11-11,3095.0,10554.0,0.0,100,398.51,293.0,0,0.0,0.0,,0.0,1,0.17,0.14,SPY221116C00415000,415.0,normalDay
2022-11-14,3095.0,10226.0,0.0,100,395.12,293.0,0,0.0,0.0,,0.0,1,0.17,0.03,SPY221116C00415000,415.0,normalDay
2022-11-15,3095.0,10564.0,0.0,100,398.49,293.0,0,0.0,0.0,,0.0,1,0.17,0.02,SPY221116C00415000,415.0,normalDay
2022-11-16,3112.0,10245.0,17.0,100,395.45,293.0,0,0.0,0.0,,0.0,1,0.17,0.0,SPY221116C00415000,415.0,expirationDay
2022-11-17,3112.0,10124.0,0.0,100,394.24,293.0,0,0.0,0.0,,0.0,0,0.0,0.0,,0.0,bidTooLow
2022-11-18,3112.0,10303.0,0.0,100,396.03,293.0,0,0.0,0.0,,0.0,0,0.0,0.0,,0.0,bidTooLow
2022-11-21,3112.0,10159.0,0.0,100,394.59,293.0,0,0.0,0.0,,0.0,0,0.0,0.0,,0.0,bidTooLow
2022-11-22,3112.0,10690.0,0.0,100,399.9,293.0,0,0.0,0.0,,0.0,0,0.0,0.0,,0.0,bidTooLow
2022-11-23,3112.0,10942.0,0.0,100,402.42,293.0,0,0.0,0.0,,0.0,0,0.0,0.0,,0.0,bidTooLow
2022-11-25,3112.0,10933.0,0.0,100,402.33,293.0,0,0.0,0.0,,0.0,0,0.0,0.0,,0.0,bidTooLow
2022-11-28,3112.0,10291.0,0.0,100,395.91,293.0,0,0.0,0.0,,0.0,0,0.0,0.0,,0.0,bidTooLow
2022-11-29,3112.0,10223.0,0.0,100,395.23,293.0,0,0.0,0.0,,0.0,0,0.0,0.0,,0.0,bidTooLow
2022-11-30,3112.0,11468.0,0.0,100,407.68,293.0,0,0.0,0.0,,0.0,0,0.0,0.0,,0.0,bidTooLow
2022-12-01,3112.0,11438.0,0.0,100,407.38,293.0,0,0.0,0.0,,0.0,0,0.0,0.0,,0.0,bidTooLow
2022-12-02,3112.0,11391.0,0.0,100,406.91,293.0,0,0.0,0.0,,0.0,0,0.0,0.0,,0.0,bidTooLow
2022-12-05,3112.0,10659.0,0.0,100,399.59,293.0,0,0.0,0.0,,0.0,0,0.0,0.0,,0.0,bidTooLow
2022-12-06,3112.0,10083.0,0.0,100,393.83,293.0,0,0.0,0.0,,0.0,0,0.0,0.0,,0.0,bidTooLow
2022-12-07,3112.0,10016.0,0.0,100,393.16,293.0,0,0.0,0.0,,0.0,0,0.0,0.0,,0.0,bidTooLow
2022-12-08,3112.0,10321.0,0.0,100,396.24,293.0,0,0.0,0.0,,0.0,1,0.25,0.28,SPY221214C00418000,418.0,normalDay
2022-12-09,3112.0,10040.0,0.0,100,393.28,293.0,0,0.0,0.0,,0.0,1,0.25,0.13,SPY221214C00418000,418.0,normalDay
2022-12-12,3112.0,10572.0,0.0,100,398.95,293.0,0,0.0,0.0,,0.0,1,0.25,0.48,SPY221214C00418000,418.0,normalDay
2022-12-13,3112.0,10911.0,0.0,100,401.97,293.0,0,0.0,0.0,,0.0,1,0.25,0.11,SPY221214C00418000,418.0,normalDay
2022-12-14,3137.0,10640.0,25.0,100,399.4,293.0,0,0.0,0.0,,0.0,1,0.25,0.0,SPY221214C00418000,418.0,expirationDay
2022-12-15,3137.0,9663.0,0.0,100,389.63,293.0,0,0.0,0.0,,0.0,0,0.0,0.0,,0.0,bidTooLow
2022-12-16,3137.0,9027.0,0.0,100,383.27,293.0,0,0.0,0.0,,0.0,0,0.0,0.0,,0.0,bidTooLow
2022-12-19,3137.0,8702.0,0.0,100,380.02,293.0,0,0.0,0.0,,0.0,0,0.0,0.0,,0.0,bidTooLow
2022-12-20,3137.0,8754.0,0.0,100,380.54,293.0,0,0.0,0.0,,0.0,0,0.0,0.0,,0.0,bidTooLow
2022-12-21,3137.0,9323.0,0.0,100,386.23,293.0,0,0.0,0.0,,0.0,0,0.0,0.0,,0.0,bidTooLow
2022-12-22,3137.0,8772.0,0.0,100,380.72,293.0,0,0.0,0.0,,0.0,0,0.0,0.0,,0.0,bidTooLow
2022-12-23,3137.0,8991.0,0.0,100,382.91,293.0,0,0.0,0.0,,0.0,0,0.0,0.0,,0.0,bidTooLow
2022-12-27,3137.0,8840.0,0.0,100,381.4,293.0,0,0.0,0.0,,0.0,0,0.0,0.0,,0.0,bidTooLow
2022-12-28,3137.0,8366.0,0.0,100,376.66,293.0,0,0.0,0.0,,0.0,0,0.0,0.0,,0.0,bidTooLow
2022-12-29,3137.0,9044.0,0.0,100,383.44,293.0,0,0.0,0.0,,0.0,0,0.0,0.0,,0.0,bidTooLow
2022-12-30,3137.0,8943.0,0.0,100,382.43,293.0,0,0.0,0.0,,0.0,0,0.0,0.0,,0.0,bidTooLow
2023-01-03,3137.0,8782.0,0.0,100,380.82,293.0,0,0.0,0.0,,0.0,0,0.0,0.0,,0.0,bidTooLow
2023-01-04,3137.0,9076.0,0.0,100,383.76,293.0,0,0.0,0.0,,0.0,0,0.0,0.0,,0.0,bidTooLow
2023-01-05,3137.0,8638.0,0.0,100,379.38,293.0,0,0.0,0.0,,0.0,0,0.0,0.0,,0.0,bidTooLow
2023-01-06,3137.0,9508.0,0.0,100,388.08,293.0,0,0.0,0.0,,0.0,0,0.0,0.0,,0.0,bidTooLow
2023-01-09,3137.0,9486.0,0.0,100,387.86,293.0,0,0.0,0.0,,0.0,0,0.0,0.0,,0.0,bidTooLow
2023-01-10,3137.0,9758.0,0.0,100,390.58,293.0,0,0.0,0.0,,0.0,0,0.0,0.0,,0.0,bidTooLow
2023-01-11,3137.0,10249.0,0.0,100,395.52,293.0,0,0.0,0.0,,0.0,1,0.12,0.15,SPY230117C00415000,415.0,normalDay
2023-01-12,3137.0,10406.0,0.0,100,396.96,293.0,0,0.0,0.0,,0.0,1,0.12,0.02,SPY230117C00415000,415.0,normalDay
2023-01-13,3137.0,10561.0,0.0,100,398.5,293.0,0,0.0,0.0,,0.0,1,0.12,0.01,SPY230117C00415000,415.0,normalDay
2023-01-17,3149.0,10477.0,12.0,100,397.77,293.0,0,0.0,0.0,,0.0,1,0.12,0.0,SPY230117C00415000,415.0,expirationDay
2023-01-18,3149.0,9849.0,0.0,100,391.49,293.0,0,0.0,0.0,,0.0,0,0.0,0.0,,0.0,bidTooLow
2023-01-19,3149.0,9564.0,0.0,100,388.64,293.0,0,0.0,0.0,,0.0,0,0.0,0.0,,0.0,bidTooLow
2023-01-20,3149.0,10288.0,0.0,100,395.88,293.0,0,0.0,0.0,,0.0,0,0.0,0.0,,0.0,bidTooLow
2023-01-23,3149.0,10763.0,0.0,100,400.63,293.0,0,0.0,0.0,,0.0,0,0.0,0.0,,0.0,bidTooLow
2023-01-24,3149.0,10720.0,0.0,100,400.2,293.0,0,0.0,0.0,,0.0,0,0.0,0.0,,0.0,bidTooLow
2023-01-25,3149.0,10735.0,0.0,100,400.35,293.0,0,0.0,0.0,,0.0,0,0.0,0.0,,0.0,bidTooLow
2023-01-26,3149.0,11172.0,0.0,100,404.75,293.0,0,0.0,0.0,,0.0,1,0.01,0.04,SPY230201C00427000,427.0,normalDay
2023-01-27,3149.0,11267.0,0.0,100,405.68,293.0,0,0.0,0.0,,0.0,1,0.01,0.02,SPY230201C00427000,427.0,normalDay
2023-01-30,3149.0,10759.0,0.0,100,400.59,293.0,0,0.0,0.0,,0.0,1,0.01,0.01,SPY230201C00427000,427.0,normalDay
2023-01-31,3149.0,11348.0,0.0,100,406.48,293.0,0,0.0,0.0,,0.0,1,0.01,0.01,SPY230201C00427000,427.0,normalDay
2023-02-01,3150.0,11780.0,1.0,100,410.8,293.0,0,0.0,0.0,,0.0,1,0.01,0.0,SPY230201C00427000,427.0,expirationDay
2023-02-02,3150.0,12374.0,0.0,100,416.78,293.0,0,0.0,0.0,,0.0,1,0.02,0.06,SPY230208C00436000,436.0,normalDay
2023-02-03,3150.0,11936.0,0.0,100,412.35,293.0,0,0.0,0.0,,0.0,1,0.02,0.01,SPY230208C00436000,436.0,normalDay
2023-02-06,3150.0,11684.0,0.0,100,409.83,293.0,0,0.0,0.0,,0.0,1,0.02,0.01,SPY230208C00436000,436.0,normalDay
2023-02-07,3150.0,12220.0,0.0,100,415.19,293.0,0,0.0,0.0,,0.0,1,0.02,0.01,SPY230208C00436000,436.0,normalDay
2023-02-08,3152.0,11765.0,2.0,100,410.65,293.0,0,0.0,0.0,,0.0,1,0.02,0.0,SPY230208C00436000,436.0,expirationDay
2023-02-09,3152.0,11409.0,0.0,100,407.09,293.0,0,0.0,0.0,,0.0,0,0.0,0.0,,0.0,bidTooLow
2023-02-10,3152.0,11504.0,0.0,100,408.04,293.0,0,0.0,0.0,,0.0,0,0.0,0.0,,0.0,bidTooLow
2023-02-13,3152.0,11980.0,0.0,100,412.83,293.0,0,0.0,0.0,,0.0,1,0.01,0.04,SPY230217C00438000,438.0,normalDay
2023-02-14,3152.0,11964.0,0.0,100,412.64,293.0,0,0.0,0.0,,0.0,1,0.01,0.01,SPY230217C00438000,438.0,normalDay
2023-02-15,3152.0,12098.0,0.0,100,413.98,293.0,0,0.0,0.0,,0.0,1,0.01,0.01,SPY230217C00438000,438.0,normalDay
2023-02-16,3152.0,11528.0,0.0,100,408.28,293.0,0,0.0,0.0,,0.0,1,0.01,0.01,SPY230217C00438000,438.0,normalDay
2023-02-17,3153.0,11426.0,1.0,100,407.26,293.0,0,0.0,0.0,,0.0,1,0.01,0.0,SPY230217C00438000,438.0,expirationDay
2023-02-21,3153.0,10609.0,0.0,100,399.09,293.0,0,0.0,0.0,,0.0,0,0.0,0.0,,0.0,bidTooLow
2023-02-22,3153.0,10554.0,0.0,100,398.54,293.0,0,0.0,0.0,,0.0,0,0.0,0.0,,0.0,bidTooLow
2023-02-23,3153.0,10766.0,0.0,100,400.66,293.0,0,0.0,0.0,,0.0,0,0.0,0.0,,0.0,bidTooLow
2023-02-24,3153.0,10338.0,0.0,100,396.38,293.0,0,0.0,0.0,,0.0,0,0.0,0.0,,0.0,bidTooLow
2023-02-27,3153.0,10473.0,0.0,100,397.73,293.0,0,0.0,0.0,,0.0,0,0.0,0.0,,0.0,bidTooLow
2023-02-28,3153.0,10326.0,0.0,100,396.26,293.0,0,0.0,0.0,,0.0,0,0.0,0.0,,0.0,bidTooLow
2023-03-01,3153.0,10174.0,0.0,100,394.74,293.0,0,0.0,0.0,,0.0,0,0.0,0.0,,0.0,bidTooLow
2023-03-02,3153.0,10481.0,0.0,100,397.81,293.0,0,0.0,0.0,,0.0,0,0.0,0.0,,0.0,bidTooLow
2023-03-03,3153.0,11119.0,0.0,100,404.19,293.0,0,0.0,0.0,,0.0,0,0.0,0.0,,0.0,bidTooLow
2023-03-06,3153.0,11147.0,0.0,100,404.47,293.0,0,0.0,0.0,,0.0,0,0.0,0.0,,0.0,bidTooLow
2023-03-07,3153.0,10527.0,0.0,100,398.27,293.0,0,0.0,0.0,,0.0,0,0.0,0.0,,0.0,bidTooLow
2023-03-08,3153.0,10592.0,0.0,100,398.92,293.0,0,0.0,0.0,,0.0,0,0.0,0.0,,0.0,bidTooLow
2023-03-09,3153.0,9856.0,0.0,100,391.56,293.0,0,0.0,0.0,,0.0,0,0.0,0.0,,0.0,bidTooLow
2023-03-10,3153.0,9291.0,0.0,100,385.91,293.0,0,0.0,0.0,,0.0,0,0.0,0.0,,0.0,bidTooLow
2023-03-13,3153.0,9236.0,0.0,100,385.36,293.0,0,0.0,0.0,,0.0,0,0.0,0.0,,0.0,bidTooLow
2023-03-14,3153.0,9873.0,0.0,100,391.73,293.0,0,0.0,0.0,,0.0,0,0.0,0.0,,0.0,bidTooLow
2023-03-15,3153.0,9628.0,0.0,100,389.28,293.0,0,0.0,0.0,,0.0,0,0.0,0.0,,0.0,bidTooLow
2023-03-16,3153.0,10311.0,0.0,100,396.11,293.0,0,0.0,0.0,,0.0,0,0.0,0.0,,0.0,bidTooLow
2023-03-17,3153.0,9699.0,0.0,100,389.99,293.0,0,0.0,0.0,,0.0,0,0.0,0.0,,0.0,bidTooLow
2023-03-20,3153.0,10071.0,0.0,100,393.74,293.0,0,0.0,0.0,,0.0,1,0.01,0.04,SPY230324C00418000,418.0,normalDay
2023-03-21,3153.0,10587.0,0.0,100,398.91,293.0,0,0.0,0.0,,0.0,1,0.01,0.05,SPY230324C00418000,418.0,normalDay
2023-03-22,3153.0,9911.0,0.0,100,392.11,293.0,0,0.0,0.0,,0.0,1,0.01,0.01,SPY230324C00418000,418.0,normalDay
2023-03-23,3153.0,10017.0,0.0,100,393.17,293.0,0,0.0,0.0,,0.0,1,0.01,0.01,SPY230324C00418000,418.0,normalDay
2023-03-24,3154.0,10275.0,1.0,100,395.75,293.0,0,0.0,0.0,,0.0,1,0.01,0.0,SPY230324C00418000,418.0,expirationDay
2023-03-27,3154.0,10349.0,0.0,100,396.49,293.0,0,0.0,0.0,,0.0,0,0.0,0.0,,0.0,bidTooLow
2023-03-28,3154.0,10260.0,0.0,100,395.6,293.0,0,0.0,0.0,,0.0,0,0.0,0.0,,0.0,bidTooLow
2023-03-29,3154.0,10832.0,0.0,100,401.35,293.0,0,0.0,0.0,,0.0,1,0.01,0.04,SPY230404C00418000,418.0,normalDay
2023-03-30,3154.0,11068.0,0.0,100,403.7,293.0,0,0.0,0.0,,0.0,1,0.01,0.03,SPY230404C00418000,418.0,normalDay
2023-03-31,3154.0,11630.0,0.0,100,409.39,293.0,0,0.0,0.0,,0.0,1,0.01,0.1,SPY230404C00418000,418.0,normalDay
2023-04-03,3154.0,11794.0,0.0,100,410.95,293.0,0,0.0,0.0,,0.0,1,0.01,0.02,SPY230404C00418000,418.0,normalDay
2023-04-04,3155.0,11567.0,1.0,100,408.67,293.0,0,0.0,0.0,,0.0,1,0.01,0.0,SPY230404C00418000,418.0,expirationDay
2023-04-05,3155.0,11460.0,0.0,100,407.6,293.0,0,0.0,0.0,,0.0,0,0.0,0.0,,0.0,bidTooLow
2023-04-06,3155.0,11619.0,0.0,100,409.19,293.0,0,0.0,0.0,,0.0,0,0.0,0.0,,0.0,bidTooLow
2023-04-10,3155.0,11661.0,0.0,100,409.61,293.0,0,0.0,0.0,,0.0,0,0.0,0.0,,0.0,bidTooLow
2023-04-11,3155.0,11672.0,0.0,100,409.72,293.0,0,0.0,0.0,,0.0,0,0.0,0.0,,0.0,bidTooLow
2023-04-12,3155.0,11505.0,0.0,100,408.05,293.0,0,0.0,0.0,,0.0,0,0.0,0.0,,0.0,bidTooLow
2023-04-13,3155.0,12047.0,0.0,100,413.47,293.0,0,0.0,0.0,,0.0,0,0.0,0.0,,0.0,bidTooLow
2023-04-14,3155.0,11946.0,0.0,100,412.46,293.0,0,0.0,0.0,,0.0,0,0.0,0.0,,0.0,bidTooLow
2023-04-17,3155.0,12094.0,0.0,100,413.94,293.0,0,0.0,0.0,,0.0,0,0.0,0.0,,0.0,bidTooLow
2023-04-18,3155.0,12121.0,0.0,100,414.21,293.0,0,0.0,0.0,,0.0,0,0.0,0.0,,0.0,bidTooLow
2023-04-19,3155.0,12114.0,0.0,100,414.14,293.0,0,0.0,0.0,,0.0,0,0.0,0.0,,0.0,bidTooLow
2023-04-20,3155.0,11888.0,0.0,100,411.88,293.0,0,0.0,0.0,,0.0,0,0.0,0.0,,0.0,bidTooLow
2023-04-21,3155.0,11920.0,0.0,100,412.2,293.0,0,0.0,0.0,,0.0,0,0.0,0.0,,0.0,bidTooLow
2023-04-24,3155.0,11963.0,0.0,100,412.63,293.0,0,0.0,0.0,,0.0,0,0.0,0.0,,0.0,bidTooLow
2023-04-25,3155.0,11308.0,0.0,100,406.08,293.0,0,0.0,0.0,,0.0,0,0.0,0.0,,0.0,bidTooLow
2023-04-26,3155.0,11136.0,0.0,100,404.36,293.0,0,0.0,0.0,,0.0,0,0.0,0.0,,0.0,bidTooLow
2023-04-27,3155.0,11938.0,0.0,100,412.41,293.0,0,0.0,0.0,,0.0,1,0.19,0.22,SPY230503C00424000,424.0,normalDay
2023-04-28,3155.0,12282.0,0.0,100,415.93,293.0,0,0.0,0.0,,0.0,1,0.19,0.3,SPY230503C00424000,424.0,normalDay
2023-05-01,3155.0,12260.0,0.0,100,415.51,293.0,0,0.0,0.0,,0.0,1,0.19,0.1,SPY230503C00424000,424.0,normalDay
2023-05-02,3155.0,11802.0,0.0,100,410.84,293.0,0,0.0,0.0,,0.0,1,0.19,0.01,SPY230503C00424000,424.0,normalDay
2023-05-03,3174.0,11502.0,19.0,100,408.02,293.0,0,0.0,0.0,,0.0,1,0.19,0.0,SPY230503C00424000,424.0,expirationDay
2023-05-04,3174.0,11213.0,0.0,100,405.13,293.0,0,0.0,0.0,,0.0,0,0.0,0.0,,0.0,bidTooLow
2023-05-05,3174.0,11960.0,0.0,100,412.63,293.0,0,0.0,0.0,,0.0,1,0.01,0.04,SPY230511C00426000,426.0,normalDay
2023-05-08,3174.0,11973.0,0.0,100,412.74,293.0,0,0.0,0.0,,0.0,1,0.01,0.02,SPY230511C00426000,426.0,normalDay
2023-05-09,3174.0,11792.0,0.0,100,410.93,293.0,0,0.0,0.0,,0.0,1,0.01,0.02,SPY230511C00426000,426.0,normalDay
2023-05-10,3174.0,11985.0,0.0,100,412.85,293.0,0,0.0,0.0,,0.0,1,0.01,0.01,SPY230511C00426000,426.0,normalDay
2023-05-11,3175.0,11913.0,1.0,100,412.13,293.0,0,0.0,0.0,,0.0,1,0.01,0.0,SPY230511C00426000,426.0,expirationDay
2023-05-12,3175.0,11859.0,0.0,100,411.59,293.0,0,0.0,0.0,,0.0,0,0.0,0.0,,0.0,bidTooLow
2023-05-15,3175.0,12001.0,0.0,100,413.01,293.0,0,0.0,0.0,,0.0,0,0.0,0.0,,0.0,bidTooLow
2023-05-16,3175.0,11725.0,0.0,100,410.25,293.0,0,0.0,0.0,,0.0,0,0.0,0.0,,0.0,bidTooLow
2023-05-17,3175.0,12220.0,0.0,100,415.23,293.0,0,0.0,0.0,,0.0,1,0.09,0.12,SPY230523C00425000,425.0,normalDay
2023-05-18,3175.0,12598.0,0.0,100,419.23,293.0,0,0.0,0.0,,0.0,1,0.09,0.34,SPY230523C00425000,425.0,normalDay
2023-05-19,3175.0,12554.0,0.0,100,418.62,293.0,0,0.0,0.0,,0.0,1,0.09,0.17,SPY230523C00425000,425.0,normalDay
2023-05-22,3175.0,12584.0,0.0,100,418.79,293.0,0,0.0,0.0,,0.0,1,0.09,0.04,SPY230523C00425000,425.0,normalDay
2023-05-23,3184.0,12109.0,9.0,100,414.09,293.0,0,0.0,0.0,,0.0,1,0.09,0.0,SPY230523C00425000,425.0,expirationDay
2023-05-24,3184.0,11809.0,0.0,100,411.09,293.0,0,0.0,0.0,,0.0,0,0.0,0.0,,0.0,bidTooLow
2023-05-25,3184.0,12162.0,0.0,100,414.65,293.0,0,0.0,0.0,,0.0,1,0.04,0.07,SPY230531C00428000,428.0,normalDay
2023-05-26,3184.0,12686.0,0.0,100,420.02,293.0,0,0.0,0.0,,0.0,1,0.04,0.2,SPY230531C00428000,428.0,normalDay
2023-05-30,3184.0,12718.0,0.0,100,420.18,293.0,0,0.0,0.0,,0.0,1,0.04,0.04,SPY230531C00428000,428.0,normalDay
2023-05-31,3188.0,12485.0,4.0,100,417.85,293.0,0,0.0,0.0,,0.0,1,0.04,0.0,SPY230531C00428000,428.0,expirationDay
2023-06-01,3188.0,12879.0,0.0,100,421.82,293.0,0,0.0,0.0,,0.0,1,0.03,0.06,SPY230607C00433000,433.0,normalDay
2023-06-02,3188.0,13456.0,0.0,100,427.92,293.0,0,0.0,0.0,,0.0,1,0.03,0.39,SPY230607C00433000,433.0,normalDay
2023-06-05,3188.0,13403.0,0.0,100,427.1,293.0,0,0.0,0.0,,0.0,1,0.03,0.1,SPY230607C00433000,433.0,normalDay
2023-06-06,3188.0,13502.0,0.0,100,428.03,293.0,0,0.0,0.0,,0.0,1,0.03,0.04,SPY230607C00433000,433.0,normalDay
2023-06-07,3191.0,13355.0,3.0,100,426.55,293.0,0,0.0,0.0,,0.0,1,0.03,0.0,SPY230607C00433000,433.0,expirationDay
2023-06-08,3191.0,13613.0,0.0,100,429.13,293.0,0,0.0,0.0,,0.0,0,0.0,0.0,,0.0,bidTooLow
2023-06-09,3191.0,13690.0,0.0,100,429.9,293.0,0,0.0,0.0,,0.0,0,0.0,0.0,,0.0,bidTooLow
2023-06-12,3191.0,14077.0,0.0,100,433.8,293.0,0,0.0,0.0,,0.0,1,0.02,0.05,SPY230616C00450000,450.0,normalDay
2023-06-13,3191.0,14360.0,0.0,100,436.66,293.0,0,0.0,0.0,,0.0,1,0.02,0.08,SPY230616C00450000,450.0,normalDay
2023-06-14,3191.0,14416.0,0.0,100,437.18,293.0,0,0.0,0.0,,0.0,1,0.02,0.04,SPY230616C00450000,450.0,normalDay
2023-06-15,3191.0,14955.0,0.0,100,442.6,293.0,0,0.0,0.0,,0.0,1,0.02,0.07,SPY230616C00450000,450.0,normalDay
2023-06-16,3193.0,14646.0,2.0,100,439.46,293.0,0,0.0,0.0,,0.0,1,0.02,0.0,SPY230616C00450000,450.0,expirationDay
2023-06-20,3193.0,14418.0,0.0,100,437.18,293.0,0,0.0,0.0,,0.0,0,0.0,0.0,,0.0,bidTooLow
2023-06-21,3193.0,14194.0,0.0,100,434.94,293.0,0,0.0,0.0,,0.0,0,0.0,0.0,,0.0,bidTooLow
2023-06-22,3193.0,14351.0,0.0,100,436.51,293.0,0,0.0,0.0,,0.0,0,0.0,0.0,,0.0,bidTooLow
2023-06-23,3193.0,14021.0,0.0,100,433.21,293.0,0,0.0,0.0,,0.0,0,0.0,0.0,,0.0,bidTooLow
2023-06-26,3193.0,13844.0,0.0,100,431.44,293.0,0,0.0,0.0,,0.0,0,0.0,0.0,,0.0,bidTooLow
2023-06-27,3193.0,14317.0,0.0,100,436.17,293.0,0,0.0,0.0,,0.0,0,0.0,0.0,,0.0,bidTooLow
2023-06-28,3193.0,14339.0,0.0,100,436.39,293.0,0,0.0,0.0,,0.0,0,0.0,0.0,,0.0,bidTooLow
2023-06-29,3193.0,14511.0,0.0,100,438.11,293.0,0,0.0,0.0,,0.0,0,0.0,0.0,,0.0,bidTooLow
2023-06-30,3193.0,15028.0,0.0,100,443.28,293.0,0,0.0,0.0,,0.0,0,0.0,0.0,,0.0,bidTooLow
2023-07-03,3193.0,15079.0,0.0,100,443.79,293.0,0,0.0,0.0,,0.0,0,0.0,0.0,,0.0,bidTooLow
2023-07-05,3193.0,15013.0,0.0,100,443.13,293.0,0,0.0,0.0,,0.0,0,0.0,0.0,,0.0,bidTooLow
2023-07-06,3193.0,14666.0,0.0,100,439.66,293.0,0,0.0,0.0,,0.0,0,0.0,0.0,,0.0,bidTooLow
2023-07-07,3193.0,14555.0,0.0,100,438.55,293.0,0,0.0,0.0,,0.0,0,0.0,0.0,,0.0,bidTooLow
2023-07-10,3193.0,14663.0,0.0,100,439.66,293.0,0,0.0,0.0,,0.0,1,0.01,0.04,SPY230714C00454000,454.0,normalDay
2023-07-11,3193.0,14940.0,0.0,100,442.46,293.0,0,0.0,0.0,,0.0,1,0.01,0.07,SPY230714C00454000,454.0,normalDay
2023-07-12,3193.0,15299.0,0.0,100,446.02,293.0,0,0.0,0.0,,0.0,1,0.01,0.04,SPY230714C00454000,454.0,normalDay
2023-07-13,3193.0,15649.0,0.0,100,449.56,293.0,0,0.0,0.0,,0.0,1,0.01,0.08,SPY230714C00454000,454.0,normalDay
2023-07-14,3194.0,15628.0,1.0,100,449.28,293.0,0,0.0,0.0,,0.0,1,0.01,0.0,SPY230714C00454000,454.0,expirationDay
2023-07-17,3194.0,15784.0,0.0,100,450.84,293.0,0,0.0,0.0,,0.0,0,0.0,0.0,,0.0,bidTooLow
2023-07-18,3194.0,16119.0,0.0,100,454.19,293.0,0,0.0,0.0,,0.0,0,0.0,0.0,,0.0,bidTooLow
2023-07-19,3194.0,16220.0,0.0,100,455.2,293.0,0,0.0,0.0,,0.0,0,0.0,0.0,,0.0,bidTooLow
2023-07-20,3194.0,15918.0,0.0,100,452.18,293.0,0,0.0,0.0,,0.0,0,0.0,0.0,,0.0,bidTooLow
2023-07-21,3194.0,15918.0,0.0,100,452.18,293.0,0,0.0,0.0,,0.0,0,0.0,0.0,,0.0,bidTooLow
2023-07-24,3194.0,16120.0,0.0,100,454.2,293.0,0,0.0,0.0,,0.0,0,0.0,0.0,,0.0,bidTooLow
2023-07-25,3194.0,16244.0,0.0,100,455.44,293.0,0,0.0,0.0,,0.0,0,0.0,0.0,,0.0,bidTooLow
2023-07-26,3194.0,16251.0,0.0,100,455.51,293.0,0,0.0,0.0,,0.0,0,0.0,0.0,,0.0,bidTooLow
2023-07-27,3194.0,15949.0,0.0,100,452.49,293.0,0,0.0,0.0,,0.0,0,0.0,0.0,,0.0,bidTooLow
2023-07-28,3194.0,16392.0,0.0,100,456.92,293.0,0,0.0,0.0,,0.0,0,0.0,0.0,,0.0,bidTooLow
2023-07-31,3194.0,16479.0,0.0,100,457.79,293.0,0,0.0,0.0,,0.0,0,0.0,0.0,,0.0,bidTooLow
2023-08-01,3194.0,16348.0,0.0,100,456.48,293.0,0,0.0,0.0,,0.0,0,0.0,0.0,,0.0,bidTooLow
2023-08-02,3194.0,15713.0,0.0,100,450.13,293.0,0,0.0,0.0,,0.0,0,0.0,0.0,,0.0,bidTooLow
2023-08-03,3194.0,15584.0,0.0,100,448.84,293.0,0,0.0,0.0,,0.0,0,0.0,0.0,,0.0,bidTooLow
2023-08-04,3194.0,15381.0,0.0,100,446.81,293.0,0,0.0,0.0,,0.0,0,0.0,0.0,,0.0,bidTooLow
2023-08-07,3194.0,15771.0,0.0,100,450.71,293.0,0,0.0,0.0,,0.0,0,0.0,0.0,,0.0,bidTooLow
2023-08-08,3194.0,15575.0,0.0,100,448.75,293.0,0,0.0,0.0,,0.0,0,0.0,0.0,,0.0,bidTooLow
2023-08-09,3194.0,15275.0,0.0,100,445.75,293.0,0,0.0,0.0,,0.0,0,0.0,0.0,,0.0,bidTooLow
2023-08-10,3194.0,15291.0,0.0,100,445.91,293.0,0,0.0,0.0,,0.0,0,0.0,0.0,,0.0,bidTooLow
2023-08-11,3194.0,15265.0,0.0,100,445.65,293.0,0,0.0,0.0,,0.0,0,0.0,0.0,,0.0,bidTooLow
2023-08-14,3194.0,15511.0,0.0,100,448.11,293.0,0,0.0,0.0,,0.0,0,0.0,0.0,,0.0,bidTooLow
2023-08-15,3194.0,14989.0,0.0,100,442.89,293.0,0,0.0,0.0,,0.0,0,0.0,0.0,,0.0,bidTooLow
2023-08-16,3194.0,14664.0,0.0,100,439.64,293.0,0,0.0,0.0,,0.0,0,0.0,0.0,,0.0,bidTooLow
2023-08-17,3194.0,14329.0,0.0,100,436.29,293.0,0,0.0,0.0,,0.0,0,0.0,0.0,,0.0,bidTooLow
2023-08-18,3194.0,14350.0,0.0,100,436.5,293.0,0,0.0,0.0,,0.0,0,0.0,0.0,,0.0,bidTooLow
2023-08-21,3194.0,14634.0,0.0,100,439.34,293.0,0,0.0,0.0,,0.0,0,0.0,0.0,,0.0,bidTooLow
2023-08-22,3194.0,14515.0,0.0,100,438.15,293.0,0,0.0,0.0,,0.0,0,0.0,0.0,,0.0,bidTooLow
2023-08-23,3194.0,15003.0,0.0,100,443.03,293.0,0,0.0,0.0,,0.0,0,0.0,0.0,,0.0,bidTooLow
2023-08-24,3194.0,14389.0,0.0,100,436.89,293.0,0,0.0,0.0,,0.0,0,0.0,0.0,,0.0,bidTooLow
2023-08-25,3194.0,14697.0,0.0,100,439.97,293.0,0,0.0,0.0,,0.0,0,0.0,0.0,,0.0,bidTooLow
2023-08-28,3194.0,14976.0,0.0,100,442.76,293.0,0,0.0,0.0,,0.0,0,0.0,0.0,,0.0,bidTooLow
2023-08-29,3194.0,15616.0,0.0,100,449.16,293.0,0,0.0,0.0,,0.0,0,0.0,0.0,,0.0,bidTooLow
2023-08-30,3194.0,15801.0,0.0,100,451.01,293.0,0,0.0,0.0,,0.0,0,0.0,0.0,,0.0,bidTooLow
2023-08-31,3194.0,15735.0,0.0,100,450.35,293.0,0,0.0,0.0,,0.0,0,0.0,0.0,,0.0,bidTooLow
2023-09-01,3194.0,15819.0,0.0,100,451.19,293.0,0,0.0,0.0,,0.0,0,0.0,0.0,,0.0,bidTooLow
2023-09-05,3194.0,15624.0,0.0,100,449.24,293.0,0,0.0,0.0,,0.0,0,0.0,0.0,,0.0,bidTooLow
2023-09-06,3194.0,15322.0,0.0,100,446.22,293.0,0,0.0,0.0,,0.0,0,0.0,0.0,,0.0,bidTooLow
2023-09-07,3194.0,15185.0,0.0,100,444.85,293.0,0,0.0,0.0,,0.0,0,0.0,0.0,,0.0,bidTooLow
2023-09-08,3194.0,15252.0,0.0,100,445.52,293.0,0,0.0,0.0,,0.0,0,0.0,0.0,,0.0,bidTooLow
2023-09-11,3194.0,15545.0,0.0,100,448.45,293.0,0,0.0,0.0,,0.0,0,0.0,0.0,,0.0,bidTooLow
2023-09-12,3194.0,15299.0,0.0,100,445.99,293.0,0,0.0,0.0,,0.0,0,0.0,0.0,,0.0,bidTooLow
2023-09-13,3194.0,15351.0,0.0,100,446.51,293.0,0,0.0,0.0,,0.0,0,0.0,0.0,,0.0,bidTooLow
2023-09-14,3194.0,15736.0,0.0,100,450.36,293.0,0,0.0,0.0,,0.0,0,0.0,0.0,,0.0,bidTooLow
2023-09-15,3194.0,15037.0,0.0,100,443.37,293.0,0,0.0,0.0,,0.0,0,0.0,0.0,,0.0,bidTooLow
2023-09-18,3194.0,15063.0,0.0,100,443.63,293.0,0,0.0,0.0,,0.0,0,0.0,0.0,,0.0,bidTooLow
2023-09-19,3194.0,14971.0,0.0,100,442.71,293.0,0,0.0,0.0,,0.0,0,0.0,0.0,,0.0,bidTooLow
2023-09-20,3194.0,14564.0,0.0,100,438.64,293.0,0,0.0,0.0,,0.0,0,0.0,0.0,,0.0,bidTooLow
2023-09-21,3194.0,13839.0,0.0,100,431.39,293.0,0,0.0,0.0,,0.0,0,0.0,0.0,,0.0,bidTooLow
2023-09-22,3194.0,13742.0,0.0,100,430.42,293.0,0,0.0,0.0,,0.0,0,0.0,0.0,,0.0,bidTooLow
2023-09-25,3194.0,13923.0,0.0,100,432.23,293.0,0,0.0,0.0,,0.0,0,0.0,0.0,,0.0,bidTooLow
2023-09-26,3194.0,13288.0,0.0,100,425.88,293.0,0,0.0,0.0,,0.0,0,0.0,0.0,,0.0,bidTooLow
2023-09-27,3194.0,13305.0,0.0,100,426.05,293.0,0,0.0,0.0,,0.0,0,0.0,0.0,,0.0,bidTooLow
2023-09-28,3194.0,13552.0,0.0,100,428.52,293.0,0,0.0,0.0,,0.0,0,0.0,0.0,,0.0,bidTooLow
2023-09-29,3194.0,13448.0,0.0,100,427.48,293.0,0,0.0,0.0,,0.0,0,0.0,0.0,,0.0,bidTooLow
2023-10-02,3194.0,13431.0,0.0,100,427.31,293.0,0,0.0,0.0,,0.0,0,0.0,0.0,,0.0,bidTooLow
2023-10-03,3194.0,12859.0,0.0,100,421.59,293.0,0,0.0,0.0,,0.0,0,0.0,0.0,,0.0,bidTooLow
2023-10-04,3194.0,13166.0,0.0,100,424.66,293.0,0,0.0,0.0,,0.0,0,0.0,0.0,,0.0,bidTooLow
2023-10-05,3194.0,13150.0,0.0,100,424.5,293.0,0,0.0,0.0,,0.0,0,0.0,0.0,,0.0,bidTooLow
2023-10-06,3194.0,13654.0,0.0,100,429.54,293.0,0,0.0,0.0,,0.0,0,0.0,0.0,,0.0,bidTooLow
2023-10-09,3194.0,13929.0,0.0,100,432.29,293.0,0,0.0,0.0,,0.0,0,0.0,0.0,,0.0,bidTooLow
2023-10-10,3194.0,14154.0,0.0,100,434.54,293.0,0,0.0,0.0,,0.0,0,0.0,0.0,,0.0,bidTooLow
2023-10-11,3194.0,14332.0,0.0,100,436.32,293.0,0,0.0,0.0,,0.0,0,0.0,0.0,,0.0,bidTooLow
2023-10-12,3194.0,14066.0,0.0,100,433.66,293.0,0,0.0,0.0,,0.0,0,0.0,0.0,,0.0,bidTooLow
2023-10-13,3194.0,13850.0,0.0,100,431.5,293.0,0,0.0,0.0,,0.0,0,0.0,0.0,,0.0,bidTooLow
2023-10-16,3194.0,14304.0,0.0,100,436.04,293.0,0,0.0,0.0,,0.0,0,0.0,0.0,,0.0,bidTooLow
2023-10-17,3194.0,14299.0,0.0,100,436.02,293.0,0,0.0,0.0,,0.0,1,0.02,0.05,SPY231023C00450000,450.0,normalDay
2023-10-18,3194.0,13721.0,0.0,100,430.21,293.0,0,0.0,0.0,,0.0,1,0.02,0.02,SPY231023C00450000,450.0,normalDay
2023-10-19,3194.0,13343.0,0.0,100,426.43,293.0,0,0.0,0.0,,0.0,1,0.02,0.02,SPY231023C00450000,450.0,normalDay
2023-10-20,3194.0,12820.0,0.0,100,421.19,293.0,0,0.0,0.0,,0.0,1,0.02,0.01,SPY231023C00450000,450.0,normalDay
2023-10-23,3196.0,12746.0,2.0,100,420.46,293.0,0,0.0,0.0,,0.0,1,0.02,0.0,SPY231023C00450000,450.0,expirationDay
2023-10-24,3196.0,13063.0,0.0,100,423.63,293.0,0,0.0,0.0,,0.0,0,0.0,0.0,,0.0,bidTooLow
2023-10-25,3196.0,12455.0,0.0,100,417.55,293.0,0,0.0,0.0,,0.0,0,0.0,0.0,,0.0,bidTooLow
2023-10-26,3196.0,11955.0,0.0,100,412.55,293.0,0,0.0,0.0,,0.0,0,0.0,0.0,,0.0,bidTooLow
2023-10-27,3196.0,11768.0,0.0,100,410.68,293.0,0,0.0,0.0,,0.0,0,0.0,0.0,,0.0,bidTooLow
2023-10-30,3196.0,12259.0,0.0,100,415.59,293.0,0,0.0,0.0,,0.0,0,0.0,0.0,,0.0,bidTooLow
2023-10-31,3196.0,12520.0,0.0,100,418.2,293.0,0,0.0,0.0,,0.0,0,0.0,0.0,,0.0,bidTooLow
2023-11-01,3196.0,12966.0,0.0,100,422.66,293.0,0,0.0,0.0,,0.0,0,0.0,0.0,,0.0,bidTooLow
2023-11-02,3196.0,13776.0,0.0,100,430.76,293.0,0,0.0,0.0,,0.0,0,0.0,0.0,,0.0,bidTooLow
2023-11-03,3196.0,14169.0,0.0,100,434.69,293.0,0,0.0,0.0,,0.0,0,0.0,0.0,,0.0,bidTooLow
2023-11-06,3196.0,14269.0,0.0,100,435.69,293.0,0,0.0,0.0,,0.0,0,0.0,0.0,,0.0,bidTooLow
2023-11-07,3196.0,14393.0,0.0,100,436.93,293.0,0,0.0,0.0,,0.0,0,0.0,0.0,,0.0,bidTooLow
2023-11-08,3196.0,14425.0,0.0,100,437.25,293.0,0,0.0,0.0,,0.0,0,0.0,0.0,,0.0,bidTooLow
2023-11-09,3196.0,14084.0,0.0,100,433.84,293.0,0,0.0,0.0,,0.0,0,0.0,0.0,,0.0,bidTooLow
2023-11-10,3196.0,14761.0,0.0,100,440.61,293.0,0,0.0,0.0,,0.0,0,0.0,0.0,,0.0,bidTooLow
2023-11-13,3196.0,14719.0,0.0,100,440.19,293.0,0,0.0,0.0,,0.0,0,0.0,0.0,,0.0,bidTooLow
2023-11-14,3196.0,15573.0,0.0,100,448.73,293.0,0,0.0,0.0,,0.0,0,0.0,0.0,,0.0,bidTooLow
2023-11-15,3196.0,15668.0,0.0,100,449.68,293.0,0,0.0,0.0,,0.0,0,0.0,0.0,,0.0,bidTooLow
2023-11-16,3196.0,15723.0,0.0,100,450.23,293.0,0,0.0,0.0,,0.0,0,0.0,0.0,,0.0,bidTooLow
2023-11-17,3196.0,15779.0,0.0,100,450.79,293.0,0,0.0,0.0,,0.0,0,0.0,0.0,,0.0,bidTooLow
2023-11-20,3196.0,16126.0,0.0,100,454.26,293.0,0,0.0,0.0,,0.0,0,0.0,0.0,,0.0,bidTooLow
2023-11-21,3196.0,16027.0,0.0,100,453.27,293.0,0,0.0,0.0,,0.0,0,0.0,0.0,,0.0,bidTooLow
2023-11-22,3196.0,16202.0,0.0,100,455.02,293.0,0,0.0,0.0,,0.0,0,0.0,0.0,,0.0,bidTooLow
2023-11-24,3196.0,16230.0,0.0,100,455.3,293.0,0,0.0,0.0,,0.0,0,0.0,0.0,,0.0,bidTooLow
2023-11-27,3196.0,16148.0,0.0,100,454.48,293.0,0,0.0,0.0,,0.0,0,0.0,0.0,,0.0,bidTooLow
2023-11-28,3196.0,16193.0,0.0,100,454.93,293.0,0,0.0,0.0,,0.0,0,0.0,0.0,,0.0,bidTooLow
2023-11-29,3196.0,16161.0,0.0,100,454.61,293.0,0,0.0,0.0,,0.0,0,0.0,0.0,,0.0,bidTooLow
2023-11-30,3196.0,16340.0,0.0,100,456.4,293.0,0,0.0,0.0,,0.0,0,0.0,0.0,,0.0,bidTooLow
