date,totalCapital,unrializedPnL,rializedPnL,stocksOwned,stocksPriceToday,stocksPriceBoughtAt,putOwned,putOwnedSoldAt,putPriceToday,putOwnedContract,putOwnedStrike,callOwned,callOwnedSoldAt,callPriceToday,callOwnedContract,callOwnedStrike,trackType
2018-11-01,0.0,-8.0,0.0,0,273.51,0.0,1,4.1,4.18,SPY181112P00275000,275.0,0,0.0,0.0,,0.0,normalDay
2018-11-02,0.0,-58.0,0.0,0,271.89,0.0,1,4.1,4.68,SPY181112P00275000,275.0,0,0.0,0.0,,0.0,normalDay
2018-11-05,0.0,67.0,0.0,0,273.39,0.0,1,4.1,3.43,SPY181112P00275000,275.0,0,0.0,0.0,,0.0,normalDay
2018-11-06,0.0,154.0,0.0,0,275.12,0.0,1,4.1,2.56,SPY181112P00275000,275.0,0,0.0,0.0,,0.0,normalDay
2018-11-07,0.0,377.0,0.0,0,281.01,0.0,1,4.1,0.33,SPY181112P00275000,275.0,0,0.0,0.0,,0.0,normalDay
2018-11-08,0.0,388.0,0.0,0,280.5,0.0,1,4.1,0.22,SPY181112P00275000,275.0,0,0.0,0.0,,0.0,normalDay
2018-11-09,0.0,377.0,0.0,0,277.76,0.0,1,4.1,0.33,SPY181112P00275000,275.0,0,0.0,0.0,,0.0,normalDay
2018-11-12,410.0,-243.0,410.0,100,272.57,275.0,1,4.1,0.0,SPY181112P00275000,275.0,0,0.0,0.0,,0.0,expirationDay
2018-11-13,410.0,-302.0,0.0,100,272.06,275.0,0,0.0,0.0,,0.0,1,3.68,3.76,SPY190118C00280000,280.0,normalDay
2018-11-14,410.0,-427.0,0.0,100,270.2,275.0,0,0.0,0.0,,0.0,1,3.68,3.15,SPY190118C00280000,280.0,normalDay
2018-11-15,410.0,-251.0,0.0,100,273.02,275.0,0,0.0,0.0,,0.0,1,3.68,4.21,SPY190118C00280000,280.0,normalDay
2018-11-16,410.0,-170.0,0.0,100,273.73,275.0,0,0.0,0.0,,0.0,1,3.68,4.11,SPY190118C00280000,280.0,normalDay
2018-11-19,410.0,-488.0,0.0,100,269.1,275.0,0,0.0,0.0,,0.0,1,3.68,2.66,SPY190118C00280000,280.0,normalDay
2018-11-20,410.0,-875.0,0.0,100,264.12,275.0,0,0.0,0.0,,0.0,1,3.68,1.55,SPY190118C00280000,280.0,normalDay
2018-11-21,410.0,-775.0,0.0,100,265.02,275.0,0,0.0,0.0,,0.0,1,3.68,1.45,SPY190118C00280000,280.0,normalDay
2018-11-23,410.0,-925.0,0.0,100,263.25,275.0,0,0.0,0.0,,0.0,1,3.68,1.18,SPY190118C00280000,280.0,normalDay
2018-11-26,410.0,-542.0,0.0,100,267.5,275.0,0,0.0,0.0,,0.0,1,3.68,1.6,SPY190118C00280000,280.0,normalDay
2018-11-27,410.0,-469.0,0.0,100,268.4,275.0,0,0.0,0.0,,0.0,1,3.68,1.77,SPY190118C00280000,280.0,normalDay
2018-11-28,410.0,-38.0,0.0,100,274.58,275.0,0,0.0,0.0,,0.0,1,3.68,3.64,SPY190118C00280000,280.0,normalDay
2018-11-29,410.0,-94.0,0.0,100,273.98,275.0,0,0.0,0.0,,0.0,1,3.68,3.6,SPY190118C00280000,280.0,normalDay
2018-11-30,410.0,4.0,0.0,100,275.65,275.0,0,0.0,0.0,,0.0,1,3.68,4.29,SPY190118C00280000,280.0,normalDay
2018-12-03,410.0,288.0,0.0,100,279.3,275.0,0,0.0,0.0,,0.0,1,3.68,5.1,SPY190118C00280000,280.0,normalDay
2018-12-04,410.0,-328.0,0.0,100,270.25,275.0,0,0.0,0.0,,0.0,1,3.68,2.21,SPY190118C00280000,280.0,normalDay
2018-12-06,410.0,-362.0,0.0,100,269.84,275.0,0,0.0,0.0,,0.0,1,3.68,2.14,SPY190118C00280000,280.0,normalDay
2018-12-07,410.0,-885.0,0.0,100,263.57,275.0,0,0.0,0.0,,0.0,1,3.68,1.1,SPY190118C00280000,280.0,normalDay
2018-12-10,410.0,-826.0,0.0,100,264.07,275.0,0,0.0,0.0,,0.0,1,3.68,1.01,SPY190118C00280000,280.0,normalDay
2018-12-11,410.0,-807.0,0.0,100,264.13,275.0,0,0.0,0.0,,0.0,1,3.68,0.88,SPY190118C00280000,280.0,normalDay
2018-12-12,410.0,-682.0,0.0,100,265.46,275.0,0,0.0,0.0,,0.0,1,3.68,0.96,SPY190118C00280000,280.0,normalDay
2018-12-13,410.0,-678.0,0.0,100,265.37,275.0,0,0.0,0.0,,0.0,1,3.68,0.83,SPY190118C00280000,280.0,normalDay
2018-12-14,410.0,-1126.0,0.0,100,260.47,275.0,0,0.0,0.0,,0.0,1,3.68,0.41,SPY190118C00280000,280.0,normalDay
2018-12-17,410.0,-1616.0,0.0,100,255.36,275.0,0,0.0,0.0,,0.0,1,3.68,0.2,SPY190118C00280000,280.0,normalDay
2018-12-18,410.0,-1646.0,0.0,100,255.08,275.0,0,0.0,0.0,,0.0,1,3.68,0.22,SPY190118C00280000,280.0,normalDay
2018-12-19,410.0,-2018.0,0.0,100,251.26,275.0,0,0.0,0.0,,0.0,1,3.68,0.12,SPY190118C00280000,280.0,normalDay
2018-12-20,410.0,-2425.0,0.0,100,247.17,275.0,0,0.0,0.0,,0.0,1,3.68,0.1,SPY190118C00280000,280.0,normalDay
2018-12-21,410.0,-3068.0,0.0,100,240.7,275.0,0,0.0,0.0,,0.0,1,3.68,0.06,SPY190118C00280000,280.0,normalDay
2018-12-24,410.0,-3702.0,0.0,100,234.34,275.0,0,0.0,0.0,,0.0,1,3.68,0.04,SPY190118C00280000,280.0,normalDay
2018-12-26,410.0,-2522.0,0.0,100,246.18,275.0,0,0.0,0.0,,0.0,1,3.68,0.08,SPY190118C00280000,280.0,normalDay
2018-12-27,410.0,-2334.0,0.0,100,248.07,275.0,0,0.0,0.0,,0.0,1,3.68,0.09,SPY190118C00280000,280.0,normalDay
2018-12-28,410.0,-2363.0,0.0,100,247.75,275.0,0,0.0,0.0,,0.0,1,3.68,0.06,SPY190118C00280000,280.0,normalDay
2018-12-31,410.0,-2144.0,0.0,100,249.92,275.0,0,0.0,0.0,,0.0,1,3.68,0.04,SPY190118C00280000,280.0,normalDay
2019-01-02,410.0,-2117.0,0.0,100,250.18,275.0,0,0.0,0.0,,0.0,1,3.68,0.03,SPY190118C00280000,280.0,normalDay
2019-01-03,410.0,-2712.0,0.0,100,244.21,275.0,0,0.0,0.0,,0.0,1,3.68,0.01,SPY190118C00280000,280.0,normalDay
2019-01-04,410.0,-1896.0,0.0,100,252.39,275.0,0,0.0,0.0,,0.0,1,3.68,0.03,SPY190118C00280000,280.0,normalDay
2019-01-07,410.0,-1696.0,0.0,100,254.38,275.0,0,0.0,0.0,,0.0,1,3.68,0.02,SPY190118C00280000,280.0,normalDay
2019-01-08,410.0,-1457.0,0.0,100,256.77,275.0,0,0.0,0.0,,0.0,1,3.68,0.02,SPY190118C00280000,280.0,normalDay
2019-01-09,410.0,-1337.0,0.0,100,257.97,275.0,0,0.0,0.0,,0.0,1,3.68,0.02,SPY190118C00280000,280.0,normalDay
2019-01-10,410.0,-1246.0,0.0,100,258.88,275.0,0,0.0,0.0,,0.0,1,3.68,0.02,SPY190118C00280000,280.0,normalDay
2019-01-11,410.0,-1236.0,0.0,100,258.98,275.0,0,0.0,0.0,,0.0,1,3.68,0.02,SPY190118C00280000,280.0,normalDay
2019-01-14,410.0,-1393.0,0.0,100,257.4,275.0,0,0.0,0.0,,0.0,1,3.68,0.01,SPY190118C00280000,280.0,normalDay
2019-01-15,410.0,-1098.0,0.0,100,260.35,275.0,0,0.0,0.0,,0.0,1,3.68,0.01,SPY190118C00280000,280.0,normalDay
2019-01-16,410.0,-1035.0,0.0,100,260.98,275.0,0,0.0,0.0,,0.0,1,3.68,0.01,SPY190118C00280000,280.0,normalDay
2019-01-17,410.0,-837.0,0.0,100,262.96,275.0,0,0.0,0.0,,0.0,1,3.68,0.01,SPY190118C00280000,280.0,normalDay
2019-01-18,778.0,-854.0,368.0,100,266.46,275.0,0,0.0,0.0,,0.0,1,3.68,0.0,SPY190118C00280000,280.0,expirationDay
2019-01-22,778.0,-1228.0,0.0,100,262.86,275.0,0,0.0,0.0,,0.0,1,7.86,8.0,SPY190418C00265000,265.0,normalDay
2019-01-23,778.0,-1172.0,0.0,100,263.41,275.0,0,0.0,0.0,,0.0,1,7.86,7.99,SPY190418C00265000,265.0,normalDay
2019-01-24,778.0,-1101.0,0.0,100,263.55,275.0,0,0.0,0.0,,0.0,1,7.86,7.42,SPY190418C00265000,265.0,normalDay
2019-01-25,778.0,-1019.0,0.0,100,265.78,275.0,0,0.0,0.0,,0.0,1,7.86,8.83,SPY190418C00265000,265.0,normalDay
2019-01-28,778.0,-1112.0,0.0,100,263.76,275.0,0,0.0,0.0,,0.0,1,7.86,7.74,SPY190418C00265000,265.0,normalDay
2019-01-29,778.0,-1121.0,0.0,100,263.41,275.0,0,0.0,0.0,,0.0,1,7.86,7.48,SPY190418C00265000,265.0,normalDay
2019-01-30,778.0,-913.0,0.0,100,267.58,275.0,0,0.0,0.0,,0.0,1,7.86,9.57,SPY190418C00265000,265.0,normalDay
2019-01-31,778.0,-826.0,0.0,100,269.93,275.0,0,0.0,0.0,,0.0,1,7.86,11.05,SPY190418C00265000,265.0,normalDay
2019-02-01,778.0,-782.0,0.0,100,270.06,275.0,0,0.0,0.0,,0.0,1,7.86,10.74,SPY190418C00265000,265.0,normalDay
2019-02-04,778.0,-684.0,0.0,100,271.96,275.0,0,0.0,0.0,,0.0,1,7.86,11.66,SPY190418C00265000,265.0,normalDay
2019-02-05,778.0,-635.0,0.0,100,273.1,275.0,0,0.0,0.0,,0.0,1,7.86,12.31,SPY190418C00265000,265.0,normalDay
2019-02-06,778.0,-645.0,0.0,100,272.74,275.0,0,0.0,0.0,,0.0,1,7.86,12.05,SPY190418C00265000,265.0,normalDay
2019-02-07,778.0,-739.0,0.0,100,270.14,275.0,0,0.0,0.0,,0.0,1,7.86,10.39,SPY190418C00265000,265.0,normalDay
2019-02-08,778.0,-703.0,0.0,100,270.47,275.0,0,0.0,0.0,,0.0,1,7.86,10.36,SPY190418C00265000,265.0,normalDay
2019-02-11,778.0,-684.0,0.0,100,270.62,275.0,0,0.0,0.0,,0.0,1,7.86,10.32,SPY190418C00265000,265.0,normalDay
2019-02-12,778.0,-590.0,0.0,100,274.1,275.0,0,0.0,0.0,,0.0,1,7.86,12.86,SPY190418C00265000,265.0,normalDay
2019-02-13,778.0,-548.0,0.0,100,274.99,275.0,0,0.0,0.0,,0.0,1,7.86,13.33,SPY190418C00265000,265.0,normalDay
2019-02-14,778.0,-568.0,0.0,100,274.38,275.0,0,0.0,0.0,,0.0,1,7.86,12.92,SPY190418C00265000,265.0,normalDay
2019-02-15,778.0,-484.0,0.0,100,277.37,275.0,0,0.0,0.0,,0.0,1,7.86,15.07,SPY190418C00265000,265.0,normalDay
2019-02-19,778.0,-428.0,0.0,100,277.85,275.0,0,0.0,0.0,,0.0,1,7.86,14.99,SPY190418C00265000,265.0,normalDay
2019-02-20,778.0,-425.0,0.0,100,278.41,275.0,0,0.0,0.0,,0.0,1,7.86,15.52,SPY190418C00265000,265.0,normalDay
2019-02-21,778.0,-445.0,0.0,100,277.42,275.0,0,0.0,0.0,,0.0,1,7.86,14.73,SPY190418C00265000,265.0,normalDay
2019-02-22,778.0,-389.0,0.0,100,279.14,275.0,0,0.0,0.0,,0.0,1,7.86,15.89,SPY190418C00265000,265.0,normalDay
2019-02-25,778.0,-396.0,0.0,100,279.52,275.0,0,0.0,0.0,,0.0,1,7.86,16.34,SPY190418C00265000,265.0,normalDay
2019-02-26,778.0,-386.0,0.0,100,279.32,275.0,0,0.0,0.0,,0.0,1,7.86,16.04,SPY190418C00265000,265.0,normalDay
2019-02-27,778.0,-400.0,0.0,100,279.2,275.0,0,0.0,0.0,,0.0,1,7.86,16.06,SPY190418C00265000,265.0,normalDay
2019-02-28,778.0,-386.0,0.0,100,278.68,275.0,0,0.0,0.0,,0.0,1,7.86,15.4,SPY190418C00265000,265.0,normalDay
2019-03-01,778.0,-348.0,0.0,100,280.42,275.0,0,0.0,0.0,,0.0,1,7.86,16.76,SPY190418C00265000,265.0,normalDay
2019-03-04,778.0,-347.0,0.0,100,279.4,275.0,0,0.0,0.0,,0.0,1,7.86,15.73,SPY190418C00265000,265.0,normalDay
2019-03-05,778.0,-352.0,0.0,100,279.02,275.0,0,0.0,0.0,,0.0,1,7.86,15.4,SPY190418C00265000,265.0,normalDay
2019-03-06,778.0,-387.0,0.0,100,277.33,275.0,0,0.0,0.0,,0.0,1,7.86,14.06,SPY190418C00265000,265.0,normalDay
2019-03-07,778.0,-455.0,0.0,100,275.01,275.0,0,0.0,0.0,,0.0,1,7.86,12.42,SPY190418C00265000,265.0,normalDay
2019-03-08,778.0,-449.0,0.0,100,274.46,275.0,0,0.0,0.0,,0.0,1,7.86,11.81,SPY190418C00265000,265.0,normalDay
2019-03-11,778.0,-308.0,0.0,100,278.44,275.0,0,0.0,0.0,,0.0,1,7.86,14.38,SPY190418C00265000,265.0,normalDay
2019-03-12,778.0,-269.0,0.0,100,279.49,275.0,0,0.0,0.0,,0.0,1,7.86,15.04,SPY190418C00265000,265.0,normalDay
2019-03-13,778.0,-272.0,0.0,100,281.34,275.0,0,0.0,0.0,,0.0,1,7.86,16.92,SPY190418C00265000,265.0,normalDay
2019-03-14,778.0,-238.0,0.0,100,281.16,275.0,0,0.0,0.0,,0.0,1,7.86,16.4,SPY190418C00265000,265.0,normalDay
2019-03-15,778.0,-341.0,0.0,100,281.31,275.0,0,0.0,0.0,,0.0,1,7.86,17.58,SPY190418C00265000,265.0,normalDay
2019-03-18,778.0,-357.0,0.0,100,282.33,275.0,0,0.0,0.0,,0.0,1,7.86,18.76,SPY190418C00265000,265.0,normalDay
2019-03-19,778.0,-322.0,0.0,100,282.4,275.0,0,0.0,0.0,,0.0,1,7.86,18.48,SPY190418C00265000,265.0,normalDay
2019-03-20,778.0,-325.0,0.0,100,281.55,275.0,0,0.0,0.0,,0.0,1,7.86,17.66,SPY190418C00265000,265.0,normalDay
2019-03-21,778.0,-306.0,0.0,100,284.73,275.0,0,0.0,0.0,,0.0,1,7.86,20.65,SPY190418C00265000,265.0,normalDay
2019-03-22,778.0,-444.0,0.0,100,279.25,275.0,0,0.0,0.0,,0.0,1,7.86,16.55,SPY190418C00265000,265.0,normalDay
2019-03-25,778.0,-383.0,0.0,100,279.04,275.0,0,0.0,0.0,,0.0,1,7.86,15.73,SPY190418C00265000,265.0,normalDay
2019-03-26,778.0,-303.0,0.0,100,281.12,275.0,0,0.0,0.0,,0.0,1,7.86,17.01,SPY190418C00265000,265.0,normalDay
2019-03-27,778.0,-344.0,0.0,100,279.65,275.0,0,0.0,0.0,,0.0,1,7.86,15.95,SPY190418C00265000,265.0,normalDay
2019-03-28,778.0,-326.0,0.0,100,280.71,275.0,0,0.0,0.0,,0.0,1,7.86,16.83,SPY190418C00265000,265.0,normalDay
2019-03-29,778.0,-317.0,0.0,100,282.48,275.0,0,0.0,0.0,,0.0,1,7.86,18.51,SPY190418C00265000,265.0,normalDay
2019-04-01,778.0,-261.0,0.0,100,285.83,275.0,0,0.0,0.0,,0.0,1,7.86,21.3,SPY190418C00265000,265.0,normalDay
2019-04-02,778.0,-245.0,0.0,100,285.97,275.0,0,0.0,0.0,,0.0,1,7.86,21.28,SPY190418C00265000,265.0,normalDay
2019-04-03,778.0,-285.0,0.0,100,286.42,275.0,0,0.0,0.0,,0.0,1,7.86,22.13,SPY190418C00265000,265.0,normalDay
2019-04-04,778.0,-264.0,0.0,100,287.18,275.0,0,0.0,0.0,,0.0,1,7.86,22.68,SPY190418C00265000,265.0,normalDay
2019-04-05,778.0,-261.0,0.0,100,288.57,275.0,0,0.0,0.0,,0.0,1,7.86,24.04,SPY190418C00265000,265.0,normalDay
2019-04-08,778.0,-254.0,0.0,100,288.79,275.0,0,0.0,0.0,,0.0,1,7.86,24.19,SPY190418C00265000,265.0,normalDay
2019-04-09,778.0,-235.0,0.0,100,287.31,275.0,0,0.0,0.0,,0.0,1,7.86,22.52,SPY190418C00265000,265.0,normalDay
2019-04-10,778.0,-260.0,0.0,100,288.29,275.0,0,0.0,0.0,,0.0,1,7.86,23.75,SPY190418C00265000,265.0,normalDay
2019-04-11,778.0,-236.0,0.0,100,288.21,275.0,0,0.0,0.0,,0.0,1,7.86,23.43,SPY190418C00265000,265.0,normalDay
2019-04-12,778.0,-245.0,0.0,100,290.16,275.0,0,0.0,0.0,,0.0,1,7.86,25.47,SPY190418C00265000,265.0,normalDay
2019-04-15,778.0,-237.0,0.0,100,289.97,275.0,0,0.0,0.0,,0.0,1,7.86,25.2,SPY190418C00265000,265.0,normalDay
2019-04-16,778.0,-216.0,0.0,100,290.16,275.0,0,0.0,0.0,,0.0,1,7.86,25.18,SPY190418C00265000,265.0,normalDay
2019-04-17,778.0,-204.0,0.0,100,289.45,275.0,0,0.0,0.0,,0.0,1,7.86,24.35,SPY190418C00265000,265.0,normalDay
2019-04-18,564.0,-204.0,-214.0,0,290.02,0.0,0,0.0,0.0,,0.0,1,7.86,0.0,SPY190418C00265000,265.0,expirationDay
2019-04-22,564.0,-4.0,0.0,0,290.27,0.0,1,0.73,0.77,SPY190503P00286000,286.0,0,0.0,0.0,,0.0,normalDay
2019-04-23,564.0,26.0,0.0,0,292.88,0.0,1,0.73,0.47,SPY190503P00286000,286.0,0,0.0,0.0,,0.0,normalDay
2019-04-24,564.0,21.0,0.0,0,292.23,0.0,1,0.73,0.52,SPY190503P00286000,286.0,0,0.0,0.0,,0.0,normalDay
2019-04-25,564.0,27.0,0.0,0,292.05,0.0,1,0.73,0.46,SPY190503P00286000,286.0,0,0.0,0.0,,0.0,normalDay
2019-04-26,564.0,46.0,0.0,0,293.41,0.0,1,0.73,0.27,SPY190503P00286000,286.0,0,0.0,0.0,,0.0,normalDay
2019-04-29,564.0,58.0,0.0,0,293.87,0.0,1,0.73,0.15,SPY190503P00286000,286.0,0,0.0,0.0,,0.0,normalDay
2019-04-30,564.0,63.0,0.0,0,294.02,0.0,1,0.73,0.1,SPY190503P00286000,286.0,0,0.0,0.0,,0.0,normalDay
2019-05-01,564.0,52.0,0.0,0,291.81,0.0,1,0.73,0.21,SPY190503P00286000,286.0,0,0.0,0.0,,0.0,normalDay
2019-05-02,564.0,67.0,0.0,0,291.18,0.0,1,0.73,0.06,SPY190503P00286000,286.0,0,0.0,0.0,,0.0,normalDay
2019-05-03,637.0,0.0,73.0,0,294.03,0.0,1,0.73,0.0,SPY190503P00286000,286.0,0,0.0,0.0,,0.0,expirationDay
2019-05-06,637.0,-4.0,0.0,0,292.82,0.0,1,1.94,1.98,SPY190517P00291000,291.0,0,0.0,0.0,,0.0,normalDay
2019-05-07,637.0,-290.0,0.0,0,287.93,0.0,1,1.94,4.84,SPY190517P00291000,291.0,0,0.0,0.0,,0.0,normalDay
2019-05-08,637.0,-298.0,0.0,0,287.53,0.0,1,1.94,4.92,SPY190517P00291000,291.0,0,0.0,0.0,,0.0,normalDay
2019-05-09,637.0,-348.0,0.0,0,286.66,0.0,1,1.94,5.42,SPY190517P00291000,291.0,0,0.0,0.0,,0.0,normalDay
2019-05-10,637.0,-203.0,0.0,0,288.1,0.0,1,1.94,3.97,SPY190517P00291000,291.0,0,0.0,0.0,,0.0,normalDay
2019-05-13,637.0,-857.0,0.0,0,280.86,0.0,1,1.94,10.51,SPY190517P00291000,291.0,0,0.0,0.0,,0.0,normalDay
2019-05-14,637.0,-578.0,0.0,0,283.4,0.0,1,1.94,7.72,SPY190517P00291000,291.0,0,0.0,0.0,,0.0,normalDay
2019-05-15,637.0,-391.0,0.0,0,285.06,0.0,1,1.94,5.85,SPY190517P00291000,291.0,0,0.0,0.0,,0.0,normalDay
2019-05-16,637.0,-142.0,0.0,0,287.7,0.0,1,1.94,3.36,SPY190517P00291000,291.0,0,0.0,0.0,,0.0,normalDay
2019-05-17,831.0,-516.0,194.0,100,285.84,291.0,1,1.94,0.0,SPY190517P00291000,291.0,0,0.0,0.0,,0.0,expirationDay
2019-05-20,831.0,-709.0,0.0,100,283.95,291.0,0,0.0,0.0,,0.0,1,1.61,1.65,SPY190719C00295000,295.0,normalDay
2019-05-21,831.0,-491.0,0.0,100,286.51,291.0,0,0.0,0.0,,0.0,1,1.61,2.03,SPY190719C00295000,295.0,normalDay
2019-05-22,831.0,-541.0,0.0,100,285.63,291.0,0,0.0,0.0,,0.0,1,1.61,1.65,SPY190719C00295000,295.0,normalDay
2019-05-23,831.0,-837.0,0.0,100,282.14,291.0,0,0.0,0.0,,0.0,1,1.61,1.12,SPY190719C00295000,295.0,normalDay
2019-05-24,831.0,-776.0,0.0,100,282.78,291.0,0,0.0,0.0,,0.0,1,1.61,1.15,SPY190719C00295000,295.0,normalDay
2019-05-28,831.0,-1002.0,0.0,100,280.15,291.0,0,0.0,0.0,,0.0,1,1.61,0.78,SPY190719C00295000,295.0,normalDay
2019-05-29,831.0,-1170.0,0.0,100,278.27,291.0,0,0.0,0.0,,0.0,1,1.61,0.58,SPY190719C00295000,295.0,normalDay
2019-05-30,831.0,-1096.0,0.0,100,279.03,291.0,0,0.0,0.0,,0.0,1,1.61,0.6,SPY190719C00295000,295.0,normalDay
2019-05-31,831.0,-1446.0,0.0,100,275.27,291.0,0,0.0,0.0,,0.0,1,1.61,0.34,SPY190719C00295000,295.0,normalDay
2019-06-03,831.0,-1510.0,0.0,100,274.57,291.0,0,0.0,0.0,,0.0,1,1.61,0.28,SPY190719C00295000,295.0,normalDay
2019-06-04,831.0,-948.0,0.0,100,280.53,291.0,0,0.0,0.0,,0.0,1,1.61,0.62,SPY190719C00295000,295.0,normalDay
2019-06-05,831.0,-730.0,0.0,100,282.96,291.0,0,0.0,0.0,,0.0,1,1.61,0.87,SPY190719C00295000,295.0,normalDay
2019-06-06,831.0,-569.0,0.0,100,284.8,291.0,0,0.0,0.0,,0.0,1,1.61,1.1,SPY190719C00295000,295.0,normalDay
2019-06-07,831.0,-356.0,0.0,100,287.65,291.0,0,0.0,0.0,,0.0,1,1.61,1.82,SPY190719C00295000,295.0,normalDay
2019-06-10,831.0,-256.0,0.0,100,288.97,291.0,0,0.0,0.0,,0.0,1,1.61,2.14,SPY190719C00295000,295.0,normalDay
2019-06-11,831.0,-254.0,0.0,100,288.9,291.0,0,0.0,0.0,,0.0,1,1.61,2.05,SPY190719C00295000,295.0,normalDay
2019-06-12,831.0,-277.0,0.0,100,288.39,291.0,0,0.0,0.0,,0.0,1,1.61,1.77,SPY190719C00295000,295.0,normalDay
2019-06-13,831.0,-195.0,0.0,100,289.58,291.0,0,0.0,0.0,,0.0,1,1.61,2.14,SPY190719C00295000,295.0,normalDay
2019-06-14,831.0,-201.0,0.0,100,289.26,291.0,0,0.0,0.0,,0.0,1,1.61,1.88,SPY190719C00295000,295.0,normalDay
2019-06-17,831.0,-175.0,0.0,100,289.37,291.0,0,0.0,0.0,,0.0,1,1.61,1.73,SPY190719C00295000,295.0,normalDay
2019-06-18,831.0,26.0,0.0,100,292.4,291.0,0,0.0,0.0,,0.0,1,1.61,2.75,SPY190719C00295000,295.0,normalDay
2019-06-19,831.0,87.0,0.0,100,293.06,291.0,0,0.0,0.0,,0.0,1,1.61,2.8,SPY190719C00295000,295.0,normalDay
2019-06-20,831.0,229.0,0.0,100,295.86,291.0,0,0.0,0.0,,0.0,1,1.61,4.18,SPY190719C00295000,295.0,normalDay
2019-06-21,831.0,53.0,0.0,100,294.0,291.0,0,0.0,0.0,,0.0,1,1.61,4.08,SPY190719C00295000,295.0,normalDay
2019-06-24,831.0,56.0,0.0,100,293.64,291.0,0,0.0,0.0,,0.0,1,1.61,3.69,SPY190719C00295000,295.0,normalDay
2019-06-25,831.0,-105.0,0.0,100,290.76,291.0,0,0.0,0.0,,0.0,1,1.61,2.42,SPY190719C00295000,295.0,normalDay
2019-06-26,831.0,-102.0,0.0,100,290.47,291.0,0,0.0,0.0,,0.0,1,1.61,2.1,SPY190719C00295000,295.0,normalDay
2019-06-27,831.0,-37.0,0.0,100,291.5,291.0,0,0.0,0.0,,0.0,1,1.61,2.48,SPY190719C00295000,295.0,normalDay
2019-06-28,831.0,40.0,0.0,100,293.0,291.0,0,0.0,0.0,,0.0,1,1.61,3.21,SPY190719C00295000,295.0,normalDay
2019-07-01,831.0,282.0,0.0,100,295.66,291.0,0,0.0,0.0,,0.0,1,1.61,3.45,SPY190719C00295000,295.0,normalDay
2019-07-02,831.0,345.0,0.0,100,296.43,291.0,0,0.0,0.0,,0.0,1,1.61,3.59,SPY190719C00295000,295.0,normalDay
2019-07-03,831.0,418.0,0.0,100,298.8,291.0,0,0.0,0.0,,0.0,1,1.61,5.23,SPY190719C00295000,295.0,normalDay
2019-07-05,831.0,466.0,0.0,100,298.46,291.0,0,0.0,0.0,,0.0,1,1.61,4.41,SPY190719C00295000,295.0,normalDay
2019-07-08,831.0,402.0,0.0,100,296.82,291.0,0,0.0,0.0,,0.0,1,1.61,3.41,SPY190719C00295000,295.0,normalDay
2019-07-09,831.0,432.0,0.0,100,297.19,291.0,0,0.0,0.0,,0.0,1,1.61,3.48,SPY190719C00295000,295.0,normalDay
2019-07-10,831.0,474.0,0.0,100,298.61,291.0,0,0.0,0.0,,0.0,1,1.61,4.48,SPY190719C00295000,295.0,normalDay
2019-07-11,831.0,494.0,0.0,100,299.31,291.0,0,0.0,0.0,,0.0,1,1.61,4.98,SPY190719C00295000,295.0,normalDay
2019-07-12,831.0,524.0,0.0,100,300.65,291.0,0,0.0,0.0,,0.0,1,1.61,6.02,SPY190719C00295000,295.0,normalDay
2019-07-15,831.0,536.0,0.0,100,300.75,291.0,0,0.0,0.0,,0.0,1,1.61,6.0,SPY190719C00295000,295.0,normalDay
2019-07-16,831.0,525.0,0.0,100,299.78,291.0,0,0.0,0.0,,0.0,1,1.61,5.14,SPY190719C00295000,295.0,normalDay
2019-07-17,831.0,521.0,0.0,100,297.74,291.0,0,0.0,0.0,,0.0,1,1.61,3.14,SPY190719C00295000,295.0,normalDay
2019-07-18,831.0,539.0,0.0,100,298.83,291.0,0,0.0,0.0,,0.0,1,1.61,4.05,SPY190719C00295000,295.0,normalDay
2019-07-19,1392.0,539.0,561.0,0,297.17,0.0,0,0.0,0.0,,0.0,1,1.61,0.0,SPY190719C00295000,295.0,expirationDay
2019-07-22,1392.0,-4.0,0.0,0,297.9,0.0,1,2.09,2.13,SPY190802P00297000,297.0,0,0.0,0.0,,0.0,normalDay
2019-07-23,1392.0,80.0,0.0,0,300.03,0.0,1,2.09,1.29,SPY190802P00297000,297.0,0,0.0,0.0,,0.0,normalDay
2019-07-24,1392.0,125.0,0.0,0,301.44,0.0,1,2.09,0.84,SPY190802P00297000,297.0,0,0.0,0.0,,0.0,normalDay
2019-07-25,1392.0,100.0,0.0,0,300.0,0.0,1,2.09,1.09,SPY190802P00297000,297.0,0,0.0,0.0,,0.0,normalDay
2019-07-26,1392.0,155.0,0.0,0,302.01,0.0,1,2.09,0.54,SPY190802P00297000,297.0,0,0.0,0.0,,0.0,normalDay
2019-07-29,1392.0,164.0,0.0,0,301.46,0.0,1,2.09,0.45,SPY190802P00297000,297.0,0,0.0,0.0,,0.0,normalDay
2019-07-30,1392.0,135.0,0.0,0,300.72,0.0,1,2.09,0.74,SPY190802P00297000,297.0,0,0.0,0.0,,0.0,normalDay
2019-07-31,1392.0,36.0,0.0,0,297.43,0.0,1,2.09,1.73,SPY190802P00297000,297.0,0,0.0,0.0,,0.0,normalDay
2019-08-01,1392.0,-33.0,0.0,0,294.84,0.0,1,2.09,2.42,SPY190802P00297000,297.0,0,0.0,0.0,,0.0,normalDay
2019-08-02,1601.0,-438.0,209.0,100,292.62,297.0,1,2.09,0.0,SPY190802P00297000,297.0,0,0.0,0.0,,0.0,expirationDay
2019-08-05,1601.0,-1324.0,0.0,100,283.82,297.0,0,0.0,0.0,,0.0,1,1.2,1.26,SPY191018C00304000,304.0,normalDay
2019-08-06,1601.0,-950.0,0.0,100,287.8,297.0,0,0.0,0.0,,0.0,1,1.2,1.5,SPY191018C00304000,304.0,normalDay
2019-08-07,1601.0,-925.0,0.0,100,287.97,297.0,0,0.0,0.0,,0.0,1,1.2,1.42,SPY191018C00304000,304.0,normalDay
2019-08-08,1601.0,-458.0,0.0,100,293.62,297.0,0,0.0,0.0,,0.0,1,1.2,2.4,SPY191018C00304000,304.0,normalDay
2019-08-09,1601.0,-626.0,0.0,100,291.62,297.0,0,0.0,0.0,,0.0,1,1.2,2.08,SPY191018C00304000,304.0,normalDay
2019-08-12,1601.0,-929.0,0.0,100,288.07,297.0,0,0.0,0.0,,0.0,1,1.2,1.56,SPY191018C00304000,304.0,normalDay
2019-08-13,1601.0,-539.0,0.0,100,292.55,297.0,0,0.0,0.0,,0.0,1,1.2,2.14,SPY191018C00304000,304.0,normalDay
2019-08-14,1601.0,-1298.0,0.0,100,283.9,297.0,0,0.0,0.0,,0.0,1,1.2,1.08,SPY191018C00304000,304.0,normalDay
2019-08-15,1601.0,-1222.0,0.0,100,284.65,297.0,0,0.0,0.0,,0.0,1,1.2,1.07,SPY191018C00304000,304.0,normalDay
2019-08-16,1601.0,-830.0,0.0,100,288.85,297.0,0,0.0,0.0,,0.0,1,1.2,1.35,SPY191018C00304000,304.0,normalDay
2019-08-19,1601.0,-510.0,0.0,100,292.33,297.0,0,0.0,0.0,,0.0,1,1.2,1.63,SPY191018C00304000,304.0,normalDay
2019-08-20,1601.0,-689.0,0.0,100,290.09,297.0,0,0.0,0.0,,0.0,1,1.2,1.18,SPY191018C00304000,304.0,normalDay
2019-08-21,1601.0,-487.0,0.0,100,292.45,297.0,0,0.0,0.0,,0.0,1,1.2,1.52,SPY191018C00304000,304.0,normalDay
2019-08-22,1601.0,-488.0,0.0,100,292.36,297.0,0,0.0,0.0,,0.0,1,1.2,1.44,SPY191018C00304000,304.0,normalDay
2019-08-23,1601.0,-1162.0,0.0,100,284.85,297.0,0,0.0,0.0,,0.0,1,1.2,0.67,SPY191018C00304000,304.0,normalDay
2019-08-26,1601.0,-871.0,0.0,100,288.0,297.0,0,0.0,0.0,,0.0,1,1.2,0.91,SPY191018C00304000,304.0,normalDay
2019-08-27,1601.0,-970.0,0.0,100,286.87,297.0,0,0.0,0.0,,0.0,1,1.2,0.77,SPY191018C00304000,304.0,normalDay
2019-08-28,1601.0,-788.0,0.0,100,288.89,297.0,0,0.0,0.0,,0.0,1,1.2,0.97,SPY191018C00304000,304.0,normalDay
2019-08-29,1601.0,-462.0,0.0,100,292.58,297.0,0,0.0,0.0,,0.0,1,1.2,1.4,SPY191018C00304000,304.0,normalDay
2019-08-30,1601.0,-471.0,0.0,100,292.45,297.0,0,0.0,0.0,,0.0,1,1.2,1.36,SPY191018C00304000,304.0,normalDay
2019-09-03,1601.0,-598.0,0.0,100,290.74,297.0,0,0.0,0.0,,0.0,1,1.2,0.92,SPY191018C00304000,304.0,normalDay
2019-09-04,1601.0,-298.0,0.0,100,294.04,297.0,0,0.0,0.0,,0.0,1,1.2,1.22,SPY191018C00304000,304.0,normalDay
2019-09-05,1601.0,2.0,0.0,100,297.82,297.0,0,0.0,0.0,,0.0,1,1.2,2.0,SPY191018C00304000,304.0,normalDay
2019-09-06,1601.0,32.0,0.0,100,298.05,297.0,0,0.0,0.0,,0.0,1,1.2,1.93,SPY191018C00304000,304.0,normalDay
2019-09-09,1601.0,68.0,0.0,100,298.2,297.0,0,0.0,0.0,,0.0,1,1.2,1.72,SPY191018C00304000,304.0,normalDay
2019-09-10,1601.0,72.0,0.0,100,298.13,297.0,0,0.0,0.0,,0.0,1,1.2,1.61,SPY191018C00304000,304.0,normalDay
2019-09-11,1601.0,213.0,0.0,100,300.25,297.0,0,0.0,0.0,,0.0,1,1.2,2.32,SPY191018C00304000,304.0,normalDay
2019-09-12,1601.0,282.0,0.0,100,301.29,297.0,0,0.0,0.0,,0.0,1,1.2,2.67,SPY191018C00304000,304.0,normalDay
2019-09-13,1601.0,295.0,0.0,100,301.09,297.0,0,0.0,0.0,,0.0,1,1.2,2.34,SPY191018C00304000,304.0,normalDay
2019-09-16,1601.0,232.0,0.0,100,300.16,297.0,0,0.0,0.0,,0.0,1,1.2,2.04,SPY191018C00304000,304.0,normalDay
2019-09-17,1601.0,292.0,0.0,100,300.92,297.0,0,0.0,0.0,,0.0,1,1.2,2.2,SPY191018C00304000,304.0,normalDay
2019-09-18,1601.0,317.0,0.0,100,301.1,297.0,0,0.0,0.0,,0.0,1,1.2,2.13,SPY191018C00304000,304.0,normalDay
2019-09-19,1601.0,330.0,0.0,100,301.08,297.0,0,0.0,0.0,,0.0,1,1.2,1.98,SPY191018C00304000,304.0,normalDay
2019-09-20,1601.0,90.0,0.0,100,298.28,297.0,0,0.0,0.0,,0.0,1,1.2,1.58,SPY191018C00304000,304.0,normalDay
2019-09-23,1601.0,108.0,0.0,100,298.21,297.0,0,0.0,0.0,,0.0,1,1.2,1.33,SPY191018C00304000,304.0,normalDay
2019-09-24,1601.0,-90.0,0.0,100,295.87,297.0,0,0.0,0.0,,0.0,1,1.2,0.97,SPY191018C00304000,304.0,normalDay
2019-09-25,1601.0,75.0,0.0,100,297.62,297.0,0,0.0,0.0,,0.0,1,1.2,1.07,SPY191018C00304000,304.0,normalDay
2019-09-26,1601.0,31.0,0.0,100,297.0,297.0,0,0.0,0.0,,0.0,1,1.2,0.89,SPY191018C00304000,304.0,normalDay
2019-09-27,1601.0,-102.0,0.0,100,295.4,297.0,0,0.0,0.0,,0.0,1,1.2,0.62,SPY191018C00304000,304.0,normalDay
2019-09-30,1601.0,32.0,0.0,100,296.77,297.0,0,0.0,0.0,,0.0,1,1.2,0.65,SPY191018C00304000,304.0,normalDay
2019-10-01,1601.0,-281.0,0.0,100,293.24,297.0,0,0.0,0.0,,0.0,1,1.2,0.25,SPY191018C00304000,304.0,normalDay
2019-10-02,1601.0,-785.0,0.0,100,288.06,297.0,0,0.0,0.0,,0.0,1,1.2,0.11,SPY191018C00304000,304.0,normalDay
2019-10-03,1601.0,-548.0,0.0,100,290.42,297.0,0,0.0,0.0,,0.0,1,1.2,0.1,SPY191018C00304000,304.0,normalDay
2019-10-04,1601.0,-162.0,0.0,100,294.35,297.0,0,0.0,0.0,,0.0,1,1.2,0.17,SPY191018C00304000,304.0,normalDay
2019-10-07,1601.0,-281.0,0.0,100,293.08,297.0,0,0.0,0.0,,0.0,1,1.2,0.09,SPY191018C00304000,304.0,normalDay
2019-10-08,1601.0,-731.0,0.0,100,288.53,297.0,0,0.0,0.0,,0.0,1,1.2,0.04,SPY191018C00304000,304.0,normalDay
2019-10-09,1601.0,-458.0,0.0,100,291.27,297.0,0,0.0,0.0,,0.0,1,1.2,0.05,SPY191018C00304000,304.0,normalDay
2019-10-10,1601.0,-266.0,0.0,100,293.24,297.0,0,0.0,0.0,,0.0,1,1.2,0.1,SPY191018C00304000,304.0,normalDay
2019-10-11,1601.0,33.0,0.0,100,296.28,297.0,0,0.0,0.0,,0.0,1,1.2,0.15,SPY191018C00304000,304.0,normalDay
2019-10-14,1601.0,13.0,0.0,100,295.95,297.0,0,0.0,0.0,,0.0,1,1.2,0.02,SPY191018C00304000,304.0,normalDay
2019-10-15,1601.0,298.0,0.0,100,298.88,297.0,0,0.0,0.0,,0.0,1,1.2,0.1,SPY191018C00304000,304.0,normalDay
2019-10-16,1601.0,257.0,0.0,100,298.4,297.0,0,0.0,0.0,,0.0,1,1.2,0.03,SPY191018C00304000,304.0,normalDay
2019-10-17,1601.0,346.0,0.0,100,299.28,297.0,0,0.0,0.0,,0.0,1,1.2,0.02,SPY191018C00304000,304.0,normalDay
2019-10-18,1721.0,97.0,120.0,100,297.97,297.0,0,0.0,0.0,,0.0,1,1.2,0.0,SPY191018C00304000,304.0,expirationDay
2019-10-21,1721.0,291.0,0.0,100,299.99,297.0,0,0.0,0.0,,0.0,1,7.03,7.11,SPY191231C00300000,300.0,normalDay
2019-10-22,1721.0,258.0,0.0,100,299.01,297.0,0,0.0,0.0,,0.0,1,7.03,6.46,SPY191231C00300000,300.0,normalDay
2019-10-23,1721.0,297.0,0.0,100,299.88,297.0,0,0.0,0.0,,0.0,1,7.03,6.94,SPY191231C00300000,300.0,normalDay
2019-10-24,1721.0,350.0,0.0,100,300.37,297.0,0,0.0,0.0,,0.0,1,7.03,6.9,SPY191231C00300000,300.0,normalDay
2019-10-25,1721.0,421.0,0.0,100,301.6,297.0,0,0.0,0.0,,0.0,1,7.03,7.42,SPY191231C00300000,300.0,normalDay
2019-10-28,1721.0,483.0,0.0,100,303.3,297.0,0,0.0,0.0,,0.0,1,7.03,8.5,SPY191231C00300000,300.0,normalDay
2019-10-29,1721.0,484.0,0.0,100,303.21,297.0,0,0.0,0.0,,0.0,1,7.03,8.4,SPY191231C00300000,300.0,normalDay
2019-10-30,1721.0,511.0,0.0,100,304.14,297.0,0,0.0,0.0,,0.0,1,7.03,9.06,SPY191231C00300000,300.0,normalDay
2019-10-31,1721.0,505.0,0.0,100,303.33,297.0,0,0.0,0.0,,0.0,1,7.03,8.31,SPY191231C00300000,300.0,normalDay
2019-11-01,1721.0,608.0,0.0,100,306.14,297.0,0,0.0,0.0,,0.0,1,7.03,10.09,SPY191231C00300000,300.0,normalDay
2019-11-04,1721.0,648.0,0.0,100,307.37,297.0,0,0.0,0.0,,0.0,1,7.03,10.92,SPY191231C00300000,300.0,normalDay
2019-11-05,1721.0,637.0,0.0,100,307.03,297.0,0,0.0,0.0,,0.0,1,7.03,10.69,SPY191231C00300000,300.0,normalDay
2019-11-06,1721.0,631.0,0.0,100,307.1,297.0,0,0.0,0.0,,0.0,1,7.03,10.82,SPY191231C00300000,300.0,normalDay
2019-11-07,1721.0,668.0,0.0,100,308.18,297.0,0,0.0,0.0,,0.0,1,7.03,11.53,SPY191231C00300000,300.0,normalDay
2019-11-08,1721.0,695.0,0.0,100,308.94,297.0,0,0.0,0.0,,0.0,1,7.03,12.02,SPY191231C00300000,300.0,normalDay
2019-11-11,1721.0,691.0,0.0,100,308.35,297.0,0,0.0,0.0,,0.0,1,7.03,11.47,SPY191231C00300000,300.0,normalDay
2019-11-12,1721.0,739.0,0.0,100,309.0,297.0,0,0.0,0.0,,0.0,1,7.03,11.64,SPY191231C00300000,300.0,normalDay
2019-11-13,1721.0,723.0,0.0,100,309.1,297.0,0,0.0,0.0,,0.0,1,7.03,11.9,SPY191231C00300000,300.0,normalDay
2019-11-14,1721.0,736.0,0.0,100,309.55,297.0,0,0.0,0.0,,0.0,1,7.03,12.22,SPY191231C00300000,300.0,normalDay
2019-11-15,1721.0,810.0,0.0,100,311.79,297.0,0,0.0,0.0,,0.0,1,7.03,13.72,SPY191231C00300000,300.0,normalDay
2019-11-18,1721.0,814.0,0.0,100,312.02,297.0,0,0.0,0.0,,0.0,1,7.03,13.91,SPY191231C00300000,300.0,normalDay
2019-11-19,1721.0,825.0,0.0,100,311.93,297.0,0,0.0,0.0,,0.0,1,7.03,13.71,SPY191231C00300000,300.0,normalDay
2019-11-20,1721.0,807.0,0.0,100,310.77,297.0,0,0.0,0.0,,0.0,1,7.03,12.73,SPY191231C00300000,300.0,normalDay
2019-11-21,1721.0,787.0,0.0,100,310.27,297.0,0,0.0,0.0,,0.0,1,7.03,12.43,SPY191231C00300000,300.0,normalDay
2019-11-22,1721.0,812.0,0.0,100,310.96,297.0,0,0.0,0.0,,0.0,1,7.03,12.87,SPY191231C00300000,300.0,normalDay
2019-11-25,1721.0,886.0,0.0,100,313.37,297.0,0,0.0,0.0,,0.0,1,7.03,14.54,SPY191231C00300000,300.0,normalDay
2019-11-26,1721.0,872.0,0.0,100,314.08,297.0,0,0.0,0.0,,0.0,1,7.03,15.39,SPY191231C00300000,300.0,normalDay
2019-11-27,1721.0,903.0,0.0,100,315.48,297.0,0,0.0,0.0,,0.0,1,7.03,16.48,SPY191231C00300000,300.0,normalDay
2019-11-29,1721.0,853.0,0.0,100,314.31,297.0,0,0.0,0.0,,0.0,1,7.03,15.81,SPY191231C00300000,300.0,normalDay
2019-12-02,1721.0,845.0,0.0,100,311.64,297.0,0,0.0,0.0,,0.0,1,7.03,13.22,SPY191231C00300000,300.0,normalDay
2019-12-03,1721.0,811.0,0.0,100,309.55,297.0,0,0.0,0.0,,0.0,1,7.03,11.47,SPY191231C00300000,300.0,normalDay
2019-12-04,1721.0,880.0,0.0,100,311.46,297.0,0,0.0,0.0,,0.0,1,7.03,12.69,SPY191231C00300000,300.0,normalDay
2019-12-05,1721.0,875.0,0.0,100,312.02,297.0,0,0.0,0.0,,0.0,1,7.03,13.3,SPY191231C00300000,300.0,normalDay
2019-12-06,1721.0,929.0,0.0,100,314.87,297.0,0,0.0,0.0,,0.0,1,7.03,15.61,SPY191231C00300000,300.0,normalDay
2019-12-09,1721.0,922.0,0.0,100,313.88,297.0,0,0.0,0.0,,0.0,1,7.03,14.69,SPY191231C00300000,300.0,normalDay
2019-12-10,1721.0,892.0,0.0,100,313.53,297.0,0,0.0,0.0,,0.0,1,7.03,14.64,SPY191231C00300000,300.0,normalDay
2019-12-11,1721.0,916.0,0.0,100,314.42,297.0,0,0.0,0.0,,0.0,1,7.03,15.29,SPY191231C00300000,300.0,normalDay
2019-12-12,1721.0,972.0,0.0,100,317.13,297.0,0,0.0,0.0,,0.0,1,7.03,17.44,SPY191231C00300000,300.0,normalDay
2019-12-13,1721.0,966.0,0.0,100,317.32,297.0,0,0.0,0.0,,0.0,1,7.03,17.69,SPY191231C00300000,300.0,normalDay
2019-12-16,1721.0,958.0,0.0,100,319.5,297.0,0,0.0,0.0,,0.0,1,7.03,19.95,SPY191231C00300000,300.0,normalDay
2019-12-17,1721.0,990.0,0.0,100,319.57,297.0,0,0.0,0.0,,0.0,1,7.03,19.7,SPY191231C00300000,300.0,normalDay
2019-12-18,1721.0,980.0,0.0,100,319.59,297.0,0,0.0,0.0,,0.0,1,7.03,19.82,SPY191231C00300000,300.0,normalDay
2019-12-19,1721.0,983.0,0.0,100,320.9,297.0,0,0.0,0.0,,0.0,1,7.03,21.1,SPY191231C00300000,300.0,normalDay
2019-12-20,1721.0,918.0,0.0,100,320.73,297.0,0,0.0,0.0,,0.0,1,7.03,21.58,SPY191231C00300000,300.0,normalDay
2019-12-23,1721.0,965.0,0.0,100,321.22,297.0,0,0.0,0.0,,0.0,1,7.03,21.6,SPY191231C00300000,300.0,normalDay
2019-12-24,1721.0,961.0,0.0,100,321.23,297.0,0,0.0,0.0,,0.0,1,7.03,21.65,SPY191231C00300000,300.0,normalDay
2019-12-26,1721.0,974.0,0.0,100,322.94,297.0,0,0.0,0.0,,0.0,1,7.03,23.23,SPY191231C00300000,300.0,normalDay
2019-12-27,1721.0,1002.0,0.0,100,322.86,297.0,0,0.0,0.0,,0.0,1,7.03,22.87,SPY191231C00300000,300.0,normalDay
2019-12-30,1721.0,974.0,0.0,100,321.08,297.0,0,0.0,0.0,,0.0,1,7.03,21.37,SPY191231C00300000,300.0,normalDay
2019-12-31,2724.0,974.0,1003.0,0,321.86,0.0,0,0.0,0.0,,0.0,1,7.03,0.0,SPY191231C00300000,300.0,expirationDay
2020-01-02,2724.0,-4.0,0.0,0,324.87,0.0,1,0.5,0.54,SPY200113P00319000,319.0,0,0.0,0.0,,0.0,normalDay
2020-01-03,2724.0,-63.0,0.0,0,322.41,0.0,1,0.5,1.13,SPY200113P00319000,319.0,0,0.0,0.0,,0.0,normalDay
2020-01-06,2724.0,-4.0,0.0,0,323.64,0.0,1,0.5,0.54,SPY200113P00319000,319.0,0,0.0,0.0,,0.0,normalDay
2020-01-07,2724.0,-11.0,0.0,0,322.73,0.0,1,0.5,0.61,SPY200113P00319000,319.0,0,0.0,0.0,,0.0,normalDay
2020-01-08,2724.0,19.0,0.0,0,324.45,0.0,1,0.5,0.31,SPY200113P00319000,319.0,0,0.0,0.0,,0.0,normalDay
2020-01-09,2724.0,42.0,0.0,0,326.65,0.0,1,0.5,0.08,SPY200113P00319000,319.0,0,0.0,0.0,,0.0,normalDay
2020-01-10,2724.0,46.0,0.0,0,325.71,0.0,1,0.5,0.04,SPY200113P00319000,319.0,0,0.0,0.0,,0.0,normalDay
2020-01-13,2774.0,0.0,50.0,0,327.95,0.0,1,0.5,0.0,SPY200113P00319000,319.0,0,0.0,0.0,,0.0,expirationDay
2020-01-14,2774.0,-4.0,0.0,0,327.45,0.0,1,0.68,0.72,SPY200124P00323000,323.0,0,0.0,0.0,,0.0,normalDay
2020-01-15,2774.0,18.0,0.0,0,328.19,0.0,1,0.68,0.5,SPY200124P00323000,323.0,0,0.0,0.0,,0.0,normalDay
2020-01-16,2774.0,43.0,0.0,0,330.92,0.0,1,0.68,0.25,SPY200124P00323000,323.0,0,0.0,0.0,,0.0,normalDay
2020-01-17,2774.0,58.0,0.0,0,331.95,0.0,1,0.68,0.1,SPY200124P00323000,323.0,0,0.0,0.0,,0.0,normalDay
2020-01-21,2774.0,60.0,0.0,0,331.3,0.0,1,0.68,0.08,SPY200124P00323000,323.0,0,0.0,0.0,,0.0,normalDay
2020-01-22,2774.0,64.0,0.0,0,331.34,0.0,1,0.68,0.04,SPY200124P00323000,323.0,0,0.0,0.0,,0.0,normalDay
2020-01-23,2774.0,66.0,0.0,0,331.72,0.0,1,0.68,0.02,SPY200124P00323000,323.0,0,0.0,0.0,,0.0,normalDay
2020-01-24,2842.0,0.0,68.0,0,328.77,0.0,1,0.68,0.0,SPY200124P00323000,323.0,0,0.0,0.0,,0.0,expirationDay
2020-01-27,2842.0,-5.0,0.0,0,323.5,0.0,1,5.2,5.25,SPY200207P00326000,326.0,0,0.0,0.0,,0.0,normalDay
2020-01-28,2842.0,214.0,0.0,0,326.89,0.0,1,5.2,3.06,SPY200207P00326000,326.0,0,0.0,0.0,,0.0,normalDay
2020-01-29,2842.0,215.0,0.0,0,326.62,0.0,1,5.2,3.05,SPY200207P00326000,326.0,0,0.0,0.0,,0.0,normalDay
2020-01-30,2842.0,321.0,0.0,0,327.68,0.0,1,5.2,1.99,SPY200207P00326000,326.0,0,0.0,0.0,,0.0,normalDay
2020-01-31,2842.0,-28.0,0.0,0,321.73,0.0,1,5.2,5.48,SPY200207P00326000,326.0,0,0.0,0.0,,0.0,normalDay
2020-02-03,2842.0,145.0,0.0,0,324.12,0.0,1,5.2,3.75,SPY200207P00326000,326.0,0,0.0,0.0,,0.0,normalDay
2020-02-04,2842.0,425.0,0.0,0,329.06,0.0,1,5.2,0.95,SPY200207P00326000,326.0,0,0.0,0.0,,0.0,normalDay
2020-02-05,2842.0,506.0,0.0,0,332.86,0.0,1,5.2,0.14,SPY200207P00326000,326.0,0,0.0,0.0,,0.0,normalDay
2020-02-06,2842.0,517.0,0.0,0,333.98,0.0,1,5.2,0.03,SPY200207P00326000,326.0,0,0.0,0.0,,0.0,normalDay
2020-02-07,3362.0,0.0,520.0,0,332.2,0.0,1,5.2,0.0,SPY200207P00326000,326.0,0,0.0,0.0,,0.0,expirationDay
2020-02-10,3362.0,-4.0,0.0,0,334.68,0.0,1,1.08,1.12,SPY200221P00329000,329.0,0,0.0,0.0,,0.0,normalDay
2020-02-11,3362.0,13.0,0.0,0,335.26,0.0,1,1.08,0.95,SPY200221P00329000,329.0,0,0.0,0.0,,0.0,normalDay
2020-02-12,3362.0,64.0,0.0,0,337.42,0.0,1,1.08,0.44,SPY200221P00329000,329.0,0,0.0,0.0,,0.0,normalDay
2020-02-13,3362.0,62.0,0.0,0,337.06,0.0,1,1.08,0.46,SPY200221P00329000,329.0,0,0.0,0.0,,0.0,normalDay
2020-02-14,3362.0,81.0,0.0,0,337.6,0.0,1,1.08,0.27,SPY200221P00329000,329.0,0,0.0,0.0,,0.0,normalDay
2020-02-18,3362.0,91.0,0.0,0,336.73,0.0,1,1.08,0.17,SPY200221P00329000,329.0,0,0.0,0.0,,0.0,normalDay
2020-02-19,3362.0,102.0,0.0,0,338.34,0.0,1,1.08,0.06,SPY200221P00329000,329.0,0,0.0,0.0,,0.0,normalDay
2020-02-20,3362.0,104.0,0.0,0,336.95,0.0,1,1.08,0.04,SPY200221P00329000,329.0,0,0.0,0.0,,0.0,normalDay
2020-02-21,3470.0,0.0,108.0,0,333.48,0.0,1,1.08,0.0,SPY200221P00329000,329.0,0,0.0,0.0,,0.0,expirationDay
2020-02-24,3470.0,-9.0,0.0,0,322.42,0.0,1,10.37,10.46,SPY200306P00331000,331.0,0,0.0,0.0,,0.0,normalDay
2020-02-25,3470.0,-789.0,0.0,0,312.65,0.0,1,10.37,18.26,SPY200306P00331000,331.0,0,0.0,0.0,,0.0,normalDay
2020-02-26,3470.0,-988.0,0.0,0,311.5,0.0,1,10.37,20.25,SPY200306P00331000,331.0,0,0.0,0.0,,0.0,normalDay
2020-02-27,3470.0,-2341.0,0.0,0,297.51,0.0,1,10.37,33.78,SPY200306P00331000,331.0,0,0.0,0.0,,0.0,normalDay
2020-02-28,3470.0,-2420.0,0.0,0,296.26,0.0,1,10.37,34.57,SPY200306P00331000,331.0,0,0.0,0.0,,0.0,normalDay
2020-03-02,3470.0,-1167.0,0.0,0,309.09,0.0,1,10.37,22.04,SPY200306P00331000,331.0,0,0.0,0.0,,0.0,normalDay
2020-03-03,3470.0,-1927.0,0.0,0,300.24,0.0,1,10.37,29.64,SPY200306P00331000,331.0,0,0.0,0.0,,0.0,normalDay
2020-03-04,3470.0,-885.0,0.0,0,312.86,0.0,1,10.37,19.22,SPY200306P00331000,331.0,0,0.0,0.0,,0.0,normalDay
2020-03-05,3470.0,-1867.0,0.0,0,302.46,0.0,1,10.37,29.04,SPY200306P00331000,331.0,0,0.0,0.0,,0.0,normalDay
2020-03-06,4507.0,-3354.0,1037.0,100,297.46,331.0,1,10.37,0.0,SPY200306P00331000,331.0,0,0.0,0.0,,0.0,expirationDay
2020-03-09,4507.0,-5685.0,0.0,100,274.23,331.0,0,0.0,0.0,,0.0,1,0.35,0.43,SPY200515C00345000,345.0,normalDay
2020-03-10,4507.0,-4268.0,0.0,100,288.42,331.0,0,0.0,0.0,,0.0,1,0.35,0.45,SPY200515C00345000,345.0,normalDay
2020-03-11,4507.0,-5659.0,0.0,100,274.36,331.0,0,0.0,0.0,,0.0,1,0.35,0.3,SPY200515C00345000,345.0,normalDay
2020-03-12,4507.0,-8274.0,0.0,100,248.11,331.0,0,0.0,0.0,,0.0,1,0.35,0.2,SPY200515C00345000,345.0,normalDay
2020-03-13,4507.0,-6162.0,0.0,100,269.32,331.0,0,0.0,0.0,,0.0,1,0.35,0.29,SPY200515C00345000,345.0,normalDay
2020-03-16,4507.0,-9101.0,0.0,100,239.85,331.0,0,0.0,0.0,,0.0,1,0.35,0.21,SPY200515C00345000,345.0,normalDay
2020-03-17,4507.0,-7814.0,0.0,100,252.8,331.0,0,0.0,0.0,,0.0,1,0.35,0.29,SPY200515C00345000,345.0,normalDay
2020-03-18,4507.0,-9085.0,0.0,100,240.0,331.0,0,0.0,0.0,,0.0,1,0.35,0.2,SPY200515C00345000,345.0,normalDay
2020-03-19,4507.0,-9026.0,0.0,100,240.51,331.0,0,0.0,0.0,,0.0,1,0.35,0.12,SPY200515C00345000,345.0,normalDay
2020-03-20,4507.0,-10193.0,0.0,100,228.8,331.0,0,0.0,0.0,,0.0,1,0.35,0.08,SPY200515C00345000,345.0,normalDay
2020-03-23,4507.0,-10781.0,0.0,100,222.95,331.0,0,0.0,0.0,,0.0,1,0.35,0.11,SPY200515C00345000,345.0,normalDay
2020-03-24,4507.0,-8769.0,0.0,100,243.15,331.0,0,0.0,0.0,,0.0,1,0.35,0.19,SPY200515C00345000,345.0,normalDay
2020-03-25,4507.0,-8401.0,0.0,100,246.79,331.0,0,0.0,0.0,,0.0,1,0.35,0.15,SPY200515C00345000,345.0,normalDay
2020-03-26,4507.0,-6964.0,0.0,100,261.2,331.0,0,0.0,0.0,,0.0,1,0.35,0.19,SPY200515C00345000,345.0,normalDay
2020-03-27,4507.0,-7735.0,0.0,100,253.42,331.0,0,0.0,0.0,,0.0,1,0.35,0.12,SPY200515C00345000,345.0,normalDay
2020-03-30,4507.0,-6912.0,0.0,100,261.65,331.0,0,0.0,0.0,,0.0,1,0.35,0.12,SPY200515C00345000,345.0,normalDay
2020-03-31,4507.0,-7295.0,0.0,100,257.75,331.0,0,0.0,0.0,,0.0,1,0.35,0.05,SPY200515C00345000,345.0,normalDay
2020-04-01,4507.0,-8455.0,0.0,100,246.15,331.0,0,0.0,0.0,,0.0,1,0.35,0.05,SPY200515C00345000,345.0,normalDay
2020-04-02,4507.0,-7887.0,0.0,100,251.83,331.0,0,0.0,0.0,,0.0,1,0.35,0.05,SPY200515C00345000,345.0,normalDay
2020-04-03,4507.0,-8249.0,0.0,100,248.19,331.0,0,0.0,0.0,,0.0,1,0.35,0.03,SPY200515C00345000,345.0,normalDay
2020-04-06,4507.0,-6583.0,0.0,100,264.86,331.0,0,0.0,0.0,,0.0,1,0.35,0.04,SPY200515C00345000,345.0,normalDay
2020-04-07,4507.0,-6557.0,0.0,100,265.13,331.0,0,0.0,0.0,,0.0,1,0.35,0.05,SPY200515C00345000,345.0,normalDay
2020-04-08,4507.0,-5668.0,0.0,100,274.03,331.0,0,0.0,0.0,,0.0,1,0.35,0.06,SPY200515C00345000,345.0,normalDay
2020-04-09,4507.0,-5253.0,0.0,100,278.2,331.0,0,0.0,0.0,,0.0,1,0.35,0.08,SPY200515C00345000,345.0,normalDay
2020-04-13,4507.0,-5505.0,0.0,100,275.66,331.0,0,0.0,0.0,,0.0,1,0.35,0.06,SPY200515C00345000,345.0,normalDay
2020-04-14,4507.0,-4693.0,0.0,100,283.79,331.0,0,0.0,0.0,,0.0,1,0.35,0.07,SPY200515C00345000,345.0,normalDay
2020-04-15,4507.0,-5294.0,0.0,100,277.76,331.0,0,0.0,0.0,,0.0,1,0.35,0.05,SPY200515C00345000,345.0,normalDay
2020-04-16,4507.0,-5159.0,0.0,100,279.1,331.0,0,0.0,0.0,,0.0,1,0.35,0.04,SPY200515C00345000,345.0,normalDay
2020-04-17,4507.0,-4406.0,0.0,100,286.64,331.0,0,0.0,0.0,,0.0,1,0.35,0.05,SPY200515C00345000,345.0,normalDay
2020-04-20,4507.0,-4910.0,0.0,100,281.59,331.0,0,0.0,0.0,,0.0,1,0.35,0.04,SPY200515C00345000,345.0,normalDay
2020-04-21,4507.0,-5764.0,0.0,100,273.04,331.0,0,0.0,0.0,,0.0,1,0.35,0.03,SPY200515C00345000,345.0,normalDay
2020-04-22,4507.0,-5157.0,0.0,100,279.1,331.0,0,0.0,0.0,,0.0,1,0.35,0.02,SPY200515C00345000,345.0,normalDay
2020-04-23,4507.0,-5159.0,0.0,100,279.08,331.0,0,0.0,0.0,,0.0,1,0.35,0.02,SPY200515C00345000,345.0,normalDay
2020-04-24,4507.0,-4770.0,0.0,100,282.97,331.0,0,0.0,0.0,,0.0,1,0.35,0.02,SPY200515C00345000,345.0,normalDay
2020-04-27,4507.0,-4362.0,0.0,100,287.05,331.0,0,0.0,0.0,,0.0,1,0.35,0.02,SPY200515C00345000,345.0,normalDay
2020-04-28,4507.0,-4494.0,0.0,100,285.73,331.0,0,0.0,0.0,,0.0,1,0.35,0.02,SPY200515C00345000,345.0,normalDay
2020-04-29,4507.0,-3747.0,0.0,100,293.21,331.0,0,0.0,0.0,,0.0,1,0.35,0.03,SPY200515C00345000,345.0,normalDay
2020-04-30,4507.0,-4020.0,0.0,100,290.48,331.0,0,0.0,0.0,,0.0,1,0.35,0.03,SPY200515C00345000,345.0,normalDay
2020-05-01,4507.0,-4787.0,0.0,100,282.79,331.0,0,0.0,0.0,,0.0,1,0.35,0.01,SPY200515C00345000,345.0,normalDay
2020-05-04,4507.0,-4709.0,0.0,100,283.57,331.0,0,0.0,0.0,,0.0,1,0.35,0.01,SPY200515C00345000,345.0,normalDay
2020-05-05,4507.0,-4447.0,0.0,100,286.19,331.0,0,0.0,0.0,,0.0,1,0.35,0.01,SPY200515C00345000,345.0,normalDay
2020-05-06,4507.0,-4641.0,0.0,100,284.25,331.0,0,0.0,0.0,,0.0,1,0.35,0.01,SPY200515C00345000,345.0,normalDay
2020-05-07,4507.0,-4298.0,0.0,100,287.68,331.0,0,0.0,0.0,,0.0,1,0.35,0.01,SPY200515C00345000,345.0,normalDay
2020-05-08,4507.0,-3822.0,0.0,100,292.44,331.0,0,0.0,0.0,,0.0,1,0.35,0.01,SPY200515C00345000,345.0,normalDay
2020-05-11,4507.0,-3816.0,0.0,100,292.5,331.0,0,0.0,0.0,,0.0,1,0.35,0.01,SPY200515C00345000,345.0,normalDay
2020-05-12,4507.0,-4399.0,0.0,100,286.67,331.0,0,0.0,0.0,,0.0,1,0.35,0.01,SPY200515C00345000,345.0,normalDay
2020-05-13,4507.0,-4906.0,0.0,100,281.6,331.0,0,0.0,0.0,,0.0,1,0.35,0.01,SPY200515C00345000,345.0,normalDay
2020-05-14,4507.0,-4569.0,0.0,100,284.97,331.0,0,0.0,0.0,,0.0,1,0.35,0.01,SPY200515C00345000,345.0,normalDay
2020-05-15,4542.0,-4472.0,35.0,100,286.28,331.0,0,0.0,0.0,,0.0,1,0.35,0.0,SPY200515C00345000,345.0,expirationDay
2020-05-18,4542.0,-3609.0,0.0,100,295.0,331.0,0,0.0,0.0,,0.0,1,12.36,12.45,SPY200717C00293000,293.0,normalDay
2020-05-19,4542.0,-3779.0,0.0,100,291.97,331.0,0,0.0,0.0,,0.0,1,12.36,11.12,SPY200717C00293000,293.0,normalDay
2020-05-20,4542.0,-3528.0,0.0,100,296.93,331.0,0,0.0,0.0,,0.0,1,12.36,13.57,SPY200717C00293000,293.0,normalDay
2020-05-21,4542.0,-3604.0,0.0,100,294.88,331.0,0,0.0,0.0,,0.0,1,12.36,12.28,SPY200717C00293000,293.0,normalDay
2020-05-22,4542.0,-3573.0,0.0,100,295.44,331.0,0,0.0,0.0,,0.0,1,12.36,12.53,SPY200717C00293000,293.0,normalDay
2020-05-26,4542.0,-3385.0,0.0,100,299.08,331.0,0,0.0,0.0,,0.0,1,12.36,14.29,SPY200717C00293000,293.0,normalDay
2020-05-27,4542.0,-3217.0,0.0,100,303.53,331.0,0,0.0,0.0,,0.0,1,12.36,17.06,SPY200717C00293000,293.0,normalDay
2020-05-28,4542.0,-3307.0,0.0,100,302.97,331.0,0,0.0,0.0,,0.0,1,12.36,17.4,SPY200717C00293000,293.0,normalDay
2020-05-29,4542.0,-3229.0,0.0,100,304.32,331.0,0,0.0,0.0,,0.0,1,12.36,17.97,SPY200717C00293000,293.0,normalDay
2020-06-01,4542.0,-3121.0,0.0,100,305.55,331.0,0,0.0,0.0,,0.0,1,12.36,18.12,SPY200717C00293000,293.0,normalDay
2020-06-02,4542.0,-3009.0,0.0,100,308.08,331.0,0,0.0,0.0,,0.0,1,12.36,19.53,SPY200717C00293000,293.0,normalDay
2020-06-03,4542.0,-2906.0,0.0,100,312.18,331.0,0,0.0,0.0,,0.0,1,12.36,22.6,SPY200717C00293000,293.0,normalDay
2020-06-04,4542.0,-2917.0,0.0,100,311.36,331.0,0,0.0,0.0,,0.0,1,12.36,21.89,SPY200717C00293000,293.0,normalDay
2020-06-05,4542.0,-2771.0,0.0,100,319.34,331.0,0,0.0,0.0,,0.0,1,12.36,28.41,SPY200717C00293000,293.0,normalDay
2020-06-08,4542.0,-2692.0,0.0,100,323.2,331.0,0,0.0,0.0,,0.0,1,12.36,31.48,SPY200717C00293000,293.0,normalDay
2020-06-09,4542.0,-2843.0,0.0,100,320.79,331.0,0,0.0,0.0,,0.0,1,12.36,30.58,SPY200717C00293000,293.0,normalDay
2020-06-10,4542.0,-2768.0,0.0,100,319.0,331.0,0,0.0,0.0,,0.0,1,12.36,28.04,SPY200717C00293000,293.0,normalDay
2020-06-11,4542.0,-3528.0,0.0,100,300.61,331.0,0,0.0,0.0,,0.0,1,12.36,17.25,SPY200717C00293000,293.0,normalDay
2020-06-12,4542.0,-3217.0,0.0,100,304.21,331.0,0,0.0,0.0,,0.0,1,12.36,17.74,SPY200717C00293000,293.0,normalDay
2020-06-15,4542.0,-3113.0,0.0,100,307.05,331.0,0,0.0,0.0,,0.0,1,12.36,19.54,SPY200717C00293000,293.0,normalDay
2020-06-16,4542.0,-2936.0,0.0,100,312.96,331.0,0,0.0,0.0,,0.0,1,12.36,23.68,SPY200717C00293000,293.0,normalDay
2020-06-17,4542.0,-2983.0,0.0,100,311.66,331.0,0,0.0,0.0,,0.0,1,12.36,22.85,SPY200717C00293000,293.0,normalDay
2020-06-18,4542.0,-2908.0,0.0,100,311.78,331.0,0,0.0,0.0,,0.0,1,12.36,22.22,SPY200717C00293000,293.0,normalDay
2020-06-19,4542.0,-2990.0,0.0,100,308.64,331.0,0,0.0,0.0,,0.0,1,12.36,19.9,SPY200717C00293000,293.0,normalDay
2020-06-22,4542.0,-2975.0,0.0,100,310.62,331.0,0,0.0,0.0,,0.0,1,12.36,21.73,SPY200717C00293000,293.0,normalDay
2020-06-23,4542.0,-2903.0,0.0,100,312.05,331.0,0,0.0,0.0,,0.0,1,12.36,22.44,SPY200717C00293000,293.0,normalDay
2020-06-24,4542.0,-3152.0,0.0,100,304.09,331.0,0,0.0,0.0,,0.0,1,12.36,16.97,SPY200717C00293000,293.0,normalDay
2020-06-25,4542.0,-3003.0,0.0,100,307.35,331.0,0,0.0,0.0,,0.0,1,12.36,18.74,SPY200717C00293000,293.0,normalDay
2020-06-26,4542.0,-3263.0,0.0,100,300.05,331.0,0,0.0,0.0,,0.0,1,12.36,14.04,SPY200717C00293000,293.0,normalDay
2020-06-29,4542.0,-2971.0,0.0,100,304.46,331.0,0,0.0,0.0,,0.0,1,12.36,15.53,SPY200717C00293000,293.0,normalDay
2020-06-30,4542.0,-2834.0,0.0,100,308.36,331.0,0,0.0,0.0,,0.0,1,12.36,18.06,SPY200717C00293000,293.0,normalDay
2020-07-01,4542.0,-2752.0,0.0,100,310.52,331.0,0,0.0,0.0,,0.0,1,12.36,19.4,SPY200717C00293000,293.0,normalDay
2020-07-02,4542.0,-2742.0,0.0,100,312.23,331.0,0,0.0,0.0,,0.0,1,12.36,21.01,SPY200717C00293000,293.0,normalDay
2020-07-06,4542.0,-2633.0,0.0,100,317.05,331.0,0,0.0,0.0,,0.0,1,12.36,24.74,SPY200717C00293000,293.0,normalDay
2020-07-07,4542.0,-2652.0,0.0,100,313.78,331.0,0,0.0,0.0,,0.0,1,12.36,21.66,SPY200717C00293000,293.0,normalDay
2020-07-08,4542.0,-2627.0,0.0,100,316.18,331.0,0,0.0,0.0,,0.0,1,12.36,23.81,SPY200717C00293000,293.0,normalDay
2020-07-09,4542.0,-2628.0,0.0,100,314.38,331.0,0,0.0,0.0,,0.0,1,12.36,22.02,SPY200717C00293000,293.0,normalDay
2020-07-10,4542.0,-2606.0,0.0,100,317.59,331.0,0,0.0,0.0,,0.0,1,12.36,25.01,SPY200717C00293000,293.0,normalDay
2020-07-13,4542.0,-2571.0,0.0,100,314.84,331.0,0,0.0,0.0,,0.0,1,12.36,21.91,SPY200717C00293000,293.0,normalDay
2020-07-14,4542.0,-2543.0,0.0,100,318.92,331.0,0,0.0,0.0,,0.0,1,12.36,25.71,SPY200717C00293000,293.0,normalDay
2020-07-15,4542.0,-2562.0,0.0,100,321.85,331.0,0,0.0,0.0,,0.0,1,12.36,28.83,SPY200717C00293000,293.0,normalDay
2020-07-16,4542.0,-2462.0,0.0,100,320.79,331.0,0,0.0,0.0,,0.0,1,12.36,26.77,SPY200717C00293000,293.0,normalDay
2020-07-17,1978.0,-2462.0,-2564.0,0,321.72,0.0,0,0.0,0.0,,0.0,1,12.36,0.0,SPY200717C00293000,293.0,expirationDay
2020-07-20,1978.0,-5.0,0.0,0,324.32,0.0,1,1.66,1.71,SPY200731P00314000,314.0,0,0.0,0.0,,0.0,normalDay
2020-07-21,1978.0,10.0,0.0,0,325.01,0.0,1,1.66,1.56,SPY200731P00314000,314.0,0,0.0,0.0,,0.0,normalDay
2020-07-22,1978.0,59.0,0.0,0,326.86,0.0,1,1.66,1.07,SPY200731P00314000,314.0,0,0.0,0.0,,0.0,normalDay
2020-07-23,1978.0,-14.0,0.0,0,322.96,0.0,1,1.66,1.8,SPY200731P00314000,314.0,0,0.0,0.0,,0.0,normalDay
2020-07-24,1978.0,18.0,0.0,0,320.88,0.0,1,1.66,1.48,SPY200731P00314000,314.0,0,0.0,0.0,,0.0,normalDay
2020-07-27,1978.0,104.0,0.0,0,323.22,0.0,1,1.66,0.62,SPY200731P00314000,314.0,0,0.0,0.0,,0.0,normalDay
2020-07-28,1978.0,86.0,0.0,0,321.17,0.0,1,1.66,0.8,SPY200731P00314000,314.0,0,0.0,0.0,,0.0,normalDay
2020-07-29,1978.0,148.0,0.0,0,325.12,0.0,1,1.66,0.18,SPY200731P00314000,314.0,0,0.0,0.0,,0.0,normalDay
2020-07-30,1978.0,154.0,0.0,0,323.96,0.0,1,1.66,0.12,SPY200731P00314000,314.0,0,0.0,0.0,,0.0,normalDay
2020-07-31,2144.0,0.0,166.0,0,326.52,0.0,1,1.66,0.0,SPY200731P00314000,314.0,0,0.0,0.0,,0.0,expirationDay
2020-08-03,2144.0,-4.0,0.0,0,328.79,0.0,1,1.97,2.01,SPY200814P00321000,321.0,0,0.0,0.0,,0.0,normalDay
2020-08-04,2144.0,41.0,0.0,0,330.06,0.0,1,1.97,1.56,SPY200814P00321000,321.0,0,0.0,0.0,,0.0,normalDay
2020-08-05,2144.0,102.0,0.0,0,332.11,0.0,1,1.97,0.95,SPY200814P00321000,321.0,0,0.0,0.0,,0.0,normalDay
2020-08-06,2144.0,132.0,0.0,0,334.33,0.0,1,1.97,0.65,SPY200814P00321000,321.0,0,0.0,0.0,,0.0,normalDay
2020-08-07,2144.0,157.0,0.0,0,334.57,0.0,1,1.97,0.4,SPY200814P00321000,321.0,0,0.0,0.0,,0.0,normalDay
2020-08-10,2144.0,180.0,0.0,0,335.57,0.0,1,1.97,0.17,SPY200814P00321000,321.0,0,0.0,0.0,,0.0,normalDay
2020-08-11,2144.0,159.0,0.0,0,332.8,0.0,1,1.97,0.38,SPY200814P00321000,321.0,0,0.0,0.0,,0.0,normalDay
2020-08-12,2144.0,192.0,0.0,0,337.44,0.0,1,1.97,0.05,SPY200814P00321000,321.0,0,0.0,0.0,,0.0,normalDay
2020-08-13,2144.0,193.0,0.0,0,336.83,0.0,1,1.97,0.04,SPY200814P00321000,321.0,0,0.0,0.0,,0.0,normalDay
2020-08-14,2341.0,0.0,197.0,0,336.84,0.0,1,1.97,0.0,SPY200814P00321000,321.0,0,0.0,0.0,,0.0,expirationDay
2020-08-17,2341.0,-4.0,0.0,0,337.91,0.0,1,1.47,1.51,SPY200828P00330000,330.0,0,0.0,0.0,,0.0,normalDay
2020-08-18,2341.0,21.0,0.0,0,338.64,0.0,1,1.47,1.26,SPY200828P00330000,330.0,0,0.0,0.0,,0.0,normalDay
2020-08-19,2341.0,-1.0,0.0,0,337.23,0.0,1,1.47,1.48,SPY200828P00330000,330.0,0,0.0,0.0,,0.0,normalDay
2020-08-20,2341.0,39.0,0.0,0,338.28,0.0,1,1.47,1.08,SPY200828P00330000,330.0,0,0.0,0.0,,0.0,normalDay
2020-08-21,2341.0,85.0,0.0,0,339.48,0.0,1,1.47,0.62,SPY200828P00330000,330.0,0,0.0,0.0,,0.0,normalDay
2020-08-24,2341.0,126.0,0.0,0,342.92,0.0,1,1.47,0.21,SPY200828P00330000,330.0,0,0.0,0.0,,0.0,normalDay
2020-08-25,2341.0,137.0,0.0,0,344.12,0.0,1,1.47,0.1,SPY200828P00330000,330.0,0,0.0,0.0,,0.0,normalDay
2020-08-26,2341.0,137.0,0.0,0,347.57,0.0,1,1.47,0.1,SPY200828P00330000,330.0,0,0.0,0.0,,0.0,normalDay
2020-08-27,2341.0,143.0,0.0,0,348.33,0.0,1,1.47,0.04,SPY200828P00330000,330.0,0,0.0,0.0,,0.0,normalDay
2020-08-28,2488.0,0.0,147.0,0,350.58,0.0,1,1.47,0.0,SPY200828P00330000,330.0,0,0.0,0.0,,0.0,expirationDay
2020-08-31,2488.0,-4.0,0.0,0,349.31,0.0,1,1.49,1.53,SPY200911P00339000,339.0,0,0.0,0.0,,0.0,normalDay
2020-09-01,2488.0,54.0,0.0,0,352.6,0.0,1,1.49,0.95,SPY200911P00339000,339.0,0,0.0,0.0,,0.0,normalDay
2020-09-02,2488.0,91.0,0.0,0,357.7,0.0,1,1.49,0.58,SPY200911P00339000,339.0,0,0.0,0.0,,0.0,normalDay
2020-09-03,2488.0,-123.0,0.0,0,345.39,0.0,1,1.49,2.72,SPY200911P00339000,339.0,0,0.0,0.0,,0.0,normalDay
2020-09-04,2488.0,-202.0,0.0,0,342.57,0.0,1,1.49,3.51,SPY200911P00339000,339.0,0,0.0,0.0,,0.0,normalDay
2020-09-08,2488.0,-585.0,0.0,0,333.21,0.0,1,1.49,7.34,SPY200911P00339000,339.0,0,0.0,0.0,,0.0,normalDay
2020-09-09,2488.0,-141.0,0.0,0,339.79,0.0,1,1.49,2.9,SPY200911P00339000,339.0,0,0.0,0.0,,0.0,normalDay
2020-09-10,2488.0,-393.0,0.0,0,333.89,0.0,1,1.49,5.42,SPY200911P00339000,339.0,0,0.0,0.0,,0.0,normalDay
2020-09-11,2637.0,-494.0,149.0,100,334.06,339.0,1,1.49,0.0,SPY200911P00339000,339.0,0,0.0,0.0,,0.0,expirationDay
2020-09-14,2637.0,-62.0,0.0,100,338.46,339.0,0,0.0,0.0,,0.0,1,6.87,6.95,SPY201120C00352000,352.0,normalDay
2020-09-15,2637.0,48.0,0.0,100,340.17,339.0,0,0.0,0.0,,0.0,1,6.87,7.56,SPY201120C00352000,352.0,normalDay
2020-09-16,2637.0,2.0,0.0,100,338.82,339.0,0,0.0,0.0,,0.0,1,6.87,6.67,SPY201120C00352000,352.0,normalDay
2020-09-17,2637.0,-193.0,0.0,100,335.84,339.0,0,0.0,0.0,,0.0,1,6.87,5.64,SPY201120C00352000,352.0,normalDay
2020-09-18,2637.0,-565.0,0.0,100,330.65,339.0,0,0.0,0.0,,0.0,1,6.87,4.17,SPY201120C00352000,352.0,normalDay
2020-09-21,2637.0,-860.0,0.0,100,326.97,339.0,0,0.0,0.0,,0.0,1,6.87,3.44,SPY201120C00352000,352.0,normalDay
2020-09-22,2637.0,-591.0,0.0,100,330.3,339.0,0,0.0,0.0,,0.0,1,6.87,4.08,SPY201120C00352000,352.0,normalDay
2020-09-23,2637.0,-1204.0,0.0,100,322.64,339.0,0,0.0,0.0,,0.0,1,6.87,2.55,SPY201120C00352000,352.0,normalDay
2020-09-24,2637.0,-1123.0,0.0,100,323.5,339.0,0,0.0,0.0,,0.0,1,6.87,2.6,SPY201120C00352000,352.0,normalDay
2020-09-25,2637.0,-682.0,0.0,100,328.73,339.0,0,0.0,0.0,,0.0,1,6.87,3.42,SPY201120C00352000,352.0,normalDay
2020-09-28,2637.0,-301.0,0.0,100,334.19,339.0,0,0.0,0.0,,0.0,1,6.87,5.07,SPY201120C00352000,352.0,normalDay
2020-09-29,2637.0,-423.0,0.0,100,332.37,339.0,0,0.0,0.0,,0.0,1,6.87,4.47,SPY201120C00352000,352.0,normalDay
2020-09-30,2637.0,-186.0,0.0,100,334.89,339.0,0,0.0,0.0,,0.0,1,6.87,4.62,SPY201120C00352000,352.0,normalDay
2020-10-01,2637.0,-91.0,0.0,100,337.04,339.0,0,0.0,0.0,,0.0,1,6.87,5.82,SPY201120C00352000,352.0,normalDay
2020-10-02,2637.0,-302.0,0.0,100,333.84,339.0,0,0.0,0.0,,0.0,1,6.87,4.73,SPY201120C00352000,352.0,normalDay
2020-10-05,2637.0,141.0,0.0,100,339.76,339.0,0,0.0,0.0,,0.0,1,6.87,6.22,SPY201120C00352000,352.0,normalDay
2020-10-06,2637.0,-170.0,0.0,100,334.93,339.0,0,0.0,0.0,,0.0,1,6.87,4.5,SPY201120C00352000,352.0,normalDay
2020-10-07,2637.0,259.0,0.0,100,340.76,339.0,0,0.0,0.0,,0.0,1,6.87,6.04,SPY201120C00352000,352.0,normalDay
2020-10-08,2637.0,503.0,0.0,100,343.78,339.0,0,0.0,0.0,,0.0,1,6.87,6.62,SPY201120C00352000,352.0,normalDay
2020-10-09,2637.0,735.0,0.0,100,346.85,339.0,0,0.0,0.0,,0.0,1,6.87,7.37,SPY201120C00352000,352.0,normalDay
2020-10-12,2637.0,1008.0,0.0,100,352.43,339.0,0,0.0,0.0,,0.0,1,6.87,10.22,SPY201120C00352000,352.0,normalDay
2020-10-13,2637.0,888.0,0.0,100,350.13,339.0,0,0.0,0.0,,0.0,1,6.87,9.12,SPY201120C00352000,352.0,normalDay
2020-10-14,2637.0,800.0,0.0,100,347.93,339.0,0,0.0,0.0,,0.0,1,6.87,7.8,SPY201120C00352000,352.0,normalDay
2020-10-15,2637.0,773.0,0.0,100,347.5,339.0,0,0.0,0.0,,0.0,1,6.87,7.64,SPY201120C00352000,352.0,normalDay
2020-10-16,2637.0,794.0,0.0,100,347.29,339.0,0,0.0,0.0,,0.0,1,6.87,7.22,SPY201120C00352000,352.0,normalDay
2020-10-19,2637.0,458.0,0.0,100,342.01,339.0,0,0.0,0.0,,0.0,1,6.87,5.3,SPY201120C00352000,352.0,normalDay
2020-10-20,2637.0,563.0,0.0,100,343.38,339.0,0,0.0,0.0,,0.0,1,6.87,5.62,SPY201120C00352000,352.0,normalDay
2020-10-21,2637.0,526.0,0.0,100,342.73,339.0,0,0.0,0.0,,0.0,1,6.87,5.34,SPY201120C00352000,352.0,normalDay
2020-10-22,2637.0,692.0,0.0,100,344.61,339.0,0,0.0,0.0,,0.0,1,6.87,5.56,SPY201120C00352000,352.0,normalDay
2020-10-23,2637.0,800.0,0.0,100,345.78,339.0,0,0.0,0.0,,0.0,1,6.87,5.65,SPY201120C00352000,352.0,normalDay
2020-10-26,2637.0,296.0,0.0,100,339.39,339.0,0,0.0,0.0,,0.0,1,6.87,4.3,SPY201120C00352000,352.0,normalDay
2020-10-27,2637.0,231.0,0.0,100,338.22,339.0,0,0.0,0.0,,0.0,1,6.87,3.78,SPY201120C00352000,352.0,normalDay
2020-10-28,2637.0,-736.0,0.0,100,326.66,339.0,0,0.0,0.0,,0.0,1,6.87,1.89,SPY201120C00352000,352.0,normalDay
2020-10-29,2637.0,-406.0,0.0,100,329.98,339.0,0,0.0,0.0,,0.0,1,6.87,1.91,SPY201120C00352000,352.0,normalDay
2020-10-30,2637.0,-686.0,0.0,100,326.54,339.0,0,0.0,0.0,,0.0,1,6.87,1.27,SPY201120C00352000,352.0,normalDay
2020-11-02,2637.0,-338.0,0.0,100,330.2,339.0,0,0.0,0.0,,0.0,1,6.87,1.45,SPY201120C00352000,352.0,normalDay
2020-11-03,2637.0,158.0,0.0,100,336.03,339.0,0,0.0,0.0,,0.0,1,6.87,2.32,SPY201120C00352000,352.0,normalDay
2020-11-04,2637.0,795.0,0.0,100,343.54,339.0,0,0.0,0.0,,0.0,1,6.87,3.46,SPY201120C00352000,352.0,normalDay
2020-11-05,2637.0,1213.0,0.0,100,350.24,339.0,0,0.0,0.0,,0.0,1,6.87,5.98,SPY201120C00352000,352.0,normalDay
2020-11-06,2637.0,1307.0,0.0,100,350.16,339.0,0,0.0,0.0,,0.0,1,6.87,4.96,SPY201120C00352000,352.0,normalDay
2020-11-09,2637.0,1455.0,0.0,100,354.56,339.0,0,0.0,0.0,,0.0,1,6.87,7.88,SPY201120C00352000,352.0,normalDay
2020-11-10,2637.0,1529.0,0.0,100,354.04,339.0,0,0.0,0.0,,0.0,1,6.87,6.62,SPY201120C00352000,352.0,normalDay
2020-11-11,2637.0,1682.0,0.0,100,356.67,339.0,0,0.0,0.0,,0.0,1,6.87,7.72,SPY201120C00352000,352.0,normalDay
2020-11-12,2637.0,1564.0,0.0,100,353.21,339.0,0,0.0,0.0,,0.0,1,6.87,5.44,SPY201120C00352000,352.0,normalDay
2020-11-13,2637.0,1792.0,0.0,100,358.1,339.0,0,0.0,0.0,,0.0,1,6.87,8.05,SPY201120C00352000,352.0,normalDay
2020-11-16,2637.0,1944.0,0.0,100,362.57,339.0,0,0.0,0.0,,0.0,1,6.87,11.0,SPY201120C00352000,352.0,normalDay
2020-11-17,2637.0,1925.0,0.0,100,360.62,339.0,0,0.0,0.0,,0.0,1,6.87,9.24,SPY201120C00352000,352.0,normalDay
2020-11-18,2637.0,1884.0,0.0,100,356.28,339.0,0,0.0,0.0,,0.0,1,6.87,5.31,SPY201120C00352000,352.0,normalDay
2020-11-19,2637.0,1949.0,0.0,100,357.78,339.0,0,0.0,0.0,,0.0,1,6.87,6.16,SPY201120C00352000,352.0,normalDay
2020-11-20,4624.0,1949.0,1987.0,0,355.33,0.0,0,0.0,0.0,,0.0,1,6.87,0.0,SPY201120C00352000,352.0,expirationDay
2020-11-23,4624.0,-4.0,0.0,0,357.46,0.0,1,1.7,1.74,SPY201204P00348000,348.0,0,0.0,0.0,,0.0,normalDay
2020-11-24,4624.0,93.0,0.0,0,363.22,0.0,1,1.7,0.77,SPY201204P00348000,348.0,0,0.0,0.0,,0.0,normalDay
2020-11-25,4624.0,110.0,0.0,0,362.66,0.0,1,1.7,0.6,SPY201204P00348000,348.0,0,0.0,0.0,,0.0,normalDay
2020-11-27,4624.0,133.0,0.0,0,363.67,0.0,1,1.7,0.37,SPY201204P00348000,348.0,0,0.0,0.0,,0.0,normalDay
2020-11-30,4624.0,148.0,0.0,0,362.06,0.0,1,1.7,0.22,SPY201204P00348000,348.0,0,0.0,0.0,,0.0,normalDay
2020-12-01,4624.0,161.0,0.0,0,366.02,0.0,1,1.7,0.09,SPY201204P00348000,348.0,0,0.0,0.0,,0.0,normalDay
2020-12-02,4624.0,165.0,0.0,0,366.79,0.0,1,1.7,0.05,SPY201204P00348000,348.0,0,0.0,0.0,,0.0,normalDay
2020-12-03,4624.0,165.0,0.0,0,366.69,0.0,1,1.7,0.05,SPY201204P00348000,348.0,0,0.0,0.0,,0.0,normalDay
2020-12-04,4794.0,0.0,170.0,0,369.85,0.0,1,1.7,0.0,SPY201204P00348000,348.0,0,0.0,0.0,,0.0,expirationDay
2020-12-07,4794.0,-3.0,0.0,0,369.09,0.0,1,2.2,2.23,SPY201218P00361000,361.0,0,0.0,0.0,,0.0,normalDay
2020-12-08,4794.0,60.0,0.0,0,370.17,0.0,1,2.2,1.6,SPY201218P00361000,361.0,0,0.0,0.0,,0.0,normalDay
2020-12-09,4794.0,-35.0,0.0,0,366.85,0.0,1,2.2,2.55,SPY201218P00361000,361.0,0,0.0,0.0,,0.0,normalDay
2020-12-10,4794.0,-7.0,0.0,0,366.73,0.0,1,2.2,2.27,SPY201218P00361000,361.0,0,0.0,0.0,,0.0,normalDay
2020-12-11,4794.0,-4.0,0.0,0,366.3,0.0,1,2.2,2.24,SPY201218P00361000,361.0,0,0.0,0.0,,0.0,normalDay
2020-12-14,4794.0,-15.0,0.0,0,364.66,0.0,1,2.2,2.35,SPY201218P00361000,361.0,0,0.0,0.0,,0.0,normalDay
2020-12-15,4794.0,132.0,0.0,0,369.59,0.0,1,2.2,0.88,SPY201218P00361000,361.0,0,0.0,0.0,,0.0,normalDay
2020-12-16,4794.0,173.0,0.0,0,370.17,0.0,1,2.2,0.47,SPY201218P00361000,361.0,0,0.0,0.0,,0.0,normalDay
2020-12-17,4794.0,205.0,0.0,0,372.24,0.0,1,2.2,0.15,SPY201218P00361000,361.0,0,0.0,0.0,,0.0,normalDay
2020-12-18,5014.0,0.0,220.0,0,369.18,0.0,1,2.2,0.0,SPY201218P00361000,361.0,0,0.0,0.0,,0.0,expirationDay
2020-12-21,5014.0,-6.0,0.0,0,367.86,0.0,1,4.0,4.06,SPY201231P00367000,367.0,0,0.0,0.0,,0.0,normalDay
2020-12-22,5014.0,19.0,0.0,0,367.24,0.0,1,4.0,3.81,SPY201231P00367000,367.0,0,0.0,0.0,,0.0,normalDay
2020-12-23,5014.0,96.0,0.0,0,367.57,0.0,1,4.0,3.04,SPY201231P00367000,367.0,0,0.0,0.0,,0.0,normalDay
2020-12-24,5014.0,207.0,0.0,0,369.0,0.0,1,4.0,1.93,SPY201231P00367000,367.0,0,0.0,0.0,,0.0,normalDay
2020-12-28,5014.0,349.0,0.0,0,372.17,0.0,1,4.0,0.51,SPY201231P00367000,367.0,0,0.0,0.0,,0.0,normalDay
2020-12-29,5014.0,347.0,0.0,0,371.46,0.0,1,4.0,0.53,SPY201231P00367000,367.0,0,0.0,0.0,,0.0,normalDay
2020-12-30,5014.0,381.0,0.0,0,371.99,0.0,1,4.0,0.19,SPY201231P00367000,367.0,0,0.0,0.0,,0.0,normalDay
2020-12-31,5414.0,0.0,400.0,0,373.88,0.0,1,4.0,0.0,SPY201231P00367000,367.0,0,0.0,0.0,,0.0,expirationDay
2021-01-04,5414.0,-4.0,0.0,0,368.79,0.0,1,5.5,5.54,SPY210115P00369000,369.0,0,0.0,0.0,,0.0,normalDay
2021-01-05,5414.0,138.0,0.0,0,371.33,0.0,1,5.5,4.12,SPY210115P00369000,369.0,0,0.0,0.0,,0.0,normalDay
2021-01-06,5414.0,221.0,0.0,0,373.55,0.0,1,5.5,3.29,SPY210115P00369000,369.0,0,0.0,0.0,,0.0,normalDay
2021-01-07,5414.0,432.0,0.0,0,379.1,0.0,1,5.5,1.18,SPY210115P00369000,369.0,0,0.0,0.0,,0.0,normalDay
2021-01-08,5414.0,477.0,0.0,0,381.26,0.0,1,5.5,0.73,SPY210115P00369000,369.0,0,0.0,0.0,,0.0,normalDay
2021-01-11,5414.0,468.0,0.0,0,378.69,0.0,1,5.5,0.82,SPY210115P00369000,369.0,0,0.0,0.0,,0.0,normalDay
2021-01-12,5414.0,500.0,0.0,0,378.77,0.0,1,5.5,0.5,SPY210115P00369000,369.0,0,0.0,0.0,,0.0,normalDay
2021-01-13,5414.0,532.0,0.0,0,379.79,0.0,1,5.5,0.18,SPY210115P00369000,369.0,0,0.0,0.0,,0.0,normalDay
2021-01-14,5414.0,538.0,0.0,0,378.46,0.0,1,5.5,0.12,SPY210115P00369000,369.0,0,0.0,0.0,,0.0,normalDay
2021-01-15,5964.0,0.0,550.0,0,375.7,0.0,1,5.5,0.0,SPY210115P00369000,369.0,0,0.0,0.0,,0.0,expirationDay
2021-01-19,5964.0,-4.0,0.0,0,378.65,0.0,1,3.0,3.04,SPY210129P00374000,374.0,0,0.0,0.0,,0.0,normalDay
2021-01-20,5964.0,161.0,0.0,0,383.89,0.0,1,3.0,1.39,SPY210129P00374000,374.0,0,0.0,0.0,,0.0,normalDay
2021-01-21,5964.0,193.0,0.0,0,384.24,0.0,1,3.0,1.07,SPY210129P00374000,374.0,0,0.0,0.0,,0.0,normalDay
2021-01-22,5964.0,203.0,0.0,0,382.88,0.0,1,3.0,0.97,SPY210129P00374000,374.0,0,0.0,0.0,,0.0,normalDay
2021-01-25,5964.0,238.0,0.0,0,384.39,0.0,1,3.0,0.62,SPY210129P00374000,374.0,0,0.0,0.0,,0.0,normalDay
2021-01-26,5964.0,258.0,0.0,0,383.79,0.0,1,3.0,0.42,SPY210129P00374000,374.0,0,0.0,0.0,,0.0,normalDay
2021-01-27,5964.0,-103.0,0.0,0,374.41,0.0,1,3.0,4.03,SPY210129P00374000,374.0,0,0.0,0.0,,0.0,normalDay
2021-01-28,5964.0,203.0,0.0,0,377.63,0.0,1,3.0,0.97,SPY210129P00374000,374.0,0,0.0,0.0,,0.0,normalDay
2021-01-29,6264.0,-393.0,300.0,100,370.07,374.0,1,3.0,0.0,SPY210129P00374000,374.0,0,0.0,0.0,,0.0,expirationDay
2021-02-01,6264.0,214.0,0.0,100,376.23,374.0,0,0.0,0.0,,0.0,1,10.33,10.42,SPY210416C00385000,385.0,normalDay
2021-02-02,6264.0,544.0,0.0,100,381.55,374.0,0,0.0,0.0,,0.0,1,10.33,12.44,SPY210416C00385000,385.0,normalDay
2021-02-03,6264.0,642.0,0.0,100,381.85,374.0,0,0.0,0.0,,0.0,1,10.33,11.76,SPY210416C00385000,385.0,normalDay
2021-02-04,6264.0,912.0,0.0,100,386.19,374.0,0,0.0,0.0,,0.0,1,10.33,13.4,SPY210416C00385000,385.0,normalDay
2021-02-05,6264.0,990.0,0.0,100,387.71,374.0,0,0.0,0.0,,0.0,1,10.33,14.14,SPY210416C00385000,385.0,normalDay
2021-02-08,6264.0,1122.0,0.0,100,390.51,374.0,0,0.0,0.0,,0.0,1,10.33,15.62,SPY210416C00385000,385.0,normalDay
2021-02-09,6264.0,1087.0,0.0,100,390.25,374.0,0,0.0,0.0,,0.0,1,10.33,15.71,SPY210416C00385000,385.0,normalDay
2021-02-10,6264.0,1084.0,0.0,100,390.08,374.0,0,0.0,0.0,,0.0,1,10.33,15.57,SPY210416C00385000,385.0,normalDay
2021-02-11,6264.0,1164.0,0.0,100,390.71,374.0,0,0.0,0.0,,0.0,1,10.33,15.4,SPY210416C00385000,385.0,normalDay
2021-02-12,6264.0,1239.0,0.0,100,392.64,374.0,0,0.0,0.0,,0.0,1,10.33,16.58,SPY210416C00385000,385.0,normalDay
2021-02-16,6264.0,1269.0,0.0,100,392.3,374.0,0,0.0,0.0,,0.0,1,10.33,15.94,SPY210416C00385000,385.0,normalDay
2021-02-17,6264.0,1308.0,0.0,100,392.39,374.0,0,0.0,0.0,,0.0,1,10.33,15.64,SPY210416C00385000,385.0,normalDay
2021-02-18,6264.0,1231.0,0.0,100,390.72,374.0,0,0.0,0.0,,0.0,1,10.33,14.74,SPY210416C00385000,385.0,normalDay
2021-02-19,6264.0,1260.0,0.0,100,390.03,374.0,0,0.0,0.0,,0.0,1,10.33,13.76,SPY210416C00385000,385.0,normalDay
2021-02-22,6264.0,1119.0,0.0,100,387.03,374.0,0,0.0,0.0,,0.0,1,10.33,12.17,SPY210416C00385000,385.0,normalDay
2021-02-23,6264.0,1186.0,0.0,100,387.5,374.0,0,0.0,0.0,,0.0,1,10.33,11.97,SPY210416C00385000,385.0,normalDay
2021-02-24,6264.0,1373.0,0.0,100,391.77,374.0,0,0.0,0.0,,0.0,1,10.33,14.37,SPY210416C00385000,385.0,normalDay
2021-02-25,6264.0,765.0,0.0,100,382.33,374.0,0,0.0,0.0,,0.0,1,10.33,11.01,SPY210416C00385000,385.0,normalDay
2021-02-26,6264.0,774.0,0.0,100,380.36,374.0,0,0.0,0.0,,0.0,1,10.33,8.95,SPY210416C00385000,385.0,normalDay
2021-03-01,6264.0,1356.0,0.0,100,389.58,374.0,0,0.0,0.0,,0.0,1,10.33,12.35,SPY210416C00385000,385.0,normalDay
2021-03-02,6264.0,1206.0,0.0,100,386.54,374.0,0,0.0,0.0,,0.0,1,10.33,10.81,SPY210416C00385000,385.0,normalDay
2021-03-03,6264.0,935.0,0.0,100,381.42,374.0,0,0.0,0.0,,0.0,1,10.33,8.4,SPY210416C00385000,385.0,normalDay
2021-03-04,6264.0,650.0,0.0,100,376.7,374.0,0,0.0,0.0,,0.0,1,10.33,6.53,SPY210416C00385000,385.0,normalDay
2021-03-05,6264.0,1118.0,0.0,100,383.63,374.0,0,0.0,0.0,,0.0,1,10.33,8.78,SPY210416C00385000,385.0,normalDay
2021-03-08,6264.0,1007.0,0.0,100,381.72,374.0,0,0.0,0.0,,0.0,1,10.33,7.98,SPY210416C00385000,385.0,normalDay
2021-03-09,6264.0,1318.0,0.0,100,387.17,374.0,0,0.0,0.0,,0.0,1,10.33,10.32,SPY210416C00385000,385.0,normalDay
2021-03-10,6264.0,1432.0,0.0,100,389.58,374.0,0,0.0,0.0,,0.0,1,10.33,11.59,SPY210416C00385000,385.0,normalDay
2021-03-11,6264.0,1636.0,0.0,100,393.53,374.0,0,0.0,0.0,,0.0,1,10.33,13.5,SPY210416C00385000,385.0,normalDay
2021-03-12,6264.0,1668.0,0.0,100,394.06,374.0,0,0.0,0.0,,0.0,1,10.33,13.71,SPY210416C00385000,385.0,normalDay
2021-03-15,6264.0,1789.0,0.0,100,396.41,374.0,0,0.0,0.0,,0.0,1,10.33,14.85,SPY210416C00385000,385.0,normalDay
2021-03-16,6264.0,1795.0,0.0,100,395.91,374.0,0,0.0,0.0,,0.0,1,10.33,14.29,SPY210416C00385000,385.0,normalDay
2021-03-17,6264.0,1891.0,0.0,100,397.26,374.0,0,0.0,0.0,,0.0,1,10.33,14.68,SPY210416C00385000,385.0,normalDay
2021-03-18,6264.0,1643.0,0.0,100,391.48,374.0,0,0.0,0.0,,0.0,1,10.33,11.38,SPY210416C00385000,385.0,normalDay
2021-03-19,6264.0,1574.0,0.0,100,389.48,374.0,0,0.0,0.0,,0.0,1,10.33,10.07,SPY210416C00385000,385.0,normalDay
2021-03-22,6264.0,1743.0,0.0,100,392.59,374.0,0,0.0,0.0,,0.0,1,10.33,11.49,SPY210416C00385000,385.0,normalDay
2021-03-23,6264.0,1618.0,0.0,100,389.5,374.0,0,0.0,0.0,,0.0,1,10.33,9.65,SPY210416C00385000,385.0,normalDay
2021-03-24,6264.0,1562.0,0.0,100,387.52,374.0,0,0.0,0.0,,0.0,1,10.33,8.23,SPY210416C00385000,385.0,normalDay
2021-03-25,6264.0,1685.0,0.0,100,389.7,374.0,0,0.0,0.0,,0.0,1,10.33,9.18,SPY210416C00385000,385.0,normalDay
2021-03-26,6264.0,1877.0,0.0,100,395.98,374.0,0,0.0,0.0,,0.0,1,10.33,13.54,SPY210416C00385000,385.0,normalDay
2021-03-29,6264.0,1860.0,0.0,100,395.78,374.0,0,0.0,0.0,,0.0,1,10.33,13.51,SPY210416C00385000,385.0,normalDay
2021-03-30,6264.0,1898.0,0.0,100,394.73,374.0,0,0.0,0.0,,0.0,1,10.33,12.08,SPY210416C00385000,385.0,normalDay
2021-03-31,6264.0,1941.0,0.0,100,396.33,374.0,0,0.0,0.0,,0.0,1,10.33,13.25,SPY210416C00385000,385.0,normalDay
2021-04-01,6264.0,2003.0,0.0,100,400.61,374.0,0,0.0,0.0,,0.0,1,10.33,16.91,SPY210416C00385000,385.0,normalDay
2021-04-05,6264.0,2079.0,0.0,100,406.36,374.0,0,0.0,0.0,,0.0,1,10.33,21.9,SPY210416C00385000,385.0,normalDay
2021-04-06,6264.0,2085.0,0.0,100,406.12,374.0,0,0.0,0.0,,0.0,1,10.33,21.6,SPY210416C00385000,385.0,normalDay
2021-04-07,6264.0,2068.0,0.0,100,406.59,374.0,0,0.0,0.0,,0.0,1,10.33,22.24,SPY210416C00385000,385.0,normalDay
2021-04-08,6264.0,2080.0,0.0,100,408.52,374.0,0,0.0,0.0,,0.0,1,10.33,24.05,SPY210416C00385000,385.0,normalDay
2021-04-09,6264.0,2170.0,0.0,100,411.49,374.0,0,0.0,0.0,,0.0,1,10.33,26.12,SPY210416C00385000,385.0,normalDay
2021-04-12,6264.0,2136.0,0.0,100,411.64,374.0,0,0.0,0.0,,0.0,1,10.33,26.61,SPY210416C00385000,385.0,normalDay
2021-04-13,6264.0,2134.0,0.0,100,412.86,374.0,0,0.0,0.0,,0.0,1,10.33,27.85,SPY210416C00385000,385.0,normalDay
2021-04-14,6264.0,2093.0,0.0,100,411.45,374.0,0,0.0,0.0,,0.0,1,10.33,26.85,SPY210416C00385000,385.0,normalDay
2021-04-15,6264.0,2132.0,0.0,100,415.87,374.0,0,0.0,0.0,,0.0,1,10.33,30.88,SPY210416C00385000,385.0,normalDay
2021-04-16,8397.0,2132.0,2133.0,0,417.26,0.0,0,0.0,0.0,,0.0,1,10.33,0.0,SPY210416C00385000,385.0,expirationDay
2021-04-19,8397.0,-4.0,0.0,0,415.21,0.0,1,1.14,1.18,SPY210430P00403000,403.0,0,0.0,0.0,,0.0,normalDay
2021-04-20,8397.0,-65.0,0.0,0,412.17,0.0,1,1.14,1.79,SPY210430P00403000,403.0,0,0.0,0.0,,0.0,normalDay
2021-04-21,8397.0,41.0,0.0,0,416.07,0.0,1,1.14,0.73,SPY210430P00403000,403.0,0,0.0,0.0,,0.0,normalDay
2021-04-22,8397.0,-20.0,0.0,0,412.27,0.0,1,1.14,1.34,SPY210430P00403000,403.0,0,0.0,0.0,,0.0,normalDay
2021-04-23,8397.0,78.0,0.0,0,416.74,0.0,1,1.14,0.36,SPY210430P00403000,403.0,0,0.0,0.0,,0.0,normalDay
2021-04-26,8397.0,100.0,0.0,0,417.61,0.0,1,1.14,0.14,SPY210430P00403000,403.0,0,0.0,0.0,,0.0,normalDay
2021-04-27,8397.0,104.0,0.0,0,417.52,0.0,1,1.14,0.1,SPY210430P00403000,403.0,0,0.0,0.0,,0.0,normalDay
2021-04-28,8397.0,110.0,0.0,0,417.4,0.0,1,1.14,0.04,SPY210430P00403000,403.0,0,0.0,0.0,,0.0,normalDay
2021-04-29,8397.0,112.0,0.0,0,420.06,0.0,1,1.14,0.02,SPY210430P00403000,403.0,0,0.0,0.0,,0.0,normalDay
2021-04-30,8511.0,0.0,114.0,0,417.3,0.0,1,1.14,0.0,SPY210430P00403000,403.0,0,0.0,0.0,,0.0,expirationDay
2021-05-03,8511.0,-4.0,0.0,0,418.2,0.0,1,2.41,2.45,SPY210514P00414000,414.0,0,0.0,0.0,,0.0,normalDay
2021-05-04,8511.0,-106.0,0.0,0,415.62,0.0,1,2.41,3.47,SPY210514P00414000,414.0,0,0.0,0.0,,0.0,normalDay
2021-05-05,8511.0,-80.0,0.0,0,415.75,0.0,1,2.41,3.21,SPY210514P00414000,414.0,0,0.0,0.0,,0.0,normalDay
2021-05-06,8511.0,75.0,0.0,0,419.07,0.0,1,2.41,1.66,SPY210514P00414000,414.0,0,0.0,0.0,,0.0,normalDay
2021-05-07,8511.0,161.0,0.0,0,422.12,0.0,1,2.41,0.8,SPY210514P00414000,414.0,0,0.0,0.0,,0.0,normalDay
2021-05-10,8511.0,66.0,0.0,0,417.94,0.0,1,2.41,1.75,SPY210514P00414000,414.0,0,0.0,0.0,,0.0,normalDay
2021-05-11,8511.0,-51.0,0.0,0,414.21,0.0,1,2.41,2.92,SPY210514P00414000,414.0,0,0.0,0.0,,0.0,normalDay
2021-05-12,8511.0,-660.0,0.0,0,405.41,0.0,1,2.41,9.01,SPY210514P00414000,414.0,0,0.0,0.0,,0.0,normalDay
2021-05-13,8511.0,-190.0,0.0,0,410.28,0.0,1,2.41,4.31,SPY210514P00414000,414.0,0,0.0,0.0,,0.0,normalDay
2021-05-14,8752.0,0.0,241.0,0,416.58,0.0,1,2.41,0.0,SPY210514P00414000,414.0,0,0.0,0.0,,0.0,expirationDay
2021-05-17,8752.0,-6.0,0.0,0,415.52,0.0,1,4.46,4.52,SPY210528P00416000,416.0,0,0.0,0.0,,0.0,normalDay
2021-05-18,8752.0,-210.0,0.0,0,411.94,0.0,1,4.46,6.56,SPY210528P00416000,416.0,0,0.0,0.0,,0.0,normalDay
2021-05-19,8752.0,-277.0,0.0,0,410.86,0.0,1,4.46,7.23,SPY210528P00416000,416.0,0,0.0,0.0,,0.0,normalDay
2021-05-20,8752.0,30.0,0.0,0,415.28,0.0,1,4.46,4.16,SPY210528P00416000,416.0,0,0.0,0.0,,0.0,normalDay
2021-05-21,8752.0,84.0,0.0,0,414.94,0.0,1,4.46,3.62,SPY210528P00416000,416.0,0,0.0,0.0,,0.0,normalDay
2021-05-24,8752.0,330.0,0.0,0,419.17,0.0,1,4.46,1.16,SPY210528P00416000,416.0,0,0.0,0.0,,0.0,normalDay
2021-05-25,8752.0,310.0,0.0,0,418.24,0.0,1,4.46,1.36,SPY210528P00416000,416.0,0,0.0,0.0,,0.0,normalDay
2021-05-26,8752.0,379.0,0.0,0,419.07,0.0,1,4.46,0.67,SPY210528P00416000,416.0,0,0.0,0.0,,0.0,normalDay
2021-05-27,8752.0,431.0,0.0,0,419.29,0.0,1,4.46,0.15,SPY210528P00416000,416.0,0,0.0,0.0,,0.0,normalDay
2021-05-28,9198.0,0.0,446.0,0,420.04,0.0,1,4.46,0.0,SPY210528P00416000,416.0,0,0.0,0.0,,0.0,expirationDay
2021-06-01,9198.0,-5.0,0.0,0,419.67,0.0,1,2.15,2.2,SPY210611P00416000,416.0,0,0.0,0.0,,0.0,normalDay
2021-06-02,9198.0,52.0,0.0,0,420.33,0.0,1,2.15,1.63,SPY210611P00416000,416.0,0,0.0,0.0,,0.0,normalDay
2021-06-03,9198.0,5.0,0.0,0,418.77,0.0,1,2.15,2.1,SPY210611P00416000,416.0,0,0.0,0.0,,0.0,normalDay
2021-06-04,9198.0,139.0,0.0,0,422.6,0.0,1,2.15,0.76,SPY210611P00416000,416.0,0,0.0,0.0,,0.0,normalDay
2021-06-07,9198.0,172.0,0.0,0,422.19,0.0,1,2.15,0.43,SPY210611P00416000,416.0,0,0.0,0.0,,0.0,normalDay
2021-06-08,9198.0,173.0,0.0,0,422.28,0.0,1,2.15,0.42,SPY210611P00416000,416.0,0,0.0,0.0,,0.0,normalDay
2021-06-09,9198.0,165.0,0.0,0,421.65,0.0,1,2.15,0.5,SPY210611P00416000,416.0,0,0.0,0.0,,0.0,normalDay
2021-06-10,9198.0,210.0,0.0,0,423.61,0.0,1,2.15,0.05,SPY210611P00416000,416.0,0,0.0,0.0,,0.0,normalDay
2021-06-11,9413.0,0.0,215.0,0,424.31,0.0,1,2.15,0.0,SPY210611P00416000,416.0,0,0.0,0.0,,0.0,expirationDay
2021-06-14,9413.0,-3.0,0.0,0,425.26,0.0,1,1.82,1.85,SPY210625P00419000,419.0,0,0.0,0.0,,0.0,normalDay
2021-06-15,9413.0,-33.0,0.0,0,424.48,0.0,1,1.82,2.15,SPY210625P00419000,419.0,0,0.0,0.0,,0.0,normalDay
2021-06-16,9413.0,-104.0,0.0,0,422.11,0.0,1,1.82,2.86,SPY210625P00419000,419.0,0,0.0,0.0,,0.0,normalDay
2021-06-17,9413.0,-53.0,0.0,0,421.97,0.0,1,1.82,2.35,SPY210625P00419000,419.0,0,0.0,0.0,,0.0,normalDay
2021-06-18,9413.0,-397.0,0.0,0,414.92,0.0,1,1.82,5.79,SPY210625P00419000,419.0,0,0.0,0.0,,0.0,normalDay
2021-06-21,9413.0,37.0,0.0,0,420.86,0.0,1,1.82,1.45,SPY210625P00419000,419.0,0,0.0,0.0,,0.0,normalDay
2021-06-22,9413.0,119.0,0.0,0,423.11,0.0,1,1.82,0.63,SPY210625P00419000,419.0,0,0.0,0.0,,0.0,normalDay
2021-06-23,9413.0,143.0,0.0,0,422.6,0.0,1,1.82,0.39,SPY210625P00419000,419.0,0,0.0,0.0,,0.0,normalDay
2021-06-24,9413.0,175.0,0.0,0,425.1,0.0,1,1.82,0.07,SPY210625P00419000,419.0,0,0.0,0.0,,0.0,normalDay
2021-06-25,9595.0,0.0,182.0,0,426.61,0.0,1,1.82,0.0,SPY210625P00419000,419.0,0,0.0,0.0,,0.0,expirationDay
2021-06-28,9595.0,-3.0,0.0,0,427.47,0.0,1,1.35,1.38,SPY210709P00422500,422.5,0,0.0,0.0,,0.0,normalDay
2021-06-29,9595.0,16.0,0.0,0,427.7,0.0,1,1.35,1.19,SPY210709P00422500,422.5,0,0.0,0.0,,0.0,normalDay
2021-06-30,9595.0,48.0,0.0,0,428.06,0.0,1,1.35,0.87,SPY210709P00422500,422.5,0,0.0,0.0,,0.0,normalDay
2021-07-01,9595.0,72.0,0.0,0,430.43,0.0,1,1.35,0.63,SPY210709P00422500,422.5,0,0.0,0.0,,0.0,normalDay
2021-07-02,9595.0,112.0,0.0,0,433.72,0.0,1,1.35,0.23,SPY210709P00422500,422.5,0,0.0,0.0,,0.0,normalDay
2021-07-06,9595.0,122.0,0.0,0,432.93,0.0,1,1.35,0.13,SPY210709P00422500,422.5,0,0.0,0.0,,0.0,normalDay
2021-07-07,9595.0,130.0,0.0,0,434.46,0.0,1,1.35,0.05,SPY210709P00422500,422.5,0,0.0,0.0,,0.0,normalDay
2021-07-08,9595.0,128.0,0.0,0,430.92,0.0,1,1.35,0.07,SPY210709P00422500,422.5,0,0.0,0.0,,0.0,normalDay
2021-07-09,9730.0,0.0,135.0,0,435.52,0.0,1,1.35,0.0,SPY210709P00422500,422.5,0,0.0,0.0,,0.0,expirationDay
2021-07-12,9730.0,-3.0,0.0,0,437.08,0.0,1,1.11,1.14,SPY210723P00427500,427.5,0,0.0,0.0,,0.0,normalDay
2021-07-13,9730.0,-41.0,0.0,0,435.59,0.0,1,1.11,1.52,SPY210723P00427500,427.5,0,0.0,0.0,,0.0,normalDay
2021-07-14,9730.0,14.0,0.0,0,436.24,0.0,1,1.11,0.97,SPY210723P00427500,427.5,0,0.0,0.0,,0.0,normalDay
2021-07-15,9730.0,-14.0,0.0,0,434.75,0.0,1,1.11,1.25,SPY210723P00427500,427.5,0,0.0,0.0,,0.0,normalDay
2021-07-16,9730.0,-87.0,0.0,0,431.34,0.0,1,1.11,1.98,SPY210723P00427500,427.5,0,0.0,0.0,,0.0,normalDay
2021-07-19,9730.0,-368.0,0.0,0,424.97,0.0,1,1.11,4.79,SPY210723P00427500,427.5,0,0.0,0.0,,0.0,normalDay
2021-07-20,9730.0,-22.0,0.0,0,431.06,0.0,1,1.11,1.33,SPY210723P00427500,427.5,0,0.0,0.0,,0.0,normalDay
2021-07-21,9730.0,93.0,0.0,0,434.55,0.0,1,1.11,0.18,SPY210723P00427500,427.5,0,0.0,0.0,,0.0,normalDay
2021-07-22,9730.0,105.0,0.0,0,435.46,0.0,1,1.11,0.06,SPY210723P00427500,427.5,0,0.0,0.0,,0.0,normalDay
2021-07-23,9841.0,0.0,111.0,0,439.94,0.0,1,1.11,0.0,SPY210723P00427500,427.5,0,0.0,0.0,,0.0,expirationDay
2021-07-26,9841.0,-3.0,0.0,0,441.02,0.0,1,1.48,1.51,SPY210806P00433000,433.0,0,0.0,0.0,,0.0,normalDay
2021-07-27,9841.0,-93.0,0.0,0,439.01,0.0,1,1.48,2.41,SPY210806P00433000,433.0,0,0.0,0.0,,0.0,normalDay
2021-07-28,9841.0,-33.0,0.0,0,438.83,0.0,1,1.48,1.81,SPY210806P00433000,433.0,0,0.0,0.0,,0.0,normalDay
2021-07-29,9841.0,44.0,0.0,0,440.65,0.0,1,1.48,1.04,SPY210806P00433000,433.0,0,0.0,0.0,,0.0,normalDay
2021-07-30,9841.0,32.0,0.0,0,438.51,0.0,1,1.48,1.16,SPY210806P00433000,433.0,0,0.0,0.0,,0.0,normalDay
2021-08-02,9841.0,26.0,0.0,0,437.59,0.0,1,1.48,1.22,SPY210806P00433000,433.0,0,0.0,0.0,,0.0,normalDay
2021-08-03,9841.0,118.0,0.0,0,441.15,0.0,1,1.48,0.3,SPY210806P00433000,433.0,0,0.0,0.0,,0.0,normalDay
2021-08-04,9841.0,117.0,0.0,0,438.98,0.0,1,1.48,0.31,SPY210806P00433000,433.0,0,0.0,0.0,,0.0,normalDay
2021-08-05,9841.0,142.0,0.0,0,441.76,0.0,1,1.48,0.06,SPY210806P00433000,433.0,0,0.0,0.0,,0.0,normalDay
2021-08-06,9989.0,0.0,148.0,0,442.49,0.0,1,1.48,0.0,SPY210806P00433000,433.0,0,0.0,0.0,,0.0,expirationDay
2021-08-09,9989.0,-3.0,0.0,0,442.13,0.0,1,1.62,1.65,SPY210820P00437000,437.0,0,0.0,0.0,,0.0,normalDay
2021-08-10,9989.0,3.0,0.0,0,442.68,0.0,1,1.62,1.59,SPY210820P00437000,437.0,0,0.0,0.0,,0.0,normalDay
2021-08-11,9989.0,61.0,0.0,0,443.78,0.0,1,1.62,1.01,SPY210820P00437000,437.0,0,0.0,0.0,,0.0,normalDay
2021-08-12,9989.0,96.0,0.0,0,445.11,0.0,1,1.62,0.66,SPY210820P00437000,437.0,0,0.0,0.0,,0.0,normalDay
2021-08-13,9989.0,123.0,0.0,0,445.92,0.0,1,1.62,0.39,SPY210820P00437000,437.0,0,0.0,0.0,,0.0,normalDay
2021-08-16,9989.0,133.0,0.0,0,446.97,0.0,1,1.62,0.29,SPY210820P00437000,437.0,0,0.0,0.0,,0.0,normalDay
2021-08-17,9989.0,95.0,0.0,0,444.04,0.0,1,1.62,0.67,SPY210820P00437000,437.0,0,0.0,0.0,,0.0,normalDay
2021-08-18,9989.0,-41.0,0.0,0,439.18,0.0,1,1.62,2.03,SPY210820P00437000,437.0,0,0.0,0.0,,0.0,normalDay
2021-08-19,9989.0,81.0,0.0,0,439.86,0.0,1,1.62,0.81,SPY210820P00437000,437.0,0,0.0,0.0,,0.0,normalDay
2021-08-20,10151.0,0.0,162.0,0,443.36,0.0,1,1.62,0.0,SPY210820P00437000,437.0,0,0.0,0.0,,0.0,expirationDay
2021-08-23,10151.0,-3.0,0.0,0,447.26,0.0,1,1.76,1.79,SPY210903P00442000,442.0,0,0.0,0.0,,0.0,normalDay
2021-08-24,10151.0,20.0,0.0,0,447.97,0.0,1,1.76,1.56,SPY210903P00442000,442.0,0,0.0,0.0,,0.0,normalDay
2021-08-25,10151.0,64.0,0.0,0,448.91,0.0,1,1.76,1.12,SPY210903P00442000,442.0,0,0.0,0.0,,0.0,normalDay
2021-08-26,10151.0,-36.0,0.0,0,446.26,0.0,1,1.76,2.12,SPY210903P00442000,442.0,0,0.0,0.0,,0.0,normalDay
2021-08-27,10151.0,115.0,0.0,0,450.25,0.0,1,1.76,0.61,SPY210903P00442000,442.0,0,0.0,0.0,,0.0,normalDay
2021-08-30,10151.0,154.0,0.0,0,452.23,0.0,1,1.76,0.22,SPY210903P00442000,442.0,0,0.0,0.0,,0.0,normalDay
2021-08-31,10151.0,155.0,0.0,0,451.56,0.0,1,1.76,0.21,SPY210903P00442000,442.0,0,0.0,0.0,,0.0,normalDay
2021-09-01,10151.0,167.0,0.0,0,451.8,0.0,1,1.76,0.09,SPY210903P00442000,442.0,0,0.0,0.0,,0.0,normalDay
2021-09-02,10151.0,171.0,0.0,0,453.19,0.0,1,1.76,0.05,SPY210903P00442000,442.0,0,0.0,0.0,,0.0,normalDay
2021-09-03,10327.0,0.0,176.0,0,453.08,0.0,1,1.76,0.0,SPY210903P00442000,442.0,0,0.0,0.0,,0.0,expirationDay
2021-09-07,10327.0,-3.0,0.0,0,451.46,0.0,1,2.36,2.39,SPY210917P00447000,447.0,0,0.0,0.0,,0.0,normalDay
2021-09-08,10327.0,3.0,0.0,0,450.91,0.0,1,2.36,2.33,SPY210917P00447000,447.0,0,0.0,0.0,,0.0,normalDay
2021-09-09,10327.0,-94.0,0.0,0,448.98,0.0,1,2.36,3.3,SPY210917P00447000,447.0,0,0.0,0.0,,0.0,normalDay
2021-09-10,10327.0,-260.0,0.0,0,445.44,0.0,1,2.36,4.96,SPY210917P00447000,447.0,0,0.0,0.0,,0.0,normalDay
2021-09-13,10327.0,-119.0,0.0,0,446.58,0.0,1,2.36,3.55,SPY210917P00447000,447.0,0,0.0,0.0,,0.0,normalDay
2021-09-14,10327.0,-268.0,0.0,0,444.17,0.0,1,2.36,5.04,SPY210917P00447000,447.0,0,0.0,0.0,,0.0,normalDay
2021-09-15,10327.0,40.0,0.0,0,447.88,0.0,1,2.36,1.96,SPY210917P00447000,447.0,0,0.0,0.0,,0.0,normalDay
2021-09-16,10327.0,22.0,0.0,0,447.17,0.0,1,2.36,2.14,SPY210917P00447000,447.0,0,0.0,0.0,,0.0,normalDay
2021-09-17,10563.0,-560.0,236.0,100,441.4,447.0,1,2.36,0.0,SPY210917P00447000,447.0,0,0.0,0.0,,0.0,expirationDay
2021-09-20,10563.0,-1301.0,0.0,100,434.04,447.0,0,0.0,0.0,,0.0,1,3.6,3.65,SPY211119C00454000,454.0,normalDay
2021-09-21,10563.0,-1296.0,0.0,100,433.63,447.0,0,0.0,0.0,,0.0,1,3.6,3.19,SPY211119C00454000,454.0,normalDay
2021-09-22,10563.0,-920.0,0.0,100,437.86,447.0,0,0.0,0.0,,0.0,1,3.6,3.66,SPY211119C00454000,454.0,normalDay
2021-09-23,10563.0,-495.0,0.0,100,443.18,447.0,0,0.0,0.0,,0.0,1,3.6,4.73,SPY211119C00454000,454.0,normalDay
2021-09-24,10563.0,-415.0,0.0,100,443.91,447.0,0,0.0,0.0,,0.0,1,3.6,4.66,SPY211119C00454000,454.0,normalDay
2021-09-27,10563.0,-474.0,0.0,100,442.64,447.0,0,0.0,0.0,,0.0,1,3.6,3.98,SPY211119C00454000,454.0,normalDay
2021-09-28,10563.0,-1223.0,0.0,100,433.72,447.0,0,0.0,0.0,,0.0,1,3.6,2.55,SPY211119C00454000,454.0,normalDay
2021-09-29,10563.0,-1150.0,0.0,100,434.45,447.0,0,0.0,0.0,,0.0,1,3.6,2.55,SPY211119C00454000,454.0,normalDay
2021-09-30,10563.0,-1573.0,0.0,100,429.14,447.0,0,0.0,0.0,,0.0,1,3.6,1.47,SPY211119C00454000,454.0,normalDay
2021-10-01,10563.0,-1135.0,0.0,100,434.24,447.0,0,0.0,0.0,,0.0,1,3.6,2.19,SPY211119C00454000,454.0,normalDay
2021-10-04,10563.0,-1613.0,0.0,100,428.64,447.0,0,0.0,0.0,,0.0,1,3.6,1.37,SPY211119C00454000,454.0,normalDay
2021-10-05,10563.0,-1200.0,0.0,100,433.1,447.0,0,0.0,0.0,,0.0,1,3.6,1.7,SPY211119C00454000,454.0,normalDay
2021-10-06,10563.0,-1046.0,0.0,100,434.9,447.0,0,0.0,0.0,,0.0,1,3.6,1.96,SPY211119C00454000,454.0,normalDay
2021-10-07,10563.0,-723.0,0.0,100,438.66,447.0,0,0.0,0.0,,0.0,1,3.6,2.49,SPY211119C00454000,454.0,normalDay
2021-10-08,10563.0,-746.0,0.0,100,437.86,447.0,0,0.0,0.0,,0.0,1,3.6,1.92,SPY211119C00454000,454.0,normalDay
2021-10-11,10563.0,-998.0,0.0,100,434.69,447.0,0,0.0,0.0,,0.0,1,3.6,1.27,SPY211119C00454000,454.0,normalDay
2021-10-12,10563.0,-1068.0,0.0,100,433.62,447.0,0,0.0,0.0,,0.0,1,3.6,0.9,SPY211119C00454000,454.0,normalDay
2021-10-13,10563.0,-928.0,0.0,100,435.18,447.0,0,0.0,0.0,,0.0,1,3.6,1.06,SPY211119C00454000,454.0,normalDay
2021-10-14,10563.0,-302.0,0.0,100,442.5,447.0,0,0.0,0.0,,0.0,1,3.6,2.12,SPY211119C00454000,454.0,normalDay
2021-10-15,10563.0,-47.0,0.0,100,445.87,447.0,0,0.0,0.0,,0.0,1,3.6,2.94,SPY211119C00454000,454.0,normalDay
2021-10-18,10563.0,58.0,0.0,100,447.19,447.0,0,0.0,0.0,,0.0,1,3.6,3.21,SPY211119C00454000,454.0,normalDay
2021-10-19,10563.0,256.0,0.0,100,450.64,447.0,0,0.0,0.0,,0.0,1,3.6,4.68,SPY211119C00454000,454.0,normalDay
2021-10-20,10563.0,390.0,0.0,100,452.41,447.0,0,0.0,0.0,,0.0,1,3.6,5.11,SPY211119C00454000,454.0,normalDay
2021-10-21,10563.0,454.0,0.0,100,453.59,447.0,0,0.0,0.0,,0.0,1,3.6,5.65,SPY211119C00454000,454.0,normalDay
2021-10-22,10563.0,440.0,0.0,100,453.12,447.0,0,0.0,0.0,,0.0,1,3.6,5.32,SPY211119C00454000,454.0,normalDay
2021-10-25,10563.0,592.0,0.0,100,455.55,447.0,0,0.0,0.0,,0.0,1,3.6,6.23,SPY211119C00454000,454.0,normalDay
2021-10-26,10563.0,536.0,0.0,100,455.96,447.0,0,0.0,0.0,,0.0,1,3.6,7.2,SPY211119C00454000,454.0,normalDay
2021-10-27,10563.0,437.0,0.0,100,453.94,447.0,0,0.0,0.0,,0.0,1,3.6,6.17,SPY211119C00454000,454.0,normalDay
2021-10-28,10563.0,660.0,0.0,100,458.32,447.0,0,0.0,0.0,,0.0,1,3.6,8.32,SPY211119C00454000,454.0,normalDay
2021-10-29,10563.0,665.0,0.0,100,459.25,447.0,0,0.0,0.0,,0.0,1,3.6,9.2,SPY211119C00454000,454.0,normalDay
2021-11-01,10563.0,731.0,0.0,100,460.04,447.0,0,0.0,0.0,,0.0,1,3.6,9.33,SPY211119C00454000,454.0,normalDay
2021-11-02,10563.0,809.0,0.0,100,461.9,447.0,0,0.0,0.0,,0.0,1,3.6,10.41,SPY211119C00454000,454.0,normalDay
2021-11-03,10563.0,883.0,0.0,100,464.72,447.0,0,0.0,0.0,,0.0,1,3.6,12.49,SPY211119C00454000,454.0,normalDay
2021-11-04,10563.0,939.0,0.0,100,466.91,447.0,0,0.0,0.0,,0.0,1,3.6,14.12,SPY211119C00454000,454.0,normalDay
2021-11-05,10563.0,947.0,0.0,100,468.53,447.0,0,0.0,0.0,,0.0,1,3.6,15.66,SPY211119C00454000,454.0,normalDay
2021-11-08,10563.0,980.0,0.0,100,468.93,447.0,0,0.0,0.0,,0.0,1,3.6,15.73,SPY211119C00454000,454.0,normalDay
2021-11-09,10563.0,965.0,0.0,100,467.38,447.0,0,0.0,0.0,,0.0,1,3.6,14.33,SPY211119C00454000,454.0,normalDay
2021-11-10,10563.0,895.0,0.0,100,463.62,447.0,0,0.0,0.0,,0.0,1,3.6,11.27,SPY211119C00454000,454.0,normalDay
2021-11-11,10563.0,916.0,0.0,100,463.77,447.0,0,0.0,0.0,,0.0,1,3.6,11.21,SPY211119C00454000,454.0,normalDay
2021-11-12,10563.0,987.0,0.0,100,467.27,447.0,0,0.0,0.0,,0.0,1,3.6,14.0,SPY211119C00454000,454.0,normalDay
2021-11-15,10563.0,1043.0,0.0,100,467.43,447.0,0,0.0,0.0,,0.0,1,3.6,13.6,SPY211119C00454000,454.0,normalDay
2021-11-16,10563.0,1035.0,0.0,100,469.28,447.0,0,0.0,0.0,,0.0,1,3.6,15.53,SPY211119C00454000,454.0,normalDay
2021-11-17,10563.0,1066.0,0.0,100,468.14,447.0,0,0.0,0.0,,0.0,1,3.6,14.08,SPY211119C00454000,454.0,normalDay
2021-11-18,10563.0,1043.0,0.0,100,469.73,447.0,0,0.0,0.0,,0.0,1,3.6,15.9,SPY211119C00454000,454.0,normalDay
2021-11-19,11623.0,1043.0,1060.0,0,468.89,0.0,0,0.0,0.0,,0.0,1,3.6,0.0,SPY211119C00454000,454.0,expirationDay
2021-11-22,11623.0,-5.0,0.0,0,467.57,0.0,1,3.26,3.31,SPY211203P00465000,465.0,0,0.0,0.0,,0.0,normalDay
2021-11-23,11623.0,27.0,0.0,0,468.19,0.0,1,3.26,2.99,SPY211203P00465000,465.0,0,0.0,0.0,,0.0,normalDay
2021-11-24,11623.0,119.0,0.0,0,469.44,0.0,1,3.26,2.07,SPY211203P00465000,465.0,0,0.0,0.0,,0.0,normalDay
2021-11-26,11623.0,-672.0,0.0,0,458.97,0.0,1,3.26,9.98,SPY211203P00465000,465.0,0,0.0,0.0,,0.0,normalDay
2021-11-29,11623.0,-20.0,0.0,0,464.6,0.0,1,3.26,3.46,SPY211203P00465000,465.0,0,0.0,0.0,,0.0,normalDay
2021-11-30,11623.0,-501.0,0.0,0,455.56,0.0,1,3.26,8.27,SPY211203P00465000,465.0,0,0.0,0.0,,0.0,normalDay
2021-12-01,11623.0,-1152.0,0.0,0,450.5,0.0,1,3.26,14.78,SPY211203P00465000,465.0,0,0.0,0.0,,0.0,normalDay
2021-12-02,11623.0,-466.0,0.0,0,457.4,0.0,1,3.26,7.92,SPY211203P00465000,465.0,0,0.0,0.0,,0.0,normalDay
2021-12-03,11949.0,-1158.0,326.0,100,453.42,465.0,1,3.26,0.0,SPY211203P00465000,465.0,0,0.0,0.0,,0.0,expirationDay
2021-12-06,11949.0,-629.0,0.0,100,458.79,465.0,0,0.0,0.0,,0.0,1,8.8,8.88,SPY220218C00472000,472.0,normalDay
2021-12-07,11949.0,6.0,0.0,100,468.28,465.0,0,0.0,0.0,,0.0,1,8.8,12.02,SPY220218C00472000,472.0,normalDay
2021-12-08,11949.0,151.0,0.0,100,469.52,465.0,0,0.0,0.0,,0.0,1,8.8,11.81,SPY220218C00472000,472.0,normalDay
2021-12-09,11949.0,-20.0,0.0,100,466.35,465.0,0,0.0,0.0,,0.0,1,8.8,10.35,SPY220218C00472000,472.0,normalDay
2021-12-10,11949.0,278.0,0.0,100,470.74,465.0,0,0.0,0.0,,0.0,1,8.8,11.76,SPY220218C00472000,472.0,normalDay
2021-12-13,11949.0,47.0,0.0,100,466.57,465.0,0,0.0,0.0,,0.0,1,8.8,9.9,SPY220218C00472000,472.0,normalDay
2021-12-14,11949.0,-160.0,0.0,100,463.36,465.0,0,0.0,0.0,,0.0,1,8.8,8.76,SPY220218C00472000,472.0,normalDay
2021-12-15,11949.0,281.0,0.0,100,470.6,465.0,0,0.0,0.0,,0.0,1,8.8,11.59,SPY220218C00472000,472.0,normalDay
2021-12-16,11949.0,45.0,0.0,100,466.45,465.0,0,0.0,0.0,,0.0,1,8.8,9.8,SPY220218C00472000,472.0,normalDay
2021-12-17,11949.0,-420.0,0.0,100,459.87,465.0,0,0.0,0.0,,0.0,1,8.8,7.87,SPY220218C00472000,472.0,normalDay
2021-12-20,11949.0,-708.0,0.0,100,454.98,465.0,0,0.0,0.0,,0.0,1,8.8,5.86,SPY220218C00472000,472.0,normalDay
2021-12-21,11949.0,-153.0,0.0,100,463.06,465.0,0,0.0,0.0,,0.0,1,8.8,8.39,SPY220218C00472000,472.0,normalDay
2021-12-22,11949.0,173.0,0.0,100,467.69,465.0,0,0.0,0.0,,0.0,1,8.8,9.76,SPY220218C00472000,472.0,normalDay
2021-12-23,11949.0,327.0,0.0,100,470.6,465.0,0,0.0,0.0,,0.0,1,8.8,11.13,SPY220218C00472000,472.0,normalDay
2021-12-27,11949.0,644.0,0.0,100,477.26,465.0,0,0.0,0.0,,0.0,1,8.8,14.62,SPY220218C00472000,472.0,normalDay
2021-12-28,11949.0,640.0,0.0,100,476.87,465.0,0,0.0,0.0,,0.0,1,8.8,14.27,SPY220218C00472000,472.0,normalDay
2021-12-29,11949.0,717.0,0.0,100,477.48,465.0,0,0.0,0.0,,0.0,1,8.8,14.11,SPY220218C00472000,472.0,normalDay
2021-12-30,11949.0,707.0,0.0,100,476.16,465.0,0,0.0,0.0,,0.0,1,8.8,12.89,SPY220218C00472000,472.0,normalDay
2021-12-31,11949.0,665.0,0.0,100,474.96,465.0,0,0.0,0.0,,0.0,1,8.8,12.11,SPY220218C00472000,472.0,normalDay
2022-01-03,11949.0,823.0,0.0,100,477.71,465.0,0,0.0,0.0,,0.0,1,8.8,13.28,SPY220218C00472000,472.0,normalDay
2022-01-04,11949.0,827.0,0.0,100,477.55,465.0,0,0.0,0.0,,0.0,1,8.8,13.08,SPY220218C00472000,472.0,normalDay
2022-01-05,11949.0,359.0,0.0,100,468.38,465.0,0,0.0,0.0,,0.0,1,8.8,8.59,SPY220218C00472000,472.0,normalDay
2022-01-06,11949.0,357.0,0.0,100,467.94,465.0,0,0.0,0.0,,0.0,1,8.8,8.17,SPY220218C00472000,472.0,normalDay
2022-01-07,11949.0,309.0,0.0,100,466.09,465.0,0,0.0,0.0,,0.0,1,8.8,6.8,SPY220218C00472000,472.0,normalDay
2022-01-10,11949.0,339.0,0.0,100,465.51,465.0,0,0.0,0.0,,0.0,1,8.8,5.92,SPY220218C00472000,472.0,normalDay
2022-01-11,11949.0,575.0,0.0,100,469.75,465.0,0,0.0,0.0,,0.0,1,8.8,7.8,SPY220218C00472000,472.0,normalDay
2022-01-12,11949.0,639.0,0.0,100,471.02,465.0,0,0.0,0.0,,0.0,1,8.8,8.43,SPY220218C00472000,472.0,normalDay
2022-01-13,11949.0,267.0,0.0,100,464.53,465.0,0,0.0,0.0,,0.0,1,8.8,5.66,SPY220218C00472000,472.0,normalDay
2022-01-14,11949.0,312.0,0.0,100,464.72,465.0,0,0.0,0.0,,0.0,1,8.8,5.4,SPY220218C00472000,472.0,normalDay
2022-01-18,11949.0,-273.0,0.0,100,456.49,465.0,0,0.0,0.0,,0.0,1,8.8,3.02,SPY220218C00472000,472.0,normalDay
2022-01-19,11949.0,-638.0,0.0,100,451.75,465.0,0,0.0,0.0,,0.0,1,8.8,1.93,SPY220218C00472000,472.0,normalDay
2022-01-20,11949.0,-1056.0,0.0,100,446.75,465.0,0,0.0,0.0,,0.0,1,8.8,1.11,SPY220218C00472000,472.0,normalDay
2022-01-21,11949.0,-1886.0,0.0,100,437.98,465.0,0,0.0,0.0,,0.0,1,8.8,0.64,SPY220218C00472000,472.0,normalDay
2022-01-24,11949.0,-1714.0,0.0,100,439.84,465.0,0,0.0,0.0,,0.0,1,8.8,0.78,SPY220218C00472000,472.0,normalDay
2022-01-25,11949.0,-2216.0,0.0,100,434.47,465.0,0,0.0,0.0,,0.0,1,8.8,0.43,SPY220218C00472000,472.0,normalDay
2022-01-26,11949.0,-2332.0,0.0,100,433.38,465.0,0,0.0,0.0,,0.0,1,8.8,0.5,SPY220218C00472000,472.0,normalDay
2022-01-27,11949.0,-2531.0,0.0,100,431.24,465.0,0,0.0,0.0,,0.0,1,8.8,0.35,SPY220218C00472000,472.0,normalDay
2022-01-28,11949.0,-1495.0,0.0,100,441.95,465.0,0,0.0,0.0,,0.0,1,8.8,0.7,SPY220218C00472000,472.0,normalDay
2022-01-31,11949.0,-716.0,0.0,100,449.91,465.0,0,0.0,0.0,,0.0,1,8.8,0.87,SPY220218C00472000,472.0,normalDay
2022-02-01,11949.0,-403.0,0.0,100,452.95,465.0,0,0.0,0.0,,0.0,1,8.8,0.78,SPY220218C00472000,472.0,normalDay
2022-02-02,11949.0,32.0,0.0,100,457.35,465.0,0,0.0,0.0,,0.0,1,8.8,0.83,SPY220218C00472000,472.0,normalDay
2022-02-03,11949.0,-1014.0,0.0,100,446.6,465.0,0,0.0,0.0,,0.0,1,8.8,0.54,SPY220218C00472000,472.0,normalDay
2022-02-04,11949.0,-774.0,0.0,100,448.7,465.0,0,0.0,0.0,,0.0,1,8.8,0.24,SPY220218C00472000,472.0,normalDay
2022-02-07,11949.0,-908.0,0.0,100,447.26,465.0,0,0.0,0.0,,0.0,1,8.8,0.14,SPY220218C00472000,472.0,normalDay
2022-02-08,11949.0,-542.0,0.0,100,450.94,465.0,0,0.0,0.0,,0.0,1,8.8,0.16,SPY220218C00472000,472.0,normalDay
2022-02-09,11949.0,86.0,0.0,100,457.54,465.0,0,0.0,0.0,,0.0,1,8.8,0.48,SPY220218C00472000,472.0,normalDay
2022-02-10,11949.0,-702.0,0.0,100,449.32,465.0,0,0.0,0.0,,0.0,1,8.8,0.14,SPY220218C00472000,472.0,normalDay
2022-02-11,11949.0,-1577.0,0.0,100,440.46,465.0,0,0.0,0.0,,0.0,1,8.8,0.03,SPY220218C00472000,472.0,normalDay
2022-02-14,11949.0,-1720.0,0.0,100,439.02,465.0,0,0.0,0.0,,0.0,1,8.8,0.02,SPY220218C00472000,472.0,normalDay
2022-02-15,11949.0,-1012.0,0.0,100,446.1,465.0,0,0.0,0.0,,0.0,1,8.8,0.02,SPY220218C00472000,472.0,normalDay
2022-02-16,11949.0,-961.0,0.0,100,446.6,465.0,0,0.0,0.0,,0.0,1,8.8,0.01,SPY220218C00472000,472.0,normalDay
2022-02-17,11949.0,-1915.0,0.0,100,437.06,465.0,0,0.0,0.0,,0.0,1,8.8,0.01,SPY220218C00472000,472.0,normalDay
2022-02-18,12829.0,-3077.0,880.0,100,434.23,465.0,0,0.0,0.0,,0.0,1,8.8,0.0,SPY220218C00472000,472.0,expirationDay
2022-02-22,12829.0,-3552.0,0.0,100,429.57,465.0,0,0.0,0.0,,0.0,1,6.49,6.58,SPY220520C00456000,456.0,normalDay
2022-02-23,12829.0,-4121.0,0.0,100,421.95,465.0,0,0.0,0.0,,0.0,1,6.49,4.65,SPY220520C00456000,456.0,normalDay
2022-02-24,12829.0,-3574.0,0.0,100,428.3,465.0,0,0.0,0.0,,0.0,1,6.49,5.53,SPY220520C00456000,456.0,normalDay
2022-02-25,12829.0,-2928.0,0.0,100,437.75,465.0,0,0.0,0.0,,0.0,1,6.49,8.52,SPY220520C00456000,456.0,normalDay
2022-02-28,12829.0,-3042.0,0.0,100,436.63,465.0,0,0.0,0.0,,0.0,1,6.49,8.54,SPY220520C00456000,456.0,normalDay
2022-03-01,12829.0,-3609.0,0.0,100,429.98,465.0,0,0.0,0.0,,0.0,1,6.49,7.56,SPY220520C00456000,456.0,normalDay
2022-03-02,12829.0,-2980.0,0.0,100,437.89,465.0,0,0.0,0.0,,0.0,1,6.49,9.18,SPY220520C00456000,456.0,normalDay
2022-03-03,12829.0,-3125.0,0.0,100,435.71,465.0,0,0.0,0.0,,0.0,1,6.49,8.45,SPY220520C00456000,456.0,normalDay
2022-03-04,12829.0,-3375.0,0.0,100,432.17,465.0,0,0.0,0.0,,0.0,1,6.49,7.41,SPY220520C00456000,456.0,normalDay
2022-03-07,12829.0,-4352.0,0.0,100,419.43,465.0,0,0.0,0.0,,0.0,1,6.49,4.44,SPY220520C00456000,456.0,normalDay
2022-03-08,12829.0,-4570.0,0.0,100,416.25,465.0,0,0.0,0.0,,0.0,1,6.49,3.44,SPY220520C00456000,456.0,normalDay
2022-03-09,12829.0,-3693.0,0.0,100,427.41,465.0,0,0.0,0.0,,0.0,1,6.49,5.83,SPY220520C00456000,456.0,normalDay
2022-03-10,12829.0,-3761.0,0.0,100,425.48,465.0,0,0.0,0.0,,0.0,1,6.49,4.58,SPY220520C00456000,456.0,normalDay
2022-03-11,12829.0,-4192.0,0.0,100,420.07,465.0,0,0.0,0.0,,0.0,1,6.49,3.48,SPY220520C00456000,456.0,normalDay
2022-03-14,12829.0,-4444.0,0.0,100,417.0,465.0,0,0.0,0.0,,0.0,1,6.49,2.93,SPY220520C00456000,456.0,normalDay
2022-03-15,12829.0,-3659.0,0.0,100,426.17,465.0,0,0.0,0.0,,0.0,1,6.49,4.25,SPY220520C00456000,456.0,normalDay
2022-03-16,12829.0,-2875.0,0.0,100,435.62,465.0,0,0.0,0.0,,0.0,1,6.49,5.86,SPY220520C00456000,456.0,normalDay
2022-03-17,12829.0,-2449.0,0.0,100,441.07,465.0,0,0.0,0.0,,0.0,1,6.49,7.05,SPY220520C00456000,456.0,normalDay
2022-03-18,12829.0,-2274.0,0.0,100,444.52,465.0,0,0.0,0.0,,0.0,1,6.49,8.75,SPY220520C00456000,456.0,normalDay
2022-03-21,12829.0,-2241.0,0.0,100,444.39,465.0,0,0.0,0.0,,0.0,1,6.49,8.29,SPY220520C00456000,456.0,normalDay
2022-03-22,12829.0,-1914.0,0.0,100,449.59,465.0,0,0.0,0.0,,0.0,1,6.49,10.22,SPY220520C00456000,456.0,normalDay
2022-03-23,12829.0,-2225.0,0.0,100,443.8,465.0,0,0.0,0.0,,0.0,1,6.49,7.54,SPY220520C00456000,456.0,normalDay
2022-03-24,12829.0,-1819.0,0.0,100,450.49,465.0,0,0.0,0.0,,0.0,1,6.49,10.17,SPY220520C00456000,456.0,normalDay
2022-03-25,12829.0,-1671.0,0.0,100,452.69,465.0,0,0.0,0.0,,0.0,1,6.49,10.89,SPY220520C00456000,456.0,normalDay
2022-03-28,12829.0,-1469.0,0.0,100,455.91,465.0,0,0.0,0.0,,0.0,1,6.49,12.09,SPY220520C00456000,456.0,normalDay
2022-03-29,12829.0,-1219.0,0.0,100,461.55,465.0,0,0.0,0.0,,0.0,1,6.49,15.23,SPY220520C00456000,456.0,normalDay
2022-03-30,12829.0,-1370.0,0.0,100,458.7,465.0,0,0.0,0.0,,0.0,1,6.49,13.89,SPY220520C00456000,456.0,normalDay
2022-03-31,12829.0,-1702.0,0.0,100,451.64,465.0,0,0.0,0.0,,0.0,1,6.49,10.15,SPY220520C00456000,456.0,normalDay
2022-04-01,12829.0,-1512.0,0.0,100,452.92,465.0,0,0.0,0.0,,0.0,1,6.49,9.53,SPY220520C00456000,456.0,normalDay
2022-04-04,12829.0,-1260.0,0.0,100,456.8,465.0,0,0.0,0.0,,0.0,1,6.49,10.89,SPY220520C00456000,456.0,normalDay
2022-04-05,12829.0,-1614.0,0.0,100,451.03,465.0,0,0.0,0.0,,0.0,1,6.49,8.66,SPY220520C00456000,456.0,normalDay
2022-04-06,12829.0,-1834.0,0.0,100,446.52,465.0,0,0.0,0.0,,0.0,1,6.49,6.35,SPY220520C00456000,456.0,normalDay
2022-04-07,12829.0,-1694.0,0.0,100,448.77,465.0,0,0.0,0.0,,0.0,1,6.49,7.2,SPY220520C00456000,456.0,normalDay
2022-04-08,12829.0,-1734.0,0.0,100,447.57,465.0,0,0.0,0.0,,0.0,1,6.49,6.4,SPY220520C00456000,456.0,normalDay
2022-04-11,12829.0,-2242.0,0.0,100,439.92,465.0,0,0.0,0.0,,0.0,1,6.49,3.83,SPY220520C00456000,456.0,normalDay
2022-04-12,12829.0,-2346.0,0.0,100,438.29,465.0,0,0.0,0.0,,0.0,1,6.49,3.24,SPY220520C00456000,456.0,normalDay
2022-04-13,12829.0,-1914.0,0.0,100,443.31,465.0,0,0.0,0.0,,0.0,1,6.49,3.94,SPY220520C00456000,456.0,normalDay
2022-04-14,12829.0,-2322.0,0.0,100,437.79,465.0,0,0.0,0.0,,0.0,1,6.49,2.5,SPY220520C00456000,456.0,normalDay
2022-04-18,12829.0,-2293.0,0.0,100,437.97,465.0,0,0.0,0.0,,0.0,1,6.49,2.39,SPY220520C00456000,456.0,normalDay
2022-04-19,12829.0,-1683.0,0.0,100,445.04,465.0,0,0.0,0.0,,0.0,1,6.49,3.36,SPY220520C00456000,456.0,normalDay
2022-04-20,12829.0,-1765.0,0.0,100,444.71,465.0,0,0.0,0.0,,0.0,1,6.49,3.85,SPY220520C00456000,456.0,normalDay
2022-04-21,12829.0,-2233.0,0.0,100,438.06,465.0,0,0.0,0.0,,0.0,1,6.49,1.88,SPY220520C00456000,456.0,normalDay
2022-04-22,12829.0,-3309.0,0.0,100,426.04,465.0,0,0.0,0.0,,0.0,1,6.49,0.62,SPY220520C00456000,456.0,normalDay
2022-04-25,12829.0,-3067.0,0.0,100,428.51,465.0,0,0.0,0.0,,0.0,1,6.49,0.67,SPY220520C00456000,456.0,normalDay
2022-04-26,12829.0,-4267.0,0.0,100,416.1,465.0,0,0.0,0.0,,0.0,1,6.49,0.26,SPY220520C00456000,456.0,normalDay
2022-04-27,12829.0,-4149.0,0.0,100,417.27,465.0,0,0.0,0.0,,0.0,1,6.49,0.25,SPY220520C00456000,456.0,normalDay
2022-04-28,12829.0,-3127.0,0.0,100,427.81,465.0,0,0.0,0.0,,0.0,1,6.49,0.57,SPY220520C00456000,456.0,normalDay
2022-04-29,12829.0,-4674.0,0.0,100,412.0,465.0,0,0.0,0.0,,0.0,1,6.49,0.23,SPY220520C00456000,456.0,normalDay
2022-05-02,12829.0,-4425.0,0.0,100,414.48,465.0,0,0.0,0.0,,0.0,1,6.49,0.22,SPY220520C00456000,456.0,normalDay
2022-05-03,12829.0,-4229.0,0.0,100,416.38,465.0,0,0.0,0.0,,0.0,1,6.49,0.16,SPY220520C00456000,456.0,normalDay
2022-05-04,12829.0,-2980.0,0.0,100,429.06,465.0,0,0.0,0.0,,0.0,1,6.49,0.35,SPY220520C00456000,456.0,normalDay
2022-05-05,12829.0,-4482.0,0.0,100,413.81,465.0,0,0.0,0.0,,0.0,1,6.49,0.12,SPY220520C00456000,456.0,normalDay
2022-05-06,12829.0,-4722.0,0.0,100,411.34,465.0,0,0.0,0.0,,0.0,1,6.49,0.05,SPY220520C00456000,456.0,normalDay
2022-05-09,12829.0,-6038.0,0.0,100,398.17,465.0,0,0.0,0.0,,0.0,1,6.49,0.04,SPY220520C00456000,456.0,normalDay
2022-05-10,12829.0,-5945.0,0.0,100,399.09,465.0,0,0.0,0.0,,0.0,1,6.49,0.03,SPY220520C00456000,456.0,normalDay
2022-05-11,12829.0,-6578.0,0.0,100,392.75,465.0,0,0.0,0.0,,0.0,1,6.49,0.02,SPY220520C00456000,456.0,normalDay
2022-05-12,12829.0,-6619.0,0.0,100,392.34,465.0,0,0.0,0.0,,0.0,1,6.49,0.02,SPY220520C00456000,456.0,normalDay
2022-05-13,12829.0,-5681.0,0.0,100,401.72,465.0,0,0.0,0.0,,0.0,1,6.49,0.02,SPY220520C00456000,456.0,normalDay
2022-05-16,12829.0,-5844.0,0.0,100,400.09,465.0,0,0.0,0.0,,0.0,1,6.49,0.02,SPY220520C00456000,456.0,normalDay
2022-05-17,12829.0,-5020.0,0.0,100,408.32,465.0,0,0.0,0.0,,0.0,1,6.49,0.01,SPY220520C00456000,456.0,normalDay
2022-05-18,12829.0,-6666.0,0.0,100,391.86,465.0,0,0.0,0.0,,0.0,1,6.49,0.01,SPY220520C00456000,456.0,normalDay
2022-05-19,12829.0,-6906.0,0.0,100,389.46,465.0,0,0.0,0.0,,0.0,1,6.49,0.01,SPY220520C00456000,456.0,normalDay
2022-05-20,13478.0,-7537.0,649.0,100,389.63,465.0,0,0.0,0.0,,0.0,1,6.49,0.0,SPY220520C00456000,456.0,expirationDay
2022-05-23,13478.0,-6813.0,0.0,100,396.92,465.0,0,0.0,0.0,,0.0,1,4.34,4.39,SPY220715C00423000,423.0,normalDay
2022-05-24,13478.0,-7059.0,0.0,100,393.89,465.0,0,0.0,0.0,,0.0,1,4.34,3.82,SPY220715C00423000,423.0,normalDay
2022-05-25,13478.0,-6751.0,0.0,100,397.37,465.0,0,0.0,0.0,,0.0,1,4.34,4.22,SPY220715C00423000,423.0,normalDay
2022-05-26,13478.0,-6139.0,0.0,100,405.31,465.0,0,0.0,0.0,,0.0,1,4.34,6.04,SPY220715C00423000,423.0,normalDay
2022-05-27,13478.0,-5500.0,0.0,100,415.26,465.0,0,0.0,0.0,,0.0,1,4.34,9.6,SPY220715C00423000,423.0,normalDay
2022-05-31,13478.0,-5556.0,0.0,100,412.93,465.0,0,0.0,0.0,,0.0,1,4.34,7.83,SPY220715C00423000,423.0,normalDay
2022-06-01,13478.0,-5723.0,0.0,100,409.59,465.0,0,0.0,0.0,,0.0,1,4.34,6.16,SPY220715C00423000,423.0,normalDay
2022-06-02,13478.0,-5234.0,0.0,100,417.39,465.0,0,0.0,0.0,,0.0,1,4.34,9.07,SPY220715C00423000,423.0,normalDay
2022-06-03,13478.0,-5626.0,0.0,100,410.54,465.0,0,0.0,0.0,,0.0,1,4.34,6.14,SPY220715C00423000,423.0,normalDay
2022-06-06,13478.0,-5501.0,0.0,100,411.79,465.0,0,0.0,0.0,,0.0,1,4.34,6.14,SPY220715C00423000,423.0,normalDay
2022-06-07,13478.0,-5218.0,0.0,100,415.74,465.0,0,0.0,0.0,,0.0,1,4.34,7.26,SPY220715C00423000,423.0,normalDay
2022-06-08,13478.0,-5486.0,0.0,100,411.22,465.0,0,0.0,0.0,,0.0,1,4.34,5.42,SPY220715C00423000,423.0,normalDay
2022-06-09,13478.0,-6221.0,0.0,100,401.44,465.0,0,0.0,0.0,,0.0,1,4.34,2.99,SPY220715C00423000,423.0,normalDay
2022-06-10,13478.0,-7213.0,0.0,100,389.8,465.0,0,0.0,0.0,,0.0,1,4.34,1.27,SPY220715C00423000,423.0,normalDay
2022-06-13,13478.0,-8615.0,0.0,100,375.0,465.0,0,0.0,0.0,,0.0,1,4.34,0.49,SPY220715C00423000,423.0,normalDay
2022-06-14,13478.0,-8718.0,0.0,100,373.87,465.0,0,0.0,0.0,,0.0,1,4.34,0.39,SPY220715C00423000,423.0,normalDay
2022-06-15,13478.0,-8193.0,0.0,100,379.2,465.0,0,0.0,0.0,,0.0,1,4.34,0.47,SPY220715C00423000,423.0,normalDay
2022-06-16,13478.0,-9422.0,0.0,100,366.65,465.0,0,0.0,0.0,,0.0,1,4.34,0.21,SPY220715C00423000,423.0,normalDay
2022-06-17,13478.0,-9503.0,0.0,100,365.86,465.0,0,0.0,0.0,,0.0,1,4.34,0.23,SPY220715C00423000,423.0,normalDay
2022-06-21,13478.0,-8583.0,0.0,100,375.07,465.0,0,0.0,0.0,,0.0,1,4.34,0.24,SPY220715C00423000,423.0,normalDay
2022-06-22,13478.0,-8650.0,0.0,100,374.39,465.0,0,0.0,0.0,,0.0,1,4.34,0.23,SPY220715C00423000,423.0,normalDay
2022-06-23,13478.0,-8283.0,0.0,100,378.06,465.0,0,0.0,0.0,,0.0,1,4.34,0.23,SPY220715C00423000,423.0,normalDay
2022-06-24,13478.0,-7107.0,0.0,100,390.08,465.0,0,0.0,0.0,,0.0,1,4.34,0.49,SPY220715C00423000,423.0,normalDay
2022-06-27,13478.0,-7247.0,0.0,100,388.59,465.0,0,0.0,0.0,,0.0,1,4.34,0.4,SPY220715C00423000,423.0,normalDay
2022-06-28,13478.0,-8016.0,0.0,100,380.65,465.0,0,0.0,0.0,,0.0,1,4.34,0.15,SPY220715C00423000,423.0,normalDay
2022-06-29,13478.0,-8046.0,0.0,100,380.34,465.0,0,0.0,0.0,,0.0,1,4.34,0.14,SPY220715C00423000,423.0,normalDay
2022-06-30,13478.0,-8348.0,0.0,100,377.25,465.0,0,0.0,0.0,,0.0,1,4.34,0.07,SPY220715C00423000,423.0,normalDay
2022-07-01,13478.0,-7947.0,0.0,100,381.24,465.0,0,0.0,0.0,,0.0,1,4.34,0.05,SPY220715C00423000,423.0,normalDay
2022-07-05,13478.0,-7873.0,0.0,100,381.96,465.0,0,0.0,0.0,,0.0,1,4.34,0.03,SPY220715C00423000,423.0,normalDay
2022-07-06,13478.0,-7744.0,0.0,100,383.25,465.0,0,0.0,0.0,,0.0,1,4.34,0.03,SPY220715C00423000,423.0,normalDay
2022-07-07,13478.0,-7169.0,0.0,100,388.99,465.0,0,0.0,0.0,,0.0,1,4.34,0.02,SPY220715C00423000,423.0,normalDay
2022-07-08,13478.0,-7201.0,0.0,100,388.67,465.0,0,0.0,0.0,,0.0,1,4.34,0.02,SPY220715C00423000,423.0,normalDay
2022-07-11,13478.0,-7644.0,0.0,100,384.23,465.0,0,0.0,0.0,,0.0,1,4.34,0.01,SPY220715C00423000,423.0,normalDay
2022-07-12,13478.0,-7984.0,0.0,100,380.83,465.0,0,0.0,0.0,,0.0,1,4.34,0.01,SPY220715C00423000,423.0,normalDay
2022-07-13,13478.0,-8184.0,0.0,100,378.83,465.0,0,0.0,0.0,,0.0,1,4.34,0.01,SPY220715C00423000,423.0,normalDay
2022-07-14,13478.0,-8276.0,0.0,100,377.91,465.0,0,0.0,0.0,,0.0,1,4.34,0.01,SPY220715C00423000,423.0,normalDay
2022-07-15,13912.0,-7987.0,434.0,100,385.13,465.0,0,0.0,0.0,,0.0,1,4.34,0.0,SPY220715C00423000,423.0,expirationDay
2022-07-18,13912.0,-8312.0,0.0,100,381.95,465.0,0,0.0,0.0,,0.0,1,12.63,12.7,SPY220930C00389000,389.0,normalDay
2022-07-19,13912.0,-7877.0,0.0,100,392.27,465.0,0,0.0,0.0,,0.0,1,12.63,18.67,SPY220930C00389000,389.0,normalDay
2022-07-20,13912.0,-7747.0,0.0,100,394.77,465.0,0,0.0,0.0,,0.0,1,12.63,19.87,SPY220930C00389000,389.0,normalDay
2022-07-21,13912.0,-7519.0,0.0,100,398.79,465.0,0,0.0,0.0,,0.0,1,12.63,21.61,SPY220930C00389000,389.0,normalDay
2022-07-22,13912.0,-7612.0,0.0,100,395.09,465.0,0,0.0,0.0,,0.0,1,12.63,18.84,SPY220930C00389000,389.0,normalDay
2022-07-25,13912.0,-7616.0,0.0,100,395.57,465.0,0,0.0,0.0,,0.0,1,12.63,19.36,SPY220930C00389000,389.0,normalDay
2022-07-26,13912.0,-7846.0,0.0,100,390.89,465.0,0,0.0,0.0,,0.0,1,12.63,16.98,SPY220930C00389000,389.0,normalDay
2022-07-27,13912.0,-7328.0,0.0,100,401.04,465.0,0,0.0,0.0,,0.0,1,12.63,21.95,SPY220930C00389000,389.0,normalDay
2022-07-28,13912.0,-7274.0,0.0,100,406.07,465.0,0,0.0,0.0,,0.0,1,12.63,26.44,SPY220930C00389000,389.0,normalDay
2022-07-29,13912.0,-7037.0,0.0,100,411.99,465.0,0,0.0,0.0,,0.0,1,12.63,29.99,SPY220930C00389000,389.0,normalDay
2022-08-01,13912.0,-7102.0,0.0,100,410.77,465.0,0,0.0,0.0,,0.0,1,12.63,29.42,SPY220930C00389000,389.0,normalDay
2022-08-02,13912.0,-7178.0,0.0,100,408.06,465.0,0,0.0,0.0,,0.0,1,12.63,27.47,SPY220930C00389000,389.0,normalDay
2022-08-03,13912.0,-6950.0,0.0,100,414.45,465.0,0,0.0,0.0,,0.0,1,12.63,31.58,SPY220930C00389000,389.0,normalDay
2022-08-04,13912.0,-6976.0,0.0,100,414.17,465.0,0,0.0,0.0,,0.0,1,12.63,31.56,SPY220930C00389000,389.0,normalDay
2022-08-05,13912.0,-6940.0,0.0,100,413.47,465.0,0,0.0,0.0,,0.0,1,12.63,30.5,SPY220930C00389000,389.0,normalDay
2022-08-08,13912.0,-6972.0,0.0,100,412.99,465.0,0,0.0,0.0,,0.0,1,12.63,30.34,SPY220930C00389000,389.0,normalDay
2022-08-09,13912.0,-7014.0,0.0,100,411.35,465.0,0,0.0,0.0,,0.0,1,12.63,29.12,SPY220930C00389000,389.0,normalDay
2022-08-10,13912.0,-6759.0,0.0,100,419.99,465.0,0,0.0,0.0,,0.0,1,12.63,35.21,SPY220930C00389000,389.0,normalDay
2022-08-11,13912.0,-6824.0,0.0,100,419.99,465.0,0,0.0,0.0,,0.0,1,12.63,35.86,SPY220930C00389000,389.0,normalDay
2022-08-12,13912.0,-6643.0,0.0,100,427.1,465.0,0,0.0,0.0,,0.0,1,12.63,41.16,SPY220930C00389000,389.0,normalDay
2022-08-15,13912.0,-6613.0,0.0,100,428.86,465.0,0,0.0,0.0,,0.0,1,12.63,42.62,SPY220930C00389000,389.0,normalDay
2022-08-16,13912.0,-6582.0,0.0,100,429.7,465.0,0,0.0,0.0,,0.0,1,12.63,43.15,SPY220930C00389000,389.0,normalDay
2022-08-17,13912.0,-6661.0,0.0,100,426.65,465.0,0,0.0,0.0,,0.0,1,12.63,40.89,SPY220930C00389000,389.0,normalDay
2022-08-18,13912.0,-6568.0,0.0,100,427.89,465.0,0,0.0,0.0,,0.0,1,12.63,41.2,SPY220930C00389000,389.0,normalDay
2022-08-19,13912.0,-6650.0,0.0,100,422.14,465.0,0,0.0,0.0,,0.0,1,12.63,36.27,SPY220930C00389000,389.0,normalDay
2022-08-22,13912.0,-6826.0,0.0,100,413.35,465.0,0,0.0,0.0,,0.0,1,12.63,29.24,SPY220930C00389000,389.0,normalDay
2022-08-23,13912.0,-6792.0,0.0,100,412.35,465.0,0,0.0,0.0,,0.0,1,12.63,27.9,SPY220930C00389000,389.0,normalDay
2022-08-24,13912.0,-6734.0,0.0,100,413.67,465.0,0,0.0,0.0,,0.0,1,12.63,28.64,SPY220930C00389000,389.0,normalDay
2022-08-25,13912.0,-6571.0,0.0,100,419.51,465.0,0,0.0,0.0,,0.0,1,12.63,32.85,SPY220930C00389000,389.0,normalDay
2022-08-26,13912.0,-6908.0,0.0,100,405.31,465.0,0,0.0,0.0,,0.0,1,12.63,22.02,SPY220930C00389000,389.0,normalDay
2022-08-29,13912.0,-6953.0,0.0,100,402.63,465.0,0,0.0,0.0,,0.0,1,12.63,19.79,SPY220930C00389000,389.0,normalDay
2022-08-30,13912.0,-7070.0,0.0,100,398.21,465.0,0,0.0,0.0,,0.0,1,12.63,16.54,SPY220930C00389000,389.0,normalDay
2022-08-31,13912.0,-7143.0,0.0,100,395.18,465.0,0,0.0,0.0,,0.0,1,12.63,14.24,SPY220930C00389000,389.0,normalDay
2022-09-01,13912.0,-7040.0,0.0,100,396.42,465.0,0,0.0,0.0,,0.0,1,12.63,14.45,SPY220930C00389000,389.0,normalDay
2022-09-02,13912.0,-7199.0,0.0,100,392.24,465.0,0,0.0,0.0,,0.0,1,12.63,11.86,SPY220930C00389000,389.0,normalDay
2022-09-06,13912.0,-7181.0,0.0,100,390.76,465.0,0,0.0,0.0,,0.0,1,12.63,10.2,SPY220930C00389000,389.0,normalDay
2022-09-07,13912.0,-6845.0,0.0,100,397.78,465.0,0,0.0,0.0,,0.0,1,12.63,13.86,SPY220930C00389000,389.0,normalDay
2022-09-08,13912.0,-6762.0,0.0,100,400.38,465.0,0,0.0,0.0,,0.0,1,12.63,15.63,SPY220930C00389000,389.0,normalDay
2022-09-09,13912.0,-6526.0,0.0,100,406.6,465.0,0,0.0,0.0,,0.0,1,12.63,19.49,SPY220930C00389000,389.0,normalDay
2022-09-12,13912.0,-6493.0,0.0,100,410.97,465.0,0,0.0,0.0,,0.0,1,12.63,23.53,SPY220930C00389000,389.0,normalDay
2022-09-13,13912.0,-6998.0,0.0,100,393.1,465.0,0,0.0,0.0,,0.0,1,12.63,10.71,SPY220930C00389000,389.0,normalDay
2022-09-14,13912.0,-6855.0,0.0,100,394.6,465.0,0,0.0,0.0,,0.0,1,12.63,10.78,SPY220930C00389000,389.0,normalDay
2022-09-15,13912.0,-7056.0,0.0,100,390.12,465.0,0,0.0,0.0,,0.0,1,12.63,8.31,SPY220930C00389000,389.0,normalDay
2022-09-16,13912.0,-7319.0,0.0,100,385.56,465.0,0,0.0,0.0,,0.0,1,12.63,6.38,SPY220930C00389000,389.0,normalDay
2022-09-19,13912.0,-7100.0,0.0,100,388.55,465.0,0,0.0,0.0,,0.0,1,12.63,7.18,SPY220930C00389000,389.0,normalDay
2022-09-20,13912.0,-7362.0,0.0,100,384.09,465.0,0,0.0,0.0,,0.0,1,12.63,5.34,SPY220930C00389000,389.0,normalDay
2022-09-21,13912.0,-7744.0,0.0,100,377.39,465.0,0,0.0,0.0,,0.0,1,12.63,2.46,SPY220930C00389000,389.0,normalDay
2022-09-22,13912.0,-7926.0,0.0,100,374.22,465.0,0,0.0,0.0,,0.0,1,12.63,1.11,SPY220930C00389000,389.0,normalDay
2022-09-23,13912.0,-8471.0,0.0,100,367.95,465.0,0,0.0,0.0,,0.0,1,12.63,0.29,SPY220930C00389000,389.0,normalDay
2022-09-26,13912.0,-8819.0,0.0,100,364.31,465.0,0,0.0,0.0,,0.0,1,12.63,0.13,SPY220930C00389000,389.0,normalDay
2022-09-27,13912.0,-8903.0,0.0,100,363.38,465.0,0,0.0,0.0,,0.0,1,12.63,0.04,SPY220930C00389000,389.0,normalDay
2022-09-28,13912.0,-8189.0,0.0,100,370.53,465.0,0,0.0,0.0,,0.0,1,12.63,0.05,SPY220930C00389000,389.0,normalDay
2022-09-29,13912.0,-8959.0,0.0,100,362.79,465.0,0,0.0,0.0,,0.0,1,12.63,0.01,SPY220930C00389000,389.0,normalDay
2022-09-30,15175.0,-10782.0,1263.0,100,357.18,465.0,0,0.0,0.0,,0.0,1,12.63,0.0,SPY220930C00389000,389.0,expirationDay
2022-10-03,15175.0,-9843.0,0.0,100,366.61,465.0,0,0.0,0.0,,0.0,1,3.66,3.7,SPY221216C00405000,405.0,normalDay
2022-10-04,15175.0,-8963.0,0.0,100,377.97,465.0,0,0.0,0.0,,0.0,1,3.66,6.26,SPY221216C00405000,405.0,normalDay
2022-10-05,15175.0,-9028.0,0.0,100,377.09,465.0,0,0.0,0.0,,0.0,1,3.66,6.03,SPY221216C00405000,405.0,normalDay
2022-10-06,15175.0,-9327.0,0.0,100,373.2,465.0,0,0.0,0.0,,0.0,1,3.66,5.13,SPY221216C00405000,405.0,normalDay
2022-10-07,15175.0,-10138.0,0.0,100,362.79,465.0,0,0.0,0.0,,0.0,1,3.66,2.83,SPY221216C00405000,405.0,normalDay
2022-10-10,15175.0,-10399.0,0.0,100,360.02,465.0,0,0.0,0.0,,0.0,1,3.66,2.67,SPY221216C00405000,405.0,normalDay
2022-10-11,15175.0,-10607.0,0.0,100,357.74,465.0,0,0.0,0.0,,0.0,1,3.66,2.47,SPY221216C00405000,405.0,normalDay
2022-10-12,15175.0,-10708.0,0.0,100,356.56,465.0,0,0.0,0.0,,0.0,1,3.66,2.3,SPY221216C00405000,405.0,normalDay
2022-10-13,15175.0,-9919.0,0.0,100,365.97,465.0,0,0.0,0.0,,0.0,1,3.66,3.82,SPY221216C00405000,405.0,normalDay
2022-10-14,15175.0,-10604.0,0.0,100,357.63,465.0,0,0.0,0.0,,0.0,1,3.66,2.33,SPY221216C00405000,405.0,normalDay
2022-10-17,15175.0,-9826.0,0.0,100,366.82,465.0,0,0.0,0.0,,0.0,1,3.66,3.74,SPY221216C00405000,405.0,normalDay
2022-10-18,15175.0,-9478.0,0.0,100,371.13,465.0,0,0.0,0.0,,0.0,1,3.66,4.57,SPY221216C00405000,405.0,normalDay
2022-10-19,15175.0,-9647.0,0.0,100,368.5,465.0,0,0.0,0.0,,0.0,1,3.66,3.63,SPY221216C00405000,405.0,normalDay
2022-10-20,15175.0,-9882.0,0.0,100,365.41,465.0,0,0.0,0.0,,0.0,1,3.66,2.89,SPY221216C00405000,405.0,normalDay
2022-10-21,15175.0,-9190.0,0.0,100,374.29,465.0,0,0.0,0.0,,0.0,1,3.66,4.85,SPY221216C00405000,405.0,normalDay
2022-10-24,15175.0,-8848.0,0.0,100,378.87,465.0,0,0.0,0.0,,0.0,1,3.66,6.01,SPY221216C00405000,405.0,normalDay
2022-10-25,15175.0,-8331.0,0.0,100,384.92,465.0,0,0.0,0.0,,0.0,1,3.66,6.89,SPY221216C00405000,405.0,normalDay
2022-10-26,15175.0,-8547.0,0.0,100,382.02,465.0,0,0.0,0.0,,0.0,1,3.66,6.15,SPY221216C00405000,405.0,normalDay
2022-10-27,15175.0,-8546.0,0.0,100,379.98,465.0,0,0.0,0.0,,0.0,1,3.66,4.1,SPY221216C00405000,405.0,normalDay
2022-10-28,15175.0,-8009.0,0.0,100,389.02,465.0,0,0.0,0.0,,0.0,1,3.66,7.77,SPY221216C00405000,405.0,normalDay
2022-10-31,15175.0,-8137.0,0.0,100,386.21,465.0,0,0.0,0.0,,0.0,1,3.66,6.24,SPY221216C00405000,405.0,normalDay
2022-11-01,15175.0,-8228.0,0.0,100,384.52,465.0,0,0.0,0.0,,0.0,1,3.66,5.46,SPY221216C00405000,405.0,normalDay
2022-11-02,15175.0,-8936.0,0.0,100,374.87,465.0,0,0.0,0.0,,0.0,1,3.66,2.89,SPY221216C00405000,405.0,normalDay
2022-11-03,15175.0,-9246.0,0.0,100,371.01,465.0,0,0.0,0.0,,0.0,1,3.66,2.13,SPY221216C00405000,405.0,normalDay
2022-11-04,15175.0,-8785.0,0.0,100,376.35,465.0,0,0.0,0.0,,0.0,1,3.66,2.86,SPY221216C00405000,405.0,normalDay
2022-11-07,15175.0,-8468.0,0.0,100,379.95,465.0,0,0.0,0.0,,0.0,1,3.66,3.29,SPY221216C00405000,405.0,normalDay
2022-11-08,15175.0,-8304.0,0.0,100,382.0,465.0,0,0.0,0.0,,0.0,1,3.66,3.7,SPY221216C00405000,405.0,normalDay
2022-11-09,15175.0,-8940.0,0.0,100,374.13,465.0,0,0.0,0.0,,0.0,1,3.66,2.19,SPY221216C00405000,405.0,normalDay
2022-11-10,15175.0,-7421.0,0.0,100,394.69,465.0,0,0.0,0.0,,0.0,1,3.66,7.56,SPY221216C00405000,405.0,normalDay
2022-11-11,15175.0,-7087.0,0.0,100,398.51,465.0,0,0.0,0.0,,0.0,1,3.66,8.04,SPY221216C00405000,405.0,normalDay
2022-11-14,15175.0,-7279.0,0.0,100,395.12,465.0,0,0.0,0.0,,0.0,1,3.66,6.57,SPY221216C00405000,405.0,normalDay
2022-11-15,15175.0,-7060.0,0.0,100,398.49,465.0,0,0.0,0.0,,0.0,1,3.66,7.75,SPY221216C00405000,405.0,normalDay
2022-11-16,15175.0,-7206.0,0.0,100,395.45,465.0,0,0.0,0.0,,0.0,1,3.66,6.17,SPY221216C00405000,405.0,normalDay
2022-11-17,15175.0,-7252.0,0.0,100,394.24,465.0,0,0.0,0.0,,0.0,1,3.66,5.42,SPY221216C00405000,405.0,normalDay
2022-11-18,15175.0,-7079.0,0.0,100,396.03,465.0,0,0.0,0.0,,0.0,1,3.66,5.48,SPY221216C00405000,405.0,normalDay
2022-11-21,15175.0,-7118.0,0.0,100,394.59,465.0,0,0.0,0.0,,0.0,1,3.66,4.43,SPY221216C00405000,405.0,normalDay
2022-11-22,15175.0,-6743.0,0.0,100,399.9,465.0,0,0.0,0.0,,0.0,1,3.66,5.99,SPY221216C00405000,405.0,normalDay
2022-11-23,15175.0,-6562.0,0.0,100,402.42,465.0,0,0.0,0.0,,0.0,1,3.66,6.7,SPY221216C00405000,405.0,normalDay
2022-11-25,15175.0,-6537.0,0.0,100,402.33,465.0,0,0.0,0.0,,0.0,1,3.66,6.36,SPY221216C00405000,405.0,normalDay
2022-11-28,15175.0,-6927.0,0.0,100,395.91,465.0,0,0.0,0.0,,0.0,1,3.66,3.84,SPY221216C00405000,405.0,normalDay
2022-11-29,15175.0,-6955.0,0.0,100,395.23,465.0,0,0.0,0.0,,0.0,1,3.66,3.44,SPY221216C00405000,405.0,normalDay
2022-11-30,15175.0,-6278.0,0.0,100,407.68,465.0,0,0.0,0.0,,0.0,1,3.66,9.12,SPY221216C00405000,405.0,normalDay
2022-12-01,15175.0,-6228.0,0.0,100,407.38,465.0,0,0.0,0.0,,0.0,1,3.66,8.32,SPY221216C00405000,405.0,normalDay
2022-12-02,15175.0,-6190.0,0.0,100,406.91,465.0,0,0.0,0.0,,0.0,1,3.66,7.47,SPY221216C00405000,405.0,normalDay
2022-12-05,15175.0,-6577.0,0.0,100,399.59,465.0,0,0.0,0.0,,0.0,1,3.66,4.02,SPY221216C00405000,405.0,normalDay
2022-12-06,15175.0,-6985.0,0.0,100,393.83,465.0,0,0.0,0.0,,0.0,1,3.66,2.34,SPY221216C00405000,405.0,normalDay
2022-12-07,15175.0,-7019.0,0.0,100,393.16,465.0,0,0.0,0.0,,0.0,1,3.66,2.01,SPY221216C00405000,405.0,normalDay
2022-12-08,15175.0,-6769.0,0.0,100,396.24,465.0,0,0.0,0.0,,0.0,1,3.66,2.59,SPY221216C00405000,405.0,normalDay
2022-12-09,15175.0,-6969.0,0.0,100,393.28,465.0,0,0.0,0.0,,0.0,1,3.66,1.63,SPY221216C00405000,405.0,normalDay
2022-12-12,15175.0,-6598.0,0.0,100,398.95,465.0,0,0.0,0.0,,0.0,1,3.66,3.59,SPY221216C00405000,405.0,normalDay
2022-12-13,15175.0,-6260.0,0.0,100,401.97,465.0,0,0.0,0.0,,0.0,1,3.66,3.23,SPY221216C00405000,405.0,normalDay
2022-12-14,15175.0,-6270.0,0.0,100,399.4,465.0,0,0.0,0.0,,0.0,1,3.66,0.76,SPY221216C00405000,405.0,normalDay
2022-12-15,15175.0,-7174.0,0.0,100,389.63,465.0,0,0.0,0.0,,0.0,1,3.66,0.03,SPY221216C00405000,405.0,normalDay
2022-12-16,15541.0,-8173.0,366.0,100,383.27,465.0,0,0.0,0.0,,0.0,1,3.66,0.0,SPY221216C00405000,405.0,expirationDay
2022-12-19,15541.0,-8503.0,0.0,100,380.02,465.0,0,0.0,0.0,,0.0,1,3.77,3.82,SPY230217C00407000,407.0,normalDay
2022-12-20,15541.0,-8445.0,0.0,100,380.54,465.0,0,0.0,0.0,,0.0,1,3.77,3.76,SPY230217C00407000,407.0,normalDay
2022-12-21,15541.0,-7988.0,0.0,100,386.23,465.0,0,0.0,0.0,,0.0,1,3.77,4.88,SPY230217C00407000,407.0,normalDay
2022-12-22,15541.0,-8421.0,0.0,100,380.72,465.0,0,0.0,0.0,,0.0,1,3.77,3.7,SPY230217C00407000,407.0,normalDay
2022-12-23,15541.0,-8217.0,0.0,100,382.91,465.0,0,0.0,0.0,,0.0,1,3.77,3.85,SPY230217C00407000,407.0,normalDay
2022-12-27,15541.0,-8328.0,0.0,100,381.4,465.0,0,0.0,0.0,,0.0,1,3.77,3.45,SPY230217C00407000,407.0,normalDay
2022-12-28,15541.0,-8702.0,0.0,100,376.66,465.0,0,0.0,0.0,,0.0,1,3.77,2.45,SPY230217C00407000,407.0,normalDay
2022-12-29,15541.0,-8139.0,0.0,100,383.44,465.0,0,0.0,0.0,,0.0,1,3.77,3.6,SPY230217C00407000,407.0,normalDay
2022-12-30,15541.0,-8212.0,0.0,100,382.43,465.0,0,0.0,0.0,,0.0,1,3.77,3.32,SPY230217C00407000,407.0,normalDay
2023-01-03,15541.0,-8300.0,0.0,100,380.82,465.0,0,0.0,0.0,,0.0,1,3.77,2.59,SPY230217C00407000,407.0,normalDay
2023-01-04,15541.0,-8050.0,0.0,100,383.76,465.0,0,0.0,0.0,,0.0,1,3.77,3.03,SPY230217C00407000,407.0,normalDay
2023-01-05,15541.0,-8392.0,0.0,100,379.38,465.0,0,0.0,0.0,,0.0,1,3.77,2.07,SPY230217C00407000,407.0,normalDay
2023-01-06,15541.0,-7678.0,0.0,100,388.08,465.0,0,0.0,0.0,,0.0,1,3.77,3.63,SPY230217C00407000,407.0,normalDay
2023-01-09,15541.0,-7691.0,0.0,100,387.86,465.0,0,0.0,0.0,,0.0,1,3.77,3.54,SPY230217C00407000,407.0,normalDay
2023-01-10,15541.0,-7449.0,0.0,100,390.58,465.0,0,0.0,0.0,,0.0,1,3.77,3.84,SPY230217C00407000,407.0,normalDay
2023-01-11,15541.0,-7138.0,0.0,100,395.52,465.0,0,0.0,0.0,,0.0,1,3.77,5.67,SPY230217C00407000,407.0,normalDay
2023-01-12,15541.0,-6938.0,0.0,100,396.96,465.0,0,0.0,0.0,,0.0,1,3.77,5.11,SPY230217C00407000,407.0,normalDay
2023-01-13,15541.0,-6776.0,0.0,100,398.5,465.0,0,0.0,0.0,,0.0,1,3.77,5.03,SPY230217C00407000,407.0,normalDay
2023-01-17,15541.0,-6805.0,0.0,100,397.77,465.0,0,0.0,0.0,,0.0,1,3.77,4.59,SPY230217C00407000,407.0,normalDay
2023-01-18,15541.0,-7236.0,0.0,100,391.49,465.0,0,0.0,0.0,,0.0,1,3.77,2.62,SPY230217C00407000,407.0,normalDay
2023-01-19,15541.0,-7441.0,0.0,100,388.64,465.0,0,0.0,0.0,,0.0,1,3.77,1.82,SPY230217C00407000,407.0,normalDay
2023-01-20,15541.0,-6888.0,0.0,100,395.88,465.0,0,0.0,0.0,,0.0,1,3.77,3.53,SPY230217C00407000,407.0,normalDay
2023-01-23,15541.0,-6568.0,0.0,100,400.63,465.0,0,0.0,0.0,,0.0,1,3.77,5.08,SPY230217C00407000,407.0,normalDay
2023-01-24,15541.0,-6622.0,0.0,100,400.2,465.0,0,0.0,0.0,,0.0,1,3.77,5.19,SPY230217C00407000,407.0,normalDay
2023-01-25,15541.0,-6549.0,0.0,100,400.35,465.0,0,0.0,0.0,,0.0,1,3.77,4.61,SPY230217C00407000,407.0,normalDay
2023-01-26,15541.0,-6284.0,0.0,100,404.75,465.0,0,0.0,0.0,,0.0,1,3.77,6.36,SPY230217C00407000,407.0,normalDay
2023-01-27,15541.0,-6226.0,0.0,100,405.68,465.0,0,0.0,0.0,,0.0,1,3.77,6.71,SPY230217C00407000,407.0,normalDay
2023-01-30,15541.0,-6540.0,0.0,100,400.59,465.0,0,0.0,0.0,,0.0,1,3.77,4.76,SPY230217C00407000,407.0,normalDay
2023-01-31,15541.0,-6163.0,0.0,100,406.48,465.0,0,0.0,0.0,,0.0,1,3.77,6.88,SPY230217C00407000,407.0,normalDay
2023-02-01,15541.0,-5994.0,0.0,100,410.8,465.0,0,0.0,0.0,,0.0,1,3.77,9.51,SPY230217C00407000,407.0,normalDay
2023-02-02,15541.0,-5684.0,0.0,100,416.78,465.0,0,0.0,0.0,,0.0,1,3.77,12.39,SPY230217C00407000,407.0,normalDay
2023-02-03,15541.0,-5836.0,0.0,100,412.35,465.0,0,0.0,0.0,,0.0,1,3.77,9.48,SPY230217C00407000,407.0,normalDay
2023-02-06,15541.0,-5913.0,0.0,100,409.83,465.0,0,0.0,0.0,,0.0,1,3.77,7.73,SPY230217C00407000,407.0,normalDay
2023-02-07,15541.0,-5649.0,0.0,100,415.19,465.0,0,0.0,0.0,,0.0,1,3.77,10.45,SPY230217C00407000,407.0,normalDay
2023-02-08,15541.0,-5846.0,0.0,100,410.65,465.0,0,0.0,0.0,,0.0,1,3.77,7.88,SPY230217C00407000,407.0,normalDay
2023-02-09,15541.0,-6012.0,0.0,100,407.09,465.0,0,0.0,0.0,,0.0,1,3.77,5.98,SPY230217C00407000,407.0,normalDay
2023-02-10,15541.0,-5897.0,0.0,100,408.04,465.0,0,0.0,0.0,,0.0,1,3.77,5.78,SPY230217C00407000,407.0,normalDay
2023-02-13,15541.0,-5691.0,0.0,100,412.83,465.0,0,0.0,0.0,,0.0,1,3.77,8.51,SPY230217C00407000,407.0,normalDay
2023-02-14,15541.0,-5517.0,0.0,100,412.64,465.0,0,0.0,0.0,,0.0,1,3.77,6.58,SPY230217C00407000,407.0,normalDay
2023-02-15,15541.0,-5503.0,0.0,100,413.98,465.0,0,0.0,0.0,,0.0,1,3.77,7.78,SPY230217C00407000,407.0,normalDay
2023-02-16,15541.0,-5571.0,0.0,100,408.28,465.0,0,0.0,0.0,,0.0,1,3.77,2.76,SPY230217C00407000,407.0,normalDay
2023-02-17,10118.0,-5571.0,-5423.0,0,407.26,0.0,0,0.0,0.0,,0.0,1,3.77,0.0,SPY230217C00407000,407.0,expirationDay
2023-02-21,10118.0,-15.0,0.0,0,399.09,0.0,1,9.78,9.93,SPY230303P00408000,408.0,0,0.0,0.0,,0.0,normalDay
2023-02-22,10118.0,-20.0,0.0,0,398.54,0.0,1,9.78,9.98,SPY230303P00408000,408.0,0,0.0,0.0,,0.0,normalDay
2023-02-23,10118.0,136.0,0.0,0,400.66,0.0,1,9.78,8.42,SPY230303P00408000,408.0,0,0.0,0.0,,0.0,normalDay
2023-02-24,10118.0,-224.0,0.0,0,396.38,0.0,1,9.78,12.02,SPY230303P00408000,408.0,0,0.0,0.0,,0.0,normalDay
2023-02-27,10118.0,-48.0,0.0,0,397.73,0.0,1,9.78,10.26,SPY230303P00408000,408.0,0,0.0,0.0,,0.0,normalDay
2023-02-28,10118.0,-238.0,0.0,0,396.26,0.0,1,9.78,12.16,SPY230303P00408000,408.0,0,0.0,0.0,,0.0,normalDay
2023-03-01,10118.0,-361.0,0.0,0,394.74,0.0,1,9.78,13.39,SPY230303P00408000,408.0,0,0.0,0.0,,0.0,normalDay
2023-03-02,10118.0,-54.0,0.0,0,397.81,0.0,1,9.78,10.32,SPY230303P00408000,408.0,0,0.0,0.0,,0.0,normalDay
2023-03-03,11096.0,-381.0,978.0,100,404.19,408.0,1,9.78,0.0,SPY230303P00408000,408.0,0,0.0,0.0,,0.0,expirationDay
2023-03-06,11096.0,-359.0,0.0,100,404.47,408.0,0,0.0,0.0,,0.0,1,9.03,9.09,SPY230519C00414000,414.0,normalDay
2023-03-07,11096.0,-735.0,0.0,100,398.27,408.0,0,0.0,0.0,,0.0,1,9.03,6.65,SPY230519C00414000,414.0,normalDay
2023-03-08,11096.0,-657.0,0.0,100,398.92,408.0,0,0.0,0.0,,0.0,1,9.03,6.52,SPY230519C00414000,414.0,normalDay
2023-03-09,11096.0,-1217.0,0.0,100,391.56,408.0,0,0.0,0.0,,0.0,1,9.03,4.76,SPY230519C00414000,414.0,normalDay
2023-03-10,11096.0,-1645.0,0.0,100,385.91,408.0,0,0.0,0.0,,0.0,1,9.03,3.39,SPY230519C00414000,414.0,normalDay
2023-03-13,11096.0,-1720.0,0.0,100,385.36,408.0,0,0.0,0.0,,0.0,1,9.03,3.59,SPY230519C00414000,414.0,normalDay
2023-03-14,11096.0,-1159.0,0.0,100,391.73,408.0,0,0.0,0.0,,0.0,1,9.03,4.35,SPY230519C00414000,414.0,normalDay
2023-03-15,11096.0,-1367.0,0.0,100,389.28,408.0,0,0.0,0.0,,0.0,1,9.03,3.98,SPY230519C00414000,414.0,normalDay
2023-03-16,11096.0,-826.0,0.0,100,396.11,408.0,0,0.0,0.0,,0.0,1,9.03,5.4,SPY230519C00414000,414.0,normalDay
2023-03-17,11096.0,-1379.0,0.0,100,389.99,408.0,0,0.0,0.0,,0.0,1,9.03,4.81,SPY230519C00414000,414.0,normalDay
2023-03-20,11096.0,-1042.0,0.0,100,393.74,408.0,0,0.0,0.0,,0.0,1,9.03,5.19,SPY230519C00414000,414.0,normalDay
2023-03-21,11096.0,-652.0,0.0,100,398.91,408.0,0,0.0,0.0,,0.0,1,9.03,6.46,SPY230519C00414000,414.0,normalDay
2023-03-22,11096.0,-1101.0,0.0,100,392.11,408.0,0,0.0,0.0,,0.0,1,9.03,4.15,SPY230519C00414000,414.0,normalDay
2023-03-23,11096.0,-1026.0,0.0,100,393.17,408.0,0,0.0,0.0,,0.0,1,9.03,4.46,SPY230519C00414000,414.0,normalDay
2023-03-24,11096.0,-818.0,0.0,100,395.75,408.0,0,0.0,0.0,,0.0,1,9.03,4.96,SPY230519C00414000,414.0,normalDay
2023-03-27,11096.0,-708.0,0.0,100,396.49,408.0,0,0.0,0.0,,0.0,1,9.03,4.6,SPY230519C00414000,414.0,normalDay
2023-03-28,11096.0,-751.0,0.0,100,395.6,408.0,0,0.0,0.0,,0.0,1,9.03,4.14,SPY230519C00414000,414.0,normalDay
2023-03-29,11096.0,-331.0,0.0,100,401.35,408.0,0,0.0,0.0,,0.0,1,9.03,5.69,SPY230519C00414000,414.0,normalDay
2023-03-30,11096.0,-172.0,0.0,100,403.7,408.0,0,0.0,0.0,,0.0,1,9.03,6.45,SPY230519C00414000,414.0,normalDay
2023-03-31,11096.0,124.0,0.0,100,409.39,408.0,0,0.0,0.0,,0.0,1,9.03,9.18,SPY230519C00414000,414.0,normalDay
2023-04-03,11096.0,256.0,0.0,100,410.95,408.0,0,0.0,0.0,,0.0,1,9.03,9.42,SPY230519C00414000,414.0,normalDay
2023-04-04,11096.0,155.0,0.0,100,408.67,408.0,0,0.0,0.0,,0.0,1,9.03,8.15,SPY230519C00414000,414.0,normalDay
2023-04-05,11096.0,123.0,0.0,100,407.6,408.0,0,0.0,0.0,,0.0,1,9.03,7.4,SPY230519C00414000,414.0,normalDay
2023-04-06,11096.0,242.0,0.0,100,409.19,408.0,0,0.0,0.0,,0.0,1,9.03,7.8,SPY230519C00414000,414.0,normalDay
2023-04-10,11096.0,275.0,0.0,100,409.61,408.0,0,0.0,0.0,,0.0,1,9.03,7.89,SPY230519C00414000,414.0,normalDay
2023-04-11,11096.0,299.0,0.0,100,409.72,408.0,0,0.0,0.0,,0.0,1,9.03,7.76,SPY230519C00414000,414.0,normalDay
2023-04-12,11096.0,262.0,0.0,100,408.05,408.0,0,0.0,0.0,,0.0,1,9.03,6.46,SPY230519C00414000,414.0,normalDay
2023-04-13,11096.0,563.0,0.0,100,413.47,408.0,0,0.0,0.0,,0.0,1,9.03,8.87,SPY230519C00414000,414.0,normalDay
2023-04-14,11096.0,555.0,0.0,100,412.46,408.0,0,0.0,0.0,,0.0,1,9.03,7.94,SPY230519C00414000,414.0,normalDay
2023-04-17,11096.0,669.0,0.0,100,413.94,408.0,0,0.0,0.0,,0.0,1,9.03,8.28,SPY230519C00414000,414.0,normalDay
2023-04-18,11096.0,724.0,0.0,100,414.21,408.0,0,0.0,0.0,,0.0,1,9.03,8.0,SPY230519C00414000,414.0,normalDay
2023-04-19,11096.0,739.0,0.0,100,414.14,408.0,0,0.0,0.0,,0.0,1,9.03,7.78,SPY230519C00414000,414.0,normalDay
2023-04-20,11096.0,622.0,0.0,100,411.88,408.0,0,0.0,0.0,,0.0,1,9.03,6.69,SPY230519C00414000,414.0,normalDay
2023-04-21,11096.0,690.0,0.0,100,412.2,408.0,0,0.0,0.0,,0.0,1,9.03,6.33,SPY230519C00414000,414.0,normalDay
2023-04-24,11096.0,742.0,0.0,100,412.63,408.0,0,0.0,0.0,,0.0,1,9.03,6.24,SPY230519C00414000,414.0,normalDay
2023-04-25,11096.0,309.0,0.0,100,406.08,408.0,0,0.0,0.0,,0.0,1,9.03,4.02,SPY230519C00414000,414.0,normalDay
2023-04-26,11096.0,260.0,0.0,100,404.36,408.0,0,0.0,0.0,,0.0,1,9.03,2.79,SPY230519C00414000,414.0,normalDay
2023-04-27,11096.0,741.0,0.0,100,412.41,408.0,0,0.0,0.0,,0.0,1,9.03,6.03,SPY230519C00414000,414.0,normalDay
2023-04-28,11096.0,967.0,0.0,100,415.93,408.0,0,0.0,0.0,,0.0,1,9.03,7.29,SPY230519C00414000,414.0,normalDay
2023-05-01,11096.0,990.0,0.0,100,415.51,408.0,0,0.0,0.0,,0.0,1,9.03,6.64,SPY230519C00414000,414.0,normalDay
2023-05-02,11096.0,753.0,0.0,100,410.84,408.0,0,0.0,0.0,,0.0,1,9.03,4.34,SPY230519C00414000,414.0,normalDay
2023-05-03,11096.0,582.0,0.0,100,408.02,408.0,0,0.0,0.0,,0.0,1,9.03,3.23,SPY230519C00414000,414.0,normalDay
2023-05-04,11096.0,423.0,0.0,100,405.13,408.0,0,0.0,0.0,,0.0,1,9.03,1.93,SPY230519C00414000,414.0,normalDay
2023-05-05,11096.0,975.0,0.0,100,412.63,408.0,0,0.0,0.0,,0.0,1,9.03,3.91,SPY230519C00414000,414.0,normalDay
2023-05-08,11096.0,1023.0,0.0,100,412.74,408.0,0,0.0,0.0,,0.0,1,9.03,3.54,SPY230519C00414000,414.0,normalDay
2023-05-09,11096.0,904.0,0.0,100,410.93,408.0,0,0.0,0.0,,0.0,1,9.03,2.92,SPY230519C00414000,414.0,normalDay
2023-05-10,11096.0,1070.0,0.0,100,412.85,408.0,0,0.0,0.0,,0.0,1,9.03,3.18,SPY230519C00414000,414.0,normalDay
2023-05-11,11096.0,1086.0,0.0,100,412.13,408.0,0,0.0,0.0,,0.0,1,9.03,2.3,SPY230519C00414000,414.0,normalDay
2023-05-12,11096.0,1109.0,0.0,100,411.59,408.0,0,0.0,0.0,,0.0,1,9.03,1.53,SPY230519C00414000,414.0,normalDay
2023-05-15,11096.0,1221.0,0.0,100,413.01,408.0,0,0.0,0.0,,0.0,1,9.03,1.83,SPY230519C00414000,414.0,normalDay
2023-05-16,11096.0,1047.0,0.0,100,410.25,408.0,0,0.0,0.0,,0.0,1,9.03,0.81,SPY230519C00414000,414.0,normalDay
2023-05-17,11096.0,1379.0,0.0,100,415.23,408.0,0,0.0,0.0,,0.0,1,9.03,2.47,SPY230519C00414000,414.0,normalDay
2023-05-18,11096.0,1473.0,0.0,100,419.23,408.0,0,0.0,0.0,,0.0,1,9.03,5.53,SPY230519C00414000,414.0,normalDay
2023-05-19,12599.0,1473.0,1503.0,0,418.62,0.0,0,0.0,0.0,,0.0,1,9.03,0.0,SPY230519C00414000,414.0,expirationDay
2023-05-22,12599.0,-3.0,0.0,0,418.79,0.0,1,1.8,1.83,SPY230602P00412500,412.5,0,0.0,0.0,,0.0,normalDay
2023-05-23,12599.0,-152.0,0.0,0,414.09,0.0,1,1.8,3.32,SPY230602P00412500,412.5,0,0.0,0.0,,0.0,normalDay
2023-05-24,12599.0,-281.0,0.0,0,411.09,0.0,1,1.8,4.61,SPY230602P00412500,412.5,0,0.0,0.0,,0.0,normalDay
2023-05-25,12599.0,-108.0,0.0,0,414.65,0.0,1,1.8,2.88,SPY230602P00412500,412.5,0,0.0,0.0,,0.0,normalDay
2023-05-26,12599.0,60.0,0.0,0,420.02,0.0,1,1.8,1.2,SPY230602P00412500,412.5,0,0.0,0.0,,0.0,normalDay
2023-05-30,12599.0,136.0,0.0,0,420.18,0.0,1,1.8,0.44,SPY230602P00412500,412.5,0,0.0,0.0,,0.0,normalDay
2023-05-31,12599.0,130.0,0.0,0,417.85,0.0,1,1.8,0.5,SPY230602P00412500,412.5,0,0.0,0.0,,0.0,normalDay
2023-06-01,12599.0,173.0,0.0,0,421.82,0.0,1,1.8,0.07,SPY230602P00412500,412.5,0,0.0,0.0,,0.0,normalDay
2023-06-02,12779.0,0.0,180.0,0,427.92,0.0,1,1.8,0.0,SPY230602P00412500,412.5,0,0.0,0.0,,0.0,expirationDay
2023-06-05,12779.0,-3.0,0.0,0,427.1,0.0,1,1.12,1.15,SPY230616P00417000,417.0,0,0.0,0.0,,0.0,normalDay
2023-06-06,12779.0,27.0,0.0,0,428.03,0.0,1,1.12,0.85,SPY230616P00417000,417.0,0,0.0,0.0,,0.0,normalDay
2023-06-07,12779.0,21.0,0.0,0,426.55,0.0,1,1.12,0.91,SPY230616P00417000,417.0,0,0.0,0.0,,0.0,normalDay
2023-06-08,12779.0,57.0,0.0,0,429.13,0.0,1,1.12,0.55,SPY230616P00417000,417.0,0,0.0,0.0,,0.0,normalDay
2023-06-09,12779.0,71.0,0.0,0,429.9,0.0,1,1.12,0.41,SPY230616P00417000,417.0,0,0.0,0.0,,0.0,normalDay
2023-06-12,12779.0,85.0,0.0,0,433.8,0.0,1,1.12,0.27,SPY230616P00417000,417.0,0,0.0,0.0,,0.0,normalDay
2023-06-13,12779.0,98.0,0.0,0,436.66,0.0,1,1.12,0.14,SPY230616P00417000,417.0,0,0.0,0.0,,0.0,normalDay
2023-06-14,12779.0,105.0,0.0,0,437.18,0.0,1,1.12,0.07,SPY230616P00417000,417.0,0,0.0,0.0,,0.0,normalDay
2023-06-15,12779.0,106.0,0.0,0,442.6,0.0,1,1.12,0.06,SPY230616P00417000,417.0,0,0.0,0.0,,0.0,normalDay
2023-06-16,12891.0,0.0,112.0,0,439.46,0.0,1,1.12,0.0,SPY230616P00417000,417.0,0,0.0,0.0,,0.0,expirationDay
2023-06-20,12891.0,-3.0,0.0,0,437.18,0.0,1,0.61,0.64,SPY230630P00427000,427.0,0,0.0,0.0,,0.0,normalDay
2023-06-21,12891.0,-1.0,0.0,0,434.94,0.0,1,0.61,0.62,SPY230630P00427000,427.0,0,0.0,0.0,,0.0,normalDay
2023-06-22,12891.0,28.0,0.0,0,436.51,0.0,1,0.61,0.33,SPY230630P00427000,427.0,0,0.0,0.0,,0.0,normalDay
2023-06-23,12891.0,3.0,0.0,0,433.21,0.0,1,0.61,0.58,SPY230630P00427000,427.0,0,0.0,0.0,,0.0,normalDay
2023-06-26,12891.0,3.0,0.0,0,431.44,0.0,1,0.61,0.58,SPY230630P00427000,427.0,0,0.0,0.0,,0.0,normalDay
2023-06-27,12891.0,44.0,0.0,0,436.17,0.0,1,0.61,0.17,SPY230630P00427000,427.0,0,0.0,0.0,,0.0,normalDay
2023-06-28,12891.0,54.0,0.0,0,436.39,0.0,1,0.61,0.07,SPY230630P00427000,427.0,0,0.0,0.0,,0.0,normalDay
2023-06-29,12891.0,56.0,0.0,0,438.11,0.0,1,0.61,0.05,SPY230630P00427000,427.0,0,0.0,0.0,,0.0,normalDay
2023-06-30,12952.0,0.0,61.0,0,443.28,0.0,1,0.61,0.0,SPY230630P00427000,427.0,0,0.0,0.0,,0.0,expirationDay
2023-07-03,12952.0,-5.0,0.0,0,443.79,0.0,1,0.71,0.76,SPY230714P00435000,435.0,0,0.0,0.0,,0.0,normalDay
2023-07-05,12952.0,-3.0,0.0,0,443.13,0.0,1,0.71,0.74,SPY230714P00435000,435.0,0,0.0,0.0,,0.0,normalDay
2023-07-06,12952.0,-68.0,0.0,0,439.66,0.0,1,0.71,1.39,SPY230714P00435000,435.0,0,0.0,0.0,,0.0,normalDay
2023-07-07,12952.0,-45.0,0.0,0,438.55,0.0,1,0.71,1.16,SPY230714P00435000,435.0,0,0.0,0.0,,0.0,normalDay
2023-07-10,12952.0,-7.0,0.0,0,439.66,0.0,1,0.71,0.78,SPY230714P00435000,435.0,0,0.0,0.0,,0.0,normalDay
2023-07-11,12952.0,28.0,0.0,0,442.46,0.0,1,0.71,0.43,SPY230714P00435000,435.0,0,0.0,0.0,,0.0,normalDay
2023-07-12,12952.0,64.0,0.0,0,446.02,0.0,1,0.71,0.07,SPY230714P00435000,435.0,0,0.0,0.0,,0.0,normalDay
2023-07-13,12952.0,66.0,0.0,0,449.56,0.0,1,0.71,0.05,SPY230714P00435000,435.0,0,0.0,0.0,,0.0,normalDay
2023-07-14,13023.0,0.0,71.0,0,449.28,0.0,1,0.71,0.0,SPY230714P00435000,435.0,0,0.0,0.0,,0.0,expirationDay
2023-07-17,13023.0,-3.0,0.0,0,450.84,0.0,1,0.72,0.75,SPY230728P00440000,440.0,0,0.0,0.0,,0.0,normalDay
2023-07-18,13023.0,29.0,0.0,0,454.19,0.0,1,0.72,0.43,SPY230728P00440000,440.0,0,0.0,0.0,,0.0,normalDay
2023-07-19,13023.0,37.0,0.0,0,455.2,0.0,1,0.72,0.35,SPY230728P00440000,440.0,0,0.0,0.0,,0.0,normalDay
2023-07-20,13023.0,28.0,0.0,0,452.18,0.0,1,0.72,0.44,SPY230728P00440000,440.0,0,0.0,0.0,,0.0,normalDay
2023-07-21,13023.0,48.0,0.0,0,452.18,0.0,1,0.72,0.24,SPY230728P00440000,440.0,0,0.0,0.0,,0.0,normalDay
2023-07-24,13023.0,59.0,0.0,0,454.2,0.0,1,0.72,0.13,SPY230728P00440000,440.0,0,0.0,0.0,,0.0,normalDay
2023-07-25,13023.0,63.0,0.0,0,455.44,0.0,1,0.72,0.09,SPY230728P00440000,440.0,0,0.0,0.0,,0.0,normalDay
2023-07-26,13023.0,68.0,0.0,0,455.51,0.0,1,0.72,0.04,SPY230728P00440000,440.0,0,0.0,0.0,,0.0,normalDay
2023-07-27,13023.0,65.0,0.0,0,452.49,0.0,1,0.72,0.07,SPY230728P00440000,440.0,0,0.0,0.0,,0.0,normalDay
2023-07-28,13095.0,0.0,72.0,0,456.92,0.0,1,0.72,0.0,SPY230728P00440000,440.0,0,0.0,0.0,,0.0,expirationDay
2023-07-31,13095.0,-3.0,0.0,0,457.79,0.0,1,0.89,0.92,SPY230811P00449000,449.0,0,0.0,0.0,,0.0,normalDay
2023-08-01,13095.0,-19.0,0.0,0,456.48,0.0,1,0.89,1.08,SPY230811P00449000,449.0,0,0.0,0.0,,0.0,normalDay
2023-08-02,13095.0,-211.0,0.0,0,450.13,0.0,1,0.89,3.0,SPY230811P00449000,449.0,0,0.0,0.0,,0.0,normalDay
2023-08-03,13095.0,-198.0,0.0,0,448.84,0.0,1,0.89,2.87,SPY230811P00449000,449.0,0,0.0,0.0,,0.0,normalDay
2023-08-04,13095.0,-335.0,0.0,0,446.81,0.0,1,0.89,4.24,SPY230811P00449000,449.0,0,0.0,0.0,,0.0,normalDay
2023-08-07,13095.0,-81.0,0.0,0,450.71,0.0,1,0.89,1.7,SPY230811P00449000,449.0,0,0.0,0.0,,0.0,normalDay
2023-08-08,13095.0,-150.0,0.0,0,448.75,0.0,1,0.89,2.39,SPY230811P00449000,449.0,0,0.0,0.0,,0.0,normalDay
2023-08-09,13095.0,-294.0,0.0,0,445.75,0.0,1,0.89,3.83,SPY230811P00449000,449.0,0,0.0,0.0,,0.0,normalDay
2023-08-10,13095.0,-268.0,0.0,0,445.91,0.0,1,0.89,3.57,SPY230811P00449000,449.0,0,0.0,0.0,,0.0,normalDay
2023-08-11,13184.0,-335.0,89.0,100,445.65,449.0,1,0.89,0.0,SPY230811P00449000,449.0,0,0.0,0.0,,0.0,expirationDay
2023-08-14,13184.0,-93.0,0.0,100,448.11,449.0,0,0.0,0.0,,0.0,1,6.35,6.39,SPY231020C00458000,458.0,normalDay
2023-08-15,13184.0,-447.0,0.0,100,442.89,449.0,0,0.0,0.0,,0.0,1,6.35,4.71,SPY231020C00458000,458.0,normalDay
2023-08-16,13184.0,-679.0,0.0,100,439.64,449.0,0,0.0,0.0,,0.0,1,6.35,3.78,SPY231020C00458000,458.0,normalDay
2023-08-17,13184.0,-922.0,0.0,100,436.29,449.0,0,0.0,0.0,,0.0,1,6.35,2.86,SPY231020C00458000,458.0,normalDay
2023-08-18,13184.0,-886.0,0.0,100,436.5,449.0,0,0.0,0.0,,0.0,1,6.35,2.71,SPY231020C00458000,458.0,normalDay
2023-08-21,13184.0,-636.0,0.0,100,439.34,449.0,0,0.0,0.0,,0.0,1,6.35,3.05,SPY231020C00458000,458.0,normalDay
2023-08-22,13184.0,-719.0,0.0,100,438.15,449.0,0,0.0,0.0,,0.0,1,6.35,2.69,SPY231020C00458000,458.0,normalDay
2023-08-23,13184.0,-338.0,0.0,100,443.03,449.0,0,0.0,0.0,,0.0,1,6.35,3.76,SPY231020C00458000,458.0,normalDay
2023-08-24,13184.0,-799.0,0.0,100,436.89,449.0,0,0.0,0.0,,0.0,1,6.35,2.23,SPY231020C00458000,458.0,normalDay
2023-08-25,13184.0,-527.0,0.0,100,439.97,449.0,0,0.0,0.0,,0.0,1,6.35,2.59,SPY231020C00458000,458.0,normalDay
2023-08-28,13184.0,-290.0,0.0,100,442.76,449.0,0,0.0,0.0,,0.0,1,6.35,3.01,SPY231020C00458000,458.0,normalDay
2023-08-29,13184.0,147.0,0.0,100,449.16,449.0,0,0.0,0.0,,0.0,1,6.35,5.04,SPY231020C00458000,458.0,normalDay
2023-08-30,13184.0,290.0,0.0,100,451.01,449.0,0,0.0,0.0,,0.0,1,6.35,5.46,SPY231020C00458000,458.0,normalDay
2023-08-31,13184.0,270.0,0.0,100,450.35,449.0,0,0.0,0.0,,0.0,1,6.35,5.0,SPY231020C00458000,458.0,normalDay
2023-09-01,13184.0,373.0,0.0,100,451.19,449.0,0,0.0,0.0,,0.0,1,6.35,4.81,SPY231020C00458000,458.0,normalDay
2023-09-05,13184.0,265.0,0.0,100,449.24,449.0,0,0.0,0.0,,0.0,1,6.35,3.94,SPY231020C00458000,458.0,normalDay
2023-09-06,13184.0,72.0,0.0,100,446.22,449.0,0,0.0,0.0,,0.0,1,6.35,2.85,SPY231020C00458000,458.0,normalDay
2023-09-07,13184.0,-19.0,0.0,100,444.85,449.0,0,0.0,0.0,,0.0,1,6.35,2.39,SPY231020C00458000,458.0,normalDay
2023-09-08,13184.0,47.0,0.0,100,445.52,449.0,0,0.0,0.0,,0.0,1,6.35,2.4,SPY231020C00458000,458.0,normalDay
2023-09-11,13184.0,288.0,0.0,100,448.45,449.0,0,0.0,0.0,,0.0,1,6.35,2.92,SPY231020C00458000,458.0,normalDay
2023-09-12,13184.0,112.0,0.0,100,445.99,449.0,0,0.0,0.0,,0.0,1,6.35,2.22,SPY231020C00458000,458.0,normalDay
2023-09-13,13184.0,178.0,0.0,100,446.51,449.0,0,0.0,0.0,,0.0,1,6.35,2.08,SPY231020C00458000,458.0,normalDay
2023-09-14,13184.0,483.0,0.0,100,450.36,449.0,0,0.0,0.0,,0.0,1,6.35,2.88,SPY231020C00458000,458.0,normalDay
2023-09-15,13184.0,-78.0,0.0,100,443.37,449.0,0,0.0,0.0,,0.0,1,6.35,1.5,SPY231020C00458000,458.0,normalDay
2023-09-18,13184.0,-48.0,0.0,100,443.63,449.0,0,0.0,0.0,,0.0,1,6.35,1.46,SPY231020C00458000,458.0,normalDay
2023-09-19,13184.0,-117.0,0.0,100,442.71,449.0,0,0.0,0.0,,0.0,1,6.35,1.23,SPY231020C00458000,458.0,normalDay
2023-09-20,13184.0,-469.0,0.0,100,438.64,449.0,0,0.0,0.0,,0.0,1,6.35,0.68,SPY231020C00458000,458.0,normalDay
2023-09-21,13184.0,-1155.0,0.0,100,431.39,449.0,0,0.0,0.0,,0.0,1,6.35,0.29,SPY231020C00458000,458.0,normalDay
2023-09-22,13184.0,-1242.0,0.0,100,430.42,449.0,0,0.0,0.0,,0.0,1,6.35,0.19,SPY231020C00458000,458.0,normalDay
2023-09-25,13184.0,-1063.0,0.0,100,432.23,449.0,0,0.0,0.0,,0.0,1,6.35,0.21,SPY231020C00458000,458.0,normalDay
2023-09-26,13184.0,-1688.0,0.0,100,425.88,449.0,0,0.0,0.0,,0.0,1,6.35,0.11,SPY231020C00458000,458.0,normalDay
2023-09-27,13184.0,-1669.0,0.0,100,426.05,449.0,0,0.0,0.0,,0.0,1,6.35,0.09,SPY231020C00458000,458.0,normalDay
2023-09-28,13184.0,-1423.0,0.0,100,428.52,449.0,0,0.0,0.0,,0.0,1,6.35,0.1,SPY231020C00458000,458.0,normalDay
2023-09-29,13184.0,-1523.0,0.0,100,427.48,449.0,0,0.0,0.0,,0.0,1,6.35,0.06,SPY231020C00458000,458.0,normalDay
2023-10-02,13184.0,-1539.0,0.0,100,427.31,449.0,0,0.0,0.0,,0.0,1,6.35,0.05,SPY231020C00458000,458.0,normalDay
2023-10-03,13184.0,-2109.0,0.0,100,421.59,449.0,0,0.0,0.0,,0.0,1,6.35,0.03,SPY231020C00458000,458.0,normalDay
2023-10-04,13184.0,-1802.0,0.0,100,424.66,449.0,0,0.0,0.0,,0.0,1,6.35,0.03,SPY231020C00458000,458.0,normalDay
2023-10-05,13184.0,-1818.0,0.0,100,424.5,449.0,0,0.0,0.0,,0.0,1,6.35,0.03,SPY231020C00458000,458.0,normalDay
2023-10-06,13184.0,-1314.0,0.0,100,429.54,449.0,0,0.0,0.0,,0.0,1,6.35,0.03,SPY231020C00458000,458.0,normalDay
2023-10-09,13184.0,-1039.0,0.0,100,432.29,449.0,0,0.0,0.0,,0.0,1,6.35,0.03,SPY231020C00458000,458.0,normalDay
2023-10-10,13184.0,-815.0,0.0,100,434.54,449.0,0,0.0,0.0,,0.0,1,6.35,0.04,SPY231020C00458000,458.0,normalDay
2023-10-11,13184.0,-636.0,0.0,100,436.32,449.0,0,0.0,0.0,,0.0,1,6.35,0.03,SPY231020C00458000,458.0,normalDay
2023-10-12,13184.0,-901.0,0.0,100,433.66,449.0,0,0.0,0.0,,0.0,1,6.35,0.02,SPY231020C00458000,458.0,normalDay
2023-10-13,13184.0,-1117.0,0.0,100,431.5,449.0,0,0.0,0.0,,0.0,1,6.35,0.02,SPY231020C00458000,458.0,normalDay
2023-10-16,13184.0,-663.0,0.0,100,436.04,449.0,0,0.0,0.0,,0.0,1,6.35,0.02,SPY231020C00458000,458.0,normalDay
2023-10-17,13184.0,-665.0,0.0,100,436.02,449.0,0,0.0,0.0,,0.0,1,6.35,0.02,SPY231020C00458000,458.0,normalDay
2023-10-18,13184.0,-1245.0,0.0,100,430.21,449.0,0,0.0,0.0,,0.0,1,6.35,0.01,SPY231020C00458000,458.0,normalDay
2023-10-19,13184.0,-1623.0,0.0,100,426.43,449.0,0,0.0,0.0,,0.0,1,6.35,0.01,SPY231020C00458000,458.0,normalDay
2023-10-20,13819.0,-2781.0,635.0,100,421.19,449.0,0,0.0,0.0,,0.0,1,6.35,0.0,SPY231020C00458000,458.0,expirationDay
2023-10-23,13819.0,-2861.0,0.0,100,420.46,449.0,0,0.0,0.0,,0.0,1,6.28,6.35,SPY231229C00436000,436.0,normalDay
2023-10-24,13819.0,-2604.0,0.0,100,423.63,449.0,0,0.0,0.0,,0.0,1,6.28,6.95,SPY231229C00436000,436.0,normalDay
2023-10-25,13819.0,-3011.0,0.0,100,417.55,449.0,0,0.0,0.0,,0.0,1,6.28,4.94,SPY231229C00436000,436.0,normalDay
2023-10-26,13819.0,-3360.0,0.0,100,412.55,449.0,0,0.0,0.0,,0.0,1,6.28,3.43,SPY231229C00436000,436.0,normalDay
2023-10-27,13819.0,-3500.0,0.0,100,410.68,449.0,0,0.0,0.0,,0.0,1,6.28,2.96,SPY231229C00436000,436.0,normalDay
2023-10-30,13819.0,-3076.0,0.0,100,415.59,449.0,0,0.0,0.0,,0.0,1,6.28,3.63,SPY231229C00436000,436.0,normalDay
2023-10-31,13819.0,-2815.0,0.0,100,418.2,449.0,0,0.0,0.0,,0.0,1,6.28,3.63,SPY231229C00436000,436.0,normalDay
2023-11-01,13819.0,-2485.0,0.0,100,422.66,449.0,0,0.0,0.0,,0.0,1,6.28,4.79,SPY231229C00436000,436.0,normalDay
2023-11-02,13819.0,-1960.0,0.0,100,430.76,449.0,0,0.0,0.0,,0.0,1,6.28,7.64,SPY231229C00436000,436.0,normalDay
2023-11-03,13819.0,-1773.0,0.0,100,434.69,449.0,0,0.0,0.0,,0.0,1,6.28,9.7,SPY231229C00436000,436.0,normalDay
2023-11-06,13819.0,-1661.0,0.0,100,435.69,449.0,0,0.0,0.0,,0.0,1,6.28,9.58,SPY231229C00436000,436.0,normalDay
2023-11-07,13819.0,-1610.0,0.0,100,436.93,449.0,0,0.0,0.0,,0.0,1,6.28,10.31,SPY231229C00436000,436.0,normalDay
2023-11-08,13819.0,-1553.0,0.0,100,437.25,449.0,0,0.0,0.0,,0.0,1,6.28,10.06,SPY231229C00436000,436.0,normalDay
2023-11-09,13819.0,-1725.0,0.0,100,433.84,449.0,0,0.0,0.0,,0.0,1,6.28,8.37,SPY231229C00436000,436.0,normalDay
2023-11-10,13819.0,-1428.0,0.0,100,440.61,449.0,0,0.0,0.0,,0.0,1,6.28,12.17,SPY231229C00436000,436.0,normalDay
2023-11-13,13819.0,-1428.0,0.0,100,440.19,449.0,0,0.0,0.0,,0.0,1,6.28,11.75,SPY231229C00436000,436.0,normalDay
2023-11-14,13819.0,-1235.0,0.0,100,448.73,449.0,0,0.0,0.0,,0.0,1,6.28,18.36,SPY231229C00436000,436.0,normalDay
2023-11-15,13819.0,-1132.0,0.0,100,449.68,449.0,0,0.0,0.0,,0.0,1,6.28,18.28,SPY231229C00436000,436.0,normalDay
2023-11-16,13819.0,-1138.0,0.0,100,450.23,449.0,0,0.0,0.0,,0.0,1,6.28,18.89,SPY231229C00436000,436.0,normalDay
2023-11-17,13819.0,-1097.0,0.0,100,450.79,449.0,0,0.0,0.0,,0.0,1,6.28,19.04,SPY231229C00436000,436.0,normalDay
2023-11-20,13819.0,-1024.0,0.0,100,454.26,449.0,0,0.0,0.0,,0.0,1,6.28,21.78,SPY231229C00436000,436.0,normalDay
2023-11-21,13819.0,-988.0,0.0,100,453.27,449.0,0,0.0,0.0,,0.0,1,6.28,20.43,SPY231229C00436000,436.0,normalDay
2023-11-22,13819.0,-1034.0,0.0,100,455.02,449.0,0,0.0,0.0,,0.0,1,6.28,22.64,SPY231229C00436000,436.0,normalDay
2023-11-24,13819.0,-968.0,0.0,100,455.3,449.0,0,0.0,0.0,,0.0,1,6.28,22.26,SPY231229C00436000,436.0,normalDay
2023-11-27,13819.0,-969.0,0.0,100,454.48,449.0,0,0.0,0.0,,0.0,1,6.28,21.45,SPY231229C00436000,436.0,normalDay
2023-11-28,13819.0,-899.0,0.0,100,454.93,449.0,0,0.0,0.0,,0.0,1,6.28,21.2,SPY231229C00436000,436.0,normalDay
2023-11-29,13819.0,-967.0,0.0,100,454.61,449.0,0,0.0,0.0,,0.0,1,6.28,21.56,SPY231229C00436000,436.0,normalDay
2023-11-30,13819.0,-923.0,0.0,100,456.4,449.0,0,0.0,0.0,,0.0,1,6.28,22.91,SPY231229C00436000,436.0,normalDay
