date,totalCapital,unrializedPnL,rializedPnL,stocksOwned,stocksPriceToday,stocksPriceBoughtAt,putOwned,putOwnedSoldAt,putPriceToday,putOwnedContract,putOwnedStrike,callOwned,callOwnedSoldAt,callPriceToday,callOwnedContract,callOwnedStrike,trackType
2018-11-01,0.0,-8.0,0.0,0,273.51,0.0,1,6.01,6.09,SPY190118P00266000,266.0,0,0.0,0.0,,0.0,normalDay
2018-11-02,0.0,-54.0,0.0,0,271.89,0.0,1,6.01,6.55,SPY190118P00266000,266.0,0,0.0,0.0,,0.0,normalDay
2018-11-05,0.0,14.0,0.0,0,273.39,0.0,1,6.01,5.87,SPY190118P00266000,266.0,0,0.0,0.0,,0.0,normalDay
2018-11-06,0.0,80.0,0.0,0,275.12,0.0,1,6.01,5.21,SPY190118P00266000,266.0,0,0.0,0.0,,0.0,normalDay
2018-11-07,0.0,278.0,0.0,0,281.01,0.0,1,6.01,3.23,SPY190118P00266000,266.0,0,0.0,0.0,,0.0,normalDay
2018-11-08,0.0,276.0,0.0,0,280.5,0.0,1,6.01,3.25,SPY190118P00266000,266.0,0,0.0,0.0,,0.0,normalDay
2018-11-09,0.0,197.0,0.0,0,277.76,0.0,1,6.01,4.04,SPY190118P00266000,266.0,0,0.0,0.0,,0.0,normalDay
2018-11-12,0.0,28.0,0.0,0,272.57,0.0,1,6.01,5.73,SPY190118P00266000,266.0,0,0.0,0.0,,0.0,normalDay
2018-11-13,0.0,8.0,0.0,0,272.06,0.0,1,6.01,5.93,SPY190118P00266000,266.0,0,0.0,0.0,,0.0,normalDay
2018-11-14,0.0,-90.0,0.0,0,270.2,0.0,1,6.01,6.91,SPY190118P00266000,266.0,0,0.0,0.0,,0.0,normalDay
2018-11-15,0.0,43.0,0.0,0,273.02,0.0,1,6.01,5.58,SPY190118P00266000,266.0,0,0.0,0.0,,0.0,normalDay
2018-11-16,0.0,119.0,0.0,0,273.73,0.0,1,6.01,4.82,SPY190118P00266000,266.0,0,0.0,0.0,,0.0,normalDay
2018-11-19,0.0,-59.0,0.0,0,269.1,0.0,1,6.01,6.6,SPY190118P00266000,266.0,0,0.0,0.0,,0.0,normalDay
2018-11-20,0.0,-326.0,0.0,0,264.12,0.0,1,6.01,9.27,SPY190118P00266000,266.0,0,0.0,0.0,,0.0,normalDay
2018-11-21,0.0,-228.0,0.0,0,265.02,0.0,1,6.01,8.29,SPY190118P00266000,266.0,0,0.0,0.0,,0.0,normalDay
2018-11-23,0.0,-331.0,0.0,0,263.25,0.0,1,6.01,9.32,SPY190118P00266000,266.0,0,0.0,0.0,,0.0,normalDay
2018-11-26,0.0,-35.0,0.0,0,267.5,0.0,1,6.01,6.36,SPY190118P00266000,266.0,0,0.0,0.0,,0.0,normalDay
2018-11-27,0.0,-14.0,0.0,0,268.4,0.0,1,6.01,6.15,SPY190118P00266000,266.0,0,0.0,0.0,,0.0,normalDay
2018-11-28,0.0,192.0,0.0,0,274.58,0.0,1,6.01,4.09,SPY190118P00266000,266.0,0,0.0,0.0,,0.0,normalDay
2018-11-29,0.0,176.0,0.0,0,273.98,0.0,1,6.01,4.25,SPY190118P00266000,266.0,0,0.0,0.0,,0.0,normalDay
2018-11-30,0.0,243.0,0.0,0,275.65,0.0,1,6.01,3.58,SPY190118P00266000,266.0,0,0.0,0.0,,0.0,normalDay
2018-12-03,0.0,362.0,0.0,0,279.3,0.0,1,6.01,2.39,SPY190118P00266000,266.0,0,0.0,0.0,,0.0,normalDay
2018-12-04,0.0,53.0,0.0,0,270.25,0.0,1,6.01,5.48,SPY190118P00266000,266.0,0,0.0,0.0,,0.0,normalDay
2018-12-06,0.0,39.0,0.0,0,269.84,0.0,1,6.01,5.62,SPY190118P00266000,266.0,0,0.0,0.0,,0.0,normalDay
2018-12-07,0.0,-286.0,0.0,0,263.57,0.0,1,6.01,8.87,SPY190118P00266000,266.0,0,0.0,0.0,,0.0,normalDay
2018-12-10,0.0,-191.0,0.0,0,264.07,0.0,1,6.01,7.92,SPY190118P00266000,266.0,0,0.0,0.0,,0.0,normalDay
2018-12-11,0.0,-174.0,0.0,0,264.13,0.0,1,6.01,7.75,SPY190118P00266000,266.0,0,0.0,0.0,,0.0,normalDay
2018-12-12,0.0,-117.0,0.0,0,265.46,0.0,1,6.01,7.18,SPY190118P00266000,266.0,0,0.0,0.0,,0.0,normalDay
2018-12-13,0.0,-89.0,0.0,0,265.37,0.0,1,6.01,6.9,SPY190118P00266000,266.0,0,0.0,0.0,,0.0,normalDay
2018-12-14,0.0,-357.0,0.0,0,260.47,0.0,1,6.01,9.58,SPY190118P00266000,266.0,0,0.0,0.0,,0.0,normalDay
2018-12-17,0.0,-728.0,0.0,0,255.36,0.0,1,6.01,13.29,SPY190118P00266000,266.0,0,0.0,0.0,,0.0,normalDay
2018-12-18,0.0,-813.0,0.0,0,255.08,0.0,1,6.01,14.14,SPY190118P00266000,266.0,0,0.0,0.0,,0.0,normalDay
2018-12-19,0.0,-1065.0,0.0,0,251.26,0.0,1,6.01,16.66,SPY190118P00266000,266.0,0,0.0,0.0,,0.0,normalDay
2018-12-20,0.0,-1393.0,0.0,0,247.17,0.0,1,6.01,19.94,SPY190118P00266000,266.0,0,0.0,0.0,,0.0,normalDay
2018-12-21,0.0,-2006.0,0.0,0,240.7,0.0,1,6.01,26.07,SPY190118P00266000,266.0,0,0.0,0.0,,0.0,normalDay
2018-12-24,0.0,-2799.0,0.0,0,234.34,0.0,1,6.01,34.0,SPY190118P00266000,266.0,0,0.0,0.0,,0.0,normalDay
2018-12-26,0.0,-1406.0,0.0,0,246.18,0.0,1,6.01,20.07,SPY190118P00266000,266.0,0,0.0,0.0,,0.0,normalDay
2018-12-27,0.0,-1207.0,0.0,0,248.07,0.0,1,6.01,18.08,SPY190118P00266000,266.0,0,0.0,0.0,,0.0,normalDay
2018-12-28,0.0,-1266.0,0.0,0,247.75,0.0,1,6.01,18.67,SPY190118P00266000,266.0,0,0.0,0.0,,0.0,normalDay
2018-12-31,0.0,-1049.0,0.0,0,249.92,0.0,1,6.01,16.5,SPY190118P00266000,266.0,0,0.0,0.0,,0.0,normalDay
2019-01-02,0.0,-979.0,0.0,0,250.18,0.0,1,6.01,15.8,SPY190118P00266000,266.0,0,0.0,0.0,,0.0,normalDay
2019-01-03,0.0,-1606.0,0.0,0,244.21,0.0,1,6.01,22.07,SPY190118P00266000,266.0,0,0.0,0.0,,0.0,normalDay
2019-01-04,0.0,-774.0,0.0,0,252.39,0.0,1,6.01,13.75,SPY190118P00266000,266.0,0,0.0,0.0,,0.0,normalDay
2019-01-07,0.0,-600.0,0.0,0,254.38,0.0,1,6.01,12.01,SPY190118P00266000,266.0,0,0.0,0.0,,0.0,normalDay
2019-01-08,0.0,-369.0,0.0,0,256.77,0.0,1,6.01,9.7,SPY190118P00266000,266.0,0,0.0,0.0,,0.0,normalDay
2019-01-09,0.0,-250.0,0.0,0,257.97,0.0,1,6.01,8.51,SPY190118P00266000,266.0,0,0.0,0.0,,0.0,normalDay
2019-01-10,0.0,-153.0,0.0,0,258.88,0.0,1,6.01,7.54,SPY190118P00266000,266.0,0,0.0,0.0,,0.0,normalDay
2019-01-11,0.0,-130.0,0.0,0,258.98,0.0,1,6.01,7.31,SPY190118P00266000,266.0,0,0.0,0.0,,0.0,normalDay
2019-01-14,0.0,-270.0,0.0,0,257.4,0.0,1,6.01,8.71,SPY190118P00266000,266.0,0,0.0,0.0,,0.0,normalDay
2019-01-15,0.0,3.0,0.0,0,260.35,0.0,1,6.01,5.98,SPY190118P00266000,266.0,0,0.0,0.0,,0.0,normalDay
2019-01-16,0.0,73.0,0.0,0,260.98,0.0,1,6.01,5.28,SPY190118P00266000,266.0,0,0.0,0.0,,0.0,normalDay
2019-01-17,0.0,279.0,0.0,0,262.96,0.0,1,6.01,3.22,SPY190118P00266000,266.0,0,0.0,0.0,,0.0,normalDay
2019-01-18,601.0,0.0,601.0,0,266.46,0.0,1,6.01,0.0,SPY190118P00266000,266.0,0,0.0,0.0,,0.0,expirationDay
2019-01-22,601.0,-7.0,0.0,0,262.86,0.0,1,3.58,3.65,SPY190418P00243000,243.0,0,0.0,0.0,,0.0,normalDay
2019-01-23,601.0,7.0,0.0,0,263.41,0.0,1,3.58,3.51,SPY190418P00243000,243.0,0,0.0,0.0,,0.0,normalDay
2019-01-24,601.0,27.0,0.0,0,263.55,0.0,1,3.58,3.31,SPY190418P00243000,243.0,0,0.0,0.0,,0.0,normalDay
2019-01-25,601.0,94.0,0.0,0,265.78,0.0,1,3.58,2.64,SPY190418P00243000,243.0,0,0.0,0.0,,0.0,normalDay
2019-01-28,601.0,53.0,0.0,0,263.76,0.0,1,3.58,3.05,SPY190418P00243000,243.0,0,0.0,0.0,,0.0,normalDay
2019-01-29,601.0,47.0,0.0,0,263.41,0.0,1,3.58,3.11,SPY190418P00243000,243.0,0,0.0,0.0,,0.0,normalDay
2019-01-30,601.0,131.0,0.0,0,267.58,0.0,1,3.58,2.27,SPY190418P00243000,243.0,0,0.0,0.0,,0.0,normalDay
2019-01-31,601.0,186.0,0.0,0,269.93,0.0,1,3.58,1.72,SPY190418P00243000,243.0,0,0.0,0.0,,0.0,normalDay
2019-02-01,601.0,194.0,0.0,0,270.06,0.0,1,3.58,1.64,SPY190418P00243000,243.0,0,0.0,0.0,,0.0,normalDay
2019-02-04,601.0,224.0,0.0,0,271.96,0.0,1,3.58,1.34,SPY190418P00243000,243.0,0,0.0,0.0,,0.0,normalDay
2019-02-05,601.0,231.0,0.0,0,273.1,0.0,1,3.58,1.27,SPY190418P00243000,243.0,0,0.0,0.0,,0.0,normalDay
2019-02-06,601.0,232.0,0.0,0,272.74,0.0,1,3.58,1.26,SPY190418P00243000,243.0,0,0.0,0.0,,0.0,normalDay
2019-02-07,601.0,207.0,0.0,0,270.14,0.0,1,3.58,1.51,SPY190418P00243000,243.0,0,0.0,0.0,,0.0,normalDay
2019-02-08,601.0,216.0,0.0,0,270.47,0.0,1,3.58,1.42,SPY190418P00243000,243.0,0,0.0,0.0,,0.0,normalDay
2019-02-11,601.0,229.0,0.0,0,270.62,0.0,1,3.58,1.29,SPY190418P00243000,243.0,0,0.0,0.0,,0.0,normalDay
2019-02-12,601.0,258.0,0.0,0,274.1,0.0,1,3.58,1.0,SPY190418P00243000,243.0,0,0.0,0.0,,0.0,normalDay
2019-02-13,601.0,261.0,0.0,0,274.99,0.0,1,3.58,0.97,SPY190418P00243000,243.0,0,0.0,0.0,,0.0,normalDay
2019-02-14,601.0,254.0,0.0,0,274.38,0.0,1,3.58,1.04,SPY190418P00243000,243.0,0,0.0,0.0,,0.0,normalDay
2019-02-15,601.0,281.0,0.0,0,277.37,0.0,1,3.58,0.77,SPY190418P00243000,243.0,0,0.0,0.0,,0.0,normalDay
2019-02-19,601.0,288.0,0.0,0,277.85,0.0,1,3.58,0.7,SPY190418P00243000,243.0,0,0.0,0.0,,0.0,normalDay
2019-02-20,601.0,301.0,0.0,0,278.41,0.0,1,3.58,0.57,SPY190418P00243000,243.0,0,0.0,0.0,,0.0,normalDay
2019-02-21,601.0,298.0,0.0,0,277.42,0.0,1,3.58,0.6,SPY190418P00243000,243.0,0,0.0,0.0,,0.0,normalDay
2019-02-22,601.0,311.0,0.0,0,279.14,0.0,1,3.58,0.47,SPY190418P00243000,243.0,0,0.0,0.0,,0.0,normalDay
2019-02-25,601.0,306.0,0.0,0,279.52,0.0,1,3.58,0.52,SPY190418P00243000,243.0,0,0.0,0.0,,0.0,normalDay
2019-02-26,601.0,305.0,0.0,0,279.32,0.0,1,3.58,0.53,SPY190418P00243000,243.0,0,0.0,0.0,,0.0,normalDay
2019-02-27,601.0,307.0,0.0,0,279.2,0.0,1,3.58,0.51,SPY190418P00243000,243.0,0,0.0,0.0,,0.0,normalDay
2019-02-28,601.0,305.0,0.0,0,278.68,0.0,1,3.58,0.53,SPY190418P00243000,243.0,0,0.0,0.0,,0.0,normalDay
2019-03-01,601.0,318.0,0.0,0,280.42,0.0,1,3.58,0.4,SPY190418P00243000,243.0,0,0.0,0.0,,0.0,normalDay
2019-03-04,601.0,314.0,0.0,0,279.4,0.0,1,3.58,0.44,SPY190418P00243000,243.0,0,0.0,0.0,,0.0,normalDay
2019-03-05,601.0,313.0,0.0,0,279.02,0.0,1,3.58,0.45,SPY190418P00243000,243.0,0,0.0,0.0,,0.0,normalDay
2019-03-06,601.0,307.0,0.0,0,277.33,0.0,1,3.58,0.51,SPY190418P00243000,243.0,0,0.0,0.0,,0.0,normalDay
2019-03-07,601.0,298.0,0.0,0,275.01,0.0,1,3.58,0.6,SPY190418P00243000,243.0,0,0.0,0.0,,0.0,normalDay
2019-03-08,601.0,304.0,0.0,0,274.46,0.0,1,3.58,0.54,SPY190418P00243000,243.0,0,0.0,0.0,,0.0,normalDay
2019-03-11,601.0,326.0,0.0,0,278.44,0.0,1,3.58,0.32,SPY190418P00243000,243.0,0,0.0,0.0,,0.0,normalDay
2019-03-12,601.0,332.0,0.0,0,279.49,0.0,1,3.58,0.26,SPY190418P00243000,243.0,0,0.0,0.0,,0.0,normalDay
2019-03-13,601.0,336.0,0.0,0,281.34,0.0,1,3.58,0.22,SPY190418P00243000,243.0,0,0.0,0.0,,0.0,normalDay
2019-03-14,601.0,337.0,0.0,0,281.16,0.0,1,3.58,0.21,SPY190418P00243000,243.0,0,0.0,0.0,,0.0,normalDay
2019-03-15,601.0,340.0,0.0,0,281.31,0.0,1,3.58,0.18,SPY190418P00243000,243.0,0,0.0,0.0,,0.0,normalDay
2019-03-18,601.0,344.0,0.0,0,282.33,0.0,1,3.58,0.14,SPY190418P00243000,243.0,0,0.0,0.0,,0.0,normalDay
2019-03-19,601.0,344.0,0.0,0,282.4,0.0,1,3.58,0.14,SPY190418P00243000,243.0,0,0.0,0.0,,0.0,normalDay
2019-03-20,601.0,344.0,0.0,0,281.55,0.0,1,3.58,0.14,SPY190418P00243000,243.0,0,0.0,0.0,,0.0,normalDay
2019-03-21,601.0,347.0,0.0,0,284.73,0.0,1,3.58,0.11,SPY190418P00243000,243.0,0,0.0,0.0,,0.0,normalDay
2019-03-22,601.0,338.0,0.0,0,279.25,0.0,1,3.58,0.2,SPY190418P00243000,243.0,0,0.0,0.0,,0.0,normalDay
2019-03-25,601.0,343.0,0.0,0,279.04,0.0,1,3.58,0.15,SPY190418P00243000,243.0,0,0.0,0.0,,0.0,normalDay
2019-03-26,601.0,350.0,0.0,0,281.12,0.0,1,3.58,0.08,SPY190418P00243000,243.0,0,0.0,0.0,,0.0,normalDay
2019-03-27,601.0,349.0,0.0,0,279.65,0.0,1,3.58,0.09,SPY190418P00243000,243.0,0,0.0,0.0,,0.0,normalDay
2019-03-28,601.0,350.0,0.0,0,280.71,0.0,1,3.58,0.08,SPY190418P00243000,243.0,0,0.0,0.0,,0.0,normalDay
2019-03-29,601.0,352.0,0.0,0,282.48,0.0,1,3.58,0.06,SPY190418P00243000,243.0,0,0.0,0.0,,0.0,normalDay
2019-04-01,601.0,353.0,0.0,0,285.83,0.0,1,3.58,0.05,SPY190418P00243000,243.0,0,0.0,0.0,,0.0,normalDay
2019-04-02,601.0,354.0,0.0,0,285.97,0.0,1,3.58,0.04,SPY190418P00243000,243.0,0,0.0,0.0,,0.0,normalDay
2019-04-03,601.0,354.0,0.0,0,286.42,0.0,1,3.58,0.04,SPY190418P00243000,243.0,0,0.0,0.0,,0.0,normalDay
2019-04-04,601.0,355.0,0.0,0,287.18,0.0,1,3.58,0.03,SPY190418P00243000,243.0,0,0.0,0.0,,0.0,normalDay
2019-04-05,601.0,356.0,0.0,0,288.57,0.0,1,3.58,0.02,SPY190418P00243000,243.0,0,0.0,0.0,,0.0,normalDay
2019-04-08,601.0,356.0,0.0,0,288.79,0.0,1,3.58,0.02,SPY190418P00243000,243.0,0,0.0,0.0,,0.0,normalDay
2019-04-09,601.0,356.0,0.0,0,287.31,0.0,1,3.58,0.02,SPY190418P00243000,243.0,0,0.0,0.0,,0.0,normalDay
2019-04-10,601.0,357.0,0.0,0,288.29,0.0,1,3.58,0.01,SPY190418P00243000,243.0,0,0.0,0.0,,0.0,normalDay
2019-04-11,601.0,357.0,0.0,0,288.21,0.0,1,3.58,0.01,SPY190418P00243000,243.0,0,0.0,0.0,,0.0,normalDay
2019-04-12,601.0,357.0,0.0,0,290.16,0.0,1,3.58,0.01,SPY190418P00243000,243.0,0,0.0,0.0,,0.0,normalDay
2019-04-15,601.0,357.0,0.0,0,289.97,0.0,1,3.58,0.01,SPY190418P00243000,243.0,0,0.0,0.0,,0.0,normalDay
2019-04-16,601.0,357.0,0.0,0,290.16,0.0,1,3.58,0.01,SPY190418P00243000,243.0,0,0.0,0.0,,0.0,normalDay
2019-04-17,601.0,357.0,0.0,0,289.45,0.0,1,3.58,0.01,SPY190418P00243000,243.0,0,0.0,0.0,,0.0,normalDay
2019-04-18,959.0,0.0,358.0,0,290.02,0.0,1,3.58,0.0,SPY190418P00243000,243.0,0,0.0,0.0,,0.0,expirationDay
2019-04-22,959.0,-5.0,0.0,0,290.27,0.0,1,3.13,3.18,SPY190628P00282000,282.0,0,0.0,0.0,,0.0,normalDay
2019-04-23,959.0,50.0,0.0,0,292.88,0.0,1,3.13,2.63,SPY190628P00282000,282.0,0,0.0,0.0,,0.0,normalDay
2019-04-24,959.0,28.0,0.0,0,292.23,0.0,1,3.13,2.85,SPY190628P00282000,282.0,0,0.0,0.0,,0.0,normalDay
2019-04-25,959.0,18.0,0.0,0,292.05,0.0,1,3.13,2.95,SPY190628P00282000,282.0,0,0.0,0.0,,0.0,normalDay
2019-04-26,959.0,55.0,0.0,0,293.41,0.0,1,3.13,2.58,SPY190628P00282000,282.0,0,0.0,0.0,,0.0,normalDay
2019-04-29,959.0,66.0,0.0,0,293.87,0.0,1,3.13,2.47,SPY190628P00282000,282.0,0,0.0,0.0,,0.0,normalDay
2019-04-30,959.0,71.0,0.0,0,294.02,0.0,1,3.13,2.42,SPY190628P00282000,282.0,0,0.0,0.0,,0.0,normalDay
2019-05-01,959.0,2.0,0.0,0,291.81,0.0,1,3.13,3.11,SPY190628P00282000,282.0,0,0.0,0.0,,0.0,normalDay
2019-05-02,959.0,-10.0,0.0,0,291.18,0.0,1,3.13,3.23,SPY190628P00282000,282.0,0,0.0,0.0,,0.0,normalDay
2019-05-03,959.0,79.0,0.0,0,294.03,0.0,1,3.13,2.34,SPY190628P00282000,282.0,0,0.0,0.0,,0.0,normalDay
2019-05-06,959.0,18.0,0.0,0,292.82,0.0,1,3.13,2.95,SPY190628P00282000,282.0,0,0.0,0.0,,0.0,normalDay
2019-05-07,959.0,-202.0,0.0,0,287.93,0.0,1,3.13,5.15,SPY190628P00282000,282.0,0,0.0,0.0,,0.0,normalDay
2019-05-08,959.0,-197.0,0.0,0,287.53,0.0,1,3.13,5.1,SPY190628P00282000,282.0,0,0.0,0.0,,0.0,normalDay
2019-05-09,959.0,-214.0,0.0,0,286.66,0.0,1,3.13,5.27,SPY190628P00282000,282.0,0,0.0,0.0,,0.0,normalDay
2019-05-10,959.0,-107.0,0.0,0,288.1,0.0,1,3.13,4.2,SPY190628P00282000,282.0,0,0.0,0.0,,0.0,normalDay
2019-05-13,959.0,-462.0,0.0,0,280.86,0.0,1,3.13,7.75,SPY190628P00282000,282.0,0,0.0,0.0,,0.0,normalDay
2019-05-14,959.0,-296.0,0.0,0,283.4,0.0,1,3.13,6.09,SPY190628P00282000,282.0,0,0.0,0.0,,0.0,normalDay
2019-05-15,959.0,-178.0,0.0,0,285.06,0.0,1,3.13,4.91,SPY190628P00282000,282.0,0,0.0,0.0,,0.0,normalDay
2019-05-16,959.0,-66.0,0.0,0,287.7,0.0,1,3.13,3.79,SPY190628P00282000,282.0,0,0.0,0.0,,0.0,normalDay
2019-05-17,959.0,-131.0,0.0,0,285.84,0.0,1,3.13,4.44,SPY190628P00282000,282.0,0,0.0,0.0,,0.0,normalDay
2019-05-20,959.0,-185.0,0.0,0,283.95,0.0,1,3.13,4.98,SPY190628P00282000,282.0,0,0.0,0.0,,0.0,normalDay
2019-05-21,959.0,-63.0,0.0,0,286.51,0.0,1,3.13,3.76,SPY190628P00282000,282.0,0,0.0,0.0,,0.0,normalDay
2019-05-22,959.0,-80.0,0.0,0,285.63,0.0,1,3.13,3.93,SPY190628P00282000,282.0,0,0.0,0.0,,0.0,normalDay
2019-05-23,959.0,-267.0,0.0,0,282.14,0.0,1,3.13,5.8,SPY190628P00282000,282.0,0,0.0,0.0,,0.0,normalDay
2019-05-24,959.0,-198.0,0.0,0,282.78,0.0,1,3.13,5.11,SPY190628P00282000,282.0,0,0.0,0.0,,0.0,normalDay
2019-05-28,959.0,-315.0,0.0,0,280.15,0.0,1,3.13,6.28,SPY190628P00282000,282.0,0,0.0,0.0,,0.0,normalDay
2019-05-29,959.0,-434.0,0.0,0,278.27,0.0,1,3.13,7.47,SPY190628P00282000,282.0,0,0.0,0.0,,0.0,normalDay
2019-05-30,959.0,-375.0,0.0,0,279.03,0.0,1,3.13,6.88,SPY190628P00282000,282.0,0,0.0,0.0,,0.0,normalDay
2019-05-31,959.0,-639.0,0.0,0,275.27,0.0,1,3.13,9.52,SPY190628P00282000,282.0,0,0.0,0.0,,0.0,normalDay
2019-06-03,959.0,-652.0,0.0,0,274.57,0.0,1,3.13,9.65,SPY190628P00282000,282.0,0,0.0,0.0,,0.0,normalDay
2019-06-04,959.0,-250.0,0.0,0,280.53,0.0,1,3.13,5.63,SPY190628P00282000,282.0,0,0.0,0.0,,0.0,normalDay
2019-06-05,959.0,-100.0,0.0,0,282.96,0.0,1,3.13,4.13,SPY190628P00282000,282.0,0,0.0,0.0,,0.0,normalDay
2019-06-06,959.0,-16.0,0.0,0,284.8,0.0,1,3.13,3.29,SPY190628P00282000,282.0,0,0.0,0.0,,0.0,normalDay
2019-06-07,959.0,69.0,0.0,0,287.65,0.0,1,3.13,2.44,SPY190628P00282000,282.0,0,0.0,0.0,,0.0,normalDay
2019-06-10,959.0,131.0,0.0,0,288.97,0.0,1,3.13,1.82,SPY190628P00282000,282.0,0,0.0,0.0,,0.0,normalDay
2019-06-11,959.0,132.0,0.0,0,288.9,0.0,1,3.13,1.81,SPY190628P00282000,282.0,0,0.0,0.0,,0.0,normalDay
2019-06-12,959.0,135.0,0.0,0,288.39,0.0,1,3.13,1.78,SPY190628P00282000,282.0,0,0.0,0.0,,0.0,normalDay
2019-06-13,959.0,169.0,0.0,0,289.58,0.0,1,3.13,1.44,SPY190628P00282000,282.0,0,0.0,0.0,,0.0,normalDay
2019-06-14,959.0,190.0,0.0,0,289.26,0.0,1,3.13,1.23,SPY190628P00282000,282.0,0,0.0,0.0,,0.0,normalDay
2019-06-17,959.0,208.0,0.0,0,289.37,0.0,1,3.13,1.05,SPY190628P00282000,282.0,0,0.0,0.0,,0.0,normalDay
2019-06-18,959.0,254.0,0.0,0,292.4,0.0,1,3.13,0.59,SPY190628P00282000,282.0,0,0.0,0.0,,0.0,normalDay
2019-06-19,959.0,280.0,0.0,0,293.06,0.0,1,3.13,0.33,SPY190628P00282000,282.0,0,0.0,0.0,,0.0,normalDay
2019-06-20,959.0,292.0,0.0,0,295.86,0.0,1,3.13,0.21,SPY190628P00282000,282.0,0,0.0,0.0,,0.0,normalDay
2019-06-21,959.0,297.0,0.0,0,294.0,0.0,1,3.13,0.16,SPY190628P00282000,282.0,0,0.0,0.0,,0.0,normalDay
2019-06-24,959.0,305.0,0.0,0,293.64,0.0,1,3.13,0.08,SPY190628P00282000,282.0,0,0.0,0.0,,0.0,normalDay
2019-06-25,959.0,302.0,0.0,0,290.76,0.0,1,3.13,0.11,SPY190628P00282000,282.0,0,0.0,0.0,,0.0,normalDay
2019-06-26,959.0,308.0,0.0,0,290.47,0.0,1,3.13,0.05,SPY190628P00282000,282.0,0,0.0,0.0,,0.0,normalDay
2019-06-27,959.0,311.0,0.0,0,291.5,0.0,1,3.13,0.02,SPY190628P00282000,282.0,0,0.0,0.0,,0.0,normalDay
2019-06-28,1272.0,0.0,313.0,0,293.0,0.0,1,3.13,0.0,SPY190628P00282000,282.0,0,0.0,0.0,,0.0,expirationDay
2019-07-01,1272.0,-5.0,0.0,0,295.66,0.0,1,3.97,4.02,SPY190920P00285000,285.0,0,0.0,0.0,,0.0,normalDay
2019-07-02,1272.0,51.0,0.0,0,296.43,0.0,1,3.97,3.46,SPY190920P00285000,285.0,0,0.0,0.0,,0.0,normalDay
2019-07-03,1272.0,105.0,0.0,0,298.8,0.0,1,3.97,2.92,SPY190920P00285000,285.0,0,0.0,0.0,,0.0,normalDay
2019-07-05,1272.0,88.0,0.0,0,298.46,0.0,1,3.97,3.09,SPY190920P00285000,285.0,0,0.0,0.0,,0.0,normalDay
2019-07-08,1272.0,59.0,0.0,0,296.82,0.0,1,3.97,3.38,SPY190920P00285000,285.0,0,0.0,0.0,,0.0,normalDay
2019-07-09,1272.0,56.0,0.0,0,297.19,0.0,1,3.97,3.41,SPY190920P00285000,285.0,0,0.0,0.0,,0.0,normalDay
2019-07-10,1272.0,106.0,0.0,0,298.61,0.0,1,3.97,2.91,SPY190920P00285000,285.0,0,0.0,0.0,,0.0,normalDay
2019-07-11,1272.0,126.0,0.0,0,299.31,0.0,1,3.97,2.71,SPY190920P00285000,285.0,0,0.0,0.0,,0.0,normalDay
2019-07-12,1272.0,157.0,0.0,0,300.65,0.0,1,3.97,2.4,SPY190920P00285000,285.0,0,0.0,0.0,,0.0,normalDay
2019-07-15,1272.0,163.0,0.0,0,300.75,0.0,1,3.97,2.34,SPY190920P00285000,285.0,0,0.0,0.0,,0.0,normalDay
2019-07-16,1272.0,152.0,0.0,0,299.78,0.0,1,3.97,2.45,SPY190920P00285000,285.0,0,0.0,0.0,,0.0,normalDay
2019-07-17,1272.0,103.0,0.0,0,297.74,0.0,1,3.97,2.94,SPY190920P00285000,285.0,0,0.0,0.0,,0.0,normalDay
2019-07-18,1272.0,132.0,0.0,0,298.83,0.0,1,3.97,2.65,SPY190920P00285000,285.0,0,0.0,0.0,,0.0,normalDay
2019-07-19,1272.0,94.0,0.0,0,297.17,0.0,1,3.97,3.03,SPY190920P00285000,285.0,0,0.0,0.0,,0.0,normalDay
2019-07-22,1272.0,133.0,0.0,0,297.9,0.0,1,3.97,2.64,SPY190920P00285000,285.0,0,0.0,0.0,,0.0,normalDay
2019-07-23,1272.0,186.0,0.0,0,300.03,0.0,1,3.97,2.11,SPY190920P00285000,285.0,0,0.0,0.0,,0.0,normalDay
2019-07-24,1272.0,218.0,0.0,0,301.44,0.0,1,3.97,1.79,SPY190920P00285000,285.0,0,0.0,0.0,,0.0,normalDay
2019-07-25,1272.0,189.0,0.0,0,300.0,0.0,1,3.97,2.08,SPY190920P00285000,285.0,0,0.0,0.0,,0.0,normalDay
2019-07-26,1272.0,227.0,0.0,0,302.01,0.0,1,3.97,1.7,SPY190920P00285000,285.0,0,0.0,0.0,,0.0,normalDay
2019-07-29,1272.0,227.0,0.0,0,301.46,0.0,1,3.97,1.7,SPY190920P00285000,285.0,0,0.0,0.0,,0.0,normalDay
2019-07-30,1272.0,197.0,0.0,0,300.72,0.0,1,3.97,2.0,SPY190920P00285000,285.0,0,0.0,0.0,,0.0,normalDay
2019-07-31,1272.0,112.0,0.0,0,297.43,0.0,1,3.97,2.85,SPY190920P00285000,285.0,0,0.0,0.0,,0.0,normalDay
2019-08-01,1272.0,13.0,0.0,0,294.84,0.0,1,3.97,3.84,SPY190920P00285000,285.0,0,0.0,0.0,,0.0,normalDay
2019-08-02,1272.0,-47.0,0.0,0,292.62,0.0,1,3.97,4.44,SPY190920P00285000,285.0,0,0.0,0.0,,0.0,normalDay
2019-08-05,1272.0,-532.0,0.0,0,283.82,0.0,1,3.97,9.29,SPY190920P00285000,285.0,0,0.0,0.0,,0.0,normalDay
2019-08-06,1272.0,-238.0,0.0,0,287.8,0.0,1,3.97,6.35,SPY190920P00285000,285.0,0,0.0,0.0,,0.0,normalDay
2019-08-07,1272.0,-224.0,0.0,0,287.97,0.0,1,3.97,6.21,SPY190920P00285000,285.0,0,0.0,0.0,,0.0,normalDay
2019-08-08,1272.0,19.0,0.0,0,293.62,0.0,1,3.97,3.78,SPY190920P00285000,285.0,0,0.0,0.0,,0.0,normalDay
2019-08-09,1272.0,-47.0,0.0,0,291.62,0.0,1,3.97,4.44,SPY190920P00285000,285.0,0,0.0,0.0,,0.0,normalDay
2019-08-12,1272.0,-240.0,0.0,0,288.07,0.0,1,3.97,6.37,SPY190920P00285000,285.0,0,0.0,0.0,,0.0,normalDay
2019-08-13,1272.0,-4.0,0.0,0,292.55,0.0,1,3.97,4.01,SPY190920P00285000,285.0,0,0.0,0.0,,0.0,normalDay
2019-08-14,1272.0,-409.0,0.0,0,283.9,0.0,1,3.97,8.06,SPY190920P00285000,285.0,0,0.0,0.0,,0.0,normalDay
2019-08-15,1272.0,-347.0,0.0,0,284.65,0.0,1,3.97,7.44,SPY190920P00285000,285.0,0,0.0,0.0,,0.0,normalDay
2019-08-16,1272.0,-112.0,0.0,0,288.85,0.0,1,3.97,5.09,SPY190920P00285000,285.0,0,0.0,0.0,,0.0,normalDay
2019-08-19,1272.0,63.0,0.0,0,292.33,0.0,1,3.97,3.34,SPY190920P00285000,285.0,0,0.0,0.0,,0.0,normalDay
2019-08-20,1272.0,-17.0,0.0,0,290.09,0.0,1,3.97,4.14,SPY190920P00285000,285.0,0,0.0,0.0,,0.0,normalDay
2019-08-21,1272.0,113.0,0.0,0,292.45,0.0,1,3.97,2.84,SPY190920P00285000,285.0,0,0.0,0.0,,0.0,normalDay
2019-08-22,1272.0,90.0,0.0,0,292.36,0.0,1,3.97,3.07,SPY190920P00285000,285.0,0,0.0,0.0,,0.0,normalDay
2019-08-23,1272.0,-197.0,0.0,0,284.85,0.0,1,3.97,5.94,SPY190920P00285000,285.0,0,0.0,0.0,,0.0,normalDay
2019-08-26,1272.0,-60.0,0.0,0,288.0,0.0,1,3.97,4.57,SPY190920P00285000,285.0,0,0.0,0.0,,0.0,normalDay
2019-08-27,1272.0,-128.0,0.0,0,286.87,0.0,1,3.97,5.25,SPY190920P00285000,285.0,0,0.0,0.0,,0.0,normalDay
2019-08-28,1272.0,-10.0,0.0,0,288.89,0.0,1,3.97,4.07,SPY190920P00285000,285.0,0,0.0,0.0,,0.0,normalDay
2019-08-29,1272.0,127.0,0.0,0,292.58,0.0,1,3.97,2.7,SPY190920P00285000,285.0,0,0.0,0.0,,0.0,normalDay
2019-08-30,1272.0,117.0,0.0,0,292.45,0.0,1,3.97,2.8,SPY190920P00285000,285.0,0,0.0,0.0,,0.0,normalDay
2019-09-03,1272.0,93.0,0.0,0,290.74,0.0,1,3.97,3.04,SPY190920P00285000,285.0,0,0.0,0.0,,0.0,normalDay
2019-09-04,1272.0,230.0,0.0,0,294.04,0.0,1,3.97,1.67,SPY190920P00285000,285.0,0,0.0,0.0,,0.0,normalDay
2019-09-05,1272.0,306.0,0.0,0,297.82,0.0,1,3.97,0.91,SPY190920P00285000,285.0,0,0.0,0.0,,0.0,normalDay
2019-09-06,1272.0,340.0,0.0,0,298.05,0.0,1,3.97,0.57,SPY190920P00285000,285.0,0,0.0,0.0,,0.0,normalDay
2019-09-09,1272.0,352.0,0.0,0,298.2,0.0,1,3.97,0.45,SPY190920P00285000,285.0,0,0.0,0.0,,0.0,normalDay
2019-09-10,1272.0,358.0,0.0,0,298.13,0.0,1,3.97,0.39,SPY190920P00285000,285.0,0,0.0,0.0,,0.0,normalDay
2019-09-11,1272.0,375.0,0.0,0,300.25,0.0,1,3.97,0.22,SPY190920P00285000,285.0,0,0.0,0.0,,0.0,normalDay
2019-09-12,1272.0,380.0,0.0,0,301.29,0.0,1,3.97,0.17,SPY190920P00285000,285.0,0,0.0,0.0,,0.0,normalDay
2019-09-13,1272.0,383.0,0.0,0,301.09,0.0,1,3.97,0.14,SPY190920P00285000,285.0,0,0.0,0.0,,0.0,normalDay
2019-09-16,1272.0,386.0,0.0,0,300.16,0.0,1,3.97,0.11,SPY190920P00285000,285.0,0,0.0,0.0,,0.0,normalDay
2019-09-17,1272.0,388.0,0.0,0,300.92,0.0,1,3.97,0.09,SPY190920P00285000,285.0,0,0.0,0.0,,0.0,normalDay
2019-09-18,1272.0,390.0,0.0,0,301.1,0.0,1,3.97,0.07,SPY190920P00285000,285.0,0,0.0,0.0,,0.0,normalDay
2019-09-19,1272.0,392.0,0.0,0,301.08,0.0,1,3.97,0.05,SPY190920P00285000,285.0,0,0.0,0.0,,0.0,normalDay
2019-09-20,1669.0,0.0,397.0,0,298.28,0.0,1,3.97,0.0,SPY190920P00285000,285.0,0,0.0,0.0,,0.0,expirationDay
2019-09-23,1669.0,-4.0,0.0,0,298.21,0.0,1,3.68,3.72,SPY191115P00290000,290.0,0,0.0,0.0,,0.0,normalDay
2019-09-24,1669.0,-103.0,0.0,0,295.87,0.0,1,3.68,4.71,SPY191115P00290000,290.0,0,0.0,0.0,,0.0,normalDay
2019-09-25,1669.0,-41.0,0.0,0,297.62,0.0,1,3.68,4.09,SPY191115P00290000,290.0,0,0.0,0.0,,0.0,normalDay
2019-09-26,1669.0,-41.0,0.0,0,297.0,0.0,1,3.68,4.09,SPY191115P00290000,290.0,0,0.0,0.0,,0.0,normalDay
2019-09-27,1669.0,-111.0,0.0,0,295.4,0.0,1,3.68,4.79,SPY191115P00290000,290.0,0,0.0,0.0,,0.0,normalDay
2019-09-30,1669.0,-25.0,0.0,0,296.77,0.0,1,3.68,3.93,SPY191115P00290000,290.0,0,0.0,0.0,,0.0,normalDay
2019-10-01,1669.0,-180.0,0.0,0,293.24,0.0,1,3.68,5.48,SPY191115P00290000,290.0,0,0.0,0.0,,0.0,normalDay
2019-10-02,1669.0,-461.0,0.0,0,288.06,0.0,1,3.68,8.29,SPY191115P00290000,290.0,0,0.0,0.0,,0.0,normalDay
2019-10-03,1669.0,-298.0,0.0,0,290.42,0.0,1,3.68,6.66,SPY191115P00290000,290.0,0,0.0,0.0,,0.0,normalDay
2019-10-04,1669.0,-95.0,0.0,0,294.35,0.0,1,3.68,4.63,SPY191115P00290000,290.0,0,0.0,0.0,,0.0,normalDay
2019-10-07,1669.0,-136.0,0.0,0,293.08,0.0,1,3.68,5.04,SPY191115P00290000,290.0,0,0.0,0.0,,0.0,normalDay
2019-10-08,1669.0,-359.0,0.0,0,288.53,0.0,1,3.68,7.27,SPY191115P00290000,290.0,0,0.0,0.0,,0.0,normalDay
2019-10-09,1669.0,-207.0,0.0,0,291.27,0.0,1,3.68,5.75,SPY191115P00290000,290.0,0,0.0,0.0,,0.0,normalDay
2019-10-10,1669.0,-94.0,0.0,0,293.24,0.0,1,3.68,4.62,SPY191115P00290000,290.0,0,0.0,0.0,,0.0,normalDay
2019-10-11,1669.0,58.0,0.0,0,296.28,0.0,1,3.68,3.1,SPY191115P00290000,290.0,0,0.0,0.0,,0.0,normalDay
2019-10-14,1669.0,88.0,0.0,0,295.95,0.0,1,3.68,2.8,SPY191115P00290000,290.0,0,0.0,0.0,,0.0,normalDay
2019-10-15,1669.0,187.0,0.0,0,298.88,0.0,1,3.68,1.81,SPY191115P00290000,290.0,0,0.0,0.0,,0.0,normalDay
2019-10-16,1669.0,186.0,0.0,0,298.4,0.0,1,3.68,1.82,SPY191115P00290000,290.0,0,0.0,0.0,,0.0,normalDay
2019-10-17,1669.0,202.0,0.0,0,299.28,0.0,1,3.68,1.66,SPY191115P00290000,290.0,0,0.0,0.0,,0.0,normalDay
2019-10-18,1669.0,182.0,0.0,0,297.97,0.0,1,3.68,1.86,SPY191115P00290000,290.0,0,0.0,0.0,,0.0,normalDay
2019-10-21,1669.0,241.0,0.0,0,299.99,0.0,1,3.68,1.27,SPY191115P00290000,290.0,0,0.0,0.0,,0.0,normalDay
2019-10-22,1669.0,224.0,0.0,0,299.01,0.0,1,3.68,1.44,SPY191115P00290000,290.0,0,0.0,0.0,,0.0,normalDay
2019-10-23,1669.0,254.0,0.0,0,299.88,0.0,1,3.68,1.14,SPY191115P00290000,290.0,0,0.0,0.0,,0.0,normalDay
2019-10-24,1669.0,270.0,0.0,0,300.37,0.0,1,3.68,0.98,SPY191115P00290000,290.0,0,0.0,0.0,,0.0,normalDay
2019-10-25,1669.0,301.0,0.0,0,301.6,0.0,1,3.68,0.67,SPY191115P00290000,290.0,0,0.0,0.0,,0.0,normalDay
2019-10-28,1669.0,318.0,0.0,0,303.3,0.0,1,3.68,0.5,SPY191115P00290000,290.0,0,0.0,0.0,,0.0,normalDay
2019-10-29,1669.0,321.0,0.0,0,303.21,0.0,1,3.68,0.47,SPY191115P00290000,290.0,0,0.0,0.0,,0.0,normalDay
2019-10-30,1669.0,336.0,0.0,0,304.14,0.0,1,3.68,0.32,SPY191115P00290000,290.0,0,0.0,0.0,,0.0,normalDay
2019-10-31,1669.0,326.0,0.0,0,303.33,0.0,1,3.68,0.42,SPY191115P00290000,290.0,0,0.0,0.0,,0.0,normalDay
2019-11-01,1669.0,349.0,0.0,0,306.14,0.0,1,3.68,0.19,SPY191115P00290000,290.0,0,0.0,0.0,,0.0,normalDay
2019-11-04,1669.0,354.0,0.0,0,307.37,0.0,1,3.68,0.14,SPY191115P00290000,290.0,0,0.0,0.0,,0.0,normalDay
2019-11-05,1669.0,357.0,0.0,0,307.03,0.0,1,3.68,0.11,SPY191115P00290000,290.0,0,0.0,0.0,,0.0,normalDay
2019-11-06,1669.0,361.0,0.0,0,307.1,0.0,1,3.68,0.07,SPY191115P00290000,290.0,0,0.0,0.0,,0.0,normalDay
2019-11-07,1669.0,363.0,0.0,0,308.18,0.0,1,3.68,0.05,SPY191115P00290000,290.0,0,0.0,0.0,,0.0,normalDay
2019-11-08,1669.0,365.0,0.0,0,308.94,0.0,1,3.68,0.03,SPY191115P00290000,290.0,0,0.0,0.0,,0.0,normalDay
2019-11-11,1669.0,366.0,0.0,0,308.35,0.0,1,3.68,0.02,SPY191115P00290000,290.0,0,0.0,0.0,,0.0,normalDay
2019-11-12,1669.0,366.0,0.0,0,309.0,0.0,1,3.68,0.02,SPY191115P00290000,290.0,0,0.0,0.0,,0.0,normalDay
2019-11-13,1669.0,366.0,0.0,0,309.1,0.0,1,3.68,0.02,SPY191115P00290000,290.0,0,0.0,0.0,,0.0,normalDay
2019-11-14,1669.0,367.0,0.0,0,309.55,0.0,1,3.68,0.01,SPY191115P00290000,290.0,0,0.0,0.0,,0.0,normalDay
2019-11-15,2037.0,0.0,368.0,0,311.79,0.0,1,3.68,0.0,SPY191115P00290000,290.0,0,0.0,0.0,,0.0,expirationDay
2019-11-18,2037.0,-3.0,0.0,0,312.02,0.0,1,3.08,3.11,SPY200117P00301000,301.0,0,0.0,0.0,,0.0,normalDay
2019-11-19,2037.0,-16.0,0.0,0,311.93,0.0,1,3.08,3.24,SPY200117P00301000,301.0,0,0.0,0.0,,0.0,normalDay
2019-11-20,2037.0,-44.0,0.0,0,310.77,0.0,1,3.08,3.52,SPY200117P00301000,301.0,0,0.0,0.0,,0.0,normalDay
2019-11-21,2037.0,-57.0,0.0,0,310.27,0.0,1,3.08,3.65,SPY200117P00301000,301.0,0,0.0,0.0,,0.0,normalDay
2019-11-22,2037.0,-20.0,0.0,0,310.96,0.0,1,3.08,3.28,SPY200117P00301000,301.0,0,0.0,0.0,,0.0,normalDay
2019-11-25,2037.0,54.0,0.0,0,313.37,0.0,1,3.08,2.54,SPY200117P00301000,301.0,0,0.0,0.0,,0.0,normalDay
2019-11-26,2037.0,81.0,0.0,0,314.08,0.0,1,3.08,2.27,SPY200117P00301000,301.0,0,0.0,0.0,,0.0,normalDay
2019-11-27,2037.0,101.0,0.0,0,315.48,0.0,1,3.08,2.07,SPY200117P00301000,301.0,0,0.0,0.0,,0.0,normalDay
2019-11-29,2037.0,72.0,0.0,0,314.31,0.0,1,3.08,2.36,SPY200117P00301000,301.0,0,0.0,0.0,,0.0,normalDay
2019-12-02,2037.0,-21.0,0.0,0,311.64,0.0,1,3.08,3.29,SPY200117P00301000,301.0,0,0.0,0.0,,0.0,normalDay
2019-12-03,2037.0,-101.0,0.0,0,309.55,0.0,1,3.08,4.09,SPY200117P00301000,301.0,0,0.0,0.0,,0.0,normalDay
2019-12-04,2037.0,-30.0,0.0,0,311.46,0.0,1,3.08,3.38,SPY200117P00301000,301.0,0,0.0,0.0,,0.0,normalDay
2019-12-05,2037.0,9.0,0.0,0,312.02,0.0,1,3.08,2.99,SPY200117P00301000,301.0,0,0.0,0.0,,0.0,normalDay
2019-12-06,2037.0,85.0,0.0,0,314.87,0.0,1,3.08,2.23,SPY200117P00301000,301.0,0,0.0,0.0,,0.0,normalDay
2019-12-09,2037.0,45.0,0.0,0,313.88,0.0,1,3.08,2.63,SPY200117P00301000,301.0,0,0.0,0.0,,0.0,normalDay
2019-12-10,2037.0,59.0,0.0,0,313.53,0.0,1,3.08,2.49,SPY200117P00301000,301.0,0,0.0,0.0,,0.0,normalDay
2019-12-11,2037.0,93.0,0.0,0,314.42,0.0,1,3.08,2.15,SPY200117P00301000,301.0,0,0.0,0.0,,0.0,normalDay
2019-12-12,2037.0,152.0,0.0,0,317.13,0.0,1,3.08,1.56,SPY200117P00301000,301.0,0,0.0,0.0,,0.0,normalDay
2019-12-13,2037.0,191.0,0.0,0,317.32,0.0,1,3.08,1.17,SPY200117P00301000,301.0,0,0.0,0.0,,0.0,normalDay
2019-12-16,2037.0,229.0,0.0,0,319.5,0.0,1,3.08,0.79,SPY200117P00301000,301.0,0,0.0,0.0,,0.0,normalDay
2019-12-17,2037.0,228.0,0.0,0,319.57,0.0,1,3.08,0.8,SPY200117P00301000,301.0,0,0.0,0.0,,0.0,normalDay
2019-12-18,2037.0,229.0,0.0,0,319.59,0.0,1,3.08,0.79,SPY200117P00301000,301.0,0,0.0,0.0,,0.0,normalDay
2019-12-19,2037.0,240.0,0.0,0,320.9,0.0,1,3.08,0.68,SPY200117P00301000,301.0,0,0.0,0.0,,0.0,normalDay
2019-12-20,2037.0,245.0,0.0,0,320.73,0.0,1,3.08,0.63,SPY200117P00301000,301.0,0,0.0,0.0,,0.0,normalDay
2019-12-23,2037.0,250.0,0.0,0,321.22,0.0,1,3.08,0.58,SPY200117P00301000,301.0,0,0.0,0.0,,0.0,normalDay
2019-12-24,2037.0,253.0,0.0,0,321.23,0.0,1,3.08,0.55,SPY200117P00301000,301.0,0,0.0,0.0,,0.0,normalDay
2019-12-26,2037.0,268.0,0.0,0,322.94,0.0,1,3.08,0.4,SPY200117P00301000,301.0,0,0.0,0.0,,0.0,normalDay
2019-12-27,2037.0,266.0,0.0,0,322.86,0.0,1,3.08,0.42,SPY200117P00301000,301.0,0,0.0,0.0,,0.0,normalDay
2019-12-30,2037.0,259.0,0.0,0,321.08,0.0,1,3.08,0.49,SPY200117P00301000,301.0,0,0.0,0.0,,0.0,normalDay
2019-12-31,2037.0,271.0,0.0,0,321.86,0.0,1,3.08,0.37,SPY200117P00301000,301.0,0,0.0,0.0,,0.0,normalDay
2020-01-02,2037.0,293.0,0.0,0,324.87,0.0,1,3.08,0.15,SPY200117P00301000,301.0,0,0.0,0.0,,0.0,normalDay
2020-01-03,2037.0,283.0,0.0,0,322.41,0.0,1,3.08,0.25,SPY200117P00301000,301.0,0,0.0,0.0,,0.0,normalDay
2020-01-06,2037.0,296.0,0.0,0,323.64,0.0,1,3.08,0.12,SPY200117P00301000,301.0,0,0.0,0.0,,0.0,normalDay
2020-01-07,2037.0,297.0,0.0,0,322.73,0.0,1,3.08,0.11,SPY200117P00301000,301.0,0,0.0,0.0,,0.0,normalDay
2020-01-08,2037.0,298.0,0.0,0,324.45,0.0,1,3.08,0.1,SPY200117P00301000,301.0,0,0.0,0.0,,0.0,normalDay
2020-01-09,2037.0,302.0,0.0,0,326.65,0.0,1,3.08,0.06,SPY200117P00301000,301.0,0,0.0,0.0,,0.0,normalDay
2020-01-10,2037.0,305.0,0.0,0,325.71,0.0,1,3.08,0.03,SPY200117P00301000,301.0,0,0.0,0.0,,0.0,normalDay
2020-01-13,2037.0,306.0,0.0,0,327.95,0.0,1,3.08,0.02,SPY200117P00301000,301.0,0,0.0,0.0,,0.0,normalDay
2020-01-14,2037.0,306.0,0.0,0,327.45,0.0,1,3.08,0.02,SPY200117P00301000,301.0,0,0.0,0.0,,0.0,normalDay
2020-01-15,2037.0,306.0,0.0,0,328.19,0.0,1,3.08,0.02,SPY200117P00301000,301.0,0,0.0,0.0,,0.0,normalDay
2020-01-16,2037.0,307.0,0.0,0,330.92,0.0,1,3.08,0.01,SPY200117P00301000,301.0,0,0.0,0.0,,0.0,normalDay
2020-01-17,2345.0,0.0,308.0,0,331.95,0.0,1,3.08,0.0,SPY200117P00301000,301.0,0,0.0,0.0,,0.0,expirationDay
2020-01-21,2345.0,-5.0,0.0,0,331.3,0.0,1,4.61,4.66,SPY200417P00320000,320.0,0,0.0,0.0,,0.0,normalDay
2020-01-22,2345.0,-7.0,0.0,0,331.34,0.0,1,4.61,4.68,SPY200417P00320000,320.0,0,0.0,0.0,,0.0,normalDay
2020-01-23,2345.0,4.0,0.0,0,331.72,0.0,1,4.61,4.57,SPY200417P00320000,320.0,0,0.0,0.0,,0.0,normalDay
2020-01-24,2345.0,-108.0,0.0,0,328.77,0.0,1,4.61,5.69,SPY200417P00320000,320.0,0,0.0,0.0,,0.0,normalDay
2020-01-27,2345.0,-372.0,0.0,0,323.5,0.0,1,4.61,8.33,SPY200417P00320000,320.0,0,0.0,0.0,,0.0,normalDay
2020-01-28,2345.0,-190.0,0.0,0,326.89,0.0,1,4.61,6.51,SPY200417P00320000,320.0,0,0.0,0.0,,0.0,normalDay
2020-01-29,2345.0,-195.0,0.0,0,326.62,0.0,1,4.61,6.56,SPY200417P00320000,320.0,0,0.0,0.0,,0.0,normalDay
2020-01-30,2345.0,-114.0,0.0,0,327.68,0.0,1,4.61,5.75,SPY200417P00320000,320.0,0,0.0,0.0,,0.0,normalDay
2020-01-31,2345.0,-397.0,0.0,0,321.73,0.0,1,4.61,8.58,SPY200417P00320000,320.0,0,0.0,0.0,,0.0,normalDay
2020-02-03,2345.0,-297.0,0.0,0,324.12,0.0,1,4.61,7.58,SPY200417P00320000,320.0,0,0.0,0.0,,0.0,normalDay
2020-02-04,2345.0,-68.0,0.0,0,329.06,0.0,1,4.61,5.29,SPY200417P00320000,320.0,0,0.0,0.0,,0.0,normalDay
2020-02-05,2345.0,50.0,0.0,0,332.86,0.0,1,4.61,4.11,SPY200417P00320000,320.0,0,0.0,0.0,,0.0,normalDay
2020-02-06,2345.0,78.0,0.0,0,333.98,0.0,1,4.61,3.83,SPY200417P00320000,320.0,0,0.0,0.0,,0.0,normalDay
2020-02-07,2345.0,31.0,0.0,0,332.2,0.0,1,4.61,4.3,SPY200417P00320000,320.0,0,0.0,0.0,,0.0,normalDay
2020-02-10,2345.0,99.0,0.0,0,334.68,0.0,1,4.61,3.62,SPY200417P00320000,320.0,0,0.0,0.0,,0.0,normalDay
2020-02-11,2345.0,115.0,0.0,0,335.26,0.0,1,4.61,3.46,SPY200417P00320000,320.0,0,0.0,0.0,,0.0,normalDay
2020-02-12,2345.0,180.0,0.0,0,337.42,0.0,1,4.61,2.81,SPY200417P00320000,320.0,0,0.0,0.0,,0.0,normalDay
2020-02-13,2345.0,167.0,0.0,0,337.06,0.0,1,4.61,2.94,SPY200417P00320000,320.0,0,0.0,0.0,,0.0,normalDay
2020-02-14,2345.0,188.0,0.0,0,337.6,0.0,1,4.61,2.73,SPY200417P00320000,320.0,0,0.0,0.0,,0.0,normalDay
2020-02-18,2345.0,171.0,0.0,0,336.73,0.0,1,4.61,2.9,SPY200417P00320000,320.0,0,0.0,0.0,,0.0,normalDay
2020-02-19,2345.0,212.0,0.0,0,338.34,0.0,1,4.61,2.49,SPY200417P00320000,320.0,0,0.0,0.0,,0.0,normalDay
2020-02-20,2345.0,169.0,0.0,0,336.95,0.0,1,4.61,2.92,SPY200417P00320000,320.0,0,0.0,0.0,,0.0,normalDay
2020-02-21,2345.0,61.0,0.0,0,333.48,0.0,1,4.61,4.0,SPY200417P00320000,320.0,0,0.0,0.0,,0.0,normalDay
2020-02-24,2345.0,-452.0,0.0,0,322.42,0.0,1,4.61,9.13,SPY200417P00320000,320.0,0,0.0,0.0,,0.0,normalDay
2020-02-25,2345.0,-927.0,0.0,0,312.65,0.0,1,4.61,13.88,SPY200417P00320000,320.0,0,0.0,0.0,,0.0,normalDay
2020-02-26,2345.0,-1025.0,0.0,0,311.5,0.0,1,4.61,14.86,SPY200417P00320000,320.0,0,0.0,0.0,,0.0,normalDay
2020-02-27,2345.0,-2217.0,0.0,0,297.51,0.0,1,4.61,26.78,SPY200417P00320000,320.0,0,0.0,0.0,,0.0,normalDay
2020-02-28,2345.0,-2260.0,0.0,0,296.26,0.0,1,4.61,27.21,SPY200417P00320000,320.0,0,0.0,0.0,,0.0,normalDay
2020-03-02,2345.0,-1216.0,0.0,0,309.09,0.0,1,4.61,16.77,SPY200417P00320000,320.0,0,0.0,0.0,,0.0,normalDay
2020-03-03,2345.0,-1798.0,0.0,0,300.24,0.0,1,4.61,22.59,SPY200417P00320000,320.0,0,0.0,0.0,,0.0,normalDay
2020-03-04,2345.0,-1056.0,0.0,0,312.86,0.0,1,4.61,15.17,SPY200417P00320000,320.0,0,0.0,0.0,,0.0,normalDay
2020-03-05,2345.0,-1843.0,0.0,0,302.46,0.0,1,4.61,23.04,SPY200417P00320000,320.0,0,0.0,0.0,,0.0,normalDay
2020-03-06,2345.0,-2278.0,0.0,0,297.46,0.0,1,4.61,27.39,SPY200417P00320000,320.0,0,0.0,0.0,,0.0,normalDay
2020-03-09,2345.0,-4416.0,0.0,0,274.23,0.0,1,4.61,48.77,SPY200417P00320000,320.0,0,0.0,0.0,,0.0,normalDay
2020-03-10,2345.0,-3063.0,0.0,0,288.42,0.0,1,4.61,35.24,SPY200417P00320000,320.0,0,0.0,0.0,,0.0,normalDay
2020-03-11,2345.0,-4354.0,0.0,0,274.36,0.0,1,4.61,48.15,SPY200417P00320000,320.0,0,0.0,0.0,,0.0,normalDay
2020-03-12,2345.0,-6902.0,0.0,0,248.11,0.0,1,4.61,73.63,SPY200417P00320000,320.0,0,0.0,0.0,,0.0,normalDay
2020-03-13,2345.0,-4793.0,0.0,0,269.32,0.0,1,4.61,52.54,SPY200417P00320000,320.0,0,0.0,0.0,,0.0,normalDay
2020-03-16,2345.0,-7430.0,0.0,0,239.85,0.0,1,4.61,78.91,SPY200417P00320000,320.0,0,0.0,0.0,,0.0,normalDay
2020-03-17,2345.0,-6577.0,0.0,0,252.8,0.0,1,4.61,70.38,SPY200417P00320000,320.0,0,0.0,0.0,,0.0,normalDay
2020-03-18,2345.0,-7684.0,0.0,0,240.0,0.0,1,4.61,81.45,SPY200417P00320000,320.0,0,0.0,0.0,,0.0,normalDay
2020-03-19,2345.0,-7690.0,0.0,0,240.51,0.0,1,4.61,81.51,SPY200417P00320000,320.0,0,0.0,0.0,,0.0,normalDay
2020-03-20,2345.0,-8649.0,0.0,0,228.8,0.0,1,4.61,91.1,SPY200417P00320000,320.0,0,0.0,0.0,,0.0,normalDay
2020-03-23,2345.0,-9447.0,0.0,0,222.95,0.0,1,4.61,99.08,SPY200417P00320000,320.0,0,0.0,0.0,,0.0,normalDay
2020-03-24,2345.0,-7317.0,0.0,0,243.15,0.0,1,4.61,77.78,SPY200417P00320000,320.0,0,0.0,0.0,,0.0,normalDay
2020-03-25,2345.0,-6856.0,0.0,0,246.79,0.0,1,4.61,73.17,SPY200417P00320000,320.0,0,0.0,0.0,,0.0,normalDay
2020-03-26,2345.0,-5499.0,0.0,0,261.2,0.0,1,4.61,59.6,SPY200417P00320000,320.0,0,0.0,0.0,,0.0,normalDay
2020-03-27,2345.0,-6289.0,0.0,0,253.42,0.0,1,4.61,67.5,SPY200417P00320000,320.0,0,0.0,0.0,,0.0,normalDay
2020-03-30,2345.0,-5485.0,0.0,0,261.65,0.0,1,4.61,59.46,SPY200417P00320000,320.0,0,0.0,0.0,,0.0,normalDay
2020-03-31,2345.0,-5888.0,0.0,0,257.75,0.0,1,4.61,63.49,SPY200417P00320000,320.0,0,0.0,0.0,,0.0,normalDay
2020-04-01,2345.0,-6995.0,0.0,0,246.15,0.0,1,4.61,74.56,SPY200417P00320000,320.0,0,0.0,0.0,,0.0,normalDay
2020-04-02,2345.0,-6314.0,0.0,0,251.83,0.0,1,4.61,67.75,SPY200417P00320000,320.0,0,0.0,0.0,,0.0,normalDay
2020-04-03,2345.0,-6716.0,0.0,0,248.19,0.0,1,4.61,71.77,SPY200417P00320000,320.0,0,0.0,0.0,,0.0,normalDay
2020-04-06,2345.0,-5066.0,0.0,0,264.86,0.0,1,4.61,55.27,SPY200417P00320000,320.0,0,0.0,0.0,,0.0,normalDay
2020-04-07,2345.0,-5163.0,0.0,0,265.13,0.0,1,4.61,56.24,SPY200417P00320000,320.0,0,0.0,0.0,,0.0,normalDay
2020-04-08,2345.0,-4159.0,0.0,0,274.03,0.0,1,4.61,46.2,SPY200417P00320000,320.0,0,0.0,0.0,,0.0,normalDay
2020-04-09,2345.0,-3746.0,0.0,0,278.2,0.0,1,4.61,42.07,SPY200417P00320000,320.0,0,0.0,0.0,,0.0,normalDay
2020-04-13,2345.0,-3988.0,0.0,0,275.66,0.0,1,4.61,44.49,SPY200417P00320000,320.0,0,0.0,0.0,,0.0,normalDay
2020-04-14,2345.0,-3151.0,0.0,0,283.79,0.0,1,4.61,36.12,SPY200417P00320000,320.0,0,0.0,0.0,,0.0,normalDay
2020-04-15,2345.0,-3785.0,0.0,0,277.76,0.0,1,4.61,42.46,SPY200417P00320000,320.0,0,0.0,0.0,,0.0,normalDay
2020-04-16,2345.0,-3636.0,0.0,0,279.1,0.0,1,4.61,40.97,SPY200417P00320000,320.0,0,0.0,0.0,,0.0,normalDay
2020-04-17,2806.0,-3336.0,461.0,100,286.64,320.0,1,4.61,0.0,SPY200417P00320000,320.0,0,0.0,0.0,,0.0,expirationDay
2020-04-20,2806.0,-3841.0,0.0,100,281.59,320.0,0,0.0,0.0,,0.0,0,0.0,0.0,,0.0,bidTooLow
2020-04-21,2806.0,-4696.0,0.0,100,273.04,320.0,0,0.0,0.0,,0.0,0,0.0,0.0,,0.0,bidTooLow
2020-04-22,2806.0,-4090.0,0.0,100,279.1,320.0,0,0.0,0.0,,0.0,0,0.0,0.0,,0.0,bidTooLow
2020-04-23,2806.0,-4092.0,0.0,100,279.08,320.0,0,0.0,0.0,,0.0,0,0.0,0.0,,0.0,bidTooLow
2020-04-24,2806.0,-3703.0,0.0,100,282.97,320.0,0,0.0,0.0,,0.0,0,0.0,0.0,,0.0,bidTooLow
2020-04-27,2806.0,-3295.0,0.0,100,287.05,320.0,0,0.0,0.0,,0.0,0,0.0,0.0,,0.0,bidTooLow
2020-04-28,2806.0,-3427.0,0.0,100,285.73,320.0,0,0.0,0.0,,0.0,0,0.0,0.0,,0.0,bidTooLow
2020-04-29,2806.0,-2679.0,0.0,100,293.21,320.0,0,0.0,0.0,,0.0,0,0.0,0.0,,0.0,bidTooLow
2020-04-30,2806.0,-2952.0,0.0,100,290.48,320.0,0,0.0,0.0,,0.0,0,0.0,0.0,,0.0,bidTooLow
2020-05-01,2806.0,-3721.0,0.0,100,282.79,320.0,0,0.0,0.0,,0.0,0,0.0,0.0,,0.0,bidTooLow
2020-05-04,2806.0,-3643.0,0.0,100,283.57,320.0,0,0.0,0.0,,0.0,0,0.0,0.0,,0.0,bidTooLow
2020-05-05,2806.0,-3384.0,0.0,100,286.19,320.0,0,0.0,0.0,,0.0,1,0.03,0.06,SPY200511C00303000,303.0,normalDay
2020-05-06,2806.0,-3575.0,0.0,100,284.25,320.0,0,0.0,0.0,,0.0,1,0.03,0.03,SPY200511C00303000,303.0,normalDay
2020-05-07,2806.0,-3231.0,0.0,100,287.68,320.0,0,0.0,0.0,,0.0,1,0.03,0.02,SPY200511C00303000,303.0,normalDay
2020-05-08,2806.0,-2754.0,0.0,100,292.44,320.0,0,0.0,0.0,,0.0,1,0.03,0.01,SPY200511C00303000,303.0,normalDay
2020-05-11,2809.0,-2750.0,3.0,100,292.5,320.0,0,0.0,0.0,,0.0,1,0.03,0.0,SPY200511C00303000,303.0,expirationDay
2020-05-12,2809.0,-3336.0,0.0,100,286.67,320.0,0,0.0,0.0,,0.0,1,0.07,0.1,SPY200518C00303000,303.0,normalDay
2020-05-13,2809.0,-3837.0,0.0,100,281.6,320.0,0,0.0,0.0,,0.0,1,0.07,0.04,SPY200518C00303000,303.0,normalDay
2020-05-14,2809.0,-3498.0,0.0,100,284.97,320.0,0,0.0,0.0,,0.0,1,0.07,0.02,SPY200518C00303000,303.0,normalDay
2020-05-15,2809.0,-3366.0,0.0,100,286.28,320.0,0,0.0,0.0,,0.0,1,0.07,0.01,SPY200518C00303000,303.0,normalDay
2020-05-18,2816.0,-2500.0,7.0,100,295.0,320.0,0,0.0,0.0,,0.0,1,0.07,0.0,SPY200518C00303000,303.0,expirationDay
2020-05-19,2816.0,-2806.0,0.0,100,291.97,320.0,0,0.0,0.0,,0.0,1,0.17,0.2,SPY200522C00303000,303.0,normalDay
2020-05-20,2816.0,-2326.0,0.0,100,296.93,320.0,0,0.0,0.0,,0.0,1,0.17,0.36,SPY200522C00303000,303.0,normalDay
2020-05-21,2816.0,-2500.0,0.0,100,294.88,320.0,0,0.0,0.0,,0.0,1,0.17,0.05,SPY200522C00303000,303.0,normalDay
2020-05-22,2833.0,-2456.0,17.0,100,295.44,320.0,0,0.0,0.0,,0.0,1,0.17,0.0,SPY200522C00303000,303.0,expirationDay
2020-05-26,2833.0,-2096.0,0.0,100,299.08,320.0,0,0.0,0.0,,0.0,1,0.44,0.48,SPY200601C00307000,307.0,normalDay
2020-05-27,2833.0,-1730.0,0.0,100,303.53,320.0,0,0.0,0.0,,0.0,1,0.44,1.27,SPY200601C00307000,307.0,normalDay
2020-05-28,2833.0,-1773.0,0.0,100,302.97,320.0,0,0.0,0.0,,0.0,1,0.44,1.14,SPY200601C00307000,307.0,normalDay
2020-05-29,2833.0,-1613.0,0.0,100,304.32,320.0,0,0.0,0.0,,0.0,1,0.44,0.89,SPY200601C00307000,307.0,normalDay
2020-06-01,2877.0,-1445.0,44.0,100,305.55,320.0,0,0.0,0.0,,0.0,1,0.44,0.0,SPY200601C00307000,307.0,expirationDay
2020-06-02,2877.0,-1195.0,0.0,100,308.08,320.0,0,0.0,0.0,,0.0,1,0.05,0.08,SPY200608C00321000,321.0,normalDay
2020-06-03,2877.0,-808.0,0.0,100,312.18,320.0,0,0.0,0.0,,0.0,1,0.05,0.31,SPY200608C00321000,321.0,normalDay
2020-06-04,2877.0,-867.0,0.0,100,311.36,320.0,0,0.0,0.0,,0.0,1,0.05,0.08,SPY200608C00321000,321.0,normalDay
2020-06-05,2877.0,-151.0,0.0,100,319.34,320.0,0,0.0,0.0,,0.0,1,0.05,0.9,SPY200608C00321000,321.0,normalDay
2020-06-08,2982.0,-151.0,105.0,0,323.2,0.0,0,0.0,0.0,,0.0,1,0.05,0.0,SPY200608C00321000,321.0,expirationDay
2020-06-09,2982.0,-5.0,0.0,0,320.79,0.0,1,5.04,5.09,SPY200821P00285000,285.0,0,0.0,0.0,,0.0,normalDay
2020-06-10,2982.0,-45.0,0.0,0,319.0,0.0,1,5.04,5.49,SPY200821P00285000,285.0,0,0.0,0.0,,0.0,normalDay
2020-06-11,2982.0,-752.0,0.0,0,300.61,0.0,1,5.04,12.56,SPY200821P00285000,285.0,0,0.0,0.0,,0.0,normalDay
2020-06-12,2982.0,-561.0,0.0,0,304.21,0.0,1,5.04,10.65,SPY200821P00285000,285.0,0,0.0,0.0,,0.0,normalDay
2020-06-15,2982.0,-412.0,0.0,0,307.05,0.0,1,5.04,9.16,SPY200821P00285000,285.0,0,0.0,0.0,,0.0,normalDay
2020-06-16,2982.0,-282.0,0.0,0,312.96,0.0,1,5.04,7.86,SPY200821P00285000,285.0,0,0.0,0.0,,0.0,normalDay
2020-06-17,2982.0,-272.0,0.0,0,311.66,0.0,1,5.04,7.76,SPY200821P00285000,285.0,0,0.0,0.0,,0.0,normalDay
2020-06-18,2982.0,-246.0,0.0,0,311.78,0.0,1,5.04,7.5,SPY200821P00285000,285.0,0,0.0,0.0,,0.0,normalDay
2020-06-19,2982.0,-343.0,0.0,0,308.64,0.0,1,5.04,8.47,SPY200821P00285000,285.0,0,0.0,0.0,,0.0,normalDay
2020-06-22,2982.0,-158.0,0.0,0,310.62,0.0,1,5.04,6.62,SPY200821P00285000,285.0,0,0.0,0.0,,0.0,normalDay
2020-06-23,2982.0,-119.0,0.0,0,312.05,0.0,1,5.04,6.23,SPY200821P00285000,285.0,0,0.0,0.0,,0.0,normalDay
2020-06-24,2982.0,-308.0,0.0,0,304.09,0.0,1,5.04,8.12,SPY200821P00285000,285.0,0,0.0,0.0,,0.0,normalDay
2020-06-25,2982.0,-168.0,0.0,0,307.35,0.0,1,5.04,6.72,SPY200821P00285000,285.0,0,0.0,0.0,,0.0,normalDay
2020-06-26,2982.0,-363.0,0.0,0,300.05,0.0,1,5.04,8.67,SPY200821P00285000,285.0,0,0.0,0.0,,0.0,normalDay
2020-06-29,2982.0,-186.0,0.0,0,304.46,0.0,1,5.04,6.9,SPY200821P00285000,285.0,0,0.0,0.0,,0.0,normalDay
2020-06-30,2982.0,-53.0,0.0,0,308.36,0.0,1,5.04,5.57,SPY200821P00285000,285.0,0,0.0,0.0,,0.0,normalDay
2020-07-01,2982.0,22.0,0.0,0,310.52,0.0,1,5.04,4.82,SPY200821P00285000,285.0,0,0.0,0.0,,0.0,normalDay
2020-07-02,2982.0,87.0,0.0,0,312.23,0.0,1,5.04,4.17,SPY200821P00285000,285.0,0,0.0,0.0,,0.0,normalDay
2020-07-06,2982.0,164.0,0.0,0,317.05,0.0,1,5.04,3.4,SPY200821P00285000,285.0,0,0.0,0.0,,0.0,normalDay
2020-07-07,2982.0,103.0,0.0,0,313.78,0.0,1,5.04,4.01,SPY200821P00285000,285.0,0,0.0,0.0,,0.0,normalDay
2020-07-08,2982.0,169.0,0.0,0,316.18,0.0,1,5.04,3.35,SPY200821P00285000,285.0,0,0.0,0.0,,0.0,normalDay
2020-07-09,2982.0,131.0,0.0,0,314.38,0.0,1,5.04,3.73,SPY200821P00285000,285.0,0,0.0,0.0,,0.0,normalDay
2020-07-10,2982.0,212.0,0.0,0,317.59,0.0,1,5.04,2.92,SPY200821P00285000,285.0,0,0.0,0.0,,0.0,normalDay
2020-07-13,2982.0,105.0,0.0,0,314.84,0.0,1,5.04,3.99,SPY200821P00285000,285.0,0,0.0,0.0,,0.0,normalDay
2020-07-14,2982.0,215.0,0.0,0,318.92,0.0,1,5.04,2.89,SPY200821P00285000,285.0,0,0.0,0.0,,0.0,normalDay
2020-07-15,2982.0,284.0,0.0,0,321.85,0.0,1,5.04,2.2,SPY200821P00285000,285.0,0,0.0,0.0,,0.0,normalDay
2020-07-16,2982.0,275.0,0.0,0,320.79,0.0,1,5.04,2.29,SPY200821P00285000,285.0,0,0.0,0.0,,0.0,normalDay
2020-07-17,2982.0,342.0,0.0,0,321.72,0.0,1,5.04,1.62,SPY200821P00285000,285.0,0,0.0,0.0,,0.0,normalDay
2020-07-20,2982.0,384.0,0.0,0,324.32,0.0,1,5.04,1.2,SPY200821P00285000,285.0,0,0.0,0.0,,0.0,normalDay
2020-07-21,2982.0,385.0,0.0,0,325.01,0.0,1,5.04,1.19,SPY200821P00285000,285.0,0,0.0,0.0,,0.0,normalDay
2020-07-22,2982.0,401.0,0.0,0,326.86,0.0,1,5.04,1.03,SPY200821P00285000,285.0,0,0.0,0.0,,0.0,normalDay
2020-07-23,2982.0,368.0,0.0,0,322.96,0.0,1,5.04,1.36,SPY200821P00285000,285.0,0,0.0,0.0,,0.0,normalDay
2020-07-24,2982.0,381.0,0.0,0,320.88,0.0,1,5.04,1.23,SPY200821P00285000,285.0,0,0.0,0.0,,0.0,normalDay
2020-07-27,2982.0,419.0,0.0,0,323.22,0.0,1,5.04,0.85,SPY200821P00285000,285.0,0,0.0,0.0,,0.0,normalDay
2020-07-28,2982.0,410.0,0.0,0,321.17,0.0,1,5.04,0.94,SPY200821P00285000,285.0,0,0.0,0.0,,0.0,normalDay
2020-07-29,2982.0,441.0,0.0,0,325.12,0.0,1,5.04,0.63,SPY200821P00285000,285.0,0,0.0,0.0,,0.0,normalDay
2020-07-30,2982.0,438.0,0.0,0,323.96,0.0,1,5.04,0.66,SPY200821P00285000,285.0,0,0.0,0.0,,0.0,normalDay
2020-07-31,2982.0,457.0,0.0,0,326.52,0.0,1,5.04,0.47,SPY200821P00285000,285.0,0,0.0,0.0,,0.0,normalDay
2020-08-03,2982.0,469.0,0.0,0,328.79,0.0,1,5.04,0.35,SPY200821P00285000,285.0,0,0.0,0.0,,0.0,normalDay
2020-08-04,2982.0,476.0,0.0,0,330.06,0.0,1,5.04,0.28,SPY200821P00285000,285.0,0,0.0,0.0,,0.0,normalDay
2020-08-05,2982.0,482.0,0.0,0,332.11,0.0,1,5.04,0.22,SPY200821P00285000,285.0,0,0.0,0.0,,0.0,normalDay
2020-08-06,2982.0,483.0,0.0,0,334.33,0.0,1,5.04,0.21,SPY200821P00285000,285.0,0,0.0,0.0,,0.0,normalDay
2020-08-07,2982.0,488.0,0.0,0,334.57,0.0,1,5.04,0.16,SPY200821P00285000,285.0,0,0.0,0.0,,0.0,normalDay
2020-08-10,2982.0,493.0,0.0,0,335.57,0.0,1,5.04,0.11,SPY200821P00285000,285.0,0,0.0,0.0,,0.0,normalDay
2020-08-11,2982.0,488.0,0.0,0,332.8,0.0,1,5.04,0.16,SPY200821P00285000,285.0,0,0.0,0.0,,0.0,normalDay
2020-08-12,2982.0,496.0,0.0,0,337.44,0.0,1,5.04,0.08,SPY200821P00285000,285.0,0,0.0,0.0,,0.0,normalDay
2020-08-13,2982.0,497.0,0.0,0,336.83,0.0,1,5.04,0.07,SPY200821P00285000,285.0,0,0.0,0.0,,0.0,normalDay
2020-08-14,2982.0,500.0,0.0,0,336.84,0.0,1,5.04,0.04,SPY200821P00285000,285.0,0,0.0,0.0,,0.0,normalDay
2020-08-17,2982.0,502.0,0.0,0,337.91,0.0,1,5.04,0.02,SPY200821P00285000,285.0,0,0.0,0.0,,0.0,normalDay
2020-08-18,2982.0,502.0,0.0,0,338.64,0.0,1,5.04,0.02,SPY200821P00285000,285.0,0,0.0,0.0,,0.0,normalDay
2020-08-19,2982.0,501.0,0.0,0,337.23,0.0,1,5.04,0.03,SPY200821P00285000,285.0,0,0.0,0.0,,0.0,normalDay
2020-08-20,2982.0,503.0,0.0,0,338.28,0.0,1,5.04,0.01,SPY200821P00285000,285.0,0,0.0,0.0,,0.0,normalDay
2020-08-21,3486.0,0.0,504.0,0,339.48,0.0,1,5.04,0.0,SPY200821P00285000,285.0,0,0.0,0.0,,0.0,expirationDay
2020-08-24,3486.0,-4.0,0.0,0,342.92,0.0,1,5.49,5.53,SPY201016P00326000,326.0,0,0.0,0.0,,0.0,normalDay
2020-08-25,3486.0,37.0,0.0,0,344.12,0.0,1,5.49,5.12,SPY201016P00326000,326.0,0,0.0,0.0,,0.0,normalDay
2020-08-26,3486.0,68.0,0.0,0,347.57,0.0,1,5.49,4.81,SPY201016P00326000,326.0,0,0.0,0.0,,0.0,normalDay
2020-08-27,3486.0,66.0,0.0,0,348.33,0.0,1,5.49,4.83,SPY201016P00326000,326.0,0,0.0,0.0,,0.0,normalDay
2020-08-28,3486.0,136.0,0.0,0,350.58,0.0,1,5.49,4.13,SPY201016P00326000,326.0,0,0.0,0.0,,0.0,normalDay
2020-08-31,3486.0,75.0,0.0,0,349.31,0.0,1,5.49,4.74,SPY201016P00326000,326.0,0,0.0,0.0,,0.0,normalDay
2020-09-01,3486.0,118.0,0.0,0,352.6,0.0,1,5.49,4.31,SPY201016P00326000,326.0,0,0.0,0.0,,0.0,normalDay
2020-09-02,3486.0,189.0,0.0,0,357.7,0.0,1,5.49,3.6,SPY201016P00326000,326.0,0,0.0,0.0,,0.0,normalDay
2020-09-03,3486.0,-124.0,0.0,0,345.39,0.0,1,5.49,6.73,SPY201016P00326000,326.0,0,0.0,0.0,,0.0,normalDay
2020-09-04,3486.0,-122.0,0.0,0,342.57,0.0,1,5.49,6.71,SPY201016P00326000,326.0,0,0.0,0.0,,0.0,normalDay
2020-09-08,3486.0,-328.0,0.0,0,333.21,0.0,1,5.49,8.77,SPY201016P00326000,326.0,0,0.0,0.0,,0.0,normalDay
2020-09-09,3486.0,-85.0,0.0,0,339.79,0.0,1,5.49,6.34,SPY201016P00326000,326.0,0,0.0,0.0,,0.0,normalDay
2020-09-10,3486.0,-238.0,0.0,0,333.89,0.0,1,5.49,7.87,SPY201016P00326000,326.0,0,0.0,0.0,,0.0,normalDay
2020-09-11,3486.0,-188.0,0.0,0,334.06,0.0,1,5.49,7.37,SPY201016P00326000,326.0,0,0.0,0.0,,0.0,normalDay
2020-09-14,3486.0,37.0,0.0,0,338.46,0.0,1,5.49,5.12,SPY201016P00326000,326.0,0,0.0,0.0,,0.0,normalDay
2020-09-15,3486.0,94.0,0.0,0,340.17,0.0,1,5.49,4.55,SPY201016P00326000,326.0,0,0.0,0.0,,0.0,normalDay
2020-09-16,3486.0,60.0,0.0,0,338.82,0.0,1,5.49,4.89,SPY201016P00326000,326.0,0,0.0,0.0,,0.0,normalDay
2020-09-17,3486.0,9.0,0.0,0,335.84,0.0,1,5.49,5.4,SPY201016P00326000,326.0,0,0.0,0.0,,0.0,normalDay
2020-09-18,3486.0,-82.0,0.0,0,330.65,0.0,1,5.49,6.31,SPY201016P00326000,326.0,0,0.0,0.0,,0.0,normalDay
2020-09-21,3486.0,-207.0,0.0,0,326.97,0.0,1,5.49,7.56,SPY201016P00326000,326.0,0,0.0,0.0,,0.0,normalDay
2020-09-22,3486.0,-72.0,0.0,0,330.3,0.0,1,5.49,6.21,SPY201016P00326000,326.0,0,0.0,0.0,,0.0,normalDay
2020-09-23,3486.0,-407.0,0.0,0,322.64,0.0,1,5.49,9.56,SPY201016P00326000,326.0,0,0.0,0.0,,0.0,normalDay
2020-09-24,3486.0,-324.0,0.0,0,323.5,0.0,1,5.49,8.73,SPY201016P00326000,326.0,0,0.0,0.0,,0.0,normalDay
2020-09-25,3486.0,-53.0,0.0,0,328.73,0.0,1,5.49,6.02,SPY201016P00326000,326.0,0,0.0,0.0,,0.0,normalDay
2020-09-28,3486.0,156.0,0.0,0,334.19,0.0,1,5.49,3.93,SPY201016P00326000,326.0,0,0.0,0.0,,0.0,normalDay
2020-09-29,3486.0,120.0,0.0,0,332.37,0.0,1,5.49,4.29,SPY201016P00326000,326.0,0,0.0,0.0,,0.0,normalDay
2020-09-30,3486.0,155.0,0.0,0,334.89,0.0,1,5.49,3.94,SPY201016P00326000,326.0,0,0.0,0.0,,0.0,normalDay
2020-10-01,3486.0,253.0,0.0,0,337.04,0.0,1,5.49,2.96,SPY201016P00326000,326.0,0,0.0,0.0,,0.0,normalDay
2020-10-02,3486.0,196.0,0.0,0,333.84,0.0,1,5.49,3.53,SPY201016P00326000,326.0,0,0.0,0.0,,0.0,normalDay
2020-10-05,3486.0,385.0,0.0,0,339.76,0.0,1,5.49,1.64,SPY201016P00326000,326.0,0,0.0,0.0,,0.0,normalDay
2020-10-06,3486.0,303.0,0.0,0,334.93,0.0,1,5.49,2.46,SPY201016P00326000,326.0,0,0.0,0.0,,0.0,normalDay
2020-10-07,3486.0,450.0,0.0,0,340.76,0.0,1,5.49,0.99,SPY201016P00326000,326.0,0,0.0,0.0,,0.0,normalDay
2020-10-08,3486.0,504.0,0.0,0,343.78,0.0,1,5.49,0.45,SPY201016P00326000,326.0,0,0.0,0.0,,0.0,normalDay
2020-10-09,3486.0,531.0,0.0,0,346.85,0.0,1,5.49,0.18,SPY201016P00326000,326.0,0,0.0,0.0,,0.0,normalDay
2020-10-12,3486.0,540.0,0.0,0,352.43,0.0,1,5.49,0.09,SPY201016P00326000,326.0,0,0.0,0.0,,0.0,normalDay
2020-10-13,3486.0,543.0,0.0,0,350.13,0.0,1,5.49,0.06,SPY201016P00326000,326.0,0,0.0,0.0,,0.0,normalDay
2020-10-14,3486.0,543.0,0.0,0,347.93,0.0,1,5.49,0.06,SPY201016P00326000,326.0,0,0.0,0.0,,0.0,normalDay
2020-10-15,3486.0,547.0,0.0,0,347.5,0.0,1,5.49,0.02,SPY201016P00326000,326.0,0,0.0,0.0,,0.0,normalDay
2020-10-16,4035.0,0.0,549.0,0,347.29,0.0,1,5.49,0.0,SPY201016P00326000,326.0,0,0.0,0.0,,0.0,expirationDay
2020-10-19,4035.0,-7.0,0.0,0,342.01,0.0,1,10.63,10.7,SPY201231P00327000,327.0,0,0.0,0.0,,0.0,normalDay
2020-10-20,4035.0,17.0,0.0,0,343.38,0.0,1,10.63,10.46,SPY201231P00327000,327.0,0,0.0,0.0,,0.0,normalDay
2020-10-21,4035.0,64.0,0.0,0,342.73,0.0,1,10.63,9.99,SPY201231P00327000,327.0,0,0.0,0.0,,0.0,normalDay
2020-10-22,4035.0,119.0,0.0,0,344.61,0.0,1,10.63,9.44,SPY201231P00327000,327.0,0,0.0,0.0,,0.0,normalDay
2020-10-23,4035.0,158.0,0.0,0,345.78,0.0,1,10.63,9.05,SPY201231P00327000,327.0,0,0.0,0.0,,0.0,normalDay
2020-10-26,4035.0,-108.0,0.0,0,339.39,0.0,1,10.63,11.71,SPY201231P00327000,327.0,0,0.0,0.0,,0.0,normalDay
2020-10-27,4035.0,-143.0,0.0,0,338.22,0.0,1,10.63,12.06,SPY201231P00327000,327.0,0,0.0,0.0,,0.0,normalDay
2020-10-28,4035.0,-800.0,0.0,0,326.66,0.0,1,10.63,18.63,SPY201231P00327000,327.0,0,0.0,0.0,,0.0,normalDay
2020-10-29,4035.0,-496.0,0.0,0,329.98,0.0,1,10.63,15.59,SPY201231P00327000,327.0,0,0.0,0.0,,0.0,normalDay
2020-10-30,4035.0,-650.0,0.0,0,326.54,0.0,1,10.63,17.13,SPY201231P00327000,327.0,0,0.0,0.0,,0.0,normalDay
2020-11-02,4035.0,-417.0,0.0,0,330.2,0.0,1,10.63,14.8,SPY201231P00327000,327.0,0,0.0,0.0,,0.0,normalDay
2020-11-03,4035.0,-178.0,0.0,0,336.03,0.0,1,10.63,12.41,SPY201231P00327000,327.0,0,0.0,0.0,,0.0,normalDay
2020-11-04,4035.0,218.0,0.0,0,343.54,0.0,1,10.63,8.45,SPY201231P00327000,327.0,0,0.0,0.0,,0.0,normalDay
2020-11-05,4035.0,401.0,0.0,0,350.24,0.0,1,10.63,6.62,SPY201231P00327000,327.0,0,0.0,0.0,,0.0,normalDay
2020-11-06,4035.0,485.0,0.0,0,350.16,0.0,1,10.63,5.78,SPY201231P00327000,327.0,0,0.0,0.0,,0.0,normalDay
2020-11-09,4035.0,611.0,0.0,0,354.56,0.0,1,10.63,4.52,SPY201231P00327000,327.0,0,0.0,0.0,,0.0,normalDay
2020-11-10,4035.0,627.0,0.0,0,354.04,0.0,1,10.63,4.36,SPY201231P00327000,327.0,0,0.0,0.0,,0.0,normalDay
2020-11-11,4035.0,697.0,0.0,0,356.67,0.0,1,10.63,3.66,SPY201231P00327000,327.0,0,0.0,0.0,,0.0,normalDay
2020-11-12,4035.0,611.0,0.0,0,353.21,0.0,1,10.63,4.52,SPY201231P00327000,327.0,0,0.0,0.0,,0.0,normalDay
2020-11-13,4035.0,724.0,0.0,0,358.1,0.0,1,10.63,3.39,SPY201231P00327000,327.0,0,0.0,0.0,,0.0,normalDay
2020-11-16,4035.0,801.0,0.0,0,362.57,0.0,1,10.63,2.62,SPY201231P00327000,327.0,0,0.0,0.0,,0.0,normalDay
2020-11-17,4035.0,794.0,0.0,0,360.62,0.0,1,10.63,2.69,SPY201231P00327000,327.0,0,0.0,0.0,,0.0,normalDay
2020-11-18,4035.0,743.0,0.0,0,356.28,0.0,1,10.63,3.2,SPY201231P00327000,327.0,0,0.0,0.0,,0.0,normalDay
2020-11-19,4035.0,785.0,0.0,0,357.78,0.0,1,10.63,2.78,SPY201231P00327000,327.0,0,0.0,0.0,,0.0,normalDay
2020-11-20,4035.0,750.0,0.0,0,355.33,0.0,1,10.63,3.13,SPY201231P00327000,327.0,0,0.0,0.0,,0.0,normalDay
2020-11-23,4035.0,815.0,0.0,0,357.46,0.0,1,10.63,2.48,SPY201231P00327000,327.0,0,0.0,0.0,,0.0,normalDay
2020-11-24,4035.0,887.0,0.0,0,363.22,0.0,1,10.63,1.76,SPY201231P00327000,327.0,0,0.0,0.0,,0.0,normalDay
2020-11-25,4035.0,895.0,0.0,0,362.66,0.0,1,10.63,1.68,SPY201231P00327000,327.0,0,0.0,0.0,,0.0,normalDay
2020-11-27,4035.0,923.0,0.0,0,363.67,0.0,1,10.63,1.4,SPY201231P00327000,327.0,0,0.0,0.0,,0.0,normalDay
2020-11-30,4035.0,939.0,0.0,0,362.06,0.0,1,10.63,1.24,SPY201231P00327000,327.0,0,0.0,0.0,,0.0,normalDay
2020-12-01,4035.0,955.0,0.0,0,366.02,0.0,1,10.63,1.08,SPY201231P00327000,327.0,0,0.0,0.0,,0.0,normalDay
2020-12-02,4035.0,961.0,0.0,0,366.79,0.0,1,10.63,1.02,SPY201231P00327000,327.0,0,0.0,0.0,,0.0,normalDay
2020-12-03,4035.0,960.0,0.0,0,366.69,0.0,1,10.63,1.03,SPY201231P00327000,327.0,0,0.0,0.0,,0.0,normalDay
2020-12-04,4035.0,988.0,0.0,0,369.85,0.0,1,10.63,0.75,SPY201231P00327000,327.0,0,0.0,0.0,,0.0,normalDay
2020-12-07,4035.0,997.0,0.0,0,369.09,0.0,1,10.63,0.66,SPY201231P00327000,327.0,0,0.0,0.0,,0.0,normalDay
2020-12-08,4035.0,1011.0,0.0,0,370.17,0.0,1,10.63,0.52,SPY201231P00327000,327.0,0,0.0,0.0,,0.0,normalDay
2020-12-09,4035.0,993.0,0.0,0,366.85,0.0,1,10.63,0.7,SPY201231P00327000,327.0,0,0.0,0.0,,0.0,normalDay
2020-12-10,4035.0,996.0,0.0,0,366.73,0.0,1,10.63,0.67,SPY201231P00327000,327.0,0,0.0,0.0,,0.0,normalDay
2020-12-11,4035.0,993.0,0.0,0,366.3,0.0,1,10.63,0.7,SPY201231P00327000,327.0,0,0.0,0.0,,0.0,normalDay
2020-12-14,4035.0,984.0,0.0,0,364.66,0.0,1,10.63,0.79,SPY201231P00327000,327.0,0,0.0,0.0,,0.0,normalDay
2020-12-15,4035.0,1015.0,0.0,0,369.59,0.0,1,10.63,0.48,SPY201231P00327000,327.0,0,0.0,0.0,,0.0,normalDay
2020-12-16,4035.0,1025.0,0.0,0,370.17,0.0,1,10.63,0.38,SPY201231P00327000,327.0,0,0.0,0.0,,0.0,normalDay
2020-12-17,4035.0,1032.0,0.0,0,372.24,0.0,1,10.63,0.31,SPY201231P00327000,327.0,0,0.0,0.0,,0.0,normalDay
2020-12-18,4035.0,1043.0,0.0,0,369.18,0.0,1,10.63,0.2,SPY201231P00327000,327.0,0,0.0,0.0,,0.0,normalDay
2020-12-21,4035.0,1038.0,0.0,0,367.86,0.0,1,10.63,0.25,SPY201231P00327000,327.0,0,0.0,0.0,,0.0,normalDay
2020-12-22,4035.0,1044.0,0.0,0,367.24,0.0,1,10.63,0.19,SPY201231P00327000,327.0,0,0.0,0.0,,0.0,normalDay
2020-12-23,4035.0,1050.0,0.0,0,367.57,0.0,1,10.63,0.13,SPY201231P00327000,327.0,0,0.0,0.0,,0.0,normalDay
2020-12-24,4035.0,1058.0,0.0,0,369.0,0.0,1,10.63,0.05,SPY201231P00327000,327.0,0,0.0,0.0,,0.0,normalDay
2020-12-28,4035.0,1061.0,0.0,0,372.17,0.0,1,10.63,0.02,SPY201231P00327000,327.0,0,0.0,0.0,,0.0,normalDay
2020-12-29,4035.0,1061.0,0.0,0,371.46,0.0,1,10.63,0.02,SPY201231P00327000,327.0,0,0.0,0.0,,0.0,normalDay
2020-12-30,4035.0,1062.0,0.0,0,371.99,0.0,1,10.63,0.01,SPY201231P00327000,327.0,0,0.0,0.0,,0.0,normalDay
2020-12-31,5098.0,0.0,1063.0,0,373.88,0.0,1,10.63,0.0,SPY201231P00327000,327.0,0,0.0,0.0,,0.0,expirationDay
2021-01-04,5098.0,-11.0,0.0,0,368.79,0.0,1,14.65,14.76,SPY210331P00366000,366.0,0,0.0,0.0,,0.0,normalDay
2021-01-05,5098.0,130.0,0.0,0,371.33,0.0,1,14.65,13.35,SPY210331P00366000,366.0,0,0.0,0.0,,0.0,normalDay
2021-01-06,5098.0,199.0,0.0,0,373.55,0.0,1,14.65,12.66,SPY210331P00366000,366.0,0,0.0,0.0,,0.0,normalDay
2021-01-07,5098.0,455.0,0.0,0,379.1,0.0,1,14.65,10.1,SPY210331P00366000,366.0,0,0.0,0.0,,0.0,normalDay
2021-01-08,5098.0,538.0,0.0,0,381.26,0.0,1,14.65,9.27,SPY210331P00366000,366.0,0,0.0,0.0,,0.0,normalDay
2021-01-11,5098.0,406.0,0.0,0,378.69,0.0,1,14.65,10.59,SPY210331P00366000,366.0,0,0.0,0.0,,0.0,normalDay
2021-01-12,5098.0,443.0,0.0,0,378.77,0.0,1,14.65,10.22,SPY210331P00366000,366.0,0,0.0,0.0,,0.0,normalDay
2021-01-13,5098.0,520.0,0.0,0,379.79,0.0,1,14.65,9.45,SPY210331P00366000,366.0,0,0.0,0.0,,0.0,normalDay
2021-01-14,5098.0,461.0,0.0,0,378.46,0.0,1,14.65,10.04,SPY210331P00366000,366.0,0,0.0,0.0,,0.0,normalDay
2021-01-15,5098.0,324.0,0.0,0,375.7,0.0,1,14.65,11.41,SPY210331P00366000,366.0,0,0.0,0.0,,0.0,normalDay
2021-01-19,5098.0,494.0,0.0,0,378.65,0.0,1,14.65,9.71,SPY210331P00366000,366.0,0,0.0,0.0,,0.0,normalDay
2021-01-20,5098.0,672.0,0.0,0,383.89,0.0,1,14.65,7.93,SPY210331P00366000,366.0,0,0.0,0.0,,0.0,normalDay
2021-01-21,5098.0,696.0,0.0,0,384.24,0.0,1,14.65,7.69,SPY210331P00366000,366.0,0,0.0,0.0,,0.0,normalDay
2021-01-22,5098.0,659.0,0.0,0,382.88,0.0,1,14.65,8.06,SPY210331P00366000,366.0,0,0.0,0.0,,0.0,normalDay
2021-01-25,5098.0,673.0,0.0,0,384.39,0.0,1,14.65,7.92,SPY210331P00366000,366.0,0,0.0,0.0,,0.0,normalDay
2021-01-26,5098.0,677.0,0.0,0,383.79,0.0,1,14.65,7.88,SPY210331P00366000,366.0,0,0.0,0.0,,0.0,normalDay
2021-01-27,5098.0,91.0,0.0,0,374.41,0.0,1,14.65,13.74,SPY210331P00366000,366.0,0,0.0,0.0,,0.0,normalDay
2021-01-28,5098.0,329.0,0.0,0,377.63,0.0,1,14.65,11.36,SPY210331P00366000,366.0,0,0.0,0.0,,0.0,normalDay
2021-01-29,5098.0,-83.0,0.0,0,370.07,0.0,1,14.65,15.48,SPY210331P00366000,366.0,0,0.0,0.0,,0.0,normalDay
2021-02-01,5098.0,292.0,0.0,0,376.23,0.0,1,14.65,11.73,SPY210331P00366000,366.0,0,0.0,0.0,,0.0,normalDay
2021-02-02,5098.0,625.0,0.0,0,381.55,0.0,1,14.65,8.4,SPY210331P00366000,366.0,0,0.0,0.0,,0.0,normalDay
2021-02-03,5098.0,708.0,0.0,0,381.85,0.0,1,14.65,7.57,SPY210331P00366000,366.0,0,0.0,0.0,,0.0,normalDay
2021-02-04,5098.0,841.0,0.0,0,386.19,0.0,1,14.65,6.24,SPY210331P00366000,366.0,0,0.0,0.0,,0.0,normalDay
2021-02-05,5098.0,894.0,0.0,0,387.71,0.0,1,14.65,5.71,SPY210331P00366000,366.0,0,0.0,0.0,,0.0,normalDay
2021-02-08,5098.0,964.0,0.0,0,390.51,0.0,1,14.65,5.01,SPY210331P00366000,366.0,0,0.0,0.0,,0.0,normalDay
2021-02-09,5098.0,968.0,0.0,0,390.25,0.0,1,14.65,4.97,SPY210331P00366000,366.0,0,0.0,0.0,,0.0,normalDay
2021-02-10,5098.0,961.0,0.0,0,390.08,0.0,1,14.65,5.04,SPY210331P00366000,366.0,0,0.0,0.0,,0.0,normalDay
2021-02-11,5098.0,995.0,0.0,0,390.71,0.0,1,14.65,4.7,SPY210331P00366000,366.0,0,0.0,0.0,,0.0,normalDay
2021-02-12,5098.0,1073.0,0.0,0,392.64,0.0,1,14.65,3.92,SPY210331P00366000,366.0,0,0.0,0.0,,0.0,normalDay
2021-02-16,5098.0,1074.0,0.0,0,392.3,0.0,1,14.65,3.91,SPY210331P00366000,366.0,0,0.0,0.0,,0.0,normalDay
2021-02-17,5098.0,1094.0,0.0,0,392.39,0.0,1,14.65,3.71,SPY210331P00366000,366.0,0,0.0,0.0,,0.0,normalDay
2021-02-18,5098.0,1056.0,0.0,0,390.72,0.0,1,14.65,4.09,SPY210331P00366000,366.0,0,0.0,0.0,,0.0,normalDay
2021-02-19,5098.0,1066.0,0.0,0,390.03,0.0,1,14.65,3.99,SPY210331P00366000,366.0,0,0.0,0.0,,0.0,normalDay
2021-02-22,5098.0,1017.0,0.0,0,387.03,0.0,1,14.65,4.48,SPY210331P00366000,366.0,0,0.0,0.0,,0.0,normalDay
2021-02-23,5098.0,1049.0,0.0,0,387.5,0.0,1,14.65,4.16,SPY210331P00366000,366.0,0,0.0,0.0,,0.0,normalDay
2021-02-24,5098.0,1163.0,0.0,0,391.77,0.0,1,14.65,3.02,SPY210331P00366000,366.0,0,0.0,0.0,,0.0,normalDay
2021-02-25,5098.0,856.0,0.0,0,382.33,0.0,1,14.65,6.09,SPY210331P00366000,366.0,0,0.0,0.0,,0.0,normalDay
2021-02-26,5098.0,846.0,0.0,0,380.36,0.0,1,14.65,6.19,SPY210331P00366000,366.0,0,0.0,0.0,,0.0,normalDay
2021-03-01,5098.0,1148.0,0.0,0,389.58,0.0,1,14.65,3.17,SPY210331P00366000,366.0,0,0.0,0.0,,0.0,normalDay
2021-03-02,5098.0,1087.0,0.0,0,386.54,0.0,1,14.65,3.78,SPY210331P00366000,366.0,0,0.0,0.0,,0.0,normalDay
2021-03-03,5098.0,962.0,0.0,0,381.42,0.0,1,14.65,5.03,SPY210331P00366000,366.0,0,0.0,0.0,,0.0,normalDay
2021-03-04,5098.0,808.0,0.0,0,376.7,0.0,1,14.65,6.57,SPY210331P00366000,366.0,0,0.0,0.0,,0.0,normalDay
2021-03-05,5098.0,1068.0,0.0,0,383.63,0.0,1,14.65,3.97,SPY210331P00366000,366.0,0,0.0,0.0,,0.0,normalDay
2021-03-08,5098.0,1039.0,0.0,0,381.72,0.0,1,14.65,4.26,SPY210331P00366000,366.0,0,0.0,0.0,,0.0,normalDay
2021-03-09,5098.0,1177.0,0.0,0,387.17,0.0,1,14.65,2.88,SPY210331P00366000,366.0,0,0.0,0.0,,0.0,normalDay
2021-03-10,5098.0,1258.0,0.0,0,389.58,0.0,1,14.65,2.07,SPY210331P00366000,366.0,0,0.0,0.0,,0.0,normalDay
2021-03-11,5098.0,1311.0,0.0,0,393.53,0.0,1,14.65,1.54,SPY210331P00366000,366.0,0,0.0,0.0,,0.0,normalDay
2021-03-12,5098.0,1357.0,0.0,0,394.06,0.0,1,14.65,1.08,SPY210331P00366000,366.0,0,0.0,0.0,,0.0,normalDay
2021-03-15,5098.0,1392.0,0.0,0,396.41,0.0,1,14.65,0.73,SPY210331P00366000,366.0,0,0.0,0.0,,0.0,normalDay
2021-03-16,5098.0,1394.0,0.0,0,395.91,0.0,1,14.65,0.71,SPY210331P00366000,366.0,0,0.0,0.0,,0.0,normalDay
2021-03-17,5098.0,1416.0,0.0,0,397.26,0.0,1,14.65,0.49,SPY210331P00366000,366.0,0,0.0,0.0,,0.0,normalDay
2021-03-18,5098.0,1383.0,0.0,0,391.48,0.0,1,14.65,0.82,SPY210331P00366000,366.0,0,0.0,0.0,,0.0,normalDay
2021-03-19,5098.0,1392.0,0.0,0,389.48,0.0,1,14.65,0.73,SPY210331P00366000,366.0,0,0.0,0.0,,0.0,normalDay
2021-03-22,5098.0,1440.0,0.0,0,392.59,0.0,1,14.65,0.25,SPY210331P00366000,366.0,0,0.0,0.0,,0.0,normalDay
2021-03-23,5098.0,1426.0,0.0,0,389.5,0.0,1,14.65,0.39,SPY210331P00366000,366.0,0,0.0,0.0,,0.0,normalDay
2021-03-24,5098.0,1427.0,0.0,0,387.52,0.0,1,14.65,0.38,SPY210331P00366000,366.0,0,0.0,0.0,,0.0,normalDay
2021-03-25,5098.0,1447.0,0.0,0,389.7,0.0,1,14.65,0.18,SPY210331P00366000,366.0,0,0.0,0.0,,0.0,normalDay
2021-03-26,5098.0,1458.0,0.0,0,395.98,0.0,1,14.65,0.07,SPY210331P00366000,366.0,0,0.0,0.0,,0.0,normalDay
2021-03-29,5098.0,1462.0,0.0,0,395.78,0.0,1,14.65,0.03,SPY210331P00366000,366.0,0,0.0,0.0,,0.0,normalDay
2021-03-30,5098.0,1464.0,0.0,0,394.73,0.0,1,14.65,0.01,SPY210331P00366000,366.0,0,0.0,0.0,,0.0,normalDay
2021-03-31,6563.0,0.0,1465.0,0,396.33,0.0,1,14.65,0.0,SPY210331P00366000,366.0,0,0.0,0.0,,0.0,expirationDay
2021-04-01,6563.0,-5.0,0.0,0,400.61,0.0,1,7.28,7.33,SPY210618P00386000,386.0,0,0.0,0.0,,0.0,normalDay
2021-04-05,6563.0,133.0,0.0,0,406.36,0.0,1,7.28,5.95,SPY210618P00386000,386.0,0,0.0,0.0,,0.0,normalDay
2021-04-06,6563.0,121.0,0.0,0,406.12,0.0,1,7.28,6.07,SPY210618P00386000,386.0,0,0.0,0.0,,0.0,normalDay
2021-04-07,6563.0,162.0,0.0,0,406.59,0.0,1,7.28,5.66,SPY210618P00386000,386.0,0,0.0,0.0,,0.0,normalDay
2021-04-08,6563.0,196.0,0.0,0,408.52,0.0,1,7.28,5.32,SPY210618P00386000,386.0,0,0.0,0.0,,0.0,normalDay
2021-04-09,6563.0,233.0,0.0,0,411.49,0.0,1,7.28,4.95,SPY210618P00386000,386.0,0,0.0,0.0,,0.0,normalDay
2021-04-12,6563.0,258.0,0.0,0,411.64,0.0,1,7.28,4.7,SPY210618P00386000,386.0,0,0.0,0.0,,0.0,normalDay
2021-04-13,6563.0,295.0,0.0,0,412.86,0.0,1,7.28,4.33,SPY210618P00386000,386.0,0,0.0,0.0,,0.0,normalDay
2021-04-14,6563.0,273.0,0.0,0,411.45,0.0,1,7.28,4.55,SPY210618P00386000,386.0,0,0.0,0.0,,0.0,normalDay
2021-04-15,6563.0,343.0,0.0,0,415.87,0.0,1,7.28,3.85,SPY210618P00386000,386.0,0,0.0,0.0,,0.0,normalDay
2021-04-16,6563.0,367.0,0.0,0,417.26,0.0,1,7.28,3.61,SPY210618P00386000,386.0,0,0.0,0.0,,0.0,normalDay
2021-04-19,6563.0,324.0,0.0,0,415.21,0.0,1,7.28,4.04,SPY210618P00386000,386.0,0,0.0,0.0,,0.0,normalDay
2021-04-20,6563.0,243.0,0.0,0,412.17,0.0,1,7.28,4.85,SPY210618P00386000,386.0,0,0.0,0.0,,0.0,normalDay
2021-04-21,6563.0,346.0,0.0,0,416.07,0.0,1,7.28,3.82,SPY210618P00386000,386.0,0,0.0,0.0,,0.0,normalDay
2021-04-22,6563.0,256.0,0.0,0,412.27,0.0,1,7.28,4.72,SPY210618P00386000,386.0,0,0.0,0.0,,0.0,normalDay
2021-04-23,6563.0,367.0,0.0,0,416.74,0.0,1,7.28,3.61,SPY210618P00386000,386.0,0,0.0,0.0,,0.0,normalDay
2021-04-26,6563.0,399.0,0.0,0,417.61,0.0,1,7.28,3.29,SPY210618P00386000,386.0,0,0.0,0.0,,0.0,normalDay
2021-04-27,6563.0,409.0,0.0,0,417.52,0.0,1,7.28,3.19,SPY210618P00386000,386.0,0,0.0,0.0,,0.0,normalDay
2021-04-28,6563.0,430.0,0.0,0,417.4,0.0,1,7.28,2.98,SPY210618P00386000,386.0,0,0.0,0.0,,0.0,normalDay
2021-04-29,6563.0,449.0,0.0,0,420.06,0.0,1,7.28,2.79,SPY210618P00386000,386.0,0,0.0,0.0,,0.0,normalDay
2021-04-30,6563.0,409.0,0.0,0,417.3,0.0,1,7.28,3.19,SPY210618P00386000,386.0,0,0.0,0.0,,0.0,normalDay
2021-05-03,6563.0,445.0,0.0,0,418.2,0.0,1,7.28,2.83,SPY210618P00386000,386.0,0,0.0,0.0,,0.0,normalDay
2021-05-04,6563.0,391.0,0.0,0,415.62,0.0,1,7.28,3.37,SPY210618P00386000,386.0,0,0.0,0.0,,0.0,normalDay
2021-05-05,6563.0,409.0,0.0,0,415.75,0.0,1,7.28,3.19,SPY210618P00386000,386.0,0,0.0,0.0,,0.0,normalDay
2021-05-06,6563.0,472.0,0.0,0,419.07,0.0,1,7.28,2.56,SPY210618P00386000,386.0,0,0.0,0.0,,0.0,normalDay
2021-05-07,6563.0,534.0,0.0,0,422.12,0.0,1,7.28,1.94,SPY210618P00386000,386.0,0,0.0,0.0,,0.0,normalDay
2021-05-10,6563.0,463.0,0.0,0,417.94,0.0,1,7.28,2.65,SPY210618P00386000,386.0,0,0.0,0.0,,0.0,normalDay
2021-05-11,6563.0,385.0,0.0,0,414.21,0.0,1,7.28,3.43,SPY210618P00386000,386.0,0,0.0,0.0,,0.0,normalDay
2021-05-12,6563.0,98.0,0.0,0,405.41,0.0,1,7.28,6.3,SPY210618P00386000,386.0,0,0.0,0.0,,0.0,normalDay
2021-05-13,6563.0,302.0,0.0,0,410.28,0.0,1,7.28,4.26,SPY210618P00386000,386.0,0,0.0,0.0,,0.0,normalDay
2021-05-14,6563.0,502.0,0.0,0,416.58,0.0,1,7.28,2.26,SPY210618P00386000,386.0,0,0.0,0.0,,0.0,normalDay
2021-05-17,6563.0,492.0,0.0,0,415.52,0.0,1,7.28,2.36,SPY210618P00386000,386.0,0,0.0,0.0,,0.0,normalDay
2021-05-18,6563.0,428.0,0.0,0,411.94,0.0,1,7.28,3.0,SPY210618P00386000,386.0,0,0.0,0.0,,0.0,normalDay
2021-05-19,6563.0,414.0,0.0,0,410.86,0.0,1,7.28,3.14,SPY210618P00386000,386.0,0,0.0,0.0,,0.0,normalDay
2021-05-20,6563.0,498.0,0.0,0,415.28,0.0,1,7.28,2.3,SPY210618P00386000,386.0,0,0.0,0.0,,0.0,normalDay
2021-05-21,6563.0,516.0,0.0,0,414.94,0.0,1,7.28,2.12,SPY210618P00386000,386.0,0,0.0,0.0,,0.0,normalDay
2021-05-24,6563.0,601.0,0.0,0,419.17,0.0,1,7.28,1.27,SPY210618P00386000,386.0,0,0.0,0.0,,0.0,normalDay
2021-05-25,6563.0,599.0,0.0,0,418.24,0.0,1,7.28,1.29,SPY210618P00386000,386.0,0,0.0,0.0,,0.0,normalDay
2021-05-26,6563.0,633.0,0.0,0,419.07,0.0,1,7.28,0.95,SPY210618P00386000,386.0,0,0.0,0.0,,0.0,normalDay
2021-05-27,6563.0,650.0,0.0,0,419.29,0.0,1,7.28,0.78,SPY210618P00386000,386.0,0,0.0,0.0,,0.0,normalDay
2021-05-28,6563.0,655.0,0.0,0,420.04,0.0,1,7.28,0.73,SPY210618P00386000,386.0,0,0.0,0.0,,0.0,normalDay
2021-06-01,6563.0,661.0,0.0,0,419.67,0.0,1,7.28,0.67,SPY210618P00386000,386.0,0,0.0,0.0,,0.0,normalDay
2021-06-02,6563.0,677.0,0.0,0,420.33,0.0,1,7.28,0.51,SPY210618P00386000,386.0,0,0.0,0.0,,0.0,normalDay
2021-06-03,6563.0,676.0,0.0,0,418.77,0.0,1,7.28,0.52,SPY210618P00386000,386.0,0,0.0,0.0,,0.0,normalDay
2021-06-04,6563.0,698.0,0.0,0,422.6,0.0,1,7.28,0.3,SPY210618P00386000,386.0,0,0.0,0.0,,0.0,normalDay
2021-06-07,6563.0,706.0,0.0,0,422.19,0.0,1,7.28,0.22,SPY210618P00386000,386.0,0,0.0,0.0,,0.0,normalDay
2021-06-08,6563.0,703.0,0.0,0,422.28,0.0,1,7.28,0.25,SPY210618P00386000,386.0,0,0.0,0.0,,0.0,normalDay
2021-06-09,6563.0,699.0,0.0,0,421.65,0.0,1,7.28,0.29,SPY210618P00386000,386.0,0,0.0,0.0,,0.0,normalDay
2021-06-10,6563.0,712.0,0.0,0,423.61,0.0,1,7.28,0.16,SPY210618P00386000,386.0,0,0.0,0.0,,0.0,normalDay
2021-06-11,6563.0,715.0,0.0,0,424.31,0.0,1,7.28,0.13,SPY210618P00386000,386.0,0,0.0,0.0,,0.0,normalDay
2021-06-14,6563.0,720.0,0.0,0,425.26,0.0,1,7.28,0.08,SPY210618P00386000,386.0,0,0.0,0.0,,0.0,normalDay
2021-06-15,6563.0,719.0,0.0,0,424.48,0.0,1,7.28,0.09,SPY210618P00386000,386.0,0,0.0,0.0,,0.0,normalDay
2021-06-16,6563.0,716.0,0.0,0,422.11,0.0,1,7.28,0.12,SPY210618P00386000,386.0,0,0.0,0.0,,0.0,normalDay
2021-06-17,6563.0,724.0,0.0,0,421.97,0.0,1,7.28,0.04,SPY210618P00386000,386.0,0,0.0,0.0,,0.0,normalDay
2021-06-18,7291.0,0.0,728.0,0,414.92,0.0,1,7.28,0.0,SPY210618P00386000,386.0,0,0.0,0.0,,0.0,expirationDay
2021-06-21,7291.0,-4.0,0.0,0,420.86,0.0,1,8.59,8.63,SPY210820P00418000,418.0,0,0.0,0.0,,0.0,normalDay
2021-06-22,7291.0,111.0,0.0,0,423.11,0.0,1,8.59,7.48,SPY210820P00418000,418.0,0,0.0,0.0,,0.0,normalDay
2021-06-23,7291.0,132.0,0.0,0,422.6,0.0,1,8.59,7.27,SPY210820P00418000,418.0,0,0.0,0.0,,0.0,normalDay
2021-06-24,7291.0,222.0,0.0,0,425.1,0.0,1,8.59,6.37,SPY210820P00418000,418.0,0,0.0,0.0,,0.0,normalDay
2021-06-25,7291.0,291.0,0.0,0,426.61,0.0,1,8.59,5.68,SPY210820P00418000,418.0,0,0.0,0.0,,0.0,normalDay
2021-06-28,7291.0,328.0,0.0,0,427.47,0.0,1,8.59,5.31,SPY210820P00418000,418.0,0,0.0,0.0,,0.0,normalDay
2021-06-29,7291.0,339.0,0.0,0,427.7,0.0,1,8.59,5.2,SPY210820P00418000,418.0,0,0.0,0.0,,0.0,normalDay
2021-06-30,7291.0,362.0,0.0,0,428.06,0.0,1,8.59,4.97,SPY210820P00418000,418.0,0,0.0,0.0,,0.0,normalDay
2021-07-01,7291.0,408.0,0.0,0,430.43,0.0,1,8.59,4.51,SPY210820P00418000,418.0,0,0.0,0.0,,0.0,normalDay
2021-07-02,7291.0,475.0,0.0,0,433.72,0.0,1,8.59,3.84,SPY210820P00418000,418.0,0,0.0,0.0,,0.0,normalDay
2021-07-06,7291.0,449.0,0.0,0,432.93,0.0,1,8.59,4.1,SPY210820P00418000,418.0,0,0.0,0.0,,0.0,normalDay
2021-07-07,7291.0,478.0,0.0,0,434.46,0.0,1,8.59,3.81,SPY210820P00418000,418.0,0,0.0,0.0,,0.0,normalDay
2021-07-08,7291.0,342.0,0.0,0,430.92,0.0,1,8.59,5.17,SPY210820P00418000,418.0,0,0.0,0.0,,0.0,normalDay
2021-07-09,7291.0,514.0,0.0,0,435.52,0.0,1,8.59,3.45,SPY210820P00418000,418.0,0,0.0,0.0,,0.0,normalDay
2021-07-12,7291.0,556.0,0.0,0,437.08,0.0,1,8.59,3.03,SPY210820P00418000,418.0,0,0.0,0.0,,0.0,normalDay
2021-07-13,7291.0,504.0,0.0,0,435.59,0.0,1,8.59,3.55,SPY210820P00418000,418.0,0,0.0,0.0,,0.0,normalDay
2021-07-14,7291.0,552.0,0.0,0,436.24,0.0,1,8.59,3.07,SPY210820P00418000,418.0,0,0.0,0.0,,0.0,normalDay
2021-07-15,7291.0,515.0,0.0,0,434.75,0.0,1,8.59,3.44,SPY210820P00418000,418.0,0,0.0,0.0,,0.0,normalDay
2021-07-16,7291.0,429.0,0.0,0,431.34,0.0,1,8.59,4.3,SPY210820P00418000,418.0,0,0.0,0.0,,0.0,normalDay
2021-07-19,7291.0,197.0,0.0,0,424.97,0.0,1,8.59,6.62,SPY210820P00418000,418.0,0,0.0,0.0,,0.0,normalDay
2021-07-20,7291.0,419.0,0.0,0,431.06,0.0,1,8.59,4.4,SPY210820P00418000,418.0,0,0.0,0.0,,0.0,normalDay
2021-07-21,7291.0,552.0,0.0,0,434.55,0.0,1,8.59,3.07,SPY210820P00418000,418.0,0,0.0,0.0,,0.0,normalDay
2021-07-22,7291.0,578.0,0.0,0,435.46,0.0,1,8.59,2.81,SPY210820P00418000,418.0,0,0.0,0.0,,0.0,normalDay
2021-07-23,7291.0,651.0,0.0,0,439.94,0.0,1,8.59,2.08,SPY210820P00418000,418.0,0,0.0,0.0,,0.0,normalDay
2021-07-26,7291.0,686.0,0.0,0,441.02,0.0,1,8.59,1.73,SPY210820P00418000,418.0,0,0.0,0.0,,0.0,normalDay
2021-07-27,7291.0,631.0,0.0,0,439.01,0.0,1,8.59,2.28,SPY210820P00418000,418.0,0,0.0,0.0,,0.0,normalDay
2021-07-28,7291.0,666.0,0.0,0,438.83,0.0,1,8.59,1.93,SPY210820P00418000,418.0,0,0.0,0.0,,0.0,normalDay
2021-07-29,7291.0,712.0,0.0,0,440.65,0.0,1,8.59,1.47,SPY210820P00418000,418.0,0,0.0,0.0,,0.0,normalDay
2021-07-30,7291.0,692.0,0.0,0,438.51,0.0,1,8.59,1.67,SPY210820P00418000,418.0,0,0.0,0.0,,0.0,normalDay
2021-08-02,7291.0,687.0,0.0,0,437.59,0.0,1,8.59,1.72,SPY210820P00418000,418.0,0,0.0,0.0,,0.0,normalDay
2021-08-03,7291.0,757.0,0.0,0,441.15,0.0,1,8.59,1.02,SPY210820P00418000,418.0,0,0.0,0.0,,0.0,normalDay
2021-08-04,7291.0,754.0,0.0,0,438.98,0.0,1,8.59,1.05,SPY210820P00418000,418.0,0,0.0,0.0,,0.0,normalDay
2021-08-05,7291.0,785.0,0.0,0,441.76,0.0,1,8.59,0.74,SPY210820P00418000,418.0,0,0.0,0.0,,0.0,normalDay
2021-08-06,7291.0,816.0,0.0,0,442.49,0.0,1,8.59,0.43,SPY210820P00418000,418.0,0,0.0,0.0,,0.0,normalDay
2021-08-09,7291.0,822.0,0.0,0,442.13,0.0,1,8.59,0.37,SPY210820P00418000,418.0,0,0.0,0.0,,0.0,normalDay
2021-08-10,7291.0,823.0,0.0,0,442.68,0.0,1,8.59,0.36,SPY210820P00418000,418.0,0,0.0,0.0,,0.0,normalDay
2021-08-11,7291.0,840.0,0.0,0,443.78,0.0,1,8.59,0.19,SPY210820P00418000,418.0,0,0.0,0.0,,0.0,normalDay
2021-08-12,7291.0,844.0,0.0,0,445.11,0.0,1,8.59,0.15,SPY210820P00418000,418.0,0,0.0,0.0,,0.0,normalDay
2021-08-13,7291.0,847.0,0.0,0,445.92,0.0,1,8.59,0.12,SPY210820P00418000,418.0,0,0.0,0.0,,0.0,normalDay
2021-08-16,7291.0,851.0,0.0,0,446.97,0.0,1,8.59,0.08,SPY210820P00418000,418.0,0,0.0,0.0,,0.0,normalDay
2021-08-17,7291.0,848.0,0.0,0,444.04,0.0,1,8.59,0.11,SPY210820P00418000,418.0,0,0.0,0.0,,0.0,normalDay
2021-08-18,7291.0,832.0,0.0,0,439.18,0.0,1,8.59,0.27,SPY210820P00418000,418.0,0,0.0,0.0,,0.0,normalDay
2021-08-19,7291.0,852.0,0.0,0,439.86,0.0,1,8.59,0.07,SPY210820P00418000,418.0,0,0.0,0.0,,0.0,normalDay
2021-08-20,8150.0,0.0,859.0,0,443.36,0.0,1,8.59,0.0,SPY210820P00418000,418.0,0,0.0,0.0,,0.0,expirationDay
2021-08-23,8150.0,-4.0,0.0,0,447.26,0.0,1,6.93,6.97,SPY211015P00438000,438.0,0,0.0,0.0,,0.0,normalDay
2021-08-24,8150.0,17.0,0.0,0,447.97,0.0,1,6.93,6.76,SPY211015P00438000,438.0,0,0.0,0.0,,0.0,normalDay
2021-08-25,8150.0,75.0,0.0,0,448.91,0.0,1,6.93,6.18,SPY211015P00438000,438.0,0,0.0,0.0,,0.0,normalDay
2021-08-26,8150.0,-44.0,0.0,0,446.26,0.0,1,6.93,7.37,SPY211015P00438000,438.0,0,0.0,0.0,,0.0,normalDay
2021-08-27,8150.0,138.0,0.0,0,450.25,0.0,1,6.93,5.55,SPY211015P00438000,438.0,0,0.0,0.0,,0.0,normalDay
2021-08-30,8150.0,201.0,0.0,0,452.23,0.0,1,6.93,4.92,SPY211015P00438000,438.0,0,0.0,0.0,,0.0,normalDay
2021-08-31,8150.0,202.0,0.0,0,451.56,0.0,1,6.93,4.91,SPY211015P00438000,438.0,0,0.0,0.0,,0.0,normalDay
2021-09-01,8150.0,231.0,0.0,0,451.8,0.0,1,6.93,4.62,SPY211015P00438000,438.0,0,0.0,0.0,,0.0,normalDay
2021-09-02,8150.0,261.0,0.0,0,453.19,0.0,1,6.93,4.32,SPY211015P00438000,438.0,0,0.0,0.0,,0.0,normalDay
2021-09-03,8150.0,263.0,0.0,0,453.08,0.0,1,6.93,4.3,SPY211015P00438000,438.0,0,0.0,0.0,,0.0,normalDay
2021-09-07,8150.0,221.0,0.0,0,451.46,0.0,1,6.93,4.72,SPY211015P00438000,438.0,0,0.0,0.0,,0.0,normalDay
2021-09-08,8150.0,221.0,0.0,0,450.91,0.0,1,6.93,4.72,SPY211015P00438000,438.0,0,0.0,0.0,,0.0,normalDay
2021-09-09,8150.0,150.0,0.0,0,448.98,0.0,1,6.93,5.43,SPY211015P00438000,438.0,0,0.0,0.0,,0.0,normalDay
2021-09-10,8150.0,36.0,0.0,0,445.44,0.0,1,6.93,6.57,SPY211015P00438000,438.0,0,0.0,0.0,,0.0,normalDay
2021-09-13,8150.0,145.0,0.0,0,446.58,0.0,1,6.93,5.48,SPY211015P00438000,438.0,0,0.0,0.0,,0.0,normalDay
2021-09-14,8150.0,72.0,0.0,0,444.17,0.0,1,6.93,6.21,SPY211015P00438000,438.0,0,0.0,0.0,,0.0,normalDay
2021-09-15,8150.0,234.0,0.0,0,447.88,0.0,1,6.93,4.59,SPY211015P00438000,438.0,0,0.0,0.0,,0.0,normalDay
2021-09-16,8150.0,207.0,0.0,0,447.17,0.0,1,6.93,4.86,SPY211015P00438000,438.0,0,0.0,0.0,,0.0,normalDay
2021-09-17,8150.0,20.0,0.0,0,441.4,0.0,1,6.93,6.73,SPY211015P00438000,438.0,0,0.0,0.0,,0.0,normalDay
2021-09-20,8150.0,-369.0,0.0,0,434.04,0.0,1,6.93,10.62,SPY211015P00438000,438.0,0,0.0,0.0,,0.0,normalDay
2021-09-21,8150.0,-355.0,0.0,0,433.63,0.0,1,6.93,10.48,SPY211015P00438000,438.0,0,0.0,0.0,,0.0,normalDay
2021-09-22,8150.0,-23.0,0.0,0,437.86,0.0,1,6.93,7.16,SPY211015P00438000,438.0,0,0.0,0.0,,0.0,normalDay
2021-09-23,8150.0,241.0,0.0,0,443.18,0.0,1,6.93,4.52,SPY211015P00438000,438.0,0,0.0,0.0,,0.0,normalDay
2021-09-24,8150.0,305.0,0.0,0,443.91,0.0,1,6.93,3.88,SPY211015P00438000,438.0,0,0.0,0.0,,0.0,normalDay
2021-09-27,8150.0,280.0,0.0,0,442.64,0.0,1,6.93,4.13,SPY211015P00438000,438.0,0,0.0,0.0,,0.0,normalDay
2021-09-28,8150.0,-178.0,0.0,0,433.72,0.0,1,6.93,8.71,SPY211015P00438000,438.0,0,0.0,0.0,,0.0,normalDay
2021-09-29,8150.0,-110.0,0.0,0,434.45,0.0,1,6.93,8.03,SPY211015P00438000,438.0,0,0.0,0.0,,0.0,normalDay
2021-09-30,8150.0,-402.0,0.0,0,429.14,0.0,1,6.93,10.95,SPY211015P00438000,438.0,0,0.0,0.0,,0.0,normalDay
2021-10-01,8150.0,-49.0,0.0,0,434.24,0.0,1,6.93,7.42,SPY211015P00438000,438.0,0,0.0,0.0,,0.0,normalDay
2021-10-04,8150.0,-405.0,0.0,0,428.64,0.0,1,6.93,10.98,SPY211015P00438000,438.0,0,0.0,0.0,,0.0,normalDay
2021-10-05,8150.0,-57.0,0.0,0,433.1,0.0,1,6.93,7.5,SPY211015P00438000,438.0,0,0.0,0.0,,0.0,normalDay
2021-10-06,8150.0,51.0,0.0,0,434.9,0.0,1,6.93,6.42,SPY211015P00438000,438.0,0,0.0,0.0,,0.0,normalDay
2021-10-07,8150.0,314.0,0.0,0,438.66,0.0,1,6.93,3.79,SPY211015P00438000,438.0,0,0.0,0.0,,0.0,normalDay
2021-10-08,8150.0,307.0,0.0,0,437.86,0.0,1,6.93,3.86,SPY211015P00438000,438.0,0,0.0,0.0,,0.0,normalDay
2021-10-11,8150.0,165.0,0.0,0,434.69,0.0,1,6.93,5.28,SPY211015P00438000,438.0,0,0.0,0.0,,0.0,normalDay
2021-10-12,8150.0,85.0,0.0,0,433.62,0.0,1,6.93,6.08,SPY211015P00438000,438.0,0,0.0,0.0,,0.0,normalDay
2021-10-13,8150.0,324.0,0.0,0,435.18,0.0,1,6.93,3.69,SPY211015P00438000,438.0,0,0.0,0.0,,0.0,normalDay
2021-10-14,8150.0,665.0,0.0,0,442.5,0.0,1,6.93,0.28,SPY211015P00438000,438.0,0,0.0,0.0,,0.0,normalDay
2021-10-15,8843.0,0.0,693.0,0,445.87,0.0,1,6.93,0.0,SPY211015P00438000,438.0,0,0.0,0.0,,0.0,expirationDay
2021-10-18,8843.0,-5.0,0.0,0,447.19,0.0,1,7.52,7.57,SPY211231P00430000,430.0,0,0.0,0.0,,0.0,normalDay
2021-10-19,8843.0,106.0,0.0,0,450.64,0.0,1,7.52,6.46,SPY211231P00430000,430.0,0,0.0,0.0,,0.0,normalDay
2021-10-20,8843.0,133.0,0.0,0,452.41,0.0,1,7.52,6.19,SPY211231P00430000,430.0,0,0.0,0.0,,0.0,normalDay
2021-10-21,8843.0,181.0,0.0,0,453.59,0.0,1,7.52,5.71,SPY211231P00430000,430.0,0,0.0,0.0,,0.0,normalDay
2021-10-22,8843.0,144.0,0.0,0,453.12,0.0,1,7.52,6.08,SPY211231P00430000,430.0,0,0.0,0.0,,0.0,normalDay
2021-10-25,8843.0,217.0,0.0,0,455.55,0.0,1,7.52,5.35,SPY211231P00430000,430.0,0,0.0,0.0,,0.0,normalDay
2021-10-26,8843.0,222.0,0.0,0,455.96,0.0,1,7.52,5.3,SPY211231P00430000,430.0,0,0.0,0.0,,0.0,normalDay
2021-10-27,8843.0,153.0,0.0,0,453.94,0.0,1,7.52,5.99,SPY211231P00430000,430.0,0,0.0,0.0,,0.0,normalDay
2021-10-28,8843.0,247.0,0.0,0,458.32,0.0,1,7.52,5.05,SPY211231P00430000,430.0,0,0.0,0.0,,0.0,normalDay
2021-10-29,8843.0,272.0,0.0,0,459.25,0.0,1,7.52,4.8,SPY211231P00430000,430.0,0,0.0,0.0,,0.0,normalDay
2021-11-01,8843.0,304.0,0.0,0,460.04,0.0,1,7.52,4.48,SPY211231P00430000,430.0,0,0.0,0.0,,0.0,normalDay
2021-11-02,8843.0,343.0,0.0,0,461.9,0.0,1,7.52,4.09,SPY211231P00430000,430.0,0,0.0,0.0,,0.0,normalDay
2021-11-03,8843.0,410.0,0.0,0,464.72,0.0,1,7.52,3.42,SPY211231P00430000,430.0,0,0.0,0.0,,0.0,normalDay
2021-11-04,8843.0,438.0,0.0,0,466.91,0.0,1,7.52,3.14,SPY211231P00430000,430.0,0,0.0,0.0,,0.0,normalDay
2021-11-05,8843.0,435.0,0.0,0,468.53,0.0,1,7.52,3.17,SPY211231P00430000,430.0,0,0.0,0.0,,0.0,normalDay
2021-11-08,8843.0,435.0,0.0,0,468.93,0.0,1,7.52,3.17,SPY211231P00430000,430.0,0,0.0,0.0,,0.0,normalDay
2021-11-09,8843.0,417.0,0.0,0,467.38,0.0,1,7.52,3.35,SPY211231P00430000,430.0,0,0.0,0.0,,0.0,normalDay
2021-11-10,8843.0,366.0,0.0,0,463.62,0.0,1,7.52,3.86,SPY211231P00430000,430.0,0,0.0,0.0,,0.0,normalDay
2021-11-11,8843.0,414.0,0.0,0,463.77,0.0,1,7.52,3.38,SPY211231P00430000,430.0,0,0.0,0.0,,0.0,normalDay
2021-11-12,8843.0,481.0,0.0,0,467.27,0.0,1,7.52,2.71,SPY211231P00430000,430.0,0,0.0,0.0,,0.0,normalDay
2021-11-15,8843.0,495.0,0.0,0,467.43,0.0,1,7.52,2.57,SPY211231P00430000,430.0,0,0.0,0.0,,0.0,normalDay
2021-11-16,8843.0,519.0,0.0,0,469.28,0.0,1,7.52,2.33,SPY211231P00430000,430.0,0,0.0,0.0,,0.0,normalDay
2021-11-17,8843.0,500.0,0.0,0,468.14,0.0,1,7.52,2.52,SPY211231P00430000,430.0,0,0.0,0.0,,0.0,normalDay
2021-11-18,8843.0,512.0,0.0,0,469.73,0.0,1,7.52,2.4,SPY211231P00430000,430.0,0,0.0,0.0,,0.0,normalDay
2021-11-19,8843.0,505.0,0.0,0,468.89,0.0,1,7.52,2.47,SPY211231P00430000,430.0,0,0.0,0.0,,0.0,normalDay
2021-11-22,8843.0,489.0,0.0,0,467.57,0.0,1,7.52,2.63,SPY211231P00430000,430.0,0,0.0,0.0,,0.0,normalDay
2021-11-23,8843.0,509.0,0.0,0,468.19,0.0,1,7.52,2.43,SPY211231P00430000,430.0,0,0.0,0.0,,0.0,normalDay
2021-11-24,8843.0,542.0,0.0,0,469.44,0.0,1,7.52,2.1,SPY211231P00430000,430.0,0,0.0,0.0,,0.0,normalDay
2021-11-26,8843.0,89.0,0.0,0,458.97,0.0,1,7.52,6.63,SPY211231P00430000,430.0,0,0.0,0.0,,0.0,normalDay
2021-11-29,8843.0,443.0,0.0,0,464.6,0.0,1,7.52,3.09,SPY211231P00430000,430.0,0,0.0,0.0,,0.0,normalDay
2021-11-30,8843.0,267.0,0.0,0,455.56,0.0,1,7.52,4.85,SPY211231P00430000,430.0,0,0.0,0.0,,0.0,normalDay
2021-12-01,8843.0,20.0,0.0,0,450.5,0.0,1,7.52,7.32,SPY211231P00430000,430.0,0,0.0,0.0,,0.0,normalDay
2021-12-02,8843.0,259.0,0.0,0,457.4,0.0,1,7.52,4.93,SPY211231P00430000,430.0,0,0.0,0.0,,0.0,normalDay
2021-12-03,8843.0,144.0,0.0,0,453.42,0.0,1,7.52,6.08,SPY211231P00430000,430.0,0,0.0,0.0,,0.0,normalDay
2021-12-06,8843.0,361.0,0.0,0,458.79,0.0,1,7.52,3.91,SPY211231P00430000,430.0,0,0.0,0.0,,0.0,normalDay
2021-12-07,8843.0,574.0,0.0,0,468.28,0.0,1,7.52,1.78,SPY211231P00430000,430.0,0,0.0,0.0,,0.0,normalDay
2021-12-08,8843.0,634.0,0.0,0,469.52,0.0,1,7.52,1.18,SPY211231P00430000,430.0,0,0.0,0.0,,0.0,normalDay
2021-12-09,8843.0,595.0,0.0,0,466.35,0.0,1,7.52,1.57,SPY211231P00430000,430.0,0,0.0,0.0,,0.0,normalDay
2021-12-10,8843.0,665.0,0.0,0,470.74,0.0,1,7.52,0.87,SPY211231P00430000,430.0,0,0.0,0.0,,0.0,normalDay
2021-12-13,8843.0,655.0,0.0,0,466.57,0.0,1,7.52,0.97,SPY211231P00430000,430.0,0,0.0,0.0,,0.0,normalDay
2021-12-14,8843.0,628.0,0.0,0,463.36,0.0,1,7.52,1.24,SPY211231P00430000,430.0,0,0.0,0.0,,0.0,normalDay
2021-12-15,8843.0,695.0,0.0,0,470.6,0.0,1,7.52,0.57,SPY211231P00430000,430.0,0,0.0,0.0,,0.0,normalDay
2021-12-16,8843.0,675.0,0.0,0,466.45,0.0,1,7.52,0.77,SPY211231P00430000,430.0,0,0.0,0.0,,0.0,normalDay
2021-12-17,8843.0,661.0,0.0,0,459.87,0.0,1,7.52,0.91,SPY211231P00430000,430.0,0,0.0,0.0,,0.0,normalDay
2021-12-20,8843.0,648.0,0.0,0,454.98,0.0,1,7.52,1.04,SPY211231P00430000,430.0,0,0.0,0.0,,0.0,normalDay
2021-12-21,8843.0,712.0,0.0,0,463.06,0.0,1,7.52,0.4,SPY211231P00430000,430.0,0,0.0,0.0,,0.0,normalDay
2021-12-22,8843.0,739.0,0.0,0,467.69,0.0,1,7.52,0.13,SPY211231P00430000,430.0,0,0.0,0.0,,0.0,normalDay
2021-12-23,8843.0,744.0,0.0,0,470.6,0.0,1,7.52,0.08,SPY211231P00430000,430.0,0,0.0,0.0,,0.0,normalDay
2021-12-27,8843.0,749.0,0.0,0,477.26,0.0,1,7.52,0.03,SPY211231P00430000,430.0,0,0.0,0.0,,0.0,normalDay
2021-12-28,8843.0,750.0,0.0,0,476.87,0.0,1,7.52,0.02,SPY211231P00430000,430.0,0,0.0,0.0,,0.0,normalDay
2021-12-29,8843.0,751.0,0.0,0,477.48,0.0,1,7.52,0.01,SPY211231P00430000,430.0,0,0.0,0.0,,0.0,normalDay
2021-12-30,8843.0,751.0,0.0,0,476.16,0.0,1,7.52,0.01,SPY211231P00430000,430.0,0,0.0,0.0,,0.0,normalDay
2021-12-31,9595.0,0.0,752.0,0,474.96,0.0,1,7.52,0.0,SPY211231P00430000,430.0,0,0.0,0.0,,0.0,expirationDay
2022-01-03,9595.0,-6.0,0.0,0,477.71,0.0,1,9.6,9.66,SPY220331P00460000,460.0,0,0.0,0.0,,0.0,normalDay
2022-01-04,9595.0,-22.0,0.0,0,477.55,0.0,1,9.6,9.82,SPY220331P00460000,460.0,0,0.0,0.0,,0.0,normalDay
2022-01-05,9595.0,-367.0,0.0,0,468.38,0.0,1,9.6,13.27,SPY220331P00460000,460.0,0,0.0,0.0,,0.0,normalDay
2022-01-06,9595.0,-368.0,0.0,0,467.94,0.0,1,9.6,13.28,SPY220331P00460000,460.0,0,0.0,0.0,,0.0,normalDay
2022-01-07,9595.0,-357.0,0.0,0,466.09,0.0,1,9.6,13.17,SPY220331P00460000,460.0,0,0.0,0.0,,0.0,normalDay
2022-01-10,9595.0,-360.0,0.0,0,465.51,0.0,1,9.6,13.2,SPY220331P00460000,460.0,0,0.0,0.0,,0.0,normalDay
2022-01-11,9595.0,-177.0,0.0,0,469.75,0.0,1,9.6,11.37,SPY220331P00460000,460.0,0,0.0,0.0,,0.0,normalDay
2022-01-12,9595.0,-98.0,0.0,0,471.02,0.0,1,9.6,10.58,SPY220331P00460000,460.0,0,0.0,0.0,,0.0,normalDay
2022-01-13,9595.0,-426.0,0.0,0,464.53,0.0,1,9.6,13.86,SPY220331P00460000,460.0,0,0.0,0.0,,0.0,normalDay
2022-01-14,9595.0,-352.0,0.0,0,464.72,0.0,1,9.6,13.12,SPY220331P00460000,460.0,0,0.0,0.0,,0.0,normalDay
2022-01-18,9595.0,-837.0,0.0,0,456.49,0.0,1,9.6,17.97,SPY220331P00460000,460.0,0,0.0,0.0,,0.0,normalDay
2022-01-19,9595.0,-1049.0,0.0,0,451.75,0.0,1,9.6,20.09,SPY220331P00460000,460.0,0,0.0,0.0,,0.0,normalDay
2022-01-20,9595.0,-1381.0,0.0,0,446.75,0.0,1,9.6,23.41,SPY220331P00460000,460.0,0,0.0,0.0,,0.0,normalDay
2022-01-21,9595.0,-1986.0,0.0,0,437.98,0.0,1,9.6,29.46,SPY220331P00460000,460.0,0,0.0,0.0,,0.0,normalDay
2022-01-24,9595.0,-1968.0,0.0,0,439.84,0.0,1,9.6,29.28,SPY220331P00460000,460.0,0,0.0,0.0,,0.0,normalDay
2022-01-25,9595.0,-2382.0,0.0,0,434.47,0.0,1,9.6,33.42,SPY220331P00460000,460.0,0,0.0,0.0,,0.0,normalDay
2022-01-26,9595.0,-2407.0,0.0,0,433.38,0.0,1,9.6,33.67,SPY220331P00460000,460.0,0,0.0,0.0,,0.0,normalDay
2022-01-27,9595.0,-2426.0,0.0,0,431.24,0.0,1,9.6,33.86,SPY220331P00460000,460.0,0,0.0,0.0,,0.0,normalDay
2022-01-28,9595.0,-1648.0,0.0,0,441.95,0.0,1,9.6,26.08,SPY220331P00460000,460.0,0,0.0,0.0,,0.0,normalDay
2022-01-31,9595.0,-1109.0,0.0,0,449.91,0.0,1,9.6,20.69,SPY220331P00460000,460.0,0,0.0,0.0,,0.0,normalDay
2022-02-01,9595.0,-743.0,0.0,0,452.95,0.0,1,9.6,17.03,SPY220331P00460000,460.0,0,0.0,0.0,,0.0,normalDay
2022-02-02,9595.0,-637.0,0.0,0,457.35,0.0,1,9.6,15.97,SPY220331P00460000,460.0,0,0.0,0.0,,0.0,normalDay
2022-02-03,9595.0,-1025.0,0.0,0,446.6,0.0,1,9.6,19.85,SPY220331P00460000,460.0,0,0.0,0.0,,0.0,normalDay
2022-02-04,9595.0,-1101.0,0.0,0,448.7,0.0,1,9.6,20.61,SPY220331P00460000,460.0,0,0.0,0.0,,0.0,normalDay
2022-02-07,9595.0,-1075.0,0.0,0,447.26,0.0,1,9.6,20.35,SPY220331P00460000,460.0,0,0.0,0.0,,0.0,normalDay
2022-02-08,9595.0,-775.0,0.0,0,450.94,0.0,1,9.6,17.35,SPY220331P00460000,460.0,0,0.0,0.0,,0.0,normalDay
2022-02-09,9595.0,-394.0,0.0,0,457.54,0.0,1,9.6,13.54,SPY220331P00460000,460.0,0,0.0,0.0,,0.0,normalDay
2022-02-10,9595.0,-966.0,0.0,0,449.32,0.0,1,9.6,19.26,SPY220331P00460000,460.0,0,0.0,0.0,,0.0,normalDay
2022-02-11,9595.0,-1613.0,0.0,0,440.46,0.0,1,9.6,25.73,SPY220331P00460000,460.0,0,0.0,0.0,,0.0,normalDay
2022-02-14,9595.0,-1688.0,0.0,0,439.02,0.0,1,9.6,26.48,SPY220331P00460000,460.0,0,0.0,0.0,,0.0,normalDay
2022-02-15,9595.0,-1187.0,0.0,0,446.1,0.0,1,9.6,21.47,SPY220331P00460000,460.0,0,0.0,0.0,,0.0,normalDay
2022-02-16,9595.0,-1058.0,0.0,0,446.6,0.0,1,9.6,20.18,SPY220331P00460000,460.0,0,0.0,0.0,,0.0,normalDay
2022-02-17,9595.0,-1787.0,0.0,0,437.06,0.0,1,9.6,27.47,SPY220331P00460000,460.0,0,0.0,0.0,,0.0,normalDay
2022-02-18,9595.0,-1969.0,0.0,0,434.23,0.0,1,9.6,29.29,SPY220331P00460000,460.0,0,0.0,0.0,,0.0,normalDay
2022-02-22,9595.0,-2294.0,0.0,0,429.57,0.0,1,9.6,32.54,SPY220331P00460000,460.0,0,0.0,0.0,,0.0,normalDay
2022-02-23,9595.0,-3085.0,0.0,0,421.95,0.0,1,9.6,40.45,SPY220331P00460000,460.0,0,0.0,0.0,,0.0,normalDay
2022-02-24,9595.0,-2624.0,0.0,0,428.3,0.0,1,9.6,35.84,SPY220331P00460000,460.0,0,0.0,0.0,,0.0,normalDay
2022-02-25,9595.0,-1678.0,0.0,0,437.75,0.0,1,9.6,26.38,SPY220331P00460000,460.0,0,0.0,0.0,,0.0,normalDay
2022-02-28,9595.0,-1778.0,0.0,0,436.63,0.0,1,9.6,27.38,SPY220331P00460000,460.0,0,0.0,0.0,,0.0,normalDay
2022-03-01,9595.0,-2342.0,0.0,0,429.98,0.0,1,9.6,33.02,SPY220331P00460000,460.0,0,0.0,0.0,,0.0,normalDay
2022-03-02,9595.0,-1704.0,0.0,0,437.89,0.0,1,9.6,26.64,SPY220331P00460000,460.0,0,0.0,0.0,,0.0,normalDay
2022-03-03,9595.0,-1811.0,0.0,0,435.71,0.0,1,9.6,27.71,SPY220331P00460000,460.0,0,0.0,0.0,,0.0,normalDay
2022-03-04,9595.0,-2174.0,0.0,0,432.17,0.0,1,9.6,31.34,SPY220331P00460000,460.0,0,0.0,0.0,,0.0,normalDay
2022-03-07,9595.0,-3416.0,0.0,0,419.43,0.0,1,9.6,43.76,SPY220331P00460000,460.0,0,0.0,0.0,,0.0,normalDay
2022-03-08,9595.0,-3720.0,0.0,0,416.25,0.0,1,9.6,46.8,SPY220331P00460000,460.0,0,0.0,0.0,,0.0,normalDay
2022-03-09,9595.0,-2504.0,0.0,0,427.41,0.0,1,9.6,34.64,SPY220331P00460000,460.0,0,0.0,0.0,,0.0,normalDay
2022-03-10,9595.0,-2707.0,0.0,0,425.48,0.0,1,9.6,36.67,SPY220331P00460000,460.0,0,0.0,0.0,,0.0,normalDay
2022-03-11,9595.0,-3207.0,0.0,0,420.07,0.0,1,9.6,41.67,SPY220331P00460000,460.0,0,0.0,0.0,,0.0,normalDay
2022-03-14,9595.0,-3467.0,0.0,0,417.0,0.0,1,9.6,44.27,SPY220331P00460000,460.0,0,0.0,0.0,,0.0,normalDay
2022-03-15,9595.0,-2677.0,0.0,0,426.17,0.0,1,9.6,36.37,SPY220331P00460000,460.0,0,0.0,0.0,,0.0,normalDay
2022-03-16,9595.0,-1722.0,0.0,0,435.62,0.0,1,9.6,26.82,SPY220331P00460000,460.0,0,0.0,0.0,,0.0,normalDay
2022-03-17,9595.0,-1240.0,0.0,0,441.07,0.0,1,9.6,22.0,SPY220331P00460000,460.0,0,0.0,0.0,,0.0,normalDay
2022-03-18,9595.0,-681.0,0.0,0,444.52,0.0,1,9.6,16.41,SPY220331P00460000,460.0,0,0.0,0.0,,0.0,normalDay
2022-03-21,9595.0,-655.0,0.0,0,444.39,0.0,1,9.6,16.15,SPY220331P00460000,460.0,0,0.0,0.0,,0.0,normalDay
2022-03-22,9595.0,-220.0,0.0,0,449.59,0.0,1,9.6,11.8,SPY220331P00460000,460.0,0,0.0,0.0,,0.0,normalDay
2022-03-23,9595.0,-725.0,0.0,0,443.8,0.0,1,9.6,16.85,SPY220331P00460000,460.0,0,0.0,0.0,,0.0,normalDay
2022-03-24,9595.0,-99.0,0.0,0,450.49,0.0,1,9.6,10.59,SPY220331P00460000,460.0,0,0.0,0.0,,0.0,normalDay
2022-03-25,9595.0,111.0,0.0,0,452.69,0.0,1,9.6,8.49,SPY220331P00460000,460.0,0,0.0,0.0,,0.0,normalDay
2022-03-28,9595.0,444.0,0.0,0,455.91,0.0,1,9.6,5.16,SPY220331P00460000,460.0,0,0.0,0.0,,0.0,normalDay
2022-03-29,9595.0,769.0,0.0,0,461.55,0.0,1,9.6,1.91,SPY220331P00460000,460.0,0,0.0,0.0,,0.0,normalDay
2022-03-30,9595.0,743.0,0.0,0,458.7,0.0,1,9.6,2.17,SPY220331P00460000,460.0,0,0.0,0.0,,0.0,normalDay
2022-03-31,10555.0,-836.0,960.0,100,451.64,460.0,1,9.6,0.0,SPY220331P00460000,460.0,0,0.0,0.0,,0.0,expirationDay
2022-04-01,10555.0,-708.0,0.0,100,452.92,460.0,0,0.0,0.0,,0.0,0,0.0,0.0,,0.0,bidTooLow
2022-04-04,10555.0,-320.0,0.0,100,456.8,460.0,0,0.0,0.0,,0.0,0,0.0,0.0,,0.0,bidTooLow
2022-04-05,10555.0,-897.0,0.0,100,451.03,460.0,0,0.0,0.0,,0.0,0,0.0,0.0,,0.0,bidTooLow
2022-04-06,10555.0,-1348.0,0.0,100,446.52,460.0,0,0.0,0.0,,0.0,0,0.0,0.0,,0.0,bidTooLow
2022-04-07,10555.0,-1123.0,0.0,100,448.77,460.0,0,0.0,0.0,,0.0,0,0.0,0.0,,0.0,bidTooLow
2022-04-08,10555.0,-1243.0,0.0,100,447.57,460.0,0,0.0,0.0,,0.0,0,0.0,0.0,,0.0,bidTooLow
2022-04-11,10555.0,-2008.0,0.0,100,439.92,460.0,0,0.0,0.0,,0.0,0,0.0,0.0,,0.0,bidTooLow
2022-04-12,10555.0,-2171.0,0.0,100,438.29,460.0,0,0.0,0.0,,0.0,0,0.0,0.0,,0.0,bidTooLow
2022-04-13,10555.0,-1669.0,0.0,100,443.31,460.0,0,0.0,0.0,,0.0,0,0.0,0.0,,0.0,bidTooLow
2022-04-14,10555.0,-2221.0,0.0,100,437.79,460.0,0,0.0,0.0,,0.0,0,0.0,0.0,,0.0,bidTooLow
2022-04-18,10555.0,-2203.0,0.0,100,437.97,460.0,0,0.0,0.0,,0.0,0,0.0,0.0,,0.0,bidTooLow
2022-04-19,10555.0,-1496.0,0.0,100,445.04,460.0,0,0.0,0.0,,0.0,0,0.0,0.0,,0.0,bidTooLow
2022-04-20,10555.0,-1529.0,0.0,100,444.71,460.0,0,0.0,0.0,,0.0,0,0.0,0.0,,0.0,bidTooLow
2022-04-21,10555.0,-2194.0,0.0,100,438.06,460.0,0,0.0,0.0,,0.0,0,0.0,0.0,,0.0,bidTooLow
2022-04-22,10555.0,-3396.0,0.0,100,426.04,460.0,0,0.0,0.0,,0.0,0,0.0,0.0,,0.0,bidTooLow
2022-04-25,10555.0,-3149.0,0.0,100,428.51,460.0,0,0.0,0.0,,0.0,0,0.0,0.0,,0.0,bidTooLow
2022-04-26,10555.0,-4390.0,0.0,100,416.1,460.0,0,0.0,0.0,,0.0,0,0.0,0.0,,0.0,bidTooLow
2022-04-27,10555.0,-4273.0,0.0,100,417.27,460.0,0,0.0,0.0,,0.0,0,0.0,0.0,,0.0,bidTooLow
2022-04-28,10555.0,-3219.0,0.0,100,427.81,460.0,0,0.0,0.0,,0.0,0,0.0,0.0,,0.0,bidTooLow
2022-04-29,10555.0,-4800.0,0.0,100,412.0,460.0,0,0.0,0.0,,0.0,0,0.0,0.0,,0.0,bidTooLow
2022-05-02,10555.0,-4552.0,0.0,100,414.48,460.0,0,0.0,0.0,,0.0,0,0.0,0.0,,0.0,bidTooLow
2022-05-03,10555.0,-4362.0,0.0,100,416.38,460.0,0,0.0,0.0,,0.0,0,0.0,0.0,,0.0,bidTooLow
2022-05-04,10555.0,-3094.0,0.0,100,429.06,460.0,0,0.0,0.0,,0.0,0,0.0,0.0,,0.0,bidTooLow
2022-05-05,10555.0,-4619.0,0.0,100,413.81,460.0,0,0.0,0.0,,0.0,0,0.0,0.0,,0.0,bidTooLow
2022-05-06,10555.0,-4866.0,0.0,100,411.34,460.0,0,0.0,0.0,,0.0,0,0.0,0.0,,0.0,bidTooLow
2022-05-09,10555.0,-6183.0,0.0,100,398.17,460.0,0,0.0,0.0,,0.0,0,0.0,0.0,,0.0,bidTooLow
2022-05-10,10555.0,-6091.0,0.0,100,399.09,460.0,0,0.0,0.0,,0.0,0,0.0,0.0,,0.0,bidTooLow
2022-05-11,10555.0,-6725.0,0.0,100,392.75,460.0,0,0.0,0.0,,0.0,0,0.0,0.0,,0.0,bidTooLow
2022-05-12,10555.0,-6766.0,0.0,100,392.34,460.0,0,0.0,0.0,,0.0,0,0.0,0.0,,0.0,bidTooLow
2022-05-13,10555.0,-5828.0,0.0,100,401.72,460.0,0,0.0,0.0,,0.0,0,0.0,0.0,,0.0,bidTooLow
2022-05-16,10555.0,-5991.0,0.0,100,400.09,460.0,0,0.0,0.0,,0.0,0,0.0,0.0,,0.0,bidTooLow
2022-05-17,10555.0,-5168.0,0.0,100,408.32,460.0,0,0.0,0.0,,0.0,0,0.0,0.0,,0.0,bidTooLow
2022-05-18,10555.0,-6814.0,0.0,100,391.86,460.0,0,0.0,0.0,,0.0,0,0.0,0.0,,0.0,bidTooLow
2022-05-19,10555.0,-7054.0,0.0,100,389.46,460.0,0,0.0,0.0,,0.0,0,0.0,0.0,,0.0,bidTooLow
2022-05-20,10555.0,-7037.0,0.0,100,389.63,460.0,0,0.0,0.0,,0.0,0,0.0,0.0,,0.0,bidTooLow
2022-05-23,10555.0,-6308.0,0.0,100,396.92,460.0,0,0.0,0.0,,0.0,0,0.0,0.0,,0.0,bidTooLow
2022-05-24,10555.0,-6611.0,0.0,100,393.89,460.0,0,0.0,0.0,,0.0,0,0.0,0.0,,0.0,bidTooLow
2022-05-25,10555.0,-6263.0,0.0,100,397.37,460.0,0,0.0,0.0,,0.0,0,0.0,0.0,,0.0,bidTooLow
2022-05-26,10555.0,-5469.0,0.0,100,405.31,460.0,0,0.0,0.0,,0.0,0,0.0,0.0,,0.0,bidTooLow
2022-05-27,10555.0,-4474.0,0.0,100,415.26,460.0,0,0.0,0.0,,0.0,0,0.0,0.0,,0.0,bidTooLow
2022-05-31,10555.0,-4710.0,0.0,100,412.93,460.0,0,0.0,0.0,,0.0,1,0.01,0.04,SPY220606C00440000,440.0,normalDay
2022-06-01,10555.0,-5042.0,0.0,100,409.59,460.0,0,0.0,0.0,,0.0,1,0.01,0.02,SPY220606C00440000,440.0,normalDay
2022-06-02,10555.0,-4261.0,0.0,100,417.39,460.0,0,0.0,0.0,,0.0,1,0.01,0.01,SPY220606C00440000,440.0,normalDay
2022-06-03,10555.0,-4946.0,0.0,100,410.54,460.0,0,0.0,0.0,,0.0,1,0.01,0.01,SPY220606C00440000,440.0,normalDay
2022-06-06,10556.0,-4821.0,1.0,100,411.79,460.0,0,0.0,0.0,,0.0,1,0.01,0.0,SPY220606C00440000,440.0,expirationDay
2022-06-07,10556.0,-4429.0,0.0,100,415.74,460.0,0,0.0,0.0,,0.0,1,0.06,0.09,SPY220613C00435000,435.0,normalDay
2022-06-08,10556.0,-4875.0,0.0,100,411.22,460.0,0,0.0,0.0,,0.0,1,0.06,0.03,SPY220613C00435000,435.0,normalDay
2022-06-09,10556.0,-5852.0,0.0,100,401.44,460.0,0,0.0,0.0,,0.0,1,0.06,0.02,SPY220613C00435000,435.0,normalDay
2022-06-10,10556.0,-7015.0,0.0,100,389.8,460.0,0,0.0,0.0,,0.0,1,0.06,0.01,SPY220613C00435000,435.0,normalDay
2022-06-13,10562.0,-8500.0,6.0,100,375.0,460.0,0,0.0,0.0,,0.0,1,0.06,0.0,SPY220613C00435000,435.0,expirationDay
2022-06-14,10562.0,-8613.0,0.0,100,373.87,460.0,0,0.0,0.0,,0.0,0,0.0,0.0,,0.0,bidTooLow
2022-06-15,10562.0,-8080.0,0.0,100,379.2,460.0,0,0.0,0.0,,0.0,0,0.0,0.0,,0.0,bidTooLow
2022-06-16,10562.0,-9335.0,0.0,100,366.65,460.0,0,0.0,0.0,,0.0,0,0.0,0.0,,0.0,bidTooLow
2022-06-17,10562.0,-9414.0,0.0,100,365.86,460.0,0,0.0,0.0,,0.0,0,0.0,0.0,,0.0,bidTooLow
2022-06-21,10562.0,-8493.0,0.0,100,375.07,460.0,0,0.0,0.0,,0.0,0,0.0,0.0,,0.0,bidTooLow
2022-06-22,10562.0,-8561.0,0.0,100,374.39,460.0,0,0.0,0.0,,0.0,0,0.0,0.0,,0.0,bidTooLow
2022-06-23,10562.0,-8194.0,0.0,100,378.06,460.0,0,0.0,0.0,,0.0,0,0.0,0.0,,0.0,bidTooLow
2022-06-24,10562.0,-6992.0,0.0,100,390.08,460.0,0,0.0,0.0,,0.0,0,0.0,0.0,,0.0,bidTooLow
2022-06-27,10562.0,-7141.0,0.0,100,388.59,460.0,0,0.0,0.0,,0.0,0,0.0,0.0,,0.0,bidTooLow
2022-06-28,10562.0,-7935.0,0.0,100,380.65,460.0,0,0.0,0.0,,0.0,0,0.0,0.0,,0.0,bidTooLow
2022-06-29,10562.0,-7966.0,0.0,100,380.34,460.0,0,0.0,0.0,,0.0,0,0.0,0.0,,0.0,bidTooLow
2022-06-30,10562.0,-8275.0,0.0,100,377.25,460.0,0,0.0,0.0,,0.0,0,0.0,0.0,,0.0,bidTooLow
2022-07-01,10562.0,-7876.0,0.0,100,381.24,460.0,0,0.0,0.0,,0.0,0,0.0,0.0,,0.0,bidTooLow
2022-07-05,10562.0,-7804.0,0.0,100,381.96,460.0,0,0.0,0.0,,0.0,0,0.0,0.0,,0.0,bidTooLow
2022-07-06,10562.0,-7675.0,0.0,100,383.25,460.0,0,0.0,0.0,,0.0,0,0.0,0.0,,0.0,bidTooLow
2022-07-07,10562.0,-7101.0,0.0,100,388.99,460.0,0,0.0,0.0,,0.0,0,0.0,0.0,,0.0,bidTooLow
2022-07-08,10562.0,-7133.0,0.0,100,388.67,460.0,0,0.0,0.0,,0.0,0,0.0,0.0,,0.0,bidTooLow
2022-07-11,10562.0,-7580.0,0.0,100,384.23,460.0,0,0.0,0.0,,0.0,1,0.05,0.08,SPY220715C00404000,404.0,normalDay
2022-07-12,10562.0,-7917.0,0.0,100,380.83,460.0,0,0.0,0.0,,0.0,1,0.05,0.05,SPY220715C00404000,404.0,normalDay
2022-07-13,10562.0,-8113.0,0.0,100,378.83,460.0,0,0.0,0.0,,0.0,1,0.05,0.01,SPY220715C00404000,404.0,normalDay
2022-07-14,10562.0,-8205.0,0.0,100,377.91,460.0,0,0.0,0.0,,0.0,1,0.05,0.01,SPY220715C00404000,404.0,normalDay
2022-07-15,10567.0,-7487.0,5.0,100,385.13,460.0,0,0.0,0.0,,0.0,1,0.05,0.0,SPY220715C00404000,404.0,expirationDay
2022-07-18,10567.0,-7808.0,0.0,100,381.95,460.0,0,0.0,0.0,,0.0,1,0.03,0.06,SPY220722C00401000,401.0,normalDay
2022-07-19,10567.0,-6829.0,0.0,100,392.27,460.0,0,0.0,0.0,,0.0,1,0.03,0.59,SPY220722C00401000,401.0,normalDay
2022-07-20,10567.0,-6590.0,0.0,100,394.77,460.0,0,0.0,0.0,,0.0,1,0.03,0.7,SPY220722C00401000,401.0,normalDay
2022-07-21,10567.0,-6196.0,0.0,100,398.79,460.0,0,0.0,0.0,,0.0,1,0.03,0.78,SPY220722C00401000,401.0,normalDay
2022-07-22,10570.0,-6491.0,3.0,100,395.09,460.0,0,0.0,0.0,,0.0,1,0.03,0.0,SPY220722C00401000,401.0,expirationDay
2022-07-25,10570.0,-6446.0,0.0,100,395.57,460.0,0,0.0,0.0,,0.0,1,0.44,0.47,SPY220729C00408000,408.0,normalDay
2022-07-26,10570.0,-6883.0,0.0,100,390.89,460.0,0,0.0,0.0,,0.0,1,0.44,0.16,SPY220729C00408000,408.0,normalDay
2022-07-27,10570.0,-5902.0,0.0,100,401.04,460.0,0,0.0,0.0,,0.0,1,0.44,0.5,SPY220729C00408000,408.0,normalDay
2022-07-28,10570.0,-5501.0,0.0,100,406.07,460.0,0,0.0,0.0,,0.0,1,0.44,1.52,SPY220729C00408000,408.0,normalDay
2022-07-29,5414.0,-5501.0,-5156.0,0,411.99,0.0,0,0.0,0.0,,0.0,1,0.44,0.0,SPY220729C00408000,408.0,expirationDay
2022-08-01,5414.0,-4.0,0.0,0,410.77,0.0,1,6.87,6.91,SPY221021P00378000,378.0,0,0.0,0.0,,0.0,normalDay
2022-08-02,5414.0,-108.0,0.0,0,408.06,0.0,1,6.87,7.95,SPY221021P00378000,378.0,0,0.0,0.0,,0.0,normalDay
2022-08-03,5414.0,83.0,0.0,0,414.45,0.0,1,6.87,6.04,SPY221021P00378000,378.0,0,0.0,0.0,,0.0,normalDay
2022-08-04,5414.0,100.0,0.0,0,414.17,0.0,1,6.87,5.87,SPY221021P00378000,378.0,0,0.0,0.0,,0.0,normalDay
2022-08-05,5414.0,97.0,0.0,0,413.47,0.0,1,6.87,5.9,SPY221021P00378000,378.0,0,0.0,0.0,,0.0,normalDay
2022-08-08,5414.0,112.0,0.0,0,412.99,0.0,1,6.87,5.75,SPY221021P00378000,378.0,0,0.0,0.0,,0.0,normalDay
2022-08-09,5414.0,90.0,0.0,0,411.35,0.0,1,6.87,5.97,SPY221021P00378000,378.0,0,0.0,0.0,,0.0,normalDay
2022-08-10,5414.0,265.0,0.0,0,419.99,0.0,1,6.87,4.22,SPY221021P00378000,378.0,0,0.0,0.0,,0.0,normalDay
2022-08-11,5414.0,272.0,0.0,0,419.99,0.0,1,6.87,4.15,SPY221021P00378000,378.0,0,0.0,0.0,,0.0,normalDay
2022-08-12,5414.0,361.0,0.0,0,427.1,0.0,1,6.87,3.26,SPY221021P00378000,378.0,0,0.0,0.0,,0.0,normalDay
2022-08-15,5414.0,394.0,0.0,0,428.86,0.0,1,6.87,2.93,SPY221021P00378000,378.0,0,0.0,0.0,,0.0,normalDay
2022-08-16,5414.0,407.0,0.0,0,429.7,0.0,1,6.87,2.8,SPY221021P00378000,378.0,0,0.0,0.0,,0.0,normalDay
2022-08-17,5414.0,383.0,0.0,0,426.65,0.0,1,6.87,3.04,SPY221021P00378000,378.0,0,0.0,0.0,,0.0,normalDay
2022-08-18,5414.0,414.0,0.0,0,427.89,0.0,1,6.87,2.73,SPY221021P00378000,378.0,0,0.0,0.0,,0.0,normalDay
2022-08-19,5414.0,341.0,0.0,0,422.14,0.0,1,6.87,3.46,SPY221021P00378000,378.0,0,0.0,0.0,,0.0,normalDay
2022-08-22,5414.0,191.0,0.0,0,413.35,0.0,1,6.87,4.96,SPY221021P00378000,378.0,0,0.0,0.0,,0.0,normalDay
2022-08-23,5414.0,183.0,0.0,0,412.35,0.0,1,6.87,5.04,SPY221021P00378000,378.0,0,0.0,0.0,,0.0,normalDay
2022-08-24,5414.0,254.0,0.0,0,413.67,0.0,1,6.87,4.33,SPY221021P00378000,378.0,0,0.0,0.0,,0.0,normalDay
2022-08-25,5414.0,355.0,0.0,0,419.51,0.0,1,6.87,3.32,SPY221021P00378000,378.0,0,0.0,0.0,,0.0,normalDay
2022-08-26,5414.0,60.0,0.0,0,405.31,0.0,1,6.87,6.27,SPY221021P00378000,378.0,0,0.0,0.0,,0.0,normalDay
2022-08-29,5414.0,31.0,0.0,0,402.63,0.0,1,6.87,6.56,SPY221021P00378000,378.0,0,0.0,0.0,,0.0,normalDay
2022-08-30,5414.0,-59.0,0.0,0,398.21,0.0,1,6.87,7.46,SPY221021P00378000,378.0,0,0.0,0.0,,0.0,normalDay
2022-08-31,5414.0,-99.0,0.0,0,395.18,0.0,1,6.87,7.86,SPY221021P00378000,378.0,0,0.0,0.0,,0.0,normalDay
2022-09-01,5414.0,-39.0,0.0,0,396.42,0.0,1,6.87,7.26,SPY221021P00378000,378.0,0,0.0,0.0,,0.0,normalDay
2022-09-02,5414.0,-131.0,0.0,0,392.24,0.0,1,6.87,8.18,SPY221021P00378000,378.0,0,0.0,0.0,,0.0,normalDay
2022-09-06,5414.0,-196.0,0.0,0,390.76,0.0,1,6.87,8.83,SPY221021P00378000,378.0,0,0.0,0.0,,0.0,normalDay
2022-09-07,5414.0,69.0,0.0,0,397.78,0.0,1,6.87,6.18,SPY221021P00378000,378.0,0,0.0,0.0,,0.0,normalDay
2022-09-08,5414.0,189.0,0.0,0,400.38,0.0,1,6.87,4.98,SPY221021P00378000,378.0,0,0.0,0.0,,0.0,normalDay
2022-09-09,5414.0,310.0,0.0,0,406.6,0.0,1,6.87,3.77,SPY221021P00378000,378.0,0,0.0,0.0,,0.0,normalDay
2022-09-12,5414.0,385.0,0.0,0,410.97,0.0,1,6.87,3.02,SPY221021P00378000,378.0,0,0.0,0.0,,0.0,normalDay
2022-09-13,5414.0,0.0,0.0,0,393.1,0.0,1,6.87,6.87,SPY221021P00378000,378.0,0,0.0,0.0,,0.0,normalDay
2022-09-14,5414.0,45.0,0.0,0,394.6,0.0,1,6.87,6.42,SPY221021P00378000,378.0,0,0.0,0.0,,0.0,normalDay
2022-09-15,5414.0,-33.0,0.0,0,390.12,0.0,1,6.87,7.2,SPY221021P00378000,378.0,0,0.0,0.0,,0.0,normalDay
2022-09-16,5414.0,-127.0,0.0,0,385.56,0.0,1,6.87,8.14,SPY221021P00378000,378.0,0,0.0,0.0,,0.0,normalDay
2022-09-19,5414.0,1.0,0.0,0,388.55,0.0,1,6.87,6.86,SPY221021P00378000,378.0,0,0.0,0.0,,0.0,normalDay
2022-09-20,5414.0,-161.0,0.0,0,384.09,0.0,1,6.87,8.48,SPY221021P00378000,378.0,0,0.0,0.0,,0.0,normalDay
2022-09-21,5414.0,-450.0,0.0,0,377.39,0.0,1,6.87,11.37,SPY221021P00378000,378.0,0,0.0,0.0,,0.0,normalDay
2022-09-22,5414.0,-525.0,0.0,0,374.22,0.0,1,6.87,12.12,SPY221021P00378000,378.0,0,0.0,0.0,,0.0,normalDay
2022-09-23,5414.0,-939.0,0.0,0,367.95,0.0,1,6.87,16.26,SPY221021P00378000,378.0,0,0.0,0.0,,0.0,normalDay
2022-09-26,5414.0,-1213.0,0.0,0,364.31,0.0,1,6.87,19.0,SPY221021P00378000,378.0,0,0.0,0.0,,0.0,normalDay
2022-09-27,5414.0,-1214.0,0.0,0,363.38,0.0,1,6.87,19.01,SPY221021P00378000,378.0,0,0.0,0.0,,0.0,normalDay
2022-09-28,5414.0,-697.0,0.0,0,370.53,0.0,1,6.87,13.84,SPY221021P00378000,378.0,0,0.0,0.0,,0.0,normalDay
2022-09-29,5414.0,-1169.0,0.0,0,362.79,0.0,1,6.87,18.56,SPY221021P00378000,378.0,0,0.0,0.0,,0.0,normalDay
2022-09-30,5414.0,-1492.0,0.0,0,357.18,0.0,1,6.87,21.79,SPY221021P00378000,378.0,0,0.0,0.0,,0.0,normalDay
2022-10-03,5414.0,-788.0,0.0,0,366.61,0.0,1,6.87,14.75,SPY221021P00378000,378.0,0,0.0,0.0,,0.0,normalDay
2022-10-04,5414.0,-158.0,0.0,0,377.97,0.0,1,6.87,8.45,SPY221021P00378000,378.0,0,0.0,0.0,,0.0,normalDay
2022-10-05,5414.0,-138.0,0.0,0,377.09,0.0,1,6.87,8.25,SPY221021P00378000,378.0,0,0.0,0.0,,0.0,normalDay
2022-10-06,5414.0,-372.0,0.0,0,373.2,0.0,1,6.87,10.59,SPY221021P00378000,378.0,0,0.0,0.0,,0.0,normalDay
2022-10-07,5414.0,-1064.0,0.0,0,362.79,0.0,1,6.87,17.51,SPY221021P00378000,378.0,0,0.0,0.0,,0.0,normalDay
2022-10-10,5414.0,-1227.0,0.0,0,360.02,0.0,1,6.87,19.14,SPY221021P00378000,378.0,0,0.0,0.0,,0.0,normalDay
2022-10-11,5414.0,-1439.0,0.0,0,357.74,0.0,1,6.87,21.26,SPY221021P00378000,378.0,0,0.0,0.0,,0.0,normalDay
2022-10-12,5414.0,-1540.0,0.0,0,356.56,0.0,1,6.87,22.27,SPY221021P00378000,378.0,0,0.0,0.0,,0.0,normalDay
2022-10-13,5414.0,-711.0,0.0,0,365.97,0.0,1,6.87,13.98,SPY221021P00378000,378.0,0,0.0,0.0,,0.0,normalDay
2022-10-14,5414.0,-1379.0,0.0,0,357.63,0.0,1,6.87,20.66,SPY221021P00378000,378.0,0,0.0,0.0,,0.0,normalDay
2022-10-17,5414.0,-500.0,0.0,0,366.82,0.0,1,6.87,11.87,SPY221021P00378000,378.0,0,0.0,0.0,,0.0,normalDay
2022-10-18,5414.0,-83.0,0.0,0,371.13,0.0,1,6.87,7.7,SPY221021P00378000,378.0,0,0.0,0.0,,0.0,normalDay
2022-10-19,5414.0,-342.0,0.0,0,368.5,0.0,1,6.87,10.29,SPY221021P00378000,378.0,0,0.0,0.0,,0.0,normalDay
2022-10-20,5414.0,-547.0,0.0,0,365.41,0.0,1,6.87,12.34,SPY221021P00378000,378.0,0,0.0,0.0,,0.0,normalDay
2022-10-21,6101.0,-371.0,687.0,100,374.29,378.0,1,6.87,0.0,SPY221021P00378000,378.0,0,0.0,0.0,,0.0,expirationDay
2022-10-24,6101.0,84.0,0.0,100,378.87,378.0,0,0.0,0.0,,0.0,1,1.04,1.07,SPY221028C00391000,391.0,normalDay
2022-10-25,6101.0,664.0,0.0,100,384.92,378.0,0,0.0,0.0,,0.0,1,1.04,1.32,SPY221028C00391000,391.0,normalDay
2022-10-26,6101.0,451.0,0.0,100,382.02,378.0,0,0.0,0.0,,0.0,1,1.04,0.55,SPY221028C00391000,391.0,normalDay
2022-10-27,6101.0,299.0,0.0,100,379.98,378.0,0,0.0,0.0,,0.0,1,1.04,0.03,SPY221028C00391000,391.0,normalDay
2022-10-28,6205.0,1102.0,104.0,100,389.02,378.0,0,0.0,0.0,,0.0,1,1.04,0.0,SPY221028C00391000,391.0,expirationDay
2022-10-31,6205.0,818.0,0.0,100,386.21,378.0,0,0.0,0.0,,0.0,1,0.27,0.3,SPY221104C00406000,406.0,normalDay
2022-11-01,6205.0,661.0,0.0,100,384.52,378.0,0,0.0,0.0,,0.0,1,0.27,0.18,SPY221104C00406000,406.0,normalDay
2022-11-02,6205.0,-288.0,0.0,100,374.87,378.0,0,0.0,0.0,,0.0,1,0.27,0.02,SPY221104C00406000,406.0,normalDay
2022-11-03,6205.0,-673.0,0.0,100,371.01,378.0,0,0.0,0.0,,0.0,1,0.27,0.01,SPY221104C00406000,406.0,normalDay
2022-11-04,6232.0,-165.0,27.0,100,376.35,378.0,0,0.0,0.0,,0.0,1,0.27,0.0,SPY221104C00406000,406.0,expirationDay
2022-11-07,6232.0,192.0,0.0,100,379.95,378.0,0,0.0,0.0,,0.0,1,0.04,0.07,SPY221111C00407000,407.0,normalDay
2022-11-08,6232.0,397.0,0.0,100,382.0,378.0,0,0.0,0.0,,0.0,1,0.04,0.07,SPY221111C00407000,407.0,normalDay
2022-11-09,6232.0,-385.0,0.0,100,374.13,378.0,0,0.0,0.0,,0.0,1,0.04,0.02,SPY221111C00407000,407.0,normalDay
2022-11-10,6232.0,1670.0,0.0,100,394.69,378.0,0,0.0,0.0,,0.0,1,0.04,0.03,SPY221111C00407000,407.0,normalDay
2022-11-11,6236.0,2051.0,4.0,100,398.51,378.0,0,0.0,0.0,,0.0,1,0.04,0.0,SPY221111C00407000,407.0,expirationDay
2022-11-14,6236.0,1709.0,0.0,100,395.12,378.0,0,0.0,0.0,,0.0,1,0.22,0.25,SPY221118C00411000,411.0,normalDay
2022-11-15,6236.0,2034.0,0.0,100,398.49,378.0,0,0.0,0.0,,0.0,1,0.22,0.37,SPY221118C00411000,411.0,normalDay
2022-11-16,6236.0,1760.0,0.0,100,395.45,378.0,0,0.0,0.0,,0.0,1,0.22,0.07,SPY221118C00411000,411.0,normalDay
2022-11-17,6236.0,1644.0,0.0,100,394.24,378.0,0,0.0,0.0,,0.0,1,0.22,0.02,SPY221118C00411000,411.0,normalDay
2022-11-18,6258.0,1803.0,22.0,100,396.03,378.0,0,0.0,0.0,,0.0,1,0.22,0.0,SPY221118C00411000,411.0,expirationDay
2022-11-21,6258.0,1659.0,0.0,100,394.59,378.0,0,0.0,0.0,,0.0,0,0.0,0.0,,0.0,bidTooLow
2022-11-22,6258.0,2190.0,0.0,100,399.9,378.0,0,0.0,0.0,,0.0,0,0.0,0.0,,0.0,bidTooLow
2022-11-23,6258.0,2442.0,0.0,100,402.42,378.0,0,0.0,0.0,,0.0,0,0.0,0.0,,0.0,bidTooLow
2022-11-25,6258.0,2433.0,0.0,100,402.33,378.0,0,0.0,0.0,,0.0,0,0.0,0.0,,0.0,bidTooLow
2022-11-28,6258.0,1791.0,0.0,100,395.91,378.0,0,0.0,0.0,,0.0,0,0.0,0.0,,0.0,bidTooLow
2022-11-29,6258.0,1723.0,0.0,100,395.23,378.0,0,0.0,0.0,,0.0,0,0.0,0.0,,0.0,bidTooLow
2022-11-30,6258.0,2965.0,0.0,100,407.68,378.0,0,0.0,0.0,,0.0,1,0.02,0.05,SPY221206C00428000,428.0,normalDay
2022-12-01,6258.0,2937.0,0.0,100,407.38,378.0,0,0.0,0.0,,0.0,1,0.02,0.03,SPY221206C00428000,428.0,normalDay
2022-12-02,6258.0,2892.0,0.0,100,406.91,378.0,0,0.0,0.0,,0.0,1,0.02,0.01,SPY221206C00428000,428.0,normalDay
2022-12-05,6258.0,2160.0,0.0,100,399.59,378.0,0,0.0,0.0,,0.0,1,0.02,0.01,SPY221206C00428000,428.0,normalDay
2022-12-06,6260.0,1583.0,2.0,100,393.83,378.0,0,0.0,0.0,,0.0,1,0.02,0.0,SPY221206C00428000,428.0,expirationDay
2022-12-07,6260.0,1513.0,0.0,100,393.16,378.0,0,0.0,0.0,,0.0,1,0.02,0.05,SPY221213C00422000,422.0,normalDay
2022-12-08,6260.0,1820.0,0.0,100,396.24,378.0,0,0.0,0.0,,0.0,1,0.02,0.06,SPY221213C00422000,422.0,normalDay
2022-12-09,6260.0,1527.0,0.0,100,393.28,378.0,0,0.0,0.0,,0.0,1,0.02,0.03,SPY221213C00422000,422.0,normalDay
2022-12-12,6260.0,2090.0,0.0,100,398.95,378.0,0,0.0,0.0,,0.0,1,0.02,0.07,SPY221213C00422000,422.0,normalDay
2022-12-13,6262.0,2397.0,2.0,100,401.97,378.0,0,0.0,0.0,,0.0,1,0.02,0.0,SPY221213C00422000,422.0,expirationDay
2022-12-14,6262.0,2137.0,0.0,100,399.4,378.0,0,0.0,0.0,,0.0,1,0.1,0.13,SPY221220C00415000,415.0,normalDay
2022-12-15,6262.0,1170.0,0.0,100,389.63,378.0,0,0.0,0.0,,0.0,1,0.1,0.03,SPY221220C00415000,415.0,normalDay
2022-12-16,6262.0,536.0,0.0,100,383.27,378.0,0,0.0,0.0,,0.0,1,0.1,0.01,SPY221220C00415000,415.0,normalDay
2022-12-19,6262.0,211.0,0.0,100,380.02,378.0,0,0.0,0.0,,0.0,1,0.1,0.01,SPY221220C00415000,415.0,normalDay
2022-12-20,6272.0,254.0,10.0,100,380.54,378.0,0,0.0,0.0,,0.0,1,0.1,0.0,SPY221220C00415000,415.0,expirationDay
2022-12-21,6272.0,823.0,0.0,100,386.23,378.0,0,0.0,0.0,,0.0,0,0.0,0.0,,0.0,bidTooLow
2022-12-22,6272.0,272.0,0.0,100,380.72,378.0,0,0.0,0.0,,0.0,0,0.0,0.0,,0.0,bidTooLow
2022-12-23,6272.0,491.0,0.0,100,382.91,378.0,0,0.0,0.0,,0.0,0,0.0,0.0,,0.0,bidTooLow
2022-12-27,6272.0,340.0,0.0,100,381.4,378.0,0,0.0,0.0,,0.0,0,0.0,0.0,,0.0,bidTooLow
2022-12-28,6272.0,-134.0,0.0,100,376.66,378.0,0,0.0,0.0,,0.0,0,0.0,0.0,,0.0,bidTooLow
2022-12-29,6272.0,544.0,0.0,100,383.44,378.0,0,0.0,0.0,,0.0,0,0.0,0.0,,0.0,bidTooLow
2022-12-30,6272.0,443.0,0.0,100,382.43,378.0,0,0.0,0.0,,0.0,0,0.0,0.0,,0.0,bidTooLow
2023-01-03,6272.0,282.0,0.0,100,380.82,378.0,0,0.0,0.0,,0.0,0,0.0,0.0,,0.0,bidTooLow
2023-01-04,6272.0,576.0,0.0,100,383.76,378.0,0,0.0,0.0,,0.0,0,0.0,0.0,,0.0,bidTooLow
2023-01-05,6272.0,138.0,0.0,100,379.38,378.0,0,0.0,0.0,,0.0,0,0.0,0.0,,0.0,bidTooLow
2023-01-06,6272.0,1005.0,0.0,100,388.08,378.0,0,0.0,0.0,,0.0,1,0.02,0.05,SPY230112C00412000,412.0,normalDay
2023-01-09,6272.0,985.0,0.0,100,387.86,378.0,0,0.0,0.0,,0.0,1,0.02,0.03,SPY230112C00412000,412.0,normalDay
2023-01-10,6272.0,1257.0,0.0,100,390.58,378.0,0,0.0,0.0,,0.0,1,0.02,0.03,SPY230112C00412000,412.0,normalDay
2023-01-11,6272.0,1747.0,0.0,100,395.52,378.0,0,0.0,0.0,,0.0,1,0.02,0.07,SPY230112C00412000,412.0,normalDay
2023-01-12,6274.0,1896.0,2.0,100,396.96,378.0,0,0.0,0.0,,0.0,1,0.02,0.0,SPY230112C00412000,412.0,expirationDay
2023-01-13,6274.0,2047.0,0.0,100,398.5,378.0,0,0.0,0.0,,0.0,1,0.29,0.32,SPY230119C00406000,406.0,normalDay
2023-01-17,6274.0,1995.0,0.0,100,397.77,378.0,0,0.0,0.0,,0.0,1,0.29,0.11,SPY230119C00406000,406.0,normalDay
2023-01-18,6274.0,1377.0,0.0,100,391.49,378.0,0,0.0,0.0,,0.0,1,0.29,0.01,SPY230119C00406000,406.0,normalDay
2023-01-19,6303.0,1064.0,29.0,100,388.64,378.0,0,0.0,0.0,,0.0,1,0.29,0.0,SPY230119C00406000,406.0,expirationDay
2023-01-20,6303.0,1785.0,0.0,100,395.88,378.0,0,0.0,0.0,,0.0,1,0.04,0.07,SPY230126C00410000,410.0,normalDay
2023-01-23,6303.0,2248.0,0.0,100,400.63,378.0,0,0.0,0.0,,0.0,1,0.04,0.19,SPY230126C00410000,410.0,normalDay
2023-01-24,6303.0,2210.0,0.0,100,400.2,378.0,0,0.0,0.0,,0.0,1,0.04,0.14,SPY230126C00410000,410.0,normalDay
2023-01-25,6303.0,2237.0,0.0,100,400.35,378.0,0,0.0,0.0,,0.0,1,0.04,0.02,SPY230126C00410000,410.0,normalDay
2023-01-26,6307.0,2675.0,4.0,100,404.75,378.0,0,0.0,0.0,,0.0,1,0.04,0.0,SPY230126C00410000,410.0,expirationDay
2023-01-27,6307.0,2765.0,0.0,100,405.68,378.0,0,0.0,0.0,,0.0,1,0.18,0.21,SPY230202C00420000,420.0,normalDay
2023-01-30,6307.0,2270.0,0.0,100,400.59,378.0,0,0.0,0.0,,0.0,1,0.18,0.07,SPY230202C00420000,420.0,normalDay
2023-01-31,6307.0,2855.0,0.0,100,406.48,378.0,0,0.0,0.0,,0.0,1,0.18,0.11,SPY230202C00420000,420.0,normalDay
2023-02-01,6307.0,3293.0,0.0,100,410.8,378.0,0,0.0,0.0,,0.0,1,0.18,0.05,SPY230202C00420000,420.0,normalDay
2023-02-02,6325.0,3878.0,18.0,100,416.78,378.0,0,0.0,0.0,,0.0,1,0.18,0.0,SPY230202C00420000,420.0,expirationDay
2023-02-03,6325.0,3432.0,0.0,100,412.35,378.0,0,0.0,0.0,,0.0,1,0.09,0.12,SPY230209C00427000,427.0,normalDay
2023-02-06,6325.0,3189.0,0.0,100,409.83,378.0,0,0.0,0.0,,0.0,1,0.09,0.03,SPY230209C00427000,427.0,normalDay
2023-02-07,6325.0,3725.0,0.0,100,415.19,378.0,0,0.0,0.0,,0.0,1,0.09,0.03,SPY230209C00427000,427.0,normalDay
2023-02-08,6325.0,3273.0,0.0,100,410.65,378.0,0,0.0,0.0,,0.0,1,0.09,0.01,SPY230209C00427000,427.0,normalDay
2023-02-09,6334.0,2909.0,9.0,100,407.09,378.0,0,0.0,0.0,,0.0,1,0.09,0.0,SPY230209C00427000,427.0,expirationDay
2023-02-10,6334.0,3001.0,0.0,100,408.04,378.0,0,0.0,0.0,,0.0,1,0.03,0.06,SPY230216C00430000,430.0,normalDay
2023-02-13,6334.0,3474.0,0.0,100,412.83,378.0,0,0.0,0.0,,0.0,1,0.03,0.12,SPY230216C00430000,430.0,normalDay
2023-02-14,6334.0,3465.0,0.0,100,412.64,378.0,0,0.0,0.0,,0.0,1,0.03,0.02,SPY230216C00430000,430.0,normalDay
2023-02-15,6334.0,3600.0,0.0,100,413.98,378.0,0,0.0,0.0,,0.0,1,0.03,0.01,SPY230216C00430000,430.0,normalDay
2023-02-16,6337.0,3028.0,3.0,100,408.28,378.0,0,0.0,0.0,,0.0,1,0.03,0.0,SPY230216C00430000,430.0,expirationDay
2023-02-17,6337.0,2926.0,0.0,100,407.26,378.0,0,0.0,0.0,,0.0,0,0.0,0.0,,0.0,bidTooLow
2023-02-21,6337.0,2109.0,0.0,100,399.09,378.0,0,0.0,0.0,,0.0,0,0.0,0.0,,0.0,bidTooLow
2023-02-22,6337.0,2054.0,0.0,100,398.54,378.0,0,0.0,0.0,,0.0,0,0.0,0.0,,0.0,bidTooLow
2023-02-23,6337.0,2266.0,0.0,100,400.66,378.0,0,0.0,0.0,,0.0,0,0.0,0.0,,0.0,bidTooLow
2023-02-24,6337.0,1838.0,0.0,100,396.38,378.0,0,0.0,0.0,,0.0,0,0.0,0.0,,0.0,bidTooLow
2023-02-27,6337.0,1973.0,0.0,100,397.73,378.0,0,0.0,0.0,,0.0,0,0.0,0.0,,0.0,bidTooLow
2023-02-28,6337.0,1826.0,0.0,100,396.26,378.0,0,0.0,0.0,,0.0,0,0.0,0.0,,0.0,bidTooLow
2023-03-01,6337.0,1674.0,0.0,100,394.74,378.0,0,0.0,0.0,,0.0,0,0.0,0.0,,0.0,bidTooLow
2023-03-02,6337.0,1981.0,0.0,100,397.81,378.0,0,0.0,0.0,,0.0,0,0.0,0.0,,0.0,bidTooLow
2023-03-03,6337.0,2619.0,0.0,100,404.19,378.0,0,0.0,0.0,,0.0,0,0.0,0.0,,0.0,bidTooLow
2023-03-06,6337.0,2647.0,0.0,100,404.47,378.0,0,0.0,0.0,,0.0,0,0.0,0.0,,0.0,bidTooLow
2023-03-07,6337.0,2027.0,0.0,100,398.27,378.0,0,0.0,0.0,,0.0,0,0.0,0.0,,0.0,bidTooLow
2023-03-08,6337.0,2092.0,0.0,100,398.92,378.0,0,0.0,0.0,,0.0,0,0.0,0.0,,0.0,bidTooLow
2023-03-09,6337.0,1356.0,0.0,100,391.56,378.0,0,0.0,0.0,,0.0,0,0.0,0.0,,0.0,bidTooLow
2023-03-10,6337.0,791.0,0.0,100,385.91,378.0,0,0.0,0.0,,0.0,0,0.0,0.0,,0.0,bidTooLow
2023-03-13,6337.0,736.0,0.0,100,385.36,378.0,0,0.0,0.0,,0.0,0,0.0,0.0,,0.0,bidTooLow
2023-03-14,6337.0,1373.0,0.0,100,391.73,378.0,0,0.0,0.0,,0.0,0,0.0,0.0,,0.0,bidTooLow
2023-03-15,6337.0,1128.0,0.0,100,389.28,378.0,0,0.0,0.0,,0.0,0,0.0,0.0,,0.0,bidTooLow
2023-03-16,6337.0,1808.0,0.0,100,396.11,378.0,0,0.0,0.0,,0.0,1,0.02,0.05,SPY230322C00418000,418.0,normalDay
2023-03-17,6337.0,1200.0,0.0,100,389.99,378.0,0,0.0,0.0,,0.0,1,0.02,0.01,SPY230322C00418000,418.0,normalDay
2023-03-20,6337.0,1575.0,0.0,100,393.74,378.0,0,0.0,0.0,,0.0,1,0.02,0.01,SPY230322C00418000,418.0,normalDay
2023-03-21,6337.0,2092.0,0.0,100,398.91,378.0,0,0.0,0.0,,0.0,1,0.02,0.01,SPY230322C00418000,418.0,normalDay
2023-03-22,6339.0,1411.0,2.0,100,392.11,378.0,0,0.0,0.0,,0.0,1,0.02,0.0,SPY230322C00418000,418.0,expirationDay
2023-03-23,6339.0,1514.0,0.0,100,393.17,378.0,0,0.0,0.0,,0.0,1,0.01,0.04,SPY230329C00412000,412.0,normalDay
2023-03-24,6339.0,1773.0,0.0,100,395.75,378.0,0,0.0,0.0,,0.0,1,0.01,0.03,SPY230329C00412000,412.0,normalDay
2023-03-27,6339.0,1848.0,0.0,100,396.49,378.0,0,0.0,0.0,,0.0,1,0.01,0.02,SPY230329C00412000,412.0,normalDay
2023-03-28,6339.0,1760.0,0.0,100,395.6,378.0,0,0.0,0.0,,0.0,1,0.01,0.01,SPY230329C00412000,412.0,normalDay
2023-03-29,6340.0,2335.0,1.0,100,401.35,378.0,0,0.0,0.0,,0.0,1,0.01,0.0,SPY230329C00412000,412.0,expirationDay
2023-03-30,6340.0,2567.0,0.0,100,403.7,378.0,0,0.0,0.0,,0.0,1,0.15,0.18,SPY230405C00414000,414.0,normalDay
2023-03-31,6340.0,3070.0,0.0,100,409.39,378.0,0,0.0,0.0,,0.0,1,0.15,0.84,SPY230405C00414000,414.0,normalDay
2023-04-03,6340.0,3241.0,0.0,100,410.95,378.0,0,0.0,0.0,,0.0,1,0.15,0.69,SPY230405C00414000,414.0,normalDay
2023-04-04,6340.0,3075.0,0.0,100,408.67,378.0,0,0.0,0.0,,0.0,1,0.15,0.07,SPY230405C00414000,414.0,normalDay
2023-04-05,6355.0,2960.0,15.0,100,407.6,378.0,0,0.0,0.0,,0.0,1,0.15,0.0,SPY230405C00414000,414.0,expirationDay
2023-04-06,6355.0,3119.0,0.0,100,409.19,378.0,0,0.0,0.0,,0.0,0,0.0,0.0,,0.0,bidTooLow
2023-04-10,6355.0,3161.0,0.0,100,409.61,378.0,0,0.0,0.0,,0.0,0,0.0,0.0,,0.0,bidTooLow
2023-04-11,6355.0,3169.0,0.0,100,409.72,378.0,0,0.0,0.0,,0.0,1,0.02,0.05,SPY230417C00426000,426.0,normalDay
2023-04-12,6355.0,3006.0,0.0,100,408.05,378.0,0,0.0,0.0,,0.0,1,0.02,0.01,SPY230417C00426000,426.0,normalDay
2023-04-13,6355.0,3547.0,0.0,100,413.47,378.0,0,0.0,0.0,,0.0,1,0.02,0.02,SPY230417C00426000,426.0,normalDay
2023-04-14,6355.0,3447.0,0.0,100,412.46,378.0,0,0.0,0.0,,0.0,1,0.02,0.01,SPY230417C00426000,426.0,normalDay
2023-04-17,6357.0,3594.0,2.0,100,413.94,378.0,0,0.0,0.0,,0.0,1,0.02,0.0,SPY230417C00426000,426.0,expirationDay
2023-04-18,6357.0,3621.0,0.0,100,414.21,378.0,0,0.0,0.0,,0.0,0,0.0,0.0,,0.0,bidTooLow
2023-04-19,6357.0,3614.0,0.0,100,414.14,378.0,0,0.0,0.0,,0.0,0,0.0,0.0,,0.0,bidTooLow
2023-04-20,6357.0,3388.0,0.0,100,411.88,378.0,0,0.0,0.0,,0.0,0,0.0,0.0,,0.0,bidTooLow
2023-04-21,6357.0,3420.0,0.0,100,412.2,378.0,0,0.0,0.0,,0.0,0,0.0,0.0,,0.0,bidTooLow
2023-04-24,6357.0,3463.0,0.0,100,412.63,378.0,0,0.0,0.0,,0.0,0,0.0,0.0,,0.0,bidTooLow
2023-04-25,6357.0,2808.0,0.0,100,406.08,378.0,0,0.0,0.0,,0.0,0,0.0,0.0,,0.0,bidTooLow
2023-04-26,6357.0,2636.0,0.0,100,404.36,378.0,0,0.0,0.0,,0.0,0,0.0,0.0,,0.0,bidTooLow
2023-04-27,6357.0,3438.0,0.0,100,412.41,378.0,0,0.0,0.0,,0.0,1,0.52,0.55,SPY230503C00421000,421.0,normalDay
2023-04-28,6357.0,3765.0,0.0,100,415.93,378.0,0,0.0,0.0,,0.0,1,0.52,0.8,SPY230503C00421000,421.0,normalDay
2023-05-01,6357.0,3767.0,0.0,100,415.51,378.0,0,0.0,0.0,,0.0,1,0.52,0.36,SPY230503C00421000,421.0,normalDay
2023-05-02,6357.0,3333.0,0.0,100,410.84,378.0,0,0.0,0.0,,0.0,1,0.52,0.03,SPY230503C00421000,421.0,normalDay
2023-05-03,6409.0,3002.0,52.0,100,408.02,378.0,0,0.0,0.0,,0.0,1,0.52,0.0,SPY230503C00421000,421.0,expirationDay
2023-05-04,6409.0,2710.0,0.0,100,405.13,378.0,0,0.0,0.0,,0.0,1,0.03,0.06,SPY230510C00422000,422.0,normalDay
2023-05-05,6409.0,3457.0,0.0,100,412.63,378.0,0,0.0,0.0,,0.0,1,0.03,0.09,SPY230510C00422000,422.0,normalDay
2023-05-08,6409.0,3473.0,0.0,100,412.74,378.0,0,0.0,0.0,,0.0,1,0.03,0.04,SPY230510C00422000,422.0,normalDay
2023-05-09,6409.0,3294.0,0.0,100,410.93,378.0,0,0.0,0.0,,0.0,1,0.03,0.02,SPY230510C00422000,422.0,normalDay
2023-05-10,6412.0,3485.0,3.0,100,412.85,378.0,0,0.0,0.0,,0.0,1,0.03,0.0,SPY230510C00422000,422.0,expirationDay
2023-05-11,6412.0,3410.0,0.0,100,412.13,378.0,0,0.0,0.0,,0.0,1,0.02,0.05,SPY230517C00423000,423.0,normalDay
2023-05-12,6412.0,3359.0,0.0,100,411.59,378.0,0,0.0,0.0,,0.0,1,0.02,0.02,SPY230517C00423000,423.0,normalDay
2023-05-15,6412.0,3501.0,0.0,100,413.01,378.0,0,0.0,0.0,,0.0,1,0.02,0.02,SPY230517C00423000,423.0,normalDay
2023-05-16,6412.0,3226.0,0.0,100,410.25,378.0,0,0.0,0.0,,0.0,1,0.02,0.01,SPY230517C00423000,423.0,normalDay
2023-05-17,6414.0,3723.0,2.0,100,415.23,378.0,0,0.0,0.0,,0.0,1,0.02,0.0,SPY230517C00423000,423.0,expirationDay
2023-05-18,6414.0,4120.0,0.0,100,419.23,378.0,0,0.0,0.0,,0.0,1,0.67,0.7,SPY230524C00424000,424.0,normalDay
2023-05-19,6414.0,4086.0,0.0,100,418.62,378.0,0,0.0,0.0,,0.0,1,0.67,0.43,SPY230524C00424000,424.0,normalDay
2023-05-22,6414.0,4125.0,0.0,100,418.79,378.0,0,0.0,0.0,,0.0,1,0.67,0.21,SPY230524C00424000,424.0,normalDay
2023-05-23,6414.0,3674.0,0.0,100,414.09,378.0,0,0.0,0.0,,0.0,1,0.67,0.02,SPY230524C00424000,424.0,normalDay
2023-05-24,6481.0,3309.0,67.0,100,411.09,378.0,0,0.0,0.0,,0.0,1,0.67,0.0,SPY230524C00424000,424.0,expirationDay
2023-05-25,6481.0,3662.0,0.0,100,414.65,378.0,0,0.0,0.0,,0.0,1,0.16,0.19,SPY230531C00425000,425.0,normalDay
2023-05-26,6481.0,4158.0,0.0,100,420.02,378.0,0,0.0,0.0,,0.0,1,0.16,0.6,SPY230531C00425000,425.0,normalDay
2023-05-30,6481.0,4219.0,0.0,100,420.18,378.0,0,0.0,0.0,,0.0,1,0.16,0.15,SPY230531C00425000,425.0,normalDay
2023-05-31,6497.0,3985.0,16.0,100,417.85,378.0,0,0.0,0.0,,0.0,1,0.16,0.0,SPY230531C00425000,425.0,expirationDay
2023-06-01,6497.0,4379.0,0.0,100,421.82,378.0,0,0.0,0.0,,0.0,1,0.26,0.29,SPY230607C00429000,429.0,normalDay
2023-06-02,6497.0,4871.0,0.0,100,427.92,378.0,0,0.0,0.0,,0.0,1,0.26,1.47,SPY230607C00429000,429.0,normalDay
2023-06-05,6497.0,4860.0,0.0,100,427.1,378.0,0,0.0,0.0,,0.0,1,0.26,0.76,SPY230607C00429000,429.0,normalDay
2023-06-06,6497.0,4958.0,0.0,100,428.03,378.0,0,0.0,0.0,,0.0,1,0.26,0.71,SPY230607C00429000,429.0,normalDay
2023-06-07,6523.0,4855.0,26.0,100,426.55,378.0,0,0.0,0.0,,0.0,1,0.26,0.0,SPY230607C00429000,429.0,expirationDay
2023-06-08,6523.0,5110.0,0.0,100,429.13,378.0,0,0.0,0.0,,0.0,1,0.09,0.12,SPY230614C00440000,440.0,normalDay
2023-06-09,6523.0,5188.0,0.0,100,429.9,378.0,0,0.0,0.0,,0.0,1,0.09,0.11,SPY230614C00440000,440.0,normalDay
2023-06-12,6523.0,5543.0,0.0,100,433.8,378.0,0,0.0,0.0,,0.0,1,0.09,0.46,SPY230614C00440000,440.0,normalDay
2023-06-13,6523.0,5815.0,0.0,100,436.66,378.0,0,0.0,0.0,,0.0,1,0.09,0.6,SPY230614C00440000,440.0,normalDay
2023-06-14,6532.0,5918.0,9.0,100,437.18,378.0,0,0.0,0.0,,0.0,1,0.09,0.0,SPY230614C00440000,440.0,expirationDay
2023-06-15,6532.0,6457.0,0.0,100,442.6,378.0,0,0.0,0.0,,0.0,1,0.04,0.07,SPY230621C00454000,454.0,normalDay
2023-06-16,6532.0,6148.0,0.0,100,439.46,378.0,0,0.0,0.0,,0.0,1,0.04,0.02,SPY230621C00454000,454.0,normalDay
2023-06-20,6532.0,5921.0,0.0,100,437.18,378.0,0,0.0,0.0,,0.0,1,0.04,0.01,SPY230621C00454000,454.0,normalDay
2023-06-21,6536.0,5694.0,4.0,100,434.94,378.0,0,0.0,0.0,,0.0,1,0.04,0.0,SPY230621C00454000,454.0,expirationDay
2023-06-22,6536.0,5851.0,0.0,100,436.51,378.0,0,0.0,0.0,,0.0,0,0.0,0.0,,0.0,bidTooLow
2023-06-23,6536.0,5521.0,0.0,100,433.21,378.0,0,0.0,0.0,,0.0,0,0.0,0.0,,0.0,bidTooLow
2023-06-26,6536.0,5344.0,0.0,100,431.44,378.0,0,0.0,0.0,,0.0,0,0.0,0.0,,0.0,bidTooLow
2023-06-27,6536.0,5817.0,0.0,100,436.17,378.0,0,0.0,0.0,,0.0,0,0.0,0.0,,0.0,bidTooLow
2023-06-28,6536.0,5839.0,0.0,100,436.39,378.0,0,0.0,0.0,,0.0,0,0.0,0.0,,0.0,bidTooLow
2023-06-29,6536.0,6011.0,0.0,100,438.11,378.0,0,0.0,0.0,,0.0,0,0.0,0.0,,0.0,bidTooLow
2023-06-30,6536.0,6525.0,0.0,100,443.28,378.0,0,0.0,0.0,,0.0,1,0.08,0.11,SPY230706C00451000,451.0,normalDay
2023-07-03,6536.0,6583.0,0.0,100,443.79,378.0,0,0.0,0.0,,0.0,1,0.08,0.04,SPY230706C00451000,451.0,normalDay
2023-07-05,6536.0,6519.0,0.0,100,443.13,378.0,0,0.0,0.0,,0.0,1,0.08,0.02,SPY230706C00451000,451.0,normalDay
2023-07-06,6544.0,6166.0,8.0,100,439.66,378.0,0,0.0,0.0,,0.0,1,0.08,0.0,SPY230706C00451000,451.0,expirationDay
2023-07-07,6544.0,6055.0,0.0,100,438.55,378.0,0,0.0,0.0,,0.0,0,0.0,0.0,,0.0,bidTooLow
2023-07-10,6544.0,6163.0,0.0,100,439.66,378.0,0,0.0,0.0,,0.0,1,0.05,0.08,SPY230714C00451000,451.0,normalDay
2023-07-11,6544.0,6431.0,0.0,100,442.46,378.0,0,0.0,0.0,,0.0,1,0.05,0.2,SPY230714C00451000,451.0,normalDay
2023-07-12,6544.0,6785.0,0.0,100,446.02,378.0,0,0.0,0.0,,0.0,1,0.05,0.22,SPY230714C00451000,451.0,normalDay
2023-07-13,6544.0,7110.0,0.0,100,449.56,378.0,0,0.0,0.0,,0.0,1,0.05,0.51,SPY230714C00451000,451.0,normalDay
2023-07-14,6549.0,7128.0,5.0,100,449.28,378.0,0,0.0,0.0,,0.0,1,0.05,0.0,SPY230714C00451000,451.0,expirationDay
2023-07-17,6549.0,7281.0,0.0,100,450.84,378.0,0,0.0,0.0,,0.0,1,0.11,0.14,SPY230721C00459000,459.0,normalDay
2023-07-18,6549.0,7593.0,0.0,100,454.19,378.0,0,0.0,0.0,,0.0,1,0.11,0.37,SPY230721C00459000,459.0,normalDay
2023-07-19,6549.0,7688.0,0.0,100,455.2,378.0,0,0.0,0.0,,0.0,1,0.11,0.43,SPY230721C00459000,459.0,normalDay
2023-07-20,6549.0,7425.0,0.0,100,452.18,378.0,0,0.0,0.0,,0.0,1,0.11,0.04,SPY230721C00459000,459.0,normalDay
2023-07-21,6560.0,7418.0,11.0,100,452.18,378.0,0,0.0,0.0,,0.0,1,0.11,0.0,SPY230721C00459000,459.0,expirationDay
2023-07-24,6560.0,7617.0,0.0,100,454.2,378.0,0,0.0,0.0,,0.0,1,0.01,0.04,SPY230728C00469000,469.0,normalDay
2023-07-25,6560.0,7741.0,0.0,100,455.44,378.0,0,0.0,0.0,,0.0,1,0.01,0.04,SPY230728C00469000,469.0,normalDay
2023-07-26,6560.0,7750.0,0.0,100,455.51,378.0,0,0.0,0.0,,0.0,1,0.01,0.02,SPY230728C00469000,469.0,normalDay
2023-07-27,6560.0,7449.0,0.0,100,452.49,378.0,0,0.0,0.0,,0.0,1,0.01,0.01,SPY230728C00469000,469.0,normalDay
2023-07-28,6561.0,7892.0,1.0,100,456.92,378.0,0,0.0,0.0,,0.0,1,0.01,0.0,SPY230728C00469000,469.0,expirationDay
2023-07-31,6561.0,7979.0,0.0,100,457.79,378.0,0,0.0,0.0,,0.0,0,0.0,0.0,,0.0,bidTooLow
2023-08-01,6561.0,7848.0,0.0,100,456.48,378.0,0,0.0,0.0,,0.0,0,0.0,0.0,,0.0,bidTooLow
2023-08-02,6561.0,7213.0,0.0,100,450.13,378.0,0,0.0,0.0,,0.0,0,0.0,0.0,,0.0,bidTooLow
2023-08-03,6561.0,7084.0,0.0,100,448.84,378.0,0,0.0,0.0,,0.0,0,0.0,0.0,,0.0,bidTooLow
2023-08-04,6561.0,6881.0,0.0,100,446.81,378.0,0,0.0,0.0,,0.0,0,0.0,0.0,,0.0,bidTooLow
2023-08-07,6561.0,7271.0,0.0,100,450.71,378.0,0,0.0,0.0,,0.0,0,0.0,0.0,,0.0,bidTooLow
2023-08-08,6561.0,7075.0,0.0,100,448.75,378.0,0,0.0,0.0,,0.0,0,0.0,0.0,,0.0,bidTooLow
2023-08-09,6561.0,6775.0,0.0,100,445.75,378.0,0,0.0,0.0,,0.0,0,0.0,0.0,,0.0,bidTooLow
2023-08-10,6561.0,6791.0,0.0,100,445.91,378.0,0,0.0,0.0,,0.0,0,0.0,0.0,,0.0,bidTooLow
2023-08-11,6561.0,6765.0,0.0,100,445.65,378.0,0,0.0,0.0,,0.0,0,0.0,0.0,,0.0,bidTooLow
2023-08-14,6561.0,7011.0,0.0,100,448.11,378.0,0,0.0,0.0,,0.0,0,0.0,0.0,,0.0,bidTooLow
2023-08-15,6561.0,6489.0,0.0,100,442.89,378.0,0,0.0,0.0,,0.0,0,0.0,0.0,,0.0,bidTooLow
2023-08-16,6561.0,6164.0,0.0,100,439.64,378.0,0,0.0,0.0,,0.0,0,0.0,0.0,,0.0,bidTooLow
2023-08-17,6561.0,5829.0,0.0,100,436.29,378.0,0,0.0,0.0,,0.0,0,0.0,0.0,,0.0,bidTooLow
2023-08-18,6561.0,5850.0,0.0,100,436.5,378.0,0,0.0,0.0,,0.0,0,0.0,0.0,,0.0,bidTooLow
2023-08-21,6561.0,6134.0,0.0,100,439.34,378.0,0,0.0,0.0,,0.0,0,0.0,0.0,,0.0,bidTooLow
2023-08-22,6561.0,6015.0,0.0,100,438.15,378.0,0,0.0,0.0,,0.0,0,0.0,0.0,,0.0,bidTooLow
2023-08-23,6561.0,6503.0,0.0,100,443.03,378.0,0,0.0,0.0,,0.0,0,0.0,0.0,,0.0,bidTooLow
2023-08-24,6561.0,5889.0,0.0,100,436.89,378.0,0,0.0,0.0,,0.0,0,0.0,0.0,,0.0,bidTooLow
2023-08-25,6561.0,6197.0,0.0,100,439.97,378.0,0,0.0,0.0,,0.0,0,0.0,0.0,,0.0,bidTooLow
2023-08-28,6561.0,6476.0,0.0,100,442.76,378.0,0,0.0,0.0,,0.0,0,0.0,0.0,,0.0,bidTooLow
2023-08-29,6561.0,7113.0,0.0,100,449.16,378.0,0,0.0,0.0,,0.0,1,0.05,0.08,SPY230901C00460000,460.0,normalDay
2023-08-30,6561.0,7301.0,0.0,100,451.01,378.0,0,0.0,0.0,,0.0,1,0.05,0.05,SPY230901C00460000,460.0,normalDay
2023-08-31,6561.0,7238.0,0.0,100,450.35,378.0,0,0.0,0.0,,0.0,1,0.05,0.02,SPY230901C00460000,460.0,normalDay
2023-09-01,6566.0,7319.0,5.0,100,451.19,378.0,0,0.0,0.0,,0.0,1,0.05,0.0,SPY230901C00460000,460.0,expirationDay
2023-09-05,6566.0,7124.0,0.0,100,449.24,378.0,0,0.0,0.0,,0.0,0,0.0,0.0,,0.0,bidTooLow
2023-09-06,6566.0,6822.0,0.0,100,446.22,378.0,0,0.0,0.0,,0.0,0,0.0,0.0,,0.0,bidTooLow
2023-09-07,6566.0,6685.0,0.0,100,444.85,378.0,0,0.0,0.0,,0.0,0,0.0,0.0,,0.0,bidTooLow
2023-09-08,6566.0,6752.0,0.0,100,445.52,378.0,0,0.0,0.0,,0.0,0,0.0,0.0,,0.0,bidTooLow
2023-09-11,6566.0,7045.0,0.0,100,448.45,378.0,0,0.0,0.0,,0.0,0,0.0,0.0,,0.0,bidTooLow
2023-09-12,6566.0,6799.0,0.0,100,445.99,378.0,0,0.0,0.0,,0.0,0,0.0,0.0,,0.0,bidTooLow
2023-09-13,6566.0,6851.0,0.0,100,446.51,378.0,0,0.0,0.0,,0.0,0,0.0,0.0,,0.0,bidTooLow
2023-09-14,6566.0,7236.0,0.0,100,450.36,378.0,0,0.0,0.0,,0.0,0,0.0,0.0,,0.0,bidTooLow
2023-09-15,6566.0,6537.0,0.0,100,443.37,378.0,0,0.0,0.0,,0.0,0,0.0,0.0,,0.0,bidTooLow
2023-09-18,6566.0,6563.0,0.0,100,443.63,378.0,0,0.0,0.0,,0.0,0,0.0,0.0,,0.0,bidTooLow
2023-09-19,6566.0,6471.0,0.0,100,442.71,378.0,0,0.0,0.0,,0.0,0,0.0,0.0,,0.0,bidTooLow
2023-09-20,6566.0,6064.0,0.0,100,438.64,378.0,0,0.0,0.0,,0.0,0,0.0,0.0,,0.0,bidTooLow
2023-09-21,6566.0,5339.0,0.0,100,431.39,378.0,0,0.0,0.0,,0.0,0,0.0,0.0,,0.0,bidTooLow
2023-09-22,6566.0,5242.0,0.0,100,430.42,378.0,0,0.0,0.0,,0.0,0,0.0,0.0,,0.0,bidTooLow
2023-09-25,6566.0,5423.0,0.0,100,432.23,378.0,0,0.0,0.0,,0.0,0,0.0,0.0,,0.0,bidTooLow
2023-09-26,6566.0,4788.0,0.0,100,425.88,378.0,0,0.0,0.0,,0.0,0,0.0,0.0,,0.0,bidTooLow
2023-09-27,6566.0,4805.0,0.0,100,426.05,378.0,0,0.0,0.0,,0.0,0,0.0,0.0,,0.0,bidTooLow
2023-09-28,6566.0,5052.0,0.0,100,428.52,378.0,0,0.0,0.0,,0.0,0,0.0,0.0,,0.0,bidTooLow
2023-09-29,6566.0,4948.0,0.0,100,427.48,378.0,0,0.0,0.0,,0.0,0,0.0,0.0,,0.0,bidTooLow
2023-10-02,6566.0,4931.0,0.0,100,427.31,378.0,0,0.0,0.0,,0.0,0,0.0,0.0,,0.0,bidTooLow
2023-10-03,6566.0,4359.0,0.0,100,421.59,378.0,0,0.0,0.0,,0.0,0,0.0,0.0,,0.0,bidTooLow
2023-10-04,6566.0,4666.0,0.0,100,424.66,378.0,0,0.0,0.0,,0.0,0,0.0,0.0,,0.0,bidTooLow
2023-10-05,6566.0,4650.0,0.0,100,424.5,378.0,0,0.0,0.0,,0.0,0,0.0,0.0,,0.0,bidTooLow
2023-10-06,6566.0,5154.0,0.0,100,429.54,378.0,0,0.0,0.0,,0.0,0,0.0,0.0,,0.0,bidTooLow
2023-10-09,6566.0,5429.0,0.0,100,432.29,378.0,0,0.0,0.0,,0.0,0,0.0,0.0,,0.0,bidTooLow
2023-10-10,6566.0,5654.0,0.0,100,434.54,378.0,0,0.0,0.0,,0.0,0,0.0,0.0,,0.0,bidTooLow
2023-10-11,6566.0,5832.0,0.0,100,436.32,378.0,0,0.0,0.0,,0.0,0,0.0,0.0,,0.0,bidTooLow
2023-10-12,6566.0,5566.0,0.0,100,433.66,378.0,0,0.0,0.0,,0.0,0,0.0,0.0,,0.0,bidTooLow
2023-10-13,6566.0,5350.0,0.0,100,431.5,378.0,0,0.0,0.0,,0.0,0,0.0,0.0,,0.0,bidTooLow
2023-10-16,6566.0,5801.0,0.0,100,436.04,378.0,0,0.0,0.0,,0.0,1,0.03,0.06,SPY231020C00449000,449.0,normalDay
2023-10-17,6566.0,5801.0,0.0,100,436.02,378.0,0,0.0,0.0,,0.0,1,0.03,0.04,SPY231020C00449000,449.0,normalDay
2023-10-18,6566.0,5222.0,0.0,100,430.21,378.0,0,0.0,0.0,,0.0,1,0.03,0.02,SPY231020C00449000,449.0,normalDay
2023-10-19,6566.0,4845.0,0.0,100,426.43,378.0,0,0.0,0.0,,0.0,1,0.03,0.01,SPY231020C00449000,449.0,normalDay
2023-10-20,6569.0,4319.0,3.0,100,421.19,378.0,0,0.0,0.0,,0.0,1,0.03,0.0,SPY231020C00449000,449.0,expirationDay
2023-10-23,6569.0,4246.0,0.0,100,420.46,378.0,0,0.0,0.0,,0.0,0,0.0,0.0,,0.0,bidTooLow
2023-10-24,6569.0,4563.0,0.0,100,423.63,378.0,0,0.0,0.0,,0.0,0,0.0,0.0,,0.0,bidTooLow
2023-10-25,6569.0,3955.0,0.0,100,417.55,378.0,0,0.0,0.0,,0.0,0,0.0,0.0,,0.0,bidTooLow
2023-10-26,6569.0,3455.0,0.0,100,412.55,378.0,0,0.0,0.0,,0.0,0,0.0,0.0,,0.0,bidTooLow
2023-10-27,6569.0,3268.0,0.0,100,410.68,378.0,0,0.0,0.0,,0.0,0,0.0,0.0,,0.0,bidTooLow
2023-10-30,6569.0,3759.0,0.0,100,415.59,378.0,0,0.0,0.0,,0.0,0,0.0,0.0,,0.0,bidTooLow
2023-10-31,6569.0,4020.0,0.0,100,418.2,378.0,0,0.0,0.0,,0.0,0,0.0,0.0,,0.0,bidTooLow
2023-11-01,6569.0,4466.0,0.0,100,422.66,378.0,0,0.0,0.0,,0.0,0,0.0,0.0,,0.0,bidTooLow
2023-11-02,6569.0,5276.0,0.0,100,430.76,378.0,0,0.0,0.0,,0.0,0,0.0,0.0,,0.0,bidTooLow
2023-11-03,6569.0,5669.0,0.0,100,434.69,378.0,0,0.0,0.0,,0.0,0,0.0,0.0,,0.0,bidTooLow
2023-11-06,6569.0,5769.0,0.0,100,435.69,378.0,0,0.0,0.0,,0.0,0,0.0,0.0,,0.0,bidTooLow
2023-11-07,6569.0,5893.0,0.0,100,436.93,378.0,0,0.0,0.0,,0.0,0,0.0,0.0,,0.0,bidTooLow
2023-11-08,6569.0,5925.0,0.0,100,437.25,378.0,0,0.0,0.0,,0.0,0,0.0,0.0,,0.0,bidTooLow
2023-11-09,6569.0,5584.0,0.0,100,433.84,378.0,0,0.0,0.0,,0.0,0,0.0,0.0,,0.0,bidTooLow
2023-11-10,6569.0,6261.0,0.0,100,440.61,378.0,0,0.0,0.0,,0.0,0,0.0,0.0,,0.0,bidTooLow
2023-11-13,6569.0,6219.0,0.0,100,440.19,378.0,0,0.0,0.0,,0.0,0,0.0,0.0,,0.0,bidTooLow
2023-11-14,6569.0,7070.0,0.0,100,448.73,378.0,0,0.0,0.0,,0.0,1,0.03,0.06,SPY231120C00464000,464.0,normalDay
2023-11-15,6569.0,7168.0,0.0,100,449.68,378.0,0,0.0,0.0,,0.0,1,0.03,0.03,SPY231120C00464000,464.0,normalDay
2023-11-16,6569.0,7224.0,0.0,100,450.23,378.0,0,0.0,0.0,,0.0,1,0.03,0.02,SPY231120C00464000,464.0,normalDay
2023-11-17,6569.0,7281.0,0.0,100,450.79,378.0,0,0.0,0.0,,0.0,1,0.03,0.01,SPY231120C00464000,464.0,normalDay
2023-11-20,6572.0,7626.0,3.0,100,454.26,378.0,0,0.0,0.0,,0.0,1,0.03,0.0,SPY231120C00464000,464.0,expirationDay
2023-11-21,6572.0,7527.0,0.0,100,453.27,378.0,0,0.0,0.0,,0.0,0,0.0,0.0,,0.0,bidTooLow
2023-11-22,6572.0,7702.0,0.0,100,455.02,378.0,0,0.0,0.0,,0.0,0,0.0,0.0,,0.0,bidTooLow
2023-11-24,6572.0,7730.0,0.0,100,455.3,378.0,0,0.0,0.0,,0.0,0,0.0,0.0,,0.0,bidTooLow
2023-11-27,6572.0,7648.0,0.0,100,454.48,378.0,0,0.0,0.0,,0.0,0,0.0,0.0,,0.0,bidTooLow
2023-11-28,6572.0,7693.0,0.0,100,454.93,378.0,0,0.0,0.0,,0.0,0,0.0,0.0,,0.0,bidTooLow
2023-11-29,6572.0,7661.0,0.0,100,454.61,378.0,0,0.0,0.0,,0.0,0,0.0,0.0,,0.0,bidTooLow
2023-11-30,6572.0,7840.0,0.0,100,456.4,378.0,0,0.0,0.0,,0.0,0,0.0,0.0,,0.0,bidTooLow
