date,totalCapital,unrializedPnL,rializedPnL,stocksOwned,stocksPriceToday,stocksPriceBoughtAt,putOwned,putOwnedSoldAt,putPriceToday,putOwnedContract,putOwnedStrike,callOwned,callOwnedSoldAt,callPriceToday,callOwnedContract,callOwnedStrike,trackType
2018-11-01,0.0,-5.0,0.0,0,273.51,0.0,1,2.22,2.27,SPY190118P00245000,245.0,0,0.0,0.0,,0.0,normalDay
2018-11-02,0.0,-21.0,0.0,0,271.89,0.0,1,2.22,2.43,SPY190118P00245000,245.0,0,0.0,0.0,,0.0,normalDay
2018-11-05,0.0,6.0,0.0,0,273.39,0.0,1,2.22,2.16,SPY190118P00245000,245.0,0,0.0,0.0,,0.0,normalDay
2018-11-06,0.0,32.0,0.0,0,275.12,0.0,1,2.22,1.9,SPY190118P00245000,245.0,0,0.0,0.0,,0.0,normalDay
2018-11-07,0.0,108.0,0.0,0,281.01,0.0,1,2.22,1.14,SPY190118P00245000,245.0,0,0.0,0.0,,0.0,normalDay
2018-11-08,0.0,107.0,0.0,0,280.5,0.0,1,2.22,1.15,SPY190118P00245000,245.0,0,0.0,0.0,,0.0,normalDay
2018-11-09,0.0,78.0,0.0,0,277.76,0.0,1,2.22,1.44,SPY190118P00245000,245.0,0,0.0,0.0,,0.0,normalDay
2018-11-12,0.0,15.0,0.0,0,272.57,0.0,1,2.22,2.07,SPY190118P00245000,245.0,0,0.0,0.0,,0.0,normalDay
2018-11-13,0.0,11.0,0.0,0,272.06,0.0,1,2.22,2.11,SPY190118P00245000,245.0,0,0.0,0.0,,0.0,normalDay
2018-11-14,0.0,-23.0,0.0,0,270.2,0.0,1,2.22,2.45,SPY190118P00245000,245.0,0,0.0,0.0,,0.0,normalDay
2018-11-15,0.0,30.0,0.0,0,273.02,0.0,1,2.22,1.92,SPY190118P00245000,245.0,0,0.0,0.0,,0.0,normalDay
2018-11-16,0.0,66.0,0.0,0,273.73,0.0,1,2.22,1.56,SPY190118P00245000,245.0,0,0.0,0.0,,0.0,normalDay
2018-11-19,0.0,5.0,0.0,0,269.1,0.0,1,2.22,2.17,SPY190118P00245000,245.0,0,0.0,0.0,,0.0,normalDay
2018-11-20,0.0,-97.0,0.0,0,264.12,0.0,1,2.22,3.19,SPY190118P00245000,245.0,0,0.0,0.0,,0.0,normalDay
2018-11-21,0.0,-45.0,0.0,0,265.02,0.0,1,2.22,2.67,SPY190118P00245000,245.0,0,0.0,0.0,,0.0,normalDay
2018-11-23,0.0,-75.0,0.0,0,263.25,0.0,1,2.22,2.97,SPY190118P00245000,245.0,0,0.0,0.0,,0.0,normalDay
2018-11-26,0.0,47.0,0.0,0,267.5,0.0,1,2.22,1.75,SPY190118P00245000,245.0,0,0.0,0.0,,0.0,normalDay
2018-11-27,0.0,55.0,0.0,0,268.4,0.0,1,2.22,1.67,SPY190118P00245000,245.0,0,0.0,0.0,,0.0,normalDay
2018-11-28,0.0,114.0,0.0,0,274.58,0.0,1,2.22,1.08,SPY190118P00245000,245.0,0,0.0,0.0,,0.0,normalDay
2018-11-29,0.0,104.0,0.0,0,273.98,0.0,1,2.22,1.18,SPY190118P00245000,245.0,0,0.0,0.0,,0.0,normalDay
2018-11-30,0.0,127.0,0.0,0,275.65,0.0,1,2.22,0.95,SPY190118P00245000,245.0,0,0.0,0.0,,0.0,normalDay
2018-12-03,0.0,160.0,0.0,0,279.3,0.0,1,2.22,0.62,SPY190118P00245000,245.0,0,0.0,0.0,,0.0,normalDay
2018-12-04,0.0,69.0,0.0,0,270.25,0.0,1,2.22,1.53,SPY190118P00245000,245.0,0,0.0,0.0,,0.0,normalDay
2018-12-06,0.0,65.0,0.0,0,269.84,0.0,1,2.22,1.57,SPY190118P00245000,245.0,0,0.0,0.0,,0.0,normalDay
2018-12-07,0.0,-41.0,0.0,0,263.57,0.0,1,2.22,2.63,SPY190118P00245000,245.0,0,0.0,0.0,,0.0,normalDay
2018-12-10,0.0,12.0,0.0,0,264.07,0.0,1,2.22,2.1,SPY190118P00245000,245.0,0,0.0,0.0,,0.0,normalDay
2018-12-11,0.0,28.0,0.0,0,264.13,0.0,1,2.22,1.94,SPY190118P00245000,245.0,0,0.0,0.0,,0.0,normalDay
2018-12-12,0.0,49.0,0.0,0,265.46,0.0,1,2.22,1.73,SPY190118P00245000,245.0,0,0.0,0.0,,0.0,normalDay
2018-12-13,0.0,72.0,0.0,0,265.37,0.0,1,2.22,1.5,SPY190118P00245000,245.0,0,0.0,0.0,,0.0,normalDay
2018-12-14,0.0,6.0,0.0,0,260.47,0.0,1,2.22,2.16,SPY190118P00245000,245.0,0,0.0,0.0,,0.0,normalDay
2018-12-17,0.0,-106.0,0.0,0,255.36,0.0,1,2.22,3.28,SPY190118P00245000,245.0,0,0.0,0.0,,0.0,normalDay
2018-12-18,0.0,-140.0,0.0,0,255.08,0.0,1,2.22,3.62,SPY190118P00245000,245.0,0,0.0,0.0,,0.0,normalDay
2018-12-19,0.0,-199.0,0.0,0,251.26,0.0,1,2.22,4.21,SPY190118P00245000,245.0,0,0.0,0.0,,0.0,normalDay
2018-12-20,0.0,-377.0,0.0,0,247.17,0.0,1,2.22,5.99,SPY190118P00245000,245.0,0,0.0,0.0,,0.0,normalDay
2018-12-21,0.0,-705.0,0.0,0,240.7,0.0,1,2.22,9.27,SPY190118P00245000,245.0,0,0.0,0.0,,0.0,normalDay
2018-12-24,0.0,-1278.0,0.0,0,234.34,0.0,1,2.22,15.0,SPY190118P00245000,245.0,0,0.0,0.0,,0.0,normalDay
2018-12-26,0.0,-390.0,0.0,0,246.18,0.0,1,2.22,6.12,SPY190118P00245000,245.0,0,0.0,0.0,,0.0,normalDay
2018-12-27,0.0,-319.0,0.0,0,248.07,0.0,1,2.22,5.41,SPY190118P00245000,245.0,0,0.0,0.0,,0.0,normalDay
2018-12-28,0.0,-297.0,0.0,0,247.75,0.0,1,2.22,5.19,SPY190118P00245000,245.0,0,0.0,0.0,,0.0,normalDay
2018-12-31,0.0,-125.0,0.0,0,249.92,0.0,1,2.22,3.47,SPY190118P00245000,245.0,0,0.0,0.0,,0.0,normalDay
2019-01-02,0.0,-31.0,0.0,0,250.18,0.0,1,2.22,2.53,SPY190118P00245000,245.0,0,0.0,0.0,,0.0,normalDay
2019-01-03,0.0,-286.0,0.0,0,244.21,0.0,1,2.22,5.08,SPY190118P00245000,245.0,0,0.0,0.0,,0.0,normalDay
2019-01-04,0.0,66.0,0.0,0,252.39,0.0,1,2.22,1.56,SPY190118P00245000,245.0,0,0.0,0.0,,0.0,normalDay
2019-01-07,0.0,115.0,0.0,0,254.38,0.0,1,2.22,1.07,SPY190118P00245000,245.0,0,0.0,0.0,,0.0,normalDay
2019-01-08,0.0,159.0,0.0,0,256.77,0.0,1,2.22,0.63,SPY190118P00245000,245.0,0,0.0,0.0,,0.0,normalDay
2019-01-09,0.0,182.0,0.0,0,257.97,0.0,1,2.22,0.4,SPY190118P00245000,245.0,0,0.0,0.0,,0.0,normalDay
2019-01-10,0.0,200.0,0.0,0,258.88,0.0,1,2.22,0.22,SPY190118P00245000,245.0,0,0.0,0.0,,0.0,normalDay
2019-01-11,0.0,213.0,0.0,0,258.98,0.0,1,2.22,0.09,SPY190118P00245000,245.0,0,0.0,0.0,,0.0,normalDay
2019-01-14,0.0,213.0,0.0,0,257.4,0.0,1,2.22,0.09,SPY190118P00245000,245.0,0,0.0,0.0,,0.0,normalDay
2019-01-15,0.0,218.0,0.0,0,260.35,0.0,1,2.22,0.04,SPY190118P00245000,245.0,0,0.0,0.0,,0.0,normalDay
2019-01-16,0.0,220.0,0.0,0,260.98,0.0,1,2.22,0.02,SPY190118P00245000,245.0,0,0.0,0.0,,0.0,normalDay
2019-01-17,0.0,221.0,0.0,0,262.96,0.0,1,2.22,0.01,SPY190118P00245000,245.0,0,0.0,0.0,,0.0,normalDay
2019-01-18,222.0,0.0,222.0,0,266.46,0.0,1,2.22,0.0,SPY190118P00245000,245.0,0,0.0,0.0,,0.0,expirationDay
2019-01-22,222.0,-5.0,0.0,0,262.86,0.0,1,1.22,1.27,SPY190418P00219000,219.0,0,0.0,0.0,,0.0,normalDay
2019-01-23,222.0,5.0,0.0,0,263.41,0.0,1,1.22,1.17,SPY190418P00219000,219.0,0,0.0,0.0,,0.0,normalDay
2019-01-24,222.0,12.0,0.0,0,263.55,0.0,1,1.22,1.1,SPY190418P00219000,219.0,0,0.0,0.0,,0.0,normalDay
2019-01-25,222.0,39.0,0.0,0,265.78,0.0,1,1.22,0.83,SPY190418P00219000,219.0,0,0.0,0.0,,0.0,normalDay
2019-01-28,222.0,27.0,0.0,0,263.76,0.0,1,1.22,0.95,SPY190418P00219000,219.0,0,0.0,0.0,,0.0,normalDay
2019-01-29,222.0,26.0,0.0,0,263.41,0.0,1,1.22,0.96,SPY190418P00219000,219.0,0,0.0,0.0,,0.0,normalDay
2019-01-30,222.0,53.0,0.0,0,267.58,0.0,1,1.22,0.69,SPY190418P00219000,219.0,0,0.0,0.0,,0.0,normalDay
2019-01-31,222.0,68.0,0.0,0,269.93,0.0,1,1.22,0.54,SPY190418P00219000,219.0,0,0.0,0.0,,0.0,normalDay
2019-02-01,222.0,72.0,0.0,0,270.06,0.0,1,1.22,0.5,SPY190418P00219000,219.0,0,0.0,0.0,,0.0,normalDay
2019-02-04,222.0,80.0,0.0,0,271.96,0.0,1,1.22,0.42,SPY190418P00219000,219.0,0,0.0,0.0,,0.0,normalDay
2019-02-05,222.0,81.0,0.0,0,273.1,0.0,1,1.22,0.41,SPY190418P00219000,219.0,0,0.0,0.0,,0.0,normalDay
2019-02-06,222.0,82.0,0.0,0,272.74,0.0,1,1.22,0.4,SPY190418P00219000,219.0,0,0.0,0.0,,0.0,normalDay
2019-02-07,222.0,76.0,0.0,0,270.14,0.0,1,1.22,0.46,SPY190418P00219000,219.0,0,0.0,0.0,,0.0,normalDay
2019-02-08,222.0,80.0,0.0,0,270.47,0.0,1,1.22,0.42,SPY190418P00219000,219.0,0,0.0,0.0,,0.0,normalDay
2019-02-11,222.0,85.0,0.0,0,270.62,0.0,1,1.22,0.37,SPY190418P00219000,219.0,0,0.0,0.0,,0.0,normalDay
2019-02-12,222.0,90.0,0.0,0,274.1,0.0,1,1.22,0.32,SPY190418P00219000,219.0,0,0.0,0.0,,0.0,normalDay
2019-02-13,222.0,91.0,0.0,0,274.99,0.0,1,1.22,0.31,SPY190418P00219000,219.0,0,0.0,0.0,,0.0,normalDay
2019-02-14,222.0,89.0,0.0,0,274.38,0.0,1,1.22,0.33,SPY190418P00219000,219.0,0,0.0,0.0,,0.0,normalDay
2019-02-15,222.0,96.0,0.0,0,277.37,0.0,1,1.22,0.26,SPY190418P00219000,219.0,0,0.0,0.0,,0.0,normalDay
2019-02-19,222.0,98.0,0.0,0,277.85,0.0,1,1.22,0.24,SPY190418P00219000,219.0,0,0.0,0.0,,0.0,normalDay
2019-02-20,222.0,103.0,0.0,0,278.41,0.0,1,1.22,0.19,SPY190418P00219000,219.0,0,0.0,0.0,,0.0,normalDay
2019-02-21,222.0,101.0,0.0,0,277.42,0.0,1,1.22,0.21,SPY190418P00219000,219.0,0,0.0,0.0,,0.0,normalDay
2019-02-22,222.0,105.0,0.0,0,279.14,0.0,1,1.22,0.17,SPY190418P00219000,219.0,0,0.0,0.0,,0.0,normalDay
2019-02-25,222.0,102.0,0.0,0,279.52,0.0,1,1.22,0.2,SPY190418P00219000,219.0,0,0.0,0.0,,0.0,normalDay
2019-02-26,222.0,103.0,0.0,0,279.32,0.0,1,1.22,0.19,SPY190418P00219000,219.0,0,0.0,0.0,,0.0,normalDay
2019-02-27,222.0,104.0,0.0,0,279.2,0.0,1,1.22,0.18,SPY190418P00219000,219.0,0,0.0,0.0,,0.0,normalDay
2019-02-28,222.0,103.0,0.0,0,278.68,0.0,1,1.22,0.19,SPY190418P00219000,219.0,0,0.0,0.0,,0.0,normalDay
2019-03-01,222.0,107.0,0.0,0,280.42,0.0,1,1.22,0.15,SPY190418P00219000,219.0,0,0.0,0.0,,0.0,normalDay
2019-03-04,222.0,107.0,0.0,0,279.4,0.0,1,1.22,0.15,SPY190418P00219000,219.0,0,0.0,0.0,,0.0,normalDay
2019-03-05,222.0,106.0,0.0,0,279.02,0.0,1,1.22,0.16,SPY190418P00219000,219.0,0,0.0,0.0,,0.0,normalDay
2019-03-06,222.0,105.0,0.0,0,277.33,0.0,1,1.22,0.17,SPY190418P00219000,219.0,0,0.0,0.0,,0.0,normalDay
2019-03-07,222.0,103.0,0.0,0,275.01,0.0,1,1.22,0.19,SPY190418P00219000,219.0,0,0.0,0.0,,0.0,normalDay
2019-03-08,222.0,105.0,0.0,0,274.46,0.0,1,1.22,0.17,SPY190418P00219000,219.0,0,0.0,0.0,,0.0,normalDay
2019-03-11,222.0,111.0,0.0,0,278.44,0.0,1,1.22,0.11,SPY190418P00219000,219.0,0,0.0,0.0,,0.0,normalDay
2019-03-12,222.0,113.0,0.0,0,279.49,0.0,1,1.22,0.09,SPY190418P00219000,219.0,0,0.0,0.0,,0.0,normalDay
2019-03-13,222.0,113.0,0.0,0,281.34,0.0,1,1.22,0.09,SPY190418P00219000,219.0,0,0.0,0.0,,0.0,normalDay
2019-03-14,222.0,114.0,0.0,0,281.16,0.0,1,1.22,0.08,SPY190418P00219000,219.0,0,0.0,0.0,,0.0,normalDay
2019-03-15,222.0,115.0,0.0,0,281.31,0.0,1,1.22,0.07,SPY190418P00219000,219.0,0,0.0,0.0,,0.0,normalDay
2019-03-18,222.0,117.0,0.0,0,282.33,0.0,1,1.22,0.05,SPY190418P00219000,219.0,0,0.0,0.0,,0.0,normalDay
2019-03-19,222.0,117.0,0.0,0,282.4,0.0,1,1.22,0.05,SPY190418P00219000,219.0,0,0.0,0.0,,0.0,normalDay
2019-03-20,222.0,117.0,0.0,0,281.55,0.0,1,1.22,0.05,SPY190418P00219000,219.0,0,0.0,0.0,,0.0,normalDay
2019-03-21,222.0,118.0,0.0,0,284.73,0.0,1,1.22,0.04,SPY190418P00219000,219.0,0,0.0,0.0,,0.0,normalDay
2019-03-22,222.0,116.0,0.0,0,279.25,0.0,1,1.22,0.06,SPY190418P00219000,219.0,0,0.0,0.0,,0.0,normalDay
2019-03-25,222.0,118.0,0.0,0,279.04,0.0,1,1.22,0.04,SPY190418P00219000,219.0,0,0.0,0.0,,0.0,normalDay
2019-03-26,222.0,119.0,0.0,0,281.12,0.0,1,1.22,0.03,SPY190418P00219000,219.0,0,0.0,0.0,,0.0,normalDay
2019-03-27,222.0,119.0,0.0,0,279.65,0.0,1,1.22,0.03,SPY190418P00219000,219.0,0,0.0,0.0,,0.0,normalDay
2019-03-28,222.0,119.0,0.0,0,280.71,0.0,1,1.22,0.03,SPY190418P00219000,219.0,0,0.0,0.0,,0.0,normalDay
2019-03-29,222.0,119.0,0.0,0,282.48,0.0,1,1.22,0.03,SPY190418P00219000,219.0,0,0.0,0.0,,0.0,normalDay
2019-04-01,222.0,120.0,0.0,0,285.83,0.0,1,1.22,0.02,SPY190418P00219000,219.0,0,0.0,0.0,,0.0,normalDay
2019-04-02,222.0,120.0,0.0,0,285.97,0.0,1,1.22,0.02,SPY190418P00219000,219.0,0,0.0,0.0,,0.0,normalDay
2019-04-03,222.0,120.0,0.0,0,286.42,0.0,1,1.22,0.02,SPY190418P00219000,219.0,0,0.0,0.0,,0.0,normalDay
2019-04-04,222.0,121.0,0.0,0,287.18,0.0,1,1.22,0.01,SPY190418P00219000,219.0,0,0.0,0.0,,0.0,normalDay
2019-04-05,222.0,121.0,0.0,0,288.57,0.0,1,1.22,0.01,SPY190418P00219000,219.0,0,0.0,0.0,,0.0,normalDay
2019-04-08,222.0,121.0,0.0,0,288.79,0.0,1,1.22,0.01,SPY190418P00219000,219.0,0,0.0,0.0,,0.0,normalDay
2019-04-09,222.0,121.0,0.0,0,287.31,0.0,1,1.22,0.01,SPY190418P00219000,219.0,0,0.0,0.0,,0.0,normalDay
2019-04-10,222.0,121.0,0.0,0,288.29,0.0,1,1.22,0.01,SPY190418P00219000,219.0,0,0.0,0.0,,0.0,normalDay
2019-04-11,222.0,121.0,0.0,0,288.21,0.0,1,1.22,0.01,SPY190418P00219000,219.0,0,0.0,0.0,,0.0,normalDay
2019-04-12,222.0,121.0,0.0,0,290.16,0.0,1,1.22,0.01,SPY190418P00219000,219.0,0,0.0,0.0,,0.0,normalDay
2019-04-15,222.0,121.0,0.0,0,289.97,0.0,1,1.22,0.01,SPY190418P00219000,219.0,0,0.0,0.0,,0.0,normalDay
2019-04-16,222.0,121.0,0.0,0,290.16,0.0,1,1.22,0.01,SPY190418P00219000,219.0,0,0.0,0.0,,0.0,normalDay
2019-04-17,222.0,121.0,0.0,0,289.45,0.0,1,1.22,0.01,SPY190418P00219000,219.0,0,0.0,0.0,,0.0,normalDay
2019-04-18,344.0,0.0,122.0,0,290.02,0.0,1,1.22,0.0,SPY190418P00219000,219.0,0,0.0,0.0,,0.0,expirationDay
2019-04-22,344.0,-4.0,0.0,0,290.27,0.0,1,1.65,1.69,SPY190628P00271000,271.0,0,0.0,0.0,,0.0,normalDay
2019-04-23,344.0,21.0,0.0,0,292.88,0.0,1,1.65,1.44,SPY190628P00271000,271.0,0,0.0,0.0,,0.0,normalDay
2019-04-24,344.0,8.0,0.0,0,292.23,0.0,1,1.65,1.57,SPY190628P00271000,271.0,0,0.0,0.0,,0.0,normalDay
2019-04-25,344.0,2.0,0.0,0,292.05,0.0,1,1.65,1.63,SPY190628P00271000,271.0,0,0.0,0.0,,0.0,normalDay
2019-04-26,344.0,23.0,0.0,0,293.41,0.0,1,1.65,1.42,SPY190628P00271000,271.0,0,0.0,0.0,,0.0,normalDay
2019-04-29,344.0,29.0,0.0,0,293.87,0.0,1,1.65,1.36,SPY190628P00271000,271.0,0,0.0,0.0,,0.0,normalDay
2019-04-30,344.0,32.0,0.0,0,294.02,0.0,1,1.65,1.33,SPY190628P00271000,271.0,0,0.0,0.0,,0.0,normalDay
2019-05-01,344.0,-4.0,0.0,0,291.81,0.0,1,1.65,1.69,SPY190628P00271000,271.0,0,0.0,0.0,,0.0,normalDay
2019-05-02,344.0,-7.0,0.0,0,291.18,0.0,1,1.65,1.72,SPY190628P00271000,271.0,0,0.0,0.0,,0.0,normalDay
2019-05-03,344.0,42.0,0.0,0,294.03,0.0,1,1.65,1.23,SPY190628P00271000,271.0,0,0.0,0.0,,0.0,normalDay
2019-05-06,344.0,5.0,0.0,0,292.82,0.0,1,1.65,1.6,SPY190628P00271000,271.0,0,0.0,0.0,,0.0,normalDay
2019-05-07,344.0,-129.0,0.0,0,287.93,0.0,1,1.65,2.94,SPY190628P00271000,271.0,0,0.0,0.0,,0.0,normalDay
2019-05-08,344.0,-127.0,0.0,0,287.53,0.0,1,1.65,2.92,SPY190628P00271000,271.0,0,0.0,0.0,,0.0,normalDay
2019-05-09,344.0,-125.0,0.0,0,286.66,0.0,1,1.65,2.9,SPY190628P00271000,271.0,0,0.0,0.0,,0.0,normalDay
2019-05-10,344.0,-50.0,0.0,0,288.1,0.0,1,1.65,2.15,SPY190628P00271000,271.0,0,0.0,0.0,,0.0,normalDay
2019-05-13,344.0,-259.0,0.0,0,280.86,0.0,1,1.65,4.24,SPY190628P00271000,271.0,0,0.0,0.0,,0.0,normalDay
2019-05-14,344.0,-151.0,0.0,0,283.4,0.0,1,1.65,3.16,SPY190628P00271000,271.0,0,0.0,0.0,,0.0,normalDay
2019-05-15,344.0,-73.0,0.0,0,285.06,0.0,1,1.65,2.38,SPY190628P00271000,271.0,0,0.0,0.0,,0.0,normalDay
2019-05-16,344.0,-11.0,0.0,0,287.7,0.0,1,1.65,1.76,SPY190628P00271000,271.0,0,0.0,0.0,,0.0,normalDay
2019-05-17,344.0,-44.0,0.0,0,285.84,0.0,1,1.65,2.09,SPY190628P00271000,271.0,0,0.0,0.0,,0.0,normalDay
2019-05-20,344.0,-62.0,0.0,0,283.95,0.0,1,1.65,2.27,SPY190628P00271000,271.0,0,0.0,0.0,,0.0,normalDay
2019-05-21,344.0,6.0,0.0,0,286.51,0.0,1,1.65,1.59,SPY190628P00271000,271.0,0,0.0,0.0,,0.0,normalDay
2019-05-22,344.0,0.0,0.0,0,285.63,0.0,1,1.65,1.65,SPY190628P00271000,271.0,0,0.0,0.0,,0.0,normalDay
2019-05-23,344.0,-94.0,0.0,0,282.14,0.0,1,1.65,2.59,SPY190628P00271000,271.0,0,0.0,0.0,,0.0,normalDay
2019-05-24,344.0,-51.0,0.0,0,282.78,0.0,1,1.65,2.16,SPY190628P00271000,271.0,0,0.0,0.0,,0.0,normalDay
2019-05-28,344.0,-100.0,0.0,0,280.15,0.0,1,1.65,2.65,SPY190628P00271000,271.0,0,0.0,0.0,,0.0,normalDay
2019-05-29,344.0,-147.0,0.0,0,278.27,0.0,1,1.65,3.12,SPY190628P00271000,271.0,0,0.0,0.0,,0.0,normalDay
2019-05-30,344.0,-108.0,0.0,0,279.03,0.0,1,1.65,2.73,SPY190628P00271000,271.0,0,0.0,0.0,,0.0,normalDay
2019-05-31,344.0,-239.0,0.0,0,275.27,0.0,1,1.65,4.04,SPY190628P00271000,271.0,0,0.0,0.0,,0.0,normalDay
2019-06-03,344.0,-228.0,0.0,0,274.57,0.0,1,1.65,3.93,SPY190628P00271000,271.0,0,0.0,0.0,,0.0,normalDay
2019-06-04,344.0,-28.0,0.0,0,280.53,0.0,1,1.65,1.93,SPY190628P00271000,271.0,0,0.0,0.0,,0.0,normalDay
2019-06-05,344.0,42.0,0.0,0,282.96,0.0,1,1.65,1.23,SPY190628P00271000,271.0,0,0.0,0.0,,0.0,normalDay
2019-06-06,344.0,68.0,0.0,0,284.8,0.0,1,1.65,0.97,SPY190628P00271000,271.0,0,0.0,0.0,,0.0,normalDay
2019-06-07,344.0,88.0,0.0,0,287.65,0.0,1,1.65,0.77,SPY190628P00271000,271.0,0,0.0,0.0,,0.0,normalDay
2019-06-10,344.0,113.0,0.0,0,288.97,0.0,1,1.65,0.52,SPY190628P00271000,271.0,0,0.0,0.0,,0.0,normalDay
2019-06-11,344.0,116.0,0.0,0,288.9,0.0,1,1.65,0.49,SPY190628P00271000,271.0,0,0.0,0.0,,0.0,normalDay
2019-06-12,344.0,118.0,0.0,0,288.39,0.0,1,1.65,0.47,SPY190628P00271000,271.0,0,0.0,0.0,,0.0,normalDay
2019-06-13,344.0,130.0,0.0,0,289.58,0.0,1,1.65,0.35,SPY190628P00271000,271.0,0,0.0,0.0,,0.0,normalDay
2019-06-14,344.0,140.0,0.0,0,289.26,0.0,1,1.65,0.25,SPY190628P00271000,271.0,0,0.0,0.0,,0.0,normalDay
2019-06-17,344.0,144.0,0.0,0,289.37,0.0,1,1.65,0.21,SPY190628P00271000,271.0,0,0.0,0.0,,0.0,normalDay
2019-06-18,344.0,153.0,0.0,0,292.4,0.0,1,1.65,0.12,SPY190628P00271000,271.0,0,0.0,0.0,,0.0,normalDay
2019-06-19,344.0,157.0,0.0,0,293.06,0.0,1,1.65,0.08,SPY190628P00271000,271.0,0,0.0,0.0,,0.0,normalDay
2019-06-20,344.0,157.0,0.0,0,295.86,0.0,1,1.65,0.08,SPY190628P00271000,271.0,0,0.0,0.0,,0.0,normalDay
2019-06-21,344.0,159.0,0.0,0,294.0,0.0,1,1.65,0.06,SPY190628P00271000,271.0,0,0.0,0.0,,0.0,normalDay
2019-06-24,344.0,162.0,0.0,0,293.64,0.0,1,1.65,0.03,SPY190628P00271000,271.0,0,0.0,0.0,,0.0,normalDay
2019-06-25,344.0,162.0,0.0,0,290.76,0.0,1,1.65,0.03,SPY190628P00271000,271.0,0,0.0,0.0,,0.0,normalDay
2019-06-26,344.0,163.0,0.0,0,290.47,0.0,1,1.65,0.02,SPY190628P00271000,271.0,0,0.0,0.0,,0.0,normalDay
2019-06-27,344.0,164.0,0.0,0,291.5,0.0,1,1.65,0.01,SPY190628P00271000,271.0,0,0.0,0.0,,0.0,normalDay
2019-06-28,509.0,0.0,165.0,0,293.0,0.0,1,1.65,0.0,SPY190628P00271000,271.0,0,0.0,0.0,,0.0,expirationDay
2019-07-01,509.0,-4.0,0.0,0,295.66,0.0,1,2.17,2.21,SPY190920P00273000,273.0,0,0.0,0.0,,0.0,normalDay
2019-07-02,509.0,28.0,0.0,0,296.43,0.0,1,2.17,1.89,SPY190920P00273000,273.0,0,0.0,0.0,,0.0,normalDay
2019-07-03,509.0,58.0,0.0,0,298.8,0.0,1,2.17,1.59,SPY190920P00273000,273.0,0,0.0,0.0,,0.0,normalDay
2019-07-05,509.0,48.0,0.0,0,298.46,0.0,1,2.17,1.69,SPY190920P00273000,273.0,0,0.0,0.0,,0.0,normalDay
2019-07-08,509.0,35.0,0.0,0,296.82,0.0,1,2.17,1.82,SPY190920P00273000,273.0,0,0.0,0.0,,0.0,normalDay
2019-07-09,509.0,33.0,0.0,0,297.19,0.0,1,2.17,1.84,SPY190920P00273000,273.0,0,0.0,0.0,,0.0,normalDay
2019-07-10,509.0,62.0,0.0,0,298.61,0.0,1,2.17,1.55,SPY190920P00273000,273.0,0,0.0,0.0,,0.0,normalDay
2019-07-11,509.0,71.0,0.0,0,299.31,0.0,1,2.17,1.46,SPY190920P00273000,273.0,0,0.0,0.0,,0.0,normalDay
2019-07-12,509.0,89.0,0.0,0,300.65,0.0,1,2.17,1.28,SPY190920P00273000,273.0,0,0.0,0.0,,0.0,normalDay
2019-07-15,509.0,91.0,0.0,0,300.75,0.0,1,2.17,1.26,SPY190920P00273000,273.0,0,0.0,0.0,,0.0,normalDay
2019-07-16,509.0,84.0,0.0,0,299.78,0.0,1,2.17,1.33,SPY190920P00273000,273.0,0,0.0,0.0,,0.0,normalDay
2019-07-17,509.0,58.0,0.0,0,297.74,0.0,1,2.17,1.59,SPY190920P00273000,273.0,0,0.0,0.0,,0.0,normalDay
2019-07-18,509.0,76.0,0.0,0,298.83,0.0,1,2.17,1.41,SPY190920P00273000,273.0,0,0.0,0.0,,0.0,normalDay
2019-07-19,509.0,59.0,0.0,0,297.17,0.0,1,2.17,1.58,SPY190920P00273000,273.0,0,0.0,0.0,,0.0,normalDay
2019-07-22,509.0,84.0,0.0,0,297.9,0.0,1,2.17,1.33,SPY190920P00273000,273.0,0,0.0,0.0,,0.0,normalDay
2019-07-23,509.0,112.0,0.0,0,300.03,0.0,1,2.17,1.05,SPY190920P00273000,273.0,0,0.0,0.0,,0.0,normalDay
2019-07-24,509.0,128.0,0.0,0,301.44,0.0,1,2.17,0.89,SPY190920P00273000,273.0,0,0.0,0.0,,0.0,normalDay
2019-07-25,509.0,114.0,0.0,0,300.0,0.0,1,2.17,1.03,SPY190920P00273000,273.0,0,0.0,0.0,,0.0,normalDay
2019-07-26,509.0,132.0,0.0,0,302.01,0.0,1,2.17,0.85,SPY190920P00273000,273.0,0,0.0,0.0,,0.0,normalDay
2019-07-29,509.0,132.0,0.0,0,301.46,0.0,1,2.17,0.85,SPY190920P00273000,273.0,0,0.0,0.0,,0.0,normalDay
2019-07-30,509.0,116.0,0.0,0,300.72,0.0,1,2.17,1.01,SPY190920P00273000,273.0,0,0.0,0.0,,0.0,normalDay
2019-07-31,509.0,73.0,0.0,0,297.43,0.0,1,2.17,1.44,SPY190920P00273000,273.0,0,0.0,0.0,,0.0,normalDay
2019-08-01,509.0,18.0,0.0,0,294.84,0.0,1,2.17,1.99,SPY190920P00273000,273.0,0,0.0,0.0,,0.0,normalDay
2019-08-02,509.0,-11.0,0.0,0,292.62,0.0,1,2.17,2.28,SPY190920P00273000,273.0,0,0.0,0.0,,0.0,normalDay
2019-08-05,509.0,-316.0,0.0,0,283.82,0.0,1,2.17,5.33,SPY190920P00273000,273.0,0,0.0,0.0,,0.0,normalDay
2019-08-06,509.0,-121.0,0.0,0,287.8,0.0,1,2.17,3.38,SPY190920P00273000,273.0,0,0.0,0.0,,0.0,normalDay
2019-08-07,509.0,-108.0,0.0,0,287.97,0.0,1,2.17,3.25,SPY190920P00273000,273.0,0,0.0,0.0,,0.0,normalDay
2019-08-08,509.0,28.0,0.0,0,293.62,0.0,1,2.17,1.89,SPY190920P00273000,273.0,0,0.0,0.0,,0.0,normalDay
2019-08-09,509.0,-7.0,0.0,0,291.62,0.0,1,2.17,2.24,SPY190920P00273000,273.0,0,0.0,0.0,,0.0,normalDay
2019-08-12,509.0,-116.0,0.0,0,288.07,0.0,1,2.17,3.33,SPY190920P00273000,273.0,0,0.0,0.0,,0.0,normalDay
2019-08-13,509.0,26.0,0.0,0,292.55,0.0,1,2.17,1.91,SPY190920P00273000,273.0,0,0.0,0.0,,0.0,normalDay
2019-08-14,509.0,-200.0,0.0,0,283.9,0.0,1,2.17,4.17,SPY190920P00273000,273.0,0,0.0,0.0,,0.0,normalDay
2019-08-15,509.0,-156.0,0.0,0,284.65,0.0,1,2.17,3.73,SPY190920P00273000,273.0,0,0.0,0.0,,0.0,normalDay
2019-08-16,509.0,-13.0,0.0,0,288.85,0.0,1,2.17,2.3,SPY190920P00273000,273.0,0,0.0,0.0,,0.0,normalDay
2019-08-19,509.0,80.0,0.0,0,292.33,0.0,1,2.17,1.37,SPY190920P00273000,273.0,0,0.0,0.0,,0.0,normalDay
2019-08-20,509.0,48.0,0.0,0,290.09,0.0,1,2.17,1.69,SPY190920P00273000,273.0,0,0.0,0.0,,0.0,normalDay
2019-08-21,509.0,115.0,0.0,0,292.45,0.0,1,2.17,1.02,SPY190920P00273000,273.0,0,0.0,0.0,,0.0,normalDay
2019-08-22,509.0,102.0,0.0,0,292.36,0.0,1,2.17,1.15,SPY190920P00273000,273.0,0,0.0,0.0,,0.0,normalDay
2019-08-23,509.0,-31.0,0.0,0,284.85,0.0,1,2.17,2.48,SPY190920P00273000,273.0,0,0.0,0.0,,0.0,normalDay
2019-08-26,509.0,38.0,0.0,0,288.0,0.0,1,2.17,1.79,SPY190920P00273000,273.0,0,0.0,0.0,,0.0,normalDay
2019-08-27,509.0,8.0,0.0,0,286.87,0.0,1,2.17,2.09,SPY190920P00273000,273.0,0,0.0,0.0,,0.0,normalDay
2019-08-28,509.0,62.0,0.0,0,288.89,0.0,1,2.17,1.55,SPY190920P00273000,273.0,0,0.0,0.0,,0.0,normalDay
2019-08-29,509.0,117.0,0.0,0,292.58,0.0,1,2.17,1.0,SPY190920P00273000,273.0,0,0.0,0.0,,0.0,normalDay
2019-08-30,509.0,112.0,0.0,0,292.45,0.0,1,2.17,1.05,SPY190920P00273000,273.0,0,0.0,0.0,,0.0,normalDay
2019-09-03,509.0,115.0,0.0,0,290.74,0.0,1,2.17,1.02,SPY190920P00273000,273.0,0,0.0,0.0,,0.0,normalDay
2019-09-04,509.0,170.0,0.0,0,294.04,0.0,1,2.17,0.47,SPY190920P00273000,273.0,0,0.0,0.0,,0.0,normalDay
2019-09-05,509.0,189.0,0.0,0,297.82,0.0,1,2.17,0.28,SPY190920P00273000,273.0,0,0.0,0.0,,0.0,normalDay
2019-09-06,509.0,201.0,0.0,0,298.05,0.0,1,2.17,0.16,SPY190920P00273000,273.0,0,0.0,0.0,,0.0,normalDay
2019-09-09,509.0,204.0,0.0,0,298.2,0.0,1,2.17,0.13,SPY190920P00273000,273.0,0,0.0,0.0,,0.0,normalDay
2019-09-10,509.0,205.0,0.0,0,298.13,0.0,1,2.17,0.12,SPY190920P00273000,273.0,0,0.0,0.0,,0.0,normalDay
2019-09-11,509.0,209.0,0.0,0,300.25,0.0,1,2.17,0.08,SPY190920P00273000,273.0,0,0.0,0.0,,0.0,normalDay
2019-09-12,509.0,210.0,0.0,0,301.29,0.0,1,2.17,0.07,SPY190920P00273000,273.0,0,0.0,0.0,,0.0,normalDay
2019-09-13,509.0,211.0,0.0,0,301.09,0.0,1,2.17,0.06,SPY190920P00273000,273.0,0,0.0,0.0,,0.0,normalDay
2019-09-16,509.0,212.0,0.0,0,300.16,0.0,1,2.17,0.05,SPY190920P00273000,273.0,0,0.0,0.0,,0.0,normalDay
2019-09-17,509.0,213.0,0.0,0,300.92,0.0,1,2.17,0.04,SPY190920P00273000,273.0,0,0.0,0.0,,0.0,normalDay
2019-09-18,509.0,214.0,0.0,0,301.1,0.0,1,2.17,0.03,SPY190920P00273000,273.0,0,0.0,0.0,,0.0,normalDay
2019-09-19,509.0,215.0,0.0,0,301.08,0.0,1,2.17,0.02,SPY190920P00273000,273.0,0,0.0,0.0,,0.0,normalDay
2019-09-20,726.0,0.0,217.0,0,298.28,0.0,1,2.17,0.0,SPY190920P00273000,273.0,0,0.0,0.0,,0.0,expirationDay
2019-09-23,726.0,-4.0,0.0,0,298.21,0.0,1,1.66,1.7,SPY191115P00276000,276.0,0,0.0,0.0,,0.0,normalDay
2019-09-24,726.0,-55.0,0.0,0,295.87,0.0,1,1.66,2.21,SPY191115P00276000,276.0,0,0.0,0.0,,0.0,normalDay
2019-09-25,726.0,-21.0,0.0,0,297.62,0.0,1,1.66,1.87,SPY191115P00276000,276.0,0,0.0,0.0,,0.0,normalDay
2019-09-26,726.0,-19.0,0.0,0,297.0,0.0,1,1.66,1.85,SPY191115P00276000,276.0,0,0.0,0.0,,0.0,normalDay
2019-09-27,726.0,-55.0,0.0,0,295.4,0.0,1,1.66,2.21,SPY191115P00276000,276.0,0,0.0,0.0,,0.0,normalDay
2019-09-30,726.0,-7.0,0.0,0,296.77,0.0,1,1.66,1.73,SPY191115P00276000,276.0,0,0.0,0.0,,0.0,normalDay
2019-10-01,726.0,-84.0,0.0,0,293.24,0.0,1,1.66,2.5,SPY191115P00276000,276.0,0,0.0,0.0,,0.0,normalDay
2019-10-02,726.0,-229.0,0.0,0,288.06,0.0,1,1.66,3.95,SPY191115P00276000,276.0,0,0.0,0.0,,0.0,normalDay
2019-10-03,726.0,-138.0,0.0,0,290.42,0.0,1,1.66,3.04,SPY191115P00276000,276.0,0,0.0,0.0,,0.0,normalDay
2019-10-04,726.0,-33.0,0.0,0,294.35,0.0,1,1.66,1.99,SPY191115P00276000,276.0,0,0.0,0.0,,0.0,normalDay
2019-10-07,726.0,-49.0,0.0,0,293.08,0.0,1,1.66,2.15,SPY191115P00276000,276.0,0,0.0,0.0,,0.0,normalDay
2019-10-08,726.0,-165.0,0.0,0,288.53,0.0,1,1.66,3.31,SPY191115P00276000,276.0,0,0.0,0.0,,0.0,normalDay
2019-10-09,726.0,-73.0,0.0,0,291.27,0.0,1,1.66,2.39,SPY191115P00276000,276.0,0,0.0,0.0,,0.0,normalDay
2019-10-10,726.0,-13.0,0.0,0,293.24,0.0,1,1.66,1.79,SPY191115P00276000,276.0,0,0.0,0.0,,0.0,normalDay
2019-10-11,726.0,63.0,0.0,0,296.28,0.0,1,1.66,1.03,SPY191115P00276000,276.0,0,0.0,0.0,,0.0,normalDay
2019-10-14,726.0,83.0,0.0,0,295.95,0.0,1,1.66,0.83,SPY191115P00276000,276.0,0,0.0,0.0,,0.0,normalDay
2019-10-15,726.0,116.0,0.0,0,298.88,0.0,1,1.66,0.5,SPY191115P00276000,276.0,0,0.0,0.0,,0.0,normalDay
2019-10-16,726.0,116.0,0.0,0,298.4,0.0,1,1.66,0.5,SPY191115P00276000,276.0,0,0.0,0.0,,0.0,normalDay
2019-10-17,726.0,121.0,0.0,0,299.28,0.0,1,1.66,0.45,SPY191115P00276000,276.0,0,0.0,0.0,,0.0,normalDay
2019-10-18,726.0,115.0,0.0,0,297.97,0.0,1,1.66,0.51,SPY191115P00276000,276.0,0,0.0,0.0,,0.0,normalDay
2019-10-21,726.0,133.0,0.0,0,299.99,0.0,1,1.66,0.33,SPY191115P00276000,276.0,0,0.0,0.0,,0.0,normalDay
2019-10-22,726.0,130.0,0.0,0,299.01,0.0,1,1.66,0.36,SPY191115P00276000,276.0,0,0.0,0.0,,0.0,normalDay
2019-10-23,726.0,138.0,0.0,0,299.88,0.0,1,1.66,0.28,SPY191115P00276000,276.0,0,0.0,0.0,,0.0,normalDay
2019-10-24,726.0,143.0,0.0,0,300.37,0.0,1,1.66,0.23,SPY191115P00276000,276.0,0,0.0,0.0,,0.0,normalDay
2019-10-25,726.0,150.0,0.0,0,301.6,0.0,1,1.66,0.16,SPY191115P00276000,276.0,0,0.0,0.0,,0.0,normalDay
2019-10-28,726.0,153.0,0.0,0,303.3,0.0,1,1.66,0.13,SPY191115P00276000,276.0,0,0.0,0.0,,0.0,normalDay
2019-10-29,726.0,154.0,0.0,0,303.21,0.0,1,1.66,0.12,SPY191115P00276000,276.0,0,0.0,0.0,,0.0,normalDay
2019-10-30,726.0,157.0,0.0,0,304.14,0.0,1,1.66,0.09,SPY191115P00276000,276.0,0,0.0,0.0,,0.0,normalDay
2019-10-31,726.0,154.0,0.0,0,303.33,0.0,1,1.66,0.12,SPY191115P00276000,276.0,0,0.0,0.0,,0.0,normalDay
2019-11-01,726.0,160.0,0.0,0,306.14,0.0,1,1.66,0.06,SPY191115P00276000,276.0,0,0.0,0.0,,0.0,normalDay
2019-11-04,726.0,161.0,0.0,0,307.37,0.0,1,1.66,0.05,SPY191115P00276000,276.0,0,0.0,0.0,,0.0,normalDay
2019-11-05,726.0,162.0,0.0,0,307.03,0.0,1,1.66,0.04,SPY191115P00276000,276.0,0,0.0,0.0,,0.0,normalDay
2019-11-06,726.0,163.0,0.0,0,307.1,0.0,1,1.66,0.03,SPY191115P00276000,276.0,0,0.0,0.0,,0.0,normalDay
2019-11-07,726.0,164.0,0.0,0,308.18,0.0,1,1.66,0.02,SPY191115P00276000,276.0,0,0.0,0.0,,0.0,normalDay
2019-11-08,726.0,164.0,0.0,0,308.94,0.0,1,1.66,0.02,SPY191115P00276000,276.0,0,0.0,0.0,,0.0,normalDay
2019-11-11,726.0,165.0,0.0,0,308.35,0.0,1,1.66,0.01,SPY191115P00276000,276.0,0,0.0,0.0,,0.0,normalDay
2019-11-12,726.0,165.0,0.0,0,309.0,0.0,1,1.66,0.01,SPY191115P00276000,276.0,0,0.0,0.0,,0.0,normalDay
2019-11-13,726.0,165.0,0.0,0,309.1,0.0,1,1.66,0.01,SPY191115P00276000,276.0,0,0.0,0.0,,0.0,normalDay
2019-11-14,726.0,165.0,0.0,0,309.55,0.0,1,1.66,0.01,SPY191115P00276000,276.0,0,0.0,0.0,,0.0,normalDay
2019-11-15,892.0,0.0,166.0,0,311.79,0.0,1,1.66,0.0,SPY191115P00276000,276.0,0,0.0,0.0,,0.0,expirationDay
2019-11-18,892.0,-4.0,0.0,0,312.02,0.0,1,1.66,1.7,SPY200117P00290000,290.0,0,0.0,0.0,,0.0,normalDay
2019-11-19,892.0,-13.0,0.0,0,311.93,0.0,1,1.66,1.79,SPY200117P00290000,290.0,0,0.0,0.0,,0.0,normalDay
2019-11-20,892.0,-27.0,0.0,0,310.77,0.0,1,1.66,1.93,SPY200117P00290000,290.0,0,0.0,0.0,,0.0,normalDay
2019-11-21,892.0,-32.0,0.0,0,310.27,0.0,1,1.66,1.98,SPY200117P00290000,290.0,0,0.0,0.0,,0.0,normalDay
2019-11-22,892.0,-7.0,0.0,0,310.96,0.0,1,1.66,1.73,SPY200117P00290000,290.0,0,0.0,0.0,,0.0,normalDay
2019-11-25,892.0,37.0,0.0,0,313.37,0.0,1,1.66,1.29,SPY200117P00290000,290.0,0,0.0,0.0,,0.0,normalDay
2019-11-26,892.0,50.0,0.0,0,314.08,0.0,1,1.66,1.16,SPY200117P00290000,290.0,0,0.0,0.0,,0.0,normalDay
2019-11-27,892.0,61.0,0.0,0,315.48,0.0,1,1.66,1.05,SPY200117P00290000,290.0,0,0.0,0.0,,0.0,normalDay
2019-11-29,892.0,45.0,0.0,0,314.31,0.0,1,1.66,1.21,SPY200117P00290000,290.0,0,0.0,0.0,,0.0,normalDay
2019-12-02,892.0,-4.0,0.0,0,311.64,0.0,1,1.66,1.7,SPY200117P00290000,290.0,0,0.0,0.0,,0.0,normalDay
2019-12-03,892.0,-47.0,0.0,0,309.55,0.0,1,1.66,2.13,SPY200117P00290000,290.0,0,0.0,0.0,,0.0,normalDay
2019-12-04,892.0,-5.0,0.0,0,311.46,0.0,1,1.66,1.71,SPY200117P00290000,290.0,0,0.0,0.0,,0.0,normalDay
2019-12-05,892.0,18.0,0.0,0,312.02,0.0,1,1.66,1.48,SPY200117P00290000,290.0,0,0.0,0.0,,0.0,normalDay
2019-12-06,892.0,56.0,0.0,0,314.87,0.0,1,1.66,1.1,SPY200117P00290000,290.0,0,0.0,0.0,,0.0,normalDay
2019-12-09,892.0,30.0,0.0,0,313.88,0.0,1,1.66,1.36,SPY200117P00290000,290.0,0,0.0,0.0,,0.0,normalDay
2019-12-10,892.0,40.0,0.0,0,313.53,0.0,1,1.66,1.26,SPY200117P00290000,290.0,0,0.0,0.0,,0.0,normalDay
2019-12-11,892.0,60.0,0.0,0,314.42,0.0,1,1.66,1.06,SPY200117P00290000,290.0,0,0.0,0.0,,0.0,normalDay
2019-12-12,892.0,92.0,0.0,0,317.13,0.0,1,1.66,0.74,SPY200117P00290000,290.0,0,0.0,0.0,,0.0,normalDay
2019-12-13,892.0,110.0,0.0,0,317.32,0.0,1,1.66,0.56,SPY200117P00290000,290.0,0,0.0,0.0,,0.0,normalDay
2019-12-16,892.0,126.0,0.0,0,319.5,0.0,1,1.66,0.4,SPY200117P00290000,290.0,0,0.0,0.0,,0.0,normalDay
2019-12-17,892.0,126.0,0.0,0,319.57,0.0,1,1.66,0.4,SPY200117P00290000,290.0,0,0.0,0.0,,0.0,normalDay
2019-12-18,892.0,127.0,0.0,0,319.59,0.0,1,1.66,0.39,SPY200117P00290000,290.0,0,0.0,0.0,,0.0,normalDay
2019-12-19,892.0,131.0,0.0,0,320.9,0.0,1,1.66,0.35,SPY200117P00290000,290.0,0,0.0,0.0,,0.0,normalDay
2019-12-20,892.0,132.0,0.0,0,320.73,0.0,1,1.66,0.34,SPY200117P00290000,290.0,0,0.0,0.0,,0.0,normalDay
2019-12-23,892.0,136.0,0.0,0,321.22,0.0,1,1.66,0.3,SPY200117P00290000,290.0,0,0.0,0.0,,0.0,normalDay
2019-12-24,892.0,139.0,0.0,0,321.23,0.0,1,1.66,0.27,SPY200117P00290000,290.0,0,0.0,0.0,,0.0,normalDay
2019-12-26,892.0,146.0,0.0,0,322.94,0.0,1,1.66,0.2,SPY200117P00290000,290.0,0,0.0,0.0,,0.0,normalDay
2019-12-27,892.0,146.0,0.0,0,322.86,0.0,1,1.66,0.2,SPY200117P00290000,290.0,0,0.0,0.0,,0.0,normalDay
2019-12-30,892.0,144.0,0.0,0,321.08,0.0,1,1.66,0.22,SPY200117P00290000,290.0,0,0.0,0.0,,0.0,normalDay
2019-12-31,892.0,147.0,0.0,0,321.86,0.0,1,1.66,0.19,SPY200117P00290000,290.0,0,0.0,0.0,,0.0,normalDay
2020-01-02,892.0,158.0,0.0,0,324.87,0.0,1,1.66,0.08,SPY200117P00290000,290.0,0,0.0,0.0,,0.0,normalDay
2020-01-03,892.0,155.0,0.0,0,322.41,0.0,1,1.66,0.11,SPY200117P00290000,290.0,0,0.0,0.0,,0.0,normalDay
2020-01-06,892.0,160.0,0.0,0,323.64,0.0,1,1.66,0.06,SPY200117P00290000,290.0,0,0.0,0.0,,0.0,normalDay
2020-01-07,892.0,161.0,0.0,0,322.73,0.0,1,1.66,0.05,SPY200117P00290000,290.0,0,0.0,0.0,,0.0,normalDay
2020-01-08,892.0,161.0,0.0,0,324.45,0.0,1,1.66,0.05,SPY200117P00290000,290.0,0,0.0,0.0,,0.0,normalDay
2020-01-09,892.0,163.0,0.0,0,326.65,0.0,1,1.66,0.03,SPY200117P00290000,290.0,0,0.0,0.0,,0.0,normalDay
2020-01-10,892.0,164.0,0.0,0,325.71,0.0,1,1.66,0.02,SPY200117P00290000,290.0,0,0.0,0.0,,0.0,normalDay
2020-01-13,892.0,165.0,0.0,0,327.95,0.0,1,1.66,0.01,SPY200117P00290000,290.0,0,0.0,0.0,,0.0,normalDay
2020-01-14,892.0,165.0,0.0,0,327.45,0.0,1,1.66,0.01,SPY200117P00290000,290.0,0,0.0,0.0,,0.0,normalDay
2020-01-15,892.0,165.0,0.0,0,328.19,0.0,1,1.66,0.01,SPY200117P00290000,290.0,0,0.0,0.0,,0.0,normalDay
2020-01-16,892.0,165.0,0.0,0,330.92,0.0,1,1.66,0.01,SPY200117P00290000,290.0,0,0.0,0.0,,0.0,normalDay
2020-01-17,1058.0,0.0,166.0,0,331.95,0.0,1,1.66,0.0,SPY200117P00290000,290.0,0,0.0,0.0,,0.0,expirationDay
2020-01-21,1058.0,-4.0,0.0,0,331.3,0.0,1,2.98,3.02,SPY200417P00310000,310.0,0,0.0,0.0,,0.0,normalDay
2020-01-22,1058.0,-5.0,0.0,0,331.34,0.0,1,2.98,3.03,SPY200417P00310000,310.0,0,0.0,0.0,,0.0,normalDay
2020-01-23,1058.0,0.0,0.0,0,331.72,0.0,1,2.98,2.98,SPY200417P00310000,310.0,0,0.0,0.0,,0.0,normalDay
2020-01-24,1058.0,-77.0,0.0,0,328.77,0.0,1,2.98,3.75,SPY200417P00310000,310.0,0,0.0,0.0,,0.0,normalDay
2020-01-27,1058.0,-269.0,0.0,0,323.5,0.0,1,2.98,5.67,SPY200417P00310000,310.0,0,0.0,0.0,,0.0,normalDay
2020-01-28,1058.0,-135.0,0.0,0,326.89,0.0,1,2.98,4.33,SPY200417P00310000,310.0,0,0.0,0.0,,0.0,normalDay
2020-01-29,1058.0,-137.0,0.0,0,326.62,0.0,1,2.98,4.35,SPY200417P00310000,310.0,0,0.0,0.0,,0.0,normalDay
2020-01-30,1058.0,-80.0,0.0,0,327.68,0.0,1,2.98,3.78,SPY200417P00310000,310.0,0,0.0,0.0,,0.0,normalDay
2020-01-31,1058.0,-280.0,0.0,0,321.73,0.0,1,2.98,5.78,SPY200417P00310000,310.0,0,0.0,0.0,,0.0,normalDay
2020-02-03,1058.0,-204.0,0.0,0,324.12,0.0,1,2.98,5.02,SPY200417P00310000,310.0,0,0.0,0.0,,0.0,normalDay
2020-02-04,1058.0,-43.0,0.0,0,329.06,0.0,1,2.98,3.41,SPY200417P00310000,310.0,0,0.0,0.0,,0.0,normalDay
2020-02-05,1058.0,34.0,0.0,0,332.86,0.0,1,2.98,2.64,SPY200417P00310000,310.0,0,0.0,0.0,,0.0,normalDay
2020-02-06,1058.0,50.0,0.0,0,333.98,0.0,1,2.98,2.48,SPY200417P00310000,310.0,0,0.0,0.0,,0.0,normalDay
2020-02-07,1058.0,21.0,0.0,0,332.2,0.0,1,2.98,2.77,SPY200417P00310000,310.0,0,0.0,0.0,,0.0,normalDay
2020-02-10,1058.0,65.0,0.0,0,334.68,0.0,1,2.98,2.33,SPY200417P00310000,310.0,0,0.0,0.0,,0.0,normalDay
2020-02-11,1058.0,75.0,0.0,0,335.26,0.0,1,2.98,2.23,SPY200417P00310000,310.0,0,0.0,0.0,,0.0,normalDay
2020-02-12,1058.0,118.0,0.0,0,337.42,0.0,1,2.98,1.8,SPY200417P00310000,310.0,0,0.0,0.0,,0.0,normalDay
2020-02-13,1058.0,111.0,0.0,0,337.06,0.0,1,2.98,1.87,SPY200417P00310000,310.0,0,0.0,0.0,,0.0,normalDay
2020-02-14,1058.0,125.0,0.0,0,337.6,0.0,1,2.98,1.73,SPY200417P00310000,310.0,0,0.0,0.0,,0.0,normalDay
2020-02-18,1058.0,116.0,0.0,0,336.73,0.0,1,2.98,1.82,SPY200417P00310000,310.0,0,0.0,0.0,,0.0,normalDay
2020-02-19,1058.0,141.0,0.0,0,338.34,0.0,1,2.98,1.57,SPY200417P00310000,310.0,0,0.0,0.0,,0.0,normalDay
2020-02-20,1058.0,113.0,0.0,0,336.95,0.0,1,2.98,1.85,SPY200417P00310000,310.0,0,0.0,0.0,,0.0,normalDay
2020-02-21,1058.0,44.0,0.0,0,333.48,0.0,1,2.98,2.54,SPY200417P00310000,310.0,0,0.0,0.0,,0.0,normalDay
2020-02-24,1058.0,-323.0,0.0,0,322.42,0.0,1,2.98,6.21,SPY200417P00310000,310.0,0,0.0,0.0,,0.0,normalDay
2020-02-25,1058.0,-658.0,0.0,0,312.65,0.0,1,2.98,9.56,SPY200417P00310000,310.0,0,0.0,0.0,,0.0,normalDay
2020-02-26,1058.0,-721.0,0.0,0,311.5,0.0,1,2.98,10.19,SPY200417P00310000,310.0,0,0.0,0.0,,0.0,normalDay
2020-02-27,1058.0,-1702.0,0.0,0,297.51,0.0,1,2.98,20.0,SPY200417P00310000,310.0,0,0.0,0.0,,0.0,normalDay
2020-02-28,1058.0,-1786.0,0.0,0,296.26,0.0,1,2.98,20.84,SPY200417P00310000,310.0,0,0.0,0.0,,0.0,normalDay
2020-03-02,1058.0,-900.0,0.0,0,309.09,0.0,1,2.98,11.98,SPY200417P00310000,310.0,0,0.0,0.0,,0.0,normalDay
2020-03-03,1058.0,-1373.0,0.0,0,300.24,0.0,1,2.98,16.71,SPY200417P00310000,310.0,0,0.0,0.0,,0.0,normalDay
2020-03-04,1058.0,-777.0,0.0,0,312.86,0.0,1,2.98,10.75,SPY200417P00310000,310.0,0,0.0,0.0,,0.0,normalDay
2020-03-05,1058.0,-1450.0,0.0,0,302.46,0.0,1,2.98,17.48,SPY200417P00310000,310.0,0,0.0,0.0,,0.0,normalDay
2020-03-06,1058.0,-1806.0,0.0,0,297.46,0.0,1,2.98,21.04,SPY200417P00310000,310.0,0,0.0,0.0,,0.0,normalDay
2020-03-09,1058.0,-3698.0,0.0,0,274.23,0.0,1,2.98,39.96,SPY200417P00310000,310.0,0,0.0,0.0,,0.0,normalDay
2020-03-10,1058.0,-2443.0,0.0,0,288.42,0.0,1,2.98,27.41,SPY200417P00310000,310.0,0,0.0,0.0,,0.0,normalDay
2020-03-11,1058.0,-3616.0,0.0,0,274.36,0.0,1,2.98,39.14,SPY200417P00310000,310.0,0,0.0,0.0,,0.0,normalDay
2020-03-12,1058.0,-6078.0,0.0,0,248.11,0.0,1,2.98,63.76,SPY200417P00310000,310.0,0,0.0,0.0,,0.0,normalDay
2020-03-13,1058.0,-3991.0,0.0,0,269.32,0.0,1,2.98,42.89,SPY200417P00310000,310.0,0,0.0,0.0,,0.0,normalDay
2020-03-16,1058.0,-6609.0,0.0,0,239.85,0.0,1,2.98,69.07,SPY200417P00310000,310.0,0,0.0,0.0,,0.0,normalDay
2020-03-17,1058.0,-5771.0,0.0,0,252.8,0.0,1,2.98,60.69,SPY200417P00310000,310.0,0,0.0,0.0,,0.0,normalDay
2020-03-18,1058.0,-6857.0,0.0,0,240.0,0.0,1,2.98,71.55,SPY200417P00310000,310.0,0,0.0,0.0,,0.0,normalDay
2020-03-19,1058.0,-6864.0,0.0,0,240.51,0.0,1,2.98,71.62,SPY200417P00310000,310.0,0,0.0,0.0,,0.0,normalDay
2020-03-20,1058.0,-7817.0,0.0,0,228.8,0.0,1,2.98,81.15,SPY200417P00310000,310.0,0,0.0,0.0,,0.0,normalDay
2020-03-23,1058.0,-8614.0,0.0,0,222.95,0.0,1,2.98,89.12,SPY200417P00310000,310.0,0,0.0,0.0,,0.0,normalDay
2020-03-24,1058.0,-6500.0,0.0,0,243.15,0.0,1,2.98,67.98,SPY200417P00310000,310.0,0,0.0,0.0,,0.0,normalDay
2020-03-25,1058.0,-6032.0,0.0,0,246.79,0.0,1,2.98,63.3,SPY200417P00310000,310.0,0,0.0,0.0,,0.0,normalDay
2020-03-26,1058.0,-4680.0,0.0,0,261.2,0.0,1,2.98,49.78,SPY200417P00310000,310.0,0,0.0,0.0,,0.0,normalDay
2020-03-27,1058.0,-5456.0,0.0,0,253.42,0.0,1,2.98,57.54,SPY200417P00310000,310.0,0,0.0,0.0,,0.0,normalDay
2020-03-30,1058.0,-4658.0,0.0,0,261.65,0.0,1,2.98,49.56,SPY200417P00310000,310.0,0,0.0,0.0,,0.0,normalDay
2020-03-31,1058.0,-5058.0,0.0,0,257.75,0.0,1,2.98,53.56,SPY200417P00310000,310.0,0,0.0,0.0,,0.0,normalDay
2020-04-01,1058.0,-6138.0,0.0,0,246.15,0.0,1,2.98,64.36,SPY200417P00310000,310.0,0,0.0,0.0,,0.0,normalDay
2020-04-02,1058.0,-5474.0,0.0,0,251.83,0.0,1,2.98,57.72,SPY200417P00310000,310.0,0,0.0,0.0,,0.0,normalDay
2020-04-03,1058.0,-5879.0,0.0,0,248.19,0.0,1,2.98,61.77,SPY200417P00310000,310.0,0,0.0,0.0,,0.0,normalDay
2020-04-06,1058.0,-4212.0,0.0,0,264.86,0.0,1,2.98,45.1,SPY200417P00310000,310.0,0,0.0,0.0,,0.0,normalDay
2020-04-07,1058.0,-4309.0,0.0,0,265.13,0.0,1,2.98,46.07,SPY200417P00310000,310.0,0,0.0,0.0,,0.0,normalDay
2020-04-08,1058.0,-3325.0,0.0,0,274.03,0.0,1,2.98,36.23,SPY200417P00310000,310.0,0,0.0,0.0,,0.0,normalDay
2020-04-09,1058.0,-2915.0,0.0,0,278.2,0.0,1,2.98,32.13,SPY200417P00310000,310.0,0,0.0,0.0,,0.0,normalDay
2020-04-13,1058.0,-3165.0,0.0,0,275.66,0.0,1,2.98,34.63,SPY200417P00310000,310.0,0,0.0,0.0,,0.0,normalDay
2020-04-14,1058.0,-2315.0,0.0,0,283.79,0.0,1,2.98,26.13,SPY200417P00310000,310.0,0,0.0,0.0,,0.0,normalDay
2020-04-15,1058.0,-2948.0,0.0,0,277.76,0.0,1,2.98,32.46,SPY200417P00310000,310.0,0,0.0,0.0,,0.0,normalDay
2020-04-16,1058.0,-2795.0,0.0,0,279.1,0.0,1,2.98,30.93,SPY200417P00310000,310.0,0,0.0,0.0,,0.0,normalDay
2020-04-17,1356.0,-2336.0,298.0,100,286.64,310.0,1,2.98,0.0,SPY200417P00310000,310.0,0,0.0,0.0,,0.0,expirationDay
2020-04-20,1356.0,-2894.0,0.0,100,281.59,310.0,0,0.0,0.0,,0.0,1,5.74,6.27,SPY201120C00328000,328.0,normalDay
2020-04-21,1356.0,-3588.0,0.0,100,273.04,310.0,0,0.0,0.0,,0.0,1,5.74,4.66,SPY201120C00328000,328.0,normalDay
2020-04-22,1356.0,-3082.0,0.0,100,279.1,310.0,0,0.0,0.0,,0.0,1,5.74,5.66,SPY201120C00328000,328.0,normalDay
2020-04-23,1356.0,-3073.0,0.0,100,279.08,310.0,0,0.0,0.0,,0.0,1,5.74,5.55,SPY201120C00328000,328.0,normalDay
2020-04-24,1356.0,-2712.0,0.0,100,282.97,310.0,0,0.0,0.0,,0.0,1,5.74,5.83,SPY201120C00328000,328.0,normalDay
2020-04-27,1356.0,-2327.0,0.0,100,287.05,310.0,0,0.0,0.0,,0.0,1,5.74,6.06,SPY201120C00328000,328.0,normalDay
2020-04-28,1356.0,-2407.0,0.0,100,285.73,310.0,0,0.0,0.0,,0.0,1,5.74,5.54,SPY201120C00328000,328.0,normalDay
2020-04-29,1356.0,-1820.0,0.0,100,293.21,310.0,0,0.0,0.0,,0.0,1,5.74,7.15,SPY201120C00328000,328.0,normalDay
2020-04-30,1356.0,-2010.0,0.0,100,290.48,310.0,0,0.0,0.0,,0.0,1,5.74,6.32,SPY201120C00328000,328.0,normalDay
2020-05-01,1356.0,-2639.0,0.0,100,282.79,310.0,0,0.0,0.0,,0.0,1,5.74,4.92,SPY201120C00328000,328.0,normalDay
2020-05-04,1356.0,-2537.0,0.0,100,283.57,310.0,0,0.0,0.0,,0.0,1,5.74,4.68,SPY201120C00328000,328.0,normalDay
2020-05-05,1356.0,-2333.0,0.0,100,286.19,310.0,0,0.0,0.0,,0.0,1,5.74,5.26,SPY201120C00328000,328.0,normalDay
2020-05-06,1356.0,-2472.0,0.0,100,284.25,310.0,0,0.0,0.0,,0.0,1,5.74,4.71,SPY201120C00328000,328.0,normalDay
2020-05-07,1356.0,-2195.0,0.0,100,287.68,310.0,0,0.0,0.0,,0.0,1,5.74,5.37,SPY201120C00328000,328.0,normalDay
2020-05-08,1356.0,-1778.0,0.0,100,292.44,310.0,0,0.0,0.0,,0.0,1,5.74,5.96,SPY201120C00328000,328.0,normalDay
2020-05-11,1356.0,-1761.0,0.0,100,292.5,310.0,0,0.0,0.0,,0.0,1,5.74,5.85,SPY201120C00328000,328.0,normalDay
2020-05-12,1356.0,-2167.0,0.0,100,286.67,310.0,0,0.0,0.0,,0.0,1,5.74,4.08,SPY201120C00328000,328.0,normalDay
2020-05-13,1356.0,-2623.0,0.0,100,281.6,310.0,0,0.0,0.0,,0.0,1,5.74,3.57,SPY201120C00328000,328.0,normalDay
2020-05-14,1356.0,-2336.0,0.0,100,284.97,310.0,0,0.0,0.0,,0.0,1,5.74,4.07,SPY201120C00328000,328.0,normalDay
2020-05-15,1356.0,-2176.0,0.0,100,286.28,310.0,0,0.0,0.0,,0.0,1,5.74,3.78,SPY201120C00328000,328.0,normalDay
2020-05-18,1356.0,-1503.0,0.0,100,295.0,310.0,0,0.0,0.0,,0.0,1,5.74,5.77,SPY201120C00328000,328.0,normalDay
2020-05-19,1356.0,-1751.0,0.0,100,291.97,310.0,0,0.0,0.0,,0.0,1,5.74,5.22,SPY201120C00328000,328.0,normalDay
2020-05-20,1356.0,-1351.0,0.0,100,296.93,310.0,0,0.0,0.0,,0.0,1,5.74,6.18,SPY201120C00328000,328.0,normalDay
2020-05-21,1356.0,-1504.0,0.0,100,294.88,310.0,0,0.0,0.0,,0.0,1,5.74,5.66,SPY201120C00328000,328.0,normalDay
2020-05-22,1356.0,-1462.0,0.0,100,295.44,310.0,0,0.0,0.0,,0.0,1,5.74,5.8,SPY201120C00328000,328.0,normalDay
2020-05-26,1356.0,-1167.0,0.0,100,299.08,310.0,0,0.0,0.0,,0.0,1,5.74,6.49,SPY201120C00328000,328.0,normalDay
2020-05-27,1356.0,-832.0,0.0,100,303.53,310.0,0,0.0,0.0,,0.0,1,5.74,7.59,SPY201120C00328000,328.0,normalDay
2020-05-28,1356.0,-925.0,0.0,100,302.97,310.0,0,0.0,0.0,,0.0,1,5.74,7.96,SPY201120C00328000,328.0,normalDay
2020-05-29,1356.0,-824.0,0.0,100,304.32,310.0,0,0.0,0.0,,0.0,1,5.74,8.3,SPY201120C00328000,328.0,normalDay
2020-06-01,1356.0,-713.0,0.0,100,305.55,310.0,0,0.0,0.0,,0.0,1,5.74,8.42,SPY201120C00328000,328.0,normalDay
2020-06-02,1356.0,-527.0,0.0,100,308.08,310.0,0,0.0,0.0,,0.0,1,5.74,9.09,SPY201120C00328000,328.0,normalDay
2020-06-03,1356.0,-294.0,0.0,100,312.18,310.0,0,0.0,0.0,,0.0,1,5.74,10.86,SPY201120C00328000,328.0,normalDay
2020-06-04,1356.0,-337.0,0.0,100,311.36,310.0,0,0.0,0.0,,0.0,1,5.74,10.47,SPY201120C00328000,328.0,normalDay
2020-06-05,1356.0,144.0,0.0,100,319.34,310.0,0,0.0,0.0,,0.0,1,5.74,13.64,SPY201120C00328000,328.0,normalDay
2020-06-08,1356.0,326.0,0.0,100,323.2,310.0,0,0.0,0.0,,0.0,1,5.74,15.68,SPY201120C00328000,328.0,normalDay
2020-06-09,1356.0,77.0,0.0,100,320.79,310.0,0,0.0,0.0,,0.0,1,5.74,15.76,SPY201120C00328000,328.0,normalDay
2020-06-10,1356.0,41.0,0.0,100,319.0,310.0,0,0.0,0.0,,0.0,1,5.74,14.33,SPY201120C00328000,328.0,normalDay
2020-06-11,1356.0,-1369.0,0.0,100,300.61,310.0,0,0.0,0.0,,0.0,1,5.74,10.04,SPY201120C00328000,328.0,normalDay
2020-06-12,1356.0,-992.0,0.0,100,304.21,310.0,0,0.0,0.0,,0.0,1,5.74,9.87,SPY201120C00328000,328.0,normalDay
2020-06-15,1356.0,-791.0,0.0,100,307.05,310.0,0,0.0,0.0,,0.0,1,5.74,10.7,SPY201120C00328000,328.0,normalDay
2020-06-16,1356.0,-459.0,0.0,100,312.96,310.0,0,0.0,0.0,,0.0,1,5.74,13.29,SPY201120C00328000,328.0,normalDay
2020-06-17,1356.0,-563.0,0.0,100,311.66,310.0,0,0.0,0.0,,0.0,1,5.74,13.03,SPY201120C00328000,328.0,normalDay
2020-06-18,1356.0,-536.0,0.0,100,311.78,310.0,0,0.0,0.0,,0.0,1,5.74,12.88,SPY201120C00328000,328.0,normalDay
2020-06-19,1356.0,-716.0,0.0,100,308.64,310.0,0,0.0,0.0,,0.0,1,5.74,11.54,SPY201120C00328000,328.0,normalDay
2020-06-22,1356.0,-566.0,0.0,100,310.62,310.0,0,0.0,0.0,,0.0,1,5.74,12.02,SPY201120C00328000,328.0,normalDay
2020-06-23,1356.0,-452.0,0.0,100,312.05,310.0,0,0.0,0.0,,0.0,1,5.74,12.31,SPY201120C00328000,328.0,normalDay
2020-06-24,1356.0,-993.0,0.0,100,304.09,310.0,0,0.0,0.0,,0.0,1,5.74,9.76,SPY201120C00328000,328.0,normalDay
2020-06-25,1356.0,-719.0,0.0,100,307.35,310.0,0,0.0,0.0,,0.0,1,5.74,10.28,SPY201120C00328000,328.0,normalDay
2020-06-26,1356.0,-1237.0,0.0,100,300.05,310.0,0,0.0,0.0,,0.0,1,5.74,8.16,SPY201120C00328000,328.0,normalDay
2020-06-29,1356.0,-833.0,0.0,100,304.46,310.0,0,0.0,0.0,,0.0,1,5.74,8.53,SPY201120C00328000,328.0,normalDay
2020-06-30,1356.0,-527.0,0.0,100,308.36,310.0,0,0.0,0.0,,0.0,1,5.74,9.37,SPY201120C00328000,328.0,normalDay
2020-07-01,1356.0,-383.0,0.0,100,310.52,310.0,0,0.0,0.0,,0.0,1,5.74,10.09,SPY201120C00328000,328.0,normalDay
2020-07-02,1356.0,-287.0,0.0,100,312.23,310.0,0,0.0,0.0,,0.0,1,5.74,10.84,SPY201120C00328000,328.0,normalDay
2020-07-06,1356.0,-5.0,0.0,100,317.05,310.0,0,0.0,0.0,,0.0,1,5.74,12.84,SPY201120C00328000,328.0,normalDay
2020-07-07,1356.0,-208.0,0.0,100,313.78,310.0,0,0.0,0.0,,0.0,1,5.74,11.6,SPY201120C00328000,328.0,normalDay
2020-07-08,1356.0,-60.0,0.0,100,316.18,310.0,0,0.0,0.0,,0.0,1,5.74,12.52,SPY201120C00328000,328.0,normalDay
2020-07-09,1356.0,-180.0,0.0,100,314.38,310.0,0,0.0,0.0,,0.0,1,5.74,11.92,SPY201120C00328000,328.0,normalDay
2020-07-10,1356.0,9.0,0.0,100,317.59,310.0,0,0.0,0.0,,0.0,1,5.74,13.24,SPY201120C00328000,328.0,normalDay
2020-07-13,1356.0,-241.0,0.0,100,314.84,310.0,0,0.0,0.0,,0.0,1,5.74,12.99,SPY201120C00328000,328.0,normalDay
2020-07-14,1356.0,63.0,0.0,100,318.92,310.0,0,0.0,0.0,,0.0,1,5.74,14.03,SPY201120C00328000,328.0,normalDay
2020-07-15,1356.0,207.0,0.0,100,321.85,310.0,0,0.0,0.0,,0.0,1,5.74,15.52,SPY201120C00328000,328.0,normalDay
2020-07-16,1356.0,234.0,0.0,100,320.79,310.0,0,0.0,0.0,,0.0,1,5.74,14.19,SPY201120C00328000,328.0,normalDay
2020-07-17,1356.0,276.0,0.0,100,321.72,310.0,0,0.0,0.0,,0.0,1,5.74,14.7,SPY201120C00328000,328.0,normalDay
2020-07-20,1356.0,476.0,0.0,100,324.32,310.0,0,0.0,0.0,,0.0,1,5.74,15.3,SPY201120C00328000,328.0,normalDay
2020-07-21,1356.0,500.0,0.0,100,325.01,310.0,0,0.0,0.0,,0.0,1,5.74,15.75,SPY201120C00328000,328.0,normalDay
2020-07-22,1356.0,627.0,0.0,100,326.86,310.0,0,0.0,0.0,,0.0,1,5.74,16.33,SPY201120C00328000,328.0,normalDay
2020-07-23,1356.0,448.0,0.0,100,322.96,310.0,0,0.0,0.0,,0.0,1,5.74,14.22,SPY201120C00328000,328.0,normalDay
2020-07-24,1356.0,315.0,0.0,100,320.88,310.0,0,0.0,0.0,,0.0,1,5.74,13.47,SPY201120C00328000,328.0,normalDay
2020-07-27,1356.0,472.0,0.0,100,323.22,310.0,0,0.0,0.0,,0.0,1,5.74,14.24,SPY201120C00328000,328.0,normalDay
2020-07-28,1356.0,367.0,0.0,100,321.17,310.0,0,0.0,0.0,,0.0,1,5.74,13.24,SPY201120C00328000,328.0,normalDay
2020-07-29,1356.0,581.0,0.0,100,325.12,310.0,0,0.0,0.0,,0.0,1,5.74,15.05,SPY201120C00328000,328.0,normalDay
2020-07-30,1356.0,476.0,0.0,100,323.96,310.0,0,0.0,0.0,,0.0,1,5.74,14.94,SPY201120C00328000,328.0,normalDay
2020-07-31,1356.0,609.0,0.0,100,326.52,310.0,0,0.0,0.0,,0.0,1,5.74,16.17,SPY201120C00328000,328.0,normalDay
2020-08-03,1356.0,737.0,0.0,100,328.79,310.0,0,0.0,0.0,,0.0,1,5.74,17.16,SPY201120C00328000,328.0,normalDay
2020-08-04,1356.0,831.0,0.0,100,330.06,310.0,0,0.0,0.0,,0.0,1,5.74,17.49,SPY201120C00328000,328.0,normalDay
2020-08-05,1356.0,939.0,0.0,100,332.11,310.0,0,0.0,0.0,,0.0,1,5.74,18.46,SPY201120C00328000,328.0,normalDay
2020-08-06,1356.0,1020.0,0.0,100,334.33,310.0,0,0.0,0.0,,0.0,1,5.74,19.87,SPY201120C00328000,328.0,normalDay
2020-08-07,1356.0,1042.0,0.0,100,334.57,310.0,0,0.0,0.0,,0.0,1,5.74,19.89,SPY201120C00328000,328.0,normalDay
2020-08-10,1356.0,1115.0,0.0,100,335.57,310.0,0,0.0,0.0,,0.0,1,5.74,20.16,SPY201120C00328000,328.0,normalDay
2020-08-11,1356.0,955.0,0.0,100,332.8,310.0,0,0.0,0.0,,0.0,1,5.74,18.99,SPY201120C00328000,328.0,normalDay
2020-08-12,1356.0,1185.0,0.0,100,337.44,310.0,0,0.0,0.0,,0.0,1,5.74,21.33,SPY201120C00328000,328.0,normalDay
2020-08-13,1356.0,1172.0,0.0,100,336.83,310.0,0,0.0,0.0,,0.0,1,5.74,20.85,SPY201120C00328000,328.0,normalDay
2020-08-14,1356.0,1179.0,0.0,100,336.84,310.0,0,0.0,0.0,,0.0,1,5.74,20.79,SPY201120C00328000,328.0,normalDay
2020-08-17,1356.0,1269.0,0.0,100,337.91,310.0,0,0.0,0.0,,0.0,1,5.74,20.96,SPY201120C00328000,328.0,normalDay
2020-08-18,1356.0,1308.0,0.0,100,338.64,310.0,0,0.0,0.0,,0.0,1,5.74,21.3,SPY201120C00328000,328.0,normalDay
2020-08-19,1356.0,1246.0,0.0,100,337.23,310.0,0,0.0,0.0,,0.0,1,5.74,20.51,SPY201120C00328000,328.0,normalDay
2020-08-20,1356.0,1307.0,0.0,100,338.28,310.0,0,0.0,0.0,,0.0,1,5.74,20.95,SPY201120C00328000,328.0,normalDay
2020-08-21,1356.0,1342.0,0.0,100,339.48,310.0,0,0.0,0.0,,0.0,1,5.74,21.8,SPY201120C00328000,328.0,normalDay
2020-08-24,1356.0,1463.0,0.0,100,342.92,310.0,0,0.0,0.0,,0.0,1,5.74,24.03,SPY201120C00328000,328.0,normalDay
2020-08-25,1356.0,1485.0,0.0,100,344.12,310.0,0,0.0,0.0,,0.0,1,5.74,25.01,SPY201120C00328000,328.0,normalDay
2020-08-26,1356.0,1529.0,0.0,100,347.57,310.0,0,0.0,0.0,,0.0,1,5.74,28.02,SPY201120C00328000,328.0,normalDay
2020-08-27,1356.0,1500.0,0.0,100,348.33,310.0,0,0.0,0.0,,0.0,1,5.74,29.07,SPY201120C00328000,328.0,normalDay
2020-08-28,1356.0,1607.0,0.0,100,350.58,310.0,0,0.0,0.0,,0.0,1,5.74,30.25,SPY201120C00328000,328.0,normalDay
2020-08-31,1356.0,1447.0,0.0,100,349.31,310.0,0,0.0,0.0,,0.0,1,5.74,30.58,SPY201120C00328000,328.0,normalDay
2020-09-01,1356.0,1548.0,0.0,100,352.6,310.0,0,0.0,0.0,,0.0,1,5.74,32.86,SPY201120C00328000,328.0,normalDay
2020-09-02,1356.0,1591.0,0.0,100,357.7,310.0,0,0.0,0.0,,0.0,1,5.74,37.53,SPY201120C00328000,328.0,normalDay
2020-09-03,1356.0,1113.0,0.0,100,345.39,310.0,0,0.0,0.0,,0.0,1,5.74,30.0,SPY201120C00328000,328.0,normalDay
2020-09-04,1356.0,1224.0,0.0,100,342.57,310.0,0,0.0,0.0,,0.0,1,5.74,26.07,SPY201120C00328000,328.0,normalDay
2020-09-08,1356.0,964.0,0.0,100,333.21,310.0,0,0.0,0.0,,0.0,1,5.74,19.31,SPY201120C00328000,328.0,normalDay
2020-09-09,1356.0,1297.0,0.0,100,339.79,310.0,0,0.0,0.0,,0.0,1,5.74,22.56,SPY201120C00328000,328.0,normalDay
2020-09-10,1356.0,1061.0,0.0,100,333.89,310.0,0,0.0,0.0,,0.0,1,5.74,19.02,SPY201120C00328000,328.0,normalDay
2020-09-11,1356.0,1213.0,0.0,100,334.06,310.0,0,0.0,0.0,,0.0,1,5.74,17.67,SPY201120C00328000,328.0,normalDay
2020-09-14,1356.0,1366.0,0.0,100,338.46,310.0,0,0.0,0.0,,0.0,1,5.74,20.54,SPY201120C00328000,328.0,normalDay
2020-09-15,1356.0,1422.0,0.0,100,340.17,310.0,0,0.0,0.0,,0.0,1,5.74,21.69,SPY201120C00328000,328.0,normalDay
2020-09-16,1356.0,1420.0,0.0,100,338.82,310.0,0,0.0,0.0,,0.0,1,5.74,20.36,SPY201120C00328000,328.0,normalDay
2020-09-17,1356.0,1307.0,0.0,100,335.84,310.0,0,0.0,0.0,,0.0,1,5.74,18.51,SPY201120C00328000,328.0,normalDay
2020-09-18,1356.0,1080.0,0.0,100,330.65,310.0,0,0.0,0.0,,0.0,1,5.74,15.59,SPY201120C00328000,328.0,normalDay
2020-09-21,1356.0,881.0,0.0,100,326.97,310.0,0,0.0,0.0,,0.0,1,5.74,13.9,SPY201120C00328000,328.0,normalDay
2020-09-22,1356.0,1065.0,0.0,100,330.3,310.0,0,0.0,0.0,,0.0,1,5.74,15.39,SPY201120C00328000,328.0,normalDay
2020-09-23,1356.0,669.0,0.0,100,322.64,310.0,0,0.0,0.0,,0.0,1,5.74,11.69,SPY201120C00328000,328.0,normalDay
2020-09-24,1356.0,737.0,0.0,100,323.5,310.0,0,0.0,0.0,,0.0,1,5.74,11.87,SPY201120C00328000,328.0,normalDay
2020-09-25,1356.0,1034.0,0.0,100,328.73,310.0,0,0.0,0.0,,0.0,1,5.74,14.13,SPY201120C00328000,328.0,normalDay
2020-09-28,1356.0,1248.0,0.0,100,334.19,310.0,0,0.0,0.0,,0.0,1,5.74,17.45,SPY201120C00328000,328.0,normalDay
2020-09-29,1356.0,1156.0,0.0,100,332.37,310.0,0,0.0,0.0,,0.0,1,5.74,16.55,SPY201120C00328000,328.0,normalDay
2020-09-30,1356.0,1374.0,0.0,100,334.89,310.0,0,0.0,0.0,,0.0,1,5.74,16.89,SPY201120C00328000,328.0,normalDay
2020-10-01,1356.0,1363.0,0.0,100,337.04,310.0,0,0.0,0.0,,0.0,1,5.74,19.15,SPY201120C00328000,328.0,normalDay
2020-10-02,1356.0,1245.0,0.0,100,333.84,310.0,0,0.0,0.0,,0.0,1,5.74,17.13,SPY201120C00328000,328.0,normalDay
2020-10-05,1356.0,1523.0,0.0,100,339.76,310.0,0,0.0,0.0,,0.0,1,5.74,20.27,SPY201120C00328000,328.0,normalDay
2020-10-06,1356.0,1337.0,0.0,100,334.93,310.0,0,0.0,0.0,,0.0,1,5.74,17.3,SPY201120C00328000,328.0,normalDay
2020-10-07,1356.0,1604.0,0.0,100,340.76,310.0,0,0.0,0.0,,0.0,1,5.74,20.46,SPY201120C00328000,328.0,normalDay
2020-10-08,1356.0,1749.0,0.0,100,343.78,310.0,0,0.0,0.0,,0.0,1,5.74,22.03,SPY201120C00328000,328.0,normalDay
2020-10-09,1356.0,1856.0,0.0,100,346.85,310.0,0,0.0,0.0,,0.0,1,5.74,24.03,SPY201120C00328000,328.0,normalDay
2020-10-12,1356.0,1969.0,0.0,100,352.43,310.0,0,0.0,0.0,,0.0,1,5.74,28.48,SPY201120C00328000,328.0,normalDay
2020-10-13,1356.0,1921.0,0.0,100,350.13,310.0,0,0.0,0.0,,0.0,1,5.74,26.66,SPY201120C00328000,328.0,normalDay
2020-10-14,1356.0,1896.0,0.0,100,347.93,310.0,0,0.0,0.0,,0.0,1,5.74,24.71,SPY201120C00328000,328.0,normalDay
2020-10-15,1356.0,1881.0,0.0,100,347.5,310.0,0,0.0,0.0,,0.0,1,5.74,24.43,SPY201120C00328000,328.0,normalDay
2020-10-16,1356.0,1932.0,0.0,100,347.29,310.0,0,0.0,0.0,,0.0,1,5.74,23.71,SPY201120C00328000,328.0,normalDay
2020-10-19,1356.0,1735.0,0.0,100,342.01,310.0,0,0.0,0.0,,0.0,1,5.74,20.4,SPY201120C00328000,328.0,normalDay
2020-10-20,1356.0,1827.0,0.0,100,343.38,310.0,0,0.0,0.0,,0.0,1,5.74,20.85,SPY201120C00328000,328.0,normalDay
2020-10-21,1356.0,1783.0,0.0,100,342.73,310.0,0,0.0,0.0,,0.0,1,5.74,20.64,SPY201120C00328000,328.0,normalDay
2020-10-22,1356.0,1899.0,0.0,100,344.61,310.0,0,0.0,0.0,,0.0,1,5.74,21.36,SPY201120C00328000,328.0,normalDay
2020-10-23,1356.0,1980.0,0.0,100,345.78,310.0,0,0.0,0.0,,0.0,1,5.74,21.72,SPY201120C00328000,328.0,normalDay
2020-10-26,1356.0,1691.0,0.0,100,339.39,310.0,0,0.0,0.0,,0.0,1,5.74,18.22,SPY201120C00328000,328.0,normalDay
2020-10-27,1356.0,1664.0,0.0,100,338.22,310.0,0,0.0,0.0,,0.0,1,5.74,17.32,SPY201120C00328000,328.0,normalDay
2020-10-28,1356.0,1094.0,0.0,100,326.66,310.0,0,0.0,0.0,,0.0,1,5.74,11.46,SPY201120C00328000,328.0,normalDay
2020-10-29,1356.0,1302.0,0.0,100,329.98,310.0,0,0.0,0.0,,0.0,1,5.74,12.7,SPY201120C00328000,328.0,normalDay
2020-10-30,1356.0,1161.0,0.0,100,326.54,310.0,0,0.0,0.0,,0.0,1,5.74,10.67,SPY201120C00328000,328.0,normalDay
2020-11-02,1356.0,1421.0,0.0,100,330.2,310.0,0,0.0,0.0,,0.0,1,5.74,11.73,SPY201120C00328000,328.0,normalDay
2020-11-03,1356.0,1755.0,0.0,100,336.03,310.0,0,0.0,0.0,,0.0,1,5.74,14.22,SPY201120C00328000,328.0,normalDay
2020-11-04,1356.0,2023.0,0.0,100,343.54,310.0,0,0.0,0.0,,0.0,1,5.74,19.05,SPY201120C00328000,328.0,normalDay
2020-11-05,1356.0,2160.0,0.0,100,350.24,310.0,0,0.0,0.0,,0.0,1,5.74,24.38,SPY201120C00328000,328.0,normalDay
2020-11-06,1356.0,2236.0,0.0,100,350.16,310.0,0,0.0,0.0,,0.0,1,5.74,23.54,SPY201120C00328000,328.0,normalDay
2020-11-09,1356.0,2186.0,0.0,100,354.56,310.0,0,0.0,0.0,,0.0,1,5.74,28.44,SPY201120C00328000,328.0,normalDay
2020-11-10,1356.0,2241.0,0.0,100,354.04,310.0,0,0.0,0.0,,0.0,1,5.74,27.37,SPY201120C00328000,328.0,normalDay
2020-11-11,1356.0,2283.0,0.0,100,356.67,310.0,0,0.0,0.0,,0.0,1,5.74,29.58,SPY201120C00328000,328.0,normalDay
2020-11-12,1356.0,2266.0,0.0,100,353.21,310.0,0,0.0,0.0,,0.0,1,5.74,26.29,SPY201120C00328000,328.0,normalDay
2020-11-13,1356.0,2327.0,0.0,100,358.1,310.0,0,0.0,0.0,,0.0,1,5.74,30.57,SPY201120C00328000,328.0,normalDay
2020-11-16,1356.0,2375.0,0.0,100,362.57,310.0,0,0.0,0.0,,0.0,1,5.74,34.56,SPY201120C00328000,328.0,normalDay
2020-11-17,1356.0,2339.0,0.0,100,360.62,310.0,0,0.0,0.0,,0.0,1,5.74,32.97,SPY201120C00328000,328.0,normalDay
2020-11-18,1356.0,2325.0,0.0,100,356.28,310.0,0,0.0,0.0,,0.0,1,5.74,28.77,SPY201120C00328000,328.0,normalDay
2020-11-19,1356.0,2353.0,0.0,100,357.78,310.0,0,0.0,0.0,,0.0,1,5.74,29.99,SPY201120C00328000,328.0,normalDay
2020-11-20,3730.0,2353.0,2374.0,0,355.33,0.0,0,0.0,0.0,,0.0,1,5.74,0.0,SPY201120C00328000,328.0,expirationDay
2020-11-23,3730.0,-3.0,0.0,0,357.46,0.0,1,1.4,1.43,SPY210115P00297000,297.0,0,0.0,0.0,,0.0,normalDay
2020-11-24,3730.0,30.0,0.0,0,363.22,0.0,1,1.4,1.1,SPY210115P00297000,297.0,0,0.0,0.0,,0.0,normalDay
2020-11-25,3730.0,41.0,0.0,0,362.66,0.0,1,1.4,0.99,SPY210115P00297000,297.0,0,0.0,0.0,,0.0,normalDay
2020-11-27,3730.0,53.0,0.0,0,363.67,0.0,1,1.4,0.87,SPY210115P00297000,297.0,0,0.0,0.0,,0.0,normalDay
2020-11-30,3730.0,62.0,0.0,0,362.06,0.0,1,1.4,0.78,SPY210115P00297000,297.0,0,0.0,0.0,,0.0,normalDay
2020-12-01,3730.0,65.0,0.0,0,366.02,0.0,1,1.4,0.75,SPY210115P00297000,297.0,0,0.0,0.0,,0.0,normalDay
2020-12-02,3730.0,67.0,0.0,0,366.79,0.0,1,1.4,0.73,SPY210115P00297000,297.0,0,0.0,0.0,,0.0,normalDay
2020-12-03,3730.0,65.0,0.0,0,366.69,0.0,1,1.4,0.75,SPY210115P00297000,297.0,0,0.0,0.0,,0.0,normalDay
2020-12-04,3730.0,83.0,0.0,0,369.85,0.0,1,1.4,0.57,SPY210115P00297000,297.0,0,0.0,0.0,,0.0,normalDay
2020-12-07,3730.0,87.0,0.0,0,369.09,0.0,1,1.4,0.53,SPY210115P00297000,297.0,0,0.0,0.0,,0.0,normalDay
2020-12-08,3730.0,97.0,0.0,0,370.17,0.0,1,1.4,0.43,SPY210115P00297000,297.0,0,0.0,0.0,,0.0,normalDay
2020-12-09,3730.0,88.0,0.0,0,366.85,0.0,1,1.4,0.52,SPY210115P00297000,297.0,0,0.0,0.0,,0.0,normalDay
2020-12-10,3730.0,88.0,0.0,0,366.73,0.0,1,1.4,0.52,SPY210115P00297000,297.0,0,0.0,0.0,,0.0,normalDay
2020-12-11,3730.0,82.0,0.0,0,366.3,0.0,1,1.4,0.58,SPY210115P00297000,297.0,0,0.0,0.0,,0.0,normalDay
2020-12-14,3730.0,76.0,0.0,0,364.66,0.0,1,1.4,0.64,SPY210115P00297000,297.0,0,0.0,0.0,,0.0,normalDay
2020-12-15,3730.0,94.0,0.0,0,369.59,0.0,1,1.4,0.46,SPY210115P00297000,297.0,0,0.0,0.0,,0.0,normalDay
2020-12-16,3730.0,98.0,0.0,0,370.17,0.0,1,1.4,0.42,SPY210115P00297000,297.0,0,0.0,0.0,,0.0,normalDay
2020-12-17,3730.0,104.0,0.0,0,372.24,0.0,1,1.4,0.36,SPY210115P00297000,297.0,0,0.0,0.0,,0.0,normalDay
2020-12-18,3730.0,106.0,0.0,0,369.18,0.0,1,1.4,0.34,SPY210115P00297000,297.0,0,0.0,0.0,,0.0,normalDay
2020-12-21,3730.0,95.0,0.0,0,367.86,0.0,1,1.4,0.45,SPY210115P00297000,297.0,0,0.0,0.0,,0.0,normalDay
2020-12-22,3730.0,101.0,0.0,0,367.24,0.0,1,1.4,0.39,SPY210115P00297000,297.0,0,0.0,0.0,,0.0,normalDay
2020-12-23,3730.0,107.0,0.0,0,367.57,0.0,1,1.4,0.33,SPY210115P00297000,297.0,0,0.0,0.0,,0.0,normalDay
2020-12-24,3730.0,115.0,0.0,0,369.0,0.0,1,1.4,0.25,SPY210115P00297000,297.0,0,0.0,0.0,,0.0,normalDay
2020-12-28,3730.0,123.0,0.0,0,372.17,0.0,1,1.4,0.17,SPY210115P00297000,297.0,0,0.0,0.0,,0.0,normalDay
2020-12-29,3730.0,120.0,0.0,0,371.46,0.0,1,1.4,0.2,SPY210115P00297000,297.0,0,0.0,0.0,,0.0,normalDay
2020-12-30,3730.0,123.0,0.0,0,371.99,0.0,1,1.4,0.17,SPY210115P00297000,297.0,0,0.0,0.0,,0.0,normalDay
2020-12-31,3730.0,123.0,0.0,0,373.88,0.0,1,1.4,0.17,SPY210115P00297000,297.0,0,0.0,0.0,,0.0,normalDay
2021-01-04,3730.0,124.0,0.0,0,368.79,0.0,1,1.4,0.16,SPY210115P00297000,297.0,0,0.0,0.0,,0.0,normalDay
2021-01-05,3730.0,130.0,0.0,0,371.33,0.0,1,1.4,0.1,SPY210115P00297000,297.0,0,0.0,0.0,,0.0,normalDay
2021-01-06,3730.0,126.0,0.0,0,373.55,0.0,1,1.4,0.14,SPY210115P00297000,297.0,0,0.0,0.0,,0.0,normalDay
2021-01-07,3730.0,135.0,0.0,0,379.1,0.0,1,1.4,0.05,SPY210115P00297000,297.0,0,0.0,0.0,,0.0,normalDay
2021-01-08,3730.0,138.0,0.0,0,381.26,0.0,1,1.4,0.02,SPY210115P00297000,297.0,0,0.0,0.0,,0.0,normalDay
2021-01-11,3730.0,138.0,0.0,0,378.69,0.0,1,1.4,0.02,SPY210115P00297000,297.0,0,0.0,0.0,,0.0,normalDay
2021-01-12,3730.0,138.0,0.0,0,378.77,0.0,1,1.4,0.02,SPY210115P00297000,297.0,0,0.0,0.0,,0.0,normalDay
2021-01-13,3730.0,139.0,0.0,0,379.79,0.0,1,1.4,0.01,SPY210115P00297000,297.0,0,0.0,0.0,,0.0,normalDay
2021-01-14,3730.0,139.0,0.0,0,378.46,0.0,1,1.4,0.01,SPY210115P00297000,297.0,0,0.0,0.0,,0.0,normalDay
2021-01-15,3870.0,0.0,140.0,0,375.7,0.0,1,1.4,0.0,SPY210115P00297000,297.0,0,0.0,0.0,,0.0,expirationDay
2021-01-19,3870.0,-7.0,0.0,0,378.65,0.0,1,8.55,8.62,SPY210416P00354000,354.0,0,0.0,0.0,,0.0,normalDay
2021-01-20,3870.0,138.0,0.0,0,383.89,0.0,1,8.55,7.17,SPY210416P00354000,354.0,0,0.0,0.0,,0.0,normalDay
2021-01-21,3870.0,155.0,0.0,0,384.24,0.0,1,8.55,7.0,SPY210416P00354000,354.0,0,0.0,0.0,,0.0,normalDay
2021-01-22,3870.0,124.0,0.0,0,382.88,0.0,1,8.55,7.31,SPY210416P00354000,354.0,0,0.0,0.0,,0.0,normalDay
2021-01-25,3870.0,127.0,0.0,0,384.39,0.0,1,8.55,7.28,SPY210416P00354000,354.0,0,0.0,0.0,,0.0,normalDay
2021-01-26,3870.0,127.0,0.0,0,383.79,0.0,1,8.55,7.28,SPY210416P00354000,354.0,0,0.0,0.0,,0.0,normalDay
2021-01-27,3870.0,-369.0,0.0,0,374.41,0.0,1,8.55,12.24,SPY210416P00354000,354.0,0,0.0,0.0,,0.0,normalDay
2021-01-28,3870.0,-174.0,0.0,0,377.63,0.0,1,8.55,10.29,SPY210416P00354000,354.0,0,0.0,0.0,,0.0,normalDay
2021-01-29,3870.0,-511.0,0.0,0,370.07,0.0,1,8.55,13.66,SPY210416P00354000,354.0,0,0.0,0.0,,0.0,normalDay
2021-02-01,3870.0,-206.0,0.0,0,376.23,0.0,1,8.55,10.61,SPY210416P00354000,354.0,0,0.0,0.0,,0.0,normalDay
2021-02-02,3870.0,75.0,0.0,0,381.55,0.0,1,8.55,7.8,SPY210416P00354000,354.0,0,0.0,0.0,,0.0,normalDay
2021-02-03,3870.0,154.0,0.0,0,381.85,0.0,1,8.55,7.01,SPY210416P00354000,354.0,0,0.0,0.0,,0.0,normalDay
2021-02-04,3870.0,266.0,0.0,0,386.19,0.0,1,8.55,5.89,SPY210416P00354000,354.0,0,0.0,0.0,,0.0,normalDay
2021-02-05,3870.0,304.0,0.0,0,387.71,0.0,1,8.55,5.51,SPY210416P00354000,354.0,0,0.0,0.0,,0.0,normalDay
2021-02-08,3870.0,359.0,0.0,0,390.51,0.0,1,8.55,4.96,SPY210416P00354000,354.0,0,0.0,0.0,,0.0,normalDay
2021-02-09,3870.0,359.0,0.0,0,390.25,0.0,1,8.55,4.96,SPY210416P00354000,354.0,0,0.0,0.0,,0.0,normalDay
2021-02-10,3870.0,350.0,0.0,0,390.08,0.0,1,8.55,5.05,SPY210416P00354000,354.0,0,0.0,0.0,,0.0,normalDay
2021-02-11,3870.0,383.0,0.0,0,390.71,0.0,1,8.55,4.72,SPY210416P00354000,354.0,0,0.0,0.0,,0.0,normalDay
2021-02-12,3870.0,447.0,0.0,0,392.64,0.0,1,8.55,4.08,SPY210416P00354000,354.0,0,0.0,0.0,,0.0,normalDay
2021-02-16,3870.0,445.0,0.0,0,392.3,0.0,1,8.55,4.1,SPY210416P00354000,354.0,0,0.0,0.0,,0.0,normalDay
2021-02-17,3870.0,463.0,0.0,0,392.39,0.0,1,8.55,3.92,SPY210416P00354000,354.0,0,0.0,0.0,,0.0,normalDay
2021-02-18,3870.0,432.0,0.0,0,390.72,0.0,1,8.55,4.23,SPY210416P00354000,354.0,0,0.0,0.0,,0.0,normalDay
2021-02-19,3870.0,446.0,0.0,0,390.03,0.0,1,8.55,4.09,SPY210416P00354000,354.0,0,0.0,0.0,,0.0,normalDay
2021-02-22,3870.0,405.0,0.0,0,387.03,0.0,1,8.55,4.5,SPY210416P00354000,354.0,0,0.0,0.0,,0.0,normalDay
2021-02-23,3870.0,442.0,0.0,0,387.5,0.0,1,8.55,4.13,SPY210416P00354000,354.0,0,0.0,0.0,,0.0,normalDay
2021-02-24,3870.0,539.0,0.0,0,391.77,0.0,1,8.55,3.16,SPY210416P00354000,354.0,0,0.0,0.0,,0.0,normalDay
2021-02-25,3870.0,276.0,0.0,0,382.33,0.0,1,8.55,5.79,SPY210416P00354000,354.0,0,0.0,0.0,,0.0,normalDay
2021-02-26,3870.0,281.0,0.0,0,380.36,0.0,1,8.55,5.74,SPY210416P00354000,354.0,0,0.0,0.0,,0.0,normalDay
2021-03-01,3870.0,520.0,0.0,0,389.58,0.0,1,8.55,3.35,SPY210416P00354000,354.0,0,0.0,0.0,,0.0,normalDay
2021-03-02,3870.0,472.0,0.0,0,386.54,0.0,1,8.55,3.83,SPY210416P00354000,354.0,0,0.0,0.0,,0.0,normalDay
2021-03-03,3870.0,379.0,0.0,0,381.42,0.0,1,8.55,4.76,SPY210416P00354000,354.0,0,0.0,0.0,,0.0,normalDay
2021-03-04,3870.0,266.0,0.0,0,376.7,0.0,1,8.55,5.89,SPY210416P00354000,354.0,0,0.0,0.0,,0.0,normalDay
2021-03-05,3870.0,464.0,0.0,0,383.63,0.0,1,8.55,3.91,SPY210416P00354000,354.0,0,0.0,0.0,,0.0,normalDay
2021-03-08,3870.0,447.0,0.0,0,381.72,0.0,1,8.55,4.08,SPY210416P00354000,354.0,0,0.0,0.0,,0.0,normalDay
2021-03-09,3870.0,559.0,0.0,0,387.17,0.0,1,8.55,2.96,SPY210416P00354000,354.0,0,0.0,0.0,,0.0,normalDay
2021-03-10,3870.0,618.0,0.0,0,389.58,0.0,1,8.55,2.37,SPY210416P00354000,354.0,0,0.0,0.0,,0.0,normalDay
2021-03-11,3870.0,661.0,0.0,0,393.53,0.0,1,8.55,1.94,SPY210416P00354000,354.0,0,0.0,0.0,,0.0,normalDay
2021-03-12,3870.0,699.0,0.0,0,394.06,0.0,1,8.55,1.56,SPY210416P00354000,354.0,0,0.0,0.0,,0.0,normalDay
2021-03-15,3870.0,737.0,0.0,0,396.41,0.0,1,8.55,1.18,SPY210416P00354000,354.0,0,0.0,0.0,,0.0,normalDay
2021-03-16,3870.0,739.0,0.0,0,395.91,0.0,1,8.55,1.16,SPY210416P00354000,354.0,0,0.0,0.0,,0.0,normalDay
2021-03-17,3870.0,760.0,0.0,0,397.26,0.0,1,8.55,0.95,SPY210416P00354000,354.0,0,0.0,0.0,,0.0,normalDay
2021-03-18,3870.0,721.0,0.0,0,391.48,0.0,1,8.55,1.34,SPY210416P00354000,354.0,0,0.0,0.0,,0.0,normalDay
2021-03-19,3870.0,723.0,0.0,0,389.48,0.0,1,8.55,1.32,SPY210416P00354000,354.0,0,0.0,0.0,,0.0,normalDay
2021-03-22,3870.0,779.0,0.0,0,392.59,0.0,1,8.55,0.76,SPY210416P00354000,354.0,0,0.0,0.0,,0.0,normalDay
2021-03-23,3870.0,753.0,0.0,0,389.5,0.0,1,8.55,1.02,SPY210416P00354000,354.0,0,0.0,0.0,,0.0,normalDay
2021-03-24,3870.0,742.0,0.0,0,387.52,0.0,1,8.55,1.13,SPY210416P00354000,354.0,0,0.0,0.0,,0.0,normalDay
2021-03-25,3870.0,773.0,0.0,0,389.7,0.0,1,8.55,0.82,SPY210416P00354000,354.0,0,0.0,0.0,,0.0,normalDay
2021-03-26,3870.0,799.0,0.0,0,395.98,0.0,1,8.55,0.56,SPY210416P00354000,354.0,0,0.0,0.0,,0.0,normalDay
2021-03-29,3870.0,795.0,0.0,0,395.78,0.0,1,8.55,0.6,SPY210416P00354000,354.0,0,0.0,0.0,,0.0,normalDay
2021-03-30,3870.0,811.0,0.0,0,394.73,0.0,1,8.55,0.44,SPY210416P00354000,354.0,0,0.0,0.0,,0.0,normalDay
2021-03-31,3870.0,823.0,0.0,0,396.33,0.0,1,8.55,0.32,SPY210416P00354000,354.0,0,0.0,0.0,,0.0,normalDay
2021-04-01,3870.0,840.0,0.0,0,400.61,0.0,1,8.55,0.15,SPY210416P00354000,354.0,0,0.0,0.0,,0.0,normalDay
2021-04-05,3870.0,844.0,0.0,0,406.36,0.0,1,8.55,0.11,SPY210416P00354000,354.0,0,0.0,0.0,,0.0,normalDay
2021-04-06,3870.0,845.0,0.0,0,406.12,0.0,1,8.55,0.1,SPY210416P00354000,354.0,0,0.0,0.0,,0.0,normalDay
2021-04-07,3870.0,850.0,0.0,0,406.59,0.0,1,8.55,0.05,SPY210416P00354000,354.0,0,0.0,0.0,,0.0,normalDay
2021-04-08,3870.0,850.0,0.0,0,408.52,0.0,1,8.55,0.05,SPY210416P00354000,354.0,0,0.0,0.0,,0.0,normalDay
2021-04-09,3870.0,852.0,0.0,0,411.49,0.0,1,8.55,0.03,SPY210416P00354000,354.0,0,0.0,0.0,,0.0,normalDay
2021-04-12,3870.0,853.0,0.0,0,411.64,0.0,1,8.55,0.02,SPY210416P00354000,354.0,0,0.0,0.0,,0.0,normalDay
2021-04-13,3870.0,854.0,0.0,0,412.86,0.0,1,8.55,0.01,SPY210416P00354000,354.0,0,0.0,0.0,,0.0,normalDay
2021-04-14,3870.0,854.0,0.0,0,411.45,0.0,1,8.55,0.01,SPY210416P00354000,354.0,0,0.0,0.0,,0.0,normalDay
2021-04-15,3870.0,854.0,0.0,0,415.87,0.0,1,8.55,0.01,SPY210416P00354000,354.0,0,0.0,0.0,,0.0,normalDay
2021-04-16,4725.0,0.0,855.0,0,417.26,0.0,1,8.55,0.0,SPY210416P00354000,354.0,0,0.0,0.0,,0.0,expirationDay
2021-04-19,4725.0,-4.0,0.0,0,415.21,0.0,1,2.54,2.58,SPY210630P00362000,362.0,0,0.0,0.0,,0.0,normalDay
2021-04-20,4725.0,-49.0,0.0,0,412.17,0.0,1,2.54,3.03,SPY210630P00362000,362.0,0,0.0,0.0,,0.0,normalDay
2021-04-21,4725.0,10.0,0.0,0,416.07,0.0,1,2.54,2.44,SPY210630P00362000,362.0,0,0.0,0.0,,0.0,normalDay
2021-04-22,4725.0,-45.0,0.0,0,412.27,0.0,1,2.54,2.99,SPY210630P00362000,362.0,0,0.0,0.0,,0.0,normalDay
2021-04-23,4725.0,24.0,0.0,0,416.74,0.0,1,2.54,2.3,SPY210630P00362000,362.0,0,0.0,0.0,,0.0,normalDay
2021-04-26,4725.0,41.0,0.0,0,417.61,0.0,1,2.54,2.13,SPY210630P00362000,362.0,0,0.0,0.0,,0.0,normalDay
2021-04-27,4725.0,49.0,0.0,0,417.52,0.0,1,2.54,2.05,SPY210630P00362000,362.0,0,0.0,0.0,,0.0,normalDay
2021-04-28,4725.0,64.0,0.0,0,417.4,0.0,1,2.54,1.9,SPY210630P00362000,362.0,0,0.0,0.0,,0.0,normalDay
2021-04-29,4725.0,69.0,0.0,0,420.06,0.0,1,2.54,1.85,SPY210630P00362000,362.0,0,0.0,0.0,,0.0,normalDay
2021-04-30,4725.0,44.0,0.0,0,417.3,0.0,1,2.54,2.1,SPY210630P00362000,362.0,0,0.0,0.0,,0.0,normalDay
2021-05-03,4725.0,65.0,0.0,0,418.2,0.0,1,2.54,1.89,SPY210630P00362000,362.0,0,0.0,0.0,,0.0,normalDay
2021-05-04,4725.0,37.0,0.0,0,415.62,0.0,1,2.54,2.17,SPY210630P00362000,362.0,0,0.0,0.0,,0.0,normalDay
2021-05-05,4725.0,49.0,0.0,0,415.75,0.0,1,2.54,2.05,SPY210630P00362000,362.0,0,0.0,0.0,,0.0,normalDay
2021-05-06,4725.0,81.0,0.0,0,419.07,0.0,1,2.54,1.73,SPY210630P00362000,362.0,0,0.0,0.0,,0.0,normalDay
2021-05-07,4725.0,118.0,0.0,0,422.12,0.0,1,2.54,1.36,SPY210630P00362000,362.0,0,0.0,0.0,,0.0,normalDay
2021-05-10,4725.0,80.0,0.0,0,417.94,0.0,1,2.54,1.74,SPY210630P00362000,362.0,0,0.0,0.0,,0.0,normalDay
2021-05-11,4725.0,37.0,0.0,0,414.21,0.0,1,2.54,2.17,SPY210630P00362000,362.0,0,0.0,0.0,,0.0,normalDay
2021-05-12,4725.0,-147.0,0.0,0,405.41,0.0,1,2.54,4.01,SPY210630P00362000,362.0,0,0.0,0.0,,0.0,normalDay
2021-05-13,4725.0,-9.0,0.0,0,410.28,0.0,1,2.54,2.63,SPY210630P00362000,362.0,0,0.0,0.0,,0.0,normalDay
2021-05-14,4725.0,106.0,0.0,0,416.58,0.0,1,2.54,1.48,SPY210630P00362000,362.0,0,0.0,0.0,,0.0,normalDay
2021-05-17,4725.0,98.0,0.0,0,415.52,0.0,1,2.54,1.56,SPY210630P00362000,362.0,0,0.0,0.0,,0.0,normalDay
2021-05-18,4725.0,64.0,0.0,0,411.94,0.0,1,2.54,1.9,SPY210630P00362000,362.0,0,0.0,0.0,,0.0,normalDay
2021-05-19,4725.0,51.0,0.0,0,410.86,0.0,1,2.54,2.03,SPY210630P00362000,362.0,0,0.0,0.0,,0.0,normalDay
2021-05-20,4725.0,100.0,0.0,0,415.28,0.0,1,2.54,1.54,SPY210630P00362000,362.0,0,0.0,0.0,,0.0,normalDay
2021-05-21,4725.0,111.0,0.0,0,414.94,0.0,1,2.54,1.43,SPY210630P00362000,362.0,0,0.0,0.0,,0.0,normalDay
2021-05-24,4725.0,160.0,0.0,0,419.17,0.0,1,2.54,0.94,SPY210630P00362000,362.0,0,0.0,0.0,,0.0,normalDay
2021-05-25,4725.0,160.0,0.0,0,418.24,0.0,1,2.54,0.94,SPY210630P00362000,362.0,0,0.0,0.0,,0.0,normalDay
2021-05-26,4725.0,183.0,0.0,0,419.07,0.0,1,2.54,0.71,SPY210630P00362000,362.0,0,0.0,0.0,,0.0,normalDay
2021-05-27,4725.0,193.0,0.0,0,419.29,0.0,1,2.54,0.61,SPY210630P00362000,362.0,0,0.0,0.0,,0.0,normalDay
2021-05-28,4725.0,193.0,0.0,0,420.04,0.0,1,2.54,0.61,SPY210630P00362000,362.0,0,0.0,0.0,,0.0,normalDay
2021-06-01,4725.0,196.0,0.0,0,419.67,0.0,1,2.54,0.58,SPY210630P00362000,362.0,0,0.0,0.0,,0.0,normalDay
2021-06-02,4725.0,203.0,0.0,0,420.33,0.0,1,2.54,0.51,SPY210630P00362000,362.0,0,0.0,0.0,,0.0,normalDay
2021-06-03,4725.0,200.0,0.0,0,418.77,0.0,1,2.54,0.54,SPY210630P00362000,362.0,0,0.0,0.0,,0.0,normalDay
2021-06-04,4725.0,216.0,0.0,0,422.6,0.0,1,2.54,0.38,SPY210630P00362000,362.0,0,0.0,0.0,,0.0,normalDay
2021-06-07,4725.0,222.0,0.0,0,422.19,0.0,1,2.54,0.32,SPY210630P00362000,362.0,0,0.0,0.0,,0.0,normalDay
2021-06-08,4725.0,220.0,0.0,0,422.28,0.0,1,2.54,0.34,SPY210630P00362000,362.0,0,0.0,0.0,,0.0,normalDay
2021-06-09,4725.0,216.0,0.0,0,421.65,0.0,1,2.54,0.38,SPY210630P00362000,362.0,0,0.0,0.0,,0.0,normalDay
2021-06-10,4725.0,228.0,0.0,0,423.61,0.0,1,2.54,0.26,SPY210630P00362000,362.0,0,0.0,0.0,,0.0,normalDay
2021-06-11,4725.0,231.0,0.0,0,424.31,0.0,1,2.54,0.23,SPY210630P00362000,362.0,0,0.0,0.0,,0.0,normalDay
2021-06-14,4725.0,235.0,0.0,0,425.26,0.0,1,2.54,0.19,SPY210630P00362000,362.0,0,0.0,0.0,,0.0,normalDay
2021-06-15,4725.0,233.0,0.0,0,424.48,0.0,1,2.54,0.21,SPY210630P00362000,362.0,0,0.0,0.0,,0.0,normalDay
2021-06-16,4725.0,231.0,0.0,0,422.11,0.0,1,2.54,0.23,SPY210630P00362000,362.0,0,0.0,0.0,,0.0,normalDay
2021-06-17,4725.0,234.0,0.0,0,421.97,0.0,1,2.54,0.2,SPY210630P00362000,362.0,0,0.0,0.0,,0.0,normalDay
2021-06-18,4725.0,223.0,0.0,0,414.92,0.0,1,2.54,0.31,SPY210630P00362000,362.0,0,0.0,0.0,,0.0,normalDay
2021-06-21,4725.0,241.0,0.0,0,420.86,0.0,1,2.54,0.13,SPY210630P00362000,362.0,0,0.0,0.0,,0.0,normalDay
2021-06-22,4725.0,247.0,0.0,0,423.11,0.0,1,2.54,0.07,SPY210630P00362000,362.0,0,0.0,0.0,,0.0,normalDay
2021-06-23,4725.0,250.0,0.0,0,422.6,0.0,1,2.54,0.04,SPY210630P00362000,362.0,0,0.0,0.0,,0.0,normalDay
2021-06-24,4725.0,251.0,0.0,0,425.1,0.0,1,2.54,0.03,SPY210630P00362000,362.0,0,0.0,0.0,,0.0,normalDay
2021-06-25,4725.0,251.0,0.0,0,426.61,0.0,1,2.54,0.03,SPY210630P00362000,362.0,0,0.0,0.0,,0.0,normalDay
2021-06-28,4725.0,253.0,0.0,0,427.47,0.0,1,2.54,0.01,SPY210630P00362000,362.0,0,0.0,0.0,,0.0,normalDay
2021-06-29,4725.0,253.0,0.0,0,427.7,0.0,1,2.54,0.01,SPY210630P00362000,362.0,0,0.0,0.0,,0.0,normalDay
2021-06-30,4979.0,0.0,254.0,0,428.06,0.0,1,2.54,0.0,SPY210630P00362000,362.0,0,0.0,0.0,,0.0,expirationDay
2021-07-01,4979.0,-4.0,0.0,0,430.43,0.0,1,6.04,6.08,SPY210917P00410000,410.0,0,0.0,0.0,,0.0,normalDay
2021-07-02,4979.0,63.0,0.0,0,433.72,0.0,1,6.04,5.41,SPY210917P00410000,410.0,0,0.0,0.0,,0.0,normalDay
2021-07-06,4979.0,33.0,0.0,0,432.93,0.0,1,6.04,5.71,SPY210917P00410000,410.0,0,0.0,0.0,,0.0,normalDay
2021-07-07,4979.0,56.0,0.0,0,434.46,0.0,1,6.04,5.48,SPY210917P00410000,410.0,0,0.0,0.0,,0.0,normalDay
2021-07-08,4979.0,-72.0,0.0,0,430.92,0.0,1,6.04,6.76,SPY210917P00410000,410.0,0,0.0,0.0,,0.0,normalDay
2021-07-09,4979.0,92.0,0.0,0,435.52,0.0,1,6.04,5.12,SPY210917P00410000,410.0,0,0.0,0.0,,0.0,normalDay
2021-07-12,4979.0,131.0,0.0,0,437.08,0.0,1,6.04,4.73,SPY210917P00410000,410.0,0,0.0,0.0,,0.0,normalDay
2021-07-13,4979.0,74.0,0.0,0,435.59,0.0,1,6.04,5.3,SPY210917P00410000,410.0,0,0.0,0.0,,0.0,normalDay
2021-07-14,4979.0,116.0,0.0,0,436.24,0.0,1,6.04,4.88,SPY210917P00410000,410.0,0,0.0,0.0,,0.0,normalDay
2021-07-15,4979.0,73.0,0.0,0,434.75,0.0,1,6.04,5.31,SPY210917P00410000,410.0,0,0.0,0.0,,0.0,normalDay
2021-07-16,4979.0,-16.0,0.0,0,431.34,0.0,1,6.04,6.2,SPY210917P00410000,410.0,0,0.0,0.0,,0.0,normalDay
2021-07-19,4979.0,-251.0,0.0,0,424.97,0.0,1,6.04,8.55,SPY210917P00410000,410.0,0,0.0,0.0,,0.0,normalDay
2021-07-20,4979.0,-27.0,0.0,0,431.06,0.0,1,6.04,6.31,SPY210917P00410000,410.0,0,0.0,0.0,,0.0,normalDay
2021-07-21,4979.0,108.0,0.0,0,434.55,0.0,1,6.04,4.96,SPY210917P00410000,410.0,0,0.0,0.0,,0.0,normalDay
2021-07-22,4979.0,127.0,0.0,0,435.46,0.0,1,6.04,4.77,SPY210917P00410000,410.0,0,0.0,0.0,,0.0,normalDay
2021-07-23,4979.0,203.0,0.0,0,439.94,0.0,1,6.04,4.01,SPY210917P00410000,410.0,0,0.0,0.0,,0.0,normalDay
2021-07-26,4979.0,238.0,0.0,0,441.02,0.0,1,6.04,3.66,SPY210917P00410000,410.0,0,0.0,0.0,,0.0,normalDay
2021-07-27,4979.0,167.0,0.0,0,439.01,0.0,1,6.04,4.37,SPY210917P00410000,410.0,0,0.0,0.0,,0.0,normalDay
2021-07-28,4979.0,205.0,0.0,0,438.83,0.0,1,6.04,3.99,SPY210917P00410000,410.0,0,0.0,0.0,,0.0,normalDay
2021-07-29,4979.0,261.0,0.0,0,440.65,0.0,1,6.04,3.43,SPY210917P00410000,410.0,0,0.0,0.0,,0.0,normalDay
2021-07-30,4979.0,237.0,0.0,0,438.51,0.0,1,6.04,3.67,SPY210917P00410000,410.0,0,0.0,0.0,,0.0,normalDay
2021-08-02,4979.0,206.0,0.0,0,437.59,0.0,1,6.04,3.98,SPY210917P00410000,410.0,0,0.0,0.0,,0.0,normalDay
2021-08-03,4979.0,293.0,0.0,0,441.15,0.0,1,6.04,3.11,SPY210917P00410000,410.0,0,0.0,0.0,,0.0,normalDay
2021-08-04,4979.0,281.0,0.0,0,438.98,0.0,1,6.04,3.23,SPY210917P00410000,410.0,0,0.0,0.0,,0.0,normalDay
2021-08-05,4979.0,331.0,0.0,0,441.76,0.0,1,6.04,2.73,SPY210917P00410000,410.0,0,0.0,0.0,,0.0,normalDay
2021-08-06,4979.0,369.0,0.0,0,442.49,0.0,1,6.04,2.35,SPY210917P00410000,410.0,0,0.0,0.0,,0.0,normalDay
2021-08-09,4979.0,377.0,0.0,0,442.13,0.0,1,6.04,2.27,SPY210917P00410000,410.0,0,0.0,0.0,,0.0,normalDay
2021-08-10,4979.0,384.0,0.0,0,442.68,0.0,1,6.04,2.2,SPY210917P00410000,410.0,0,0.0,0.0,,0.0,normalDay
2021-08-11,4979.0,412.0,0.0,0,443.78,0.0,1,6.04,1.92,SPY210917P00410000,410.0,0,0.0,0.0,,0.0,normalDay
2021-08-12,4979.0,437.0,0.0,0,445.11,0.0,1,6.04,1.67,SPY210917P00410000,410.0,0,0.0,0.0,,0.0,normalDay
2021-08-13,4979.0,452.0,0.0,0,445.92,0.0,1,6.04,1.52,SPY210917P00410000,410.0,0,0.0,0.0,,0.0,normalDay
2021-08-16,4979.0,464.0,0.0,0,446.97,0.0,1,6.04,1.4,SPY210917P00410000,410.0,0,0.0,0.0,,0.0,normalDay
2021-08-17,4979.0,414.0,0.0,0,444.04,0.0,1,6.04,1.9,SPY210917P00410000,410.0,0,0.0,0.0,,0.0,normalDay
2021-08-18,4979.0,309.0,0.0,0,439.18,0.0,1,6.04,2.95,SPY210917P00410000,410.0,0,0.0,0.0,,0.0,normalDay
2021-08-19,4979.0,319.0,0.0,0,439.86,0.0,1,6.04,2.85,SPY210917P00410000,410.0,0,0.0,0.0,,0.0,normalDay
2021-08-20,4979.0,427.0,0.0,0,443.36,0.0,1,6.04,1.77,SPY210917P00410000,410.0,0,0.0,0.0,,0.0,normalDay
2021-08-23,4979.0,499.0,0.0,0,447.26,0.0,1,6.04,1.05,SPY210917P00410000,410.0,0,0.0,0.0,,0.0,normalDay
2021-08-24,4979.0,507.0,0.0,0,447.97,0.0,1,6.04,0.97,SPY210917P00410000,410.0,0,0.0,0.0,,0.0,normalDay
2021-08-25,4979.0,521.0,0.0,0,448.91,0.0,1,6.04,0.83,SPY210917P00410000,410.0,0,0.0,0.0,,0.0,normalDay
2021-08-26,4979.0,487.0,0.0,0,446.26,0.0,1,6.04,1.17,SPY210917P00410000,410.0,0,0.0,0.0,,0.0,normalDay
2021-08-27,4979.0,538.0,0.0,0,450.25,0.0,1,6.04,0.66,SPY210917P00410000,410.0,0,0.0,0.0,,0.0,normalDay
2021-08-30,4979.0,559.0,0.0,0,452.23,0.0,1,6.04,0.45,SPY210917P00410000,410.0,0,0.0,0.0,,0.0,normalDay
2021-08-31,4979.0,555.0,0.0,0,451.56,0.0,1,6.04,0.49,SPY210917P00410000,410.0,0,0.0,0.0,,0.0,normalDay
2021-09-01,4979.0,564.0,0.0,0,451.8,0.0,1,6.04,0.4,SPY210917P00410000,410.0,0,0.0,0.0,,0.0,normalDay
2021-09-02,4979.0,563.0,0.0,0,453.19,0.0,1,6.04,0.41,SPY210917P00410000,410.0,0,0.0,0.0,,0.0,normalDay
2021-09-03,4979.0,569.0,0.0,0,453.08,0.0,1,6.04,0.35,SPY210917P00410000,410.0,0,0.0,0.0,,0.0,normalDay
2021-09-07,4979.0,573.0,0.0,0,451.46,0.0,1,6.04,0.31,SPY210917P00410000,410.0,0,0.0,0.0,,0.0,normalDay
2021-09-08,4979.0,579.0,0.0,0,450.91,0.0,1,6.04,0.25,SPY210917P00410000,410.0,0,0.0,0.0,,0.0,normalDay
2021-09-09,4979.0,576.0,0.0,0,448.98,0.0,1,6.04,0.28,SPY210917P00410000,410.0,0,0.0,0.0,,0.0,normalDay
2021-09-10,4979.0,543.0,0.0,0,445.44,0.0,1,6.04,0.61,SPY210917P00410000,410.0,0,0.0,0.0,,0.0,normalDay
2021-09-13,4979.0,578.0,0.0,0,446.58,0.0,1,6.04,0.26,SPY210917P00410000,410.0,0,0.0,0.0,,0.0,normalDay
2021-09-14,4979.0,588.0,0.0,0,444.17,0.0,1,6.04,0.16,SPY210917P00410000,410.0,0,0.0,0.0,,0.0,normalDay
2021-09-15,4979.0,597.0,0.0,0,447.88,0.0,1,6.04,0.07,SPY210917P00410000,410.0,0,0.0,0.0,,0.0,normalDay
2021-09-16,4979.0,601.0,0.0,0,447.17,0.0,1,6.04,0.03,SPY210917P00410000,410.0,0,0.0,0.0,,0.0,normalDay
2021-09-17,5583.0,0.0,604.0,0,441.4,0.0,1,6.04,0.0,SPY210917P00410000,410.0,0,0.0,0.0,,0.0,expirationDay
2021-09-20,5583.0,-7.0,0.0,0,434.04,0.0,1,12.24,12.31,SPY211119P00429000,429.0,0,0.0,0.0,,0.0,normalDay
2021-09-21,5583.0,27.0,0.0,0,433.63,0.0,1,12.24,11.97,SPY211119P00429000,429.0,0,0.0,0.0,,0.0,normalDay
2021-09-22,5583.0,297.0,0.0,0,437.86,0.0,1,12.24,9.27,SPY211119P00429000,429.0,0,0.0,0.0,,0.0,normalDay
2021-09-23,5583.0,526.0,0.0,0,443.18,0.0,1,12.24,6.98,SPY211119P00429000,429.0,0,0.0,0.0,,0.0,normalDay
2021-09-24,5583.0,583.0,0.0,0,443.91,0.0,1,12.24,6.41,SPY211119P00429000,429.0,0,0.0,0.0,,0.0,normalDay
2021-09-27,5583.0,546.0,0.0,0,442.64,0.0,1,12.24,6.78,SPY211119P00429000,429.0,0,0.0,0.0,,0.0,normalDay
2021-09-28,5583.0,173.0,0.0,0,433.72,0.0,1,12.24,10.51,SPY211119P00429000,429.0,0,0.0,0.0,,0.0,normalDay
2021-09-29,5583.0,216.0,0.0,0,434.45,0.0,1,12.24,10.08,SPY211119P00429000,429.0,0,0.0,0.0,,0.0,normalDay
2021-09-30,5583.0,29.0,0.0,0,429.14,0.0,1,12.24,11.95,SPY211119P00429000,429.0,0,0.0,0.0,,0.0,normalDay
2021-10-01,5583.0,280.0,0.0,0,434.24,0.0,1,12.24,9.44,SPY211119P00429000,429.0,0,0.0,0.0,,0.0,normalDay
2021-10-04,5583.0,50.0,0.0,0,428.64,0.0,1,12.24,11.74,SPY211119P00429000,429.0,0,0.0,0.0,,0.0,normalDay
2021-10-05,5583.0,275.0,0.0,0,433.1,0.0,1,12.24,9.49,SPY211119P00429000,429.0,0,0.0,0.0,,0.0,normalDay
2021-10-06,5583.0,349.0,0.0,0,434.9,0.0,1,12.24,8.75,SPY211119P00429000,429.0,0,0.0,0.0,,0.0,normalDay
2021-10-07,5583.0,540.0,0.0,0,438.66,0.0,1,12.24,6.84,SPY211119P00429000,429.0,0,0.0,0.0,,0.0,normalDay
2021-10-08,5583.0,527.0,0.0,0,437.86,0.0,1,12.24,6.97,SPY211119P00429000,429.0,0,0.0,0.0,,0.0,normalDay
2021-10-11,5583.0,441.0,0.0,0,434.69,0.0,1,12.24,7.83,SPY211119P00429000,429.0,0,0.0,0.0,,0.0,normalDay
2021-10-12,5583.0,416.0,0.0,0,433.62,0.0,1,12.24,8.08,SPY211119P00429000,429.0,0,0.0,0.0,,0.0,normalDay
2021-10-13,5583.0,563.0,0.0,0,435.18,0.0,1,12.24,6.61,SPY211119P00429000,429.0,0,0.0,0.0,,0.0,normalDay
2021-10-14,5583.0,815.0,0.0,0,442.5,0.0,1,12.24,4.09,SPY211119P00429000,429.0,0,0.0,0.0,,0.0,normalDay
2021-10-15,5583.0,890.0,0.0,0,445.87,0.0,1,12.24,3.34,SPY211119P00429000,429.0,0,0.0,0.0,,0.0,normalDay
2021-10-18,5583.0,936.0,0.0,0,447.19,0.0,1,12.24,2.88,SPY211119P00429000,429.0,0,0.0,0.0,,0.0,normalDay
2021-10-19,5583.0,1004.0,0.0,0,450.64,0.0,1,12.24,2.2,SPY211119P00429000,429.0,0,0.0,0.0,,0.0,normalDay
2021-10-20,5583.0,1026.0,0.0,0,452.41,0.0,1,12.24,1.98,SPY211119P00429000,429.0,0,0.0,0.0,,0.0,normalDay
2021-10-21,5583.0,1053.0,0.0,0,453.59,0.0,1,12.24,1.71,SPY211119P00429000,429.0,0,0.0,0.0,,0.0,normalDay
2021-10-22,5583.0,1044.0,0.0,0,453.12,0.0,1,12.24,1.8,SPY211119P00429000,429.0,0,0.0,0.0,,0.0,normalDay
2021-10-25,5583.0,1087.0,0.0,0,455.55,0.0,1,12.24,1.37,SPY211119P00429000,429.0,0,0.0,0.0,,0.0,normalDay
2021-10-26,5583.0,1084.0,0.0,0,455.96,0.0,1,12.24,1.4,SPY211119P00429000,429.0,0,0.0,0.0,,0.0,normalDay
2021-10-27,5583.0,1055.0,0.0,0,453.94,0.0,1,12.24,1.69,SPY211119P00429000,429.0,0,0.0,0.0,,0.0,normalDay
2021-10-28,5583.0,1103.0,0.0,0,458.32,0.0,1,12.24,1.21,SPY211119P00429000,429.0,0,0.0,0.0,,0.0,normalDay
2021-10-29,5583.0,1118.0,0.0,0,459.25,0.0,1,12.24,1.06,SPY211119P00429000,429.0,0,0.0,0.0,,0.0,normalDay
2021-11-01,5583.0,1144.0,0.0,0,460.04,0.0,1,12.24,0.8,SPY211119P00429000,429.0,0,0.0,0.0,,0.0,normalDay
2021-11-02,5583.0,1158.0,0.0,0,461.9,0.0,1,12.24,0.66,SPY211119P00429000,429.0,0,0.0,0.0,,0.0,normalDay
2021-11-03,5583.0,1182.0,0.0,0,464.72,0.0,1,12.24,0.42,SPY211119P00429000,429.0,0,0.0,0.0,,0.0,normalDay
2021-11-04,5583.0,1185.0,0.0,0,466.91,0.0,1,12.24,0.39,SPY211119P00429000,429.0,0,0.0,0.0,,0.0,normalDay
2021-11-05,5583.0,1189.0,0.0,0,468.53,0.0,1,12.24,0.35,SPY211119P00429000,429.0,0,0.0,0.0,,0.0,normalDay
2021-11-08,5583.0,1196.0,0.0,0,468.93,0.0,1,12.24,0.28,SPY211119P00429000,429.0,0,0.0,0.0,,0.0,normalDay
2021-11-09,5583.0,1198.0,0.0,0,467.38,0.0,1,12.24,0.26,SPY211119P00429000,429.0,0,0.0,0.0,,0.0,normalDay
2021-11-10,5583.0,1197.0,0.0,0,463.62,0.0,1,12.24,0.27,SPY211119P00429000,429.0,0,0.0,0.0,,0.0,normalDay
2021-11-11,5583.0,1208.0,0.0,0,463.77,0.0,1,12.24,0.16,SPY211119P00429000,429.0,0,0.0,0.0,,0.0,normalDay
2021-11-12,5583.0,1216.0,0.0,0,467.27,0.0,1,12.24,0.08,SPY211119P00429000,429.0,0,0.0,0.0,,0.0,normalDay
2021-11-15,5583.0,1220.0,0.0,0,467.43,0.0,1,12.24,0.04,SPY211119P00429000,429.0,0,0.0,0.0,,0.0,normalDay
2021-11-16,5583.0,1220.0,0.0,0,469.28,0.0,1,12.24,0.04,SPY211119P00429000,429.0,0,0.0,0.0,,0.0,normalDay
2021-11-17,5583.0,1222.0,0.0,0,468.14,0.0,1,12.24,0.02,SPY211119P00429000,429.0,0,0.0,0.0,,0.0,normalDay
2021-11-18,5583.0,1222.0,0.0,0,469.73,0.0,1,12.24,0.02,SPY211119P00429000,429.0,0,0.0,0.0,,0.0,normalDay
2021-11-19,6807.0,0.0,1224.0,0,468.89,0.0,1,12.24,0.0,SPY211119P00429000,429.0,0,0.0,0.0,,0.0,expirationDay
2021-11-22,6807.0,-5.0,0.0,0,467.57,0.0,1,6.24,6.29,SPY220121P00444000,444.0,0,0.0,0.0,,0.0,normalDay
2021-11-23,6807.0,20.0,0.0,0,468.19,0.0,1,6.24,6.04,SPY220121P00444000,444.0,0,0.0,0.0,,0.0,normalDay
2021-11-24,6807.0,81.0,0.0,0,469.44,0.0,1,6.24,5.43,SPY220121P00444000,444.0,0,0.0,0.0,,0.0,normalDay
2021-11-26,6807.0,-628.0,0.0,0,458.97,0.0,1,6.24,12.52,SPY220121P00444000,444.0,0,0.0,0.0,,0.0,normalDay
2021-11-29,6807.0,-103.0,0.0,0,464.6,0.0,1,6.24,7.27,SPY220121P00444000,444.0,0,0.0,0.0,,0.0,normalDay
2021-11-30,6807.0,-393.0,0.0,0,455.56,0.0,1,6.24,10.17,SPY220121P00444000,444.0,0,0.0,0.0,,0.0,normalDay
2021-12-01,6807.0,-765.0,0.0,0,450.5,0.0,1,6.24,13.89,SPY220121P00444000,444.0,0,0.0,0.0,,0.0,normalDay
2021-12-02,6807.0,-419.0,0.0,0,457.4,0.0,1,6.24,10.43,SPY220121P00444000,444.0,0,0.0,0.0,,0.0,normalDay
2021-12-03,6807.0,-606.0,0.0,0,453.42,0.0,1,6.24,12.3,SPY220121P00444000,444.0,0,0.0,0.0,,0.0,normalDay
2021-12-06,6807.0,-300.0,0.0,0,458.79,0.0,1,6.24,9.24,SPY220121P00444000,444.0,0,0.0,0.0,,0.0,normalDay
2021-12-07,6807.0,70.0,0.0,0,468.28,0.0,1,6.24,5.54,SPY220121P00444000,444.0,0,0.0,0.0,,0.0,normalDay
2021-12-08,6807.0,164.0,0.0,0,469.52,0.0,1,6.24,4.6,SPY220121P00444000,444.0,0,0.0,0.0,,0.0,normalDay
2021-12-09,6807.0,84.0,0.0,0,466.35,0.0,1,6.24,5.4,SPY220121P00444000,444.0,0,0.0,0.0,,0.0,normalDay
2021-12-10,6807.0,229.0,0.0,0,470.74,0.0,1,6.24,3.95,SPY220121P00444000,444.0,0,0.0,0.0,,0.0,normalDay
2021-12-13,6807.0,148.0,0.0,0,466.57,0.0,1,6.24,4.76,SPY220121P00444000,444.0,0,0.0,0.0,,0.0,normalDay
2021-12-14,6807.0,52.0,0.0,0,463.36,0.0,1,6.24,5.72,SPY220121P00444000,444.0,0,0.0,0.0,,0.0,normalDay
2021-12-15,6807.0,271.0,0.0,0,470.6,0.0,1,6.24,3.53,SPY220121P00444000,444.0,0,0.0,0.0,,0.0,normalDay
2021-12-16,6807.0,192.0,0.0,0,466.45,0.0,1,6.24,4.32,SPY220121P00444000,444.0,0,0.0,0.0,,0.0,normalDay
2021-12-17,6807.0,62.0,0.0,0,459.87,0.0,1,6.24,5.62,SPY220121P00444000,444.0,0,0.0,0.0,,0.0,normalDay
2021-12-20,6807.0,-64.0,0.0,0,454.98,0.0,1,6.24,6.88,SPY220121P00444000,444.0,0,0.0,0.0,,0.0,normalDay
2021-12-21,6807.0,179.0,0.0,0,463.06,0.0,1,6.24,4.45,SPY220121P00444000,444.0,0,0.0,0.0,,0.0,normalDay
2021-12-22,6807.0,335.0,0.0,0,467.69,0.0,1,6.24,2.89,SPY220121P00444000,444.0,0,0.0,0.0,,0.0,normalDay
2021-12-23,6807.0,403.0,0.0,0,470.6,0.0,1,6.24,2.21,SPY220121P00444000,444.0,0,0.0,0.0,,0.0,normalDay
2021-12-27,6807.0,496.0,0.0,0,477.26,0.0,1,6.24,1.28,SPY220121P00444000,444.0,0,0.0,0.0,,0.0,normalDay
2021-12-28,6807.0,504.0,0.0,0,476.87,0.0,1,6.24,1.2,SPY220121P00444000,444.0,0,0.0,0.0,,0.0,normalDay
2021-12-29,6807.0,530.0,0.0,0,477.48,0.0,1,6.24,0.94,SPY220121P00444000,444.0,0,0.0,0.0,,0.0,normalDay
2021-12-30,6807.0,519.0,0.0,0,476.16,0.0,1,6.24,1.05,SPY220121P00444000,444.0,0,0.0,0.0,,0.0,normalDay
2021-12-31,6807.0,529.0,0.0,0,474.96,0.0,1,6.24,0.95,SPY220121P00444000,444.0,0,0.0,0.0,,0.0,normalDay
2022-01-03,6807.0,565.0,0.0,0,477.71,0.0,1,6.24,0.59,SPY220121P00444000,444.0,0,0.0,0.0,,0.0,normalDay
2022-01-04,6807.0,566.0,0.0,0,477.55,0.0,1,6.24,0.58,SPY220121P00444000,444.0,0,0.0,0.0,,0.0,normalDay
2022-01-05,6807.0,476.0,0.0,0,468.38,0.0,1,6.24,1.48,SPY220121P00444000,444.0,0,0.0,0.0,,0.0,normalDay
2022-01-06,6807.0,497.0,0.0,0,467.94,0.0,1,6.24,1.27,SPY220121P00444000,444.0,0,0.0,0.0,,0.0,normalDay
2022-01-07,6807.0,527.0,0.0,0,466.09,0.0,1,6.24,0.97,SPY220121P00444000,444.0,0,0.0,0.0,,0.0,normalDay
2022-01-10,6807.0,526.0,0.0,0,465.51,0.0,1,6.24,0.98,SPY220121P00444000,444.0,0,0.0,0.0,,0.0,normalDay
2022-01-11,6807.0,567.0,0.0,0,469.75,0.0,1,6.24,0.57,SPY220121P00444000,444.0,0,0.0,0.0,,0.0,normalDay
2022-01-12,6807.0,596.0,0.0,0,471.02,0.0,1,6.24,0.28,SPY220121P00444000,444.0,0,0.0,0.0,,0.0,normalDay
2022-01-13,6807.0,548.0,0.0,0,464.53,0.0,1,6.24,0.76,SPY220121P00444000,444.0,0,0.0,0.0,,0.0,normalDay
2022-01-14,6807.0,583.0,0.0,0,464.72,0.0,1,6.24,0.41,SPY220121P00444000,444.0,0,0.0,0.0,,0.0,normalDay
2022-01-18,6807.0,534.0,0.0,0,456.49,0.0,1,6.24,0.9,SPY220121P00444000,444.0,0,0.0,0.0,,0.0,normalDay
2022-01-19,6807.0,534.0,0.0,0,451.75,0.0,1,6.24,0.9,SPY220121P00444000,444.0,0,0.0,0.0,,0.0,normalDay
2022-01-20,6807.0,453.0,0.0,0,446.75,0.0,1,6.24,1.71,SPY220121P00444000,444.0,0,0.0,0.0,,0.0,normalDay
2022-01-21,7431.0,-602.0,624.0,100,437.98,444.0,1,6.24,0.0,SPY220121P00444000,444.0,0,0.0,0.0,,0.0,expirationDay
2022-01-24,7431.0,-543.0,0.0,100,439.84,444.0,0,0.0,0.0,,0.0,1,1.08,2.35,SPY220715C00515000,515.0,normalDay
2022-01-25,7431.0,-994.0,0.0,100,434.47,444.0,0,0.0,0.0,,0.0,1,1.08,1.49,SPY220715C00515000,515.0,normalDay
2022-01-26,7431.0,-1108.0,0.0,100,433.38,444.0,0,0.0,0.0,,0.0,1,1.08,1.54,SPY220715C00515000,515.0,normalDay
2022-01-27,7431.0,-1302.0,0.0,100,431.24,444.0,0,0.0,0.0,,0.0,1,1.08,1.34,SPY220715C00515000,515.0,normalDay
2022-01-28,7431.0,-265.0,0.0,100,441.95,444.0,0,0.0,0.0,,0.0,1,1.08,1.68,SPY220715C00515000,515.0,normalDay
2022-01-31,7431.0,501.0,0.0,100,449.91,444.0,0,0.0,0.0,,0.0,1,1.08,1.98,SPY220715C00515000,515.0,normalDay
2022-02-01,7431.0,811.0,0.0,100,452.95,444.0,0,0.0,0.0,,0.0,1,1.08,1.92,SPY220715C00515000,515.0,normalDay
2022-02-02,7431.0,1229.0,0.0,100,457.35,444.0,0,0.0,0.0,,0.0,1,1.08,2.14,SPY220715C00515000,515.0,normalDay
2022-02-03,7431.0,174.0,0.0,100,446.6,444.0,0,0.0,0.0,,0.0,1,1.08,1.94,SPY220715C00515000,515.0,normalDay
2022-02-04,7431.0,400.0,0.0,100,448.7,444.0,0,0.0,0.0,,0.0,1,1.08,1.78,SPY220715C00515000,515.0,normalDay
2022-02-07,7431.0,260.0,0.0,100,447.26,444.0,0,0.0,0.0,,0.0,1,1.08,1.74,SPY220715C00515000,515.0,normalDay
2022-02-08,7431.0,650.0,0.0,100,450.94,444.0,0,0.0,0.0,,0.0,1,1.08,1.52,SPY220715C00515000,515.0,normalDay
2022-02-09,7431.0,1278.0,0.0,100,457.54,444.0,0,0.0,0.0,,0.0,1,1.08,1.84,SPY220715C00515000,515.0,normalDay
2022-02-10,7431.0,502.0,0.0,100,449.32,444.0,0,0.0,0.0,,0.0,1,1.08,1.38,SPY220715C00515000,515.0,normalDay
2022-02-11,7431.0,-361.0,0.0,100,440.46,444.0,0,0.0,0.0,,0.0,1,1.08,1.15,SPY220715C00515000,515.0,normalDay
2022-02-14,7431.0,-499.0,0.0,100,439.02,444.0,0,0.0,0.0,,0.0,1,1.08,1.09,SPY220715C00515000,515.0,normalDay
2022-02-15,7431.0,202.0,0.0,100,446.1,444.0,0,0.0,0.0,,0.0,1,1.08,1.16,SPY220715C00515000,515.0,normalDay
2022-02-16,7431.0,258.0,0.0,100,446.6,444.0,0,0.0,0.0,,0.0,1,1.08,1.1,SPY220715C00515000,515.0,normalDay
2022-02-17,7431.0,-671.0,0.0,100,437.06,444.0,0,0.0,0.0,,0.0,1,1.08,0.85,SPY220715C00515000,515.0,normalDay
2022-02-18,7431.0,-974.0,0.0,100,434.23,444.0,0,0.0,0.0,,0.0,1,1.08,1.05,SPY220715C00515000,515.0,normalDay
2022-02-22,7431.0,-1401.0,0.0,100,429.57,444.0,0,0.0,0.0,,0.0,1,1.08,0.66,SPY220715C00515000,515.0,normalDay
2022-02-23,7431.0,-2149.0,0.0,100,421.95,444.0,0,0.0,0.0,,0.0,1,1.08,0.52,SPY220715C00515000,515.0,normalDay
2022-02-24,7431.0,-1525.0,0.0,100,428.3,444.0,0,0.0,0.0,,0.0,1,1.08,0.63,SPY220715C00515000,515.0,normalDay
2022-02-25,7431.0,-597.0,0.0,100,437.75,444.0,0,0.0,0.0,,0.0,1,1.08,0.8,SPY220715C00515000,515.0,normalDay
2022-02-28,7431.0,-719.0,0.0,100,436.63,444.0,0,0.0,0.0,,0.0,1,1.08,0.9,SPY220715C00515000,515.0,normalDay
2022-03-01,7431.0,-1375.0,0.0,100,429.98,444.0,0,0.0,0.0,,0.0,1,1.08,0.81,SPY220715C00515000,515.0,normalDay
2022-03-02,7431.0,-597.0,0.0,100,437.89,444.0,0,0.0,0.0,,0.0,1,1.08,0.94,SPY220715C00515000,515.0,normalDay
2022-03-03,7431.0,-800.0,0.0,100,435.71,444.0,0,0.0,0.0,,0.0,1,1.08,0.79,SPY220715C00515000,515.0,normalDay
2022-03-04,7431.0,-1143.0,0.0,100,432.17,444.0,0,0.0,0.0,,0.0,1,1.08,0.68,SPY220715C00515000,515.0,normalDay
2022-03-07,7431.0,-2402.0,0.0,100,419.43,444.0,0,0.0,0.0,,0.0,1,1.08,0.53,SPY220715C00515000,515.0,normalDay
2022-03-08,7431.0,-2714.0,0.0,100,416.25,444.0,0,0.0,0.0,,0.0,1,1.08,0.47,SPY220715C00515000,515.0,normalDay
2022-03-09,7431.0,-1615.0,0.0,100,427.41,444.0,0,0.0,0.0,,0.0,1,1.08,0.64,SPY220715C00515000,515.0,normalDay
2022-03-10,7431.0,-1797.0,0.0,100,425.48,444.0,0,0.0,0.0,,0.0,1,1.08,0.53,SPY220715C00515000,515.0,normalDay
2022-03-11,7431.0,-2328.0,0.0,100,420.07,444.0,0,0.0,0.0,,0.0,1,1.08,0.43,SPY220715C00515000,515.0,normalDay
2022-03-14,7431.0,-2633.0,0.0,100,417.0,444.0,0,0.0,0.0,,0.0,1,1.08,0.41,SPY220715C00515000,515.0,normalDay
2022-03-15,7431.0,-1724.0,0.0,100,426.17,444.0,0,0.0,0.0,,0.0,1,1.08,0.49,SPY220715C00515000,515.0,normalDay
2022-03-16,7431.0,-789.0,0.0,100,435.62,444.0,0,0.0,0.0,,0.0,1,1.08,0.59,SPY220715C00515000,515.0,normalDay
2022-03-17,7431.0,-243.0,0.0,100,441.07,444.0,0,0.0,0.0,,0.0,1,1.08,0.58,SPY220715C00515000,515.0,normalDay
2022-03-18,7431.0,100.0,0.0,100,444.52,444.0,0,0.0,0.0,,0.0,1,1.08,0.6,SPY220715C00515000,515.0,normalDay
2022-03-21,7431.0,93.0,0.0,100,444.39,444.0,0,0.0,0.0,,0.0,1,1.08,0.54,SPY220715C00515000,515.0,normalDay
2022-03-22,7431.0,596.0,0.0,100,449.59,444.0,0,0.0,0.0,,0.0,1,1.08,0.71,SPY220715C00515000,515.0,normalDay
2022-03-23,7431.0,37.0,0.0,100,443.8,444.0,0,0.0,0.0,,0.0,1,1.08,0.51,SPY220715C00515000,515.0,normalDay
2022-03-24,7431.0,692.0,0.0,100,450.49,444.0,0,0.0,0.0,,0.0,1,1.08,0.65,SPY220715C00515000,515.0,normalDay
2022-03-25,7431.0,909.0,0.0,100,452.69,444.0,0,0.0,0.0,,0.0,1,1.08,0.68,SPY220715C00515000,515.0,normalDay
2022-03-28,7431.0,1228.0,0.0,100,455.91,444.0,0,0.0,0.0,,0.0,1,1.08,0.71,SPY220715C00515000,515.0,normalDay
2022-03-29,7431.0,1767.0,0.0,100,461.55,444.0,0,0.0,0.0,,0.0,1,1.08,0.96,SPY220715C00515000,515.0,normalDay
2022-03-30,7431.0,1494.0,0.0,100,458.7,444.0,0,0.0,0.0,,0.0,1,1.08,0.84,SPY220715C00515000,515.0,normalDay
2022-03-31,7431.0,814.0,0.0,100,451.64,444.0,0,0.0,0.0,,0.0,1,1.08,0.58,SPY220715C00515000,515.0,normalDay
2022-04-01,7431.0,951.0,0.0,100,452.92,444.0,0,0.0,0.0,,0.0,1,1.08,0.49,SPY220715C00515000,515.0,normalDay
2022-04-04,7431.0,1335.0,0.0,100,456.8,444.0,0,0.0,0.0,,0.0,1,1.08,0.53,SPY220715C00515000,515.0,normalDay
2022-04-05,7431.0,768.0,0.0,100,451.03,444.0,0,0.0,0.0,,0.0,1,1.08,0.43,SPY220715C00515000,515.0,normalDay
2022-04-06,7431.0,326.0,0.0,100,446.52,444.0,0,0.0,0.0,,0.0,1,1.08,0.34,SPY220715C00515000,515.0,normalDay
2022-04-07,7431.0,551.0,0.0,100,448.77,444.0,0,0.0,0.0,,0.0,1,1.08,0.34,SPY220715C00515000,515.0,normalDay
2022-04-08,7431.0,434.0,0.0,100,447.57,444.0,0,0.0,0.0,,0.0,1,1.08,0.31,SPY220715C00515000,515.0,normalDay
2022-04-11,7431.0,-323.0,0.0,100,439.92,444.0,0,0.0,0.0,,0.0,1,1.08,0.23,SPY220715C00515000,515.0,normalDay
2022-04-12,7431.0,-483.0,0.0,100,438.29,444.0,0,0.0,0.0,,0.0,1,1.08,0.2,SPY220715C00515000,515.0,normalDay
2022-04-13,7431.0,16.0,0.0,100,443.31,444.0,0,0.0,0.0,,0.0,1,1.08,0.23,SPY220715C00515000,515.0,normalDay
2022-04-14,7431.0,-530.0,0.0,100,437.79,444.0,0,0.0,0.0,,0.0,1,1.08,0.17,SPY220715C00515000,515.0,normalDay
2022-04-18,7431.0,-511.0,0.0,100,437.97,444.0,0,0.0,0.0,,0.0,1,1.08,0.16,SPY220715C00515000,515.0,normalDay
2022-04-19,7431.0,194.0,0.0,100,445.04,444.0,0,0.0,0.0,,0.0,1,1.08,0.18,SPY220715C00515000,515.0,normalDay
2022-04-20,7431.0,161.0,0.0,100,444.71,444.0,0,0.0,0.0,,0.0,1,1.08,0.18,SPY220715C00515000,515.0,normalDay
2022-04-21,7431.0,-499.0,0.0,100,438.06,444.0,0,0.0,0.0,,0.0,1,1.08,0.13,SPY220715C00515000,515.0,normalDay
2022-04-22,7431.0,-1697.0,0.0,100,426.04,444.0,0,0.0,0.0,,0.0,1,1.08,0.09,SPY220715C00515000,515.0,normalDay
2022-04-25,7431.0,-1449.0,0.0,100,428.51,444.0,0,0.0,0.0,,0.0,1,1.08,0.08,SPY220715C00515000,515.0,normalDay
2022-04-26,7431.0,-2688.0,0.0,100,416.1,444.0,0,0.0,0.0,,0.0,1,1.08,0.06,SPY220715C00515000,515.0,normalDay
2022-04-27,7431.0,-2570.0,0.0,100,417.27,444.0,0,0.0,0.0,,0.0,1,1.08,0.05,SPY220715C00515000,515.0,normalDay
2022-04-28,7431.0,-1519.0,0.0,100,427.81,444.0,0,0.0,0.0,,0.0,1,1.08,0.08,SPY220715C00515000,515.0,normalDay
2022-04-29,7431.0,-3098.0,0.0,100,412.0,444.0,0,0.0,0.0,,0.0,1,1.08,0.06,SPY220715C00515000,515.0,normalDay
2022-05-02,7431.0,-2849.0,0.0,100,414.48,444.0,0,0.0,0.0,,0.0,1,1.08,0.05,SPY220715C00515000,515.0,normalDay
2022-05-03,7431.0,-2659.0,0.0,100,416.38,444.0,0,0.0,0.0,,0.0,1,1.08,0.05,SPY220715C00515000,515.0,normalDay
2022-05-04,7431.0,-1392.0,0.0,100,429.06,444.0,0,0.0,0.0,,0.0,1,1.08,0.06,SPY220715C00515000,515.0,normalDay
2022-05-05,7431.0,-2915.0,0.0,100,413.81,444.0,0,0.0,0.0,,0.0,1,1.08,0.04,SPY220715C00515000,515.0,normalDay
2022-05-06,7431.0,-3161.0,0.0,100,411.34,444.0,0,0.0,0.0,,0.0,1,1.08,0.03,SPY220715C00515000,515.0,normalDay
2022-05-09,7431.0,-4478.0,0.0,100,398.17,444.0,0,0.0,0.0,,0.0,1,1.08,0.03,SPY220715C00515000,515.0,normalDay
2022-05-10,7431.0,-4385.0,0.0,100,399.09,444.0,0,0.0,0.0,,0.0,1,1.08,0.02,SPY220715C00515000,515.0,normalDay
2022-05-11,7431.0,-5019.0,0.0,100,392.75,444.0,0,0.0,0.0,,0.0,1,1.08,0.02,SPY220715C00515000,515.0,normalDay
2022-05-12,7431.0,-5061.0,0.0,100,392.34,444.0,0,0.0,0.0,,0.0,1,1.08,0.03,SPY220715C00515000,515.0,normalDay
2022-05-13,7431.0,-4122.0,0.0,100,401.72,444.0,0,0.0,0.0,,0.0,1,1.08,0.02,SPY220715C00515000,515.0,normalDay
2022-05-16,7431.0,-4285.0,0.0,100,400.09,444.0,0,0.0,0.0,,0.0,1,1.08,0.02,SPY220715C00515000,515.0,normalDay
2022-05-17,7431.0,-3462.0,0.0,100,408.32,444.0,0,0.0,0.0,,0.0,1,1.08,0.02,SPY220715C00515000,515.0,normalDay
2022-05-18,7431.0,-5108.0,0.0,100,391.86,444.0,0,0.0,0.0,,0.0,1,1.08,0.02,SPY220715C00515000,515.0,normalDay
2022-05-19,7431.0,-5348.0,0.0,100,389.46,444.0,0,0.0,0.0,,0.0,1,1.08,0.02,SPY220715C00515000,515.0,normalDay
2022-05-20,7431.0,-5331.0,0.0,100,389.63,444.0,0,0.0,0.0,,0.0,1,1.08,0.02,SPY220715C00515000,515.0,normalDay
2022-05-23,7431.0,-4602.0,0.0,100,396.92,444.0,0,0.0,0.0,,0.0,1,1.08,0.02,SPY220715C00515000,515.0,normalDay
2022-05-24,7431.0,-4906.0,0.0,100,393.89,444.0,0,0.0,0.0,,0.0,1,1.08,0.03,SPY220715C00515000,515.0,normalDay
2022-05-25,7431.0,-4558.0,0.0,100,397.37,444.0,0,0.0,0.0,,0.0,1,1.08,0.03,SPY220715C00515000,515.0,normalDay
2022-05-26,7431.0,-3764.0,0.0,100,405.31,444.0,0,0.0,0.0,,0.0,1,1.08,0.03,SPY220715C00515000,515.0,normalDay
2022-05-27,7431.0,-2770.0,0.0,100,415.26,444.0,0,0.0,0.0,,0.0,1,1.08,0.04,SPY220715C00515000,515.0,normalDay
2022-05-31,7431.0,-3002.0,0.0,100,412.93,444.0,0,0.0,0.0,,0.0,1,1.08,0.03,SPY220715C00515000,515.0,normalDay
2022-06-01,7431.0,-3336.0,0.0,100,409.59,444.0,0,0.0,0.0,,0.0,1,1.08,0.03,SPY220715C00515000,515.0,normalDay
2022-06-02,7431.0,-2556.0,0.0,100,417.39,444.0,0,0.0,0.0,,0.0,1,1.08,0.03,SPY220715C00515000,515.0,normalDay
2022-06-03,7431.0,-3240.0,0.0,100,410.54,444.0,0,0.0,0.0,,0.0,1,1.08,0.02,SPY220715C00515000,515.0,normalDay
2022-06-06,7431.0,-3115.0,0.0,100,411.79,444.0,0,0.0,0.0,,0.0,1,1.08,0.02,SPY220715C00515000,515.0,normalDay
2022-06-07,7431.0,-2720.0,0.0,100,415.74,444.0,0,0.0,0.0,,0.0,1,1.08,0.02,SPY220715C00515000,515.0,normalDay
2022-06-08,7431.0,-3172.0,0.0,100,411.22,444.0,0,0.0,0.0,,0.0,1,1.08,0.02,SPY220715C00515000,515.0,normalDay
2022-06-09,7431.0,-4150.0,0.0,100,401.44,444.0,0,0.0,0.0,,0.0,1,1.08,0.02,SPY220715C00515000,515.0,normalDay
2022-06-10,7431.0,-5314.0,0.0,100,389.8,444.0,0,0.0,0.0,,0.0,1,1.08,0.02,SPY220715C00515000,515.0,normalDay
2022-06-13,7431.0,-6794.0,0.0,100,375.0,444.0,0,0.0,0.0,,0.0,1,1.08,0.02,SPY220715C00515000,515.0,normalDay
2022-06-14,7431.0,-6907.0,0.0,100,373.87,444.0,0,0.0,0.0,,0.0,1,1.08,0.02,SPY220715C00515000,515.0,normalDay
2022-06-15,7431.0,-6373.0,0.0,100,379.2,444.0,0,0.0,0.0,,0.0,1,1.08,0.01,SPY220715C00515000,515.0,normalDay
2022-06-16,7431.0,-7628.0,0.0,100,366.65,444.0,0,0.0,0.0,,0.0,1,1.08,0.01,SPY220715C00515000,515.0,normalDay
2022-06-17,7431.0,-7707.0,0.0,100,365.86,444.0,0,0.0,0.0,,0.0,1,1.08,0.01,SPY220715C00515000,515.0,normalDay
2022-06-21,7431.0,-6786.0,0.0,100,375.07,444.0,0,0.0,0.0,,0.0,1,1.08,0.01,SPY220715C00515000,515.0,normalDay
2022-06-22,7431.0,-6854.0,0.0,100,374.39,444.0,0,0.0,0.0,,0.0,1,1.08,0.01,SPY220715C00515000,515.0,normalDay
2022-06-23,7431.0,-6487.0,0.0,100,378.06,444.0,0,0.0,0.0,,0.0,1,1.08,0.01,SPY220715C00515000,515.0,normalDay
2022-06-24,7431.0,-5285.0,0.0,100,390.08,444.0,0,0.0,0.0,,0.0,1,1.08,0.01,SPY220715C00515000,515.0,normalDay
2022-06-27,7431.0,-5434.0,0.0,100,388.59,444.0,0,0.0,0.0,,0.0,1,1.08,0.01,SPY220715C00515000,515.0,normalDay
2022-06-28,7431.0,-6228.0,0.0,100,380.65,444.0,0,0.0,0.0,,0.0,1,1.08,0.01,SPY220715C00515000,515.0,normalDay
2022-06-29,7431.0,-6259.0,0.0,100,380.34,444.0,0,0.0,0.0,,0.0,1,1.08,0.01,SPY220715C00515000,515.0,normalDay
2022-06-30,7431.0,-6568.0,0.0,100,377.25,444.0,0,0.0,0.0,,0.0,1,1.08,0.01,SPY220715C00515000,515.0,normalDay
2022-07-01,7431.0,-6169.0,0.0,100,381.24,444.0,0,0.0,0.0,,0.0,1,1.08,0.01,SPY220715C00515000,515.0,normalDay
2022-07-05,7431.0,-6097.0,0.0,100,381.96,444.0,0,0.0,0.0,,0.0,1,1.08,0.01,SPY220715C00515000,515.0,normalDay
2022-07-06,7431.0,-5968.0,0.0,100,383.25,444.0,0,0.0,0.0,,0.0,1,1.08,0.01,SPY220715C00515000,515.0,normalDay
2022-07-07,7431.0,-5394.0,0.0,100,388.99,444.0,0,0.0,0.0,,0.0,1,1.08,0.01,SPY220715C00515000,515.0,normalDay
2022-07-08,7431.0,-5426.0,0.0,100,388.67,444.0,0,0.0,0.0,,0.0,1,1.08,0.01,SPY220715C00515000,515.0,normalDay
2022-07-11,7431.0,-5870.0,0.0,100,384.23,444.0,0,0.0,0.0,,0.0,1,1.08,0.01,SPY220715C00515000,515.0,normalDay
2022-07-12,7431.0,-6210.0,0.0,100,380.83,444.0,0,0.0,0.0,,0.0,1,1.08,0.01,SPY220715C00515000,515.0,normalDay
2022-07-13,7431.0,-6410.0,0.0,100,378.83,444.0,0,0.0,0.0,,0.0,1,1.08,0.01,SPY220715C00515000,515.0,normalDay
2022-07-14,7431.0,-6502.0,0.0,100,377.91,444.0,0,0.0,0.0,,0.0,1,1.08,0.01,SPY220715C00515000,515.0,normalDay
2022-07-15,7539.0,-5887.0,108.0,100,385.13,444.0,0,0.0,0.0,,0.0,1,1.08,0.0,SPY220715C00515000,515.0,expirationDay
2022-07-18,7539.0,-6218.0,0.0,100,381.95,444.0,0,0.0,0.0,,0.0,1,15.55,15.68,SPY230120C00405000,405.0,normalDay
2022-07-19,7539.0,-5703.0,0.0,100,392.27,444.0,0,0.0,0.0,,0.0,1,15.55,20.85,SPY230120C00405000,405.0,normalDay
2022-07-20,7539.0,-5563.0,0.0,100,394.77,444.0,0,0.0,0.0,,0.0,1,15.55,21.95,SPY230120C00405000,405.0,normalDay
2022-07-21,7539.0,-5316.0,0.0,100,398.79,444.0,0,0.0,0.0,,0.0,1,15.55,23.5,SPY230120C00405000,405.0,normalDay
2022-07-22,7539.0,-5455.0,0.0,100,395.09,444.0,0,0.0,0.0,,0.0,1,15.55,21.19,SPY230120C00405000,405.0,normalDay
2022-07-25,7539.0,-5453.0,0.0,100,395.57,444.0,0,0.0,0.0,,0.0,1,15.55,21.65,SPY230120C00405000,405.0,normalDay
2022-07-26,7539.0,-5714.0,0.0,100,390.89,444.0,0,0.0,0.0,,0.0,1,15.55,19.58,SPY230120C00405000,405.0,normalDay
2022-07-27,7539.0,-5105.0,0.0,100,401.04,444.0,0,0.0,0.0,,0.0,1,15.55,23.64,SPY230120C00405000,405.0,normalDay
2022-07-28,7539.0,-4968.0,0.0,100,406.07,444.0,0,0.0,0.0,,0.0,1,15.55,27.3,SPY230120C00405000,405.0,normalDay
2022-07-29,7539.0,-4655.0,0.0,100,411.99,444.0,0,0.0,0.0,,0.0,1,15.55,30.09,SPY230120C00405000,405.0,normalDay
2022-08-01,7539.0,-4775.0,0.0,100,410.77,444.0,0,0.0,0.0,,0.0,1,15.55,30.07,SPY230120C00405000,405.0,normalDay
2022-08-02,7539.0,-4895.0,0.0,100,408.06,444.0,0,0.0,0.0,,0.0,1,15.55,28.56,SPY230120C00405000,405.0,normalDay
2022-08-03,7539.0,-4577.0,0.0,100,414.45,444.0,0,0.0,0.0,,0.0,1,15.55,31.77,SPY230120C00405000,405.0,normalDay
2022-08-04,7539.0,-4618.0,0.0,100,414.17,444.0,0,0.0,0.0,,0.0,1,15.55,31.9,SPY230120C00405000,405.0,normalDay
2022-08-05,7539.0,-4599.0,0.0,100,413.47,444.0,0,0.0,0.0,,0.0,1,15.55,31.01,SPY230120C00405000,405.0,normalDay
2022-08-08,7539.0,-4641.0,0.0,100,412.99,444.0,0,0.0,0.0,,0.0,1,15.55,30.95,SPY230120C00405000,405.0,normalDay
2022-08-09,7539.0,-4708.0,0.0,100,411.35,444.0,0,0.0,0.0,,0.0,1,15.55,29.98,SPY230120C00405000,405.0,normalDay
2022-08-10,7539.0,-4327.0,0.0,100,419.99,444.0,0,0.0,0.0,,0.0,1,15.55,34.81,SPY230120C00405000,405.0,normalDay
2022-08-11,7539.0,-4369.0,0.0,100,419.99,444.0,0,0.0,0.0,,0.0,1,15.55,35.23,SPY230120C00405000,405.0,normalDay
2022-08-12,7539.0,-4070.0,0.0,100,427.1,444.0,0,0.0,0.0,,0.0,1,15.55,39.35,SPY230120C00405000,405.0,normalDay
2022-08-15,7539.0,-4021.0,0.0,100,428.86,444.0,0,0.0,0.0,,0.0,1,15.55,40.62,SPY230120C00405000,405.0,normalDay
2022-08-16,7539.0,-3986.0,0.0,100,429.7,444.0,0,0.0,0.0,,0.0,1,15.55,41.11,SPY230120C00405000,405.0,normalDay
2022-08-17,7539.0,-4129.0,0.0,100,426.65,444.0,0,0.0,0.0,,0.0,1,15.55,39.49,SPY230120C00405000,405.0,normalDay
2022-08-18,7539.0,-4031.0,0.0,100,427.89,444.0,0,0.0,0.0,,0.0,1,15.55,39.75,SPY230120C00405000,405.0,normalDay
2022-08-19,7539.0,-4235.0,0.0,100,422.14,444.0,0,0.0,0.0,,0.0,1,15.55,36.04,SPY230120C00405000,405.0,normalDay
2022-08-22,7539.0,-4573.0,0.0,100,413.35,444.0,0,0.0,0.0,,0.0,1,15.55,30.63,SPY230120C00405000,405.0,normalDay
2022-08-23,7539.0,-4553.0,0.0,100,412.35,444.0,0,0.0,0.0,,0.0,1,15.55,29.43,SPY230120C00405000,405.0,normalDay
2022-08-24,7539.0,-4467.0,0.0,100,413.67,444.0,0,0.0,0.0,,0.0,1,15.55,29.89,SPY230120C00405000,405.0,normalDay
2022-08-25,7539.0,-4202.0,0.0,100,419.51,444.0,0,0.0,0.0,,0.0,1,15.55,33.08,SPY230120C00405000,405.0,normalDay
2022-08-26,7539.0,-4796.0,0.0,100,405.31,444.0,0,0.0,0.0,,0.0,1,15.55,24.82,SPY230120C00405000,405.0,normalDay
2022-08-29,7539.0,-4899.0,0.0,100,402.63,444.0,0,0.0,0.0,,0.0,1,15.55,23.17,SPY230120C00405000,405.0,normalDay
2022-08-30,7539.0,-5084.0,0.0,100,398.21,444.0,0,0.0,0.0,,0.0,1,15.55,20.6,SPY230120C00405000,405.0,normalDay
2022-08-31,7539.0,-5211.0,0.0,100,395.18,444.0,0,0.0,0.0,,0.0,1,15.55,18.84,SPY230120C00405000,405.0,normalDay
2022-09-01,7539.0,-5099.0,0.0,100,396.42,444.0,0,0.0,0.0,,0.0,1,15.55,18.96,SPY230120C00405000,405.0,normalDay
2022-09-02,7539.0,-5317.0,0.0,100,392.24,444.0,0,0.0,0.0,,0.0,1,15.55,16.96,SPY230120C00405000,405.0,normalDay
2022-09-06,7539.0,-5358.0,0.0,100,390.76,444.0,0,0.0,0.0,,0.0,1,15.55,15.89,SPY230120C00405000,405.0,normalDay
2022-09-07,7539.0,-4952.0,0.0,100,397.78,444.0,0,0.0,0.0,,0.0,1,15.55,18.85,SPY230120C00405000,405.0,normalDay
2022-09-08,7539.0,-4834.0,0.0,100,400.38,444.0,0,0.0,0.0,,0.0,1,15.55,20.27,SPY230120C00405000,405.0,normalDay
2022-09-09,7539.0,-4512.0,0.0,100,406.6,444.0,0,0.0,0.0,,0.0,1,15.55,23.27,SPY230120C00405000,405.0,normalDay
2022-09-12,7539.0,-4383.0,0.0,100,410.97,444.0,0,0.0,0.0,,0.0,1,15.55,26.35,SPY230120C00405000,405.0,normalDay
2022-09-13,7539.0,-5261.0,0.0,100,393.1,444.0,0,0.0,0.0,,0.0,1,15.55,17.26,SPY230120C00405000,405.0,normalDay
2022-09-14,7539.0,-5116.0,0.0,100,394.6,444.0,0,0.0,0.0,,0.0,1,15.55,17.31,SPY230120C00405000,405.0,normalDay
2022-09-15,7539.0,-5371.0,0.0,100,390.12,444.0,0,0.0,0.0,,0.0,1,15.55,15.38,SPY230120C00405000,405.0,normalDay
2022-09-16,7539.0,-5665.0,0.0,100,385.56,444.0,0,0.0,0.0,,0.0,1,15.55,13.76,SPY230120C00405000,405.0,normalDay
2022-09-19,7539.0,-5447.0,0.0,100,388.55,444.0,0,0.0,0.0,,0.0,1,15.55,14.57,SPY230120C00405000,405.0,normalDay
2022-09-20,7539.0,-5730.0,0.0,100,384.09,444.0,0,0.0,0.0,,0.0,1,15.55,12.94,SPY230120C00405000,405.0,normalDay
2022-09-21,7539.0,-6121.0,0.0,100,377.39,444.0,0,0.0,0.0,,0.0,1,15.55,10.15,SPY230120C00405000,405.0,normalDay
2022-09-22,7539.0,-6307.0,0.0,100,374.22,444.0,0,0.0,0.0,,0.0,1,15.55,8.84,SPY230120C00405000,405.0,normalDay
2022-09-23,7539.0,-6765.0,0.0,100,367.95,444.0,0,0.0,0.0,,0.0,1,15.55,7.15,SPY230120C00405000,405.0,normalDay
2022-09-26,7539.0,-7037.0,0.0,100,364.31,444.0,0,0.0,0.0,,0.0,1,15.55,6.23,SPY230120C00405000,405.0,normalDay
2022-09-27,7539.0,-7100.0,0.0,100,363.38,444.0,0,0.0,0.0,,0.0,1,15.55,5.93,SPY230120C00405000,405.0,normalDay
2022-09-28,7539.0,-6540.0,0.0,100,370.53,444.0,0,0.0,0.0,,0.0,1,15.55,7.48,SPY230120C00405000,405.0,normalDay
2022-09-29,7539.0,-7108.0,0.0,100,362.79,444.0,0,0.0,0.0,,0.0,1,15.55,5.42,SPY230120C00405000,405.0,normalDay
2022-09-30,7539.0,-7539.0,0.0,100,357.18,444.0,0,0.0,0.0,,0.0,1,15.55,4.12,SPY230120C00405000,405.0,normalDay
2022-10-03,7539.0,-6774.0,0.0,100,366.61,444.0,0,0.0,0.0,,0.0,1,15.55,5.9,SPY230120C00405000,405.0,normalDay
2022-10-04,7539.0,-5961.0,0.0,100,377.97,444.0,0,0.0,0.0,,0.0,1,15.55,9.13,SPY230120C00405000,405.0,normalDay
2022-10-05,7539.0,-6022.0,0.0,100,377.09,444.0,0,0.0,0.0,,0.0,1,15.55,8.86,SPY230120C00405000,405.0,normalDay
2022-10-06,7539.0,-6301.0,0.0,100,373.2,444.0,0,0.0,0.0,,0.0,1,15.55,7.76,SPY230120C00405000,405.0,normalDay
2022-10-07,7539.0,-7050.0,0.0,100,362.79,444.0,0,0.0,0.0,,0.0,1,15.55,4.84,SPY230120C00405000,405.0,normalDay
2022-10-10,7539.0,-7307.0,0.0,100,360.02,444.0,0,0.0,0.0,,0.0,1,15.55,4.64,SPY230120C00405000,405.0,normalDay
2022-10-11,7539.0,-7501.0,0.0,100,357.74,444.0,0,0.0,0.0,,0.0,1,15.55,4.3,SPY230120C00405000,405.0,normalDay
2022-10-12,7539.0,-7603.0,0.0,100,356.56,444.0,0,0.0,0.0,,0.0,1,15.55,4.14,SPY230120C00405000,405.0,normalDay
2022-10-13,7539.0,-6858.0,0.0,100,365.97,444.0,0,0.0,0.0,,0.0,1,15.55,6.1,SPY230120C00405000,405.0,normalDay
2022-10-14,7539.0,-7499.0,0.0,100,357.63,444.0,0,0.0,0.0,,0.0,1,15.55,4.17,SPY230120C00405000,405.0,normalDay
2022-10-17,7539.0,-6779.0,0.0,100,366.82,444.0,0,0.0,0.0,,0.0,1,15.55,6.16,SPY230120C00405000,405.0,normalDay
2022-10-18,7539.0,-6457.0,0.0,100,371.13,444.0,0,0.0,0.0,,0.0,1,15.55,7.25,SPY230120C00405000,405.0,normalDay
2022-10-19,7539.0,-6607.0,0.0,100,368.5,444.0,0,0.0,0.0,,0.0,1,15.55,6.12,SPY230120C00405000,405.0,normalDay
2022-10-20,7539.0,-6825.0,0.0,100,365.41,444.0,0,0.0,0.0,,0.0,1,15.55,5.21,SPY230120C00405000,405.0,normalDay
2022-10-21,7539.0,-6188.0,0.0,100,374.29,444.0,0,0.0,0.0,,0.0,1,15.55,7.72,SPY230120C00405000,405.0,normalDay
2022-10-24,7539.0,-5867.0,0.0,100,378.87,444.0,0,0.0,0.0,,0.0,1,15.55,9.09,SPY230120C00405000,405.0,normalDay
2022-10-25,7539.0,-5372.0,0.0,100,384.92,444.0,0,0.0,0.0,,0.0,1,15.55,10.19,SPY230120C00405000,405.0,normalDay
2022-10-26,7539.0,-5584.0,0.0,100,382.02,444.0,0,0.0,0.0,,0.0,1,15.55,9.41,SPY230120C00405000,405.0,normalDay
2022-10-27,7539.0,-5539.0,0.0,100,379.98,444.0,0,0.0,0.0,,0.0,1,15.55,6.92,SPY230120C00405000,405.0,normalDay
2022-10-28,7539.0,-5069.0,0.0,100,389.02,444.0,0,0.0,0.0,,0.0,1,15.55,11.26,SPY230120C00405000,405.0,normalDay
2022-10-31,7539.0,-5188.0,0.0,100,386.21,444.0,0,0.0,0.0,,0.0,1,15.55,9.64,SPY230120C00405000,405.0,normalDay
2022-11-01,7539.0,-5266.0,0.0,100,384.52,444.0,0,0.0,0.0,,0.0,1,15.55,8.73,SPY230120C00405000,405.0,normalDay
2022-11-02,7539.0,-5920.0,0.0,100,374.87,444.0,0,0.0,0.0,,0.0,1,15.55,5.62,SPY230120C00405000,405.0,normalDay
2022-11-03,7539.0,-6194.0,0.0,100,371.01,444.0,0,0.0,0.0,,0.0,1,15.55,4.5,SPY230120C00405000,405.0,normalDay
2022-11-04,7539.0,-5774.0,0.0,100,376.35,444.0,0,0.0,0.0,,0.0,1,15.55,5.64,SPY230120C00405000,405.0,normalDay
2022-11-07,7539.0,-5486.0,0.0,100,379.95,444.0,0,0.0,0.0,,0.0,1,15.55,6.36,SPY230120C00405000,405.0,normalDay
2022-11-08,7539.0,-5345.0,0.0,100,382.0,444.0,0,0.0,0.0,,0.0,1,15.55,7.0,SPY230120C00405000,405.0,normalDay
2022-11-09,7539.0,-5926.0,0.0,100,374.13,444.0,0,0.0,0.0,,0.0,1,15.55,4.94,SPY230120C00405000,405.0,normalDay
2022-11-10,7539.0,-4555.0,0.0,100,394.69,444.0,0,0.0,0.0,,0.0,1,15.55,11.79,SPY230120C00405000,405.0,normalDay
2022-11-11,7539.0,-4249.0,0.0,100,398.51,444.0,0,0.0,0.0,,0.0,1,15.55,12.55,SPY230120C00405000,405.0,normalDay
2022-11-14,7539.0,-4437.0,0.0,100,395.12,444.0,0,0.0,0.0,,0.0,1,15.55,11.04,SPY230120C00405000,405.0,normalDay
2022-11-15,7539.0,-4235.0,0.0,100,398.49,444.0,0,0.0,0.0,,0.0,1,15.55,12.39,SPY230120C00405000,405.0,normalDay
2022-11-16,7539.0,-4370.0,0.0,100,395.45,444.0,0,0.0,0.0,,0.0,1,15.55,10.7,SPY230120C00405000,405.0,normalDay
2022-11-17,7539.0,-4409.0,0.0,100,394.24,444.0,0,0.0,0.0,,0.0,1,15.55,9.88,SPY230120C00405000,405.0,normalDay
2022-11-18,7539.0,-4251.0,0.0,100,396.03,444.0,0,0.0,0.0,,0.0,1,15.55,10.09,SPY230120C00405000,405.0,normalDay
2022-11-21,7539.0,-4280.0,0.0,100,394.59,444.0,0,0.0,0.0,,0.0,1,15.55,8.94,SPY230120C00405000,405.0,normalDay
2022-11-22,7539.0,-3929.0,0.0,100,399.9,444.0,0,0.0,0.0,,0.0,1,15.55,10.74,SPY230120C00405000,405.0,normalDay
2022-11-23,7539.0,-3762.0,0.0,100,402.42,444.0,0,0.0,0.0,,0.0,1,15.55,11.59,SPY230120C00405000,405.0,normalDay
2022-11-25,7539.0,-3742.0,0.0,100,402.33,444.0,0,0.0,0.0,,0.0,1,15.55,11.3,SPY230120C00405000,405.0,normalDay
2022-11-28,7539.0,-4106.0,0.0,100,395.91,444.0,0,0.0,0.0,,0.0,1,15.55,8.52,SPY230120C00405000,405.0,normalDay
2022-11-29,7539.0,-4107.0,0.0,100,395.23,444.0,0,0.0,0.0,,0.0,1,15.55,7.85,SPY230120C00405000,405.0,normalDay
2022-11-30,7539.0,-3488.0,0.0,100,407.68,444.0,0,0.0,0.0,,0.0,1,15.55,14.11,SPY230120C00405000,405.0,normalDay
2022-12-01,7539.0,-3423.0,0.0,100,407.38,444.0,0,0.0,0.0,,0.0,1,15.55,13.16,SPY230120C00405000,405.0,normalDay
2022-12-02,7539.0,-3386.0,0.0,100,406.91,444.0,0,0.0,0.0,,0.0,1,15.55,12.32,SPY230120C00405000,405.0,normalDay
2022-12-05,7539.0,-3755.0,0.0,100,399.59,444.0,0,0.0,0.0,,0.0,1,15.55,8.69,SPY230120C00405000,405.0,normalDay
2022-12-06,7539.0,-4119.0,0.0,100,393.83,444.0,0,0.0,0.0,,0.0,1,15.55,6.57,SPY230120C00405000,405.0,normalDay
2022-12-07,7539.0,-4162.0,0.0,100,393.16,444.0,0,0.0,0.0,,0.0,1,15.55,6.33,SPY230120C00405000,405.0,normalDay
2022-12-08,7539.0,-3941.0,0.0,100,396.24,444.0,0,0.0,0.0,,0.0,1,15.55,7.2,SPY230120C00405000,405.0,normalDay
2022-12-09,7539.0,-4122.0,0.0,100,393.28,444.0,0,0.0,0.0,,0.0,1,15.55,6.05,SPY230120C00405000,405.0,normalDay
2022-12-12,7539.0,-3802.0,0.0,100,398.95,444.0,0,0.0,0.0,,0.0,1,15.55,8.52,SPY230120C00405000,405.0,normalDay
2022-12-13,7539.0,-3560.0,0.0,100,401.97,444.0,0,0.0,0.0,,0.0,1,15.55,9.12,SPY230120C00405000,405.0,normalDay
2022-12-14,7539.0,-3633.0,0.0,100,399.4,444.0,0,0.0,0.0,,0.0,1,15.55,7.28,SPY230120C00405000,405.0,normalDay
2022-12-15,7539.0,-4227.0,0.0,100,389.63,444.0,0,0.0,0.0,,0.0,1,15.55,3.45,SPY230120C00405000,405.0,normalDay
2022-12-16,7539.0,-4732.0,0.0,100,383.27,444.0,0,0.0,0.0,,0.0,1,15.55,2.14,SPY230120C00405000,405.0,normalDay
2022-12-19,7539.0,-4985.0,0.0,100,380.02,444.0,0,0.0,0.0,,0.0,1,15.55,1.42,SPY230120C00405000,405.0,normalDay
2022-12-20,7539.0,-4925.0,0.0,100,380.54,444.0,0,0.0,0.0,,0.0,1,15.55,1.34,SPY230120C00405000,405.0,normalDay
2022-12-21,7539.0,-4424.0,0.0,100,386.23,444.0,0,0.0,0.0,,0.0,1,15.55,2.02,SPY230120C00405000,405.0,normalDay
2022-12-22,7539.0,-4901.0,0.0,100,380.72,444.0,0,0.0,0.0,,0.0,1,15.55,1.28,SPY230120C00405000,405.0,normalDay
2022-12-23,7539.0,-4683.0,0.0,100,382.91,444.0,0,0.0,0.0,,0.0,1,15.55,1.29,SPY230120C00405000,405.0,normalDay
2022-12-27,7539.0,-4810.0,0.0,100,381.4,444.0,0,0.0,0.0,,0.0,1,15.55,1.05,SPY230120C00405000,405.0,normalDay
2022-12-28,7539.0,-5241.0,0.0,100,376.66,444.0,0,0.0,0.0,,0.0,1,15.55,0.62,SPY230120C00405000,405.0,normalDay
2022-12-29,7539.0,-4605.0,0.0,100,383.44,444.0,0,0.0,0.0,,0.0,1,15.55,1.04,SPY230120C00405000,405.0,normalDay
2022-12-30,7539.0,-4686.0,0.0,100,382.43,444.0,0,0.0,0.0,,0.0,1,15.55,0.84,SPY230120C00405000,405.0,normalDay
2023-01-03,7539.0,-4814.0,0.0,100,380.82,444.0,0,0.0,0.0,,0.0,1,15.55,0.51,SPY230120C00405000,405.0,normalDay
2023-01-04,7539.0,-4534.0,0.0,100,383.76,444.0,0,0.0,0.0,,0.0,1,15.55,0.65,SPY230120C00405000,405.0,normalDay
2023-01-05,7539.0,-4941.0,0.0,100,379.38,444.0,0,0.0,0.0,,0.0,1,15.55,0.34,SPY230120C00405000,405.0,normalDay
2023-01-06,7539.0,-4115.0,0.0,100,388.08,444.0,0,0.0,0.0,,0.0,1,15.55,0.78,SPY230120C00405000,405.0,normalDay
2023-01-09,7539.0,-4133.0,0.0,100,387.86,444.0,0,0.0,0.0,,0.0,1,15.55,0.74,SPY230120C00405000,405.0,normalDay
2023-01-10,7539.0,-3874.0,0.0,100,390.58,444.0,0,0.0,0.0,,0.0,1,15.55,0.87,SPY230120C00405000,405.0,normalDay
2023-01-11,7539.0,-3484.0,0.0,100,395.52,444.0,0,0.0,0.0,,0.0,1,15.55,1.91,SPY230120C00405000,405.0,normalDay
2023-01-12,7539.0,-3242.0,0.0,100,396.96,444.0,0,0.0,0.0,,0.0,1,15.55,0.93,SPY230120C00405000,405.0,normalDay
2023-01-13,7539.0,-3058.0,0.0,100,398.5,444.0,0,0.0,0.0,,0.0,1,15.55,0.63,SPY230120C00405000,405.0,normalDay
2023-01-17,7539.0,-3101.0,0.0,100,397.77,444.0,0,0.0,0.0,,0.0,1,15.55,0.33,SPY230120C00405000,405.0,normalDay
2023-01-18,7539.0,-3700.0,0.0,100,391.49,444.0,0,0.0,0.0,,0.0,1,15.55,0.04,SPY230120C00405000,405.0,normalDay
2023-01-19,7539.0,-3983.0,0.0,100,388.64,444.0,0,0.0,0.0,,0.0,1,15.55,0.02,SPY230120C00405000,405.0,normalDay
2023-01-20,9094.0,-4812.0,1555.0,100,395.88,444.0,0,0.0,0.0,,0.0,1,15.55,0.0,SPY230120C00405000,405.0,expirationDay
2023-01-23,9094.0,-4401.0,0.0,100,400.63,444.0,0,0.0,0.0,,0.0,1,15.88,16.52,SPY230721C00415000,415.0,normalDay
2023-01-24,9094.0,-4449.0,0.0,100,400.2,444.0,0,0.0,0.0,,0.0,1,15.88,16.57,SPY230721C00415000,415.0,normalDay
2023-01-25,9094.0,-4313.0,0.0,100,400.35,444.0,0,0.0,0.0,,0.0,1,15.88,15.36,SPY230721C00415000,415.0,normalDay
2023-01-26,9094.0,-4106.0,0.0,100,404.75,444.0,0,0.0,0.0,,0.0,1,15.88,17.69,SPY230721C00415000,415.0,normalDay
2023-01-27,9094.0,-4065.0,0.0,100,405.68,444.0,0,0.0,0.0,,0.0,1,15.88,18.21,SPY230721C00415000,415.0,normalDay
2023-01-30,9094.0,-4308.0,0.0,100,400.59,444.0,0,0.0,0.0,,0.0,1,15.88,15.55,SPY230721C00415000,415.0,normalDay
2023-01-31,9094.0,-3999.0,0.0,100,406.48,444.0,0,0.0,0.0,,0.0,1,15.88,18.35,SPY230721C00415000,415.0,normalDay
2023-02-01,9094.0,-3878.0,0.0,100,410.8,444.0,0,0.0,0.0,,0.0,1,15.88,21.46,SPY230721C00415000,415.0,normalDay
2023-02-02,9094.0,-3552.0,0.0,100,416.78,444.0,0,0.0,0.0,,0.0,1,15.88,24.18,SPY230721C00415000,415.0,normalDay
2023-02-03,9094.0,-3770.0,0.0,100,412.35,444.0,0,0.0,0.0,,0.0,1,15.88,21.93,SPY230721C00415000,415.0,normalDay
2023-02-06,9094.0,-3882.0,0.0,100,409.83,444.0,0,0.0,0.0,,0.0,1,15.88,20.53,SPY230721C00415000,415.0,normalDay
2023-02-07,9094.0,-3608.0,0.0,100,415.19,444.0,0,0.0,0.0,,0.0,1,15.88,23.15,SPY230721C00415000,415.0,normalDay
2023-02-08,9094.0,-3862.0,0.0,100,410.65,444.0,0,0.0,0.0,,0.0,1,15.88,21.15,SPY230721C00415000,415.0,normalDay
2023-02-09,9094.0,-4017.0,0.0,100,407.09,444.0,0,0.0,0.0,,0.0,1,15.88,19.14,SPY230721C00415000,415.0,normalDay
2023-02-10,9094.0,-3982.0,0.0,100,408.04,444.0,0,0.0,0.0,,0.0,1,15.88,19.74,SPY230721C00415000,415.0,normalDay
2023-02-13,9094.0,-3749.0,0.0,100,412.83,444.0,0,0.0,0.0,,0.0,1,15.88,22.2,SPY230721C00415000,415.0,normalDay
2023-02-14,9094.0,-3667.0,0.0,100,412.64,444.0,0,0.0,0.0,,0.0,1,15.88,21.19,SPY230721C00415000,415.0,normalDay
2023-02-15,9094.0,-3617.0,0.0,100,413.98,444.0,0,0.0,0.0,,0.0,1,15.88,22.03,SPY230721C00415000,415.0,normalDay
2023-02-16,9094.0,-3844.0,0.0,100,408.28,444.0,0,0.0,0.0,,0.0,1,15.88,18.6,SPY230721C00415000,415.0,normalDay
2023-02-17,9094.0,-3892.0,0.0,100,407.26,444.0,0,0.0,0.0,,0.0,1,15.88,18.06,SPY230721C00415000,415.0,normalDay
2023-02-21,9094.0,-4329.0,0.0,100,399.09,444.0,0,0.0,0.0,,0.0,1,15.88,14.26,SPY230721C00415000,415.0,normalDay
2023-02-22,9094.0,-4313.0,0.0,100,398.54,444.0,0,0.0,0.0,,0.0,1,15.88,13.55,SPY230721C00415000,415.0,normalDay
2023-02-23,9094.0,-4117.0,0.0,100,400.66,444.0,0,0.0,0.0,,0.0,1,15.88,13.71,SPY230721C00415000,415.0,normalDay
2023-02-24,9094.0,-4377.0,0.0,100,396.38,444.0,0,0.0,0.0,,0.0,1,15.88,12.03,SPY230721C00415000,415.0,normalDay
2023-02-27,9094.0,-4264.0,0.0,100,397.73,444.0,0,0.0,0.0,,0.0,1,15.88,12.25,SPY230721C00415000,415.0,normalDay
2023-02-28,9094.0,-4284.0,0.0,100,396.26,444.0,0,0.0,0.0,,0.0,1,15.88,10.98,SPY230721C00415000,415.0,normalDay
2023-03-01,9094.0,-4400.0,0.0,100,394.74,444.0,0,0.0,0.0,,0.0,1,15.88,10.62,SPY230721C00415000,415.0,normalDay
2023-03-02,9094.0,-4188.0,0.0,100,397.81,444.0,0,0.0,0.0,,0.0,1,15.88,11.57,SPY230721C00415000,415.0,normalDay
2023-03-03,9094.0,-3838.0,0.0,100,404.19,444.0,0,0.0,0.0,,0.0,1,15.88,14.45,SPY230721C00415000,415.0,normalDay
2023-03-06,9094.0,-3792.0,0.0,100,404.47,444.0,0,0.0,0.0,,0.0,1,15.88,14.27,SPY230721C00415000,415.0,normalDay
2023-03-07,9094.0,-4130.0,0.0,100,398.27,444.0,0,0.0,0.0,,0.0,1,15.88,11.45,SPY230721C00415000,415.0,normalDay
2023-03-08,9094.0,-4054.0,0.0,100,398.92,444.0,0,0.0,0.0,,0.0,1,15.88,11.34,SPY230721C00415000,415.0,normalDay
2023-03-09,9094.0,-4552.0,0.0,100,391.56,444.0,0,0.0,0.0,,0.0,1,15.88,8.96,SPY230721C00415000,415.0,normalDay
2023-03-10,9094.0,-4943.0,0.0,100,385.91,444.0,0,0.0,0.0,,0.0,1,15.88,7.22,SPY230721C00415000,415.0,normalDay
2023-03-13,9094.0,-5012.0,0.0,100,385.36,444.0,0,0.0,0.0,,0.0,1,15.88,7.36,SPY230721C00415000,415.0,normalDay
2023-03-14,9094.0,-4510.0,0.0,100,391.73,444.0,0,0.0,0.0,,0.0,1,15.88,8.71,SPY230721C00415000,415.0,normalDay
2023-03-15,9094.0,-4727.0,0.0,100,389.28,444.0,0,0.0,0.0,,0.0,1,15.88,8.43,SPY230721C00415000,415.0,normalDay
2023-03-16,9094.0,-4235.0,0.0,100,396.11,444.0,0,0.0,0.0,,0.0,1,15.88,10.34,SPY230721C00415000,415.0,normalDay
2023-03-17,9094.0,-4772.0,0.0,100,389.99,444.0,0,0.0,0.0,,0.0,1,15.88,9.59,SPY230721C00415000,415.0,normalDay
2023-03-20,9094.0,-4462.0,0.0,100,393.74,444.0,0,0.0,0.0,,0.0,1,15.88,10.24,SPY230721C00415000,415.0,normalDay
2023-03-21,9094.0,-4092.0,0.0,100,398.91,444.0,0,0.0,0.0,,0.0,1,15.88,11.71,SPY230721C00415000,415.0,normalDay
2023-03-22,9094.0,-4484.0,0.0,100,392.11,444.0,0,0.0,0.0,,0.0,1,15.88,8.83,SPY230721C00415000,415.0,normalDay
2023-03-23,9094.0,-4429.0,0.0,100,393.17,444.0,0,0.0,0.0,,0.0,1,15.88,9.34,SPY230721C00415000,415.0,normalDay
2023-03-24,9094.0,-4248.0,0.0,100,395.75,444.0,0,0.0,0.0,,0.0,1,15.88,10.11,SPY230721C00415000,415.0,normalDay
2023-03-27,9094.0,-4136.0,0.0,100,396.49,444.0,0,0.0,0.0,,0.0,1,15.88,9.73,SPY230721C00415000,415.0,normalDay
2023-03-28,9094.0,-4176.0,0.0,100,395.6,444.0,0,0.0,0.0,,0.0,1,15.88,9.24,SPY230721C00415000,415.0,normalDay
2023-03-29,9094.0,-3811.0,0.0,100,401.35,444.0,0,0.0,0.0,,0.0,1,15.88,11.34,SPY230721C00415000,415.0,normalDay
2023-03-30,9094.0,-3685.0,0.0,100,403.7,444.0,0,0.0,0.0,,0.0,1,15.88,12.43,SPY230721C00415000,415.0,normalDay
2023-03-31,9094.0,-3417.0,0.0,100,409.39,444.0,0,0.0,0.0,,0.0,1,15.88,15.44,SPY230721C00415000,415.0,normalDay
2023-04-03,9094.0,-3289.0,0.0,100,410.95,444.0,0,0.0,0.0,,0.0,1,15.88,15.72,SPY230721C00415000,415.0,normalDay
2023-04-04,9094.0,-3395.0,0.0,100,408.67,444.0,0,0.0,0.0,,0.0,1,15.88,14.5,SPY230721C00415000,415.0,normalDay
2023-04-05,9094.0,-3430.0,0.0,100,407.6,444.0,0,0.0,0.0,,0.0,1,15.88,13.78,SPY230721C00415000,415.0,normalDay
2023-04-06,9094.0,-3322.0,0.0,100,409.19,444.0,0,0.0,0.0,,0.0,1,15.88,14.29,SPY230721C00415000,415.0,normalDay
2023-04-10,9094.0,-3303.0,0.0,100,409.61,444.0,0,0.0,0.0,,0.0,1,15.88,14.52,SPY230721C00415000,415.0,normalDay
2023-04-11,9094.0,-3273.0,0.0,100,409.72,444.0,0,0.0,0.0,,0.0,1,15.88,14.33,SPY230721C00415000,415.0,normalDay
2023-04-12,9094.0,-3301.0,0.0,100,408.05,444.0,0,0.0,0.0,,0.0,1,15.88,12.94,SPY230721C00415000,415.0,normalDay
2023-04-13,9094.0,-3029.0,0.0,100,413.47,444.0,0,0.0,0.0,,0.0,1,15.88,15.64,SPY230721C00415000,415.0,normalDay
2023-04-14,9094.0,-3045.0,0.0,100,412.46,444.0,0,0.0,0.0,,0.0,1,15.88,14.79,SPY230721C00415000,415.0,normalDay
2023-04-17,9094.0,-2923.0,0.0,100,413.94,444.0,0,0.0,0.0,,0.0,1,15.88,15.05,SPY230721C00415000,415.0,normalDay
2023-04-18,9094.0,-2873.0,0.0,100,414.21,444.0,0,0.0,0.0,,0.0,1,15.88,14.82,SPY230721C00415000,415.0,normalDay
2023-04-19,9094.0,-2865.0,0.0,100,414.14,444.0,0,0.0,0.0,,0.0,1,15.88,14.67,SPY230721C00415000,415.0,normalDay
2023-04-20,9094.0,-2982.0,0.0,100,411.88,444.0,0,0.0,0.0,,0.0,1,15.88,13.58,SPY230721C00415000,415.0,normalDay
2023-04-21,9094.0,-2922.0,0.0,100,412.2,444.0,0,0.0,0.0,,0.0,1,15.88,13.3,SPY230721C00415000,415.0,normalDay
2023-04-24,9094.0,-2886.0,0.0,100,412.63,444.0,0,0.0,0.0,,0.0,1,15.88,13.37,SPY230721C00415000,415.0,normalDay
2023-04-25,9094.0,-3297.0,0.0,100,406.08,444.0,0,0.0,0.0,,0.0,1,15.88,10.93,SPY230721C00415000,415.0,normalDay
2023-04-26,9094.0,-3309.0,0.0,100,404.36,444.0,0,0.0,0.0,,0.0,1,15.88,9.33,SPY230721C00415000,415.0,normalDay
2023-04-27,9094.0,-2905.0,0.0,100,412.41,444.0,0,0.0,0.0,,0.0,1,15.88,13.34,SPY230721C00415000,415.0,normalDay
2023-04-28,9094.0,-2679.0,0.0,100,415.93,444.0,0,0.0,0.0,,0.0,1,15.88,14.6,SPY230721C00415000,415.0,normalDay
2023-05-01,9094.0,-2666.0,0.0,100,415.51,444.0,0,0.0,0.0,,0.0,1,15.88,14.05,SPY230721C00415000,415.0,normalDay
2023-05-02,9094.0,-2896.0,0.0,100,410.84,444.0,0,0.0,0.0,,0.0,1,15.88,11.68,SPY230721C00415000,415.0,normalDay
2023-05-03,9094.0,-3060.0,0.0,100,408.02,444.0,0,0.0,0.0,,0.0,1,15.88,10.5,SPY230721C00415000,415.0,normalDay
2023-05-04,9094.0,-3201.0,0.0,100,405.13,444.0,0,0.0,0.0,,0.0,1,15.88,9.02,SPY230721C00415000,415.0,normalDay
2023-05-05,9094.0,-2750.0,0.0,100,412.63,444.0,0,0.0,0.0,,0.0,1,15.88,12.01,SPY230721C00415000,415.0,normalDay
2023-05-08,9094.0,-2720.0,0.0,100,412.74,444.0,0,0.0,0.0,,0.0,1,15.88,11.82,SPY230721C00415000,415.0,normalDay
2023-05-09,9094.0,-2830.0,0.0,100,410.93,444.0,0,0.0,0.0,,0.0,1,15.88,11.11,SPY230721C00415000,415.0,normalDay
2023-05-10,9094.0,-2696.0,0.0,100,412.85,444.0,0,0.0,0.0,,0.0,1,15.88,11.69,SPY230721C00415000,415.0,normalDay
2023-05-11,9094.0,-2680.0,0.0,100,412.13,444.0,0,0.0,0.0,,0.0,1,15.88,10.81,SPY230721C00415000,415.0,normalDay
2023-05-12,9094.0,-2665.0,0.0,100,411.59,444.0,0,0.0,0.0,,0.0,1,15.88,10.12,SPY230721C00415000,415.0,normalDay
2023-05-15,9094.0,-2568.0,0.0,100,413.01,444.0,0,0.0,0.0,,0.0,1,15.88,10.57,SPY230721C00415000,415.0,normalDay
2023-05-16,9094.0,-2712.0,0.0,100,410.25,444.0,0,0.0,0.0,,0.0,1,15.88,9.25,SPY230721C00415000,415.0,normalDay
2023-05-17,9094.0,-2440.0,0.0,100,415.23,444.0,0,0.0,0.0,,0.0,1,15.88,11.51,SPY230721C00415000,415.0,normalDay
2023-05-18,9094.0,-2273.0,0.0,100,419.23,444.0,0,0.0,0.0,,0.0,1,15.88,13.84,SPY230721C00415000,415.0,normalDay
2023-05-19,9094.0,-2309.0,0.0,100,418.62,444.0,0,0.0,0.0,,0.0,1,15.88,13.59,SPY230721C00415000,415.0,normalDay
2023-05-22,9094.0,-2306.0,0.0,100,418.79,444.0,0,0.0,0.0,,0.0,1,15.88,13.73,SPY230721C00415000,415.0,normalDay
2023-05-23,9094.0,-2480.0,0.0,100,414.09,444.0,0,0.0,0.0,,0.0,1,15.88,10.77,SPY230721C00415000,415.0,normalDay
2023-05-24,9094.0,-2643.0,0.0,100,411.09,444.0,0,0.0,0.0,,0.0,1,15.88,9.4,SPY230721C00415000,415.0,normalDay
2023-05-25,9094.0,-2432.0,0.0,100,414.65,444.0,0,0.0,0.0,,0.0,1,15.88,10.85,SPY230721C00415000,415.0,normalDay
2023-05-26,9094.0,-2225.0,0.0,100,420.02,444.0,0,0.0,0.0,,0.0,1,15.88,14.15,SPY230721C00415000,415.0,normalDay
2023-05-30,9094.0,-2168.0,0.0,100,420.18,444.0,0,0.0,0.0,,0.0,1,15.88,13.74,SPY230721C00415000,415.0,normalDay
2023-05-31,9094.0,-2200.0,0.0,100,417.85,444.0,0,0.0,0.0,,0.0,1,15.88,11.73,SPY230721C00415000,415.0,normalDay
2023-06-01,9094.0,-2026.0,0.0,100,421.82,444.0,0,0.0,0.0,,0.0,1,15.88,13.96,SPY230721C00415000,415.0,normalDay
2023-06-02,9094.0,-1838.0,0.0,100,427.92,444.0,0,0.0,0.0,,0.0,1,15.88,18.18,SPY230721C00415000,415.0,normalDay
2023-06-05,9094.0,-1830.0,0.0,100,427.1,444.0,0,0.0,0.0,,0.0,1,15.88,17.28,SPY230721C00415000,415.0,normalDay
2023-06-06,9094.0,-1794.0,0.0,100,428.03,444.0,0,0.0,0.0,,0.0,1,15.88,17.85,SPY230721C00415000,415.0,normalDay
2023-06-07,9094.0,-1782.0,0.0,100,426.55,444.0,0,0.0,0.0,,0.0,1,15.88,16.25,SPY230721C00415000,415.0,normalDay
2023-06-08,9094.0,-1681.0,0.0,100,429.13,444.0,0,0.0,0.0,,0.0,1,15.88,17.82,SPY230721C00415000,415.0,normalDay
2023-06-09,9094.0,-1714.0,0.0,100,429.9,444.0,0,0.0,0.0,,0.0,1,15.88,18.92,SPY230721C00415000,415.0,normalDay
2023-06-12,9094.0,-1617.0,0.0,100,433.8,444.0,0,0.0,0.0,,0.0,1,15.88,21.85,SPY230721C00415000,415.0,normalDay
2023-06-13,9094.0,-1586.0,0.0,100,436.66,444.0,0,0.0,0.0,,0.0,1,15.88,24.4,SPY230721C00415000,415.0,normalDay
2023-06-14,9094.0,-1583.0,0.0,100,437.18,444.0,0,0.0,0.0,,0.0,1,15.88,24.89,SPY230721C00415000,415.0,normalDay
2023-06-15,9094.0,-1458.0,0.0,100,442.6,444.0,0,0.0,0.0,,0.0,1,15.88,29.06,SPY230721C00415000,415.0,normalDay
2023-06-16,9094.0,-1693.0,0.0,100,439.46,444.0,0,0.0,0.0,,0.0,1,15.88,28.27,SPY230721C00415000,415.0,normalDay
2023-06-20,9094.0,-1613.0,0.0,100,437.18,444.0,0,0.0,0.0,,0.0,1,15.88,25.19,SPY230721C00415000,415.0,normalDay
2023-06-21,9094.0,-1664.0,0.0,100,434.94,444.0,0,0.0,0.0,,0.0,1,15.88,23.46,SPY230721C00415000,415.0,normalDay
2023-06-22,9094.0,-1586.0,0.0,100,436.51,444.0,0,0.0,0.0,,0.0,1,15.88,24.25,SPY230721C00415000,415.0,normalDay
2023-06-23,9094.0,-1635.0,0.0,100,433.21,444.0,0,0.0,0.0,,0.0,1,15.88,21.44,SPY230721C00415000,415.0,normalDay
2023-06-26,9094.0,-1651.0,0.0,100,431.44,444.0,0,0.0,0.0,,0.0,1,15.88,19.83,SPY230721C00415000,415.0,normalDay
2023-06-27,9094.0,-1548.0,0.0,100,436.17,444.0,0,0.0,0.0,,0.0,1,15.88,23.53,SPY230721C00415000,415.0,normalDay
2023-06-28,9094.0,-1589.0,0.0,100,436.39,444.0,0,0.0,0.0,,0.0,1,15.88,24.16,SPY230721C00415000,415.0,normalDay
2023-06-29,9094.0,-1520.0,0.0,100,438.11,444.0,0,0.0,0.0,,0.0,1,15.88,25.19,SPY230721C00415000,415.0,normalDay
2023-06-30,9094.0,-1510.0,0.0,100,443.28,444.0,0,0.0,0.0,,0.0,1,15.88,30.26,SPY230721C00415000,415.0,normalDay
2023-07-03,9094.0,-1495.0,0.0,100,443.79,444.0,0,0.0,0.0,,0.0,1,15.88,30.62,SPY230721C00415000,415.0,normalDay
2023-07-05,9094.0,-1452.0,0.0,100,443.13,444.0,0,0.0,0.0,,0.0,1,15.88,29.53,SPY230721C00415000,415.0,normalDay
2023-07-06,9094.0,-1463.0,0.0,100,439.66,444.0,0,0.0,0.0,,0.0,1,15.88,26.17,SPY230721C00415000,415.0,normalDay
2023-07-07,9094.0,-1473.0,0.0,100,438.55,444.0,0,0.0,0.0,,0.0,1,15.88,25.16,SPY230721C00415000,415.0,normalDay
2023-07-10,9094.0,-1442.0,0.0,100,439.66,444.0,0,0.0,0.0,,0.0,1,15.88,25.96,SPY230721C00415000,415.0,normalDay
2023-07-11,9094.0,-1394.0,0.0,100,442.46,444.0,0,0.0,0.0,,0.0,1,15.88,28.28,SPY230721C00415000,415.0,normalDay
2023-07-12,9094.0,-1426.0,0.0,100,446.02,444.0,0,0.0,0.0,,0.0,1,15.88,32.16,SPY230721C00415000,415.0,normalDay
2023-07-13,9094.0,-1363.0,0.0,100,449.56,444.0,0,0.0,0.0,,0.0,1,15.88,35.07,SPY230721C00415000,415.0,normalDay
2023-07-14,9094.0,-1336.0,0.0,100,449.28,444.0,0,0.0,0.0,,0.0,1,15.88,34.52,SPY230721C00415000,415.0,normalDay
2023-07-17,9094.0,-1319.0,0.0,100,450.84,444.0,0,0.0,0.0,,0.0,1,15.88,35.91,SPY230721C00415000,415.0,normalDay
2023-07-18,9094.0,-1336.0,0.0,100,454.19,444.0,0,0.0,0.0,,0.0,1,15.88,39.43,SPY230721C00415000,415.0,normalDay
2023-07-19,9094.0,-1334.0,0.0,100,455.2,444.0,0,0.0,0.0,,0.0,1,15.88,40.42,SPY230721C00415000,415.0,normalDay
2023-07-20,9094.0,-1359.0,0.0,100,452.18,444.0,0,0.0,0.0,,0.0,1,15.88,37.65,SPY230721C00415000,415.0,normalDay
2023-07-21,7782.0,-1359.0,-1312.0,0,452.18,0.0,0,0.0,0.0,,0.0,1,15.88,0.0,SPY230721C00415000,415.0,expirationDay
2023-07-24,7782.0,-3.0,0.0,0,454.2,0.0,1,2.0,2.03,SPY230929P00415000,415.0,0,0.0,0.0,,0.0,normalDay
2023-07-25,7782.0,6.0,0.0,0,455.44,0.0,1,2.0,1.94,SPY230929P00415000,415.0,0,0.0,0.0,,0.0,normalDay
2023-07-26,7782.0,26.0,0.0,0,455.51,0.0,1,2.0,1.74,SPY230929P00415000,415.0,0,0.0,0.0,,0.0,normalDay
2023-07-27,7782.0,-18.0,0.0,0,452.49,0.0,1,2.0,2.18,SPY230929P00415000,415.0,0,0.0,0.0,,0.0,normalDay
2023-07-28,7782.0,34.0,0.0,0,456.92,0.0,1,2.0,1.66,SPY230929P00415000,415.0,0,0.0,0.0,,0.0,normalDay
2023-07-31,7782.0,48.0,0.0,0,457.79,0.0,1,2.0,1.52,SPY230929P00415000,415.0,0,0.0,0.0,,0.0,normalDay
2023-08-01,7782.0,38.0,0.0,0,456.48,0.0,1,2.0,1.62,SPY230929P00415000,415.0,0,0.0,0.0,,0.0,normalDay
2023-08-02,7782.0,-51.0,0.0,0,450.13,0.0,1,2.0,2.51,SPY230929P00415000,415.0,0,0.0,0.0,,0.0,normalDay
2023-08-03,7782.0,-43.0,0.0,0,448.84,0.0,1,2.0,2.43,SPY230929P00415000,415.0,0,0.0,0.0,,0.0,normalDay
2023-08-04,7782.0,-100.0,0.0,0,446.81,0.0,1,2.0,3.0,SPY230929P00415000,415.0,0,0.0,0.0,,0.0,normalDay
2023-08-07,7782.0,-17.0,0.0,0,450.71,0.0,1,2.0,2.17,SPY230929P00415000,415.0,0,0.0,0.0,,0.0,normalDay
2023-08-08,7782.0,-39.0,0.0,0,448.75,0.0,1,2.0,2.39,SPY230929P00415000,415.0,0,0.0,0.0,,0.0,normalDay
2023-08-09,7782.0,-52.0,0.0,0,445.75,0.0,1,2.0,2.52,SPY230929P00415000,415.0,0,0.0,0.0,,0.0,normalDay
2023-08-10,7782.0,-51.0,0.0,0,445.91,0.0,1,2.0,2.51,SPY230929P00415000,415.0,0,0.0,0.0,,0.0,normalDay
2023-08-11,7782.0,-24.0,0.0,0,445.65,0.0,1,2.0,2.24,SPY230929P00415000,415.0,0,0.0,0.0,,0.0,normalDay
2023-08-14,7782.0,17.0,0.0,0,448.11,0.0,1,2.0,1.83,SPY230929P00415000,415.0,0,0.0,0.0,,0.0,normalDay
2023-08-15,7782.0,-56.0,0.0,0,442.89,0.0,1,2.0,2.56,SPY230929P00415000,415.0,0,0.0,0.0,,0.0,normalDay
2023-08-16,7782.0,-97.0,0.0,0,439.64,0.0,1,2.0,2.97,SPY230929P00415000,415.0,0,0.0,0.0,,0.0,normalDay
2023-08-17,7782.0,-170.0,0.0,0,436.29,0.0,1,2.0,3.7,SPY230929P00415000,415.0,0,0.0,0.0,,0.0,normalDay
2023-08-18,7782.0,-127.0,0.0,0,436.5,0.0,1,2.0,3.27,SPY230929P00415000,415.0,0,0.0,0.0,,0.0,normalDay
2023-08-21,7782.0,-61.0,0.0,0,439.34,0.0,1,2.0,2.61,SPY230929P00415000,415.0,0,0.0,0.0,,0.0,normalDay
2023-08-22,7782.0,-58.0,0.0,0,438.15,0.0,1,2.0,2.58,SPY230929P00415000,415.0,0,0.0,0.0,,0.0,normalDay
2023-08-23,7782.0,17.0,0.0,0,443.03,0.0,1,2.0,1.83,SPY230929P00415000,415.0,0,0.0,0.0,,0.0,normalDay
2023-08-24,7782.0,-70.0,0.0,0,436.89,0.0,1,2.0,2.7,SPY230929P00415000,415.0,0,0.0,0.0,,0.0,normalDay
2023-08-25,7782.0,9.0,0.0,0,439.97,0.0,1,2.0,1.91,SPY230929P00415000,415.0,0,0.0,0.0,,0.0,normalDay
2023-08-28,7782.0,67.0,0.0,0,442.76,0.0,1,2.0,1.33,SPY230929P00415000,415.0,0,0.0,0.0,,0.0,normalDay
2023-08-29,7782.0,118.0,0.0,0,449.16,0.0,1,2.0,0.82,SPY230929P00415000,415.0,0,0.0,0.0,,0.0,normalDay
2023-08-30,7782.0,136.0,0.0,0,451.01,0.0,1,2.0,0.64,SPY230929P00415000,415.0,0,0.0,0.0,,0.0,normalDay
2023-08-31,7782.0,144.0,0.0,0,450.35,0.0,1,2.0,0.56,SPY230929P00415000,415.0,0,0.0,0.0,,0.0,normalDay
2023-09-01,7782.0,149.0,0.0,0,451.19,0.0,1,2.0,0.51,SPY230929P00415000,415.0,0,0.0,0.0,,0.0,normalDay
2023-09-05,7782.0,146.0,0.0,0,449.24,0.0,1,2.0,0.54,SPY230929P00415000,415.0,0,0.0,0.0,,0.0,normalDay
2023-09-06,7782.0,135.0,0.0,0,446.22,0.0,1,2.0,0.65,SPY230929P00415000,415.0,0,0.0,0.0,,0.0,normalDay
2023-09-07,7782.0,137.0,0.0,0,444.85,0.0,1,2.0,0.63,SPY230929P00415000,415.0,0,0.0,0.0,,0.0,normalDay
2023-09-08,7782.0,152.0,0.0,0,445.52,0.0,1,2.0,0.48,SPY230929P00415000,415.0,0,0.0,0.0,,0.0,normalDay
2023-09-11,7782.0,166.0,0.0,0,448.45,0.0,1,2.0,0.34,SPY230929P00415000,415.0,0,0.0,0.0,,0.0,normalDay
2023-09-12,7782.0,162.0,0.0,0,445.99,0.0,1,2.0,0.38,SPY230929P00415000,415.0,0,0.0,0.0,,0.0,normalDay
2023-09-13,7782.0,174.0,0.0,0,446.51,0.0,1,2.0,0.26,SPY230929P00415000,415.0,0,0.0,0.0,,0.0,normalDay
2023-09-14,7782.0,181.0,0.0,0,450.36,0.0,1,2.0,0.19,SPY230929P00415000,415.0,0,0.0,0.0,,0.0,normalDay
2023-09-15,7782.0,174.0,0.0,0,443.37,0.0,1,2.0,0.26,SPY230929P00415000,415.0,0,0.0,0.0,,0.0,normalDay
2023-09-18,7782.0,181.0,0.0,0,443.63,0.0,1,2.0,0.19,SPY230929P00415000,415.0,0,0.0,0.0,,0.0,normalDay
2023-09-19,7782.0,181.0,0.0,0,442.71,0.0,1,2.0,0.19,SPY230929P00415000,415.0,0,0.0,0.0,,0.0,normalDay
2023-09-20,7782.0,175.0,0.0,0,438.64,0.0,1,2.0,0.25,SPY230929P00415000,415.0,0,0.0,0.0,,0.0,normalDay
2023-09-21,7782.0,125.0,0.0,0,431.39,0.0,1,2.0,0.75,SPY230929P00415000,415.0,0,0.0,0.0,,0.0,normalDay
2023-09-22,7782.0,138.0,0.0,0,430.42,0.0,1,2.0,0.62,SPY230929P00415000,415.0,0,0.0,0.0,,0.0,normalDay
2023-09-25,7782.0,171.0,0.0,0,432.23,0.0,1,2.0,0.29,SPY230929P00415000,415.0,0,0.0,0.0,,0.0,normalDay
2023-09-26,7782.0,148.0,0.0,0,425.88,0.0,1,2.0,0.52,SPY230929P00415000,415.0,0,0.0,0.0,,0.0,normalDay
2023-09-27,7782.0,173.0,0.0,0,426.05,0.0,1,2.0,0.27,SPY230929P00415000,415.0,0,0.0,0.0,,0.0,normalDay
2023-09-28,7782.0,191.0,0.0,0,428.52,0.0,1,2.0,0.09,SPY230929P00415000,415.0,0,0.0,0.0,,0.0,normalDay
2023-09-29,7982.0,0.0,200.0,0,427.48,0.0,1,2.0,0.0,SPY230929P00415000,415.0,0,0.0,0.0,,0.0,expirationDay
2023-10-02,7982.0,-3.0,0.0,0,427.31,0.0,1,4.26,4.29,SPY231215P00401000,401.0,0,0.0,0.0,,0.0,normalDay
2023-10-03,7982.0,-161.0,0.0,0,421.59,0.0,1,4.26,5.87,SPY231215P00401000,401.0,0,0.0,0.0,,0.0,normalDay
2023-10-04,7982.0,-73.0,0.0,0,424.66,0.0,1,4.26,4.99,SPY231215P00401000,401.0,0,0.0,0.0,,0.0,normalDay
2023-10-05,7982.0,-71.0,0.0,0,424.5,0.0,1,4.26,4.97,SPY231215P00401000,401.0,0,0.0,0.0,,0.0,normalDay
2023-10-06,7982.0,48.0,0.0,0,429.54,0.0,1,4.26,3.78,SPY231215P00401000,401.0,0,0.0,0.0,,0.0,normalDay
2023-10-09,7982.0,91.0,0.0,0,432.29,0.0,1,4.26,3.35,SPY231215P00401000,401.0,0,0.0,0.0,,0.0,normalDay
2023-10-10,7982.0,133.0,0.0,0,434.54,0.0,1,4.26,2.93,SPY231215P00401000,401.0,0,0.0,0.0,,0.0,normalDay
2023-10-11,7982.0,176.0,0.0,0,436.32,0.0,1,4.26,2.5,SPY231215P00401000,401.0,0,0.0,0.0,,0.0,normalDay
2023-10-12,7982.0,139.0,0.0,0,433.66,0.0,1,4.26,2.87,SPY231215P00401000,401.0,0,0.0,0.0,,0.0,normalDay
2023-10-13,7982.0,29.0,0.0,0,431.5,0.0,1,4.26,3.97,SPY231215P00401000,401.0,0,0.0,0.0,,0.0,normalDay
2023-10-16,7982.0,158.0,0.0,0,436.04,0.0,1,4.26,2.68,SPY231215P00401000,401.0,0,0.0,0.0,,0.0,normalDay
2023-10-17,7982.0,143.0,0.0,0,436.02,0.0,1,4.26,2.83,SPY231215P00401000,401.0,0,0.0,0.0,,0.0,normalDay
2023-10-18,7982.0,48.0,0.0,0,430.21,0.0,1,4.26,3.78,SPY231215P00401000,401.0,0,0.0,0.0,,0.0,normalDay
2023-10-19,7982.0,-79.0,0.0,0,426.43,0.0,1,4.26,5.05,SPY231215P00401000,401.0,0,0.0,0.0,,0.0,normalDay
2023-10-20,7982.0,-139.0,0.0,0,421.19,0.0,1,4.26,5.65,SPY231215P00401000,401.0,0,0.0,0.0,,0.0,normalDay
2023-10-23,7982.0,-81.0,0.0,0,420.46,0.0,1,4.26,5.07,SPY231215P00401000,401.0,0,0.0,0.0,,0.0,normalDay
2023-10-24,7982.0,21.0,0.0,0,423.63,0.0,1,4.26,4.05,SPY231215P00401000,401.0,0,0.0,0.0,,0.0,normalDay
2023-10-25,7982.0,-132.0,0.0,0,417.55,0.0,1,4.26,5.58,SPY231215P00401000,401.0,0,0.0,0.0,,0.0,normalDay
2023-10-26,7982.0,-247.0,0.0,0,412.55,0.0,1,4.26,6.73,SPY231215P00401000,401.0,0,0.0,0.0,,0.0,normalDay
2023-10-27,7982.0,-315.0,0.0,0,410.68,0.0,1,4.26,7.41,SPY231215P00401000,401.0,0,0.0,0.0,,0.0,normalDay
2023-10-30,7982.0,-115.0,0.0,0,415.59,0.0,1,4.26,5.41,SPY231215P00401000,401.0,0,0.0,0.0,,0.0,normalDay
2023-10-31,7982.0,2.0,0.0,0,418.2,0.0,1,4.26,4.24,SPY231215P00401000,401.0,0,0.0,0.0,,0.0,normalDay
2023-11-01,7982.0,127.0,0.0,0,422.66,0.0,1,4.26,2.99,SPY231215P00401000,401.0,0,0.0,0.0,,0.0,normalDay
2023-11-02,7982.0,242.0,0.0,0,430.76,0.0,1,4.26,1.84,SPY231215P00401000,401.0,0,0.0,0.0,,0.0,normalDay
2023-11-03,7982.0,290.0,0.0,0,434.69,0.0,1,4.26,1.36,SPY231215P00401000,401.0,0,0.0,0.0,,0.0,normalDay
2023-11-06,7982.0,312.0,0.0,0,435.69,0.0,1,4.26,1.14,SPY231215P00401000,401.0,0,0.0,0.0,,0.0,normalDay
2023-11-07,7982.0,325.0,0.0,0,436.93,0.0,1,4.26,1.01,SPY231215P00401000,401.0,0,0.0,0.0,,0.0,normalDay
2023-11-08,7982.0,335.0,0.0,0,437.25,0.0,1,4.26,0.91,SPY231215P00401000,401.0,0,0.0,0.0,,0.0,normalDay
2023-11-09,7982.0,314.0,0.0,0,433.84,0.0,1,4.26,1.12,SPY231215P00401000,401.0,0,0.0,0.0,,0.0,normalDay
2023-11-10,7982.0,357.0,0.0,0,440.61,0.0,1,4.26,0.69,SPY231215P00401000,401.0,0,0.0,0.0,,0.0,normalDay
2023-11-13,7982.0,361.0,0.0,0,440.19,0.0,1,4.26,0.65,SPY231215P00401000,401.0,0,0.0,0.0,,0.0,normalDay
2023-11-14,7982.0,385.0,0.0,0,448.73,0.0,1,4.26,0.41,SPY231215P00401000,401.0,0,0.0,0.0,,0.0,normalDay
2023-11-15,7982.0,386.0,0.0,0,449.68,0.0,1,4.26,0.4,SPY231215P00401000,401.0,0,0.0,0.0,,0.0,normalDay
2023-11-16,7982.0,386.0,0.0,0,450.23,0.0,1,4.26,0.4,SPY231215P00401000,401.0,0,0.0,0.0,,0.0,normalDay
2023-11-17,7982.0,391.0,0.0,0,450.79,0.0,1,4.26,0.35,SPY231215P00401000,401.0,0,0.0,0.0,,0.0,normalDay
2023-11-20,7982.0,402.0,0.0,0,454.26,0.0,1,4.26,0.24,SPY231215P00401000,401.0,0,0.0,0.0,,0.0,normalDay
2023-11-21,7982.0,403.0,0.0,0,453.27,0.0,1,4.26,0.23,SPY231215P00401000,401.0,0,0.0,0.0,,0.0,normalDay
2023-11-22,7982.0,406.0,0.0,0,455.02,0.0,1,4.26,0.2,SPY231215P00401000,401.0,0,0.0,0.0,,0.0,normalDay
2023-11-24,7982.0,409.0,0.0,0,455.3,0.0,1,4.26,0.17,SPY231215P00401000,401.0,0,0.0,0.0,,0.0,normalDay
2023-11-27,7982.0,411.0,0.0,0,454.48,0.0,1,4.26,0.15,SPY231215P00401000,401.0,0,0.0,0.0,,0.0,normalDay
2023-11-28,7982.0,411.0,0.0,0,454.93,0.0,1,4.26,0.15,SPY231215P00401000,401.0,0,0.0,0.0,,0.0,normalDay
2023-11-29,7982.0,411.0,0.0,0,454.61,0.0,1,4.26,0.15,SPY231215P00401000,401.0,0,0.0,0.0,,0.0,normalDay
2023-11-30,7982.0,414.0,0.0,0,456.4,0.0,1,4.26,0.12,SPY231215P00401000,401.0,0,0.0,0.0,,0.0,normalDay
