date,totalCapital,unrializedPnL,rializedPnL,stocksOwned,stocksPriceToday,stocksPriceBoughtAt,putOwned,putOwnedSoldAt,putPriceToday,putOwnedContract,putOwnedStrike,callOwned,callOwnedSoldAt,callPriceToday,callOwnedContract,callOwnedStrike,trackType
2018-11-01,0.0,-8.0,0.0,0,273.51,0.0,1,2.16,2.24,SPY181102P00275000,275.0,0,0.0,0.0,,0.0,normalDay
2018-11-02,216.0,-311.0,216.0,100,271.89,275.0,1,2.16,0.0,SPY181102P00275000,275.0,0,0.0,0.0,,0.0,expirationDay
2018-11-05,216.0,-164.0,0.0,100,273.39,275.0,0,0.0,0.0,,0.0,1,0.19,0.22,SPY181116C00284500,284.5,normalDay
2018-11-06,216.0,-8.0,0.0,100,275.12,275.0,0,0.0,0.0,,0.0,1,0.19,0.39,SPY181116C00284500,284.5,normalDay
2018-11-07,216.0,520.0,0.0,100,281.01,275.0,0,0.0,0.0,,0.0,1,0.19,1.0,SPY181116C00284500,284.5,normalDay
2018-11-08,216.0,497.0,0.0,100,280.5,275.0,0,0.0,0.0,,0.0,1,0.19,0.72,SPY181116C00284500,284.5,normalDay
2018-11-09,216.0,275.0,0.0,100,277.76,275.0,0,0.0,0.0,,0.0,1,0.19,0.2,SPY181116C00284500,284.5,normalDay
2018-11-12,216.0,-228.0,0.0,100,272.57,275.0,0,0.0,0.0,,0.0,1,0.19,0.04,SPY181116C00284500,284.5,normalDay
2018-11-13,216.0,-278.0,0.0,100,272.06,275.0,0,0.0,0.0,,0.0,1,0.19,0.03,SPY181116C00284500,284.5,normalDay
2018-11-14,216.0,-463.0,0.0,100,270.2,275.0,0,0.0,0.0,,0.0,1,0.19,0.02,SPY181116C00284500,284.5,normalDay
2018-11-15,216.0,-181.0,0.0,100,273.02,275.0,0,0.0,0.0,,0.0,1,0.19,0.02,SPY181116C00284500,284.5,normalDay
2018-11-16,235.0,-127.0,19.0,100,273.73,275.0,0,0.0,0.0,,0.0,1,0.19,0.0,SPY181116C00284500,284.5,expirationDay
2018-11-19,235.0,-594.0,0.0,100,269.1,275.0,0,0.0,0.0,,0.0,1,0.21,0.25,SPY181130C00280500,280.5,normalDay
2018-11-20,235.0,-1074.0,0.0,100,264.12,275.0,0,0.0,0.0,,0.0,1,0.21,0.07,SPY181130C00280500,280.5,normalDay
2018-11-21,235.0,-981.0,0.0,100,265.02,275.0,0,0.0,0.0,,0.0,1,0.21,0.04,SPY181130C00280500,280.5,normalDay
2018-11-23,235.0,-1156.0,0.0,100,263.25,275.0,0,0.0,0.0,,0.0,1,0.21,0.02,SPY181130C00280500,280.5,normalDay
2018-11-26,235.0,-731.0,0.0,100,267.5,275.0,0,0.0,0.0,,0.0,1,0.21,0.02,SPY181130C00280500,280.5,normalDay
2018-11-27,235.0,-640.0,0.0,100,268.4,275.0,0,0.0,0.0,,0.0,1,0.21,0.01,SPY181130C00280500,280.5,normalDay
2018-11-28,235.0,-31.0,0.0,100,274.58,275.0,0,0.0,0.0,,0.0,1,0.21,0.1,SPY181130C00280500,280.5,normalDay
2018-11-29,235.0,-84.0,0.0,100,273.98,275.0,0,0.0,0.0,,0.0,1,0.21,0.03,SPY181130C00280500,280.5,normalDay
2018-11-30,256.0,65.0,21.0,100,275.65,275.0,0,0.0,0.0,,0.0,1,0.21,0.0,SPY181130C00280500,280.5,expirationDay
2018-12-03,256.0,426.0,0.0,100,279.3,275.0,0,0.0,0.0,,0.0,1,1.51,1.55,SPY181214C00282500,282.5,normalDay
2018-12-04,256.0,-352.0,0.0,100,270.25,275.0,0,0.0,0.0,,0.0,1,1.51,0.28,SPY181214C00282500,282.5,normalDay
2018-12-06,256.0,-382.0,0.0,100,269.84,275.0,0,0.0,0.0,,0.0,1,1.51,0.17,SPY181214C00282500,282.5,normalDay
2018-12-07,256.0,-996.0,0.0,100,263.57,275.0,0,0.0,0.0,,0.0,1,1.51,0.04,SPY181214C00282500,282.5,normalDay
2018-12-10,256.0,-944.0,0.0,100,264.07,275.0,0,0.0,0.0,,0.0,1,1.51,0.02,SPY181214C00282500,282.5,normalDay
2018-12-11,256.0,-937.0,0.0,100,264.13,275.0,0,0.0,0.0,,0.0,1,1.51,0.01,SPY181214C00282500,282.5,normalDay
2018-12-12,256.0,-804.0,0.0,100,265.46,275.0,0,0.0,0.0,,0.0,1,1.51,0.01,SPY181214C00282500,282.5,normalDay
2018-12-13,256.0,-813.0,0.0,100,265.37,275.0,0,0.0,0.0,,0.0,1,1.51,0.01,SPY181214C00282500,282.5,normalDay
2018-12-14,407.0,-1453.0,151.0,100,260.47,275.0,0,0.0,0.0,,0.0,1,1.51,0.0,SPY181214C00282500,282.5,expirationDay
2018-12-17,407.0,-1967.0,0.0,100,255.36,275.0,0,0.0,0.0,,0.0,1,0.02,0.05,SPY181228C00279000,279.0,normalDay
2018-12-18,407.0,-1995.0,0.0,100,255.08,275.0,0,0.0,0.0,,0.0,1,0.02,0.05,SPY181228C00279000,279.0,normalDay
2018-12-19,407.0,-2375.0,0.0,100,251.26,275.0,0,0.0,0.0,,0.0,1,0.02,0.03,SPY181228C00279000,279.0,normalDay
2018-12-20,407.0,-2783.0,0.0,100,247.17,275.0,0,0.0,0.0,,0.0,1,0.02,0.02,SPY181228C00279000,279.0,normalDay
2018-12-21,407.0,-3430.0,0.0,100,240.7,275.0,0,0.0,0.0,,0.0,1,0.02,0.02,SPY181228C00279000,279.0,normalDay
2018-12-24,407.0,-4065.0,0.0,100,234.34,275.0,0,0.0,0.0,,0.0,1,0.02,0.01,SPY181228C00279000,279.0,normalDay
2018-12-26,407.0,-2881.0,0.0,100,246.18,275.0,0,0.0,0.0,,0.0,1,0.02,0.01,SPY181228C00279000,279.0,normalDay
2018-12-27,407.0,-2692.0,0.0,100,248.07,275.0,0,0.0,0.0,,0.0,1,0.02,0.01,SPY181228C00279000,279.0,normalDay
2018-12-28,409.0,-2725.0,2.0,100,247.75,275.0,0,0.0,0.0,,0.0,1,0.02,0.0,SPY181228C00279000,279.0,expirationDay
2018-12-31,409.0,-2508.0,0.0,100,249.92,275.0,0,0.0,0.0,,0.0,0,0.0,0.0,,0.0,bidTooLow
2019-01-02,409.0,-2482.0,0.0,100,250.18,275.0,0,0.0,0.0,,0.0,0,0.0,0.0,,0.0,bidTooLow
2019-01-03,409.0,-3079.0,0.0,100,244.21,275.0,0,0.0,0.0,,0.0,0,0.0,0.0,,0.0,bidTooLow
2019-01-04,409.0,-2261.0,0.0,100,252.39,275.0,0,0.0,0.0,,0.0,0,0.0,0.0,,0.0,bidTooLow
2019-01-07,409.0,-2065.0,0.0,100,254.38,275.0,0,0.0,0.0,,0.0,1,0.06,0.09,SPY190118C00270000,270.0,normalDay
2019-01-08,409.0,-1828.0,0.0,100,256.77,275.0,0,0.0,0.0,,0.0,1,0.06,0.11,SPY190118C00270000,270.0,normalDay
2019-01-09,409.0,-1707.0,0.0,100,257.97,275.0,0,0.0,0.0,,0.0,1,0.06,0.1,SPY190118C00270000,270.0,normalDay
2019-01-10,409.0,-1616.0,0.0,100,258.88,275.0,0,0.0,0.0,,0.0,1,0.06,0.1,SPY190118C00270000,270.0,normalDay
2019-01-11,409.0,-1601.0,0.0,100,258.98,275.0,0,0.0,0.0,,0.0,1,0.06,0.05,SPY190118C00270000,270.0,normalDay
2019-01-14,409.0,-1757.0,0.0,100,257.4,275.0,0,0.0,0.0,,0.0,1,0.06,0.03,SPY190118C00270000,270.0,normalDay
2019-01-15,409.0,-1463.0,0.0,100,260.35,275.0,0,0.0,0.0,,0.0,1,0.06,0.04,SPY190118C00270000,270.0,normalDay
2019-01-16,409.0,-1400.0,0.0,100,260.98,275.0,0,0.0,0.0,,0.0,1,0.06,0.04,SPY190118C00270000,270.0,normalDay
2019-01-17,409.0,-1201.0,0.0,100,262.96,275.0,0,0.0,0.0,,0.0,1,0.06,0.03,SPY190118C00270000,270.0,normalDay
2019-01-18,415.0,-854.0,6.0,100,266.46,275.0,0,0.0,0.0,,0.0,1,0.06,0.0,SPY190118C00270000,270.0,expirationDay
2019-01-22,415.0,-1218.0,0.0,100,262.86,275.0,0,0.0,0.0,,0.0,1,0.86,0.9,SPY190201C00269000,269.0,normalDay
2019-01-23,415.0,-1148.0,0.0,100,263.41,275.0,0,0.0,0.0,,0.0,1,0.86,0.75,SPY190201C00269000,269.0,normalDay
2019-01-24,415.0,-1103.0,0.0,100,263.55,275.0,0,0.0,0.0,,0.0,1,0.86,0.44,SPY190201C00269000,269.0,normalDay
2019-01-25,415.0,-929.0,0.0,100,265.78,275.0,0,0.0,0.0,,0.0,1,0.86,0.93,SPY190201C00269000,269.0,normalDay
2019-01-28,415.0,-1078.0,0.0,100,263.76,275.0,0,0.0,0.0,,0.0,1,0.86,0.4,SPY190201C00269000,269.0,normalDay
2019-01-29,415.0,-1104.0,0.0,100,263.41,275.0,0,0.0,0.0,,0.0,1,0.86,0.31,SPY190201C00269000,269.0,normalDay
2019-01-30,415.0,-748.0,0.0,100,267.58,275.0,0,0.0,0.0,,0.0,1,0.86,0.92,SPY190201C00269000,269.0,normalDay
2019-01-31,415.0,-603.0,0.0,100,269.93,275.0,0,0.0,0.0,,0.0,1,0.86,1.82,SPY190201C00269000,269.0,normalDay
2019-02-01,-99.0,-603.0,-514.0,0,270.06,0.0,0,0.0,0.0,,0.0,1,0.86,0.0,SPY190201C00269000,269.0,expirationDay
2019-02-04,-99.0,0.0,0.0,0,271.96,0.0,0,0.0,0.0,,0.0,0,0.0,0.0,,0.0,bidTooLow
2019-02-05,-99.0,-3.0,0.0,0,273.1,0.0,1,0.03,0.06,SPY190208P00264000,264.0,0,0.0,0.0,,0.0,normalDay
2019-02-06,-99.0,1.0,0.0,0,272.74,0.0,1,0.03,0.02,SPY190208P00264000,264.0,0,0.0,0.0,,0.0,normalDay
2019-02-07,-99.0,0.0,0.0,0,270.14,0.0,1,0.03,0.03,SPY190208P00264000,264.0,0,0.0,0.0,,0.0,normalDay
2019-02-08,-96.0,0.0,3.0,0,270.47,0.0,1,0.03,0.0,SPY190208P00264000,264.0,0,0.0,0.0,,0.0,expirationDay
2019-02-11,-96.0,-3.0,0.0,0,270.62,0.0,1,0.18,0.21,SPY190213P00266500,266.5,0,0.0,0.0,,0.0,normalDay
2019-02-12,-96.0,16.0,0.0,0,274.1,0.0,1,0.18,0.02,SPY190213P00266500,266.5,0,0.0,0.0,,0.0,normalDay
2019-02-13,-78.0,0.0,18.0,0,274.99,0.0,1,0.18,0.0,SPY190213P00266500,266.5,0,0.0,0.0,,0.0,expirationDay
2019-02-14,-78.0,-3.0,0.0,0,274.38,0.0,1,0.04,0.07,SPY190215P00268500,268.5,0,0.0,0.0,,0.0,normalDay
2019-02-15,-74.0,0.0,4.0,0,277.37,0.0,1,0.04,0.0,SPY190215P00268500,268.5,0,0.0,0.0,,0.0,expirationDay
2019-02-19,-74.0,-3.0,0.0,0,277.85,0.0,1,0.04,0.07,SPY190222P00270000,270.0,0,0.0,0.0,,0.0,normalDay
2019-02-20,-74.0,2.0,0.0,0,278.41,0.0,1,0.04,0.02,SPY190222P00270000,270.0,0,0.0,0.0,,0.0,normalDay
2019-02-21,-74.0,2.0,0.0,0,277.42,0.0,1,0.04,0.02,SPY190222P00270000,270.0,0,0.0,0.0,,0.0,normalDay
2019-02-22,-70.0,0.0,4.0,0,279.14,0.0,1,0.04,0.0,SPY190222P00270000,270.0,0,0.0,0.0,,0.0,expirationDay
2019-02-25,-70.0,-3.0,0.0,0,279.52,0.0,1,0.03,0.06,SPY190227P00273000,273.0,0,0.0,0.0,,0.0,normalDay
2019-02-26,-70.0,1.0,0.0,0,279.32,0.0,1,0.03,0.02,SPY190227P00273000,273.0,0,0.0,0.0,,0.0,normalDay
2019-02-27,-67.0,0.0,3.0,0,279.2,0.0,1,0.03,0.0,SPY190227P00273000,273.0,0,0.0,0.0,,0.0,expirationDay
2019-02-28,-67.0,-3.0,0.0,0,278.68,0.0,1,0.03,0.06,SPY190301P00275000,275.0,0,0.0,0.0,,0.0,normalDay
2019-03-01,-64.0,0.0,3.0,0,280.42,0.0,1,0.03,0.0,SPY190301P00275000,275.0,0,0.0,0.0,,0.0,expirationDay
2019-03-04,-64.0,-3.0,0.0,0,279.4,0.0,1,0.19,0.22,SPY190306P00276000,276.0,0,0.0,0.0,,0.0,normalDay
2019-03-05,-64.0,10.0,0.0,0,279.02,0.0,1,0.19,0.09,SPY190306P00276000,276.0,0,0.0,0.0,,0.0,normalDay
2019-03-06,-45.0,0.0,19.0,0,277.33,0.0,1,0.19,0.0,SPY190306P00276000,276.0,0,0.0,0.0,,0.0,expirationDay
2019-03-07,-45.0,-6.0,0.0,0,275.01,0.0,1,1.52,1.58,SPY190308P00276500,276.5,0,0.0,0.0,,0.0,normalDay
2019-03-08,107.0,-204.0,152.0,100,274.46,276.5,1,1.52,0.0,SPY190308P00276500,276.5,0,0.0,0.0,,0.0,expirationDay
2019-03-11,107.0,191.0,0.0,100,278.44,276.5,0,0.0,0.0,,0.0,1,0.45,0.48,SPY190322C00282000,282.0,normalDay
2019-03-12,107.0,288.0,0.0,100,279.49,276.5,0,0.0,0.0,,0.0,1,0.45,0.56,SPY190322C00282000,282.0,normalDay
2019-03-13,107.0,408.0,0.0,100,281.34,276.5,0,0.0,0.0,,0.0,1,0.45,1.21,SPY190322C00282000,282.0,normalDay
2019-03-14,107.0,423.0,0.0,100,281.16,276.5,0,0.0,0.0,,0.0,1,0.45,0.88,SPY190322C00282000,282.0,normalDay
2019-03-15,107.0,403.0,0.0,100,281.31,276.5,0,0.0,0.0,,0.0,1,0.45,1.23,SPY190322C00282000,282.0,normalDay
2019-03-18,107.0,456.0,0.0,100,282.33,276.5,0,0.0,0.0,,0.0,1,0.45,1.72,SPY190322C00282000,282.0,normalDay
2019-03-19,107.0,479.0,0.0,100,282.4,276.5,0,0.0,0.0,,0.0,1,0.45,1.56,SPY190322C00282000,282.0,normalDay
2019-03-20,107.0,470.0,0.0,100,281.55,276.5,0,0.0,0.0,,0.0,1,0.45,0.8,SPY190322C00282000,282.0,normalDay
2019-03-21,107.0,591.0,0.0,100,284.73,276.5,0,0.0,0.0,,0.0,1,0.45,2.77,SPY190322C00282000,282.0,normalDay
2019-03-22,152.0,275.0,45.0,100,279.25,276.5,0,0.0,0.0,,0.0,1,0.45,0.0,SPY190322C00282000,282.0,expirationDay
2019-03-25,152.0,251.0,0.0,100,279.04,276.5,0,0.0,0.0,,0.0,1,0.9,0.93,SPY190405C00284000,284.0,normalDay
2019-03-26,152.0,443.0,0.0,100,281.12,276.5,0,0.0,0.0,,0.0,1,0.9,1.09,SPY190405C00284000,284.0,normalDay
2019-03-27,152.0,336.0,0.0,100,279.65,276.5,0,0.0,0.0,,0.0,1,0.9,0.69,SPY190405C00284000,284.0,normalDay
2019-03-28,152.0,435.0,0.0,100,280.71,276.5,0,0.0,0.0,,0.0,1,0.9,0.76,SPY190405C00284000,284.0,normalDay
2019-03-29,152.0,572.0,0.0,100,282.48,276.5,0,0.0,0.0,,0.0,1,0.9,1.16,SPY190405C00284000,284.0,normalDay
2019-04-01,152.0,772.0,0.0,100,285.83,276.5,0,0.0,0.0,,0.0,1,0.9,2.51,SPY190405C00284000,284.0,normalDay
2019-04-02,152.0,800.0,0.0,100,285.97,276.5,0,0.0,0.0,,0.0,1,0.9,2.37,SPY190405C00284000,284.0,normalDay
2019-04-03,152.0,784.0,0.0,100,286.42,276.5,0,0.0,0.0,,0.0,1,0.9,2.98,SPY190405C00284000,284.0,normalDay
2019-04-04,152.0,822.0,0.0,100,287.18,276.5,0,0.0,0.0,,0.0,1,0.9,3.36,SPY190405C00284000,284.0,normalDay
2019-04-05,992.0,822.0,840.0,0,288.57,0.0,0,0.0,0.0,,0.0,1,0.9,0.0,SPY190405C00284000,284.0,expirationDay
2019-04-08,992.0,0.0,0.0,0,288.79,0.0,0,0.0,0.0,,0.0,0,0.0,0.0,,0.0,bidTooLow
2019-04-09,992.0,-3.0,0.0,0,287.31,0.0,1,0.24,0.27,SPY190412P00283500,283.5,0,0.0,0.0,,0.0,normalDay
2019-04-10,992.0,18.0,0.0,0,288.29,0.0,1,0.24,0.06,SPY190412P00283500,283.5,0,0.0,0.0,,0.0,normalDay
2019-04-11,992.0,21.0,0.0,0,288.21,0.0,1,0.24,0.03,SPY190412P00283500,283.5,0,0.0,0.0,,0.0,normalDay
2019-04-12,1016.0,0.0,24.0,0,290.16,0.0,1,0.24,0.0,SPY190412P00283500,283.5,0,0.0,0.0,,0.0,expirationDay
2019-04-15,1016.0,-3.0,0.0,0,289.97,0.0,1,0.09,0.12,SPY190418P00285000,285.0,0,0.0,0.0,,0.0,normalDay
2019-04-16,1016.0,1.0,0.0,0,290.16,0.0,1,0.09,0.08,SPY190418P00285000,285.0,0,0.0,0.0,,0.0,normalDay
2019-04-17,1016.0,4.0,0.0,0,289.45,0.0,1,0.09,0.05,SPY190418P00285000,285.0,0,0.0,0.0,,0.0,normalDay
2019-04-18,1025.0,0.0,9.0,0,290.02,0.0,1,0.09,0.0,SPY190418P00285000,285.0,0,0.0,0.0,,0.0,expirationDay
2019-04-22,1025.0,-3.0,0.0,0,290.27,0.0,1,0.06,0.09,SPY190424P00286500,286.5,0,0.0,0.0,,0.0,normalDay
2019-04-23,1025.0,4.0,0.0,0,292.88,0.0,1,0.06,0.02,SPY190424P00286500,286.5,0,0.0,0.0,,0.0,normalDay
2019-04-24,1031.0,0.0,6.0,0,292.23,0.0,1,0.06,0.0,SPY190424P00286500,286.5,0,0.0,0.0,,0.0,expirationDay
2019-04-25,1031.0,-3.0,0.0,0,292.05,0.0,1,0.06,0.09,SPY190426P00288500,288.5,0,0.0,0.0,,0.0,normalDay
2019-04-26,1037.0,0.0,6.0,0,293.41,0.0,1,0.06,0.0,SPY190426P00288500,288.5,0,0.0,0.0,,0.0,expirationDay
2019-04-29,1037.0,-3.0,0.0,0,293.87,0.0,1,0.11,0.14,SPY190501P00289500,289.5,0,0.0,0.0,,0.0,normalDay
2019-04-30,1037.0,5.0,0.0,0,294.02,0.0,1,0.11,0.06,SPY190501P00289500,289.5,0,0.0,0.0,,0.0,normalDay
2019-05-01,1048.0,0.0,11.0,0,291.81,0.0,1,0.11,0.0,SPY190501P00289500,289.5,0,0.0,0.0,,0.0,expirationDay
2019-05-02,1048.0,-3.0,0.0,0,291.18,0.0,1,0.57,0.6,SPY190503P00290500,290.5,0,0.0,0.0,,0.0,normalDay
2019-05-03,1105.0,0.0,57.0,0,294.03,0.0,1,0.57,0.0,SPY190503P00290500,290.5,0,0.0,0.0,,0.0,expirationDay
2019-05-06,1105.0,-3.0,0.0,0,292.82,0.0,1,0.6,0.63,SPY190508P00291000,291.0,0,0.0,0.0,,0.0,normalDay
2019-05-07,1105.0,-240.0,0.0,0,287.93,0.0,1,0.6,3.0,SPY190508P00291000,291.0,0,0.0,0.0,,0.0,normalDay
2019-05-08,1165.0,-347.0,60.0,100,287.53,291.0,1,0.6,0.0,SPY190508P00291000,291.0,0,0.0,0.0,,0.0,expirationDay
2019-05-09,1165.0,-438.0,0.0,100,286.66,291.0,0,0.0,0.0,,0.0,1,0.43,0.47,SPY190520C00295000,295.0,normalDay
2019-05-10,1165.0,-269.0,0.0,100,288.1,291.0,0,0.0,0.0,,0.0,1,0.43,0.22,SPY190520C00295000,295.0,normalDay
2019-05-13,1165.0,-974.0,0.0,100,280.86,291.0,0,0.0,0.0,,0.0,1,0.43,0.03,SPY190520C00295000,295.0,normalDay
2019-05-14,1165.0,-719.0,0.0,100,283.4,291.0,0,0.0,0.0,,0.0,1,0.43,0.02,SPY190520C00295000,295.0,normalDay
2019-05-15,1165.0,-553.0,0.0,100,285.06,291.0,0,0.0,0.0,,0.0,1,0.43,0.02,SPY190520C00295000,295.0,normalDay
2019-05-16,1165.0,-289.0,0.0,100,287.7,291.0,0,0.0,0.0,,0.0,1,0.43,0.02,SPY190520C00295000,295.0,normalDay
2019-05-17,1165.0,-474.0,0.0,100,285.84,291.0,0,0.0,0.0,,0.0,1,0.43,0.01,SPY190520C00295000,295.0,normalDay
2019-05-20,1208.0,-705.0,43.0,100,283.95,291.0,0,0.0,0.0,,0.0,1,0.43,0.0,SPY190520C00295000,295.0,expirationDay
2019-05-21,1208.0,-452.0,0.0,100,286.51,291.0,0,0.0,0.0,,0.0,1,0.01,0.04,SPY190531C00297000,297.0,normalDay
2019-05-22,1208.0,-538.0,0.0,100,285.63,291.0,0,0.0,0.0,,0.0,1,0.01,0.02,SPY190531C00297000,297.0,normalDay
2019-05-23,1208.0,-886.0,0.0,100,282.14,291.0,0,0.0,0.0,,0.0,1,0.01,0.01,SPY190531C00297000,297.0,normalDay
2019-05-24,1208.0,-822.0,0.0,100,282.78,291.0,0,0.0,0.0,,0.0,1,0.01,0.01,SPY190531C00297000,297.0,normalDay
2019-05-28,1208.0,-1085.0,0.0,100,280.15,291.0,0,0.0,0.0,,0.0,1,0.01,0.01,SPY190531C00297000,297.0,normalDay
2019-05-29,1208.0,-1273.0,0.0,100,278.27,291.0,0,0.0,0.0,,0.0,1,0.01,0.01,SPY190531C00297000,297.0,normalDay
2019-05-30,1208.0,-1197.0,0.0,100,279.03,291.0,0,0.0,0.0,,0.0,1,0.01,0.01,SPY190531C00297000,297.0,normalDay
2019-05-31,1209.0,-1573.0,1.0,100,275.27,291.0,0,0.0,0.0,,0.0,1,0.01,0.0,SPY190531C00297000,297.0,expirationDay
2019-06-03,1209.0,-1643.0,0.0,100,274.57,291.0,0,0.0,0.0,,0.0,0,0.0,0.0,,0.0,bidTooLow
2019-06-04,1209.0,-1050.0,0.0,100,280.53,291.0,0,0.0,0.0,,0.0,1,0.06,0.09,SPY190614C00291000,291.0,normalDay
2019-06-05,1209.0,-816.0,0.0,100,282.96,291.0,0,0.0,0.0,,0.0,1,0.06,0.18,SPY190614C00291000,291.0,normalDay
2019-06-06,1209.0,-645.0,0.0,100,284.8,291.0,0,0.0,0.0,,0.0,1,0.06,0.31,SPY190614C00291000,291.0,normalDay
2019-06-07,1209.0,-409.0,0.0,100,287.65,291.0,0,0.0,0.0,,0.0,1,0.06,0.8,SPY190614C00291000,291.0,normalDay
2019-06-10,1209.0,-290.0,0.0,100,288.97,291.0,0,0.0,0.0,,0.0,1,0.06,0.93,SPY190614C00291000,291.0,normalDay
2019-06-11,1209.0,-267.0,0.0,100,288.9,291.0,0,0.0,0.0,,0.0,1,0.06,0.63,SPY190614C00291000,291.0,normalDay
2019-06-12,1209.0,-281.0,0.0,100,288.39,291.0,0,0.0,0.0,,0.0,1,0.06,0.26,SPY190614C00291000,291.0,normalDay
2019-06-13,1209.0,-168.0,0.0,100,289.58,291.0,0,0.0,0.0,,0.0,1,0.06,0.32,SPY190614C00291000,291.0,normalDay
2019-06-14,1215.0,-174.0,6.0,100,289.26,291.0,0,0.0,0.0,,0.0,1,0.06,0.0,SPY190614C00291000,291.0,expirationDay
2019-06-17,1215.0,-166.0,0.0,100,289.37,291.0,0,0.0,0.0,,0.0,1,0.78,0.81,SPY190628C00293000,293.0,normalDay
2019-06-18,1215.0,37.0,0.0,100,292.4,291.0,0,0.0,0.0,,0.0,1,0.78,1.81,SPY190628C00293000,293.0,normalDay
2019-06-19,1215.0,105.0,0.0,100,293.06,291.0,0,0.0,0.0,,0.0,1,0.78,1.79,SPY190628C00293000,293.0,normalDay
2019-06-20,1215.0,247.0,0.0,100,295.86,291.0,0,0.0,0.0,,0.0,1,0.78,3.17,SPY190628C00293000,293.0,normalDay
2019-06-21,1215.0,105.0,0.0,100,294.0,291.0,0,0.0,0.0,,0.0,1,0.78,2.73,SPY190628C00293000,293.0,normalDay
2019-06-24,1215.0,128.0,0.0,100,293.64,291.0,0,0.0,0.0,,0.0,1,0.78,2.14,SPY190628C00293000,293.0,normalDay
2019-06-25,1215.0,-7.0,0.0,100,290.76,291.0,0,0.0,0.0,,0.0,1,0.78,0.61,SPY190628C00293000,293.0,normalDay
2019-06-26,1215.0,-3.0,0.0,100,290.47,291.0,0,0.0,0.0,,0.0,1,0.78,0.28,SPY190628C00293000,293.0,normalDay
2019-06-27,1215.0,98.0,0.0,100,291.5,291.0,0,0.0,0.0,,0.0,1,0.78,0.3,SPY190628C00293000,293.0,normalDay
2019-06-28,1293.0,200.0,78.0,100,293.0,291.0,0,0.0,0.0,,0.0,1,0.78,0.0,SPY190628C00293000,293.0,expirationDay
2019-07-01,1293.0,462.0,0.0,100,295.66,291.0,0,0.0,0.0,,0.0,1,1.32,1.36,SPY190712C00297500,297.5,normalDay
2019-07-02,1293.0,542.0,0.0,100,296.43,291.0,0,0.0,0.0,,0.0,1,1.32,1.33,SPY190712C00297500,297.5,normalDay
2019-07-03,1293.0,652.0,0.0,100,298.8,291.0,0,0.0,0.0,,0.0,1,1.32,2.6,SPY190712C00297500,297.5,normalDay
2019-07-05,1293.0,689.0,0.0,100,298.46,291.0,0,0.0,0.0,,0.0,1,1.32,1.89,SPY190712C00297500,297.5,normalDay
2019-07-08,1293.0,608.0,0.0,100,296.82,291.0,0,0.0,0.0,,0.0,1,1.32,1.06,SPY190712C00297500,297.5,normalDay
2019-07-09,1293.0,642.0,0.0,100,297.19,291.0,0,0.0,0.0,,0.0,1,1.32,1.09,SPY190712C00297500,297.5,normalDay
2019-07-10,1293.0,727.0,0.0,100,298.61,291.0,0,0.0,0.0,,0.0,1,1.32,1.66,SPY190712C00297500,297.5,normalDay
2019-07-11,1293.0,759.0,0.0,100,299.31,291.0,0,0.0,0.0,,0.0,1,1.32,2.04,SPY190712C00297500,297.5,normalDay
2019-07-12,2075.0,759.0,782.0,0,300.65,0.0,0,0.0,0.0,,0.0,1,1.32,0.0,SPY190712C00297500,297.5,expirationDay
2019-07-15,2075.0,-3.0,0.0,0,300.75,0.0,1,0.03,0.06,SPY190717P00295500,295.5,0,0.0,0.0,,0.0,normalDay
2019-07-16,2075.0,0.0,0.0,0,299.78,0.0,1,0.03,0.03,SPY190717P00295500,295.5,0,0.0,0.0,,0.0,normalDay
2019-07-17,2078.0,0.0,3.0,0,297.74,0.0,1,0.03,0.0,SPY190717P00295500,295.5,0,0.0,0.0,,0.0,expirationDay
2019-07-18,2078.0,-3.0,0.0,0,298.83,0.0,1,0.09,0.12,SPY190719P00296000,296.0,0,0.0,0.0,,0.0,normalDay
2019-07-19,2087.0,0.0,9.0,0,297.17,0.0,1,0.09,0.0,SPY190719P00296000,296.0,0,0.0,0.0,,0.0,expirationDay
2019-07-22,2087.0,-3.0,0.0,0,297.9,0.0,1,0.4,0.43,SPY190724P00296500,296.5,0,0.0,0.0,,0.0,normalDay
2019-07-23,2087.0,36.0,0.0,0,300.03,0.0,1,0.4,0.04,SPY190724P00296500,296.5,0,0.0,0.0,,0.0,normalDay
2019-07-24,2127.0,0.0,40.0,0,301.44,0.0,1,0.4,0.0,SPY190724P00296500,296.5,0,0.0,0.0,,0.0,expirationDay
2019-07-25,2127.0,-3.0,0.0,0,300.0,0.0,1,0.16,0.19,SPY190726P00298000,298.0,0,0.0,0.0,,0.0,normalDay
2019-07-26,2143.0,0.0,16.0,0,302.01,0.0,1,0.16,0.0,SPY190726P00298000,298.0,0,0.0,0.0,,0.0,expirationDay
2019-07-29,2143.0,-3.0,0.0,0,301.46,0.0,1,0.4,0.43,SPY190731P00299000,299.0,0,0.0,0.0,,0.0,normalDay
2019-07-30,2143.0,-22.0,0.0,0,300.72,0.0,1,0.4,0.62,SPY190731P00299000,299.0,0,0.0,0.0,,0.0,normalDay
2019-07-31,2183.0,-157.0,40.0,100,297.43,299.0,1,0.4,0.0,SPY190731P00299000,299.0,0,0.0,0.0,,0.0,expirationDay
2019-08-01,2183.0,-420.0,0.0,100,294.84,299.0,0,0.0,0.0,,0.0,1,0.22,0.26,SPY190812C00303000,303.0,normalDay
2019-08-02,2183.0,-622.0,0.0,100,292.62,299.0,0,0.0,0.0,,0.0,1,0.22,0.06,SPY190812C00303000,303.0,normalDay
2019-08-05,2183.0,-1498.0,0.0,100,283.82,299.0,0,0.0,0.0,,0.0,1,0.22,0.02,SPY190812C00303000,303.0,normalDay
2019-08-06,2183.0,-1099.0,0.0,100,287.8,299.0,0,0.0,0.0,,0.0,1,0.22,0.01,SPY190812C00303000,303.0,normalDay
2019-08-07,2183.0,-1082.0,0.0,100,287.97,299.0,0,0.0,0.0,,0.0,1,0.22,0.01,SPY190812C00303000,303.0,normalDay
2019-08-08,2183.0,-517.0,0.0,100,293.62,299.0,0,0.0,0.0,,0.0,1,0.22,0.01,SPY190812C00303000,303.0,normalDay
2019-08-09,2183.0,-717.0,0.0,100,291.62,299.0,0,0.0,0.0,,0.0,1,0.22,0.01,SPY190812C00303000,303.0,normalDay
2019-08-12,2205.0,-1093.0,22.0,100,288.07,299.0,0,0.0,0.0,,0.0,1,0.22,0.0,SPY190812C00303000,303.0,expirationDay
2019-08-13,2205.0,-645.0,0.0,100,292.55,299.0,0,0.0,0.0,,0.0,0,0.0,0.0,,0.0,bidTooLow
2019-08-14,2205.0,-1510.0,0.0,100,283.9,299.0,0,0.0,0.0,,0.0,0,0.0,0.0,,0.0,bidTooLow
2019-08-15,2205.0,-1435.0,0.0,100,284.65,299.0,0,0.0,0.0,,0.0,0,0.0,0.0,,0.0,bidTooLow
2019-08-16,2205.0,-1015.0,0.0,100,288.85,299.0,0,0.0,0.0,,0.0,0,0.0,0.0,,0.0,bidTooLow
2019-08-19,2205.0,-670.0,0.0,100,292.33,299.0,0,0.0,0.0,,0.0,1,0.02,0.05,SPY190830C00305000,305.0,normalDay
2019-08-20,2205.0,-893.0,0.0,100,290.09,299.0,0,0.0,0.0,,0.0,1,0.02,0.04,SPY190830C00305000,305.0,normalDay
2019-08-21,2205.0,-656.0,0.0,100,292.45,299.0,0,0.0,0.0,,0.0,1,0.02,0.03,SPY190830C00305000,305.0,normalDay
2019-08-22,2205.0,-664.0,0.0,100,292.36,299.0,0,0.0,0.0,,0.0,1,0.02,0.02,SPY190830C00305000,305.0,normalDay
2019-08-23,2205.0,-1415.0,0.0,100,284.85,299.0,0,0.0,0.0,,0.0,1,0.02,0.02,SPY190830C00305000,305.0,normalDay
2019-08-26,2205.0,-1099.0,0.0,100,288.0,299.0,0,0.0,0.0,,0.0,1,0.02,0.01,SPY190830C00305000,305.0,normalDay
2019-08-27,2205.0,-1212.0,0.0,100,286.87,299.0,0,0.0,0.0,,0.0,1,0.02,0.01,SPY190830C00305000,305.0,normalDay
2019-08-28,2205.0,-1010.0,0.0,100,288.89,299.0,0,0.0,0.0,,0.0,1,0.02,0.01,SPY190830C00305000,305.0,normalDay
2019-08-29,2205.0,-641.0,0.0,100,292.58,299.0,0,0.0,0.0,,0.0,1,0.02,0.01,SPY190830C00305000,305.0,normalDay
2019-08-30,2207.0,-655.0,2.0,100,292.45,299.0,0,0.0,0.0,,0.0,1,0.02,0.0,SPY190830C00305000,305.0,expirationDay
2019-09-03,2207.0,-829.0,0.0,100,290.74,299.0,0,0.0,0.0,,0.0,1,1.24,1.27,SPY190913C00295000,295.0,normalDay
2019-09-04,2207.0,-582.0,0.0,100,294.04,299.0,0,0.0,0.0,,0.0,1,1.24,2.1,SPY190913C00295000,295.0,normalDay
2019-09-05,2207.0,-382.0,0.0,100,297.82,299.0,0,0.0,0.0,,0.0,1,1.24,3.88,SPY190913C00295000,295.0,normalDay
2019-09-06,2207.0,-376.0,0.0,100,298.05,299.0,0,0.0,0.0,,0.0,1,1.24,4.05,SPY190913C00295000,295.0,normalDay
2019-09-09,2207.0,-325.0,0.0,100,298.2,299.0,0,0.0,0.0,,0.0,1,1.24,3.69,SPY190913C00295000,295.0,normalDay
2019-09-10,2207.0,-314.0,0.0,100,298.13,299.0,0,0.0,0.0,,0.0,1,1.24,3.51,SPY190913C00295000,295.0,normalDay
2019-09-11,2207.0,-300.0,0.0,100,300.25,299.0,0,0.0,0.0,,0.0,1,1.24,5.49,SPY190913C00295000,295.0,normalDay
2019-09-12,2207.0,-311.0,0.0,100,301.29,299.0,0,0.0,0.0,,0.0,1,1.24,6.64,SPY190913C00295000,295.0,normalDay
2019-09-13,1931.0,-311.0,-276.0,0,301.09,0.0,0,0.0,0.0,,0.0,1,1.24,0.0,SPY190913C00295000,295.0,expirationDay
2019-09-16,1931.0,-3.0,0.0,0,300.16,0.0,1,0.12,0.15,SPY190918P00294000,294.0,0,0.0,0.0,,0.0,normalDay
2019-09-17,1931.0,6.0,0.0,0,300.92,0.0,1,0.12,0.06,SPY190918P00294000,294.0,0,0.0,0.0,,0.0,normalDay
2019-09-18,1943.0,0.0,12.0,0,301.1,0.0,1,0.12,0.0,SPY190918P00294000,294.0,0,0.0,0.0,,0.0,expirationDay
2019-09-19,1943.0,-3.0,0.0,0,301.08,0.0,1,0.1,0.13,SPY190920P00295500,295.5,0,0.0,0.0,,0.0,normalDay
2019-09-20,1953.0,0.0,10.0,0,298.28,0.0,1,0.1,0.0,SPY190920P00295500,295.5,0,0.0,0.0,,0.0,expirationDay
2019-09-23,1953.0,-3.0,0.0,0,298.21,0.0,1,0.28,0.31,SPY190925P00296000,296.0,0,0.0,0.0,,0.0,normalDay
2019-09-24,1953.0,-70.0,0.0,0,295.87,0.0,1,0.28,0.98,SPY190925P00296000,296.0,0,0.0,0.0,,0.0,normalDay
2019-09-25,1981.0,0.0,28.0,0,297.62,0.0,1,0.28,0.0,SPY190925P00296000,296.0,0,0.0,0.0,,0.0,expirationDay
2019-09-26,1981.0,-4.0,0.0,0,297.0,0.0,1,1.0,1.04,SPY190927P00297500,297.5,0,0.0,0.0,,0.0,normalDay
2019-09-27,2081.0,-210.0,100.0,100,295.4,297.5,1,1.0,0.0,SPY190927P00297500,297.5,0,0.0,0.0,,0.0,expirationDay
2019-09-30,2081.0,-76.0,0.0,100,296.77,297.5,0,0.0,0.0,,0.0,1,0.37,0.4,SPY191011C00303000,303.0,normalDay
2019-10-01,2081.0,-400.0,0.0,100,293.24,297.5,0,0.0,0.0,,0.0,1,0.37,0.11,SPY191011C00303000,303.0,normalDay
2019-10-02,2081.0,-912.0,0.0,100,288.06,297.5,0,0.0,0.0,,0.0,1,0.37,0.05,SPY191011C00303000,303.0,normalDay
2019-10-03,2081.0,-675.0,0.0,100,290.42,297.5,0,0.0,0.0,,0.0,1,0.37,0.04,SPY191011C00303000,303.0,normalDay
2019-10-04,2081.0,-283.0,0.0,100,294.35,297.5,0,0.0,0.0,,0.0,1,0.37,0.05,SPY191011C00303000,303.0,normalDay
2019-10-07,2081.0,-407.0,0.0,100,293.08,297.5,0,0.0,0.0,,0.0,1,0.37,0.02,SPY191011C00303000,303.0,normalDay
2019-10-08,2081.0,-861.0,0.0,100,288.53,297.5,0,0.0,0.0,,0.0,1,0.37,0.01,SPY191011C00303000,303.0,normalDay
2019-10-09,2081.0,-587.0,0.0,100,291.27,297.5,0,0.0,0.0,,0.0,1,0.37,0.01,SPY191011C00303000,303.0,normalDay
2019-10-10,2081.0,-390.0,0.0,100,293.24,297.5,0,0.0,0.0,,0.0,1,0.37,0.01,SPY191011C00303000,303.0,normalDay
2019-10-11,2118.0,-122.0,37.0,100,296.28,297.5,0,0.0,0.0,,0.0,1,0.37,0.0,SPY191011C00303000,303.0,expirationDay
2019-10-14,2118.0,-158.0,0.0,100,295.95,297.5,0,0.0,0.0,,0.0,1,0.23,0.26,SPY191025C00302500,302.5,normalDay
2019-10-15,2118.0,96.0,0.0,100,298.88,297.5,0,0.0,0.0,,0.0,1,0.23,0.65,SPY191025C00302500,302.5,normalDay
2019-10-16,2118.0,69.0,0.0,100,298.4,297.5,0,0.0,0.0,,0.0,1,0.23,0.44,SPY191025C00302500,302.5,normalDay
2019-10-17,2118.0,156.0,0.0,100,299.28,297.5,0,0.0,0.0,,0.0,1,0.23,0.45,SPY191025C00302500,302.5,normalDay
2019-10-18,2118.0,47.0,0.0,100,297.97,297.5,0,0.0,0.0,,0.0,1,0.23,0.23,SPY191025C00302500,302.5,normalDay
2019-10-21,2118.0,231.0,0.0,100,299.99,297.5,0,0.0,0.0,,0.0,1,0.23,0.41,SPY191025C00302500,302.5,normalDay
2019-10-22,2118.0,158.0,0.0,100,299.01,297.5,0,0.0,0.0,,0.0,1,0.23,0.16,SPY191025C00302500,302.5,normalDay
2019-10-23,2118.0,244.0,0.0,100,299.88,297.5,0,0.0,0.0,,0.0,1,0.23,0.17,SPY191025C00302500,302.5,normalDay
2019-10-24,2118.0,304.0,0.0,100,300.37,297.5,0,0.0,0.0,,0.0,1,0.23,0.06,SPY191025C00302500,302.5,normalDay
2019-10-25,2141.0,410.0,23.0,100,301.6,297.5,0,0.0,0.0,,0.0,1,0.23,0.0,SPY191025C00302500,302.5,expirationDay
2019-10-28,2141.0,575.0,0.0,100,303.3,297.5,0,0.0,0.0,,0.0,1,1.29,1.34,SPY191108C00305000,305.0,normalDay
2019-10-29,2141.0,577.0,0.0,100,303.21,297.5,0,0.0,0.0,,0.0,1,1.29,1.23,SPY191108C00305000,305.0,normalDay
2019-10-30,2141.0,643.0,0.0,100,304.14,297.5,0,0.0,0.0,,0.0,1,1.29,1.5,SPY191108C00305000,305.0,normalDay
2019-10-31,2141.0,614.0,0.0,100,303.33,297.5,0,0.0,0.0,,0.0,1,1.29,0.98,SPY191108C00305000,305.0,normalDay
2019-11-01,2141.0,780.0,0.0,100,306.14,297.5,0,0.0,0.0,,0.0,1,1.29,2.13,SPY191108C00305000,305.0,normalDay
2019-11-04,2141.0,832.0,0.0,100,307.37,297.5,0,0.0,0.0,,0.0,1,1.29,2.84,SPY191108C00305000,305.0,normalDay
2019-11-05,2141.0,830.0,0.0,100,307.03,297.5,0,0.0,0.0,,0.0,1,1.29,2.52,SPY191108C00305000,305.0,normalDay
2019-11-06,2141.0,838.0,0.0,100,307.1,297.5,0,0.0,0.0,,0.0,1,1.29,2.51,SPY191108C00305000,305.0,normalDay
2019-11-07,2141.0,867.0,0.0,100,308.18,297.5,0,0.0,0.0,,0.0,1,1.29,3.3,SPY191108C00305000,305.0,normalDay
2019-11-08,3020.0,867.0,879.0,0,308.94,0.0,0,0.0,0.0,,0.0,1,1.29,0.0,SPY191108C00305000,305.0,expirationDay
2019-11-11,3020.0,-3.0,0.0,0,308.35,0.0,1,0.01,0.04,SPY191113P00303000,303.0,0,0.0,0.0,,0.0,normalDay
2019-11-12,3020.0,-1.0,0.0,0,309.0,0.0,1,0.01,0.02,SPY191113P00303000,303.0,0,0.0,0.0,,0.0,normalDay
2019-11-13,3021.0,0.0,1.0,0,309.1,0.0,1,0.01,0.0,SPY191113P00303000,303.0,0,0.0,0.0,,0.0,expirationDay
2019-11-14,3021.0,-3.0,0.0,0,309.55,0.0,1,0.02,0.05,SPY191115P00304500,304.5,0,0.0,0.0,,0.0,normalDay
2019-11-15,3023.0,0.0,2.0,0,311.79,0.0,1,0.02,0.0,SPY191115P00304500,304.5,0,0.0,0.0,,0.0,expirationDay
2019-11-18,3023.0,-3.0,0.0,0,312.02,0.0,1,0.03,0.06,SPY191120P00306000,306.0,0,0.0,0.0,,0.0,normalDay
2019-11-19,3023.0,0.0,0.0,0,311.93,0.0,1,0.03,0.03,SPY191120P00306000,306.0,0,0.0,0.0,,0.0,normalDay
2019-11-20,3026.0,0.0,3.0,0,310.77,0.0,1,0.03,0.0,SPY191120P00306000,306.0,0,0.0,0.0,,0.0,expirationDay
2019-11-21,3026.0,-3.0,0.0,0,310.27,0.0,1,0.1,0.13,SPY191122P00307500,307.5,0,0.0,0.0,,0.0,normalDay
2019-11-22,3036.0,0.0,10.0,0,310.96,0.0,1,0.1,0.0,SPY191122P00307500,307.5,0,0.0,0.0,,0.0,expirationDay
2019-11-25,3036.0,-3.0,0.0,0,313.37,0.0,1,0.06,0.09,SPY191127P00308500,308.5,0,0.0,0.0,,0.0,normalDay
2019-11-26,3036.0,3.0,0.0,0,314.08,0.0,1,0.06,0.03,SPY191127P00308500,308.5,0,0.0,0.0,,0.0,normalDay
2019-11-27,3042.0,0.0,6.0,0,315.48,0.0,1,0.06,0.0,SPY191127P00308500,308.5,0,0.0,0.0,,0.0,expirationDay
2019-11-29,3042.0,-4.0,0.0,0,314.31,0.0,1,0.06,0.1,SPY191202P00310000,310.0,0,0.0,0.0,,0.0,normalDay
2019-12-02,3048.0,0.0,6.0,0,311.64,0.0,1,0.06,0.0,SPY191202P00310000,310.0,0,0.0,0.0,,0.0,expirationDay
2019-12-03,3048.0,-4.0,0.0,0,309.55,0.0,1,2.19,2.23,SPY191206P00310500,310.5,0,0.0,0.0,,0.0,normalDay
2019-12-04,3048.0,118.0,0.0,0,311.46,0.0,1,2.19,1.01,SPY191206P00310500,310.5,0,0.0,0.0,,0.0,normalDay
2019-12-05,3048.0,184.0,0.0,0,312.02,0.0,1,2.19,0.35,SPY191206P00310500,310.5,0,0.0,0.0,,0.0,normalDay
2019-12-06,3267.0,0.0,219.0,0,314.87,0.0,1,2.19,0.0,SPY191206P00310500,310.5,0,0.0,0.0,,0.0,expirationDay
2019-12-09,3267.0,-3.0,0.0,0,313.88,0.0,1,0.51,0.54,SPY191211P00311500,311.5,0,0.0,0.0,,0.0,normalDay
2019-12-10,3267.0,28.0,0.0,0,313.53,0.0,1,0.51,0.23,SPY191211P00311500,311.5,0,0.0,0.0,,0.0,normalDay
2019-12-11,3318.0,0.0,51.0,0,314.42,0.0,1,0.51,0.0,SPY191211P00311500,311.5,0,0.0,0.0,,0.0,expirationDay
2019-12-12,3318.0,-3.0,0.0,0,317.13,0.0,1,0.14,0.17,SPY191213P00312500,312.5,0,0.0,0.0,,0.0,normalDay
2019-12-13,3332.0,0.0,14.0,0,317.32,0.0,1,0.14,0.0,SPY191213P00312500,312.5,0,0.0,0.0,,0.0,expirationDay
2019-12-16,3332.0,-3.0,0.0,0,319.5,0.0,1,0.08,0.11,SPY191218P00313500,313.5,0,0.0,0.0,,0.0,normalDay
2019-12-17,3332.0,5.0,0.0,0,319.57,0.0,1,0.08,0.03,SPY191218P00313500,313.5,0,0.0,0.0,,0.0,normalDay
2019-12-18,3340.0,0.0,8.0,0,319.59,0.0,1,0.08,0.0,SPY191218P00313500,313.5,0,0.0,0.0,,0.0,expirationDay
2019-12-19,3340.0,-3.0,0.0,0,320.9,0.0,1,0.02,0.05,SPY191220P00314500,314.5,0,0.0,0.0,,0.0,normalDay
2019-12-20,3342.0,0.0,2.0,0,320.73,0.0,1,0.02,0.0,SPY191220P00314500,314.5,0,0.0,0.0,,0.0,expirationDay
2019-12-23,3342.0,0.0,0.0,0,321.22,0.0,0,0.0,0.0,,0.0,0,0.0,0.0,,0.0,bidTooLow
2019-12-24,3342.0,-3.0,0.0,0,321.23,0.0,1,0.02,0.05,SPY191227P00316000,316.0,0,0.0,0.0,,0.0,normalDay
2019-12-26,3342.0,0.0,0.0,0,322.94,0.0,1,0.02,0.02,SPY191227P00316000,316.0,0,0.0,0.0,,0.0,normalDay
2019-12-27,3344.0,0.0,2.0,0,322.86,0.0,1,0.02,0.0,SPY191227P00316000,316.0,0,0.0,0.0,,0.0,expirationDay
2019-12-30,3344.0,-3.0,0.0,0,321.08,0.0,1,0.07,0.1,SPY191231P00317000,317.0,0,0.0,0.0,,0.0,normalDay
2019-12-31,3351.0,0.0,7.0,0,321.86,0.0,1,0.07,0.0,SPY191231P00317000,317.0,0,0.0,0.0,,0.0,expirationDay
2020-01-02,3351.0,0.0,0.0,0,324.87,0.0,0,0.0,0.0,,0.0,0,0.0,0.0,,0.0,bidTooLow
2020-01-03,3351.0,-3.0,0.0,0,322.41,0.0,1,0.19,0.22,SPY200106P00319000,319.0,0,0.0,0.0,,0.0,normalDay
2020-01-06,3370.0,0.0,19.0,0,323.64,0.0,1,0.19,0.0,SPY200106P00319000,319.0,0,0.0,0.0,,0.0,expirationDay
2020-01-07,3370.0,-3.0,0.0,0,322.73,0.0,1,0.53,0.56,SPY200110P00320000,320.0,0,0.0,0.0,,0.0,normalDay
2020-01-08,3370.0,28.0,0.0,0,324.45,0.0,1,0.53,0.25,SPY200110P00320000,320.0,0,0.0,0.0,,0.0,normalDay
2020-01-09,3370.0,48.0,0.0,0,326.65,0.0,1,0.53,0.05,SPY200110P00320000,320.0,0,0.0,0.0,,0.0,normalDay
2020-01-10,3423.0,0.0,53.0,0,325.71,0.0,1,0.53,0.0,SPY200110P00320000,320.0,0,0.0,0.0,,0.0,expirationDay
2020-01-13,3423.0,-3.0,0.0,0,327.95,0.0,1,0.05,0.08,SPY200115P00322500,322.5,0,0.0,0.0,,0.0,normalDay
2020-01-14,3423.0,1.0,0.0,0,327.45,0.0,1,0.05,0.04,SPY200115P00322500,322.5,0,0.0,0.0,,0.0,normalDay
2020-01-15,3428.0,0.0,5.0,0,328.19,0.0,1,0.05,0.0,SPY200115P00322500,322.5,0,0.0,0.0,,0.0,expirationDay
2020-01-16,3428.0,-3.0,0.0,0,330.92,0.0,1,0.01,0.04,SPY200117P00324000,324.0,0,0.0,0.0,,0.0,normalDay
2020-01-17,3429.0,0.0,1.0,0,331.95,0.0,1,0.01,0.0,SPY200117P00324000,324.0,0,0.0,0.0,,0.0,expirationDay
2020-01-21,3429.0,-3.0,0.0,0,331.3,0.0,1,0.11,0.14,SPY200124P00325000,325.0,0,0.0,0.0,,0.0,normalDay
2020-01-22,3429.0,4.0,0.0,0,331.34,0.0,1,0.11,0.07,SPY200124P00325000,325.0,0,0.0,0.0,,0.0,normalDay
2020-01-23,3429.0,7.0,0.0,0,331.72,0.0,1,0.11,0.04,SPY200124P00325000,325.0,0,0.0,0.0,,0.0,normalDay
2020-01-24,3440.0,0.0,11.0,0,328.77,0.0,1,0.11,0.0,SPY200124P00325000,325.0,0,0.0,0.0,,0.0,expirationDay
2020-01-27,3440.0,-6.0,0.0,0,323.5,0.0,1,3.46,3.52,SPY200129P00326000,326.0,0,0.0,0.0,,0.0,normalDay
2020-01-28,3440.0,259.0,0.0,0,326.89,0.0,1,3.46,0.87,SPY200129P00326000,326.0,0,0.0,0.0,,0.0,normalDay
2020-01-29,3786.0,0.0,346.0,0,326.62,0.0,1,3.46,0.0,SPY200129P00326000,326.0,0,0.0,0.0,,0.0,expirationDay
2020-01-30,3786.0,-3.0,0.0,0,327.68,0.0,1,0.43,0.46,SPY200131P00327000,327.0,0,0.0,0.0,,0.0,normalDay
2020-01-31,3829.0,-527.0,43.0,100,321.73,327.0,1,0.43,0.0,SPY200131P00327000,327.0,0,0.0,0.0,,0.0,expirationDay
2020-02-03,3829.0,-291.0,0.0,100,324.12,327.0,0,0.0,0.0,,0.0,1,0.35,0.38,SPY200214C00333000,333.0,normalDay
2020-02-04,3829.0,113.0,0.0,100,329.06,327.0,0,0.0,0.0,,0.0,1,0.35,1.28,SPY200214C00333000,333.0,normalDay
2020-02-05,3829.0,360.0,0.0,100,332.86,327.0,0,0.0,0.0,,0.0,1,0.35,2.61,SPY200214C00333000,333.0,normalDay
2020-02-06,3829.0,456.0,0.0,100,333.98,327.0,0,0.0,0.0,,0.0,1,0.35,2.77,SPY200214C00333000,333.0,normalDay
2020-02-07,3829.0,363.0,0.0,100,332.2,327.0,0,0.0,0.0,,0.0,1,0.35,1.92,SPY200214C00333000,333.0,normalDay
2020-02-10,3829.0,503.0,0.0,100,334.68,327.0,0,0.0,0.0,,0.0,1,0.35,3.0,SPY200214C00333000,333.0,normalDay
2020-02-11,3829.0,542.0,0.0,100,335.26,327.0,0,0.0,0.0,,0.0,1,0.35,3.19,SPY200214C00333000,333.0,normalDay
2020-02-12,3829.0,611.0,0.0,100,337.42,327.0,0,0.0,0.0,,0.0,1,0.35,4.66,SPY200214C00333000,333.0,normalDay
2020-02-13,3829.0,599.0,0.0,100,337.06,327.0,0,0.0,0.0,,0.0,1,0.35,4.42,SPY200214C00333000,333.0,normalDay
2020-02-14,4464.0,599.0,635.0,0,337.6,0.0,0,0.0,0.0,,0.0,1,0.35,0.0,SPY200214C00333000,333.0,expirationDay
2020-02-18,4464.0,-3.0,0.0,0,336.73,0.0,1,0.26,0.29,SPY200221P00331000,331.0,0,0.0,0.0,,0.0,normalDay
2020-02-19,4464.0,18.0,0.0,0,338.34,0.0,1,0.26,0.08,SPY200221P00331000,331.0,0,0.0,0.0,,0.0,normalDay
2020-02-20,4464.0,19.0,0.0,0,336.95,0.0,1,0.26,0.07,SPY200221P00331000,331.0,0,0.0,0.0,,0.0,normalDay
2020-02-21,4490.0,0.0,26.0,0,333.48,0.0,1,0.26,0.0,SPY200221P00331000,331.0,0,0.0,0.0,,0.0,expirationDay
2020-02-24,4490.0,-40.0,0.0,0,322.42,0.0,1,8.97,9.37,SPY200226P00331000,331.0,0,0.0,0.0,,0.0,normalDay
2020-02-25,4490.0,-900.0,0.0,0,312.65,0.0,1,8.97,17.97,SPY200226P00331000,331.0,0,0.0,0.0,,0.0,normalDay
2020-02-26,5387.0,-1950.0,897.0,100,311.5,331.0,1,8.97,0.0,SPY200226P00331000,331.0,0,0.0,0.0,,0.0,expirationDay
2020-02-27,5387.0,-3349.0,0.0,100,297.51,331.0,0,0.0,0.0,,0.0,0,0.0,0.0,,0.0,bidTooLow
2020-02-28,5387.0,-3474.0,0.0,100,296.26,331.0,0,0.0,0.0,,0.0,0,0.0,0.0,,0.0,bidTooLow
2020-03-02,5387.0,-2191.0,0.0,100,309.09,331.0,0,0.0,0.0,,0.0,0,0.0,0.0,,0.0,bidTooLow
2020-03-03,5387.0,-3076.0,0.0,100,300.24,331.0,0,0.0,0.0,,0.0,0,0.0,0.0,,0.0,bidTooLow
2020-03-04,5387.0,-1814.0,0.0,100,312.86,331.0,0,0.0,0.0,,0.0,0,0.0,0.0,,0.0,bidTooLow
2020-03-05,5387.0,-2854.0,0.0,100,302.46,331.0,0,0.0,0.0,,0.0,0,0.0,0.0,,0.0,bidTooLow
2020-03-06,5387.0,-3354.0,0.0,100,297.46,331.0,0,0.0,0.0,,0.0,0,0.0,0.0,,0.0,bidTooLow
2020-03-09,5387.0,-5677.0,0.0,100,274.23,331.0,0,0.0,0.0,,0.0,0,0.0,0.0,,0.0,bidTooLow
2020-03-10,5387.0,-4258.0,0.0,100,288.42,331.0,0,0.0,0.0,,0.0,0,0.0,0.0,,0.0,bidTooLow
2020-03-11,5387.0,-5664.0,0.0,100,274.36,331.0,0,0.0,0.0,,0.0,0,0.0,0.0,,0.0,bidTooLow
2020-03-12,5387.0,-8289.0,0.0,100,248.11,331.0,0,0.0,0.0,,0.0,0,0.0,0.0,,0.0,bidTooLow
2020-03-13,5387.0,-6168.0,0.0,100,269.32,331.0,0,0.0,0.0,,0.0,0,0.0,0.0,,0.0,bidTooLow
2020-03-16,5387.0,-9115.0,0.0,100,239.85,331.0,0,0.0,0.0,,0.0,0,0.0,0.0,,0.0,bidTooLow
2020-03-17,5387.0,-7820.0,0.0,100,252.8,331.0,0,0.0,0.0,,0.0,0,0.0,0.0,,0.0,bidTooLow
2020-03-18,5387.0,-9100.0,0.0,100,240.0,331.0,0,0.0,0.0,,0.0,0,0.0,0.0,,0.0,bidTooLow
2020-03-19,5387.0,-9049.0,0.0,100,240.51,331.0,0,0.0,0.0,,0.0,0,0.0,0.0,,0.0,bidTooLow
2020-03-20,5387.0,-10220.0,0.0,100,228.8,331.0,0,0.0,0.0,,0.0,0,0.0,0.0,,0.0,bidTooLow
2020-03-23,5387.0,-10805.0,0.0,100,222.95,331.0,0,0.0,0.0,,0.0,0,0.0,0.0,,0.0,bidTooLow
2020-03-24,5387.0,-8785.0,0.0,100,243.15,331.0,0,0.0,0.0,,0.0,0,0.0,0.0,,0.0,bidTooLow
2020-03-25,5387.0,-8421.0,0.0,100,246.79,331.0,0,0.0,0.0,,0.0,0,0.0,0.0,,0.0,bidTooLow
2020-03-26,5387.0,-6985.0,0.0,100,261.2,331.0,0,0.0,0.0,,0.0,1,0.01,0.06,SPY200406C00322000,322.0,normalDay
2020-03-27,5387.0,-7760.0,0.0,100,253.42,331.0,0,0.0,0.0,,0.0,1,0.01,0.03,SPY200406C00322000,322.0,normalDay
2020-03-30,5387.0,-6937.0,0.0,100,261.65,331.0,0,0.0,0.0,,0.0,1,0.01,0.03,SPY200406C00322000,322.0,normalDay
2020-03-31,5387.0,-7326.0,0.0,100,257.75,331.0,0,0.0,0.0,,0.0,1,0.01,0.02,SPY200406C00322000,322.0,normalDay
2020-04-01,5387.0,-8485.0,0.0,100,246.15,331.0,0,0.0,0.0,,0.0,1,0.01,0.01,SPY200406C00322000,322.0,normalDay
2020-04-02,5387.0,-7917.0,0.0,100,251.83,331.0,0,0.0,0.0,,0.0,1,0.01,0.01,SPY200406C00322000,322.0,normalDay
2020-04-03,5387.0,-8281.0,0.0,100,248.19,331.0,0,0.0,0.0,,0.0,1,0.01,0.01,SPY200406C00322000,322.0,normalDay
2020-04-06,5388.0,-6614.0,1.0,100,264.86,331.0,0,0.0,0.0,,0.0,1,0.01,0.0,SPY200406C00322000,322.0,expirationDay
2020-04-07,5388.0,-6592.0,0.0,100,265.13,331.0,0,0.0,0.0,,0.0,1,2.56,2.61,SPY200417C00276000,276.0,normalDay
2020-04-08,5388.0,-6009.0,0.0,100,274.03,331.0,0,0.0,0.0,,0.0,1,2.56,5.68,SPY200417C00276000,276.0,normalDay
2020-04-09,5388.0,-5802.0,0.0,100,278.2,331.0,0,0.0,0.0,,0.0,1,2.56,7.78,SPY200417C00276000,276.0,normalDay
2020-04-13,5388.0,-5740.0,0.0,100,275.66,331.0,0,0.0,0.0,,0.0,1,2.56,4.62,SPY200417C00276000,276.0,normalDay
2020-04-14,5388.0,-5422.0,0.0,100,283.79,331.0,0,0.0,0.0,,0.0,1,2.56,9.57,SPY200417C00276000,276.0,normalDay
2020-04-15,5388.0,-5506.0,0.0,100,277.76,331.0,0,0.0,0.0,,0.0,1,2.56,4.38,SPY200417C00276000,276.0,normalDay
2020-04-16,5388.0,-5369.0,0.0,100,279.1,331.0,0,0.0,0.0,,0.0,1,2.56,4.35,SPY200417C00276000,276.0,normalDay
2020-04-17,144.0,-5369.0,-5244.0,0,286.64,0.0,0,0.0,0.0,,0.0,1,2.56,0.0,SPY200417C00276000,276.0,expirationDay
2020-04-20,144.0,-3.0,0.0,0,281.59,0.0,1,0.12,0.15,SPY200422P00263000,263.0,0,0.0,0.0,,0.0,normalDay
2020-04-21,144.0,-14.0,0.0,0,273.04,0.0,1,0.12,0.26,SPY200422P00263000,263.0,0,0.0,0.0,,0.0,normalDay
2020-04-22,156.0,0.0,12.0,0,279.1,0.0,1,0.12,0.0,SPY200422P00263000,263.0,0,0.0,0.0,,0.0,expirationDay
2020-04-23,156.0,-3.0,0.0,0,279.08,0.0,1,0.11,0.14,SPY200424P00269000,269.0,0,0.0,0.0,,0.0,normalDay
2020-04-24,167.0,0.0,11.0,0,282.97,0.0,1,0.11,0.0,SPY200424P00269000,269.0,0,0.0,0.0,,0.0,expirationDay
2020-04-27,167.0,-3.0,0.0,0,287.05,0.0,1,0.04,0.07,SPY200429P00272000,272.0,0,0.0,0.0,,0.0,normalDay
2020-04-28,167.0,0.0,0.0,0,285.73,0.0,1,0.04,0.04,SPY200429P00272000,272.0,0,0.0,0.0,,0.0,normalDay
2020-04-29,171.0,0.0,4.0,0,293.21,0.0,1,0.04,0.0,SPY200429P00272000,272.0,0,0.0,0.0,,0.0,expirationDay
2020-04-30,171.0,-3.0,0.0,0,290.48,0.0,1,0.01,0.04,SPY200501P00277000,277.0,0,0.0,0.0,,0.0,normalDay
2020-05-01,172.0,0.0,1.0,0,282.79,0.0,1,0.01,0.0,SPY200501P00277000,277.0,0,0.0,0.0,,0.0,expirationDay
2020-05-04,172.0,-4.0,0.0,0,283.57,0.0,1,1.53,1.57,SPY200506P00280000,280.0,0,0.0,0.0,,0.0,normalDay
2020-05-05,172.0,121.0,0.0,0,286.19,0.0,1,1.53,0.32,SPY200506P00280000,280.0,0,0.0,0.0,,0.0,normalDay
2020-05-06,325.0,0.0,153.0,0,284.25,0.0,1,1.53,0.0,SPY200506P00280000,280.0,0,0.0,0.0,,0.0,expirationDay
2020-05-07,325.0,-3.0,0.0,0,287.68,0.0,1,0.45,0.48,SPY200508P00283000,283.0,0,0.0,0.0,,0.0,normalDay
2020-05-08,370.0,0.0,45.0,0,292.44,0.0,1,0.45,0.0,SPY200508P00283000,283.0,0,0.0,0.0,,0.0,expirationDay
2020-05-11,370.0,-3.0,0.0,0,292.5,0.0,1,0.24,0.27,SPY200513P00284000,284.0,0,0.0,0.0,,0.0,normalDay
2020-05-12,370.0,-85.0,0.0,0,286.67,0.0,1,0.24,1.09,SPY200513P00284000,284.0,0,0.0,0.0,,0.0,normalDay
2020-05-13,394.0,-240.0,24.0,100,281.6,284.0,1,0.24,0.0,SPY200513P00284000,284.0,0,0.0,0.0,,0.0,expirationDay
2020-05-14,394.0,93.0,0.0,100,284.97,284.0,0,0.0,0.0,,0.0,1,0.87,0.91,SPY200522C00295000,295.0,normalDay
2020-05-15,394.0,255.0,0.0,100,286.28,284.0,0,0.0,0.0,,0.0,1,0.87,0.6,SPY200522C00295000,295.0,normalDay
2020-05-18,394.0,869.0,0.0,100,295.0,284.0,0,0.0,0.0,,0.0,1,0.87,3.18,SPY200522C00295000,295.0,normalDay
2020-05-19,394.0,709.0,0.0,100,291.97,284.0,0,0.0,0.0,,0.0,1,0.87,1.75,SPY200522C00295000,295.0,normalDay
2020-05-20,394.0,1012.0,0.0,100,296.93,284.0,0,0.0,0.0,,0.0,1,0.87,3.68,SPY200522C00295000,295.0,normalDay
2020-05-21,394.0,1036.0,0.0,100,294.88,284.0,0,0.0,0.0,,0.0,1,0.87,1.39,SPY200522C00295000,295.0,normalDay
2020-05-22,1581.0,1036.0,1187.0,0,295.44,0.0,0,0.0,0.0,,0.0,1,0.87,0.0,SPY200522C00295000,295.0,expirationDay
2020-05-26,1581.0,-3.0,0.0,0,299.08,0.0,1,0.43,0.46,SPY200529P00290000,290.0,0,0.0,0.0,,0.0,normalDay
2020-05-27,1581.0,31.0,0.0,0,303.53,0.0,1,0.43,0.12,SPY200529P00290000,290.0,0,0.0,0.0,,0.0,normalDay
2020-05-28,1581.0,38.0,0.0,0,302.97,0.0,1,0.43,0.05,SPY200529P00290000,290.0,0,0.0,0.0,,0.0,normalDay
2020-05-29,1624.0,0.0,43.0,0,304.32,0.0,1,0.43,0.0,SPY200529P00290000,290.0,0,0.0,0.0,,0.0,expirationDay
2020-06-01,1624.0,-3.0,0.0,0,305.55,0.0,1,0.08,0.11,SPY200603P00293000,293.0,0,0.0,0.0,,0.0,normalDay
2020-06-02,1624.0,6.0,0.0,0,308.08,0.0,1,0.08,0.02,SPY200603P00293000,293.0,0,0.0,0.0,,0.0,normalDay
2020-06-03,1632.0,0.0,8.0,0,312.18,0.0,1,0.08,0.0,SPY200603P00293000,293.0,0,0.0,0.0,,0.0,expirationDay
2020-06-04,1632.0,0.0,0.0,0,311.36,0.0,0,0.0,0.0,,0.0,0,0.0,0.0,,0.0,bidTooLow
2020-06-05,1632.0,0.0,0.0,0,319.34,0.0,0,0.0,0.0,,0.0,0,0.0,0.0,,0.0,bidTooLow
2020-06-08,1632.0,0.0,0.0,0,323.2,0.0,0,0.0,0.0,,0.0,0,0.0,0.0,,0.0,bidTooLow
2020-06-09,1632.0,-3.0,0.0,0,320.79,0.0,1,0.08,0.11,SPY200612P00301000,301.0,0,0.0,0.0,,0.0,normalDay
2020-06-10,1632.0,1.0,0.0,0,319.0,0.0,1,0.08,0.07,SPY200612P00301000,301.0,0,0.0,0.0,,0.0,normalDay
2020-06-11,1632.0,-285.0,0.0,0,300.61,0.0,1,0.08,2.93,SPY200612P00301000,301.0,0,0.0,0.0,,0.0,normalDay
2020-06-12,1640.0,0.0,8.0,0,304.21,0.0,1,0.08,0.0,SPY200612P00301000,301.0,0,0.0,0.0,,0.0,expirationDay
2020-06-15,1640.0,-5.0,0.0,0,307.05,0.0,1,2.73,2.78,SPY200617P00306000,306.0,0,0.0,0.0,,0.0,normalDay
2020-06-16,1640.0,208.0,0.0,0,312.96,0.0,1,2.73,0.65,SPY200617P00306000,306.0,0,0.0,0.0,,0.0,normalDay
2020-06-17,1913.0,0.0,273.0,0,311.66,0.0,1,2.73,0.0,SPY200617P00306000,306.0,0,0.0,0.0,,0.0,expirationDay
2020-06-18,1913.0,-3.0,0.0,0,311.78,0.0,1,0.96,0.99,SPY200619P00308000,308.0,0,0.0,0.0,,0.0,normalDay
2020-06-19,2009.0,0.0,96.0,0,308.64,0.0,1,0.96,0.0,SPY200619P00308000,308.0,0,0.0,0.0,,0.0,expirationDay
2020-06-22,2009.0,-4.0,0.0,0,310.62,0.0,1,2.18,2.22,SPY200624P00310000,310.0,0,0.0,0.0,,0.0,normalDay
2020-06-23,2009.0,108.0,0.0,0,312.05,0.0,1,2.18,1.1,SPY200624P00310000,310.0,0,0.0,0.0,,0.0,normalDay
2020-06-24,2227.0,-591.0,218.0,100,304.09,310.0,1,2.18,0.0,SPY200624P00310000,310.0,0,0.0,0.0,,0.0,expirationDay
2020-06-25,2227.0,-269.0,0.0,100,307.35,310.0,0,0.0,0.0,,0.0,1,0.5,0.54,SPY200706C00322000,322.0,normalDay
2020-06-26,2227.0,-957.0,0.0,100,300.05,310.0,0,0.0,0.0,,0.0,1,0.5,0.12,SPY200706C00322000,322.0,normalDay
2020-06-29,2227.0,-513.0,0.0,100,304.46,310.0,0,0.0,0.0,,0.0,1,0.5,0.09,SPY200706C00322000,322.0,normalDay
2020-06-30,2227.0,-131.0,0.0,100,308.36,310.0,0,0.0,0.0,,0.0,1,0.5,0.17,SPY200706C00322000,322.0,normalDay
2020-07-01,2227.0,91.0,0.0,100,310.52,310.0,0,0.0,0.0,,0.0,1,0.5,0.11,SPY200706C00322000,322.0,normalDay
2020-07-02,2227.0,270.0,0.0,100,312.23,310.0,0,0.0,0.0,,0.0,1,0.5,0.03,SPY200706C00322000,322.0,normalDay
2020-07-06,2277.0,705.0,50.0,100,317.05,310.0,0,0.0,0.0,,0.0,1,0.5,0.0,SPY200706C00322000,322.0,expirationDay
2020-07-07,2277.0,375.0,0.0,100,313.78,310.0,0,0.0,0.0,,0.0,1,1.91,1.94,SPY200717C00320000,320.0,normalDay
2020-07-08,2277.0,578.0,0.0,100,316.18,310.0,0,0.0,0.0,,0.0,1,1.91,2.31,SPY200717C00320000,320.0,normalDay
2020-07-09,2277.0,473.0,0.0,100,314.38,310.0,0,0.0,0.0,,0.0,1,1.91,1.56,SPY200717C00320000,320.0,normalDay
2020-07-10,2277.0,717.0,0.0,100,317.59,310.0,0,0.0,0.0,,0.0,1,1.91,2.33,SPY200717C00320000,320.0,normalDay
2020-07-13,2277.0,539.0,0.0,100,314.84,310.0,0,0.0,0.0,,0.0,1,1.91,1.36,SPY200717C00320000,320.0,normalDay
2020-07-14,2277.0,849.0,0.0,100,318.92,310.0,0,0.0,0.0,,0.0,1,1.91,2.34,SPY200717C00320000,320.0,normalDay
2020-07-15,2277.0,1035.0,0.0,100,321.85,310.0,0,0.0,0.0,,0.0,1,1.91,3.41,SPY200717C00320000,320.0,normalDay
2020-07-16,2277.0,1122.0,0.0,100,320.79,310.0,0,0.0,0.0,,0.0,1,1.91,1.48,SPY200717C00320000,320.0,normalDay
2020-07-17,3468.0,1122.0,1191.0,0,321.72,0.0,0,0.0,0.0,,0.0,1,1.91,0.0,SPY200717C00320000,320.0,expirationDay
2020-07-20,3468.0,-3.0,0.0,0,324.32,0.0,1,0.08,0.11,SPY200722P00314000,314.0,0,0.0,0.0,,0.0,normalDay
2020-07-21,3468.0,5.0,0.0,0,325.01,0.0,1,0.08,0.03,SPY200722P00314000,314.0,0,0.0,0.0,,0.0,normalDay
2020-07-22,3476.0,0.0,8.0,0,326.86,0.0,1,0.08,0.0,SPY200722P00314000,314.0,0,0.0,0.0,,0.0,expirationDay
2020-07-23,3476.0,-3.0,0.0,0,322.96,0.0,1,0.24,0.27,SPY200724P00316000,316.0,0,0.0,0.0,,0.0,normalDay
2020-07-24,3500.0,0.0,24.0,0,320.88,0.0,1,0.24,0.0,SPY200724P00316000,316.0,0,0.0,0.0,,0.0,expirationDay
2020-07-27,3500.0,-3.0,0.0,0,323.22,0.0,1,0.4,0.43,SPY200729P00318000,318.0,0,0.0,0.0,,0.0,normalDay
2020-07-28,3500.0,-22.0,0.0,0,321.17,0.0,1,0.4,0.62,SPY200729P00318000,318.0,0,0.0,0.0,,0.0,normalDay
2020-07-29,3540.0,0.0,40.0,0,325.12,0.0,1,0.4,0.0,SPY200729P00318000,318.0,0,0.0,0.0,,0.0,expirationDay
2020-07-30,3540.0,-4.0,0.0,0,323.96,0.0,1,0.52,0.56,SPY200731P00320000,320.0,0,0.0,0.0,,0.0,normalDay
2020-07-31,3592.0,0.0,52.0,0,326.52,0.0,1,0.52,0.0,SPY200731P00320000,320.0,0,0.0,0.0,,0.0,expirationDay
2020-08-03,3592.0,-3.0,0.0,0,328.79,0.0,1,0.19,0.22,SPY200805P00321000,321.0,0,0.0,0.0,,0.0,normalDay
2020-08-04,3592.0,14.0,0.0,0,330.06,0.0,1,0.19,0.05,SPY200805P00321000,321.0,0,0.0,0.0,,0.0,normalDay
2020-08-05,3611.0,0.0,19.0,0,332.11,0.0,1,0.19,0.0,SPY200805P00321000,321.0,0,0.0,0.0,,0.0,expirationDay
2020-08-06,3611.0,-3.0,0.0,0,334.33,0.0,1,0.05,0.08,SPY200807P00324000,324.0,0,0.0,0.0,,0.0,normalDay
2020-08-07,3616.0,0.0,5.0,0,334.57,0.0,1,0.05,0.0,SPY200807P00324000,324.0,0,0.0,0.0,,0.0,expirationDay
2020-08-10,3616.0,-3.0,0.0,0,335.57,0.0,1,0.09,0.12,SPY200812P00326000,326.0,0,0.0,0.0,,0.0,normalDay
2020-08-11,3616.0,-18.0,0.0,0,332.8,0.0,1,0.09,0.27,SPY200812P00326000,326.0,0,0.0,0.0,,0.0,normalDay
2020-08-12,3625.0,0.0,9.0,0,337.44,0.0,1,0.09,0.0,SPY200812P00326000,326.0,0,0.0,0.0,,0.0,expirationDay
2020-08-13,3625.0,-3.0,0.0,0,336.83,0.0,1,0.04,0.07,SPY200814P00328000,328.0,0,0.0,0.0,,0.0,normalDay
2020-08-14,3629.0,0.0,4.0,0,336.84,0.0,1,0.04,0.0,SPY200814P00328000,328.0,0,0.0,0.0,,0.0,expirationDay
2020-08-17,3629.0,-3.0,0.0,0,337.91,0.0,1,0.09,0.12,SPY200819P00330000,330.0,0,0.0,0.0,,0.0,normalDay
2020-08-18,3629.0,3.0,0.0,0,338.64,0.0,1,0.09,0.06,SPY200819P00330000,330.0,0,0.0,0.0,,0.0,normalDay
2020-08-19,3638.0,0.0,9.0,0,337.23,0.0,1,0.09,0.0,SPY200819P00330000,330.0,0,0.0,0.0,,0.0,expirationDay
2020-08-20,3638.0,-3.0,0.0,0,338.28,0.0,1,0.1,0.13,SPY200821P00332000,332.0,0,0.0,0.0,,0.0,normalDay
2020-08-21,3648.0,0.0,10.0,0,339.48,0.0,1,0.1,0.0,SPY200821P00332000,332.0,0,0.0,0.0,,0.0,expirationDay
2020-08-24,3648.0,-3.0,0.0,0,342.92,0.0,1,0.1,0.13,SPY200826P00334000,334.0,0,0.0,0.0,,0.0,normalDay
2020-08-25,3648.0,7.0,0.0,0,344.12,0.0,1,0.1,0.03,SPY200826P00334000,334.0,0,0.0,0.0,,0.0,normalDay
2020-08-26,3658.0,0.0,10.0,0,347.57,0.0,1,0.1,0.0,SPY200826P00334000,334.0,0,0.0,0.0,,0.0,expirationDay
2020-08-27,3658.0,-3.0,0.0,0,348.33,0.0,1,0.04,0.07,SPY200828P00337000,337.0,0,0.0,0.0,,0.0,normalDay
2020-08-28,3662.0,0.0,4.0,0,350.58,0.0,1,0.04,0.0,SPY200828P00337000,337.0,0,0.0,0.0,,0.0,expirationDay
2020-08-31,3662.0,-3.0,0.0,0,349.31,0.0,1,0.16,0.19,SPY200902P00339000,339.0,0,0.0,0.0,,0.0,normalDay
2020-09-01,3662.0,13.0,0.0,0,352.6,0.0,1,0.16,0.03,SPY200902P00339000,339.0,0,0.0,0.0,,0.0,normalDay
2020-09-02,3678.0,0.0,16.0,0,357.7,0.0,1,0.16,0.0,SPY200902P00339000,339.0,0,0.0,0.0,,0.0,expirationDay
2020-09-03,3678.0,-6.0,0.0,0,345.39,0.0,1,0.93,0.99,SPY200904P00342000,342.0,0,0.0,0.0,,0.0,normalDay
2020-09-04,3771.0,0.0,93.0,0,342.57,0.0,1,0.93,0.0,SPY200904P00342000,342.0,0,0.0,0.0,,0.0,expirationDay
2020-09-08,3771.0,-16.0,0.0,0,333.21,0.0,1,9.37,9.53,SPY200911P00342000,342.0,0,0.0,0.0,,0.0,normalDay
2020-09-09,3771.0,499.0,0.0,0,339.79,0.0,1,9.37,4.38,SPY200911P00342000,342.0,0,0.0,0.0,,0.0,normalDay
2020-09-10,3771.0,123.0,0.0,0,333.89,0.0,1,9.37,8.14,SPY200911P00342000,342.0,0,0.0,0.0,,0.0,normalDay
2020-09-11,4708.0,-794.0,937.0,100,334.06,342.0,1,9.37,0.0,SPY200911P00342000,342.0,0,0.0,0.0,,0.0,expirationDay
2020-09-14,4708.0,-358.0,0.0,100,338.46,342.0,0,0.0,0.0,,0.0,1,0.25,0.29,SPY200925C00355000,355.0,normalDay
2020-09-15,4708.0,-192.0,0.0,100,340.17,342.0,0,0.0,0.0,,0.0,1,0.25,0.34,SPY200925C00355000,355.0,normalDay
2020-09-16,4708.0,-309.0,0.0,100,338.82,342.0,0,0.0,0.0,,0.0,1,0.25,0.16,SPY200925C00355000,355.0,normalDay
2020-09-17,4708.0,-602.0,0.0,100,335.84,342.0,0,0.0,0.0,,0.0,1,0.25,0.11,SPY200925C00355000,355.0,normalDay
2020-09-18,4708.0,-1113.0,0.0,100,330.65,342.0,0,0.0,0.0,,0.0,1,0.25,0.03,SPY200925C00355000,355.0,normalDay
2020-09-21,4708.0,-1479.0,0.0,100,326.97,342.0,0,0.0,0.0,,0.0,1,0.25,0.01,SPY200925C00355000,355.0,normalDay
2020-09-22,4708.0,-1146.0,0.0,100,330.3,342.0,0,0.0,0.0,,0.0,1,0.25,0.01,SPY200925C00355000,355.0,normalDay
2020-09-23,4708.0,-1912.0,0.0,100,322.64,342.0,0,0.0,0.0,,0.0,1,0.25,0.01,SPY200925C00355000,355.0,normalDay
2020-09-24,4708.0,-1826.0,0.0,100,323.5,342.0,0,0.0,0.0,,0.0,1,0.25,0.01,SPY200925C00355000,355.0,normalDay
2020-09-25,4733.0,-1327.0,25.0,100,328.73,342.0,0,0.0,0.0,,0.0,1,0.25,0.0,SPY200925C00355000,355.0,expirationDay
2020-09-28,4733.0,-784.0,0.0,100,334.19,342.0,0,0.0,0.0,,0.0,1,0.18,0.21,SPY201009C00355000,355.0,normalDay
2020-09-29,4733.0,-962.0,0.0,100,332.37,342.0,0,0.0,0.0,,0.0,1,0.18,0.17,SPY201009C00355000,355.0,normalDay
2020-09-30,4733.0,-711.0,0.0,100,334.89,342.0,0,0.0,0.0,,0.0,1,0.18,0.18,SPY201009C00355000,355.0,normalDay
2020-10-01,4733.0,-505.0,0.0,100,337.04,342.0,0,0.0,0.0,,0.0,1,0.18,0.27,SPY201009C00355000,355.0,normalDay
2020-10-02,4733.0,-804.0,0.0,100,333.84,342.0,0,0.0,0.0,,0.0,1,0.18,0.06,SPY201009C00355000,355.0,normalDay
2020-10-05,4733.0,-212.0,0.0,100,339.76,342.0,0,0.0,0.0,,0.0,1,0.18,0.06,SPY201009C00355000,355.0,normalDay
2020-10-06,4733.0,-691.0,0.0,100,334.93,342.0,0,0.0,0.0,,0.0,1,0.18,0.02,SPY201009C00355000,355.0,normalDay
2020-10-07,4733.0,-108.0,0.0,100,340.76,342.0,0,0.0,0.0,,0.0,1,0.18,0.02,SPY201009C00355000,355.0,normalDay
2020-10-08,4733.0,195.0,0.0,100,343.78,342.0,0,0.0,0.0,,0.0,1,0.18,0.01,SPY201009C00355000,355.0,normalDay
2020-10-09,4751.0,485.0,18.0,100,346.85,342.0,0,0.0,0.0,,0.0,1,0.18,0.0,SPY201009C00355000,355.0,expirationDay
2020-10-12,4751.0,1038.0,0.0,100,352.43,342.0,0,0.0,0.0,,0.0,1,5.94,5.99,SPY201023C00350000,350.0,normalDay
2020-10-13,4751.0,941.0,0.0,100,350.13,342.0,0,0.0,0.0,,0.0,1,5.94,4.66,SPY201023C00350000,350.0,normalDay
2020-10-14,4751.0,861.0,0.0,100,347.93,342.0,0,0.0,0.0,,0.0,1,5.94,3.26,SPY201023C00350000,350.0,normalDay
2020-10-15,4751.0,864.0,0.0,100,347.5,342.0,0,0.0,0.0,,0.0,1,5.94,2.8,SPY201023C00350000,350.0,normalDay
2020-10-16,4751.0,905.0,0.0,100,347.29,342.0,0,0.0,0.0,,0.0,1,5.94,2.18,SPY201023C00350000,350.0,normalDay
2020-10-19,4751.0,526.0,0.0,100,342.01,342.0,0,0.0,0.0,,0.0,1,5.94,0.69,SPY201023C00350000,350.0,normalDay
2020-10-20,4751.0,669.0,0.0,100,343.38,342.0,0,0.0,0.0,,0.0,1,5.94,0.63,SPY201023C00350000,350.0,normalDay
2020-10-21,4751.0,633.0,0.0,100,342.73,342.0,0,0.0,0.0,,0.0,1,5.94,0.34,SPY201023C00350000,350.0,normalDay
2020-10-22,4751.0,839.0,0.0,100,344.61,342.0,0,0.0,0.0,,0.0,1,5.94,0.16,SPY201023C00350000,350.0,normalDay
2020-10-23,5345.0,378.0,594.0,100,345.78,342.0,0,0.0,0.0,,0.0,1,5.94,0.0,SPY201023C00350000,350.0,expirationDay
2020-10-26,5345.0,-268.0,0.0,100,339.39,342.0,0,0.0,0.0,,0.0,1,2.06,2.13,SPY201106C00353000,353.0,normalDay
2020-10-27,5345.0,-344.0,0.0,100,338.22,342.0,0,0.0,0.0,,0.0,1,2.06,1.72,SPY201106C00353000,353.0,normalDay
2020-10-28,5345.0,-1374.0,0.0,100,326.66,342.0,0,0.0,0.0,,0.0,1,2.06,0.46,SPY201106C00353000,353.0,normalDay
2020-10-29,5345.0,-1045.0,0.0,100,329.98,342.0,0,0.0,0.0,,0.0,1,2.06,0.49,SPY201106C00353000,353.0,normalDay
2020-10-30,5345.0,-1352.0,0.0,100,326.54,342.0,0,0.0,0.0,,0.0,1,2.06,0.12,SPY201106C00353000,353.0,normalDay
2020-11-02,5345.0,-989.0,0.0,100,330.2,342.0,0,0.0,0.0,,0.0,1,2.06,0.15,SPY201106C00353000,353.0,normalDay
2020-11-03,5345.0,-446.0,0.0,100,336.03,342.0,0,0.0,0.0,,0.0,1,2.06,0.55,SPY201106C00353000,353.0,normalDay
2020-11-04,5345.0,328.0,0.0,100,343.54,342.0,0,0.0,0.0,,0.0,1,2.06,0.32,SPY201106C00353000,353.0,normalDay
2020-11-05,5345.0,937.0,0.0,100,350.24,342.0,0,0.0,0.0,,0.0,1,2.06,0.93,SPY201106C00353000,353.0,normalDay
2020-11-06,5551.0,816.0,206.0,100,350.16,342.0,0,0.0,0.0,,0.0,1,2.06,0.0,SPY201106C00353000,353.0,expirationDay
2020-11-09,5551.0,1250.0,0.0,100,354.56,342.0,0,0.0,0.0,,0.0,1,4.55,4.61,SPY201120C00357500,357.5,normalDay
2020-11-10,5551.0,1308.0,0.0,100,354.04,342.0,0,0.0,0.0,,0.0,1,4.55,3.51,SPY201120C00357500,357.5,normalDay
2020-11-11,5551.0,1514.0,0.0,100,356.67,342.0,0,0.0,0.0,,0.0,1,4.55,4.08,SPY201120C00357500,357.5,normalDay
2020-11-12,5551.0,1335.0,0.0,100,353.21,342.0,0,0.0,0.0,,0.0,1,4.55,2.41,SPY201120C00357500,357.5,normalDay
2020-11-13,5551.0,1653.0,0.0,100,358.1,342.0,0,0.0,0.0,,0.0,1,4.55,4.12,SPY201120C00357500,357.5,normalDay
2020-11-16,5551.0,1891.0,0.0,100,362.57,342.0,0,0.0,0.0,,0.0,1,4.55,6.21,SPY201120C00357500,357.5,normalDay
2020-11-17,5551.0,1857.0,0.0,100,360.62,342.0,0,0.0,0.0,,0.0,1,4.55,4.6,SPY201120C00357500,357.5,normalDay
2020-11-18,5551.0,1720.0,0.0,100,356.28,342.0,0,0.0,0.0,,0.0,1,4.55,1.63,SPY201120C00357500,357.5,normalDay
2020-11-19,5551.0,1869.0,0.0,100,357.78,342.0,0,0.0,0.0,,0.0,1,4.55,1.64,SPY201120C00357500,357.5,normalDay
2020-11-20,6006.0,1333.0,455.0,100,355.33,342.0,0,0.0,0.0,,0.0,1,4.55,0.0,SPY201120C00357500,357.5,expirationDay
2020-11-23,6006.0,1543.0,0.0,100,357.46,342.0,0,0.0,0.0,,0.0,1,0.31,0.34,SPY201204C00371000,371.0,normalDay
2020-11-24,6006.0,2056.0,0.0,100,363.22,342.0,0,0.0,0.0,,0.0,1,0.31,0.97,SPY201204C00371000,371.0,normalDay
2020-11-25,6006.0,2038.0,0.0,100,362.66,342.0,0,0.0,0.0,,0.0,1,0.31,0.59,SPY201204C00371000,371.0,normalDay
2020-11-27,6006.0,2137.0,0.0,100,363.67,342.0,0,0.0,0.0,,0.0,1,0.31,0.61,SPY201204C00371000,371.0,normalDay
2020-11-30,6006.0,2009.0,0.0,100,362.06,342.0,0,0.0,0.0,,0.0,1,0.31,0.28,SPY201204C00371000,371.0,normalDay
2020-12-01,6006.0,2377.0,0.0,100,366.02,342.0,0,0.0,0.0,,0.0,1,0.31,0.56,SPY201204C00371000,371.0,normalDay
2020-12-02,6006.0,2468.0,0.0,100,366.79,342.0,0,0.0,0.0,,0.0,1,0.31,0.42,SPY201204C00371000,371.0,normalDay
2020-12-03,6006.0,2486.0,0.0,100,366.69,342.0,0,0.0,0.0,,0.0,1,0.31,0.14,SPY201204C00371000,371.0,normalDay
2020-12-04,6037.0,2785.0,31.0,100,369.85,342.0,0,0.0,0.0,,0.0,1,0.31,0.0,SPY201204C00371000,371.0,expirationDay
2020-12-07,6037.0,2705.0,0.0,100,369.09,342.0,0,0.0,0.0,,0.0,1,2.67,2.71,SPY201218C00371000,371.0,normalDay
2020-12-08,6037.0,2779.0,0.0,100,370.17,342.0,0,0.0,0.0,,0.0,1,2.67,3.05,SPY201218C00371000,371.0,normalDay
2020-12-09,6037.0,2583.0,0.0,100,366.85,342.0,0,0.0,0.0,,0.0,1,2.67,1.69,SPY201218C00371000,371.0,normalDay
2020-12-10,6037.0,2606.0,0.0,100,366.73,342.0,0,0.0,0.0,,0.0,1,2.67,1.34,SPY201218C00371000,371.0,normalDay
2020-12-11,6037.0,2597.0,0.0,100,366.3,342.0,0,0.0,0.0,,0.0,1,2.67,1.0,SPY201218C00371000,371.0,normalDay
2020-12-14,6037.0,2464.0,0.0,100,364.66,342.0,0,0.0,0.0,,0.0,1,2.67,0.69,SPY201218C00371000,371.0,normalDay
2020-12-15,6037.0,2894.0,0.0,100,369.59,342.0,0,0.0,0.0,,0.0,1,2.67,1.32,SPY201218C00371000,371.0,normalDay
2020-12-16,6037.0,2960.0,0.0,100,370.17,342.0,0,0.0,0.0,,0.0,1,2.67,1.24,SPY201218C00371000,371.0,normalDay
2020-12-17,6037.0,3144.0,0.0,100,372.24,342.0,0,0.0,0.0,,0.0,1,2.67,1.47,SPY201218C00371000,371.0,normalDay
2020-12-18,6304.0,2718.0,267.0,100,369.18,342.0,0,0.0,0.0,,0.0,1,2.67,0.0,SPY201218C00371000,371.0,expirationDay
2020-12-21,6304.0,2581.0,0.0,100,367.86,342.0,0,0.0,0.0,,0.0,1,1.77,1.82,SPY201231C00373000,373.0,normalDay
2020-12-22,6304.0,2583.0,0.0,100,367.24,342.0,0,0.0,0.0,,0.0,1,1.77,1.18,SPY201231C00373000,373.0,normalDay
2020-12-23,6304.0,2651.0,0.0,100,367.57,342.0,0,0.0,0.0,,0.0,1,1.77,0.83,SPY201231C00373000,373.0,normalDay
2020-12-24,6304.0,2796.0,0.0,100,369.0,342.0,0,0.0,0.0,,0.0,1,1.77,0.81,SPY201231C00373000,373.0,normalDay
2020-12-28,6304.0,3052.0,0.0,100,372.17,342.0,0,0.0,0.0,,0.0,1,1.77,1.42,SPY201231C00373000,373.0,normalDay
2020-12-29,6304.0,3034.0,0.0,100,371.46,342.0,0,0.0,0.0,,0.0,1,1.77,0.89,SPY201231C00373000,373.0,normalDay
2020-12-30,6304.0,3130.0,0.0,100,371.99,342.0,0,0.0,0.0,,0.0,1,1.77,0.46,SPY201231C00373000,373.0,normalDay
2020-12-31,9581.0,3130.0,3277.0,0,373.88,0.0,0,0.0,0.0,,0.0,1,1.77,0.0,SPY201231C00373000,373.0,expirationDay
2021-01-04,9581.0,-4.0,0.0,0,368.79,0.0,1,2.86,2.9,SPY210106P00369000,369.0,0,0.0,0.0,,0.0,normalDay
2021-01-05,9581.0,161.0,0.0,0,371.33,0.0,1,2.86,1.25,SPY210106P00369000,369.0,0,0.0,0.0,,0.0,normalDay
2021-01-06,9867.0,0.0,286.0,0,373.55,0.0,1,2.86,0.0,SPY210106P00369000,369.0,0,0.0,0.0,,0.0,expirationDay
2021-01-07,9867.0,-3.0,0.0,0,379.1,0.0,1,0.07,0.1,SPY210108P00370000,370.0,0,0.0,0.0,,0.0,normalDay
2021-01-08,9874.0,0.0,7.0,0,381.26,0.0,1,0.07,0.0,SPY210108P00370000,370.0,0,0.0,0.0,,0.0,expirationDay
2021-01-11,9874.0,-3.0,0.0,0,378.69,0.0,1,0.38,0.41,SPY210113P00371000,371.0,0,0.0,0.0,,0.0,normalDay
2021-01-12,9874.0,27.0,0.0,0,378.77,0.0,1,0.38,0.11,SPY210113P00371000,371.0,0,0.0,0.0,,0.0,normalDay
2021-01-13,9912.0,0.0,38.0,0,379.79,0.0,1,0.38,0.0,SPY210113P00371000,371.0,0,0.0,0.0,,0.0,expirationDay
2021-01-14,9912.0,-3.0,0.0,0,378.46,0.0,1,0.23,0.26,SPY210115P00373000,373.0,0,0.0,0.0,,0.0,normalDay
2021-01-15,9935.0,0.0,23.0,0,375.7,0.0,1,0.23,0.0,SPY210115P00373000,373.0,0,0.0,0.0,,0.0,expirationDay
2021-01-19,9935.0,-3.0,0.0,0,378.65,0.0,1,1.17,1.2,SPY210122P00374000,374.0,0,0.0,0.0,,0.0,normalDay
2021-01-20,9935.0,98.0,0.0,0,383.89,0.0,1,1.17,0.19,SPY210122P00374000,374.0,0,0.0,0.0,,0.0,normalDay
2021-01-21,9935.0,113.0,0.0,0,384.24,0.0,1,1.17,0.04,SPY210122P00374000,374.0,0,0.0,0.0,,0.0,normalDay
2021-01-22,10052.0,0.0,117.0,0,382.88,0.0,1,1.17,0.0,SPY210122P00374000,374.0,0,0.0,0.0,,0.0,expirationDay
2021-01-25,10052.0,-3.0,0.0,0,384.39,0.0,1,0.33,0.36,SPY210127P00377000,377.0,0,0.0,0.0,,0.0,normalDay
2021-01-26,10052.0,18.0,0.0,0,383.79,0.0,1,0.33,0.15,SPY210127P00377000,377.0,0,0.0,0.0,,0.0,normalDay
2021-01-27,10085.0,-259.0,33.0,100,374.41,377.0,1,0.33,0.0,SPY210127P00377000,377.0,0,0.0,0.0,,0.0,expirationDay
2021-01-28,10085.0,56.0,0.0,100,377.63,377.0,0,0.0,0.0,,0.0,1,1.32,1.39,SPY210208C00387000,387.0,normalDay
2021-01-29,10085.0,-593.0,0.0,100,370.07,377.0,0,0.0,0.0,,0.0,1,1.32,0.32,SPY210208C00387000,387.0,normalDay
2021-02-01,10085.0,11.0,0.0,100,376.23,377.0,0,0.0,0.0,,0.0,1,1.32,0.44,SPY210208C00387000,387.0,normalDay
2021-02-02,10085.0,480.0,0.0,100,381.55,377.0,0,0.0,0.0,,0.0,1,1.32,1.07,SPY210208C00387000,387.0,normalDay
2021-02-03,10085.0,556.0,0.0,100,381.85,377.0,0,0.0,0.0,,0.0,1,1.32,0.61,SPY210208C00387000,387.0,normalDay
2021-02-04,10085.0,908.0,0.0,100,386.19,377.0,0,0.0,0.0,,0.0,1,1.32,1.43,SPY210208C00387000,387.0,normalDay
2021-02-05,10085.0,1034.0,0.0,100,387.71,377.0,0,0.0,0.0,,0.0,1,1.32,1.69,SPY210208C00387000,387.0,normalDay
2021-02-08,11217.0,1034.0,1132.0,0,390.51,0.0,0,0.0,0.0,,0.0,1,1.32,0.0,SPY210208C00387000,387.0,expirationDay
2021-02-09,11217.0,-3.0,0.0,0,390.25,0.0,1,0.28,0.31,SPY210212P00381000,381.0,0,0.0,0.0,,0.0,normalDay
2021-02-10,11217.0,1.0,0.0,0,390.08,0.0,1,0.28,0.27,SPY210212P00381000,381.0,0,0.0,0.0,,0.0,normalDay
2021-02-11,11217.0,22.0,0.0,0,390.71,0.0,1,0.28,0.06,SPY210212P00381000,381.0,0,0.0,0.0,,0.0,normalDay
2021-02-12,11245.0,0.0,28.0,0,392.64,0.0,1,0.28,0.0,SPY210212P00381000,381.0,0,0.0,0.0,,0.0,expirationDay
2021-02-16,11245.0,-3.0,0.0,0,392.3,0.0,1,0.41,0.44,SPY210219P00384000,384.0,0,0.0,0.0,,0.0,normalDay
2021-02-17,11245.0,18.0,0.0,0,392.39,0.0,1,0.41,0.23,SPY210219P00384000,384.0,0,0.0,0.0,,0.0,normalDay
2021-02-18,11245.0,24.0,0.0,0,390.72,0.0,1,0.41,0.17,SPY210219P00384000,384.0,0,0.0,0.0,,0.0,normalDay
2021-02-19,11286.0,0.0,41.0,0,390.03,0.0,1,0.41,0.0,SPY210219P00384000,384.0,0,0.0,0.0,,0.0,expirationDay
2021-02-22,11286.0,-4.0,0.0,0,387.03,0.0,1,1.5,1.54,SPY210224P00386000,386.0,0,0.0,0.0,,0.0,normalDay
2021-02-23,11286.0,51.0,0.0,0,387.5,0.0,1,1.5,0.99,SPY210224P00386000,386.0,0,0.0,0.0,,0.0,normalDay
2021-02-24,11436.0,0.0,150.0,0,391.77,0.0,1,1.5,0.0,SPY210224P00386000,386.0,0,0.0,0.0,,0.0,expirationDay
2021-02-25,11436.0,-10.0,0.0,0,382.33,0.0,1,3.77,3.87,SPY210226P00386000,386.0,0,0.0,0.0,,0.0,normalDay
2021-02-26,11813.0,-564.0,377.0,100,380.36,386.0,1,3.77,0.0,SPY210226P00386000,386.0,0,0.0,0.0,,0.0,expirationDay
2021-03-01,11813.0,353.0,0.0,100,389.58,386.0,0,0.0,0.0,,0.0,1,1.36,1.41,SPY210312C00397000,397.0,normalDay
2021-03-02,11813.0,108.0,0.0,100,386.54,386.0,0,0.0,0.0,,0.0,1,1.36,0.82,SPY210312C00397000,397.0,normalDay
2021-03-03,11813.0,-358.0,0.0,100,381.42,386.0,0,0.0,0.0,,0.0,1,1.36,0.36,SPY210312C00397000,397.0,normalDay
2021-03-04,11813.0,-808.0,0.0,100,376.7,386.0,0,0.0,0.0,,0.0,1,1.36,0.14,SPY210312C00397000,397.0,normalDay
2021-03-05,11813.0,-123.0,0.0,100,383.63,386.0,0,0.0,0.0,,0.0,1,1.36,0.22,SPY210312C00397000,397.0,normalDay
2021-03-08,11813.0,-304.0,0.0,100,381.72,386.0,0,0.0,0.0,,0.0,1,1.36,0.12,SPY210312C00397000,397.0,normalDay
2021-03-09,11813.0,232.0,0.0,100,387.17,386.0,0,0.0,0.0,,0.0,1,1.36,0.21,SPY210312C00397000,397.0,normalDay
2021-03-10,11813.0,475.0,0.0,100,389.58,386.0,0,0.0,0.0,,0.0,1,1.36,0.19,SPY210312C00397000,397.0,normalDay
2021-03-11,11813.0,866.0,0.0,100,393.53,386.0,0,0.0,0.0,,0.0,1,1.36,0.23,SPY210312C00397000,397.0,normalDay
2021-03-12,11949.0,806.0,136.0,100,394.06,386.0,0,0.0,0.0,,0.0,1,1.36,0.0,SPY210312C00397000,397.0,expirationDay
2021-03-15,11949.0,1035.0,0.0,100,396.41,386.0,0,0.0,0.0,,0.0,1,2.64,2.7,SPY210326C00398000,398.0,normalDay
2021-03-16,11949.0,1025.0,0.0,100,395.91,386.0,0,0.0,0.0,,0.0,1,2.64,2.3,SPY210326C00398000,398.0,normalDay
2021-03-17,11949.0,1151.0,0.0,100,397.26,386.0,0,0.0,0.0,,0.0,1,2.64,2.39,SPY210326C00398000,398.0,normalDay
2021-03-18,11949.0,714.0,0.0,100,391.48,386.0,0,0.0,0.0,,0.0,1,2.64,0.98,SPY210326C00398000,398.0,normalDay
2021-03-19,11949.0,567.0,0.0,100,389.48,386.0,0,0.0,0.0,,0.0,1,2.64,0.45,SPY210326C00398000,398.0,normalDay
2021-03-22,11949.0,876.0,0.0,100,392.59,386.0,0,0.0,0.0,,0.0,1,2.64,0.47,SPY210326C00398000,398.0,normalDay
2021-03-23,11949.0,598.0,0.0,100,389.5,386.0,0,0.0,0.0,,0.0,1,2.64,0.16,SPY210326C00398000,398.0,normalDay
2021-03-24,11949.0,412.0,0.0,100,387.52,386.0,0,0.0,0.0,,0.0,1,2.64,0.04,SPY210326C00398000,398.0,normalDay
2021-03-25,11949.0,631.0,0.0,100,389.7,386.0,0,0.0,0.0,,0.0,1,2.64,0.03,SPY210326C00398000,398.0,normalDay
2021-03-26,12213.0,998.0,264.0,100,395.98,386.0,0,0.0,0.0,,0.0,1,2.64,0.0,SPY210326C00398000,398.0,expirationDay
2021-03-29,12213.0,974.0,0.0,100,395.78,386.0,0,0.0,0.0,,0.0,1,1.66,1.7,SPY210409C00401000,401.0,normalDay
2021-03-30,12213.0,941.0,0.0,100,394.73,386.0,0,0.0,0.0,,0.0,1,1.66,0.98,SPY210409C00401000,401.0,normalDay
2021-03-31,12213.0,1083.0,0.0,100,396.33,386.0,0,0.0,0.0,,0.0,1,1.66,1.16,SPY210409C00401000,401.0,normalDay
2021-04-01,12213.0,1378.0,0.0,100,400.61,386.0,0,0.0,0.0,,0.0,1,1.66,2.49,SPY210409C00401000,401.0,normalDay
2021-04-05,12213.0,1590.0,0.0,100,406.36,386.0,0,0.0,0.0,,0.0,1,1.66,6.12,SPY210409C00401000,401.0,normalDay
2021-04-06,12213.0,1606.0,0.0,100,406.12,386.0,0,0.0,0.0,,0.0,1,1.66,5.72,SPY210409C00401000,401.0,normalDay
2021-04-07,12213.0,1607.0,0.0,100,406.59,386.0,0,0.0,0.0,,0.0,1,1.66,6.18,SPY210409C00401000,401.0,normalDay
2021-04-08,12213.0,1628.0,0.0,100,408.52,386.0,0,0.0,0.0,,0.0,1,1.66,7.9,SPY210409C00401000,401.0,normalDay
2021-04-09,13879.0,1628.0,1666.0,0,411.49,0.0,0,0.0,0.0,,0.0,1,1.66,0.0,SPY210409C00401000,401.0,expirationDay
2021-04-12,13879.0,-3.0,0.0,0,411.64,0.0,1,0.02,0.05,SPY210414P00398000,398.0,0,0.0,0.0,,0.0,normalDay
2021-04-13,13879.0,0.0,0.0,0,412.86,0.0,1,0.02,0.02,SPY210414P00398000,398.0,0,0.0,0.0,,0.0,normalDay
2021-04-14,13881.0,0.0,2.0,0,411.45,0.0,1,0.02,0.0,SPY210414P00398000,398.0,0,0.0,0.0,,0.0,expirationDay
2021-04-15,13881.0,-3.0,0.0,0,415.87,0.0,1,0.01,0.04,SPY210416P00401000,401.0,0,0.0,0.0,,0.0,normalDay
2021-04-16,13882.0,0.0,1.0,0,417.26,0.0,1,0.01,0.0,SPY210416P00401000,401.0,0,0.0,0.0,,0.0,expirationDay
2021-04-19,13882.0,-3.0,0.0,0,415.21,0.0,1,0.02,0.05,SPY210421P00403000,403.0,0,0.0,0.0,,0.0,normalDay
2021-04-20,13882.0,-3.0,0.0,0,412.17,0.0,1,0.02,0.05,SPY210421P00403000,403.0,0,0.0,0.0,,0.0,normalDay
2021-04-21,13884.0,0.0,2.0,0,416.07,0.0,1,0.02,0.0,SPY210421P00403000,403.0,0,0.0,0.0,,0.0,expirationDay
2021-04-22,13884.0,-3.0,0.0,0,412.27,0.0,1,0.2,0.23,SPY210423P00407000,407.0,0,0.0,0.0,,0.0,normalDay
2021-04-23,13904.0,0.0,20.0,0,416.74,0.0,1,0.2,0.0,SPY210423P00407000,407.0,0,0.0,0.0,,0.0,expirationDay
2021-04-26,13904.0,-3.0,0.0,0,417.61,0.0,1,0.09,0.12,SPY210428P00409000,409.0,0,0.0,0.0,,0.0,normalDay
2021-04-27,13904.0,4.0,0.0,0,417.52,0.0,1,0.09,0.05,SPY210428P00409000,409.0,0,0.0,0.0,,0.0,normalDay
2021-04-28,13913.0,0.0,9.0,0,417.4,0.0,1,0.09,0.0,SPY210428P00409000,409.0,0,0.0,0.0,,0.0,expirationDay
2021-04-29,13913.0,-3.0,0.0,0,420.06,0.0,1,0.04,0.07,SPY210430P00412500,412.5,0,0.0,0.0,,0.0,normalDay
2021-04-30,13917.0,0.0,4.0,0,417.3,0.0,1,0.04,0.0,SPY210430P00412500,412.5,0,0.0,0.0,,0.0,expirationDay
2021-05-03,13917.0,-3.0,0.0,0,418.2,0.0,1,0.4,0.43,SPY210505P00414000,414.0,0,0.0,0.0,,0.0,normalDay
2021-05-04,13917.0,-34.0,0.0,0,415.62,0.0,1,0.4,0.74,SPY210505P00414000,414.0,0,0.0,0.0,,0.0,normalDay
2021-05-05,13957.0,0.0,40.0,0,415.75,0.0,1,0.4,0.0,SPY210505P00414000,414.0,0,0.0,0.0,,0.0,expirationDay
2021-05-06,13957.0,-3.0,0.0,0,419.07,0.0,1,0.35,0.38,SPY210507P00416000,416.0,0,0.0,0.0,,0.0,normalDay
2021-05-07,13992.0,0.0,35.0,0,422.12,0.0,1,0.35,0.0,SPY210507P00416000,416.0,0,0.0,0.0,,0.0,expirationDay
2021-05-10,13992.0,-3.0,0.0,0,417.94,0.0,1,1.44,1.47,SPY210512P00416000,416.0,0,0.0,0.0,,0.0,normalDay
2021-05-11,13992.0,-135.0,0.0,0,414.21,0.0,1,1.44,2.79,SPY210512P00416000,416.0,0,0.0,0.0,,0.0,normalDay
2021-05-12,14136.0,-1059.0,144.0,100,405.41,416.0,1,1.44,0.0,SPY210512P00416000,416.0,0,0.0,0.0,,0.0,expirationDay
2021-05-13,14136.0,-576.0,0.0,100,410.28,416.0,0,0.0,0.0,,0.0,1,0.39,0.43,SPY210524C00423000,423.0,normalDay
2021-05-14,14136.0,2.0,0.0,100,416.58,416.0,0,0.0,0.0,,0.0,1,0.39,0.95,SPY210524C00423000,423.0,normalDay
2021-05-17,14136.0,-52.0,0.0,100,415.52,416.0,0,0.0,0.0,,0.0,1,0.39,0.43,SPY210524C00423000,423.0,normalDay
2021-05-18,14136.0,-381.0,0.0,100,411.94,416.0,0,0.0,0.0,,0.0,1,0.39,0.14,SPY210524C00423000,423.0,normalDay
2021-05-19,14136.0,-482.0,0.0,100,410.86,416.0,0,0.0,0.0,,0.0,1,0.39,0.07,SPY210524C00423000,423.0,normalDay
2021-05-20,14136.0,-43.0,0.0,100,415.28,416.0,0,0.0,0.0,,0.0,1,0.39,0.1,SPY210524C00423000,423.0,normalDay
2021-05-21,14136.0,-69.0,0.0,100,414.94,416.0,0,0.0,0.0,,0.0,1,0.39,0.02,SPY210524C00423000,423.0,normalDay
2021-05-24,14175.0,317.0,39.0,100,419.17,416.0,0,0.0,0.0,,0.0,1,0.39,0.0,SPY210524C00423000,423.0,expirationDay
2021-05-25,14175.0,221.0,0.0,100,418.24,416.0,0,0.0,0.0,,0.0,1,1.17,1.2,SPY210604C00423000,423.0,normalDay
2021-05-26,14175.0,321.0,0.0,100,419.07,416.0,0,0.0,0.0,,0.0,1,1.17,1.03,SPY210604C00423000,423.0,normalDay
2021-05-27,14175.0,342.0,0.0,100,419.29,416.0,0,0.0,0.0,,0.0,1,1.17,1.04,SPY210604C00423000,423.0,normalDay
2021-05-28,14175.0,440.0,0.0,100,420.04,416.0,0,0.0,0.0,,0.0,1,1.17,0.81,SPY210604C00423000,423.0,normalDay
2021-06-01,14175.0,424.0,0.0,100,419.67,416.0,0,0.0,0.0,,0.0,1,1.17,0.6,SPY210604C00423000,423.0,normalDay
2021-06-02,14175.0,510.0,0.0,100,420.33,416.0,0,0.0,0.0,,0.0,1,1.17,0.4,SPY210604C00423000,423.0,normalDay
2021-06-03,14175.0,386.0,0.0,100,418.77,416.0,0,0.0,0.0,,0.0,1,1.17,0.08,SPY210604C00423000,423.0,normalDay
2021-06-04,14292.0,660.0,117.0,100,422.6,416.0,0,0.0,0.0,,0.0,1,1.17,0.0,SPY210604C00423000,423.0,expirationDay
2021-06-07,14292.0,614.0,0.0,100,422.19,416.0,0,0.0,0.0,,0.0,1,1.71,1.76,SPY210618C00425000,425.0,normalDay
2021-06-08,14292.0,616.0,0.0,100,422.28,416.0,0,0.0,0.0,,0.0,1,1.71,1.83,SPY210618C00425000,425.0,normalDay
2021-06-09,14292.0,564.0,0.0,100,421.65,416.0,0,0.0,0.0,,0.0,1,1.71,1.72,SPY210618C00425000,425.0,normalDay
2021-06-10,14292.0,763.0,0.0,100,423.61,416.0,0,0.0,0.0,,0.0,1,1.71,1.69,SPY210618C00425000,425.0,normalDay
2021-06-11,14292.0,839.0,0.0,100,424.31,416.0,0,0.0,0.0,,0.0,1,1.71,1.63,SPY210618C00425000,425.0,normalDay
2021-06-14,14292.0,887.0,0.0,100,425.26,416.0,0,0.0,0.0,,0.0,1,1.71,2.1,SPY210618C00425000,425.0,normalDay
2021-06-15,14292.0,857.0,0.0,100,424.48,416.0,0,0.0,0.0,,0.0,1,1.71,1.62,SPY210618C00425000,425.0,normalDay
2021-06-16,14292.0,721.0,0.0,100,422.11,416.0,0,0.0,0.0,,0.0,1,1.71,0.61,SPY210618C00425000,425.0,normalDay
2021-06-17,14292.0,757.0,0.0,100,421.97,416.0,0,0.0,0.0,,0.0,1,1.71,0.11,SPY210618C00425000,425.0,normalDay
2021-06-18,14463.0,-108.0,171.0,100,414.92,416.0,0,0.0,0.0,,0.0,1,1.71,0.0,SPY210618C00425000,425.0,expirationDay
2021-06-21,14463.0,482.0,0.0,100,420.86,416.0,0,0.0,0.0,,0.0,1,1.14,1.18,SPY210702C00426000,426.0,normalDay
2021-06-22,14463.0,680.0,0.0,100,423.11,416.0,0,0.0,0.0,,0.0,1,1.14,1.45,SPY210702C00426000,426.0,normalDay
2021-06-23,14463.0,657.0,0.0,100,422.6,416.0,0,0.0,0.0,,0.0,1,1.14,1.17,SPY210702C00426000,426.0,normalDay
2021-06-24,14463.0,832.0,0.0,100,425.1,416.0,0,0.0,0.0,,0.0,1,1.14,1.92,SPY210702C00426000,426.0,normalDay
2021-06-25,14463.0,937.0,0.0,100,426.61,416.0,0,0.0,0.0,,0.0,1,1.14,2.38,SPY210702C00426000,426.0,normalDay
2021-06-28,14463.0,1007.0,0.0,100,427.47,416.0,0,0.0,0.0,,0.0,1,1.14,2.54,SPY210702C00426000,426.0,normalDay
2021-06-29,14463.0,1012.0,0.0,100,427.7,416.0,0,0.0,0.0,,0.0,1,1.14,2.72,SPY210702C00426000,426.0,normalDay
2021-06-30,14463.0,1013.0,0.0,100,428.06,416.0,0,0.0,0.0,,0.0,1,1.14,3.07,SPY210702C00426000,426.0,normalDay
2021-07-01,14463.0,1101.0,0.0,100,430.43,416.0,0,0.0,0.0,,0.0,1,1.14,4.56,SPY210702C00426000,426.0,normalDay
2021-07-02,15577.0,1101.0,1114.0,0,433.72,0.0,0,0.0,0.0,,0.0,1,1.14,0.0,SPY210702C00426000,426.0,expirationDay
2021-07-06,15577.0,-3.0,0.0,0,432.93,0.0,1,0.2,0.23,SPY210709P00425000,425.0,0,0.0,0.0,,0.0,normalDay
2021-07-07,15577.0,13.0,0.0,0,434.46,0.0,1,0.2,0.07,SPY210709P00425000,425.0,0,0.0,0.0,,0.0,normalDay
2021-07-08,15577.0,3.0,0.0,0,430.92,0.0,1,0.2,0.17,SPY210709P00425000,425.0,0,0.0,0.0,,0.0,normalDay
2021-07-09,15597.0,0.0,20.0,0,435.52,0.0,1,0.2,0.0,SPY210709P00425000,425.0,0,0.0,0.0,,0.0,expirationDay
2021-07-12,15597.0,-3.0,0.0,0,437.08,0.0,1,0.08,0.11,SPY210714P00427000,427.0,0,0.0,0.0,,0.0,normalDay
2021-07-13,15597.0,-1.0,0.0,0,435.59,0.0,1,0.08,0.09,SPY210714P00427000,427.0,0,0.0,0.0,,0.0,normalDay
2021-07-14,15605.0,0.0,8.0,0,436.24,0.0,1,0.08,0.0,SPY210714P00427000,427.0,0,0.0,0.0,,0.0,expirationDay
2021-07-15,15605.0,-3.0,0.0,0,434.75,0.0,1,0.15,0.18,SPY210716P00429000,429.0,0,0.0,0.0,,0.0,normalDay
2021-07-16,15620.0,0.0,15.0,0,431.34,0.0,1,0.15,0.0,SPY210716P00429000,429.0,0,0.0,0.0,,0.0,expirationDay
2021-07-19,15620.0,-17.0,0.0,0,424.97,0.0,1,5.51,5.68,SPY210721P00430000,430.0,0,0.0,0.0,,0.0,normalDay
2021-07-20,15620.0,452.0,0.0,0,431.06,0.0,1,5.51,0.99,SPY210721P00430000,430.0,0,0.0,0.0,,0.0,normalDay
2021-07-21,16171.0,0.0,551.0,0,434.55,0.0,1,5.51,0.0,SPY210721P00430000,430.0,0,0.0,0.0,,0.0,expirationDay
2021-07-22,16171.0,-3.0,0.0,0,435.46,0.0,1,0.17,0.2,SPY210723P00432000,432.0,0,0.0,0.0,,0.0,normalDay
2021-07-23,16188.0,0.0,17.0,0,439.94,0.0,1,0.17,0.0,SPY210723P00432000,432.0,0,0.0,0.0,,0.0,expirationDay
2021-07-26,16188.0,-3.0,0.0,0,441.02,0.0,1,0.13,0.16,SPY210728P00433000,433.0,0,0.0,0.0,,0.0,normalDay
2021-07-27,16188.0,-15.0,0.0,0,439.01,0.0,1,0.13,0.28,SPY210728P00433000,433.0,0,0.0,0.0,,0.0,normalDay
2021-07-28,16201.0,0.0,13.0,0,438.83,0.0,1,0.13,0.0,SPY210728P00433000,433.0,0,0.0,0.0,,0.0,expirationDay
2021-07-29,16201.0,-3.0,0.0,0,440.65,0.0,1,0.08,0.11,SPY210730P00435000,435.0,0,0.0,0.0,,0.0,normalDay
2021-07-30,16209.0,0.0,8.0,0,438.51,0.0,1,0.08,0.0,SPY210730P00435000,435.0,0,0.0,0.0,,0.0,expirationDay
2021-08-02,16209.0,-3.0,0.0,0,437.59,0.0,1,1.18,1.21,SPY210804P00436000,436.0,0,0.0,0.0,,0.0,normalDay
2021-08-03,16209.0,106.0,0.0,0,441.15,0.0,1,1.18,0.12,SPY210804P00436000,436.0,0,0.0,0.0,,0.0,normalDay
2021-08-04,16327.0,0.0,118.0,0,438.98,0.0,1,1.18,0.0,SPY210804P00436000,436.0,0,0.0,0.0,,0.0,expirationDay
2021-08-05,16327.0,-3.0,0.0,0,441.76,0.0,1,0.16,0.19,SPY210806P00437000,437.0,0,0.0,0.0,,0.0,normalDay
2021-08-06,16343.0,0.0,16.0,0,442.49,0.0,1,0.16,0.0,SPY210806P00437000,437.0,0,0.0,0.0,,0.0,expirationDay
2021-08-09,16343.0,-3.0,0.0,0,442.13,0.0,1,0.17,0.2,SPY210811P00437000,437.0,0,0.0,0.0,,0.0,normalDay
2021-08-10,16343.0,6.0,0.0,0,442.68,0.0,1,0.17,0.11,SPY210811P00437000,437.0,0,0.0,0.0,,0.0,normalDay
2021-08-11,16360.0,0.0,17.0,0,443.78,0.0,1,0.17,0.0,SPY210811P00437000,437.0,0,0.0,0.0,,0.0,expirationDay
2021-08-12,16360.0,-3.0,0.0,0,445.11,0.0,1,0.06,0.09,SPY210813P00439000,439.0,0,0.0,0.0,,0.0,normalDay
2021-08-13,16366.0,0.0,6.0,0,445.92,0.0,1,0.06,0.0,SPY210813P00439000,439.0,0,0.0,0.0,,0.0,expirationDay
2021-08-16,16366.0,-3.0,0.0,0,446.97,0.0,1,0.15,0.18,SPY210818P00440000,440.0,0,0.0,0.0,,0.0,normalDay
2021-08-17,16366.0,-20.0,0.0,0,444.04,0.0,1,0.15,0.35,SPY210818P00440000,440.0,0,0.0,0.0,,0.0,normalDay
2021-08-18,16381.0,-82.0,15.0,100,439.18,440.0,1,0.15,0.0,SPY210818P00440000,440.0,0,0.0,0.0,,0.0,expirationDay
2021-08-19,16381.0,-18.0,0.0,100,439.86,440.0,0,0.0,0.0,,0.0,1,1.45,1.49,SPY210830C00446000,446.0,normalDay
2021-08-20,16381.0,318.0,0.0,100,443.36,440.0,0,0.0,0.0,,0.0,1,1.45,1.63,SPY210830C00446000,446.0,normalDay
2021-08-23,16381.0,551.0,0.0,100,447.26,440.0,0,0.0,0.0,,0.0,1,1.45,3.2,SPY210830C00446000,446.0,normalDay
2021-08-24,16381.0,609.0,0.0,100,447.97,440.0,0,0.0,0.0,,0.0,1,1.45,3.33,SPY210830C00446000,446.0,normalDay
2021-08-25,16381.0,660.0,0.0,100,448.91,440.0,0,0.0,0.0,,0.0,1,1.45,3.76,SPY210830C00446000,446.0,normalDay
2021-08-26,16381.0,535.0,0.0,100,446.26,440.0,0,0.0,0.0,,0.0,1,1.45,2.36,SPY210830C00446000,446.0,normalDay
2021-08-27,16381.0,721.0,0.0,100,450.25,440.0,0,0.0,0.0,,0.0,1,1.45,4.49,SPY210830C00446000,446.0,normalDay
2021-08-30,17126.0,721.0,745.0,0,452.23,0.0,0,0.0,0.0,,0.0,1,1.45,0.0,SPY210830C00446000,446.0,expirationDay
2021-08-31,17126.0,-3.0,0.0,0,451.56,0.0,1,0.32,0.35,SPY210903P00445000,445.0,0,0.0,0.0,,0.0,normalDay
2021-09-01,17126.0,16.0,0.0,0,451.8,0.0,1,0.32,0.16,SPY210903P00445000,445.0,0,0.0,0.0,,0.0,normalDay
2021-09-02,17126.0,23.0,0.0,0,453.19,0.0,1,0.32,0.09,SPY210903P00445000,445.0,0,0.0,0.0,,0.0,normalDay
2021-09-03,17158.0,0.0,32.0,0,453.08,0.0,1,0.32,0.0,SPY210903P00445000,445.0,0,0.0,0.0,,0.0,expirationDay
2021-09-07,17158.0,-3.0,0.0,0,451.46,0.0,1,0.64,0.67,SPY210910P00447000,447.0,0,0.0,0.0,,0.0,normalDay
2021-09-08,17158.0,15.0,0.0,0,450.91,0.0,1,0.64,0.49,SPY210910P00447000,447.0,0,0.0,0.0,,0.0,normalDay
2021-09-09,17158.0,0.0,0.0,0,448.98,0.0,1,0.64,0.64,SPY210910P00447000,447.0,0,0.0,0.0,,0.0,normalDay
2021-09-10,17222.0,-156.0,64.0,100,445.44,447.0,1,0.64,0.0,SPY210910P00447000,447.0,0,0.0,0.0,,0.0,expirationDay
2021-09-13,17222.0,-45.0,0.0,100,446.58,447.0,0,0.0,0.0,,0.0,1,0.33,0.36,SPY210924C00456000,456.0,normalDay
2021-09-14,17222.0,-266.0,0.0,100,444.17,447.0,0,0.0,0.0,,0.0,1,0.33,0.16,SPY210924C00456000,456.0,normalDay
2021-09-15,17222.0,99.0,0.0,100,447.88,447.0,0,0.0,0.0,,0.0,1,0.33,0.22,SPY210924C00456000,456.0,normalDay
2021-09-16,17222.0,34.0,0.0,100,447.17,447.0,0,0.0,0.0,,0.0,1,0.33,0.16,SPY210924C00456000,456.0,normalDay
2021-09-17,17222.0,-533.0,0.0,100,441.4,447.0,0,0.0,0.0,,0.0,1,0.33,0.06,SPY210924C00456000,456.0,normalDay
2021-09-20,17222.0,-1267.0,0.0,100,434.04,447.0,0,0.0,0.0,,0.0,1,0.33,0.04,SPY210924C00456000,456.0,normalDay
2021-09-21,17222.0,-1306.0,0.0,100,433.63,447.0,0,0.0,0.0,,0.0,1,0.33,0.02,SPY210924C00456000,456.0,normalDay
2021-09-22,17222.0,-883.0,0.0,100,437.86,447.0,0,0.0,0.0,,0.0,1,0.33,0.02,SPY210924C00456000,456.0,normalDay
2021-09-23,17222.0,-350.0,0.0,100,443.18,447.0,0,0.0,0.0,,0.0,1,0.33,0.01,SPY210924C00456000,456.0,normalDay
2021-09-24,17255.0,-309.0,33.0,100,443.91,447.0,0,0.0,0.0,,0.0,1,0.33,0.0,SPY210924C00456000,456.0,expirationDay
2021-09-27,17255.0,-439.0,0.0,100,442.64,447.0,0,0.0,0.0,,0.0,1,0.1,0.13,SPY211008C00457500,457.5,normalDay
2021-09-28,17255.0,-1325.0,0.0,100,433.72,447.0,0,0.0,0.0,,0.0,1,0.1,0.07,SPY211008C00457500,457.5,normalDay
2021-09-29,17255.0,-1250.0,0.0,100,434.45,447.0,0,0.0,0.0,,0.0,1,0.1,0.05,SPY211008C00457500,457.5,normalDay
2021-09-30,17255.0,-1780.0,0.0,100,429.14,447.0,0,0.0,0.0,,0.0,1,0.1,0.04,SPY211008C00457500,457.5,normalDay
2021-10-01,17255.0,-1270.0,0.0,100,434.24,447.0,0,0.0,0.0,,0.0,1,0.1,0.04,SPY211008C00457500,457.5,normalDay
2021-10-04,17255.0,-1828.0,0.0,100,428.64,447.0,0,0.0,0.0,,0.0,1,0.1,0.02,SPY211008C00457500,457.5,normalDay
2021-10-05,17255.0,-1382.0,0.0,100,433.1,447.0,0,0.0,0.0,,0.0,1,0.1,0.02,SPY211008C00457500,457.5,normalDay
2021-10-06,17255.0,-1201.0,0.0,100,434.9,447.0,0,0.0,0.0,,0.0,1,0.1,0.01,SPY211008C00457500,457.5,normalDay
2021-10-07,17255.0,-825.0,0.0,100,438.66,447.0,0,0.0,0.0,,0.0,1,0.1,0.01,SPY211008C00457500,457.5,normalDay
2021-10-08,17265.0,-914.0,10.0,100,437.86,447.0,0,0.0,0.0,,0.0,1,0.1,0.0,SPY211008C00457500,457.5,expirationDay
2021-10-11,17265.0,-1234.0,0.0,100,434.69,447.0,0,0.0,0.0,,0.0,1,0.28,0.31,SPY211022C00448000,448.0,normalDay
2021-10-12,17265.0,-1326.0,0.0,100,433.62,447.0,0,0.0,0.0,,0.0,1,0.28,0.16,SPY211022C00448000,448.0,normalDay
2021-10-13,17265.0,-1171.0,0.0,100,435.18,447.0,0,0.0,0.0,,0.0,1,0.28,0.17,SPY211022C00448000,448.0,normalDay
2021-10-14,17265.0,-503.0,0.0,100,442.5,447.0,0,0.0,0.0,,0.0,1,0.28,0.81,SPY211022C00448000,448.0,normalDay
2021-10-15,17265.0,-231.0,0.0,100,445.87,447.0,0,0.0,0.0,,0.0,1,0.28,1.46,SPY211022C00448000,448.0,normalDay
2021-10-18,17265.0,-126.0,0.0,100,447.19,447.0,0,0.0,0.0,,0.0,1,0.28,1.73,SPY211022C00448000,448.0,normalDay
2021-10-19,17265.0,11.0,0.0,100,450.64,447.0,0,0.0,0.0,,0.0,1,0.28,3.81,SPY211022C00448000,448.0,normalDay
2021-10-20,17265.0,122.0,0.0,100,452.41,447.0,0,0.0,0.0,,0.0,1,0.28,4.47,SPY211022C00448000,448.0,normalDay
2021-10-21,17265.0,122.0,0.0,100,453.59,447.0,0,0.0,0.0,,0.0,1,0.28,5.65,SPY211022C00448000,448.0,normalDay
2021-10-22,17393.0,122.0,128.0,0,453.12,0.0,0,0.0,0.0,,0.0,1,0.28,0.0,SPY211022C00448000,448.0,expirationDay
2021-10-25,17393.0,-3.0,0.0,0,455.55,0.0,1,0.01,0.04,SPY211027P00440000,440.0,0,0.0,0.0,,0.0,normalDay
2021-10-26,17393.0,-2.0,0.0,0,455.96,0.0,1,0.01,0.03,SPY211027P00440000,440.0,0,0.0,0.0,,0.0,normalDay
2021-10-27,17394.0,0.0,1.0,0,453.94,0.0,1,0.01,0.0,SPY211027P00440000,440.0,0,0.0,0.0,,0.0,expirationDay
2021-10-28,17394.0,0.0,0.0,0,458.32,0.0,0,0.0,0.0,,0.0,0,0.0,0.0,,0.0,bidTooLow
2021-10-29,17394.0,-3.0,0.0,0,459.25,0.0,1,0.01,0.04,SPY211101P00445000,445.0,0,0.0,0.0,,0.0,normalDay
2021-11-01,17395.0,0.0,1.0,0,460.04,0.0,1,0.01,0.0,SPY211101P00445000,445.0,0,0.0,0.0,,0.0,expirationDay
2021-11-02,17395.0,-3.0,0.0,0,461.9,0.0,1,0.15,0.18,SPY211105P00448000,448.0,0,0.0,0.0,,0.0,normalDay
2021-11-03,17395.0,10.0,0.0,0,464.72,0.0,1,0.15,0.05,SPY211105P00448000,448.0,0,0.0,0.0,,0.0,normalDay
2021-11-04,17395.0,12.0,0.0,0,466.91,0.0,1,0.15,0.03,SPY211105P00448000,448.0,0,0.0,0.0,,0.0,normalDay
2021-11-05,17410.0,0.0,15.0,0,468.53,0.0,1,0.15,0.0,SPY211105P00448000,448.0,0,0.0,0.0,,0.0,expirationDay
2021-11-08,17410.0,-3.0,0.0,0,468.93,0.0,1,0.03,0.06,SPY211110P00454000,454.0,0,0.0,0.0,,0.0,normalDay
2021-11-09,17410.0,-1.0,0.0,0,467.38,0.0,1,0.03,0.04,SPY211110P00454000,454.0,0,0.0,0.0,,0.0,normalDay
2021-11-10,17413.0,0.0,3.0,0,463.62,0.0,1,0.03,0.0,SPY211110P00454000,454.0,0,0.0,0.0,,0.0,expirationDay
2021-11-11,17413.0,-3.0,0.0,0,463.77,0.0,1,0.13,0.16,SPY211112P00459000,459.0,0,0.0,0.0,,0.0,normalDay
2021-11-12,17426.0,0.0,13.0,0,467.27,0.0,1,0.13,0.0,SPY211112P00459000,459.0,0,0.0,0.0,,0.0,expirationDay
2021-11-15,17426.0,-3.0,0.0,0,467.43,0.0,1,0.14,0.17,SPY211117P00461000,461.0,0,0.0,0.0,,0.0,normalDay
2021-11-16,17426.0,8.0,0.0,0,469.28,0.0,1,0.14,0.06,SPY211117P00461000,461.0,0,0.0,0.0,,0.0,normalDay
2021-11-17,17440.0,0.0,14.0,0,468.14,0.0,1,0.14,0.0,SPY211117P00461000,461.0,0,0.0,0.0,,0.0,expirationDay
2021-11-18,17440.0,-3.0,0.0,0,469.73,0.0,1,0.07,0.1,SPY211119P00463000,463.0,0,0.0,0.0,,0.0,normalDay
2021-11-19,17447.0,0.0,7.0,0,468.89,0.0,1,0.07,0.0,SPY211119P00463000,463.0,0,0.0,0.0,,0.0,expirationDay
2021-11-22,17447.0,-4.0,0.0,0,467.57,0.0,1,1.15,1.19,SPY211124P00465000,465.0,0,0.0,0.0,,0.0,normalDay
2021-11-23,17447.0,59.0,0.0,0,468.19,0.0,1,1.15,0.56,SPY211124P00465000,465.0,0,0.0,0.0,,0.0,normalDay
2021-11-24,17562.0,0.0,115.0,0,469.44,0.0,1,1.15,0.0,SPY211124P00465000,465.0,0,0.0,0.0,,0.0,expirationDay
2021-11-26,17562.0,-211.0,0.0,0,458.97,0.0,1,7.72,9.83,SPY211129P00466000,466.0,0,0.0,0.0,,0.0,normalDay
2021-11-29,18334.0,-140.0,772.0,100,464.6,466.0,1,7.72,0.0,SPY211129P00466000,466.0,0,0.0,0.0,,0.0,expirationDay
2021-11-30,18334.0,-1047.0,0.0,100,455.56,466.0,0,0.0,0.0,,0.0,1,0.55,0.58,SPY211210C00473000,473.0,normalDay
2021-12-01,18334.0,-1526.0,0.0,100,450.5,466.0,0,0.0,0.0,,0.0,1,0.55,0.31,SPY211210C00473000,473.0,normalDay
2021-12-02,18334.0,-849.0,0.0,100,457.4,466.0,0,0.0,0.0,,0.0,1,0.55,0.44,SPY211210C00473000,473.0,normalDay
2021-12-03,18334.0,-1218.0,0.0,100,453.42,466.0,0,0.0,0.0,,0.0,1,0.55,0.15,SPY211210C00473000,473.0,normalDay
2021-12-06,18334.0,-676.0,0.0,100,458.79,466.0,0,0.0,0.0,,0.0,1,0.55,0.1,SPY211210C00473000,473.0,normalDay
2021-12-07,18334.0,203.0,0.0,100,468.28,466.0,0,0.0,0.0,,0.0,1,0.55,0.8,SPY211210C00473000,473.0,normalDay
2021-12-08,18334.0,354.0,0.0,100,469.52,466.0,0,0.0,0.0,,0.0,1,0.55,0.53,SPY211210C00473000,473.0,normalDay
2021-12-09,18334.0,84.0,0.0,100,466.35,466.0,0,0.0,0.0,,0.0,1,0.55,0.06,SPY211210C00473000,473.0,normalDay
2021-12-10,18389.0,474.0,55.0,100,470.74,466.0,0,0.0,0.0,,0.0,1,0.55,0.0,SPY211210C00473000,473.0,expirationDay
2021-12-13,18389.0,53.0,0.0,100,466.57,466.0,0,0.0,0.0,,0.0,1,0.56,0.6,SPY211223C00476000,476.0,normalDay
2021-12-14,18389.0,-241.0,0.0,100,463.36,466.0,0,0.0,0.0,,0.0,1,0.56,0.33,SPY211223C00476000,476.0,normalDay
2021-12-15,18389.0,421.0,0.0,100,470.6,466.0,0,0.0,0.0,,0.0,1,0.56,0.95,SPY211223C00476000,476.0,normalDay
2021-12-16,18389.0,61.0,0.0,100,466.45,466.0,0,0.0,0.0,,0.0,1,0.56,0.4,SPY211223C00476000,476.0,normalDay
2021-12-17,18389.0,-569.0,0.0,100,459.87,466.0,0,0.0,0.0,,0.0,1,0.56,0.12,SPY211223C00476000,476.0,normalDay
2021-12-20,18389.0,-1049.0,0.0,100,454.98,466.0,0,0.0,0.0,,0.0,1,0.56,0.03,SPY211223C00476000,476.0,normalDay
2021-12-21,18389.0,-241.0,0.0,100,463.06,466.0,0,0.0,0.0,,0.0,1,0.56,0.03,SPY211223C00476000,476.0,normalDay
2021-12-22,18389.0,223.0,0.0,100,467.69,466.0,0,0.0,0.0,,0.0,1,0.56,0.02,SPY211223C00476000,476.0,normalDay
2021-12-23,18445.0,460.0,56.0,100,470.6,466.0,0,0.0,0.0,,0.0,1,0.56,0.0,SPY211223C00476000,476.0,expirationDay
2021-12-27,18445.0,1121.0,0.0,100,477.26,466.0,0,0.0,0.0,,0.0,1,4.07,4.12,SPY220107C00477000,477.0,normalDay
2021-12-28,18445.0,1098.0,0.0,100,476.87,466.0,0,0.0,0.0,,0.0,1,4.07,3.96,SPY220107C00477000,477.0,normalDay
2021-12-29,18445.0,1189.0,0.0,100,477.48,466.0,0,0.0,0.0,,0.0,1,4.07,3.66,SPY220107C00477000,477.0,normalDay
2021-12-30,18445.0,1159.0,0.0,100,476.16,466.0,0,0.0,0.0,,0.0,1,4.07,2.64,SPY220107C00477000,477.0,normalDay
2021-12-31,18445.0,1104.0,0.0,100,474.96,466.0,0,0.0,0.0,,0.0,1,4.07,1.99,SPY220107C00477000,477.0,normalDay
2022-01-03,18445.0,1308.0,0.0,100,477.71,466.0,0,0.0,0.0,,0.0,1,4.07,2.7,SPY220107C00477000,477.0,normalDay
2022-01-04,18445.0,1330.0,0.0,100,477.55,466.0,0,0.0,0.0,,0.0,1,4.07,2.32,SPY220107C00477000,477.0,normalDay
2022-01-05,18445.0,625.0,0.0,100,468.38,466.0,0,0.0,0.0,,0.0,1,4.07,0.2,SPY220107C00477000,477.0,normalDay
2022-01-06,18445.0,597.0,0.0,100,467.94,466.0,0,0.0,0.0,,0.0,1,4.07,0.04,SPY220107C00477000,477.0,normalDay
2022-01-07,18852.0,9.0,407.0,100,466.09,466.0,0,0.0,0.0,,0.0,1,4.07,0.0,SPY220107C00477000,477.0,expirationDay
2022-01-10,18852.0,-52.0,0.0,100,465.51,466.0,0,0.0,0.0,,0.0,1,0.13,0.16,SPY220121C00482000,482.0,normalDay
2022-01-11,18852.0,351.0,0.0,100,469.75,466.0,0,0.0,0.0,,0.0,1,0.13,0.37,SPY220121C00482000,482.0,normalDay
2022-01-12,18852.0,473.0,0.0,100,471.02,466.0,0,0.0,0.0,,0.0,1,0.13,0.42,SPY220121C00482000,482.0,normalDay
2022-01-13,18852.0,-146.0,0.0,100,464.53,466.0,0,0.0,0.0,,0.0,1,0.13,0.12,SPY220121C00482000,482.0,normalDay
2022-01-14,18852.0,-121.0,0.0,100,464.72,466.0,0,0.0,0.0,,0.0,1,0.13,0.06,SPY220121C00482000,482.0,normalDay
2022-01-18,18852.0,-941.0,0.0,100,456.49,466.0,0,0.0,0.0,,0.0,1,0.13,0.03,SPY220121C00482000,482.0,normalDay
2022-01-19,18852.0,-1413.0,0.0,100,451.75,466.0,0,0.0,0.0,,0.0,1,0.13,0.01,SPY220121C00482000,482.0,normalDay
2022-01-20,18852.0,-1913.0,0.0,100,446.75,466.0,0,0.0,0.0,,0.0,1,0.13,0.01,SPY220121C00482000,482.0,normalDay
2022-01-21,18865.0,-2802.0,13.0,100,437.98,466.0,0,0.0,0.0,,0.0,1,0.13,0.0,SPY220121C00482000,482.0,expirationDay
2022-01-24,18865.0,-2616.0,0.0,100,439.84,466.0,0,0.0,0.0,,0.0,0,0.0,0.0,,0.0,bidTooLow
2022-01-25,18865.0,-3153.0,0.0,100,434.47,466.0,0,0.0,0.0,,0.0,0,0.0,0.0,,0.0,bidTooLow
2022-01-26,18865.0,-3262.0,0.0,100,433.38,466.0,0,0.0,0.0,,0.0,0,0.0,0.0,,0.0,bidTooLow
2022-01-27,18865.0,-3476.0,0.0,100,431.24,466.0,0,0.0,0.0,,0.0,0,0.0,0.0,,0.0,bidTooLow
2022-01-28,18865.0,-2405.0,0.0,100,441.95,466.0,0,0.0,0.0,,0.0,0,0.0,0.0,,0.0,bidTooLow
2022-01-31,18865.0,-1612.0,0.0,100,449.91,466.0,0,0.0,0.0,,0.0,1,0.02,0.05,SPY220211C00485000,485.0,normalDay
2022-02-01,18865.0,-1306.0,0.0,100,452.95,466.0,0,0.0,0.0,,0.0,1,0.02,0.03,SPY220211C00485000,485.0,normalDay
2022-02-02,18865.0,-866.0,0.0,100,457.35,466.0,0,0.0,0.0,,0.0,1,0.02,0.03,SPY220211C00485000,485.0,normalDay
2022-02-03,18865.0,-1940.0,0.0,100,446.6,466.0,0,0.0,0.0,,0.0,1,0.02,0.02,SPY220211C00485000,485.0,normalDay
2022-02-04,18865.0,-1729.0,0.0,100,448.7,466.0,0,0.0,0.0,,0.0,1,0.02,0.01,SPY220211C00485000,485.0,normalDay
2022-02-07,18865.0,-1873.0,0.0,100,447.26,466.0,0,0.0,0.0,,0.0,1,0.02,0.01,SPY220211C00485000,485.0,normalDay
2022-02-08,18865.0,-1505.0,0.0,100,450.94,466.0,0,0.0,0.0,,0.0,1,0.02,0.01,SPY220211C00485000,485.0,normalDay
2022-02-09,18865.0,-845.0,0.0,100,457.54,466.0,0,0.0,0.0,,0.0,1,0.02,0.01,SPY220211C00485000,485.0,normalDay
2022-02-10,18865.0,-1667.0,0.0,100,449.32,466.0,0,0.0,0.0,,0.0,1,0.02,0.01,SPY220211C00485000,485.0,normalDay
2022-02-11,18867.0,-2554.0,2.0,100,440.46,466.0,0,0.0,0.0,,0.0,1,0.02,0.0,SPY220211C00485000,485.0,expirationDay
2022-02-14,18867.0,-2702.0,0.0,100,439.02,466.0,0,0.0,0.0,,0.0,1,0.37,0.41,SPY220225C00461000,461.0,normalDay
2022-02-15,18867.0,-2015.0,0.0,100,446.1,466.0,0,0.0,0.0,,0.0,1,0.37,0.62,SPY220225C00461000,461.0,normalDay
2022-02-16,18867.0,-1942.0,0.0,100,446.6,466.0,0,0.0,0.0,,0.0,1,0.37,0.39,SPY220225C00461000,461.0,normalDay
2022-02-17,18867.0,-2869.0,0.0,100,437.06,466.0,0,0.0,0.0,,0.0,1,0.37,0.12,SPY220225C00461000,461.0,normalDay
2022-02-18,18867.0,-3143.0,0.0,100,434.23,466.0,0,0.0,0.0,,0.0,1,0.37,0.03,SPY220225C00461000,461.0,normalDay
2022-02-22,18867.0,-3608.0,0.0,100,429.57,466.0,0,0.0,0.0,,0.0,1,0.37,0.02,SPY220225C00461000,461.0,normalDay
2022-02-23,18867.0,-4370.0,0.0,100,421.95,466.0,0,0.0,0.0,,0.0,1,0.37,0.02,SPY220225C00461000,461.0,normalDay
2022-02-24,18867.0,-3734.0,0.0,100,428.3,466.0,0,0.0,0.0,,0.0,1,0.37,0.01,SPY220225C00461000,461.0,normalDay
2022-02-25,18904.0,-2825.0,37.0,100,437.75,466.0,0,0.0,0.0,,0.0,1,0.37,0.0,SPY220225C00461000,461.0,expirationDay
2022-02-28,18904.0,-2941.0,0.0,100,436.63,466.0,0,0.0,0.0,,0.0,1,0.28,0.32,SPY220311C00461000,461.0,normalDay
2022-03-01,18904.0,-3591.0,0.0,100,429.98,466.0,0,0.0,0.0,,0.0,1,0.28,0.17,SPY220311C00461000,461.0,normalDay
2022-03-02,18904.0,-2803.0,0.0,100,437.89,466.0,0,0.0,0.0,,0.0,1,0.28,0.2,SPY220311C00461000,461.0,normalDay
2022-03-03,18904.0,-3011.0,0.0,100,435.71,466.0,0,0.0,0.0,,0.0,1,0.28,0.1,SPY220311C00461000,461.0,normalDay
2022-03-04,18904.0,-3358.0,0.0,100,432.17,466.0,0,0.0,0.0,,0.0,1,0.28,0.03,SPY220311C00461000,461.0,normalDay
2022-03-07,18904.0,-4631.0,0.0,100,419.43,466.0,0,0.0,0.0,,0.0,1,0.28,0.02,SPY220311C00461000,461.0,normalDay
2022-03-08,18904.0,-4948.0,0.0,100,416.25,466.0,0,0.0,0.0,,0.0,1,0.28,0.01,SPY220311C00461000,461.0,normalDay
2022-03-09,18904.0,-3832.0,0.0,100,427.41,466.0,0,0.0,0.0,,0.0,1,0.28,0.01,SPY220311C00461000,461.0,normalDay
2022-03-10,18904.0,-4025.0,0.0,100,425.48,466.0,0,0.0,0.0,,0.0,1,0.28,0.01,SPY220311C00461000,461.0,normalDay
2022-03-11,18932.0,-4593.0,28.0,100,420.07,466.0,0,0.0,0.0,,0.0,1,0.28,0.0,SPY220311C00461000,461.0,expirationDay
2022-03-14,18932.0,-4903.0,0.0,100,417.0,466.0,0,0.0,0.0,,0.0,1,0.28,0.31,SPY220325C00448000,448.0,normalDay
2022-03-15,18932.0,-4012.0,0.0,100,426.17,466.0,0,0.0,0.0,,0.0,1,0.28,0.57,SPY220325C00448000,448.0,normalDay
2022-03-16,18932.0,-3122.0,0.0,100,435.62,466.0,0,0.0,0.0,,0.0,1,0.28,1.12,SPY220325C00448000,448.0,normalDay
2022-03-17,18932.0,-2636.0,0.0,100,441.07,466.0,0,0.0,0.0,,0.0,1,0.28,1.71,SPY220325C00448000,448.0,normalDay
2022-03-18,18932.0,-2436.0,0.0,100,444.52,466.0,0,0.0,0.0,,0.0,1,0.28,3.16,SPY220325C00448000,448.0,normalDay
2022-03-21,18932.0,-2362.0,0.0,100,444.39,466.0,0,0.0,0.0,,0.0,1,0.28,2.29,SPY220325C00448000,448.0,normalDay
2022-03-22,18932.0,-2035.0,0.0,100,449.59,466.0,0,0.0,0.0,,0.0,1,0.28,4.22,SPY220325C00448000,448.0,normalDay
2022-03-23,18932.0,-2297.0,0.0,100,443.8,466.0,0,0.0,0.0,,0.0,1,0.28,1.05,SPY220325C00448000,448.0,normalDay
2022-03-24,18932.0,-1853.0,0.0,100,450.49,466.0,0,0.0,0.0,,0.0,1,0.28,3.3,SPY220325C00448000,448.0,normalDay
2022-03-25,17160.0,-1853.0,-1772.0,0,452.69,0.0,0,0.0,0.0,,0.0,1,0.28,0.0,SPY220325C00448000,448.0,expirationDay
2022-03-28,17160.0,-3.0,0.0,0,455.91,0.0,1,0.06,0.09,SPY220331P00435000,435.0,0,0.0,0.0,,0.0,normalDay
2022-03-29,17160.0,2.0,0.0,0,461.55,0.0,1,0.06,0.04,SPY220331P00435000,435.0,0,0.0,0.0,,0.0,normalDay
2022-03-30,17160.0,3.0,0.0,0,458.7,0.0,1,0.06,0.03,SPY220331P00435000,435.0,0,0.0,0.0,,0.0,normalDay
2022-03-31,17166.0,0.0,6.0,0,451.64,0.0,1,0.06,0.0,SPY220331P00435000,435.0,0,0.0,0.0,,0.0,expirationDay
2022-04-01,17166.0,-3.0,0.0,0,452.92,0.0,1,0.03,0.06,SPY220404P00440000,440.0,0,0.0,0.0,,0.0,normalDay
2022-04-04,17169.0,0.0,3.0,0,456.8,0.0,1,0.03,0.0,SPY220404P00440000,440.0,0,0.0,0.0,,0.0,expirationDay
2022-04-05,17169.0,-3.0,0.0,0,451.03,0.0,1,0.56,0.59,SPY220408P00443000,443.0,0,0.0,0.0,,0.0,normalDay
2022-04-06,17169.0,-72.0,0.0,0,446.52,0.0,1,0.56,1.28,SPY220408P00443000,443.0,0,0.0,0.0,,0.0,normalDay
2022-04-07,17169.0,30.0,0.0,0,448.77,0.0,1,0.56,0.26,SPY220408P00443000,443.0,0,0.0,0.0,,0.0,normalDay
2022-04-08,17225.0,0.0,56.0,0,447.57,0.0,1,0.56,0.0,SPY220408P00443000,443.0,0,0.0,0.0,,0.0,expirationDay
2022-04-11,17225.0,-27.0,0.0,0,439.92,0.0,1,8.75,9.02,SPY220414P00448000,448.0,0,0.0,0.0,,0.0,normalDay
2022-04-12,17225.0,-127.0,0.0,0,438.29,0.0,1,8.75,10.02,SPY220414P00448000,448.0,0,0.0,0.0,,0.0,normalDay
2022-04-13,17225.0,343.0,0.0,0,443.31,0.0,1,8.75,5.32,SPY220414P00448000,448.0,0,0.0,0.0,,0.0,normalDay
2022-04-14,18100.0,-1021.0,875.0,100,437.79,448.0,1,8.75,0.0,SPY220414P00448000,448.0,0,0.0,0.0,,0.0,expirationDay
2022-04-18,18100.0,-1006.0,0.0,100,437.97,448.0,0,0.0,0.0,,0.0,1,0.07,0.1,SPY220429C00462000,462.0,normalDay
2022-04-19,18100.0,-308.0,0.0,100,445.04,448.0,0,0.0,0.0,,0.0,1,0.07,0.19,SPY220429C00462000,462.0,normalDay
2022-04-20,18100.0,-342.0,0.0,100,444.71,448.0,0,0.0,0.0,,0.0,1,0.07,0.2,SPY220429C00462000,462.0,normalDay
2022-04-21,18100.0,-992.0,0.0,100,438.06,448.0,0,0.0,0.0,,0.0,1,0.07,0.05,SPY220429C00462000,462.0,normalDay
2022-04-22,18100.0,-2191.0,0.0,100,426.04,448.0,0,0.0,0.0,,0.0,1,0.07,0.02,SPY220429C00462000,462.0,normalDay
2022-04-25,18100.0,-1944.0,0.0,100,428.51,448.0,0,0.0,0.0,,0.0,1,0.07,0.02,SPY220429C00462000,462.0,normalDay
2022-04-26,18100.0,-3185.0,0.0,100,416.1,448.0,0,0.0,0.0,,0.0,1,0.07,0.02,SPY220429C00462000,462.0,normalDay
2022-04-27,18100.0,-3067.0,0.0,100,417.27,448.0,0,0.0,0.0,,0.0,1,0.07,0.01,SPY220429C00462000,462.0,normalDay
2022-04-28,18100.0,-2013.0,0.0,100,427.81,448.0,0,0.0,0.0,,0.0,1,0.07,0.01,SPY220429C00462000,462.0,normalDay
2022-04-29,18107.0,-3600.0,7.0,100,412.0,448.0,0,0.0,0.0,,0.0,1,0.07,0.0,SPY220429C00462000,462.0,expirationDay
2022-05-02,18107.0,-3355.0,0.0,100,414.48,448.0,0,0.0,0.0,,0.0,1,0.02,0.05,SPY220513C00461000,461.0,normalDay
2022-05-03,18107.0,-3163.0,0.0,100,416.38,448.0,0,0.0,0.0,,0.0,1,0.02,0.03,SPY220513C00461000,461.0,normalDay
2022-05-04,18107.0,-1897.0,0.0,100,429.06,448.0,0,0.0,0.0,,0.0,1,0.02,0.05,SPY220513C00461000,461.0,normalDay
2022-05-05,18107.0,-3419.0,0.0,100,413.81,448.0,0,0.0,0.0,,0.0,1,0.02,0.02,SPY220513C00461000,461.0,normalDay
2022-05-06,18107.0,-3665.0,0.0,100,411.34,448.0,0,0.0,0.0,,0.0,1,0.02,0.01,SPY220513C00461000,461.0,normalDay
2022-05-09,18107.0,-4983.0,0.0,100,398.17,448.0,0,0.0,0.0,,0.0,1,0.02,0.02,SPY220513C00461000,461.0,normalDay
2022-05-10,18107.0,-4890.0,0.0,100,399.09,448.0,0,0.0,0.0,,0.0,1,0.02,0.01,SPY220513C00461000,461.0,normalDay
2022-05-11,18107.0,-5524.0,0.0,100,392.75,448.0,0,0.0,0.0,,0.0,1,0.02,0.01,SPY220513C00461000,461.0,normalDay
2022-05-12,18107.0,-5565.0,0.0,100,392.34,448.0,0,0.0,0.0,,0.0,1,0.02,0.01,SPY220513C00461000,461.0,normalDay
2022-05-13,18109.0,-4628.0,2.0,100,401.72,448.0,0,0.0,0.0,,0.0,1,0.02,0.0,SPY220513C00461000,461.0,expirationDay
2022-05-16,18109.0,-4791.0,0.0,100,400.09,448.0,0,0.0,0.0,,0.0,0,0.0,0.0,,0.0,bidTooLow
2022-05-17,18109.0,-3971.0,0.0,100,408.32,448.0,0,0.0,0.0,,0.0,1,0.02,0.05,SPY220527C00442000,442.0,normalDay
2022-05-18,18109.0,-5615.0,0.0,100,391.86,448.0,0,0.0,0.0,,0.0,1,0.02,0.03,SPY220527C00442000,442.0,normalDay
2022-05-19,18109.0,-5854.0,0.0,100,389.46,448.0,0,0.0,0.0,,0.0,1,0.02,0.02,SPY220527C00442000,442.0,normalDay
2022-05-20,18109.0,-5837.0,0.0,100,389.63,448.0,0,0.0,0.0,,0.0,1,0.02,0.02,SPY220527C00442000,442.0,normalDay
2022-05-23,18109.0,-5108.0,0.0,100,396.92,448.0,0,0.0,0.0,,0.0,1,0.02,0.02,SPY220527C00442000,442.0,normalDay
2022-05-24,18109.0,-5410.0,0.0,100,393.89,448.0,0,0.0,0.0,,0.0,1,0.02,0.01,SPY220527C00442000,442.0,normalDay
2022-05-25,18109.0,-5062.0,0.0,100,397.37,448.0,0,0.0,0.0,,0.0,1,0.02,0.01,SPY220527C00442000,442.0,normalDay
2022-05-26,18109.0,-4268.0,0.0,100,405.31,448.0,0,0.0,0.0,,0.0,1,0.02,0.01,SPY220527C00442000,442.0,normalDay
2022-05-27,18111.0,-3274.0,2.0,100,415.26,448.0,0,0.0,0.0,,0.0,1,0.02,0.0,SPY220527C00442000,442.0,expirationDay
2022-05-31,18111.0,-3511.0,0.0,100,412.93,448.0,0,0.0,0.0,,0.0,1,2.41,2.45,SPY220610C00423000,423.0,normalDay
2022-06-01,18111.0,-3731.0,0.0,100,409.59,448.0,0,0.0,0.0,,0.0,1,2.41,1.31,SPY220610C00423000,423.0,normalDay
2022-06-02,18111.0,-3111.0,0.0,100,417.39,448.0,0,0.0,0.0,,0.0,1,2.41,2.91,SPY220610C00423000,423.0,normalDay
2022-06-03,18111.0,-3590.0,0.0,100,410.54,448.0,0,0.0,0.0,,0.0,1,2.41,0.85,SPY220610C00423000,423.0,normalDay
2022-06-06,18111.0,-3448.0,0.0,100,411.79,448.0,0,0.0,0.0,,0.0,1,2.41,0.68,SPY220610C00423000,423.0,normalDay
2022-06-07,18111.0,-3078.0,0.0,100,415.74,448.0,0,0.0,0.0,,0.0,1,2.41,0.93,SPY220610C00423000,423.0,normalDay
2022-06-08,18111.0,-3457.0,0.0,100,411.22,448.0,0,0.0,0.0,,0.0,1,2.41,0.2,SPY220610C00423000,423.0,normalDay
2022-06-09,18111.0,-4418.0,0.0,100,401.44,448.0,0,0.0,0.0,,0.0,1,2.41,0.03,SPY220610C00423000,423.0,normalDay
2022-06-10,18352.0,-5820.0,241.0,100,389.8,448.0,0,0.0,0.0,,0.0,1,2.41,0.0,SPY220610C00423000,423.0,expirationDay
2022-06-13,18352.0,-7303.0,0.0,100,375.0,448.0,0,0.0,0.0,,0.0,1,0.06,0.09,SPY220624C00424000,424.0,normalDay
2022-06-14,18352.0,-7415.0,0.0,100,373.87,448.0,0,0.0,0.0,,0.0,1,0.06,0.08,SPY220624C00424000,424.0,normalDay
2022-06-15,18352.0,-6880.0,0.0,100,379.2,448.0,0,0.0,0.0,,0.0,1,0.06,0.06,SPY220624C00424000,424.0,normalDay
2022-06-16,18352.0,-8132.0,0.0,100,366.65,448.0,0,0.0,0.0,,0.0,1,0.06,0.03,SPY220624C00424000,424.0,normalDay
2022-06-17,18352.0,-8210.0,0.0,100,365.86,448.0,0,0.0,0.0,,0.0,1,0.06,0.02,SPY220624C00424000,424.0,normalDay
2022-06-21,18352.0,-7288.0,0.0,100,375.07,448.0,0,0.0,0.0,,0.0,1,0.06,0.01,SPY220624C00424000,424.0,normalDay
2022-06-22,18352.0,-7356.0,0.0,100,374.39,448.0,0,0.0,0.0,,0.0,1,0.06,0.01,SPY220624C00424000,424.0,normalDay
2022-06-23,18352.0,-6989.0,0.0,100,378.06,448.0,0,0.0,0.0,,0.0,1,0.06,0.01,SPY220624C00424000,424.0,normalDay
2022-06-24,18358.0,-5792.0,6.0,100,390.08,448.0,0,0.0,0.0,,0.0,1,0.06,0.0,SPY220624C00424000,424.0,expirationDay
2022-06-27,18358.0,-5944.0,0.0,100,388.59,448.0,0,0.0,0.0,,0.0,1,0.06,0.09,SPY220708C00428000,428.0,normalDay
2022-06-28,18358.0,-6732.0,0.0,100,380.65,448.0,0,0.0,0.0,,0.0,1,0.06,0.03,SPY220708C00428000,428.0,normalDay
2022-06-29,18358.0,-6763.0,0.0,100,380.34,448.0,0,0.0,0.0,,0.0,1,0.06,0.03,SPY220708C00428000,428.0,normalDay
2022-06-30,18358.0,-7070.0,0.0,100,377.25,448.0,0,0.0,0.0,,0.0,1,0.06,0.01,SPY220708C00428000,428.0,normalDay
2022-07-01,18358.0,-6671.0,0.0,100,381.24,448.0,0,0.0,0.0,,0.0,1,0.06,0.01,SPY220708C00428000,428.0,normalDay
2022-07-05,18358.0,-6599.0,0.0,100,381.96,448.0,0,0.0,0.0,,0.0,1,0.06,0.01,SPY220708C00428000,428.0,normalDay
2022-07-06,18358.0,-6470.0,0.0,100,383.25,448.0,0,0.0,0.0,,0.0,1,0.06,0.01,SPY220708C00428000,428.0,normalDay
2022-07-07,18358.0,-5896.0,0.0,100,388.99,448.0,0,0.0,0.0,,0.0,1,0.06,0.01,SPY220708C00428000,428.0,normalDay
2022-07-08,18364.0,-5933.0,6.0,100,388.67,448.0,0,0.0,0.0,,0.0,1,0.06,0.0,SPY220708C00428000,428.0,expirationDay
2022-07-11,18364.0,-6382.0,0.0,100,384.23,448.0,0,0.0,0.0,,0.0,1,2.36,2.41,SPY220722C00394000,394.0,normalDay
2022-07-12,18364.0,-6628.0,0.0,100,380.83,448.0,0,0.0,0.0,,0.0,1,2.36,1.47,SPY220722C00394000,394.0,normalDay
2022-07-13,18364.0,-6763.0,0.0,100,378.83,448.0,0,0.0,0.0,,0.0,1,2.36,0.82,SPY220722C00394000,394.0,normalDay
2022-07-14,18364.0,-6823.0,0.0,100,377.91,448.0,0,0.0,0.0,,0.0,1,2.36,0.5,SPY220722C00394000,394.0,normalDay
2022-07-15,18364.0,-6151.0,0.0,100,385.13,448.0,0,0.0,0.0,,0.0,1,2.36,1.0,SPY220722C00394000,394.0,normalDay
2022-07-18,18364.0,-6407.0,0.0,100,381.95,448.0,0,0.0,0.0,,0.0,1,2.36,0.38,SPY220722C00394000,394.0,normalDay
2022-07-19,18364.0,-5625.0,0.0,100,392.27,448.0,0,0.0,0.0,,0.0,1,2.36,2.88,SPY220722C00394000,394.0,normalDay
2022-07-20,18364.0,-5431.0,0.0,100,394.77,448.0,0,0.0,0.0,,0.0,1,2.36,3.44,SPY220722C00394000,394.0,normalDay
2022-07-21,18364.0,-5198.0,0.0,100,398.79,448.0,0,0.0,0.0,,0.0,1,2.36,5.13,SPY220722C00394000,394.0,normalDay
2022-07-22,13200.0,-5198.0,-5164.0,0,395.09,0.0,0,0.0,0.0,,0.0,1,2.36,0.0,SPY220722C00394000,394.0,expirationDay
2022-07-25,13200.0,-3.0,0.0,0,395.57,0.0,1,0.46,0.49,SPY220727P00386000,386.0,0,0.0,0.0,,0.0,normalDay
2022-07-26,13200.0,-32.0,0.0,0,390.89,0.0,1,0.46,0.78,SPY220727P00386000,386.0,0,0.0,0.0,,0.0,normalDay
2022-07-27,13246.0,0.0,46.0,0,401.04,0.0,1,0.46,0.0,SPY220727P00386000,386.0,0,0.0,0.0,,0.0,expirationDay
2022-07-28,13246.0,-3.0,0.0,0,406.07,0.0,1,0.03,0.06,SPY220729P00388000,388.0,0,0.0,0.0,,0.0,normalDay
2022-07-29,13249.0,0.0,3.0,0,411.99,0.0,1,0.03,0.0,SPY220729P00388000,388.0,0,0.0,0.0,,0.0,expirationDay
2022-08-01,13249.0,-3.0,0.0,0,410.77,0.0,1,0.02,0.05,SPY220803P00391000,391.0,0,0.0,0.0,,0.0,normalDay
2022-08-02,13249.0,-2.0,0.0,0,408.06,0.0,1,0.02,0.04,SPY220803P00391000,391.0,0,0.0,0.0,,0.0,normalDay
2022-08-03,13251.0,0.0,2.0,0,414.45,0.0,1,0.02,0.0,SPY220803P00391000,391.0,0,0.0,0.0,,0.0,expirationDay
2022-08-04,13251.0,0.0,0.0,0,414.17,0.0,0,0.0,0.0,,0.0,0,0.0,0.0,,0.0,bidTooLow
2022-08-05,13251.0,-3.0,0.0,0,413.47,0.0,1,0.01,0.04,SPY220808P00397000,397.0,0,0.0,0.0,,0.0,normalDay
2022-08-08,13252.0,0.0,1.0,0,412.99,0.0,1,0.01,0.0,SPY220808P00397000,397.0,0,0.0,0.0,,0.0,expirationDay
2022-08-09,13252.0,-3.0,0.0,0,411.35,0.0,1,0.5,0.53,SPY220812P00400000,400.0,0,0.0,0.0,,0.0,normalDay
2022-08-10,13252.0,45.0,0.0,0,419.99,0.0,1,0.5,0.05,SPY220812P00400000,400.0,0,0.0,0.0,,0.0,normalDay
2022-08-11,13252.0,48.0,0.0,0,419.99,0.0,1,0.5,0.02,SPY220812P00400000,400.0,0,0.0,0.0,,0.0,normalDay
2022-08-12,13302.0,0.0,50.0,0,427.1,0.0,1,0.5,0.0,SPY220812P00400000,400.0,0,0.0,0.0,,0.0,expirationDay
2022-08-15,13302.0,0.0,0.0,0,428.86,0.0,0,0.0,0.0,,0.0,0,0.0,0.0,,0.0,bidTooLow
2022-08-16,13302.0,-3.0,0.0,0,429.7,0.0,1,0.06,0.09,SPY220819P00410000,410.0,0,0.0,0.0,,0.0,normalDay
2022-08-17,13302.0,1.0,0.0,0,426.65,0.0,1,0.06,0.05,SPY220819P00410000,410.0,0,0.0,0.0,,0.0,normalDay
2022-08-18,13302.0,2.0,0.0,0,427.89,0.0,1,0.06,0.04,SPY220819P00410000,410.0,0,0.0,0.0,,0.0,normalDay
2022-08-19,13308.0,0.0,6.0,0,422.14,0.0,1,0.06,0.0,SPY220819P00410000,410.0,0,0.0,0.0,,0.0,expirationDay
2022-08-22,13308.0,-5.0,0.0,0,413.35,0.0,1,3.95,4.0,SPY220824P00416000,416.0,0,0.0,0.0,,0.0,normalDay
2022-08-23,13308.0,-44.0,0.0,0,412.35,0.0,1,3.95,4.39,SPY220824P00416000,416.0,0,0.0,0.0,,0.0,normalDay
2022-08-24,13703.0,-233.0,395.0,100,413.67,416.0,1,3.95,0.0,SPY220824P00416000,416.0,0,0.0,0.0,,0.0,expirationDay
2022-08-25,13703.0,348.0,0.0,100,419.51,416.0,0,0.0,0.0,,0.0,1,0.79,0.82,SPY220902C00431000,431.0,normalDay
2022-08-26,13703.0,-994.0,0.0,100,405.31,416.0,0,0.0,0.0,,0.0,1,0.79,0.04,SPY220902C00431000,431.0,normalDay
2022-08-29,13703.0,-1260.0,0.0,100,402.63,416.0,0,0.0,0.0,,0.0,1,0.79,0.02,SPY220902C00431000,431.0,normalDay
2022-08-30,13703.0,-1701.0,0.0,100,398.21,416.0,0,0.0,0.0,,0.0,1,0.79,0.01,SPY220902C00431000,431.0,normalDay
2022-08-31,13703.0,-2004.0,0.0,100,395.18,416.0,0,0.0,0.0,,0.0,1,0.79,0.01,SPY220902C00431000,431.0,normalDay
2022-09-01,13703.0,-1880.0,0.0,100,396.42,416.0,0,0.0,0.0,,0.0,1,0.79,0.01,SPY220902C00431000,431.0,normalDay
2022-09-02,13782.0,-2376.0,79.0,100,392.24,416.0,0,0.0,0.0,,0.0,1,0.79,0.0,SPY220902C00431000,431.0,expirationDay
2022-09-06,13782.0,-2524.0,0.0,100,390.76,416.0,0,0.0,0.0,,0.0,0,0.0,0.0,,0.0,bidTooLow
2022-09-07,13782.0,-1822.0,0.0,100,397.78,416.0,0,0.0,0.0,,0.0,0,0.0,0.0,,0.0,bidTooLow
2022-09-08,13782.0,-1562.0,0.0,100,400.38,416.0,0,0.0,0.0,,0.0,0,0.0,0.0,,0.0,bidTooLow
2022-09-09,13782.0,-943.0,0.0,100,406.6,416.0,0,0.0,0.0,,0.0,1,0.01,0.04,SPY220919C00436000,436.0,normalDay
2022-09-12,13782.0,-509.0,0.0,100,410.97,416.0,0,0.0,0.0,,0.0,1,0.01,0.07,SPY220919C00436000,436.0,normalDay
2022-09-13,13782.0,-2290.0,0.0,100,393.1,416.0,0,0.0,0.0,,0.0,1,0.01,0.01,SPY220919C00436000,436.0,normalDay
2022-09-14,13782.0,-2140.0,0.0,100,394.6,416.0,0,0.0,0.0,,0.0,1,0.01,0.01,SPY220919C00436000,436.0,normalDay
2022-09-15,13782.0,-2588.0,0.0,100,390.12,416.0,0,0.0,0.0,,0.0,1,0.01,0.01,SPY220919C00436000,436.0,normalDay
2022-09-16,13782.0,-3044.0,0.0,100,385.56,416.0,0,0.0,0.0,,0.0,1,0.01,0.01,SPY220919C00436000,436.0,normalDay
2022-09-19,13783.0,-2745.0,1.0,100,388.55,416.0,0,0.0,0.0,,0.0,1,0.01,0.0,SPY220919C00436000,436.0,expirationDay
2022-09-20,13783.0,-3194.0,0.0,100,384.09,416.0,0,0.0,0.0,,0.0,1,0.1,0.13,SPY220930C00418000,418.0,normalDay
2022-09-21,13783.0,-3856.0,0.0,100,377.39,416.0,0,0.0,0.0,,0.0,1,0.1,0.05,SPY220930C00418000,418.0,normalDay
2022-09-22,13783.0,-4170.0,0.0,100,374.22,416.0,0,0.0,0.0,,0.0,1,0.1,0.02,SPY220930C00418000,418.0,normalDay
2022-09-23,13783.0,-4796.0,0.0,100,367.95,416.0,0,0.0,0.0,,0.0,1,0.1,0.01,SPY220930C00418000,418.0,normalDay
2022-09-26,13783.0,-5160.0,0.0,100,364.31,416.0,0,0.0,0.0,,0.0,1,0.1,0.01,SPY220930C00418000,418.0,normalDay
2022-09-27,13783.0,-5253.0,0.0,100,363.38,416.0,0,0.0,0.0,,0.0,1,0.1,0.01,SPY220930C00418000,418.0,normalDay
2022-09-28,13783.0,-4538.0,0.0,100,370.53,416.0,0,0.0,0.0,,0.0,1,0.1,0.01,SPY220930C00418000,418.0,normalDay
2022-09-29,13783.0,-5312.0,0.0,100,362.79,416.0,0,0.0,0.0,,0.0,1,0.1,0.01,SPY220930C00418000,418.0,normalDay
2022-09-30,13793.0,-5882.0,10.0,100,357.18,416.0,0,0.0,0.0,,0.0,1,0.1,0.0,SPY220930C00418000,418.0,expirationDay
2022-10-03,13793.0,-4942.0,0.0,100,366.61,416.0,0,0.0,0.0,,0.0,1,0.01,0.04,SPY221014C00413000,413.0,normalDay
2022-10-04,13793.0,-3816.0,0.0,100,377.97,416.0,0,0.0,0.0,,0.0,1,0.01,0.14,SPY221014C00413000,413.0,normalDay
2022-10-05,13793.0,-3897.0,0.0,100,377.09,416.0,0,0.0,0.0,,0.0,1,0.01,0.07,SPY221014C00413000,413.0,normalDay
2022-10-06,13793.0,-4283.0,0.0,100,373.2,416.0,0,0.0,0.0,,0.0,1,0.01,0.04,SPY221014C00413000,413.0,normalDay
2022-10-07,13793.0,-5322.0,0.0,100,362.79,416.0,0,0.0,0.0,,0.0,1,0.01,0.02,SPY221014C00413000,413.0,normalDay
2022-10-10,13793.0,-5598.0,0.0,100,360.02,416.0,0,0.0,0.0,,0.0,1,0.01,0.01,SPY221014C00413000,413.0,normalDay
2022-10-11,13793.0,-5826.0,0.0,100,357.74,416.0,0,0.0,0.0,,0.0,1,0.01,0.01,SPY221014C00413000,413.0,normalDay
2022-10-12,13793.0,-5944.0,0.0,100,356.56,416.0,0,0.0,0.0,,0.0,1,0.01,0.01,SPY221014C00413000,413.0,normalDay
2022-10-13,13793.0,-5003.0,0.0,100,365.97,416.0,0,0.0,0.0,,0.0,1,0.01,0.01,SPY221014C00413000,413.0,normalDay
2022-10-14,13794.0,-5837.0,1.0,100,357.63,416.0,0,0.0,0.0,,0.0,1,0.01,0.0,SPY221014C00413000,413.0,expirationDay
2022-10-17,13794.0,-4922.0,0.0,100,366.82,416.0,0,0.0,0.0,,0.0,1,2.04,2.08,SPY221028C00382000,382.0,normalDay
2022-10-18,13794.0,-4580.0,0.0,100,371.13,416.0,0,0.0,0.0,,0.0,1,2.04,2.97,SPY221028C00382000,382.0,normalDay
2022-10-19,13794.0,-4714.0,0.0,100,368.5,416.0,0,0.0,0.0,,0.0,1,2.04,1.68,SPY221028C00382000,382.0,normalDay
2022-10-20,13794.0,-4942.0,0.0,100,365.41,416.0,0,0.0,0.0,,0.0,1,2.04,0.87,SPY221028C00382000,382.0,normalDay
2022-10-21,13794.0,-4219.0,0.0,100,374.29,416.0,0,0.0,0.0,,0.0,1,2.04,2.52,SPY221028C00382000,382.0,normalDay
2022-10-24,13794.0,-3864.0,0.0,100,378.87,416.0,0,0.0,0.0,,0.0,1,2.04,3.55,SPY221028C00382000,382.0,normalDay
2022-10-25,13794.0,-3392.0,0.0,100,384.92,416.0,0,0.0,0.0,,0.0,1,2.04,4.88,SPY221028C00382000,382.0,normalDay
2022-10-26,13794.0,-3555.0,0.0,100,382.02,416.0,0,0.0,0.0,,0.0,1,2.04,3.61,SPY221028C00382000,382.0,normalDay
2022-10-27,13794.0,-3457.0,0.0,100,379.98,416.0,0,0.0,0.0,,0.0,1,2.04,0.59,SPY221028C00382000,382.0,normalDay
2022-10-28,10598.0,-3457.0,-3196.0,0,389.02,0.0,0,0.0,0.0,,0.0,1,2.04,0.0,SPY221028C00382000,382.0,expirationDay
2022-10-31,10598.0,-3.0,0.0,0,386.21,0.0,1,0.19,0.22,SPY221102P00372000,372.0,0,0.0,0.0,,0.0,normalDay
2022-11-01,10598.0,3.0,0.0,0,384.52,0.0,1,0.19,0.16,SPY221102P00372000,372.0,0,0.0,0.0,,0.0,normalDay
2022-11-02,10617.0,0.0,19.0,0,374.87,0.0,1,0.19,0.0,SPY221102P00372000,372.0,0,0.0,0.0,,0.0,expirationDay
2022-11-03,10617.0,-3.0,0.0,0,371.01,0.0,1,3.25,3.28,SPY221104P00372000,372.0,0,0.0,0.0,,0.0,normalDay
2022-11-04,10942.0,0.0,325.0,0,376.35,0.0,1,3.25,0.0,SPY221104P00372000,372.0,0,0.0,0.0,,0.0,expirationDay
2022-11-07,10942.0,-3.0,0.0,0,379.95,0.0,1,0.83,0.86,SPY221109P00374000,374.0,0,0.0,0.0,,0.0,normalDay
2022-11-08,10942.0,48.0,0.0,0,382.0,0.0,1,0.83,0.35,SPY221109P00374000,374.0,0,0.0,0.0,,0.0,normalDay
2022-11-09,11025.0,0.0,83.0,0,374.13,0.0,1,0.83,0.0,SPY221109P00374000,374.0,0,0.0,0.0,,0.0,expirationDay
2022-11-10,11025.0,-3.0,0.0,0,394.69,0.0,1,0.04,0.07,SPY221111P00377000,377.0,0,0.0,0.0,,0.0,normalDay
2022-11-11,11029.0,0.0,4.0,0,398.51,0.0,1,0.04,0.0,SPY221111P00377000,377.0,0,0.0,0.0,,0.0,expirationDay
2022-11-14,11029.0,-3.0,0.0,0,395.12,0.0,1,0.09,0.12,SPY221116P00381000,381.0,0,0.0,0.0,,0.0,normalDay
2022-11-15,11029.0,5.0,0.0,0,398.49,0.0,1,0.09,0.04,SPY221116P00381000,381.0,0,0.0,0.0,,0.0,normalDay
2022-11-16,11038.0,0.0,9.0,0,395.45,0.0,1,0.09,0.0,SPY221116P00381000,381.0,0,0.0,0.0,,0.0,expirationDay
2022-11-17,11038.0,-3.0,0.0,0,394.24,0.0,1,0.13,0.16,SPY221118P00385000,385.0,0,0.0,0.0,,0.0,normalDay
2022-11-18,11051.0,0.0,13.0,0,396.03,0.0,1,0.13,0.0,SPY221118P00385000,385.0,0,0.0,0.0,,0.0,expirationDay
2022-11-21,11051.0,-3.0,0.0,0,394.59,0.0,1,0.21,0.24,SPY221123P00387000,387.0,0,0.0,0.0,,0.0,normalDay
2022-11-22,11051.0,16.0,0.0,0,399.9,0.0,1,0.21,0.05,SPY221123P00387000,387.0,0,0.0,0.0,,0.0,normalDay
2022-11-23,11072.0,0.0,21.0,0,402.42,0.0,1,0.21,0.0,SPY221123P00387000,387.0,0,0.0,0.0,,0.0,expirationDay
2022-11-25,11072.0,-3.0,0.0,0,402.33,0.0,1,0.01,0.04,SPY221128P00389000,389.0,0,0.0,0.0,,0.0,normalDay
2022-11-28,11073.0,0.0,1.0,0,395.91,0.0,1,0.01,0.0,SPY221128P00389000,389.0,0,0.0,0.0,,0.0,expirationDay
2022-11-29,11073.0,-3.0,0.0,0,395.23,0.0,1,1.65,1.68,SPY221202P00390000,390.0,0,0.0,0.0,,0.0,normalDay
2022-11-30,11073.0,154.0,0.0,0,407.68,0.0,1,1.65,0.11,SPY221202P00390000,390.0,0,0.0,0.0,,0.0,normalDay
2022-12-01,11073.0,162.0,0.0,0,407.38,0.0,1,1.65,0.03,SPY221202P00390000,390.0,0,0.0,0.0,,0.0,normalDay
2022-12-02,11238.0,0.0,165.0,0,406.91,0.0,1,1.65,0.0,SPY221202P00390000,390.0,0,0.0,0.0,,0.0,expirationDay
2022-12-05,11238.0,-4.0,0.0,0,399.59,0.0,1,1.21,1.25,SPY221208P00396000,396.0,0,0.0,0.0,,0.0,normalDay
2022-12-06,11238.0,-231.0,0.0,0,393.83,0.0,1,1.21,3.52,SPY221208P00396000,396.0,0,0.0,0.0,,0.0,normalDay
2022-12-07,11238.0,-219.0,0.0,0,393.16,0.0,1,1.21,3.4,SPY221208P00396000,396.0,0,0.0,0.0,,0.0,normalDay
2022-12-08,11359.0,0.0,121.0,0,396.24,0.0,1,1.21,0.0,SPY221208P00396000,396.0,0,0.0,0.0,,0.0,expirationDay
2022-12-09,11359.0,-19.0,0.0,0,393.28,0.0,1,4.78,4.97,SPY221212P00398000,398.0,0,0.0,0.0,,0.0,normalDay
2022-12-12,11837.0,0.0,478.0,0,398.95,0.0,1,4.78,0.0,SPY221212P00398000,398.0,0,0.0,0.0,,0.0,expirationDay
2022-12-13,11837.0,-5.0,0.0,0,401.97,0.0,1,4.09,4.14,SPY221216P00399000,399.0,0,0.0,0.0,,0.0,normalDay
2022-12-14,11837.0,76.0,0.0,0,399.4,0.0,1,4.09,3.33,SPY221216P00399000,399.0,0,0.0,0.0,,0.0,normalDay
2022-12-15,11837.0,-712.0,0.0,0,389.63,0.0,1,4.09,11.21,SPY221216P00399000,399.0,0,0.0,0.0,,0.0,normalDay
2022-12-16,12246.0,-1573.0,409.0,100,383.27,399.0,1,4.09,0.0,SPY221216P00399000,399.0,0,0.0,0.0,,0.0,expirationDay
2022-12-19,12246.0,-1901.0,0.0,100,380.02,399.0,0,0.0,0.0,,0.0,1,0.04,0.07,SPY221230C00411000,411.0,normalDay
2022-12-20,12246.0,-1848.0,0.0,100,380.54,399.0,0,0.0,0.0,,0.0,1,0.04,0.06,SPY221230C00411000,411.0,normalDay
2022-12-21,12246.0,-1280.0,0.0,100,386.23,399.0,0,0.0,0.0,,0.0,1,0.04,0.07,SPY221230C00411000,411.0,normalDay
2022-12-22,12246.0,-1828.0,0.0,100,380.72,399.0,0,0.0,0.0,,0.0,1,0.04,0.04,SPY221230C00411000,411.0,normalDay
2022-12-23,12246.0,-1607.0,0.0,100,382.91,399.0,0,0.0,0.0,,0.0,1,0.04,0.02,SPY221230C00411000,411.0,normalDay
2022-12-27,12246.0,-1758.0,0.0,100,381.4,399.0,0,0.0,0.0,,0.0,1,0.04,0.02,SPY221230C00411000,411.0,normalDay
2022-12-28,12246.0,-2231.0,0.0,100,376.66,399.0,0,0.0,0.0,,0.0,1,0.04,0.01,SPY221230C00411000,411.0,normalDay
2022-12-29,12246.0,-1553.0,0.0,100,383.44,399.0,0,0.0,0.0,,0.0,1,0.04,0.01,SPY221230C00411000,411.0,normalDay
2022-12-30,12250.0,-1657.0,4.0,100,382.43,399.0,0,0.0,0.0,,0.0,1,0.04,0.0,SPY221230C00411000,411.0,expirationDay
2023-01-03,12250.0,-1821.0,0.0,100,380.82,399.0,0,0.0,0.0,,0.0,1,0.25,0.28,SPY230113C00404000,404.0,normalDay
2023-01-04,12250.0,-1535.0,0.0,100,383.76,399.0,0,0.0,0.0,,0.0,1,0.25,0.36,SPY230113C00404000,404.0,normalDay
2023-01-05,12250.0,-1953.0,0.0,100,379.38,399.0,0,0.0,0.0,,0.0,1,0.25,0.16,SPY230113C00404000,404.0,normalDay
2023-01-06,12250.0,-1103.0,0.0,100,388.08,399.0,0,0.0,0.0,,0.0,1,0.25,0.36,SPY230113C00404000,404.0,normalDay
2023-01-09,12250.0,-1122.0,0.0,100,387.86,399.0,0,0.0,0.0,,0.0,1,0.25,0.33,SPY230113C00404000,404.0,normalDay
2023-01-10,12250.0,-858.0,0.0,100,390.58,399.0,0,0.0,0.0,,0.0,1,0.25,0.41,SPY230113C00404000,404.0,normalDay
2023-01-11,12250.0,-431.0,0.0,100,395.52,399.0,0,0.0,0.0,,0.0,1,0.25,1.08,SPY230113C00404000,404.0,normalDay
2023-01-12,12250.0,-186.0,0.0,100,396.96,399.0,0,0.0,0.0,,0.0,1,0.25,0.07,SPY230113C00404000,404.0,normalDay
2023-01-13,12275.0,-50.0,25.0,100,398.5,399.0,0,0.0,0.0,,0.0,1,0.25,0.0,SPY230113C00404000,404.0,expirationDay
2023-01-17,12275.0,-127.0,0.0,100,397.77,399.0,0,0.0,0.0,,0.0,1,3.65,3.69,SPY230127C00399000,399.0,normalDay
2023-01-18,12275.0,-511.0,0.0,100,391.49,399.0,0,0.0,0.0,,0.0,1,3.65,1.25,SPY230127C00399000,399.0,normalDay
2023-01-19,12275.0,-730.0,0.0,100,388.64,399.0,0,0.0,0.0,,0.0,1,3.65,0.59,SPY230127C00399000,399.0,normalDay
2023-01-20,12275.0,-146.0,0.0,100,395.88,399.0,0,0.0,0.0,,0.0,1,3.65,1.99,SPY230127C00399000,399.0,normalDay
2023-01-23,12275.0,130.0,0.0,100,400.63,399.0,0,0.0,0.0,,0.0,1,3.65,3.98,SPY230127C00399000,399.0,normalDay
2023-01-24,12275.0,70.0,0.0,100,400.2,399.0,0,0.0,0.0,,0.0,1,3.65,4.15,SPY230127C00399000,399.0,normalDay
2023-01-25,12275.0,176.0,0.0,100,400.35,399.0,0,0.0,0.0,,0.0,1,3.65,3.24,SPY230127C00399000,399.0,normalDay
2023-01-26,12275.0,321.0,0.0,100,404.75,399.0,0,0.0,0.0,,0.0,1,3.65,6.19,SPY230127C00399000,399.0,normalDay
2023-01-27,12640.0,321.0,365.0,0,405.68,0.0,0,0.0,0.0,,0.0,1,3.65,0.0,SPY230127C00399000,399.0,expirationDay
2023-01-30,12640.0,-3.0,0.0,0,400.59,0.0,1,1.06,1.09,SPY230202P00393000,393.0,0,0.0,0.0,,0.0,normalDay
2023-01-31,12640.0,78.0,0.0,0,406.48,0.0,1,1.06,0.28,SPY230202P00393000,393.0,0,0.0,0.0,,0.0,normalDay
2023-02-01,12640.0,101.0,0.0,0,410.8,0.0,1,1.06,0.05,SPY230202P00393000,393.0,0,0.0,0.0,,0.0,normalDay
2023-02-02,12746.0,0.0,106.0,0,416.78,0.0,1,1.06,0.0,SPY230202P00393000,393.0,0,0.0,0.0,,0.0,expirationDay
2023-02-03,12746.0,-3.0,0.0,0,412.35,0.0,1,0.01,0.04,SPY230206P00399000,399.0,0,0.0,0.0,,0.0,normalDay
2023-02-06,12747.0,0.0,1.0,0,409.83,0.0,1,0.01,0.0,SPY230206P00399000,399.0,0,0.0,0.0,,0.0,expirationDay
2023-02-07,12747.0,-3.0,0.0,0,415.19,0.0,1,0.17,0.2,SPY230210P00402000,402.0,0,0.0,0.0,,0.0,normalDay
2023-02-08,12747.0,-8.0,0.0,0,410.65,0.0,1,0.17,0.25,SPY230210P00402000,402.0,0,0.0,0.0,,0.0,normalDay
2023-02-09,12747.0,-14.0,0.0,0,407.09,0.0,1,0.17,0.31,SPY230210P00402000,402.0,0,0.0,0.0,,0.0,normalDay
2023-02-10,12764.0,0.0,17.0,0,408.04,0.0,1,0.17,0.0,SPY230210P00402000,402.0,0,0.0,0.0,,0.0,expirationDay
2023-02-13,12764.0,-3.0,0.0,0,412.83,0.0,1,1.46,1.49,SPY230216P00405000,405.0,0,0.0,0.0,,0.0,normalDay
2023-02-14,12764.0,95.0,0.0,0,412.64,0.0,1,1.46,0.51,SPY230216P00405000,405.0,0,0.0,0.0,,0.0,normalDay
2023-02-15,12764.0,139.0,0.0,0,413.98,0.0,1,1.46,0.07,SPY230216P00405000,405.0,0,0.0,0.0,,0.0,normalDay
2023-02-16,12910.0,0.0,146.0,0,408.28,0.0,1,1.46,0.0,SPY230216P00405000,405.0,0,0.0,0.0,,0.0,expirationDay
2023-02-17,12978.0,-74.0,68.0,100,407.26,408.0,1,0.68,0.0,SPY230217P00408000,408.0,0,0.0,0.0,,0.0,expirationDay
2023-02-21,12978.0,-894.0,0.0,100,399.09,408.0,0,0.0,0.0,,0.0,1,0.22,0.25,SPY230303C00418000,418.0,normalDay
2023-02-22,12978.0,-933.0,0.0,100,398.54,408.0,0,0.0,0.0,,0.0,1,0.22,0.09,SPY230303C00418000,418.0,normalDay
2023-02-23,12978.0,-722.0,0.0,100,400.66,408.0,0,0.0,0.0,,0.0,1,0.22,0.1,SPY230303C00418000,418.0,normalDay
2023-02-24,12978.0,-1142.0,0.0,100,396.38,408.0,0,0.0,0.0,,0.0,1,0.22,0.02,SPY230303C00418000,418.0,normalDay
2023-02-27,12978.0,-1007.0,0.0,100,397.73,408.0,0,0.0,0.0,,0.0,1,0.22,0.02,SPY230303C00418000,418.0,normalDay
2023-02-28,12978.0,-1153.0,0.0,100,396.26,408.0,0,0.0,0.0,,0.0,1,0.22,0.01,SPY230303C00418000,418.0,normalDay
2023-03-01,12978.0,-1305.0,0.0,100,394.74,408.0,0,0.0,0.0,,0.0,1,0.22,0.01,SPY230303C00418000,418.0,normalDay
2023-03-02,12978.0,-998.0,0.0,100,397.81,408.0,0,0.0,0.0,,0.0,1,0.22,0.01,SPY230303C00418000,418.0,normalDay
2023-03-03,13000.0,-381.0,22.0,100,404.19,408.0,0,0.0,0.0,,0.0,1,0.22,0.0,SPY230303C00418000,418.0,expirationDay
2023-03-06,13000.0,-356.0,0.0,100,404.47,408.0,0,0.0,0.0,,0.0,1,0.9,0.93,SPY230317C00417000,417.0,normalDay
2023-03-07,13000.0,-913.0,0.0,100,398.27,408.0,0,0.0,0.0,,0.0,1,0.9,0.3,SPY230317C00417000,417.0,normalDay
2023-03-08,13000.0,-843.0,0.0,100,398.92,408.0,0,0.0,0.0,,0.0,1,0.9,0.25,SPY230317C00417000,417.0,normalDay
2023-03-09,13000.0,-1564.0,0.0,100,391.56,408.0,0,0.0,0.0,,0.0,1,0.9,0.1,SPY230317C00417000,417.0,normalDay
2023-03-10,13000.0,-2123.0,0.0,100,385.91,408.0,0,0.0,0.0,,0.0,1,0.9,0.04,SPY230317C00417000,417.0,normalDay
2023-03-13,13000.0,-2178.0,0.0,100,385.36,408.0,0,0.0,0.0,,0.0,1,0.9,0.04,SPY230317C00417000,417.0,normalDay
2023-03-14,13000.0,-1539.0,0.0,100,391.73,408.0,0,0.0,0.0,,0.0,1,0.9,0.02,SPY230317C00417000,417.0,normalDay
2023-03-15,13000.0,-1783.0,0.0,100,389.28,408.0,0,0.0,0.0,,0.0,1,0.9,0.01,SPY230317C00417000,417.0,normalDay
2023-03-16,13000.0,-1100.0,0.0,100,396.11,408.0,0,0.0,0.0,,0.0,1,0.9,0.01,SPY230317C00417000,417.0,normalDay
2023-03-17,13090.0,-1801.0,90.0,100,389.99,408.0,0,0.0,0.0,,0.0,1,0.9,0.0,SPY230317C00417000,417.0,expirationDay
2023-03-20,13090.0,-1430.0,0.0,100,393.74,408.0,0,0.0,0.0,,0.0,1,1.35,1.39,SPY230331C00406000,406.0,normalDay
2023-03-21,13090.0,-1017.0,0.0,100,398.91,408.0,0,0.0,0.0,,0.0,1,1.35,2.43,SPY230331C00406000,406.0,normalDay
2023-03-22,13090.0,-1519.0,0.0,100,392.11,408.0,0,0.0,0.0,,0.0,1,1.35,0.65,SPY230331C00406000,406.0,normalDay
2023-03-23,13090.0,-1399.0,0.0,100,393.17,408.0,0,0.0,0.0,,0.0,1,1.35,0.51,SPY230331C00406000,406.0,normalDay
2023-03-24,13090.0,-1142.0,0.0,100,395.75,408.0,0,0.0,0.0,,0.0,1,1.35,0.52,SPY230331C00406000,406.0,normalDay
2023-03-27,13090.0,-1048.0,0.0,100,396.49,408.0,0,0.0,0.0,,0.0,1,1.35,0.32,SPY230331C00406000,406.0,normalDay
2023-03-28,13090.0,-1118.0,0.0,100,395.6,408.0,0,0.0,0.0,,0.0,1,1.35,0.13,SPY230331C00406000,406.0,normalDay
2023-03-29,13090.0,-567.0,0.0,100,401.35,408.0,0,0.0,0.0,,0.0,1,1.35,0.37,SPY230331C00406000,406.0,normalDay
2023-03-30,13090.0,-340.0,0.0,100,403.7,408.0,0,0.0,0.0,,0.0,1,1.35,0.45,SPY230331C00406000,406.0,normalDay
2023-03-31,13025.0,-340.0,-65.0,0,409.39,0.0,0,0.0,0.0,,0.0,1,1.35,0.0,SPY230331C00406000,406.0,expirationDay
2023-04-03,13025.0,-3.0,0.0,0,410.95,0.0,1,0.03,0.06,SPY230406P00396000,396.0,0,0.0,0.0,,0.0,normalDay
2023-04-04,13025.0,-3.0,0.0,0,408.67,0.0,1,0.03,0.06,SPY230406P00396000,396.0,0,0.0,0.0,,0.0,normalDay
2023-04-05,13025.0,1.0,0.0,0,407.6,0.0,1,0.03,0.02,SPY230406P00396000,396.0,0,0.0,0.0,,0.0,normalDay
2023-04-06,13028.0,0.0,3.0,0,409.19,0.0,1,0.03,0.0,SPY230406P00396000,396.0,0,0.0,0.0,,0.0,expirationDay
2023-04-10,13028.0,-3.0,0.0,0,409.61,0.0,1,0.23,0.26,SPY230413P00399000,399.0,0,0.0,0.0,,0.0,normalDay
2023-04-11,13028.0,5.0,0.0,0,409.72,0.0,1,0.23,0.18,SPY230413P00399000,399.0,0,0.0,0.0,,0.0,normalDay
2023-04-12,13028.0,17.0,0.0,0,408.05,0.0,1,0.23,0.06,SPY230413P00399000,399.0,0,0.0,0.0,,0.0,normalDay
2023-04-13,13051.0,0.0,23.0,0,413.47,0.0,1,0.23,0.0,SPY230413P00399000,399.0,0,0.0,0.0,,0.0,expirationDay
2023-04-14,13051.0,0.0,0.0,0,412.46,0.0,0,0.0,0.0,,0.0,0,0.0,0.0,,0.0,bidTooLow
2023-04-17,13051.0,-3.0,0.0,0,413.94,0.0,1,0.13,0.16,SPY230420P00404000,404.0,0,0.0,0.0,,0.0,normalDay
2023-04-18,13051.0,2.0,0.0,0,414.21,0.0,1,0.13,0.11,SPY230420P00404000,404.0,0,0.0,0.0,,0.0,normalDay
2023-04-19,13051.0,9.0,0.0,0,414.14,0.0,1,0.13,0.04,SPY230420P00404000,404.0,0,0.0,0.0,,0.0,normalDay
2023-04-20,13064.0,0.0,13.0,0,411.88,0.0,1,0.13,0.0,SPY230420P00404000,404.0,0,0.0,0.0,,0.0,expirationDay
2023-04-21,13064.0,-3.0,0.0,0,412.2,0.0,1,0.22,0.25,SPY230424P00408000,408.0,0,0.0,0.0,,0.0,normalDay
2023-04-24,13086.0,0.0,22.0,0,412.63,0.0,1,0.22,0.0,SPY230424P00408000,408.0,0,0.0,0.0,,0.0,expirationDay
2023-04-25,13086.0,-7.0,0.0,0,406.08,0.0,1,3.31,3.38,SPY230428P00409000,409.0,0,0.0,0.0,,0.0,normalDay
2023-04-26,13086.0,-169.0,0.0,0,404.36,0.0,1,3.31,5.0,SPY230428P00409000,409.0,0,0.0,0.0,,0.0,normalDay
2023-04-27,13086.0,297.0,0.0,0,412.41,0.0,1,3.31,0.34,SPY230428P00409000,409.0,0,0.0,0.0,,0.0,normalDay
2023-04-28,13417.0,0.0,331.0,0,415.93,0.0,1,3.31,0.0,SPY230428P00409000,409.0,0,0.0,0.0,,0.0,expirationDay
2023-05-01,13417.0,-3.0,0.0,0,415.51,0.0,1,0.89,0.92,SPY230504P00411000,411.0,0,0.0,0.0,,0.0,normalDay
2023-05-02,13417.0,-165.0,0.0,0,410.84,0.0,1,0.89,2.54,SPY230504P00411000,411.0,0,0.0,0.0,,0.0,normalDay
2023-05-03,13417.0,-214.0,0.0,0,408.02,0.0,1,0.89,3.03,SPY230504P00411000,411.0,0,0.0,0.0,,0.0,normalDay
2023-05-04,13506.0,-587.0,89.0,100,405.13,411.0,1,0.89,0.0,SPY230504P00411000,411.0,0,0.0,0.0,,0.0,expirationDay
2023-05-05,13506.0,160.0,0.0,100,412.63,411.0,0,0.0,0.0,,0.0,1,1.32,1.35,SPY230516C00418000,418.0,normalDay
2023-05-08,13506.0,202.0,0.0,100,412.74,411.0,0,0.0,0.0,,0.0,1,1.32,1.04,SPY230516C00418000,418.0,normalDay
2023-05-09,13506.0,49.0,0.0,100,410.93,411.0,0,0.0,0.0,,0.0,1,1.32,0.76,SPY230516C00418000,418.0,normalDay
2023-05-10,13506.0,250.0,0.0,100,412.85,411.0,0,0.0,0.0,,0.0,1,1.32,0.67,SPY230516C00418000,418.0,normalDay
2023-05-11,13506.0,217.0,0.0,100,412.13,411.0,0,0.0,0.0,,0.0,1,1.32,0.28,SPY230516C00418000,418.0,normalDay
2023-05-12,13506.0,185.0,0.0,100,411.59,411.0,0,0.0,0.0,,0.0,1,1.32,0.06,SPY230516C00418000,418.0,normalDay
2023-05-15,13506.0,329.0,0.0,100,413.01,411.0,0,0.0,0.0,,0.0,1,1.32,0.04,SPY230516C00418000,418.0,normalDay
2023-05-16,13638.0,-75.0,132.0,100,410.25,411.0,0,0.0,0.0,,0.0,1,1.32,0.0,SPY230516C00418000,418.0,expirationDay
2023-05-17,13638.0,419.0,0.0,100,415.23,411.0,0,0.0,0.0,,0.0,1,2.34,2.38,SPY230526C00417500,417.5,normalDay
2023-05-18,13638.0,617.0,0.0,100,419.23,411.0,0,0.0,0.0,,0.0,1,2.34,4.4,SPY230526C00417500,417.5,normalDay
2023-05-19,13638.0,621.0,0.0,100,418.62,411.0,0,0.0,0.0,,0.0,1,2.34,3.75,SPY230526C00417500,417.5,normalDay
2023-05-22,13638.0,659.0,0.0,100,418.79,411.0,0,0.0,0.0,,0.0,1,2.34,3.54,SPY230526C00417500,417.5,normalDay
2023-05-23,13638.0,439.0,0.0,100,414.09,411.0,0,0.0,0.0,,0.0,1,2.34,1.04,SPY230526C00417500,417.5,normalDay
2023-05-24,13638.0,210.0,0.0,100,411.09,411.0,0,0.0,0.0,,0.0,1,2.34,0.33,SPY230526C00417500,417.5,normalDay
2023-05-25,13638.0,548.0,0.0,100,414.65,411.0,0,0.0,0.0,,0.0,1,2.34,0.51,SPY230526C00417500,417.5,normalDay
2023-05-26,14522.0,548.0,884.0,0,420.02,0.0,0,0.0,0.0,,0.0,1,2.34,0.0,SPY230526C00417500,417.5,expirationDay
2023-05-30,14522.0,-3.0,0.0,0,420.18,0.0,1,0.58,0.61,SPY230602P00414000,414.0,0,0.0,0.0,,0.0,normalDay
2023-05-31,14522.0,-18.0,0.0,0,417.85,0.0,1,0.58,0.76,SPY230602P00414000,414.0,0,0.0,0.0,,0.0,normalDay
2023-06-01,14522.0,49.0,0.0,0,421.82,0.0,1,0.58,0.09,SPY230602P00414000,414.0,0,0.0,0.0,,0.0,normalDay
2023-06-02,14580.0,0.0,58.0,0,427.92,0.0,1,0.58,0.0,SPY230602P00414000,414.0,0,0.0,0.0,,0.0,expirationDay
2023-06-05,14580.0,-3.0,0.0,0,427.1,0.0,1,0.06,0.09,SPY230608P00417000,417.0,0,0.0,0.0,,0.0,normalDay
2023-06-06,14580.0,0.0,0.0,0,428.03,0.0,1,0.06,0.06,SPY230608P00417000,417.0,0,0.0,0.0,,0.0,normalDay
2023-06-07,14580.0,2.0,0.0,0,426.55,0.0,1,0.06,0.04,SPY230608P00417000,417.0,0,0.0,0.0,,0.0,normalDay
2023-06-08,14586.0,0.0,6.0,0,429.13,0.0,1,0.06,0.0,SPY230608P00417000,417.0,0,0.0,0.0,,0.0,expirationDay
2023-06-09,14586.0,-3.0,0.0,0,429.9,0.0,1,0.02,0.05,SPY230612P00420000,420.0,0,0.0,0.0,,0.0,normalDay
2023-06-12,14588.0,0.0,2.0,0,433.8,0.0,1,0.02,0.0,SPY230612P00420000,420.0,0,0.0,0.0,,0.0,expirationDay
2023-06-13,14588.0,-3.0,0.0,0,436.66,0.0,1,0.18,0.21,SPY230616P00422000,422.0,0,0.0,0.0,,0.0,normalDay
2023-06-14,14588.0,8.0,0.0,0,437.18,0.0,1,0.18,0.1,SPY230616P00422000,422.0,0,0.0,0.0,,0.0,normalDay
2023-06-15,14588.0,10.0,0.0,0,442.6,0.0,1,0.18,0.08,SPY230616P00422000,422.0,0,0.0,0.0,,0.0,normalDay
2023-06-16,14606.0,0.0,18.0,0,439.46,0.0,1,0.18,0.0,SPY230616P00422000,422.0,0,0.0,0.0,,0.0,expirationDay
2023-06-20,14606.0,-3.0,0.0,0,437.18,0.0,1,0.08,0.11,SPY230623P00427000,427.0,0,0.0,0.0,,0.0,normalDay
2023-06-21,14606.0,0.0,0.0,0,434.94,0.0,1,0.08,0.08,SPY230623P00427000,427.0,0,0.0,0.0,,0.0,normalDay
2023-06-22,14606.0,5.0,0.0,0,436.51,0.0,1,0.08,0.03,SPY230623P00427000,427.0,0,0.0,0.0,,0.0,normalDay
2023-06-23,14614.0,0.0,8.0,0,433.21,0.0,1,0.08,0.0,SPY230623P00427000,427.0,0,0.0,0.0,,0.0,expirationDay
2023-06-26,14614.0,-3.0,0.0,0,431.44,0.0,1,1.31,1.34,SPY230629P00431000,431.0,0,0.0,0.0,,0.0,normalDay
2023-06-27,14614.0,111.0,0.0,0,436.17,0.0,1,1.31,0.2,SPY230629P00431000,431.0,0,0.0,0.0,,0.0,normalDay
2023-06-28,14614.0,125.0,0.0,0,436.39,0.0,1,1.31,0.06,SPY230629P00431000,431.0,0,0.0,0.0,,0.0,normalDay
2023-06-29,14745.0,0.0,131.0,0,438.11,0.0,1,1.31,0.0,SPY230629P00431000,431.0,0,0.0,0.0,,0.0,expirationDay
2023-06-30,14745.0,-3.0,0.0,0,443.28,0.0,1,0.02,0.05,SPY230703P00434000,434.0,0,0.0,0.0,,0.0,normalDay
2023-07-03,14747.0,0.0,2.0,0,443.79,0.0,1,0.02,0.0,SPY230703P00434000,434.0,0,0.0,0.0,,0.0,expirationDay
2023-07-05,14747.0,-3.0,0.0,0,443.13,0.0,1,0.09,0.12,SPY230707P00436000,436.0,0,0.0,0.0,,0.0,normalDay
2023-07-06,14747.0,-20.0,0.0,0,439.66,0.0,1,0.09,0.29,SPY230707P00436000,436.0,0,0.0,0.0,,0.0,normalDay
2023-07-07,14756.0,0.0,9.0,0,438.55,0.0,1,0.09,0.0,SPY230707P00436000,436.0,0,0.0,0.0,,0.0,expirationDay
2023-07-10,14756.0,-3.0,0.0,0,439.66,0.0,1,1.25,1.28,SPY230713P00438000,438.0,0,0.0,0.0,,0.0,normalDay
2023-07-11,14756.0,62.0,0.0,0,442.46,0.0,1,1.25,0.63,SPY230713P00438000,438.0,0,0.0,0.0,,0.0,normalDay
2023-07-12,14756.0,119.0,0.0,0,446.02,0.0,1,1.25,0.06,SPY230713P00438000,438.0,0,0.0,0.0,,0.0,normalDay
2023-07-13,14881.0,0.0,125.0,0,449.56,0.0,1,1.25,0.0,SPY230713P00438000,438.0,0,0.0,0.0,,0.0,expirationDay
2023-07-14,14881.0,-3.0,0.0,0,449.28,0.0,1,0.02,0.05,SPY230717P00440000,440.0,0,0.0,0.0,,0.0,normalDay
2023-07-17,14883.0,0.0,2.0,0,450.84,0.0,1,0.02,0.0,SPY230717P00440000,440.0,0,0.0,0.0,,0.0,expirationDay
2023-07-18,14883.0,-3.0,0.0,0,454.19,0.0,1,0.06,0.09,SPY230721P00441000,441.0,0,0.0,0.0,,0.0,normalDay
2023-07-19,14883.0,0.0,0.0,0,455.2,0.0,1,0.06,0.06,SPY230721P00441000,441.0,0,0.0,0.0,,0.0,normalDay
2023-07-20,14883.0,1.0,0.0,0,452.18,0.0,1,0.06,0.05,SPY230721P00441000,441.0,0,0.0,0.0,,0.0,normalDay
2023-07-21,14889.0,0.0,6.0,0,452.18,0.0,1,0.06,0.0,SPY230721P00441000,441.0,0,0.0,0.0,,0.0,expirationDay
2023-07-24,14889.0,-3.0,0.0,0,454.2,0.0,1,0.17,0.2,SPY230727P00445000,445.0,0,0.0,0.0,,0.0,normalDay
2023-07-25,14889.0,7.0,0.0,0,455.44,0.0,1,0.17,0.1,SPY230727P00445000,445.0,0,0.0,0.0,,0.0,normalDay
2023-07-26,14889.0,13.0,0.0,0,455.51,0.0,1,0.17,0.04,SPY230727P00445000,445.0,0,0.0,0.0,,0.0,normalDay
2023-07-27,14906.0,0.0,17.0,0,452.49,0.0,1,0.17,0.0,SPY230727P00445000,445.0,0,0.0,0.0,,0.0,expirationDay
2023-07-28,14906.0,-3.0,0.0,0,456.92,0.0,1,0.01,0.04,SPY230731P00449000,449.0,0,0.0,0.0,,0.0,normalDay
2023-07-31,14907.0,0.0,1.0,0,457.79,0.0,1,0.01,0.0,SPY230731P00449000,449.0,0,0.0,0.0,,0.0,expirationDay
2023-08-01,14907.0,-3.0,0.0,0,456.48,0.0,1,0.34,0.37,SPY230804P00450000,450.0,0,0.0,0.0,,0.0,normalDay
2023-08-02,14907.0,-158.0,0.0,0,450.13,0.0,1,0.34,1.92,SPY230804P00450000,450.0,0,0.0,0.0,,0.0,normalDay
2023-08-03,14907.0,-135.0,0.0,0,448.84,0.0,1,0.34,1.69,SPY230804P00450000,450.0,0,0.0,0.0,,0.0,normalDay
2023-08-04,14941.0,-319.0,34.0,100,446.81,450.0,1,0.34,0.0,SPY230804P00450000,450.0,0,0.0,0.0,,0.0,expirationDay
2023-08-07,14941.0,68.0,0.0,100,450.71,450.0,0,0.0,0.0,,0.0,1,0.91,0.94,SPY230818C00459000,459.0,normalDay
2023-08-08,14941.0,-92.0,0.0,100,448.75,450.0,0,0.0,0.0,,0.0,1,0.91,0.58,SPY230818C00459000,459.0,normalDay
2023-08-09,14941.0,-365.0,0.0,100,445.75,450.0,0,0.0,0.0,,0.0,1,0.91,0.31,SPY230818C00459000,459.0,normalDay
2023-08-10,14941.0,-337.0,0.0,100,445.91,450.0,0,0.0,0.0,,0.0,1,0.91,0.19,SPY230818C00459000,459.0,normalDay
2023-08-11,14941.0,-351.0,0.0,100,445.65,450.0,0,0.0,0.0,,0.0,1,0.91,0.07,SPY230818C00459000,459.0,normalDay
2023-08-14,14941.0,-104.0,0.0,100,448.11,450.0,0,0.0,0.0,,0.0,1,0.91,0.06,SPY230818C00459000,459.0,normalDay
2023-08-15,14941.0,-622.0,0.0,100,442.89,450.0,0,0.0,0.0,,0.0,1,0.91,0.02,SPY230818C00459000,459.0,normalDay
2023-08-16,14941.0,-946.0,0.0,100,439.64,450.0,0,0.0,0.0,,0.0,1,0.91,0.01,SPY230818C00459000,459.0,normalDay
2023-08-17,14941.0,-1281.0,0.0,100,436.29,450.0,0,0.0,0.0,,0.0,1,0.91,0.01,SPY230818C00459000,459.0,normalDay
2023-08-18,15032.0,-1350.0,91.0,100,436.5,450.0,0,0.0,0.0,,0.0,1,0.91,0.0,SPY230818C00459000,459.0,expirationDay
2023-08-21,15032.0,-1069.0,0.0,100,439.34,450.0,0,0.0,0.0,,0.0,1,0.03,0.06,SPY230901C00461000,461.0,normalDay
2023-08-22,15032.0,-1187.0,0.0,100,438.15,450.0,0,0.0,0.0,,0.0,1,0.03,0.05,SPY230901C00461000,461.0,normalDay
2023-08-23,15032.0,-703.0,0.0,100,443.03,450.0,0,0.0,0.0,,0.0,1,0.03,0.09,SPY230901C00461000,461.0,normalDay
2023-08-24,15032.0,-1311.0,0.0,100,436.89,450.0,0,0.0,0.0,,0.0,1,0.03,0.03,SPY230901C00461000,461.0,normalDay
2023-08-25,15032.0,-1002.0,0.0,100,439.97,450.0,0,0.0,0.0,,0.0,1,0.03,0.02,SPY230901C00461000,461.0,normalDay
2023-08-28,15032.0,-723.0,0.0,100,442.76,450.0,0,0.0,0.0,,0.0,1,0.03,0.02,SPY230901C00461000,461.0,normalDay
2023-08-29,15032.0,-87.0,0.0,100,449.16,450.0,0,0.0,0.0,,0.0,1,0.03,0.06,SPY230901C00461000,461.0,normalDay
2023-08-30,15032.0,100.0,0.0,100,451.01,450.0,0,0.0,0.0,,0.0,1,0.03,0.04,SPY230901C00461000,461.0,normalDay
2023-08-31,15032.0,36.0,0.0,100,450.35,450.0,0,0.0,0.0,,0.0,1,0.03,0.02,SPY230901C00461000,461.0,normalDay
2023-09-01,15035.0,119.0,3.0,100,451.19,450.0,0,0.0,0.0,,0.0,1,0.03,0.0,SPY230901C00461000,461.0,expirationDay
2023-09-05,15035.0,-79.0,0.0,100,449.24,450.0,0,0.0,0.0,,0.0,1,1.38,1.41,SPY230915C00454000,454.0,normalDay
2023-09-06,15035.0,-292.0,0.0,100,446.22,450.0,0,0.0,0.0,,0.0,1,1.38,0.52,SPY230915C00454000,454.0,normalDay
2023-09-07,15035.0,-406.0,0.0,100,444.85,450.0,0,0.0,0.0,,0.0,1,1.38,0.29,SPY230915C00454000,454.0,normalDay
2023-09-08,15035.0,-330.0,0.0,100,445.52,450.0,0,0.0,0.0,,0.0,1,1.38,0.2,SPY230915C00454000,454.0,normalDay
2023-09-11,15035.0,-52.0,0.0,100,448.45,450.0,0,0.0,0.0,,0.0,1,1.38,0.35,SPY230915C00454000,454.0,normalDay
2023-09-12,15035.0,-273.0,0.0,100,445.99,450.0,0,0.0,0.0,,0.0,1,1.38,0.1,SPY230915C00454000,454.0,normalDay
2023-09-13,15035.0,-215.0,0.0,100,446.51,450.0,0,0.0,0.0,,0.0,1,1.38,0.04,SPY230915C00454000,454.0,normalDay
2023-09-14,15035.0,168.0,0.0,100,450.36,450.0,0,0.0,0.0,,0.0,1,1.38,0.06,SPY230915C00454000,454.0,normalDay
2023-09-15,15173.0,-663.0,138.0,100,443.37,450.0,0,0.0,0.0,,0.0,1,1.38,0.0,SPY230915C00454000,454.0,expirationDay
2023-09-18,15173.0,-640.0,0.0,100,443.63,450.0,0,0.0,0.0,,0.0,1,0.44,0.47,SPY230929C00454000,454.0,normalDay
2023-09-19,15173.0,-719.0,0.0,100,442.71,450.0,0,0.0,0.0,,0.0,1,0.44,0.34,SPY230929C00454000,454.0,normalDay
2023-09-20,15173.0,-1102.0,0.0,100,438.64,450.0,0,0.0,0.0,,0.0,1,0.44,0.1,SPY230929C00454000,454.0,normalDay
2023-09-21,15173.0,-1820.0,0.0,100,431.39,450.0,0,0.0,0.0,,0.0,1,0.44,0.03,SPY230929C00454000,454.0,normalDay
2023-09-22,15173.0,-1916.0,0.0,100,430.42,450.0,0,0.0,0.0,,0.0,1,0.44,0.02,SPY230929C00454000,454.0,normalDay
2023-09-25,15173.0,-1735.0,0.0,100,432.23,450.0,0,0.0,0.0,,0.0,1,0.44,0.02,SPY230929C00454000,454.0,normalDay
2023-09-26,15173.0,-2369.0,0.0,100,425.88,450.0,0,0.0,0.0,,0.0,1,0.44,0.01,SPY230929C00454000,454.0,normalDay
2023-09-27,15173.0,-2352.0,0.0,100,426.05,450.0,0,0.0,0.0,,0.0,1,0.44,0.01,SPY230929C00454000,454.0,normalDay
2023-09-28,15173.0,-2105.0,0.0,100,428.52,450.0,0,0.0,0.0,,0.0,1,0.44,0.01,SPY230929C00454000,454.0,normalDay
2023-09-29,15217.0,-2252.0,44.0,100,427.48,450.0,0,0.0,0.0,,0.0,1,0.44,0.0,SPY230929C00454000,454.0,expirationDay
2023-10-02,15217.0,-2269.0,0.0,100,427.31,450.0,0,0.0,0.0,,0.0,0,0.0,0.0,,0.0,bidTooLow
2023-10-03,15217.0,-2841.0,0.0,100,421.59,450.0,0,0.0,0.0,,0.0,0,0.0,0.0,,0.0,bidTooLow
2023-10-04,15217.0,-2534.0,0.0,100,424.66,450.0,0,0.0,0.0,,0.0,0,0.0,0.0,,0.0,bidTooLow
2023-10-05,15217.0,-2550.0,0.0,100,424.5,450.0,0,0.0,0.0,,0.0,0,0.0,0.0,,0.0,bidTooLow
2023-10-06,15217.0,-2046.0,0.0,100,429.54,450.0,0,0.0,0.0,,0.0,0,0.0,0.0,,0.0,bidTooLow
2023-10-09,15217.0,-1774.0,0.0,100,432.29,450.0,0,0.0,0.0,,0.0,1,0.17,0.2,SPY231020C00450000,450.0,normalDay
2023-10-10,15217.0,-1552.0,0.0,100,434.54,450.0,0,0.0,0.0,,0.0,1,0.17,0.23,SPY231020C00450000,450.0,normalDay
2023-10-11,15217.0,-1372.0,0.0,100,436.32,450.0,0,0.0,0.0,,0.0,1,0.17,0.21,SPY231020C00450000,450.0,normalDay
2023-10-12,15217.0,-1624.0,0.0,100,433.66,450.0,0,0.0,0.0,,0.0,1,0.17,0.07,SPY231020C00450000,450.0,normalDay
2023-10-13,15217.0,-1836.0,0.0,100,431.5,450.0,0,0.0,0.0,,0.0,1,0.17,0.03,SPY231020C00450000,450.0,normalDay
2023-10-16,15217.0,-1384.0,0.0,100,436.04,450.0,0,0.0,0.0,,0.0,1,0.17,0.05,SPY231020C00450000,450.0,normalDay
2023-10-17,15217.0,-1384.0,0.0,100,436.02,450.0,0,0.0,0.0,,0.0,1,0.17,0.03,SPY231020C00450000,450.0,normalDay
2023-10-18,15217.0,-1964.0,0.0,100,430.21,450.0,0,0.0,0.0,,0.0,1,0.17,0.02,SPY231020C00450000,450.0,normalDay
2023-10-19,15217.0,-2341.0,0.0,100,426.43,450.0,0,0.0,0.0,,0.0,1,0.17,0.01,SPY231020C00450000,450.0,normalDay
2023-10-20,15234.0,-2881.0,17.0,100,421.19,450.0,0,0.0,0.0,,0.0,1,0.17,0.0,SPY231020C00450000,450.0,expirationDay
2023-10-23,15234.0,-2957.0,0.0,100,420.46,450.0,0,0.0,0.0,,0.0,1,0.43,0.46,SPY231103C00438000,438.0,normalDay
2023-10-24,15234.0,-2647.0,0.0,100,423.63,450.0,0,0.0,0.0,,0.0,1,0.43,0.53,SPY231103C00438000,438.0,normalDay
2023-10-25,15234.0,-3214.0,0.0,100,417.55,450.0,0,0.0,0.0,,0.0,1,0.43,0.12,SPY231103C00438000,438.0,normalDay
2023-10-26,15234.0,-3707.0,0.0,100,412.55,450.0,0,0.0,0.0,,0.0,1,0.43,0.05,SPY231103C00438000,438.0,normalDay
2023-10-27,15234.0,-3891.0,0.0,100,410.68,450.0,0,0.0,0.0,,0.0,1,0.43,0.02,SPY231103C00438000,438.0,normalDay
2023-10-30,15234.0,-3400.0,0.0,100,415.59,450.0,0,0.0,0.0,,0.0,1,0.43,0.02,SPY231103C00438000,438.0,normalDay
2023-10-31,15234.0,-3139.0,0.0,100,418.2,450.0,0,0.0,0.0,,0.0,1,0.43,0.02,SPY231103C00438000,438.0,normalDay
2023-11-01,15234.0,-2692.0,0.0,100,422.66,450.0,0,0.0,0.0,,0.0,1,0.43,0.01,SPY231103C00438000,438.0,normalDay
2023-11-02,15234.0,-1885.0,0.0,100,430.76,450.0,0,0.0,0.0,,0.0,1,0.43,0.04,SPY231103C00438000,438.0,normalDay
2023-11-03,15277.0,-1531.0,43.0,100,434.69,450.0,0,0.0,0.0,,0.0,1,0.43,0.0,SPY231103C00438000,438.0,expirationDay
2023-11-06,15277.0,-1434.0,0.0,100,435.69,450.0,0,0.0,0.0,,0.0,1,1.13,1.16,SPY231117C00443000,443.0,normalDay
2023-11-07,15277.0,-1335.0,0.0,100,436.93,450.0,0,0.0,0.0,,0.0,1,1.13,1.41,SPY231117C00443000,443.0,normalDay
2023-11-08,15277.0,-1283.0,0.0,100,437.25,450.0,0,0.0,0.0,,0.0,1,1.13,1.21,SPY231117C00443000,443.0,normalDay
2023-11-09,15277.0,-1556.0,0.0,100,433.84,450.0,0,0.0,0.0,,0.0,1,1.13,0.53,SPY231117C00443000,443.0,normalDay
2023-11-10,15277.0,-1026.0,0.0,100,440.61,450.0,0,0.0,0.0,,0.0,1,1.13,2.0,SPY231117C00443000,443.0,normalDay
2023-11-13,15277.0,-1040.0,0.0,100,440.19,450.0,0,0.0,0.0,,0.0,1,1.13,1.72,SPY231117C00443000,443.0,normalDay
2023-11-14,15277.0,-702.0,0.0,100,448.73,450.0,0,0.0,0.0,,0.0,1,1.13,6.88,SPY231117C00443000,443.0,normalDay
2023-11-15,15277.0,-601.0,0.0,100,449.68,450.0,0,0.0,0.0,,0.0,1,1.13,6.82,SPY231117C00443000,443.0,normalDay
2023-11-16,15277.0,-606.0,0.0,100,450.23,450.0,0,0.0,0.0,,0.0,1,1.13,7.42,SPY231117C00443000,443.0,normalDay
2023-11-17,14690.0,-606.0,-587.0,0,450.79,0.0,0,0.0,0.0,,0.0,1,1.13,0.0,SPY231117C00443000,443.0,expirationDay
2023-11-20,14690.0,0.0,0.0,0,454.26,0.0,0,0.0,0.0,,0.0,0,0.0,0.0,,0.0,bidTooLow
2023-11-21,14690.0,0.0,0.0,0,453.27,0.0,0,0.0,0.0,,0.0,0,0.0,0.0,,0.0,bidTooLow
2023-11-22,14690.0,0.0,0.0,0,455.02,0.0,0,0.0,0.0,,0.0,0,0.0,0.0,,0.0,bidTooLow
2023-11-24,14690.0,0.0,0.0,0,455.3,0.0,0,0.0,0.0,,0.0,0,0.0,0.0,,0.0,bidTooLow
2023-11-27,14690.0,-3.0,0.0,0,454.48,0.0,1,0.01,0.04,SPY231130P00441000,441.0,0,0.0,0.0,,0.0,normalDay
2023-11-28,14690.0,-2.0,0.0,0,454.93,0.0,1,0.01,0.03,SPY231130P00441000,441.0,0,0.0,0.0,,0.0,normalDay
2023-11-29,14690.0,-1.0,0.0,0,454.61,0.0,1,0.01,0.02,SPY231130P00441000,441.0,0,0.0,0.0,,0.0,normalDay
2023-11-30,14691.0,0.0,1.0,0,456.4,0.0,1,0.01,0.0,SPY231130P00441000,441.0,0,0.0,0.0,,0.0,expirationDay
