date,totalCapital,unrializedPnL,rializedPnL,stocksOwned,stocksPriceToday,stocksPriceBoughtAt,putOwned,putOwnedSoldAt,putPriceToday,putOwnedContract,putOwnedStrike,callOwned,callOwnedSoldAt,callPriceToday,callOwnedContract,callOwnedStrike,trackType
2018-11-01,0.0,-8.0,0.0,0,273.51,0.0,1,3.95,4.03,SPY181119P00273000,273.0,0,0.0,0.0,,0.0,normalDay
2018-11-02,0.0,-57.0,0.0,0,271.89,0.0,1,3.95,4.52,SPY181119P00273000,273.0,0,0.0,0.0,,0.0,normalDay
2018-11-05,0.0,47.0,0.0,0,273.39,0.0,1,3.95,3.48,SPY181119P00273000,273.0,0,0.0,0.0,,0.0,normalDay
2018-11-06,0.0,124.0,0.0,0,275.12,0.0,1,3.95,2.71,SPY181119P00273000,273.0,0,0.0,0.0,,0.0,normalDay
2018-11-07,0.0,323.0,0.0,0,281.01,0.0,1,3.95,0.72,SPY181119P00273000,273.0,0,0.0,0.0,,0.0,normalDay
2018-11-08,0.0,324.0,0.0,0,280.5,0.0,1,3.95,0.71,SPY181119P00273000,273.0,0,0.0,0.0,,0.0,normalDay
2018-11-09,0.0,284.0,0.0,0,277.76,0.0,1,3.95,1.11,SPY181119P00273000,273.0,0,0.0,0.0,,0.0,normalDay
2018-11-12,0.0,108.0,0.0,0,272.57,0.0,1,3.95,2.87,SPY181119P00273000,273.0,0,0.0,0.0,,0.0,normalDay
2018-11-13,0.0,96.0,0.0,0,272.06,0.0,1,3.95,2.99,SPY181119P00273000,273.0,0,0.0,0.0,,0.0,normalDay
2018-11-14,0.0,-41.0,0.0,0,270.2,0.0,1,3.95,4.36,SPY181119P00273000,273.0,0,0.0,0.0,,0.0,normalDay
2018-11-15,0.0,211.0,0.0,0,273.02,0.0,1,3.95,1.84,SPY181119P00273000,273.0,0,0.0,0.0,,0.0,normalDay
2018-11-16,0.0,313.0,0.0,0,273.73,0.0,1,3.95,0.82,SPY181119P00273000,273.0,0,0.0,0.0,,0.0,normalDay
2018-11-19,395.0,-390.0,395.0,100,269.1,273.0,1,3.95,0.0,SPY181119P00273000,273.0,0,0.0,0.0,,0.0,expirationDay
2018-11-20,395.0,-888.0,0.0,100,264.12,273.0,0,0.0,0.0,,0.0,0,0.0,0.0,,0.0,bidTooLow
2018-11-21,395.0,-798.0,0.0,100,265.02,273.0,0,0.0,0.0,,0.0,0,0.0,0.0,,0.0,bidTooLow
2018-11-23,395.0,-975.0,0.0,100,263.25,273.0,0,0.0,0.0,,0.0,0,0.0,0.0,,0.0,bidTooLow
2018-11-26,395.0,-550.0,0.0,100,267.5,273.0,0,0.0,0.0,,0.0,0,0.0,0.0,,0.0,bidTooLow
2018-11-27,395.0,-460.0,0.0,100,268.4,273.0,0,0.0,0.0,,0.0,0,0.0,0.0,,0.0,bidTooLow
2018-11-28,395.0,158.0,0.0,100,274.58,273.0,0,0.0,0.0,,0.0,0,0.0,0.0,,0.0,bidTooLow
2018-11-29,395.0,98.0,0.0,100,273.98,273.0,0,0.0,0.0,,0.0,0,0.0,0.0,,0.0,bidTooLow
2018-11-30,395.0,265.0,0.0,100,275.65,273.0,0,0.0,0.0,,0.0,0,0.0,0.0,,0.0,bidTooLow
2018-12-03,395.0,630.0,0.0,100,279.3,273.0,0,0.0,0.0,,0.0,0,0.0,0.0,,0.0,bidTooLow
2018-12-04,395.0,-275.0,0.0,100,270.25,273.0,0,0.0,0.0,,0.0,0,0.0,0.0,,0.0,bidTooLow
2018-12-06,395.0,-316.0,0.0,100,269.84,273.0,0,0.0,0.0,,0.0,0,0.0,0.0,,0.0,bidTooLow
2018-12-07,395.0,-943.0,0.0,100,263.57,273.0,0,0.0,0.0,,0.0,0,0.0,0.0,,0.0,bidTooLow
2018-12-10,395.0,-893.0,0.0,100,264.07,273.0,0,0.0,0.0,,0.0,0,0.0,0.0,,0.0,bidTooLow
2018-12-11,395.0,-887.0,0.0,100,264.13,273.0,0,0.0,0.0,,0.0,0,0.0,0.0,,0.0,bidTooLow
2018-12-12,395.0,-754.0,0.0,100,265.46,273.0,0,0.0,0.0,,0.0,0,0.0,0.0,,0.0,bidTooLow
2018-12-13,395.0,-763.0,0.0,100,265.37,273.0,0,0.0,0.0,,0.0,0,0.0,0.0,,0.0,bidTooLow
2018-12-14,395.0,-1253.0,0.0,100,260.47,273.0,0,0.0,0.0,,0.0,0,0.0,0.0,,0.0,bidTooLow
2018-12-17,395.0,-1764.0,0.0,100,255.36,273.0,0,0.0,0.0,,0.0,0,0.0,0.0,,0.0,bidTooLow
2018-12-18,395.0,-1792.0,0.0,100,255.08,273.0,0,0.0,0.0,,0.0,0,0.0,0.0,,0.0,bidTooLow
2018-12-19,395.0,-2174.0,0.0,100,251.26,273.0,0,0.0,0.0,,0.0,0,0.0,0.0,,0.0,bidTooLow
2018-12-20,395.0,-2583.0,0.0,100,247.17,273.0,0,0.0,0.0,,0.0,0,0.0,0.0,,0.0,bidTooLow
2018-12-21,395.0,-3230.0,0.0,100,240.7,273.0,0,0.0,0.0,,0.0,0,0.0,0.0,,0.0,bidTooLow
2018-12-24,395.0,-3866.0,0.0,100,234.34,273.0,0,0.0,0.0,,0.0,0,0.0,0.0,,0.0,bidTooLow
2018-12-26,395.0,-2682.0,0.0,100,246.18,273.0,0,0.0,0.0,,0.0,0,0.0,0.0,,0.0,bidTooLow
2018-12-27,395.0,-2493.0,0.0,100,248.07,273.0,0,0.0,0.0,,0.0,0,0.0,0.0,,0.0,bidTooLow
2018-12-28,395.0,-2525.0,0.0,100,247.75,273.0,0,0.0,0.0,,0.0,0,0.0,0.0,,0.0,bidTooLow
2018-12-31,395.0,-2308.0,0.0,100,249.92,273.0,0,0.0,0.0,,0.0,0,0.0,0.0,,0.0,bidTooLow
2019-01-02,395.0,-2282.0,0.0,100,250.18,273.0,0,0.0,0.0,,0.0,0,0.0,0.0,,0.0,bidTooLow
2019-01-03,395.0,-2879.0,0.0,100,244.21,273.0,0,0.0,0.0,,0.0,0,0.0,0.0,,0.0,bidTooLow
2019-01-04,395.0,-2061.0,0.0,100,252.39,273.0,0,0.0,0.0,,0.0,0,0.0,0.0,,0.0,bidTooLow
2019-01-07,395.0,-1862.0,0.0,100,254.38,273.0,0,0.0,0.0,,0.0,0,0.0,0.0,,0.0,bidTooLow
2019-01-08,395.0,-1623.0,0.0,100,256.77,273.0,0,0.0,0.0,,0.0,0,0.0,0.0,,0.0,bidTooLow
2019-01-09,395.0,-1503.0,0.0,100,257.97,273.0,0,0.0,0.0,,0.0,0,0.0,0.0,,0.0,bidTooLow
2019-01-10,395.0,-1412.0,0.0,100,258.88,273.0,0,0.0,0.0,,0.0,0,0.0,0.0,,0.0,bidTooLow
2019-01-11,395.0,-1402.0,0.0,100,258.98,273.0,0,0.0,0.0,,0.0,0,0.0,0.0,,0.0,bidTooLow
2019-01-14,395.0,-1560.0,0.0,100,257.4,273.0,0,0.0,0.0,,0.0,0,0.0,0.0,,0.0,bidTooLow
2019-01-15,395.0,-1265.0,0.0,100,260.35,273.0,0,0.0,0.0,,0.0,0,0.0,0.0,,0.0,bidTooLow
2019-01-16,395.0,-1202.0,0.0,100,260.98,273.0,0,0.0,0.0,,0.0,0,0.0,0.0,,0.0,bidTooLow
2019-01-17,395.0,-1004.0,0.0,100,262.96,273.0,0,0.0,0.0,,0.0,0,0.0,0.0,,0.0,bidTooLow
2019-01-18,395.0,-654.0,0.0,100,266.46,273.0,0,0.0,0.0,,0.0,0,0.0,0.0,,0.0,bidTooLow
2019-01-22,395.0,-1014.0,0.0,100,262.86,273.0,0,0.0,0.0,,0.0,0,0.0,0.0,,0.0,bidTooLow
2019-01-23,395.0,-959.0,0.0,100,263.41,273.0,0,0.0,0.0,,0.0,0,0.0,0.0,,0.0,bidTooLow
2019-01-24,395.0,-945.0,0.0,100,263.55,273.0,0,0.0,0.0,,0.0,0,0.0,0.0,,0.0,bidTooLow
2019-01-25,395.0,-722.0,0.0,100,265.78,273.0,0,0.0,0.0,,0.0,0,0.0,0.0,,0.0,bidTooLow
2019-01-28,395.0,-924.0,0.0,100,263.76,273.0,0,0.0,0.0,,0.0,0,0.0,0.0,,0.0,bidTooLow
2019-01-29,395.0,-959.0,0.0,100,263.41,273.0,0,0.0,0.0,,0.0,0,0.0,0.0,,0.0,bidTooLow
2019-01-30,395.0,-542.0,0.0,100,267.58,273.0,0,0.0,0.0,,0.0,0,0.0,0.0,,0.0,bidTooLow
2019-01-31,395.0,-307.0,0.0,100,269.93,273.0,0,0.0,0.0,,0.0,0,0.0,0.0,,0.0,bidTooLow
2019-02-01,395.0,-294.0,0.0,100,270.06,273.0,0,0.0,0.0,,0.0,0,0.0,0.0,,0.0,bidTooLow
2019-02-04,395.0,-104.0,0.0,100,271.96,273.0,0,0.0,0.0,,0.0,0,0.0,0.0,,0.0,bidTooLow
2019-02-05,395.0,10.0,0.0,100,273.1,273.0,0,0.0,0.0,,0.0,0,0.0,0.0,,0.0,bidTooLow
2019-02-06,395.0,-26.0,0.0,100,272.74,273.0,0,0.0,0.0,,0.0,0,0.0,0.0,,0.0,bidTooLow
2019-02-07,395.0,-286.0,0.0,100,270.14,273.0,0,0.0,0.0,,0.0,0,0.0,0.0,,0.0,bidTooLow
2019-02-08,395.0,-253.0,0.0,100,270.47,273.0,0,0.0,0.0,,0.0,0,0.0,0.0,,0.0,bidTooLow
2019-02-11,395.0,-238.0,0.0,100,270.62,273.0,0,0.0,0.0,,0.0,0,0.0,0.0,,0.0,bidTooLow
2019-02-12,395.0,110.0,0.0,100,274.1,273.0,0,0.0,0.0,,0.0,0,0.0,0.0,,0.0,bidTooLow
2019-02-13,395.0,199.0,0.0,100,274.99,273.0,0,0.0,0.0,,0.0,0,0.0,0.0,,0.0,bidTooLow
2019-02-14,395.0,138.0,0.0,100,274.38,273.0,0,0.0,0.0,,0.0,0,0.0,0.0,,0.0,bidTooLow
2019-02-15,395.0,437.0,0.0,100,277.37,273.0,0,0.0,0.0,,0.0,0,0.0,0.0,,0.0,bidTooLow
2019-02-19,395.0,485.0,0.0,100,277.85,273.0,0,0.0,0.0,,0.0,0,0.0,0.0,,0.0,bidTooLow
2019-02-20,395.0,541.0,0.0,100,278.41,273.0,0,0.0,0.0,,0.0,0,0.0,0.0,,0.0,bidTooLow
2019-02-21,395.0,442.0,0.0,100,277.42,273.0,0,0.0,0.0,,0.0,0,0.0,0.0,,0.0,bidTooLow
2019-02-22,395.0,614.0,0.0,100,279.14,273.0,0,0.0,0.0,,0.0,0,0.0,0.0,,0.0,bidTooLow
2019-02-25,395.0,652.0,0.0,100,279.52,273.0,0,0.0,0.0,,0.0,0,0.0,0.0,,0.0,bidTooLow
2019-02-26,395.0,632.0,0.0,100,279.32,273.0,0,0.0,0.0,,0.0,0,0.0,0.0,,0.0,bidTooLow
2019-02-27,395.0,620.0,0.0,100,279.2,273.0,0,0.0,0.0,,0.0,0,0.0,0.0,,0.0,bidTooLow
2019-02-28,395.0,568.0,0.0,100,278.68,273.0,0,0.0,0.0,,0.0,0,0.0,0.0,,0.0,bidTooLow
2019-03-01,395.0,742.0,0.0,100,280.42,273.0,0,0.0,0.0,,0.0,0,0.0,0.0,,0.0,bidTooLow
2019-03-04,395.0,640.0,0.0,100,279.4,273.0,0,0.0,0.0,,0.0,0,0.0,0.0,,0.0,bidTooLow
2019-03-05,395.0,602.0,0.0,100,279.02,273.0,0,0.0,0.0,,0.0,0,0.0,0.0,,0.0,bidTooLow
2019-03-06,395.0,433.0,0.0,100,277.33,273.0,0,0.0,0.0,,0.0,0,0.0,0.0,,0.0,bidTooLow
2019-03-07,395.0,201.0,0.0,100,275.01,273.0,0,0.0,0.0,,0.0,0,0.0,0.0,,0.0,bidTooLow
2019-03-08,395.0,146.0,0.0,100,274.46,273.0,0,0.0,0.0,,0.0,0,0.0,0.0,,0.0,bidTooLow
2019-03-11,395.0,544.0,0.0,100,278.44,273.0,0,0.0,0.0,,0.0,0,0.0,0.0,,0.0,bidTooLow
2019-03-12,395.0,649.0,0.0,100,279.49,273.0,0,0.0,0.0,,0.0,0,0.0,0.0,,0.0,bidTooLow
2019-03-13,395.0,834.0,0.0,100,281.34,273.0,0,0.0,0.0,,0.0,0,0.0,0.0,,0.0,bidTooLow
2019-03-14,395.0,816.0,0.0,100,281.16,273.0,0,0.0,0.0,,0.0,0,0.0,0.0,,0.0,bidTooLow
2019-03-15,395.0,831.0,0.0,100,281.31,273.0,0,0.0,0.0,,0.0,0,0.0,0.0,,0.0,bidTooLow
2019-03-18,395.0,930.0,0.0,100,282.33,273.0,0,0.0,0.0,,0.0,1,0.01,0.04,SPY190322C00288000,288.0,normalDay
2019-03-19,395.0,937.0,0.0,100,282.4,273.0,0,0.0,0.0,,0.0,1,0.01,0.04,SPY190322C00288000,288.0,normalDay
2019-03-20,395.0,854.0,0.0,100,281.55,273.0,0,0.0,0.0,,0.0,1,0.01,0.02,SPY190322C00288000,288.0,normalDay
2019-03-21,395.0,1172.0,0.0,100,284.73,273.0,0,0.0,0.0,,0.0,1,0.01,0.02,SPY190322C00288000,288.0,normalDay
2019-03-22,396.0,625.0,1.0,100,279.25,273.0,0,0.0,0.0,,0.0,1,0.01,0.0,SPY190322C00288000,288.0,expirationDay
2019-03-25,396.0,604.0,0.0,100,279.04,273.0,0,0.0,0.0,,0.0,0,0.0,0.0,,0.0,bidTooLow
2019-03-26,396.0,812.0,0.0,100,281.12,273.0,0,0.0,0.0,,0.0,0,0.0,0.0,,0.0,bidTooLow
2019-03-27,396.0,665.0,0.0,100,279.65,273.0,0,0.0,0.0,,0.0,0,0.0,0.0,,0.0,bidTooLow
2019-03-28,396.0,771.0,0.0,100,280.71,273.0,0,0.0,0.0,,0.0,0,0.0,0.0,,0.0,bidTooLow
2019-03-29,396.0,948.0,0.0,100,282.48,273.0,0,0.0,0.0,,0.0,0,0.0,0.0,,0.0,bidTooLow
2019-04-01,396.0,1283.0,0.0,100,285.83,273.0,0,0.0,0.0,,0.0,0,0.0,0.0,,0.0,bidTooLow
2019-04-02,396.0,1297.0,0.0,100,285.97,273.0,0,0.0,0.0,,0.0,0,0.0,0.0,,0.0,bidTooLow
2019-04-03,396.0,1342.0,0.0,100,286.42,273.0,0,0.0,0.0,,0.0,0,0.0,0.0,,0.0,bidTooLow
2019-04-04,396.0,1418.0,0.0,100,287.18,273.0,0,0.0,0.0,,0.0,0,0.0,0.0,,0.0,bidTooLow
2019-04-05,396.0,1557.0,0.0,100,288.57,273.0,0,0.0,0.0,,0.0,0,0.0,0.0,,0.0,bidTooLow
2019-04-08,396.0,1579.0,0.0,100,288.79,273.0,0,0.0,0.0,,0.0,0,0.0,0.0,,0.0,bidTooLow
2019-04-09,396.0,1431.0,0.0,100,287.31,273.0,0,0.0,0.0,,0.0,0,0.0,0.0,,0.0,bidTooLow
2019-04-10,396.0,1529.0,0.0,100,288.29,273.0,0,0.0,0.0,,0.0,0,0.0,0.0,,0.0,bidTooLow
2019-04-11,396.0,1521.0,0.0,100,288.21,273.0,0,0.0,0.0,,0.0,0,0.0,0.0,,0.0,bidTooLow
2019-04-12,396.0,1716.0,0.0,100,290.16,273.0,0,0.0,0.0,,0.0,0,0.0,0.0,,0.0,bidTooLow
2019-04-15,396.0,1697.0,0.0,100,289.97,273.0,0,0.0,0.0,,0.0,0,0.0,0.0,,0.0,bidTooLow
2019-04-16,396.0,1716.0,0.0,100,290.16,273.0,0,0.0,0.0,,0.0,0,0.0,0.0,,0.0,bidTooLow
2019-04-17,396.0,1645.0,0.0,100,289.45,273.0,0,0.0,0.0,,0.0,0,0.0,0.0,,0.0,bidTooLow
2019-04-18,396.0,1702.0,0.0,100,290.02,273.0,0,0.0,0.0,,0.0,0,0.0,0.0,,0.0,bidTooLow
2019-04-22,396.0,1727.0,0.0,100,290.27,273.0,0,0.0,0.0,,0.0,0,0.0,0.0,,0.0,bidTooLow
2019-04-23,396.0,1988.0,0.0,100,292.88,273.0,0,0.0,0.0,,0.0,0,0.0,0.0,,0.0,bidTooLow
2019-04-24,396.0,1923.0,0.0,100,292.23,273.0,0,0.0,0.0,,0.0,0,0.0,0.0,,0.0,bidTooLow
2019-04-25,396.0,1905.0,0.0,100,292.05,273.0,0,0.0,0.0,,0.0,0,0.0,0.0,,0.0,bidTooLow
2019-04-26,396.0,2041.0,0.0,100,293.41,273.0,0,0.0,0.0,,0.0,0,0.0,0.0,,0.0,bidTooLow
2019-04-29,396.0,2087.0,0.0,100,293.87,273.0,0,0.0,0.0,,0.0,0,0.0,0.0,,0.0,bidTooLow
2019-04-30,396.0,2102.0,0.0,100,294.02,273.0,0,0.0,0.0,,0.0,0,0.0,0.0,,0.0,bidTooLow
2019-05-01,396.0,1881.0,0.0,100,291.81,273.0,0,0.0,0.0,,0.0,0,0.0,0.0,,0.0,bidTooLow
2019-05-02,396.0,1818.0,0.0,100,291.18,273.0,0,0.0,0.0,,0.0,0,0.0,0.0,,0.0,bidTooLow
2019-05-03,396.0,2103.0,0.0,100,294.03,273.0,0,0.0,0.0,,0.0,0,0.0,0.0,,0.0,bidTooLow
2019-05-06,396.0,1982.0,0.0,100,292.82,273.0,0,0.0,0.0,,0.0,0,0.0,0.0,,0.0,bidTooLow
2019-05-07,396.0,1493.0,0.0,100,287.93,273.0,0,0.0,0.0,,0.0,0,0.0,0.0,,0.0,bidTooLow
2019-05-08,396.0,1453.0,0.0,100,287.53,273.0,0,0.0,0.0,,0.0,0,0.0,0.0,,0.0,bidTooLow
2019-05-09,396.0,1366.0,0.0,100,286.66,273.0,0,0.0,0.0,,0.0,0,0.0,0.0,,0.0,bidTooLow
2019-05-10,396.0,1510.0,0.0,100,288.1,273.0,0,0.0,0.0,,0.0,0,0.0,0.0,,0.0,bidTooLow
2019-05-13,396.0,786.0,0.0,100,280.86,273.0,0,0.0,0.0,,0.0,0,0.0,0.0,,0.0,bidTooLow
2019-05-14,396.0,1040.0,0.0,100,283.4,273.0,0,0.0,0.0,,0.0,0,0.0,0.0,,0.0,bidTooLow
2019-05-15,396.0,1206.0,0.0,100,285.06,273.0,0,0.0,0.0,,0.0,0,0.0,0.0,,0.0,bidTooLow
2019-05-16,396.0,1470.0,0.0,100,287.7,273.0,0,0.0,0.0,,0.0,0,0.0,0.0,,0.0,bidTooLow
2019-05-17,396.0,1284.0,0.0,100,285.84,273.0,0,0.0,0.0,,0.0,0,0.0,0.0,,0.0,bidTooLow
2019-05-20,396.0,1095.0,0.0,100,283.95,273.0,0,0.0,0.0,,0.0,0,0.0,0.0,,0.0,bidTooLow
2019-05-21,396.0,1351.0,0.0,100,286.51,273.0,0,0.0,0.0,,0.0,0,0.0,0.0,,0.0,bidTooLow
2019-05-22,396.0,1263.0,0.0,100,285.63,273.0,0,0.0,0.0,,0.0,0,0.0,0.0,,0.0,bidTooLow
2019-05-23,396.0,914.0,0.0,100,282.14,273.0,0,0.0,0.0,,0.0,0,0.0,0.0,,0.0,bidTooLow
2019-05-24,396.0,978.0,0.0,100,282.78,273.0,0,0.0,0.0,,0.0,0,0.0,0.0,,0.0,bidTooLow
2019-05-28,396.0,715.0,0.0,100,280.15,273.0,0,0.0,0.0,,0.0,0,0.0,0.0,,0.0,bidTooLow
2019-05-29,396.0,527.0,0.0,100,278.27,273.0,0,0.0,0.0,,0.0,0,0.0,0.0,,0.0,bidTooLow
2019-05-30,396.0,603.0,0.0,100,279.03,273.0,0,0.0,0.0,,0.0,0,0.0,0.0,,0.0,bidTooLow
2019-05-31,396.0,227.0,0.0,100,275.27,273.0,0,0.0,0.0,,0.0,0,0.0,0.0,,0.0,bidTooLow
2019-06-03,396.0,157.0,0.0,100,274.57,273.0,0,0.0,0.0,,0.0,0,0.0,0.0,,0.0,bidTooLow
2019-06-04,396.0,753.0,0.0,100,280.53,273.0,0,0.0,0.0,,0.0,0,0.0,0.0,,0.0,bidTooLow
2019-06-05,396.0,996.0,0.0,100,282.96,273.0,0,0.0,0.0,,0.0,0,0.0,0.0,,0.0,bidTooLow
2019-06-06,396.0,1180.0,0.0,100,284.8,273.0,0,0.0,0.0,,0.0,0,0.0,0.0,,0.0,bidTooLow
2019-06-07,396.0,1465.0,0.0,100,287.65,273.0,0,0.0,0.0,,0.0,0,0.0,0.0,,0.0,bidTooLow
2019-06-10,396.0,1597.0,0.0,100,288.97,273.0,0,0.0,0.0,,0.0,0,0.0,0.0,,0.0,bidTooLow
2019-06-11,396.0,1590.0,0.0,100,288.9,273.0,0,0.0,0.0,,0.0,0,0.0,0.0,,0.0,bidTooLow
2019-06-12,396.0,1539.0,0.0,100,288.39,273.0,0,0.0,0.0,,0.0,0,0.0,0.0,,0.0,bidTooLow
2019-06-13,396.0,1658.0,0.0,100,289.58,273.0,0,0.0,0.0,,0.0,0,0.0,0.0,,0.0,bidTooLow
2019-06-14,396.0,1626.0,0.0,100,289.26,273.0,0,0.0,0.0,,0.0,0,0.0,0.0,,0.0,bidTooLow
2019-06-17,396.0,1637.0,0.0,100,289.37,273.0,0,0.0,0.0,,0.0,0,0.0,0.0,,0.0,bidTooLow
2019-06-18,396.0,1940.0,0.0,100,292.4,273.0,0,0.0,0.0,,0.0,0,0.0,0.0,,0.0,bidTooLow
2019-06-19,396.0,2006.0,0.0,100,293.06,273.0,0,0.0,0.0,,0.0,0,0.0,0.0,,0.0,bidTooLow
2019-06-20,396.0,2286.0,0.0,100,295.86,273.0,0,0.0,0.0,,0.0,0,0.0,0.0,,0.0,bidTooLow
2019-06-21,396.0,2100.0,0.0,100,294.0,273.0,0,0.0,0.0,,0.0,0,0.0,0.0,,0.0,bidTooLow
2019-06-24,396.0,2064.0,0.0,100,293.64,273.0,0,0.0,0.0,,0.0,0,0.0,0.0,,0.0,bidTooLow
2019-06-25,396.0,1776.0,0.0,100,290.76,273.0,0,0.0,0.0,,0.0,0,0.0,0.0,,0.0,bidTooLow
2019-06-26,396.0,1747.0,0.0,100,290.47,273.0,0,0.0,0.0,,0.0,0,0.0,0.0,,0.0,bidTooLow
2019-06-27,396.0,1850.0,0.0,100,291.5,273.0,0,0.0,0.0,,0.0,0,0.0,0.0,,0.0,bidTooLow
2019-06-28,396.0,2000.0,0.0,100,293.0,273.0,0,0.0,0.0,,0.0,0,0.0,0.0,,0.0,bidTooLow
2019-07-01,396.0,2266.0,0.0,100,295.66,273.0,0,0.0,0.0,,0.0,0,0.0,0.0,,0.0,bidTooLow
2019-07-02,396.0,2343.0,0.0,100,296.43,273.0,0,0.0,0.0,,0.0,0,0.0,0.0,,0.0,bidTooLow
2019-07-03,396.0,2580.0,0.0,100,298.8,273.0,0,0.0,0.0,,0.0,0,0.0,0.0,,0.0,bidTooLow
2019-07-05,396.0,2546.0,0.0,100,298.46,273.0,0,0.0,0.0,,0.0,0,0.0,0.0,,0.0,bidTooLow
2019-07-08,396.0,2382.0,0.0,100,296.82,273.0,0,0.0,0.0,,0.0,0,0.0,0.0,,0.0,bidTooLow
2019-07-09,396.0,2419.0,0.0,100,297.19,273.0,0,0.0,0.0,,0.0,0,0.0,0.0,,0.0,bidTooLow
2019-07-10,396.0,2561.0,0.0,100,298.61,273.0,0,0.0,0.0,,0.0,0,0.0,0.0,,0.0,bidTooLow
2019-07-11,396.0,2631.0,0.0,100,299.31,273.0,0,0.0,0.0,,0.0,0,0.0,0.0,,0.0,bidTooLow
2019-07-12,396.0,2765.0,0.0,100,300.65,273.0,0,0.0,0.0,,0.0,0,0.0,0.0,,0.0,bidTooLow
2019-07-15,396.0,2775.0,0.0,100,300.75,273.0,0,0.0,0.0,,0.0,0,0.0,0.0,,0.0,bidTooLow
2019-07-16,396.0,2678.0,0.0,100,299.78,273.0,0,0.0,0.0,,0.0,0,0.0,0.0,,0.0,bidTooLow
2019-07-17,396.0,2474.0,0.0,100,297.74,273.0,0,0.0,0.0,,0.0,0,0.0,0.0,,0.0,bidTooLow
2019-07-18,396.0,2583.0,0.0,100,298.83,273.0,0,0.0,0.0,,0.0,0,0.0,0.0,,0.0,bidTooLow
2019-07-19,396.0,2417.0,0.0,100,297.17,273.0,0,0.0,0.0,,0.0,0,0.0,0.0,,0.0,bidTooLow
2019-07-22,396.0,2490.0,0.0,100,297.9,273.0,0,0.0,0.0,,0.0,0,0.0,0.0,,0.0,bidTooLow
2019-07-23,396.0,2703.0,0.0,100,300.03,273.0,0,0.0,0.0,,0.0,0,0.0,0.0,,0.0,bidTooLow
2019-07-24,396.0,2844.0,0.0,100,301.44,273.0,0,0.0,0.0,,0.0,0,0.0,0.0,,0.0,bidTooLow
2019-07-25,396.0,2700.0,0.0,100,300.0,273.0,0,0.0,0.0,,0.0,0,0.0,0.0,,0.0,bidTooLow
2019-07-26,396.0,2901.0,0.0,100,302.01,273.0,0,0.0,0.0,,0.0,0,0.0,0.0,,0.0,bidTooLow
2019-07-29,396.0,2843.0,0.0,100,301.46,273.0,0,0.0,0.0,,0.0,1,0.03,0.06,SPY190802C00307500,307.5,normalDay
2019-07-30,396.0,2770.0,0.0,100,300.72,273.0,0,0.0,0.0,,0.0,1,0.03,0.05,SPY190802C00307500,307.5,normalDay
2019-07-31,396.0,2444.0,0.0,100,297.43,273.0,0,0.0,0.0,,0.0,1,0.03,0.02,SPY190802C00307500,307.5,normalDay
2019-08-01,396.0,2186.0,0.0,100,294.84,273.0,0,0.0,0.0,,0.0,1,0.03,0.01,SPY190802C00307500,307.5,normalDay
2019-08-02,399.0,1962.0,3.0,100,292.62,273.0,0,0.0,0.0,,0.0,1,0.03,0.0,SPY190802C00307500,307.5,expirationDay
2019-08-05,399.0,1082.0,0.0,100,283.82,273.0,0,0.0,0.0,,0.0,0,0.0,0.0,,0.0,bidTooLow
2019-08-06,399.0,1480.0,0.0,100,287.8,273.0,0,0.0,0.0,,0.0,0,0.0,0.0,,0.0,bidTooLow
2019-08-07,399.0,1497.0,0.0,100,287.97,273.0,0,0.0,0.0,,0.0,0,0.0,0.0,,0.0,bidTooLow
2019-08-08,399.0,2062.0,0.0,100,293.62,273.0,0,0.0,0.0,,0.0,0,0.0,0.0,,0.0,bidTooLow
2019-08-09,399.0,1862.0,0.0,100,291.62,273.0,0,0.0,0.0,,0.0,0,0.0,0.0,,0.0,bidTooLow
2019-08-12,399.0,1507.0,0.0,100,288.07,273.0,0,0.0,0.0,,0.0,0,0.0,0.0,,0.0,bidTooLow
2019-08-13,399.0,1955.0,0.0,100,292.55,273.0,0,0.0,0.0,,0.0,0,0.0,0.0,,0.0,bidTooLow
2019-08-14,399.0,1090.0,0.0,100,283.9,273.0,0,0.0,0.0,,0.0,0,0.0,0.0,,0.0,bidTooLow
2019-08-15,399.0,1165.0,0.0,100,284.65,273.0,0,0.0,0.0,,0.0,0,0.0,0.0,,0.0,bidTooLow
2019-08-16,399.0,1585.0,0.0,100,288.85,273.0,0,0.0,0.0,,0.0,0,0.0,0.0,,0.0,bidTooLow
2019-08-19,399.0,1933.0,0.0,100,292.33,273.0,0,0.0,0.0,,0.0,0,0.0,0.0,,0.0,bidTooLow
2019-08-20,399.0,1709.0,0.0,100,290.09,273.0,0,0.0,0.0,,0.0,0,0.0,0.0,,0.0,bidTooLow
2019-08-21,399.0,1945.0,0.0,100,292.45,273.0,0,0.0,0.0,,0.0,0,0.0,0.0,,0.0,bidTooLow
2019-08-22,399.0,1936.0,0.0,100,292.36,273.0,0,0.0,0.0,,0.0,0,0.0,0.0,,0.0,bidTooLow
2019-08-23,399.0,1185.0,0.0,100,284.85,273.0,0,0.0,0.0,,0.0,0,0.0,0.0,,0.0,bidTooLow
2019-08-26,399.0,1500.0,0.0,100,288.0,273.0,0,0.0,0.0,,0.0,0,0.0,0.0,,0.0,bidTooLow
2019-08-27,399.0,1387.0,0.0,100,286.87,273.0,0,0.0,0.0,,0.0,0,0.0,0.0,,0.0,bidTooLow
2019-08-28,399.0,1589.0,0.0,100,288.89,273.0,0,0.0,0.0,,0.0,0,0.0,0.0,,0.0,bidTooLow
2019-08-29,399.0,1958.0,0.0,100,292.58,273.0,0,0.0,0.0,,0.0,0,0.0,0.0,,0.0,bidTooLow
2019-08-30,399.0,1945.0,0.0,100,292.45,273.0,0,0.0,0.0,,0.0,0,0.0,0.0,,0.0,bidTooLow
2019-09-03,399.0,1774.0,0.0,100,290.74,273.0,0,0.0,0.0,,0.0,0,0.0,0.0,,0.0,bidTooLow
2019-09-04,399.0,2104.0,0.0,100,294.04,273.0,0,0.0,0.0,,0.0,0,0.0,0.0,,0.0,bidTooLow
2019-09-05,399.0,2482.0,0.0,100,297.82,273.0,0,0.0,0.0,,0.0,0,0.0,0.0,,0.0,bidTooLow
2019-09-06,399.0,2505.0,0.0,100,298.05,273.0,0,0.0,0.0,,0.0,0,0.0,0.0,,0.0,bidTooLow
2019-09-09,399.0,2520.0,0.0,100,298.2,273.0,0,0.0,0.0,,0.0,0,0.0,0.0,,0.0,bidTooLow
2019-09-10,399.0,2513.0,0.0,100,298.13,273.0,0,0.0,0.0,,0.0,0,0.0,0.0,,0.0,bidTooLow
2019-09-11,399.0,2725.0,0.0,100,300.25,273.0,0,0.0,0.0,,0.0,0,0.0,0.0,,0.0,bidTooLow
2019-09-12,399.0,2829.0,0.0,100,301.29,273.0,0,0.0,0.0,,0.0,0,0.0,0.0,,0.0,bidTooLow
2019-09-13,399.0,2809.0,0.0,100,301.09,273.0,0,0.0,0.0,,0.0,0,0.0,0.0,,0.0,bidTooLow
2019-09-16,399.0,2716.0,0.0,100,300.16,273.0,0,0.0,0.0,,0.0,0,0.0,0.0,,0.0,bidTooLow
2019-09-17,399.0,2792.0,0.0,100,300.92,273.0,0,0.0,0.0,,0.0,0,0.0,0.0,,0.0,bidTooLow
2019-09-18,399.0,2810.0,0.0,100,301.1,273.0,0,0.0,0.0,,0.0,0,0.0,0.0,,0.0,bidTooLow
2019-09-19,399.0,2808.0,0.0,100,301.08,273.0,0,0.0,0.0,,0.0,0,0.0,0.0,,0.0,bidTooLow
2019-09-20,399.0,2528.0,0.0,100,298.28,273.0,0,0.0,0.0,,0.0,0,0.0,0.0,,0.0,bidTooLow
2019-09-23,399.0,2521.0,0.0,100,298.21,273.0,0,0.0,0.0,,0.0,0,0.0,0.0,,0.0,bidTooLow
2019-09-24,399.0,2287.0,0.0,100,295.87,273.0,0,0.0,0.0,,0.0,0,0.0,0.0,,0.0,bidTooLow
2019-09-25,399.0,2462.0,0.0,100,297.62,273.0,0,0.0,0.0,,0.0,0,0.0,0.0,,0.0,bidTooLow
2019-09-26,399.0,2400.0,0.0,100,297.0,273.0,0,0.0,0.0,,0.0,0,0.0,0.0,,0.0,bidTooLow
2019-09-27,399.0,2240.0,0.0,100,295.4,273.0,0,0.0,0.0,,0.0,0,0.0,0.0,,0.0,bidTooLow
2019-09-30,399.0,2377.0,0.0,100,296.77,273.0,0,0.0,0.0,,0.0,0,0.0,0.0,,0.0,bidTooLow
2019-10-01,399.0,2024.0,0.0,100,293.24,273.0,0,0.0,0.0,,0.0,0,0.0,0.0,,0.0,bidTooLow
2019-10-02,399.0,1506.0,0.0,100,288.06,273.0,0,0.0,0.0,,0.0,0,0.0,0.0,,0.0,bidTooLow
2019-10-03,399.0,1742.0,0.0,100,290.42,273.0,0,0.0,0.0,,0.0,0,0.0,0.0,,0.0,bidTooLow
2019-10-04,399.0,2135.0,0.0,100,294.35,273.0,0,0.0,0.0,,0.0,0,0.0,0.0,,0.0,bidTooLow
2019-10-07,399.0,2008.0,0.0,100,293.08,273.0,0,0.0,0.0,,0.0,0,0.0,0.0,,0.0,bidTooLow
2019-10-08,399.0,1553.0,0.0,100,288.53,273.0,0,0.0,0.0,,0.0,0,0.0,0.0,,0.0,bidTooLow
2019-10-09,399.0,1827.0,0.0,100,291.27,273.0,0,0.0,0.0,,0.0,0,0.0,0.0,,0.0,bidTooLow
2019-10-10,399.0,2024.0,0.0,100,293.24,273.0,0,0.0,0.0,,0.0,0,0.0,0.0,,0.0,bidTooLow
2019-10-11,399.0,2328.0,0.0,100,296.28,273.0,0,0.0,0.0,,0.0,0,0.0,0.0,,0.0,bidTooLow
2019-10-14,399.0,2295.0,0.0,100,295.95,273.0,0,0.0,0.0,,0.0,0,0.0,0.0,,0.0,bidTooLow
2019-10-15,399.0,2588.0,0.0,100,298.88,273.0,0,0.0,0.0,,0.0,0,0.0,0.0,,0.0,bidTooLow
2019-10-16,399.0,2540.0,0.0,100,298.4,273.0,0,0.0,0.0,,0.0,0,0.0,0.0,,0.0,bidTooLow
2019-10-17,399.0,2628.0,0.0,100,299.28,273.0,0,0.0,0.0,,0.0,0,0.0,0.0,,0.0,bidTooLow
2019-10-18,399.0,2497.0,0.0,100,297.97,273.0,0,0.0,0.0,,0.0,0,0.0,0.0,,0.0,bidTooLow
2019-10-21,399.0,2699.0,0.0,100,299.99,273.0,0,0.0,0.0,,0.0,0,0.0,0.0,,0.0,bidTooLow
2019-10-22,399.0,2601.0,0.0,100,299.01,273.0,0,0.0,0.0,,0.0,0,0.0,0.0,,0.0,bidTooLow
2019-10-23,399.0,2688.0,0.0,100,299.88,273.0,0,0.0,0.0,,0.0,0,0.0,0.0,,0.0,bidTooLow
2019-10-24,399.0,2737.0,0.0,100,300.37,273.0,0,0.0,0.0,,0.0,0,0.0,0.0,,0.0,bidTooLow
2019-10-25,399.0,2860.0,0.0,100,301.6,273.0,0,0.0,0.0,,0.0,0,0.0,0.0,,0.0,bidTooLow
2019-10-28,399.0,3030.0,0.0,100,303.3,273.0,0,0.0,0.0,,0.0,0,0.0,0.0,,0.0,bidTooLow
2019-10-29,399.0,3021.0,0.0,100,303.21,273.0,0,0.0,0.0,,0.0,0,0.0,0.0,,0.0,bidTooLow
2019-10-30,399.0,3114.0,0.0,100,304.14,273.0,0,0.0,0.0,,0.0,0,0.0,0.0,,0.0,bidTooLow
2019-10-31,399.0,3033.0,0.0,100,303.33,273.0,0,0.0,0.0,,0.0,0,0.0,0.0,,0.0,bidTooLow
2019-11-01,399.0,3314.0,0.0,100,306.14,273.0,0,0.0,0.0,,0.0,0,0.0,0.0,,0.0,bidTooLow
2019-11-04,399.0,3437.0,0.0,100,307.37,273.0,0,0.0,0.0,,0.0,0,0.0,0.0,,0.0,bidTooLow
2019-11-05,399.0,3403.0,0.0,100,307.03,273.0,0,0.0,0.0,,0.0,0,0.0,0.0,,0.0,bidTooLow
2019-11-06,399.0,3410.0,0.0,100,307.1,273.0,0,0.0,0.0,,0.0,0,0.0,0.0,,0.0,bidTooLow
2019-11-07,399.0,3518.0,0.0,100,308.18,273.0,0,0.0,0.0,,0.0,0,0.0,0.0,,0.0,bidTooLow
2019-11-08,399.0,3594.0,0.0,100,308.94,273.0,0,0.0,0.0,,0.0,0,0.0,0.0,,0.0,bidTooLow
2019-11-11,399.0,3535.0,0.0,100,308.35,273.0,0,0.0,0.0,,0.0,0,0.0,0.0,,0.0,bidTooLow
2019-11-12,399.0,3600.0,0.0,100,309.0,273.0,0,0.0,0.0,,0.0,0,0.0,0.0,,0.0,bidTooLow
2019-11-13,399.0,3610.0,0.0,100,309.1,273.0,0,0.0,0.0,,0.0,0,0.0,0.0,,0.0,bidTooLow
2019-11-14,399.0,3655.0,0.0,100,309.55,273.0,0,0.0,0.0,,0.0,0,0.0,0.0,,0.0,bidTooLow
2019-11-15,399.0,3879.0,0.0,100,311.79,273.0,0,0.0,0.0,,0.0,0,0.0,0.0,,0.0,bidTooLow
2019-11-18,399.0,3902.0,0.0,100,312.02,273.0,0,0.0,0.0,,0.0,0,0.0,0.0,,0.0,bidTooLow
2019-11-19,399.0,3893.0,0.0,100,311.93,273.0,0,0.0,0.0,,0.0,0,0.0,0.0,,0.0,bidTooLow
2019-11-20,399.0,3777.0,0.0,100,310.77,273.0,0,0.0,0.0,,0.0,0,0.0,0.0,,0.0,bidTooLow
2019-11-21,399.0,3727.0,0.0,100,310.27,273.0,0,0.0,0.0,,0.0,0,0.0,0.0,,0.0,bidTooLow
2019-11-22,399.0,3796.0,0.0,100,310.96,273.0,0,0.0,0.0,,0.0,0,0.0,0.0,,0.0,bidTooLow
2019-11-25,399.0,4037.0,0.0,100,313.37,273.0,0,0.0,0.0,,0.0,0,0.0,0.0,,0.0,bidTooLow
2019-11-26,399.0,4108.0,0.0,100,314.08,273.0,0,0.0,0.0,,0.0,0,0.0,0.0,,0.0,bidTooLow
2019-11-27,399.0,4248.0,0.0,100,315.48,273.0,0,0.0,0.0,,0.0,0,0.0,0.0,,0.0,bidTooLow
2019-11-29,399.0,4131.0,0.0,100,314.31,273.0,0,0.0,0.0,,0.0,0,0.0,0.0,,0.0,bidTooLow
2019-12-02,399.0,3864.0,0.0,100,311.64,273.0,0,0.0,0.0,,0.0,0,0.0,0.0,,0.0,bidTooLow
2019-12-03,399.0,3655.0,0.0,100,309.55,273.0,0,0.0,0.0,,0.0,0,0.0,0.0,,0.0,bidTooLow
2019-12-04,399.0,3846.0,0.0,100,311.46,273.0,0,0.0,0.0,,0.0,0,0.0,0.0,,0.0,bidTooLow
2019-12-05,399.0,3902.0,0.0,100,312.02,273.0,0,0.0,0.0,,0.0,0,0.0,0.0,,0.0,bidTooLow
2019-12-06,399.0,4187.0,0.0,100,314.87,273.0,0,0.0,0.0,,0.0,0,0.0,0.0,,0.0,bidTooLow
2019-12-09,399.0,4088.0,0.0,100,313.88,273.0,0,0.0,0.0,,0.0,0,0.0,0.0,,0.0,bidTooLow
2019-12-10,399.0,4050.0,0.0,100,313.53,273.0,0,0.0,0.0,,0.0,1,0.05,0.08,SPY191216C00321000,321.0,normalDay
2019-12-11,399.0,4140.0,0.0,100,314.42,273.0,0,0.0,0.0,,0.0,1,0.05,0.07,SPY191216C00321000,321.0,normalDay
2019-12-12,399.0,4392.0,0.0,100,317.13,273.0,0,0.0,0.0,,0.0,1,0.05,0.26,SPY191216C00321000,321.0,normalDay
2019-12-13,399.0,4431.0,0.0,100,317.32,273.0,0,0.0,0.0,,0.0,1,0.05,0.06,SPY191216C00321000,321.0,normalDay
2019-12-16,404.0,4650.0,5.0,100,319.5,273.0,0,0.0,0.0,,0.0,1,0.05,0.0,SPY191216C00321000,321.0,expirationDay
2019-12-17,404.0,4657.0,0.0,100,319.57,273.0,0,0.0,0.0,,0.0,0,0.0,0.0,,0.0,bidTooLow
2019-12-18,404.0,4659.0,0.0,100,319.59,273.0,0,0.0,0.0,,0.0,0,0.0,0.0,,0.0,bidTooLow
2019-12-19,404.0,4790.0,0.0,100,320.9,273.0,0,0.0,0.0,,0.0,0,0.0,0.0,,0.0,bidTooLow
2019-12-20,404.0,4773.0,0.0,100,320.73,273.0,0,0.0,0.0,,0.0,0,0.0,0.0,,0.0,bidTooLow
2019-12-23,404.0,4822.0,0.0,100,321.22,273.0,0,0.0,0.0,,0.0,0,0.0,0.0,,0.0,bidTooLow
2019-12-24,404.0,4823.0,0.0,100,321.23,273.0,0,0.0,0.0,,0.0,0,0.0,0.0,,0.0,bidTooLow
2019-12-26,404.0,4994.0,0.0,100,322.94,273.0,0,0.0,0.0,,0.0,0,0.0,0.0,,0.0,bidTooLow
2019-12-27,404.0,4986.0,0.0,100,322.86,273.0,0,0.0,0.0,,0.0,0,0.0,0.0,,0.0,bidTooLow
2019-12-30,404.0,4808.0,0.0,100,321.08,273.0,0,0.0,0.0,,0.0,0,0.0,0.0,,0.0,bidTooLow
2019-12-31,404.0,4886.0,0.0,100,321.86,273.0,0,0.0,0.0,,0.0,0,0.0,0.0,,0.0,bidTooLow
2020-01-02,404.0,5187.0,0.0,100,324.87,273.0,0,0.0,0.0,,0.0,0,0.0,0.0,,0.0,bidTooLow
2020-01-03,404.0,4941.0,0.0,100,322.41,273.0,0,0.0,0.0,,0.0,0,0.0,0.0,,0.0,bidTooLow
2020-01-06,404.0,5064.0,0.0,100,323.64,273.0,0,0.0,0.0,,0.0,0,0.0,0.0,,0.0,bidTooLow
2020-01-07,404.0,4973.0,0.0,100,322.73,273.0,0,0.0,0.0,,0.0,0,0.0,0.0,,0.0,bidTooLow
2020-01-08,404.0,5145.0,0.0,100,324.45,273.0,0,0.0,0.0,,0.0,0,0.0,0.0,,0.0,bidTooLow
2020-01-09,404.0,5365.0,0.0,100,326.65,273.0,0,0.0,0.0,,0.0,0,0.0,0.0,,0.0,bidTooLow
2020-01-10,404.0,5271.0,0.0,100,325.71,273.0,0,0.0,0.0,,0.0,0,0.0,0.0,,0.0,bidTooLow
2020-01-13,404.0,5495.0,0.0,100,327.95,273.0,0,0.0,0.0,,0.0,0,0.0,0.0,,0.0,bidTooLow
2020-01-14,404.0,5445.0,0.0,100,327.45,273.0,0,0.0,0.0,,0.0,0,0.0,0.0,,0.0,bidTooLow
2020-01-15,404.0,5519.0,0.0,100,328.19,273.0,0,0.0,0.0,,0.0,0,0.0,0.0,,0.0,bidTooLow
2020-01-16,404.0,5792.0,0.0,100,330.92,273.0,0,0.0,0.0,,0.0,0,0.0,0.0,,0.0,bidTooLow
2020-01-17,404.0,5895.0,0.0,100,331.95,273.0,0,0.0,0.0,,0.0,0,0.0,0.0,,0.0,bidTooLow
2020-01-21,404.0,5830.0,0.0,100,331.3,273.0,0,0.0,0.0,,0.0,0,0.0,0.0,,0.0,bidTooLow
2020-01-22,404.0,5834.0,0.0,100,331.34,273.0,0,0.0,0.0,,0.0,0,0.0,0.0,,0.0,bidTooLow
2020-01-23,404.0,5872.0,0.0,100,331.72,273.0,0,0.0,0.0,,0.0,0,0.0,0.0,,0.0,bidTooLow
2020-01-24,404.0,5577.0,0.0,100,328.77,273.0,0,0.0,0.0,,0.0,0,0.0,0.0,,0.0,bidTooLow
2020-01-27,404.0,5050.0,0.0,100,323.5,273.0,0,0.0,0.0,,0.0,0,0.0,0.0,,0.0,bidTooLow
2020-01-28,404.0,5389.0,0.0,100,326.89,273.0,0,0.0,0.0,,0.0,0,0.0,0.0,,0.0,bidTooLow
2020-01-29,404.0,5362.0,0.0,100,326.62,273.0,0,0.0,0.0,,0.0,0,0.0,0.0,,0.0,bidTooLow
2020-01-30,404.0,5468.0,0.0,100,327.68,273.0,0,0.0,0.0,,0.0,0,0.0,0.0,,0.0,bidTooLow
2020-01-31,404.0,4873.0,0.0,100,321.73,273.0,0,0.0,0.0,,0.0,0,0.0,0.0,,0.0,bidTooLow
2020-02-03,404.0,5112.0,0.0,100,324.12,273.0,0,0.0,0.0,,0.0,0,0.0,0.0,,0.0,bidTooLow
2020-02-04,404.0,5606.0,0.0,100,329.06,273.0,0,0.0,0.0,,0.0,0,0.0,0.0,,0.0,bidTooLow
2020-02-05,404.0,5986.0,0.0,100,332.86,273.0,0,0.0,0.0,,0.0,0,0.0,0.0,,0.0,bidTooLow
2020-02-06,404.0,6098.0,0.0,100,333.98,273.0,0,0.0,0.0,,0.0,0,0.0,0.0,,0.0,bidTooLow
2020-02-07,404.0,5920.0,0.0,100,332.2,273.0,0,0.0,0.0,,0.0,0,0.0,0.0,,0.0,bidTooLow
2020-02-10,404.0,6168.0,0.0,100,334.68,273.0,0,0.0,0.0,,0.0,0,0.0,0.0,,0.0,bidTooLow
2020-02-11,404.0,6226.0,0.0,100,335.26,273.0,0,0.0,0.0,,0.0,0,0.0,0.0,,0.0,bidTooLow
2020-02-12,404.0,6442.0,0.0,100,337.42,273.0,0,0.0,0.0,,0.0,0,0.0,0.0,,0.0,bidTooLow
2020-02-13,404.0,6406.0,0.0,100,337.06,273.0,0,0.0,0.0,,0.0,0,0.0,0.0,,0.0,bidTooLow
2020-02-14,404.0,6460.0,0.0,100,337.6,273.0,0,0.0,0.0,,0.0,0,0.0,0.0,,0.0,bidTooLow
2020-02-18,404.0,6373.0,0.0,100,336.73,273.0,0,0.0,0.0,,0.0,0,0.0,0.0,,0.0,bidTooLow
2020-02-19,404.0,6534.0,0.0,100,338.34,273.0,0,0.0,0.0,,0.0,0,0.0,0.0,,0.0,bidTooLow
2020-02-20,404.0,6395.0,0.0,100,336.95,273.0,0,0.0,0.0,,0.0,0,0.0,0.0,,0.0,bidTooLow
2020-02-21,404.0,6048.0,0.0,100,333.48,273.0,0,0.0,0.0,,0.0,0,0.0,0.0,,0.0,bidTooLow
2020-02-24,404.0,4942.0,0.0,100,322.42,273.0,0,0.0,0.0,,0.0,0,0.0,0.0,,0.0,bidTooLow
2020-02-25,404.0,3965.0,0.0,100,312.65,273.0,0,0.0,0.0,,0.0,0,0.0,0.0,,0.0,bidTooLow
2020-02-26,404.0,3850.0,0.0,100,311.5,273.0,0,0.0,0.0,,0.0,0,0.0,0.0,,0.0,bidTooLow
2020-02-27,404.0,2451.0,0.0,100,297.51,273.0,0,0.0,0.0,,0.0,0,0.0,0.0,,0.0,bidTooLow
2020-02-28,404.0,2326.0,0.0,100,296.26,273.0,0,0.0,0.0,,0.0,0,0.0,0.0,,0.0,bidTooLow
2020-03-02,404.0,3609.0,0.0,100,309.09,273.0,0,0.0,0.0,,0.0,0,0.0,0.0,,0.0,bidTooLow
2020-03-03,404.0,2724.0,0.0,100,300.24,273.0,0,0.0,0.0,,0.0,0,0.0,0.0,,0.0,bidTooLow
2020-03-04,404.0,3986.0,0.0,100,312.86,273.0,0,0.0,0.0,,0.0,0,0.0,0.0,,0.0,bidTooLow
2020-03-05,404.0,2946.0,0.0,100,302.46,273.0,0,0.0,0.0,,0.0,0,0.0,0.0,,0.0,bidTooLow
2020-03-06,404.0,2446.0,0.0,100,297.46,273.0,0,0.0,0.0,,0.0,0,0.0,0.0,,0.0,bidTooLow
2020-03-09,404.0,123.0,0.0,100,274.23,273.0,0,0.0,0.0,,0.0,0,0.0,0.0,,0.0,bidTooLow
2020-03-10,404.0,1542.0,0.0,100,288.42,273.0,0,0.0,0.0,,0.0,0,0.0,0.0,,0.0,bidTooLow
2020-03-11,404.0,136.0,0.0,100,274.36,273.0,0,0.0,0.0,,0.0,0,0.0,0.0,,0.0,bidTooLow
2020-03-12,404.0,-2489.0,0.0,100,248.11,273.0,0,0.0,0.0,,0.0,0,0.0,0.0,,0.0,bidTooLow
2020-03-13,404.0,-368.0,0.0,100,269.32,273.0,0,0.0,0.0,,0.0,0,0.0,0.0,,0.0,bidTooLow
2020-03-16,404.0,-3315.0,0.0,100,239.85,273.0,0,0.0,0.0,,0.0,0,0.0,0.0,,0.0,bidTooLow
2020-03-17,404.0,-2020.0,0.0,100,252.8,273.0,0,0.0,0.0,,0.0,0,0.0,0.0,,0.0,bidTooLow
2020-03-18,404.0,-3300.0,0.0,100,240.0,273.0,0,0.0,0.0,,0.0,0,0.0,0.0,,0.0,bidTooLow
2020-03-19,404.0,-3249.0,0.0,100,240.51,273.0,0,0.0,0.0,,0.0,0,0.0,0.0,,0.0,bidTooLow
2020-03-20,404.0,-4420.0,0.0,100,228.8,273.0,0,0.0,0.0,,0.0,0,0.0,0.0,,0.0,bidTooLow
2020-03-23,404.0,-5005.0,0.0,100,222.95,273.0,0,0.0,0.0,,0.0,0,0.0,0.0,,0.0,bidTooLow
2020-03-24,404.0,-2985.0,0.0,100,243.15,273.0,0,0.0,0.0,,0.0,0,0.0,0.0,,0.0,bidTooLow
2020-03-25,404.0,-2621.0,0.0,100,246.79,273.0,0,0.0,0.0,,0.0,0,0.0,0.0,,0.0,bidTooLow
2020-03-26,404.0,-1180.0,0.0,100,261.2,273.0,0,0.0,0.0,,0.0,0,0.0,0.0,,0.0,bidTooLow
2020-03-27,404.0,-1958.0,0.0,100,253.42,273.0,0,0.0,0.0,,0.0,0,0.0,0.0,,0.0,bidTooLow
2020-03-30,404.0,-1135.0,0.0,100,261.65,273.0,0,0.0,0.0,,0.0,0,0.0,0.0,,0.0,bidTooLow
2020-03-31,404.0,-1525.0,0.0,100,257.75,273.0,0,0.0,0.0,,0.0,0,0.0,0.0,,0.0,bidTooLow
2020-04-01,404.0,-2685.0,0.0,100,246.15,273.0,0,0.0,0.0,,0.0,0,0.0,0.0,,0.0,bidTooLow
2020-04-02,404.0,-2117.0,0.0,100,251.83,273.0,0,0.0,0.0,,0.0,0,0.0,0.0,,0.0,bidTooLow
2020-04-03,404.0,-2481.0,0.0,100,248.19,273.0,0,0.0,0.0,,0.0,0,0.0,0.0,,0.0,bidTooLow
2020-04-06,404.0,-814.0,0.0,100,264.86,273.0,0,0.0,0.0,,0.0,0,0.0,0.0,,0.0,bidTooLow
2020-04-07,404.0,-787.0,0.0,100,265.13,273.0,0,0.0,0.0,,0.0,0,0.0,0.0,,0.0,bidTooLow
2020-04-08,404.0,103.0,0.0,100,274.03,273.0,0,0.0,0.0,,0.0,0,0.0,0.0,,0.0,bidTooLow
2020-04-09,404.0,520.0,0.0,100,278.2,273.0,0,0.0,0.0,,0.0,0,0.0,0.0,,0.0,bidTooLow
2020-04-13,404.0,266.0,0.0,100,275.66,273.0,0,0.0,0.0,,0.0,0,0.0,0.0,,0.0,bidTooLow
2020-04-14,404.0,1079.0,0.0,100,283.79,273.0,0,0.0,0.0,,0.0,0,0.0,0.0,,0.0,bidTooLow
2020-04-15,404.0,476.0,0.0,100,277.76,273.0,0,0.0,0.0,,0.0,0,0.0,0.0,,0.0,bidTooLow
2020-04-16,404.0,610.0,0.0,100,279.1,273.0,0,0.0,0.0,,0.0,0,0.0,0.0,,0.0,bidTooLow
2020-04-17,404.0,1364.0,0.0,100,286.64,273.0,0,0.0,0.0,,0.0,0,0.0,0.0,,0.0,bidTooLow
2020-04-20,404.0,859.0,0.0,100,281.59,273.0,0,0.0,0.0,,0.0,0,0.0,0.0,,0.0,bidTooLow
2020-04-21,404.0,4.0,0.0,100,273.04,273.0,0,0.0,0.0,,0.0,0,0.0,0.0,,0.0,bidTooLow
2020-04-22,404.0,610.0,0.0,100,279.1,273.0,0,0.0,0.0,,0.0,0,0.0,0.0,,0.0,bidTooLow
2020-04-23,404.0,608.0,0.0,100,279.08,273.0,0,0.0,0.0,,0.0,0,0.0,0.0,,0.0,bidTooLow
2020-04-24,404.0,997.0,0.0,100,282.97,273.0,0,0.0,0.0,,0.0,0,0.0,0.0,,0.0,bidTooLow
2020-04-27,404.0,1405.0,0.0,100,287.05,273.0,0,0.0,0.0,,0.0,0,0.0,0.0,,0.0,bidTooLow
2020-04-28,404.0,1273.0,0.0,100,285.73,273.0,0,0.0,0.0,,0.0,0,0.0,0.0,,0.0,bidTooLow
2020-04-29,404.0,2021.0,0.0,100,293.21,273.0,0,0.0,0.0,,0.0,0,0.0,0.0,,0.0,bidTooLow
2020-04-30,404.0,1748.0,0.0,100,290.48,273.0,0,0.0,0.0,,0.0,0,0.0,0.0,,0.0,bidTooLow
2020-05-01,404.0,979.0,0.0,100,282.79,273.0,0,0.0,0.0,,0.0,0,0.0,0.0,,0.0,bidTooLow
2020-05-04,404.0,1057.0,0.0,100,283.57,273.0,0,0.0,0.0,,0.0,0,0.0,0.0,,0.0,bidTooLow
2020-05-05,404.0,1319.0,0.0,100,286.19,273.0,0,0.0,0.0,,0.0,0,0.0,0.0,,0.0,bidTooLow
2020-05-06,404.0,1125.0,0.0,100,284.25,273.0,0,0.0,0.0,,0.0,0,0.0,0.0,,0.0,bidTooLow
2020-05-07,404.0,1465.0,0.0,100,287.68,273.0,0,0.0,0.0,,0.0,1,0.01,0.04,SPY200513C00307000,307.0,normalDay
2020-05-08,404.0,1941.0,0.0,100,292.44,273.0,0,0.0,0.0,,0.0,1,0.01,0.04,SPY200513C00307000,307.0,normalDay
2020-05-11,404.0,1949.0,0.0,100,292.5,273.0,0,0.0,0.0,,0.0,1,0.01,0.02,SPY200513C00307000,307.0,normalDay
2020-05-12,404.0,1367.0,0.0,100,286.67,273.0,0,0.0,0.0,,0.0,1,0.01,0.01,SPY200513C00307000,307.0,normalDay
2020-05-13,405.0,860.0,1.0,100,281.6,273.0,0,0.0,0.0,,0.0,1,0.01,0.0,SPY200513C00307000,307.0,expirationDay
2020-05-14,405.0,1197.0,0.0,100,284.97,273.0,0,0.0,0.0,,0.0,0,0.0,0.0,,0.0,bidTooLow
2020-05-15,405.0,1328.0,0.0,100,286.28,273.0,0,0.0,0.0,,0.0,0,0.0,0.0,,0.0,bidTooLow
2020-05-18,405.0,2197.0,0.0,100,295.0,273.0,0,0.0,0.0,,0.0,1,0.03,0.06,SPY200522C00312000,312.0,normalDay
2020-05-19,405.0,1897.0,0.0,100,291.97,273.0,0,0.0,0.0,,0.0,1,0.03,0.03,SPY200522C00312000,312.0,normalDay
2020-05-20,405.0,2394.0,0.0,100,296.93,273.0,0,0.0,0.0,,0.0,1,0.03,0.02,SPY200522C00312000,312.0,normalDay
2020-05-21,405.0,2190.0,0.0,100,294.88,273.0,0,0.0,0.0,,0.0,1,0.03,0.01,SPY200522C00312000,312.0,normalDay
2020-05-22,408.0,2244.0,3.0,100,295.44,273.0,0,0.0,0.0,,0.0,1,0.03,0.0,SPY200522C00312000,312.0,expirationDay
2020-05-26,408.0,2605.0,0.0,100,299.08,273.0,0,0.0,0.0,,0.0,1,0.02,0.05,SPY200601C00315000,315.0,normalDay
2020-05-27,408.0,3046.0,0.0,100,303.53,273.0,0,0.0,0.0,,0.0,1,0.02,0.09,SPY200601C00315000,315.0,normalDay
2020-05-28,408.0,2992.0,0.0,100,302.97,273.0,0,0.0,0.0,,0.0,1,0.02,0.07,SPY200601C00315000,315.0,normalDay
2020-05-29,408.0,3132.0,0.0,100,304.32,273.0,0,0.0,0.0,,0.0,1,0.02,0.02,SPY200601C00315000,315.0,normalDay
2020-06-01,410.0,3255.0,2.0,100,305.55,273.0,0,0.0,0.0,,0.0,1,0.02,0.0,SPY200601C00315000,315.0,expirationDay
2020-06-02,410.0,3508.0,0.0,100,308.08,273.0,0,0.0,0.0,,0.0,0,0.0,0.0,,0.0,bidTooLow
2020-06-03,410.0,3918.0,0.0,100,312.18,273.0,0,0.0,0.0,,0.0,0,0.0,0.0,,0.0,bidTooLow
2020-06-04,410.0,3836.0,0.0,100,311.36,273.0,0,0.0,0.0,,0.0,0,0.0,0.0,,0.0,bidTooLow
2020-06-05,410.0,4634.0,0.0,100,319.34,273.0,0,0.0,0.0,,0.0,0,0.0,0.0,,0.0,bidTooLow
2020-06-08,410.0,5020.0,0.0,100,323.2,273.0,0,0.0,0.0,,0.0,0,0.0,0.0,,0.0,bidTooLow
2020-06-09,410.0,4779.0,0.0,100,320.79,273.0,0,0.0,0.0,,0.0,0,0.0,0.0,,0.0,bidTooLow
2020-06-10,410.0,4600.0,0.0,100,319.0,273.0,0,0.0,0.0,,0.0,0,0.0,0.0,,0.0,bidTooLow
2020-06-11,410.0,2761.0,0.0,100,300.61,273.0,0,0.0,0.0,,0.0,0,0.0,0.0,,0.0,bidTooLow
2020-06-12,410.0,3121.0,0.0,100,304.21,273.0,0,0.0,0.0,,0.0,0,0.0,0.0,,0.0,bidTooLow
2020-06-15,410.0,3405.0,0.0,100,307.05,273.0,0,0.0,0.0,,0.0,0,0.0,0.0,,0.0,bidTooLow
2020-06-16,410.0,3996.0,0.0,100,312.96,273.0,0,0.0,0.0,,0.0,0,0.0,0.0,,0.0,bidTooLow
2020-06-17,410.0,3866.0,0.0,100,311.66,273.0,0,0.0,0.0,,0.0,0,0.0,0.0,,0.0,bidTooLow
2020-06-18,410.0,3878.0,0.0,100,311.78,273.0,0,0.0,0.0,,0.0,0,0.0,0.0,,0.0,bidTooLow
2020-06-19,410.0,3564.0,0.0,100,308.64,273.0,0,0.0,0.0,,0.0,0,0.0,0.0,,0.0,bidTooLow
2020-06-22,410.0,3762.0,0.0,100,310.62,273.0,0,0.0,0.0,,0.0,0,0.0,0.0,,0.0,bidTooLow
2020-06-23,410.0,3905.0,0.0,100,312.05,273.0,0,0.0,0.0,,0.0,0,0.0,0.0,,0.0,bidTooLow
2020-06-24,410.0,3109.0,0.0,100,304.09,273.0,0,0.0,0.0,,0.0,0,0.0,0.0,,0.0,bidTooLow
2020-06-25,410.0,3435.0,0.0,100,307.35,273.0,0,0.0,0.0,,0.0,0,0.0,0.0,,0.0,bidTooLow
2020-06-26,410.0,2705.0,0.0,100,300.05,273.0,0,0.0,0.0,,0.0,0,0.0,0.0,,0.0,bidTooLow
2020-06-29,410.0,3146.0,0.0,100,304.46,273.0,0,0.0,0.0,,0.0,0,0.0,0.0,,0.0,bidTooLow
2020-06-30,410.0,3536.0,0.0,100,308.36,273.0,0,0.0,0.0,,0.0,0,0.0,0.0,,0.0,bidTooLow
2020-07-01,410.0,3752.0,0.0,100,310.52,273.0,0,0.0,0.0,,0.0,0,0.0,0.0,,0.0,bidTooLow
2020-07-02,410.0,3923.0,0.0,100,312.23,273.0,0,0.0,0.0,,0.0,0,0.0,0.0,,0.0,bidTooLow
2020-07-06,410.0,4405.0,0.0,100,317.05,273.0,0,0.0,0.0,,0.0,0,0.0,0.0,,0.0,bidTooLow
2020-07-07,410.0,4078.0,0.0,100,313.78,273.0,0,0.0,0.0,,0.0,0,0.0,0.0,,0.0,bidTooLow
2020-07-08,410.0,4318.0,0.0,100,316.18,273.0,0,0.0,0.0,,0.0,0,0.0,0.0,,0.0,bidTooLow
2020-07-09,410.0,4138.0,0.0,100,314.38,273.0,0,0.0,0.0,,0.0,0,0.0,0.0,,0.0,bidTooLow
2020-07-10,410.0,4459.0,0.0,100,317.59,273.0,0,0.0,0.0,,0.0,0,0.0,0.0,,0.0,bidTooLow
2020-07-13,410.0,4181.0,0.0,100,314.84,273.0,0,0.0,0.0,,0.0,1,0.03,0.06,SPY200717C00333000,333.0,normalDay
2020-07-14,410.0,4588.0,0.0,100,318.92,273.0,0,0.0,0.0,,0.0,1,0.03,0.07,SPY200717C00333000,333.0,normalDay
2020-07-15,410.0,4883.0,0.0,100,321.85,273.0,0,0.0,0.0,,0.0,1,0.03,0.05,SPY200717C00333000,333.0,normalDay
2020-07-16,410.0,4781.0,0.0,100,320.79,273.0,0,0.0,0.0,,0.0,1,0.03,0.01,SPY200717C00333000,333.0,normalDay
2020-07-17,413.0,4872.0,3.0,100,321.72,273.0,0,0.0,0.0,,0.0,1,0.03,0.0,SPY200717C00333000,333.0,expirationDay
2020-07-20,413.0,5132.0,0.0,100,324.32,273.0,0,0.0,0.0,,0.0,0,0.0,0.0,,0.0,bidTooLow
2020-07-21,413.0,5201.0,0.0,100,325.01,273.0,0,0.0,0.0,,0.0,0,0.0,0.0,,0.0,bidTooLow
2020-07-22,413.0,5386.0,0.0,100,326.86,273.0,0,0.0,0.0,,0.0,0,0.0,0.0,,0.0,bidTooLow
2020-07-23,413.0,4996.0,0.0,100,322.96,273.0,0,0.0,0.0,,0.0,0,0.0,0.0,,0.0,bidTooLow
2020-07-24,413.0,4788.0,0.0,100,320.88,273.0,0,0.0,0.0,,0.0,0,0.0,0.0,,0.0,bidTooLow
2020-07-27,413.0,5022.0,0.0,100,323.22,273.0,0,0.0,0.0,,0.0,0,0.0,0.0,,0.0,bidTooLow
2020-07-28,413.0,4817.0,0.0,100,321.17,273.0,0,0.0,0.0,,0.0,0,0.0,0.0,,0.0,bidTooLow
2020-07-29,413.0,5212.0,0.0,100,325.12,273.0,0,0.0,0.0,,0.0,0,0.0,0.0,,0.0,bidTooLow
2020-07-30,413.0,5093.0,0.0,100,323.96,273.0,0,0.0,0.0,,0.0,1,0.01,0.04,SPY200805C00341000,341.0,normalDay
2020-07-31,413.0,5351.0,0.0,100,326.52,273.0,0,0.0,0.0,,0.0,1,0.01,0.02,SPY200805C00341000,341.0,normalDay
2020-08-03,413.0,5579.0,0.0,100,328.79,273.0,0,0.0,0.0,,0.0,1,0.01,0.01,SPY200805C00341000,341.0,normalDay
2020-08-04,413.0,5706.0,0.0,100,330.06,273.0,0,0.0,0.0,,0.0,1,0.01,0.01,SPY200805C00341000,341.0,normalDay
2020-08-05,414.0,5911.0,1.0,100,332.11,273.0,0,0.0,0.0,,0.0,1,0.01,0.0,SPY200805C00341000,341.0,expirationDay
2020-08-06,414.0,6130.0,0.0,100,334.33,273.0,0,0.0,0.0,,0.0,1,0.02,0.05,SPY200812C00347000,347.0,normalDay
2020-08-07,414.0,6157.0,0.0,100,334.57,273.0,0,0.0,0.0,,0.0,1,0.02,0.02,SPY200812C00347000,347.0,normalDay
2020-08-10,414.0,6258.0,0.0,100,335.57,273.0,0,0.0,0.0,,0.0,1,0.02,0.01,SPY200812C00347000,347.0,normalDay
2020-08-11,414.0,5981.0,0.0,100,332.8,273.0,0,0.0,0.0,,0.0,1,0.02,0.01,SPY200812C00347000,347.0,normalDay
2020-08-12,416.0,6444.0,2.0,100,337.44,273.0,0,0.0,0.0,,0.0,1,0.02,0.0,SPY200812C00347000,347.0,expirationDay
2020-08-13,416.0,6383.0,0.0,100,336.83,273.0,0,0.0,0.0,,0.0,0,0.0,0.0,,0.0,bidTooLow
2020-08-14,416.0,6384.0,0.0,100,336.84,273.0,0,0.0,0.0,,0.0,0,0.0,0.0,,0.0,bidTooLow
2020-08-17,416.0,6491.0,0.0,100,337.91,273.0,0,0.0,0.0,,0.0,0,0.0,0.0,,0.0,bidTooLow
2020-08-18,416.0,6564.0,0.0,100,338.64,273.0,0,0.0,0.0,,0.0,0,0.0,0.0,,0.0,bidTooLow
2020-08-19,416.0,6423.0,0.0,100,337.23,273.0,0,0.0,0.0,,0.0,0,0.0,0.0,,0.0,bidTooLow
2020-08-20,416.0,6528.0,0.0,100,338.28,273.0,0,0.0,0.0,,0.0,0,0.0,0.0,,0.0,bidTooLow
2020-08-21,416.0,6648.0,0.0,100,339.48,273.0,0,0.0,0.0,,0.0,0,0.0,0.0,,0.0,bidTooLow
2020-08-24,416.0,6992.0,0.0,100,342.92,273.0,0,0.0,0.0,,0.0,0,0.0,0.0,,0.0,bidTooLow
2020-08-25,416.0,7112.0,0.0,100,344.12,273.0,0,0.0,0.0,,0.0,0,0.0,0.0,,0.0,bidTooLow
2020-08-26,416.0,7454.0,0.0,100,347.57,273.0,0,0.0,0.0,,0.0,1,0.01,0.04,SPY200831C00363000,363.0,normalDay
2020-08-27,416.0,7532.0,0.0,100,348.33,273.0,0,0.0,0.0,,0.0,1,0.01,0.02,SPY200831C00363000,363.0,normalDay
2020-08-28,416.0,7758.0,0.0,100,350.58,273.0,0,0.0,0.0,,0.0,1,0.01,0.01,SPY200831C00363000,363.0,normalDay
2020-08-31,417.0,7631.0,1.0,100,349.31,273.0,0,0.0,0.0,,0.0,1,0.01,0.0,SPY200831C00363000,363.0,expirationDay
2020-09-01,417.0,7960.0,0.0,100,352.6,273.0,0,0.0,0.0,,0.0,0,0.0,0.0,,0.0,bidTooLow
2020-09-02,417.0,8467.0,0.0,100,357.7,273.0,0,0.0,0.0,,0.0,1,0.01,0.04,SPY200908C00376000,376.0,normalDay
2020-09-03,417.0,7238.0,0.0,100,345.39,273.0,0,0.0,0.0,,0.0,1,0.01,0.02,SPY200908C00376000,376.0,normalDay
2020-09-04,417.0,6957.0,0.0,100,342.57,273.0,0,0.0,0.0,,0.0,1,0.01,0.01,SPY200908C00376000,376.0,normalDay
2020-09-08,418.0,6021.0,1.0,100,333.21,273.0,0,0.0,0.0,,0.0,1,0.01,0.0,SPY200908C00376000,376.0,expirationDay
2020-09-09,418.0,6679.0,0.0,100,339.79,273.0,0,0.0,0.0,,0.0,0,0.0,0.0,,0.0,bidTooLow
2020-09-10,418.0,6089.0,0.0,100,333.89,273.0,0,0.0,0.0,,0.0,0,0.0,0.0,,0.0,bidTooLow
2020-09-11,418.0,6106.0,0.0,100,334.06,273.0,0,0.0,0.0,,0.0,0,0.0,0.0,,0.0,bidTooLow
2020-09-14,418.0,6546.0,0.0,100,338.46,273.0,0,0.0,0.0,,0.0,0,0.0,0.0,,0.0,bidTooLow
2020-09-15,418.0,6717.0,0.0,100,340.17,273.0,0,0.0,0.0,,0.0,0,0.0,0.0,,0.0,bidTooLow
2020-09-16,418.0,6582.0,0.0,100,338.82,273.0,0,0.0,0.0,,0.0,0,0.0,0.0,,0.0,bidTooLow
2020-09-17,418.0,6284.0,0.0,100,335.84,273.0,0,0.0,0.0,,0.0,0,0.0,0.0,,0.0,bidTooLow
2020-09-18,418.0,5765.0,0.0,100,330.65,273.0,0,0.0,0.0,,0.0,0,0.0,0.0,,0.0,bidTooLow
2020-09-21,418.0,5397.0,0.0,100,326.97,273.0,0,0.0,0.0,,0.0,0,0.0,0.0,,0.0,bidTooLow
2020-09-22,418.0,5730.0,0.0,100,330.3,273.0,0,0.0,0.0,,0.0,0,0.0,0.0,,0.0,bidTooLow
2020-09-23,418.0,4964.0,0.0,100,322.64,273.0,0,0.0,0.0,,0.0,0,0.0,0.0,,0.0,bidTooLow
2020-09-24,418.0,5050.0,0.0,100,323.5,273.0,0,0.0,0.0,,0.0,0,0.0,0.0,,0.0,bidTooLow
2020-09-25,418.0,5573.0,0.0,100,328.73,273.0,0,0.0,0.0,,0.0,0,0.0,0.0,,0.0,bidTooLow
2020-09-28,418.0,6119.0,0.0,100,334.19,273.0,0,0.0,0.0,,0.0,0,0.0,0.0,,0.0,bidTooLow
2020-09-29,418.0,5937.0,0.0,100,332.37,273.0,0,0.0,0.0,,0.0,0,0.0,0.0,,0.0,bidTooLow
2020-09-30,418.0,6189.0,0.0,100,334.89,273.0,0,0.0,0.0,,0.0,0,0.0,0.0,,0.0,bidTooLow
2020-10-01,418.0,6404.0,0.0,100,337.04,273.0,0,0.0,0.0,,0.0,0,0.0,0.0,,0.0,bidTooLow
2020-10-02,418.0,6084.0,0.0,100,333.84,273.0,0,0.0,0.0,,0.0,0,0.0,0.0,,0.0,bidTooLow
2020-10-05,418.0,6676.0,0.0,100,339.76,273.0,0,0.0,0.0,,0.0,0,0.0,0.0,,0.0,bidTooLow
2020-10-06,418.0,6193.0,0.0,100,334.93,273.0,0,0.0,0.0,,0.0,0,0.0,0.0,,0.0,bidTooLow
2020-10-07,418.0,6776.0,0.0,100,340.76,273.0,0,0.0,0.0,,0.0,0,0.0,0.0,,0.0,bidTooLow
2020-10-08,418.0,7078.0,0.0,100,343.78,273.0,0,0.0,0.0,,0.0,0,0.0,0.0,,0.0,bidTooLow
2020-10-09,418.0,7385.0,0.0,100,346.85,273.0,0,0.0,0.0,,0.0,0,0.0,0.0,,0.0,bidTooLow
2020-10-12,418.0,7943.0,0.0,100,352.43,273.0,0,0.0,0.0,,0.0,0,0.0,0.0,,0.0,bidTooLow
2020-10-13,418.0,7713.0,0.0,100,350.13,273.0,0,0.0,0.0,,0.0,0,0.0,0.0,,0.0,bidTooLow
2020-10-14,418.0,7493.0,0.0,100,347.93,273.0,0,0.0,0.0,,0.0,0,0.0,0.0,,0.0,bidTooLow
2020-10-15,418.0,7450.0,0.0,100,347.5,273.0,0,0.0,0.0,,0.0,0,0.0,0.0,,0.0,bidTooLow
2020-10-16,418.0,7429.0,0.0,100,347.29,273.0,0,0.0,0.0,,0.0,0,0.0,0.0,,0.0,bidTooLow
2020-10-19,418.0,6901.0,0.0,100,342.01,273.0,0,0.0,0.0,,0.0,0,0.0,0.0,,0.0,bidTooLow
2020-10-20,418.0,7038.0,0.0,100,343.38,273.0,0,0.0,0.0,,0.0,0,0.0,0.0,,0.0,bidTooLow
2020-10-21,418.0,6973.0,0.0,100,342.73,273.0,0,0.0,0.0,,0.0,0,0.0,0.0,,0.0,bidTooLow
2020-10-22,418.0,7161.0,0.0,100,344.61,273.0,0,0.0,0.0,,0.0,0,0.0,0.0,,0.0,bidTooLow
2020-10-23,418.0,7278.0,0.0,100,345.78,273.0,0,0.0,0.0,,0.0,0,0.0,0.0,,0.0,bidTooLow
2020-10-26,418.0,6639.0,0.0,100,339.39,273.0,0,0.0,0.0,,0.0,0,0.0,0.0,,0.0,bidTooLow
2020-10-27,418.0,6522.0,0.0,100,338.22,273.0,0,0.0,0.0,,0.0,0,0.0,0.0,,0.0,bidTooLow
2020-10-28,418.0,5366.0,0.0,100,326.66,273.0,0,0.0,0.0,,0.0,0,0.0,0.0,,0.0,bidTooLow
2020-10-29,418.0,5698.0,0.0,100,329.98,273.0,0,0.0,0.0,,0.0,0,0.0,0.0,,0.0,bidTooLow
2020-10-30,418.0,5354.0,0.0,100,326.54,273.0,0,0.0,0.0,,0.0,0,0.0,0.0,,0.0,bidTooLow
2020-11-02,418.0,5720.0,0.0,100,330.2,273.0,0,0.0,0.0,,0.0,0,0.0,0.0,,0.0,bidTooLow
2020-11-03,418.0,6300.0,0.0,100,336.03,273.0,0,0.0,0.0,,0.0,1,0.02,0.05,SPY201109C00378000,378.0,normalDay
2020-11-04,418.0,7054.0,0.0,100,343.54,273.0,0,0.0,0.0,,0.0,1,0.02,0.02,SPY201109C00378000,378.0,normalDay
2020-11-05,418.0,7725.0,0.0,100,350.24,273.0,0,0.0,0.0,,0.0,1,0.02,0.01,SPY201109C00378000,378.0,normalDay
2020-11-06,418.0,7717.0,0.0,100,350.16,273.0,0,0.0,0.0,,0.0,1,0.02,0.01,SPY201109C00378000,378.0,normalDay
2020-11-09,420.0,8156.0,2.0,100,354.56,273.0,0,0.0,0.0,,0.0,1,0.02,0.0,SPY201109C00378000,378.0,expirationDay
2020-11-10,420.0,8104.0,0.0,100,354.04,273.0,0,0.0,0.0,,0.0,0,0.0,0.0,,0.0,bidTooLow
2020-11-11,420.0,8367.0,0.0,100,356.67,273.0,0,0.0,0.0,,0.0,0,0.0,0.0,,0.0,bidTooLow
2020-11-12,420.0,8021.0,0.0,100,353.21,273.0,0,0.0,0.0,,0.0,0,0.0,0.0,,0.0,bidTooLow
2020-11-13,420.0,8510.0,0.0,100,358.1,273.0,0,0.0,0.0,,0.0,0,0.0,0.0,,0.0,bidTooLow
2020-11-16,420.0,8957.0,0.0,100,362.57,273.0,0,0.0,0.0,,0.0,0,0.0,0.0,,0.0,bidTooLow
2020-11-17,420.0,8762.0,0.0,100,360.62,273.0,0,0.0,0.0,,0.0,0,0.0,0.0,,0.0,bidTooLow
2020-11-18,420.0,8328.0,0.0,100,356.28,273.0,0,0.0,0.0,,0.0,0,0.0,0.0,,0.0,bidTooLow
2020-11-19,420.0,8478.0,0.0,100,357.78,273.0,0,0.0,0.0,,0.0,0,0.0,0.0,,0.0,bidTooLow
2020-11-20,420.0,8233.0,0.0,100,355.33,273.0,0,0.0,0.0,,0.0,0,0.0,0.0,,0.0,bidTooLow
2020-11-23,420.0,8446.0,0.0,100,357.46,273.0,0,0.0,0.0,,0.0,0,0.0,0.0,,0.0,bidTooLow
2020-11-24,420.0,9022.0,0.0,100,363.22,273.0,0,0.0,0.0,,0.0,0,0.0,0.0,,0.0,bidTooLow
2020-11-25,420.0,8966.0,0.0,100,362.66,273.0,0,0.0,0.0,,0.0,0,0.0,0.0,,0.0,bidTooLow
2020-11-27,420.0,9067.0,0.0,100,363.67,273.0,0,0.0,0.0,,0.0,0,0.0,0.0,,0.0,bidTooLow
2020-11-30,420.0,8906.0,0.0,100,362.06,273.0,0,0.0,0.0,,0.0,0,0.0,0.0,,0.0,bidTooLow
2020-12-01,420.0,9302.0,0.0,100,366.02,273.0,0,0.0,0.0,,0.0,0,0.0,0.0,,0.0,bidTooLow
2020-12-02,420.0,9379.0,0.0,100,366.79,273.0,0,0.0,0.0,,0.0,0,0.0,0.0,,0.0,bidTooLow
2020-12-03,420.0,9366.0,0.0,100,366.69,273.0,0,0.0,0.0,,0.0,1,0.01,0.04,SPY201209C00384000,384.0,normalDay
2020-12-04,420.0,9683.0,0.0,100,369.85,273.0,0,0.0,0.0,,0.0,1,0.01,0.03,SPY201209C00384000,384.0,normalDay
2020-12-07,420.0,9609.0,0.0,100,369.09,273.0,0,0.0,0.0,,0.0,1,0.01,0.01,SPY201209C00384000,384.0,normalDay
2020-12-08,420.0,9717.0,0.0,100,370.17,273.0,0,0.0,0.0,,0.0,1,0.01,0.01,SPY201209C00384000,384.0,normalDay
2020-12-09,421.0,9385.0,1.0,100,366.85,273.0,0,0.0,0.0,,0.0,1,0.01,0.0,SPY201209C00384000,384.0,expirationDay
2020-12-10,421.0,9373.0,0.0,100,366.73,273.0,0,0.0,0.0,,0.0,0,0.0,0.0,,0.0,bidTooLow
2020-12-11,421.0,9330.0,0.0,100,366.3,273.0,0,0.0,0.0,,0.0,0,0.0,0.0,,0.0,bidTooLow
2020-12-14,421.0,9163.0,0.0,100,364.66,273.0,0,0.0,0.0,,0.0,1,0.01,0.04,SPY201218C00385000,385.0,normalDay
2020-12-15,421.0,9656.0,0.0,100,369.59,273.0,0,0.0,0.0,,0.0,1,0.01,0.04,SPY201218C00385000,385.0,normalDay
2020-12-16,421.0,9713.0,0.0,100,370.17,273.0,0,0.0,0.0,,0.0,1,0.01,0.05,SPY201218C00385000,385.0,normalDay
2020-12-17,421.0,9923.0,0.0,100,372.24,273.0,0,0.0,0.0,,0.0,1,0.01,0.02,SPY201218C00385000,385.0,normalDay
2020-12-18,422.0,9618.0,1.0,100,369.18,273.0,0,0.0,0.0,,0.0,1,0.01,0.0,SPY201218C00385000,385.0,expirationDay
2020-12-21,422.0,9486.0,0.0,100,367.86,273.0,0,0.0,0.0,,0.0,0,0.0,0.0,,0.0,bidTooLow
2020-12-22,422.0,9421.0,0.0,100,367.24,273.0,0,0.0,0.0,,0.0,1,0.01,0.04,SPY201228C00380000,380.0,normalDay
2020-12-23,422.0,9455.0,0.0,100,367.57,273.0,0,0.0,0.0,,0.0,1,0.01,0.03,SPY201228C00380000,380.0,normalDay
2020-12-24,422.0,9600.0,0.0,100,369.0,273.0,0,0.0,0.0,,0.0,1,0.01,0.01,SPY201228C00380000,380.0,normalDay
2020-12-28,423.0,9917.0,1.0,100,372.17,273.0,0,0.0,0.0,,0.0,1,0.01,0.0,SPY201228C00380000,380.0,expirationDay
2020-12-29,423.0,9843.0,0.0,100,371.46,273.0,0,0.0,0.0,,0.0,1,0.16,0.19,SPY210104C00379000,379.0,normalDay
2020-12-30,423.0,9905.0,0.0,100,371.99,273.0,0,0.0,0.0,,0.0,1,0.16,0.1,SPY210104C00379000,379.0,normalDay
2020-12-31,423.0,10082.0,0.0,100,373.88,273.0,0,0.0,0.0,,0.0,1,0.16,0.22,SPY210104C00379000,379.0,normalDay
2021-01-04,439.0,9579.0,16.0,100,368.79,273.0,0,0.0,0.0,,0.0,1,0.16,0.0,SPY210104C00379000,379.0,expirationDay
2021-01-05,439.0,9830.0,0.0,100,371.33,273.0,0,0.0,0.0,,0.0,1,0.35,0.38,SPY210111C00381000,381.0,normalDay
2021-01-06,439.0,10043.0,0.0,100,373.55,273.0,0,0.0,0.0,,0.0,1,0.35,0.47,SPY210111C00381000,381.0,normalDay
2021-01-07,439.0,10545.0,0.0,100,379.1,273.0,0,0.0,0.0,,0.0,1,0.35,1.0,SPY210111C00381000,381.0,normalDay
2021-01-08,439.0,10687.0,0.0,100,381.26,273.0,0,0.0,0.0,,0.0,1,0.35,1.74,SPY210111C00381000,381.0,normalDay
2021-01-11,474.0,10569.0,35.0,100,378.69,273.0,0,0.0,0.0,,0.0,1,0.35,0.0,SPY210111C00381000,381.0,expirationDay
2021-01-12,474.0,10577.0,0.0,100,378.77,273.0,0,0.0,0.0,,0.0,0,0.0,0.0,,0.0,bidTooLow
2021-01-13,474.0,10679.0,0.0,100,379.79,273.0,0,0.0,0.0,,0.0,0,0.0,0.0,,0.0,bidTooLow
2021-01-14,474.0,10546.0,0.0,100,378.46,273.0,0,0.0,0.0,,0.0,0,0.0,0.0,,0.0,bidTooLow
2021-01-15,474.0,10270.0,0.0,100,375.7,273.0,0,0.0,0.0,,0.0,0,0.0,0.0,,0.0,bidTooLow
2021-01-19,474.0,10565.0,0.0,100,378.65,273.0,0,0.0,0.0,,0.0,0,0.0,0.0,,0.0,bidTooLow
2021-01-20,474.0,11089.0,0.0,100,383.89,273.0,0,0.0,0.0,,0.0,0,0.0,0.0,,0.0,bidTooLow
2021-01-21,474.0,11124.0,0.0,100,384.24,273.0,0,0.0,0.0,,0.0,0,0.0,0.0,,0.0,bidTooLow
2021-01-22,474.0,10988.0,0.0,100,382.88,273.0,0,0.0,0.0,,0.0,0,0.0,0.0,,0.0,bidTooLow
2021-01-25,474.0,11139.0,0.0,100,384.39,273.0,0,0.0,0.0,,0.0,0,0.0,0.0,,0.0,bidTooLow
2021-01-26,474.0,11079.0,0.0,100,383.79,273.0,0,0.0,0.0,,0.0,0,0.0,0.0,,0.0,bidTooLow
2021-01-27,474.0,10141.0,0.0,100,374.41,273.0,0,0.0,0.0,,0.0,0,0.0,0.0,,0.0,bidTooLow
2021-01-28,474.0,10463.0,0.0,100,377.63,273.0,0,0.0,0.0,,0.0,0,0.0,0.0,,0.0,bidTooLow
2021-01-29,474.0,9707.0,0.0,100,370.07,273.0,0,0.0,0.0,,0.0,0,0.0,0.0,,0.0,bidTooLow
2021-02-01,474.0,10323.0,0.0,100,376.23,273.0,0,0.0,0.0,,0.0,0,0.0,0.0,,0.0,bidTooLow
2021-02-02,474.0,10852.0,0.0,100,381.55,273.0,0,0.0,0.0,,0.0,1,0.01,0.04,SPY210208C00399000,399.0,normalDay
2021-02-03,474.0,10884.0,0.0,100,381.85,273.0,0,0.0,0.0,,0.0,1,0.01,0.02,SPY210208C00399000,399.0,normalDay
2021-02-04,474.0,11318.0,0.0,100,386.19,273.0,0,0.0,0.0,,0.0,1,0.01,0.02,SPY210208C00399000,399.0,normalDay
2021-02-05,474.0,11470.0,0.0,100,387.71,273.0,0,0.0,0.0,,0.0,1,0.01,0.02,SPY210208C00399000,399.0,normalDay
2021-02-08,475.0,11751.0,1.0,100,390.51,273.0,0,0.0,0.0,,0.0,1,0.01,0.0,SPY210208C00399000,399.0,expirationDay
2021-02-09,475.0,11725.0,0.0,100,390.25,273.0,0,0.0,0.0,,0.0,0,0.0,0.0,,0.0,bidTooLow
2021-02-10,475.0,11708.0,0.0,100,390.08,273.0,0,0.0,0.0,,0.0,0,0.0,0.0,,0.0,bidTooLow
2021-02-11,475.0,11771.0,0.0,100,390.71,273.0,0,0.0,0.0,,0.0,0,0.0,0.0,,0.0,bidTooLow
2021-02-12,475.0,11964.0,0.0,100,392.64,273.0,0,0.0,0.0,,0.0,0,0.0,0.0,,0.0,bidTooLow
2021-02-16,475.0,11930.0,0.0,100,392.3,273.0,0,0.0,0.0,,0.0,0,0.0,0.0,,0.0,bidTooLow
2021-02-17,475.0,11939.0,0.0,100,392.39,273.0,0,0.0,0.0,,0.0,0,0.0,0.0,,0.0,bidTooLow
2021-02-18,475.0,11772.0,0.0,100,390.72,273.0,0,0.0,0.0,,0.0,0,0.0,0.0,,0.0,bidTooLow
2021-02-19,475.0,11703.0,0.0,100,390.03,273.0,0,0.0,0.0,,0.0,0,0.0,0.0,,0.0,bidTooLow
2021-02-22,475.0,11403.0,0.0,100,387.03,273.0,0,0.0,0.0,,0.0,0,0.0,0.0,,0.0,bidTooLow
2021-02-23,475.0,11450.0,0.0,100,387.5,273.0,0,0.0,0.0,,0.0,0,0.0,0.0,,0.0,bidTooLow
2021-02-24,475.0,11877.0,0.0,100,391.77,273.0,0,0.0,0.0,,0.0,0,0.0,0.0,,0.0,bidTooLow
2021-02-25,475.0,10933.0,0.0,100,382.33,273.0,0,0.0,0.0,,0.0,0,0.0,0.0,,0.0,bidTooLow
2021-02-26,475.0,10736.0,0.0,100,380.36,273.0,0,0.0,0.0,,0.0,0,0.0,0.0,,0.0,bidTooLow
2021-03-01,475.0,11658.0,0.0,100,389.58,273.0,0,0.0,0.0,,0.0,0,0.0,0.0,,0.0,bidTooLow
2021-03-02,475.0,11354.0,0.0,100,386.54,273.0,0,0.0,0.0,,0.0,0,0.0,0.0,,0.0,bidTooLow
2021-03-03,475.0,10842.0,0.0,100,381.42,273.0,0,0.0,0.0,,0.0,0,0.0,0.0,,0.0,bidTooLow
2021-03-04,475.0,10370.0,0.0,100,376.7,273.0,0,0.0,0.0,,0.0,0,0.0,0.0,,0.0,bidTooLow
2021-03-05,475.0,11063.0,0.0,100,383.63,273.0,0,0.0,0.0,,0.0,0,0.0,0.0,,0.0,bidTooLow
2021-03-08,475.0,10872.0,0.0,100,381.72,273.0,0,0.0,0.0,,0.0,0,0.0,0.0,,0.0,bidTooLow
2021-03-09,475.0,11417.0,0.0,100,387.17,273.0,0,0.0,0.0,,0.0,0,0.0,0.0,,0.0,bidTooLow
2021-03-10,475.0,11658.0,0.0,100,389.58,273.0,0,0.0,0.0,,0.0,0,0.0,0.0,,0.0,bidTooLow
2021-03-11,475.0,12050.0,0.0,100,393.53,273.0,0,0.0,0.0,,0.0,1,0.02,0.05,SPY210317C00411000,411.0,normalDay
2021-03-12,475.0,12106.0,0.0,100,394.06,273.0,0,0.0,0.0,,0.0,1,0.02,0.02,SPY210317C00411000,411.0,normalDay
2021-03-15,475.0,12341.0,0.0,100,396.41,273.0,0,0.0,0.0,,0.0,1,0.02,0.02,SPY210317C00411000,411.0,normalDay
2021-03-16,475.0,12292.0,0.0,100,395.91,273.0,0,0.0,0.0,,0.0,1,0.02,0.01,SPY210317C00411000,411.0,normalDay
2021-03-17,477.0,12426.0,2.0,100,397.26,273.0,0,0.0,0.0,,0.0,1,0.02,0.0,SPY210317C00411000,411.0,expirationDay
2021-03-18,477.0,11848.0,0.0,100,391.48,273.0,0,0.0,0.0,,0.0,0,0.0,0.0,,0.0,bidTooLow
2021-03-19,477.0,11648.0,0.0,100,389.48,273.0,0,0.0,0.0,,0.0,0,0.0,0.0,,0.0,bidTooLow
2021-03-22,477.0,11959.0,0.0,100,392.59,273.0,0,0.0,0.0,,0.0,0,0.0,0.0,,0.0,bidTooLow
2021-03-23,477.0,11650.0,0.0,100,389.5,273.0,0,0.0,0.0,,0.0,0,0.0,0.0,,0.0,bidTooLow
2021-03-24,477.0,11452.0,0.0,100,387.52,273.0,0,0.0,0.0,,0.0,0,0.0,0.0,,0.0,bidTooLow
2021-03-25,477.0,11670.0,0.0,100,389.7,273.0,0,0.0,0.0,,0.0,0,0.0,0.0,,0.0,bidTooLow
2021-03-26,477.0,12298.0,0.0,100,395.98,273.0,0,0.0,0.0,,0.0,0,0.0,0.0,,0.0,bidTooLow
2021-03-29,477.0,12278.0,0.0,100,395.78,273.0,0,0.0,0.0,,0.0,0,0.0,0.0,,0.0,bidTooLow
2021-03-30,477.0,12173.0,0.0,100,394.73,273.0,0,0.0,0.0,,0.0,0,0.0,0.0,,0.0,bidTooLow
2021-03-31,477.0,12333.0,0.0,100,396.33,273.0,0,0.0,0.0,,0.0,0,0.0,0.0,,0.0,bidTooLow
2021-04-01,477.0,12761.0,0.0,100,400.61,273.0,0,0.0,0.0,,0.0,0,0.0,0.0,,0.0,bidTooLow
2021-04-05,477.0,13333.0,0.0,100,406.36,273.0,0,0.0,0.0,,0.0,1,0.01,0.04,SPY210409C00419000,419.0,normalDay
2021-04-06,477.0,13310.0,0.0,100,406.12,273.0,0,0.0,0.0,,0.0,1,0.01,0.03,SPY210409C00419000,419.0,normalDay
2021-04-07,477.0,13359.0,0.0,100,406.59,273.0,0,0.0,0.0,,0.0,1,0.01,0.01,SPY210409C00419000,419.0,normalDay
2021-04-08,477.0,13552.0,0.0,100,408.52,273.0,0,0.0,0.0,,0.0,1,0.01,0.01,SPY210409C00419000,419.0,normalDay
2021-04-09,478.0,13849.0,1.0,100,411.49,273.0,0,0.0,0.0,,0.0,1,0.01,0.0,SPY210409C00419000,419.0,expirationDay
2021-04-12,478.0,13864.0,0.0,100,411.64,273.0,0,0.0,0.0,,0.0,0,0.0,0.0,,0.0,bidTooLow
2021-04-13,478.0,13986.0,0.0,100,412.86,273.0,0,0.0,0.0,,0.0,0,0.0,0.0,,0.0,bidTooLow
2021-04-14,478.0,13845.0,0.0,100,411.45,273.0,0,0.0,0.0,,0.0,0,0.0,0.0,,0.0,bidTooLow
2021-04-15,478.0,14287.0,0.0,100,415.87,273.0,0,0.0,0.0,,0.0,0,0.0,0.0,,0.0,bidTooLow
2021-04-16,478.0,14426.0,0.0,100,417.26,273.0,0,0.0,0.0,,0.0,0,0.0,0.0,,0.0,bidTooLow
2021-04-19,478.0,14221.0,0.0,100,415.21,273.0,0,0.0,0.0,,0.0,0,0.0,0.0,,0.0,bidTooLow
2021-04-20,478.0,13917.0,0.0,100,412.17,273.0,0,0.0,0.0,,0.0,0,0.0,0.0,,0.0,bidTooLow
2021-04-21,478.0,14307.0,0.0,100,416.07,273.0,0,0.0,0.0,,0.0,0,0.0,0.0,,0.0,bidTooLow
2021-04-22,478.0,13927.0,0.0,100,412.27,273.0,0,0.0,0.0,,0.0,0,0.0,0.0,,0.0,bidTooLow
2021-04-23,478.0,14374.0,0.0,100,416.74,273.0,0,0.0,0.0,,0.0,0,0.0,0.0,,0.0,bidTooLow
2021-04-26,478.0,14461.0,0.0,100,417.61,273.0,0,0.0,0.0,,0.0,0,0.0,0.0,,0.0,bidTooLow
2021-04-27,478.0,14452.0,0.0,100,417.52,273.0,0,0.0,0.0,,0.0,0,0.0,0.0,,0.0,bidTooLow
2021-04-28,478.0,14440.0,0.0,100,417.4,273.0,0,0.0,0.0,,0.0,0,0.0,0.0,,0.0,bidTooLow
2021-04-29,478.0,14706.0,0.0,100,420.06,273.0,0,0.0,0.0,,0.0,0,0.0,0.0,,0.0,bidTooLow
2021-04-30,478.0,14430.0,0.0,100,417.3,273.0,0,0.0,0.0,,0.0,0,0.0,0.0,,0.0,bidTooLow
2021-05-03,478.0,14520.0,0.0,100,418.2,273.0,0,0.0,0.0,,0.0,0,0.0,0.0,,0.0,bidTooLow
2021-05-04,478.0,14262.0,0.0,100,415.62,273.0,0,0.0,0.0,,0.0,0,0.0,0.0,,0.0,bidTooLow
2021-05-05,478.0,14275.0,0.0,100,415.75,273.0,0,0.0,0.0,,0.0,0,0.0,0.0,,0.0,bidTooLow
2021-05-06,478.0,14604.0,0.0,100,419.07,273.0,0,0.0,0.0,,0.0,1,0.07,0.1,SPY210512C00428000,428.0,normalDay
2021-05-07,478.0,14900.0,0.0,100,422.12,273.0,0,0.0,0.0,,0.0,1,0.07,0.19,SPY210512C00428000,428.0,normalDay
2021-05-10,478.0,14498.0,0.0,100,417.94,273.0,0,0.0,0.0,,0.0,1,0.07,0.03,SPY210512C00428000,428.0,normalDay
2021-05-11,478.0,14127.0,0.0,100,414.21,273.0,0,0.0,0.0,,0.0,1,0.07,0.01,SPY210512C00428000,428.0,normalDay
2021-05-12,485.0,13241.0,7.0,100,405.41,273.0,0,0.0,0.0,,0.0,1,0.07,0.0,SPY210512C00428000,428.0,expirationDay
2021-05-13,485.0,13728.0,0.0,100,410.28,273.0,0,0.0,0.0,,0.0,0,0.0,0.0,,0.0,bidTooLow
2021-05-14,485.0,14358.0,0.0,100,416.58,273.0,0,0.0,0.0,,0.0,0,0.0,0.0,,0.0,bidTooLow
2021-05-17,485.0,14252.0,0.0,100,415.52,273.0,0,0.0,0.0,,0.0,0,0.0,0.0,,0.0,bidTooLow
2021-05-18,485.0,13894.0,0.0,100,411.94,273.0,0,0.0,0.0,,0.0,0,0.0,0.0,,0.0,bidTooLow
2021-05-19,485.0,13786.0,0.0,100,410.86,273.0,0,0.0,0.0,,0.0,0,0.0,0.0,,0.0,bidTooLow
2021-05-20,485.0,14228.0,0.0,100,415.28,273.0,0,0.0,0.0,,0.0,0,0.0,0.0,,0.0,bidTooLow
2021-05-21,485.0,14194.0,0.0,100,414.94,273.0,0,0.0,0.0,,0.0,0,0.0,0.0,,0.0,bidTooLow
2021-05-24,485.0,14617.0,0.0,100,419.17,273.0,0,0.0,0.0,,0.0,0,0.0,0.0,,0.0,bidTooLow
2021-05-25,485.0,14524.0,0.0,100,418.24,273.0,0,0.0,0.0,,0.0,0,0.0,0.0,,0.0,bidTooLow
2021-05-26,485.0,14607.0,0.0,100,419.07,273.0,0,0.0,0.0,,0.0,0,0.0,0.0,,0.0,bidTooLow
2021-05-27,485.0,14629.0,0.0,100,419.29,273.0,0,0.0,0.0,,0.0,0,0.0,0.0,,0.0,bidTooLow
2021-05-28,485.0,14704.0,0.0,100,420.04,273.0,0,0.0,0.0,,0.0,0,0.0,0.0,,0.0,bidTooLow
2021-06-01,485.0,14667.0,0.0,100,419.67,273.0,0,0.0,0.0,,0.0,0,0.0,0.0,,0.0,bidTooLow
2021-06-02,485.0,14733.0,0.0,100,420.33,273.0,0,0.0,0.0,,0.0,0,0.0,0.0,,0.0,bidTooLow
2021-06-03,485.0,14577.0,0.0,100,418.77,273.0,0,0.0,0.0,,0.0,0,0.0,0.0,,0.0,bidTooLow
2021-06-04,485.0,14960.0,0.0,100,422.6,273.0,0,0.0,0.0,,0.0,0,0.0,0.0,,0.0,bidTooLow
2021-06-07,485.0,14919.0,0.0,100,422.19,273.0,0,0.0,0.0,,0.0,0,0.0,0.0,,0.0,bidTooLow
2021-06-08,485.0,14928.0,0.0,100,422.28,273.0,0,0.0,0.0,,0.0,0,0.0,0.0,,0.0,bidTooLow
2021-06-09,485.0,14865.0,0.0,100,421.65,273.0,0,0.0,0.0,,0.0,0,0.0,0.0,,0.0,bidTooLow
2021-06-10,485.0,15058.0,0.0,100,423.61,273.0,0,0.0,0.0,,0.0,1,0.02,0.05,SPY210616C00437000,437.0,normalDay
2021-06-11,485.0,15131.0,0.0,100,424.31,273.0,0,0.0,0.0,,0.0,1,0.02,0.02,SPY210616C00437000,437.0,normalDay
2021-06-14,485.0,15226.0,0.0,100,425.26,273.0,0,0.0,0.0,,0.0,1,0.02,0.02,SPY210616C00437000,437.0,normalDay
2021-06-15,485.0,15149.0,0.0,100,424.48,273.0,0,0.0,0.0,,0.0,1,0.02,0.01,SPY210616C00437000,437.0,normalDay
2021-06-16,487.0,14911.0,2.0,100,422.11,273.0,0,0.0,0.0,,0.0,1,0.02,0.0,SPY210616C00437000,437.0,expirationDay
2021-06-17,487.0,14894.0,0.0,100,421.97,273.0,0,0.0,0.0,,0.0,1,0.01,0.04,SPY210623C00434000,434.0,normalDay
2021-06-18,487.0,14191.0,0.0,100,414.92,273.0,0,0.0,0.0,,0.0,1,0.01,0.02,SPY210623C00434000,434.0,normalDay
2021-06-21,487.0,14786.0,0.0,100,420.86,273.0,0,0.0,0.0,,0.0,1,0.01,0.01,SPY210623C00434000,434.0,normalDay
2021-06-22,487.0,15011.0,0.0,100,423.11,273.0,0,0.0,0.0,,0.0,1,0.01,0.01,SPY210623C00434000,434.0,normalDay
2021-06-23,488.0,14960.0,1.0,100,422.6,273.0,0,0.0,0.0,,0.0,1,0.01,0.0,SPY210623C00434000,434.0,expirationDay
2021-06-24,488.0,15207.0,0.0,100,425.1,273.0,0,0.0,0.0,,0.0,1,0.04,0.07,SPY210630C00434000,434.0,normalDay
2021-06-25,488.0,15360.0,0.0,100,426.61,273.0,0,0.0,0.0,,0.0,1,0.04,0.05,SPY210630C00434000,434.0,normalDay
2021-06-28,488.0,15448.0,0.0,100,427.47,273.0,0,0.0,0.0,,0.0,1,0.04,0.03,SPY210630C00434000,434.0,normalDay
2021-06-29,488.0,15472.0,0.0,100,427.7,273.0,0,0.0,0.0,,0.0,1,0.04,0.02,SPY210630C00434000,434.0,normalDay
2021-06-30,492.0,15506.0,4.0,100,428.06,273.0,0,0.0,0.0,,0.0,1,0.04,0.0,SPY210630C00434000,434.0,expirationDay
2021-07-01,492.0,15740.0,0.0,100,430.43,273.0,0,0.0,0.0,,0.0,1,0.01,0.04,SPY210707C00440000,440.0,normalDay
2021-07-02,492.0,16066.0,0.0,100,433.72,273.0,0,0.0,0.0,,0.0,1,0.01,0.07,SPY210707C00440000,440.0,normalDay
2021-07-06,492.0,15992.0,0.0,100,432.93,273.0,0,0.0,0.0,,0.0,1,0.01,0.02,SPY210707C00440000,440.0,normalDay
2021-07-07,493.0,16146.0,1.0,100,434.46,273.0,0,0.0,0.0,,0.0,1,0.01,0.0,SPY210707C00440000,440.0,expirationDay
2021-07-08,493.0,15792.0,0.0,100,430.92,273.0,0,0.0,0.0,,0.0,0,0.0,0.0,,0.0,bidTooLow
2021-07-09,493.0,16252.0,0.0,100,435.52,273.0,0,0.0,0.0,,0.0,0,0.0,0.0,,0.0,bidTooLow
2021-07-12,493.0,16408.0,0.0,100,437.08,273.0,0,0.0,0.0,,0.0,0,0.0,0.0,,0.0,bidTooLow
2021-07-13,493.0,16259.0,0.0,100,435.59,273.0,0,0.0,0.0,,0.0,0,0.0,0.0,,0.0,bidTooLow
2021-07-14,493.0,16324.0,0.0,100,436.24,273.0,0,0.0,0.0,,0.0,0,0.0,0.0,,0.0,bidTooLow
2021-07-15,493.0,16175.0,0.0,100,434.75,273.0,0,0.0,0.0,,0.0,0,0.0,0.0,,0.0,bidTooLow
2021-07-16,493.0,15834.0,0.0,100,431.34,273.0,0,0.0,0.0,,0.0,0,0.0,0.0,,0.0,bidTooLow
2021-07-19,493.0,15197.0,0.0,100,424.97,273.0,0,0.0,0.0,,0.0,0,0.0,0.0,,0.0,bidTooLow
2021-07-20,493.0,15806.0,0.0,100,431.06,273.0,0,0.0,0.0,,0.0,0,0.0,0.0,,0.0,bidTooLow
2021-07-21,493.0,16155.0,0.0,100,434.55,273.0,0,0.0,0.0,,0.0,0,0.0,0.0,,0.0,bidTooLow
2021-07-22,493.0,16246.0,0.0,100,435.46,273.0,0,0.0,0.0,,0.0,0,0.0,0.0,,0.0,bidTooLow
2021-07-23,493.0,16691.0,0.0,100,439.94,273.0,0,0.0,0.0,,0.0,1,0.01,0.04,SPY210728C00452000,452.0,normalDay
2021-07-26,493.0,16801.0,0.0,100,441.02,273.0,0,0.0,0.0,,0.0,1,0.01,0.02,SPY210728C00452000,452.0,normalDay
2021-07-27,493.0,16601.0,0.0,100,439.01,273.0,0,0.0,0.0,,0.0,1,0.01,0.01,SPY210728C00452000,452.0,normalDay
2021-07-28,494.0,16583.0,1.0,100,438.83,273.0,0,0.0,0.0,,0.0,1,0.01,0.0,SPY210728C00452000,452.0,expirationDay
2021-07-29,494.0,16765.0,0.0,100,440.65,273.0,0,0.0,0.0,,0.0,0,0.0,0.0,,0.0,bidTooLow
2021-07-30,494.0,16551.0,0.0,100,438.51,273.0,0,0.0,0.0,,0.0,0,0.0,0.0,,0.0,bidTooLow
2021-08-02,494.0,16459.0,0.0,100,437.59,273.0,0,0.0,0.0,,0.0,0,0.0,0.0,,0.0,bidTooLow
2021-08-03,494.0,16815.0,0.0,100,441.15,273.0,0,0.0,0.0,,0.0,0,0.0,0.0,,0.0,bidTooLow
2021-08-04,494.0,16598.0,0.0,100,438.98,273.0,0,0.0,0.0,,0.0,0,0.0,0.0,,0.0,bidTooLow
2021-08-05,494.0,16876.0,0.0,100,441.76,273.0,0,0.0,0.0,,0.0,0,0.0,0.0,,0.0,bidTooLow
2021-08-06,494.0,16949.0,0.0,100,442.49,273.0,0,0.0,0.0,,0.0,0,0.0,0.0,,0.0,bidTooLow
2021-08-09,494.0,16913.0,0.0,100,442.13,273.0,0,0.0,0.0,,0.0,0,0.0,0.0,,0.0,bidTooLow
2021-08-10,494.0,16968.0,0.0,100,442.68,273.0,0,0.0,0.0,,0.0,0,0.0,0.0,,0.0,bidTooLow
2021-08-11,494.0,17078.0,0.0,100,443.78,273.0,0,0.0,0.0,,0.0,0,0.0,0.0,,0.0,bidTooLow
2021-08-12,494.0,17211.0,0.0,100,445.11,273.0,0,0.0,0.0,,0.0,0,0.0,0.0,,0.0,bidTooLow
2021-08-13,494.0,17292.0,0.0,100,445.92,273.0,0,0.0,0.0,,0.0,0,0.0,0.0,,0.0,bidTooLow
2021-08-16,494.0,17397.0,0.0,100,446.97,273.0,0,0.0,0.0,,0.0,0,0.0,0.0,,0.0,bidTooLow
2021-08-17,494.0,17104.0,0.0,100,444.04,273.0,0,0.0,0.0,,0.0,0,0.0,0.0,,0.0,bidTooLow
2021-08-18,494.0,16618.0,0.0,100,439.18,273.0,0,0.0,0.0,,0.0,0,0.0,0.0,,0.0,bidTooLow
2021-08-19,494.0,16683.0,0.0,100,439.86,273.0,0,0.0,0.0,,0.0,1,0.01,0.04,SPY210825C00454000,454.0,normalDay
2021-08-20,494.0,17034.0,0.0,100,443.36,273.0,0,0.0,0.0,,0.0,1,0.01,0.03,SPY210825C00454000,454.0,normalDay
2021-08-23,494.0,17423.0,0.0,100,447.26,273.0,0,0.0,0.0,,0.0,1,0.01,0.04,SPY210825C00454000,454.0,normalDay
2021-08-24,494.0,17497.0,0.0,100,447.97,273.0,0,0.0,0.0,,0.0,1,0.01,0.01,SPY210825C00454000,454.0,normalDay
2021-08-25,495.0,17591.0,1.0,100,448.91,273.0,0,0.0,0.0,,0.0,1,0.01,0.0,SPY210825C00454000,454.0,expirationDay
2021-08-26,495.0,17326.0,0.0,100,446.26,273.0,0,0.0,0.0,,0.0,0,0.0,0.0,,0.0,bidTooLow
2021-08-27,495.0,17725.0,0.0,100,450.25,273.0,0,0.0,0.0,,0.0,0,0.0,0.0,,0.0,bidTooLow
2021-08-30,495.0,17920.0,0.0,100,452.23,273.0,0,0.0,0.0,,0.0,1,0.01,0.04,SPY210903C00462000,462.0,normalDay
2021-08-31,495.0,17855.0,0.0,100,451.56,273.0,0,0.0,0.0,,0.0,1,0.01,0.02,SPY210903C00462000,462.0,normalDay
2021-09-01,495.0,17879.0,0.0,100,451.8,273.0,0,0.0,0.0,,0.0,1,0.01,0.02,SPY210903C00462000,462.0,normalDay
2021-09-02,495.0,18019.0,0.0,100,453.19,273.0,0,0.0,0.0,,0.0,1,0.01,0.01,SPY210903C00462000,462.0,normalDay
2021-09-03,496.0,18008.0,1.0,100,453.08,273.0,0,0.0,0.0,,0.0,1,0.01,0.0,SPY210903C00462000,462.0,expirationDay
2021-09-07,496.0,17846.0,0.0,100,451.46,273.0,0,0.0,0.0,,0.0,0,0.0,0.0,,0.0,bidTooLow
2021-09-08,496.0,17791.0,0.0,100,450.91,273.0,0,0.0,0.0,,0.0,0,0.0,0.0,,0.0,bidTooLow
2021-09-09,496.0,17598.0,0.0,100,448.98,273.0,0,0.0,0.0,,0.0,0,0.0,0.0,,0.0,bidTooLow
2021-09-10,496.0,17244.0,0.0,100,445.44,273.0,0,0.0,0.0,,0.0,0,0.0,0.0,,0.0,bidTooLow
2021-09-13,496.0,17358.0,0.0,100,446.58,273.0,0,0.0,0.0,,0.0,0,0.0,0.0,,0.0,bidTooLow
2021-09-14,496.0,17117.0,0.0,100,444.17,273.0,0,0.0,0.0,,0.0,0,0.0,0.0,,0.0,bidTooLow
2021-09-15,496.0,17488.0,0.0,100,447.88,273.0,0,0.0,0.0,,0.0,0,0.0,0.0,,0.0,bidTooLow
2021-09-16,496.0,17417.0,0.0,100,447.17,273.0,0,0.0,0.0,,0.0,0,0.0,0.0,,0.0,bidTooLow
2021-09-17,496.0,16840.0,0.0,100,441.4,273.0,0,0.0,0.0,,0.0,0,0.0,0.0,,0.0,bidTooLow
2021-09-20,496.0,16104.0,0.0,100,434.04,273.0,0,0.0,0.0,,0.0,0,0.0,0.0,,0.0,bidTooLow
2021-09-21,496.0,16063.0,0.0,100,433.63,273.0,0,0.0,0.0,,0.0,0,0.0,0.0,,0.0,bidTooLow
2021-09-22,496.0,16486.0,0.0,100,437.86,273.0,0,0.0,0.0,,0.0,0,0.0,0.0,,0.0,bidTooLow
2021-09-23,496.0,17018.0,0.0,100,443.18,273.0,0,0.0,0.0,,0.0,0,0.0,0.0,,0.0,bidTooLow
2021-09-24,496.0,17091.0,0.0,100,443.91,273.0,0,0.0,0.0,,0.0,0,0.0,0.0,,0.0,bidTooLow
2021-09-27,496.0,16964.0,0.0,100,442.64,273.0,0,0.0,0.0,,0.0,0,0.0,0.0,,0.0,bidTooLow
2021-09-28,496.0,16072.0,0.0,100,433.72,273.0,0,0.0,0.0,,0.0,0,0.0,0.0,,0.0,bidTooLow
2021-09-29,496.0,16145.0,0.0,100,434.45,273.0,0,0.0,0.0,,0.0,0,0.0,0.0,,0.0,bidTooLow
2021-09-30,496.0,15614.0,0.0,100,429.14,273.0,0,0.0,0.0,,0.0,0,0.0,0.0,,0.0,bidTooLow
2021-10-01,496.0,16124.0,0.0,100,434.24,273.0,0,0.0,0.0,,0.0,0,0.0,0.0,,0.0,bidTooLow
2021-10-04,496.0,15564.0,0.0,100,428.64,273.0,0,0.0,0.0,,0.0,0,0.0,0.0,,0.0,bidTooLow
2021-10-05,496.0,16010.0,0.0,100,433.1,273.0,0,0.0,0.0,,0.0,0,0.0,0.0,,0.0,bidTooLow
2021-10-06,496.0,16190.0,0.0,100,434.9,273.0,0,0.0,0.0,,0.0,0,0.0,0.0,,0.0,bidTooLow
2021-10-07,496.0,16566.0,0.0,100,438.66,273.0,0,0.0,0.0,,0.0,0,0.0,0.0,,0.0,bidTooLow
2021-10-08,496.0,16486.0,0.0,100,437.86,273.0,0,0.0,0.0,,0.0,0,0.0,0.0,,0.0,bidTooLow
2021-10-11,496.0,16169.0,0.0,100,434.69,273.0,0,0.0,0.0,,0.0,0,0.0,0.0,,0.0,bidTooLow
2021-10-12,496.0,16062.0,0.0,100,433.62,273.0,0,0.0,0.0,,0.0,0,0.0,0.0,,0.0,bidTooLow
2021-10-13,496.0,16218.0,0.0,100,435.18,273.0,0,0.0,0.0,,0.0,0,0.0,0.0,,0.0,bidTooLow
2021-10-14,496.0,16947.0,0.0,100,442.5,273.0,0,0.0,0.0,,0.0,1,0.02,0.05,SPY211020C00458000,458.0,normalDay
2021-10-15,496.0,17285.0,0.0,100,445.87,273.0,0,0.0,0.0,,0.0,1,0.02,0.04,SPY211020C00458000,458.0,normalDay
2021-10-18,496.0,17419.0,0.0,100,447.19,273.0,0,0.0,0.0,,0.0,1,0.02,0.02,SPY211020C00458000,458.0,normalDay
2021-10-19,496.0,17765.0,0.0,100,450.64,273.0,0,0.0,0.0,,0.0,1,0.02,0.01,SPY211020C00458000,458.0,normalDay
2021-10-20,498.0,17941.0,2.0,100,452.41,273.0,0,0.0,0.0,,0.0,1,0.02,0.0,SPY211020C00458000,458.0,expirationDay
2021-10-21,498.0,18059.0,0.0,100,453.59,273.0,0,0.0,0.0,,0.0,0,0.0,0.0,,0.0,bidTooLow
2021-10-22,498.0,18012.0,0.0,100,453.12,273.0,0,0.0,0.0,,0.0,0,0.0,0.0,,0.0,bidTooLow
2021-10-25,498.0,18255.0,0.0,100,455.55,273.0,0,0.0,0.0,,0.0,0,0.0,0.0,,0.0,bidTooLow
2021-10-26,498.0,18296.0,0.0,100,455.96,273.0,0,0.0,0.0,,0.0,0,0.0,0.0,,0.0,bidTooLow
2021-10-27,498.0,18094.0,0.0,100,453.94,273.0,0,0.0,0.0,,0.0,0,0.0,0.0,,0.0,bidTooLow
2021-10-28,498.0,18532.0,0.0,100,458.32,273.0,0,0.0,0.0,,0.0,0,0.0,0.0,,0.0,bidTooLow
2021-10-29,498.0,18625.0,0.0,100,459.25,273.0,0,0.0,0.0,,0.0,0,0.0,0.0,,0.0,bidTooLow
2021-11-01,498.0,18704.0,0.0,100,460.04,273.0,0,0.0,0.0,,0.0,0,0.0,0.0,,0.0,bidTooLow
2021-11-02,498.0,18890.0,0.0,100,461.9,273.0,0,0.0,0.0,,0.0,0,0.0,0.0,,0.0,bidTooLow
2021-11-03,498.0,19172.0,0.0,100,464.72,273.0,0,0.0,0.0,,0.0,0,0.0,0.0,,0.0,bidTooLow
2021-11-04,498.0,19391.0,0.0,100,466.91,273.0,0,0.0,0.0,,0.0,0,0.0,0.0,,0.0,bidTooLow
2021-11-05,498.0,19553.0,0.0,100,468.53,273.0,0,0.0,0.0,,0.0,0,0.0,0.0,,0.0,bidTooLow
2021-11-08,498.0,19593.0,0.0,100,468.93,273.0,0,0.0,0.0,,0.0,0,0.0,0.0,,0.0,bidTooLow
2021-11-09,498.0,19438.0,0.0,100,467.38,273.0,0,0.0,0.0,,0.0,0,0.0,0.0,,0.0,bidTooLow
2021-11-10,498.0,19062.0,0.0,100,463.62,273.0,0,0.0,0.0,,0.0,0,0.0,0.0,,0.0,bidTooLow
2021-11-11,498.0,19077.0,0.0,100,463.77,273.0,0,0.0,0.0,,0.0,0,0.0,0.0,,0.0,bidTooLow
2021-11-12,498.0,19427.0,0.0,100,467.27,273.0,0,0.0,0.0,,0.0,0,0.0,0.0,,0.0,bidTooLow
2021-11-15,498.0,19443.0,0.0,100,467.43,273.0,0,0.0,0.0,,0.0,0,0.0,0.0,,0.0,bidTooLow
2021-11-16,498.0,19628.0,0.0,100,469.28,273.0,0,0.0,0.0,,0.0,0,0.0,0.0,,0.0,bidTooLow
2021-11-17,498.0,19514.0,0.0,100,468.14,273.0,0,0.0,0.0,,0.0,0,0.0,0.0,,0.0,bidTooLow
2021-11-18,498.0,19673.0,0.0,100,469.73,273.0,0,0.0,0.0,,0.0,0,0.0,0.0,,0.0,bidTooLow
2021-11-19,498.0,19589.0,0.0,100,468.89,273.0,0,0.0,0.0,,0.0,0,0.0,0.0,,0.0,bidTooLow
2021-11-22,498.0,19457.0,0.0,100,467.57,273.0,0,0.0,0.0,,0.0,0,0.0,0.0,,0.0,bidTooLow
2021-11-23,498.0,19519.0,0.0,100,468.19,273.0,0,0.0,0.0,,0.0,0,0.0,0.0,,0.0,bidTooLow
2021-11-24,498.0,19644.0,0.0,100,469.44,273.0,0,0.0,0.0,,0.0,0,0.0,0.0,,0.0,bidTooLow
2021-11-26,498.0,18597.0,0.0,100,458.97,273.0,0,0.0,0.0,,0.0,0,0.0,0.0,,0.0,bidTooLow
2021-11-29,498.0,19160.0,0.0,100,464.6,273.0,0,0.0,0.0,,0.0,0,0.0,0.0,,0.0,bidTooLow
2021-11-30,498.0,18253.0,0.0,100,455.56,273.0,0,0.0,0.0,,0.0,1,0.01,0.04,SPY211206C00484000,484.0,normalDay
2021-12-01,498.0,17749.0,0.0,100,450.5,273.0,0,0.0,0.0,,0.0,1,0.01,0.02,SPY211206C00484000,484.0,normalDay
2021-12-02,498.0,18440.0,0.0,100,457.4,273.0,0,0.0,0.0,,0.0,1,0.01,0.01,SPY211206C00484000,484.0,normalDay
2021-12-03,498.0,18042.0,0.0,100,453.42,273.0,0,0.0,0.0,,0.0,1,0.01,0.01,SPY211206C00484000,484.0,normalDay
2021-12-06,499.0,18579.0,1.0,100,458.79,273.0,0,0.0,0.0,,0.0,1,0.01,0.0,SPY211206C00484000,484.0,expirationDay
2021-12-07,499.0,19528.0,0.0,100,468.28,273.0,0,0.0,0.0,,0.0,0,0.0,0.0,,0.0,bidTooLow
2021-12-08,499.0,19652.0,0.0,100,469.52,273.0,0,0.0,0.0,,0.0,0,0.0,0.0,,0.0,bidTooLow
2021-12-09,499.0,19335.0,0.0,100,466.35,273.0,0,0.0,0.0,,0.0,0,0.0,0.0,,0.0,bidTooLow
2021-12-10,499.0,19774.0,0.0,100,470.74,273.0,0,0.0,0.0,,0.0,0,0.0,0.0,,0.0,bidTooLow
2021-12-13,499.0,19357.0,0.0,100,466.57,273.0,0,0.0,0.0,,0.0,0,0.0,0.0,,0.0,bidTooLow
2021-12-14,499.0,19036.0,0.0,100,463.36,273.0,0,0.0,0.0,,0.0,0,0.0,0.0,,0.0,bidTooLow
2021-12-15,499.0,19760.0,0.0,100,470.6,273.0,0,0.0,0.0,,0.0,0,0.0,0.0,,0.0,bidTooLow
2021-12-16,499.0,19345.0,0.0,100,466.45,273.0,0,0.0,0.0,,0.0,0,0.0,0.0,,0.0,bidTooLow
2021-12-17,499.0,18687.0,0.0,100,459.87,273.0,0,0.0,0.0,,0.0,0,0.0,0.0,,0.0,bidTooLow
2021-12-20,499.0,18198.0,0.0,100,454.98,273.0,0,0.0,0.0,,0.0,0,0.0,0.0,,0.0,bidTooLow
2021-12-21,499.0,19006.0,0.0,100,463.06,273.0,0,0.0,0.0,,0.0,0,0.0,0.0,,0.0,bidTooLow
2021-12-22,499.0,19469.0,0.0,100,467.69,273.0,0,0.0,0.0,,0.0,0,0.0,0.0,,0.0,bidTooLow
2021-12-23,499.0,19760.0,0.0,100,470.6,273.0,0,0.0,0.0,,0.0,0,0.0,0.0,,0.0,bidTooLow
2021-12-27,499.0,20426.0,0.0,100,477.26,273.0,0,0.0,0.0,,0.0,0,0.0,0.0,,0.0,bidTooLow
2021-12-28,499.0,20387.0,0.0,100,476.87,273.0,0,0.0,0.0,,0.0,0,0.0,0.0,,0.0,bidTooLow
2021-12-29,499.0,20448.0,0.0,100,477.48,273.0,0,0.0,0.0,,0.0,0,0.0,0.0,,0.0,bidTooLow
2021-12-30,499.0,20316.0,0.0,100,476.16,273.0,0,0.0,0.0,,0.0,0,0.0,0.0,,0.0,bidTooLow
2021-12-31,499.0,20196.0,0.0,100,474.96,273.0,0,0.0,0.0,,0.0,0,0.0,0.0,,0.0,bidTooLow
2022-01-03,499.0,20471.0,0.0,100,477.71,273.0,0,0.0,0.0,,0.0,0,0.0,0.0,,0.0,bidTooLow
2022-01-04,499.0,20455.0,0.0,100,477.55,273.0,0,0.0,0.0,,0.0,0,0.0,0.0,,0.0,bidTooLow
2022-01-05,499.0,19538.0,0.0,100,468.38,273.0,0,0.0,0.0,,0.0,0,0.0,0.0,,0.0,bidTooLow
2022-01-06,499.0,19494.0,0.0,100,467.94,273.0,0,0.0,0.0,,0.0,0,0.0,0.0,,0.0,bidTooLow
2022-01-07,499.0,19309.0,0.0,100,466.09,273.0,0,0.0,0.0,,0.0,0,0.0,0.0,,0.0,bidTooLow
2022-01-10,499.0,19251.0,0.0,100,465.51,273.0,0,0.0,0.0,,0.0,0,0.0,0.0,,0.0,bidTooLow
2022-01-11,499.0,19675.0,0.0,100,469.75,273.0,0,0.0,0.0,,0.0,0,0.0,0.0,,0.0,bidTooLow
2022-01-12,499.0,19802.0,0.0,100,471.02,273.0,0,0.0,0.0,,0.0,0,0.0,0.0,,0.0,bidTooLow
2022-01-13,499.0,19153.0,0.0,100,464.53,273.0,0,0.0,0.0,,0.0,0,0.0,0.0,,0.0,bidTooLow
2022-01-14,499.0,19172.0,0.0,100,464.72,273.0,0,0.0,0.0,,0.0,0,0.0,0.0,,0.0,bidTooLow
2022-01-18,499.0,18349.0,0.0,100,456.49,273.0,0,0.0,0.0,,0.0,0,0.0,0.0,,0.0,bidTooLow
2022-01-19,499.0,17875.0,0.0,100,451.75,273.0,0,0.0,0.0,,0.0,0,0.0,0.0,,0.0,bidTooLow
2022-01-20,499.0,17375.0,0.0,100,446.75,273.0,0,0.0,0.0,,0.0,0,0.0,0.0,,0.0,bidTooLow
2022-01-21,499.0,16498.0,0.0,100,437.98,273.0,0,0.0,0.0,,0.0,0,0.0,0.0,,0.0,bidTooLow
2022-01-24,499.0,16684.0,0.0,100,439.84,273.0,0,0.0,0.0,,0.0,0,0.0,0.0,,0.0,bidTooLow
2022-01-25,499.0,16147.0,0.0,100,434.47,273.0,0,0.0,0.0,,0.0,0,0.0,0.0,,0.0,bidTooLow
2022-01-26,499.0,16038.0,0.0,100,433.38,273.0,0,0.0,0.0,,0.0,0,0.0,0.0,,0.0,bidTooLow
2022-01-27,499.0,15824.0,0.0,100,431.24,273.0,0,0.0,0.0,,0.0,0,0.0,0.0,,0.0,bidTooLow
2022-01-28,499.0,16895.0,0.0,100,441.95,273.0,0,0.0,0.0,,0.0,0,0.0,0.0,,0.0,bidTooLow
2022-01-31,499.0,17691.0,0.0,100,449.91,273.0,0,0.0,0.0,,0.0,0,0.0,0.0,,0.0,bidTooLow
2022-02-01,499.0,17995.0,0.0,100,452.95,273.0,0,0.0,0.0,,0.0,0,0.0,0.0,,0.0,bidTooLow
2022-02-02,499.0,18435.0,0.0,100,457.35,273.0,0,0.0,0.0,,0.0,0,0.0,0.0,,0.0,bidTooLow
2022-02-03,499.0,17360.0,0.0,100,446.6,273.0,0,0.0,0.0,,0.0,0,0.0,0.0,,0.0,bidTooLow
2022-02-04,499.0,17570.0,0.0,100,448.7,273.0,0,0.0,0.0,,0.0,0,0.0,0.0,,0.0,bidTooLow
2022-02-07,499.0,17426.0,0.0,100,447.26,273.0,0,0.0,0.0,,0.0,0,0.0,0.0,,0.0,bidTooLow
2022-02-08,499.0,17794.0,0.0,100,450.94,273.0,0,0.0,0.0,,0.0,0,0.0,0.0,,0.0,bidTooLow
2022-02-09,499.0,18454.0,0.0,100,457.54,273.0,0,0.0,0.0,,0.0,0,0.0,0.0,,0.0,bidTooLow
2022-02-10,499.0,17632.0,0.0,100,449.32,273.0,0,0.0,0.0,,0.0,0,0.0,0.0,,0.0,bidTooLow
2022-02-11,499.0,16746.0,0.0,100,440.46,273.0,0,0.0,0.0,,0.0,0,0.0,0.0,,0.0,bidTooLow
2022-02-14,499.0,16602.0,0.0,100,439.02,273.0,0,0.0,0.0,,0.0,0,0.0,0.0,,0.0,bidTooLow
2022-02-15,499.0,17310.0,0.0,100,446.1,273.0,0,0.0,0.0,,0.0,0,0.0,0.0,,0.0,bidTooLow
2022-02-16,499.0,17360.0,0.0,100,446.6,273.0,0,0.0,0.0,,0.0,0,0.0,0.0,,0.0,bidTooLow
2022-02-17,499.0,16406.0,0.0,100,437.06,273.0,0,0.0,0.0,,0.0,0,0.0,0.0,,0.0,bidTooLow
2022-02-18,499.0,16123.0,0.0,100,434.23,273.0,0,0.0,0.0,,0.0,0,0.0,0.0,,0.0,bidTooLow
2022-02-22,499.0,15657.0,0.0,100,429.57,273.0,0,0.0,0.0,,0.0,0,0.0,0.0,,0.0,bidTooLow
2022-02-23,499.0,14895.0,0.0,100,421.95,273.0,0,0.0,0.0,,0.0,0,0.0,0.0,,0.0,bidTooLow
2022-02-24,499.0,15530.0,0.0,100,428.3,273.0,0,0.0,0.0,,0.0,0,0.0,0.0,,0.0,bidTooLow
2022-02-25,499.0,16475.0,0.0,100,437.75,273.0,0,0.0,0.0,,0.0,0,0.0,0.0,,0.0,bidTooLow
2022-02-28,499.0,16363.0,0.0,100,436.63,273.0,0,0.0,0.0,,0.0,0,0.0,0.0,,0.0,bidTooLow
2022-03-01,499.0,15698.0,0.0,100,429.98,273.0,0,0.0,0.0,,0.0,0,0.0,0.0,,0.0,bidTooLow
2022-03-02,499.0,16489.0,0.0,100,437.89,273.0,0,0.0,0.0,,0.0,0,0.0,0.0,,0.0,bidTooLow
2022-03-03,499.0,16271.0,0.0,100,435.71,273.0,0,0.0,0.0,,0.0,0,0.0,0.0,,0.0,bidTooLow
2022-03-04,499.0,15917.0,0.0,100,432.17,273.0,0,0.0,0.0,,0.0,0,0.0,0.0,,0.0,bidTooLow
2022-03-07,499.0,14643.0,0.0,100,419.43,273.0,0,0.0,0.0,,0.0,0,0.0,0.0,,0.0,bidTooLow
2022-03-08,499.0,14325.0,0.0,100,416.25,273.0,0,0.0,0.0,,0.0,0,0.0,0.0,,0.0,bidTooLow
2022-03-09,499.0,15441.0,0.0,100,427.41,273.0,0,0.0,0.0,,0.0,0,0.0,0.0,,0.0,bidTooLow
2022-03-10,499.0,15248.0,0.0,100,425.48,273.0,0,0.0,0.0,,0.0,0,0.0,0.0,,0.0,bidTooLow
2022-03-11,499.0,14707.0,0.0,100,420.07,273.0,0,0.0,0.0,,0.0,0,0.0,0.0,,0.0,bidTooLow
2022-03-14,499.0,14400.0,0.0,100,417.0,273.0,0,0.0,0.0,,0.0,0,0.0,0.0,,0.0,bidTooLow
2022-03-15,499.0,15317.0,0.0,100,426.17,273.0,0,0.0,0.0,,0.0,0,0.0,0.0,,0.0,bidTooLow
2022-03-16,499.0,16262.0,0.0,100,435.62,273.0,0,0.0,0.0,,0.0,0,0.0,0.0,,0.0,bidTooLow
2022-03-17,499.0,16807.0,0.0,100,441.07,273.0,0,0.0,0.0,,0.0,0,0.0,0.0,,0.0,bidTooLow
2022-03-18,499.0,17152.0,0.0,100,444.52,273.0,0,0.0,0.0,,0.0,0,0.0,0.0,,0.0,bidTooLow
2022-03-21,499.0,17139.0,0.0,100,444.39,273.0,0,0.0,0.0,,0.0,0,0.0,0.0,,0.0,bidTooLow
2022-03-22,499.0,17659.0,0.0,100,449.59,273.0,0,0.0,0.0,,0.0,0,0.0,0.0,,0.0,bidTooLow
2022-03-23,499.0,17080.0,0.0,100,443.8,273.0,0,0.0,0.0,,0.0,0,0.0,0.0,,0.0,bidTooLow
2022-03-24,499.0,17749.0,0.0,100,450.49,273.0,0,0.0,0.0,,0.0,0,0.0,0.0,,0.0,bidTooLow
2022-03-25,499.0,17969.0,0.0,100,452.69,273.0,0,0.0,0.0,,0.0,0,0.0,0.0,,0.0,bidTooLow
2022-03-28,499.0,18291.0,0.0,100,455.91,273.0,0,0.0,0.0,,0.0,0,0.0,0.0,,0.0,bidTooLow
2022-03-29,499.0,18855.0,0.0,100,461.55,273.0,0,0.0,0.0,,0.0,0,0.0,0.0,,0.0,bidTooLow
2022-03-30,499.0,18570.0,0.0,100,458.7,273.0,0,0.0,0.0,,0.0,0,0.0,0.0,,0.0,bidTooLow
2022-03-31,499.0,17864.0,0.0,100,451.64,273.0,0,0.0,0.0,,0.0,0,0.0,0.0,,0.0,bidTooLow
2022-04-01,499.0,17992.0,0.0,100,452.92,273.0,0,0.0,0.0,,0.0,0,0.0,0.0,,0.0,bidTooLow
2022-04-04,499.0,18380.0,0.0,100,456.8,273.0,0,0.0,0.0,,0.0,0,0.0,0.0,,0.0,bidTooLow
2022-04-05,499.0,17803.0,0.0,100,451.03,273.0,0,0.0,0.0,,0.0,0,0.0,0.0,,0.0,bidTooLow
2022-04-06,499.0,17352.0,0.0,100,446.52,273.0,0,0.0,0.0,,0.0,0,0.0,0.0,,0.0,bidTooLow
2022-04-07,499.0,17577.0,0.0,100,448.77,273.0,0,0.0,0.0,,0.0,0,0.0,0.0,,0.0,bidTooLow
2022-04-08,499.0,17457.0,0.0,100,447.57,273.0,0,0.0,0.0,,0.0,0,0.0,0.0,,0.0,bidTooLow
2022-04-11,499.0,16692.0,0.0,100,439.92,273.0,0,0.0,0.0,,0.0,0,0.0,0.0,,0.0,bidTooLow
2022-04-12,499.0,16529.0,0.0,100,438.29,273.0,0,0.0,0.0,,0.0,0,0.0,0.0,,0.0,bidTooLow
2022-04-13,499.0,17031.0,0.0,100,443.31,273.0,0,0.0,0.0,,0.0,0,0.0,0.0,,0.0,bidTooLow
2022-04-14,499.0,16479.0,0.0,100,437.79,273.0,0,0.0,0.0,,0.0,0,0.0,0.0,,0.0,bidTooLow
2022-04-18,499.0,16497.0,0.0,100,437.97,273.0,0,0.0,0.0,,0.0,0,0.0,0.0,,0.0,bidTooLow
2022-04-19,499.0,17204.0,0.0,100,445.04,273.0,0,0.0,0.0,,0.0,0,0.0,0.0,,0.0,bidTooLow
2022-04-20,499.0,17171.0,0.0,100,444.71,273.0,0,0.0,0.0,,0.0,0,0.0,0.0,,0.0,bidTooLow
2022-04-21,499.0,16506.0,0.0,100,438.06,273.0,0,0.0,0.0,,0.0,0,0.0,0.0,,0.0,bidTooLow
2022-04-22,499.0,15304.0,0.0,100,426.04,273.0,0,0.0,0.0,,0.0,0,0.0,0.0,,0.0,bidTooLow
2022-04-25,499.0,15551.0,0.0,100,428.51,273.0,0,0.0,0.0,,0.0,0,0.0,0.0,,0.0,bidTooLow
2022-04-26,499.0,14310.0,0.0,100,416.1,273.0,0,0.0,0.0,,0.0,0,0.0,0.0,,0.0,bidTooLow
2022-04-27,499.0,14427.0,0.0,100,417.27,273.0,0,0.0,0.0,,0.0,0,0.0,0.0,,0.0,bidTooLow
2022-04-28,499.0,15481.0,0.0,100,427.81,273.0,0,0.0,0.0,,0.0,0,0.0,0.0,,0.0,bidTooLow
2022-04-29,499.0,13900.0,0.0,100,412.0,273.0,0,0.0,0.0,,0.0,0,0.0,0.0,,0.0,bidTooLow
2022-05-02,499.0,14148.0,0.0,100,414.48,273.0,0,0.0,0.0,,0.0,0,0.0,0.0,,0.0,bidTooLow
2022-05-03,499.0,14338.0,0.0,100,416.38,273.0,0,0.0,0.0,,0.0,0,0.0,0.0,,0.0,bidTooLow
2022-05-04,499.0,15606.0,0.0,100,429.06,273.0,0,0.0,0.0,,0.0,0,0.0,0.0,,0.0,bidTooLow
2022-05-05,499.0,14081.0,0.0,100,413.81,273.0,0,0.0,0.0,,0.0,0,0.0,0.0,,0.0,bidTooLow
2022-05-06,499.0,13834.0,0.0,100,411.34,273.0,0,0.0,0.0,,0.0,0,0.0,0.0,,0.0,bidTooLow
2022-05-09,499.0,12517.0,0.0,100,398.17,273.0,0,0.0,0.0,,0.0,0,0.0,0.0,,0.0,bidTooLow
2022-05-10,499.0,12609.0,0.0,100,399.09,273.0,0,0.0,0.0,,0.0,0,0.0,0.0,,0.0,bidTooLow
2022-05-11,499.0,11975.0,0.0,100,392.75,273.0,0,0.0,0.0,,0.0,0,0.0,0.0,,0.0,bidTooLow
2022-05-12,499.0,11934.0,0.0,100,392.34,273.0,0,0.0,0.0,,0.0,0,0.0,0.0,,0.0,bidTooLow
2022-05-13,499.0,12872.0,0.0,100,401.72,273.0,0,0.0,0.0,,0.0,0,0.0,0.0,,0.0,bidTooLow
2022-05-16,499.0,12709.0,0.0,100,400.09,273.0,0,0.0,0.0,,0.0,0,0.0,0.0,,0.0,bidTooLow
2022-05-17,499.0,13532.0,0.0,100,408.32,273.0,0,0.0,0.0,,0.0,0,0.0,0.0,,0.0,bidTooLow
2022-05-18,499.0,11886.0,0.0,100,391.86,273.0,0,0.0,0.0,,0.0,0,0.0,0.0,,0.0,bidTooLow
2022-05-19,499.0,11646.0,0.0,100,389.46,273.0,0,0.0,0.0,,0.0,0,0.0,0.0,,0.0,bidTooLow
2022-05-20,499.0,11663.0,0.0,100,389.63,273.0,0,0.0,0.0,,0.0,0,0.0,0.0,,0.0,bidTooLow
2022-05-23,499.0,12392.0,0.0,100,396.92,273.0,0,0.0,0.0,,0.0,0,0.0,0.0,,0.0,bidTooLow
2022-05-24,499.0,12089.0,0.0,100,393.89,273.0,0,0.0,0.0,,0.0,0,0.0,0.0,,0.0,bidTooLow
2022-05-25,499.0,12437.0,0.0,100,397.37,273.0,0,0.0,0.0,,0.0,0,0.0,0.0,,0.0,bidTooLow
2022-05-26,499.0,13231.0,0.0,100,405.31,273.0,0,0.0,0.0,,0.0,0,0.0,0.0,,0.0,bidTooLow
2022-05-27,499.0,14226.0,0.0,100,415.26,273.0,0,0.0,0.0,,0.0,0,0.0,0.0,,0.0,bidTooLow
2022-05-31,499.0,13993.0,0.0,100,412.93,273.0,0,0.0,0.0,,0.0,0,0.0,0.0,,0.0,bidTooLow
2022-06-01,499.0,13659.0,0.0,100,409.59,273.0,0,0.0,0.0,,0.0,0,0.0,0.0,,0.0,bidTooLow
2022-06-02,499.0,14439.0,0.0,100,417.39,273.0,0,0.0,0.0,,0.0,0,0.0,0.0,,0.0,bidTooLow
2022-06-03,499.0,13754.0,0.0,100,410.54,273.0,0,0.0,0.0,,0.0,0,0.0,0.0,,0.0,bidTooLow
2022-06-06,499.0,13879.0,0.0,100,411.79,273.0,0,0.0,0.0,,0.0,0,0.0,0.0,,0.0,bidTooLow
2022-06-07,499.0,14274.0,0.0,100,415.74,273.0,0,0.0,0.0,,0.0,0,0.0,0.0,,0.0,bidTooLow
2022-06-08,499.0,13822.0,0.0,100,411.22,273.0,0,0.0,0.0,,0.0,0,0.0,0.0,,0.0,bidTooLow
2022-06-09,499.0,12844.0,0.0,100,401.44,273.0,0,0.0,0.0,,0.0,0,0.0,0.0,,0.0,bidTooLow
2022-06-10,499.0,11680.0,0.0,100,389.8,273.0,0,0.0,0.0,,0.0,0,0.0,0.0,,0.0,bidTooLow
2022-06-13,499.0,10200.0,0.0,100,375.0,273.0,0,0.0,0.0,,0.0,0,0.0,0.0,,0.0,bidTooLow
2022-06-14,499.0,10087.0,0.0,100,373.87,273.0,0,0.0,0.0,,0.0,0,0.0,0.0,,0.0,bidTooLow
2022-06-15,499.0,10620.0,0.0,100,379.2,273.0,0,0.0,0.0,,0.0,0,0.0,0.0,,0.0,bidTooLow
2022-06-16,499.0,9365.0,0.0,100,366.65,273.0,0,0.0,0.0,,0.0,0,0.0,0.0,,0.0,bidTooLow
2022-06-17,499.0,9286.0,0.0,100,365.86,273.0,0,0.0,0.0,,0.0,0,0.0,0.0,,0.0,bidTooLow
2022-06-21,499.0,10207.0,0.0,100,375.07,273.0,0,0.0,0.0,,0.0,0,0.0,0.0,,0.0,bidTooLow
2022-06-22,499.0,10139.0,0.0,100,374.39,273.0,0,0.0,0.0,,0.0,0,0.0,0.0,,0.0,bidTooLow
2022-06-23,499.0,10506.0,0.0,100,378.06,273.0,0,0.0,0.0,,0.0,0,0.0,0.0,,0.0,bidTooLow
2022-06-24,499.0,11708.0,0.0,100,390.08,273.0,0,0.0,0.0,,0.0,0,0.0,0.0,,0.0,bidTooLow
2022-06-27,499.0,11559.0,0.0,100,388.59,273.0,0,0.0,0.0,,0.0,0,0.0,0.0,,0.0,bidTooLow
2022-06-28,499.0,10765.0,0.0,100,380.65,273.0,0,0.0,0.0,,0.0,0,0.0,0.0,,0.0,bidTooLow
2022-06-29,499.0,10734.0,0.0,100,380.34,273.0,0,0.0,0.0,,0.0,0,0.0,0.0,,0.0,bidTooLow
2022-06-30,499.0,10425.0,0.0,100,377.25,273.0,0,0.0,0.0,,0.0,0,0.0,0.0,,0.0,bidTooLow
2022-07-01,499.0,10824.0,0.0,100,381.24,273.0,0,0.0,0.0,,0.0,0,0.0,0.0,,0.0,bidTooLow
2022-07-05,499.0,10896.0,0.0,100,381.96,273.0,0,0.0,0.0,,0.0,0,0.0,0.0,,0.0,bidTooLow
2022-07-06,499.0,11025.0,0.0,100,383.25,273.0,0,0.0,0.0,,0.0,0,0.0,0.0,,0.0,bidTooLow
2022-07-07,499.0,11599.0,0.0,100,388.99,273.0,0,0.0,0.0,,0.0,0,0.0,0.0,,0.0,bidTooLow
2022-07-08,499.0,11567.0,0.0,100,388.67,273.0,0,0.0,0.0,,0.0,0,0.0,0.0,,0.0,bidTooLow
2022-07-11,499.0,11123.0,0.0,100,384.23,273.0,0,0.0,0.0,,0.0,0,0.0,0.0,,0.0,bidTooLow
2022-07-12,499.0,10783.0,0.0,100,380.83,273.0,0,0.0,0.0,,0.0,0,0.0,0.0,,0.0,bidTooLow
2022-07-13,499.0,10583.0,0.0,100,378.83,273.0,0,0.0,0.0,,0.0,0,0.0,0.0,,0.0,bidTooLow
2022-07-14,499.0,10491.0,0.0,100,377.91,273.0,0,0.0,0.0,,0.0,0,0.0,0.0,,0.0,bidTooLow
2022-07-15,499.0,11213.0,0.0,100,385.13,273.0,0,0.0,0.0,,0.0,0,0.0,0.0,,0.0,bidTooLow
2022-07-18,499.0,10895.0,0.0,100,381.95,273.0,0,0.0,0.0,,0.0,0,0.0,0.0,,0.0,bidTooLow
2022-07-19,499.0,11924.0,0.0,100,392.27,273.0,0,0.0,0.0,,0.0,1,0.2,0.23,SPY220725C00407000,407.0,normalDay
2022-07-20,499.0,12167.0,0.0,100,394.77,273.0,0,0.0,0.0,,0.0,1,0.2,0.3,SPY220725C00407000,407.0,normalDay
2022-07-21,499.0,12572.0,0.0,100,398.79,273.0,0,0.0,0.0,,0.0,1,0.2,0.27,SPY220725C00407000,407.0,normalDay
2022-07-22,499.0,12227.0,0.0,100,395.09,273.0,0,0.0,0.0,,0.0,1,0.2,0.02,SPY220725C00407000,407.0,normalDay
2022-07-25,519.0,12257.0,20.0,100,395.57,273.0,0,0.0,0.0,,0.0,1,0.2,0.0,SPY220725C00407000,407.0,expirationDay
2022-07-26,519.0,11789.0,0.0,100,390.89,273.0,0,0.0,0.0,,0.0,0,0.0,0.0,,0.0,bidTooLow
2022-07-27,519.0,12804.0,0.0,100,401.04,273.0,0,0.0,0.0,,0.0,0,0.0,0.0,,0.0,bidTooLow
2022-07-28,519.0,13304.0,0.0,100,406.07,273.0,0,0.0,0.0,,0.0,1,0.01,0.04,SPY220803C00428000,428.0,normalDay
2022-07-29,519.0,13895.0,0.0,100,411.99,273.0,0,0.0,0.0,,0.0,1,0.01,0.05,SPY220803C00428000,428.0,normalDay
2022-08-01,519.0,13776.0,0.0,100,410.77,273.0,0,0.0,0.0,,0.0,1,0.01,0.02,SPY220803C00428000,428.0,normalDay
2022-08-02,519.0,13506.0,0.0,100,408.06,273.0,0,0.0,0.0,,0.0,1,0.01,0.01,SPY220803C00428000,428.0,normalDay
2022-08-03,520.0,14145.0,1.0,100,414.45,273.0,0,0.0,0.0,,0.0,1,0.01,0.0,SPY220803C00428000,428.0,expirationDay
2022-08-04,520.0,14117.0,0.0,100,414.17,273.0,0,0.0,0.0,,0.0,0,0.0,0.0,,0.0,bidTooLow
2022-08-05,520.0,14047.0,0.0,100,413.47,273.0,0,0.0,0.0,,0.0,0,0.0,0.0,,0.0,bidTooLow
2022-08-08,520.0,13999.0,0.0,100,412.99,273.0,0,0.0,0.0,,0.0,0,0.0,0.0,,0.0,bidTooLow
2022-08-09,520.0,13835.0,0.0,100,411.35,273.0,0,0.0,0.0,,0.0,0,0.0,0.0,,0.0,bidTooLow
2022-08-10,520.0,14699.0,0.0,100,419.99,273.0,0,0.0,0.0,,0.0,0,0.0,0.0,,0.0,bidTooLow
2022-08-11,520.0,14699.0,0.0,100,419.99,273.0,0,0.0,0.0,,0.0,0,0.0,0.0,,0.0,bidTooLow
2022-08-12,520.0,15410.0,0.0,100,427.1,273.0,0,0.0,0.0,,0.0,0,0.0,0.0,,0.0,bidTooLow
2022-08-15,520.0,15586.0,0.0,100,428.86,273.0,0,0.0,0.0,,0.0,0,0.0,0.0,,0.0,bidTooLow
2022-08-16,520.0,15670.0,0.0,100,429.7,273.0,0,0.0,0.0,,0.0,0,0.0,0.0,,0.0,bidTooLow
2022-08-17,520.0,15365.0,0.0,100,426.65,273.0,0,0.0,0.0,,0.0,0,0.0,0.0,,0.0,bidTooLow
2022-08-18,520.0,15489.0,0.0,100,427.89,273.0,0,0.0,0.0,,0.0,0,0.0,0.0,,0.0,bidTooLow
2022-08-19,520.0,14914.0,0.0,100,422.14,273.0,0,0.0,0.0,,0.0,0,0.0,0.0,,0.0,bidTooLow
2022-08-22,520.0,14035.0,0.0,100,413.35,273.0,0,0.0,0.0,,0.0,0,0.0,0.0,,0.0,bidTooLow
2022-08-23,520.0,13935.0,0.0,100,412.35,273.0,0,0.0,0.0,,0.0,0,0.0,0.0,,0.0,bidTooLow
2022-08-24,520.0,14067.0,0.0,100,413.67,273.0,0,0.0,0.0,,0.0,0,0.0,0.0,,0.0,bidTooLow
2022-08-25,520.0,14651.0,0.0,100,419.51,273.0,0,0.0,0.0,,0.0,0,0.0,0.0,,0.0,bidTooLow
2022-08-26,520.0,13231.0,0.0,100,405.31,273.0,0,0.0,0.0,,0.0,0,0.0,0.0,,0.0,bidTooLow
2022-08-29,520.0,12963.0,0.0,100,402.63,273.0,0,0.0,0.0,,0.0,0,0.0,0.0,,0.0,bidTooLow
2022-08-30,520.0,12521.0,0.0,100,398.21,273.0,0,0.0,0.0,,0.0,0,0.0,0.0,,0.0,bidTooLow
2022-08-31,520.0,12218.0,0.0,100,395.18,273.0,0,0.0,0.0,,0.0,0,0.0,0.0,,0.0,bidTooLow
2022-09-01,520.0,12342.0,0.0,100,396.42,273.0,0,0.0,0.0,,0.0,0,0.0,0.0,,0.0,bidTooLow
2022-09-02,520.0,11924.0,0.0,100,392.24,273.0,0,0.0,0.0,,0.0,0,0.0,0.0,,0.0,bidTooLow
2022-09-06,520.0,11776.0,0.0,100,390.76,273.0,0,0.0,0.0,,0.0,0,0.0,0.0,,0.0,bidTooLow
2022-09-07,520.0,12478.0,0.0,100,397.78,273.0,0,0.0,0.0,,0.0,0,0.0,0.0,,0.0,bidTooLow
2022-09-08,520.0,12738.0,0.0,100,400.38,273.0,0,0.0,0.0,,0.0,0,0.0,0.0,,0.0,bidTooLow
2022-09-09,520.0,13360.0,0.0,100,406.6,273.0,0,0.0,0.0,,0.0,0,0.0,0.0,,0.0,bidTooLow
2022-09-12,520.0,13797.0,0.0,100,410.97,273.0,0,0.0,0.0,,0.0,0,0.0,0.0,,0.0,bidTooLow
2022-09-13,520.0,12010.0,0.0,100,393.1,273.0,0,0.0,0.0,,0.0,0,0.0,0.0,,0.0,bidTooLow
2022-09-14,520.0,12160.0,0.0,100,394.6,273.0,0,0.0,0.0,,0.0,0,0.0,0.0,,0.0,bidTooLow
2022-09-15,520.0,11712.0,0.0,100,390.12,273.0,0,0.0,0.0,,0.0,0,0.0,0.0,,0.0,bidTooLow
2022-09-16,520.0,11256.0,0.0,100,385.56,273.0,0,0.0,0.0,,0.0,0,0.0,0.0,,0.0,bidTooLow
2022-09-19,520.0,11555.0,0.0,100,388.55,273.0,0,0.0,0.0,,0.0,0,0.0,0.0,,0.0,bidTooLow
2022-09-20,520.0,11109.0,0.0,100,384.09,273.0,0,0.0,0.0,,0.0,0,0.0,0.0,,0.0,bidTooLow
2022-09-21,520.0,10439.0,0.0,100,377.39,273.0,0,0.0,0.0,,0.0,0,0.0,0.0,,0.0,bidTooLow
2022-09-22,520.0,10122.0,0.0,100,374.22,273.0,0,0.0,0.0,,0.0,0,0.0,0.0,,0.0,bidTooLow
2022-09-23,520.0,9495.0,0.0,100,367.95,273.0,0,0.0,0.0,,0.0,0,0.0,0.0,,0.0,bidTooLow
2022-09-26,520.0,9131.0,0.0,100,364.31,273.0,0,0.0,0.0,,0.0,0,0.0,0.0,,0.0,bidTooLow
2022-09-27,520.0,9038.0,0.0,100,363.38,273.0,0,0.0,0.0,,0.0,0,0.0,0.0,,0.0,bidTooLow
2022-09-28,520.0,9753.0,0.0,100,370.53,273.0,0,0.0,0.0,,0.0,0,0.0,0.0,,0.0,bidTooLow
2022-09-29,520.0,8979.0,0.0,100,362.79,273.0,0,0.0,0.0,,0.0,0,0.0,0.0,,0.0,bidTooLow
2022-09-30,520.0,8418.0,0.0,100,357.18,273.0,0,0.0,0.0,,0.0,0,0.0,0.0,,0.0,bidTooLow
2022-10-03,520.0,9361.0,0.0,100,366.61,273.0,0,0.0,0.0,,0.0,0,0.0,0.0,,0.0,bidTooLow
2022-10-04,520.0,10497.0,0.0,100,377.97,273.0,0,0.0,0.0,,0.0,0,0.0,0.0,,0.0,bidTooLow
2022-10-05,520.0,10409.0,0.0,100,377.09,273.0,0,0.0,0.0,,0.0,0,0.0,0.0,,0.0,bidTooLow
2022-10-06,520.0,10020.0,0.0,100,373.2,273.0,0,0.0,0.0,,0.0,0,0.0,0.0,,0.0,bidTooLow
2022-10-07,520.0,8979.0,0.0,100,362.79,273.0,0,0.0,0.0,,0.0,0,0.0,0.0,,0.0,bidTooLow
2022-10-10,520.0,8702.0,0.0,100,360.02,273.0,0,0.0,0.0,,0.0,0,0.0,0.0,,0.0,bidTooLow
2022-10-11,520.0,8474.0,0.0,100,357.74,273.0,0,0.0,0.0,,0.0,0,0.0,0.0,,0.0,bidTooLow
2022-10-12,520.0,8356.0,0.0,100,356.56,273.0,0,0.0,0.0,,0.0,0,0.0,0.0,,0.0,bidTooLow
2022-10-13,520.0,9297.0,0.0,100,365.97,273.0,0,0.0,0.0,,0.0,0,0.0,0.0,,0.0,bidTooLow
2022-10-14,520.0,8463.0,0.0,100,357.63,273.0,0,0.0,0.0,,0.0,0,0.0,0.0,,0.0,bidTooLow
2022-10-17,520.0,9382.0,0.0,100,366.82,273.0,0,0.0,0.0,,0.0,0,0.0,0.0,,0.0,bidTooLow
2022-10-18,520.0,9810.0,0.0,100,371.13,273.0,0,0.0,0.0,,0.0,1,0.04,0.07,SPY221024C00400000,400.0,normalDay
2022-10-19,520.0,9551.0,0.0,100,368.5,273.0,0,0.0,0.0,,0.0,1,0.04,0.03,SPY221024C00400000,400.0,normalDay
2022-10-20,520.0,9244.0,0.0,100,365.41,273.0,0,0.0,0.0,,0.0,1,0.04,0.01,SPY221024C00400000,400.0,normalDay
2022-10-21,520.0,10132.0,0.0,100,374.29,273.0,0,0.0,0.0,,0.0,1,0.04,0.01,SPY221024C00400000,400.0,normalDay
2022-10-24,524.0,10587.0,4.0,100,378.87,273.0,0,0.0,0.0,,0.0,1,0.04,0.0,SPY221024C00400000,400.0,expirationDay
2022-10-25,524.0,11189.0,0.0,100,384.92,273.0,0,0.0,0.0,,0.0,1,0.08,0.11,SPY221031C00407000,407.0,normalDay
2022-10-26,524.0,10907.0,0.0,100,382.02,273.0,0,0.0,0.0,,0.0,1,0.08,0.03,SPY221031C00407000,407.0,normalDay
2022-10-27,524.0,10705.0,0.0,100,379.98,273.0,0,0.0,0.0,,0.0,1,0.08,0.01,SPY221031C00407000,407.0,normalDay
2022-10-28,524.0,11609.0,0.0,100,389.02,273.0,0,0.0,0.0,,0.0,1,0.08,0.01,SPY221031C00407000,407.0,normalDay
2022-10-31,532.0,11321.0,8.0,100,386.21,273.0,0,0.0,0.0,,0.0,1,0.08,0.0,SPY221031C00407000,407.0,expirationDay
2022-11-01,532.0,11152.0,0.0,100,384.52,273.0,0,0.0,0.0,,0.0,0,0.0,0.0,,0.0,bidTooLow
2022-11-02,532.0,10187.0,0.0,100,374.87,273.0,0,0.0,0.0,,0.0,0,0.0,0.0,,0.0,bidTooLow
2022-11-03,532.0,9801.0,0.0,100,371.01,273.0,0,0.0,0.0,,0.0,0,0.0,0.0,,0.0,bidTooLow
2022-11-04,532.0,10335.0,0.0,100,376.35,273.0,0,0.0,0.0,,0.0,0,0.0,0.0,,0.0,bidTooLow
2022-11-07,532.0,10695.0,0.0,100,379.95,273.0,0,0.0,0.0,,0.0,0,0.0,0.0,,0.0,bidTooLow
2022-11-08,532.0,10900.0,0.0,100,382.0,273.0,0,0.0,0.0,,0.0,0,0.0,0.0,,0.0,bidTooLow
2022-11-09,532.0,10113.0,0.0,100,374.13,273.0,0,0.0,0.0,,0.0,0,0.0,0.0,,0.0,bidTooLow
2022-11-10,532.0,12166.0,0.0,100,394.69,273.0,0,0.0,0.0,,0.0,1,0.06,0.09,SPY221116C00420000,420.0,normalDay
2022-11-11,532.0,12551.0,0.0,100,398.51,273.0,0,0.0,0.0,,0.0,1,0.06,0.06,SPY221116C00420000,420.0,normalDay
2022-11-14,532.0,12216.0,0.0,100,395.12,273.0,0,0.0,0.0,,0.0,1,0.06,0.02,SPY221116C00420000,420.0,normalDay
2022-11-15,532.0,12554.0,0.0,100,398.49,273.0,0,0.0,0.0,,0.0,1,0.06,0.01,SPY221116C00420000,420.0,normalDay
2022-11-16,538.0,12245.0,6.0,100,395.45,273.0,0,0.0,0.0,,0.0,1,0.06,0.0,SPY221116C00420000,420.0,expirationDay
2022-11-17,538.0,12124.0,0.0,100,394.24,273.0,0,0.0,0.0,,0.0,0,0.0,0.0,,0.0,bidTooLow
2022-11-18,538.0,12303.0,0.0,100,396.03,273.0,0,0.0,0.0,,0.0,0,0.0,0.0,,0.0,bidTooLow
2022-11-21,538.0,12159.0,0.0,100,394.59,273.0,0,0.0,0.0,,0.0,0,0.0,0.0,,0.0,bidTooLow
2022-11-22,538.0,12690.0,0.0,100,399.9,273.0,0,0.0,0.0,,0.0,0,0.0,0.0,,0.0,bidTooLow
2022-11-23,538.0,12942.0,0.0,100,402.42,273.0,0,0.0,0.0,,0.0,0,0.0,0.0,,0.0,bidTooLow
2022-11-25,538.0,12933.0,0.0,100,402.33,273.0,0,0.0,0.0,,0.0,0,0.0,0.0,,0.0,bidTooLow
2022-11-28,538.0,12291.0,0.0,100,395.91,273.0,0,0.0,0.0,,0.0,0,0.0,0.0,,0.0,bidTooLow
2022-11-29,538.0,12223.0,0.0,100,395.23,273.0,0,0.0,0.0,,0.0,0,0.0,0.0,,0.0,bidTooLow
2022-11-30,538.0,13468.0,0.0,100,407.68,273.0,0,0.0,0.0,,0.0,0,0.0,0.0,,0.0,bidTooLow
2022-12-01,538.0,13438.0,0.0,100,407.38,273.0,0,0.0,0.0,,0.0,0,0.0,0.0,,0.0,bidTooLow
2022-12-02,538.0,13391.0,0.0,100,406.91,273.0,0,0.0,0.0,,0.0,0,0.0,0.0,,0.0,bidTooLow
2022-12-05,538.0,12659.0,0.0,100,399.59,273.0,0,0.0,0.0,,0.0,0,0.0,0.0,,0.0,bidTooLow
2022-12-06,538.0,12083.0,0.0,100,393.83,273.0,0,0.0,0.0,,0.0,0,0.0,0.0,,0.0,bidTooLow
2022-12-07,538.0,12016.0,0.0,100,393.16,273.0,0,0.0,0.0,,0.0,0,0.0,0.0,,0.0,bidTooLow
2022-12-08,538.0,12321.0,0.0,100,396.24,273.0,0,0.0,0.0,,0.0,1,0.14,0.17,SPY221214C00421000,421.0,normalDay
2022-12-09,538.0,12034.0,0.0,100,393.28,273.0,0,0.0,0.0,,0.0,1,0.14,0.08,SPY221214C00421000,421.0,normalDay
2022-12-12,538.0,12580.0,0.0,100,398.95,273.0,0,0.0,0.0,,0.0,1,0.14,0.29,SPY221214C00421000,421.0,normalDay
2022-12-13,538.0,12906.0,0.0,100,401.97,273.0,0,0.0,0.0,,0.0,1,0.14,0.05,SPY221214C00421000,421.0,normalDay
2022-12-14,552.0,12640.0,14.0,100,399.4,273.0,0,0.0,0.0,,0.0,1,0.14,0.0,SPY221214C00421000,421.0,expirationDay
2022-12-15,552.0,11663.0,0.0,100,389.63,273.0,0,0.0,0.0,,0.0,0,0.0,0.0,,0.0,bidTooLow
2022-12-16,552.0,11027.0,0.0,100,383.27,273.0,0,0.0,0.0,,0.0,0,0.0,0.0,,0.0,bidTooLow
2022-12-19,552.0,10702.0,0.0,100,380.02,273.0,0,0.0,0.0,,0.0,0,0.0,0.0,,0.0,bidTooLow
2022-12-20,552.0,10754.0,0.0,100,380.54,273.0,0,0.0,0.0,,0.0,0,0.0,0.0,,0.0,bidTooLow
2022-12-21,552.0,11323.0,0.0,100,386.23,273.0,0,0.0,0.0,,0.0,0,0.0,0.0,,0.0,bidTooLow
2022-12-22,552.0,10772.0,0.0,100,380.72,273.0,0,0.0,0.0,,0.0,0,0.0,0.0,,0.0,bidTooLow
2022-12-23,552.0,10991.0,0.0,100,382.91,273.0,0,0.0,0.0,,0.0,0,0.0,0.0,,0.0,bidTooLow
2022-12-27,552.0,10840.0,0.0,100,381.4,273.0,0,0.0,0.0,,0.0,0,0.0,0.0,,0.0,bidTooLow
2022-12-28,552.0,10366.0,0.0,100,376.66,273.0,0,0.0,0.0,,0.0,0,0.0,0.0,,0.0,bidTooLow
2022-12-29,552.0,11044.0,0.0,100,383.44,273.0,0,0.0,0.0,,0.0,0,0.0,0.0,,0.0,bidTooLow
2022-12-30,552.0,10943.0,0.0,100,382.43,273.0,0,0.0,0.0,,0.0,0,0.0,0.0,,0.0,bidTooLow
2023-01-03,552.0,10782.0,0.0,100,380.82,273.0,0,0.0,0.0,,0.0,0,0.0,0.0,,0.0,bidTooLow
2023-01-04,552.0,11076.0,0.0,100,383.76,273.0,0,0.0,0.0,,0.0,0,0.0,0.0,,0.0,bidTooLow
2023-01-05,552.0,10638.0,0.0,100,379.38,273.0,0,0.0,0.0,,0.0,0,0.0,0.0,,0.0,bidTooLow
2023-01-06,552.0,11508.0,0.0,100,388.08,273.0,0,0.0,0.0,,0.0,0,0.0,0.0,,0.0,bidTooLow
2023-01-09,552.0,11486.0,0.0,100,387.86,273.0,0,0.0,0.0,,0.0,0,0.0,0.0,,0.0,bidTooLow
2023-01-10,552.0,11758.0,0.0,100,390.58,273.0,0,0.0,0.0,,0.0,0,0.0,0.0,,0.0,bidTooLow
2023-01-11,552.0,12249.0,0.0,100,395.52,273.0,0,0.0,0.0,,0.0,1,0.05,0.08,SPY230117C00418000,418.0,normalDay
2023-01-12,552.0,12399.0,0.0,100,396.96,273.0,0,0.0,0.0,,0.0,1,0.05,0.02,SPY230117C00418000,418.0,normalDay
2023-01-13,552.0,12554.0,0.0,100,398.5,273.0,0,0.0,0.0,,0.0,1,0.05,0.01,SPY230117C00418000,418.0,normalDay
2023-01-17,557.0,12477.0,5.0,100,397.77,273.0,0,0.0,0.0,,0.0,1,0.05,0.0,SPY230117C00418000,418.0,expirationDay
2023-01-18,557.0,11849.0,0.0,100,391.49,273.0,0,0.0,0.0,,0.0,0,0.0,0.0,,0.0,bidTooLow
2023-01-19,557.0,11564.0,0.0,100,388.64,273.0,0,0.0,0.0,,0.0,0,0.0,0.0,,0.0,bidTooLow
2023-01-20,557.0,12288.0,0.0,100,395.88,273.0,0,0.0,0.0,,0.0,0,0.0,0.0,,0.0,bidTooLow
2023-01-23,557.0,12763.0,0.0,100,400.63,273.0,0,0.0,0.0,,0.0,0,0.0,0.0,,0.0,bidTooLow
2023-01-24,557.0,12720.0,0.0,100,400.2,273.0,0,0.0,0.0,,0.0,0,0.0,0.0,,0.0,bidTooLow
2023-01-25,557.0,12735.0,0.0,100,400.35,273.0,0,0.0,0.0,,0.0,0,0.0,0.0,,0.0,bidTooLow
2023-01-26,557.0,13175.0,0.0,100,404.75,273.0,0,0.0,0.0,,0.0,0,0.0,0.0,,0.0,bidTooLow
2023-01-27,557.0,13268.0,0.0,100,405.68,273.0,0,0.0,0.0,,0.0,0,0.0,0.0,,0.0,bidTooLow
2023-01-30,557.0,12759.0,0.0,100,400.59,273.0,0,0.0,0.0,,0.0,0,0.0,0.0,,0.0,bidTooLow
2023-01-31,557.0,13348.0,0.0,100,406.48,273.0,0,0.0,0.0,,0.0,0,0.0,0.0,,0.0,bidTooLow
2023-02-01,557.0,13780.0,0.0,100,410.8,273.0,0,0.0,0.0,,0.0,0,0.0,0.0,,0.0,bidTooLow
2023-02-02,557.0,14378.0,0.0,100,416.78,273.0,0,0.0,0.0,,0.0,0,0.0,0.0,,0.0,bidTooLow
2023-02-03,557.0,13935.0,0.0,100,412.35,273.0,0,0.0,0.0,,0.0,0,0.0,0.0,,0.0,bidTooLow
2023-02-06,557.0,13683.0,0.0,100,409.83,273.0,0,0.0,0.0,,0.0,0,0.0,0.0,,0.0,bidTooLow
2023-02-07,557.0,14219.0,0.0,100,415.19,273.0,0,0.0,0.0,,0.0,0,0.0,0.0,,0.0,bidTooLow
2023-02-08,557.0,13765.0,0.0,100,410.65,273.0,0,0.0,0.0,,0.0,0,0.0,0.0,,0.0,bidTooLow
2023-02-09,557.0,13409.0,0.0,100,407.09,273.0,0,0.0,0.0,,0.0,0,0.0,0.0,,0.0,bidTooLow
2023-02-10,557.0,13504.0,0.0,100,408.04,273.0,0,0.0,0.0,,0.0,0,0.0,0.0,,0.0,bidTooLow
2023-02-13,557.0,13983.0,0.0,100,412.83,273.0,0,0.0,0.0,,0.0,0,0.0,0.0,,0.0,bidTooLow
2023-02-14,557.0,13964.0,0.0,100,412.64,273.0,0,0.0,0.0,,0.0,0,0.0,0.0,,0.0,bidTooLow
2023-02-15,557.0,14098.0,0.0,100,413.98,273.0,0,0.0,0.0,,0.0,0,0.0,0.0,,0.0,bidTooLow
2023-02-16,557.0,13528.0,0.0,100,408.28,273.0,0,0.0,0.0,,0.0,0,0.0,0.0,,0.0,bidTooLow
2023-02-17,557.0,13426.0,0.0,100,407.26,273.0,0,0.0,0.0,,0.0,0,0.0,0.0,,0.0,bidTooLow
2023-02-21,557.0,12609.0,0.0,100,399.09,273.0,0,0.0,0.0,,0.0,0,0.0,0.0,,0.0,bidTooLow
2023-02-22,557.0,12554.0,0.0,100,398.54,273.0,0,0.0,0.0,,0.0,0,0.0,0.0,,0.0,bidTooLow
2023-02-23,557.0,12766.0,0.0,100,400.66,273.0,0,0.0,0.0,,0.0,0,0.0,0.0,,0.0,bidTooLow
2023-02-24,557.0,12338.0,0.0,100,396.38,273.0,0,0.0,0.0,,0.0,0,0.0,0.0,,0.0,bidTooLow
2023-02-27,557.0,12473.0,0.0,100,397.73,273.0,0,0.0,0.0,,0.0,0,0.0,0.0,,0.0,bidTooLow
2023-02-28,557.0,12326.0,0.0,100,396.26,273.0,0,0.0,0.0,,0.0,0,0.0,0.0,,0.0,bidTooLow
2023-03-01,557.0,12174.0,0.0,100,394.74,273.0,0,0.0,0.0,,0.0,0,0.0,0.0,,0.0,bidTooLow
2023-03-02,557.0,12481.0,0.0,100,397.81,273.0,0,0.0,0.0,,0.0,0,0.0,0.0,,0.0,bidTooLow
2023-03-03,557.0,13119.0,0.0,100,404.19,273.0,0,0.0,0.0,,0.0,0,0.0,0.0,,0.0,bidTooLow
2023-03-06,557.0,13147.0,0.0,100,404.47,273.0,0,0.0,0.0,,0.0,0,0.0,0.0,,0.0,bidTooLow
2023-03-07,557.0,12527.0,0.0,100,398.27,273.0,0,0.0,0.0,,0.0,0,0.0,0.0,,0.0,bidTooLow
2023-03-08,557.0,12592.0,0.0,100,398.92,273.0,0,0.0,0.0,,0.0,0,0.0,0.0,,0.0,bidTooLow
2023-03-09,557.0,11856.0,0.0,100,391.56,273.0,0,0.0,0.0,,0.0,0,0.0,0.0,,0.0,bidTooLow
2023-03-10,557.0,11291.0,0.0,100,385.91,273.0,0,0.0,0.0,,0.0,0,0.0,0.0,,0.0,bidTooLow
2023-03-13,557.0,11236.0,0.0,100,385.36,273.0,0,0.0,0.0,,0.0,0,0.0,0.0,,0.0,bidTooLow
2023-03-14,557.0,11873.0,0.0,100,391.73,273.0,0,0.0,0.0,,0.0,0,0.0,0.0,,0.0,bidTooLow
2023-03-15,557.0,11628.0,0.0,100,389.28,273.0,0,0.0,0.0,,0.0,0,0.0,0.0,,0.0,bidTooLow
2023-03-16,557.0,12311.0,0.0,100,396.11,273.0,0,0.0,0.0,,0.0,0,0.0,0.0,,0.0,bidTooLow
2023-03-17,557.0,11699.0,0.0,100,389.99,273.0,0,0.0,0.0,,0.0,0,0.0,0.0,,0.0,bidTooLow
2023-03-20,557.0,12074.0,0.0,100,393.74,273.0,0,0.0,0.0,,0.0,0,0.0,0.0,,0.0,bidTooLow
2023-03-21,557.0,12588.0,0.0,100,398.91,273.0,0,0.0,0.0,,0.0,1,0.02,0.05,SPY230327C00421000,421.0,normalDay
2023-03-22,557.0,11912.0,0.0,100,392.11,273.0,0,0.0,0.0,,0.0,1,0.02,0.01,SPY230327C00421000,421.0,normalDay
2023-03-23,557.0,12018.0,0.0,100,393.17,273.0,0,0.0,0.0,,0.0,1,0.02,0.01,SPY230327C00421000,421.0,normalDay
2023-03-24,557.0,12276.0,0.0,100,395.75,273.0,0,0.0,0.0,,0.0,1,0.02,0.01,SPY230327C00421000,421.0,normalDay
2023-03-27,559.0,12349.0,2.0,100,396.49,273.0,0,0.0,0.0,,0.0,1,0.02,0.0,SPY230327C00421000,421.0,expirationDay
2023-03-28,559.0,12260.0,0.0,100,395.6,273.0,0,0.0,0.0,,0.0,0,0.0,0.0,,0.0,bidTooLow
2023-03-29,559.0,12835.0,0.0,100,401.35,273.0,0,0.0,0.0,,0.0,0,0.0,0.0,,0.0,bidTooLow
2023-03-30,559.0,13070.0,0.0,100,403.7,273.0,0,0.0,0.0,,0.0,0,0.0,0.0,,0.0,bidTooLow
2023-03-31,559.0,13636.0,0.0,100,409.39,273.0,0,0.0,0.0,,0.0,1,0.01,0.04,SPY230406C00425000,425.0,normalDay
2023-04-03,559.0,13794.0,0.0,100,410.95,273.0,0,0.0,0.0,,0.0,1,0.01,0.02,SPY230406C00425000,425.0,normalDay
2023-04-04,559.0,13567.0,0.0,100,408.67,273.0,0,0.0,0.0,,0.0,1,0.01,0.01,SPY230406C00425000,425.0,normalDay
2023-04-05,559.0,13460.0,0.0,100,407.6,273.0,0,0.0,0.0,,0.0,1,0.01,0.01,SPY230406C00425000,425.0,normalDay
2023-04-06,560.0,13619.0,1.0,100,409.19,273.0,0,0.0,0.0,,0.0,1,0.01,0.0,SPY230406C00425000,425.0,expirationDay
2023-04-10,560.0,13661.0,0.0,100,409.61,273.0,0,0.0,0.0,,0.0,0,0.0,0.0,,0.0,bidTooLow
2023-04-11,560.0,13672.0,0.0,100,409.72,273.0,0,0.0,0.0,,0.0,0,0.0,0.0,,0.0,bidTooLow
2023-04-12,560.0,13505.0,0.0,100,408.05,273.0,0,0.0,0.0,,0.0,0,0.0,0.0,,0.0,bidTooLow
2023-04-13,560.0,14047.0,0.0,100,413.47,273.0,0,0.0,0.0,,0.0,0,0.0,0.0,,0.0,bidTooLow
2023-04-14,560.0,13946.0,0.0,100,412.46,273.0,0,0.0,0.0,,0.0,0,0.0,0.0,,0.0,bidTooLow
2023-04-17,560.0,14094.0,0.0,100,413.94,273.0,0,0.0,0.0,,0.0,0,0.0,0.0,,0.0,bidTooLow
2023-04-18,560.0,14121.0,0.0,100,414.21,273.0,0,0.0,0.0,,0.0,0,0.0,0.0,,0.0,bidTooLow
2023-04-19,560.0,14114.0,0.0,100,414.14,273.0,0,0.0,0.0,,0.0,0,0.0,0.0,,0.0,bidTooLow
2023-04-20,560.0,13888.0,0.0,100,411.88,273.0,0,0.0,0.0,,0.0,0,0.0,0.0,,0.0,bidTooLow
2023-04-21,560.0,13920.0,0.0,100,412.2,273.0,0,0.0,0.0,,0.0,0,0.0,0.0,,0.0,bidTooLow
2023-04-24,560.0,13963.0,0.0,100,412.63,273.0,0,0.0,0.0,,0.0,0,0.0,0.0,,0.0,bidTooLow
2023-04-25,560.0,13308.0,0.0,100,406.08,273.0,0,0.0,0.0,,0.0,0,0.0,0.0,,0.0,bidTooLow
2023-04-26,560.0,13136.0,0.0,100,404.36,273.0,0,0.0,0.0,,0.0,0,0.0,0.0,,0.0,bidTooLow
2023-04-27,560.0,13938.0,0.0,100,412.41,273.0,0,0.0,0.0,,0.0,1,0.13,0.16,SPY230503C00425000,425.0,normalDay
2023-04-28,560.0,14285.0,0.0,100,415.93,273.0,0,0.0,0.0,,0.0,1,0.13,0.21,SPY230503C00425000,425.0,normalDay
2023-05-01,560.0,14258.0,0.0,100,415.51,273.0,0,0.0,0.0,,0.0,1,0.13,0.06,SPY230503C00425000,425.0,normalDay
2023-05-02,560.0,13796.0,0.0,100,410.84,273.0,0,0.0,0.0,,0.0,1,0.13,0.01,SPY230503C00425000,425.0,normalDay
2023-05-03,573.0,13502.0,13.0,100,408.02,273.0,0,0.0,0.0,,0.0,1,0.13,0.0,SPY230503C00425000,425.0,expirationDay
2023-05-04,573.0,13213.0,0.0,100,405.13,273.0,0,0.0,0.0,,0.0,0,0.0,0.0,,0.0,bidTooLow
2023-05-05,573.0,13963.0,0.0,100,412.63,273.0,0,0.0,0.0,,0.0,0,0.0,0.0,,0.0,bidTooLow
2023-05-08,573.0,13974.0,0.0,100,412.74,273.0,0,0.0,0.0,,0.0,0,0.0,0.0,,0.0,bidTooLow
2023-05-09,573.0,13793.0,0.0,100,410.93,273.0,0,0.0,0.0,,0.0,0,0.0,0.0,,0.0,bidTooLow
2023-05-10,573.0,13985.0,0.0,100,412.85,273.0,0,0.0,0.0,,0.0,0,0.0,0.0,,0.0,bidTooLow
2023-05-11,573.0,13913.0,0.0,100,412.13,273.0,0,0.0,0.0,,0.0,0,0.0,0.0,,0.0,bidTooLow
2023-05-12,573.0,13859.0,0.0,100,411.59,273.0,0,0.0,0.0,,0.0,0,0.0,0.0,,0.0,bidTooLow
2023-05-15,573.0,14001.0,0.0,100,413.01,273.0,0,0.0,0.0,,0.0,0,0.0,0.0,,0.0,bidTooLow
2023-05-16,573.0,13725.0,0.0,100,410.25,273.0,0,0.0,0.0,,0.0,0,0.0,0.0,,0.0,bidTooLow
2023-05-17,573.0,14220.0,0.0,100,415.23,273.0,0,0.0,0.0,,0.0,1,0.04,0.07,SPY230523C00427000,427.0,normalDay
2023-05-18,573.0,14611.0,0.0,100,419.23,273.0,0,0.0,0.0,,0.0,1,0.04,0.16,SPY230523C00427000,427.0,normalDay
2023-05-19,573.0,14558.0,0.0,100,418.62,273.0,0,0.0,0.0,,0.0,1,0.04,0.08,SPY230523C00427000,427.0,normalDay
2023-05-22,573.0,14581.0,0.0,100,418.79,273.0,0,0.0,0.0,,0.0,1,0.04,0.02,SPY230523C00427000,427.0,normalDay
2023-05-23,577.0,14109.0,4.0,100,414.09,273.0,0,0.0,0.0,,0.0,1,0.04,0.0,SPY230523C00427000,427.0,expirationDay
2023-05-24,577.0,13809.0,0.0,100,411.09,273.0,0,0.0,0.0,,0.0,0,0.0,0.0,,0.0,bidTooLow
2023-05-25,577.0,14162.0,0.0,100,414.65,273.0,0,0.0,0.0,,0.0,1,0.01,0.04,SPY230531C00430000,430.0,normalDay
2023-05-26,577.0,14693.0,0.0,100,420.02,273.0,0,0.0,0.0,,0.0,1,0.01,0.1,SPY230531C00430000,430.0,normalDay
2023-05-30,577.0,14717.0,0.0,100,420.18,273.0,0,0.0,0.0,,0.0,1,0.01,0.02,SPY230531C00430000,430.0,normalDay
2023-05-31,578.0,14485.0,1.0,100,417.85,273.0,0,0.0,0.0,,0.0,1,0.01,0.0,SPY230531C00430000,430.0,expirationDay
2023-06-01,578.0,14882.0,0.0,100,421.82,273.0,0,0.0,0.0,,0.0,0,0.0,0.0,,0.0,bidTooLow
2023-06-02,578.0,15489.0,0.0,100,427.92,273.0,0,0.0,0.0,,0.0,1,0.09,0.12,SPY230608C00438000,438.0,normalDay
2023-06-05,578.0,15416.0,0.0,100,427.1,273.0,0,0.0,0.0,,0.0,1,0.09,0.03,SPY230608C00438000,438.0,normalDay
2023-06-06,578.0,15510.0,0.0,100,428.03,273.0,0,0.0,0.0,,0.0,1,0.09,0.02,SPY230608C00438000,438.0,normalDay
2023-06-07,578.0,15363.0,0.0,100,426.55,273.0,0,0.0,0.0,,0.0,1,0.09,0.01,SPY230608C00438000,438.0,normalDay
2023-06-08,587.0,15613.0,9.0,100,429.13,273.0,0,0.0,0.0,,0.0,1,0.09,0.0,SPY230608C00438000,438.0,expirationDay
2023-06-09,587.0,15690.0,0.0,100,429.9,273.0,0,0.0,0.0,,0.0,0,0.0,0.0,,0.0,bidTooLow
2023-06-12,587.0,16080.0,0.0,100,433.8,273.0,0,0.0,0.0,,0.0,0,0.0,0.0,,0.0,bidTooLow
2023-06-13,587.0,16366.0,0.0,100,436.66,273.0,0,0.0,0.0,,0.0,0,0.0,0.0,,0.0,bidTooLow
2023-06-14,587.0,16418.0,0.0,100,437.18,273.0,0,0.0,0.0,,0.0,0,0.0,0.0,,0.0,bidTooLow
2023-06-15,587.0,16960.0,0.0,100,442.6,273.0,0,0.0,0.0,,0.0,0,0.0,0.0,,0.0,bidTooLow
2023-06-16,587.0,16646.0,0.0,100,439.46,273.0,0,0.0,0.0,,0.0,0,0.0,0.0,,0.0,bidTooLow
2023-06-20,587.0,16418.0,0.0,100,437.18,273.0,0,0.0,0.0,,0.0,0,0.0,0.0,,0.0,bidTooLow
2023-06-21,587.0,16194.0,0.0,100,434.94,273.0,0,0.0,0.0,,0.0,0,0.0,0.0,,0.0,bidTooLow
2023-06-22,587.0,16351.0,0.0,100,436.51,273.0,0,0.0,0.0,,0.0,0,0.0,0.0,,0.0,bidTooLow
2023-06-23,587.0,16021.0,0.0,100,433.21,273.0,0,0.0,0.0,,0.0,0,0.0,0.0,,0.0,bidTooLow
2023-06-26,587.0,15844.0,0.0,100,431.44,273.0,0,0.0,0.0,,0.0,0,0.0,0.0,,0.0,bidTooLow
2023-06-27,587.0,16317.0,0.0,100,436.17,273.0,0,0.0,0.0,,0.0,0,0.0,0.0,,0.0,bidTooLow
2023-06-28,587.0,16339.0,0.0,100,436.39,273.0,0,0.0,0.0,,0.0,0,0.0,0.0,,0.0,bidTooLow
2023-06-29,587.0,16511.0,0.0,100,438.11,273.0,0,0.0,0.0,,0.0,0,0.0,0.0,,0.0,bidTooLow
2023-06-30,587.0,17028.0,0.0,100,443.28,273.0,0,0.0,0.0,,0.0,0,0.0,0.0,,0.0,bidTooLow
2023-07-03,587.0,17079.0,0.0,100,443.79,273.0,0,0.0,0.0,,0.0,0,0.0,0.0,,0.0,bidTooLow
2023-07-05,587.0,17013.0,0.0,100,443.13,273.0,0,0.0,0.0,,0.0,0,0.0,0.0,,0.0,bidTooLow
2023-07-06,587.0,16666.0,0.0,100,439.66,273.0,0,0.0,0.0,,0.0,0,0.0,0.0,,0.0,bidTooLow
2023-07-07,587.0,16555.0,0.0,100,438.55,273.0,0,0.0,0.0,,0.0,0,0.0,0.0,,0.0,bidTooLow
2023-07-10,587.0,16666.0,0.0,100,439.66,273.0,0,0.0,0.0,,0.0,0,0.0,0.0,,0.0,bidTooLow
2023-07-11,587.0,16943.0,0.0,100,442.46,273.0,0,0.0,0.0,,0.0,1,0.06,0.09,SPY230717C00455000,455.0,normalDay
2023-07-12,587.0,17301.0,0.0,100,446.02,273.0,0,0.0,0.0,,0.0,1,0.06,0.07,SPY230717C00455000,455.0,normalDay
2023-07-13,587.0,17646.0,0.0,100,449.56,273.0,0,0.0,0.0,,0.0,1,0.06,0.16,SPY230717C00455000,455.0,normalDay
2023-07-14,587.0,17631.0,0.0,100,449.28,273.0,0,0.0,0.0,,0.0,1,0.06,0.03,SPY230717C00455000,455.0,normalDay
2023-07-17,593.0,17784.0,6.0,100,450.84,273.0,0,0.0,0.0,,0.0,1,0.06,0.0,SPY230717C00455000,455.0,expirationDay
2023-07-18,593.0,18119.0,0.0,100,454.19,273.0,0,0.0,0.0,,0.0,0,0.0,0.0,,0.0,bidTooLow
2023-07-19,593.0,18220.0,0.0,100,455.2,273.0,0,0.0,0.0,,0.0,0,0.0,0.0,,0.0,bidTooLow
2023-07-20,593.0,17918.0,0.0,100,452.18,273.0,0,0.0,0.0,,0.0,0,0.0,0.0,,0.0,bidTooLow
2023-07-21,593.0,17918.0,0.0,100,452.18,273.0,0,0.0,0.0,,0.0,0,0.0,0.0,,0.0,bidTooLow
2023-07-24,593.0,18120.0,0.0,100,454.2,273.0,0,0.0,0.0,,0.0,0,0.0,0.0,,0.0,bidTooLow
2023-07-25,593.0,18244.0,0.0,100,455.44,273.0,0,0.0,0.0,,0.0,0,0.0,0.0,,0.0,bidTooLow
2023-07-26,593.0,18251.0,0.0,100,455.51,273.0,0,0.0,0.0,,0.0,0,0.0,0.0,,0.0,bidTooLow
2023-07-27,593.0,17949.0,0.0,100,452.49,273.0,0,0.0,0.0,,0.0,0,0.0,0.0,,0.0,bidTooLow
2023-07-28,593.0,18392.0,0.0,100,456.92,273.0,0,0.0,0.0,,0.0,0,0.0,0.0,,0.0,bidTooLow
2023-07-31,593.0,18479.0,0.0,100,457.79,273.0,0,0.0,0.0,,0.0,0,0.0,0.0,,0.0,bidTooLow
2023-08-01,593.0,18348.0,0.0,100,456.48,273.0,0,0.0,0.0,,0.0,0,0.0,0.0,,0.0,bidTooLow
2023-08-02,593.0,17713.0,0.0,100,450.13,273.0,0,0.0,0.0,,0.0,0,0.0,0.0,,0.0,bidTooLow
2023-08-03,593.0,17584.0,0.0,100,448.84,273.0,0,0.0,0.0,,0.0,0,0.0,0.0,,0.0,bidTooLow
2023-08-04,593.0,17381.0,0.0,100,446.81,273.0,0,0.0,0.0,,0.0,0,0.0,0.0,,0.0,bidTooLow
2023-08-07,593.0,17771.0,0.0,100,450.71,273.0,0,0.0,0.0,,0.0,0,0.0,0.0,,0.0,bidTooLow
2023-08-08,593.0,17575.0,0.0,100,448.75,273.0,0,0.0,0.0,,0.0,0,0.0,0.0,,0.0,bidTooLow
2023-08-09,593.0,17275.0,0.0,100,445.75,273.0,0,0.0,0.0,,0.0,0,0.0,0.0,,0.0,bidTooLow
2023-08-10,593.0,17291.0,0.0,100,445.91,273.0,0,0.0,0.0,,0.0,0,0.0,0.0,,0.0,bidTooLow
2023-08-11,593.0,17265.0,0.0,100,445.65,273.0,0,0.0,0.0,,0.0,0,0.0,0.0,,0.0,bidTooLow
2023-08-14,593.0,17511.0,0.0,100,448.11,273.0,0,0.0,0.0,,0.0,0,0.0,0.0,,0.0,bidTooLow
2023-08-15,593.0,16989.0,0.0,100,442.89,273.0,0,0.0,0.0,,0.0,0,0.0,0.0,,0.0,bidTooLow
2023-08-16,593.0,16664.0,0.0,100,439.64,273.0,0,0.0,0.0,,0.0,0,0.0,0.0,,0.0,bidTooLow
2023-08-17,593.0,16329.0,0.0,100,436.29,273.0,0,0.0,0.0,,0.0,0,0.0,0.0,,0.0,bidTooLow
2023-08-18,593.0,16350.0,0.0,100,436.5,273.0,0,0.0,0.0,,0.0,0,0.0,0.0,,0.0,bidTooLow
2023-08-21,593.0,16634.0,0.0,100,439.34,273.0,0,0.0,0.0,,0.0,0,0.0,0.0,,0.0,bidTooLow
2023-08-22,593.0,16515.0,0.0,100,438.15,273.0,0,0.0,0.0,,0.0,0,0.0,0.0,,0.0,bidTooLow
2023-08-23,593.0,17003.0,0.0,100,443.03,273.0,0,0.0,0.0,,0.0,0,0.0,0.0,,0.0,bidTooLow
2023-08-24,593.0,16389.0,0.0,100,436.89,273.0,0,0.0,0.0,,0.0,0,0.0,0.0,,0.0,bidTooLow
2023-08-25,593.0,16697.0,0.0,100,439.97,273.0,0,0.0,0.0,,0.0,0,0.0,0.0,,0.0,bidTooLow
2023-08-28,593.0,16976.0,0.0,100,442.76,273.0,0,0.0,0.0,,0.0,0,0.0,0.0,,0.0,bidTooLow
2023-08-29,593.0,17616.0,0.0,100,449.16,273.0,0,0.0,0.0,,0.0,0,0.0,0.0,,0.0,bidTooLow
2023-08-30,593.0,17801.0,0.0,100,451.01,273.0,0,0.0,0.0,,0.0,0,0.0,0.0,,0.0,bidTooLow
2023-08-31,593.0,17735.0,0.0,100,450.35,273.0,0,0.0,0.0,,0.0,0,0.0,0.0,,0.0,bidTooLow
2023-09-01,593.0,17819.0,0.0,100,451.19,273.0,0,0.0,0.0,,0.0,0,0.0,0.0,,0.0,bidTooLow
2023-09-05,593.0,17624.0,0.0,100,449.24,273.0,0,0.0,0.0,,0.0,0,0.0,0.0,,0.0,bidTooLow
2023-09-06,593.0,17322.0,0.0,100,446.22,273.0,0,0.0,0.0,,0.0,0,0.0,0.0,,0.0,bidTooLow
2023-09-07,593.0,17185.0,0.0,100,444.85,273.0,0,0.0,0.0,,0.0,0,0.0,0.0,,0.0,bidTooLow
2023-09-08,593.0,17252.0,0.0,100,445.52,273.0,0,0.0,0.0,,0.0,0,0.0,0.0,,0.0,bidTooLow
2023-09-11,593.0,17545.0,0.0,100,448.45,273.0,0,0.0,0.0,,0.0,0,0.0,0.0,,0.0,bidTooLow
2023-09-12,593.0,17299.0,0.0,100,445.99,273.0,0,0.0,0.0,,0.0,0,0.0,0.0,,0.0,bidTooLow
2023-09-13,593.0,17351.0,0.0,100,446.51,273.0,0,0.0,0.0,,0.0,0,0.0,0.0,,0.0,bidTooLow
2023-09-14,593.0,17736.0,0.0,100,450.36,273.0,0,0.0,0.0,,0.0,0,0.0,0.0,,0.0,bidTooLow
2023-09-15,593.0,17037.0,0.0,100,443.37,273.0,0,0.0,0.0,,0.0,0,0.0,0.0,,0.0,bidTooLow
2023-09-18,593.0,17063.0,0.0,100,443.63,273.0,0,0.0,0.0,,0.0,0,0.0,0.0,,0.0,bidTooLow
2023-09-19,593.0,16971.0,0.0,100,442.71,273.0,0,0.0,0.0,,0.0,0,0.0,0.0,,0.0,bidTooLow
2023-09-20,593.0,16564.0,0.0,100,438.64,273.0,0,0.0,0.0,,0.0,0,0.0,0.0,,0.0,bidTooLow
2023-09-21,593.0,15839.0,0.0,100,431.39,273.0,0,0.0,0.0,,0.0,0,0.0,0.0,,0.0,bidTooLow
2023-09-22,593.0,15742.0,0.0,100,430.42,273.0,0,0.0,0.0,,0.0,0,0.0,0.0,,0.0,bidTooLow
2023-09-25,593.0,15923.0,0.0,100,432.23,273.0,0,0.0,0.0,,0.0,0,0.0,0.0,,0.0,bidTooLow
2023-09-26,593.0,15288.0,0.0,100,425.88,273.0,0,0.0,0.0,,0.0,0,0.0,0.0,,0.0,bidTooLow
2023-09-27,593.0,15305.0,0.0,100,426.05,273.0,0,0.0,0.0,,0.0,0,0.0,0.0,,0.0,bidTooLow
2023-09-28,593.0,15552.0,0.0,100,428.52,273.0,0,0.0,0.0,,0.0,0,0.0,0.0,,0.0,bidTooLow
2023-09-29,593.0,15448.0,0.0,100,427.48,273.0,0,0.0,0.0,,0.0,0,0.0,0.0,,0.0,bidTooLow
2023-10-02,593.0,15431.0,0.0,100,427.31,273.0,0,0.0,0.0,,0.0,0,0.0,0.0,,0.0,bidTooLow
2023-10-03,593.0,14859.0,0.0,100,421.59,273.0,0,0.0,0.0,,0.0,0,0.0,0.0,,0.0,bidTooLow
2023-10-04,593.0,15166.0,0.0,100,424.66,273.0,0,0.0,0.0,,0.0,0,0.0,0.0,,0.0,bidTooLow
2023-10-05,593.0,15150.0,0.0,100,424.5,273.0,0,0.0,0.0,,0.0,0,0.0,0.0,,0.0,bidTooLow
2023-10-06,593.0,15654.0,0.0,100,429.54,273.0,0,0.0,0.0,,0.0,0,0.0,0.0,,0.0,bidTooLow
2023-10-09,593.0,15929.0,0.0,100,432.29,273.0,0,0.0,0.0,,0.0,0,0.0,0.0,,0.0,bidTooLow
2023-10-10,593.0,16154.0,0.0,100,434.54,273.0,0,0.0,0.0,,0.0,0,0.0,0.0,,0.0,bidTooLow
2023-10-11,593.0,16332.0,0.0,100,436.32,273.0,0,0.0,0.0,,0.0,0,0.0,0.0,,0.0,bidTooLow
2023-10-12,593.0,16066.0,0.0,100,433.66,273.0,0,0.0,0.0,,0.0,0,0.0,0.0,,0.0,bidTooLow
2023-10-13,593.0,15850.0,0.0,100,431.5,273.0,0,0.0,0.0,,0.0,0,0.0,0.0,,0.0,bidTooLow
2023-10-16,593.0,16304.0,0.0,100,436.04,273.0,0,0.0,0.0,,0.0,0,0.0,0.0,,0.0,bidTooLow
2023-10-17,593.0,16302.0,0.0,100,436.02,273.0,0,0.0,0.0,,0.0,0,0.0,0.0,,0.0,bidTooLow
2023-10-18,593.0,15721.0,0.0,100,430.21,273.0,0,0.0,0.0,,0.0,0,0.0,0.0,,0.0,bidTooLow
2023-10-19,593.0,15343.0,0.0,100,426.43,273.0,0,0.0,0.0,,0.0,0,0.0,0.0,,0.0,bidTooLow
2023-10-20,593.0,14819.0,0.0,100,421.19,273.0,0,0.0,0.0,,0.0,0,0.0,0.0,,0.0,bidTooLow
2023-10-23,593.0,14746.0,0.0,100,420.46,273.0,0,0.0,0.0,,0.0,0,0.0,0.0,,0.0,bidTooLow
2023-10-24,593.0,15063.0,0.0,100,423.63,273.0,0,0.0,0.0,,0.0,0,0.0,0.0,,0.0,bidTooLow
2023-10-25,593.0,14455.0,0.0,100,417.55,273.0,0,0.0,0.0,,0.0,0,0.0,0.0,,0.0,bidTooLow
2023-10-26,593.0,13955.0,0.0,100,412.55,273.0,0,0.0,0.0,,0.0,0,0.0,0.0,,0.0,bidTooLow
2023-10-27,593.0,13768.0,0.0,100,410.68,273.0,0,0.0,0.0,,0.0,0,0.0,0.0,,0.0,bidTooLow
2023-10-30,593.0,14259.0,0.0,100,415.59,273.0,0,0.0,0.0,,0.0,0,0.0,0.0,,0.0,bidTooLow
2023-10-31,593.0,14520.0,0.0,100,418.2,273.0,0,0.0,0.0,,0.0,0,0.0,0.0,,0.0,bidTooLow
2023-11-01,593.0,14966.0,0.0,100,422.66,273.0,0,0.0,0.0,,0.0,0,0.0,0.0,,0.0,bidTooLow
2023-11-02,593.0,15776.0,0.0,100,430.76,273.0,0,0.0,0.0,,0.0,0,0.0,0.0,,0.0,bidTooLow
2023-11-03,593.0,16169.0,0.0,100,434.69,273.0,0,0.0,0.0,,0.0,0,0.0,0.0,,0.0,bidTooLow
2023-11-06,593.0,16269.0,0.0,100,435.69,273.0,0,0.0,0.0,,0.0,0,0.0,0.0,,0.0,bidTooLow
2023-11-07,593.0,16393.0,0.0,100,436.93,273.0,0,0.0,0.0,,0.0,0,0.0,0.0,,0.0,bidTooLow
2023-11-08,593.0,16425.0,0.0,100,437.25,273.0,0,0.0,0.0,,0.0,0,0.0,0.0,,0.0,bidTooLow
2023-11-09,593.0,16084.0,0.0,100,433.84,273.0,0,0.0,0.0,,0.0,0,0.0,0.0,,0.0,bidTooLow
2023-11-10,593.0,16761.0,0.0,100,440.61,273.0,0,0.0,0.0,,0.0,0,0.0,0.0,,0.0,bidTooLow
2023-11-13,593.0,16719.0,0.0,100,440.19,273.0,0,0.0,0.0,,0.0,0,0.0,0.0,,0.0,bidTooLow
2023-11-14,593.0,17573.0,0.0,100,448.73,273.0,0,0.0,0.0,,0.0,0,0.0,0.0,,0.0,bidTooLow
2023-11-15,593.0,17668.0,0.0,100,449.68,273.0,0,0.0,0.0,,0.0,0,0.0,0.0,,0.0,bidTooLow
2023-11-16,593.0,17723.0,0.0,100,450.23,273.0,0,0.0,0.0,,0.0,0,0.0,0.0,,0.0,bidTooLow
2023-11-17,593.0,17779.0,0.0,100,450.79,273.0,0,0.0,0.0,,0.0,0,0.0,0.0,,0.0,bidTooLow
2023-11-20,593.0,18126.0,0.0,100,454.26,273.0,0,0.0,0.0,,0.0,0,0.0,0.0,,0.0,bidTooLow
2023-11-21,593.0,18027.0,0.0,100,453.27,273.0,0,0.0,0.0,,0.0,0,0.0,0.0,,0.0,bidTooLow
2023-11-22,593.0,18202.0,0.0,100,455.02,273.0,0,0.0,0.0,,0.0,0,0.0,0.0,,0.0,bidTooLow
2023-11-24,593.0,18230.0,0.0,100,455.3,273.0,0,0.0,0.0,,0.0,0,0.0,0.0,,0.0,bidTooLow
2023-11-27,593.0,18148.0,0.0,100,454.48,273.0,0,0.0,0.0,,0.0,0,0.0,0.0,,0.0,bidTooLow
2023-11-28,593.0,18193.0,0.0,100,454.93,273.0,0,0.0,0.0,,0.0,0,0.0,0.0,,0.0,bidTooLow
2023-11-29,593.0,18161.0,0.0,100,454.61,273.0,0,0.0,0.0,,0.0,0,0.0,0.0,,0.0,bidTooLow
2023-11-30,593.0,18340.0,0.0,100,456.4,273.0,0,0.0,0.0,,0.0,0,0.0,0.0,,0.0,bidTooLow
