date,totalCapital,unrializedPnL,rializedPnL,stocksOwned,stocksPriceToday,stocksPriceBoughtAt,putOwned,putOwnedSoldAt,putPriceToday,putOwnedContract,putOwnedStrike,callOwned,callOwnedSoldAt,callPriceToday,callOwnedContract,callOwnedStrike,trackType
2018-11-01,0.0,-10.0,0.0,0,273.51,0.0,1,7.69,7.79,SPY190315P00263000,263.0,0,0.0,0.0,,0.0,normalDay
2018-11-02,0.0,-54.0,0.0,0,271.89,0.0,1,7.69,8.23,SPY190315P00263000,263.0,0,0.0,0.0,,0.0,normalDay
2018-11-05,0.0,14.0,0.0,0,273.39,0.0,1,7.69,7.55,SPY190315P00263000,263.0,0,0.0,0.0,,0.0,normalDay
2018-11-06,0.0,80.0,0.0,0,275.12,0.0,1,7.69,6.89,SPY190315P00263000,263.0,0,0.0,0.0,,0.0,normalDay
2018-11-07,0.0,275.0,0.0,0,281.01,0.0,1,7.69,4.94,SPY190315P00263000,263.0,0,0.0,0.0,,0.0,normalDay
2018-11-08,0.0,278.0,0.0,0,280.5,0.0,1,7.69,4.91,SPY190315P00263000,263.0,0,0.0,0.0,,0.0,normalDay
2018-11-09,0.0,188.0,0.0,0,277.76,0.0,1,7.69,5.81,SPY190315P00263000,263.0,0,0.0,0.0,,0.0,normalDay
2018-11-12,0.0,20.0,0.0,0,272.57,0.0,1,7.69,7.49,SPY190315P00263000,263.0,0,0.0,0.0,,0.0,normalDay
2018-11-13,0.0,-12.0,0.0,0,272.06,0.0,1,7.69,7.81,SPY190315P00263000,263.0,0,0.0,0.0,,0.0,normalDay
2018-11-14,0.0,-105.0,0.0,0,270.2,0.0,1,7.69,8.74,SPY190315P00263000,263.0,0,0.0,0.0,,0.0,normalDay
2018-11-15,0.0,10.0,0.0,0,273.02,0.0,1,7.69,7.59,SPY190315P00263000,263.0,0,0.0,0.0,,0.0,normalDay
2018-11-16,0.0,79.0,0.0,0,273.73,0.0,1,7.69,6.9,SPY190315P00263000,263.0,0,0.0,0.0,,0.0,normalDay
2018-11-19,0.0,-97.0,0.0,0,269.1,0.0,1,7.69,8.66,SPY190315P00263000,263.0,0,0.0,0.0,,0.0,normalDay
2018-11-20,0.0,-341.0,0.0,0,264.12,0.0,1,7.69,11.1,SPY190315P00263000,263.0,0,0.0,0.0,,0.0,normalDay
2018-11-21,0.0,-254.0,0.0,0,265.02,0.0,1,7.69,10.23,SPY190315P00263000,263.0,0,0.0,0.0,,0.0,normalDay
2018-11-23,0.0,-341.0,0.0,0,263.25,0.0,1,7.69,11.1,SPY190315P00263000,263.0,0,0.0,0.0,,0.0,normalDay
2018-11-26,0.0,-81.0,0.0,0,267.5,0.0,1,7.69,8.5,SPY190315P00263000,263.0,0,0.0,0.0,,0.0,normalDay
2018-11-27,0.0,-57.0,0.0,0,268.4,0.0,1,7.69,8.26,SPY190315P00263000,263.0,0,0.0,0.0,,0.0,normalDay
2018-11-28,0.0,136.0,0.0,0,274.58,0.0,1,7.69,6.33,SPY190315P00263000,263.0,0,0.0,0.0,,0.0,normalDay
2018-11-29,0.0,120.0,0.0,0,273.98,0.0,1,7.69,6.49,SPY190315P00263000,263.0,0,0.0,0.0,,0.0,normalDay
2018-11-30,0.0,188.0,0.0,0,275.65,0.0,1,7.69,5.81,SPY190315P00263000,263.0,0,0.0,0.0,,0.0,normalDay
2018-12-03,0.0,309.0,0.0,0,279.3,0.0,1,7.69,4.6,SPY190315P00263000,263.0,0,0.0,0.0,,0.0,normalDay
2018-12-04,0.0,-9.0,0.0,0,270.25,0.0,1,7.69,7.78,SPY190315P00263000,263.0,0,0.0,0.0,,0.0,normalDay
2018-12-06,0.0,-27.0,0.0,0,269.84,0.0,1,7.69,7.96,SPY190315P00263000,263.0,0,0.0,0.0,,0.0,normalDay
2018-12-07,0.0,-314.0,0.0,0,263.57,0.0,1,7.69,10.83,SPY190315P00263000,263.0,0,0.0,0.0,,0.0,normalDay
2018-12-10,0.0,-243.0,0.0,0,264.07,0.0,1,7.69,10.12,SPY190315P00263000,263.0,0,0.0,0.0,,0.0,normalDay
2018-12-11,0.0,-233.0,0.0,0,264.13,0.0,1,7.69,10.02,SPY190315P00263000,263.0,0,0.0,0.0,,0.0,normalDay
2018-12-12,0.0,-190.0,0.0,0,265.46,0.0,1,7.69,9.59,SPY190315P00263000,263.0,0,0.0,0.0,,0.0,normalDay
2018-12-13,0.0,-173.0,0.0,0,265.37,0.0,1,7.69,9.42,SPY190315P00263000,263.0,0,0.0,0.0,,0.0,normalDay
2018-12-14,0.0,-397.0,0.0,0,260.47,0.0,1,7.69,11.66,SPY190315P00263000,263.0,0,0.0,0.0,,0.0,normalDay
2018-12-17,0.0,-688.0,0.0,0,255.36,0.0,1,7.69,14.57,SPY190315P00263000,263.0,0,0.0,0.0,,0.0,normalDay
2018-12-18,0.0,-756.0,0.0,0,255.08,0.0,1,7.69,15.25,SPY190315P00263000,263.0,0,0.0,0.0,,0.0,normalDay
2018-12-19,0.0,-937.0,0.0,0,251.26,0.0,1,7.69,17.06,SPY190315P00263000,263.0,0,0.0,0.0,,0.0,normalDay
2018-12-20,0.0,-1210.0,0.0,0,247.17,0.0,1,7.69,19.79,SPY190315P00263000,263.0,0,0.0,0.0,,0.0,normalDay
2018-12-21,0.0,-1713.0,0.0,0,240.7,0.0,1,7.69,24.82,SPY190315P00263000,263.0,0,0.0,0.0,,0.0,normalDay
2018-12-24,0.0,-2428.0,0.0,0,234.34,0.0,1,7.69,31.97,SPY190315P00263000,263.0,0,0.0,0.0,,0.0,normalDay
2018-12-26,0.0,-1218.0,0.0,0,246.18,0.0,1,7.69,19.87,SPY190315P00263000,263.0,0,0.0,0.0,,0.0,normalDay
2018-12-27,0.0,-1086.0,0.0,0,248.07,0.0,1,7.69,18.55,SPY190315P00263000,263.0,0,0.0,0.0,,0.0,normalDay
2018-12-28,0.0,-1118.0,0.0,0,247.75,0.0,1,7.69,18.87,SPY190315P00263000,263.0,0,0.0,0.0,,0.0,normalDay
2018-12-31,0.0,-911.0,0.0,0,249.92,0.0,1,7.69,16.8,SPY190315P00263000,263.0,0,0.0,0.0,,0.0,normalDay
2019-01-02,0.0,-830.0,0.0,0,250.18,0.0,1,7.69,15.99,SPY190315P00263000,263.0,0,0.0,0.0,,0.0,normalDay
2019-01-03,0.0,-1325.0,0.0,0,244.21,0.0,1,7.69,20.94,SPY190315P00263000,263.0,0,0.0,0.0,,0.0,normalDay
2019-01-04,0.0,-664.0,0.0,0,252.39,0.0,1,7.69,14.33,SPY190315P00263000,263.0,0,0.0,0.0,,0.0,normalDay
2019-01-07,0.0,-525.0,0.0,0,254.38,0.0,1,7.69,12.94,SPY190315P00263000,263.0,0,0.0,0.0,,0.0,normalDay
2019-01-08,0.0,-354.0,0.0,0,256.77,0.0,1,7.69,11.23,SPY190315P00263000,263.0,0,0.0,0.0,,0.0,normalDay
2019-01-09,0.0,-263.0,0.0,0,257.97,0.0,1,7.69,10.32,SPY190315P00263000,263.0,0,0.0,0.0,,0.0,normalDay
2019-01-10,0.0,-192.0,0.0,0,258.88,0.0,1,7.69,9.61,SPY190315P00263000,263.0,0,0.0,0.0,,0.0,normalDay
2019-01-11,0.0,-148.0,0.0,0,258.98,0.0,1,7.69,9.17,SPY190315P00263000,263.0,0,0.0,0.0,,0.0,normalDay
2019-01-14,0.0,-209.0,0.0,0,257.4,0.0,1,7.69,9.78,SPY190315P00263000,263.0,0,0.0,0.0,,0.0,normalDay
2019-01-15,0.0,-20.0,0.0,0,260.35,0.0,1,7.69,7.89,SPY190315P00263000,263.0,0,0.0,0.0,,0.0,normalDay
2019-01-16,0.0,15.0,0.0,0,260.98,0.0,1,7.69,7.54,SPY190315P00263000,263.0,0,0.0,0.0,,0.0,normalDay
2019-01-17,0.0,116.0,0.0,0,262.96,0.0,1,7.69,6.53,SPY190315P00263000,263.0,0,0.0,0.0,,0.0,normalDay
2019-01-18,0.0,246.0,0.0,0,266.46,0.0,1,7.69,5.23,SPY190315P00263000,263.0,0,0.0,0.0,,0.0,normalDay
2019-01-22,0.0,77.0,0.0,0,262.86,0.0,1,7.69,6.92,SPY190315P00263000,263.0,0,0.0,0.0,,0.0,normalDay
2019-01-23,0.0,100.0,0.0,0,263.41,0.0,1,7.69,6.69,SPY190315P00263000,263.0,0,0.0,0.0,,0.0,normalDay
2019-01-24,0.0,127.0,0.0,0,263.55,0.0,1,7.69,6.42,SPY190315P00263000,263.0,0,0.0,0.0,,0.0,normalDay
2019-01-25,0.0,261.0,0.0,0,265.78,0.0,1,7.69,5.08,SPY190315P00263000,263.0,0,0.0,0.0,,0.0,normalDay
2019-01-28,0.0,165.0,0.0,0,263.76,0.0,1,7.69,6.04,SPY190315P00263000,263.0,0,0.0,0.0,,0.0,normalDay
2019-01-29,0.0,147.0,0.0,0,263.41,0.0,1,7.69,6.22,SPY190315P00263000,263.0,0,0.0,0.0,,0.0,normalDay
2019-01-30,0.0,343.0,0.0,0,267.58,0.0,1,7.69,4.26,SPY190315P00263000,263.0,0,0.0,0.0,,0.0,normalDay
2019-01-31,0.0,460.0,0.0,0,269.93,0.0,1,7.69,3.09,SPY190315P00263000,263.0,0,0.0,0.0,,0.0,normalDay
2019-02-01,0.0,474.0,0.0,0,270.06,0.0,1,7.69,2.95,SPY190315P00263000,263.0,0,0.0,0.0,,0.0,normalDay
2019-02-04,0.0,543.0,0.0,0,271.96,0.0,1,7.69,2.26,SPY190315P00263000,263.0,0,0.0,0.0,,0.0,normalDay
2019-02-05,0.0,563.0,0.0,0,273.1,0.0,1,7.69,2.06,SPY190315P00263000,263.0,0,0.0,0.0,,0.0,normalDay
2019-02-06,0.0,568.0,0.0,0,272.74,0.0,1,7.69,2.01,SPY190315P00263000,263.0,0,0.0,0.0,,0.0,normalDay
2019-02-07,0.0,502.0,0.0,0,270.14,0.0,1,7.69,2.67,SPY190315P00263000,263.0,0,0.0,0.0,,0.0,normalDay
2019-02-08,0.0,521.0,0.0,0,270.47,0.0,1,7.69,2.48,SPY190315P00263000,263.0,0,0.0,0.0,,0.0,normalDay
2019-02-11,0.0,539.0,0.0,0,270.62,0.0,1,7.69,2.3,SPY190315P00263000,263.0,0,0.0,0.0,,0.0,normalDay
2019-02-12,0.0,621.0,0.0,0,274.1,0.0,1,7.69,1.48,SPY190315P00263000,263.0,0,0.0,0.0,,0.0,normalDay
2019-02-13,0.0,631.0,0.0,0,274.99,0.0,1,7.69,1.38,SPY190315P00263000,263.0,0,0.0,0.0,,0.0,normalDay
2019-02-14,0.0,616.0,0.0,0,274.38,0.0,1,7.69,1.53,SPY190315P00263000,263.0,0,0.0,0.0,,0.0,normalDay
2019-02-15,0.0,674.0,0.0,0,277.37,0.0,1,7.69,0.95,SPY190315P00263000,263.0,0,0.0,0.0,,0.0,normalDay
2019-02-19,0.0,690.0,0.0,0,277.85,0.0,1,7.69,0.79,SPY190315P00263000,263.0,0,0.0,0.0,,0.0,normalDay
2019-02-20,0.0,709.0,0.0,0,278.41,0.0,1,7.69,0.6,SPY190315P00263000,263.0,0,0.0,0.0,,0.0,normalDay
2019-02-21,0.0,702.0,0.0,0,277.42,0.0,1,7.69,0.67,SPY190315P00263000,263.0,0,0.0,0.0,,0.0,normalDay
2019-02-22,0.0,724.0,0.0,0,279.14,0.0,1,7.69,0.45,SPY190315P00263000,263.0,0,0.0,0.0,,0.0,normalDay
2019-02-25,0.0,724.0,0.0,0,279.52,0.0,1,7.69,0.45,SPY190315P00263000,263.0,0,0.0,0.0,,0.0,normalDay
2019-02-26,0.0,723.0,0.0,0,279.32,0.0,1,7.69,0.46,SPY190315P00263000,263.0,0,0.0,0.0,,0.0,normalDay
2019-02-27,0.0,728.0,0.0,0,279.2,0.0,1,7.69,0.41,SPY190315P00263000,263.0,0,0.0,0.0,,0.0,normalDay
2019-02-28,0.0,727.0,0.0,0,278.68,0.0,1,7.69,0.42,SPY190315P00263000,263.0,0,0.0,0.0,,0.0,normalDay
2019-03-01,0.0,745.0,0.0,0,280.42,0.0,1,7.69,0.24,SPY190315P00263000,263.0,0,0.0,0.0,,0.0,normalDay
2019-03-04,0.0,744.0,0.0,0,279.4,0.0,1,7.69,0.25,SPY190315P00263000,263.0,0,0.0,0.0,,0.0,normalDay
2019-03-05,0.0,746.0,0.0,0,279.02,0.0,1,7.69,0.23,SPY190315P00263000,263.0,0,0.0,0.0,,0.0,normalDay
2019-03-06,0.0,739.0,0.0,0,277.33,0.0,1,7.69,0.3,SPY190315P00263000,263.0,0,0.0,0.0,,0.0,normalDay
2019-03-07,0.0,731.0,0.0,0,275.01,0.0,1,7.69,0.38,SPY190315P00263000,263.0,0,0.0,0.0,,0.0,normalDay
2019-03-08,0.0,747.0,0.0,0,274.46,0.0,1,7.69,0.22,SPY190315P00263000,263.0,0,0.0,0.0,,0.0,normalDay
2019-03-11,0.0,764.0,0.0,0,278.44,0.0,1,7.69,0.05,SPY190315P00263000,263.0,0,0.0,0.0,,0.0,normalDay
2019-03-12,0.0,766.0,0.0,0,279.49,0.0,1,7.69,0.03,SPY190315P00263000,263.0,0,0.0,0.0,,0.0,normalDay
2019-03-13,0.0,767.0,0.0,0,281.34,0.0,1,7.69,0.02,SPY190315P00263000,263.0,0,0.0,0.0,,0.0,normalDay
2019-03-14,0.0,767.0,0.0,0,281.16,0.0,1,7.69,0.02,SPY190315P00263000,263.0,0,0.0,0.0,,0.0,normalDay
2019-03-15,769.0,0.0,769.0,0,281.31,0.0,1,7.69,0.0,SPY190315P00263000,263.0,0,0.0,0.0,,0.0,expirationDay
2019-03-18,769.0,-5.0,0.0,0,282.33,0.0,1,6.0,6.05,SPY190719P00276000,276.0,0,0.0,0.0,,0.0,normalDay
2019-03-19,769.0,-26.0,0.0,0,282.4,0.0,1,6.0,6.26,SPY190719P00276000,276.0,0,0.0,0.0,,0.0,normalDay
2019-03-20,769.0,-56.0,0.0,0,281.55,0.0,1,6.0,6.56,SPY190719P00276000,276.0,0,0.0,0.0,,0.0,normalDay
2019-03-21,769.0,41.0,0.0,0,284.73,0.0,1,6.0,5.59,SPY190719P00276000,276.0,0,0.0,0.0,,0.0,normalDay
2019-03-22,769.0,-168.0,0.0,0,279.25,0.0,1,6.0,7.68,SPY190719P00276000,276.0,0,0.0,0.0,,0.0,normalDay
2019-03-25,769.0,-195.0,0.0,0,279.04,0.0,1,6.0,7.95,SPY190719P00276000,276.0,0,0.0,0.0,,0.0,normalDay
2019-03-26,769.0,-96.0,0.0,0,281.12,0.0,1,6.0,6.96,SPY190719P00276000,276.0,0,0.0,0.0,,0.0,normalDay
2019-03-27,769.0,-146.0,0.0,0,279.65,0.0,1,6.0,7.46,SPY190719P00276000,276.0,0,0.0,0.0,,0.0,normalDay
2019-03-28,769.0,-86.0,0.0,0,280.71,0.0,1,6.0,6.86,SPY190719P00276000,276.0,0,0.0,0.0,,0.0,normalDay
2019-03-29,769.0,-8.0,0.0,0,282.48,0.0,1,6.0,6.08,SPY190719P00276000,276.0,0,0.0,0.0,,0.0,normalDay
2019-04-01,769.0,93.0,0.0,0,285.83,0.0,1,6.0,5.07,SPY190719P00276000,276.0,0,0.0,0.0,,0.0,normalDay
2019-04-02,769.0,102.0,0.0,0,285.97,0.0,1,6.0,4.98,SPY190719P00276000,276.0,0,0.0,0.0,,0.0,normalDay
2019-04-03,769.0,120.0,0.0,0,286.42,0.0,1,6.0,4.8,SPY190719P00276000,276.0,0,0.0,0.0,,0.0,normalDay
2019-04-04,769.0,142.0,0.0,0,287.18,0.0,1,6.0,4.58,SPY190719P00276000,276.0,0,0.0,0.0,,0.0,normalDay
2019-04-05,769.0,192.0,0.0,0,288.57,0.0,1,6.0,4.08,SPY190719P00276000,276.0,0,0.0,0.0,,0.0,normalDay
2019-04-08,769.0,200.0,0.0,0,288.79,0.0,1,6.0,4.0,SPY190719P00276000,276.0,0,0.0,0.0,,0.0,normalDay
2019-04-09,769.0,139.0,0.0,0,287.31,0.0,1,6.0,4.61,SPY190719P00276000,276.0,0,0.0,0.0,,0.0,normalDay
2019-04-10,769.0,193.0,0.0,0,288.29,0.0,1,6.0,4.07,SPY190719P00276000,276.0,0,0.0,0.0,,0.0,normalDay
2019-04-11,769.0,195.0,0.0,0,288.21,0.0,1,6.0,4.05,SPY190719P00276000,276.0,0,0.0,0.0,,0.0,normalDay
2019-04-12,769.0,265.0,0.0,0,290.16,0.0,1,6.0,3.35,SPY190719P00276000,276.0,0,0.0,0.0,,0.0,normalDay
2019-04-15,769.0,272.0,0.0,0,289.97,0.0,1,6.0,3.28,SPY190719P00276000,276.0,0,0.0,0.0,,0.0,normalDay
2019-04-16,769.0,277.0,0.0,0,290.16,0.0,1,6.0,3.23,SPY190719P00276000,276.0,0,0.0,0.0,,0.0,normalDay
2019-04-17,769.0,258.0,0.0,0,289.45,0.0,1,6.0,3.42,SPY190719P00276000,276.0,0,0.0,0.0,,0.0,normalDay
2019-04-18,769.0,279.0,0.0,0,290.02,0.0,1,6.0,3.21,SPY190719P00276000,276.0,0,0.0,0.0,,0.0,normalDay
2019-04-22,769.0,297.0,0.0,0,290.27,0.0,1,6.0,3.03,SPY190719P00276000,276.0,0,0.0,0.0,,0.0,normalDay
2019-04-23,769.0,340.0,0.0,0,292.88,0.0,1,6.0,2.6,SPY190719P00276000,276.0,0,0.0,0.0,,0.0,normalDay
2019-04-24,769.0,322.0,0.0,0,292.23,0.0,1,6.0,2.78,SPY190719P00276000,276.0,0,0.0,0.0,,0.0,normalDay
2019-04-25,769.0,315.0,0.0,0,292.05,0.0,1,6.0,2.85,SPY190719P00276000,276.0,0,0.0,0.0,,0.0,normalDay
2019-04-26,769.0,345.0,0.0,0,293.41,0.0,1,6.0,2.55,SPY190719P00276000,276.0,0,0.0,0.0,,0.0,normalDay
2019-04-29,769.0,353.0,0.0,0,293.87,0.0,1,6.0,2.47,SPY190719P00276000,276.0,0,0.0,0.0,,0.0,normalDay
2019-04-30,769.0,358.0,0.0,0,294.02,0.0,1,6.0,2.42,SPY190719P00276000,276.0,0,0.0,0.0,,0.0,normalDay
2019-05-01,769.0,302.0,0.0,0,291.81,0.0,1,6.0,2.98,SPY190719P00276000,276.0,0,0.0,0.0,,0.0,normalDay
2019-05-02,769.0,293.0,0.0,0,291.18,0.0,1,6.0,3.07,SPY190719P00276000,276.0,0,0.0,0.0,,0.0,normalDay
2019-05-03,769.0,367.0,0.0,0,294.03,0.0,1,6.0,2.33,SPY190719P00276000,276.0,0,0.0,0.0,,0.0,normalDay
2019-05-06,769.0,316.0,0.0,0,292.82,0.0,1,6.0,2.84,SPY190719P00276000,276.0,0,0.0,0.0,,0.0,normalDay
2019-05-07,769.0,133.0,0.0,0,287.93,0.0,1,6.0,4.67,SPY190719P00276000,276.0,0,0.0,0.0,,0.0,normalDay
2019-05-08,769.0,139.0,0.0,0,287.53,0.0,1,6.0,4.61,SPY190719P00276000,276.0,0,0.0,0.0,,0.0,normalDay
2019-05-09,769.0,133.0,0.0,0,286.66,0.0,1,6.0,4.67,SPY190719P00276000,276.0,0,0.0,0.0,,0.0,normalDay
2019-05-10,769.0,222.0,0.0,0,288.1,0.0,1,6.0,3.78,SPY190719P00276000,276.0,0,0.0,0.0,,0.0,normalDay
2019-05-13,769.0,-65.0,0.0,0,280.86,0.0,1,6.0,6.65,SPY190719P00276000,276.0,0,0.0,0.0,,0.0,normalDay
2019-05-14,769.0,71.0,0.0,0,283.4,0.0,1,6.0,5.29,SPY190719P00276000,276.0,0,0.0,0.0,,0.0,normalDay
2019-05-15,769.0,163.0,0.0,0,285.06,0.0,1,6.0,4.37,SPY190719P00276000,276.0,0,0.0,0.0,,0.0,normalDay
2019-05-16,769.0,255.0,0.0,0,287.7,0.0,1,6.0,3.45,SPY190719P00276000,276.0,0,0.0,0.0,,0.0,normalDay
2019-05-17,769.0,203.0,0.0,0,285.84,0.0,1,6.0,3.97,SPY190719P00276000,276.0,0,0.0,0.0,,0.0,normalDay
2019-05-20,769.0,166.0,0.0,0,283.95,0.0,1,6.0,4.34,SPY190719P00276000,276.0,0,0.0,0.0,,0.0,normalDay
2019-05-21,769.0,262.0,0.0,0,286.51,0.0,1,6.0,3.38,SPY190719P00276000,276.0,0,0.0,0.0,,0.0,normalDay
2019-05-22,769.0,250.0,0.0,0,285.63,0.0,1,6.0,3.5,SPY190719P00276000,276.0,0,0.0,0.0,,0.0,normalDay
2019-05-23,769.0,109.0,0.0,0,282.14,0.0,1,6.0,4.91,SPY190719P00276000,276.0,0,0.0,0.0,,0.0,normalDay
2019-05-24,769.0,162.0,0.0,0,282.78,0.0,1,6.0,4.38,SPY190719P00276000,276.0,0,0.0,0.0,,0.0,normalDay
2019-05-28,769.0,76.0,0.0,0,280.15,0.0,1,6.0,5.24,SPY190719P00276000,276.0,0,0.0,0.0,,0.0,normalDay
2019-05-29,769.0,-1.0,0.0,0,278.27,0.0,1,6.0,6.01,SPY190719P00276000,276.0,0,0.0,0.0,,0.0,normalDay
2019-05-30,769.0,40.0,0.0,0,279.03,0.0,1,6.0,5.6,SPY190719P00276000,276.0,0,0.0,0.0,,0.0,normalDay
2019-05-31,769.0,-139.0,0.0,0,275.27,0.0,1,6.0,7.39,SPY190719P00276000,276.0,0,0.0,0.0,,0.0,normalDay
2019-06-03,769.0,-137.0,0.0,0,274.57,0.0,1,6.0,7.37,SPY190719P00276000,276.0,0,0.0,0.0,,0.0,normalDay
2019-06-04,769.0,135.0,0.0,0,280.53,0.0,1,6.0,4.65,SPY190719P00276000,276.0,0,0.0,0.0,,0.0,normalDay
2019-06-05,769.0,241.0,0.0,0,282.96,0.0,1,6.0,3.59,SPY190719P00276000,276.0,0,0.0,0.0,,0.0,normalDay
2019-06-06,769.0,300.0,0.0,0,284.8,0.0,1,6.0,3.0,SPY190719P00276000,276.0,0,0.0,0.0,,0.0,normalDay
2019-06-07,769.0,350.0,0.0,0,287.65,0.0,1,6.0,2.5,SPY190719P00276000,276.0,0,0.0,0.0,,0.0,normalDay
2019-06-10,769.0,393.0,0.0,0,288.97,0.0,1,6.0,2.07,SPY190719P00276000,276.0,0,0.0,0.0,,0.0,normalDay
2019-06-11,769.0,390.0,0.0,0,288.9,0.0,1,6.0,2.1,SPY190719P00276000,276.0,0,0.0,0.0,,0.0,normalDay
2019-06-12,769.0,390.0,0.0,0,288.39,0.0,1,6.0,2.1,SPY190719P00276000,276.0,0,0.0,0.0,,0.0,normalDay
2019-06-13,769.0,415.0,0.0,0,289.58,0.0,1,6.0,1.85,SPY190719P00276000,276.0,0,0.0,0.0,,0.0,normalDay
2019-06-14,769.0,429.0,0.0,0,289.26,0.0,1,6.0,1.71,SPY190719P00276000,276.0,0,0.0,0.0,,0.0,normalDay
2019-06-17,769.0,444.0,0.0,0,289.37,0.0,1,6.0,1.56,SPY190719P00276000,276.0,0,0.0,0.0,,0.0,normalDay
2019-06-18,769.0,484.0,0.0,0,292.4,0.0,1,6.0,1.16,SPY190719P00276000,276.0,0,0.0,0.0,,0.0,normalDay
2019-06-19,769.0,508.0,0.0,0,293.06,0.0,1,6.0,0.92,SPY190719P00276000,276.0,0,0.0,0.0,,0.0,normalDay
2019-06-20,769.0,528.0,0.0,0,295.86,0.0,1,6.0,0.72,SPY190719P00276000,276.0,0,0.0,0.0,,0.0,normalDay
2019-06-21,769.0,522.0,0.0,0,294.0,0.0,1,6.0,0.78,SPY190719P00276000,276.0,0,0.0,0.0,,0.0,normalDay
2019-06-24,769.0,532.0,0.0,0,293.64,0.0,1,6.0,0.68,SPY190719P00276000,276.0,0,0.0,0.0,,0.0,normalDay
2019-06-25,769.0,500.0,0.0,0,290.76,0.0,1,6.0,1.0,SPY190719P00276000,276.0,0,0.0,0.0,,0.0,normalDay
2019-06-26,769.0,501.0,0.0,0,290.47,0.0,1,6.0,0.99,SPY190719P00276000,276.0,0,0.0,0.0,,0.0,normalDay
2019-06-27,769.0,524.0,0.0,0,291.5,0.0,1,6.0,0.76,SPY190719P00276000,276.0,0,0.0,0.0,,0.0,normalDay
2019-06-28,769.0,541.0,0.0,0,293.0,0.0,1,6.0,0.59,SPY190719P00276000,276.0,0,0.0,0.0,,0.0,normalDay
2019-07-01,769.0,573.0,0.0,0,295.66,0.0,1,6.0,0.27,SPY190719P00276000,276.0,0,0.0,0.0,,0.0,normalDay
2019-07-02,769.0,583.0,0.0,0,296.43,0.0,1,6.0,0.17,SPY190719P00276000,276.0,0,0.0,0.0,,0.0,normalDay
2019-07-03,769.0,589.0,0.0,0,298.8,0.0,1,6.0,0.11,SPY190719P00276000,276.0,0,0.0,0.0,,0.0,normalDay
2019-07-05,769.0,587.0,0.0,0,298.46,0.0,1,6.0,0.13,SPY190719P00276000,276.0,0,0.0,0.0,,0.0,normalDay
2019-07-08,769.0,591.0,0.0,0,296.82,0.0,1,6.0,0.09,SPY190719P00276000,276.0,0,0.0,0.0,,0.0,normalDay
2019-07-09,769.0,593.0,0.0,0,297.19,0.0,1,6.0,0.07,SPY190719P00276000,276.0,0,0.0,0.0,,0.0,normalDay
2019-07-10,769.0,595.0,0.0,0,298.61,0.0,1,6.0,0.05,SPY190719P00276000,276.0,0,0.0,0.0,,0.0,normalDay
2019-07-11,769.0,595.0,0.0,0,299.31,0.0,1,6.0,0.05,SPY190719P00276000,276.0,0,0.0,0.0,,0.0,normalDay
2019-07-12,769.0,597.0,0.0,0,300.65,0.0,1,6.0,0.03,SPY190719P00276000,276.0,0,0.0,0.0,,0.0,normalDay
2019-07-15,769.0,597.0,0.0,0,300.75,0.0,1,6.0,0.03,SPY190719P00276000,276.0,0,0.0,0.0,,0.0,normalDay
2019-07-16,769.0,598.0,0.0,0,299.78,0.0,1,6.0,0.02,SPY190719P00276000,276.0,0,0.0,0.0,,0.0,normalDay
2019-07-17,769.0,598.0,0.0,0,297.74,0.0,1,6.0,0.02,SPY190719P00276000,276.0,0,0.0,0.0,,0.0,normalDay
2019-07-18,769.0,599.0,0.0,0,298.83,0.0,1,6.0,0.01,SPY190719P00276000,276.0,0,0.0,0.0,,0.0,normalDay
2019-07-19,1369.0,0.0,600.0,0,297.17,0.0,1,6.0,0.0,SPY190719P00276000,276.0,0,0.0,0.0,,0.0,expirationDay
2019-07-22,1369.0,-6.0,0.0,0,297.9,0.0,1,6.5,6.56,SPY191115P00291000,291.0,0,0.0,0.0,,0.0,normalDay
2019-07-23,1369.0,75.0,0.0,0,300.03,0.0,1,6.5,5.75,SPY191115P00291000,291.0,0,0.0,0.0,,0.0,normalDay
2019-07-24,1369.0,125.0,0.0,0,301.44,0.0,1,6.5,5.25,SPY191115P00291000,291.0,0,0.0,0.0,,0.0,normalDay
2019-07-25,1369.0,75.0,0.0,0,300.0,0.0,1,6.5,5.75,SPY191115P00291000,291.0,0,0.0,0.0,,0.0,normalDay
2019-07-26,1369.0,140.0,0.0,0,302.01,0.0,1,6.5,5.1,SPY191115P00291000,291.0,0,0.0,0.0,,0.0,normalDay
2019-07-29,1369.0,137.0,0.0,0,301.46,0.0,1,6.5,5.13,SPY191115P00291000,291.0,0,0.0,0.0,,0.0,normalDay
2019-07-30,1369.0,87.0,0.0,0,300.72,0.0,1,6.5,5.63,SPY191115P00291000,291.0,0,0.0,0.0,,0.0,normalDay
2019-07-31,1369.0,-51.0,0.0,0,297.43,0.0,1,6.5,7.01,SPY191115P00291000,291.0,0,0.0,0.0,,0.0,normalDay
2019-08-01,1369.0,-173.0,0.0,0,294.84,0.0,1,6.5,8.23,SPY191115P00291000,291.0,0,0.0,0.0,,0.0,normalDay
2019-08-02,1369.0,-258.0,0.0,0,292.62,0.0,1,6.5,9.08,SPY191115P00291000,291.0,0,0.0,0.0,,0.0,normalDay
2019-08-05,1369.0,-818.0,0.0,0,283.82,0.0,1,6.5,14.68,SPY191115P00291000,291.0,0,0.0,0.0,,0.0,normalDay
2019-08-06,1369.0,-506.0,0.0,0,287.8,0.0,1,6.5,11.56,SPY191115P00291000,291.0,0,0.0,0.0,,0.0,normalDay
2019-08-07,1369.0,-498.0,0.0,0,287.97,0.0,1,6.5,11.48,SPY191115P00291000,291.0,0,0.0,0.0,,0.0,normalDay
2019-08-08,1369.0,-187.0,0.0,0,293.62,0.0,1,6.5,8.37,SPY191115P00291000,291.0,0,0.0,0.0,,0.0,normalDay
2019-08-09,1369.0,-287.0,0.0,0,291.62,0.0,1,6.5,9.37,SPY191115P00291000,291.0,0,0.0,0.0,,0.0,normalDay
2019-08-12,1369.0,-529.0,0.0,0,288.07,0.0,1,6.5,11.79,SPY191115P00291000,291.0,0,0.0,0.0,,0.0,normalDay
2019-08-13,1369.0,-252.0,0.0,0,292.55,0.0,1,6.5,9.02,SPY191115P00291000,291.0,0,0.0,0.0,,0.0,normalDay
2019-08-14,1369.0,-754.0,0.0,0,283.9,0.0,1,6.5,14.04,SPY191115P00291000,291.0,0,0.0,0.0,,0.0,normalDay
2019-08-15,1369.0,-695.0,0.0,0,284.65,0.0,1,6.5,13.45,SPY191115P00291000,291.0,0,0.0,0.0,,0.0,normalDay
2019-08-16,1369.0,-443.0,0.0,0,288.85,0.0,1,6.5,10.93,SPY191115P00291000,291.0,0,0.0,0.0,,0.0,normalDay
2019-08-19,1369.0,-227.0,0.0,0,292.33,0.0,1,6.5,8.77,SPY191115P00291000,291.0,0,0.0,0.0,,0.0,normalDay
2019-08-20,1369.0,-341.0,0.0,0,290.09,0.0,1,6.5,9.91,SPY191115P00291000,291.0,0,0.0,0.0,,0.0,normalDay
2019-08-21,1369.0,-169.0,0.0,0,292.45,0.0,1,6.5,8.19,SPY191115P00291000,291.0,0,0.0,0.0,,0.0,normalDay
2019-08-22,1369.0,-200.0,0.0,0,292.36,0.0,1,6.5,8.5,SPY191115P00291000,291.0,0,0.0,0.0,,0.0,normalDay
2019-08-23,1369.0,-579.0,0.0,0,284.85,0.0,1,6.5,12.29,SPY191115P00291000,291.0,0,0.0,0.0,,0.0,normalDay
2019-08-26,1369.0,-425.0,0.0,0,288.0,0.0,1,6.5,10.75,SPY191115P00291000,291.0,0,0.0,0.0,,0.0,normalDay
2019-08-27,1369.0,-514.0,0.0,0,286.87,0.0,1,6.5,11.64,SPY191115P00291000,291.0,0,0.0,0.0,,0.0,normalDay
2019-08-28,1369.0,-385.0,0.0,0,288.89,0.0,1,6.5,10.35,SPY191115P00291000,291.0,0,0.0,0.0,,0.0,normalDay
2019-08-29,1369.0,-195.0,0.0,0,292.58,0.0,1,6.5,8.45,SPY191115P00291000,291.0,0,0.0,0.0,,0.0,normalDay
2019-08-30,1369.0,-210.0,0.0,0,292.45,0.0,1,6.5,8.6,SPY191115P00291000,291.0,0,0.0,0.0,,0.0,normalDay
2019-09-03,1369.0,-289.0,0.0,0,290.74,0.0,1,6.5,9.39,SPY191115P00291000,291.0,0,0.0,0.0,,0.0,normalDay
2019-09-04,1369.0,-93.0,0.0,0,294.04,0.0,1,6.5,7.43,SPY191115P00291000,291.0,0,0.0,0.0,,0.0,normalDay
2019-09-05,1369.0,61.0,0.0,0,297.82,0.0,1,6.5,5.89,SPY191115P00291000,291.0,0,0.0,0.0,,0.0,normalDay
2019-09-06,1369.0,117.0,0.0,0,298.05,0.0,1,6.5,5.33,SPY191115P00291000,291.0,0,0.0,0.0,,0.0,normalDay
2019-09-09,1369.0,126.0,0.0,0,298.2,0.0,1,6.5,5.24,SPY191115P00291000,291.0,0,0.0,0.0,,0.0,normalDay
2019-09-10,1369.0,133.0,0.0,0,298.13,0.0,1,6.5,5.17,SPY191115P00291000,291.0,0,0.0,0.0,,0.0,normalDay
2019-09-11,1369.0,214.0,0.0,0,300.25,0.0,1,6.5,4.36,SPY191115P00291000,291.0,0,0.0,0.0,,0.0,normalDay
2019-09-12,1369.0,266.0,0.0,0,301.29,0.0,1,6.5,3.84,SPY191115P00291000,291.0,0,0.0,0.0,,0.0,normalDay
2019-09-13,1369.0,269.0,0.0,0,301.09,0.0,1,6.5,3.81,SPY191115P00291000,291.0,0,0.0,0.0,,0.0,normalDay
2019-09-16,1369.0,245.0,0.0,0,300.16,0.0,1,6.5,4.05,SPY191115P00291000,291.0,0,0.0,0.0,,0.0,normalDay
2019-09-17,1369.0,261.0,0.0,0,300.92,0.0,1,6.5,3.89,SPY191115P00291000,291.0,0,0.0,0.0,,0.0,normalDay
2019-09-18,1369.0,290.0,0.0,0,301.1,0.0,1,6.5,3.6,SPY191115P00291000,291.0,0,0.0,0.0,,0.0,normalDay
2019-09-19,1369.0,292.0,0.0,0,301.08,0.0,1,6.5,3.58,SPY191115P00291000,291.0,0,0.0,0.0,,0.0,normalDay
2019-09-20,1369.0,227.0,0.0,0,298.28,0.0,1,6.5,4.23,SPY191115P00291000,291.0,0,0.0,0.0,,0.0,normalDay
2019-09-23,1369.0,257.0,0.0,0,298.21,0.0,1,6.5,3.93,SPY191115P00291000,291.0,0,0.0,0.0,,0.0,normalDay
2019-09-24,1369.0,154.0,0.0,0,295.87,0.0,1,6.5,4.96,SPY191115P00291000,291.0,0,0.0,0.0,,0.0,normalDay
2019-09-25,1369.0,218.0,0.0,0,297.62,0.0,1,6.5,4.32,SPY191115P00291000,291.0,0,0.0,0.0,,0.0,normalDay
2019-09-26,1369.0,217.0,0.0,0,297.0,0.0,1,6.5,4.33,SPY191115P00291000,291.0,0,0.0,0.0,,0.0,normalDay
2019-09-27,1369.0,144.0,0.0,0,295.4,0.0,1,6.5,5.06,SPY191115P00291000,291.0,0,0.0,0.0,,0.0,normalDay
2019-09-30,1369.0,234.0,0.0,0,296.77,0.0,1,6.5,4.16,SPY191115P00291000,291.0,0,0.0,0.0,,0.0,normalDay
2019-10-01,1369.0,72.0,0.0,0,293.24,0.0,1,6.5,5.78,SPY191115P00291000,291.0,0,0.0,0.0,,0.0,normalDay
2019-10-02,1369.0,-221.0,0.0,0,288.06,0.0,1,6.5,8.71,SPY191115P00291000,291.0,0,0.0,0.0,,0.0,normalDay
2019-10-03,1369.0,-52.0,0.0,0,290.42,0.0,1,6.5,7.02,SPY191115P00291000,291.0,0,0.0,0.0,,0.0,normalDay
2019-10-04,1369.0,159.0,0.0,0,294.35,0.0,1,6.5,4.91,SPY191115P00291000,291.0,0,0.0,0.0,,0.0,normalDay
2019-10-07,1369.0,116.0,0.0,0,293.08,0.0,1,6.5,5.34,SPY191115P00291000,291.0,0,0.0,0.0,,0.0,normalDay
2019-10-08,1369.0,-116.0,0.0,0,288.53,0.0,1,6.5,7.66,SPY191115P00291000,291.0,0,0.0,0.0,,0.0,normalDay
2019-10-09,1369.0,40.0,0.0,0,291.27,0.0,1,6.5,6.1,SPY191115P00291000,291.0,0,0.0,0.0,,0.0,normalDay
2019-10-10,1369.0,158.0,0.0,0,293.24,0.0,1,6.5,4.92,SPY191115P00291000,291.0,0,0.0,0.0,,0.0,normalDay
2019-10-11,1369.0,316.0,0.0,0,296.28,0.0,1,6.5,3.34,SPY191115P00291000,291.0,0,0.0,0.0,,0.0,normalDay
2019-10-14,1369.0,347.0,0.0,0,295.95,0.0,1,6.5,3.03,SPY191115P00291000,291.0,0,0.0,0.0,,0.0,normalDay
2019-10-15,1369.0,453.0,0.0,0,298.88,0.0,1,6.5,1.97,SPY191115P00291000,291.0,0,0.0,0.0,,0.0,normalDay
2019-10-16,1369.0,450.0,0.0,0,298.4,0.0,1,6.5,2.0,SPY191115P00291000,291.0,0,0.0,0.0,,0.0,normalDay
2019-10-17,1369.0,468.0,0.0,0,299.28,0.0,1,6.5,1.82,SPY191115P00291000,291.0,0,0.0,0.0,,0.0,normalDay
2019-10-18,1369.0,446.0,0.0,0,297.97,0.0,1,6.5,2.04,SPY191115P00291000,291.0,0,0.0,0.0,,0.0,normalDay
2019-10-21,1369.0,510.0,0.0,0,299.99,0.0,1,6.5,1.4,SPY191115P00291000,291.0,0,0.0,0.0,,0.0,normalDay
2019-10-22,1369.0,491.0,0.0,0,299.01,0.0,1,6.5,1.59,SPY191115P00291000,291.0,0,0.0,0.0,,0.0,normalDay
2019-10-23,1369.0,524.0,0.0,0,299.88,0.0,1,6.5,1.26,SPY191115P00291000,291.0,0,0.0,0.0,,0.0,normalDay
2019-10-24,1369.0,540.0,0.0,0,300.37,0.0,1,6.5,1.1,SPY191115P00291000,291.0,0,0.0,0.0,,0.0,normalDay
2019-10-25,1369.0,575.0,0.0,0,301.6,0.0,1,6.5,0.75,SPY191115P00291000,291.0,0,0.0,0.0,,0.0,normalDay
2019-10-28,1369.0,595.0,0.0,0,303.3,0.0,1,6.5,0.55,SPY191115P00291000,291.0,0,0.0,0.0,,0.0,normalDay
2019-10-29,1369.0,597.0,0.0,0,303.21,0.0,1,6.5,0.53,SPY191115P00291000,291.0,0,0.0,0.0,,0.0,normalDay
2019-10-30,1369.0,614.0,0.0,0,304.14,0.0,1,6.5,0.36,SPY191115P00291000,291.0,0,0.0,0.0,,0.0,normalDay
2019-10-31,1369.0,602.0,0.0,0,303.33,0.0,1,6.5,0.48,SPY191115P00291000,291.0,0,0.0,0.0,,0.0,normalDay
2019-11-01,1369.0,629.0,0.0,0,306.14,0.0,1,6.5,0.21,SPY191115P00291000,291.0,0,0.0,0.0,,0.0,normalDay
2019-11-04,1369.0,635.0,0.0,0,307.37,0.0,1,6.5,0.15,SPY191115P00291000,291.0,0,0.0,0.0,,0.0,normalDay
2019-11-05,1369.0,637.0,0.0,0,307.03,0.0,1,6.5,0.13,SPY191115P00291000,291.0,0,0.0,0.0,,0.0,normalDay
2019-11-06,1369.0,643.0,0.0,0,307.1,0.0,1,6.5,0.07,SPY191115P00291000,291.0,0,0.0,0.0,,0.0,normalDay
2019-11-07,1369.0,645.0,0.0,0,308.18,0.0,1,6.5,0.05,SPY191115P00291000,291.0,0,0.0,0.0,,0.0,normalDay
2019-11-08,1369.0,647.0,0.0,0,308.94,0.0,1,6.5,0.03,SPY191115P00291000,291.0,0,0.0,0.0,,0.0,normalDay
2019-11-11,1369.0,648.0,0.0,0,308.35,0.0,1,6.5,0.02,SPY191115P00291000,291.0,0,0.0,0.0,,0.0,normalDay
2019-11-12,1369.0,648.0,0.0,0,309.0,0.0,1,6.5,0.02,SPY191115P00291000,291.0,0,0.0,0.0,,0.0,normalDay
2019-11-13,1369.0,648.0,0.0,0,309.1,0.0,1,6.5,0.02,SPY191115P00291000,291.0,0,0.0,0.0,,0.0,normalDay
2019-11-14,1369.0,649.0,0.0,0,309.55,0.0,1,6.5,0.01,SPY191115P00291000,291.0,0,0.0,0.0,,0.0,normalDay
2019-11-15,2019.0,0.0,650.0,0,311.79,0.0,1,6.5,0.0,SPY191115P00291000,291.0,0,0.0,0.0,,0.0,expirationDay
2019-11-18,2019.0,-4.0,0.0,0,312.02,0.0,1,6.63,6.67,SPY200331P00299000,299.0,0,0.0,0.0,,0.0,normalDay
2019-11-19,2019.0,-20.0,0.0,0,311.93,0.0,1,6.63,6.83,SPY200331P00299000,299.0,0,0.0,0.0,,0.0,normalDay
2019-11-20,2019.0,-61.0,0.0,0,310.77,0.0,1,6.63,7.24,SPY200331P00299000,299.0,0,0.0,0.0,,0.0,normalDay
2019-11-21,2019.0,-77.0,0.0,0,310.27,0.0,1,6.63,7.4,SPY200331P00299000,299.0,0,0.0,0.0,,0.0,normalDay
2019-11-22,2019.0,-38.0,0.0,0,310.96,0.0,1,6.63,7.01,SPY200331P00299000,299.0,0,0.0,0.0,,0.0,normalDay
2019-11-25,2019.0,48.0,0.0,0,313.37,0.0,1,6.63,6.15,SPY200331P00299000,299.0,0,0.0,0.0,,0.0,normalDay
2019-11-26,2019.0,83.0,0.0,0,314.08,0.0,1,6.63,5.8,SPY200331P00299000,299.0,0,0.0,0.0,,0.0,normalDay
2019-11-27,2019.0,111.0,0.0,0,315.48,0.0,1,6.63,5.52,SPY200331P00299000,299.0,0,0.0,0.0,,0.0,normalDay
2019-11-29,2019.0,68.0,0.0,0,314.31,0.0,1,6.63,5.95,SPY200331P00299000,299.0,0,0.0,0.0,,0.0,normalDay
2019-12-02,2019.0,-39.0,0.0,0,311.64,0.0,1,6.63,7.02,SPY200331P00299000,299.0,0,0.0,0.0,,0.0,normalDay
2019-12-03,2019.0,-132.0,0.0,0,309.55,0.0,1,6.63,7.95,SPY200331P00299000,299.0,0,0.0,0.0,,0.0,normalDay
2019-12-04,2019.0,-57.0,0.0,0,311.46,0.0,1,6.63,7.2,SPY200331P00299000,299.0,0,0.0,0.0,,0.0,normalDay
2019-12-05,2019.0,-17.0,0.0,0,312.02,0.0,1,6.63,6.8,SPY200331P00299000,299.0,0,0.0,0.0,,0.0,normalDay
2019-12-06,2019.0,77.0,0.0,0,314.87,0.0,1,6.63,5.86,SPY200331P00299000,299.0,0,0.0,0.0,,0.0,normalDay
2019-12-09,2019.0,27.0,0.0,0,313.88,0.0,1,6.63,6.36,SPY200331P00299000,299.0,0,0.0,0.0,,0.0,normalDay
2019-12-10,2019.0,40.0,0.0,0,313.53,0.0,1,6.63,6.23,SPY200331P00299000,299.0,0,0.0,0.0,,0.0,normalDay
2019-12-11,2019.0,77.0,0.0,0,314.42,0.0,1,6.63,5.86,SPY200331P00299000,299.0,0,0.0,0.0,,0.0,normalDay
2019-12-12,2019.0,164.0,0.0,0,317.13,0.0,1,6.63,4.99,SPY200331P00299000,299.0,0,0.0,0.0,,0.0,normalDay
2019-12-13,2019.0,211.0,0.0,0,317.32,0.0,1,6.63,4.52,SPY200331P00299000,299.0,0,0.0,0.0,,0.0,normalDay
2019-12-16,2019.0,280.0,0.0,0,319.5,0.0,1,6.63,3.83,SPY200331P00299000,299.0,0,0.0,0.0,,0.0,normalDay
2019-12-17,2019.0,276.0,0.0,0,319.57,0.0,1,6.63,3.87,SPY200331P00299000,299.0,0,0.0,0.0,,0.0,normalDay
2019-12-18,2019.0,275.0,0.0,0,319.59,0.0,1,6.63,3.88,SPY200331P00299000,299.0,0,0.0,0.0,,0.0,normalDay
2019-12-19,2019.0,305.0,0.0,0,320.9,0.0,1,6.63,3.58,SPY200331P00299000,299.0,0,0.0,0.0,,0.0,normalDay
2019-12-20,2019.0,321.0,0.0,0,320.73,0.0,1,6.63,3.42,SPY200331P00299000,299.0,0,0.0,0.0,,0.0,normalDay
2019-12-23,2019.0,322.0,0.0,0,321.22,0.0,1,6.63,3.41,SPY200331P00299000,299.0,0,0.0,0.0,,0.0,normalDay
2019-12-24,2019.0,327.0,0.0,0,321.23,0.0,1,6.63,3.36,SPY200331P00299000,299.0,0,0.0,0.0,,0.0,normalDay
2019-12-26,2019.0,358.0,0.0,0,322.94,0.0,1,6.63,3.05,SPY200331P00299000,299.0,0,0.0,0.0,,0.0,normalDay
2019-12-27,2019.0,343.0,0.0,0,322.86,0.0,1,6.63,3.2,SPY200331P00299000,299.0,0,0.0,0.0,,0.0,normalDay
2019-12-30,2019.0,306.0,0.0,0,321.08,0.0,1,6.63,3.57,SPY200331P00299000,299.0,0,0.0,0.0,,0.0,normalDay
2019-12-31,2019.0,345.0,0.0,0,321.86,0.0,1,6.63,3.18,SPY200331P00299000,299.0,0,0.0,0.0,,0.0,normalDay
2020-01-02,2019.0,405.0,0.0,0,324.87,0.0,1,6.63,2.58,SPY200331P00299000,299.0,0,0.0,0.0,,0.0,normalDay
2020-01-03,2019.0,348.0,0.0,0,322.41,0.0,1,6.63,3.15,SPY200331P00299000,299.0,0,0.0,0.0,,0.0,normalDay
2020-01-06,2019.0,382.0,0.0,0,323.64,0.0,1,6.63,2.81,SPY200331P00299000,299.0,0,0.0,0.0,,0.0,normalDay
2020-01-07,2019.0,370.0,0.0,0,322.73,0.0,1,6.63,2.93,SPY200331P00299000,299.0,0,0.0,0.0,,0.0,normalDay
2020-01-08,2019.0,410.0,0.0,0,324.45,0.0,1,6.63,2.53,SPY200331P00299000,299.0,0,0.0,0.0,,0.0,normalDay
2020-01-09,2019.0,451.0,0.0,0,326.65,0.0,1,6.63,2.12,SPY200331P00299000,299.0,0,0.0,0.0,,0.0,normalDay
2020-01-10,2019.0,441.0,0.0,0,325.71,0.0,1,6.63,2.22,SPY200331P00299000,299.0,0,0.0,0.0,,0.0,normalDay
2020-01-13,2019.0,482.0,0.0,0,327.95,0.0,1,6.63,1.81,SPY200331P00299000,299.0,0,0.0,0.0,,0.0,normalDay
2020-01-14,2019.0,484.0,0.0,0,327.45,0.0,1,6.63,1.79,SPY200331P00299000,299.0,0,0.0,0.0,,0.0,normalDay
2020-01-15,2019.0,493.0,0.0,0,328.19,0.0,1,6.63,1.7,SPY200331P00299000,299.0,0,0.0,0.0,,0.0,normalDay
2020-01-16,2019.0,517.0,0.0,0,330.92,0.0,1,6.63,1.46,SPY200331P00299000,299.0,0,0.0,0.0,,0.0,normalDay
2020-01-17,2019.0,529.0,0.0,0,331.95,0.0,1,6.63,1.34,SPY200331P00299000,299.0,0,0.0,0.0,,0.0,normalDay
2020-01-21,2019.0,525.0,0.0,0,331.3,0.0,1,6.63,1.38,SPY200331P00299000,299.0,0,0.0,0.0,,0.0,normalDay
2020-01-22,2019.0,526.0,0.0,0,331.34,0.0,1,6.63,1.37,SPY200331P00299000,299.0,0,0.0,0.0,,0.0,normalDay
2020-01-23,2019.0,528.0,0.0,0,331.72,0.0,1,6.63,1.35,SPY200331P00299000,299.0,0,0.0,0.0,,0.0,normalDay
2020-01-24,2019.0,486.0,0.0,0,328.77,0.0,1,6.63,1.77,SPY200331P00299000,299.0,0,0.0,0.0,,0.0,normalDay
2020-01-27,2019.0,364.0,0.0,0,323.5,0.0,1,6.63,2.99,SPY200331P00299000,299.0,0,0.0,0.0,,0.0,normalDay
2020-01-28,2019.0,450.0,0.0,0,326.89,0.0,1,6.63,2.13,SPY200331P00299000,299.0,0,0.0,0.0,,0.0,normalDay
2020-01-29,2019.0,452.0,0.0,0,326.62,0.0,1,6.63,2.11,SPY200331P00299000,299.0,0,0.0,0.0,,0.0,normalDay
2020-01-30,2019.0,487.0,0.0,0,327.68,0.0,1,6.63,1.76,SPY200331P00299000,299.0,0,0.0,0.0,,0.0,normalDay
2020-01-31,2019.0,367.0,0.0,0,321.73,0.0,1,6.63,2.96,SPY200331P00299000,299.0,0,0.0,0.0,,0.0,normalDay
2020-02-03,2019.0,415.0,0.0,0,324.12,0.0,1,6.63,2.48,SPY200331P00299000,299.0,0,0.0,0.0,,0.0,normalDay
2020-02-04,2019.0,510.0,0.0,0,329.06,0.0,1,6.63,1.53,SPY200331P00299000,299.0,0,0.0,0.0,,0.0,normalDay
2020-02-05,2019.0,550.0,0.0,0,332.86,0.0,1,6.63,1.13,SPY200331P00299000,299.0,0,0.0,0.0,,0.0,normalDay
2020-02-06,2019.0,556.0,0.0,0,333.98,0.0,1,6.63,1.07,SPY200331P00299000,299.0,0,0.0,0.0,,0.0,normalDay
2020-02-07,2019.0,543.0,0.0,0,332.2,0.0,1,6.63,1.2,SPY200331P00299000,299.0,0,0.0,0.0,,0.0,normalDay
2020-02-10,2019.0,568.0,0.0,0,334.68,0.0,1,6.63,0.95,SPY200331P00299000,299.0,0,0.0,0.0,,0.0,normalDay
2020-02-11,2019.0,571.0,0.0,0,335.26,0.0,1,6.63,0.92,SPY200331P00299000,299.0,0,0.0,0.0,,0.0,normalDay
2020-02-12,2019.0,592.0,0.0,0,337.42,0.0,1,6.63,0.71,SPY200331P00299000,299.0,0,0.0,0.0,,0.0,normalDay
2020-02-13,2019.0,590.0,0.0,0,337.06,0.0,1,6.63,0.73,SPY200331P00299000,299.0,0,0.0,0.0,,0.0,normalDay
2020-02-14,2019.0,598.0,0.0,0,337.6,0.0,1,6.63,0.65,SPY200331P00299000,299.0,0,0.0,0.0,,0.0,normalDay
2020-02-18,2019.0,596.0,0.0,0,336.73,0.0,1,6.63,0.67,SPY200331P00299000,299.0,0,0.0,0.0,,0.0,normalDay
2020-02-19,2019.0,606.0,0.0,0,338.34,0.0,1,6.63,0.57,SPY200331P00299000,299.0,0,0.0,0.0,,0.0,normalDay
2020-02-20,2019.0,594.0,0.0,0,336.95,0.0,1,6.63,0.69,SPY200331P00299000,299.0,0,0.0,0.0,,0.0,normalDay
2020-02-21,2019.0,567.0,0.0,0,333.48,0.0,1,6.63,0.96,SPY200331P00299000,299.0,0,0.0,0.0,,0.0,normalDay
2020-02-24,2019.0,354.0,0.0,0,322.42,0.0,1,6.63,3.09,SPY200331P00299000,299.0,0,0.0,0.0,,0.0,normalDay
2020-02-25,2019.0,161.0,0.0,0,312.65,0.0,1,6.63,5.02,SPY200331P00299000,299.0,0,0.0,0.0,,0.0,normalDay
2020-02-26,2019.0,139.0,0.0,0,311.5,0.0,1,6.63,5.24,SPY200331P00299000,299.0,0,0.0,0.0,,0.0,normalDay
2020-02-27,2019.0,-675.0,0.0,0,297.51,0.0,1,6.63,13.38,SPY200331P00299000,299.0,0,0.0,0.0,,0.0,normalDay
2020-02-28,2019.0,-728.0,0.0,0,296.26,0.0,1,6.63,13.91,SPY200331P00299000,299.0,0,0.0,0.0,,0.0,normalDay
2020-03-02,2019.0,1.0,0.0,0,309.09,0.0,1,6.63,6.62,SPY200331P00299000,299.0,0,0.0,0.0,,0.0,normalDay
2020-03-03,2019.0,-355.0,0.0,0,300.24,0.0,1,6.63,10.18,SPY200331P00299000,299.0,0,0.0,0.0,,0.0,normalDay
2020-03-04,2019.0,100.0,0.0,0,312.86,0.0,1,6.63,5.63,SPY200331P00299000,299.0,0,0.0,0.0,,0.0,normalDay
2020-03-05,2019.0,-402.0,0.0,0,302.46,0.0,1,6.63,10.65,SPY200331P00299000,299.0,0,0.0,0.0,,0.0,normalDay
2020-03-06,2019.0,-630.0,0.0,0,297.46,0.0,1,6.63,12.93,SPY200331P00299000,299.0,0,0.0,0.0,,0.0,normalDay
2020-03-09,2019.0,-2278.0,0.0,0,274.23,0.0,1,6.63,29.41,SPY200331P00299000,299.0,0,0.0,0.0,,0.0,normalDay
2020-03-10,2019.0,-1131.0,0.0,0,288.42,0.0,1,6.63,17.94,SPY200331P00299000,299.0,0,0.0,0.0,,0.0,normalDay
2020-03-11,2019.0,-2212.0,0.0,0,274.36,0.0,1,6.63,28.75,SPY200331P00299000,299.0,0,0.0,0.0,,0.0,normalDay
2020-03-12,2019.0,-4627.0,0.0,0,248.11,0.0,1,6.63,52.9,SPY200331P00299000,299.0,0,0.0,0.0,,0.0,normalDay
2020-03-13,2019.0,-2504.0,0.0,0,269.32,0.0,1,6.63,31.67,SPY200331P00299000,299.0,0,0.0,0.0,,0.0,normalDay
2020-03-16,2019.0,-5104.0,0.0,0,239.85,0.0,1,6.63,57.67,SPY200331P00299000,299.0,0,0.0,0.0,,0.0,normalDay
2020-03-17,2019.0,-4281.0,0.0,0,252.8,0.0,1,6.63,49.44,SPY200331P00299000,299.0,0,0.0,0.0,,0.0,normalDay
2020-03-18,2019.0,-5490.0,0.0,0,240.0,0.0,1,6.63,61.53,SPY200331P00299000,299.0,0,0.0,0.0,,0.0,normalDay
2020-03-19,2019.0,-5448.0,0.0,0,240.51,0.0,1,6.63,61.11,SPY200331P00299000,299.0,0,0.0,0.0,,0.0,normalDay
2020-03-20,2019.0,-6378.0,0.0,0,228.8,0.0,1,6.63,70.41,SPY200331P00299000,299.0,0,0.0,0.0,,0.0,normalDay
2020-03-23,2019.0,-7167.0,0.0,0,222.95,0.0,1,6.63,78.3,SPY200331P00299000,299.0,0,0.0,0.0,,0.0,normalDay
2020-03-24,2019.0,-5033.0,0.0,0,243.15,0.0,1,6.63,56.96,SPY200331P00299000,299.0,0,0.0,0.0,,0.0,normalDay
2020-03-25,2019.0,-4556.0,0.0,0,246.79,0.0,1,6.63,52.19,SPY200331P00299000,299.0,0,0.0,0.0,,0.0,normalDay
2020-03-26,2019.0,-3203.0,0.0,0,261.2,0.0,1,6.63,38.66,SPY200331P00299000,299.0,0,0.0,0.0,,0.0,normalDay
2020-03-27,2019.0,-3983.0,0.0,0,253.42,0.0,1,6.63,46.46,SPY200331P00299000,299.0,0,0.0,0.0,,0.0,normalDay
2020-03-30,2019.0,-3176.0,0.0,0,261.65,0.0,1,6.63,38.39,SPY200331P00299000,299.0,0,0.0,0.0,,0.0,normalDay
2020-03-31,2682.0,-4125.0,663.0,100,257.75,299.0,1,6.63,0.0,SPY200331P00299000,299.0,0,0.0,0.0,,0.0,expirationDay
2020-04-01,2682.0,-5285.0,0.0,100,246.15,299.0,0,0.0,0.0,,0.0,0,0.0,0.0,,0.0,bidTooLow
2020-04-02,2682.0,-4717.0,0.0,100,251.83,299.0,0,0.0,0.0,,0.0,0,0.0,0.0,,0.0,bidTooLow
2020-04-03,2682.0,-5081.0,0.0,100,248.19,299.0,0,0.0,0.0,,0.0,0,0.0,0.0,,0.0,bidTooLow
2020-04-06,2682.0,-3417.0,0.0,100,264.86,299.0,0,0.0,0.0,,0.0,1,0.04,0.07,SPY200424C00317500,317.5,normalDay
2020-04-07,2682.0,-3390.0,0.0,100,265.13,299.0,0,0.0,0.0,,0.0,1,0.04,0.07,SPY200424C00317500,317.5,normalDay
2020-04-08,2682.0,-2502.0,0.0,100,274.03,299.0,0,0.0,0.0,,0.0,1,0.04,0.09,SPY200424C00317500,317.5,normalDay
2020-04-09,2682.0,-2088.0,0.0,100,278.2,299.0,0,0.0,0.0,,0.0,1,0.04,0.12,SPY200424C00317500,317.5,normalDay
2020-04-13,2682.0,-2335.0,0.0,100,275.66,299.0,0,0.0,0.0,,0.0,1,0.04,0.05,SPY200424C00317500,317.5,normalDay
2020-04-14,2682.0,-1527.0,0.0,100,283.79,299.0,0,0.0,0.0,,0.0,1,0.04,0.1,SPY200424C00317500,317.5,normalDay
2020-04-15,2682.0,-2125.0,0.0,100,277.76,299.0,0,0.0,0.0,,0.0,1,0.04,0.05,SPY200424C00317500,317.5,normalDay
2020-04-16,2682.0,-1989.0,0.0,100,279.1,299.0,0,0.0,0.0,,0.0,1,0.04,0.03,SPY200424C00317500,317.5,normalDay
2020-04-17,2682.0,-1235.0,0.0,100,286.64,299.0,0,0.0,0.0,,0.0,1,0.04,0.03,SPY200424C00317500,317.5,normalDay
2020-04-20,2682.0,-1739.0,0.0,100,281.59,299.0,0,0.0,0.0,,0.0,1,0.04,0.02,SPY200424C00317500,317.5,normalDay
2020-04-21,2682.0,-2593.0,0.0,100,273.04,299.0,0,0.0,0.0,,0.0,1,0.04,0.01,SPY200424C00317500,317.5,normalDay
2020-04-22,2682.0,-1987.0,0.0,100,279.1,299.0,0,0.0,0.0,,0.0,1,0.04,0.01,SPY200424C00317500,317.5,normalDay
2020-04-23,2682.0,-1989.0,0.0,100,279.08,299.0,0,0.0,0.0,,0.0,1,0.04,0.01,SPY200424C00317500,317.5,normalDay
2020-04-24,2686.0,-1603.0,4.0,100,282.97,299.0,0,0.0,0.0,,0.0,1,0.04,0.0,SPY200424C00317500,317.5,expirationDay
2020-04-27,2686.0,-1198.0,0.0,100,287.05,299.0,0,0.0,0.0,,0.0,1,0.03,0.06,SPY200515C00325000,325.0,normalDay
2020-04-28,2686.0,-1330.0,0.0,100,285.73,299.0,0,0.0,0.0,,0.0,1,0.03,0.06,SPY200515C00325000,325.0,normalDay
2020-04-29,2686.0,-585.0,0.0,100,293.21,299.0,0,0.0,0.0,,0.0,1,0.03,0.09,SPY200515C00325000,325.0,normalDay
2020-04-30,2686.0,-856.0,0.0,100,290.48,299.0,0,0.0,0.0,,0.0,1,0.03,0.07,SPY200515C00325000,325.0,normalDay
2020-05-01,2686.0,-1621.0,0.0,100,282.79,299.0,0,0.0,0.0,,0.0,1,0.03,0.03,SPY200515C00325000,325.0,normalDay
2020-05-04,2686.0,-1542.0,0.0,100,283.57,299.0,0,0.0,0.0,,0.0,1,0.03,0.02,SPY200515C00325000,325.0,normalDay
2020-05-05,2686.0,-1280.0,0.0,100,286.19,299.0,0,0.0,0.0,,0.0,1,0.03,0.02,SPY200515C00325000,325.0,normalDay
2020-05-06,2686.0,-1474.0,0.0,100,284.25,299.0,0,0.0,0.0,,0.0,1,0.03,0.02,SPY200515C00325000,325.0,normalDay
2020-05-07,2686.0,-1130.0,0.0,100,287.68,299.0,0,0.0,0.0,,0.0,1,0.03,0.01,SPY200515C00325000,325.0,normalDay
2020-05-08,2686.0,-654.0,0.0,100,292.44,299.0,0,0.0,0.0,,0.0,1,0.03,0.01,SPY200515C00325000,325.0,normalDay
2020-05-11,2686.0,-648.0,0.0,100,292.5,299.0,0,0.0,0.0,,0.0,1,0.03,0.01,SPY200515C00325000,325.0,normalDay
2020-05-12,2686.0,-1231.0,0.0,100,286.67,299.0,0,0.0,0.0,,0.0,1,0.03,0.01,SPY200515C00325000,325.0,normalDay
2020-05-13,2686.0,-1738.0,0.0,100,281.6,299.0,0,0.0,0.0,,0.0,1,0.03,0.01,SPY200515C00325000,325.0,normalDay
2020-05-14,2686.0,-1401.0,0.0,100,284.97,299.0,0,0.0,0.0,,0.0,1,0.03,0.01,SPY200515C00325000,325.0,normalDay
2020-05-15,2689.0,-1272.0,3.0,100,286.28,299.0,0,0.0,0.0,,0.0,1,0.03,0.0,SPY200515C00325000,325.0,expirationDay
2020-05-18,2689.0,-404.0,0.0,100,295.0,299.0,0,0.0,0.0,,0.0,1,1.14,1.18,SPY200605C00308000,308.0,normalDay
2020-05-19,2689.0,-669.0,0.0,100,291.97,299.0,0,0.0,0.0,,0.0,1,1.14,0.8,SPY200605C00308000,308.0,normalDay
2020-05-20,2689.0,-231.0,0.0,100,296.93,299.0,0,0.0,0.0,,0.0,1,1.14,1.38,SPY200605C00308000,308.0,normalDay
2020-05-21,2689.0,-382.0,0.0,100,294.88,299.0,0,0.0,0.0,,0.0,1,1.14,0.84,SPY200605C00308000,308.0,normalDay
2020-05-22,2689.0,-310.0,0.0,100,295.44,299.0,0,0.0,0.0,,0.0,1,1.14,0.68,SPY200605C00308000,308.0,normalDay
2020-05-26,2689.0,18.0,0.0,100,299.08,299.0,0,0.0,0.0,,0.0,1,1.14,1.04,SPY200605C00308000,308.0,normalDay
2020-05-27,2689.0,360.0,0.0,100,303.53,299.0,0,0.0,0.0,,0.0,1,1.14,2.07,SPY200605C00308000,308.0,normalDay
2020-05-28,2689.0,307.0,0.0,100,302.97,299.0,0,0.0,0.0,,0.0,1,1.14,2.04,SPY200605C00308000,308.0,normalDay
2020-05-29,2689.0,428.0,0.0,100,304.32,299.0,0,0.0,0.0,,0.0,1,1.14,2.18,SPY200605C00308000,308.0,normalDay
2020-06-01,2689.0,580.0,0.0,100,305.55,299.0,0,0.0,0.0,,0.0,1,1.14,1.89,SPY200605C00308000,308.0,normalDay
2020-06-02,2689.0,781.0,0.0,100,308.08,299.0,0,0.0,0.0,,0.0,1,1.14,2.41,SPY200605C00308000,308.0,normalDay
2020-06-03,2689.0,941.0,0.0,100,312.18,299.0,0,0.0,0.0,,0.0,1,1.14,4.91,SPY200605C00308000,308.0,normalDay
2020-06-04,2689.0,961.0,0.0,100,311.36,299.0,0,0.0,0.0,,0.0,1,1.14,3.89,SPY200605C00308000,308.0,normalDay
2020-06-05,3703.0,961.0,1014.0,0,319.34,0.0,0,0.0,0.0,,0.0,1,1.14,0.0,SPY200605C00308000,308.0,expirationDay
2020-06-08,3703.0,-12.0,0.0,0,323.2,0.0,1,7.16,7.28,SPY201016P00280000,280.0,0,0.0,0.0,,0.0,normalDay
2020-06-09,3703.0,-100.0,0.0,0,320.79,0.0,1,7.16,8.16,SPY201016P00280000,280.0,0,0.0,0.0,,0.0,normalDay
2020-06-10,3703.0,-151.0,0.0,0,319.0,0.0,1,7.16,8.67,SPY201016P00280000,280.0,0,0.0,0.0,,0.0,normalDay
2020-06-11,3703.0,-934.0,0.0,0,300.61,0.0,1,7.16,16.5,SPY201016P00280000,280.0,0,0.0,0.0,,0.0,normalDay
2020-06-12,3703.0,-746.0,0.0,0,304.21,0.0,1,7.16,14.62,SPY201016P00280000,280.0,0,0.0,0.0,,0.0,normalDay
2020-06-15,3703.0,-579.0,0.0,0,307.05,0.0,1,7.16,12.95,SPY201016P00280000,280.0,0,0.0,0.0,,0.0,normalDay
2020-06-16,3703.0,-434.0,0.0,0,312.96,0.0,1,7.16,11.5,SPY201016P00280000,280.0,0,0.0,0.0,,0.0,normalDay
2020-06-17,3703.0,-443.0,0.0,0,311.66,0.0,1,7.16,11.59,SPY201016P00280000,280.0,0,0.0,0.0,,0.0,normalDay
2020-06-18,3703.0,-427.0,0.0,0,311.78,0.0,1,7.16,11.43,SPY201016P00280000,280.0,0,0.0,0.0,,0.0,normalDay
2020-06-19,3703.0,-537.0,0.0,0,308.64,0.0,1,7.16,12.53,SPY201016P00280000,280.0,0,0.0,0.0,,0.0,normalDay
2020-06-22,3703.0,-339.0,0.0,0,310.62,0.0,1,7.16,10.55,SPY201016P00280000,280.0,0,0.0,0.0,,0.0,normalDay
2020-06-23,3703.0,-294.0,0.0,0,312.05,0.0,1,7.16,10.1,SPY201016P00280000,280.0,0,0.0,0.0,,0.0,normalDay
2020-06-24,3703.0,-517.0,0.0,0,304.09,0.0,1,7.16,12.33,SPY201016P00280000,280.0,0,0.0,0.0,,0.0,normalDay
2020-06-25,3703.0,-366.0,0.0,0,307.35,0.0,1,7.16,10.82,SPY201016P00280000,280.0,0,0.0,0.0,,0.0,normalDay
2020-06-26,3703.0,-579.0,0.0,0,300.05,0.0,1,7.16,12.95,SPY201016P00280000,280.0,0,0.0,0.0,,0.0,normalDay
2020-06-29,3703.0,-397.0,0.0,0,304.46,0.0,1,7.16,11.13,SPY201016P00280000,280.0,0,0.0,0.0,,0.0,normalDay
2020-06-30,3703.0,-252.0,0.0,0,308.36,0.0,1,7.16,9.68,SPY201016P00280000,280.0,0,0.0,0.0,,0.0,normalDay
2020-07-01,3703.0,-173.0,0.0,0,310.52,0.0,1,7.16,8.89,SPY201016P00280000,280.0,0,0.0,0.0,,0.0,normalDay
2020-07-02,3703.0,-106.0,0.0,0,312.23,0.0,1,7.16,8.22,SPY201016P00280000,280.0,0,0.0,0.0,,0.0,normalDay
2020-07-06,3703.0,-16.0,0.0,0,317.05,0.0,1,7.16,7.32,SPY201016P00280000,280.0,0,0.0,0.0,,0.0,normalDay
2020-07-07,3703.0,-103.0,0.0,0,313.78,0.0,1,7.16,8.19,SPY201016P00280000,280.0,0,0.0,0.0,,0.0,normalDay
2020-07-08,3703.0,-23.0,0.0,0,316.18,0.0,1,7.16,7.39,SPY201016P00280000,280.0,0,0.0,0.0,,0.0,normalDay
2020-07-09,3703.0,-85.0,0.0,0,314.38,0.0,1,7.16,8.01,SPY201016P00280000,280.0,0,0.0,0.0,,0.0,normalDay
2020-07-10,3703.0,13.0,0.0,0,317.59,0.0,1,7.16,7.03,SPY201016P00280000,280.0,0,0.0,0.0,,0.0,normalDay
2020-07-13,3703.0,-153.0,0.0,0,314.84,0.0,1,7.16,8.69,SPY201016P00280000,280.0,0,0.0,0.0,,0.0,normalDay
2020-07-14,3703.0,2.0,0.0,0,318.92,0.0,1,7.16,7.14,SPY201016P00280000,280.0,0,0.0,0.0,,0.0,normalDay
2020-07-15,3703.0,82.0,0.0,0,321.85,0.0,1,7.16,6.34,SPY201016P00280000,280.0,0,0.0,0.0,,0.0,normalDay
2020-07-16,3703.0,62.0,0.0,0,320.79,0.0,1,7.16,6.54,SPY201016P00280000,280.0,0,0.0,0.0,,0.0,normalDay
2020-07-17,3703.0,160.0,0.0,0,321.72,0.0,1,7.16,5.56,SPY201016P00280000,280.0,0,0.0,0.0,,0.0,normalDay
2020-07-20,3703.0,241.0,0.0,0,324.32,0.0,1,7.16,4.75,SPY201016P00280000,280.0,0,0.0,0.0,,0.0,normalDay
2020-07-21,3703.0,247.0,0.0,0,325.01,0.0,1,7.16,4.69,SPY201016P00280000,280.0,0,0.0,0.0,,0.0,normalDay
2020-07-22,3703.0,277.0,0.0,0,326.86,0.0,1,7.16,4.39,SPY201016P00280000,280.0,0,0.0,0.0,,0.0,normalDay
2020-07-23,3703.0,199.0,0.0,0,322.96,0.0,1,7.16,5.17,SPY201016P00280000,280.0,0,0.0,0.0,,0.0,normalDay
2020-07-24,3703.0,196.0,0.0,0,320.88,0.0,1,7.16,5.2,SPY201016P00280000,280.0,0,0.0,0.0,,0.0,normalDay
2020-07-27,3703.0,261.0,0.0,0,323.22,0.0,1,7.16,4.55,SPY201016P00280000,280.0,0,0.0,0.0,,0.0,normalDay
2020-07-28,3703.0,231.0,0.0,0,321.17,0.0,1,7.16,4.85,SPY201016P00280000,280.0,0,0.0,0.0,,0.0,normalDay
2020-07-29,3703.0,301.0,0.0,0,325.12,0.0,1,7.16,4.15,SPY201016P00280000,280.0,0,0.0,0.0,,0.0,normalDay
2020-07-30,3703.0,277.0,0.0,0,323.96,0.0,1,7.16,4.39,SPY201016P00280000,280.0,0,0.0,0.0,,0.0,normalDay
2020-07-31,3703.0,325.0,0.0,0,326.52,0.0,1,7.16,3.91,SPY201016P00280000,280.0,0,0.0,0.0,,0.0,normalDay
2020-08-03,3703.0,360.0,0.0,0,328.79,0.0,1,7.16,3.56,SPY201016P00280000,280.0,0,0.0,0.0,,0.0,normalDay
2020-08-04,3703.0,391.0,0.0,0,330.06,0.0,1,7.16,3.25,SPY201016P00280000,280.0,0,0.0,0.0,,0.0,normalDay
2020-08-05,3703.0,424.0,0.0,0,332.11,0.0,1,7.16,2.92,SPY201016P00280000,280.0,0,0.0,0.0,,0.0,normalDay
2020-08-06,3703.0,447.0,0.0,0,334.33,0.0,1,7.16,2.69,SPY201016P00280000,280.0,0,0.0,0.0,,0.0,normalDay
2020-08-07,3703.0,454.0,0.0,0,334.57,0.0,1,7.16,2.62,SPY201016P00280000,280.0,0,0.0,0.0,,0.0,normalDay
2020-08-10,3703.0,477.0,0.0,0,335.57,0.0,1,7.16,2.39,SPY201016P00280000,280.0,0,0.0,0.0,,0.0,normalDay
2020-08-11,3703.0,431.0,0.0,0,332.8,0.0,1,7.16,2.85,SPY201016P00280000,280.0,0,0.0,0.0,,0.0,normalDay
2020-08-12,3703.0,491.0,0.0,0,337.44,0.0,1,7.16,2.25,SPY201016P00280000,280.0,0,0.0,0.0,,0.0,normalDay
2020-08-13,3703.0,491.0,0.0,0,336.83,0.0,1,7.16,2.25,SPY201016P00280000,280.0,0,0.0,0.0,,0.0,normalDay
2020-08-14,3703.0,499.0,0.0,0,336.84,0.0,1,7.16,2.17,SPY201016P00280000,280.0,0,0.0,0.0,,0.0,normalDay
2020-08-17,3703.0,531.0,0.0,0,337.91,0.0,1,7.16,1.85,SPY201016P00280000,280.0,0,0.0,0.0,,0.0,normalDay
2020-08-18,3703.0,541.0,0.0,0,338.64,0.0,1,7.16,1.75,SPY201016P00280000,280.0,0,0.0,0.0,,0.0,normalDay
2020-08-19,3703.0,525.0,0.0,0,337.23,0.0,1,7.16,1.91,SPY201016P00280000,280.0,0,0.0,0.0,,0.0,normalDay
2020-08-20,3703.0,533.0,0.0,0,338.28,0.0,1,7.16,1.83,SPY201016P00280000,280.0,0,0.0,0.0,,0.0,normalDay
2020-08-21,3703.0,548.0,0.0,0,339.48,0.0,1,7.16,1.68,SPY201016P00280000,280.0,0,0.0,0.0,,0.0,normalDay
2020-08-24,3703.0,571.0,0.0,0,342.92,0.0,1,7.16,1.45,SPY201016P00280000,280.0,0,0.0,0.0,,0.0,normalDay
2020-08-25,3703.0,586.0,0.0,0,344.12,0.0,1,7.16,1.3,SPY201016P00280000,280.0,0,0.0,0.0,,0.0,normalDay
2020-08-26,3703.0,590.0,0.0,0,347.57,0.0,1,7.16,1.26,SPY201016P00280000,280.0,0,0.0,0.0,,0.0,normalDay
2020-08-27,3703.0,581.0,0.0,0,348.33,0.0,1,7.16,1.35,SPY201016P00280000,280.0,0,0.0,0.0,,0.0,normalDay
2020-08-28,3703.0,602.0,0.0,0,350.58,0.0,1,7.16,1.14,SPY201016P00280000,280.0,0,0.0,0.0,,0.0,normalDay
2020-08-31,3703.0,577.0,0.0,0,349.31,0.0,1,7.16,1.39,SPY201016P00280000,280.0,0,0.0,0.0,,0.0,normalDay
2020-09-01,3703.0,587.0,0.0,0,352.6,0.0,1,7.16,1.29,SPY201016P00280000,280.0,0,0.0,0.0,,0.0,normalDay
2020-09-02,3703.0,607.0,0.0,0,357.7,0.0,1,7.16,1.09,SPY201016P00280000,280.0,0,0.0,0.0,,0.0,normalDay
2020-09-03,3703.0,513.0,0.0,0,345.39,0.0,1,7.16,2.03,SPY201016P00280000,280.0,0,0.0,0.0,,0.0,normalDay
2020-09-04,3703.0,539.0,0.0,0,342.57,0.0,1,7.16,1.77,SPY201016P00280000,280.0,0,0.0,0.0,,0.0,normalDay
2020-09-08,3703.0,530.0,0.0,0,333.21,0.0,1,7.16,1.86,SPY201016P00280000,280.0,0,0.0,0.0,,0.0,normalDay
2020-09-09,3703.0,590.0,0.0,0,339.79,0.0,1,7.16,1.26,SPY201016P00280000,280.0,0,0.0,0.0,,0.0,normalDay
2020-09-10,3703.0,575.0,0.0,0,333.89,0.0,1,7.16,1.41,SPY201016P00280000,280.0,0,0.0,0.0,,0.0,normalDay
2020-09-11,3703.0,612.0,0.0,0,334.06,0.0,1,7.16,1.04,SPY201016P00280000,280.0,0,0.0,0.0,,0.0,normalDay
2020-09-14,3703.0,648.0,0.0,0,338.46,0.0,1,7.16,0.68,SPY201016P00280000,280.0,0,0.0,0.0,,0.0,normalDay
2020-09-15,3703.0,650.0,0.0,0,340.17,0.0,1,7.16,0.66,SPY201016P00280000,280.0,0,0.0,0.0,,0.0,normalDay
2020-09-16,3703.0,647.0,0.0,0,338.82,0.0,1,7.16,0.69,SPY201016P00280000,280.0,0,0.0,0.0,,0.0,normalDay
2020-09-17,3703.0,644.0,0.0,0,335.84,0.0,1,7.16,0.72,SPY201016P00280000,280.0,0,0.0,0.0,,0.0,normalDay
2020-09-18,3703.0,651.0,0.0,0,330.65,0.0,1,7.16,0.65,SPY201016P00280000,280.0,0,0.0,0.0,,0.0,normalDay
2020-09-21,3703.0,647.0,0.0,0,326.97,0.0,1,7.16,0.69,SPY201016P00280000,280.0,0,0.0,0.0,,0.0,normalDay
2020-09-22,3703.0,664.0,0.0,0,330.3,0.0,1,7.16,0.52,SPY201016P00280000,280.0,0,0.0,0.0,,0.0,normalDay
2020-09-23,3703.0,634.0,0.0,0,322.64,0.0,1,7.16,0.82,SPY201016P00280000,280.0,0,0.0,0.0,,0.0,normalDay
2020-09-24,3703.0,647.0,0.0,0,323.5,0.0,1,7.16,0.69,SPY201016P00280000,280.0,0,0.0,0.0,,0.0,normalDay
2020-09-25,3703.0,675.0,0.0,0,328.73,0.0,1,7.16,0.41,SPY201016P00280000,280.0,0,0.0,0.0,,0.0,normalDay
2020-09-28,3703.0,690.0,0.0,0,334.19,0.0,1,7.16,0.26,SPY201016P00280000,280.0,0,0.0,0.0,,0.0,normalDay
2020-09-29,3703.0,691.0,0.0,0,332.37,0.0,1,7.16,0.25,SPY201016P00280000,280.0,0,0.0,0.0,,0.0,normalDay
2020-09-30,3703.0,696.0,0.0,0,334.89,0.0,1,7.16,0.2,SPY201016P00280000,280.0,0,0.0,0.0,,0.0,normalDay
2020-10-01,3703.0,705.0,0.0,0,337.04,0.0,1,7.16,0.11,SPY201016P00280000,280.0,0,0.0,0.0,,0.0,normalDay
2020-10-02,3703.0,705.0,0.0,0,333.84,0.0,1,7.16,0.11,SPY201016P00280000,280.0,0,0.0,0.0,,0.0,normalDay
2020-10-05,3703.0,711.0,0.0,0,339.76,0.0,1,7.16,0.05,SPY201016P00280000,280.0,0,0.0,0.0,,0.0,normalDay
2020-10-06,3703.0,708.0,0.0,0,334.93,0.0,1,7.16,0.08,SPY201016P00280000,280.0,0,0.0,0.0,,0.0,normalDay
2020-10-07,3703.0,712.0,0.0,0,340.76,0.0,1,7.16,0.04,SPY201016P00280000,280.0,0,0.0,0.0,,0.0,normalDay
2020-10-08,3703.0,713.0,0.0,0,343.78,0.0,1,7.16,0.03,SPY201016P00280000,280.0,0,0.0,0.0,,0.0,normalDay
2020-10-09,3703.0,714.0,0.0,0,346.85,0.0,1,7.16,0.02,SPY201016P00280000,280.0,0,0.0,0.0,,0.0,normalDay
2020-10-12,3703.0,714.0,0.0,0,352.43,0.0,1,7.16,0.02,SPY201016P00280000,280.0,0,0.0,0.0,,0.0,normalDay
2020-10-13,3703.0,715.0,0.0,0,350.13,0.0,1,7.16,0.01,SPY201016P00280000,280.0,0,0.0,0.0,,0.0,normalDay
2020-10-14,3703.0,715.0,0.0,0,347.93,0.0,1,7.16,0.01,SPY201016P00280000,280.0,0,0.0,0.0,,0.0,normalDay
2020-10-15,3703.0,715.0,0.0,0,347.5,0.0,1,7.16,0.01,SPY201016P00280000,280.0,0,0.0,0.0,,0.0,normalDay
2020-10-16,4419.0,0.0,716.0,0,347.29,0.0,1,7.16,0.0,SPY201016P00280000,280.0,0,0.0,0.0,,0.0,expirationDay
2020-10-19,4419.0,-9.0,0.0,0,342.01,0.0,1,13.88,13.97,SPY210219P00324000,324.0,0,0.0,0.0,,0.0,normalDay
2020-10-20,4419.0,15.0,0.0,0,343.38,0.0,1,13.88,13.73,SPY210219P00324000,324.0,0,0.0,0.0,,0.0,normalDay
2020-10-21,4419.0,69.0,0.0,0,342.73,0.0,1,13.88,13.19,SPY210219P00324000,324.0,0,0.0,0.0,,0.0,normalDay
2020-10-22,4419.0,122.0,0.0,0,344.61,0.0,1,13.88,12.66,SPY210219P00324000,324.0,0,0.0,0.0,,0.0,normalDay
2020-10-23,4419.0,166.0,0.0,0,345.78,0.0,1,13.88,12.22,SPY210219P00324000,324.0,0,0.0,0.0,,0.0,normalDay
2020-10-26,4419.0,-91.0,0.0,0,339.39,0.0,1,13.88,14.79,SPY210219P00324000,324.0,0,0.0,0.0,,0.0,normalDay
2020-10-27,4419.0,-127.0,0.0,0,338.22,0.0,1,13.88,15.15,SPY210219P00324000,324.0,0,0.0,0.0,,0.0,normalDay
2020-10-28,4419.0,-762.0,0.0,0,326.66,0.0,1,13.88,21.5,SPY210219P00324000,324.0,0,0.0,0.0,,0.0,normalDay
2020-10-29,4419.0,-475.0,0.0,0,329.98,0.0,1,13.88,18.63,SPY210219P00324000,324.0,0,0.0,0.0,,0.0,normalDay
2020-10-30,4419.0,-634.0,0.0,0,326.54,0.0,1,13.88,20.22,SPY210219P00324000,324.0,0,0.0,0.0,,0.0,normalDay
2020-11-02,4419.0,-408.0,0.0,0,330.2,0.0,1,13.88,17.96,SPY210219P00324000,324.0,0,0.0,0.0,,0.0,normalDay
2020-11-03,4419.0,-171.0,0.0,0,336.03,0.0,1,13.88,15.59,SPY210219P00324000,324.0,0,0.0,0.0,,0.0,normalDay
2020-11-04,4419.0,206.0,0.0,0,343.54,0.0,1,13.88,11.82,SPY210219P00324000,324.0,0,0.0,0.0,,0.0,normalDay
2020-11-05,4419.0,369.0,0.0,0,350.24,0.0,1,13.88,10.19,SPY210219P00324000,324.0,0,0.0,0.0,,0.0,normalDay
2020-11-06,4419.0,439.0,0.0,0,350.16,0.0,1,13.88,9.49,SPY210219P00324000,324.0,0,0.0,0.0,,0.0,normalDay
2020-11-09,4419.0,590.0,0.0,0,354.56,0.0,1,13.88,7.98,SPY210219P00324000,324.0,0,0.0,0.0,,0.0,normalDay
2020-11-10,4419.0,603.0,0.0,0,354.04,0.0,1,13.88,7.85,SPY210219P00324000,324.0,0,0.0,0.0,,0.0,normalDay
2020-11-11,4419.0,690.0,0.0,0,356.67,0.0,1,13.88,6.98,SPY210219P00324000,324.0,0,0.0,0.0,,0.0,normalDay
2020-11-12,4419.0,571.0,0.0,0,353.21,0.0,1,13.88,8.17,SPY210219P00324000,324.0,0,0.0,0.0,,0.0,normalDay
2020-11-13,4419.0,703.0,0.0,0,358.1,0.0,1,13.88,6.85,SPY210219P00324000,324.0,0,0.0,0.0,,0.0,normalDay
2020-11-16,4419.0,794.0,0.0,0,362.57,0.0,1,13.88,5.94,SPY210219P00324000,324.0,0,0.0,0.0,,0.0,normalDay
2020-11-17,4419.0,778.0,0.0,0,360.62,0.0,1,13.88,6.1,SPY210219P00324000,324.0,0,0.0,0.0,,0.0,normalDay
2020-11-18,4419.0,695.0,0.0,0,356.28,0.0,1,13.88,6.93,SPY210219P00324000,324.0,0,0.0,0.0,,0.0,normalDay
2020-11-19,4419.0,751.0,0.0,0,357.78,0.0,1,13.88,6.37,SPY210219P00324000,324.0,0,0.0,0.0,,0.0,normalDay
2020-11-20,4419.0,700.0,0.0,0,355.33,0.0,1,13.88,6.88,SPY210219P00324000,324.0,0,0.0,0.0,,0.0,normalDay
2020-11-23,4419.0,778.0,0.0,0,357.46,0.0,1,13.88,6.1,SPY210219P00324000,324.0,0,0.0,0.0,,0.0,normalDay
2020-11-24,4419.0,884.0,0.0,0,363.22,0.0,1,13.88,5.04,SPY210219P00324000,324.0,0,0.0,0.0,,0.0,normalDay
2020-11-25,4419.0,900.0,0.0,0,362.66,0.0,1,13.88,4.88,SPY210219P00324000,324.0,0,0.0,0.0,,0.0,normalDay
2020-11-27,4419.0,925.0,0.0,0,363.67,0.0,1,13.88,4.63,SPY210219P00324000,324.0,0,0.0,0.0,,0.0,normalDay
2020-11-30,4419.0,943.0,0.0,0,362.06,0.0,1,13.88,4.45,SPY210219P00324000,324.0,0,0.0,0.0,,0.0,normalDay
2020-12-01,4419.0,976.0,0.0,0,366.02,0.0,1,13.88,4.12,SPY210219P00324000,324.0,0,0.0,0.0,,0.0,normalDay
2020-12-02,4419.0,992.0,0.0,0,366.79,0.0,1,13.88,3.96,SPY210219P00324000,324.0,0,0.0,0.0,,0.0,normalDay
2020-12-03,4419.0,988.0,0.0,0,366.69,0.0,1,13.88,4.0,SPY210219P00324000,324.0,0,0.0,0.0,,0.0,normalDay
2020-12-04,4419.0,1038.0,0.0,0,369.85,0.0,1,13.88,3.5,SPY210219P00324000,324.0,0,0.0,0.0,,0.0,normalDay
2020-12-07,4419.0,1034.0,0.0,0,369.09,0.0,1,13.88,3.54,SPY210219P00324000,324.0,0,0.0,0.0,,0.0,normalDay
2020-12-08,4419.0,1077.0,0.0,0,370.17,0.0,1,13.88,3.11,SPY210219P00324000,324.0,0,0.0,0.0,,0.0,normalDay
2020-12-09,4419.0,1019.0,0.0,0,366.85,0.0,1,13.88,3.69,SPY210219P00324000,324.0,0,0.0,0.0,,0.0,normalDay
2020-12-10,4419.0,1023.0,0.0,0,366.73,0.0,1,13.88,3.65,SPY210219P00324000,324.0,0,0.0,0.0,,0.0,normalDay
2020-12-11,4419.0,996.0,0.0,0,366.3,0.0,1,13.88,3.92,SPY210219P00324000,324.0,0,0.0,0.0,,0.0,normalDay
2020-12-14,4419.0,971.0,0.0,0,364.66,0.0,1,13.88,4.17,SPY210219P00324000,324.0,0,0.0,0.0,,0.0,normalDay
2020-12-15,4419.0,1043.0,0.0,0,369.59,0.0,1,13.88,3.45,SPY210219P00324000,324.0,0,0.0,0.0,,0.0,normalDay
2020-12-16,4419.0,1078.0,0.0,0,370.17,0.0,1,13.88,3.1,SPY210219P00324000,324.0,0,0.0,0.0,,0.0,normalDay
2020-12-17,4419.0,1117.0,0.0,0,372.24,0.0,1,13.88,2.71,SPY210219P00324000,324.0,0,0.0,0.0,,0.0,normalDay
2020-12-18,4419.0,1115.0,0.0,0,369.18,0.0,1,13.88,2.73,SPY210219P00324000,324.0,0,0.0,0.0,,0.0,normalDay
2020-12-21,4419.0,1042.0,0.0,0,367.86,0.0,1,13.88,3.46,SPY210219P00324000,324.0,0,0.0,0.0,,0.0,normalDay
2020-12-22,4419.0,1066.0,0.0,0,367.24,0.0,1,13.88,3.22,SPY210219P00324000,324.0,0,0.0,0.0,,0.0,normalDay
2020-12-23,4419.0,1098.0,0.0,0,367.57,0.0,1,13.88,2.9,SPY210219P00324000,324.0,0,0.0,0.0,,0.0,normalDay
2020-12-24,4419.0,1144.0,0.0,0,369.0,0.0,1,13.88,2.44,SPY210219P00324000,324.0,0,0.0,0.0,,0.0,normalDay
2020-12-28,4419.0,1185.0,0.0,0,372.17,0.0,1,13.88,2.03,SPY210219P00324000,324.0,0,0.0,0.0,,0.0,normalDay
2020-12-29,4419.0,1159.0,0.0,0,371.46,0.0,1,13.88,2.29,SPY210219P00324000,324.0,0,0.0,0.0,,0.0,normalDay
2020-12-30,4419.0,1188.0,0.0,0,371.99,0.0,1,13.88,2.0,SPY210219P00324000,324.0,0,0.0,0.0,,0.0,normalDay
2020-12-31,4419.0,1207.0,0.0,0,373.88,0.0,1,13.88,1.81,SPY210219P00324000,324.0,0,0.0,0.0,,0.0,normalDay
2021-01-04,4419.0,1140.0,0.0,0,368.79,0.0,1,13.88,2.48,SPY210219P00324000,324.0,0,0.0,0.0,,0.0,normalDay
2021-01-05,4419.0,1180.0,0.0,0,371.33,0.0,1,13.88,2.08,SPY210219P00324000,324.0,0,0.0,0.0,,0.0,normalDay
2021-01-06,4419.0,1193.0,0.0,0,373.55,0.0,1,13.88,1.95,SPY210219P00324000,324.0,0,0.0,0.0,,0.0,normalDay
2021-01-07,4419.0,1265.0,0.0,0,379.1,0.0,1,13.88,1.23,SPY210219P00324000,324.0,0,0.0,0.0,,0.0,normalDay
2021-01-08,4419.0,1278.0,0.0,0,381.26,0.0,1,13.88,1.1,SPY210219P00324000,324.0,0,0.0,0.0,,0.0,normalDay
2021-01-11,4419.0,1256.0,0.0,0,378.69,0.0,1,13.88,1.32,SPY210219P00324000,324.0,0,0.0,0.0,,0.0,normalDay
2021-01-12,4419.0,1270.0,0.0,0,378.77,0.0,1,13.88,1.18,SPY210219P00324000,324.0,0,0.0,0.0,,0.0,normalDay
2021-01-13,4419.0,1287.0,0.0,0,379.79,0.0,1,13.88,1.01,SPY210219P00324000,324.0,0,0.0,0.0,,0.0,normalDay
2021-01-14,4419.0,1275.0,0.0,0,378.46,0.0,1,13.88,1.13,SPY210219P00324000,324.0,0,0.0,0.0,,0.0,normalDay
2021-01-15,4419.0,1255.0,0.0,0,375.7,0.0,1,13.88,1.33,SPY210219P00324000,324.0,0,0.0,0.0,,0.0,normalDay
2021-01-19,4419.0,1294.0,0.0,0,378.65,0.0,1,13.88,0.94,SPY210219P00324000,324.0,0,0.0,0.0,,0.0,normalDay
2021-01-20,4419.0,1322.0,0.0,0,383.89,0.0,1,13.88,0.66,SPY210219P00324000,324.0,0,0.0,0.0,,0.0,normalDay
2021-01-21,4419.0,1329.0,0.0,0,384.24,0.0,1,13.88,0.59,SPY210219P00324000,324.0,0,0.0,0.0,,0.0,normalDay
2021-01-22,4419.0,1327.0,0.0,0,382.88,0.0,1,13.88,0.61,SPY210219P00324000,324.0,0,0.0,0.0,,0.0,normalDay
2021-01-25,4419.0,1333.0,0.0,0,384.39,0.0,1,13.88,0.55,SPY210219P00324000,324.0,0,0.0,0.0,,0.0,normalDay
2021-01-26,4419.0,1339.0,0.0,0,383.79,0.0,1,13.88,0.49,SPY210219P00324000,324.0,0,0.0,0.0,,0.0,normalDay
2021-01-27,4419.0,1229.0,0.0,0,374.41,0.0,1,13.88,1.59,SPY210219P00324000,324.0,0,0.0,0.0,,0.0,normalDay
2021-01-28,4419.0,1279.0,0.0,0,377.63,0.0,1,13.88,1.09,SPY210219P00324000,324.0,0,0.0,0.0,,0.0,normalDay
2021-01-29,4419.0,1207.0,0.0,0,370.07,0.0,1,13.88,1.81,SPY210219P00324000,324.0,0,0.0,0.0,,0.0,normalDay
2021-02-01,4419.0,1308.0,0.0,0,376.23,0.0,1,13.88,0.8,SPY210219P00324000,324.0,0,0.0,0.0,,0.0,normalDay
2021-02-02,4419.0,1349.0,0.0,0,381.55,0.0,1,13.88,0.39,SPY210219P00324000,324.0,0,0.0,0.0,,0.0,normalDay
2021-02-03,4419.0,1364.0,0.0,0,381.85,0.0,1,13.88,0.24,SPY210219P00324000,324.0,0,0.0,0.0,,0.0,normalDay
2021-02-04,4419.0,1374.0,0.0,0,386.19,0.0,1,13.88,0.14,SPY210219P00324000,324.0,0,0.0,0.0,,0.0,normalDay
2021-02-05,4419.0,1379.0,0.0,0,387.71,0.0,1,13.88,0.09,SPY210219P00324000,324.0,0,0.0,0.0,,0.0,normalDay
2021-02-08,4419.0,1381.0,0.0,0,390.51,0.0,1,13.88,0.07,SPY210219P00324000,324.0,0,0.0,0.0,,0.0,normalDay
2021-02-09,4419.0,1381.0,0.0,0,390.25,0.0,1,13.88,0.07,SPY210219P00324000,324.0,0,0.0,0.0,,0.0,normalDay
2021-02-10,4419.0,1380.0,0.0,0,390.08,0.0,1,13.88,0.08,SPY210219P00324000,324.0,0,0.0,0.0,,0.0,normalDay
2021-02-11,4419.0,1384.0,0.0,0,390.71,0.0,1,13.88,0.04,SPY210219P00324000,324.0,0,0.0,0.0,,0.0,normalDay
2021-02-12,4419.0,1385.0,0.0,0,392.64,0.0,1,13.88,0.03,SPY210219P00324000,324.0,0,0.0,0.0,,0.0,normalDay
2021-02-16,4419.0,1385.0,0.0,0,392.3,0.0,1,13.88,0.03,SPY210219P00324000,324.0,0,0.0,0.0,,0.0,normalDay
2021-02-17,4419.0,1387.0,0.0,0,392.39,0.0,1,13.88,0.01,SPY210219P00324000,324.0,0,0.0,0.0,,0.0,normalDay
2021-02-18,4419.0,1387.0,0.0,0,390.72,0.0,1,13.88,0.01,SPY210219P00324000,324.0,0,0.0,0.0,,0.0,normalDay
2021-02-19,5807.0,0.0,1388.0,0,390.03,0.0,1,13.88,0.0,SPY210219P00324000,324.0,0,0.0,0.0,,0.0,expirationDay
2021-02-22,5807.0,-10.0,0.0,0,387.03,0.0,1,15.93,16.03,SPY210630P00374000,374.0,0,0.0,0.0,,0.0,normalDay
2021-02-23,5807.0,44.0,0.0,0,387.5,0.0,1,15.93,15.49,SPY210630P00374000,374.0,0,0.0,0.0,,0.0,normalDay
2021-02-24,5807.0,235.0,0.0,0,391.77,0.0,1,15.93,13.58,SPY210630P00374000,374.0,0,0.0,0.0,,0.0,normalDay
2021-02-25,5807.0,-222.0,0.0,0,382.33,0.0,1,15.93,18.15,SPY210630P00374000,374.0,0,0.0,0.0,,0.0,normalDay
2021-02-26,5807.0,-221.0,0.0,0,380.36,0.0,1,15.93,18.14,SPY210630P00374000,374.0,0,0.0,0.0,,0.0,normalDay
2021-03-01,5807.0,203.0,0.0,0,389.58,0.0,1,15.93,13.9,SPY210630P00374000,374.0,0,0.0,0.0,,0.0,normalDay
2021-03-02,5807.0,88.0,0.0,0,386.54,0.0,1,15.93,15.05,SPY210630P00374000,374.0,0,0.0,0.0,,0.0,normalDay
2021-03-03,5807.0,-124.0,0.0,0,381.42,0.0,1,15.93,17.17,SPY210630P00374000,374.0,0,0.0,0.0,,0.0,normalDay
2021-03-04,5807.0,-327.0,0.0,0,376.7,0.0,1,15.93,19.2,SPY210630P00374000,374.0,0,0.0,0.0,,0.0,normalDay
2021-03-05,5807.0,30.0,0.0,0,383.63,0.0,1,15.93,15.63,SPY210630P00374000,374.0,0,0.0,0.0,,0.0,normalDay
2021-03-08,5807.0,-13.0,0.0,0,381.72,0.0,1,15.93,16.06,SPY210630P00374000,374.0,0,0.0,0.0,,0.0,normalDay
2021-03-09,5807.0,187.0,0.0,0,387.17,0.0,1,15.93,14.06,SPY210630P00374000,374.0,0,0.0,0.0,,0.0,normalDay
2021-03-10,5807.0,301.0,0.0,0,389.58,0.0,1,15.93,12.92,SPY210630P00374000,374.0,0,0.0,0.0,,0.0,normalDay
2021-03-11,5807.0,418.0,0.0,0,393.53,0.0,1,15.93,11.75,SPY210630P00374000,374.0,0,0.0,0.0,,0.0,normalDay
2021-03-12,5807.0,477.0,0.0,0,394.06,0.0,1,15.93,11.16,SPY210630P00374000,374.0,0,0.0,0.0,,0.0,normalDay
2021-03-15,5807.0,590.0,0.0,0,396.41,0.0,1,15.93,10.03,SPY210630P00374000,374.0,0,0.0,0.0,,0.0,normalDay
2021-03-16,5807.0,579.0,0.0,0,395.91,0.0,1,15.93,10.14,SPY210630P00374000,374.0,0,0.0,0.0,,0.0,normalDay
2021-03-17,5807.0,656.0,0.0,0,397.26,0.0,1,15.93,9.37,SPY210630P00374000,374.0,0,0.0,0.0,,0.0,normalDay
2021-03-18,5807.0,485.0,0.0,0,391.48,0.0,1,15.93,11.08,SPY210630P00374000,374.0,0,0.0,0.0,,0.0,normalDay
2021-03-19,5807.0,473.0,0.0,0,389.48,0.0,1,15.93,11.2,SPY210630P00374000,374.0,0,0.0,0.0,,0.0,normalDay
2021-03-22,5807.0,685.0,0.0,0,392.59,0.0,1,15.93,9.08,SPY210630P00374000,374.0,0,0.0,0.0,,0.0,normalDay
2021-03-23,5807.0,578.0,0.0,0,389.5,0.0,1,15.93,10.15,SPY210630P00374000,374.0,0,0.0,0.0,,0.0,normalDay
2021-03-24,5807.0,510.0,0.0,0,387.52,0.0,1,15.93,10.83,SPY210630P00374000,374.0,0,0.0,0.0,,0.0,normalDay
2021-03-25,5807.0,625.0,0.0,0,389.7,0.0,1,15.93,9.68,SPY210630P00374000,374.0,0,0.0,0.0,,0.0,normalDay
2021-03-26,5807.0,806.0,0.0,0,395.98,0.0,1,15.93,7.87,SPY210630P00374000,374.0,0,0.0,0.0,,0.0,normalDay
2021-03-29,5807.0,780.0,0.0,0,395.78,0.0,1,15.93,8.13,SPY210630P00374000,374.0,0,0.0,0.0,,0.0,normalDay
2021-03-30,5807.0,800.0,0.0,0,394.73,0.0,1,15.93,7.93,SPY210630P00374000,374.0,0,0.0,0.0,,0.0,normalDay
2021-03-31,5807.0,850.0,0.0,0,396.33,0.0,1,15.93,7.43,SPY210630P00374000,374.0,0,0.0,0.0,,0.0,normalDay
2021-04-01,5807.0,991.0,0.0,0,400.61,0.0,1,15.93,6.02,SPY210630P00374000,374.0,0,0.0,0.0,,0.0,normalDay
2021-04-05,5807.0,1098.0,0.0,0,406.36,0.0,1,15.93,4.95,SPY210630P00374000,374.0,0,0.0,0.0,,0.0,normalDay
2021-04-06,5807.0,1087.0,0.0,0,406.12,0.0,1,15.93,5.06,SPY210630P00374000,374.0,0,0.0,0.0,,0.0,normalDay
2021-04-07,5807.0,1120.0,0.0,0,406.59,0.0,1,15.93,4.73,SPY210630P00374000,374.0,0,0.0,0.0,,0.0,normalDay
2021-04-08,5807.0,1145.0,0.0,0,408.52,0.0,1,15.93,4.48,SPY210630P00374000,374.0,0,0.0,0.0,,0.0,normalDay
2021-04-09,5807.0,1172.0,0.0,0,411.49,0.0,1,15.93,4.21,SPY210630P00374000,374.0,0,0.0,0.0,,0.0,normalDay
2021-04-12,5807.0,1190.0,0.0,0,411.64,0.0,1,15.93,4.03,SPY210630P00374000,374.0,0,0.0,0.0,,0.0,normalDay
2021-04-13,5807.0,1221.0,0.0,0,412.86,0.0,1,15.93,3.72,SPY210630P00374000,374.0,0,0.0,0.0,,0.0,normalDay
2021-04-14,5807.0,1201.0,0.0,0,411.45,0.0,1,15.93,3.92,SPY210630P00374000,374.0,0,0.0,0.0,,0.0,normalDay
2021-04-15,5807.0,1255.0,0.0,0,415.87,0.0,1,15.93,3.38,SPY210630P00374000,374.0,0,0.0,0.0,,0.0,normalDay
2021-04-16,5807.0,1272.0,0.0,0,417.26,0.0,1,15.93,3.21,SPY210630P00374000,374.0,0,0.0,0.0,,0.0,normalDay
2021-04-19,5807.0,1238.0,0.0,0,415.21,0.0,1,15.93,3.55,SPY210630P00374000,374.0,0,0.0,0.0,,0.0,normalDay
2021-04-20,5807.0,1175.0,0.0,0,412.17,0.0,1,15.93,4.18,SPY210630P00374000,374.0,0,0.0,0.0,,0.0,normalDay
2021-04-21,5807.0,1255.0,0.0,0,416.07,0.0,1,15.93,3.38,SPY210630P00374000,374.0,0,0.0,0.0,,0.0,normalDay
2021-04-22,5807.0,1180.0,0.0,0,412.27,0.0,1,15.93,4.13,SPY210630P00374000,374.0,0,0.0,0.0,,0.0,normalDay
2021-04-23,5807.0,1272.0,0.0,0,416.74,0.0,1,15.93,3.21,SPY210630P00374000,374.0,0,0.0,0.0,,0.0,normalDay
2021-04-26,5807.0,1295.0,0.0,0,417.61,0.0,1,15.93,2.98,SPY210630P00374000,374.0,0,0.0,0.0,,0.0,normalDay
2021-04-27,5807.0,1304.0,0.0,0,417.52,0.0,1,15.93,2.89,SPY210630P00374000,374.0,0,0.0,0.0,,0.0,normalDay
2021-04-28,5807.0,1323.0,0.0,0,417.4,0.0,1,15.93,2.7,SPY210630P00374000,374.0,0,0.0,0.0,,0.0,normalDay
2021-04-29,5807.0,1333.0,0.0,0,420.06,0.0,1,15.93,2.6,SPY210630P00374000,374.0,0,0.0,0.0,,0.0,normalDay
2021-04-30,5807.0,1299.0,0.0,0,417.3,0.0,1,15.93,2.94,SPY210630P00374000,374.0,0,0.0,0.0,,0.0,normalDay
2021-05-03,5807.0,1329.0,0.0,0,418.2,0.0,1,15.93,2.64,SPY210630P00374000,374.0,0,0.0,0.0,,0.0,normalDay
2021-05-04,5807.0,1286.0,0.0,0,415.62,0.0,1,15.93,3.07,SPY210630P00374000,374.0,0,0.0,0.0,,0.0,normalDay
2021-05-05,5807.0,1301.0,0.0,0,415.75,0.0,1,15.93,2.92,SPY210630P00374000,374.0,0,0.0,0.0,,0.0,normalDay
2021-05-06,5807.0,1349.0,0.0,0,419.07,0.0,1,15.93,2.44,SPY210630P00374000,374.0,0,0.0,0.0,,0.0,normalDay
2021-05-07,5807.0,1399.0,0.0,0,422.12,0.0,1,15.93,1.94,SPY210630P00374000,374.0,0,0.0,0.0,,0.0,normalDay
2021-05-10,5807.0,1344.0,0.0,0,417.94,0.0,1,15.93,2.49,SPY210630P00374000,374.0,0,0.0,0.0,,0.0,normalDay
2021-05-11,5807.0,1281.0,0.0,0,414.21,0.0,1,15.93,3.12,SPY210630P00374000,374.0,0,0.0,0.0,,0.0,normalDay
2021-05-12,5807.0,1039.0,0.0,0,405.41,0.0,1,15.93,5.54,SPY210630P00374000,374.0,0,0.0,0.0,,0.0,normalDay
2021-05-13,5807.0,1215.0,0.0,0,410.28,0.0,1,15.93,3.78,SPY210630P00374000,374.0,0,0.0,0.0,,0.0,normalDay
2021-05-14,5807.0,1376.0,0.0,0,416.58,0.0,1,15.93,2.17,SPY210630P00374000,374.0,0,0.0,0.0,,0.0,normalDay
2021-05-17,5807.0,1363.0,0.0,0,415.52,0.0,1,15.93,2.3,SPY210630P00374000,374.0,0,0.0,0.0,,0.0,normalDay
2021-05-18,5807.0,1312.0,0.0,0,411.94,0.0,1,15.93,2.81,SPY210630P00374000,374.0,0,0.0,0.0,,0.0,normalDay
2021-05-19,5807.0,1294.0,0.0,0,410.86,0.0,1,15.93,2.99,SPY210630P00374000,374.0,0,0.0,0.0,,0.0,normalDay
2021-05-20,5807.0,1365.0,0.0,0,415.28,0.0,1,15.93,2.28,SPY210630P00374000,374.0,0,0.0,0.0,,0.0,normalDay
2021-05-21,5807.0,1381.0,0.0,0,414.94,0.0,1,15.93,2.12,SPY210630P00374000,374.0,0,0.0,0.0,,0.0,normalDay
2021-05-24,5807.0,1452.0,0.0,0,419.17,0.0,1,15.93,1.41,SPY210630P00374000,374.0,0,0.0,0.0,,0.0,normalDay
2021-05-25,5807.0,1451.0,0.0,0,418.24,0.0,1,15.93,1.42,SPY210630P00374000,374.0,0,0.0,0.0,,0.0,normalDay
2021-05-26,5807.0,1485.0,0.0,0,419.07,0.0,1,15.93,1.08,SPY210630P00374000,374.0,0,0.0,0.0,,0.0,normalDay
2021-05-27,5807.0,1502.0,0.0,0,419.29,0.0,1,15.93,0.91,SPY210630P00374000,374.0,0,0.0,0.0,,0.0,normalDay
2021-05-28,5807.0,1503.0,0.0,0,420.04,0.0,1,15.93,0.9,SPY210630P00374000,374.0,0,0.0,0.0,,0.0,normalDay
2021-06-01,5807.0,1504.0,0.0,0,419.67,0.0,1,15.93,0.89,SPY210630P00374000,374.0,0,0.0,0.0,,0.0,normalDay
2021-06-02,5807.0,1516.0,0.0,0,420.33,0.0,1,15.93,0.77,SPY210630P00374000,374.0,0,0.0,0.0,,0.0,normalDay
2021-06-03,5807.0,1510.0,0.0,0,418.77,0.0,1,15.93,0.83,SPY210630P00374000,374.0,0,0.0,0.0,,0.0,normalDay
2021-06-04,5807.0,1536.0,0.0,0,422.6,0.0,1,15.93,0.57,SPY210630P00374000,374.0,0,0.0,0.0,,0.0,normalDay
2021-06-07,5807.0,1545.0,0.0,0,422.19,0.0,1,15.93,0.48,SPY210630P00374000,374.0,0,0.0,0.0,,0.0,normalDay
2021-06-08,5807.0,1542.0,0.0,0,422.28,0.0,1,15.93,0.51,SPY210630P00374000,374.0,0,0.0,0.0,,0.0,normalDay
2021-06-09,5807.0,1536.0,0.0,0,421.65,0.0,1,15.93,0.57,SPY210630P00374000,374.0,0,0.0,0.0,,0.0,normalDay
2021-06-10,5807.0,1554.0,0.0,0,423.61,0.0,1,15.93,0.39,SPY210630P00374000,374.0,0,0.0,0.0,,0.0,normalDay
2021-06-11,5807.0,1560.0,0.0,0,424.31,0.0,1,15.93,0.33,SPY210630P00374000,374.0,0,0.0,0.0,,0.0,normalDay
2021-06-14,5807.0,1565.0,0.0,0,425.26,0.0,1,15.93,0.28,SPY210630P00374000,374.0,0,0.0,0.0,,0.0,normalDay
2021-06-15,5807.0,1563.0,0.0,0,424.48,0.0,1,15.93,0.3,SPY210630P00374000,374.0,0,0.0,0.0,,0.0,normalDay
2021-06-16,5807.0,1558.0,0.0,0,422.11,0.0,1,15.93,0.35,SPY210630P00374000,374.0,0,0.0,0.0,,0.0,normalDay
2021-06-17,5807.0,1564.0,0.0,0,421.97,0.0,1,15.93,0.29,SPY210630P00374000,374.0,0,0.0,0.0,,0.0,normalDay
2021-06-18,5807.0,1545.0,0.0,0,414.92,0.0,1,15.93,0.48,SPY210630P00374000,374.0,0,0.0,0.0,,0.0,normalDay
2021-06-21,5807.0,1575.0,0.0,0,420.86,0.0,1,15.93,0.18,SPY210630P00374000,374.0,0,0.0,0.0,,0.0,normalDay
2021-06-22,5807.0,1582.0,0.0,0,423.11,0.0,1,15.93,0.11,SPY210630P00374000,374.0,0,0.0,0.0,,0.0,normalDay
2021-06-23,5807.0,1587.0,0.0,0,422.6,0.0,1,15.93,0.06,SPY210630P00374000,374.0,0,0.0,0.0,,0.0,normalDay
2021-06-24,5807.0,1588.0,0.0,0,425.1,0.0,1,15.93,0.05,SPY210630P00374000,374.0,0,0.0,0.0,,0.0,normalDay
2021-06-25,5807.0,1589.0,0.0,0,426.61,0.0,1,15.93,0.04,SPY210630P00374000,374.0,0,0.0,0.0,,0.0,normalDay
2021-06-28,5807.0,1591.0,0.0,0,427.47,0.0,1,15.93,0.02,SPY210630P00374000,374.0,0,0.0,0.0,,0.0,normalDay
2021-06-29,5807.0,1592.0,0.0,0,427.7,0.0,1,15.93,0.01,SPY210630P00374000,374.0,0,0.0,0.0,,0.0,normalDay
2021-06-30,7400.0,0.0,1593.0,0,428.06,0.0,1,15.93,0.0,SPY210630P00374000,374.0,0,0.0,0.0,,0.0,expirationDay
2021-07-01,7400.0,-7.0,0.0,0,430.43,0.0,1,12.67,12.74,SPY211119P00418000,418.0,0,0.0,0.0,,0.0,normalDay
2021-07-02,7400.0,86.0,0.0,0,433.72,0.0,1,12.67,11.81,SPY211119P00418000,418.0,0,0.0,0.0,,0.0,normalDay
2021-07-06,7400.0,43.0,0.0,0,432.93,0.0,1,12.67,12.24,SPY211119P00418000,418.0,0,0.0,0.0,,0.0,normalDay
2021-07-07,7400.0,65.0,0.0,0,434.46,0.0,1,12.67,12.02,SPY211119P00418000,418.0,0,0.0,0.0,,0.0,normalDay
2021-07-08,7400.0,-93.0,0.0,0,430.92,0.0,1,12.67,13.6,SPY211119P00418000,418.0,0,0.0,0.0,,0.0,normalDay
2021-07-09,7400.0,120.0,0.0,0,435.52,0.0,1,12.67,11.47,SPY211119P00418000,418.0,0,0.0,0.0,,0.0,normalDay
2021-07-12,7400.0,154.0,0.0,0,437.08,0.0,1,12.67,11.13,SPY211119P00418000,418.0,0,0.0,0.0,,0.0,normalDay
2021-07-13,7400.0,76.0,0.0,0,435.59,0.0,1,12.67,11.91,SPY211119P00418000,418.0,0,0.0,0.0,,0.0,normalDay
2021-07-14,7400.0,117.0,0.0,0,436.24,0.0,1,12.67,11.5,SPY211119P00418000,418.0,0,0.0,0.0,,0.0,normalDay
2021-07-15,7400.0,52.0,0.0,0,434.75,0.0,1,12.67,12.15,SPY211119P00418000,418.0,0,0.0,0.0,,0.0,normalDay
2021-07-16,7400.0,-72.0,0.0,0,431.34,0.0,1,12.67,13.39,SPY211119P00418000,418.0,0,0.0,0.0,,0.0,normalDay
2021-07-19,7400.0,-361.0,0.0,0,424.97,0.0,1,12.67,16.28,SPY211119P00418000,418.0,0,0.0,0.0,,0.0,normalDay
2021-07-20,7400.0,-84.0,0.0,0,431.06,0.0,1,12.67,13.51,SPY211119P00418000,418.0,0,0.0,0.0,,0.0,normalDay
2021-07-21,7400.0,85.0,0.0,0,434.55,0.0,1,12.67,11.82,SPY211119P00418000,418.0,0,0.0,0.0,,0.0,normalDay
2021-07-22,7400.0,113.0,0.0,0,435.46,0.0,1,12.67,11.54,SPY211119P00418000,418.0,0,0.0,0.0,,0.0,normalDay
2021-07-23,7400.0,217.0,0.0,0,439.94,0.0,1,12.67,10.5,SPY211119P00418000,418.0,0,0.0,0.0,,0.0,normalDay
2021-07-26,7400.0,253.0,0.0,0,441.02,0.0,1,12.67,10.14,SPY211119P00418000,418.0,0,0.0,0.0,,0.0,normalDay
2021-07-27,7400.0,153.0,0.0,0,439.01,0.0,1,12.67,11.14,SPY211119P00418000,418.0,0,0.0,0.0,,0.0,normalDay
2021-07-28,7400.0,189.0,0.0,0,438.83,0.0,1,12.67,10.78,SPY211119P00418000,418.0,0,0.0,0.0,,0.0,normalDay
2021-07-29,7400.0,265.0,0.0,0,440.65,0.0,1,12.67,10.02,SPY211119P00418000,418.0,0,0.0,0.0,,0.0,normalDay
2021-07-30,7400.0,225.0,0.0,0,438.51,0.0,1,12.67,10.42,SPY211119P00418000,418.0,0,0.0,0.0,,0.0,normalDay
2021-08-02,7400.0,167.0,0.0,0,437.59,0.0,1,12.67,11.0,SPY211119P00418000,418.0,0,0.0,0.0,,0.0,normalDay
2021-08-03,7400.0,294.0,0.0,0,441.15,0.0,1,12.67,9.73,SPY211119P00418000,418.0,0,0.0,0.0,,0.0,normalDay
2021-08-04,7400.0,262.0,0.0,0,438.98,0.0,1,12.67,10.05,SPY211119P00418000,418.0,0,0.0,0.0,,0.0,normalDay
2021-08-05,7400.0,342.0,0.0,0,441.76,0.0,1,12.67,9.25,SPY211119P00418000,418.0,0,0.0,0.0,,0.0,normalDay
2021-08-06,7400.0,408.0,0.0,0,442.49,0.0,1,12.67,8.59,SPY211119P00418000,418.0,0,0.0,0.0,,0.0,normalDay
2021-08-09,7400.0,400.0,0.0,0,442.13,0.0,1,12.67,8.67,SPY211119P00418000,418.0,0,0.0,0.0,,0.0,normalDay
2021-08-10,7400.0,407.0,0.0,0,442.68,0.0,1,12.67,8.6,SPY211119P00418000,418.0,0,0.0,0.0,,0.0,normalDay
2021-08-11,7400.0,461.0,0.0,0,443.78,0.0,1,12.67,8.06,SPY211119P00418000,418.0,0,0.0,0.0,,0.0,normalDay
2021-08-12,7400.0,516.0,0.0,0,445.11,0.0,1,12.67,7.51,SPY211119P00418000,418.0,0,0.0,0.0,,0.0,normalDay
2021-08-13,7400.0,541.0,0.0,0,445.92,0.0,1,12.67,7.26,SPY211119P00418000,418.0,0,0.0,0.0,,0.0,normalDay
2021-08-16,7400.0,564.0,0.0,0,446.97,0.0,1,12.67,7.03,SPY211119P00418000,418.0,0,0.0,0.0,,0.0,normalDay
2021-08-17,7400.0,451.0,0.0,0,444.04,0.0,1,12.67,8.16,SPY211119P00418000,418.0,0,0.0,0.0,,0.0,normalDay
2021-08-18,7400.0,263.0,0.0,0,439.18,0.0,1,12.67,10.04,SPY211119P00418000,418.0,0,0.0,0.0,,0.0,normalDay
2021-08-19,7400.0,269.0,0.0,0,439.86,0.0,1,12.67,9.98,SPY211119P00418000,418.0,0,0.0,0.0,,0.0,normalDay
2021-08-20,7400.0,435.0,0.0,0,443.36,0.0,1,12.67,8.32,SPY211119P00418000,418.0,0,0.0,0.0,,0.0,normalDay
2021-08-23,7400.0,587.0,0.0,0,447.26,0.0,1,12.67,6.8,SPY211119P00418000,418.0,0,0.0,0.0,,0.0,normalDay
2021-08-24,7400.0,598.0,0.0,0,447.97,0.0,1,12.67,6.69,SPY211119P00418000,418.0,0,0.0,0.0,,0.0,normalDay
2021-08-25,7400.0,642.0,0.0,0,448.91,0.0,1,12.67,6.25,SPY211119P00418000,418.0,0,0.0,0.0,,0.0,normalDay
2021-08-26,7400.0,553.0,0.0,0,446.26,0.0,1,12.67,7.14,SPY211119P00418000,418.0,0,0.0,0.0,,0.0,normalDay
2021-08-27,7400.0,682.0,0.0,0,450.25,0.0,1,12.67,5.85,SPY211119P00418000,418.0,0,0.0,0.0,,0.0,normalDay
2021-08-30,7400.0,727.0,0.0,0,452.23,0.0,1,12.67,5.4,SPY211119P00418000,418.0,0,0.0,0.0,,0.0,normalDay
2021-08-31,7400.0,725.0,0.0,0,451.56,0.0,1,12.67,5.42,SPY211119P00418000,418.0,0,0.0,0.0,,0.0,normalDay
2021-09-01,7400.0,754.0,0.0,0,451.8,0.0,1,12.67,5.13,SPY211119P00418000,418.0,0,0.0,0.0,,0.0,normalDay
2021-09-02,7400.0,779.0,0.0,0,453.19,0.0,1,12.67,4.88,SPY211119P00418000,418.0,0,0.0,0.0,,0.0,normalDay
2021-09-03,7400.0,773.0,0.0,0,453.08,0.0,1,12.67,4.94,SPY211119P00418000,418.0,0,0.0,0.0,,0.0,normalDay
2021-09-07,7400.0,734.0,0.0,0,451.46,0.0,1,12.67,5.33,SPY211119P00418000,418.0,0,0.0,0.0,,0.0,normalDay
2021-09-08,7400.0,732.0,0.0,0,450.91,0.0,1,12.67,5.35,SPY211119P00418000,418.0,0,0.0,0.0,,0.0,normalDay
2021-09-09,7400.0,683.0,0.0,0,448.98,0.0,1,12.67,5.84,SPY211119P00418000,418.0,0,0.0,0.0,,0.0,normalDay
2021-09-10,7400.0,604.0,0.0,0,445.44,0.0,1,12.67,6.63,SPY211119P00418000,418.0,0,0.0,0.0,,0.0,normalDay
2021-09-13,7400.0,682.0,0.0,0,446.58,0.0,1,12.67,5.85,SPY211119P00418000,418.0,0,0.0,0.0,,0.0,normalDay
2021-09-14,7400.0,642.0,0.0,0,444.17,0.0,1,12.67,6.25,SPY211119P00418000,418.0,0,0.0,0.0,,0.0,normalDay
2021-09-15,7400.0,750.0,0.0,0,447.88,0.0,1,12.67,5.17,SPY211119P00418000,418.0,0,0.0,0.0,,0.0,normalDay
2021-09-16,7400.0,732.0,0.0,0,447.17,0.0,1,12.67,5.35,SPY211119P00418000,418.0,0,0.0,0.0,,0.0,normalDay
2021-09-17,7400.0,599.0,0.0,0,441.4,0.0,1,12.67,6.68,SPY211119P00418000,418.0,0,0.0,0.0,,0.0,normalDay
2021-09-20,7400.0,316.0,0.0,0,434.04,0.0,1,12.67,9.51,SPY211119P00418000,418.0,0,0.0,0.0,,0.0,normalDay
2021-09-21,7400.0,357.0,0.0,0,433.63,0.0,1,12.67,9.1,SPY211119P00418000,418.0,0,0.0,0.0,,0.0,normalDay
2021-09-22,7400.0,581.0,0.0,0,437.86,0.0,1,12.67,6.86,SPY211119P00418000,418.0,0,0.0,0.0,,0.0,normalDay
2021-09-23,7400.0,760.0,0.0,0,443.18,0.0,1,12.67,5.07,SPY211119P00418000,418.0,0,0.0,0.0,,0.0,normalDay
2021-09-24,7400.0,806.0,0.0,0,443.91,0.0,1,12.67,4.61,SPY211119P00418000,418.0,0,0.0,0.0,,0.0,normalDay
2021-09-27,7400.0,778.0,0.0,0,442.64,0.0,1,12.67,4.89,SPY211119P00418000,418.0,0,0.0,0.0,,0.0,normalDay
2021-09-28,7400.0,496.0,0.0,0,433.72,0.0,1,12.67,7.71,SPY211119P00418000,418.0,0,0.0,0.0,,0.0,normalDay
2021-09-29,7400.0,526.0,0.0,0,434.45,0.0,1,12.67,7.41,SPY211119P00418000,418.0,0,0.0,0.0,,0.0,normalDay
2021-09-30,7400.0,393.0,0.0,0,429.14,0.0,1,12.67,8.74,SPY211119P00418000,418.0,0,0.0,0.0,,0.0,normalDay
2021-10-01,7400.0,589.0,0.0,0,434.24,0.0,1,12.67,6.78,SPY211119P00418000,418.0,0,0.0,0.0,,0.0,normalDay
2021-10-04,7400.0,427.0,0.0,0,428.64,0.0,1,12.67,8.4,SPY211119P00418000,418.0,0,0.0,0.0,,0.0,normalDay
2021-10-05,7400.0,599.0,0.0,0,433.1,0.0,1,12.67,6.68,SPY211119P00418000,418.0,0,0.0,0.0,,0.0,normalDay
2021-10-06,7400.0,656.0,0.0,0,434.9,0.0,1,12.67,6.11,SPY211119P00418000,418.0,0,0.0,0.0,,0.0,normalDay
2021-10-07,7400.0,800.0,0.0,0,438.66,0.0,1,12.67,4.67,SPY211119P00418000,418.0,0,0.0,0.0,,0.0,normalDay
2021-10-08,7400.0,798.0,0.0,0,437.86,0.0,1,12.67,4.69,SPY211119P00418000,418.0,0,0.0,0.0,,0.0,normalDay
2021-10-11,7400.0,745.0,0.0,0,434.69,0.0,1,12.67,5.22,SPY211119P00418000,418.0,0,0.0,0.0,,0.0,normalDay
2021-10-12,7400.0,737.0,0.0,0,433.62,0.0,1,12.67,5.3,SPY211119P00418000,418.0,0,0.0,0.0,,0.0,normalDay
2021-10-13,7400.0,844.0,0.0,0,435.18,0.0,1,12.67,4.23,SPY211119P00418000,418.0,0,0.0,0.0,,0.0,normalDay
2021-10-14,7400.0,1007.0,0.0,0,442.5,0.0,1,12.67,2.6,SPY211119P00418000,418.0,0,0.0,0.0,,0.0,normalDay
2021-10-15,7400.0,1052.0,0.0,0,445.87,0.0,1,12.67,2.15,SPY211119P00418000,418.0,0,0.0,0.0,,0.0,normalDay
2021-10-18,7400.0,1085.0,0.0,0,447.19,0.0,1,12.67,1.82,SPY211119P00418000,418.0,0,0.0,0.0,,0.0,normalDay
2021-10-19,7400.0,1128.0,0.0,0,450.64,0.0,1,12.67,1.39,SPY211119P00418000,418.0,0,0.0,0.0,,0.0,normalDay
2021-10-20,7400.0,1141.0,0.0,0,452.41,0.0,1,12.67,1.26,SPY211119P00418000,418.0,0,0.0,0.0,,0.0,normalDay
2021-10-21,7400.0,1160.0,0.0,0,453.59,0.0,1,12.67,1.07,SPY211119P00418000,418.0,0,0.0,0.0,,0.0,normalDay
2021-10-22,7400.0,1155.0,0.0,0,453.12,0.0,1,12.67,1.12,SPY211119P00418000,418.0,0,0.0,0.0,,0.0,normalDay
2021-10-25,7400.0,1185.0,0.0,0,455.55,0.0,1,12.67,0.82,SPY211119P00418000,418.0,0,0.0,0.0,,0.0,normalDay
2021-10-26,7400.0,1180.0,0.0,0,455.96,0.0,1,12.67,0.87,SPY211119P00418000,418.0,0,0.0,0.0,,0.0,normalDay
2021-10-27,7400.0,1163.0,0.0,0,453.94,0.0,1,12.67,1.04,SPY211119P00418000,418.0,0,0.0,0.0,,0.0,normalDay
2021-10-28,7400.0,1192.0,0.0,0,458.32,0.0,1,12.67,0.75,SPY211119P00418000,418.0,0,0.0,0.0,,0.0,normalDay
2021-10-29,7400.0,1202.0,0.0,0,459.25,0.0,1,12.67,0.65,SPY211119P00418000,418.0,0,0.0,0.0,,0.0,normalDay
2021-11-01,7400.0,1218.0,0.0,0,460.04,0.0,1,12.67,0.49,SPY211119P00418000,418.0,0,0.0,0.0,,0.0,normalDay
2021-11-02,7400.0,1226.0,0.0,0,461.9,0.0,1,12.67,0.41,SPY211119P00418000,418.0,0,0.0,0.0,,0.0,normalDay
2021-11-03,7400.0,1239.0,0.0,0,464.72,0.0,1,12.67,0.28,SPY211119P00418000,418.0,0,0.0,0.0,,0.0,normalDay
2021-11-04,7400.0,1239.0,0.0,0,466.91,0.0,1,12.67,0.28,SPY211119P00418000,418.0,0,0.0,0.0,,0.0,normalDay
2021-11-05,7400.0,1242.0,0.0,0,468.53,0.0,1,12.67,0.25,SPY211119P00418000,418.0,0,0.0,0.0,,0.0,normalDay
2021-11-08,7400.0,1247.0,0.0,0,468.93,0.0,1,12.67,0.2,SPY211119P00418000,418.0,0,0.0,0.0,,0.0,normalDay
2021-11-09,7400.0,1249.0,0.0,0,467.38,0.0,1,12.67,0.18,SPY211119P00418000,418.0,0,0.0,0.0,,0.0,normalDay
2021-11-10,7400.0,1249.0,0.0,0,463.62,0.0,1,12.67,0.18,SPY211119P00418000,418.0,0,0.0,0.0,,0.0,normalDay
2021-11-11,7400.0,1256.0,0.0,0,463.77,0.0,1,12.67,0.11,SPY211119P00418000,418.0,0,0.0,0.0,,0.0,normalDay
2021-11-12,7400.0,1261.0,0.0,0,467.27,0.0,1,12.67,0.06,SPY211119P00418000,418.0,0,0.0,0.0,,0.0,normalDay
2021-11-15,7400.0,1264.0,0.0,0,467.43,0.0,1,12.67,0.03,SPY211119P00418000,418.0,0,0.0,0.0,,0.0,normalDay
2021-11-16,7400.0,1265.0,0.0,0,469.28,0.0,1,12.67,0.02,SPY211119P00418000,418.0,0,0.0,0.0,,0.0,normalDay
2021-11-17,7400.0,1266.0,0.0,0,468.14,0.0,1,12.67,0.01,SPY211119P00418000,418.0,0,0.0,0.0,,0.0,normalDay
2021-11-18,7400.0,1266.0,0.0,0,469.73,0.0,1,12.67,0.01,SPY211119P00418000,418.0,0,0.0,0.0,,0.0,normalDay
2021-11-19,8667.0,0.0,1267.0,0,468.89,0.0,1,12.67,0.0,SPY211119P00418000,418.0,0,0.0,0.0,,0.0,expirationDay
2021-11-22,8667.0,-43.0,0.0,0,467.57,0.0,1,16.03,16.46,SPY220331P00456000,456.0,0,0.0,0.0,,0.0,normalDay
2021-11-23,8667.0,-11.0,0.0,0,468.19,0.0,1,16.03,16.14,SPY220331P00456000,456.0,0,0.0,0.0,,0.0,normalDay
2021-11-24,8667.0,82.0,0.0,0,469.44,0.0,1,16.03,15.21,SPY220331P00456000,456.0,0,0.0,0.0,,0.0,normalDay
2021-11-26,8667.0,-951.0,0.0,0,458.97,0.0,1,16.03,25.54,SPY220331P00456000,456.0,0,0.0,0.0,,0.0,normalDay
2021-11-29,8667.0,-188.0,0.0,0,464.6,0.0,1,16.03,17.91,SPY220331P00456000,456.0,0,0.0,0.0,,0.0,normalDay
2021-11-30,8667.0,-642.0,0.0,0,455.56,0.0,1,16.03,22.45,SPY220331P00456000,456.0,0,0.0,0.0,,0.0,normalDay
2021-12-01,8667.0,-1072.0,0.0,0,450.5,0.0,1,16.03,26.75,SPY220331P00456000,456.0,0,0.0,0.0,,0.0,normalDay
2021-12-02,8667.0,-651.0,0.0,0,457.4,0.0,1,16.03,22.54,SPY220331P00456000,456.0,0,0.0,0.0,,0.0,normalDay
2021-12-03,8667.0,-931.0,0.0,0,453.42,0.0,1,16.03,25.34,SPY220331P00456000,456.0,0,0.0,0.0,,0.0,normalDay
2021-12-06,8667.0,-547.0,0.0,0,458.79,0.0,1,16.03,21.5,SPY220331P00456000,456.0,0,0.0,0.0,,0.0,normalDay
2021-12-07,8667.0,-24.0,0.0,0,468.28,0.0,1,16.03,16.27,SPY220331P00456000,456.0,0,0.0,0.0,,0.0,normalDay
2021-12-08,8667.0,100.0,0.0,0,469.52,0.0,1,16.03,15.03,SPY220331P00456000,456.0,0,0.0,0.0,,0.0,normalDay
2021-12-09,8667.0,-50.0,0.0,0,466.35,0.0,1,16.03,16.53,SPY220331P00456000,456.0,0,0.0,0.0,,0.0,normalDay
2021-12-10,8667.0,195.0,0.0,0,470.74,0.0,1,16.03,14.08,SPY220331P00456000,456.0,0,0.0,0.0,,0.0,normalDay
2021-12-13,8667.0,-12.0,0.0,0,466.57,0.0,1,16.03,16.15,SPY220331P00456000,456.0,0,0.0,0.0,,0.0,normalDay
2021-12-14,8667.0,-161.0,0.0,0,463.36,0.0,1,16.03,17.64,SPY220331P00456000,456.0,0,0.0,0.0,,0.0,normalDay
2021-12-15,8667.0,221.0,0.0,0,470.6,0.0,1,16.03,13.82,SPY220331P00456000,456.0,0,0.0,0.0,,0.0,normalDay
2021-12-16,8667.0,19.0,0.0,0,466.45,0.0,1,16.03,15.84,SPY220331P00456000,456.0,0,0.0,0.0,,0.0,normalDay
2021-12-17,8667.0,-171.0,0.0,0,459.87,0.0,1,16.03,17.74,SPY220331P00456000,456.0,0,0.0,0.0,,0.0,normalDay
2021-12-20,8667.0,-396.0,0.0,0,454.98,0.0,1,16.03,19.99,SPY220331P00456000,456.0,0,0.0,0.0,,0.0,normalDay
2021-12-21,8667.0,-10.0,0.0,0,463.06,0.0,1,16.03,16.13,SPY220331P00456000,456.0,0,0.0,0.0,,0.0,normalDay
2021-12-22,8667.0,230.0,0.0,0,467.69,0.0,1,16.03,13.73,SPY220331P00456000,456.0,0,0.0,0.0,,0.0,normalDay
2021-12-23,8667.0,357.0,0.0,0,470.6,0.0,1,16.03,12.46,SPY220331P00456000,456.0,0,0.0,0.0,,0.0,normalDay
2021-12-27,8667.0,577.0,0.0,0,477.26,0.0,1,16.03,10.26,SPY220331P00456000,456.0,0,0.0,0.0,,0.0,normalDay
2021-12-28,8667.0,611.0,0.0,0,476.87,0.0,1,16.03,9.92,SPY220331P00456000,456.0,0,0.0,0.0,,0.0,normalDay
2021-12-29,8667.0,660.0,0.0,0,477.48,0.0,1,16.03,9.43,SPY220331P00456000,456.0,0,0.0,0.0,,0.0,normalDay
2021-12-30,8667.0,615.0,0.0,0,476.16,0.0,1,16.03,9.88,SPY220331P00456000,456.0,0,0.0,0.0,,0.0,normalDay
2021-12-31,8667.0,624.0,0.0,0,474.96,0.0,1,16.03,9.79,SPY220331P00456000,456.0,0,0.0,0.0,,0.0,normalDay
2022-01-03,8667.0,718.0,0.0,0,477.71,0.0,1,16.03,8.85,SPY220331P00456000,456.0,0,0.0,0.0,,0.0,normalDay
2022-01-04,8667.0,703.0,0.0,0,477.55,0.0,1,16.03,9.0,SPY220331P00456000,456.0,0,0.0,0.0,,0.0,normalDay
2022-01-05,8667.0,386.0,0.0,0,468.38,0.0,1,16.03,12.17,SPY220331P00456000,456.0,0,0.0,0.0,,0.0,normalDay
2022-01-06,8667.0,386.0,0.0,0,467.94,0.0,1,16.03,12.17,SPY220331P00456000,456.0,0,0.0,0.0,,0.0,normalDay
2022-01-07,8667.0,401.0,0.0,0,466.09,0.0,1,16.03,12.02,SPY220331P00456000,456.0,0,0.0,0.0,,0.0,normalDay
2022-01-10,8667.0,402.0,0.0,0,465.51,0.0,1,16.03,12.01,SPY220331P00456000,456.0,0,0.0,0.0,,0.0,normalDay
2022-01-11,8667.0,570.0,0.0,0,469.75,0.0,1,16.03,10.33,SPY220331P00456000,456.0,0,0.0,0.0,,0.0,normalDay
2022-01-12,8667.0,644.0,0.0,0,471.02,0.0,1,16.03,9.59,SPY220331P00456000,456.0,0,0.0,0.0,,0.0,normalDay
2022-01-13,8667.0,341.0,0.0,0,464.53,0.0,1,16.03,12.62,SPY220331P00456000,456.0,0,0.0,0.0,,0.0,normalDay
2022-01-14,8667.0,412.0,0.0,0,464.72,0.0,1,16.03,11.91,SPY220331P00456000,456.0,0,0.0,0.0,,0.0,normalDay
2022-01-18,8667.0,-8.0,0.0,0,456.49,0.0,1,16.03,16.11,SPY220331P00456000,456.0,0,0.0,0.0,,0.0,normalDay
2022-01-19,8667.0,-194.0,0.0,0,451.75,0.0,1,16.03,17.97,SPY220331P00456000,456.0,0,0.0,0.0,,0.0,normalDay
2022-01-20,8667.0,-554.0,0.0,0,446.75,0.0,1,16.03,21.57,SPY220331P00456000,456.0,0,0.0,0.0,,0.0,normalDay
2022-01-21,8667.0,-1119.0,0.0,0,437.98,0.0,1,16.03,27.22,SPY220331P00456000,456.0,0,0.0,0.0,,0.0,normalDay
2022-01-24,8667.0,-1095.0,0.0,0,439.84,0.0,1,16.03,26.98,SPY220331P00456000,456.0,0,0.0,0.0,,0.0,normalDay
2022-01-25,8667.0,-1483.0,0.0,0,434.47,0.0,1,16.03,30.86,SPY220331P00456000,456.0,0,0.0,0.0,,0.0,normalDay
2022-01-26,8667.0,-1488.0,0.0,0,433.38,0.0,1,16.03,30.91,SPY220331P00456000,456.0,0,0.0,0.0,,0.0,normalDay
2022-01-27,8667.0,-1496.0,0.0,0,431.24,0.0,1,16.03,30.99,SPY220331P00456000,456.0,0,0.0,0.0,,0.0,normalDay
2022-01-28,8667.0,-763.0,0.0,0,441.95,0.0,1,16.03,23.66,SPY220331P00456000,456.0,0,0.0,0.0,,0.0,normalDay
2022-01-31,8667.0,-261.0,0.0,0,449.91,0.0,1,16.03,18.64,SPY220331P00456000,456.0,0,0.0,0.0,,0.0,normalDay
2022-02-01,8667.0,100.0,0.0,0,452.95,0.0,1,16.03,15.03,SPY220331P00456000,456.0,0,0.0,0.0,,0.0,normalDay
2022-02-02,8667.0,194.0,0.0,0,457.35,0.0,1,16.03,14.09,SPY220331P00456000,456.0,0,0.0,0.0,,0.0,normalDay
2022-02-03,8667.0,-186.0,0.0,0,446.6,0.0,1,16.03,17.89,SPY220331P00456000,456.0,0,0.0,0.0,,0.0,normalDay
2022-02-04,8667.0,-261.0,0.0,0,448.7,0.0,1,16.03,18.64,SPY220331P00456000,456.0,0,0.0,0.0,,0.0,normalDay
2022-02-07,8667.0,-213.0,0.0,0,447.26,0.0,1,16.03,18.16,SPY220331P00456000,456.0,0,0.0,0.0,,0.0,normalDay
2022-02-08,8667.0,84.0,0.0,0,450.94,0.0,1,16.03,15.19,SPY220331P00456000,456.0,0,0.0,0.0,,0.0,normalDay
2022-02-09,8667.0,412.0,0.0,0,457.54,0.0,1,16.03,11.91,SPY220331P00456000,456.0,0,0.0,0.0,,0.0,normalDay
2022-02-10,8667.0,-104.0,0.0,0,449.32,0.0,1,16.03,17.07,SPY220331P00456000,456.0,0,0.0,0.0,,0.0,normalDay
2022-02-11,8667.0,-736.0,0.0,0,440.46,0.0,1,16.03,23.39,SPY220331P00456000,456.0,0,0.0,0.0,,0.0,normalDay
2022-02-14,8667.0,-777.0,0.0,0,439.02,0.0,1,16.03,23.8,SPY220331P00456000,456.0,0,0.0,0.0,,0.0,normalDay
2022-02-15,8667.0,-315.0,0.0,0,446.1,0.0,1,16.03,19.18,SPY220331P00456000,456.0,0,0.0,0.0,,0.0,normalDay
2022-02-16,8667.0,-162.0,0.0,0,446.6,0.0,1,16.03,17.65,SPY220331P00456000,456.0,0,0.0,0.0,,0.0,normalDay
2022-02-17,8667.0,-862.0,0.0,0,437.06,0.0,1,16.03,24.65,SPY220331P00456000,456.0,0,0.0,0.0,,0.0,normalDay
2022-02-18,8667.0,-1028.0,0.0,0,434.23,0.0,1,16.03,26.31,SPY220331P00456000,456.0,0,0.0,0.0,,0.0,normalDay
2022-02-22,8667.0,-1345.0,0.0,0,429.57,0.0,1,16.03,29.48,SPY220331P00456000,456.0,0,0.0,0.0,,0.0,normalDay
2022-02-23,8667.0,-2092.0,0.0,0,421.95,0.0,1,16.03,36.95,SPY220331P00456000,456.0,0,0.0,0.0,,0.0,normalDay
2022-02-24,8667.0,-1715.0,0.0,0,428.3,0.0,1,16.03,33.18,SPY220331P00456000,456.0,0,0.0,0.0,,0.0,normalDay
2022-02-25,8667.0,-730.0,0.0,0,437.75,0.0,1,16.03,23.33,SPY220331P00456000,456.0,0,0.0,0.0,,0.0,normalDay
2022-02-28,8667.0,-829.0,0.0,0,436.63,0.0,1,16.03,24.32,SPY220331P00456000,456.0,0,0.0,0.0,,0.0,normalDay
2022-03-01,8667.0,-1373.0,0.0,0,429.98,0.0,1,16.03,29.76,SPY220331P00456000,456.0,0,0.0,0.0,,0.0,normalDay
2022-03-02,8667.0,-760.0,0.0,0,437.89,0.0,1,16.03,23.63,SPY220331P00456000,456.0,0,0.0,0.0,,0.0,normalDay
2022-03-03,8667.0,-991.0,0.0,0,435.71,0.0,1,16.03,25.94,SPY220331P00456000,456.0,0,0.0,0.0,,0.0,normalDay
2022-03-04,8667.0,-1199.0,0.0,0,432.17,0.0,1,16.03,28.02,SPY220331P00456000,456.0,0,0.0,0.0,,0.0,normalDay
2022-03-07,8667.0,-2408.0,0.0,0,419.43,0.0,1,16.03,40.11,SPY220331P00456000,456.0,0,0.0,0.0,,0.0,normalDay
2022-03-08,8667.0,-2716.0,0.0,0,416.25,0.0,1,16.03,43.19,SPY220331P00456000,456.0,0,0.0,0.0,,0.0,normalDay
2022-03-09,8667.0,-1501.0,0.0,0,427.41,0.0,1,16.03,31.04,SPY220331P00456000,456.0,0,0.0,0.0,,0.0,normalDay
2022-03-10,8667.0,-1713.0,0.0,0,425.48,0.0,1,16.03,33.16,SPY220331P00456000,456.0,0,0.0,0.0,,0.0,normalDay
2022-03-11,8667.0,-2180.0,0.0,0,420.07,0.0,1,16.03,37.83,SPY220331P00456000,456.0,0,0.0,0.0,,0.0,normalDay
2022-03-14,8667.0,-2435.0,0.0,0,417.0,0.0,1,16.03,40.38,SPY220331P00456000,456.0,0,0.0,0.0,,0.0,normalDay
2022-03-15,8667.0,-1654.0,0.0,0,426.17,0.0,1,16.03,32.57,SPY220331P00456000,456.0,0,0.0,0.0,,0.0,normalDay
2022-03-16,8667.0,-724.0,0.0,0,435.62,0.0,1,16.03,23.27,SPY220331P00456000,456.0,0,0.0,0.0,,0.0,normalDay
2022-03-17,8667.0,-248.0,0.0,0,441.07,0.0,1,16.03,18.51,SPY220331P00456000,456.0,0,0.0,0.0,,0.0,normalDay
2022-03-18,8667.0,271.0,0.0,0,444.52,0.0,1,16.03,13.32,SPY220331P00456000,456.0,0,0.0,0.0,,0.0,normalDay
2022-03-21,8667.0,319.0,0.0,0,444.39,0.0,1,16.03,12.84,SPY220331P00456000,456.0,0,0.0,0.0,,0.0,normalDay
2022-03-22,8667.0,706.0,0.0,0,449.59,0.0,1,16.03,8.97,SPY220331P00456000,456.0,0,0.0,0.0,,0.0,normalDay
2022-03-23,8667.0,267.0,0.0,0,443.8,0.0,1,16.03,13.36,SPY220331P00456000,456.0,0,0.0,0.0,,0.0,normalDay
2022-03-24,8667.0,836.0,0.0,0,450.49,0.0,1,16.03,7.67,SPY220331P00456000,456.0,0,0.0,0.0,,0.0,normalDay
2022-03-25,8667.0,1035.0,0.0,0,452.69,0.0,1,16.03,5.68,SPY220331P00456000,456.0,0,0.0,0.0,,0.0,normalDay
2022-03-28,8667.0,1324.0,0.0,0,455.91,0.0,1,16.03,2.79,SPY220331P00456000,456.0,0,0.0,0.0,,0.0,normalDay
2022-03-29,8667.0,1516.0,0.0,0,461.55,0.0,1,16.03,0.87,SPY220331P00456000,456.0,0,0.0,0.0,,0.0,normalDay
2022-03-30,8667.0,1527.0,0.0,0,458.7,0.0,1,16.03,0.76,SPY220331P00456000,456.0,0,0.0,0.0,,0.0,normalDay
2022-03-31,10270.0,-436.0,1603.0,100,451.64,456.0,1,16.03,0.0,SPY220331P00456000,456.0,0,0.0,0.0,,0.0,expirationDay
2022-04-01,10270.0,-308.0,0.0,100,452.92,456.0,0,0.0,0.0,,0.0,0,0.0,0.0,,0.0,bidTooLow
2022-04-04,10270.0,80.0,0.0,100,456.8,456.0,0,0.0,0.0,,0.0,0,0.0,0.0,,0.0,bidTooLow
2022-04-05,10270.0,-497.0,0.0,100,451.03,456.0,0,0.0,0.0,,0.0,0,0.0,0.0,,0.0,bidTooLow
2022-04-06,10270.0,-948.0,0.0,100,446.52,456.0,0,0.0,0.0,,0.0,0,0.0,0.0,,0.0,bidTooLow
2022-04-07,10270.0,-723.0,0.0,100,448.77,456.0,0,0.0,0.0,,0.0,0,0.0,0.0,,0.0,bidTooLow
2022-04-08,10270.0,-843.0,0.0,100,447.57,456.0,0,0.0,0.0,,0.0,0,0.0,0.0,,0.0,bidTooLow
2022-04-11,10270.0,-1608.0,0.0,100,439.92,456.0,0,0.0,0.0,,0.0,0,0.0,0.0,,0.0,bidTooLow
2022-04-12,10270.0,-1771.0,0.0,100,438.29,456.0,0,0.0,0.0,,0.0,0,0.0,0.0,,0.0,bidTooLow
2022-04-13,10270.0,-1269.0,0.0,100,443.31,456.0,0,0.0,0.0,,0.0,0,0.0,0.0,,0.0,bidTooLow
2022-04-14,10270.0,-1821.0,0.0,100,437.79,456.0,0,0.0,0.0,,0.0,0,0.0,0.0,,0.0,bidTooLow
2022-04-18,10270.0,-1803.0,0.0,100,437.97,456.0,0,0.0,0.0,,0.0,0,0.0,0.0,,0.0,bidTooLow
2022-04-19,10270.0,-1099.0,0.0,100,445.04,456.0,0,0.0,0.0,,0.0,1,0.01,0.04,SPY220506C00478000,478.0,normalDay
2022-04-20,10270.0,-1131.0,0.0,100,444.71,456.0,0,0.0,0.0,,0.0,1,0.01,0.03,SPY220506C00478000,478.0,normalDay
2022-04-21,10270.0,-1795.0,0.0,100,438.06,456.0,0,0.0,0.0,,0.0,1,0.01,0.02,SPY220506C00478000,478.0,normalDay
2022-04-22,10270.0,-2997.0,0.0,100,426.04,456.0,0,0.0,0.0,,0.0,1,0.01,0.02,SPY220506C00478000,478.0,normalDay
2022-04-25,10270.0,-2749.0,0.0,100,428.51,456.0,0,0.0,0.0,,0.0,1,0.01,0.01,SPY220506C00478000,478.0,normalDay
2022-04-26,10270.0,-3991.0,0.0,100,416.1,456.0,0,0.0,0.0,,0.0,1,0.01,0.02,SPY220506C00478000,478.0,normalDay
2022-04-27,10270.0,-3873.0,0.0,100,417.27,456.0,0,0.0,0.0,,0.0,1,0.01,0.01,SPY220506C00478000,478.0,normalDay
2022-04-28,10270.0,-2819.0,0.0,100,427.81,456.0,0,0.0,0.0,,0.0,1,0.01,0.01,SPY220506C00478000,478.0,normalDay
2022-04-29,10270.0,-4400.0,0.0,100,412.0,456.0,0,0.0,0.0,,0.0,1,0.01,0.01,SPY220506C00478000,478.0,normalDay
2022-05-02,10270.0,-4152.0,0.0,100,414.48,456.0,0,0.0,0.0,,0.0,1,0.01,0.01,SPY220506C00478000,478.0,normalDay
2022-05-03,10270.0,-3962.0,0.0,100,416.38,456.0,0,0.0,0.0,,0.0,1,0.01,0.01,SPY220506C00478000,478.0,normalDay
2022-05-04,10270.0,-2694.0,0.0,100,429.06,456.0,0,0.0,0.0,,0.0,1,0.01,0.01,SPY220506C00478000,478.0,normalDay
2022-05-05,10270.0,-4219.0,0.0,100,413.81,456.0,0,0.0,0.0,,0.0,1,0.01,0.01,SPY220506C00478000,478.0,normalDay
2022-05-06,10271.0,-4466.0,1.0,100,411.34,456.0,0,0.0,0.0,,0.0,1,0.01,0.0,SPY220506C00478000,478.0,expirationDay
2022-05-09,10271.0,-5783.0,0.0,100,398.17,456.0,0,0.0,0.0,,0.0,0,0.0,0.0,,0.0,bidTooLow
2022-05-10,10271.0,-5691.0,0.0,100,399.09,456.0,0,0.0,0.0,,0.0,0,0.0,0.0,,0.0,bidTooLow
2022-05-11,10271.0,-6325.0,0.0,100,392.75,456.0,0,0.0,0.0,,0.0,0,0.0,0.0,,0.0,bidTooLow
2022-05-12,10271.0,-6366.0,0.0,100,392.34,456.0,0,0.0,0.0,,0.0,0,0.0,0.0,,0.0,bidTooLow
2022-05-13,10271.0,-5428.0,0.0,100,401.72,456.0,0,0.0,0.0,,0.0,0,0.0,0.0,,0.0,bidTooLow
2022-05-16,10271.0,-5591.0,0.0,100,400.09,456.0,0,0.0,0.0,,0.0,0,0.0,0.0,,0.0,bidTooLow
2022-05-17,10271.0,-4768.0,0.0,100,408.32,456.0,0,0.0,0.0,,0.0,0,0.0,0.0,,0.0,bidTooLow
2022-05-18,10271.0,-6414.0,0.0,100,391.86,456.0,0,0.0,0.0,,0.0,0,0.0,0.0,,0.0,bidTooLow
2022-05-19,10271.0,-6654.0,0.0,100,389.46,456.0,0,0.0,0.0,,0.0,0,0.0,0.0,,0.0,bidTooLow
2022-05-20,10271.0,-6637.0,0.0,100,389.63,456.0,0,0.0,0.0,,0.0,0,0.0,0.0,,0.0,bidTooLow
2022-05-23,10271.0,-5908.0,0.0,100,396.92,456.0,0,0.0,0.0,,0.0,0,0.0,0.0,,0.0,bidTooLow
2022-05-24,10271.0,-6211.0,0.0,100,393.89,456.0,0,0.0,0.0,,0.0,0,0.0,0.0,,0.0,bidTooLow
2022-05-25,10271.0,-5866.0,0.0,100,397.37,456.0,0,0.0,0.0,,0.0,1,0.01,0.04,SPY220613C00455000,455.0,normalDay
2022-05-26,10271.0,-5073.0,0.0,100,405.31,456.0,0,0.0,0.0,,0.0,1,0.01,0.05,SPY220613C00455000,455.0,normalDay
2022-05-27,10271.0,-4083.0,0.0,100,415.26,456.0,0,0.0,0.0,,0.0,1,0.01,0.1,SPY220613C00455000,455.0,normalDay
2022-05-31,10271.0,-4310.0,0.0,100,412.93,456.0,0,0.0,0.0,,0.0,1,0.01,0.04,SPY220613C00455000,455.0,normalDay
2022-06-01,10271.0,-4643.0,0.0,100,409.59,456.0,0,0.0,0.0,,0.0,1,0.01,0.03,SPY220613C00455000,455.0,normalDay
2022-06-02,10271.0,-3863.0,0.0,100,417.39,456.0,0,0.0,0.0,,0.0,1,0.01,0.03,SPY220613C00455000,455.0,normalDay
2022-06-03,10271.0,-4547.0,0.0,100,410.54,456.0,0,0.0,0.0,,0.0,1,0.01,0.02,SPY220613C00455000,455.0,normalDay
2022-06-06,10271.0,-4422.0,0.0,100,411.79,456.0,0,0.0,0.0,,0.0,1,0.01,0.02,SPY220613C00455000,455.0,normalDay
2022-06-07,10271.0,-4026.0,0.0,100,415.74,456.0,0,0.0,0.0,,0.0,1,0.01,0.01,SPY220613C00455000,455.0,normalDay
2022-06-08,10271.0,-4478.0,0.0,100,411.22,456.0,0,0.0,0.0,,0.0,1,0.01,0.01,SPY220613C00455000,455.0,normalDay
2022-06-09,10271.0,-5456.0,0.0,100,401.44,456.0,0,0.0,0.0,,0.0,1,0.01,0.01,SPY220613C00455000,455.0,normalDay
2022-06-10,10271.0,-6620.0,0.0,100,389.8,456.0,0,0.0,0.0,,0.0,1,0.01,0.01,SPY220613C00455000,455.0,normalDay
2022-06-13,10272.0,-8100.0,1.0,100,375.0,456.0,0,0.0,0.0,,0.0,1,0.01,0.0,SPY220613C00455000,455.0,expirationDay
2022-06-14,10272.0,-8213.0,0.0,100,373.87,456.0,0,0.0,0.0,,0.0,0,0.0,0.0,,0.0,bidTooLow
2022-06-15,10272.0,-7680.0,0.0,100,379.2,456.0,0,0.0,0.0,,0.0,0,0.0,0.0,,0.0,bidTooLow
2022-06-16,10272.0,-8935.0,0.0,100,366.65,456.0,0,0.0,0.0,,0.0,0,0.0,0.0,,0.0,bidTooLow
2022-06-17,10272.0,-9014.0,0.0,100,365.86,456.0,0,0.0,0.0,,0.0,0,0.0,0.0,,0.0,bidTooLow
2022-06-21,10272.0,-8093.0,0.0,100,375.07,456.0,0,0.0,0.0,,0.0,0,0.0,0.0,,0.0,bidTooLow
2022-06-22,10272.0,-8161.0,0.0,100,374.39,456.0,0,0.0,0.0,,0.0,0,0.0,0.0,,0.0,bidTooLow
2022-06-23,10272.0,-7794.0,0.0,100,378.06,456.0,0,0.0,0.0,,0.0,0,0.0,0.0,,0.0,bidTooLow
2022-06-24,10272.0,-6592.0,0.0,100,390.08,456.0,0,0.0,0.0,,0.0,0,0.0,0.0,,0.0,bidTooLow
2022-06-27,10272.0,-6741.0,0.0,100,388.59,456.0,0,0.0,0.0,,0.0,0,0.0,0.0,,0.0,bidTooLow
2022-06-28,10272.0,-7535.0,0.0,100,380.65,456.0,0,0.0,0.0,,0.0,0,0.0,0.0,,0.0,bidTooLow
2022-06-29,10272.0,-7566.0,0.0,100,380.34,456.0,0,0.0,0.0,,0.0,0,0.0,0.0,,0.0,bidTooLow
2022-06-30,10272.0,-7875.0,0.0,100,377.25,456.0,0,0.0,0.0,,0.0,0,0.0,0.0,,0.0,bidTooLow
2022-07-01,10272.0,-7476.0,0.0,100,381.24,456.0,0,0.0,0.0,,0.0,0,0.0,0.0,,0.0,bidTooLow
2022-07-05,10272.0,-7404.0,0.0,100,381.96,456.0,0,0.0,0.0,,0.0,0,0.0,0.0,,0.0,bidTooLow
2022-07-06,10272.0,-7275.0,0.0,100,383.25,456.0,0,0.0,0.0,,0.0,0,0.0,0.0,,0.0,bidTooLow
2022-07-07,10272.0,-6704.0,0.0,100,388.99,456.0,0,0.0,0.0,,0.0,1,0.06,0.09,SPY220725C00426000,426.0,normalDay
2022-07-08,10272.0,-6732.0,0.0,100,388.67,456.0,0,0.0,0.0,,0.0,1,0.06,0.05,SPY220725C00426000,426.0,normalDay
2022-07-11,10272.0,-7174.0,0.0,100,384.23,456.0,0,0.0,0.0,,0.0,1,0.06,0.03,SPY220725C00426000,426.0,normalDay
2022-07-12,10272.0,-7513.0,0.0,100,380.83,456.0,0,0.0,0.0,,0.0,1,0.06,0.02,SPY220725C00426000,426.0,normalDay
2022-07-13,10272.0,-7713.0,0.0,100,378.83,456.0,0,0.0,0.0,,0.0,1,0.06,0.02,SPY220725C00426000,426.0,normalDay
2022-07-14,10272.0,-7804.0,0.0,100,377.91,456.0,0,0.0,0.0,,0.0,1,0.06,0.01,SPY220725C00426000,426.0,normalDay
2022-07-15,10272.0,-7082.0,0.0,100,385.13,456.0,0,0.0,0.0,,0.0,1,0.06,0.01,SPY220725C00426000,426.0,normalDay
2022-07-18,10272.0,-7400.0,0.0,100,381.95,456.0,0,0.0,0.0,,0.0,1,0.06,0.01,SPY220725C00426000,426.0,normalDay
2022-07-19,10272.0,-6368.0,0.0,100,392.27,456.0,0,0.0,0.0,,0.0,1,0.06,0.01,SPY220725C00426000,426.0,normalDay
2022-07-20,10272.0,-6118.0,0.0,100,394.77,456.0,0,0.0,0.0,,0.0,1,0.06,0.01,SPY220725C00426000,426.0,normalDay
2022-07-21,10272.0,-5716.0,0.0,100,398.79,456.0,0,0.0,0.0,,0.0,1,0.06,0.01,SPY220725C00426000,426.0,normalDay
2022-07-22,10272.0,-6086.0,0.0,100,395.09,456.0,0,0.0,0.0,,0.0,1,0.06,0.01,SPY220725C00426000,426.0,normalDay
2022-07-25,10278.0,-6043.0,6.0,100,395.57,456.0,0,0.0,0.0,,0.0,1,0.06,0.0,SPY220725C00426000,426.0,expirationDay
2022-07-26,10278.0,-6514.0,0.0,100,390.89,456.0,0,0.0,0.0,,0.0,1,0.67,0.7,SPY220812C00414000,414.0,normalDay
2022-07-27,10278.0,-5602.0,0.0,100,401.04,456.0,0,0.0,0.0,,0.0,1,0.67,1.73,SPY220812C00414000,414.0,normalDay
2022-07-28,10278.0,-5268.0,0.0,100,406.07,456.0,0,0.0,0.0,,0.0,1,0.67,3.42,SPY220812C00414000,414.0,normalDay
2022-07-29,10278.0,-4836.0,0.0,100,411.99,456.0,0,0.0,0.0,,0.0,1,0.67,5.02,SPY220812C00414000,414.0,normalDay
2022-08-01,10278.0,-4891.0,0.0,100,410.77,456.0,0,0.0,0.0,,0.0,1,0.67,4.35,SPY220812C00414000,414.0,normalDay
2022-08-02,10278.0,-5039.0,0.0,100,408.06,456.0,0,0.0,0.0,,0.0,1,0.67,3.12,SPY220812C00414000,414.0,normalDay
2022-08-03,10278.0,-4606.0,0.0,100,414.45,456.0,0,0.0,0.0,,0.0,1,0.67,5.18,SPY220812C00414000,414.0,normalDay
2022-08-04,10278.0,-4607.0,0.0,100,414.17,456.0,0,0.0,0.0,,0.0,1,0.67,4.91,SPY220812C00414000,414.0,normalDay
2022-08-05,10278.0,-4566.0,0.0,100,413.47,456.0,0,0.0,0.0,,0.0,1,0.67,3.8,SPY220812C00414000,414.0,normalDay
2022-08-08,10278.0,-4568.0,0.0,100,412.99,456.0,0,0.0,0.0,,0.0,1,0.67,3.34,SPY220812C00414000,414.0,normalDay
2022-08-09,10278.0,-4650.0,0.0,100,411.35,456.0,0,0.0,0.0,,0.0,1,0.67,2.52,SPY220812C00414000,414.0,normalDay
2022-08-10,10278.0,-4180.0,0.0,100,419.99,456.0,0,0.0,0.0,,0.0,1,0.67,6.46,SPY220812C00414000,414.0,normalDay
2022-08-11,10278.0,-4213.0,0.0,100,419.99,456.0,0,0.0,0.0,,0.0,1,0.67,6.79,SPY220812C00414000,414.0,normalDay
2022-08-12,6145.0,-4213.0,-4133.0,0,427.1,0.0,0,0.0,0.0,,0.0,1,0.67,0.0,SPY220812C00414000,414.0,expirationDay
2022-08-15,6145.0,-8.0,0.0,0,428.86,0.0,1,9.52,9.6,SPY221230P00389000,389.0,0,0.0,0.0,,0.0,normalDay
2022-08-16,6145.0,7.0,0.0,0,429.7,0.0,1,9.52,9.45,SPY221230P00389000,389.0,0,0.0,0.0,,0.0,normalDay
2022-08-17,6145.0,-68.0,0.0,0,426.65,0.0,1,9.52,10.2,SPY221230P00389000,389.0,0,0.0,0.0,,0.0,normalDay
2022-08-18,6145.0,-19.0,0.0,0,427.89,0.0,1,9.52,9.71,SPY221230P00389000,389.0,0,0.0,0.0,,0.0,normalDay
2022-08-19,6145.0,-170.0,0.0,0,422.14,0.0,1,9.52,11.22,SPY221230P00389000,389.0,0,0.0,0.0,,0.0,normalDay
2022-08-22,6145.0,-414.0,0.0,0,413.35,0.0,1,9.52,13.66,SPY221230P00389000,389.0,0,0.0,0.0,,0.0,normalDay
2022-08-23,6145.0,-431.0,0.0,0,412.35,0.0,1,9.52,13.83,SPY221230P00389000,389.0,0,0.0,0.0,,0.0,normalDay
2022-08-24,6145.0,-336.0,0.0,0,413.67,0.0,1,9.52,12.88,SPY221230P00389000,389.0,0,0.0,0.0,,0.0,normalDay
2022-08-25,6145.0,-167.0,0.0,0,419.51,0.0,1,9.52,11.19,SPY221230P00389000,389.0,0,0.0,0.0,,0.0,normalDay
2022-08-26,6145.0,-631.0,0.0,0,405.31,0.0,1,9.52,15.83,SPY221230P00389000,389.0,0,0.0,0.0,,0.0,normalDay
2022-08-29,6145.0,-689.0,0.0,0,402.63,0.0,1,9.52,16.41,SPY221230P00389000,389.0,0,0.0,0.0,,0.0,normalDay
2022-08-30,6145.0,-829.0,0.0,0,398.21,0.0,1,9.52,17.81,SPY221230P00389000,389.0,0,0.0,0.0,,0.0,normalDay
2022-08-31,6145.0,-904.0,0.0,0,395.18,0.0,1,9.52,18.56,SPY221230P00389000,389.0,0,0.0,0.0,,0.0,normalDay
2022-09-01,6145.0,-834.0,0.0,0,396.42,0.0,1,9.52,17.86,SPY221230P00389000,389.0,0,0.0,0.0,,0.0,normalDay
2022-09-02,6145.0,-981.0,0.0,0,392.24,0.0,1,9.52,19.33,SPY221230P00389000,389.0,0,0.0,0.0,,0.0,normalDay
2022-09-06,6145.0,-1088.0,0.0,0,390.76,0.0,1,9.52,20.4,SPY221230P00389000,389.0,0,0.0,0.0,,0.0,normalDay
2022-09-07,6145.0,-737.0,0.0,0,397.78,0.0,1,9.52,16.89,SPY221230P00389000,389.0,0,0.0,0.0,,0.0,normalDay
2022-09-08,6145.0,-576.0,0.0,0,400.38,0.0,1,9.52,15.28,SPY221230P00389000,389.0,0,0.0,0.0,,0.0,normalDay
2022-09-09,6145.0,-390.0,0.0,0,406.6,0.0,1,9.52,13.42,SPY221230P00389000,389.0,0,0.0,0.0,,0.0,normalDay
2022-09-12,6145.0,-240.0,0.0,0,410.97,0.0,1,9.52,11.92,SPY221230P00389000,389.0,0,0.0,0.0,,0.0,normalDay
2022-09-13,6145.0,-875.0,0.0,0,393.1,0.0,1,9.52,18.27,SPY221230P00389000,389.0,0,0.0,0.0,,0.0,normalDay
2022-09-14,6145.0,-819.0,0.0,0,394.6,0.0,1,9.52,17.71,SPY221230P00389000,389.0,0,0.0,0.0,,0.0,normalDay
2022-09-15,6145.0,-948.0,0.0,0,390.12,0.0,1,9.52,19.0,SPY221230P00389000,389.0,0,0.0,0.0,,0.0,normalDay
2022-09-16,6145.0,-1082.0,0.0,0,385.56,0.0,1,9.52,20.34,SPY221230P00389000,389.0,0,0.0,0.0,,0.0,normalDay
2022-09-19,6145.0,-933.0,0.0,0,388.55,0.0,1,9.52,18.85,SPY221230P00389000,389.0,0,0.0,0.0,,0.0,normalDay
2022-09-20,6145.0,-1143.0,0.0,0,384.09,0.0,1,9.52,20.95,SPY221230P00389000,389.0,0,0.0,0.0,,0.0,normalDay
2022-09-21,6145.0,-1499.0,0.0,0,377.39,0.0,1,9.52,24.51,SPY221230P00389000,389.0,0,0.0,0.0,,0.0,normalDay
2022-09-22,6145.0,-1614.0,0.0,0,374.22,0.0,1,9.52,25.66,SPY221230P00389000,389.0,0,0.0,0.0,,0.0,normalDay
2022-09-23,6145.0,-2084.0,0.0,0,367.95,0.0,1,9.52,30.36,SPY221230P00389000,389.0,0,0.0,0.0,,0.0,normalDay
2022-09-26,6145.0,-2361.0,0.0,0,364.31,0.0,1,9.52,33.13,SPY221230P00389000,389.0,0,0.0,0.0,,0.0,normalDay
2022-09-27,6145.0,-2369.0,0.0,0,363.38,0.0,1,9.52,33.21,SPY221230P00389000,389.0,0,0.0,0.0,,0.0,normalDay
2022-09-28,6145.0,-1864.0,0.0,0,370.53,0.0,1,9.52,28.16,SPY221230P00389000,389.0,0,0.0,0.0,,0.0,normalDay
2022-09-29,6145.0,-2364.0,0.0,0,362.79,0.0,1,9.52,33.16,SPY221230P00389000,389.0,0,0.0,0.0,,0.0,normalDay
2022-09-30,6145.0,-2661.0,0.0,0,357.18,0.0,1,9.52,36.13,SPY221230P00389000,389.0,0,0.0,0.0,,0.0,normalDay
2022-10-03,6145.0,-1999.0,0.0,0,366.61,0.0,1,9.52,29.51,SPY221230P00389000,389.0,0,0.0,0.0,,0.0,normalDay
2022-10-04,6145.0,-1353.0,0.0,0,377.97,0.0,1,9.52,23.05,SPY221230P00389000,389.0,0,0.0,0.0,,0.0,normalDay
2022-10-05,6145.0,-1358.0,0.0,0,377.09,0.0,1,9.52,23.1,SPY221230P00389000,389.0,0,0.0,0.0,,0.0,normalDay
2022-10-06,6145.0,-1636.0,0.0,0,373.2,0.0,1,9.52,25.88,SPY221230P00389000,389.0,0,0.0,0.0,,0.0,normalDay
2022-10-07,6145.0,-2336.0,0.0,0,362.79,0.0,1,9.52,32.88,SPY221230P00389000,389.0,0,0.0,0.0,,0.0,normalDay
2022-10-10,6145.0,-2509.0,0.0,0,360.02,0.0,1,9.52,34.61,SPY221230P00389000,389.0,0,0.0,0.0,,0.0,normalDay
2022-10-11,6145.0,-2700.0,0.0,0,357.74,0.0,1,9.52,36.52,SPY221230P00389000,389.0,0,0.0,0.0,,0.0,normalDay
2022-10-12,6145.0,-2794.0,0.0,0,356.56,0.0,1,9.52,37.46,SPY221230P00389000,389.0,0,0.0,0.0,,0.0,normalDay
2022-10-13,6145.0,-2124.0,0.0,0,365.97,0.0,1,9.52,30.76,SPY221230P00389000,389.0,0,0.0,0.0,,0.0,normalDay
2022-10-14,6145.0,-2697.0,0.0,0,357.63,0.0,1,9.52,36.49,SPY221230P00389000,389.0,0,0.0,0.0,,0.0,normalDay
2022-10-17,6145.0,-2015.0,0.0,0,366.82,0.0,1,9.52,29.67,SPY221230P00389000,389.0,0,0.0,0.0,,0.0,normalDay
2022-10-18,6145.0,-1680.0,0.0,0,371.13,0.0,1,9.52,26.32,SPY221230P00389000,389.0,0,0.0,0.0,,0.0,normalDay
2022-10-19,6145.0,-1928.0,0.0,0,368.5,0.0,1,9.52,28.8,SPY221230P00389000,389.0,0,0.0,0.0,,0.0,normalDay
2022-10-20,6145.0,-2057.0,0.0,0,365.41,0.0,1,9.52,30.09,SPY221230P00389000,389.0,0,0.0,0.0,,0.0,normalDay
2022-10-21,6145.0,-1533.0,0.0,0,374.29,0.0,1,9.52,24.85,SPY221230P00389000,389.0,0,0.0,0.0,,0.0,normalDay
2022-10-24,6145.0,-1283.0,0.0,0,378.87,0.0,1,9.52,22.35,SPY221230P00389000,389.0,0,0.0,0.0,,0.0,normalDay
2022-10-25,6145.0,-989.0,0.0,0,384.92,0.0,1,9.52,19.41,SPY221230P00389000,389.0,0,0.0,0.0,,0.0,normalDay
2022-10-26,6145.0,-944.0,0.0,0,382.02,0.0,1,9.52,18.96,SPY221230P00389000,389.0,0,0.0,0.0,,0.0,normalDay
2022-10-27,6145.0,-1309.0,0.0,0,379.98,0.0,1,9.52,22.61,SPY221230P00389000,389.0,0,0.0,0.0,,0.0,normalDay
2022-10-28,6145.0,-581.0,0.0,0,389.02,0.0,1,9.52,15.33,SPY221230P00389000,389.0,0,0.0,0.0,,0.0,normalDay
2022-10-31,6145.0,-659.0,0.0,0,386.21,0.0,1,9.52,16.11,SPY221230P00389000,389.0,0,0.0,0.0,,0.0,normalDay
2022-11-01,6145.0,-748.0,0.0,0,384.52,0.0,1,9.52,17.0,SPY221230P00389000,389.0,0,0.0,0.0,,0.0,normalDay
2022-11-02,6145.0,-1294.0,0.0,0,374.87,0.0,1,9.52,22.46,SPY221230P00389000,389.0,0,0.0,0.0,,0.0,normalDay
2022-11-03,6145.0,-1509.0,0.0,0,371.01,0.0,1,9.52,24.61,SPY221230P00389000,389.0,0,0.0,0.0,,0.0,normalDay
2022-11-04,6145.0,-1150.0,0.0,0,376.35,0.0,1,9.52,21.02,SPY221230P00389000,389.0,0,0.0,0.0,,0.0,normalDay
2022-11-07,6145.0,-884.0,0.0,0,379.95,0.0,1,9.52,18.36,SPY221230P00389000,389.0,0,0.0,0.0,,0.0,normalDay
2022-11-08,6145.0,-825.0,0.0,0,382.0,0.0,1,9.52,17.77,SPY221230P00389000,389.0,0,0.0,0.0,,0.0,normalDay
2022-11-09,6145.0,-1244.0,0.0,0,374.13,0.0,1,9.52,21.96,SPY221230P00389000,389.0,0,0.0,0.0,,0.0,normalDay
2022-11-10,6145.0,-119.0,0.0,0,394.69,0.0,1,9.52,10.71,SPY221230P00389000,389.0,0,0.0,0.0,,0.0,normalDay
2022-11-11,6145.0,64.0,0.0,0,398.51,0.0,1,9.52,8.88,SPY221230P00389000,389.0,0,0.0,0.0,,0.0,normalDay
2022-11-14,6145.0,1.0,0.0,0,395.12,0.0,1,9.52,9.51,SPY221230P00389000,389.0,0,0.0,0.0,,0.0,normalDay
2022-11-15,6145.0,104.0,0.0,0,398.49,0.0,1,9.52,8.48,SPY221230P00389000,389.0,0,0.0,0.0,,0.0,normalDay
2022-11-16,6145.0,30.0,0.0,0,395.45,0.0,1,9.52,9.22,SPY221230P00389000,389.0,0,0.0,0.0,,0.0,normalDay
2022-11-17,6145.0,-3.0,0.0,0,394.24,0.0,1,9.52,9.55,SPY221230P00389000,389.0,0,0.0,0.0,,0.0,normalDay
2022-11-18,6145.0,83.0,0.0,0,396.03,0.0,1,9.52,8.69,SPY221230P00389000,389.0,0,0.0,0.0,,0.0,normalDay
2022-11-21,6145.0,123.0,0.0,0,394.59,0.0,1,9.52,8.29,SPY221230P00389000,389.0,0,0.0,0.0,,0.0,normalDay
2022-11-22,6145.0,341.0,0.0,0,399.9,0.0,1,9.52,6.11,SPY221230P00389000,389.0,0,0.0,0.0,,0.0,normalDay
2022-11-23,6145.0,447.0,0.0,0,402.42,0.0,1,9.52,5.05,SPY221230P00389000,389.0,0,0.0,0.0,,0.0,normalDay
2022-11-25,6145.0,464.0,0.0,0,402.33,0.0,1,9.52,4.88,SPY221230P00389000,389.0,0,0.0,0.0,,0.0,normalDay
2022-11-28,6145.0,253.0,0.0,0,395.91,0.0,1,9.52,6.99,SPY221230P00389000,389.0,0,0.0,0.0,,0.0,normalDay
2022-11-29,6145.0,245.0,0.0,0,395.23,0.0,1,9.52,7.07,SPY221230P00389000,389.0,0,0.0,0.0,,0.0,normalDay
2022-11-30,6145.0,626.0,0.0,0,407.68,0.0,1,9.52,3.26,SPY221230P00389000,389.0,0,0.0,0.0,,0.0,normalDay
2022-12-01,6145.0,645.0,0.0,0,407.38,0.0,1,9.52,3.07,SPY221230P00389000,389.0,0,0.0,0.0,,0.0,normalDay
2022-12-02,6145.0,673.0,0.0,0,406.91,0.0,1,9.52,2.79,SPY221230P00389000,389.0,0,0.0,0.0,,0.0,normalDay
2022-12-05,6145.0,502.0,0.0,0,399.59,0.0,1,9.52,4.5,SPY221230P00389000,389.0,0,0.0,0.0,,0.0,normalDay
2022-12-06,6145.0,274.0,0.0,0,393.83,0.0,1,9.52,6.78,SPY221230P00389000,389.0,0,0.0,0.0,,0.0,normalDay
2022-12-07,6145.0,241.0,0.0,0,393.16,0.0,1,9.52,7.11,SPY221230P00389000,389.0,0,0.0,0.0,,0.0,normalDay
2022-12-08,6145.0,388.0,0.0,0,396.24,0.0,1,9.52,5.64,SPY221230P00389000,389.0,0,0.0,0.0,,0.0,normalDay
2022-12-09,6145.0,299.0,0.0,0,393.28,0.0,1,9.52,6.53,SPY221230P00389000,389.0,0,0.0,0.0,,0.0,normalDay
2022-12-12,6145.0,458.0,0.0,0,398.95,0.0,1,9.52,4.94,SPY221230P00389000,389.0,0,0.0,0.0,,0.0,normalDay
2022-12-13,6145.0,678.0,0.0,0,401.97,0.0,1,9.52,2.74,SPY221230P00389000,389.0,0,0.0,0.0,,0.0,normalDay
2022-12-14,6145.0,702.0,0.0,0,399.4,0.0,1,9.52,2.5,SPY221230P00389000,389.0,0,0.0,0.0,,0.0,normalDay
2022-12-15,6145.0,340.0,0.0,0,389.63,0.0,1,9.52,6.12,SPY221230P00389000,389.0,0,0.0,0.0,,0.0,normalDay
2022-12-16,6145.0,97.0,0.0,0,383.27,0.0,1,9.52,8.55,SPY221230P00389000,389.0,0,0.0,0.0,,0.0,normalDay
2022-12-19,6145.0,-92.0,0.0,0,380.02,0.0,1,9.52,10.44,SPY221230P00389000,389.0,0,0.0,0.0,,0.0,normalDay
2022-12-20,6145.0,7.0,0.0,0,380.54,0.0,1,9.52,9.45,SPY221230P00389000,389.0,0,0.0,0.0,,0.0,normalDay
2022-12-21,6145.0,436.0,0.0,0,386.23,0.0,1,9.52,5.16,SPY221230P00389000,389.0,0,0.0,0.0,,0.0,normalDay
2022-12-22,6145.0,37.0,0.0,0,380.72,0.0,1,9.52,9.15,SPY221230P00389000,389.0,0,0.0,0.0,,0.0,normalDay
2022-12-23,6145.0,244.0,0.0,0,382.91,0.0,1,9.52,7.08,SPY221230P00389000,389.0,0,0.0,0.0,,0.0,normalDay
2022-12-27,6145.0,166.0,0.0,0,381.4,0.0,1,9.52,7.86,SPY221230P00389000,389.0,0,0.0,0.0,,0.0,normalDay
2022-12-28,6145.0,-280.0,0.0,0,376.66,0.0,1,9.52,12.32,SPY221230P00389000,389.0,0,0.0,0.0,,0.0,normalDay
2022-12-29,6145.0,362.0,0.0,0,383.44,0.0,1,9.52,5.9,SPY221230P00389000,389.0,0,0.0,0.0,,0.0,normalDay
2022-12-30,7097.0,-657.0,952.0,100,382.43,389.0,1,9.52,0.0,SPY221230P00389000,389.0,0,0.0,0.0,,0.0,expirationDay
2023-01-03,7097.0,-821.0,0.0,100,380.82,389.0,0,0.0,0.0,,0.0,1,0.03,0.06,SPY230120C00422000,422.0,normalDay
2023-01-04,7097.0,-528.0,0.0,100,383.76,389.0,0,0.0,0.0,,0.0,1,0.03,0.07,SPY230120C00422000,422.0,normalDay
2023-01-05,7097.0,-963.0,0.0,100,379.38,389.0,0,0.0,0.0,,0.0,1,0.03,0.04,SPY230120C00422000,422.0,normalDay
2023-01-06,7097.0,-95.0,0.0,100,388.08,389.0,0,0.0,0.0,,0.0,1,0.03,0.06,SPY230120C00422000,422.0,normalDay
2023-01-09,7097.0,-117.0,0.0,100,387.86,389.0,0,0.0,0.0,,0.0,1,0.03,0.06,SPY230120C00422000,422.0,normalDay
2023-01-10,7097.0,156.0,0.0,100,390.58,389.0,0,0.0,0.0,,0.0,1,0.03,0.05,SPY230120C00422000,422.0,normalDay
2023-01-11,7097.0,643.0,0.0,100,395.52,389.0,0,0.0,0.0,,0.0,1,0.03,0.12,SPY230120C00422000,422.0,normalDay
2023-01-12,7097.0,795.0,0.0,100,396.96,389.0,0,0.0,0.0,,0.0,1,0.03,0.04,SPY230120C00422000,422.0,normalDay
2023-01-13,7097.0,951.0,0.0,100,398.5,389.0,0,0.0,0.0,,0.0,1,0.03,0.02,SPY230120C00422000,422.0,normalDay
2023-01-17,7097.0,878.0,0.0,100,397.77,389.0,0,0.0,0.0,,0.0,1,0.03,0.02,SPY230120C00422000,422.0,normalDay
2023-01-18,7097.0,251.0,0.0,100,391.49,389.0,0,0.0,0.0,,0.0,1,0.03,0.01,SPY230120C00422000,422.0,normalDay
2023-01-19,7097.0,-34.0,0.0,100,388.64,389.0,0,0.0,0.0,,0.0,1,0.03,0.01,SPY230120C00422000,422.0,normalDay
2023-01-20,7100.0,688.0,3.0,100,395.88,389.0,0,0.0,0.0,,0.0,1,0.03,0.0,SPY230120C00422000,422.0,expirationDay
2023-01-23,7100.0,1160.0,0.0,100,400.63,389.0,0,0.0,0.0,,0.0,1,0.7,0.73,SPY230210C00420000,420.0,normalDay
2023-01-24,7100.0,1118.0,0.0,100,400.2,389.0,0,0.0,0.0,,0.0,1,0.7,0.72,SPY230210C00420000,420.0,normalDay
2023-01-25,7100.0,1150.0,0.0,100,400.35,389.0,0,0.0,0.0,,0.0,1,0.7,0.55,SPY230210C00420000,420.0,normalDay
2023-01-26,7100.0,1553.0,0.0,100,404.75,389.0,0,0.0,0.0,,0.0,1,0.7,0.92,SPY230210C00420000,420.0,normalDay
2023-01-27,7100.0,1645.0,0.0,100,405.68,389.0,0,0.0,0.0,,0.0,1,0.7,0.93,SPY230210C00420000,420.0,normalDay
2023-01-30,7100.0,1180.0,0.0,100,400.59,389.0,0,0.0,0.0,,0.0,1,0.7,0.49,SPY230210C00420000,420.0,normalDay
2023-01-31,7100.0,1728.0,0.0,100,406.48,389.0,0,0.0,0.0,,0.0,1,0.7,0.9,SPY230210C00420000,420.0,normalDay
2023-02-01,7100.0,2104.0,0.0,100,410.8,389.0,0,0.0,0.0,,0.0,1,0.7,1.46,SPY230210C00420000,420.0,normalDay
2023-02-02,7100.0,2602.0,0.0,100,416.78,389.0,0,0.0,0.0,,0.0,1,0.7,2.46,SPY230210C00420000,420.0,normalDay
2023-02-03,7100.0,2301.0,0.0,100,412.35,389.0,0,0.0,0.0,,0.0,1,0.7,1.04,SPY230210C00420000,420.0,normalDay
2023-02-06,7100.0,2106.0,0.0,100,409.83,389.0,0,0.0,0.0,,0.0,1,0.7,0.47,SPY230210C00420000,420.0,normalDay
2023-02-07,7100.0,2609.0,0.0,100,415.19,389.0,0,0.0,0.0,,0.0,1,0.7,0.8,SPY230210C00420000,420.0,normalDay
2023-02-08,7100.0,2218.0,0.0,100,410.65,389.0,0,0.0,0.0,,0.0,1,0.7,0.17,SPY230210C00420000,420.0,normalDay
2023-02-09,7100.0,1877.0,0.0,100,407.09,389.0,0,0.0,0.0,,0.0,1,0.7,0.02,SPY230210C00420000,420.0,normalDay
2023-02-10,7170.0,1904.0,70.0,100,408.04,389.0,0,0.0,0.0,,0.0,1,0.7,0.0,SPY230210C00420000,420.0,expirationDay
2023-02-13,7170.0,2380.0,0.0,100,412.83,389.0,0,0.0,0.0,,0.0,1,0.26,0.29,SPY230303C00438000,438.0,normalDay
2023-02-14,7170.0,2378.0,0.0,100,412.64,389.0,0,0.0,0.0,,0.0,1,0.26,0.12,SPY230303C00438000,438.0,normalDay
2023-02-15,7170.0,2514.0,0.0,100,413.98,389.0,0,0.0,0.0,,0.0,1,0.26,0.1,SPY230303C00438000,438.0,normalDay
2023-02-16,7170.0,1950.0,0.0,100,408.28,389.0,0,0.0,0.0,,0.0,1,0.26,0.04,SPY230303C00438000,438.0,normalDay
2023-02-17,7170.0,1850.0,0.0,100,407.26,389.0,0,0.0,0.0,,0.0,1,0.26,0.02,SPY230303C00438000,438.0,normalDay
2023-02-21,7170.0,1033.0,0.0,100,399.09,389.0,0,0.0,0.0,,0.0,1,0.26,0.02,SPY230303C00438000,438.0,normalDay
2023-02-22,7170.0,979.0,0.0,100,398.54,389.0,0,0.0,0.0,,0.0,1,0.26,0.01,SPY230303C00438000,438.0,normalDay
2023-02-23,7170.0,1191.0,0.0,100,400.66,389.0,0,0.0,0.0,,0.0,1,0.26,0.01,SPY230303C00438000,438.0,normalDay
2023-02-24,7170.0,763.0,0.0,100,396.38,389.0,0,0.0,0.0,,0.0,1,0.26,0.01,SPY230303C00438000,438.0,normalDay
2023-02-27,7170.0,898.0,0.0,100,397.73,389.0,0,0.0,0.0,,0.0,1,0.26,0.01,SPY230303C00438000,438.0,normalDay
2023-02-28,7170.0,751.0,0.0,100,396.26,389.0,0,0.0,0.0,,0.0,1,0.26,0.01,SPY230303C00438000,438.0,normalDay
2023-03-01,7170.0,599.0,0.0,100,394.74,389.0,0,0.0,0.0,,0.0,1,0.26,0.01,SPY230303C00438000,438.0,normalDay
2023-03-02,7170.0,906.0,0.0,100,397.81,389.0,0,0.0,0.0,,0.0,1,0.26,0.01,SPY230303C00438000,438.0,normalDay
2023-03-03,7196.0,1519.0,26.0,100,404.19,389.0,0,0.0,0.0,,0.0,1,0.26,0.0,SPY230303C00438000,438.0,expirationDay
2023-03-06,7196.0,1544.0,0.0,100,404.47,389.0,0,0.0,0.0,,0.0,1,0.15,0.18,SPY230324C00432000,432.0,normalDay
2023-03-07,7196.0,935.0,0.0,100,398.27,389.0,0,0.0,0.0,,0.0,1,0.15,0.07,SPY230324C00432000,432.0,normalDay
2023-03-08,7196.0,1001.0,0.0,100,398.92,389.0,0,0.0,0.0,,0.0,1,0.15,0.06,SPY230324C00432000,432.0,normalDay
2023-03-09,7196.0,266.0,0.0,100,391.56,389.0,0,0.0,0.0,,0.0,1,0.15,0.05,SPY230324C00432000,432.0,normalDay
2023-03-10,7196.0,-296.0,0.0,100,385.91,389.0,0,0.0,0.0,,0.0,1,0.15,0.02,SPY230324C00432000,432.0,normalDay
2023-03-13,7196.0,-352.0,0.0,100,385.36,389.0,0,0.0,0.0,,0.0,1,0.15,0.03,SPY230324C00432000,432.0,normalDay
2023-03-14,7196.0,286.0,0.0,100,391.73,389.0,0,0.0,0.0,,0.0,1,0.15,0.02,SPY230324C00432000,432.0,normalDay
2023-03-15,7196.0,41.0,0.0,100,389.28,389.0,0,0.0,0.0,,0.0,1,0.15,0.02,SPY230324C00432000,432.0,normalDay
2023-03-16,7196.0,724.0,0.0,100,396.11,389.0,0,0.0,0.0,,0.0,1,0.15,0.02,SPY230324C00432000,432.0,normalDay
2023-03-17,7196.0,112.0,0.0,100,389.99,389.0,0,0.0,0.0,,0.0,1,0.15,0.02,SPY230324C00432000,432.0,normalDay
2023-03-20,7196.0,488.0,0.0,100,393.74,389.0,0,0.0,0.0,,0.0,1,0.15,0.01,SPY230324C00432000,432.0,normalDay
2023-03-21,7196.0,1005.0,0.0,100,398.91,389.0,0,0.0,0.0,,0.0,1,0.15,0.01,SPY230324C00432000,432.0,normalDay
2023-03-22,7196.0,325.0,0.0,100,392.11,389.0,0,0.0,0.0,,0.0,1,0.15,0.01,SPY230324C00432000,432.0,normalDay
2023-03-23,7196.0,431.0,0.0,100,393.17,389.0,0,0.0,0.0,,0.0,1,0.15,0.01,SPY230324C00432000,432.0,normalDay
2023-03-24,7211.0,675.0,15.0,100,395.75,389.0,0,0.0,0.0,,0.0,1,0.15,0.0,SPY230324C00432000,432.0,expirationDay
2023-03-27,7211.0,746.0,0.0,100,396.49,389.0,0,0.0,0.0,,0.0,1,0.55,0.58,SPY230414C00416000,416.0,normalDay
2023-03-28,7211.0,672.0,0.0,100,395.6,389.0,0,0.0,0.0,,0.0,1,0.55,0.43,SPY230414C00416000,416.0,normalDay
2023-03-29,7211.0,1205.0,0.0,100,401.35,389.0,0,0.0,0.0,,0.0,1,0.55,0.85,SPY230414C00416000,416.0,normalDay
2023-03-30,7211.0,1417.0,0.0,100,403.7,389.0,0,0.0,0.0,,0.0,1,0.55,1.08,SPY230414C00416000,416.0,normalDay
2023-03-31,7211.0,1838.0,0.0,100,409.39,389.0,0,0.0,0.0,,0.0,1,0.55,2.56,SPY230414C00416000,416.0,normalDay
2023-04-03,7211.0,1994.0,0.0,100,410.95,389.0,0,0.0,0.0,,0.0,1,0.55,2.56,SPY230414C00416000,416.0,normalDay
2023-04-04,7211.0,1860.0,0.0,100,408.67,389.0,0,0.0,0.0,,0.0,1,0.55,1.62,SPY230414C00416000,416.0,normalDay
2023-04-05,7211.0,1807.0,0.0,100,407.6,389.0,0,0.0,0.0,,0.0,1,0.55,1.08,SPY230414C00416000,416.0,normalDay
2023-04-06,7211.0,1965.0,0.0,100,409.19,389.0,0,0.0,0.0,,0.0,1,0.55,1.09,SPY230414C00416000,416.0,normalDay
2023-04-10,7211.0,2036.0,0.0,100,409.61,389.0,0,0.0,0.0,,0.0,1,0.55,0.8,SPY230414C00416000,416.0,normalDay
2023-04-11,7211.0,2057.0,0.0,100,409.72,389.0,0,0.0,0.0,,0.0,1,0.55,0.7,SPY230414C00416000,416.0,normalDay
2023-04-12,7211.0,1952.0,0.0,100,408.05,389.0,0,0.0,0.0,,0.0,1,0.55,0.08,SPY230414C00416000,416.0,normalDay
2023-04-13,7211.0,2461.0,0.0,100,413.47,389.0,0,0.0,0.0,,0.0,1,0.55,0.41,SPY230414C00416000,416.0,normalDay
2023-04-14,7266.0,2346.0,55.0,100,412.46,389.0,0,0.0,0.0,,0.0,1,0.55,0.0,SPY230414C00416000,416.0,expirationDay
2023-04-17,7266.0,2491.0,0.0,100,413.94,389.0,0,0.0,0.0,,0.0,1,0.17,0.2,SPY230505C00436000,436.0,normalDay
2023-04-18,7266.0,2521.0,0.0,100,414.21,389.0,0,0.0,0.0,,0.0,1,0.17,0.17,SPY230505C00436000,436.0,normalDay
2023-04-19,7266.0,2521.0,0.0,100,414.14,389.0,0,0.0,0.0,,0.0,1,0.17,0.1,SPY230505C00436000,436.0,normalDay
2023-04-20,7266.0,2299.0,0.0,100,411.88,389.0,0,0.0,0.0,,0.0,1,0.17,0.06,SPY230505C00436000,436.0,normalDay
2023-04-21,7266.0,2332.0,0.0,100,412.2,389.0,0,0.0,0.0,,0.0,1,0.17,0.05,SPY230505C00436000,436.0,normalDay
2023-04-24,7266.0,2377.0,0.0,100,412.63,389.0,0,0.0,0.0,,0.0,1,0.17,0.03,SPY230505C00436000,436.0,normalDay
2023-04-25,7266.0,1723.0,0.0,100,406.08,389.0,0,0.0,0.0,,0.0,1,0.17,0.02,SPY230505C00436000,436.0,normalDay
2023-04-26,7266.0,1551.0,0.0,100,404.36,389.0,0,0.0,0.0,,0.0,1,0.17,0.02,SPY230505C00436000,436.0,normalDay
2023-04-27,7266.0,2355.0,0.0,100,412.41,389.0,0,0.0,0.0,,0.0,1,0.17,0.03,SPY230505C00436000,436.0,normalDay
2023-04-28,7266.0,2708.0,0.0,100,415.93,389.0,0,0.0,0.0,,0.0,1,0.17,0.02,SPY230505C00436000,436.0,normalDay
2023-05-01,7266.0,2667.0,0.0,100,415.51,389.0,0,0.0,0.0,,0.0,1,0.17,0.01,SPY230505C00436000,436.0,normalDay
2023-05-02,7266.0,2200.0,0.0,100,410.84,389.0,0,0.0,0.0,,0.0,1,0.17,0.01,SPY230505C00436000,436.0,normalDay
2023-05-03,7266.0,1918.0,0.0,100,408.02,389.0,0,0.0,0.0,,0.0,1,0.17,0.01,SPY230505C00436000,436.0,normalDay
2023-05-04,7266.0,1629.0,0.0,100,405.13,389.0,0,0.0,0.0,,0.0,1,0.17,0.01,SPY230505C00436000,436.0,normalDay
2023-05-05,7283.0,2363.0,17.0,100,412.63,389.0,0,0.0,0.0,,0.0,1,0.17,0.0,SPY230505C00436000,436.0,expirationDay
2023-05-08,7283.0,2371.0,0.0,100,412.74,389.0,0,0.0,0.0,,0.0,1,0.64,0.67,SPY230526C00425000,425.0,normalDay
2023-05-09,7283.0,2204.0,0.0,100,410.93,389.0,0,0.0,0.0,,0.0,1,0.64,0.53,SPY230526C00425000,425.0,normalDay
2023-05-10,7283.0,2391.0,0.0,100,412.85,389.0,0,0.0,0.0,,0.0,1,0.64,0.58,SPY230526C00425000,425.0,normalDay
2023-05-11,7283.0,2342.0,0.0,100,412.13,389.0,0,0.0,0.0,,0.0,1,0.64,0.35,SPY230526C00425000,425.0,normalDay
2023-05-12,7283.0,2305.0,0.0,100,411.59,389.0,0,0.0,0.0,,0.0,1,0.64,0.18,SPY230526C00425000,425.0,normalDay
2023-05-15,7283.0,2444.0,0.0,100,413.01,389.0,0,0.0,0.0,,0.0,1,0.64,0.21,SPY230526C00425000,425.0,normalDay
2023-05-16,7283.0,2176.0,0.0,100,410.25,389.0,0,0.0,0.0,,0.0,1,0.64,0.13,SPY230526C00425000,425.0,normalDay
2023-05-17,7283.0,2651.0,0.0,100,415.23,389.0,0,0.0,0.0,,0.0,1,0.64,0.36,SPY230526C00425000,425.0,normalDay
2023-05-18,7283.0,2998.0,0.0,100,419.23,389.0,0,0.0,0.0,,0.0,1,0.64,0.89,SPY230526C00425000,425.0,normalDay
2023-05-19,7283.0,2960.0,0.0,100,418.62,389.0,0,0.0,0.0,,0.0,1,0.64,0.66,SPY230526C00425000,425.0,normalDay
2023-05-22,7283.0,2997.0,0.0,100,418.79,389.0,0,0.0,0.0,,0.0,1,0.64,0.46,SPY230526C00425000,425.0,normalDay
2023-05-23,7283.0,2567.0,0.0,100,414.09,389.0,0,0.0,0.0,,0.0,1,0.64,0.06,SPY230526C00425000,425.0,normalDay
2023-05-24,7283.0,2271.0,0.0,100,411.09,389.0,0,0.0,0.0,,0.0,1,0.64,0.02,SPY230526C00425000,425.0,normalDay
2023-05-25,7283.0,2627.0,0.0,100,414.65,389.0,0,0.0,0.0,,0.0,1,0.64,0.02,SPY230526C00425000,425.0,normalDay
2023-05-26,7347.0,3102.0,64.0,100,420.02,389.0,0,0.0,0.0,,0.0,1,0.64,0.0,SPY230526C00425000,425.0,expirationDay
2023-05-30,7347.0,3115.0,0.0,100,420.18,389.0,0,0.0,0.0,,0.0,1,1.19,1.22,SPY230616C00431000,431.0,normalDay
2023-05-31,7347.0,2944.0,0.0,100,417.85,389.0,0,0.0,0.0,,0.0,1,1.19,0.6,SPY230616C00431000,431.0,normalDay
2023-06-01,7347.0,3303.0,0.0,100,421.82,389.0,0,0.0,0.0,,0.0,1,1.19,0.98,SPY230616C00431000,431.0,normalDay
2023-06-02,7347.0,3735.0,0.0,100,427.92,389.0,0,0.0,0.0,,0.0,1,1.19,2.76,SPY230616C00431000,431.0,normalDay
2023-06-05,7347.0,3712.0,0.0,100,427.1,389.0,0,0.0,0.0,,0.0,1,1.19,2.17,SPY230616C00431000,431.0,normalDay
2023-06-06,7347.0,3791.0,0.0,100,428.03,389.0,0,0.0,0.0,,0.0,1,1.19,2.31,SPY230616C00431000,431.0,normalDay
2023-06-07,7347.0,3731.0,0.0,100,426.55,389.0,0,0.0,0.0,,0.0,1,1.19,1.43,SPY230616C00431000,431.0,normalDay
2023-06-08,7347.0,3926.0,0.0,100,429.13,389.0,0,0.0,0.0,,0.0,1,1.19,2.06,SPY230616C00431000,431.0,normalDay
2023-06-09,7347.0,3958.0,0.0,100,429.9,389.0,0,0.0,0.0,,0.0,1,1.19,2.51,SPY230616C00431000,431.0,normalDay
2023-06-12,7347.0,4140.0,0.0,100,433.8,389.0,0,0.0,0.0,,0.0,1,1.19,4.59,SPY230616C00431000,431.0,normalDay
2023-06-13,7347.0,4234.0,0.0,100,436.66,389.0,0,0.0,0.0,,0.0,1,1.19,6.51,SPY230616C00431000,431.0,normalDay
2023-06-14,7347.0,4246.0,0.0,100,437.18,389.0,0,0.0,0.0,,0.0,1,1.19,6.91,SPY230616C00431000,431.0,normalDay
2023-06-15,7347.0,4360.0,0.0,100,442.6,389.0,0,0.0,0.0,,0.0,1,1.19,11.19,SPY230616C00431000,431.0,normalDay
2023-06-16,11666.0,4360.0,4319.0,0,439.46,0.0,0,0.0,0.0,,0.0,1,1.19,0.0,SPY230616C00431000,431.0,expirationDay
2023-06-20,11666.0,-10.0,0.0,0,437.18,0.0,1,5.96,6.06,SPY231020P00410000,410.0,0,0.0,0.0,,0.0,normalDay
2023-06-21,11666.0,-17.0,0.0,0,434.94,0.0,1,5.96,6.13,SPY231020P00410000,410.0,0,0.0,0.0,,0.0,normalDay
2023-06-22,11666.0,21.0,0.0,0,436.51,0.0,1,5.96,5.75,SPY231020P00410000,410.0,0,0.0,0.0,,0.0,normalDay
2023-06-23,11666.0,-33.0,0.0,0,433.21,0.0,1,5.96,6.29,SPY231020P00410000,410.0,0,0.0,0.0,,0.0,normalDay
2023-06-26,11666.0,-50.0,0.0,0,431.44,0.0,1,5.96,6.46,SPY231020P00410000,410.0,0,0.0,0.0,,0.0,normalDay
2023-06-27,11666.0,58.0,0.0,0,436.17,0.0,1,5.96,5.38,SPY231020P00410000,410.0,0,0.0,0.0,,0.0,normalDay
2023-06-28,11666.0,104.0,0.0,0,436.39,0.0,1,5.96,4.92,SPY231020P00410000,410.0,0,0.0,0.0,,0.0,normalDay
2023-06-29,11666.0,112.0,0.0,0,438.11,0.0,1,5.96,4.84,SPY231020P00410000,410.0,0,0.0,0.0,,0.0,normalDay
2023-06-30,11666.0,180.0,0.0,0,443.28,0.0,1,5.96,4.16,SPY231020P00410000,410.0,0,0.0,0.0,,0.0,normalDay
2023-07-03,11666.0,189.0,0.0,0,443.79,0.0,1,5.96,4.07,SPY231020P00410000,410.0,0,0.0,0.0,,0.0,normalDay
2023-07-05,11666.0,172.0,0.0,0,443.13,0.0,1,5.96,4.24,SPY231020P00410000,410.0,0,0.0,0.0,,0.0,normalDay
2023-07-06,11666.0,95.0,0.0,0,439.66,0.0,1,5.96,5.01,SPY231020P00410000,410.0,0,0.0,0.0,,0.0,normalDay
2023-07-07,11666.0,102.0,0.0,0,438.55,0.0,1,5.96,4.94,SPY231020P00410000,410.0,0,0.0,0.0,,0.0,normalDay
2023-07-10,11666.0,126.0,0.0,0,439.66,0.0,1,5.96,4.7,SPY231020P00410000,410.0,0,0.0,0.0,,0.0,normalDay
2023-07-11,11666.0,173.0,0.0,0,442.46,0.0,1,5.96,4.23,SPY231020P00410000,410.0,0,0.0,0.0,,0.0,normalDay
2023-07-12,11666.0,251.0,0.0,0,446.02,0.0,1,5.96,3.45,SPY231020P00410000,410.0,0,0.0,0.0,,0.0,normalDay
2023-07-13,11666.0,278.0,0.0,0,449.56,0.0,1,5.96,3.18,SPY231020P00410000,410.0,0,0.0,0.0,,0.0,normalDay
2023-07-14,11666.0,282.0,0.0,0,449.28,0.0,1,5.96,3.14,SPY231020P00410000,410.0,0,0.0,0.0,,0.0,normalDay
2023-07-17,11666.0,296.0,0.0,0,450.84,0.0,1,5.96,3.0,SPY231020P00410000,410.0,0,0.0,0.0,,0.0,normalDay
2023-07-18,11666.0,334.0,0.0,0,454.19,0.0,1,5.96,2.62,SPY231020P00410000,410.0,0,0.0,0.0,,0.0,normalDay
2023-07-19,11666.0,328.0,0.0,0,455.2,0.0,1,5.96,2.68,SPY231020P00410000,410.0,0,0.0,0.0,,0.0,normalDay
2023-07-20,11666.0,311.0,0.0,0,452.18,0.0,1,5.96,2.85,SPY231020P00410000,410.0,0,0.0,0.0,,0.0,normalDay
2023-07-21,11666.0,322.0,0.0,0,452.18,0.0,1,5.96,2.74,SPY231020P00410000,410.0,0,0.0,0.0,,0.0,normalDay
2023-07-24,11666.0,349.0,0.0,0,454.2,0.0,1,5.96,2.47,SPY231020P00410000,410.0,0,0.0,0.0,,0.0,normalDay
2023-07-25,11666.0,357.0,0.0,0,455.44,0.0,1,5.96,2.39,SPY231020P00410000,410.0,0,0.0,0.0,,0.0,normalDay
2023-07-26,11666.0,377.0,0.0,0,455.51,0.0,1,5.96,2.19,SPY231020P00410000,410.0,0,0.0,0.0,,0.0,normalDay
2023-07-27,11666.0,330.0,0.0,0,452.49,0.0,1,5.96,2.66,SPY231020P00410000,410.0,0,0.0,0.0,,0.0,normalDay
2023-07-28,11666.0,383.0,0.0,0,456.92,0.0,1,5.96,2.13,SPY231020P00410000,410.0,0,0.0,0.0,,0.0,normalDay
2023-07-31,11666.0,396.0,0.0,0,457.79,0.0,1,5.96,2.0,SPY231020P00410000,410.0,0,0.0,0.0,,0.0,normalDay
2023-08-01,11666.0,385.0,0.0,0,456.48,0.0,1,5.96,2.11,SPY231020P00410000,410.0,0,0.0,0.0,,0.0,normalDay
2023-08-02,11666.0,290.0,0.0,0,450.13,0.0,1,5.96,3.06,SPY231020P00410000,410.0,0,0.0,0.0,,0.0,normalDay
2023-08-03,11666.0,299.0,0.0,0,448.84,0.0,1,5.96,2.97,SPY231020P00410000,410.0,0,0.0,0.0,,0.0,normalDay
2023-08-04,11666.0,241.0,0.0,0,446.81,0.0,1,5.96,3.55,SPY231020P00410000,410.0,0,0.0,0.0,,0.0,normalDay
2023-08-07,11666.0,325.0,0.0,0,450.71,0.0,1,5.96,2.71,SPY231020P00410000,410.0,0,0.0,0.0,,0.0,normalDay
2023-08-08,11666.0,299.0,0.0,0,448.75,0.0,1,5.96,2.97,SPY231020P00410000,410.0,0,0.0,0.0,,0.0,normalDay
2023-08-09,11666.0,287.0,0.0,0,445.75,0.0,1,5.96,3.09,SPY231020P00410000,410.0,0,0.0,0.0,,0.0,normalDay
2023-08-10,11666.0,285.0,0.0,0,445.91,0.0,1,5.96,3.11,SPY231020P00410000,410.0,0,0.0,0.0,,0.0,normalDay
2023-08-11,11666.0,312.0,0.0,0,445.65,0.0,1,5.96,2.84,SPY231020P00410000,410.0,0,0.0,0.0,,0.0,normalDay
2023-08-14,11666.0,352.0,0.0,0,448.11,0.0,1,5.96,2.44,SPY231020P00410000,410.0,0,0.0,0.0,,0.0,normalDay
2023-08-15,11666.0,273.0,0.0,0,442.89,0.0,1,5.96,3.23,SPY231020P00410000,410.0,0,0.0,0.0,,0.0,normalDay
2023-08-16,11666.0,234.0,0.0,0,439.64,0.0,1,5.96,3.62,SPY231020P00410000,410.0,0,0.0,0.0,,0.0,normalDay
2023-08-17,11666.0,161.0,0.0,0,436.29,0.0,1,5.96,4.35,SPY231020P00410000,410.0,0,0.0,0.0,,0.0,normalDay
2023-08-18,11666.0,206.0,0.0,0,436.5,0.0,1,5.96,3.9,SPY231020P00410000,410.0,0,0.0,0.0,,0.0,normalDay
2023-08-21,11666.0,266.0,0.0,0,439.34,0.0,1,5.96,3.3,SPY231020P00410000,410.0,0,0.0,0.0,,0.0,normalDay
2023-08-22,11666.0,272.0,0.0,0,438.15,0.0,1,5.96,3.24,SPY231020P00410000,410.0,0,0.0,0.0,,0.0,normalDay
2023-08-23,11666.0,347.0,0.0,0,443.03,0.0,1,5.96,2.49,SPY231020P00410000,410.0,0,0.0,0.0,,0.0,normalDay
2023-08-24,11666.0,259.0,0.0,0,436.89,0.0,1,5.96,3.37,SPY231020P00410000,410.0,0,0.0,0.0,,0.0,normalDay
2023-08-25,11666.0,337.0,0.0,0,439.97,0.0,1,5.96,2.59,SPY231020P00410000,410.0,0,0.0,0.0,,0.0,normalDay
2023-08-28,11666.0,397.0,0.0,0,442.76,0.0,1,5.96,1.99,SPY231020P00410000,410.0,0,0.0,0.0,,0.0,normalDay
2023-08-29,11666.0,458.0,0.0,0,449.16,0.0,1,5.96,1.38,SPY231020P00410000,410.0,0,0.0,0.0,,0.0,normalDay
2023-08-30,11666.0,482.0,0.0,0,451.01,0.0,1,5.96,1.14,SPY231020P00410000,410.0,0,0.0,0.0,,0.0,normalDay
2023-08-31,11666.0,490.0,0.0,0,450.35,0.0,1,5.96,1.06,SPY231020P00410000,410.0,0,0.0,0.0,,0.0,normalDay
2023-09-01,11666.0,497.0,0.0,0,451.19,0.0,1,5.96,0.99,SPY231020P00410000,410.0,0,0.0,0.0,,0.0,normalDay
2023-09-05,11666.0,489.0,0.0,0,449.24,0.0,1,5.96,1.07,SPY231020P00410000,410.0,0,0.0,0.0,,0.0,normalDay
2023-09-06,11666.0,469.0,0.0,0,446.22,0.0,1,5.96,1.27,SPY231020P00410000,410.0,0,0.0,0.0,,0.0,normalDay
2023-09-07,11666.0,470.0,0.0,0,444.85,0.0,1,5.96,1.26,SPY231020P00410000,410.0,0,0.0,0.0,,0.0,normalDay
2023-09-08,11666.0,491.0,0.0,0,445.52,0.0,1,5.96,1.05,SPY231020P00410000,410.0,0,0.0,0.0,,0.0,normalDay
2023-09-11,11666.0,514.0,0.0,0,448.45,0.0,1,5.96,0.82,SPY231020P00410000,410.0,0,0.0,0.0,,0.0,normalDay
2023-09-12,11666.0,503.0,0.0,0,445.99,0.0,1,5.96,0.93,SPY231020P00410000,410.0,0,0.0,0.0,,0.0,normalDay
2023-09-13,11666.0,520.0,0.0,0,446.51,0.0,1,5.96,0.76,SPY231020P00410000,410.0,0,0.0,0.0,,0.0,normalDay
2023-09-14,11666.0,540.0,0.0,0,450.36,0.0,1,5.96,0.56,SPY231020P00410000,410.0,0,0.0,0.0,,0.0,normalDay
2023-09-15,11666.0,514.0,0.0,0,443.37,0.0,1,5.96,0.82,SPY231020P00410000,410.0,0,0.0,0.0,,0.0,normalDay
2023-09-18,11666.0,524.0,0.0,0,443.63,0.0,1,5.96,0.72,SPY231020P00410000,410.0,0,0.0,0.0,,0.0,normalDay
2023-09-19,11666.0,526.0,0.0,0,442.71,0.0,1,5.96,0.7,SPY231020P00410000,410.0,0,0.0,0.0,,0.0,normalDay
2023-09-20,11666.0,501.0,0.0,0,438.64,0.0,1,5.96,0.95,SPY231020P00410000,410.0,0,0.0,0.0,,0.0,normalDay
2023-09-21,11666.0,407.0,0.0,0,431.39,0.0,1,5.96,1.89,SPY231020P00410000,410.0,0,0.0,0.0,,0.0,normalDay
2023-09-22,11666.0,410.0,0.0,0,430.42,0.0,1,5.96,1.86,SPY231020P00410000,410.0,0,0.0,0.0,,0.0,normalDay
2023-09-25,11666.0,454.0,0.0,0,432.23,0.0,1,5.96,1.42,SPY231020P00410000,410.0,0,0.0,0.0,,0.0,normalDay
2023-09-26,11666.0,350.0,0.0,0,425.88,0.0,1,5.96,2.46,SPY231020P00410000,410.0,0,0.0,0.0,,0.0,normalDay
2023-09-27,11666.0,384.0,0.0,0,426.05,0.0,1,5.96,2.12,SPY231020P00410000,410.0,0,0.0,0.0,,0.0,normalDay
2023-09-28,11666.0,435.0,0.0,0,428.52,0.0,1,5.96,1.61,SPY231020P00410000,410.0,0,0.0,0.0,,0.0,normalDay
2023-09-29,11666.0,432.0,0.0,0,427.48,0.0,1,5.96,1.64,SPY231020P00410000,410.0,0,0.0,0.0,,0.0,normalDay
2023-10-02,11666.0,459.0,0.0,0,427.31,0.0,1,5.96,1.37,SPY231020P00410000,410.0,0,0.0,0.0,,0.0,normalDay
2023-10-03,11666.0,347.0,0.0,0,421.59,0.0,1,5.96,2.49,SPY231020P00410000,410.0,0,0.0,0.0,,0.0,normalDay
2023-10-04,11666.0,430.0,0.0,0,424.66,0.0,1,5.96,1.66,SPY231020P00410000,410.0,0,0.0,0.0,,0.0,normalDay
2023-10-05,11666.0,438.0,0.0,0,424.5,0.0,1,5.96,1.58,SPY231020P00410000,410.0,0,0.0,0.0,,0.0,normalDay
2023-10-06,11666.0,532.0,0.0,0,429.54,0.0,1,5.96,0.64,SPY231020P00410000,410.0,0,0.0,0.0,,0.0,normalDay
2023-10-09,11666.0,547.0,0.0,0,432.29,0.0,1,5.96,0.49,SPY231020P00410000,410.0,0,0.0,0.0,,0.0,normalDay
2023-10-10,11666.0,560.0,0.0,0,434.54,0.0,1,5.96,0.36,SPY231020P00410000,410.0,0,0.0,0.0,,0.0,normalDay
2023-10-11,11666.0,574.0,0.0,0,436.32,0.0,1,5.96,0.22,SPY231020P00410000,410.0,0,0.0,0.0,,0.0,normalDay
2023-10-12,11666.0,572.0,0.0,0,433.66,0.0,1,5.96,0.24,SPY231020P00410000,410.0,0,0.0,0.0,,0.0,normalDay
2023-10-13,11666.0,564.0,0.0,0,431.5,0.0,1,5.96,0.32,SPY231020P00410000,410.0,0,0.0,0.0,,0.0,normalDay
2023-10-16,11666.0,584.0,0.0,0,436.04,0.0,1,5.96,0.12,SPY231020P00410000,410.0,0,0.0,0.0,,0.0,normalDay
2023-10-17,11666.0,587.0,0.0,0,436.02,0.0,1,5.96,0.09,SPY231020P00410000,410.0,0,0.0,0.0,,0.0,normalDay
2023-10-18,11666.0,589.0,0.0,0,430.21,0.0,1,5.96,0.07,SPY231020P00410000,410.0,0,0.0,0.0,,0.0,normalDay
2023-10-19,11666.0,591.0,0.0,0,426.43,0.0,1,5.96,0.05,SPY231020P00410000,410.0,0,0.0,0.0,,0.0,normalDay
2023-10-20,12262.0,0.0,596.0,0,421.19,0.0,1,5.96,0.0,SPY231020P00410000,410.0,0,0.0,0.0,,0.0,expirationDay
2023-10-23,12262.0,-6.0,0.0,0,420.46,0.0,1,14.24,14.3,SPY240216P00420000,420.0,0,0.0,0.0,,0.0,normalDay
2023-10-24,12262.0,155.0,0.0,0,423.63,0.0,1,14.24,12.69,SPY240216P00420000,420.0,0,0.0,0.0,,0.0,normalDay
2023-10-25,12262.0,-137.0,0.0,0,417.55,0.0,1,14.24,15.61,SPY240216P00420000,420.0,0,0.0,0.0,,0.0,normalDay
2023-10-26,12262.0,-363.0,0.0,0,412.55,0.0,1,14.24,17.87,SPY240216P00420000,420.0,0,0.0,0.0,,0.0,normalDay
2023-10-27,12262.0,-490.0,0.0,0,410.68,0.0,1,14.24,19.14,SPY240216P00420000,420.0,0,0.0,0.0,,0.0,normalDay
2023-10-30,12262.0,-184.0,0.0,0,415.59,0.0,1,14.24,16.08,SPY240216P00420000,420.0,0,0.0,0.0,,0.0,normalDay
2023-10-31,12262.0,7.0,0.0,0,418.2,0.0,1,14.24,14.17,SPY240216P00420000,420.0,0,0.0,0.0,,0.0,normalDay
2023-11-01,12262.0,249.0,0.0,0,422.66,0.0,1,14.24,11.75,SPY240216P00420000,420.0,0,0.0,0.0,,0.0,normalDay
2023-11-02,12262.0,546.0,0.0,0,430.76,0.0,1,14.24,8.78,SPY240216P00420000,420.0,0,0.0,0.0,,0.0,normalDay
2023-11-03,12262.0,689.0,0.0,0,434.69,0.0,1,14.24,7.35,SPY240216P00420000,420.0,0,0.0,0.0,,0.0,normalDay
2023-11-06,12262.0,733.0,0.0,0,435.69,0.0,1,14.24,6.91,SPY240216P00420000,420.0,0,0.0,0.0,,0.0,normalDay
2023-11-07,12262.0,775.0,0.0,0,436.93,0.0,1,14.24,6.49,SPY240216P00420000,420.0,0,0.0,0.0,,0.0,normalDay
2023-11-08,12262.0,807.0,0.0,0,437.25,0.0,1,14.24,6.17,SPY240216P00420000,420.0,0,0.0,0.0,,0.0,normalDay
2023-11-09,12262.0,712.0,0.0,0,433.84,0.0,1,14.24,7.12,SPY240216P00420000,420.0,0,0.0,0.0,,0.0,normalDay
2023-11-10,12262.0,898.0,0.0,0,440.61,0.0,1,14.24,5.26,SPY240216P00420000,420.0,0,0.0,0.0,,0.0,normalDay
2023-11-13,12262.0,896.0,0.0,0,440.19,0.0,1,14.24,5.28,SPY240216P00420000,420.0,0,0.0,0.0,,0.0,normalDay
2023-11-14,12262.0,1041.0,0.0,0,448.73,0.0,1,14.24,3.83,SPY240216P00420000,420.0,0,0.0,0.0,,0.0,normalDay
2023-11-15,12262.0,1049.0,0.0,0,449.68,0.0,1,14.24,3.75,SPY240216P00420000,420.0,0,0.0,0.0,,0.0,normalDay
2023-11-16,12262.0,1070.0,0.0,0,450.23,0.0,1,14.24,3.54,SPY240216P00420000,420.0,0,0.0,0.0,,0.0,normalDay
2023-11-17,12262.0,1090.0,0.0,0,450.79,0.0,1,14.24,3.34,SPY240216P00420000,420.0,0,0.0,0.0,,0.0,normalDay
2023-11-20,12262.0,1137.0,0.0,0,454.26,0.0,1,14.24,2.87,SPY240216P00420000,420.0,0,0.0,0.0,,0.0,normalDay
2023-11-21,12262.0,1137.0,0.0,0,453.27,0.0,1,14.24,2.87,SPY240216P00420000,420.0,0,0.0,0.0,,0.0,normalDay
2023-11-22,12262.0,1161.0,0.0,0,455.02,0.0,1,14.24,2.63,SPY240216P00420000,420.0,0,0.0,0.0,,0.0,normalDay
2023-11-24,12262.0,1179.0,0.0,0,455.3,0.0,1,14.24,2.45,SPY240216P00420000,420.0,0,0.0,0.0,,0.0,normalDay
2023-11-27,12262.0,1178.0,0.0,0,454.48,0.0,1,14.24,2.46,SPY240216P00420000,420.0,0,0.0,0.0,,0.0,normalDay
2023-11-28,12262.0,1189.0,0.0,0,454.93,0.0,1,14.24,2.35,SPY240216P00420000,420.0,0,0.0,0.0,,0.0,normalDay
2023-11-29,12262.0,1182.0,0.0,0,454.61,0.0,1,14.24,2.42,SPY240216P00420000,420.0,0,0.0,0.0,,0.0,normalDay
2023-11-30,12262.0,1194.0,0.0,0,456.4,0.0,1,14.24,2.3,SPY240216P00420000,420.0,0,0.0,0.0,,0.0,normalDay
