date,totalCapital,unrializedPnL,rializedPnL,stocksOwned,stocksPriceToday,stocksPriceBoughtAt,putOwned,putOwnedSoldAt,putPriceToday,putOwnedContract,putOwnedStrike,callOwned,callOwnedSoldAt,callPriceToday,callOwnedContract,callOwnedStrike,trackType
2018-11-01,0.0,-7.0,0.0,0,273.51,0.0,1,4.3,4.37,SPY190118P00259000,259.0,0,0.0,0.0,,0.0,normalDay
2018-11-02,0.0,-40.0,0.0,0,271.89,0.0,1,4.3,4.7,SPY190118P00259000,259.0,0,0.0,0.0,,0.0,normalDay
2018-11-05,0.0,11.0,0.0,0,273.39,0.0,1,4.3,4.19,SPY190118P00259000,259.0,0,0.0,0.0,,0.0,normalDay
2018-11-06,0.0,60.0,0.0,0,275.12,0.0,1,4.3,3.7,SPY190118P00259000,259.0,0,0.0,0.0,,0.0,normalDay
2018-11-07,0.0,205.0,0.0,0,281.01,0.0,1,4.3,2.25,SPY190118P00259000,259.0,0,0.0,0.0,,0.0,normalDay
2018-11-08,0.0,203.0,0.0,0,280.5,0.0,1,4.3,2.27,SPY190118P00259000,259.0,0,0.0,0.0,,0.0,normalDay
2018-11-09,0.0,147.0,0.0,0,277.76,0.0,1,4.3,2.83,SPY190118P00259000,259.0,0,0.0,0.0,,0.0,normalDay
2018-11-12,0.0,24.0,0.0,0,272.57,0.0,1,4.3,4.06,SPY190118P00259000,259.0,0,0.0,0.0,,0.0,normalDay
2018-11-13,0.0,10.0,0.0,0,272.06,0.0,1,4.3,4.2,SPY190118P00259000,259.0,0,0.0,0.0,,0.0,normalDay
2018-11-14,0.0,-59.0,0.0,0,270.2,0.0,1,4.3,4.89,SPY190118P00259000,259.0,0,0.0,0.0,,0.0,normalDay
2018-11-15,0.0,40.0,0.0,0,273.02,0.0,1,4.3,3.9,SPY190118P00259000,259.0,0,0.0,0.0,,0.0,normalDay
2018-11-16,0.0,100.0,0.0,0,273.73,0.0,1,4.3,3.3,SPY190118P00259000,259.0,0,0.0,0.0,,0.0,normalDay
2018-11-19,0.0,-26.0,0.0,0,269.1,0.0,1,4.3,4.56,SPY190118P00259000,259.0,0,0.0,0.0,,0.0,normalDay
2018-11-20,0.0,-222.0,0.0,0,264.12,0.0,1,4.3,6.52,SPY190118P00259000,259.0,0,0.0,0.0,,0.0,normalDay
2018-11-21,0.0,-139.0,0.0,0,265.02,0.0,1,4.3,5.69,SPY190118P00259000,259.0,0,0.0,0.0,,0.0,normalDay
2018-11-23,0.0,-210.0,0.0,0,263.25,0.0,1,4.3,6.4,SPY190118P00259000,259.0,0,0.0,0.0,,0.0,normalDay
2018-11-26,0.0,17.0,0.0,0,267.5,0.0,1,4.3,4.13,SPY190118P00259000,259.0,0,0.0,0.0,,0.0,normalDay
2018-11-27,0.0,31.0,0.0,0,268.4,0.0,1,4.3,3.99,SPY190118P00259000,259.0,0,0.0,0.0,,0.0,normalDay
2018-11-28,0.0,169.0,0.0,0,274.58,0.0,1,4.3,2.61,SPY190118P00259000,259.0,0,0.0,0.0,,0.0,normalDay
2018-11-29,0.0,153.0,0.0,0,273.98,0.0,1,4.3,2.77,SPY190118P00259000,259.0,0,0.0,0.0,,0.0,normalDay
2018-11-30,0.0,202.0,0.0,0,275.65,0.0,1,4.3,2.28,SPY190118P00259000,259.0,0,0.0,0.0,,0.0,normalDay
2018-12-03,0.0,282.0,0.0,0,279.3,0.0,1,4.3,1.48,SPY190118P00259000,259.0,0,0.0,0.0,,0.0,normalDay
2018-12-04,0.0,73.0,0.0,0,270.25,0.0,1,4.3,3.57,SPY190118P00259000,259.0,0,0.0,0.0,,0.0,normalDay
2018-12-06,0.0,62.0,0.0,0,269.84,0.0,1,4.3,3.68,SPY190118P00259000,259.0,0,0.0,0.0,,0.0,normalDay
2018-12-07,0.0,-169.0,0.0,0,263.57,0.0,1,4.3,5.99,SPY190118P00259000,259.0,0,0.0,0.0,,0.0,normalDay
2018-12-10,0.0,-86.0,0.0,0,264.07,0.0,1,4.3,5.16,SPY190118P00259000,259.0,0,0.0,0.0,,0.0,normalDay
2018-12-11,0.0,-64.0,0.0,0,264.13,0.0,1,4.3,4.94,SPY190118P00259000,259.0,0,0.0,0.0,,0.0,normalDay
2018-12-12,0.0,-20.0,0.0,0,265.46,0.0,1,4.3,4.5,SPY190118P00259000,259.0,0,0.0,0.0,,0.0,normalDay
2018-12-13,0.0,9.0,0.0,0,265.37,0.0,1,4.3,4.21,SPY190118P00259000,259.0,0,0.0,0.0,,0.0,normalDay
2018-12-14,0.0,-166.0,0.0,0,260.47,0.0,1,4.3,5.96,SPY190118P00259000,259.0,0,0.0,0.0,,0.0,normalDay
2018-12-17,0.0,-437.0,0.0,0,255.36,0.0,1,4.3,8.67,SPY190118P00259000,259.0,0,0.0,0.0,,0.0,normalDay
2018-12-18,0.0,-502.0,0.0,0,255.08,0.0,1,4.3,9.32,SPY190118P00259000,259.0,0,0.0,0.0,,0.0,normalDay
2018-12-19,0.0,-678.0,0.0,0,251.26,0.0,1,4.3,11.08,SPY190118P00259000,259.0,0,0.0,0.0,,0.0,normalDay
2018-12-20,0.0,-971.0,0.0,0,247.17,0.0,1,4.3,14.01,SPY190118P00259000,259.0,0,0.0,0.0,,0.0,normalDay
2018-12-21,0.0,-1518.0,0.0,0,240.7,0.0,1,4.3,19.48,SPY190118P00259000,259.0,0,0.0,0.0,,0.0,normalDay
2018-12-24,0.0,-2316.0,0.0,0,234.34,0.0,1,4.3,27.46,SPY190118P00259000,259.0,0,0.0,0.0,,0.0,normalDay
2018-12-26,0.0,-989.0,0.0,0,246.18,0.0,1,4.3,14.19,SPY190118P00259000,259.0,0,0.0,0.0,,0.0,normalDay
2018-12-27,0.0,-832.0,0.0,0,248.07,0.0,1,4.3,12.62,SPY190118P00259000,259.0,0,0.0,0.0,,0.0,normalDay
2018-12-28,0.0,-852.0,0.0,0,247.75,0.0,1,4.3,12.82,SPY190118P00259000,259.0,0,0.0,0.0,,0.0,normalDay
2018-12-31,0.0,-627.0,0.0,0,249.92,0.0,1,4.3,10.57,SPY190118P00259000,259.0,0,0.0,0.0,,0.0,normalDay
2019-01-02,0.0,-524.0,0.0,0,250.18,0.0,1,4.3,9.54,SPY190118P00259000,259.0,0,0.0,0.0,,0.0,normalDay
2019-01-03,0.0,-1065.0,0.0,0,244.21,0.0,1,4.3,14.95,SPY190118P00259000,259.0,0,0.0,0.0,,0.0,normalDay
2019-01-04,0.0,-335.0,0.0,0,252.39,0.0,1,4.3,7.65,SPY190118P00259000,259.0,0,0.0,0.0,,0.0,normalDay
2019-01-07,0.0,-186.0,0.0,0,254.38,0.0,1,4.3,6.16,SPY190118P00259000,259.0,0,0.0,0.0,,0.0,normalDay
2019-01-08,0.0,-5.0,0.0,0,256.77,0.0,1,4.3,4.35,SPY190118P00259000,259.0,0,0.0,0.0,,0.0,normalDay
2019-01-09,0.0,93.0,0.0,0,257.97,0.0,1,4.3,3.37,SPY190118P00259000,259.0,0,0.0,0.0,,0.0,normalDay
2019-01-10,0.0,170.0,0.0,0,258.88,0.0,1,4.3,2.6,SPY190118P00259000,259.0,0,0.0,0.0,,0.0,normalDay
2019-01-11,0.0,214.0,0.0,0,258.98,0.0,1,4.3,2.16,SPY190118P00259000,259.0,0,0.0,0.0,,0.0,normalDay
2019-01-14,0.0,168.0,0.0,0,257.4,0.0,1,4.3,2.62,SPY190118P00259000,259.0,0,0.0,0.0,,0.0,normalDay
2019-01-15,0.0,325.0,0.0,0,260.35,0.0,1,4.3,1.05,SPY190118P00259000,259.0,0,0.0,0.0,,0.0,normalDay
2019-01-16,0.0,373.0,0.0,0,260.98,0.0,1,4.3,0.57,SPY190118P00259000,259.0,0,0.0,0.0,,0.0,normalDay
2019-01-17,0.0,421.0,0.0,0,262.96,0.0,1,4.3,0.09,SPY190118P00259000,259.0,0,0.0,0.0,,0.0,normalDay
2019-01-18,430.0,0.0,430.0,0,266.46,0.0,1,4.3,0.0,SPY190118P00259000,259.0,0,0.0,0.0,,0.0,expirationDay
2019-01-22,430.0,-6.0,0.0,0,262.86,0.0,1,2.52,2.58,SPY190418P00235000,235.0,0,0.0,0.0,,0.0,normalDay
2019-01-23,430.0,7.0,0.0,0,263.41,0.0,1,2.52,2.45,SPY190418P00235000,235.0,0,0.0,0.0,,0.0,normalDay
2019-01-24,430.0,22.0,0.0,0,263.55,0.0,1,2.52,2.3,SPY190418P00235000,235.0,0,0.0,0.0,,0.0,normalDay
2019-01-25,430.0,73.0,0.0,0,265.78,0.0,1,2.52,1.79,SPY190418P00235000,235.0,0,0.0,0.0,,0.0,normalDay
2019-01-28,430.0,45.0,0.0,0,263.76,0.0,1,2.52,2.07,SPY190418P00235000,235.0,0,0.0,0.0,,0.0,normalDay
2019-01-29,430.0,41.0,0.0,0,263.41,0.0,1,2.52,2.11,SPY190418P00235000,235.0,0,0.0,0.0,,0.0,normalDay
2019-01-30,430.0,100.0,0.0,0,267.58,0.0,1,2.52,1.52,SPY190418P00235000,235.0,0,0.0,0.0,,0.0,normalDay
2019-01-31,430.0,137.0,0.0,0,269.93,0.0,1,2.52,1.15,SPY190418P00235000,235.0,0,0.0,0.0,,0.0,normalDay
2019-02-01,430.0,143.0,0.0,0,270.06,0.0,1,2.52,1.09,SPY190418P00235000,235.0,0,0.0,0.0,,0.0,normalDay
2019-02-04,430.0,163.0,0.0,0,271.96,0.0,1,2.52,0.89,SPY190418P00235000,235.0,0,0.0,0.0,,0.0,normalDay
2019-02-05,430.0,166.0,0.0,0,273.1,0.0,1,2.52,0.86,SPY190418P00235000,235.0,0,0.0,0.0,,0.0,normalDay
2019-02-06,430.0,167.0,0.0,0,272.74,0.0,1,2.52,0.85,SPY190418P00235000,235.0,0,0.0,0.0,,0.0,normalDay
2019-02-07,430.0,152.0,0.0,0,270.14,0.0,1,2.52,1.0,SPY190418P00235000,235.0,0,0.0,0.0,,0.0,normalDay
2019-02-08,430.0,159.0,0.0,0,270.47,0.0,1,2.52,0.93,SPY190418P00235000,235.0,0,0.0,0.0,,0.0,normalDay
2019-02-11,430.0,168.0,0.0,0,270.62,0.0,1,2.52,0.84,SPY190418P00235000,235.0,0,0.0,0.0,,0.0,normalDay
2019-02-12,430.0,186.0,0.0,0,274.1,0.0,1,2.52,0.66,SPY190418P00235000,235.0,0,0.0,0.0,,0.0,normalDay
2019-02-13,430.0,188.0,0.0,0,274.99,0.0,1,2.52,0.64,SPY190418P00235000,235.0,0,0.0,0.0,,0.0,normalDay
2019-02-14,430.0,183.0,0.0,0,274.38,0.0,1,2.52,0.69,SPY190418P00235000,235.0,0,0.0,0.0,,0.0,normalDay
2019-02-15,430.0,200.0,0.0,0,277.37,0.0,1,2.52,0.52,SPY190418P00235000,235.0,0,0.0,0.0,,0.0,normalDay
2019-02-19,430.0,205.0,0.0,0,277.85,0.0,1,2.52,0.47,SPY190418P00235000,235.0,0,0.0,0.0,,0.0,normalDay
2019-02-20,430.0,214.0,0.0,0,278.41,0.0,1,2.52,0.38,SPY190418P00235000,235.0,0,0.0,0.0,,0.0,normalDay
2019-02-21,430.0,212.0,0.0,0,277.42,0.0,1,2.52,0.4,SPY190418P00235000,235.0,0,0.0,0.0,,0.0,normalDay
2019-02-22,430.0,220.0,0.0,0,279.14,0.0,1,2.52,0.32,SPY190418P00235000,235.0,0,0.0,0.0,,0.0,normalDay
2019-02-25,430.0,215.0,0.0,0,279.52,0.0,1,2.52,0.37,SPY190418P00235000,235.0,0,0.0,0.0,,0.0,normalDay
2019-02-26,430.0,215.0,0.0,0,279.32,0.0,1,2.52,0.37,SPY190418P00235000,235.0,0,0.0,0.0,,0.0,normalDay
2019-02-27,430.0,217.0,0.0,0,279.2,0.0,1,2.52,0.35,SPY190418P00235000,235.0,0,0.0,0.0,,0.0,normalDay
2019-02-28,430.0,216.0,0.0,0,278.68,0.0,1,2.52,0.36,SPY190418P00235000,235.0,0,0.0,0.0,,0.0,normalDay
2019-03-01,430.0,225.0,0.0,0,280.42,0.0,1,2.52,0.27,SPY190418P00235000,235.0,0,0.0,0.0,,0.0,normalDay
2019-03-04,430.0,223.0,0.0,0,279.4,0.0,1,2.52,0.29,SPY190418P00235000,235.0,0,0.0,0.0,,0.0,normalDay
2019-03-05,430.0,221.0,0.0,0,279.02,0.0,1,2.52,0.31,SPY190418P00235000,235.0,0,0.0,0.0,,0.0,normalDay
2019-03-06,430.0,218.0,0.0,0,277.33,0.0,1,2.52,0.34,SPY190418P00235000,235.0,0,0.0,0.0,,0.0,normalDay
2019-03-07,430.0,213.0,0.0,0,275.01,0.0,1,2.52,0.39,SPY190418P00235000,235.0,0,0.0,0.0,,0.0,normalDay
2019-03-08,430.0,217.0,0.0,0,274.46,0.0,1,2.52,0.35,SPY190418P00235000,235.0,0,0.0,0.0,,0.0,normalDay
2019-03-11,430.0,230.0,0.0,0,278.44,0.0,1,2.52,0.22,SPY190418P00235000,235.0,0,0.0,0.0,,0.0,normalDay
2019-03-12,430.0,234.0,0.0,0,279.49,0.0,1,2.52,0.18,SPY190418P00235000,235.0,0,0.0,0.0,,0.0,normalDay
2019-03-13,430.0,236.0,0.0,0,281.34,0.0,1,2.52,0.16,SPY190418P00235000,235.0,0,0.0,0.0,,0.0,normalDay
2019-03-14,430.0,237.0,0.0,0,281.16,0.0,1,2.52,0.15,SPY190418P00235000,235.0,0,0.0,0.0,,0.0,normalDay
2019-03-15,430.0,240.0,0.0,0,281.31,0.0,1,2.52,0.12,SPY190418P00235000,235.0,0,0.0,0.0,,0.0,normalDay
2019-03-18,430.0,242.0,0.0,0,282.33,0.0,1,2.52,0.1,SPY190418P00235000,235.0,0,0.0,0.0,,0.0,normalDay
2019-03-19,430.0,242.0,0.0,0,282.4,0.0,1,2.52,0.1,SPY190418P00235000,235.0,0,0.0,0.0,,0.0,normalDay
2019-03-20,430.0,243.0,0.0,0,281.55,0.0,1,2.52,0.09,SPY190418P00235000,235.0,0,0.0,0.0,,0.0,normalDay
2019-03-21,430.0,245.0,0.0,0,284.73,0.0,1,2.52,0.07,SPY190418P00235000,235.0,0,0.0,0.0,,0.0,normalDay
2019-03-22,430.0,240.0,0.0,0,279.25,0.0,1,2.52,0.12,SPY190418P00235000,235.0,0,0.0,0.0,,0.0,normalDay
2019-03-25,430.0,243.0,0.0,0,279.04,0.0,1,2.52,0.09,SPY190418P00235000,235.0,0,0.0,0.0,,0.0,normalDay
2019-03-26,430.0,247.0,0.0,0,281.12,0.0,1,2.52,0.05,SPY190418P00235000,235.0,0,0.0,0.0,,0.0,normalDay
2019-03-27,430.0,246.0,0.0,0,279.65,0.0,1,2.52,0.06,SPY190418P00235000,235.0,0,0.0,0.0,,0.0,normalDay
2019-03-28,430.0,247.0,0.0,0,280.71,0.0,1,2.52,0.05,SPY190418P00235000,235.0,0,0.0,0.0,,0.0,normalDay
2019-03-29,430.0,248.0,0.0,0,282.48,0.0,1,2.52,0.04,SPY190418P00235000,235.0,0,0.0,0.0,,0.0,normalDay
2019-04-01,430.0,248.0,0.0,0,285.83,0.0,1,2.52,0.04,SPY190418P00235000,235.0,0,0.0,0.0,,0.0,normalDay
2019-04-02,430.0,249.0,0.0,0,285.97,0.0,1,2.52,0.03,SPY190418P00235000,235.0,0,0.0,0.0,,0.0,normalDay
2019-04-03,430.0,249.0,0.0,0,286.42,0.0,1,2.52,0.03,SPY190418P00235000,235.0,0,0.0,0.0,,0.0,normalDay
2019-04-04,430.0,250.0,0.0,0,287.18,0.0,1,2.52,0.02,SPY190418P00235000,235.0,0,0.0,0.0,,0.0,normalDay
2019-04-05,430.0,250.0,0.0,0,288.57,0.0,1,2.52,0.02,SPY190418P00235000,235.0,0,0.0,0.0,,0.0,normalDay
2019-04-08,430.0,251.0,0.0,0,288.79,0.0,1,2.52,0.01,SPY190418P00235000,235.0,0,0.0,0.0,,0.0,normalDay
2019-04-09,430.0,251.0,0.0,0,287.31,0.0,1,2.52,0.01,SPY190418P00235000,235.0,0,0.0,0.0,,0.0,normalDay
2019-04-10,430.0,251.0,0.0,0,288.29,0.0,1,2.52,0.01,SPY190418P00235000,235.0,0,0.0,0.0,,0.0,normalDay
2019-04-11,430.0,251.0,0.0,0,288.21,0.0,1,2.52,0.01,SPY190418P00235000,235.0,0,0.0,0.0,,0.0,normalDay
2019-04-12,430.0,251.0,0.0,0,290.16,0.0,1,2.52,0.01,SPY190418P00235000,235.0,0,0.0,0.0,,0.0,normalDay
2019-04-15,430.0,251.0,0.0,0,289.97,0.0,1,2.52,0.01,SPY190418P00235000,235.0,0,0.0,0.0,,0.0,normalDay
2019-04-16,430.0,251.0,0.0,0,290.16,0.0,1,2.52,0.01,SPY190418P00235000,235.0,0,0.0,0.0,,0.0,normalDay
2019-04-17,430.0,251.0,0.0,0,289.45,0.0,1,2.52,0.01,SPY190418P00235000,235.0,0,0.0,0.0,,0.0,normalDay
2019-04-18,682.0,0.0,252.0,0,290.02,0.0,1,2.52,0.0,SPY190418P00235000,235.0,0,0.0,0.0,,0.0,expirationDay
2019-04-22,682.0,-4.0,0.0,0,290.27,0.0,1,2.46,2.5,SPY190628P00278000,278.0,0,0.0,0.0,,0.0,normalDay
2019-04-23,682.0,37.0,0.0,0,292.88,0.0,1,2.46,2.09,SPY190628P00278000,278.0,0,0.0,0.0,,0.0,normalDay
2019-04-24,682.0,18.0,0.0,0,292.23,0.0,1,2.46,2.28,SPY190628P00278000,278.0,0,0.0,0.0,,0.0,normalDay
2019-04-25,682.0,11.0,0.0,0,292.05,0.0,1,2.46,2.35,SPY190628P00278000,278.0,0,0.0,0.0,,0.0,normalDay
2019-04-26,682.0,41.0,0.0,0,293.41,0.0,1,2.46,2.05,SPY190628P00278000,278.0,0,0.0,0.0,,0.0,normalDay
2019-04-29,682.0,49.0,0.0,0,293.87,0.0,1,2.46,1.97,SPY190628P00278000,278.0,0,0.0,0.0,,0.0,normalDay
2019-04-30,682.0,54.0,0.0,0,294.02,0.0,1,2.46,1.92,SPY190628P00278000,278.0,0,0.0,0.0,,0.0,normalDay
2019-05-01,682.0,-1.0,0.0,0,291.81,0.0,1,2.46,2.47,SPY190628P00278000,278.0,0,0.0,0.0,,0.0,normalDay
2019-05-02,682.0,-9.0,0.0,0,291.18,0.0,1,2.46,2.55,SPY190628P00278000,278.0,0,0.0,0.0,,0.0,normalDay
2019-05-03,682.0,62.0,0.0,0,294.03,0.0,1,2.46,1.84,SPY190628P00278000,278.0,0,0.0,0.0,,0.0,normalDay
2019-05-06,682.0,12.0,0.0,0,292.82,0.0,1,2.46,2.34,SPY190628P00278000,278.0,0,0.0,0.0,,0.0,normalDay
2019-05-07,682.0,-173.0,0.0,0,287.93,0.0,1,2.46,4.19,SPY190628P00278000,278.0,0,0.0,0.0,,0.0,normalDay
2019-05-08,682.0,-169.0,0.0,0,287.53,0.0,1,2.46,4.15,SPY190628P00278000,278.0,0,0.0,0.0,,0.0,normalDay
2019-05-09,682.0,-178.0,0.0,0,286.66,0.0,1,2.46,4.24,SPY190628P00278000,278.0,0,0.0,0.0,,0.0,normalDay
2019-05-10,682.0,-83.0,0.0,0,288.1,0.0,1,2.46,3.29,SPY190628P00278000,278.0,0,0.0,0.0,,0.0,normalDay
2019-05-13,682.0,-379.0,0.0,0,280.86,0.0,1,2.46,6.25,SPY190628P00278000,278.0,0,0.0,0.0,,0.0,normalDay
2019-05-14,682.0,-235.0,0.0,0,283.4,0.0,1,2.46,4.81,SPY190628P00278000,278.0,0,0.0,0.0,,0.0,normalDay
2019-05-15,682.0,-132.0,0.0,0,285.06,0.0,1,2.46,3.78,SPY190628P00278000,278.0,0,0.0,0.0,,0.0,normalDay
2019-05-16,682.0,-41.0,0.0,0,287.7,0.0,1,2.46,2.87,SPY190628P00278000,278.0,0,0.0,0.0,,0.0,normalDay
2019-05-17,682.0,-92.0,0.0,0,285.84,0.0,1,2.46,3.38,SPY190628P00278000,278.0,0,0.0,0.0,,0.0,normalDay
2019-05-20,682.0,-130.0,0.0,0,283.95,0.0,1,2.46,3.76,SPY190628P00278000,278.0,0,0.0,0.0,,0.0,normalDay
2019-05-21,682.0,-30.0,0.0,0,286.51,0.0,1,2.46,2.76,SPY190628P00278000,278.0,0,0.0,0.0,,0.0,normalDay
2019-05-22,682.0,-42.0,0.0,0,285.63,0.0,1,2.46,2.88,SPY190628P00278000,278.0,0,0.0,0.0,,0.0,normalDay
2019-05-23,682.0,-189.0,0.0,0,282.14,0.0,1,2.46,4.35,SPY190628P00278000,278.0,0,0.0,0.0,,0.0,normalDay
2019-05-24,682.0,-130.0,0.0,0,282.78,0.0,1,2.46,3.76,SPY190628P00278000,278.0,0,0.0,0.0,,0.0,normalDay
2019-05-28,682.0,-218.0,0.0,0,280.15,0.0,1,2.46,4.64,SPY190628P00278000,278.0,0,0.0,0.0,,0.0,normalDay
2019-05-29,682.0,-305.0,0.0,0,278.27,0.0,1,2.46,5.51,SPY190628P00278000,278.0,0,0.0,0.0,,0.0,normalDay
2019-05-30,682.0,-254.0,0.0,0,279.03,0.0,1,2.46,5.0,SPY190628P00278000,278.0,0,0.0,0.0,,0.0,normalDay
2019-05-31,682.0,-460.0,0.0,0,275.27,0.0,1,2.46,7.06,SPY190628P00278000,278.0,0,0.0,0.0,,0.0,normalDay
2019-06-03,682.0,-464.0,0.0,0,274.57,0.0,1,2.46,7.1,SPY190628P00278000,278.0,0,0.0,0.0,,0.0,normalDay
2019-06-04,682.0,-143.0,0.0,0,280.53,0.0,1,2.46,3.89,SPY190628P00278000,278.0,0,0.0,0.0,,0.0,normalDay
2019-06-05,682.0,-25.0,0.0,0,282.96,0.0,1,2.46,2.71,SPY190628P00278000,278.0,0,0.0,0.0,,0.0,normalDay
2019-06-06,682.0,33.0,0.0,0,284.8,0.0,1,2.46,2.13,SPY190628P00278000,278.0,0,0.0,0.0,,0.0,normalDay
2019-06-07,682.0,87.0,0.0,0,287.65,0.0,1,2.46,1.59,SPY190628P00278000,278.0,0,0.0,0.0,,0.0,normalDay
2019-06-10,682.0,132.0,0.0,0,288.97,0.0,1,2.46,1.14,SPY190628P00278000,278.0,0,0.0,0.0,,0.0,normalDay
2019-06-11,682.0,134.0,0.0,0,288.9,0.0,1,2.46,1.12,SPY190628P00278000,278.0,0,0.0,0.0,,0.0,normalDay
2019-06-12,682.0,138.0,0.0,0,288.39,0.0,1,2.46,1.08,SPY190628P00278000,278.0,0,0.0,0.0,,0.0,normalDay
2019-06-13,682.0,160.0,0.0,0,289.58,0.0,1,2.46,0.86,SPY190628P00278000,278.0,0,0.0,0.0,,0.0,normalDay
2019-06-14,682.0,177.0,0.0,0,289.26,0.0,1,2.46,0.69,SPY190628P00278000,278.0,0,0.0,0.0,,0.0,normalDay
2019-06-17,682.0,189.0,0.0,0,289.37,0.0,1,2.46,0.57,SPY190628P00278000,278.0,0,0.0,0.0,,0.0,normalDay
2019-06-18,682.0,215.0,0.0,0,292.4,0.0,1,2.46,0.31,SPY190628P00278000,278.0,0,0.0,0.0,,0.0,normalDay
2019-06-19,682.0,228.0,0.0,0,293.06,0.0,1,2.46,0.18,SPY190628P00278000,278.0,0,0.0,0.0,,0.0,normalDay
2019-06-20,682.0,233.0,0.0,0,295.86,0.0,1,2.46,0.13,SPY190628P00278000,278.0,0,0.0,0.0,,0.0,normalDay
2019-06-21,682.0,236.0,0.0,0,294.0,0.0,1,2.46,0.1,SPY190628P00278000,278.0,0,0.0,0.0,,0.0,normalDay
2019-06-24,682.0,241.0,0.0,0,293.64,0.0,1,2.46,0.05,SPY190628P00278000,278.0,0,0.0,0.0,,0.0,normalDay
2019-06-25,682.0,241.0,0.0,0,290.76,0.0,1,2.46,0.05,SPY190628P00278000,278.0,0,0.0,0.0,,0.0,normalDay
2019-06-26,682.0,243.0,0.0,0,290.47,0.0,1,2.46,0.03,SPY190628P00278000,278.0,0,0.0,0.0,,0.0,normalDay
2019-06-27,682.0,245.0,0.0,0,291.5,0.0,1,2.46,0.01,SPY190628P00278000,278.0,0,0.0,0.0,,0.0,normalDay
2019-06-28,928.0,0.0,246.0,0,293.0,0.0,1,2.46,0.0,SPY190628P00278000,278.0,0,0.0,0.0,,0.0,expirationDay
2019-07-01,928.0,-5.0,0.0,0,295.66,0.0,1,3.24,3.29,SPY190920P00281000,281.0,0,0.0,0.0,,0.0,normalDay
2019-07-02,928.0,42.0,0.0,0,296.43,0.0,1,3.24,2.82,SPY190920P00281000,281.0,0,0.0,0.0,,0.0,normalDay
2019-07-03,928.0,87.0,0.0,0,298.8,0.0,1,3.24,2.37,SPY190920P00281000,281.0,0,0.0,0.0,,0.0,normalDay
2019-07-05,928.0,72.0,0.0,0,298.46,0.0,1,3.24,2.52,SPY190920P00281000,281.0,0,0.0,0.0,,0.0,normalDay
2019-07-08,928.0,50.0,0.0,0,296.82,0.0,1,3.24,2.74,SPY190920P00281000,281.0,0,0.0,0.0,,0.0,normalDay
2019-07-09,928.0,47.0,0.0,0,297.19,0.0,1,3.24,2.77,SPY190920P00281000,281.0,0,0.0,0.0,,0.0,normalDay
2019-07-10,928.0,89.0,0.0,0,298.61,0.0,1,3.24,2.35,SPY190920P00281000,281.0,0,0.0,0.0,,0.0,normalDay
2019-07-11,928.0,105.0,0.0,0,299.31,0.0,1,3.24,2.19,SPY190920P00281000,281.0,0,0.0,0.0,,0.0,normalDay
2019-07-12,928.0,131.0,0.0,0,300.65,0.0,1,3.24,1.93,SPY190920P00281000,281.0,0,0.0,0.0,,0.0,normalDay
2019-07-15,928.0,135.0,0.0,0,300.75,0.0,1,3.24,1.89,SPY190920P00281000,281.0,0,0.0,0.0,,0.0,normalDay
2019-07-16,928.0,125.0,0.0,0,299.78,0.0,1,3.24,1.99,SPY190920P00281000,281.0,0,0.0,0.0,,0.0,normalDay
2019-07-17,928.0,86.0,0.0,0,297.74,0.0,1,3.24,2.38,SPY190920P00281000,281.0,0,0.0,0.0,,0.0,normalDay
2019-07-18,928.0,111.0,0.0,0,298.83,0.0,1,3.24,2.13,SPY190920P00281000,281.0,0,0.0,0.0,,0.0,normalDay
2019-07-19,928.0,82.0,0.0,0,297.17,0.0,1,3.24,2.42,SPY190920P00281000,281.0,0,0.0,0.0,,0.0,normalDay
2019-07-22,928.0,115.0,0.0,0,297.9,0.0,1,3.24,2.09,SPY190920P00281000,281.0,0,0.0,0.0,,0.0,normalDay
2019-07-23,928.0,158.0,0.0,0,300.03,0.0,1,3.24,1.66,SPY190920P00281000,281.0,0,0.0,0.0,,0.0,normalDay
2019-07-24,928.0,183.0,0.0,0,301.44,0.0,1,3.24,1.41,SPY190920P00281000,281.0,0,0.0,0.0,,0.0,normalDay
2019-07-25,928.0,161.0,0.0,0,300.0,0.0,1,3.24,1.63,SPY190920P00281000,281.0,0,0.0,0.0,,0.0,normalDay
2019-07-26,928.0,190.0,0.0,0,302.01,0.0,1,3.24,1.34,SPY190920P00281000,281.0,0,0.0,0.0,,0.0,normalDay
2019-07-29,928.0,191.0,0.0,0,301.46,0.0,1,3.24,1.33,SPY190920P00281000,281.0,0,0.0,0.0,,0.0,normalDay
2019-07-30,928.0,166.0,0.0,0,300.72,0.0,1,3.24,1.58,SPY190920P00281000,281.0,0,0.0,0.0,,0.0,normalDay
2019-07-31,928.0,98.0,0.0,0,297.43,0.0,1,3.24,2.26,SPY190920P00281000,281.0,0,0.0,0.0,,0.0,normalDay
2019-08-01,928.0,16.0,0.0,0,294.84,0.0,1,3.24,3.08,SPY190920P00281000,281.0,0,0.0,0.0,,0.0,normalDay
2019-08-02,928.0,-31.0,0.0,0,292.62,0.0,1,3.24,3.55,SPY190920P00281000,281.0,0,0.0,0.0,,0.0,normalDay
2019-08-05,928.0,-451.0,0.0,0,283.82,0.0,1,3.24,7.75,SPY190920P00281000,281.0,0,0.0,0.0,,0.0,normalDay
2019-08-06,928.0,-192.0,0.0,0,287.8,0.0,1,3.24,5.16,SPY190920P00281000,281.0,0,0.0,0.0,,0.0,normalDay
2019-08-07,928.0,-179.0,0.0,0,287.97,0.0,1,3.24,5.03,SPY190920P00281000,281.0,0,0.0,0.0,,0.0,normalDay
2019-08-08,928.0,23.0,0.0,0,293.62,0.0,1,3.24,3.01,SPY190920P00281000,281.0,0,0.0,0.0,,0.0,normalDay
2019-08-09,928.0,-31.0,0.0,0,291.62,0.0,1,3.24,3.55,SPY190920P00281000,281.0,0,0.0,0.0,,0.0,normalDay
2019-08-12,928.0,-192.0,0.0,0,288.07,0.0,1,3.24,5.16,SPY190920P00281000,281.0,0,0.0,0.0,,0.0,normalDay
2019-08-13,928.0,9.0,0.0,0,292.55,0.0,1,3.24,3.15,SPY190920P00281000,281.0,0,0.0,0.0,,0.0,normalDay
2019-08-14,928.0,-330.0,0.0,0,283.9,0.0,1,3.24,6.54,SPY190920P00281000,281.0,0,0.0,0.0,,0.0,normalDay
2019-08-15,928.0,-273.0,0.0,0,284.65,0.0,1,3.24,5.97,SPY190920P00281000,281.0,0,0.0,0.0,,0.0,normalDay
2019-08-16,928.0,-72.0,0.0,0,288.85,0.0,1,3.24,3.96,SPY190920P00281000,281.0,0,0.0,0.0,,0.0,normalDay
2019-08-19,928.0,73.0,0.0,0,292.33,0.0,1,3.24,2.51,SPY190920P00281000,281.0,0,0.0,0.0,,0.0,normalDay
2019-08-20,928.0,12.0,0.0,0,290.09,0.0,1,3.24,3.12,SPY190920P00281000,281.0,0,0.0,0.0,,0.0,normalDay
2019-08-21,928.0,119.0,0.0,0,292.45,0.0,1,3.24,2.05,SPY190920P00281000,281.0,0,0.0,0.0,,0.0,normalDay
2019-08-22,928.0,99.0,0.0,0,292.36,0.0,1,3.24,2.25,SPY190920P00281000,281.0,0,0.0,0.0,,0.0,normalDay
2019-08-23,928.0,-129.0,0.0,0,284.85,0.0,1,3.24,4.53,SPY190920P00281000,281.0,0,0.0,0.0,,0.0,normalDay
2019-08-26,928.0,-16.0,0.0,0,288.0,0.0,1,3.24,3.4,SPY190920P00281000,281.0,0,0.0,0.0,,0.0,normalDay
2019-08-27,928.0,-70.0,0.0,0,286.87,0.0,1,3.24,3.94,SPY190920P00281000,281.0,0,0.0,0.0,,0.0,normalDay
2019-08-28,928.0,24.0,0.0,0,288.89,0.0,1,3.24,3.0,SPY190920P00281000,281.0,0,0.0,0.0,,0.0,normalDay
2019-08-29,928.0,127.0,0.0,0,292.58,0.0,1,3.24,1.97,SPY190920P00281000,281.0,0,0.0,0.0,,0.0,normalDay
2019-08-30,928.0,121.0,0.0,0,292.45,0.0,1,3.24,2.03,SPY190920P00281000,281.0,0,0.0,0.0,,0.0,normalDay
2019-09-03,928.0,109.0,0.0,0,290.74,0.0,1,3.24,2.15,SPY190920P00281000,281.0,0,0.0,0.0,,0.0,normalDay
2019-09-04,928.0,214.0,0.0,0,294.04,0.0,1,3.24,1.1,SPY190920P00281000,281.0,0,0.0,0.0,,0.0,normalDay
2019-09-05,928.0,264.0,0.0,0,297.82,0.0,1,3.24,0.6,SPY190920P00281000,281.0,0,0.0,0.0,,0.0,normalDay
2019-09-06,928.0,288.0,0.0,0,298.05,0.0,1,3.24,0.36,SPY190920P00281000,281.0,0,0.0,0.0,,0.0,normalDay
2019-09-09,928.0,296.0,0.0,0,298.2,0.0,1,3.24,0.28,SPY190920P00281000,281.0,0,0.0,0.0,,0.0,normalDay
2019-09-10,928.0,300.0,0.0,0,298.13,0.0,1,3.24,0.24,SPY190920P00281000,281.0,0,0.0,0.0,,0.0,normalDay
2019-09-11,928.0,310.0,0.0,0,300.25,0.0,1,3.24,0.14,SPY190920P00281000,281.0,0,0.0,0.0,,0.0,normalDay
2019-09-12,928.0,312.0,0.0,0,301.29,0.0,1,3.24,0.12,SPY190920P00281000,281.0,0,0.0,0.0,,0.0,normalDay
2019-09-13,928.0,314.0,0.0,0,301.09,0.0,1,3.24,0.1,SPY190920P00281000,281.0,0,0.0,0.0,,0.0,normalDay
2019-09-16,928.0,316.0,0.0,0,300.16,0.0,1,3.24,0.08,SPY190920P00281000,281.0,0,0.0,0.0,,0.0,normalDay
2019-09-17,928.0,317.0,0.0,0,300.92,0.0,1,3.24,0.07,SPY190920P00281000,281.0,0,0.0,0.0,,0.0,normalDay
2019-09-18,928.0,319.0,0.0,0,301.1,0.0,1,3.24,0.05,SPY190920P00281000,281.0,0,0.0,0.0,,0.0,normalDay
2019-09-19,928.0,320.0,0.0,0,301.08,0.0,1,3.24,0.04,SPY190920P00281000,281.0,0,0.0,0.0,,0.0,normalDay
2019-09-20,1252.0,0.0,324.0,0,298.28,0.0,1,3.24,0.0,SPY190920P00281000,281.0,0,0.0,0.0,,0.0,expirationDay
2019-09-23,1252.0,-4.0,0.0,0,298.21,0.0,1,2.94,2.98,SPY191115P00286000,286.0,0,0.0,0.0,,0.0,normalDay
2019-09-24,1252.0,-87.0,0.0,0,295.87,0.0,1,2.94,3.81,SPY191115P00286000,286.0,0,0.0,0.0,,0.0,normalDay
2019-09-25,1252.0,-34.0,0.0,0,297.62,0.0,1,2.94,3.28,SPY191115P00286000,286.0,0,0.0,0.0,,0.0,normalDay
2019-09-26,1252.0,-33.0,0.0,0,297.0,0.0,1,2.94,3.27,SPY191115P00286000,286.0,0,0.0,0.0,,0.0,normalDay
2019-09-27,1252.0,-92.0,0.0,0,295.4,0.0,1,2.94,3.86,SPY191115P00286000,286.0,0,0.0,0.0,,0.0,normalDay
2019-09-30,1252.0,-18.0,0.0,0,296.77,0.0,1,2.94,3.12,SPY191115P00286000,286.0,0,0.0,0.0,,0.0,normalDay
2019-10-01,1252.0,-148.0,0.0,0,293.24,0.0,1,2.94,4.42,SPY191115P00286000,286.0,0,0.0,0.0,,0.0,normalDay
2019-10-02,1252.0,-383.0,0.0,0,288.06,0.0,1,2.94,6.77,SPY191115P00286000,286.0,0,0.0,0.0,,0.0,normalDay
2019-10-03,1252.0,-244.0,0.0,0,290.42,0.0,1,2.94,5.38,SPY191115P00286000,286.0,0,0.0,0.0,,0.0,normalDay
2019-10-04,1252.0,-74.0,0.0,0,294.35,0.0,1,2.94,3.68,SPY191115P00286000,286.0,0,0.0,0.0,,0.0,normalDay
2019-10-07,1252.0,-106.0,0.0,0,293.08,0.0,1,2.94,4.0,SPY191115P00286000,286.0,0,0.0,0.0,,0.0,normalDay
2019-10-08,1252.0,-292.0,0.0,0,288.53,0.0,1,2.94,5.86,SPY191115P00286000,286.0,0,0.0,0.0,,0.0,normalDay
2019-10-09,1252.0,-159.0,0.0,0,291.27,0.0,1,2.94,4.53,SPY191115P00286000,286.0,0,0.0,0.0,,0.0,normalDay
2019-10-10,1252.0,-63.0,0.0,0,293.24,0.0,1,2.94,3.57,SPY191115P00286000,286.0,0,0.0,0.0,,0.0,normalDay
2019-10-11,1252.0,65.0,0.0,0,296.28,0.0,1,2.94,2.29,SPY191115P00286000,286.0,0,0.0,0.0,,0.0,normalDay
2019-10-14,1252.0,93.0,0.0,0,295.95,0.0,1,2.94,2.01,SPY191115P00286000,286.0,0,0.0,0.0,,0.0,normalDay
2019-10-15,1252.0,168.0,0.0,0,298.88,0.0,1,2.94,1.26,SPY191115P00286000,286.0,0,0.0,0.0,,0.0,normalDay
2019-10-16,1252.0,168.0,0.0,0,298.4,0.0,1,2.94,1.26,SPY191115P00286000,286.0,0,0.0,0.0,,0.0,normalDay
2019-10-17,1252.0,179.0,0.0,0,299.28,0.0,1,2.94,1.15,SPY191115P00286000,286.0,0,0.0,0.0,,0.0,normalDay
2019-10-18,1252.0,166.0,0.0,0,297.97,0.0,1,2.94,1.28,SPY191115P00286000,286.0,0,0.0,0.0,,0.0,normalDay
2019-10-21,1252.0,208.0,0.0,0,299.99,0.0,1,2.94,0.86,SPY191115P00286000,286.0,0,0.0,0.0,,0.0,normalDay
2019-10-22,1252.0,198.0,0.0,0,299.01,0.0,1,2.94,0.96,SPY191115P00286000,286.0,0,0.0,0.0,,0.0,normalDay
2019-10-23,1252.0,219.0,0.0,0,299.88,0.0,1,2.94,0.75,SPY191115P00286000,286.0,0,0.0,0.0,,0.0,normalDay
2019-10-24,1252.0,231.0,0.0,0,300.37,0.0,1,2.94,0.63,SPY191115P00286000,286.0,0,0.0,0.0,,0.0,normalDay
2019-10-25,1252.0,252.0,0.0,0,301.6,0.0,1,2.94,0.42,SPY191115P00286000,286.0,0,0.0,0.0,,0.0,normalDay
2019-10-28,1252.0,262.0,0.0,0,303.3,0.0,1,2.94,0.32,SPY191115P00286000,286.0,0,0.0,0.0,,0.0,normalDay
2019-10-29,1252.0,265.0,0.0,0,303.21,0.0,1,2.94,0.29,SPY191115P00286000,286.0,0,0.0,0.0,,0.0,normalDay
2019-10-30,1252.0,274.0,0.0,0,304.14,0.0,1,2.94,0.2,SPY191115P00286000,286.0,0,0.0,0.0,,0.0,normalDay
2019-10-31,1252.0,266.0,0.0,0,303.33,0.0,1,2.94,0.28,SPY191115P00286000,286.0,0,0.0,0.0,,0.0,normalDay
2019-11-01,1252.0,282.0,0.0,0,306.14,0.0,1,2.94,0.12,SPY191115P00286000,286.0,0,0.0,0.0,,0.0,normalDay
2019-11-04,1252.0,284.0,0.0,0,307.37,0.0,1,2.94,0.1,SPY191115P00286000,286.0,0,0.0,0.0,,0.0,normalDay
2019-11-05,1252.0,286.0,0.0,0,307.03,0.0,1,2.94,0.08,SPY191115P00286000,286.0,0,0.0,0.0,,0.0,normalDay
2019-11-06,1252.0,289.0,0.0,0,307.1,0.0,1,2.94,0.05,SPY191115P00286000,286.0,0,0.0,0.0,,0.0,normalDay
2019-11-07,1252.0,291.0,0.0,0,308.18,0.0,1,2.94,0.03,SPY191115P00286000,286.0,0,0.0,0.0,,0.0,normalDay
2019-11-08,1252.0,291.0,0.0,0,308.94,0.0,1,2.94,0.03,SPY191115P00286000,286.0,0,0.0,0.0,,0.0,normalDay
2019-11-11,1252.0,292.0,0.0,0,308.35,0.0,1,2.94,0.02,SPY191115P00286000,286.0,0,0.0,0.0,,0.0,normalDay
2019-11-12,1252.0,292.0,0.0,0,309.0,0.0,1,2.94,0.02,SPY191115P00286000,286.0,0,0.0,0.0,,0.0,normalDay
2019-11-13,1252.0,292.0,0.0,0,309.1,0.0,1,2.94,0.02,SPY191115P00286000,286.0,0,0.0,0.0,,0.0,normalDay
2019-11-14,1252.0,293.0,0.0,0,309.55,0.0,1,2.94,0.01,SPY191115P00286000,286.0,0,0.0,0.0,,0.0,normalDay
2019-11-15,1546.0,0.0,294.0,0,311.79,0.0,1,2.94,0.0,SPY191115P00286000,286.0,0,0.0,0.0,,0.0,expirationDay
2019-11-18,1546.0,-3.0,0.0,0,312.02,0.0,1,2.46,2.49,SPY200117P00297000,297.0,0,0.0,0.0,,0.0,normalDay
2019-11-19,1546.0,-15.0,0.0,0,311.93,0.0,1,2.46,2.61,SPY200117P00297000,297.0,0,0.0,0.0,,0.0,normalDay
2019-11-20,1546.0,-36.0,0.0,0,310.77,0.0,1,2.46,2.82,SPY200117P00297000,297.0,0,0.0,0.0,,0.0,normalDay
2019-11-21,1546.0,-46.0,0.0,0,310.27,0.0,1,2.46,2.92,SPY200117P00297000,297.0,0,0.0,0.0,,0.0,normalDay
2019-11-22,1546.0,-14.0,0.0,0,310.96,0.0,1,2.46,2.6,SPY200117P00297000,297.0,0,0.0,0.0,,0.0,normalDay
2019-11-25,1546.0,47.0,0.0,0,313.37,0.0,1,2.46,1.99,SPY200117P00297000,297.0,0,0.0,0.0,,0.0,normalDay
2019-11-26,1546.0,69.0,0.0,0,314.08,0.0,1,2.46,1.77,SPY200117P00297000,297.0,0,0.0,0.0,,0.0,normalDay
2019-11-27,1546.0,85.0,0.0,0,315.48,0.0,1,2.46,1.61,SPY200117P00297000,297.0,0,0.0,0.0,,0.0,normalDay
2019-11-29,1546.0,61.0,0.0,0,314.31,0.0,1,2.46,1.85,SPY200117P00297000,297.0,0,0.0,0.0,,0.0,normalDay
2019-12-02,1546.0,-14.0,0.0,0,311.64,0.0,1,2.46,2.6,SPY200117P00297000,297.0,0,0.0,0.0,,0.0,normalDay
2019-12-03,1546.0,-77.0,0.0,0,309.55,0.0,1,2.46,3.23,SPY200117P00297000,297.0,0,0.0,0.0,,0.0,normalDay
2019-12-04,1546.0,-19.0,0.0,0,311.46,0.0,1,2.46,2.65,SPY200117P00297000,297.0,0,0.0,0.0,,0.0,normalDay
2019-12-05,1546.0,14.0,0.0,0,312.02,0.0,1,2.46,2.32,SPY200117P00297000,297.0,0,0.0,0.0,,0.0,normalDay
2019-12-06,1546.0,74.0,0.0,0,314.87,0.0,1,2.46,1.72,SPY200117P00297000,297.0,0,0.0,0.0,,0.0,normalDay
2019-12-09,1546.0,40.0,0.0,0,313.88,0.0,1,2.46,2.06,SPY200117P00297000,297.0,0,0.0,0.0,,0.0,normalDay
2019-12-10,1546.0,52.0,0.0,0,313.53,0.0,1,2.46,1.94,SPY200117P00297000,297.0,0,0.0,0.0,,0.0,normalDay
2019-12-11,1546.0,80.0,0.0,0,314.42,0.0,1,2.46,1.66,SPY200117P00297000,297.0,0,0.0,0.0,,0.0,normalDay
2019-12-12,1546.0,128.0,0.0,0,317.13,0.0,1,2.46,1.18,SPY200117P00297000,297.0,0,0.0,0.0,,0.0,normalDay
2019-12-13,1546.0,157.0,0.0,0,317.32,0.0,1,2.46,0.89,SPY200117P00297000,297.0,0,0.0,0.0,,0.0,normalDay
2019-12-16,1546.0,186.0,0.0,0,319.5,0.0,1,2.46,0.6,SPY200117P00297000,297.0,0,0.0,0.0,,0.0,normalDay
2019-12-17,1546.0,185.0,0.0,0,319.57,0.0,1,2.46,0.61,SPY200117P00297000,297.0,0,0.0,0.0,,0.0,normalDay
2019-12-18,1546.0,186.0,0.0,0,319.59,0.0,1,2.46,0.6,SPY200117P00297000,297.0,0,0.0,0.0,,0.0,normalDay
2019-12-19,1546.0,193.0,0.0,0,320.9,0.0,1,2.46,0.53,SPY200117P00297000,297.0,0,0.0,0.0,,0.0,normalDay
2019-12-20,1546.0,197.0,0.0,0,320.73,0.0,1,2.46,0.49,SPY200117P00297000,297.0,0,0.0,0.0,,0.0,normalDay
2019-12-23,1546.0,201.0,0.0,0,321.22,0.0,1,2.46,0.45,SPY200117P00297000,297.0,0,0.0,0.0,,0.0,normalDay
2019-12-24,1546.0,204.0,0.0,0,321.23,0.0,1,2.46,0.42,SPY200117P00297000,297.0,0,0.0,0.0,,0.0,normalDay
2019-12-26,1546.0,215.0,0.0,0,322.94,0.0,1,2.46,0.31,SPY200117P00297000,297.0,0,0.0,0.0,,0.0,normalDay
2019-12-27,1546.0,214.0,0.0,0,322.86,0.0,1,2.46,0.32,SPY200117P00297000,297.0,0,0.0,0.0,,0.0,normalDay
2019-12-30,1546.0,210.0,0.0,0,321.08,0.0,1,2.46,0.36,SPY200117P00297000,297.0,0,0.0,0.0,,0.0,normalDay
2019-12-31,1546.0,218.0,0.0,0,321.86,0.0,1,2.46,0.28,SPY200117P00297000,297.0,0,0.0,0.0,,0.0,normalDay
2020-01-02,1546.0,235.0,0.0,0,324.87,0.0,1,2.46,0.11,SPY200117P00297000,297.0,0,0.0,0.0,,0.0,normalDay
2020-01-03,1546.0,228.0,0.0,0,322.41,0.0,1,2.46,0.18,SPY200117P00297000,297.0,0,0.0,0.0,,0.0,normalDay
2020-01-06,1546.0,238.0,0.0,0,323.64,0.0,1,2.46,0.08,SPY200117P00297000,297.0,0,0.0,0.0,,0.0,normalDay
2020-01-07,1546.0,238.0,0.0,0,322.73,0.0,1,2.46,0.08,SPY200117P00297000,297.0,0,0.0,0.0,,0.0,normalDay
2020-01-08,1546.0,238.0,0.0,0,324.45,0.0,1,2.46,0.08,SPY200117P00297000,297.0,0,0.0,0.0,,0.0,normalDay
2020-01-09,1546.0,241.0,0.0,0,326.65,0.0,1,2.46,0.05,SPY200117P00297000,297.0,0,0.0,0.0,,0.0,normalDay
2020-01-10,1546.0,243.0,0.0,0,325.71,0.0,1,2.46,0.03,SPY200117P00297000,297.0,0,0.0,0.0,,0.0,normalDay
2020-01-13,1546.0,244.0,0.0,0,327.95,0.0,1,2.46,0.02,SPY200117P00297000,297.0,0,0.0,0.0,,0.0,normalDay
2020-01-14,1546.0,244.0,0.0,0,327.45,0.0,1,2.46,0.02,SPY200117P00297000,297.0,0,0.0,0.0,,0.0,normalDay
2020-01-15,1546.0,245.0,0.0,0,328.19,0.0,1,2.46,0.01,SPY200117P00297000,297.0,0,0.0,0.0,,0.0,normalDay
2020-01-16,1546.0,245.0,0.0,0,330.92,0.0,1,2.46,0.01,SPY200117P00297000,297.0,0,0.0,0.0,,0.0,normalDay
2020-01-17,1792.0,0.0,246.0,0,331.95,0.0,1,2.46,0.0,SPY200117P00297000,297.0,0,0.0,0.0,,0.0,expirationDay
2020-01-21,1792.0,-4.0,0.0,0,331.3,0.0,1,4.04,4.08,SPY200417P00317000,317.0,0,0.0,0.0,,0.0,normalDay
2020-01-22,1792.0,-6.0,0.0,0,331.34,0.0,1,4.04,4.1,SPY200417P00317000,317.0,0,0.0,0.0,,0.0,normalDay
2020-01-23,1792.0,3.0,0.0,0,331.72,0.0,1,4.04,4.01,SPY200417P00317000,317.0,0,0.0,0.0,,0.0,normalDay
2020-01-24,1792.0,-98.0,0.0,0,328.77,0.0,1,4.04,5.02,SPY200417P00317000,317.0,0,0.0,0.0,,0.0,normalDay
2020-01-27,1792.0,-338.0,0.0,0,323.5,0.0,1,4.04,7.42,SPY200417P00317000,317.0,0,0.0,0.0,,0.0,normalDay
2020-01-28,1792.0,-172.0,0.0,0,326.89,0.0,1,4.04,5.76,SPY200417P00317000,317.0,0,0.0,0.0,,0.0,normalDay
2020-01-29,1792.0,-176.0,0.0,0,326.62,0.0,1,4.04,5.8,SPY200417P00317000,317.0,0,0.0,0.0,,0.0,normalDay
2020-01-30,1792.0,-102.0,0.0,0,327.68,0.0,1,4.04,5.06,SPY200417P00317000,317.0,0,0.0,0.0,,0.0,normalDay
2020-01-31,1792.0,-358.0,0.0,0,321.73,0.0,1,4.04,7.62,SPY200417P00317000,317.0,0,0.0,0.0,,0.0,normalDay
2020-02-03,1792.0,-265.0,0.0,0,324.12,0.0,1,4.04,6.69,SPY200417P00317000,317.0,0,0.0,0.0,,0.0,normalDay
2020-02-04,1792.0,-60.0,0.0,0,329.06,0.0,1,4.04,4.64,SPY200417P00317000,317.0,0,0.0,0.0,,0.0,normalDay
2020-02-05,1792.0,45.0,0.0,0,332.86,0.0,1,4.04,3.59,SPY200417P00317000,317.0,0,0.0,0.0,,0.0,normalDay
2020-02-06,1792.0,68.0,0.0,0,333.98,0.0,1,4.04,3.36,SPY200417P00317000,317.0,0,0.0,0.0,,0.0,normalDay
2020-02-07,1792.0,27.0,0.0,0,332.2,0.0,1,4.04,3.77,SPY200417P00317000,317.0,0,0.0,0.0,,0.0,normalDay
2020-02-10,1792.0,87.0,0.0,0,334.68,0.0,1,4.04,3.17,SPY200417P00317000,317.0,0,0.0,0.0,,0.0,normalDay
2020-02-11,1792.0,101.0,0.0,0,335.26,0.0,1,4.04,3.03,SPY200417P00317000,317.0,0,0.0,0.0,,0.0,normalDay
2020-02-12,1792.0,159.0,0.0,0,337.42,0.0,1,4.04,2.45,SPY200417P00317000,317.0,0,0.0,0.0,,0.0,normalDay
2020-02-13,1792.0,148.0,0.0,0,337.06,0.0,1,4.04,2.56,SPY200417P00317000,317.0,0,0.0,0.0,,0.0,normalDay
2020-02-14,1792.0,167.0,0.0,0,337.6,0.0,1,4.04,2.37,SPY200417P00317000,317.0,0,0.0,0.0,,0.0,normalDay
2020-02-18,1792.0,153.0,0.0,0,336.73,0.0,1,4.04,2.51,SPY200417P00317000,317.0,0,0.0,0.0,,0.0,normalDay
2020-02-19,1792.0,188.0,0.0,0,338.34,0.0,1,4.04,2.16,SPY200417P00317000,317.0,0,0.0,0.0,,0.0,normalDay
2020-02-20,1792.0,150.0,0.0,0,336.95,0.0,1,4.04,2.54,SPY200417P00317000,317.0,0,0.0,0.0,,0.0,normalDay
2020-02-21,1792.0,55.0,0.0,0,333.48,0.0,1,4.04,3.49,SPY200417P00317000,317.0,0,0.0,0.0,,0.0,normalDay
2020-02-24,1792.0,-410.0,0.0,0,322.42,0.0,1,4.04,8.14,SPY200417P00317000,317.0,0,0.0,0.0,,0.0,normalDay
2020-02-25,1792.0,-835.0,0.0,0,312.65,0.0,1,4.04,12.39,SPY200417P00317000,317.0,0,0.0,0.0,,0.0,normalDay
2020-02-26,1792.0,-926.0,0.0,0,311.5,0.0,1,4.04,13.3,SPY200417P00317000,317.0,0,0.0,0.0,,0.0,normalDay
2020-02-27,1792.0,-2049.0,0.0,0,297.51,0.0,1,4.04,24.53,SPY200417P00317000,317.0,0,0.0,0.0,,0.0,normalDay
2020-02-28,1792.0,-2105.0,0.0,0,296.26,0.0,1,4.04,25.09,SPY200417P00317000,317.0,0,0.0,0.0,,0.0,normalDay
2020-03-02,1792.0,-1115.0,0.0,0,309.09,0.0,1,4.04,15.19,SPY200417P00317000,317.0,0,0.0,0.0,,0.0,normalDay
2020-03-03,1792.0,-1656.0,0.0,0,300.24,0.0,1,4.04,20.6,SPY200417P00317000,317.0,0,0.0,0.0,,0.0,normalDay
2020-03-04,1792.0,-962.0,0.0,0,312.86,0.0,1,4.04,13.66,SPY200417P00317000,317.0,0,0.0,0.0,,0.0,normalDay
2020-03-05,1792.0,-1716.0,0.0,0,302.46,0.0,1,4.04,21.2,SPY200417P00317000,317.0,0,0.0,0.0,,0.0,normalDay
2020-03-06,1792.0,-2123.0,0.0,0,297.46,0.0,1,4.04,25.27,SPY200417P00317000,317.0,0,0.0,0.0,,0.0,normalDay
2020-03-09,1792.0,-4198.0,0.0,0,274.23,0.0,1,4.04,46.02,SPY200417P00317000,317.0,0,0.0,0.0,,0.0,normalDay
2020-03-10,1792.0,-2876.0,0.0,0,288.42,0.0,1,4.04,32.8,SPY200417P00317000,317.0,0,0.0,0.0,,0.0,normalDay
2020-03-11,1792.0,-4126.0,0.0,0,274.36,0.0,1,4.04,45.3,SPY200417P00317000,317.0,0,0.0,0.0,,0.0,normalDay
2020-03-12,1792.0,-6662.0,0.0,0,248.11,0.0,1,4.04,70.66,SPY200417P00317000,317.0,0,0.0,0.0,,0.0,normalDay
2020-03-13,1792.0,-4644.0,0.0,0,269.32,0.0,1,4.04,50.48,SPY200417P00317000,317.0,0,0.0,0.0,,0.0,normalDay
2020-03-16,1792.0,-7191.0,0.0,0,239.85,0.0,1,4.04,75.95,SPY200417P00317000,317.0,0,0.0,0.0,,0.0,normalDay
2020-03-17,1792.0,-6339.0,0.0,0,252.8,0.0,1,4.04,67.43,SPY200417P00317000,317.0,0,0.0,0.0,,0.0,normalDay
2020-03-18,1792.0,-7444.0,0.0,0,240.0,0.0,1,4.04,78.48,SPY200417P00317000,317.0,0,0.0,0.0,,0.0,normalDay
2020-03-19,1792.0,-7450.0,0.0,0,240.51,0.0,1,4.04,78.54,SPY200417P00317000,317.0,0,0.0,0.0,,0.0,normalDay
2020-03-20,1792.0,-8407.0,0.0,0,228.8,0.0,1,4.04,88.11,SPY200417P00317000,317.0,0,0.0,0.0,,0.0,normalDay
2020-03-23,1792.0,-9205.0,0.0,0,222.95,0.0,1,4.04,96.09,SPY200417P00317000,317.0,0,0.0,0.0,,0.0,normalDay
2020-03-24,1792.0,-7083.0,0.0,0,243.15,0.0,1,4.04,74.87,SPY200417P00317000,317.0,0,0.0,0.0,,0.0,normalDay
2020-03-25,1792.0,-6616.0,0.0,0,246.79,0.0,1,4.04,70.2,SPY200417P00317000,317.0,0,0.0,0.0,,0.0,normalDay
2020-03-26,1792.0,-5260.0,0.0,0,261.2,0.0,1,4.04,56.64,SPY200417P00317000,317.0,0,0.0,0.0,,0.0,normalDay
2020-03-27,1792.0,-6047.0,0.0,0,253.42,0.0,1,4.04,64.51,SPY200417P00317000,317.0,0,0.0,0.0,,0.0,normalDay
2020-03-30,1792.0,-5243.0,0.0,0,261.65,0.0,1,4.04,56.47,SPY200417P00317000,317.0,0,0.0,0.0,,0.0,normalDay
2020-03-31,1792.0,-5644.0,0.0,0,257.75,0.0,1,4.04,60.48,SPY200417P00317000,317.0,0,0.0,0.0,,0.0,normalDay
2020-04-01,1792.0,-6730.0,0.0,0,246.15,0.0,1,4.04,71.34,SPY200417P00317000,317.0,0,0.0,0.0,,0.0,normalDay
2020-04-02,1792.0,-6047.0,0.0,0,251.83,0.0,1,4.04,64.51,SPY200417P00317000,317.0,0,0.0,0.0,,0.0,normalDay
2020-04-03,1792.0,-6473.0,0.0,0,248.19,0.0,1,4.04,68.77,SPY200417P00317000,317.0,0,0.0,0.0,,0.0,normalDay
2020-04-06,1792.0,-4805.0,0.0,0,264.86,0.0,1,4.04,52.09,SPY200417P00317000,317.0,0,0.0,0.0,,0.0,normalDay
2020-04-07,1792.0,-4925.0,0.0,0,265.13,0.0,1,4.04,53.29,SPY200417P00317000,317.0,0,0.0,0.0,,0.0,normalDay
2020-04-08,1792.0,-3914.0,0.0,0,274.03,0.0,1,4.04,43.18,SPY200417P00317000,317.0,0,0.0,0.0,,0.0,normalDay
2020-04-09,1792.0,-3504.0,0.0,0,278.2,0.0,1,4.04,39.08,SPY200417P00317000,317.0,0,0.0,0.0,,0.0,normalDay
2020-04-13,1792.0,-3759.0,0.0,0,275.66,0.0,1,4.04,41.63,SPY200417P00317000,317.0,0,0.0,0.0,,0.0,normalDay
2020-04-14,1792.0,-2908.0,0.0,0,283.79,0.0,1,4.04,33.12,SPY200417P00317000,317.0,0,0.0,0.0,,0.0,normalDay
2020-04-15,1792.0,-3542.0,0.0,0,277.76,0.0,1,4.04,39.46,SPY200417P00317000,317.0,0,0.0,0.0,,0.0,normalDay
2020-04-16,1792.0,-3393.0,0.0,0,279.1,0.0,1,4.04,37.97,SPY200417P00317000,317.0,0,0.0,0.0,,0.0,normalDay
2020-04-17,2196.0,-3036.0,404.0,100,286.64,317.0,1,4.04,0.0,SPY200417P00317000,317.0,0,0.0,0.0,,0.0,expirationDay
2020-04-20,2196.0,-3545.0,0.0,100,281.59,317.0,0,0.0,0.0,,0.0,1,0.06,0.1,SPY200522C00335000,335.0,normalDay
2020-04-21,2196.0,-4397.0,0.0,100,273.04,317.0,0,0.0,0.0,,0.0,1,0.06,0.07,SPY200522C00335000,335.0,normalDay
2020-04-22,2196.0,-3790.0,0.0,100,279.1,317.0,0,0.0,0.0,,0.0,1,0.06,0.06,SPY200522C00335000,335.0,normalDay
2020-04-23,2196.0,-3792.0,0.0,100,279.08,317.0,0,0.0,0.0,,0.0,1,0.06,0.06,SPY200522C00335000,335.0,normalDay
2020-04-24,2196.0,-3402.0,0.0,100,282.97,317.0,0,0.0,0.0,,0.0,1,0.06,0.05,SPY200522C00335000,335.0,normalDay
2020-04-27,2196.0,-2994.0,0.0,100,287.05,317.0,0,0.0,0.0,,0.0,1,0.06,0.05,SPY200522C00335000,335.0,normalDay
2020-04-28,2196.0,-3126.0,0.0,100,285.73,317.0,0,0.0,0.0,,0.0,1,0.06,0.05,SPY200522C00335000,335.0,normalDay
2020-04-29,2196.0,-2381.0,0.0,100,293.21,317.0,0,0.0,0.0,,0.0,1,0.06,0.08,SPY200522C00335000,335.0,normalDay
2020-04-30,2196.0,-2653.0,0.0,100,290.48,317.0,0,0.0,0.0,,0.0,1,0.06,0.07,SPY200522C00335000,335.0,normalDay
2020-05-01,2196.0,-3418.0,0.0,100,282.79,317.0,0,0.0,0.0,,0.0,1,0.06,0.03,SPY200522C00335000,335.0,normalDay
2020-05-04,2196.0,-3340.0,0.0,100,283.57,317.0,0,0.0,0.0,,0.0,1,0.06,0.03,SPY200522C00335000,335.0,normalDay
2020-05-05,2196.0,-3077.0,0.0,100,286.19,317.0,0,0.0,0.0,,0.0,1,0.06,0.02,SPY200522C00335000,335.0,normalDay
2020-05-06,2196.0,-3271.0,0.0,100,284.25,317.0,0,0.0,0.0,,0.0,1,0.06,0.02,SPY200522C00335000,335.0,normalDay
2020-05-07,2196.0,-2928.0,0.0,100,287.68,317.0,0,0.0,0.0,,0.0,1,0.06,0.02,SPY200522C00335000,335.0,normalDay
2020-05-08,2196.0,-2452.0,0.0,100,292.44,317.0,0,0.0,0.0,,0.0,1,0.06,0.02,SPY200522C00335000,335.0,normalDay
2020-05-11,2196.0,-2446.0,0.0,100,292.5,317.0,0,0.0,0.0,,0.0,1,0.06,0.02,SPY200522C00335000,335.0,normalDay
2020-05-12,2196.0,-3028.0,0.0,100,286.67,317.0,0,0.0,0.0,,0.0,1,0.06,0.01,SPY200522C00335000,335.0,normalDay
2020-05-13,2196.0,-3536.0,0.0,100,281.6,317.0,0,0.0,0.0,,0.0,1,0.06,0.02,SPY200522C00335000,335.0,normalDay
2020-05-14,2196.0,-3198.0,0.0,100,284.97,317.0,0,0.0,0.0,,0.0,1,0.06,0.01,SPY200522C00335000,335.0,normalDay
2020-05-15,2196.0,-3067.0,0.0,100,286.28,317.0,0,0.0,0.0,,0.0,1,0.06,0.01,SPY200522C00335000,335.0,normalDay
2020-05-18,2196.0,-2195.0,0.0,100,295.0,317.0,0,0.0,0.0,,0.0,1,0.06,0.01,SPY200522C00335000,335.0,normalDay
2020-05-19,2196.0,-2498.0,0.0,100,291.97,317.0,0,0.0,0.0,,0.0,1,0.06,0.01,SPY200522C00335000,335.0,normalDay
2020-05-20,2196.0,-2002.0,0.0,100,296.93,317.0,0,0.0,0.0,,0.0,1,0.06,0.01,SPY200522C00335000,335.0,normalDay
2020-05-21,2196.0,-2207.0,0.0,100,294.88,317.0,0,0.0,0.0,,0.0,1,0.06,0.01,SPY200522C00335000,335.0,normalDay
2020-05-22,2202.0,-2156.0,6.0,100,295.44,317.0,0,0.0,0.0,,0.0,1,0.06,0.0,SPY200522C00335000,335.0,expirationDay
2020-05-26,2202.0,-1799.0,0.0,100,299.08,317.0,0,0.0,0.0,,0.0,1,2.04,2.11,SPY200626C00312000,312.0,normalDay
2020-05-27,2202.0,-1465.0,0.0,100,303.53,317.0,0,0.0,0.0,,0.0,1,2.04,3.22,SPY200626C00312000,312.0,normalDay
2020-05-28,2202.0,-1541.0,0.0,100,302.97,317.0,0,0.0,0.0,,0.0,1,2.04,3.42,SPY200626C00312000,312.0,normalDay
2020-05-29,2202.0,-1428.0,0.0,100,304.32,317.0,0,0.0,0.0,,0.0,1,2.04,3.64,SPY200626C00312000,312.0,normalDay
2020-06-01,2202.0,-1297.0,0.0,100,305.55,317.0,0,0.0,0.0,,0.0,1,2.04,3.56,SPY200626C00312000,312.0,normalDay
2020-06-02,2202.0,-1103.0,0.0,100,308.08,317.0,0,0.0,0.0,,0.0,1,2.04,4.15,SPY200626C00312000,312.0,normalDay
2020-06-03,2202.0,-893.0,0.0,100,312.18,317.0,0,0.0,0.0,,0.0,1,2.04,6.15,SPY200626C00312000,312.0,normalDay
2020-06-04,2202.0,-923.0,0.0,100,311.36,317.0,0,0.0,0.0,,0.0,1,2.04,5.63,SPY200626C00312000,312.0,normalDay
2020-06-05,2202.0,-600.0,0.0,100,319.34,317.0,0,0.0,0.0,,0.0,1,2.04,10.38,SPY200626C00312000,312.0,normalDay
2020-06-08,2202.0,-491.0,0.0,100,323.2,317.0,0,0.0,0.0,,0.0,1,2.04,13.15,SPY200626C00312000,312.0,normalDay
2020-06-09,2202.0,-648.0,0.0,100,320.79,317.0,0,0.0,0.0,,0.0,1,2.04,12.31,SPY200626C00312000,312.0,normalDay
2020-06-10,2202.0,-598.0,0.0,100,319.0,317.0,0,0.0,0.0,,0.0,1,2.04,10.02,SPY200626C00312000,312.0,normalDay
2020-06-11,2202.0,-1760.0,0.0,100,300.61,317.0,0,0.0,0.0,,0.0,1,2.04,3.25,SPY200626C00312000,312.0,normalDay
2020-06-12,2202.0,-1393.0,0.0,100,304.21,317.0,0,0.0,0.0,,0.0,1,2.04,3.18,SPY200626C00312000,312.0,normalDay
2020-06-15,2202.0,-1178.0,0.0,100,307.05,317.0,0,0.0,0.0,,0.0,1,2.04,3.87,SPY200626C00312000,312.0,normalDay
2020-06-16,2202.0,-830.0,0.0,100,312.96,317.0,0,0.0,0.0,,0.0,1,2.04,6.3,SPY200626C00312000,312.0,normalDay
2020-06-17,2202.0,-854.0,0.0,100,311.66,317.0,0,0.0,0.0,,0.0,1,2.04,5.24,SPY200626C00312000,312.0,normalDay
2020-06-18,2202.0,-748.0,0.0,100,311.78,317.0,0,0.0,0.0,,0.0,1,2.04,4.3,SPY200626C00312000,312.0,normalDay
2020-06-19,2202.0,-910.0,0.0,100,308.64,317.0,0,0.0,0.0,,0.0,1,2.04,2.78,SPY200626C00312000,312.0,normalDay
2020-06-22,2202.0,-750.0,0.0,100,310.62,317.0,0,0.0,0.0,,0.0,1,2.04,3.16,SPY200626C00312000,312.0,normalDay
2020-06-23,2202.0,-614.0,0.0,100,312.05,317.0,0,0.0,0.0,,0.0,1,2.04,3.23,SPY200626C00312000,312.0,normalDay
2020-06-24,2202.0,-1138.0,0.0,100,304.09,317.0,0,0.0,0.0,,0.0,1,2.04,0.51,SPY200626C00312000,312.0,normalDay
2020-06-25,2202.0,-810.0,0.0,100,307.35,317.0,0,0.0,0.0,,0.0,1,2.04,0.49,SPY200626C00312000,312.0,normalDay
2020-06-26,2406.0,-1695.0,204.0,100,300.05,317.0,0,0.0,0.0,,0.0,1,2.04,0.0,SPY200626C00312000,312.0,expirationDay
2020-06-29,2406.0,-1257.0,0.0,100,304.46,317.0,0,0.0,0.0,,0.0,1,0.31,0.34,SPY200731C00338000,338.0,normalDay
2020-06-30,2406.0,-879.0,0.0,100,308.36,317.0,0,0.0,0.0,,0.0,1,0.31,0.46,SPY200731C00338000,338.0,normalDay
2020-07-01,2406.0,-667.0,0.0,100,310.52,317.0,0,0.0,0.0,,0.0,1,0.31,0.5,SPY200731C00338000,338.0,normalDay
2020-07-02,2406.0,-494.0,0.0,100,312.23,317.0,0,0.0,0.0,,0.0,1,0.31,0.48,SPY200731C00338000,338.0,normalDay
2020-07-06,2406.0,-43.0,0.0,100,317.05,317.0,0,0.0,0.0,,0.0,1,0.31,0.79,SPY200731C00338000,338.0,normalDay
2020-07-07,2406.0,-342.0,0.0,100,313.78,317.0,0,0.0,0.0,,0.0,1,0.31,0.51,SPY200731C00338000,338.0,normalDay
2020-07-08,2406.0,-100.0,0.0,100,316.18,317.0,0,0.0,0.0,,0.0,1,0.31,0.49,SPY200731C00338000,338.0,normalDay
2020-07-09,2406.0,-265.0,0.0,100,314.38,317.0,0,0.0,0.0,,0.0,1,0.31,0.34,SPY200731C00338000,338.0,normalDay
2020-07-10,2406.0,42.0,0.0,100,317.59,317.0,0,0.0,0.0,,0.0,1,0.31,0.48,SPY200731C00338000,338.0,normalDay
2020-07-13,2406.0,-225.0,0.0,100,314.84,317.0,0,0.0,0.0,,0.0,1,0.31,0.4,SPY200731C00338000,338.0,normalDay
2020-07-14,2406.0,175.0,0.0,100,318.92,317.0,0,0.0,0.0,,0.0,1,0.31,0.48,SPY200731C00338000,338.0,normalDay
2020-07-15,2406.0,447.0,0.0,100,321.85,317.0,0,0.0,0.0,,0.0,1,0.31,0.69,SPY200731C00338000,338.0,normalDay
2020-07-16,2406.0,369.0,0.0,100,320.79,317.0,0,0.0,0.0,,0.0,1,0.31,0.41,SPY200731C00338000,338.0,normalDay
2020-07-17,2406.0,463.0,0.0,100,321.72,317.0,0,0.0,0.0,,0.0,1,0.31,0.4,SPY200731C00338000,338.0,normalDay
2020-07-20,2406.0,723.0,0.0,100,324.32,317.0,0,0.0,0.0,,0.0,1,0.31,0.4,SPY200731C00338000,338.0,normalDay
2020-07-21,2406.0,788.0,0.0,100,325.01,317.0,0,0.0,0.0,,0.0,1,0.31,0.44,SPY200731C00338000,338.0,normalDay
2020-07-22,2406.0,983.0,0.0,100,326.86,317.0,0,0.0,0.0,,0.0,1,0.31,0.34,SPY200731C00338000,338.0,normalDay
2020-07-23,2406.0,614.0,0.0,100,322.96,317.0,0,0.0,0.0,,0.0,1,0.31,0.13,SPY200731C00338000,338.0,normalDay
2020-07-24,2406.0,416.0,0.0,100,320.88,317.0,0,0.0,0.0,,0.0,1,0.31,0.03,SPY200731C00338000,338.0,normalDay
2020-07-27,2406.0,651.0,0.0,100,323.22,317.0,0,0.0,0.0,,0.0,1,0.31,0.02,SPY200731C00338000,338.0,normalDay
2020-07-28,2406.0,447.0,0.0,100,321.17,317.0,0,0.0,0.0,,0.0,1,0.31,0.01,SPY200731C00338000,338.0,normalDay
2020-07-29,2406.0,842.0,0.0,100,325.12,317.0,0,0.0,0.0,,0.0,1,0.31,0.01,SPY200731C00338000,338.0,normalDay
2020-07-30,2406.0,726.0,0.0,100,323.96,317.0,0,0.0,0.0,,0.0,1,0.31,0.01,SPY200731C00338000,338.0,normalDay
2020-07-31,2437.0,952.0,31.0,100,326.52,317.0,0,0.0,0.0,,0.0,1,0.31,0.0,SPY200731C00338000,338.0,expirationDay
2020-08-03,2437.0,1175.0,0.0,100,328.79,317.0,0,0.0,0.0,,0.0,1,2.42,2.46,SPY200904C00340000,340.0,normalDay
2020-08-04,2437.0,1285.0,0.0,100,330.06,317.0,0,0.0,0.0,,0.0,1,2.42,2.63,SPY200904C00340000,340.0,normalDay
2020-08-05,2437.0,1451.0,0.0,100,332.11,317.0,0,0.0,0.0,,0.0,1,2.42,3.02,SPY200904C00340000,340.0,normalDay
2020-08-06,2437.0,1601.0,0.0,100,334.33,317.0,0,0.0,0.0,,0.0,1,2.42,3.74,SPY200904C00340000,340.0,normalDay
2020-08-07,2437.0,1641.0,0.0,100,334.57,317.0,0,0.0,0.0,,0.0,1,2.42,3.58,SPY200904C00340000,340.0,normalDay
2020-08-10,2437.0,1739.0,0.0,100,335.57,317.0,0,0.0,0.0,,0.0,1,2.42,3.6,SPY200904C00340000,340.0,normalDay
2020-08-11,2437.0,1526.0,0.0,100,332.8,317.0,0,0.0,0.0,,0.0,1,2.42,2.96,SPY200904C00340000,340.0,normalDay
2020-08-12,2437.0,1853.0,0.0,100,337.44,317.0,0,0.0,0.0,,0.0,1,2.42,4.33,SPY200904C00340000,340.0,normalDay
2020-08-13,2437.0,1834.0,0.0,100,336.83,317.0,0,0.0,0.0,,0.0,1,2.42,3.91,SPY200904C00340000,340.0,normalDay
2020-08-14,2437.0,1864.0,0.0,100,336.84,317.0,0,0.0,0.0,,0.0,1,2.42,3.62,SPY200904C00340000,340.0,normalDay
2020-08-17,2437.0,1968.0,0.0,100,337.91,317.0,0,0.0,0.0,,0.0,1,2.42,3.65,SPY200904C00340000,340.0,normalDay
2020-08-18,2437.0,2015.0,0.0,100,338.64,317.0,0,0.0,0.0,,0.0,1,2.42,3.91,SPY200904C00340000,340.0,normalDay
2020-08-19,2437.0,1943.0,0.0,100,337.23,317.0,0,0.0,0.0,,0.0,1,2.42,3.22,SPY200904C00340000,340.0,normalDay
2020-08-20,2437.0,2035.0,0.0,100,338.28,317.0,0,0.0,0.0,,0.0,1,2.42,3.35,SPY200904C00340000,340.0,normalDay
2020-08-21,2437.0,2105.0,0.0,100,339.48,317.0,0,0.0,0.0,,0.0,1,2.42,3.85,SPY200904C00340000,340.0,normalDay
2020-08-24,2437.0,2284.0,0.0,100,342.92,317.0,0,0.0,0.0,,0.0,1,2.42,5.5,SPY200904C00340000,340.0,normalDay
2020-08-25,2437.0,2326.0,0.0,100,344.12,317.0,0,0.0,0.0,,0.0,1,2.42,6.28,SPY200904C00340000,340.0,normalDay
2020-08-26,2437.0,2376.0,0.0,100,347.57,317.0,0,0.0,0.0,,0.0,1,2.42,9.23,SPY200904C00340000,340.0,normalDay
2020-08-27,2437.0,2377.0,0.0,100,348.33,317.0,0,0.0,0.0,,0.0,1,2.42,9.98,SPY200904C00340000,340.0,normalDay
2020-08-28,2437.0,2493.0,0.0,100,350.58,317.0,0,0.0,0.0,,0.0,1,2.42,11.07,SPY200904C00340000,340.0,normalDay
2020-08-31,2437.0,2429.0,0.0,100,349.31,317.0,0,0.0,0.0,,0.0,1,2.42,10.44,SPY200904C00340000,340.0,normalDay
2020-09-01,2437.0,2519.0,0.0,100,352.6,317.0,0,0.0,0.0,,0.0,1,2.42,12.83,SPY200904C00340000,340.0,normalDay
2020-09-02,2437.0,2507.0,0.0,100,357.7,317.0,0,0.0,0.0,,0.0,1,2.42,18.05,SPY200904C00340000,340.0,normalDay
2020-09-03,2437.0,2358.0,0.0,100,345.39,317.0,0,0.0,0.0,,0.0,1,2.42,7.23,SPY200904C00340000,340.0,normalDay
2020-09-04,4979.0,2358.0,2542.0,0,342.57,0.0,0,0.0,0.0,,0.0,1,2.42,0.0,SPY200904C00340000,340.0,expirationDay
2020-09-08,4979.0,-15.0,0.0,0,333.21,0.0,1,14.78,14.93,SPY201120P00328000,328.0,0,0.0,0.0,,0.0,normalDay
2020-09-09,4979.0,268.0,0.0,0,339.79,0.0,1,14.78,12.1,SPY201120P00328000,328.0,0,0.0,0.0,,0.0,normalDay
2020-09-10,4979.0,80.0,0.0,0,333.89,0.0,1,14.78,13.98,SPY201120P00328000,328.0,0,0.0,0.0,,0.0,normalDay
2020-09-11,4979.0,136.0,0.0,0,334.06,0.0,1,14.78,13.42,SPY201120P00328000,328.0,0,0.0,0.0,,0.0,normalDay
2020-09-14,4979.0,383.0,0.0,0,338.46,0.0,1,14.78,10.95,SPY201120P00328000,328.0,0,0.0,0.0,,0.0,normalDay
2020-09-15,4979.0,454.0,0.0,0,340.17,0.0,1,14.78,10.24,SPY201120P00328000,328.0,0,0.0,0.0,,0.0,normalDay
2020-09-16,4979.0,403.0,0.0,0,338.82,0.0,1,14.78,10.75,SPY201120P00328000,328.0,0,0.0,0.0,,0.0,normalDay
2020-09-17,4979.0,327.0,0.0,0,335.84,0.0,1,14.78,11.51,SPY201120P00328000,328.0,0,0.0,0.0,,0.0,normalDay
2020-09-18,4979.0,206.0,0.0,0,330.65,0.0,1,14.78,12.72,SPY201120P00328000,328.0,0,0.0,0.0,,0.0,normalDay
2020-09-21,4979.0,48.0,0.0,0,326.97,0.0,1,14.78,14.3,SPY201120P00328000,328.0,0,0.0,0.0,,0.0,normalDay
2020-09-22,4979.0,161.0,0.0,0,330.3,0.0,1,14.78,13.17,SPY201120P00328000,328.0,0,0.0,0.0,,0.0,normalDay
2020-09-23,4979.0,-209.0,0.0,0,322.64,0.0,1,14.78,16.87,SPY201120P00328000,328.0,0,0.0,0.0,,0.0,normalDay
2020-09-24,4979.0,-115.0,0.0,0,323.5,0.0,1,14.78,15.93,SPY201120P00328000,328.0,0,0.0,0.0,,0.0,normalDay
2020-09-25,4979.0,144.0,0.0,0,328.73,0.0,1,14.78,13.34,SPY201120P00328000,328.0,0,0.0,0.0,,0.0,normalDay
2020-09-28,4979.0,370.0,0.0,0,334.19,0.0,1,14.78,11.08,SPY201120P00328000,328.0,0,0.0,0.0,,0.0,normalDay
2020-09-29,4979.0,344.0,0.0,0,332.37,0.0,1,14.78,11.34,SPY201120P00328000,328.0,0,0.0,0.0,,0.0,normalDay
2020-09-30,4979.0,369.0,0.0,0,334.89,0.0,1,14.78,11.09,SPY201120P00328000,328.0,0,0.0,0.0,,0.0,normalDay
2020-10-01,4979.0,481.0,0.0,0,337.04,0.0,1,14.78,9.97,SPY201120P00328000,328.0,0,0.0,0.0,,0.0,normalDay
2020-10-02,4979.0,356.0,0.0,0,333.84,0.0,1,14.78,11.22,SPY201120P00328000,328.0,0,0.0,0.0,,0.0,normalDay
2020-10-05,4979.0,603.0,0.0,0,339.76,0.0,1,14.78,8.75,SPY201120P00328000,328.0,0,0.0,0.0,,0.0,normalDay
2020-10-06,4979.0,470.0,0.0,0,334.93,0.0,1,14.78,10.08,SPY201120P00328000,328.0,0,0.0,0.0,,0.0,normalDay
2020-10-07,4979.0,700.0,0.0,0,340.76,0.0,1,14.78,7.78,SPY201120P00328000,328.0,0,0.0,0.0,,0.0,normalDay
2020-10-08,4979.0,844.0,0.0,0,343.78,0.0,1,14.78,6.34,SPY201120P00328000,328.0,0,0.0,0.0,,0.0,normalDay
2020-10-09,4979.0,977.0,0.0,0,346.85,0.0,1,14.78,5.01,SPY201120P00328000,328.0,0,0.0,0.0,,0.0,normalDay
2020-10-12,4979.0,1087.0,0.0,0,352.43,0.0,1,14.78,3.91,SPY201120P00328000,328.0,0,0.0,0.0,,0.0,normalDay
2020-10-13,4979.0,1040.0,0.0,0,350.13,0.0,1,14.78,4.38,SPY201120P00328000,328.0,0,0.0,0.0,,0.0,normalDay
2020-10-14,4979.0,1007.0,0.0,0,347.93,0.0,1,14.78,4.71,SPY201120P00328000,328.0,0,0.0,0.0,,0.0,normalDay
2020-10-15,4979.0,996.0,0.0,0,347.5,0.0,1,14.78,4.82,SPY201120P00328000,328.0,0,0.0,0.0,,0.0,normalDay
2020-10-16,4979.0,978.0,0.0,0,347.29,0.0,1,14.78,5.0,SPY201120P00328000,328.0,0,0.0,0.0,,0.0,normalDay
2020-10-19,4979.0,875.0,0.0,0,342.01,0.0,1,14.78,6.03,SPY201120P00328000,328.0,0,0.0,0.0,,0.0,normalDay
2020-10-20,4979.0,891.0,0.0,0,343.38,0.0,1,14.78,5.87,SPY201120P00328000,328.0,0,0.0,0.0,,0.0,normalDay
2020-10-21,4979.0,937.0,0.0,0,342.73,0.0,1,14.78,5.41,SPY201120P00328000,328.0,0,0.0,0.0,,0.0,normalDay
2020-10-22,4979.0,993.0,0.0,0,344.61,0.0,1,14.78,4.85,SPY201120P00328000,328.0,0,0.0,0.0,,0.0,normalDay
2020-10-23,4979.0,1036.0,0.0,0,345.78,0.0,1,14.78,4.42,SPY201120P00328000,328.0,0,0.0,0.0,,0.0,normalDay
2020-10-26,4979.0,813.0,0.0,0,339.39,0.0,1,14.78,6.65,SPY201120P00328000,328.0,0,0.0,0.0,,0.0,normalDay
2020-10-27,4979.0,786.0,0.0,0,338.22,0.0,1,14.78,6.92,SPY201120P00328000,328.0,0,0.0,0.0,,0.0,normalDay
2020-10-28,4979.0,180.0,0.0,0,326.66,0.0,1,14.78,12.98,SPY201120P00328000,328.0,0,0.0,0.0,,0.0,normalDay
2020-10-29,4979.0,477.0,0.0,0,329.98,0.0,1,14.78,10.01,SPY201120P00328000,328.0,0,0.0,0.0,,0.0,normalDay
2020-10-30,4979.0,334.0,0.0,0,326.54,0.0,1,14.78,11.44,SPY201120P00328000,328.0,0,0.0,0.0,,0.0,normalDay
2020-11-02,4979.0,560.0,0.0,0,330.2,0.0,1,14.78,9.18,SPY201120P00328000,328.0,0,0.0,0.0,,0.0,normalDay
2020-11-03,4979.0,780.0,0.0,0,336.03,0.0,1,14.78,6.98,SPY201120P00328000,328.0,0,0.0,0.0,,0.0,normalDay
2020-11-04,4979.0,1146.0,0.0,0,343.54,0.0,1,14.78,3.32,SPY201120P00328000,328.0,0,0.0,0.0,,0.0,normalDay
2020-11-05,4979.0,1286.0,0.0,0,350.24,0.0,1,14.78,1.92,SPY201120P00328000,328.0,0,0.0,0.0,,0.0,normalDay
2020-11-06,4979.0,1351.0,0.0,0,350.16,0.0,1,14.78,1.27,SPY201120P00328000,328.0,0,0.0,0.0,,0.0,normalDay
2020-11-09,4979.0,1403.0,0.0,0,354.56,0.0,1,14.78,0.75,SPY201120P00328000,328.0,0,0.0,0.0,,0.0,normalDay
2020-11-10,4979.0,1420.0,0.0,0,354.04,0.0,1,14.78,0.58,SPY201120P00328000,328.0,0,0.0,0.0,,0.0,normalDay
2020-11-11,4979.0,1445.0,0.0,0,356.67,0.0,1,14.78,0.33,SPY201120P00328000,328.0,0,0.0,0.0,,0.0,normalDay
2020-11-12,4979.0,1427.0,0.0,0,353.21,0.0,1,14.78,0.51,SPY201120P00328000,328.0,0,0.0,0.0,,0.0,normalDay
2020-11-13,4979.0,1458.0,0.0,0,358.1,0.0,1,14.78,0.2,SPY201120P00328000,328.0,0,0.0,0.0,,0.0,normalDay
2020-11-16,4979.0,1472.0,0.0,0,362.57,0.0,1,14.78,0.06,SPY201120P00328000,328.0,0,0.0,0.0,,0.0,normalDay
2020-11-17,4979.0,1474.0,0.0,0,360.62,0.0,1,14.78,0.04,SPY201120P00328000,328.0,0,0.0,0.0,,0.0,normalDay
2020-11-18,4979.0,1474.0,0.0,0,356.28,0.0,1,14.78,0.04,SPY201120P00328000,328.0,0,0.0,0.0,,0.0,normalDay
2020-11-19,4979.0,1476.0,0.0,0,357.78,0.0,1,14.78,0.02,SPY201120P00328000,328.0,0,0.0,0.0,,0.0,normalDay
2020-11-20,6457.0,0.0,1478.0,0,355.33,0.0,1,14.78,0.0,SPY201120P00328000,328.0,0,0.0,0.0,,0.0,expirationDay
2020-11-23,6457.0,-4.0,0.0,0,357.46,0.0,1,3.19,3.23,SPY210115P00321000,321.0,0,0.0,0.0,,0.0,normalDay
2020-11-24,6457.0,74.0,0.0,0,363.22,0.0,1,3.19,2.45,SPY210115P00321000,321.0,0,0.0,0.0,,0.0,normalDay
2020-11-25,6457.0,89.0,0.0,0,362.66,0.0,1,3.19,2.3,SPY210115P00321000,321.0,0,0.0,0.0,,0.0,normalDay
2020-11-27,6457.0,114.0,0.0,0,363.67,0.0,1,3.19,2.05,SPY210115P00321000,321.0,0,0.0,0.0,,0.0,normalDay
2020-11-30,6457.0,128.0,0.0,0,362.06,0.0,1,3.19,1.91,SPY210115P00321000,321.0,0,0.0,0.0,,0.0,normalDay
2020-12-01,6457.0,145.0,0.0,0,366.02,0.0,1,3.19,1.74,SPY210115P00321000,321.0,0,0.0,0.0,,0.0,normalDay
2020-12-02,6457.0,153.0,0.0,0,366.79,0.0,1,3.19,1.66,SPY210115P00321000,321.0,0,0.0,0.0,,0.0,normalDay
2020-12-03,6457.0,150.0,0.0,0,366.69,0.0,1,3.19,1.69,SPY210115P00321000,321.0,0,0.0,0.0,,0.0,normalDay
2020-12-04,6457.0,188.0,0.0,0,369.85,0.0,1,3.19,1.31,SPY210115P00321000,321.0,0,0.0,0.0,,0.0,normalDay
2020-12-07,6457.0,193.0,0.0,0,369.09,0.0,1,3.19,1.26,SPY210115P00321000,321.0,0,0.0,0.0,,0.0,normalDay
2020-12-08,6457.0,218.0,0.0,0,370.17,0.0,1,3.19,1.01,SPY210115P00321000,321.0,0,0.0,0.0,,0.0,normalDay
2020-12-09,6457.0,193.0,0.0,0,366.85,0.0,1,3.19,1.26,SPY210115P00321000,321.0,0,0.0,0.0,,0.0,normalDay
2020-12-10,6457.0,196.0,0.0,0,366.73,0.0,1,3.19,1.23,SPY210115P00321000,321.0,0,0.0,0.0,,0.0,normalDay
2020-12-11,6457.0,186.0,0.0,0,366.3,0.0,1,3.19,1.33,SPY210115P00321000,321.0,0,0.0,0.0,,0.0,normalDay
2020-12-14,6457.0,173.0,0.0,0,364.66,0.0,1,3.19,1.46,SPY210115P00321000,321.0,0,0.0,0.0,,0.0,normalDay
2020-12-15,6457.0,213.0,0.0,0,369.59,0.0,1,3.19,1.06,SPY210115P00321000,321.0,0,0.0,0.0,,0.0,normalDay
2020-12-16,6457.0,228.0,0.0,0,370.17,0.0,1,3.19,0.91,SPY210115P00321000,321.0,0,0.0,0.0,,0.0,normalDay
2020-12-17,6457.0,244.0,0.0,0,372.24,0.0,1,3.19,0.75,SPY210115P00321000,321.0,0,0.0,0.0,,0.0,normalDay
2020-12-18,6457.0,249.0,0.0,0,369.18,0.0,1,3.19,0.7,SPY210115P00321000,321.0,0,0.0,0.0,,0.0,normalDay
2020-12-21,6457.0,222.0,0.0,0,367.86,0.0,1,3.19,0.97,SPY210115P00321000,321.0,0,0.0,0.0,,0.0,normalDay
2020-12-22,6457.0,234.0,0.0,0,367.24,0.0,1,3.19,0.85,SPY210115P00321000,321.0,0,0.0,0.0,,0.0,normalDay
2020-12-23,6457.0,247.0,0.0,0,367.57,0.0,1,3.19,0.72,SPY210115P00321000,321.0,0,0.0,0.0,,0.0,normalDay
2020-12-24,6457.0,266.0,0.0,0,369.0,0.0,1,3.19,0.53,SPY210115P00321000,321.0,0,0.0,0.0,,0.0,normalDay
2020-12-28,6457.0,283.0,0.0,0,372.17,0.0,1,3.19,0.36,SPY210115P00321000,321.0,0,0.0,0.0,,0.0,normalDay
2020-12-29,6457.0,278.0,0.0,0,371.46,0.0,1,3.19,0.41,SPY210115P00321000,321.0,0,0.0,0.0,,0.0,normalDay
2020-12-30,6457.0,284.0,0.0,0,371.99,0.0,1,3.19,0.35,SPY210115P00321000,321.0,0,0.0,0.0,,0.0,normalDay
2020-12-31,6457.0,288.0,0.0,0,373.88,0.0,1,3.19,0.31,SPY210115P00321000,321.0,0,0.0,0.0,,0.0,normalDay
2021-01-04,6457.0,282.0,0.0,0,368.79,0.0,1,3.19,0.37,SPY210115P00321000,321.0,0,0.0,0.0,,0.0,normalDay
2021-01-05,6457.0,295.0,0.0,0,371.33,0.0,1,3.19,0.24,SPY210115P00321000,321.0,0,0.0,0.0,,0.0,normalDay
2021-01-06,6457.0,292.0,0.0,0,373.55,0.0,1,3.19,0.27,SPY210115P00321000,321.0,0,0.0,0.0,,0.0,normalDay
2021-01-07,6457.0,307.0,0.0,0,379.1,0.0,1,3.19,0.12,SPY210115P00321000,321.0,0,0.0,0.0,,0.0,normalDay
2021-01-08,6457.0,314.0,0.0,0,381.26,0.0,1,3.19,0.05,SPY210115P00321000,321.0,0,0.0,0.0,,0.0,normalDay
2021-01-11,6457.0,314.0,0.0,0,378.69,0.0,1,3.19,0.05,SPY210115P00321000,321.0,0,0.0,0.0,,0.0,normalDay
2021-01-12,6457.0,316.0,0.0,0,378.77,0.0,1,3.19,0.03,SPY210115P00321000,321.0,0,0.0,0.0,,0.0,normalDay
2021-01-13,6457.0,317.0,0.0,0,379.79,0.0,1,3.19,0.02,SPY210115P00321000,321.0,0,0.0,0.0,,0.0,normalDay
2021-01-14,6457.0,318.0,0.0,0,378.46,0.0,1,3.19,0.01,SPY210115P00321000,321.0,0,0.0,0.0,,0.0,normalDay
2021-01-15,6776.0,0.0,319.0,0,375.7,0.0,1,3.19,0.0,SPY210115P00321000,321.0,0,0.0,0.0,,0.0,expirationDay
2021-01-19,6776.0,-7.0,0.0,0,378.65,0.0,1,10.51,10.58,SPY210416P00363000,363.0,0,0.0,0.0,,0.0,normalDay
2021-01-20,6776.0,166.0,0.0,0,383.89,0.0,1,10.51,8.85,SPY210416P00363000,363.0,0,0.0,0.0,,0.0,normalDay
2021-01-21,6776.0,186.0,0.0,0,384.24,0.0,1,10.51,8.65,SPY210416P00363000,363.0,0,0.0,0.0,,0.0,normalDay
2021-01-22,6776.0,147.0,0.0,0,382.88,0.0,1,10.51,9.04,SPY210416P00363000,363.0,0,0.0,0.0,,0.0,normalDay
2021-01-25,6776.0,156.0,0.0,0,384.39,0.0,1,10.51,8.95,SPY210416P00363000,363.0,0,0.0,0.0,,0.0,normalDay
2021-01-26,6776.0,156.0,0.0,0,383.79,0.0,1,10.51,8.95,SPY210416P00363000,363.0,0,0.0,0.0,,0.0,normalDay
2021-01-27,6776.0,-417.0,0.0,0,374.41,0.0,1,10.51,14.68,SPY210416P00363000,363.0,0,0.0,0.0,,0.0,normalDay
2021-01-28,6776.0,-189.0,0.0,0,377.63,0.0,1,10.51,12.4,SPY210416P00363000,363.0,0,0.0,0.0,,0.0,normalDay
2021-01-29,6776.0,-585.0,0.0,0,370.07,0.0,1,10.51,16.36,SPY210416P00363000,363.0,0,0.0,0.0,,0.0,normalDay
2021-02-01,6776.0,-231.0,0.0,0,376.23,0.0,1,10.51,12.82,SPY210416P00363000,363.0,0,0.0,0.0,,0.0,normalDay
2021-02-02,6776.0,95.0,0.0,0,381.55,0.0,1,10.51,9.56,SPY210416P00363000,363.0,0,0.0,0.0,,0.0,normalDay
2021-02-03,6776.0,180.0,0.0,0,381.85,0.0,1,10.51,8.71,SPY210416P00363000,363.0,0,0.0,0.0,,0.0,normalDay
2021-02-04,6776.0,313.0,0.0,0,386.19,0.0,1,10.51,7.38,SPY210416P00363000,363.0,0,0.0,0.0,,0.0,normalDay
2021-02-05,6776.0,363.0,0.0,0,387.71,0.0,1,10.51,6.88,SPY210416P00363000,363.0,0,0.0,0.0,,0.0,normalDay
2021-02-08,6776.0,430.0,0.0,0,390.51,0.0,1,10.51,6.21,SPY210416P00363000,363.0,0,0.0,0.0,,0.0,normalDay
2021-02-09,6776.0,432.0,0.0,0,390.25,0.0,1,10.51,6.19,SPY210416P00363000,363.0,0,0.0,0.0,,0.0,normalDay
2021-02-10,6776.0,420.0,0.0,0,390.08,0.0,1,10.51,6.31,SPY210416P00363000,363.0,0,0.0,0.0,,0.0,normalDay
2021-02-11,6776.0,455.0,0.0,0,390.71,0.0,1,10.51,5.96,SPY210416P00363000,363.0,0,0.0,0.0,,0.0,normalDay
2021-02-12,6776.0,535.0,0.0,0,392.64,0.0,1,10.51,5.16,SPY210416P00363000,363.0,0,0.0,0.0,,0.0,normalDay
2021-02-16,6776.0,532.0,0.0,0,392.3,0.0,1,10.51,5.19,SPY210416P00363000,363.0,0,0.0,0.0,,0.0,normalDay
2021-02-17,6776.0,555.0,0.0,0,392.39,0.0,1,10.51,4.96,SPY210416P00363000,363.0,0,0.0,0.0,,0.0,normalDay
2021-02-18,6776.0,514.0,0.0,0,390.72,0.0,1,10.51,5.37,SPY210416P00363000,363.0,0,0.0,0.0,,0.0,normalDay
2021-02-19,6776.0,528.0,0.0,0,390.03,0.0,1,10.51,5.23,SPY210416P00363000,363.0,0,0.0,0.0,,0.0,normalDay
2021-02-22,6776.0,474.0,0.0,0,387.03,0.0,1,10.51,5.77,SPY210416P00363000,363.0,0,0.0,0.0,,0.0,normalDay
2021-02-23,6776.0,515.0,0.0,0,387.5,0.0,1,10.51,5.36,SPY210416P00363000,363.0,0,0.0,0.0,,0.0,normalDay
2021-02-24,6776.0,637.0,0.0,0,391.77,0.0,1,10.51,4.14,SPY210416P00363000,363.0,0,0.0,0.0,,0.0,normalDay
2021-02-25,6776.0,312.0,0.0,0,382.33,0.0,1,10.51,7.39,SPY210416P00363000,363.0,0,0.0,0.0,,0.0,normalDay
2021-02-26,6776.0,309.0,0.0,0,380.36,0.0,1,10.51,7.42,SPY210416P00363000,363.0,0,0.0,0.0,,0.0,normalDay
2021-03-01,6776.0,612.0,0.0,0,389.58,0.0,1,10.51,4.39,SPY210416P00363000,363.0,0,0.0,0.0,,0.0,normalDay
2021-03-02,6776.0,545.0,0.0,0,386.54,0.0,1,10.51,5.06,SPY210416P00363000,363.0,0,0.0,0.0,,0.0,normalDay
2021-03-03,6776.0,419.0,0.0,0,381.42,0.0,1,10.51,6.32,SPY210416P00363000,363.0,0,0.0,0.0,,0.0,normalDay
2021-03-04,6776.0,272.0,0.0,0,376.7,0.0,1,10.51,7.79,SPY210416P00363000,363.0,0,0.0,0.0,,0.0,normalDay
2021-03-05,6776.0,525.0,0.0,0,383.63,0.0,1,10.51,5.26,SPY210416P00363000,363.0,0,0.0,0.0,,0.0,normalDay
2021-03-08,6776.0,501.0,0.0,0,381.72,0.0,1,10.51,5.5,SPY210416P00363000,363.0,0,0.0,0.0,,0.0,normalDay
2021-03-09,6776.0,645.0,0.0,0,387.17,0.0,1,10.51,4.06,SPY210416P00363000,363.0,0,0.0,0.0,,0.0,normalDay
2021-03-10,6776.0,724.0,0.0,0,389.58,0.0,1,10.51,3.27,SPY210416P00363000,363.0,0,0.0,0.0,,0.0,normalDay
2021-03-11,6776.0,784.0,0.0,0,393.53,0.0,1,10.51,2.67,SPY210416P00363000,363.0,0,0.0,0.0,,0.0,normalDay
2021-03-12,6776.0,833.0,0.0,0,394.06,0.0,1,10.51,2.18,SPY210416P00363000,363.0,0,0.0,0.0,,0.0,normalDay
2021-03-15,6776.0,884.0,0.0,0,396.41,0.0,1,10.51,1.67,SPY210416P00363000,363.0,0,0.0,0.0,,0.0,normalDay
2021-03-16,6776.0,885.0,0.0,0,395.91,0.0,1,10.51,1.66,SPY210416P00363000,363.0,0,0.0,0.0,,0.0,normalDay
2021-03-17,6776.0,915.0,0.0,0,397.26,0.0,1,10.51,1.36,SPY210416P00363000,363.0,0,0.0,0.0,,0.0,normalDay
2021-03-18,6776.0,857.0,0.0,0,391.48,0.0,1,10.51,1.94,SPY210416P00363000,363.0,0,0.0,0.0,,0.0,normalDay
2021-03-19,6776.0,856.0,0.0,0,389.48,0.0,1,10.51,1.95,SPY210416P00363000,363.0,0,0.0,0.0,,0.0,normalDay
2021-03-22,6776.0,937.0,0.0,0,392.59,0.0,1,10.51,1.14,SPY210416P00363000,363.0,0,0.0,0.0,,0.0,normalDay
2021-03-23,6776.0,899.0,0.0,0,389.5,0.0,1,10.51,1.52,SPY210416P00363000,363.0,0,0.0,0.0,,0.0,normalDay
2021-03-24,6776.0,880.0,0.0,0,387.52,0.0,1,10.51,1.71,SPY210416P00363000,363.0,0,0.0,0.0,,0.0,normalDay
2021-03-25,6776.0,925.0,0.0,0,389.7,0.0,1,10.51,1.26,SPY210416P00363000,363.0,0,0.0,0.0,,0.0,normalDay
2021-03-26,6776.0,969.0,0.0,0,395.98,0.0,1,10.51,0.82,SPY210416P00363000,363.0,0,0.0,0.0,,0.0,normalDay
2021-03-29,6776.0,962.0,0.0,0,395.78,0.0,1,10.51,0.89,SPY210416P00363000,363.0,0,0.0,0.0,,0.0,normalDay
2021-03-30,6776.0,983.0,0.0,0,394.73,0.0,1,10.51,0.68,SPY210416P00363000,363.0,0,0.0,0.0,,0.0,normalDay
2021-03-31,6776.0,1002.0,0.0,0,396.33,0.0,1,10.51,0.49,SPY210416P00363000,363.0,0,0.0,0.0,,0.0,normalDay
2021-04-01,6776.0,1028.0,0.0,0,400.61,0.0,1,10.51,0.23,SPY210416P00363000,363.0,0,0.0,0.0,,0.0,normalDay
2021-04-05,6776.0,1036.0,0.0,0,406.36,0.0,1,10.51,0.15,SPY210416P00363000,363.0,0,0.0,0.0,,0.0,normalDay
2021-04-06,6776.0,1037.0,0.0,0,406.12,0.0,1,10.51,0.14,SPY210416P00363000,363.0,0,0.0,0.0,,0.0,normalDay
2021-04-07,6776.0,1043.0,0.0,0,406.59,0.0,1,10.51,0.08,SPY210416P00363000,363.0,0,0.0,0.0,,0.0,normalDay
2021-04-08,6776.0,1044.0,0.0,0,408.52,0.0,1,10.51,0.07,SPY210416P00363000,363.0,0,0.0,0.0,,0.0,normalDay
2021-04-09,6776.0,1047.0,0.0,0,411.49,0.0,1,10.51,0.04,SPY210416P00363000,363.0,0,0.0,0.0,,0.0,normalDay
2021-04-12,6776.0,1049.0,0.0,0,411.64,0.0,1,10.51,0.02,SPY210416P00363000,363.0,0,0.0,0.0,,0.0,normalDay
2021-04-13,6776.0,1049.0,0.0,0,412.86,0.0,1,10.51,0.02,SPY210416P00363000,363.0,0,0.0,0.0,,0.0,normalDay
2021-04-14,6776.0,1049.0,0.0,0,411.45,0.0,1,10.51,0.02,SPY210416P00363000,363.0,0,0.0,0.0,,0.0,normalDay
2021-04-15,6776.0,1050.0,0.0,0,415.87,0.0,1,10.51,0.01,SPY210416P00363000,363.0,0,0.0,0.0,,0.0,normalDay
2021-04-16,7827.0,0.0,1051.0,0,417.26,0.0,1,10.51,0.0,SPY210416P00363000,363.0,0,0.0,0.0,,0.0,expirationDay
2021-04-19,7827.0,-5.0,0.0,0,415.21,0.0,1,4.35,4.4,SPY210630P00382000,382.0,0,0.0,0.0,,0.0,normalDay
2021-04-20,7827.0,-83.0,0.0,0,412.17,0.0,1,4.35,5.18,SPY210630P00382000,382.0,0,0.0,0.0,,0.0,normalDay
2021-04-21,7827.0,14.0,0.0,0,416.07,0.0,1,4.35,4.21,SPY210630P00382000,382.0,0,0.0,0.0,,0.0,normalDay
2021-04-22,7827.0,-77.0,0.0,0,412.27,0.0,1,4.35,5.12,SPY210630P00382000,382.0,0,0.0,0.0,,0.0,normalDay
2021-04-23,7827.0,33.0,0.0,0,416.74,0.0,1,4.35,4.02,SPY210630P00382000,382.0,0,0.0,0.0,,0.0,normalDay
2021-04-26,7827.0,62.0,0.0,0,417.61,0.0,1,4.35,3.73,SPY210630P00382000,382.0,0,0.0,0.0,,0.0,normalDay
2021-04-27,7827.0,71.0,0.0,0,417.52,0.0,1,4.35,3.64,SPY210630P00382000,382.0,0,0.0,0.0,,0.0,normalDay
2021-04-28,7827.0,92.0,0.0,0,417.4,0.0,1,4.35,3.43,SPY210630P00382000,382.0,0,0.0,0.0,,0.0,normalDay
2021-04-29,7827.0,107.0,0.0,0,420.06,0.0,1,4.35,3.28,SPY210630P00382000,382.0,0,0.0,0.0,,0.0,normalDay
2021-04-30,7827.0,66.0,0.0,0,417.3,0.0,1,4.35,3.69,SPY210630P00382000,382.0,0,0.0,0.0,,0.0,normalDay
2021-05-03,7827.0,102.0,0.0,0,418.2,0.0,1,4.35,3.33,SPY210630P00382000,382.0,0,0.0,0.0,,0.0,normalDay
2021-05-04,7827.0,46.0,0.0,0,415.62,0.0,1,4.35,3.89,SPY210630P00382000,382.0,0,0.0,0.0,,0.0,normalDay
2021-05-05,7827.0,64.0,0.0,0,415.75,0.0,1,4.35,3.71,SPY210630P00382000,382.0,0,0.0,0.0,,0.0,normalDay
2021-05-06,7827.0,127.0,0.0,0,419.07,0.0,1,4.35,3.08,SPY210630P00382000,382.0,0,0.0,0.0,,0.0,normalDay
2021-05-07,7827.0,188.0,0.0,0,422.12,0.0,1,4.35,2.47,SPY210630P00382000,382.0,0,0.0,0.0,,0.0,normalDay
2021-05-10,7827.0,117.0,0.0,0,417.94,0.0,1,4.35,3.18,SPY210630P00382000,382.0,0,0.0,0.0,,0.0,normalDay
2021-05-11,7827.0,36.0,0.0,0,414.21,0.0,1,4.35,3.99,SPY210630P00382000,382.0,0,0.0,0.0,,0.0,normalDay
2021-05-12,7827.0,-253.0,0.0,0,405.41,0.0,1,4.35,6.88,SPY210630P00382000,382.0,0,0.0,0.0,,0.0,normalDay
2021-05-13,7827.0,-47.0,0.0,0,410.28,0.0,1,4.35,4.82,SPY210630P00382000,382.0,0,0.0,0.0,,0.0,normalDay
2021-05-14,7827.0,153.0,0.0,0,416.58,0.0,1,4.35,2.82,SPY210630P00382000,382.0,0,0.0,0.0,,0.0,normalDay
2021-05-17,7827.0,136.0,0.0,0,415.52,0.0,1,4.35,2.99,SPY210630P00382000,382.0,0,0.0,0.0,,0.0,normalDay
2021-05-18,7827.0,70.0,0.0,0,411.94,0.0,1,4.35,3.65,SPY210630P00382000,382.0,0,0.0,0.0,,0.0,normalDay
2021-05-19,7827.0,47.0,0.0,0,410.86,0.0,1,4.35,3.88,SPY210630P00382000,382.0,0,0.0,0.0,,0.0,normalDay
2021-05-20,7827.0,139.0,0.0,0,415.28,0.0,1,4.35,2.96,SPY210630P00382000,382.0,0,0.0,0.0,,0.0,normalDay
2021-05-21,7827.0,158.0,0.0,0,414.94,0.0,1,4.35,2.77,SPY210630P00382000,382.0,0,0.0,0.0,,0.0,normalDay
2021-05-24,7827.0,249.0,0.0,0,419.17,0.0,1,4.35,1.86,SPY210630P00382000,382.0,0,0.0,0.0,,0.0,normalDay
2021-05-25,7827.0,247.0,0.0,0,418.24,0.0,1,4.35,1.88,SPY210630P00382000,382.0,0,0.0,0.0,,0.0,normalDay
2021-05-26,7827.0,289.0,0.0,0,419.07,0.0,1,4.35,1.46,SPY210630P00382000,382.0,0,0.0,0.0,,0.0,normalDay
2021-05-27,7827.0,311.0,0.0,0,419.29,0.0,1,4.35,1.24,SPY210630P00382000,382.0,0,0.0,0.0,,0.0,normalDay
2021-05-28,7827.0,314.0,0.0,0,420.04,0.0,1,4.35,1.21,SPY210630P00382000,382.0,0,0.0,0.0,,0.0,normalDay
2021-06-01,7827.0,315.0,0.0,0,419.67,0.0,1,4.35,1.2,SPY210630P00382000,382.0,0,0.0,0.0,,0.0,normalDay
2021-06-02,7827.0,331.0,0.0,0,420.33,0.0,1,4.35,1.04,SPY210630P00382000,382.0,0,0.0,0.0,,0.0,normalDay
2021-06-03,7827.0,322.0,0.0,0,418.77,0.0,1,4.35,1.13,SPY210630P00382000,382.0,0,0.0,0.0,,0.0,normalDay
2021-06-04,7827.0,358.0,0.0,0,422.6,0.0,1,4.35,0.77,SPY210630P00382000,382.0,0,0.0,0.0,,0.0,normalDay
2021-06-07,7827.0,371.0,0.0,0,422.19,0.0,1,4.35,0.64,SPY210630P00382000,382.0,0,0.0,0.0,,0.0,normalDay
2021-06-08,7827.0,366.0,0.0,0,422.28,0.0,1,4.35,0.69,SPY210630P00382000,382.0,0,0.0,0.0,,0.0,normalDay
2021-06-09,7827.0,358.0,0.0,0,421.65,0.0,1,4.35,0.77,SPY210630P00382000,382.0,0,0.0,0.0,,0.0,normalDay
2021-06-10,7827.0,384.0,0.0,0,423.61,0.0,1,4.35,0.51,SPY210630P00382000,382.0,0,0.0,0.0,,0.0,normalDay
2021-06-11,7827.0,391.0,0.0,0,424.31,0.0,1,4.35,0.44,SPY210630P00382000,382.0,0,0.0,0.0,,0.0,normalDay
2021-06-14,7827.0,399.0,0.0,0,425.26,0.0,1,4.35,0.36,SPY210630P00382000,382.0,0,0.0,0.0,,0.0,normalDay
2021-06-15,7827.0,396.0,0.0,0,424.48,0.0,1,4.35,0.39,SPY210630P00382000,382.0,0,0.0,0.0,,0.0,normalDay
2021-06-16,7827.0,388.0,0.0,0,422.11,0.0,1,4.35,0.47,SPY210630P00382000,382.0,0,0.0,0.0,,0.0,normalDay
2021-06-17,7827.0,397.0,0.0,0,421.97,0.0,1,4.35,0.38,SPY210630P00382000,382.0,0,0.0,0.0,,0.0,normalDay
2021-06-18,7827.0,369.0,0.0,0,414.92,0.0,1,4.35,0.66,SPY210630P00382000,382.0,0,0.0,0.0,,0.0,normalDay
2021-06-21,7827.0,412.0,0.0,0,420.86,0.0,1,4.35,0.23,SPY210630P00382000,382.0,0,0.0,0.0,,0.0,normalDay
2021-06-22,7827.0,421.0,0.0,0,423.11,0.0,1,4.35,0.14,SPY210630P00382000,382.0,0,0.0,0.0,,0.0,normalDay
2021-06-23,7827.0,427.0,0.0,0,422.6,0.0,1,4.35,0.08,SPY210630P00382000,382.0,0,0.0,0.0,,0.0,normalDay
2021-06-24,7827.0,429.0,0.0,0,425.1,0.0,1,4.35,0.06,SPY210630P00382000,382.0,0,0.0,0.0,,0.0,normalDay
2021-06-25,7827.0,430.0,0.0,0,426.61,0.0,1,4.35,0.05,SPY210630P00382000,382.0,0,0.0,0.0,,0.0,normalDay
2021-06-28,7827.0,433.0,0.0,0,427.47,0.0,1,4.35,0.02,SPY210630P00382000,382.0,0,0.0,0.0,,0.0,normalDay
2021-06-29,7827.0,434.0,0.0,0,427.7,0.0,1,4.35,0.01,SPY210630P00382000,382.0,0,0.0,0.0,,0.0,normalDay
2021-06-30,8262.0,0.0,435.0,0,428.06,0.0,1,4.35,0.0,SPY210630P00382000,382.0,0,0.0,0.0,,0.0,expirationDay
2021-07-01,8262.0,-4.0,0.0,0,430.43,0.0,1,7.32,7.36,SPY210917P00417000,417.0,0,0.0,0.0,,0.0,normalDay
2021-07-02,8262.0,76.0,0.0,0,433.72,0.0,1,7.32,6.56,SPY210917P00417000,417.0,0,0.0,0.0,,0.0,normalDay
2021-07-06,8262.0,41.0,0.0,0,432.93,0.0,1,7.32,6.91,SPY210917P00417000,417.0,0,0.0,0.0,,0.0,normalDay
2021-07-07,8262.0,68.0,0.0,0,434.46,0.0,1,7.32,6.64,SPY210917P00417000,417.0,0,0.0,0.0,,0.0,normalDay
2021-07-08,8262.0,-79.0,0.0,0,430.92,0.0,1,7.32,8.11,SPY210917P00417000,417.0,0,0.0,0.0,,0.0,normalDay
2021-07-09,8262.0,114.0,0.0,0,435.52,0.0,1,7.32,6.18,SPY210917P00417000,417.0,0,0.0,0.0,,0.0,normalDay
2021-07-12,8262.0,160.0,0.0,0,437.08,0.0,1,7.32,5.72,SPY210917P00417000,417.0,0,0.0,0.0,,0.0,normalDay
2021-07-13,8262.0,93.0,0.0,0,435.59,0.0,1,7.32,6.39,SPY210917P00417000,417.0,0,0.0,0.0,,0.0,normalDay
2021-07-14,8262.0,140.0,0.0,0,436.24,0.0,1,7.32,5.92,SPY210917P00417000,417.0,0,0.0,0.0,,0.0,normalDay
2021-07-15,8262.0,87.0,0.0,0,434.75,0.0,1,7.32,6.45,SPY210917P00417000,417.0,0,0.0,0.0,,0.0,normalDay
2021-07-16,8262.0,-19.0,0.0,0,431.34,0.0,1,7.32,7.51,SPY210917P00417000,417.0,0,0.0,0.0,,0.0,normalDay
2021-07-19,8262.0,-291.0,0.0,0,424.97,0.0,1,7.32,10.23,SPY210917P00417000,417.0,0,0.0,0.0,,0.0,normalDay
2021-07-20,8262.0,-28.0,0.0,0,431.06,0.0,1,7.32,7.6,SPY210917P00417000,417.0,0,0.0,0.0,,0.0,normalDay
2021-07-21,8262.0,127.0,0.0,0,434.55,0.0,1,7.32,6.05,SPY210917P00417000,417.0,0,0.0,0.0,,0.0,normalDay
2021-07-22,8262.0,151.0,0.0,0,435.46,0.0,1,7.32,5.81,SPY210917P00417000,417.0,0,0.0,0.0,,0.0,normalDay
2021-07-23,8262.0,243.0,0.0,0,439.94,0.0,1,7.32,4.89,SPY210917P00417000,417.0,0,0.0,0.0,,0.0,normalDay
2021-07-26,8262.0,282.0,0.0,0,441.02,0.0,1,7.32,4.5,SPY210917P00417000,417.0,0,0.0,0.0,,0.0,normalDay
2021-07-27,8262.0,199.0,0.0,0,439.01,0.0,1,7.32,5.33,SPY210917P00417000,417.0,0,0.0,0.0,,0.0,normalDay
2021-07-28,8262.0,238.0,0.0,0,438.83,0.0,1,7.32,4.94,SPY210917P00417000,417.0,0,0.0,0.0,,0.0,normalDay
2021-07-29,8262.0,306.0,0.0,0,440.65,0.0,1,7.32,4.26,SPY210917P00417000,417.0,0,0.0,0.0,,0.0,normalDay
2021-07-30,8262.0,276.0,0.0,0,438.51,0.0,1,7.32,4.56,SPY210917P00417000,417.0,0,0.0,0.0,,0.0,normalDay
2021-08-02,8262.0,238.0,0.0,0,437.59,0.0,1,7.32,4.94,SPY210917P00417000,417.0,0,0.0,0.0,,0.0,normalDay
2021-08-03,8262.0,343.0,0.0,0,441.15,0.0,1,7.32,3.89,SPY210917P00417000,417.0,0,0.0,0.0,,0.0,normalDay
2021-08-04,8262.0,325.0,0.0,0,438.98,0.0,1,7.32,4.07,SPY210917P00417000,417.0,0,0.0,0.0,,0.0,normalDay
2021-08-05,8262.0,387.0,0.0,0,441.76,0.0,1,7.32,3.45,SPY210917P00417000,417.0,0,0.0,0.0,,0.0,normalDay
2021-08-06,8262.0,433.0,0.0,0,442.49,0.0,1,7.32,2.99,SPY210917P00417000,417.0,0,0.0,0.0,,0.0,normalDay
2021-08-09,8262.0,443.0,0.0,0,442.13,0.0,1,7.32,2.89,SPY210917P00417000,417.0,0,0.0,0.0,,0.0,normalDay
2021-08-10,8262.0,450.0,0.0,0,442.68,0.0,1,7.32,2.82,SPY210917P00417000,417.0,0,0.0,0.0,,0.0,normalDay
2021-08-11,8262.0,485.0,0.0,0,443.78,0.0,1,7.32,2.47,SPY210917P00417000,417.0,0,0.0,0.0,,0.0,normalDay
2021-08-12,8262.0,517.0,0.0,0,445.11,0.0,1,7.32,2.15,SPY210917P00417000,417.0,0,0.0,0.0,,0.0,normalDay
2021-08-13,8262.0,537.0,0.0,0,445.92,0.0,1,7.32,1.95,SPY210917P00417000,417.0,0,0.0,0.0,,0.0,normalDay
2021-08-16,8262.0,552.0,0.0,0,446.97,0.0,1,7.32,1.8,SPY210917P00417000,417.0,0,0.0,0.0,,0.0,normalDay
2021-08-17,8262.0,488.0,0.0,0,444.04,0.0,1,7.32,2.44,SPY210917P00417000,417.0,0,0.0,0.0,,0.0,normalDay
2021-08-18,8262.0,357.0,0.0,0,439.18,0.0,1,7.32,3.75,SPY210917P00417000,417.0,0,0.0,0.0,,0.0,normalDay
2021-08-19,8262.0,373.0,0.0,0,439.86,0.0,1,7.32,3.59,SPY210917P00417000,417.0,0,0.0,0.0,,0.0,normalDay
2021-08-20,8262.0,503.0,0.0,0,443.36,0.0,1,7.32,2.29,SPY210917P00417000,417.0,0,0.0,0.0,,0.0,normalDay
2021-08-23,8262.0,595.0,0.0,0,447.26,0.0,1,7.32,1.37,SPY210917P00417000,417.0,0,0.0,0.0,,0.0,normalDay
2021-08-24,8262.0,604.0,0.0,0,447.97,0.0,1,7.32,1.28,SPY210917P00417000,417.0,0,0.0,0.0,,0.0,normalDay
2021-08-25,8262.0,624.0,0.0,0,448.91,0.0,1,7.32,1.08,SPY210917P00417000,417.0,0,0.0,0.0,,0.0,normalDay
2021-08-26,8262.0,580.0,0.0,0,446.26,0.0,1,7.32,1.52,SPY210917P00417000,417.0,0,0.0,0.0,,0.0,normalDay
2021-08-27,8262.0,647.0,0.0,0,450.25,0.0,1,7.32,0.85,SPY210917P00417000,417.0,0,0.0,0.0,,0.0,normalDay
2021-08-30,8262.0,673.0,0.0,0,452.23,0.0,1,7.32,0.59,SPY210917P00417000,417.0,0,0.0,0.0,,0.0,normalDay
2021-08-31,8262.0,669.0,0.0,0,451.56,0.0,1,7.32,0.63,SPY210917P00417000,417.0,0,0.0,0.0,,0.0,normalDay
2021-09-01,8262.0,681.0,0.0,0,451.8,0.0,1,7.32,0.51,SPY210917P00417000,417.0,0,0.0,0.0,,0.0,normalDay
2021-09-02,8262.0,680.0,0.0,0,453.19,0.0,1,7.32,0.52,SPY210917P00417000,417.0,0,0.0,0.0,,0.0,normalDay
2021-09-03,8262.0,689.0,0.0,0,453.08,0.0,1,7.32,0.43,SPY210917P00417000,417.0,0,0.0,0.0,,0.0,normalDay
2021-09-07,8262.0,692.0,0.0,0,451.46,0.0,1,7.32,0.4,SPY210917P00417000,417.0,0,0.0,0.0,,0.0,normalDay
2021-09-08,8262.0,699.0,0.0,0,450.91,0.0,1,7.32,0.33,SPY210917P00417000,417.0,0,0.0,0.0,,0.0,normalDay
2021-09-09,8262.0,695.0,0.0,0,448.98,0.0,1,7.32,0.37,SPY210917P00417000,417.0,0,0.0,0.0,,0.0,normalDay
2021-09-10,8262.0,656.0,0.0,0,445.44,0.0,1,7.32,0.76,SPY210917P00417000,417.0,0,0.0,0.0,,0.0,normalDay
2021-09-13,8262.0,700.0,0.0,0,446.58,0.0,1,7.32,0.32,SPY210917P00417000,417.0,0,0.0,0.0,,0.0,normalDay
2021-09-14,8262.0,711.0,0.0,0,444.17,0.0,1,7.32,0.21,SPY210917P00417000,417.0,0,0.0,0.0,,0.0,normalDay
2021-09-15,8262.0,723.0,0.0,0,447.88,0.0,1,7.32,0.09,SPY210917P00417000,417.0,0,0.0,0.0,,0.0,normalDay
2021-09-16,8262.0,727.0,0.0,0,447.17,0.0,1,7.32,0.05,SPY210917P00417000,417.0,0,0.0,0.0,,0.0,normalDay
2021-09-17,8994.0,0.0,732.0,0,441.4,0.0,1,7.32,0.0,SPY210917P00417000,417.0,0,0.0,0.0,,0.0,expirationDay
2021-09-20,8994.0,-8.0,0.0,0,434.04,0.0,1,15.23,15.31,SPY211119P00438000,438.0,0,0.0,0.0,,0.0,normalDay
2021-09-21,8994.0,17.0,0.0,0,433.63,0.0,1,15.23,15.06,SPY211119P00438000,438.0,0,0.0,0.0,,0.0,normalDay
2021-09-22,8994.0,331.0,0.0,0,437.86,0.0,1,15.23,11.92,SPY211119P00438000,438.0,0,0.0,0.0,,0.0,normalDay
2021-09-23,8994.0,611.0,0.0,0,443.18,0.0,1,15.23,9.12,SPY211119P00438000,438.0,0,0.0,0.0,,0.0,normalDay
2021-09-24,8994.0,679.0,0.0,0,443.91,0.0,1,15.23,8.44,SPY211119P00438000,438.0,0,0.0,0.0,,0.0,normalDay
2021-09-27,8994.0,631.0,0.0,0,442.64,0.0,1,15.23,8.92,SPY211119P00438000,438.0,0,0.0,0.0,,0.0,normalDay
2021-09-28,8994.0,167.0,0.0,0,433.72,0.0,1,15.23,13.56,SPY211119P00438000,438.0,0,0.0,0.0,,0.0,normalDay
2021-09-29,8994.0,223.0,0.0,0,434.45,0.0,1,15.23,13.0,SPY211119P00438000,438.0,0,0.0,0.0,,0.0,normalDay
2021-09-30,8994.0,-43.0,0.0,0,429.14,0.0,1,15.23,15.66,SPY211119P00438000,438.0,0,0.0,0.0,,0.0,normalDay
2021-10-01,8994.0,277.0,0.0,0,434.24,0.0,1,15.23,12.46,SPY211119P00438000,438.0,0,0.0,0.0,,0.0,normalDay
2021-10-04,8994.0,-43.0,0.0,0,428.64,0.0,1,15.23,15.66,SPY211119P00438000,438.0,0,0.0,0.0,,0.0,normalDay
2021-10-05,8994.0,246.0,0.0,0,433.1,0.0,1,15.23,12.77,SPY211119P00438000,438.0,0,0.0,0.0,,0.0,normalDay
2021-10-06,8994.0,338.0,0.0,0,434.9,0.0,1,15.23,11.85,SPY211119P00438000,438.0,0,0.0,0.0,,0.0,normalDay
2021-10-07,8994.0,579.0,0.0,0,438.66,0.0,1,15.23,9.44,SPY211119P00438000,438.0,0,0.0,0.0,,0.0,normalDay
2021-10-08,8994.0,552.0,0.0,0,437.86,0.0,1,15.23,9.71,SPY211119P00438000,438.0,0,0.0,0.0,,0.0,normalDay
2021-10-11,8994.0,426.0,0.0,0,434.69,0.0,1,15.23,10.97,SPY211119P00438000,438.0,0,0.0,0.0,,0.0,normalDay
2021-10-12,8994.0,376.0,0.0,0,433.62,0.0,1,15.23,11.47,SPY211119P00438000,438.0,0,0.0,0.0,,0.0,normalDay
2021-10-13,8994.0,561.0,0.0,0,435.18,0.0,1,15.23,9.62,SPY211119P00438000,438.0,0,0.0,0.0,,0.0,normalDay
2021-10-14,8994.0,921.0,0.0,0,442.5,0.0,1,15.23,6.02,SPY211119P00438000,438.0,0,0.0,0.0,,0.0,normalDay
2021-10-15,8994.0,1034.0,0.0,0,445.87,0.0,1,15.23,4.89,SPY211119P00438000,438.0,0,0.0,0.0,,0.0,normalDay
2021-10-18,8994.0,1096.0,0.0,0,447.19,0.0,1,15.23,4.27,SPY211119P00438000,438.0,0,0.0,0.0,,0.0,normalDay
2021-10-19,8994.0,1198.0,0.0,0,450.64,0.0,1,15.23,3.25,SPY211119P00438000,438.0,0,0.0,0.0,,0.0,normalDay
2021-10-20,8994.0,1228.0,0.0,0,452.41,0.0,1,15.23,2.95,SPY211119P00438000,438.0,0,0.0,0.0,,0.0,normalDay
2021-10-21,8994.0,1268.0,0.0,0,453.59,0.0,1,15.23,2.55,SPY211119P00438000,438.0,0,0.0,0.0,,0.0,normalDay
2021-10-22,8994.0,1251.0,0.0,0,453.12,0.0,1,15.23,2.72,SPY211119P00438000,438.0,0,0.0,0.0,,0.0,normalDay
2021-10-25,8994.0,1311.0,0.0,0,455.55,0.0,1,15.23,2.12,SPY211119P00438000,438.0,0,0.0,0.0,,0.0,normalDay
2021-10-26,8994.0,1312.0,0.0,0,455.96,0.0,1,15.23,2.11,SPY211119P00438000,438.0,0,0.0,0.0,,0.0,normalDay
2021-10-27,8994.0,1267.0,0.0,0,453.94,0.0,1,15.23,2.56,SPY211119P00438000,438.0,0,0.0,0.0,,0.0,normalDay
2021-10-28,8994.0,1339.0,0.0,0,458.32,0.0,1,15.23,1.84,SPY211119P00438000,438.0,0,0.0,0.0,,0.0,normalDay
2021-10-29,8994.0,1360.0,0.0,0,459.25,0.0,1,15.23,1.63,SPY211119P00438000,438.0,0,0.0,0.0,,0.0,normalDay
2021-11-01,8994.0,1394.0,0.0,0,460.04,0.0,1,15.23,1.29,SPY211119P00438000,438.0,0,0.0,0.0,,0.0,normalDay
2021-11-02,8994.0,1417.0,0.0,0,461.9,0.0,1,15.23,1.06,SPY211119P00438000,438.0,0,0.0,0.0,,0.0,normalDay
2021-11-03,8994.0,1458.0,0.0,0,464.72,0.0,1,15.23,0.65,SPY211119P00438000,438.0,0,0.0,0.0,,0.0,normalDay
2021-11-04,8994.0,1467.0,0.0,0,466.91,0.0,1,15.23,0.56,SPY211119P00438000,438.0,0,0.0,0.0,,0.0,normalDay
2021-11-05,8994.0,1474.0,0.0,0,468.53,0.0,1,15.23,0.49,SPY211119P00438000,438.0,0,0.0,0.0,,0.0,normalDay
2021-11-08,8994.0,1484.0,0.0,0,468.93,0.0,1,15.23,0.39,SPY211119P00438000,438.0,0,0.0,0.0,,0.0,normalDay
2021-11-09,8994.0,1484.0,0.0,0,467.38,0.0,1,15.23,0.39,SPY211119P00438000,438.0,0,0.0,0.0,,0.0,normalDay
2021-11-10,8994.0,1478.0,0.0,0,463.62,0.0,1,15.23,0.45,SPY211119P00438000,438.0,0,0.0,0.0,,0.0,normalDay
2021-11-11,8994.0,1498.0,0.0,0,463.77,0.0,1,15.23,0.25,SPY211119P00438000,438.0,0,0.0,0.0,,0.0,normalDay
2021-11-12,8994.0,1512.0,0.0,0,467.27,0.0,1,15.23,0.11,SPY211119P00438000,438.0,0,0.0,0.0,,0.0,normalDay
2021-11-15,8994.0,1518.0,0.0,0,467.43,0.0,1,15.23,0.05,SPY211119P00438000,438.0,0,0.0,0.0,,0.0,normalDay
2021-11-16,8994.0,1518.0,0.0,0,469.28,0.0,1,15.23,0.05,SPY211119P00438000,438.0,0,0.0,0.0,,0.0,normalDay
2021-11-17,8994.0,1520.0,0.0,0,468.14,0.0,1,15.23,0.03,SPY211119P00438000,438.0,0,0.0,0.0,,0.0,normalDay
2021-11-18,8994.0,1521.0,0.0,0,469.73,0.0,1,15.23,0.02,SPY211119P00438000,438.0,0,0.0,0.0,,0.0,normalDay
2021-11-19,10517.0,0.0,1523.0,0,468.89,0.0,1,15.23,0.0,SPY211119P00438000,438.0,0,0.0,0.0,,0.0,expirationDay
2021-11-22,10517.0,-5.0,0.0,0,467.57,0.0,1,8.17,8.22,SPY220121P00454000,454.0,0,0.0,0.0,,0.0,normalDay
2021-11-23,10517.0,24.0,0.0,0,468.19,0.0,1,8.17,7.93,SPY220121P00454000,454.0,0,0.0,0.0,,0.0,normalDay
2021-11-24,10517.0,98.0,0.0,0,469.44,0.0,1,8.17,7.19,SPY220121P00454000,454.0,0,0.0,0.0,,0.0,normalDay
2021-11-26,10517.0,-757.0,0.0,0,458.97,0.0,1,8.17,15.74,SPY220121P00454000,454.0,0,0.0,0.0,,0.0,normalDay
2021-11-29,10517.0,-128.0,0.0,0,464.6,0.0,1,8.17,9.45,SPY220121P00454000,454.0,0,0.0,0.0,,0.0,normalDay
2021-11-30,10517.0,-482.0,0.0,0,455.56,0.0,1,8.17,12.99,SPY220121P00454000,454.0,0,0.0,0.0,,0.0,normalDay
2021-12-01,10517.0,-978.0,0.0,0,450.5,0.0,1,8.17,17.95,SPY220121P00454000,454.0,0,0.0,0.0,,0.0,normalDay
2021-12-02,10517.0,-512.0,0.0,0,457.4,0.0,1,8.17,13.29,SPY220121P00454000,454.0,0,0.0,0.0,,0.0,normalDay
2021-12-03,10517.0,-731.0,0.0,0,453.42,0.0,1,8.17,15.48,SPY220121P00454000,454.0,0,0.0,0.0,,0.0,normalDay
2021-12-06,10517.0,-375.0,0.0,0,458.79,0.0,1,8.17,11.92,SPY220121P00454000,454.0,0,0.0,0.0,,0.0,normalDay
2021-12-07,10517.0,81.0,0.0,0,468.28,0.0,1,8.17,7.36,SPY220121P00454000,454.0,0,0.0,0.0,,0.0,normalDay
2021-12-08,10517.0,185.0,0.0,0,469.52,0.0,1,8.17,6.32,SPY220121P00454000,454.0,0,0.0,0.0,,0.0,normalDay
2021-12-09,10517.0,81.0,0.0,0,466.35,0.0,1,8.17,7.36,SPY220121P00454000,454.0,0,0.0,0.0,,0.0,normalDay
2021-12-10,10517.0,274.0,0.0,0,470.74,0.0,1,8.17,5.43,SPY220121P00454000,454.0,0,0.0,0.0,,0.0,normalDay
2021-12-13,10517.0,152.0,0.0,0,466.57,0.0,1,8.17,6.65,SPY220121P00454000,454.0,0,0.0,0.0,,0.0,normalDay
2021-12-14,10517.0,21.0,0.0,0,463.36,0.0,1,8.17,7.96,SPY220121P00454000,454.0,0,0.0,0.0,,0.0,normalDay
2021-12-15,10517.0,315.0,0.0,0,470.6,0.0,1,8.17,5.02,SPY220121P00454000,454.0,0,0.0,0.0,,0.0,normalDay
2021-12-16,10517.0,203.0,0.0,0,466.45,0.0,1,8.17,6.14,SPY220121P00454000,454.0,0,0.0,0.0,,0.0,normalDay
2021-12-17,10517.0,22.0,0.0,0,459.87,0.0,1,8.17,7.95,SPY220121P00454000,454.0,0,0.0,0.0,,0.0,normalDay
2021-12-20,10517.0,-162.0,0.0,0,454.98,0.0,1,8.17,9.79,SPY220121P00454000,454.0,0,0.0,0.0,,0.0,normalDay
2021-12-21,10517.0,170.0,0.0,0,463.06,0.0,1,8.17,6.47,SPY220121P00454000,454.0,0,0.0,0.0,,0.0,normalDay
2021-12-22,10517.0,384.0,0.0,0,467.69,0.0,1,8.17,4.33,SPY220121P00454000,454.0,0,0.0,0.0,,0.0,normalDay
2021-12-23,10517.0,486.0,0.0,0,470.6,0.0,1,8.17,3.31,SPY220121P00454000,454.0,0,0.0,0.0,,0.0,normalDay
2021-12-27,10517.0,623.0,0.0,0,477.26,0.0,1,8.17,1.94,SPY220121P00454000,454.0,0,0.0,0.0,,0.0,normalDay
2021-12-28,10517.0,638.0,0.0,0,476.87,0.0,1,8.17,1.79,SPY220121P00454000,454.0,0,0.0,0.0,,0.0,normalDay
2021-12-29,10517.0,671.0,0.0,0,477.48,0.0,1,8.17,1.46,SPY220121P00454000,454.0,0,0.0,0.0,,0.0,normalDay
2021-12-30,10517.0,653.0,0.0,0,476.16,0.0,1,8.17,1.64,SPY220121P00454000,454.0,0,0.0,0.0,,0.0,normalDay
2021-12-31,10517.0,662.0,0.0,0,474.96,0.0,1,8.17,1.55,SPY220121P00454000,454.0,0,0.0,0.0,,0.0,normalDay
2022-01-03,10517.0,719.0,0.0,0,477.71,0.0,1,8.17,0.98,SPY220121P00454000,454.0,0,0.0,0.0,,0.0,normalDay
2022-01-04,10517.0,720.0,0.0,0,477.55,0.0,1,8.17,0.97,SPY220121P00454000,454.0,0,0.0,0.0,,0.0,normalDay
2022-01-05,10517.0,562.0,0.0,0,468.38,0.0,1,8.17,2.55,SPY220121P00454000,454.0,0,0.0,0.0,,0.0,normalDay
2022-01-06,10517.0,583.0,0.0,0,467.94,0.0,1,8.17,2.34,SPY220121P00454000,454.0,0,0.0,0.0,,0.0,normalDay
2022-01-07,10517.0,616.0,0.0,0,466.09,0.0,1,8.17,2.01,SPY220121P00454000,454.0,0,0.0,0.0,,0.0,normalDay
2022-01-10,10517.0,610.0,0.0,0,465.51,0.0,1,8.17,2.07,SPY220121P00454000,454.0,0,0.0,0.0,,0.0,normalDay
2022-01-11,10517.0,696.0,0.0,0,469.75,0.0,1,8.17,1.21,SPY220121P00454000,454.0,0,0.0,0.0,,0.0,normalDay
2022-01-12,10517.0,749.0,0.0,0,471.02,0.0,1,8.17,0.68,SPY220121P00454000,454.0,0,0.0,0.0,,0.0,normalDay
2022-01-13,10517.0,630.0,0.0,0,464.53,0.0,1,8.17,1.87,SPY220121P00454000,454.0,0,0.0,0.0,,0.0,normalDay
2022-01-14,10517.0,697.0,0.0,0,464.72,0.0,1,8.17,1.2,SPY220121P00454000,454.0,0,0.0,0.0,,0.0,normalDay
2022-01-18,10517.0,505.0,0.0,0,456.49,0.0,1,8.17,3.12,SPY220121P00454000,454.0,0,0.0,0.0,,0.0,normalDay
2022-01-19,10517.0,394.0,0.0,0,451.75,0.0,1,8.17,4.23,SPY220121P00454000,454.0,0,0.0,0.0,,0.0,normalDay
2022-01-20,10517.0,17.0,0.0,0,446.75,0.0,1,8.17,8.0,SPY220121P00454000,454.0,0,0.0,0.0,,0.0,normalDay
2022-01-21,11334.0,-1602.0,817.0,100,437.98,454.0,1,8.17,0.0,SPY220121P00454000,454.0,0,0.0,0.0,,0.0,expirationDay
2022-01-24,11334.0,-1416.0,0.0,100,439.84,454.0,0,0.0,0.0,,0.0,0,0.0,0.0,,0.0,bidTooLow
2022-01-25,11334.0,-1953.0,0.0,100,434.47,454.0,0,0.0,0.0,,0.0,0,0.0,0.0,,0.0,bidTooLow
2022-01-26,11334.0,-2062.0,0.0,100,433.38,454.0,0,0.0,0.0,,0.0,0,0.0,0.0,,0.0,bidTooLow
2022-01-27,11334.0,-2276.0,0.0,100,431.24,454.0,0,0.0,0.0,,0.0,0,0.0,0.0,,0.0,bidTooLow
2022-01-28,11334.0,-1205.0,0.0,100,441.95,454.0,0,0.0,0.0,,0.0,0,0.0,0.0,,0.0,bidTooLow
2022-01-31,11334.0,-409.0,0.0,100,449.91,454.0,0,0.0,0.0,,0.0,0,0.0,0.0,,0.0,bidTooLow
2022-02-01,11334.0,-105.0,0.0,100,452.95,454.0,0,0.0,0.0,,0.0,0,0.0,0.0,,0.0,bidTooLow
2022-02-02,11334.0,335.0,0.0,100,457.35,454.0,0,0.0,0.0,,0.0,0,0.0,0.0,,0.0,bidTooLow
2022-02-03,11334.0,-740.0,0.0,100,446.6,454.0,0,0.0,0.0,,0.0,0,0.0,0.0,,0.0,bidTooLow
2022-02-04,11334.0,-530.0,0.0,100,448.7,454.0,0,0.0,0.0,,0.0,0,0.0,0.0,,0.0,bidTooLow
2022-02-07,11334.0,-677.0,0.0,100,447.26,454.0,0,0.0,0.0,,0.0,1,0.01,0.04,SPY220311C00505000,505.0,normalDay
2022-02-08,11334.0,-309.0,0.0,100,450.94,454.0,0,0.0,0.0,,0.0,1,0.01,0.04,SPY220311C00505000,505.0,normalDay
2022-02-09,11334.0,349.0,0.0,100,457.54,454.0,0,0.0,0.0,,0.0,1,0.01,0.06,SPY220311C00505000,505.0,normalDay
2022-02-10,11334.0,-471.0,0.0,100,449.32,454.0,0,0.0,0.0,,0.0,1,0.01,0.04,SPY220311C00505000,505.0,normalDay
2022-02-11,11334.0,-1357.0,0.0,100,440.46,454.0,0,0.0,0.0,,0.0,1,0.01,0.04,SPY220311C00505000,505.0,normalDay
2022-02-14,11334.0,-1500.0,0.0,100,439.02,454.0,0,0.0,0.0,,0.0,1,0.01,0.03,SPY220311C00505000,505.0,normalDay
2022-02-15,11334.0,-793.0,0.0,100,446.1,454.0,0,0.0,0.0,,0.0,1,0.01,0.04,SPY220311C00505000,505.0,normalDay
2022-02-16,11334.0,-741.0,0.0,100,446.6,454.0,0,0.0,0.0,,0.0,1,0.01,0.02,SPY220311C00505000,505.0,normalDay
2022-02-17,11334.0,-1695.0,0.0,100,437.06,454.0,0,0.0,0.0,,0.0,1,0.01,0.02,SPY220311C00505000,505.0,normalDay
2022-02-18,11334.0,-1978.0,0.0,100,434.23,454.0,0,0.0,0.0,,0.0,1,0.01,0.02,SPY220311C00505000,505.0,normalDay
2022-02-22,11334.0,-2444.0,0.0,100,429.57,454.0,0,0.0,0.0,,0.0,1,0.01,0.02,SPY220311C00505000,505.0,normalDay
2022-02-23,11334.0,-3206.0,0.0,100,421.95,454.0,0,0.0,0.0,,0.0,1,0.01,0.02,SPY220311C00505000,505.0,normalDay
2022-02-24,11334.0,-2571.0,0.0,100,428.3,454.0,0,0.0,0.0,,0.0,1,0.01,0.02,SPY220311C00505000,505.0,normalDay
2022-02-25,11334.0,-1626.0,0.0,100,437.75,454.0,0,0.0,0.0,,0.0,1,0.01,0.02,SPY220311C00505000,505.0,normalDay
2022-02-28,11334.0,-1737.0,0.0,100,436.63,454.0,0,0.0,0.0,,0.0,1,0.01,0.01,SPY220311C00505000,505.0,normalDay
2022-03-01,11334.0,-2402.0,0.0,100,429.98,454.0,0,0.0,0.0,,0.0,1,0.01,0.01,SPY220311C00505000,505.0,normalDay
2022-03-02,11334.0,-1611.0,0.0,100,437.89,454.0,0,0.0,0.0,,0.0,1,0.01,0.01,SPY220311C00505000,505.0,normalDay
2022-03-03,11334.0,-1829.0,0.0,100,435.71,454.0,0,0.0,0.0,,0.0,1,0.01,0.01,SPY220311C00505000,505.0,normalDay
2022-03-04,11334.0,-2183.0,0.0,100,432.17,454.0,0,0.0,0.0,,0.0,1,0.01,0.01,SPY220311C00505000,505.0,normalDay
2022-03-07,11334.0,-3457.0,0.0,100,419.43,454.0,0,0.0,0.0,,0.0,1,0.01,0.01,SPY220311C00505000,505.0,normalDay
2022-03-08,11334.0,-3775.0,0.0,100,416.25,454.0,0,0.0,0.0,,0.0,1,0.01,0.01,SPY220311C00505000,505.0,normalDay
2022-03-09,11334.0,-2659.0,0.0,100,427.41,454.0,0,0.0,0.0,,0.0,1,0.01,0.01,SPY220311C00505000,505.0,normalDay
2022-03-10,11334.0,-2852.0,0.0,100,425.48,454.0,0,0.0,0.0,,0.0,1,0.01,0.01,SPY220311C00505000,505.0,normalDay
2022-03-11,11335.0,-3393.0,1.0,100,420.07,454.0,0,0.0,0.0,,0.0,1,0.01,0.0,SPY220311C00505000,505.0,expirationDay
2022-03-14,11335.0,-3703.0,0.0,100,417.0,454.0,0,0.0,0.0,,0.0,1,0.19,0.22,SPY220414C00470000,470.0,normalDay
2022-03-15,11335.0,-2798.0,0.0,100,426.17,454.0,0,0.0,0.0,,0.0,1,0.19,0.34,SPY220414C00470000,470.0,normalDay
2022-03-16,11335.0,-1872.0,0.0,100,435.62,454.0,0,0.0,0.0,,0.0,1,0.19,0.53,SPY220414C00470000,470.0,normalDay
2022-03-17,11335.0,-1342.0,0.0,100,441.07,454.0,0,0.0,0.0,,0.0,1,0.19,0.68,SPY220414C00470000,470.0,normalDay
2022-03-18,11335.0,-1019.0,0.0,100,444.52,454.0,0,0.0,0.0,,0.0,1,0.19,0.9,SPY220414C00470000,470.0,normalDay
2022-03-21,11335.0,-1008.0,0.0,100,444.39,454.0,0,0.0,0.0,,0.0,1,0.19,0.66,SPY220414C00470000,470.0,normalDay
2022-03-22,11335.0,-522.0,0.0,100,449.59,454.0,0,0.0,0.0,,0.0,1,0.19,1.0,SPY220414C00470000,470.0,normalDay
2022-03-23,11335.0,-1046.0,0.0,100,443.8,454.0,0,0.0,0.0,,0.0,1,0.19,0.45,SPY220414C00470000,470.0,normalDay
2022-03-24,11335.0,-411.0,0.0,100,450.49,454.0,0,0.0,0.0,,0.0,1,0.19,0.79,SPY220414C00470000,470.0,normalDay
2022-03-25,11335.0,-191.0,0.0,100,452.69,454.0,0,0.0,0.0,,0.0,1,0.19,0.79,SPY220414C00470000,470.0,normalDay
2022-03-28,11335.0,122.0,0.0,100,455.91,454.0,0,0.0,0.0,,0.0,1,0.19,0.88,SPY220414C00470000,470.0,normalDay
2022-03-29,11335.0,579.0,0.0,100,461.55,454.0,0,0.0,0.0,,0.0,1,0.19,1.95,SPY220414C00470000,470.0,normalDay
2022-03-30,11335.0,351.0,0.0,100,458.7,454.0,0,0.0,0.0,,0.0,1,0.19,1.38,SPY220414C00470000,470.0,normalDay
2022-03-31,11335.0,-264.0,0.0,100,451.64,454.0,0,0.0,0.0,,0.0,1,0.19,0.47,SPY220414C00470000,470.0,normalDay
2022-04-01,11335.0,-113.0,0.0,100,452.92,454.0,0,0.0,0.0,,0.0,1,0.19,0.24,SPY220414C00470000,470.0,normalDay
2022-04-04,11335.0,269.0,0.0,100,456.8,454.0,0,0.0,0.0,,0.0,1,0.19,0.3,SPY220414C00470000,470.0,normalDay
2022-04-05,11335.0,-290.0,0.0,100,451.03,454.0,0,0.0,0.0,,0.0,1,0.19,0.12,SPY220414C00470000,470.0,normalDay
2022-04-06,11335.0,-733.0,0.0,100,446.52,454.0,0,0.0,0.0,,0.0,1,0.19,0.04,SPY220414C00470000,470.0,normalDay
2022-04-07,11335.0,-508.0,0.0,100,448.77,454.0,0,0.0,0.0,,0.0,1,0.19,0.04,SPY220414C00470000,470.0,normalDay
2022-04-08,11335.0,-626.0,0.0,100,447.57,454.0,0,0.0,0.0,,0.0,1,0.19,0.02,SPY220414C00470000,470.0,normalDay
2022-04-11,11335.0,-1390.0,0.0,100,439.92,454.0,0,0.0,0.0,,0.0,1,0.19,0.01,SPY220414C00470000,470.0,normalDay
2022-04-12,11335.0,-1553.0,0.0,100,438.29,454.0,0,0.0,0.0,,0.0,1,0.19,0.01,SPY220414C00470000,470.0,normalDay
2022-04-13,11335.0,-1051.0,0.0,100,443.31,454.0,0,0.0,0.0,,0.0,1,0.19,0.01,SPY220414C00470000,470.0,normalDay
2022-04-14,11354.0,-1621.0,19.0,100,437.79,454.0,0,0.0,0.0,,0.0,1,0.19,0.0,SPY220414C00470000,470.0,expirationDay
2022-04-18,11354.0,-1606.0,0.0,100,437.97,454.0,0,0.0,0.0,,0.0,1,0.09,0.12,SPY220520C00479000,479.0,normalDay
2022-04-19,11354.0,-903.0,0.0,100,445.04,454.0,0,0.0,0.0,,0.0,1,0.09,0.16,SPY220520C00479000,479.0,normalDay
2022-04-20,11354.0,-936.0,0.0,100,444.71,454.0,0,0.0,0.0,,0.0,1,0.09,0.16,SPY220520C00479000,479.0,normalDay
2022-04-21,11354.0,-1593.0,0.0,100,438.06,454.0,0,0.0,0.0,,0.0,1,0.09,0.08,SPY220520C00479000,479.0,normalDay
2022-04-22,11354.0,-2790.0,0.0,100,426.04,454.0,0,0.0,0.0,,0.0,1,0.09,0.03,SPY220520C00479000,479.0,normalDay
2022-04-25,11354.0,-2543.0,0.0,100,428.51,454.0,0,0.0,0.0,,0.0,1,0.09,0.03,SPY220520C00479000,479.0,normalDay
2022-04-26,11354.0,-3784.0,0.0,100,416.1,454.0,0,0.0,0.0,,0.0,1,0.09,0.03,SPY220520C00479000,479.0,normalDay
2022-04-27,11354.0,-3666.0,0.0,100,417.27,454.0,0,0.0,0.0,,0.0,1,0.09,0.02,SPY220520C00479000,479.0,normalDay
2022-04-28,11354.0,-2613.0,0.0,100,427.81,454.0,0,0.0,0.0,,0.0,1,0.09,0.03,SPY220520C00479000,479.0,normalDay
2022-04-29,11354.0,-4194.0,0.0,100,412.0,454.0,0,0.0,0.0,,0.0,1,0.09,0.03,SPY220520C00479000,479.0,normalDay
2022-05-02,11354.0,-3946.0,0.0,100,414.48,454.0,0,0.0,0.0,,0.0,1,0.09,0.03,SPY220520C00479000,479.0,normalDay
2022-05-03,11354.0,-3755.0,0.0,100,416.38,454.0,0,0.0,0.0,,0.0,1,0.09,0.02,SPY220520C00479000,479.0,normalDay
2022-05-04,11354.0,-2488.0,0.0,100,429.06,454.0,0,0.0,0.0,,0.0,1,0.09,0.03,SPY220520C00479000,479.0,normalDay
2022-05-05,11354.0,-4012.0,0.0,100,413.81,454.0,0,0.0,0.0,,0.0,1,0.09,0.02,SPY220520C00479000,479.0,normalDay
2022-05-06,11354.0,-4259.0,0.0,100,411.34,454.0,0,0.0,0.0,,0.0,1,0.09,0.02,SPY220520C00479000,479.0,normalDay
2022-05-09,11354.0,-5576.0,0.0,100,398.17,454.0,0,0.0,0.0,,0.0,1,0.09,0.02,SPY220520C00479000,479.0,normalDay
2022-05-10,11354.0,-5483.0,0.0,100,399.09,454.0,0,0.0,0.0,,0.0,1,0.09,0.01,SPY220520C00479000,479.0,normalDay
2022-05-11,11354.0,-6117.0,0.0,100,392.75,454.0,0,0.0,0.0,,0.0,1,0.09,0.01,SPY220520C00479000,479.0,normalDay
2022-05-12,11354.0,-6158.0,0.0,100,392.34,454.0,0,0.0,0.0,,0.0,1,0.09,0.01,SPY220520C00479000,479.0,normalDay
2022-05-13,11354.0,-5220.0,0.0,100,401.72,454.0,0,0.0,0.0,,0.0,1,0.09,0.01,SPY220520C00479000,479.0,normalDay
2022-05-16,11354.0,-5383.0,0.0,100,400.09,454.0,0,0.0,0.0,,0.0,1,0.09,0.01,SPY220520C00479000,479.0,normalDay
2022-05-17,11354.0,-4560.0,0.0,100,408.32,454.0,0,0.0,0.0,,0.0,1,0.09,0.01,SPY220520C00479000,479.0,normalDay
2022-05-18,11354.0,-6206.0,0.0,100,391.86,454.0,0,0.0,0.0,,0.0,1,0.09,0.01,SPY220520C00479000,479.0,normalDay
2022-05-19,11354.0,-6446.0,0.0,100,389.46,454.0,0,0.0,0.0,,0.0,1,0.09,0.01,SPY220520C00479000,479.0,normalDay
2022-05-20,11363.0,-6437.0,9.0,100,389.63,454.0,0,0.0,0.0,,0.0,1,0.09,0.0,SPY220520C00479000,479.0,expirationDay
2022-05-23,11363.0,-5711.0,0.0,100,396.92,454.0,0,0.0,0.0,,0.0,1,0.06,0.09,SPY220624C00460000,460.0,normalDay
2022-05-24,11363.0,-6014.0,0.0,100,393.89,454.0,0,0.0,0.0,,0.0,1,0.06,0.09,SPY220624C00460000,460.0,normalDay
2022-05-25,11363.0,-5666.0,0.0,100,397.37,454.0,0,0.0,0.0,,0.0,1,0.06,0.09,SPY220624C00460000,460.0,normalDay
2022-05-26,11363.0,-4875.0,0.0,100,405.31,454.0,0,0.0,0.0,,0.0,1,0.06,0.12,SPY220624C00460000,460.0,normalDay
2022-05-27,11363.0,-3888.0,0.0,100,415.26,454.0,0,0.0,0.0,,0.0,1,0.06,0.2,SPY220624C00460000,460.0,normalDay
2022-05-31,11363.0,-4111.0,0.0,100,412.93,454.0,0,0.0,0.0,,0.0,1,0.06,0.1,SPY220624C00460000,460.0,normalDay
2022-06-01,11363.0,-4442.0,0.0,100,409.59,454.0,0,0.0,0.0,,0.0,1,0.06,0.07,SPY220624C00460000,460.0,normalDay
2022-06-02,11363.0,-3664.0,0.0,100,417.39,454.0,0,0.0,0.0,,0.0,1,0.06,0.09,SPY220624C00460000,460.0,normalDay
2022-06-03,11363.0,-4345.0,0.0,100,410.54,454.0,0,0.0,0.0,,0.0,1,0.06,0.05,SPY220624C00460000,460.0,normalDay
2022-06-06,11363.0,-4220.0,0.0,100,411.79,454.0,0,0.0,0.0,,0.0,1,0.06,0.05,SPY220624C00460000,460.0,normalDay
2022-06-07,11363.0,-3824.0,0.0,100,415.74,454.0,0,0.0,0.0,,0.0,1,0.06,0.04,SPY220624C00460000,460.0,normalDay
2022-06-08,11363.0,-4275.0,0.0,100,411.22,454.0,0,0.0,0.0,,0.0,1,0.06,0.03,SPY220624C00460000,460.0,normalDay
2022-06-09,11363.0,-5253.0,0.0,100,401.44,454.0,0,0.0,0.0,,0.0,1,0.06,0.03,SPY220624C00460000,460.0,normalDay
2022-06-10,11363.0,-6416.0,0.0,100,389.8,454.0,0,0.0,0.0,,0.0,1,0.06,0.02,SPY220624C00460000,460.0,normalDay
2022-06-13,11363.0,-7896.0,0.0,100,375.0,454.0,0,0.0,0.0,,0.0,1,0.06,0.02,SPY220624C00460000,460.0,normalDay
2022-06-14,11363.0,-8009.0,0.0,100,373.87,454.0,0,0.0,0.0,,0.0,1,0.06,0.02,SPY220624C00460000,460.0,normalDay
2022-06-15,11363.0,-7476.0,0.0,100,379.2,454.0,0,0.0,0.0,,0.0,1,0.06,0.02,SPY220624C00460000,460.0,normalDay
2022-06-16,11363.0,-8730.0,0.0,100,366.65,454.0,0,0.0,0.0,,0.0,1,0.06,0.01,SPY220624C00460000,460.0,normalDay
2022-06-17,11363.0,-8809.0,0.0,100,365.86,454.0,0,0.0,0.0,,0.0,1,0.06,0.01,SPY220624C00460000,460.0,normalDay
2022-06-21,11363.0,-7888.0,0.0,100,375.07,454.0,0,0.0,0.0,,0.0,1,0.06,0.01,SPY220624C00460000,460.0,normalDay
2022-06-22,11363.0,-7956.0,0.0,100,374.39,454.0,0,0.0,0.0,,0.0,1,0.06,0.01,SPY220624C00460000,460.0,normalDay
2022-06-23,11363.0,-7589.0,0.0,100,378.06,454.0,0,0.0,0.0,,0.0,1,0.06,0.01,SPY220624C00460000,460.0,normalDay
2022-06-24,11369.0,-6392.0,6.0,100,390.08,454.0,0,0.0,0.0,,0.0,1,0.06,0.0,SPY220624C00460000,460.0,expirationDay
2022-06-27,11369.0,-6541.0,0.0,100,388.59,454.0,0,0.0,0.0,,0.0,0,0.0,0.0,,0.0,bidTooLow
2022-06-28,11369.0,-7335.0,0.0,100,380.65,454.0,0,0.0,0.0,,0.0,0,0.0,0.0,,0.0,bidTooLow
2022-06-29,11369.0,-7366.0,0.0,100,380.34,454.0,0,0.0,0.0,,0.0,0,0.0,0.0,,0.0,bidTooLow
2022-06-30,11369.0,-7679.0,0.0,100,377.25,454.0,0,0.0,0.0,,0.0,1,0.01,0.05,SPY220801C00450000,450.0,normalDay
2022-07-01,11369.0,-7279.0,0.0,100,381.24,454.0,0,0.0,0.0,,0.0,1,0.01,0.04,SPY220801C00450000,450.0,normalDay
2022-07-05,11369.0,-7206.0,0.0,100,381.96,454.0,0,0.0,0.0,,0.0,1,0.01,0.03,SPY220801C00450000,450.0,normalDay
2022-07-06,11369.0,-7077.0,0.0,100,383.25,454.0,0,0.0,0.0,,0.0,1,0.01,0.03,SPY220801C00450000,450.0,normalDay
2022-07-07,11369.0,-6503.0,0.0,100,388.99,454.0,0,0.0,0.0,,0.0,1,0.01,0.03,SPY220801C00450000,450.0,normalDay
2022-07-08,11369.0,-6535.0,0.0,100,388.67,454.0,0,0.0,0.0,,0.0,1,0.01,0.03,SPY220801C00450000,450.0,normalDay
2022-07-11,11369.0,-6978.0,0.0,100,384.23,454.0,0,0.0,0.0,,0.0,1,0.01,0.02,SPY220801C00450000,450.0,normalDay
2022-07-12,11369.0,-7318.0,0.0,100,380.83,454.0,0,0.0,0.0,,0.0,1,0.01,0.02,SPY220801C00450000,450.0,normalDay
2022-07-13,11369.0,-7518.0,0.0,100,378.83,454.0,0,0.0,0.0,,0.0,1,0.01,0.02,SPY220801C00450000,450.0,normalDay
2022-07-14,11369.0,-7609.0,0.0,100,377.91,454.0,0,0.0,0.0,,0.0,1,0.01,0.01,SPY220801C00450000,450.0,normalDay
2022-07-15,11369.0,-6887.0,0.0,100,385.13,454.0,0,0.0,0.0,,0.0,1,0.01,0.01,SPY220801C00450000,450.0,normalDay
2022-07-18,11369.0,-7205.0,0.0,100,381.95,454.0,0,0.0,0.0,,0.0,1,0.01,0.01,SPY220801C00450000,450.0,normalDay
2022-07-19,11369.0,-6174.0,0.0,100,392.27,454.0,0,0.0,0.0,,0.0,1,0.01,0.02,SPY220801C00450000,450.0,normalDay
2022-07-20,11369.0,-5923.0,0.0,100,394.77,454.0,0,0.0,0.0,,0.0,1,0.01,0.01,SPY220801C00450000,450.0,normalDay
2022-07-21,11369.0,-5521.0,0.0,100,398.79,454.0,0,0.0,0.0,,0.0,1,0.01,0.01,SPY220801C00450000,450.0,normalDay
2022-07-22,11369.0,-5891.0,0.0,100,395.09,454.0,0,0.0,0.0,,0.0,1,0.01,0.01,SPY220801C00450000,450.0,normalDay
2022-07-25,11369.0,-5843.0,0.0,100,395.57,454.0,0,0.0,0.0,,0.0,1,0.01,0.01,SPY220801C00450000,450.0,normalDay
2022-07-26,11369.0,-6311.0,0.0,100,390.89,454.0,0,0.0,0.0,,0.0,1,0.01,0.01,SPY220801C00450000,450.0,normalDay
2022-07-27,11369.0,-5296.0,0.0,100,401.04,454.0,0,0.0,0.0,,0.0,1,0.01,0.01,SPY220801C00450000,450.0,normalDay
2022-07-28,11369.0,-4793.0,0.0,100,406.07,454.0,0,0.0,0.0,,0.0,1,0.01,0.01,SPY220801C00450000,450.0,normalDay
2022-07-29,11369.0,-4201.0,0.0,100,411.99,454.0,0,0.0,0.0,,0.0,1,0.01,0.01,SPY220801C00450000,450.0,normalDay
2022-08-01,11370.0,-4323.0,1.0,100,410.77,454.0,0,0.0,0.0,,0.0,1,0.01,0.0,SPY220801C00450000,450.0,expirationDay
2022-08-02,11370.0,-4598.0,0.0,100,408.06,454.0,0,0.0,0.0,,0.0,1,0.8,0.84,SPY220902C00438000,438.0,normalDay
2022-08-03,11370.0,-4007.0,0.0,100,414.45,454.0,0,0.0,0.0,,0.0,1,0.8,1.32,SPY220902C00438000,438.0,normalDay
2022-08-04,11370.0,-4022.0,0.0,100,414.17,454.0,0,0.0,0.0,,0.0,1,0.8,1.19,SPY220902C00438000,438.0,normalDay
2022-08-05,11370.0,-4053.0,0.0,100,413.47,454.0,0,0.0,0.0,,0.0,1,0.8,0.8,SPY220902C00438000,438.0,normalDay
2022-08-08,11370.0,-4090.0,0.0,100,412.99,454.0,0,0.0,0.0,,0.0,1,0.8,0.69,SPY220902C00438000,438.0,normalDay
2022-08-09,11370.0,-4244.0,0.0,100,411.35,454.0,0,0.0,0.0,,0.0,1,0.8,0.59,SPY220902C00438000,438.0,normalDay
2022-08-10,11370.0,-3446.0,0.0,100,419.99,454.0,0,0.0,0.0,,0.0,1,0.8,1.25,SPY220902C00438000,438.0,normalDay
2022-08-11,11370.0,-3451.0,0.0,100,419.99,454.0,0,0.0,0.0,,0.0,1,0.8,1.3,SPY220902C00438000,438.0,normalDay
2022-08-12,11370.0,-2857.0,0.0,100,427.1,454.0,0,0.0,0.0,,0.0,1,0.8,2.47,SPY220902C00438000,438.0,normalDay
2022-08-15,11370.0,-2720.0,0.0,100,428.86,454.0,0,0.0,0.0,,0.0,1,0.8,2.86,SPY220902C00438000,438.0,normalDay
2022-08-16,11370.0,-2634.0,0.0,100,429.7,454.0,0,0.0,0.0,,0.0,1,0.8,2.84,SPY220902C00438000,438.0,normalDay
2022-08-17,11370.0,-2861.0,0.0,100,426.65,454.0,0,0.0,0.0,,0.0,1,0.8,2.06,SPY220902C00438000,438.0,normalDay
2022-08-18,11370.0,-2718.0,0.0,100,427.89,454.0,0,0.0,0.0,,0.0,1,0.8,1.87,SPY220902C00438000,438.0,normalDay
2022-08-19,11370.0,-3177.0,0.0,100,422.14,454.0,0,0.0,0.0,,0.0,1,0.8,0.71,SPY220902C00438000,438.0,normalDay
2022-08-22,11370.0,-4003.0,0.0,100,413.35,454.0,0,0.0,0.0,,0.0,1,0.8,0.18,SPY220902C00438000,438.0,normalDay
2022-08-23,11370.0,-4097.0,0.0,100,412.35,454.0,0,0.0,0.0,,0.0,1,0.8,0.12,SPY220902C00438000,438.0,normalDay
2022-08-24,11370.0,-3961.0,0.0,100,413.67,454.0,0,0.0,0.0,,0.0,1,0.8,0.08,SPY220902C00438000,438.0,normalDay
2022-08-25,11370.0,-3387.0,0.0,100,419.51,454.0,0,0.0,0.0,,0.0,1,0.8,0.18,SPY220902C00438000,438.0,normalDay
2022-08-26,11370.0,-4791.0,0.0,100,405.31,454.0,0,0.0,0.0,,0.0,1,0.8,0.02,SPY220902C00438000,438.0,normalDay
2022-08-29,11370.0,-5058.0,0.0,100,402.63,454.0,0,0.0,0.0,,0.0,1,0.8,0.01,SPY220902C00438000,438.0,normalDay
2022-08-30,11370.0,-5500.0,0.0,100,398.21,454.0,0,0.0,0.0,,0.0,1,0.8,0.01,SPY220902C00438000,438.0,normalDay
2022-08-31,11370.0,-5803.0,0.0,100,395.18,454.0,0,0.0,0.0,,0.0,1,0.8,0.01,SPY220902C00438000,438.0,normalDay
2022-09-01,11370.0,-5679.0,0.0,100,396.42,454.0,0,0.0,0.0,,0.0,1,0.8,0.01,SPY220902C00438000,438.0,normalDay
2022-09-02,11450.0,-6176.0,80.0,100,392.24,454.0,0,0.0,0.0,,0.0,1,0.8,0.0,SPY220902C00438000,438.0,expirationDay
2022-09-06,11450.0,-6324.0,0.0,100,390.76,454.0,0,0.0,0.0,,0.0,0,0.0,0.0,,0.0,bidTooLow
2022-09-07,11450.0,-5622.0,0.0,100,397.78,454.0,0,0.0,0.0,,0.0,0,0.0,0.0,,0.0,bidTooLow
2022-09-08,11450.0,-5365.0,0.0,100,400.38,454.0,0,0.0,0.0,,0.0,1,0.1,0.13,SPY221010C00450000,450.0,normalDay
2022-09-09,11450.0,-4747.0,0.0,100,406.6,454.0,0,0.0,0.0,,0.0,1,0.1,0.17,SPY221010C00450000,450.0,normalDay
2022-09-12,11450.0,-4324.0,0.0,100,410.97,454.0,0,0.0,0.0,,0.0,1,0.1,0.31,SPY221010C00450000,450.0,normalDay
2022-09-13,11450.0,-6085.0,0.0,100,393.1,454.0,0,0.0,0.0,,0.0,1,0.1,0.05,SPY221010C00450000,450.0,normalDay
2022-09-14,11450.0,-5935.0,0.0,100,394.6,454.0,0,0.0,0.0,,0.0,1,0.1,0.05,SPY221010C00450000,450.0,normalDay
2022-09-15,11450.0,-6381.0,0.0,100,390.12,454.0,0,0.0,0.0,,0.0,1,0.1,0.03,SPY221010C00450000,450.0,normalDay
2022-09-16,11450.0,-6837.0,0.0,100,385.56,454.0,0,0.0,0.0,,0.0,1,0.1,0.03,SPY221010C00450000,450.0,normalDay
2022-09-19,11450.0,-6538.0,0.0,100,388.55,454.0,0,0.0,0.0,,0.0,1,0.1,0.03,SPY221010C00450000,450.0,normalDay
2022-09-20,11450.0,-6983.0,0.0,100,384.09,454.0,0,0.0,0.0,,0.0,1,0.1,0.02,SPY221010C00450000,450.0,normalDay
2022-09-21,11450.0,-7653.0,0.0,100,377.39,454.0,0,0.0,0.0,,0.0,1,0.1,0.02,SPY221010C00450000,450.0,normalDay
2022-09-22,11450.0,-7969.0,0.0,100,374.22,454.0,0,0.0,0.0,,0.0,1,0.1,0.01,SPY221010C00450000,450.0,normalDay
2022-09-23,11450.0,-8596.0,0.0,100,367.95,454.0,0,0.0,0.0,,0.0,1,0.1,0.01,SPY221010C00450000,450.0,normalDay
2022-09-26,11450.0,-8960.0,0.0,100,364.31,454.0,0,0.0,0.0,,0.0,1,0.1,0.01,SPY221010C00450000,450.0,normalDay
2022-09-27,11450.0,-9053.0,0.0,100,363.38,454.0,0,0.0,0.0,,0.0,1,0.1,0.01,SPY221010C00450000,450.0,normalDay
2022-09-28,11450.0,-8338.0,0.0,100,370.53,454.0,0,0.0,0.0,,0.0,1,0.1,0.01,SPY221010C00450000,450.0,normalDay
2022-09-29,11450.0,-9112.0,0.0,100,362.79,454.0,0,0.0,0.0,,0.0,1,0.1,0.01,SPY221010C00450000,450.0,normalDay
2022-09-30,11450.0,-9673.0,0.0,100,357.18,454.0,0,0.0,0.0,,0.0,1,0.1,0.01,SPY221010C00450000,450.0,normalDay
2022-10-03,11450.0,-8730.0,0.0,100,366.61,454.0,0,0.0,0.0,,0.0,1,0.1,0.01,SPY221010C00450000,450.0,normalDay
2022-10-04,11450.0,-7594.0,0.0,100,377.97,454.0,0,0.0,0.0,,0.0,1,0.1,0.01,SPY221010C00450000,450.0,normalDay
2022-10-05,11450.0,-7682.0,0.0,100,377.09,454.0,0,0.0,0.0,,0.0,1,0.1,0.01,SPY221010C00450000,450.0,normalDay
2022-10-06,11450.0,-8071.0,0.0,100,373.2,454.0,0,0.0,0.0,,0.0,1,0.1,0.01,SPY221010C00450000,450.0,normalDay
2022-10-07,11450.0,-9112.0,0.0,100,362.79,454.0,0,0.0,0.0,,0.0,1,0.1,0.01,SPY221010C00450000,450.0,normalDay
2022-10-10,11460.0,-9398.0,10.0,100,360.02,454.0,0,0.0,0.0,,0.0,1,0.1,0.0,SPY221010C00450000,450.0,expirationDay
2022-10-11,11460.0,-9629.0,0.0,100,357.74,454.0,0,0.0,0.0,,0.0,1,0.21,0.24,SPY221111C00420000,420.0,normalDay
2022-10-12,11460.0,-9744.0,0.0,100,356.56,454.0,0,0.0,0.0,,0.0,1,0.21,0.21,SPY221111C00420000,420.0,normalDay
2022-10-13,11460.0,-8825.0,0.0,100,365.97,454.0,0,0.0,0.0,,0.0,1,0.21,0.43,SPY221111C00420000,420.0,normalDay
2022-10-14,11460.0,-9635.0,0.0,100,357.63,454.0,0,0.0,0.0,,0.0,1,0.21,0.19,SPY221111C00420000,420.0,normalDay
2022-10-17,11460.0,-8727.0,0.0,100,366.82,454.0,0,0.0,0.0,,0.0,1,0.21,0.3,SPY221111C00420000,420.0,normalDay
2022-10-18,11460.0,-8307.0,0.0,100,371.13,454.0,0,0.0,0.0,,0.0,1,0.21,0.41,SPY221111C00420000,420.0,normalDay
2022-10-19,11460.0,-8558.0,0.0,100,368.5,454.0,0,0.0,0.0,,0.0,1,0.21,0.29,SPY221111C00420000,420.0,normalDay
2022-10-20,11460.0,-8855.0,0.0,100,365.41,454.0,0,0.0,0.0,,0.0,1,0.21,0.17,SPY221111C00420000,420.0,normalDay
2022-10-21,11460.0,-7992.0,0.0,100,374.29,454.0,0,0.0,0.0,,0.0,1,0.21,0.42,SPY221111C00420000,420.0,normalDay
2022-10-24,11460.0,-7547.0,0.0,100,378.87,454.0,0,0.0,0.0,,0.0,1,0.21,0.55,SPY221111C00420000,420.0,normalDay
2022-10-25,11460.0,-6948.0,0.0,100,384.92,454.0,0,0.0,0.0,,0.0,1,0.21,0.61,SPY221111C00420000,420.0,normalDay
2022-10-26,11460.0,-7218.0,0.0,100,382.02,454.0,0,0.0,0.0,,0.0,1,0.21,0.41,SPY221111C00420000,420.0,normalDay
2022-10-27,11460.0,-7399.0,0.0,100,379.98,454.0,0,0.0,0.0,,0.0,1,0.21,0.18,SPY221111C00420000,420.0,normalDay
2022-10-28,11460.0,-6530.0,0.0,100,389.02,454.0,0,0.0,0.0,,0.0,1,0.21,0.53,SPY221111C00420000,420.0,normalDay
2022-10-31,11460.0,-6785.0,0.0,100,386.21,454.0,0,0.0,0.0,,0.0,1,0.21,0.27,SPY221111C00420000,420.0,normalDay
2022-11-01,11460.0,-6946.0,0.0,100,384.52,454.0,0,0.0,0.0,,0.0,1,0.21,0.19,SPY221111C00420000,420.0,normalDay
2022-11-02,11460.0,-7897.0,0.0,100,374.87,454.0,0,0.0,0.0,,0.0,1,0.21,0.05,SPY221111C00420000,420.0,normalDay
2022-11-03,11460.0,-8281.0,0.0,100,371.01,454.0,0,0.0,0.0,,0.0,1,0.21,0.03,SPY221111C00420000,420.0,normalDay
2022-11-04,11460.0,-7746.0,0.0,100,376.35,454.0,0,0.0,0.0,,0.0,1,0.21,0.02,SPY221111C00420000,420.0,normalDay
2022-11-07,11460.0,-7386.0,0.0,100,379.95,454.0,0,0.0,0.0,,0.0,1,0.21,0.02,SPY221111C00420000,420.0,normalDay
2022-11-08,11460.0,-7180.0,0.0,100,382.0,454.0,0,0.0,0.0,,0.0,1,0.21,0.01,SPY221111C00420000,420.0,normalDay
2022-11-09,11460.0,-7967.0,0.0,100,374.13,454.0,0,0.0,0.0,,0.0,1,0.21,0.01,SPY221111C00420000,420.0,normalDay
2022-11-10,11460.0,-5911.0,0.0,100,394.69,454.0,0,0.0,0.0,,0.0,1,0.21,0.01,SPY221111C00420000,420.0,normalDay
2022-11-11,11481.0,-5549.0,21.0,100,398.51,454.0,0,0.0,0.0,,0.0,1,0.21,0.0,SPY221111C00420000,420.0,expirationDay
2022-11-14,11481.0,-5891.0,0.0,100,395.12,454.0,0,0.0,0.0,,0.0,1,2.15,2.18,SPY221216C00420000,420.0,normalDay
2022-11-15,11481.0,-5605.0,0.0,100,398.49,454.0,0,0.0,0.0,,0.0,1,2.15,2.69,SPY221216C00420000,420.0,normalDay
2022-11-16,11481.0,-5831.0,0.0,100,395.45,454.0,0,0.0,0.0,,0.0,1,2.15,1.91,SPY221216C00420000,420.0,normalDay
2022-11-17,11481.0,-5918.0,0.0,100,394.24,454.0,0,0.0,0.0,,0.0,1,2.15,1.57,SPY221216C00420000,420.0,normalDay
2022-11-18,11481.0,-5729.0,0.0,100,396.03,454.0,0,0.0,0.0,,0.0,1,2.15,1.47,SPY221216C00420000,420.0,normalDay
2022-11-21,11481.0,-5826.0,0.0,100,394.59,454.0,0,0.0,0.0,,0.0,1,2.15,1.0,SPY221216C00420000,420.0,normalDay
2022-11-22,11481.0,-5336.0,0.0,100,399.9,454.0,0,0.0,0.0,,0.0,1,2.15,1.41,SPY221216C00420000,420.0,normalDay
2022-11-23,11481.0,-5092.0,0.0,100,402.42,454.0,0,0.0,0.0,,0.0,1,2.15,1.49,SPY221216C00420000,420.0,normalDay
2022-11-25,11481.0,-5079.0,0.0,100,402.33,454.0,0,0.0,0.0,,0.0,1,2.15,1.27,SPY221216C00420000,420.0,normalDay
2022-11-28,11481.0,-5654.0,0.0,100,395.91,454.0,0,0.0,0.0,,0.0,1,2.15,0.6,SPY221216C00420000,420.0,normalDay
2022-11-29,11481.0,-5713.0,0.0,100,395.23,454.0,0,0.0,0.0,,0.0,1,2.15,0.51,SPY221216C00420000,420.0,normalDay
2022-11-30,11481.0,-4665.0,0.0,100,407.68,454.0,0,0.0,0.0,,0.0,1,2.15,2.48,SPY221216C00420000,420.0,normalDay
2022-12-01,11481.0,-4654.0,0.0,100,407.38,454.0,0,0.0,0.0,,0.0,1,2.15,2.07,SPY221216C00420000,420.0,normalDay
2022-12-02,11481.0,-4647.0,0.0,100,406.91,454.0,0,0.0,0.0,,0.0,1,2.15,1.53,SPY221216C00420000,420.0,normalDay
2022-12-05,11481.0,-5279.0,0.0,100,399.59,454.0,0,0.0,0.0,,0.0,1,2.15,0.53,SPY221216C00420000,420.0,normalDay
2022-12-06,11481.0,-5833.0,0.0,100,393.83,454.0,0,0.0,0.0,,0.0,1,2.15,0.31,SPY221216C00420000,420.0,normalDay
2022-12-07,11481.0,-5892.0,0.0,100,393.16,454.0,0,0.0,0.0,,0.0,1,2.15,0.23,SPY221216C00420000,420.0,normalDay
2022-12-08,11481.0,-5590.0,0.0,100,396.24,454.0,0,0.0,0.0,,0.0,1,2.15,0.29,SPY221216C00420000,420.0,normalDay
2022-12-09,11481.0,-5871.0,0.0,100,393.28,454.0,0,0.0,0.0,,0.0,1,2.15,0.14,SPY221216C00420000,420.0,normalDay
2022-12-12,11481.0,-5348.0,0.0,100,398.95,454.0,0,0.0,0.0,,0.0,1,2.15,0.58,SPY221216C00420000,420.0,normalDay
2022-12-13,11481.0,-5014.0,0.0,100,401.97,454.0,0,0.0,0.0,,0.0,1,2.15,0.26,SPY221216C00420000,420.0,normalDay
2022-12-14,11481.0,-5247.0,0.0,100,399.4,454.0,0,0.0,0.0,,0.0,1,2.15,0.02,SPY221216C00420000,420.0,normalDay
2022-12-15,11481.0,-6223.0,0.0,100,389.63,454.0,0,0.0,0.0,,0.0,1,2.15,0.01,SPY221216C00420000,420.0,normalDay
2022-12-16,11696.0,-7073.0,215.0,100,383.27,454.0,0,0.0,0.0,,0.0,1,2.15,0.0,SPY221216C00420000,420.0,expirationDay
2022-12-19,11696.0,-7401.0,0.0,100,380.02,454.0,0,0.0,0.0,,0.0,1,0.13,0.16,SPY230120C00428000,428.0,normalDay
2022-12-20,11696.0,-7348.0,0.0,100,380.54,454.0,0,0.0,0.0,,0.0,1,0.13,0.15,SPY230120C00428000,428.0,normalDay
2022-12-21,11696.0,-6783.0,0.0,100,386.23,454.0,0,0.0,0.0,,0.0,1,0.13,0.19,SPY230120C00428000,428.0,normalDay
2022-12-22,11696.0,-7328.0,0.0,100,380.72,454.0,0,0.0,0.0,,0.0,1,0.13,0.13,SPY230120C00428000,428.0,normalDay
2022-12-23,11696.0,-7106.0,0.0,100,382.91,454.0,0,0.0,0.0,,0.0,1,0.13,0.1,SPY230120C00428000,428.0,normalDay
2022-12-27,11696.0,-7256.0,0.0,100,381.4,454.0,0,0.0,0.0,,0.0,1,0.13,0.09,SPY230120C00428000,428.0,normalDay
2022-12-28,11696.0,-7727.0,0.0,100,376.66,454.0,0,0.0,0.0,,0.0,1,0.13,0.06,SPY230120C00428000,428.0,normalDay
2022-12-29,11696.0,-7051.0,0.0,100,383.44,454.0,0,0.0,0.0,,0.0,1,0.13,0.08,SPY230120C00428000,428.0,normalDay
2022-12-30,11696.0,-7150.0,0.0,100,382.43,454.0,0,0.0,0.0,,0.0,1,0.13,0.06,SPY230120C00428000,428.0,normalDay
2023-01-03,11696.0,-7309.0,0.0,100,380.82,454.0,0,0.0,0.0,,0.0,1,0.13,0.04,SPY230120C00428000,428.0,normalDay
2023-01-04,11696.0,-7015.0,0.0,100,383.76,454.0,0,0.0,0.0,,0.0,1,0.13,0.04,SPY230120C00428000,428.0,normalDay
2023-01-05,11696.0,-7452.0,0.0,100,379.38,454.0,0,0.0,0.0,,0.0,1,0.13,0.03,SPY230120C00428000,428.0,normalDay
2023-01-06,11696.0,-6583.0,0.0,100,388.08,454.0,0,0.0,0.0,,0.0,1,0.13,0.04,SPY230120C00428000,428.0,normalDay
2023-01-09,11696.0,-6605.0,0.0,100,387.86,454.0,0,0.0,0.0,,0.0,1,0.13,0.04,SPY230120C00428000,428.0,normalDay
2023-01-10,11696.0,-6332.0,0.0,100,390.58,454.0,0,0.0,0.0,,0.0,1,0.13,0.03,SPY230120C00428000,428.0,normalDay
2023-01-11,11696.0,-5840.0,0.0,100,395.52,454.0,0,0.0,0.0,,0.0,1,0.13,0.05,SPY230120C00428000,428.0,normalDay
2023-01-12,11696.0,-5693.0,0.0,100,396.96,454.0,0,0.0,0.0,,0.0,1,0.13,0.02,SPY230120C00428000,428.0,normalDay
2023-01-13,11696.0,-5539.0,0.0,100,398.5,454.0,0,0.0,0.0,,0.0,1,0.13,0.02,SPY230120C00428000,428.0,normalDay
2023-01-17,11696.0,-5611.0,0.0,100,397.77,454.0,0,0.0,0.0,,0.0,1,0.13,0.01,SPY230120C00428000,428.0,normalDay
2023-01-18,11696.0,-6239.0,0.0,100,391.49,454.0,0,0.0,0.0,,0.0,1,0.13,0.01,SPY230120C00428000,428.0,normalDay
2023-01-19,11696.0,-6524.0,0.0,100,388.64,454.0,0,0.0,0.0,,0.0,1,0.13,0.01,SPY230120C00428000,428.0,normalDay
2023-01-20,11709.0,-5812.0,13.0,100,395.88,454.0,0,0.0,0.0,,0.0,1,0.13,0.0,SPY230120C00428000,428.0,expirationDay
2023-01-23,11709.0,-5340.0,0.0,100,400.63,454.0,0,0.0,0.0,,0.0,1,1.67,1.7,SPY230224C00420000,420.0,normalDay
2023-01-24,11709.0,-5380.0,0.0,100,400.2,454.0,0,0.0,0.0,,0.0,1,1.67,1.67,SPY230224C00420000,420.0,normalDay
2023-01-25,11709.0,-5336.0,0.0,100,400.35,454.0,0,0.0,0.0,,0.0,1,1.67,1.38,SPY230224C00420000,420.0,normalDay
2023-01-26,11709.0,-4968.0,0.0,100,404.75,454.0,0,0.0,0.0,,0.0,1,1.67,2.1,SPY230224C00420000,420.0,normalDay
2023-01-27,11709.0,-4884.0,0.0,100,405.68,454.0,0,0.0,0.0,,0.0,1,1.67,2.19,SPY230224C00420000,420.0,normalDay
2023-01-30,11709.0,-5312.0,0.0,100,400.59,454.0,0,0.0,0.0,,0.0,1,1.67,1.38,SPY230224C00420000,420.0,normalDay
2023-01-31,11709.0,-4805.0,0.0,100,406.48,454.0,0,0.0,0.0,,0.0,1,1.67,2.2,SPY230224C00420000,420.0,normalDay
2023-02-01,11709.0,-4488.0,0.0,100,410.8,454.0,0,0.0,0.0,,0.0,1,1.67,3.35,SPY230224C00420000,420.0,normalDay
2023-02-02,11709.0,-4053.0,0.0,100,416.78,454.0,0,0.0,0.0,,0.0,1,1.67,4.98,SPY230224C00420000,420.0,normalDay
2023-02-03,11709.0,-4345.0,0.0,100,412.35,454.0,0,0.0,0.0,,0.0,1,1.67,3.47,SPY230224C00420000,420.0,normalDay
2023-02-06,11709.0,-4506.0,0.0,100,409.83,454.0,0,0.0,0.0,,0.0,1,1.67,2.56,SPY230224C00420000,420.0,normalDay
2023-02-07,11709.0,-4095.0,0.0,100,415.19,454.0,0,0.0,0.0,,0.0,1,1.67,3.81,SPY230224C00420000,420.0,normalDay
2023-02-08,11709.0,-4427.0,0.0,100,410.65,454.0,0,0.0,0.0,,0.0,1,1.67,2.59,SPY230224C00420000,420.0,normalDay
2023-02-09,11709.0,-4701.0,0.0,100,407.09,454.0,0,0.0,0.0,,0.0,1,1.67,1.77,SPY230224C00420000,420.0,normalDay
2023-02-10,11709.0,-4588.0,0.0,100,408.04,454.0,0,0.0,0.0,,0.0,1,1.67,1.59,SPY230224C00420000,420.0,normalDay
2023-02-13,11709.0,-4222.0,0.0,100,412.83,454.0,0,0.0,0.0,,0.0,1,1.67,2.72,SPY230224C00420000,420.0,normalDay
2023-02-14,11709.0,-4116.0,0.0,100,412.64,454.0,0,0.0,0.0,,0.0,1,1.67,1.47,SPY230224C00420000,420.0,normalDay
2023-02-15,11709.0,-3989.0,0.0,100,413.98,454.0,0,0.0,0.0,,0.0,1,1.67,1.54,SPY230224C00420000,420.0,normalDay
2023-02-16,11709.0,-4451.0,0.0,100,408.28,454.0,0,0.0,0.0,,0.0,1,1.67,0.46,SPY230224C00420000,420.0,normalDay
2023-02-17,11709.0,-4523.0,0.0,100,407.26,454.0,0,0.0,0.0,,0.0,1,1.67,0.16,SPY230224C00420000,420.0,normalDay
2023-02-21,11709.0,-5327.0,0.0,100,399.09,454.0,0,0.0,0.0,,0.0,1,1.67,0.03,SPY230224C00420000,420.0,normalDay
2023-02-22,11709.0,-5380.0,0.0,100,398.54,454.0,0,0.0,0.0,,0.0,1,1.67,0.01,SPY230224C00420000,420.0,normalDay
2023-02-23,11709.0,-5168.0,0.0,100,400.66,454.0,0,0.0,0.0,,0.0,1,1.67,0.01,SPY230224C00420000,420.0,normalDay
2023-02-24,11876.0,-5762.0,167.0,100,396.38,454.0,0,0.0,0.0,,0.0,1,1.67,0.0,SPY230224C00420000,420.0,expirationDay
2023-02-27,11876.0,-5630.0,0.0,100,397.73,454.0,0,0.0,0.0,,0.0,1,0.16,0.19,SPY230331C00434000,434.0,normalDay
2023-02-28,11876.0,-5771.0,0.0,100,396.26,454.0,0,0.0,0.0,,0.0,1,0.16,0.13,SPY230331C00434000,434.0,normalDay
2023-03-01,11876.0,-5920.0,0.0,100,394.74,454.0,0,0.0,0.0,,0.0,1,0.16,0.1,SPY230331C00434000,434.0,normalDay
2023-03-02,11876.0,-5615.0,0.0,100,397.81,454.0,0,0.0,0.0,,0.0,1,0.16,0.12,SPY230331C00434000,434.0,normalDay
2023-03-03,11876.0,-4992.0,0.0,100,404.19,454.0,0,0.0,0.0,,0.0,1,0.16,0.27,SPY230331C00434000,434.0,normalDay
2023-03-06,11876.0,-4962.0,0.0,100,404.47,454.0,0,0.0,0.0,,0.0,1,0.16,0.25,SPY230331C00434000,434.0,normalDay
2023-03-07,11876.0,-5568.0,0.0,100,398.27,454.0,0,0.0,0.0,,0.0,1,0.16,0.11,SPY230331C00434000,434.0,normalDay
2023-03-08,11876.0,-5502.0,0.0,100,398.92,454.0,0,0.0,0.0,,0.0,1,0.16,0.1,SPY230331C00434000,434.0,normalDay
2023-03-09,11876.0,-6234.0,0.0,100,391.56,454.0,0,0.0,0.0,,0.0,1,0.16,0.06,SPY230331C00434000,434.0,normalDay
2023-03-10,11876.0,-6796.0,0.0,100,385.91,454.0,0,0.0,0.0,,0.0,1,0.16,0.03,SPY230331C00434000,434.0,normalDay
2023-03-13,11876.0,-6852.0,0.0,100,385.36,454.0,0,0.0,0.0,,0.0,1,0.16,0.04,SPY230331C00434000,434.0,normalDay
2023-03-14,11876.0,-6214.0,0.0,100,391.73,454.0,0,0.0,0.0,,0.0,1,0.16,0.03,SPY230331C00434000,434.0,normalDay
2023-03-15,11876.0,-6459.0,0.0,100,389.28,454.0,0,0.0,0.0,,0.0,1,0.16,0.03,SPY230331C00434000,434.0,normalDay
2023-03-16,11876.0,-5778.0,0.0,100,396.11,454.0,0,0.0,0.0,,0.0,1,0.16,0.05,SPY230331C00434000,434.0,normalDay
2023-03-17,11876.0,-6388.0,0.0,100,389.99,454.0,0,0.0,0.0,,0.0,1,0.16,0.03,SPY230331C00434000,434.0,normalDay
2023-03-20,11876.0,-6012.0,0.0,100,393.74,454.0,0,0.0,0.0,,0.0,1,0.16,0.02,SPY230331C00434000,434.0,normalDay
2023-03-21,11876.0,-5496.0,0.0,100,398.91,454.0,0,0.0,0.0,,0.0,1,0.16,0.03,SPY230331C00434000,434.0,normalDay
2023-03-22,11876.0,-6174.0,0.0,100,392.11,454.0,0,0.0,0.0,,0.0,1,0.16,0.01,SPY230331C00434000,434.0,normalDay
2023-03-23,11876.0,-6069.0,0.0,100,393.17,454.0,0,0.0,0.0,,0.0,1,0.16,0.02,SPY230331C00434000,434.0,normalDay
2023-03-24,11876.0,-5810.0,0.0,100,395.75,454.0,0,0.0,0.0,,0.0,1,0.16,0.01,SPY230331C00434000,434.0,normalDay
2023-03-27,11876.0,-5736.0,0.0,100,396.49,454.0,0,0.0,0.0,,0.0,1,0.16,0.01,SPY230331C00434000,434.0,normalDay
2023-03-28,11876.0,-5825.0,0.0,100,395.6,454.0,0,0.0,0.0,,0.0,1,0.16,0.01,SPY230331C00434000,434.0,normalDay
2023-03-29,11876.0,-5250.0,0.0,100,401.35,454.0,0,0.0,0.0,,0.0,1,0.16,0.01,SPY230331C00434000,434.0,normalDay
2023-03-30,11876.0,-5015.0,0.0,100,403.7,454.0,0,0.0,0.0,,0.0,1,0.16,0.01,SPY230331C00434000,434.0,normalDay
2023-03-31,11892.0,-4461.0,16.0,100,409.39,454.0,0,0.0,0.0,,0.0,1,0.16,0.0,SPY230331C00434000,434.0,expirationDay
2023-04-03,11892.0,-4309.0,0.0,100,410.95,454.0,0,0.0,0.0,,0.0,1,2.76,2.8,SPY230505C00425000,425.0,normalDay
2023-04-04,11892.0,-4468.0,0.0,100,408.67,454.0,0,0.0,0.0,,0.0,1,2.76,2.11,SPY230505C00425000,425.0,normalDay
2023-04-05,11892.0,-4534.0,0.0,100,407.6,454.0,0,0.0,0.0,,0.0,1,2.76,1.7,SPY230505C00425000,425.0,normalDay
2023-04-06,11892.0,-4383.0,0.0,100,409.19,454.0,0,0.0,0.0,,0.0,1,2.76,1.78,SPY230505C00425000,425.0,normalDay
2023-04-10,11892.0,-4332.0,0.0,100,409.61,454.0,0,0.0,0.0,,0.0,1,2.76,1.69,SPY230505C00425000,425.0,normalDay
2023-04-11,11892.0,-4315.0,0.0,100,409.72,454.0,0,0.0,0.0,,0.0,1,2.76,1.63,SPY230505C00425000,425.0,normalDay
2023-04-12,11892.0,-4419.0,0.0,100,408.05,454.0,0,0.0,0.0,,0.0,1,2.76,1.0,SPY230505C00425000,425.0,normalDay
2023-04-13,11892.0,-3966.0,0.0,100,413.47,454.0,0,0.0,0.0,,0.0,1,2.76,1.89,SPY230505C00425000,425.0,normalDay
2023-04-14,11892.0,-4017.0,0.0,100,412.46,454.0,0,0.0,0.0,,0.0,1,2.76,1.39,SPY230505C00425000,425.0,normalDay
2023-04-17,11892.0,-3879.0,0.0,100,413.94,454.0,0,0.0,0.0,,0.0,1,2.76,1.49,SPY230505C00425000,425.0,normalDay
2023-04-18,11892.0,-3835.0,0.0,100,414.21,454.0,0,0.0,0.0,,0.0,1,2.76,1.32,SPY230505C00425000,425.0,normalDay
2023-04-19,11892.0,-3823.0,0.0,100,414.14,454.0,0,0.0,0.0,,0.0,1,2.76,1.13,SPY230505C00425000,425.0,normalDay
2023-04-20,11892.0,-4006.0,0.0,100,411.88,454.0,0,0.0,0.0,,0.0,1,2.76,0.7,SPY230505C00425000,425.0,normalDay
2023-04-21,11892.0,-3958.0,0.0,100,412.2,454.0,0,0.0,0.0,,0.0,1,2.76,0.54,SPY230505C00425000,425.0,normalDay
2023-04-24,11892.0,-3907.0,0.0,100,412.63,454.0,0,0.0,0.0,,0.0,1,2.76,0.46,SPY230505C00425000,425.0,normalDay
2023-04-25,11892.0,-4532.0,0.0,100,406.08,454.0,0,0.0,0.0,,0.0,1,2.76,0.16,SPY230505C00425000,425.0,normalDay
2023-04-26,11892.0,-4694.0,0.0,100,404.36,454.0,0,0.0,0.0,,0.0,1,2.76,0.06,SPY230505C00425000,425.0,normalDay
2023-04-27,11892.0,-3916.0,0.0,100,412.41,454.0,0,0.0,0.0,,0.0,1,2.76,0.33,SPY230505C00425000,425.0,normalDay
2023-04-28,11892.0,-3575.0,0.0,100,415.93,454.0,0,0.0,0.0,,0.0,1,2.76,0.44,SPY230505C00425000,425.0,normalDay
2023-05-01,11892.0,-3595.0,0.0,100,415.51,454.0,0,0.0,0.0,,0.0,1,2.76,0.22,SPY230505C00425000,425.0,normalDay
2023-05-02,11892.0,-4046.0,0.0,100,410.84,454.0,0,0.0,0.0,,0.0,1,2.76,0.06,SPY230505C00425000,425.0,normalDay
2023-05-03,11892.0,-4324.0,0.0,100,408.02,454.0,0,0.0,0.0,,0.0,1,2.76,0.02,SPY230505C00425000,425.0,normalDay
2023-05-04,11892.0,-4612.0,0.0,100,405.13,454.0,0,0.0,0.0,,0.0,1,2.76,0.01,SPY230505C00425000,425.0,normalDay
2023-05-05,12168.0,-4137.0,276.0,100,412.63,454.0,0,0.0,0.0,,0.0,1,2.76,0.0,SPY230505C00425000,425.0,expirationDay
2023-05-08,12168.0,-4130.0,0.0,100,412.74,454.0,0,0.0,0.0,,0.0,1,1.7,1.74,SPY230609C00426000,426.0,normalDay
2023-05-09,12168.0,-4283.0,0.0,100,410.93,454.0,0,0.0,0.0,,0.0,1,1.7,1.46,SPY230609C00426000,426.0,normalDay
2023-05-10,12168.0,-4104.0,0.0,100,412.85,454.0,0,0.0,0.0,,0.0,1,1.7,1.59,SPY230609C00426000,426.0,normalDay
2023-05-11,12168.0,-4135.0,0.0,100,412.13,454.0,0,0.0,0.0,,0.0,1,1.7,1.18,SPY230609C00426000,426.0,normalDay
2023-05-12,12168.0,-4159.0,0.0,100,411.59,454.0,0,0.0,0.0,,0.0,1,1.7,0.88,SPY230609C00426000,426.0,normalDay
2023-05-15,12168.0,-4024.0,0.0,100,413.01,454.0,0,0.0,0.0,,0.0,1,1.7,0.95,SPY230609C00426000,426.0,normalDay
2023-05-16,12168.0,-4267.0,0.0,100,410.25,454.0,0,0.0,0.0,,0.0,1,1.7,0.62,SPY230609C00426000,426.0,normalDay
2023-05-17,12168.0,-3841.0,0.0,100,415.23,454.0,0,0.0,0.0,,0.0,1,1.7,1.34,SPY230609C00426000,426.0,normalDay
2023-05-18,12168.0,-3544.0,0.0,100,419.23,454.0,0,0.0,0.0,,0.0,1,1.7,2.37,SPY230609C00426000,426.0,normalDay
2023-05-19,12168.0,-3588.0,0.0,100,418.62,454.0,0,0.0,0.0,,0.0,1,1.7,2.2,SPY230609C00426000,426.0,normalDay
2023-05-22,12168.0,-3565.0,0.0,100,418.79,454.0,0,0.0,0.0,,0.0,1,1.7,2.14,SPY230609C00426000,426.0,normalDay
2023-05-23,12168.0,-3921.0,0.0,100,414.09,454.0,0,0.0,0.0,,0.0,1,1.7,1.0,SPY230609C00426000,426.0,normalDay
2023-05-24,12168.0,-4186.0,0.0,100,411.09,454.0,0,0.0,0.0,,0.0,1,1.7,0.65,SPY230609C00426000,426.0,normalDay
2023-05-25,12168.0,-3861.0,0.0,100,414.65,454.0,0,0.0,0.0,,0.0,1,1.7,0.96,SPY230609C00426000,426.0,normalDay
2023-05-26,12168.0,-3437.0,0.0,100,420.02,454.0,0,0.0,0.0,,0.0,1,1.7,2.09,SPY230609C00426000,426.0,normalDay
2023-05-30,12168.0,-3374.0,0.0,100,420.18,454.0,0,0.0,0.0,,0.0,1,1.7,1.62,SPY230609C00426000,426.0,normalDay
2023-05-31,12168.0,-3513.0,0.0,100,417.85,454.0,0,0.0,0.0,,0.0,1,1.7,0.68,SPY230609C00426000,426.0,normalDay
2023-06-01,12168.0,-3174.0,0.0,100,421.82,454.0,0,0.0,0.0,,0.0,1,1.7,1.26,SPY230609C00426000,426.0,normalDay
2023-06-02,12168.0,-2826.0,0.0,100,427.92,454.0,0,0.0,0.0,,0.0,1,1.7,3.88,SPY230609C00426000,426.0,normalDay
2023-06-05,12168.0,-2816.0,0.0,100,427.1,454.0,0,0.0,0.0,,0.0,1,1.7,2.96,SPY230609C00426000,426.0,normalDay
2023-06-06,12168.0,-2771.0,0.0,100,428.03,454.0,0,0.0,0.0,,0.0,1,1.7,3.44,SPY230609C00426000,426.0,normalDay
2023-06-07,12168.0,-2767.0,0.0,100,426.55,454.0,0,0.0,0.0,,0.0,1,1.7,1.92,SPY230609C00426000,426.0,normalDay
2023-06-08,12168.0,-2647.0,0.0,100,429.13,454.0,0,0.0,0.0,,0.0,1,1.7,3.3,SPY230609C00426000,426.0,normalDay
2023-06-09,9538.0,-2647.0,-2630.0,0,429.9,0.0,0,0.0,0.0,,0.0,1,1.7,0.0,SPY230609C00426000,426.0,expirationDay
2023-06-12,9538.0,-3.0,0.0,0,433.8,0.0,1,2.95,2.98,SPY230818P00406000,406.0,0,0.0,0.0,,0.0,normalDay
2023-06-13,9538.0,35.0,0.0,0,436.66,0.0,1,2.95,2.6,SPY230818P00406000,406.0,0,0.0,0.0,,0.0,normalDay
2023-06-14,9538.0,64.0,0.0,0,437.18,0.0,1,2.95,2.31,SPY230818P00406000,406.0,0,0.0,0.0,,0.0,normalDay
2023-06-15,9538.0,84.0,0.0,0,442.6,0.0,1,2.95,2.11,SPY230818P00406000,406.0,0,0.0,0.0,,0.0,normalDay
2023-06-16,9538.0,99.0,0.0,0,439.46,0.0,1,2.95,1.96,SPY230818P00406000,406.0,0,0.0,0.0,,0.0,normalDay
2023-06-20,9538.0,78.0,0.0,0,437.18,0.0,1,2.95,2.17,SPY230818P00406000,406.0,0,0.0,0.0,,0.0,normalDay
2023-06-21,9538.0,81.0,0.0,0,434.94,0.0,1,2.95,2.14,SPY230818P00406000,406.0,0,0.0,0.0,,0.0,normalDay
2023-06-22,9538.0,107.0,0.0,0,436.51,0.0,1,2.95,1.88,SPY230818P00406000,406.0,0,0.0,0.0,,0.0,normalDay
2023-06-23,9538.0,75.0,0.0,0,433.21,0.0,1,2.95,2.2,SPY230818P00406000,406.0,0,0.0,0.0,,0.0,normalDay
2023-06-26,9538.0,67.0,0.0,0,431.44,0.0,1,2.95,2.28,SPY230818P00406000,406.0,0,0.0,0.0,,0.0,normalDay
2023-06-27,9538.0,124.0,0.0,0,436.17,0.0,1,2.95,1.71,SPY230818P00406000,406.0,0,0.0,0.0,,0.0,normalDay
2023-06-28,9538.0,147.0,0.0,0,436.39,0.0,1,2.95,1.48,SPY230818P00406000,406.0,0,0.0,0.0,,0.0,normalDay
2023-06-29,9538.0,153.0,0.0,0,438.11,0.0,1,2.95,1.42,SPY230818P00406000,406.0,0,0.0,0.0,,0.0,normalDay
2023-06-30,9538.0,186.0,0.0,0,443.28,0.0,1,2.95,1.09,SPY230818P00406000,406.0,0,0.0,0.0,,0.0,normalDay
2023-07-03,9538.0,193.0,0.0,0,443.79,0.0,1,2.95,1.02,SPY230818P00406000,406.0,0,0.0,0.0,,0.0,normalDay
2023-07-05,9538.0,189.0,0.0,0,443.13,0.0,1,2.95,1.06,SPY230818P00406000,406.0,0,0.0,0.0,,0.0,normalDay
2023-07-06,9538.0,154.0,0.0,0,439.66,0.0,1,2.95,1.41,SPY230818P00406000,406.0,0,0.0,0.0,,0.0,normalDay
2023-07-07,9538.0,167.0,0.0,0,438.55,0.0,1,2.95,1.28,SPY230818P00406000,406.0,0,0.0,0.0,,0.0,normalDay
2023-07-10,9538.0,179.0,0.0,0,439.66,0.0,1,2.95,1.16,SPY230818P00406000,406.0,0,0.0,0.0,,0.0,normalDay
2023-07-11,9538.0,198.0,0.0,0,442.46,0.0,1,2.95,0.97,SPY230818P00406000,406.0,0,0.0,0.0,,0.0,normalDay
2023-07-12,9538.0,231.0,0.0,0,446.02,0.0,1,2.95,0.64,SPY230818P00406000,406.0,0,0.0,0.0,,0.0,normalDay
2023-07-13,9538.0,238.0,0.0,0,449.56,0.0,1,2.95,0.57,SPY230818P00406000,406.0,0,0.0,0.0,,0.0,normalDay
2023-07-14,9538.0,243.0,0.0,0,449.28,0.0,1,2.95,0.52,SPY230818P00406000,406.0,0,0.0,0.0,,0.0,normalDay
2023-07-17,9538.0,252.0,0.0,0,450.84,0.0,1,2.95,0.43,SPY230818P00406000,406.0,0,0.0,0.0,,0.0,normalDay
2023-07-18,9538.0,260.0,0.0,0,454.19,0.0,1,2.95,0.35,SPY230818P00406000,406.0,0,0.0,0.0,,0.0,normalDay
2023-07-19,9538.0,257.0,0.0,0,455.2,0.0,1,2.95,0.38,SPY230818P00406000,406.0,0,0.0,0.0,,0.0,normalDay
2023-07-20,9538.0,253.0,0.0,0,452.18,0.0,1,2.95,0.42,SPY230818P00406000,406.0,0,0.0,0.0,,0.0,normalDay
2023-07-21,9538.0,258.0,0.0,0,452.18,0.0,1,2.95,0.37,SPY230818P00406000,406.0,0,0.0,0.0,,0.0,normalDay
2023-07-24,9538.0,265.0,0.0,0,454.2,0.0,1,2.95,0.3,SPY230818P00406000,406.0,0,0.0,0.0,,0.0,normalDay
2023-07-25,9538.0,268.0,0.0,0,455.44,0.0,1,2.95,0.27,SPY230818P00406000,406.0,0,0.0,0.0,,0.0,normalDay
2023-07-26,9538.0,274.0,0.0,0,455.51,0.0,1,2.95,0.21,SPY230818P00406000,406.0,0,0.0,0.0,,0.0,normalDay
2023-07-27,9538.0,264.0,0.0,0,452.49,0.0,1,2.95,0.31,SPY230818P00406000,406.0,0,0.0,0.0,,0.0,normalDay
2023-07-28,9538.0,277.0,0.0,0,456.92,0.0,1,2.95,0.18,SPY230818P00406000,406.0,0,0.0,0.0,,0.0,normalDay
2023-07-31,9538.0,280.0,0.0,0,457.79,0.0,1,2.95,0.15,SPY230818P00406000,406.0,0,0.0,0.0,,0.0,normalDay
2023-08-01,9538.0,280.0,0.0,0,456.48,0.0,1,2.95,0.15,SPY230818P00406000,406.0,0,0.0,0.0,,0.0,normalDay
2023-08-02,9538.0,268.0,0.0,0,450.13,0.0,1,2.95,0.27,SPY230818P00406000,406.0,0,0.0,0.0,,0.0,normalDay
2023-08-03,9538.0,270.0,0.0,0,448.84,0.0,1,2.95,0.25,SPY230818P00406000,406.0,0,0.0,0.0,,0.0,normalDay
2023-08-04,9538.0,262.0,0.0,0,446.81,0.0,1,2.95,0.33,SPY230818P00406000,406.0,0,0.0,0.0,,0.0,normalDay
2023-08-07,9538.0,279.0,0.0,0,450.71,0.0,1,2.95,0.16,SPY230818P00406000,406.0,0,0.0,0.0,,0.0,normalDay
2023-08-08,9538.0,281.0,0.0,0,448.75,0.0,1,2.95,0.14,SPY230818P00406000,406.0,0,0.0,0.0,,0.0,normalDay
2023-08-09,9538.0,282.0,0.0,0,445.75,0.0,1,2.95,0.13,SPY230818P00406000,406.0,0,0.0,0.0,,0.0,normalDay
2023-08-10,9538.0,283.0,0.0,0,445.91,0.0,1,2.95,0.12,SPY230818P00406000,406.0,0,0.0,0.0,,0.0,normalDay
2023-08-11,9538.0,289.0,0.0,0,445.65,0.0,1,2.95,0.06,SPY230818P00406000,406.0,0,0.0,0.0,,0.0,normalDay
2023-08-14,9538.0,291.0,0.0,0,448.11,0.0,1,2.95,0.04,SPY230818P00406000,406.0,0,0.0,0.0,,0.0,normalDay
2023-08-15,9538.0,290.0,0.0,0,442.89,0.0,1,2.95,0.05,SPY230818P00406000,406.0,0,0.0,0.0,,0.0,normalDay
2023-08-16,9538.0,292.0,0.0,0,439.64,0.0,1,2.95,0.03,SPY230818P00406000,406.0,0,0.0,0.0,,0.0,normalDay
2023-08-17,9538.0,292.0,0.0,0,436.29,0.0,1,2.95,0.03,SPY230818P00406000,406.0,0,0.0,0.0,,0.0,normalDay
2023-08-18,9833.0,0.0,295.0,0,436.5,0.0,1,2.95,0.0,SPY230818P00406000,406.0,0,0.0,0.0,,0.0,expirationDay
2023-08-21,9833.0,-4.0,0.0,0,439.34,0.0,1,7.69,7.73,SPY231020P00433000,433.0,0,0.0,0.0,,0.0,normalDay
2023-08-22,9833.0,-14.0,0.0,0,438.15,0.0,1,7.69,7.83,SPY231020P00433000,433.0,0,0.0,0.0,,0.0,normalDay
2023-08-23,9833.0,167.0,0.0,0,443.03,0.0,1,7.69,6.02,SPY231020P00433000,433.0,0,0.0,0.0,,0.0,normalDay
2023-08-24,9833.0,-56.0,0.0,0,436.89,0.0,1,7.69,8.25,SPY231020P00433000,433.0,0,0.0,0.0,,0.0,normalDay
2023-08-25,9833.0,104.0,0.0,0,439.97,0.0,1,7.69,6.65,SPY231020P00433000,433.0,0,0.0,0.0,,0.0,normalDay
2023-08-28,9833.0,233.0,0.0,0,442.76,0.0,1,7.69,5.36,SPY231020P00433000,433.0,0,0.0,0.0,,0.0,normalDay
2023-08-29,9833.0,400.0,0.0,0,449.16,0.0,1,7.69,3.69,SPY231020P00433000,433.0,0,0.0,0.0,,0.0,normalDay
2023-08-30,9833.0,462.0,0.0,0,451.01,0.0,1,7.69,3.07,SPY231020P00433000,433.0,0,0.0,0.0,,0.0,normalDay
2023-08-31,9833.0,475.0,0.0,0,450.35,0.0,1,7.69,2.94,SPY231020P00433000,433.0,0,0.0,0.0,,0.0,normalDay
2023-09-01,9833.0,495.0,0.0,0,451.19,0.0,1,7.69,2.74,SPY231020P00433000,433.0,0,0.0,0.0,,0.0,normalDay
2023-09-05,9833.0,468.0,0.0,0,449.24,0.0,1,7.69,3.01,SPY231020P00433000,433.0,0,0.0,0.0,,0.0,normalDay
2023-09-06,9833.0,399.0,0.0,0,446.22,0.0,1,7.69,3.7,SPY231020P00433000,433.0,0,0.0,0.0,,0.0,normalDay
2023-09-07,9833.0,380.0,0.0,0,444.85,0.0,1,7.69,3.89,SPY231020P00433000,433.0,0,0.0,0.0,,0.0,normalDay
2023-09-08,9833.0,435.0,0.0,0,445.52,0.0,1,7.69,3.34,SPY231020P00433000,433.0,0,0.0,0.0,,0.0,normalDay
2023-09-11,9833.0,509.0,0.0,0,448.45,0.0,1,7.69,2.6,SPY231020P00433000,433.0,0,0.0,0.0,,0.0,normalDay
2023-09-12,9833.0,465.0,0.0,0,445.99,0.0,1,7.69,3.04,SPY231020P00433000,433.0,0,0.0,0.0,,0.0,normalDay
2023-09-13,9833.0,511.0,0.0,0,446.51,0.0,1,7.69,2.58,SPY231020P00433000,433.0,0,0.0,0.0,,0.0,normalDay
2023-09-14,9833.0,595.0,0.0,0,450.36,0.0,1,7.69,1.74,SPY231020P00433000,433.0,0,0.0,0.0,,0.0,normalDay
2023-09-15,9833.0,485.0,0.0,0,443.37,0.0,1,7.69,2.84,SPY231020P00433000,433.0,0,0.0,0.0,,0.0,normalDay
2023-09-18,9833.0,500.0,0.0,0,443.63,0.0,1,7.69,2.69,SPY231020P00433000,433.0,0,0.0,0.0,,0.0,normalDay
2023-09-19,9833.0,487.0,0.0,0,442.71,0.0,1,7.69,2.82,SPY231020P00433000,433.0,0,0.0,0.0,,0.0,normalDay
2023-09-20,9833.0,358.0,0.0,0,438.64,0.0,1,7.69,4.11,SPY231020P00433000,433.0,0,0.0,0.0,,0.0,normalDay
2023-09-21,9833.0,33.0,0.0,0,431.39,0.0,1,7.69,7.36,SPY231020P00433000,433.0,0,0.0,0.0,,0.0,normalDay
2023-09-22,9833.0,12.0,0.0,0,430.42,0.0,1,7.69,7.57,SPY231020P00433000,433.0,0,0.0,0.0,,0.0,normalDay
2023-09-25,9833.0,126.0,0.0,0,432.23,0.0,1,7.69,6.43,SPY231020P00433000,433.0,0,0.0,0.0,,0.0,normalDay
2023-09-26,9833.0,-231.0,0.0,0,425.88,0.0,1,7.69,10.0,SPY231020P00433000,433.0,0,0.0,0.0,,0.0,normalDay
2023-09-27,9833.0,-193.0,0.0,0,426.05,0.0,1,7.69,9.62,SPY231020P00433000,433.0,0,0.0,0.0,,0.0,normalDay
2023-09-28,9833.0,-51.0,0.0,0,428.52,0.0,1,7.69,8.2,SPY231020P00433000,433.0,0,0.0,0.0,,0.0,normalDay
2023-09-29,9833.0,-77.0,0.0,0,427.48,0.0,1,7.69,8.46,SPY231020P00433000,433.0,0,0.0,0.0,,0.0,normalDay
2023-10-02,9833.0,-58.0,0.0,0,427.31,0.0,1,7.69,8.27,SPY231020P00433000,433.0,0,0.0,0.0,,0.0,normalDay
2023-10-03,9833.0,-465.0,0.0,0,421.59,0.0,1,7.69,12.34,SPY231020P00433000,433.0,0,0.0,0.0,,0.0,normalDay
2023-10-04,9833.0,-246.0,0.0,0,424.66,0.0,1,7.69,10.15,SPY231020P00433000,433.0,0,0.0,0.0,,0.0,normalDay
2023-10-05,9833.0,-266.0,0.0,0,424.5,0.0,1,7.69,10.35,SPY231020P00433000,433.0,0,0.0,0.0,,0.0,normalDay
2023-10-06,9833.0,144.0,0.0,0,429.54,0.0,1,7.69,6.25,SPY231020P00433000,433.0,0,0.0,0.0,,0.0,normalDay
2023-10-09,9833.0,304.0,0.0,0,432.29,0.0,1,7.69,4.65,SPY231020P00433000,433.0,0,0.0,0.0,,0.0,normalDay
2023-10-10,9833.0,427.0,0.0,0,434.54,0.0,1,7.69,3.42,SPY231020P00433000,433.0,0,0.0,0.0,,0.0,normalDay
2023-10-11,9833.0,554.0,0.0,0,436.32,0.0,1,7.69,2.15,SPY231020P00433000,433.0,0,0.0,0.0,,0.0,normalDay
2023-10-12,9833.0,461.0,0.0,0,433.66,0.0,1,7.69,3.08,SPY231020P00433000,433.0,0,0.0,0.0,,0.0,normalDay
2023-10-13,9833.0,309.0,0.0,0,431.5,0.0,1,7.69,4.6,SPY231020P00433000,433.0,0,0.0,0.0,,0.0,normalDay
2023-10-16,9833.0,604.0,0.0,0,436.04,0.0,1,7.69,1.65,SPY231020P00433000,433.0,0,0.0,0.0,,0.0,normalDay
2023-10-17,9833.0,604.0,0.0,0,436.02,0.0,1,7.69,1.65,SPY231020P00433000,433.0,0,0.0,0.0,,0.0,normalDay
2023-10-18,9833.0,405.0,0.0,0,430.21,0.0,1,7.69,3.64,SPY231020P00433000,433.0,0,0.0,0.0,,0.0,normalDay
2023-10-19,9833.0,29.0,0.0,0,426.43,0.0,1,7.69,7.4,SPY231020P00433000,433.0,0,0.0,0.0,,0.0,normalDay
2023-10-20,10602.0,-1181.0,769.0,100,421.19,433.0,1,7.69,0.0,SPY231020P00433000,433.0,0,0.0,0.0,,0.0,expirationDay
2023-10-23,10602.0,-1258.0,0.0,100,420.46,433.0,0,0.0,0.0,,0.0,1,0.43,0.47,SPY231124C00450000,450.0,normalDay
2023-10-24,10602.0,-948.0,0.0,100,423.63,433.0,0,0.0,0.0,,0.0,1,0.43,0.54,SPY231124C00450000,450.0,normalDay
2023-10-25,10602.0,-1527.0,0.0,100,417.55,433.0,0,0.0,0.0,,0.0,1,0.43,0.25,SPY231124C00450000,450.0,normalDay
2023-10-26,10602.0,-2017.0,0.0,100,412.55,433.0,0,0.0,0.0,,0.0,1,0.43,0.15,SPY231124C00450000,450.0,normalDay
2023-10-27,10602.0,-2199.0,0.0,100,410.68,433.0,0,0.0,0.0,,0.0,1,0.43,0.1,SPY231124C00450000,450.0,normalDay
2023-10-30,10602.0,-1710.0,0.0,100,415.59,433.0,0,0.0,0.0,,0.0,1,0.43,0.12,SPY231124C00450000,450.0,normalDay
2023-10-31,10602.0,-1447.0,0.0,100,418.2,433.0,0,0.0,0.0,,0.0,1,0.43,0.1,SPY231124C00450000,450.0,normalDay
2023-11-01,10602.0,-1007.0,0.0,100,422.66,433.0,0,0.0,0.0,,0.0,1,0.43,0.16,SPY231124C00450000,450.0,normalDay
2023-11-02,10602.0,-222.0,0.0,100,430.76,433.0,0,0.0,0.0,,0.0,1,0.43,0.41,SPY231124C00450000,450.0,normalDay
2023-11-03,10602.0,144.0,0.0,100,434.69,433.0,0,0.0,0.0,,0.0,1,0.43,0.68,SPY231124C00450000,450.0,normalDay
2023-11-06,10602.0,260.0,0.0,100,435.69,433.0,0,0.0,0.0,,0.0,1,0.43,0.52,SPY231124C00450000,450.0,normalDay
2023-11-07,10602.0,373.0,0.0,100,436.93,433.0,0,0.0,0.0,,0.0,1,0.43,0.63,SPY231124C00450000,450.0,normalDay
2023-11-08,10602.0,414.0,0.0,100,437.25,433.0,0,0.0,0.0,,0.0,1,0.43,0.54,SPY231124C00450000,450.0,normalDay
2023-11-09,10602.0,103.0,0.0,100,433.84,433.0,0,0.0,0.0,,0.0,1,0.43,0.24,SPY231124C00450000,450.0,normalDay
2023-11-10,10602.0,721.0,0.0,100,440.61,433.0,0,0.0,0.0,,0.0,1,0.43,0.83,SPY231124C00450000,450.0,normalDay
2023-11-13,10602.0,696.0,0.0,100,440.19,433.0,0,0.0,0.0,,0.0,1,0.43,0.66,SPY231124C00450000,450.0,normalDay
2023-11-14,10602.0,1305.0,0.0,100,448.73,433.0,0,0.0,0.0,,0.0,1,0.43,3.11,SPY231124C00450000,450.0,normalDay
2023-11-15,10602.0,1424.0,0.0,100,449.68,433.0,0,0.0,0.0,,0.0,1,0.43,2.87,SPY231124C00450000,450.0,normalDay
2023-11-16,10602.0,1465.0,0.0,100,450.23,433.0,0,0.0,0.0,,0.0,1,0.43,3.01,SPY231124C00450000,450.0,normalDay
2023-11-17,10602.0,1542.0,0.0,100,450.79,433.0,0,0.0,0.0,,0.0,1,0.43,2.8,SPY231124C00450000,450.0,normalDay
2023-11-20,10602.0,1675.0,0.0,100,454.26,433.0,0,0.0,0.0,,0.0,1,0.43,4.94,SPY231124C00450000,450.0,normalDay
2023-11-21,10602.0,1701.0,0.0,100,453.27,433.0,0,0.0,0.0,,0.0,1,0.43,3.69,SPY231124C00450000,450.0,normalDay
2023-11-22,10602.0,1728.0,0.0,100,455.02,433.0,0,0.0,0.0,,0.0,1,0.43,5.17,SPY231124C00450000,450.0,normalDay
2023-11-24,12345.0,1728.0,1743.0,0,455.3,0.0,0,0.0,0.0,,0.0,1,0.43,0.0,SPY231124C00450000,450.0,expirationDay
2023-11-27,12345.0,-3.0,0.0,0,454.48,0.0,1,1.95,1.98,SPY240216P00413000,413.0,0,0.0,0.0,,0.0,normalDay
2023-11-28,12345.0,6.0,0.0,0,454.93,0.0,1,1.95,1.89,SPY240216P00413000,413.0,0,0.0,0.0,,0.0,normalDay
2023-11-29,12345.0,1.0,0.0,0,454.61,0.0,1,1.95,1.94,SPY240216P00413000,413.0,0,0.0,0.0,,0.0,normalDay
2023-11-30,12345.0,10.0,0.0,0,456.4,0.0,1,1.95,1.85,SPY240216P00413000,413.0,0,0.0,0.0,,0.0,normalDay
