date,totalCapital,unrializedPnL,rializedPnL,stocksOwned,stocksPriceToday,stocksPriceBoughtAt,putOwned,putOwnedSoldAt,putPriceToday,putOwnedContract,putOwnedStrike,callOwned,callOwnedSoldAt,callPriceToday,callOwnedContract,callOwnedStrike,trackType
2018-11-01,0.0,-58.0,0.0,0,273.51,0.0,1,16.67,17.25,SPY190930P00274000,274.0,0,0.0,0.0,,0.0,normalDay
2018-11-02,0.0,-115.0,0.0,0,271.89,0.0,1,16.67,17.82,SPY190930P00274000,274.0,0,0.0,0.0,,0.0,normalDay
2018-11-05,0.0,-26.0,0.0,0,273.39,0.0,1,16.67,16.93,SPY190930P00274000,274.0,0,0.0,0.0,,0.0,normalDay
2018-11-06,0.0,73.0,0.0,0,275.12,0.0,1,16.67,15.94,SPY190930P00274000,274.0,0,0.0,0.0,,0.0,normalDay
2018-11-07,0.0,342.0,0.0,0,281.01,0.0,1,16.67,13.25,SPY190930P00274000,274.0,0,0.0,0.0,,0.0,normalDay
2018-11-08,0.0,345.0,0.0,0,280.5,0.0,1,16.67,13.22,SPY190930P00274000,274.0,0,0.0,0.0,,0.0,normalDay
2018-11-09,0.0,207.0,0.0,0,277.76,0.0,1,16.67,14.6,SPY190930P00274000,274.0,0,0.0,0.0,,0.0,normalDay
2018-11-12,0.0,-22.0,0.0,0,272.57,0.0,1,16.67,16.89,SPY190930P00274000,274.0,0,0.0,0.0,,0.0,normalDay
2018-11-13,0.0,-82.0,0.0,0,272.06,0.0,1,16.67,17.49,SPY190930P00274000,274.0,0,0.0,0.0,,0.0,normalDay
2018-11-14,0.0,-214.0,0.0,0,270.2,0.0,1,16.67,18.81,SPY190930P00274000,274.0,0,0.0,0.0,,0.0,normalDay
2018-11-15,0.0,-74.0,0.0,0,273.02,0.0,1,16.67,17.41,SPY190930P00274000,274.0,0,0.0,0.0,,0.0,normalDay
2018-11-16,0.0,10.0,0.0,0,273.73,0.0,1,16.67,16.57,SPY190930P00274000,274.0,0,0.0,0.0,,0.0,normalDay
2018-11-19,0.0,-223.0,0.0,0,269.1,0.0,1,16.67,18.9,SPY190930P00274000,274.0,0,0.0,0.0,,0.0,normalDay
2018-11-20,0.0,-534.0,0.0,0,264.12,0.0,1,16.67,22.01,SPY190930P00274000,274.0,0,0.0,0.0,,0.0,normalDay
2018-11-21,0.0,-473.0,0.0,0,265.02,0.0,1,16.67,21.4,SPY190930P00274000,274.0,0,0.0,0.0,,0.0,normalDay
2018-11-23,0.0,-565.0,0.0,0,263.25,0.0,1,16.67,22.32,SPY190930P00274000,274.0,0,0.0,0.0,,0.0,normalDay
2018-11-26,0.0,-270.0,0.0,0,267.5,0.0,1,16.67,19.37,SPY190930P00274000,274.0,0,0.0,0.0,,0.0,normalDay
2018-11-27,0.0,-255.0,0.0,0,268.4,0.0,1,16.67,19.22,SPY190930P00274000,274.0,0,0.0,0.0,,0.0,normalDay
2018-11-28,0.0,7.0,0.0,0,274.58,0.0,1,16.67,16.6,SPY190930P00274000,274.0,0,0.0,0.0,,0.0,normalDay
2018-11-29,0.0,-4.0,0.0,0,273.98,0.0,1,16.67,16.71,SPY190930P00274000,274.0,0,0.0,0.0,,0.0,normalDay
2018-11-30,0.0,95.0,0.0,0,275.65,0.0,1,16.67,15.72,SPY190930P00274000,274.0,0,0.0,0.0,,0.0,normalDay
2018-12-03,0.0,268.0,0.0,0,279.3,0.0,1,16.67,13.99,SPY190930P00274000,274.0,0,0.0,0.0,,0.0,normalDay
2018-12-04,0.0,-181.0,0.0,0,270.25,0.0,1,16.67,18.48,SPY190930P00274000,274.0,0,0.0,0.0,,0.0,normalDay
2018-12-06,0.0,-205.0,0.0,0,269.84,0.0,1,16.67,18.72,SPY190930P00274000,274.0,0,0.0,0.0,,0.0,normalDay
2018-12-07,0.0,-582.0,0.0,0,263.57,0.0,1,16.67,22.49,SPY190930P00274000,274.0,0,0.0,0.0,,0.0,normalDay
2018-12-10,0.0,-515.0,0.0,0,264.07,0.0,1,16.67,21.82,SPY190930P00274000,274.0,0,0.0,0.0,,0.0,normalDay
2018-12-11,0.0,-511.0,0.0,0,264.13,0.0,1,16.67,21.78,SPY190930P00274000,274.0,0,0.0,0.0,,0.0,normalDay
2018-12-12,0.0,-477.0,0.0,0,265.46,0.0,1,16.67,21.44,SPY190930P00274000,274.0,0,0.0,0.0,,0.0,normalDay
2018-12-13,0.0,-480.0,0.0,0,265.37,0.0,1,16.67,21.47,SPY190930P00274000,274.0,0,0.0,0.0,,0.0,normalDay
2018-12-14,0.0,-760.0,0.0,0,260.47,0.0,1,16.67,24.27,SPY190930P00274000,274.0,0,0.0,0.0,,0.0,normalDay
2018-12-17,0.0,-1096.0,0.0,0,255.36,0.0,1,16.67,27.63,SPY190930P00274000,274.0,0,0.0,0.0,,0.0,normalDay
2018-12-18,0.0,-1147.0,0.0,0,255.08,0.0,1,16.67,28.14,SPY190930P00274000,274.0,0,0.0,0.0,,0.0,normalDay
2018-12-19,0.0,-1347.0,0.0,0,251.26,0.0,1,16.67,30.14,SPY190930P00274000,274.0,0,0.0,0.0,,0.0,normalDay
2018-12-20,0.0,-1618.0,0.0,0,247.17,0.0,1,16.67,32.85,SPY190930P00274000,274.0,0,0.0,0.0,,0.0,normalDay
2018-12-21,0.0,-2065.0,0.0,0,240.7,0.0,1,16.67,37.32,SPY190930P00274000,274.0,0,0.0,0.0,,0.0,normalDay
2018-12-24,0.0,-2722.0,0.0,0,234.34,0.0,1,16.67,43.89,SPY190930P00274000,274.0,0,0.0,0.0,,0.0,normalDay
2018-12-26,0.0,-1598.0,0.0,0,246.18,0.0,1,16.67,32.65,SPY190930P00274000,274.0,0,0.0,0.0,,0.0,normalDay
2018-12-27,0.0,-1464.0,0.0,0,248.07,0.0,1,16.67,31.31,SPY190930P00274000,274.0,0,0.0,0.0,,0.0,normalDay
2018-12-28,0.0,-1500.0,0.0,0,247.75,0.0,1,16.67,31.67,SPY190930P00274000,274.0,0,0.0,0.0,,0.0,normalDay
2018-12-31,0.0,-1308.0,0.0,0,249.92,0.0,1,16.67,29.75,SPY190930P00274000,274.0,0,0.0,0.0,,0.0,normalDay
2019-01-02,0.0,-1239.0,0.0,0,250.18,0.0,1,16.67,29.06,SPY190930P00274000,274.0,0,0.0,0.0,,0.0,normalDay
2019-01-03,0.0,-1727.0,0.0,0,244.21,0.0,1,16.67,33.94,SPY190930P00274000,274.0,0,0.0,0.0,,0.0,normalDay
2019-01-04,0.0,-1087.0,0.0,0,252.39,0.0,1,16.67,27.54,SPY190930P00274000,274.0,0,0.0,0.0,,0.0,normalDay
2019-01-07,0.0,-948.0,0.0,0,254.38,0.0,1,16.67,26.15,SPY190930P00274000,274.0,0,0.0,0.0,,0.0,normalDay
2019-01-08,0.0,-798.0,0.0,0,256.77,0.0,1,16.67,24.65,SPY190930P00274000,274.0,0,0.0,0.0,,0.0,normalDay
2019-01-09,0.0,-697.0,0.0,0,257.97,0.0,1,16.67,23.64,SPY190930P00274000,274.0,0,0.0,0.0,,0.0,normalDay
2019-01-10,0.0,-626.0,0.0,0,258.88,0.0,1,16.67,22.93,SPY190930P00274000,274.0,0,0.0,0.0,,0.0,normalDay
2019-01-11,0.0,-577.0,0.0,0,258.98,0.0,1,16.67,22.44,SPY190930P00274000,274.0,0,0.0,0.0,,0.0,normalDay
2019-01-14,0.0,-645.0,0.0,0,257.4,0.0,1,16.67,23.12,SPY190930P00274000,274.0,0,0.0,0.0,,0.0,normalDay
2019-01-15,0.0,-428.0,0.0,0,260.35,0.0,1,16.67,20.95,SPY190930P00274000,274.0,0,0.0,0.0,,0.0,normalDay
2019-01-16,0.0,-378.0,0.0,0,260.98,0.0,1,16.67,20.45,SPY190930P00274000,274.0,0,0.0,0.0,,0.0,normalDay
2019-01-17,0.0,-276.0,0.0,0,262.96,0.0,1,16.67,19.43,SPY190930P00274000,274.0,0,0.0,0.0,,0.0,normalDay
2019-01-18,0.0,-85.0,0.0,0,266.46,0.0,1,16.67,17.52,SPY190930P00274000,274.0,0,0.0,0.0,,0.0,normalDay
2019-01-22,0.0,-303.0,0.0,0,262.86,0.0,1,16.67,19.7,SPY190930P00274000,274.0,0,0.0,0.0,,0.0,normalDay
2019-01-23,0.0,-274.0,0.0,0,263.41,0.0,1,16.67,19.41,SPY190930P00274000,274.0,0,0.0,0.0,,0.0,normalDay
2019-01-24,0.0,-268.0,0.0,0,263.55,0.0,1,16.67,19.35,SPY190930P00274000,274.0,0,0.0,0.0,,0.0,normalDay
2019-01-25,0.0,-109.0,0.0,0,265.78,0.0,1,16.67,17.76,SPY190930P00274000,274.0,0,0.0,0.0,,0.0,normalDay
2019-01-28,0.0,-215.0,0.0,0,263.76,0.0,1,16.67,18.82,SPY190930P00274000,274.0,0,0.0,0.0,,0.0,normalDay
2019-01-29,0.0,-244.0,0.0,0,263.41,0.0,1,16.67,19.11,SPY190930P00274000,274.0,0,0.0,0.0,,0.0,normalDay
2019-01-30,0.0,-5.0,0.0,0,267.58,0.0,1,16.67,16.72,SPY190930P00274000,274.0,0,0.0,0.0,,0.0,normalDay
2019-01-31,0.0,156.0,0.0,0,269.93,0.0,1,16.67,15.11,SPY190930P00274000,274.0,0,0.0,0.0,,0.0,normalDay
2019-02-01,0.0,162.0,0.0,0,270.06,0.0,1,16.67,15.05,SPY190930P00274000,274.0,0,0.0,0.0,,0.0,normalDay
2019-02-04,0.0,261.0,0.0,0,271.96,0.0,1,16.67,14.06,SPY190930P00274000,274.0,0,0.0,0.0,,0.0,normalDay
2019-02-05,0.0,321.0,0.0,0,273.1,0.0,1,16.67,13.46,SPY190930P00274000,274.0,0,0.0,0.0,,0.0,normalDay
2019-02-06,0.0,320.0,0.0,0,272.74,0.0,1,16.67,13.47,SPY190930P00274000,274.0,0,0.0,0.0,,0.0,normalDay
2019-02-07,0.0,196.0,0.0,0,270.14,0.0,1,16.67,14.71,SPY190930P00274000,274.0,0,0.0,0.0,,0.0,normalDay
2019-02-08,0.0,206.0,0.0,0,270.47,0.0,1,16.67,14.61,SPY190930P00274000,274.0,0,0.0,0.0,,0.0,normalDay
2019-02-11,0.0,225.0,0.0,0,270.62,0.0,1,16.67,14.42,SPY190930P00274000,274.0,0,0.0,0.0,,0.0,normalDay
2019-02-12,0.0,398.0,0.0,0,274.1,0.0,1,16.67,12.69,SPY190930P00274000,274.0,0,0.0,0.0,,0.0,normalDay
2019-02-13,0.0,417.0,0.0,0,274.99,0.0,1,16.67,12.5,SPY190930P00274000,274.0,0,0.0,0.0,,0.0,normalDay
2019-02-14,0.0,370.0,0.0,0,274.38,0.0,1,16.67,12.97,SPY190930P00274000,274.0,0,0.0,0.0,,0.0,normalDay
2019-02-15,0.0,518.0,0.0,0,277.37,0.0,1,16.67,11.49,SPY190930P00274000,274.0,0,0.0,0.0,,0.0,normalDay
2019-02-19,0.0,541.0,0.0,0,277.85,0.0,1,16.67,11.26,SPY190930P00274000,274.0,0,0.0,0.0,,0.0,normalDay
2019-02-20,0.0,604.0,0.0,0,278.41,0.0,1,16.67,10.63,SPY190930P00274000,274.0,0,0.0,0.0,,0.0,normalDay
2019-02-21,0.0,568.0,0.0,0,277.42,0.0,1,16.67,10.99,SPY190930P00274000,274.0,0,0.0,0.0,,0.0,normalDay
2019-02-22,0.0,646.0,0.0,0,279.14,0.0,1,16.67,10.21,SPY190930P00274000,274.0,0,0.0,0.0,,0.0,normalDay
2019-02-25,0.0,662.0,0.0,0,279.52,0.0,1,16.67,10.05,SPY190930P00274000,274.0,0,0.0,0.0,,0.0,normalDay
2019-02-26,0.0,638.0,0.0,0,279.32,0.0,1,16.67,10.29,SPY190930P00274000,274.0,0,0.0,0.0,,0.0,normalDay
2019-02-27,0.0,650.0,0.0,0,279.2,0.0,1,16.67,10.17,SPY190930P00274000,274.0,0,0.0,0.0,,0.0,normalDay
2019-02-28,0.0,628.0,0.0,0,278.68,0.0,1,16.67,10.39,SPY190930P00274000,274.0,0,0.0,0.0,,0.0,normalDay
2019-03-01,0.0,718.0,0.0,0,280.42,0.0,1,16.67,9.49,SPY190930P00274000,274.0,0,0.0,0.0,,0.0,normalDay
2019-03-04,0.0,663.0,0.0,0,279.4,0.0,1,16.67,10.04,SPY190930P00274000,274.0,0,0.0,0.0,,0.0,normalDay
2019-03-05,0.0,651.0,0.0,0,279.02,0.0,1,16.67,10.16,SPY190930P00274000,274.0,0,0.0,0.0,,0.0,normalDay
2019-03-06,0.0,569.0,0.0,0,277.33,0.0,1,16.67,10.98,SPY190930P00274000,274.0,0,0.0,0.0,,0.0,normalDay
2019-03-07,0.0,469.0,0.0,0,275.01,0.0,1,16.67,11.98,SPY190930P00274000,274.0,0,0.0,0.0,,0.0,normalDay
2019-03-08,0.0,443.0,0.0,0,274.46,0.0,1,16.67,12.24,SPY190930P00274000,274.0,0,0.0,0.0,,0.0,normalDay
2019-03-11,0.0,634.0,0.0,0,278.44,0.0,1,16.67,10.33,SPY190930P00274000,274.0,0,0.0,0.0,,0.0,normalDay
2019-03-12,0.0,684.0,0.0,0,279.49,0.0,1,16.67,9.83,SPY190930P00274000,274.0,0,0.0,0.0,,0.0,normalDay
2019-03-13,0.0,771.0,0.0,0,281.34,0.0,1,16.67,8.96,SPY190930P00274000,274.0,0,0.0,0.0,,0.0,normalDay
2019-03-14,0.0,762.0,0.0,0,281.16,0.0,1,16.67,9.05,SPY190930P00274000,274.0,0,0.0,0.0,,0.0,normalDay
2019-03-15,0.0,816.0,0.0,0,281.31,0.0,1,16.67,8.51,SPY190930P00274000,274.0,0,0.0,0.0,,0.0,normalDay
2019-03-18,0.0,854.0,0.0,0,282.33,0.0,1,16.67,8.13,SPY190930P00274000,274.0,0,0.0,0.0,,0.0,normalDay
2019-03-19,0.0,833.0,0.0,0,282.4,0.0,1,16.67,8.34,SPY190930P00274000,274.0,0,0.0,0.0,,0.0,normalDay
2019-03-20,0.0,803.0,0.0,0,281.55,0.0,1,16.67,8.64,SPY190930P00274000,274.0,0,0.0,0.0,,0.0,normalDay
2019-03-21,0.0,902.0,0.0,0,284.73,0.0,1,16.67,7.65,SPY190930P00274000,274.0,0,0.0,0.0,,0.0,normalDay
2019-03-22,0.0,697.0,0.0,0,279.25,0.0,1,16.67,9.7,SPY190930P00274000,274.0,0,0.0,0.0,,0.0,normalDay
2019-03-25,0.0,671.0,0.0,0,279.04,0.0,1,16.67,9.96,SPY190930P00274000,274.0,0,0.0,0.0,,0.0,normalDay
2019-03-26,0.0,762.0,0.0,0,281.12,0.0,1,16.67,9.05,SPY190930P00274000,274.0,0,0.0,0.0,,0.0,normalDay
2019-03-27,0.0,712.0,0.0,0,279.65,0.0,1,16.67,9.55,SPY190930P00274000,274.0,0,0.0,0.0,,0.0,normalDay
2019-03-28,0.0,765.0,0.0,0,280.71,0.0,1,16.67,9.02,SPY190930P00274000,274.0,0,0.0,0.0,,0.0,normalDay
2019-03-29,0.0,839.0,0.0,0,282.48,0.0,1,16.67,8.28,SPY190930P00274000,274.0,0,0.0,0.0,,0.0,normalDay
2019-04-01,0.0,944.0,0.0,0,285.83,0.0,1,16.67,7.23,SPY190930P00274000,274.0,0,0.0,0.0,,0.0,normalDay
2019-04-02,0.0,951.0,0.0,0,285.97,0.0,1,16.67,7.16,SPY190930P00274000,274.0,0,0.0,0.0,,0.0,normalDay
2019-04-03,0.0,973.0,0.0,0,286.42,0.0,1,16.67,6.94,SPY190930P00274000,274.0,0,0.0,0.0,,0.0,normalDay
2019-04-04,0.0,992.0,0.0,0,287.18,0.0,1,16.67,6.75,SPY190930P00274000,274.0,0,0.0,0.0,,0.0,normalDay
2019-04-05,0.0,1044.0,0.0,0,288.57,0.0,1,16.67,6.23,SPY190930P00274000,274.0,0,0.0,0.0,,0.0,normalDay
2019-04-08,0.0,1053.0,0.0,0,288.79,0.0,1,16.67,6.14,SPY190930P00274000,274.0,0,0.0,0.0,,0.0,normalDay
2019-04-09,0.0,987.0,0.0,0,287.31,0.0,1,16.67,6.8,SPY190930P00274000,274.0,0,0.0,0.0,,0.0,normalDay
2019-04-10,0.0,1042.0,0.0,0,288.29,0.0,1,16.67,6.25,SPY190930P00274000,274.0,0,0.0,0.0,,0.0,normalDay
2019-04-11,0.0,1040.0,0.0,0,288.21,0.0,1,16.67,6.27,SPY190930P00274000,274.0,0,0.0,0.0,,0.0,normalDay
2019-04-12,0.0,1111.0,0.0,0,290.16,0.0,1,16.67,5.56,SPY190930P00274000,274.0,0,0.0,0.0,,0.0,normalDay
2019-04-15,0.0,1114.0,0.0,0,289.97,0.0,1,16.67,5.53,SPY190930P00274000,274.0,0,0.0,0.0,,0.0,normalDay
2019-04-16,0.0,1119.0,0.0,0,290.16,0.0,1,16.67,5.48,SPY190930P00274000,274.0,0,0.0,0.0,,0.0,normalDay
2019-04-17,0.0,1097.0,0.0,0,289.45,0.0,1,16.67,5.7,SPY190930P00274000,274.0,0,0.0,0.0,,0.0,normalDay
2019-04-18,0.0,1117.0,0.0,0,290.02,0.0,1,16.67,5.5,SPY190930P00274000,274.0,0,0.0,0.0,,0.0,normalDay
2019-04-22,0.0,1134.0,0.0,0,290.27,0.0,1,16.67,5.33,SPY190930P00274000,274.0,0,0.0,0.0,,0.0,normalDay
2019-04-23,0.0,1190.0,0.0,0,292.88,0.0,1,16.67,4.77,SPY190930P00274000,274.0,0,0.0,0.0,,0.0,normalDay
2019-04-24,0.0,1169.0,0.0,0,292.23,0.0,1,16.67,4.98,SPY190930P00274000,274.0,0,0.0,0.0,,0.0,normalDay
2019-04-25,0.0,1157.0,0.0,0,292.05,0.0,1,16.67,5.1,SPY190930P00274000,274.0,0,0.0,0.0,,0.0,normalDay
2019-04-26,0.0,1194.0,0.0,0,293.41,0.0,1,16.67,4.73,SPY190930P00274000,274.0,0,0.0,0.0,,0.0,normalDay
2019-04-29,0.0,1199.0,0.0,0,293.87,0.0,1,16.67,4.68,SPY190930P00274000,274.0,0,0.0,0.0,,0.0,normalDay
2019-04-30,0.0,1206.0,0.0,0,294.02,0.0,1,16.67,4.61,SPY190930P00274000,274.0,0,0.0,0.0,,0.0,normalDay
2019-05-01,0.0,1135.0,0.0,0,291.81,0.0,1,16.67,5.32,SPY190930P00274000,274.0,0,0.0,0.0,,0.0,normalDay
2019-05-02,0.0,1126.0,0.0,0,291.18,0.0,1,16.67,5.41,SPY190930P00274000,274.0,0,0.0,0.0,,0.0,normalDay
2019-05-03,0.0,1209.0,0.0,0,294.03,0.0,1,16.67,4.58,SPY190930P00274000,274.0,0,0.0,0.0,,0.0,normalDay
2019-05-06,0.0,1157.0,0.0,0,292.82,0.0,1,16.67,5.1,SPY190930P00274000,274.0,0,0.0,0.0,,0.0,normalDay
2019-05-07,0.0,962.0,0.0,0,287.93,0.0,1,16.67,7.05,SPY190930P00274000,274.0,0,0.0,0.0,,0.0,normalDay
2019-05-08,0.0,974.0,0.0,0,287.53,0.0,1,16.67,6.93,SPY190930P00274000,274.0,0,0.0,0.0,,0.0,normalDay
2019-05-09,0.0,968.0,0.0,0,286.66,0.0,1,16.67,6.99,SPY190930P00274000,274.0,0,0.0,0.0,,0.0,normalDay
2019-05-10,0.0,1048.0,0.0,0,288.1,0.0,1,16.67,6.19,SPY190930P00274000,274.0,0,0.0,0.0,,0.0,normalDay
2019-05-13,0.0,761.0,0.0,0,280.86,0.0,1,16.67,9.06,SPY190930P00274000,274.0,0,0.0,0.0,,0.0,normalDay
2019-05-14,0.0,895.0,0.0,0,283.4,0.0,1,16.67,7.72,SPY190930P00274000,274.0,0,0.0,0.0,,0.0,normalDay
2019-05-15,0.0,982.0,0.0,0,285.06,0.0,1,16.67,6.85,SPY190930P00274000,274.0,0,0.0,0.0,,0.0,normalDay
2019-05-16,0.0,1079.0,0.0,0,287.7,0.0,1,16.67,5.88,SPY190930P00274000,274.0,0,0.0,0.0,,0.0,normalDay
2019-05-17,0.0,1022.0,0.0,0,285.84,0.0,1,16.67,6.45,SPY190930P00274000,274.0,0,0.0,0.0,,0.0,normalDay
2019-05-20,0.0,978.0,0.0,0,283.95,0.0,1,16.67,6.89,SPY190930P00274000,274.0,0,0.0,0.0,,0.0,normalDay
2019-05-21,0.0,1076.0,0.0,0,286.51,0.0,1,16.67,5.91,SPY190930P00274000,274.0,0,0.0,0.0,,0.0,normalDay
2019-05-22,0.0,1059.0,0.0,0,285.63,0.0,1,16.67,6.08,SPY190930P00274000,274.0,0,0.0,0.0,,0.0,normalDay
2019-05-23,0.0,906.0,0.0,0,282.14,0.0,1,16.67,7.61,SPY190930P00274000,274.0,0,0.0,0.0,,0.0,normalDay
2019-05-24,0.0,953.0,0.0,0,282.78,0.0,1,16.67,7.14,SPY190930P00274000,274.0,0,0.0,0.0,,0.0,normalDay
2019-05-28,0.0,863.0,0.0,0,280.15,0.0,1,16.67,8.04,SPY190930P00274000,274.0,0,0.0,0.0,,0.0,normalDay
2019-05-29,0.0,779.0,0.0,0,278.27,0.0,1,16.67,8.88,SPY190930P00274000,274.0,0,0.0,0.0,,0.0,normalDay
2019-05-30,0.0,814.0,0.0,0,279.03,0.0,1,16.67,8.53,SPY190930P00274000,274.0,0,0.0,0.0,,0.0,normalDay
2019-05-31,0.0,639.0,0.0,0,275.27,0.0,1,16.67,10.28,SPY190930P00274000,274.0,0,0.0,0.0,,0.0,normalDay
2019-06-03,0.0,636.0,0.0,0,274.57,0.0,1,16.67,10.31,SPY190930P00274000,274.0,0,0.0,0.0,,0.0,normalDay
2019-06-04,0.0,894.0,0.0,0,280.53,0.0,1,16.67,7.73,SPY190930P00274000,274.0,0,0.0,0.0,,0.0,normalDay
2019-06-05,0.0,989.0,0.0,0,282.96,0.0,1,16.67,6.78,SPY190930P00274000,274.0,0,0.0,0.0,,0.0,normalDay
2019-06-06,0.0,1050.0,0.0,0,284.8,0.0,1,16.67,6.17,SPY190930P00274000,274.0,0,0.0,0.0,,0.0,normalDay
2019-06-07,0.0,1109.0,0.0,0,287.65,0.0,1,16.67,5.58,SPY190930P00274000,274.0,0,0.0,0.0,,0.0,normalDay
2019-06-10,0.0,1160.0,0.0,0,288.97,0.0,1,16.67,5.07,SPY190930P00274000,274.0,0,0.0,0.0,,0.0,normalDay
2019-06-11,0.0,1148.0,0.0,0,288.9,0.0,1,16.67,5.19,SPY190930P00274000,274.0,0,0.0,0.0,,0.0,normalDay
2019-06-12,0.0,1145.0,0.0,0,288.39,0.0,1,16.67,5.22,SPY190930P00274000,274.0,0,0.0,0.0,,0.0,normalDay
2019-06-13,0.0,1181.0,0.0,0,289.58,0.0,1,16.67,4.86,SPY190930P00274000,274.0,0,0.0,0.0,,0.0,normalDay
2019-06-14,0.0,1189.0,0.0,0,289.26,0.0,1,16.67,4.78,SPY190930P00274000,274.0,0,0.0,0.0,,0.0,normalDay
2019-06-17,0.0,1198.0,0.0,0,289.37,0.0,1,16.67,4.69,SPY190930P00274000,274.0,0,0.0,0.0,,0.0,normalDay
2019-06-18,0.0,1258.0,0.0,0,292.4,0.0,1,16.67,4.09,SPY190930P00274000,274.0,0,0.0,0.0,,0.0,normalDay
2019-06-19,0.0,1294.0,0.0,0,293.06,0.0,1,16.67,3.73,SPY190930P00274000,274.0,0,0.0,0.0,,0.0,normalDay
2019-06-20,0.0,1334.0,0.0,0,295.86,0.0,1,16.67,3.33,SPY190930P00274000,274.0,0,0.0,0.0,,0.0,normalDay
2019-06-21,0.0,1317.0,0.0,0,294.0,0.0,1,16.67,3.5,SPY190930P00274000,274.0,0,0.0,0.0,,0.0,normalDay
2019-06-24,0.0,1324.0,0.0,0,293.64,0.0,1,16.67,3.43,SPY190930P00274000,274.0,0,0.0,0.0,,0.0,normalDay
2019-06-25,0.0,1259.0,0.0,0,290.76,0.0,1,16.67,4.08,SPY190930P00274000,274.0,0,0.0,0.0,,0.0,normalDay
2019-06-26,0.0,1255.0,0.0,0,290.47,0.0,1,16.67,4.12,SPY190930P00274000,274.0,0,0.0,0.0,,0.0,normalDay
2019-06-27,0.0,1295.0,0.0,0,291.5,0.0,1,16.67,3.72,SPY190930P00274000,274.0,0,0.0,0.0,,0.0,normalDay
2019-06-28,0.0,1344.0,0.0,0,293.0,0.0,1,16.67,3.23,SPY190930P00274000,274.0,0,0.0,0.0,,0.0,normalDay
2019-07-01,0.0,1408.0,0.0,0,295.66,0.0,1,16.67,2.59,SPY190930P00274000,274.0,0,0.0,0.0,,0.0,normalDay
2019-07-02,0.0,1441.0,0.0,0,296.43,0.0,1,16.67,2.26,SPY190930P00274000,274.0,0,0.0,0.0,,0.0,normalDay
2019-07-03,0.0,1474.0,0.0,0,298.8,0.0,1,16.67,1.93,SPY190930P00274000,274.0,0,0.0,0.0,,0.0,normalDay
2019-07-05,0.0,1464.0,0.0,0,298.46,0.0,1,16.67,2.03,SPY190930P00274000,274.0,0,0.0,0.0,,0.0,normalDay
2019-07-08,0.0,1447.0,0.0,0,296.82,0.0,1,16.67,2.2,SPY190930P00274000,274.0,0,0.0,0.0,,0.0,normalDay
2019-07-09,0.0,1445.0,0.0,0,297.19,0.0,1,16.67,2.22,SPY190930P00274000,274.0,0,0.0,0.0,,0.0,normalDay
2019-07-10,0.0,1477.0,0.0,0,298.61,0.0,1,16.67,1.9,SPY190930P00274000,274.0,0,0.0,0.0,,0.0,normalDay
2019-07-11,0.0,1488.0,0.0,0,299.31,0.0,1,16.67,1.79,SPY190930P00274000,274.0,0,0.0,0.0,,0.0,normalDay
2019-07-12,0.0,1507.0,0.0,0,300.65,0.0,1,16.67,1.6,SPY190930P00274000,274.0,0,0.0,0.0,,0.0,normalDay
2019-07-15,0.0,1509.0,0.0,0,300.75,0.0,1,16.67,1.58,SPY190930P00274000,274.0,0,0.0,0.0,,0.0,normalDay
2019-07-16,0.0,1501.0,0.0,0,299.78,0.0,1,16.67,1.66,SPY190930P00274000,274.0,0,0.0,0.0,,0.0,normalDay
2019-07-17,0.0,1471.0,0.0,0,297.74,0.0,1,16.67,1.96,SPY190930P00274000,274.0,0,0.0,0.0,,0.0,normalDay
2019-07-18,0.0,1491.0,0.0,0,298.83,0.0,1,16.67,1.76,SPY190930P00274000,274.0,0,0.0,0.0,,0.0,normalDay
2019-07-19,0.0,1471.0,0.0,0,297.17,0.0,1,16.67,1.96,SPY190930P00274000,274.0,0,0.0,0.0,,0.0,normalDay
2019-07-22,0.0,1498.0,0.0,0,297.9,0.0,1,16.67,1.69,SPY190930P00274000,274.0,0,0.0,0.0,,0.0,normalDay
2019-07-23,0.0,1530.0,0.0,0,300.03,0.0,1,16.67,1.37,SPY190930P00274000,274.0,0,0.0,0.0,,0.0,normalDay
2019-07-24,0.0,1550.0,0.0,0,301.44,0.0,1,16.67,1.17,SPY190930P00274000,274.0,0,0.0,0.0,,0.0,normalDay
2019-07-25,0.0,1532.0,0.0,0,300.0,0.0,1,16.67,1.35,SPY190930P00274000,274.0,0,0.0,0.0,,0.0,normalDay
2019-07-26,0.0,1555.0,0.0,0,302.01,0.0,1,16.67,1.12,SPY190930P00274000,274.0,0,0.0,0.0,,0.0,normalDay
2019-07-29,0.0,1554.0,0.0,0,301.46,0.0,1,16.67,1.13,SPY190930P00274000,274.0,0,0.0,0.0,,0.0,normalDay
2019-07-30,0.0,1535.0,0.0,0,300.72,0.0,1,16.67,1.32,SPY190930P00274000,274.0,0,0.0,0.0,,0.0,normalDay
2019-07-31,0.0,1483.0,0.0,0,297.43,0.0,1,16.67,1.84,SPY190930P00274000,274.0,0,0.0,0.0,,0.0,normalDay
2019-08-01,0.0,1422.0,0.0,0,294.84,0.0,1,16.67,2.45,SPY190930P00274000,274.0,0,0.0,0.0,,0.0,normalDay
2019-08-02,0.0,1387.0,0.0,0,292.62,0.0,1,16.67,2.8,SPY190930P00274000,274.0,0,0.0,0.0,,0.0,normalDay
2019-08-05,0.0,1057.0,0.0,0,283.82,0.0,1,16.67,6.1,SPY190930P00274000,274.0,0,0.0,0.0,,0.0,normalDay
2019-08-06,0.0,1261.0,0.0,0,287.8,0.0,1,16.67,4.06,SPY190930P00274000,274.0,0,0.0,0.0,,0.0,normalDay
2019-08-07,0.0,1272.0,0.0,0,287.97,0.0,1,16.67,3.95,SPY190930P00274000,274.0,0,0.0,0.0,,0.0,normalDay
2019-08-08,0.0,1426.0,0.0,0,293.62,0.0,1,16.67,2.41,SPY190930P00274000,274.0,0,0.0,0.0,,0.0,normalDay
2019-08-09,0.0,1384.0,0.0,0,291.62,0.0,1,16.67,2.83,SPY190930P00274000,274.0,0,0.0,0.0,,0.0,normalDay
2019-08-12,0.0,1260.0,0.0,0,288.07,0.0,1,16.67,4.07,SPY190930P00274000,274.0,0,0.0,0.0,,0.0,normalDay
2019-08-13,0.0,1414.0,0.0,0,292.55,0.0,1,16.67,2.53,SPY190930P00274000,274.0,0,0.0,0.0,,0.0,normalDay
2019-08-14,0.0,1157.0,0.0,0,283.9,0.0,1,16.67,5.1,SPY190930P00274000,274.0,0,0.0,0.0,,0.0,normalDay
2019-08-15,0.0,1202.0,0.0,0,284.65,0.0,1,16.67,4.65,SPY190930P00274000,274.0,0,0.0,0.0,,0.0,normalDay
2019-08-16,0.0,1358.0,0.0,0,288.85,0.0,1,16.67,3.09,SPY190930P00274000,274.0,0,0.0,0.0,,0.0,normalDay
2019-08-19,0.0,1470.0,0.0,0,292.33,0.0,1,16.67,1.97,SPY190930P00274000,274.0,0,0.0,0.0,,0.0,normalDay
2019-08-20,0.0,1426.0,0.0,0,290.09,0.0,1,16.67,2.41,SPY190930P00274000,274.0,0,0.0,0.0,,0.0,normalDay
2019-08-21,0.0,1507.0,0.0,0,292.45,0.0,1,16.67,1.6,SPY190930P00274000,274.0,0,0.0,0.0,,0.0,normalDay
2019-08-22,0.0,1488.0,0.0,0,292.36,0.0,1,16.67,1.79,SPY190930P00274000,274.0,0,0.0,0.0,,0.0,normalDay
2019-08-23,0.0,1322.0,0.0,0,284.85,0.0,1,16.67,3.45,SPY190930P00274000,274.0,0,0.0,0.0,,0.0,normalDay
2019-08-26,0.0,1404.0,0.0,0,288.0,0.0,1,16.67,2.63,SPY190930P00274000,274.0,0,0.0,0.0,,0.0,normalDay
2019-08-27,0.0,1362.0,0.0,0,286.87,0.0,1,16.67,3.05,SPY190930P00274000,274.0,0,0.0,0.0,,0.0,normalDay
2019-08-28,0.0,1429.0,0.0,0,288.89,0.0,1,16.67,2.38,SPY190930P00274000,274.0,0,0.0,0.0,,0.0,normalDay
2019-08-29,0.0,1503.0,0.0,0,292.58,0.0,1,16.67,1.64,SPY190930P00274000,274.0,0,0.0,0.0,,0.0,normalDay
2019-08-30,0.0,1494.0,0.0,0,292.45,0.0,1,16.67,1.73,SPY190930P00274000,274.0,0,0.0,0.0,,0.0,normalDay
2019-09-03,0.0,1485.0,0.0,0,290.74,0.0,1,16.67,1.82,SPY190930P00274000,274.0,0,0.0,0.0,,0.0,normalDay
2019-09-04,0.0,1566.0,0.0,0,294.04,0.0,1,16.67,1.01,SPY190930P00274000,274.0,0,0.0,0.0,,0.0,normalDay
2019-09-05,0.0,1602.0,0.0,0,297.82,0.0,1,16.67,0.65,SPY190930P00274000,274.0,0,0.0,0.0,,0.0,normalDay
2019-09-06,0.0,1623.0,0.0,0,298.05,0.0,1,16.67,0.44,SPY190930P00274000,274.0,0,0.0,0.0,,0.0,normalDay
2019-09-09,0.0,1628.0,0.0,0,298.2,0.0,1,16.67,0.39,SPY190930P00274000,274.0,0,0.0,0.0,,0.0,normalDay
2019-09-10,0.0,1632.0,0.0,0,298.13,0.0,1,16.67,0.35,SPY190930P00274000,274.0,0,0.0,0.0,,0.0,normalDay
2019-09-11,0.0,1643.0,0.0,0,300.25,0.0,1,16.67,0.24,SPY190930P00274000,274.0,0,0.0,0.0,,0.0,normalDay
2019-09-12,0.0,1647.0,0.0,0,301.29,0.0,1,16.67,0.2,SPY190930P00274000,274.0,0,0.0,0.0,,0.0,normalDay
2019-09-13,0.0,1650.0,0.0,0,301.09,0.0,1,16.67,0.17,SPY190930P00274000,274.0,0,0.0,0.0,,0.0,normalDay
2019-09-16,0.0,1651.0,0.0,0,300.16,0.0,1,16.67,0.16,SPY190930P00274000,274.0,0,0.0,0.0,,0.0,normalDay
2019-09-17,0.0,1652.0,0.0,0,300.92,0.0,1,16.67,0.15,SPY190930P00274000,274.0,0,0.0,0.0,,0.0,normalDay
2019-09-18,0.0,1655.0,0.0,0,301.1,0.0,1,16.67,0.12,SPY190930P00274000,274.0,0,0.0,0.0,,0.0,normalDay
2019-09-19,0.0,1656.0,0.0,0,301.08,0.0,1,16.67,0.11,SPY190930P00274000,274.0,0,0.0,0.0,,0.0,normalDay
2019-09-20,0.0,1657.0,0.0,0,298.28,0.0,1,16.67,0.1,SPY190930P00274000,274.0,0,0.0,0.0,,0.0,normalDay
2019-09-23,0.0,1663.0,0.0,0,298.21,0.0,1,16.67,0.04,SPY190930P00274000,274.0,0,0.0,0.0,,0.0,normalDay
2019-09-24,0.0,1658.0,0.0,0,295.87,0.0,1,16.67,0.09,SPY190930P00274000,274.0,0,0.0,0.0,,0.0,normalDay
2019-09-25,0.0,1663.0,0.0,0,297.62,0.0,1,16.67,0.04,SPY190930P00274000,274.0,0,0.0,0.0,,0.0,normalDay
2019-09-26,0.0,1665.0,0.0,0,297.0,0.0,1,16.67,0.02,SPY190930P00274000,274.0,0,0.0,0.0,,0.0,normalDay
2019-09-27,0.0,1665.0,0.0,0,295.4,0.0,1,16.67,0.02,SPY190930P00274000,274.0,0,0.0,0.0,,0.0,normalDay
2019-09-30,1667.0,0.0,1667.0,0,296.77,0.0,1,16.67,0.0,SPY190930P00274000,274.0,0,0.0,0.0,,0.0,expirationDay
2019-10-01,1667.0,-25.0,0.0,0,293.24,0.0,1,21.93,22.18,SPY200930P00298000,298.0,0,0.0,0.0,,0.0,normalDay
2019-10-02,1667.0,-354.0,0.0,0,288.06,0.0,1,21.93,25.47,SPY200930P00298000,298.0,0,0.0,0.0,,0.0,normalDay
2019-10-03,1667.0,-207.0,0.0,0,290.42,0.0,1,21.93,24.0,SPY200930P00298000,298.0,0,0.0,0.0,,0.0,normalDay
2019-10-04,1667.0,33.0,0.0,0,294.35,0.0,1,21.93,21.6,SPY200930P00298000,298.0,0,0.0,0.0,,0.0,normalDay
2019-10-07,1667.0,-24.0,0.0,0,293.08,0.0,1,21.93,22.17,SPY200930P00298000,298.0,0,0.0,0.0,,0.0,normalDay
2019-10-08,1667.0,-291.0,0.0,0,288.53,0.0,1,21.93,24.84,SPY200930P00298000,298.0,0,0.0,0.0,,0.0,normalDay
2019-10-09,1667.0,-132.0,0.0,0,291.27,0.0,1,21.93,23.25,SPY200930P00298000,298.0,0,0.0,0.0,,0.0,normalDay
2019-10-10,1667.0,7.0,0.0,0,293.24,0.0,1,21.93,21.86,SPY200930P00298000,298.0,0,0.0,0.0,,0.0,normalDay
2019-10-11,1667.0,186.0,0.0,0,296.28,0.0,1,21.93,20.07,SPY200930P00298000,298.0,0,0.0,0.0,,0.0,normalDay
2019-10-14,1667.0,201.0,0.0,0,295.95,0.0,1,21.93,19.92,SPY200930P00298000,298.0,0,0.0,0.0,,0.0,normalDay
2019-10-15,1667.0,356.0,0.0,0,298.88,0.0,1,21.93,18.37,SPY200930P00298000,298.0,0,0.0,0.0,,0.0,normalDay
2019-10-16,1667.0,337.0,0.0,0,298.4,0.0,1,21.93,18.56,SPY200930P00298000,298.0,0,0.0,0.0,,0.0,normalDay
2019-10-17,1667.0,366.0,0.0,0,299.28,0.0,1,21.93,18.27,SPY200930P00298000,298.0,0,0.0,0.0,,0.0,normalDay
2019-10-18,1667.0,300.0,0.0,0,297.97,0.0,1,21.93,18.93,SPY200930P00298000,298.0,0,0.0,0.0,,0.0,normalDay
2019-10-21,1667.0,405.0,0.0,0,299.99,0.0,1,21.93,17.88,SPY200930P00298000,298.0,0,0.0,0.0,,0.0,normalDay
2019-10-22,1667.0,352.0,0.0,0,299.01,0.0,1,21.93,18.41,SPY200930P00298000,298.0,0,0.0,0.0,,0.0,normalDay
2019-10-23,1667.0,396.0,0.0,0,299.88,0.0,1,21.93,17.97,SPY200930P00298000,298.0,0,0.0,0.0,,0.0,normalDay
2019-10-24,1667.0,415.0,0.0,0,300.37,0.0,1,21.93,17.78,SPY200930P00298000,298.0,0,0.0,0.0,,0.0,normalDay
2019-10-25,1667.0,487.0,0.0,0,301.6,0.0,1,21.93,17.06,SPY200930P00298000,298.0,0,0.0,0.0,,0.0,normalDay
2019-10-28,1667.0,548.0,0.0,0,303.3,0.0,1,21.93,16.45,SPY200930P00298000,298.0,0,0.0,0.0,,0.0,normalDay
2019-10-29,1667.0,534.0,0.0,0,303.21,0.0,1,21.93,16.59,SPY200930P00298000,298.0,0,0.0,0.0,,0.0,normalDay
2019-10-30,1667.0,591.0,0.0,0,304.14,0.0,1,21.93,16.02,SPY200930P00298000,298.0,0,0.0,0.0,,0.0,normalDay
2019-10-31,1667.0,532.0,0.0,0,303.33,0.0,1,21.93,16.61,SPY200930P00298000,298.0,0,0.0,0.0,,0.0,normalDay
2019-11-01,1667.0,642.0,0.0,0,306.14,0.0,1,21.93,15.51,SPY200930P00298000,298.0,0,0.0,0.0,,0.0,normalDay
2019-11-04,1667.0,687.0,0.0,0,307.37,0.0,1,21.93,15.06,SPY200930P00298000,298.0,0,0.0,0.0,,0.0,normalDay
2019-11-05,1667.0,662.0,0.0,0,307.03,0.0,1,21.93,15.31,SPY200930P00298000,298.0,0,0.0,0.0,,0.0,normalDay
2019-11-06,1667.0,660.0,0.0,0,307.1,0.0,1,21.93,15.33,SPY200930P00298000,298.0,0,0.0,0.0,,0.0,normalDay
2019-11-07,1667.0,691.0,0.0,0,308.18,0.0,1,21.93,15.02,SPY200930P00298000,298.0,0,0.0,0.0,,0.0,normalDay
2019-11-08,1667.0,722.0,0.0,0,308.94,0.0,1,21.93,14.71,SPY200930P00298000,298.0,0,0.0,0.0,,0.0,normalDay
2019-11-11,1667.0,710.0,0.0,0,308.35,0.0,1,21.93,14.83,SPY200930P00298000,298.0,0,0.0,0.0,,0.0,normalDay
2019-11-12,1667.0,722.0,0.0,0,309.0,0.0,1,21.93,14.71,SPY200930P00298000,298.0,0,0.0,0.0,,0.0,normalDay
2019-11-13,1667.0,730.0,0.0,0,309.1,0.0,1,21.93,14.63,SPY200930P00298000,298.0,0,0.0,0.0,,0.0,normalDay
2019-11-14,1667.0,746.0,0.0,0,309.55,0.0,1,21.93,14.47,SPY200930P00298000,298.0,0,0.0,0.0,,0.0,normalDay
2019-11-15,1667.0,831.0,0.0,0,311.79,0.0,1,21.93,13.62,SPY200930P00298000,298.0,0,0.0,0.0,,0.0,normalDay
2019-11-18,1667.0,842.0,0.0,0,312.02,0.0,1,21.93,13.51,SPY200930P00298000,298.0,0,0.0,0.0,,0.0,normalDay
2019-11-19,1667.0,826.0,0.0,0,311.93,0.0,1,21.93,13.67,SPY200930P00298000,298.0,0,0.0,0.0,,0.0,normalDay
2019-11-20,1667.0,775.0,0.0,0,310.77,0.0,1,21.93,14.18,SPY200930P00298000,298.0,0,0.0,0.0,,0.0,normalDay
2019-11-21,1667.0,746.0,0.0,0,310.27,0.0,1,21.93,14.47,SPY200930P00298000,298.0,0,0.0,0.0,,0.0,normalDay
2019-11-22,1667.0,784.0,0.0,0,310.96,0.0,1,21.93,14.09,SPY200930P00298000,298.0,0,0.0,0.0,,0.0,normalDay
2019-11-25,1667.0,882.0,0.0,0,313.37,0.0,1,21.93,13.11,SPY200930P00298000,298.0,0,0.0,0.0,,0.0,normalDay
2019-11-26,1667.0,925.0,0.0,0,314.08,0.0,1,21.93,12.68,SPY200930P00298000,298.0,0,0.0,0.0,,0.0,normalDay
2019-11-27,1667.0,957.0,0.0,0,315.48,0.0,1,21.93,12.36,SPY200930P00298000,298.0,0,0.0,0.0,,0.0,normalDay
2019-11-29,1667.0,910.0,0.0,0,314.31,0.0,1,21.93,12.83,SPY200930P00298000,298.0,0,0.0,0.0,,0.0,normalDay
2019-12-02,1667.0,787.0,0.0,0,311.64,0.0,1,21.93,14.06,SPY200930P00298000,298.0,0,0.0,0.0,,0.0,normalDay
2019-12-03,1667.0,690.0,0.0,0,309.55,0.0,1,21.93,15.03,SPY200930P00298000,298.0,0,0.0,0.0,,0.0,normalDay
2019-12-04,1667.0,769.0,0.0,0,311.46,0.0,1,21.93,14.24,SPY200930P00298000,298.0,0,0.0,0.0,,0.0,normalDay
2019-12-05,1667.0,813.0,0.0,0,312.02,0.0,1,21.93,13.8,SPY200930P00298000,298.0,0,0.0,0.0,,0.0,normalDay
2019-12-06,1667.0,913.0,0.0,0,314.87,0.0,1,21.93,12.8,SPY200930P00298000,298.0,0,0.0,0.0,,0.0,normalDay
2019-12-09,1667.0,856.0,0.0,0,313.88,0.0,1,21.93,13.37,SPY200930P00298000,298.0,0,0.0,0.0,,0.0,normalDay
2019-12-10,1667.0,867.0,0.0,0,313.53,0.0,1,21.93,13.26,SPY200930P00298000,298.0,0,0.0,0.0,,0.0,normalDay
2019-12-11,1667.0,909.0,0.0,0,314.42,0.0,1,21.93,12.84,SPY200930P00298000,298.0,0,0.0,0.0,,0.0,normalDay
2019-12-12,1667.0,1008.0,0.0,0,317.13,0.0,1,21.93,11.85,SPY200930P00298000,298.0,0,0.0,0.0,,0.0,normalDay
2019-12-13,1667.0,1057.0,0.0,0,317.32,0.0,1,21.93,11.36,SPY200930P00298000,298.0,0,0.0,0.0,,0.0,normalDay
2019-12-16,1667.0,1147.0,0.0,0,319.5,0.0,1,21.93,10.46,SPY200930P00298000,298.0,0,0.0,0.0,,0.0,normalDay
2019-12-17,1667.0,1132.0,0.0,0,319.57,0.0,1,21.93,10.61,SPY200930P00298000,298.0,0,0.0,0.0,,0.0,normalDay
2019-12-18,1667.0,1135.0,0.0,0,319.59,0.0,1,21.93,10.58,SPY200930P00298000,298.0,0,0.0,0.0,,0.0,normalDay
2019-12-19,1667.0,1167.0,0.0,0,320.9,0.0,1,21.93,10.26,SPY200930P00298000,298.0,0,0.0,0.0,,0.0,normalDay
2019-12-20,1667.0,1206.0,0.0,0,320.73,0.0,1,21.93,9.87,SPY200930P00298000,298.0,0,0.0,0.0,,0.0,normalDay
2019-12-23,1667.0,1208.0,0.0,0,321.22,0.0,1,21.93,9.85,SPY200930P00298000,298.0,0,0.0,0.0,,0.0,normalDay
2019-12-24,1667.0,1213.0,0.0,0,321.23,0.0,1,21.93,9.8,SPY200930P00298000,298.0,0,0.0,0.0,,0.0,normalDay
2019-12-26,1667.0,1255.0,0.0,0,322.94,0.0,1,21.93,9.38,SPY200930P00298000,298.0,0,0.0,0.0,,0.0,normalDay
2019-12-27,1667.0,1233.0,0.0,0,322.86,0.0,1,21.93,9.6,SPY200930P00298000,298.0,0,0.0,0.0,,0.0,normalDay
2019-12-30,1667.0,1179.0,0.0,0,321.08,0.0,1,21.93,10.14,SPY200930P00298000,298.0,0,0.0,0.0,,0.0,normalDay
2019-12-31,1667.0,1226.0,0.0,0,321.86,0.0,1,21.93,9.67,SPY200930P00298000,298.0,0,0.0,0.0,,0.0,normalDay
2020-01-02,1667.0,1315.0,0.0,0,324.87,0.0,1,21.93,8.78,SPY200930P00298000,298.0,0,0.0,0.0,,0.0,normalDay
2020-01-03,1667.0,1227.0,0.0,0,322.41,0.0,1,21.93,9.66,SPY200930P00298000,298.0,0,0.0,0.0,,0.0,normalDay
2020-01-06,1667.0,1274.0,0.0,0,323.64,0.0,1,21.93,9.19,SPY200930P00298000,298.0,0,0.0,0.0,,0.0,normalDay
2020-01-07,1667.0,1258.0,0.0,0,322.73,0.0,1,21.93,9.35,SPY200930P00298000,298.0,0,0.0,0.0,,0.0,normalDay
2020-01-08,1667.0,1325.0,0.0,0,324.45,0.0,1,21.93,8.68,SPY200930P00298000,298.0,0,0.0,0.0,,0.0,normalDay
2020-01-09,1667.0,1386.0,0.0,0,326.65,0.0,1,21.93,8.07,SPY200930P00298000,298.0,0,0.0,0.0,,0.0,normalDay
2020-01-10,1667.0,1361.0,0.0,0,325.71,0.0,1,21.93,8.32,SPY200930P00298000,298.0,0,0.0,0.0,,0.0,normalDay
2020-01-13,1667.0,1430.0,0.0,0,327.95,0.0,1,21.93,7.63,SPY200930P00298000,298.0,0,0.0,0.0,,0.0,normalDay
2020-01-14,1667.0,1436.0,0.0,0,327.45,0.0,1,21.93,7.57,SPY200930P00298000,298.0,0,0.0,0.0,,0.0,normalDay
2020-01-15,1667.0,1451.0,0.0,0,328.19,0.0,1,21.93,7.42,SPY200930P00298000,298.0,0,0.0,0.0,,0.0,normalDay
2020-01-16,1667.0,1505.0,0.0,0,330.92,0.0,1,21.93,6.88,SPY200930P00298000,298.0,0,0.0,0.0,,0.0,normalDay
2020-01-17,1667.0,1528.0,0.0,0,331.95,0.0,1,21.93,6.65,SPY200930P00298000,298.0,0,0.0,0.0,,0.0,normalDay
2020-01-21,1667.0,1512.0,0.0,0,331.3,0.0,1,21.93,6.81,SPY200930P00298000,298.0,0,0.0,0.0,,0.0,normalDay
2020-01-22,1667.0,1504.0,0.0,0,331.34,0.0,1,21.93,6.89,SPY200930P00298000,298.0,0,0.0,0.0,,0.0,normalDay
2020-01-23,1667.0,1515.0,0.0,0,331.72,0.0,1,21.93,6.78,SPY200930P00298000,298.0,0,0.0,0.0,,0.0,normalDay
2020-01-24,1667.0,1432.0,0.0,0,328.77,0.0,1,21.93,7.61,SPY200930P00298000,298.0,0,0.0,0.0,,0.0,normalDay
2020-01-27,1667.0,1254.0,0.0,0,323.5,0.0,1,21.93,9.39,SPY200930P00298000,298.0,0,0.0,0.0,,0.0,normalDay
2020-01-28,1667.0,1378.0,0.0,0,326.89,0.0,1,21.93,8.15,SPY200930P00298000,298.0,0,0.0,0.0,,0.0,normalDay
2020-01-29,1667.0,1377.0,0.0,0,326.62,0.0,1,21.93,8.16,SPY200930P00298000,298.0,0,0.0,0.0,,0.0,normalDay
2020-01-30,1667.0,1428.0,0.0,0,327.68,0.0,1,21.93,7.65,SPY200930P00298000,298.0,0,0.0,0.0,,0.0,normalDay
2020-01-31,1667.0,1236.0,0.0,0,321.73,0.0,1,21.93,9.57,SPY200930P00298000,298.0,0,0.0,0.0,,0.0,normalDay
2020-02-03,1667.0,1305.0,0.0,0,324.12,0.0,1,21.93,8.88,SPY200930P00298000,298.0,0,0.0,0.0,,0.0,normalDay
2020-02-04,1667.0,1466.0,0.0,0,329.06,0.0,1,21.93,7.27,SPY200930P00298000,298.0,0,0.0,0.0,,0.0,normalDay
2020-02-05,1667.0,1552.0,0.0,0,332.86,0.0,1,21.93,6.41,SPY200930P00298000,298.0,0,0.0,0.0,,0.0,normalDay
2020-02-06,1667.0,1565.0,0.0,0,333.98,0.0,1,21.93,6.28,SPY200930P00298000,298.0,0,0.0,0.0,,0.0,normalDay
2020-02-07,1667.0,1519.0,0.0,0,332.2,0.0,1,21.93,6.74,SPY200930P00298000,298.0,0,0.0,0.0,,0.0,normalDay
2020-02-10,1667.0,1579.0,0.0,0,334.68,0.0,1,21.93,6.14,SPY200930P00298000,298.0,0,0.0,0.0,,0.0,normalDay
2020-02-11,1667.0,1585.0,0.0,0,335.26,0.0,1,21.93,6.08,SPY200930P00298000,298.0,0,0.0,0.0,,0.0,normalDay
2020-02-12,1667.0,1632.0,0.0,0,337.42,0.0,1,21.93,5.61,SPY200930P00298000,298.0,0,0.0,0.0,,0.0,normalDay
2020-02-13,1667.0,1621.0,0.0,0,337.06,0.0,1,21.93,5.72,SPY200930P00298000,298.0,0,0.0,0.0,,0.0,normalDay
2020-02-14,1667.0,1633.0,0.0,0,337.6,0.0,1,21.93,5.6,SPY200930P00298000,298.0,0,0.0,0.0,,0.0,normalDay
2020-02-18,1667.0,1608.0,0.0,0,336.73,0.0,1,21.93,5.85,SPY200930P00298000,298.0,0,0.0,0.0,,0.0,normalDay
2020-02-19,1667.0,1637.0,0.0,0,338.34,0.0,1,21.93,5.56,SPY200930P00298000,298.0,0,0.0,0.0,,0.0,normalDay
2020-02-20,1667.0,1598.0,0.0,0,336.95,0.0,1,21.93,5.95,SPY200930P00298000,298.0,0,0.0,0.0,,0.0,normalDay
2020-02-21,1667.0,1502.0,0.0,0,333.48,0.0,1,21.93,6.91,SPY200930P00298000,298.0,0,0.0,0.0,,0.0,normalDay
2020-02-24,1667.0,1146.0,0.0,0,322.42,0.0,1,21.93,10.47,SPY200930P00298000,298.0,0,0.0,0.0,,0.0,normalDay
2020-02-25,1667.0,837.0,0.0,0,312.65,0.0,1,21.93,13.56,SPY200930P00298000,298.0,0,0.0,0.0,,0.0,normalDay
2020-02-26,1667.0,799.0,0.0,0,311.5,0.0,1,21.93,13.94,SPY200930P00298000,298.0,0,0.0,0.0,,0.0,normalDay
2020-02-27,1667.0,-41.0,0.0,0,297.51,0.0,1,21.93,22.34,SPY200930P00298000,298.0,0,0.0,0.0,,0.0,normalDay
2020-02-28,1667.0,-120.0,0.0,0,296.26,0.0,1,21.93,23.13,SPY200930P00298000,298.0,0,0.0,0.0,,0.0,normalDay
2020-03-02,1667.0,564.0,0.0,0,309.09,0.0,1,21.93,16.29,SPY200930P00298000,298.0,0,0.0,0.0,,0.0,normalDay
2020-03-03,1667.0,171.0,0.0,0,300.24,0.0,1,21.93,20.22,SPY200930P00298000,298.0,0,0.0,0.0,,0.0,normalDay
2020-03-04,1667.0,582.0,0.0,0,312.86,0.0,1,21.93,16.11,SPY200930P00298000,298.0,0,0.0,0.0,,0.0,normalDay
2020-03-05,1667.0,-26.0,0.0,0,302.46,0.0,1,21.93,22.19,SPY200930P00298000,298.0,0,0.0,0.0,,0.0,normalDay
2020-03-06,1667.0,-503.0,0.0,0,297.46,0.0,1,21.93,26.96,SPY200930P00298000,298.0,0,0.0,0.0,,0.0,normalDay
2020-03-09,1667.0,-1891.0,0.0,0,274.23,0.0,1,21.93,40.84,SPY200930P00298000,298.0,0,0.0,0.0,,0.0,normalDay
2020-03-10,1667.0,-970.0,0.0,0,288.42,0.0,1,21.93,31.63,SPY200930P00298000,298.0,0,0.0,0.0,,0.0,normalDay
2020-03-11,1667.0,-1927.0,0.0,0,274.36,0.0,1,21.93,41.2,SPY200930P00298000,298.0,0,0.0,0.0,,0.0,normalDay
2020-03-12,1667.0,-4049.0,0.0,0,248.11,0.0,1,21.93,62.42,SPY200930P00298000,298.0,0,0.0,0.0,,0.0,normalDay
2020-03-13,1667.0,-2163.0,0.0,0,269.32,0.0,1,21.93,43.56,SPY200930P00298000,298.0,0,0.0,0.0,,0.0,normalDay
2020-03-16,1667.0,-4510.0,0.0,0,239.85,0.0,1,21.93,67.03,SPY200930P00298000,298.0,0,0.0,0.0,,0.0,normalDay
2020-03-17,1667.0,-3787.0,0.0,0,252.8,0.0,1,21.93,59.8,SPY200930P00298000,298.0,0,0.0,0.0,,0.0,normalDay
2020-03-18,1667.0,-4722.0,0.0,0,240.0,0.0,1,21.93,69.15,SPY200930P00298000,298.0,0,0.0,0.0,,0.0,normalDay
2020-03-19,1667.0,-4470.0,0.0,0,240.51,0.0,1,21.93,66.63,SPY200930P00298000,298.0,0,0.0,0.0,,0.0,normalDay
2020-03-20,1667.0,-5199.0,0.0,0,228.8,0.0,1,21.93,73.92,SPY200930P00298000,298.0,0,0.0,0.0,,0.0,normalDay
2020-03-23,1667.0,-5879.0,0.0,0,222.95,0.0,1,21.93,80.72,SPY200930P00298000,298.0,0,0.0,0.0,,0.0,normalDay
2020-03-24,1667.0,-3907.0,0.0,0,243.15,0.0,1,21.93,61.0,SPY200930P00298000,298.0,0,0.0,0.0,,0.0,normalDay
2020-03-25,1667.0,-3654.0,0.0,0,246.79,0.0,1,21.93,58.47,SPY200930P00298000,298.0,0,0.0,0.0,,0.0,normalDay
2020-03-26,1667.0,-2586.0,0.0,0,261.2,0.0,1,21.93,47.79,SPY200930P00298000,298.0,0,0.0,0.0,,0.0,normalDay
2020-03-27,1667.0,-3114.0,0.0,0,253.42,0.0,1,21.93,53.07,SPY200930P00298000,298.0,0,0.0,0.0,,0.0,normalDay
2020-03-30,1667.0,-2562.0,0.0,0,261.65,0.0,1,21.93,47.55,SPY200930P00298000,298.0,0,0.0,0.0,,0.0,normalDay
2020-03-31,1667.0,-2709.0,0.0,0,257.75,0.0,1,21.93,49.02,SPY200930P00298000,298.0,0,0.0,0.0,,0.0,normalDay
2020-04-01,1667.0,-3643.0,0.0,0,246.15,0.0,1,21.93,58.36,SPY200930P00298000,298.0,0,0.0,0.0,,0.0,normalDay
2020-04-02,1667.0,-3066.0,0.0,0,251.83,0.0,1,21.93,52.59,SPY200930P00298000,298.0,0,0.0,0.0,,0.0,normalDay
2020-04-03,1667.0,-3352.0,0.0,0,248.19,0.0,1,21.93,55.45,SPY200930P00298000,298.0,0,0.0,0.0,,0.0,normalDay
2020-04-06,1667.0,-2036.0,0.0,0,264.86,0.0,1,21.93,42.29,SPY200930P00298000,298.0,0,0.0,0.0,,0.0,normalDay
2020-04-07,1667.0,-2143.0,0.0,0,265.13,0.0,1,21.93,43.36,SPY200930P00298000,298.0,0,0.0,0.0,,0.0,normalDay
2020-04-08,1667.0,-1525.0,0.0,0,274.03,0.0,1,21.93,37.18,SPY200930P00298000,298.0,0,0.0,0.0,,0.0,normalDay
2020-04-09,1667.0,-1309.0,0.0,0,278.2,0.0,1,21.93,35.02,SPY200930P00298000,298.0,0,0.0,0.0,,0.0,normalDay
2020-04-13,1667.0,-1402.0,0.0,0,275.66,0.0,1,21.93,35.95,SPY200930P00298000,298.0,0,0.0,0.0,,0.0,normalDay
2020-04-14,1667.0,-863.0,0.0,0,283.79,0.0,1,21.93,30.56,SPY200930P00298000,298.0,0,0.0,0.0,,0.0,normalDay
2020-04-15,1667.0,-1295.0,0.0,0,277.76,0.0,1,21.93,34.88,SPY200930P00298000,298.0,0,0.0,0.0,,0.0,normalDay
2020-04-16,1667.0,-1225.0,0.0,0,279.1,0.0,1,21.93,34.18,SPY200930P00298000,298.0,0,0.0,0.0,,0.0,normalDay
2020-04-17,1667.0,-767.0,0.0,0,286.64,0.0,1,21.93,29.6,SPY200930P00298000,298.0,0,0.0,0.0,,0.0,normalDay
2020-04-20,1667.0,-1154.0,0.0,0,281.59,0.0,1,21.93,33.47,SPY200930P00298000,298.0,0,0.0,0.0,,0.0,normalDay
2020-04-21,1667.0,-1685.0,0.0,0,273.04,0.0,1,21.93,38.78,SPY200930P00298000,298.0,0,0.0,0.0,,0.0,normalDay
2020-04-22,1667.0,-1331.0,0.0,0,279.1,0.0,1,21.93,35.24,SPY200930P00298000,298.0,0,0.0,0.0,,0.0,normalDay
2020-04-23,1667.0,-1312.0,0.0,0,279.08,0.0,1,21.93,35.05,SPY200930P00298000,298.0,0,0.0,0.0,,0.0,normalDay
2020-04-24,1667.0,-971.0,0.0,0,282.97,0.0,1,21.93,31.64,SPY200930P00298000,298.0,0,0.0,0.0,,0.0,normalDay
2020-04-27,1667.0,-619.0,0.0,0,287.05,0.0,1,21.93,28.12,SPY200930P00298000,298.0,0,0.0,0.0,,0.0,normalDay
2020-04-28,1667.0,-662.0,0.0,0,285.73,0.0,1,21.93,28.55,SPY200930P00298000,298.0,0,0.0,0.0,,0.0,normalDay
2020-04-29,1667.0,-226.0,0.0,0,293.21,0.0,1,21.93,24.19,SPY200930P00298000,298.0,0,0.0,0.0,,0.0,normalDay
2020-04-30,1667.0,-469.0,0.0,0,290.48,0.0,1,21.93,26.62,SPY200930P00298000,298.0,0,0.0,0.0,,0.0,normalDay
2020-05-01,1667.0,-913.0,0.0,0,282.79,0.0,1,21.93,31.06,SPY200930P00298000,298.0,0,0.0,0.0,,0.0,normalDay
2020-05-04,1667.0,-821.0,0.0,0,283.57,0.0,1,21.93,30.14,SPY200930P00298000,298.0,0,0.0,0.0,,0.0,normalDay
2020-05-05,1667.0,-624.0,0.0,0,286.19,0.0,1,21.93,28.17,SPY200930P00298000,298.0,0,0.0,0.0,,0.0,normalDay
2020-05-06,1667.0,-736.0,0.0,0,284.25,0.0,1,21.93,29.29,SPY200930P00298000,298.0,0,0.0,0.0,,0.0,normalDay
2020-05-07,1667.0,-459.0,0.0,0,287.68,0.0,1,21.93,26.52,SPY200930P00298000,298.0,0,0.0,0.0,,0.0,normalDay
2020-05-08,1667.0,-106.0,0.0,0,292.44,0.0,1,21.93,22.99,SPY200930P00298000,298.0,0,0.0,0.0,,0.0,normalDay
2020-05-11,1667.0,-86.0,0.0,0,292.5,0.0,1,21.93,22.79,SPY200930P00298000,298.0,0,0.0,0.0,,0.0,normalDay
2020-05-12,1667.0,-478.0,0.0,0,286.67,0.0,1,21.93,26.71,SPY200930P00298000,298.0,0,0.0,0.0,,0.0,normalDay
2020-05-13,1667.0,-735.0,0.0,0,281.6,0.0,1,21.93,29.28,SPY200930P00298000,298.0,0,0.0,0.0,,0.0,normalDay
2020-05-14,1667.0,-495.0,0.0,0,284.97,0.0,1,21.93,26.88,SPY200930P00298000,298.0,0,0.0,0.0,,0.0,normalDay
2020-05-15,1667.0,-443.0,0.0,0,286.28,0.0,1,21.93,26.36,SPY200930P00298000,298.0,0,0.0,0.0,,0.0,normalDay
2020-05-18,1667.0,107.0,0.0,0,295.0,0.0,1,21.93,20.86,SPY200930P00298000,298.0,0,0.0,0.0,,0.0,normalDay
2020-05-19,1667.0,-43.0,0.0,0,291.97,0.0,1,21.93,22.36,SPY200930P00298000,298.0,0,0.0,0.0,,0.0,normalDay
2020-05-20,1667.0,260.0,0.0,0,296.93,0.0,1,21.93,19.33,SPY200930P00298000,298.0,0,0.0,0.0,,0.0,normalDay
2020-05-21,1667.0,103.0,0.0,0,294.88,0.0,1,21.93,20.9,SPY200930P00298000,298.0,0,0.0,0.0,,0.0,normalDay
2020-05-22,1667.0,150.0,0.0,0,295.44,0.0,1,21.93,20.43,SPY200930P00298000,298.0,0,0.0,0.0,,0.0,normalDay
2020-05-26,1667.0,368.0,0.0,0,299.08,0.0,1,21.93,18.25,SPY200930P00298000,298.0,0,0.0,0.0,,0.0,normalDay
2020-05-27,1667.0,571.0,0.0,0,303.53,0.0,1,21.93,16.22,SPY200930P00298000,298.0,0,0.0,0.0,,0.0,normalDay
2020-05-28,1667.0,552.0,0.0,0,302.97,0.0,1,21.93,16.41,SPY200930P00298000,298.0,0,0.0,0.0,,0.0,normalDay
2020-05-29,1667.0,622.0,0.0,0,304.32,0.0,1,21.93,15.71,SPY200930P00298000,298.0,0,0.0,0.0,,0.0,normalDay
2020-06-01,1667.0,620.0,0.0,0,305.55,0.0,1,21.93,15.73,SPY200930P00298000,298.0,0,0.0,0.0,,0.0,normalDay
2020-06-02,1667.0,743.0,0.0,0,308.08,0.0,1,21.93,14.5,SPY200930P00298000,298.0,0,0.0,0.0,,0.0,normalDay
2020-06-03,1667.0,909.0,0.0,0,312.18,0.0,1,21.93,12.84,SPY200930P00298000,298.0,0,0.0,0.0,,0.0,normalDay
2020-06-04,1667.0,894.0,0.0,0,311.36,0.0,1,21.93,12.99,SPY200930P00298000,298.0,0,0.0,0.0,,0.0,normalDay
2020-06-05,1667.0,1163.0,0.0,0,319.34,0.0,1,21.93,10.3,SPY200930P00298000,298.0,0,0.0,0.0,,0.0,normalDay
2020-06-08,1667.0,1231.0,0.0,0,323.2,0.0,1,21.93,9.62,SPY200930P00298000,298.0,0,0.0,0.0,,0.0,normalDay
2020-06-09,1667.0,1129.0,0.0,0,320.79,0.0,1,21.93,10.64,SPY200930P00298000,298.0,0,0.0,0.0,,0.0,normalDay
2020-06-10,1667.0,1048.0,0.0,0,319.0,0.0,1,21.93,11.45,SPY200930P00298000,298.0,0,0.0,0.0,,0.0,normalDay
2020-06-11,1667.0,59.0,0.0,0,300.61,0.0,1,21.93,21.34,SPY200930P00298000,298.0,0,0.0,0.0,,0.0,normalDay
2020-06-12,1667.0,302.0,0.0,0,304.21,0.0,1,21.93,18.91,SPY200930P00298000,298.0,0,0.0,0.0,,0.0,normalDay
2020-06-15,1667.0,514.0,0.0,0,307.05,0.0,1,21.93,16.79,SPY200930P00298000,298.0,0,0.0,0.0,,0.0,normalDay
2020-06-16,1667.0,728.0,0.0,0,312.96,0.0,1,21.93,14.65,SPY200930P00298000,298.0,0,0.0,0.0,,0.0,normalDay
2020-06-17,1667.0,720.0,0.0,0,311.66,0.0,1,21.93,14.73,SPY200930P00298000,298.0,0,0.0,0.0,,0.0,normalDay
2020-06-18,1667.0,731.0,0.0,0,311.78,0.0,1,21.93,14.62,SPY200930P00298000,298.0,0,0.0,0.0,,0.0,normalDay
2020-06-19,1667.0,588.0,0.0,0,308.64,0.0,1,21.93,16.05,SPY200930P00298000,298.0,0,0.0,0.0,,0.0,normalDay
2020-06-22,1667.0,828.0,0.0,0,310.62,0.0,1,21.93,13.65,SPY200930P00298000,298.0,0,0.0,0.0,,0.0,normalDay
2020-06-23,1667.0,879.0,0.0,0,312.05,0.0,1,21.93,13.14,SPY200930P00298000,298.0,0,0.0,0.0,,0.0,normalDay
2020-06-24,1667.0,578.0,0.0,0,304.09,0.0,1,21.93,16.15,SPY200930P00298000,298.0,0,0.0,0.0,,0.0,normalDay
2020-06-25,1667.0,768.0,0.0,0,307.35,0.0,1,21.93,14.25,SPY200930P00298000,298.0,0,0.0,0.0,,0.0,normalDay
2020-06-26,1667.0,482.0,0.0,0,300.05,0.0,1,21.93,17.11,SPY200930P00298000,298.0,0,0.0,0.0,,0.0,normalDay
2020-06-29,1667.0,710.0,0.0,0,304.46,0.0,1,21.93,14.83,SPY200930P00298000,298.0,0,0.0,0.0,,0.0,normalDay
2020-06-30,1667.0,901.0,0.0,0,308.36,0.0,1,21.93,12.92,SPY200930P00298000,298.0,0,0.0,0.0,,0.0,normalDay
2020-07-01,1667.0,1010.0,0.0,0,310.52,0.0,1,21.93,11.83,SPY200930P00298000,298.0,0,0.0,0.0,,0.0,normalDay
2020-07-02,1667.0,1104.0,0.0,0,312.23,0.0,1,21.93,10.89,SPY200930P00298000,298.0,0,0.0,0.0,,0.0,normalDay
2020-07-06,1667.0,1239.0,0.0,0,317.05,0.0,1,21.93,9.54,SPY200930P00298000,298.0,0,0.0,0.0,,0.0,normalDay
2020-07-07,1667.0,1120.0,0.0,0,313.78,0.0,1,21.93,10.73,SPY200930P00298000,298.0,0,0.0,0.0,,0.0,normalDay
2020-07-08,1667.0,1225.0,0.0,0,316.18,0.0,1,21.93,9.68,SPY200930P00298000,298.0,0,0.0,0.0,,0.0,normalDay
2020-07-09,1667.0,1143.0,0.0,0,314.38,0.0,1,21.93,10.5,SPY200930P00298000,298.0,0,0.0,0.0,,0.0,normalDay
2020-07-10,1667.0,1279.0,0.0,0,317.59,0.0,1,21.93,9.14,SPY200930P00298000,298.0,0,0.0,0.0,,0.0,normalDay
2020-07-13,1667.0,1082.0,0.0,0,314.84,0.0,1,21.93,11.11,SPY200930P00298000,298.0,0,0.0,0.0,,0.0,normalDay
2020-07-14,1667.0,1276.0,0.0,0,318.92,0.0,1,21.93,9.17,SPY200930P00298000,298.0,0,0.0,0.0,,0.0,normalDay
2020-07-15,1667.0,1387.0,0.0,0,321.85,0.0,1,21.93,8.06,SPY200930P00298000,298.0,0,0.0,0.0,,0.0,normalDay
2020-07-16,1667.0,1357.0,0.0,0,320.79,0.0,1,21.93,8.36,SPY200930P00298000,298.0,0,0.0,0.0,,0.0,normalDay
2020-07-17,1667.0,1485.0,0.0,0,321.72,0.0,1,21.93,7.08,SPY200930P00298000,298.0,0,0.0,0.0,,0.0,normalDay
2020-07-20,1667.0,1594.0,0.0,0,324.32,0.0,1,21.93,5.99,SPY200930P00298000,298.0,0,0.0,0.0,,0.0,normalDay
2020-07-21,1667.0,1604.0,0.0,0,325.01,0.0,1,21.93,5.89,SPY200930P00298000,298.0,0,0.0,0.0,,0.0,normalDay
2020-07-22,1667.0,1647.0,0.0,0,326.86,0.0,1,21.93,5.46,SPY200930P00298000,298.0,0,0.0,0.0,,0.0,normalDay
2020-07-23,1667.0,1537.0,0.0,0,322.96,0.0,1,21.93,6.56,SPY200930P00298000,298.0,0,0.0,0.0,,0.0,normalDay
2020-07-24,1667.0,1529.0,0.0,0,320.88,0.0,1,21.93,6.64,SPY200930P00298000,298.0,0,0.0,0.0,,0.0,normalDay
2020-07-27,1667.0,1622.0,0.0,0,323.22,0.0,1,21.93,5.71,SPY200930P00298000,298.0,0,0.0,0.0,,0.0,normalDay
2020-07-28,1667.0,1576.0,0.0,0,321.17,0.0,1,21.93,6.17,SPY200930P00298000,298.0,0,0.0,0.0,,0.0,normalDay
2020-07-29,1667.0,1680.0,0.0,0,325.12,0.0,1,21.93,5.13,SPY200930P00298000,298.0,0,0.0,0.0,,0.0,normalDay
2020-07-30,1667.0,1640.0,0.0,0,323.96,0.0,1,21.93,5.53,SPY200930P00298000,298.0,0,0.0,0.0,,0.0,normalDay
2020-07-31,1667.0,1711.0,0.0,0,326.52,0.0,1,21.93,4.82,SPY200930P00298000,298.0,0,0.0,0.0,,0.0,normalDay
2020-08-03,1667.0,1761.0,0.0,0,328.79,0.0,1,21.93,4.32,SPY200930P00298000,298.0,0,0.0,0.0,,0.0,normalDay
2020-08-04,1667.0,1802.0,0.0,0,330.06,0.0,1,21.93,3.91,SPY200930P00298000,298.0,0,0.0,0.0,,0.0,normalDay
2020-08-05,1667.0,1851.0,0.0,0,332.11,0.0,1,21.93,3.42,SPY200930P00298000,298.0,0,0.0,0.0,,0.0,normalDay
2020-08-06,1667.0,1886.0,0.0,0,334.33,0.0,1,21.93,3.07,SPY200930P00298000,298.0,0,0.0,0.0,,0.0,normalDay
2020-08-07,1667.0,1895.0,0.0,0,334.57,0.0,1,21.93,2.98,SPY200930P00298000,298.0,0,0.0,0.0,,0.0,normalDay
2020-08-10,1667.0,1924.0,0.0,0,335.57,0.0,1,21.93,2.69,SPY200930P00298000,298.0,0,0.0,0.0,,0.0,normalDay
2020-08-11,1667.0,1863.0,0.0,0,332.8,0.0,1,21.93,3.3,SPY200930P00298000,298.0,0,0.0,0.0,,0.0,normalDay
2020-08-12,1667.0,1948.0,0.0,0,337.44,0.0,1,21.93,2.45,SPY200930P00298000,298.0,0,0.0,0.0,,0.0,normalDay
2020-08-13,1667.0,1946.0,0.0,0,336.83,0.0,1,21.93,2.47,SPY200930P00298000,298.0,0,0.0,0.0,,0.0,normalDay
2020-08-14,1667.0,1959.0,0.0,0,336.84,0.0,1,21.93,2.34,SPY200930P00298000,298.0,0,0.0,0.0,,0.0,normalDay
2020-08-17,1667.0,1998.0,0.0,0,337.91,0.0,1,21.93,1.95,SPY200930P00298000,298.0,0,0.0,0.0,,0.0,normalDay
2020-08-18,1667.0,2010.0,0.0,0,338.64,0.0,1,21.93,1.83,SPY200930P00298000,298.0,0,0.0,0.0,,0.0,normalDay
2020-08-19,1667.0,1994.0,0.0,0,337.23,0.0,1,21.93,1.99,SPY200930P00298000,298.0,0,0.0,0.0,,0.0,normalDay
2020-08-20,1667.0,2006.0,0.0,0,338.28,0.0,1,21.93,1.87,SPY200930P00298000,298.0,0,0.0,0.0,,0.0,normalDay
2020-08-21,1667.0,2026.0,0.0,0,339.48,0.0,1,21.93,1.67,SPY200930P00298000,298.0,0,0.0,0.0,,0.0,normalDay
2020-08-24,1667.0,2058.0,0.0,0,342.92,0.0,1,21.93,1.35,SPY200930P00298000,298.0,0,0.0,0.0,,0.0,normalDay
2020-08-25,1667.0,2075.0,0.0,0,344.12,0.0,1,21.93,1.18,SPY200930P00298000,298.0,0,0.0,0.0,,0.0,normalDay
2020-08-26,1667.0,2079.0,0.0,0,347.57,0.0,1,21.93,1.14,SPY200930P00298000,298.0,0,0.0,0.0,,0.0,normalDay
2020-08-27,1667.0,2075.0,0.0,0,348.33,0.0,1,21.93,1.18,SPY200930P00298000,298.0,0,0.0,0.0,,0.0,normalDay
2020-08-28,1667.0,2101.0,0.0,0,350.58,0.0,1,21.93,0.92,SPY200930P00298000,298.0,0,0.0,0.0,,0.0,normalDay
2020-08-31,1667.0,2078.0,0.0,0,349.31,0.0,1,21.93,1.15,SPY200930P00298000,298.0,0,0.0,0.0,,0.0,normalDay
2020-09-01,1667.0,2091.0,0.0,0,352.6,0.0,1,21.93,1.02,SPY200930P00298000,298.0,0,0.0,0.0,,0.0,normalDay
2020-09-02,1667.0,2111.0,0.0,0,357.7,0.0,1,21.93,0.82,SPY200930P00298000,298.0,0,0.0,0.0,,0.0,normalDay
2020-09-03,1667.0,2017.0,0.0,0,345.39,0.0,1,21.93,1.76,SPY200930P00298000,298.0,0,0.0,0.0,,0.0,normalDay
2020-09-04,1667.0,2031.0,0.0,0,342.57,0.0,1,21.93,1.62,SPY200930P00298000,298.0,0,0.0,0.0,,0.0,normalDay
2020-09-08,1667.0,2010.0,0.0,0,333.21,0.0,1,21.93,1.83,SPY200930P00298000,298.0,0,0.0,0.0,,0.0,normalDay
2020-09-09,1667.0,2083.0,0.0,0,339.79,0.0,1,21.93,1.1,SPY200930P00298000,298.0,0,0.0,0.0,,0.0,normalDay
2020-09-10,1667.0,2058.0,0.0,0,333.89,0.0,1,21.93,1.35,SPY200930P00298000,298.0,0,0.0,0.0,,0.0,normalDay
2020-09-11,1667.0,2104.0,0.0,0,334.06,0.0,1,21.93,0.89,SPY200930P00298000,298.0,0,0.0,0.0,,0.0,normalDay
2020-09-14,1667.0,2148.0,0.0,0,338.46,0.0,1,21.93,0.45,SPY200930P00298000,298.0,0,0.0,0.0,,0.0,normalDay
2020-09-15,1667.0,2154.0,0.0,0,340.17,0.0,1,21.93,0.39,SPY200930P00298000,298.0,0,0.0,0.0,,0.0,normalDay
2020-09-16,1667.0,2154.0,0.0,0,338.82,0.0,1,21.93,0.39,SPY200930P00298000,298.0,0,0.0,0.0,,0.0,normalDay
2020-09-17,1667.0,2153.0,0.0,0,335.84,0.0,1,21.93,0.4,SPY200930P00298000,298.0,0,0.0,0.0,,0.0,normalDay
2020-09-18,1667.0,2158.0,0.0,0,330.65,0.0,1,21.93,0.35,SPY200930P00298000,298.0,0,0.0,0.0,,0.0,normalDay
2020-09-21,1667.0,2161.0,0.0,0,326.97,0.0,1,21.93,0.32,SPY200930P00298000,298.0,0,0.0,0.0,,0.0,normalDay
2020-09-22,1667.0,2177.0,0.0,0,330.3,0.0,1,21.93,0.16,SPY200930P00298000,298.0,0,0.0,0.0,,0.0,normalDay
2020-09-23,1667.0,2164.0,0.0,0,322.64,0.0,1,21.93,0.29,SPY200930P00298000,298.0,0,0.0,0.0,,0.0,normalDay
2020-09-24,1667.0,2175.0,0.0,0,323.5,0.0,1,21.93,0.18,SPY200930P00298000,298.0,0,0.0,0.0,,0.0,normalDay
2020-09-25,1667.0,2188.0,0.0,0,328.73,0.0,1,21.93,0.05,SPY200930P00298000,298.0,0,0.0,0.0,,0.0,normalDay
2020-09-28,1667.0,2191.0,0.0,0,334.19,0.0,1,21.93,0.02,SPY200930P00298000,298.0,0,0.0,0.0,,0.0,normalDay
2020-09-29,1667.0,2192.0,0.0,0,332.37,0.0,1,21.93,0.01,SPY200930P00298000,298.0,0,0.0,0.0,,0.0,normalDay
2020-09-30,3860.0,0.0,2193.0,0,334.89,0.0,1,21.93,0.0,SPY200930P00298000,298.0,0,0.0,0.0,,0.0,expirationDay
2020-10-01,3860.0,-110.0,0.0,0,337.04,0.0,1,32.23,33.33,SPY210930P00334000,334.0,0,0.0,0.0,,0.0,normalDay
2020-10-02,3860.0,-261.0,0.0,0,333.84,0.0,1,32.23,34.84,SPY210930P00334000,334.0,0,0.0,0.0,,0.0,normalDay
2020-10-05,3860.0,13.0,0.0,0,339.76,0.0,1,32.23,32.1,SPY210930P00334000,334.0,0,0.0,0.0,,0.0,normalDay
2020-10-06,3860.0,-191.0,0.0,0,334.93,0.0,1,32.23,34.14,SPY210930P00334000,334.0,0,0.0,0.0,,0.0,normalDay
2020-10-07,3860.0,77.0,0.0,0,340.76,0.0,1,32.23,31.46,SPY210930P00334000,334.0,0,0.0,0.0,,0.0,normalDay
2020-10-08,3860.0,255.0,0.0,0,343.78,0.0,1,32.23,29.68,SPY210930P00334000,334.0,0,0.0,0.0,,0.0,normalDay
2020-10-09,3860.0,436.0,0.0,0,346.85,0.0,1,32.23,27.87,SPY210930P00334000,334.0,0,0.0,0.0,,0.0,normalDay
2020-10-12,3860.0,646.0,0.0,0,352.43,0.0,1,32.23,25.77,SPY210930P00334000,334.0,0,0.0,0.0,,0.0,normalDay
2020-10-13,3860.0,561.0,0.0,0,350.13,0.0,1,32.23,26.62,SPY210930P00334000,334.0,0,0.0,0.0,,0.0,normalDay
2020-10-14,3860.0,504.0,0.0,0,347.93,0.0,1,32.23,27.19,SPY210930P00334000,334.0,0,0.0,0.0,,0.0,normalDay
2020-10-15,3860.0,487.0,0.0,0,347.5,0.0,1,32.23,27.36,SPY210930P00334000,334.0,0,0.0,0.0,,0.0,normalDay
2020-10-16,3860.0,428.0,0.0,0,347.29,0.0,1,32.23,27.95,SPY210930P00334000,334.0,0,0.0,0.0,,0.0,normalDay
2020-10-19,3860.0,212.0,0.0,0,342.01,0.0,1,32.23,30.11,SPY210930P00334000,334.0,0,0.0,0.0,,0.0,normalDay
2020-10-20,3860.0,242.0,0.0,0,343.38,0.0,1,32.23,29.81,SPY210930P00334000,334.0,0,0.0,0.0,,0.0,normalDay
2020-10-21,3860.0,302.0,0.0,0,342.73,0.0,1,32.23,29.21,SPY210930P00334000,334.0,0,0.0,0.0,,0.0,normalDay
2020-10-22,3860.0,387.0,0.0,0,344.61,0.0,1,32.23,28.36,SPY210930P00334000,334.0,0,0.0,0.0,,0.0,normalDay
2020-10-23,3860.0,448.0,0.0,0,345.78,0.0,1,32.23,27.75,SPY210930P00334000,334.0,0,0.0,0.0,,0.0,normalDay
2020-10-26,3860.0,135.0,0.0,0,339.39,0.0,1,32.23,30.88,SPY210930P00334000,334.0,0,0.0,0.0,,0.0,normalDay
2020-10-27,3860.0,126.0,0.0,0,338.22,0.0,1,32.23,30.97,SPY210930P00334000,334.0,0,0.0,0.0,,0.0,normalDay
2020-10-28,3860.0,-563.0,0.0,0,326.66,0.0,1,32.23,37.86,SPY210930P00334000,334.0,0,0.0,0.0,,0.0,normalDay
2020-10-29,3860.0,-287.0,0.0,0,329.98,0.0,1,32.23,35.1,SPY210930P00334000,334.0,0,0.0,0.0,,0.0,normalDay
2020-10-30,3860.0,-419.0,0.0,0,326.54,0.0,1,32.23,36.42,SPY210930P00334000,334.0,0,0.0,0.0,,0.0,normalDay
2020-11-02,3860.0,-161.0,0.0,0,330.2,0.0,1,32.23,33.84,SPY210930P00334000,334.0,0,0.0,0.0,,0.0,normalDay
2020-11-03,3860.0,89.0,0.0,0,336.03,0.0,1,32.23,31.34,SPY210930P00334000,334.0,0,0.0,0.0,,0.0,normalDay
2020-11-04,3860.0,518.0,0.0,0,343.54,0.0,1,32.23,27.05,SPY210930P00334000,334.0,0,0.0,0.0,,0.0,normalDay
2020-11-05,3860.0,708.0,0.0,0,350.24,0.0,1,32.23,25.15,SPY210930P00334000,334.0,0,0.0,0.0,,0.0,normalDay
2020-11-06,3860.0,760.0,0.0,0,350.16,0.0,1,32.23,24.63,SPY210930P00334000,334.0,0,0.0,0.0,,0.0,normalDay
2020-11-09,3860.0,986.0,0.0,0,354.56,0.0,1,32.23,22.37,SPY210930P00334000,334.0,0,0.0,0.0,,0.0,normalDay
2020-11-10,3860.0,981.0,0.0,0,354.04,0.0,1,32.23,22.42,SPY210930P00334000,334.0,0,0.0,0.0,,0.0,normalDay
2020-11-11,3860.0,1075.0,0.0,0,356.67,0.0,1,32.23,21.48,SPY210930P00334000,334.0,0,0.0,0.0,,0.0,normalDay
2020-11-12,3860.0,915.0,0.0,0,353.21,0.0,1,32.23,23.08,SPY210930P00334000,334.0,0,0.0,0.0,,0.0,normalDay
2020-11-13,3860.0,1093.0,0.0,0,358.1,0.0,1,32.23,21.3,SPY210930P00334000,334.0,0,0.0,0.0,,0.0,normalDay
2020-11-16,3860.0,1206.0,0.0,0,362.57,0.0,1,32.23,20.17,SPY210930P00334000,334.0,0,0.0,0.0,,0.0,normalDay
2020-11-17,3860.0,1158.0,0.0,0,360.62,0.0,1,32.23,20.65,SPY210930P00334000,334.0,0,0.0,0.0,,0.0,normalDay
2020-11-18,3860.0,1016.0,0.0,0,356.28,0.0,1,32.23,22.07,SPY210930P00334000,334.0,0,0.0,0.0,,0.0,normalDay
2020-11-19,3860.0,1095.0,0.0,0,357.78,0.0,1,32.23,21.28,SPY210930P00334000,334.0,0,0.0,0.0,,0.0,normalDay
2020-11-20,3860.0,993.0,0.0,0,355.33,0.0,1,32.23,22.3,SPY210930P00334000,334.0,0,0.0,0.0,,0.0,normalDay
2020-11-23,3860.0,1101.0,0.0,0,357.46,0.0,1,32.23,21.22,SPY210930P00334000,334.0,0,0.0,0.0,,0.0,normalDay
2020-11-24,3860.0,1282.0,0.0,0,363.22,0.0,1,32.23,19.41,SPY210930P00334000,334.0,0,0.0,0.0,,0.0,normalDay
2020-11-25,3860.0,1276.0,0.0,0,362.66,0.0,1,32.23,19.47,SPY210930P00334000,334.0,0,0.0,0.0,,0.0,normalDay
2020-11-27,3860.0,1257.0,0.0,0,363.67,0.0,1,32.23,19.66,SPY210930P00334000,334.0,0,0.0,0.0,,0.0,normalDay
2020-11-30,3860.0,1310.0,0.0,0,362.06,0.0,1,32.23,19.13,SPY210930P00334000,334.0,0,0.0,0.0,,0.0,normalDay
2020-12-01,3860.0,1371.0,0.0,0,366.02,0.0,1,32.23,18.52,SPY210930P00334000,334.0,0,0.0,0.0,,0.0,normalDay
2020-12-02,3860.0,1390.0,0.0,0,366.79,0.0,1,32.23,18.33,SPY210930P00334000,334.0,0,0.0,0.0,,0.0,normalDay
2020-12-03,3860.0,1388.0,0.0,0,366.69,0.0,1,32.23,18.35,SPY210930P00334000,334.0,0,0.0,0.0,,0.0,normalDay
2020-12-04,3860.0,1469.0,0.0,0,369.85,0.0,1,32.23,17.54,SPY210930P00334000,334.0,0,0.0,0.0,,0.0,normalDay
2020-12-07,3860.0,1434.0,0.0,0,369.09,0.0,1,32.23,17.89,SPY210930P00334000,334.0,0,0.0,0.0,,0.0,normalDay
2020-12-08,3860.0,1504.0,0.0,0,370.17,0.0,1,32.23,17.19,SPY210930P00334000,334.0,0,0.0,0.0,,0.0,normalDay
2020-12-09,3860.0,1387.0,0.0,0,366.85,0.0,1,32.23,18.36,SPY210930P00334000,334.0,0,0.0,0.0,,0.0,normalDay
2020-12-10,3860.0,1373.0,0.0,0,366.73,0.0,1,32.23,18.5,SPY210930P00334000,334.0,0,0.0,0.0,,0.0,normalDay
2020-12-11,3860.0,1335.0,0.0,0,366.3,0.0,1,32.23,18.88,SPY210930P00334000,334.0,0,0.0,0.0,,0.0,normalDay
2020-12-14,3860.0,1277.0,0.0,0,364.66,0.0,1,32.23,19.46,SPY210930P00334000,334.0,0,0.0,0.0,,0.0,normalDay
2020-12-15,3860.0,1412.0,0.0,0,369.59,0.0,1,32.23,18.11,SPY210930P00334000,334.0,0,0.0,0.0,,0.0,normalDay
2020-12-16,3860.0,1450.0,0.0,0,370.17,0.0,1,32.23,17.73,SPY210930P00334000,334.0,0,0.0,0.0,,0.0,normalDay
2020-12-17,3860.0,1524.0,0.0,0,372.24,0.0,1,32.23,16.99,SPY210930P00334000,334.0,0,0.0,0.0,,0.0,normalDay
2020-12-18,3860.0,1506.0,0.0,0,369.18,0.0,1,32.23,17.17,SPY210930P00334000,334.0,0,0.0,0.0,,0.0,normalDay
2020-12-21,3860.0,1382.0,0.0,0,367.86,0.0,1,32.23,18.41,SPY210930P00334000,334.0,0,0.0,0.0,,0.0,normalDay
2020-12-22,3860.0,1378.0,0.0,0,367.24,0.0,1,32.23,18.45,SPY210930P00334000,334.0,0,0.0,0.0,,0.0,normalDay
2020-12-23,3860.0,1430.0,0.0,0,367.57,0.0,1,32.23,17.93,SPY210930P00334000,334.0,0,0.0,0.0,,0.0,normalDay
2020-12-24,3860.0,1509.0,0.0,0,369.0,0.0,1,32.23,17.14,SPY210930P00334000,334.0,0,0.0,0.0,,0.0,normalDay
2020-12-28,3860.0,1599.0,0.0,0,372.17,0.0,1,32.23,16.24,SPY210930P00334000,334.0,0,0.0,0.0,,0.0,normalDay
2020-12-29,3860.0,1521.0,0.0,0,371.46,0.0,1,32.23,17.02,SPY210930P00334000,334.0,0,0.0,0.0,,0.0,normalDay
2020-12-30,3860.0,1566.0,0.0,0,371.99,0.0,1,32.23,16.57,SPY210930P00334000,334.0,0,0.0,0.0,,0.0,normalDay
2020-12-31,3860.0,1617.0,0.0,0,373.88,0.0,1,32.23,16.06,SPY210930P00334000,334.0,0,0.0,0.0,,0.0,normalDay
2021-01-04,3860.0,1422.0,0.0,0,368.79,0.0,1,32.23,18.01,SPY210930P00334000,334.0,0,0.0,0.0,,0.0,normalDay
2021-01-05,3860.0,1510.0,0.0,0,371.33,0.0,1,32.23,17.13,SPY210930P00334000,334.0,0,0.0,0.0,,0.0,normalDay
2021-01-06,3860.0,1558.0,0.0,0,373.55,0.0,1,32.23,16.65,SPY210930P00334000,334.0,0,0.0,0.0,,0.0,normalDay
2021-01-07,3860.0,1756.0,0.0,0,379.1,0.0,1,32.23,14.67,SPY210930P00334000,334.0,0,0.0,0.0,,0.0,normalDay
2021-01-08,3860.0,1806.0,0.0,0,381.26,0.0,1,32.23,14.17,SPY210930P00334000,334.0,0,0.0,0.0,,0.0,normalDay
2021-01-11,3860.0,1679.0,0.0,0,378.69,0.0,1,32.23,15.44,SPY210930P00334000,334.0,0,0.0,0.0,,0.0,normalDay
2021-01-12,3860.0,1710.0,0.0,0,378.77,0.0,1,32.23,15.13,SPY210930P00334000,334.0,0,0.0,0.0,,0.0,normalDay
2021-01-13,3860.0,1763.0,0.0,0,379.79,0.0,1,32.23,14.6,SPY210930P00334000,334.0,0,0.0,0.0,,0.0,normalDay
2021-01-14,3860.0,1695.0,0.0,0,378.46,0.0,1,32.23,15.28,SPY210930P00334000,334.0,0,0.0,0.0,,0.0,normalDay
2021-01-15,3860.0,1590.0,0.0,0,375.7,0.0,1,32.23,16.33,SPY210930P00334000,334.0,0,0.0,0.0,,0.0,normalDay
2021-01-19,3860.0,1701.0,0.0,0,378.65,0.0,1,32.23,15.22,SPY210930P00334000,334.0,0,0.0,0.0,,0.0,normalDay
2021-01-20,3860.0,1835.0,0.0,0,383.89,0.0,1,32.23,13.88,SPY210930P00334000,334.0,0,0.0,0.0,,0.0,normalDay
2021-01-21,3860.0,1829.0,0.0,0,384.24,0.0,1,32.23,13.94,SPY210930P00334000,334.0,0,0.0,0.0,,0.0,normalDay
2021-01-22,3860.0,1793.0,0.0,0,382.88,0.0,1,32.23,14.3,SPY210930P00334000,334.0,0,0.0,0.0,,0.0,normalDay
2021-01-25,3860.0,1781.0,0.0,0,384.39,0.0,1,32.23,14.42,SPY210930P00334000,334.0,0,0.0,0.0,,0.0,normalDay
2021-01-26,3860.0,1767.0,0.0,0,383.79,0.0,1,32.23,14.56,SPY210930P00334000,334.0,0,0.0,0.0,,0.0,normalDay
2021-01-27,3860.0,1272.0,0.0,0,374.41,0.0,1,32.23,19.51,SPY210930P00334000,334.0,0,0.0,0.0,,0.0,normalDay
2021-01-28,3860.0,1456.0,0.0,0,377.63,0.0,1,32.23,17.67,SPY210930P00334000,334.0,0,0.0,0.0,,0.0,normalDay
2021-01-29,3860.0,1161.0,0.0,0,370.07,0.0,1,32.23,20.62,SPY210930P00334000,334.0,0,0.0,0.0,,0.0,normalDay
2021-02-01,3860.0,1420.0,0.0,0,376.23,0.0,1,32.23,18.03,SPY210930P00334000,334.0,0,0.0,0.0,,0.0,normalDay
2021-02-02,3860.0,1673.0,0.0,0,381.55,0.0,1,32.23,15.5,SPY210930P00334000,334.0,0,0.0,0.0,,0.0,normalDay
2021-02-03,3860.0,1737.0,0.0,0,381.85,0.0,1,32.23,14.86,SPY210930P00334000,334.0,0,0.0,0.0,,0.0,normalDay
2021-02-04,3860.0,1846.0,0.0,0,386.19,0.0,1,32.23,13.77,SPY210930P00334000,334.0,0,0.0,0.0,,0.0,normalDay
2021-02-05,3860.0,1862.0,0.0,0,387.71,0.0,1,32.23,13.61,SPY210930P00334000,334.0,0,0.0,0.0,,0.0,normalDay
2021-02-08,3860.0,1925.0,0.0,0,390.51,0.0,1,32.23,12.98,SPY210930P00334000,334.0,0,0.0,0.0,,0.0,normalDay
2021-02-09,3860.0,1914.0,0.0,0,390.25,0.0,1,32.23,13.09,SPY210930P00334000,334.0,0,0.0,0.0,,0.0,normalDay
2021-02-10,3860.0,1886.0,0.0,0,390.08,0.0,1,32.23,13.37,SPY210930P00334000,334.0,0,0.0,0.0,,0.0,normalDay
2021-02-11,3860.0,1907.0,0.0,0,390.71,0.0,1,32.23,13.16,SPY210930P00334000,334.0,0,0.0,0.0,,0.0,normalDay
2021-02-12,3860.0,1971.0,0.0,0,392.64,0.0,1,32.23,12.52,SPY210930P00334000,334.0,0,0.0,0.0,,0.0,normalDay
2021-02-16,3860.0,1934.0,0.0,0,392.3,0.0,1,32.23,12.89,SPY210930P00334000,334.0,0,0.0,0.0,,0.0,normalDay
2021-02-17,3860.0,1949.0,0.0,0,392.39,0.0,1,32.23,12.74,SPY210930P00334000,334.0,0,0.0,0.0,,0.0,normalDay
2021-02-18,3860.0,1904.0,0.0,0,390.72,0.0,1,32.23,13.19,SPY210930P00334000,334.0,0,0.0,0.0,,0.0,normalDay
2021-02-19,3860.0,1913.0,0.0,0,390.03,0.0,1,32.23,13.1,SPY210930P00334000,334.0,0,0.0,0.0,,0.0,normalDay
2021-02-22,3860.0,1847.0,0.0,0,387.03,0.0,1,32.23,13.76,SPY210930P00334000,334.0,0,0.0,0.0,,0.0,normalDay
2021-02-23,3860.0,1889.0,0.0,0,387.5,0.0,1,32.23,13.34,SPY210930P00334000,334.0,0,0.0,0.0,,0.0,normalDay
2021-02-24,3860.0,2016.0,0.0,0,391.77,0.0,1,32.23,12.07,SPY210930P00334000,334.0,0,0.0,0.0,,0.0,normalDay
2021-02-25,3860.0,1725.0,0.0,0,382.33,0.0,1,32.23,14.98,SPY210930P00334000,334.0,0,0.0,0.0,,0.0,normalDay
2021-02-26,3860.0,1751.0,0.0,0,380.36,0.0,1,32.23,14.72,SPY210930P00334000,334.0,0,0.0,0.0,,0.0,normalDay
2021-03-01,3860.0,2017.0,0.0,0,389.58,0.0,1,32.23,12.06,SPY210930P00334000,334.0,0,0.0,0.0,,0.0,normalDay
2021-03-02,3860.0,1946.0,0.0,0,386.54,0.0,1,32.23,12.77,SPY210930P00334000,334.0,0,0.0,0.0,,0.0,normalDay
2021-03-03,3860.0,1822.0,0.0,0,381.42,0.0,1,32.23,14.01,SPY210930P00334000,334.0,0,0.0,0.0,,0.0,normalDay
2021-03-04,3860.0,1722.0,0.0,0,376.7,0.0,1,32.23,15.01,SPY210930P00334000,334.0,0,0.0,0.0,,0.0,normalDay
2021-03-05,3860.0,1951.0,0.0,0,383.63,0.0,1,32.23,12.72,SPY210930P00334000,334.0,0,0.0,0.0,,0.0,normalDay
2021-03-08,3860.0,1936.0,0.0,0,381.72,0.0,1,32.23,12.87,SPY210930P00334000,334.0,0,0.0,0.0,,0.0,normalDay
2021-03-09,3860.0,2053.0,0.0,0,387.17,0.0,1,32.23,11.7,SPY210930P00334000,334.0,0,0.0,0.0,,0.0,normalDay
2021-03-10,3860.0,2117.0,0.0,0,389.58,0.0,1,32.23,11.06,SPY210930P00334000,334.0,0,0.0,0.0,,0.0,normalDay
2021-03-11,3860.0,2189.0,0.0,0,393.53,0.0,1,32.23,10.34,SPY210930P00334000,334.0,0,0.0,0.0,,0.0,normalDay
2021-03-12,3860.0,2225.0,0.0,0,394.06,0.0,1,32.23,9.98,SPY210930P00334000,334.0,0,0.0,0.0,,0.0,normalDay
2021-03-15,3860.0,2284.0,0.0,0,396.41,0.0,1,32.23,9.39,SPY210930P00334000,334.0,0,0.0,0.0,,0.0,normalDay
2021-03-16,3860.0,2284.0,0.0,0,395.91,0.0,1,32.23,9.39,SPY210930P00334000,334.0,0,0.0,0.0,,0.0,normalDay
2021-03-17,3860.0,2347.0,0.0,0,397.26,0.0,1,32.23,8.76,SPY210930P00334000,334.0,0,0.0,0.0,,0.0,normalDay
2021-03-18,3860.0,2246.0,0.0,0,391.48,0.0,1,32.23,9.77,SPY210930P00334000,334.0,0,0.0,0.0,,0.0,normalDay
2021-03-19,3860.0,2242.0,0.0,0,389.48,0.0,1,32.23,9.81,SPY210930P00334000,334.0,0,0.0,0.0,,0.0,normalDay
2021-03-22,3860.0,2378.0,0.0,0,392.59,0.0,1,32.23,8.45,SPY210930P00334000,334.0,0,0.0,0.0,,0.0,normalDay
2021-03-23,3860.0,2316.0,0.0,0,389.5,0.0,1,32.23,9.07,SPY210930P00334000,334.0,0,0.0,0.0,,0.0,normalDay
2021-03-24,3860.0,2268.0,0.0,0,387.52,0.0,1,32.23,9.55,SPY210930P00334000,334.0,0,0.0,0.0,,0.0,normalDay
2021-03-25,3860.0,2349.0,0.0,0,389.7,0.0,1,32.23,8.74,SPY210930P00334000,334.0,0,0.0,0.0,,0.0,normalDay
2021-03-26,3860.0,2456.0,0.0,0,395.98,0.0,1,32.23,7.67,SPY210930P00334000,334.0,0,0.0,0.0,,0.0,normalDay
2021-03-29,3860.0,2445.0,0.0,0,395.78,0.0,1,32.23,7.78,SPY210930P00334000,334.0,0,0.0,0.0,,0.0,normalDay
2021-03-30,3860.0,2473.0,0.0,0,394.73,0.0,1,32.23,7.5,SPY210930P00334000,334.0,0,0.0,0.0,,0.0,normalDay
2021-03-31,3860.0,2514.0,0.0,0,396.33,0.0,1,32.23,7.09,SPY210930P00334000,334.0,0,0.0,0.0,,0.0,normalDay
2021-04-01,3860.0,2600.0,0.0,0,400.61,0.0,1,32.23,6.23,SPY210930P00334000,334.0,0,0.0,0.0,,0.0,normalDay
2021-04-05,3860.0,2673.0,0.0,0,406.36,0.0,1,32.23,5.5,SPY210930P00334000,334.0,0,0.0,0.0,,0.0,normalDay
2021-04-06,3860.0,2669.0,0.0,0,406.12,0.0,1,32.23,5.54,SPY210930P00334000,334.0,0,0.0,0.0,,0.0,normalDay
2021-04-07,3860.0,2696.0,0.0,0,406.59,0.0,1,32.23,5.27,SPY210930P00334000,334.0,0,0.0,0.0,,0.0,normalDay
2021-04-08,3860.0,2712.0,0.0,0,408.52,0.0,1,32.23,5.11,SPY210930P00334000,334.0,0,0.0,0.0,,0.0,normalDay
2021-04-09,3860.0,2726.0,0.0,0,411.49,0.0,1,32.23,4.97,SPY210930P00334000,334.0,0,0.0,0.0,,0.0,normalDay
2021-04-12,3860.0,2733.0,0.0,0,411.64,0.0,1,32.23,4.9,SPY210930P00334000,334.0,0,0.0,0.0,,0.0,normalDay
2021-04-13,3860.0,2753.0,0.0,0,412.86,0.0,1,32.23,4.7,SPY210930P00334000,334.0,0,0.0,0.0,,0.0,normalDay
2021-04-14,3860.0,2737.0,0.0,0,411.45,0.0,1,32.23,4.86,SPY210930P00334000,334.0,0,0.0,0.0,,0.0,normalDay
2021-04-15,3860.0,2776.0,0.0,0,415.87,0.0,1,32.23,4.47,SPY210930P00334000,334.0,0,0.0,0.0,,0.0,normalDay
2021-04-16,3860.0,2786.0,0.0,0,417.26,0.0,1,32.23,4.37,SPY210930P00334000,334.0,0,0.0,0.0,,0.0,normalDay
2021-04-19,3860.0,2758.0,0.0,0,415.21,0.0,1,32.23,4.65,SPY210930P00334000,334.0,0,0.0,0.0,,0.0,normalDay
2021-04-20,3860.0,2715.0,0.0,0,412.17,0.0,1,32.23,5.08,SPY210930P00334000,334.0,0,0.0,0.0,,0.0,normalDay
2021-04-21,3860.0,2769.0,0.0,0,416.07,0.0,1,32.23,4.54,SPY210930P00334000,334.0,0,0.0,0.0,,0.0,normalDay
2021-04-22,3860.0,2708.0,0.0,0,412.27,0.0,1,32.23,5.15,SPY210930P00334000,334.0,0,0.0,0.0,,0.0,normalDay
2021-04-23,3860.0,2775.0,0.0,0,416.74,0.0,1,32.23,4.48,SPY210930P00334000,334.0,0,0.0,0.0,,0.0,normalDay
2021-04-26,3860.0,2788.0,0.0,0,417.61,0.0,1,32.23,4.35,SPY210930P00334000,334.0,0,0.0,0.0,,0.0,normalDay
2021-04-27,3860.0,2796.0,0.0,0,417.52,0.0,1,32.23,4.27,SPY210930P00334000,334.0,0,0.0,0.0,,0.0,normalDay
2021-04-28,3860.0,2808.0,0.0,0,417.4,0.0,1,32.23,4.15,SPY210930P00334000,334.0,0,0.0,0.0,,0.0,normalDay
2021-04-29,3860.0,2816.0,0.0,0,420.06,0.0,1,32.23,4.07,SPY210930P00334000,334.0,0,0.0,0.0,,0.0,normalDay
2021-04-30,3860.0,2785.0,0.0,0,417.3,0.0,1,32.23,4.38,SPY210930P00334000,334.0,0,0.0,0.0,,0.0,normalDay
2021-05-03,3860.0,2806.0,0.0,0,418.2,0.0,1,32.23,4.17,SPY210930P00334000,334.0,0,0.0,0.0,,0.0,normalDay
2021-05-04,3860.0,2767.0,0.0,0,415.62,0.0,1,32.23,4.56,SPY210930P00334000,334.0,0,0.0,0.0,,0.0,normalDay
2021-05-05,3860.0,2782.0,0.0,0,415.75,0.0,1,32.23,4.41,SPY210930P00334000,334.0,0,0.0,0.0,,0.0,normalDay
2021-05-06,3860.0,2820.0,0.0,0,419.07,0.0,1,32.23,4.03,SPY210930P00334000,334.0,0,0.0,0.0,,0.0,normalDay
2021-05-07,3860.0,2864.0,0.0,0,422.12,0.0,1,32.23,3.59,SPY210930P00334000,334.0,0,0.0,0.0,,0.0,normalDay
2021-05-10,3860.0,2806.0,0.0,0,417.94,0.0,1,32.23,4.17,SPY210930P00334000,334.0,0,0.0,0.0,,0.0,normalDay
2021-05-11,3860.0,2747.0,0.0,0,414.21,0.0,1,32.23,4.76,SPY210930P00334000,334.0,0,0.0,0.0,,0.0,normalDay
2021-05-12,3860.0,2550.0,0.0,0,405.41,0.0,1,32.23,6.73,SPY210930P00334000,334.0,0,0.0,0.0,,0.0,normalDay
2021-05-13,3860.0,2692.0,0.0,0,410.28,0.0,1,32.23,5.31,SPY210930P00334000,334.0,0,0.0,0.0,,0.0,normalDay
2021-05-14,3860.0,2820.0,0.0,0,416.58,0.0,1,32.23,4.03,SPY210930P00334000,334.0,0,0.0,0.0,,0.0,normalDay
2021-05-17,3860.0,2789.0,0.0,0,415.52,0.0,1,32.23,4.34,SPY210930P00334000,334.0,0,0.0,0.0,,0.0,normalDay
2021-05-18,3860.0,2734.0,0.0,0,411.94,0.0,1,32.23,4.89,SPY210930P00334000,334.0,0,0.0,0.0,,0.0,normalDay
2021-05-19,3860.0,2714.0,0.0,0,410.86,0.0,1,32.23,5.09,SPY210930P00334000,334.0,0,0.0,0.0,,0.0,normalDay
2021-05-20,3860.0,2778.0,0.0,0,415.28,0.0,1,32.23,4.45,SPY210930P00334000,334.0,0,0.0,0.0,,0.0,normalDay
2021-05-21,3860.0,2793.0,0.0,0,414.94,0.0,1,32.23,4.3,SPY210930P00334000,334.0,0,0.0,0.0,,0.0,normalDay
2021-05-24,3860.0,2864.0,0.0,0,419.17,0.0,1,32.23,3.59,SPY210930P00334000,334.0,0,0.0,0.0,,0.0,normalDay
2021-05-25,3860.0,2860.0,0.0,0,418.24,0.0,1,32.23,3.63,SPY210930P00334000,334.0,0,0.0,0.0,,0.0,normalDay
2021-05-26,3860.0,2899.0,0.0,0,419.07,0.0,1,32.23,3.24,SPY210930P00334000,334.0,0,0.0,0.0,,0.0,normalDay
2021-05-27,3860.0,2933.0,0.0,0,419.29,0.0,1,32.23,2.9,SPY210930P00334000,334.0,0,0.0,0.0,,0.0,normalDay
2021-05-28,3860.0,2937.0,0.0,0,420.04,0.0,1,32.23,2.86,SPY210930P00334000,334.0,0,0.0,0.0,,0.0,normalDay
2021-06-01,3860.0,2923.0,0.0,0,419.67,0.0,1,32.23,3.0,SPY210930P00334000,334.0,0,0.0,0.0,,0.0,normalDay
2021-06-02,3860.0,2932.0,0.0,0,420.33,0.0,1,32.23,2.91,SPY210930P00334000,334.0,0,0.0,0.0,,0.0,normalDay
2021-06-03,3860.0,2915.0,0.0,0,418.77,0.0,1,32.23,3.08,SPY210930P00334000,334.0,0,0.0,0.0,,0.0,normalDay
2021-06-04,3860.0,2960.0,0.0,0,422.6,0.0,1,32.23,2.63,SPY210930P00334000,334.0,0,0.0,0.0,,0.0,normalDay
2021-06-07,3860.0,2974.0,0.0,0,422.19,0.0,1,32.23,2.49,SPY210930P00334000,334.0,0,0.0,0.0,,0.0,normalDay
2021-06-08,3860.0,2972.0,0.0,0,422.28,0.0,1,32.23,2.51,SPY210930P00334000,334.0,0,0.0,0.0,,0.0,normalDay
2021-06-09,3860.0,2966.0,0.0,0,421.65,0.0,1,32.23,2.57,SPY210930P00334000,334.0,0,0.0,0.0,,0.0,normalDay
2021-06-10,3860.0,3006.0,0.0,0,423.61,0.0,1,32.23,2.17,SPY210930P00334000,334.0,0,0.0,0.0,,0.0,normalDay
2021-06-11,3860.0,3020.0,0.0,0,424.31,0.0,1,32.23,2.03,SPY210930P00334000,334.0,0,0.0,0.0,,0.0,normalDay
2021-06-14,3860.0,3022.0,0.0,0,425.26,0.0,1,32.23,2.01,SPY210930P00334000,334.0,0,0.0,0.0,,0.0,normalDay
2021-06-15,3860.0,3009.0,0.0,0,424.48,0.0,1,32.23,2.14,SPY210930P00334000,334.0,0,0.0,0.0,,0.0,normalDay
2021-06-16,3860.0,2996.0,0.0,0,422.11,0.0,1,32.23,2.27,SPY210930P00334000,334.0,0,0.0,0.0,,0.0,normalDay
2021-06-17,3860.0,3010.0,0.0,0,421.97,0.0,1,32.23,2.13,SPY210930P00334000,334.0,0,0.0,0.0,,0.0,normalDay
2021-06-18,3860.0,2944.0,0.0,0,414.92,0.0,1,32.23,2.79,SPY210930P00334000,334.0,0,0.0,0.0,,0.0,normalDay
2021-06-21,3860.0,3028.0,0.0,0,420.86,0.0,1,32.23,1.95,SPY210930P00334000,334.0,0,0.0,0.0,,0.0,normalDay
2021-06-22,3860.0,3049.0,0.0,0,423.11,0.0,1,32.23,1.74,SPY210930P00334000,334.0,0,0.0,0.0,,0.0,normalDay
2021-06-23,3860.0,3058.0,0.0,0,422.6,0.0,1,32.23,1.65,SPY210930P00334000,334.0,0,0.0,0.0,,0.0,normalDay
2021-06-24,3860.0,3074.0,0.0,0,425.1,0.0,1,32.23,1.49,SPY210930P00334000,334.0,0,0.0,0.0,,0.0,normalDay
2021-06-25,3860.0,3086.0,0.0,0,426.61,0.0,1,32.23,1.37,SPY210930P00334000,334.0,0,0.0,0.0,,0.0,normalDay
2021-06-28,3860.0,3090.0,0.0,0,427.47,0.0,1,32.23,1.33,SPY210930P00334000,334.0,0,0.0,0.0,,0.0,normalDay
2021-06-29,3860.0,3082.0,0.0,0,427.7,0.0,1,32.23,1.41,SPY210930P00334000,334.0,0,0.0,0.0,,0.0,normalDay
2021-06-30,3860.0,3088.0,0.0,0,428.06,0.0,1,32.23,1.35,SPY210930P00334000,334.0,0,0.0,0.0,,0.0,normalDay
2021-07-01,3860.0,3093.0,0.0,0,430.43,0.0,1,32.23,1.3,SPY210930P00334000,334.0,0,0.0,0.0,,0.0,normalDay
2021-07-02,3860.0,3102.0,0.0,0,433.72,0.0,1,32.23,1.21,SPY210930P00334000,334.0,0,0.0,0.0,,0.0,normalDay
2021-07-06,3860.0,3097.0,0.0,0,432.93,0.0,1,32.23,1.26,SPY210930P00334000,334.0,0,0.0,0.0,,0.0,normalDay
2021-07-07,3860.0,3101.0,0.0,0,434.46,0.0,1,32.23,1.22,SPY210930P00334000,334.0,0,0.0,0.0,,0.0,normalDay
2021-07-08,3860.0,3073.0,0.0,0,430.92,0.0,1,32.23,1.5,SPY210930P00334000,334.0,0,0.0,0.0,,0.0,normalDay
2021-07-09,3860.0,3104.0,0.0,0,435.52,0.0,1,32.23,1.19,SPY210930P00334000,334.0,0,0.0,0.0,,0.0,normalDay
2021-07-12,3860.0,3114.0,0.0,0,437.08,0.0,1,32.23,1.09,SPY210930P00334000,334.0,0,0.0,0.0,,0.0,normalDay
2021-07-13,3860.0,3104.0,0.0,0,435.59,0.0,1,32.23,1.19,SPY210930P00334000,334.0,0,0.0,0.0,,0.0,normalDay
2021-07-14,3860.0,3118.0,0.0,0,436.24,0.0,1,32.23,1.05,SPY210930P00334000,334.0,0,0.0,0.0,,0.0,normalDay
2021-07-15,3860.0,3112.0,0.0,0,434.75,0.0,1,32.23,1.11,SPY210930P00334000,334.0,0,0.0,0.0,,0.0,normalDay
2021-07-16,3860.0,3096.0,0.0,0,431.34,0.0,1,32.23,1.27,SPY210930P00334000,334.0,0,0.0,0.0,,0.0,normalDay
2021-07-19,3860.0,3041.0,0.0,0,424.97,0.0,1,32.23,1.82,SPY210930P00334000,334.0,0,0.0,0.0,,0.0,normalDay
2021-07-20,3860.0,3087.0,0.0,0,431.06,0.0,1,32.23,1.36,SPY210930P00334000,334.0,0,0.0,0.0,,0.0,normalDay
2021-07-21,3860.0,3117.0,0.0,0,434.55,0.0,1,32.23,1.06,SPY210930P00334000,334.0,0,0.0,0.0,,0.0,normalDay
2021-07-22,3860.0,3121.0,0.0,0,435.46,0.0,1,32.23,1.02,SPY210930P00334000,334.0,0,0.0,0.0,,0.0,normalDay
2021-07-23,3860.0,3130.0,0.0,0,439.94,0.0,1,32.23,0.93,SPY210930P00334000,334.0,0,0.0,0.0,,0.0,normalDay
2021-07-26,3860.0,3139.0,0.0,0,441.02,0.0,1,32.23,0.84,SPY210930P00334000,334.0,0,0.0,0.0,,0.0,normalDay
2021-07-27,3860.0,3126.0,0.0,0,439.01,0.0,1,32.23,0.97,SPY210930P00334000,334.0,0,0.0,0.0,,0.0,normalDay
2021-07-28,3860.0,3138.0,0.0,0,438.83,0.0,1,32.23,0.85,SPY210930P00334000,334.0,0,0.0,0.0,,0.0,normalDay
2021-07-29,3860.0,3147.0,0.0,0,440.65,0.0,1,32.23,0.76,SPY210930P00334000,334.0,0,0.0,0.0,,0.0,normalDay
2021-07-30,3860.0,3142.0,0.0,0,438.51,0.0,1,32.23,0.81,SPY210930P00334000,334.0,0,0.0,0.0,,0.0,normalDay
2021-08-02,3860.0,3136.0,0.0,0,437.59,0.0,1,32.23,0.87,SPY210930P00334000,334.0,0,0.0,0.0,,0.0,normalDay
2021-08-03,3860.0,3154.0,0.0,0,441.15,0.0,1,32.23,0.69,SPY210930P00334000,334.0,0,0.0,0.0,,0.0,normalDay
2021-08-04,3860.0,3154.0,0.0,0,438.98,0.0,1,32.23,0.69,SPY210930P00334000,334.0,0,0.0,0.0,,0.0,normalDay
2021-08-05,3860.0,3162.0,0.0,0,441.76,0.0,1,32.23,0.61,SPY210930P00334000,334.0,0,0.0,0.0,,0.0,normalDay
2021-08-06,3860.0,3170.0,0.0,0,442.49,0.0,1,32.23,0.53,SPY210930P00334000,334.0,0,0.0,0.0,,0.0,normalDay
2021-08-09,3860.0,3172.0,0.0,0,442.13,0.0,1,32.23,0.51,SPY210930P00334000,334.0,0,0.0,0.0,,0.0,normalDay
2021-08-10,3860.0,3174.0,0.0,0,442.68,0.0,1,32.23,0.49,SPY210930P00334000,334.0,0,0.0,0.0,,0.0,normalDay
2021-08-11,3860.0,3180.0,0.0,0,443.78,0.0,1,32.23,0.43,SPY210930P00334000,334.0,0,0.0,0.0,,0.0,normalDay
2021-08-12,3860.0,3184.0,0.0,0,445.11,0.0,1,32.23,0.39,SPY210930P00334000,334.0,0,0.0,0.0,,0.0,normalDay
2021-08-13,3860.0,3184.0,0.0,0,445.92,0.0,1,32.23,0.39,SPY210930P00334000,334.0,0,0.0,0.0,,0.0,normalDay
2021-08-16,3860.0,3187.0,0.0,0,446.97,0.0,1,32.23,0.36,SPY210930P00334000,334.0,0,0.0,0.0,,0.0,normalDay
2021-08-17,3860.0,3180.0,0.0,0,444.04,0.0,1,32.23,0.43,SPY210930P00334000,334.0,0,0.0,0.0,,0.0,normalDay
2021-08-18,3860.0,3162.0,0.0,0,439.18,0.0,1,32.23,0.61,SPY210930P00334000,334.0,0,0.0,0.0,,0.0,normalDay
2021-08-19,3860.0,3158.0,0.0,0,439.86,0.0,1,32.23,0.65,SPY210930P00334000,334.0,0,0.0,0.0,,0.0,normalDay
2021-08-20,3860.0,3181.0,0.0,0,443.36,0.0,1,32.23,0.42,SPY210930P00334000,334.0,0,0.0,0.0,,0.0,normalDay
2021-08-23,3860.0,3193.0,0.0,0,447.26,0.0,1,32.23,0.3,SPY210930P00334000,334.0,0,0.0,0.0,,0.0,normalDay
2021-08-24,3860.0,3194.0,0.0,0,447.97,0.0,1,32.23,0.29,SPY210930P00334000,334.0,0,0.0,0.0,,0.0,normalDay
2021-08-25,3860.0,3197.0,0.0,0,448.91,0.0,1,32.23,0.26,SPY210930P00334000,334.0,0,0.0,0.0,,0.0,normalDay
2021-08-26,3860.0,3190.0,0.0,0,446.26,0.0,1,32.23,0.33,SPY210930P00334000,334.0,0,0.0,0.0,,0.0,normalDay
2021-08-27,3860.0,3199.0,0.0,0,450.25,0.0,1,32.23,0.24,SPY210930P00334000,334.0,0,0.0,0.0,,0.0,normalDay
2021-08-30,3860.0,3206.0,0.0,0,452.23,0.0,1,32.23,0.17,SPY210930P00334000,334.0,0,0.0,0.0,,0.0,normalDay
2021-08-31,3860.0,3206.0,0.0,0,451.56,0.0,1,32.23,0.17,SPY210930P00334000,334.0,0,0.0,0.0,,0.0,normalDay
2021-09-01,3860.0,3209.0,0.0,0,451.8,0.0,1,32.23,0.14,SPY210930P00334000,334.0,0,0.0,0.0,,0.0,normalDay
2021-09-02,3860.0,3208.0,0.0,0,453.19,0.0,1,32.23,0.15,SPY210930P00334000,334.0,0,0.0,0.0,,0.0,normalDay
2021-09-03,3860.0,3209.0,0.0,0,453.08,0.0,1,32.23,0.14,SPY210930P00334000,334.0,0,0.0,0.0,,0.0,normalDay
2021-09-07,3860.0,3210.0,0.0,0,451.46,0.0,1,32.23,0.13,SPY210930P00334000,334.0,0,0.0,0.0,,0.0,normalDay
2021-09-08,3860.0,3212.0,0.0,0,450.91,0.0,1,32.23,0.11,SPY210930P00334000,334.0,0,0.0,0.0,,0.0,normalDay
2021-09-09,3860.0,3211.0,0.0,0,448.98,0.0,1,32.23,0.12,SPY210930P00334000,334.0,0,0.0,0.0,,0.0,normalDay
2021-09-10,3860.0,3203.0,0.0,0,445.44,0.0,1,32.23,0.2,SPY210930P00334000,334.0,0,0.0,0.0,,0.0,normalDay
2021-09-13,3860.0,3211.0,0.0,0,446.58,0.0,1,32.23,0.12,SPY210930P00334000,334.0,0,0.0,0.0,,0.0,normalDay
2021-09-14,3860.0,3212.0,0.0,0,444.17,0.0,1,32.23,0.11,SPY210930P00334000,334.0,0,0.0,0.0,,0.0,normalDay
2021-09-15,3860.0,3216.0,0.0,0,447.88,0.0,1,32.23,0.07,SPY210930P00334000,334.0,0,0.0,0.0,,0.0,normalDay
2021-09-16,3860.0,3216.0,0.0,0,447.17,0.0,1,32.23,0.07,SPY210930P00334000,334.0,0,0.0,0.0,,0.0,normalDay
2021-09-17,3860.0,3213.0,0.0,0,441.4,0.0,1,32.23,0.1,SPY210930P00334000,334.0,0,0.0,0.0,,0.0,normalDay
2021-09-20,3860.0,3212.0,0.0,0,434.04,0.0,1,32.23,0.11,SPY210930P00334000,334.0,0,0.0,0.0,,0.0,normalDay
2021-09-21,3860.0,3216.0,0.0,0,433.63,0.0,1,32.23,0.07,SPY210930P00334000,334.0,0,0.0,0.0,,0.0,normalDay
2021-09-22,3860.0,3220.0,0.0,0,437.86,0.0,1,32.23,0.03,SPY210930P00334000,334.0,0,0.0,0.0,,0.0,normalDay
2021-09-23,3860.0,3222.0,0.0,0,443.18,0.0,1,32.23,0.01,SPY210930P00334000,334.0,0,0.0,0.0,,0.0,normalDay
2021-09-24,3860.0,3222.0,0.0,0,443.91,0.0,1,32.23,0.01,SPY210930P00334000,334.0,0,0.0,0.0,,0.0,normalDay
2021-09-27,3860.0,3222.0,0.0,0,442.64,0.0,1,32.23,0.01,SPY210930P00334000,334.0,0,0.0,0.0,,0.0,normalDay
2021-09-28,3860.0,3222.0,0.0,0,433.72,0.0,1,32.23,0.01,SPY210930P00334000,334.0,0,0.0,0.0,,0.0,normalDay
2021-09-29,3860.0,3222.0,0.0,0,434.45,0.0,1,32.23,0.01,SPY210930P00334000,334.0,0,0.0,0.0,,0.0,normalDay
2021-09-30,7083.0,0.0,3223.0,0,429.14,0.0,1,32.23,0.0,SPY210930P00334000,334.0,0,0.0,0.0,,0.0,expirationDay
2021-10-01,7083.0,-248.0,0.0,0,434.24,0.0,1,38.09,40.57,SPY220930P00441000,441.0,0,0.0,0.0,,0.0,normalDay
2021-10-04,7083.0,-489.0,0.0,0,428.64,0.0,1,38.09,42.98,SPY220930P00441000,441.0,0,0.0,0.0,,0.0,normalDay
2021-10-05,7083.0,-243.0,0.0,0,433.1,0.0,1,38.09,40.52,SPY220930P00441000,441.0,0,0.0,0.0,,0.0,normalDay
2021-10-06,7083.0,-168.0,0.0,0,434.9,0.0,1,38.09,39.77,SPY220930P00441000,441.0,0,0.0,0.0,,0.0,normalDay
2021-10-07,7083.0,96.0,0.0,0,438.66,0.0,1,38.09,37.13,SPY220930P00441000,441.0,0,0.0,0.0,,0.0,normalDay
2021-10-08,7083.0,64.0,0.0,0,437.86,0.0,1,38.09,37.45,SPY220930P00441000,441.0,0,0.0,0.0,,0.0,normalDay
2021-10-11,7083.0,-46.0,0.0,0,434.69,0.0,1,38.09,38.55,SPY220930P00441000,441.0,0,0.0,0.0,,0.0,normalDay
2021-10-12,7083.0,-92.0,0.0,0,433.62,0.0,1,38.09,39.01,SPY220930P00441000,441.0,0,0.0,0.0,,0.0,normalDay
2021-10-13,7083.0,73.0,0.0,0,435.18,0.0,1,38.09,37.36,SPY220930P00441000,441.0,0,0.0,0.0,,0.0,normalDay
2021-10-14,7083.0,412.0,0.0,0,442.5,0.0,1,38.09,33.97,SPY220930P00441000,441.0,0,0.0,0.0,,0.0,normalDay
2021-10-15,7083.0,493.0,0.0,0,445.87,0.0,1,38.09,33.16,SPY220930P00441000,441.0,0,0.0,0.0,,0.0,normalDay
2021-10-18,7083.0,521.0,0.0,0,447.19,0.0,1,38.09,32.88,SPY220930P00441000,441.0,0,0.0,0.0,,0.0,normalDay
2021-10-19,7083.0,717.0,0.0,0,450.64,0.0,1,38.09,30.92,SPY220930P00441000,441.0,0,0.0,0.0,,0.0,normalDay
2021-10-20,7083.0,774.0,0.0,0,452.41,0.0,1,38.09,30.35,SPY220930P00441000,441.0,0,0.0,0.0,,0.0,normalDay
2021-10-21,7083.0,842.0,0.0,0,453.59,0.0,1,38.09,29.67,SPY220930P00441000,441.0,0,0.0,0.0,,0.0,normalDay
2021-10-22,7083.0,795.0,0.0,0,453.12,0.0,1,38.09,30.14,SPY220930P00441000,441.0,0,0.0,0.0,,0.0,normalDay
2021-10-25,7083.0,896.0,0.0,0,455.55,0.0,1,38.09,29.13,SPY220930P00441000,441.0,0,0.0,0.0,,0.0,normalDay
2021-10-26,7083.0,922.0,0.0,0,455.96,0.0,1,38.09,28.87,SPY220930P00441000,441.0,0,0.0,0.0,,0.0,normalDay
2021-10-27,7083.0,788.0,0.0,0,453.94,0.0,1,38.09,30.21,SPY220930P00441000,441.0,0,0.0,0.0,,0.0,normalDay
2021-10-28,7083.0,911.0,0.0,0,458.32,0.0,1,38.09,28.98,SPY220930P00441000,441.0,0,0.0,0.0,,0.0,normalDay
2021-10-29,7083.0,1012.0,0.0,0,459.25,0.0,1,38.09,27.97,SPY220930P00441000,441.0,0,0.0,0.0,,0.0,normalDay
2021-11-01,7083.0,1037.0,0.0,0,460.04,0.0,1,38.09,27.72,SPY220930P00441000,441.0,0,0.0,0.0,,0.0,normalDay
2021-11-02,7083.0,1095.0,0.0,0,461.9,0.0,1,38.09,27.14,SPY220930P00441000,441.0,0,0.0,0.0,,0.0,normalDay
2021-11-03,7083.0,1190.0,0.0,0,464.72,0.0,1,38.09,26.19,SPY220930P00441000,441.0,0,0.0,0.0,,0.0,normalDay
2021-11-04,7083.0,1234.0,0.0,0,466.91,0.0,1,38.09,25.75,SPY220930P00441000,441.0,0,0.0,0.0,,0.0,normalDay
2021-11-05,7083.0,1239.0,0.0,0,468.53,0.0,1,38.09,25.7,SPY220930P00441000,441.0,0,0.0,0.0,,0.0,normalDay
2021-11-08,7083.0,1239.0,0.0,0,468.93,0.0,1,38.09,25.7,SPY220930P00441000,441.0,0,0.0,0.0,,0.0,normalDay
2021-11-09,7083.0,1183.0,0.0,0,467.38,0.0,1,38.09,26.26,SPY220930P00441000,441.0,0,0.0,0.0,,0.0,normalDay
2021-11-10,7083.0,1089.0,0.0,0,463.62,0.0,1,38.09,27.2,SPY220930P00441000,441.0,0,0.0,0.0,,0.0,normalDay
2021-11-11,7083.0,1143.0,0.0,0,463.77,0.0,1,38.09,26.66,SPY220930P00441000,441.0,0,0.0,0.0,,0.0,normalDay
2021-11-12,7083.0,1276.0,0.0,0,467.27,0.0,1,38.09,25.33,SPY220930P00441000,441.0,0,0.0,0.0,,0.0,normalDay
2021-11-15,7083.0,1272.0,0.0,0,467.43,0.0,1,38.09,25.37,SPY220930P00441000,441.0,0,0.0,0.0,,0.0,normalDay
2021-11-16,7083.0,1313.0,0.0,0,469.28,0.0,1,38.09,24.96,SPY220930P00441000,441.0,0,0.0,0.0,,0.0,normalDay
2021-11-17,7083.0,1207.0,0.0,0,468.14,0.0,1,38.09,26.02,SPY220930P00441000,441.0,0,0.0,0.0,,0.0,normalDay
2021-11-18,7083.0,1256.0,0.0,0,469.73,0.0,1,38.09,25.53,SPY220930P00441000,441.0,0,0.0,0.0,,0.0,normalDay
2021-11-19,7083.0,1221.0,0.0,0,468.89,0.0,1,38.09,25.88,SPY220930P00441000,441.0,0,0.0,0.0,,0.0,normalDay
2021-11-22,7083.0,1141.0,0.0,0,467.57,0.0,1,38.09,26.68,SPY220930P00441000,441.0,0,0.0,0.0,,0.0,normalDay
2021-11-23,7083.0,1180.0,0.0,0,468.19,0.0,1,38.09,26.29,SPY220930P00441000,441.0,0,0.0,0.0,,0.0,normalDay
2021-11-24,7083.0,1256.0,0.0,0,469.44,0.0,1,38.09,25.53,SPY220930P00441000,441.0,0,0.0,0.0,,0.0,normalDay
2021-11-26,7083.0,401.0,0.0,0,458.97,0.0,1,38.09,34.08,SPY220930P00441000,441.0,0,0.0,0.0,,0.0,normalDay
2021-11-29,7083.0,1027.0,0.0,0,464.6,0.0,1,38.09,27.82,SPY220930P00441000,441.0,0,0.0,0.0,,0.0,normalDay
2021-11-30,7083.0,652.0,0.0,0,455.56,0.0,1,38.09,31.57,SPY220930P00441000,441.0,0,0.0,0.0,,0.0,normalDay
2021-12-01,7083.0,201.0,0.0,0,450.5,0.0,1,38.09,36.08,SPY220930P00441000,441.0,0,0.0,0.0,,0.0,normalDay
2021-12-02,7083.0,639.0,0.0,0,457.4,0.0,1,38.09,31.7,SPY220930P00441000,441.0,0,0.0,0.0,,0.0,normalDay
2021-12-03,7083.0,348.0,0.0,0,453.42,0.0,1,38.09,34.61,SPY220930P00441000,441.0,0,0.0,0.0,,0.0,normalDay
2021-12-06,7083.0,681.0,0.0,0,458.79,0.0,1,38.09,31.28,SPY220930P00441000,441.0,0,0.0,0.0,,0.0,normalDay
2021-12-07,7083.0,1160.0,0.0,0,468.28,0.0,1,38.09,26.49,SPY220930P00441000,441.0,0,0.0,0.0,,0.0,normalDay
2021-12-08,7083.0,1244.0,0.0,0,469.52,0.0,1,38.09,25.65,SPY220930P00441000,441.0,0,0.0,0.0,,0.0,normalDay
2021-12-09,7083.0,1116.0,0.0,0,466.35,0.0,1,38.09,26.93,SPY220930P00441000,441.0,0,0.0,0.0,,0.0,normalDay
2021-12-10,7083.0,1306.0,0.0,0,470.74,0.0,1,38.09,25.03,SPY220930P00441000,441.0,0,0.0,0.0,,0.0,normalDay
2021-12-13,7083.0,1125.0,0.0,0,466.57,0.0,1,38.09,26.84,SPY220930P00441000,441.0,0,0.0,0.0,,0.0,normalDay
2021-12-14,7083.0,994.0,0.0,0,463.36,0.0,1,38.09,28.15,SPY220930P00441000,441.0,0,0.0,0.0,,0.0,normalDay
2021-12-15,7083.0,1308.0,0.0,0,470.6,0.0,1,38.09,25.01,SPY220930P00441000,441.0,0,0.0,0.0,,0.0,normalDay
2021-12-16,7083.0,1108.0,0.0,0,466.45,0.0,1,38.09,27.01,SPY220930P00441000,441.0,0,0.0,0.0,,0.0,normalDay
2021-12-17,7083.0,944.0,0.0,0,459.87,0.0,1,38.09,28.65,SPY220930P00441000,441.0,0,0.0,0.0,,0.0,normalDay
2021-12-20,7083.0,793.0,0.0,0,454.98,0.0,1,38.09,30.16,SPY220930P00441000,441.0,0,0.0,0.0,,0.0,normalDay
2021-12-21,7083.0,1088.0,0.0,0,463.06,0.0,1,38.09,27.21,SPY220930P00441000,441.0,0,0.0,0.0,,0.0,normalDay
2021-12-22,7083.0,1293.0,0.0,0,467.69,0.0,1,38.09,25.16,SPY220930P00441000,441.0,0,0.0,0.0,,0.0,normalDay
2021-12-23,7083.0,1399.0,0.0,0,470.6,0.0,1,38.09,24.1,SPY220930P00441000,441.0,0,0.0,0.0,,0.0,normalDay
2021-12-27,7083.0,1601.0,0.0,0,477.26,0.0,1,38.09,22.08,SPY220930P00441000,441.0,0,0.0,0.0,,0.0,normalDay
2021-12-28,7083.0,1622.0,0.0,0,476.87,0.0,1,38.09,21.87,SPY220930P00441000,441.0,0,0.0,0.0,,0.0,normalDay
2021-12-29,7083.0,1658.0,0.0,0,477.48,0.0,1,38.09,21.51,SPY220930P00441000,441.0,0,0.0,0.0,,0.0,normalDay
2021-12-30,7083.0,1600.0,0.0,0,476.16,0.0,1,38.09,22.09,SPY220930P00441000,441.0,0,0.0,0.0,,0.0,normalDay
2021-12-31,7083.0,1628.0,0.0,0,474.96,0.0,1,38.09,21.81,SPY220930P00441000,441.0,0,0.0,0.0,,0.0,normalDay
2022-01-03,7083.0,1722.0,0.0,0,477.71,0.0,1,38.09,20.87,SPY220930P00441000,441.0,0,0.0,0.0,,0.0,normalDay
2022-01-04,7083.0,1705.0,0.0,0,477.55,0.0,1,38.09,21.04,SPY220930P00441000,441.0,0,0.0,0.0,,0.0,normalDay
2022-01-05,7083.0,1404.0,0.0,0,468.38,0.0,1,38.09,24.05,SPY220930P00441000,441.0,0,0.0,0.0,,0.0,normalDay
2022-01-06,7083.0,1405.0,0.0,0,467.94,0.0,1,38.09,24.04,SPY220930P00441000,441.0,0,0.0,0.0,,0.0,normalDay
2022-01-07,7083.0,1403.0,0.0,0,466.09,0.0,1,38.09,24.06,SPY220930P00441000,441.0,0,0.0,0.0,,0.0,normalDay
2022-01-10,7083.0,1414.0,0.0,0,465.51,0.0,1,38.09,23.95,SPY220930P00441000,441.0,0,0.0,0.0,,0.0,normalDay
2022-01-11,7083.0,1579.0,0.0,0,469.75,0.0,1,38.09,22.3,SPY220930P00441000,441.0,0,0.0,0.0,,0.0,normalDay
2022-01-12,7083.0,1638.0,0.0,0,471.02,0.0,1,38.09,21.71,SPY220930P00441000,441.0,0,0.0,0.0,,0.0,normalDay
2022-01-13,7083.0,1375.0,0.0,0,464.53,0.0,1,38.09,24.34,SPY220930P00441000,441.0,0,0.0,0.0,,0.0,normalDay
2022-01-14,7083.0,1441.0,0.0,0,464.72,0.0,1,38.09,23.68,SPY220930P00441000,441.0,0,0.0,0.0,,0.0,normalDay
2022-01-18,7083.0,1080.0,0.0,0,456.49,0.0,1,38.09,27.29,SPY220930P00441000,441.0,0,0.0,0.0,,0.0,normalDay
2022-01-19,7083.0,951.0,0.0,0,451.75,0.0,1,38.09,28.58,SPY220930P00441000,441.0,0,0.0,0.0,,0.0,normalDay
2022-01-20,7083.0,640.0,0.0,0,446.75,0.0,1,38.09,31.69,SPY220930P00441000,441.0,0,0.0,0.0,,0.0,normalDay
2022-01-21,7083.0,253.0,0.0,0,437.98,0.0,1,38.09,35.56,SPY220930P00441000,441.0,0,0.0,0.0,,0.0,normalDay
2022-01-24,7083.0,288.0,0.0,0,439.84,0.0,1,38.09,35.21,SPY220930P00441000,441.0,0,0.0,0.0,,0.0,normalDay
2022-01-25,7083.0,-28.0,0.0,0,434.47,0.0,1,38.09,38.37,SPY220930P00441000,441.0,0,0.0,0.0,,0.0,normalDay
2022-01-26,7083.0,5.0,0.0,0,433.38,0.0,1,38.09,38.04,SPY220930P00441000,441.0,0,0.0,0.0,,0.0,normalDay
2022-01-27,7083.0,26.0,0.0,0,431.24,0.0,1,38.09,37.83,SPY220930P00441000,441.0,0,0.0,0.0,,0.0,normalDay
2022-01-28,7083.0,580.0,0.0,0,441.95,0.0,1,38.09,32.29,SPY220930P00441000,441.0,0,0.0,0.0,,0.0,normalDay
2022-01-31,7083.0,949.0,0.0,0,449.91,0.0,1,38.09,28.6,SPY220930P00441000,441.0,0,0.0,0.0,,0.0,normalDay
2022-02-01,7083.0,1211.0,0.0,0,452.95,0.0,1,38.09,25.98,SPY220930P00441000,441.0,0,0.0,0.0,,0.0,normalDay
2022-02-02,7083.0,1233.0,0.0,0,457.35,0.0,1,38.09,25.76,SPY220930P00441000,441.0,0,0.0,0.0,,0.0,normalDay
2022-02-03,7083.0,945.0,0.0,0,446.6,0.0,1,38.09,28.64,SPY220930P00441000,441.0,0,0.0,0.0,,0.0,normalDay
2022-02-04,7083.0,888.0,0.0,0,448.7,0.0,1,38.09,29.21,SPY220930P00441000,441.0,0,0.0,0.0,,0.0,normalDay
2022-02-07,7083.0,925.0,0.0,0,447.26,0.0,1,38.09,28.84,SPY220930P00441000,441.0,0,0.0,0.0,,0.0,normalDay
2022-02-08,7083.0,1142.0,0.0,0,450.94,0.0,1,38.09,26.67,SPY220930P00441000,441.0,0,0.0,0.0,,0.0,normalDay
2022-02-09,7083.0,1395.0,0.0,0,457.54,0.0,1,38.09,24.14,SPY220930P00441000,441.0,0,0.0,0.0,,0.0,normalDay
2022-02-10,7083.0,1028.0,0.0,0,449.32,0.0,1,38.09,27.81,SPY220930P00441000,441.0,0,0.0,0.0,,0.0,normalDay
2022-02-11,7083.0,550.0,0.0,0,440.46,0.0,1,38.09,32.59,SPY220930P00441000,441.0,0,0.0,0.0,,0.0,normalDay
2022-02-14,7083.0,567.0,0.0,0,439.02,0.0,1,38.09,32.42,SPY220930P00441000,441.0,0,0.0,0.0,,0.0,normalDay
2022-02-15,7083.0,895.0,0.0,0,446.1,0.0,1,38.09,29.14,SPY220930P00441000,441.0,0,0.0,0.0,,0.0,normalDay
2022-02-16,7083.0,988.0,0.0,0,446.6,0.0,1,38.09,28.21,SPY220930P00441000,441.0,0,0.0,0.0,,0.0,normalDay
2022-02-17,7083.0,479.0,0.0,0,437.06,0.0,1,38.09,33.3,SPY220930P00441000,441.0,0,0.0,0.0,,0.0,normalDay
2022-02-18,7083.0,382.0,0.0,0,434.23,0.0,1,38.09,34.27,SPY220930P00441000,441.0,0,0.0,0.0,,0.0,normalDay
2022-02-22,7083.0,253.0,0.0,0,429.57,0.0,1,38.09,35.56,SPY220930P00441000,441.0,0,0.0,0.0,,0.0,normalDay
2022-02-23,7083.0,-227.0,0.0,0,421.95,0.0,1,38.09,40.36,SPY220930P00441000,441.0,0,0.0,0.0,,0.0,normalDay
2022-02-24,7083.0,67.0,0.0,0,428.3,0.0,1,38.09,37.42,SPY220930P00441000,441.0,0,0.0,0.0,,0.0,normalDay
2022-02-25,7083.0,621.0,0.0,0,437.75,0.0,1,38.09,31.88,SPY220930P00441000,441.0,0,0.0,0.0,,0.0,normalDay
2022-02-28,7083.0,515.0,0.0,0,436.63,0.0,1,38.09,32.94,SPY220930P00441000,441.0,0,0.0,0.0,,0.0,normalDay
2022-03-01,7083.0,70.0,0.0,0,429.98,0.0,1,38.09,37.39,SPY220930P00441000,441.0,0,0.0,0.0,,0.0,normalDay
2022-03-02,7083.0,490.0,0.0,0,437.89,0.0,1,38.09,33.19,SPY220930P00441000,441.0,0,0.0,0.0,,0.0,normalDay
2022-03-03,7083.0,412.0,0.0,0,435.71,0.0,1,38.09,33.97,SPY220930P00441000,441.0,0,0.0,0.0,,0.0,normalDay
2022-03-04,7083.0,153.0,0.0,0,432.17,0.0,1,38.09,36.56,SPY220930P00441000,441.0,0,0.0,0.0,,0.0,normalDay
2022-03-07,7083.0,-641.0,0.0,0,419.43,0.0,1,38.09,44.5,SPY220930P00441000,441.0,0,0.0,0.0,,0.0,normalDay
2022-03-08,7083.0,-792.0,0.0,0,416.25,0.0,1,38.09,46.01,SPY220930P00441000,441.0,0,0.0,0.0,,0.0,normalDay
2022-03-09,7083.0,-155.0,0.0,0,427.41,0.0,1,38.09,39.64,SPY220930P00441000,441.0,0,0.0,0.0,,0.0,normalDay
2022-03-10,7083.0,-115.0,0.0,0,425.48,0.0,1,38.09,39.24,SPY220930P00441000,441.0,0,0.0,0.0,,0.0,normalDay
2022-03-11,7083.0,-417.0,0.0,0,420.07,0.0,1,38.09,42.26,SPY220930P00441000,441.0,0,0.0,0.0,,0.0,normalDay
2022-03-14,7083.0,-553.0,0.0,0,417.0,0.0,1,38.09,43.62,SPY220930P00441000,441.0,0,0.0,0.0,,0.0,normalDay
2022-03-15,7083.0,-74.0,0.0,0,426.17,0.0,1,38.09,38.83,SPY220930P00441000,441.0,0,0.0,0.0,,0.0,normalDay
2022-03-16,7083.0,544.0,0.0,0,435.62,0.0,1,38.09,32.65,SPY220930P00441000,441.0,0,0.0,0.0,,0.0,normalDay
2022-03-17,7083.0,824.0,0.0,0,441.07,0.0,1,38.09,29.85,SPY220930P00441000,441.0,0,0.0,0.0,,0.0,normalDay
2022-03-18,7083.0,1143.0,0.0,0,444.52,0.0,1,38.09,26.66,SPY220930P00441000,441.0,0,0.0,0.0,,0.0,normalDay
2022-03-21,7083.0,1172.0,0.0,0,444.39,0.0,1,38.09,26.37,SPY220930P00441000,441.0,0,0.0,0.0,,0.0,normalDay
2022-03-22,7083.0,1406.0,0.0,0,449.59,0.0,1,38.09,24.03,SPY220930P00441000,441.0,0,0.0,0.0,,0.0,normalDay
2022-03-23,7083.0,1166.0,0.0,0,443.8,0.0,1,38.09,26.43,SPY220930P00441000,441.0,0,0.0,0.0,,0.0,normalDay
2022-03-24,7083.0,1452.0,0.0,0,450.49,0.0,1,38.09,23.57,SPY220930P00441000,441.0,0,0.0,0.0,,0.0,normalDay
2022-03-25,7083.0,1546.0,0.0,0,452.69,0.0,1,38.09,22.63,SPY220930P00441000,441.0,0,0.0,0.0,,0.0,normalDay
2022-03-28,7083.0,1707.0,0.0,0,455.91,0.0,1,38.09,21.02,SPY220930P00441000,441.0,0,0.0,0.0,,0.0,normalDay
2022-03-29,7083.0,1895.0,0.0,0,461.55,0.0,1,38.09,19.14,SPY220930P00441000,441.0,0,0.0,0.0,,0.0,normalDay
2022-03-30,7083.0,1807.0,0.0,0,458.7,0.0,1,38.09,20.02,SPY220930P00441000,441.0,0,0.0,0.0,,0.0,normalDay
2022-03-31,7083.0,1546.0,0.0,0,451.64,0.0,1,38.09,22.63,SPY220930P00441000,441.0,0,0.0,0.0,,0.0,normalDay
2022-04-01,7083.0,1626.0,0.0,0,452.92,0.0,1,38.09,21.83,SPY220930P00441000,441.0,0,0.0,0.0,,0.0,normalDay
2022-04-04,7083.0,1824.0,0.0,0,456.8,0.0,1,38.09,19.85,SPY220930P00441000,441.0,0,0.0,0.0,,0.0,normalDay
2022-04-05,7083.0,1582.0,0.0,0,451.03,0.0,1,38.09,22.27,SPY220930P00441000,441.0,0,0.0,0.0,,0.0,normalDay
2022-04-06,7083.0,1373.0,0.0,0,446.52,0.0,1,38.09,24.36,SPY220930P00441000,441.0,0,0.0,0.0,,0.0,normalDay
2022-04-07,7083.0,1467.0,0.0,0,448.77,0.0,1,38.09,23.42,SPY220930P00441000,441.0,0,0.0,0.0,,0.0,normalDay
2022-04-08,7083.0,1447.0,0.0,0,447.57,0.0,1,38.09,23.62,SPY220930P00441000,441.0,0,0.0,0.0,,0.0,normalDay
2022-04-11,7083.0,1098.0,0.0,0,439.92,0.0,1,38.09,27.11,SPY220930P00441000,441.0,0,0.0,0.0,,0.0,normalDay
2022-04-12,7083.0,1030.0,0.0,0,438.29,0.0,1,38.09,27.79,SPY220930P00441000,441.0,0,0.0,0.0,,0.0,normalDay
2022-04-13,7083.0,1321.0,0.0,0,443.31,0.0,1,38.09,24.88,SPY220930P00441000,441.0,0,0.0,0.0,,0.0,normalDay
2022-04-14,7083.0,1077.0,0.0,0,437.79,0.0,1,38.09,27.32,SPY220930P00441000,441.0,0,0.0,0.0,,0.0,normalDay
2022-04-18,7083.0,1189.0,0.0,0,437.97,0.0,1,38.09,26.2,SPY220930P00441000,441.0,0,0.0,0.0,,0.0,normalDay
2022-04-19,7083.0,1384.0,0.0,0,445.04,0.0,1,38.09,24.25,SPY220930P00441000,441.0,0,0.0,0.0,,0.0,normalDay
2022-04-20,7083.0,1529.0,0.0,0,444.71,0.0,1,38.09,22.8,SPY220930P00441000,441.0,0,0.0,0.0,,0.0,normalDay
2022-04-21,7083.0,1130.0,0.0,0,438.06,0.0,1,38.09,26.79,SPY220930P00441000,441.0,0,0.0,0.0,,0.0,normalDay
2022-04-22,7083.0,351.0,0.0,0,426.04,0.0,1,38.09,34.58,SPY220930P00441000,441.0,0,0.0,0.0,,0.0,normalDay
2022-04-25,7083.0,613.0,0.0,0,428.51,0.0,1,38.09,31.96,SPY220930P00441000,441.0,0,0.0,0.0,,0.0,normalDay
2022-04-26,7083.0,-316.0,0.0,0,416.1,0.0,1,38.09,41.25,SPY220930P00441000,441.0,0,0.0,0.0,,0.0,normalDay
2022-04-27,7083.0,-18.0,0.0,0,417.27,0.0,1,38.09,38.27,SPY220930P00441000,441.0,0,0.0,0.0,,0.0,normalDay
2022-04-28,7083.0,412.0,0.0,0,427.81,0.0,1,38.09,33.97,SPY220930P00441000,441.0,0,0.0,0.0,,0.0,normalDay
2022-04-29,7083.0,-347.0,0.0,0,412.0,0.0,1,38.09,41.56,SPY220930P00441000,441.0,0,0.0,0.0,,0.0,normalDay
2022-05-02,7083.0,-185.0,0.0,0,414.48,0.0,1,38.09,39.94,SPY220930P00441000,441.0,0,0.0,0.0,,0.0,normalDay
2022-05-03,7083.0,45.0,0.0,0,416.38,0.0,1,38.09,37.64,SPY220930P00441000,441.0,0,0.0,0.0,,0.0,normalDay
2022-05-04,7083.0,775.0,0.0,0,429.06,0.0,1,38.09,30.34,SPY220930P00441000,441.0,0,0.0,0.0,,0.0,normalDay
2022-05-05,7083.0,-240.0,0.0,0,413.81,0.0,1,38.09,40.49,SPY220930P00441000,441.0,0,0.0,0.0,,0.0,normalDay
2022-05-06,7083.0,-464.0,0.0,0,411.34,0.0,1,38.09,42.73,SPY220930P00441000,441.0,0,0.0,0.0,,0.0,normalDay
2022-05-09,7083.0,-1256.0,0.0,0,398.17,0.0,1,38.09,50.65,SPY220930P00441000,441.0,0,0.0,0.0,,0.0,normalDay
2022-05-10,7083.0,-1207.0,0.0,0,399.09,0.0,1,38.09,50.16,SPY220930P00441000,441.0,0,0.0,0.0,,0.0,normalDay
2022-05-11,7083.0,-1672.0,0.0,0,392.75,0.0,1,38.09,54.81,SPY220930P00441000,441.0,0,0.0,0.0,,0.0,normalDay
2022-05-12,7083.0,-1710.0,0.0,0,392.34,0.0,1,38.09,55.19,SPY220930P00441000,441.0,0,0.0,0.0,,0.0,normalDay
2022-05-13,7083.0,-990.0,0.0,0,401.72,0.0,1,38.09,47.99,SPY220930P00441000,441.0,0,0.0,0.0,,0.0,normalDay
2022-05-16,7083.0,-1041.0,0.0,0,400.09,0.0,1,38.09,48.5,SPY220930P00441000,441.0,0,0.0,0.0,,0.0,normalDay
2022-05-17,7083.0,-390.0,0.0,0,408.32,0.0,1,38.09,41.99,SPY220930P00441000,441.0,0,0.0,0.0,,0.0,normalDay
2022-05-18,7083.0,-1775.0,0.0,0,391.86,0.0,1,38.09,55.84,SPY220930P00441000,441.0,0,0.0,0.0,,0.0,normalDay
2022-05-19,7083.0,-1887.0,0.0,0,389.46,0.0,1,38.09,56.96,SPY220930P00441000,441.0,0,0.0,0.0,,0.0,normalDay
2022-05-20,7083.0,-1887.0,0.0,0,389.63,0.0,1,38.09,56.96,SPY220930P00441000,441.0,0,0.0,0.0,,0.0,normalDay
2022-05-23,7083.0,-1229.0,0.0,0,396.92,0.0,1,38.09,50.38,SPY220930P00441000,441.0,0,0.0,0.0,,0.0,normalDay
2022-05-24,7083.0,-1483.0,0.0,0,393.89,0.0,1,38.09,52.92,SPY220930P00441000,441.0,0,0.0,0.0,,0.0,normalDay
2022-05-25,7083.0,-1229.0,0.0,0,397.37,0.0,1,38.09,50.38,SPY220930P00441000,441.0,0,0.0,0.0,,0.0,normalDay
2022-05-26,7083.0,-666.0,0.0,0,405.31,0.0,1,38.09,44.75,SPY220930P00441000,441.0,0,0.0,0.0,,0.0,normalDay
2022-05-27,7083.0,2.0,0.0,0,415.26,0.0,1,38.09,38.07,SPY220930P00441000,441.0,0,0.0,0.0,,0.0,normalDay
2022-05-31,7083.0,-29.0,0.0,0,412.93,0.0,1,38.09,38.38,SPY220930P00441000,441.0,0,0.0,0.0,,0.0,normalDay
2022-06-01,7083.0,-216.0,0.0,0,409.59,0.0,1,38.09,40.25,SPY220930P00441000,441.0,0,0.0,0.0,,0.0,normalDay
2022-06-02,7083.0,348.0,0.0,0,417.39,0.0,1,38.09,34.61,SPY220930P00441000,441.0,0,0.0,0.0,,0.0,normalDay
2022-06-03,7083.0,-111.0,0.0,0,410.54,0.0,1,38.09,39.2,SPY220930P00441000,441.0,0,0.0,0.0,,0.0,normalDay
2022-06-06,7083.0,-10.0,0.0,0,411.79,0.0,1,38.09,38.19,SPY220930P00441000,441.0,0,0.0,0.0,,0.0,normalDay
2022-06-07,7083.0,249.0,0.0,0,415.74,0.0,1,38.09,35.6,SPY220930P00441000,441.0,0,0.0,0.0,,0.0,normalDay
2022-06-08,7083.0,-19.0,0.0,0,411.22,0.0,1,38.09,38.28,SPY220930P00441000,441.0,0,0.0,0.0,,0.0,normalDay
2022-06-09,7083.0,-778.0,0.0,0,401.44,0.0,1,38.09,45.87,SPY220930P00441000,441.0,0,0.0,0.0,,0.0,normalDay
2022-06-10,7083.0,-1725.0,0.0,0,389.8,0.0,1,38.09,55.34,SPY220930P00441000,441.0,0,0.0,0.0,,0.0,normalDay
2022-06-13,7083.0,-3111.0,0.0,0,375.0,0.0,1,38.09,69.2,SPY220930P00441000,441.0,0,0.0,0.0,,0.0,normalDay
2022-06-14,7083.0,-3287.0,0.0,0,373.87,0.0,1,38.09,70.96,SPY220930P00441000,441.0,0,0.0,0.0,,0.0,normalDay
2022-06-15,7083.0,-2707.0,0.0,0,379.2,0.0,1,38.09,65.16,SPY220930P00441000,441.0,0,0.0,0.0,,0.0,normalDay
2022-06-16,7083.0,-3826.0,0.0,0,366.65,0.0,1,38.09,76.35,SPY220930P00441000,441.0,0,0.0,0.0,,0.0,normalDay
2022-06-17,7083.0,-3731.0,0.0,0,365.86,0.0,1,38.09,75.4,SPY220930P00441000,441.0,0,0.0,0.0,,0.0,normalDay
2022-06-21,7083.0,-2898.0,0.0,0,375.07,0.0,1,38.09,67.07,SPY220930P00441000,441.0,0,0.0,0.0,,0.0,normalDay
2022-06-22,7083.0,-2931.0,0.0,0,374.39,0.0,1,38.09,67.4,SPY220930P00441000,441.0,0,0.0,0.0,,0.0,normalDay
2022-06-23,7083.0,-2719.0,0.0,0,378.06,0.0,1,38.09,65.28,SPY220930P00441000,441.0,0,0.0,0.0,,0.0,normalDay
2022-06-24,7083.0,-1615.0,0.0,0,390.08,0.0,1,38.09,54.24,SPY220930P00441000,441.0,0,0.0,0.0,,0.0,normalDay
2022-06-27,7083.0,-1581.0,0.0,0,388.59,0.0,1,38.09,53.9,SPY220930P00441000,441.0,0,0.0,0.0,,0.0,normalDay
2022-06-28,7083.0,-2372.0,0.0,0,380.65,0.0,1,38.09,61.81,SPY220930P00441000,441.0,0,0.0,0.0,,0.0,normalDay
2022-06-29,7083.0,-2359.0,0.0,0,380.34,0.0,1,38.09,61.68,SPY220930P00441000,441.0,0,0.0,0.0,,0.0,normalDay
2022-06-30,7083.0,-2756.0,0.0,0,377.25,0.0,1,38.09,65.65,SPY220930P00441000,441.0,0,0.0,0.0,,0.0,normalDay
2022-07-01,7083.0,-2324.0,0.0,0,381.24,0.0,1,38.09,61.33,SPY220930P00441000,441.0,0,0.0,0.0,,0.0,normalDay
2022-07-05,7083.0,-2278.0,0.0,0,381.96,0.0,1,38.09,60.87,SPY220930P00441000,441.0,0,0.0,0.0,,0.0,normalDay
2022-07-06,7083.0,-2074.0,0.0,0,383.25,0.0,1,38.09,58.83,SPY220930P00441000,441.0,0,0.0,0.0,,0.0,normalDay
2022-07-07,7083.0,-1590.0,0.0,0,388.99,0.0,1,38.09,53.99,SPY220930P00441000,441.0,0,0.0,0.0,,0.0,normalDay
2022-07-08,7083.0,-1549.0,0.0,0,388.67,0.0,1,38.09,53.58,SPY220930P00441000,441.0,0,0.0,0.0,,0.0,normalDay
2022-07-11,7083.0,-1957.0,0.0,0,384.23,0.0,1,38.09,57.66,SPY220930P00441000,441.0,0,0.0,0.0,,0.0,normalDay
2022-07-12,7083.0,-2341.0,0.0,0,380.83,0.0,1,38.09,61.5,SPY220930P00441000,441.0,0,0.0,0.0,,0.0,normalDay
2022-07-13,7083.0,-2527.0,0.0,0,378.83,0.0,1,38.09,63.36,SPY220930P00441000,441.0,0,0.0,0.0,,0.0,normalDay
2022-07-14,7083.0,-2574.0,0.0,0,377.91,0.0,1,38.09,63.83,SPY220930P00441000,441.0,0,0.0,0.0,,0.0,normalDay
2022-07-15,7083.0,-1883.0,0.0,0,385.13,0.0,1,38.09,56.92,SPY220930P00441000,441.0,0,0.0,0.0,,0.0,normalDay
2022-07-18,7083.0,-2170.0,0.0,0,381.95,0.0,1,38.09,59.79,SPY220930P00441000,441.0,0,0.0,0.0,,0.0,normalDay
2022-07-19,7083.0,-1181.0,0.0,0,392.27,0.0,1,38.09,49.9,SPY220930P00441000,441.0,0,0.0,0.0,,0.0,normalDay
2022-07-20,7083.0,-980.0,0.0,0,394.77,0.0,1,38.09,47.89,SPY220930P00441000,441.0,0,0.0,0.0,,0.0,normalDay
2022-07-21,7083.0,-667.0,0.0,0,398.79,0.0,1,38.09,44.76,SPY220930P00441000,441.0,0,0.0,0.0,,0.0,normalDay
2022-07-22,7083.0,-1011.0,0.0,0,395.09,0.0,1,38.09,48.2,SPY220930P00441000,441.0,0,0.0,0.0,,0.0,normalDay
2022-07-25,7083.0,-861.0,0.0,0,395.57,0.0,1,38.09,46.7,SPY220930P00441000,441.0,0,0.0,0.0,,0.0,normalDay
2022-07-26,7083.0,-1256.0,0.0,0,390.89,0.0,1,38.09,50.65,SPY220930P00441000,441.0,0,0.0,0.0,,0.0,normalDay
2022-07-27,7083.0,-456.0,0.0,0,401.04,0.0,1,38.09,42.65,SPY220930P00441000,441.0,0,0.0,0.0,,0.0,normalDay
2022-07-28,7083.0,148.0,0.0,0,406.07,0.0,1,38.09,36.61,SPY220930P00441000,441.0,0,0.0,0.0,,0.0,normalDay
2022-07-29,7083.0,575.0,0.0,0,411.99,0.0,1,38.09,32.34,SPY220930P00441000,441.0,0,0.0,0.0,,0.0,normalDay
2022-08-01,7083.0,478.0,0.0,0,410.77,0.0,1,38.09,33.31,SPY220930P00441000,441.0,0,0.0,0.0,,0.0,normalDay
2022-08-02,7083.0,207.0,0.0,0,408.06,0.0,1,38.09,36.02,SPY220930P00441000,441.0,0,0.0,0.0,,0.0,normalDay
2022-08-03,7083.0,767.0,0.0,0,414.45,0.0,1,38.09,30.42,SPY220930P00441000,441.0,0,0.0,0.0,,0.0,normalDay
2022-08-04,7083.0,794.0,0.0,0,414.17,0.0,1,38.09,30.15,SPY220930P00441000,441.0,0,0.0,0.0,,0.0,normalDay
2022-08-05,7083.0,727.0,0.0,0,413.47,0.0,1,38.09,30.82,SPY220930P00441000,441.0,0,0.0,0.0,,0.0,normalDay
2022-08-08,7083.0,748.0,0.0,0,412.99,0.0,1,38.09,30.61,SPY220930P00441000,441.0,0,0.0,0.0,,0.0,normalDay
2022-08-09,7083.0,623.0,0.0,0,411.35,0.0,1,38.09,31.86,SPY220930P00441000,441.0,0,0.0,0.0,,0.0,normalDay
2022-08-10,7083.0,1301.0,0.0,0,419.99,0.0,1,38.09,25.08,SPY220930P00441000,441.0,0,0.0,0.0,,0.0,normalDay
2022-08-11,7083.0,1361.0,0.0,0,419.99,0.0,1,38.09,24.48,SPY220930P00441000,441.0,0,0.0,0.0,,0.0,normalDay
2022-08-12,7083.0,1824.0,0.0,0,427.1,0.0,1,38.09,19.85,SPY220930P00441000,441.0,0,0.0,0.0,,0.0,normalDay
2022-08-15,7083.0,1975.0,0.0,0,428.86,0.0,1,38.09,18.34,SPY220930P00441000,441.0,0,0.0,0.0,,0.0,normalDay
2022-08-16,7083.0,2041.0,0.0,0,429.7,0.0,1,38.09,17.68,SPY220930P00441000,441.0,0,0.0,0.0,,0.0,normalDay
2022-08-17,7083.0,1845.0,0.0,0,426.65,0.0,1,38.09,19.64,SPY220930P00441000,441.0,0,0.0,0.0,,0.0,normalDay
2022-08-18,7083.0,1967.0,0.0,0,427.89,0.0,1,38.09,18.42,SPY220930P00441000,441.0,0,0.0,0.0,,0.0,normalDay
2022-08-19,7083.0,1551.0,0.0,0,422.14,0.0,1,38.09,22.58,SPY220930P00441000,441.0,0,0.0,0.0,,0.0,normalDay
2022-08-22,7083.0,826.0,0.0,0,413.35,0.0,1,38.09,29.83,SPY220930P00441000,441.0,0,0.0,0.0,,0.0,normalDay
2022-08-23,7083.0,681.0,0.0,0,412.35,0.0,1,38.09,31.28,SPY220930P00441000,441.0,0,0.0,0.0,,0.0,normalDay
2022-08-24,7083.0,872.0,0.0,0,413.67,0.0,1,38.09,29.37,SPY220930P00441000,441.0,0,0.0,0.0,,0.0,normalDay
2022-08-25,7083.0,1336.0,0.0,0,419.51,0.0,1,38.09,24.73,SPY220930P00441000,441.0,0,0.0,0.0,,0.0,normalDay
2022-08-26,7083.0,22.0,0.0,0,405.31,0.0,1,38.09,37.87,SPY220930P00441000,441.0,0,0.0,0.0,,0.0,normalDay
2022-08-29,7083.0,-188.0,0.0,0,402.63,0.0,1,38.09,39.97,SPY220930P00441000,441.0,0,0.0,0.0,,0.0,normalDay
2022-08-30,7083.0,-608.0,0.0,0,398.21,0.0,1,38.09,44.17,SPY220930P00441000,441.0,0,0.0,0.0,,0.0,normalDay
2022-08-31,7083.0,-939.0,0.0,0,395.18,0.0,1,38.09,47.48,SPY220930P00441000,441.0,0,0.0,0.0,,0.0,normalDay
2022-09-01,7083.0,-841.0,0.0,0,396.42,0.0,1,38.09,46.5,SPY220930P00441000,441.0,0,0.0,0.0,,0.0,normalDay
2022-09-02,7083.0,-1220.0,0.0,0,392.24,0.0,1,38.09,50.29,SPY220930P00441000,441.0,0,0.0,0.0,,0.0,normalDay
2022-09-06,7083.0,-1453.0,0.0,0,390.76,0.0,1,38.09,52.62,SPY220930P00441000,441.0,0,0.0,0.0,,0.0,normalDay
2022-09-07,7083.0,-750.0,0.0,0,397.78,0.0,1,38.09,45.59,SPY220930P00441000,441.0,0,0.0,0.0,,0.0,normalDay
2022-09-08,7083.0,-406.0,0.0,0,400.38,0.0,1,38.09,42.15,SPY220930P00441000,441.0,0,0.0,0.0,,0.0,normalDay
2022-09-09,7083.0,157.0,0.0,0,406.6,0.0,1,38.09,36.52,SPY220930P00441000,441.0,0,0.0,0.0,,0.0,normalDay
2022-09-12,7083.0,634.0,0.0,0,410.97,0.0,1,38.09,31.75,SPY220930P00441000,441.0,0,0.0,0.0,,0.0,normalDay
2022-09-13,7083.0,-1117.0,0.0,0,393.1,0.0,1,38.09,49.26,SPY220930P00441000,441.0,0,0.0,0.0,,0.0,normalDay
2022-09-14,7083.0,-1017.0,0.0,0,394.6,0.0,1,38.09,48.26,SPY220930P00441000,441.0,0,0.0,0.0,,0.0,normalDay
2022-09-15,7083.0,-1387.0,0.0,0,390.12,0.0,1,38.09,51.96,SPY220930P00441000,441.0,0,0.0,0.0,,0.0,normalDay
2022-09-16,7083.0,-1715.0,0.0,0,385.56,0.0,1,38.09,55.24,SPY220930P00441000,441.0,0,0.0,0.0,,0.0,normalDay
2022-09-19,7083.0,-1466.0,0.0,0,388.55,0.0,1,38.09,52.75,SPY220930P00441000,441.0,0,0.0,0.0,,0.0,normalDay
2022-09-20,7083.0,-1834.0,0.0,0,384.09,0.0,1,38.09,56.43,SPY220930P00441000,441.0,0,0.0,0.0,,0.0,normalDay
2022-09-21,7083.0,-2565.0,0.0,0,377.39,0.0,1,38.09,63.74,SPY220930P00441000,441.0,0,0.0,0.0,,0.0,normalDay
2022-09-22,7083.0,-2839.0,0.0,0,374.22,0.0,1,38.09,66.48,SPY220930P00441000,441.0,0,0.0,0.0,,0.0,normalDay
2022-09-23,7083.0,-3544.0,0.0,0,367.95,0.0,1,38.09,73.53,SPY220930P00441000,441.0,0,0.0,0.0,,0.0,normalDay
2022-09-26,7083.0,-3935.0,0.0,0,364.31,0.0,1,38.09,77.44,SPY220930P00441000,441.0,0,0.0,0.0,,0.0,normalDay
2022-09-27,7083.0,-3971.0,0.0,0,363.38,0.0,1,38.09,77.8,SPY220930P00441000,441.0,0,0.0,0.0,,0.0,normalDay
2022-09-28,7083.0,-3257.0,0.0,0,370.53,0.0,1,38.09,70.66,SPY220930P00441000,441.0,0,0.0,0.0,,0.0,normalDay
2022-09-29,7083.0,-4010.0,0.0,0,362.79,0.0,1,38.09,78.19,SPY220930P00441000,441.0,0,0.0,0.0,,0.0,normalDay
2022-09-30,10892.0,-8382.0,3809.0,100,357.18,441.0,1,38.09,0.0,SPY220930P00441000,441.0,0,0.0,0.0,,0.0,expirationDay
2022-10-03,10892.0,-7443.0,0.0,100,366.61,441.0,0,0.0,0.0,,0.0,1,0.02,0.06,SPY221104C00445000,445.0,normalDay
2022-10-04,10892.0,-6313.0,0.0,100,377.97,441.0,0,0.0,0.0,,0.0,1,0.02,0.12,SPY221104C00445000,445.0,normalDay
2022-10-05,10892.0,-6397.0,0.0,100,377.09,441.0,0,0.0,0.0,,0.0,1,0.02,0.08,SPY221104C00445000,445.0,normalDay
2022-10-06,10892.0,-6784.0,0.0,100,373.2,441.0,0,0.0,0.0,,0.0,1,0.02,0.06,SPY221104C00445000,445.0,normalDay
2022-10-07,10892.0,-7823.0,0.0,100,362.79,441.0,0,0.0,0.0,,0.0,1,0.02,0.04,SPY221104C00445000,445.0,normalDay
2022-10-10,10892.0,-8099.0,0.0,100,360.02,441.0,0,0.0,0.0,,0.0,1,0.02,0.03,SPY221104C00445000,445.0,normalDay
2022-10-11,10892.0,-8327.0,0.0,100,357.74,441.0,0,0.0,0.0,,0.0,1,0.02,0.03,SPY221104C00445000,445.0,normalDay
2022-10-12,10892.0,-8445.0,0.0,100,356.56,441.0,0,0.0,0.0,,0.0,1,0.02,0.03,SPY221104C00445000,445.0,normalDay
2022-10-13,10892.0,-7507.0,0.0,100,365.97,441.0,0,0.0,0.0,,0.0,1,0.02,0.06,SPY221104C00445000,445.0,normalDay
2022-10-14,10892.0,-8338.0,0.0,100,357.63,441.0,0,0.0,0.0,,0.0,1,0.02,0.03,SPY221104C00445000,445.0,normalDay
2022-10-17,10892.0,-7420.0,0.0,100,366.82,441.0,0,0.0,0.0,,0.0,1,0.02,0.04,SPY221104C00445000,445.0,normalDay
2022-10-18,10892.0,-6989.0,0.0,100,371.13,441.0,0,0.0,0.0,,0.0,1,0.02,0.04,SPY221104C00445000,445.0,normalDay
2022-10-19,10892.0,-7251.0,0.0,100,368.5,441.0,0,0.0,0.0,,0.0,1,0.02,0.03,SPY221104C00445000,445.0,normalDay
2022-10-20,10892.0,-7559.0,0.0,100,365.41,441.0,0,0.0,0.0,,0.0,1,0.02,0.02,SPY221104C00445000,445.0,normalDay
2022-10-21,10892.0,-6672.0,0.0,100,374.29,441.0,0,0.0,0.0,,0.0,1,0.02,0.03,SPY221104C00445000,445.0,normalDay
2022-10-24,10892.0,-6213.0,0.0,100,378.87,441.0,0,0.0,0.0,,0.0,1,0.02,0.02,SPY221104C00445000,445.0,normalDay
2022-10-25,10892.0,-5608.0,0.0,100,384.92,441.0,0,0.0,0.0,,0.0,1,0.02,0.02,SPY221104C00445000,445.0,normalDay
2022-10-26,10892.0,-5897.0,0.0,100,382.02,441.0,0,0.0,0.0,,0.0,1,0.02,0.01,SPY221104C00445000,445.0,normalDay
2022-10-27,10892.0,-6101.0,0.0,100,379.98,441.0,0,0.0,0.0,,0.0,1,0.02,0.01,SPY221104C00445000,445.0,normalDay
2022-10-28,10892.0,-5197.0,0.0,100,389.02,441.0,0,0.0,0.0,,0.0,1,0.02,0.01,SPY221104C00445000,445.0,normalDay
2022-10-31,10892.0,-5478.0,0.0,100,386.21,441.0,0,0.0,0.0,,0.0,1,0.02,0.01,SPY221104C00445000,445.0,normalDay
2022-11-01,10892.0,-5647.0,0.0,100,384.52,441.0,0,0.0,0.0,,0.0,1,0.02,0.01,SPY221104C00445000,445.0,normalDay
2022-11-02,10892.0,-6612.0,0.0,100,374.87,441.0,0,0.0,0.0,,0.0,1,0.02,0.01,SPY221104C00445000,445.0,normalDay
2022-11-03,10892.0,-6998.0,0.0,100,371.01,441.0,0,0.0,0.0,,0.0,1,0.02,0.01,SPY221104C00445000,445.0,normalDay
2022-11-04,10894.0,-6465.0,2.0,100,376.35,441.0,0,0.0,0.0,,0.0,1,0.02,0.0,SPY221104C00445000,445.0,expirationDay
2022-11-07,10894.0,-6108.0,0.0,100,379.95,441.0,0,0.0,0.0,,0.0,1,1.22,1.25,SPY221209C00412000,412.0,normalDay
2022-11-08,10894.0,-5924.0,0.0,100,382.0,441.0,0,0.0,0.0,,0.0,1,1.22,1.46,SPY221209C00412000,412.0,normalDay
2022-11-09,10894.0,-6636.0,0.0,100,374.13,441.0,0,0.0,0.0,,0.0,1,1.22,0.71,SPY221209C00412000,412.0,normalDay
2022-11-10,10894.0,-4868.0,0.0,100,394.69,441.0,0,0.0,0.0,,0.0,1,1.22,3.59,SPY221209C00412000,412.0,normalDay
2022-11-11,10894.0,-4496.0,0.0,100,398.51,441.0,0,0.0,0.0,,0.0,1,1.22,3.69,SPY221209C00412000,412.0,normalDay
2022-11-14,10894.0,-4732.0,0.0,100,395.12,441.0,0,0.0,0.0,,0.0,1,1.22,2.66,SPY221209C00412000,412.0,normalDay
2022-11-15,10894.0,-4462.0,0.0,100,398.49,441.0,0,0.0,0.0,,0.0,1,1.22,3.33,SPY221209C00412000,412.0,normalDay
2022-11-16,10894.0,-4656.0,0.0,100,395.45,441.0,0,0.0,0.0,,0.0,1,1.22,2.23,SPY221209C00412000,412.0,normalDay
2022-11-17,10894.0,-4732.0,0.0,100,394.24,441.0,0,0.0,0.0,,0.0,1,1.22,1.78,SPY221209C00412000,412.0,normalDay
2022-11-18,10894.0,-4542.0,0.0,100,396.03,441.0,0,0.0,0.0,,0.0,1,1.22,1.67,SPY221209C00412000,412.0,normalDay
2022-11-21,10894.0,-4625.0,0.0,100,394.59,441.0,0,0.0,0.0,,0.0,1,1.22,1.06,SPY221209C00412000,412.0,normalDay
2022-11-22,10894.0,-4152.0,0.0,100,399.9,441.0,0,0.0,0.0,,0.0,1,1.22,1.64,SPY221209C00412000,412.0,normalDay
2022-11-23,10894.0,-3911.0,0.0,100,402.42,441.0,0,0.0,0.0,,0.0,1,1.22,1.75,SPY221209C00412000,412.0,normalDay
2022-11-25,10894.0,-3888.0,0.0,100,402.33,441.0,0,0.0,0.0,,0.0,1,1.22,1.43,SPY221209C00412000,412.0,normalDay
2022-11-28,10894.0,-4434.0,0.0,100,395.91,441.0,0,0.0,0.0,,0.0,1,1.22,0.47,SPY221209C00412000,412.0,normalDay
2022-11-29,10894.0,-4491.0,0.0,100,395.23,441.0,0,0.0,0.0,,0.0,1,1.22,0.36,SPY221209C00412000,412.0,normalDay
2022-11-30,10894.0,-3485.0,0.0,100,407.68,441.0,0,0.0,0.0,,0.0,1,1.22,2.75,SPY221209C00412000,412.0,normalDay
2022-12-01,10894.0,-3439.0,0.0,100,407.38,441.0,0,0.0,0.0,,0.0,1,1.22,1.99,SPY221209C00412000,412.0,normalDay
2022-12-02,10894.0,-3397.0,0.0,100,406.91,441.0,0,0.0,0.0,,0.0,1,1.22,1.1,SPY221209C00412000,412.0,normalDay
2022-12-05,10894.0,-4035.0,0.0,100,399.59,441.0,0,0.0,0.0,,0.0,1,1.22,0.16,SPY221209C00412000,412.0,normalDay
2022-12-06,10894.0,-4599.0,0.0,100,393.83,441.0,0,0.0,0.0,,0.0,1,1.22,0.04,SPY221209C00412000,412.0,normalDay
2022-12-07,10894.0,-4665.0,0.0,100,393.16,441.0,0,0.0,0.0,,0.0,1,1.22,0.03,SPY221209C00412000,412.0,normalDay
2022-12-08,10894.0,-4356.0,0.0,100,396.24,441.0,0,0.0,0.0,,0.0,1,1.22,0.02,SPY221209C00412000,412.0,normalDay
2022-12-09,11016.0,-4772.0,122.0,100,393.28,441.0,0,0.0,0.0,,0.0,1,1.22,0.0,SPY221209C00412000,412.0,expirationDay
2022-12-12,11016.0,-4212.0,0.0,100,398.95,441.0,0,0.0,0.0,,0.0,1,3.64,3.71,SPY230113C00416000,416.0,normalDay
2022-12-13,11016.0,-3926.0,0.0,100,401.97,441.0,0,0.0,0.0,,0.0,1,3.64,3.87,SPY230113C00416000,416.0,normalDay
2022-12-14,11016.0,-4057.0,0.0,100,399.4,441.0,0,0.0,0.0,,0.0,1,3.64,2.61,SPY230113C00416000,416.0,normalDay
2022-12-15,11016.0,-4865.0,0.0,100,389.63,441.0,0,0.0,0.0,,0.0,1,3.64,0.92,SPY230113C00416000,416.0,normalDay
2022-12-16,11016.0,-5457.0,0.0,100,383.27,441.0,0,0.0,0.0,,0.0,1,3.64,0.48,SPY230113C00416000,416.0,normalDay
2022-12-19,11016.0,-5765.0,0.0,100,380.02,441.0,0,0.0,0.0,,0.0,1,3.64,0.31,SPY230113C00416000,416.0,normalDay
2022-12-20,11016.0,-5710.0,0.0,100,380.54,441.0,0,0.0,0.0,,0.0,1,3.64,0.28,SPY230113C00416000,416.0,normalDay
2022-12-21,11016.0,-5155.0,0.0,100,386.23,441.0,0,0.0,0.0,,0.0,1,3.64,0.42,SPY230113C00416000,416.0,normalDay
2022-12-22,11016.0,-5689.0,0.0,100,380.72,441.0,0,0.0,0.0,,0.0,1,3.64,0.25,SPY230113C00416000,416.0,normalDay
2022-12-23,11016.0,-5465.0,0.0,100,382.91,441.0,0,0.0,0.0,,0.0,1,3.64,0.2,SPY230113C00416000,416.0,normalDay
2022-12-27,11016.0,-5612.0,0.0,100,381.4,441.0,0,0.0,0.0,,0.0,1,3.64,0.16,SPY230113C00416000,416.0,normalDay
2022-12-28,11016.0,-6079.0,0.0,100,376.66,441.0,0,0.0,0.0,,0.0,1,3.64,0.09,SPY230113C00416000,416.0,normalDay
2022-12-29,11016.0,-5404.0,0.0,100,383.44,441.0,0,0.0,0.0,,0.0,1,3.64,0.12,SPY230113C00416000,416.0,normalDay
2022-12-30,11016.0,-5501.0,0.0,100,382.43,441.0,0,0.0,0.0,,0.0,1,3.64,0.08,SPY230113C00416000,416.0,normalDay
2023-01-03,11016.0,-5658.0,0.0,100,380.82,441.0,0,0.0,0.0,,0.0,1,3.64,0.04,SPY230113C00416000,416.0,normalDay
2023-01-04,11016.0,-5365.0,0.0,100,383.76,441.0,0,0.0,0.0,,0.0,1,3.64,0.05,SPY230113C00416000,416.0,normalDay
2023-01-05,11016.0,-5801.0,0.0,100,379.38,441.0,0,0.0,0.0,,0.0,1,3.64,0.03,SPY230113C00416000,416.0,normalDay
2023-01-06,11016.0,-4931.0,0.0,100,388.08,441.0,0,0.0,0.0,,0.0,1,3.64,0.03,SPY230113C00416000,416.0,normalDay
2023-01-09,11016.0,-4953.0,0.0,100,387.86,441.0,0,0.0,0.0,,0.0,1,3.64,0.03,SPY230113C00416000,416.0,normalDay
2023-01-10,11016.0,-4680.0,0.0,100,390.58,441.0,0,0.0,0.0,,0.0,1,3.64,0.02,SPY230113C00416000,416.0,normalDay
2023-01-11,11016.0,-4188.0,0.0,100,395.52,441.0,0,0.0,0.0,,0.0,1,3.64,0.04,SPY230113C00416000,416.0,normalDay
2023-01-12,11016.0,-4041.0,0.0,100,396.96,441.0,0,0.0,0.0,,0.0,1,3.64,0.01,SPY230113C00416000,416.0,normalDay
2023-01-13,11380.0,-4250.0,364.0,100,398.5,441.0,0,0.0,0.0,,0.0,1,3.64,0.0,SPY230113C00416000,416.0,expirationDay
2023-01-17,11380.0,-4326.0,0.0,100,397.77,441.0,0,0.0,0.0,,0.0,1,2.86,2.89,SPY230217C00412000,412.0,normalDay
2023-01-18,11380.0,-4818.0,0.0,100,391.49,441.0,0,0.0,0.0,,0.0,1,2.86,1.53,SPY230217C00412000,412.0,normalDay
2023-01-19,11380.0,-5050.0,0.0,100,388.64,441.0,0,0.0,0.0,,0.0,1,2.86,1.0,SPY230217C00412000,412.0,normalDay
2023-01-20,11380.0,-4435.0,0.0,100,395.88,441.0,0,0.0,0.0,,0.0,1,2.86,2.09,SPY230217C00412000,412.0,normalDay
2023-01-23,11380.0,-4071.0,0.0,100,400.63,441.0,0,0.0,0.0,,0.0,1,2.86,3.2,SPY230217C00412000,412.0,normalDay
2023-01-24,11380.0,-4118.0,0.0,100,400.2,441.0,0,0.0,0.0,,0.0,1,2.86,3.24,SPY230217C00412000,412.0,normalDay
2023-01-25,11380.0,-4059.0,0.0,100,400.35,441.0,0,0.0,0.0,,0.0,1,2.86,2.8,SPY230217C00412000,412.0,normalDay
2023-01-26,11380.0,-3743.0,0.0,100,404.75,441.0,0,0.0,0.0,,0.0,1,2.86,4.04,SPY230217C00412000,412.0,normalDay
2023-01-27,11380.0,-3676.0,0.0,100,405.68,441.0,0,0.0,0.0,,0.0,1,2.86,4.3,SPY230217C00412000,412.0,normalDay
2023-01-30,11380.0,-4040.0,0.0,100,400.59,441.0,0,0.0,0.0,,0.0,1,2.86,2.85,SPY230217C00412000,412.0,normalDay
2023-01-31,11380.0,-3602.0,0.0,100,406.48,441.0,0,0.0,0.0,,0.0,1,2.86,4.36,SPY230217C00412000,412.0,normalDay
2023-02-01,11380.0,-3362.0,0.0,100,410.8,441.0,0,0.0,0.0,,0.0,1,2.86,6.28,SPY230217C00412000,412.0,normalDay
2023-02-02,11380.0,-2991.0,0.0,100,416.78,441.0,0,0.0,0.0,,0.0,1,2.86,8.55,SPY230217C00412000,412.0,normalDay
2023-02-03,11380.0,-3205.0,0.0,100,412.35,441.0,0,0.0,0.0,,0.0,1,2.86,6.26,SPY230217C00412000,412.0,normalDay
2023-02-06,11380.0,-3316.0,0.0,100,409.83,441.0,0,0.0,0.0,,0.0,1,2.86,4.85,SPY230217C00412000,412.0,normalDay
2023-02-07,11380.0,-2991.0,0.0,100,415.19,441.0,0,0.0,0.0,,0.0,1,2.86,6.96,SPY230217C00412000,412.0,normalDay
2023-02-08,11380.0,-3239.0,0.0,100,410.65,441.0,0,0.0,0.0,,0.0,1,2.86,4.9,SPY230217C00412000,412.0,normalDay
2023-02-09,11380.0,-3456.0,0.0,100,407.09,441.0,0,0.0,0.0,,0.0,1,2.86,3.51,SPY230217C00412000,412.0,normalDay
2023-02-10,11380.0,-3334.0,0.0,100,408.04,441.0,0,0.0,0.0,,0.0,1,2.86,3.24,SPY230217C00412000,412.0,normalDay
2023-02-13,11380.0,-3051.0,0.0,100,412.83,441.0,0,0.0,0.0,,0.0,1,2.86,5.2,SPY230217C00412000,412.0,normalDay
2023-02-14,11380.0,-2864.0,0.0,100,412.64,441.0,0,0.0,0.0,,0.0,1,2.86,3.14,SPY230217C00412000,412.0,normalDay
2023-02-15,11380.0,-2779.0,0.0,100,413.98,441.0,0,0.0,0.0,,0.0,1,2.86,3.63,SPY230217C00412000,412.0,normalDay
2023-02-16,11380.0,-3048.0,0.0,100,408.28,441.0,0,0.0,0.0,,0.0,1,2.86,0.62,SPY230217C00412000,412.0,normalDay
2023-02-17,11666.0,-3374.0,286.0,100,407.26,441.0,0,0.0,0.0,,0.0,1,2.86,0.0,SPY230217C00412000,412.0,expirationDay
2023-02-21,11666.0,-4194.0,0.0,100,399.09,441.0,0,0.0,0.0,,0.0,1,0.51,0.54,SPY230324C00429000,429.0,normalDay
2023-02-22,11666.0,-4233.0,0.0,100,398.54,441.0,0,0.0,0.0,,0.0,1,0.51,0.38,SPY230324C00429000,429.0,normalDay
2023-02-23,11666.0,-4024.0,0.0,100,400.66,441.0,0,0.0,0.0,,0.0,1,0.51,0.41,SPY230324C00429000,429.0,normalDay
2023-02-24,11666.0,-4435.0,0.0,100,396.38,441.0,0,0.0,0.0,,0.0,1,0.51,0.24,SPY230324C00429000,429.0,normalDay
2023-02-27,11666.0,-4299.0,0.0,100,397.73,441.0,0,0.0,0.0,,0.0,1,0.51,0.23,SPY230324C00429000,429.0,normalDay
2023-02-28,11666.0,-4438.0,0.0,100,396.26,441.0,0,0.0,0.0,,0.0,1,0.51,0.15,SPY230324C00429000,429.0,normalDay
2023-03-01,11666.0,-4586.0,0.0,100,394.74,441.0,0,0.0,0.0,,0.0,1,0.51,0.11,SPY230324C00429000,429.0,normalDay
2023-03-02,11666.0,-4282.0,0.0,100,397.81,441.0,0,0.0,0.0,,0.0,1,0.51,0.14,SPY230324C00429000,429.0,normalDay
2023-03-03,11666.0,-3662.0,0.0,100,404.19,441.0,0,0.0,0.0,,0.0,1,0.51,0.32,SPY230324C00429000,429.0,normalDay
2023-03-06,11666.0,-3631.0,0.0,100,404.47,441.0,0,0.0,0.0,,0.0,1,0.51,0.29,SPY230324C00429000,429.0,normalDay
2023-03-07,11666.0,-4234.0,0.0,100,398.27,441.0,0,0.0,0.0,,0.0,1,0.51,0.12,SPY230324C00429000,429.0,normalDay
2023-03-08,11666.0,-4167.0,0.0,100,398.92,441.0,0,0.0,0.0,,0.0,1,0.51,0.1,SPY230324C00429000,429.0,normalDay
2023-03-09,11666.0,-4899.0,0.0,100,391.56,441.0,0,0.0,0.0,,0.0,1,0.51,0.06,SPY230324C00429000,429.0,normalDay
2023-03-10,11666.0,-5461.0,0.0,100,385.91,441.0,0,0.0,0.0,,0.0,1,0.51,0.03,SPY230324C00429000,429.0,normalDay
2023-03-13,11666.0,-5517.0,0.0,100,385.36,441.0,0,0.0,0.0,,0.0,1,0.51,0.04,SPY230324C00429000,429.0,normalDay
2023-03-14,11666.0,-4878.0,0.0,100,391.73,441.0,0,0.0,0.0,,0.0,1,0.51,0.02,SPY230324C00429000,429.0,normalDay
2023-03-15,11666.0,-5123.0,0.0,100,389.28,441.0,0,0.0,0.0,,0.0,1,0.51,0.02,SPY230324C00429000,429.0,normalDay
2023-03-16,11666.0,-4441.0,0.0,100,396.11,441.0,0,0.0,0.0,,0.0,1,0.51,0.03,SPY230324C00429000,429.0,normalDay
2023-03-17,11666.0,-5052.0,0.0,100,389.99,441.0,0,0.0,0.0,,0.0,1,0.51,0.02,SPY230324C00429000,429.0,normalDay
2023-03-20,11666.0,-4676.0,0.0,100,393.74,441.0,0,0.0,0.0,,0.0,1,0.51,0.01,SPY230324C00429000,429.0,normalDay
2023-03-21,11666.0,-4159.0,0.0,100,398.91,441.0,0,0.0,0.0,,0.0,1,0.51,0.01,SPY230324C00429000,429.0,normalDay
2023-03-22,11666.0,-4839.0,0.0,100,392.11,441.0,0,0.0,0.0,,0.0,1,0.51,0.01,SPY230324C00429000,429.0,normalDay
2023-03-23,11666.0,-4733.0,0.0,100,393.17,441.0,0,0.0,0.0,,0.0,1,0.51,0.01,SPY230324C00429000,429.0,normalDay
2023-03-24,11717.0,-4525.0,51.0,100,395.75,441.0,0,0.0,0.0,,0.0,1,0.51,0.0,SPY230324C00429000,429.0,expirationDay
2023-03-27,11717.0,-4454.0,0.0,100,396.49,441.0,0,0.0,0.0,,0.0,1,1.85,1.88,SPY230428C00415000,415.0,normalDay
2023-03-28,11717.0,-4512.0,0.0,100,395.6,441.0,0,0.0,0.0,,0.0,1,1.85,1.57,SPY230428C00415000,415.0,normalDay
2023-03-29,11717.0,-4037.0,0.0,100,401.35,441.0,0,0.0,0.0,,0.0,1,1.85,2.57,SPY230428C00415000,415.0,normalDay
2023-03-30,11717.0,-3848.0,0.0,100,403.7,441.0,0,0.0,0.0,,0.0,1,1.85,3.03,SPY230428C00415000,415.0,normalDay
2023-03-31,11717.0,-3496.0,0.0,100,409.39,441.0,0,0.0,0.0,,0.0,1,1.85,5.2,SPY230428C00415000,415.0,normalDay
2023-04-03,11717.0,-3353.0,0.0,100,410.95,441.0,0,0.0,0.0,,0.0,1,1.85,5.33,SPY230428C00415000,415.0,normalDay
2023-04-04,11717.0,-3465.0,0.0,100,408.67,441.0,0,0.0,0.0,,0.0,1,1.85,4.17,SPY230428C00415000,415.0,normalDay
2023-04-05,11717.0,-3500.0,0.0,100,407.6,441.0,0,0.0,0.0,,0.0,1,1.85,3.45,SPY230428C00415000,415.0,normalDay
2023-04-06,11717.0,-3363.0,0.0,100,409.19,441.0,0,0.0,0.0,,0.0,1,1.85,3.67,SPY230428C00415000,415.0,normalDay
2023-04-10,11717.0,-3315.0,0.0,100,409.61,441.0,0,0.0,0.0,,0.0,1,1.85,3.61,SPY230428C00415000,415.0,normalDay
2023-04-11,11717.0,-3287.0,0.0,100,409.72,441.0,0,0.0,0.0,,0.0,1,1.85,3.44,SPY230428C00415000,415.0,normalDay
2023-04-12,11717.0,-3341.0,0.0,100,408.05,441.0,0,0.0,0.0,,0.0,1,1.85,2.31,SPY230428C00415000,415.0,normalDay
2023-04-13,11717.0,-2987.0,0.0,100,413.47,441.0,0,0.0,0.0,,0.0,1,1.85,4.19,SPY230428C00415000,415.0,normalDay
2023-04-14,11717.0,-2999.0,0.0,100,412.46,441.0,0,0.0,0.0,,0.0,1,1.85,3.3,SPY230428C00415000,415.0,normalDay
2023-04-17,11717.0,-2882.0,0.0,100,413.94,441.0,0,0.0,0.0,,0.0,1,1.85,3.61,SPY230428C00415000,415.0,normalDay
2023-04-18,11717.0,-2834.0,0.0,100,414.21,441.0,0,0.0,0.0,,0.0,1,1.85,3.4,SPY230428C00415000,415.0,normalDay
2023-04-19,11717.0,-2815.0,0.0,100,414.14,441.0,0,0.0,0.0,,0.0,1,1.85,3.14,SPY230428C00415000,415.0,normalDay
2023-04-20,11717.0,-2931.0,0.0,100,411.88,441.0,0,0.0,0.0,,0.0,1,1.85,2.04,SPY230428C00415000,415.0,normalDay
2023-04-21,11717.0,-2859.0,0.0,100,412.2,441.0,0,0.0,0.0,,0.0,1,1.85,1.64,SPY230428C00415000,415.0,normalDay
2023-04-24,11717.0,-2791.0,0.0,100,412.63,441.0,0,0.0,0.0,,0.0,1,1.85,1.39,SPY230428C00415000,415.0,normalDay
2023-04-25,11717.0,-3337.0,0.0,100,406.08,441.0,0,0.0,0.0,,0.0,1,1.85,0.3,SPY230428C00415000,415.0,normalDay
2023-04-26,11717.0,-3483.0,0.0,100,404.36,441.0,0,0.0,0.0,,0.0,1,1.85,0.04,SPY230428C00415000,415.0,normalDay
2023-04-27,11717.0,-2741.0,0.0,100,412.41,441.0,0,0.0,0.0,,0.0,1,1.85,0.67,SPY230428C00415000,415.0,normalDay
2023-04-28,9302.0,-2741.0,-2415.0,0,415.93,0.0,0,0.0,0.0,,0.0,1,1.85,0.0,SPY230428C00415000,415.0,expirationDay
2023-05-01,9302.0,-45.0,0.0,0,415.51,0.0,1,22.47,22.92,SPY240328P00410000,410.0,0,0.0,0.0,,0.0,normalDay
2023-05-02,9302.0,-259.0,0.0,0,410.84,0.0,1,22.47,25.06,SPY240328P00410000,410.0,0,0.0,0.0,,0.0,normalDay
2023-05-03,9302.0,-369.0,0.0,0,408.02,0.0,1,22.47,26.16,SPY240328P00410000,410.0,0,0.0,0.0,,0.0,normalDay
2023-05-04,9302.0,-581.0,0.0,0,405.13,0.0,1,22.47,28.28,SPY240328P00410000,410.0,0,0.0,0.0,,0.0,normalDay
2023-05-05,9302.0,-202.0,0.0,0,412.63,0.0,1,22.47,24.49,SPY240328P00410000,410.0,0,0.0,0.0,,0.0,normalDay
2023-05-08,9302.0,-156.0,0.0,0,412.74,0.0,1,22.47,24.03,SPY240328P00410000,410.0,0,0.0,0.0,,0.0,normalDay
2023-05-09,9302.0,-213.0,0.0,0,410.93,0.0,1,22.47,24.6,SPY240328P00410000,410.0,0,0.0,0.0,,0.0,normalDay
2023-05-10,9302.0,-128.0,0.0,0,412.85,0.0,1,22.47,23.75,SPY240328P00410000,410.0,0,0.0,0.0,,0.0,normalDay
2023-05-11,9302.0,-149.0,0.0,0,412.13,0.0,1,22.47,23.96,SPY240328P00410000,410.0,0,0.0,0.0,,0.0,normalDay
2023-05-12,9302.0,-178.0,0.0,0,411.59,0.0,1,22.47,24.25,SPY240328P00410000,410.0,0,0.0,0.0,,0.0,normalDay
2023-05-15,9302.0,-71.0,0.0,0,413.01,0.0,1,22.47,23.18,SPY240328P00410000,410.0,0,0.0,0.0,,0.0,normalDay
2023-05-16,9302.0,-184.0,0.0,0,410.25,0.0,1,22.47,24.31,SPY240328P00410000,410.0,0,0.0,0.0,,0.0,normalDay
2023-05-17,9302.0,34.0,0.0,0,415.23,0.0,1,22.47,22.13,SPY240328P00410000,410.0,0,0.0,0.0,,0.0,normalDay
2023-05-18,9302.0,198.0,0.0,0,419.23,0.0,1,22.47,20.49,SPY240328P00410000,410.0,0,0.0,0.0,,0.0,normalDay
2023-05-19,9302.0,169.0,0.0,0,418.62,0.0,1,22.47,20.78,SPY240328P00410000,410.0,0,0.0,0.0,,0.0,normalDay
2023-05-22,9302.0,196.0,0.0,0,418.79,0.0,1,22.47,20.51,SPY240328P00410000,410.0,0,0.0,0.0,,0.0,normalDay
2023-05-23,9302.0,22.0,0.0,0,414.09,0.0,1,22.47,22.25,SPY240328P00410000,410.0,0,0.0,0.0,,0.0,normalDay
2023-05-24,9302.0,-88.0,0.0,0,411.09,0.0,1,22.47,23.35,SPY240328P00410000,410.0,0,0.0,0.0,,0.0,normalDay
2023-05-25,9302.0,63.0,0.0,0,414.65,0.0,1,22.47,21.84,SPY240328P00410000,410.0,0,0.0,0.0,,0.0,normalDay
2023-05-26,9302.0,271.0,0.0,0,420.02,0.0,1,22.47,19.76,SPY240328P00410000,410.0,0,0.0,0.0,,0.0,normalDay
2023-05-30,9302.0,306.0,0.0,0,420.18,0.0,1,22.47,19.41,SPY240328P00410000,410.0,0,0.0,0.0,,0.0,normalDay
2023-05-31,9302.0,225.0,0.0,0,417.85,0.0,1,22.47,20.22,SPY240328P00410000,410.0,0,0.0,0.0,,0.0,normalDay
2023-06-01,9302.0,400.0,0.0,0,421.82,0.0,1,22.47,18.47,SPY240328P00410000,410.0,0,0.0,0.0,,0.0,normalDay
2023-06-02,9302.0,609.0,0.0,0,427.92,0.0,1,22.47,16.38,SPY240328P00410000,410.0,0,0.0,0.0,,0.0,normalDay
2023-06-05,9302.0,602.0,0.0,0,427.1,0.0,1,22.47,16.45,SPY240328P00410000,410.0,0,0.0,0.0,,0.0,normalDay
2023-06-06,9302.0,686.0,0.0,0,428.03,0.0,1,22.47,15.61,SPY240328P00410000,410.0,0,0.0,0.0,,0.0,normalDay
2023-06-07,9302.0,666.0,0.0,0,426.55,0.0,1,22.47,15.81,SPY240328P00410000,410.0,0,0.0,0.0,,0.0,normalDay
2023-06-08,9302.0,755.0,0.0,0,429.13,0.0,1,22.47,14.92,SPY240328P00410000,410.0,0,0.0,0.0,,0.0,normalDay
2023-06-09,9302.0,785.0,0.0,0,429.9,0.0,1,22.47,14.62,SPY240328P00410000,410.0,0,0.0,0.0,,0.0,normalDay
2023-06-12,9302.0,863.0,0.0,0,433.8,0.0,1,22.47,13.84,SPY240328P00410000,410.0,0,0.0,0.0,,0.0,normalDay
2023-06-13,9302.0,934.0,0.0,0,436.66,0.0,1,22.47,13.13,SPY240328P00410000,410.0,0,0.0,0.0,,0.0,normalDay
2023-06-14,9302.0,952.0,0.0,0,437.18,0.0,1,22.47,12.95,SPY240328P00410000,410.0,0,0.0,0.0,,0.0,normalDay
2023-06-15,9302.0,1015.0,0.0,0,442.6,0.0,1,22.47,12.32,SPY240328P00410000,410.0,0,0.0,0.0,,0.0,normalDay
2023-06-16,9302.0,1011.0,0.0,0,439.46,0.0,1,22.47,12.36,SPY240328P00410000,410.0,0,0.0,0.0,,0.0,normalDay
2023-06-20,9302.0,926.0,0.0,0,437.18,0.0,1,22.47,13.21,SPY240328P00410000,410.0,0,0.0,0.0,,0.0,normalDay
2023-06-21,9302.0,916.0,0.0,0,434.94,0.0,1,22.47,13.31,SPY240328P00410000,410.0,0,0.0,0.0,,0.0,normalDay
2023-06-22,9302.0,959.0,0.0,0,436.51,0.0,1,22.47,12.88,SPY240328P00410000,410.0,0,0.0,0.0,,0.0,normalDay
2023-06-23,9302.0,897.0,0.0,0,433.21,0.0,1,22.47,13.5,SPY240328P00410000,410.0,0,0.0,0.0,,0.0,normalDay
2023-06-26,9302.0,887.0,0.0,0,431.44,0.0,1,22.47,13.6,SPY240328P00410000,410.0,0,0.0,0.0,,0.0,normalDay
2023-06-27,9302.0,1016.0,0.0,0,436.17,0.0,1,22.47,12.31,SPY240328P00410000,410.0,0,0.0,0.0,,0.0,normalDay
2023-06-28,9302.0,1086.0,0.0,0,436.39,0.0,1,22.47,11.61,SPY240328P00410000,410.0,0,0.0,0.0,,0.0,normalDay
2023-06-29,9302.0,1108.0,0.0,0,438.11,0.0,1,22.47,11.39,SPY240328P00410000,410.0,0,0.0,0.0,,0.0,normalDay
2023-06-30,9302.0,1204.0,0.0,0,443.28,0.0,1,22.47,10.43,SPY240328P00410000,410.0,0,0.0,0.0,,0.0,normalDay
2023-07-03,9302.0,1218.0,0.0,0,443.79,0.0,1,22.47,10.29,SPY240328P00410000,410.0,0,0.0,0.0,,0.0,normalDay
2023-07-05,9302.0,1186.0,0.0,0,443.13,0.0,1,22.47,10.61,SPY240328P00410000,410.0,0,0.0,0.0,,0.0,normalDay
2023-07-06,9302.0,1085.0,0.0,0,439.66,0.0,1,22.47,11.62,SPY240328P00410000,410.0,0,0.0,0.0,,0.0,normalDay
2023-07-07,9302.0,1077.0,0.0,0,438.55,0.0,1,22.47,11.7,SPY240328P00410000,410.0,0,0.0,0.0,,0.0,normalDay
2023-07-10,9302.0,1120.0,0.0,0,439.66,0.0,1,22.47,11.27,SPY240328P00410000,410.0,0,0.0,0.0,,0.0,normalDay
2023-07-11,9302.0,1203.0,0.0,0,442.46,0.0,1,22.47,10.44,SPY240328P00410000,410.0,0,0.0,0.0,,0.0,normalDay
2023-07-12,9302.0,1306.0,0.0,0,446.02,0.0,1,22.47,9.41,SPY240328P00410000,410.0,0,0.0,0.0,,0.0,normalDay
2023-07-13,9302.0,1365.0,0.0,0,449.56,0.0,1,22.47,8.82,SPY240328P00410000,410.0,0,0.0,0.0,,0.0,normalDay
2023-07-14,9302.0,1355.0,0.0,0,449.28,0.0,1,22.47,8.92,SPY240328P00410000,410.0,0,0.0,0.0,,0.0,normalDay
2023-07-17,9302.0,1377.0,0.0,0,450.84,0.0,1,22.47,8.7,SPY240328P00410000,410.0,0,0.0,0.0,,0.0,normalDay
2023-07-18,9302.0,1420.0,0.0,0,454.19,0.0,1,22.47,8.27,SPY240328P00410000,410.0,0,0.0,0.0,,0.0,normalDay
2023-07-19,9302.0,1406.0,0.0,0,455.2,0.0,1,22.47,8.41,SPY240328P00410000,410.0,0,0.0,0.0,,0.0,normalDay
2023-07-20,9302.0,1372.0,0.0,0,452.18,0.0,1,22.47,8.75,SPY240328P00410000,410.0,0,0.0,0.0,,0.0,normalDay
2023-07-21,9302.0,1400.0,0.0,0,452.18,0.0,1,22.47,8.47,SPY240328P00410000,410.0,0,0.0,0.0,,0.0,normalDay
2023-07-24,9302.0,1443.0,0.0,0,454.2,0.0,1,22.47,8.04,SPY240328P00410000,410.0,0,0.0,0.0,,0.0,normalDay
2023-07-25,9302.0,1458.0,0.0,0,455.44,0.0,1,22.47,7.89,SPY240328P00410000,410.0,0,0.0,0.0,,0.0,normalDay
2023-07-26,9302.0,1471.0,0.0,0,455.51,0.0,1,22.47,7.76,SPY240328P00410000,410.0,0,0.0,0.0,,0.0,normalDay
2023-07-27,9302.0,1398.0,0.0,0,452.49,0.0,1,22.47,8.49,SPY240328P00410000,410.0,0,0.0,0.0,,0.0,normalDay
2023-07-28,9302.0,1472.0,0.0,0,456.92,0.0,1,22.47,7.75,SPY240328P00410000,410.0,0,0.0,0.0,,0.0,normalDay
2023-07-31,9302.0,1480.0,0.0,0,457.79,0.0,1,22.47,7.67,SPY240328P00410000,410.0,0,0.0,0.0,,0.0,normalDay
2023-08-01,9302.0,1451.0,0.0,0,456.48,0.0,1,22.47,7.96,SPY240328P00410000,410.0,0,0.0,0.0,,0.0,normalDay
2023-08-02,9302.0,1297.0,0.0,0,450.13,0.0,1,22.47,9.5,SPY240328P00410000,410.0,0,0.0,0.0,,0.0,normalDay
2023-08-03,9302.0,1303.0,0.0,0,448.84,0.0,1,22.47,9.44,SPY240328P00410000,410.0,0,0.0,0.0,,0.0,normalDay
2023-08-04,9302.0,1219.0,0.0,0,446.81,0.0,1,22.47,10.28,SPY240328P00410000,410.0,0,0.0,0.0,,0.0,normalDay
2023-08-07,9302.0,1338.0,0.0,0,450.71,0.0,1,22.47,9.09,SPY240328P00410000,410.0,0,0.0,0.0,,0.0,normalDay
2023-08-08,9302.0,1290.0,0.0,0,448.75,0.0,1,22.47,9.57,SPY240328P00410000,410.0,0,0.0,0.0,,0.0,normalDay
2023-08-09,9302.0,1258.0,0.0,0,445.75,0.0,1,22.47,9.89,SPY240328P00410000,410.0,0,0.0,0.0,,0.0,normalDay
2023-08-10,9302.0,1254.0,0.0,0,445.91,0.0,1,22.47,9.93,SPY240328P00410000,410.0,0,0.0,0.0,,0.0,normalDay
2023-08-11,9302.0,1278.0,0.0,0,445.65,0.0,1,22.47,9.69,SPY240328P00410000,410.0,0,0.0,0.0,,0.0,normalDay
2023-08-14,9302.0,1339.0,0.0,0,448.11,0.0,1,22.47,9.08,SPY240328P00410000,410.0,0,0.0,0.0,,0.0,normalDay
2023-08-15,9302.0,1203.0,0.0,0,442.89,0.0,1,22.47,10.44,SPY240328P00410000,410.0,0,0.0,0.0,,0.0,normalDay
2023-08-16,9302.0,1132.0,0.0,0,439.64,0.0,1,22.47,11.15,SPY240328P00410000,410.0,0,0.0,0.0,,0.0,normalDay
2023-08-17,9302.0,1021.0,0.0,0,436.29,0.0,1,22.47,12.26,SPY240328P00410000,410.0,0,0.0,0.0,,0.0,normalDay
2023-08-18,9302.0,1055.0,0.0,0,436.5,0.0,1,22.47,11.92,SPY240328P00410000,410.0,0,0.0,0.0,,0.0,normalDay
2023-08-21,9302.0,1135.0,0.0,0,439.34,0.0,1,22.47,11.12,SPY240328P00410000,410.0,0,0.0,0.0,,0.0,normalDay
2023-08-22,9302.0,1121.0,0.0,0,438.15,0.0,1,22.47,11.26,SPY240328P00410000,410.0,0,0.0,0.0,,0.0,normalDay
2023-08-23,9302.0,1247.0,0.0,0,443.03,0.0,1,22.47,10.0,SPY240328P00410000,410.0,0,0.0,0.0,,0.0,normalDay
2023-08-24,9302.0,1087.0,0.0,0,436.89,0.0,1,22.47,11.6,SPY240328P00410000,410.0,0,0.0,0.0,,0.0,normalDay
2023-08-25,9302.0,1220.0,0.0,0,439.97,0.0,1,22.47,10.27,SPY240328P00410000,410.0,0,0.0,0.0,,0.0,normalDay
2023-08-28,9302.0,1311.0,0.0,0,442.76,0.0,1,22.47,9.36,SPY240328P00410000,410.0,0,0.0,0.0,,0.0,normalDay
2023-08-29,9302.0,1445.0,0.0,0,449.16,0.0,1,22.47,8.02,SPY240328P00410000,410.0,0,0.0,0.0,,0.0,normalDay
2023-08-30,9302.0,1488.0,0.0,0,451.01,0.0,1,22.47,7.59,SPY240328P00410000,410.0,0,0.0,0.0,,0.0,normalDay
2023-08-31,9302.0,1503.0,0.0,0,450.35,0.0,1,22.47,7.44,SPY240328P00410000,410.0,0,0.0,0.0,,0.0,normalDay
2023-09-01,9302.0,1519.0,0.0,0,451.19,0.0,1,22.47,7.28,SPY240328P00410000,410.0,0,0.0,0.0,,0.0,normalDay
2023-09-05,9302.0,1492.0,0.0,0,449.24,0.0,1,22.47,7.55,SPY240328P00410000,410.0,0,0.0,0.0,,0.0,normalDay
2023-09-06,9302.0,1431.0,0.0,0,446.22,0.0,1,22.47,8.16,SPY240328P00410000,410.0,0,0.0,0.0,,0.0,normalDay
2023-09-07,9302.0,1417.0,0.0,0,444.85,0.0,1,22.47,8.3,SPY240328P00410000,410.0,0,0.0,0.0,,0.0,normalDay
2023-09-08,9302.0,1461.0,0.0,0,445.52,0.0,1,22.47,7.86,SPY240328P00410000,410.0,0,0.0,0.0,,0.0,normalDay
2023-09-11,9302.0,1529.0,0.0,0,448.45,0.0,1,22.47,7.18,SPY240328P00410000,410.0,0,0.0,0.0,,0.0,normalDay
2023-09-12,9302.0,1489.0,0.0,0,445.99,0.0,1,22.47,7.58,SPY240328P00410000,410.0,0,0.0,0.0,,0.0,normalDay
2023-09-13,9302.0,1497.0,0.0,0,446.51,0.0,1,22.47,7.5,SPY240328P00410000,410.0,0,0.0,0.0,,0.0,normalDay
2023-09-14,9302.0,1599.0,0.0,0,450.36,0.0,1,22.47,6.48,SPY240328P00410000,410.0,0,0.0,0.0,,0.0,normalDay
2023-09-15,9302.0,1474.0,0.0,0,443.37,0.0,1,22.47,7.73,SPY240328P00410000,410.0,0,0.0,0.0,,0.0,normalDay
2023-09-18,9302.0,1493.0,0.0,0,443.63,0.0,1,22.47,7.54,SPY240328P00410000,410.0,0,0.0,0.0,,0.0,normalDay
2023-09-19,9302.0,1500.0,0.0,0,442.71,0.0,1,22.47,7.47,SPY240328P00410000,410.0,0,0.0,0.0,,0.0,normalDay
2023-09-20,9302.0,1398.0,0.0,0,438.64,0.0,1,22.47,8.49,SPY240328P00410000,410.0,0,0.0,0.0,,0.0,normalDay
2023-09-21,9302.0,1194.0,0.0,0,431.39,0.0,1,22.47,10.53,SPY240328P00410000,410.0,0,0.0,0.0,,0.0,normalDay
2023-09-22,9302.0,1169.0,0.0,0,430.42,0.0,1,22.47,10.78,SPY240328P00410000,410.0,0,0.0,0.0,,0.0,normalDay
2023-09-25,9302.0,1221.0,0.0,0,432.23,0.0,1,22.47,10.26,SPY240328P00410000,410.0,0,0.0,0.0,,0.0,normalDay
2023-09-26,9302.0,952.0,0.0,0,425.88,0.0,1,22.47,12.95,SPY240328P00410000,410.0,0,0.0,0.0,,0.0,normalDay
2023-09-27,9302.0,1001.0,0.0,0,426.05,0.0,1,22.47,12.46,SPY240328P00410000,410.0,0,0.0,0.0,,0.0,normalDay
2023-09-28,9302.0,1116.0,0.0,0,428.52,0.0,1,22.47,11.31,SPY240328P00410000,410.0,0,0.0,0.0,,0.0,normalDay
2023-09-29,9302.0,1057.0,0.0,0,427.48,0.0,1,22.47,11.9,SPY240328P00410000,410.0,0,0.0,0.0,,0.0,normalDay
2023-10-02,9302.0,1104.0,0.0,0,427.31,0.0,1,22.47,11.43,SPY240328P00410000,410.0,0,0.0,0.0,,0.0,normalDay
2023-10-03,9302.0,874.0,0.0,0,421.59,0.0,1,22.47,13.73,SPY240328P00410000,410.0,0,0.0,0.0,,0.0,normalDay
2023-10-04,9302.0,976.0,0.0,0,424.66,0.0,1,22.47,12.71,SPY240328P00410000,410.0,0,0.0,0.0,,0.0,normalDay
2023-10-05,9302.0,976.0,0.0,0,424.5,0.0,1,22.47,12.71,SPY240328P00410000,410.0,0,0.0,0.0,,0.0,normalDay
2023-10-06,9302.0,1163.0,0.0,0,429.54,0.0,1,22.47,10.84,SPY240328P00410000,410.0,0,0.0,0.0,,0.0,normalDay
2023-10-09,9302.0,1226.0,0.0,0,432.29,0.0,1,22.47,10.21,SPY240328P00410000,410.0,0,0.0,0.0,,0.0,normalDay
2023-10-10,9302.0,1311.0,0.0,0,434.54,0.0,1,22.47,9.36,SPY240328P00410000,410.0,0,0.0,0.0,,0.0,normalDay
2023-10-11,9302.0,1385.0,0.0,0,436.32,0.0,1,22.47,8.62,SPY240328P00410000,410.0,0,0.0,0.0,,0.0,normalDay
2023-10-12,9302.0,1315.0,0.0,0,433.66,0.0,1,22.47,9.32,SPY240328P00410000,410.0,0,0.0,0.0,,0.0,normalDay
2023-10-13,9302.0,1133.0,0.0,0,431.5,0.0,1,22.47,11.14,SPY240328P00410000,410.0,0,0.0,0.0,,0.0,normalDay
2023-10-16,9302.0,1342.0,0.0,0,436.04,0.0,1,22.47,9.05,SPY240328P00410000,410.0,0,0.0,0.0,,0.0,normalDay
2023-10-17,9302.0,1319.0,0.0,0,436.02,0.0,1,22.47,9.28,SPY240328P00410000,410.0,0,0.0,0.0,,0.0,normalDay
2023-10-18,9302.0,1156.0,0.0,0,430.21,0.0,1,22.47,10.91,SPY240328P00410000,410.0,0,0.0,0.0,,0.0,normalDay
2023-10-19,9302.0,963.0,0.0,0,426.43,0.0,1,22.47,12.84,SPY240328P00410000,410.0,0,0.0,0.0,,0.0,normalDay
2023-10-20,9302.0,847.0,0.0,0,421.19,0.0,1,22.47,14.0,SPY240328P00410000,410.0,0,0.0,0.0,,0.0,normalDay
2023-10-23,9302.0,868.0,0.0,0,420.46,0.0,1,22.47,13.79,SPY240328P00410000,410.0,0,0.0,0.0,,0.0,normalDay
2023-10-24,9302.0,983.0,0.0,0,423.63,0.0,1,22.47,12.64,SPY240328P00410000,410.0,0,0.0,0.0,,0.0,normalDay
2023-10-25,9302.0,741.0,0.0,0,417.55,0.0,1,22.47,15.06,SPY240328P00410000,410.0,0,0.0,0.0,,0.0,normalDay
2023-10-26,9302.0,621.0,0.0,0,412.55,0.0,1,22.47,16.26,SPY240328P00410000,410.0,0,0.0,0.0,,0.0,normalDay
2023-10-27,9302.0,523.0,0.0,0,410.68,0.0,1,22.47,17.24,SPY240328P00410000,410.0,0,0.0,0.0,,0.0,normalDay
2023-10-30,9302.0,777.0,0.0,0,415.59,0.0,1,22.47,14.7,SPY240328P00410000,410.0,0,0.0,0.0,,0.0,normalDay
2023-10-31,9302.0,936.0,0.0,0,418.2,0.0,1,22.47,13.11,SPY240328P00410000,410.0,0,0.0,0.0,,0.0,normalDay
2023-11-01,9302.0,1131.0,0.0,0,422.66,0.0,1,22.47,11.16,SPY240328P00410000,410.0,0,0.0,0.0,,0.0,normalDay
2023-11-02,9302.0,1372.0,0.0,0,430.76,0.0,1,22.47,8.75,SPY240328P00410000,410.0,0,0.0,0.0,,0.0,normalDay
2023-11-03,9302.0,1494.0,0.0,0,434.69,0.0,1,22.47,7.53,SPY240328P00410000,410.0,0,0.0,0.0,,0.0,normalDay
2023-11-06,9302.0,1535.0,0.0,0,435.69,0.0,1,22.47,7.12,SPY240328P00410000,410.0,0,0.0,0.0,,0.0,normalDay
2023-11-07,9302.0,1570.0,0.0,0,436.93,0.0,1,22.47,6.77,SPY240328P00410000,410.0,0,0.0,0.0,,0.0,normalDay
2023-11-08,9302.0,1594.0,0.0,0,437.25,0.0,1,22.47,6.53,SPY240328P00410000,410.0,0,0.0,0.0,,0.0,normalDay
2023-11-09,9302.0,1510.0,0.0,0,433.84,0.0,1,22.47,7.37,SPY240328P00410000,410.0,0,0.0,0.0,,0.0,normalDay
2023-11-10,9302.0,1672.0,0.0,0,440.61,0.0,1,22.47,5.75,SPY240328P00410000,410.0,0,0.0,0.0,,0.0,normalDay
2023-11-13,9302.0,1670.0,0.0,0,440.19,0.0,1,22.47,5.77,SPY240328P00410000,410.0,0,0.0,0.0,,0.0,normalDay
2023-11-14,9302.0,1792.0,0.0,0,448.73,0.0,1,22.47,4.55,SPY240328P00410000,410.0,0,0.0,0.0,,0.0,normalDay
2023-11-15,9302.0,1796.0,0.0,0,449.68,0.0,1,22.47,4.51,SPY240328P00410000,410.0,0,0.0,0.0,,0.0,normalDay
2023-11-16,9302.0,1815.0,0.0,0,450.23,0.0,1,22.47,4.32,SPY240328P00410000,410.0,0,0.0,0.0,,0.0,normalDay
2023-11-17,9302.0,1837.0,0.0,0,450.79,0.0,1,22.47,4.1,SPY240328P00410000,410.0,0,0.0,0.0,,0.0,normalDay
2023-11-20,9302.0,1877.0,0.0,0,454.26,0.0,1,22.47,3.7,SPY240328P00410000,410.0,0,0.0,0.0,,0.0,normalDay
2023-11-21,9302.0,1881.0,0.0,0,453.27,0.0,1,22.47,3.66,SPY240328P00410000,410.0,0,0.0,0.0,,0.0,normalDay
2023-11-22,9302.0,1899.0,0.0,0,455.02,0.0,1,22.47,3.48,SPY240328P00410000,410.0,0,0.0,0.0,,0.0,normalDay
2023-11-24,9302.0,1915.0,0.0,0,455.3,0.0,1,22.47,3.32,SPY240328P00410000,410.0,0,0.0,0.0,,0.0,normalDay
2023-11-27,9302.0,1913.0,0.0,0,454.48,0.0,1,22.47,3.34,SPY240328P00410000,410.0,0,0.0,0.0,,0.0,normalDay
2023-11-28,9302.0,1926.0,0.0,0,454.93,0.0,1,22.47,3.21,SPY240328P00410000,410.0,0,0.0,0.0,,0.0,normalDay
2023-11-29,9302.0,1916.0,0.0,0,454.61,0.0,1,22.47,3.31,SPY240328P00410000,410.0,0,0.0,0.0,,0.0,normalDay
2023-11-30,9302.0,1926.0,0.0,0,456.4,0.0,1,22.47,3.21,SPY240328P00410000,410.0,0,0.0,0.0,,0.0,normalDay
