date,totalCapital,unrializedPnL,rializedPnL,stocksOwned,stocksPriceToday,stocksPriceBoughtAt,putOwned,putOwnedSoldAt,putPriceToday,putOwnedContract,putOwnedStrike,callOwned,callOwnedSoldAt,callPriceToday,callOwnedContract,callOwnedStrike,trackType
2018-11-01,0.0,-4.0,0.0,0,273.51,0.0,1,2.53,2.57,SPY181221P00256000,256.0,0,0.0,0.0,,0.0,normalDay
2018-11-02,0.0,-22.0,0.0,0,271.89,0.0,1,2.53,2.75,SPY181221P00256000,256.0,0,0.0,0.0,,0.0,normalDay
2018-11-05,0.0,14.0,0.0,0,273.39,0.0,1,2.53,2.39,SPY181221P00256000,256.0,0,0.0,0.0,,0.0,normalDay
2018-11-06,0.0,47.0,0.0,0,275.12,0.0,1,2.53,2.06,SPY181221P00256000,256.0,0,0.0,0.0,,0.0,normalDay
2018-11-07,0.0,148.0,0.0,0,281.01,0.0,1,2.53,1.05,SPY181221P00256000,256.0,0,0.0,0.0,,0.0,normalDay
2018-11-08,0.0,145.0,0.0,0,280.5,0.0,1,2.53,1.08,SPY181221P00256000,256.0,0,0.0,0.0,,0.0,normalDay
2018-11-09,0.0,114.0,0.0,0,277.76,0.0,1,2.53,1.39,SPY181221P00256000,256.0,0,0.0,0.0,,0.0,normalDay
2018-11-12,0.0,30.0,0.0,0,272.57,0.0,1,2.53,2.23,SPY181221P00256000,256.0,0,0.0,0.0,,0.0,normalDay
2018-11-13,0.0,26.0,0.0,0,272.06,0.0,1,2.53,2.27,SPY181221P00256000,256.0,0,0.0,0.0,,0.0,normalDay
2018-11-14,0.0,-18.0,0.0,0,270.2,0.0,1,2.53,2.71,SPY181221P00256000,256.0,0,0.0,0.0,,0.0,normalDay
2018-11-15,0.0,59.0,0.0,0,273.02,0.0,1,2.53,1.94,SPY181221P00256000,256.0,0,0.0,0.0,,0.0,normalDay
2018-11-16,0.0,104.0,0.0,0,273.73,0.0,1,2.53,1.49,SPY181221P00256000,256.0,0,0.0,0.0,,0.0,normalDay
2018-11-19,0.0,26.0,0.0,0,269.1,0.0,1,2.53,2.27,SPY181221P00256000,256.0,0,0.0,0.0,,0.0,normalDay
2018-11-20,0.0,-126.0,0.0,0,264.12,0.0,1,2.53,3.79,SPY181221P00256000,256.0,0,0.0,0.0,,0.0,normalDay
2018-11-21,0.0,-54.0,0.0,0,265.02,0.0,1,2.53,3.07,SPY181221P00256000,256.0,0,0.0,0.0,,0.0,normalDay
2018-11-23,0.0,-107.0,0.0,0,263.25,0.0,1,2.53,3.6,SPY181221P00256000,256.0,0,0.0,0.0,,0.0,normalDay
2018-11-26,0.0,76.0,0.0,0,267.5,0.0,1,2.53,1.77,SPY181221P00256000,256.0,0,0.0,0.0,,0.0,normalDay
2018-11-27,0.0,82.0,0.0,0,268.4,0.0,1,2.53,1.71,SPY181221P00256000,256.0,0,0.0,0.0,,0.0,normalDay
2018-11-28,0.0,165.0,0.0,0,274.58,0.0,1,2.53,0.88,SPY181221P00256000,256.0,0,0.0,0.0,,0.0,normalDay
2018-11-29,0.0,155.0,0.0,0,273.98,0.0,1,2.53,0.98,SPY181221P00256000,256.0,0,0.0,0.0,,0.0,normalDay
2018-11-30,0.0,178.0,0.0,0,275.65,0.0,1,2.53,0.75,SPY181221P00256000,256.0,0,0.0,0.0,,0.0,normalDay
2018-12-03,0.0,220.0,0.0,0,279.3,0.0,1,2.53,0.33,SPY181221P00256000,256.0,0,0.0,0.0,,0.0,normalDay
2018-12-04,0.0,116.0,0.0,0,270.25,0.0,1,2.53,1.37,SPY181221P00256000,256.0,0,0.0,0.0,,0.0,normalDay
2018-12-06,0.0,119.0,0.0,0,269.84,0.0,1,2.53,1.34,SPY181221P00256000,256.0,0,0.0,0.0,,0.0,normalDay
2018-12-07,0.0,-30.0,0.0,0,263.57,0.0,1,2.53,2.83,SPY181221P00256000,256.0,0,0.0,0.0,,0.0,normalDay
2018-12-10,0.0,66.0,0.0,0,264.07,0.0,1,2.53,1.87,SPY181221P00256000,256.0,0,0.0,0.0,,0.0,normalDay
2018-12-11,0.0,91.0,0.0,0,264.13,0.0,1,2.53,1.62,SPY181221P00256000,256.0,0,0.0,0.0,,0.0,normalDay
2018-12-12,0.0,128.0,0.0,0,265.46,0.0,1,2.53,1.25,SPY181221P00256000,256.0,0,0.0,0.0,,0.0,normalDay
2018-12-13,0.0,163.0,0.0,0,265.37,0.0,1,2.53,0.9,SPY181221P00256000,256.0,0,0.0,0.0,,0.0,normalDay
2018-12-14,0.0,64.0,0.0,0,260.47,0.0,1,2.53,1.89,SPY181221P00256000,256.0,0,0.0,0.0,,0.0,normalDay
2018-12-17,0.0,-163.0,0.0,0,255.36,0.0,1,2.53,4.16,SPY181221P00256000,256.0,0,0.0,0.0,,0.0,normalDay
2018-12-18,0.0,-224.0,0.0,0,255.08,0.0,1,2.53,4.77,SPY181221P00256000,256.0,0,0.0,0.0,,0.0,normalDay
2018-12-19,0.0,-395.0,0.0,0,251.26,0.0,1,2.53,6.48,SPY181221P00256000,256.0,0,0.0,0.0,,0.0,normalDay
2018-12-20,0.0,-703.0,0.0,0,247.17,0.0,1,2.53,9.56,SPY181221P00256000,256.0,0,0.0,0.0,,0.0,normalDay
2018-12-21,253.0,-1530.0,253.0,100,240.7,256.0,1,2.53,0.0,SPY181221P00256000,256.0,0,0.0,0.0,,0.0,expirationDay
2018-12-24,253.0,-2263.0,0.0,100,234.34,256.0,0,0.0,0.0,,0.0,1,0.98,1.95,SPY190628C00280000,280.0,normalDay
2018-12-26,253.0,-1160.0,0.0,100,246.18,256.0,0,0.0,0.0,,0.0,1,0.98,2.76,SPY190628C00280000,280.0,normalDay
2018-12-27,253.0,-1038.0,0.0,100,248.07,256.0,0,0.0,0.0,,0.0,1,0.98,3.43,SPY190628C00280000,280.0,normalDay
2018-12-28,253.0,-1027.0,0.0,100,247.75,256.0,0,0.0,0.0,,0.0,1,0.98,3.0,SPY190628C00280000,280.0,normalDay
2018-12-31,253.0,-804.0,0.0,100,249.92,256.0,0,0.0,0.0,,0.0,1,0.98,2.94,SPY190628C00280000,280.0,normalDay
2019-01-02,253.0,-759.0,0.0,100,250.18,256.0,0,0.0,0.0,,0.0,1,0.98,2.75,SPY190628C00280000,280.0,normalDay
2019-01-03,253.0,-1268.0,0.0,100,244.21,256.0,0,0.0,0.0,,0.0,1,0.98,1.87,SPY190628C00280000,280.0,normalDay
2019-01-04,253.0,-564.0,0.0,100,252.39,256.0,0,0.0,0.0,,0.0,1,0.98,3.01,SPY190628C00280000,280.0,normalDay
2019-01-07,253.0,-387.0,0.0,100,254.38,256.0,0,0.0,0.0,,0.0,1,0.98,3.23,SPY190628C00280000,280.0,normalDay
2019-01-08,253.0,-189.0,0.0,100,256.77,256.0,0,0.0,0.0,,0.0,1,0.98,3.64,SPY190628C00280000,280.0,normalDay
2019-01-09,253.0,-76.0,0.0,100,257.97,256.0,0,0.0,0.0,,0.0,1,0.98,3.71,SPY190628C00280000,280.0,normalDay
2019-01-10,253.0,-2.0,0.0,100,258.88,256.0,0,0.0,0.0,,0.0,1,0.98,3.88,SPY190628C00280000,280.0,normalDay
2019-01-11,253.0,48.0,0.0,100,258.98,256.0,0,0.0,0.0,,0.0,1,0.98,3.48,SPY190628C00280000,280.0,normalDay
2019-01-14,253.0,-50.0,0.0,100,257.4,256.0,0,0.0,0.0,,0.0,1,0.98,2.88,SPY190628C00280000,280.0,normalDay
2019-01-15,253.0,211.0,0.0,100,260.35,256.0,0,0.0,0.0,,0.0,1,0.98,3.22,SPY190628C00280000,280.0,normalDay
2019-01-16,253.0,261.0,0.0,100,260.98,256.0,0,0.0,0.0,,0.0,1,0.98,3.35,SPY190628C00280000,280.0,normalDay
2019-01-17,253.0,398.0,0.0,100,262.96,256.0,0,0.0,0.0,,0.0,1,0.98,3.96,SPY190628C00280000,280.0,normalDay
2019-01-18,253.0,632.0,0.0,100,266.46,256.0,0,0.0,0.0,,0.0,1,0.98,5.12,SPY190628C00280000,280.0,normalDay
2019-01-22,253.0,357.0,0.0,100,262.86,256.0,0,0.0,0.0,,0.0,1,0.98,4.27,SPY190628C00280000,280.0,normalDay
2019-01-23,253.0,418.0,0.0,100,263.41,256.0,0,0.0,0.0,,0.0,1,0.98,4.21,SPY190628C00280000,280.0,normalDay
2019-01-24,253.0,472.0,0.0,100,263.55,256.0,0,0.0,0.0,,0.0,1,0.98,3.81,SPY190628C00280000,280.0,normalDay
2019-01-25,253.0,606.0,0.0,100,265.78,256.0,0,0.0,0.0,,0.0,1,0.98,4.7,SPY190628C00280000,280.0,normalDay
2019-01-28,253.0,472.0,0.0,100,263.76,256.0,0,0.0,0.0,,0.0,1,0.98,4.02,SPY190628C00280000,280.0,normalDay
2019-01-29,253.0,455.0,0.0,100,263.41,256.0,0,0.0,0.0,,0.0,1,0.98,3.84,SPY190628C00280000,280.0,normalDay
2019-01-30,253.0,746.0,0.0,100,267.58,256.0,0,0.0,0.0,,0.0,1,0.98,5.1,SPY190628C00280000,280.0,normalDay
2019-01-31,253.0,894.0,0.0,100,269.93,256.0,0,0.0,0.0,,0.0,1,0.98,5.97,SPY190628C00280000,280.0,normalDay
2019-02-01,253.0,931.0,0.0,100,270.06,256.0,0,0.0,0.0,,0.0,1,0.98,5.73,SPY190628C00280000,280.0,normalDay
2019-02-04,253.0,1071.0,0.0,100,271.96,256.0,0,0.0,0.0,,0.0,1,0.98,6.23,SPY190628C00280000,280.0,normalDay
2019-02-05,253.0,1148.0,0.0,100,273.1,256.0,0,0.0,0.0,,0.0,1,0.98,6.6,SPY190628C00280000,280.0,normalDay
2019-02-06,253.0,1136.0,0.0,100,272.74,256.0,0,0.0,0.0,,0.0,1,0.98,6.36,SPY190628C00280000,280.0,normalDay
2019-02-07,253.0,973.0,0.0,100,270.14,256.0,0,0.0,0.0,,0.0,1,0.98,5.39,SPY190628C00280000,280.0,normalDay
2019-02-08,253.0,1011.0,0.0,100,270.47,256.0,0,0.0,0.0,,0.0,1,0.98,5.34,SPY190628C00280000,280.0,normalDay
2019-02-11,253.0,1029.0,0.0,100,270.62,256.0,0,0.0,0.0,,0.0,1,0.98,5.31,SPY190628C00280000,280.0,normalDay
2019-02-12,253.0,1220.0,0.0,100,274.1,256.0,0,0.0,0.0,,0.0,1,0.98,6.88,SPY190628C00280000,280.0,normalDay
2019-02-13,253.0,1276.0,0.0,100,274.99,256.0,0,0.0,0.0,,0.0,1,0.98,7.21,SPY190628C00280000,280.0,normalDay
2019-02-14,253.0,1236.0,0.0,100,274.38,256.0,0,0.0,0.0,,0.0,1,0.98,7.0,SPY190628C00280000,280.0,normalDay
2019-02-15,253.0,1403.0,0.0,100,277.37,256.0,0,0.0,0.0,,0.0,1,0.98,8.32,SPY190628C00280000,280.0,normalDay
2019-02-19,253.0,1469.0,0.0,100,277.85,256.0,0,0.0,0.0,,0.0,1,0.98,8.14,SPY190628C00280000,280.0,normalDay
2019-02-20,253.0,1509.0,0.0,100,278.41,256.0,0,0.0,0.0,,0.0,1,0.98,8.3,SPY190628C00280000,280.0,normalDay
2019-02-21,253.0,1466.0,0.0,100,277.42,256.0,0,0.0,0.0,,0.0,1,0.98,7.74,SPY190628C00280000,280.0,normalDay
2019-02-22,253.0,1569.0,0.0,100,279.14,256.0,0,0.0,0.0,,0.0,1,0.98,8.43,SPY190628C00280000,280.0,normalDay
2019-02-25,253.0,1573.0,0.0,100,279.52,256.0,0,0.0,0.0,,0.0,1,0.98,8.77,SPY190628C00280000,280.0,normalDay
2019-02-26,253.0,1569.0,0.0,100,279.32,256.0,0,0.0,0.0,,0.0,1,0.98,8.61,SPY190628C00280000,280.0,normalDay
2019-02-27,253.0,1562.0,0.0,100,279.2,256.0,0,0.0,0.0,,0.0,1,0.98,8.56,SPY190628C00280000,280.0,normalDay
2019-02-28,253.0,1558.0,0.0,100,278.68,256.0,0,0.0,0.0,,0.0,1,0.98,8.08,SPY190628C00280000,280.0,normalDay
2019-03-01,253.0,1659.0,0.0,100,280.42,256.0,0,0.0,0.0,,0.0,1,0.98,8.81,SPY190628C00280000,280.0,normalDay
2019-03-04,253.0,1621.0,0.0,100,279.4,256.0,0,0.0,0.0,,0.0,1,0.98,8.17,SPY190628C00280000,280.0,normalDay
2019-03-05,253.0,1604.0,0.0,100,279.02,256.0,0,0.0,0.0,,0.0,1,0.98,7.96,SPY190628C00280000,280.0,normalDay
2019-03-06,253.0,1512.0,0.0,100,277.33,256.0,0,0.0,0.0,,0.0,1,0.98,7.19,SPY190628C00280000,280.0,normalDay
2019-03-07,253.0,1376.0,0.0,100,275.01,256.0,0,0.0,0.0,,0.0,1,0.98,6.23,SPY190628C00280000,280.0,normalDay
2019-03-08,253.0,1350.0,0.0,100,274.46,256.0,0,0.0,0.0,,0.0,1,0.98,5.94,SPY190628C00280000,280.0,normalDay
2019-03-11,253.0,1607.0,0.0,100,278.44,256.0,0,0.0,0.0,,0.0,1,0.98,7.35,SPY190628C00280000,280.0,normalDay
2019-03-12,253.0,1683.0,0.0,100,279.49,256.0,0,0.0,0.0,,0.0,1,0.98,7.64,SPY190628C00280000,280.0,normalDay
2019-03-13,253.0,1752.0,0.0,100,281.34,256.0,0,0.0,0.0,,0.0,1,0.98,8.8,SPY190628C00280000,280.0,normalDay
2019-03-14,253.0,1768.0,0.0,100,281.16,256.0,0,0.0,0.0,,0.0,1,0.98,8.46,SPY190628C00280000,280.0,normalDay
2019-03-15,253.0,1708.0,0.0,100,281.31,256.0,0,0.0,0.0,,0.0,1,0.98,9.21,SPY190628C00280000,280.0,normalDay
2019-03-18,253.0,1723.0,0.0,100,282.33,256.0,0,0.0,0.0,,0.0,1,0.98,10.08,SPY190628C00280000,280.0,normalDay
2019-03-19,253.0,1741.0,0.0,100,282.4,256.0,0,0.0,0.0,,0.0,1,0.98,9.97,SPY190628C00280000,280.0,normalDay
2019-03-20,253.0,1710.0,0.0,100,281.55,256.0,0,0.0,0.0,,0.0,1,0.98,9.43,SPY190628C00280000,280.0,normalDay
2019-03-21,253.0,1812.0,0.0,100,284.73,256.0,0,0.0,0.0,,0.0,1,0.98,11.59,SPY190628C00280000,280.0,normalDay
2019-03-22,253.0,1507.0,0.0,100,279.25,256.0,0,0.0,0.0,,0.0,1,0.98,9.16,SPY190628C00280000,280.0,normalDay
2019-03-25,253.0,1533.0,0.0,100,279.04,256.0,0,0.0,0.0,,0.0,1,0.98,8.69,SPY190628C00280000,280.0,normalDay
2019-03-26,253.0,1676.0,0.0,100,281.12,256.0,0,0.0,0.0,,0.0,1,0.98,9.34,SPY190628C00280000,280.0,normalDay
2019-03-27,253.0,1596.0,0.0,100,279.65,256.0,0,0.0,0.0,,0.0,1,0.98,8.67,SPY190628C00280000,280.0,normalDay
2019-03-28,253.0,1663.0,0.0,100,280.71,256.0,0,0.0,0.0,,0.0,1,0.98,9.06,SPY190628C00280000,280.0,normalDay
2019-03-29,253.0,1740.0,0.0,100,282.48,256.0,0,0.0,0.0,,0.0,1,0.98,10.06,SPY190628C00280000,280.0,normalDay
2019-04-01,253.0,1892.0,0.0,100,285.83,256.0,0,0.0,0.0,,0.0,1,0.98,11.89,SPY190628C00280000,280.0,normalDay
2019-04-02,253.0,1916.0,0.0,100,285.97,256.0,0,0.0,0.0,,0.0,1,0.98,11.79,SPY190628C00280000,280.0,normalDay
2019-04-03,253.0,1897.0,0.0,100,286.42,256.0,0,0.0,0.0,,0.0,1,0.98,12.43,SPY190628C00280000,280.0,normalDay
2019-04-04,253.0,1940.0,0.0,100,287.18,256.0,0,0.0,0.0,,0.0,1,0.98,12.76,SPY190628C00280000,280.0,normalDay
2019-04-05,253.0,1995.0,0.0,100,288.57,256.0,0,0.0,0.0,,0.0,1,0.98,13.6,SPY190628C00280000,280.0,normalDay
2019-04-08,253.0,2006.0,0.0,100,288.79,256.0,0,0.0,0.0,,0.0,1,0.98,13.71,SPY190628C00280000,280.0,normalDay
2019-04-09,253.0,1971.0,0.0,100,287.31,256.0,0,0.0,0.0,,0.0,1,0.98,12.58,SPY190628C00280000,280.0,normalDay
2019-04-10,253.0,1997.0,0.0,100,288.29,256.0,0,0.0,0.0,,0.0,1,0.98,13.3,SPY190628C00280000,280.0,normalDay
2019-04-11,253.0,2024.0,0.0,100,288.21,256.0,0,0.0,0.0,,0.0,1,0.98,12.95,SPY190628C00280000,280.0,normalDay
2019-04-12,253.0,2086.0,0.0,100,290.16,256.0,0,0.0,0.0,,0.0,1,0.98,14.28,SPY190628C00280000,280.0,normalDay
2019-04-15,253.0,2093.0,0.0,100,289.97,256.0,0,0.0,0.0,,0.0,1,0.98,14.02,SPY190628C00280000,280.0,normalDay
2019-04-16,253.0,2112.0,0.0,100,290.16,256.0,0,0.0,0.0,,0.0,1,0.98,14.02,SPY190628C00280000,280.0,normalDay
2019-04-17,253.0,2107.0,0.0,100,289.45,256.0,0,0.0,0.0,,0.0,1,0.98,13.36,SPY190628C00280000,280.0,normalDay
2019-04-18,253.0,2113.0,0.0,100,290.02,256.0,0,0.0,0.0,,0.0,1,0.98,13.87,SPY190628C00280000,280.0,normalDay
2019-04-22,253.0,2118.0,0.0,100,290.27,256.0,0,0.0,0.0,,0.0,1,0.98,14.07,SPY190628C00280000,280.0,normalDay
2019-04-23,253.0,2180.0,0.0,100,292.88,256.0,0,0.0,0.0,,0.0,1,0.98,16.06,SPY190628C00280000,280.0,normalDay
2019-04-24,253.0,2150.0,0.0,100,292.23,256.0,0,0.0,0.0,,0.0,1,0.98,15.71,SPY190628C00280000,280.0,normalDay
2019-04-25,253.0,2163.0,0.0,100,292.05,256.0,0,0.0,0.0,,0.0,1,0.98,15.4,SPY190628C00280000,280.0,normalDay
2019-04-26,253.0,2192.0,0.0,100,293.41,256.0,0,0.0,0.0,,0.0,1,0.98,16.47,SPY190628C00280000,280.0,normalDay
2019-04-29,253.0,2212.0,0.0,100,293.87,256.0,0,0.0,0.0,,0.0,1,0.98,16.73,SPY190628C00280000,280.0,normalDay
2019-04-30,253.0,2193.0,0.0,100,294.02,256.0,0,0.0,0.0,,0.0,1,0.98,17.07,SPY190628C00280000,280.0,normalDay
2019-05-01,253.0,2166.0,0.0,100,291.81,256.0,0,0.0,0.0,,0.0,1,0.98,15.13,SPY190628C00280000,280.0,normalDay
2019-05-02,253.0,2166.0,0.0,100,291.18,256.0,0,0.0,0.0,,0.0,1,0.98,14.5,SPY190628C00280000,280.0,normalDay
2019-05-03,253.0,2229.0,0.0,100,294.03,256.0,0,0.0,0.0,,0.0,1,0.98,16.72,SPY190628C00280000,280.0,normalDay
2019-05-06,253.0,2188.0,0.0,100,292.82,256.0,0,0.0,0.0,,0.0,1,0.98,15.92,SPY190628C00280000,280.0,normalDay
2019-05-07,253.0,1959.0,0.0,100,287.93,256.0,0,0.0,0.0,,0.0,1,0.98,13.32,SPY190628C00280000,280.0,normalDay
2019-05-08,253.0,1959.0,0.0,100,287.53,256.0,0,0.0,0.0,,0.0,1,0.98,12.92,SPY190628C00280000,280.0,normalDay
2019-05-09,253.0,1959.0,0.0,100,286.66,256.0,0,0.0,0.0,,0.0,1,0.98,12.05,SPY190628C00280000,280.0,normalDay
2019-05-10,253.0,2110.0,0.0,100,288.1,256.0,0,0.0,0.0,,0.0,1,0.98,11.98,SPY190628C00280000,280.0,normalDay
2019-05-13,253.0,1821.0,0.0,100,280.86,256.0,0,0.0,0.0,,0.0,1,0.98,7.63,SPY190628C00280000,280.0,normalDay
2019-05-14,253.0,1956.0,0.0,100,283.4,256.0,0,0.0,0.0,,0.0,1,0.98,8.82,SPY190628C00280000,280.0,normalDay
2019-05-15,253.0,2042.0,0.0,100,285.06,256.0,0,0.0,0.0,,0.0,1,0.98,9.62,SPY190628C00280000,280.0,normalDay
2019-05-16,253.0,2158.0,0.0,100,287.7,256.0,0,0.0,0.0,,0.0,1,0.98,11.1,SPY190628C00280000,280.0,normalDay
2019-05-17,253.0,2096.0,0.0,100,285.84,256.0,0,0.0,0.0,,0.0,1,0.98,9.86,SPY190628C00280000,280.0,normalDay
2019-05-20,253.0,2045.0,0.0,100,283.95,256.0,0,0.0,0.0,,0.0,1,0.98,8.48,SPY190628C00280000,280.0,normalDay
2019-05-21,253.0,2172.0,0.0,100,286.51,256.0,0,0.0,0.0,,0.0,1,0.98,9.77,SPY190628C00280000,280.0,normalDay
2019-05-22,253.0,2168.0,0.0,100,285.63,256.0,0,0.0,0.0,,0.0,1,0.98,8.93,SPY190628C00280000,280.0,normalDay
2019-05-23,253.0,2039.0,0.0,100,282.14,256.0,0,0.0,0.0,,0.0,1,0.98,6.73,SPY190628C00280000,280.0,normalDay
2019-05-24,253.0,2070.0,0.0,100,282.78,256.0,0,0.0,0.0,,0.0,1,0.98,7.06,SPY190628C00280000,280.0,normalDay
2019-05-28,253.0,1966.0,0.0,100,280.15,256.0,0,0.0,0.0,,0.0,1,0.98,5.47,SPY190628C00280000,280.0,normalDay
2019-05-29,253.0,1905.0,0.0,100,278.27,256.0,0,0.0,0.0,,0.0,1,0.98,4.2,SPY190628C00280000,280.0,normalDay
2019-05-30,253.0,1971.0,0.0,100,279.03,256.0,0,0.0,0.0,,0.0,1,0.98,4.3,SPY190628C00280000,280.0,normalDay
2019-05-31,253.0,1756.0,0.0,100,275.27,256.0,0,0.0,0.0,,0.0,1,0.98,2.69,SPY190628C00280000,280.0,normalDay
2019-06-03,253.0,1724.0,0.0,100,274.57,256.0,0,0.0,0.0,,0.0,1,0.98,2.31,SPY190628C00280000,280.0,normalDay
2019-06-04,253.0,2093.0,0.0,100,280.53,256.0,0,0.0,0.0,,0.0,1,0.98,4.58,SPY190628C00280000,280.0,normalDay
2019-06-05,253.0,2218.0,0.0,100,282.96,256.0,0,0.0,0.0,,0.0,1,0.98,5.76,SPY190628C00280000,280.0,normalDay
2019-06-06,253.0,2291.0,0.0,100,284.8,256.0,0,0.0,0.0,,0.0,1,0.98,6.87,SPY190628C00280000,280.0,normalDay
2019-06-07,253.0,2348.0,0.0,100,287.65,256.0,0,0.0,0.0,,0.0,1,0.98,9.15,SPY190628C00280000,280.0,normalDay
2019-06-10,253.0,2383.0,0.0,100,288.97,256.0,0,0.0,0.0,,0.0,1,0.98,10.12,SPY190628C00280000,280.0,normalDay
2019-06-11,253.0,2401.0,0.0,100,288.9,256.0,0,0.0,0.0,,0.0,1,0.98,9.87,SPY190628C00280000,280.0,normalDay
2019-06-12,253.0,2400.0,0.0,100,288.39,256.0,0,0.0,0.0,,0.0,1,0.98,9.37,SPY190628C00280000,280.0,normalDay
2019-06-13,253.0,2417.0,0.0,100,289.58,256.0,0,0.0,0.0,,0.0,1,0.98,10.39,SPY190628C00280000,280.0,normalDay
2019-06-14,253.0,2418.0,0.0,100,289.26,256.0,0,0.0,0.0,,0.0,1,0.98,10.06,SPY190628C00280000,280.0,normalDay
2019-06-17,253.0,2441.0,0.0,100,289.37,256.0,0,0.0,0.0,,0.0,1,0.98,9.94,SPY190628C00280000,280.0,normalDay
2019-06-18,253.0,2469.0,0.0,100,292.4,256.0,0,0.0,0.0,,0.0,1,0.98,12.69,SPY190628C00280000,280.0,normalDay
2019-06-19,253.0,2464.0,0.0,100,293.06,256.0,0,0.0,0.0,,0.0,1,0.98,13.4,SPY190628C00280000,280.0,normalDay
2019-06-20,253.0,2476.0,0.0,100,295.86,256.0,0,0.0,0.0,,0.0,1,0.98,16.08,SPY190628C00280000,280.0,normalDay
2019-06-21,253.0,2450.0,0.0,100,294.0,256.0,0,0.0,0.0,,0.0,1,0.98,14.48,SPY190628C00280000,280.0,normalDay
2019-06-24,253.0,2462.0,0.0,100,293.64,256.0,0,0.0,0.0,,0.0,1,0.98,14.0,SPY190628C00280000,280.0,normalDay
2019-06-25,253.0,2461.0,0.0,100,290.76,256.0,0,0.0,0.0,,0.0,1,0.98,11.13,SPY190628C00280000,280.0,normalDay
2019-06-26,253.0,2494.0,0.0,100,290.47,256.0,0,0.0,0.0,,0.0,1,0.98,10.51,SPY190628C00280000,280.0,normalDay
2019-06-27,253.0,2453.0,0.0,100,291.5,256.0,0,0.0,0.0,,0.0,1,0.98,11.95,SPY190628C00280000,280.0,normalDay
2019-06-28,2751.0,2453.0,2498.0,0,293.0,0.0,0,0.0,0.0,,0.0,1,0.98,0.0,SPY190628C00280000,280.0,expirationDay
2019-07-01,2751.0,-3.0,0.0,0,295.66,0.0,1,1.39,1.42,SPY190816P00279000,279.0,0,0.0,0.0,,0.0,normalDay
2019-07-02,2751.0,25.0,0.0,0,296.43,0.0,1,1.39,1.14,SPY190816P00279000,279.0,0,0.0,0.0,,0.0,normalDay
2019-07-03,2751.0,51.0,0.0,0,298.8,0.0,1,1.39,0.88,SPY190816P00279000,279.0,0,0.0,0.0,,0.0,normalDay
2019-07-05,2751.0,45.0,0.0,0,298.46,0.0,1,1.39,0.94,SPY190816P00279000,279.0,0,0.0,0.0,,0.0,normalDay
2019-07-08,2751.0,34.0,0.0,0,296.82,0.0,1,1.39,1.05,SPY190816P00279000,279.0,0,0.0,0.0,,0.0,normalDay
2019-07-09,2751.0,34.0,0.0,0,297.19,0.0,1,1.39,1.05,SPY190816P00279000,279.0,0,0.0,0.0,,0.0,normalDay
2019-07-10,2751.0,60.0,0.0,0,298.61,0.0,1,1.39,0.79,SPY190816P00279000,279.0,0,0.0,0.0,,0.0,normalDay
2019-07-11,2751.0,67.0,0.0,0,299.31,0.0,1,1.39,0.72,SPY190816P00279000,279.0,0,0.0,0.0,,0.0,normalDay
2019-07-12,2751.0,81.0,0.0,0,300.65,0.0,1,1.39,0.58,SPY190816P00279000,279.0,0,0.0,0.0,,0.0,normalDay
2019-07-15,2751.0,83.0,0.0,0,300.75,0.0,1,1.39,0.56,SPY190816P00279000,279.0,0,0.0,0.0,,0.0,normalDay
2019-07-16,2751.0,79.0,0.0,0,299.78,0.0,1,1.39,0.6,SPY190816P00279000,279.0,0,0.0,0.0,,0.0,normalDay
2019-07-17,2751.0,63.0,0.0,0,297.74,0.0,1,1.39,0.76,SPY190816P00279000,279.0,0,0.0,0.0,,0.0,normalDay
2019-07-18,2751.0,76.0,0.0,0,298.83,0.0,1,1.39,0.63,SPY190816P00279000,279.0,0,0.0,0.0,,0.0,normalDay
2019-07-19,2751.0,64.0,0.0,0,297.17,0.0,1,1.39,0.75,SPY190816P00279000,279.0,0,0.0,0.0,,0.0,normalDay
2019-07-22,2751.0,86.0,0.0,0,297.9,0.0,1,1.39,0.53,SPY190816P00279000,279.0,0,0.0,0.0,,0.0,normalDay
2019-07-23,2751.0,104.0,0.0,0,300.03,0.0,1,1.39,0.35,SPY190816P00279000,279.0,0,0.0,0.0,,0.0,normalDay
2019-07-24,2751.0,112.0,0.0,0,301.44,0.0,1,1.39,0.27,SPY190816P00279000,279.0,0,0.0,0.0,,0.0,normalDay
2019-07-25,2751.0,108.0,0.0,0,300.0,0.0,1,1.39,0.31,SPY190816P00279000,279.0,0,0.0,0.0,,0.0,normalDay
2019-07-26,2751.0,118.0,0.0,0,302.01,0.0,1,1.39,0.21,SPY190816P00279000,279.0,0,0.0,0.0,,0.0,normalDay
2019-07-29,2751.0,118.0,0.0,0,301.46,0.0,1,1.39,0.21,SPY190816P00279000,279.0,0,0.0,0.0,,0.0,normalDay
2019-07-30,2751.0,113.0,0.0,0,300.72,0.0,1,1.39,0.26,SPY190816P00279000,279.0,0,0.0,0.0,,0.0,normalDay
2019-07-31,2751.0,90.0,0.0,0,297.43,0.0,1,1.39,0.49,SPY190816P00279000,279.0,0,0.0,0.0,,0.0,normalDay
2019-08-01,2751.0,65.0,0.0,0,294.84,0.0,1,1.39,0.74,SPY190816P00279000,279.0,0,0.0,0.0,,0.0,normalDay
2019-08-02,2751.0,54.0,0.0,0,292.62,0.0,1,1.39,0.85,SPY190816P00279000,279.0,0,0.0,0.0,,0.0,normalDay
2019-08-05,2751.0,-213.0,0.0,0,283.82,0.0,1,1.39,3.52,SPY190816P00279000,279.0,0,0.0,0.0,,0.0,normalDay
2019-08-06,2751.0,-11.0,0.0,0,287.8,0.0,1,1.39,1.5,SPY190816P00279000,279.0,0,0.0,0.0,,0.0,normalDay
2019-08-07,2751.0,13.0,0.0,0,287.97,0.0,1,1.39,1.26,SPY190816P00279000,279.0,0,0.0,0.0,,0.0,normalDay
2019-08-08,2751.0,106.0,0.0,0,293.62,0.0,1,1.39,0.33,SPY190816P00279000,279.0,0,0.0,0.0,,0.0,normalDay
2019-08-09,2751.0,101.0,0.0,0,291.62,0.0,1,1.39,0.38,SPY190816P00279000,279.0,0,0.0,0.0,,0.0,normalDay
2019-08-12,2751.0,73.0,0.0,0,288.07,0.0,1,1.39,0.66,SPY190816P00279000,279.0,0,0.0,0.0,,0.0,normalDay
2019-08-13,2751.0,128.0,0.0,0,292.55,0.0,1,1.39,0.11,SPY190816P00279000,279.0,0,0.0,0.0,,0.0,normalDay
2019-08-14,2751.0,39.0,0.0,0,283.9,0.0,1,1.39,1.0,SPY190816P00279000,279.0,0,0.0,0.0,,0.0,normalDay
2019-08-15,2751.0,116.0,0.0,0,284.65,0.0,1,1.39,0.23,SPY190816P00279000,279.0,0,0.0,0.0,,0.0,normalDay
2019-08-16,2890.0,0.0,139.0,0,288.85,0.0,1,1.39,0.0,SPY190816P00279000,279.0,0,0.0,0.0,,0.0,expirationDay
2019-08-19,2890.0,-4.0,0.0,0,292.33,0.0,1,2.22,2.26,SPY190930P00276000,276.0,0,0.0,0.0,,0.0,normalDay
2019-08-20,2890.0,-53.0,0.0,0,290.09,0.0,1,2.22,2.75,SPY190930P00276000,276.0,0,0.0,0.0,,0.0,normalDay
2019-08-21,2890.0,36.0,0.0,0,292.45,0.0,1,2.22,1.86,SPY190930P00276000,276.0,0,0.0,0.0,,0.0,normalDay
2019-08-22,2890.0,16.0,0.0,0,292.36,0.0,1,2.22,2.06,SPY190930P00276000,276.0,0,0.0,0.0,,0.0,normalDay
2019-08-23,2890.0,-170.0,0.0,0,284.85,0.0,1,2.22,3.92,SPY190930P00276000,276.0,0,0.0,0.0,,0.0,normalDay
2019-08-26,2890.0,-80.0,0.0,0,288.0,0.0,1,2.22,3.02,SPY190930P00276000,276.0,0,0.0,0.0,,0.0,normalDay
2019-08-27,2890.0,-127.0,0.0,0,286.87,0.0,1,2.22,3.49,SPY190930P00276000,276.0,0,0.0,0.0,,0.0,normalDay
2019-08-28,2890.0,-52.0,0.0,0,288.89,0.0,1,2.22,2.74,SPY190930P00276000,276.0,0,0.0,0.0,,0.0,normalDay
2019-08-29,2890.0,33.0,0.0,0,292.58,0.0,1,2.22,1.89,SPY190930P00276000,276.0,0,0.0,0.0,,0.0,normalDay
2019-08-30,2890.0,24.0,0.0,0,292.45,0.0,1,2.22,1.98,SPY190930P00276000,276.0,0,0.0,0.0,,0.0,normalDay
2019-09-03,2890.0,11.0,0.0,0,290.74,0.0,1,2.22,2.11,SPY190930P00276000,276.0,0,0.0,0.0,,0.0,normalDay
2019-09-04,2890.0,103.0,0.0,0,294.04,0.0,1,2.22,1.19,SPY190930P00276000,276.0,0,0.0,0.0,,0.0,normalDay
2019-09-05,2890.0,146.0,0.0,0,297.82,0.0,1,2.22,0.76,SPY190930P00276000,276.0,0,0.0,0.0,,0.0,normalDay
2019-09-06,2890.0,169.0,0.0,0,298.05,0.0,1,2.22,0.53,SPY190930P00276000,276.0,0,0.0,0.0,,0.0,normalDay
2019-09-09,2890.0,176.0,0.0,0,298.2,0.0,1,2.22,0.46,SPY190930P00276000,276.0,0,0.0,0.0,,0.0,normalDay
2019-09-10,2890.0,181.0,0.0,0,298.13,0.0,1,2.22,0.41,SPY190930P00276000,276.0,0,0.0,0.0,,0.0,normalDay
2019-09-11,2890.0,194.0,0.0,0,300.25,0.0,1,2.22,0.28,SPY190930P00276000,276.0,0,0.0,0.0,,0.0,normalDay
2019-09-12,2890.0,199.0,0.0,0,301.29,0.0,1,2.22,0.23,SPY190930P00276000,276.0,0,0.0,0.0,,0.0,normalDay
2019-09-13,2890.0,202.0,0.0,0,301.09,0.0,1,2.22,0.2,SPY190930P00276000,276.0,0,0.0,0.0,,0.0,normalDay
2019-09-16,2890.0,203.0,0.0,0,300.16,0.0,1,2.22,0.19,SPY190930P00276000,276.0,0,0.0,0.0,,0.0,normalDay
2019-09-17,2890.0,205.0,0.0,0,300.92,0.0,1,2.22,0.17,SPY190930P00276000,276.0,0,0.0,0.0,,0.0,normalDay
2019-09-18,2890.0,208.0,0.0,0,301.1,0.0,1,2.22,0.14,SPY190930P00276000,276.0,0,0.0,0.0,,0.0,normalDay
2019-09-19,2890.0,210.0,0.0,0,301.08,0.0,1,2.22,0.12,SPY190930P00276000,276.0,0,0.0,0.0,,0.0,normalDay
2019-09-20,2890.0,210.0,0.0,0,298.28,0.0,1,2.22,0.12,SPY190930P00276000,276.0,0,0.0,0.0,,0.0,normalDay
2019-09-23,2890.0,217.0,0.0,0,298.21,0.0,1,2.22,0.05,SPY190930P00276000,276.0,0,0.0,0.0,,0.0,normalDay
2019-09-24,2890.0,212.0,0.0,0,295.87,0.0,1,2.22,0.1,SPY190930P00276000,276.0,0,0.0,0.0,,0.0,normalDay
2019-09-25,2890.0,217.0,0.0,0,297.62,0.0,1,2.22,0.05,SPY190930P00276000,276.0,0,0.0,0.0,,0.0,normalDay
2019-09-26,2890.0,220.0,0.0,0,297.0,0.0,1,2.22,0.02,SPY190930P00276000,276.0,0,0.0,0.0,,0.0,normalDay
2019-09-27,2890.0,219.0,0.0,0,295.4,0.0,1,2.22,0.03,SPY190930P00276000,276.0,0,0.0,0.0,,0.0,normalDay
2019-09-30,3112.0,0.0,222.0,0,296.77,0.0,1,2.22,0.0,SPY190930P00276000,276.0,0,0.0,0.0,,0.0,expirationDay
2019-10-01,3112.0,-4.0,0.0,0,293.24,0.0,1,6.06,6.1,SPY191115P00292000,292.0,0,0.0,0.0,,0.0,normalDay
2019-10-02,3112.0,-311.0,0.0,0,288.06,0.0,1,6.06,9.17,SPY191115P00292000,292.0,0,0.0,0.0,,0.0,normalDay
2019-10-03,3112.0,-133.0,0.0,0,290.42,0.0,1,6.06,7.39,SPY191115P00292000,292.0,0,0.0,0.0,,0.0,normalDay
2019-10-04,3112.0,87.0,0.0,0,294.35,0.0,1,6.06,5.19,SPY191115P00292000,292.0,0,0.0,0.0,,0.0,normalDay
2019-10-07,3112.0,41.0,0.0,0,293.08,0.0,1,6.06,5.65,SPY191115P00292000,292.0,0,0.0,0.0,,0.0,normalDay
2019-10-08,3112.0,-202.0,0.0,0,288.53,0.0,1,6.06,8.08,SPY191115P00292000,292.0,0,0.0,0.0,,0.0,normalDay
2019-10-09,3112.0,-40.0,0.0,0,291.27,0.0,1,6.06,6.46,SPY191115P00292000,292.0,0,0.0,0.0,,0.0,normalDay
2019-10-10,3112.0,82.0,0.0,0,293.24,0.0,1,6.06,5.24,SPY191115P00292000,292.0,0,0.0,0.0,,0.0,normalDay
2019-10-11,3112.0,246.0,0.0,0,296.28,0.0,1,6.06,3.6,SPY191115P00292000,292.0,0,0.0,0.0,,0.0,normalDay
2019-10-14,3112.0,277.0,0.0,0,295.95,0.0,1,6.06,3.29,SPY191115P00292000,292.0,0,0.0,0.0,,0.0,normalDay
2019-10-15,3112.0,391.0,0.0,0,298.88,0.0,1,6.06,2.15,SPY191115P00292000,292.0,0,0.0,0.0,,0.0,normalDay
2019-10-16,3112.0,388.0,0.0,0,298.4,0.0,1,6.06,2.18,SPY191115P00292000,292.0,0,0.0,0.0,,0.0,normalDay
2019-10-17,3112.0,406.0,0.0,0,299.28,0.0,1,6.06,2.0,SPY191115P00292000,292.0,0,0.0,0.0,,0.0,normalDay
2019-10-18,3112.0,382.0,0.0,0,297.97,0.0,1,6.06,2.24,SPY191115P00292000,292.0,0,0.0,0.0,,0.0,normalDay
2019-10-21,3112.0,452.0,0.0,0,299.99,0.0,1,6.06,1.54,SPY191115P00292000,292.0,0,0.0,0.0,,0.0,normalDay
2019-10-22,3112.0,430.0,0.0,0,299.01,0.0,1,6.06,1.76,SPY191115P00292000,292.0,0,0.0,0.0,,0.0,normalDay
2019-10-23,3112.0,466.0,0.0,0,299.88,0.0,1,6.06,1.4,SPY191115P00292000,292.0,0,0.0,0.0,,0.0,normalDay
2019-10-24,3112.0,484.0,0.0,0,300.37,0.0,1,6.06,1.22,SPY191115P00292000,292.0,0,0.0,0.0,,0.0,normalDay
2019-10-25,3112.0,522.0,0.0,0,301.6,0.0,1,6.06,0.84,SPY191115P00292000,292.0,0,0.0,0.0,,0.0,normalDay
2019-10-28,3112.0,544.0,0.0,0,303.3,0.0,1,6.06,0.62,SPY191115P00292000,292.0,0,0.0,0.0,,0.0,normalDay
2019-10-29,3112.0,546.0,0.0,0,303.21,0.0,1,6.06,0.6,SPY191115P00292000,292.0,0,0.0,0.0,,0.0,normalDay
2019-10-30,3112.0,566.0,0.0,0,304.14,0.0,1,6.06,0.4,SPY191115P00292000,292.0,0,0.0,0.0,,0.0,normalDay
2019-10-31,3112.0,553.0,0.0,0,303.33,0.0,1,6.06,0.53,SPY191115P00292000,292.0,0,0.0,0.0,,0.0,normalDay
2019-11-01,3112.0,583.0,0.0,0,306.14,0.0,1,6.06,0.23,SPY191115P00292000,292.0,0,0.0,0.0,,0.0,normalDay
2019-11-04,3112.0,589.0,0.0,0,307.37,0.0,1,6.06,0.17,SPY191115P00292000,292.0,0,0.0,0.0,,0.0,normalDay
2019-11-05,3112.0,592.0,0.0,0,307.03,0.0,1,6.06,0.14,SPY191115P00292000,292.0,0,0.0,0.0,,0.0,normalDay
2019-11-06,3112.0,598.0,0.0,0,307.1,0.0,1,6.06,0.08,SPY191115P00292000,292.0,0,0.0,0.0,,0.0,normalDay
2019-11-07,3112.0,600.0,0.0,0,308.18,0.0,1,6.06,0.06,SPY191115P00292000,292.0,0,0.0,0.0,,0.0,normalDay
2019-11-08,3112.0,603.0,0.0,0,308.94,0.0,1,6.06,0.03,SPY191115P00292000,292.0,0,0.0,0.0,,0.0,normalDay
2019-11-11,3112.0,603.0,0.0,0,308.35,0.0,1,6.06,0.03,SPY191115P00292000,292.0,0,0.0,0.0,,0.0,normalDay
2019-11-12,3112.0,604.0,0.0,0,309.0,0.0,1,6.06,0.02,SPY191115P00292000,292.0,0,0.0,0.0,,0.0,normalDay
2019-11-13,3112.0,604.0,0.0,0,309.1,0.0,1,6.06,0.02,SPY191115P00292000,292.0,0,0.0,0.0,,0.0,normalDay
2019-11-14,3112.0,605.0,0.0,0,309.55,0.0,1,6.06,0.01,SPY191115P00292000,292.0,0,0.0,0.0,,0.0,normalDay
2019-11-15,3718.0,0.0,606.0,0,311.79,0.0,1,6.06,0.0,SPY191115P00292000,292.0,0,0.0,0.0,,0.0,expirationDay
2019-11-18,3718.0,-4.0,0.0,0,312.02,0.0,1,1.37,1.41,SPY191231P00295000,295.0,0,0.0,0.0,,0.0,normalDay
2019-11-19,3718.0,-11.0,0.0,0,311.93,0.0,1,1.37,1.48,SPY191231P00295000,295.0,0,0.0,0.0,,0.0,normalDay
2019-11-20,3718.0,-23.0,0.0,0,310.77,0.0,1,1.37,1.6,SPY191231P00295000,295.0,0,0.0,0.0,,0.0,normalDay
2019-11-21,3718.0,-28.0,0.0,0,310.27,0.0,1,1.37,1.65,SPY191231P00295000,295.0,0,0.0,0.0,,0.0,normalDay
2019-11-22,3718.0,-2.0,0.0,0,310.96,0.0,1,1.37,1.39,SPY191231P00295000,295.0,0,0.0,0.0,,0.0,normalDay
2019-11-25,3718.0,41.0,0.0,0,313.37,0.0,1,1.37,0.96,SPY191231P00295000,295.0,0,0.0,0.0,,0.0,normalDay
2019-11-26,3718.0,55.0,0.0,0,314.08,0.0,1,1.37,0.82,SPY191231P00295000,295.0,0,0.0,0.0,,0.0,normalDay
2019-11-27,3718.0,66.0,0.0,0,315.48,0.0,1,1.37,0.71,SPY191231P00295000,295.0,0,0.0,0.0,,0.0,normalDay
2019-11-29,3718.0,50.0,0.0,0,314.31,0.0,1,1.37,0.87,SPY191231P00295000,295.0,0,0.0,0.0,,0.0,normalDay
2019-12-02,3718.0,3.0,0.0,0,311.64,0.0,1,1.37,1.34,SPY191231P00295000,295.0,0,0.0,0.0,,0.0,normalDay
2019-12-03,3718.0,-37.0,0.0,0,309.55,0.0,1,1.37,1.74,SPY191231P00295000,295.0,0,0.0,0.0,,0.0,normalDay
2019-12-04,3718.0,7.0,0.0,0,311.46,0.0,1,1.37,1.3,SPY191231P00295000,295.0,0,0.0,0.0,,0.0,normalDay
2019-12-05,3718.0,29.0,0.0,0,312.02,0.0,1,1.37,1.08,SPY191231P00295000,295.0,0,0.0,0.0,,0.0,normalDay
2019-12-06,3718.0,66.0,0.0,0,314.87,0.0,1,1.37,0.71,SPY191231P00295000,295.0,0,0.0,0.0,,0.0,normalDay
2019-12-09,3718.0,45.0,0.0,0,313.88,0.0,1,1.37,0.92,SPY191231P00295000,295.0,0,0.0,0.0,,0.0,normalDay
2019-12-10,3718.0,53.0,0.0,0,313.53,0.0,1,1.37,0.84,SPY191231P00295000,295.0,0,0.0,0.0,,0.0,normalDay
2019-12-11,3718.0,74.0,0.0,0,314.42,0.0,1,1.37,0.63,SPY191231P00295000,295.0,0,0.0,0.0,,0.0,normalDay
2019-12-12,3718.0,96.0,0.0,0,317.13,0.0,1,1.37,0.41,SPY191231P00295000,295.0,0,0.0,0.0,,0.0,normalDay
2019-12-13,3718.0,106.0,0.0,0,317.32,0.0,1,1.37,0.31,SPY191231P00295000,295.0,0,0.0,0.0,,0.0,normalDay
2019-12-16,3718.0,117.0,0.0,0,319.5,0.0,1,1.37,0.2,SPY191231P00295000,295.0,0,0.0,0.0,,0.0,normalDay
2019-12-17,3718.0,120.0,0.0,0,319.57,0.0,1,1.37,0.17,SPY191231P00295000,295.0,0,0.0,0.0,,0.0,normalDay
2019-12-18,3718.0,124.0,0.0,0,319.59,0.0,1,1.37,0.13,SPY191231P00295000,295.0,0,0.0,0.0,,0.0,normalDay
2019-12-19,3718.0,128.0,0.0,0,320.9,0.0,1,1.37,0.09,SPY191231P00295000,295.0,0,0.0,0.0,,0.0,normalDay
2019-12-20,3718.0,130.0,0.0,0,320.73,0.0,1,1.37,0.07,SPY191231P00295000,295.0,0,0.0,0.0,,0.0,normalDay
2019-12-23,3718.0,133.0,0.0,0,321.22,0.0,1,1.37,0.04,SPY191231P00295000,295.0,0,0.0,0.0,,0.0,normalDay
2019-12-24,3718.0,135.0,0.0,0,321.23,0.0,1,1.37,0.02,SPY191231P00295000,295.0,0,0.0,0.0,,0.0,normalDay
2019-12-26,3718.0,135.0,0.0,0,322.94,0.0,1,1.37,0.02,SPY191231P00295000,295.0,0,0.0,0.0,,0.0,normalDay
2019-12-27,3718.0,136.0,0.0,0,322.86,0.0,1,1.37,0.01,SPY191231P00295000,295.0,0,0.0,0.0,,0.0,normalDay
2019-12-30,3718.0,136.0,0.0,0,321.08,0.0,1,1.37,0.01,SPY191231P00295000,295.0,0,0.0,0.0,,0.0,normalDay
2019-12-31,3855.0,0.0,137.0,0,321.86,0.0,1,1.37,0.0,SPY191231P00295000,295.0,0,0.0,0.0,,0.0,expirationDay
2020-01-02,3855.0,-3.0,0.0,0,324.87,0.0,1,1.7,1.73,SPY200221P00308000,308.0,0,0.0,0.0,,0.0,normalDay
2020-01-03,3855.0,-64.0,0.0,0,322.41,0.0,1,1.7,2.34,SPY200221P00308000,308.0,0,0.0,0.0,,0.0,normalDay
2020-01-06,3855.0,-24.0,0.0,0,323.64,0.0,1,1.7,1.94,SPY200221P00308000,308.0,0,0.0,0.0,,0.0,normalDay
2020-01-07,3855.0,-36.0,0.0,0,322.73,0.0,1,1.7,2.06,SPY200221P00308000,308.0,0,0.0,0.0,,0.0,normalDay
2020-01-08,3855.0,4.0,0.0,0,324.45,0.0,1,1.7,1.66,SPY200221P00308000,308.0,0,0.0,0.0,,0.0,normalDay
2020-01-09,3855.0,41.0,0.0,0,326.65,0.0,1,1.7,1.29,SPY200221P00308000,308.0,0,0.0,0.0,,0.0,normalDay
2020-01-10,3855.0,34.0,0.0,0,325.71,0.0,1,1.7,1.36,SPY200221P00308000,308.0,0,0.0,0.0,,0.0,normalDay
2020-01-13,3855.0,71.0,0.0,0,327.95,0.0,1,1.7,0.99,SPY200221P00308000,308.0,0,0.0,0.0,,0.0,normalDay
2020-01-14,3855.0,73.0,0.0,0,327.45,0.0,1,1.7,0.97,SPY200221P00308000,308.0,0,0.0,0.0,,0.0,normalDay
2020-01-15,3855.0,82.0,0.0,0,328.19,0.0,1,1.7,0.88,SPY200221P00308000,308.0,0,0.0,0.0,,0.0,normalDay
2020-01-16,3855.0,98.0,0.0,0,330.92,0.0,1,1.7,0.72,SPY200221P00308000,308.0,0,0.0,0.0,,0.0,normalDay
2020-01-17,3855.0,108.0,0.0,0,331.95,0.0,1,1.7,0.62,SPY200221P00308000,308.0,0,0.0,0.0,,0.0,normalDay
2020-01-21,3855.0,107.0,0.0,0,331.3,0.0,1,1.7,0.63,SPY200221P00308000,308.0,0,0.0,0.0,,0.0,normalDay
2020-01-22,3855.0,109.0,0.0,0,331.34,0.0,1,1.7,0.61,SPY200221P00308000,308.0,0,0.0,0.0,,0.0,normalDay
2020-01-23,3855.0,111.0,0.0,0,331.72,0.0,1,1.7,0.59,SPY200221P00308000,308.0,0,0.0,0.0,,0.0,normalDay
2020-01-24,3855.0,83.0,0.0,0,328.77,0.0,1,1.7,0.87,SPY200221P00308000,308.0,0,0.0,0.0,,0.0,normalDay
2020-01-27,3855.0,-13.0,0.0,0,323.5,0.0,1,1.7,1.83,SPY200221P00308000,308.0,0,0.0,0.0,,0.0,normalDay
2020-01-28,3855.0,66.0,0.0,0,326.89,0.0,1,1.7,1.04,SPY200221P00308000,308.0,0,0.0,0.0,,0.0,normalDay
2020-01-29,3855.0,68.0,0.0,0,326.62,0.0,1,1.7,1.02,SPY200221P00308000,308.0,0,0.0,0.0,,0.0,normalDay
2020-01-30,3855.0,103.0,0.0,0,327.68,0.0,1,1.7,0.67,SPY200221P00308000,308.0,0,0.0,0.0,,0.0,normalDay
2020-01-31,3855.0,4.0,0.0,0,321.73,0.0,1,1.7,1.66,SPY200221P00308000,308.0,0,0.0,0.0,,0.0,normalDay
2020-02-03,3855.0,61.0,0.0,0,324.12,0.0,1,1.7,1.09,SPY200221P00308000,308.0,0,0.0,0.0,,0.0,normalDay
2020-02-04,3855.0,129.0,0.0,0,329.06,0.0,1,1.7,0.41,SPY200221P00308000,308.0,0,0.0,0.0,,0.0,normalDay
2020-02-05,3855.0,148.0,0.0,0,332.86,0.0,1,1.7,0.22,SPY200221P00308000,308.0,0,0.0,0.0,,0.0,normalDay
2020-02-06,3855.0,150.0,0.0,0,333.98,0.0,1,1.7,0.2,SPY200221P00308000,308.0,0,0.0,0.0,,0.0,normalDay
2020-02-07,3855.0,149.0,0.0,0,332.2,0.0,1,1.7,0.21,SPY200221P00308000,308.0,0,0.0,0.0,,0.0,normalDay
2020-02-10,3855.0,158.0,0.0,0,334.68,0.0,1,1.7,0.12,SPY200221P00308000,308.0,0,0.0,0.0,,0.0,normalDay
2020-02-11,3855.0,160.0,0.0,0,335.26,0.0,1,1.7,0.1,SPY200221P00308000,308.0,0,0.0,0.0,,0.0,normalDay
2020-02-12,3855.0,165.0,0.0,0,337.42,0.0,1,1.7,0.05,SPY200221P00308000,308.0,0,0.0,0.0,,0.0,normalDay
2020-02-13,3855.0,165.0,0.0,0,337.06,0.0,1,1.7,0.05,SPY200221P00308000,308.0,0,0.0,0.0,,0.0,normalDay
2020-02-14,3855.0,167.0,0.0,0,337.6,0.0,1,1.7,0.03,SPY200221P00308000,308.0,0,0.0,0.0,,0.0,normalDay
2020-02-18,3855.0,168.0,0.0,0,336.73,0.0,1,1.7,0.02,SPY200221P00308000,308.0,0,0.0,0.0,,0.0,normalDay
2020-02-19,3855.0,169.0,0.0,0,338.34,0.0,1,1.7,0.01,SPY200221P00308000,308.0,0,0.0,0.0,,0.0,normalDay
2020-02-20,3855.0,169.0,0.0,0,336.95,0.0,1,1.7,0.01,SPY200221P00308000,308.0,0,0.0,0.0,,0.0,normalDay
2020-02-21,4025.0,0.0,170.0,0,333.48,0.0,1,1.7,0.0,SPY200221P00308000,308.0,0,0.0,0.0,,0.0,expirationDay
2020-02-24,4025.0,-6.0,0.0,0,322.42,0.0,1,7.77,7.83,SPY200417P00316000,316.0,0,0.0,0.0,,0.0,normalDay
2020-02-25,4025.0,-417.0,0.0,0,312.65,0.0,1,7.77,11.94,SPY200417P00316000,316.0,0,0.0,0.0,,0.0,normalDay
2020-02-26,4025.0,-503.0,0.0,0,311.5,0.0,1,7.77,12.8,SPY200417P00316000,316.0,0,0.0,0.0,,0.0,normalDay
2020-02-27,4025.0,-1557.0,0.0,0,297.51,0.0,1,7.77,23.34,SPY200417P00316000,316.0,0,0.0,0.0,,0.0,normalDay
2020-02-28,4025.0,-1666.0,0.0,0,296.26,0.0,1,7.77,24.43,SPY200417P00316000,316.0,0,0.0,0.0,,0.0,normalDay
2020-03-02,4025.0,-693.0,0.0,0,309.09,0.0,1,7.77,14.7,SPY200417P00316000,316.0,0,0.0,0.0,,0.0,normalDay
2020-03-03,4025.0,-1222.0,0.0,0,300.24,0.0,1,7.77,19.99,SPY200417P00316000,316.0,0,0.0,0.0,,0.0,normalDay
2020-03-04,4025.0,-539.0,0.0,0,312.86,0.0,1,7.77,13.16,SPY200417P00316000,316.0,0,0.0,0.0,,0.0,normalDay
2020-03-05,4025.0,-1297.0,0.0,0,302.46,0.0,1,7.77,20.74,SPY200417P00316000,316.0,0,0.0,0.0,,0.0,normalDay
2020-03-06,4025.0,-1685.0,0.0,0,297.46,0.0,1,7.77,24.62,SPY200417P00316000,316.0,0,0.0,0.0,,0.0,normalDay
2020-03-09,4025.0,-3735.0,0.0,0,274.23,0.0,1,7.77,45.12,SPY200417P00316000,316.0,0,0.0,0.0,,0.0,normalDay
2020-03-10,4025.0,-2423.0,0.0,0,288.42,0.0,1,7.77,32.0,SPY200417P00316000,316.0,0,0.0,0.0,,0.0,normalDay
2020-03-11,4025.0,-3662.0,0.0,0,274.36,0.0,1,7.77,44.39,SPY200417P00316000,316.0,0,0.0,0.0,,0.0,normalDay
2020-03-12,4025.0,-6190.0,0.0,0,248.11,0.0,1,7.77,69.67,SPY200417P00316000,316.0,0,0.0,0.0,,0.0,normalDay
2020-03-13,4025.0,-4170.0,0.0,0,269.32,0.0,1,7.77,49.47,SPY200417P00316000,316.0,0,0.0,0.0,,0.0,normalDay
2020-03-16,4025.0,-6718.0,0.0,0,239.85,0.0,1,7.77,74.95,SPY200417P00316000,316.0,0,0.0,0.0,,0.0,normalDay
2020-03-17,4025.0,-5868.0,0.0,0,252.8,0.0,1,7.77,66.45,SPY200417P00316000,316.0,0,0.0,0.0,,0.0,normalDay
2020-03-18,4025.0,-6972.0,0.0,0,240.0,0.0,1,7.77,77.49,SPY200417P00316000,316.0,0,0.0,0.0,,0.0,normalDay
2020-03-19,4025.0,-6978.0,0.0,0,240.51,0.0,1,7.77,77.55,SPY200417P00316000,316.0,0,0.0,0.0,,0.0,normalDay
2020-03-20,4025.0,-7935.0,0.0,0,228.8,0.0,1,7.77,87.12,SPY200417P00316000,316.0,0,0.0,0.0,,0.0,normalDay
2020-03-23,4025.0,-8732.0,0.0,0,222.95,0.0,1,7.77,95.09,SPY200417P00316000,316.0,0,0.0,0.0,,0.0,normalDay
2020-03-24,4025.0,-6611.0,0.0,0,243.15,0.0,1,7.77,73.88,SPY200417P00316000,316.0,0,0.0,0.0,,0.0,normalDay
2020-03-25,4025.0,-6144.0,0.0,0,246.79,0.0,1,7.77,69.21,SPY200417P00316000,316.0,0,0.0,0.0,,0.0,normalDay
2020-03-26,4025.0,-4792.0,0.0,0,261.2,0.0,1,7.77,55.69,SPY200417P00316000,316.0,0,0.0,0.0,,0.0,normalDay
2020-03-27,4025.0,-5574.0,0.0,0,253.42,0.0,1,7.77,63.51,SPY200417P00316000,316.0,0,0.0,0.0,,0.0,normalDay
2020-03-30,4025.0,-4757.0,0.0,0,261.65,0.0,1,7.77,55.34,SPY200417P00316000,316.0,0,0.0,0.0,,0.0,normalDay
2020-03-31,4025.0,-5177.0,0.0,0,257.75,0.0,1,7.77,59.54,SPY200417P00316000,316.0,0,0.0,0.0,,0.0,normalDay
2020-04-01,4025.0,-6257.0,0.0,0,246.15,0.0,1,7.77,70.34,SPY200417P00316000,316.0,0,0.0,0.0,,0.0,normalDay
2020-04-02,4025.0,-5594.0,0.0,0,251.83,0.0,1,7.77,63.71,SPY200417P00316000,316.0,0,0.0,0.0,,0.0,normalDay
2020-04-03,4025.0,-5985.0,0.0,0,248.19,0.0,1,7.77,67.62,SPY200417P00316000,316.0,0,0.0,0.0,,0.0,normalDay
2020-04-06,4025.0,-4332.0,0.0,0,264.86,0.0,1,7.77,51.09,SPY200417P00316000,316.0,0,0.0,0.0,,0.0,normalDay
2020-04-07,4025.0,-4434.0,0.0,0,265.13,0.0,1,7.77,52.11,SPY200417P00316000,316.0,0,0.0,0.0,,0.0,normalDay
2020-04-08,4025.0,-3444.0,0.0,0,274.03,0.0,1,7.77,42.21,SPY200417P00316000,316.0,0,0.0,0.0,,0.0,normalDay
2020-04-09,4025.0,-3031.0,0.0,0,278.2,0.0,1,7.77,38.08,SPY200417P00316000,316.0,0,0.0,0.0,,0.0,normalDay
2020-04-13,4025.0,-3272.0,0.0,0,275.66,0.0,1,7.77,40.49,SPY200417P00316000,316.0,0,0.0,0.0,,0.0,normalDay
2020-04-14,4025.0,-2435.0,0.0,0,283.79,0.0,1,7.77,32.12,SPY200417P00316000,316.0,0,0.0,0.0,,0.0,normalDay
2020-04-15,4025.0,-3069.0,0.0,0,277.76,0.0,1,7.77,38.46,SPY200417P00316000,316.0,0,0.0,0.0,,0.0,normalDay
2020-04-16,4025.0,-2919.0,0.0,0,279.1,0.0,1,7.77,36.96,SPY200417P00316000,316.0,0,0.0,0.0,,0.0,normalDay
2020-04-17,4802.0,-2936.0,777.0,100,286.64,316.0,1,7.77,0.0,SPY200417P00316000,316.0,0,0.0,0.0,,0.0,expirationDay
2020-04-20,4802.0,-3507.0,0.0,100,281.59,316.0,0,0.0,0.0,,0.0,1,22.95,23.61,SPY201120C00288000,288.0,normalDay
2020-04-21,4802.0,-4011.0,0.0,100,273.04,316.0,0,0.0,0.0,,0.0,1,22.95,20.1,SPY201120C00288000,288.0,normalDay
2020-04-22,4802.0,-3645.0,0.0,100,279.1,316.0,0,0.0,0.0,,0.0,1,22.95,22.5,SPY201120C00288000,288.0,normalDay
2020-04-23,4802.0,-3626.0,0.0,100,279.08,316.0,0,0.0,0.0,,0.0,1,22.95,22.29,SPY201120C00288000,288.0,normalDay
2020-04-24,4802.0,-3334.0,0.0,100,282.97,316.0,0,0.0,0.0,,0.0,1,22.95,23.26,SPY201120C00288000,288.0,normalDay
2020-04-27,4802.0,-3035.0,0.0,100,287.05,316.0,0,0.0,0.0,,0.0,1,22.95,24.35,SPY201120C00288000,288.0,normalDay
2020-04-28,4802.0,-3082.0,0.0,100,285.73,316.0,0,0.0,0.0,,0.0,1,22.95,23.5,SPY201120C00288000,288.0,normalDay
2020-04-29,4802.0,-2701.0,0.0,100,293.21,316.0,0,0.0,0.0,,0.0,1,22.95,27.17,SPY201120C00288000,288.0,normalDay
2020-04-30,4802.0,-2793.0,0.0,100,290.48,316.0,0,0.0,0.0,,0.0,1,22.95,25.36,SPY201120C00288000,288.0,normalDay
2020-05-01,4802.0,-3249.0,0.0,100,282.79,316.0,0,0.0,0.0,,0.0,1,22.95,22.23,SPY201120C00288000,288.0,normalDay
2020-05-04,4802.0,-3139.0,0.0,100,283.57,316.0,0,0.0,0.0,,0.0,1,22.95,21.91,SPY201120C00288000,288.0,normalDay
2020-05-05,4802.0,-3016.0,0.0,100,286.19,316.0,0,0.0,0.0,,0.0,1,22.95,23.3,SPY201120C00288000,288.0,normalDay
2020-05-06,4802.0,-3084.0,0.0,100,284.25,316.0,0,0.0,0.0,,0.0,1,22.95,22.04,SPY201120C00288000,288.0,normalDay
2020-05-07,4802.0,-2918.0,0.0,100,287.68,316.0,0,0.0,0.0,,0.0,1,22.95,23.81,SPY201120C00288000,288.0,normalDay
2020-05-08,4802.0,-2630.0,0.0,100,292.44,316.0,0,0.0,0.0,,0.0,1,22.95,25.69,SPY201120C00288000,288.0,normalDay
2020-05-11,4802.0,-2594.0,0.0,100,292.5,316.0,0,0.0,0.0,,0.0,1,22.95,25.39,SPY201120C00288000,288.0,normalDay
2020-05-12,4802.0,-2794.0,0.0,100,286.67,316.0,0,0.0,0.0,,0.0,1,22.95,21.56,SPY201120C00288000,288.0,normalDay
2020-05-13,4802.0,-3167.0,0.0,100,281.6,316.0,0,0.0,0.0,,0.0,1,22.95,20.22,SPY201120C00288000,288.0,normalDay
2020-05-14,4802.0,-2972.0,0.0,100,284.97,316.0,0,0.0,0.0,,0.0,1,22.95,21.64,SPY201120C00288000,288.0,normalDay
2020-05-15,4802.0,-2800.0,0.0,100,286.28,316.0,0,0.0,0.0,,0.0,1,22.95,21.23,SPY201120C00288000,288.0,normalDay
2020-05-18,4802.0,-2403.0,0.0,100,295.0,316.0,0,0.0,0.0,,0.0,1,22.95,25.98,SPY201120C00288000,288.0,normalDay
2020-05-19,4802.0,-2562.0,0.0,100,291.97,316.0,0,0.0,0.0,,0.0,1,22.95,24.54,SPY201120C00288000,288.0,normalDay
2020-05-20,4802.0,-2322.0,0.0,100,296.93,316.0,0,0.0,0.0,,0.0,1,22.95,27.1,SPY201120C00288000,288.0,normalDay
2020-05-21,4802.0,-2398.0,0.0,100,294.88,316.0,0,0.0,0.0,,0.0,1,22.95,25.81,SPY201120C00288000,288.0,normalDay
2020-05-22,4802.0,-2381.0,0.0,100,295.44,316.0,0,0.0,0.0,,0.0,1,22.95,26.2,SPY201120C00288000,288.0,normalDay
2020-05-26,4802.0,-2210.0,0.0,100,299.08,316.0,0,0.0,0.0,,0.0,1,22.95,28.13,SPY201120C00288000,288.0,normalDay
2020-05-27,4802.0,-2023.0,0.0,100,303.53,316.0,0,0.0,0.0,,0.0,1,22.95,30.71,SPY201120C00288000,288.0,normalDay
2020-05-28,4802.0,-2108.0,0.0,100,302.97,316.0,0,0.0,0.0,,0.0,1,22.95,31.0,SPY201120C00288000,288.0,normalDay
2020-05-29,4802.0,-2037.0,0.0,100,304.32,316.0,0,0.0,0.0,,0.0,1,22.95,31.64,SPY201120C00288000,288.0,normalDay
2020-06-01,4802.0,-1933.0,0.0,100,305.55,316.0,0,0.0,0.0,,0.0,1,22.95,31.83,SPY201120C00288000,288.0,normalDay
2020-06-02,4802.0,-1816.0,0.0,100,308.08,316.0,0,0.0,0.0,,0.0,1,22.95,33.19,SPY201120C00288000,288.0,normalDay
2020-06-03,4802.0,-1695.0,0.0,100,312.18,316.0,0,0.0,0.0,,0.0,1,22.95,36.08,SPY201120C00288000,288.0,normalDay
2020-06-04,4802.0,-1719.0,0.0,100,311.36,316.0,0,0.0,0.0,,0.0,1,22.95,35.5,SPY201120C00288000,288.0,normalDay
2020-06-05,4802.0,-1463.0,0.0,100,319.34,316.0,0,0.0,0.0,,0.0,1,22.95,40.92,SPY201120C00288000,288.0,normalDay
2020-06-08,4802.0,-1356.0,0.0,100,323.2,316.0,0,0.0,0.0,,0.0,1,22.95,43.71,SPY201120C00288000,288.0,normalDay
2020-06-09,4802.0,-1569.0,0.0,100,320.79,316.0,0,0.0,0.0,,0.0,1,22.95,43.43,SPY201120C00288000,288.0,normalDay
2020-06-10,4802.0,-1534.0,0.0,100,319.0,316.0,0,0.0,0.0,,0.0,1,22.95,41.29,SPY201120C00288000,288.0,normalDay
2020-06-11,4802.0,-2498.0,0.0,100,300.61,316.0,0,0.0,0.0,,0.0,1,22.95,32.54,SPY201120C00288000,288.0,normalDay
2020-06-12,4802.0,-2202.0,0.0,100,304.21,316.0,0,0.0,0.0,,0.0,1,22.95,33.18,SPY201120C00288000,288.0,normalDay
2020-06-15,4802.0,-2087.0,0.0,100,307.05,316.0,0,0.0,0.0,,0.0,1,22.95,34.87,SPY201120C00288000,288.0,normalDay
2020-06-16,4802.0,-1897.0,0.0,100,312.96,316.0,0,0.0,0.0,,0.0,1,22.95,38.88,SPY201120C00288000,288.0,normalDay
2020-06-17,4802.0,-1978.0,0.0,100,311.66,316.0,0,0.0,0.0,,0.0,1,22.95,38.39,SPY201120C00288000,288.0,normalDay
2020-06-18,4802.0,-1937.0,0.0,100,311.78,316.0,0,0.0,0.0,,0.0,1,22.95,38.1,SPY201120C00288000,288.0,normalDay
2020-06-19,4802.0,-2067.0,0.0,100,308.64,316.0,0,0.0,0.0,,0.0,1,22.95,36.26,SPY201120C00288000,288.0,normalDay
2020-06-22,4802.0,-1974.0,0.0,100,310.62,316.0,0,0.0,0.0,,0.0,1,22.95,37.31,SPY201120C00288000,288.0,normalDay
2020-06-23,4802.0,-1892.0,0.0,100,312.05,316.0,0,0.0,0.0,,0.0,1,22.95,37.92,SPY201120C00288000,288.0,normalDay
2020-06-24,4802.0,-2231.0,0.0,100,304.09,316.0,0,0.0,0.0,,0.0,1,22.95,33.35,SPY201120C00288000,288.0,normalDay
2020-06-25,4802.0,-2038.0,0.0,100,307.35,316.0,0,0.0,0.0,,0.0,1,22.95,34.68,SPY201120C00288000,288.0,normalDay
2020-06-26,4802.0,-2367.0,0.0,100,300.05,316.0,0,0.0,0.0,,0.0,1,22.95,30.67,SPY201120C00288000,288.0,normalDay
2020-06-29,4802.0,-2081.0,0.0,100,304.46,316.0,0,0.0,0.0,,0.0,1,22.95,32.22,SPY201120C00288000,288.0,normalDay
2020-06-30,4802.0,-1878.0,0.0,100,308.36,316.0,0,0.0,0.0,,0.0,1,22.95,34.09,SPY201120C00288000,288.0,normalDay
2020-07-01,4802.0,-1780.0,0.0,100,310.52,316.0,0,0.0,0.0,,0.0,1,22.95,35.27,SPY201120C00288000,288.0,normalDay
2020-07-02,4802.0,-1744.0,0.0,100,312.23,316.0,0,0.0,0.0,,0.0,1,22.95,36.62,SPY201120C00288000,288.0,normalDay
2020-07-06,4802.0,-1579.0,0.0,100,317.05,316.0,0,0.0,0.0,,0.0,1,22.95,39.79,SPY201120C00288000,288.0,normalDay
2020-07-07,4802.0,-1709.0,0.0,100,313.78,316.0,0,0.0,0.0,,0.0,1,22.95,37.82,SPY201120C00288000,288.0,normalDay
2020-07-08,4802.0,-1617.0,0.0,100,316.18,316.0,0,0.0,0.0,,0.0,1,22.95,39.3,SPY201120C00288000,288.0,normalDay
2020-07-09,4802.0,-1681.0,0.0,100,314.38,316.0,0,0.0,0.0,,0.0,1,22.95,38.14,SPY201120C00288000,288.0,normalDay
2020-07-10,4802.0,-1583.0,0.0,100,317.59,316.0,0,0.0,0.0,,0.0,1,22.95,40.37,SPY201120C00288000,288.0,normalDay
2020-07-13,4802.0,-1741.0,0.0,100,314.84,316.0,0,0.0,0.0,,0.0,1,22.95,39.2,SPY201120C00288000,288.0,normalDay
2020-07-14,4802.0,-1542.0,0.0,100,318.92,316.0,0,0.0,0.0,,0.0,1,22.95,41.29,SPY201120C00288000,288.0,normalDay
2020-07-15,4802.0,-1480.0,0.0,100,321.85,316.0,0,0.0,0.0,,0.0,1,22.95,43.6,SPY201120C00288000,288.0,normalDay
2020-07-16,4802.0,-1400.0,0.0,100,320.79,316.0,0,0.0,0.0,,0.0,1,22.95,41.74,SPY201120C00288000,288.0,normalDay
2020-07-17,4802.0,-1425.0,0.0,100,321.72,316.0,0,0.0,0.0,,0.0,1,22.95,42.92,SPY201120C00288000,288.0,normalDay
2020-07-20,4802.0,-1306.0,0.0,100,324.32,316.0,0,0.0,0.0,,0.0,1,22.95,44.33,SPY201120C00288000,288.0,normalDay
2020-07-21,4802.0,-1290.0,0.0,100,325.01,316.0,0,0.0,0.0,,0.0,1,22.95,44.86,SPY201120C00288000,288.0,normalDay
2020-07-22,4802.0,-1212.0,0.0,100,326.86,316.0,0,0.0,0.0,,0.0,1,22.95,45.93,SPY201120C00288000,288.0,normalDay
2020-07-23,4802.0,-1268.0,0.0,100,322.96,316.0,0,0.0,0.0,,0.0,1,22.95,42.59,SPY201120C00288000,288.0,normalDay
2020-07-24,4802.0,-1356.0,0.0,100,320.88,316.0,0,0.0,0.0,,0.0,1,22.95,41.39,SPY201120C00288000,288.0,normalDay
2020-07-27,4802.0,-1271.0,0.0,100,323.22,316.0,0,0.0,0.0,,0.0,1,22.95,42.88,SPY201120C00288000,288.0,normalDay
2020-07-28,4802.0,-1311.0,0.0,100,321.17,316.0,0,0.0,0.0,,0.0,1,22.95,41.23,SPY201120C00288000,288.0,normalDay
2020-07-29,4802.0,-1200.0,0.0,100,325.12,316.0,0,0.0,0.0,,0.0,1,22.95,44.07,SPY201120C00288000,288.0,normalDay
2020-07-30,4802.0,-1282.0,0.0,100,323.96,316.0,0,0.0,0.0,,0.0,1,22.95,43.73,SPY201120C00288000,288.0,normalDay
2020-07-31,4802.0,-1227.0,0.0,100,326.52,316.0,0,0.0,0.0,,0.0,1,22.95,45.74,SPY201120C00288000,288.0,normalDay
2020-08-03,4802.0,-1137.0,0.0,100,328.79,316.0,0,0.0,0.0,,0.0,1,22.95,47.11,SPY201120C00288000,288.0,normalDay
2020-08-04,4802.0,-1084.0,0.0,100,330.06,316.0,0,0.0,0.0,,0.0,1,22.95,47.85,SPY201120C00288000,288.0,normalDay
2020-08-05,4802.0,-1036.0,0.0,100,332.11,316.0,0,0.0,0.0,,0.0,1,22.95,49.42,SPY201120C00288000,288.0,normalDay
2020-08-06,4802.0,-1022.0,0.0,100,334.33,316.0,0,0.0,0.0,,0.0,1,22.95,51.5,SPY201120C00288000,288.0,normalDay
2020-08-07,4802.0,-1013.0,0.0,100,334.57,316.0,0,0.0,0.0,,0.0,1,22.95,51.65,SPY201120C00288000,288.0,normalDay
2020-08-10,4802.0,-950.0,0.0,100,335.57,316.0,0,0.0,0.0,,0.0,1,22.95,52.02,SPY201120C00288000,288.0,normalDay
2020-08-11,4802.0,-1035.0,0.0,100,332.8,316.0,0,0.0,0.0,,0.0,1,22.95,50.1,SPY201120C00288000,288.0,normalDay
2020-08-12,4802.0,-938.0,0.0,100,337.44,316.0,0,0.0,0.0,,0.0,1,22.95,53.77,SPY201120C00288000,288.0,normalDay
2020-08-13,4802.0,-927.0,0.0,100,336.83,316.0,0,0.0,0.0,,0.0,1,22.95,53.05,SPY201120C00288000,288.0,normalDay
2020-08-14,4802.0,-927.0,0.0,100,336.84,316.0,0,0.0,0.0,,0.0,1,22.95,53.06,SPY201120C00288000,288.0,normalDay
2020-08-17,4802.0,-878.0,0.0,100,337.91,316.0,0,0.0,0.0,,0.0,1,22.95,53.64,SPY201120C00288000,288.0,normalDay
2020-08-18,4802.0,-869.0,0.0,100,338.64,316.0,0,0.0,0.0,,0.0,1,22.95,54.28,SPY201120C00288000,288.0,normalDay
2020-08-19,4802.0,-898.0,0.0,100,337.23,316.0,0,0.0,0.0,,0.0,1,22.95,53.16,SPY201120C00288000,288.0,normalDay
2020-08-20,4802.0,-865.0,0.0,100,338.28,316.0,0,0.0,0.0,,0.0,1,22.95,53.88,SPY201120C00288000,288.0,normalDay
2020-08-21,4802.0,-872.0,0.0,100,339.48,316.0,0,0.0,0.0,,0.0,1,22.95,55.15,SPY201120C00288000,288.0,normalDay
2020-08-24,4802.0,-805.0,0.0,100,342.92,316.0,0,0.0,0.0,,0.0,1,22.95,57.92,SPY201120C00288000,288.0,normalDay
2020-08-25,4802.0,-800.0,0.0,100,344.12,316.0,0,0.0,0.0,,0.0,1,22.95,59.07,SPY201120C00288000,288.0,normalDay
2020-08-26,4802.0,-800.0,0.0,100,347.57,316.0,0,0.0,0.0,,0.0,1,22.95,62.52,SPY201120C00288000,288.0,normalDay
2020-08-27,4802.0,-837.0,0.0,100,348.33,316.0,0,0.0,0.0,,0.0,1,22.95,63.65,SPY201120C00288000,288.0,normalDay
2020-08-28,4802.0,-761.0,0.0,100,350.58,316.0,0,0.0,0.0,,0.0,1,22.95,65.14,SPY201120C00288000,288.0,normalDay
2020-08-31,4802.0,-883.0,0.0,100,349.31,316.0,0,0.0,0.0,,0.0,1,22.95,65.09,SPY201120C00288000,288.0,normalDay
2020-09-01,4802.0,-801.0,0.0,100,352.6,316.0,0,0.0,0.0,,0.0,1,22.95,67.56,SPY201120C00288000,288.0,normalDay
2020-09-02,4802.0,-819.0,0.0,100,357.7,316.0,0,0.0,0.0,,0.0,1,22.95,72.84,SPY201120C00288000,288.0,normalDay
2020-09-03,4802.0,-1088.0,0.0,100,345.39,316.0,0,0.0,0.0,,0.0,1,22.95,63.22,SPY201120C00288000,288.0,normalDay
2020-09-04,4802.0,-911.0,0.0,100,342.57,316.0,0,0.0,0.0,,0.0,1,22.95,58.63,SPY201120C00288000,288.0,normalDay
2020-09-08,4802.0,-993.0,0.0,100,333.21,316.0,0,0.0,0.0,,0.0,1,22.95,50.09,SPY201120C00288000,288.0,normalDay
2020-09-09,4802.0,-804.0,0.0,100,339.79,316.0,0,0.0,0.0,,0.0,1,22.95,54.78,SPY201120C00288000,288.0,normalDay
2020-09-10,4802.0,-919.0,0.0,100,333.89,316.0,0,0.0,0.0,,0.0,1,22.95,50.03,SPY201120C00288000,288.0,normalDay
2020-09-11,4802.0,-771.0,0.0,100,334.06,316.0,0,0.0,0.0,,0.0,1,22.95,48.72,SPY201120C00288000,288.0,normalDay
2020-09-14,4802.0,-759.0,0.0,100,338.46,316.0,0,0.0,0.0,,0.0,1,22.95,53.0,SPY201120C00288000,288.0,normalDay
2020-09-15,4802.0,-751.0,0.0,100,340.17,316.0,0,0.0,0.0,,0.0,1,22.95,54.63,SPY201120C00288000,288.0,normalDay
2020-09-16,4802.0,-727.0,0.0,100,338.82,316.0,0,0.0,0.0,,0.0,1,22.95,53.04,SPY201120C00288000,288.0,normalDay
2020-09-17,4802.0,-759.0,0.0,100,335.84,316.0,0,0.0,0.0,,0.0,1,22.95,50.38,SPY201120C00288000,288.0,normalDay
2020-09-18,4802.0,-875.0,0.0,100,330.65,316.0,0,0.0,0.0,,0.0,1,22.95,46.35,SPY201120C00288000,288.0,normalDay
2020-09-21,4802.0,-962.0,0.0,100,326.97,316.0,0,0.0,0.0,,0.0,1,22.95,43.54,SPY201120C00288000,288.0,normalDay
2020-09-22,4802.0,-861.0,0.0,100,330.3,316.0,0,0.0,0.0,,0.0,1,22.95,45.86,SPY201120C00288000,288.0,normalDay
2020-09-23,4802.0,-1019.0,0.0,100,322.64,316.0,0,0.0,0.0,,0.0,1,22.95,39.78,SPY201120C00288000,288.0,normalDay
2020-09-24,4802.0,-996.0,0.0,100,323.5,316.0,0,0.0,0.0,,0.0,1,22.95,40.41,SPY201120C00288000,288.0,normalDay
2020-09-25,4802.0,-859.0,0.0,100,328.73,316.0,0,0.0,0.0,,0.0,1,22.95,44.27,SPY201120C00288000,288.0,normalDay
2020-09-28,4802.0,-798.0,0.0,100,334.19,316.0,0,0.0,0.0,,0.0,1,22.95,49.12,SPY201120C00288000,288.0,normalDay
2020-09-29,4802.0,-865.0,0.0,100,332.37,316.0,0,0.0,0.0,,0.0,1,22.95,47.97,SPY201120C00288000,288.0,normalDay
2020-09-30,4802.0,-688.0,0.0,100,334.89,316.0,0,0.0,0.0,,0.0,1,22.95,48.72,SPY201120C00288000,288.0,normalDay
2020-10-01,4802.0,-768.0,0.0,100,337.04,316.0,0,0.0,0.0,,0.0,1,22.95,51.67,SPY201120C00288000,288.0,normalDay
2020-10-02,4802.0,-797.0,0.0,100,333.84,316.0,0,0.0,0.0,,0.0,1,22.95,48.76,SPY201120C00288000,288.0,normalDay
2020-10-05,4802.0,-688.0,0.0,100,339.76,316.0,0,0.0,0.0,,0.0,1,22.95,53.59,SPY201120C00288000,288.0,normalDay
2020-10-06,4802.0,-784.0,0.0,100,334.93,316.0,0,0.0,0.0,,0.0,1,22.95,49.72,SPY201120C00288000,288.0,normalDay
2020-10-07,4802.0,-664.0,0.0,100,340.76,316.0,0,0.0,0.0,,0.0,1,22.95,54.35,SPY201120C00288000,288.0,normalDay
2020-10-08,4802.0,-628.0,0.0,100,343.78,316.0,0,0.0,0.0,,0.0,1,22.95,57.01,SPY201120C00288000,288.0,normalDay
2020-10-09,4802.0,-629.0,0.0,100,346.85,316.0,0,0.0,0.0,,0.0,1,22.95,60.09,SPY201120C00288000,288.0,normalDay
2020-10-12,4802.0,-605.0,0.0,100,352.43,316.0,0,0.0,0.0,,0.0,1,22.95,65.43,SPY201120C00288000,288.0,normalDay
2020-10-13,4802.0,-626.0,0.0,100,350.13,316.0,0,0.0,0.0,,0.0,1,22.95,63.34,SPY201120C00288000,288.0,normalDay
2020-10-14,4802.0,-608.0,0.0,100,347.93,316.0,0,0.0,0.0,,0.0,1,22.95,60.96,SPY201120C00288000,288.0,normalDay
2020-10-15,4802.0,-614.0,0.0,100,347.5,316.0,0,0.0,0.0,,0.0,1,22.95,60.59,SPY201120C00288000,288.0,normalDay
2020-10-16,4802.0,-570.0,0.0,100,347.29,316.0,0,0.0,0.0,,0.0,1,22.95,59.94,SPY201120C00288000,288.0,normalDay
2020-10-19,4802.0,-653.0,0.0,100,342.01,316.0,0,0.0,0.0,,0.0,1,22.95,55.49,SPY201120C00288000,288.0,normalDay
2020-10-20,4802.0,-600.0,0.0,100,343.38,316.0,0,0.0,0.0,,0.0,1,22.95,56.33,SPY201120C00288000,288.0,normalDay
2020-10-21,4802.0,-656.0,0.0,100,342.73,316.0,0,0.0,0.0,,0.0,1,22.95,56.24,SPY201120C00288000,288.0,normalDay
2020-10-22,4802.0,-576.0,0.0,100,344.61,316.0,0,0.0,0.0,,0.0,1,22.95,57.32,SPY201120C00288000,288.0,normalDay
2020-10-23,4802.0,-540.0,0.0,100,345.78,316.0,0,0.0,0.0,,0.0,1,22.95,58.13,SPY201120C00288000,288.0,normalDay
2020-10-26,4802.0,-642.0,0.0,100,339.39,316.0,0,0.0,0.0,,0.0,1,22.95,52.76,SPY201120C00288000,288.0,normalDay
2020-10-27,4802.0,-663.0,0.0,100,338.22,316.0,0,0.0,0.0,,0.0,1,22.95,51.8,SPY201120C00288000,288.0,normalDay
2020-10-28,4802.0,-786.0,0.0,100,326.66,316.0,0,0.0,0.0,,0.0,1,22.95,41.47,SPY201120C00288000,288.0,normalDay
2020-10-29,4802.0,-775.0,0.0,100,329.98,316.0,0,0.0,0.0,,0.0,1,22.95,44.68,SPY201120C00288000,288.0,normalDay
2020-10-30,4802.0,-806.0,0.0,100,326.54,316.0,0,0.0,0.0,,0.0,1,22.95,41.55,SPY201120C00288000,288.0,normalDay
2020-11-02,4802.0,-717.0,0.0,100,330.2,316.0,0,0.0,0.0,,0.0,1,22.95,44.32,SPY201120C00288000,288.0,normalDay
2020-11-03,4802.0,-568.0,0.0,100,336.03,316.0,0,0.0,0.0,,0.0,1,22.95,48.66,SPY201120C00288000,288.0,normalDay
2020-11-04,4802.0,-589.0,0.0,100,343.54,316.0,0,0.0,0.0,,0.0,1,22.95,56.38,SPY201120C00288000,288.0,normalDay
2020-11-05,4802.0,-582.0,0.0,100,350.24,316.0,0,0.0,0.0,,0.0,1,22.95,63.01,SPY201120C00288000,288.0,normalDay
2020-11-06,4802.0,-543.0,0.0,100,350.16,316.0,0,0.0,0.0,,0.0,1,22.95,62.54,SPY201120C00288000,288.0,normalDay
2020-11-09,4802.0,-638.0,0.0,100,354.56,316.0,0,0.0,0.0,,0.0,1,22.95,67.89,SPY201120C00288000,288.0,normalDay
2020-11-10,4802.0,-598.0,0.0,100,354.04,316.0,0,0.0,0.0,,0.0,1,22.95,66.97,SPY201120C00288000,288.0,normalDay
2020-11-11,4802.0,-570.0,0.0,100,356.67,316.0,0,0.0,0.0,,0.0,1,22.95,69.32,SPY201120C00288000,288.0,normalDay
2020-11-12,4802.0,-586.0,0.0,100,353.21,316.0,0,0.0,0.0,,0.0,1,22.95,66.02,SPY201120C00288000,288.0,normalDay
2020-11-13,4802.0,-540.0,0.0,100,358.1,316.0,0,0.0,0.0,,0.0,1,22.95,70.45,SPY201120C00288000,288.0,normalDay
2020-11-16,4802.0,-519.0,0.0,100,362.57,316.0,0,0.0,0.0,,0.0,1,22.95,74.71,SPY201120C00288000,288.0,normalDay
2020-11-17,4802.0,-538.0,0.0,100,360.62,316.0,0,0.0,0.0,,0.0,1,22.95,72.95,SPY201120C00288000,288.0,normalDay
2020-11-18,4802.0,-551.0,0.0,100,356.28,316.0,0,0.0,0.0,,0.0,1,22.95,68.74,SPY201120C00288000,288.0,normalDay
2020-11-19,4802.0,-525.0,0.0,100,357.78,316.0,0,0.0,0.0,,0.0,1,22.95,69.98,SPY201120C00288000,288.0,normalDay
2020-11-20,4297.0,-525.0,-505.0,0,355.33,0.0,0,0.0,0.0,,0.0,1,22.95,0.0,SPY201120C00288000,288.0,expirationDay
2020-11-23,4297.0,-4.0,0.0,0,357.46,0.0,1,2.6,2.64,SPY210115P00315000,315.0,0,0.0,0.0,,0.0,normalDay
2020-11-24,4297.0,60.0,0.0,0,363.22,0.0,1,2.6,2.0,SPY210115P00315000,315.0,0,0.0,0.0,,0.0,normalDay
2020-11-25,4297.0,74.0,0.0,0,362.66,0.0,1,2.6,1.86,SPY210115P00315000,315.0,0,0.0,0.0,,0.0,normalDay
2020-11-27,4297.0,96.0,0.0,0,363.67,0.0,1,2.6,1.64,SPY210115P00315000,315.0,0,0.0,0.0,,0.0,normalDay
2020-11-30,4297.0,109.0,0.0,0,362.06,0.0,1,2.6,1.51,SPY210115P00315000,315.0,0,0.0,0.0,,0.0,normalDay
2020-12-01,4297.0,120.0,0.0,0,366.02,0.0,1,2.6,1.4,SPY210115P00315000,315.0,0,0.0,0.0,,0.0,normalDay
2020-12-02,4297.0,126.0,0.0,0,366.79,0.0,1,2.6,1.34,SPY210115P00315000,315.0,0,0.0,0.0,,0.0,normalDay
2020-12-03,4297.0,124.0,0.0,0,366.69,0.0,1,2.6,1.36,SPY210115P00315000,315.0,0,0.0,0.0,,0.0,normalDay
2020-12-04,4297.0,156.0,0.0,0,369.85,0.0,1,2.6,1.04,SPY210115P00315000,315.0,0,0.0,0.0,,0.0,normalDay
2020-12-07,4297.0,160.0,0.0,0,369.09,0.0,1,2.6,1.0,SPY210115P00315000,315.0,0,0.0,0.0,,0.0,normalDay
2020-12-08,4297.0,180.0,0.0,0,370.17,0.0,1,2.6,0.8,SPY210115P00315000,315.0,0,0.0,0.0,,0.0,normalDay
2020-12-09,4297.0,162.0,0.0,0,366.85,0.0,1,2.6,0.98,SPY210115P00315000,315.0,0,0.0,0.0,,0.0,normalDay
2020-12-10,4297.0,163.0,0.0,0,366.73,0.0,1,2.6,0.97,SPY210115P00315000,315.0,0,0.0,0.0,,0.0,normalDay
2020-12-11,4297.0,154.0,0.0,0,366.3,0.0,1,2.6,1.06,SPY210115P00315000,315.0,0,0.0,0.0,,0.0,normalDay
2020-12-14,4297.0,144.0,0.0,0,364.66,0.0,1,2.6,1.16,SPY210115P00315000,315.0,0,0.0,0.0,,0.0,normalDay
2020-12-15,4297.0,176.0,0.0,0,369.59,0.0,1,2.6,0.84,SPY210115P00315000,315.0,0,0.0,0.0,,0.0,normalDay
2020-12-16,4297.0,187.0,0.0,0,370.17,0.0,1,2.6,0.73,SPY210115P00315000,315.0,0,0.0,0.0,,0.0,normalDay
2020-12-17,4297.0,200.0,0.0,0,372.24,0.0,1,2.6,0.6,SPY210115P00315000,315.0,0,0.0,0.0,,0.0,normalDay
2020-12-18,4297.0,204.0,0.0,0,369.18,0.0,1,2.6,0.56,SPY210115P00315000,315.0,0,0.0,0.0,,0.0,normalDay
2020-12-21,4297.0,182.0,0.0,0,367.86,0.0,1,2.6,0.78,SPY210115P00315000,315.0,0,0.0,0.0,,0.0,normalDay
2020-12-22,4297.0,192.0,0.0,0,367.24,0.0,1,2.6,0.68,SPY210115P00315000,315.0,0,0.0,0.0,,0.0,normalDay
2020-12-23,4297.0,203.0,0.0,0,367.57,0.0,1,2.6,0.57,SPY210115P00315000,315.0,0,0.0,0.0,,0.0,normalDay
2020-12-24,4297.0,217.0,0.0,0,369.0,0.0,1,2.6,0.43,SPY210115P00315000,315.0,0,0.0,0.0,,0.0,normalDay
2020-12-28,4297.0,231.0,0.0,0,372.17,0.0,1,2.6,0.29,SPY210115P00315000,315.0,0,0.0,0.0,,0.0,normalDay
2020-12-29,4297.0,227.0,0.0,0,371.46,0.0,1,2.6,0.33,SPY210115P00315000,315.0,0,0.0,0.0,,0.0,normalDay
2020-12-30,4297.0,231.0,0.0,0,371.99,0.0,1,2.6,0.29,SPY210115P00315000,315.0,0,0.0,0.0,,0.0,normalDay
2020-12-31,4297.0,233.0,0.0,0,373.88,0.0,1,2.6,0.27,SPY210115P00315000,315.0,0,0.0,0.0,,0.0,normalDay
2021-01-04,4297.0,231.0,0.0,0,368.79,0.0,1,2.6,0.29,SPY210115P00315000,315.0,0,0.0,0.0,,0.0,normalDay
2021-01-05,4297.0,241.0,0.0,0,371.33,0.0,1,2.6,0.19,SPY210115P00315000,315.0,0,0.0,0.0,,0.0,normalDay
2021-01-06,4297.0,237.0,0.0,0,373.55,0.0,1,2.6,0.23,SPY210115P00315000,315.0,0,0.0,0.0,,0.0,normalDay
2021-01-07,4297.0,251.0,0.0,0,379.1,0.0,1,2.6,0.09,SPY210115P00315000,315.0,0,0.0,0.0,,0.0,normalDay
2021-01-08,4297.0,255.0,0.0,0,381.26,0.0,1,2.6,0.05,SPY210115P00315000,315.0,0,0.0,0.0,,0.0,normalDay
2021-01-11,4297.0,256.0,0.0,0,378.69,0.0,1,2.6,0.04,SPY210115P00315000,315.0,0,0.0,0.0,,0.0,normalDay
2021-01-12,4297.0,257.0,0.0,0,378.77,0.0,1,2.6,0.03,SPY210115P00315000,315.0,0,0.0,0.0,,0.0,normalDay
2021-01-13,4297.0,258.0,0.0,0,379.79,0.0,1,2.6,0.02,SPY210115P00315000,315.0,0,0.0,0.0,,0.0,normalDay
2021-01-14,4297.0,259.0,0.0,0,378.46,0.0,1,2.6,0.01,SPY210115P00315000,315.0,0,0.0,0.0,,0.0,normalDay
2021-01-15,4557.0,0.0,260.0,0,375.7,0.0,1,2.6,0.0,SPY210115P00315000,315.0,0,0.0,0.0,,0.0,expirationDay
2021-01-19,4557.0,-6.0,0.0,0,378.65,0.0,1,4.8,4.86,SPY210226P00362000,362.0,0,0.0,0.0,,0.0,normalDay
2021-01-20,4557.0,126.0,0.0,0,383.89,0.0,1,4.8,3.54,SPY210226P00362000,362.0,0,0.0,0.0,,0.0,normalDay
2021-01-21,4557.0,147.0,0.0,0,384.24,0.0,1,4.8,3.33,SPY210226P00362000,362.0,0,0.0,0.0,,0.0,normalDay
2021-01-22,4557.0,129.0,0.0,0,382.88,0.0,1,4.8,3.51,SPY210226P00362000,362.0,0,0.0,0.0,,0.0,normalDay
2021-01-25,4557.0,149.0,0.0,0,384.39,0.0,1,4.8,3.31,SPY210226P00362000,362.0,0,0.0,0.0,,0.0,normalDay
2021-01-26,4557.0,163.0,0.0,0,383.79,0.0,1,4.8,3.17,SPY210226P00362000,362.0,0,0.0,0.0,,0.0,normalDay
2021-01-27,4557.0,-280.0,0.0,0,374.41,0.0,1,4.8,7.6,SPY210226P00362000,362.0,0,0.0,0.0,,0.0,normalDay
2021-01-28,4557.0,-83.0,0.0,0,377.63,0.0,1,4.8,5.63,SPY210226P00362000,362.0,0,0.0,0.0,,0.0,normalDay
2021-01-29,4557.0,-415.0,0.0,0,370.07,0.0,1,4.8,8.95,SPY210226P00362000,362.0,0,0.0,0.0,,0.0,normalDay
2021-02-01,4557.0,-75.0,0.0,0,376.23,0.0,1,4.8,5.55,SPY210226P00362000,362.0,0,0.0,0.0,,0.0,normalDay
2021-02-02,4557.0,169.0,0.0,0,381.55,0.0,1,4.8,3.11,SPY210226P00362000,362.0,0,0.0,0.0,,0.0,normalDay
2021-02-03,4557.0,233.0,0.0,0,381.85,0.0,1,4.8,2.47,SPY210226P00362000,362.0,0,0.0,0.0,,0.0,normalDay
2021-02-04,4557.0,312.0,0.0,0,386.19,0.0,1,4.8,1.68,SPY210226P00362000,362.0,0,0.0,0.0,,0.0,normalDay
2021-02-05,4557.0,351.0,0.0,0,387.71,0.0,1,4.8,1.29,SPY210226P00362000,362.0,0,0.0,0.0,,0.0,normalDay
2021-02-08,4557.0,386.0,0.0,0,390.51,0.0,1,4.8,0.94,SPY210226P00362000,362.0,0,0.0,0.0,,0.0,normalDay
2021-02-09,4557.0,392.0,0.0,0,390.25,0.0,1,4.8,0.88,SPY210226P00362000,362.0,0,0.0,0.0,,0.0,normalDay
2021-02-10,4557.0,388.0,0.0,0,390.08,0.0,1,4.8,0.92,SPY210226P00362000,362.0,0,0.0,0.0,,0.0,normalDay
2021-02-11,4557.0,407.0,0.0,0,390.71,0.0,1,4.8,0.73,SPY210226P00362000,362.0,0,0.0,0.0,,0.0,normalDay
2021-02-12,4557.0,439.0,0.0,0,392.64,0.0,1,4.8,0.41,SPY210226P00362000,362.0,0,0.0,0.0,,0.0,normalDay
2021-02-16,4557.0,441.0,0.0,0,392.3,0.0,1,4.8,0.39,SPY210226P00362000,362.0,0,0.0,0.0,,0.0,normalDay
2021-02-17,4557.0,451.0,0.0,0,392.39,0.0,1,4.8,0.29,SPY210226P00362000,362.0,0,0.0,0.0,,0.0,normalDay
2021-02-18,4557.0,449.0,0.0,0,390.72,0.0,1,4.8,0.31,SPY210226P00362000,362.0,0,0.0,0.0,,0.0,normalDay
2021-02-19,4557.0,465.0,0.0,0,390.03,0.0,1,4.8,0.15,SPY210226P00362000,362.0,0,0.0,0.0,,0.0,normalDay
2021-02-22,4557.0,467.0,0.0,0,387.03,0.0,1,4.8,0.13,SPY210226P00362000,362.0,0,0.0,0.0,,0.0,normalDay
2021-02-23,4557.0,473.0,0.0,0,387.5,0.0,1,4.8,0.07,SPY210226P00362000,362.0,0,0.0,0.0,,0.0,normalDay
2021-02-24,4557.0,477.0,0.0,0,391.77,0.0,1,4.8,0.03,SPY210226P00362000,362.0,0,0.0,0.0,,0.0,normalDay
2021-02-25,4557.0,472.0,0.0,0,382.33,0.0,1,4.8,0.08,SPY210226P00362000,362.0,0,0.0,0.0,,0.0,normalDay
2021-02-26,5037.0,0.0,480.0,0,380.36,0.0,1,4.8,0.0,SPY210226P00362000,362.0,0,0.0,0.0,,0.0,expirationDay
2021-03-01,5037.0,-5.0,0.0,0,389.58,0.0,1,6.35,6.4,SPY210416P00375000,375.0,0,0.0,0.0,,0.0,normalDay
2021-03-02,5037.0,-106.0,0.0,0,386.54,0.0,1,6.35,7.41,SPY210416P00375000,375.0,0,0.0,0.0,,0.0,normalDay
2021-03-03,5037.0,-297.0,0.0,0,381.42,0.0,1,6.35,9.32,SPY210416P00375000,375.0,0,0.0,0.0,,0.0,normalDay
2021-03-04,5037.0,-498.0,0.0,0,376.7,0.0,1,6.35,11.33,SPY210416P00375000,375.0,0,0.0,0.0,,0.0,normalDay
2021-03-05,5037.0,-152.0,0.0,0,383.63,0.0,1,6.35,7.87,SPY210416P00375000,375.0,0,0.0,0.0,,0.0,normalDay
2021-03-08,5037.0,-198.0,0.0,0,381.72,0.0,1,6.35,8.33,SPY210416P00375000,375.0,0,0.0,0.0,,0.0,normalDay
2021-03-09,5037.0,3.0,0.0,0,387.17,0.0,1,6.35,6.32,SPY210416P00375000,375.0,0,0.0,0.0,,0.0,normalDay
2021-03-10,5037.0,123.0,0.0,0,389.58,0.0,1,6.35,5.12,SPY210416P00375000,375.0,0,0.0,0.0,,0.0,normalDay
2021-03-11,5037.0,216.0,0.0,0,393.53,0.0,1,6.35,4.19,SPY210416P00375000,375.0,0,0.0,0.0,,0.0,normalDay
2021-03-12,5037.0,280.0,0.0,0,394.06,0.0,1,6.35,3.55,SPY210416P00375000,375.0,0,0.0,0.0,,0.0,normalDay
2021-03-15,5037.0,360.0,0.0,0,396.41,0.0,1,6.35,2.75,SPY210416P00375000,375.0,0,0.0,0.0,,0.0,normalDay
2021-03-16,5037.0,359.0,0.0,0,395.91,0.0,1,6.35,2.76,SPY210416P00375000,375.0,0,0.0,0.0,,0.0,normalDay
2021-03-17,5037.0,403.0,0.0,0,397.26,0.0,1,6.35,2.32,SPY210416P00375000,375.0,0,0.0,0.0,,0.0,normalDay
2021-03-18,5037.0,305.0,0.0,0,391.48,0.0,1,6.35,3.3,SPY210416P00375000,375.0,0,0.0,0.0,,0.0,normalDay
2021-03-19,5037.0,295.0,0.0,0,389.48,0.0,1,6.35,3.4,SPY210416P00375000,375.0,0,0.0,0.0,,0.0,normalDay
2021-03-22,5037.0,427.0,0.0,0,392.59,0.0,1,6.35,2.08,SPY210416P00375000,375.0,0,0.0,0.0,,0.0,normalDay
2021-03-23,5037.0,358.0,0.0,0,389.5,0.0,1,6.35,2.77,SPY210416P00375000,375.0,0,0.0,0.0,,0.0,normalDay
2021-03-24,5037.0,320.0,0.0,0,387.52,0.0,1,6.35,3.15,SPY210416P00375000,375.0,0,0.0,0.0,,0.0,normalDay
2021-03-25,5037.0,398.0,0.0,0,389.7,0.0,1,6.35,2.37,SPY210416P00375000,375.0,0,0.0,0.0,,0.0,normalDay
2021-03-26,5037.0,486.0,0.0,0,395.98,0.0,1,6.35,1.49,SPY210416P00375000,375.0,0,0.0,0.0,,0.0,normalDay
2021-03-29,5037.0,475.0,0.0,0,395.78,0.0,1,6.35,1.6,SPY210416P00375000,375.0,0,0.0,0.0,,0.0,normalDay
2021-03-30,5037.0,496.0,0.0,0,394.73,0.0,1,6.35,1.39,SPY210416P00375000,375.0,0,0.0,0.0,,0.0,normalDay
2021-03-31,5037.0,533.0,0.0,0,396.33,0.0,1,6.35,1.02,SPY210416P00375000,375.0,0,0.0,0.0,,0.0,normalDay
2021-04-01,5037.0,586.0,0.0,0,400.61,0.0,1,6.35,0.49,SPY210416P00375000,375.0,0,0.0,0.0,,0.0,normalDay
2021-04-05,5037.0,608.0,0.0,0,406.36,0.0,1,6.35,0.27,SPY210416P00375000,375.0,0,0.0,0.0,,0.0,normalDay
2021-04-06,5037.0,610.0,0.0,0,406.12,0.0,1,6.35,0.25,SPY210416P00375000,375.0,0,0.0,0.0,,0.0,normalDay
2021-04-07,5037.0,620.0,0.0,0,406.59,0.0,1,6.35,0.15,SPY210416P00375000,375.0,0,0.0,0.0,,0.0,normalDay
2021-04-08,5037.0,624.0,0.0,0,408.52,0.0,1,6.35,0.11,SPY210416P00375000,375.0,0,0.0,0.0,,0.0,normalDay
2021-04-09,5037.0,629.0,0.0,0,411.49,0.0,1,6.35,0.06,SPY210416P00375000,375.0,0,0.0,0.0,,0.0,normalDay
2021-04-12,5037.0,632.0,0.0,0,411.64,0.0,1,6.35,0.03,SPY210416P00375000,375.0,0,0.0,0.0,,0.0,normalDay
2021-04-13,5037.0,633.0,0.0,0,412.86,0.0,1,6.35,0.02,SPY210416P00375000,375.0,0,0.0,0.0,,0.0,normalDay
2021-04-14,5037.0,633.0,0.0,0,411.45,0.0,1,6.35,0.02,SPY210416P00375000,375.0,0,0.0,0.0,,0.0,normalDay
2021-04-15,5037.0,634.0,0.0,0,415.87,0.0,1,6.35,0.01,SPY210416P00375000,375.0,0,0.0,0.0,,0.0,normalDay
2021-04-16,5672.0,0.0,635.0,0,417.26,0.0,1,6.35,0.0,SPY210416P00375000,375.0,0,0.0,0.0,,0.0,expirationDay
2021-04-19,5672.0,-4.0,0.0,0,415.21,0.0,1,1.46,1.5,SPY210528P00376000,376.0,0,0.0,0.0,,0.0,normalDay
2021-04-20,5672.0,-45.0,0.0,0,412.17,0.0,1,1.46,1.91,SPY210528P00376000,376.0,0,0.0,0.0,,0.0,normalDay
2021-04-21,5672.0,10.0,0.0,0,416.07,0.0,1,1.46,1.36,SPY210528P00376000,376.0,0,0.0,0.0,,0.0,normalDay
2021-04-22,5672.0,-30.0,0.0,0,412.27,0.0,1,1.46,1.76,SPY210528P00376000,376.0,0,0.0,0.0,,0.0,normalDay
2021-04-23,5672.0,29.0,0.0,0,416.74,0.0,1,1.46,1.17,SPY210528P00376000,376.0,0,0.0,0.0,,0.0,normalDay
2021-04-26,5672.0,45.0,0.0,0,417.61,0.0,1,1.46,1.01,SPY210528P00376000,376.0,0,0.0,0.0,,0.0,normalDay
2021-04-27,5672.0,50.0,0.0,0,417.52,0.0,1,1.46,0.96,SPY210528P00376000,376.0,0,0.0,0.0,,0.0,normalDay
2021-04-28,5672.0,62.0,0.0,0,417.4,0.0,1,1.46,0.84,SPY210528P00376000,376.0,0,0.0,0.0,,0.0,normalDay
2021-04-29,5672.0,67.0,0.0,0,420.06,0.0,1,1.46,0.79,SPY210528P00376000,376.0,0,0.0,0.0,,0.0,normalDay
2021-04-30,5672.0,50.0,0.0,0,417.3,0.0,1,1.46,0.96,SPY210528P00376000,376.0,0,0.0,0.0,,0.0,normalDay
2021-05-03,5672.0,66.0,0.0,0,418.2,0.0,1,1.46,0.8,SPY210528P00376000,376.0,0,0.0,0.0,,0.0,normalDay
2021-05-04,5672.0,50.0,0.0,0,415.62,0.0,1,1.46,0.96,SPY210528P00376000,376.0,0,0.0,0.0,,0.0,normalDay
2021-05-05,5672.0,55.0,0.0,0,415.75,0.0,1,1.46,0.91,SPY210528P00376000,376.0,0,0.0,0.0,,0.0,normalDay
2021-05-06,5672.0,79.0,0.0,0,419.07,0.0,1,1.46,0.67,SPY210528P00376000,376.0,0,0.0,0.0,,0.0,normalDay
2021-05-07,5672.0,98.0,0.0,0,422.12,0.0,1,1.46,0.48,SPY210528P00376000,376.0,0,0.0,0.0,,0.0,normalDay
2021-05-10,5672.0,77.0,0.0,0,417.94,0.0,1,1.46,0.69,SPY210528P00376000,376.0,0,0.0,0.0,,0.0,normalDay
2021-05-11,5672.0,58.0,0.0,0,414.21,0.0,1,1.46,0.88,SPY210528P00376000,376.0,0,0.0,0.0,,0.0,normalDay
2021-05-12,5672.0,-69.0,0.0,0,405.41,0.0,1,1.46,2.15,SPY210528P00376000,376.0,0,0.0,0.0,,0.0,normalDay
2021-05-13,5672.0,43.0,0.0,0,410.28,0.0,1,1.46,1.03,SPY210528P00376000,376.0,0,0.0,0.0,,0.0,normalDay
2021-05-14,5672.0,106.0,0.0,0,416.58,0.0,1,1.46,0.4,SPY210528P00376000,376.0,0,0.0,0.0,,0.0,normalDay
2021-05-17,5672.0,118.0,0.0,0,415.52,0.0,1,1.46,0.28,SPY210528P00376000,376.0,0,0.0,0.0,,0.0,normalDay
2021-05-18,5672.0,106.0,0.0,0,411.94,0.0,1,1.46,0.4,SPY210528P00376000,376.0,0,0.0,0.0,,0.0,normalDay
2021-05-19,5672.0,111.0,0.0,0,410.86,0.0,1,1.46,0.35,SPY210528P00376000,376.0,0,0.0,0.0,,0.0,normalDay
2021-05-20,5672.0,129.0,0.0,0,415.28,0.0,1,1.46,0.17,SPY210528P00376000,376.0,0,0.0,0.0,,0.0,normalDay
2021-05-21,5672.0,138.0,0.0,0,414.94,0.0,1,1.46,0.08,SPY210528P00376000,376.0,0,0.0,0.0,,0.0,normalDay
2021-05-24,5672.0,142.0,0.0,0,419.17,0.0,1,1.46,0.04,SPY210528P00376000,376.0,0,0.0,0.0,,0.0,normalDay
2021-05-25,5672.0,142.0,0.0,0,418.24,0.0,1,1.46,0.04,SPY210528P00376000,376.0,0,0.0,0.0,,0.0,normalDay
2021-05-26,5672.0,144.0,0.0,0,419.07,0.0,1,1.46,0.02,SPY210528P00376000,376.0,0,0.0,0.0,,0.0,normalDay
2021-05-27,5672.0,145.0,0.0,0,419.29,0.0,1,1.46,0.01,SPY210528P00376000,376.0,0,0.0,0.0,,0.0,normalDay
2021-05-28,5818.0,0.0,146.0,0,420.04,0.0,1,1.46,0.0,SPY210528P00376000,376.0,0,0.0,0.0,,0.0,expirationDay
2021-06-01,5818.0,-4.0,0.0,0,419.67,0.0,1,4.68,4.72,SPY210716P00405000,405.0,0,0.0,0.0,,0.0,normalDay
2021-06-02,5818.0,34.0,0.0,0,420.33,0.0,1,4.68,4.34,SPY210716P00405000,405.0,0,0.0,0.0,,0.0,normalDay
2021-06-03,5818.0,-12.0,0.0,0,418.77,0.0,1,4.68,4.8,SPY210716P00405000,405.0,0,0.0,0.0,,0.0,normalDay
2021-06-04,5818.0,107.0,0.0,0,422.6,0.0,1,4.68,3.61,SPY210716P00405000,405.0,0,0.0,0.0,,0.0,normalDay
2021-06-07,5818.0,143.0,0.0,0,422.19,0.0,1,4.68,3.25,SPY210716P00405000,405.0,0,0.0,0.0,,0.0,normalDay
2021-06-08,5818.0,135.0,0.0,0,422.28,0.0,1,4.68,3.33,SPY210716P00405000,405.0,0,0.0,0.0,,0.0,normalDay
2021-06-09,5818.0,107.0,0.0,0,421.65,0.0,1,4.68,3.61,SPY210716P00405000,405.0,0,0.0,0.0,,0.0,normalDay
2021-06-10,5818.0,199.0,0.0,0,423.61,0.0,1,4.68,2.69,SPY210716P00405000,405.0,0,0.0,0.0,,0.0,normalDay
2021-06-11,5818.0,225.0,0.0,0,424.31,0.0,1,4.68,2.43,SPY210716P00405000,405.0,0,0.0,0.0,,0.0,normalDay
2021-06-14,5818.0,243.0,0.0,0,425.26,0.0,1,4.68,2.25,SPY210716P00405000,405.0,0,0.0,0.0,,0.0,normalDay
2021-06-15,5818.0,227.0,0.0,0,424.48,0.0,1,4.68,2.41,SPY210716P00405000,405.0,0,0.0,0.0,,0.0,normalDay
2021-06-16,5818.0,178.0,0.0,0,422.11,0.0,1,4.68,2.9,SPY210716P00405000,405.0,0,0.0,0.0,,0.0,normalDay
2021-06-17,5818.0,203.0,0.0,0,421.97,0.0,1,4.68,2.65,SPY210716P00405000,405.0,0,0.0,0.0,,0.0,normalDay
2021-06-18,5818.0,13.0,0.0,0,414.92,0.0,1,4.68,4.55,SPY210716P00405000,405.0,0,0.0,0.0,,0.0,normalDay
2021-06-21,5818.0,235.0,0.0,0,420.86,0.0,1,4.68,2.33,SPY210716P00405000,405.0,0,0.0,0.0,,0.0,normalDay
2021-06-22,5818.0,293.0,0.0,0,423.11,0.0,1,4.68,1.75,SPY210716P00405000,405.0,0,0.0,0.0,,0.0,normalDay
2021-06-23,5818.0,307.0,0.0,0,422.6,0.0,1,4.68,1.61,SPY210716P00405000,405.0,0,0.0,0.0,,0.0,normalDay
2021-06-24,5818.0,345.0,0.0,0,425.1,0.0,1,4.68,1.23,SPY210716P00405000,405.0,0,0.0,0.0,,0.0,normalDay
2021-06-25,5818.0,372.0,0.0,0,426.61,0.0,1,4.68,0.96,SPY210716P00405000,405.0,0,0.0,0.0,,0.0,normalDay
2021-06-28,5818.0,390.0,0.0,0,427.47,0.0,1,4.68,0.78,SPY210716P00405000,405.0,0,0.0,0.0,,0.0,normalDay
2021-06-29,5818.0,392.0,0.0,0,427.7,0.0,1,4.68,0.76,SPY210716P00405000,405.0,0,0.0,0.0,,0.0,normalDay
2021-06-30,5818.0,406.0,0.0,0,428.06,0.0,1,4.68,0.62,SPY210716P00405000,405.0,0,0.0,0.0,,0.0,normalDay
2021-07-01,5818.0,417.0,0.0,0,430.43,0.0,1,4.68,0.51,SPY210716P00405000,405.0,0,0.0,0.0,,0.0,normalDay
2021-07-02,5818.0,434.0,0.0,0,433.72,0.0,1,4.68,0.34,SPY210716P00405000,405.0,0,0.0,0.0,,0.0,normalDay
2021-07-06,5818.0,437.0,0.0,0,432.93,0.0,1,4.68,0.31,SPY210716P00405000,405.0,0,0.0,0.0,,0.0,normalDay
2021-07-07,5818.0,447.0,0.0,0,434.46,0.0,1,4.68,0.21,SPY210716P00405000,405.0,0,0.0,0.0,,0.0,normalDay
2021-07-08,5818.0,424.0,0.0,0,430.92,0.0,1,4.68,0.44,SPY210716P00405000,405.0,0,0.0,0.0,,0.0,normalDay
2021-07-09,5818.0,455.0,0.0,0,435.52,0.0,1,4.68,0.13,SPY210716P00405000,405.0,0,0.0,0.0,,0.0,normalDay
2021-07-12,5818.0,462.0,0.0,0,437.08,0.0,1,4.68,0.06,SPY210716P00405000,405.0,0,0.0,0.0,,0.0,normalDay
2021-07-13,5818.0,460.0,0.0,0,435.59,0.0,1,4.68,0.08,SPY210716P00405000,405.0,0,0.0,0.0,,0.0,normalDay
2021-07-14,5818.0,465.0,0.0,0,436.24,0.0,1,4.68,0.03,SPY210716P00405000,405.0,0,0.0,0.0,,0.0,normalDay
2021-07-15,5818.0,466.0,0.0,0,434.75,0.0,1,4.68,0.02,SPY210716P00405000,405.0,0,0.0,0.0,,0.0,normalDay
2021-07-16,6286.0,0.0,468.0,0,431.34,0.0,1,4.68,0.0,SPY210716P00405000,405.0,0,0.0,0.0,,0.0,expirationDay
2021-07-19,6286.0,-6.0,0.0,0,424.97,0.0,1,7.18,7.24,SPY210827P00416000,416.0,0,0.0,0.0,,0.0,normalDay
2021-07-20,6286.0,218.0,0.0,0,431.06,0.0,1,7.18,5.0,SPY210827P00416000,416.0,0,0.0,0.0,,0.0,normalDay
2021-07-21,6286.0,349.0,0.0,0,434.55,0.0,1,7.18,3.69,SPY210827P00416000,416.0,0,0.0,0.0,,0.0,normalDay
2021-07-22,6286.0,371.0,0.0,0,435.46,0.0,1,7.18,3.47,SPY210827P00416000,416.0,0,0.0,0.0,,0.0,normalDay
2021-07-23,6286.0,447.0,0.0,0,439.94,0.0,1,7.18,2.71,SPY210827P00416000,416.0,0,0.0,0.0,,0.0,normalDay
2021-07-26,6286.0,482.0,0.0,0,441.02,0.0,1,7.18,2.36,SPY210827P00416000,416.0,0,0.0,0.0,,0.0,normalDay
2021-07-27,6286.0,420.0,0.0,0,439.01,0.0,1,7.18,2.98,SPY210827P00416000,416.0,0,0.0,0.0,,0.0,normalDay
2021-07-28,6286.0,459.0,0.0,0,438.83,0.0,1,7.18,2.59,SPY210827P00416000,416.0,0,0.0,0.0,,0.0,normalDay
2021-07-29,6286.0,510.0,0.0,0,440.65,0.0,1,7.18,2.08,SPY210827P00416000,416.0,0,0.0,0.0,,0.0,normalDay
2021-07-30,6286.0,491.0,0.0,0,438.51,0.0,1,7.18,2.27,SPY210827P00416000,416.0,0,0.0,0.0,,0.0,normalDay
2021-08-02,6286.0,473.0,0.0,0,437.59,0.0,1,7.18,2.45,SPY210827P00416000,416.0,0,0.0,0.0,,0.0,normalDay
2021-08-03,6286.0,551.0,0.0,0,441.15,0.0,1,7.18,1.67,SPY210827P00416000,416.0,0,0.0,0.0,,0.0,normalDay
2021-08-04,6286.0,546.0,0.0,0,438.98,0.0,1,7.18,1.72,SPY210827P00416000,416.0,0,0.0,0.0,,0.0,normalDay
2021-08-05,6286.0,585.0,0.0,0,441.76,0.0,1,7.18,1.33,SPY210827P00416000,416.0,0,0.0,0.0,,0.0,normalDay
2021-08-06,6286.0,619.0,0.0,0,442.49,0.0,1,7.18,0.99,SPY210827P00416000,416.0,0,0.0,0.0,,0.0,normalDay
2021-08-09,6286.0,630.0,0.0,0,442.13,0.0,1,7.18,0.88,SPY210827P00416000,416.0,0,0.0,0.0,,0.0,normalDay
2021-08-10,6286.0,632.0,0.0,0,442.68,0.0,1,7.18,0.86,SPY210827P00416000,416.0,0,0.0,0.0,,0.0,normalDay
2021-08-11,6286.0,658.0,0.0,0,443.78,0.0,1,7.18,0.6,SPY210827P00416000,416.0,0,0.0,0.0,,0.0,normalDay
2021-08-12,6286.0,673.0,0.0,0,445.11,0.0,1,7.18,0.45,SPY210827P00416000,416.0,0,0.0,0.0,,0.0,normalDay
2021-08-13,6286.0,682.0,0.0,0,445.92,0.0,1,7.18,0.36,SPY210827P00416000,416.0,0,0.0,0.0,,0.0,normalDay
2021-08-16,6286.0,689.0,0.0,0,446.97,0.0,1,7.18,0.29,SPY210827P00416000,416.0,0,0.0,0.0,,0.0,normalDay
2021-08-17,6286.0,669.0,0.0,0,444.04,0.0,1,7.18,0.49,SPY210827P00416000,416.0,0,0.0,0.0,,0.0,normalDay
2021-08-18,6286.0,613.0,0.0,0,439.18,0.0,1,7.18,1.05,SPY210827P00416000,416.0,0,0.0,0.0,,0.0,normalDay
2021-08-19,6286.0,635.0,0.0,0,439.86,0.0,1,7.18,0.83,SPY210827P00416000,416.0,0,0.0,0.0,,0.0,normalDay
2021-08-20,6286.0,701.0,0.0,0,443.36,0.0,1,7.18,0.17,SPY210827P00416000,416.0,0,0.0,0.0,,0.0,normalDay
2021-08-23,6286.0,711.0,0.0,0,447.26,0.0,1,7.18,0.07,SPY210827P00416000,416.0,0,0.0,0.0,,0.0,normalDay
2021-08-24,6286.0,713.0,0.0,0,447.97,0.0,1,7.18,0.05,SPY210827P00416000,416.0,0,0.0,0.0,,0.0,normalDay
2021-08-25,6286.0,715.0,0.0,0,448.91,0.0,1,7.18,0.03,SPY210827P00416000,416.0,0,0.0,0.0,,0.0,normalDay
2021-08-26,6286.0,714.0,0.0,0,446.26,0.0,1,7.18,0.04,SPY210827P00416000,416.0,0,0.0,0.0,,0.0,normalDay
2021-08-27,7004.0,0.0,718.0,0,450.25,0.0,1,7.18,0.0,SPY210827P00416000,416.0,0,0.0,0.0,,0.0,expirationDay
2021-08-30,7004.0,-4.0,0.0,0,452.23,0.0,1,4.41,4.45,SPY211015P00435000,435.0,0,0.0,0.0,,0.0,normalDay
2021-08-31,7004.0,-2.0,0.0,0,451.56,0.0,1,4.41,4.43,SPY211015P00435000,435.0,0,0.0,0.0,,0.0,normalDay
2021-09-01,7004.0,26.0,0.0,0,451.8,0.0,1,4.41,4.15,SPY211015P00435000,435.0,0,0.0,0.0,,0.0,normalDay
2021-09-02,7004.0,52.0,0.0,0,453.19,0.0,1,4.41,3.89,SPY211015P00435000,435.0,0,0.0,0.0,,0.0,normalDay
2021-09-03,7004.0,54.0,0.0,0,453.08,0.0,1,4.41,3.87,SPY211015P00435000,435.0,0,0.0,0.0,,0.0,normalDay
2021-09-07,7004.0,16.0,0.0,0,451.46,0.0,1,4.41,4.25,SPY211015P00435000,435.0,0,0.0,0.0,,0.0,normalDay
2021-09-08,7004.0,17.0,0.0,0,450.91,0.0,1,4.41,4.24,SPY211015P00435000,435.0,0,0.0,0.0,,0.0,normalDay
2021-09-09,7004.0,-46.0,0.0,0,448.98,0.0,1,4.41,4.87,SPY211015P00435000,435.0,0,0.0,0.0,,0.0,normalDay
2021-09-10,7004.0,-148.0,0.0,0,445.44,0.0,1,4.41,5.89,SPY211015P00435000,435.0,0,0.0,0.0,,0.0,normalDay
2021-09-13,7004.0,-47.0,0.0,0,446.58,0.0,1,4.41,4.88,SPY211015P00435000,435.0,0,0.0,0.0,,0.0,normalDay
2021-09-14,7004.0,-109.0,0.0,0,444.17,0.0,1,4.41,5.5,SPY211015P00435000,435.0,0,0.0,0.0,,0.0,normalDay
2021-09-15,7004.0,35.0,0.0,0,447.88,0.0,1,4.41,4.06,SPY211015P00435000,435.0,0,0.0,0.0,,0.0,normalDay
2021-09-16,7004.0,13.0,0.0,0,447.17,0.0,1,4.41,4.28,SPY211015P00435000,435.0,0,0.0,0.0,,0.0,normalDay
2021-09-17,7004.0,-154.0,0.0,0,441.4,0.0,1,4.41,5.95,SPY211015P00435000,435.0,0,0.0,0.0,,0.0,normalDay
2021-09-20,7004.0,-506.0,0.0,0,434.04,0.0,1,4.41,9.47,SPY211015P00435000,435.0,0,0.0,0.0,,0.0,normalDay
2021-09-21,7004.0,-483.0,0.0,0,433.63,0.0,1,4.41,9.24,SPY211015P00435000,435.0,0,0.0,0.0,,0.0,normalDay
2021-09-22,7004.0,-180.0,0.0,0,437.86,0.0,1,4.41,6.21,SPY211015P00435000,435.0,0,0.0,0.0,,0.0,normalDay
2021-09-23,7004.0,54.0,0.0,0,443.18,0.0,1,4.41,3.87,SPY211015P00435000,435.0,0,0.0,0.0,,0.0,normalDay
2021-09-24,7004.0,111.0,0.0,0,443.91,0.0,1,4.41,3.3,SPY211015P00435000,435.0,0,0.0,0.0,,0.0,normalDay
2021-09-27,7004.0,92.0,0.0,0,442.64,0.0,1,4.41,3.49,SPY211015P00435000,435.0,0,0.0,0.0,,0.0,normalDay
2021-09-28,7004.0,-308.0,0.0,0,433.72,0.0,1,4.41,7.49,SPY211015P00435000,435.0,0,0.0,0.0,,0.0,normalDay
2021-09-29,7004.0,-239.0,0.0,0,434.45,0.0,1,4.41,6.8,SPY211015P00435000,435.0,0,0.0,0.0,,0.0,normalDay
2021-09-30,7004.0,-495.0,0.0,0,429.14,0.0,1,4.41,9.36,SPY211015P00435000,435.0,0,0.0,0.0,,0.0,normalDay
2021-10-01,7004.0,-170.0,0.0,0,434.24,0.0,1,4.41,6.11,SPY211015P00435000,435.0,0,0.0,0.0,,0.0,normalDay
2021-10-04,7004.0,-464.0,0.0,0,428.64,0.0,1,4.41,9.05,SPY211015P00435000,435.0,0,0.0,0.0,,0.0,normalDay
2021-10-05,7004.0,-160.0,0.0,0,433.1,0.0,1,4.41,6.01,SPY211015P00435000,435.0,0,0.0,0.0,,0.0,normalDay
2021-10-06,7004.0,-58.0,0.0,0,434.9,0.0,1,4.41,4.99,SPY211015P00435000,435.0,0,0.0,0.0,,0.0,normalDay
2021-10-07,7004.0,155.0,0.0,0,438.66,0.0,1,4.41,2.86,SPY211015P00435000,435.0,0,0.0,0.0,,0.0,normalDay
2021-10-08,7004.0,161.0,0.0,0,437.86,0.0,1,4.41,2.8,SPY211015P00435000,435.0,0,0.0,0.0,,0.0,normalDay
2021-10-11,7004.0,63.0,0.0,0,434.69,0.0,1,4.41,3.78,SPY211015P00435000,435.0,0,0.0,0.0,,0.0,normalDay
2021-10-12,7004.0,30.0,0.0,0,433.62,0.0,1,4.41,4.11,SPY211015P00435000,435.0,0,0.0,0.0,,0.0,normalDay
2021-10-13,7004.0,239.0,0.0,0,435.18,0.0,1,4.41,2.02,SPY211015P00435000,435.0,0,0.0,0.0,,0.0,normalDay
2021-10-14,7004.0,428.0,0.0,0,442.5,0.0,1,4.41,0.13,SPY211015P00435000,435.0,0,0.0,0.0,,0.0,normalDay
2021-10-15,7445.0,0.0,441.0,0,445.87,0.0,1,4.41,0.0,SPY211015P00435000,435.0,0,0.0,0.0,,0.0,expirationDay
2021-10-18,7445.0,-4.0,0.0,0,447.19,0.0,1,2.74,2.78,SPY211126P00423000,423.0,0,0.0,0.0,,0.0,normalDay
2021-10-19,7445.0,54.0,0.0,0,450.64,0.0,1,2.74,2.2,SPY211126P00423000,423.0,0,0.0,0.0,,0.0,normalDay
2021-10-20,7445.0,72.0,0.0,0,452.41,0.0,1,2.74,2.02,SPY211126P00423000,423.0,0,0.0,0.0,,0.0,normalDay
2021-10-21,7445.0,98.0,0.0,0,453.59,0.0,1,2.74,1.76,SPY211126P00423000,423.0,0,0.0,0.0,,0.0,normalDay
2021-10-22,7445.0,87.0,0.0,0,453.12,0.0,1,2.74,1.87,SPY211126P00423000,423.0,0,0.0,0.0,,0.0,normalDay
2021-10-25,7445.0,128.0,0.0,0,455.55,0.0,1,2.74,1.46,SPY211126P00423000,423.0,0,0.0,0.0,,0.0,normalDay
2021-10-26,7445.0,125.0,0.0,0,455.96,0.0,1,2.74,1.49,SPY211126P00423000,423.0,0,0.0,0.0,,0.0,normalDay
2021-10-27,7445.0,95.0,0.0,0,453.94,0.0,1,2.74,1.79,SPY211126P00423000,423.0,0,0.0,0.0,,0.0,normalDay
2021-10-28,7445.0,140.0,0.0,0,458.32,0.0,1,2.74,1.34,SPY211126P00423000,423.0,0,0.0,0.0,,0.0,normalDay
2021-10-29,7445.0,158.0,0.0,0,459.25,0.0,1,2.74,1.16,SPY211126P00423000,423.0,0,0.0,0.0,,0.0,normalDay
2021-11-01,7445.0,182.0,0.0,0,460.04,0.0,1,2.74,0.92,SPY211126P00423000,423.0,0,0.0,0.0,,0.0,normalDay
2021-11-02,7445.0,197.0,0.0,0,461.9,0.0,1,2.74,0.77,SPY211126P00423000,423.0,0,0.0,0.0,,0.0,normalDay
2021-11-03,7445.0,221.0,0.0,0,464.72,0.0,1,2.74,0.53,SPY211126P00423000,423.0,0,0.0,0.0,,0.0,normalDay
2021-11-04,7445.0,223.0,0.0,0,466.91,0.0,1,2.74,0.51,SPY211126P00423000,423.0,0,0.0,0.0,,0.0,normalDay
2021-11-05,7445.0,222.0,0.0,0,468.53,0.0,1,2.74,0.52,SPY211126P00423000,423.0,0,0.0,0.0,,0.0,normalDay
2021-11-08,7445.0,227.0,0.0,0,468.93,0.0,1,2.74,0.47,SPY211126P00423000,423.0,0,0.0,0.0,,0.0,normalDay
2021-11-09,7445.0,227.0,0.0,0,467.38,0.0,1,2.74,0.47,SPY211126P00423000,423.0,0,0.0,0.0,,0.0,normalDay
2021-11-10,7445.0,222.0,0.0,0,463.62,0.0,1,2.74,0.52,SPY211126P00423000,423.0,0,0.0,0.0,,0.0,normalDay
2021-11-11,7445.0,239.0,0.0,0,463.77,0.0,1,2.74,0.35,SPY211126P00423000,423.0,0,0.0,0.0,,0.0,normalDay
2021-11-12,7445.0,253.0,0.0,0,467.27,0.0,1,2.74,0.21,SPY211126P00423000,423.0,0,0.0,0.0,,0.0,normalDay
2021-11-15,7445.0,262.0,0.0,0,467.43,0.0,1,2.74,0.12,SPY211126P00423000,423.0,0,0.0,0.0,,0.0,normalDay
2021-11-16,7445.0,264.0,0.0,0,469.28,0.0,1,2.74,0.1,SPY211126P00423000,423.0,0,0.0,0.0,,0.0,normalDay
2021-11-17,7445.0,266.0,0.0,0,468.14,0.0,1,2.74,0.08,SPY211126P00423000,423.0,0,0.0,0.0,,0.0,normalDay
2021-11-18,7445.0,267.0,0.0,0,469.73,0.0,1,2.74,0.07,SPY211126P00423000,423.0,0,0.0,0.0,,0.0,normalDay
2021-11-19,7445.0,269.0,0.0,0,468.89,0.0,1,2.74,0.05,SPY211126P00423000,423.0,0,0.0,0.0,,0.0,normalDay
2021-11-22,7445.0,270.0,0.0,0,467.57,0.0,1,2.74,0.04,SPY211126P00423000,423.0,0,0.0,0.0,,0.0,normalDay
2021-11-23,7445.0,272.0,0.0,0,468.19,0.0,1,2.74,0.02,SPY211126P00423000,423.0,0,0.0,0.0,,0.0,normalDay
2021-11-24,7445.0,273.0,0.0,0,469.44,0.0,1,2.74,0.01,SPY211126P00423000,423.0,0,0.0,0.0,,0.0,normalDay
2021-11-26,7719.0,0.0,274.0,0,458.97,0.0,1,2.74,0.0,SPY211126P00423000,423.0,0,0.0,0.0,,0.0,expirationDay
2021-11-29,7719.0,-5.0,0.0,0,464.6,0.0,1,10.47,10.52,SPY220121P00458000,458.0,0,0.0,0.0,,0.0,normalDay
2021-11-30,7719.0,-421.0,0.0,0,455.56,0.0,1,10.47,14.68,SPY220121P00458000,458.0,0,0.0,0.0,,0.0,normalDay
2021-12-01,7719.0,-915.0,0.0,0,450.5,0.0,1,10.47,19.62,SPY220121P00458000,458.0,0,0.0,0.0,,0.0,normalDay
2021-12-02,7719.0,-427.0,0.0,0,457.4,0.0,1,10.47,14.74,SPY220121P00458000,458.0,0,0.0,0.0,,0.0,normalDay
2021-12-03,7719.0,-666.0,0.0,0,453.42,0.0,1,10.47,17.13,SPY220121P00458000,458.0,0,0.0,0.0,,0.0,normalDay
2021-12-06,7719.0,-299.0,0.0,0,458.79,0.0,1,10.47,13.46,SPY220121P00458000,458.0,0,0.0,0.0,,0.0,normalDay
2021-12-07,7719.0,219.0,0.0,0,468.28,0.0,1,10.47,8.28,SPY220121P00458000,458.0,0,0.0,0.0,,0.0,normalDay
2021-12-08,7719.0,327.0,0.0,0,469.52,0.0,1,10.47,7.2,SPY220121P00458000,458.0,0,0.0,0.0,,0.0,normalDay
2021-12-09,7719.0,210.0,0.0,0,466.35,0.0,1,10.47,8.37,SPY220121P00458000,458.0,0,0.0,0.0,,0.0,normalDay
2021-12-10,7719.0,428.0,0.0,0,470.74,0.0,1,10.47,6.19,SPY220121P00458000,458.0,0,0.0,0.0,,0.0,normalDay
2021-12-13,7719.0,284.0,0.0,0,466.57,0.0,1,10.47,7.63,SPY220121P00458000,458.0,0,0.0,0.0,,0.0,normalDay
2021-12-14,7719.0,136.0,0.0,0,463.36,0.0,1,10.47,9.11,SPY220121P00458000,458.0,0,0.0,0.0,,0.0,normalDay
2021-12-15,7719.0,469.0,0.0,0,470.6,0.0,1,10.47,5.78,SPY220121P00458000,458.0,0,0.0,0.0,,0.0,normalDay
2021-12-16,7719.0,338.0,0.0,0,466.45,0.0,1,10.47,7.09,SPY220121P00458000,458.0,0,0.0,0.0,,0.0,normalDay
2021-12-17,7719.0,132.0,0.0,0,459.87,0.0,1,10.47,9.15,SPY220121P00458000,458.0,0,0.0,0.0,,0.0,normalDay
2021-12-20,7719.0,-80.0,0.0,0,454.98,0.0,1,10.47,11.27,SPY220121P00458000,458.0,0,0.0,0.0,,0.0,normalDay
2021-12-21,7719.0,295.0,0.0,0,463.06,0.0,1,10.47,7.52,SPY220121P00458000,458.0,0,0.0,0.0,,0.0,normalDay
2021-12-22,7719.0,537.0,0.0,0,467.69,0.0,1,10.47,5.1,SPY220121P00458000,458.0,0,0.0,0.0,,0.0,normalDay
2021-12-23,7719.0,656.0,0.0,0,470.6,0.0,1,10.47,3.91,SPY220121P00458000,458.0,0,0.0,0.0,,0.0,normalDay
2021-12-27,7719.0,816.0,0.0,0,477.26,0.0,1,10.47,2.31,SPY220121P00458000,458.0,0,0.0,0.0,,0.0,normalDay
2021-12-28,7719.0,834.0,0.0,0,476.87,0.0,1,10.47,2.13,SPY220121P00458000,458.0,0,0.0,0.0,,0.0,normalDay
2021-12-29,7719.0,869.0,0.0,0,477.48,0.0,1,10.47,1.78,SPY220121P00458000,458.0,0,0.0,0.0,,0.0,normalDay
2021-12-30,7719.0,847.0,0.0,0,476.16,0.0,1,10.47,2.0,SPY220121P00458000,458.0,0,0.0,0.0,,0.0,normalDay
2021-12-31,7719.0,855.0,0.0,0,474.96,0.0,1,10.47,1.92,SPY220121P00458000,458.0,0,0.0,0.0,,0.0,normalDay
2022-01-03,7719.0,923.0,0.0,0,477.71,0.0,1,10.47,1.24,SPY220121P00458000,458.0,0,0.0,0.0,,0.0,normalDay
2022-01-04,7719.0,924.0,0.0,0,477.55,0.0,1,10.47,1.23,SPY220121P00458000,458.0,0,0.0,0.0,,0.0,normalDay
2022-01-05,7719.0,726.0,0.0,0,468.38,0.0,1,10.47,3.21,SPY220121P00458000,458.0,0,0.0,0.0,,0.0,normalDay
2022-01-06,7719.0,747.0,0.0,0,467.94,0.0,1,10.47,3.0,SPY220121P00458000,458.0,0,0.0,0.0,,0.0,normalDay
2022-01-07,7719.0,778.0,0.0,0,466.09,0.0,1,10.47,2.69,SPY220121P00458000,458.0,0,0.0,0.0,,0.0,normalDay
2022-01-10,7719.0,768.0,0.0,0,465.51,0.0,1,10.47,2.79,SPY220121P00458000,458.0,0,0.0,0.0,,0.0,normalDay
2022-01-11,7719.0,881.0,0.0,0,469.75,0.0,1,10.47,1.66,SPY220121P00458000,458.0,0,0.0,0.0,,0.0,normalDay
2022-01-12,7719.0,946.0,0.0,0,471.02,0.0,1,10.47,1.01,SPY220121P00458000,458.0,0,0.0,0.0,,0.0,normalDay
2022-01-13,7719.0,781.0,0.0,0,464.53,0.0,1,10.47,2.66,SPY220121P00458000,458.0,0,0.0,0.0,,0.0,normalDay
2022-01-14,7719.0,860.0,0.0,0,464.72,0.0,1,10.47,1.87,SPY220121P00458000,458.0,0,0.0,0.0,,0.0,normalDay
2022-01-18,7719.0,558.0,0.0,0,456.49,0.0,1,10.47,4.89,SPY220121P00458000,458.0,0,0.0,0.0,,0.0,normalDay
2022-01-19,7719.0,359.0,0.0,0,451.75,0.0,1,10.47,6.88,SPY220121P00458000,458.0,0,0.0,0.0,,0.0,normalDay
2022-01-20,7719.0,-128.0,0.0,0,446.75,0.0,1,10.47,11.75,SPY220121P00458000,458.0,0,0.0,0.0,,0.0,normalDay
2022-01-21,8766.0,-2002.0,1047.0,100,437.98,458.0,1,10.47,0.0,SPY220121P00458000,458.0,0,0.0,0.0,,0.0,expirationDay
2022-01-24,8766.0,-2099.0,0.0,100,439.84,458.0,0,0.0,0.0,,0.0,1,4.11,6.94,SPY220715C00485000,485.0,normalDay
2022-01-25,8766.0,-2431.0,0.0,100,434.47,458.0,0,0.0,0.0,,0.0,1,4.11,4.89,SPY220715C00485000,485.0,normalDay
2022-01-26,8766.0,-2549.0,0.0,100,433.38,458.0,0,0.0,0.0,,0.0,1,4.11,4.98,SPY220715C00485000,485.0,normalDay
2022-01-27,8766.0,-2681.0,0.0,100,431.24,458.0,0,0.0,0.0,,0.0,1,4.11,4.16,SPY220715C00485000,485.0,normalDay
2022-01-28,8766.0,-1758.0,0.0,100,441.95,458.0,0,0.0,0.0,,0.0,1,4.11,5.64,SPY220715C00485000,485.0,normalDay
2022-01-31,8766.0,-1099.0,0.0,100,449.91,458.0,0,0.0,0.0,,0.0,1,4.11,7.01,SPY220715C00485000,485.0,normalDay
2022-02-01,8766.0,-822.0,0.0,100,452.95,458.0,0,0.0,0.0,,0.0,1,4.11,7.28,SPY220715C00485000,485.0,normalDay
2022-02-02,8766.0,-460.0,0.0,100,457.35,458.0,0,0.0,0.0,,0.0,1,4.11,8.06,SPY220715C00485000,485.0,normalDay
2022-02-03,8766.0,-1459.0,0.0,100,446.6,458.0,0,0.0,0.0,,0.0,1,4.11,7.3,SPY220715C00485000,485.0,normalDay
2022-02-04,8766.0,-1170.0,0.0,100,448.7,458.0,0,0.0,0.0,,0.0,1,4.11,6.51,SPY220715C00485000,485.0,normalDay
2022-02-07,8766.0,-1277.0,0.0,100,447.26,458.0,0,0.0,0.0,,0.0,1,4.11,6.14,SPY220715C00485000,485.0,normalDay
2022-02-08,8766.0,-958.0,0.0,100,450.94,458.0,0,0.0,0.0,,0.0,1,4.11,6.63,SPY220715C00485000,485.0,normalDay
2022-02-09,8766.0,-452.0,0.0,100,457.54,458.0,0,0.0,0.0,,0.0,1,4.11,8.17,SPY220715C00485000,485.0,normalDay
2022-02-10,8766.0,-1089.0,0.0,100,449.32,458.0,0,0.0,0.0,,0.0,1,4.11,6.32,SPY220715C00485000,485.0,normalDay
2022-02-11,8766.0,-1823.0,0.0,100,440.46,458.0,0,0.0,0.0,,0.0,1,4.11,4.8,SPY220715C00485000,485.0,normalDay
2022-02-14,8766.0,-1933.0,0.0,100,439.02,458.0,0,0.0,0.0,,0.0,1,4.11,4.46,SPY220715C00485000,485.0,normalDay
2022-02-15,8766.0,-1302.0,0.0,100,446.1,458.0,0,0.0,0.0,,0.0,1,4.11,5.23,SPY220715C00485000,485.0,normalDay
2022-02-16,8766.0,-1222.0,0.0,100,446.6,458.0,0,0.0,0.0,,0.0,1,4.11,4.93,SPY220715C00485000,485.0,normalDay
2022-02-17,8766.0,-2051.0,0.0,100,437.06,458.0,0,0.0,0.0,,0.0,1,4.11,3.68,SPY220715C00485000,485.0,normalDay
2022-02-18,8766.0,-2290.0,0.0,100,434.23,458.0,0,0.0,0.0,,0.0,1,4.11,3.24,SPY220715C00485000,485.0,normalDay
2022-02-22,8766.0,-2715.0,0.0,100,429.57,458.0,0,0.0,0.0,,0.0,1,4.11,2.83,SPY220715C00485000,485.0,normalDay
2022-02-23,8766.0,-3397.0,0.0,100,421.95,458.0,0,0.0,0.0,,0.0,1,4.11,2.03,SPY220715C00485000,485.0,normalDay
2022-02-24,8766.0,-2813.0,0.0,100,428.3,458.0,0,0.0,0.0,,0.0,1,4.11,2.54,SPY220715C00485000,485.0,normalDay
2022-02-25,8766.0,-1974.0,0.0,100,437.75,458.0,0,0.0,0.0,,0.0,1,4.11,3.6,SPY220715C00485000,485.0,normalDay
2022-02-28,8766.0,-2107.0,0.0,100,436.63,458.0,0,0.0,0.0,,0.0,1,4.11,3.81,SPY220715C00485000,485.0,normalDay
2022-03-01,8766.0,-2729.0,0.0,100,429.98,458.0,0,0.0,0.0,,0.0,1,4.11,3.38,SPY220715C00485000,485.0,normalDay
2022-03-02,8766.0,-2001.0,0.0,100,437.89,458.0,0,0.0,0.0,,0.0,1,4.11,4.01,SPY220715C00485000,485.0,normalDay
2022-03-03,8766.0,-2179.0,0.0,100,435.71,458.0,0,0.0,0.0,,0.0,1,4.11,3.61,SPY220715C00485000,485.0,normalDay
2022-03-04,8766.0,-2486.0,0.0,100,432.17,458.0,0,0.0,0.0,,0.0,1,4.11,3.14,SPY220715C00485000,485.0,normalDay
2022-03-07,8766.0,-3662.0,0.0,100,419.43,458.0,0,0.0,0.0,,0.0,1,4.11,2.16,SPY220715C00485000,485.0,normalDay
2022-03-08,8766.0,-3936.0,0.0,100,416.25,458.0,0,0.0,0.0,,0.0,1,4.11,1.72,SPY220715C00485000,485.0,normalDay
2022-03-09,8766.0,-2932.0,0.0,100,427.41,458.0,0,0.0,0.0,,0.0,1,4.11,2.84,SPY220715C00485000,485.0,normalDay
2022-03-10,8766.0,-3061.0,0.0,100,425.48,458.0,0,0.0,0.0,,0.0,1,4.11,2.2,SPY220715C00485000,485.0,normalDay
2022-03-11,8766.0,-3551.0,0.0,100,420.07,458.0,0,0.0,0.0,,0.0,1,4.11,1.69,SPY220715C00485000,485.0,normalDay
2022-03-14,8766.0,-3842.0,0.0,100,417.0,458.0,0,0.0,0.0,,0.0,1,4.11,1.53,SPY220715C00485000,485.0,normalDay
2022-03-15,8766.0,-2983.0,0.0,100,426.17,458.0,0,0.0,0.0,,0.0,1,4.11,2.11,SPY220715C00485000,485.0,normalDay
2022-03-16,8766.0,-2090.0,0.0,100,435.62,458.0,0,0.0,0.0,,0.0,1,4.11,2.63,SPY220715C00485000,485.0,normalDay
2022-03-17,8766.0,-1574.0,0.0,100,441.07,458.0,0,0.0,0.0,,0.0,1,4.11,2.92,SPY220715C00485000,485.0,normalDay
2022-03-18,8766.0,-1270.0,0.0,100,444.52,458.0,0,0.0,0.0,,0.0,1,4.11,3.33,SPY220715C00485000,485.0,normalDay
2022-03-21,8766.0,-1261.0,0.0,100,444.39,458.0,0,0.0,0.0,,0.0,1,4.11,3.11,SPY220715C00485000,485.0,normalDay
2022-03-22,8766.0,-829.0,0.0,100,449.59,458.0,0,0.0,0.0,,0.0,1,4.11,3.99,SPY220715C00485000,485.0,normalDay
2022-03-23,8766.0,-1293.0,0.0,100,443.8,458.0,0,0.0,0.0,,0.0,1,4.11,2.84,SPY220715C00485000,485.0,normalDay
2022-03-24,8766.0,-724.0,0.0,100,450.49,458.0,0,0.0,0.0,,0.0,1,4.11,3.84,SPY220715C00485000,485.0,normalDay
2022-03-25,8766.0,-534.0,0.0,100,452.69,458.0,0,0.0,0.0,,0.0,1,4.11,4.14,SPY220715C00485000,485.0,normalDay
2022-03-28,8766.0,-257.0,0.0,100,455.91,458.0,0,0.0,0.0,,0.0,1,4.11,4.59,SPY220715C00485000,485.0,normalDay
2022-03-29,8766.0,184.0,0.0,100,461.55,458.0,0,0.0,0.0,,0.0,1,4.11,5.82,SPY220715C00485000,485.0,normalDay
2022-03-30,8766.0,-49.0,0.0,100,458.7,458.0,0,0.0,0.0,,0.0,1,4.11,5.3,SPY220715C00485000,485.0,normalDay
2022-03-31,8766.0,-607.0,0.0,100,451.64,458.0,0,0.0,0.0,,0.0,1,4.11,3.82,SPY220715C00485000,485.0,normalDay
2022-04-01,8766.0,-447.0,0.0,100,452.92,458.0,0,0.0,0.0,,0.0,1,4.11,3.5,SPY220715C00485000,485.0,normalDay
2022-04-04,8766.0,-102.0,0.0,100,456.8,458.0,0,0.0,0.0,,0.0,1,4.11,3.93,SPY220715C00485000,485.0,normalDay
2022-04-05,8766.0,-600.0,0.0,100,451.03,458.0,0,0.0,0.0,,0.0,1,4.11,3.14,SPY220715C00485000,485.0,normalDay
2022-04-06,8766.0,-975.0,0.0,100,446.52,458.0,0,0.0,0.0,,0.0,1,4.11,2.38,SPY220715C00485000,485.0,normalDay
2022-04-07,8766.0,-776.0,0.0,100,448.77,458.0,0,0.0,0.0,,0.0,1,4.11,2.64,SPY220715C00485000,485.0,normalDay
2022-04-08,8766.0,-867.0,0.0,100,447.57,458.0,0,0.0,0.0,,0.0,1,4.11,2.35,SPY220715C00485000,485.0,normalDay
2022-04-11,8766.0,-1553.0,0.0,100,439.92,458.0,0,0.0,0.0,,0.0,1,4.11,1.56,SPY220715C00485000,485.0,normalDay
2022-04-12,8766.0,-1702.0,0.0,100,438.29,458.0,0,0.0,0.0,,0.0,1,4.11,1.42,SPY220715C00485000,485.0,normalDay
2022-04-13,8766.0,-1219.0,0.0,100,443.31,458.0,0,0.0,0.0,,0.0,1,4.11,1.61,SPY220715C00485000,485.0,normalDay
2022-04-14,8766.0,-1729.0,0.0,100,437.79,458.0,0,0.0,0.0,,0.0,1,4.11,1.19,SPY220715C00485000,485.0,normalDay
2022-04-18,8766.0,-1701.0,0.0,100,437.97,458.0,0,0.0,0.0,,0.0,1,4.11,1.09,SPY220715C00485000,485.0,normalDay
2022-04-19,8766.0,-1025.0,0.0,100,445.04,458.0,0,0.0,0.0,,0.0,1,4.11,1.4,SPY220715C00485000,485.0,normalDay
2022-04-20,8766.0,-1072.0,0.0,100,444.71,458.0,0,0.0,0.0,,0.0,1,4.11,1.54,SPY220715C00485000,485.0,normalDay
2022-04-21,8766.0,-1681.0,0.0,100,438.06,458.0,0,0.0,0.0,,0.0,1,4.11,0.98,SPY220715C00485000,485.0,normalDay
2022-04-22,8766.0,-2839.0,0.0,100,426.04,458.0,0,0.0,0.0,,0.0,1,4.11,0.54,SPY220715C00485000,485.0,normalDay
2022-04-25,8766.0,-2592.0,0.0,100,428.51,458.0,0,0.0,0.0,,0.0,1,4.11,0.54,SPY220715C00485000,485.0,normalDay
2022-04-26,8766.0,-3811.0,0.0,100,416.1,458.0,0,0.0,0.0,,0.0,1,4.11,0.32,SPY220715C00485000,485.0,normalDay
2022-04-27,8766.0,-3697.0,0.0,100,417.27,458.0,0,0.0,0.0,,0.0,1,4.11,0.35,SPY220715C00485000,485.0,normalDay
2022-04-28,8766.0,-2664.0,0.0,100,427.81,458.0,0,0.0,0.0,,0.0,1,4.11,0.56,SPY220715C00485000,485.0,normalDay
2022-04-29,8766.0,-4221.0,0.0,100,412.0,458.0,0,0.0,0.0,,0.0,1,4.11,0.32,SPY220715C00485000,485.0,normalDay
2022-05-02,8766.0,-3976.0,0.0,100,414.48,458.0,0,0.0,0.0,,0.0,1,4.11,0.35,SPY220715C00485000,485.0,normalDay
2022-05-03,8766.0,-3777.0,0.0,100,416.38,458.0,0,0.0,0.0,,0.0,1,4.11,0.26,SPY220715C00485000,485.0,normalDay
2022-05-04,8766.0,-2527.0,0.0,100,429.06,458.0,0,0.0,0.0,,0.0,1,4.11,0.44,SPY220715C00485000,485.0,normalDay
2022-05-05,8766.0,-4033.0,0.0,100,413.81,458.0,0,0.0,0.0,,0.0,1,4.11,0.25,SPY220715C00485000,485.0,normalDay
2022-05-06,8766.0,-4273.0,0.0,100,411.34,458.0,0,0.0,0.0,,0.0,1,4.11,0.18,SPY220715C00485000,485.0,normalDay
2022-05-09,8766.0,-5587.0,0.0,100,398.17,458.0,0,0.0,0.0,,0.0,1,4.11,0.15,SPY220715C00485000,485.0,normalDay
2022-05-10,8766.0,-5491.0,0.0,100,399.09,458.0,0,0.0,0.0,,0.0,1,4.11,0.11,SPY220715C00485000,485.0,normalDay
2022-05-11,8766.0,-6124.0,0.0,100,392.75,458.0,0,0.0,0.0,,0.0,1,4.11,0.1,SPY220715C00485000,485.0,normalDay
2022-05-12,8766.0,-6164.0,0.0,100,392.34,458.0,0,0.0,0.0,,0.0,1,4.11,0.09,SPY220715C00485000,485.0,normalDay
2022-05-13,8766.0,-5225.0,0.0,100,401.72,458.0,0,0.0,0.0,,0.0,1,4.11,0.08,SPY220715C00485000,485.0,normalDay
2022-05-16,8766.0,-5385.0,0.0,100,400.09,458.0,0,0.0,0.0,,0.0,1,4.11,0.05,SPY220715C00485000,485.0,normalDay
2022-05-17,8766.0,-4564.0,0.0,100,408.32,458.0,0,0.0,0.0,,0.0,1,4.11,0.07,SPY220715C00485000,485.0,normalDay
2022-05-18,8766.0,-6207.0,0.0,100,391.86,458.0,0,0.0,0.0,,0.0,1,4.11,0.04,SPY220715C00485000,485.0,normalDay
2022-05-19,8766.0,-6447.0,0.0,100,389.46,458.0,0,0.0,0.0,,0.0,1,4.11,0.04,SPY220715C00485000,485.0,normalDay
2022-05-20,8766.0,-6431.0,0.0,100,389.63,458.0,0,0.0,0.0,,0.0,1,4.11,0.05,SPY220715C00485000,485.0,normalDay
2022-05-23,8766.0,-5703.0,0.0,100,396.92,458.0,0,0.0,0.0,,0.0,1,4.11,0.06,SPY220715C00485000,485.0,normalDay
2022-05-24,8766.0,-6007.0,0.0,100,393.89,458.0,0,0.0,0.0,,0.0,1,4.11,0.07,SPY220715C00485000,485.0,normalDay
2022-05-25,8766.0,-5659.0,0.0,100,397.37,458.0,0,0.0,0.0,,0.0,1,4.11,0.07,SPY220715C00485000,485.0,normalDay
2022-05-26,8766.0,-4867.0,0.0,100,405.31,458.0,0,0.0,0.0,,0.0,1,4.11,0.09,SPY220715C00485000,485.0,normalDay
2022-05-27,8766.0,-3876.0,0.0,100,415.26,458.0,0,0.0,0.0,,0.0,1,4.11,0.13,SPY220715C00485000,485.0,normalDay
2022-05-31,8766.0,-4104.0,0.0,100,412.93,458.0,0,0.0,0.0,,0.0,1,4.11,0.08,SPY220715C00485000,485.0,normalDay
2022-06-01,8766.0,-4436.0,0.0,100,409.59,458.0,0,0.0,0.0,,0.0,1,4.11,0.06,SPY220715C00485000,485.0,normalDay
2022-06-02,8766.0,-3658.0,0.0,100,417.39,458.0,0,0.0,0.0,,0.0,1,4.11,0.08,SPY220715C00485000,485.0,normalDay
2022-06-03,8766.0,-4341.0,0.0,100,410.54,458.0,0,0.0,0.0,,0.0,1,4.11,0.06,SPY220715C00485000,485.0,normalDay
2022-06-06,8766.0,-4215.0,0.0,100,411.79,458.0,0,0.0,0.0,,0.0,1,4.11,0.05,SPY220715C00485000,485.0,normalDay
2022-06-07,8766.0,-3820.0,0.0,100,415.74,458.0,0,0.0,0.0,,0.0,1,4.11,0.05,SPY220715C00485000,485.0,normalDay
2022-06-08,8766.0,-4271.0,0.0,100,411.22,458.0,0,0.0,0.0,,0.0,1,4.11,0.04,SPY220715C00485000,485.0,normalDay
2022-06-09,8766.0,-5248.0,0.0,100,401.44,458.0,0,0.0,0.0,,0.0,1,4.11,0.03,SPY220715C00485000,485.0,normalDay
2022-06-10,8766.0,-6411.0,0.0,100,389.8,458.0,0,0.0,0.0,,0.0,1,4.11,0.02,SPY220715C00485000,485.0,normalDay
2022-06-13,8766.0,-7892.0,0.0,100,375.0,458.0,0,0.0,0.0,,0.0,1,4.11,0.03,SPY220715C00485000,485.0,normalDay
2022-06-14,8766.0,-8005.0,0.0,100,373.87,458.0,0,0.0,0.0,,0.0,1,4.11,0.03,SPY220715C00485000,485.0,normalDay
2022-06-15,8766.0,-7471.0,0.0,100,379.2,458.0,0,0.0,0.0,,0.0,1,4.11,0.02,SPY220715C00485000,485.0,normalDay
2022-06-16,8766.0,-8726.0,0.0,100,366.65,458.0,0,0.0,0.0,,0.0,1,4.11,0.02,SPY220715C00485000,485.0,normalDay
2022-06-17,8766.0,-8805.0,0.0,100,365.86,458.0,0,0.0,0.0,,0.0,1,4.11,0.02,SPY220715C00485000,485.0,normalDay
2022-06-21,8766.0,-7884.0,0.0,100,375.07,458.0,0,0.0,0.0,,0.0,1,4.11,0.02,SPY220715C00485000,485.0,normalDay
2022-06-22,8766.0,-7952.0,0.0,100,374.39,458.0,0,0.0,0.0,,0.0,1,4.11,0.02,SPY220715C00485000,485.0,normalDay
2022-06-23,8766.0,-7584.0,0.0,100,378.06,458.0,0,0.0,0.0,,0.0,1,4.11,0.01,SPY220715C00485000,485.0,normalDay
2022-06-24,8766.0,-6383.0,0.0,100,390.08,458.0,0,0.0,0.0,,0.0,1,4.11,0.02,SPY220715C00485000,485.0,normalDay
2022-06-27,8766.0,-6532.0,0.0,100,388.59,458.0,0,0.0,0.0,,0.0,1,4.11,0.02,SPY220715C00485000,485.0,normalDay
2022-06-28,8766.0,-7325.0,0.0,100,380.65,458.0,0,0.0,0.0,,0.0,1,4.11,0.01,SPY220715C00485000,485.0,normalDay
2022-06-29,8766.0,-7356.0,0.0,100,380.34,458.0,0,0.0,0.0,,0.0,1,4.11,0.01,SPY220715C00485000,485.0,normalDay
2022-06-30,8766.0,-7665.0,0.0,100,377.25,458.0,0,0.0,0.0,,0.0,1,4.11,0.01,SPY220715C00485000,485.0,normalDay
2022-07-01,8766.0,-7266.0,0.0,100,381.24,458.0,0,0.0,0.0,,0.0,1,4.11,0.01,SPY220715C00485000,485.0,normalDay
2022-07-05,8766.0,-7194.0,0.0,100,381.96,458.0,0,0.0,0.0,,0.0,1,4.11,0.01,SPY220715C00485000,485.0,normalDay
2022-07-06,8766.0,-7065.0,0.0,100,383.25,458.0,0,0.0,0.0,,0.0,1,4.11,0.01,SPY220715C00485000,485.0,normalDay
2022-07-07,8766.0,-6491.0,0.0,100,388.99,458.0,0,0.0,0.0,,0.0,1,4.11,0.01,SPY220715C00485000,485.0,normalDay
2022-07-08,8766.0,-6523.0,0.0,100,388.67,458.0,0,0.0,0.0,,0.0,1,4.11,0.01,SPY220715C00485000,485.0,normalDay
2022-07-11,8766.0,-6967.0,0.0,100,384.23,458.0,0,0.0,0.0,,0.0,1,4.11,0.01,SPY220715C00485000,485.0,normalDay
2022-07-12,8766.0,-7307.0,0.0,100,380.83,458.0,0,0.0,0.0,,0.0,1,4.11,0.01,SPY220715C00485000,485.0,normalDay
2022-07-13,8766.0,-7507.0,0.0,100,378.83,458.0,0,0.0,0.0,,0.0,1,4.11,0.01,SPY220715C00485000,485.0,normalDay
2022-07-14,8766.0,-7599.0,0.0,100,377.91,458.0,0,0.0,0.0,,0.0,1,4.11,0.01,SPY220715C00485000,485.0,normalDay
2022-07-15,9177.0,-7287.0,411.0,100,385.13,458.0,0,0.0,0.0,,0.0,1,4.11,0.0,SPY220715C00485000,485.0,expirationDay
2022-07-18,9177.0,-7619.0,0.0,100,381.95,458.0,0,0.0,0.0,,0.0,1,23.04,23.18,SPY230120C00390000,390.0,normalDay
2022-07-19,9177.0,-7202.0,0.0,100,392.27,458.0,0,0.0,0.0,,0.0,1,23.04,29.33,SPY230120C00390000,390.0,normalDay
2022-07-20,9177.0,-7079.0,0.0,100,394.77,458.0,0,0.0,0.0,,0.0,1,23.04,30.6,SPY230120C00390000,390.0,normalDay
2022-07-21,9177.0,-6885.0,0.0,100,398.79,458.0,0,0.0,0.0,,0.0,1,23.04,32.68,SPY230120C00390000,390.0,normalDay
2022-07-22,9177.0,-6985.0,0.0,100,395.09,458.0,0,0.0,0.0,,0.0,1,23.04,29.98,SPY230120C00390000,390.0,normalDay
2022-07-25,9177.0,-7006.0,0.0,100,395.57,458.0,0,0.0,0.0,,0.0,1,23.04,30.67,SPY230120C00390000,390.0,normalDay
2022-07-26,9177.0,-7218.0,0.0,100,390.89,458.0,0,0.0,0.0,,0.0,1,23.04,28.11,SPY230120C00390000,390.0,normalDay
2022-07-27,9177.0,-6703.0,0.0,100,401.04,458.0,0,0.0,0.0,,0.0,1,23.04,33.11,SPY230120C00390000,390.0,normalDay
2022-07-28,9177.0,-6627.0,0.0,100,406.07,458.0,0,0.0,0.0,,0.0,1,23.04,37.38,SPY230120C00390000,390.0,normalDay
2022-07-29,9177.0,-6343.0,0.0,100,411.99,458.0,0,0.0,0.0,,0.0,1,23.04,40.46,SPY230120C00390000,390.0,normalDay
2022-08-01,9177.0,-6434.0,0.0,100,410.77,458.0,0,0.0,0.0,,0.0,1,23.04,40.15,SPY230120C00390000,390.0,normalDay
2022-08-02,9177.0,-6533.0,0.0,100,408.06,458.0,0,0.0,0.0,,0.0,1,23.04,38.43,SPY230120C00390000,390.0,normalDay
2022-08-03,9177.0,-6262.0,0.0,100,414.45,458.0,0,0.0,0.0,,0.0,1,23.04,42.11,SPY230120C00390000,390.0,normalDay
2022-08-04,9177.0,-6304.0,0.0,100,414.17,458.0,0,0.0,0.0,,0.0,1,23.04,42.25,SPY230120C00390000,390.0,normalDay
2022-08-05,9177.0,-6275.0,0.0,100,413.47,458.0,0,0.0,0.0,,0.0,1,23.04,41.26,SPY230120C00390000,390.0,normalDay
2022-08-08,9177.0,-6315.0,0.0,100,412.99,458.0,0,0.0,0.0,,0.0,1,23.04,41.18,SPY230120C00390000,390.0,normalDay
2022-08-09,9177.0,-6373.0,0.0,100,411.35,458.0,0,0.0,0.0,,0.0,1,23.04,40.12,SPY230120C00390000,390.0,normalDay
2022-08-10,9177.0,-6059.0,0.0,100,419.99,458.0,0,0.0,0.0,,0.0,1,23.04,45.62,SPY230120C00390000,390.0,normalDay
2022-08-11,9177.0,-6108.0,0.0,100,419.99,458.0,0,0.0,0.0,,0.0,1,23.04,46.11,SPY230120C00390000,390.0,normalDay
2022-08-12,9177.0,-5850.0,0.0,100,427.1,458.0,0,0.0,0.0,,0.0,1,23.04,50.64,SPY230120C00390000,390.0,normalDay
2022-08-15,9177.0,-5818.0,0.0,100,428.86,458.0,0,0.0,0.0,,0.0,1,23.04,52.08,SPY230120C00390000,390.0,normalDay
2022-08-16,9177.0,-5786.0,0.0,100,429.7,458.0,0,0.0,0.0,,0.0,1,23.04,52.6,SPY230120C00390000,390.0,normalDay
2022-08-17,9177.0,-5908.0,0.0,100,426.65,458.0,0,0.0,0.0,,0.0,1,23.04,50.77,SPY230120C00390000,390.0,normalDay
2022-08-18,9177.0,-5819.0,0.0,100,427.89,458.0,0,0.0,0.0,,0.0,1,23.04,51.12,SPY230120C00390000,390.0,normalDay
2022-08-19,9177.0,-5983.0,0.0,100,422.14,458.0,0,0.0,0.0,,0.0,1,23.04,47.01,SPY230120C00390000,390.0,normalDay
2022-08-22,9177.0,-6260.0,0.0,100,413.35,458.0,0,0.0,0.0,,0.0,1,23.04,40.99,SPY230120C00390000,390.0,normalDay
2022-08-23,9177.0,-6216.0,0.0,100,412.35,458.0,0,0.0,0.0,,0.0,1,23.04,39.55,SPY230120C00390000,390.0,normalDay
2022-08-24,9177.0,-6145.0,0.0,100,413.67,458.0,0,0.0,0.0,,0.0,1,23.04,40.16,SPY230120C00390000,390.0,normalDay
2022-08-25,9177.0,-5929.0,0.0,100,419.51,458.0,0,0.0,0.0,,0.0,1,23.04,43.84,SPY230120C00390000,390.0,normalDay
2022-08-26,9177.0,-6405.0,0.0,100,405.31,458.0,0,0.0,0.0,,0.0,1,23.04,34.4,SPY230120C00390000,390.0,normalDay
2022-08-29,9177.0,-6493.0,0.0,100,402.63,458.0,0,0.0,0.0,,0.0,1,23.04,32.6,SPY230120C00390000,390.0,normalDay
2022-08-30,9177.0,-6634.0,0.0,100,398.21,458.0,0,0.0,0.0,,0.0,1,23.04,29.59,SPY230120C00390000,390.0,normalDay
2022-08-31,9177.0,-6725.0,0.0,100,395.18,458.0,0,0.0,0.0,,0.0,1,23.04,27.47,SPY230120C00390000,390.0,normalDay
2022-09-01,9177.0,-6624.0,0.0,100,396.42,458.0,0,0.0,0.0,,0.0,1,23.04,27.7,SPY230120C00390000,390.0,normalDay
2022-09-02,9177.0,-6790.0,0.0,100,392.24,458.0,0,0.0,0.0,,0.0,1,23.04,25.18,SPY230120C00390000,390.0,normalDay
2022-09-06,9177.0,-6805.0,0.0,100,390.76,458.0,0,0.0,0.0,,0.0,1,23.04,23.85,SPY230120C00390000,390.0,normalDay
2022-09-07,9177.0,-6488.0,0.0,100,397.78,458.0,0,0.0,0.0,,0.0,1,23.04,27.7,SPY230120C00390000,390.0,normalDay
2022-09-08,9177.0,-6390.0,0.0,100,400.38,458.0,0,0.0,0.0,,0.0,1,23.04,29.32,SPY230120C00390000,390.0,normalDay
2022-09-09,9177.0,-6127.0,0.0,100,406.6,458.0,0,0.0,0.0,,0.0,1,23.04,32.91,SPY230120C00390000,390.0,normalDay
2022-09-12,9177.0,-6042.0,0.0,100,410.97,458.0,0,0.0,0.0,,0.0,1,23.04,36.43,SPY230120C00390000,390.0,normalDay
2022-09-13,9177.0,-6742.0,0.0,100,393.1,458.0,0,0.0,0.0,,0.0,1,23.04,25.56,SPY230120C00390000,390.0,normalDay
2022-09-14,9177.0,-6605.0,0.0,100,394.6,458.0,0,0.0,0.0,,0.0,1,23.04,25.69,SPY230120C00390000,390.0,normalDay
2022-09-15,9177.0,-6816.0,0.0,100,390.12,458.0,0,0.0,0.0,,0.0,1,23.04,23.32,SPY230120C00390000,390.0,normalDay
2022-09-16,9177.0,-7066.0,0.0,100,385.56,458.0,0,0.0,0.0,,0.0,1,23.04,21.26,SPY230120C00390000,390.0,normalDay
2022-09-19,9177.0,-6890.0,0.0,100,388.55,458.0,0,0.0,0.0,,0.0,1,23.04,22.49,SPY230120C00390000,390.0,normalDay
2022-09-20,9177.0,-7110.0,0.0,100,384.09,458.0,0,0.0,0.0,,0.0,1,23.04,20.23,SPY230120C00390000,390.0,normalDay
2022-09-21,9177.0,-7423.0,0.0,100,377.39,458.0,0,0.0,0.0,,0.0,1,23.04,16.66,SPY230120C00390000,390.0,normalDay
2022-09-22,9177.0,-7545.0,0.0,100,374.22,458.0,0,0.0,0.0,,0.0,1,23.04,14.71,SPY230120C00390000,390.0,normalDay
2022-09-23,9177.0,-7924.0,0.0,100,367.95,458.0,0,0.0,0.0,,0.0,1,23.04,12.23,SPY230120C00390000,390.0,normalDay
2022-09-26,9177.0,-8151.0,0.0,100,364.31,458.0,0,0.0,0.0,,0.0,1,23.04,10.86,SPY230120C00390000,390.0,normalDay
2022-09-27,9177.0,-8213.0,0.0,100,363.38,458.0,0,0.0,0.0,,0.0,1,23.04,10.55,SPY230120C00390000,390.0,normalDay
2022-09-28,9177.0,-7731.0,0.0,100,370.53,458.0,0,0.0,0.0,,0.0,1,23.04,12.88,SPY230120C00390000,390.0,normalDay
2022-09-29,9177.0,-8201.0,0.0,100,362.79,458.0,0,0.0,0.0,,0.0,1,23.04,9.84,SPY230120C00390000,390.0,normalDay
2022-09-30,9177.0,-8562.0,0.0,100,357.18,458.0,0,0.0,0.0,,0.0,1,23.04,7.84,SPY230120C00390000,390.0,normalDay
2022-10-03,9177.0,-7898.0,0.0,100,366.61,458.0,0,0.0,0.0,,0.0,1,23.04,10.63,SPY230120C00390000,390.0,normalDay
2022-10-04,9177.0,-7228.0,0.0,100,377.97,458.0,0,0.0,0.0,,0.0,1,23.04,15.29,SPY230120C00390000,390.0,normalDay
2022-10-05,9177.0,-7284.0,0.0,100,377.09,458.0,0,0.0,0.0,,0.0,1,23.04,14.97,SPY230120C00390000,390.0,normalDay
2022-10-06,9177.0,-7510.0,0.0,100,373.2,458.0,0,0.0,0.0,,0.0,1,23.04,13.34,SPY230120C00390000,390.0,normalDay
2022-10-07,9177.0,-8112.0,0.0,100,362.79,458.0,0,0.0,0.0,,0.0,1,23.04,8.95,SPY230120C00390000,390.0,normalDay
2022-10-10,9177.0,-8343.0,0.0,100,360.02,458.0,0,0.0,0.0,,0.0,1,23.04,8.49,SPY230120C00390000,390.0,normalDay
2022-10-11,9177.0,-8513.0,0.0,100,357.74,458.0,0,0.0,0.0,,0.0,1,23.04,7.91,SPY230120C00390000,390.0,normalDay
2022-10-12,9177.0,-8595.0,0.0,100,356.56,458.0,0,0.0,0.0,,0.0,1,23.04,7.55,SPY230120C00390000,390.0,normalDay
2022-10-13,9177.0,-7956.0,0.0,100,365.97,458.0,0,0.0,0.0,,0.0,1,23.04,10.57,SPY230120C00390000,390.0,normalDay
2022-10-14,9177.0,-8488.0,0.0,100,357.63,458.0,0,0.0,0.0,,0.0,1,23.04,7.55,SPY230120C00390000,390.0,normalDay
2022-10-17,9177.0,-7882.0,0.0,100,366.82,458.0,0,0.0,0.0,,0.0,1,23.04,10.68,SPY230120C00390000,390.0,normalDay
2022-10-18,9177.0,-7617.0,0.0,100,371.13,458.0,0,0.0,0.0,,0.0,1,23.04,12.34,SPY230120C00390000,390.0,normalDay
2022-10-19,9177.0,-7720.0,0.0,100,368.5,458.0,0,0.0,0.0,,0.0,1,23.04,10.74,SPY230120C00390000,390.0,normalDay
2022-10-20,9177.0,-7899.0,0.0,100,365.41,458.0,0,0.0,0.0,,0.0,1,23.04,9.44,SPY230120C00390000,390.0,normalDay
2022-10-21,9177.0,-7371.0,0.0,100,374.29,458.0,0,0.0,0.0,,0.0,1,23.04,13.04,SPY230120C00390000,390.0,normalDay
2022-10-24,9177.0,-7105.0,0.0,100,378.87,458.0,0,0.0,0.0,,0.0,1,23.04,14.96,SPY230120C00390000,390.0,normalDay
2022-10-25,9177.0,-6672.0,0.0,100,384.92,458.0,0,0.0,0.0,,0.0,1,23.04,16.68,SPY230120C00390000,390.0,normalDay
2022-10-26,9177.0,-6874.0,0.0,100,382.02,458.0,0,0.0,0.0,,0.0,1,23.04,15.8,SPY230120C00390000,390.0,normalDay
2022-10-27,9177.0,-6728.0,0.0,100,379.98,458.0,0,0.0,0.0,,0.0,1,23.04,12.3,SPY230120C00390000,390.0,normalDay
2022-10-28,9177.0,-6449.0,0.0,100,389.02,458.0,0,0.0,0.0,,0.0,1,23.04,18.55,SPY230120C00390000,390.0,normalDay
2022-10-31,9177.0,-6533.0,0.0,100,386.21,458.0,0,0.0,0.0,,0.0,1,23.04,16.58,SPY230120C00390000,390.0,normalDay
2022-11-01,9177.0,-6566.0,0.0,100,384.52,458.0,0,0.0,0.0,,0.0,1,23.04,15.22,SPY230120C00390000,390.0,normalDay
2022-11-02,9177.0,-7069.0,0.0,100,374.87,458.0,0,0.0,0.0,,0.0,1,23.04,10.6,SPY230120C00390000,390.0,normalDay
2022-11-03,9177.0,-7279.0,0.0,100,371.01,458.0,0,0.0,0.0,,0.0,1,23.04,8.84,SPY230120C00390000,390.0,normalDay
2022-11-04,9177.0,-6929.0,0.0,100,376.35,458.0,0,0.0,0.0,,0.0,1,23.04,10.68,SPY230120C00390000,390.0,normalDay
2022-11-07,9177.0,-6689.0,0.0,100,379.95,458.0,0,0.0,0.0,,0.0,1,23.04,11.88,SPY230120C00390000,390.0,normalDay
2022-11-08,9177.0,-6577.0,0.0,100,382.0,458.0,0,0.0,0.0,,0.0,1,23.04,12.81,SPY230120C00390000,390.0,normalDay
2022-11-09,9177.0,-7048.0,0.0,100,374.13,458.0,0,0.0,0.0,,0.0,1,23.04,9.65,SPY230120C00390000,390.0,normalDay
2022-11-10,9177.0,-6000.0,0.0,100,394.69,458.0,0,0.0,0.0,,0.0,1,23.04,19.73,SPY230120C00390000,390.0,normalDay
2022-11-11,9177.0,-5772.0,0.0,100,398.51,458.0,0,0.0,0.0,,0.0,1,23.04,21.27,SPY230120C00390000,390.0,normalDay
2022-11-14,9177.0,-5919.0,0.0,100,395.12,458.0,0,0.0,0.0,,0.0,1,23.04,19.35,SPY230120C00390000,390.0,normalDay
2022-11-15,9177.0,-5771.0,0.0,100,398.49,458.0,0,0.0,0.0,,0.0,1,23.04,21.24,SPY230120C00390000,390.0,normalDay
2022-11-16,9177.0,-5847.0,0.0,100,395.45,458.0,0,0.0,0.0,,0.0,1,23.04,18.96,SPY230120C00390000,390.0,normalDay
2022-11-17,9177.0,-5854.0,0.0,100,394.24,458.0,0,0.0,0.0,,0.0,1,23.04,17.82,SPY230120C00390000,390.0,normalDay
2022-11-18,9177.0,-5720.0,0.0,100,396.03,458.0,0,0.0,0.0,,0.0,1,23.04,18.27,SPY230120C00390000,390.0,normalDay
2022-11-21,9177.0,-5730.0,0.0,100,394.59,458.0,0,0.0,0.0,,0.0,1,23.04,16.93,SPY230120C00390000,390.0,normalDay
2022-11-22,9177.0,-5475.0,0.0,100,399.9,458.0,0,0.0,0.0,,0.0,1,23.04,19.69,SPY230120C00390000,390.0,normalDay
2022-11-23,9177.0,-5362.0,0.0,100,402.42,458.0,0,0.0,0.0,,0.0,1,23.04,21.08,SPY230120C00390000,390.0,normalDay
2022-11-25,9177.0,-5543.0,0.0,100,402.33,458.0,0,0.0,0.0,,0.0,1,23.04,22.8,SPY230120C00390000,390.0,normalDay
2022-11-28,9177.0,-5589.0,0.0,100,395.91,458.0,0,0.0,0.0,,0.0,1,23.04,16.84,SPY230120C00390000,390.0,normalDay
2022-11-29,9177.0,-5573.0,0.0,100,395.23,458.0,0,0.0,0.0,,0.0,1,23.04,16.0,SPY230120C00390000,390.0,normalDay
2022-11-30,9177.0,-5177.0,0.0,100,407.68,458.0,0,0.0,0.0,,0.0,1,23.04,24.49,SPY230120C00390000,390.0,normalDay
2022-12-01,9177.0,-5106.0,0.0,100,407.38,458.0,0,0.0,0.0,,0.0,1,23.04,23.48,SPY230120C00390000,390.0,normalDay
2022-12-02,9177.0,-5065.0,0.0,100,406.91,458.0,0,0.0,0.0,,0.0,1,23.04,22.6,SPY230120C00390000,390.0,normalDay
2022-12-05,9177.0,-5306.0,0.0,100,399.59,458.0,0,0.0,0.0,,0.0,1,23.04,17.69,SPY230120C00390000,390.0,normalDay
2022-12-06,9177.0,-5552.0,0.0,100,393.83,458.0,0,0.0,0.0,,0.0,1,23.04,14.39,SPY230120C00390000,390.0,normalDay
2022-12-07,9177.0,-5583.0,0.0,100,393.16,458.0,0,0.0,0.0,,0.0,1,23.04,14.03,SPY230120C00390000,390.0,normalDay
2022-12-08,9177.0,-5424.0,0.0,100,396.24,458.0,0,0.0,0.0,,0.0,1,23.04,15.52,SPY230120C00390000,390.0,normalDay
2022-12-09,9177.0,-5540.0,0.0,100,393.28,458.0,0,0.0,0.0,,0.0,1,23.04,13.72,SPY230120C00390000,390.0,normalDay
2022-12-12,9177.0,-5312.0,0.0,100,398.95,458.0,0,0.0,0.0,,0.0,1,23.04,17.11,SPY230120C00390000,390.0,normalDay
2022-12-13,9177.0,-5139.0,0.0,100,401.97,458.0,0,0.0,0.0,,0.0,1,23.04,18.4,SPY230120C00390000,390.0,normalDay
2022-12-14,9177.0,-5183.0,0.0,100,399.4,458.0,0,0.0,0.0,,0.0,1,23.04,16.27,SPY230120C00390000,390.0,normalDay
2022-12-15,9177.0,-5512.0,0.0,100,389.63,458.0,0,0.0,0.0,,0.0,1,23.04,9.79,SPY230120C00390000,390.0,normalDay
2022-12-16,9177.0,-5888.0,0.0,100,383.27,458.0,0,0.0,0.0,,0.0,1,23.04,7.19,SPY230120C00390000,390.0,normalDay
2022-12-19,9177.0,-6027.0,0.0,100,380.02,458.0,0,0.0,0.0,,0.0,1,23.04,5.33,SPY230120C00390000,390.0,normalDay
2022-12-20,9177.0,-5972.0,0.0,100,380.54,458.0,0,0.0,0.0,,0.0,1,23.04,5.3,SPY230120C00390000,390.0,normalDay
2022-12-21,9177.0,-5600.0,0.0,100,386.23,458.0,0,0.0,0.0,,0.0,1,23.04,7.27,SPY230120C00390000,390.0,normalDay
2022-12-22,9177.0,-5941.0,0.0,100,380.72,458.0,0,0.0,0.0,,0.0,1,23.04,5.17,SPY230120C00390000,390.0,normalDay
2022-12-23,9177.0,-5759.0,0.0,100,382.91,458.0,0,0.0,0.0,,0.0,1,23.04,5.54,SPY230120C00390000,390.0,normalDay
2022-12-27,9177.0,-5834.0,0.0,100,381.4,458.0,0,0.0,0.0,,0.0,1,23.04,4.78,SPY230120C00390000,390.0,normalDay
2022-12-28,9177.0,-6148.0,0.0,100,376.66,458.0,0,0.0,0.0,,0.0,1,23.04,3.18,SPY230120C00390000,390.0,normalDay
2022-12-29,9177.0,-5659.0,0.0,100,383.44,458.0,0,0.0,0.0,,0.0,1,23.04,5.07,SPY230120C00390000,390.0,normalDay
2022-12-30,9177.0,-5716.0,0.0,100,382.43,458.0,0,0.0,0.0,,0.0,1,23.04,4.63,SPY230120C00390000,390.0,normalDay
2023-01-03,9177.0,-5755.0,0.0,100,380.82,458.0,0,0.0,0.0,,0.0,1,23.04,3.41,SPY230120C00390000,390.0,normalDay
2023-01-04,9177.0,-5543.0,0.0,100,383.76,458.0,0,0.0,0.0,,0.0,1,23.04,4.23,SPY230120C00390000,390.0,normalDay
2023-01-05,9177.0,-5824.0,0.0,100,379.38,458.0,0,0.0,0.0,,0.0,1,23.04,2.66,SPY230120C00390000,390.0,normalDay
2023-01-06,9177.0,-5213.0,0.0,100,388.08,458.0,0,0.0,0.0,,0.0,1,23.04,5.25,SPY230120C00390000,390.0,normalDay
2023-01-09,9177.0,-5207.0,0.0,100,387.86,458.0,0,0.0,0.0,,0.0,1,23.04,4.97,SPY230120C00390000,390.0,normalDay
2023-01-10,9177.0,-5040.0,0.0,100,390.58,458.0,0,0.0,0.0,,0.0,1,23.04,6.02,SPY230120C00390000,390.0,normalDay
2023-01-11,9177.0,-4859.0,0.0,100,395.52,458.0,0,0.0,0.0,,0.0,1,23.04,9.15,SPY230120C00390000,390.0,normalDay
2023-01-12,9177.0,-4672.0,0.0,100,396.96,458.0,0,0.0,0.0,,0.0,1,23.04,8.72,SPY230120C00390000,390.0,normalDay
2023-01-13,9177.0,-4569.0,0.0,100,398.5,458.0,0,0.0,0.0,,0.0,1,23.04,9.23,SPY230120C00390000,390.0,normalDay
2023-01-17,9177.0,-4575.0,0.0,100,397.77,458.0,0,0.0,0.0,,0.0,1,23.04,8.56,SPY230120C00390000,390.0,normalDay
2023-01-18,9177.0,-4658.0,0.0,100,391.49,458.0,0,0.0,0.0,,0.0,1,23.04,3.11,SPY230120C00390000,390.0,normalDay
2023-01-19,9177.0,-4743.0,0.0,100,388.64,458.0,0,0.0,0.0,,0.0,1,23.04,1.11,SPY230120C00390000,390.0,normalDay
2023-01-20,4681.0,-4743.0,-4496.0,0,395.88,0.0,0,0.0,0.0,,0.0,1,23.04,0.0,SPY230120C00390000,390.0,expirationDay
2023-01-23,4681.0,-3.0,0.0,0,400.63,0.0,1,2.81,2.84,SPY230317P00368000,368.0,0,0.0,0.0,,0.0,normalDay
2023-01-24,4681.0,26.0,0.0,0,400.2,0.0,1,2.81,2.55,SPY230317P00368000,368.0,0,0.0,0.0,,0.0,normalDay
2023-01-25,4681.0,21.0,0.0,0,400.35,0.0,1,2.81,2.6,SPY230317P00368000,368.0,0,0.0,0.0,,0.0,normalDay
2023-01-26,4681.0,73.0,0.0,0,404.75,0.0,1,2.81,2.08,SPY230317P00368000,368.0,0,0.0,0.0,,0.0,normalDay
2023-01-27,4681.0,88.0,0.0,0,405.68,0.0,1,2.81,1.93,SPY230317P00368000,368.0,0,0.0,0.0,,0.0,normalDay
2023-01-30,4681.0,41.0,0.0,0,400.59,0.0,1,2.81,2.4,SPY230317P00368000,368.0,0,0.0,0.0,,0.0,normalDay
2023-01-31,4681.0,99.0,0.0,0,406.48,0.0,1,2.81,1.82,SPY230317P00368000,368.0,0,0.0,0.0,,0.0,normalDay
2023-02-01,4681.0,154.0,0.0,0,410.8,0.0,1,2.81,1.27,SPY230317P00368000,368.0,0,0.0,0.0,,0.0,normalDay
2023-02-02,4681.0,152.0,0.0,0,416.78,0.0,1,2.81,1.29,SPY230317P00368000,368.0,0,0.0,0.0,,0.0,normalDay
2023-02-03,4681.0,154.0,0.0,0,412.35,0.0,1,2.81,1.27,SPY230317P00368000,368.0,0,0.0,0.0,,0.0,normalDay
2023-02-06,4681.0,144.0,0.0,0,409.83,0.0,1,2.81,1.37,SPY230317P00368000,368.0,0,0.0,0.0,,0.0,normalDay
2023-02-07,4681.0,183.0,0.0,0,415.19,0.0,1,2.81,0.98,SPY230317P00368000,368.0,0,0.0,0.0,,0.0,normalDay
2023-02-08,4681.0,156.0,0.0,0,410.65,0.0,1,2.81,1.25,SPY230317P00368000,368.0,0,0.0,0.0,,0.0,normalDay
2023-02-09,4681.0,129.0,0.0,0,407.09,0.0,1,2.81,1.52,SPY230317P00368000,368.0,0,0.0,0.0,,0.0,normalDay
2023-02-10,4681.0,145.0,0.0,0,408.04,0.0,1,2.81,1.36,SPY230317P00368000,368.0,0,0.0,0.0,,0.0,normalDay
2023-02-13,4681.0,191.0,0.0,0,412.83,0.0,1,2.81,0.9,SPY230317P00368000,368.0,0,0.0,0.0,,0.0,normalDay
2023-02-14,4681.0,210.0,0.0,0,412.64,0.0,1,2.81,0.71,SPY230317P00368000,368.0,0,0.0,0.0,,0.0,normalDay
2023-02-15,4681.0,223.0,0.0,0,413.98,0.0,1,2.81,0.58,SPY230317P00368000,368.0,0,0.0,0.0,,0.0,normalDay
2023-02-16,4681.0,182.0,0.0,0,408.28,0.0,1,2.81,0.99,SPY230317P00368000,368.0,0,0.0,0.0,,0.0,normalDay
2023-02-17,4681.0,192.0,0.0,0,407.26,0.0,1,2.81,0.89,SPY230317P00368000,368.0,0,0.0,0.0,,0.0,normalDay
2023-02-21,4681.0,143.0,0.0,0,399.09,0.0,1,2.81,1.38,SPY230317P00368000,368.0,0,0.0,0.0,,0.0,normalDay
2023-02-22,4681.0,157.0,0.0,0,398.54,0.0,1,2.81,1.24,SPY230317P00368000,368.0,0,0.0,0.0,,0.0,normalDay
2023-02-23,4681.0,192.0,0.0,0,400.66,0.0,1,2.81,0.89,SPY230317P00368000,368.0,0,0.0,0.0,,0.0,normalDay
2023-02-24,4681.0,172.0,0.0,0,396.38,0.0,1,2.81,1.09,SPY230317P00368000,368.0,0,0.0,0.0,,0.0,normalDay
2023-02-27,4681.0,214.0,0.0,0,397.73,0.0,1,2.81,0.67,SPY230317P00368000,368.0,0,0.0,0.0,,0.0,normalDay
2023-02-28,4681.0,213.0,0.0,0,396.26,0.0,1,2.81,0.68,SPY230317P00368000,368.0,0,0.0,0.0,,0.0,normalDay
2023-03-01,4681.0,217.0,0.0,0,394.74,0.0,1,2.81,0.64,SPY230317P00368000,368.0,0,0.0,0.0,,0.0,normalDay
2023-03-02,4681.0,245.0,0.0,0,397.81,0.0,1,2.81,0.36,SPY230317P00368000,368.0,0,0.0,0.0,,0.0,normalDay
2023-03-03,4681.0,261.0,0.0,0,404.19,0.0,1,2.81,0.2,SPY230317P00368000,368.0,0,0.0,0.0,,0.0,normalDay
2023-03-06,4681.0,265.0,0.0,0,404.47,0.0,1,2.81,0.16,SPY230317P00368000,368.0,0,0.0,0.0,,0.0,normalDay
2023-03-07,4681.0,254.0,0.0,0,398.27,0.0,1,2.81,0.27,SPY230317P00368000,368.0,0,0.0,0.0,,0.0,normalDay
2023-03-08,4681.0,262.0,0.0,0,398.92,0.0,1,2.81,0.19,SPY230317P00368000,368.0,0,0.0,0.0,,0.0,normalDay
2023-03-09,4681.0,216.0,0.0,0,391.56,0.0,1,2.81,0.65,SPY230317P00368000,368.0,0,0.0,0.0,,0.0,normalDay
2023-03-10,4681.0,178.0,0.0,0,385.91,0.0,1,2.81,1.03,SPY230317P00368000,368.0,0,0.0,0.0,,0.0,normalDay
2023-03-13,4681.0,181.0,0.0,0,385.36,0.0,1,2.81,1.0,SPY230317P00368000,368.0,0,0.0,0.0,,0.0,normalDay
2023-03-14,4681.0,262.0,0.0,0,391.73,0.0,1,2.81,0.19,SPY230317P00368000,368.0,0,0.0,0.0,,0.0,normalDay
2023-03-15,4681.0,265.0,0.0,0,389.28,0.0,1,2.81,0.16,SPY230317P00368000,368.0,0,0.0,0.0,,0.0,normalDay
2023-03-16,4681.0,278.0,0.0,0,396.11,0.0,1,2.81,0.03,SPY230317P00368000,368.0,0,0.0,0.0,,0.0,normalDay
2023-03-17,4962.0,0.0,281.0,0,389.99,0.0,1,2.81,0.0,SPY230317P00368000,368.0,0,0.0,0.0,,0.0,expirationDay
2023-03-20,4962.0,-8.0,0.0,0,393.74,0.0,1,6.1,6.18,SPY230428P00381000,381.0,0,0.0,0.0,,0.0,normalDay
2023-03-21,4962.0,200.0,0.0,0,398.91,0.0,1,6.1,4.1,SPY230428P00381000,381.0,0,0.0,0.0,,0.0,normalDay
2023-03-22,4962.0,27.0,0.0,0,392.11,0.0,1,6.1,5.83,SPY230428P00381000,381.0,0,0.0,0.0,,0.0,normalDay
2023-03-23,4962.0,41.0,0.0,0,393.17,0.0,1,6.1,5.69,SPY230428P00381000,381.0,0,0.0,0.0,,0.0,normalDay
2023-03-24,4962.0,140.0,0.0,0,395.75,0.0,1,6.1,4.7,SPY230428P00381000,381.0,0,0.0,0.0,,0.0,normalDay
2023-03-27,4962.0,238.0,0.0,0,396.49,0.0,1,6.1,3.72,SPY230428P00381000,381.0,0,0.0,0.0,,0.0,normalDay
2023-03-28,4962.0,264.0,0.0,0,395.6,0.0,1,6.1,3.46,SPY230428P00381000,381.0,0,0.0,0.0,,0.0,normalDay
2023-03-29,4962.0,373.0,0.0,0,401.35,0.0,1,6.1,2.37,SPY230428P00381000,381.0,0,0.0,0.0,,0.0,normalDay
2023-03-30,4962.0,414.0,0.0,0,403.7,0.0,1,6.1,1.96,SPY230428P00381000,381.0,0,0.0,0.0,,0.0,normalDay
2023-03-31,4962.0,481.0,0.0,0,409.39,0.0,1,6.1,1.29,SPY230428P00381000,381.0,0,0.0,0.0,,0.0,normalDay
2023-04-03,4962.0,520.0,0.0,0,410.95,0.0,1,6.1,0.9,SPY230428P00381000,381.0,0,0.0,0.0,,0.0,normalDay
2023-04-04,4962.0,512.0,0.0,0,408.67,0.0,1,6.1,0.98,SPY230428P00381000,381.0,0,0.0,0.0,,0.0,normalDay
2023-04-05,4962.0,515.0,0.0,0,407.6,0.0,1,6.1,0.95,SPY230428P00381000,381.0,0,0.0,0.0,,0.0,normalDay
2023-04-06,4962.0,539.0,0.0,0,409.19,0.0,1,6.1,0.71,SPY230428P00381000,381.0,0,0.0,0.0,,0.0,normalDay
2023-04-10,4962.0,556.0,0.0,0,409.61,0.0,1,6.1,0.54,SPY230428P00381000,381.0,0,0.0,0.0,,0.0,normalDay
2023-04-11,4962.0,559.0,0.0,0,409.72,0.0,1,6.1,0.51,SPY230428P00381000,381.0,0,0.0,0.0,,0.0,normalDay
2023-04-12,4962.0,559.0,0.0,0,408.05,0.0,1,6.1,0.51,SPY230428P00381000,381.0,0,0.0,0.0,,0.0,normalDay
2023-04-13,4962.0,585.0,0.0,0,413.47,0.0,1,6.1,0.25,SPY230428P00381000,381.0,0,0.0,0.0,,0.0,normalDay
2023-04-14,4962.0,592.0,0.0,0,412.46,0.0,1,6.1,0.18,SPY230428P00381000,381.0,0,0.0,0.0,,0.0,normalDay
2023-04-17,4962.0,597.0,0.0,0,413.94,0.0,1,6.1,0.13,SPY230428P00381000,381.0,0,0.0,0.0,,0.0,normalDay
2023-04-18,4962.0,598.0,0.0,0,414.21,0.0,1,6.1,0.12,SPY230428P00381000,381.0,0,0.0,0.0,,0.0,normalDay
2023-04-19,4962.0,601.0,0.0,0,414.14,0.0,1,6.1,0.09,SPY230428P00381000,381.0,0,0.0,0.0,,0.0,normalDay
2023-04-20,4962.0,602.0,0.0,0,411.88,0.0,1,6.1,0.08,SPY230428P00381000,381.0,0,0.0,0.0,,0.0,normalDay
2023-04-21,4962.0,604.0,0.0,0,412.2,0.0,1,6.1,0.06,SPY230428P00381000,381.0,0,0.0,0.0,,0.0,normalDay
2023-04-24,4962.0,607.0,0.0,0,412.63,0.0,1,6.1,0.03,SPY230428P00381000,381.0,0,0.0,0.0,,0.0,normalDay
2023-04-25,4962.0,606.0,0.0,0,406.08,0.0,1,6.1,0.04,SPY230428P00381000,381.0,0,0.0,0.0,,0.0,normalDay
2023-04-26,4962.0,607.0,0.0,0,404.36,0.0,1,6.1,0.03,SPY230428P00381000,381.0,0,0.0,0.0,,0.0,normalDay
2023-04-27,4962.0,608.0,0.0,0,412.41,0.0,1,6.1,0.02,SPY230428P00381000,381.0,0,0.0,0.0,,0.0,normalDay
2023-04-28,5572.0,0.0,610.0,0,415.93,0.0,1,6.1,0.0,SPY230428P00381000,381.0,0,0.0,0.0,,0.0,expirationDay
2023-05-01,5572.0,-3.0,0.0,0,415.51,0.0,1,4.58,4.61,SPY230616P00403000,403.0,0,0.0,0.0,,0.0,normalDay
2023-05-02,5572.0,-175.0,0.0,0,410.84,0.0,1,4.58,6.33,SPY230616P00403000,403.0,0,0.0,0.0,,0.0,normalDay
2023-05-03,5572.0,-255.0,0.0,0,408.02,0.0,1,4.58,7.13,SPY230616P00403000,403.0,0,0.0,0.0,,0.0,normalDay
2023-05-04,5572.0,-443.0,0.0,0,405.13,0.0,1,4.58,9.01,SPY230616P00403000,403.0,0,0.0,0.0,,0.0,normalDay
2023-05-05,5572.0,-106.0,0.0,0,412.63,0.0,1,4.58,5.64,SPY230616P00403000,403.0,0,0.0,0.0,,0.0,normalDay
2023-05-08,5572.0,-61.0,0.0,0,412.74,0.0,1,4.58,5.19,SPY230616P00403000,403.0,0,0.0,0.0,,0.0,normalDay
2023-05-09,5572.0,-111.0,0.0,0,410.93,0.0,1,4.58,5.69,SPY230616P00403000,403.0,0,0.0,0.0,,0.0,normalDay
2023-05-10,5572.0,-20.0,0.0,0,412.85,0.0,1,4.58,4.78,SPY230616P00403000,403.0,0,0.0,0.0,,0.0,normalDay
2023-05-11,5572.0,-26.0,0.0,0,412.13,0.0,1,4.58,4.84,SPY230616P00403000,403.0,0,0.0,0.0,,0.0,normalDay
2023-05-12,5572.0,-34.0,0.0,0,411.59,0.0,1,4.58,4.92,SPY230616P00403000,403.0,0,0.0,0.0,,0.0,normalDay
2023-05-15,5572.0,48.0,0.0,0,413.01,0.0,1,4.58,4.1,SPY230616P00403000,403.0,0,0.0,0.0,,0.0,normalDay
2023-05-16,5572.0,-33.0,0.0,0,410.25,0.0,1,4.58,4.91,SPY230616P00403000,403.0,0,0.0,0.0,,0.0,normalDay
2023-05-17,5572.0,120.0,0.0,0,415.23,0.0,1,4.58,3.38,SPY230616P00403000,403.0,0,0.0,0.0,,0.0,normalDay
2023-05-18,5572.0,221.0,0.0,0,419.23,0.0,1,4.58,2.37,SPY230616P00403000,403.0,0,0.0,0.0,,0.0,normalDay
2023-05-19,5572.0,194.0,0.0,0,418.62,0.0,1,4.58,2.64,SPY230616P00403000,403.0,0,0.0,0.0,,0.0,normalDay
2023-05-22,5572.0,207.0,0.0,0,418.79,0.0,1,4.58,2.51,SPY230616P00403000,403.0,0,0.0,0.0,,0.0,normalDay
2023-05-23,5572.0,97.0,0.0,0,414.09,0.0,1,4.58,3.61,SPY230616P00403000,403.0,0,0.0,0.0,,0.0,normalDay
2023-05-24,5572.0,-1.0,0.0,0,411.09,0.0,1,4.58,4.59,SPY230616P00403000,403.0,0,0.0,0.0,,0.0,normalDay
2023-05-25,5572.0,117.0,0.0,0,414.65,0.0,1,4.58,3.41,SPY230616P00403000,403.0,0,0.0,0.0,,0.0,normalDay
2023-05-26,5572.0,248.0,0.0,0,420.02,0.0,1,4.58,2.1,SPY230616P00403000,403.0,0,0.0,0.0,,0.0,normalDay
2023-05-30,5572.0,301.0,0.0,0,420.18,0.0,1,4.58,1.57,SPY230616P00403000,403.0,0,0.0,0.0,,0.0,normalDay
2023-05-31,5572.0,286.0,0.0,0,417.85,0.0,1,4.58,1.72,SPY230616P00403000,403.0,0,0.0,0.0,,0.0,normalDay
2023-06-01,5572.0,372.0,0.0,0,421.82,0.0,1,4.58,0.86,SPY230616P00403000,403.0,0,0.0,0.0,,0.0,normalDay
2023-06-02,5572.0,420.0,0.0,0,427.92,0.0,1,4.58,0.38,SPY230616P00403000,403.0,0,0.0,0.0,,0.0,normalDay
2023-06-05,5572.0,427.0,0.0,0,427.1,0.0,1,4.58,0.31,SPY230616P00403000,403.0,0,0.0,0.0,,0.0,normalDay
2023-06-06,5572.0,433.0,0.0,0,428.03,0.0,1,4.58,0.25,SPY230616P00403000,403.0,0,0.0,0.0,,0.0,normalDay
2023-06-07,5572.0,434.0,0.0,0,426.55,0.0,1,4.58,0.24,SPY230616P00403000,403.0,0,0.0,0.0,,0.0,normalDay
2023-06-08,5572.0,440.0,0.0,0,429.13,0.0,1,4.58,0.18,SPY230616P00403000,403.0,0,0.0,0.0,,0.0,normalDay
2023-06-09,5572.0,445.0,0.0,0,429.9,0.0,1,4.58,0.13,SPY230616P00403000,403.0,0,0.0,0.0,,0.0,normalDay
2023-06-12,5572.0,447.0,0.0,0,433.8,0.0,1,4.58,0.11,SPY230616P00403000,403.0,0,0.0,0.0,,0.0,normalDay
2023-06-13,5572.0,450.0,0.0,0,436.66,0.0,1,4.58,0.08,SPY230616P00403000,403.0,0,0.0,0.0,,0.0,normalDay
2023-06-14,5572.0,454.0,0.0,0,437.18,0.0,1,4.58,0.04,SPY230616P00403000,403.0,0,0.0,0.0,,0.0,normalDay
2023-06-15,5572.0,455.0,0.0,0,442.6,0.0,1,4.58,0.03,SPY230616P00403000,403.0,0,0.0,0.0,,0.0,normalDay
2023-06-16,6030.0,0.0,458.0,0,439.46,0.0,1,4.58,0.0,SPY230616P00403000,403.0,0,0.0,0.0,,0.0,expirationDay
2023-06-20,6030.0,-3.0,0.0,0,437.18,0.0,1,0.87,0.9,SPY230728P00402000,402.0,0,0.0,0.0,,0.0,normalDay
2023-06-21,6030.0,-1.0,0.0,0,434.94,0.0,1,0.87,0.88,SPY230728P00402000,402.0,0,0.0,0.0,,0.0,normalDay
2023-06-22,6030.0,13.0,0.0,0,436.51,0.0,1,0.87,0.74,SPY230728P00402000,402.0,0,0.0,0.0,,0.0,normalDay
2023-06-23,6030.0,-4.0,0.0,0,433.21,0.0,1,0.87,0.91,SPY230728P00402000,402.0,0,0.0,0.0,,0.0,normalDay
2023-06-26,6030.0,-9.0,0.0,0,431.44,0.0,1,0.87,0.96,SPY230728P00402000,402.0,0,0.0,0.0,,0.0,normalDay
2023-06-27,6030.0,21.0,0.0,0,436.17,0.0,1,0.87,0.66,SPY230728P00402000,402.0,0,0.0,0.0,,0.0,normalDay
2023-06-28,6030.0,32.0,0.0,0,436.39,0.0,1,0.87,0.55,SPY230728P00402000,402.0,0,0.0,0.0,,0.0,normalDay
2023-06-29,6030.0,38.0,0.0,0,438.11,0.0,1,0.87,0.49,SPY230728P00402000,402.0,0,0.0,0.0,,0.0,normalDay
2023-06-30,6030.0,49.0,0.0,0,443.28,0.0,1,0.87,0.38,SPY230728P00402000,402.0,0,0.0,0.0,,0.0,normalDay
2023-07-03,6030.0,55.0,0.0,0,443.79,0.0,1,0.87,0.32,SPY230728P00402000,402.0,0,0.0,0.0,,0.0,normalDay
2023-07-05,6030.0,54.0,0.0,0,443.13,0.0,1,0.87,0.33,SPY230728P00402000,402.0,0,0.0,0.0,,0.0,normalDay
2023-07-06,6030.0,43.0,0.0,0,439.66,0.0,1,0.87,0.44,SPY230728P00402000,402.0,0,0.0,0.0,,0.0,normalDay
2023-07-07,6030.0,50.0,0.0,0,438.55,0.0,1,0.87,0.37,SPY230728P00402000,402.0,0,0.0,0.0,,0.0,normalDay
2023-07-10,6030.0,58.0,0.0,0,439.66,0.0,1,0.87,0.29,SPY230728P00402000,402.0,0,0.0,0.0,,0.0,normalDay
2023-07-11,6030.0,63.0,0.0,0,442.46,0.0,1,0.87,0.24,SPY230728P00402000,402.0,0,0.0,0.0,,0.0,normalDay
2023-07-12,6030.0,71.0,0.0,0,446.02,0.0,1,0.87,0.16,SPY230728P00402000,402.0,0,0.0,0.0,,0.0,normalDay
2023-07-13,6030.0,71.0,0.0,0,449.56,0.0,1,0.87,0.16,SPY230728P00402000,402.0,0,0.0,0.0,,0.0,normalDay
2023-07-14,6030.0,74.0,0.0,0,449.28,0.0,1,0.87,0.13,SPY230728P00402000,402.0,0,0.0,0.0,,0.0,normalDay
2023-07-17,6030.0,78.0,0.0,0,450.84,0.0,1,0.87,0.09,SPY230728P00402000,402.0,0,0.0,0.0,,0.0,normalDay
2023-07-18,6030.0,79.0,0.0,0,454.19,0.0,1,0.87,0.08,SPY230728P00402000,402.0,0,0.0,0.0,,0.0,normalDay
2023-07-19,6030.0,80.0,0.0,0,455.2,0.0,1,0.87,0.07,SPY230728P00402000,402.0,0,0.0,0.0,,0.0,normalDay
2023-07-20,6030.0,81.0,0.0,0,452.18,0.0,1,0.87,0.06,SPY230728P00402000,402.0,0,0.0,0.0,,0.0,normalDay
2023-07-21,6030.0,83.0,0.0,0,452.18,0.0,1,0.87,0.04,SPY230728P00402000,402.0,0,0.0,0.0,,0.0,normalDay
2023-07-24,6030.0,85.0,0.0,0,454.2,0.0,1,0.87,0.02,SPY230728P00402000,402.0,0,0.0,0.0,,0.0,normalDay
2023-07-25,6030.0,85.0,0.0,0,455.44,0.0,1,0.87,0.02,SPY230728P00402000,402.0,0,0.0,0.0,,0.0,normalDay
2023-07-26,6030.0,85.0,0.0,0,455.51,0.0,1,0.87,0.02,SPY230728P00402000,402.0,0,0.0,0.0,,0.0,normalDay
2023-07-27,6030.0,85.0,0.0,0,452.49,0.0,1,0.87,0.02,SPY230728P00402000,402.0,0,0.0,0.0,,0.0,normalDay
2023-07-28,6117.0,0.0,87.0,0,456.92,0.0,1,0.87,0.0,SPY230728P00402000,402.0,0,0.0,0.0,,0.0,expirationDay
2023-07-31,6117.0,-3.0,0.0,0,457.79,0.0,1,1.87,1.9,SPY230915P00433000,433.0,0,0.0,0.0,,0.0,normalDay
2023-08-01,6117.0,-20.0,0.0,0,456.48,0.0,1,1.87,2.07,SPY230915P00433000,433.0,0,0.0,0.0,,0.0,normalDay
2023-08-02,6117.0,-157.0,0.0,0,450.13,0.0,1,1.87,3.44,SPY230915P00433000,433.0,0,0.0,0.0,,0.0,normalDay
2023-08-03,6117.0,-150.0,0.0,0,448.84,0.0,1,1.87,3.37,SPY230915P00433000,433.0,0,0.0,0.0,,0.0,normalDay
2023-08-04,6117.0,-234.0,0.0,0,446.81,0.0,1,1.87,4.21,SPY230915P00433000,433.0,0,0.0,0.0,,0.0,normalDay
2023-08-07,6117.0,-105.0,0.0,0,450.71,0.0,1,1.87,2.92,SPY230915P00433000,433.0,0,0.0,0.0,,0.0,normalDay
2023-08-08,6117.0,-144.0,0.0,0,448.75,0.0,1,1.87,3.31,SPY230915P00433000,433.0,0,0.0,0.0,,0.0,normalDay
2023-08-09,6117.0,-181.0,0.0,0,445.75,0.0,1,1.87,3.68,SPY230915P00433000,433.0,0,0.0,0.0,,0.0,normalDay
2023-08-10,6117.0,-178.0,0.0,0,445.91,0.0,1,1.87,3.65,SPY230915P00433000,433.0,0,0.0,0.0,,0.0,normalDay
2023-08-11,6117.0,-141.0,0.0,0,445.65,0.0,1,1.87,3.28,SPY230915P00433000,433.0,0,0.0,0.0,,0.0,normalDay
2023-08-14,6117.0,-70.0,0.0,0,448.11,0.0,1,1.87,2.57,SPY230915P00433000,433.0,0,0.0,0.0,,0.0,normalDay
2023-08-15,6117.0,-210.0,0.0,0,442.89,0.0,1,1.87,3.97,SPY230915P00433000,433.0,0,0.0,0.0,,0.0,normalDay
2023-08-16,6117.0,-291.0,0.0,0,439.64,0.0,1,1.87,4.78,SPY230915P00433000,433.0,0,0.0,0.0,,0.0,normalDay
2023-08-17,6117.0,-434.0,0.0,0,436.29,0.0,1,1.87,6.21,SPY230915P00433000,433.0,0,0.0,0.0,,0.0,normalDay
2023-08-18,6117.0,-378.0,0.0,0,436.5,0.0,1,1.87,5.65,SPY230915P00433000,433.0,0,0.0,0.0,,0.0,normalDay
2023-08-21,6117.0,-256.0,0.0,0,439.34,0.0,1,1.87,4.43,SPY230915P00433000,433.0,0,0.0,0.0,,0.0,normalDay
2023-08-22,6117.0,-265.0,0.0,0,438.15,0.0,1,1.87,4.52,SPY230915P00433000,433.0,0,0.0,0.0,,0.0,normalDay
2023-08-23,6117.0,-99.0,0.0,0,443.03,0.0,1,1.87,2.86,SPY230915P00433000,433.0,0,0.0,0.0,,0.0,normalDay
2023-08-24,6117.0,-288.0,0.0,0,436.89,0.0,1,1.87,4.75,SPY230915P00433000,433.0,0,0.0,0.0,,0.0,normalDay
2023-08-25,6117.0,-132.0,0.0,0,439.97,0.0,1,1.87,3.19,SPY230915P00433000,433.0,0,0.0,0.0,,0.0,normalDay
2023-08-28,6117.0,-19.0,0.0,0,442.76,0.0,1,1.87,2.06,SPY230915P00433000,433.0,0,0.0,0.0,,0.0,normalDay
2023-08-29,6117.0,88.0,0.0,0,449.16,0.0,1,1.87,0.99,SPY230915P00433000,433.0,0,0.0,0.0,,0.0,normalDay
2023-08-30,6117.0,118.0,0.0,0,451.01,0.0,1,1.87,0.69,SPY230915P00433000,433.0,0,0.0,0.0,,0.0,normalDay
2023-08-31,6117.0,131.0,0.0,0,450.35,0.0,1,1.87,0.56,SPY230915P00433000,433.0,0,0.0,0.0,,0.0,normalDay
2023-09-01,6117.0,143.0,0.0,0,451.19,0.0,1,1.87,0.44,SPY230915P00433000,433.0,0,0.0,0.0,,0.0,normalDay
2023-09-05,6117.0,139.0,0.0,0,449.24,0.0,1,1.87,0.48,SPY230915P00433000,433.0,0,0.0,0.0,,0.0,normalDay
2023-09-06,6117.0,124.0,0.0,0,446.22,0.0,1,1.87,0.63,SPY230915P00433000,433.0,0,0.0,0.0,,0.0,normalDay
2023-09-07,6117.0,127.0,0.0,0,444.85,0.0,1,1.87,0.6,SPY230915P00433000,433.0,0,0.0,0.0,,0.0,normalDay
2023-09-08,6117.0,155.0,0.0,0,445.52,0.0,1,1.87,0.32,SPY230915P00433000,433.0,0,0.0,0.0,,0.0,normalDay
2023-09-11,6117.0,174.0,0.0,0,448.45,0.0,1,1.87,0.13,SPY230915P00433000,433.0,0,0.0,0.0,,0.0,normalDay
2023-09-12,6117.0,169.0,0.0,0,445.99,0.0,1,1.87,0.18,SPY230915P00433000,433.0,0,0.0,0.0,,0.0,normalDay
2023-09-13,6117.0,181.0,0.0,0,446.51,0.0,1,1.87,0.06,SPY230915P00433000,433.0,0,0.0,0.0,,0.0,normalDay
2023-09-14,6117.0,183.0,0.0,0,450.36,0.0,1,1.87,0.04,SPY230915P00433000,433.0,0,0.0,0.0,,0.0,normalDay
2023-09-15,6304.0,0.0,187.0,0,443.37,0.0,1,1.87,0.0,SPY230915P00433000,433.0,0,0.0,0.0,,0.0,expirationDay
2023-09-18,6304.0,-4.0,0.0,0,443.63,0.0,1,3.17,3.21,SPY231027P00433000,433.0,0,0.0,0.0,,0.0,normalDay
2023-09-19,6304.0,-18.0,0.0,0,442.71,0.0,1,3.17,3.35,SPY231027P00433000,433.0,0,0.0,0.0,,0.0,normalDay
2023-09-20,6304.0,-156.0,0.0,0,438.64,0.0,1,3.17,4.73,SPY231027P00433000,433.0,0,0.0,0.0,,0.0,normalDay
2023-09-21,6304.0,-481.0,0.0,0,431.39,0.0,1,3.17,7.98,SPY231027P00433000,433.0,0,0.0,0.0,,0.0,normalDay
2023-09-22,6304.0,-502.0,0.0,0,430.42,0.0,1,3.17,8.19,SPY231027P00433000,433.0,0,0.0,0.0,,0.0,normalDay
2023-09-25,6304.0,-393.0,0.0,0,432.23,0.0,1,3.17,7.1,SPY231027P00433000,433.0,0,0.0,0.0,,0.0,normalDay
2023-09-26,6304.0,-747.0,0.0,0,425.88,0.0,1,3.17,10.64,SPY231027P00433000,433.0,0,0.0,0.0,,0.0,normalDay
2023-09-27,6304.0,-706.0,0.0,0,426.05,0.0,1,3.17,10.23,SPY231027P00433000,433.0,0,0.0,0.0,,0.0,normalDay
2023-09-28,6304.0,-569.0,0.0,0,428.52,0.0,1,3.17,8.86,SPY231027P00433000,433.0,0,0.0,0.0,,0.0,normalDay
2023-09-29,6304.0,-602.0,0.0,0,427.48,0.0,1,3.17,9.19,SPY231027P00433000,433.0,0,0.0,0.0,,0.0,normalDay
2023-10-02,6304.0,-583.0,0.0,0,427.31,0.0,1,3.17,9.0,SPY231027P00433000,433.0,0,0.0,0.0,,0.0,normalDay
2023-10-03,6304.0,-983.0,0.0,0,421.59,0.0,1,3.17,13.0,SPY231027P00433000,433.0,0,0.0,0.0,,0.0,normalDay
2023-10-04,6304.0,-769.0,0.0,0,424.66,0.0,1,3.17,10.86,SPY231027P00433000,433.0,0,0.0,0.0,,0.0,normalDay
2023-10-05,6304.0,-784.0,0.0,0,424.5,0.0,1,3.17,11.01,SPY231027P00433000,433.0,0,0.0,0.0,,0.0,normalDay
2023-10-06,6304.0,-400.0,0.0,0,429.54,0.0,1,3.17,7.17,SPY231027P00433000,433.0,0,0.0,0.0,,0.0,normalDay
2023-10-09,6304.0,-248.0,0.0,0,432.29,0.0,1,3.17,5.65,SPY231027P00433000,433.0,0,0.0,0.0,,0.0,normalDay
2023-10-10,6304.0,-126.0,0.0,0,434.54,0.0,1,3.17,4.43,SPY231027P00433000,433.0,0,0.0,0.0,,0.0,normalDay
2023-10-11,6304.0,2.0,0.0,0,436.32,0.0,1,3.17,3.15,SPY231027P00433000,433.0,0,0.0,0.0,,0.0,normalDay
2023-10-12,6304.0,-105.0,0.0,0,433.66,0.0,1,3.17,4.22,SPY231027P00433000,433.0,0,0.0,0.0,,0.0,normalDay
2023-10-13,6304.0,-270.0,0.0,0,431.5,0.0,1,3.17,5.87,SPY231027P00433000,433.0,0,0.0,0.0,,0.0,normalDay
2023-10-16,6304.0,13.0,0.0,0,436.04,0.0,1,3.17,3.04,SPY231027P00433000,433.0,0,0.0,0.0,,0.0,normalDay
2023-10-17,6304.0,1.0,0.0,0,436.02,0.0,1,3.17,3.16,SPY231027P00433000,433.0,0,0.0,0.0,,0.0,normalDay
2023-10-18,6304.0,-222.0,0.0,0,430.21,0.0,1,3.17,5.39,SPY231027P00433000,433.0,0,0.0,0.0,,0.0,normalDay
2023-10-19,6304.0,-560.0,0.0,0,426.43,0.0,1,3.17,8.77,SPY231027P00433000,433.0,0,0.0,0.0,,0.0,normalDay
2023-10-20,6304.0,-885.0,0.0,0,421.19,0.0,1,3.17,12.02,SPY231027P00433000,433.0,0,0.0,0.0,,0.0,normalDay
2023-10-23,6304.0,-866.0,0.0,0,420.46,0.0,1,3.17,11.83,SPY231027P00433000,433.0,0,0.0,0.0,,0.0,normalDay
2023-10-24,6304.0,-598.0,0.0,0,423.63,0.0,1,3.17,9.15,SPY231027P00433000,433.0,0,0.0,0.0,,0.0,normalDay
2023-10-25,6304.0,-1216.0,0.0,0,417.55,0.0,1,3.17,15.33,SPY231027P00433000,433.0,0,0.0,0.0,,0.0,normalDay
2023-10-26,6304.0,-1708.0,0.0,0,412.55,0.0,1,3.17,20.25,SPY231027P00433000,433.0,0,0.0,0.0,,0.0,normalDay
2023-10-27,6621.0,-2232.0,317.0,100,410.68,433.0,1,3.17,0.0,SPY231027P00433000,433.0,0,0.0,0.0,,0.0,expirationDay
2023-10-30,6621.0,-1763.0,0.0,100,415.59,433.0,0,0.0,0.0,,0.0,1,10.25,10.47,SPY240328C00438000,438.0,normalDay
2023-10-31,6621.0,-1521.0,0.0,100,418.2,433.0,0,0.0,0.0,,0.0,1,10.25,10.66,SPY240328C00438000,438.0,normalDay
2023-11-01,6621.0,-1246.0,0.0,100,422.66,433.0,0,0.0,0.0,,0.0,1,10.25,12.37,SPY240328C00438000,438.0,normalDay
2023-11-02,6621.0,-798.0,0.0,100,430.76,433.0,0,0.0,0.0,,0.0,1,10.25,15.99,SPY240328C00438000,438.0,normalDay
2023-11-03,6621.0,-630.0,0.0,100,434.69,433.0,0,0.0,0.0,,0.0,1,10.25,18.24,SPY240328C00438000,438.0,normalDay
2023-11-06,6621.0,-512.0,0.0,100,435.69,433.0,0,0.0,0.0,,0.0,1,10.25,18.06,SPY240328C00438000,438.0,normalDay
2023-11-07,6621.0,-471.0,0.0,100,436.93,433.0,0,0.0,0.0,,0.0,1,10.25,18.89,SPY240328C00438000,438.0,normalDay
2023-11-08,6621.0,-448.0,0.0,100,437.25,433.0,0,0.0,0.0,,0.0,1,10.25,18.98,SPY240328C00438000,438.0,normalDay
2023-11-09,6621.0,-577.0,0.0,100,433.84,433.0,0,0.0,0.0,,0.0,1,10.25,16.86,SPY240328C00438000,438.0,normalDay
2023-11-10,6621.0,-291.0,0.0,100,440.61,433.0,0,0.0,0.0,,0.0,1,10.25,20.77,SPY240328C00438000,438.0,normalDay
2023-11-13,6621.0,-323.0,0.0,100,440.19,433.0,0,0.0,0.0,,0.0,1,10.25,20.67,SPY240328C00438000,438.0,normalDay
2023-11-14,6621.0,-68.0,0.0,100,448.73,433.0,0,0.0,0.0,,0.0,1,10.25,26.66,SPY240328C00438000,438.0,normalDay
2023-11-15,6621.0,23.0,0.0,100,449.68,433.0,0,0.0,0.0,,0.0,1,10.25,26.7,SPY240328C00438000,438.0,normalDay
2023-11-16,6621.0,37.0,0.0,100,450.23,433.0,0,0.0,0.0,,0.0,1,10.25,27.11,SPY240328C00438000,438.0,normalDay
2023-11-17,6621.0,83.0,0.0,100,450.79,433.0,0,0.0,0.0,,0.0,1,10.25,27.21,SPY240328C00438000,438.0,normalDay
2023-11-20,6621.0,181.0,0.0,100,454.26,433.0,0,0.0,0.0,,0.0,1,10.25,29.7,SPY240328C00438000,438.0,normalDay
2023-11-21,6621.0,212.0,0.0,100,453.27,433.0,0,0.0,0.0,,0.0,1,10.25,28.4,SPY240328C00438000,438.0,normalDay
2023-11-22,6621.0,199.0,0.0,100,455.02,433.0,0,0.0,0.0,,0.0,1,10.25,30.28,SPY240328C00438000,438.0,normalDay
2023-11-24,6621.0,227.0,0.0,100,455.3,433.0,0,0.0,0.0,,0.0,1,10.25,30.28,SPY240328C00438000,438.0,normalDay
2023-11-27,6621.0,217.0,0.0,100,454.48,433.0,0,0.0,0.0,,0.0,1,10.25,29.56,SPY240328C00438000,438.0,normalDay
2023-11-28,6621.0,241.0,0.0,100,454.93,433.0,0,0.0,0.0,,0.0,1,10.25,29.77,SPY240328C00438000,438.0,normalDay
2023-11-29,6621.0,245.0,0.0,100,454.61,433.0,0,0.0,0.0,,0.0,1,10.25,29.41,SPY240328C00438000,438.0,normalDay
2023-11-30,6621.0,292.0,0.0,100,456.4,433.0,0,0.0,0.0,,0.0,1,10.25,30.73,SPY240328C00438000,438.0,normalDay
