date,totalCapital,unrializedPnL,rializedPnL,stocksOwned,stocksPriceToday,stocksPriceBoughtAt,putOwned,putOwnedSoldAt,putPriceToday,putOwnedContract,putOwnedStrike,callOwned,callOwnedSoldAt,callPriceToday,callOwnedContract,callOwnedStrike,trackType
2018-11-01,0.0,0.0,0.0,0,273.51,0.0,0,0.0,0.0,,0.0,0,0.0,0.0,,0.0,bidTooLow
2018-11-02,0.0,0.0,0.0,0,271.89,0.0,0,0.0,0.0,,0.0,0,0.0,0.0,,0.0,bidTooLow
2018-11-05,0.0,0.0,0.0,0,273.39,0.0,0,0.0,0.0,,0.0,0,0.0,0.0,,0.0,bidTooLow
2018-11-06,0.0,-3.0,0.0,0,275.12,0.0,1,0.03,0.06,SPY181109P00253500,253.5,0,0.0,0.0,,0.0,normalDay
2018-11-07,0.0,1.0,0.0,0,281.01,0.0,1,0.03,0.02,SPY181109P00253500,253.5,0,0.0,0.0,,0.0,normalDay
2018-11-08,0.0,2.0,0.0,0,280.5,0.0,1,0.03,0.01,SPY181109P00253500,253.5,0,0.0,0.0,,0.0,normalDay
2018-11-09,3.0,0.0,3.0,0,277.76,0.0,1,0.03,0.0,SPY181109P00253500,253.5,0,0.0,0.0,,0.0,expirationDay
2018-11-12,3.0,0.0,0.0,0,272.57,0.0,0,0.0,0.0,,0.0,0,0.0,0.0,,0.0,bidTooLow
2018-11-13,3.0,-3.0,0.0,0,272.06,0.0,1,0.03,0.06,SPY181116P00253000,253.0,0,0.0,0.0,,0.0,normalDay
2018-11-14,3.0,-1.0,0.0,0,270.2,0.0,1,0.03,0.04,SPY181116P00253000,253.0,0,0.0,0.0,,0.0,normalDay
2018-11-15,3.0,2.0,0.0,0,273.02,0.0,1,0.03,0.01,SPY181116P00253000,253.0,0,0.0,0.0,,0.0,normalDay
2018-11-16,6.0,0.0,3.0,0,273.73,0.0,1,0.03,0.0,SPY181116P00253000,253.0,0,0.0,0.0,,0.0,expirationDay
2018-11-19,6.0,-3.0,0.0,0,269.1,0.0,1,0.01,0.04,SPY181121P00253000,253.0,0,0.0,0.0,,0.0,normalDay
2018-11-20,6.0,-2.0,0.0,0,264.12,0.0,1,0.01,0.03,SPY181121P00253000,253.0,0,0.0,0.0,,0.0,normalDay
2018-11-21,7.0,0.0,1.0,0,265.02,0.0,1,0.01,0.0,SPY181121P00253000,253.0,0,0.0,0.0,,0.0,expirationDay
2018-11-23,7.0,-3.0,0.0,0,263.25,0.0,1,0.02,0.05,SPY181126P00250000,250.0,0,0.0,0.0,,0.0,normalDay
2018-11-26,9.0,0.0,2.0,0,267.5,0.0,1,0.02,0.0,SPY181126P00250000,250.0,0,0.0,0.0,,0.0,expirationDay
2018-11-27,9.0,0.0,0.0,0,268.4,0.0,0,0.0,0.0,,0.0,0,0.0,0.0,,0.0,bidTooLow
2018-11-28,9.0,0.0,0.0,0,274.58,0.0,0,0.0,0.0,,0.0,0,0.0,0.0,,0.0,bidTooLow
2018-11-29,9.0,0.0,0.0,0,273.98,0.0,0,0.0,0.0,,0.0,0,0.0,0.0,,0.0,bidTooLow
2018-11-30,9.0,0.0,0.0,0,275.65,0.0,0,0.0,0.0,,0.0,0,0.0,0.0,,0.0,bidTooLow
2018-12-03,9.0,0.0,0.0,0,279.3,0.0,0,0.0,0.0,,0.0,0,0.0,0.0,,0.0,bidTooLow
2018-12-04,9.0,-3.0,0.0,0,270.25,0.0,1,0.08,0.11,SPY181207P00251000,251.0,0,0.0,0.0,,0.0,normalDay
2018-12-06,9.0,6.0,0.0,0,269.84,0.0,1,0.08,0.02,SPY181207P00251000,251.0,0,0.0,0.0,,0.0,normalDay
2018-12-07,17.0,0.0,8.0,0,263.57,0.0,1,0.08,0.0,SPY181207P00251000,251.0,0,0.0,0.0,,0.0,expirationDay
2018-12-10,17.0,-3.0,0.0,0,264.07,0.0,1,0.1,0.13,SPY181212P00250500,250.5,0,0.0,0.0,,0.0,normalDay
2018-12-11,17.0,7.0,0.0,0,264.13,0.0,1,0.1,0.03,SPY181212P00250500,250.5,0,0.0,0.0,,0.0,normalDay
2018-12-12,27.0,0.0,10.0,0,265.46,0.0,1,0.1,0.0,SPY181212P00250500,250.5,0,0.0,0.0,,0.0,expirationDay
2018-12-13,27.0,0.0,0.0,0,265.37,0.0,0,0.0,0.0,,0.0,0,0.0,0.0,,0.0,bidTooLow
2018-12-14,27.0,-3.0,0.0,0,260.47,0.0,1,0.02,0.05,SPY181217P00247500,247.5,0,0.0,0.0,,0.0,normalDay
2018-12-17,29.0,0.0,2.0,0,255.36,0.0,1,0.02,0.0,SPY181217P00247500,247.5,0,0.0,0.0,,0.0,expirationDay
2018-12-18,29.0,-3.0,0.0,0,255.08,0.0,1,0.38,0.41,SPY181221P00241000,241.0,0,0.0,0.0,,0.0,normalDay
2018-12-19,29.0,-2.0,0.0,0,251.26,0.0,1,0.38,0.4,SPY181221P00241000,241.0,0,0.0,0.0,,0.0,normalDay
2018-12-20,29.0,-2.0,0.0,0,247.17,0.0,1,0.38,0.4,SPY181221P00241000,241.0,0,0.0,0.0,,0.0,normalDay
2018-12-21,67.0,-30.0,38.0,100,240.7,241.0,1,0.38,0.0,SPY181221P00241000,241.0,0,0.0,0.0,,0.0,expirationDay
2018-12-24,67.0,-674.0,0.0,100,234.34,241.0,0,0.0,0.0,,0.0,1,0.19,0.27,SPY190329C00285000,285.0,normalDay
2018-12-26,67.0,480.0,0.0,100,246.18,241.0,0,0.0,0.0,,0.0,1,0.19,0.57,SPY190329C00285000,285.0,normalDay
2018-12-27,67.0,650.0,0.0,100,248.07,241.0,0,0.0,0.0,,0.0,1,0.19,0.76,SPY190329C00285000,285.0,normalDay
2018-12-28,67.0,627.0,0.0,100,247.75,241.0,0,0.0,0.0,,0.0,1,0.19,0.67,SPY190329C00285000,285.0,normalDay
2018-12-31,67.0,855.0,0.0,100,249.92,241.0,0,0.0,0.0,,0.0,1,0.19,0.56,SPY190329C00285000,285.0,normalDay
2019-01-02,67.0,893.0,0.0,100,250.18,241.0,0,0.0,0.0,,0.0,1,0.19,0.44,SPY190329C00285000,285.0,normalDay
2019-01-03,67.0,316.0,0.0,100,244.21,241.0,0,0.0,0.0,,0.0,1,0.19,0.24,SPY190329C00285000,285.0,normalDay
2019-01-04,67.0,1115.0,0.0,100,252.39,241.0,0,0.0,0.0,,0.0,1,0.19,0.43,SPY190329C00285000,285.0,normalDay
2019-01-07,67.0,1310.0,0.0,100,254.38,241.0,0,0.0,0.0,,0.0,1,0.19,0.47,SPY190329C00285000,285.0,normalDay
2019-01-08,67.0,1544.0,0.0,100,256.77,241.0,0,0.0,0.0,,0.0,1,0.19,0.52,SPY190329C00285000,285.0,normalDay
2019-01-09,67.0,1667.0,0.0,100,257.97,241.0,0,0.0,0.0,,0.0,1,0.19,0.49,SPY190329C00285000,285.0,normalDay
2019-01-10,67.0,1756.0,0.0,100,258.88,241.0,0,0.0,0.0,,0.0,1,0.19,0.51,SPY190329C00285000,285.0,normalDay
2019-01-11,67.0,1779.0,0.0,100,258.98,241.0,0,0.0,0.0,,0.0,1,0.19,0.38,SPY190329C00285000,285.0,normalDay
2019-01-14,67.0,1631.0,0.0,100,257.4,241.0,0,0.0,0.0,,0.0,1,0.19,0.28,SPY190329C00285000,285.0,normalDay
2019-01-15,67.0,1921.0,0.0,100,260.35,241.0,0,0.0,0.0,,0.0,1,0.19,0.33,SPY190329C00285000,285.0,normalDay
2019-01-16,67.0,1979.0,0.0,100,260.98,241.0,0,0.0,0.0,,0.0,1,0.19,0.38,SPY190329C00285000,285.0,normalDay
2019-01-17,67.0,2168.0,0.0,100,262.96,241.0,0,0.0,0.0,,0.0,1,0.19,0.47,SPY190329C00285000,285.0,normalDay
2019-01-18,67.0,2480.0,0.0,100,266.46,241.0,0,0.0,0.0,,0.0,1,0.19,0.85,SPY190329C00285000,285.0,normalDay
2019-01-22,67.0,2149.0,0.0,100,262.86,241.0,0,0.0,0.0,,0.0,1,0.19,0.56,SPY190329C00285000,285.0,normalDay
2019-01-23,67.0,2208.0,0.0,100,263.41,241.0,0,0.0,0.0,,0.0,1,0.19,0.52,SPY190329C00285000,285.0,normalDay
2019-01-24,67.0,2233.0,0.0,100,263.55,241.0,0,0.0,0.0,,0.0,1,0.19,0.41,SPY190329C00285000,285.0,normalDay
2019-01-25,67.0,2438.0,0.0,100,265.78,241.0,0,0.0,0.0,,0.0,1,0.19,0.59,SPY190329C00285000,285.0,normalDay
2019-01-28,67.0,2253.0,0.0,100,263.76,241.0,0,0.0,0.0,,0.0,1,0.19,0.42,SPY190329C00285000,285.0,normalDay
2019-01-29,67.0,2221.0,0.0,100,263.41,241.0,0,0.0,0.0,,0.0,1,0.19,0.39,SPY190329C00285000,285.0,normalDay
2019-01-30,67.0,2613.0,0.0,100,267.58,241.0,0,0.0,0.0,,0.0,1,0.19,0.64,SPY190329C00285000,285.0,normalDay
2019-01-31,67.0,2824.0,0.0,100,269.93,241.0,0,0.0,0.0,,0.0,1,0.19,0.88,SPY190329C00285000,285.0,normalDay
2019-02-01,67.0,2850.0,0.0,100,270.06,241.0,0,0.0,0.0,,0.0,1,0.19,0.75,SPY190329C00285000,285.0,normalDay
2019-02-04,67.0,3029.0,0.0,100,271.96,241.0,0,0.0,0.0,,0.0,1,0.19,0.86,SPY190329C00285000,285.0,normalDay
2019-02-05,67.0,3130.0,0.0,100,273.1,241.0,0,0.0,0.0,,0.0,1,0.19,0.99,SPY190329C00285000,285.0,normalDay
2019-02-06,67.0,3108.0,0.0,100,272.74,241.0,0,0.0,0.0,,0.0,1,0.19,0.85,SPY190329C00285000,285.0,normalDay
2019-02-07,67.0,2881.0,0.0,100,270.14,241.0,0,0.0,0.0,,0.0,1,0.19,0.52,SPY190329C00285000,285.0,normalDay
2019-02-08,67.0,2922.0,0.0,100,270.47,241.0,0,0.0,0.0,,0.0,1,0.19,0.44,SPY190329C00285000,285.0,normalDay
2019-02-11,67.0,2938.0,0.0,100,270.62,241.0,0,0.0,0.0,,0.0,1,0.19,0.43,SPY190329C00285000,285.0,normalDay
2019-02-12,67.0,3236.0,0.0,100,274.1,241.0,0,0.0,0.0,,0.0,1,0.19,0.93,SPY190329C00285000,285.0,normalDay
2019-02-13,67.0,3316.0,0.0,100,274.99,241.0,0,0.0,0.0,,0.0,1,0.19,1.02,SPY190329C00285000,285.0,normalDay
2019-02-14,67.0,3265.0,0.0,100,274.38,241.0,0,0.0,0.0,,0.0,1,0.19,0.92,SPY190329C00285000,285.0,normalDay
2019-02-15,67.0,3522.0,0.0,100,277.37,241.0,0,0.0,0.0,,0.0,1,0.19,1.34,SPY190329C00285000,285.0,normalDay
2019-02-19,67.0,3584.0,0.0,100,277.85,241.0,0,0.0,0.0,,0.0,1,0.19,1.2,SPY190329C00285000,285.0,normalDay
2019-02-20,67.0,3640.0,0.0,100,278.41,241.0,0,0.0,0.0,,0.0,1,0.19,1.2,SPY190329C00285000,285.0,normalDay
2019-02-21,67.0,3568.0,0.0,100,277.42,241.0,0,0.0,0.0,,0.0,1,0.19,0.93,SPY190329C00285000,285.0,normalDay
2019-02-22,67.0,3714.0,0.0,100,279.14,241.0,0,0.0,0.0,,0.0,1,0.19,1.19,SPY190329C00285000,285.0,normalDay
2019-02-25,67.0,3737.0,0.0,100,279.52,241.0,0,0.0,0.0,,0.0,1,0.19,1.34,SPY190329C00285000,285.0,normalDay
2019-02-26,67.0,3730.0,0.0,100,279.32,241.0,0,0.0,0.0,,0.0,1,0.19,1.21,SPY190329C00285000,285.0,normalDay
2019-02-27,67.0,3733.0,0.0,100,279.2,241.0,0,0.0,0.0,,0.0,1,0.19,1.06,SPY190329C00285000,285.0,normalDay
2019-02-28,67.0,3708.0,0.0,100,278.68,241.0,0,0.0,0.0,,0.0,1,0.19,0.79,SPY190329C00285000,285.0,normalDay
2019-03-01,67.0,3864.0,0.0,100,280.42,241.0,0,0.0,0.0,,0.0,1,0.19,0.97,SPY190329C00285000,285.0,normalDay
2019-03-04,67.0,3792.0,0.0,100,279.4,241.0,0,0.0,0.0,,0.0,1,0.19,0.67,SPY190329C00285000,285.0,normalDay
2019-03-05,67.0,3760.0,0.0,100,279.02,241.0,0,0.0,0.0,,0.0,1,0.19,0.61,SPY190329C00285000,285.0,normalDay
2019-03-06,67.0,3613.0,0.0,100,277.33,241.0,0,0.0,0.0,,0.0,1,0.19,0.39,SPY190329C00285000,285.0,normalDay
2019-03-07,67.0,3399.0,0.0,100,275.01,241.0,0,0.0,0.0,,0.0,1,0.19,0.21,SPY190329C00285000,285.0,normalDay
2019-03-08,67.0,3352.0,0.0,100,274.46,241.0,0,0.0,0.0,,0.0,1,0.19,0.13,SPY190329C00285000,285.0,normalDay
2019-03-11,67.0,3733.0,0.0,100,278.44,241.0,0,0.0,0.0,,0.0,1,0.19,0.3,SPY190329C00285000,285.0,normalDay
2019-03-12,67.0,3834.0,0.0,100,279.49,241.0,0,0.0,0.0,,0.0,1,0.19,0.34,SPY190329C00285000,285.0,normalDay
2019-03-13,67.0,3978.0,0.0,100,281.34,241.0,0,0.0,0.0,,0.0,1,0.19,0.75,SPY190329C00285000,285.0,normalDay
2019-03-14,67.0,3977.0,0.0,100,281.16,241.0,0,0.0,0.0,,0.0,1,0.19,0.58,SPY190329C00285000,285.0,normalDay
2019-03-15,67.0,3971.0,0.0,100,281.31,241.0,0,0.0,0.0,,0.0,1,0.19,0.79,SPY190329C00285000,285.0,normalDay
2019-03-18,67.0,4038.0,0.0,100,282.33,241.0,0,0.0,0.0,,0.0,1,0.19,1.14,SPY190329C00285000,285.0,normalDay
2019-03-19,67.0,4053.0,0.0,100,282.4,241.0,0,0.0,0.0,,0.0,1,0.19,1.06,SPY190329C00285000,285.0,normalDay
2019-03-20,67.0,4004.0,0.0,100,281.55,241.0,0,0.0,0.0,,0.0,1,0.19,0.7,SPY190329C00285000,285.0,normalDay
2019-03-21,67.0,4206.0,0.0,100,284.73,241.0,0,0.0,0.0,,0.0,1,0.19,1.86,SPY190329C00285000,285.0,normalDay
2019-03-22,67.0,3794.0,0.0,100,279.25,241.0,0,0.0,0.0,,0.0,1,0.19,0.5,SPY190329C00285000,285.0,normalDay
2019-03-25,67.0,3806.0,0.0,100,279.04,241.0,0,0.0,0.0,,0.0,1,0.19,0.17,SPY190329C00285000,285.0,normalDay
2019-03-26,67.0,4011.0,0.0,100,281.12,241.0,0,0.0,0.0,,0.0,1,0.19,0.2,SPY190329C00285000,285.0,normalDay
2019-03-27,67.0,3879.0,0.0,100,279.65,241.0,0,0.0,0.0,,0.0,1,0.19,0.05,SPY190329C00285000,285.0,normalDay
2019-03-28,67.0,3987.0,0.0,100,280.71,241.0,0,0.0,0.0,,0.0,1,0.19,0.03,SPY190329C00285000,285.0,normalDay
2019-03-29,86.0,4148.0,19.0,100,282.48,241.0,0,0.0,0.0,,0.0,1,0.19,0.0,SPY190329C00285000,285.0,expirationDay
2019-04-01,86.0,4476.0,0.0,100,285.83,241.0,0,0.0,0.0,,0.0,1,9.95,10.02,SPY190816C00286000,286.0,normalDay
2019-04-02,86.0,4496.0,0.0,100,285.97,241.0,0,0.0,0.0,,0.0,1,9.95,9.96,SPY190816C00286000,286.0,normalDay
2019-04-03,86.0,4489.0,0.0,100,286.42,241.0,0,0.0,0.0,,0.0,1,9.95,10.48,SPY190816C00286000,286.0,normalDay
2019-04-04,86.0,4536.0,0.0,100,287.18,241.0,0,0.0,0.0,,0.0,1,9.95,10.77,SPY190816C00286000,286.0,normalDay
2019-04-05,86.0,4612.0,0.0,100,288.57,241.0,0,0.0,0.0,,0.0,1,9.95,11.4,SPY190816C00286000,286.0,normalDay
2019-04-08,86.0,4629.0,0.0,100,288.79,241.0,0,0.0,0.0,,0.0,1,9.95,11.45,SPY190816C00286000,286.0,normalDay
2019-04-09,86.0,4565.0,0.0,100,287.31,241.0,0,0.0,0.0,,0.0,1,9.95,10.61,SPY190816C00286000,286.0,normalDay
2019-04-10,86.0,4608.0,0.0,100,288.29,241.0,0,0.0,0.0,,0.0,1,9.95,11.16,SPY190816C00286000,286.0,normalDay
2019-04-11,86.0,4629.0,0.0,100,288.21,241.0,0,0.0,0.0,,0.0,1,9.95,10.87,SPY190816C00286000,286.0,normalDay
2019-04-12,86.0,4713.0,0.0,100,290.16,241.0,0,0.0,0.0,,0.0,1,9.95,11.98,SPY190816C00286000,286.0,normalDay
2019-04-15,86.0,4720.0,0.0,100,289.97,241.0,0,0.0,0.0,,0.0,1,9.95,11.72,SPY190816C00286000,286.0,normalDay
2019-04-16,86.0,4742.0,0.0,100,290.16,241.0,0,0.0,0.0,,0.0,1,9.95,11.69,SPY190816C00286000,286.0,normalDay
2019-04-17,86.0,4725.0,0.0,100,289.45,241.0,0,0.0,0.0,,0.0,1,9.95,11.15,SPY190816C00286000,286.0,normalDay
2019-04-18,86.0,4737.0,0.0,100,290.02,241.0,0,0.0,0.0,,0.0,1,9.95,11.6,SPY190816C00286000,286.0,normalDay
2019-04-22,86.0,4753.0,0.0,100,290.27,241.0,0,0.0,0.0,,0.0,1,9.95,11.69,SPY190816C00286000,286.0,normalDay
2019-04-23,86.0,4851.0,0.0,100,292.88,241.0,0,0.0,0.0,,0.0,1,9.95,13.32,SPY190816C00286000,286.0,normalDay
2019-04-24,86.0,4813.0,0.0,100,292.23,241.0,0,0.0,0.0,,0.0,1,9.95,13.05,SPY190816C00286000,286.0,normalDay
2019-04-25,86.0,4818.0,0.0,100,292.05,241.0,0,0.0,0.0,,0.0,1,9.95,12.82,SPY190816C00286000,286.0,normalDay
2019-04-26,86.0,4866.0,0.0,100,293.41,241.0,0,0.0,0.0,,0.0,1,9.95,13.7,SPY190816C00286000,286.0,normalDay
2019-04-29,86.0,4892.0,0.0,100,293.87,241.0,0,0.0,0.0,,0.0,1,9.95,13.9,SPY190816C00286000,286.0,normalDay
2019-04-30,86.0,4874.0,0.0,100,294.02,241.0,0,0.0,0.0,,0.0,1,9.95,14.23,SPY190816C00286000,286.0,normalDay
2019-05-01,86.0,4812.0,0.0,100,291.81,241.0,0,0.0,0.0,,0.0,1,9.95,12.64,SPY190816C00286000,286.0,normalDay
2019-05-02,86.0,4802.0,0.0,100,291.18,241.0,0,0.0,0.0,,0.0,1,9.95,12.11,SPY190816C00286000,286.0,normalDay
2019-05-03,86.0,4910.0,0.0,100,294.03,241.0,0,0.0,0.0,,0.0,1,9.95,13.88,SPY190816C00286000,286.0,normalDay
2019-05-06,86.0,4845.0,0.0,100,292.82,241.0,0,0.0,0.0,,0.0,1,9.95,13.32,SPY190816C00286000,286.0,normalDay
2019-05-07,86.0,4544.0,0.0,100,287.93,241.0,0,0.0,0.0,,0.0,1,9.95,11.44,SPY190816C00286000,286.0,normalDay
2019-05-08,86.0,4552.0,0.0,100,287.53,241.0,0,0.0,0.0,,0.0,1,9.95,10.96,SPY190816C00286000,286.0,normalDay
2019-05-09,86.0,4543.0,0.0,100,286.66,241.0,0,0.0,0.0,,0.0,1,9.95,10.18,SPY190816C00286000,286.0,normalDay
2019-05-10,86.0,4699.0,0.0,100,288.1,241.0,0,0.0,0.0,,0.0,1,9.95,10.06,SPY190816C00286000,286.0,normalDay
2019-05-13,86.0,4305.0,0.0,100,280.86,241.0,0,0.0,0.0,,0.0,1,9.95,6.76,SPY190816C00286000,286.0,normalDay
2019-05-14,86.0,4471.0,0.0,100,283.4,241.0,0,0.0,0.0,,0.0,1,9.95,7.64,SPY190816C00286000,286.0,normalDay
2019-05-15,86.0,4572.0,0.0,100,285.06,241.0,0,0.0,0.0,,0.0,1,9.95,8.29,SPY190816C00286000,286.0,normalDay
2019-05-16,86.0,4729.0,0.0,100,287.7,241.0,0,0.0,0.0,,0.0,1,9.95,9.36,SPY190816C00286000,286.0,normalDay
2019-05-17,86.0,4642.0,0.0,100,285.84,241.0,0,0.0,0.0,,0.0,1,9.95,8.37,SPY190816C00286000,286.0,normalDay
2019-05-20,86.0,4556.0,0.0,100,283.95,241.0,0,0.0,0.0,,0.0,1,9.95,7.34,SPY190816C00286000,286.0,normalDay
2019-05-21,86.0,4718.0,0.0,100,286.51,241.0,0,0.0,0.0,,0.0,1,9.95,8.28,SPY190816C00286000,286.0,normalDay
2019-05-22,86.0,4697.0,0.0,100,285.63,241.0,0,0.0,0.0,,0.0,1,9.95,7.61,SPY190816C00286000,286.0,normalDay
2019-05-23,86.0,4500.0,0.0,100,282.14,241.0,0,0.0,0.0,,0.0,1,9.95,6.09,SPY190816C00286000,286.0,normalDay
2019-05-24,86.0,4537.0,0.0,100,282.78,241.0,0,0.0,0.0,,0.0,1,9.95,6.36,SPY190816C00286000,286.0,normalDay
2019-05-28,86.0,4386.0,0.0,100,280.15,241.0,0,0.0,0.0,,0.0,1,9.95,5.24,SPY190816C00286000,286.0,normalDay
2019-05-29,86.0,4288.0,0.0,100,278.27,241.0,0,0.0,0.0,,0.0,1,9.95,4.34,SPY190816C00286000,286.0,normalDay
2019-05-30,86.0,4348.0,0.0,100,279.03,241.0,0,0.0,0.0,,0.0,1,9.95,4.5,SPY190816C00286000,286.0,normalDay
2019-05-31,86.0,4091.0,0.0,100,275.27,241.0,0,0.0,0.0,,0.0,1,9.95,3.31,SPY190816C00286000,286.0,normalDay
2019-06-03,86.0,4054.0,0.0,100,274.57,241.0,0,0.0,0.0,,0.0,1,9.95,2.98,SPY190816C00286000,286.0,normalDay
2019-06-04,86.0,4472.0,0.0,100,280.53,241.0,0,0.0,0.0,,0.0,1,9.95,4.76,SPY190816C00286000,286.0,normalDay
2019-06-05,86.0,4623.0,0.0,100,282.96,241.0,0,0.0,0.0,,0.0,1,9.95,5.68,SPY190816C00286000,286.0,normalDay
2019-06-06,86.0,4731.0,0.0,100,284.8,241.0,0,0.0,0.0,,0.0,1,9.95,6.44,SPY190816C00286000,286.0,normalDay
2019-06-07,86.0,4849.0,0.0,100,287.65,241.0,0,0.0,0.0,,0.0,1,9.95,8.11,SPY190816C00286000,286.0,normalDay
2019-06-10,86.0,4913.0,0.0,100,288.97,241.0,0,0.0,0.0,,0.0,1,9.95,8.79,SPY190816C00286000,286.0,normalDay
2019-06-11,86.0,4913.0,0.0,100,288.9,241.0,0,0.0,0.0,,0.0,1,9.95,8.72,SPY190816C00286000,286.0,normalDay
2019-06-12,86.0,4897.0,0.0,100,288.39,241.0,0,0.0,0.0,,0.0,1,9.95,8.37,SPY190816C00286000,286.0,normalDay
2019-06-13,86.0,4943.0,0.0,100,289.58,241.0,0,0.0,0.0,,0.0,1,9.95,9.1,SPY190816C00286000,286.0,normalDay
2019-06-14,86.0,4939.0,0.0,100,289.26,241.0,0,0.0,0.0,,0.0,1,9.95,8.82,SPY190816C00286000,286.0,normalDay
2019-06-17,86.0,4966.0,0.0,100,289.37,241.0,0,0.0,0.0,,0.0,1,9.95,8.66,SPY190816C00286000,286.0,normalDay
2019-06-18,86.0,5072.0,0.0,100,292.4,241.0,0,0.0,0.0,,0.0,1,9.95,10.63,SPY190816C00286000,286.0,normalDay
2019-06-19,86.0,5109.0,0.0,100,293.06,241.0,0,0.0,0.0,,0.0,1,9.95,10.92,SPY190816C00286000,286.0,normalDay
2019-06-20,86.0,5189.0,0.0,100,295.86,241.0,0,0.0,0.0,,0.0,1,9.95,12.92,SPY190816C00286000,286.0,normalDay
2019-06-21,86.0,5022.0,0.0,100,294.0,241.0,0,0.0,0.0,,0.0,1,9.95,12.73,SPY190816C00286000,286.0,normalDay
2019-06-24,86.0,5033.0,0.0,100,293.64,241.0,0,0.0,0.0,,0.0,1,9.95,12.26,SPY190816C00286000,286.0,normalDay
2019-06-25,86.0,4940.0,0.0,100,290.76,241.0,0,0.0,0.0,,0.0,1,9.95,10.31,SPY190816C00286000,286.0,normalDay
2019-06-26,86.0,4960.0,0.0,100,290.47,241.0,0,0.0,0.0,,0.0,1,9.95,9.82,SPY190816C00286000,286.0,normalDay
2019-06-27,86.0,4980.0,0.0,100,291.5,241.0,0,0.0,0.0,,0.0,1,9.95,10.65,SPY190816C00286000,286.0,normalDay
2019-06-28,86.0,5008.0,0.0,100,293.0,241.0,0,0.0,0.0,,0.0,1,9.95,11.87,SPY190816C00286000,286.0,normalDay
2019-07-01,86.0,5173.0,0.0,100,295.66,241.0,0,0.0,0.0,,0.0,1,9.95,12.88,SPY190816C00286000,286.0,normalDay
2019-07-02,86.0,5205.0,0.0,100,296.43,241.0,0,0.0,0.0,,0.0,1,9.95,13.33,SPY190816C00286000,286.0,normalDay
2019-07-03,86.0,5247.0,0.0,100,298.8,241.0,0,0.0,0.0,,0.0,1,9.95,15.28,SPY190816C00286000,286.0,normalDay
2019-07-05,86.0,5292.0,0.0,100,298.46,241.0,0,0.0,0.0,,0.0,1,9.95,14.49,SPY190816C00286000,286.0,normalDay
2019-07-08,86.0,5229.0,0.0,100,296.82,241.0,0,0.0,0.0,,0.0,1,9.95,13.48,SPY190816C00286000,286.0,normalDay
2019-07-09,86.0,5249.0,0.0,100,297.19,241.0,0,0.0,0.0,,0.0,1,9.95,13.65,SPY190816C00286000,286.0,normalDay
2019-07-10,86.0,5279.0,0.0,100,298.61,241.0,0,0.0,0.0,,0.0,1,9.95,14.77,SPY190816C00286000,286.0,normalDay
2019-07-11,86.0,5296.0,0.0,100,299.31,241.0,0,0.0,0.0,,0.0,1,9.95,15.3,SPY190816C00286000,286.0,normalDay
2019-07-12,86.0,5333.0,0.0,100,300.65,241.0,0,0.0,0.0,,0.0,1,9.95,16.27,SPY190816C00286000,286.0,normalDay
2019-07-15,86.0,5341.0,0.0,100,300.75,241.0,0,0.0,0.0,,0.0,1,9.95,16.29,SPY190816C00286000,286.0,normalDay
2019-07-16,86.0,5324.0,0.0,100,299.78,241.0,0,0.0,0.0,,0.0,1,9.95,15.49,SPY190816C00286000,286.0,normalDay
2019-07-17,86.0,5297.0,0.0,100,297.74,241.0,0,0.0,0.0,,0.0,1,9.95,13.72,SPY190816C00286000,286.0,normalDay
2019-07-18,86.0,5322.0,0.0,100,298.83,241.0,0,0.0,0.0,,0.0,1,9.95,14.56,SPY190816C00286000,286.0,normalDay
2019-07-19,86.0,5309.0,0.0,100,297.17,241.0,0,0.0,0.0,,0.0,1,9.95,13.03,SPY190816C00286000,286.0,normalDay
2019-07-22,86.0,5351.0,0.0,100,297.9,241.0,0,0.0,0.0,,0.0,1,9.95,13.34,SPY190816C00286000,286.0,normalDay
2019-07-23,86.0,5398.0,0.0,100,300.03,241.0,0,0.0,0.0,,0.0,1,9.95,15.0,SPY190816C00286000,286.0,normalDay
2019-07-24,86.0,5411.0,0.0,100,301.44,241.0,0,0.0,0.0,,0.0,1,9.95,16.28,SPY190816C00286000,286.0,normalDay
2019-07-25,86.0,5399.0,0.0,100,300.0,241.0,0,0.0,0.0,,0.0,1,9.95,14.96,SPY190816C00286000,286.0,normalDay
2019-07-26,86.0,5428.0,0.0,100,302.01,241.0,0,0.0,0.0,,0.0,1,9.95,16.68,SPY190816C00286000,286.0,normalDay
2019-07-29,86.0,5405.0,0.0,100,301.46,241.0,0,0.0,0.0,,0.0,1,9.95,16.36,SPY190816C00286000,286.0,normalDay
2019-07-30,86.0,5416.0,0.0,100,300.72,241.0,0,0.0,0.0,,0.0,1,9.95,15.51,SPY190816C00286000,286.0,normalDay
2019-07-31,86.0,5380.0,0.0,100,297.43,241.0,0,0.0,0.0,,0.0,1,9.95,12.58,SPY190816C00286000,286.0,normalDay
2019-08-01,86.0,5292.0,0.0,100,294.84,241.0,0,0.0,0.0,,0.0,1,9.95,10.87,SPY190816C00286000,286.0,normalDay
2019-08-02,86.0,5276.0,0.0,100,292.62,241.0,0,0.0,0.0,,0.0,1,9.95,8.81,SPY190816C00286000,286.0,normalDay
2019-08-05,86.0,4900.0,0.0,100,283.82,241.0,0,0.0,0.0,,0.0,1,9.95,3.77,SPY190816C00286000,286.0,normalDay
2019-08-06,86.0,5162.0,0.0,100,287.8,241.0,0,0.0,0.0,,0.0,1,9.95,5.13,SPY190816C00286000,286.0,normalDay
2019-08-07,86.0,5195.0,0.0,100,287.97,241.0,0,0.0,0.0,,0.0,1,9.95,4.97,SPY190816C00286000,286.0,normalDay
2019-08-08,86.0,5391.0,0.0,100,293.62,241.0,0,0.0,0.0,,0.0,1,9.95,8.66,SPY190816C00286000,286.0,normalDay
2019-08-09,86.0,5354.0,0.0,100,291.62,241.0,0,0.0,0.0,,0.0,1,9.95,7.03,SPY190816C00286000,286.0,normalDay
2019-08-12,86.0,5296.0,0.0,100,288.07,241.0,0,0.0,0.0,,0.0,1,9.95,4.06,SPY190816C00286000,286.0,normalDay
2019-08-13,86.0,5442.0,0.0,100,292.55,241.0,0,0.0,0.0,,0.0,1,9.95,7.08,SPY190816C00286000,286.0,normalDay
2019-08-14,86.0,5126.0,0.0,100,283.9,241.0,0,0.0,0.0,,0.0,1,9.95,1.59,SPY190816C00286000,286.0,normalDay
2019-08-15,86.0,5263.0,0.0,100,284.65,241.0,0,0.0,0.0,,0.0,1,9.95,0.97,SPY190816C00286000,286.0,normalDay
2019-08-16,5581.0,5263.0,5495.0,0,288.85,0.0,0,0.0,0.0,,0.0,1,9.95,0.0,SPY190816C00286000,286.0,expirationDay
2019-08-19,5581.0,0.0,0.0,0,292.33,0.0,0,0.0,0.0,,0.0,0,0.0,0.0,,0.0,bidTooLow
2019-08-20,5581.0,0.0,0.0,0,290.09,0.0,0,0.0,0.0,,0.0,0,0.0,0.0,,0.0,bidTooLow
2019-08-21,5581.0,0.0,0.0,0,292.45,0.0,0,0.0,0.0,,0.0,0,0.0,0.0,,0.0,bidTooLow
2019-08-22,5581.0,0.0,0.0,0,292.36,0.0,0,0.0,0.0,,0.0,0,0.0,0.0,,0.0,bidTooLow
2019-08-23,5581.0,-3.0,0.0,0,284.85,0.0,1,0.05,0.08,SPY190826P00270000,270.0,0,0.0,0.0,,0.0,normalDay
2019-08-26,5586.0,0.0,5.0,0,288.0,0.0,1,0.05,0.0,SPY190826P00270000,270.0,0,0.0,0.0,,0.0,expirationDay
2019-08-27,5586.0,-3.0,0.0,0,286.87,0.0,1,0.09,0.12,SPY190830P00274000,274.0,0,0.0,0.0,,0.0,normalDay
2019-08-28,5586.0,5.0,0.0,0,288.89,0.0,1,0.09,0.04,SPY190830P00274000,274.0,0,0.0,0.0,,0.0,normalDay
2019-08-29,5586.0,7.0,0.0,0,292.58,0.0,1,0.09,0.02,SPY190830P00274000,274.0,0,0.0,0.0,,0.0,normalDay
2019-08-30,5595.0,0.0,9.0,0,292.45,0.0,1,0.09,0.0,SPY190830P00274000,274.0,0,0.0,0.0,,0.0,expirationDay
2019-09-03,5595.0,-3.0,0.0,0,290.74,0.0,1,0.08,0.11,SPY190906P00277500,277.5,0,0.0,0.0,,0.0,normalDay
2019-09-04,5595.0,5.0,0.0,0,294.04,0.0,1,0.08,0.03,SPY190906P00277500,277.5,0,0.0,0.0,,0.0,normalDay
2019-09-05,5595.0,6.0,0.0,0,297.82,0.0,1,0.08,0.02,SPY190906P00277500,277.5,0,0.0,0.0,,0.0,normalDay
2019-09-06,5603.0,0.0,8.0,0,298.05,0.0,1,0.08,0.0,SPY190906P00277500,277.5,0,0.0,0.0,,0.0,expirationDay
2019-09-09,5603.0,0.0,0.0,0,298.2,0.0,0,0.0,0.0,,0.0,0,0.0,0.0,,0.0,bidTooLow
2019-09-10,5603.0,0.0,0.0,0,298.13,0.0,0,0.0,0.0,,0.0,0,0.0,0.0,,0.0,bidTooLow
2019-09-11,5603.0,0.0,0.0,0,300.25,0.0,0,0.0,0.0,,0.0,0,0.0,0.0,,0.0,bidTooLow
2019-09-12,5603.0,0.0,0.0,0,301.29,0.0,0,0.0,0.0,,0.0,0,0.0,0.0,,0.0,bidTooLow
2019-09-13,5603.0,0.0,0.0,0,301.09,0.0,0,0.0,0.0,,0.0,0,0.0,0.0,,0.0,bidTooLow
2019-09-16,5603.0,0.0,0.0,0,300.16,0.0,0,0.0,0.0,,0.0,0,0.0,0.0,,0.0,bidTooLow
2019-09-17,5603.0,-3.0,0.0,0,300.92,0.0,1,0.01,0.04,SPY190920P00273000,273.0,0,0.0,0.0,,0.0,normalDay
2019-09-18,5603.0,-2.0,0.0,0,301.1,0.0,1,0.01,0.03,SPY190920P00273000,273.0,0,0.0,0.0,,0.0,normalDay
2019-09-19,5603.0,-1.0,0.0,0,301.08,0.0,1,0.01,0.02,SPY190920P00273000,273.0,0,0.0,0.0,,0.0,normalDay
2019-09-20,5604.0,0.0,1.0,0,298.28,0.0,1,0.01,0.0,SPY190920P00273000,273.0,0,0.0,0.0,,0.0,expirationDay
2019-09-23,5604.0,0.0,0.0,0,298.21,0.0,0,0.0,0.0,,0.0,0,0.0,0.0,,0.0,bidTooLow
2019-09-24,5604.0,-3.0,0.0,0,295.87,0.0,1,0.05,0.08,SPY190927P00279000,279.0,0,0.0,0.0,,0.0,normalDay
2019-09-25,5604.0,2.0,0.0,0,297.62,0.0,1,0.05,0.03,SPY190927P00279000,279.0,0,0.0,0.0,,0.0,normalDay
2019-09-26,5604.0,4.0,0.0,0,297.0,0.0,1,0.05,0.01,SPY190927P00279000,279.0,0,0.0,0.0,,0.0,normalDay
2019-09-27,5609.0,0.0,5.0,0,295.4,0.0,1,0.05,0.0,SPY190927P00279000,279.0,0,0.0,0.0,,0.0,expirationDay
2019-09-30,5609.0,-3.0,0.0,0,296.77,0.0,1,0.02,0.05,SPY191002P00287000,287.0,0,0.0,0.0,,0.0,normalDay
2019-10-01,5609.0,-4.0,0.0,0,293.24,0.0,1,0.02,0.06,SPY191002P00287000,287.0,0,0.0,0.0,,0.0,normalDay
2019-10-02,5611.0,0.0,2.0,0,288.06,0.0,1,0.02,0.0,SPY191002P00287000,287.0,0,0.0,0.0,,0.0,expirationDay
2019-10-03,5611.0,-3.0,0.0,0,290.42,0.0,1,0.05,0.08,SPY191004P00283000,283.0,0,0.0,0.0,,0.0,normalDay
2019-10-04,5616.0,0.0,5.0,0,294.35,0.0,1,0.05,0.0,SPY191004P00283000,283.0,0,0.0,0.0,,0.0,expirationDay
2019-10-07,5616.0,-3.0,0.0,0,293.08,0.0,1,0.01,0.04,SPY191009P00282000,282.0,0,0.0,0.0,,0.0,normalDay
2019-10-08,5616.0,-7.0,0.0,0,288.53,0.0,1,0.01,0.08,SPY191009P00282000,282.0,0,0.0,0.0,,0.0,normalDay
2019-10-09,5617.0,0.0,1.0,0,291.27,0.0,1,0.01,0.0,SPY191009P00282000,282.0,0,0.0,0.0,,0.0,expirationDay
2019-10-10,5617.0,0.0,0.0,0,293.24,0.0,0,0.0,0.0,,0.0,0,0.0,0.0,,0.0,bidTooLow
2019-10-11,5617.0,0.0,0.0,0,296.28,0.0,0,0.0,0.0,,0.0,0,0.0,0.0,,0.0,bidTooLow
2019-10-14,5617.0,0.0,0.0,0,295.95,0.0,0,0.0,0.0,,0.0,0,0.0,0.0,,0.0,bidTooLow
2019-10-15,5617.0,0.0,0.0,0,298.88,0.0,0,0.0,0.0,,0.0,0,0.0,0.0,,0.0,bidTooLow
2019-10-16,5617.0,0.0,0.0,0,298.4,0.0,0,0.0,0.0,,0.0,0,0.0,0.0,,0.0,bidTooLow
2019-10-17,5617.0,0.0,0.0,0,299.28,0.0,0,0.0,0.0,,0.0,0,0.0,0.0,,0.0,bidTooLow
2019-10-18,5617.0,0.0,0.0,0,297.97,0.0,0,0.0,0.0,,0.0,0,0.0,0.0,,0.0,bidTooLow
2019-10-21,5617.0,0.0,0.0,0,299.99,0.0,0,0.0,0.0,,0.0,0,0.0,0.0,,0.0,bidTooLow
2019-10-22,5617.0,0.0,0.0,0,299.01,0.0,0,0.0,0.0,,0.0,0,0.0,0.0,,0.0,bidTooLow
2019-10-23,5617.0,0.0,0.0,0,299.88,0.0,0,0.0,0.0,,0.0,0,0.0,0.0,,0.0,bidTooLow
2019-10-24,5617.0,0.0,0.0,0,300.37,0.0,0,0.0,0.0,,0.0,0,0.0,0.0,,0.0,bidTooLow
2019-10-25,5617.0,0.0,0.0,0,301.6,0.0,0,0.0,0.0,,0.0,0,0.0,0.0,,0.0,bidTooLow
2019-10-28,5617.0,0.0,0.0,0,303.3,0.0,0,0.0,0.0,,0.0,0,0.0,0.0,,0.0,bidTooLow
2019-10-29,5617.0,0.0,0.0,0,303.21,0.0,0,0.0,0.0,,0.0,0,0.0,0.0,,0.0,bidTooLow
2019-10-30,5617.0,0.0,0.0,0,304.14,0.0,0,0.0,0.0,,0.0,0,0.0,0.0,,0.0,bidTooLow
2019-10-31,5617.0,0.0,0.0,0,303.33,0.0,0,0.0,0.0,,0.0,0,0.0,0.0,,0.0,bidTooLow
2019-11-01,5617.0,0.0,0.0,0,306.14,0.0,0,0.0,0.0,,0.0,0,0.0,0.0,,0.0,bidTooLow
2019-11-04,5617.0,0.0,0.0,0,307.37,0.0,0,0.0,0.0,,0.0,0,0.0,0.0,,0.0,bidTooLow
2019-11-05,5617.0,0.0,0.0,0,307.03,0.0,0,0.0,0.0,,0.0,0,0.0,0.0,,0.0,bidTooLow
2019-11-06,5617.0,0.0,0.0,0,307.1,0.0,0,0.0,0.0,,0.0,0,0.0,0.0,,0.0,bidTooLow
2019-11-07,5617.0,0.0,0.0,0,308.18,0.0,0,0.0,0.0,,0.0,0,0.0,0.0,,0.0,bidTooLow
2019-11-08,5617.0,0.0,0.0,0,308.94,0.0,0,0.0,0.0,,0.0,0,0.0,0.0,,0.0,bidTooLow
2019-11-11,5617.0,0.0,0.0,0,308.35,0.0,0,0.0,0.0,,0.0,0,0.0,0.0,,0.0,bidTooLow
2019-11-12,5617.0,0.0,0.0,0,309.0,0.0,0,0.0,0.0,,0.0,0,0.0,0.0,,0.0,bidTooLow
2019-11-13,5617.0,0.0,0.0,0,309.1,0.0,0,0.0,0.0,,0.0,0,0.0,0.0,,0.0,bidTooLow
2019-11-14,5617.0,0.0,0.0,0,309.55,0.0,0,0.0,0.0,,0.0,0,0.0,0.0,,0.0,bidTooLow
2019-11-15,5617.0,0.0,0.0,0,311.79,0.0,0,0.0,0.0,,0.0,0,0.0,0.0,,0.0,bidTooLow
2019-11-18,5617.0,0.0,0.0,0,312.02,0.0,0,0.0,0.0,,0.0,0,0.0,0.0,,0.0,bidTooLow
2019-11-19,5617.0,0.0,0.0,0,311.93,0.0,0,0.0,0.0,,0.0,0,0.0,0.0,,0.0,bidTooLow
2019-11-20,5617.0,0.0,0.0,0,310.77,0.0,0,0.0,0.0,,0.0,0,0.0,0.0,,0.0,bidTooLow
2019-11-21,5617.0,0.0,0.0,0,310.27,0.0,0,0.0,0.0,,0.0,0,0.0,0.0,,0.0,bidTooLow
2019-11-22,5617.0,0.0,0.0,0,310.96,0.0,0,0.0,0.0,,0.0,0,0.0,0.0,,0.0,bidTooLow
2019-11-25,5617.0,0.0,0.0,0,313.37,0.0,0,0.0,0.0,,0.0,0,0.0,0.0,,0.0,bidTooLow
2019-11-26,5617.0,0.0,0.0,0,314.08,0.0,0,0.0,0.0,,0.0,0,0.0,0.0,,0.0,bidTooLow
2019-11-27,5617.0,0.0,0.0,0,315.48,0.0,0,0.0,0.0,,0.0,0,0.0,0.0,,0.0,bidTooLow
2019-11-29,5617.0,0.0,0.0,0,314.31,0.0,0,0.0,0.0,,0.0,0,0.0,0.0,,0.0,bidTooLow
2019-12-02,5617.0,-3.0,0.0,0,311.64,0.0,1,0.03,0.06,SPY191204P00300500,300.5,0,0.0,0.0,,0.0,normalDay
2019-12-03,5617.0,0.0,0.0,0,309.55,0.0,1,0.03,0.03,SPY191204P00300500,300.5,0,0.0,0.0,,0.0,normalDay
2019-12-04,5620.0,0.0,3.0,0,311.46,0.0,1,0.03,0.0,SPY191204P00300500,300.5,0,0.0,0.0,,0.0,expirationDay
2019-12-05,5620.0,0.0,0.0,0,312.02,0.0,0,0.0,0.0,,0.0,0,0.0,0.0,,0.0,bidTooLow
2019-12-06,5620.0,0.0,0.0,0,314.87,0.0,0,0.0,0.0,,0.0,0,0.0,0.0,,0.0,bidTooLow
2019-12-09,5620.0,-3.0,0.0,0,313.88,0.0,1,0.05,0.08,SPY191211P00303000,303.0,0,0.0,0.0,,0.0,normalDay
2019-12-10,5620.0,2.0,0.0,0,313.53,0.0,1,0.05,0.03,SPY191211P00303000,303.0,0,0.0,0.0,,0.0,normalDay
2019-12-11,5625.0,0.0,5.0,0,314.42,0.0,1,0.05,0.0,SPY191211P00303000,303.0,0,0.0,0.0,,0.0,expirationDay
2019-12-12,5625.0,0.0,0.0,0,317.13,0.0,0,0.0,0.0,,0.0,0,0.0,0.0,,0.0,bidTooLow
2019-12-13,5625.0,-3.0,0.0,0,317.32,0.0,1,0.01,0.04,SPY191216P00304000,304.0,0,0.0,0.0,,0.0,normalDay
2019-12-16,5626.0,0.0,1.0,0,319.5,0.0,1,0.01,0.0,SPY191216P00304000,304.0,0,0.0,0.0,,0.0,expirationDay
2019-12-17,5626.0,-3.0,0.0,0,319.57,0.0,1,0.03,0.06,SPY191220P00302000,302.0,0,0.0,0.0,,0.0,normalDay
2019-12-18,5626.0,-1.0,0.0,0,319.59,0.0,1,0.03,0.04,SPY191220P00302000,302.0,0,0.0,0.0,,0.0,normalDay
2019-12-19,5626.0,0.0,0.0,0,320.9,0.0,1,0.03,0.03,SPY191220P00302000,302.0,0,0.0,0.0,,0.0,normalDay
2019-12-20,5629.0,0.0,3.0,0,320.73,0.0,1,0.03,0.0,SPY191220P00302000,302.0,0,0.0,0.0,,0.0,expirationDay
2019-12-23,5629.0,0.0,0.0,0,321.22,0.0,0,0.0,0.0,,0.0,0,0.0,0.0,,0.0,bidTooLow
2019-12-24,5629.0,0.0,0.0,0,321.23,0.0,0,0.0,0.0,,0.0,0,0.0,0.0,,0.0,bidTooLow
2019-12-26,5629.0,0.0,0.0,0,322.94,0.0,0,0.0,0.0,,0.0,0,0.0,0.0,,0.0,bidTooLow
2019-12-27,5629.0,0.0,0.0,0,322.86,0.0,0,0.0,0.0,,0.0,0,0.0,0.0,,0.0,bidTooLow
2019-12-30,5629.0,0.0,0.0,0,321.08,0.0,0,0.0,0.0,,0.0,0,0.0,0.0,,0.0,bidTooLow
2019-12-31,5629.0,-3.0,0.0,0,321.86,0.0,1,0.04,0.07,SPY200103P00301000,301.0,0,0.0,0.0,,0.0,normalDay
2020-01-02,5629.0,3.0,0.0,0,324.87,0.0,1,0.04,0.01,SPY200103P00301000,301.0,0,0.0,0.0,,0.0,normalDay
2020-01-03,5633.0,0.0,4.0,0,322.41,0.0,1,0.04,0.0,SPY200103P00301000,301.0,0,0.0,0.0,,0.0,expirationDay
2020-01-06,5633.0,0.0,0.0,0,323.64,0.0,0,0.0,0.0,,0.0,0,0.0,0.0,,0.0,bidTooLow
2020-01-07,5633.0,0.0,0.0,0,322.73,0.0,0,0.0,0.0,,0.0,0,0.0,0.0,,0.0,bidTooLow
2020-01-08,5633.0,-3.0,0.0,0,324.45,0.0,1,0.01,0.04,SPY200110P00308000,308.0,0,0.0,0.0,,0.0,normalDay
2020-01-09,5633.0,0.0,0.0,0,326.65,0.0,1,0.01,0.01,SPY200110P00308000,308.0,0,0.0,0.0,,0.0,normalDay
2020-01-10,5634.0,0.0,1.0,0,325.71,0.0,1,0.01,0.0,SPY200110P00308000,308.0,0,0.0,0.0,,0.0,expirationDay
2020-01-13,5634.0,0.0,0.0,0,327.95,0.0,0,0.0,0.0,,0.0,0,0.0,0.0,,0.0,bidTooLow
2020-01-14,5634.0,-3.0,0.0,0,327.45,0.0,1,0.01,0.04,SPY200117P00312000,312.0,0,0.0,0.0,,0.0,normalDay
2020-01-15,5634.0,-2.0,0.0,0,328.19,0.0,1,0.01,0.03,SPY200117P00312000,312.0,0,0.0,0.0,,0.0,normalDay
2020-01-16,5634.0,0.0,0.0,0,330.92,0.0,1,0.01,0.01,SPY200117P00312000,312.0,0,0.0,0.0,,0.0,normalDay
2020-01-17,5635.0,0.0,1.0,0,331.95,0.0,1,0.01,0.0,SPY200117P00312000,312.0,0,0.0,0.0,,0.0,expirationDay
2020-01-21,5635.0,0.0,0.0,0,331.3,0.0,0,0.0,0.0,,0.0,0,0.0,0.0,,0.0,bidTooLow
2020-01-22,5635.0,0.0,0.0,0,331.34,0.0,0,0.0,0.0,,0.0,0,0.0,0.0,,0.0,bidTooLow
2020-01-23,5635.0,0.0,0.0,0,331.72,0.0,0,0.0,0.0,,0.0,0,0.0,0.0,,0.0,bidTooLow
2020-01-24,5635.0,0.0,0.0,0,328.77,0.0,0,0.0,0.0,,0.0,0,0.0,0.0,,0.0,bidTooLow
2020-01-27,5635.0,-3.0,0.0,0,323.5,0.0,1,0.17,0.2,SPY200129P00311000,311.0,0,0.0,0.0,,0.0,normalDay
2020-01-28,5635.0,15.0,0.0,0,326.89,0.0,1,0.17,0.02,SPY200129P00311000,311.0,0,0.0,0.0,,0.0,normalDay
2020-01-29,5652.0,0.0,17.0,0,326.62,0.0,1,0.17,0.0,SPY200129P00311000,311.0,0,0.0,0.0,,0.0,expirationDay
2020-01-30,5652.0,0.0,0.0,0,327.68,0.0,0,0.0,0.0,,0.0,0,0.0,0.0,,0.0,bidTooLow
2020-01-31,5652.0,-4.0,0.0,0,321.73,0.0,1,0.36,0.4,SPY200203P00314000,314.0,0,0.0,0.0,,0.0,normalDay
2020-02-03,5688.0,0.0,36.0,0,324.12,0.0,1,0.36,0.0,SPY200203P00314000,314.0,0,0.0,0.0,,0.0,expirationDay
2020-02-04,5688.0,-3.0,0.0,0,329.06,0.0,1,0.06,0.09,SPY200207P00315000,315.0,0,0.0,0.0,,0.0,normalDay
2020-02-05,5688.0,3.0,0.0,0,332.86,0.0,1,0.06,0.03,SPY200207P00315000,315.0,0,0.0,0.0,,0.0,normalDay
2020-02-06,5688.0,5.0,0.0,0,333.98,0.0,1,0.06,0.01,SPY200207P00315000,315.0,0,0.0,0.0,,0.0,normalDay
2020-02-07,5694.0,0.0,6.0,0,332.2,0.0,1,0.06,0.0,SPY200207P00315000,315.0,0,0.0,0.0,,0.0,expirationDay
2020-02-10,5694.0,0.0,0.0,0,334.68,0.0,0,0.0,0.0,,0.0,0,0.0,0.0,,0.0,bidTooLow
2020-02-11,5694.0,0.0,0.0,0,335.26,0.0,0,0.0,0.0,,0.0,0,0.0,0.0,,0.0,bidTooLow
2020-02-12,5694.0,0.0,0.0,0,337.42,0.0,0,0.0,0.0,,0.0,0,0.0,0.0,,0.0,bidTooLow
2020-02-13,5694.0,0.0,0.0,0,337.06,0.0,0,0.0,0.0,,0.0,0,0.0,0.0,,0.0,bidTooLow
2020-02-14,5694.0,0.0,0.0,0,337.6,0.0,0,0.0,0.0,,0.0,0,0.0,0.0,,0.0,bidTooLow
2020-02-18,5694.0,0.0,0.0,0,336.73,0.0,0,0.0,0.0,,0.0,0,0.0,0.0,,0.0,bidTooLow
2020-02-19,5694.0,0.0,0.0,0,338.34,0.0,0,0.0,0.0,,0.0,0,0.0,0.0,,0.0,bidTooLow
2020-02-20,5694.0,0.0,0.0,0,336.95,0.0,0,0.0,0.0,,0.0,0,0.0,0.0,,0.0,bidTooLow
2020-02-21,5694.0,0.0,0.0,0,333.48,0.0,0,0.0,0.0,,0.0,0,0.0,0.0,,0.0,bidTooLow
2020-02-24,5694.0,-3.0,0.0,0,322.42,0.0,1,0.71,0.74,SPY200226P00308000,308.0,0,0.0,0.0,,0.0,normalDay
2020-02-25,5694.0,-29.0,0.0,0,312.65,0.0,1,0.71,1.0,SPY200226P00308000,308.0,0,0.0,0.0,,0.0,normalDay
2020-02-26,5765.0,0.0,71.0,0,311.5,0.0,1,0.71,0.0,SPY200226P00308000,308.0,0,0.0,0.0,,0.0,expirationDay
2020-02-27,5765.0,-7.0,0.0,0,297.51,0.0,1,0.82,0.89,SPY200228P00284000,284.0,0,0.0,0.0,,0.0,normalDay
2020-02-28,5847.0,0.0,82.0,0,296.26,0.0,1,0.82,0.0,SPY200228P00284000,284.0,0,0.0,0.0,,0.0,expirationDay
2020-03-02,5847.0,-4.0,0.0,0,309.09,0.0,1,0.03,0.07,SPY200304P00271000,271.0,0,0.0,0.0,,0.0,normalDay
2020-03-03,5847.0,1.0,0.0,0,300.24,0.0,1,0.03,0.02,SPY200304P00271000,271.0,0,0.0,0.0,,0.0,normalDay
2020-03-04,5850.0,0.0,3.0,0,312.86,0.0,1,0.03,0.0,SPY200304P00271000,271.0,0,0.0,0.0,,0.0,expirationDay
2020-03-05,5850.0,0.0,0.0,0,302.46,0.0,0,0.0,0.0,,0.0,0,0.0,0.0,,0.0,bidTooLow
2020-03-06,5850.0,0.0,0.0,0,297.46,0.0,0,0.0,0.0,,0.0,0,0.0,0.0,,0.0,bidTooLow
2020-03-09,5850.0,-9.0,0.0,0,274.23,0.0,1,0.4,0.49,SPY200311P00239000,239.0,0,0.0,0.0,,0.0,normalDay
2020-03-10,5850.0,37.0,0.0,0,288.42,0.0,1,0.4,0.03,SPY200311P00239000,239.0,0,0.0,0.0,,0.0,normalDay
2020-03-11,5890.0,0.0,40.0,0,274.36,0.0,1,0.4,0.0,SPY200311P00239000,239.0,0,0.0,0.0,,0.0,expirationDay
2020-03-12,5890.0,-10.0,0.0,0,248.11,0.0,1,0.64,0.74,SPY200313P00218000,218.0,0,0.0,0.0,,0.0,normalDay
2020-03-13,5954.0,0.0,64.0,0,269.32,0.0,1,0.64,0.0,SPY200313P00218000,218.0,0,0.0,0.0,,0.0,expirationDay
2020-03-16,5954.0,-8.0,0.0,0,239.85,0.0,1,0.3,0.38,SPY200318P00185000,185.0,0,0.0,0.0,,0.0,normalDay
2020-03-17,5954.0,28.0,0.0,0,252.8,0.0,1,0.3,0.02,SPY200318P00185000,185.0,0,0.0,0.0,,0.0,normalDay
2020-03-18,5984.0,0.0,30.0,0,240.0,0.0,1,0.3,0.0,SPY200318P00185000,185.0,0,0.0,0.0,,0.0,expirationDay
2020-03-19,5984.0,0.0,0.0,0,240.51,0.0,0,0.0,0.0,,0.0,0,0.0,0.0,,0.0,bidTooLow
2020-03-20,5984.0,0.0,0.0,0,228.8,0.0,0,0.0,0.0,,0.0,0,0.0,0.0,,0.0,bidTooLow
2020-03-23,5984.0,0.0,0.0,0,222.95,0.0,0,0.0,0.0,,0.0,0,0.0,0.0,,0.0,bidTooLow
2020-03-24,5984.0,0.0,0.0,0,243.15,0.0,0,0.0,0.0,,0.0,0,0.0,0.0,,0.0,bidTooLow
2020-03-25,5984.0,0.0,0.0,0,246.79,0.0,0,0.0,0.0,,0.0,0,0.0,0.0,,0.0,bidTooLow
2020-03-26,5984.0,0.0,0.0,0,261.2,0.0,0,0.0,0.0,,0.0,0,0.0,0.0,,0.0,bidTooLow
2020-03-27,5984.0,0.0,0.0,0,253.42,0.0,0,0.0,0.0,,0.0,0,0.0,0.0,,0.0,bidTooLow
2020-03-30,5984.0,0.0,0.0,0,261.65,0.0,0,0.0,0.0,,0.0,0,0.0,0.0,,0.0,bidTooLow
2020-03-31,5984.0,0.0,0.0,0,257.75,0.0,0,0.0,0.0,,0.0,0,0.0,0.0,,0.0,bidTooLow
2020-04-01,5984.0,0.0,0.0,0,246.15,0.0,0,0.0,0.0,,0.0,0,0.0,0.0,,0.0,bidTooLow
2020-04-02,5984.0,0.0,0.0,0,251.83,0.0,0,0.0,0.0,,0.0,0,0.0,0.0,,0.0,bidTooLow
2020-04-03,5984.0,0.0,0.0,0,248.19,0.0,0,0.0,0.0,,0.0,0,0.0,0.0,,0.0,bidTooLow
2020-04-06,5984.0,0.0,0.0,0,264.86,0.0,0,0.0,0.0,,0.0,0,0.0,0.0,,0.0,bidTooLow
2020-04-07,5984.0,0.0,0.0,0,265.13,0.0,0,0.0,0.0,,0.0,0,0.0,0.0,,0.0,bidTooLow
2020-04-08,5984.0,0.0,0.0,0,274.03,0.0,0,0.0,0.0,,0.0,0,0.0,0.0,,0.0,bidTooLow
2020-04-09,5984.0,0.0,0.0,0,278.2,0.0,0,0.0,0.0,,0.0,0,0.0,0.0,,0.0,bidTooLow
2020-04-13,5984.0,0.0,0.0,0,275.66,0.0,0,0.0,0.0,,0.0,0,0.0,0.0,,0.0,bidTooLow
2020-04-14,5984.0,0.0,0.0,0,283.79,0.0,0,0.0,0.0,,0.0,0,0.0,0.0,,0.0,bidTooLow
2020-04-15,5984.0,0.0,0.0,0,277.76,0.0,0,0.0,0.0,,0.0,0,0.0,0.0,,0.0,bidTooLow
2020-04-16,5984.0,0.0,0.0,0,279.1,0.0,0,0.0,0.0,,0.0,0,0.0,0.0,,0.0,bidTooLow
2020-04-17,5984.0,0.0,0.0,0,286.64,0.0,0,0.0,0.0,,0.0,0,0.0,0.0,,0.0,bidTooLow
2020-04-20,5984.0,0.0,0.0,0,281.59,0.0,0,0.0,0.0,,0.0,0,0.0,0.0,,0.0,bidTooLow
2020-04-21,5984.0,0.0,0.0,0,273.04,0.0,0,0.0,0.0,,0.0,0,0.0,0.0,,0.0,bidTooLow
2020-04-22,5984.0,0.0,0.0,0,279.1,0.0,0,0.0,0.0,,0.0,0,0.0,0.0,,0.0,bidTooLow
2020-04-23,5984.0,0.0,0.0,0,279.08,0.0,0,0.0,0.0,,0.0,0,0.0,0.0,,0.0,bidTooLow
2020-04-24,5984.0,0.0,0.0,0,282.97,0.0,0,0.0,0.0,,0.0,0,0.0,0.0,,0.0,bidTooLow
2020-04-27,5984.0,0.0,0.0,0,287.05,0.0,0,0.0,0.0,,0.0,0,0.0,0.0,,0.0,bidTooLow
2020-04-28,5984.0,0.0,0.0,0,285.73,0.0,0,0.0,0.0,,0.0,0,0.0,0.0,,0.0,bidTooLow
2020-04-29,5984.0,0.0,0.0,0,293.21,0.0,0,0.0,0.0,,0.0,0,0.0,0.0,,0.0,bidTooLow
2020-04-30,5984.0,0.0,0.0,0,290.48,0.0,0,0.0,0.0,,0.0,0,0.0,0.0,,0.0,bidTooLow
2020-05-01,5984.0,0.0,0.0,0,282.79,0.0,0,0.0,0.0,,0.0,0,0.0,0.0,,0.0,bidTooLow
2020-05-04,5984.0,0.0,0.0,0,283.57,0.0,0,0.0,0.0,,0.0,0,0.0,0.0,,0.0,bidTooLow
2020-05-05,5984.0,-3.0,0.0,0,286.19,0.0,1,0.01,0.04,SPY200508P00255000,255.0,0,0.0,0.0,,0.0,normalDay
2020-05-06,5984.0,-2.0,0.0,0,284.25,0.0,1,0.01,0.03,SPY200508P00255000,255.0,0,0.0,0.0,,0.0,normalDay
2020-05-07,5984.0,0.0,0.0,0,287.68,0.0,1,0.01,0.01,SPY200508P00255000,255.0,0,0.0,0.0,,0.0,normalDay
2020-05-08,5985.0,0.0,1.0,0,292.44,0.0,1,0.01,0.0,SPY200508P00255000,255.0,0,0.0,0.0,,0.0,expirationDay
2020-05-11,5985.0,0.0,0.0,0,292.5,0.0,0,0.0,0.0,,0.0,0,0.0,0.0,,0.0,bidTooLow
2020-05-12,5985.0,-3.0,0.0,0,286.67,0.0,1,0.11,0.14,SPY200515P00263000,263.0,0,0.0,0.0,,0.0,normalDay
2020-05-13,5985.0,2.0,0.0,0,281.6,0.0,1,0.11,0.09,SPY200515P00263000,263.0,0,0.0,0.0,,0.0,normalDay
2020-05-14,5985.0,10.0,0.0,0,284.97,0.0,1,0.11,0.01,SPY200515P00263000,263.0,0,0.0,0.0,,0.0,normalDay
2020-05-15,5996.0,0.0,11.0,0,286.28,0.0,1,0.11,0.0,SPY200515P00263000,263.0,0,0.0,0.0,,0.0,expirationDay
2020-05-18,5996.0,0.0,0.0,0,295.0,0.0,0,0.0,0.0,,0.0,0,0.0,0.0,,0.0,bidTooLow
2020-05-19,5996.0,-3.0,0.0,0,291.97,0.0,1,0.02,0.05,SPY200522P00267500,267.5,0,0.0,0.0,,0.0,normalDay
2020-05-20,5996.0,0.0,0.0,0,296.93,0.0,1,0.02,0.02,SPY200522P00267500,267.5,0,0.0,0.0,,0.0,normalDay
2020-05-21,5996.0,1.0,0.0,0,294.88,0.0,1,0.02,0.01,SPY200522P00267500,267.5,0,0.0,0.0,,0.0,normalDay
2020-05-22,5998.0,0.0,2.0,0,295.44,0.0,1,0.02,0.0,SPY200522P00267500,267.5,0,0.0,0.0,,0.0,expirationDay
2020-05-26,5998.0,0.0,0.0,0,299.08,0.0,0,0.0,0.0,,0.0,0,0.0,0.0,,0.0,bidTooLow
2020-05-27,5998.0,0.0,0.0,0,303.53,0.0,0,0.0,0.0,,0.0,0,0.0,0.0,,0.0,bidTooLow
2020-05-28,5998.0,0.0,0.0,0,302.97,0.0,0,0.0,0.0,,0.0,0,0.0,0.0,,0.0,bidTooLow
2020-05-29,5998.0,0.0,0.0,0,304.32,0.0,0,0.0,0.0,,0.0,0,0.0,0.0,,0.0,bidTooLow
2020-06-01,5998.0,0.0,0.0,0,305.55,0.0,0,0.0,0.0,,0.0,0,0.0,0.0,,0.0,bidTooLow
2020-06-02,5998.0,0.0,0.0,0,308.08,0.0,0,0.0,0.0,,0.0,0,0.0,0.0,,0.0,bidTooLow
2020-06-03,5998.0,0.0,0.0,0,312.18,0.0,0,0.0,0.0,,0.0,0,0.0,0.0,,0.0,bidTooLow
2020-06-04,5998.0,0.0,0.0,0,311.36,0.0,0,0.0,0.0,,0.0,0,0.0,0.0,,0.0,bidTooLow
2020-06-05,5998.0,0.0,0.0,0,319.34,0.0,0,0.0,0.0,,0.0,0,0.0,0.0,,0.0,bidTooLow
2020-06-08,5998.0,0.0,0.0,0,323.2,0.0,0,0.0,0.0,,0.0,0,0.0,0.0,,0.0,bidTooLow
2020-06-09,5998.0,0.0,0.0,0,320.79,0.0,0,0.0,0.0,,0.0,0,0.0,0.0,,0.0,bidTooLow
2020-06-10,5998.0,0.0,0.0,0,319.0,0.0,0,0.0,0.0,,0.0,0,0.0,0.0,,0.0,bidTooLow
2020-06-11,5998.0,0.0,0.0,0,300.61,0.0,0,0.0,0.0,,0.0,0,0.0,0.0,,0.0,bidTooLow
2020-06-12,5998.0,0.0,0.0,0,304.21,0.0,0,0.0,0.0,,0.0,0,0.0,0.0,,0.0,bidTooLow
2020-06-15,5998.0,-3.0,0.0,0,307.05,0.0,1,0.01,0.04,SPY200617P00267000,267.0,0,0.0,0.0,,0.0,normalDay
2020-06-16,5998.0,0.0,0.0,0,312.96,0.0,1,0.01,0.01,SPY200617P00267000,267.0,0,0.0,0.0,,0.0,normalDay
2020-06-17,5999.0,0.0,1.0,0,311.66,0.0,1,0.01,0.0,SPY200617P00267000,267.0,0,0.0,0.0,,0.0,expirationDay
2020-06-18,5999.0,0.0,0.0,0,311.78,0.0,0,0.0,0.0,,0.0,0,0.0,0.0,,0.0,bidTooLow
2020-06-19,5999.0,0.0,0.0,0,308.64,0.0,0,0.0,0.0,,0.0,0,0.0,0.0,,0.0,bidTooLow
2020-06-22,5999.0,0.0,0.0,0,310.62,0.0,0,0.0,0.0,,0.0,0,0.0,0.0,,0.0,bidTooLow
2020-06-23,5999.0,-3.0,0.0,0,312.05,0.0,1,0.03,0.06,SPY200626P00285000,285.0,0,0.0,0.0,,0.0,normalDay
2020-06-24,5999.0,-7.0,0.0,0,304.09,0.0,1,0.03,0.1,SPY200626P00285000,285.0,0,0.0,0.0,,0.0,normalDay
2020-06-25,5999.0,1.0,0.0,0,307.35,0.0,1,0.03,0.02,SPY200626P00285000,285.0,0,0.0,0.0,,0.0,normalDay
2020-06-26,6002.0,0.0,3.0,0,300.05,0.0,1,0.03,0.0,SPY200626P00285000,285.0,0,0.0,0.0,,0.0,expirationDay
2020-06-29,6002.0,-3.0,0.0,0,304.46,0.0,1,0.15,0.18,SPY200702P00284000,284.0,0,0.0,0.0,,0.0,normalDay
2020-06-30,6002.0,7.0,0.0,0,308.36,0.0,1,0.15,0.08,SPY200702P00284000,284.0,0,0.0,0.0,,0.0,normalDay
2020-07-01,6002.0,13.0,0.0,0,310.52,0.0,1,0.15,0.02,SPY200702P00284000,284.0,0,0.0,0.0,,0.0,normalDay
2020-07-02,6017.0,0.0,15.0,0,312.23,0.0,1,0.15,0.0,SPY200702P00284000,284.0,0,0.0,0.0,,0.0,expirationDay
2020-07-06,6017.0,0.0,0.0,0,317.05,0.0,0,0.0,0.0,,0.0,0,0.0,0.0,,0.0,bidTooLow
2020-07-07,6017.0,-3.0,0.0,0,313.78,0.0,1,0.01,0.04,SPY200710P00287000,287.0,0,0.0,0.0,,0.0,normalDay
2020-07-08,6017.0,-1.0,0.0,0,316.18,0.0,1,0.01,0.02,SPY200710P00287000,287.0,0,0.0,0.0,,0.0,normalDay
2020-07-09,6017.0,-1.0,0.0,0,314.38,0.0,1,0.01,0.02,SPY200710P00287000,287.0,0,0.0,0.0,,0.0,normalDay
2020-07-10,6018.0,0.0,1.0,0,317.59,0.0,1,0.01,0.0,SPY200710P00287000,287.0,0,0.0,0.0,,0.0,expirationDay
2020-07-13,6018.0,-3.0,0.0,0,314.84,0.0,1,0.04,0.07,SPY200715P00292000,292.0,0,0.0,0.0,,0.0,normalDay
2020-07-14,6018.0,2.0,0.0,0,318.92,0.0,1,0.04,0.02,SPY200715P00292000,292.0,0,0.0,0.0,,0.0,normalDay
2020-07-15,6022.0,0.0,4.0,0,321.85,0.0,1,0.04,0.0,SPY200715P00292000,292.0,0,0.0,0.0,,0.0,expirationDay
2020-07-16,6022.0,0.0,0.0,0,320.79,0.0,0,0.0,0.0,,0.0,0,0.0,0.0,,0.0,bidTooLow
2020-07-17,6022.0,0.0,0.0,0,321.72,0.0,0,0.0,0.0,,0.0,0,0.0,0.0,,0.0,bidTooLow
2020-07-20,6022.0,0.0,0.0,0,324.32,0.0,0,0.0,0.0,,0.0,0,0.0,0.0,,0.0,bidTooLow
2020-07-21,6022.0,0.0,0.0,0,325.01,0.0,0,0.0,0.0,,0.0,0,0.0,0.0,,0.0,bidTooLow
2020-07-22,6022.0,0.0,0.0,0,326.86,0.0,0,0.0,0.0,,0.0,0,0.0,0.0,,0.0,bidTooLow
2020-07-23,6022.0,0.0,0.0,0,322.96,0.0,0,0.0,0.0,,0.0,0,0.0,0.0,,0.0,bidTooLow
2020-07-24,6022.0,0.0,0.0,0,320.88,0.0,0,0.0,0.0,,0.0,0,0.0,0.0,,0.0,bidTooLow
2020-07-27,6022.0,0.0,0.0,0,323.22,0.0,0,0.0,0.0,,0.0,0,0.0,0.0,,0.0,bidTooLow
2020-07-28,6022.0,-3.0,0.0,0,321.17,0.0,1,0.03,0.06,SPY200731P00298000,298.0,0,0.0,0.0,,0.0,normalDay
2020-07-29,6022.0,0.0,0.0,0,325.12,0.0,1,0.03,0.03,SPY200731P00298000,298.0,0,0.0,0.0,,0.0,normalDay
2020-07-30,6022.0,1.0,0.0,0,323.96,0.0,1,0.03,0.02,SPY200731P00298000,298.0,0,0.0,0.0,,0.0,normalDay
2020-07-31,6025.0,0.0,3.0,0,326.52,0.0,1,0.03,0.0,SPY200731P00298000,298.0,0,0.0,0.0,,0.0,expirationDay
2020-08-03,6025.0,0.0,0.0,0,328.79,0.0,0,0.0,0.0,,0.0,0,0.0,0.0,,0.0,bidTooLow
2020-08-04,6025.0,-3.0,0.0,0,330.06,0.0,1,0.01,0.04,SPY200807P00304000,304.0,0,0.0,0.0,,0.0,normalDay
2020-08-05,6025.0,-1.0,0.0,0,332.11,0.0,1,0.01,0.02,SPY200807P00304000,304.0,0,0.0,0.0,,0.0,normalDay
2020-08-06,6025.0,-1.0,0.0,0,334.33,0.0,1,0.01,0.02,SPY200807P00304000,304.0,0,0.0,0.0,,0.0,normalDay
2020-08-07,6026.0,0.0,1.0,0,334.57,0.0,1,0.01,0.0,SPY200807P00304000,304.0,0,0.0,0.0,,0.0,expirationDay
2020-08-10,6026.0,0.0,0.0,0,335.57,0.0,0,0.0,0.0,,0.0,0,0.0,0.0,,0.0,bidTooLow
2020-08-11,6026.0,-3.0,0.0,0,332.8,0.0,1,0.04,0.07,SPY200814P00306000,306.0,0,0.0,0.0,,0.0,normalDay
2020-08-12,6026.0,2.0,0.0,0,337.44,0.0,1,0.04,0.02,SPY200814P00306000,306.0,0,0.0,0.0,,0.0,normalDay
2020-08-13,6026.0,2.0,0.0,0,336.83,0.0,1,0.04,0.02,SPY200814P00306000,306.0,0,0.0,0.0,,0.0,normalDay
2020-08-14,6030.0,0.0,4.0,0,336.84,0.0,1,0.04,0.0,SPY200814P00306000,306.0,0,0.0,0.0,,0.0,expirationDay
2020-08-17,6030.0,0.0,0.0,0,337.91,0.0,0,0.0,0.0,,0.0,0,0.0,0.0,,0.0,bidTooLow
2020-08-18,6030.0,-3.0,0.0,0,338.64,0.0,1,0.01,0.04,SPY200821P00305000,305.0,0,0.0,0.0,,0.0,normalDay
2020-08-19,6030.0,-4.0,0.0,0,337.23,0.0,1,0.01,0.05,SPY200821P00305000,305.0,0,0.0,0.0,,0.0,normalDay
2020-08-20,6030.0,-1.0,0.0,0,338.28,0.0,1,0.01,0.02,SPY200821P00305000,305.0,0,0.0,0.0,,0.0,normalDay
2020-08-21,6031.0,0.0,1.0,0,339.48,0.0,1,0.01,0.0,SPY200821P00305000,305.0,0,0.0,0.0,,0.0,expirationDay
2020-08-24,6031.0,0.0,0.0,0,342.92,0.0,0,0.0,0.0,,0.0,0,0.0,0.0,,0.0,bidTooLow
2020-08-25,6031.0,0.0,0.0,0,344.12,0.0,0,0.0,0.0,,0.0,0,0.0,0.0,,0.0,bidTooLow
2020-08-26,6031.0,-3.0,0.0,0,347.57,0.0,1,0.01,0.04,SPY200828P00312000,312.0,0,0.0,0.0,,0.0,normalDay
2020-08-27,6031.0,0.0,0.0,0,348.33,0.0,1,0.01,0.01,SPY200828P00312000,312.0,0,0.0,0.0,,0.0,normalDay
2020-08-28,6032.0,0.0,1.0,0,350.58,0.0,1,0.01,0.0,SPY200828P00312000,312.0,0,0.0,0.0,,0.0,expirationDay
2020-08-31,6032.0,0.0,0.0,0,349.31,0.0,0,0.0,0.0,,0.0,0,0.0,0.0,,0.0,bidTooLow
2020-09-01,6032.0,0.0,0.0,0,352.6,0.0,0,0.0,0.0,,0.0,0,0.0,0.0,,0.0,bidTooLow
2020-09-02,6032.0,0.0,0.0,0,357.7,0.0,0,0.0,0.0,,0.0,0,0.0,0.0,,0.0,bidTooLow
2020-09-03,6032.0,-3.0,0.0,0,345.39,0.0,1,0.02,0.05,SPY200904P00314000,314.0,0,0.0,0.0,,0.0,normalDay
2020-09-04,6034.0,0.0,2.0,0,342.57,0.0,1,0.02,0.0,SPY200904P00314000,314.0,0,0.0,0.0,,0.0,expirationDay
2020-09-08,6034.0,-3.0,0.0,0,333.21,0.0,1,0.44,0.47,SPY200911P00315000,315.0,0,0.0,0.0,,0.0,normalDay
2020-09-09,6034.0,31.0,0.0,0,339.79,0.0,1,0.44,0.13,SPY200911P00315000,315.0,0,0.0,0.0,,0.0,normalDay
2020-09-10,6034.0,37.0,0.0,0,333.89,0.0,1,0.44,0.07,SPY200911P00315000,315.0,0,0.0,0.0,,0.0,normalDay
2020-09-11,6078.0,0.0,44.0,0,334.06,0.0,1,0.44,0.0,SPY200911P00315000,315.0,0,0.0,0.0,,0.0,expirationDay
2020-09-14,6078.0,-3.0,0.0,0,338.46,0.0,1,0.05,0.08,SPY200916P00315000,315.0,0,0.0,0.0,,0.0,normalDay
2020-09-15,6078.0,3.0,0.0,0,340.17,0.0,1,0.05,0.02,SPY200916P00315000,315.0,0,0.0,0.0,,0.0,normalDay
2020-09-16,6083.0,0.0,5.0,0,338.82,0.0,1,0.05,0.0,SPY200916P00315000,315.0,0,0.0,0.0,,0.0,expirationDay
2020-09-17,6083.0,-3.0,0.0,0,335.84,0.0,1,0.06,0.09,SPY200918P00315000,315.0,0,0.0,0.0,,0.0,normalDay
2020-09-18,6089.0,0.0,6.0,0,330.65,0.0,1,0.06,0.0,SPY200918P00315000,315.0,0,0.0,0.0,,0.0,expirationDay
2020-09-21,6089.0,-3.0,0.0,0,326.97,0.0,1,0.05,0.08,SPY200923P00309000,309.0,0,0.0,0.0,,0.0,normalDay
2020-09-22,6089.0,4.0,0.0,0,330.3,0.0,1,0.05,0.01,SPY200923P00309000,309.0,0,0.0,0.0,,0.0,normalDay
2020-09-23,6094.0,0.0,5.0,0,322.64,0.0,1,0.05,0.0,SPY200923P00309000,309.0,0,0.0,0.0,,0.0,expirationDay
2020-09-24,6094.0,0.0,0.0,0,323.5,0.0,0,0.0,0.0,,0.0,0,0.0,0.0,,0.0,bidTooLow
2020-09-25,6094.0,0.0,0.0,0,328.73,0.0,0,0.0,0.0,,0.0,0,0.0,0.0,,0.0,bidTooLow
2020-09-28,6094.0,0.0,0.0,0,334.19,0.0,0,0.0,0.0,,0.0,0,0.0,0.0,,0.0,bidTooLow
2020-09-29,6094.0,0.0,0.0,0,332.37,0.0,0,0.0,0.0,,0.0,0,0.0,0.0,,0.0,bidTooLow
2020-09-30,6094.0,0.0,0.0,0,334.89,0.0,0,0.0,0.0,,0.0,0,0.0,0.0,,0.0,bidTooLow
2020-10-01,6094.0,0.0,0.0,0,337.04,0.0,0,0.0,0.0,,0.0,0,0.0,0.0,,0.0,bidTooLow
2020-10-02,6094.0,0.0,0.0,0,333.84,0.0,0,0.0,0.0,,0.0,0,0.0,0.0,,0.0,bidTooLow
2020-10-05,6094.0,0.0,0.0,0,339.76,0.0,0,0.0,0.0,,0.0,0,0.0,0.0,,0.0,bidTooLow
2020-10-06,6094.0,-3.0,0.0,0,334.93,0.0,1,0.05,0.08,SPY201009P00312000,312.0,0,0.0,0.0,,0.0,normalDay
2020-10-07,6094.0,3.0,0.0,0,340.76,0.0,1,0.05,0.02,SPY201009P00312000,312.0,0,0.0,0.0,,0.0,normalDay
2020-10-08,6094.0,4.0,0.0,0,343.78,0.0,1,0.05,0.01,SPY201009P00312000,312.0,0,0.0,0.0,,0.0,normalDay
2020-10-09,6099.0,0.0,5.0,0,346.85,0.0,1,0.05,0.0,SPY201009P00312000,312.0,0,0.0,0.0,,0.0,expirationDay
2020-10-12,6099.0,0.0,0.0,0,352.43,0.0,0,0.0,0.0,,0.0,0,0.0,0.0,,0.0,bidTooLow
2020-10-13,6099.0,0.0,0.0,0,350.13,0.0,0,0.0,0.0,,0.0,0,0.0,0.0,,0.0,bidTooLow
2020-10-14,6099.0,0.0,0.0,0,347.93,0.0,0,0.0,0.0,,0.0,0,0.0,0.0,,0.0,bidTooLow
2020-10-15,6099.0,0.0,0.0,0,347.5,0.0,0,0.0,0.0,,0.0,0,0.0,0.0,,0.0,bidTooLow
2020-10-16,6099.0,0.0,0.0,0,347.29,0.0,0,0.0,0.0,,0.0,0,0.0,0.0,,0.0,bidTooLow
2020-10-19,6099.0,0.0,0.0,0,342.01,0.0,0,0.0,0.0,,0.0,0,0.0,0.0,,0.0,bidTooLow
2020-10-20,6099.0,0.0,0.0,0,343.38,0.0,0,0.0,0.0,,0.0,0,0.0,0.0,,0.0,bidTooLow
2020-10-21,6099.0,0.0,0.0,0,342.73,0.0,0,0.0,0.0,,0.0,0,0.0,0.0,,0.0,bidTooLow
2020-10-22,6099.0,0.0,0.0,0,344.61,0.0,0,0.0,0.0,,0.0,0,0.0,0.0,,0.0,bidTooLow
2020-10-23,6099.0,0.0,0.0,0,345.78,0.0,0,0.0,0.0,,0.0,0,0.0,0.0,,0.0,bidTooLow
2020-10-26,6099.0,-3.0,0.0,0,339.39,0.0,1,0.08,0.11,SPY201028P00320000,320.0,0,0.0,0.0,,0.0,normalDay
2020-10-27,6099.0,5.0,0.0,0,338.22,0.0,1,0.08,0.03,SPY201028P00320000,320.0,0,0.0,0.0,,0.0,normalDay
2020-10-28,6107.0,0.0,8.0,0,326.66,0.0,1,0.08,0.0,SPY201028P00320000,320.0,0,0.0,0.0,,0.0,expirationDay
2020-10-29,6107.0,-4.0,0.0,0,329.98,0.0,1,0.07,0.11,SPY201030P00315000,315.0,0,0.0,0.0,,0.0,normalDay
2020-10-30,6114.0,0.0,7.0,0,326.54,0.0,1,0.07,0.0,SPY201030P00315000,315.0,0,0.0,0.0,,0.0,expirationDay
2020-11-02,6114.0,-5.0,0.0,0,330.2,0.0,1,0.67,0.72,SPY201104P00309000,309.0,0,0.0,0.0,,0.0,normalDay
2020-11-03,6114.0,41.0,0.0,0,336.03,0.0,1,0.67,0.26,SPY201104P00309000,309.0,0,0.0,0.0,,0.0,normalDay
2020-11-04,6181.0,0.0,67.0,0,343.54,0.0,1,0.67,0.0,SPY201104P00309000,309.0,0,0.0,0.0,,0.0,expirationDay
2020-11-05,6181.0,0.0,0.0,0,350.24,0.0,0,0.0,0.0,,0.0,0,0.0,0.0,,0.0,bidTooLow
2020-11-06,6181.0,0.0,0.0,0,350.16,0.0,0,0.0,0.0,,0.0,0,0.0,0.0,,0.0,bidTooLow
2020-11-09,6181.0,0.0,0.0,0,354.56,0.0,0,0.0,0.0,,0.0,0,0.0,0.0,,0.0,bidTooLow
2020-11-10,6181.0,0.0,0.0,0,354.04,0.0,0,0.0,0.0,,0.0,0,0.0,0.0,,0.0,bidTooLow
2020-11-11,6181.0,0.0,0.0,0,356.67,0.0,0,0.0,0.0,,0.0,0,0.0,0.0,,0.0,bidTooLow
2020-11-12,6181.0,0.0,0.0,0,353.21,0.0,0,0.0,0.0,,0.0,0,0.0,0.0,,0.0,bidTooLow
2020-11-13,6181.0,0.0,0.0,0,358.1,0.0,0,0.0,0.0,,0.0,0,0.0,0.0,,0.0,bidTooLow
2020-11-16,6181.0,0.0,0.0,0,362.57,0.0,0,0.0,0.0,,0.0,0,0.0,0.0,,0.0,bidTooLow
2020-11-17,6181.0,0.0,0.0,0,360.62,0.0,0,0.0,0.0,,0.0,0,0.0,0.0,,0.0,bidTooLow
2020-11-18,6181.0,0.0,0.0,0,356.28,0.0,0,0.0,0.0,,0.0,0,0.0,0.0,,0.0,bidTooLow
2020-11-19,6181.0,0.0,0.0,0,357.78,0.0,0,0.0,0.0,,0.0,0,0.0,0.0,,0.0,bidTooLow
2020-11-20,6181.0,0.0,0.0,0,355.33,0.0,0,0.0,0.0,,0.0,0,0.0,0.0,,0.0,bidTooLow
2020-11-23,6181.0,0.0,0.0,0,357.46,0.0,0,0.0,0.0,,0.0,0,0.0,0.0,,0.0,bidTooLow
2020-11-24,6181.0,0.0,0.0,0,363.22,0.0,0,0.0,0.0,,0.0,0,0.0,0.0,,0.0,bidTooLow
2020-11-25,6181.0,0.0,0.0,0,362.66,0.0,0,0.0,0.0,,0.0,0,0.0,0.0,,0.0,bidTooLow
2020-11-27,6181.0,0.0,0.0,0,363.67,0.0,0,0.0,0.0,,0.0,0,0.0,0.0,,0.0,bidTooLow
2020-11-30,6181.0,0.0,0.0,0,362.06,0.0,0,0.0,0.0,,0.0,0,0.0,0.0,,0.0,bidTooLow
2020-12-01,6181.0,0.0,0.0,0,366.02,0.0,0,0.0,0.0,,0.0,0,0.0,0.0,,0.0,bidTooLow
2020-12-02,6181.0,0.0,0.0,0,366.79,0.0,0,0.0,0.0,,0.0,0,0.0,0.0,,0.0,bidTooLow
2020-12-03,6181.0,0.0,0.0,0,366.69,0.0,0,0.0,0.0,,0.0,0,0.0,0.0,,0.0,bidTooLow
2020-12-04,6181.0,0.0,0.0,0,369.85,0.0,0,0.0,0.0,,0.0,0,0.0,0.0,,0.0,bidTooLow
2020-12-07,6181.0,0.0,0.0,0,369.09,0.0,0,0.0,0.0,,0.0,0,0.0,0.0,,0.0,bidTooLow
2020-12-08,6181.0,0.0,0.0,0,370.17,0.0,0,0.0,0.0,,0.0,0,0.0,0.0,,0.0,bidTooLow
2020-12-09,6181.0,-3.0,0.0,0,366.85,0.0,1,0.03,0.06,SPY201211P00341000,341.0,0,0.0,0.0,,0.0,normalDay
2020-12-10,6181.0,1.0,0.0,0,366.73,0.0,1,0.03,0.02,SPY201211P00341000,341.0,0,0.0,0.0,,0.0,normalDay
2020-12-11,6184.0,0.0,3.0,0,366.3,0.0,1,0.03,0.0,SPY201211P00341000,341.0,0,0.0,0.0,,0.0,expirationDay
2020-12-14,6184.0,-3.0,0.0,0,364.66,0.0,1,0.2,0.23,SPY201216P00346000,346.0,0,0.0,0.0,,0.0,normalDay
2020-12-15,6184.0,14.0,0.0,0,369.59,0.0,1,0.2,0.06,SPY201216P00346000,346.0,0,0.0,0.0,,0.0,normalDay
2020-12-16,6204.0,0.0,20.0,0,370.17,0.0,1,0.2,0.0,SPY201216P00346000,346.0,0,0.0,0.0,,0.0,expirationDay
2020-12-17,6204.0,-3.0,0.0,0,372.24,0.0,1,0.04,0.07,SPY201218P00347000,347.0,0,0.0,0.0,,0.0,normalDay
2020-12-18,6208.0,0.0,4.0,0,369.18,0.0,1,0.04,0.0,SPY201218P00347000,347.0,0,0.0,0.0,,0.0,expirationDay
2020-12-21,6208.0,-3.0,0.0,0,367.86,0.0,1,0.16,0.19,SPY201224P00352000,352.0,0,0.0,0.0,,0.0,normalDay
2020-12-22,6208.0,10.0,0.0,0,367.24,0.0,1,0.16,0.06,SPY201224P00352000,352.0,0,0.0,0.0,,0.0,normalDay
2020-12-23,6208.0,14.0,0.0,0,367.57,0.0,1,0.16,0.02,SPY201224P00352000,352.0,0,0.0,0.0,,0.0,normalDay
2020-12-24,6224.0,0.0,16.0,0,369.0,0.0,1,0.16,0.0,SPY201224P00352000,352.0,0,0.0,0.0,,0.0,expirationDay
2020-12-28,6224.0,-3.0,0.0,0,372.17,0.0,1,0.09,0.12,SPY201231P00358000,358.0,0,0.0,0.0,,0.0,normalDay
2020-12-29,6224.0,-2.0,0.0,0,371.46,0.0,1,0.09,0.11,SPY201231P00358000,358.0,0,0.0,0.0,,0.0,normalDay
2020-12-30,6224.0,4.0,0.0,0,371.99,0.0,1,0.09,0.05,SPY201231P00358000,358.0,0,0.0,0.0,,0.0,normalDay
2020-12-31,6233.0,0.0,9.0,0,373.88,0.0,1,0.09,0.0,SPY201231P00358000,358.0,0,0.0,0.0,,0.0,expirationDay
2021-01-04,6233.0,-3.0,0.0,0,368.79,0.0,1,0.76,0.79,SPY210106P00360000,360.0,0,0.0,0.0,,0.0,normalDay
2021-01-05,6233.0,54.0,0.0,0,371.33,0.0,1,0.76,0.22,SPY210106P00360000,360.0,0,0.0,0.0,,0.0,normalDay
2021-01-06,6309.0,0.0,76.0,0,373.55,0.0,1,0.76,0.0,SPY210106P00360000,360.0,0,0.0,0.0,,0.0,expirationDay
2021-01-07,6309.0,0.0,0.0,0,379.1,0.0,0,0.0,0.0,,0.0,0,0.0,0.0,,0.0,bidTooLow
2021-01-08,6309.0,0.0,0.0,0,381.26,0.0,0,0.0,0.0,,0.0,0,0.0,0.0,,0.0,bidTooLow
2021-01-11,6309.0,-3.0,0.0,0,378.69,0.0,1,0.03,0.06,SPY210113P00353000,353.0,0,0.0,0.0,,0.0,normalDay
2021-01-12,6309.0,1.0,0.0,0,378.77,0.0,1,0.03,0.02,SPY210113P00353000,353.0,0,0.0,0.0,,0.0,normalDay
2021-01-13,6312.0,0.0,3.0,0,379.79,0.0,1,0.03,0.0,SPY210113P00353000,353.0,0,0.0,0.0,,0.0,expirationDay
2021-01-14,6312.0,-3.0,0.0,0,378.46,0.0,1,0.02,0.05,SPY210115P00354000,354.0,0,0.0,0.0,,0.0,normalDay
2021-01-15,6314.0,0.0,2.0,0,375.7,0.0,1,0.02,0.0,SPY210115P00354000,354.0,0,0.0,0.0,,0.0,expirationDay
2021-01-19,6314.0,-3.0,0.0,0,378.65,0.0,1,0.07,0.1,SPY210122P00354000,354.0,0,0.0,0.0,,0.0,normalDay
2021-01-20,6314.0,3.0,0.0,0,383.89,0.0,1,0.07,0.04,SPY210122P00354000,354.0,0,0.0,0.0,,0.0,normalDay
2021-01-21,6314.0,5.0,0.0,0,384.24,0.0,1,0.07,0.02,SPY210122P00354000,354.0,0,0.0,0.0,,0.0,normalDay
2021-01-22,6321.0,0.0,7.0,0,382.88,0.0,1,0.07,0.0,SPY210122P00354000,354.0,0,0.0,0.0,,0.0,expirationDay
2021-01-25,6321.0,-3.0,0.0,0,384.39,0.0,1,0.01,0.04,SPY210127P00356000,356.0,0,0.0,0.0,,0.0,normalDay
2021-01-26,6321.0,-1.0,0.0,0,383.79,0.0,1,0.01,0.02,SPY210127P00356000,356.0,0,0.0,0.0,,0.0,normalDay
2021-01-27,6322.0,0.0,1.0,0,374.41,0.0,1,0.01,0.0,SPY210127P00356000,356.0,0,0.0,0.0,,0.0,expirationDay
2021-01-28,6322.0,-3.0,0.0,0,377.63,0.0,1,0.04,0.07,SPY210129P00359000,359.0,0,0.0,0.0,,0.0,normalDay
2021-01-29,6326.0,0.0,4.0,0,370.07,0.0,1,0.04,0.0,SPY210129P00359000,359.0,0,0.0,0.0,,0.0,expirationDay
2021-02-01,6326.0,-3.0,0.0,0,376.23,0.0,1,0.24,0.27,SPY210203P00359000,359.0,0,0.0,0.0,,0.0,normalDay
2021-02-02,6326.0,21.0,0.0,0,381.55,0.0,1,0.24,0.03,SPY210203P00359000,359.0,0,0.0,0.0,,0.0,normalDay
2021-02-03,6350.0,0.0,24.0,0,381.85,0.0,1,0.24,0.0,SPY210203P00359000,359.0,0,0.0,0.0,,0.0,expirationDay
2021-02-04,6350.0,0.0,0.0,0,386.19,0.0,0,0.0,0.0,,0.0,0,0.0,0.0,,0.0,bidTooLow
2021-02-05,6350.0,0.0,0.0,0,387.71,0.0,0,0.0,0.0,,0.0,0,0.0,0.0,,0.0,bidTooLow
2021-02-08,6350.0,0.0,0.0,0,390.51,0.0,0,0.0,0.0,,0.0,0,0.0,0.0,,0.0,bidTooLow
2021-02-09,6350.0,-3.0,0.0,0,390.25,0.0,1,0.01,0.04,SPY210212P00360000,360.0,0,0.0,0.0,,0.0,normalDay
2021-02-10,6350.0,-3.0,0.0,0,390.08,0.0,1,0.01,0.04,SPY210212P00360000,360.0,0,0.0,0.0,,0.0,normalDay
2021-02-11,6350.0,0.0,0.0,0,390.71,0.0,1,0.01,0.01,SPY210212P00360000,360.0,0,0.0,0.0,,0.0,normalDay
2021-02-12,6351.0,0.0,1.0,0,392.64,0.0,1,0.01,0.0,SPY210212P00360000,360.0,0,0.0,0.0,,0.0,expirationDay
2021-02-16,6351.0,-3.0,0.0,0,392.3,0.0,1,0.06,0.09,SPY210219P00358000,358.0,0,0.0,0.0,,0.0,normalDay
2021-02-17,6351.0,2.0,0.0,0,392.39,0.0,1,0.06,0.04,SPY210219P00358000,358.0,0,0.0,0.0,,0.0,normalDay
2021-02-18,6351.0,4.0,0.0,0,390.72,0.0,1,0.06,0.02,SPY210219P00358000,358.0,0,0.0,0.0,,0.0,normalDay
2021-02-19,6357.0,0.0,6.0,0,390.03,0.0,1,0.06,0.0,SPY210219P00358000,358.0,0,0.0,0.0,,0.0,expirationDay
2021-02-22,6357.0,0.0,0.0,0,387.03,0.0,0,0.0,0.0,,0.0,0,0.0,0.0,,0.0,bidTooLow
2021-02-23,6357.0,-3.0,0.0,0,387.5,0.0,1,0.02,0.05,SPY210226P00358000,358.0,0,0.0,0.0,,0.0,normalDay
2021-02-24,6357.0,0.0,0.0,0,391.77,0.0,1,0.02,0.02,SPY210226P00358000,358.0,0,0.0,0.0,,0.0,normalDay
2021-02-25,6357.0,-4.0,0.0,0,382.33,0.0,1,0.02,0.06,SPY210226P00358000,358.0,0,0.0,0.0,,0.0,normalDay
2021-02-26,6359.0,0.0,2.0,0,380.36,0.0,1,0.02,0.0,SPY210226P00358000,358.0,0,0.0,0.0,,0.0,expirationDay
2021-03-01,6359.0,-3.0,0.0,0,389.58,0.0,1,0.08,0.11,SPY210303P00368000,368.0,0,0.0,0.0,,0.0,normalDay
2021-03-02,6359.0,3.0,0.0,0,386.54,0.0,1,0.08,0.05,SPY210303P00368000,368.0,0,0.0,0.0,,0.0,normalDay
2021-03-03,6367.0,0.0,8.0,0,381.42,0.0,1,0.08,0.0,SPY210303P00368000,368.0,0,0.0,0.0,,0.0,expirationDay
2021-03-04,6367.0,-4.0,0.0,0,376.7,0.0,1,0.65,0.69,SPY210305P00370000,370.0,0,0.0,0.0,,0.0,normalDay
2021-03-05,6432.0,0.0,65.0,0,383.63,0.0,1,0.65,0.0,SPY210305P00370000,370.0,0,0.0,0.0,,0.0,expirationDay
2021-03-08,6432.0,-3.0,0.0,0,381.72,0.0,1,0.34,0.37,SPY210310P00368000,368.0,0,0.0,0.0,,0.0,normalDay
2021-03-09,6432.0,30.0,0.0,0,387.17,0.0,1,0.34,0.04,SPY210310P00368000,368.0,0,0.0,0.0,,0.0,normalDay
2021-03-10,6466.0,0.0,34.0,0,389.58,0.0,1,0.34,0.0,SPY210310P00368000,368.0,0,0.0,0.0,,0.0,expirationDay
2021-03-11,6466.0,0.0,0.0,0,393.53,0.0,0,0.0,0.0,,0.0,0,0.0,0.0,,0.0,bidTooLow
2021-03-12,6466.0,0.0,0.0,0,394.06,0.0,0,0.0,0.0,,0.0,0,0.0,0.0,,0.0,bidTooLow
2021-03-15,6466.0,0.0,0.0,0,396.41,0.0,0,0.0,0.0,,0.0,0,0.0,0.0,,0.0,bidTooLow
2021-03-16,6466.0,-3.0,0.0,0,395.91,0.0,1,0.05,0.08,SPY210319P00365000,365.0,0,0.0,0.0,,0.0,normalDay
2021-03-17,6466.0,2.0,0.0,0,397.26,0.0,1,0.05,0.03,SPY210319P00365000,365.0,0,0.0,0.0,,0.0,normalDay
2021-03-18,6466.0,-2.0,0.0,0,391.48,0.0,1,0.05,0.07,SPY210319P00365000,365.0,0,0.0,0.0,,0.0,normalDay
2021-03-19,6471.0,0.0,5.0,0,389.48,0.0,1,0.05,0.0,SPY210319P00365000,365.0,0,0.0,0.0,,0.0,expirationDay
2021-03-22,6471.0,0.0,0.0,0,392.59,0.0,0,0.0,0.0,,0.0,0,0.0,0.0,,0.0,bidTooLow
2021-03-23,6471.0,-3.0,0.0,0,389.5,0.0,1,0.04,0.07,SPY210326P00364000,364.0,0,0.0,0.0,,0.0,normalDay
2021-03-24,6471.0,-1.0,0.0,0,387.52,0.0,1,0.04,0.05,SPY210326P00364000,364.0,0,0.0,0.0,,0.0,normalDay
2021-03-25,6471.0,3.0,0.0,0,389.7,0.0,1,0.04,0.01,SPY210326P00364000,364.0,0,0.0,0.0,,0.0,normalDay
2021-03-26,6475.0,0.0,4.0,0,395.98,0.0,1,0.04,0.0,SPY210326P00364000,364.0,0,0.0,0.0,,0.0,expirationDay
2021-03-29,6475.0,-3.0,0.0,0,395.78,0.0,1,0.03,0.06,SPY210401P00366000,366.0,0,0.0,0.0,,0.0,normalDay
2021-03-30,6475.0,0.0,0.0,0,394.73,0.0,1,0.03,0.03,SPY210401P00366000,366.0,0,0.0,0.0,,0.0,normalDay
2021-03-31,6475.0,2.0,0.0,0,396.33,0.0,1,0.03,0.01,SPY210401P00366000,366.0,0,0.0,0.0,,0.0,normalDay
2021-04-01,6478.0,0.0,3.0,0,400.61,0.0,1,0.03,0.0,SPY210401P00366000,366.0,0,0.0,0.0,,0.0,expirationDay
2021-04-05,6478.0,0.0,0.0,0,406.36,0.0,0,0.0,0.0,,0.0,0,0.0,0.0,,0.0,bidTooLow
2021-04-06,6478.0,-3.0,0.0,0,406.12,0.0,1,0.01,0.04,SPY210409P00372500,372.5,0,0.0,0.0,,0.0,normalDay
2021-04-07,6478.0,-1.0,0.0,0,406.59,0.0,1,0.01,0.02,SPY210409P00372500,372.5,0,0.0,0.0,,0.0,normalDay
2021-04-08,6478.0,0.0,0.0,0,408.52,0.0,1,0.01,0.01,SPY210409P00372500,372.5,0,0.0,0.0,,0.0,normalDay
2021-04-09,6479.0,0.0,1.0,0,411.49,0.0,1,0.01,0.0,SPY210409P00372500,372.5,0,0.0,0.0,,0.0,expirationDay
2021-04-12,6479.0,0.0,0.0,0,411.64,0.0,0,0.0,0.0,,0.0,0,0.0,0.0,,0.0,bidTooLow
2021-04-13,6479.0,0.0,0.0,0,412.86,0.0,0,0.0,0.0,,0.0,0,0.0,0.0,,0.0,bidTooLow
2021-04-14,6479.0,0.0,0.0,0,411.45,0.0,0,0.0,0.0,,0.0,0,0.0,0.0,,0.0,bidTooLow
2021-04-15,6479.0,0.0,0.0,0,415.87,0.0,0,0.0,0.0,,0.0,0,0.0,0.0,,0.0,bidTooLow
2021-04-16,6479.0,0.0,0.0,0,417.26,0.0,0,0.0,0.0,,0.0,0,0.0,0.0,,0.0,bidTooLow
2021-04-19,6479.0,0.0,0.0,0,415.21,0.0,0,0.0,0.0,,0.0,0,0.0,0.0,,0.0,bidTooLow
2021-04-20,6479.0,0.0,0.0,0,412.17,0.0,0,0.0,0.0,,0.0,0,0.0,0.0,,0.0,bidTooLow
2021-04-21,6479.0,0.0,0.0,0,416.07,0.0,0,0.0,0.0,,0.0,0,0.0,0.0,,0.0,bidTooLow
2021-04-22,6479.0,0.0,0.0,0,412.27,0.0,0,0.0,0.0,,0.0,0,0.0,0.0,,0.0,bidTooLow
2021-04-23,6479.0,0.0,0.0,0,416.74,0.0,0,0.0,0.0,,0.0,0,0.0,0.0,,0.0,bidTooLow
2021-04-26,6479.0,0.0,0.0,0,417.61,0.0,0,0.0,0.0,,0.0,0,0.0,0.0,,0.0,bidTooLow
2021-04-27,6479.0,0.0,0.0,0,417.52,0.0,0,0.0,0.0,,0.0,0,0.0,0.0,,0.0,bidTooLow
2021-04-28,6479.0,0.0,0.0,0,417.4,0.0,0,0.0,0.0,,0.0,0,0.0,0.0,,0.0,bidTooLow
2021-04-29,6479.0,0.0,0.0,0,420.06,0.0,0,0.0,0.0,,0.0,0,0.0,0.0,,0.0,bidTooLow
2021-04-30,6479.0,-3.0,0.0,0,417.3,0.0,1,0.02,0.05,SPY210503P00396000,396.0,0,0.0,0.0,,0.0,normalDay
2021-05-03,6481.0,0.0,2.0,0,418.2,0.0,1,0.02,0.0,SPY210503P00396000,396.0,0,0.0,0.0,,0.0,expirationDay
2021-05-04,6481.0,-3.0,0.0,0,415.62,0.0,1,0.11,0.14,SPY210507P00400000,400.0,0,0.0,0.0,,0.0,normalDay
2021-05-05,6481.0,2.0,0.0,0,415.75,0.0,1,0.11,0.09,SPY210507P00400000,400.0,0,0.0,0.0,,0.0,normalDay
2021-05-06,6481.0,8.0,0.0,0,419.07,0.0,1,0.11,0.03,SPY210507P00400000,400.0,0,0.0,0.0,,0.0,normalDay
2021-05-07,6492.0,0.0,11.0,0,422.12,0.0,1,0.11,0.0,SPY210507P00400000,400.0,0,0.0,0.0,,0.0,expirationDay
2021-05-10,6492.0,-3.0,0.0,0,417.94,0.0,1,0.19,0.22,SPY210512P00405000,405.0,0,0.0,0.0,,0.0,normalDay
2021-05-11,6492.0,-2.0,0.0,0,414.21,0.0,1,0.19,0.21,SPY210512P00405000,405.0,0,0.0,0.0,,0.0,normalDay
2021-05-12,6511.0,0.0,19.0,0,405.41,0.0,1,0.19,0.0,SPY210512P00405000,405.0,0,0.0,0.0,,0.0,expirationDay
2021-05-13,6511.0,-3.0,0.0,0,410.28,0.0,1,0.14,0.17,SPY210514P00401000,401.0,0,0.0,0.0,,0.0,normalDay
2021-05-14,6525.0,0.0,14.0,0,416.58,0.0,1,0.14,0.0,SPY210514P00401000,401.0,0,0.0,0.0,,0.0,expirationDay
2021-05-17,6525.0,-3.0,0.0,0,415.52,0.0,1,0.13,0.16,SPY210519P00401000,401.0,0,0.0,0.0,,0.0,normalDay
2021-05-18,6525.0,5.0,0.0,0,411.94,0.0,1,0.13,0.08,SPY210519P00401000,401.0,0,0.0,0.0,,0.0,normalDay
2021-05-19,6538.0,0.0,13.0,0,410.86,0.0,1,0.13,0.0,SPY210519P00401000,401.0,0,0.0,0.0,,0.0,expirationDay
2021-05-20,6538.0,-3.0,0.0,0,415.28,0.0,1,0.01,0.04,SPY210521P00400000,400.0,0,0.0,0.0,,0.0,normalDay
2021-05-21,6539.0,0.0,1.0,0,414.94,0.0,1,0.01,0.0,SPY210521P00400000,400.0,0,0.0,0.0,,0.0,expirationDay
2021-05-24,6539.0,-3.0,0.0,0,419.17,0.0,1,0.02,0.05,SPY210526P00400000,400.0,0,0.0,0.0,,0.0,normalDay
2021-05-25,6539.0,-1.0,0.0,0,418.24,0.0,1,0.02,0.03,SPY210526P00400000,400.0,0,0.0,0.0,,0.0,normalDay
2021-05-26,6541.0,0.0,2.0,0,419.07,0.0,1,0.02,0.0,SPY210526P00400000,400.0,0,0.0,0.0,,0.0,expirationDay
2021-05-27,6541.0,0.0,0.0,0,419.29,0.0,0,0.0,0.0,,0.0,0,0.0,0.0,,0.0,bidTooLow
2021-05-28,6541.0,0.0,0.0,0,420.04,0.0,0,0.0,0.0,,0.0,0,0.0,0.0,,0.0,bidTooLow
2021-06-01,6541.0,-3.0,0.0,0,419.67,0.0,1,0.04,0.07,SPY210604P00400000,400.0,0,0.0,0.0,,0.0,normalDay
2021-06-02,6541.0,1.0,0.0,0,420.33,0.0,1,0.04,0.03,SPY210604P00400000,400.0,0,0.0,0.0,,0.0,normalDay
2021-06-03,6541.0,1.0,0.0,0,418.77,0.0,1,0.04,0.03,SPY210604P00400000,400.0,0,0.0,0.0,,0.0,normalDay
2021-06-04,6545.0,0.0,4.0,0,422.6,0.0,1,0.04,0.0,SPY210604P00400000,400.0,0,0.0,0.0,,0.0,expirationDay
2021-06-07,6545.0,0.0,0.0,0,422.19,0.0,0,0.0,0.0,,0.0,0,0.0,0.0,,0.0,bidTooLow
2021-06-08,6545.0,-3.0,0.0,0,422.28,0.0,1,0.04,0.07,SPY210611P00398000,398.0,0,0.0,0.0,,0.0,normalDay
2021-06-09,6545.0,-4.0,0.0,0,421.65,0.0,1,0.04,0.08,SPY210611P00398000,398.0,0,0.0,0.0,,0.0,normalDay
2021-06-10,6545.0,3.0,0.0,0,423.61,0.0,1,0.04,0.01,SPY210611P00398000,398.0,0,0.0,0.0,,0.0,normalDay
2021-06-11,6549.0,0.0,4.0,0,424.31,0.0,1,0.04,0.0,SPY210611P00398000,398.0,0,0.0,0.0,,0.0,expirationDay
2021-06-14,6549.0,-3.0,0.0,0,425.26,0.0,1,0.03,0.06,SPY210616P00403000,403.0,0,0.0,0.0,,0.0,normalDay
2021-06-15,6549.0,-3.0,0.0,0,424.48,0.0,1,0.03,0.06,SPY210616P00403000,403.0,0,0.0,0.0,,0.0,normalDay
2021-06-16,6552.0,0.0,3.0,0,422.11,0.0,1,0.03,0.0,SPY210616P00403000,403.0,0,0.0,0.0,,0.0,expirationDay
2021-06-17,6552.0,-3.0,0.0,0,421.97,0.0,1,0.13,0.16,SPY210618P00409000,409.0,0,0.0,0.0,,0.0,normalDay
2021-06-18,6565.0,0.0,13.0,0,414.92,0.0,1,0.13,0.0,SPY210618P00409000,409.0,0,0.0,0.0,,0.0,expirationDay
2021-06-21,6565.0,-3.0,0.0,0,420.86,0.0,1,0.18,0.21,SPY210623P00411000,411.0,0,0.0,0.0,,0.0,normalDay
2021-06-22,6565.0,14.0,0.0,0,423.11,0.0,1,0.18,0.04,SPY210623P00411000,411.0,0,0.0,0.0,,0.0,normalDay
2021-06-23,6583.0,0.0,18.0,0,422.6,0.0,1,0.18,0.0,SPY210623P00411000,411.0,0,0.0,0.0,,0.0,expirationDay
2021-06-24,6583.0,0.0,0.0,0,425.1,0.0,0,0.0,0.0,,0.0,0,0.0,0.0,,0.0,bidTooLow
2021-06-25,6583.0,-3.0,0.0,0,426.61,0.0,1,0.02,0.05,SPY210628P00411000,411.0,0,0.0,0.0,,0.0,normalDay
2021-06-28,6585.0,0.0,2.0,0,427.47,0.0,1,0.02,0.0,SPY210628P00411000,411.0,0,0.0,0.0,,0.0,expirationDay
2021-06-29,6585.0,-3.0,0.0,0,427.7,0.0,1,0.04,0.07,SPY210702P00411000,411.0,0,0.0,0.0,,0.0,normalDay
2021-06-30,6585.0,-1.0,0.0,0,428.06,0.0,1,0.04,0.05,SPY210702P00411000,411.0,0,0.0,0.0,,0.0,normalDay
2021-07-01,6585.0,2.0,0.0,0,430.43,0.0,1,0.04,0.02,SPY210702P00411000,411.0,0,0.0,0.0,,0.0,normalDay
2021-07-02,6589.0,0.0,4.0,0,433.72,0.0,1,0.04,0.0,SPY210702P00411000,411.0,0,0.0,0.0,,0.0,expirationDay
2021-07-06,6589.0,0.0,0.0,0,432.93,0.0,0,0.0,0.0,,0.0,0,0.0,0.0,,0.0,bidTooLow
2021-07-07,6589.0,0.0,0.0,0,434.46,0.0,0,0.0,0.0,,0.0,0,0.0,0.0,,0.0,bidTooLow
2021-07-08,6589.0,0.0,0.0,0,430.92,0.0,0,0.0,0.0,,0.0,0,0.0,0.0,,0.0,bidTooLow
2021-07-09,6589.0,0.0,0.0,0,435.52,0.0,0,0.0,0.0,,0.0,0,0.0,0.0,,0.0,bidTooLow
2021-07-12,6589.0,0.0,0.0,0,437.08,0.0,0,0.0,0.0,,0.0,0,0.0,0.0,,0.0,bidTooLow
2021-07-13,6589.0,-3.0,0.0,0,435.59,0.0,1,0.04,0.07,SPY210716P00403000,403.0,0,0.0,0.0,,0.0,normalDay
2021-07-14,6589.0,1.0,0.0,0,436.24,0.0,1,0.04,0.03,SPY210716P00403000,403.0,0,0.0,0.0,,0.0,normalDay
2021-07-15,6589.0,2.0,0.0,0,434.75,0.0,1,0.04,0.02,SPY210716P00403000,403.0,0,0.0,0.0,,0.0,normalDay
2021-07-16,6593.0,0.0,4.0,0,431.34,0.0,1,0.04,0.0,SPY210716P00403000,403.0,0,0.0,0.0,,0.0,expirationDay
2021-07-19,6593.0,-3.0,0.0,0,424.97,0.0,1,0.21,0.24,SPY210721P00409000,409.0,0,0.0,0.0,,0.0,normalDay
2021-07-20,6593.0,19.0,0.0,0,431.06,0.0,1,0.21,0.02,SPY210721P00409000,409.0,0,0.0,0.0,,0.0,normalDay
2021-07-21,6614.0,0.0,21.0,0,434.55,0.0,1,0.21,0.0,SPY210721P00409000,409.0,0,0.0,0.0,,0.0,expirationDay
2021-07-22,6614.0,0.0,0.0,0,435.46,0.0,0,0.0,0.0,,0.0,0,0.0,0.0,,0.0,bidTooLow
2021-07-23,6614.0,0.0,0.0,0,439.94,0.0,0,0.0,0.0,,0.0,0,0.0,0.0,,0.0,bidTooLow
2021-07-26,6614.0,0.0,0.0,0,441.02,0.0,0,0.0,0.0,,0.0,0,0.0,0.0,,0.0,bidTooLow
2021-07-27,6614.0,-3.0,0.0,0,439.01,0.0,1,0.08,0.11,SPY210730P00417000,417.0,0,0.0,0.0,,0.0,normalDay
2021-07-28,6614.0,4.0,0.0,0,438.83,0.0,1,0.08,0.04,SPY210730P00417000,417.0,0,0.0,0.0,,0.0,normalDay
2021-07-29,6614.0,6.0,0.0,0,440.65,0.0,1,0.08,0.02,SPY210730P00417000,417.0,0,0.0,0.0,,0.0,normalDay
2021-07-30,6622.0,0.0,8.0,0,438.51,0.0,1,0.08,0.0,SPY210730P00417000,417.0,0,0.0,0.0,,0.0,expirationDay
2021-08-02,6622.0,-3.0,0.0,0,437.59,0.0,1,0.01,0.04,SPY210804P00419000,419.0,0,0.0,0.0,,0.0,normalDay
2021-08-03,6622.0,0.0,0.0,0,441.15,0.0,1,0.01,0.01,SPY210804P00419000,419.0,0,0.0,0.0,,0.0,normalDay
2021-08-04,6623.0,0.0,1.0,0,438.98,0.0,1,0.01,0.0,SPY210804P00419000,419.0,0,0.0,0.0,,0.0,expirationDay
2021-08-05,6623.0,0.0,0.0,0,441.76,0.0,0,0.0,0.0,,0.0,0,0.0,0.0,,0.0,bidTooLow
2021-08-06,6623.0,0.0,0.0,0,442.49,0.0,0,0.0,0.0,,0.0,0,0.0,0.0,,0.0,bidTooLow
2021-08-09,6623.0,0.0,0.0,0,442.13,0.0,0,0.0,0.0,,0.0,0,0.0,0.0,,0.0,bidTooLow
2021-08-10,6623.0,-3.0,0.0,0,442.68,0.0,1,0.03,0.06,SPY210813P00419000,419.0,0,0.0,0.0,,0.0,normalDay
2021-08-11,6623.0,0.0,0.0,0,443.78,0.0,1,0.03,0.03,SPY210813P00419000,419.0,0,0.0,0.0,,0.0,normalDay
2021-08-12,6623.0,1.0,0.0,0,445.11,0.0,1,0.03,0.02,SPY210813P00419000,419.0,0,0.0,0.0,,0.0,normalDay
2021-08-13,6626.0,0.0,3.0,0,445.92,0.0,1,0.03,0.0,SPY210813P00419000,419.0,0,0.0,0.0,,0.0,expirationDay
2021-08-16,6626.0,-3.0,0.0,0,446.97,0.0,1,0.01,0.04,SPY210818P00424000,424.0,0,0.0,0.0,,0.0,normalDay
2021-08-17,6626.0,-2.0,0.0,0,444.04,0.0,1,0.01,0.03,SPY210818P00424000,424.0,0,0.0,0.0,,0.0,normalDay
2021-08-18,6627.0,0.0,1.0,0,439.18,0.0,1,0.01,0.0,SPY210818P00424000,424.0,0,0.0,0.0,,0.0,expirationDay
2021-08-19,6627.0,-3.0,0.0,0,439.86,0.0,1,0.19,0.22,SPY210820P00431000,431.0,0,0.0,0.0,,0.0,normalDay
2021-08-20,6646.0,0.0,19.0,0,443.36,0.0,1,0.19,0.0,SPY210820P00431000,431.0,0,0.0,0.0,,0.0,expirationDay
2021-08-23,6646.0,-3.0,0.0,0,447.26,0.0,1,0.02,0.05,SPY210825P00430000,430.0,0,0.0,0.0,,0.0,normalDay
2021-08-24,6646.0,-1.0,0.0,0,447.97,0.0,1,0.02,0.03,SPY210825P00430000,430.0,0,0.0,0.0,,0.0,normalDay
2021-08-25,6648.0,0.0,2.0,0,448.91,0.0,1,0.02,0.0,SPY210825P00430000,430.0,0,0.0,0.0,,0.0,expirationDay
2021-08-26,6648.0,-3.0,0.0,0,446.26,0.0,1,0.03,0.06,SPY210827P00429000,429.0,0,0.0,0.0,,0.0,normalDay
2021-08-27,6651.0,0.0,3.0,0,450.25,0.0,1,0.03,0.0,SPY210827P00429000,429.0,0,0.0,0.0,,0.0,expirationDay
2021-08-30,6651.0,0.0,0.0,0,452.23,0.0,0,0.0,0.0,,0.0,0,0.0,0.0,,0.0,bidTooLow
2021-08-31,6651.0,-3.0,0.0,0,451.56,0.0,1,0.04,0.07,SPY210903P00429000,429.0,0,0.0,0.0,,0.0,normalDay
2021-09-01,6651.0,0.0,0.0,0,451.8,0.0,1,0.04,0.04,SPY210903P00429000,429.0,0,0.0,0.0,,0.0,normalDay
2021-09-02,6651.0,2.0,0.0,0,453.19,0.0,1,0.04,0.02,SPY210903P00429000,429.0,0,0.0,0.0,,0.0,normalDay
2021-09-03,6655.0,0.0,4.0,0,453.08,0.0,1,0.04,0.0,SPY210903P00429000,429.0,0,0.0,0.0,,0.0,expirationDay
2021-09-07,6655.0,-3.0,0.0,0,451.46,0.0,1,0.05,0.08,SPY210910P00430000,430.0,0,0.0,0.0,,0.0,normalDay
2021-09-08,6655.0,-1.0,0.0,0,450.91,0.0,1,0.05,0.06,SPY210910P00430000,430.0,0,0.0,0.0,,0.0,normalDay
2021-09-09,6655.0,2.0,0.0,0,448.98,0.0,1,0.05,0.03,SPY210910P00430000,430.0,0,0.0,0.0,,0.0,normalDay
2021-09-10,6660.0,0.0,5.0,0,445.44,0.0,1,0.05,0.0,SPY210910P00430000,430.0,0,0.0,0.0,,0.0,expirationDay
2021-09-13,6660.0,-3.0,0.0,0,446.58,0.0,1,0.21,0.24,SPY210915P00431000,431.0,0,0.0,0.0,,0.0,normalDay
2021-09-14,6660.0,13.0,0.0,0,444.17,0.0,1,0.21,0.08,SPY210915P00431000,431.0,0,0.0,0.0,,0.0,normalDay
2021-09-15,6681.0,0.0,21.0,0,447.88,0.0,1,0.21,0.0,SPY210915P00431000,431.0,0,0.0,0.0,,0.0,expirationDay
2021-09-16,6681.0,-3.0,0.0,0,447.17,0.0,1,0.08,0.11,SPY210917P00434000,434.0,0,0.0,0.0,,0.0,normalDay
2021-09-17,6689.0,0.0,8.0,0,441.4,0.0,1,0.08,0.0,SPY210917P00434000,434.0,0,0.0,0.0,,0.0,expirationDay
2021-09-20,6689.0,-3.0,0.0,0,434.04,0.0,1,1.62,1.65,SPY210922P00429000,429.0,0,0.0,0.0,,0.0,normalDay
2021-09-21,6689.0,78.0,0.0,0,433.63,0.0,1,1.62,0.84,SPY210922P00429000,429.0,0,0.0,0.0,,0.0,normalDay
2021-09-22,6851.0,0.0,162.0,0,437.86,0.0,1,1.62,0.0,SPY210922P00429000,429.0,0,0.0,0.0,,0.0,expirationDay
2021-09-23,6851.0,0.0,0.0,0,443.18,0.0,0,0.0,0.0,,0.0,0,0.0,0.0,,0.0,bidTooLow
2021-09-24,6851.0,-3.0,0.0,0,443.91,0.0,1,0.03,0.06,SPY210927P00422000,422.0,0,0.0,0.0,,0.0,normalDay
2021-09-27,6854.0,0.0,3.0,0,442.64,0.0,1,0.03,0.0,SPY210927P00422000,422.0,0,0.0,0.0,,0.0,expirationDay
2021-09-28,6854.0,-3.0,0.0,0,433.72,0.0,1,0.57,0.6,SPY211001P00419000,419.0,0,0.0,0.0,,0.0,normalDay
2021-09-29,6854.0,37.0,0.0,0,434.45,0.0,1,0.57,0.2,SPY211001P00419000,419.0,0,0.0,0.0,,0.0,normalDay
2021-09-30,6854.0,42.0,0.0,0,429.14,0.0,1,0.57,0.15,SPY211001P00419000,419.0,0,0.0,0.0,,0.0,normalDay
2021-10-01,6911.0,0.0,57.0,0,434.24,0.0,1,0.57,0.0,SPY211001P00419000,419.0,0,0.0,0.0,,0.0,expirationDay
2021-10-04,6911.0,-3.0,0.0,0,428.64,0.0,1,0.12,0.15,SPY211006P00412000,412.0,0,0.0,0.0,,0.0,normalDay
2021-10-05,6911.0,10.0,0.0,0,433.1,0.0,1,0.12,0.02,SPY211006P00412000,412.0,0,0.0,0.0,,0.0,normalDay
2021-10-06,6923.0,0.0,12.0,0,434.9,0.0,1,0.12,0.0,SPY211006P00412000,412.0,0,0.0,0.0,,0.0,expirationDay
2021-10-07,6923.0,0.0,0.0,0,438.66,0.0,0,0.0,0.0,,0.0,0,0.0,0.0,,0.0,bidTooLow
2021-10-08,6923.0,-3.0,0.0,0,437.86,0.0,1,0.01,0.04,SPY211011P00414000,414.0,0,0.0,0.0,,0.0,normalDay
2021-10-11,6924.0,0.0,1.0,0,434.69,0.0,1,0.01,0.0,SPY211011P00414000,414.0,0,0.0,0.0,,0.0,expirationDay
2021-10-12,6924.0,-3.0,0.0,0,433.62,0.0,1,0.18,0.21,SPY211015P00415000,415.0,0,0.0,0.0,,0.0,normalDay
2021-10-13,6924.0,10.0,0.0,0,435.18,0.0,1,0.18,0.08,SPY211015P00415000,415.0,0,0.0,0.0,,0.0,normalDay
2021-10-14,6924.0,14.0,0.0,0,442.5,0.0,1,0.18,0.04,SPY211015P00415000,415.0,0,0.0,0.0,,0.0,normalDay
2021-10-15,6942.0,0.0,18.0,0,445.87,0.0,1,0.18,0.0,SPY211015P00415000,415.0,0,0.0,0.0,,0.0,expirationDay
2021-10-18,6942.0,0.0,0.0,0,447.19,0.0,0,0.0,0.0,,0.0,0,0.0,0.0,,0.0,bidTooLow
2021-10-19,6942.0,0.0,0.0,0,450.64,0.0,0,0.0,0.0,,0.0,0,0.0,0.0,,0.0,bidTooLow
2021-10-20,6942.0,0.0,0.0,0,452.41,0.0,0,0.0,0.0,,0.0,0,0.0,0.0,,0.0,bidTooLow
2021-10-21,6942.0,0.0,0.0,0,453.59,0.0,0,0.0,0.0,,0.0,0,0.0,0.0,,0.0,bidTooLow
2021-10-22,6942.0,0.0,0.0,0,453.12,0.0,0,0.0,0.0,,0.0,0,0.0,0.0,,0.0,bidTooLow
2021-10-25,6942.0,0.0,0.0,0,455.55,0.0,0,0.0,0.0,,0.0,0,0.0,0.0,,0.0,bidTooLow
2021-10-26,6942.0,0.0,0.0,0,455.96,0.0,0,0.0,0.0,,0.0,0,0.0,0.0,,0.0,bidTooLow
2021-10-27,6942.0,0.0,0.0,0,453.94,0.0,0,0.0,0.0,,0.0,0,0.0,0.0,,0.0,bidTooLow
2021-10-28,6942.0,0.0,0.0,0,458.32,0.0,0,0.0,0.0,,0.0,0,0.0,0.0,,0.0,bidTooLow
2021-10-29,6942.0,0.0,0.0,0,459.25,0.0,0,0.0,0.0,,0.0,0,0.0,0.0,,0.0,bidTooLow
2021-11-01,6942.0,0.0,0.0,0,460.04,0.0,0,0.0,0.0,,0.0,0,0.0,0.0,,0.0,bidTooLow
2021-11-02,6942.0,0.0,0.0,0,461.9,0.0,0,0.0,0.0,,0.0,0,0.0,0.0,,0.0,bidTooLow
2021-11-03,6942.0,0.0,0.0,0,464.72,0.0,0,0.0,0.0,,0.0,0,0.0,0.0,,0.0,bidTooLow
2021-11-04,6942.0,0.0,0.0,0,466.91,0.0,0,0.0,0.0,,0.0,0,0.0,0.0,,0.0,bidTooLow
2021-11-05,6942.0,0.0,0.0,0,468.53,0.0,0,0.0,0.0,,0.0,0,0.0,0.0,,0.0,bidTooLow
2021-11-08,6942.0,0.0,0.0,0,468.93,0.0,0,0.0,0.0,,0.0,0,0.0,0.0,,0.0,bidTooLow
2021-11-09,6942.0,0.0,0.0,0,467.38,0.0,0,0.0,0.0,,0.0,0,0.0,0.0,,0.0,bidTooLow
2021-11-10,6942.0,0.0,0.0,0,463.62,0.0,0,0.0,0.0,,0.0,0,0.0,0.0,,0.0,bidTooLow
2021-11-11,6942.0,0.0,0.0,0,463.77,0.0,0,0.0,0.0,,0.0,0,0.0,0.0,,0.0,bidTooLow
2021-11-12,6942.0,0.0,0.0,0,467.27,0.0,0,0.0,0.0,,0.0,0,0.0,0.0,,0.0,bidTooLow
2021-11-15,6942.0,0.0,0.0,0,467.43,0.0,0,0.0,0.0,,0.0,0,0.0,0.0,,0.0,bidTooLow
2021-11-16,6942.0,-3.0,0.0,0,469.28,0.0,1,0.02,0.05,SPY211119P00437000,437.0,0,0.0,0.0,,0.0,normalDay
2021-11-17,6942.0,-1.0,0.0,0,468.14,0.0,1,0.02,0.03,SPY211119P00437000,437.0,0,0.0,0.0,,0.0,normalDay
2021-11-18,6942.0,0.0,0.0,0,469.73,0.0,1,0.02,0.02,SPY211119P00437000,437.0,0,0.0,0.0,,0.0,normalDay
2021-11-19,6944.0,0.0,2.0,0,468.89,0.0,1,0.02,0.0,SPY211119P00437000,437.0,0,0.0,0.0,,0.0,expirationDay
2021-11-22,6944.0,-3.0,0.0,0,467.57,0.0,1,0.04,0.07,SPY211124P00445000,445.0,0,0.0,0.0,,0.0,normalDay
2021-11-23,6944.0,2.0,0.0,0,468.19,0.0,1,0.04,0.02,SPY211124P00445000,445.0,0,0.0,0.0,,0.0,normalDay
2021-11-24,6948.0,0.0,4.0,0,469.44,0.0,1,0.04,0.0,SPY211124P00445000,445.0,0,0.0,0.0,,0.0,expirationDay
2021-11-26,6948.0,-14.0,0.0,0,458.97,0.0,1,1.63,1.77,SPY211129P00451000,451.0,0,0.0,0.0,,0.0,normalDay
2021-11-29,7111.0,0.0,163.0,0,464.6,0.0,1,1.63,0.0,SPY211129P00451000,451.0,0,0.0,0.0,,0.0,expirationDay
2021-11-30,7111.0,-8.0,0.0,0,455.56,0.0,1,2.0,2.08,SPY211203P00451000,451.0,0,0.0,0.0,,0.0,normalDay
2021-12-01,7111.0,-270.0,0.0,0,450.5,0.0,1,2.0,4.7,SPY211203P00451000,451.0,0,0.0,0.0,,0.0,normalDay
2021-12-02,7111.0,127.0,0.0,0,457.4,0.0,1,2.0,0.73,SPY211203P00451000,451.0,0,0.0,0.0,,0.0,normalDay
2021-12-03,7311.0,0.0,200.0,0,453.42,0.0,1,2.0,0.0,SPY211203P00451000,451.0,0,0.0,0.0,,0.0,expirationDay
2021-12-06,7311.0,-3.0,0.0,0,458.79,0.0,1,0.18,0.21,SPY211208P00439000,439.0,0,0.0,0.0,,0.0,normalDay
2021-12-07,7311.0,15.0,0.0,0,468.28,0.0,1,0.18,0.03,SPY211208P00439000,439.0,0,0.0,0.0,,0.0,normalDay
2021-12-08,7329.0,0.0,18.0,0,469.52,0.0,1,0.18,0.0,SPY211208P00439000,439.0,0,0.0,0.0,,0.0,expirationDay
2021-12-09,7329.0,0.0,0.0,0,466.35,0.0,0,0.0,0.0,,0.0,0,0.0,0.0,,0.0,bidTooLow
2021-12-10,7329.0,0.0,0.0,0,470.74,0.0,0,0.0,0.0,,0.0,0,0.0,0.0,,0.0,bidTooLow
2021-12-13,7329.0,-3.0,0.0,0,466.57,0.0,1,0.01,0.04,SPY211215P00439000,439.0,0,0.0,0.0,,0.0,normalDay
2021-12-14,7329.0,-1.0,0.0,0,463.36,0.0,1,0.01,0.02,SPY211215P00439000,439.0,0,0.0,0.0,,0.0,normalDay
2021-12-15,7330.0,0.0,1.0,0,470.6,0.0,1,0.01,0.0,SPY211215P00439000,439.0,0,0.0,0.0,,0.0,expirationDay
2021-12-16,7330.0,-3.0,0.0,0,466.45,0.0,1,0.01,0.04,SPY211217P00439000,439.0,0,0.0,0.0,,0.0,normalDay
2021-12-17,7331.0,0.0,1.0,0,459.87,0.0,1,0.01,0.0,SPY211217P00439000,439.0,0,0.0,0.0,,0.0,expirationDay
2021-12-20,7331.0,-3.0,0.0,0,454.98,0.0,1,0.18,0.21,SPY211223P00437000,437.0,0,0.0,0.0,,0.0,normalDay
2021-12-21,7331.0,14.0,0.0,0,463.06,0.0,1,0.18,0.04,SPY211223P00437000,437.0,0,0.0,0.0,,0.0,normalDay
2021-12-22,7331.0,17.0,0.0,0,467.69,0.0,1,0.18,0.01,SPY211223P00437000,437.0,0,0.0,0.0,,0.0,normalDay
2021-12-23,7349.0,0.0,18.0,0,470.6,0.0,1,0.18,0.0,SPY211223P00437000,437.0,0,0.0,0.0,,0.0,expirationDay
2021-12-27,7349.0,0.0,0.0,0,477.26,0.0,0,0.0,0.0,,0.0,0,0.0,0.0,,0.0,bidTooLow
2021-12-28,7349.0,0.0,0.0,0,476.87,0.0,0,0.0,0.0,,0.0,0,0.0,0.0,,0.0,bidTooLow
2021-12-29,7349.0,0.0,0.0,0,477.48,0.0,0,0.0,0.0,,0.0,0,0.0,0.0,,0.0,bidTooLow
2021-12-30,7349.0,0.0,0.0,0,476.16,0.0,0,0.0,0.0,,0.0,0,0.0,0.0,,0.0,bidTooLow
2021-12-31,7349.0,0.0,0.0,0,474.96,0.0,0,0.0,0.0,,0.0,0,0.0,0.0,,0.0,bidTooLow
2022-01-03,7349.0,0.0,0.0,0,477.71,0.0,0,0.0,0.0,,0.0,0,0.0,0.0,,0.0,bidTooLow
2022-01-04,7349.0,0.0,0.0,0,477.55,0.0,0,0.0,0.0,,0.0,0,0.0,0.0,,0.0,bidTooLow
2022-01-05,7349.0,-3.0,0.0,0,468.38,0.0,1,0.03,0.06,SPY220107P00443000,443.0,0,0.0,0.0,,0.0,normalDay
2022-01-06,7349.0,1.0,0.0,0,467.94,0.0,1,0.03,0.02,SPY220107P00443000,443.0,0,0.0,0.0,,0.0,normalDay
2022-01-07,7352.0,0.0,3.0,0,466.09,0.0,1,0.03,0.0,SPY220107P00443000,443.0,0,0.0,0.0,,0.0,expirationDay
2022-01-10,7352.0,-3.0,0.0,0,465.51,0.0,1,0.02,0.05,SPY220112P00442000,442.0,0,0.0,0.0,,0.0,normalDay
2022-01-11,7352.0,1.0,0.0,0,469.75,0.0,1,0.02,0.01,SPY220112P00442000,442.0,0,0.0,0.0,,0.0,normalDay
2022-01-12,7354.0,0.0,2.0,0,471.02,0.0,1,0.02,0.0,SPY220112P00442000,442.0,0,0.0,0.0,,0.0,expirationDay
2022-01-13,7354.0,-3.0,0.0,0,464.53,0.0,1,0.01,0.04,SPY220114P00443000,443.0,0,0.0,0.0,,0.0,normalDay
2022-01-14,7355.0,0.0,1.0,0,464.72,0.0,1,0.01,0.0,SPY220114P00443000,443.0,0,0.0,0.0,,0.0,expirationDay
2022-01-18,7355.0,-3.0,0.0,0,456.49,0.0,1,0.58,0.61,SPY220121P00441000,441.0,0,0.0,0.0,,0.0,normalDay
2022-01-19,7355.0,7.0,0.0,0,451.75,0.0,1,0.58,0.51,SPY220121P00441000,441.0,0,0.0,0.0,,0.0,normalDay
2022-01-20,7355.0,-38.0,0.0,0,446.75,0.0,1,0.58,0.96,SPY220121P00441000,441.0,0,0.0,0.0,,0.0,normalDay
2022-01-21,7413.0,-302.0,58.0,100,437.98,441.0,1,0.58,0.0,SPY220121P00441000,441.0,0,0.0,0.0,,0.0,expirationDay
2022-01-24,7413.0,-125.0,0.0,100,439.84,441.0,0,0.0,0.0,,0.0,1,2.48,2.57,SPY220520C00489000,489.0,normalDay
2022-01-25,7413.0,-600.0,0.0,100,434.47,441.0,0,0.0,0.0,,0.0,1,2.48,1.95,SPY220520C00489000,489.0,normalDay
2022-01-26,7413.0,-712.0,0.0,100,433.38,441.0,0,0.0,0.0,,0.0,1,2.48,1.98,SPY220520C00489000,489.0,normalDay
2022-01-27,7413.0,-908.0,0.0,100,431.24,441.0,0,0.0,0.0,,0.0,1,2.48,1.8,SPY220520C00489000,489.0,normalDay
2022-01-28,7413.0,90.0,0.0,100,441.95,441.0,0,0.0,0.0,,0.0,1,2.48,2.53,SPY220520C00489000,489.0,normalDay
2022-01-31,7413.0,817.0,0.0,100,449.91,441.0,0,0.0,0.0,,0.0,1,2.48,3.22,SPY220520C00489000,489.0,normalDay
2022-02-01,7413.0,1120.0,0.0,100,452.95,441.0,0,0.0,0.0,,0.0,1,2.48,3.23,SPY220520C00489000,489.0,normalDay
2022-02-02,7413.0,1514.0,0.0,100,457.35,441.0,0,0.0,0.0,,0.0,1,2.48,3.69,SPY220520C00489000,489.0,normalDay
2022-02-03,7413.0,497.0,0.0,100,446.6,441.0,0,0.0,0.0,,0.0,1,2.48,3.11,SPY220520C00489000,489.0,normalDay
2022-02-04,7413.0,748.0,0.0,100,448.7,441.0,0,0.0,0.0,,0.0,1,2.48,2.7,SPY220520C00489000,489.0,normalDay
2022-02-07,7413.0,624.0,0.0,100,447.26,441.0,0,0.0,0.0,,0.0,1,2.48,2.5,SPY220520C00489000,489.0,normalDay
2022-02-08,7413.0,969.0,0.0,100,450.94,441.0,0,0.0,0.0,,0.0,1,2.48,2.73,SPY220520C00489000,489.0,normalDay
2022-02-09,7413.0,1551.0,0.0,100,457.54,441.0,0,0.0,0.0,,0.0,1,2.48,3.51,SPY220520C00489000,489.0,normalDay
2022-02-10,7413.0,828.0,0.0,100,449.32,441.0,0,0.0,0.0,,0.0,1,2.48,2.52,SPY220520C00489000,489.0,normalDay
2022-02-11,7413.0,7.0,0.0,100,440.46,441.0,0,0.0,0.0,,0.0,1,2.48,1.87,SPY220520C00489000,489.0,normalDay
2022-02-14,7413.0,-120.0,0.0,100,439.02,441.0,0,0.0,0.0,,0.0,1,2.48,1.7,SPY220520C00489000,489.0,normalDay
2022-02-15,7413.0,565.0,0.0,100,446.1,441.0,0,0.0,0.0,,0.0,1,2.48,1.93,SPY220520C00489000,489.0,normalDay
2022-02-16,7413.0,627.0,0.0,100,446.6,441.0,0,0.0,0.0,,0.0,1,2.48,1.81,SPY220520C00489000,489.0,normalDay
2022-02-17,7413.0,-273.0,0.0,100,437.06,441.0,0,0.0,0.0,,0.0,1,2.48,1.27,SPY220520C00489000,489.0,normalDay
2022-02-18,7413.0,-541.0,0.0,100,434.23,441.0,0,0.0,0.0,,0.0,1,2.48,1.12,SPY220520C00489000,489.0,normalDay
2022-02-22,7413.0,-983.0,0.0,100,429.57,441.0,0,0.0,0.0,,0.0,1,2.48,0.88,SPY220520C00489000,489.0,normalDay
2022-02-23,7413.0,-1721.0,0.0,100,421.95,441.0,0,0.0,0.0,,0.0,1,2.48,0.64,SPY220520C00489000,489.0,normalDay
2022-02-24,7413.0,-1101.0,0.0,100,428.3,441.0,0,0.0,0.0,,0.0,1,2.48,0.79,SPY220520C00489000,489.0,normalDay
2022-02-25,7413.0,-198.0,0.0,100,437.75,441.0,0,0.0,0.0,,0.0,1,2.48,1.21,SPY220520C00489000,489.0,normalDay
2022-02-28,7413.0,-315.0,0.0,100,436.63,441.0,0,0.0,0.0,,0.0,1,2.48,1.26,SPY220520C00489000,489.0,normalDay
2022-03-01,7413.0,-964.0,0.0,100,429.98,441.0,0,0.0,0.0,,0.0,1,2.48,1.1,SPY220520C00489000,489.0,normalDay
2022-03-02,7413.0,-194.0,0.0,100,437.89,441.0,0,0.0,0.0,,0.0,1,2.48,1.31,SPY220520C00489000,489.0,normalDay
2022-03-03,7413.0,-391.0,0.0,100,435.71,441.0,0,0.0,0.0,,0.0,1,2.48,1.1,SPY220520C00489000,489.0,normalDay
2022-03-04,7413.0,-724.0,0.0,100,432.17,441.0,0,0.0,0.0,,0.0,1,2.48,0.89,SPY220520C00489000,489.0,normalDay
2022-03-07,7413.0,-1963.0,0.0,100,419.43,441.0,0,0.0,0.0,,0.0,1,2.48,0.54,SPY220520C00489000,489.0,normalDay
2022-03-08,7413.0,-2274.0,0.0,100,416.25,441.0,0,0.0,0.0,,0.0,1,2.48,0.47,SPY220520C00489000,489.0,normalDay
2022-03-09,7413.0,-1185.0,0.0,100,427.41,441.0,0,0.0,0.0,,0.0,1,2.48,0.74,SPY220520C00489000,489.0,normalDay
2022-03-10,7413.0,-1360.0,0.0,100,425.48,441.0,0,0.0,0.0,,0.0,1,2.48,0.56,SPY220520C00489000,489.0,normalDay
2022-03-11,7413.0,-1888.0,0.0,100,420.07,441.0,0,0.0,0.0,,0.0,1,2.48,0.43,SPY220520C00489000,489.0,normalDay
2022-03-14,7413.0,-2188.0,0.0,100,417.0,441.0,0,0.0,0.0,,0.0,1,2.48,0.36,SPY220520C00489000,489.0,normalDay
2022-03-15,7413.0,-1284.0,0.0,100,426.17,441.0,0,0.0,0.0,,0.0,1,2.48,0.49,SPY220520C00489000,489.0,normalDay
2022-03-16,7413.0,-353.0,0.0,100,435.62,441.0,0,0.0,0.0,,0.0,1,2.48,0.63,SPY220520C00489000,489.0,normalDay
2022-03-17,7413.0,185.0,0.0,100,441.07,441.0,0,0.0,0.0,,0.0,1,2.48,0.7,SPY220520C00489000,489.0,normalDay
2022-03-18,7413.0,519.0,0.0,100,444.52,441.0,0,0.0,0.0,,0.0,1,2.48,0.81,SPY220520C00489000,489.0,normalDay
2022-03-21,7413.0,523.0,0.0,100,444.39,441.0,0,0.0,0.0,,0.0,1,2.48,0.64,SPY220520C00489000,489.0,normalDay
2022-03-22,7413.0,1017.0,0.0,100,449.59,441.0,0,0.0,0.0,,0.0,1,2.48,0.9,SPY220520C00489000,489.0,normalDay
2022-03-23,7413.0,473.0,0.0,100,443.8,441.0,0,0.0,0.0,,0.0,1,2.48,0.55,SPY220520C00489000,489.0,normalDay
2022-03-24,7413.0,1117.0,0.0,100,450.49,441.0,0,0.0,0.0,,0.0,1,2.48,0.8,SPY220520C00489000,489.0,normalDay
2022-03-25,7413.0,1338.0,0.0,100,452.69,441.0,0,0.0,0.0,,0.0,1,2.48,0.79,SPY220520C00489000,489.0,normalDay
2022-03-28,7413.0,1655.0,0.0,100,455.91,441.0,0,0.0,0.0,,0.0,1,2.48,0.84,SPY220520C00489000,489.0,normalDay
2022-03-29,7413.0,2165.0,0.0,100,461.55,441.0,0,0.0,0.0,,0.0,1,2.48,1.38,SPY220520C00489000,489.0,normalDay
2022-03-30,7413.0,1906.0,0.0,100,458.7,441.0,0,0.0,0.0,,0.0,1,2.48,1.12,SPY220520C00489000,489.0,normalDay
2022-03-31,7413.0,1251.0,0.0,100,451.64,441.0,0,0.0,0.0,,0.0,1,2.48,0.61,SPY220520C00489000,489.0,normalDay
2022-04-01,7413.0,1396.0,0.0,100,452.92,441.0,0,0.0,0.0,,0.0,1,2.48,0.44,SPY220520C00489000,489.0,normalDay
2022-04-04,7413.0,1778.0,0.0,100,456.8,441.0,0,0.0,0.0,,0.0,1,2.48,0.5,SPY220520C00489000,489.0,normalDay
2022-04-05,7413.0,1220.0,0.0,100,451.03,441.0,0,0.0,0.0,,0.0,1,2.48,0.31,SPY220520C00489000,489.0,normalDay
2022-04-06,7413.0,782.0,0.0,100,446.52,441.0,0,0.0,0.0,,0.0,1,2.48,0.18,SPY220520C00489000,489.0,normalDay
2022-04-07,7413.0,1004.0,0.0,100,448.77,441.0,0,0.0,0.0,,0.0,1,2.48,0.21,SPY220520C00489000,489.0,normalDay
2022-04-08,7413.0,889.0,0.0,100,447.57,441.0,0,0.0,0.0,,0.0,1,2.48,0.16,SPY220520C00489000,489.0,normalDay
2022-04-11,7413.0,131.0,0.0,100,439.92,441.0,0,0.0,0.0,,0.0,1,2.48,0.09,SPY220520C00489000,489.0,normalDay
2022-04-12,7413.0,-30.0,0.0,100,438.29,441.0,0,0.0,0.0,,0.0,1,2.48,0.07,SPY220520C00489000,489.0,normalDay
2022-04-13,7413.0,471.0,0.0,100,443.31,441.0,0,0.0,0.0,,0.0,1,2.48,0.08,SPY220520C00489000,489.0,normalDay
2022-04-14,7413.0,-78.0,0.0,100,437.79,441.0,0,0.0,0.0,,0.0,1,2.48,0.05,SPY220520C00489000,489.0,normalDay
2022-04-18,7413.0,-59.0,0.0,100,437.97,441.0,0,0.0,0.0,,0.0,1,2.48,0.04,SPY220520C00489000,489.0,normalDay
2022-04-19,7413.0,647.0,0.0,100,445.04,441.0,0,0.0,0.0,,0.0,1,2.48,0.05,SPY220520C00489000,489.0,normalDay
2022-04-20,7413.0,614.0,0.0,100,444.71,441.0,0,0.0,0.0,,0.0,1,2.48,0.05,SPY220520C00489000,489.0,normalDay
2022-04-21,7413.0,-49.0,0.0,100,438.06,441.0,0,0.0,0.0,,0.0,1,2.48,0.03,SPY220520C00489000,489.0,normalDay
2022-04-22,7413.0,-1250.0,0.0,100,426.04,441.0,0,0.0,0.0,,0.0,1,2.48,0.02,SPY220520C00489000,489.0,normalDay
2022-04-25,7413.0,-1003.0,0.0,100,428.51,441.0,0,0.0,0.0,,0.0,1,2.48,0.02,SPY220520C00489000,489.0,normalDay
2022-04-26,7413.0,-2244.0,0.0,100,416.1,441.0,0,0.0,0.0,,0.0,1,2.48,0.02,SPY220520C00489000,489.0,normalDay
2022-04-27,7413.0,-2127.0,0.0,100,417.27,441.0,0,0.0,0.0,,0.0,1,2.48,0.02,SPY220520C00489000,489.0,normalDay
2022-04-28,7413.0,-1073.0,0.0,100,427.81,441.0,0,0.0,0.0,,0.0,1,2.48,0.02,SPY220520C00489000,489.0,normalDay
2022-04-29,7413.0,-2654.0,0.0,100,412.0,441.0,0,0.0,0.0,,0.0,1,2.48,0.02,SPY220520C00489000,489.0,normalDay
2022-05-02,7413.0,-2406.0,0.0,100,414.48,441.0,0,0.0,0.0,,0.0,1,2.48,0.02,SPY220520C00489000,489.0,normalDay
2022-05-03,7413.0,-2215.0,0.0,100,416.38,441.0,0,0.0,0.0,,0.0,1,2.48,0.01,SPY220520C00489000,489.0,normalDay
2022-05-04,7413.0,-948.0,0.0,100,429.06,441.0,0,0.0,0.0,,0.0,1,2.48,0.02,SPY220520C00489000,489.0,normalDay
2022-05-05,7413.0,-2473.0,0.0,100,413.81,441.0,0,0.0,0.0,,0.0,1,2.48,0.02,SPY220520C00489000,489.0,normalDay
2022-05-06,7413.0,-2719.0,0.0,100,411.34,441.0,0,0.0,0.0,,0.0,1,2.48,0.01,SPY220520C00489000,489.0,normalDay
2022-05-09,7413.0,-4037.0,0.0,100,398.17,441.0,0,0.0,0.0,,0.0,1,2.48,0.02,SPY220520C00489000,489.0,normalDay
2022-05-10,7413.0,-3944.0,0.0,100,399.09,441.0,0,0.0,0.0,,0.0,1,2.48,0.01,SPY220520C00489000,489.0,normalDay
2022-05-11,7413.0,-4578.0,0.0,100,392.75,441.0,0,0.0,0.0,,0.0,1,2.48,0.01,SPY220520C00489000,489.0,normalDay
2022-05-12,7413.0,-4619.0,0.0,100,392.34,441.0,0,0.0,0.0,,0.0,1,2.48,0.01,SPY220520C00489000,489.0,normalDay
2022-05-13,7413.0,-3681.0,0.0,100,401.72,441.0,0,0.0,0.0,,0.0,1,2.48,0.01,SPY220520C00489000,489.0,normalDay
2022-05-16,7413.0,-3844.0,0.0,100,400.09,441.0,0,0.0,0.0,,0.0,1,2.48,0.01,SPY220520C00489000,489.0,normalDay
2022-05-17,7413.0,-3021.0,0.0,100,408.32,441.0,0,0.0,0.0,,0.0,1,2.48,0.01,SPY220520C00489000,489.0,normalDay
2022-05-18,7413.0,-4667.0,0.0,100,391.86,441.0,0,0.0,0.0,,0.0,1,2.48,0.01,SPY220520C00489000,489.0,normalDay
2022-05-19,7413.0,-4907.0,0.0,100,389.46,441.0,0,0.0,0.0,,0.0,1,2.48,0.01,SPY220520C00489000,489.0,normalDay
2022-05-20,7661.0,-5137.0,248.0,100,389.63,441.0,0,0.0,0.0,,0.0,1,2.48,0.0,SPY220520C00489000,489.0,expirationDay
2022-05-23,7661.0,-4420.0,0.0,100,396.92,441.0,0,0.0,0.0,,0.0,1,8.82,8.94,SPY220930C00429000,429.0,normalDay
2022-05-24,7661.0,-4644.0,0.0,100,393.89,441.0,0,0.0,0.0,,0.0,1,8.82,8.15,SPY220930C00429000,429.0,normalDay
2022-05-25,7661.0,-4355.0,0.0,100,397.37,441.0,0,0.0,0.0,,0.0,1,8.82,8.74,SPY220930C00429000,429.0,normalDay
2022-05-26,7661.0,-3813.0,0.0,100,405.31,441.0,0,0.0,0.0,,0.0,1,8.82,11.26,SPY220930C00429000,429.0,normalDay
2022-05-27,7661.0,-3226.0,0.0,100,415.26,441.0,0,0.0,0.0,,0.0,1,8.82,15.34,SPY220930C00429000,429.0,normalDay
2022-05-31,7661.0,-3288.0,0.0,100,412.93,441.0,0,0.0,0.0,,0.0,1,8.82,13.63,SPY220930C00429000,429.0,normalDay
2022-06-01,7661.0,-3452.0,0.0,100,409.59,441.0,0,0.0,0.0,,0.0,1,8.82,11.93,SPY220930C00429000,429.0,normalDay
2022-06-02,7661.0,-2998.0,0.0,100,417.39,441.0,0,0.0,0.0,,0.0,1,8.82,15.19,SPY220930C00429000,429.0,normalDay
2022-06-03,7661.0,-3376.0,0.0,100,410.54,441.0,0,0.0,0.0,,0.0,1,8.82,12.12,SPY220930C00429000,429.0,normalDay
2022-06-06,7661.0,-3264.0,0.0,100,411.79,441.0,0,0.0,0.0,,0.0,1,8.82,12.25,SPY220930C00429000,429.0,normalDay
2022-06-07,7661.0,-3004.0,0.0,100,415.74,441.0,0,0.0,0.0,,0.0,1,8.82,13.6,SPY220930C00429000,429.0,normalDay
2022-06-08,7661.0,-3257.0,0.0,100,411.22,441.0,0,0.0,0.0,,0.0,1,8.82,11.61,SPY220930C00429000,429.0,normalDay
2022-06-09,7661.0,-3910.0,0.0,100,401.44,441.0,0,0.0,0.0,,0.0,1,8.82,8.36,SPY220930C00429000,429.0,normalDay
2022-06-10,7661.0,-4790.0,0.0,100,389.8,441.0,0,0.0,0.0,,0.0,1,8.82,5.52,SPY220930C00429000,429.0,normalDay
2022-06-13,7661.0,-6038.0,0.0,100,375.0,441.0,0,0.0,0.0,,0.0,1,8.82,3.2,SPY220930C00429000,429.0,normalDay
2022-06-14,7661.0,-6092.0,0.0,100,373.87,441.0,0,0.0,0.0,,0.0,1,8.82,2.61,SPY220930C00429000,429.0,normalDay
2022-06-15,7661.0,-5606.0,0.0,100,379.2,441.0,0,0.0,0.0,,0.0,1,8.82,3.08,SPY220930C00429000,429.0,normalDay
2022-06-16,7661.0,-6748.0,0.0,100,366.65,441.0,0,0.0,0.0,,0.0,1,8.82,1.95,SPY220930C00429000,429.0,normalDay
2022-06-17,7661.0,-6814.0,0.0,100,365.86,441.0,0,0.0,0.0,,0.0,1,8.82,1.82,SPY220930C00429000,429.0,normalDay
2022-06-21,7661.0,-5961.0,0.0,100,375.07,441.0,0,0.0,0.0,,0.0,1,8.82,2.5,SPY220930C00429000,429.0,normalDay
2022-06-22,7661.0,-6011.0,0.0,100,374.39,441.0,0,0.0,0.0,,0.0,1,8.82,2.32,SPY220930C00429000,429.0,normalDay
2022-06-23,7661.0,-5660.0,0.0,100,378.06,441.0,0,0.0,0.0,,0.0,1,8.82,2.48,SPY220930C00429000,429.0,normalDay
2022-06-24,7661.0,-4635.0,0.0,100,390.08,441.0,0,0.0,0.0,,0.0,1,8.82,4.25,SPY220930C00429000,429.0,normalDay
2022-06-27,7661.0,-4748.0,0.0,100,388.59,441.0,0,0.0,0.0,,0.0,1,8.82,3.89,SPY220930C00429000,429.0,normalDay
2022-06-28,7661.0,-5397.0,0.0,100,380.65,441.0,0,0.0,0.0,,0.0,1,8.82,2.44,SPY220930C00429000,429.0,normalDay
2022-06-29,7661.0,-5426.0,0.0,100,380.34,441.0,0,0.0,0.0,,0.0,1,8.82,2.42,SPY220930C00429000,429.0,normalDay
2022-06-30,7661.0,-5687.0,0.0,100,377.25,441.0,0,0.0,0.0,,0.0,1,8.82,1.94,SPY220930C00429000,429.0,normalDay
2022-07-01,7661.0,-5309.0,0.0,100,381.24,441.0,0,0.0,0.0,,0.0,1,8.82,2.15,SPY220930C00429000,429.0,normalDay
2022-07-05,7661.0,-5223.0,0.0,100,381.96,441.0,0,0.0,0.0,,0.0,1,8.82,2.01,SPY220930C00429000,429.0,normalDay
2022-07-06,7661.0,-5114.0,0.0,100,383.25,441.0,0,0.0,0.0,,0.0,1,8.82,2.21,SPY220930C00429000,429.0,normalDay
2022-07-07,7661.0,-4604.0,0.0,100,388.99,441.0,0,0.0,0.0,,0.0,1,8.82,2.85,SPY220930C00429000,429.0,normalDay
2022-07-08,7661.0,-4620.0,0.0,100,388.67,441.0,0,0.0,0.0,,0.0,1,8.82,2.69,SPY220930C00429000,429.0,normalDay
2022-07-11,7661.0,-5000.0,0.0,100,384.23,441.0,0,0.0,0.0,,0.0,1,8.82,2.05,SPY220930C00429000,429.0,normalDay
2022-07-12,7661.0,-5287.0,0.0,100,380.83,441.0,0,0.0,0.0,,0.0,1,8.82,1.52,SPY220930C00429000,429.0,normalDay
2022-07-13,7661.0,-5467.0,0.0,100,378.83,441.0,0,0.0,0.0,,0.0,1,8.82,1.32,SPY220930C00429000,429.0,normalDay
2022-07-14,7661.0,-5553.0,0.0,100,377.91,441.0,0,0.0,0.0,,0.0,1,8.82,1.26,SPY220930C00429000,429.0,normalDay
2022-07-15,7661.0,-4871.0,0.0,100,385.13,441.0,0,0.0,0.0,,0.0,1,8.82,1.66,SPY220930C00429000,429.0,normalDay
2022-07-18,7661.0,-5161.0,0.0,100,381.95,441.0,0,0.0,0.0,,0.0,1,8.82,1.38,SPY220930C00429000,429.0,normalDay
2022-07-19,7661.0,-4272.0,0.0,100,392.27,441.0,0,0.0,0.0,,0.0,1,8.82,2.81,SPY220930C00429000,429.0,normalDay
2022-07-20,7661.0,-4060.0,0.0,100,394.77,441.0,0,0.0,0.0,,0.0,1,8.82,3.19,SPY220930C00429000,429.0,normalDay
2022-07-21,7661.0,-3703.0,0.0,100,398.79,441.0,0,0.0,0.0,,0.0,1,8.82,3.64,SPY220930C00429000,429.0,normalDay
2022-07-22,7661.0,-3986.0,0.0,100,395.09,441.0,0,0.0,0.0,,0.0,1,8.82,2.77,SPY220930C00429000,429.0,normalDay
2022-07-25,7661.0,-3932.0,0.0,100,395.57,441.0,0,0.0,0.0,,0.0,1,8.82,2.71,SPY220930C00429000,429.0,normalDay
2022-07-26,7661.0,-4339.0,0.0,100,390.89,441.0,0,0.0,0.0,,0.0,1,8.82,2.1,SPY220930C00429000,429.0,normalDay
2022-07-27,7661.0,-3448.0,0.0,100,401.04,441.0,0,0.0,0.0,,0.0,1,8.82,3.34,SPY220930C00429000,429.0,normalDay
2022-07-28,7661.0,-3081.0,0.0,100,406.07,441.0,0,0.0,0.0,,0.0,1,8.82,4.7,SPY220930C00429000,429.0,normalDay
2022-07-29,7661.0,-2619.0,0.0,100,411.99,441.0,0,0.0,0.0,,0.0,1,8.82,6.0,SPY220930C00429000,429.0,normalDay
2022-08-01,7661.0,-2718.0,0.0,100,410.77,441.0,0,0.0,0.0,,0.0,1,8.82,5.77,SPY220930C00429000,429.0,normalDay
2022-08-02,7661.0,-2912.0,0.0,100,408.06,441.0,0,0.0,0.0,,0.0,1,8.82,5.0,SPY220930C00429000,429.0,normalDay
2022-08-03,7661.0,-2425.0,0.0,100,414.45,441.0,0,0.0,0.0,,0.0,1,8.82,6.52,SPY220930C00429000,429.0,normalDay
2022-08-04,7661.0,-2442.0,0.0,100,414.17,441.0,0,0.0,0.0,,0.0,1,8.82,6.41,SPY220930C00429000,429.0,normalDay
2022-08-05,7661.0,-2432.0,0.0,100,413.47,441.0,0,0.0,0.0,,0.0,1,8.82,5.61,SPY220930C00429000,429.0,normalDay
2022-08-08,7661.0,-2462.0,0.0,100,412.99,441.0,0,0.0,0.0,,0.0,1,8.82,5.43,SPY220930C00429000,429.0,normalDay
2022-08-09,7661.0,-2572.0,0.0,100,411.35,441.0,0,0.0,0.0,,0.0,1,8.82,4.89,SPY220930C00429000,429.0,normalDay
2022-08-10,7661.0,-1940.0,0.0,100,419.99,441.0,0,0.0,0.0,,0.0,1,8.82,7.21,SPY220930C00429000,429.0,normalDay
2022-08-11,7661.0,-1968.0,0.0,100,419.99,441.0,0,0.0,0.0,,0.0,1,8.82,7.49,SPY220930C00429000,429.0,normalDay
2022-08-12,7661.0,-1542.0,0.0,100,427.1,441.0,0,0.0,0.0,,0.0,1,8.82,10.34,SPY220930C00429000,429.0,normalDay
2022-08-15,7661.0,-1450.0,0.0,100,428.86,441.0,0,0.0,0.0,,0.0,1,8.82,11.18,SPY220930C00429000,429.0,normalDay
2022-08-16,7661.0,-1386.0,0.0,100,429.7,441.0,0,0.0,0.0,,0.0,1,8.82,11.38,SPY220930C00429000,429.0,normalDay
2022-08-17,7661.0,-1560.0,0.0,100,426.65,441.0,0,0.0,0.0,,0.0,1,8.82,10.07,SPY220930C00429000,429.0,normalDay
2022-08-18,7661.0,-1431.0,0.0,100,427.89,441.0,0,0.0,0.0,,0.0,1,8.82,10.02,SPY220930C00429000,429.0,normalDay
2022-08-19,7661.0,-1736.0,0.0,100,422.14,441.0,0,0.0,0.0,,0.0,1,8.82,7.32,SPY220930C00429000,429.0,normalDay
2022-08-22,7661.0,-2324.0,0.0,100,413.35,441.0,0,0.0,0.0,,0.0,1,8.82,4.41,SPY220930C00429000,429.0,normalDay
2022-08-23,7661.0,-2365.0,0.0,100,412.35,441.0,0,0.0,0.0,,0.0,1,8.82,3.82,SPY220930C00429000,429.0,normalDay
2022-08-24,7661.0,-2232.0,0.0,100,413.67,441.0,0,0.0,0.0,,0.0,1,8.82,3.81,SPY220930C00429000,429.0,normalDay
2022-08-25,7661.0,-1793.0,0.0,100,419.51,441.0,0,0.0,0.0,,0.0,1,8.82,5.26,SPY220930C00429000,429.0,normalDay
2022-08-26,7661.0,-2888.0,0.0,100,405.31,441.0,0,0.0,0.0,,0.0,1,8.82,2.01,SPY220930C00429000,429.0,normalDay
2022-08-29,7661.0,-3107.0,0.0,100,402.63,441.0,0,0.0,0.0,,0.0,1,8.82,1.52,SPY220930C00429000,429.0,normalDay
2022-08-30,7661.0,-3490.0,0.0,100,398.21,441.0,0,0.0,0.0,,0.0,1,8.82,0.93,SPY220930C00429000,429.0,normalDay
2022-08-31,7661.0,-3762.0,0.0,100,395.18,441.0,0,0.0,0.0,,0.0,1,8.82,0.62,SPY220930C00429000,429.0,normalDay
2022-09-01,7661.0,-3637.0,0.0,100,396.42,441.0,0,0.0,0.0,,0.0,1,8.82,0.61,SPY220930C00429000,429.0,normalDay
2022-09-02,7661.0,-4034.0,0.0,100,392.24,441.0,0,0.0,0.0,,0.0,1,8.82,0.4,SPY220930C00429000,429.0,normalDay
2022-09-06,7661.0,-4174.0,0.0,100,390.76,441.0,0,0.0,0.0,,0.0,1,8.82,0.32,SPY220930C00429000,429.0,normalDay
2022-09-07,7661.0,-3492.0,0.0,100,397.78,441.0,0,0.0,0.0,,0.0,1,8.82,0.52,SPY220930C00429000,429.0,normalDay
2022-09-08,7661.0,-3241.0,0.0,100,400.38,441.0,0,0.0,0.0,,0.0,1,8.82,0.61,SPY220930C00429000,429.0,normalDay
2022-09-09,7661.0,-2648.0,0.0,100,406.6,441.0,0,0.0,0.0,,0.0,1,8.82,0.9,SPY220930C00429000,429.0,normalDay
2022-09-12,7661.0,-2285.0,0.0,100,410.97,441.0,0,0.0,0.0,,0.0,1,8.82,1.64,SPY220930C00429000,429.0,normalDay
2022-09-13,7661.0,-3934.0,0.0,100,393.1,441.0,0,0.0,0.0,,0.0,1,8.82,0.26,SPY220930C00429000,429.0,normalDay
2022-09-14,7661.0,-3778.0,0.0,100,394.6,441.0,0,0.0,0.0,,0.0,1,8.82,0.2,SPY220930C00429000,429.0,normalDay
2022-09-15,7661.0,-4217.0,0.0,100,390.12,441.0,0,0.0,0.0,,0.0,1,8.82,0.11,SPY220930C00429000,429.0,normalDay
2022-09-16,7661.0,-4669.0,0.0,100,385.56,441.0,0,0.0,0.0,,0.0,1,8.82,0.07,SPY220930C00429000,429.0,normalDay
2022-09-19,7661.0,-4369.0,0.0,100,388.55,441.0,0,0.0,0.0,,0.0,1,8.82,0.06,SPY220930C00429000,429.0,normalDay
2022-09-20,7661.0,-4813.0,0.0,100,384.09,441.0,0,0.0,0.0,,0.0,1,8.82,0.04,SPY220930C00429000,429.0,normalDay
2022-09-21,7661.0,-5482.0,0.0,100,377.39,441.0,0,0.0,0.0,,0.0,1,8.82,0.03,SPY220930C00429000,429.0,normalDay
2022-09-22,7661.0,-5797.0,0.0,100,374.22,441.0,0,0.0,0.0,,0.0,1,8.82,0.01,SPY220930C00429000,429.0,normalDay
2022-09-23,7661.0,-6424.0,0.0,100,367.95,441.0,0,0.0,0.0,,0.0,1,8.82,0.01,SPY220930C00429000,429.0,normalDay
2022-09-26,7661.0,-6788.0,0.0,100,364.31,441.0,0,0.0,0.0,,0.0,1,8.82,0.01,SPY220930C00429000,429.0,normalDay
2022-09-27,7661.0,-6881.0,0.0,100,363.38,441.0,0,0.0,0.0,,0.0,1,8.82,0.01,SPY220930C00429000,429.0,normalDay
2022-09-28,7661.0,-6166.0,0.0,100,370.53,441.0,0,0.0,0.0,,0.0,1,8.82,0.01,SPY220930C00429000,429.0,normalDay
2022-09-29,7661.0,-6940.0,0.0,100,362.79,441.0,0,0.0,0.0,,0.0,1,8.82,0.01,SPY220930C00429000,429.0,normalDay
2022-09-30,8543.0,-8382.0,882.0,100,357.18,441.0,0,0.0,0.0,,0.0,1,8.82,0.0,SPY220930C00429000,429.0,expirationDay
2022-10-03,8543.0,-7446.0,0.0,100,366.61,441.0,0,0.0,0.0,,0.0,1,3.72,3.79,SPY230120C00415000,415.0,normalDay
2022-10-04,8543.0,-6544.0,0.0,100,377.97,441.0,0,0.0,0.0,,0.0,1,3.72,6.13,SPY230120C00415000,415.0,normalDay
2022-10-05,8543.0,-6609.0,0.0,100,377.09,441.0,0,0.0,0.0,,0.0,1,3.72,5.9,SPY230120C00415000,415.0,normalDay
2022-10-06,8543.0,-6919.0,0.0,100,373.2,441.0,0,0.0,0.0,,0.0,1,3.72,5.11,SPY230120C00415000,415.0,normalDay
2022-10-07,8543.0,-7755.0,0.0,100,362.79,441.0,0,0.0,0.0,,0.0,1,3.72,3.06,SPY230120C00415000,415.0,normalDay
2022-10-10,8543.0,-8023.0,0.0,100,360.02,441.0,0,0.0,0.0,,0.0,1,3.72,2.97,SPY230120C00415000,415.0,normalDay
2022-10-11,8543.0,-8233.0,0.0,100,357.74,441.0,0,0.0,0.0,,0.0,1,3.72,2.79,SPY230120C00415000,415.0,normalDay
2022-10-12,8543.0,-8339.0,0.0,100,356.56,441.0,0,0.0,0.0,,0.0,1,3.72,2.67,SPY230120C00415000,415.0,normalDay
2022-10-13,8543.0,-7537.0,0.0,100,365.97,441.0,0,0.0,0.0,,0.0,1,3.72,4.06,SPY230120C00415000,415.0,normalDay
2022-10-14,8543.0,-8235.0,0.0,100,357.63,441.0,0,0.0,0.0,,0.0,1,3.72,2.7,SPY230120C00415000,415.0,normalDay
2022-10-17,8543.0,-7456.0,0.0,100,366.82,441.0,0,0.0,0.0,,0.0,1,3.72,4.1,SPY230120C00415000,415.0,normalDay
2022-10-18,8543.0,-7101.0,0.0,100,371.13,441.0,0,0.0,0.0,,0.0,1,3.72,4.86,SPY230120C00415000,415.0,normalDay
2022-10-19,8543.0,-7280.0,0.0,100,368.5,441.0,0,0.0,0.0,,0.0,1,3.72,4.02,SPY230120C00415000,415.0,normalDay
2022-10-20,8543.0,-7520.0,0.0,100,365.41,441.0,0,0.0,0.0,,0.0,1,3.72,3.33,SPY230120C00415000,415.0,normalDay
2022-10-21,8543.0,-6818.0,0.0,100,374.29,441.0,0,0.0,0.0,,0.0,1,3.72,5.19,SPY230120C00415000,415.0,normalDay
2022-10-24,8543.0,-6463.0,0.0,100,378.87,441.0,0,0.0,0.0,,0.0,1,3.72,6.22,SPY230120C00415000,415.0,normalDay
2022-10-25,8543.0,-5933.0,0.0,100,384.92,441.0,0,0.0,0.0,,0.0,1,3.72,6.97,SPY230120C00415000,415.0,normalDay
2022-10-26,8543.0,-6156.0,0.0,100,382.02,441.0,0,0.0,0.0,,0.0,1,3.72,6.3,SPY230120C00415000,415.0,normalDay
2022-10-27,8543.0,-6173.0,0.0,100,379.98,441.0,0,0.0,0.0,,0.0,1,3.72,4.43,SPY230120C00415000,415.0,normalDay
2022-10-28,8543.0,-5590.0,0.0,100,389.02,441.0,0,0.0,0.0,,0.0,1,3.72,7.64,SPY230120C00415000,415.0,normalDay
2022-10-31,8543.0,-5740.0,0.0,100,386.21,441.0,0,0.0,0.0,,0.0,1,3.72,6.33,SPY230120C00415000,415.0,normalDay
2022-11-01,8543.0,-5840.0,0.0,100,384.52,441.0,0,0.0,0.0,,0.0,1,3.72,5.64,SPY230120C00415000,415.0,normalDay
2022-11-02,8543.0,-6585.0,0.0,100,374.87,441.0,0,0.0,0.0,,0.0,1,3.72,3.44,SPY230120C00415000,415.0,normalDay
2022-11-03,8543.0,-6893.0,0.0,100,371.01,441.0,0,0.0,0.0,,0.0,1,3.72,2.66,SPY230120C00415000,415.0,normalDay
2022-11-04,8543.0,-6435.0,0.0,100,376.35,441.0,0,0.0,0.0,,0.0,1,3.72,3.42,SPY230120C00415000,415.0,normalDay
2022-11-07,8543.0,-6121.0,0.0,100,379.95,441.0,0,0.0,0.0,,0.0,1,3.72,3.88,SPY230120C00415000,415.0,normalDay
2022-11-08,8543.0,-5963.0,0.0,100,382.0,441.0,0,0.0,0.0,,0.0,1,3.72,4.35,SPY230120C00415000,415.0,normalDay
2022-11-09,8543.0,-6607.0,0.0,100,374.13,441.0,0,0.0,0.0,,0.0,1,3.72,2.92,SPY230120C00415000,415.0,normalDay
2022-11-10,8543.0,-5041.0,0.0,100,394.69,441.0,0,0.0,0.0,,0.0,1,3.72,7.82,SPY230120C00415000,415.0,normalDay
2022-11-11,8543.0,-4696.0,0.0,100,398.51,441.0,0,0.0,0.0,,0.0,1,3.72,8.19,SPY230120C00415000,415.0,normalDay
2022-11-14,8543.0,-4912.0,0.0,100,395.12,441.0,0,0.0,0.0,,0.0,1,3.72,6.96,SPY230120C00415000,415.0,normalDay
2022-11-15,8543.0,-4674.0,0.0,100,398.49,441.0,0,0.0,0.0,,0.0,1,3.72,7.95,SPY230120C00415000,415.0,normalDay
2022-11-16,8543.0,-4845.0,0.0,100,395.45,441.0,0,0.0,0.0,,0.0,1,3.72,6.62,SPY230120C00415000,415.0,normalDay
2022-11-17,8543.0,-4907.0,0.0,100,394.24,441.0,0,0.0,0.0,,0.0,1,3.72,6.03,SPY230120C00415000,415.0,normalDay
2022-11-18,8543.0,-4735.0,0.0,100,396.03,441.0,0,0.0,0.0,,0.0,1,3.72,6.1,SPY230120C00415000,415.0,normalDay
2022-11-21,8543.0,-4785.0,0.0,100,394.59,441.0,0,0.0,0.0,,0.0,1,3.72,5.16,SPY230120C00415000,415.0,normalDay
2022-11-22,8543.0,-4374.0,0.0,100,399.9,441.0,0,0.0,0.0,,0.0,1,3.72,6.36,SPY230120C00415000,415.0,normalDay
2022-11-23,8543.0,-4172.0,0.0,100,402.42,441.0,0,0.0,0.0,,0.0,1,3.72,6.86,SPY230120C00415000,415.0,normalDay
2022-11-25,8543.0,-4157.0,0.0,100,402.33,441.0,0,0.0,0.0,,0.0,1,3.72,6.62,SPY230120C00415000,415.0,normalDay
2022-11-28,8543.0,-4601.0,0.0,100,395.91,441.0,0,0.0,0.0,,0.0,1,3.72,4.64,SPY230120C00415000,415.0,normalDay
2022-11-29,8543.0,-4622.0,0.0,100,395.23,441.0,0,0.0,0.0,,0.0,1,3.72,4.17,SPY230120C00415000,415.0,normalDay
2022-11-30,8543.0,-3816.0,0.0,100,407.68,441.0,0,0.0,0.0,,0.0,1,3.72,8.56,SPY230120C00415000,415.0,normalDay
2022-12-01,8543.0,-3776.0,0.0,100,407.38,441.0,0,0.0,0.0,,0.0,1,3.72,7.86,SPY230120C00415000,415.0,normalDay
2022-12-02,8543.0,-3750.0,0.0,100,406.91,441.0,0,0.0,0.0,,0.0,1,3.72,7.13,SPY230120C00415000,415.0,normalDay
2022-12-05,8543.0,-4226.0,0.0,100,399.59,441.0,0,0.0,0.0,,0.0,1,3.72,4.57,SPY230120C00415000,415.0,normalDay
2022-12-06,8543.0,-4669.0,0.0,100,393.83,441.0,0,0.0,0.0,,0.0,1,3.72,3.24,SPY230120C00415000,415.0,normalDay
2022-12-07,8543.0,-4723.0,0.0,100,393.16,441.0,0,0.0,0.0,,0.0,1,3.72,3.11,SPY230120C00415000,415.0,normalDay
2022-12-08,8543.0,-4465.0,0.0,100,396.24,441.0,0,0.0,0.0,,0.0,1,3.72,3.61,SPY230120C00415000,415.0,normalDay
2022-12-09,8543.0,-4694.0,0.0,100,393.28,441.0,0,0.0,0.0,,0.0,1,3.72,2.94,SPY230120C00415000,415.0,normalDay
2022-12-12,8543.0,-4297.0,0.0,100,398.95,441.0,0,0.0,0.0,,0.0,1,3.72,4.64,SPY230120C00415000,415.0,normalDay
2022-12-13,8543.0,-4016.0,0.0,100,401.97,441.0,0,0.0,0.0,,0.0,1,3.72,4.85,SPY230120C00415000,415.0,normalDay
2022-12-14,8543.0,-4136.0,0.0,100,399.4,441.0,0,0.0,0.0,,0.0,1,3.72,3.48,SPY230120C00415000,415.0,normalDay
2022-12-15,8543.0,-4903.0,0.0,100,389.63,441.0,0,0.0,0.0,,0.0,1,3.72,1.38,SPY230120C00415000,415.0,normalDay
2022-12-16,8543.0,-5479.0,0.0,100,383.27,441.0,0,0.0,0.0,,0.0,1,3.72,0.78,SPY230120C00415000,415.0,normalDay
2022-12-19,8543.0,-5778.0,0.0,100,380.02,441.0,0,0.0,0.0,,0.0,1,3.72,0.52,SPY230120C00415000,415.0,normalDay
2022-12-20,8543.0,-5721.0,0.0,100,380.54,441.0,0,0.0,0.0,,0.0,1,3.72,0.47,SPY230120C00415000,415.0,normalDay
2022-12-21,8543.0,-5174.0,0.0,100,386.23,441.0,0,0.0,0.0,,0.0,1,3.72,0.69,SPY230120C00415000,415.0,normalDay
2022-12-22,8543.0,-5701.0,0.0,100,380.72,441.0,0,0.0,0.0,,0.0,1,3.72,0.45,SPY230120C00415000,415.0,normalDay
2022-12-23,8543.0,-5477.0,0.0,100,382.91,441.0,0,0.0,0.0,,0.0,1,3.72,0.4,SPY230120C00415000,415.0,normalDay
2022-12-27,8543.0,-5620.0,0.0,100,381.4,441.0,0,0.0,0.0,,0.0,1,3.72,0.32,SPY230120C00415000,415.0,normalDay
2022-12-28,8543.0,-6081.0,0.0,100,376.66,441.0,0,0.0,0.0,,0.0,1,3.72,0.19,SPY230120C00415000,415.0,normalDay
2022-12-29,8543.0,-5413.0,0.0,100,383.44,441.0,0,0.0,0.0,,0.0,1,3.72,0.29,SPY230120C00415000,415.0,normalDay
2022-12-30,8543.0,-5506.0,0.0,100,382.43,441.0,0,0.0,0.0,,0.0,1,3.72,0.21,SPY230120C00415000,415.0,normalDay
2023-01-03,8543.0,-5659.0,0.0,100,380.82,441.0,0,0.0,0.0,,0.0,1,3.72,0.13,SPY230120C00415000,415.0,normalDay
2023-01-04,8543.0,-5367.0,0.0,100,383.76,441.0,0,0.0,0.0,,0.0,1,3.72,0.15,SPY230120C00415000,415.0,normalDay
2023-01-05,8543.0,-5799.0,0.0,100,379.38,441.0,0,0.0,0.0,,0.0,1,3.72,0.09,SPY230120C00415000,415.0,normalDay
2023-01-06,8543.0,-4936.0,0.0,100,388.08,441.0,0,0.0,0.0,,0.0,1,3.72,0.16,SPY230120C00415000,415.0,normalDay
2023-01-09,8543.0,-4957.0,0.0,100,387.86,441.0,0,0.0,0.0,,0.0,1,3.72,0.15,SPY230120C00415000,415.0,normalDay
2023-01-10,8543.0,-4685.0,0.0,100,390.58,441.0,0,0.0,0.0,,0.0,1,3.72,0.15,SPY230120C00415000,415.0,normalDay
2023-01-11,8543.0,-4214.0,0.0,100,395.52,441.0,0,0.0,0.0,,0.0,1,3.72,0.38,SPY230120C00415000,415.0,normalDay
2023-01-12,8543.0,-4042.0,0.0,100,396.96,441.0,0,0.0,0.0,,0.0,1,3.72,0.1,SPY230120C00415000,415.0,normalDay
2023-01-13,8543.0,-3883.0,0.0,100,398.5,441.0,0,0.0,0.0,,0.0,1,3.72,0.05,SPY230120C00415000,415.0,normalDay
2023-01-17,8543.0,-3953.0,0.0,100,397.77,441.0,0,0.0,0.0,,0.0,1,3.72,0.02,SPY230120C00415000,415.0,normalDay
2023-01-18,8543.0,-4580.0,0.0,100,391.49,441.0,0,0.0,0.0,,0.0,1,3.72,0.01,SPY230120C00415000,415.0,normalDay
2023-01-19,8543.0,-4865.0,0.0,100,388.64,441.0,0,0.0,0.0,,0.0,1,3.72,0.01,SPY230120C00415000,415.0,normalDay
2023-01-20,8915.0,-4512.0,372.0,100,395.88,441.0,0,0.0,0.0,,0.0,1,3.72,0.0,SPY230120C00415000,415.0,expirationDay
2023-01-23,8915.0,-4047.0,0.0,100,400.63,441.0,0,0.0,0.0,,0.0,1,19.53,19.63,SPY230519C00400000,400.0,normalDay
2023-01-24,8915.0,-4095.0,0.0,100,400.2,441.0,0,0.0,0.0,,0.0,1,19.53,19.68,SPY230519C00400000,400.0,normalDay
2023-01-25,8915.0,-4039.0,0.0,100,400.35,441.0,0,0.0,0.0,,0.0,1,19.53,19.27,SPY230519C00400000,400.0,normalDay
2023-01-26,8915.0,-3840.0,0.0,100,404.75,441.0,0,0.0,0.0,,0.0,1,19.53,21.68,SPY230519C00400000,400.0,normalDay
2023-01-27,8915.0,-3777.0,0.0,100,405.68,441.0,0,0.0,0.0,,0.0,1,19.53,21.98,SPY230519C00400000,400.0,normalDay
2023-01-30,8915.0,-4013.0,0.0,100,400.59,441.0,0,0.0,0.0,,0.0,1,19.53,19.25,SPY230519C00400000,400.0,normalDay
2023-01-31,8915.0,-3737.0,0.0,100,406.48,441.0,0,0.0,0.0,,0.0,1,19.53,22.38,SPY230519C00400000,400.0,normalDay
2023-02-01,8915.0,-3652.0,0.0,100,410.8,441.0,0,0.0,0.0,,0.0,1,19.53,25.85,SPY230519C00400000,400.0,normalDay
2023-02-02,8915.0,-3361.0,0.0,100,416.78,441.0,0,0.0,0.0,,0.0,1,19.53,28.92,SPY230519C00400000,400.0,normalDay
2023-02-03,8915.0,-3545.0,0.0,100,412.35,441.0,0,0.0,0.0,,0.0,1,19.53,26.33,SPY230519C00400000,400.0,normalDay
2023-02-06,8915.0,-3625.0,0.0,100,409.83,441.0,0,0.0,0.0,,0.0,1,19.53,24.61,SPY230519C00400000,400.0,normalDay
2023-02-07,8915.0,-3397.0,0.0,100,415.19,441.0,0,0.0,0.0,,0.0,1,19.53,27.69,SPY230519C00400000,400.0,normalDay
2023-02-08,8915.0,-3614.0,0.0,100,410.65,441.0,0,0.0,0.0,,0.0,1,19.53,25.32,SPY230519C00400000,400.0,normalDay
2023-02-09,8915.0,-3752.0,0.0,100,407.09,441.0,0,0.0,0.0,,0.0,1,19.53,23.14,SPY230519C00400000,400.0,normalDay
2023-02-10,8915.0,-3690.0,0.0,100,408.04,441.0,0,0.0,0.0,,0.0,1,19.53,23.47,SPY230519C00400000,400.0,normalDay
2023-02-13,8915.0,-3510.0,0.0,100,412.83,441.0,0,0.0,0.0,,0.0,1,19.53,26.46,SPY230519C00400000,400.0,normalDay
2023-02-14,8915.0,-3413.0,0.0,100,412.64,441.0,0,0.0,0.0,,0.0,1,19.53,25.3,SPY230519C00400000,400.0,normalDay
2023-02-15,8915.0,-3369.0,0.0,100,413.98,441.0,0,0.0,0.0,,0.0,1,19.53,26.2,SPY230519C00400000,400.0,normalDay
2023-02-16,8915.0,-3567.0,0.0,100,408.28,441.0,0,0.0,0.0,,0.0,1,19.53,22.48,SPY230519C00400000,400.0,normalDay
2023-02-17,8915.0,-3582.0,0.0,100,407.26,441.0,0,0.0,0.0,,0.0,1,19.53,21.61,SPY230519C00400000,400.0,normalDay
2023-02-21,8915.0,-3926.0,0.0,100,399.09,441.0,0,0.0,0.0,,0.0,1,19.53,16.88,SPY230519C00400000,400.0,normalDay
2023-02-22,8915.0,-3901.0,0.0,100,398.54,441.0,0,0.0,0.0,,0.0,1,19.53,16.08,SPY230519C00400000,400.0,normalDay
2023-02-23,8915.0,-3728.0,0.0,100,400.66,441.0,0,0.0,0.0,,0.0,1,19.53,16.47,SPY230519C00400000,400.0,normalDay
2023-02-24,8915.0,-3929.0,0.0,100,396.38,441.0,0,0.0,0.0,,0.0,1,19.53,14.2,SPY230519C00400000,400.0,normalDay
2023-02-27,8915.0,-3832.0,0.0,100,397.73,441.0,0,0.0,0.0,,0.0,1,19.53,14.58,SPY230519C00400000,400.0,normalDay
2023-02-28,8915.0,-3834.0,0.0,100,396.26,441.0,0,0.0,0.0,,0.0,1,19.53,13.13,SPY230519C00400000,400.0,normalDay
2023-03-01,8915.0,-3919.0,0.0,100,394.74,441.0,0,0.0,0.0,,0.0,1,19.53,12.46,SPY230519C00400000,400.0,normalDay
2023-03-02,8915.0,-3732.0,0.0,100,397.81,441.0,0,0.0,0.0,,0.0,1,19.53,13.66,SPY230519C00400000,400.0,normalDay
2023-03-03,8915.0,-3450.0,0.0,100,404.19,441.0,0,0.0,0.0,,0.0,1,19.53,17.22,SPY230519C00400000,400.0,normalDay
2023-03-06,8915.0,-3415.0,0.0,100,404.47,441.0,0,0.0,0.0,,0.0,1,19.53,17.15,SPY230519C00400000,400.0,normalDay
2023-03-07,8915.0,-3662.0,0.0,100,398.27,441.0,0,0.0,0.0,,0.0,1,19.53,13.42,SPY230519C00400000,400.0,normalDay
2023-03-08,8915.0,-3590.0,0.0,100,398.92,441.0,0,0.0,0.0,,0.0,1,19.53,13.35,SPY230519C00400000,400.0,normalDay
2023-03-09,8915.0,-4021.0,0.0,100,391.56,441.0,0,0.0,0.0,,0.0,1,19.53,10.3,SPY230519C00400000,400.0,normalDay
2023-03-10,8915.0,-4371.0,0.0,100,385.91,441.0,0,0.0,0.0,,0.0,1,19.53,8.15,SPY230519C00400000,400.0,normalDay
2023-03-13,8915.0,-4454.0,0.0,100,385.36,441.0,0,0.0,0.0,,0.0,1,19.53,8.43,SPY230519C00400000,400.0,normalDay
2023-03-14,8915.0,-3973.0,0.0,100,391.73,441.0,0,0.0,0.0,,0.0,1,19.53,9.99,SPY230519C00400000,400.0,normalDay
2023-03-15,8915.0,-4160.0,0.0,100,389.28,441.0,0,0.0,0.0,,0.0,1,19.53,9.41,SPY230519C00400000,400.0,normalDay
2023-03-16,8915.0,-3721.0,0.0,100,396.11,441.0,0,0.0,0.0,,0.0,1,19.53,11.85,SPY230519C00400000,400.0,normalDay
2023-03-17,8915.0,-4223.0,0.0,100,389.99,441.0,0,0.0,0.0,,0.0,1,19.53,10.75,SPY230519C00400000,400.0,normalDay
2023-03-20,8915.0,-3931.0,0.0,100,393.74,441.0,0,0.0,0.0,,0.0,1,19.53,11.58,SPY230519C00400000,400.0,normalDay
2023-03-21,8915.0,-3620.0,0.0,100,398.91,441.0,0,0.0,0.0,,0.0,1,19.53,13.64,SPY230519C00400000,400.0,normalDay
2023-03-22,8915.0,-3936.0,0.0,100,392.11,441.0,0,0.0,0.0,,0.0,1,19.53,10.0,SPY230519C00400000,400.0,normalDay
2023-03-23,8915.0,-3888.0,0.0,100,393.17,441.0,0,0.0,0.0,,0.0,1,19.53,10.58,SPY230519C00400000,400.0,normalDay
2023-03-24,8915.0,-3723.0,0.0,100,395.75,441.0,0,0.0,0.0,,0.0,1,19.53,11.51,SPY230519C00400000,400.0,normalDay
2023-03-27,8915.0,-3618.0,0.0,100,396.49,441.0,0,0.0,0.0,,0.0,1,19.53,11.2,SPY230519C00400000,400.0,normalDay
2023-03-28,8915.0,-3636.0,0.0,100,395.6,441.0,0,0.0,0.0,,0.0,1,19.53,10.49,SPY230519C00400000,400.0,normalDay
2023-03-29,8915.0,-3327.0,0.0,100,401.35,441.0,0,0.0,0.0,,0.0,1,19.53,13.15,SPY230519C00400000,400.0,normalDay
2023-03-30,8915.0,-3222.0,0.0,100,403.7,441.0,0,0.0,0.0,,0.0,1,19.53,14.45,SPY230519C00400000,400.0,normalDay
2023-03-31,8915.0,-3061.0,0.0,100,409.39,441.0,0,0.0,0.0,,0.0,1,19.53,18.53,SPY230519C00400000,400.0,normalDay
2023-04-03,8915.0,-2959.0,0.0,100,410.95,441.0,0,0.0,0.0,,0.0,1,19.53,19.07,SPY230519C00400000,400.0,normalDay
2023-04-04,8915.0,-3016.0,0.0,100,408.67,441.0,0,0.0,0.0,,0.0,1,19.53,17.36,SPY230519C00400000,400.0,normalDay
2023-04-05,8915.0,-3021.0,0.0,100,407.6,441.0,0,0.0,0.0,,0.0,1,19.53,16.34,SPY230519C00400000,400.0,normalDay
2023-04-06,8915.0,-2940.0,0.0,100,409.19,441.0,0,0.0,0.0,,0.0,1,19.53,17.12,SPY230519C00400000,400.0,normalDay
2023-04-10,8915.0,-2926.0,0.0,100,409.61,441.0,0,0.0,0.0,,0.0,1,19.53,17.4,SPY230519C00400000,400.0,normalDay
2023-04-11,8915.0,-2897.0,0.0,100,409.72,441.0,0,0.0,0.0,,0.0,1,19.53,17.22,SPY230519C00400000,400.0,normalDay
2023-04-12,8915.0,-2902.0,0.0,100,408.05,441.0,0,0.0,0.0,,0.0,1,19.53,15.6,SPY230519C00400000,400.0,normalDay
2023-04-13,8915.0,-2715.0,0.0,100,413.47,441.0,0,0.0,0.0,,0.0,1,19.53,19.15,SPY230519C00400000,400.0,normalDay
2023-04-14,8915.0,-2715.0,0.0,100,412.46,441.0,0,0.0,0.0,,0.0,1,19.53,18.14,SPY230519C00400000,400.0,normalDay
2023-04-17,8915.0,-2642.0,0.0,100,413.94,441.0,0,0.0,0.0,,0.0,1,19.53,18.89,SPY230519C00400000,400.0,normalDay
2023-04-18,8915.0,-2603.0,0.0,100,414.21,441.0,0,0.0,0.0,,0.0,1,19.53,18.77,SPY230519C00400000,400.0,normalDay
2023-04-19,8915.0,-2592.0,0.0,100,414.14,441.0,0,0.0,0.0,,0.0,1,19.53,18.59,SPY230519C00400000,400.0,normalDay
2023-04-20,8915.0,-2658.0,0.0,100,411.88,441.0,0,0.0,0.0,,0.0,1,19.53,16.99,SPY230519C00400000,400.0,normalDay
2023-04-21,8915.0,-2590.0,0.0,100,412.2,441.0,0,0.0,0.0,,0.0,1,19.53,16.63,SPY230519C00400000,400.0,normalDay
2023-04-24,8915.0,-2555.0,0.0,100,412.63,441.0,0,0.0,0.0,,0.0,1,19.53,16.71,SPY230519C00400000,400.0,normalDay
2023-04-25,8915.0,-2834.0,0.0,100,406.08,441.0,0,0.0,0.0,,0.0,1,19.53,12.95,SPY230519C00400000,400.0,normalDay
2023-04-26,8915.0,-2790.0,0.0,100,404.36,441.0,0,0.0,0.0,,0.0,1,19.53,10.79,SPY230519C00400000,400.0,normalDay
2023-04-27,8915.0,-2577.0,0.0,100,412.41,441.0,0,0.0,0.0,,0.0,1,19.53,16.71,SPY230519C00400000,400.0,normalDay
2023-04-28,8915.0,-2429.0,0.0,100,415.93,441.0,0,0.0,0.0,,0.0,1,19.53,18.75,SPY230519C00400000,400.0,normalDay
2023-05-01,8915.0,-2402.0,0.0,100,415.51,441.0,0,0.0,0.0,,0.0,1,19.53,18.06,SPY230519C00400000,400.0,normalDay
2023-05-02,8915.0,-2495.0,0.0,100,410.84,441.0,0,0.0,0.0,,0.0,1,19.53,14.32,SPY230519C00400000,400.0,normalDay
2023-05-03,8915.0,-2586.0,0.0,100,408.02,441.0,0,0.0,0.0,,0.0,1,19.53,12.41,SPY230519C00400000,400.0,normalDay
2023-05-04,8915.0,-2600.0,0.0,100,405.13,441.0,0,0.0,0.0,,0.0,1,19.53,9.66,SPY230519C00400000,400.0,normalDay
2023-05-05,8915.0,-2349.0,0.0,100,412.63,441.0,0,0.0,0.0,,0.0,1,19.53,14.65,SPY230519C00400000,400.0,normalDay
2023-05-08,8915.0,-2320.0,0.0,100,412.74,441.0,0,0.0,0.0,,0.0,1,19.53,14.47,SPY230519C00400000,400.0,normalDay
2023-05-09,8915.0,-2369.0,0.0,100,410.93,441.0,0,0.0,0.0,,0.0,1,19.53,13.15,SPY230519C00400000,400.0,normalDay
2023-05-10,8915.0,-2305.0,0.0,100,412.85,441.0,0,0.0,0.0,,0.0,1,19.53,14.43,SPY230519C00400000,400.0,normalDay
2023-05-11,8915.0,-2256.0,0.0,100,412.13,441.0,0,0.0,0.0,,0.0,1,19.53,13.22,SPY230519C00400000,400.0,normalDay
2023-05-12,8915.0,-2209.0,0.0,100,411.59,441.0,0,0.0,0.0,,0.0,1,19.53,12.21,SPY230519C00400000,400.0,normalDay
2023-05-15,8915.0,-2209.0,0.0,100,413.01,441.0,0,0.0,0.0,,0.0,1,19.53,13.63,SPY230519C00400000,400.0,normalDay
2023-05-16,8915.0,-2228.0,0.0,100,410.25,441.0,0,0.0,0.0,,0.0,1,19.53,11.06,SPY230519C00400000,400.0,normalDay
2023-05-17,8915.0,-2168.0,0.0,100,415.23,441.0,0,0.0,0.0,,0.0,1,19.53,15.44,SPY230519C00400000,400.0,normalDay
2023-05-18,8915.0,-2165.0,0.0,100,419.23,441.0,0,0.0,0.0,,0.0,1,19.53,19.41,SPY230519C00400000,400.0,normalDay
2023-05-19,6768.0,-2165.0,-2147.0,0,418.62,0.0,0,0.0,0.0,,0.0,1,19.53,0.0,SPY230519C00400000,400.0,expirationDay
2023-05-22,6768.0,-3.0,0.0,0,418.79,0.0,1,0.01,0.04,SPY230525P00395000,395.0,0,0.0,0.0,,0.0,normalDay
2023-05-23,6768.0,-3.0,0.0,0,414.09,0.0,1,0.01,0.04,SPY230525P00395000,395.0,0,0.0,0.0,,0.0,normalDay
2023-05-24,6768.0,-4.0,0.0,0,411.09,0.0,1,0.01,0.05,SPY230525P00395000,395.0,0,0.0,0.0,,0.0,normalDay
2023-05-25,6769.0,0.0,1.0,0,414.65,0.0,1,0.01,0.0,SPY230525P00395000,395.0,0,0.0,0.0,,0.0,expirationDay
2023-05-26,6769.0,0.0,0.0,0,420.02,0.0,0,0.0,0.0,,0.0,0,0.0,0.0,,0.0,bidTooLow
2023-05-30,6769.0,-3.0,0.0,0,420.18,0.0,1,0.04,0.07,SPY230602P00397000,397.0,0,0.0,0.0,,0.0,normalDay
2023-05-31,6769.0,-2.0,0.0,0,417.85,0.0,1,0.04,0.06,SPY230602P00397000,397.0,0,0.0,0.0,,0.0,normalDay
2023-06-01,6769.0,1.0,0.0,0,421.82,0.0,1,0.04,0.03,SPY230602P00397000,397.0,0,0.0,0.0,,0.0,normalDay
2023-06-02,6773.0,0.0,4.0,0,427.92,0.0,1,0.04,0.0,SPY230602P00397000,397.0,0,0.0,0.0,,0.0,expirationDay
2023-06-05,6773.0,0.0,0.0,0,427.1,0.0,0,0.0,0.0,,0.0,0,0.0,0.0,,0.0,bidTooLow
2023-06-06,6773.0,0.0,0.0,0,428.03,0.0,0,0.0,0.0,,0.0,0,0.0,0.0,,0.0,bidTooLow
2023-06-07,6773.0,0.0,0.0,0,426.55,0.0,0,0.0,0.0,,0.0,0,0.0,0.0,,0.0,bidTooLow
2023-06-08,6773.0,0.0,0.0,0,429.13,0.0,0,0.0,0.0,,0.0,0,0.0,0.0,,0.0,bidTooLow
2023-06-09,6773.0,0.0,0.0,0,429.9,0.0,0,0.0,0.0,,0.0,0,0.0,0.0,,0.0,bidTooLow
2023-06-12,6773.0,-3.0,0.0,0,433.8,0.0,1,0.02,0.05,SPY230615P00393000,393.0,0,0.0,0.0,,0.0,normalDay
2023-06-13,6773.0,-2.0,0.0,0,436.66,0.0,1,0.02,0.04,SPY230615P00393000,393.0,0,0.0,0.0,,0.0,normalDay
2023-06-14,6773.0,0.0,0.0,0,437.18,0.0,1,0.02,0.02,SPY230615P00393000,393.0,0,0.0,0.0,,0.0,normalDay
2023-06-15,6775.0,0.0,2.0,0,442.6,0.0,1,0.02,0.0,SPY230615P00393000,393.0,0,0.0,0.0,,0.0,expirationDay
2023-06-16,6775.0,0.0,0.0,0,439.46,0.0,0,0.0,0.0,,0.0,0,0.0,0.0,,0.0,bidTooLow
2023-06-20,6775.0,0.0,0.0,0,437.18,0.0,0,0.0,0.0,,0.0,0,0.0,0.0,,0.0,bidTooLow
2023-06-21,6775.0,0.0,0.0,0,434.94,0.0,0,0.0,0.0,,0.0,0,0.0,0.0,,0.0,bidTooLow
2023-06-22,6775.0,0.0,0.0,0,436.51,0.0,0,0.0,0.0,,0.0,0,0.0,0.0,,0.0,bidTooLow
2023-06-23,6775.0,0.0,0.0,0,433.21,0.0,0,0.0,0.0,,0.0,0,0.0,0.0,,0.0,bidTooLow
2023-06-26,6775.0,-3.0,0.0,0,431.44,0.0,1,0.01,0.04,SPY230629P00402000,402.0,0,0.0,0.0,,0.0,normalDay
2023-06-27,6775.0,-2.0,0.0,0,436.17,0.0,1,0.01,0.03,SPY230629P00402000,402.0,0,0.0,0.0,,0.0,normalDay
2023-06-28,6775.0,0.0,0.0,0,436.39,0.0,1,0.01,0.01,SPY230629P00402000,402.0,0,0.0,0.0,,0.0,normalDay
2023-06-29,6776.0,0.0,1.0,0,438.11,0.0,1,0.01,0.0,SPY230629P00402000,402.0,0,0.0,0.0,,0.0,expirationDay
2023-06-30,6776.0,0.0,0.0,0,443.28,0.0,0,0.0,0.0,,0.0,0,0.0,0.0,,0.0,bidTooLow
2023-07-03,6776.0,0.0,0.0,0,443.79,0.0,0,0.0,0.0,,0.0,0,0.0,0.0,,0.0,bidTooLow
2023-07-05,6776.0,0.0,0.0,0,443.13,0.0,0,0.0,0.0,,0.0,0,0.0,0.0,,0.0,bidTooLow
2023-07-06,6776.0,0.0,0.0,0,439.66,0.0,0,0.0,0.0,,0.0,0,0.0,0.0,,0.0,bidTooLow
2023-07-07,6776.0,0.0,0.0,0,438.55,0.0,0,0.0,0.0,,0.0,0,0.0,0.0,,0.0,bidTooLow
2023-07-10,6776.0,-3.0,0.0,0,439.66,0.0,1,0.01,0.04,SPY230713P00422000,422.0,0,0.0,0.0,,0.0,normalDay
2023-07-11,6776.0,-3.0,0.0,0,442.46,0.0,1,0.01,0.04,SPY230713P00422000,422.0,0,0.0,0.0,,0.0,normalDay
2023-07-12,6776.0,-1.0,0.0,0,446.02,0.0,1,0.01,0.02,SPY230713P00422000,422.0,0,0.0,0.0,,0.0,normalDay
2023-07-13,6777.0,0.0,1.0,0,449.56,0.0,1,0.01,0.0,SPY230713P00422000,422.0,0,0.0,0.0,,0.0,expirationDay
2023-07-14,6777.0,0.0,0.0,0,449.28,0.0,0,0.0,0.0,,0.0,0,0.0,0.0,,0.0,bidTooLow
2023-07-17,6777.0,-3.0,0.0,0,450.84,0.0,1,0.01,0.04,SPY230720P00418000,418.0,0,0.0,0.0,,0.0,normalDay
2023-07-18,6777.0,-2.0,0.0,0,454.19,0.0,1,0.01,0.03,SPY230720P00418000,418.0,0,0.0,0.0,,0.0,normalDay
2023-07-19,6777.0,-1.0,0.0,0,455.2,0.0,1,0.01,0.02,SPY230720P00418000,418.0,0,0.0,0.0,,0.0,normalDay
2023-07-20,6778.0,0.0,1.0,0,452.18,0.0,1,0.01,0.0,SPY230720P00418000,418.0,0,0.0,0.0,,0.0,expirationDay
2023-07-21,6778.0,0.0,0.0,0,452.18,0.0,0,0.0,0.0,,0.0,0,0.0,0.0,,0.0,bidTooLow
2023-07-24,6778.0,0.0,0.0,0,454.2,0.0,0,0.0,0.0,,0.0,0,0.0,0.0,,0.0,bidTooLow
2023-07-25,6778.0,0.0,0.0,0,455.44,0.0,0,0.0,0.0,,0.0,0,0.0,0.0,,0.0,bidTooLow
2023-07-26,6778.0,0.0,0.0,0,455.51,0.0,0,0.0,0.0,,0.0,0,0.0,0.0,,0.0,bidTooLow
2023-07-27,6778.0,0.0,0.0,0,452.49,0.0,0,0.0,0.0,,0.0,0,0.0,0.0,,0.0,bidTooLow
2023-07-28,6778.0,0.0,0.0,0,456.92,0.0,0,0.0,0.0,,0.0,0,0.0,0.0,,0.0,bidTooLow
2023-07-31,6778.0,0.0,0.0,0,457.79,0.0,0,0.0,0.0,,0.0,0,0.0,0.0,,0.0,bidTooLow
2023-08-01,6778.0,0.0,0.0,0,456.48,0.0,0,0.0,0.0,,0.0,0,0.0,0.0,,0.0,bidTooLow
2023-08-02,6778.0,-3.0,0.0,0,450.13,0.0,1,0.02,0.05,SPY230804P00425000,425.0,0,0.0,0.0,,0.0,normalDay
2023-08-03,6778.0,0.0,0.0,0,448.84,0.0,1,0.02,0.02,SPY230804P00425000,425.0,0,0.0,0.0,,0.0,normalDay
2023-08-04,6780.0,0.0,2.0,0,446.81,0.0,1,0.02,0.0,SPY230804P00425000,425.0,0,0.0,0.0,,0.0,expirationDay
2023-08-07,6780.0,-3.0,0.0,0,450.71,0.0,1,0.06,0.09,SPY230810P00435000,435.0,0,0.0,0.0,,0.0,normalDay
2023-08-08,6780.0,0.0,0.0,0,448.75,0.0,1,0.06,0.06,SPY230810P00435000,435.0,0,0.0,0.0,,0.0,normalDay
2023-08-09,6780.0,1.0,0.0,0,445.75,0.0,1,0.06,0.05,SPY230810P00435000,435.0,0,0.0,0.0,,0.0,normalDay
2023-08-10,6786.0,0.0,6.0,0,445.91,0.0,1,0.06,0.0,SPY230810P00435000,435.0,0,0.0,0.0,,0.0,expirationDay
2023-08-11,6786.0,-3.0,0.0,0,445.65,0.0,1,0.01,0.04,SPY230814P00436000,436.0,0,0.0,0.0,,0.0,normalDay
2023-08-14,6787.0,0.0,1.0,0,448.11,0.0,1,0.01,0.0,SPY230814P00436000,436.0,0,0.0,0.0,,0.0,expirationDay
2023-08-15,6787.0,-3.0,0.0,0,442.89,0.0,1,0.27,0.3,SPY230818P00433000,433.0,0,0.0,0.0,,0.0,normalDay
2023-08-16,6787.0,-6.0,0.0,0,439.64,0.0,1,0.27,0.33,SPY230818P00433000,433.0,0,0.0,0.0,,0.0,normalDay
2023-08-17,6787.0,-19.0,0.0,0,436.29,0.0,1,0.27,0.46,SPY230818P00433000,433.0,0,0.0,0.0,,0.0,normalDay
2023-08-18,6814.0,0.0,27.0,0,436.5,0.0,1,0.27,0.0,SPY230818P00433000,433.0,0,0.0,0.0,,0.0,expirationDay
2023-08-21,6814.0,-3.0,0.0,0,439.34,0.0,1,0.06,0.09,SPY230824P00421000,421.0,0,0.0,0.0,,0.0,normalDay
2023-08-22,6814.0,2.0,0.0,0,438.15,0.0,1,0.06,0.04,SPY230824P00421000,421.0,0,0.0,0.0,,0.0,normalDay
2023-08-23,6814.0,3.0,0.0,0,443.03,0.0,1,0.06,0.03,SPY230824P00421000,421.0,0,0.0,0.0,,0.0,normalDay
2023-08-24,6820.0,0.0,6.0,0,436.89,0.0,1,0.06,0.0,SPY230824P00421000,421.0,0,0.0,0.0,,0.0,expirationDay
2023-08-25,6820.0,0.0,0.0,0,439.97,0.0,0,0.0,0.0,,0.0,0,0.0,0.0,,0.0,bidTooLow
2023-08-28,6820.0,-3.0,0.0,0,442.76,0.0,1,0.01,0.04,SPY230831P00421000,421.0,0,0.0,0.0,,0.0,normalDay
2023-08-29,6820.0,-2.0,0.0,0,449.16,0.0,1,0.01,0.03,SPY230831P00421000,421.0,0,0.0,0.0,,0.0,normalDay
2023-08-30,6820.0,-1.0,0.0,0,451.01,0.0,1,0.01,0.02,SPY230831P00421000,421.0,0,0.0,0.0,,0.0,normalDay
2023-08-31,6821.0,0.0,1.0,0,450.35,0.0,1,0.01,0.0,SPY230831P00421000,421.0,0,0.0,0.0,,0.0,expirationDay
2023-09-01,6821.0,0.0,0.0,0,451.19,0.0,0,0.0,0.0,,0.0,0,0.0,0.0,,0.0,bidTooLow
2023-09-05,6821.0,0.0,0.0,0,449.24,0.0,0,0.0,0.0,,0.0,0,0.0,0.0,,0.0,bidTooLow
2023-09-06,6821.0,0.0,0.0,0,446.22,0.0,0,0.0,0.0,,0.0,0,0.0,0.0,,0.0,bidTooLow
2023-09-07,6821.0,0.0,0.0,0,444.85,0.0,0,0.0,0.0,,0.0,0,0.0,0.0,,0.0,bidTooLow
2023-09-08,6821.0,0.0,0.0,0,445.52,0.0,0,0.0,0.0,,0.0,0,0.0,0.0,,0.0,bidTooLow
2023-09-11,6821.0,-3.0,0.0,0,448.45,0.0,1,0.01,0.04,SPY230914P00423000,423.0,0,0.0,0.0,,0.0,normalDay
2023-09-12,6821.0,-3.0,0.0,0,445.99,0.0,1,0.01,0.04,SPY230914P00423000,423.0,0,0.0,0.0,,0.0,normalDay
2023-09-13,6821.0,-1.0,0.0,0,446.51,0.0,1,0.01,0.02,SPY230914P00423000,423.0,0,0.0,0.0,,0.0,normalDay
2023-09-14,6822.0,0.0,1.0,0,450.36,0.0,1,0.01,0.0,SPY230914P00423000,423.0,0,0.0,0.0,,0.0,expirationDay
2023-09-15,6822.0,0.0,0.0,0,443.37,0.0,0,0.0,0.0,,0.0,0,0.0,0.0,,0.0,bidTooLow
2023-09-18,6822.0,-3.0,0.0,0,443.63,0.0,1,0.01,0.04,SPY230921P00427000,427.0,0,0.0,0.0,,0.0,normalDay
2023-09-19,6822.0,-3.0,0.0,0,442.71,0.0,1,0.01,0.04,SPY230921P00427000,427.0,0,0.0,0.0,,0.0,normalDay
2023-09-20,6822.0,-3.0,0.0,0,438.64,0.0,1,0.01,0.04,SPY230921P00427000,427.0,0,0.0,0.0,,0.0,normalDay
2023-09-21,6823.0,0.0,1.0,0,431.39,0.0,1,0.01,0.0,SPY230921P00427000,427.0,0,0.0,0.0,,0.0,expirationDay
2023-09-22,6823.0,-3.0,0.0,0,430.42,0.0,1,0.08,0.11,SPY230925P00420000,420.0,0,0.0,0.0,,0.0,normalDay
2023-09-25,6831.0,0.0,8.0,0,432.23,0.0,1,0.08,0.0,SPY230925P00420000,420.0,0,0.0,0.0,,0.0,expirationDay
2023-09-26,6831.0,-3.0,0.0,0,425.88,0.0,1,0.3,0.33,SPY230929P00412000,412.0,0,0.0,0.0,,0.0,normalDay
2023-09-27,6831.0,14.0,0.0,0,426.05,0.0,1,0.3,0.16,SPY230929P00412000,412.0,0,0.0,0.0,,0.0,normalDay
2023-09-28,6831.0,24.0,0.0,0,428.52,0.0,1,0.3,0.06,SPY230929P00412000,412.0,0,0.0,0.0,,0.0,normalDay
2023-09-29,6861.0,0.0,30.0,0,427.48,0.0,1,0.3,0.0,SPY230929P00412000,412.0,0,0.0,0.0,,0.0,expirationDay
2023-10-02,6861.0,-3.0,0.0,0,427.31,0.0,1,0.01,0.04,SPY231005P00402000,402.0,0,0.0,0.0,,0.0,normalDay
2023-10-03,6861.0,-5.0,0.0,0,421.59,0.0,1,0.01,0.06,SPY231005P00402000,402.0,0,0.0,0.0,,0.0,normalDay
2023-10-04,6861.0,-1.0,0.0,0,424.66,0.0,1,0.01,0.02,SPY231005P00402000,402.0,0,0.0,0.0,,0.0,normalDay
2023-10-05,6862.0,0.0,1.0,0,424.5,0.0,1,0.01,0.0,SPY231005P00402000,402.0,0,0.0,0.0,,0.0,expirationDay
2023-10-06,6862.0,0.0,0.0,0,429.54,0.0,0,0.0,0.0,,0.0,0,0.0,0.0,,0.0,bidTooLow
2023-10-09,6862.0,-3.0,0.0,0,432.29,0.0,1,0.03,0.06,SPY231012P00398000,398.0,0,0.0,0.0,,0.0,normalDay
2023-10-10,6862.0,-2.0,0.0,0,434.54,0.0,1,0.03,0.05,SPY231012P00398000,398.0,0,0.0,0.0,,0.0,normalDay
2023-10-11,6862.0,1.0,0.0,0,436.32,0.0,1,0.03,0.02,SPY231012P00398000,398.0,0,0.0,0.0,,0.0,normalDay
2023-10-12,6865.0,0.0,3.0,0,433.66,0.0,1,0.03,0.0,SPY231012P00398000,398.0,0,0.0,0.0,,0.0,expirationDay
2023-10-13,6865.0,-3.0,0.0,0,431.5,0.0,1,0.02,0.05,SPY231016P00407000,407.0,0,0.0,0.0,,0.0,normalDay
2023-10-16,6867.0,0.0,2.0,0,436.04,0.0,1,0.02,0.0,SPY231016P00407000,407.0,0,0.0,0.0,,0.0,expirationDay
2023-10-17,6867.0,-3.0,0.0,0,436.02,0.0,1,0.06,0.09,SPY231020P00411000,411.0,0,0.0,0.0,,0.0,normalDay
2023-10-18,6867.0,-2.0,0.0,0,430.21,0.0,1,0.06,0.08,SPY231020P00411000,411.0,0,0.0,0.0,,0.0,normalDay
2023-10-19,6867.0,0.0,0.0,0,426.43,0.0,1,0.06,0.06,SPY231020P00411000,411.0,0,0.0,0.0,,0.0,normalDay
2023-10-20,6873.0,0.0,6.0,0,421.19,0.0,1,0.06,0.0,SPY231020P00411000,411.0,0,0.0,0.0,,0.0,expirationDay
2023-10-23,6873.0,-3.0,0.0,0,420.46,0.0,1,0.2,0.23,SPY231026P00408000,408.0,0,0.0,0.0,,0.0,normalDay
2023-10-24,6873.0,14.0,0.0,0,423.63,0.0,1,0.2,0.06,SPY231026P00408000,408.0,0,0.0,0.0,,0.0,normalDay
2023-10-25,6873.0,13.0,0.0,0,417.55,0.0,1,0.2,0.07,SPY231026P00408000,408.0,0,0.0,0.0,,0.0,normalDay
2023-10-26,6893.0,0.0,20.0,0,412.55,0.0,1,0.2,0.0,SPY231026P00408000,408.0,0,0.0,0.0,,0.0,expirationDay
2023-10-27,6893.0,-3.0,0.0,0,410.68,0.0,1,0.01,0.04,SPY231030P00395000,395.0,0,0.0,0.0,,0.0,normalDay
2023-10-30,6894.0,0.0,1.0,0,415.59,0.0,1,0.01,0.0,SPY231030P00395000,395.0,0,0.0,0.0,,0.0,expirationDay
2023-10-31,6894.0,-3.0,0.0,0,418.2,0.0,1,0.02,0.05,SPY231103P00392000,392.0,0,0.0,0.0,,0.0,normalDay
2023-11-01,6894.0,-1.0,0.0,0,422.66,0.0,1,0.02,0.03,SPY231103P00392000,392.0,0,0.0,0.0,,0.0,normalDay
2023-11-02,6894.0,0.0,0.0,0,430.76,0.0,1,0.02,0.02,SPY231103P00392000,392.0,0,0.0,0.0,,0.0,normalDay
2023-11-03,6896.0,0.0,2.0,0,434.69,0.0,1,0.02,0.0,SPY231103P00392000,392.0,0,0.0,0.0,,0.0,expirationDay
2023-11-06,6896.0,0.0,0.0,0,435.69,0.0,0,0.0,0.0,,0.0,0,0.0,0.0,,0.0,bidTooLow
2023-11-07,6896.0,0.0,0.0,0,436.93,0.0,0,0.0,0.0,,0.0,0,0.0,0.0,,0.0,bidTooLow
2023-11-08,6896.0,0.0,0.0,0,437.25,0.0,0,0.0,0.0,,0.0,0,0.0,0.0,,0.0,bidTooLow
2023-11-09,6896.0,0.0,0.0,0,433.84,0.0,0,0.0,0.0,,0.0,0,0.0,0.0,,0.0,bidTooLow
2023-11-10,6896.0,0.0,0.0,0,440.61,0.0,0,0.0,0.0,,0.0,0,0.0,0.0,,0.0,bidTooLow
2023-11-13,6896.0,0.0,0.0,0,440.19,0.0,0,0.0,0.0,,0.0,0,0.0,0.0,,0.0,bidTooLow
2023-11-14,6896.0,0.0,0.0,0,448.73,0.0,0,0.0,0.0,,0.0,0,0.0,0.0,,0.0,bidTooLow
2023-11-15,6896.0,0.0,0.0,0,449.68,0.0,0,0.0,0.0,,0.0,0,0.0,0.0,,0.0,bidTooLow
2023-11-16,6896.0,0.0,0.0,0,450.23,0.0,0,0.0,0.0,,0.0,0,0.0,0.0,,0.0,bidTooLow
2023-11-17,6896.0,0.0,0.0,0,450.79,0.0,0,0.0,0.0,,0.0,0,0.0,0.0,,0.0,bidTooLow
2023-11-20,6896.0,0.0,0.0,0,454.26,0.0,0,0.0,0.0,,0.0,0,0.0,0.0,,0.0,bidTooLow
2023-11-21,6896.0,0.0,0.0,0,453.27,0.0,0,0.0,0.0,,0.0,0,0.0,0.0,,0.0,bidTooLow
2023-11-22,6896.0,0.0,0.0,0,455.02,0.0,0,0.0,0.0,,0.0,0,0.0,0.0,,0.0,bidTooLow
2023-11-24,6896.0,0.0,0.0,0,455.3,0.0,0,0.0,0.0,,0.0,0,0.0,0.0,,0.0,bidTooLow
2023-11-27,6896.0,0.0,0.0,0,454.48,0.0,0,0.0,0.0,,0.0,0,0.0,0.0,,0.0,bidTooLow
2023-11-28,6896.0,0.0,0.0,0,454.93,0.0,0,0.0,0.0,,0.0,0,0.0,0.0,,0.0,bidTooLow
2023-11-29,6896.0,0.0,0.0,0,454.61,0.0,0,0.0,0.0,,0.0,0,0.0,0.0,,0.0,bidTooLow
2023-11-30,6896.0,0.0,0.0,0,456.4,0.0,0,0.0,0.0,,0.0,0,0.0,0.0,,0.0,bidTooLow
