date,totalCapital,unrializedPnL,rializedPnL,stocksOwned,stocksPriceToday,stocksPriceBoughtAt,putOwned,putOwnedSoldAt,putPriceToday,putOwnedContract,putOwnedStrike,callOwned,callOwnedSoldAt,callPriceToday,callOwnedContract,callOwnedStrike,trackType
2018-11-01,0.0,-6.0,0.0,0,273.51,0.0,1,0.9,0.96,SPY181203P00251000,251.0,0,0.0,0.0,,0.0,normalDay
2018-11-02,0.0,-8.0,0.0,0,271.89,0.0,1,0.9,0.98,SPY181203P00251000,251.0,0,0.0,0.0,,0.0,normalDay
2018-11-05,0.0,10.0,0.0,0,273.39,0.0,1,0.9,0.8,SPY181203P00251000,251.0,0,0.0,0.0,,0.0,normalDay
2018-11-06,0.0,18.0,0.0,0,275.12,0.0,1,0.9,0.72,SPY181203P00251000,251.0,0,0.0,0.0,,0.0,normalDay
2018-11-07,0.0,62.0,0.0,0,281.01,0.0,1,0.9,0.28,SPY181203P00251000,251.0,0,0.0,0.0,,0.0,normalDay
2018-11-08,0.0,59.0,0.0,0,280.5,0.0,1,0.9,0.31,SPY181203P00251000,251.0,0,0.0,0.0,,0.0,normalDay
2018-11-09,0.0,54.0,0.0,0,277.76,0.0,1,0.9,0.36,SPY181203P00251000,251.0,0,0.0,0.0,,0.0,normalDay
2018-11-12,0.0,22.0,0.0,0,272.57,0.0,1,0.9,0.68,SPY181203P00251000,251.0,0,0.0,0.0,,0.0,normalDay
2018-11-13,0.0,26.0,0.0,0,272.06,0.0,1,0.9,0.64,SPY181203P00251000,251.0,0,0.0,0.0,,0.0,normalDay
2018-11-14,0.0,12.0,0.0,0,270.2,0.0,1,0.9,0.78,SPY181203P00251000,251.0,0,0.0,0.0,,0.0,normalDay
2018-11-15,0.0,45.0,0.0,0,273.02,0.0,1,0.9,0.45,SPY181203P00251000,251.0,0,0.0,0.0,,0.0,normalDay
2018-11-16,0.0,63.0,0.0,0,273.73,0.0,1,0.9,0.27,SPY181203P00251000,251.0,0,0.0,0.0,,0.0,normalDay
2018-11-19,0.0,47.0,0.0,0,269.1,0.0,1,0.9,0.43,SPY181203P00251000,251.0,0,0.0,0.0,,0.0,normalDay
2018-11-20,0.0,-2.0,0.0,0,264.12,0.0,1,0.9,0.92,SPY181203P00251000,251.0,0,0.0,0.0,,0.0,normalDay
2018-11-21,0.0,40.0,0.0,0,265.02,0.0,1,0.9,0.5,SPY181203P00251000,251.0,0,0.0,0.0,,0.0,normalDay
2018-11-23,0.0,34.0,0.0,0,263.25,0.0,1,0.9,0.56,SPY181203P00251000,251.0,0,0.0,0.0,,0.0,normalDay
2018-11-26,0.0,79.0,0.0,0,267.5,0.0,1,0.9,0.11,SPY181203P00251000,251.0,0,0.0,0.0,,0.0,normalDay
2018-11-27,0.0,81.0,0.0,0,268.4,0.0,1,0.9,0.09,SPY181203P00251000,251.0,0,0.0,0.0,,0.0,normalDay
2018-11-28,0.0,85.0,0.0,0,274.58,0.0,1,0.9,0.05,SPY181203P00251000,251.0,0,0.0,0.0,,0.0,normalDay
2018-11-29,0.0,86.0,0.0,0,273.98,0.0,1,0.9,0.04,SPY181203P00251000,251.0,0,0.0,0.0,,0.0,normalDay
2018-11-30,0.0,88.0,0.0,0,275.65,0.0,1,0.9,0.02,SPY181203P00251000,251.0,0,0.0,0.0,,0.0,normalDay
2018-12-03,90.0,0.0,90.0,0,279.3,0.0,1,0.9,0.0,SPY181203P00251000,251.0,0,0.0,0.0,,0.0,expirationDay
2018-12-04,90.0,-8.0,0.0,0,270.25,0.0,1,1.8,1.88,SPY190104P00255000,255.0,0,0.0,0.0,,0.0,normalDay
2018-12-06,90.0,-11.0,0.0,0,269.84,0.0,1,1.8,1.91,SPY190104P00255000,255.0,0,0.0,0.0,,0.0,normalDay
2018-12-07,90.0,-172.0,0.0,0,263.57,0.0,1,1.8,3.52,SPY190104P00255000,255.0,0,0.0,0.0,,0.0,normalDay
2018-12-10,90.0,-95.0,0.0,0,264.07,0.0,1,1.8,2.75,SPY190104P00255000,255.0,0,0.0,0.0,,0.0,normalDay
2018-12-11,90.0,-72.0,0.0,0,264.13,0.0,1,1.8,2.52,SPY190104P00255000,255.0,0,0.0,0.0,,0.0,normalDay
2018-12-12,90.0,-34.0,0.0,0,265.46,0.0,1,1.8,2.14,SPY190104P00255000,255.0,0,0.0,0.0,,0.0,normalDay
2018-12-13,90.0,-2.0,0.0,0,265.37,0.0,1,1.8,1.82,SPY190104P00255000,255.0,0,0.0,0.0,,0.0,normalDay
2018-12-14,90.0,-120.0,0.0,0,260.47,0.0,1,1.8,3.0,SPY190104P00255000,255.0,0,0.0,0.0,,0.0,normalDay
2018-12-17,90.0,-341.0,0.0,0,255.36,0.0,1,1.8,5.21,SPY190104P00255000,255.0,0,0.0,0.0,,0.0,normalDay
2018-12-18,90.0,-398.0,0.0,0,255.08,0.0,1,1.8,5.78,SPY190104P00255000,255.0,0,0.0,0.0,,0.0,normalDay
2018-12-19,90.0,-545.0,0.0,0,251.26,0.0,1,1.8,7.25,SPY190104P00255000,255.0,0,0.0,0.0,,0.0,normalDay
2018-12-20,90.0,-818.0,0.0,0,247.17,0.0,1,1.8,9.98,SPY190104P00255000,255.0,0,0.0,0.0,,0.0,normalDay
2018-12-21,90.0,-1370.0,0.0,0,240.7,0.0,1,1.8,15.5,SPY190104P00255000,255.0,0,0.0,0.0,,0.0,normalDay
2018-12-24,90.0,-2120.0,0.0,0,234.34,0.0,1,1.8,23.0,SPY190104P00255000,255.0,0,0.0,0.0,,0.0,normalDay
2018-12-26,90.0,-817.0,0.0,0,246.18,0.0,1,1.8,9.97,SPY190104P00255000,255.0,0,0.0,0.0,,0.0,normalDay
2018-12-27,90.0,-642.0,0.0,0,248.07,0.0,1,1.8,8.22,SPY190104P00255000,255.0,0,0.0,0.0,,0.0,normalDay
2018-12-28,90.0,-660.0,0.0,0,247.75,0.0,1,1.8,8.4,SPY190104P00255000,255.0,0,0.0,0.0,,0.0,normalDay
2018-12-31,90.0,-420.0,0.0,0,249.92,0.0,1,1.8,6.0,SPY190104P00255000,255.0,0,0.0,0.0,,0.0,normalDay
2019-01-02,90.0,-321.0,0.0,0,250.18,0.0,1,1.8,5.01,SPY190104P00255000,255.0,0,0.0,0.0,,0.0,normalDay
2019-01-03,90.0,-926.0,0.0,0,244.21,0.0,1,1.8,11.06,SPY190104P00255000,255.0,0,0.0,0.0,,0.0,normalDay
2019-01-04,270.0,-261.0,180.0,100,252.39,255.0,1,1.8,0.0,SPY190104P00255000,255.0,0,0.0,0.0,,0.0,expirationDay
2019-01-07,270.0,-62.0,0.0,100,254.38,255.0,0,0.0,0.0,,0.0,0,0.0,0.0,,0.0,bidTooLow
2019-01-08,270.0,177.0,0.0,100,256.77,255.0,0,0.0,0.0,,0.0,0,0.0,0.0,,0.0,bidTooLow
2019-01-09,270.0,297.0,0.0,100,257.97,255.0,0,0.0,0.0,,0.0,0,0.0,0.0,,0.0,bidTooLow
2019-01-10,270.0,388.0,0.0,100,258.88,255.0,0,0.0,0.0,,0.0,0,0.0,0.0,,0.0,bidTooLow
2019-01-11,270.0,398.0,0.0,100,258.98,255.0,0,0.0,0.0,,0.0,0,0.0,0.0,,0.0,bidTooLow
2019-01-14,270.0,240.0,0.0,100,257.4,255.0,0,0.0,0.0,,0.0,0,0.0,0.0,,0.0,bidTooLow
2019-01-15,270.0,535.0,0.0,100,260.35,255.0,0,0.0,0.0,,0.0,0,0.0,0.0,,0.0,bidTooLow
2019-01-16,270.0,598.0,0.0,100,260.98,255.0,0,0.0,0.0,,0.0,0,0.0,0.0,,0.0,bidTooLow
2019-01-17,270.0,793.0,0.0,100,262.96,255.0,0,0.0,0.0,,0.0,1,0.04,0.07,SPY190128C00275000,275.0,normalDay
2019-01-18,270.0,1133.0,0.0,100,266.46,255.0,0,0.0,0.0,,0.0,1,0.04,0.17,SPY190128C00275000,275.0,normalDay
2019-01-22,270.0,787.0,0.0,100,262.86,255.0,0,0.0,0.0,,0.0,1,0.04,0.03,SPY190128C00275000,275.0,normalDay
2019-01-23,270.0,844.0,0.0,100,263.41,255.0,0,0.0,0.0,,0.0,1,0.04,0.01,SPY190128C00275000,275.0,normalDay
2019-01-24,270.0,858.0,0.0,100,263.55,255.0,0,0.0,0.0,,0.0,1,0.04,0.01,SPY190128C00275000,275.0,normalDay
2019-01-25,270.0,1081.0,0.0,100,265.78,255.0,0,0.0,0.0,,0.0,1,0.04,0.01,SPY190128C00275000,275.0,normalDay
2019-01-28,274.0,876.0,4.0,100,263.76,255.0,0,0.0,0.0,,0.0,1,0.04,0.0,SPY190128C00275000,275.0,expirationDay
2019-01-29,274.0,841.0,0.0,100,263.41,255.0,0,0.0,0.0,,0.0,0,0.0,0.0,,0.0,bidTooLow
2019-01-30,274.0,1258.0,0.0,100,267.58,255.0,0,0.0,0.0,,0.0,0,0.0,0.0,,0.0,bidTooLow
2019-01-31,274.0,1490.0,0.0,100,269.93,255.0,0,0.0,0.0,,0.0,1,0.01,0.04,SPY190211C00284000,284.0,normalDay
2019-02-01,274.0,1505.0,0.0,100,270.06,255.0,0,0.0,0.0,,0.0,1,0.01,0.02,SPY190211C00284000,284.0,normalDay
2019-02-04,274.0,1695.0,0.0,100,271.96,255.0,0,0.0,0.0,,0.0,1,0.01,0.02,SPY190211C00284000,284.0,normalDay
2019-02-05,274.0,1809.0,0.0,100,273.1,255.0,0,0.0,0.0,,0.0,1,0.01,0.02,SPY190211C00284000,284.0,normalDay
2019-02-06,274.0,1774.0,0.0,100,272.74,255.0,0,0.0,0.0,,0.0,1,0.01,0.01,SPY190211C00284000,284.0,normalDay
2019-02-07,274.0,1514.0,0.0,100,270.14,255.0,0,0.0,0.0,,0.0,1,0.01,0.01,SPY190211C00284000,284.0,normalDay
2019-02-08,274.0,1547.0,0.0,100,270.47,255.0,0,0.0,0.0,,0.0,1,0.01,0.01,SPY190211C00284000,284.0,normalDay
2019-02-11,275.0,1562.0,1.0,100,270.62,255.0,0,0.0,0.0,,0.0,1,0.01,0.0,SPY190211C00284000,284.0,expirationDay
2019-02-12,275.0,1910.0,0.0,100,274.1,255.0,0,0.0,0.0,,0.0,0,0.0,0.0,,0.0,bidTooLow
2019-02-13,275.0,1996.0,0.0,100,274.99,255.0,0,0.0,0.0,,0.0,1,0.01,0.04,SPY190222C00285000,285.0,normalDay
2019-02-14,275.0,1936.0,0.0,100,274.38,255.0,0,0.0,0.0,,0.0,1,0.01,0.03,SPY190222C00285000,285.0,normalDay
2019-02-15,275.0,2235.0,0.0,100,277.37,255.0,0,0.0,0.0,,0.0,1,0.01,0.03,SPY190222C00285000,285.0,normalDay
2019-02-19,275.0,2285.0,0.0,100,277.85,255.0,0,0.0,0.0,,0.0,1,0.01,0.01,SPY190222C00285000,285.0,normalDay
2019-02-20,275.0,2341.0,0.0,100,278.41,255.0,0,0.0,0.0,,0.0,1,0.01,0.01,SPY190222C00285000,285.0,normalDay
2019-02-21,275.0,2242.0,0.0,100,277.42,255.0,0,0.0,0.0,,0.0,1,0.01,0.01,SPY190222C00285000,285.0,normalDay
2019-02-22,276.0,2414.0,1.0,100,279.14,255.0,0,0.0,0.0,,0.0,1,0.01,0.0,SPY190222C00285000,285.0,expirationDay
2019-02-25,276.0,2452.0,0.0,100,279.52,255.0,0,0.0,0.0,,0.0,0,0.0,0.0,,0.0,bidTooLow
2019-02-26,276.0,2432.0,0.0,100,279.32,255.0,0,0.0,0.0,,0.0,0,0.0,0.0,,0.0,bidTooLow
2019-02-27,276.0,2420.0,0.0,100,279.2,255.0,0,0.0,0.0,,0.0,0,0.0,0.0,,0.0,bidTooLow
2019-02-28,276.0,2368.0,0.0,100,278.68,255.0,0,0.0,0.0,,0.0,0,0.0,0.0,,0.0,bidTooLow
2019-03-01,276.0,2542.0,0.0,100,280.42,255.0,0,0.0,0.0,,0.0,0,0.0,0.0,,0.0,bidTooLow
2019-03-04,276.0,2437.0,0.0,100,279.4,255.0,0,0.0,0.0,,0.0,1,0.01,0.04,SPY190315C00290000,290.0,normalDay
2019-03-05,276.0,2399.0,0.0,100,279.02,255.0,0,0.0,0.0,,0.0,1,0.01,0.04,SPY190315C00290000,290.0,normalDay
2019-03-06,276.0,2232.0,0.0,100,277.33,255.0,0,0.0,0.0,,0.0,1,0.01,0.02,SPY190315C00290000,290.0,normalDay
2019-03-07,276.0,2000.0,0.0,100,275.01,255.0,0,0.0,0.0,,0.0,1,0.01,0.02,SPY190315C00290000,290.0,normalDay
2019-03-08,276.0,1946.0,0.0,100,274.46,255.0,0,0.0,0.0,,0.0,1,0.01,0.01,SPY190315C00290000,290.0,normalDay
2019-03-11,276.0,2344.0,0.0,100,278.44,255.0,0,0.0,0.0,,0.0,1,0.01,0.01,SPY190315C00290000,290.0,normalDay
2019-03-12,276.0,2449.0,0.0,100,279.49,255.0,0,0.0,0.0,,0.0,1,0.01,0.01,SPY190315C00290000,290.0,normalDay
2019-03-13,276.0,2634.0,0.0,100,281.34,255.0,0,0.0,0.0,,0.0,1,0.01,0.01,SPY190315C00290000,290.0,normalDay
2019-03-14,276.0,2616.0,0.0,100,281.16,255.0,0,0.0,0.0,,0.0,1,0.01,0.01,SPY190315C00290000,290.0,normalDay
2019-03-15,277.0,2631.0,1.0,100,281.31,255.0,0,0.0,0.0,,0.0,1,0.01,0.0,SPY190315C00290000,290.0,expirationDay
2019-03-18,277.0,2730.0,0.0,100,282.33,255.0,0,0.0,0.0,,0.0,1,0.51,0.54,SPY190329C00287000,287.0,normalDay
2019-03-19,277.0,2741.0,0.0,100,282.4,255.0,0,0.0,0.0,,0.0,1,0.51,0.5,SPY190329C00287000,287.0,normalDay
2019-03-20,277.0,2676.0,0.0,100,281.55,255.0,0,0.0,0.0,,0.0,1,0.51,0.3,SPY190329C00287000,287.0,normalDay
2019-03-21,277.0,2926.0,0.0,100,284.73,255.0,0,0.0,0.0,,0.0,1,0.51,0.98,SPY190329C00287000,287.0,normalDay
2019-03-22,277.0,2456.0,0.0,100,279.25,255.0,0,0.0,0.0,,0.0,1,0.51,0.2,SPY190329C00287000,287.0,normalDay
2019-03-25,277.0,2449.0,0.0,100,279.04,255.0,0,0.0,0.0,,0.0,1,0.51,0.06,SPY190329C00287000,287.0,normalDay
2019-03-26,277.0,2658.0,0.0,100,281.12,255.0,0,0.0,0.0,,0.0,1,0.51,0.05,SPY190329C00287000,287.0,normalDay
2019-03-27,277.0,2514.0,0.0,100,279.65,255.0,0,0.0,0.0,,0.0,1,0.51,0.02,SPY190329C00287000,287.0,normalDay
2019-03-28,277.0,2621.0,0.0,100,280.71,255.0,0,0.0,0.0,,0.0,1,0.51,0.01,SPY190329C00287000,287.0,normalDay
2019-03-29,328.0,2748.0,51.0,100,282.48,255.0,0,0.0,0.0,,0.0,1,0.51,0.0,SPY190329C00287000,287.0,expirationDay
2019-04-01,328.0,3080.0,0.0,100,285.83,255.0,0,0.0,0.0,,0.0,1,0.19,0.22,SPY190412C00292000,292.0,normalDay
2019-04-02,328.0,3098.0,0.0,100,285.97,255.0,0,0.0,0.0,,0.0,1,0.19,0.18,SPY190412C00292000,292.0,normalDay
2019-04-03,328.0,3134.0,0.0,100,286.42,255.0,0,0.0,0.0,,0.0,1,0.19,0.27,SPY190412C00292000,292.0,normalDay
2019-04-04,328.0,3211.0,0.0,100,287.18,255.0,0,0.0,0.0,,0.0,1,0.19,0.26,SPY190412C00292000,292.0,normalDay
2019-04-05,328.0,3349.0,0.0,100,288.57,255.0,0,0.0,0.0,,0.0,1,0.19,0.27,SPY190412C00292000,292.0,normalDay
2019-04-08,328.0,3378.0,0.0,100,288.79,255.0,0,0.0,0.0,,0.0,1,0.19,0.2,SPY190412C00292000,292.0,normalDay
2019-04-09,328.0,3246.0,0.0,100,287.31,255.0,0,0.0,0.0,,0.0,1,0.19,0.04,SPY190412C00292000,292.0,normalDay
2019-04-10,328.0,3344.0,0.0,100,288.29,255.0,0,0.0,0.0,,0.0,1,0.19,0.04,SPY190412C00292000,292.0,normalDay
2019-04-11,328.0,3339.0,0.0,100,288.21,255.0,0,0.0,0.0,,0.0,1,0.19,0.01,SPY190412C00292000,292.0,normalDay
2019-04-12,347.0,3516.0,19.0,100,290.16,255.0,0,0.0,0.0,,0.0,1,0.19,0.0,SPY190412C00292000,292.0,expirationDay
2019-04-15,347.0,3497.0,0.0,100,289.97,255.0,0,0.0,0.0,,0.0,0,0.0,0.0,,0.0,bidTooLow
2019-04-16,347.0,3516.0,0.0,100,290.16,255.0,0,0.0,0.0,,0.0,0,0.0,0.0,,0.0,bidTooLow
2019-04-17,347.0,3445.0,0.0,100,289.45,255.0,0,0.0,0.0,,0.0,0,0.0,0.0,,0.0,bidTooLow
2019-04-18,347.0,3502.0,0.0,100,290.02,255.0,0,0.0,0.0,,0.0,0,0.0,0.0,,0.0,bidTooLow
2019-04-22,347.0,3527.0,0.0,100,290.27,255.0,0,0.0,0.0,,0.0,0,0.0,0.0,,0.0,bidTooLow
2019-04-23,347.0,3785.0,0.0,100,292.88,255.0,0,0.0,0.0,,0.0,1,0.02,0.05,SPY190503C00302000,302.0,normalDay
2019-04-24,347.0,3722.0,0.0,100,292.23,255.0,0,0.0,0.0,,0.0,1,0.02,0.03,SPY190503C00302000,302.0,normalDay
2019-04-25,347.0,3705.0,0.0,100,292.05,255.0,0,0.0,0.0,,0.0,1,0.02,0.02,SPY190503C00302000,302.0,normalDay
2019-04-26,347.0,3842.0,0.0,100,293.41,255.0,0,0.0,0.0,,0.0,1,0.02,0.01,SPY190503C00302000,302.0,normalDay
2019-04-29,347.0,3888.0,0.0,100,293.87,255.0,0,0.0,0.0,,0.0,1,0.02,0.01,SPY190503C00302000,302.0,normalDay
2019-04-30,347.0,3903.0,0.0,100,294.02,255.0,0,0.0,0.0,,0.0,1,0.02,0.01,SPY190503C00302000,302.0,normalDay
2019-05-01,347.0,3682.0,0.0,100,291.81,255.0,0,0.0,0.0,,0.0,1,0.02,0.01,SPY190503C00302000,302.0,normalDay
2019-05-02,347.0,3619.0,0.0,100,291.18,255.0,0,0.0,0.0,,0.0,1,0.02,0.01,SPY190503C00302000,302.0,normalDay
2019-05-03,349.0,3903.0,2.0,100,294.03,255.0,0,0.0,0.0,,0.0,1,0.02,0.0,SPY190503C00302000,302.0,expirationDay
2019-05-06,349.0,3778.0,0.0,100,292.82,255.0,0,0.0,0.0,,0.0,1,0.28,0.32,SPY190517C00299000,299.0,normalDay
2019-05-07,349.0,3306.0,0.0,100,287.93,255.0,0,0.0,0.0,,0.0,1,0.28,0.15,SPY190517C00299000,299.0,normalDay
2019-05-08,349.0,3272.0,0.0,100,287.53,255.0,0,0.0,0.0,,0.0,1,0.28,0.09,SPY190517C00299000,299.0,normalDay
2019-05-09,349.0,3188.0,0.0,100,286.66,255.0,0,0.0,0.0,,0.0,1,0.28,0.06,SPY190517C00299000,299.0,normalDay
2019-05-10,349.0,3335.0,0.0,100,288.1,255.0,0,0.0,0.0,,0.0,1,0.28,0.03,SPY190517C00299000,299.0,normalDay
2019-05-13,349.0,2613.0,0.0,100,280.86,255.0,0,0.0,0.0,,0.0,1,0.28,0.01,SPY190517C00299000,299.0,normalDay
2019-05-14,349.0,2867.0,0.0,100,283.4,255.0,0,0.0,0.0,,0.0,1,0.28,0.01,SPY190517C00299000,299.0,normalDay
2019-05-15,349.0,3033.0,0.0,100,285.06,255.0,0,0.0,0.0,,0.0,1,0.28,0.01,SPY190517C00299000,299.0,normalDay
2019-05-16,349.0,3297.0,0.0,100,287.7,255.0,0,0.0,0.0,,0.0,1,0.28,0.01,SPY190517C00299000,299.0,normalDay
2019-05-17,377.0,3084.0,28.0,100,285.84,255.0,0,0.0,0.0,,0.0,1,0.28,0.0,SPY190517C00299000,299.0,expirationDay
2019-05-20,377.0,2895.0,0.0,100,283.95,255.0,0,0.0,0.0,,0.0,0,0.0,0.0,,0.0,bidTooLow
2019-05-21,377.0,3151.0,0.0,100,286.51,255.0,0,0.0,0.0,,0.0,0,0.0,0.0,,0.0,bidTooLow
2019-05-22,377.0,3063.0,0.0,100,285.63,255.0,0,0.0,0.0,,0.0,0,0.0,0.0,,0.0,bidTooLow
2019-05-23,377.0,2714.0,0.0,100,282.14,255.0,0,0.0,0.0,,0.0,0,0.0,0.0,,0.0,bidTooLow
2019-05-24,377.0,2778.0,0.0,100,282.78,255.0,0,0.0,0.0,,0.0,0,0.0,0.0,,0.0,bidTooLow
2019-05-28,377.0,2515.0,0.0,100,280.15,255.0,0,0.0,0.0,,0.0,0,0.0,0.0,,0.0,bidTooLow
2019-05-29,377.0,2327.0,0.0,100,278.27,255.0,0,0.0,0.0,,0.0,0,0.0,0.0,,0.0,bidTooLow
2019-05-30,377.0,2403.0,0.0,100,279.03,255.0,0,0.0,0.0,,0.0,0,0.0,0.0,,0.0,bidTooLow
2019-05-31,377.0,2027.0,0.0,100,275.27,255.0,0,0.0,0.0,,0.0,0,0.0,0.0,,0.0,bidTooLow
2019-06-03,377.0,1957.0,0.0,100,274.57,255.0,0,0.0,0.0,,0.0,0,0.0,0.0,,0.0,bidTooLow
2019-06-04,377.0,2553.0,0.0,100,280.53,255.0,0,0.0,0.0,,0.0,0,0.0,0.0,,0.0,bidTooLow
2019-06-05,377.0,2796.0,0.0,100,282.96,255.0,0,0.0,0.0,,0.0,0,0.0,0.0,,0.0,bidTooLow
2019-06-06,377.0,2977.0,0.0,100,284.8,255.0,0,0.0,0.0,,0.0,1,0.03,0.06,SPY190617C00298000,298.0,normalDay
2019-06-07,377.0,3260.0,0.0,100,287.65,255.0,0,0.0,0.0,,0.0,1,0.03,0.08,SPY190617C00298000,298.0,normalDay
2019-06-10,377.0,3394.0,0.0,100,288.97,255.0,0,0.0,0.0,,0.0,1,0.03,0.06,SPY190617C00298000,298.0,normalDay
2019-06-11,377.0,3390.0,0.0,100,288.9,255.0,0,0.0,0.0,,0.0,1,0.03,0.03,SPY190617C00298000,298.0,normalDay
2019-06-12,377.0,3340.0,0.0,100,288.39,255.0,0,0.0,0.0,,0.0,1,0.03,0.02,SPY190617C00298000,298.0,normalDay
2019-06-13,377.0,3460.0,0.0,100,289.58,255.0,0,0.0,0.0,,0.0,1,0.03,0.01,SPY190617C00298000,298.0,normalDay
2019-06-14,377.0,3428.0,0.0,100,289.26,255.0,0,0.0,0.0,,0.0,1,0.03,0.01,SPY190617C00298000,298.0,normalDay
2019-06-17,380.0,3437.0,3.0,100,289.37,255.0,0,0.0,0.0,,0.0,1,0.03,0.0,SPY190617C00298000,298.0,expirationDay
2019-06-18,380.0,3737.0,0.0,100,292.4,255.0,0,0.0,0.0,,0.0,1,0.01,0.04,SPY190628C00305000,305.0,normalDay
2019-06-19,380.0,3803.0,0.0,100,293.06,255.0,0,0.0,0.0,,0.0,1,0.01,0.04,SPY190628C00305000,305.0,normalDay
2019-06-20,380.0,4077.0,0.0,100,295.86,255.0,0,0.0,0.0,,0.0,1,0.01,0.1,SPY190628C00305000,305.0,normalDay
2019-06-21,380.0,3898.0,0.0,100,294.0,255.0,0,0.0,0.0,,0.0,1,0.01,0.03,SPY190628C00305000,305.0,normalDay
2019-06-24,380.0,3864.0,0.0,100,293.64,255.0,0,0.0,0.0,,0.0,1,0.01,0.01,SPY190628C00305000,305.0,normalDay
2019-06-25,380.0,3576.0,0.0,100,290.76,255.0,0,0.0,0.0,,0.0,1,0.01,0.01,SPY190628C00305000,305.0,normalDay
2019-06-26,380.0,3547.0,0.0,100,290.47,255.0,0,0.0,0.0,,0.0,1,0.01,0.01,SPY190628C00305000,305.0,normalDay
2019-06-27,380.0,3650.0,0.0,100,291.5,255.0,0,0.0,0.0,,0.0,1,0.01,0.01,SPY190628C00305000,305.0,normalDay
2019-06-28,381.0,3800.0,1.0,100,293.0,255.0,0,0.0,0.0,,0.0,1,0.01,0.0,SPY190628C00305000,305.0,expirationDay
2019-07-01,381.0,4063.0,0.0,100,295.66,255.0,0,0.0,0.0,,0.0,1,0.03,0.06,SPY190712C00306000,306.0,normalDay
2019-07-02,381.0,4142.0,0.0,100,296.43,255.0,0,0.0,0.0,,0.0,1,0.03,0.04,SPY190712C00306000,306.0,normalDay
2019-07-03,381.0,4375.0,0.0,100,298.8,255.0,0,0.0,0.0,,0.0,1,0.03,0.08,SPY190712C00306000,306.0,normalDay
2019-07-05,381.0,4347.0,0.0,100,298.46,255.0,0,0.0,0.0,,0.0,1,0.03,0.02,SPY190712C00306000,306.0,normalDay
2019-07-08,381.0,4183.0,0.0,100,296.82,255.0,0,0.0,0.0,,0.0,1,0.03,0.02,SPY190712C00306000,306.0,normalDay
2019-07-09,381.0,4221.0,0.0,100,297.19,255.0,0,0.0,0.0,,0.0,1,0.03,0.01,SPY190712C00306000,306.0,normalDay
2019-07-10,381.0,4363.0,0.0,100,298.61,255.0,0,0.0,0.0,,0.0,1,0.03,0.01,SPY190712C00306000,306.0,normalDay
2019-07-11,381.0,4433.0,0.0,100,299.31,255.0,0,0.0,0.0,,0.0,1,0.03,0.01,SPY190712C00306000,306.0,normalDay
2019-07-12,384.0,4565.0,3.0,100,300.65,255.0,0,0.0,0.0,,0.0,1,0.03,0.0,SPY190712C00306000,306.0,expirationDay
2019-07-15,384.0,4572.0,0.0,100,300.75,255.0,0,0.0,0.0,,0.0,1,0.01,0.04,SPY190726C00309000,309.0,normalDay
2019-07-16,384.0,4476.0,0.0,100,299.78,255.0,0,0.0,0.0,,0.0,1,0.01,0.03,SPY190726C00309000,309.0,normalDay
2019-07-17,384.0,4273.0,0.0,100,297.74,255.0,0,0.0,0.0,,0.0,1,0.01,0.02,SPY190726C00309000,309.0,normalDay
2019-07-18,384.0,4382.0,0.0,100,298.83,255.0,0,0.0,0.0,,0.0,1,0.01,0.02,SPY190726C00309000,309.0,normalDay
2019-07-19,384.0,4217.0,0.0,100,297.17,255.0,0,0.0,0.0,,0.0,1,0.01,0.01,SPY190726C00309000,309.0,normalDay
2019-07-22,384.0,4290.0,0.0,100,297.9,255.0,0,0.0,0.0,,0.0,1,0.01,0.01,SPY190726C00309000,309.0,normalDay
2019-07-23,384.0,4503.0,0.0,100,300.03,255.0,0,0.0,0.0,,0.0,1,0.01,0.01,SPY190726C00309000,309.0,normalDay
2019-07-24,384.0,4644.0,0.0,100,301.44,255.0,0,0.0,0.0,,0.0,1,0.01,0.01,SPY190726C00309000,309.0,normalDay
2019-07-25,384.0,4500.0,0.0,100,300.0,255.0,0,0.0,0.0,,0.0,1,0.01,0.01,SPY190726C00309000,309.0,normalDay
2019-07-26,385.0,4701.0,1.0,100,302.01,255.0,0,0.0,0.0,,0.0,1,0.01,0.0,SPY190726C00309000,309.0,expirationDay
2019-07-29,385.0,4643.0,0.0,100,301.46,255.0,0,0.0,0.0,,0.0,1,0.48,0.51,SPY190809C00306000,306.0,normalDay
2019-07-30,385.0,4574.0,0.0,100,300.72,255.0,0,0.0,0.0,,0.0,1,0.48,0.46,SPY190809C00306000,306.0,normalDay
2019-07-31,385.0,4282.0,0.0,100,297.43,255.0,0,0.0,0.0,,0.0,1,0.48,0.09,SPY190809C00306000,306.0,normalDay
2019-08-01,385.0,4028.0,0.0,100,294.84,255.0,0,0.0,0.0,,0.0,1,0.48,0.04,SPY190809C00306000,306.0,normalDay
2019-08-02,385.0,3808.0,0.0,100,292.62,255.0,0,0.0,0.0,,0.0,1,0.48,0.02,SPY190809C00306000,306.0,normalDay
2019-08-05,385.0,2929.0,0.0,100,283.82,255.0,0,0.0,0.0,,0.0,1,0.48,0.01,SPY190809C00306000,306.0,normalDay
2019-08-06,385.0,3327.0,0.0,100,287.8,255.0,0,0.0,0.0,,0.0,1,0.48,0.01,SPY190809C00306000,306.0,normalDay
2019-08-07,385.0,3344.0,0.0,100,287.97,255.0,0,0.0,0.0,,0.0,1,0.48,0.01,SPY190809C00306000,306.0,normalDay
2019-08-08,385.0,3909.0,0.0,100,293.62,255.0,0,0.0,0.0,,0.0,1,0.48,0.01,SPY190809C00306000,306.0,normalDay
2019-08-09,433.0,3662.0,48.0,100,291.62,255.0,0,0.0,0.0,,0.0,1,0.48,0.0,SPY190809C00306000,306.0,expirationDay
2019-08-12,433.0,3307.0,0.0,100,288.07,255.0,0,0.0,0.0,,0.0,0,0.0,0.0,,0.0,bidTooLow
2019-08-13,433.0,3755.0,0.0,100,292.55,255.0,0,0.0,0.0,,0.0,0,0.0,0.0,,0.0,bidTooLow
2019-08-14,433.0,2890.0,0.0,100,283.9,255.0,0,0.0,0.0,,0.0,0,0.0,0.0,,0.0,bidTooLow
2019-08-15,433.0,2965.0,0.0,100,284.65,255.0,0,0.0,0.0,,0.0,0,0.0,0.0,,0.0,bidTooLow
2019-08-16,433.0,3385.0,0.0,100,288.85,255.0,0,0.0,0.0,,0.0,0,0.0,0.0,,0.0,bidTooLow
2019-08-19,433.0,3733.0,0.0,100,292.33,255.0,0,0.0,0.0,,0.0,0,0.0,0.0,,0.0,bidTooLow
2019-08-20,433.0,3509.0,0.0,100,290.09,255.0,0,0.0,0.0,,0.0,0,0.0,0.0,,0.0,bidTooLow
2019-08-21,433.0,3745.0,0.0,100,292.45,255.0,0,0.0,0.0,,0.0,0,0.0,0.0,,0.0,bidTooLow
2019-08-22,433.0,3736.0,0.0,100,292.36,255.0,0,0.0,0.0,,0.0,0,0.0,0.0,,0.0,bidTooLow
2019-08-23,433.0,2985.0,0.0,100,284.85,255.0,0,0.0,0.0,,0.0,0,0.0,0.0,,0.0,bidTooLow
2019-08-26,433.0,3300.0,0.0,100,288.0,255.0,0,0.0,0.0,,0.0,0,0.0,0.0,,0.0,bidTooLow
2019-08-27,433.0,3187.0,0.0,100,286.87,255.0,0,0.0,0.0,,0.0,0,0.0,0.0,,0.0,bidTooLow
2019-08-28,433.0,3389.0,0.0,100,288.89,255.0,0,0.0,0.0,,0.0,0,0.0,0.0,,0.0,bidTooLow
2019-08-29,433.0,3755.0,0.0,100,292.58,255.0,0,0.0,0.0,,0.0,1,0.09,0.12,SPY190909C00302000,302.0,normalDay
2019-08-30,433.0,3744.0,0.0,100,292.45,255.0,0,0.0,0.0,,0.0,1,0.09,0.1,SPY190909C00302000,302.0,normalDay
2019-09-03,433.0,3581.0,0.0,100,290.74,255.0,0,0.0,0.0,,0.0,1,0.09,0.02,SPY190909C00302000,302.0,normalDay
2019-09-04,433.0,3912.0,0.0,100,294.04,255.0,0,0.0,0.0,,0.0,1,0.09,0.01,SPY190909C00302000,302.0,normalDay
2019-09-05,433.0,4280.0,0.0,100,297.82,255.0,0,0.0,0.0,,0.0,1,0.09,0.11,SPY190909C00302000,302.0,normalDay
2019-09-06,433.0,4311.0,0.0,100,298.05,255.0,0,0.0,0.0,,0.0,1,0.09,0.03,SPY190909C00302000,302.0,normalDay
2019-09-09,442.0,4320.0,9.0,100,298.2,255.0,0,0.0,0.0,,0.0,1,0.09,0.0,SPY190909C00302000,302.0,expirationDay
2019-09-10,442.0,4310.0,0.0,100,298.13,255.0,0,0.0,0.0,,0.0,1,0.03,0.06,SPY190920C00309000,309.0,normalDay
2019-09-11,442.0,4520.0,0.0,100,300.25,255.0,0,0.0,0.0,,0.0,1,0.03,0.08,SPY190920C00309000,309.0,normalDay
2019-09-12,442.0,4620.0,0.0,100,301.29,255.0,0,0.0,0.0,,0.0,1,0.03,0.12,SPY190920C00309000,309.0,normalDay
2019-09-13,442.0,4606.0,0.0,100,301.09,255.0,0,0.0,0.0,,0.0,1,0.03,0.06,SPY190920C00309000,309.0,normalDay
2019-09-16,442.0,4516.0,0.0,100,300.16,255.0,0,0.0,0.0,,0.0,1,0.03,0.03,SPY190920C00309000,309.0,normalDay
2019-09-17,442.0,4593.0,0.0,100,300.92,255.0,0,0.0,0.0,,0.0,1,0.03,0.02,SPY190920C00309000,309.0,normalDay
2019-09-18,442.0,4611.0,0.0,100,301.1,255.0,0,0.0,0.0,,0.0,1,0.03,0.02,SPY190920C00309000,309.0,normalDay
2019-09-19,442.0,4609.0,0.0,100,301.08,255.0,0,0.0,0.0,,0.0,1,0.03,0.02,SPY190920C00309000,309.0,normalDay
2019-09-20,445.0,4328.0,3.0,100,298.28,255.0,0,0.0,0.0,,0.0,1,0.03,0.0,SPY190920C00309000,309.0,expirationDay
2019-09-23,445.0,4321.0,0.0,100,298.21,255.0,0,0.0,0.0,,0.0,0,0.0,0.0,,0.0,bidTooLow
2019-09-24,445.0,4087.0,0.0,100,295.87,255.0,0,0.0,0.0,,0.0,0,0.0,0.0,,0.0,bidTooLow
2019-09-25,445.0,4262.0,0.0,100,297.62,255.0,0,0.0,0.0,,0.0,0,0.0,0.0,,0.0,bidTooLow
2019-09-26,445.0,4200.0,0.0,100,297.0,255.0,0,0.0,0.0,,0.0,0,0.0,0.0,,0.0,bidTooLow
2019-09-27,445.0,4040.0,0.0,100,295.4,255.0,0,0.0,0.0,,0.0,0,0.0,0.0,,0.0,bidTooLow
2019-09-30,445.0,4177.0,0.0,100,296.77,255.0,0,0.0,0.0,,0.0,0,0.0,0.0,,0.0,bidTooLow
2019-10-01,445.0,3824.0,0.0,100,293.24,255.0,0,0.0,0.0,,0.0,0,0.0,0.0,,0.0,bidTooLow
2019-10-02,445.0,3306.0,0.0,100,288.06,255.0,0,0.0,0.0,,0.0,0,0.0,0.0,,0.0,bidTooLow
2019-10-03,445.0,3542.0,0.0,100,290.42,255.0,0,0.0,0.0,,0.0,0,0.0,0.0,,0.0,bidTooLow
2019-10-04,445.0,3935.0,0.0,100,294.35,255.0,0,0.0,0.0,,0.0,0,0.0,0.0,,0.0,bidTooLow
2019-10-07,445.0,3808.0,0.0,100,293.08,255.0,0,0.0,0.0,,0.0,0,0.0,0.0,,0.0,bidTooLow
2019-10-08,445.0,3353.0,0.0,100,288.53,255.0,0,0.0,0.0,,0.0,0,0.0,0.0,,0.0,bidTooLow
2019-10-09,445.0,3627.0,0.0,100,291.27,255.0,0,0.0,0.0,,0.0,0,0.0,0.0,,0.0,bidTooLow
2019-10-10,445.0,3824.0,0.0,100,293.24,255.0,0,0.0,0.0,,0.0,0,0.0,0.0,,0.0,bidTooLow
2019-10-11,445.0,4128.0,0.0,100,296.28,255.0,0,0.0,0.0,,0.0,0,0.0,0.0,,0.0,bidTooLow
2019-10-14,445.0,4095.0,0.0,100,295.95,255.0,0,0.0,0.0,,0.0,0,0.0,0.0,,0.0,bidTooLow
2019-10-15,445.0,4385.0,0.0,100,298.88,255.0,0,0.0,0.0,,0.0,1,0.01,0.04,SPY191025C00310000,310.0,normalDay
2019-10-16,445.0,4339.0,0.0,100,298.4,255.0,0,0.0,0.0,,0.0,1,0.01,0.02,SPY191025C00310000,310.0,normalDay
2019-10-17,445.0,4427.0,0.0,100,299.28,255.0,0,0.0,0.0,,0.0,1,0.01,0.02,SPY191025C00310000,310.0,normalDay
2019-10-18,445.0,4297.0,0.0,100,297.97,255.0,0,0.0,0.0,,0.0,1,0.01,0.01,SPY191025C00310000,310.0,normalDay
2019-10-21,445.0,4499.0,0.0,100,299.99,255.0,0,0.0,0.0,,0.0,1,0.01,0.01,SPY191025C00310000,310.0,normalDay
2019-10-22,445.0,4401.0,0.0,100,299.01,255.0,0,0.0,0.0,,0.0,1,0.01,0.01,SPY191025C00310000,310.0,normalDay
2019-10-23,445.0,4488.0,0.0,100,299.88,255.0,0,0.0,0.0,,0.0,1,0.01,0.01,SPY191025C00310000,310.0,normalDay
2019-10-24,445.0,4537.0,0.0,100,300.37,255.0,0,0.0,0.0,,0.0,1,0.01,0.01,SPY191025C00310000,310.0,normalDay
2019-10-25,446.0,4660.0,1.0,100,301.6,255.0,0,0.0,0.0,,0.0,1,0.01,0.0,SPY191025C00310000,310.0,expirationDay
2019-10-28,446.0,4827.0,0.0,100,303.3,255.0,0,0.0,0.0,,0.0,1,0.02,0.05,SPY191108C00314000,314.0,normalDay
2019-10-29,446.0,4820.0,0.0,100,303.21,255.0,0,0.0,0.0,,0.0,1,0.02,0.03,SPY191108C00314000,314.0,normalDay
2019-10-30,446.0,4913.0,0.0,100,304.14,255.0,0,0.0,0.0,,0.0,1,0.02,0.03,SPY191108C00314000,314.0,normalDay
2019-10-31,446.0,4833.0,0.0,100,303.33,255.0,0,0.0,0.0,,0.0,1,0.02,0.02,SPY191108C00314000,314.0,normalDay
2019-11-01,446.0,5112.0,0.0,100,306.14,255.0,0,0.0,0.0,,0.0,1,0.02,0.04,SPY191108C00314000,314.0,normalDay
2019-11-04,446.0,5235.0,0.0,100,307.37,255.0,0,0.0,0.0,,0.0,1,0.02,0.04,SPY191108C00314000,314.0,normalDay
2019-11-05,446.0,5203.0,0.0,100,307.03,255.0,0,0.0,0.0,,0.0,1,0.02,0.02,SPY191108C00314000,314.0,normalDay
2019-11-06,446.0,5211.0,0.0,100,307.1,255.0,0,0.0,0.0,,0.0,1,0.02,0.01,SPY191108C00314000,314.0,normalDay
2019-11-07,446.0,5319.0,0.0,100,308.18,255.0,0,0.0,0.0,,0.0,1,0.02,0.01,SPY191108C00314000,314.0,normalDay
2019-11-08,448.0,5394.0,2.0,100,308.94,255.0,0,0.0,0.0,,0.0,1,0.02,0.0,SPY191108C00314000,314.0,expirationDay
2019-11-11,448.0,5332.0,0.0,100,308.35,255.0,0,0.0,0.0,,0.0,1,0.02,0.05,SPY191122C00318000,318.0,normalDay
2019-11-12,448.0,5397.0,0.0,100,309.0,255.0,0,0.0,0.0,,0.0,1,0.02,0.05,SPY191122C00318000,318.0,normalDay
2019-11-13,448.0,5408.0,0.0,100,309.1,255.0,0,0.0,0.0,,0.0,1,0.02,0.04,SPY191122C00318000,318.0,normalDay
2019-11-14,448.0,5454.0,0.0,100,309.55,255.0,0,0.0,0.0,,0.0,1,0.02,0.03,SPY191122C00318000,318.0,normalDay
2019-11-15,448.0,5677.0,0.0,100,311.79,255.0,0,0.0,0.0,,0.0,1,0.02,0.04,SPY191122C00318000,318.0,normalDay
2019-11-18,448.0,5701.0,0.0,100,312.02,255.0,0,0.0,0.0,,0.0,1,0.02,0.03,SPY191122C00318000,318.0,normalDay
2019-11-19,448.0,5693.0,0.0,100,311.93,255.0,0,0.0,0.0,,0.0,1,0.02,0.02,SPY191122C00318000,318.0,normalDay
2019-11-20,448.0,5578.0,0.0,100,310.77,255.0,0,0.0,0.0,,0.0,1,0.02,0.01,SPY191122C00318000,318.0,normalDay
2019-11-21,448.0,5528.0,0.0,100,310.27,255.0,0,0.0,0.0,,0.0,1,0.02,0.01,SPY191122C00318000,318.0,normalDay
2019-11-22,450.0,5596.0,2.0,100,310.96,255.0,0,0.0,0.0,,0.0,1,0.02,0.0,SPY191122C00318000,318.0,expirationDay
2019-11-25,450.0,5834.0,0.0,100,313.37,255.0,0,0.0,0.0,,0.0,1,0.06,0.09,SPY191206C00320000,320.0,normalDay
2019-11-26,450.0,5903.0,0.0,100,314.08,255.0,0,0.0,0.0,,0.0,1,0.06,0.11,SPY191206C00320000,320.0,normalDay
2019-11-27,450.0,6031.0,0.0,100,315.48,255.0,0,0.0,0.0,,0.0,1,0.06,0.23,SPY191206C00320000,320.0,normalDay
2019-11-29,450.0,5929.0,0.0,100,314.31,255.0,0,0.0,0.0,,0.0,1,0.06,0.08,SPY191206C00320000,320.0,normalDay
2019-12-02,450.0,5667.0,0.0,100,311.64,255.0,0,0.0,0.0,,0.0,1,0.06,0.03,SPY191206C00320000,320.0,normalDay
2019-12-03,450.0,5460.0,0.0,100,309.55,255.0,0,0.0,0.0,,0.0,1,0.06,0.01,SPY191206C00320000,320.0,normalDay
2019-12-04,450.0,5651.0,0.0,100,311.46,255.0,0,0.0,0.0,,0.0,1,0.06,0.01,SPY191206C00320000,320.0,normalDay
2019-12-05,450.0,5707.0,0.0,100,312.02,255.0,0,0.0,0.0,,0.0,1,0.06,0.01,SPY191206C00320000,320.0,normalDay
2019-12-06,456.0,5987.0,6.0,100,314.87,255.0,0,0.0,0.0,,0.0,1,0.06,0.0,SPY191206C00320000,320.0,expirationDay
2019-12-09,456.0,5885.0,0.0,100,313.88,255.0,0,0.0,0.0,,0.0,1,0.33,0.36,SPY191220C00320000,320.0,normalDay
2019-12-10,456.0,5859.0,0.0,100,313.53,255.0,0,0.0,0.0,,0.0,1,0.33,0.27,SPY191220C00320000,320.0,normalDay
2019-12-11,456.0,5947.0,0.0,100,314.42,255.0,0,0.0,0.0,,0.0,1,0.33,0.28,SPY191220C00320000,320.0,normalDay
2019-12-12,456.0,6169.0,0.0,100,317.13,255.0,0,0.0,0.0,,0.0,1,0.33,0.77,SPY191220C00320000,320.0,normalDay
2019-12-13,456.0,6223.0,0.0,100,317.32,255.0,0,0.0,0.0,,0.0,1,0.33,0.42,SPY191220C00320000,320.0,normalDay
2019-12-16,456.0,6383.0,0.0,100,319.5,255.0,0,0.0,0.0,,0.0,1,0.33,1.0,SPY191220C00320000,320.0,normalDay
2019-12-17,456.0,6419.0,0.0,100,319.57,255.0,0,0.0,0.0,,0.0,1,0.33,0.71,SPY191220C00320000,320.0,normalDay
2019-12-18,456.0,6442.0,0.0,100,319.59,255.0,0,0.0,0.0,,0.0,1,0.33,0.5,SPY191220C00320000,320.0,normalDay
2019-12-19,456.0,6522.0,0.0,100,320.9,255.0,0,0.0,0.0,,0.0,1,0.33,1.01,SPY191220C00320000,320.0,normalDay
2019-12-20,6989.0,6522.0,6533.0,0,320.73,0.0,0,0.0,0.0,,0.0,1,0.33,0.0,SPY191220C00320000,320.0,expirationDay
2019-12-23,6989.0,-4.0,0.0,0,321.22,0.0,1,0.87,0.91,SPY200124P00303500,303.5,0,0.0,0.0,,0.0,normalDay
2019-12-24,6989.0,-1.0,0.0,0,321.23,0.0,1,0.87,0.88,SPY200124P00303500,303.5,0,0.0,0.0,,0.0,normalDay
2019-12-26,6989.0,17.0,0.0,0,322.94,0.0,1,0.87,0.7,SPY200124P00303500,303.5,0,0.0,0.0,,0.0,normalDay
2019-12-27,6989.0,11.0,0.0,0,322.86,0.0,1,0.87,0.76,SPY200124P00303500,303.5,0,0.0,0.0,,0.0,normalDay
2019-12-30,6989.0,-3.0,0.0,0,321.08,0.0,1,0.87,0.9,SPY200124P00303500,303.5,0,0.0,0.0,,0.0,normalDay
2019-12-31,6989.0,18.0,0.0,0,321.86,0.0,1,0.87,0.69,SPY200124P00303500,303.5,0,0.0,0.0,,0.0,normalDay
2020-01-02,6989.0,52.0,0.0,0,324.87,0.0,1,0.87,0.35,SPY200124P00303500,303.5,0,0.0,0.0,,0.0,normalDay
2020-01-03,6989.0,30.0,0.0,0,322.41,0.0,1,0.87,0.57,SPY200124P00303500,303.5,0,0.0,0.0,,0.0,normalDay
2020-01-06,6989.0,54.0,0.0,0,323.64,0.0,1,0.87,0.33,SPY200124P00303500,303.5,0,0.0,0.0,,0.0,normalDay
2020-01-07,6989.0,53.0,0.0,0,322.73,0.0,1,0.87,0.34,SPY200124P00303500,303.5,0,0.0,0.0,,0.0,normalDay
2020-01-08,6989.0,60.0,0.0,0,324.45,0.0,1,0.87,0.27,SPY200124P00303500,303.5,0,0.0,0.0,,0.0,normalDay
2020-01-09,6989.0,71.0,0.0,0,326.65,0.0,1,0.87,0.16,SPY200124P00303500,303.5,0,0.0,0.0,,0.0,normalDay
2020-01-10,6989.0,75.0,0.0,0,325.71,0.0,1,0.87,0.12,SPY200124P00303500,303.5,0,0.0,0.0,,0.0,normalDay
2020-01-13,6989.0,82.0,0.0,0,327.95,0.0,1,0.87,0.05,SPY200124P00303500,303.5,0,0.0,0.0,,0.0,normalDay
2020-01-14,6989.0,82.0,0.0,0,327.45,0.0,1,0.87,0.05,SPY200124P00303500,303.5,0,0.0,0.0,,0.0,normalDay
2020-01-15,6989.0,82.0,0.0,0,328.19,0.0,1,0.87,0.05,SPY200124P00303500,303.5,0,0.0,0.0,,0.0,normalDay
2020-01-16,6989.0,84.0,0.0,0,330.92,0.0,1,0.87,0.03,SPY200124P00303500,303.5,0,0.0,0.0,,0.0,normalDay
2020-01-17,6989.0,85.0,0.0,0,331.95,0.0,1,0.87,0.02,SPY200124P00303500,303.5,0,0.0,0.0,,0.0,normalDay
2020-01-21,6989.0,86.0,0.0,0,331.3,0.0,1,0.87,0.01,SPY200124P00303500,303.5,0,0.0,0.0,,0.0,normalDay
2020-01-22,6989.0,86.0,0.0,0,331.34,0.0,1,0.87,0.01,SPY200124P00303500,303.5,0,0.0,0.0,,0.0,normalDay
2020-01-23,6989.0,86.0,0.0,0,331.72,0.0,1,0.87,0.01,SPY200124P00303500,303.5,0,0.0,0.0,,0.0,normalDay
2020-01-24,7076.0,0.0,87.0,0,328.77,0.0,1,0.87,0.0,SPY200124P00303500,303.5,0,0.0,0.0,,0.0,expirationDay
2020-01-27,7076.0,-5.0,0.0,0,323.5,0.0,1,3.36,3.41,SPY200228P00314000,314.0,0,0.0,0.0,,0.0,normalDay
2020-01-28,7076.0,120.0,0.0,0,326.89,0.0,1,3.36,2.16,SPY200228P00314000,314.0,0,0.0,0.0,,0.0,normalDay
2020-01-29,7076.0,119.0,0.0,0,326.62,0.0,1,3.36,2.17,SPY200228P00314000,314.0,0,0.0,0.0,,0.0,normalDay
2020-01-30,7076.0,175.0,0.0,0,327.68,0.0,1,3.36,1.61,SPY200228P00314000,314.0,0,0.0,0.0,,0.0,normalDay
2020-01-31,7076.0,4.0,0.0,0,321.73,0.0,1,3.36,3.32,SPY200228P00314000,314.0,0,0.0,0.0,,0.0,normalDay
2020-02-03,7076.0,82.0,0.0,0,324.12,0.0,1,3.36,2.54,SPY200228P00314000,314.0,0,0.0,0.0,,0.0,normalDay
2020-02-04,7076.0,217.0,0.0,0,329.06,0.0,1,3.36,1.19,SPY200228P00314000,314.0,0,0.0,0.0,,0.0,normalDay
2020-02-05,7076.0,267.0,0.0,0,332.86,0.0,1,3.36,0.69,SPY200228P00314000,314.0,0,0.0,0.0,,0.0,normalDay
2020-02-06,7076.0,273.0,0.0,0,333.98,0.0,1,3.36,0.63,SPY200228P00314000,314.0,0,0.0,0.0,,0.0,normalDay
2020-02-07,7076.0,261.0,0.0,0,332.2,0.0,1,3.36,0.75,SPY200228P00314000,314.0,0,0.0,0.0,,0.0,normalDay
2020-02-10,7076.0,292.0,0.0,0,334.68,0.0,1,3.36,0.44,SPY200228P00314000,314.0,0,0.0,0.0,,0.0,normalDay
2020-02-11,7076.0,295.0,0.0,0,335.26,0.0,1,3.36,0.41,SPY200228P00314000,314.0,0,0.0,0.0,,0.0,normalDay
2020-02-12,7076.0,312.0,0.0,0,337.42,0.0,1,3.36,0.24,SPY200228P00314000,314.0,0,0.0,0.0,,0.0,normalDay
2020-02-13,7076.0,311.0,0.0,0,337.06,0.0,1,3.36,0.25,SPY200228P00314000,314.0,0,0.0,0.0,,0.0,normalDay
2020-02-14,7076.0,319.0,0.0,0,337.6,0.0,1,3.36,0.17,SPY200228P00314000,314.0,0,0.0,0.0,,0.0,normalDay
2020-02-18,7076.0,322.0,0.0,0,336.73,0.0,1,3.36,0.14,SPY200228P00314000,314.0,0,0.0,0.0,,0.0,normalDay
2020-02-19,7076.0,327.0,0.0,0,338.34,0.0,1,3.36,0.09,SPY200228P00314000,314.0,0,0.0,0.0,,0.0,normalDay
2020-02-20,7076.0,326.0,0.0,0,336.95,0.0,1,3.36,0.1,SPY200228P00314000,314.0,0,0.0,0.0,,0.0,normalDay
2020-02-21,7076.0,326.0,0.0,0,333.48,0.0,1,3.36,0.1,SPY200228P00314000,314.0,0,0.0,0.0,,0.0,normalDay
2020-02-24,7076.0,133.0,0.0,0,322.42,0.0,1,3.36,2.03,SPY200228P00314000,314.0,0,0.0,0.0,,0.0,normalDay
2020-02-25,7076.0,-128.0,0.0,0,312.65,0.0,1,3.36,4.64,SPY200228P00314000,314.0,0,0.0,0.0,,0.0,normalDay
2020-02-26,7076.0,-147.0,0.0,0,311.5,0.0,1,3.36,4.83,SPY200228P00314000,314.0,0,0.0,0.0,,0.0,normalDay
2020-02-27,7076.0,-1376.0,0.0,0,297.51,0.0,1,3.36,17.12,SPY200228P00314000,314.0,0,0.0,0.0,,0.0,normalDay
2020-02-28,7412.0,-1774.0,336.0,100,296.26,314.0,1,3.36,0.0,SPY200228P00314000,314.0,0,0.0,0.0,,0.0,expirationDay
2020-03-02,7412.0,-491.0,0.0,100,309.09,314.0,0,0.0,0.0,,0.0,0,0.0,0.0,,0.0,bidTooLow
2020-03-03,7412.0,-1376.0,0.0,100,300.24,314.0,0,0.0,0.0,,0.0,0,0.0,0.0,,0.0,bidTooLow
2020-03-04,7412.0,-114.0,0.0,100,312.86,314.0,0,0.0,0.0,,0.0,0,0.0,0.0,,0.0,bidTooLow
2020-03-05,7412.0,-1154.0,0.0,100,302.46,314.0,0,0.0,0.0,,0.0,0,0.0,0.0,,0.0,bidTooLow
2020-03-06,7412.0,-1654.0,0.0,100,297.46,314.0,0,0.0,0.0,,0.0,0,0.0,0.0,,0.0,bidTooLow
2020-03-09,7412.0,-3977.0,0.0,100,274.23,314.0,0,0.0,0.0,,0.0,0,0.0,0.0,,0.0,bidTooLow
2020-03-10,7412.0,-2558.0,0.0,100,288.42,314.0,0,0.0,0.0,,0.0,0,0.0,0.0,,0.0,bidTooLow
2020-03-11,7412.0,-3964.0,0.0,100,274.36,314.0,0,0.0,0.0,,0.0,0,0.0,0.0,,0.0,bidTooLow
2020-03-12,7412.0,-6589.0,0.0,100,248.11,314.0,0,0.0,0.0,,0.0,0,0.0,0.0,,0.0,bidTooLow
2020-03-13,7412.0,-4468.0,0.0,100,269.32,314.0,0,0.0,0.0,,0.0,0,0.0,0.0,,0.0,bidTooLow
2020-03-16,7412.0,-7415.0,0.0,100,239.85,314.0,0,0.0,0.0,,0.0,0,0.0,0.0,,0.0,bidTooLow
2020-03-17,7412.0,-6120.0,0.0,100,252.8,314.0,0,0.0,0.0,,0.0,0,0.0,0.0,,0.0,bidTooLow
2020-03-18,7412.0,-7400.0,0.0,100,240.0,314.0,0,0.0,0.0,,0.0,0,0.0,0.0,,0.0,bidTooLow
2020-03-19,7412.0,-7349.0,0.0,100,240.51,314.0,0,0.0,0.0,,0.0,0,0.0,0.0,,0.0,bidTooLow
2020-03-20,7412.0,-8520.0,0.0,100,228.8,314.0,0,0.0,0.0,,0.0,0,0.0,0.0,,0.0,bidTooLow
2020-03-23,7412.0,-9105.0,0.0,100,222.95,314.0,0,0.0,0.0,,0.0,0,0.0,0.0,,0.0,bidTooLow
2020-03-24,7412.0,-7085.0,0.0,100,243.15,314.0,0,0.0,0.0,,0.0,0,0.0,0.0,,0.0,bidTooLow
2020-03-25,7412.0,-6721.0,0.0,100,246.79,314.0,0,0.0,0.0,,0.0,0,0.0,0.0,,0.0,bidTooLow
2020-03-26,7412.0,-5280.0,0.0,100,261.2,314.0,0,0.0,0.0,,0.0,0,0.0,0.0,,0.0,bidTooLow
2020-03-27,7412.0,-6058.0,0.0,100,253.42,314.0,0,0.0,0.0,,0.0,0,0.0,0.0,,0.0,bidTooLow
2020-03-30,7412.0,-5235.0,0.0,100,261.65,314.0,0,0.0,0.0,,0.0,0,0.0,0.0,,0.0,bidTooLow
2020-03-31,7412.0,-5625.0,0.0,100,257.75,314.0,0,0.0,0.0,,0.0,0,0.0,0.0,,0.0,bidTooLow
2020-04-01,7412.0,-6785.0,0.0,100,246.15,314.0,0,0.0,0.0,,0.0,0,0.0,0.0,,0.0,bidTooLow
2020-04-02,7412.0,-6217.0,0.0,100,251.83,314.0,0,0.0,0.0,,0.0,0,0.0,0.0,,0.0,bidTooLow
2020-04-03,7412.0,-6581.0,0.0,100,248.19,314.0,0,0.0,0.0,,0.0,0,0.0,0.0,,0.0,bidTooLow
2020-04-06,7412.0,-4914.0,0.0,100,264.86,314.0,0,0.0,0.0,,0.0,0,0.0,0.0,,0.0,bidTooLow
2020-04-07,7412.0,-4890.0,0.0,100,265.13,314.0,0,0.0,0.0,,0.0,1,0.06,0.09,SPY200417C00304000,304.0,normalDay
2020-04-08,7412.0,-4002.0,0.0,100,274.03,314.0,0,0.0,0.0,,0.0,1,0.06,0.11,SPY200417C00304000,304.0,normalDay
2020-04-09,7412.0,-3591.0,0.0,100,278.2,314.0,0,0.0,0.0,,0.0,1,0.06,0.17,SPY200417C00304000,304.0,normalDay
2020-04-13,7412.0,-3832.0,0.0,100,275.66,314.0,0,0.0,0.0,,0.0,1,0.06,0.04,SPY200417C00304000,304.0,normalDay
2020-04-14,7412.0,-3022.0,0.0,100,283.79,314.0,0,0.0,0.0,,0.0,1,0.06,0.07,SPY200417C00304000,304.0,normalDay
2020-04-15,7412.0,-3619.0,0.0,100,277.76,314.0,0,0.0,0.0,,0.0,1,0.06,0.01,SPY200417C00304000,304.0,normalDay
2020-04-16,7412.0,-3485.0,0.0,100,279.1,314.0,0,0.0,0.0,,0.0,1,0.06,0.01,SPY200417C00304000,304.0,normalDay
2020-04-17,7418.0,-2736.0,6.0,100,286.64,314.0,0,0.0,0.0,,0.0,1,0.06,0.0,SPY200417C00304000,304.0,expirationDay
2020-04-20,7418.0,-3241.0,0.0,100,281.59,314.0,0,0.0,0.0,,0.0,0,0.0,0.0,,0.0,bidTooLow
2020-04-21,7418.0,-4096.0,0.0,100,273.04,314.0,0,0.0,0.0,,0.0,0,0.0,0.0,,0.0,bidTooLow
2020-04-22,7418.0,-3490.0,0.0,100,279.1,314.0,0,0.0,0.0,,0.0,0,0.0,0.0,,0.0,bidTooLow
2020-04-23,7418.0,-3492.0,0.0,100,279.08,314.0,0,0.0,0.0,,0.0,0,0.0,0.0,,0.0,bidTooLow
2020-04-24,7418.0,-3103.0,0.0,100,282.97,314.0,0,0.0,0.0,,0.0,0,0.0,0.0,,0.0,bidTooLow
2020-04-27,7418.0,-2695.0,0.0,100,287.05,314.0,0,0.0,0.0,,0.0,0,0.0,0.0,,0.0,bidTooLow
2020-04-28,7418.0,-2827.0,0.0,100,285.73,314.0,0,0.0,0.0,,0.0,0,0.0,0.0,,0.0,bidTooLow
2020-04-29,7418.0,-2082.0,0.0,100,293.21,314.0,0,0.0,0.0,,0.0,1,0.01,0.04,SPY200508C00325000,325.0,normalDay
2020-04-30,7418.0,-2354.0,0.0,100,290.48,314.0,0,0.0,0.0,,0.0,1,0.01,0.03,SPY200508C00325000,325.0,normalDay
2020-05-01,7418.0,-3121.0,0.0,100,282.79,314.0,0,0.0,0.0,,0.0,1,0.01,0.01,SPY200508C00325000,325.0,normalDay
2020-05-04,7418.0,-3043.0,0.0,100,283.57,314.0,0,0.0,0.0,,0.0,1,0.01,0.01,SPY200508C00325000,325.0,normalDay
2020-05-05,7418.0,-2781.0,0.0,100,286.19,314.0,0,0.0,0.0,,0.0,1,0.01,0.01,SPY200508C00325000,325.0,normalDay
2020-05-06,7418.0,-2975.0,0.0,100,284.25,314.0,0,0.0,0.0,,0.0,1,0.01,0.01,SPY200508C00325000,325.0,normalDay
2020-05-07,7418.0,-2632.0,0.0,100,287.68,314.0,0,0.0,0.0,,0.0,1,0.01,0.01,SPY200508C00325000,325.0,normalDay
2020-05-08,7419.0,-2156.0,1.0,100,292.44,314.0,0,0.0,0.0,,0.0,1,0.01,0.0,SPY200508C00325000,325.0,expirationDay
2020-05-11,7419.0,-2154.0,0.0,100,292.5,314.0,0,0.0,0.0,,0.0,1,0.33,0.37,SPY200522C00306000,306.0,normalDay
2020-05-12,7419.0,-2718.0,0.0,100,286.67,314.0,0,0.0,0.0,,0.0,1,0.33,0.18,SPY200522C00306000,306.0,normalDay
2020-05-13,7419.0,-3213.0,0.0,100,281.6,314.0,0,0.0,0.0,,0.0,1,0.33,0.06,SPY200522C00306000,306.0,normalDay
2020-05-14,7419.0,-2875.0,0.0,100,284.97,314.0,0,0.0,0.0,,0.0,1,0.33,0.05,SPY200522C00306000,306.0,normalDay
2020-05-15,7419.0,-2742.0,0.0,100,286.28,314.0,0,0.0,0.0,,0.0,1,0.33,0.03,SPY200522C00306000,306.0,normalDay
2020-05-18,7419.0,-1890.0,0.0,100,295.0,314.0,0,0.0,0.0,,0.0,1,0.33,0.23,SPY200522C00306000,306.0,normalDay
2020-05-19,7419.0,-2179.0,0.0,100,291.97,314.0,0,0.0,0.0,,0.0,1,0.33,0.09,SPY200522C00306000,306.0,normalDay
2020-05-20,7419.0,-1683.0,0.0,100,296.93,314.0,0,0.0,0.0,,0.0,1,0.33,0.09,SPY200522C00306000,306.0,normalDay
2020-05-21,7419.0,-1882.0,0.0,100,294.88,314.0,0,0.0,0.0,,0.0,1,0.33,0.03,SPY200522C00306000,306.0,normalDay
2020-05-22,7452.0,-1856.0,33.0,100,295.44,314.0,0,0.0,0.0,,0.0,1,0.33,0.0,SPY200522C00306000,306.0,expirationDay
2020-05-26,7452.0,-1496.0,0.0,100,299.08,314.0,0,0.0,0.0,,0.0,1,0.64,0.68,SPY200605C00310000,310.0,normalDay
2020-05-27,7452.0,-1121.0,0.0,100,303.53,314.0,0,0.0,0.0,,0.0,1,0.64,1.38,SPY200605C00310000,310.0,normalDay
2020-05-28,7452.0,-1173.0,0.0,100,302.97,314.0,0,0.0,0.0,,0.0,1,0.64,1.34,SPY200605C00310000,310.0,normalDay
2020-05-29,7452.0,-1045.0,0.0,100,304.32,314.0,0,0.0,0.0,,0.0,1,0.64,1.41,SPY200605C00310000,310.0,normalDay
2020-06-01,7452.0,-898.0,0.0,100,305.55,314.0,0,0.0,0.0,,0.0,1,0.64,1.17,SPY200605C00310000,310.0,normalDay
2020-06-02,7452.0,-674.0,0.0,100,308.08,314.0,0,0.0,0.0,,0.0,1,0.64,1.46,SPY200605C00310000,310.0,normalDay
2020-06-03,7452.0,-458.0,0.0,100,312.18,314.0,0,0.0,0.0,,0.0,1,0.64,3.4,SPY200605C00310000,310.0,normalDay
2020-06-04,7452.0,-435.0,0.0,100,311.36,314.0,0,0.0,0.0,,0.0,1,0.64,2.35,SPY200605C00310000,310.0,normalDay
2020-06-05,7116.0,-435.0,-336.0,0,319.34,0.0,0,0.0,0.0,,0.0,1,0.64,0.0,SPY200605C00310000,310.0,expirationDay
2020-06-08,7116.0,-3.0,0.0,0,323.2,0.0,1,0.53,0.56,SPY200710P00260000,260.0,0,0.0,0.0,,0.0,normalDay
2020-06-09,7116.0,-13.0,0.0,0,320.79,0.0,1,0.53,0.66,SPY200710P00260000,260.0,0,0.0,0.0,,0.0,normalDay
2020-06-10,7116.0,-18.0,0.0,0,319.0,0.0,1,0.53,0.71,SPY200710P00260000,260.0,0,0.0,0.0,,0.0,normalDay
2020-06-11,7116.0,-249.0,0.0,0,300.61,0.0,1,0.53,3.02,SPY200710P00260000,260.0,0,0.0,0.0,,0.0,normalDay
2020-06-12,7116.0,-141.0,0.0,0,304.21,0.0,1,0.53,1.94,SPY200710P00260000,260.0,0,0.0,0.0,,0.0,normalDay
2020-06-15,7116.0,-80.0,0.0,0,307.05,0.0,1,0.53,1.33,SPY200710P00260000,260.0,0,0.0,0.0,,0.0,normalDay
2020-06-16,7116.0,-47.0,0.0,0,312.96,0.0,1,0.53,1.0,SPY200710P00260000,260.0,0,0.0,0.0,,0.0,normalDay
2020-06-17,7116.0,-39.0,0.0,0,311.66,0.0,1,0.53,0.92,SPY200710P00260000,260.0,0,0.0,0.0,,0.0,normalDay
2020-06-18,7116.0,-21.0,0.0,0,311.78,0.0,1,0.53,0.74,SPY200710P00260000,260.0,0,0.0,0.0,,0.0,normalDay
2020-06-19,7116.0,-35.0,0.0,0,308.64,0.0,1,0.53,0.88,SPY200710P00260000,260.0,0,0.0,0.0,,0.0,normalDay
2020-06-22,7116.0,5.0,0.0,0,310.62,0.0,1,0.53,0.48,SPY200710P00260000,260.0,0,0.0,0.0,,0.0,normalDay
2020-06-23,7116.0,13.0,0.0,0,312.05,0.0,1,0.53,0.4,SPY200710P00260000,260.0,0,0.0,0.0,,0.0,normalDay
2020-06-24,7116.0,0.0,0.0,0,304.09,0.0,1,0.53,0.53,SPY200710P00260000,260.0,0,0.0,0.0,,0.0,normalDay
2020-06-25,7116.0,19.0,0.0,0,307.35,0.0,1,0.53,0.34,SPY200710P00260000,260.0,0,0.0,0.0,,0.0,normalDay
2020-06-26,7116.0,2.0,0.0,0,300.05,0.0,1,0.53,0.51,SPY200710P00260000,260.0,0,0.0,0.0,,0.0,normalDay
2020-06-29,7116.0,27.0,0.0,0,304.46,0.0,1,0.53,0.26,SPY200710P00260000,260.0,0,0.0,0.0,,0.0,normalDay
2020-06-30,7116.0,33.0,0.0,0,308.36,0.0,1,0.53,0.2,SPY200710P00260000,260.0,0,0.0,0.0,,0.0,normalDay
2020-07-01,7116.0,42.0,0.0,0,310.52,0.0,1,0.53,0.11,SPY200710P00260000,260.0,0,0.0,0.0,,0.0,normalDay
2020-07-02,7116.0,46.0,0.0,0,312.23,0.0,1,0.53,0.07,SPY200710P00260000,260.0,0,0.0,0.0,,0.0,normalDay
2020-07-06,7116.0,51.0,0.0,0,317.05,0.0,1,0.53,0.02,SPY200710P00260000,260.0,0,0.0,0.0,,0.0,normalDay
2020-07-07,7116.0,52.0,0.0,0,313.78,0.0,1,0.53,0.01,SPY200710P00260000,260.0,0,0.0,0.0,,0.0,normalDay
2020-07-08,7116.0,52.0,0.0,0,316.18,0.0,1,0.53,0.01,SPY200710P00260000,260.0,0,0.0,0.0,,0.0,normalDay
2020-07-09,7116.0,52.0,0.0,0,314.38,0.0,1,0.53,0.01,SPY200710P00260000,260.0,0,0.0,0.0,,0.0,normalDay
2020-07-10,7169.0,0.0,53.0,0,317.59,0.0,1,0.53,0.0,SPY200710P00260000,260.0,0,0.0,0.0,,0.0,expirationDay
2020-07-13,7169.0,-7.0,0.0,0,314.84,0.0,1,4.7,4.77,SPY200814P00295000,295.0,0,0.0,0.0,,0.0,normalDay
2020-07-14,7169.0,127.0,0.0,0,318.92,0.0,1,4.7,3.43,SPY200814P00295000,295.0,0,0.0,0.0,,0.0,normalDay
2020-07-15,7169.0,214.0,0.0,0,321.85,0.0,1,4.7,2.56,SPY200814P00295000,295.0,0,0.0,0.0,,0.0,normalDay
2020-07-16,7169.0,198.0,0.0,0,320.79,0.0,1,4.7,2.72,SPY200814P00295000,295.0,0,0.0,0.0,,0.0,normalDay
2020-07-17,7169.0,283.0,0.0,0,321.72,0.0,1,4.7,1.87,SPY200814P00295000,295.0,0,0.0,0.0,,0.0,normalDay
2020-07-20,7169.0,335.0,0.0,0,324.32,0.0,1,4.7,1.35,SPY200814P00295000,295.0,0,0.0,0.0,,0.0,normalDay
2020-07-21,7169.0,339.0,0.0,0,325.01,0.0,1,4.7,1.31,SPY200814P00295000,295.0,0,0.0,0.0,,0.0,normalDay
2020-07-22,7169.0,361.0,0.0,0,326.86,0.0,1,4.7,1.09,SPY200814P00295000,295.0,0,0.0,0.0,,0.0,normalDay
2020-07-23,7169.0,317.0,0.0,0,322.96,0.0,1,4.7,1.53,SPY200814P00295000,295.0,0,0.0,0.0,,0.0,normalDay
2020-07-24,7169.0,336.0,0.0,0,320.88,0.0,1,4.7,1.34,SPY200814P00295000,295.0,0,0.0,0.0,,0.0,normalDay
2020-07-27,7169.0,384.0,0.0,0,323.22,0.0,1,4.7,0.86,SPY200814P00295000,295.0,0,0.0,0.0,,0.0,normalDay
2020-07-28,7169.0,372.0,0.0,0,321.17,0.0,1,4.7,0.98,SPY200814P00295000,295.0,0,0.0,0.0,,0.0,normalDay
2020-07-29,7169.0,411.0,0.0,0,325.12,0.0,1,4.7,0.59,SPY200814P00295000,295.0,0,0.0,0.0,,0.0,normalDay
2020-07-30,7169.0,406.0,0.0,0,323.96,0.0,1,4.7,0.64,SPY200814P00295000,295.0,0,0.0,0.0,,0.0,normalDay
2020-07-31,7169.0,434.0,0.0,0,326.52,0.0,1,4.7,0.36,SPY200814P00295000,295.0,0,0.0,0.0,,0.0,normalDay
2020-08-03,7169.0,447.0,0.0,0,328.79,0.0,1,4.7,0.23,SPY200814P00295000,295.0,0,0.0,0.0,,0.0,normalDay
2020-08-04,7169.0,452.0,0.0,0,330.06,0.0,1,4.7,0.18,SPY200814P00295000,295.0,0,0.0,0.0,,0.0,normalDay
2020-08-05,7169.0,458.0,0.0,0,332.11,0.0,1,4.7,0.12,SPY200814P00295000,295.0,0,0.0,0.0,,0.0,normalDay
2020-08-06,7169.0,459.0,0.0,0,334.33,0.0,1,4.7,0.11,SPY200814P00295000,295.0,0,0.0,0.0,,0.0,normalDay
2020-08-07,7169.0,464.0,0.0,0,334.57,0.0,1,4.7,0.06,SPY200814P00295000,295.0,0,0.0,0.0,,0.0,normalDay
2020-08-10,7169.0,467.0,0.0,0,335.57,0.0,1,4.7,0.03,SPY200814P00295000,295.0,0,0.0,0.0,,0.0,normalDay
2020-08-11,7169.0,466.0,0.0,0,332.8,0.0,1,4.7,0.04,SPY200814P00295000,295.0,0,0.0,0.0,,0.0,normalDay
2020-08-12,7169.0,468.0,0.0,0,337.44,0.0,1,4.7,0.02,SPY200814P00295000,295.0,0,0.0,0.0,,0.0,normalDay
2020-08-13,7169.0,469.0,0.0,0,336.83,0.0,1,4.7,0.01,SPY200814P00295000,295.0,0,0.0,0.0,,0.0,normalDay
2020-08-14,7639.0,0.0,470.0,0,336.84,0.0,1,4.7,0.0,SPY200814P00295000,295.0,0,0.0,0.0,,0.0,expirationDay
2020-08-17,7639.0,-3.0,0.0,0,337.91,0.0,1,1.94,1.97,SPY200918P00310000,310.0,0,0.0,0.0,,0.0,normalDay
2020-08-18,7639.0,11.0,0.0,0,338.64,0.0,1,1.94,1.83,SPY200918P00310000,310.0,0,0.0,0.0,,0.0,normalDay
2020-08-19,7639.0,-7.0,0.0,0,337.23,0.0,1,1.94,2.01,SPY200918P00310000,310.0,0,0.0,0.0,,0.0,normalDay
2020-08-20,7639.0,8.0,0.0,0,338.28,0.0,1,1.94,1.86,SPY200918P00310000,310.0,0,0.0,0.0,,0.0,normalDay
2020-08-21,7639.0,34.0,0.0,0,339.48,0.0,1,1.94,1.6,SPY200918P00310000,310.0,0,0.0,0.0,,0.0,normalDay
2020-08-24,7639.0,74.0,0.0,0,342.92,0.0,1,1.94,1.2,SPY200918P00310000,310.0,0,0.0,0.0,,0.0,normalDay
2020-08-25,7639.0,92.0,0.0,0,344.12,0.0,1,1.94,1.02,SPY200918P00310000,310.0,0,0.0,0.0,,0.0,normalDay
2020-08-26,7639.0,99.0,0.0,0,347.57,0.0,1,1.94,0.95,SPY200918P00310000,310.0,0,0.0,0.0,,0.0,normalDay
2020-08-27,7639.0,99.0,0.0,0,348.33,0.0,1,1.94,0.95,SPY200918P00310000,310.0,0,0.0,0.0,,0.0,normalDay
2020-08-28,7639.0,127.0,0.0,0,350.58,0.0,1,1.94,0.67,SPY200918P00310000,310.0,0,0.0,0.0,,0.0,normalDay
2020-08-31,7639.0,110.0,0.0,0,349.31,0.0,1,1.94,0.84,SPY200918P00310000,310.0,0,0.0,0.0,,0.0,normalDay
2020-09-01,7639.0,131.0,0.0,0,352.6,0.0,1,1.94,0.63,SPY200918P00310000,310.0,0,0.0,0.0,,0.0,normalDay
2020-09-02,7639.0,146.0,0.0,0,357.7,0.0,1,1.94,0.48,SPY200918P00310000,310.0,0,0.0,0.0,,0.0,normalDay
2020-09-03,7639.0,63.0,0.0,0,345.39,0.0,1,1.94,1.31,SPY200918P00310000,310.0,0,0.0,0.0,,0.0,normalDay
2020-09-04,7639.0,60.0,0.0,0,342.57,0.0,1,1.94,1.34,SPY200918P00310000,310.0,0,0.0,0.0,,0.0,normalDay
2020-09-08,7639.0,46.0,0.0,0,333.21,0.0,1,1.94,1.48,SPY200918P00310000,310.0,0,0.0,0.0,,0.0,normalDay
2020-09-09,7639.0,126.0,0.0,0,339.79,0.0,1,1.94,0.68,SPY200918P00310000,310.0,0,0.0,0.0,,0.0,normalDay
2020-09-10,7639.0,105.0,0.0,0,333.89,0.0,1,1.94,0.89,SPY200918P00310000,310.0,0,0.0,0.0,,0.0,normalDay
2020-09-11,7639.0,154.0,0.0,0,334.06,0.0,1,1.94,0.4,SPY200918P00310000,310.0,0,0.0,0.0,,0.0,normalDay
2020-09-14,7639.0,183.0,0.0,0,338.46,0.0,1,1.94,0.11,SPY200918P00310000,310.0,0,0.0,0.0,,0.0,normalDay
2020-09-15,7639.0,188.0,0.0,0,340.17,0.0,1,1.94,0.06,SPY200918P00310000,310.0,0,0.0,0.0,,0.0,normalDay
2020-09-16,7639.0,187.0,0.0,0,338.82,0.0,1,1.94,0.07,SPY200918P00310000,310.0,0,0.0,0.0,,0.0,normalDay
2020-09-17,7639.0,187.0,0.0,0,335.84,0.0,1,1.94,0.07,SPY200918P00310000,310.0,0,0.0,0.0,,0.0,normalDay
2020-09-18,7833.0,0.0,194.0,0,330.65,0.0,1,1.94,0.0,SPY200918P00310000,310.0,0,0.0,0.0,,0.0,expirationDay
2020-09-21,7833.0,-8.0,0.0,0,326.97,0.0,1,5.18,5.26,SPY201023P00315000,315.0,0,0.0,0.0,,0.0,normalDay
2020-09-22,7833.0,80.0,0.0,0,330.3,0.0,1,5.18,4.38,SPY201023P00315000,315.0,0,0.0,0.0,,0.0,normalDay
2020-09-23,7833.0,-141.0,0.0,0,322.64,0.0,1,5.18,6.59,SPY201023P00315000,315.0,0,0.0,0.0,,0.0,normalDay
2020-09-24,7833.0,-79.0,0.0,0,323.5,0.0,1,5.18,5.97,SPY201023P00315000,315.0,0,0.0,0.0,,0.0,normalDay
2020-09-25,7833.0,106.0,0.0,0,328.73,0.0,1,5.18,4.12,SPY201023P00315000,315.0,0,0.0,0.0,,0.0,normalDay
2020-09-28,7833.0,242.0,0.0,0,334.19,0.0,1,5.18,2.76,SPY201023P00315000,315.0,0,0.0,0.0,,0.0,normalDay
2020-09-29,7833.0,224.0,0.0,0,332.37,0.0,1,5.18,2.94,SPY201023P00315000,315.0,0,0.0,0.0,,0.0,normalDay
2020-09-30,7833.0,243.0,0.0,0,334.89,0.0,1,5.18,2.75,SPY201023P00315000,315.0,0,0.0,0.0,,0.0,normalDay
2020-10-01,7833.0,299.0,0.0,0,337.04,0.0,1,5.18,2.19,SPY201023P00315000,315.0,0,0.0,0.0,,0.0,normalDay
2020-10-02,7833.0,268.0,0.0,0,333.84,0.0,1,5.18,2.5,SPY201023P00315000,315.0,0,0.0,0.0,,0.0,normalDay
2020-10-05,7833.0,387.0,0.0,0,339.76,0.0,1,5.18,1.31,SPY201023P00315000,315.0,0,0.0,0.0,,0.0,normalDay
2020-10-06,7833.0,331.0,0.0,0,334.93,0.0,1,5.18,1.87,SPY201023P00315000,315.0,0,0.0,0.0,,0.0,normalDay
2020-10-07,7833.0,427.0,0.0,0,340.76,0.0,1,5.18,0.91,SPY201023P00315000,315.0,0,0.0,0.0,,0.0,normalDay
2020-10-08,7833.0,465.0,0.0,0,343.78,0.0,1,5.18,0.53,SPY201023P00315000,315.0,0,0.0,0.0,,0.0,normalDay
2020-10-09,7833.0,489.0,0.0,0,346.85,0.0,1,5.18,0.29,SPY201023P00315000,315.0,0,0.0,0.0,,0.0,normalDay
2020-10-12,7833.0,500.0,0.0,0,352.43,0.0,1,5.18,0.18,SPY201023P00315000,315.0,0,0.0,0.0,,0.0,normalDay
2020-10-13,7833.0,501.0,0.0,0,350.13,0.0,1,5.18,0.17,SPY201023P00315000,315.0,0,0.0,0.0,,0.0,normalDay
2020-10-14,7833.0,504.0,0.0,0,347.93,0.0,1,5.18,0.14,SPY201023P00315000,315.0,0,0.0,0.0,,0.0,normalDay
2020-10-15,7833.0,507.0,0.0,0,347.5,0.0,1,5.18,0.11,SPY201023P00315000,315.0,0,0.0,0.0,,0.0,normalDay
2020-10-16,7833.0,511.0,0.0,0,347.29,0.0,1,5.18,0.07,SPY201023P00315000,315.0,0,0.0,0.0,,0.0,normalDay
2020-10-19,7833.0,511.0,0.0,0,342.01,0.0,1,5.18,0.07,SPY201023P00315000,315.0,0,0.0,0.0,,0.0,normalDay
2020-10-20,7833.0,515.0,0.0,0,343.38,0.0,1,5.18,0.03,SPY201023P00315000,315.0,0,0.0,0.0,,0.0,normalDay
2020-10-21,7833.0,516.0,0.0,0,342.73,0.0,1,5.18,0.02,SPY201023P00315000,315.0,0,0.0,0.0,,0.0,normalDay
2020-10-22,7833.0,517.0,0.0,0,344.61,0.0,1,5.18,0.01,SPY201023P00315000,315.0,0,0.0,0.0,,0.0,normalDay
2020-10-23,8351.0,0.0,518.0,0,345.78,0.0,1,5.18,0.0,SPY201023P00315000,315.0,0,0.0,0.0,,0.0,expirationDay
2020-10-26,8351.0,-7.0,0.0,0,339.39,0.0,1,6.08,6.15,SPY201127P00322500,322.5,0,0.0,0.0,,0.0,normalDay
2020-10-27,8351.0,-34.0,0.0,0,338.22,0.0,1,6.08,6.42,SPY201127P00322500,322.5,0,0.0,0.0,,0.0,normalDay
2020-10-28,8351.0,-573.0,0.0,0,326.66,0.0,1,6.08,11.81,SPY201127P00322500,322.5,0,0.0,0.0,,0.0,normalDay
2020-10-29,8351.0,-309.0,0.0,0,329.98,0.0,1,6.08,9.17,SPY201127P00322500,322.5,0,0.0,0.0,,0.0,normalDay
2020-10-30,8351.0,-423.0,0.0,0,326.54,0.0,1,6.08,10.31,SPY201127P00322500,322.5,0,0.0,0.0,,0.0,normalDay
2020-11-02,8351.0,-223.0,0.0,0,330.2,0.0,1,6.08,8.31,SPY201127P00322500,322.5,0,0.0,0.0,,0.0,normalDay
2020-11-03,8351.0,-35.0,0.0,0,336.03,0.0,1,6.08,6.43,SPY201127P00322500,322.5,0,0.0,0.0,,0.0,normalDay
2020-11-04,8351.0,281.0,0.0,0,343.54,0.0,1,6.08,3.27,SPY201127P00322500,322.5,0,0.0,0.0,,0.0,normalDay
2020-11-05,8351.0,400.0,0.0,0,350.24,0.0,1,6.08,2.08,SPY201127P00322500,322.5,0,0.0,0.0,,0.0,normalDay
2020-11-06,8351.0,464.0,0.0,0,350.16,0.0,1,6.08,1.44,SPY201127P00322500,322.5,0,0.0,0.0,,0.0,normalDay
2020-11-09,8351.0,512.0,0.0,0,354.56,0.0,1,6.08,0.96,SPY201127P00322500,322.5,0,0.0,0.0,,0.0,normalDay
2020-11-10,8351.0,526.0,0.0,0,354.04,0.0,1,6.08,0.82,SPY201127P00322500,322.5,0,0.0,0.0,,0.0,normalDay
2020-11-11,8351.0,554.0,0.0,0,356.67,0.0,1,6.08,0.54,SPY201127P00322500,322.5,0,0.0,0.0,,0.0,normalDay
2020-11-12,8351.0,532.0,0.0,0,353.21,0.0,1,6.08,0.76,SPY201127P00322500,322.5,0,0.0,0.0,,0.0,normalDay
2020-11-13,8351.0,568.0,0.0,0,358.1,0.0,1,6.08,0.4,SPY201127P00322500,322.5,0,0.0,0.0,,0.0,normalDay
2020-11-16,8351.0,590.0,0.0,0,362.57,0.0,1,6.08,0.18,SPY201127P00322500,322.5,0,0.0,0.0,,0.0,normalDay
2020-11-17,8351.0,595.0,0.0,0,360.62,0.0,1,6.08,0.13,SPY201127P00322500,322.5,0,0.0,0.0,,0.0,normalDay
2020-11-18,8351.0,593.0,0.0,0,356.28,0.0,1,6.08,0.15,SPY201127P00322500,322.5,0,0.0,0.0,,0.0,normalDay
2020-11-19,8351.0,595.0,0.0,0,357.78,0.0,1,6.08,0.13,SPY201127P00322500,322.5,0,0.0,0.0,,0.0,normalDay
2020-11-20,8351.0,601.0,0.0,0,355.33,0.0,1,6.08,0.07,SPY201127P00322500,322.5,0,0.0,0.0,,0.0,normalDay
2020-11-23,8351.0,605.0,0.0,0,357.46,0.0,1,6.08,0.03,SPY201127P00322500,322.5,0,0.0,0.0,,0.0,normalDay
2020-11-24,8351.0,606.0,0.0,0,363.22,0.0,1,6.08,0.02,SPY201127P00322500,322.5,0,0.0,0.0,,0.0,normalDay
2020-11-25,8351.0,607.0,0.0,0,362.66,0.0,1,6.08,0.01,SPY201127P00322500,322.5,0,0.0,0.0,,0.0,normalDay
2020-11-27,8959.0,0.0,608.0,0,363.67,0.0,1,6.08,0.0,SPY201127P00322500,322.5,0,0.0,0.0,,0.0,expirationDay
2020-11-30,8959.0,-4.0,0.0,0,362.06,0.0,1,1.03,1.07,SPY201231P00324000,324.0,0,0.0,0.0,,0.0,normalDay
2020-12-01,8959.0,8.0,0.0,0,366.02,0.0,1,1.03,0.95,SPY201231P00324000,324.0,0,0.0,0.0,,0.0,normalDay
2020-12-02,8959.0,13.0,0.0,0,366.79,0.0,1,1.03,0.9,SPY201231P00324000,324.0,0,0.0,0.0,,0.0,normalDay
2020-12-03,8959.0,12.0,0.0,0,366.69,0.0,1,1.03,0.91,SPY201231P00324000,324.0,0,0.0,0.0,,0.0,normalDay
2020-12-04,8959.0,37.0,0.0,0,369.85,0.0,1,1.03,0.66,SPY201231P00324000,324.0,0,0.0,0.0,,0.0,normalDay
2020-12-07,8959.0,45.0,0.0,0,369.09,0.0,1,1.03,0.58,SPY201231P00324000,324.0,0,0.0,0.0,,0.0,normalDay
2020-12-08,8959.0,58.0,0.0,0,370.17,0.0,1,1.03,0.45,SPY201231P00324000,324.0,0,0.0,0.0,,0.0,normalDay
2020-12-09,8959.0,42.0,0.0,0,366.85,0.0,1,1.03,0.61,SPY201231P00324000,324.0,0,0.0,0.0,,0.0,normalDay
2020-12-10,8959.0,44.0,0.0,0,366.73,0.0,1,1.03,0.59,SPY201231P00324000,324.0,0,0.0,0.0,,0.0,normalDay
2020-12-11,8959.0,42.0,0.0,0,366.3,0.0,1,1.03,0.61,SPY201231P00324000,324.0,0,0.0,0.0,,0.0,normalDay
2020-12-14,8959.0,33.0,0.0,0,364.66,0.0,1,1.03,0.7,SPY201231P00324000,324.0,0,0.0,0.0,,0.0,normalDay
2020-12-15,8959.0,60.0,0.0,0,369.59,0.0,1,1.03,0.43,SPY201231P00324000,324.0,0,0.0,0.0,,0.0,normalDay
2020-12-16,8959.0,69.0,0.0,0,370.17,0.0,1,1.03,0.34,SPY201231P00324000,324.0,0,0.0,0.0,,0.0,normalDay
2020-12-17,8959.0,75.0,0.0,0,372.24,0.0,1,1.03,0.28,SPY201231P00324000,324.0,0,0.0,0.0,,0.0,normalDay
2020-12-18,8959.0,85.0,0.0,0,369.18,0.0,1,1.03,0.18,SPY201231P00324000,324.0,0,0.0,0.0,,0.0,normalDay
2020-12-21,8959.0,81.0,0.0,0,367.86,0.0,1,1.03,0.22,SPY201231P00324000,324.0,0,0.0,0.0,,0.0,normalDay
2020-12-22,8959.0,87.0,0.0,0,367.24,0.0,1,1.03,0.16,SPY201231P00324000,324.0,0,0.0,0.0,,0.0,normalDay
2020-12-23,8959.0,92.0,0.0,0,367.57,0.0,1,1.03,0.11,SPY201231P00324000,324.0,0,0.0,0.0,,0.0,normalDay
2020-12-24,8959.0,99.0,0.0,0,369.0,0.0,1,1.03,0.04,SPY201231P00324000,324.0,0,0.0,0.0,,0.0,normalDay
2020-12-28,8959.0,101.0,0.0,0,372.17,0.0,1,1.03,0.02,SPY201231P00324000,324.0,0,0.0,0.0,,0.0,normalDay
2020-12-29,8959.0,102.0,0.0,0,371.46,0.0,1,1.03,0.01,SPY201231P00324000,324.0,0,0.0,0.0,,0.0,normalDay
2020-12-30,8959.0,102.0,0.0,0,371.99,0.0,1,1.03,0.01,SPY201231P00324000,324.0,0,0.0,0.0,,0.0,normalDay
2020-12-31,9062.0,0.0,103.0,0,373.88,0.0,1,1.03,0.0,SPY201231P00324000,324.0,0,0.0,0.0,,0.0,expirationDay
2021-01-04,9062.0,-7.0,0.0,0,368.79,0.0,1,6.63,6.7,SPY210205P00361000,361.0,0,0.0,0.0,,0.0,normalDay
2021-01-05,9062.0,104.0,0.0,0,371.33,0.0,1,6.63,5.59,SPY210205P00361000,361.0,0,0.0,0.0,,0.0,normalDay
2021-01-06,9062.0,153.0,0.0,0,373.55,0.0,1,6.63,5.1,SPY210205P00361000,361.0,0,0.0,0.0,,0.0,normalDay
2021-01-07,9062.0,342.0,0.0,0,379.1,0.0,1,6.63,3.21,SPY210205P00361000,361.0,0,0.0,0.0,,0.0,normalDay
2021-01-08,9062.0,396.0,0.0,0,381.26,0.0,1,6.63,2.67,SPY210205P00361000,361.0,0,0.0,0.0,,0.0,normalDay
2021-01-11,9062.0,332.0,0.0,0,378.69,0.0,1,6.63,3.31,SPY210205P00361000,361.0,0,0.0,0.0,,0.0,normalDay
2021-01-12,9062.0,359.0,0.0,0,378.77,0.0,1,6.63,3.04,SPY210205P00361000,361.0,0,0.0,0.0,,0.0,normalDay
2021-01-13,9062.0,416.0,0.0,0,379.79,0.0,1,6.63,2.47,SPY210205P00361000,361.0,0,0.0,0.0,,0.0,normalDay
2021-01-14,9062.0,383.0,0.0,0,378.46,0.0,1,6.63,2.8,SPY210205P00361000,361.0,0,0.0,0.0,,0.0,normalDay
2021-01-15,9062.0,320.0,0.0,0,375.7,0.0,1,6.63,3.43,SPY210205P00361000,361.0,0,0.0,0.0,,0.0,normalDay
2021-01-19,9062.0,444.0,0.0,0,378.65,0.0,1,6.63,2.19,SPY210205P00361000,361.0,0,0.0,0.0,,0.0,normalDay
2021-01-20,9062.0,539.0,0.0,0,383.89,0.0,1,6.63,1.24,SPY210205P00361000,361.0,0,0.0,0.0,,0.0,normalDay
2021-01-21,9062.0,559.0,0.0,0,384.24,0.0,1,6.63,1.04,SPY210205P00361000,361.0,0,0.0,0.0,,0.0,normalDay
2021-01-22,9062.0,563.0,0.0,0,382.88,0.0,1,6.63,1.0,SPY210205P00361000,361.0,0,0.0,0.0,,0.0,normalDay
2021-01-25,9062.0,583.0,0.0,0,384.39,0.0,1,6.63,0.8,SPY210205P00361000,361.0,0,0.0,0.0,,0.0,normalDay
2021-01-26,9062.0,596.0,0.0,0,383.79,0.0,1,6.63,0.67,SPY210205P00361000,361.0,0,0.0,0.0,,0.0,normalDay
2021-01-27,9062.0,318.0,0.0,0,374.41,0.0,1,6.63,3.45,SPY210205P00361000,361.0,0,0.0,0.0,,0.0,normalDay
2021-01-28,9062.0,484.0,0.0,0,377.63,0.0,1,6.63,1.79,SPY210205P00361000,361.0,0,0.0,0.0,,0.0,normalDay
2021-01-29,9062.0,295.0,0.0,0,370.07,0.0,1,6.63,3.68,SPY210205P00361000,361.0,0,0.0,0.0,,0.0,normalDay
2021-02-01,9062.0,570.0,0.0,0,376.23,0.0,1,6.63,0.93,SPY210205P00361000,361.0,0,0.0,0.0,,0.0,normalDay
2021-02-02,9062.0,648.0,0.0,0,381.55,0.0,1,6.63,0.15,SPY210205P00361000,361.0,0,0.0,0.0,,0.0,normalDay
2021-02-03,9062.0,658.0,0.0,0,381.85,0.0,1,6.63,0.05,SPY210205P00361000,361.0,0,0.0,0.0,,0.0,normalDay
2021-02-04,9062.0,661.0,0.0,0,386.19,0.0,1,6.63,0.02,SPY210205P00361000,361.0,0,0.0,0.0,,0.0,normalDay
2021-02-05,9725.0,0.0,663.0,0,387.71,0.0,1,6.63,0.0,SPY210205P00361000,361.0,0,0.0,0.0,,0.0,expirationDay
2021-02-08,9725.0,-4.0,0.0,0,390.51,0.0,1,2.49,2.53,SPY210312P00364000,364.0,0,0.0,0.0,,0.0,normalDay
2021-02-09,9725.0,2.0,0.0,0,390.25,0.0,1,2.49,2.47,SPY210312P00364000,364.0,0,0.0,0.0,,0.0,normalDay
2021-02-10,9725.0,-2.0,0.0,0,390.08,0.0,1,2.49,2.51,SPY210312P00364000,364.0,0,0.0,0.0,,0.0,normalDay
2021-02-11,9725.0,24.0,0.0,0,390.71,0.0,1,2.49,2.25,SPY210312P00364000,364.0,0,0.0,0.0,,0.0,normalDay
2021-02-12,9725.0,79.0,0.0,0,392.64,0.0,1,2.49,1.7,SPY210312P00364000,364.0,0,0.0,0.0,,0.0,normalDay
2021-02-16,9725.0,81.0,0.0,0,392.3,0.0,1,2.49,1.68,SPY210312P00364000,364.0,0,0.0,0.0,,0.0,normalDay
2021-02-17,9725.0,96.0,0.0,0,392.39,0.0,1,2.49,1.53,SPY210312P00364000,364.0,0,0.0,0.0,,0.0,normalDay
2021-02-18,9725.0,76.0,0.0,0,390.72,0.0,1,2.49,1.73,SPY210312P00364000,364.0,0,0.0,0.0,,0.0,normalDay
2021-02-19,9725.0,89.0,0.0,0,390.03,0.0,1,2.49,1.6,SPY210312P00364000,364.0,0,0.0,0.0,,0.0,normalDay
2021-02-22,9725.0,71.0,0.0,0,387.03,0.0,1,2.49,1.78,SPY210312P00364000,364.0,0,0.0,0.0,,0.0,normalDay
2021-02-23,9725.0,90.0,0.0,0,387.5,0.0,1,2.49,1.59,SPY210312P00364000,364.0,0,0.0,0.0,,0.0,normalDay
2021-02-24,9725.0,156.0,0.0,0,391.77,0.0,1,2.49,0.93,SPY210312P00364000,364.0,0,0.0,0.0,,0.0,normalDay
2021-02-25,9725.0,-55.0,0.0,0,382.33,0.0,1,2.49,3.04,SPY210312P00364000,364.0,0,0.0,0.0,,0.0,normalDay
2021-02-26,9725.0,-44.0,0.0,0,380.36,0.0,1,2.49,2.93,SPY210312P00364000,364.0,0,0.0,0.0,,0.0,normalDay
2021-03-01,9725.0,156.0,0.0,0,389.58,0.0,1,2.49,0.93,SPY210312P00364000,364.0,0,0.0,0.0,,0.0,normalDay
2021-03-02,9725.0,142.0,0.0,0,386.54,0.0,1,2.49,1.07,SPY210312P00364000,364.0,0,0.0,0.0,,0.0,normalDay
2021-03-03,9725.0,89.0,0.0,0,381.42,0.0,1,2.49,1.6,SPY210312P00364000,364.0,0,0.0,0.0,,0.0,normalDay
2021-03-04,9725.0,8.0,0.0,0,376.7,0.0,1,2.49,2.41,SPY210312P00364000,364.0,0,0.0,0.0,,0.0,normalDay
2021-03-05,9725.0,173.0,0.0,0,383.63,0.0,1,2.49,0.76,SPY210312P00364000,364.0,0,0.0,0.0,,0.0,normalDay
2021-03-08,9725.0,190.0,0.0,0,381.72,0.0,1,2.49,0.59,SPY210312P00364000,364.0,0,0.0,0.0,,0.0,normalDay
2021-03-09,9725.0,234.0,0.0,0,387.17,0.0,1,2.49,0.15,SPY210312P00364000,364.0,0,0.0,0.0,,0.0,normalDay
2021-03-10,9725.0,246.0,0.0,0,389.58,0.0,1,2.49,0.03,SPY210312P00364000,364.0,0,0.0,0.0,,0.0,normalDay
2021-03-11,9725.0,247.0,0.0,0,393.53,0.0,1,2.49,0.02,SPY210312P00364000,364.0,0,0.0,0.0,,0.0,normalDay
2021-03-12,9974.0,0.0,249.0,0,394.06,0.0,1,2.49,0.0,SPY210312P00364000,364.0,0,0.0,0.0,,0.0,expirationDay
2021-03-15,9974.0,-3.0,0.0,0,396.41,0.0,1,2.19,2.22,SPY210416P00370000,370.0,0,0.0,0.0,,0.0,normalDay
2021-03-16,9974.0,-3.0,0.0,0,395.91,0.0,1,2.19,2.22,SPY210416P00370000,370.0,0,0.0,0.0,,0.0,normalDay
2021-03-17,9974.0,34.0,0.0,0,397.26,0.0,1,2.19,1.85,SPY210416P00370000,370.0,0,0.0,0.0,,0.0,normalDay
2021-03-18,9974.0,-44.0,0.0,0,391.48,0.0,1,2.19,2.63,SPY210416P00370000,370.0,0,0.0,0.0,,0.0,normalDay
2021-03-19,9974.0,-49.0,0.0,0,389.48,0.0,1,2.19,2.68,SPY210416P00370000,370.0,0,0.0,0.0,,0.0,normalDay
2021-03-22,9974.0,58.0,0.0,0,392.59,0.0,1,2.19,1.61,SPY210416P00370000,370.0,0,0.0,0.0,,0.0,normalDay
2021-03-23,9974.0,4.0,0.0,0,389.5,0.0,1,2.19,2.15,SPY210416P00370000,370.0,0,0.0,0.0,,0.0,normalDay
2021-03-24,9974.0,-24.0,0.0,0,387.52,0.0,1,2.19,2.43,SPY210416P00370000,370.0,0,0.0,0.0,,0.0,normalDay
2021-03-25,9974.0,39.0,0.0,0,389.7,0.0,1,2.19,1.8,SPY210416P00370000,370.0,0,0.0,0.0,,0.0,normalDay
2021-03-26,9974.0,104.0,0.0,0,395.98,0.0,1,2.19,1.15,SPY210416P00370000,370.0,0,0.0,0.0,,0.0,normalDay
2021-03-29,9974.0,95.0,0.0,0,395.78,0.0,1,2.19,1.24,SPY210416P00370000,370.0,0,0.0,0.0,,0.0,normalDay
2021-03-30,9974.0,116.0,0.0,0,394.73,0.0,1,2.19,1.03,SPY210416P00370000,370.0,0,0.0,0.0,,0.0,normalDay
2021-03-31,9974.0,145.0,0.0,0,396.33,0.0,1,2.19,0.74,SPY210416P00370000,370.0,0,0.0,0.0,,0.0,normalDay
2021-04-01,9974.0,184.0,0.0,0,400.61,0.0,1,2.19,0.35,SPY210416P00370000,370.0,0,0.0,0.0,,0.0,normalDay
2021-04-05,9974.0,198.0,0.0,0,406.36,0.0,1,2.19,0.21,SPY210416P00370000,370.0,0,0.0,0.0,,0.0,normalDay
2021-04-06,9974.0,199.0,0.0,0,406.12,0.0,1,2.19,0.2,SPY210416P00370000,370.0,0,0.0,0.0,,0.0,normalDay
2021-04-07,9974.0,208.0,0.0,0,406.59,0.0,1,2.19,0.11,SPY210416P00370000,370.0,0,0.0,0.0,,0.0,normalDay
2021-04-08,9974.0,210.0,0.0,0,408.52,0.0,1,2.19,0.09,SPY210416P00370000,370.0,0,0.0,0.0,,0.0,normalDay
2021-04-09,9974.0,214.0,0.0,0,411.49,0.0,1,2.19,0.05,SPY210416P00370000,370.0,0,0.0,0.0,,0.0,normalDay
2021-04-12,9974.0,216.0,0.0,0,411.64,0.0,1,2.19,0.03,SPY210416P00370000,370.0,0,0.0,0.0,,0.0,normalDay
2021-04-13,9974.0,217.0,0.0,0,412.86,0.0,1,2.19,0.02,SPY210416P00370000,370.0,0,0.0,0.0,,0.0,normalDay
2021-04-14,9974.0,217.0,0.0,0,411.45,0.0,1,2.19,0.02,SPY210416P00370000,370.0,0,0.0,0.0,,0.0,normalDay
2021-04-15,9974.0,218.0,0.0,0,415.87,0.0,1,2.19,0.01,SPY210416P00370000,370.0,0,0.0,0.0,,0.0,normalDay
2021-04-16,10193.0,0.0,219.0,0,417.26,0.0,1,2.19,0.0,SPY210416P00370000,370.0,0,0.0,0.0,,0.0,expirationDay
2021-04-19,10193.0,-3.0,0.0,0,415.21,0.0,1,0.8,0.83,SPY210521P00370000,370.0,0,0.0,0.0,,0.0,normalDay
2021-04-20,10193.0,-27.0,0.0,0,412.17,0.0,1,0.8,1.07,SPY210521P00370000,370.0,0,0.0,0.0,,0.0,normalDay
2021-04-21,10193.0,8.0,0.0,0,416.07,0.0,1,0.8,0.72,SPY210521P00370000,370.0,0,0.0,0.0,,0.0,normalDay
2021-04-22,10193.0,-15.0,0.0,0,412.27,0.0,1,0.8,0.95,SPY210521P00370000,370.0,0,0.0,0.0,,0.0,normalDay
2021-04-23,10193.0,22.0,0.0,0,416.74,0.0,1,0.8,0.58,SPY210521P00370000,370.0,0,0.0,0.0,,0.0,normalDay
2021-04-26,10193.0,32.0,0.0,0,417.61,0.0,1,0.8,0.48,SPY210521P00370000,370.0,0,0.0,0.0,,0.0,normalDay
2021-04-27,10193.0,36.0,0.0,0,417.52,0.0,1,0.8,0.44,SPY210521P00370000,370.0,0,0.0,0.0,,0.0,normalDay
2021-04-28,10193.0,43.0,0.0,0,417.4,0.0,1,0.8,0.37,SPY210521P00370000,370.0,0,0.0,0.0,,0.0,normalDay
2021-04-29,10193.0,45.0,0.0,0,420.06,0.0,1,0.8,0.35,SPY210521P00370000,370.0,0,0.0,0.0,,0.0,normalDay
2021-04-30,10193.0,35.0,0.0,0,417.3,0.0,1,0.8,0.45,SPY210521P00370000,370.0,0,0.0,0.0,,0.0,normalDay
2021-05-03,10193.0,43.0,0.0,0,418.2,0.0,1,0.8,0.37,SPY210521P00370000,370.0,0,0.0,0.0,,0.0,normalDay
2021-05-04,10193.0,39.0,0.0,0,415.62,0.0,1,0.8,0.41,SPY210521P00370000,370.0,0,0.0,0.0,,0.0,normalDay
2021-05-05,10193.0,40.0,0.0,0,415.75,0.0,1,0.8,0.4,SPY210521P00370000,370.0,0,0.0,0.0,,0.0,normalDay
2021-05-06,10193.0,49.0,0.0,0,419.07,0.0,1,0.8,0.31,SPY210521P00370000,370.0,0,0.0,0.0,,0.0,normalDay
2021-05-07,10193.0,57.0,0.0,0,422.12,0.0,1,0.8,0.23,SPY210521P00370000,370.0,0,0.0,0.0,,0.0,normalDay
2021-05-10,10193.0,51.0,0.0,0,417.94,0.0,1,0.8,0.29,SPY210521P00370000,370.0,0,0.0,0.0,,0.0,normalDay
2021-05-11,10193.0,48.0,0.0,0,414.21,0.0,1,0.8,0.32,SPY210521P00370000,370.0,0,0.0,0.0,,0.0,normalDay
2021-05-12,10193.0,-6.0,0.0,0,405.41,0.0,1,0.8,0.86,SPY210521P00370000,370.0,0,0.0,0.0,,0.0,normalDay
2021-05-13,10193.0,47.0,0.0,0,410.28,0.0,1,0.8,0.33,SPY210521P00370000,370.0,0,0.0,0.0,,0.0,normalDay
2021-05-14,10193.0,69.0,0.0,0,416.58,0.0,1,0.8,0.11,SPY210521P00370000,370.0,0,0.0,0.0,,0.0,normalDay
2021-05-17,10193.0,74.0,0.0,0,415.52,0.0,1,0.8,0.06,SPY210521P00370000,370.0,0,0.0,0.0,,0.0,normalDay
2021-05-18,10193.0,75.0,0.0,0,411.94,0.0,1,0.8,0.05,SPY210521P00370000,370.0,0,0.0,0.0,,0.0,normalDay
2021-05-19,10193.0,75.0,0.0,0,410.86,0.0,1,0.8,0.05,SPY210521P00370000,370.0,0,0.0,0.0,,0.0,normalDay
2021-05-20,10193.0,79.0,0.0,0,415.28,0.0,1,0.8,0.01,SPY210521P00370000,370.0,0,0.0,0.0,,0.0,normalDay
2021-05-21,10273.0,0.0,80.0,0,414.94,0.0,1,0.8,0.0,SPY210521P00370000,370.0,0,0.0,0.0,,0.0,expirationDay
2021-05-24,10273.0,-5.0,0.0,0,419.17,0.0,1,3.4,3.45,SPY210625P00402500,402.5,0,0.0,0.0,,0.0,normalDay
2021-05-25,10273.0,-19.0,0.0,0,418.24,0.0,1,3.4,3.59,SPY210625P00402500,402.5,0,0.0,0.0,,0.0,normalDay
2021-05-26,10273.0,46.0,0.0,0,419.07,0.0,1,3.4,2.94,SPY210625P00402500,402.5,0,0.0,0.0,,0.0,normalDay
2021-05-27,10273.0,90.0,0.0,0,419.29,0.0,1,3.4,2.5,SPY210625P00402500,402.5,0,0.0,0.0,,0.0,normalDay
2021-05-28,10273.0,107.0,0.0,0,420.04,0.0,1,3.4,2.33,SPY210625P00402500,402.5,0,0.0,0.0,,0.0,normalDay
2021-06-01,10273.0,105.0,0.0,0,419.67,0.0,1,3.4,2.35,SPY210625P00402500,402.5,0,0.0,0.0,,0.0,normalDay
2021-06-02,10273.0,139.0,0.0,0,420.33,0.0,1,3.4,2.01,SPY210625P00402500,402.5,0,0.0,0.0,,0.0,normalDay
2021-06-03,10273.0,112.0,0.0,0,418.77,0.0,1,3.4,2.28,SPY210625P00402500,402.5,0,0.0,0.0,,0.0,normalDay
2021-06-04,10273.0,196.0,0.0,0,422.6,0.0,1,3.4,1.44,SPY210625P00402500,402.5,0,0.0,0.0,,0.0,normalDay
2021-06-07,10273.0,223.0,0.0,0,422.19,0.0,1,3.4,1.17,SPY210625P00402500,402.5,0,0.0,0.0,,0.0,normalDay
2021-06-08,10273.0,214.0,0.0,0,422.28,0.0,1,3.4,1.26,SPY210625P00402500,402.5,0,0.0,0.0,,0.0,normalDay
2021-06-09,10273.0,199.0,0.0,0,421.65,0.0,1,3.4,1.41,SPY210625P00402500,402.5,0,0.0,0.0,,0.0,normalDay
2021-06-10,10273.0,256.0,0.0,0,423.61,0.0,1,3.4,0.84,SPY210625P00402500,402.5,0,0.0,0.0,,0.0,normalDay
2021-06-11,10273.0,272.0,0.0,0,424.31,0.0,1,3.4,0.68,SPY210625P00402500,402.5,0,0.0,0.0,,0.0,normalDay
2021-06-14,10273.0,287.0,0.0,0,425.26,0.0,1,3.4,0.53,SPY210625P00402500,402.5,0,0.0,0.0,,0.0,normalDay
2021-06-15,10273.0,281.0,0.0,0,424.48,0.0,1,3.4,0.59,SPY210625P00402500,402.5,0,0.0,0.0,,0.0,normalDay
2021-06-16,10273.0,259.0,0.0,0,422.11,0.0,1,3.4,0.81,SPY210625P00402500,402.5,0,0.0,0.0,,0.0,normalDay
2021-06-17,10273.0,284.0,0.0,0,421.97,0.0,1,3.4,0.56,SPY210625P00402500,402.5,0,0.0,0.0,,0.0,normalDay
2021-06-18,10273.0,223.0,0.0,0,414.92,0.0,1,3.4,1.17,SPY210625P00402500,402.5,0,0.0,0.0,,0.0,normalDay
2021-06-21,10273.0,318.0,0.0,0,420.86,0.0,1,3.4,0.22,SPY210625P00402500,402.5,0,0.0,0.0,,0.0,normalDay
2021-06-22,10273.0,331.0,0.0,0,423.11,0.0,1,3.4,0.09,SPY210625P00402500,402.5,0,0.0,0.0,,0.0,normalDay
2021-06-23,10273.0,336.0,0.0,0,422.6,0.0,1,3.4,0.04,SPY210625P00402500,402.5,0,0.0,0.0,,0.0,normalDay
2021-06-24,10273.0,338.0,0.0,0,425.1,0.0,1,3.4,0.02,SPY210625P00402500,402.5,0,0.0,0.0,,0.0,normalDay
2021-06-25,10613.0,0.0,340.0,0,426.61,0.0,1,3.4,0.0,SPY210625P00402500,402.5,0,0.0,0.0,,0.0,expirationDay
2021-06-28,10613.0,-4.0,0.0,0,427.47,0.0,1,2.69,2.73,SPY210730P00413000,413.0,0,0.0,0.0,,0.0,normalDay
2021-06-29,10613.0,7.0,0.0,0,427.7,0.0,1,2.69,2.62,SPY210730P00413000,413.0,0,0.0,0.0,,0.0,normalDay
2021-06-30,10613.0,30.0,0.0,0,428.06,0.0,1,2.69,2.39,SPY210730P00413000,413.0,0,0.0,0.0,,0.0,normalDay
2021-07-01,10613.0,62.0,0.0,0,430.43,0.0,1,2.69,2.07,SPY210730P00413000,413.0,0,0.0,0.0,,0.0,normalDay
2021-07-02,10613.0,108.0,0.0,0,433.72,0.0,1,2.69,1.61,SPY210730P00413000,413.0,0,0.0,0.0,,0.0,normalDay
2021-07-06,10613.0,99.0,0.0,0,432.93,0.0,1,2.69,1.7,SPY210730P00413000,413.0,0,0.0,0.0,,0.0,normalDay
2021-07-07,10613.0,124.0,0.0,0,434.46,0.0,1,2.69,1.45,SPY210730P00413000,413.0,0,0.0,0.0,,0.0,normalDay
2021-07-08,10613.0,32.0,0.0,0,430.92,0.0,1,2.69,2.37,SPY210730P00413000,413.0,0,0.0,0.0,,0.0,normalDay
2021-07-09,10613.0,145.0,0.0,0,435.52,0.0,1,2.69,1.24,SPY210730P00413000,413.0,0,0.0,0.0,,0.0,normalDay
2021-07-12,10613.0,177.0,0.0,0,437.08,0.0,1,2.69,0.92,SPY210730P00413000,413.0,0,0.0,0.0,,0.0,normalDay
2021-07-13,10613.0,157.0,0.0,0,435.59,0.0,1,2.69,1.12,SPY210730P00413000,413.0,0,0.0,0.0,,0.0,normalDay
2021-07-14,10613.0,190.0,0.0,0,436.24,0.0,1,2.69,0.79,SPY210730P00413000,413.0,0,0.0,0.0,,0.0,normalDay
2021-07-15,10613.0,177.0,0.0,0,434.75,0.0,1,2.69,0.92,SPY210730P00413000,413.0,0,0.0,0.0,,0.0,normalDay
2021-07-16,10613.0,140.0,0.0,0,431.34,0.0,1,2.69,1.29,SPY210730P00413000,413.0,0,0.0,0.0,,0.0,normalDay
2021-07-19,10613.0,22.0,0.0,0,424.97,0.0,1,2.69,2.47,SPY210730P00413000,413.0,0,0.0,0.0,,0.0,normalDay
2021-07-20,10613.0,161.0,0.0,0,431.06,0.0,1,2.69,1.08,SPY210730P00413000,413.0,0,0.0,0.0,,0.0,normalDay
2021-07-21,10613.0,230.0,0.0,0,434.55,0.0,1,2.69,0.39,SPY210730P00413000,413.0,0,0.0,0.0,,0.0,normalDay
2021-07-22,10613.0,242.0,0.0,0,435.46,0.0,1,2.69,0.27,SPY210730P00413000,413.0,0,0.0,0.0,,0.0,normalDay
2021-07-23,10613.0,260.0,0.0,0,439.94,0.0,1,2.69,0.09,SPY210730P00413000,413.0,0,0.0,0.0,,0.0,normalDay
2021-07-26,10613.0,265.0,0.0,0,441.02,0.0,1,2.69,0.04,SPY210730P00413000,413.0,0,0.0,0.0,,0.0,normalDay
2021-07-27,10613.0,260.0,0.0,0,439.01,0.0,1,2.69,0.09,SPY210730P00413000,413.0,0,0.0,0.0,,0.0,normalDay
2021-07-28,10613.0,266.0,0.0,0,438.83,0.0,1,2.69,0.03,SPY210730P00413000,413.0,0,0.0,0.0,,0.0,normalDay
2021-07-29,10613.0,268.0,0.0,0,440.65,0.0,1,2.69,0.01,SPY210730P00413000,413.0,0,0.0,0.0,,0.0,normalDay
2021-07-30,10882.0,0.0,269.0,0,438.51,0.0,1,2.69,0.0,SPY210730P00413000,413.0,0,0.0,0.0,,0.0,expirationDay
2021-08-02,10882.0,-5.0,0.0,0,437.59,0.0,1,4.01,4.06,SPY210903P00422000,422.0,0,0.0,0.0,,0.0,normalDay
2021-08-03,10882.0,99.0,0.0,0,441.15,0.0,1,4.01,3.02,SPY210903P00422000,422.0,0,0.0,0.0,,0.0,normalDay
2021-08-04,10882.0,84.0,0.0,0,438.98,0.0,1,4.01,3.17,SPY210903P00422000,422.0,0,0.0,0.0,,0.0,normalDay
2021-08-05,10882.0,144.0,0.0,0,441.76,0.0,1,4.01,2.57,SPY210903P00422000,422.0,0,0.0,0.0,,0.0,normalDay
2021-08-06,10882.0,191.0,0.0,0,442.49,0.0,1,4.01,2.1,SPY210903P00422000,422.0,0,0.0,0.0,,0.0,normalDay
2021-08-09,10882.0,202.0,0.0,0,442.13,0.0,1,4.01,1.99,SPY210903P00422000,422.0,0,0.0,0.0,,0.0,normalDay
2021-08-10,10882.0,206.0,0.0,0,442.68,0.0,1,4.01,1.95,SPY210903P00422000,422.0,0,0.0,0.0,,0.0,normalDay
2021-08-11,10882.0,243.0,0.0,0,443.78,0.0,1,4.01,1.58,SPY210903P00422000,422.0,0,0.0,0.0,,0.0,normalDay
2021-08-12,10882.0,273.0,0.0,0,445.11,0.0,1,4.01,1.28,SPY210903P00422000,422.0,0,0.0,0.0,,0.0,normalDay
2021-08-13,10882.0,293.0,0.0,0,445.92,0.0,1,4.01,1.08,SPY210903P00422000,422.0,0,0.0,0.0,,0.0,normalDay
2021-08-16,10882.0,308.0,0.0,0,446.97,0.0,1,4.01,0.93,SPY210903P00422000,422.0,0,0.0,0.0,,0.0,normalDay
2021-08-17,10882.0,256.0,0.0,0,444.04,0.0,1,4.01,1.45,SPY210903P00422000,422.0,0,0.0,0.0,,0.0,normalDay
2021-08-18,10882.0,141.0,0.0,0,439.18,0.0,1,4.01,2.6,SPY210903P00422000,422.0,0,0.0,0.0,,0.0,normalDay
2021-08-19,10882.0,167.0,0.0,0,439.86,0.0,1,4.01,2.34,SPY210903P00422000,422.0,0,0.0,0.0,,0.0,normalDay
2021-08-20,10882.0,290.0,0.0,0,443.36,0.0,1,4.01,1.11,SPY210903P00422000,422.0,0,0.0,0.0,,0.0,normalDay
2021-08-23,10882.0,355.0,0.0,0,447.26,0.0,1,4.01,0.46,SPY210903P00422000,422.0,0,0.0,0.0,,0.0,normalDay
2021-08-24,10882.0,362.0,0.0,0,447.97,0.0,1,4.01,0.39,SPY210903P00422000,422.0,0,0.0,0.0,,0.0,normalDay
2021-08-25,10882.0,373.0,0.0,0,448.91,0.0,1,4.01,0.28,SPY210903P00422000,422.0,0,0.0,0.0,,0.0,normalDay
2021-08-26,10882.0,349.0,0.0,0,446.26,0.0,1,4.01,0.52,SPY210903P00422000,422.0,0,0.0,0.0,,0.0,normalDay
2021-08-27,10882.0,385.0,0.0,0,450.25,0.0,1,4.01,0.16,SPY210903P00422000,422.0,0,0.0,0.0,,0.0,normalDay
2021-08-30,10882.0,395.0,0.0,0,452.23,0.0,1,4.01,0.06,SPY210903P00422000,422.0,0,0.0,0.0,,0.0,normalDay
2021-08-31,10882.0,396.0,0.0,0,451.56,0.0,1,4.01,0.05,SPY210903P00422000,422.0,0,0.0,0.0,,0.0,normalDay
2021-09-01,10882.0,398.0,0.0,0,451.8,0.0,1,4.01,0.03,SPY210903P00422000,422.0,0,0.0,0.0,,0.0,normalDay
2021-09-02,10882.0,399.0,0.0,0,453.19,0.0,1,4.01,0.02,SPY210903P00422000,422.0,0,0.0,0.0,,0.0,normalDay
2021-09-03,11283.0,0.0,401.0,0,453.08,0.0,1,4.01,0.0,SPY210903P00422000,422.0,0,0.0,0.0,,0.0,expirationDay
2021-09-07,11283.0,-3.0,0.0,0,451.46,0.0,1,3.2,3.23,SPY211008P00433000,433.0,0,0.0,0.0,,0.0,normalDay
2021-09-08,11283.0,0.0,0.0,0,450.91,0.0,1,3.2,3.2,SPY211008P00433000,433.0,0,0.0,0.0,,0.0,normalDay
2021-09-09,11283.0,-55.0,0.0,0,448.98,0.0,1,3.2,3.75,SPY211008P00433000,433.0,0,0.0,0.0,,0.0,normalDay
2021-09-10,11283.0,-150.0,0.0,0,445.44,0.0,1,3.2,4.7,SPY211008P00433000,433.0,0,0.0,0.0,,0.0,normalDay
2021-09-13,11283.0,-55.0,0.0,0,446.58,0.0,1,3.2,3.75,SPY211008P00433000,433.0,0,0.0,0.0,,0.0,normalDay
2021-09-14,11283.0,-101.0,0.0,0,444.17,0.0,1,3.2,4.21,SPY211008P00433000,433.0,0,0.0,0.0,,0.0,normalDay
2021-09-15,11283.0,29.0,0.0,0,447.88,0.0,1,3.2,2.91,SPY211008P00433000,433.0,0,0.0,0.0,,0.0,normalDay
2021-09-16,11283.0,15.0,0.0,0,447.17,0.0,1,3.2,3.05,SPY211008P00433000,433.0,0,0.0,0.0,,0.0,normalDay
2021-09-17,11283.0,-116.0,0.0,0,441.4,0.0,1,3.2,4.36,SPY211008P00433000,433.0,0,0.0,0.0,,0.0,normalDay
2021-09-20,11283.0,-443.0,0.0,0,434.04,0.0,1,3.2,7.63,SPY211008P00433000,433.0,0,0.0,0.0,,0.0,normalDay
2021-09-21,11283.0,-415.0,0.0,0,433.63,0.0,1,3.2,7.35,SPY211008P00433000,433.0,0,0.0,0.0,,0.0,normalDay
2021-09-22,11283.0,-132.0,0.0,0,437.86,0.0,1,3.2,4.52,SPY211008P00433000,433.0,0,0.0,0.0,,0.0,normalDay
2021-09-23,11283.0,73.0,0.0,0,443.18,0.0,1,3.2,2.47,SPY211008P00433000,433.0,0,0.0,0.0,,0.0,normalDay
2021-09-24,11283.0,126.0,0.0,0,443.91,0.0,1,3.2,1.94,SPY211008P00433000,433.0,0,0.0,0.0,,0.0,normalDay
2021-09-27,11283.0,130.0,0.0,0,442.64,0.0,1,3.2,1.9,SPY211008P00433000,433.0,0,0.0,0.0,,0.0,normalDay
2021-09-28,11283.0,-217.0,0.0,0,433.72,0.0,1,3.2,5.37,SPY211008P00433000,433.0,0,0.0,0.0,,0.0,normalDay
2021-09-29,11283.0,-131.0,0.0,0,434.45,0.0,1,3.2,4.51,SPY211008P00433000,433.0,0,0.0,0.0,,0.0,normalDay
2021-09-30,11283.0,-351.0,0.0,0,429.14,0.0,1,3.2,6.71,SPY211008P00433000,433.0,0,0.0,0.0,,0.0,normalDay
2021-10-01,11283.0,-34.0,0.0,0,434.24,0.0,1,3.2,3.54,SPY211008P00433000,433.0,0,0.0,0.0,,0.0,normalDay
2021-10-04,11283.0,-299.0,0.0,0,428.64,0.0,1,3.2,6.19,SPY211008P00433000,433.0,0,0.0,0.0,,0.0,normalDay
2021-10-05,11283.0,25.0,0.0,0,433.1,0.0,1,3.2,2.95,SPY211008P00433000,433.0,0,0.0,0.0,,0.0,normalDay
2021-10-06,11283.0,120.0,0.0,0,434.9,0.0,1,3.2,2.0,SPY211008P00433000,433.0,0,0.0,0.0,,0.0,normalDay
2021-10-07,11283.0,291.0,0.0,0,438.66,0.0,1,3.2,0.29,SPY211008P00433000,433.0,0,0.0,0.0,,0.0,normalDay
2021-10-08,11603.0,0.0,320.0,0,437.86,0.0,1,3.2,0.0,SPY211008P00433000,433.0,0,0.0,0.0,,0.0,expirationDay
2021-10-11,11603.0,-4.0,0.0,0,434.69,0.0,1,4.57,4.61,SPY211112P00419000,419.0,0,0.0,0.0,,0.0,normalDay
2021-10-12,11603.0,-14.0,0.0,0,433.62,0.0,1,4.57,4.71,SPY211112P00419000,419.0,0,0.0,0.0,,0.0,normalDay
2021-10-13,11603.0,95.0,0.0,0,435.18,0.0,1,4.57,3.62,SPY211112P00419000,419.0,0,0.0,0.0,,0.0,normalDay
2021-10-14,11603.0,251.0,0.0,0,442.5,0.0,1,4.57,2.06,SPY211112P00419000,419.0,0,0.0,0.0,,0.0,normalDay
2021-10-15,11603.0,294.0,0.0,0,445.87,0.0,1,4.57,1.63,SPY211112P00419000,419.0,0,0.0,0.0,,0.0,normalDay
2021-10-18,11603.0,325.0,0.0,0,447.19,0.0,1,4.57,1.32,SPY211112P00419000,419.0,0,0.0,0.0,,0.0,normalDay
2021-10-19,11603.0,362.0,0.0,0,450.64,0.0,1,4.57,0.95,SPY211112P00419000,419.0,0,0.0,0.0,,0.0,normalDay
2021-10-20,11603.0,374.0,0.0,0,452.41,0.0,1,4.57,0.83,SPY211112P00419000,419.0,0,0.0,0.0,,0.0,normalDay
2021-10-21,11603.0,391.0,0.0,0,453.59,0.0,1,4.57,0.66,SPY211112P00419000,419.0,0,0.0,0.0,,0.0,normalDay
2021-10-22,11603.0,389.0,0.0,0,453.12,0.0,1,4.57,0.68,SPY211112P00419000,419.0,0,0.0,0.0,,0.0,normalDay
2021-10-25,11603.0,411.0,0.0,0,455.55,0.0,1,4.57,0.46,SPY211112P00419000,419.0,0,0.0,0.0,,0.0,normalDay
2021-10-26,11603.0,407.0,0.0,0,455.96,0.0,1,4.57,0.5,SPY211112P00419000,419.0,0,0.0,0.0,,0.0,normalDay
2021-10-27,11603.0,397.0,0.0,0,453.94,0.0,1,4.57,0.6,SPY211112P00419000,419.0,0,0.0,0.0,,0.0,normalDay
2021-10-28,11603.0,416.0,0.0,0,458.32,0.0,1,4.57,0.41,SPY211112P00419000,419.0,0,0.0,0.0,,0.0,normalDay
2021-10-29,11603.0,424.0,0.0,0,459.25,0.0,1,4.57,0.33,SPY211112P00419000,419.0,0,0.0,0.0,,0.0,normalDay
2021-11-01,11603.0,434.0,0.0,0,460.04,0.0,1,4.57,0.23,SPY211112P00419000,419.0,0,0.0,0.0,,0.0,normalDay
2021-11-02,11603.0,438.0,0.0,0,461.9,0.0,1,4.57,0.19,SPY211112P00419000,419.0,0,0.0,0.0,,0.0,normalDay
2021-11-03,11603.0,446.0,0.0,0,464.72,0.0,1,4.57,0.11,SPY211112P00419000,419.0,0,0.0,0.0,,0.0,normalDay
2021-11-04,11603.0,447.0,0.0,0,466.91,0.0,1,4.57,0.1,SPY211112P00419000,419.0,0,0.0,0.0,,0.0,normalDay
2021-11-05,11603.0,451.0,0.0,0,468.53,0.0,1,4.57,0.06,SPY211112P00419000,419.0,0,0.0,0.0,,0.0,normalDay
2021-11-08,11603.0,454.0,0.0,0,468.93,0.0,1,4.57,0.03,SPY211112P00419000,419.0,0,0.0,0.0,,0.0,normalDay
2021-11-09,11603.0,455.0,0.0,0,467.38,0.0,1,4.57,0.02,SPY211112P00419000,419.0,0,0.0,0.0,,0.0,normalDay
2021-11-10,11603.0,455.0,0.0,0,463.62,0.0,1,4.57,0.02,SPY211112P00419000,419.0,0,0.0,0.0,,0.0,normalDay
2021-11-11,11603.0,456.0,0.0,0,463.77,0.0,1,4.57,0.01,SPY211112P00419000,419.0,0,0.0,0.0,,0.0,normalDay
2021-11-12,12060.0,0.0,457.0,0,467.27,0.0,1,4.57,0.0,SPY211112P00419000,419.0,0,0.0,0.0,,0.0,expirationDay
2021-11-15,12060.0,-3.0,0.0,0,467.43,0.0,1,2.3,2.33,SPY211217P00440000,440.0,0,0.0,0.0,,0.0,normalDay
2021-11-16,12060.0,26.0,0.0,0,469.28,0.0,1,2.3,2.04,SPY211217P00440000,440.0,0,0.0,0.0,,0.0,normalDay
2021-11-17,12060.0,9.0,0.0,0,468.14,0.0,1,2.3,2.21,SPY211217P00440000,440.0,0,0.0,0.0,,0.0,normalDay
2021-11-18,12060.0,26.0,0.0,0,469.73,0.0,1,2.3,2.04,SPY211217P00440000,440.0,0,0.0,0.0,,0.0,normalDay
2021-11-19,12060.0,19.0,0.0,0,468.89,0.0,1,2.3,2.11,SPY211217P00440000,440.0,0,0.0,0.0,,0.0,normalDay
2021-11-22,12060.0,4.0,0.0,0,467.57,0.0,1,2.3,2.26,SPY211217P00440000,440.0,0,0.0,0.0,,0.0,normalDay
2021-11-23,12060.0,20.0,0.0,0,468.19,0.0,1,2.3,2.1,SPY211217P00440000,440.0,0,0.0,0.0,,0.0,normalDay
2021-11-24,12060.0,54.0,0.0,0,469.44,0.0,1,2.3,1.76,SPY211217P00440000,440.0,0,0.0,0.0,,0.0,normalDay
2021-11-26,12060.0,-394.0,0.0,0,458.97,0.0,1,2.3,6.24,SPY211217P00440000,440.0,0,0.0,0.0,,0.0,normalDay
2021-11-29,12060.0,-26.0,0.0,0,464.6,0.0,1,2.3,2.56,SPY211217P00440000,440.0,0,0.0,0.0,,0.0,normalDay
2021-11-30,12060.0,-215.0,0.0,0,455.56,0.0,1,2.3,4.45,SPY211217P00440000,440.0,0,0.0,0.0,,0.0,normalDay
2021-12-01,12060.0,-489.0,0.0,0,450.5,0.0,1,2.3,7.19,SPY211217P00440000,440.0,0,0.0,0.0,,0.0,normalDay
2021-12-02,12060.0,-201.0,0.0,0,457.4,0.0,1,2.3,4.31,SPY211217P00440000,440.0,0,0.0,0.0,,0.0,normalDay
2021-12-03,12060.0,-329.0,0.0,0,453.42,0.0,1,2.3,5.59,SPY211217P00440000,440.0,0,0.0,0.0,,0.0,normalDay
2021-12-06,12060.0,-67.0,0.0,0,458.79,0.0,1,2.3,2.97,SPY211217P00440000,440.0,0,0.0,0.0,,0.0,normalDay
2021-12-07,12060.0,132.0,0.0,0,468.28,0.0,1,2.3,0.98,SPY211217P00440000,440.0,0,0.0,0.0,,0.0,normalDay
2021-12-08,12060.0,184.0,0.0,0,469.52,0.0,1,2.3,0.46,SPY211217P00440000,440.0,0,0.0,0.0,,0.0,normalDay
2021-12-09,12060.0,154.0,0.0,0,466.35,0.0,1,2.3,0.76,SPY211217P00440000,440.0,0,0.0,0.0,,0.0,normalDay
2021-12-10,12060.0,208.0,0.0,0,470.74,0.0,1,2.3,0.22,SPY211217P00440000,440.0,0,0.0,0.0,,0.0,normalDay
2021-12-13,12060.0,214.0,0.0,0,466.57,0.0,1,2.3,0.16,SPY211217P00440000,440.0,0,0.0,0.0,,0.0,normalDay
2021-12-14,12060.0,210.0,0.0,0,463.36,0.0,1,2.3,0.2,SPY211217P00440000,440.0,0,0.0,0.0,,0.0,normalDay
2021-12-15,12060.0,223.0,0.0,0,470.6,0.0,1,2.3,0.07,SPY211217P00440000,440.0,0,0.0,0.0,,0.0,normalDay
2021-12-16,12060.0,225.0,0.0,0,466.45,0.0,1,2.3,0.05,SPY211217P00440000,440.0,0,0.0,0.0,,0.0,normalDay
2021-12-17,12290.0,0.0,230.0,0,459.87,0.0,1,2.3,0.0,SPY211217P00440000,440.0,0,0.0,0.0,,0.0,expirationDay
2021-12-20,12290.0,-5.0,0.0,0,454.98,0.0,1,6.36,6.41,SPY220121P00442000,442.0,0,0.0,0.0,,0.0,normalDay
2021-12-21,12290.0,223.0,0.0,0,463.06,0.0,1,6.36,4.13,SPY220121P00442000,442.0,0,0.0,0.0,,0.0,normalDay
2021-12-22,12290.0,369.0,0.0,0,467.69,0.0,1,6.36,2.67,SPY220121P00442000,442.0,0,0.0,0.0,,0.0,normalDay
2021-12-23,12290.0,432.0,0.0,0,470.6,0.0,1,6.36,2.04,SPY220121P00442000,442.0,0,0.0,0.0,,0.0,normalDay
2021-12-27,12290.0,517.0,0.0,0,477.26,0.0,1,6.36,1.19,SPY220121P00442000,442.0,0,0.0,0.0,,0.0,normalDay
2021-12-28,12290.0,525.0,0.0,0,476.87,0.0,1,6.36,1.11,SPY220121P00442000,442.0,0,0.0,0.0,,0.0,normalDay
2021-12-29,12290.0,549.0,0.0,0,477.48,0.0,1,6.36,0.87,SPY220121P00442000,442.0,0,0.0,0.0,,0.0,normalDay
2021-12-30,12290.0,540.0,0.0,0,476.16,0.0,1,6.36,0.96,SPY220121P00442000,442.0,0,0.0,0.0,,0.0,normalDay
2021-12-31,12290.0,549.0,0.0,0,474.96,0.0,1,6.36,0.87,SPY220121P00442000,442.0,0,0.0,0.0,,0.0,normalDay
2022-01-03,12290.0,582.0,0.0,0,477.71,0.0,1,6.36,0.54,SPY220121P00442000,442.0,0,0.0,0.0,,0.0,normalDay
2022-01-04,12290.0,583.0,0.0,0,477.55,0.0,1,6.36,0.53,SPY220121P00442000,442.0,0,0.0,0.0,,0.0,normalDay
2022-01-05,12290.0,502.0,0.0,0,468.38,0.0,1,6.36,1.34,SPY220121P00442000,442.0,0,0.0,0.0,,0.0,normalDay
2022-01-06,12290.0,523.0,0.0,0,467.94,0.0,1,6.36,1.13,SPY220121P00442000,442.0,0,0.0,0.0,,0.0,normalDay
2022-01-07,12290.0,551.0,0.0,0,466.09,0.0,1,6.36,0.85,SPY220121P00442000,442.0,0,0.0,0.0,,0.0,normalDay
2022-01-10,12290.0,551.0,0.0,0,465.51,0.0,1,6.36,0.85,SPY220121P00442000,442.0,0,0.0,0.0,,0.0,normalDay
2022-01-11,12290.0,586.0,0.0,0,469.75,0.0,1,6.36,0.5,SPY220121P00442000,442.0,0,0.0,0.0,,0.0,normalDay
2022-01-12,12290.0,612.0,0.0,0,471.02,0.0,1,6.36,0.24,SPY220121P00442000,442.0,0,0.0,0.0,,0.0,normalDay
2022-01-13,12290.0,572.0,0.0,0,464.53,0.0,1,6.36,0.64,SPY220121P00442000,442.0,0,0.0,0.0,,0.0,normalDay
2022-01-14,12290.0,603.0,0.0,0,464.72,0.0,1,6.36,0.33,SPY220121P00442000,442.0,0,0.0,0.0,,0.0,normalDay
2022-01-18,12290.0,567.0,0.0,0,456.49,0.0,1,6.36,0.69,SPY220121P00442000,442.0,0,0.0,0.0,,0.0,normalDay
2022-01-19,12290.0,574.0,0.0,0,451.75,0.0,1,6.36,0.62,SPY220121P00442000,442.0,0,0.0,0.0,,0.0,normalDay
2022-01-20,12290.0,519.0,0.0,0,446.75,0.0,1,6.36,1.17,SPY220121P00442000,442.0,0,0.0,0.0,,0.0,normalDay
2022-01-21,12926.0,-402.0,636.0,100,437.98,442.0,1,6.36,0.0,SPY220121P00442000,442.0,0,0.0,0.0,,0.0,expirationDay
2022-01-24,12926.0,-216.0,0.0,100,439.84,442.0,0,0.0,0.0,,0.0,0,0.0,0.0,,0.0,bidTooLow
2022-01-25,12926.0,-753.0,0.0,100,434.47,442.0,0,0.0,0.0,,0.0,0,0.0,0.0,,0.0,bidTooLow
2022-01-26,12926.0,-862.0,0.0,100,433.38,442.0,0,0.0,0.0,,0.0,0,0.0,0.0,,0.0,bidTooLow
2022-01-27,12926.0,-1076.0,0.0,100,431.24,442.0,0,0.0,0.0,,0.0,0,0.0,0.0,,0.0,bidTooLow
2022-01-28,12926.0,-5.0,0.0,100,441.95,442.0,0,0.0,0.0,,0.0,0,0.0,0.0,,0.0,bidTooLow
2022-01-31,12926.0,791.0,0.0,100,449.91,442.0,0,0.0,0.0,,0.0,0,0.0,0.0,,0.0,bidTooLow
2022-02-01,12926.0,1095.0,0.0,100,452.95,442.0,0,0.0,0.0,,0.0,0,0.0,0.0,,0.0,bidTooLow
2022-02-02,12926.0,1535.0,0.0,100,457.35,442.0,0,0.0,0.0,,0.0,0,0.0,0.0,,0.0,bidTooLow
2022-02-03,12926.0,460.0,0.0,100,446.6,442.0,0,0.0,0.0,,0.0,0,0.0,0.0,,0.0,bidTooLow
2022-02-04,12926.0,670.0,0.0,100,448.7,442.0,0,0.0,0.0,,0.0,0,0.0,0.0,,0.0,bidTooLow
2022-02-07,12926.0,526.0,0.0,100,447.26,442.0,0,0.0,0.0,,0.0,0,0.0,0.0,,0.0,bidTooLow
2022-02-08,12926.0,894.0,0.0,100,450.94,442.0,0,0.0,0.0,,0.0,0,0.0,0.0,,0.0,bidTooLow
2022-02-09,12926.0,1554.0,0.0,100,457.54,442.0,0,0.0,0.0,,0.0,0,0.0,0.0,,0.0,bidTooLow
2022-02-10,12926.0,732.0,0.0,100,449.32,442.0,0,0.0,0.0,,0.0,0,0.0,0.0,,0.0,bidTooLow
2022-02-11,12926.0,-154.0,0.0,100,440.46,442.0,0,0.0,0.0,,0.0,0,0.0,0.0,,0.0,bidTooLow
2022-02-14,12926.0,-301.0,0.0,100,439.02,442.0,0,0.0,0.0,,0.0,1,0.01,0.04,SPY220225C00478000,478.0,normalDay
2022-02-15,12926.0,407.0,0.0,100,446.1,442.0,0,0.0,0.0,,0.0,1,0.01,0.04,SPY220225C00478000,478.0,normalDay
2022-02-16,12926.0,459.0,0.0,100,446.6,442.0,0,0.0,0.0,,0.0,1,0.01,0.02,SPY220225C00478000,478.0,normalDay
2022-02-17,12926.0,-495.0,0.0,100,437.06,442.0,0,0.0,0.0,,0.0,1,0.01,0.02,SPY220225C00478000,478.0,normalDay
2022-02-18,12926.0,-777.0,0.0,100,434.23,442.0,0,0.0,0.0,,0.0,1,0.01,0.01,SPY220225C00478000,478.0,normalDay
2022-02-22,12926.0,-1243.0,0.0,100,429.57,442.0,0,0.0,0.0,,0.0,1,0.01,0.01,SPY220225C00478000,478.0,normalDay
2022-02-23,12926.0,-2005.0,0.0,100,421.95,442.0,0,0.0,0.0,,0.0,1,0.01,0.01,SPY220225C00478000,478.0,normalDay
2022-02-24,12926.0,-1370.0,0.0,100,428.3,442.0,0,0.0,0.0,,0.0,1,0.01,0.01,SPY220225C00478000,478.0,normalDay
2022-02-25,12927.0,-425.0,1.0,100,437.75,442.0,0,0.0,0.0,,0.0,1,0.01,0.0,SPY220225C00478000,478.0,expirationDay
2022-02-28,12927.0,-537.0,0.0,100,436.63,442.0,0,0.0,0.0,,0.0,0,0.0,0.0,,0.0,bidTooLow
2022-03-01,12927.0,-1202.0,0.0,100,429.98,442.0,0,0.0,0.0,,0.0,0,0.0,0.0,,0.0,bidTooLow
2022-03-02,12927.0,-411.0,0.0,100,437.89,442.0,0,0.0,0.0,,0.0,0,0.0,0.0,,0.0,bidTooLow
2022-03-03,12927.0,-632.0,0.0,100,435.71,442.0,0,0.0,0.0,,0.0,1,0.01,0.04,SPY220314C00476000,476.0,normalDay
2022-03-04,12927.0,-984.0,0.0,100,432.17,442.0,0,0.0,0.0,,0.0,1,0.01,0.02,SPY220314C00476000,476.0,normalDay
2022-03-07,12927.0,-2257.0,0.0,100,419.43,442.0,0,0.0,0.0,,0.0,1,0.01,0.01,SPY220314C00476000,476.0,normalDay
2022-03-08,12927.0,-2575.0,0.0,100,416.25,442.0,0,0.0,0.0,,0.0,1,0.01,0.01,SPY220314C00476000,476.0,normalDay
2022-03-09,12927.0,-1459.0,0.0,100,427.41,442.0,0,0.0,0.0,,0.0,1,0.01,0.01,SPY220314C00476000,476.0,normalDay
2022-03-10,12927.0,-1652.0,0.0,100,425.48,442.0,0,0.0,0.0,,0.0,1,0.01,0.01,SPY220314C00476000,476.0,normalDay
2022-03-11,12927.0,-2193.0,0.0,100,420.07,442.0,0,0.0,0.0,,0.0,1,0.01,0.01,SPY220314C00476000,476.0,normalDay
2022-03-14,12928.0,-2500.0,1.0,100,417.0,442.0,0,0.0,0.0,,0.0,1,0.01,0.0,SPY220314C00476000,476.0,expirationDay
2022-03-15,12928.0,-1583.0,0.0,100,426.17,442.0,0,0.0,0.0,,0.0,0,0.0,0.0,,0.0,bidTooLow
2022-03-16,12928.0,-641.0,0.0,100,435.62,442.0,0,0.0,0.0,,0.0,1,0.06,0.09,SPY220325C00462000,462.0,normalDay
2022-03-17,12928.0,-100.0,0.0,100,441.07,442.0,0,0.0,0.0,,0.0,1,0.06,0.13,SPY220325C00462000,462.0,normalDay
2022-03-18,12928.0,242.0,0.0,100,444.52,442.0,0,0.0,0.0,,0.0,1,0.06,0.16,SPY220325C00462000,462.0,normalDay
2022-03-21,12928.0,239.0,0.0,100,444.39,442.0,0,0.0,0.0,,0.0,1,0.06,0.06,SPY220325C00462000,462.0,normalDay
2022-03-22,12928.0,754.0,0.0,100,449.59,442.0,0,0.0,0.0,,0.0,1,0.06,0.11,SPY220325C00462000,462.0,normalDay
2022-03-23,12928.0,184.0,0.0,100,443.8,442.0,0,0.0,0.0,,0.0,1,0.06,0.02,SPY220325C00462000,462.0,normalDay
2022-03-24,12928.0,854.0,0.0,100,450.49,442.0,0,0.0,0.0,,0.0,1,0.06,0.01,SPY220325C00462000,462.0,normalDay
2022-03-25,12934.0,1069.0,6.0,100,452.69,442.0,0,0.0,0.0,,0.0,1,0.06,0.0,SPY220325C00462000,462.0,expirationDay
2022-03-28,12934.0,1391.0,0.0,100,455.91,442.0,0,0.0,0.0,,0.0,0,0.0,0.0,,0.0,bidTooLow
2022-03-29,12934.0,1955.0,0.0,100,461.55,442.0,0,0.0,0.0,,0.0,0,0.0,0.0,,0.0,bidTooLow
2022-03-30,12934.0,1670.0,0.0,100,458.7,442.0,0,0.0,0.0,,0.0,0,0.0,0.0,,0.0,bidTooLow
2022-03-31,12934.0,964.0,0.0,100,451.64,442.0,0,0.0,0.0,,0.0,0,0.0,0.0,,0.0,bidTooLow
2022-04-01,12934.0,1092.0,0.0,100,452.92,442.0,0,0.0,0.0,,0.0,0,0.0,0.0,,0.0,bidTooLow
2022-04-04,12934.0,1480.0,0.0,100,456.8,442.0,0,0.0,0.0,,0.0,0,0.0,0.0,,0.0,bidTooLow
2022-04-05,12934.0,903.0,0.0,100,451.03,442.0,0,0.0,0.0,,0.0,0,0.0,0.0,,0.0,bidTooLow
2022-04-06,12934.0,452.0,0.0,100,446.52,442.0,0,0.0,0.0,,0.0,0,0.0,0.0,,0.0,bidTooLow
2022-04-07,12934.0,677.0,0.0,100,448.77,442.0,0,0.0,0.0,,0.0,0,0.0,0.0,,0.0,bidTooLow
2022-04-08,12934.0,557.0,0.0,100,447.57,442.0,0,0.0,0.0,,0.0,0,0.0,0.0,,0.0,bidTooLow
2022-04-11,12934.0,-208.0,0.0,100,439.92,442.0,0,0.0,0.0,,0.0,0,0.0,0.0,,0.0,bidTooLow
2022-04-12,12934.0,-371.0,0.0,100,438.29,442.0,0,0.0,0.0,,0.0,0,0.0,0.0,,0.0,bidTooLow
2022-04-13,12934.0,131.0,0.0,100,443.31,442.0,0,0.0,0.0,,0.0,0,0.0,0.0,,0.0,bidTooLow
2022-04-14,12934.0,-421.0,0.0,100,437.79,442.0,0,0.0,0.0,,0.0,0,0.0,0.0,,0.0,bidTooLow
2022-04-18,12934.0,-403.0,0.0,100,437.97,442.0,0,0.0,0.0,,0.0,0,0.0,0.0,,0.0,bidTooLow
2022-04-19,12934.0,304.0,0.0,100,445.04,442.0,0,0.0,0.0,,0.0,0,0.0,0.0,,0.0,bidTooLow
2022-04-20,12934.0,271.0,0.0,100,444.71,442.0,0,0.0,0.0,,0.0,0,0.0,0.0,,0.0,bidTooLow
2022-04-21,12934.0,-394.0,0.0,100,438.06,442.0,0,0.0,0.0,,0.0,0,0.0,0.0,,0.0,bidTooLow
2022-04-22,12934.0,-1596.0,0.0,100,426.04,442.0,0,0.0,0.0,,0.0,0,0.0,0.0,,0.0,bidTooLow
2022-04-25,12934.0,-1349.0,0.0,100,428.51,442.0,0,0.0,0.0,,0.0,0,0.0,0.0,,0.0,bidTooLow
2022-04-26,12934.0,-2590.0,0.0,100,416.1,442.0,0,0.0,0.0,,0.0,0,0.0,0.0,,0.0,bidTooLow
2022-04-27,12934.0,-2473.0,0.0,100,417.27,442.0,0,0.0,0.0,,0.0,0,0.0,0.0,,0.0,bidTooLow
2022-04-28,12934.0,-1419.0,0.0,100,427.81,442.0,0,0.0,0.0,,0.0,0,0.0,0.0,,0.0,bidTooLow
2022-04-29,12934.0,-3000.0,0.0,100,412.0,442.0,0,0.0,0.0,,0.0,0,0.0,0.0,,0.0,bidTooLow
2022-05-02,12934.0,-2752.0,0.0,100,414.48,442.0,0,0.0,0.0,,0.0,0,0.0,0.0,,0.0,bidTooLow
2022-05-03,12934.0,-2562.0,0.0,100,416.38,442.0,0,0.0,0.0,,0.0,0,0.0,0.0,,0.0,bidTooLow
2022-05-04,12934.0,-1294.0,0.0,100,429.06,442.0,0,0.0,0.0,,0.0,0,0.0,0.0,,0.0,bidTooLow
2022-05-05,12934.0,-2819.0,0.0,100,413.81,442.0,0,0.0,0.0,,0.0,0,0.0,0.0,,0.0,bidTooLow
2022-05-06,12934.0,-3066.0,0.0,100,411.34,442.0,0,0.0,0.0,,0.0,0,0.0,0.0,,0.0,bidTooLow
2022-05-09,12934.0,-4383.0,0.0,100,398.17,442.0,0,0.0,0.0,,0.0,0,0.0,0.0,,0.0,bidTooLow
2022-05-10,12934.0,-4291.0,0.0,100,399.09,442.0,0,0.0,0.0,,0.0,0,0.0,0.0,,0.0,bidTooLow
2022-05-11,12934.0,-4925.0,0.0,100,392.75,442.0,0,0.0,0.0,,0.0,0,0.0,0.0,,0.0,bidTooLow
2022-05-12,12934.0,-4966.0,0.0,100,392.34,442.0,0,0.0,0.0,,0.0,0,0.0,0.0,,0.0,bidTooLow
2022-05-13,12934.0,-4028.0,0.0,100,401.72,442.0,0,0.0,0.0,,0.0,0,0.0,0.0,,0.0,bidTooLow
2022-05-16,12934.0,-4191.0,0.0,100,400.09,442.0,0,0.0,0.0,,0.0,0,0.0,0.0,,0.0,bidTooLow
2022-05-17,12934.0,-3368.0,0.0,100,408.32,442.0,0,0.0,0.0,,0.0,0,0.0,0.0,,0.0,bidTooLow
2022-05-18,12934.0,-5014.0,0.0,100,391.86,442.0,0,0.0,0.0,,0.0,0,0.0,0.0,,0.0,bidTooLow
2022-05-19,12934.0,-5254.0,0.0,100,389.46,442.0,0,0.0,0.0,,0.0,0,0.0,0.0,,0.0,bidTooLow
2022-05-20,12934.0,-5237.0,0.0,100,389.63,442.0,0,0.0,0.0,,0.0,0,0.0,0.0,,0.0,bidTooLow
2022-05-23,12934.0,-4508.0,0.0,100,396.92,442.0,0,0.0,0.0,,0.0,0,0.0,0.0,,0.0,bidTooLow
2022-05-24,12934.0,-4811.0,0.0,100,393.89,442.0,0,0.0,0.0,,0.0,0,0.0,0.0,,0.0,bidTooLow
2022-05-25,12934.0,-4463.0,0.0,100,397.37,442.0,0,0.0,0.0,,0.0,0,0.0,0.0,,0.0,bidTooLow
2022-05-26,12934.0,-3669.0,0.0,100,405.31,442.0,0,0.0,0.0,,0.0,0,0.0,0.0,,0.0,bidTooLow
2022-05-27,12934.0,-2677.0,0.0,100,415.26,442.0,0,0.0,0.0,,0.0,1,0.01,0.04,SPY220606C00447000,447.0,normalDay
2022-05-31,12934.0,-2908.0,0.0,100,412.93,442.0,0,0.0,0.0,,0.0,1,0.01,0.02,SPY220606C00447000,447.0,normalDay
2022-06-01,12934.0,-3241.0,0.0,100,409.59,442.0,0,0.0,0.0,,0.0,1,0.01,0.01,SPY220606C00447000,447.0,normalDay
2022-06-02,12934.0,-2461.0,0.0,100,417.39,442.0,0,0.0,0.0,,0.0,1,0.01,0.01,SPY220606C00447000,447.0,normalDay
2022-06-03,12934.0,-3146.0,0.0,100,410.54,442.0,0,0.0,0.0,,0.0,1,0.01,0.01,SPY220606C00447000,447.0,normalDay
2022-06-06,12935.0,-3021.0,1.0,100,411.79,442.0,0,0.0,0.0,,0.0,1,0.01,0.0,SPY220606C00447000,447.0,expirationDay
2022-06-07,12935.0,-2629.0,0.0,100,415.74,442.0,0,0.0,0.0,,0.0,1,0.12,0.15,SPY220617C00441000,441.0,normalDay
2022-06-08,12935.0,-3073.0,0.0,100,411.22,442.0,0,0.0,0.0,,0.0,1,0.12,0.07,SPY220617C00441000,441.0,normalDay
2022-06-09,12935.0,-4048.0,0.0,100,401.44,442.0,0,0.0,0.0,,0.0,1,0.12,0.04,SPY220617C00441000,441.0,normalDay
2022-06-10,12935.0,-5211.0,0.0,100,389.8,442.0,0,0.0,0.0,,0.0,1,0.12,0.03,SPY220617C00441000,441.0,normalDay
2022-06-13,12935.0,-6690.0,0.0,100,375.0,442.0,0,0.0,0.0,,0.0,1,0.12,0.02,SPY220617C00441000,441.0,normalDay
2022-06-14,12935.0,-6802.0,0.0,100,373.87,442.0,0,0.0,0.0,,0.0,1,0.12,0.01,SPY220617C00441000,441.0,normalDay
2022-06-15,12935.0,-6269.0,0.0,100,379.2,442.0,0,0.0,0.0,,0.0,1,0.12,0.01,SPY220617C00441000,441.0,normalDay
2022-06-16,12935.0,-7524.0,0.0,100,366.65,442.0,0,0.0,0.0,,0.0,1,0.12,0.01,SPY220617C00441000,441.0,normalDay
2022-06-17,12947.0,-7614.0,12.0,100,365.86,442.0,0,0.0,0.0,,0.0,1,0.12,0.0,SPY220617C00441000,441.0,expirationDay
2022-06-21,12947.0,-6693.0,0.0,100,375.07,442.0,0,0.0,0.0,,0.0,0,0.0,0.0,,0.0,bidTooLow
2022-06-22,12947.0,-6761.0,0.0,100,374.39,442.0,0,0.0,0.0,,0.0,0,0.0,0.0,,0.0,bidTooLow
2022-06-23,12947.0,-6394.0,0.0,100,378.06,442.0,0,0.0,0.0,,0.0,0,0.0,0.0,,0.0,bidTooLow
2022-06-24,12947.0,-5192.0,0.0,100,390.08,442.0,0,0.0,0.0,,0.0,0,0.0,0.0,,0.0,bidTooLow
2022-06-27,12947.0,-5341.0,0.0,100,388.59,442.0,0,0.0,0.0,,0.0,0,0.0,0.0,,0.0,bidTooLow
2022-06-28,12947.0,-6135.0,0.0,100,380.65,442.0,0,0.0,0.0,,0.0,0,0.0,0.0,,0.0,bidTooLow
2022-06-29,12947.0,-6166.0,0.0,100,380.34,442.0,0,0.0,0.0,,0.0,0,0.0,0.0,,0.0,bidTooLow
2022-06-30,12947.0,-6475.0,0.0,100,377.25,442.0,0,0.0,0.0,,0.0,0,0.0,0.0,,0.0,bidTooLow
2022-07-01,12947.0,-6076.0,0.0,100,381.24,442.0,0,0.0,0.0,,0.0,0,0.0,0.0,,0.0,bidTooLow
2022-07-05,12947.0,-6004.0,0.0,100,381.96,442.0,0,0.0,0.0,,0.0,0,0.0,0.0,,0.0,bidTooLow
2022-07-06,12947.0,-5875.0,0.0,100,383.25,442.0,0,0.0,0.0,,0.0,0,0.0,0.0,,0.0,bidTooLow
2022-07-07,12947.0,-5301.0,0.0,100,388.99,442.0,0,0.0,0.0,,0.0,0,0.0,0.0,,0.0,bidTooLow
2022-07-08,12947.0,-5336.0,0.0,100,388.67,442.0,0,0.0,0.0,,0.0,1,0.02,0.05,SPY220718C00415000,415.0,normalDay
2022-07-11,12947.0,-5777.0,0.0,100,384.23,442.0,0,0.0,0.0,,0.0,1,0.02,0.02,SPY220718C00415000,415.0,normalDay
2022-07-12,12947.0,-6117.0,0.0,100,380.83,442.0,0,0.0,0.0,,0.0,1,0.02,0.02,SPY220718C00415000,415.0,normalDay
2022-07-13,12947.0,-6316.0,0.0,100,378.83,442.0,0,0.0,0.0,,0.0,1,0.02,0.01,SPY220718C00415000,415.0,normalDay
2022-07-14,12947.0,-6408.0,0.0,100,377.91,442.0,0,0.0,0.0,,0.0,1,0.02,0.01,SPY220718C00415000,415.0,normalDay
2022-07-15,12947.0,-5686.0,0.0,100,385.13,442.0,0,0.0,0.0,,0.0,1,0.02,0.01,SPY220718C00415000,415.0,normalDay
2022-07-18,12949.0,-6005.0,2.0,100,381.95,442.0,0,0.0,0.0,,0.0,1,0.02,0.0,SPY220718C00415000,415.0,expirationDay
2022-07-19,12949.0,-4978.0,0.0,100,392.27,442.0,0,0.0,0.0,,0.0,1,2.13,2.18,SPY220729C00403000,403.0,normalDay
2022-07-20,12949.0,-4768.0,0.0,100,394.77,442.0,0,0.0,0.0,,0.0,1,2.13,2.58,SPY220729C00403000,403.0,normalDay
2022-07-21,12949.0,-4423.0,0.0,100,398.79,442.0,0,0.0,0.0,,0.0,1,2.13,3.15,SPY220729C00403000,403.0,normalDay
2022-07-22,12949.0,-4628.0,0.0,100,395.09,442.0,0,0.0,0.0,,0.0,1,2.13,1.5,SPY220729C00403000,403.0,normalDay
2022-07-25,12949.0,-4575.0,0.0,100,395.57,442.0,0,0.0,0.0,,0.0,1,2.13,1.45,SPY220729C00403000,403.0,normalDay
2022-07-26,12949.0,-4958.0,0.0,100,390.89,442.0,0,0.0,0.0,,0.0,1,2.13,0.6,SPY220729C00403000,403.0,normalDay
2022-07-27,12949.0,-4069.0,0.0,100,401.04,442.0,0,0.0,0.0,,0.0,1,2.13,1.86,SPY220729C00403000,403.0,normalDay
2022-07-28,12949.0,-3874.0,0.0,100,406.07,442.0,0,0.0,0.0,,0.0,1,2.13,4.94,SPY220729C00403000,403.0,normalDay
2022-07-29,9262.0,-3874.0,-3687.0,0,411.99,0.0,0,0.0,0.0,,0.0,1,2.13,0.0,SPY220729C00403000,403.0,expirationDay
2022-08-01,9262.0,-3.0,0.0,0,410.77,0.0,1,0.79,0.82,SPY220902P00356000,356.0,0,0.0,0.0,,0.0,normalDay
2022-08-02,9262.0,-22.0,0.0,0,408.06,0.0,1,0.79,1.01,SPY220902P00356000,356.0,0,0.0,0.0,,0.0,normalDay
2022-08-03,9262.0,24.0,0.0,0,414.45,0.0,1,0.79,0.55,SPY220902P00356000,356.0,0,0.0,0.0,,0.0,normalDay
2022-08-04,9262.0,30.0,0.0,0,414.17,0.0,1,0.79,0.49,SPY220902P00356000,356.0,0,0.0,0.0,,0.0,normalDay
2022-08-05,9262.0,31.0,0.0,0,413.47,0.0,1,0.79,0.48,SPY220902P00356000,356.0,0,0.0,0.0,,0.0,normalDay
2022-08-08,9262.0,37.0,0.0,0,412.99,0.0,1,0.79,0.42,SPY220902P00356000,356.0,0,0.0,0.0,,0.0,normalDay
2022-08-09,9262.0,35.0,0.0,0,411.35,0.0,1,0.79,0.44,SPY220902P00356000,356.0,0,0.0,0.0,,0.0,normalDay
2022-08-10,9262.0,56.0,0.0,0,419.99,0.0,1,0.79,0.23,SPY220902P00356000,356.0,0,0.0,0.0,,0.0,normalDay
2022-08-11,9262.0,54.0,0.0,0,419.99,0.0,1,0.79,0.25,SPY220902P00356000,356.0,0,0.0,0.0,,0.0,normalDay
2022-08-12,9262.0,61.0,0.0,0,427.1,0.0,1,0.79,0.18,SPY220902P00356000,356.0,0,0.0,0.0,,0.0,normalDay
2022-08-15,9262.0,66.0,0.0,0,428.86,0.0,1,0.79,0.13,SPY220902P00356000,356.0,0,0.0,0.0,,0.0,normalDay
2022-08-16,9262.0,68.0,0.0,0,429.7,0.0,1,0.79,0.11,SPY220902P00356000,356.0,0,0.0,0.0,,0.0,normalDay
2022-08-17,9262.0,70.0,0.0,0,426.65,0.0,1,0.79,0.09,SPY220902P00356000,356.0,0,0.0,0.0,,0.0,normalDay
2022-08-18,9262.0,71.0,0.0,0,427.89,0.0,1,0.79,0.08,SPY220902P00356000,356.0,0,0.0,0.0,,0.0,normalDay
2022-08-19,9262.0,70.0,0.0,0,422.14,0.0,1,0.79,0.09,SPY220902P00356000,356.0,0,0.0,0.0,,0.0,normalDay
2022-08-22,9262.0,67.0,0.0,0,413.35,0.0,1,0.79,0.12,SPY220902P00356000,356.0,0,0.0,0.0,,0.0,normalDay
2022-08-23,9262.0,68.0,0.0,0,412.35,0.0,1,0.79,0.11,SPY220902P00356000,356.0,0,0.0,0.0,,0.0,normalDay
2022-08-24,9262.0,74.0,0.0,0,413.67,0.0,1,0.79,0.05,SPY220902P00356000,356.0,0,0.0,0.0,,0.0,normalDay
2022-08-25,9262.0,75.0,0.0,0,419.51,0.0,1,0.79,0.04,SPY220902P00356000,356.0,0,0.0,0.0,,0.0,normalDay
2022-08-26,9262.0,68.0,0.0,0,405.31,0.0,1,0.79,0.11,SPY220902P00356000,356.0,0,0.0,0.0,,0.0,normalDay
2022-08-29,9262.0,76.0,0.0,0,402.63,0.0,1,0.79,0.03,SPY220902P00356000,356.0,0,0.0,0.0,,0.0,normalDay
2022-08-30,9262.0,76.0,0.0,0,398.21,0.0,1,0.79,0.03,SPY220902P00356000,356.0,0,0.0,0.0,,0.0,normalDay
2022-08-31,9262.0,77.0,0.0,0,395.18,0.0,1,0.79,0.02,SPY220902P00356000,356.0,0,0.0,0.0,,0.0,normalDay
2022-09-01,9262.0,78.0,0.0,0,396.42,0.0,1,0.79,0.01,SPY220902P00356000,356.0,0,0.0,0.0,,0.0,normalDay
2022-09-02,9341.0,0.0,79.0,0,392.24,0.0,1,0.79,0.0,SPY220902P00356000,356.0,0,0.0,0.0,,0.0,expirationDay
2022-09-06,9341.0,-5.0,0.0,0,390.76,0.0,1,4.46,4.51,SPY221007P00368000,368.0,0,0.0,0.0,,0.0,normalDay
2022-09-07,9341.0,171.0,0.0,0,397.78,0.0,1,4.46,2.75,SPY221007P00368000,368.0,0,0.0,0.0,,0.0,normalDay
2022-09-08,9341.0,247.0,0.0,0,400.38,0.0,1,4.46,1.99,SPY221007P00368000,368.0,0,0.0,0.0,,0.0,normalDay
2022-09-09,9341.0,310.0,0.0,0,406.6,0.0,1,4.46,1.36,SPY221007P00368000,368.0,0,0.0,0.0,,0.0,normalDay
2022-09-12,9341.0,346.0,0.0,0,410.97,0.0,1,4.46,1.0,SPY221007P00368000,368.0,0,0.0,0.0,,0.0,normalDay
2022-09-13,9341.0,155.0,0.0,0,393.1,0.0,1,4.46,2.91,SPY221007P00368000,368.0,0,0.0,0.0,,0.0,normalDay
2022-09-14,9341.0,191.0,0.0,0,394.6,0.0,1,4.46,2.55,SPY221007P00368000,368.0,0,0.0,0.0,,0.0,normalDay
2022-09-15,9341.0,161.0,0.0,0,390.12,0.0,1,4.46,2.85,SPY221007P00368000,368.0,0,0.0,0.0,,0.0,normalDay
2022-09-16,9341.0,116.0,0.0,0,385.56,0.0,1,4.46,3.3,SPY221007P00368000,368.0,0,0.0,0.0,,0.0,normalDay
2022-09-19,9341.0,204.0,0.0,0,388.55,0.0,1,4.46,2.42,SPY221007P00368000,368.0,0,0.0,0.0,,0.0,normalDay
2022-09-20,9341.0,104.0,0.0,0,384.09,0.0,1,4.46,3.42,SPY221007P00368000,368.0,0,0.0,0.0,,0.0,normalDay
2022-09-21,9341.0,-50.0,0.0,0,377.39,0.0,1,4.46,4.96,SPY221007P00368000,368.0,0,0.0,0.0,,0.0,normalDay
2022-09-22,9341.0,-67.0,0.0,0,374.22,0.0,1,4.46,5.13,SPY221007P00368000,368.0,0,0.0,0.0,,0.0,normalDay
2022-09-23,9341.0,-365.0,0.0,0,367.95,0.0,1,4.46,8.11,SPY221007P00368000,368.0,0,0.0,0.0,,0.0,normalDay
2022-09-26,9341.0,-576.0,0.0,0,364.31,0.0,1,4.46,10.22,SPY221007P00368000,368.0,0,0.0,0.0,,0.0,normalDay
2022-09-27,9341.0,-557.0,0.0,0,363.38,0.0,1,4.46,10.03,SPY221007P00368000,368.0,0,0.0,0.0,,0.0,normalDay
2022-09-28,9341.0,-132.0,0.0,0,370.53,0.0,1,4.46,5.78,SPY221007P00368000,368.0,0,0.0,0.0,,0.0,normalDay
2022-09-29,9341.0,-482.0,0.0,0,362.79,0.0,1,4.46,9.28,SPY221007P00368000,368.0,0,0.0,0.0,,0.0,normalDay
2022-09-30,9341.0,-729.0,0.0,0,357.18,0.0,1,4.46,11.75,SPY221007P00368000,368.0,0,0.0,0.0,,0.0,normalDay
2022-10-03,9341.0,-59.0,0.0,0,366.61,0.0,1,4.46,5.05,SPY221007P00368000,368.0,0,0.0,0.0,,0.0,normalDay
2022-10-04,9341.0,329.0,0.0,0,377.97,0.0,1,4.46,1.17,SPY221007P00368000,368.0,0,0.0,0.0,,0.0,normalDay
2022-10-05,9341.0,379.0,0.0,0,377.09,0.0,1,4.46,0.67,SPY221007P00368000,368.0,0,0.0,0.0,,0.0,normalDay
2022-10-06,9341.0,334.0,0.0,0,373.2,0.0,1,4.46,1.12,SPY221007P00368000,368.0,0,0.0,0.0,,0.0,normalDay
2022-10-07,9787.0,-521.0,446.0,100,362.79,368.0,1,4.46,0.0,SPY221007P00368000,368.0,0,0.0,0.0,,0.0,expirationDay
2022-10-10,9787.0,-798.0,0.0,100,360.02,368.0,0,0.0,0.0,,0.0,0,0.0,0.0,,0.0,bidTooLow
2022-10-11,9787.0,-1026.0,0.0,100,357.74,368.0,0,0.0,0.0,,0.0,0,0.0,0.0,,0.0,bidTooLow
2022-10-12,9787.0,-1144.0,0.0,100,356.56,368.0,0,0.0,0.0,,0.0,0,0.0,0.0,,0.0,bidTooLow
2022-10-13,9787.0,-206.0,0.0,100,365.97,368.0,0,0.0,0.0,,0.0,1,0.07,0.1,SPY221024C00408000,408.0,normalDay
2022-10-14,9787.0,-1033.0,0.0,100,357.63,368.0,0,0.0,0.0,,0.0,1,0.07,0.03,SPY221024C00408000,408.0,normalDay
2022-10-17,9787.0,-114.0,0.0,100,366.82,368.0,0,0.0,0.0,,0.0,1,0.07,0.03,SPY221024C00408000,408.0,normalDay
2022-10-18,9787.0,317.0,0.0,100,371.13,368.0,0,0.0,0.0,,0.0,1,0.07,0.03,SPY221024C00408000,408.0,normalDay
2022-10-19,9787.0,55.0,0.0,100,368.5,368.0,0,0.0,0.0,,0.0,1,0.07,0.02,SPY221024C00408000,408.0,normalDay
2022-10-20,9787.0,-253.0,0.0,100,365.41,368.0,0,0.0,0.0,,0.0,1,0.07,0.01,SPY221024C00408000,408.0,normalDay
2022-10-21,9787.0,635.0,0.0,100,374.29,368.0,0,0.0,0.0,,0.0,1,0.07,0.01,SPY221024C00408000,408.0,normalDay
2022-10-24,9794.0,1087.0,7.0,100,378.87,368.0,0,0.0,0.0,,0.0,1,0.07,0.0,SPY221024C00408000,408.0,expirationDay
2022-10-25,9794.0,1687.0,0.0,100,384.92,368.0,0,0.0,0.0,,0.0,1,1.81,1.86,SPY221104C00400000,400.0,normalDay
2022-10-26,9794.0,1448.0,0.0,100,382.02,368.0,0,0.0,0.0,,0.0,1,1.81,1.35,SPY221104C00400000,400.0,normalDay
2022-10-27,9794.0,1334.0,0.0,100,379.98,368.0,0,0.0,0.0,,0.0,1,1.81,0.45,SPY221104C00400000,400.0,normalDay
2022-10-28,9794.0,2093.0,0.0,100,389.02,368.0,0,0.0,0.0,,0.0,1,1.81,1.9,SPY221104C00400000,400.0,normalDay
2022-10-31,9794.0,1913.0,0.0,100,386.21,368.0,0,0.0,0.0,,0.0,1,1.81,0.89,SPY221104C00400000,400.0,normalDay
2022-11-01,9794.0,1779.0,0.0,100,384.52,368.0,0,0.0,0.0,,0.0,1,1.81,0.54,SPY221104C00400000,400.0,normalDay
2022-11-02,9794.0,864.0,0.0,100,374.87,368.0,0,0.0,0.0,,0.0,1,1.81,0.04,SPY221104C00400000,400.0,normalDay
2022-11-03,9794.0,481.0,0.0,100,371.01,368.0,0,0.0,0.0,,0.0,1,1.81,0.01,SPY221104C00400000,400.0,normalDay
2022-11-04,9975.0,835.0,181.0,100,376.35,368.0,0,0.0,0.0,,0.0,1,1.81,0.0,SPY221104C00400000,400.0,expirationDay
2022-11-07,9975.0,1192.0,0.0,100,379.95,368.0,0,0.0,0.0,,0.0,1,0.14,0.17,SPY221118C00412000,412.0,normalDay
2022-11-08,9975.0,1393.0,0.0,100,382.0,368.0,0,0.0,0.0,,0.0,1,0.14,0.21,SPY221118C00412000,412.0,normalDay
2022-11-09,9975.0,620.0,0.0,100,374.13,368.0,0,0.0,0.0,,0.0,1,0.14,0.07,SPY221118C00412000,412.0,normalDay
2022-11-10,9975.0,2608.0,0.0,100,394.69,368.0,0,0.0,0.0,,0.0,1,0.14,0.75,SPY221118C00412000,412.0,normalDay
2022-11-11,9975.0,3004.0,0.0,100,398.51,368.0,0,0.0,0.0,,0.0,1,0.14,0.61,SPY221118C00412000,412.0,normalDay
2022-11-14,9975.0,2706.0,0.0,100,395.12,368.0,0,0.0,0.0,,0.0,1,0.14,0.2,SPY221118C00412000,412.0,normalDay
2022-11-15,9975.0,3034.0,0.0,100,398.49,368.0,0,0.0,0.0,,0.0,1,0.14,0.29,SPY221118C00412000,412.0,normalDay
2022-11-16,9975.0,2754.0,0.0,100,395.45,368.0,0,0.0,0.0,,0.0,1,0.14,0.05,SPY221118C00412000,412.0,normalDay
2022-11-17,9975.0,2636.0,0.0,100,394.24,368.0,0,0.0,0.0,,0.0,1,0.14,0.02,SPY221118C00412000,412.0,normalDay
2022-11-18,9989.0,2803.0,14.0,100,396.03,368.0,0,0.0,0.0,,0.0,1,0.14,0.0,SPY221118C00412000,412.0,expirationDay
2022-11-21,9989.0,2656.0,0.0,100,394.59,368.0,0,0.0,0.0,,0.0,1,0.06,0.09,SPY221202C00422000,422.0,normalDay
2022-11-22,9989.0,3183.0,0.0,100,399.9,368.0,0,0.0,0.0,,0.0,1,0.06,0.13,SPY221202C00422000,422.0,normalDay
2022-11-23,9989.0,3442.0,0.0,100,402.42,368.0,0,0.0,0.0,,0.0,1,0.06,0.06,SPY221202C00422000,422.0,normalDay
2022-11-25,9989.0,3436.0,0.0,100,402.33,368.0,0,0.0,0.0,,0.0,1,0.06,0.03,SPY221202C00422000,422.0,normalDay
2022-11-28,9989.0,2795.0,0.0,100,395.91,368.0,0,0.0,0.0,,0.0,1,0.06,0.02,SPY221202C00422000,422.0,normalDay
2022-11-29,9989.0,2728.0,0.0,100,395.23,368.0,0,0.0,0.0,,0.0,1,0.06,0.01,SPY221202C00422000,422.0,normalDay
2022-11-30,9989.0,3967.0,0.0,100,407.68,368.0,0,0.0,0.0,,0.0,1,0.06,0.07,SPY221202C00422000,422.0,normalDay
2022-12-01,9989.0,3942.0,0.0,100,407.38,368.0,0,0.0,0.0,,0.0,1,0.06,0.02,SPY221202C00422000,422.0,normalDay
2022-12-02,9995.0,3891.0,6.0,100,406.91,368.0,0,0.0,0.0,,0.0,1,0.06,0.0,SPY221202C00422000,422.0,expirationDay
2022-12-05,9995.0,3156.0,0.0,100,399.59,368.0,0,0.0,0.0,,0.0,1,0.08,0.11,SPY221216C00431000,431.0,normalDay
2022-12-06,9995.0,2583.0,0.0,100,393.83,368.0,0,0.0,0.0,,0.0,1,0.08,0.08,SPY221216C00431000,431.0,normalDay
2022-12-07,9995.0,2518.0,0.0,100,393.16,368.0,0,0.0,0.0,,0.0,1,0.08,0.06,SPY221216C00431000,431.0,normalDay
2022-12-08,9995.0,2826.0,0.0,100,396.24,368.0,0,0.0,0.0,,0.0,1,0.08,0.06,SPY221216C00431000,431.0,normalDay
2022-12-09,9995.0,2533.0,0.0,100,393.28,368.0,0,0.0,0.0,,0.0,1,0.08,0.03,SPY221216C00431000,431.0,normalDay
2022-12-12,9995.0,3089.0,0.0,100,398.95,368.0,0,0.0,0.0,,0.0,1,0.08,0.14,SPY221216C00431000,431.0,normalDay
2022-12-13,9995.0,3401.0,0.0,100,401.97,368.0,0,0.0,0.0,,0.0,1,0.08,0.04,SPY221216C00431000,431.0,normalDay
2022-12-14,9995.0,3147.0,0.0,100,399.4,368.0,0,0.0,0.0,,0.0,1,0.08,0.01,SPY221216C00431000,431.0,normalDay
2022-12-15,9995.0,2170.0,0.0,100,389.63,368.0,0,0.0,0.0,,0.0,1,0.08,0.01,SPY221216C00431000,431.0,normalDay
2022-12-16,10003.0,1527.0,8.0,100,383.27,368.0,0,0.0,0.0,,0.0,1,0.08,0.0,SPY221216C00431000,431.0,expirationDay
2022-12-19,10003.0,1202.0,0.0,100,380.02,368.0,0,0.0,0.0,,0.0,0,0.0,0.0,,0.0,bidTooLow
2022-12-20,10003.0,1254.0,0.0,100,380.54,368.0,0,0.0,0.0,,0.0,0,0.0,0.0,,0.0,bidTooLow
2022-12-21,10003.0,1823.0,0.0,100,386.23,368.0,0,0.0,0.0,,0.0,0,0.0,0.0,,0.0,bidTooLow
2022-12-22,10003.0,1272.0,0.0,100,380.72,368.0,0,0.0,0.0,,0.0,0,0.0,0.0,,0.0,bidTooLow
2022-12-23,10003.0,1491.0,0.0,100,382.91,368.0,0,0.0,0.0,,0.0,0,0.0,0.0,,0.0,bidTooLow
2022-12-27,10003.0,1340.0,0.0,100,381.4,368.0,0,0.0,0.0,,0.0,0,0.0,0.0,,0.0,bidTooLow
2022-12-28,10003.0,866.0,0.0,100,376.66,368.0,0,0.0,0.0,,0.0,0,0.0,0.0,,0.0,bidTooLow
2022-12-29,10003.0,1544.0,0.0,100,383.44,368.0,0,0.0,0.0,,0.0,0,0.0,0.0,,0.0,bidTooLow
2022-12-30,10003.0,1443.0,0.0,100,382.43,368.0,0,0.0,0.0,,0.0,0,0.0,0.0,,0.0,bidTooLow
2023-01-03,10003.0,1282.0,0.0,100,380.82,368.0,0,0.0,0.0,,0.0,0,0.0,0.0,,0.0,bidTooLow
2023-01-04,10003.0,1573.0,0.0,100,383.76,368.0,0,0.0,0.0,,0.0,1,0.01,0.04,SPY230113C00418000,418.0,normalDay
2023-01-05,10003.0,1137.0,0.0,100,379.38,368.0,0,0.0,0.0,,0.0,1,0.01,0.02,SPY230113C00418000,418.0,normalDay
2023-01-06,10003.0,2007.0,0.0,100,388.08,368.0,0,0.0,0.0,,0.0,1,0.01,0.02,SPY230113C00418000,418.0,normalDay
2023-01-09,10003.0,1985.0,0.0,100,387.86,368.0,0,0.0,0.0,,0.0,1,0.01,0.02,SPY230113C00418000,418.0,normalDay
2023-01-10,10003.0,2257.0,0.0,100,390.58,368.0,0,0.0,0.0,,0.0,1,0.01,0.02,SPY230113C00418000,418.0,normalDay
2023-01-11,10003.0,2750.0,0.0,100,395.52,368.0,0,0.0,0.0,,0.0,1,0.01,0.03,SPY230113C00418000,418.0,normalDay
2023-01-12,10003.0,2896.0,0.0,100,396.96,368.0,0,0.0,0.0,,0.0,1,0.01,0.01,SPY230113C00418000,418.0,normalDay
2023-01-13,10004.0,3050.0,1.0,100,398.5,368.0,0,0.0,0.0,,0.0,1,0.01,0.0,SPY230113C00418000,418.0,expirationDay
2023-01-17,10004.0,2974.0,0.0,100,397.77,368.0,0,0.0,0.0,,0.0,1,0.22,0.25,SPY230127C00413000,413.0,normalDay
2023-01-18,10004.0,2366.0,0.0,100,391.49,368.0,0,0.0,0.0,,0.0,1,0.22,0.05,SPY230127C00413000,413.0,normalDay
2023-01-19,10004.0,2084.0,0.0,100,388.64,368.0,0,0.0,0.0,,0.0,1,0.22,0.02,SPY230127C00413000,413.0,normalDay
2023-01-20,10004.0,2805.0,0.0,100,395.88,368.0,0,0.0,0.0,,0.0,1,0.22,0.05,SPY230127C00413000,413.0,normalDay
2023-01-23,10004.0,3272.0,0.0,100,400.63,368.0,0,0.0,0.0,,0.0,1,0.22,0.13,SPY230127C00413000,413.0,normalDay
2023-01-24,10004.0,3231.0,0.0,100,400.2,368.0,0,0.0,0.0,,0.0,1,0.22,0.11,SPY230127C00413000,413.0,normalDay
2023-01-25,10004.0,3254.0,0.0,100,400.35,368.0,0,0.0,0.0,,0.0,1,0.22,0.03,SPY230127C00413000,413.0,normalDay
2023-01-26,10004.0,3694.0,0.0,100,404.75,368.0,0,0.0,0.0,,0.0,1,0.22,0.03,SPY230127C00413000,413.0,normalDay
2023-01-27,10026.0,3768.0,22.0,100,405.68,368.0,0,0.0,0.0,,0.0,1,0.22,0.0,SPY230127C00413000,413.0,expirationDay
2023-01-30,10026.0,3256.0,0.0,100,400.59,368.0,0,0.0,0.0,,0.0,1,0.17,0.2,SPY230210C00425000,425.0,normalDay
2023-01-31,10026.0,3829.0,0.0,100,406.48,368.0,0,0.0,0.0,,0.0,1,0.17,0.36,SPY230210C00425000,425.0,normalDay
2023-02-01,10026.0,4240.0,0.0,100,410.8,368.0,0,0.0,0.0,,0.0,1,0.17,0.57,SPY230210C00425000,425.0,normalDay
2023-02-02,10026.0,4787.0,0.0,100,416.78,368.0,0,0.0,0.0,,0.0,1,0.17,1.08,SPY230210C00425000,425.0,normalDay
2023-02-03,10026.0,4420.0,0.0,100,412.35,368.0,0,0.0,0.0,,0.0,1,0.17,0.32,SPY230210C00425000,425.0,normalDay
2023-02-06,10026.0,4188.0,0.0,100,409.83,368.0,0,0.0,0.0,,0.0,1,0.17,0.12,SPY230210C00425000,425.0,normalDay
2023-02-07,10026.0,4718.0,0.0,100,415.19,368.0,0,0.0,0.0,,0.0,1,0.17,0.18,SPY230210C00425000,425.0,normalDay
2023-02-08,10026.0,4279.0,0.0,100,410.65,368.0,0,0.0,0.0,,0.0,1,0.17,0.03,SPY230210C00425000,425.0,normalDay
2023-02-09,10026.0,3925.0,0.0,100,407.09,368.0,0,0.0,0.0,,0.0,1,0.17,0.01,SPY230210C00425000,425.0,normalDay
2023-02-10,10043.0,4004.0,17.0,100,408.04,368.0,0,0.0,0.0,,0.0,1,0.17,0.0,SPY230210C00425000,425.0,expirationDay
2023-02-13,10043.0,4480.0,0.0,100,412.83,368.0,0,0.0,0.0,,0.0,1,0.15,0.18,SPY230224C00436000,436.0,normalDay
2023-02-14,10043.0,4474.0,0.0,100,412.64,368.0,0,0.0,0.0,,0.0,1,0.15,0.05,SPY230224C00436000,436.0,normalDay
2023-02-15,10043.0,4610.0,0.0,100,413.98,368.0,0,0.0,0.0,,0.0,1,0.15,0.03,SPY230224C00436000,436.0,normalDay
2023-02-16,10043.0,4042.0,0.0,100,408.28,368.0,0,0.0,0.0,,0.0,1,0.15,0.01,SPY230224C00436000,436.0,normalDay
2023-02-17,10043.0,3940.0,0.0,100,407.26,368.0,0,0.0,0.0,,0.0,1,0.15,0.01,SPY230224C00436000,436.0,normalDay
2023-02-21,10043.0,3123.0,0.0,100,399.09,368.0,0,0.0,0.0,,0.0,1,0.15,0.01,SPY230224C00436000,436.0,normalDay
2023-02-22,10043.0,3068.0,0.0,100,398.54,368.0,0,0.0,0.0,,0.0,1,0.15,0.01,SPY230224C00436000,436.0,normalDay
2023-02-23,10043.0,3280.0,0.0,100,400.66,368.0,0,0.0,0.0,,0.0,1,0.15,0.01,SPY230224C00436000,436.0,normalDay
2023-02-24,10058.0,2838.0,15.0,100,396.38,368.0,0,0.0,0.0,,0.0,1,0.15,0.0,SPY230224C00436000,436.0,expirationDay
2023-02-27,10058.0,2973.0,0.0,100,397.73,368.0,0,0.0,0.0,,0.0,0,0.0,0.0,,0.0,bidTooLow
2023-02-28,10058.0,2826.0,0.0,100,396.26,368.0,0,0.0,0.0,,0.0,0,0.0,0.0,,0.0,bidTooLow
2023-03-01,10058.0,2674.0,0.0,100,394.74,368.0,0,0.0,0.0,,0.0,0,0.0,0.0,,0.0,bidTooLow
2023-03-02,10058.0,2981.0,0.0,100,397.81,368.0,0,0.0,0.0,,0.0,0,0.0,0.0,,0.0,bidTooLow
2023-03-03,10058.0,3616.0,0.0,100,404.19,368.0,0,0.0,0.0,,0.0,1,0.01,0.04,SPY230314C00433000,433.0,normalDay
2023-03-06,10058.0,3645.0,0.0,100,404.47,368.0,0,0.0,0.0,,0.0,1,0.01,0.03,SPY230314C00433000,433.0,normalDay
2023-03-07,10058.0,3026.0,0.0,100,398.27,368.0,0,0.0,0.0,,0.0,1,0.01,0.02,SPY230314C00433000,433.0,normalDay
2023-03-08,10058.0,3092.0,0.0,100,398.92,368.0,0,0.0,0.0,,0.0,1,0.01,0.01,SPY230314C00433000,433.0,normalDay
2023-03-09,10058.0,2356.0,0.0,100,391.56,368.0,0,0.0,0.0,,0.0,1,0.01,0.01,SPY230314C00433000,433.0,normalDay
2023-03-10,10058.0,1791.0,0.0,100,385.91,368.0,0,0.0,0.0,,0.0,1,0.01,0.01,SPY230314C00433000,433.0,normalDay
2023-03-13,10058.0,1736.0,0.0,100,385.36,368.0,0,0.0,0.0,,0.0,1,0.01,0.01,SPY230314C00433000,433.0,normalDay
2023-03-14,10059.0,2373.0,1.0,100,391.73,368.0,0,0.0,0.0,,0.0,1,0.01,0.0,SPY230314C00433000,433.0,expirationDay
2023-03-15,10059.0,2128.0,0.0,100,389.28,368.0,0,0.0,0.0,,0.0,0,0.0,0.0,,0.0,bidTooLow
2023-03-16,10059.0,2808.0,0.0,100,396.11,368.0,0,0.0,0.0,,0.0,1,0.05,0.08,SPY230327C00422000,422.0,normalDay
2023-03-17,10059.0,2201.0,0.0,100,389.99,368.0,0,0.0,0.0,,0.0,1,0.05,0.03,SPY230327C00422000,422.0,normalDay
2023-03-20,10059.0,2576.0,0.0,100,393.74,368.0,0,0.0,0.0,,0.0,1,0.05,0.03,SPY230327C00422000,422.0,normalDay
2023-03-21,10059.0,3091.0,0.0,100,398.91,368.0,0,0.0,0.0,,0.0,1,0.05,0.05,SPY230327C00422000,422.0,normalDay
2023-03-22,10059.0,2415.0,0.0,100,392.11,368.0,0,0.0,0.0,,0.0,1,0.05,0.01,SPY230327C00422000,422.0,normalDay
2023-03-23,10059.0,2521.0,0.0,100,393.17,368.0,0,0.0,0.0,,0.0,1,0.05,0.01,SPY230327C00422000,422.0,normalDay
2023-03-24,10059.0,2779.0,0.0,100,395.75,368.0,0,0.0,0.0,,0.0,1,0.05,0.01,SPY230327C00422000,422.0,normalDay
2023-03-27,10064.0,2849.0,5.0,100,396.49,368.0,0,0.0,0.0,,0.0,1,0.05,0.0,SPY230327C00422000,422.0,expirationDay
2023-03-28,10064.0,2757.0,0.0,100,395.6,368.0,0,0.0,0.0,,0.0,1,0.06,0.09,SPY230406C00415000,415.0,normalDay
2023-03-29,10064.0,3320.0,0.0,100,401.35,368.0,0,0.0,0.0,,0.0,1,0.06,0.21,SPY230406C00415000,415.0,normalDay
2023-03-30,10064.0,3554.0,0.0,100,403.7,368.0,0,0.0,0.0,,0.0,1,0.06,0.22,SPY230406C00415000,415.0,normalDay
2023-03-31,10064.0,4057.0,0.0,100,409.39,368.0,0,0.0,0.0,,0.0,1,0.06,0.88,SPY230406C00415000,415.0,normalDay
2023-04-03,10064.0,4224.0,0.0,100,410.95,368.0,0,0.0,0.0,,0.0,1,0.06,0.77,SPY230406C00415000,415.0,normalDay
2023-04-04,10064.0,4057.0,0.0,100,408.67,368.0,0,0.0,0.0,,0.0,1,0.06,0.16,SPY230406C00415000,415.0,normalDay
2023-04-05,10064.0,3964.0,0.0,100,407.6,368.0,0,0.0,0.0,,0.0,1,0.06,0.02,SPY230406C00415000,415.0,normalDay
2023-04-06,10070.0,4119.0,6.0,100,409.19,368.0,0,0.0,0.0,,0.0,1,0.06,0.0,SPY230406C00415000,415.0,expirationDay
2023-04-10,10070.0,4158.0,0.0,100,409.61,368.0,0,0.0,0.0,,0.0,1,0.03,0.06,SPY230421C00432000,432.0,normalDay
2023-04-11,10070.0,4170.0,0.0,100,409.72,368.0,0,0.0,0.0,,0.0,1,0.03,0.05,SPY230421C00432000,432.0,normalDay
2023-04-12,10070.0,4005.0,0.0,100,408.05,368.0,0,0.0,0.0,,0.0,1,0.03,0.03,SPY230421C00432000,432.0,normalDay
2023-04-13,10070.0,4546.0,0.0,100,413.47,368.0,0,0.0,0.0,,0.0,1,0.03,0.04,SPY230421C00432000,432.0,normalDay
2023-04-14,10070.0,4447.0,0.0,100,412.46,368.0,0,0.0,0.0,,0.0,1,0.03,0.02,SPY230421C00432000,432.0,normalDay
2023-04-17,10070.0,4595.0,0.0,100,413.94,368.0,0,0.0,0.0,,0.0,1,0.03,0.02,SPY230421C00432000,432.0,normalDay
2023-04-18,10070.0,4622.0,0.0,100,414.21,368.0,0,0.0,0.0,,0.0,1,0.03,0.02,SPY230421C00432000,432.0,normalDay
2023-04-19,10070.0,4616.0,0.0,100,414.14,368.0,0,0.0,0.0,,0.0,1,0.03,0.01,SPY230421C00432000,432.0,normalDay
2023-04-20,10070.0,4390.0,0.0,100,411.88,368.0,0,0.0,0.0,,0.0,1,0.03,0.01,SPY230421C00432000,432.0,normalDay
2023-04-21,10073.0,4420.0,3.0,100,412.2,368.0,0,0.0,0.0,,0.0,1,0.03,0.0,SPY230421C00432000,432.0,expirationDay
2023-04-24,10073.0,4460.0,0.0,100,412.63,368.0,0,0.0,0.0,,0.0,1,0.06,0.09,SPY230505C00431000,431.0,normalDay
2023-04-25,10073.0,3810.0,0.0,100,406.08,368.0,0,0.0,0.0,,0.0,1,0.06,0.04,SPY230505C00431000,431.0,normalDay
2023-04-26,10073.0,3639.0,0.0,100,404.36,368.0,0,0.0,0.0,,0.0,1,0.06,0.03,SPY230505C00431000,431.0,normalDay
2023-04-27,10073.0,4441.0,0.0,100,412.41,368.0,0,0.0,0.0,,0.0,1,0.06,0.06,SPY230505C00431000,431.0,normalDay
2023-04-28,10073.0,4792.0,0.0,100,415.93,368.0,0,0.0,0.0,,0.0,1,0.06,0.07,SPY230505C00431000,431.0,normalDay
2023-05-01,10073.0,4754.0,0.0,100,415.51,368.0,0,0.0,0.0,,0.0,1,0.06,0.03,SPY230505C00431000,431.0,normalDay
2023-05-02,10073.0,4289.0,0.0,100,410.84,368.0,0,0.0,0.0,,0.0,1,0.06,0.01,SPY230505C00431000,431.0,normalDay
2023-05-03,10073.0,4007.0,0.0,100,408.02,368.0,0,0.0,0.0,,0.0,1,0.06,0.01,SPY230505C00431000,431.0,normalDay
2023-05-04,10073.0,3718.0,0.0,100,405.13,368.0,0,0.0,0.0,,0.0,1,0.06,0.01,SPY230505C00431000,431.0,normalDay
2023-05-05,10079.0,4463.0,6.0,100,412.63,368.0,0,0.0,0.0,,0.0,1,0.06,0.0,SPY230505C00431000,431.0,expirationDay
2023-05-08,10079.0,4471.0,0.0,100,412.74,368.0,0,0.0,0.0,,0.0,1,0.22,0.25,SPY230519C00425000,425.0,normalDay
2023-05-09,10079.0,4297.0,0.0,100,410.93,368.0,0,0.0,0.0,,0.0,1,0.22,0.18,SPY230519C00425000,425.0,normalDay
2023-05-10,10079.0,4490.0,0.0,100,412.85,368.0,0,0.0,0.0,,0.0,1,0.22,0.17,SPY230519C00425000,425.0,normalDay
2023-05-11,10079.0,4428.0,0.0,100,412.13,368.0,0,0.0,0.0,,0.0,1,0.22,0.07,SPY230519C00425000,425.0,normalDay
2023-05-12,10079.0,4378.0,0.0,100,411.59,368.0,0,0.0,0.0,,0.0,1,0.22,0.03,SPY230519C00425000,425.0,normalDay
2023-05-15,10079.0,4520.0,0.0,100,413.01,368.0,0,0.0,0.0,,0.0,1,0.22,0.03,SPY230519C00425000,425.0,normalDay
2023-05-16,10079.0,4244.0,0.0,100,410.25,368.0,0,0.0,0.0,,0.0,1,0.22,0.03,SPY230519C00425000,425.0,normalDay
2023-05-17,10079.0,4741.0,0.0,100,415.23,368.0,0,0.0,0.0,,0.0,1,0.22,0.04,SPY230519C00425000,425.0,normalDay
2023-05-18,10079.0,5139.0,0.0,100,419.23,368.0,0,0.0,0.0,,0.0,1,0.22,0.06,SPY230519C00425000,425.0,normalDay
2023-05-19,10101.0,5062.0,22.0,100,418.62,368.0,0,0.0,0.0,,0.0,1,0.22,0.0,SPY230519C00425000,425.0,expirationDay
2023-05-22,10101.0,5076.0,0.0,100,418.79,368.0,0,0.0,0.0,,0.0,1,0.58,0.61,SPY230602C00429000,429.0,normalDay
2023-05-23,10101.0,4647.0,0.0,100,414.09,368.0,0,0.0,0.0,,0.0,1,0.58,0.2,SPY230602C00429000,429.0,normalDay
2023-05-24,10101.0,4356.0,0.0,100,411.09,368.0,0,0.0,0.0,,0.0,1,0.58,0.11,SPY230602C00429000,429.0,normalDay
2023-05-25,10101.0,4708.0,0.0,100,414.65,368.0,0,0.0,0.0,,0.0,1,0.58,0.15,SPY230602C00429000,429.0,normalDay
2023-05-26,10101.0,5220.0,0.0,100,420.02,368.0,0,0.0,0.0,,0.0,1,0.58,0.4,SPY230602C00429000,429.0,normalDay
2023-05-30,10101.0,5257.0,0.0,100,420.18,368.0,0,0.0,0.0,,0.0,1,0.58,0.19,SPY230602C00429000,429.0,normalDay
2023-05-31,10101.0,5039.0,0.0,100,417.85,368.0,0,0.0,0.0,,0.0,1,0.58,0.04,SPY230602C00429000,429.0,normalDay
2023-06-01,10101.0,5437.0,0.0,100,421.82,368.0,0,0.0,0.0,,0.0,1,0.58,0.03,SPY230602C00429000,429.0,normalDay
2023-06-02,10159.0,5992.0,58.0,100,427.92,368.0,0,0.0,0.0,,0.0,1,0.58,0.0,SPY230602C00429000,429.0,expirationDay
2023-06-05,10159.0,5907.0,0.0,100,427.1,368.0,0,0.0,0.0,,0.0,1,0.69,0.72,SPY230616C00437000,437.0,normalDay
2023-06-06,10159.0,6001.0,0.0,100,428.03,368.0,0,0.0,0.0,,0.0,1,0.69,0.71,SPY230616C00437000,437.0,normalDay
2023-06-07,10159.0,5889.0,0.0,100,426.55,368.0,0,0.0,0.0,,0.0,1,0.69,0.35,SPY230616C00437000,437.0,normalDay
2023-06-08,10159.0,6133.0,0.0,100,429.13,368.0,0,0.0,0.0,,0.0,1,0.69,0.49,SPY230616C00437000,437.0,normalDay
2023-06-09,10159.0,6204.0,0.0,100,429.9,368.0,0,0.0,0.0,,0.0,1,0.69,0.55,SPY230616C00437000,437.0,normalDay
2023-06-12,10159.0,6496.0,0.0,100,433.8,368.0,0,0.0,0.0,,0.0,1,0.69,1.53,SPY230616C00437000,437.0,normalDay
2023-06-13,10159.0,6710.0,0.0,100,436.66,368.0,0,0.0,0.0,,0.0,1,0.69,2.25,SPY230616C00437000,437.0,normalDay
2023-06-14,10159.0,6799.0,0.0,100,437.18,368.0,0,0.0,0.0,,0.0,1,0.69,1.88,SPY230616C00437000,437.0,normalDay
2023-06-15,10159.0,7009.0,0.0,100,442.6,368.0,0,0.0,0.0,,0.0,1,0.69,5.2,SPY230616C00437000,437.0,normalDay
2023-06-16,17128.0,7009.0,6969.0,0,439.46,0.0,0,0.0,0.0,,0.0,1,0.69,0.0,SPY230616C00437000,437.0,expirationDay
2023-06-20,17128.0,-3.0,0.0,0,437.18,0.0,1,0.4,0.43,SPY230721P00395000,395.0,0,0.0,0.0,,0.0,normalDay
2023-06-21,17128.0,0.0,0.0,0,434.94,0.0,1,0.4,0.4,SPY230721P00395000,395.0,0,0.0,0.0,,0.0,normalDay
2023-06-22,17128.0,7.0,0.0,0,436.51,0.0,1,0.4,0.33,SPY230721P00395000,395.0,0,0.0,0.0,,0.0,normalDay
2023-06-23,17128.0,-1.0,0.0,0,433.21,0.0,1,0.4,0.41,SPY230721P00395000,395.0,0,0.0,0.0,,0.0,normalDay
2023-06-26,17128.0,-5.0,0.0,0,431.44,0.0,1,0.4,0.45,SPY230721P00395000,395.0,0,0.0,0.0,,0.0,normalDay
2023-06-27,17128.0,10.0,0.0,0,436.17,0.0,1,0.4,0.3,SPY230721P00395000,395.0,0,0.0,0.0,,0.0,normalDay
2023-06-28,17128.0,17.0,0.0,0,436.39,0.0,1,0.4,0.23,SPY230721P00395000,395.0,0,0.0,0.0,,0.0,normalDay
2023-06-29,17128.0,18.0,0.0,0,438.11,0.0,1,0.4,0.22,SPY230721P00395000,395.0,0,0.0,0.0,,0.0,normalDay
2023-06-30,17128.0,21.0,0.0,0,443.28,0.0,1,0.4,0.19,SPY230721P00395000,395.0,0,0.0,0.0,,0.0,normalDay
2023-07-03,17128.0,25.0,0.0,0,443.79,0.0,1,0.4,0.15,SPY230721P00395000,395.0,0,0.0,0.0,,0.0,normalDay
2023-07-05,17128.0,25.0,0.0,0,443.13,0.0,1,0.4,0.15,SPY230721P00395000,395.0,0,0.0,0.0,,0.0,normalDay
2023-07-06,17128.0,21.0,0.0,0,439.66,0.0,1,0.4,0.19,SPY230721P00395000,395.0,0,0.0,0.0,,0.0,normalDay
2023-07-07,17128.0,25.0,0.0,0,438.55,0.0,1,0.4,0.15,SPY230721P00395000,395.0,0,0.0,0.0,,0.0,normalDay
2023-07-10,17128.0,29.0,0.0,0,439.66,0.0,1,0.4,0.11,SPY230721P00395000,395.0,0,0.0,0.0,,0.0,normalDay
2023-07-11,17128.0,30.0,0.0,0,442.46,0.0,1,0.4,0.1,SPY230721P00395000,395.0,0,0.0,0.0,,0.0,normalDay
2023-07-12,17128.0,33.0,0.0,0,446.02,0.0,1,0.4,0.07,SPY230721P00395000,395.0,0,0.0,0.0,,0.0,normalDay
2023-07-13,17128.0,34.0,0.0,0,449.56,0.0,1,0.4,0.06,SPY230721P00395000,395.0,0,0.0,0.0,,0.0,normalDay
2023-07-14,17128.0,35.0,0.0,0,449.28,0.0,1,0.4,0.05,SPY230721P00395000,395.0,0,0.0,0.0,,0.0,normalDay
2023-07-17,17128.0,37.0,0.0,0,450.84,0.0,1,0.4,0.03,SPY230721P00395000,395.0,0,0.0,0.0,,0.0,normalDay
2023-07-18,17128.0,38.0,0.0,0,454.19,0.0,1,0.4,0.02,SPY230721P00395000,395.0,0,0.0,0.0,,0.0,normalDay
2023-07-19,17128.0,38.0,0.0,0,455.2,0.0,1,0.4,0.02,SPY230721P00395000,395.0,0,0.0,0.0,,0.0,normalDay
2023-07-20,17128.0,39.0,0.0,0,452.18,0.0,1,0.4,0.01,SPY230721P00395000,395.0,0,0.0,0.0,,0.0,normalDay
2023-07-21,17168.0,0.0,40.0,0,452.18,0.0,1,0.4,0.0,SPY230721P00395000,395.0,0,0.0,0.0,,0.0,expirationDay
2023-07-24,17168.0,-3.0,0.0,0,454.2,0.0,1,0.75,0.78,SPY230825P00421000,421.0,0,0.0,0.0,,0.0,normalDay
2023-07-25,17168.0,4.0,0.0,0,455.44,0.0,1,0.75,0.71,SPY230825P00421000,421.0,0,0.0,0.0,,0.0,normalDay
2023-07-26,17168.0,18.0,0.0,0,455.51,0.0,1,0.75,0.57,SPY230825P00421000,421.0,0,0.0,0.0,,0.0,normalDay
2023-07-27,17168.0,-7.0,0.0,0,452.49,0.0,1,0.75,0.82,SPY230825P00421000,421.0,0,0.0,0.0,,0.0,normalDay
2023-07-28,17168.0,27.0,0.0,0,456.92,0.0,1,0.75,0.48,SPY230825P00421000,421.0,0,0.0,0.0,,0.0,normalDay
2023-07-31,17168.0,35.0,0.0,0,457.79,0.0,1,0.75,0.4,SPY230825P00421000,421.0,0,0.0,0.0,,0.0,normalDay
2023-08-01,17168.0,33.0,0.0,0,456.48,0.0,1,0.75,0.42,SPY230825P00421000,421.0,0,0.0,0.0,,0.0,normalDay
2023-08-02,17168.0,-8.0,0.0,0,450.13,0.0,1,0.75,0.83,SPY230825P00421000,421.0,0,0.0,0.0,,0.0,normalDay
2023-08-03,17168.0,-3.0,0.0,0,448.84,0.0,1,0.75,0.78,SPY230825P00421000,421.0,0,0.0,0.0,,0.0,normalDay
2023-08-04,17168.0,-30.0,0.0,0,446.81,0.0,1,0.75,1.05,SPY230825P00421000,421.0,0,0.0,0.0,,0.0,normalDay
2023-08-07,17168.0,17.0,0.0,0,450.71,0.0,1,0.75,0.58,SPY230825P00421000,421.0,0,0.0,0.0,,0.0,normalDay
2023-08-08,17168.0,14.0,0.0,0,448.75,0.0,1,0.75,0.61,SPY230825P00421000,421.0,0,0.0,0.0,,0.0,normalDay
2023-08-09,17168.0,12.0,0.0,0,445.75,0.0,1,0.75,0.63,SPY230825P00421000,421.0,0,0.0,0.0,,0.0,normalDay
2023-08-10,17168.0,16.0,0.0,0,445.91,0.0,1,0.75,0.59,SPY230825P00421000,421.0,0,0.0,0.0,,0.0,normalDay
2023-08-11,17168.0,34.0,0.0,0,445.65,0.0,1,0.75,0.41,SPY230825P00421000,421.0,0,0.0,0.0,,0.0,normalDay
2023-08-14,17168.0,52.0,0.0,0,448.11,0.0,1,0.75,0.23,SPY230825P00421000,421.0,0,0.0,0.0,,0.0,normalDay
2023-08-15,17168.0,36.0,0.0,0,442.89,0.0,1,0.75,0.39,SPY230825P00421000,421.0,0,0.0,0.0,,0.0,normalDay
2023-08-16,17168.0,35.0,0.0,0,439.64,0.0,1,0.75,0.4,SPY230825P00421000,421.0,0,0.0,0.0,,0.0,normalDay
2023-08-17,17168.0,16.0,0.0,0,436.29,0.0,1,0.75,0.59,SPY230825P00421000,421.0,0,0.0,0.0,,0.0,normalDay
2023-08-18,17168.0,39.0,0.0,0,436.5,0.0,1,0.75,0.36,SPY230825P00421000,421.0,0,0.0,0.0,,0.0,normalDay
2023-08-21,17168.0,60.0,0.0,0,439.34,0.0,1,0.75,0.15,SPY230825P00421000,421.0,0,0.0,0.0,,0.0,normalDay
2023-08-22,17168.0,66.0,0.0,0,438.15,0.0,1,0.75,0.09,SPY230825P00421000,421.0,0,0.0,0.0,,0.0,normalDay
2023-08-23,17168.0,71.0,0.0,0,443.03,0.0,1,0.75,0.04,SPY230825P00421000,421.0,0,0.0,0.0,,0.0,normalDay
2023-08-24,17168.0,72.0,0.0,0,436.89,0.0,1,0.75,0.03,SPY230825P00421000,421.0,0,0.0,0.0,,0.0,normalDay
2023-08-25,17243.0,0.0,75.0,0,439.97,0.0,1,0.75,0.0,SPY230825P00421000,421.0,0,0.0,0.0,,0.0,expirationDay
2023-08-28,17243.0,-3.0,0.0,0,442.76,0.0,1,2.3,2.33,SPY230929P00425000,425.0,0,0.0,0.0,,0.0,normalDay
2023-08-29,17243.0,90.0,0.0,0,449.16,0.0,1,2.3,1.4,SPY230929P00425000,425.0,0,0.0,0.0,,0.0,normalDay
2023-08-30,17243.0,122.0,0.0,0,451.01,0.0,1,2.3,1.08,SPY230929P00425000,425.0,0,0.0,0.0,,0.0,normalDay
2023-08-31,17243.0,133.0,0.0,0,450.35,0.0,1,2.3,0.97,SPY230929P00425000,425.0,0,0.0,0.0,,0.0,normalDay
2023-09-01,17243.0,143.0,0.0,0,451.19,0.0,1,2.3,0.87,SPY230929P00425000,425.0,0,0.0,0.0,,0.0,normalDay
2023-09-05,17243.0,135.0,0.0,0,449.24,0.0,1,2.3,0.95,SPY230929P00425000,425.0,0,0.0,0.0,,0.0,normalDay
2023-09-06,17243.0,111.0,0.0,0,446.22,0.0,1,2.3,1.19,SPY230929P00425000,425.0,0,0.0,0.0,,0.0,normalDay
2023-09-07,17243.0,107.0,0.0,0,444.85,0.0,1,2.3,1.23,SPY230929P00425000,425.0,0,0.0,0.0,,0.0,normalDay
2023-09-08,17243.0,137.0,0.0,0,445.52,0.0,1,2.3,0.93,SPY230929P00425000,425.0,0,0.0,0.0,,0.0,normalDay
2023-09-11,17243.0,167.0,0.0,0,448.45,0.0,1,2.3,0.63,SPY230929P00425000,425.0,0,0.0,0.0,,0.0,normalDay
2023-09-12,17243.0,155.0,0.0,0,445.99,0.0,1,2.3,0.75,SPY230929P00425000,425.0,0,0.0,0.0,,0.0,normalDay
2023-09-13,17243.0,179.0,0.0,0,446.51,0.0,1,2.3,0.51,SPY230929P00425000,425.0,0,0.0,0.0,,0.0,normalDay
2023-09-14,17243.0,199.0,0.0,0,450.36,0.0,1,2.3,0.31,SPY230929P00425000,425.0,0,0.0,0.0,,0.0,normalDay
2023-09-15,17243.0,181.0,0.0,0,443.37,0.0,1,2.3,0.49,SPY230929P00425000,425.0,0,0.0,0.0,,0.0,normalDay
2023-09-18,17243.0,192.0,0.0,0,443.63,0.0,1,2.3,0.38,SPY230929P00425000,425.0,0,0.0,0.0,,0.0,normalDay
2023-09-19,17243.0,189.0,0.0,0,442.71,0.0,1,2.3,0.41,SPY230929P00425000,425.0,0,0.0,0.0,,0.0,normalDay
2023-09-20,17243.0,168.0,0.0,0,438.64,0.0,1,2.3,0.62,SPY230929P00425000,425.0,0,0.0,0.0,,0.0,normalDay
2023-09-21,17243.0,34.0,0.0,0,431.39,0.0,1,2.3,1.96,SPY230929P00425000,425.0,0,0.0,0.0,,0.0,normalDay
2023-09-22,17243.0,47.0,0.0,0,430.42,0.0,1,2.3,1.83,SPY230929P00425000,425.0,0,0.0,0.0,,0.0,normalDay
2023-09-25,17243.0,124.0,0.0,0,432.23,0.0,1,2.3,1.06,SPY230929P00425000,425.0,0,0.0,0.0,,0.0,normalDay
2023-09-26,17243.0,-23.0,0.0,0,425.88,0.0,1,2.3,2.53,SPY230929P00425000,425.0,0,0.0,0.0,,0.0,normalDay
2023-09-27,17243.0,29.0,0.0,0,426.05,0.0,1,2.3,2.01,SPY230929P00425000,425.0,0,0.0,0.0,,0.0,normalDay
2023-09-28,17243.0,154.0,0.0,0,428.52,0.0,1,2.3,0.76,SPY230929P00425000,425.0,0,0.0,0.0,,0.0,normalDay
2023-09-29,17473.0,0.0,230.0,0,427.48,0.0,1,2.3,0.0,SPY230929P00425000,425.0,0,0.0,0.0,,0.0,expirationDay
2023-10-02,17473.0,-3.0,0.0,0,427.31,0.0,1,2.44,2.47,SPY231103P00409000,409.0,0,0.0,0.0,,0.0,normalDay
2023-10-03,17473.0,-149.0,0.0,0,421.59,0.0,1,2.44,3.93,SPY231103P00409000,409.0,0,0.0,0.0,,0.0,normalDay
2023-10-04,17473.0,-56.0,0.0,0,424.66,0.0,1,2.44,3.0,SPY231103P00409000,409.0,0,0.0,0.0,,0.0,normalDay
2023-10-05,17473.0,-49.0,0.0,0,424.5,0.0,1,2.44,2.93,SPY231103P00409000,409.0,0,0.0,0.0,,0.0,normalDay
2023-10-06,17473.0,68.0,0.0,0,429.54,0.0,1,2.44,1.76,SPY231103P00409000,409.0,0,0.0,0.0,,0.0,normalDay
2023-10-09,17473.0,105.0,0.0,0,432.29,0.0,1,2.44,1.39,SPY231103P00409000,409.0,0,0.0,0.0,,0.0,normalDay
2023-10-10,17473.0,135.0,0.0,0,434.54,0.0,1,2.44,1.09,SPY231103P00409000,409.0,0,0.0,0.0,,0.0,normalDay
2023-10-11,17473.0,164.0,0.0,0,436.32,0.0,1,2.44,0.8,SPY231103P00409000,409.0,0,0.0,0.0,,0.0,normalDay
2023-10-12,17473.0,144.0,0.0,0,433.66,0.0,1,2.44,1.0,SPY231103P00409000,409.0,0,0.0,0.0,,0.0,normalDay
2023-10-13,17473.0,86.0,0.0,0,431.5,0.0,1,2.44,1.58,SPY231103P00409000,409.0,0,0.0,0.0,,0.0,normalDay
2023-10-16,17473.0,168.0,0.0,0,436.04,0.0,1,2.44,0.76,SPY231103P00409000,409.0,0,0.0,0.0,,0.0,normalDay
2023-10-17,17473.0,165.0,0.0,0,436.02,0.0,1,2.44,0.79,SPY231103P00409000,409.0,0,0.0,0.0,,0.0,normalDay
2023-10-18,17473.0,125.0,0.0,0,430.21,0.0,1,2.44,1.19,SPY231103P00409000,409.0,0,0.0,0.0,,0.0,normalDay
2023-10-19,17473.0,45.0,0.0,0,426.43,0.0,1,2.44,1.99,SPY231103P00409000,409.0,0,0.0,0.0,,0.0,normalDay
2023-10-20,17473.0,6.0,0.0,0,421.19,0.0,1,2.44,2.38,SPY231103P00409000,409.0,0,0.0,0.0,,0.0,normalDay
2023-10-23,17473.0,62.0,0.0,0,420.46,0.0,1,2.44,1.82,SPY231103P00409000,409.0,0,0.0,0.0,,0.0,normalDay
2023-10-24,17473.0,137.0,0.0,0,423.63,0.0,1,2.44,1.07,SPY231103P00409000,409.0,0,0.0,0.0,,0.0,normalDay
2023-10-25,17473.0,40.0,0.0,0,417.55,0.0,1,2.44,2.04,SPY231103P00409000,409.0,0,0.0,0.0,,0.0,normalDay
2023-10-26,17473.0,-67.0,0.0,0,412.55,0.0,1,2.44,3.11,SPY231103P00409000,409.0,0,0.0,0.0,,0.0,normalDay
2023-10-27,17473.0,-130.0,0.0,0,410.68,0.0,1,2.44,3.74,SPY231103P00409000,409.0,0,0.0,0.0,,0.0,normalDay
2023-10-30,17473.0,96.0,0.0,0,415.59,0.0,1,2.44,1.48,SPY231103P00409000,409.0,0,0.0,0.0,,0.0,normalDay
2023-10-31,17473.0,181.0,0.0,0,418.2,0.0,1,2.44,0.63,SPY231103P00409000,409.0,0,0.0,0.0,,0.0,normalDay
2023-11-01,17473.0,236.0,0.0,0,422.66,0.0,1,2.44,0.08,SPY231103P00409000,409.0,0,0.0,0.0,,0.0,normalDay
2023-11-02,17473.0,241.0,0.0,0,430.76,0.0,1,2.44,0.03,SPY231103P00409000,409.0,0,0.0,0.0,,0.0,normalDay
2023-11-03,17717.0,0.0,244.0,0,434.69,0.0,1,2.44,0.0,SPY231103P00409000,409.0,0,0.0,0.0,,0.0,expirationDay
2023-11-06,17717.0,-4.0,0.0,0,435.69,0.0,1,0.6,0.64,SPY231208P00398000,398.0,0,0.0,0.0,,0.0,normalDay
2023-11-07,17717.0,5.0,0.0,0,436.93,0.0,1,0.6,0.55,SPY231208P00398000,398.0,0,0.0,0.0,,0.0,normalDay
2023-11-08,17717.0,10.0,0.0,0,437.25,0.0,1,0.6,0.5,SPY231208P00398000,398.0,0,0.0,0.0,,0.0,normalDay
2023-11-09,17717.0,-1.0,0.0,0,433.84,0.0,1,0.6,0.61,SPY231208P00398000,398.0,0,0.0,0.0,,0.0,normalDay
2023-11-10,17717.0,23.0,0.0,0,440.61,0.0,1,0.6,0.37,SPY231208P00398000,398.0,0,0.0,0.0,,0.0,normalDay
2023-11-13,17717.0,27.0,0.0,0,440.19,0.0,1,0.6,0.33,SPY231208P00398000,398.0,0,0.0,0.0,,0.0,normalDay
2023-11-14,17717.0,37.0,0.0,0,448.73,0.0,1,0.6,0.23,SPY231208P00398000,398.0,0,0.0,0.0,,0.0,normalDay
2023-11-15,17717.0,38.0,0.0,0,449.68,0.0,1,0.6,0.22,SPY231208P00398000,398.0,0,0.0,0.0,,0.0,normalDay
2023-11-16,17717.0,36.0,0.0,0,450.23,0.0,1,0.6,0.24,SPY231208P00398000,398.0,0,0.0,0.0,,0.0,normalDay
2023-11-17,17717.0,41.0,0.0,0,450.79,0.0,1,0.6,0.19,SPY231208P00398000,398.0,0,0.0,0.0,,0.0,normalDay
2023-11-20,17717.0,48.0,0.0,0,454.26,0.0,1,0.6,0.12,SPY231208P00398000,398.0,0,0.0,0.0,,0.0,normalDay
2023-11-21,17717.0,49.0,0.0,0,453.27,0.0,1,0.6,0.11,SPY231208P00398000,398.0,0,0.0,0.0,,0.0,normalDay
2023-11-22,17717.0,51.0,0.0,0,455.02,0.0,1,0.6,0.09,SPY231208P00398000,398.0,0,0.0,0.0,,0.0,normalDay
2023-11-24,17717.0,53.0,0.0,0,455.3,0.0,1,0.6,0.07,SPY231208P00398000,398.0,0,0.0,0.0,,0.0,normalDay
2023-11-27,17717.0,55.0,0.0,0,454.48,0.0,1,0.6,0.05,SPY231208P00398000,398.0,0,0.0,0.0,,0.0,normalDay
2023-11-28,17717.0,55.0,0.0,0,454.93,0.0,1,0.6,0.05,SPY231208P00398000,398.0,0,0.0,0.0,,0.0,normalDay
2023-11-29,17717.0,56.0,0.0,0,454.61,0.0,1,0.6,0.04,SPY231208P00398000,398.0,0,0.0,0.0,,0.0,normalDay
2023-11-30,17717.0,56.0,0.0,0,456.4,0.0,1,0.6,0.04,SPY231208P00398000,398.0,0,0.0,0.0,,0.0,normalDay
