date,totalCapital,unrializedPnL,rializedPnL,stocksOwned,stocksPriceToday,stocksPriceBoughtAt,putOwned,putOwnedSoldAt,putPriceToday,putOwnedContract,putOwnedStrike,callOwned,callOwnedSoldAt,callPriceToday,callOwnedContract,callOwnedStrike,trackType
2018-11-01,0.0,-6.0,0.0,0,273.51,0.0,1,2.33,2.39,SPY190118P00246000,246.0,0,0.0,0.0,,0.0,normalDay
2018-11-02,0.0,-21.0,0.0,0,271.89,0.0,1,2.33,2.54,SPY190118P00246000,246.0,0,0.0,0.0,,0.0,normalDay
2018-11-05,0.0,7.0,0.0,0,273.39,0.0,1,2.33,2.26,SPY190118P00246000,246.0,0,0.0,0.0,,0.0,normalDay
2018-11-06,0.0,34.0,0.0,0,275.12,0.0,1,2.33,1.99,SPY190118P00246000,246.0,0,0.0,0.0,,0.0,normalDay
2018-11-07,0.0,113.0,0.0,0,281.01,0.0,1,2.33,1.2,SPY190118P00246000,246.0,0,0.0,0.0,,0.0,normalDay
2018-11-08,0.0,113.0,0.0,0,280.5,0.0,1,2.33,1.2,SPY190118P00246000,246.0,0,0.0,0.0,,0.0,normalDay
2018-11-09,0.0,82.0,0.0,0,277.76,0.0,1,2.33,1.51,SPY190118P00246000,246.0,0,0.0,0.0,,0.0,normalDay
2018-11-12,0.0,16.0,0.0,0,272.57,0.0,1,2.33,2.17,SPY190118P00246000,246.0,0,0.0,0.0,,0.0,normalDay
2018-11-13,0.0,12.0,0.0,0,272.06,0.0,1,2.33,2.21,SPY190118P00246000,246.0,0,0.0,0.0,,0.0,normalDay
2018-11-14,0.0,-24.0,0.0,0,270.2,0.0,1,2.33,2.57,SPY190118P00246000,246.0,0,0.0,0.0,,0.0,normalDay
2018-11-15,0.0,31.0,0.0,0,273.02,0.0,1,2.33,2.02,SPY190118P00246000,246.0,0,0.0,0.0,,0.0,normalDay
2018-11-16,0.0,68.0,0.0,0,273.73,0.0,1,2.33,1.65,SPY190118P00246000,246.0,0,0.0,0.0,,0.0,normalDay
2018-11-19,0.0,4.0,0.0,0,269.1,0.0,1,2.33,2.29,SPY190118P00246000,246.0,0,0.0,0.0,,0.0,normalDay
2018-11-20,0.0,-102.0,0.0,0,264.12,0.0,1,2.33,3.35,SPY190118P00246000,246.0,0,0.0,0.0,,0.0,normalDay
2018-11-21,0.0,-49.0,0.0,0,265.02,0.0,1,2.33,2.82,SPY190118P00246000,246.0,0,0.0,0.0,,0.0,normalDay
2018-11-23,0.0,-81.0,0.0,0,263.25,0.0,1,2.33,3.14,SPY190118P00246000,246.0,0,0.0,0.0,,0.0,normalDay
2018-11-26,0.0,47.0,0.0,0,267.5,0.0,1,2.33,1.86,SPY190118P00246000,246.0,0,0.0,0.0,,0.0,normalDay
2018-11-27,0.0,55.0,0.0,0,268.4,0.0,1,2.33,1.78,SPY190118P00246000,246.0,0,0.0,0.0,,0.0,normalDay
2018-11-28,0.0,118.0,0.0,0,274.58,0.0,1,2.33,1.15,SPY190118P00246000,246.0,0,0.0,0.0,,0.0,normalDay
2018-11-29,0.0,108.0,0.0,0,273.98,0.0,1,2.33,1.25,SPY190118P00246000,246.0,0,0.0,0.0,,0.0,normalDay
2018-11-30,0.0,132.0,0.0,0,275.65,0.0,1,2.33,1.01,SPY190118P00246000,246.0,0,0.0,0.0,,0.0,normalDay
2018-12-03,0.0,168.0,0.0,0,279.3,0.0,1,2.33,0.65,SPY190118P00246000,246.0,0,0.0,0.0,,0.0,normalDay
2018-12-04,0.0,71.0,0.0,0,270.25,0.0,1,2.33,1.62,SPY190118P00246000,246.0,0,0.0,0.0,,0.0,normalDay
2018-12-06,0.0,66.0,0.0,0,269.84,0.0,1,2.33,1.67,SPY190118P00246000,246.0,0,0.0,0.0,,0.0,normalDay
2018-12-07,0.0,-46.0,0.0,0,263.57,0.0,1,2.33,2.79,SPY190118P00246000,246.0,0,0.0,0.0,,0.0,normalDay
2018-12-10,0.0,7.0,0.0,0,264.07,0.0,1,2.33,2.26,SPY190118P00246000,246.0,0,0.0,0.0,,0.0,normalDay
2018-12-11,0.0,26.0,0.0,0,264.13,0.0,1,2.33,2.07,SPY190118P00246000,246.0,0,0.0,0.0,,0.0,normalDay
2018-12-12,0.0,47.0,0.0,0,265.46,0.0,1,2.33,1.86,SPY190118P00246000,246.0,0,0.0,0.0,,0.0,normalDay
2018-12-13,0.0,72.0,0.0,0,265.37,0.0,1,2.33,1.61,SPY190118P00246000,246.0,0,0.0,0.0,,0.0,normalDay
2018-12-14,0.0,0.0,0.0,0,260.47,0.0,1,2.33,2.33,SPY190118P00246000,246.0,0,0.0,0.0,,0.0,normalDay
2018-12-17,0.0,-120.0,0.0,0,255.36,0.0,1,2.33,3.53,SPY190118P00246000,246.0,0,0.0,0.0,,0.0,normalDay
2018-12-18,0.0,-156.0,0.0,0,255.08,0.0,1,2.33,3.89,SPY190118P00246000,246.0,0,0.0,0.0,,0.0,normalDay
2018-12-19,0.0,-219.0,0.0,0,251.26,0.0,1,2.33,4.52,SPY190118P00246000,246.0,0,0.0,0.0,,0.0,normalDay
2018-12-20,0.0,-406.0,0.0,0,247.17,0.0,1,2.33,6.39,SPY190118P00246000,246.0,0,0.0,0.0,,0.0,normalDay
2018-12-21,0.0,-749.0,0.0,0,240.7,0.0,1,2.33,9.82,SPY190118P00246000,246.0,0,0.0,0.0,,0.0,normalDay
2018-12-24,0.0,-1367.0,0.0,0,234.34,0.0,1,2.33,16.0,SPY190118P00246000,246.0,0,0.0,0.0,,0.0,normalDay
2018-12-26,0.0,-422.0,0.0,0,246.18,0.0,1,2.33,6.55,SPY190118P00246000,246.0,0,0.0,0.0,,0.0,normalDay
2018-12-27,0.0,-342.0,0.0,0,248.07,0.0,1,2.33,5.75,SPY190118P00246000,246.0,0,0.0,0.0,,0.0,normalDay
2018-12-28,0.0,-323.0,0.0,0,247.75,0.0,1,2.33,5.56,SPY190118P00246000,246.0,0,0.0,0.0,,0.0,normalDay
2018-12-31,0.0,-145.0,0.0,0,249.92,0.0,1,2.33,3.78,SPY190118P00246000,246.0,0,0.0,0.0,,0.0,normalDay
2019-01-02,0.0,-46.0,0.0,0,250.18,0.0,1,2.33,2.79,SPY190118P00246000,246.0,0,0.0,0.0,,0.0,normalDay
2019-01-03,0.0,-321.0,0.0,0,244.21,0.0,1,2.33,5.54,SPY190118P00246000,246.0,0,0.0,0.0,,0.0,normalDay
2019-01-04,0.0,57.0,0.0,0,252.39,0.0,1,2.33,1.76,SPY190118P00246000,246.0,0,0.0,0.0,,0.0,normalDay
2019-01-07,0.0,112.0,0.0,0,254.38,0.0,1,2.33,1.21,SPY190118P00246000,246.0,0,0.0,0.0,,0.0,normalDay
2019-01-08,0.0,161.0,0.0,0,256.77,0.0,1,2.33,0.72,SPY190118P00246000,246.0,0,0.0,0.0,,0.0,normalDay
2019-01-09,0.0,187.0,0.0,0,257.97,0.0,1,2.33,0.46,SPY190118P00246000,246.0,0,0.0,0.0,,0.0,normalDay
2019-01-10,0.0,207.0,0.0,0,258.88,0.0,1,2.33,0.26,SPY190118P00246000,246.0,0,0.0,0.0,,0.0,normalDay
2019-01-11,0.0,222.0,0.0,0,258.98,0.0,1,2.33,0.11,SPY190118P00246000,246.0,0,0.0,0.0,,0.0,normalDay
2019-01-14,0.0,222.0,0.0,0,257.4,0.0,1,2.33,0.11,SPY190118P00246000,246.0,0,0.0,0.0,,0.0,normalDay
2019-01-15,0.0,229.0,0.0,0,260.35,0.0,1,2.33,0.04,SPY190118P00246000,246.0,0,0.0,0.0,,0.0,normalDay
2019-01-16,0.0,231.0,0.0,0,260.98,0.0,1,2.33,0.02,SPY190118P00246000,246.0,0,0.0,0.0,,0.0,normalDay
2019-01-17,0.0,232.0,0.0,0,262.96,0.0,1,2.33,0.01,SPY190118P00246000,246.0,0,0.0,0.0,,0.0,normalDay
2019-01-18,233.0,0.0,233.0,0,266.46,0.0,1,2.33,0.0,SPY190118P00246000,246.0,0,0.0,0.0,,0.0,expirationDay
2019-01-22,233.0,-5.0,0.0,0,262.86,0.0,1,1.28,1.33,SPY190418P00220000,220.0,0,0.0,0.0,,0.0,normalDay
2019-01-23,233.0,5.0,0.0,0,263.41,0.0,1,1.28,1.23,SPY190418P00220000,220.0,0,0.0,0.0,,0.0,normalDay
2019-01-24,233.0,13.0,0.0,0,263.55,0.0,1,1.28,1.15,SPY190418P00220000,220.0,0,0.0,0.0,,0.0,normalDay
2019-01-25,233.0,41.0,0.0,0,265.78,0.0,1,1.28,0.87,SPY190418P00220000,220.0,0,0.0,0.0,,0.0,normalDay
2019-01-28,233.0,28.0,0.0,0,263.76,0.0,1,1.28,1.0,SPY190418P00220000,220.0,0,0.0,0.0,,0.0,normalDay
2019-01-29,233.0,27.0,0.0,0,263.41,0.0,1,1.28,1.01,SPY190418P00220000,220.0,0,0.0,0.0,,0.0,normalDay
2019-01-30,233.0,56.0,0.0,0,267.58,0.0,1,1.28,0.72,SPY190418P00220000,220.0,0,0.0,0.0,,0.0,normalDay
2019-01-31,233.0,71.0,0.0,0,269.93,0.0,1,1.28,0.57,SPY190418P00220000,220.0,0,0.0,0.0,,0.0,normalDay
2019-02-01,233.0,75.0,0.0,0,270.06,0.0,1,1.28,0.53,SPY190418P00220000,220.0,0,0.0,0.0,,0.0,normalDay
2019-02-04,233.0,84.0,0.0,0,271.96,0.0,1,1.28,0.44,SPY190418P00220000,220.0,0,0.0,0.0,,0.0,normalDay
2019-02-05,233.0,85.0,0.0,0,273.1,0.0,1,1.28,0.43,SPY190418P00220000,220.0,0,0.0,0.0,,0.0,normalDay
2019-02-06,233.0,86.0,0.0,0,272.74,0.0,1,1.28,0.42,SPY190418P00220000,220.0,0,0.0,0.0,,0.0,normalDay
2019-02-07,233.0,80.0,0.0,0,270.14,0.0,1,1.28,0.48,SPY190418P00220000,220.0,0,0.0,0.0,,0.0,normalDay
2019-02-08,233.0,84.0,0.0,0,270.47,0.0,1,1.28,0.44,SPY190418P00220000,220.0,0,0.0,0.0,,0.0,normalDay
2019-02-11,233.0,89.0,0.0,0,270.62,0.0,1,1.28,0.39,SPY190418P00220000,220.0,0,0.0,0.0,,0.0,normalDay
2019-02-12,233.0,95.0,0.0,0,274.1,0.0,1,1.28,0.33,SPY190418P00220000,220.0,0,0.0,0.0,,0.0,normalDay
2019-02-13,233.0,96.0,0.0,0,274.99,0.0,1,1.28,0.32,SPY190418P00220000,220.0,0,0.0,0.0,,0.0,normalDay
2019-02-14,233.0,93.0,0.0,0,274.38,0.0,1,1.28,0.35,SPY190418P00220000,220.0,0,0.0,0.0,,0.0,normalDay
2019-02-15,233.0,100.0,0.0,0,277.37,0.0,1,1.28,0.28,SPY190418P00220000,220.0,0,0.0,0.0,,0.0,normalDay
2019-02-19,233.0,103.0,0.0,0,277.85,0.0,1,1.28,0.25,SPY190418P00220000,220.0,0,0.0,0.0,,0.0,normalDay
2019-02-20,233.0,108.0,0.0,0,278.41,0.0,1,1.28,0.2,SPY190418P00220000,220.0,0,0.0,0.0,,0.0,normalDay
2019-02-21,233.0,107.0,0.0,0,277.42,0.0,1,1.28,0.21,SPY190418P00220000,220.0,0,0.0,0.0,,0.0,normalDay
2019-02-22,233.0,110.0,0.0,0,279.14,0.0,1,1.28,0.18,SPY190418P00220000,220.0,0,0.0,0.0,,0.0,normalDay
2019-02-25,233.0,107.0,0.0,0,279.52,0.0,1,1.28,0.21,SPY190418P00220000,220.0,0,0.0,0.0,,0.0,normalDay
2019-02-26,233.0,108.0,0.0,0,279.32,0.0,1,1.28,0.2,SPY190418P00220000,220.0,0,0.0,0.0,,0.0,normalDay
2019-02-27,233.0,109.0,0.0,0,279.2,0.0,1,1.28,0.19,SPY190418P00220000,220.0,0,0.0,0.0,,0.0,normalDay
2019-02-28,233.0,108.0,0.0,0,278.68,0.0,1,1.28,0.2,SPY190418P00220000,220.0,0,0.0,0.0,,0.0,normalDay
2019-03-01,233.0,113.0,0.0,0,280.42,0.0,1,1.28,0.15,SPY190418P00220000,220.0,0,0.0,0.0,,0.0,normalDay
2019-03-04,233.0,113.0,0.0,0,279.4,0.0,1,1.28,0.15,SPY190418P00220000,220.0,0,0.0,0.0,,0.0,normalDay
2019-03-05,233.0,111.0,0.0,0,279.02,0.0,1,1.28,0.17,SPY190418P00220000,220.0,0,0.0,0.0,,0.0,normalDay
2019-03-06,233.0,110.0,0.0,0,277.33,0.0,1,1.28,0.18,SPY190418P00220000,220.0,0,0.0,0.0,,0.0,normalDay
2019-03-07,233.0,108.0,0.0,0,275.01,0.0,1,1.28,0.2,SPY190418P00220000,220.0,0,0.0,0.0,,0.0,normalDay
2019-03-08,233.0,110.0,0.0,0,274.46,0.0,1,1.28,0.18,SPY190418P00220000,220.0,0,0.0,0.0,,0.0,normalDay
2019-03-11,233.0,117.0,0.0,0,278.44,0.0,1,1.28,0.11,SPY190418P00220000,220.0,0,0.0,0.0,,0.0,normalDay
2019-03-12,233.0,118.0,0.0,0,279.49,0.0,1,1.28,0.1,SPY190418P00220000,220.0,0,0.0,0.0,,0.0,normalDay
2019-03-13,233.0,119.0,0.0,0,281.34,0.0,1,1.28,0.09,SPY190418P00220000,220.0,0,0.0,0.0,,0.0,normalDay
2019-03-14,233.0,120.0,0.0,0,281.16,0.0,1,1.28,0.08,SPY190418P00220000,220.0,0,0.0,0.0,,0.0,normalDay
2019-03-15,233.0,121.0,0.0,0,281.31,0.0,1,1.28,0.07,SPY190418P00220000,220.0,0,0.0,0.0,,0.0,normalDay
2019-03-18,233.0,122.0,0.0,0,282.33,0.0,1,1.28,0.06,SPY190418P00220000,220.0,0,0.0,0.0,,0.0,normalDay
2019-03-19,233.0,122.0,0.0,0,282.4,0.0,1,1.28,0.06,SPY190418P00220000,220.0,0,0.0,0.0,,0.0,normalDay
2019-03-20,233.0,123.0,0.0,0,281.55,0.0,1,1.28,0.05,SPY190418P00220000,220.0,0,0.0,0.0,,0.0,normalDay
2019-03-21,233.0,124.0,0.0,0,284.73,0.0,1,1.28,0.04,SPY190418P00220000,220.0,0,0.0,0.0,,0.0,normalDay
2019-03-22,233.0,122.0,0.0,0,279.25,0.0,1,1.28,0.06,SPY190418P00220000,220.0,0,0.0,0.0,,0.0,normalDay
2019-03-25,233.0,124.0,0.0,0,279.04,0.0,1,1.28,0.04,SPY190418P00220000,220.0,0,0.0,0.0,,0.0,normalDay
2019-03-26,233.0,125.0,0.0,0,281.12,0.0,1,1.28,0.03,SPY190418P00220000,220.0,0,0.0,0.0,,0.0,normalDay
2019-03-27,233.0,125.0,0.0,0,279.65,0.0,1,1.28,0.03,SPY190418P00220000,220.0,0,0.0,0.0,,0.0,normalDay
2019-03-28,233.0,125.0,0.0,0,280.71,0.0,1,1.28,0.03,SPY190418P00220000,220.0,0,0.0,0.0,,0.0,normalDay
2019-03-29,233.0,125.0,0.0,0,282.48,0.0,1,1.28,0.03,SPY190418P00220000,220.0,0,0.0,0.0,,0.0,normalDay
2019-04-01,233.0,126.0,0.0,0,285.83,0.0,1,1.28,0.02,SPY190418P00220000,220.0,0,0.0,0.0,,0.0,normalDay
2019-04-02,233.0,126.0,0.0,0,285.97,0.0,1,1.28,0.02,SPY190418P00220000,220.0,0,0.0,0.0,,0.0,normalDay
2019-04-03,233.0,126.0,0.0,0,286.42,0.0,1,1.28,0.02,SPY190418P00220000,220.0,0,0.0,0.0,,0.0,normalDay
2019-04-04,233.0,127.0,0.0,0,287.18,0.0,1,1.28,0.01,SPY190418P00220000,220.0,0,0.0,0.0,,0.0,normalDay
2019-04-05,233.0,127.0,0.0,0,288.57,0.0,1,1.28,0.01,SPY190418P00220000,220.0,0,0.0,0.0,,0.0,normalDay
2019-04-08,233.0,127.0,0.0,0,288.79,0.0,1,1.28,0.01,SPY190418P00220000,220.0,0,0.0,0.0,,0.0,normalDay
2019-04-09,233.0,127.0,0.0,0,287.31,0.0,1,1.28,0.01,SPY190418P00220000,220.0,0,0.0,0.0,,0.0,normalDay
2019-04-10,233.0,127.0,0.0,0,288.29,0.0,1,1.28,0.01,SPY190418P00220000,220.0,0,0.0,0.0,,0.0,normalDay
2019-04-11,233.0,127.0,0.0,0,288.21,0.0,1,1.28,0.01,SPY190418P00220000,220.0,0,0.0,0.0,,0.0,normalDay
2019-04-12,233.0,127.0,0.0,0,290.16,0.0,1,1.28,0.01,SPY190418P00220000,220.0,0,0.0,0.0,,0.0,normalDay
2019-04-15,233.0,127.0,0.0,0,289.97,0.0,1,1.28,0.01,SPY190418P00220000,220.0,0,0.0,0.0,,0.0,normalDay
2019-04-16,233.0,127.0,0.0,0,290.16,0.0,1,1.28,0.01,SPY190418P00220000,220.0,0,0.0,0.0,,0.0,normalDay
2019-04-17,233.0,127.0,0.0,0,289.45,0.0,1,1.28,0.01,SPY190418P00220000,220.0,0,0.0,0.0,,0.0,normalDay
2019-04-18,361.0,0.0,128.0,0,290.02,0.0,1,1.28,0.0,SPY190418P00220000,220.0,0,0.0,0.0,,0.0,expirationDay
2019-04-22,361.0,-4.0,0.0,0,290.27,0.0,1,1.65,1.69,SPY190628P00271000,271.0,0,0.0,0.0,,0.0,normalDay
2019-04-23,361.0,21.0,0.0,0,292.88,0.0,1,1.65,1.44,SPY190628P00271000,271.0,0,0.0,0.0,,0.0,normalDay
2019-04-24,361.0,8.0,0.0,0,292.23,0.0,1,1.65,1.57,SPY190628P00271000,271.0,0,0.0,0.0,,0.0,normalDay
2019-04-25,361.0,2.0,0.0,0,292.05,0.0,1,1.65,1.63,SPY190628P00271000,271.0,0,0.0,0.0,,0.0,normalDay
2019-04-26,361.0,23.0,0.0,0,293.41,0.0,1,1.65,1.42,SPY190628P00271000,271.0,0,0.0,0.0,,0.0,normalDay
2019-04-29,361.0,29.0,0.0,0,293.87,0.0,1,1.65,1.36,SPY190628P00271000,271.0,0,0.0,0.0,,0.0,normalDay
2019-04-30,361.0,32.0,0.0,0,294.02,0.0,1,1.65,1.33,SPY190628P00271000,271.0,0,0.0,0.0,,0.0,normalDay
2019-05-01,361.0,-4.0,0.0,0,291.81,0.0,1,1.65,1.69,SPY190628P00271000,271.0,0,0.0,0.0,,0.0,normalDay
2019-05-02,361.0,-7.0,0.0,0,291.18,0.0,1,1.65,1.72,SPY190628P00271000,271.0,0,0.0,0.0,,0.0,normalDay
2019-05-03,361.0,42.0,0.0,0,294.03,0.0,1,1.65,1.23,SPY190628P00271000,271.0,0,0.0,0.0,,0.0,normalDay
2019-05-06,361.0,5.0,0.0,0,292.82,0.0,1,1.65,1.6,SPY190628P00271000,271.0,0,0.0,0.0,,0.0,normalDay
2019-05-07,361.0,-129.0,0.0,0,287.93,0.0,1,1.65,2.94,SPY190628P00271000,271.0,0,0.0,0.0,,0.0,normalDay
2019-05-08,361.0,-127.0,0.0,0,287.53,0.0,1,1.65,2.92,SPY190628P00271000,271.0,0,0.0,0.0,,0.0,normalDay
2019-05-09,361.0,-125.0,0.0,0,286.66,0.0,1,1.65,2.9,SPY190628P00271000,271.0,0,0.0,0.0,,0.0,normalDay
2019-05-10,361.0,-50.0,0.0,0,288.1,0.0,1,1.65,2.15,SPY190628P00271000,271.0,0,0.0,0.0,,0.0,normalDay
2019-05-13,361.0,-259.0,0.0,0,280.86,0.0,1,1.65,4.24,SPY190628P00271000,271.0,0,0.0,0.0,,0.0,normalDay
2019-05-14,361.0,-151.0,0.0,0,283.4,0.0,1,1.65,3.16,SPY190628P00271000,271.0,0,0.0,0.0,,0.0,normalDay
2019-05-15,361.0,-73.0,0.0,0,285.06,0.0,1,1.65,2.38,SPY190628P00271000,271.0,0,0.0,0.0,,0.0,normalDay
2019-05-16,361.0,-11.0,0.0,0,287.7,0.0,1,1.65,1.76,SPY190628P00271000,271.0,0,0.0,0.0,,0.0,normalDay
2019-05-17,361.0,-44.0,0.0,0,285.84,0.0,1,1.65,2.09,SPY190628P00271000,271.0,0,0.0,0.0,,0.0,normalDay
2019-05-20,361.0,-62.0,0.0,0,283.95,0.0,1,1.65,2.27,SPY190628P00271000,271.0,0,0.0,0.0,,0.0,normalDay
2019-05-21,361.0,6.0,0.0,0,286.51,0.0,1,1.65,1.59,SPY190628P00271000,271.0,0,0.0,0.0,,0.0,normalDay
2019-05-22,361.0,0.0,0.0,0,285.63,0.0,1,1.65,1.65,SPY190628P00271000,271.0,0,0.0,0.0,,0.0,normalDay
2019-05-23,361.0,-94.0,0.0,0,282.14,0.0,1,1.65,2.59,SPY190628P00271000,271.0,0,0.0,0.0,,0.0,normalDay
2019-05-24,361.0,-51.0,0.0,0,282.78,0.0,1,1.65,2.16,SPY190628P00271000,271.0,0,0.0,0.0,,0.0,normalDay
2019-05-28,361.0,-100.0,0.0,0,280.15,0.0,1,1.65,2.65,SPY190628P00271000,271.0,0,0.0,0.0,,0.0,normalDay
2019-05-29,361.0,-147.0,0.0,0,278.27,0.0,1,1.65,3.12,SPY190628P00271000,271.0,0,0.0,0.0,,0.0,normalDay
2019-05-30,361.0,-108.0,0.0,0,279.03,0.0,1,1.65,2.73,SPY190628P00271000,271.0,0,0.0,0.0,,0.0,normalDay
2019-05-31,361.0,-239.0,0.0,0,275.27,0.0,1,1.65,4.04,SPY190628P00271000,271.0,0,0.0,0.0,,0.0,normalDay
2019-06-03,361.0,-228.0,0.0,0,274.57,0.0,1,1.65,3.93,SPY190628P00271000,271.0,0,0.0,0.0,,0.0,normalDay
2019-06-04,361.0,-28.0,0.0,0,280.53,0.0,1,1.65,1.93,SPY190628P00271000,271.0,0,0.0,0.0,,0.0,normalDay
2019-06-05,361.0,42.0,0.0,0,282.96,0.0,1,1.65,1.23,SPY190628P00271000,271.0,0,0.0,0.0,,0.0,normalDay
2019-06-06,361.0,68.0,0.0,0,284.8,0.0,1,1.65,0.97,SPY190628P00271000,271.0,0,0.0,0.0,,0.0,normalDay
2019-06-07,361.0,88.0,0.0,0,287.65,0.0,1,1.65,0.77,SPY190628P00271000,271.0,0,0.0,0.0,,0.0,normalDay
2019-06-10,361.0,113.0,0.0,0,288.97,0.0,1,1.65,0.52,SPY190628P00271000,271.0,0,0.0,0.0,,0.0,normalDay
2019-06-11,361.0,116.0,0.0,0,288.9,0.0,1,1.65,0.49,SPY190628P00271000,271.0,0,0.0,0.0,,0.0,normalDay
2019-06-12,361.0,118.0,0.0,0,288.39,0.0,1,1.65,0.47,SPY190628P00271000,271.0,0,0.0,0.0,,0.0,normalDay
2019-06-13,361.0,130.0,0.0,0,289.58,0.0,1,1.65,0.35,SPY190628P00271000,271.0,0,0.0,0.0,,0.0,normalDay
2019-06-14,361.0,140.0,0.0,0,289.26,0.0,1,1.65,0.25,SPY190628P00271000,271.0,0,0.0,0.0,,0.0,normalDay
2019-06-17,361.0,144.0,0.0,0,289.37,0.0,1,1.65,0.21,SPY190628P00271000,271.0,0,0.0,0.0,,0.0,normalDay
2019-06-18,361.0,153.0,0.0,0,292.4,0.0,1,1.65,0.12,SPY190628P00271000,271.0,0,0.0,0.0,,0.0,normalDay
2019-06-19,361.0,157.0,0.0,0,293.06,0.0,1,1.65,0.08,SPY190628P00271000,271.0,0,0.0,0.0,,0.0,normalDay
2019-06-20,361.0,157.0,0.0,0,295.86,0.0,1,1.65,0.08,SPY190628P00271000,271.0,0,0.0,0.0,,0.0,normalDay
2019-06-21,361.0,159.0,0.0,0,294.0,0.0,1,1.65,0.06,SPY190628P00271000,271.0,0,0.0,0.0,,0.0,normalDay
2019-06-24,361.0,162.0,0.0,0,293.64,0.0,1,1.65,0.03,SPY190628P00271000,271.0,0,0.0,0.0,,0.0,normalDay
2019-06-25,361.0,162.0,0.0,0,290.76,0.0,1,1.65,0.03,SPY190628P00271000,271.0,0,0.0,0.0,,0.0,normalDay
2019-06-26,361.0,163.0,0.0,0,290.47,0.0,1,1.65,0.02,SPY190628P00271000,271.0,0,0.0,0.0,,0.0,normalDay
2019-06-27,361.0,164.0,0.0,0,291.5,0.0,1,1.65,0.01,SPY190628P00271000,271.0,0,0.0,0.0,,0.0,normalDay
2019-06-28,526.0,0.0,165.0,0,293.0,0.0,1,1.65,0.0,SPY190628P00271000,271.0,0,0.0,0.0,,0.0,expirationDay
2019-07-01,526.0,-4.0,0.0,0,295.66,0.0,1,2.28,2.32,SPY190920P00274000,274.0,0,0.0,0.0,,0.0,normalDay
2019-07-02,526.0,29.0,0.0,0,296.43,0.0,1,2.28,1.99,SPY190920P00274000,274.0,0,0.0,0.0,,0.0,normalDay
2019-07-03,526.0,61.0,0.0,0,298.8,0.0,1,2.28,1.67,SPY190920P00274000,274.0,0,0.0,0.0,,0.0,normalDay
2019-07-05,526.0,51.0,0.0,0,298.46,0.0,1,2.28,1.77,SPY190920P00274000,274.0,0,0.0,0.0,,0.0,normalDay
2019-07-08,526.0,37.0,0.0,0,296.82,0.0,1,2.28,1.91,SPY190920P00274000,274.0,0,0.0,0.0,,0.0,normalDay
2019-07-09,526.0,34.0,0.0,0,297.19,0.0,1,2.28,1.94,SPY190920P00274000,274.0,0,0.0,0.0,,0.0,normalDay
2019-07-10,526.0,65.0,0.0,0,298.61,0.0,1,2.28,1.63,SPY190920P00274000,274.0,0,0.0,0.0,,0.0,normalDay
2019-07-11,526.0,75.0,0.0,0,299.31,0.0,1,2.28,1.53,SPY190920P00274000,274.0,0,0.0,0.0,,0.0,normalDay
2019-07-12,526.0,94.0,0.0,0,300.65,0.0,1,2.28,1.34,SPY190920P00274000,274.0,0,0.0,0.0,,0.0,normalDay
2019-07-15,526.0,96.0,0.0,0,300.75,0.0,1,2.28,1.32,SPY190920P00274000,274.0,0,0.0,0.0,,0.0,normalDay
2019-07-16,526.0,88.0,0.0,0,299.78,0.0,1,2.28,1.4,SPY190920P00274000,274.0,0,0.0,0.0,,0.0,normalDay
2019-07-17,526.0,61.0,0.0,0,297.74,0.0,1,2.28,1.67,SPY190920P00274000,274.0,0,0.0,0.0,,0.0,normalDay
2019-07-18,526.0,80.0,0.0,0,298.83,0.0,1,2.28,1.48,SPY190920P00274000,274.0,0,0.0,0.0,,0.0,normalDay
2019-07-19,526.0,62.0,0.0,0,297.17,0.0,1,2.28,1.66,SPY190920P00274000,274.0,0,0.0,0.0,,0.0,normalDay
2019-07-22,526.0,88.0,0.0,0,297.9,0.0,1,2.28,1.4,SPY190920P00274000,274.0,0,0.0,0.0,,0.0,normalDay
2019-07-23,526.0,117.0,0.0,0,300.03,0.0,1,2.28,1.11,SPY190920P00274000,274.0,0,0.0,0.0,,0.0,normalDay
2019-07-24,526.0,134.0,0.0,0,301.44,0.0,1,2.28,0.94,SPY190920P00274000,274.0,0,0.0,0.0,,0.0,normalDay
2019-07-25,526.0,119.0,0.0,0,300.0,0.0,1,2.28,1.09,SPY190920P00274000,274.0,0,0.0,0.0,,0.0,normalDay
2019-07-26,526.0,139.0,0.0,0,302.01,0.0,1,2.28,0.89,SPY190920P00274000,274.0,0,0.0,0.0,,0.0,normalDay
2019-07-29,526.0,138.0,0.0,0,301.46,0.0,1,2.28,0.9,SPY190920P00274000,274.0,0,0.0,0.0,,0.0,normalDay
2019-07-30,526.0,121.0,0.0,0,300.72,0.0,1,2.28,1.07,SPY190920P00274000,274.0,0,0.0,0.0,,0.0,normalDay
2019-07-31,526.0,76.0,0.0,0,297.43,0.0,1,2.28,1.52,SPY190920P00274000,274.0,0,0.0,0.0,,0.0,normalDay
2019-08-01,526.0,18.0,0.0,0,294.84,0.0,1,2.28,2.1,SPY190920P00274000,274.0,0,0.0,0.0,,0.0,normalDay
2019-08-02,526.0,-13.0,0.0,0,292.62,0.0,1,2.28,2.41,SPY190920P00274000,274.0,0,0.0,0.0,,0.0,normalDay
2019-08-05,526.0,-331.0,0.0,0,283.82,0.0,1,2.28,5.59,SPY190920P00274000,274.0,0,0.0,0.0,,0.0,normalDay
2019-08-06,526.0,-128.0,0.0,0,287.8,0.0,1,2.28,3.56,SPY190920P00274000,274.0,0,0.0,0.0,,0.0,normalDay
2019-08-07,526.0,-116.0,0.0,0,287.97,0.0,1,2.28,3.44,SPY190920P00274000,274.0,0,0.0,0.0,,0.0,normalDay
2019-08-08,526.0,27.0,0.0,0,293.62,0.0,1,2.28,2.01,SPY190920P00274000,274.0,0,0.0,0.0,,0.0,normalDay
2019-08-09,526.0,-10.0,0.0,0,291.62,0.0,1,2.28,2.38,SPY190920P00274000,274.0,0,0.0,0.0,,0.0,normalDay
2019-08-12,526.0,-125.0,0.0,0,288.07,0.0,1,2.28,3.53,SPY190920P00274000,274.0,0,0.0,0.0,,0.0,normalDay
2019-08-13,526.0,24.0,0.0,0,292.55,0.0,1,2.28,2.04,SPY190920P00274000,274.0,0,0.0,0.0,,0.0,normalDay
2019-08-14,526.0,-214.0,0.0,0,283.9,0.0,1,2.28,4.42,SPY190920P00274000,274.0,0,0.0,0.0,,0.0,normalDay
2019-08-15,526.0,-168.0,0.0,0,284.65,0.0,1,2.28,3.96,SPY190920P00274000,274.0,0,0.0,0.0,,0.0,normalDay
2019-08-16,526.0,-19.0,0.0,0,288.85,0.0,1,2.28,2.47,SPY190920P00274000,274.0,0,0.0,0.0,,0.0,normalDay
2019-08-19,526.0,80.0,0.0,0,292.33,0.0,1,2.28,1.48,SPY190920P00274000,274.0,0,0.0,0.0,,0.0,normalDay
2019-08-20,526.0,45.0,0.0,0,290.09,0.0,1,2.28,1.83,SPY190920P00274000,274.0,0,0.0,0.0,,0.0,normalDay
2019-08-21,526.0,117.0,0.0,0,292.45,0.0,1,2.28,1.11,SPY190920P00274000,274.0,0,0.0,0.0,,0.0,normalDay
2019-08-22,526.0,102.0,0.0,0,292.36,0.0,1,2.28,1.26,SPY190920P00274000,274.0,0,0.0,0.0,,0.0,normalDay
2019-08-23,526.0,-41.0,0.0,0,284.85,0.0,1,2.28,2.69,SPY190920P00274000,274.0,0,0.0,0.0,,0.0,normalDay
2019-08-26,526.0,33.0,0.0,0,288.0,0.0,1,2.28,1.95,SPY190920P00274000,274.0,0,0.0,0.0,,0.0,normalDay
2019-08-27,526.0,1.0,0.0,0,286.87,0.0,1,2.28,2.27,SPY190920P00274000,274.0,0,0.0,0.0,,0.0,normalDay
2019-08-28,526.0,59.0,0.0,0,288.89,0.0,1,2.28,1.69,SPY190920P00274000,274.0,0,0.0,0.0,,0.0,normalDay
2019-08-29,526.0,119.0,0.0,0,292.58,0.0,1,2.28,1.09,SPY190920P00274000,274.0,0,0.0,0.0,,0.0,normalDay
2019-08-30,526.0,114.0,0.0,0,292.45,0.0,1,2.28,1.14,SPY190920P00274000,274.0,0,0.0,0.0,,0.0,normalDay
2019-09-03,526.0,115.0,0.0,0,290.74,0.0,1,2.28,1.13,SPY190920P00274000,274.0,0,0.0,0.0,,0.0,normalDay
2019-09-04,526.0,176.0,0.0,0,294.04,0.0,1,2.28,0.52,SPY190920P00274000,274.0,0,0.0,0.0,,0.0,normalDay
2019-09-05,526.0,198.0,0.0,0,297.82,0.0,1,2.28,0.3,SPY190920P00274000,274.0,0,0.0,0.0,,0.0,normalDay
2019-09-06,526.0,211.0,0.0,0,298.05,0.0,1,2.28,0.17,SPY190920P00274000,274.0,0,0.0,0.0,,0.0,normalDay
2019-09-09,526.0,214.0,0.0,0,298.2,0.0,1,2.28,0.14,SPY190920P00274000,274.0,0,0.0,0.0,,0.0,normalDay
2019-09-10,526.0,216.0,0.0,0,298.13,0.0,1,2.28,0.12,SPY190920P00274000,274.0,0,0.0,0.0,,0.0,normalDay
2019-09-11,526.0,220.0,0.0,0,300.25,0.0,1,2.28,0.08,SPY190920P00274000,274.0,0,0.0,0.0,,0.0,normalDay
2019-09-12,526.0,221.0,0.0,0,301.29,0.0,1,2.28,0.07,SPY190920P00274000,274.0,0,0.0,0.0,,0.0,normalDay
2019-09-13,526.0,222.0,0.0,0,301.09,0.0,1,2.28,0.06,SPY190920P00274000,274.0,0,0.0,0.0,,0.0,normalDay
2019-09-16,526.0,223.0,0.0,0,300.16,0.0,1,2.28,0.05,SPY190920P00274000,274.0,0,0.0,0.0,,0.0,normalDay
2019-09-17,526.0,224.0,0.0,0,300.92,0.0,1,2.28,0.04,SPY190920P00274000,274.0,0,0.0,0.0,,0.0,normalDay
2019-09-18,526.0,225.0,0.0,0,301.1,0.0,1,2.28,0.03,SPY190920P00274000,274.0,0,0.0,0.0,,0.0,normalDay
2019-09-19,526.0,226.0,0.0,0,301.08,0.0,1,2.28,0.02,SPY190920P00274000,274.0,0,0.0,0.0,,0.0,normalDay
2019-09-20,754.0,0.0,228.0,0,298.28,0.0,1,2.28,0.0,SPY190920P00274000,274.0,0,0.0,0.0,,0.0,expirationDay
2019-09-23,754.0,-3.0,0.0,0,298.21,0.0,1,1.76,1.79,SPY191115P00277000,277.0,0,0.0,0.0,,0.0,normalDay
2019-09-24,754.0,-57.0,0.0,0,295.87,0.0,1,1.76,2.33,SPY191115P00277000,277.0,0,0.0,0.0,,0.0,normalDay
2019-09-25,754.0,-22.0,0.0,0,297.62,0.0,1,1.76,1.98,SPY191115P00277000,277.0,0,0.0,0.0,,0.0,normalDay
2019-09-26,754.0,-20.0,0.0,0,297.0,0.0,1,1.76,1.96,SPY191115P00277000,277.0,0,0.0,0.0,,0.0,normalDay
2019-09-27,754.0,-57.0,0.0,0,295.4,0.0,1,1.76,2.33,SPY191115P00277000,277.0,0,0.0,0.0,,0.0,normalDay
2019-09-30,754.0,-8.0,0.0,0,296.77,0.0,1,1.76,1.84,SPY191115P00277000,277.0,0,0.0,0.0,,0.0,normalDay
2019-10-01,754.0,-89.0,0.0,0,293.24,0.0,1,1.76,2.65,SPY191115P00277000,277.0,0,0.0,0.0,,0.0,normalDay
2019-10-02,754.0,-241.0,0.0,0,288.06,0.0,1,1.76,4.17,SPY191115P00277000,277.0,0,0.0,0.0,,0.0,normalDay
2019-10-03,754.0,-147.0,0.0,0,290.42,0.0,1,1.76,3.23,SPY191115P00277000,277.0,0,0.0,0.0,,0.0,normalDay
2019-10-04,754.0,-35.0,0.0,0,294.35,0.0,1,1.76,2.11,SPY191115P00277000,277.0,0,0.0,0.0,,0.0,normalDay
2019-10-07,754.0,-54.0,0.0,0,293.08,0.0,1,1.76,2.3,SPY191115P00277000,277.0,0,0.0,0.0,,0.0,normalDay
2019-10-08,754.0,-176.0,0.0,0,288.53,0.0,1,1.76,3.52,SPY191115P00277000,277.0,0,0.0,0.0,,0.0,normalDay
2019-10-09,754.0,-80.0,0.0,0,291.27,0.0,1,1.76,2.56,SPY191115P00277000,277.0,0,0.0,0.0,,0.0,normalDay
2019-10-10,754.0,-16.0,0.0,0,293.24,0.0,1,1.76,1.92,SPY191115P00277000,277.0,0,0.0,0.0,,0.0,normalDay
2019-10-11,754.0,64.0,0.0,0,296.28,0.0,1,1.76,1.12,SPY191115P00277000,277.0,0,0.0,0.0,,0.0,normalDay
2019-10-14,754.0,85.0,0.0,0,295.95,0.0,1,1.76,0.91,SPY191115P00277000,277.0,0,0.0,0.0,,0.0,normalDay
2019-10-15,754.0,121.0,0.0,0,298.88,0.0,1,1.76,0.55,SPY191115P00277000,277.0,0,0.0,0.0,,0.0,normalDay
2019-10-16,754.0,121.0,0.0,0,298.4,0.0,1,1.76,0.55,SPY191115P00277000,277.0,0,0.0,0.0,,0.0,normalDay
2019-10-17,754.0,126.0,0.0,0,299.28,0.0,1,1.76,0.5,SPY191115P00277000,277.0,0,0.0,0.0,,0.0,normalDay
2019-10-18,754.0,121.0,0.0,0,297.97,0.0,1,1.76,0.55,SPY191115P00277000,277.0,0,0.0,0.0,,0.0,normalDay
2019-10-21,754.0,140.0,0.0,0,299.99,0.0,1,1.76,0.36,SPY191115P00277000,277.0,0,0.0,0.0,,0.0,normalDay
2019-10-22,754.0,136.0,0.0,0,299.01,0.0,1,1.76,0.4,SPY191115P00277000,277.0,0,0.0,0.0,,0.0,normalDay
2019-10-23,754.0,145.0,0.0,0,299.88,0.0,1,1.76,0.31,SPY191115P00277000,277.0,0,0.0,0.0,,0.0,normalDay
2019-10-24,754.0,151.0,0.0,0,300.37,0.0,1,1.76,0.25,SPY191115P00277000,277.0,0,0.0,0.0,,0.0,normalDay
2019-10-25,754.0,159.0,0.0,0,301.6,0.0,1,1.76,0.17,SPY191115P00277000,277.0,0,0.0,0.0,,0.0,normalDay
2019-10-28,754.0,162.0,0.0,0,303.3,0.0,1,1.76,0.14,SPY191115P00277000,277.0,0,0.0,0.0,,0.0,normalDay
2019-10-29,754.0,163.0,0.0,0,303.21,0.0,1,1.76,0.13,SPY191115P00277000,277.0,0,0.0,0.0,,0.0,normalDay
2019-10-30,754.0,166.0,0.0,0,304.14,0.0,1,1.76,0.1,SPY191115P00277000,277.0,0,0.0,0.0,,0.0,normalDay
2019-10-31,754.0,163.0,0.0,0,303.33,0.0,1,1.76,0.13,SPY191115P00277000,277.0,0,0.0,0.0,,0.0,normalDay
2019-11-01,754.0,170.0,0.0,0,306.14,0.0,1,1.76,0.06,SPY191115P00277000,277.0,0,0.0,0.0,,0.0,normalDay
2019-11-04,754.0,170.0,0.0,0,307.37,0.0,1,1.76,0.06,SPY191115P00277000,277.0,0,0.0,0.0,,0.0,normalDay
2019-11-05,754.0,172.0,0.0,0,307.03,0.0,1,1.76,0.04,SPY191115P00277000,277.0,0,0.0,0.0,,0.0,normalDay
2019-11-06,754.0,173.0,0.0,0,307.1,0.0,1,1.76,0.03,SPY191115P00277000,277.0,0,0.0,0.0,,0.0,normalDay
2019-11-07,754.0,174.0,0.0,0,308.18,0.0,1,1.76,0.02,SPY191115P00277000,277.0,0,0.0,0.0,,0.0,normalDay
2019-11-08,754.0,174.0,0.0,0,308.94,0.0,1,1.76,0.02,SPY191115P00277000,277.0,0,0.0,0.0,,0.0,normalDay
2019-11-11,754.0,175.0,0.0,0,308.35,0.0,1,1.76,0.01,SPY191115P00277000,277.0,0,0.0,0.0,,0.0,normalDay
2019-11-12,754.0,175.0,0.0,0,309.0,0.0,1,1.76,0.01,SPY191115P00277000,277.0,0,0.0,0.0,,0.0,normalDay
2019-11-13,754.0,175.0,0.0,0,309.1,0.0,1,1.76,0.01,SPY191115P00277000,277.0,0,0.0,0.0,,0.0,normalDay
2019-11-14,754.0,175.0,0.0,0,309.55,0.0,1,1.76,0.01,SPY191115P00277000,277.0,0,0.0,0.0,,0.0,normalDay
2019-11-15,930.0,0.0,176.0,0,311.79,0.0,1,1.76,0.0,SPY191115P00277000,277.0,0,0.0,0.0,,0.0,expirationDay
2019-11-18,930.0,-4.0,0.0,0,312.02,0.0,1,1.66,1.7,SPY200117P00290000,290.0,0,0.0,0.0,,0.0,normalDay
2019-11-19,930.0,-13.0,0.0,0,311.93,0.0,1,1.66,1.79,SPY200117P00290000,290.0,0,0.0,0.0,,0.0,normalDay
2019-11-20,930.0,-27.0,0.0,0,310.77,0.0,1,1.66,1.93,SPY200117P00290000,290.0,0,0.0,0.0,,0.0,normalDay
2019-11-21,930.0,-32.0,0.0,0,310.27,0.0,1,1.66,1.98,SPY200117P00290000,290.0,0,0.0,0.0,,0.0,normalDay
2019-11-22,930.0,-7.0,0.0,0,310.96,0.0,1,1.66,1.73,SPY200117P00290000,290.0,0,0.0,0.0,,0.0,normalDay
2019-11-25,930.0,37.0,0.0,0,313.37,0.0,1,1.66,1.29,SPY200117P00290000,290.0,0,0.0,0.0,,0.0,normalDay
2019-11-26,930.0,50.0,0.0,0,314.08,0.0,1,1.66,1.16,SPY200117P00290000,290.0,0,0.0,0.0,,0.0,normalDay
2019-11-27,930.0,61.0,0.0,0,315.48,0.0,1,1.66,1.05,SPY200117P00290000,290.0,0,0.0,0.0,,0.0,normalDay
2019-11-29,930.0,45.0,0.0,0,314.31,0.0,1,1.66,1.21,SPY200117P00290000,290.0,0,0.0,0.0,,0.0,normalDay
2019-12-02,930.0,-4.0,0.0,0,311.64,0.0,1,1.66,1.7,SPY200117P00290000,290.0,0,0.0,0.0,,0.0,normalDay
2019-12-03,930.0,-47.0,0.0,0,309.55,0.0,1,1.66,2.13,SPY200117P00290000,290.0,0,0.0,0.0,,0.0,normalDay
2019-12-04,930.0,-5.0,0.0,0,311.46,0.0,1,1.66,1.71,SPY200117P00290000,290.0,0,0.0,0.0,,0.0,normalDay
2019-12-05,930.0,18.0,0.0,0,312.02,0.0,1,1.66,1.48,SPY200117P00290000,290.0,0,0.0,0.0,,0.0,normalDay
2019-12-06,930.0,56.0,0.0,0,314.87,0.0,1,1.66,1.1,SPY200117P00290000,290.0,0,0.0,0.0,,0.0,normalDay
2019-12-09,930.0,30.0,0.0,0,313.88,0.0,1,1.66,1.36,SPY200117P00290000,290.0,0,0.0,0.0,,0.0,normalDay
2019-12-10,930.0,40.0,0.0,0,313.53,0.0,1,1.66,1.26,SPY200117P00290000,290.0,0,0.0,0.0,,0.0,normalDay
2019-12-11,930.0,60.0,0.0,0,314.42,0.0,1,1.66,1.06,SPY200117P00290000,290.0,0,0.0,0.0,,0.0,normalDay
2019-12-12,930.0,92.0,0.0,0,317.13,0.0,1,1.66,0.74,SPY200117P00290000,290.0,0,0.0,0.0,,0.0,normalDay
2019-12-13,930.0,110.0,0.0,0,317.32,0.0,1,1.66,0.56,SPY200117P00290000,290.0,0,0.0,0.0,,0.0,normalDay
2019-12-16,930.0,126.0,0.0,0,319.5,0.0,1,1.66,0.4,SPY200117P00290000,290.0,0,0.0,0.0,,0.0,normalDay
2019-12-17,930.0,126.0,0.0,0,319.57,0.0,1,1.66,0.4,SPY200117P00290000,290.0,0,0.0,0.0,,0.0,normalDay
2019-12-18,930.0,127.0,0.0,0,319.59,0.0,1,1.66,0.39,SPY200117P00290000,290.0,0,0.0,0.0,,0.0,normalDay
2019-12-19,930.0,131.0,0.0,0,320.9,0.0,1,1.66,0.35,SPY200117P00290000,290.0,0,0.0,0.0,,0.0,normalDay
2019-12-20,930.0,132.0,0.0,0,320.73,0.0,1,1.66,0.34,SPY200117P00290000,290.0,0,0.0,0.0,,0.0,normalDay
2019-12-23,930.0,136.0,0.0,0,321.22,0.0,1,1.66,0.3,SPY200117P00290000,290.0,0,0.0,0.0,,0.0,normalDay
2019-12-24,930.0,139.0,0.0,0,321.23,0.0,1,1.66,0.27,SPY200117P00290000,290.0,0,0.0,0.0,,0.0,normalDay
2019-12-26,930.0,146.0,0.0,0,322.94,0.0,1,1.66,0.2,SPY200117P00290000,290.0,0,0.0,0.0,,0.0,normalDay
2019-12-27,930.0,146.0,0.0,0,322.86,0.0,1,1.66,0.2,SPY200117P00290000,290.0,0,0.0,0.0,,0.0,normalDay
2019-12-30,930.0,144.0,0.0,0,321.08,0.0,1,1.66,0.22,SPY200117P00290000,290.0,0,0.0,0.0,,0.0,normalDay
2019-12-31,930.0,147.0,0.0,0,321.86,0.0,1,1.66,0.19,SPY200117P00290000,290.0,0,0.0,0.0,,0.0,normalDay
2020-01-02,930.0,158.0,0.0,0,324.87,0.0,1,1.66,0.08,SPY200117P00290000,290.0,0,0.0,0.0,,0.0,normalDay
2020-01-03,930.0,155.0,0.0,0,322.41,0.0,1,1.66,0.11,SPY200117P00290000,290.0,0,0.0,0.0,,0.0,normalDay
2020-01-06,930.0,160.0,0.0,0,323.64,0.0,1,1.66,0.06,SPY200117P00290000,290.0,0,0.0,0.0,,0.0,normalDay
2020-01-07,930.0,161.0,0.0,0,322.73,0.0,1,1.66,0.05,SPY200117P00290000,290.0,0,0.0,0.0,,0.0,normalDay
2020-01-08,930.0,161.0,0.0,0,324.45,0.0,1,1.66,0.05,SPY200117P00290000,290.0,0,0.0,0.0,,0.0,normalDay
2020-01-09,930.0,163.0,0.0,0,326.65,0.0,1,1.66,0.03,SPY200117P00290000,290.0,0,0.0,0.0,,0.0,normalDay
2020-01-10,930.0,164.0,0.0,0,325.71,0.0,1,1.66,0.02,SPY200117P00290000,290.0,0,0.0,0.0,,0.0,normalDay
2020-01-13,930.0,165.0,0.0,0,327.95,0.0,1,1.66,0.01,SPY200117P00290000,290.0,0,0.0,0.0,,0.0,normalDay
2020-01-14,930.0,165.0,0.0,0,327.45,0.0,1,1.66,0.01,SPY200117P00290000,290.0,0,0.0,0.0,,0.0,normalDay
2020-01-15,930.0,165.0,0.0,0,328.19,0.0,1,1.66,0.01,SPY200117P00290000,290.0,0,0.0,0.0,,0.0,normalDay
2020-01-16,930.0,165.0,0.0,0,330.92,0.0,1,1.66,0.01,SPY200117P00290000,290.0,0,0.0,0.0,,0.0,normalDay
2020-01-17,1096.0,0.0,166.0,0,331.95,0.0,1,1.66,0.0,SPY200117P00290000,290.0,0,0.0,0.0,,0.0,expirationDay
2020-01-21,1096.0,-4.0,0.0,0,331.3,0.0,1,2.98,3.02,SPY200417P00310000,310.0,0,0.0,0.0,,0.0,normalDay
2020-01-22,1096.0,-5.0,0.0,0,331.34,0.0,1,2.98,3.03,SPY200417P00310000,310.0,0,0.0,0.0,,0.0,normalDay
2020-01-23,1096.0,0.0,0.0,0,331.72,0.0,1,2.98,2.98,SPY200417P00310000,310.0,0,0.0,0.0,,0.0,normalDay
2020-01-24,1096.0,-77.0,0.0,0,328.77,0.0,1,2.98,3.75,SPY200417P00310000,310.0,0,0.0,0.0,,0.0,normalDay
2020-01-27,1096.0,-269.0,0.0,0,323.5,0.0,1,2.98,5.67,SPY200417P00310000,310.0,0,0.0,0.0,,0.0,normalDay
2020-01-28,1096.0,-135.0,0.0,0,326.89,0.0,1,2.98,4.33,SPY200417P00310000,310.0,0,0.0,0.0,,0.0,normalDay
2020-01-29,1096.0,-137.0,0.0,0,326.62,0.0,1,2.98,4.35,SPY200417P00310000,310.0,0,0.0,0.0,,0.0,normalDay
2020-01-30,1096.0,-80.0,0.0,0,327.68,0.0,1,2.98,3.78,SPY200417P00310000,310.0,0,0.0,0.0,,0.0,normalDay
2020-01-31,1096.0,-280.0,0.0,0,321.73,0.0,1,2.98,5.78,SPY200417P00310000,310.0,0,0.0,0.0,,0.0,normalDay
2020-02-03,1096.0,-204.0,0.0,0,324.12,0.0,1,2.98,5.02,SPY200417P00310000,310.0,0,0.0,0.0,,0.0,normalDay
2020-02-04,1096.0,-43.0,0.0,0,329.06,0.0,1,2.98,3.41,SPY200417P00310000,310.0,0,0.0,0.0,,0.0,normalDay
2020-02-05,1096.0,34.0,0.0,0,332.86,0.0,1,2.98,2.64,SPY200417P00310000,310.0,0,0.0,0.0,,0.0,normalDay
2020-02-06,1096.0,50.0,0.0,0,333.98,0.0,1,2.98,2.48,SPY200417P00310000,310.0,0,0.0,0.0,,0.0,normalDay
2020-02-07,1096.0,21.0,0.0,0,332.2,0.0,1,2.98,2.77,SPY200417P00310000,310.0,0,0.0,0.0,,0.0,normalDay
2020-02-10,1096.0,65.0,0.0,0,334.68,0.0,1,2.98,2.33,SPY200417P00310000,310.0,0,0.0,0.0,,0.0,normalDay
2020-02-11,1096.0,75.0,0.0,0,335.26,0.0,1,2.98,2.23,SPY200417P00310000,310.0,0,0.0,0.0,,0.0,normalDay
2020-02-12,1096.0,118.0,0.0,0,337.42,0.0,1,2.98,1.8,SPY200417P00310000,310.0,0,0.0,0.0,,0.0,normalDay
2020-02-13,1096.0,111.0,0.0,0,337.06,0.0,1,2.98,1.87,SPY200417P00310000,310.0,0,0.0,0.0,,0.0,normalDay
2020-02-14,1096.0,125.0,0.0,0,337.6,0.0,1,2.98,1.73,SPY200417P00310000,310.0,0,0.0,0.0,,0.0,normalDay
2020-02-18,1096.0,116.0,0.0,0,336.73,0.0,1,2.98,1.82,SPY200417P00310000,310.0,0,0.0,0.0,,0.0,normalDay
2020-02-19,1096.0,141.0,0.0,0,338.34,0.0,1,2.98,1.57,SPY200417P00310000,310.0,0,0.0,0.0,,0.0,normalDay
2020-02-20,1096.0,113.0,0.0,0,336.95,0.0,1,2.98,1.85,SPY200417P00310000,310.0,0,0.0,0.0,,0.0,normalDay
2020-02-21,1096.0,44.0,0.0,0,333.48,0.0,1,2.98,2.54,SPY200417P00310000,310.0,0,0.0,0.0,,0.0,normalDay
2020-02-24,1096.0,-323.0,0.0,0,322.42,0.0,1,2.98,6.21,SPY200417P00310000,310.0,0,0.0,0.0,,0.0,normalDay
2020-02-25,1096.0,-658.0,0.0,0,312.65,0.0,1,2.98,9.56,SPY200417P00310000,310.0,0,0.0,0.0,,0.0,normalDay
2020-02-26,1096.0,-721.0,0.0,0,311.5,0.0,1,2.98,10.19,SPY200417P00310000,310.0,0,0.0,0.0,,0.0,normalDay
2020-02-27,1096.0,-1702.0,0.0,0,297.51,0.0,1,2.98,20.0,SPY200417P00310000,310.0,0,0.0,0.0,,0.0,normalDay
2020-02-28,1096.0,-1786.0,0.0,0,296.26,0.0,1,2.98,20.84,SPY200417P00310000,310.0,0,0.0,0.0,,0.0,normalDay
2020-03-02,1096.0,-900.0,0.0,0,309.09,0.0,1,2.98,11.98,SPY200417P00310000,310.0,0,0.0,0.0,,0.0,normalDay
2020-03-03,1096.0,-1373.0,0.0,0,300.24,0.0,1,2.98,16.71,SPY200417P00310000,310.0,0,0.0,0.0,,0.0,normalDay
2020-03-04,1096.0,-777.0,0.0,0,312.86,0.0,1,2.98,10.75,SPY200417P00310000,310.0,0,0.0,0.0,,0.0,normalDay
2020-03-05,1096.0,-1450.0,0.0,0,302.46,0.0,1,2.98,17.48,SPY200417P00310000,310.0,0,0.0,0.0,,0.0,normalDay
2020-03-06,1096.0,-1806.0,0.0,0,297.46,0.0,1,2.98,21.04,SPY200417P00310000,310.0,0,0.0,0.0,,0.0,normalDay
2020-03-09,1096.0,-3698.0,0.0,0,274.23,0.0,1,2.98,39.96,SPY200417P00310000,310.0,0,0.0,0.0,,0.0,normalDay
2020-03-10,1096.0,-2443.0,0.0,0,288.42,0.0,1,2.98,27.41,SPY200417P00310000,310.0,0,0.0,0.0,,0.0,normalDay
2020-03-11,1096.0,-3616.0,0.0,0,274.36,0.0,1,2.98,39.14,SPY200417P00310000,310.0,0,0.0,0.0,,0.0,normalDay
2020-03-12,1096.0,-6078.0,0.0,0,248.11,0.0,1,2.98,63.76,SPY200417P00310000,310.0,0,0.0,0.0,,0.0,normalDay
2020-03-13,1096.0,-3991.0,0.0,0,269.32,0.0,1,2.98,42.89,SPY200417P00310000,310.0,0,0.0,0.0,,0.0,normalDay
2020-03-16,1096.0,-6609.0,0.0,0,239.85,0.0,1,2.98,69.07,SPY200417P00310000,310.0,0,0.0,0.0,,0.0,normalDay
2020-03-17,1096.0,-5771.0,0.0,0,252.8,0.0,1,2.98,60.69,SPY200417P00310000,310.0,0,0.0,0.0,,0.0,normalDay
2020-03-18,1096.0,-6857.0,0.0,0,240.0,0.0,1,2.98,71.55,SPY200417P00310000,310.0,0,0.0,0.0,,0.0,normalDay
2020-03-19,1096.0,-6864.0,0.0,0,240.51,0.0,1,2.98,71.62,SPY200417P00310000,310.0,0,0.0,0.0,,0.0,normalDay
2020-03-20,1096.0,-7817.0,0.0,0,228.8,0.0,1,2.98,81.15,SPY200417P00310000,310.0,0,0.0,0.0,,0.0,normalDay
2020-03-23,1096.0,-8614.0,0.0,0,222.95,0.0,1,2.98,89.12,SPY200417P00310000,310.0,0,0.0,0.0,,0.0,normalDay
2020-03-24,1096.0,-6500.0,0.0,0,243.15,0.0,1,2.98,67.98,SPY200417P00310000,310.0,0,0.0,0.0,,0.0,normalDay
2020-03-25,1096.0,-6032.0,0.0,0,246.79,0.0,1,2.98,63.3,SPY200417P00310000,310.0,0,0.0,0.0,,0.0,normalDay
2020-03-26,1096.0,-4680.0,0.0,0,261.2,0.0,1,2.98,49.78,SPY200417P00310000,310.0,0,0.0,0.0,,0.0,normalDay
2020-03-27,1096.0,-5456.0,0.0,0,253.42,0.0,1,2.98,57.54,SPY200417P00310000,310.0,0,0.0,0.0,,0.0,normalDay
2020-03-30,1096.0,-4658.0,0.0,0,261.65,0.0,1,2.98,49.56,SPY200417P00310000,310.0,0,0.0,0.0,,0.0,normalDay
2020-03-31,1096.0,-5058.0,0.0,0,257.75,0.0,1,2.98,53.56,SPY200417P00310000,310.0,0,0.0,0.0,,0.0,normalDay
2020-04-01,1096.0,-6138.0,0.0,0,246.15,0.0,1,2.98,64.36,SPY200417P00310000,310.0,0,0.0,0.0,,0.0,normalDay
2020-04-02,1096.0,-5474.0,0.0,0,251.83,0.0,1,2.98,57.72,SPY200417P00310000,310.0,0,0.0,0.0,,0.0,normalDay
2020-04-03,1096.0,-5879.0,0.0,0,248.19,0.0,1,2.98,61.77,SPY200417P00310000,310.0,0,0.0,0.0,,0.0,normalDay
2020-04-06,1096.0,-4212.0,0.0,0,264.86,0.0,1,2.98,45.1,SPY200417P00310000,310.0,0,0.0,0.0,,0.0,normalDay
2020-04-07,1096.0,-4309.0,0.0,0,265.13,0.0,1,2.98,46.07,SPY200417P00310000,310.0,0,0.0,0.0,,0.0,normalDay
2020-04-08,1096.0,-3325.0,0.0,0,274.03,0.0,1,2.98,36.23,SPY200417P00310000,310.0,0,0.0,0.0,,0.0,normalDay
2020-04-09,1096.0,-2915.0,0.0,0,278.2,0.0,1,2.98,32.13,SPY200417P00310000,310.0,0,0.0,0.0,,0.0,normalDay
2020-04-13,1096.0,-3165.0,0.0,0,275.66,0.0,1,2.98,34.63,SPY200417P00310000,310.0,0,0.0,0.0,,0.0,normalDay
2020-04-14,1096.0,-2315.0,0.0,0,283.79,0.0,1,2.98,26.13,SPY200417P00310000,310.0,0,0.0,0.0,,0.0,normalDay
2020-04-15,1096.0,-2948.0,0.0,0,277.76,0.0,1,2.98,32.46,SPY200417P00310000,310.0,0,0.0,0.0,,0.0,normalDay
2020-04-16,1096.0,-2795.0,0.0,0,279.1,0.0,1,2.98,30.93,SPY200417P00310000,310.0,0,0.0,0.0,,0.0,normalDay
2020-04-17,1394.0,-2336.0,298.0,100,286.64,310.0,1,2.98,0.0,SPY200417P00310000,310.0,0,0.0,0.0,,0.0,expirationDay
2020-04-20,1394.0,-2846.0,0.0,100,281.59,310.0,0,0.0,0.0,,0.0,1,1.13,1.18,SPY200529C00313000,313.0,normalDay
2020-04-21,1394.0,-3643.0,0.0,100,273.04,310.0,0,0.0,0.0,,0.0,1,1.13,0.6,SPY200529C00313000,313.0,normalDay
2020-04-22,1394.0,-3040.0,0.0,100,279.1,310.0,0,0.0,0.0,,0.0,1,1.13,0.63,SPY200529C00313000,313.0,normalDay
2020-04-23,1394.0,-3036.0,0.0,100,279.08,310.0,0,0.0,0.0,,0.0,1,1.13,0.57,SPY200529C00313000,313.0,normalDay
2020-04-24,1394.0,-2653.0,0.0,100,282.97,310.0,0,0.0,0.0,,0.0,1,1.13,0.63,SPY200529C00313000,313.0,normalDay
2020-04-27,1394.0,-2247.0,0.0,100,287.05,310.0,0,0.0,0.0,,0.0,1,1.13,0.65,SPY200529C00313000,313.0,normalDay
2020-04-28,1394.0,-2364.0,0.0,100,285.73,310.0,0,0.0,0.0,,0.0,1,1.13,0.5,SPY200529C00313000,313.0,normalDay
2020-04-29,1394.0,-1680.0,0.0,100,293.21,310.0,0,0.0,0.0,,0.0,1,1.13,1.14,SPY200529C00313000,313.0,normalDay
2020-04-30,1394.0,-1921.0,0.0,100,290.48,310.0,0,0.0,0.0,,0.0,1,1.13,0.82,SPY200529C00313000,313.0,normalDay
2020-05-01,1394.0,-2636.0,0.0,100,282.79,310.0,0,0.0,0.0,,0.0,1,1.13,0.28,SPY200529C00313000,313.0,normalDay
2020-05-04,1394.0,-2555.0,0.0,100,283.57,310.0,0,0.0,0.0,,0.0,1,1.13,0.25,SPY200529C00313000,313.0,normalDay
2020-05-05,1394.0,-2294.0,0.0,100,286.19,310.0,0,0.0,0.0,,0.0,1,1.13,0.26,SPY200529C00313000,313.0,normalDay
2020-05-06,1394.0,-2480.0,0.0,100,284.25,310.0,0,0.0,0.0,,0.0,1,1.13,0.18,SPY200529C00313000,313.0,normalDay
2020-05-07,1394.0,-2141.0,0.0,100,287.68,310.0,0,0.0,0.0,,0.0,1,1.13,0.22,SPY200529C00313000,313.0,normalDay
2020-05-08,1394.0,-1674.0,0.0,100,292.44,310.0,0,0.0,0.0,,0.0,1,1.13,0.31,SPY200529C00313000,313.0,normalDay
2020-05-11,1394.0,-1657.0,0.0,100,292.5,310.0,0,0.0,0.0,,0.0,1,1.13,0.2,SPY200529C00313000,313.0,normalDay
2020-05-12,1394.0,-2232.0,0.0,100,286.67,310.0,0,0.0,0.0,,0.0,1,1.13,0.12,SPY200529C00313000,313.0,normalDay
2020-05-13,1394.0,-2733.0,0.0,100,281.6,310.0,0,0.0,0.0,,0.0,1,1.13,0.06,SPY200529C00313000,313.0,normalDay
2020-05-14,1394.0,-2397.0,0.0,100,284.97,310.0,0,0.0,0.0,,0.0,1,1.13,0.07,SPY200529C00313000,313.0,normalDay
2020-05-15,1394.0,-2263.0,0.0,100,286.28,310.0,0,0.0,0.0,,0.0,1,1.13,0.04,SPY200529C00313000,313.0,normalDay
2020-05-18,1394.0,-1410.0,0.0,100,295.0,310.0,0,0.0,0.0,,0.0,1,1.13,0.23,SPY200529C00313000,313.0,normalDay
2020-05-19,1394.0,-1704.0,0.0,100,291.97,310.0,0,0.0,0.0,,0.0,1,1.13,0.14,SPY200529C00313000,313.0,normalDay
2020-05-20,1394.0,-1214.0,0.0,100,296.93,310.0,0,0.0,0.0,,0.0,1,1.13,0.2,SPY200529C00313000,313.0,normalDay
2020-05-21,1394.0,-1409.0,0.0,100,294.88,310.0,0,0.0,0.0,,0.0,1,1.13,0.1,SPY200529C00313000,313.0,normalDay
2020-05-22,1394.0,-1346.0,0.0,100,295.44,310.0,0,0.0,0.0,,0.0,1,1.13,0.03,SPY200529C00313000,313.0,normalDay
2020-05-26,1394.0,-983.0,0.0,100,299.08,310.0,0,0.0,0.0,,0.0,1,1.13,0.04,SPY200529C00313000,313.0,normalDay
2020-05-27,1394.0,-541.0,0.0,100,303.53,310.0,0,0.0,0.0,,0.0,1,1.13,0.07,SPY200529C00313000,313.0,normalDay
2020-05-28,1394.0,-593.0,0.0,100,302.97,310.0,0,0.0,0.0,,0.0,1,1.13,0.03,SPY200529C00313000,313.0,normalDay
2020-05-29,1507.0,-568.0,113.0,100,304.32,310.0,0,0.0,0.0,,0.0,1,1.13,0.0,SPY200529C00313000,313.0,expirationDay
2020-06-01,1507.0,-450.0,0.0,100,305.55,310.0,0,0.0,0.0,,0.0,1,4.57,4.62,SPY200717C00315000,315.0,normalDay
2020-06-02,1507.0,-255.0,0.0,100,308.08,310.0,0,0.0,0.0,,0.0,1,4.57,5.2,SPY200717C00315000,315.0,normalDay
2020-06-03,1507.0,-27.0,0.0,100,312.18,310.0,0,0.0,0.0,,0.0,1,4.57,7.02,SPY200717C00315000,315.0,normalDay
2020-06-04,1507.0,-62.0,0.0,100,311.36,310.0,0,0.0,0.0,,0.0,1,4.57,6.55,SPY200717C00315000,315.0,normalDay
2020-06-05,1507.0,327.0,0.0,100,319.34,310.0,0,0.0,0.0,,0.0,1,4.57,10.64,SPY200717C00315000,315.0,normalDay
2020-06-08,1507.0,463.0,0.0,100,323.2,310.0,0,0.0,0.0,,0.0,1,4.57,13.14,SPY200717C00315000,315.0,normalDay
2020-06-09,1507.0,264.0,0.0,100,320.79,310.0,0,0.0,0.0,,0.0,1,4.57,12.72,SPY200717C00315000,315.0,normalDay
2020-06-10,1507.0,282.0,0.0,100,319.0,310.0,0,0.0,0.0,,0.0,1,4.57,10.75,SPY200717C00315000,315.0,normalDay
2020-06-11,1507.0,-982.0,0.0,100,300.61,310.0,0,0.0,0.0,,0.0,1,4.57,5.0,SPY200717C00315000,315.0,normalDay
2020-06-12,1507.0,-607.0,0.0,100,304.21,310.0,0,0.0,0.0,,0.0,1,4.57,4.85,SPY200717C00315000,315.0,normalDay
2020-06-15,1507.0,-411.0,0.0,100,307.05,310.0,0,0.0,0.0,,0.0,1,4.57,5.73,SPY200717C00315000,315.0,normalDay
2020-06-16,1507.0,-70.0,0.0,100,312.96,310.0,0,0.0,0.0,,0.0,1,4.57,8.23,SPY200717C00315000,315.0,normalDay
2020-06-17,1507.0,-129.0,0.0,100,311.66,310.0,0,0.0,0.0,,0.0,1,4.57,7.52,SPY200717C00315000,315.0,normalDay
2020-06-18,1507.0,-59.0,0.0,100,311.78,310.0,0,0.0,0.0,,0.0,1,4.57,6.94,SPY200717C00315000,315.0,normalDay
2020-06-19,1507.0,-235.0,0.0,100,308.64,310.0,0,0.0,0.0,,0.0,1,4.57,5.56,SPY200717C00315000,315.0,normalDay
2020-06-22,1507.0,-98.0,0.0,100,310.62,310.0,0,0.0,0.0,,0.0,1,4.57,6.17,SPY200717C00315000,315.0,normalDay
2020-06-23,1507.0,13.0,0.0,100,312.05,310.0,0,0.0,0.0,,0.0,1,4.57,6.49,SPY200717C00315000,315.0,normalDay
2020-06-24,1507.0,-490.0,0.0,100,304.09,310.0,0,0.0,0.0,,0.0,1,4.57,3.56,SPY200717C00315000,315.0,normalDay
2020-06-25,1507.0,-224.0,0.0,100,307.35,310.0,0,0.0,0.0,,0.0,1,4.57,4.16,SPY200717C00315000,315.0,normalDay
2020-06-26,1507.0,-743.0,0.0,100,300.05,310.0,0,0.0,0.0,,0.0,1,4.57,2.05,SPY200717C00315000,315.0,normalDay
2020-06-29,1507.0,-320.0,0.0,100,304.46,310.0,0,0.0,0.0,,0.0,1,4.57,2.23,SPY200717C00315000,315.0,normalDay
2020-06-30,1507.0,-23.0,0.0,100,308.36,310.0,0,0.0,0.0,,0.0,1,4.57,3.16,SPY200717C00315000,315.0,normalDay
2020-07-01,1507.0,159.0,0.0,100,310.52,310.0,0,0.0,0.0,,0.0,1,4.57,3.5,SPY200717C00315000,315.0,normalDay
2020-07-02,1507.0,286.0,0.0,100,312.23,310.0,0,0.0,0.0,,0.0,1,4.57,3.94,SPY200717C00315000,315.0,normalDay
2020-07-06,1507.0,561.0,0.0,100,317.05,310.0,0,0.0,0.0,,0.0,1,4.57,6.01,SPY200717C00315000,315.0,normalDay
2020-07-07,1507.0,418.0,0.0,100,313.78,310.0,0,0.0,0.0,,0.0,1,4.57,4.17,SPY200717C00315000,315.0,normalDay
2020-07-08,1507.0,576.0,0.0,100,316.18,310.0,0,0.0,0.0,,0.0,1,4.57,4.99,SPY200717C00315000,315.0,normalDay
2020-07-09,1507.0,513.0,0.0,100,314.38,310.0,0,0.0,0.0,,0.0,1,4.57,3.82,SPY200717C00315000,315.0,normalDay
2020-07-10,1507.0,692.0,0.0,100,317.59,310.0,0,0.0,0.0,,0.0,1,4.57,5.24,SPY200717C00315000,315.0,normalDay
2020-07-13,1507.0,588.0,0.0,100,314.84,310.0,0,0.0,0.0,,0.0,1,4.57,3.53,SPY200717C00315000,315.0,normalDay
2020-07-14,1507.0,809.0,0.0,100,318.92,310.0,0,0.0,0.0,,0.0,1,4.57,5.4,SPY200717C00315000,315.0,normalDay
2020-07-15,1507.0,907.0,0.0,100,321.85,310.0,0,0.0,0.0,,0.0,1,4.57,7.35,SPY200717C00315000,315.0,normalDay
2020-07-16,1507.0,1025.0,0.0,100,320.79,310.0,0,0.0,0.0,,0.0,1,4.57,5.11,SPY200717C00315000,315.0,normalDay
2020-07-17,2464.0,1025.0,957.0,0,321.72,0.0,0,0.0,0.0,,0.0,1,4.57,0.0,SPY200717C00315000,315.0,expirationDay
2020-07-20,2464.0,-5.0,0.0,0,324.32,0.0,1,4.34,4.39,SPY200930P00287000,287.0,0,0.0,0.0,,0.0,normalDay
2020-07-21,2464.0,2.0,0.0,0,325.01,0.0,1,4.34,4.32,SPY200930P00287000,287.0,0,0.0,0.0,,0.0,normalDay
2020-07-22,2464.0,35.0,0.0,0,326.86,0.0,1,4.34,3.99,SPY200930P00287000,287.0,0,0.0,0.0,,0.0,normalDay
2020-07-23,2464.0,-48.0,0.0,0,322.96,0.0,1,4.34,4.82,SPY200930P00287000,287.0,0,0.0,0.0,,0.0,normalDay
2020-07-24,2464.0,-48.0,0.0,0,320.88,0.0,1,4.34,4.82,SPY200930P00287000,287.0,0,0.0,0.0,,0.0,normalDay
2020-07-27,2464.0,23.0,0.0,0,323.22,0.0,1,4.34,4.11,SPY200930P00287000,287.0,0,0.0,0.0,,0.0,normalDay
2020-07-28,2464.0,-8.0,0.0,0,321.17,0.0,1,4.34,4.42,SPY200930P00287000,287.0,0,0.0,0.0,,0.0,normalDay
2020-07-29,2464.0,69.0,0.0,0,325.12,0.0,1,4.34,3.65,SPY200930P00287000,287.0,0,0.0,0.0,,0.0,normalDay
2020-07-30,2464.0,41.0,0.0,0,323.96,0.0,1,4.34,3.93,SPY200930P00287000,287.0,0,0.0,0.0,,0.0,normalDay
2020-07-31,2464.0,95.0,0.0,0,326.52,0.0,1,4.34,3.39,SPY200930P00287000,287.0,0,0.0,0.0,,0.0,normalDay
2020-08-03,2464.0,132.0,0.0,0,328.79,0.0,1,4.34,3.02,SPY200930P00287000,287.0,0,0.0,0.0,,0.0,normalDay
2020-08-04,2464.0,163.0,0.0,0,330.06,0.0,1,4.34,2.71,SPY200930P00287000,287.0,0,0.0,0.0,,0.0,normalDay
2020-08-05,2464.0,196.0,0.0,0,332.11,0.0,1,4.34,2.38,SPY200930P00287000,287.0,0,0.0,0.0,,0.0,normalDay
2020-08-06,2464.0,217.0,0.0,0,334.33,0.0,1,4.34,2.17,SPY200930P00287000,287.0,0,0.0,0.0,,0.0,normalDay
2020-08-07,2464.0,226.0,0.0,0,334.57,0.0,1,4.34,2.08,SPY200930P00287000,287.0,0,0.0,0.0,,0.0,normalDay
2020-08-10,2464.0,248.0,0.0,0,335.57,0.0,1,4.34,1.86,SPY200930P00287000,287.0,0,0.0,0.0,,0.0,normalDay
2020-08-11,2464.0,203.0,0.0,0,332.8,0.0,1,4.34,2.31,SPY200930P00287000,287.0,0,0.0,0.0,,0.0,normalDay
2020-08-12,2464.0,263.0,0.0,0,337.44,0.0,1,4.34,1.71,SPY200930P00287000,287.0,0,0.0,0.0,,0.0,normalDay
2020-08-13,2464.0,263.0,0.0,0,336.83,0.0,1,4.34,1.71,SPY200930P00287000,287.0,0,0.0,0.0,,0.0,normalDay
2020-08-14,2464.0,273.0,0.0,0,336.84,0.0,1,4.34,1.61,SPY200930P00287000,287.0,0,0.0,0.0,,0.0,normalDay
2020-08-17,2464.0,301.0,0.0,0,337.91,0.0,1,4.34,1.33,SPY200930P00287000,287.0,0,0.0,0.0,,0.0,normalDay
2020-08-18,2464.0,309.0,0.0,0,338.64,0.0,1,4.34,1.25,SPY200930P00287000,287.0,0,0.0,0.0,,0.0,normalDay
2020-08-19,2464.0,297.0,0.0,0,337.23,0.0,1,4.34,1.37,SPY200930P00287000,287.0,0,0.0,0.0,,0.0,normalDay
2020-08-20,2464.0,304.0,0.0,0,338.28,0.0,1,4.34,1.3,SPY200930P00287000,287.0,0,0.0,0.0,,0.0,normalDay
2020-08-21,2464.0,317.0,0.0,0,339.48,0.0,1,4.34,1.17,SPY200930P00287000,287.0,0,0.0,0.0,,0.0,normalDay
2020-08-24,2464.0,338.0,0.0,0,342.92,0.0,1,4.34,0.96,SPY200930P00287000,287.0,0,0.0,0.0,,0.0,normalDay
2020-08-25,2464.0,350.0,0.0,0,344.12,0.0,1,4.34,0.84,SPY200930P00287000,287.0,0,0.0,0.0,,0.0,normalDay
2020-08-26,2464.0,352.0,0.0,0,347.57,0.0,1,4.34,0.82,SPY200930P00287000,287.0,0,0.0,0.0,,0.0,normalDay
2020-08-27,2464.0,348.0,0.0,0,348.33,0.0,1,4.34,0.86,SPY200930P00287000,287.0,0,0.0,0.0,,0.0,normalDay
2020-08-28,2464.0,368.0,0.0,0,350.58,0.0,1,4.34,0.66,SPY200930P00287000,287.0,0,0.0,0.0,,0.0,normalDay
2020-08-31,2464.0,350.0,0.0,0,349.31,0.0,1,4.34,0.84,SPY200930P00287000,287.0,0,0.0,0.0,,0.0,normalDay
2020-09-01,2464.0,360.0,0.0,0,352.6,0.0,1,4.34,0.74,SPY200930P00287000,287.0,0,0.0,0.0,,0.0,normalDay
2020-09-02,2464.0,374.0,0.0,0,357.7,0.0,1,4.34,0.6,SPY200930P00287000,287.0,0,0.0,0.0,,0.0,normalDay
2020-09-03,2464.0,306.0,0.0,0,345.39,0.0,1,4.34,1.28,SPY200930P00287000,287.0,0,0.0,0.0,,0.0,normalDay
2020-09-04,2464.0,321.0,0.0,0,342.57,0.0,1,4.34,1.13,SPY200930P00287000,287.0,0,0.0,0.0,,0.0,normalDay
2020-09-08,2464.0,315.0,0.0,0,333.21,0.0,1,4.34,1.19,SPY200930P00287000,287.0,0,0.0,0.0,,0.0,normalDay
2020-09-09,2464.0,362.0,0.0,0,339.79,0.0,1,4.34,0.72,SPY200930P00287000,287.0,0,0.0,0.0,,0.0,normalDay
2020-09-10,2464.0,347.0,0.0,0,333.89,0.0,1,4.34,0.87,SPY200930P00287000,287.0,0,0.0,0.0,,0.0,normalDay
2020-09-11,2464.0,384.0,0.0,0,334.06,0.0,1,4.34,0.5,SPY200930P00287000,287.0,0,0.0,0.0,,0.0,normalDay
2020-09-14,2464.0,407.0,0.0,0,338.46,0.0,1,4.34,0.27,SPY200930P00287000,287.0,0,0.0,0.0,,0.0,normalDay
2020-09-15,2464.0,411.0,0.0,0,340.17,0.0,1,4.34,0.23,SPY200930P00287000,287.0,0,0.0,0.0,,0.0,normalDay
2020-09-16,2464.0,411.0,0.0,0,338.82,0.0,1,4.34,0.23,SPY200930P00287000,287.0,0,0.0,0.0,,0.0,normalDay
2020-09-17,2464.0,410.0,0.0,0,335.84,0.0,1,4.34,0.24,SPY200930P00287000,287.0,0,0.0,0.0,,0.0,normalDay
2020-09-18,2464.0,413.0,0.0,0,330.65,0.0,1,4.34,0.21,SPY200930P00287000,287.0,0,0.0,0.0,,0.0,normalDay
2020-09-21,2464.0,418.0,0.0,0,326.97,0.0,1,4.34,0.16,SPY200930P00287000,287.0,0,0.0,0.0,,0.0,normalDay
2020-09-22,2464.0,426.0,0.0,0,330.3,0.0,1,4.34,0.08,SPY200930P00287000,287.0,0,0.0,0.0,,0.0,normalDay
2020-09-23,2464.0,421.0,0.0,0,322.64,0.0,1,4.34,0.13,SPY200930P00287000,287.0,0,0.0,0.0,,0.0,normalDay
2020-09-24,2464.0,425.0,0.0,0,323.5,0.0,1,4.34,0.09,SPY200930P00287000,287.0,0,0.0,0.0,,0.0,normalDay
2020-09-25,2464.0,431.0,0.0,0,328.73,0.0,1,4.34,0.03,SPY200930P00287000,287.0,0,0.0,0.0,,0.0,normalDay
2020-09-28,2464.0,433.0,0.0,0,334.19,0.0,1,4.34,0.01,SPY200930P00287000,287.0,0,0.0,0.0,,0.0,normalDay
2020-09-29,2464.0,433.0,0.0,0,332.37,0.0,1,4.34,0.01,SPY200930P00287000,287.0,0,0.0,0.0,,0.0,normalDay
2020-09-30,2898.0,0.0,434.0,0,334.89,0.0,1,4.34,0.0,SPY200930P00287000,287.0,0,0.0,0.0,,0.0,expirationDay
2020-10-01,2898.0,-6.0,0.0,0,337.04,0.0,1,8.98,9.04,SPY201218P00310000,310.0,0,0.0,0.0,,0.0,normalDay
2020-10-02,2898.0,-98.0,0.0,0,333.84,0.0,1,8.98,9.96,SPY201218P00310000,310.0,0,0.0,0.0,,0.0,normalDay
2020-10-05,2898.0,91.0,0.0,0,339.76,0.0,1,8.98,8.07,SPY201218P00310000,310.0,0,0.0,0.0,,0.0,normalDay
2020-10-06,2898.0,-5.0,0.0,0,334.93,0.0,1,8.98,9.03,SPY201218P00310000,310.0,0,0.0,0.0,,0.0,normalDay
2020-10-07,2898.0,168.0,0.0,0,340.76,0.0,1,8.98,7.3,SPY201218P00310000,310.0,0,0.0,0.0,,0.0,normalDay
2020-10-08,2898.0,282.0,0.0,0,343.78,0.0,1,8.98,6.16,SPY201218P00310000,310.0,0,0.0,0.0,,0.0,normalDay
2020-10-09,2898.0,388.0,0.0,0,346.85,0.0,1,8.98,5.1,SPY201218P00310000,310.0,0,0.0,0.0,,0.0,normalDay
2020-10-12,2898.0,471.0,0.0,0,352.43,0.0,1,8.98,4.27,SPY201218P00310000,310.0,0,0.0,0.0,,0.0,normalDay
2020-10-13,2898.0,437.0,0.0,0,350.13,0.0,1,8.98,4.61,SPY201218P00310000,310.0,0,0.0,0.0,,0.0,normalDay
2020-10-14,2898.0,419.0,0.0,0,347.93,0.0,1,8.98,4.79,SPY201218P00310000,310.0,0,0.0,0.0,,0.0,normalDay
2020-10-15,2898.0,407.0,0.0,0,347.5,0.0,1,8.98,4.91,SPY201218P00310000,310.0,0,0.0,0.0,,0.0,normalDay
2020-10-16,2898.0,386.0,0.0,0,347.29,0.0,1,8.98,5.12,SPY201218P00310000,310.0,0,0.0,0.0,,0.0,normalDay
2020-10-19,2898.0,300.0,0.0,0,342.01,0.0,1,8.98,5.98,SPY201218P00310000,310.0,0,0.0,0.0,,0.0,normalDay
2020-10-20,2898.0,316.0,0.0,0,343.38,0.0,1,8.98,5.82,SPY201218P00310000,310.0,0,0.0,0.0,,0.0,normalDay
2020-10-21,2898.0,360.0,0.0,0,342.73,0.0,1,8.98,5.38,SPY201218P00310000,310.0,0,0.0,0.0,,0.0,normalDay
2020-10-22,2898.0,396.0,0.0,0,344.61,0.0,1,8.98,5.02,SPY201218P00310000,310.0,0,0.0,0.0,,0.0,normalDay
2020-10-23,2898.0,424.0,0.0,0,345.78,0.0,1,8.98,4.74,SPY201218P00310000,310.0,0,0.0,0.0,,0.0,normalDay
2020-10-26,2898.0,244.0,0.0,0,339.39,0.0,1,8.98,6.54,SPY201218P00310000,310.0,0,0.0,0.0,,0.0,normalDay
2020-10-27,2898.0,216.0,0.0,0,338.22,0.0,1,8.98,6.82,SPY201218P00310000,310.0,0,0.0,0.0,,0.0,normalDay
2020-10-28,2898.0,-254.0,0.0,0,326.66,0.0,1,8.98,11.52,SPY201218P00310000,310.0,0,0.0,0.0,,0.0,normalDay
2020-10-29,2898.0,-10.0,0.0,0,329.98,0.0,1,8.98,9.08,SPY201218P00310000,310.0,0,0.0,0.0,,0.0,normalDay
2020-10-30,2898.0,-115.0,0.0,0,326.54,0.0,1,8.98,10.13,SPY201218P00310000,310.0,0,0.0,0.0,,0.0,normalDay
2020-11-02,2898.0,53.0,0.0,0,330.2,0.0,1,8.98,8.45,SPY201218P00310000,310.0,0,0.0,0.0,,0.0,normalDay
2020-11-03,2898.0,217.0,0.0,0,336.03,0.0,1,8.98,6.81,SPY201218P00310000,310.0,0,0.0,0.0,,0.0,normalDay
2020-11-04,2898.0,480.0,0.0,0,343.54,0.0,1,8.98,4.18,SPY201218P00310000,310.0,0,0.0,0.0,,0.0,normalDay
2020-11-05,2898.0,582.0,0.0,0,350.24,0.0,1,8.98,3.16,SPY201218P00310000,310.0,0,0.0,0.0,,0.0,normalDay
2020-11-06,2898.0,651.0,0.0,0,350.16,0.0,1,8.98,2.47,SPY201218P00310000,310.0,0,0.0,0.0,,0.0,normalDay
2020-11-09,2898.0,708.0,0.0,0,354.56,0.0,1,8.98,1.9,SPY201218P00310000,310.0,0,0.0,0.0,,0.0,normalDay
2020-11-10,2898.0,725.0,0.0,0,354.04,0.0,1,8.98,1.73,SPY201218P00310000,310.0,0,0.0,0.0,,0.0,normalDay
2020-11-11,2898.0,756.0,0.0,0,356.67,0.0,1,8.98,1.42,SPY201218P00310000,310.0,0,0.0,0.0,,0.0,normalDay
2020-11-12,2898.0,715.0,0.0,0,353.21,0.0,1,8.98,1.83,SPY201218P00310000,310.0,0,0.0,0.0,,0.0,normalDay
2020-11-13,2898.0,776.0,0.0,0,358.1,0.0,1,8.98,1.22,SPY201218P00310000,310.0,0,0.0,0.0,,0.0,normalDay
2020-11-16,2898.0,810.0,0.0,0,362.57,0.0,1,8.98,0.88,SPY201218P00310000,310.0,0,0.0,0.0,,0.0,normalDay
2020-11-17,2898.0,808.0,0.0,0,360.62,0.0,1,8.98,0.9,SPY201218P00310000,310.0,0,0.0,0.0,,0.0,normalDay
2020-11-18,2898.0,790.0,0.0,0,356.28,0.0,1,8.98,1.08,SPY201218P00310000,310.0,0,0.0,0.0,,0.0,normalDay
2020-11-19,2898.0,808.0,0.0,0,357.78,0.0,1,8.98,0.9,SPY201218P00310000,310.0,0,0.0,0.0,,0.0,normalDay
2020-11-20,2898.0,803.0,0.0,0,355.33,0.0,1,8.98,0.95,SPY201218P00310000,310.0,0,0.0,0.0,,0.0,normalDay
2020-11-23,2898.0,825.0,0.0,0,357.46,0.0,1,8.98,0.73,SPY201218P00310000,310.0,0,0.0,0.0,,0.0,normalDay
2020-11-24,2898.0,848.0,0.0,0,363.22,0.0,1,8.98,0.5,SPY201218P00310000,310.0,0,0.0,0.0,,0.0,normalDay
2020-11-25,2898.0,852.0,0.0,0,362.66,0.0,1,8.98,0.46,SPY201218P00310000,310.0,0,0.0,0.0,,0.0,normalDay
2020-11-27,2898.0,860.0,0.0,0,363.67,0.0,1,8.98,0.38,SPY201218P00310000,310.0,0,0.0,0.0,,0.0,normalDay
2020-11-30,2898.0,866.0,0.0,0,362.06,0.0,1,8.98,0.32,SPY201218P00310000,310.0,0,0.0,0.0,,0.0,normalDay
2020-12-01,2898.0,870.0,0.0,0,366.02,0.0,1,8.98,0.28,SPY201218P00310000,310.0,0,0.0,0.0,,0.0,normalDay
2020-12-02,2898.0,870.0,0.0,0,366.79,0.0,1,8.98,0.28,SPY201218P00310000,310.0,0,0.0,0.0,,0.0,normalDay
2020-12-03,2898.0,872.0,0.0,0,366.69,0.0,1,8.98,0.26,SPY201218P00310000,310.0,0,0.0,0.0,,0.0,normalDay
2020-12-04,2898.0,881.0,0.0,0,369.85,0.0,1,8.98,0.17,SPY201218P00310000,310.0,0,0.0,0.0,,0.0,normalDay
2020-12-07,2898.0,886.0,0.0,0,369.09,0.0,1,8.98,0.12,SPY201218P00310000,310.0,0,0.0,0.0,,0.0,normalDay
2020-12-08,2898.0,888.0,0.0,0,370.17,0.0,1,8.98,0.1,SPY201218P00310000,310.0,0,0.0,0.0,,0.0,normalDay
2020-12-09,2898.0,885.0,0.0,0,366.85,0.0,1,8.98,0.13,SPY201218P00310000,310.0,0,0.0,0.0,,0.0,normalDay
2020-12-10,2898.0,887.0,0.0,0,366.73,0.0,1,8.98,0.11,SPY201218P00310000,310.0,0,0.0,0.0,,0.0,normalDay
2020-12-11,2898.0,885.0,0.0,0,366.3,0.0,1,8.98,0.13,SPY201218P00310000,310.0,0,0.0,0.0,,0.0,normalDay
2020-12-14,2898.0,883.0,0.0,0,364.66,0.0,1,8.98,0.15,SPY201218P00310000,310.0,0,0.0,0.0,,0.0,normalDay
2020-12-15,2898.0,892.0,0.0,0,369.59,0.0,1,8.98,0.06,SPY201218P00310000,310.0,0,0.0,0.0,,0.0,normalDay
2020-12-16,2898.0,895.0,0.0,0,370.17,0.0,1,8.98,0.03,SPY201218P00310000,310.0,0,0.0,0.0,,0.0,normalDay
2020-12-17,2898.0,897.0,0.0,0,372.24,0.0,1,8.98,0.01,SPY201218P00310000,310.0,0,0.0,0.0,,0.0,normalDay
2020-12-18,3796.0,0.0,898.0,0,369.18,0.0,1,8.98,0.0,SPY201218P00310000,310.0,0,0.0,0.0,,0.0,expirationDay
2020-12-21,3796.0,-6.0,0.0,0,367.86,0.0,1,7.54,7.6,SPY210219P00352000,352.0,0,0.0,0.0,,0.0,normalDay
2020-12-22,3796.0,13.0,0.0,0,367.24,0.0,1,7.54,7.41,SPY210219P00352000,352.0,0,0.0,0.0,,0.0,normalDay
2020-12-23,3796.0,70.0,0.0,0,367.57,0.0,1,7.54,6.84,SPY210219P00352000,352.0,0,0.0,0.0,,0.0,normalDay
2020-12-24,3796.0,158.0,0.0,0,369.0,0.0,1,7.54,5.96,SPY210219P00352000,352.0,0,0.0,0.0,,0.0,normalDay
2020-12-28,3796.0,258.0,0.0,0,372.17,0.0,1,7.54,4.96,SPY210219P00352000,352.0,0,0.0,0.0,,0.0,normalDay
2020-12-29,3796.0,200.0,0.0,0,371.46,0.0,1,7.54,5.54,SPY210219P00352000,352.0,0,0.0,0.0,,0.0,normalDay
2020-12-30,3796.0,244.0,0.0,0,371.99,0.0,1,7.54,5.1,SPY210219P00352000,352.0,0,0.0,0.0,,0.0,normalDay
2020-12-31,3796.0,290.0,0.0,0,373.88,0.0,1,7.54,4.64,SPY210219P00352000,352.0,0,0.0,0.0,,0.0,normalDay
2021-01-04,3796.0,131.0,0.0,0,368.79,0.0,1,7.54,6.23,SPY210219P00352000,352.0,0,0.0,0.0,,0.0,normalDay
2021-01-05,3796.0,223.0,0.0,0,371.33,0.0,1,7.54,5.31,SPY210219P00352000,352.0,0,0.0,0.0,,0.0,normalDay
2021-01-06,3796.0,262.0,0.0,0,373.55,0.0,1,7.54,4.92,SPY210219P00352000,352.0,0,0.0,0.0,,0.0,normalDay
2021-01-07,3796.0,426.0,0.0,0,379.1,0.0,1,7.54,3.28,SPY210219P00352000,352.0,0,0.0,0.0,,0.0,normalDay
2021-01-08,3796.0,467.0,0.0,0,381.26,0.0,1,7.54,2.87,SPY210219P00352000,352.0,0,0.0,0.0,,0.0,normalDay
2021-01-11,3796.0,404.0,0.0,0,378.69,0.0,1,7.54,3.5,SPY210219P00352000,352.0,0,0.0,0.0,,0.0,normalDay
2021-01-12,3796.0,430.0,0.0,0,378.77,0.0,1,7.54,3.24,SPY210219P00352000,352.0,0,0.0,0.0,,0.0,normalDay
2021-01-13,3796.0,481.0,0.0,0,379.79,0.0,1,7.54,2.73,SPY210219P00352000,352.0,0,0.0,0.0,,0.0,normalDay
2021-01-14,3796.0,452.0,0.0,0,378.46,0.0,1,7.54,3.02,SPY210219P00352000,352.0,0,0.0,0.0,,0.0,normalDay
2021-01-15,3796.0,389.0,0.0,0,375.7,0.0,1,7.54,3.65,SPY210219P00352000,352.0,0,0.0,0.0,,0.0,normalDay
2021-01-19,3796.0,488.0,0.0,0,378.65,0.0,1,7.54,2.66,SPY210219P00352000,352.0,0,0.0,0.0,,0.0,normalDay
2021-01-20,3796.0,572.0,0.0,0,383.89,0.0,1,7.54,1.82,SPY210219P00352000,352.0,0,0.0,0.0,,0.0,normalDay
2021-01-21,3796.0,587.0,0.0,0,384.24,0.0,1,7.54,1.67,SPY210219P00352000,352.0,0,0.0,0.0,,0.0,normalDay
2021-01-22,3796.0,580.0,0.0,0,382.88,0.0,1,7.54,1.74,SPY210219P00352000,352.0,0,0.0,0.0,,0.0,normalDay
2021-01-25,3796.0,595.0,0.0,0,384.39,0.0,1,7.54,1.59,SPY210219P00352000,352.0,0,0.0,0.0,,0.0,normalDay
2021-01-26,3796.0,609.0,0.0,0,383.79,0.0,1,7.54,1.45,SPY210219P00352000,352.0,0,0.0,0.0,,0.0,normalDay
2021-01-27,3796.0,319.0,0.0,0,374.41,0.0,1,7.54,4.35,SPY210219P00352000,352.0,0,0.0,0.0,,0.0,normalDay
2021-01-28,3796.0,453.0,0.0,0,377.63,0.0,1,7.54,3.01,SPY210219P00352000,352.0,0,0.0,0.0,,0.0,normalDay
2021-01-29,3796.0,233.0,0.0,0,370.07,0.0,1,7.54,5.21,SPY210219P00352000,352.0,0,0.0,0.0,,0.0,normalDay
2021-02-01,3796.0,486.0,0.0,0,376.23,0.0,1,7.54,2.68,SPY210219P00352000,352.0,0,0.0,0.0,,0.0,normalDay
2021-02-02,3796.0,631.0,0.0,0,381.55,0.0,1,7.54,1.23,SPY210219P00352000,352.0,0,0.0,0.0,,0.0,normalDay
2021-02-03,3796.0,671.0,0.0,0,381.85,0.0,1,7.54,0.83,SPY210219P00352000,352.0,0,0.0,0.0,,0.0,normalDay
2021-02-04,3796.0,706.0,0.0,0,386.19,0.0,1,7.54,0.48,SPY210219P00352000,352.0,0,0.0,0.0,,0.0,normalDay
2021-02-05,3796.0,725.0,0.0,0,387.71,0.0,1,7.54,0.29,SPY210219P00352000,352.0,0,0.0,0.0,,0.0,normalDay
2021-02-08,3796.0,736.0,0.0,0,390.51,0.0,1,7.54,0.18,SPY210219P00352000,352.0,0,0.0,0.0,,0.0,normalDay
2021-02-09,3796.0,736.0,0.0,0,390.25,0.0,1,7.54,0.18,SPY210219P00352000,352.0,0,0.0,0.0,,0.0,normalDay
2021-02-10,3796.0,735.0,0.0,0,390.08,0.0,1,7.54,0.19,SPY210219P00352000,352.0,0,0.0,0.0,,0.0,normalDay
2021-02-11,3796.0,741.0,0.0,0,390.71,0.0,1,7.54,0.13,SPY210219P00352000,352.0,0,0.0,0.0,,0.0,normalDay
2021-02-12,3796.0,747.0,0.0,0,392.64,0.0,1,7.54,0.07,SPY210219P00352000,352.0,0,0.0,0.0,,0.0,normalDay
2021-02-16,3796.0,747.0,0.0,0,392.3,0.0,1,7.54,0.07,SPY210219P00352000,352.0,0,0.0,0.0,,0.0,normalDay
2021-02-17,3796.0,750.0,0.0,0,392.39,0.0,1,7.54,0.04,SPY210219P00352000,352.0,0,0.0,0.0,,0.0,normalDay
2021-02-18,3796.0,753.0,0.0,0,390.72,0.0,1,7.54,0.01,SPY210219P00352000,352.0,0,0.0,0.0,,0.0,normalDay
2021-02-19,4550.0,0.0,754.0,0,390.03,0.0,1,7.54,0.0,SPY210219P00352000,352.0,0,0.0,0.0,,0.0,expirationDay
2021-02-22,4550.0,-5.0,0.0,0,387.03,0.0,1,4.98,5.03,SPY210416P00358000,358.0,0,0.0,0.0,,0.0,normalDay
2021-02-23,4550.0,35.0,0.0,0,387.5,0.0,1,4.98,4.63,SPY210416P00358000,358.0,0,0.0,0.0,,0.0,normalDay
2021-02-24,4550.0,142.0,0.0,0,391.77,0.0,1,4.98,3.56,SPY210416P00358000,358.0,0,0.0,0.0,,0.0,normalDay
2021-02-25,4550.0,-148.0,0.0,0,382.33,0.0,1,4.98,6.46,SPY210416P00358000,358.0,0,0.0,0.0,,0.0,normalDay
2021-02-26,4550.0,-145.0,0.0,0,380.36,0.0,1,4.98,6.43,SPY210416P00358000,358.0,0,0.0,0.0,,0.0,normalDay
2021-03-01,4550.0,120.0,0.0,0,389.58,0.0,1,4.98,3.78,SPY210416P00358000,358.0,0,0.0,0.0,,0.0,normalDay
2021-03-02,4550.0,65.0,0.0,0,386.54,0.0,1,4.98,4.33,SPY210416P00358000,358.0,0,0.0,0.0,,0.0,normalDay
2021-03-03,4550.0,-42.0,0.0,0,381.42,0.0,1,4.98,5.4,SPY210416P00358000,358.0,0,0.0,0.0,,0.0,normalDay
2021-03-04,4550.0,-169.0,0.0,0,376.7,0.0,1,4.98,6.67,SPY210416P00358000,358.0,0,0.0,0.0,,0.0,normalDay
2021-03-05,4550.0,52.0,0.0,0,383.63,0.0,1,4.98,4.46,SPY210416P00358000,358.0,0,0.0,0.0,,0.0,normalDay
2021-03-08,4550.0,32.0,0.0,0,381.72,0.0,1,4.98,4.66,SPY210416P00358000,358.0,0,0.0,0.0,,0.0,normalDay
2021-03-09,4550.0,158.0,0.0,0,387.17,0.0,1,4.98,3.4,SPY210416P00358000,358.0,0,0.0,0.0,,0.0,normalDay
2021-03-10,4550.0,225.0,0.0,0,389.58,0.0,1,4.98,2.73,SPY210416P00358000,358.0,0,0.0,0.0,,0.0,normalDay
2021-03-11,4550.0,275.0,0.0,0,393.53,0.0,1,4.98,2.23,SPY210416P00358000,358.0,0,0.0,0.0,,0.0,normalDay
2021-03-12,4550.0,318.0,0.0,0,394.06,0.0,1,4.98,1.8,SPY210416P00358000,358.0,0,0.0,0.0,,0.0,normalDay
2021-03-15,4550.0,360.0,0.0,0,396.41,0.0,1,4.98,1.38,SPY210416P00358000,358.0,0,0.0,0.0,,0.0,normalDay
2021-03-16,4550.0,362.0,0.0,0,395.91,0.0,1,4.98,1.36,SPY210416P00358000,358.0,0,0.0,0.0,,0.0,normalDay
2021-03-17,4550.0,387.0,0.0,0,397.26,0.0,1,4.98,1.11,SPY210416P00358000,358.0,0,0.0,0.0,,0.0,normalDay
2021-03-18,4550.0,341.0,0.0,0,391.48,0.0,1,4.98,1.57,SPY210416P00358000,358.0,0,0.0,0.0,,0.0,normalDay
2021-03-19,4550.0,341.0,0.0,0,389.48,0.0,1,4.98,1.57,SPY210416P00358000,358.0,0,0.0,0.0,,0.0,normalDay
2021-03-22,4550.0,408.0,0.0,0,392.59,0.0,1,4.98,0.9,SPY210416P00358000,358.0,0,0.0,0.0,,0.0,normalDay
2021-03-23,4550.0,377.0,0.0,0,389.5,0.0,1,4.98,1.21,SPY210416P00358000,358.0,0,0.0,0.0,,0.0,normalDay
2021-03-24,4550.0,363.0,0.0,0,387.52,0.0,1,4.98,1.35,SPY210416P00358000,358.0,0,0.0,0.0,,0.0,normalDay
2021-03-25,4550.0,400.0,0.0,0,389.7,0.0,1,4.98,0.98,SPY210416P00358000,358.0,0,0.0,0.0,,0.0,normalDay
2021-03-26,4550.0,432.0,0.0,0,395.98,0.0,1,4.98,0.66,SPY210416P00358000,358.0,0,0.0,0.0,,0.0,normalDay
2021-03-29,4550.0,427.0,0.0,0,395.78,0.0,1,4.98,0.71,SPY210416P00358000,358.0,0,0.0,0.0,,0.0,normalDay
2021-03-30,4550.0,445.0,0.0,0,394.73,0.0,1,4.98,0.53,SPY210416P00358000,358.0,0,0.0,0.0,,0.0,normalDay
2021-03-31,4550.0,460.0,0.0,0,396.33,0.0,1,4.98,0.38,SPY210416P00358000,358.0,0,0.0,0.0,,0.0,normalDay
2021-04-01,4550.0,480.0,0.0,0,400.61,0.0,1,4.98,0.18,SPY210416P00358000,358.0,0,0.0,0.0,,0.0,normalDay
2021-04-05,4550.0,486.0,0.0,0,406.36,0.0,1,4.98,0.12,SPY210416P00358000,358.0,0,0.0,0.0,,0.0,normalDay
2021-04-06,4550.0,486.0,0.0,0,406.12,0.0,1,4.98,0.12,SPY210416P00358000,358.0,0,0.0,0.0,,0.0,normalDay
2021-04-07,4550.0,492.0,0.0,0,406.59,0.0,1,4.98,0.06,SPY210416P00358000,358.0,0,0.0,0.0,,0.0,normalDay
2021-04-08,4550.0,492.0,0.0,0,408.52,0.0,1,4.98,0.06,SPY210416P00358000,358.0,0,0.0,0.0,,0.0,normalDay
2021-04-09,4550.0,495.0,0.0,0,411.49,0.0,1,4.98,0.03,SPY210416P00358000,358.0,0,0.0,0.0,,0.0,normalDay
2021-04-12,4550.0,496.0,0.0,0,411.64,0.0,1,4.98,0.02,SPY210416P00358000,358.0,0,0.0,0.0,,0.0,normalDay
2021-04-13,4550.0,497.0,0.0,0,412.86,0.0,1,4.98,0.01,SPY210416P00358000,358.0,0,0.0,0.0,,0.0,normalDay
2021-04-14,4550.0,497.0,0.0,0,411.45,0.0,1,4.98,0.01,SPY210416P00358000,358.0,0,0.0,0.0,,0.0,normalDay
2021-04-15,4550.0,497.0,0.0,0,415.87,0.0,1,4.98,0.01,SPY210416P00358000,358.0,0,0.0,0.0,,0.0,normalDay
2021-04-16,5048.0,0.0,498.0,0,417.26,0.0,1,4.98,0.0,SPY210416P00358000,358.0,0,0.0,0.0,,0.0,expirationDay
2021-04-19,5048.0,-4.0,0.0,0,415.21,0.0,1,2.61,2.65,SPY210630P00363000,363.0,0,0.0,0.0,,0.0,normalDay
2021-04-20,5048.0,-50.0,0.0,0,412.17,0.0,1,2.61,3.11,SPY210630P00363000,363.0,0,0.0,0.0,,0.0,normalDay
2021-04-21,5048.0,10.0,0.0,0,416.07,0.0,1,2.61,2.51,SPY210630P00363000,363.0,0,0.0,0.0,,0.0,normalDay
2021-04-22,5048.0,-46.0,0.0,0,412.27,0.0,1,2.61,3.07,SPY210630P00363000,363.0,0,0.0,0.0,,0.0,normalDay
2021-04-23,5048.0,24.0,0.0,0,416.74,0.0,1,2.61,2.37,SPY210630P00363000,363.0,0,0.0,0.0,,0.0,normalDay
2021-04-26,5048.0,42.0,0.0,0,417.61,0.0,1,2.61,2.19,SPY210630P00363000,363.0,0,0.0,0.0,,0.0,normalDay
2021-04-27,5048.0,50.0,0.0,0,417.52,0.0,1,2.61,2.11,SPY210630P00363000,363.0,0,0.0,0.0,,0.0,normalDay
2021-04-28,5048.0,65.0,0.0,0,417.4,0.0,1,2.61,1.96,SPY210630P00363000,363.0,0,0.0,0.0,,0.0,normalDay
2021-04-29,5048.0,71.0,0.0,0,420.06,0.0,1,2.61,1.9,SPY210630P00363000,363.0,0,0.0,0.0,,0.0,normalDay
2021-04-30,5048.0,45.0,0.0,0,417.3,0.0,1,2.61,2.16,SPY210630P00363000,363.0,0,0.0,0.0,,0.0,normalDay
2021-05-03,5048.0,67.0,0.0,0,418.2,0.0,1,2.61,1.94,SPY210630P00363000,363.0,0,0.0,0.0,,0.0,normalDay
2021-05-04,5048.0,38.0,0.0,0,415.62,0.0,1,2.61,2.23,SPY210630P00363000,363.0,0,0.0,0.0,,0.0,normalDay
2021-05-05,5048.0,50.0,0.0,0,415.75,0.0,1,2.61,2.11,SPY210630P00363000,363.0,0,0.0,0.0,,0.0,normalDay
2021-05-06,5048.0,83.0,0.0,0,419.07,0.0,1,2.61,1.78,SPY210630P00363000,363.0,0,0.0,0.0,,0.0,normalDay
2021-05-07,5048.0,121.0,0.0,0,422.12,0.0,1,2.61,1.4,SPY210630P00363000,363.0,0,0.0,0.0,,0.0,normalDay
2021-05-10,5048.0,82.0,0.0,0,417.94,0.0,1,2.61,1.79,SPY210630P00363000,363.0,0,0.0,0.0,,0.0,normalDay
2021-05-11,5048.0,37.0,0.0,0,414.21,0.0,1,2.61,2.24,SPY210630P00363000,363.0,0,0.0,0.0,,0.0,normalDay
2021-05-12,5048.0,-151.0,0.0,0,405.41,0.0,1,2.61,4.12,SPY210630P00363000,363.0,0,0.0,0.0,,0.0,normalDay
2021-05-13,5048.0,-10.0,0.0,0,410.28,0.0,1,2.61,2.71,SPY210630P00363000,363.0,0,0.0,0.0,,0.0,normalDay
2021-05-14,5048.0,109.0,0.0,0,416.58,0.0,1,2.61,1.52,SPY210630P00363000,363.0,0,0.0,0.0,,0.0,normalDay
2021-05-17,5048.0,100.0,0.0,0,415.52,0.0,1,2.61,1.61,SPY210630P00363000,363.0,0,0.0,0.0,,0.0,normalDay
2021-05-18,5048.0,65.0,0.0,0,411.94,0.0,1,2.61,1.96,SPY210630P00363000,363.0,0,0.0,0.0,,0.0,normalDay
2021-05-19,5048.0,51.0,0.0,0,410.86,0.0,1,2.61,2.1,SPY210630P00363000,363.0,0,0.0,0.0,,0.0,normalDay
2021-05-20,5048.0,102.0,0.0,0,415.28,0.0,1,2.61,1.59,SPY210630P00363000,363.0,0,0.0,0.0,,0.0,normalDay
2021-05-21,5048.0,114.0,0.0,0,414.94,0.0,1,2.61,1.47,SPY210630P00363000,363.0,0,0.0,0.0,,0.0,normalDay
2021-05-24,5048.0,164.0,0.0,0,419.17,0.0,1,2.61,0.97,SPY210630P00363000,363.0,0,0.0,0.0,,0.0,normalDay
2021-05-25,5048.0,164.0,0.0,0,418.24,0.0,1,2.61,0.97,SPY210630P00363000,363.0,0,0.0,0.0,,0.0,normalDay
2021-05-26,5048.0,188.0,0.0,0,419.07,0.0,1,2.61,0.73,SPY210630P00363000,363.0,0,0.0,0.0,,0.0,normalDay
2021-05-27,5048.0,198.0,0.0,0,419.29,0.0,1,2.61,0.63,SPY210630P00363000,363.0,0,0.0,0.0,,0.0,normalDay
2021-05-28,5048.0,198.0,0.0,0,420.04,0.0,1,2.61,0.63,SPY210630P00363000,363.0,0,0.0,0.0,,0.0,normalDay
2021-06-01,5048.0,201.0,0.0,0,419.67,0.0,1,2.61,0.6,SPY210630P00363000,363.0,0,0.0,0.0,,0.0,normalDay
2021-06-02,5048.0,209.0,0.0,0,420.33,0.0,1,2.61,0.52,SPY210630P00363000,363.0,0,0.0,0.0,,0.0,normalDay
2021-06-03,5048.0,206.0,0.0,0,418.77,0.0,1,2.61,0.55,SPY210630P00363000,363.0,0,0.0,0.0,,0.0,normalDay
2021-06-04,5048.0,222.0,0.0,0,422.6,0.0,1,2.61,0.39,SPY210630P00363000,363.0,0,0.0,0.0,,0.0,normalDay
2021-06-07,5048.0,228.0,0.0,0,422.19,0.0,1,2.61,0.33,SPY210630P00363000,363.0,0,0.0,0.0,,0.0,normalDay
2021-06-08,5048.0,226.0,0.0,0,422.28,0.0,1,2.61,0.35,SPY210630P00363000,363.0,0,0.0,0.0,,0.0,normalDay
2021-06-09,5048.0,222.0,0.0,0,421.65,0.0,1,2.61,0.39,SPY210630P00363000,363.0,0,0.0,0.0,,0.0,normalDay
2021-06-10,5048.0,234.0,0.0,0,423.61,0.0,1,2.61,0.27,SPY210630P00363000,363.0,0,0.0,0.0,,0.0,normalDay
2021-06-11,5048.0,238.0,0.0,0,424.31,0.0,1,2.61,0.23,SPY210630P00363000,363.0,0,0.0,0.0,,0.0,normalDay
2021-06-14,5048.0,242.0,0.0,0,425.26,0.0,1,2.61,0.19,SPY210630P00363000,363.0,0,0.0,0.0,,0.0,normalDay
2021-06-15,5048.0,240.0,0.0,0,424.48,0.0,1,2.61,0.21,SPY210630P00363000,363.0,0,0.0,0.0,,0.0,normalDay
2021-06-16,5048.0,237.0,0.0,0,422.11,0.0,1,2.61,0.24,SPY210630P00363000,363.0,0,0.0,0.0,,0.0,normalDay
2021-06-17,5048.0,240.0,0.0,0,421.97,0.0,1,2.61,0.21,SPY210630P00363000,363.0,0,0.0,0.0,,0.0,normalDay
2021-06-18,5048.0,228.0,0.0,0,414.92,0.0,1,2.61,0.33,SPY210630P00363000,363.0,0,0.0,0.0,,0.0,normalDay
2021-06-21,5048.0,248.0,0.0,0,420.86,0.0,1,2.61,0.13,SPY210630P00363000,363.0,0,0.0,0.0,,0.0,normalDay
2021-06-22,5048.0,253.0,0.0,0,423.11,0.0,1,2.61,0.08,SPY210630P00363000,363.0,0,0.0,0.0,,0.0,normalDay
2021-06-23,5048.0,257.0,0.0,0,422.6,0.0,1,2.61,0.04,SPY210630P00363000,363.0,0,0.0,0.0,,0.0,normalDay
2021-06-24,5048.0,258.0,0.0,0,425.1,0.0,1,2.61,0.03,SPY210630P00363000,363.0,0,0.0,0.0,,0.0,normalDay
2021-06-25,5048.0,258.0,0.0,0,426.61,0.0,1,2.61,0.03,SPY210630P00363000,363.0,0,0.0,0.0,,0.0,normalDay
2021-06-28,5048.0,260.0,0.0,0,427.47,0.0,1,2.61,0.01,SPY210630P00363000,363.0,0,0.0,0.0,,0.0,normalDay
2021-06-29,5048.0,260.0,0.0,0,427.7,0.0,1,2.61,0.01,SPY210630P00363000,363.0,0,0.0,0.0,,0.0,normalDay
2021-06-30,5309.0,0.0,261.0,0,428.06,0.0,1,2.61,0.0,SPY210630P00363000,363.0,0,0.0,0.0,,0.0,expirationDay
2021-07-01,5309.0,-4.0,0.0,0,430.43,0.0,1,6.04,6.08,SPY210917P00410000,410.0,0,0.0,0.0,,0.0,normalDay
2021-07-02,5309.0,63.0,0.0,0,433.72,0.0,1,6.04,5.41,SPY210917P00410000,410.0,0,0.0,0.0,,0.0,normalDay
2021-07-06,5309.0,33.0,0.0,0,432.93,0.0,1,6.04,5.71,SPY210917P00410000,410.0,0,0.0,0.0,,0.0,normalDay
2021-07-07,5309.0,56.0,0.0,0,434.46,0.0,1,6.04,5.48,SPY210917P00410000,410.0,0,0.0,0.0,,0.0,normalDay
2021-07-08,5309.0,-72.0,0.0,0,430.92,0.0,1,6.04,6.76,SPY210917P00410000,410.0,0,0.0,0.0,,0.0,normalDay
2021-07-09,5309.0,92.0,0.0,0,435.52,0.0,1,6.04,5.12,SPY210917P00410000,410.0,0,0.0,0.0,,0.0,normalDay
2021-07-12,5309.0,131.0,0.0,0,437.08,0.0,1,6.04,4.73,SPY210917P00410000,410.0,0,0.0,0.0,,0.0,normalDay
2021-07-13,5309.0,74.0,0.0,0,435.59,0.0,1,6.04,5.3,SPY210917P00410000,410.0,0,0.0,0.0,,0.0,normalDay
2021-07-14,5309.0,116.0,0.0,0,436.24,0.0,1,6.04,4.88,SPY210917P00410000,410.0,0,0.0,0.0,,0.0,normalDay
2021-07-15,5309.0,73.0,0.0,0,434.75,0.0,1,6.04,5.31,SPY210917P00410000,410.0,0,0.0,0.0,,0.0,normalDay
2021-07-16,5309.0,-16.0,0.0,0,431.34,0.0,1,6.04,6.2,SPY210917P00410000,410.0,0,0.0,0.0,,0.0,normalDay
2021-07-19,5309.0,-251.0,0.0,0,424.97,0.0,1,6.04,8.55,SPY210917P00410000,410.0,0,0.0,0.0,,0.0,normalDay
2021-07-20,5309.0,-27.0,0.0,0,431.06,0.0,1,6.04,6.31,SPY210917P00410000,410.0,0,0.0,0.0,,0.0,normalDay
2021-07-21,5309.0,108.0,0.0,0,434.55,0.0,1,6.04,4.96,SPY210917P00410000,410.0,0,0.0,0.0,,0.0,normalDay
2021-07-22,5309.0,127.0,0.0,0,435.46,0.0,1,6.04,4.77,SPY210917P00410000,410.0,0,0.0,0.0,,0.0,normalDay
2021-07-23,5309.0,203.0,0.0,0,439.94,0.0,1,6.04,4.01,SPY210917P00410000,410.0,0,0.0,0.0,,0.0,normalDay
2021-07-26,5309.0,238.0,0.0,0,441.02,0.0,1,6.04,3.66,SPY210917P00410000,410.0,0,0.0,0.0,,0.0,normalDay
2021-07-27,5309.0,167.0,0.0,0,439.01,0.0,1,6.04,4.37,SPY210917P00410000,410.0,0,0.0,0.0,,0.0,normalDay
2021-07-28,5309.0,205.0,0.0,0,438.83,0.0,1,6.04,3.99,SPY210917P00410000,410.0,0,0.0,0.0,,0.0,normalDay
2021-07-29,5309.0,261.0,0.0,0,440.65,0.0,1,6.04,3.43,SPY210917P00410000,410.0,0,0.0,0.0,,0.0,normalDay
2021-07-30,5309.0,237.0,0.0,0,438.51,0.0,1,6.04,3.67,SPY210917P00410000,410.0,0,0.0,0.0,,0.0,normalDay
2021-08-02,5309.0,206.0,0.0,0,437.59,0.0,1,6.04,3.98,SPY210917P00410000,410.0,0,0.0,0.0,,0.0,normalDay
2021-08-03,5309.0,293.0,0.0,0,441.15,0.0,1,6.04,3.11,SPY210917P00410000,410.0,0,0.0,0.0,,0.0,normalDay
2021-08-04,5309.0,281.0,0.0,0,438.98,0.0,1,6.04,3.23,SPY210917P00410000,410.0,0,0.0,0.0,,0.0,normalDay
2021-08-05,5309.0,331.0,0.0,0,441.76,0.0,1,6.04,2.73,SPY210917P00410000,410.0,0,0.0,0.0,,0.0,normalDay
2021-08-06,5309.0,369.0,0.0,0,442.49,0.0,1,6.04,2.35,SPY210917P00410000,410.0,0,0.0,0.0,,0.0,normalDay
2021-08-09,5309.0,377.0,0.0,0,442.13,0.0,1,6.04,2.27,SPY210917P00410000,410.0,0,0.0,0.0,,0.0,normalDay
2021-08-10,5309.0,384.0,0.0,0,442.68,0.0,1,6.04,2.2,SPY210917P00410000,410.0,0,0.0,0.0,,0.0,normalDay
2021-08-11,5309.0,412.0,0.0,0,443.78,0.0,1,6.04,1.92,SPY210917P00410000,410.0,0,0.0,0.0,,0.0,normalDay
2021-08-12,5309.0,437.0,0.0,0,445.11,0.0,1,6.04,1.67,SPY210917P00410000,410.0,0,0.0,0.0,,0.0,normalDay
2021-08-13,5309.0,452.0,0.0,0,445.92,0.0,1,6.04,1.52,SPY210917P00410000,410.0,0,0.0,0.0,,0.0,normalDay
2021-08-16,5309.0,464.0,0.0,0,446.97,0.0,1,6.04,1.4,SPY210917P00410000,410.0,0,0.0,0.0,,0.0,normalDay
2021-08-17,5309.0,414.0,0.0,0,444.04,0.0,1,6.04,1.9,SPY210917P00410000,410.0,0,0.0,0.0,,0.0,normalDay
2021-08-18,5309.0,309.0,0.0,0,439.18,0.0,1,6.04,2.95,SPY210917P00410000,410.0,0,0.0,0.0,,0.0,normalDay
2021-08-19,5309.0,319.0,0.0,0,439.86,0.0,1,6.04,2.85,SPY210917P00410000,410.0,0,0.0,0.0,,0.0,normalDay
2021-08-20,5309.0,427.0,0.0,0,443.36,0.0,1,6.04,1.77,SPY210917P00410000,410.0,0,0.0,0.0,,0.0,normalDay
2021-08-23,5309.0,499.0,0.0,0,447.26,0.0,1,6.04,1.05,SPY210917P00410000,410.0,0,0.0,0.0,,0.0,normalDay
2021-08-24,5309.0,507.0,0.0,0,447.97,0.0,1,6.04,0.97,SPY210917P00410000,410.0,0,0.0,0.0,,0.0,normalDay
2021-08-25,5309.0,521.0,0.0,0,448.91,0.0,1,6.04,0.83,SPY210917P00410000,410.0,0,0.0,0.0,,0.0,normalDay
2021-08-26,5309.0,487.0,0.0,0,446.26,0.0,1,6.04,1.17,SPY210917P00410000,410.0,0,0.0,0.0,,0.0,normalDay
2021-08-27,5309.0,538.0,0.0,0,450.25,0.0,1,6.04,0.66,SPY210917P00410000,410.0,0,0.0,0.0,,0.0,normalDay
2021-08-30,5309.0,559.0,0.0,0,452.23,0.0,1,6.04,0.45,SPY210917P00410000,410.0,0,0.0,0.0,,0.0,normalDay
2021-08-31,5309.0,555.0,0.0,0,451.56,0.0,1,6.04,0.49,SPY210917P00410000,410.0,0,0.0,0.0,,0.0,normalDay
2021-09-01,5309.0,564.0,0.0,0,451.8,0.0,1,6.04,0.4,SPY210917P00410000,410.0,0,0.0,0.0,,0.0,normalDay
2021-09-02,5309.0,563.0,0.0,0,453.19,0.0,1,6.04,0.41,SPY210917P00410000,410.0,0,0.0,0.0,,0.0,normalDay
2021-09-03,5309.0,569.0,0.0,0,453.08,0.0,1,6.04,0.35,SPY210917P00410000,410.0,0,0.0,0.0,,0.0,normalDay
2021-09-07,5309.0,573.0,0.0,0,451.46,0.0,1,6.04,0.31,SPY210917P00410000,410.0,0,0.0,0.0,,0.0,normalDay
2021-09-08,5309.0,579.0,0.0,0,450.91,0.0,1,6.04,0.25,SPY210917P00410000,410.0,0,0.0,0.0,,0.0,normalDay
2021-09-09,5309.0,576.0,0.0,0,448.98,0.0,1,6.04,0.28,SPY210917P00410000,410.0,0,0.0,0.0,,0.0,normalDay
2021-09-10,5309.0,543.0,0.0,0,445.44,0.0,1,6.04,0.61,SPY210917P00410000,410.0,0,0.0,0.0,,0.0,normalDay
2021-09-13,5309.0,578.0,0.0,0,446.58,0.0,1,6.04,0.26,SPY210917P00410000,410.0,0,0.0,0.0,,0.0,normalDay
2021-09-14,5309.0,588.0,0.0,0,444.17,0.0,1,6.04,0.16,SPY210917P00410000,410.0,0,0.0,0.0,,0.0,normalDay
2021-09-15,5309.0,597.0,0.0,0,447.88,0.0,1,6.04,0.07,SPY210917P00410000,410.0,0,0.0,0.0,,0.0,normalDay
2021-09-16,5309.0,601.0,0.0,0,447.17,0.0,1,6.04,0.03,SPY210917P00410000,410.0,0,0.0,0.0,,0.0,normalDay
2021-09-17,5913.0,0.0,604.0,0,441.4,0.0,1,6.04,0.0,SPY210917P00410000,410.0,0,0.0,0.0,,0.0,expirationDay
2021-09-20,5913.0,-7.0,0.0,0,434.04,0.0,1,12.24,12.31,SPY211119P00429000,429.0,0,0.0,0.0,,0.0,normalDay
2021-09-21,5913.0,27.0,0.0,0,433.63,0.0,1,12.24,11.97,SPY211119P00429000,429.0,0,0.0,0.0,,0.0,normalDay
2021-09-22,5913.0,297.0,0.0,0,437.86,0.0,1,12.24,9.27,SPY211119P00429000,429.0,0,0.0,0.0,,0.0,normalDay
2021-09-23,5913.0,526.0,0.0,0,443.18,0.0,1,12.24,6.98,SPY211119P00429000,429.0,0,0.0,0.0,,0.0,normalDay
2021-09-24,5913.0,583.0,0.0,0,443.91,0.0,1,12.24,6.41,SPY211119P00429000,429.0,0,0.0,0.0,,0.0,normalDay
2021-09-27,5913.0,546.0,0.0,0,442.64,0.0,1,12.24,6.78,SPY211119P00429000,429.0,0,0.0,0.0,,0.0,normalDay
2021-09-28,5913.0,173.0,0.0,0,433.72,0.0,1,12.24,10.51,SPY211119P00429000,429.0,0,0.0,0.0,,0.0,normalDay
2021-09-29,5913.0,216.0,0.0,0,434.45,0.0,1,12.24,10.08,SPY211119P00429000,429.0,0,0.0,0.0,,0.0,normalDay
2021-09-30,5913.0,29.0,0.0,0,429.14,0.0,1,12.24,11.95,SPY211119P00429000,429.0,0,0.0,0.0,,0.0,normalDay
2021-10-01,5913.0,280.0,0.0,0,434.24,0.0,1,12.24,9.44,SPY211119P00429000,429.0,0,0.0,0.0,,0.0,normalDay
2021-10-04,5913.0,50.0,0.0,0,428.64,0.0,1,12.24,11.74,SPY211119P00429000,429.0,0,0.0,0.0,,0.0,normalDay
2021-10-05,5913.0,275.0,0.0,0,433.1,0.0,1,12.24,9.49,SPY211119P00429000,429.0,0,0.0,0.0,,0.0,normalDay
2021-10-06,5913.0,349.0,0.0,0,434.9,0.0,1,12.24,8.75,SPY211119P00429000,429.0,0,0.0,0.0,,0.0,normalDay
2021-10-07,5913.0,540.0,0.0,0,438.66,0.0,1,12.24,6.84,SPY211119P00429000,429.0,0,0.0,0.0,,0.0,normalDay
2021-10-08,5913.0,527.0,0.0,0,437.86,0.0,1,12.24,6.97,SPY211119P00429000,429.0,0,0.0,0.0,,0.0,normalDay
2021-10-11,5913.0,441.0,0.0,0,434.69,0.0,1,12.24,7.83,SPY211119P00429000,429.0,0,0.0,0.0,,0.0,normalDay
2021-10-12,5913.0,416.0,0.0,0,433.62,0.0,1,12.24,8.08,SPY211119P00429000,429.0,0,0.0,0.0,,0.0,normalDay
2021-10-13,5913.0,563.0,0.0,0,435.18,0.0,1,12.24,6.61,SPY211119P00429000,429.0,0,0.0,0.0,,0.0,normalDay
2021-10-14,5913.0,815.0,0.0,0,442.5,0.0,1,12.24,4.09,SPY211119P00429000,429.0,0,0.0,0.0,,0.0,normalDay
2021-10-15,5913.0,890.0,0.0,0,445.87,0.0,1,12.24,3.34,SPY211119P00429000,429.0,0,0.0,0.0,,0.0,normalDay
2021-10-18,5913.0,936.0,0.0,0,447.19,0.0,1,12.24,2.88,SPY211119P00429000,429.0,0,0.0,0.0,,0.0,normalDay
2021-10-19,5913.0,1004.0,0.0,0,450.64,0.0,1,12.24,2.2,SPY211119P00429000,429.0,0,0.0,0.0,,0.0,normalDay
2021-10-20,5913.0,1026.0,0.0,0,452.41,0.0,1,12.24,1.98,SPY211119P00429000,429.0,0,0.0,0.0,,0.0,normalDay
2021-10-21,5913.0,1053.0,0.0,0,453.59,0.0,1,12.24,1.71,SPY211119P00429000,429.0,0,0.0,0.0,,0.0,normalDay
2021-10-22,5913.0,1044.0,0.0,0,453.12,0.0,1,12.24,1.8,SPY211119P00429000,429.0,0,0.0,0.0,,0.0,normalDay
2021-10-25,5913.0,1087.0,0.0,0,455.55,0.0,1,12.24,1.37,SPY211119P00429000,429.0,0,0.0,0.0,,0.0,normalDay
2021-10-26,5913.0,1084.0,0.0,0,455.96,0.0,1,12.24,1.4,SPY211119P00429000,429.0,0,0.0,0.0,,0.0,normalDay
2021-10-27,5913.0,1055.0,0.0,0,453.94,0.0,1,12.24,1.69,SPY211119P00429000,429.0,0,0.0,0.0,,0.0,normalDay
2021-10-28,5913.0,1103.0,0.0,0,458.32,0.0,1,12.24,1.21,SPY211119P00429000,429.0,0,0.0,0.0,,0.0,normalDay
2021-10-29,5913.0,1118.0,0.0,0,459.25,0.0,1,12.24,1.06,SPY211119P00429000,429.0,0,0.0,0.0,,0.0,normalDay
2021-11-01,5913.0,1144.0,0.0,0,460.04,0.0,1,12.24,0.8,SPY211119P00429000,429.0,0,0.0,0.0,,0.0,normalDay
2021-11-02,5913.0,1158.0,0.0,0,461.9,0.0,1,12.24,0.66,SPY211119P00429000,429.0,0,0.0,0.0,,0.0,normalDay
2021-11-03,5913.0,1182.0,0.0,0,464.72,0.0,1,12.24,0.42,SPY211119P00429000,429.0,0,0.0,0.0,,0.0,normalDay
2021-11-04,5913.0,1185.0,0.0,0,466.91,0.0,1,12.24,0.39,SPY211119P00429000,429.0,0,0.0,0.0,,0.0,normalDay
2021-11-05,5913.0,1189.0,0.0,0,468.53,0.0,1,12.24,0.35,SPY211119P00429000,429.0,0,0.0,0.0,,0.0,normalDay
2021-11-08,5913.0,1196.0,0.0,0,468.93,0.0,1,12.24,0.28,SPY211119P00429000,429.0,0,0.0,0.0,,0.0,normalDay
2021-11-09,5913.0,1198.0,0.0,0,467.38,0.0,1,12.24,0.26,SPY211119P00429000,429.0,0,0.0,0.0,,0.0,normalDay
2021-11-10,5913.0,1197.0,0.0,0,463.62,0.0,1,12.24,0.27,SPY211119P00429000,429.0,0,0.0,0.0,,0.0,normalDay
2021-11-11,5913.0,1208.0,0.0,0,463.77,0.0,1,12.24,0.16,SPY211119P00429000,429.0,0,0.0,0.0,,0.0,normalDay
2021-11-12,5913.0,1216.0,0.0,0,467.27,0.0,1,12.24,0.08,SPY211119P00429000,429.0,0,0.0,0.0,,0.0,normalDay
2021-11-15,5913.0,1220.0,0.0,0,467.43,0.0,1,12.24,0.04,SPY211119P00429000,429.0,0,0.0,0.0,,0.0,normalDay
2021-11-16,5913.0,1220.0,0.0,0,469.28,0.0,1,12.24,0.04,SPY211119P00429000,429.0,0,0.0,0.0,,0.0,normalDay
2021-11-17,5913.0,1222.0,0.0,0,468.14,0.0,1,12.24,0.02,SPY211119P00429000,429.0,0,0.0,0.0,,0.0,normalDay
2021-11-18,5913.0,1222.0,0.0,0,469.73,0.0,1,12.24,0.02,SPY211119P00429000,429.0,0,0.0,0.0,,0.0,normalDay
2021-11-19,7137.0,0.0,1224.0,0,468.89,0.0,1,12.24,0.0,SPY211119P00429000,429.0,0,0.0,0.0,,0.0,expirationDay
2021-11-22,7137.0,-5.0,0.0,0,467.57,0.0,1,6.41,6.46,SPY220121P00445000,445.0,0,0.0,0.0,,0.0,normalDay
2021-11-23,7137.0,21.0,0.0,0,468.19,0.0,1,6.41,6.2,SPY220121P00445000,445.0,0,0.0,0.0,,0.0,normalDay
2021-11-24,7137.0,83.0,0.0,0,469.44,0.0,1,6.41,5.58,SPY220121P00445000,445.0,0,0.0,0.0,,0.0,normalDay
2021-11-26,7137.0,-634.0,0.0,0,458.97,0.0,1,6.41,12.75,SPY220121P00445000,445.0,0,0.0,0.0,,0.0,normalDay
2021-11-29,7137.0,-105.0,0.0,0,464.6,0.0,1,6.41,7.46,SPY220121P00445000,445.0,0,0.0,0.0,,0.0,normalDay
2021-11-30,7137.0,-401.0,0.0,0,455.56,0.0,1,6.41,10.42,SPY220121P00445000,445.0,0,0.0,0.0,,0.0,normalDay
2021-12-01,7137.0,-779.0,0.0,0,450.5,0.0,1,6.41,14.2,SPY220121P00445000,445.0,0,0.0,0.0,,0.0,normalDay
2021-12-02,7137.0,-428.0,0.0,0,457.4,0.0,1,6.41,10.69,SPY220121P00445000,445.0,0,0.0,0.0,,0.0,normalDay
2021-12-03,7137.0,-617.0,0.0,0,453.42,0.0,1,6.41,12.58,SPY220121P00445000,445.0,0,0.0,0.0,,0.0,normalDay
2021-12-06,7137.0,-307.0,0.0,0,458.79,0.0,1,6.41,9.48,SPY220121P00445000,445.0,0,0.0,0.0,,0.0,normalDay
2021-12-07,7137.0,72.0,0.0,0,468.28,0.0,1,6.41,5.69,SPY220121P00445000,445.0,0,0.0,0.0,,0.0,normalDay
2021-12-08,7137.0,166.0,0.0,0,469.52,0.0,1,6.41,4.75,SPY220121P00445000,445.0,0,0.0,0.0,,0.0,normalDay
2021-12-09,7137.0,84.0,0.0,0,466.35,0.0,1,6.41,5.57,SPY220121P00445000,445.0,0,0.0,0.0,,0.0,normalDay
2021-12-10,7137.0,233.0,0.0,0,470.74,0.0,1,6.41,4.08,SPY220121P00445000,445.0,0,0.0,0.0,,0.0,normalDay
2021-12-13,7137.0,149.0,0.0,0,466.57,0.0,1,6.41,4.92,SPY220121P00445000,445.0,0,0.0,0.0,,0.0,normalDay
2021-12-14,7137.0,50.0,0.0,0,463.36,0.0,1,6.41,5.91,SPY220121P00445000,445.0,0,0.0,0.0,,0.0,normalDay
2021-12-15,7137.0,276.0,0.0,0,470.6,0.0,1,6.41,3.65,SPY220121P00445000,445.0,0,0.0,0.0,,0.0,normalDay
2021-12-16,7137.0,194.0,0.0,0,466.45,0.0,1,6.41,4.47,SPY220121P00445000,445.0,0,0.0,0.0,,0.0,normalDay
2021-12-17,7137.0,59.0,0.0,0,459.87,0.0,1,6.41,5.82,SPY220121P00445000,445.0,0,0.0,0.0,,0.0,normalDay
2021-12-20,7137.0,-72.0,0.0,0,454.98,0.0,1,6.41,7.13,SPY220121P00445000,445.0,0,0.0,0.0,,0.0,normalDay
2021-12-21,7137.0,179.0,0.0,0,463.06,0.0,1,6.41,4.62,SPY220121P00445000,445.0,0,0.0,0.0,,0.0,normalDay
2021-12-22,7137.0,340.0,0.0,0,467.69,0.0,1,6.41,3.01,SPY220121P00445000,445.0,0,0.0,0.0,,0.0,normalDay
2021-12-23,7137.0,411.0,0.0,0,470.6,0.0,1,6.41,2.3,SPY220121P00445000,445.0,0,0.0,0.0,,0.0,normalDay
2021-12-27,7137.0,507.0,0.0,0,477.26,0.0,1,6.41,1.34,SPY220121P00445000,445.0,0,0.0,0.0,,0.0,normalDay
2021-12-28,7137.0,517.0,0.0,0,476.87,0.0,1,6.41,1.24,SPY220121P00445000,445.0,0,0.0,0.0,,0.0,normalDay
2021-12-29,7137.0,543.0,0.0,0,477.48,0.0,1,6.41,0.98,SPY220121P00445000,445.0,0,0.0,0.0,,0.0,normalDay
2021-12-30,7137.0,532.0,0.0,0,476.16,0.0,1,6.41,1.09,SPY220121P00445000,445.0,0,0.0,0.0,,0.0,normalDay
2021-12-31,7137.0,541.0,0.0,0,474.96,0.0,1,6.41,1.0,SPY220121P00445000,445.0,0,0.0,0.0,,0.0,normalDay
2022-01-03,7137.0,580.0,0.0,0,477.71,0.0,1,6.41,0.61,SPY220121P00445000,445.0,0,0.0,0.0,,0.0,normalDay
2022-01-04,7137.0,581.0,0.0,0,477.55,0.0,1,6.41,0.6,SPY220121P00445000,445.0,0,0.0,0.0,,0.0,normalDay
2022-01-05,7137.0,485.0,0.0,0,468.38,0.0,1,6.41,1.56,SPY220121P00445000,445.0,0,0.0,0.0,,0.0,normalDay
2022-01-06,7137.0,507.0,0.0,0,467.94,0.0,1,6.41,1.34,SPY220121P00445000,445.0,0,0.0,0.0,,0.0,normalDay
2022-01-07,7137.0,537.0,0.0,0,466.09,0.0,1,6.41,1.04,SPY220121P00445000,445.0,0,0.0,0.0,,0.0,normalDay
2022-01-10,7137.0,535.0,0.0,0,465.51,0.0,1,6.41,1.06,SPY220121P00445000,445.0,0,0.0,0.0,,0.0,normalDay
2022-01-11,7137.0,579.0,0.0,0,469.75,0.0,1,6.41,0.62,SPY220121P00445000,445.0,0,0.0,0.0,,0.0,normalDay
2022-01-12,7137.0,611.0,0.0,0,471.02,0.0,1,6.41,0.3,SPY220121P00445000,445.0,0,0.0,0.0,,0.0,normalDay
2022-01-13,7137.0,558.0,0.0,0,464.53,0.0,1,6.41,0.83,SPY220121P00445000,445.0,0,0.0,0.0,,0.0,normalDay
2022-01-14,7137.0,596.0,0.0,0,464.72,0.0,1,6.41,0.45,SPY220121P00445000,445.0,0,0.0,0.0,,0.0,normalDay
2022-01-18,7137.0,538.0,0.0,0,456.49,0.0,1,6.41,1.03,SPY220121P00445000,445.0,0,0.0,0.0,,0.0,normalDay
2022-01-19,7137.0,534.0,0.0,0,451.75,0.0,1,6.41,1.07,SPY220121P00445000,445.0,0,0.0,0.0,,0.0,normalDay
2022-01-20,7137.0,436.0,0.0,0,446.75,0.0,1,6.41,2.05,SPY220121P00445000,445.0,0,0.0,0.0,,0.0,normalDay
2022-01-21,7778.0,-702.0,641.0,100,437.98,445.0,1,6.41,0.0,SPY220121P00445000,445.0,0,0.0,0.0,,0.0,expirationDay
2022-01-24,7778.0,-519.0,0.0,100,439.84,445.0,0,0.0,0.0,,0.0,1,0.25,0.28,SPY220318C00503000,503.0,normalDay
2022-01-25,7778.0,-1048.0,0.0,100,434.47,445.0,0,0.0,0.0,,0.0,1,0.25,0.2,SPY220318C00503000,503.0,normalDay
2022-01-26,7778.0,-1160.0,0.0,100,433.38,445.0,0,0.0,0.0,,0.0,1,0.25,0.23,SPY220318C00503000,503.0,normalDay
2022-01-27,7778.0,-1368.0,0.0,100,431.24,445.0,0,0.0,0.0,,0.0,1,0.25,0.17,SPY220318C00503000,503.0,normalDay
2022-01-28,7778.0,-307.0,0.0,100,441.95,445.0,0,0.0,0.0,,0.0,1,0.25,0.27,SPY220318C00503000,503.0,normalDay
2022-01-31,7778.0,489.0,0.0,100,449.91,445.0,0,0.0,0.0,,0.0,1,0.25,0.27,SPY220318C00503000,503.0,normalDay
2022-02-01,7778.0,798.0,0.0,100,452.95,445.0,0,0.0,0.0,,0.0,1,0.25,0.22,SPY220318C00503000,503.0,normalDay
2022-02-02,7778.0,1239.0,0.0,100,457.35,445.0,0,0.0,0.0,,0.0,1,0.25,0.21,SPY220318C00503000,503.0,normalDay
2022-02-03,7778.0,169.0,0.0,100,446.6,445.0,0,0.0,0.0,,0.0,1,0.25,0.16,SPY220318C00503000,503.0,normalDay
2022-02-04,7778.0,384.0,0.0,100,448.7,445.0,0,0.0,0.0,,0.0,1,0.25,0.11,SPY220318C00503000,503.0,normalDay
2022-02-07,7778.0,242.0,0.0,100,447.26,445.0,0,0.0,0.0,,0.0,1,0.25,0.09,SPY220318C00503000,503.0,normalDay
2022-02-08,7778.0,609.0,0.0,100,450.94,445.0,0,0.0,0.0,,0.0,1,0.25,0.1,SPY220318C00503000,503.0,normalDay
2022-02-09,7778.0,1264.0,0.0,100,457.54,445.0,0,0.0,0.0,,0.0,1,0.25,0.15,SPY220318C00503000,503.0,normalDay
2022-02-10,7778.0,448.0,0.0,100,449.32,445.0,0,0.0,0.0,,0.0,1,0.25,0.09,SPY220318C00503000,503.0,normalDay
2022-02-11,7778.0,-438.0,0.0,100,440.46,445.0,0,0.0,0.0,,0.0,1,0.25,0.09,SPY220318C00503000,503.0,normalDay
2022-02-14,7778.0,-581.0,0.0,100,439.02,445.0,0,0.0,0.0,,0.0,1,0.25,0.08,SPY220318C00503000,503.0,normalDay
2022-02-15,7778.0,128.0,0.0,100,446.1,445.0,0,0.0,0.0,,0.0,1,0.25,0.07,SPY220318C00503000,503.0,normalDay
2022-02-16,7778.0,180.0,0.0,100,446.6,445.0,0,0.0,0.0,,0.0,1,0.25,0.05,SPY220318C00503000,503.0,normalDay
2022-02-17,7778.0,-772.0,0.0,100,437.06,445.0,0,0.0,0.0,,0.0,1,0.25,0.03,SPY220318C00503000,503.0,normalDay
2022-02-18,7778.0,-1055.0,0.0,100,434.23,445.0,0,0.0,0.0,,0.0,1,0.25,0.03,SPY220318C00503000,503.0,normalDay
2022-02-22,7778.0,-1521.0,0.0,100,429.57,445.0,0,0.0,0.0,,0.0,1,0.25,0.03,SPY220318C00503000,503.0,normalDay
2022-02-23,7778.0,-2283.0,0.0,100,421.95,445.0,0,0.0,0.0,,0.0,1,0.25,0.03,SPY220318C00503000,503.0,normalDay
2022-02-24,7778.0,-1650.0,0.0,100,428.3,445.0,0,0.0,0.0,,0.0,1,0.25,0.05,SPY220318C00503000,503.0,normalDay
2022-02-25,7778.0,-704.0,0.0,100,437.75,445.0,0,0.0,0.0,,0.0,1,0.25,0.04,SPY220318C00503000,503.0,normalDay
2022-02-28,7778.0,-814.0,0.0,100,436.63,445.0,0,0.0,0.0,,0.0,1,0.25,0.02,SPY220318C00503000,503.0,normalDay
2022-03-01,7778.0,-1479.0,0.0,100,429.98,445.0,0,0.0,0.0,,0.0,1,0.25,0.02,SPY220318C00503000,503.0,normalDay
2022-03-02,7778.0,-688.0,0.0,100,437.89,445.0,0,0.0,0.0,,0.0,1,0.25,0.02,SPY220318C00503000,503.0,normalDay
2022-03-03,7778.0,-906.0,0.0,100,435.71,445.0,0,0.0,0.0,,0.0,1,0.25,0.02,SPY220318C00503000,503.0,normalDay
2022-03-04,7778.0,-1260.0,0.0,100,432.17,445.0,0,0.0,0.0,,0.0,1,0.25,0.02,SPY220318C00503000,503.0,normalDay
2022-03-07,7778.0,-2533.0,0.0,100,419.43,445.0,0,0.0,0.0,,0.0,1,0.25,0.01,SPY220318C00503000,503.0,normalDay
2022-03-08,7778.0,-2851.0,0.0,100,416.25,445.0,0,0.0,0.0,,0.0,1,0.25,0.01,SPY220318C00503000,503.0,normalDay
2022-03-09,7778.0,-1735.0,0.0,100,427.41,445.0,0,0.0,0.0,,0.0,1,0.25,0.01,SPY220318C00503000,503.0,normalDay
2022-03-10,7778.0,-1928.0,0.0,100,425.48,445.0,0,0.0,0.0,,0.0,1,0.25,0.01,SPY220318C00503000,503.0,normalDay
2022-03-11,7778.0,-2469.0,0.0,100,420.07,445.0,0,0.0,0.0,,0.0,1,0.25,0.01,SPY220318C00503000,503.0,normalDay
2022-03-14,7778.0,-2776.0,0.0,100,417.0,445.0,0,0.0,0.0,,0.0,1,0.25,0.01,SPY220318C00503000,503.0,normalDay
2022-03-15,7778.0,-1859.0,0.0,100,426.17,445.0,0,0.0,0.0,,0.0,1,0.25,0.01,SPY220318C00503000,503.0,normalDay
2022-03-16,7778.0,-914.0,0.0,100,435.62,445.0,0,0.0,0.0,,0.0,1,0.25,0.01,SPY220318C00503000,503.0,normalDay
2022-03-17,7778.0,-369.0,0.0,100,441.07,445.0,0,0.0,0.0,,0.0,1,0.25,0.01,SPY220318C00503000,503.0,normalDay
2022-03-18,7803.0,-48.0,25.0,100,444.52,445.0,0,0.0,0.0,,0.0,1,0.25,0.0,SPY220318C00503000,503.0,expirationDay
2022-03-21,7803.0,-66.0,0.0,100,444.39,445.0,0,0.0,0.0,,0.0,1,5.02,5.07,SPY220429C00457000,457.0,normalDay
2022-03-22,7803.0,286.0,0.0,100,449.59,445.0,0,0.0,0.0,,0.0,1,5.02,6.75,SPY220429C00457000,457.0,normalDay
2022-03-23,7803.0,-54.0,0.0,100,443.8,445.0,0,0.0,0.0,,0.0,1,5.02,4.36,SPY220429C00457000,457.0,normalDay
2022-03-24,7803.0,402.0,0.0,100,450.49,445.0,0,0.0,0.0,,0.0,1,5.02,6.49,SPY220429C00457000,457.0,normalDay
2022-03-25,7803.0,564.0,0.0,100,452.69,445.0,0,0.0,0.0,,0.0,1,5.02,7.07,SPY220429C00457000,457.0,normalDay
2022-03-28,7803.0,791.0,0.0,100,455.91,445.0,0,0.0,0.0,,0.0,1,5.02,8.02,SPY220429C00457000,457.0,normalDay
2022-03-29,7803.0,1053.0,0.0,100,461.55,445.0,0,0.0,0.0,,0.0,1,5.02,11.04,SPY220429C00457000,457.0,normalDay
2022-03-30,7803.0,896.0,0.0,100,458.7,445.0,0,0.0,0.0,,0.0,1,5.02,9.76,SPY220429C00457000,457.0,normalDay
2022-03-31,7803.0,547.0,0.0,100,451.64,445.0,0,0.0,0.0,,0.0,1,5.02,6.19,SPY220429C00457000,457.0,normalDay
2022-04-01,7803.0,744.0,0.0,100,452.92,445.0,0,0.0,0.0,,0.0,1,5.02,5.5,SPY220429C00457000,457.0,normalDay
2022-04-04,7803.0,1014.0,0.0,100,456.8,445.0,0,0.0,0.0,,0.0,1,5.02,6.68,SPY220429C00457000,457.0,normalDay
2022-04-05,7803.0,646.0,0.0,100,451.03,445.0,0,0.0,0.0,,0.0,1,5.02,4.59,SPY220429C00457000,457.0,normalDay
2022-04-06,7803.0,384.0,0.0,100,446.52,445.0,0,0.0,0.0,,0.0,1,5.02,2.7,SPY220429C00457000,457.0,normalDay
2022-04-07,7803.0,555.0,0.0,100,448.77,445.0,0,0.0,0.0,,0.0,1,5.02,3.24,SPY220429C00457000,457.0,normalDay
2022-04-08,7803.0,501.0,0.0,100,447.57,445.0,0,0.0,0.0,,0.0,1,5.02,2.58,SPY220429C00457000,457.0,normalDay
2022-04-11,7803.0,-108.0,0.0,100,439.92,445.0,0,0.0,0.0,,0.0,1,5.02,1.02,SPY220429C00457000,457.0,normalDay
2022-04-12,7803.0,-243.0,0.0,100,438.29,445.0,0,0.0,0.0,,0.0,1,5.02,0.74,SPY220429C00457000,457.0,normalDay
2022-04-13,7803.0,234.0,0.0,100,443.31,445.0,0,0.0,0.0,,0.0,1,5.02,0.99,SPY220429C00457000,457.0,normalDay
2022-04-14,7803.0,-259.0,0.0,100,437.79,445.0,0,0.0,0.0,,0.0,1,5.02,0.4,SPY220429C00457000,457.0,normalDay
2022-04-18,7803.0,-233.0,0.0,100,437.97,445.0,0,0.0,0.0,,0.0,1,5.02,0.32,SPY220429C00457000,457.0,normalDay
2022-04-19,7803.0,446.0,0.0,100,445.04,445.0,0,0.0,0.0,,0.0,1,5.02,0.6,SPY220429C00457000,457.0,normalDay
2022-04-20,7803.0,401.0,0.0,100,444.71,445.0,0,0.0,0.0,,0.0,1,5.02,0.72,SPY220429C00457000,457.0,normalDay
2022-04-21,7803.0,-207.0,0.0,100,438.06,445.0,0,0.0,0.0,,0.0,1,5.02,0.15,SPY220429C00457000,457.0,normalDay
2022-04-22,7803.0,-1397.0,0.0,100,426.04,445.0,0,0.0,0.0,,0.0,1,5.02,0.03,SPY220429C00457000,457.0,normalDay
2022-04-25,7803.0,-1150.0,0.0,100,428.51,445.0,0,0.0,0.0,,0.0,1,5.02,0.03,SPY220429C00457000,457.0,normalDay
2022-04-26,7803.0,-2390.0,0.0,100,416.1,445.0,0,0.0,0.0,,0.0,1,5.02,0.02,SPY220429C00457000,457.0,normalDay
2022-04-27,7803.0,-2272.0,0.0,100,417.27,445.0,0,0.0,0.0,,0.0,1,5.02,0.01,SPY220429C00457000,457.0,normalDay
2022-04-28,7803.0,-1218.0,0.0,100,427.81,445.0,0,0.0,0.0,,0.0,1,5.02,0.01,SPY220429C00457000,457.0,normalDay
2022-04-29,8305.0,-3300.0,502.0,100,412.0,445.0,0,0.0,0.0,,0.0,1,5.02,0.0,SPY220429C00457000,457.0,expirationDay
2022-05-02,8305.0,-3055.0,0.0,100,414.48,445.0,0,0.0,0.0,,0.0,1,0.19,0.22,SPY220617C00476000,476.0,normalDay
2022-05-03,8305.0,-2859.0,0.0,100,416.38,445.0,0,0.0,0.0,,0.0,1,0.19,0.16,SPY220617C00476000,476.0,normalDay
2022-05-04,8305.0,-1603.0,0.0,100,429.06,445.0,0,0.0,0.0,,0.0,1,0.19,0.28,SPY220617C00476000,476.0,normalDay
2022-05-05,8305.0,-3115.0,0.0,100,413.81,445.0,0,0.0,0.0,,0.0,1,0.19,0.15,SPY220617C00476000,476.0,normalDay
2022-05-06,8305.0,-3357.0,0.0,100,411.34,445.0,0,0.0,0.0,,0.0,1,0.19,0.1,SPY220617C00476000,476.0,normalDay
2022-05-09,8305.0,-4673.0,0.0,100,398.17,445.0,0,0.0,0.0,,0.0,1,0.19,0.09,SPY220617C00476000,476.0,normalDay
2022-05-10,8305.0,-4577.0,0.0,100,399.09,445.0,0,0.0,0.0,,0.0,1,0.19,0.05,SPY220617C00476000,476.0,normalDay
2022-05-11,8305.0,-5211.0,0.0,100,392.75,445.0,0,0.0,0.0,,0.0,1,0.19,0.05,SPY220617C00476000,476.0,normalDay
2022-05-12,8305.0,-5252.0,0.0,100,392.34,445.0,0,0.0,0.0,,0.0,1,0.19,0.05,SPY220617C00476000,476.0,normalDay
2022-05-13,8305.0,-4313.0,0.0,100,401.72,445.0,0,0.0,0.0,,0.0,1,0.19,0.04,SPY220617C00476000,476.0,normalDay
2022-05-16,8305.0,-4475.0,0.0,100,400.09,445.0,0,0.0,0.0,,0.0,1,0.19,0.03,SPY220617C00476000,476.0,normalDay
2022-05-17,8305.0,-3652.0,0.0,100,408.32,445.0,0,0.0,0.0,,0.0,1,0.19,0.03,SPY220617C00476000,476.0,normalDay
2022-05-18,8305.0,-5298.0,0.0,100,391.86,445.0,0,0.0,0.0,,0.0,1,0.19,0.03,SPY220617C00476000,476.0,normalDay
2022-05-19,8305.0,-5538.0,0.0,100,389.46,445.0,0,0.0,0.0,,0.0,1,0.19,0.03,SPY220617C00476000,476.0,normalDay
2022-05-20,8305.0,-5521.0,0.0,100,389.63,445.0,0,0.0,0.0,,0.0,1,0.19,0.03,SPY220617C00476000,476.0,normalDay
2022-05-23,8305.0,-4792.0,0.0,100,396.92,445.0,0,0.0,0.0,,0.0,1,0.19,0.03,SPY220617C00476000,476.0,normalDay
2022-05-24,8305.0,-5095.0,0.0,100,393.89,445.0,0,0.0,0.0,,0.0,1,0.19,0.03,SPY220617C00476000,476.0,normalDay
2022-05-25,8305.0,-4747.0,0.0,100,397.37,445.0,0,0.0,0.0,,0.0,1,0.19,0.03,SPY220617C00476000,476.0,normalDay
2022-05-26,8305.0,-3954.0,0.0,100,405.31,445.0,0,0.0,0.0,,0.0,1,0.19,0.04,SPY220617C00476000,476.0,normalDay
2022-05-27,8305.0,-2961.0,0.0,100,415.26,445.0,0,0.0,0.0,,0.0,1,0.19,0.06,SPY220617C00476000,476.0,normalDay
2022-05-31,8305.0,-3191.0,0.0,100,412.93,445.0,0,0.0,0.0,,0.0,1,0.19,0.03,SPY220617C00476000,476.0,normalDay
2022-06-01,8305.0,-3524.0,0.0,100,409.59,445.0,0,0.0,0.0,,0.0,1,0.19,0.02,SPY220617C00476000,476.0,normalDay
2022-06-02,8305.0,-2745.0,0.0,100,417.39,445.0,0,0.0,0.0,,0.0,1,0.19,0.03,SPY220617C00476000,476.0,normalDay
2022-06-03,8305.0,-3429.0,0.0,100,410.54,445.0,0,0.0,0.0,,0.0,1,0.19,0.02,SPY220617C00476000,476.0,normalDay
2022-06-06,8305.0,-3304.0,0.0,100,411.79,445.0,0,0.0,0.0,,0.0,1,0.19,0.02,SPY220617C00476000,476.0,normalDay
2022-06-07,8305.0,-2909.0,0.0,100,415.74,445.0,0,0.0,0.0,,0.0,1,0.19,0.02,SPY220617C00476000,476.0,normalDay
2022-06-08,8305.0,-3360.0,0.0,100,411.22,445.0,0,0.0,0.0,,0.0,1,0.19,0.01,SPY220617C00476000,476.0,normalDay
2022-06-09,8305.0,-4338.0,0.0,100,401.44,445.0,0,0.0,0.0,,0.0,1,0.19,0.01,SPY220617C00476000,476.0,normalDay
2022-06-10,8305.0,-5502.0,0.0,100,389.8,445.0,0,0.0,0.0,,0.0,1,0.19,0.01,SPY220617C00476000,476.0,normalDay
2022-06-13,8305.0,-6982.0,0.0,100,375.0,445.0,0,0.0,0.0,,0.0,1,0.19,0.01,SPY220617C00476000,476.0,normalDay
2022-06-14,8305.0,-7095.0,0.0,100,373.87,445.0,0,0.0,0.0,,0.0,1,0.19,0.01,SPY220617C00476000,476.0,normalDay
2022-06-15,8305.0,-6562.0,0.0,100,379.2,445.0,0,0.0,0.0,,0.0,1,0.19,0.01,SPY220617C00476000,476.0,normalDay
2022-06-16,8305.0,-7817.0,0.0,100,366.65,445.0,0,0.0,0.0,,0.0,1,0.19,0.01,SPY220617C00476000,476.0,normalDay
2022-06-17,8324.0,-7914.0,19.0,100,365.86,445.0,0,0.0,0.0,,0.0,1,0.19,0.0,SPY220617C00476000,476.0,expirationDay
2022-06-21,8324.0,-6996.0,0.0,100,375.07,445.0,0,0.0,0.0,,0.0,1,0.08,0.11,SPY220729C00449000,449.0,normalDay
2022-06-22,8324.0,-7063.0,0.0,100,374.39,445.0,0,0.0,0.0,,0.0,1,0.08,0.1,SPY220729C00449000,449.0,normalDay
2022-06-23,8324.0,-6696.0,0.0,100,378.06,445.0,0,0.0,0.0,,0.0,1,0.08,0.1,SPY220729C00449000,449.0,normalDay
2022-06-24,8324.0,-5501.0,0.0,100,390.08,445.0,0,0.0,0.0,,0.0,1,0.08,0.17,SPY220729C00449000,449.0,normalDay
2022-06-27,8324.0,-5646.0,0.0,100,388.59,445.0,0,0.0,0.0,,0.0,1,0.08,0.13,SPY220729C00449000,449.0,normalDay
2022-06-28,8324.0,-6434.0,0.0,100,380.65,445.0,0,0.0,0.0,,0.0,1,0.08,0.07,SPY220729C00449000,449.0,normalDay
2022-06-29,8324.0,-6465.0,0.0,100,380.34,445.0,0,0.0,0.0,,0.0,1,0.08,0.07,SPY220729C00449000,449.0,normalDay
2022-06-30,8324.0,-6771.0,0.0,100,377.25,445.0,0,0.0,0.0,,0.0,1,0.08,0.04,SPY220729C00449000,449.0,normalDay
2022-07-01,8324.0,-6372.0,0.0,100,381.24,445.0,0,0.0,0.0,,0.0,1,0.08,0.04,SPY220729C00449000,449.0,normalDay
2022-07-05,8324.0,-6299.0,0.0,100,381.96,445.0,0,0.0,0.0,,0.0,1,0.08,0.03,SPY220729C00449000,449.0,normalDay
2022-07-06,8324.0,-6170.0,0.0,100,383.25,445.0,0,0.0,0.0,,0.0,1,0.08,0.03,SPY220729C00449000,449.0,normalDay
2022-07-07,8324.0,-5596.0,0.0,100,388.99,445.0,0,0.0,0.0,,0.0,1,0.08,0.03,SPY220729C00449000,449.0,normalDay
2022-07-08,8324.0,-5627.0,0.0,100,388.67,445.0,0,0.0,0.0,,0.0,1,0.08,0.02,SPY220729C00449000,449.0,normalDay
2022-07-11,8324.0,-6071.0,0.0,100,384.23,445.0,0,0.0,0.0,,0.0,1,0.08,0.02,SPY220729C00449000,449.0,normalDay
2022-07-12,8324.0,-6411.0,0.0,100,380.83,445.0,0,0.0,0.0,,0.0,1,0.08,0.02,SPY220729C00449000,449.0,normalDay
2022-07-13,8324.0,-6611.0,0.0,100,378.83,445.0,0,0.0,0.0,,0.0,1,0.08,0.02,SPY220729C00449000,449.0,normalDay
2022-07-14,8324.0,-6702.0,0.0,100,377.91,445.0,0,0.0,0.0,,0.0,1,0.08,0.01,SPY220729C00449000,449.0,normalDay
2022-07-15,8324.0,-5980.0,0.0,100,385.13,445.0,0,0.0,0.0,,0.0,1,0.08,0.01,SPY220729C00449000,449.0,normalDay
2022-07-18,8324.0,-6298.0,0.0,100,381.95,445.0,0,0.0,0.0,,0.0,1,0.08,0.01,SPY220729C00449000,449.0,normalDay
2022-07-19,8324.0,-5267.0,0.0,100,392.27,445.0,0,0.0,0.0,,0.0,1,0.08,0.02,SPY220729C00449000,449.0,normalDay
2022-07-20,8324.0,-5016.0,0.0,100,394.77,445.0,0,0.0,0.0,,0.0,1,0.08,0.01,SPY220729C00449000,449.0,normalDay
2022-07-21,8324.0,-4614.0,0.0,100,398.79,445.0,0,0.0,0.0,,0.0,1,0.08,0.01,SPY220729C00449000,449.0,normalDay
2022-07-22,8324.0,-4984.0,0.0,100,395.09,445.0,0,0.0,0.0,,0.0,1,0.08,0.01,SPY220729C00449000,449.0,normalDay
2022-07-25,8324.0,-4936.0,0.0,100,395.57,445.0,0,0.0,0.0,,0.0,1,0.08,0.01,SPY220729C00449000,449.0,normalDay
2022-07-26,8324.0,-5404.0,0.0,100,390.89,445.0,0,0.0,0.0,,0.0,1,0.08,0.01,SPY220729C00449000,449.0,normalDay
2022-07-27,8324.0,-4389.0,0.0,100,401.04,445.0,0,0.0,0.0,,0.0,1,0.08,0.01,SPY220729C00449000,449.0,normalDay
2022-07-28,8324.0,-3886.0,0.0,100,406.07,445.0,0,0.0,0.0,,0.0,1,0.08,0.01,SPY220729C00449000,449.0,normalDay
2022-07-29,8332.0,-3301.0,8.0,100,411.99,445.0,0,0.0,0.0,,0.0,1,0.08,0.0,SPY220729C00449000,449.0,expirationDay
2022-08-01,8332.0,-3428.0,0.0,100,410.77,445.0,0,0.0,0.0,,0.0,1,6.67,6.72,SPY220916C00422000,422.0,normalDay
2022-08-02,8332.0,-3601.0,0.0,100,408.06,445.0,0,0.0,0.0,,0.0,1,6.67,5.74,SPY220916C00422000,422.0,normalDay
2022-08-03,8332.0,-3149.0,0.0,100,414.45,445.0,0,0.0,0.0,,0.0,1,6.67,7.61,SPY220916C00422000,422.0,normalDay
2022-08-04,8332.0,-3159.0,0.0,100,414.17,445.0,0,0.0,0.0,,0.0,1,6.67,7.43,SPY220916C00422000,422.0,normalDay
2022-08-05,8332.0,-3129.0,0.0,100,413.47,445.0,0,0.0,0.0,,0.0,1,6.67,6.43,SPY220916C00422000,422.0,normalDay
2022-08-08,8332.0,-3155.0,0.0,100,412.99,445.0,0,0.0,0.0,,0.0,1,6.67,6.21,SPY220916C00422000,422.0,normalDay
2022-08-09,8332.0,-3257.0,0.0,100,411.35,445.0,0,0.0,0.0,,0.0,1,6.67,5.59,SPY220916C00422000,422.0,normalDay
2022-08-10,8332.0,-2691.0,0.0,100,419.99,445.0,0,0.0,0.0,,0.0,1,6.67,8.57,SPY220916C00422000,422.0,normalDay
2022-08-11,8332.0,-2727.0,0.0,100,419.99,445.0,0,0.0,0.0,,0.0,1,6.67,8.93,SPY220916C00422000,422.0,normalDay
2022-08-12,8332.0,-2375.0,0.0,100,427.1,445.0,0,0.0,0.0,,0.0,1,6.67,12.52,SPY220916C00422000,422.0,normalDay
2022-08-15,8332.0,-2301.0,0.0,100,428.86,445.0,0,0.0,0.0,,0.0,1,6.67,13.54,SPY220916C00422000,422.0,normalDay
2022-08-16,8332.0,-2244.0,0.0,100,429.7,445.0,0,0.0,0.0,,0.0,1,6.67,13.81,SPY220916C00422000,422.0,normalDay
2022-08-17,8332.0,-2379.0,0.0,100,426.65,445.0,0,0.0,0.0,,0.0,1,6.67,12.11,SPY220916C00422000,422.0,normalDay
2022-08-18,8332.0,-2263.0,0.0,100,427.89,445.0,0,0.0,0.0,,0.0,1,6.67,12.19,SPY220916C00422000,422.0,normalDay
2022-08-19,8332.0,-2488.0,0.0,100,422.14,445.0,0,0.0,0.0,,0.0,1,6.67,8.69,SPY220916C00422000,422.0,normalDay
2022-08-22,8332.0,-2990.0,0.0,100,413.35,445.0,0,0.0,0.0,,0.0,1,6.67,4.92,SPY220916C00422000,422.0,normalDay
2022-08-23,8332.0,-3016.0,0.0,100,412.35,445.0,0,0.0,0.0,,0.0,1,6.67,4.18,SPY220916C00422000,422.0,normalDay
2022-08-24,8332.0,-2893.0,0.0,100,413.67,445.0,0,0.0,0.0,,0.0,1,6.67,4.27,SPY220916C00422000,422.0,normalDay
2022-08-25,8332.0,-2500.0,0.0,100,419.51,445.0,0,0.0,0.0,,0.0,1,6.67,6.18,SPY220916C00422000,422.0,normalDay
2022-08-26,8332.0,-3494.0,0.0,100,405.31,445.0,0,0.0,0.0,,0.0,1,6.67,1.92,SPY220916C00422000,422.0,normalDay
2022-08-29,8332.0,-3698.0,0.0,100,402.63,445.0,0,0.0,0.0,,0.0,1,6.67,1.28,SPY220916C00422000,422.0,normalDay
2022-08-30,8332.0,-4079.0,0.0,100,398.21,445.0,0,0.0,0.0,,0.0,1,6.67,0.67,SPY220916C00422000,422.0,normalDay
2022-08-31,8332.0,-4356.0,0.0,100,395.18,445.0,0,0.0,0.0,,0.0,1,6.67,0.41,SPY220916C00422000,422.0,normalDay
2022-09-01,8332.0,-4227.0,0.0,100,396.42,445.0,0,0.0,0.0,,0.0,1,6.67,0.36,SPY220916C00422000,422.0,normalDay
2022-09-02,8332.0,-4627.0,0.0,100,392.24,445.0,0,0.0,0.0,,0.0,1,6.67,0.18,SPY220916C00422000,422.0,normalDay
2022-09-06,8332.0,-4769.0,0.0,100,390.76,445.0,0,0.0,0.0,,0.0,1,6.67,0.12,SPY220916C00422000,422.0,normalDay
2022-09-07,8332.0,-4077.0,0.0,100,397.78,445.0,0,0.0,0.0,,0.0,1,6.67,0.22,SPY220916C00422000,422.0,normalDay
2022-09-08,8332.0,-3815.0,0.0,100,400.38,445.0,0,0.0,0.0,,0.0,1,6.67,0.2,SPY220916C00422000,422.0,normalDay
2022-09-09,8332.0,-3204.0,0.0,100,406.6,445.0,0,0.0,0.0,,0.0,1,6.67,0.31,SPY220916C00422000,422.0,normalDay
2022-09-12,8332.0,-2818.0,0.0,100,410.97,445.0,0,0.0,0.0,,0.0,1,6.67,0.82,SPY220916C00422000,422.0,normalDay
2022-09-13,8332.0,-4526.0,0.0,100,393.1,445.0,0,0.0,0.0,,0.0,1,6.67,0.03,SPY220916C00422000,422.0,normalDay
2022-09-14,8332.0,-4375.0,0.0,100,394.6,445.0,0,0.0,0.0,,0.0,1,6.67,0.02,SPY220916C00422000,422.0,normalDay
2022-09-15,8332.0,-4822.0,0.0,100,390.12,445.0,0,0.0,0.0,,0.0,1,6.67,0.01,SPY220916C00422000,422.0,normalDay
2022-09-16,8999.0,-5944.0,667.0,100,385.56,445.0,0,0.0,0.0,,0.0,1,6.67,0.0,SPY220916C00422000,422.0,expirationDay
2022-09-19,8999.0,-5649.0,0.0,100,388.55,445.0,0,0.0,0.0,,0.0,1,0.71,0.75,SPY221028C00430000,430.0,normalDay
2022-09-20,8999.0,-6074.0,0.0,100,384.09,445.0,0,0.0,0.0,,0.0,1,0.71,0.54,SPY221028C00430000,430.0,normalDay
2022-09-21,8999.0,-6722.0,0.0,100,377.39,445.0,0,0.0,0.0,,0.0,1,0.71,0.32,SPY221028C00430000,430.0,normalDay
2022-09-22,8999.0,-7028.0,0.0,100,374.22,445.0,0,0.0,0.0,,0.0,1,0.71,0.21,SPY221028C00430000,430.0,normalDay
2022-09-23,8999.0,-7648.0,0.0,100,367.95,445.0,0,0.0,0.0,,0.0,1,0.71,0.14,SPY221028C00430000,430.0,normalDay
2022-09-26,8999.0,-8009.0,0.0,100,364.31,445.0,0,0.0,0.0,,0.0,1,0.71,0.11,SPY221028C00430000,430.0,normalDay
2022-09-27,8999.0,-8100.0,0.0,100,363.38,445.0,0,0.0,0.0,,0.0,1,0.71,0.09,SPY221028C00430000,430.0,normalDay
2022-09-28,8999.0,-7391.0,0.0,100,370.53,445.0,0,0.0,0.0,,0.0,1,0.71,0.15,SPY221028C00430000,430.0,normalDay
2022-09-29,8999.0,-8157.0,0.0,100,362.79,445.0,0,0.0,0.0,,0.0,1,0.71,0.07,SPY221028C00430000,430.0,normalDay
2022-09-30,8999.0,-8716.0,0.0,100,357.18,445.0,0,0.0,0.0,,0.0,1,0.71,0.05,SPY221028C00430000,430.0,normalDay
2022-10-03,8999.0,-7775.0,0.0,100,366.61,445.0,0,0.0,0.0,,0.0,1,0.71,0.07,SPY221028C00430000,430.0,normalDay
2022-10-04,8999.0,-6649.0,0.0,100,377.97,445.0,0,0.0,0.0,,0.0,1,0.71,0.17,SPY221028C00430000,430.0,normalDay
2022-10-05,8999.0,-6730.0,0.0,100,377.09,445.0,0,0.0,0.0,,0.0,1,0.71,0.1,SPY221028C00430000,430.0,normalDay
2022-10-06,8999.0,-7117.0,0.0,100,373.2,445.0,0,0.0,0.0,,0.0,1,0.71,0.08,SPY221028C00430000,430.0,normalDay
2022-10-07,8999.0,-8154.0,0.0,100,362.79,445.0,0,0.0,0.0,,0.0,1,0.71,0.04,SPY221028C00430000,430.0,normalDay
2022-10-10,8999.0,-8430.0,0.0,100,360.02,445.0,0,0.0,0.0,,0.0,1,0.71,0.03,SPY221028C00430000,430.0,normalDay
2022-10-11,8999.0,-8658.0,0.0,100,357.74,445.0,0,0.0,0.0,,0.0,1,0.71,0.03,SPY221028C00430000,430.0,normalDay
2022-10-12,8999.0,-8776.0,0.0,100,356.56,445.0,0,0.0,0.0,,0.0,1,0.71,0.03,SPY221028C00430000,430.0,normalDay
2022-10-13,8999.0,-7838.0,0.0,100,365.97,445.0,0,0.0,0.0,,0.0,1,0.71,0.06,SPY221028C00430000,430.0,normalDay
2022-10-14,8999.0,-8668.0,0.0,100,357.63,445.0,0,0.0,0.0,,0.0,1,0.71,0.02,SPY221028C00430000,430.0,normalDay
2022-10-17,8999.0,-7750.0,0.0,100,366.82,445.0,0,0.0,0.0,,0.0,1,0.71,0.03,SPY221028C00430000,430.0,normalDay
2022-10-18,8999.0,-7319.0,0.0,100,371.13,445.0,0,0.0,0.0,,0.0,1,0.71,0.03,SPY221028C00430000,430.0,normalDay
2022-10-19,8999.0,-7581.0,0.0,100,368.5,445.0,0,0.0,0.0,,0.0,1,0.71,0.02,SPY221028C00430000,430.0,normalDay
2022-10-20,8999.0,-7889.0,0.0,100,365.41,445.0,0,0.0,0.0,,0.0,1,0.71,0.01,SPY221028C00430000,430.0,normalDay
2022-10-21,8999.0,-7002.0,0.0,100,374.29,445.0,0,0.0,0.0,,0.0,1,0.71,0.02,SPY221028C00430000,430.0,normalDay
2022-10-24,8999.0,-6543.0,0.0,100,378.87,445.0,0,0.0,0.0,,0.0,1,0.71,0.01,SPY221028C00430000,430.0,normalDay
2022-10-25,8999.0,-5938.0,0.0,100,384.92,445.0,0,0.0,0.0,,0.0,1,0.71,0.01,SPY221028C00430000,430.0,normalDay
2022-10-26,8999.0,-6228.0,0.0,100,382.02,445.0,0,0.0,0.0,,0.0,1,0.71,0.01,SPY221028C00430000,430.0,normalDay
2022-10-27,8999.0,-6432.0,0.0,100,379.98,445.0,0,0.0,0.0,,0.0,1,0.71,0.01,SPY221028C00430000,430.0,normalDay
2022-10-28,9070.0,-5598.0,71.0,100,389.02,445.0,0,0.0,0.0,,0.0,1,0.71,0.0,SPY221028C00430000,430.0,expirationDay
2022-10-31,9070.0,-5884.0,0.0,100,386.21,445.0,0,0.0,0.0,,0.0,1,7.23,7.28,SPY221216C00402000,402.0,normalDay
2022-11-01,9070.0,-5967.0,0.0,100,384.52,445.0,0,0.0,0.0,,0.0,1,7.23,6.42,SPY221216C00402000,402.0,normalDay
2022-11-02,9070.0,-6640.0,0.0,100,374.87,445.0,0,0.0,0.0,,0.0,1,7.23,3.5,SPY221216C00402000,402.0,normalDay
2022-11-03,9070.0,-6937.0,0.0,100,371.01,445.0,0,0.0,0.0,,0.0,1,7.23,2.61,SPY221216C00402000,402.0,normalDay
2022-11-04,9070.0,-6490.0,0.0,100,376.35,445.0,0,0.0,0.0,,0.0,1,7.23,3.48,SPY221216C00402000,402.0,normalDay
2022-11-07,9070.0,-6181.0,0.0,100,379.95,445.0,0,0.0,0.0,,0.0,1,7.23,3.99,SPY221216C00402000,402.0,normalDay
2022-11-08,9070.0,-6025.0,0.0,100,382.0,445.0,0,0.0,0.0,,0.0,1,7.23,4.48,SPY221216C00402000,402.0,normalDay
2022-11-09,9070.0,-6636.0,0.0,100,374.13,445.0,0,0.0,0.0,,0.0,1,7.23,2.72,SPY221216C00402000,402.0,normalDay
2022-11-10,9070.0,-5192.0,0.0,100,394.69,445.0,0,0.0,0.0,,0.0,1,7.23,8.84,SPY221216C00402000,402.0,normalDay
2022-11-11,9070.0,-4875.0,0.0,100,398.51,445.0,0,0.0,0.0,,0.0,1,7.23,9.49,SPY221216C00402000,402.0,normalDay
2022-11-14,9070.0,-5055.0,0.0,100,395.12,445.0,0,0.0,0.0,,0.0,1,7.23,7.9,SPY221216C00402000,402.0,normalDay
2022-11-15,9070.0,-4851.0,0.0,100,398.49,445.0,0,0.0,0.0,,0.0,1,7.23,9.23,SPY221216C00402000,402.0,normalDay
2022-11-16,9070.0,-4980.0,0.0,100,395.45,445.0,0,0.0,0.0,,0.0,1,7.23,7.48,SPY221216C00402000,402.0,normalDay
2022-11-17,9070.0,-5018.0,0.0,100,394.24,445.0,0,0.0,0.0,,0.0,1,7.23,6.65,SPY221216C00402000,402.0,normalDay
2022-11-18,9070.0,-4851.0,0.0,100,396.03,445.0,0,0.0,0.0,,0.0,1,7.23,6.77,SPY221216C00402000,402.0,normalDay
2022-11-21,9070.0,-4880.0,0.0,100,394.59,445.0,0,0.0,0.0,,0.0,1,7.23,5.62,SPY221216C00402000,402.0,normalDay
2022-11-22,9070.0,-4534.0,0.0,100,399.9,445.0,0,0.0,0.0,,0.0,1,7.23,7.47,SPY221216C00402000,402.0,normalDay
2022-11-23,9070.0,-4370.0,0.0,100,402.42,445.0,0,0.0,0.0,,0.0,1,7.23,8.35,SPY221216C00402000,402.0,normalDay
2022-11-25,9070.0,-4347.0,0.0,100,402.33,445.0,0,0.0,0.0,,0.0,1,7.23,8.03,SPY221216C00402000,402.0,normalDay
2022-11-28,9070.0,-4694.0,0.0,100,395.91,445.0,0,0.0,0.0,,0.0,1,7.23,5.08,SPY221216C00402000,402.0,normalDay
2022-11-29,9070.0,-4713.0,0.0,100,395.23,445.0,0,0.0,0.0,,0.0,1,7.23,4.59,SPY221216C00402000,402.0,normalDay
2022-11-30,9070.0,-4115.0,0.0,100,407.68,445.0,0,0.0,0.0,,0.0,1,7.23,11.06,SPY221216C00402000,402.0,normalDay
2022-12-01,9070.0,-4058.0,0.0,100,407.38,445.0,0,0.0,0.0,,0.0,1,7.23,10.19,SPY221216C00402000,402.0,normalDay
2022-12-02,9070.0,-4019.0,0.0,100,406.91,445.0,0,0.0,0.0,,0.0,1,7.23,9.33,SPY221216C00402000,402.0,normalDay
2022-12-05,9070.0,-4356.0,0.0,100,399.59,445.0,0,0.0,0.0,,0.0,1,7.23,5.38,SPY221216C00402000,402.0,normalDay
2022-12-06,9070.0,-4725.0,0.0,100,393.83,445.0,0,0.0,0.0,,0.0,1,7.23,3.31,SPY221216C00402000,402.0,normalDay
2022-12-07,9070.0,-4752.0,0.0,100,393.16,445.0,0,0.0,0.0,,0.0,1,7.23,2.91,SPY221216C00402000,402.0,normalDay
2022-12-08,9070.0,-4519.0,0.0,100,396.24,445.0,0,0.0,0.0,,0.0,1,7.23,3.66,SPY221216C00402000,402.0,normalDay
2022-12-09,9070.0,-4695.0,0.0,100,393.28,445.0,0,0.0,0.0,,0.0,1,7.23,2.46,SPY221216C00402000,402.0,normalDay
2022-12-12,9070.0,-4360.0,0.0,100,398.95,445.0,0,0.0,0.0,,0.0,1,7.23,4.78,SPY221216C00402000,402.0,normalDay
2022-12-13,9070.0,-4045.0,0.0,100,401.97,445.0,0,0.0,0.0,,0.0,1,7.23,4.65,SPY221216C00402000,402.0,normalDay
2022-12-14,9070.0,-4005.0,0.0,100,399.4,445.0,0,0.0,0.0,,0.0,1,7.23,1.68,SPY221216C00402000,402.0,normalDay
2022-12-15,9070.0,-4818.0,0.0,100,389.63,445.0,0,0.0,0.0,,0.0,1,7.23,0.04,SPY221216C00402000,402.0,normalDay
2022-12-16,9793.0,-6173.0,723.0,100,383.27,445.0,0,0.0,0.0,,0.0,1,7.23,0.0,SPY221216C00402000,402.0,expirationDay
2022-12-19,9793.0,-6501.0,0.0,100,380.02,445.0,0,0.0,0.0,,0.0,1,0.56,0.59,SPY230127C00418000,418.0,normalDay
2022-12-20,9793.0,-6445.0,0.0,100,380.54,445.0,0,0.0,0.0,,0.0,1,0.56,0.55,SPY230127C00418000,418.0,normalDay
2022-12-21,9793.0,-5898.0,0.0,100,386.23,445.0,0,0.0,0.0,,0.0,1,0.56,0.77,SPY230127C00418000,418.0,normalDay
2022-12-22,9793.0,-6424.0,0.0,100,380.72,445.0,0,0.0,0.0,,0.0,1,0.56,0.52,SPY230127C00418000,418.0,normalDay
2022-12-23,9793.0,-6201.0,0.0,100,382.91,445.0,0,0.0,0.0,,0.0,1,0.56,0.48,SPY230127C00418000,418.0,normalDay
2022-12-27,9793.0,-6344.0,0.0,100,381.4,445.0,0,0.0,0.0,,0.0,1,0.56,0.4,SPY230127C00418000,418.0,normalDay
2022-12-28,9793.0,-6803.0,0.0,100,376.66,445.0,0,0.0,0.0,,0.0,1,0.56,0.25,SPY230127C00418000,418.0,normalDay
2022-12-29,9793.0,-6137.0,0.0,100,383.44,445.0,0,0.0,0.0,,0.0,1,0.56,0.37,SPY230127C00418000,418.0,normalDay
2022-12-30,9793.0,-6229.0,0.0,100,382.43,445.0,0,0.0,0.0,,0.0,1,0.56,0.28,SPY230127C00418000,418.0,normalDay
2023-01-03,9793.0,-6380.0,0.0,100,380.82,445.0,0,0.0,0.0,,0.0,1,0.56,0.18,SPY230127C00418000,418.0,normalDay
2023-01-04,9793.0,-6089.0,0.0,100,383.76,445.0,0,0.0,0.0,,0.0,1,0.56,0.21,SPY230127C00418000,418.0,normalDay
2023-01-05,9793.0,-6519.0,0.0,100,379.38,445.0,0,0.0,0.0,,0.0,1,0.56,0.13,SPY230127C00418000,418.0,normalDay
2023-01-06,9793.0,-5660.0,0.0,100,388.08,445.0,0,0.0,0.0,,0.0,1,0.56,0.24,SPY230127C00418000,418.0,normalDay
2023-01-09,9793.0,-5681.0,0.0,100,387.86,445.0,0,0.0,0.0,,0.0,1,0.56,0.23,SPY230127C00418000,418.0,normalDay
2023-01-10,9793.0,-5407.0,0.0,100,390.58,445.0,0,0.0,0.0,,0.0,1,0.56,0.21,SPY230127C00418000,418.0,normalDay
2023-01-11,9793.0,-4944.0,0.0,100,395.52,445.0,0,0.0,0.0,,0.0,1,0.56,0.52,SPY230127C00418000,418.0,normalDay
2023-01-12,9793.0,-4774.0,0.0,100,396.96,445.0,0,0.0,0.0,,0.0,1,0.56,0.26,SPY230127C00418000,418.0,normalDay
2023-01-13,9793.0,-4609.0,0.0,100,398.5,445.0,0,0.0,0.0,,0.0,1,0.56,0.15,SPY230127C00418000,418.0,normalDay
2023-01-17,9793.0,-4675.0,0.0,100,397.77,445.0,0,0.0,0.0,,0.0,1,0.56,0.08,SPY230127C00418000,418.0,normalDay
2023-01-18,9793.0,-5298.0,0.0,100,391.49,445.0,0,0.0,0.0,,0.0,1,0.56,0.03,SPY230127C00418000,418.0,normalDay
2023-01-19,9793.0,-5582.0,0.0,100,388.64,445.0,0,0.0,0.0,,0.0,1,0.56,0.02,SPY230127C00418000,418.0,normalDay
2023-01-20,9793.0,-4858.0,0.0,100,395.88,445.0,0,0.0,0.0,,0.0,1,0.56,0.02,SPY230127C00418000,418.0,normalDay
2023-01-23,9793.0,-4385.0,0.0,100,400.63,445.0,0,0.0,0.0,,0.0,1,0.56,0.04,SPY230127C00418000,418.0,normalDay
2023-01-24,9793.0,-4427.0,0.0,100,400.2,445.0,0,0.0,0.0,,0.0,1,0.56,0.03,SPY230127C00418000,418.0,normalDay
2023-01-25,9793.0,-4410.0,0.0,100,400.35,445.0,0,0.0,0.0,,0.0,1,0.56,0.01,SPY230127C00418000,418.0,normalDay
2023-01-26,9793.0,-3970.0,0.0,100,404.75,445.0,0,0.0,0.0,,0.0,1,0.56,0.01,SPY230127C00418000,418.0,normalDay
2023-01-27,9849.0,-3932.0,56.0,100,405.68,445.0,0,0.0,0.0,,0.0,1,0.56,0.0,SPY230127C00418000,418.0,expirationDay
2023-01-30,9849.0,-4445.0,0.0,100,400.59,445.0,0,0.0,0.0,,0.0,1,4.1,4.14,SPY230317C00417000,417.0,normalDay
2023-01-31,9849.0,-4002.0,0.0,100,406.48,445.0,0,0.0,0.0,,0.0,1,4.1,5.6,SPY230317C00417000,417.0,normalDay
2023-02-01,9849.0,-3764.0,0.0,100,410.8,445.0,0,0.0,0.0,,0.0,1,4.1,7.54,SPY230317C00417000,417.0,normalDay
2023-02-02,9849.0,-3389.0,0.0,100,416.78,445.0,0,0.0,0.0,,0.0,1,4.1,9.77,SPY230317C00417000,417.0,normalDay
2023-02-03,9849.0,-3629.0,0.0,100,412.35,445.0,0,0.0,0.0,,0.0,1,4.1,7.74,SPY230317C00417000,417.0,normalDay
2023-02-06,9849.0,-3773.0,0.0,100,409.83,445.0,0,0.0,0.0,,0.0,1,4.1,6.66,SPY230317C00417000,417.0,normalDay
2023-02-07,9849.0,-3436.0,0.0,100,415.19,445.0,0,0.0,0.0,,0.0,1,4.1,8.65,SPY230317C00417000,417.0,normalDay
2023-02-08,9849.0,-3719.0,0.0,100,410.65,445.0,0,0.0,0.0,,0.0,1,4.1,6.94,SPY230317C00417000,417.0,normalDay
2023-02-09,9849.0,-3945.0,0.0,100,407.09,445.0,0,0.0,0.0,,0.0,1,4.1,5.64,SPY230317C00417000,417.0,normalDay
2023-02-10,9849.0,-3856.0,0.0,100,408.04,445.0,0,0.0,0.0,,0.0,1,4.1,5.7,SPY230317C00417000,417.0,normalDay
2023-02-13,9849.0,-3565.0,0.0,100,412.83,445.0,0,0.0,0.0,,0.0,1,4.1,7.58,SPY230317C00417000,417.0,normalDay
2023-02-14,9849.0,-3456.0,0.0,100,412.64,445.0,0,0.0,0.0,,0.0,1,4.1,6.3,SPY230317C00417000,417.0,normalDay
2023-02-15,9849.0,-3381.0,0.0,100,413.98,445.0,0,0.0,0.0,,0.0,1,4.1,6.89,SPY230317C00417000,417.0,normalDay
2023-02-16,9849.0,-3696.0,0.0,100,408.28,445.0,0,0.0,0.0,,0.0,1,4.1,4.34,SPY230317C00417000,417.0,normalDay
2023-02-17,9849.0,-3735.0,0.0,100,407.26,445.0,0,0.0,0.0,,0.0,1,4.1,3.71,SPY230317C00417000,417.0,normalDay
2023-02-21,9849.0,-4347.0,0.0,100,399.09,445.0,0,0.0,0.0,,0.0,1,4.1,1.66,SPY230317C00417000,417.0,normalDay
2023-02-22,9849.0,-4363.0,0.0,100,398.54,445.0,0,0.0,0.0,,0.0,1,4.1,1.27,SPY230317C00417000,417.0,normalDay
2023-02-23,9849.0,-4157.0,0.0,100,400.66,445.0,0,0.0,0.0,,0.0,1,4.1,1.33,SPY230317C00417000,417.0,normalDay
2023-02-24,9849.0,-4523.0,0.0,100,396.38,445.0,0,0.0,0.0,,0.0,1,4.1,0.71,SPY230317C00417000,417.0,normalDay
2023-02-27,9849.0,-4387.0,0.0,100,397.73,445.0,0,0.0,0.0,,0.0,1,4.1,0.7,SPY230317C00417000,417.0,normalDay
2023-02-28,9849.0,-4508.0,0.0,100,396.26,445.0,0,0.0,0.0,,0.0,1,4.1,0.44,SPY230317C00417000,417.0,normalDay
2023-03-01,9849.0,-4649.0,0.0,100,394.74,445.0,0,0.0,0.0,,0.0,1,4.1,0.33,SPY230317C00417000,417.0,normalDay
2023-03-02,9849.0,-4353.0,0.0,100,397.81,445.0,0,0.0,0.0,,0.0,1,4.1,0.44,SPY230317C00417000,417.0,normalDay
2023-03-03,9849.0,-3774.0,0.0,100,404.19,445.0,0,0.0,0.0,,0.0,1,4.1,1.03,SPY230317C00417000,417.0,normalDay
2023-03-06,9849.0,-3736.0,0.0,100,404.47,445.0,0,0.0,0.0,,0.0,1,4.1,0.93,SPY230317C00417000,417.0,normalDay
2023-03-07,9849.0,-4293.0,0.0,100,398.27,445.0,0,0.0,0.0,,0.0,1,4.1,0.3,SPY230317C00417000,417.0,normalDay
2023-03-08,9849.0,-4223.0,0.0,100,398.92,445.0,0,0.0,0.0,,0.0,1,4.1,0.25,SPY230317C00417000,417.0,normalDay
2023-03-09,9849.0,-4944.0,0.0,100,391.56,445.0,0,0.0,0.0,,0.0,1,4.1,0.1,SPY230317C00417000,417.0,normalDay
2023-03-10,9849.0,-5503.0,0.0,100,385.91,445.0,0,0.0,0.0,,0.0,1,4.1,0.04,SPY230317C00417000,417.0,normalDay
2023-03-13,9849.0,-5558.0,0.0,100,385.36,445.0,0,0.0,0.0,,0.0,1,4.1,0.04,SPY230317C00417000,417.0,normalDay
2023-03-14,9849.0,-4919.0,0.0,100,391.73,445.0,0,0.0,0.0,,0.0,1,4.1,0.02,SPY230317C00417000,417.0,normalDay
2023-03-15,9849.0,-5163.0,0.0,100,389.28,445.0,0,0.0,0.0,,0.0,1,4.1,0.01,SPY230317C00417000,417.0,normalDay
2023-03-16,9849.0,-4480.0,0.0,100,396.11,445.0,0,0.0,0.0,,0.0,1,4.1,0.01,SPY230317C00417000,417.0,normalDay
2023-03-17,10259.0,-5501.0,410.0,100,389.99,445.0,0,0.0,0.0,,0.0,1,4.1,0.0,SPY230317C00417000,417.0,expirationDay
2023-03-20,10259.0,-5132.0,0.0,100,393.74,445.0,0,0.0,0.0,,0.0,1,3.61,3.67,SPY230428C00411000,411.0,normalDay
2023-03-21,10259.0,-4732.0,0.0,100,398.91,445.0,0,0.0,0.0,,0.0,1,3.61,4.84,SPY230428C00411000,411.0,normalDay
2023-03-22,10259.0,-5200.0,0.0,100,392.11,445.0,0,0.0,0.0,,0.0,1,3.61,2.72,SPY230428C00411000,411.0,normalDay
2023-03-23,10259.0,-5108.0,0.0,100,393.17,445.0,0,0.0,0.0,,0.0,1,3.61,2.86,SPY230428C00411000,411.0,normalDay
2023-03-24,10259.0,-4896.0,0.0,100,395.75,445.0,0,0.0,0.0,,0.0,1,3.61,3.32,SPY230428C00411000,411.0,normalDay
2023-03-27,10259.0,-4787.0,0.0,100,396.49,445.0,0,0.0,0.0,,0.0,1,3.61,2.97,SPY230428C00411000,411.0,normalDay
2023-03-28,10259.0,-4833.0,0.0,100,395.6,445.0,0,0.0,0.0,,0.0,1,3.61,2.54,SPY230428C00411000,411.0,normalDay
2023-03-29,10259.0,-4399.0,0.0,100,401.35,445.0,0,0.0,0.0,,0.0,1,3.61,3.95,SPY230428C00411000,411.0,normalDay
2023-03-30,10259.0,-4230.0,0.0,100,403.7,445.0,0,0.0,0.0,,0.0,1,3.61,4.61,SPY230428C00411000,411.0,normalDay
2023-03-31,10259.0,-3931.0,0.0,100,409.39,445.0,0,0.0,0.0,,0.0,1,3.61,7.31,SPY230428C00411000,411.0,normalDay
2023-04-03,10259.0,-3797.0,0.0,100,410.95,445.0,0,0.0,0.0,,0.0,1,3.61,7.53,SPY230428C00411000,411.0,normalDay
2023-04-04,10259.0,-3888.0,0.0,100,408.67,445.0,0,0.0,0.0,,0.0,1,3.61,6.16,SPY230428C00411000,411.0,normalDay
2023-04-05,10259.0,-3908.0,0.0,100,407.6,445.0,0,0.0,0.0,,0.0,1,3.61,5.29,SPY230428C00411000,411.0,normalDay
2023-04-06,10259.0,-3785.0,0.0,100,409.19,445.0,0,0.0,0.0,,0.0,1,3.61,5.65,SPY230428C00411000,411.0,normalDay
2023-04-10,10259.0,-3743.0,0.0,100,409.61,445.0,0,0.0,0.0,,0.0,1,3.61,5.65,SPY230428C00411000,411.0,normalDay
2023-04-11,10259.0,-3712.0,0.0,100,409.72,445.0,0,0.0,0.0,,0.0,1,3.61,5.45,SPY230428C00411000,411.0,normalDay
2023-04-12,10259.0,-3738.0,0.0,100,408.05,445.0,0,0.0,0.0,,0.0,1,3.61,4.04,SPY230428C00411000,411.0,normalDay
2023-04-13,10259.0,-3457.0,0.0,100,413.47,445.0,0,0.0,0.0,,0.0,1,3.61,6.65,SPY230428C00411000,411.0,normalDay
2023-04-14,10259.0,-3451.0,0.0,100,412.46,445.0,0,0.0,0.0,,0.0,1,3.61,5.58,SPY230428C00411000,411.0,normalDay
2023-04-17,10259.0,-3357.0,0.0,100,413.94,445.0,0,0.0,0.0,,0.0,1,3.61,6.12,SPY230428C00411000,411.0,normalDay
2023-04-18,10259.0,-3314.0,0.0,100,414.21,445.0,0,0.0,0.0,,0.0,1,3.61,5.96,SPY230428C00411000,411.0,normalDay
2023-04-19,10259.0,-3305.0,0.0,100,414.14,445.0,0,0.0,0.0,,0.0,1,3.61,5.8,SPY230428C00411000,411.0,normalDay
2023-04-20,10259.0,-3374.0,0.0,100,411.88,445.0,0,0.0,0.0,,0.0,1,3.61,4.23,SPY230428C00411000,411.0,normalDay
2023-04-21,10259.0,-3298.0,0.0,100,412.2,445.0,0,0.0,0.0,,0.0,1,3.61,3.79,SPY230428C00411000,411.0,normalDay
2023-04-24,10259.0,-3235.0,0.0,100,412.63,445.0,0,0.0,0.0,,0.0,1,3.61,3.59,SPY230428C00411000,411.0,normalDay
2023-04-25,10259.0,-3641.0,0.0,100,406.08,445.0,0,0.0,0.0,,0.0,1,3.61,1.1,SPY230428C00411000,411.0,normalDay
2023-04-26,10259.0,-3724.0,0.0,100,404.36,445.0,0,0.0,0.0,,0.0,1,3.61,0.21,SPY230428C00411000,411.0,normalDay
2023-04-27,10259.0,-3188.0,0.0,100,412.41,445.0,0,0.0,0.0,,0.0,1,3.61,2.9,SPY230428C00411000,411.0,normalDay
2023-04-28,7220.0,-3188.0,-3039.0,0,415.93,0.0,0,0.0,0.0,,0.0,1,3.61,0.0,SPY230428C00411000,411.0,expirationDay
2023-05-01,7220.0,-4.0,0.0,0,415.51,0.0,1,6.28,6.32,SPY230721P00398000,398.0,0,0.0,0.0,,0.0,normalDay
2023-05-02,7220.0,-166.0,0.0,0,410.84,0.0,1,6.28,7.94,SPY230721P00398000,398.0,0,0.0,0.0,,0.0,normalDay
2023-05-03,7220.0,-246.0,0.0,0,408.02,0.0,1,6.28,8.74,SPY230721P00398000,398.0,0,0.0,0.0,,0.0,normalDay
2023-05-04,7220.0,-425.0,0.0,0,405.13,0.0,1,6.28,10.53,SPY230721P00398000,398.0,0,0.0,0.0,,0.0,normalDay
2023-05-05,7220.0,-115.0,0.0,0,412.63,0.0,1,6.28,7.43,SPY230721P00398000,398.0,0,0.0,0.0,,0.0,normalDay
2023-05-08,7220.0,-70.0,0.0,0,412.74,0.0,1,6.28,6.98,SPY230721P00398000,398.0,0,0.0,0.0,,0.0,normalDay
2023-05-09,7220.0,-120.0,0.0,0,410.93,0.0,1,6.28,7.48,SPY230721P00398000,398.0,0,0.0,0.0,,0.0,normalDay
2023-05-10,7220.0,-35.0,0.0,0,412.85,0.0,1,6.28,6.63,SPY230721P00398000,398.0,0,0.0,0.0,,0.0,normalDay
2023-05-11,7220.0,-42.0,0.0,0,412.13,0.0,1,6.28,6.7,SPY230721P00398000,398.0,0,0.0,0.0,,0.0,normalDay
2023-05-12,7220.0,-52.0,0.0,0,411.59,0.0,1,6.28,6.8,SPY230721P00398000,398.0,0,0.0,0.0,,0.0,normalDay
2023-05-15,7220.0,34.0,0.0,0,413.01,0.0,1,6.28,5.94,SPY230721P00398000,398.0,0,0.0,0.0,,0.0,normalDay
2023-05-16,7220.0,-46.0,0.0,0,410.25,0.0,1,6.28,6.74,SPY230721P00398000,398.0,0,0.0,0.0,,0.0,normalDay
2023-05-17,7220.0,103.0,0.0,0,415.23,0.0,1,6.28,5.25,SPY230721P00398000,398.0,0,0.0,0.0,,0.0,normalDay
2023-05-18,7220.0,215.0,0.0,0,419.23,0.0,1,6.28,4.13,SPY230721P00398000,398.0,0,0.0,0.0,,0.0,normalDay
2023-05-19,7220.0,180.0,0.0,0,418.62,0.0,1,6.28,4.48,SPY230721P00398000,398.0,0,0.0,0.0,,0.0,normalDay
2023-05-22,7220.0,191.0,0.0,0,418.79,0.0,1,6.28,4.37,SPY230721P00398000,398.0,0,0.0,0.0,,0.0,normalDay
2023-05-23,7220.0,77.0,0.0,0,414.09,0.0,1,6.28,5.51,SPY230721P00398000,398.0,0,0.0,0.0,,0.0,normalDay
2023-05-24,7220.0,-19.0,0.0,0,411.09,0.0,1,6.28,6.47,SPY230721P00398000,398.0,0,0.0,0.0,,0.0,normalDay
2023-05-25,7220.0,90.0,0.0,0,414.65,0.0,1,6.28,5.38,SPY230721P00398000,398.0,0,0.0,0.0,,0.0,normalDay
2023-05-26,7220.0,227.0,0.0,0,420.02,0.0,1,6.28,4.01,SPY230721P00398000,398.0,0,0.0,0.0,,0.0,normalDay
2023-05-30,7220.0,273.0,0.0,0,420.18,0.0,1,6.28,3.55,SPY230721P00398000,398.0,0,0.0,0.0,,0.0,normalDay
2023-05-31,7220.0,245.0,0.0,0,417.85,0.0,1,6.28,3.83,SPY230721P00398000,398.0,0,0.0,0.0,,0.0,normalDay
2023-06-01,7220.0,357.0,0.0,0,421.82,0.0,1,6.28,2.71,SPY230721P00398000,398.0,0,0.0,0.0,,0.0,normalDay
2023-06-02,7220.0,444.0,0.0,0,427.92,0.0,1,6.28,1.84,SPY230721P00398000,398.0,0,0.0,0.0,,0.0,normalDay
2023-06-05,7220.0,452.0,0.0,0,427.1,0.0,1,6.28,1.76,SPY230721P00398000,398.0,0,0.0,0.0,,0.0,normalDay
2023-06-06,7220.0,484.0,0.0,0,428.03,0.0,1,6.28,1.44,SPY230721P00398000,398.0,0,0.0,0.0,,0.0,normalDay
2023-06-07,7220.0,478.0,0.0,0,426.55,0.0,1,6.28,1.5,SPY230721P00398000,398.0,0,0.0,0.0,,0.0,normalDay
2023-06-08,7220.0,503.0,0.0,0,429.13,0.0,1,6.28,1.25,SPY230721P00398000,398.0,0,0.0,0.0,,0.0,normalDay
2023-06-09,7220.0,506.0,0.0,0,429.9,0.0,1,6.28,1.22,SPY230721P00398000,398.0,0,0.0,0.0,,0.0,normalDay
2023-06-12,7220.0,521.0,0.0,0,433.8,0.0,1,6.28,1.07,SPY230721P00398000,398.0,0,0.0,0.0,,0.0,normalDay
2023-06-13,7220.0,539.0,0.0,0,436.66,0.0,1,6.28,0.89,SPY230721P00398000,398.0,0,0.0,0.0,,0.0,normalDay
2023-06-14,7220.0,558.0,0.0,0,437.18,0.0,1,6.28,0.7,SPY230721P00398000,398.0,0,0.0,0.0,,0.0,normalDay
2023-06-15,7220.0,565.0,0.0,0,442.6,0.0,1,6.28,0.63,SPY230721P00398000,398.0,0,0.0,0.0,,0.0,normalDay
2023-06-16,7220.0,578.0,0.0,0,439.46,0.0,1,6.28,0.5,SPY230721P00398000,398.0,0,0.0,0.0,,0.0,normalDay
2023-06-20,7220.0,580.0,0.0,0,437.18,0.0,1,6.28,0.48,SPY230721P00398000,398.0,0,0.0,0.0,,0.0,normalDay
2023-06-21,7220.0,583.0,0.0,0,434.94,0.0,1,6.28,0.45,SPY230721P00398000,398.0,0,0.0,0.0,,0.0,normalDay
2023-06-22,7220.0,591.0,0.0,0,436.51,0.0,1,6.28,0.37,SPY230721P00398000,398.0,0,0.0,0.0,,0.0,normalDay
2023-06-23,7220.0,581.0,0.0,0,433.21,0.0,1,6.28,0.47,SPY230721P00398000,398.0,0,0.0,0.0,,0.0,normalDay
2023-06-26,7220.0,576.0,0.0,0,431.44,0.0,1,6.28,0.52,SPY230721P00398000,398.0,0,0.0,0.0,,0.0,normalDay
2023-06-27,7220.0,595.0,0.0,0,436.17,0.0,1,6.28,0.33,SPY230721P00398000,398.0,0,0.0,0.0,,0.0,normalDay
2023-06-28,7220.0,602.0,0.0,0,436.39,0.0,1,6.28,0.26,SPY230721P00398000,398.0,0,0.0,0.0,,0.0,normalDay
2023-06-29,7220.0,604.0,0.0,0,438.11,0.0,1,6.28,0.24,SPY230721P00398000,398.0,0,0.0,0.0,,0.0,normalDay
2023-06-30,7220.0,608.0,0.0,0,443.28,0.0,1,6.28,0.2,SPY230721P00398000,398.0,0,0.0,0.0,,0.0,normalDay
2023-07-03,7220.0,611.0,0.0,0,443.79,0.0,1,6.28,0.17,SPY230721P00398000,398.0,0,0.0,0.0,,0.0,normalDay
2023-07-05,7220.0,611.0,0.0,0,443.13,0.0,1,6.28,0.17,SPY230721P00398000,398.0,0,0.0,0.0,,0.0,normalDay
2023-07-06,7220.0,607.0,0.0,0,439.66,0.0,1,6.28,0.21,SPY230721P00398000,398.0,0,0.0,0.0,,0.0,normalDay
2023-07-07,7220.0,612.0,0.0,0,438.55,0.0,1,6.28,0.16,SPY230721P00398000,398.0,0,0.0,0.0,,0.0,normalDay
2023-07-10,7220.0,616.0,0.0,0,439.66,0.0,1,6.28,0.12,SPY230721P00398000,398.0,0,0.0,0.0,,0.0,normalDay
2023-07-11,7220.0,617.0,0.0,0,442.46,0.0,1,6.28,0.11,SPY230721P00398000,398.0,0,0.0,0.0,,0.0,normalDay
2023-07-12,7220.0,621.0,0.0,0,446.02,0.0,1,6.28,0.07,SPY230721P00398000,398.0,0,0.0,0.0,,0.0,normalDay
2023-07-13,7220.0,621.0,0.0,0,449.56,0.0,1,6.28,0.07,SPY230721P00398000,398.0,0,0.0,0.0,,0.0,normalDay
2023-07-14,7220.0,623.0,0.0,0,449.28,0.0,1,6.28,0.05,SPY230721P00398000,398.0,0,0.0,0.0,,0.0,normalDay
2023-07-17,7220.0,625.0,0.0,0,450.84,0.0,1,6.28,0.03,SPY230721P00398000,398.0,0,0.0,0.0,,0.0,normalDay
2023-07-18,7220.0,626.0,0.0,0,454.19,0.0,1,6.28,0.02,SPY230721P00398000,398.0,0,0.0,0.0,,0.0,normalDay
2023-07-19,7220.0,626.0,0.0,0,455.2,0.0,1,6.28,0.02,SPY230721P00398000,398.0,0,0.0,0.0,,0.0,normalDay
2023-07-20,7220.0,627.0,0.0,0,452.18,0.0,1,6.28,0.01,SPY230721P00398000,398.0,0,0.0,0.0,,0.0,normalDay
2023-07-21,7848.0,0.0,628.0,0,452.18,0.0,1,6.28,0.0,SPY230721P00398000,398.0,0,0.0,0.0,,0.0,expirationDay
2023-07-24,7848.0,-3.0,0.0,0,454.2,0.0,1,2.06,2.09,SPY230929P00416000,416.0,0,0.0,0.0,,0.0,normalDay
2023-07-25,7848.0,6.0,0.0,0,455.44,0.0,1,2.06,2.0,SPY230929P00416000,416.0,0,0.0,0.0,,0.0,normalDay
2023-07-26,7848.0,27.0,0.0,0,455.51,0.0,1,2.06,1.79,SPY230929P00416000,416.0,0,0.0,0.0,,0.0,normalDay
2023-07-27,7848.0,-18.0,0.0,0,452.49,0.0,1,2.06,2.24,SPY230929P00416000,416.0,0,0.0,0.0,,0.0,normalDay
2023-07-28,7848.0,35.0,0.0,0,456.92,0.0,1,2.06,1.71,SPY230929P00416000,416.0,0,0.0,0.0,,0.0,normalDay
2023-07-31,7848.0,49.0,0.0,0,457.79,0.0,1,2.06,1.57,SPY230929P00416000,416.0,0,0.0,0.0,,0.0,normalDay
2023-08-01,7848.0,38.0,0.0,0,456.48,0.0,1,2.06,1.68,SPY230929P00416000,416.0,0,0.0,0.0,,0.0,normalDay
2023-08-02,7848.0,-54.0,0.0,0,450.13,0.0,1,2.06,2.6,SPY230929P00416000,416.0,0,0.0,0.0,,0.0,normalDay
2023-08-03,7848.0,-46.0,0.0,0,448.84,0.0,1,2.06,2.52,SPY230929P00416000,416.0,0,0.0,0.0,,0.0,normalDay
2023-08-04,7848.0,-104.0,0.0,0,446.81,0.0,1,2.06,3.1,SPY230929P00416000,416.0,0,0.0,0.0,,0.0,normalDay
2023-08-07,7848.0,-18.0,0.0,0,450.71,0.0,1,2.06,2.24,SPY230929P00416000,416.0,0,0.0,0.0,,0.0,normalDay
2023-08-08,7848.0,-41.0,0.0,0,448.75,0.0,1,2.06,2.47,SPY230929P00416000,416.0,0,0.0,0.0,,0.0,normalDay
2023-08-09,7848.0,-55.0,0.0,0,445.75,0.0,1,2.06,2.61,SPY230929P00416000,416.0,0,0.0,0.0,,0.0,normalDay
2023-08-10,7848.0,-55.0,0.0,0,445.91,0.0,1,2.06,2.61,SPY230929P00416000,416.0,0,0.0,0.0,,0.0,normalDay
2023-08-11,7848.0,-27.0,0.0,0,445.65,0.0,1,2.06,2.33,SPY230929P00416000,416.0,0,0.0,0.0,,0.0,normalDay
2023-08-14,7848.0,16.0,0.0,0,448.11,0.0,1,2.06,1.9,SPY230929P00416000,416.0,0,0.0,0.0,,0.0,normalDay
2023-08-15,7848.0,-60.0,0.0,0,442.89,0.0,1,2.06,2.66,SPY230929P00416000,416.0,0,0.0,0.0,,0.0,normalDay
2023-08-16,7848.0,-104.0,0.0,0,439.64,0.0,1,2.06,3.1,SPY230929P00416000,416.0,0,0.0,0.0,,0.0,normalDay
2023-08-17,7848.0,-180.0,0.0,0,436.29,0.0,1,2.06,3.86,SPY230929P00416000,416.0,0,0.0,0.0,,0.0,normalDay
2023-08-18,7848.0,-135.0,0.0,0,436.5,0.0,1,2.06,3.41,SPY230929P00416000,416.0,0,0.0,0.0,,0.0,normalDay
2023-08-21,7848.0,-68.0,0.0,0,439.34,0.0,1,2.06,2.74,SPY230929P00416000,416.0,0,0.0,0.0,,0.0,normalDay
2023-08-22,7848.0,-65.0,0.0,0,438.15,0.0,1,2.06,2.71,SPY230929P00416000,416.0,0,0.0,0.0,,0.0,normalDay
2023-08-23,7848.0,14.0,0.0,0,443.03,0.0,1,2.06,1.92,SPY230929P00416000,416.0,0,0.0,0.0,,0.0,normalDay
2023-08-24,7848.0,-78.0,0.0,0,436.89,0.0,1,2.06,2.84,SPY230929P00416000,416.0,0,0.0,0.0,,0.0,normalDay
2023-08-25,7848.0,5.0,0.0,0,439.97,0.0,1,2.06,2.01,SPY230929P00416000,416.0,0,0.0,0.0,,0.0,normalDay
2023-08-28,7848.0,65.0,0.0,0,442.76,0.0,1,2.06,1.41,SPY230929P00416000,416.0,0,0.0,0.0,,0.0,normalDay
2023-08-29,7848.0,120.0,0.0,0,449.16,0.0,1,2.06,0.86,SPY230929P00416000,416.0,0,0.0,0.0,,0.0,normalDay
2023-08-30,7848.0,138.0,0.0,0,451.01,0.0,1,2.06,0.68,SPY230929P00416000,416.0,0,0.0,0.0,,0.0,normalDay
2023-08-31,7848.0,147.0,0.0,0,450.35,0.0,1,2.06,0.59,SPY230929P00416000,416.0,0,0.0,0.0,,0.0,normalDay
2023-09-01,7848.0,152.0,0.0,0,451.19,0.0,1,2.06,0.54,SPY230929P00416000,416.0,0,0.0,0.0,,0.0,normalDay
2023-09-05,7848.0,149.0,0.0,0,449.24,0.0,1,2.06,0.57,SPY230929P00416000,416.0,0,0.0,0.0,,0.0,normalDay
2023-09-06,7848.0,138.0,0.0,0,446.22,0.0,1,2.06,0.68,SPY230929P00416000,416.0,0,0.0,0.0,,0.0,normalDay
2023-09-07,7848.0,138.0,0.0,0,444.85,0.0,1,2.06,0.68,SPY230929P00416000,416.0,0,0.0,0.0,,0.0,normalDay
2023-09-08,7848.0,155.0,0.0,0,445.52,0.0,1,2.06,0.51,SPY230929P00416000,416.0,0,0.0,0.0,,0.0,normalDay
2023-09-11,7848.0,171.0,0.0,0,448.45,0.0,1,2.06,0.35,SPY230929P00416000,416.0,0,0.0,0.0,,0.0,normalDay
2023-09-12,7848.0,165.0,0.0,0,445.99,0.0,1,2.06,0.41,SPY230929P00416000,416.0,0,0.0,0.0,,0.0,normalDay
2023-09-13,7848.0,178.0,0.0,0,446.51,0.0,1,2.06,0.28,SPY230929P00416000,416.0,0,0.0,0.0,,0.0,normalDay
2023-09-14,7848.0,186.0,0.0,0,450.36,0.0,1,2.06,0.2,SPY230929P00416000,416.0,0,0.0,0.0,,0.0,normalDay
2023-09-15,7848.0,179.0,0.0,0,443.37,0.0,1,2.06,0.27,SPY230929P00416000,416.0,0,0.0,0.0,,0.0,normalDay
2023-09-18,7848.0,186.0,0.0,0,443.63,0.0,1,2.06,0.2,SPY230929P00416000,416.0,0,0.0,0.0,,0.0,normalDay
2023-09-19,7848.0,185.0,0.0,0,442.71,0.0,1,2.06,0.21,SPY230929P00416000,416.0,0,0.0,0.0,,0.0,normalDay
2023-09-20,7848.0,179.0,0.0,0,438.64,0.0,1,2.06,0.27,SPY230929P00416000,416.0,0,0.0,0.0,,0.0,normalDay
2023-09-21,7848.0,124.0,0.0,0,431.39,0.0,1,2.06,0.82,SPY230929P00416000,416.0,0,0.0,0.0,,0.0,normalDay
2023-09-22,7848.0,138.0,0.0,0,430.42,0.0,1,2.06,0.68,SPY230929P00416000,416.0,0,0.0,0.0,,0.0,normalDay
2023-09-25,7848.0,173.0,0.0,0,432.23,0.0,1,2.06,0.33,SPY230929P00416000,416.0,0,0.0,0.0,,0.0,normalDay
2023-09-26,7848.0,145.0,0.0,0,425.88,0.0,1,2.06,0.61,SPY230929P00416000,416.0,0,0.0,0.0,,0.0,normalDay
2023-09-27,7848.0,173.0,0.0,0,426.05,0.0,1,2.06,0.33,SPY230929P00416000,416.0,0,0.0,0.0,,0.0,normalDay
2023-09-28,7848.0,196.0,0.0,0,428.52,0.0,1,2.06,0.1,SPY230929P00416000,416.0,0,0.0,0.0,,0.0,normalDay
2023-09-29,8054.0,0.0,206.0,0,427.48,0.0,1,2.06,0.0,SPY230929P00416000,416.0,0,0.0,0.0,,0.0,expirationDay
2023-10-02,8054.0,-3.0,0.0,0,427.31,0.0,1,4.41,4.44,SPY231215P00402000,402.0,0,0.0,0.0,,0.0,normalDay
2023-10-03,8054.0,-165.0,0.0,0,421.59,0.0,1,4.41,6.06,SPY231215P00402000,402.0,0,0.0,0.0,,0.0,normalDay
2023-10-04,8054.0,-75.0,0.0,0,424.66,0.0,1,4.41,5.16,SPY231215P00402000,402.0,0,0.0,0.0,,0.0,normalDay
2023-10-05,8054.0,-73.0,0.0,0,424.5,0.0,1,4.41,5.14,SPY231215P00402000,402.0,0,0.0,0.0,,0.0,normalDay
2023-10-06,8054.0,49.0,0.0,0,429.54,0.0,1,4.41,3.92,SPY231215P00402000,402.0,0,0.0,0.0,,0.0,normalDay
2023-10-09,8054.0,94.0,0.0,0,432.29,0.0,1,4.41,3.47,SPY231215P00402000,402.0,0,0.0,0.0,,0.0,normalDay
2023-10-10,8054.0,138.0,0.0,0,434.54,0.0,1,4.41,3.03,SPY231215P00402000,402.0,0,0.0,0.0,,0.0,normalDay
2023-10-11,8054.0,182.0,0.0,0,436.32,0.0,1,4.41,2.59,SPY231215P00402000,402.0,0,0.0,0.0,,0.0,normalDay
2023-10-12,8054.0,144.0,0.0,0,433.66,0.0,1,4.41,2.97,SPY231215P00402000,402.0,0,0.0,0.0,,0.0,normalDay
2023-10-13,8054.0,32.0,0.0,0,431.5,0.0,1,4.41,4.09,SPY231215P00402000,402.0,0,0.0,0.0,,0.0,normalDay
2023-10-16,8054.0,164.0,0.0,0,436.04,0.0,1,4.41,2.77,SPY231215P00402000,402.0,0,0.0,0.0,,0.0,normalDay
2023-10-17,8054.0,148.0,0.0,0,436.02,0.0,1,4.41,2.93,SPY231215P00402000,402.0,0,0.0,0.0,,0.0,normalDay
2023-10-18,8054.0,50.0,0.0,0,430.21,0.0,1,4.41,3.91,SPY231215P00402000,402.0,0,0.0,0.0,,0.0,normalDay
2023-10-19,8054.0,-80.0,0.0,0,426.43,0.0,1,4.41,5.21,SPY231215P00402000,402.0,0,0.0,0.0,,0.0,normalDay
2023-10-20,8054.0,-143.0,0.0,0,421.19,0.0,1,4.41,5.84,SPY231215P00402000,402.0,0,0.0,0.0,,0.0,normalDay
2023-10-23,8054.0,-84.0,0.0,0,420.46,0.0,1,4.41,5.25,SPY231215P00402000,402.0,0,0.0,0.0,,0.0,normalDay
2023-10-24,8054.0,20.0,0.0,0,423.63,0.0,1,4.41,4.21,SPY231215P00402000,402.0,0,0.0,0.0,,0.0,normalDay
2023-10-25,8054.0,-139.0,0.0,0,417.55,0.0,1,4.41,5.8,SPY231215P00402000,402.0,0,0.0,0.0,,0.0,normalDay
2023-10-26,8054.0,-258.0,0.0,0,412.55,0.0,1,4.41,6.99,SPY231215P00402000,402.0,0,0.0,0.0,,0.0,normalDay
2023-10-27,8054.0,-329.0,0.0,0,410.68,0.0,1,4.41,7.7,SPY231215P00402000,402.0,0,0.0,0.0,,0.0,normalDay
2023-10-30,8054.0,-123.0,0.0,0,415.59,0.0,1,4.41,5.64,SPY231215P00402000,402.0,0,0.0,0.0,,0.0,normalDay
2023-10-31,8054.0,-3.0,0.0,0,418.2,0.0,1,4.41,4.44,SPY231215P00402000,402.0,0,0.0,0.0,,0.0,normalDay
2023-11-01,8054.0,127.0,0.0,0,422.66,0.0,1,4.41,3.14,SPY231215P00402000,402.0,0,0.0,0.0,,0.0,normalDay
2023-11-02,8054.0,249.0,0.0,0,430.76,0.0,1,4.41,1.92,SPY231215P00402000,402.0,0,0.0,0.0,,0.0,normalDay
2023-11-03,8054.0,299.0,0.0,0,434.69,0.0,1,4.41,1.42,SPY231215P00402000,402.0,0,0.0,0.0,,0.0,normalDay
2023-11-06,8054.0,321.0,0.0,0,435.69,0.0,1,4.41,1.2,SPY231215P00402000,402.0,0,0.0,0.0,,0.0,normalDay
2023-11-07,8054.0,336.0,0.0,0,436.93,0.0,1,4.41,1.05,SPY231215P00402000,402.0,0,0.0,0.0,,0.0,normalDay
2023-11-08,8054.0,346.0,0.0,0,437.25,0.0,1,4.41,0.95,SPY231215P00402000,402.0,0,0.0,0.0,,0.0,normalDay
2023-11-09,8054.0,324.0,0.0,0,433.84,0.0,1,4.41,1.17,SPY231215P00402000,402.0,0,0.0,0.0,,0.0,normalDay
2023-11-10,8054.0,369.0,0.0,0,440.61,0.0,1,4.41,0.72,SPY231215P00402000,402.0,0,0.0,0.0,,0.0,normalDay
2023-11-13,8054.0,374.0,0.0,0,440.19,0.0,1,4.41,0.67,SPY231215P00402000,402.0,0,0.0,0.0,,0.0,normalDay
2023-11-14,8054.0,398.0,0.0,0,448.73,0.0,1,4.41,0.43,SPY231215P00402000,402.0,0,0.0,0.0,,0.0,normalDay
2023-11-15,8054.0,400.0,0.0,0,449.68,0.0,1,4.41,0.41,SPY231215P00402000,402.0,0,0.0,0.0,,0.0,normalDay
2023-11-16,8054.0,400.0,0.0,0,450.23,0.0,1,4.41,0.41,SPY231215P00402000,402.0,0,0.0,0.0,,0.0,normalDay
2023-11-17,8054.0,405.0,0.0,0,450.79,0.0,1,4.41,0.36,SPY231215P00402000,402.0,0,0.0,0.0,,0.0,normalDay
2023-11-20,8054.0,416.0,0.0,0,454.26,0.0,1,4.41,0.25,SPY231215P00402000,402.0,0,0.0,0.0,,0.0,normalDay
2023-11-21,8054.0,417.0,0.0,0,453.27,0.0,1,4.41,0.24,SPY231215P00402000,402.0,0,0.0,0.0,,0.0,normalDay
2023-11-22,8054.0,420.0,0.0,0,455.02,0.0,1,4.41,0.21,SPY231215P00402000,402.0,0,0.0,0.0,,0.0,normalDay
2023-11-24,8054.0,424.0,0.0,0,455.3,0.0,1,4.41,0.17,SPY231215P00402000,402.0,0,0.0,0.0,,0.0,normalDay
2023-11-27,8054.0,425.0,0.0,0,454.48,0.0,1,4.41,0.16,SPY231215P00402000,402.0,0,0.0,0.0,,0.0,normalDay
2023-11-28,8054.0,426.0,0.0,0,454.93,0.0,1,4.41,0.15,SPY231215P00402000,402.0,0,0.0,0.0,,0.0,normalDay
2023-11-29,8054.0,426.0,0.0,0,454.61,0.0,1,4.41,0.15,SPY231215P00402000,402.0,0,0.0,0.0,,0.0,normalDay
2023-11-30,8054.0,428.0,0.0,0,456.4,0.0,1,4.41,0.13,SPY231215P00402000,402.0,0,0.0,0.0,,0.0,normalDay
