date,totalCapital,unrializedPnL,rializedPnL,stocksOwned,stocksPriceToday,stocksPriceBoughtAt,putOwned,putOwnedSoldAt,putPriceToday,putOwnedContract,putOwnedStrike,callOwned,callOwnedSoldAt,callPriceToday,callOwnedContract,callOwnedStrike,trackType
2018-11-01,0.0,-7.0,0.0,0,273.51,0.0,1,1.42,1.49,SPY181203P00257000,257.0,0,0.0,0.0,,0.0,normalDay
2018-11-02,0.0,-15.0,0.0,0,271.89,0.0,1,1.42,1.57,SPY181203P00257000,257.0,0,0.0,0.0,,0.0,normalDay
2018-11-05,0.0,15.0,0.0,0,273.39,0.0,1,1.42,1.27,SPY181203P00257000,257.0,0,0.0,0.0,,0.0,normalDay
2018-11-06,0.0,31.0,0.0,0,275.12,0.0,1,1.42,1.11,SPY181203P00257000,257.0,0,0.0,0.0,,0.0,normalDay
2018-11-07,0.0,100.0,0.0,0,281.01,0.0,1,1.42,0.42,SPY181203P00257000,257.0,0,0.0,0.0,,0.0,normalDay
2018-11-08,0.0,97.0,0.0,0,280.5,0.0,1,1.42,0.45,SPY181203P00257000,257.0,0,0.0,0.0,,0.0,normalDay
2018-11-09,0.0,85.0,0.0,0,277.76,0.0,1,1.42,0.57,SPY181203P00257000,257.0,0,0.0,0.0,,0.0,normalDay
2018-11-12,0.0,31.0,0.0,0,272.57,0.0,1,1.42,1.11,SPY181203P00257000,257.0,0,0.0,0.0,,0.0,normalDay
2018-11-13,0.0,35.0,0.0,0,272.06,0.0,1,1.42,1.07,SPY181203P00257000,257.0,0,0.0,0.0,,0.0,normalDay
2018-11-14,0.0,7.0,0.0,0,270.2,0.0,1,1.42,1.35,SPY181203P00257000,257.0,0,0.0,0.0,,0.0,normalDay
2018-11-15,0.0,63.0,0.0,0,273.02,0.0,1,1.42,0.79,SPY181203P00257000,257.0,0,0.0,0.0,,0.0,normalDay
2018-11-16,0.0,92.0,0.0,0,273.73,0.0,1,1.42,0.5,SPY181203P00257000,257.0,0,0.0,0.0,,0.0,normalDay
2018-11-19,0.0,55.0,0.0,0,269.1,0.0,1,1.42,0.87,SPY181203P00257000,257.0,0,0.0,0.0,,0.0,normalDay
2018-11-20,0.0,-44.0,0.0,0,264.12,0.0,1,1.42,1.86,SPY181203P00257000,257.0,0,0.0,0.0,,0.0,normalDay
2018-11-21,0.0,28.0,0.0,0,265.02,0.0,1,1.42,1.14,SPY181203P00257000,257.0,0,0.0,0.0,,0.0,normalDay
2018-11-23,0.0,3.0,0.0,0,263.25,0.0,1,1.42,1.39,SPY181203P00257000,257.0,0,0.0,0.0,,0.0,normalDay
2018-11-26,0.0,112.0,0.0,0,267.5,0.0,1,1.42,0.3,SPY181203P00257000,257.0,0,0.0,0.0,,0.0,normalDay
2018-11-27,0.0,116.0,0.0,0,268.4,0.0,1,1.42,0.26,SPY181203P00257000,257.0,0,0.0,0.0,,0.0,normalDay
2018-11-28,0.0,133.0,0.0,0,274.58,0.0,1,1.42,0.09,SPY181203P00257000,257.0,0,0.0,0.0,,0.0,normalDay
2018-11-29,0.0,135.0,0.0,0,273.98,0.0,1,1.42,0.07,SPY181203P00257000,257.0,0,0.0,0.0,,0.0,normalDay
2018-11-30,0.0,138.0,0.0,0,275.65,0.0,1,1.42,0.04,SPY181203P00257000,257.0,0,0.0,0.0,,0.0,normalDay
2018-12-03,142.0,0.0,142.0,0,279.3,0.0,1,1.42,0.0,SPY181203P00257000,257.0,0,0.0,0.0,,0.0,expirationDay
2018-12-04,142.0,-9.0,0.0,0,270.25,0.0,1,2.47,2.56,SPY190104P00259000,259.0,0,0.0,0.0,,0.0,normalDay
2018-12-06,142.0,-13.0,0.0,0,269.84,0.0,1,2.47,2.6,SPY190104P00259000,259.0,0,0.0,0.0,,0.0,normalDay
2018-12-07,142.0,-224.0,0.0,0,263.57,0.0,1,2.47,4.71,SPY190104P00259000,259.0,0,0.0,0.0,,0.0,normalDay
2018-12-10,142.0,-135.0,0.0,0,264.07,0.0,1,2.47,3.82,SPY190104P00259000,259.0,0,0.0,0.0,,0.0,normalDay
2018-12-11,142.0,-111.0,0.0,0,264.13,0.0,1,2.47,3.58,SPY190104P00259000,259.0,0,0.0,0.0,,0.0,normalDay
2018-12-12,142.0,-63.0,0.0,0,265.46,0.0,1,2.47,3.1,SPY190104P00259000,259.0,0,0.0,0.0,,0.0,normalDay
2018-12-13,142.0,-29.0,0.0,0,265.37,0.0,1,2.47,2.76,SPY190104P00259000,259.0,0,0.0,0.0,,0.0,normalDay
2018-12-14,142.0,-198.0,0.0,0,260.47,0.0,1,2.47,4.45,SPY190104P00259000,259.0,0,0.0,0.0,,0.0,normalDay
2018-12-17,142.0,-492.0,0.0,0,255.36,0.0,1,2.47,7.39,SPY190104P00259000,259.0,0,0.0,0.0,,0.0,normalDay
2018-12-18,142.0,-564.0,0.0,0,255.08,0.0,1,2.47,8.11,SPY190104P00259000,259.0,0,0.0,0.0,,0.0,normalDay
2018-12-19,142.0,-767.0,0.0,0,251.26,0.0,1,2.47,10.14,SPY190104P00259000,259.0,0,0.0,0.0,,0.0,normalDay
2018-12-20,142.0,-1074.0,0.0,0,247.17,0.0,1,2.47,13.21,SPY190104P00259000,259.0,0,0.0,0.0,,0.0,normalDay
2018-12-21,142.0,-1671.0,0.0,0,240.7,0.0,1,2.47,19.18,SPY190104P00259000,259.0,0,0.0,0.0,,0.0,normalDay
2018-12-24,142.0,-2423.0,0.0,0,234.34,0.0,1,2.47,26.7,SPY190104P00259000,259.0,0,0.0,0.0,,0.0,normalDay
2018-12-26,142.0,-1077.0,0.0,0,246.18,0.0,1,2.47,13.24,SPY190104P00259000,259.0,0,0.0,0.0,,0.0,normalDay
2018-12-27,142.0,-879.0,0.0,0,248.07,0.0,1,2.47,11.26,SPY190104P00259000,259.0,0,0.0,0.0,,0.0,normalDay
2018-12-28,142.0,-924.0,0.0,0,247.75,0.0,1,2.47,11.71,SPY190104P00259000,259.0,0,0.0,0.0,,0.0,normalDay
2018-12-31,142.0,-703.0,0.0,0,249.92,0.0,1,2.47,9.5,SPY190104P00259000,259.0,0,0.0,0.0,,0.0,normalDay
2019-01-02,142.0,-632.0,0.0,0,250.18,0.0,1,2.47,8.79,SPY190104P00259000,259.0,0,0.0,0.0,,0.0,normalDay
2019-01-03,142.0,-1260.0,0.0,0,244.21,0.0,1,2.47,15.07,SPY190104P00259000,259.0,0,0.0,0.0,,0.0,normalDay
2019-01-04,389.0,-661.0,247.0,100,252.39,259.0,1,2.47,0.0,SPY190104P00259000,259.0,0,0.0,0.0,,0.0,expirationDay
2019-01-07,389.0,-468.0,0.0,100,254.38,259.0,0,0.0,0.0,,0.0,1,1.94,2.0,SPY190329C00273000,273.0,normalDay
2019-01-08,389.0,-261.0,0.0,100,256.77,259.0,0,0.0,0.0,,0.0,1,1.94,2.32,SPY190329C00273000,273.0,normalDay
2019-01-09,389.0,-149.0,0.0,100,257.97,259.0,0,0.0,0.0,,0.0,1,1.94,2.4,SPY190329C00273000,273.0,normalDay
2019-01-10,389.0,-70.0,0.0,100,258.88,259.0,0,0.0,0.0,,0.0,1,1.94,2.52,SPY190329C00273000,273.0,normalDay
2019-01-11,389.0,-26.0,0.0,100,258.98,259.0,0,0.0,0.0,,0.0,1,1.94,2.18,SPY190329C00273000,273.0,normalDay
2019-01-14,389.0,-131.0,0.0,100,257.4,259.0,0,0.0,0.0,,0.0,1,1.94,1.65,SPY190329C00273000,273.0,normalDay
2019-01-15,389.0,125.0,0.0,100,260.35,259.0,0,0.0,0.0,,0.0,1,1.94,2.04,SPY190329C00273000,273.0,normalDay
2019-01-16,389.0,171.0,0.0,100,260.98,259.0,0,0.0,0.0,,0.0,1,1.94,2.21,SPY190329C00273000,273.0,normalDay
2019-01-17,389.0,315.0,0.0,100,262.96,259.0,0,0.0,0.0,,0.0,1,1.94,2.75,SPY190329C00273000,273.0,normalDay
2019-01-18,389.0,535.0,0.0,100,266.46,259.0,0,0.0,0.0,,0.0,1,1.94,4.05,SPY190329C00273000,273.0,normalDay
2019-01-22,389.0,274.0,0.0,100,262.86,259.0,0,0.0,0.0,,0.0,1,1.94,3.06,SPY190329C00273000,273.0,normalDay
2019-01-23,389.0,334.0,0.0,100,263.41,259.0,0,0.0,0.0,,0.0,1,1.94,3.01,SPY190329C00273000,273.0,normalDay
2019-01-24,389.0,393.0,0.0,100,263.55,259.0,0,0.0,0.0,,0.0,1,1.94,2.56,SPY190329C00273000,273.0,normalDay
2019-01-25,389.0,527.0,0.0,100,265.78,259.0,0,0.0,0.0,,0.0,1,1.94,3.45,SPY190329C00273000,273.0,normalDay
2019-01-28,389.0,394.0,0.0,100,263.76,259.0,0,0.0,0.0,,0.0,1,1.94,2.76,SPY190329C00273000,273.0,normalDay
2019-01-29,389.0,378.0,0.0,100,263.41,259.0,0,0.0,0.0,,0.0,1,1.94,2.57,SPY190329C00273000,273.0,normalDay
2019-01-30,389.0,670.0,0.0,100,267.58,259.0,0,0.0,0.0,,0.0,1,1.94,3.82,SPY190329C00273000,273.0,normalDay
2019-01-31,389.0,805.0,0.0,100,269.93,259.0,0,0.0,0.0,,0.0,1,1.94,4.82,SPY190329C00273000,273.0,normalDay
2019-02-01,389.0,852.0,0.0,100,270.06,259.0,0,0.0,0.0,,0.0,1,1.94,4.48,SPY190329C00273000,273.0,normalDay
2019-02-04,389.0,980.0,0.0,100,271.96,259.0,0,0.0,0.0,,0.0,1,1.94,5.1,SPY190329C00273000,273.0,normalDay
2019-02-05,389.0,1046.0,0.0,100,273.1,259.0,0,0.0,0.0,,0.0,1,1.94,5.58,SPY190329C00273000,273.0,normalDay
2019-02-06,389.0,1034.0,0.0,100,272.74,259.0,0,0.0,0.0,,0.0,1,1.94,5.34,SPY190329C00273000,273.0,normalDay
2019-02-07,389.0,893.0,0.0,100,270.14,259.0,0,0.0,0.0,,0.0,1,1.94,4.15,SPY190329C00273000,273.0,normalDay
2019-02-08,389.0,942.0,0.0,100,270.47,259.0,0,0.0,0.0,,0.0,1,1.94,3.99,SPY190329C00273000,273.0,normalDay
2019-02-11,389.0,959.0,0.0,100,270.62,259.0,0,0.0,0.0,,0.0,1,1.94,3.97,SPY190329C00273000,273.0,normalDay
2019-02-12,389.0,1120.0,0.0,100,274.1,259.0,0,0.0,0.0,,0.0,1,1.94,5.84,SPY190329C00273000,273.0,normalDay
2019-02-13,389.0,1169.0,0.0,100,274.99,259.0,0,0.0,0.0,,0.0,1,1.94,6.24,SPY190329C00273000,273.0,normalDay
2019-02-14,389.0,1143.0,0.0,100,274.38,259.0,0,0.0,0.0,,0.0,1,1.94,5.89,SPY190329C00273000,273.0,normalDay
2019-02-15,389.0,1268.0,0.0,100,277.37,259.0,0,0.0,0.0,,0.0,1,1.94,7.63,SPY190329C00273000,273.0,normalDay
2019-02-19,389.0,1331.0,0.0,100,277.85,259.0,0,0.0,0.0,,0.0,1,1.94,7.48,SPY190329C00273000,273.0,normalDay
2019-02-20,389.0,1348.0,0.0,100,278.41,259.0,0,0.0,0.0,,0.0,1,1.94,7.87,SPY190329C00273000,273.0,normalDay
2019-02-21,389.0,1315.0,0.0,100,277.42,259.0,0,0.0,0.0,,0.0,1,1.94,7.21,SPY190329C00273000,273.0,normalDay
2019-02-22,389.0,1392.0,0.0,100,279.14,259.0,0,0.0,0.0,,0.0,1,1.94,8.16,SPY190329C00273000,273.0,normalDay
2019-02-25,389.0,1390.0,0.0,100,279.52,259.0,0,0.0,0.0,,0.0,1,1.94,8.56,SPY190329C00273000,273.0,normalDay
2019-02-26,389.0,1398.0,0.0,100,279.32,259.0,0,0.0,0.0,,0.0,1,1.94,8.28,SPY190329C00273000,273.0,normalDay
2019-02-27,389.0,1390.0,0.0,100,279.2,259.0,0,0.0,0.0,,0.0,1,1.94,8.24,SPY190329C00273000,273.0,normalDay
2019-02-28,389.0,1404.0,0.0,100,278.68,259.0,0,0.0,0.0,,0.0,1,1.94,7.58,SPY190329C00273000,273.0,normalDay
2019-03-01,389.0,1461.0,0.0,100,280.42,259.0,0,0.0,0.0,,0.0,1,1.94,8.75,SPY190329C00273000,273.0,normalDay
2019-03-04,389.0,1455.0,0.0,100,279.4,259.0,0,0.0,0.0,,0.0,1,1.94,7.79,SPY190329C00273000,273.0,normalDay
2019-03-05,389.0,1448.0,0.0,100,279.02,259.0,0,0.0,0.0,,0.0,1,1.94,7.48,SPY190329C00273000,273.0,normalDay
2019-03-06,389.0,1397.0,0.0,100,277.33,259.0,0,0.0,0.0,,0.0,1,1.94,6.3,SPY190329C00273000,273.0,normalDay
2019-03-07,389.0,1310.0,0.0,100,275.01,259.0,0,0.0,0.0,,0.0,1,1.94,4.85,SPY190329C00273000,273.0,normalDay
2019-03-08,389.0,1314.0,0.0,100,274.46,259.0,0,0.0,0.0,,0.0,1,1.94,4.26,SPY190329C00273000,273.0,normalDay
2019-03-11,389.0,1501.0,0.0,100,278.44,259.0,0,0.0,0.0,,0.0,1,1.94,6.37,SPY190329C00273000,273.0,normalDay
2019-03-12,389.0,1552.0,0.0,100,279.49,259.0,0,0.0,0.0,,0.0,1,1.94,6.91,SPY190329C00273000,273.0,normalDay
2019-03-13,389.0,1555.0,0.0,100,281.34,259.0,0,0.0,0.0,,0.0,1,1.94,8.73,SPY190329C00273000,273.0,normalDay
2019-03-14,389.0,1593.0,0.0,100,281.16,259.0,0,0.0,0.0,,0.0,1,1.94,8.17,SPY190329C00273000,273.0,normalDay
2019-03-15,389.0,1516.0,0.0,100,281.31,259.0,0,0.0,0.0,,0.0,1,1.94,9.09,SPY190329C00273000,273.0,normalDay
2019-03-18,389.0,1504.0,0.0,100,282.33,259.0,0,0.0,0.0,,0.0,1,1.94,10.23,SPY190329C00273000,273.0,normalDay
2019-03-19,389.0,1545.0,0.0,100,282.4,259.0,0,0.0,0.0,,0.0,1,1.94,9.89,SPY190329C00273000,273.0,normalDay
2019-03-20,389.0,1548.0,0.0,100,281.55,259.0,0,0.0,0.0,,0.0,1,1.94,9.01,SPY190329C00273000,273.0,normalDay
2019-03-21,389.0,1569.0,0.0,100,284.73,259.0,0,0.0,0.0,,0.0,1,1.94,11.98,SPY190329C00273000,273.0,normalDay
2019-03-22,389.0,1433.0,0.0,100,279.25,259.0,0,0.0,0.0,,0.0,1,1.94,7.86,SPY190329C00273000,273.0,normalDay
2019-03-25,389.0,1522.0,0.0,100,279.04,259.0,0,0.0,0.0,,0.0,1,1.94,6.76,SPY190329C00273000,273.0,normalDay
2019-03-26,389.0,1587.0,0.0,100,281.12,259.0,0,0.0,0.0,,0.0,1,1.94,8.19,SPY190329C00273000,273.0,normalDay
2019-03-27,389.0,1560.0,0.0,100,279.65,259.0,0,0.0,0.0,,0.0,1,1.94,6.99,SPY190329C00273000,273.0,normalDay
2019-03-28,389.0,1567.0,0.0,100,280.71,259.0,0,0.0,0.0,,0.0,1,1.94,7.98,SPY190329C00273000,273.0,normalDay
2019-03-29,1983.0,1567.0,1594.0,0,282.48,0.0,0,0.0,0.0,,0.0,1,1.94,0.0,SPY190329C00273000,273.0,expirationDay
2019-04-01,1983.0,-4.0,0.0,0,285.83,0.0,1,1.01,1.05,SPY190503P00273000,273.0,0,0.0,0.0,,0.0,normalDay
2019-04-02,1983.0,5.0,0.0,0,285.97,0.0,1,1.01,0.96,SPY190503P00273000,273.0,0,0.0,0.0,,0.0,normalDay
2019-04-03,1983.0,9.0,0.0,0,286.42,0.0,1,1.01,0.92,SPY190503P00273000,273.0,0,0.0,0.0,,0.0,normalDay
2019-04-04,1983.0,21.0,0.0,0,287.18,0.0,1,1.01,0.8,SPY190503P00273000,273.0,0,0.0,0.0,,0.0,normalDay
2019-04-05,1983.0,42.0,0.0,0,288.57,0.0,1,1.01,0.59,SPY190503P00273000,273.0,0,0.0,0.0,,0.0,normalDay
2019-04-08,1983.0,45.0,0.0,0,288.79,0.0,1,1.01,0.56,SPY190503P00273000,273.0,0,0.0,0.0,,0.0,normalDay
2019-04-09,1983.0,24.0,0.0,0,287.31,0.0,1,1.01,0.77,SPY190503P00273000,273.0,0,0.0,0.0,,0.0,normalDay
2019-04-10,1983.0,48.0,0.0,0,288.29,0.0,1,1.01,0.53,SPY190503P00273000,273.0,0,0.0,0.0,,0.0,normalDay
2019-04-11,1983.0,51.0,0.0,0,288.21,0.0,1,1.01,0.5,SPY190503P00273000,273.0,0,0.0,0.0,,0.0,normalDay
2019-04-12,1983.0,70.0,0.0,0,290.16,0.0,1,1.01,0.31,SPY190503P00273000,273.0,0,0.0,0.0,,0.0,normalDay
2019-04-15,1983.0,72.0,0.0,0,289.97,0.0,1,1.01,0.29,SPY190503P00273000,273.0,0,0.0,0.0,,0.0,normalDay
2019-04-16,1983.0,75.0,0.0,0,290.16,0.0,1,1.01,0.26,SPY190503P00273000,273.0,0,0.0,0.0,,0.0,normalDay
2019-04-17,1983.0,73.0,0.0,0,289.45,0.0,1,1.01,0.28,SPY190503P00273000,273.0,0,0.0,0.0,,0.0,normalDay
2019-04-18,1983.0,82.0,0.0,0,290.02,0.0,1,1.01,0.19,SPY190503P00273000,273.0,0,0.0,0.0,,0.0,normalDay
2019-04-22,1983.0,88.0,0.0,0,290.27,0.0,1,1.01,0.13,SPY190503P00273000,273.0,0,0.0,0.0,,0.0,normalDay
2019-04-23,1983.0,92.0,0.0,0,292.88,0.0,1,1.01,0.09,SPY190503P00273000,273.0,0,0.0,0.0,,0.0,normalDay
2019-04-24,1983.0,91.0,0.0,0,292.23,0.0,1,1.01,0.1,SPY190503P00273000,273.0,0,0.0,0.0,,0.0,normalDay
2019-04-25,1983.0,93.0,0.0,0,292.05,0.0,1,1.01,0.08,SPY190503P00273000,273.0,0,0.0,0.0,,0.0,normalDay
2019-04-26,1983.0,95.0,0.0,0,293.41,0.0,1,1.01,0.06,SPY190503P00273000,273.0,0,0.0,0.0,,0.0,normalDay
2019-04-29,1983.0,98.0,0.0,0,293.87,0.0,1,1.01,0.03,SPY190503P00273000,273.0,0,0.0,0.0,,0.0,normalDay
2019-04-30,1983.0,98.0,0.0,0,294.02,0.0,1,1.01,0.03,SPY190503P00273000,273.0,0,0.0,0.0,,0.0,normalDay
2019-05-01,1983.0,97.0,0.0,0,291.81,0.0,1,1.01,0.04,SPY190503P00273000,273.0,0,0.0,0.0,,0.0,normalDay
2019-05-02,1983.0,99.0,0.0,0,291.18,0.0,1,1.01,0.02,SPY190503P00273000,273.0,0,0.0,0.0,,0.0,normalDay
2019-05-03,2084.0,0.0,101.0,0,294.03,0.0,1,1.01,0.0,SPY190503P00273000,273.0,0,0.0,0.0,,0.0,expirationDay
2019-05-06,2084.0,-4.0,0.0,0,292.82,0.0,1,2.31,2.35,SPY190607P00286000,286.0,0,0.0,0.0,,0.0,normalDay
2019-05-07,2084.0,-239.0,0.0,0,287.93,0.0,1,2.31,4.7,SPY190607P00286000,286.0,0,0.0,0.0,,0.0,normalDay
2019-05-08,2084.0,-237.0,0.0,0,287.53,0.0,1,2.31,4.68,SPY190607P00286000,286.0,0,0.0,0.0,,0.0,normalDay
2019-05-09,2084.0,-258.0,0.0,0,286.66,0.0,1,2.31,4.89,SPY190607P00286000,286.0,0,0.0,0.0,,0.0,normalDay
2019-05-10,2084.0,-136.0,0.0,0,288.1,0.0,1,2.31,3.67,SPY190607P00286000,286.0,0,0.0,0.0,,0.0,normalDay
2019-05-13,2084.0,-539.0,0.0,0,280.86,0.0,1,2.31,7.7,SPY190607P00286000,286.0,0,0.0,0.0,,0.0,normalDay
2019-05-14,2084.0,-339.0,0.0,0,283.4,0.0,1,2.31,5.7,SPY190607P00286000,286.0,0,0.0,0.0,,0.0,normalDay
2019-05-15,2084.0,-205.0,0.0,0,285.06,0.0,1,2.31,4.36,SPY190607P00286000,286.0,0,0.0,0.0,,0.0,normalDay
2019-05-16,2084.0,-76.0,0.0,0,287.7,0.0,1,2.31,3.07,SPY190607P00286000,286.0,0,0.0,0.0,,0.0,normalDay
2019-05-17,2084.0,-154.0,0.0,0,285.84,0.0,1,2.31,3.85,SPY190607P00286000,286.0,0,0.0,0.0,,0.0,normalDay
2019-05-20,2084.0,-216.0,0.0,0,283.95,0.0,1,2.31,4.47,SPY190607P00286000,286.0,0,0.0,0.0,,0.0,normalDay
2019-05-21,2084.0,-65.0,0.0,0,286.51,0.0,1,2.31,2.96,SPY190607P00286000,286.0,0,0.0,0.0,,0.0,normalDay
2019-05-22,2084.0,-83.0,0.0,0,285.63,0.0,1,2.31,3.14,SPY190607P00286000,286.0,0,0.0,0.0,,0.0,normalDay
2019-05-23,2084.0,-322.0,0.0,0,282.14,0.0,1,2.31,5.53,SPY190607P00286000,286.0,0,0.0,0.0,,0.0,normalDay
2019-05-24,2084.0,-230.0,0.0,0,282.78,0.0,1,2.31,4.61,SPY190607P00286000,286.0,0,0.0,0.0,,0.0,normalDay
2019-05-28,2084.0,-390.0,0.0,0,280.15,0.0,1,2.31,6.21,SPY190607P00286000,286.0,0,0.0,0.0,,0.0,normalDay
2019-05-29,2084.0,-564.0,0.0,0,278.27,0.0,1,2.31,7.95,SPY190607P00286000,286.0,0,0.0,0.0,,0.0,normalDay
2019-05-30,2084.0,-491.0,0.0,0,279.03,0.0,1,2.31,7.22,SPY190607P00286000,286.0,0,0.0,0.0,,0.0,normalDay
2019-05-31,2084.0,-852.0,0.0,0,275.27,0.0,1,2.31,10.83,SPY190607P00286000,286.0,0,0.0,0.0,,0.0,normalDay
2019-06-03,2084.0,-894.0,0.0,0,274.57,0.0,1,2.31,11.25,SPY190607P00286000,286.0,0,0.0,0.0,,0.0,normalDay
2019-06-04,2084.0,-326.0,0.0,0,280.53,0.0,1,2.31,5.57,SPY190607P00286000,286.0,0,0.0,0.0,,0.0,normalDay
2019-06-05,2084.0,-97.0,0.0,0,282.96,0.0,1,2.31,3.28,SPY190607P00286000,286.0,0,0.0,0.0,,0.0,normalDay
2019-06-06,2084.0,64.0,0.0,0,284.8,0.0,1,2.31,1.67,SPY190607P00286000,286.0,0,0.0,0.0,,0.0,normalDay
2019-06-07,2315.0,0.0,231.0,0,287.65,0.0,1,2.31,0.0,SPY190607P00286000,286.0,0,0.0,0.0,,0.0,expirationDay
2019-06-10,2315.0,-3.0,0.0,0,288.97,0.0,1,1.28,1.31,SPY190712P00273000,273.0,0,0.0,0.0,,0.0,normalDay
2019-06-11,2315.0,-5.0,0.0,0,288.9,0.0,1,1.28,1.33,SPY190712P00273000,273.0,0,0.0,0.0,,0.0,normalDay
2019-06-12,2315.0,-3.0,0.0,0,288.39,0.0,1,1.28,1.31,SPY190712P00273000,273.0,0,0.0,0.0,,0.0,normalDay
2019-06-13,2315.0,14.0,0.0,0,289.58,0.0,1,1.28,1.14,SPY190712P00273000,273.0,0,0.0,0.0,,0.0,normalDay
2019-06-14,2315.0,28.0,0.0,0,289.26,0.0,1,1.28,1.0,SPY190712P00273000,273.0,0,0.0,0.0,,0.0,normalDay
2019-06-17,2315.0,38.0,0.0,0,289.37,0.0,1,1.28,0.9,SPY190712P00273000,273.0,0,0.0,0.0,,0.0,normalDay
2019-06-18,2315.0,63.0,0.0,0,292.4,0.0,1,1.28,0.65,SPY190712P00273000,273.0,0,0.0,0.0,,0.0,normalDay
2019-06-19,2315.0,79.0,0.0,0,293.06,0.0,1,1.28,0.49,SPY190712P00273000,273.0,0,0.0,0.0,,0.0,normalDay
2019-06-20,2315.0,88.0,0.0,0,295.86,0.0,1,1.28,0.4,SPY190712P00273000,273.0,0,0.0,0.0,,0.0,normalDay
2019-06-21,2315.0,86.0,0.0,0,294.0,0.0,1,1.28,0.42,SPY190712P00273000,273.0,0,0.0,0.0,,0.0,normalDay
2019-06-24,2315.0,94.0,0.0,0,293.64,0.0,1,1.28,0.34,SPY190712P00273000,273.0,0,0.0,0.0,,0.0,normalDay
2019-06-25,2315.0,78.0,0.0,0,290.76,0.0,1,1.28,0.5,SPY190712P00273000,273.0,0,0.0,0.0,,0.0,normalDay
2019-06-26,2315.0,82.0,0.0,0,290.47,0.0,1,1.28,0.46,SPY190712P00273000,273.0,0,0.0,0.0,,0.0,normalDay
2019-06-27,2315.0,93.0,0.0,0,291.5,0.0,1,1.28,0.35,SPY190712P00273000,273.0,0,0.0,0.0,,0.0,normalDay
2019-06-28,2315.0,102.0,0.0,0,293.0,0.0,1,1.28,0.26,SPY190712P00273000,273.0,0,0.0,0.0,,0.0,normalDay
2019-07-01,2315.0,118.0,0.0,0,295.66,0.0,1,1.28,0.1,SPY190712P00273000,273.0,0,0.0,0.0,,0.0,normalDay
2019-07-02,2315.0,122.0,0.0,0,296.43,0.0,1,1.28,0.06,SPY190712P00273000,273.0,0,0.0,0.0,,0.0,normalDay
2019-07-03,2315.0,124.0,0.0,0,298.8,0.0,1,1.28,0.04,SPY190712P00273000,273.0,0,0.0,0.0,,0.0,normalDay
2019-07-05,2315.0,125.0,0.0,0,298.46,0.0,1,1.28,0.03,SPY190712P00273000,273.0,0,0.0,0.0,,0.0,normalDay
2019-07-08,2315.0,126.0,0.0,0,296.82,0.0,1,1.28,0.02,SPY190712P00273000,273.0,0,0.0,0.0,,0.0,normalDay
2019-07-09,2315.0,127.0,0.0,0,297.19,0.0,1,1.28,0.01,SPY190712P00273000,273.0,0,0.0,0.0,,0.0,normalDay
2019-07-10,2315.0,127.0,0.0,0,298.61,0.0,1,1.28,0.01,SPY190712P00273000,273.0,0,0.0,0.0,,0.0,normalDay
2019-07-11,2315.0,127.0,0.0,0,299.31,0.0,1,1.28,0.01,SPY190712P00273000,273.0,0,0.0,0.0,,0.0,normalDay
2019-07-12,2443.0,0.0,128.0,0,300.65,0.0,1,1.28,0.0,SPY190712P00273000,273.0,0,0.0,0.0,,0.0,expirationDay
2019-07-15,2443.0,-3.0,0.0,0,300.75,0.0,1,0.95,0.98,SPY190816P00287000,287.0,0,0.0,0.0,,0.0,normalDay
2019-07-16,2443.0,-11.0,0.0,0,299.78,0.0,1,0.95,1.06,SPY190816P00287000,287.0,0,0.0,0.0,,0.0,normalDay
2019-07-17,2443.0,-43.0,0.0,0,297.74,0.0,1,0.95,1.38,SPY190816P00287000,287.0,0,0.0,0.0,,0.0,normalDay
2019-07-18,2443.0,-21.0,0.0,0,298.83,0.0,1,0.95,1.16,SPY190816P00287000,287.0,0,0.0,0.0,,0.0,normalDay
2019-07-19,2443.0,-47.0,0.0,0,297.17,0.0,1,0.95,1.42,SPY190816P00287000,287.0,0,0.0,0.0,,0.0,normalDay
2019-07-22,2443.0,-12.0,0.0,0,297.9,0.0,1,0.95,1.07,SPY190816P00287000,287.0,0,0.0,0.0,,0.0,normalDay
2019-07-23,2443.0,23.0,0.0,0,300.03,0.0,1,0.95,0.72,SPY190816P00287000,287.0,0,0.0,0.0,,0.0,normalDay
2019-07-24,2443.0,41.0,0.0,0,301.44,0.0,1,0.95,0.54,SPY190816P00287000,287.0,0,0.0,0.0,,0.0,normalDay
2019-07-25,2443.0,30.0,0.0,0,300.0,0.0,1,0.95,0.65,SPY190816P00287000,287.0,0,0.0,0.0,,0.0,normalDay
2019-07-26,2443.0,50.0,0.0,0,302.01,0.0,1,0.95,0.45,SPY190816P00287000,287.0,0,0.0,0.0,,0.0,normalDay
2019-07-29,2443.0,52.0,0.0,0,301.46,0.0,1,0.95,0.43,SPY190816P00287000,287.0,0,0.0,0.0,,0.0,normalDay
2019-07-30,2443.0,39.0,0.0,0,300.72,0.0,1,0.95,0.56,SPY190816P00287000,287.0,0,0.0,0.0,,0.0,normalDay
2019-07-31,2443.0,-11.0,0.0,0,297.43,0.0,1,0.95,1.06,SPY190816P00287000,287.0,0,0.0,0.0,,0.0,normalDay
2019-08-01,2443.0,-68.0,0.0,0,294.84,0.0,1,0.95,1.63,SPY190816P00287000,287.0,0,0.0,0.0,,0.0,normalDay
2019-08-02,2443.0,-100.0,0.0,0,292.62,0.0,1,0.95,1.95,SPY190816P00287000,287.0,0,0.0,0.0,,0.0,normalDay
2019-08-05,2443.0,-569.0,0.0,0,283.82,0.0,1,0.95,6.64,SPY190816P00287000,287.0,0,0.0,0.0,,0.0,normalDay
2019-08-06,2443.0,-252.0,0.0,0,287.8,0.0,1,0.95,3.47,SPY190816P00287000,287.0,0,0.0,0.0,,0.0,normalDay
2019-08-07,2443.0,-222.0,0.0,0,287.97,0.0,1,0.95,3.17,SPY190816P00287000,287.0,0,0.0,0.0,,0.0,normalDay
2019-08-08,2443.0,-3.0,0.0,0,293.62,0.0,1,0.95,0.98,SPY190816P00287000,287.0,0,0.0,0.0,,0.0,normalDay
2019-08-09,2443.0,-31.0,0.0,0,291.62,0.0,1,0.95,1.26,SPY190816P00287000,287.0,0,0.0,0.0,,0.0,normalDay
2019-08-12,2443.0,-145.0,0.0,0,288.07,0.0,1,0.95,2.4,SPY190816P00287000,287.0,0,0.0,0.0,,0.0,normalDay
2019-08-13,2443.0,39.0,0.0,0,292.55,0.0,1,0.95,0.56,SPY190816P00287000,287.0,0,0.0,0.0,,0.0,normalDay
2019-08-14,2443.0,-311.0,0.0,0,283.9,0.0,1,0.95,4.06,SPY190816P00287000,287.0,0,0.0,0.0,,0.0,normalDay
2019-08-15,2443.0,-178.0,0.0,0,284.65,0.0,1,0.95,2.73,SPY190816P00287000,287.0,0,0.0,0.0,,0.0,normalDay
2019-08-16,2538.0,0.0,95.0,0,288.85,0.0,1,0.95,0.0,SPY190816P00287000,287.0,0,0.0,0.0,,0.0,expirationDay
2019-08-19,2538.0,-3.0,0.0,0,292.33,0.0,1,1.9,1.93,SPY190920P00277500,277.5,0,0.0,0.0,,0.0,normalDay
2019-08-20,2538.0,-50.0,0.0,0,290.09,0.0,1,1.9,2.4,SPY190920P00277500,277.5,0,0.0,0.0,,0.0,normalDay
2019-08-21,2538.0,38.0,0.0,0,292.45,0.0,1,1.9,1.52,SPY190920P00277500,277.5,0,0.0,0.0,,0.0,normalDay
2019-08-22,2538.0,21.0,0.0,0,292.36,0.0,1,1.9,1.69,SPY190920P00277500,277.5,0,0.0,0.0,,0.0,normalDay
2019-08-23,2538.0,-162.0,0.0,0,284.85,0.0,1,1.9,3.52,SPY190920P00277500,277.5,0,0.0,0.0,,0.0,normalDay
2019-08-26,2538.0,-70.0,0.0,0,288.0,0.0,1,1.9,2.6,SPY190920P00277500,277.5,0,0.0,0.0,,0.0,normalDay
2019-08-27,2538.0,-111.0,0.0,0,286.87,0.0,1,1.9,3.01,SPY190920P00277500,277.5,0,0.0,0.0,,0.0,normalDay
2019-08-28,2538.0,-37.0,0.0,0,288.89,0.0,1,1.9,2.27,SPY190920P00277500,277.5,0,0.0,0.0,,0.0,normalDay
2019-08-29,2538.0,42.0,0.0,0,292.58,0.0,1,1.9,1.48,SPY190920P00277500,277.5,0,0.0,0.0,,0.0,normalDay
2019-08-30,2538.0,37.0,0.0,0,292.45,0.0,1,1.9,1.53,SPY190920P00277500,277.5,0,0.0,0.0,,0.0,normalDay
2019-09-03,2538.0,34.0,0.0,0,290.74,0.0,1,1.9,1.56,SPY190920P00277500,277.5,0,0.0,0.0,,0.0,normalDay
2019-09-04,2538.0,114.0,0.0,0,294.04,0.0,1,1.9,0.76,SPY190920P00277500,277.5,0,0.0,0.0,,0.0,normalDay
2019-09-05,2538.0,148.0,0.0,0,297.82,0.0,1,1.9,0.42,SPY190920P00277500,277.5,0,0.0,0.0,,0.0,normalDay
2019-09-06,2538.0,166.0,0.0,0,298.05,0.0,1,1.9,0.24,SPY190920P00277500,277.5,0,0.0,0.0,,0.0,normalDay
2019-09-09,2538.0,171.0,0.0,0,298.2,0.0,1,1.9,0.19,SPY190920P00277500,277.5,0,0.0,0.0,,0.0,normalDay
2019-09-10,2538.0,173.0,0.0,0,298.13,0.0,1,1.9,0.17,SPY190920P00277500,277.5,0,0.0,0.0,,0.0,normalDay
2019-09-11,2538.0,180.0,0.0,0,300.25,0.0,1,1.9,0.1,SPY190920P00277500,277.5,0,0.0,0.0,,0.0,normalDay
2019-09-12,2538.0,181.0,0.0,0,301.29,0.0,1,1.9,0.09,SPY190920P00277500,277.5,0,0.0,0.0,,0.0,normalDay
2019-09-13,2538.0,182.0,0.0,0,301.09,0.0,1,1.9,0.08,SPY190920P00277500,277.5,0,0.0,0.0,,0.0,normalDay
2019-09-16,2538.0,183.0,0.0,0,300.16,0.0,1,1.9,0.07,SPY190920P00277500,277.5,0,0.0,0.0,,0.0,normalDay
2019-09-17,2538.0,185.0,0.0,0,300.92,0.0,1,1.9,0.05,SPY190920P00277500,277.5,0,0.0,0.0,,0.0,normalDay
2019-09-18,2538.0,186.0,0.0,0,301.1,0.0,1,1.9,0.04,SPY190920P00277500,277.5,0,0.0,0.0,,0.0,normalDay
2019-09-19,2538.0,187.0,0.0,0,301.08,0.0,1,1.9,0.03,SPY190920P00277500,277.5,0,0.0,0.0,,0.0,normalDay
2019-09-20,2728.0,0.0,190.0,0,298.28,0.0,1,1.9,0.0,SPY190920P00277500,277.5,0,0.0,0.0,,0.0,expirationDay
2019-09-23,2728.0,-3.0,0.0,0,298.21,0.0,1,1.43,1.46,SPY191025P00284000,284.0,0,0.0,0.0,,0.0,normalDay
2019-09-24,2728.0,-64.0,0.0,0,295.87,0.0,1,1.43,2.07,SPY191025P00284000,284.0,0,0.0,0.0,,0.0,normalDay
2019-09-25,2728.0,-21.0,0.0,0,297.62,0.0,1,1.43,1.64,SPY191025P00284000,284.0,0,0.0,0.0,,0.0,normalDay
2019-09-26,2728.0,-17.0,0.0,0,297.0,0.0,1,1.43,1.6,SPY191025P00284000,284.0,0,0.0,0.0,,0.0,normalDay
2019-09-27,2728.0,-58.0,0.0,0,295.4,0.0,1,1.43,2.01,SPY191025P00284000,284.0,0,0.0,0.0,,0.0,normalDay
2019-09-30,2728.0,-3.0,0.0,0,296.77,0.0,1,1.43,1.46,SPY191025P00284000,284.0,0,0.0,0.0,,0.0,normalDay
2019-10-01,2728.0,-97.0,0.0,0,293.24,0.0,1,1.43,2.4,SPY191025P00284000,284.0,0,0.0,0.0,,0.0,normalDay
2019-10-02,2728.0,-282.0,0.0,0,288.06,0.0,1,1.43,4.25,SPY191025P00284000,284.0,0,0.0,0.0,,0.0,normalDay
2019-10-03,2728.0,-161.0,0.0,0,290.42,0.0,1,1.43,3.04,SPY191025P00284000,284.0,0,0.0,0.0,,0.0,normalDay
2019-10-04,2728.0,-24.0,0.0,0,294.35,0.0,1,1.43,1.67,SPY191025P00284000,284.0,0,0.0,0.0,,0.0,normalDay
2019-10-07,2728.0,-41.0,0.0,0,293.08,0.0,1,1.43,1.84,SPY191025P00284000,284.0,0,0.0,0.0,,0.0,normalDay
2019-10-08,2728.0,-175.0,0.0,0,288.53,0.0,1,1.43,3.18,SPY191025P00284000,284.0,0,0.0,0.0,,0.0,normalDay
2019-10-09,2728.0,-65.0,0.0,0,291.27,0.0,1,1.43,2.08,SPY191025P00284000,284.0,0,0.0,0.0,,0.0,normalDay
2019-10-10,2728.0,1.0,0.0,0,293.24,0.0,1,1.43,1.42,SPY191025P00284000,284.0,0,0.0,0.0,,0.0,normalDay
2019-10-11,2728.0,77.0,0.0,0,296.28,0.0,1,1.43,0.66,SPY191025P00284000,284.0,0,0.0,0.0,,0.0,normalDay
2019-10-14,2728.0,101.0,0.0,0,295.95,0.0,1,1.43,0.42,SPY191025P00284000,284.0,0,0.0,0.0,,0.0,normalDay
2019-10-15,2728.0,126.0,0.0,0,298.88,0.0,1,1.43,0.17,SPY191025P00284000,284.0,0,0.0,0.0,,0.0,normalDay
2019-10-16,2728.0,130.0,0.0,0,298.4,0.0,1,1.43,0.13,SPY191025P00284000,284.0,0,0.0,0.0,,0.0,normalDay
2019-10-17,2728.0,134.0,0.0,0,299.28,0.0,1,1.43,0.09,SPY191025P00284000,284.0,0,0.0,0.0,,0.0,normalDay
2019-10-18,2728.0,137.0,0.0,0,297.97,0.0,1,1.43,0.06,SPY191025P00284000,284.0,0,0.0,0.0,,0.0,normalDay
2019-10-21,2728.0,140.0,0.0,0,299.99,0.0,1,1.43,0.03,SPY191025P00284000,284.0,0,0.0,0.0,,0.0,normalDay
2019-10-22,2728.0,141.0,0.0,0,299.01,0.0,1,1.43,0.02,SPY191025P00284000,284.0,0,0.0,0.0,,0.0,normalDay
2019-10-23,2728.0,142.0,0.0,0,299.88,0.0,1,1.43,0.01,SPY191025P00284000,284.0,0,0.0,0.0,,0.0,normalDay
2019-10-24,2728.0,142.0,0.0,0,300.37,0.0,1,1.43,0.01,SPY191025P00284000,284.0,0,0.0,0.0,,0.0,normalDay
2019-10-25,2871.0,0.0,143.0,0,301.6,0.0,1,1.43,0.0,SPY191025P00284000,284.0,0,0.0,0.0,,0.0,expirationDay
2019-10-28,2871.0,-4.0,0.0,0,303.3,0.0,1,0.73,0.77,SPY191129P00285000,285.0,0,0.0,0.0,,0.0,normalDay
2019-10-29,2871.0,-2.0,0.0,0,303.21,0.0,1,0.73,0.75,SPY191129P00285000,285.0,0,0.0,0.0,,0.0,normalDay
2019-10-30,2871.0,17.0,0.0,0,304.14,0.0,1,0.73,0.56,SPY191129P00285000,285.0,0,0.0,0.0,,0.0,normalDay
2019-10-31,2871.0,2.0,0.0,0,303.33,0.0,1,0.73,0.71,SPY191129P00285000,285.0,0,0.0,0.0,,0.0,normalDay
2019-11-01,2871.0,30.0,0.0,0,306.14,0.0,1,0.73,0.43,SPY191129P00285000,285.0,0,0.0,0.0,,0.0,normalDay
2019-11-04,2871.0,37.0,0.0,0,307.37,0.0,1,0.73,0.36,SPY191129P00285000,285.0,0,0.0,0.0,,0.0,normalDay
2019-11-05,2871.0,37.0,0.0,0,307.03,0.0,1,0.73,0.36,SPY191129P00285000,285.0,0,0.0,0.0,,0.0,normalDay
2019-11-06,2871.0,46.0,0.0,0,307.1,0.0,1,0.73,0.27,SPY191129P00285000,285.0,0,0.0,0.0,,0.0,normalDay
2019-11-07,2871.0,50.0,0.0,0,308.18,0.0,1,0.73,0.23,SPY191129P00285000,285.0,0,0.0,0.0,,0.0,normalDay
2019-11-08,2871.0,59.0,0.0,0,308.94,0.0,1,0.73,0.14,SPY191129P00285000,285.0,0,0.0,0.0,,0.0,normalDay
2019-11-11,2871.0,60.0,0.0,0,308.35,0.0,1,0.73,0.13,SPY191129P00285000,285.0,0,0.0,0.0,,0.0,normalDay
2019-11-12,2871.0,61.0,0.0,0,309.0,0.0,1,0.73,0.12,SPY191129P00285000,285.0,0,0.0,0.0,,0.0,normalDay
2019-11-13,2871.0,61.0,0.0,0,309.1,0.0,1,0.73,0.12,SPY191129P00285000,285.0,0,0.0,0.0,,0.0,normalDay
2019-11-14,2871.0,61.0,0.0,0,309.55,0.0,1,0.73,0.12,SPY191129P00285000,285.0,0,0.0,0.0,,0.0,normalDay
2019-11-15,2871.0,67.0,0.0,0,311.79,0.0,1,0.73,0.06,SPY191129P00285000,285.0,0,0.0,0.0,,0.0,normalDay
2019-11-18,2871.0,68.0,0.0,0,312.02,0.0,1,0.73,0.05,SPY191129P00285000,285.0,0,0.0,0.0,,0.0,normalDay
2019-11-19,2871.0,68.0,0.0,0,311.93,0.0,1,0.73,0.05,SPY191129P00285000,285.0,0,0.0,0.0,,0.0,normalDay
2019-11-20,2871.0,68.0,0.0,0,310.77,0.0,1,0.73,0.05,SPY191129P00285000,285.0,0,0.0,0.0,,0.0,normalDay
2019-11-21,2871.0,68.0,0.0,0,310.27,0.0,1,0.73,0.05,SPY191129P00285000,285.0,0,0.0,0.0,,0.0,normalDay
2019-11-22,2871.0,70.0,0.0,0,310.96,0.0,1,0.73,0.03,SPY191129P00285000,285.0,0,0.0,0.0,,0.0,normalDay
2019-11-25,2871.0,71.0,0.0,0,313.37,0.0,1,0.73,0.02,SPY191129P00285000,285.0,0,0.0,0.0,,0.0,normalDay
2019-11-26,2871.0,72.0,0.0,0,314.08,0.0,1,0.73,0.01,SPY191129P00285000,285.0,0,0.0,0.0,,0.0,normalDay
2019-11-27,2871.0,72.0,0.0,0,315.48,0.0,1,0.73,0.01,SPY191129P00285000,285.0,0,0.0,0.0,,0.0,normalDay
2019-11-29,2944.0,0.0,73.0,0,314.31,0.0,1,0.73,0.0,SPY191129P00285000,285.0,0,0.0,0.0,,0.0,expirationDay
2019-12-02,2944.0,-6.0,0.0,0,311.64,0.0,1,2.84,2.9,SPY200103P00304000,304.0,0,0.0,0.0,,0.0,normalDay
2019-12-03,2944.0,-89.0,0.0,0,309.55,0.0,1,2.84,3.73,SPY200103P00304000,304.0,0,0.0,0.0,,0.0,normalDay
2019-12-04,2944.0,-12.0,0.0,0,311.46,0.0,1,2.84,2.96,SPY200103P00304000,304.0,0,0.0,0.0,,0.0,normalDay
2019-12-05,2944.0,28.0,0.0,0,312.02,0.0,1,2.84,2.56,SPY200103P00304000,304.0,0,0.0,0.0,,0.0,normalDay
2019-12-06,2944.0,111.0,0.0,0,314.87,0.0,1,2.84,1.73,SPY200103P00304000,304.0,0,0.0,0.0,,0.0,normalDay
2019-12-09,2944.0,72.0,0.0,0,313.88,0.0,1,2.84,2.12,SPY200103P00304000,304.0,0,0.0,0.0,,0.0,normalDay
2019-12-10,2944.0,84.0,0.0,0,313.53,0.0,1,2.84,2.0,SPY200103P00304000,304.0,0,0.0,0.0,,0.0,normalDay
2019-12-11,2944.0,122.0,0.0,0,314.42,0.0,1,2.84,1.62,SPY200103P00304000,304.0,0,0.0,0.0,,0.0,normalDay
2019-12-12,2944.0,176.0,0.0,0,317.13,0.0,1,2.84,1.08,SPY200103P00304000,304.0,0,0.0,0.0,,0.0,normalDay
2019-12-13,2944.0,207.0,0.0,0,317.32,0.0,1,2.84,0.77,SPY200103P00304000,304.0,0,0.0,0.0,,0.0,normalDay
2019-12-16,2944.0,235.0,0.0,0,319.5,0.0,1,2.84,0.49,SPY200103P00304000,304.0,0,0.0,0.0,,0.0,normalDay
2019-12-17,2944.0,240.0,0.0,0,319.57,0.0,1,2.84,0.44,SPY200103P00304000,304.0,0,0.0,0.0,,0.0,normalDay
2019-12-18,2944.0,246.0,0.0,0,319.59,0.0,1,2.84,0.38,SPY200103P00304000,304.0,0,0.0,0.0,,0.0,normalDay
2019-12-19,2944.0,257.0,0.0,0,320.9,0.0,1,2.84,0.27,SPY200103P00304000,304.0,0,0.0,0.0,,0.0,normalDay
2019-12-20,2944.0,262.0,0.0,0,320.73,0.0,1,2.84,0.22,SPY200103P00304000,304.0,0,0.0,0.0,,0.0,normalDay
2019-12-23,2944.0,268.0,0.0,0,321.22,0.0,1,2.84,0.16,SPY200103P00304000,304.0,0,0.0,0.0,,0.0,normalDay
2019-12-24,2944.0,271.0,0.0,0,321.23,0.0,1,2.84,0.13,SPY200103P00304000,304.0,0,0.0,0.0,,0.0,normalDay
2019-12-26,2944.0,276.0,0.0,0,322.94,0.0,1,2.84,0.08,SPY200103P00304000,304.0,0,0.0,0.0,,0.0,normalDay
2019-12-27,2944.0,279.0,0.0,0,322.86,0.0,1,2.84,0.05,SPY200103P00304000,304.0,0,0.0,0.0,,0.0,normalDay
2019-12-30,2944.0,279.0,0.0,0,321.08,0.0,1,2.84,0.05,SPY200103P00304000,304.0,0,0.0,0.0,,0.0,normalDay
2019-12-31,2944.0,277.0,0.0,0,321.86,0.0,1,2.84,0.07,SPY200103P00304000,304.0,0,0.0,0.0,,0.0,normalDay
2020-01-02,2944.0,283.0,0.0,0,324.87,0.0,1,2.84,0.01,SPY200103P00304000,304.0,0,0.0,0.0,,0.0,normalDay
2020-01-03,3228.0,0.0,284.0,0,322.41,0.0,1,2.84,0.0,SPY200103P00304000,304.0,0,0.0,0.0,,0.0,expirationDay
2020-01-06,3228.0,-4.0,0.0,0,323.64,0.0,1,1.58,1.62,SPY200207P00311000,311.0,0,0.0,0.0,,0.0,normalDay
2020-01-07,3228.0,-17.0,0.0,0,322.73,0.0,1,1.58,1.75,SPY200207P00311000,311.0,0,0.0,0.0,,0.0,normalDay
2020-01-08,3228.0,23.0,0.0,0,324.45,0.0,1,1.58,1.35,SPY200207P00311000,311.0,0,0.0,0.0,,0.0,normalDay
2020-01-09,3228.0,62.0,0.0,0,326.65,0.0,1,1.58,0.96,SPY200207P00311000,311.0,0,0.0,0.0,,0.0,normalDay
2020-01-10,3228.0,57.0,0.0,0,325.71,0.0,1,1.58,1.01,SPY200207P00311000,311.0,0,0.0,0.0,,0.0,normalDay
2020-01-13,3228.0,92.0,0.0,0,327.95,0.0,1,1.58,0.66,SPY200207P00311000,311.0,0,0.0,0.0,,0.0,normalDay
2020-01-14,3228.0,95.0,0.0,0,327.45,0.0,1,1.58,0.63,SPY200207P00311000,311.0,0,0.0,0.0,,0.0,normalDay
2020-01-15,3228.0,102.0,0.0,0,328.19,0.0,1,1.58,0.56,SPY200207P00311000,311.0,0,0.0,0.0,,0.0,normalDay
2020-01-16,3228.0,114.0,0.0,0,330.92,0.0,1,1.58,0.44,SPY200207P00311000,311.0,0,0.0,0.0,,0.0,normalDay
2020-01-17,3228.0,122.0,0.0,0,331.95,0.0,1,1.58,0.36,SPY200207P00311000,311.0,0,0.0,0.0,,0.0,normalDay
2020-01-21,3228.0,123.0,0.0,0,331.3,0.0,1,1.58,0.35,SPY200207P00311000,311.0,0,0.0,0.0,,0.0,normalDay
2020-01-22,3228.0,127.0,0.0,0,331.34,0.0,1,1.58,0.31,SPY200207P00311000,311.0,0,0.0,0.0,,0.0,normalDay
2020-01-23,3228.0,131.0,0.0,0,331.72,0.0,1,1.58,0.27,SPY200207P00311000,311.0,0,0.0,0.0,,0.0,normalDay
2020-01-24,3228.0,109.0,0.0,0,328.77,0.0,1,1.58,0.49,SPY200207P00311000,311.0,0,0.0,0.0,,0.0,normalDay
2020-01-27,3228.0,29.0,0.0,0,323.5,0.0,1,1.58,1.29,SPY200207P00311000,311.0,0,0.0,0.0,,0.0,normalDay
2020-01-28,3228.0,97.0,0.0,0,326.89,0.0,1,1.58,0.61,SPY200207P00311000,311.0,0,0.0,0.0,,0.0,normalDay
2020-01-29,3228.0,106.0,0.0,0,326.62,0.0,1,1.58,0.52,SPY200207P00311000,311.0,0,0.0,0.0,,0.0,normalDay
2020-01-30,3228.0,133.0,0.0,0,327.68,0.0,1,1.58,0.25,SPY200207P00311000,311.0,0,0.0,0.0,,0.0,normalDay
2020-01-31,3228.0,62.0,0.0,0,321.73,0.0,1,1.58,0.96,SPY200207P00311000,311.0,0,0.0,0.0,,0.0,normalDay
2020-02-03,3228.0,128.0,0.0,0,324.12,0.0,1,1.58,0.3,SPY200207P00311000,311.0,0,0.0,0.0,,0.0,normalDay
2020-02-04,3228.0,153.0,0.0,0,329.06,0.0,1,1.58,0.05,SPY200207P00311000,311.0,0,0.0,0.0,,0.0,normalDay
2020-02-05,3228.0,156.0,0.0,0,332.86,0.0,1,1.58,0.02,SPY200207P00311000,311.0,0,0.0,0.0,,0.0,normalDay
2020-02-06,3228.0,157.0,0.0,0,333.98,0.0,1,1.58,0.01,SPY200207P00311000,311.0,0,0.0,0.0,,0.0,normalDay
2020-02-07,3386.0,0.0,158.0,0,332.2,0.0,1,1.58,0.0,SPY200207P00311000,311.0,0,0.0,0.0,,0.0,expirationDay
2020-02-10,3386.0,-4.0,0.0,0,334.68,0.0,1,1.67,1.71,SPY200313P00320000,320.0,0,0.0,0.0,,0.0,normalDay
2020-02-11,3386.0,6.0,0.0,0,335.26,0.0,1,1.67,1.61,SPY200313P00320000,320.0,0,0.0,0.0,,0.0,normalDay
2020-02-12,3386.0,55.0,0.0,0,337.42,0.0,1,1.67,1.12,SPY200313P00320000,320.0,0,0.0,0.0,,0.0,normalDay
2020-02-13,3386.0,51.0,0.0,0,337.06,0.0,1,1.67,1.16,SPY200313P00320000,320.0,0,0.0,0.0,,0.0,normalDay
2020-02-14,3386.0,69.0,0.0,0,337.6,0.0,1,1.67,0.98,SPY200313P00320000,320.0,0,0.0,0.0,,0.0,normalDay
2020-02-18,3386.0,63.0,0.0,0,336.73,0.0,1,1.67,1.04,SPY200313P00320000,320.0,0,0.0,0.0,,0.0,normalDay
2020-02-19,3386.0,89.0,0.0,0,338.34,0.0,1,1.67,0.78,SPY200313P00320000,320.0,0,0.0,0.0,,0.0,normalDay
2020-02-20,3386.0,68.0,0.0,0,336.95,0.0,1,1.67,0.99,SPY200313P00320000,320.0,0,0.0,0.0,,0.0,normalDay
2020-02-21,3386.0,6.0,0.0,0,333.48,0.0,1,1.67,1.61,SPY200313P00320000,320.0,0,0.0,0.0,,0.0,normalDay
2020-02-24,3386.0,-437.0,0.0,0,322.42,0.0,1,1.67,6.04,SPY200313P00320000,320.0,0,0.0,0.0,,0.0,normalDay
2020-02-25,3386.0,-891.0,0.0,0,312.65,0.0,1,1.67,10.58,SPY200313P00320000,320.0,0,0.0,0.0,,0.0,normalDay
2020-02-26,3386.0,-1001.0,0.0,0,311.5,0.0,1,1.67,11.68,SPY200313P00320000,320.0,0,0.0,0.0,,0.0,normalDay
2020-02-27,3386.0,-2275.0,0.0,0,297.51,0.0,1,1.67,24.42,SPY200313P00320000,320.0,0,0.0,0.0,,0.0,normalDay
2020-02-28,3386.0,-2197.0,0.0,0,296.26,0.0,1,1.67,23.64,SPY200313P00320000,320.0,0,0.0,0.0,,0.0,normalDay
2020-03-02,3386.0,-1090.0,0.0,0,309.09,0.0,1,1.67,12.57,SPY200313P00320000,320.0,0,0.0,0.0,,0.0,normalDay
2020-03-03,3386.0,-1761.0,0.0,0,300.24,0.0,1,1.67,19.28,SPY200313P00320000,320.0,0,0.0,0.0,,0.0,normalDay
2020-03-04,3386.0,-854.0,0.0,0,312.86,0.0,1,1.67,10.21,SPY200313P00320000,320.0,0,0.0,0.0,,0.0,normalDay
2020-03-05,3386.0,-1716.0,0.0,0,302.46,0.0,1,1.67,18.83,SPY200313P00320000,320.0,0,0.0,0.0,,0.0,normalDay
2020-03-06,3386.0,-2187.0,0.0,0,297.46,0.0,1,1.67,23.54,SPY200313P00320000,320.0,0,0.0,0.0,,0.0,normalDay
2020-03-09,3386.0,-4492.0,0.0,0,274.23,0.0,1,1.67,46.59,SPY200313P00320000,320.0,0,0.0,0.0,,0.0,normalDay
2020-03-10,3386.0,-3066.0,0.0,0,288.42,0.0,1,1.67,32.33,SPY200313P00320000,320.0,0,0.0,0.0,,0.0,normalDay
2020-03-11,3386.0,-4475.0,0.0,0,274.36,0.0,1,1.67,46.42,SPY200313P00320000,320.0,0,0.0,0.0,,0.0,normalDay
2020-03-12,3386.0,-7018.0,0.0,0,248.11,0.0,1,1.67,71.85,SPY200313P00320000,320.0,0,0.0,0.0,,0.0,normalDay
2020-03-13,3553.0,-5068.0,167.0,100,269.32,320.0,1,1.67,0.0,SPY200313P00320000,320.0,0,0.0,0.0,,0.0,expirationDay
2020-03-16,3553.0,-8018.0,0.0,100,239.85,320.0,0,0.0,0.0,,0.0,1,0.05,0.08,SPY200515C00365000,365.0,normalDay
2020-03-17,3553.0,-6726.0,0.0,100,252.8,320.0,0,0.0,0.0,,0.0,1,0.05,0.11,SPY200515C00365000,365.0,normalDay
2020-03-18,3553.0,-8003.0,0.0,100,240.0,320.0,0,0.0,0.0,,0.0,1,0.05,0.08,SPY200515C00365000,365.0,normalDay
2020-03-19,3553.0,-7949.0,0.0,100,240.51,320.0,0,0.0,0.0,,0.0,1,0.05,0.05,SPY200515C00365000,365.0,normalDay
2020-03-20,3553.0,-9118.0,0.0,100,228.8,320.0,0,0.0,0.0,,0.0,1,0.05,0.03,SPY200515C00365000,365.0,normalDay
2020-03-23,3553.0,-9707.0,0.0,100,222.95,320.0,0,0.0,0.0,,0.0,1,0.05,0.07,SPY200515C00365000,365.0,normalDay
2020-03-24,3553.0,-7688.0,0.0,100,243.15,320.0,0,0.0,0.0,,0.0,1,0.05,0.08,SPY200515C00365000,365.0,normalDay
2020-03-25,3553.0,-7323.0,0.0,100,246.79,320.0,0,0.0,0.0,,0.0,1,0.05,0.07,SPY200515C00365000,365.0,normalDay
2020-03-26,3553.0,-5882.0,0.0,100,261.2,320.0,0,0.0,0.0,,0.0,1,0.05,0.07,SPY200515C00365000,365.0,normalDay
2020-03-27,3553.0,-6660.0,0.0,100,253.42,320.0,0,0.0,0.0,,0.0,1,0.05,0.07,SPY200515C00365000,365.0,normalDay
2020-03-30,3553.0,-5837.0,0.0,100,261.65,320.0,0,0.0,0.0,,0.0,1,0.05,0.07,SPY200515C00365000,365.0,normalDay
2020-03-31,3553.0,-6223.0,0.0,100,257.75,320.0,0,0.0,0.0,,0.0,1,0.05,0.03,SPY200515C00365000,365.0,normalDay
2020-04-01,3553.0,-7382.0,0.0,100,246.15,320.0,0,0.0,0.0,,0.0,1,0.05,0.02,SPY200515C00365000,365.0,normalDay
2020-04-02,3553.0,-6815.0,0.0,100,251.83,320.0,0,0.0,0.0,,0.0,1,0.05,0.03,SPY200515C00365000,365.0,normalDay
2020-04-03,3553.0,-7178.0,0.0,100,248.19,320.0,0,0.0,0.0,,0.0,1,0.05,0.02,SPY200515C00365000,365.0,normalDay
2020-04-06,3553.0,-5512.0,0.0,100,264.86,320.0,0,0.0,0.0,,0.0,1,0.05,0.03,SPY200515C00365000,365.0,normalDay
2020-04-07,3553.0,-5484.0,0.0,100,265.13,320.0,0,0.0,0.0,,0.0,1,0.05,0.02,SPY200515C00365000,365.0,normalDay
2020-04-08,3553.0,-4595.0,0.0,100,274.03,320.0,0,0.0,0.0,,0.0,1,0.05,0.03,SPY200515C00365000,365.0,normalDay
2020-04-09,3553.0,-4178.0,0.0,100,278.2,320.0,0,0.0,0.0,,0.0,1,0.05,0.03,SPY200515C00365000,365.0,normalDay
2020-04-13,3553.0,-4431.0,0.0,100,275.66,320.0,0,0.0,0.0,,0.0,1,0.05,0.02,SPY200515C00365000,365.0,normalDay
2020-04-14,3553.0,-3619.0,0.0,100,283.79,320.0,0,0.0,0.0,,0.0,1,0.05,0.03,SPY200515C00365000,365.0,normalDay
2020-04-15,3553.0,-4221.0,0.0,100,277.76,320.0,0,0.0,0.0,,0.0,1,0.05,0.02,SPY200515C00365000,365.0,normalDay
2020-04-16,3553.0,-4087.0,0.0,100,279.1,320.0,0,0.0,0.0,,0.0,1,0.05,0.02,SPY200515C00365000,365.0,normalDay
2020-04-17,3553.0,-3333.0,0.0,100,286.64,320.0,0,0.0,0.0,,0.0,1,0.05,0.02,SPY200515C00365000,365.0,normalDay
2020-04-20,3553.0,-3838.0,0.0,100,281.59,320.0,0,0.0,0.0,,0.0,1,0.05,0.02,SPY200515C00365000,365.0,normalDay
2020-04-21,3553.0,-4692.0,0.0,100,273.04,320.0,0,0.0,0.0,,0.0,1,0.05,0.01,SPY200515C00365000,365.0,normalDay
2020-04-22,3553.0,-4086.0,0.0,100,279.1,320.0,0,0.0,0.0,,0.0,1,0.05,0.01,SPY200515C00365000,365.0,normalDay
2020-04-23,3553.0,-4088.0,0.0,100,279.08,320.0,0,0.0,0.0,,0.0,1,0.05,0.01,SPY200515C00365000,365.0,normalDay
2020-04-24,3553.0,-3699.0,0.0,100,282.97,320.0,0,0.0,0.0,,0.0,1,0.05,0.01,SPY200515C00365000,365.0,normalDay
2020-04-27,3553.0,-3291.0,0.0,100,287.05,320.0,0,0.0,0.0,,0.0,1,0.05,0.01,SPY200515C00365000,365.0,normalDay
2020-04-28,3553.0,-3423.0,0.0,100,285.73,320.0,0,0.0,0.0,,0.0,1,0.05,0.01,SPY200515C00365000,365.0,normalDay
2020-04-29,3553.0,-2676.0,0.0,100,293.21,320.0,0,0.0,0.0,,0.0,1,0.05,0.02,SPY200515C00365000,365.0,normalDay
2020-04-30,3553.0,-2948.0,0.0,100,290.48,320.0,0,0.0,0.0,,0.0,1,0.05,0.01,SPY200515C00365000,365.0,normalDay
2020-05-01,3553.0,-3717.0,0.0,100,282.79,320.0,0,0.0,0.0,,0.0,1,0.05,0.01,SPY200515C00365000,365.0,normalDay
2020-05-04,3553.0,-3639.0,0.0,100,283.57,320.0,0,0.0,0.0,,0.0,1,0.05,0.01,SPY200515C00365000,365.0,normalDay
2020-05-05,3553.0,-3377.0,0.0,100,286.19,320.0,0,0.0,0.0,,0.0,1,0.05,0.01,SPY200515C00365000,365.0,normalDay
2020-05-06,3553.0,-3571.0,0.0,100,284.25,320.0,0,0.0,0.0,,0.0,1,0.05,0.01,SPY200515C00365000,365.0,normalDay
2020-05-07,3553.0,-3228.0,0.0,100,287.68,320.0,0,0.0,0.0,,0.0,1,0.05,0.01,SPY200515C00365000,365.0,normalDay
2020-05-08,3553.0,-2752.0,0.0,100,292.44,320.0,0,0.0,0.0,,0.0,1,0.05,0.01,SPY200515C00365000,365.0,normalDay
2020-05-11,3553.0,-2746.0,0.0,100,292.5,320.0,0,0.0,0.0,,0.0,1,0.05,0.01,SPY200515C00365000,365.0,normalDay
2020-05-12,3553.0,-3329.0,0.0,100,286.67,320.0,0,0.0,0.0,,0.0,1,0.05,0.01,SPY200515C00365000,365.0,normalDay
2020-05-13,3553.0,-3836.0,0.0,100,281.6,320.0,0,0.0,0.0,,0.0,1,0.05,0.01,SPY200515C00365000,365.0,normalDay
2020-05-14,3553.0,-3499.0,0.0,100,284.97,320.0,0,0.0,0.0,,0.0,1,0.05,0.01,SPY200515C00365000,365.0,normalDay
2020-05-15,3558.0,-3372.0,5.0,100,286.28,320.0,0,0.0,0.0,,0.0,1,0.05,0.0,SPY200515C00365000,365.0,expirationDay
2020-05-18,3558.0,-2506.0,0.0,100,295.0,320.0,0,0.0,0.0,,0.0,1,9.36,9.42,SPY200717C00298000,298.0,normalDay
2020-05-19,3558.0,-2694.0,0.0,100,291.97,320.0,0,0.0,0.0,,0.0,1,9.36,8.27,SPY200717C00298000,298.0,normalDay
2020-05-20,3558.0,-2410.0,0.0,100,296.93,320.0,0,0.0,0.0,,0.0,1,9.36,10.39,SPY200717C00298000,298.0,normalDay
2020-05-21,3558.0,-2507.0,0.0,100,294.88,320.0,0,0.0,0.0,,0.0,1,9.36,9.31,SPY200717C00298000,298.0,normalDay
2020-05-22,3558.0,-2472.0,0.0,100,295.44,320.0,0,0.0,0.0,,0.0,1,9.36,9.52,SPY200717C00298000,298.0,normalDay
2020-05-26,3558.0,-2253.0,0.0,100,299.08,320.0,0,0.0,0.0,,0.0,1,9.36,10.97,SPY200717C00298000,298.0,normalDay
2020-05-27,3558.0,-2053.0,0.0,100,303.53,320.0,0,0.0,0.0,,0.0,1,9.36,13.42,SPY200717C00298000,298.0,normalDay
2020-05-28,3558.0,-2144.0,0.0,100,302.97,320.0,0,0.0,0.0,,0.0,1,9.36,13.77,SPY200717C00298000,298.0,normalDay
2020-05-29,3558.0,-2061.0,0.0,100,304.32,320.0,0,0.0,0.0,,0.0,1,9.36,14.29,SPY200717C00298000,298.0,normalDay
2020-06-01,3558.0,-1951.0,0.0,100,305.55,320.0,0,0.0,0.0,,0.0,1,9.36,14.42,SPY200717C00298000,298.0,normalDay
2020-06-02,3558.0,-1823.0,0.0,100,308.08,320.0,0,0.0,0.0,,0.0,1,9.36,15.67,SPY200717C00298000,298.0,normalDay
2020-06-03,3558.0,-1700.0,0.0,100,312.18,320.0,0,0.0,0.0,,0.0,1,9.36,18.54,SPY200717C00298000,298.0,normalDay
2020-06-04,3558.0,-1714.0,0.0,100,311.36,320.0,0,0.0,0.0,,0.0,1,9.36,17.86,SPY200717C00298000,298.0,normalDay
2020-06-05,3558.0,-1531.0,0.0,100,319.34,320.0,0,0.0,0.0,,0.0,1,9.36,24.01,SPY200717C00298000,298.0,normalDay
2020-06-08,3558.0,-1444.0,0.0,100,323.2,320.0,0,0.0,0.0,,0.0,1,9.36,27.0,SPY200717C00298000,298.0,normalDay
2020-06-09,3558.0,-1607.0,0.0,100,320.79,320.0,0,0.0,0.0,,0.0,1,9.36,26.22,SPY200717C00298000,298.0,normalDay
2020-06-10,3558.0,-1533.0,0.0,100,319.0,320.0,0,0.0,0.0,,0.0,1,9.36,23.69,SPY200717C00298000,298.0,normalDay
2020-06-11,3558.0,-2389.0,0.0,100,300.61,320.0,0,0.0,0.0,,0.0,1,9.36,13.86,SPY200717C00298000,298.0,normalDay
2020-06-12,3558.0,-2068.0,0.0,100,304.21,320.0,0,0.0,0.0,,0.0,1,9.36,14.25,SPY200717C00298000,298.0,normalDay
2020-06-15,3558.0,-1946.0,0.0,100,307.05,320.0,0,0.0,0.0,,0.0,1,9.36,15.87,SPY200717C00298000,298.0,normalDay
2020-06-16,3558.0,-1729.0,0.0,100,312.96,320.0,0,0.0,0.0,,0.0,1,9.36,19.61,SPY200717C00298000,298.0,normalDay
2020-06-17,3558.0,-1785.0,0.0,100,311.66,320.0,0,0.0,0.0,,0.0,1,9.36,18.87,SPY200717C00298000,298.0,normalDay
2020-06-18,3558.0,-1710.0,0.0,100,311.78,320.0,0,0.0,0.0,,0.0,1,9.36,18.24,SPY200717C00298000,298.0,normalDay
2020-06-19,3558.0,-1813.0,0.0,100,308.64,320.0,0,0.0,0.0,,0.0,1,9.36,16.13,SPY200717C00298000,298.0,normalDay
2020-06-22,3558.0,-1772.0,0.0,100,310.62,320.0,0,0.0,0.0,,0.0,1,9.36,17.7,SPY200717C00298000,298.0,normalDay
2020-06-23,3558.0,-1693.0,0.0,100,312.05,320.0,0,0.0,0.0,,0.0,1,9.36,18.34,SPY200717C00298000,298.0,normalDay
2020-06-24,3558.0,-1985.0,0.0,100,304.09,320.0,0,0.0,0.0,,0.0,1,9.36,13.3,SPY200717C00298000,298.0,normalDay
2020-06-25,3558.0,-1813.0,0.0,100,307.35,320.0,0,0.0,0.0,,0.0,1,9.36,14.84,SPY200717C00298000,298.0,normalDay
2020-06-26,3558.0,-2116.0,0.0,100,300.05,320.0,0,0.0,0.0,,0.0,1,9.36,10.57,SPY200717C00298000,298.0,normalDay
2020-06-29,3558.0,-1792.0,0.0,100,304.46,320.0,0,0.0,0.0,,0.0,1,9.36,11.74,SPY200717C00298000,298.0,normalDay
2020-06-30,3558.0,-1623.0,0.0,100,308.36,320.0,0,0.0,0.0,,0.0,1,9.36,13.95,SPY200717C00298000,298.0,normalDay
2020-07-01,3558.0,-1524.0,0.0,100,310.52,320.0,0,0.0,0.0,,0.0,1,9.36,15.12,SPY200717C00298000,298.0,normalDay
2020-07-02,3558.0,-1503.0,0.0,100,312.23,320.0,0,0.0,0.0,,0.0,1,9.36,16.62,SPY200717C00298000,298.0,normalDay
2020-07-06,3558.0,-1366.0,0.0,100,317.05,320.0,0,0.0,0.0,,0.0,1,9.36,20.07,SPY200717C00298000,298.0,normalDay
2020-07-07,3558.0,-1398.0,0.0,100,313.78,320.0,0,0.0,0.0,,0.0,1,9.36,17.12,SPY200717C00298000,298.0,normalDay
2020-07-08,3558.0,-1352.0,0.0,100,316.18,320.0,0,0.0,0.0,,0.0,1,9.36,19.06,SPY200717C00298000,298.0,normalDay
2020-07-09,3558.0,-1359.0,0.0,100,314.38,320.0,0,0.0,0.0,,0.0,1,9.36,17.33,SPY200717C00298000,298.0,normalDay
2020-07-10,3558.0,-1317.0,0.0,100,317.59,320.0,0,0.0,0.0,,0.0,1,9.36,20.12,SPY200717C00298000,298.0,normalDay
2020-07-13,3558.0,-1294.0,0.0,100,314.84,320.0,0,0.0,0.0,,0.0,1,9.36,17.14,SPY200717C00298000,298.0,normalDay
2020-07-14,3558.0,-1238.0,0.0,100,318.92,320.0,0,0.0,0.0,,0.0,1,9.36,20.66,SPY200717C00298000,298.0,normalDay
2020-07-15,3558.0,-1263.0,0.0,100,321.85,320.0,0,0.0,0.0,,0.0,1,9.36,23.84,SPY200717C00298000,298.0,normalDay
2020-07-16,3558.0,-1157.0,0.0,100,320.79,320.0,0,0.0,0.0,,0.0,1,9.36,21.72,SPY200717C00298000,298.0,normalDay
2020-07-17,2294.0,-1157.0,-1264.0,0,321.72,0.0,0,0.0,0.0,,0.0,1,9.36,0.0,SPY200717C00298000,298.0,expirationDay
2020-07-20,2294.0,-3.0,0.0,0,324.32,0.0,1,2.04,2.07,SPY200821P00297000,297.0,0,0.0,0.0,,0.0,normalDay
2020-07-21,2294.0,0.0,0.0,0,325.01,0.0,1,2.04,2.04,SPY200821P00297000,297.0,0,0.0,0.0,,0.0,normalDay
2020-07-22,2294.0,28.0,0.0,0,326.86,0.0,1,2.04,1.76,SPY200821P00297000,297.0,0,0.0,0.0,,0.0,normalDay
2020-07-23,2294.0,-33.0,0.0,0,322.96,0.0,1,2.04,2.37,SPY200821P00297000,297.0,0,0.0,0.0,,0.0,normalDay
2020-07-24,2294.0,-19.0,0.0,0,320.88,0.0,1,2.04,2.23,SPY200821P00297000,297.0,0,0.0,0.0,,0.0,normalDay
2020-07-27,2294.0,43.0,0.0,0,323.22,0.0,1,2.04,1.61,SPY200821P00297000,297.0,0,0.0,0.0,,0.0,normalDay
2020-07-28,2294.0,23.0,0.0,0,321.17,0.0,1,2.04,1.81,SPY200821P00297000,297.0,0,0.0,0.0,,0.0,normalDay
2020-07-29,2294.0,83.0,0.0,0,325.12,0.0,1,2.04,1.21,SPY200821P00297000,297.0,0,0.0,0.0,,0.0,normalDay
2020-07-30,2294.0,74.0,0.0,0,323.96,0.0,1,2.04,1.3,SPY200821P00297000,297.0,0,0.0,0.0,,0.0,normalDay
2020-07-31,2294.0,115.0,0.0,0,326.52,0.0,1,2.04,0.89,SPY200821P00297000,297.0,0,0.0,0.0,,0.0,normalDay
2020-08-03,2294.0,138.0,0.0,0,328.79,0.0,1,2.04,0.66,SPY200821P00297000,297.0,0,0.0,0.0,,0.0,normalDay
2020-08-04,2294.0,153.0,0.0,0,330.06,0.0,1,2.04,0.51,SPY200821P00297000,297.0,0,0.0,0.0,,0.0,normalDay
2020-08-05,2294.0,165.0,0.0,0,332.11,0.0,1,2.04,0.39,SPY200821P00297000,297.0,0,0.0,0.0,,0.0,normalDay
2020-08-06,2294.0,170.0,0.0,0,334.33,0.0,1,2.04,0.34,SPY200821P00297000,297.0,0,0.0,0.0,,0.0,normalDay
2020-08-07,2294.0,177.0,0.0,0,334.57,0.0,1,2.04,0.27,SPY200821P00297000,297.0,0,0.0,0.0,,0.0,normalDay
2020-08-10,2294.0,185.0,0.0,0,335.57,0.0,1,2.04,0.19,SPY200821P00297000,297.0,0,0.0,0.0,,0.0,normalDay
2020-08-11,2294.0,175.0,0.0,0,332.8,0.0,1,2.04,0.29,SPY200821P00297000,297.0,0,0.0,0.0,,0.0,normalDay
2020-08-12,2294.0,191.0,0.0,0,337.44,0.0,1,2.04,0.13,SPY200821P00297000,297.0,0,0.0,0.0,,0.0,normalDay
2020-08-13,2294.0,194.0,0.0,0,336.83,0.0,1,2.04,0.1,SPY200821P00297000,297.0,0,0.0,0.0,,0.0,normalDay
2020-08-14,2294.0,198.0,0.0,0,336.84,0.0,1,2.04,0.06,SPY200821P00297000,297.0,0,0.0,0.0,,0.0,normalDay
2020-08-17,2294.0,200.0,0.0,0,337.91,0.0,1,2.04,0.04,SPY200821P00297000,297.0,0,0.0,0.0,,0.0,normalDay
2020-08-18,2294.0,201.0,0.0,0,338.64,0.0,1,2.04,0.03,SPY200821P00297000,297.0,0,0.0,0.0,,0.0,normalDay
2020-08-19,2294.0,200.0,0.0,0,337.23,0.0,1,2.04,0.04,SPY200821P00297000,297.0,0,0.0,0.0,,0.0,normalDay
2020-08-20,2294.0,202.0,0.0,0,338.28,0.0,1,2.04,0.02,SPY200821P00297000,297.0,0,0.0,0.0,,0.0,normalDay
2020-08-21,2498.0,0.0,204.0,0,339.48,0.0,1,2.04,0.0,SPY200821P00297000,297.0,0,0.0,0.0,,0.0,expirationDay
2020-08-24,2498.0,-4.0,0.0,0,342.92,0.0,1,2.37,2.41,SPY200925P00319000,319.0,0,0.0,0.0,,0.0,normalDay
2020-08-25,2498.0,24.0,0.0,0,344.12,0.0,1,2.37,2.13,SPY200925P00319000,319.0,0,0.0,0.0,,0.0,normalDay
2020-08-26,2498.0,41.0,0.0,0,347.57,0.0,1,2.37,1.96,SPY200925P00319000,319.0,0,0.0,0.0,,0.0,normalDay
2020-08-27,2498.0,39.0,0.0,0,348.33,0.0,1,2.37,1.98,SPY200925P00319000,319.0,0,0.0,0.0,,0.0,normalDay
2020-08-28,2498.0,87.0,0.0,0,350.58,0.0,1,2.37,1.5,SPY200925P00319000,319.0,0,0.0,0.0,,0.0,normalDay
2020-08-31,2498.0,50.0,0.0,0,349.31,0.0,1,2.37,1.87,SPY200925P00319000,319.0,0,0.0,0.0,,0.0,normalDay
2020-09-01,2498.0,80.0,0.0,0,352.6,0.0,1,2.37,1.57,SPY200925P00319000,319.0,0,0.0,0.0,,0.0,normalDay
2020-09-02,2498.0,117.0,0.0,0,357.7,0.0,1,2.37,1.2,SPY200925P00319000,319.0,0,0.0,0.0,,0.0,normalDay
2020-09-03,2498.0,-45.0,0.0,0,345.39,0.0,1,2.37,2.82,SPY200925P00319000,319.0,0,0.0,0.0,,0.0,normalDay
2020-09-04,2498.0,-52.0,0.0,0,342.57,0.0,1,2.37,2.89,SPY200925P00319000,319.0,0,0.0,0.0,,0.0,normalDay
2020-09-08,2498.0,-151.0,0.0,0,333.21,0.0,1,2.37,3.88,SPY200925P00319000,319.0,0,0.0,0.0,,0.0,normalDay
2020-09-09,2498.0,12.0,0.0,0,339.79,0.0,1,2.37,2.25,SPY200925P00319000,319.0,0,0.0,0.0,,0.0,normalDay
2020-09-10,2498.0,-68.0,0.0,0,333.89,0.0,1,2.37,3.05,SPY200925P00319000,319.0,0,0.0,0.0,,0.0,normalDay
2020-09-11,2498.0,-2.0,0.0,0,334.06,0.0,1,2.37,2.39,SPY200925P00319000,319.0,0,0.0,0.0,,0.0,normalDay
2020-09-14,2498.0,129.0,0.0,0,338.46,0.0,1,2.37,1.08,SPY200925P00319000,319.0,0,0.0,0.0,,0.0,normalDay
2020-09-15,2498.0,157.0,0.0,0,340.17,0.0,1,2.37,0.8,SPY200925P00319000,319.0,0,0.0,0.0,,0.0,normalDay
2020-09-16,2498.0,160.0,0.0,0,338.82,0.0,1,2.37,0.77,SPY200925P00319000,319.0,0,0.0,0.0,,0.0,normalDay
2020-09-17,2498.0,152.0,0.0,0,335.84,0.0,1,2.37,0.85,SPY200925P00319000,319.0,0,0.0,0.0,,0.0,normalDay
2020-09-18,2498.0,143.0,0.0,0,330.65,0.0,1,2.37,0.94,SPY200925P00319000,319.0,0,0.0,0.0,,0.0,normalDay
2020-09-21,2498.0,115.0,0.0,0,326.97,0.0,1,2.37,1.22,SPY200925P00319000,319.0,0,0.0,0.0,,0.0,normalDay
2020-09-22,2498.0,197.0,0.0,0,330.3,0.0,1,2.37,0.4,SPY200925P00319000,319.0,0,0.0,0.0,,0.0,normalDay
2020-09-23,2498.0,92.0,0.0,0,322.64,0.0,1,2.37,1.45,SPY200925P00319000,319.0,0,0.0,0.0,,0.0,normalDay
2020-09-24,2498.0,186.0,0.0,0,323.5,0.0,1,2.37,0.51,SPY200925P00319000,319.0,0,0.0,0.0,,0.0,normalDay
2020-09-25,2735.0,0.0,237.0,0,328.73,0.0,1,2.37,0.0,SPY200925P00319000,319.0,0,0.0,0.0,,0.0,expirationDay
2020-09-28,2735.0,-6.0,0.0,0,334.19,0.0,1,3.44,3.5,SPY201030P00314000,314.0,0,0.0,0.0,,0.0,normalDay
2020-09-29,2735.0,-23.0,0.0,0,332.37,0.0,1,3.44,3.67,SPY201030P00314000,314.0,0,0.0,0.0,,0.0,normalDay
2020-09-30,2735.0,-3.0,0.0,0,334.89,0.0,1,3.44,3.47,SPY201030P00314000,314.0,0,0.0,0.0,,0.0,normalDay
2020-10-01,2735.0,55.0,0.0,0,337.04,0.0,1,3.44,2.89,SPY201030P00314000,314.0,0,0.0,0.0,,0.0,normalDay
2020-10-02,2735.0,12.0,0.0,0,333.84,0.0,1,3.44,3.32,SPY201030P00314000,314.0,0,0.0,0.0,,0.0,normalDay
2020-10-05,2735.0,142.0,0.0,0,339.76,0.0,1,3.44,2.02,SPY201030P00314000,314.0,0,0.0,0.0,,0.0,normalDay
2020-10-06,2735.0,76.0,0.0,0,334.93,0.0,1,3.44,2.68,SPY201030P00314000,314.0,0,0.0,0.0,,0.0,normalDay
2020-10-07,2735.0,187.0,0.0,0,340.76,0.0,1,3.44,1.57,SPY201030P00314000,314.0,0,0.0,0.0,,0.0,normalDay
2020-10-08,2735.0,241.0,0.0,0,343.78,0.0,1,3.44,1.03,SPY201030P00314000,314.0,0,0.0,0.0,,0.0,normalDay
2020-10-09,2735.0,279.0,0.0,0,346.85,0.0,1,3.44,0.65,SPY201030P00314000,314.0,0,0.0,0.0,,0.0,normalDay
2020-10-12,2735.0,302.0,0.0,0,352.43,0.0,1,3.44,0.42,SPY201030P00314000,314.0,0,0.0,0.0,,0.0,normalDay
2020-10-13,2735.0,300.0,0.0,0,350.13,0.0,1,3.44,0.44,SPY201030P00314000,314.0,0,0.0,0.0,,0.0,normalDay
2020-10-14,2735.0,300.0,0.0,0,347.93,0.0,1,3.44,0.44,SPY201030P00314000,314.0,0,0.0,0.0,,0.0,normalDay
2020-10-15,2735.0,305.0,0.0,0,347.5,0.0,1,3.44,0.39,SPY201030P00314000,314.0,0,0.0,0.0,,0.0,normalDay
2020-10-16,2735.0,310.0,0.0,0,347.29,0.0,1,3.44,0.34,SPY201030P00314000,314.0,0,0.0,0.0,,0.0,normalDay
2020-10-19,2735.0,300.0,0.0,0,342.01,0.0,1,3.44,0.44,SPY201030P00314000,314.0,0,0.0,0.0,,0.0,normalDay
2020-10-20,2735.0,311.0,0.0,0,343.38,0.0,1,3.44,0.33,SPY201030P00314000,314.0,0,0.0,0.0,,0.0,normalDay
2020-10-21,2735.0,323.0,0.0,0,342.73,0.0,1,3.44,0.21,SPY201030P00314000,314.0,0,0.0,0.0,,0.0,normalDay
2020-10-22,2735.0,333.0,0.0,0,344.61,0.0,1,3.44,0.11,SPY201030P00314000,314.0,0,0.0,0.0,,0.0,normalDay
2020-10-23,2735.0,337.0,0.0,0,345.78,0.0,1,3.44,0.07,SPY201030P00314000,314.0,0,0.0,0.0,,0.0,normalDay
2020-10-26,2735.0,327.0,0.0,0,339.39,0.0,1,3.44,0.17,SPY201030P00314000,314.0,0,0.0,0.0,,0.0,normalDay
2020-10-27,2735.0,335.0,0.0,0,338.22,0.0,1,3.44,0.09,SPY201030P00314000,314.0,0,0.0,0.0,,0.0,normalDay
2020-10-28,2735.0,268.0,0.0,0,326.66,0.0,1,3.44,0.76,SPY201030P00314000,314.0,0,0.0,0.0,,0.0,normalDay
2020-10-29,2735.0,335.0,0.0,0,329.98,0.0,1,3.44,0.09,SPY201030P00314000,314.0,0,0.0,0.0,,0.0,normalDay
2020-10-30,3079.0,0.0,344.0,0,326.54,0.0,1,3.44,0.0,SPY201030P00314000,314.0,0,0.0,0.0,,0.0,expirationDay
2020-11-02,3079.0,-7.0,0.0,0,330.2,0.0,1,9.29,9.36,SPY201204P00322000,322.0,0,0.0,0.0,,0.0,normalDay
2020-11-03,3079.0,187.0,0.0,0,336.03,0.0,1,9.29,7.42,SPY201204P00322000,322.0,0,0.0,0.0,,0.0,normalDay
2020-11-04,3079.0,512.0,0.0,0,343.54,0.0,1,9.29,4.17,SPY201204P00322000,322.0,0,0.0,0.0,,0.0,normalDay
2020-11-05,3079.0,641.0,0.0,0,350.24,0.0,1,9.29,2.88,SPY201204P00322000,322.0,0,0.0,0.0,,0.0,normalDay
2020-11-06,3079.0,710.0,0.0,0,350.16,0.0,1,9.29,2.19,SPY201204P00322000,322.0,0,0.0,0.0,,0.0,normalDay
2020-11-09,3079.0,774.0,0.0,0,354.56,0.0,1,9.29,1.55,SPY201204P00322000,322.0,0,0.0,0.0,,0.0,normalDay
2020-11-10,3079.0,789.0,0.0,0,354.04,0.0,1,9.29,1.4,SPY201204P00322000,322.0,0,0.0,0.0,,0.0,normalDay
2020-11-11,3079.0,824.0,0.0,0,356.67,0.0,1,9.29,1.05,SPY201204P00322000,322.0,0,0.0,0.0,,0.0,normalDay
2020-11-12,3079.0,787.0,0.0,0,353.21,0.0,1,9.29,1.42,SPY201204P00322000,322.0,0,0.0,0.0,,0.0,normalDay
2020-11-13,3079.0,844.0,0.0,0,358.1,0.0,1,9.29,0.85,SPY201204P00322000,322.0,0,0.0,0.0,,0.0,normalDay
2020-11-16,3079.0,879.0,0.0,0,362.57,0.0,1,9.29,0.5,SPY201204P00322000,322.0,0,0.0,0.0,,0.0,normalDay
2020-11-17,3079.0,883.0,0.0,0,360.62,0.0,1,9.29,0.46,SPY201204P00322000,322.0,0,0.0,0.0,,0.0,normalDay
2020-11-18,3079.0,871.0,0.0,0,356.28,0.0,1,9.29,0.58,SPY201204P00322000,322.0,0,0.0,0.0,,0.0,normalDay
2020-11-19,3079.0,884.0,0.0,0,357.78,0.0,1,9.29,0.45,SPY201204P00322000,322.0,0,0.0,0.0,,0.0,normalDay
2020-11-20,3079.0,888.0,0.0,0,355.33,0.0,1,9.29,0.41,SPY201204P00322000,322.0,0,0.0,0.0,,0.0,normalDay
2020-11-23,3079.0,906.0,0.0,0,357.46,0.0,1,9.29,0.23,SPY201204P00322000,322.0,0,0.0,0.0,,0.0,normalDay
2020-11-24,3079.0,917.0,0.0,0,363.22,0.0,1,9.29,0.12,SPY201204P00322000,322.0,0,0.0,0.0,,0.0,normalDay
2020-11-25,3079.0,921.0,0.0,0,362.66,0.0,1,9.29,0.08,SPY201204P00322000,322.0,0,0.0,0.0,,0.0,normalDay
2020-11-27,3079.0,924.0,0.0,0,363.67,0.0,1,9.29,0.05,SPY201204P00322000,322.0,0,0.0,0.0,,0.0,normalDay
2020-11-30,3079.0,925.0,0.0,0,362.06,0.0,1,9.29,0.04,SPY201204P00322000,322.0,0,0.0,0.0,,0.0,normalDay
2020-12-01,3079.0,926.0,0.0,0,366.02,0.0,1,9.29,0.03,SPY201204P00322000,322.0,0,0.0,0.0,,0.0,normalDay
2020-12-02,3079.0,927.0,0.0,0,366.79,0.0,1,9.29,0.02,SPY201204P00322000,322.0,0,0.0,0.0,,0.0,normalDay
2020-12-03,3079.0,928.0,0.0,0,366.69,0.0,1,9.29,0.01,SPY201204P00322000,322.0,0,0.0,0.0,,0.0,normalDay
2020-12-04,4008.0,0.0,929.0,0,369.85,0.0,1,9.29,0.0,SPY201204P00322000,322.0,0,0.0,0.0,,0.0,expirationDay
2020-12-07,4008.0,-5.0,0.0,0,369.09,0.0,1,2.99,3.04,SPY210108P00347500,347.5,0,0.0,0.0,,0.0,normalDay
2020-12-08,4008.0,50.0,0.0,0,370.17,0.0,1,2.99,2.49,SPY210108P00347500,347.5,0,0.0,0.0,,0.0,normalDay
2020-12-09,4008.0,-28.0,0.0,0,366.85,0.0,1,2.99,3.27,SPY210108P00347500,347.5,0,0.0,0.0,,0.0,normalDay
2020-12-10,4008.0,-20.0,0.0,0,366.73,0.0,1,2.99,3.19,SPY210108P00347500,347.5,0,0.0,0.0,,0.0,normalDay
2020-12-11,4008.0,-32.0,0.0,0,366.3,0.0,1,2.99,3.31,SPY210108P00347500,347.5,0,0.0,0.0,,0.0,normalDay
2020-12-14,4008.0,-51.0,0.0,0,364.66,0.0,1,2.99,3.5,SPY210108P00347500,347.5,0,0.0,0.0,,0.0,normalDay
2020-12-15,4008.0,52.0,0.0,0,369.59,0.0,1,2.99,2.47,SPY210108P00347500,347.5,0,0.0,0.0,,0.0,normalDay
2020-12-16,4008.0,90.0,0.0,0,370.17,0.0,1,2.99,2.09,SPY210108P00347500,347.5,0,0.0,0.0,,0.0,normalDay
2020-12-17,4008.0,136.0,0.0,0,372.24,0.0,1,2.99,1.63,SPY210108P00347500,347.5,0,0.0,0.0,,0.0,normalDay
2020-12-18,4008.0,143.0,0.0,0,369.18,0.0,1,2.99,1.56,SPY210108P00347500,347.5,0,0.0,0.0,,0.0,normalDay
2020-12-21,4008.0,80.0,0.0,0,367.86,0.0,1,2.99,2.19,SPY210108P00347500,347.5,0,0.0,0.0,,0.0,normalDay
2020-12-22,4008.0,103.0,0.0,0,367.24,0.0,1,2.99,1.96,SPY210108P00347500,347.5,0,0.0,0.0,,0.0,normalDay
2020-12-23,4008.0,138.0,0.0,0,367.57,0.0,1,2.99,1.61,SPY210108P00347500,347.5,0,0.0,0.0,,0.0,normalDay
2020-12-24,4008.0,187.0,0.0,0,369.0,0.0,1,2.99,1.12,SPY210108P00347500,347.5,0,0.0,0.0,,0.0,normalDay
2020-12-28,4008.0,237.0,0.0,0,372.17,0.0,1,2.99,0.62,SPY210108P00347500,347.5,0,0.0,0.0,,0.0,normalDay
2020-12-29,4008.0,231.0,0.0,0,371.46,0.0,1,2.99,0.68,SPY210108P00347500,347.5,0,0.0,0.0,,0.0,normalDay
2020-12-30,4008.0,245.0,0.0,0,371.99,0.0,1,2.99,0.54,SPY210108P00347500,347.5,0,0.0,0.0,,0.0,normalDay
2020-12-31,4008.0,265.0,0.0,0,373.88,0.0,1,2.99,0.34,SPY210108P00347500,347.5,0,0.0,0.0,,0.0,normalDay
2021-01-04,4008.0,247.0,0.0,0,368.79,0.0,1,2.99,0.52,SPY210108P00347500,347.5,0,0.0,0.0,,0.0,normalDay
2021-01-05,4008.0,278.0,0.0,0,371.33,0.0,1,2.99,0.21,SPY210108P00347500,347.5,0,0.0,0.0,,0.0,normalDay
2021-01-06,4008.0,286.0,0.0,0,373.55,0.0,1,2.99,0.13,SPY210108P00347500,347.5,0,0.0,0.0,,0.0,normalDay
2021-01-07,4008.0,297.0,0.0,0,379.1,0.0,1,2.99,0.02,SPY210108P00347500,347.5,0,0.0,0.0,,0.0,normalDay
2021-01-08,4307.0,0.0,299.0,0,381.26,0.0,1,2.99,0.0,SPY210108P00347500,347.5,0,0.0,0.0,,0.0,expirationDay
2021-01-11,4307.0,-6.0,0.0,0,378.69,0.0,1,3.95,4.01,SPY210212P00360000,360.0,0,0.0,0.0,,0.0,normalDay
2021-01-12,4307.0,23.0,0.0,0,378.77,0.0,1,3.95,3.72,SPY210212P00360000,360.0,0,0.0,0.0,,0.0,normalDay
2021-01-13,4307.0,84.0,0.0,0,379.79,0.0,1,3.95,3.11,SPY210212P00360000,360.0,0,0.0,0.0,,0.0,normalDay
2021-01-14,4307.0,49.0,0.0,0,378.46,0.0,1,3.95,3.46,SPY210212P00360000,360.0,0,0.0,0.0,,0.0,normalDay
2021-01-15,4307.0,-26.0,0.0,0,375.7,0.0,1,3.95,4.21,SPY210212P00360000,360.0,0,0.0,0.0,,0.0,normalDay
2021-01-19,4307.0,99.0,0.0,0,378.65,0.0,1,3.95,2.96,SPY210212P00360000,360.0,0,0.0,0.0,,0.0,normalDay
2021-01-20,4307.0,205.0,0.0,0,383.89,0.0,1,3.95,1.9,SPY210212P00360000,360.0,0,0.0,0.0,,0.0,normalDay
2021-01-21,4307.0,225.0,0.0,0,384.24,0.0,1,3.95,1.7,SPY210212P00360000,360.0,0,0.0,0.0,,0.0,normalDay
2021-01-22,4307.0,221.0,0.0,0,382.88,0.0,1,3.95,1.74,SPY210212P00360000,360.0,0,0.0,0.0,,0.0,normalDay
2021-01-25,4307.0,242.0,0.0,0,384.39,0.0,1,3.95,1.53,SPY210212P00360000,360.0,0,0.0,0.0,,0.0,normalDay
2021-01-26,4307.0,257.0,0.0,0,383.79,0.0,1,3.95,1.38,SPY210212P00360000,360.0,0,0.0,0.0,,0.0,normalDay
2021-01-27,4307.0,-83.0,0.0,0,374.41,0.0,1,3.95,4.78,SPY210212P00360000,360.0,0,0.0,0.0,,0.0,normalDay
2021-01-28,4307.0,86.0,0.0,0,377.63,0.0,1,3.95,3.09,SPY210212P00360000,360.0,0,0.0,0.0,,0.0,normalDay
2021-01-29,4307.0,-165.0,0.0,0,370.07,0.0,1,3.95,5.6,SPY210212P00360000,360.0,0,0.0,0.0,,0.0,normalDay
2021-02-01,4307.0,137.0,0.0,0,376.23,0.0,1,3.95,2.58,SPY210212P00360000,360.0,0,0.0,0.0,,0.0,normalDay
2021-02-02,4307.0,299.0,0.0,0,381.55,0.0,1,3.95,0.96,SPY210212P00360000,360.0,0,0.0,0.0,,0.0,normalDay
2021-02-03,4307.0,339.0,0.0,0,381.85,0.0,1,3.95,0.56,SPY210212P00360000,360.0,0,0.0,0.0,,0.0,normalDay
2021-02-04,4307.0,369.0,0.0,0,386.19,0.0,1,3.95,0.26,SPY210212P00360000,360.0,0,0.0,0.0,,0.0,normalDay
2021-02-05,4307.0,385.0,0.0,0,387.71,0.0,1,3.95,0.1,SPY210212P00360000,360.0,0,0.0,0.0,,0.0,normalDay
2021-02-08,4307.0,389.0,0.0,0,390.51,0.0,1,3.95,0.06,SPY210212P00360000,360.0,0,0.0,0.0,,0.0,normalDay
2021-02-09,4307.0,391.0,0.0,0,390.25,0.0,1,3.95,0.04,SPY210212P00360000,360.0,0,0.0,0.0,,0.0,normalDay
2021-02-10,4307.0,391.0,0.0,0,390.08,0.0,1,3.95,0.04,SPY210212P00360000,360.0,0,0.0,0.0,,0.0,normalDay
2021-02-11,4307.0,394.0,0.0,0,390.71,0.0,1,3.95,0.01,SPY210212P00360000,360.0,0,0.0,0.0,,0.0,normalDay
2021-02-12,4702.0,0.0,395.0,0,392.64,0.0,1,3.95,0.0,SPY210212P00360000,360.0,0,0.0,0.0,,0.0,expirationDay
2021-02-16,4702.0,-4.0,0.0,0,392.3,0.0,1,2.85,2.89,SPY210319P00368000,368.0,0,0.0,0.0,,0.0,normalDay
2021-02-17,4702.0,12.0,0.0,0,392.39,0.0,1,2.85,2.73,SPY210319P00368000,368.0,0,0.0,0.0,,0.0,normalDay
2021-02-18,4702.0,-20.0,0.0,0,390.72,0.0,1,2.85,3.05,SPY210319P00368000,368.0,0,0.0,0.0,,0.0,normalDay
2021-02-19,4702.0,-9.0,0.0,0,390.03,0.0,1,2.85,2.94,SPY210319P00368000,368.0,0,0.0,0.0,,0.0,normalDay
2021-02-22,4702.0,-48.0,0.0,0,387.03,0.0,1,2.85,3.33,SPY210319P00368000,368.0,0,0.0,0.0,,0.0,normalDay
2021-02-23,4702.0,-21.0,0.0,0,387.5,0.0,1,2.85,3.06,SPY210319P00368000,368.0,0,0.0,0.0,,0.0,normalDay
2021-02-24,4702.0,83.0,0.0,0,391.77,0.0,1,2.85,2.02,SPY210319P00368000,368.0,0,0.0,0.0,,0.0,normalDay
2021-02-25,4702.0,-203.0,0.0,0,382.33,0.0,1,2.85,4.88,SPY210319P00368000,368.0,0,0.0,0.0,,0.0,normalDay
2021-02-26,4702.0,-225.0,0.0,0,380.36,0.0,1,2.85,5.1,SPY210319P00368000,368.0,0,0.0,0.0,,0.0,normalDay
2021-03-01,4702.0,67.0,0.0,0,389.58,0.0,1,2.85,2.18,SPY210319P00368000,368.0,0,0.0,0.0,,0.0,normalDay
2021-03-02,4702.0,19.0,0.0,0,386.54,0.0,1,2.85,2.66,SPY210319P00368000,368.0,0,0.0,0.0,,0.0,normalDay
2021-03-03,4702.0,-84.0,0.0,0,381.42,0.0,1,2.85,3.69,SPY210319P00368000,368.0,0,0.0,0.0,,0.0,normalDay
2021-03-04,4702.0,-229.0,0.0,0,376.7,0.0,1,2.85,5.14,SPY210319P00368000,368.0,0,0.0,0.0,,0.0,normalDay
2021-03-05,4702.0,15.0,0.0,0,383.63,0.0,1,2.85,2.7,SPY210319P00368000,368.0,0,0.0,0.0,,0.0,normalDay
2021-03-08,4702.0,7.0,0.0,0,381.72,0.0,1,2.85,2.78,SPY210319P00368000,368.0,0,0.0,0.0,,0.0,normalDay
2021-03-09,4702.0,136.0,0.0,0,387.17,0.0,1,2.85,1.49,SPY210319P00368000,368.0,0,0.0,0.0,,0.0,normalDay
2021-03-10,4702.0,206.0,0.0,0,389.58,0.0,1,2.85,0.79,SPY210319P00368000,368.0,0,0.0,0.0,,0.0,normalDay
2021-03-11,4702.0,239.0,0.0,0,393.53,0.0,1,2.85,0.46,SPY210319P00368000,368.0,0,0.0,0.0,,0.0,normalDay
2021-03-12,4702.0,266.0,0.0,0,394.06,0.0,1,2.85,0.19,SPY210319P00368000,368.0,0,0.0,0.0,,0.0,normalDay
2021-03-15,4702.0,277.0,0.0,0,396.41,0.0,1,2.85,0.08,SPY210319P00368000,368.0,0,0.0,0.0,,0.0,normalDay
2021-03-16,4702.0,275.0,0.0,0,395.91,0.0,1,2.85,0.1,SPY210319P00368000,368.0,0,0.0,0.0,,0.0,normalDay
2021-03-17,4702.0,282.0,0.0,0,397.26,0.0,1,2.85,0.03,SPY210319P00368000,368.0,0,0.0,0.0,,0.0,normalDay
2021-03-18,4702.0,277.0,0.0,0,391.48,0.0,1,2.85,0.08,SPY210319P00368000,368.0,0,0.0,0.0,,0.0,normalDay
2021-03-19,4987.0,0.0,285.0,0,389.48,0.0,1,2.85,0.0,SPY210319P00368000,368.0,0,0.0,0.0,,0.0,expirationDay
2021-03-22,4987.0,-6.0,0.0,0,392.59,0.0,1,2.59,2.65,SPY210423P00374000,374.0,0,0.0,0.0,,0.0,normalDay
2021-03-23,4987.0,-79.0,0.0,0,389.5,0.0,1,2.59,3.38,SPY210423P00374000,374.0,0,0.0,0.0,,0.0,normalDay
2021-03-24,4987.0,-122.0,0.0,0,387.52,0.0,1,2.59,3.81,SPY210423P00374000,374.0,0,0.0,0.0,,0.0,normalDay
2021-03-25,4987.0,-40.0,0.0,0,389.7,0.0,1,2.59,2.99,SPY210423P00374000,374.0,0,0.0,0.0,,0.0,normalDay
2021-03-26,4987.0,62.0,0.0,0,395.98,0.0,1,2.59,1.97,SPY210423P00374000,374.0,0,0.0,0.0,,0.0,normalDay
2021-03-29,4987.0,44.0,0.0,0,395.78,0.0,1,2.59,2.15,SPY210423P00374000,374.0,0,0.0,0.0,,0.0,normalDay
2021-03-30,4987.0,64.0,0.0,0,394.73,0.0,1,2.59,1.95,SPY210423P00374000,374.0,0,0.0,0.0,,0.0,normalDay
2021-03-31,4987.0,102.0,0.0,0,396.33,0.0,1,2.59,1.57,SPY210423P00374000,374.0,0,0.0,0.0,,0.0,normalDay
2021-04-01,4987.0,168.0,0.0,0,400.61,0.0,1,2.59,0.91,SPY210423P00374000,374.0,0,0.0,0.0,,0.0,normalDay
2021-04-05,4987.0,203.0,0.0,0,406.36,0.0,1,2.59,0.56,SPY210423P00374000,374.0,0,0.0,0.0,,0.0,normalDay
2021-04-06,4987.0,206.0,0.0,0,406.12,0.0,1,2.59,0.53,SPY210423P00374000,374.0,0,0.0,0.0,,0.0,normalDay
2021-04-07,4987.0,220.0,0.0,0,406.59,0.0,1,2.59,0.39,SPY210423P00374000,374.0,0,0.0,0.0,,0.0,normalDay
2021-04-08,4987.0,230.0,0.0,0,408.52,0.0,1,2.59,0.29,SPY210423P00374000,374.0,0,0.0,0.0,,0.0,normalDay
2021-04-09,4987.0,240.0,0.0,0,411.49,0.0,1,2.59,0.19,SPY210423P00374000,374.0,0,0.0,0.0,,0.0,normalDay
2021-04-12,4987.0,248.0,0.0,0,411.64,0.0,1,2.59,0.11,SPY210423P00374000,374.0,0,0.0,0.0,,0.0,normalDay
2021-04-13,4987.0,250.0,0.0,0,412.86,0.0,1,2.59,0.09,SPY210423P00374000,374.0,0,0.0,0.0,,0.0,normalDay
2021-04-14,4987.0,250.0,0.0,0,411.45,0.0,1,2.59,0.09,SPY210423P00374000,374.0,0,0.0,0.0,,0.0,normalDay
2021-04-15,4987.0,252.0,0.0,0,415.87,0.0,1,2.59,0.07,SPY210423P00374000,374.0,0,0.0,0.0,,0.0,normalDay
2021-04-16,4987.0,256.0,0.0,0,417.26,0.0,1,2.59,0.03,SPY210423P00374000,374.0,0,0.0,0.0,,0.0,normalDay
2021-04-19,4987.0,257.0,0.0,0,415.21,0.0,1,2.59,0.02,SPY210423P00374000,374.0,0,0.0,0.0,,0.0,normalDay
2021-04-20,4987.0,257.0,0.0,0,412.17,0.0,1,2.59,0.02,SPY210423P00374000,374.0,0,0.0,0.0,,0.0,normalDay
2021-04-21,4987.0,258.0,0.0,0,416.07,0.0,1,2.59,0.01,SPY210423P00374000,374.0,0,0.0,0.0,,0.0,normalDay
2021-04-22,4987.0,258.0,0.0,0,412.27,0.0,1,2.59,0.01,SPY210423P00374000,374.0,0,0.0,0.0,,0.0,normalDay
2021-04-23,5246.0,0.0,259.0,0,416.74,0.0,1,2.59,0.0,SPY210423P00374000,374.0,0,0.0,0.0,,0.0,expirationDay
2021-04-26,5246.0,-6.0,0.0,0,417.61,0.0,1,1.92,1.98,SPY210528P00391000,391.0,0,0.0,0.0,,0.0,normalDay
2021-04-27,5246.0,0.0,0.0,0,417.52,0.0,1,1.92,1.92,SPY210528P00391000,391.0,0,0.0,0.0,,0.0,normalDay
2021-04-28,5246.0,20.0,0.0,0,417.4,0.0,1,1.92,1.72,SPY210528P00391000,391.0,0,0.0,0.0,,0.0,normalDay
2021-04-29,5246.0,36.0,0.0,0,420.06,0.0,1,1.92,1.56,SPY210528P00391000,391.0,0,0.0,0.0,,0.0,normalDay
2021-04-30,5246.0,7.0,0.0,0,417.3,0.0,1,1.92,1.85,SPY210528P00391000,391.0,0,0.0,0.0,,0.0,normalDay
2021-05-03,5246.0,38.0,0.0,0,418.2,0.0,1,1.92,1.54,SPY210528P00391000,391.0,0,0.0,0.0,,0.0,normalDay
2021-05-04,5246.0,0.0,0.0,0,415.62,0.0,1,1.92,1.92,SPY210528P00391000,391.0,0,0.0,0.0,,0.0,normalDay
2021-05-05,5246.0,12.0,0.0,0,415.75,0.0,1,1.92,1.8,SPY210528P00391000,391.0,0,0.0,0.0,,0.0,normalDay
2021-05-06,5246.0,62.0,0.0,0,419.07,0.0,1,1.92,1.3,SPY210528P00391000,391.0,0,0.0,0.0,,0.0,normalDay
2021-05-07,5246.0,103.0,0.0,0,422.12,0.0,1,1.92,0.89,SPY210528P00391000,391.0,0,0.0,0.0,,0.0,normalDay
2021-05-10,5246.0,56.0,0.0,0,417.94,0.0,1,1.92,1.36,SPY210528P00391000,391.0,0,0.0,0.0,,0.0,normalDay
2021-05-11,5246.0,9.0,0.0,0,414.21,0.0,1,1.92,1.83,SPY210528P00391000,391.0,0,0.0,0.0,,0.0,normalDay
2021-05-12,5246.0,-223.0,0.0,0,405.41,0.0,1,1.92,4.15,SPY210528P00391000,391.0,0,0.0,0.0,,0.0,normalDay
2021-05-13,5246.0,-39.0,0.0,0,410.28,0.0,1,1.92,2.31,SPY210528P00391000,391.0,0,0.0,0.0,,0.0,normalDay
2021-05-14,5246.0,104.0,0.0,0,416.58,0.0,1,1.92,0.88,SPY210528P00391000,391.0,0,0.0,0.0,,0.0,normalDay
2021-05-17,5246.0,120.0,0.0,0,415.52,0.0,1,1.92,0.72,SPY210528P00391000,391.0,0,0.0,0.0,,0.0,normalDay
2021-05-18,5246.0,89.0,0.0,0,411.94,0.0,1,1.92,1.03,SPY210528P00391000,391.0,0,0.0,0.0,,0.0,normalDay
2021-05-19,5246.0,94.0,0.0,0,410.86,0.0,1,1.92,0.98,SPY210528P00391000,391.0,0,0.0,0.0,,0.0,normalDay
2021-05-20,5246.0,145.0,0.0,0,415.28,0.0,1,1.92,0.47,SPY210528P00391000,391.0,0,0.0,0.0,,0.0,normalDay
2021-05-21,5246.0,165.0,0.0,0,414.94,0.0,1,1.92,0.27,SPY210528P00391000,391.0,0,0.0,0.0,,0.0,normalDay
2021-05-24,5246.0,185.0,0.0,0,419.17,0.0,1,1.92,0.07,SPY210528P00391000,391.0,0,0.0,0.0,,0.0,normalDay
2021-05-25,5246.0,185.0,0.0,0,418.24,0.0,1,1.92,0.07,SPY210528P00391000,391.0,0,0.0,0.0,,0.0,normalDay
2021-05-26,5246.0,189.0,0.0,0,419.07,0.0,1,1.92,0.03,SPY210528P00391000,391.0,0,0.0,0.0,,0.0,normalDay
2021-05-27,5246.0,190.0,0.0,0,419.29,0.0,1,1.92,0.02,SPY210528P00391000,391.0,0,0.0,0.0,,0.0,normalDay
2021-05-28,5438.0,0.0,192.0,0,420.04,0.0,1,1.92,0.0,SPY210528P00391000,391.0,0,0.0,0.0,,0.0,expirationDay
2021-06-01,5438.0,-6.0,0.0,0,419.67,0.0,1,3.5,3.56,SPY210702P00406000,406.0,0,0.0,0.0,,0.0,normalDay
2021-06-02,5438.0,33.0,0.0,0,420.33,0.0,1,3.5,3.17,SPY210702P00406000,406.0,0,0.0,0.0,,0.0,normalDay
2021-06-03,5438.0,-9.0,0.0,0,418.77,0.0,1,3.5,3.59,SPY210702P00406000,406.0,0,0.0,0.0,,0.0,normalDay
2021-06-04,5438.0,100.0,0.0,0,422.6,0.0,1,3.5,2.5,SPY210702P00406000,406.0,0,0.0,0.0,,0.0,normalDay
2021-06-07,5438.0,133.0,0.0,0,422.19,0.0,1,3.5,2.17,SPY210702P00406000,406.0,0,0.0,0.0,,0.0,normalDay
2021-06-08,5438.0,124.0,0.0,0,422.28,0.0,1,3.5,2.26,SPY210702P00406000,406.0,0,0.0,0.0,,0.0,normalDay
2021-06-09,5438.0,101.0,0.0,0,421.65,0.0,1,3.5,2.49,SPY210702P00406000,406.0,0,0.0,0.0,,0.0,normalDay
2021-06-10,5438.0,181.0,0.0,0,423.61,0.0,1,3.5,1.69,SPY210702P00406000,406.0,0,0.0,0.0,,0.0,normalDay
2021-06-11,5438.0,206.0,0.0,0,424.31,0.0,1,3.5,1.44,SPY210702P00406000,406.0,0,0.0,0.0,,0.0,normalDay
2021-06-14,5438.0,223.0,0.0,0,425.26,0.0,1,3.5,1.27,SPY210702P00406000,406.0,0,0.0,0.0,,0.0,normalDay
2021-06-15,5438.0,213.0,0.0,0,424.48,0.0,1,3.5,1.37,SPY210702P00406000,406.0,0,0.0,0.0,,0.0,normalDay
2021-06-16,5438.0,177.0,0.0,0,422.11,0.0,1,3.5,1.73,SPY210702P00406000,406.0,0,0.0,0.0,,0.0,normalDay
2021-06-17,5438.0,205.0,0.0,0,421.97,0.0,1,3.5,1.45,SPY210702P00406000,406.0,0,0.0,0.0,,0.0,normalDay
2021-06-18,5438.0,53.0,0.0,0,414.92,0.0,1,3.5,2.97,SPY210702P00406000,406.0,0,0.0,0.0,,0.0,normalDay
2021-06-21,5438.0,243.0,0.0,0,420.86,0.0,1,3.5,1.07,SPY210702P00406000,406.0,0,0.0,0.0,,0.0,normalDay
2021-06-22,5438.0,288.0,0.0,0,423.11,0.0,1,3.5,0.62,SPY210702P00406000,406.0,0,0.0,0.0,,0.0,normalDay
2021-06-23,5438.0,305.0,0.0,0,422.6,0.0,1,3.5,0.45,SPY210702P00406000,406.0,0,0.0,0.0,,0.0,normalDay
2021-06-24,5438.0,324.0,0.0,0,425.1,0.0,1,3.5,0.26,SPY210702P00406000,406.0,0,0.0,0.0,,0.0,normalDay
2021-06-25,5438.0,334.0,0.0,0,426.61,0.0,1,3.5,0.16,SPY210702P00406000,406.0,0,0.0,0.0,,0.0,normalDay
2021-06-28,5438.0,342.0,0.0,0,427.47,0.0,1,3.5,0.08,SPY210702P00406000,406.0,0,0.0,0.0,,0.0,normalDay
2021-06-29,5438.0,344.0,0.0,0,427.7,0.0,1,3.5,0.06,SPY210702P00406000,406.0,0,0.0,0.0,,0.0,normalDay
2021-06-30,5438.0,346.0,0.0,0,428.06,0.0,1,3.5,0.04,SPY210702P00406000,406.0,0,0.0,0.0,,0.0,normalDay
2021-07-01,5438.0,349.0,0.0,0,430.43,0.0,1,3.5,0.01,SPY210702P00406000,406.0,0,0.0,0.0,,0.0,normalDay
2021-07-02,5788.0,0.0,350.0,0,433.72,0.0,1,3.5,0.0,SPY210702P00406000,406.0,0,0.0,0.0,,0.0,expirationDay
2021-07-06,5788.0,-3.0,0.0,0,432.93,0.0,1,2.34,2.37,SPY210806P00414000,414.0,0,0.0,0.0,,0.0,normalDay
2021-07-07,5788.0,24.0,0.0,0,434.46,0.0,1,2.34,2.1,SPY210806P00414000,414.0,0,0.0,0.0,,0.0,normalDay
2021-07-08,5788.0,-83.0,0.0,0,430.92,0.0,1,2.34,3.17,SPY210806P00414000,414.0,0,0.0,0.0,,0.0,normalDay
2021-07-09,5788.0,49.0,0.0,0,435.52,0.0,1,2.34,1.85,SPY210806P00414000,414.0,0,0.0,0.0,,0.0,normalDay
2021-07-12,5788.0,83.0,0.0,0,437.08,0.0,1,2.34,1.51,SPY210806P00414000,414.0,0,0.0,0.0,,0.0,normalDay
2021-07-13,5788.0,53.0,0.0,0,435.59,0.0,1,2.34,1.81,SPY210806P00414000,414.0,0,0.0,0.0,,0.0,normalDay
2021-07-14,5788.0,92.0,0.0,0,436.24,0.0,1,2.34,1.42,SPY210806P00414000,414.0,0,0.0,0.0,,0.0,normalDay
2021-07-15,5788.0,68.0,0.0,0,434.75,0.0,1,2.34,1.66,SPY210806P00414000,414.0,0,0.0,0.0,,0.0,normalDay
2021-07-16,5788.0,12.0,0.0,0,431.34,0.0,1,2.34,2.22,SPY210806P00414000,414.0,0,0.0,0.0,,0.0,normalDay
2021-07-19,5788.0,-154.0,0.0,0,424.97,0.0,1,2.34,3.88,SPY210806P00414000,414.0,0,0.0,0.0,,0.0,normalDay
2021-07-20,5788.0,20.0,0.0,0,431.06,0.0,1,2.34,2.14,SPY210806P00414000,414.0,0,0.0,0.0,,0.0,normalDay
2021-07-21,5788.0,117.0,0.0,0,434.55,0.0,1,2.34,1.17,SPY210806P00414000,414.0,0,0.0,0.0,,0.0,normalDay
2021-07-22,5788.0,138.0,0.0,0,435.46,0.0,1,2.34,0.96,SPY210806P00414000,414.0,0,0.0,0.0,,0.0,normalDay
2021-07-23,5788.0,178.0,0.0,0,439.94,0.0,1,2.34,0.56,SPY210806P00414000,414.0,0,0.0,0.0,,0.0,normalDay
2021-07-26,5788.0,202.0,0.0,0,441.02,0.0,1,2.34,0.32,SPY210806P00414000,414.0,0,0.0,0.0,,0.0,normalDay
2021-07-27,5788.0,176.0,0.0,0,439.01,0.0,1,2.34,0.58,SPY210806P00414000,414.0,0,0.0,0.0,,0.0,normalDay
2021-07-28,5788.0,200.0,0.0,0,438.83,0.0,1,2.34,0.34,SPY210806P00414000,414.0,0,0.0,0.0,,0.0,normalDay
2021-07-29,5788.0,217.0,0.0,0,440.65,0.0,1,2.34,0.17,SPY210806P00414000,414.0,0,0.0,0.0,,0.0,normalDay
2021-07-30,5788.0,217.0,0.0,0,438.51,0.0,1,2.34,0.17,SPY210806P00414000,414.0,0,0.0,0.0,,0.0,normalDay
2021-08-02,5788.0,225.0,0.0,0,437.59,0.0,1,2.34,0.09,SPY210806P00414000,414.0,0,0.0,0.0,,0.0,normalDay
2021-08-03,5788.0,231.0,0.0,0,441.15,0.0,1,2.34,0.03,SPY210806P00414000,414.0,0,0.0,0.0,,0.0,normalDay
2021-08-04,5788.0,231.0,0.0,0,438.98,0.0,1,2.34,0.03,SPY210806P00414000,414.0,0,0.0,0.0,,0.0,normalDay
2021-08-05,5788.0,233.0,0.0,0,441.76,0.0,1,2.34,0.01,SPY210806P00414000,414.0,0,0.0,0.0,,0.0,normalDay
2021-08-06,6022.0,0.0,234.0,0,442.49,0.0,1,2.34,0.0,SPY210806P00414000,414.0,0,0.0,0.0,,0.0,expirationDay
2021-08-09,6022.0,-4.0,0.0,0,442.13,0.0,1,2.99,3.03,SPY210910P00426000,426.0,0,0.0,0.0,,0.0,normalDay
2021-08-10,6022.0,2.0,0.0,0,442.68,0.0,1,2.99,2.97,SPY210910P00426000,426.0,0,0.0,0.0,,0.0,normalDay
2021-08-11,6022.0,46.0,0.0,0,443.78,0.0,1,2.99,2.53,SPY210910P00426000,426.0,0,0.0,0.0,,0.0,normalDay
2021-08-12,6022.0,84.0,0.0,0,445.11,0.0,1,2.99,2.15,SPY210910P00426000,426.0,0,0.0,0.0,,0.0,normalDay
2021-08-13,6022.0,110.0,0.0,0,445.92,0.0,1,2.99,1.89,SPY210910P00426000,426.0,0,0.0,0.0,,0.0,normalDay
2021-08-16,6022.0,128.0,0.0,0,446.97,0.0,1,2.99,1.71,SPY210910P00426000,426.0,0,0.0,0.0,,0.0,normalDay
2021-08-17,6022.0,55.0,0.0,0,444.04,0.0,1,2.99,2.44,SPY210910P00426000,426.0,0,0.0,0.0,,0.0,normalDay
2021-08-18,6022.0,-99.0,0.0,0,439.18,0.0,1,2.99,3.98,SPY210910P00426000,426.0,0,0.0,0.0,,0.0,normalDay
2021-08-19,6022.0,-71.0,0.0,0,439.86,0.0,1,2.99,3.7,SPY210910P00426000,426.0,0,0.0,0.0,,0.0,normalDay
2021-08-20,6022.0,80.0,0.0,0,443.36,0.0,1,2.99,2.19,SPY210910P00426000,426.0,0,0.0,0.0,,0.0,normalDay
2021-08-23,6022.0,185.0,0.0,0,447.26,0.0,1,2.99,1.14,SPY210910P00426000,426.0,0,0.0,0.0,,0.0,normalDay
2021-08-24,6022.0,196.0,0.0,0,447.97,0.0,1,2.99,1.03,SPY210910P00426000,426.0,0,0.0,0.0,,0.0,normalDay
2021-08-25,6022.0,218.0,0.0,0,448.91,0.0,1,2.99,0.81,SPY210910P00426000,426.0,0,0.0,0.0,,0.0,normalDay
2021-08-26,6022.0,171.0,0.0,0,446.26,0.0,1,2.99,1.28,SPY210910P00426000,426.0,0,0.0,0.0,,0.0,normalDay
2021-08-27,6022.0,245.0,0.0,0,450.25,0.0,1,2.99,0.54,SPY210910P00426000,426.0,0,0.0,0.0,,0.0,normalDay
2021-08-30,6022.0,270.0,0.0,0,452.23,0.0,1,2.99,0.29,SPY210910P00426000,426.0,0,0.0,0.0,,0.0,normalDay
2021-08-31,6022.0,268.0,0.0,0,451.56,0.0,1,2.99,0.31,SPY210910P00426000,426.0,0,0.0,0.0,,0.0,normalDay
2021-09-01,6022.0,278.0,0.0,0,451.8,0.0,1,2.99,0.21,SPY210910P00426000,426.0,0,0.0,0.0,,0.0,normalDay
2021-09-02,6022.0,279.0,0.0,0,453.19,0.0,1,2.99,0.2,SPY210910P00426000,426.0,0,0.0,0.0,,0.0,normalDay
2021-09-03,6022.0,286.0,0.0,0,453.08,0.0,1,2.99,0.13,SPY210910P00426000,426.0,0,0.0,0.0,,0.0,normalDay
2021-09-07,6022.0,292.0,0.0,0,451.46,0.0,1,2.99,0.07,SPY210910P00426000,426.0,0,0.0,0.0,,0.0,normalDay
2021-09-08,6022.0,294.0,0.0,0,450.91,0.0,1,2.99,0.05,SPY210910P00426000,426.0,0,0.0,0.0,,0.0,normalDay
2021-09-09,6022.0,297.0,0.0,0,448.98,0.0,1,2.99,0.02,SPY210910P00426000,426.0,0,0.0,0.0,,0.0,normalDay
2021-09-10,6321.0,0.0,299.0,0,445.44,0.0,1,2.99,0.0,SPY210910P00426000,426.0,0,0.0,0.0,,0.0,expirationDay
2021-09-13,6321.0,-4.0,0.0,0,446.58,0.0,1,5.44,5.48,SPY211015P00438000,438.0,0,0.0,0.0,,0.0,normalDay
2021-09-14,6321.0,-77.0,0.0,0,444.17,0.0,1,5.44,6.21,SPY211015P00438000,438.0,0,0.0,0.0,,0.0,normalDay
2021-09-15,6321.0,85.0,0.0,0,447.88,0.0,1,5.44,4.59,SPY211015P00438000,438.0,0,0.0,0.0,,0.0,normalDay
2021-09-16,6321.0,58.0,0.0,0,447.17,0.0,1,5.44,4.86,SPY211015P00438000,438.0,0,0.0,0.0,,0.0,normalDay
2021-09-17,6321.0,-129.0,0.0,0,441.4,0.0,1,5.44,6.73,SPY211015P00438000,438.0,0,0.0,0.0,,0.0,normalDay
2021-09-20,6321.0,-518.0,0.0,0,434.04,0.0,1,5.44,10.62,SPY211015P00438000,438.0,0,0.0,0.0,,0.0,normalDay
2021-09-21,6321.0,-504.0,0.0,0,433.63,0.0,1,5.44,10.48,SPY211015P00438000,438.0,0,0.0,0.0,,0.0,normalDay
2021-09-22,6321.0,-172.0,0.0,0,437.86,0.0,1,5.44,7.16,SPY211015P00438000,438.0,0,0.0,0.0,,0.0,normalDay
2021-09-23,6321.0,92.0,0.0,0,443.18,0.0,1,5.44,4.52,SPY211015P00438000,438.0,0,0.0,0.0,,0.0,normalDay
2021-09-24,6321.0,156.0,0.0,0,443.91,0.0,1,5.44,3.88,SPY211015P00438000,438.0,0,0.0,0.0,,0.0,normalDay
2021-09-27,6321.0,131.0,0.0,0,442.64,0.0,1,5.44,4.13,SPY211015P00438000,438.0,0,0.0,0.0,,0.0,normalDay
2021-09-28,6321.0,-327.0,0.0,0,433.72,0.0,1,5.44,8.71,SPY211015P00438000,438.0,0,0.0,0.0,,0.0,normalDay
2021-09-29,6321.0,-259.0,0.0,0,434.45,0.0,1,5.44,8.03,SPY211015P00438000,438.0,0,0.0,0.0,,0.0,normalDay
2021-09-30,6321.0,-551.0,0.0,0,429.14,0.0,1,5.44,10.95,SPY211015P00438000,438.0,0,0.0,0.0,,0.0,normalDay
2021-10-01,6321.0,-198.0,0.0,0,434.24,0.0,1,5.44,7.42,SPY211015P00438000,438.0,0,0.0,0.0,,0.0,normalDay
2021-10-04,6321.0,-554.0,0.0,0,428.64,0.0,1,5.44,10.98,SPY211015P00438000,438.0,0,0.0,0.0,,0.0,normalDay
2021-10-05,6321.0,-206.0,0.0,0,433.1,0.0,1,5.44,7.5,SPY211015P00438000,438.0,0,0.0,0.0,,0.0,normalDay
2021-10-06,6321.0,-98.0,0.0,0,434.9,0.0,1,5.44,6.42,SPY211015P00438000,438.0,0,0.0,0.0,,0.0,normalDay
2021-10-07,6321.0,165.0,0.0,0,438.66,0.0,1,5.44,3.79,SPY211015P00438000,438.0,0,0.0,0.0,,0.0,normalDay
2021-10-08,6321.0,158.0,0.0,0,437.86,0.0,1,5.44,3.86,SPY211015P00438000,438.0,0,0.0,0.0,,0.0,normalDay
2021-10-11,6321.0,16.0,0.0,0,434.69,0.0,1,5.44,5.28,SPY211015P00438000,438.0,0,0.0,0.0,,0.0,normalDay
2021-10-12,6321.0,-64.0,0.0,0,433.62,0.0,1,5.44,6.08,SPY211015P00438000,438.0,0,0.0,0.0,,0.0,normalDay
2021-10-13,6321.0,175.0,0.0,0,435.18,0.0,1,5.44,3.69,SPY211015P00438000,438.0,0,0.0,0.0,,0.0,normalDay
2021-10-14,6321.0,516.0,0.0,0,442.5,0.0,1,5.44,0.28,SPY211015P00438000,438.0,0,0.0,0.0,,0.0,normalDay
2021-10-15,6865.0,0.0,544.0,0,445.87,0.0,1,5.44,0.0,SPY211015P00438000,438.0,0,0.0,0.0,,0.0,expirationDay
2021-10-18,6865.0,-3.0,0.0,0,447.19,0.0,1,2.3,2.33,SPY211119P00424000,424.0,0,0.0,0.0,,0.0,normalDay
2021-10-19,6865.0,51.0,0.0,0,450.64,0.0,1,2.3,1.79,SPY211119P00424000,424.0,0,0.0,0.0,,0.0,normalDay
2021-10-20,6865.0,69.0,0.0,0,452.41,0.0,1,2.3,1.61,SPY211119P00424000,424.0,0,0.0,0.0,,0.0,normalDay
2021-10-21,6865.0,92.0,0.0,0,453.59,0.0,1,2.3,1.38,SPY211119P00424000,424.0,0,0.0,0.0,,0.0,normalDay
2021-10-22,6865.0,85.0,0.0,0,453.12,0.0,1,2.3,1.45,SPY211119P00424000,424.0,0,0.0,0.0,,0.0,normalDay
2021-10-25,6865.0,122.0,0.0,0,455.55,0.0,1,2.3,1.08,SPY211119P00424000,424.0,0,0.0,0.0,,0.0,normalDay
2021-10-26,6865.0,118.0,0.0,0,455.96,0.0,1,2.3,1.12,SPY211119P00424000,424.0,0,0.0,0.0,,0.0,normalDay
2021-10-27,6865.0,95.0,0.0,0,453.94,0.0,1,2.3,1.35,SPY211119P00424000,424.0,0,0.0,0.0,,0.0,normalDay
2021-10-28,6865.0,133.0,0.0,0,458.32,0.0,1,2.3,0.97,SPY211119P00424000,424.0,0,0.0,0.0,,0.0,normalDay
2021-10-29,6865.0,146.0,0.0,0,459.25,0.0,1,2.3,0.84,SPY211119P00424000,424.0,0,0.0,0.0,,0.0,normalDay
2021-11-01,6865.0,167.0,0.0,0,460.04,0.0,1,2.3,0.63,SPY211119P00424000,424.0,0,0.0,0.0,,0.0,normalDay
2021-11-02,6865.0,177.0,0.0,0,461.9,0.0,1,2.3,0.53,SPY211119P00424000,424.0,0,0.0,0.0,,0.0,normalDay
2021-11-03,6865.0,196.0,0.0,0,464.72,0.0,1,2.3,0.34,SPY211119P00424000,424.0,0,0.0,0.0,,0.0,normalDay
2021-11-04,6865.0,197.0,0.0,0,466.91,0.0,1,2.3,0.33,SPY211119P00424000,424.0,0,0.0,0.0,,0.0,normalDay
2021-11-05,6865.0,200.0,0.0,0,468.53,0.0,1,2.3,0.3,SPY211119P00424000,424.0,0,0.0,0.0,,0.0,normalDay
2021-11-08,6865.0,206.0,0.0,0,468.93,0.0,1,2.3,0.24,SPY211119P00424000,424.0,0,0.0,0.0,,0.0,normalDay
2021-11-09,6865.0,208.0,0.0,0,467.38,0.0,1,2.3,0.22,SPY211119P00424000,424.0,0,0.0,0.0,,0.0,normalDay
2021-11-10,6865.0,208.0,0.0,0,463.62,0.0,1,2.3,0.22,SPY211119P00424000,424.0,0,0.0,0.0,,0.0,normalDay
2021-11-11,6865.0,216.0,0.0,0,463.77,0.0,1,2.3,0.14,SPY211119P00424000,424.0,0,0.0,0.0,,0.0,normalDay
2021-11-12,6865.0,223.0,0.0,0,467.27,0.0,1,2.3,0.07,SPY211119P00424000,424.0,0,0.0,0.0,,0.0,normalDay
2021-11-15,6865.0,227.0,0.0,0,467.43,0.0,1,2.3,0.03,SPY211119P00424000,424.0,0,0.0,0.0,,0.0,normalDay
2021-11-16,6865.0,227.0,0.0,0,469.28,0.0,1,2.3,0.03,SPY211119P00424000,424.0,0,0.0,0.0,,0.0,normalDay
2021-11-17,6865.0,228.0,0.0,0,468.14,0.0,1,2.3,0.02,SPY211119P00424000,424.0,0,0.0,0.0,,0.0,normalDay
2021-11-18,6865.0,229.0,0.0,0,469.73,0.0,1,2.3,0.01,SPY211119P00424000,424.0,0,0.0,0.0,,0.0,normalDay
2021-11-19,7095.0,0.0,230.0,0,468.89,0.0,1,2.3,0.0,SPY211119P00424000,424.0,0,0.0,0.0,,0.0,expirationDay
2021-11-22,7095.0,-5.0,0.0,0,467.57,0.0,1,4.56,4.61,SPY211223P00453000,453.0,0,0.0,0.0,,0.0,normalDay
2021-11-23,7095.0,17.0,0.0,0,468.19,0.0,1,4.56,4.39,SPY211223P00453000,453.0,0,0.0,0.0,,0.0,normalDay
2021-11-24,7095.0,76.0,0.0,0,469.44,0.0,1,4.56,3.8,SPY211223P00453000,453.0,0,0.0,0.0,,0.0,normalDay
2021-11-26,7095.0,-739.0,0.0,0,458.97,0.0,1,4.56,11.95,SPY211223P00453000,453.0,0,0.0,0.0,,0.0,normalDay
2021-11-29,7095.0,-94.0,0.0,0,464.6,0.0,1,4.56,5.5,SPY211223P00453000,453.0,0,0.0,0.0,,0.0,normalDay
2021-11-30,7095.0,-404.0,0.0,0,455.56,0.0,1,4.56,8.6,SPY211223P00453000,453.0,0,0.0,0.0,,0.0,normalDay
2021-12-01,7095.0,-861.0,0.0,0,450.5,0.0,1,4.56,13.17,SPY211223P00453000,453.0,0,0.0,0.0,,0.0,normalDay
2021-12-02,7095.0,-410.0,0.0,0,457.4,0.0,1,4.56,8.66,SPY211223P00453000,453.0,0,0.0,0.0,,0.0,normalDay
2021-12-03,7095.0,-593.0,0.0,0,453.42,0.0,1,4.56,10.49,SPY211223P00453000,453.0,0,0.0,0.0,,0.0,normalDay
2021-12-06,7095.0,-241.0,0.0,0,458.79,0.0,1,4.56,6.97,SPY211223P00453000,453.0,0,0.0,0.0,,0.0,normalDay
2021-12-07,7095.0,152.0,0.0,0,468.28,0.0,1,4.56,3.04,SPY211223P00453000,453.0,0,0.0,0.0,,0.0,normalDay
2021-12-08,7095.0,245.0,0.0,0,469.52,0.0,1,4.56,2.11,SPY211223P00453000,453.0,0,0.0,0.0,,0.0,normalDay
2021-12-09,7095.0,165.0,0.0,0,466.35,0.0,1,4.56,2.91,SPY211223P00453000,453.0,0,0.0,0.0,,0.0,normalDay
2021-12-10,7095.0,316.0,0.0,0,470.74,0.0,1,4.56,1.4,SPY211223P00453000,453.0,0,0.0,0.0,,0.0,normalDay
2021-12-13,7095.0,267.0,0.0,0,466.57,0.0,1,4.56,1.89,SPY211223P00453000,453.0,0,0.0,0.0,,0.0,normalDay
2021-12-14,7095.0,186.0,0.0,0,463.36,0.0,1,4.56,2.7,SPY211223P00453000,453.0,0,0.0,0.0,,0.0,normalDay
2021-12-15,7095.0,377.0,0.0,0,470.6,0.0,1,4.56,0.79,SPY211223P00453000,453.0,0,0.0,0.0,,0.0,normalDay
2021-12-16,7095.0,327.0,0.0,0,466.45,0.0,1,4.56,1.29,SPY211223P00453000,453.0,0,0.0,0.0,,0.0,normalDay
2021-12-17,7095.0,259.0,0.0,0,459.87,0.0,1,4.56,1.97,SPY211223P00453000,453.0,0,0.0,0.0,,0.0,normalDay
2021-12-20,7095.0,180.0,0.0,0,454.98,0.0,1,4.56,2.76,SPY211223P00453000,453.0,0,0.0,0.0,,0.0,normalDay
2021-12-21,7095.0,421.0,0.0,0,463.06,0.0,1,4.56,0.35,SPY211223P00453000,453.0,0,0.0,0.0,,0.0,normalDay
2021-12-22,7095.0,453.0,0.0,0,467.69,0.0,1,4.56,0.03,SPY211223P00453000,453.0,0,0.0,0.0,,0.0,normalDay
2021-12-23,7551.0,0.0,456.0,0,470.6,0.0,1,4.56,0.0,SPY211223P00453000,453.0,0,0.0,0.0,,0.0,expirationDay
2021-12-27,7551.0,-3.0,0.0,0,477.26,0.0,1,2.05,2.08,SPY220128P00446000,446.0,0,0.0,0.0,,0.0,normalDay
2021-12-28,7551.0,11.0,0.0,0,476.87,0.0,1,2.05,1.94,SPY220128P00446000,446.0,0,0.0,0.0,,0.0,normalDay
2021-12-29,7551.0,41.0,0.0,0,477.48,0.0,1,2.05,1.64,SPY220128P00446000,446.0,0,0.0,0.0,,0.0,normalDay
2021-12-30,7551.0,24.0,0.0,0,476.16,0.0,1,2.05,1.81,SPY220128P00446000,446.0,0,0.0,0.0,,0.0,normalDay
2021-12-31,7551.0,35.0,0.0,0,474.96,0.0,1,2.05,1.7,SPY220128P00446000,446.0,0,0.0,0.0,,0.0,normalDay
2022-01-03,7551.0,85.0,0.0,0,477.71,0.0,1,2.05,1.2,SPY220128P00446000,446.0,0,0.0,0.0,,0.0,normalDay
2022-01-04,7551.0,85.0,0.0,0,477.55,0.0,1,2.05,1.2,SPY220128P00446000,446.0,0,0.0,0.0,,0.0,normalDay
2022-01-05,7551.0,-54.0,0.0,0,468.38,0.0,1,2.05,2.59,SPY220128P00446000,446.0,0,0.0,0.0,,0.0,normalDay
2022-01-06,7551.0,-39.0,0.0,0,467.94,0.0,1,2.05,2.44,SPY220128P00446000,446.0,0,0.0,0.0,,0.0,normalDay
2022-01-07,7551.0,-12.0,0.0,0,466.09,0.0,1,2.05,2.17,SPY220128P00446000,446.0,0,0.0,0.0,,0.0,normalDay
2022-01-10,7551.0,-16.0,0.0,0,465.51,0.0,1,2.05,2.21,SPY220128P00446000,446.0,0,0.0,0.0,,0.0,normalDay
2022-01-11,7551.0,53.0,0.0,0,469.75,0.0,1,2.05,1.52,SPY220128P00446000,446.0,0,0.0,0.0,,0.0,normalDay
2022-01-12,7551.0,94.0,0.0,0,471.02,0.0,1,2.05,1.11,SPY220128P00446000,446.0,0,0.0,0.0,,0.0,normalDay
2022-01-13,7551.0,-18.0,0.0,0,464.53,0.0,1,2.05,2.23,SPY220128P00446000,446.0,0,0.0,0.0,,0.0,normalDay
2022-01-14,7551.0,32.0,0.0,0,464.72,0.0,1,2.05,1.73,SPY220128P00446000,446.0,0,0.0,0.0,,0.0,normalDay
2022-01-18,7551.0,-140.0,0.0,0,456.49,0.0,1,2.05,3.45,SPY220128P00446000,446.0,0,0.0,0.0,,0.0,normalDay
2022-01-19,7551.0,-205.0,0.0,0,451.75,0.0,1,2.05,4.1,SPY220128P00446000,446.0,0,0.0,0.0,,0.0,normalDay
2022-01-20,7551.0,-417.0,0.0,0,446.75,0.0,1,2.05,6.22,SPY220128P00446000,446.0,0,0.0,0.0,,0.0,normalDay
2022-01-21,7551.0,-912.0,0.0,0,437.98,0.0,1,2.05,11.17,SPY220128P00446000,446.0,0,0.0,0.0,,0.0,normalDay
2022-01-24,7551.0,-865.0,0.0,0,439.84,0.0,1,2.05,10.7,SPY220128P00446000,446.0,0,0.0,0.0,,0.0,normalDay
2022-01-25,7551.0,-1240.0,0.0,0,434.47,0.0,1,2.05,14.45,SPY220128P00446000,446.0,0,0.0,0.0,,0.0,normalDay
2022-01-26,7551.0,-1199.0,0.0,0,433.38,0.0,1,2.05,14.04,SPY220128P00446000,446.0,0,0.0,0.0,,0.0,normalDay
2022-01-27,7551.0,-1244.0,0.0,0,431.24,0.0,1,2.05,14.49,SPY220128P00446000,446.0,0,0.0,0.0,,0.0,normalDay
2022-01-28,7756.0,-405.0,205.0,100,441.95,446.0,1,2.05,0.0,SPY220128P00446000,446.0,0,0.0,0.0,,0.0,expirationDay
2022-01-31,7756.0,387.0,0.0,100,449.91,446.0,0,0.0,0.0,,0.0,1,1.35,1.39,SPY220414C00491000,491.0,normalDay
2022-02-01,7756.0,697.0,0.0,100,452.95,446.0,0,0.0,0.0,,0.0,1,1.35,1.33,SPY220414C00491000,491.0,normalDay
2022-02-02,7756.0,1122.0,0.0,100,457.35,446.0,0,0.0,0.0,,0.0,1,1.35,1.48,SPY220414C00491000,491.0,normalDay
2022-02-03,7756.0,77.0,0.0,100,446.6,446.0,0,0.0,0.0,,0.0,1,1.35,1.18,SPY220414C00491000,491.0,normalDay
2022-02-04,7756.0,311.0,0.0,100,448.7,446.0,0,0.0,0.0,,0.0,1,1.35,0.94,SPY220414C00491000,491.0,normalDay
2022-02-07,7756.0,177.0,0.0,100,447.26,446.0,0,0.0,0.0,,0.0,1,1.35,0.84,SPY220414C00491000,491.0,normalDay
2022-02-08,7756.0,538.0,0.0,100,450.94,446.0,0,0.0,0.0,,0.0,1,1.35,0.91,SPY220414C00491000,491.0,normalDay
2022-02-09,7756.0,1163.0,0.0,100,457.54,446.0,0,0.0,0.0,,0.0,1,1.35,1.26,SPY220414C00491000,491.0,normalDay
2022-02-10,7756.0,385.0,0.0,100,449.32,446.0,0,0.0,0.0,,0.0,1,1.35,0.82,SPY220414C00491000,491.0,normalDay
2022-02-11,7756.0,-481.0,0.0,100,440.46,446.0,0,0.0,0.0,,0.0,1,1.35,0.62,SPY220414C00491000,491.0,normalDay
2022-02-14,7756.0,-618.0,0.0,100,439.02,446.0,0,0.0,0.0,,0.0,1,1.35,0.55,SPY220414C00491000,491.0,normalDay
2022-02-15,7756.0,87.0,0.0,100,446.1,446.0,0,0.0,0.0,,0.0,1,1.35,0.58,SPY220414C00491000,491.0,normalDay
2022-02-16,7756.0,144.0,0.0,100,446.6,446.0,0,0.0,0.0,,0.0,1,1.35,0.51,SPY220414C00491000,491.0,normalDay
2022-02-17,7756.0,-791.0,0.0,100,437.06,446.0,0,0.0,0.0,,0.0,1,1.35,0.32,SPY220414C00491000,491.0,normalDay
2022-02-18,7756.0,-1070.0,0.0,100,434.23,446.0,0,0.0,0.0,,0.0,1,1.35,0.28,SPY220414C00491000,491.0,normalDay
2022-02-22,7756.0,-1529.0,0.0,100,429.57,446.0,0,0.0,0.0,,0.0,1,1.35,0.21,SPY220414C00491000,491.0,normalDay
2022-02-23,7756.0,-2284.0,0.0,100,421.95,446.0,0,0.0,0.0,,0.0,1,1.35,0.14,SPY220414C00491000,491.0,normalDay
2022-02-24,7756.0,-1654.0,0.0,100,428.3,446.0,0,0.0,0.0,,0.0,1,1.35,0.19,SPY220414C00491000,491.0,normalDay
2022-02-25,7756.0,-715.0,0.0,100,437.75,446.0,0,0.0,0.0,,0.0,1,1.35,0.25,SPY220414C00491000,491.0,normalDay
2022-02-28,7756.0,-828.0,0.0,100,436.63,446.0,0,0.0,0.0,,0.0,1,1.35,0.26,SPY220414C00491000,491.0,normalDay
2022-03-01,7756.0,-1488.0,0.0,100,429.98,446.0,0,0.0,0.0,,0.0,1,1.35,0.21,SPY220414C00491000,491.0,normalDay
2022-03-02,7756.0,-701.0,0.0,100,437.89,446.0,0,0.0,0.0,,0.0,1,1.35,0.25,SPY220414C00491000,491.0,normalDay
2022-03-03,7756.0,-912.0,0.0,100,435.71,446.0,0,0.0,0.0,,0.0,1,1.35,0.18,SPY220414C00491000,491.0,normalDay
2022-03-04,7756.0,-1260.0,0.0,100,432.17,446.0,0,0.0,0.0,,0.0,1,1.35,0.12,SPY220414C00491000,491.0,normalDay
2022-03-07,7756.0,-2528.0,0.0,100,419.43,446.0,0,0.0,0.0,,0.0,1,1.35,0.06,SPY220414C00491000,491.0,normalDay
2022-03-08,7756.0,-2847.0,0.0,100,416.25,446.0,0,0.0,0.0,,0.0,1,1.35,0.07,SPY220414C00491000,491.0,normalDay
2022-03-09,7756.0,-1734.0,0.0,100,427.41,446.0,0,0.0,0.0,,0.0,1,1.35,0.1,SPY220414C00491000,491.0,normalDay
2022-03-10,7756.0,-1924.0,0.0,100,425.48,446.0,0,0.0,0.0,,0.0,1,1.35,0.07,SPY220414C00491000,491.0,normalDay
2022-03-11,7756.0,-2464.0,0.0,100,420.07,446.0,0,0.0,0.0,,0.0,1,1.35,0.06,SPY220414C00491000,491.0,normalDay
2022-03-14,7756.0,-2769.0,0.0,100,417.0,446.0,0,0.0,0.0,,0.0,1,1.35,0.04,SPY220414C00491000,491.0,normalDay
2022-03-15,7756.0,-1854.0,0.0,100,426.17,446.0,0,0.0,0.0,,0.0,1,1.35,0.06,SPY220414C00491000,491.0,normalDay
2022-03-16,7756.0,-911.0,0.0,100,435.62,446.0,0,0.0,0.0,,0.0,1,1.35,0.08,SPY220414C00491000,491.0,normalDay
2022-03-17,7756.0,-367.0,0.0,100,441.07,446.0,0,0.0,0.0,,0.0,1,1.35,0.09,SPY220414C00491000,491.0,normalDay
2022-03-18,7756.0,-22.0,0.0,100,444.52,446.0,0,0.0,0.0,,0.0,1,1.35,0.09,SPY220414C00491000,491.0,normalDay
2022-03-21,7756.0,-32.0,0.0,100,444.39,446.0,0,0.0,0.0,,0.0,1,1.35,0.06,SPY220414C00491000,491.0,normalDay
2022-03-22,7756.0,487.0,0.0,100,449.59,446.0,0,0.0,0.0,,0.0,1,1.35,0.07,SPY220414C00491000,491.0,normalDay
2022-03-23,7756.0,-88.0,0.0,100,443.8,446.0,0,0.0,0.0,,0.0,1,1.35,0.03,SPY220414C00491000,491.0,normalDay
2022-03-24,7756.0,580.0,0.0,100,450.49,446.0,0,0.0,0.0,,0.0,1,1.35,0.04,SPY220414C00491000,491.0,normalDay
2022-03-25,7756.0,801.0,0.0,100,452.69,446.0,0,0.0,0.0,,0.0,1,1.35,0.03,SPY220414C00491000,491.0,normalDay
2022-03-28,7756.0,1123.0,0.0,100,455.91,446.0,0,0.0,0.0,,0.0,1,1.35,0.03,SPY220414C00491000,491.0,normalDay
2022-03-29,7756.0,1682.0,0.0,100,461.55,446.0,0,0.0,0.0,,0.0,1,1.35,0.08,SPY220414C00491000,491.0,normalDay
2022-03-30,7756.0,1400.0,0.0,100,458.7,446.0,0,0.0,0.0,,0.0,1,1.35,0.05,SPY220414C00491000,491.0,normalDay
2022-03-31,7756.0,697.0,0.0,100,451.64,446.0,0,0.0,0.0,,0.0,1,1.35,0.02,SPY220414C00491000,491.0,normalDay
2022-04-01,7756.0,826.0,0.0,100,452.92,446.0,0,0.0,0.0,,0.0,1,1.35,0.01,SPY220414C00491000,491.0,normalDay
2022-04-04,7756.0,1214.0,0.0,100,456.8,446.0,0,0.0,0.0,,0.0,1,1.35,0.01,SPY220414C00491000,491.0,normalDay
2022-04-05,7756.0,637.0,0.0,100,451.03,446.0,0,0.0,0.0,,0.0,1,1.35,0.01,SPY220414C00491000,491.0,normalDay
2022-04-06,7756.0,186.0,0.0,100,446.52,446.0,0,0.0,0.0,,0.0,1,1.35,0.01,SPY220414C00491000,491.0,normalDay
2022-04-07,7756.0,411.0,0.0,100,448.77,446.0,0,0.0,0.0,,0.0,1,1.35,0.01,SPY220414C00491000,491.0,normalDay
2022-04-08,7756.0,291.0,0.0,100,447.57,446.0,0,0.0,0.0,,0.0,1,1.35,0.01,SPY220414C00491000,491.0,normalDay
2022-04-11,7756.0,-474.0,0.0,100,439.92,446.0,0,0.0,0.0,,0.0,1,1.35,0.01,SPY220414C00491000,491.0,normalDay
2022-04-12,7756.0,-637.0,0.0,100,438.29,446.0,0,0.0,0.0,,0.0,1,1.35,0.01,SPY220414C00491000,491.0,normalDay
2022-04-13,7756.0,-135.0,0.0,100,443.31,446.0,0,0.0,0.0,,0.0,1,1.35,0.01,SPY220414C00491000,491.0,normalDay
2022-04-14,7891.0,-821.0,135.0,100,437.79,446.0,0,0.0,0.0,,0.0,1,1.35,0.0,SPY220414C00491000,491.0,expirationDay
2022-04-18,7891.0,-809.0,0.0,100,437.97,446.0,0,0.0,0.0,,0.0,1,3.31,3.37,SPY220630C00465000,465.0,normalDay
2022-04-19,7891.0,-199.0,0.0,100,445.04,446.0,0,0.0,0.0,,0.0,1,3.31,4.34,SPY220630C00465000,465.0,normalDay
2022-04-20,7891.0,-275.0,0.0,100,444.71,446.0,0,0.0,0.0,,0.0,1,3.31,4.77,SPY220630C00465000,465.0,normalDay
2022-04-21,7891.0,-767.0,0.0,100,438.06,446.0,0,0.0,0.0,,0.0,1,3.31,3.04,SPY220630C00465000,465.0,normalDay
2022-04-22,7891.0,-1822.0,0.0,100,426.04,446.0,0,0.0,0.0,,0.0,1,3.31,1.57,SPY220630C00465000,465.0,normalDay
2022-04-25,7891.0,-1588.0,0.0,100,428.51,446.0,0,0.0,0.0,,0.0,1,3.31,1.7,SPY220630C00465000,465.0,normalDay
2022-04-26,7891.0,-2749.0,0.0,100,416.1,446.0,0,0.0,0.0,,0.0,1,3.31,0.9,SPY220630C00465000,465.0,normalDay
2022-04-27,7891.0,-2642.0,0.0,100,417.27,446.0,0,0.0,0.0,,0.0,1,3.31,1.0,SPY220630C00465000,465.0,normalDay
2022-04-28,7891.0,-1657.0,0.0,100,427.81,446.0,0,0.0,0.0,,0.0,1,3.31,1.69,SPY220630C00465000,465.0,normalDay
2022-04-29,7891.0,-3152.0,0.0,100,412.0,446.0,0,0.0,0.0,,0.0,1,3.31,0.83,SPY220630C00465000,465.0,normalDay
2022-05-02,7891.0,-2914.0,0.0,100,414.48,446.0,0,0.0,0.0,,0.0,1,3.31,0.93,SPY220630C00465000,465.0,normalDay
2022-05-03,7891.0,-2709.0,0.0,100,416.38,446.0,0,0.0,0.0,,0.0,1,3.31,0.78,SPY220630C00465000,465.0,normalDay
2022-05-04,7891.0,-1509.0,0.0,100,429.06,446.0,0,0.0,0.0,,0.0,1,3.31,1.46,SPY220630C00465000,465.0,normalDay
2022-05-05,7891.0,-2961.0,0.0,100,413.81,446.0,0,0.0,0.0,,0.0,1,3.31,0.73,SPY220630C00465000,465.0,normalDay
2022-05-06,7891.0,-3189.0,0.0,100,411.34,446.0,0,0.0,0.0,,0.0,1,3.31,0.54,SPY220630C00465000,465.0,normalDay
2022-05-09,7891.0,-4489.0,0.0,100,398.17,446.0,0,0.0,0.0,,0.0,1,3.31,0.37,SPY220630C00465000,465.0,normalDay
2022-05-10,7891.0,-4387.0,0.0,100,399.09,446.0,0,0.0,0.0,,0.0,1,3.31,0.27,SPY220630C00465000,465.0,normalDay
2022-05-11,7891.0,-5016.0,0.0,100,392.75,446.0,0,0.0,0.0,,0.0,1,3.31,0.22,SPY220630C00465000,465.0,normalDay
2022-05-12,7891.0,-5054.0,0.0,100,392.34,446.0,0,0.0,0.0,,0.0,1,3.31,0.19,SPY220630C00465000,465.0,normalDay
2022-05-13,7891.0,-4114.0,0.0,100,401.72,446.0,0,0.0,0.0,,0.0,1,3.31,0.17,SPY220630C00465000,465.0,normalDay
2022-05-16,7891.0,-4271.0,0.0,100,400.09,446.0,0,0.0,0.0,,0.0,1,3.31,0.11,SPY220630C00465000,465.0,normalDay
2022-05-17,7891.0,-3452.0,0.0,100,408.32,446.0,0,0.0,0.0,,0.0,1,3.31,0.15,SPY220630C00465000,465.0,normalDay
2022-05-18,7891.0,-5090.0,0.0,100,391.86,446.0,0,0.0,0.0,,0.0,1,3.31,0.07,SPY220630C00465000,465.0,normalDay
2022-05-19,7891.0,-5329.0,0.0,100,389.46,446.0,0,0.0,0.0,,0.0,1,3.31,0.06,SPY220630C00465000,465.0,normalDay
2022-05-20,7891.0,-5313.0,0.0,100,389.63,446.0,0,0.0,0.0,,0.0,1,3.31,0.07,SPY220630C00465000,465.0,normalDay
2022-05-23,7891.0,-4587.0,0.0,100,396.92,446.0,0,0.0,0.0,,0.0,1,3.31,0.1,SPY220630C00465000,465.0,normalDay
2022-05-24,7891.0,-4890.0,0.0,100,393.89,446.0,0,0.0,0.0,,0.0,1,3.31,0.1,SPY220630C00465000,465.0,normalDay
2022-05-25,7891.0,-4542.0,0.0,100,397.37,446.0,0,0.0,0.0,,0.0,1,3.31,0.1,SPY220630C00465000,465.0,normalDay
2022-05-26,7891.0,-3752.0,0.0,100,405.31,446.0,0,0.0,0.0,,0.0,1,3.31,0.14,SPY220630C00465000,465.0,normalDay
2022-05-27,7891.0,-2764.0,0.0,100,415.26,446.0,0,0.0,0.0,,0.0,1,3.31,0.21,SPY220630C00465000,465.0,normalDay
2022-05-31,7891.0,-2987.0,0.0,100,412.93,446.0,0,0.0,0.0,,0.0,1,3.31,0.11,SPY220630C00465000,465.0,normalDay
2022-06-01,7891.0,-3318.0,0.0,100,409.59,446.0,0,0.0,0.0,,0.0,1,3.31,0.08,SPY220630C00465000,465.0,normalDay
2022-06-02,7891.0,-2540.0,0.0,100,417.39,446.0,0,0.0,0.0,,0.0,1,3.31,0.1,SPY220630C00465000,465.0,normalDay
2022-06-03,7891.0,-3222.0,0.0,100,410.54,446.0,0,0.0,0.0,,0.0,1,3.31,0.07,SPY220630C00465000,465.0,normalDay
2022-06-06,7891.0,-3096.0,0.0,100,411.79,446.0,0,0.0,0.0,,0.0,1,3.31,0.06,SPY220630C00465000,465.0,normalDay
2022-06-07,7891.0,-2701.0,0.0,100,415.74,446.0,0,0.0,0.0,,0.0,1,3.31,0.06,SPY220630C00465000,465.0,normalDay
2022-06-08,7891.0,-3151.0,0.0,100,411.22,446.0,0,0.0,0.0,,0.0,1,3.31,0.04,SPY220630C00465000,465.0,normalDay
2022-06-09,7891.0,-4128.0,0.0,100,401.44,446.0,0,0.0,0.0,,0.0,1,3.31,0.03,SPY220630C00465000,465.0,normalDay
2022-06-10,7891.0,-5292.0,0.0,100,389.8,446.0,0,0.0,0.0,,0.0,1,3.31,0.03,SPY220630C00465000,465.0,normalDay
2022-06-13,7891.0,-6772.0,0.0,100,375.0,446.0,0,0.0,0.0,,0.0,1,3.31,0.03,SPY220630C00465000,465.0,normalDay
2022-06-14,7891.0,-6885.0,0.0,100,373.87,446.0,0,0.0,0.0,,0.0,1,3.31,0.03,SPY220630C00465000,465.0,normalDay
2022-06-15,7891.0,-6351.0,0.0,100,379.2,446.0,0,0.0,0.0,,0.0,1,3.31,0.02,SPY220630C00465000,465.0,normalDay
2022-06-16,7891.0,-7606.0,0.0,100,366.65,446.0,0,0.0,0.0,,0.0,1,3.31,0.02,SPY220630C00465000,465.0,normalDay
2022-06-17,7891.0,-7685.0,0.0,100,365.86,446.0,0,0.0,0.0,,0.0,1,3.31,0.02,SPY220630C00465000,465.0,normalDay
2022-06-21,7891.0,-6763.0,0.0,100,375.07,446.0,0,0.0,0.0,,0.0,1,3.31,0.01,SPY220630C00465000,465.0,normalDay
2022-06-22,7891.0,-6831.0,0.0,100,374.39,446.0,0,0.0,0.0,,0.0,1,3.31,0.01,SPY220630C00465000,465.0,normalDay
2022-06-23,7891.0,-6464.0,0.0,100,378.06,446.0,0,0.0,0.0,,0.0,1,3.31,0.01,SPY220630C00465000,465.0,normalDay
2022-06-24,7891.0,-5262.0,0.0,100,390.08,446.0,0,0.0,0.0,,0.0,1,3.31,0.01,SPY220630C00465000,465.0,normalDay
2022-06-27,7891.0,-5411.0,0.0,100,388.59,446.0,0,0.0,0.0,,0.0,1,3.31,0.01,SPY220630C00465000,465.0,normalDay
2022-06-28,7891.0,-6205.0,0.0,100,380.65,446.0,0,0.0,0.0,,0.0,1,3.31,0.01,SPY220630C00465000,465.0,normalDay
2022-06-29,7891.0,-6236.0,0.0,100,380.34,446.0,0,0.0,0.0,,0.0,1,3.31,0.01,SPY220630C00465000,465.0,normalDay
2022-06-30,8222.0,-6875.0,331.0,100,377.25,446.0,0,0.0,0.0,,0.0,1,3.31,0.0,SPY220630C00465000,465.0,expirationDay
2022-07-01,8222.0,-6480.0,0.0,100,381.24,446.0,0,0.0,0.0,,0.0,1,2.45,2.49,SPY220916C00422000,422.0,normalDay
2022-07-05,8222.0,-6392.0,0.0,100,381.96,446.0,0,0.0,0.0,,0.0,1,2.45,2.33,SPY220916C00422000,422.0,normalDay
2022-07-06,8222.0,-6285.0,0.0,100,383.25,446.0,0,0.0,0.0,,0.0,1,2.45,2.55,SPY220916C00422000,422.0,normalDay
2022-07-07,8222.0,-5789.0,0.0,100,388.99,446.0,0,0.0,0.0,,0.0,1,2.45,3.33,SPY220916C00422000,422.0,normalDay
2022-07-08,8222.0,-5798.0,0.0,100,388.67,446.0,0,0.0,0.0,,0.0,1,2.45,3.1,SPY220916C00422000,422.0,normalDay
2022-07-11,8222.0,-6164.0,0.0,100,384.23,446.0,0,0.0,0.0,,0.0,1,2.45,2.32,SPY220916C00422000,422.0,normalDay
2022-07-12,8222.0,-6439.0,0.0,100,380.83,446.0,0,0.0,0.0,,0.0,1,2.45,1.67,SPY220916C00422000,422.0,normalDay
2022-07-13,8222.0,-6615.0,0.0,100,378.83,446.0,0,0.0,0.0,,0.0,1,2.45,1.43,SPY220916C00422000,422.0,normalDay
2022-07-14,8222.0,-6698.0,0.0,100,377.91,446.0,0,0.0,0.0,,0.0,1,2.45,1.34,SPY220916C00422000,422.0,normalDay
2022-07-15,8222.0,-6023.0,0.0,100,385.13,446.0,0,0.0,0.0,,0.0,1,2.45,1.81,SPY220916C00422000,422.0,normalDay
2022-07-18,8222.0,-6308.0,0.0,100,381.95,446.0,0,0.0,0.0,,0.0,1,2.45,1.48,SPY220916C00422000,422.0,normalDay
2022-07-19,8222.0,-5444.0,0.0,100,392.27,446.0,0,0.0,0.0,,0.0,1,2.45,3.16,SPY220916C00422000,422.0,normalDay
2022-07-20,8222.0,-5239.0,0.0,100,394.77,446.0,0,0.0,0.0,,0.0,1,2.45,3.61,SPY220916C00422000,422.0,normalDay
2022-07-21,8222.0,-4889.0,0.0,100,398.79,446.0,0,0.0,0.0,,0.0,1,2.45,4.13,SPY220916C00422000,422.0,normalDay
2022-07-22,8222.0,-5151.0,0.0,100,395.09,446.0,0,0.0,0.0,,0.0,1,2.45,3.05,SPY220916C00422000,422.0,normalDay
2022-07-25,8222.0,-5098.0,0.0,100,395.57,446.0,0,0.0,0.0,,0.0,1,2.45,3.0,SPY220916C00422000,422.0,normalDay
2022-07-26,8222.0,-5493.0,0.0,100,390.89,446.0,0,0.0,0.0,,0.0,1,2.45,2.27,SPY220916C00422000,422.0,normalDay
2022-07-27,8222.0,-4632.0,0.0,100,401.04,446.0,0,0.0,0.0,,0.0,1,2.45,3.81,SPY220916C00422000,422.0,normalDay
2022-07-28,8222.0,-4301.0,0.0,100,406.07,446.0,0,0.0,0.0,,0.0,1,2.45,5.53,SPY220916C00422000,422.0,normalDay
2022-07-29,8222.0,-3865.0,0.0,100,411.99,446.0,0,0.0,0.0,,0.0,1,2.45,7.09,SPY220916C00422000,422.0,normalDay
2022-08-01,8222.0,-3950.0,0.0,100,410.77,446.0,0,0.0,0.0,,0.0,1,2.45,6.72,SPY220916C00422000,422.0,normalDay
2022-08-02,8222.0,-4123.0,0.0,100,408.06,446.0,0,0.0,0.0,,0.0,1,2.45,5.74,SPY220916C00422000,422.0,normalDay
2022-08-03,8222.0,-3671.0,0.0,100,414.45,446.0,0,0.0,0.0,,0.0,1,2.45,7.61,SPY220916C00422000,422.0,normalDay
2022-08-04,8222.0,-3681.0,0.0,100,414.17,446.0,0,0.0,0.0,,0.0,1,2.45,7.43,SPY220916C00422000,422.0,normalDay
2022-08-05,8222.0,-3651.0,0.0,100,413.47,446.0,0,0.0,0.0,,0.0,1,2.45,6.43,SPY220916C00422000,422.0,normalDay
2022-08-08,8222.0,-3677.0,0.0,100,412.99,446.0,0,0.0,0.0,,0.0,1,2.45,6.21,SPY220916C00422000,422.0,normalDay
2022-08-09,8222.0,-3779.0,0.0,100,411.35,446.0,0,0.0,0.0,,0.0,1,2.45,5.59,SPY220916C00422000,422.0,normalDay
2022-08-10,8222.0,-3213.0,0.0,100,419.99,446.0,0,0.0,0.0,,0.0,1,2.45,8.57,SPY220916C00422000,422.0,normalDay
2022-08-11,8222.0,-3249.0,0.0,100,419.99,446.0,0,0.0,0.0,,0.0,1,2.45,8.93,SPY220916C00422000,422.0,normalDay
2022-08-12,8222.0,-2897.0,0.0,100,427.1,446.0,0,0.0,0.0,,0.0,1,2.45,12.52,SPY220916C00422000,422.0,normalDay
2022-08-15,8222.0,-2823.0,0.0,100,428.86,446.0,0,0.0,0.0,,0.0,1,2.45,13.54,SPY220916C00422000,422.0,normalDay
2022-08-16,8222.0,-2766.0,0.0,100,429.7,446.0,0,0.0,0.0,,0.0,1,2.45,13.81,SPY220916C00422000,422.0,normalDay
2022-08-17,8222.0,-2901.0,0.0,100,426.65,446.0,0,0.0,0.0,,0.0,1,2.45,12.11,SPY220916C00422000,422.0,normalDay
2022-08-18,8222.0,-2785.0,0.0,100,427.89,446.0,0,0.0,0.0,,0.0,1,2.45,12.19,SPY220916C00422000,422.0,normalDay
2022-08-19,8222.0,-3010.0,0.0,100,422.14,446.0,0,0.0,0.0,,0.0,1,2.45,8.69,SPY220916C00422000,422.0,normalDay
2022-08-22,8222.0,-3512.0,0.0,100,413.35,446.0,0,0.0,0.0,,0.0,1,2.45,4.92,SPY220916C00422000,422.0,normalDay
2022-08-23,8222.0,-3538.0,0.0,100,412.35,446.0,0,0.0,0.0,,0.0,1,2.45,4.18,SPY220916C00422000,422.0,normalDay
2022-08-24,8222.0,-3415.0,0.0,100,413.67,446.0,0,0.0,0.0,,0.0,1,2.45,4.27,SPY220916C00422000,422.0,normalDay
2022-08-25,8222.0,-3022.0,0.0,100,419.51,446.0,0,0.0,0.0,,0.0,1,2.45,6.18,SPY220916C00422000,422.0,normalDay
2022-08-26,8222.0,-4016.0,0.0,100,405.31,446.0,0,0.0,0.0,,0.0,1,2.45,1.92,SPY220916C00422000,422.0,normalDay
2022-08-29,8222.0,-4220.0,0.0,100,402.63,446.0,0,0.0,0.0,,0.0,1,2.45,1.28,SPY220916C00422000,422.0,normalDay
2022-08-30,8222.0,-4601.0,0.0,100,398.21,446.0,0,0.0,0.0,,0.0,1,2.45,0.67,SPY220916C00422000,422.0,normalDay
2022-08-31,8222.0,-4878.0,0.0,100,395.18,446.0,0,0.0,0.0,,0.0,1,2.45,0.41,SPY220916C00422000,422.0,normalDay
2022-09-01,8222.0,-4749.0,0.0,100,396.42,446.0,0,0.0,0.0,,0.0,1,2.45,0.36,SPY220916C00422000,422.0,normalDay
2022-09-02,8222.0,-5149.0,0.0,100,392.24,446.0,0,0.0,0.0,,0.0,1,2.45,0.18,SPY220916C00422000,422.0,normalDay
2022-09-06,8222.0,-5291.0,0.0,100,390.76,446.0,0,0.0,0.0,,0.0,1,2.45,0.12,SPY220916C00422000,422.0,normalDay
2022-09-07,8222.0,-4599.0,0.0,100,397.78,446.0,0,0.0,0.0,,0.0,1,2.45,0.22,SPY220916C00422000,422.0,normalDay
2022-09-08,8222.0,-4337.0,0.0,100,400.38,446.0,0,0.0,0.0,,0.0,1,2.45,0.2,SPY220916C00422000,422.0,normalDay
2022-09-09,8222.0,-3726.0,0.0,100,406.6,446.0,0,0.0,0.0,,0.0,1,2.45,0.31,SPY220916C00422000,422.0,normalDay
2022-09-12,8222.0,-3340.0,0.0,100,410.97,446.0,0,0.0,0.0,,0.0,1,2.45,0.82,SPY220916C00422000,422.0,normalDay
2022-09-13,8222.0,-5048.0,0.0,100,393.1,446.0,0,0.0,0.0,,0.0,1,2.45,0.03,SPY220916C00422000,422.0,normalDay
2022-09-14,8222.0,-4897.0,0.0,100,394.6,446.0,0,0.0,0.0,,0.0,1,2.45,0.02,SPY220916C00422000,422.0,normalDay
2022-09-15,8222.0,-5344.0,0.0,100,390.12,446.0,0,0.0,0.0,,0.0,1,2.45,0.01,SPY220916C00422000,422.0,normalDay
2022-09-16,8467.0,-6044.0,245.0,100,385.56,446.0,0,0.0,0.0,,0.0,1,2.45,0.0,SPY220916C00422000,422.0,expirationDay
2022-09-19,8467.0,-5750.0,0.0,100,388.55,446.0,0,0.0,0.0,,0.0,1,3.15,3.2,SPY221118C00422000,422.0,normalDay
2022-09-20,8467.0,-6133.0,0.0,100,384.09,446.0,0,0.0,0.0,,0.0,1,3.15,2.57,SPY221118C00422000,422.0,normalDay
2022-09-21,8467.0,-6713.0,0.0,100,377.39,446.0,0,0.0,0.0,,0.0,1,3.15,1.67,SPY221118C00422000,422.0,normalDay
2022-09-22,8467.0,-6993.0,0.0,100,374.22,446.0,0,0.0,0.0,,0.0,1,3.15,1.3,SPY221118C00422000,422.0,normalDay
2022-09-23,8467.0,-7580.0,0.0,100,367.95,446.0,0,0.0,0.0,,0.0,1,3.15,0.9,SPY221118C00422000,422.0,normalDay
2022-09-26,8467.0,-7927.0,0.0,100,364.31,446.0,0,0.0,0.0,,0.0,1,3.15,0.73,SPY221118C00422000,422.0,normalDay
2022-09-27,8467.0,-8010.0,0.0,100,363.38,446.0,0,0.0,0.0,,0.0,1,3.15,0.63,SPY221118C00422000,422.0,normalDay
2022-09-28,8467.0,-7324.0,0.0,100,370.53,446.0,0,0.0,0.0,,0.0,1,3.15,0.92,SPY221118C00422000,422.0,normalDay
2022-09-29,8467.0,-8056.0,0.0,100,362.79,446.0,0,0.0,0.0,,0.0,1,3.15,0.5,SPY221118C00422000,422.0,normalDay
2022-09-30,8467.0,-8600.0,0.0,100,357.18,446.0,0,0.0,0.0,,0.0,1,3.15,0.33,SPY221118C00422000,422.0,normalDay
2022-10-03,8467.0,-7678.0,0.0,100,366.61,446.0,0,0.0,0.0,,0.0,1,3.15,0.54,SPY221118C00422000,422.0,normalDay
2022-10-04,8467.0,-6605.0,0.0,100,377.97,446.0,0,0.0,0.0,,0.0,1,3.15,1.17,SPY221118C00422000,422.0,normalDay
2022-10-05,8467.0,-6674.0,0.0,100,377.09,446.0,0,0.0,0.0,,0.0,1,3.15,0.98,SPY221118C00422000,422.0,normalDay
2022-10-06,8467.0,-7043.0,0.0,100,373.2,446.0,0,0.0,0.0,,0.0,1,3.15,0.78,SPY221118C00422000,422.0,normalDay
2022-10-07,8467.0,-8041.0,0.0,100,362.79,446.0,0,0.0,0.0,,0.0,1,3.15,0.35,SPY221118C00422000,422.0,normalDay
2022-10-10,8467.0,-8317.0,0.0,100,360.02,446.0,0,0.0,0.0,,0.0,1,3.15,0.34,SPY221118C00422000,422.0,normalDay
2022-10-11,8467.0,-8543.0,0.0,100,357.74,446.0,0,0.0,0.0,,0.0,1,3.15,0.32,SPY221118C00422000,422.0,normalDay
2022-10-12,8467.0,-8657.0,0.0,100,356.56,446.0,0,0.0,0.0,,0.0,1,3.15,0.28,SPY221118C00422000,422.0,normalDay
2022-10-13,8467.0,-7742.0,0.0,100,365.97,446.0,0,0.0,0.0,,0.0,1,3.15,0.54,SPY221118C00422000,422.0,normalDay
2022-10-14,8467.0,-8548.0,0.0,100,357.63,446.0,0,0.0,0.0,,0.0,1,3.15,0.26,SPY221118C00422000,422.0,normalDay
2022-10-17,8467.0,-7645.0,0.0,100,366.82,446.0,0,0.0,0.0,,0.0,1,3.15,0.42,SPY221118C00422000,422.0,normalDay
2022-10-18,8467.0,-7229.0,0.0,100,371.13,446.0,0,0.0,0.0,,0.0,1,3.15,0.57,SPY221118C00422000,422.0,normalDay
2022-10-19,8467.0,-7476.0,0.0,100,368.5,446.0,0,0.0,0.0,,0.0,1,3.15,0.41,SPY221118C00422000,422.0,normalDay
2022-10-20,8467.0,-7770.0,0.0,100,365.41,446.0,0,0.0,0.0,,0.0,1,3.15,0.26,SPY221118C00422000,422.0,normalDay
2022-10-21,8467.0,-6915.0,0.0,100,374.29,446.0,0,0.0,0.0,,0.0,1,3.15,0.59,SPY221118C00422000,422.0,normalDay
2022-10-24,8467.0,-6476.0,0.0,100,378.87,446.0,0,0.0,0.0,,0.0,1,3.15,0.78,SPY221118C00422000,422.0,normalDay
2022-10-25,8467.0,-5879.0,0.0,100,384.92,446.0,0,0.0,0.0,,0.0,1,3.15,0.86,SPY221118C00422000,422.0,normalDay
2022-10-26,8467.0,-6145.0,0.0,100,382.02,446.0,0,0.0,0.0,,0.0,1,3.15,0.62,SPY221118C00422000,422.0,normalDay
2022-10-27,8467.0,-6318.0,0.0,100,379.98,446.0,0,0.0,0.0,,0.0,1,3.15,0.31,SPY221118C00422000,422.0,normalDay
2022-10-28,8467.0,-5465.0,0.0,100,389.02,446.0,0,0.0,0.0,,0.0,1,3.15,0.82,SPY221118C00422000,422.0,normalDay
2022-10-31,8467.0,-5712.0,0.0,100,386.21,446.0,0,0.0,0.0,,0.0,1,3.15,0.48,SPY221118C00422000,422.0,normalDay
2022-11-01,8467.0,-5868.0,0.0,100,384.52,446.0,0,0.0,0.0,,0.0,1,3.15,0.35,SPY221118C00422000,422.0,normalDay
2022-11-02,8467.0,-6809.0,0.0,100,374.87,446.0,0,0.0,0.0,,0.0,1,3.15,0.11,SPY221118C00422000,422.0,normalDay
2022-11-03,8467.0,-7192.0,0.0,100,371.01,446.0,0,0.0,0.0,,0.0,1,3.15,0.08,SPY221118C00422000,422.0,normalDay
2022-11-04,8467.0,-6656.0,0.0,100,376.35,446.0,0,0.0,0.0,,0.0,1,3.15,0.06,SPY221118C00422000,422.0,normalDay
2022-11-07,8467.0,-6296.0,0.0,100,379.95,446.0,0,0.0,0.0,,0.0,1,3.15,0.06,SPY221118C00422000,422.0,normalDay
2022-11-08,8467.0,-6091.0,0.0,100,382.0,446.0,0,0.0,0.0,,0.0,1,3.15,0.06,SPY221118C00422000,422.0,normalDay
2022-11-09,8467.0,-6875.0,0.0,100,374.13,446.0,0,0.0,0.0,,0.0,1,3.15,0.03,SPY221118C00422000,422.0,normalDay
2022-11-10,8467.0,-4833.0,0.0,100,394.69,446.0,0,0.0,0.0,,0.0,1,3.15,0.17,SPY221118C00422000,422.0,normalDay
2022-11-11,8467.0,-4445.0,0.0,100,398.51,446.0,0,0.0,0.0,,0.0,1,3.15,0.11,SPY221118C00422000,422.0,normalDay
2022-11-14,8467.0,-4776.0,0.0,100,395.12,446.0,0,0.0,0.0,,0.0,1,3.15,0.03,SPY221118C00422000,422.0,normalDay
2022-11-15,8467.0,-4440.0,0.0,100,398.49,446.0,0,0.0,0.0,,0.0,1,3.15,0.04,SPY221118C00422000,422.0,normalDay
2022-11-16,8467.0,-4741.0,0.0,100,395.45,446.0,0,0.0,0.0,,0.0,1,3.15,0.01,SPY221118C00422000,422.0,normalDay
2022-11-17,8467.0,-4862.0,0.0,100,394.24,446.0,0,0.0,0.0,,0.0,1,3.15,0.01,SPY221118C00422000,422.0,normalDay
2022-11-18,8782.0,-4997.0,315.0,100,396.03,446.0,0,0.0,0.0,,0.0,1,3.15,0.0,SPY221118C00422000,422.0,expirationDay
2022-11-21,8782.0,-5156.0,0.0,100,394.59,446.0,0,0.0,0.0,,0.0,1,7.93,8.08,SPY230120C00407000,407.0,normalDay
2022-11-22,8782.0,-4793.0,0.0,100,399.9,446.0,0,0.0,0.0,,0.0,1,7.93,9.76,SPY230120C00407000,407.0,normalDay
2022-11-23,8782.0,-4619.0,0.0,100,402.42,446.0,0,0.0,0.0,,0.0,1,7.93,10.54,SPY230120C00407000,407.0,normalDay
2022-11-25,8782.0,-4599.0,0.0,100,402.33,446.0,0,0.0,0.0,,0.0,1,7.93,10.25,SPY230120C00407000,407.0,normalDay
2022-11-28,8782.0,-4979.0,0.0,100,395.91,446.0,0,0.0,0.0,,0.0,1,7.93,7.63,SPY230120C00407000,407.0,normalDay
2022-11-29,8782.0,-4983.0,0.0,100,395.23,446.0,0,0.0,0.0,,0.0,1,7.93,6.99,SPY230120C00407000,407.0,normalDay
2022-11-30,8782.0,-4330.0,0.0,100,407.68,446.0,0,0.0,0.0,,0.0,1,7.93,12.91,SPY230120C00407000,407.0,normalDay
2022-12-01,8782.0,-4262.0,0.0,100,407.38,446.0,0,0.0,0.0,,0.0,1,7.93,11.93,SPY230120C00407000,407.0,normalDay
2022-12-02,8782.0,-4232.0,0.0,100,406.91,446.0,0,0.0,0.0,,0.0,1,7.93,11.16,SPY230120C00407000,407.0,normalDay
2022-12-05,8782.0,-4622.0,0.0,100,399.59,446.0,0,0.0,0.0,,0.0,1,7.93,7.74,SPY230120C00407000,407.0,normalDay
2022-12-06,8782.0,-5002.0,0.0,100,393.83,446.0,0,0.0,0.0,,0.0,1,7.93,5.78,SPY230120C00407000,407.0,normalDay
2022-12-07,8782.0,-5047.0,0.0,100,393.16,446.0,0,0.0,0.0,,0.0,1,7.93,5.56,SPY230120C00407000,407.0,normalDay
2022-12-08,8782.0,-4819.0,0.0,100,396.24,446.0,0,0.0,0.0,,0.0,1,7.93,6.36,SPY230120C00407000,407.0,normalDay
2022-12-09,8782.0,-5009.0,0.0,100,393.28,446.0,0,0.0,0.0,,0.0,1,7.93,5.3,SPY230120C00407000,407.0,normalDay
2022-12-12,8782.0,-4674.0,0.0,100,398.95,446.0,0,0.0,0.0,,0.0,1,7.93,7.62,SPY230120C00407000,407.0,normalDay
2022-12-13,8782.0,-4423.0,0.0,100,401.97,446.0,0,0.0,0.0,,0.0,1,7.93,8.13,SPY230120C00407000,407.0,normalDay
2022-12-14,8782.0,-4507.0,0.0,100,399.4,446.0,0,0.0,0.0,,0.0,1,7.93,6.4,SPY230120C00407000,407.0,normalDay
2022-12-15,8782.0,-5136.0,0.0,100,389.63,446.0,0,0.0,0.0,,0.0,1,7.93,2.92,SPY230120C00407000,407.0,normalDay
2022-12-16,8782.0,-5656.0,0.0,100,383.27,446.0,0,0.0,0.0,,0.0,1,7.93,1.76,SPY230120C00407000,407.0,normalDay
2022-12-19,8782.0,-5921.0,0.0,100,380.02,446.0,0,0.0,0.0,,0.0,1,7.93,1.16,SPY230120C00407000,407.0,normalDay
2022-12-20,8782.0,-5861.0,0.0,100,380.54,446.0,0,0.0,0.0,,0.0,1,7.93,1.08,SPY230120C00407000,407.0,normalDay
2022-12-21,8782.0,-5348.0,0.0,100,386.23,446.0,0,0.0,0.0,,0.0,1,7.93,1.64,SPY230120C00407000,407.0,normalDay
2022-12-22,8782.0,-5839.0,0.0,100,380.72,446.0,0,0.0,0.0,,0.0,1,7.93,1.04,SPY230120C00407000,407.0,normalDay
2022-12-23,8782.0,-5618.0,0.0,100,382.91,446.0,0,0.0,0.0,,0.0,1,7.93,1.02,SPY230120C00407000,407.0,normalDay
2022-12-27,8782.0,-5750.0,0.0,100,381.4,446.0,0,0.0,0.0,,0.0,1,7.93,0.83,SPY230120C00407000,407.0,normalDay
2022-12-28,8782.0,-6190.0,0.0,100,376.66,446.0,0,0.0,0.0,,0.0,1,7.93,0.49,SPY230120C00407000,407.0,normalDay
2022-12-29,8782.0,-5544.0,0.0,100,383.44,446.0,0,0.0,0.0,,0.0,1,7.93,0.81,SPY230120C00407000,407.0,normalDay
2022-12-30,8782.0,-5628.0,0.0,100,382.43,446.0,0,0.0,0.0,,0.0,1,7.93,0.64,SPY230120C00407000,407.0,normalDay
2023-01-03,8782.0,-5763.0,0.0,100,380.82,446.0,0,0.0,0.0,,0.0,1,7.93,0.38,SPY230120C00407000,407.0,normalDay
2023-01-04,8782.0,-5480.0,0.0,100,383.76,446.0,0,0.0,0.0,,0.0,1,7.93,0.49,SPY230120C00407000,407.0,normalDay
2023-01-05,8782.0,-5894.0,0.0,100,379.38,446.0,0,0.0,0.0,,0.0,1,7.93,0.25,SPY230120C00407000,407.0,normalDay
2023-01-06,8782.0,-5056.0,0.0,100,388.08,446.0,0,0.0,0.0,,0.0,1,7.93,0.57,SPY230120C00407000,407.0,normalDay
2023-01-09,8782.0,-5074.0,0.0,100,387.86,446.0,0,0.0,0.0,,0.0,1,7.93,0.53,SPY230120C00407000,407.0,normalDay
2023-01-10,8782.0,-4810.0,0.0,100,390.58,446.0,0,0.0,0.0,,0.0,1,7.93,0.61,SPY230120C00407000,407.0,normalDay
2023-01-11,8782.0,-4397.0,0.0,100,395.52,446.0,0,0.0,0.0,,0.0,1,7.93,1.42,SPY230120C00407000,407.0,normalDay
2023-01-12,8782.0,-4170.0,0.0,100,396.96,446.0,0,0.0,0.0,,0.0,1,7.93,0.59,SPY230120C00407000,407.0,normalDay
2023-01-13,8782.0,-3992.0,0.0,100,398.5,446.0,0,0.0,0.0,,0.0,1,7.93,0.35,SPY230120C00407000,407.0,normalDay
2023-01-17,8782.0,-4046.0,0.0,100,397.77,446.0,0,0.0,0.0,,0.0,1,7.93,0.16,SPY230120C00407000,407.0,normalDay
2023-01-18,8782.0,-4661.0,0.0,100,391.49,446.0,0,0.0,0.0,,0.0,1,7.93,0.03,SPY230120C00407000,407.0,normalDay
2023-01-19,8782.0,-4944.0,0.0,100,388.64,446.0,0,0.0,0.0,,0.0,1,7.93,0.01,SPY230120C00407000,407.0,normalDay
2023-01-20,9575.0,-5012.0,793.0,100,395.88,446.0,0,0.0,0.0,,0.0,1,7.93,0.0,SPY230120C00407000,407.0,expirationDay
2023-01-23,9575.0,-4544.0,0.0,100,400.63,446.0,0,0.0,0.0,,0.0,1,10.94,11.01,SPY230331C00405000,405.0,normalDay
2023-01-24,9575.0,-4592.0,0.0,100,400.2,446.0,0,0.0,0.0,,0.0,1,10.94,11.06,SPY230331C00405000,405.0,normalDay
2023-01-25,9575.0,-4538.0,0.0,100,400.35,446.0,0,0.0,0.0,,0.0,1,10.94,10.67,SPY230331C00405000,405.0,normalDay
2023-01-26,9575.0,-4281.0,0.0,100,404.75,446.0,0,0.0,0.0,,0.0,1,10.94,12.5,SPY230331C00405000,405.0,normalDay
2023-01-27,9575.0,-4232.0,0.0,100,405.68,446.0,0,0.0,0.0,,0.0,1,10.94,12.94,SPY230331C00405000,405.0,normalDay
2023-01-30,9575.0,-4512.0,0.0,100,400.59,446.0,0,0.0,0.0,,0.0,1,10.94,10.65,SPY230331C00405000,405.0,normalDay
2023-01-31,9575.0,-4178.0,0.0,100,406.48,446.0,0,0.0,0.0,,0.0,1,10.94,13.2,SPY230331C00405000,405.0,normalDay
2023-02-01,9575.0,-4064.0,0.0,100,410.8,446.0,0,0.0,0.0,,0.0,1,10.94,16.38,SPY230331C00405000,405.0,normalDay
2023-02-02,9575.0,-3765.0,0.0,100,416.78,446.0,0,0.0,0.0,,0.0,1,10.94,19.37,SPY230331C00405000,405.0,normalDay
2023-02-03,9575.0,-3950.0,0.0,100,412.35,446.0,0,0.0,0.0,,0.0,1,10.94,16.79,SPY230331C00405000,405.0,normalDay
2023-02-06,9575.0,-4046.0,0.0,100,409.83,446.0,0,0.0,0.0,,0.0,1,10.94,15.23,SPY230331C00405000,405.0,normalDay
2023-02-07,9575.0,-3792.0,0.0,100,415.19,446.0,0,0.0,0.0,,0.0,1,10.94,18.05,SPY230331C00405000,405.0,normalDay
2023-02-08,9575.0,-4021.0,0.0,100,410.65,446.0,0,0.0,0.0,,0.0,1,10.94,15.8,SPY230331C00405000,405.0,normalDay
2023-02-09,9575.0,-4161.0,0.0,100,407.09,446.0,0,0.0,0.0,,0.0,1,10.94,13.64,SPY230331C00405000,405.0,normalDay
2023-02-10,9575.0,-4085.0,0.0,100,408.04,446.0,0,0.0,0.0,,0.0,1,10.94,13.83,SPY230331C00405000,405.0,normalDay
2023-02-13,9575.0,-3899.0,0.0,100,412.83,446.0,0,0.0,0.0,,0.0,1,10.94,16.76,SPY230331C00405000,405.0,normalDay
2023-02-14,9575.0,-3784.0,0.0,100,412.64,446.0,0,0.0,0.0,,0.0,1,10.94,15.42,SPY230331C00405000,405.0,normalDay
2023-02-15,9575.0,-3754.0,0.0,100,413.98,446.0,0,0.0,0.0,,0.0,1,10.94,16.46,SPY230331C00405000,405.0,normalDay
2023-02-16,9575.0,-3952.0,0.0,100,408.28,446.0,0,0.0,0.0,,0.0,1,10.94,12.74,SPY230331C00405000,405.0,normalDay
2023-02-17,9575.0,-3950.0,0.0,100,407.26,446.0,0,0.0,0.0,,0.0,1,10.94,11.7,SPY230331C00405000,405.0,normalDay
2023-02-21,9575.0,-4365.0,0.0,100,399.09,446.0,0,0.0,0.0,,0.0,1,10.94,7.68,SPY230331C00405000,405.0,normalDay
2023-02-22,9575.0,-4346.0,0.0,100,398.54,446.0,0,0.0,0.0,,0.0,1,10.94,6.94,SPY230331C00405000,405.0,normalDay
2023-02-23,9575.0,-4161.0,0.0,100,400.66,446.0,0,0.0,0.0,,0.0,1,10.94,7.21,SPY230331C00405000,405.0,normalDay
2023-02-24,9575.0,-4402.0,0.0,100,396.38,446.0,0,0.0,0.0,,0.0,1,10.94,5.34,SPY230331C00405000,405.0,normalDay
2023-02-27,9575.0,-4283.0,0.0,100,397.73,446.0,0,0.0,0.0,,0.0,1,10.94,5.5,SPY230331C00405000,405.0,normalDay
2023-02-28,9575.0,-4327.0,0.0,100,396.26,446.0,0,0.0,0.0,,0.0,1,10.94,4.47,SPY230331C00405000,405.0,normalDay
2023-03-01,9575.0,-4432.0,0.0,100,394.74,446.0,0,0.0,0.0,,0.0,1,10.94,4.0,SPY230331C00405000,405.0,normalDay
2023-03-02,9575.0,-4200.0,0.0,100,397.81,446.0,0,0.0,0.0,,0.0,1,10.94,4.75,SPY230331C00405000,405.0,normalDay
2023-03-03,9575.0,-3818.0,0.0,100,404.19,446.0,0,0.0,0.0,,0.0,1,10.94,7.31,SPY230331C00405000,405.0,normalDay
2023-03-06,9575.0,-3771.0,0.0,100,404.47,446.0,0,0.0,0.0,,0.0,1,10.94,7.12,SPY230331C00405000,405.0,normalDay
2023-03-07,9575.0,-4120.0,0.0,100,398.27,446.0,0,0.0,0.0,,0.0,1,10.94,4.41,SPY230331C00405000,405.0,normalDay
2023-03-08,9575.0,-4042.0,0.0,100,398.92,446.0,0,0.0,0.0,,0.0,1,10.94,4.28,SPY230331C00405000,405.0,normalDay
2023-03-09,9575.0,-4591.0,0.0,100,391.56,446.0,0,0.0,0.0,,0.0,1,10.94,2.41,SPY230331C00405000,405.0,normalDay
2023-03-10,9575.0,-5036.0,0.0,100,385.91,446.0,0,0.0,0.0,,0.0,1,10.94,1.21,SPY230331C00405000,405.0,normalDay
2023-03-13,9575.0,-5106.0,0.0,100,385.36,446.0,0,0.0,0.0,,0.0,1,10.94,1.36,SPY230331C00405000,405.0,normalDay
2023-03-14,9575.0,-4495.0,0.0,100,391.73,446.0,0,0.0,0.0,,0.0,1,10.94,1.62,SPY230331C00405000,405.0,normalDay
2023-03-15,9575.0,-4702.0,0.0,100,389.28,446.0,0,0.0,0.0,,0.0,1,10.94,1.24,SPY230331C00405000,405.0,normalDay
2023-03-16,9575.0,-4119.0,0.0,100,396.11,446.0,0,0.0,0.0,,0.0,1,10.94,2.24,SPY230331C00405000,405.0,normalDay
2023-03-17,9575.0,-4656.0,0.0,100,389.99,446.0,0,0.0,0.0,,0.0,1,10.94,1.49,SPY230331C00405000,405.0,normalDay
2023-03-20,9575.0,-4297.0,0.0,100,393.74,446.0,0,0.0,0.0,,0.0,1,10.94,1.65,SPY230331C00405000,405.0,normalDay
2023-03-21,9575.0,-3895.0,0.0,100,398.91,446.0,0,0.0,0.0,,0.0,1,10.94,2.8,SPY230331C00405000,405.0,normalDay
2023-03-22,9575.0,-4375.0,0.0,100,392.11,446.0,0,0.0,0.0,,0.0,1,10.94,0.8,SPY230331C00405000,405.0,normalDay
2023-03-23,9575.0,-4254.0,0.0,100,393.17,446.0,0,0.0,0.0,,0.0,1,10.94,0.65,SPY230331C00405000,405.0,normalDay
2023-03-24,9575.0,-4001.0,0.0,100,395.75,446.0,0,0.0,0.0,,0.0,1,10.94,0.7,SPY230331C00405000,405.0,normalDay
2023-03-27,9575.0,-3901.0,0.0,100,396.49,446.0,0,0.0,0.0,,0.0,1,10.94,0.44,SPY230331C00405000,405.0,normalDay
2023-03-28,9575.0,-3965.0,0.0,100,395.6,446.0,0,0.0,0.0,,0.0,1,10.94,0.19,SPY230331C00405000,405.0,normalDay
2023-03-29,9575.0,-3428.0,0.0,100,401.35,446.0,0,0.0,0.0,,0.0,1,10.94,0.57,SPY230331C00405000,405.0,normalDay
2023-03-30,9575.0,-3211.0,0.0,100,403.7,446.0,0,0.0,0.0,,0.0,1,10.94,0.75,SPY230331C00405000,405.0,normalDay
2023-03-31,6569.0,-3211.0,-3006.0,0,409.39,0.0,0,0.0,0.0,,0.0,1,10.94,0.0,SPY230331C00405000,405.0,expirationDay
2023-04-03,6569.0,-3.0,0.0,0,410.95,0.0,1,1.31,1.34,SPY230505P00379000,379.0,0,0.0,0.0,,0.0,normalDay
2023-04-04,6569.0,-16.0,0.0,0,408.67,0.0,1,1.31,1.47,SPY230505P00379000,379.0,0,0.0,0.0,,0.0,normalDay
2023-04-05,6569.0,-18.0,0.0,0,407.6,0.0,1,1.31,1.49,SPY230505P00379000,379.0,0,0.0,0.0,,0.0,normalDay
2023-04-06,6569.0,13.0,0.0,0,409.19,0.0,1,1.31,1.18,SPY230505P00379000,379.0,0,0.0,0.0,,0.0,normalDay
2023-04-10,6569.0,34.0,0.0,0,409.61,0.0,1,1.31,0.97,SPY230505P00379000,379.0,0,0.0,0.0,,0.0,normalDay
2023-04-11,6569.0,38.0,0.0,0,409.72,0.0,1,1.31,0.93,SPY230505P00379000,379.0,0,0.0,0.0,,0.0,normalDay
2023-04-12,6569.0,35.0,0.0,0,408.05,0.0,1,1.31,0.96,SPY230505P00379000,379.0,0,0.0,0.0,,0.0,normalDay
2023-04-13,6569.0,79.0,0.0,0,413.47,0.0,1,1.31,0.52,SPY230505P00379000,379.0,0,0.0,0.0,,0.0,normalDay
2023-04-14,6569.0,88.0,0.0,0,412.46,0.0,1,1.31,0.43,SPY230505P00379000,379.0,0,0.0,0.0,,0.0,normalDay
2023-04-17,6569.0,97.0,0.0,0,413.94,0.0,1,1.31,0.34,SPY230505P00379000,379.0,0,0.0,0.0,,0.0,normalDay
2023-04-18,6569.0,98.0,0.0,0,414.21,0.0,1,1.31,0.33,SPY230505P00379000,379.0,0,0.0,0.0,,0.0,normalDay
2023-04-19,6569.0,103.0,0.0,0,414.14,0.0,1,1.31,0.28,SPY230505P00379000,379.0,0,0.0,0.0,,0.0,normalDay
2023-04-20,6569.0,100.0,0.0,0,411.88,0.0,1,1.31,0.31,SPY230505P00379000,379.0,0,0.0,0.0,,0.0,normalDay
2023-04-21,6569.0,105.0,0.0,0,412.2,0.0,1,1.31,0.26,SPY230505P00379000,379.0,0,0.0,0.0,,0.0,normalDay
2023-04-24,6569.0,115.0,0.0,0,412.63,0.0,1,1.31,0.16,SPY230505P00379000,379.0,0,0.0,0.0,,0.0,normalDay
2023-04-25,6569.0,103.0,0.0,0,406.08,0.0,1,1.31,0.28,SPY230505P00379000,379.0,0,0.0,0.0,,0.0,normalDay
2023-04-26,6569.0,105.0,0.0,0,404.36,0.0,1,1.31,0.26,SPY230505P00379000,379.0,0,0.0,0.0,,0.0,normalDay
2023-04-27,6569.0,123.0,0.0,0,412.41,0.0,1,1.31,0.08,SPY230505P00379000,379.0,0,0.0,0.0,,0.0,normalDay
2023-04-28,6569.0,126.0,0.0,0,415.93,0.0,1,1.31,0.05,SPY230505P00379000,379.0,0,0.0,0.0,,0.0,normalDay
2023-05-01,6569.0,128.0,0.0,0,415.51,0.0,1,1.31,0.03,SPY230505P00379000,379.0,0,0.0,0.0,,0.0,normalDay
2023-05-02,6569.0,128.0,0.0,0,410.84,0.0,1,1.31,0.03,SPY230505P00379000,379.0,0,0.0,0.0,,0.0,normalDay
2023-05-03,6569.0,127.0,0.0,0,408.02,0.0,1,1.31,0.04,SPY230505P00379000,379.0,0,0.0,0.0,,0.0,normalDay
2023-05-04,6569.0,129.0,0.0,0,405.13,0.0,1,1.31,0.02,SPY230505P00379000,379.0,0,0.0,0.0,,0.0,normalDay
2023-05-05,6700.0,0.0,131.0,0,412.63,0.0,1,1.31,0.0,SPY230505P00379000,379.0,0,0.0,0.0,,0.0,expirationDay
2023-05-08,6700.0,-4.0,0.0,0,412.74,0.0,1,3.89,3.93,SPY230609P00403000,403.0,0,0.0,0.0,,0.0,normalDay
2023-05-09,6700.0,-49.0,0.0,0,410.93,0.0,1,3.89,4.38,SPY230609P00403000,403.0,0,0.0,0.0,,0.0,normalDay
2023-05-10,6700.0,39.0,0.0,0,412.85,0.0,1,3.89,3.5,SPY230609P00403000,403.0,0,0.0,0.0,,0.0,normalDay
2023-05-11,6700.0,34.0,0.0,0,412.13,0.0,1,3.89,3.55,SPY230609P00403000,403.0,0,0.0,0.0,,0.0,normalDay
2023-05-12,6700.0,31.0,0.0,0,411.59,0.0,1,3.89,3.58,SPY230609P00403000,403.0,0,0.0,0.0,,0.0,normalDay
2023-05-15,6700.0,104.0,0.0,0,413.01,0.0,1,3.89,2.85,SPY230609P00403000,403.0,0,0.0,0.0,,0.0,normalDay
2023-05-16,6700.0,33.0,0.0,0,410.25,0.0,1,3.89,3.56,SPY230609P00403000,403.0,0,0.0,0.0,,0.0,normalDay
2023-05-17,6700.0,168.0,0.0,0,415.23,0.0,1,3.89,2.21,SPY230609P00403000,403.0,0,0.0,0.0,,0.0,normalDay
2023-05-18,6700.0,247.0,0.0,0,419.23,0.0,1,3.89,1.42,SPY230609P00403000,403.0,0,0.0,0.0,,0.0,normalDay
2023-05-19,6700.0,234.0,0.0,0,418.62,0.0,1,3.89,1.55,SPY230609P00403000,403.0,0,0.0,0.0,,0.0,normalDay
2023-05-22,6700.0,247.0,0.0,0,418.79,0.0,1,3.89,1.42,SPY230609P00403000,403.0,0,0.0,0.0,,0.0,normalDay
2023-05-23,6700.0,163.0,0.0,0,414.09,0.0,1,3.89,2.26,SPY230609P00403000,403.0,0,0.0,0.0,,0.0,normalDay
2023-05-24,6700.0,82.0,0.0,0,411.09,0.0,1,3.89,3.07,SPY230609P00403000,403.0,0,0.0,0.0,,0.0,normalDay
2023-05-25,6700.0,185.0,0.0,0,414.65,0.0,1,3.89,2.04,SPY230609P00403000,403.0,0,0.0,0.0,,0.0,normalDay
2023-05-26,6700.0,278.0,0.0,0,420.02,0.0,1,3.89,1.11,SPY230609P00403000,403.0,0,0.0,0.0,,0.0,normalDay
2023-05-30,6700.0,331.0,0.0,0,420.18,0.0,1,3.89,0.58,SPY230609P00403000,403.0,0,0.0,0.0,,0.0,normalDay
2023-05-31,6700.0,330.0,0.0,0,417.85,0.0,1,3.89,0.59,SPY230609P00403000,403.0,0,0.0,0.0,,0.0,normalDay
2023-06-01,6700.0,368.0,0.0,0,421.82,0.0,1,3.89,0.21,SPY230609P00403000,403.0,0,0.0,0.0,,0.0,normalDay
2023-06-02,6700.0,382.0,0.0,0,427.92,0.0,1,3.89,0.07,SPY230609P00403000,403.0,0,0.0,0.0,,0.0,normalDay
2023-06-05,6700.0,385.0,0.0,0,427.1,0.0,1,3.89,0.04,SPY230609P00403000,403.0,0,0.0,0.0,,0.0,normalDay
2023-06-06,6700.0,385.0,0.0,0,428.03,0.0,1,3.89,0.04,SPY230609P00403000,403.0,0,0.0,0.0,,0.0,normalDay
2023-06-07,6700.0,386.0,0.0,0,426.55,0.0,1,3.89,0.03,SPY230609P00403000,403.0,0,0.0,0.0,,0.0,normalDay
2023-06-08,6700.0,387.0,0.0,0,429.13,0.0,1,3.89,0.02,SPY230609P00403000,403.0,0,0.0,0.0,,0.0,normalDay
2023-06-09,7089.0,0.0,389.0,0,429.9,0.0,1,3.89,0.0,SPY230609P00403000,403.0,0,0.0,0.0,,0.0,expirationDay
2023-06-12,7089.0,-3.0,0.0,0,433.8,0.0,1,1.02,1.05,SPY230714P00404000,404.0,0,0.0,0.0,,0.0,normalDay
2023-06-13,7089.0,20.0,0.0,0,436.66,0.0,1,1.02,0.82,SPY230714P00404000,404.0,0,0.0,0.0,,0.0,normalDay
2023-06-14,7089.0,38.0,0.0,0,437.18,0.0,1,1.02,0.64,SPY230714P00404000,404.0,0,0.0,0.0,,0.0,normalDay
2023-06-15,7089.0,46.0,0.0,0,442.6,0.0,1,1.02,0.56,SPY230714P00404000,404.0,0,0.0,0.0,,0.0,normalDay
2023-06-16,7089.0,60.0,0.0,0,439.46,0.0,1,1.02,0.42,SPY230714P00404000,404.0,0,0.0,0.0,,0.0,normalDay
2023-06-20,7089.0,63.0,0.0,0,437.18,0.0,1,1.02,0.39,SPY230714P00404000,404.0,0,0.0,0.0,,0.0,normalDay
2023-06-21,7089.0,65.0,0.0,0,434.94,0.0,1,1.02,0.37,SPY230714P00404000,404.0,0,0.0,0.0,,0.0,normalDay
2023-06-22,7089.0,74.0,0.0,0,436.51,0.0,1,1.02,0.28,SPY230714P00404000,404.0,0,0.0,0.0,,0.0,normalDay
2023-06-23,7089.0,64.0,0.0,0,433.21,0.0,1,1.02,0.38,SPY230714P00404000,404.0,0,0.0,0.0,,0.0,normalDay
2023-06-26,7089.0,61.0,0.0,0,431.44,0.0,1,1.02,0.41,SPY230714P00404000,404.0,0,0.0,0.0,,0.0,normalDay
2023-06-27,7089.0,77.0,0.0,0,436.17,0.0,1,1.02,0.25,SPY230714P00404000,404.0,0,0.0,0.0,,0.0,normalDay
2023-06-28,7089.0,84.0,0.0,0,436.39,0.0,1,1.02,0.18,SPY230714P00404000,404.0,0,0.0,0.0,,0.0,normalDay
2023-06-29,7089.0,86.0,0.0,0,438.11,0.0,1,1.02,0.16,SPY230714P00404000,404.0,0,0.0,0.0,,0.0,normalDay
2023-06-30,7089.0,88.0,0.0,0,443.28,0.0,1,1.02,0.14,SPY230714P00404000,404.0,0,0.0,0.0,,0.0,normalDay
2023-07-03,7089.0,91.0,0.0,0,443.79,0.0,1,1.02,0.11,SPY230714P00404000,404.0,0,0.0,0.0,,0.0,normalDay
2023-07-05,7089.0,93.0,0.0,0,443.13,0.0,1,1.02,0.09,SPY230714P00404000,404.0,0,0.0,0.0,,0.0,normalDay
2023-07-06,7089.0,92.0,0.0,0,439.66,0.0,1,1.02,0.1,SPY230714P00404000,404.0,0,0.0,0.0,,0.0,normalDay
2023-07-07,7089.0,96.0,0.0,0,438.55,0.0,1,1.02,0.06,SPY230714P00404000,404.0,0,0.0,0.0,,0.0,normalDay
2023-07-10,7089.0,99.0,0.0,0,439.66,0.0,1,1.02,0.03,SPY230714P00404000,404.0,0,0.0,0.0,,0.0,normalDay
2023-07-11,7089.0,99.0,0.0,0,442.46,0.0,1,1.02,0.03,SPY230714P00404000,404.0,0,0.0,0.0,,0.0,normalDay
2023-07-12,7089.0,100.0,0.0,0,446.02,0.0,1,1.02,0.02,SPY230714P00404000,404.0,0,0.0,0.0,,0.0,normalDay
2023-07-13,7089.0,101.0,0.0,0,449.56,0.0,1,1.02,0.01,SPY230714P00404000,404.0,0,0.0,0.0,,0.0,normalDay
2023-07-14,7191.0,0.0,102.0,0,449.28,0.0,1,1.02,0.0,SPY230714P00404000,404.0,0,0.0,0.0,,0.0,expirationDay
2023-07-17,7191.0,-3.0,0.0,0,450.84,0.0,1,1.04,1.07,SPY230818P00427000,427.0,0,0.0,0.0,,0.0,normalDay
2023-07-18,7191.0,24.0,0.0,0,454.19,0.0,1,1.04,0.8,SPY230818P00427000,427.0,0,0.0,0.0,,0.0,normalDay
2023-07-19,7191.0,21.0,0.0,0,455.2,0.0,1,1.04,0.83,SPY230818P00427000,427.0,0,0.0,0.0,,0.0,normalDay
2023-07-20,7191.0,10.0,0.0,0,452.18,0.0,1,1.04,0.94,SPY230818P00427000,427.0,0,0.0,0.0,,0.0,normalDay
2023-07-21,7191.0,20.0,0.0,0,452.18,0.0,1,1.04,0.84,SPY230818P00427000,427.0,0,0.0,0.0,,0.0,normalDay
2023-07-24,7191.0,36.0,0.0,0,454.2,0.0,1,1.04,0.68,SPY230818P00427000,427.0,0,0.0,0.0,,0.0,normalDay
2023-07-25,7191.0,45.0,0.0,0,455.44,0.0,1,1.04,0.59,SPY230818P00427000,427.0,0,0.0,0.0,,0.0,normalDay
2023-07-26,7191.0,58.0,0.0,0,455.51,0.0,1,1.04,0.46,SPY230818P00427000,427.0,0,0.0,0.0,,0.0,normalDay
2023-07-27,7191.0,33.0,0.0,0,452.49,0.0,1,1.04,0.71,SPY230818P00427000,427.0,0,0.0,0.0,,0.0,normalDay
2023-07-28,7191.0,68.0,0.0,0,456.92,0.0,1,1.04,0.36,SPY230818P00427000,427.0,0,0.0,0.0,,0.0,normalDay
2023-07-31,7191.0,74.0,0.0,0,457.79,0.0,1,1.04,0.3,SPY230818P00427000,427.0,0,0.0,0.0,,0.0,normalDay
2023-08-01,7191.0,73.0,0.0,0,456.48,0.0,1,1.04,0.31,SPY230818P00427000,427.0,0,0.0,0.0,,0.0,normalDay
2023-08-02,7191.0,35.0,0.0,0,450.13,0.0,1,1.04,0.69,SPY230818P00427000,427.0,0,0.0,0.0,,0.0,normalDay
2023-08-03,7191.0,42.0,0.0,0,448.84,0.0,1,1.04,0.62,SPY230818P00427000,427.0,0,0.0,0.0,,0.0,normalDay
2023-08-04,7191.0,19.0,0.0,0,446.81,0.0,1,1.04,0.85,SPY230818P00427000,427.0,0,0.0,0.0,,0.0,normalDay
2023-08-07,7191.0,68.0,0.0,0,450.71,0.0,1,1.04,0.36,SPY230818P00427000,427.0,0,0.0,0.0,,0.0,normalDay
2023-08-08,7191.0,68.0,0.0,0,448.75,0.0,1,1.04,0.36,SPY230818P00427000,427.0,0,0.0,0.0,,0.0,normalDay
2023-08-09,7191.0,66.0,0.0,0,445.75,0.0,1,1.04,0.38,SPY230818P00427000,427.0,0,0.0,0.0,,0.0,normalDay
2023-08-10,7191.0,70.0,0.0,0,445.91,0.0,1,1.04,0.34,SPY230818P00427000,427.0,0,0.0,0.0,,0.0,normalDay
2023-08-11,7191.0,87.0,0.0,0,445.65,0.0,1,1.04,0.17,SPY230818P00427000,427.0,0,0.0,0.0,,0.0,normalDay
2023-08-14,7191.0,97.0,0.0,0,448.11,0.0,1,1.04,0.07,SPY230818P00427000,427.0,0,0.0,0.0,,0.0,normalDay
2023-08-15,7191.0,93.0,0.0,0,442.89,0.0,1,1.04,0.11,SPY230818P00427000,427.0,0,0.0,0.0,,0.0,normalDay
2023-08-16,7191.0,96.0,0.0,0,439.64,0.0,1,1.04,0.08,SPY230818P00427000,427.0,0,0.0,0.0,,0.0,normalDay
2023-08-17,7191.0,97.0,0.0,0,436.29,0.0,1,1.04,0.07,SPY230818P00427000,427.0,0,0.0,0.0,,0.0,normalDay
2023-08-18,7295.0,0.0,104.0,0,436.5,0.0,1,1.04,0.0,SPY230818P00427000,427.0,0,0.0,0.0,,0.0,expirationDay
2023-08-21,7295.0,-4.0,0.0,0,439.34,0.0,1,4.8,4.84,SPY230922P00431000,431.0,0,0.0,0.0,,0.0,normalDay
2023-08-22,7295.0,-10.0,0.0,0,438.15,0.0,1,4.8,4.9,SPY230922P00431000,431.0,0,0.0,0.0,,0.0,normalDay
2023-08-23,7295.0,145.0,0.0,0,443.03,0.0,1,4.8,3.35,SPY230922P00431000,431.0,0,0.0,0.0,,0.0,normalDay
2023-08-24,7295.0,-38.0,0.0,0,436.89,0.0,1,4.8,5.18,SPY230922P00431000,431.0,0,0.0,0.0,,0.0,normalDay
2023-08-25,7295.0,110.0,0.0,0,439.97,0.0,1,4.8,3.7,SPY230922P00431000,431.0,0,0.0,0.0,,0.0,normalDay
2023-08-28,7295.0,218.0,0.0,0,442.76,0.0,1,4.8,2.62,SPY230922P00431000,431.0,0,0.0,0.0,,0.0,normalDay
2023-08-29,7295.0,335.0,0.0,0,449.16,0.0,1,4.8,1.45,SPY230922P00431000,431.0,0,0.0,0.0,,0.0,normalDay
2023-08-30,7295.0,371.0,0.0,0,451.01,0.0,1,4.8,1.09,SPY230922P00431000,431.0,0,0.0,0.0,,0.0,normalDay
2023-08-31,7295.0,385.0,0.0,0,450.35,0.0,1,4.8,0.95,SPY230922P00431000,431.0,0,0.0,0.0,,0.0,normalDay
2023-09-01,7295.0,398.0,0.0,0,451.19,0.0,1,4.8,0.82,SPY230922P00431000,431.0,0,0.0,0.0,,0.0,normalDay
2023-09-05,7295.0,390.0,0.0,0,449.24,0.0,1,4.8,0.9,SPY230922P00431000,431.0,0,0.0,0.0,,0.0,normalDay
2023-09-06,7295.0,361.0,0.0,0,446.22,0.0,1,4.8,1.19,SPY230922P00431000,431.0,0,0.0,0.0,,0.0,normalDay
2023-09-07,7295.0,358.0,0.0,0,444.85,0.0,1,4.8,1.22,SPY230922P00431000,431.0,0,0.0,0.0,,0.0,normalDay
2023-09-08,7295.0,395.0,0.0,0,445.52,0.0,1,4.8,0.85,SPY230922P00431000,431.0,0,0.0,0.0,,0.0,normalDay
2023-09-11,7295.0,431.0,0.0,0,448.45,0.0,1,4.8,0.49,SPY230922P00431000,431.0,0,0.0,0.0,,0.0,normalDay
2023-09-12,7295.0,418.0,0.0,0,445.99,0.0,1,4.8,0.62,SPY230922P00431000,431.0,0,0.0,0.0,,0.0,normalDay
2023-09-13,7295.0,446.0,0.0,0,446.51,0.0,1,4.8,0.34,SPY230922P00431000,431.0,0,0.0,0.0,,0.0,normalDay
2023-09-14,7295.0,464.0,0.0,0,450.36,0.0,1,4.8,0.16,SPY230922P00431000,431.0,0,0.0,0.0,,0.0,normalDay
2023-09-15,7295.0,454.0,0.0,0,443.37,0.0,1,4.8,0.26,SPY230922P00431000,431.0,0,0.0,0.0,,0.0,normalDay
2023-09-18,7295.0,466.0,0.0,0,443.63,0.0,1,4.8,0.14,SPY230922P00431000,431.0,0,0.0,0.0,,0.0,normalDay
2023-09-19,7295.0,466.0,0.0,0,442.71,0.0,1,4.8,0.14,SPY230922P00431000,431.0,0,0.0,0.0,,0.0,normalDay
2023-09-20,7295.0,461.0,0.0,0,438.64,0.0,1,4.8,0.19,SPY230922P00431000,431.0,0,0.0,0.0,,0.0,normalDay
2023-09-21,7295.0,336.0,0.0,0,431.39,0.0,1,4.8,1.44,SPY230922P00431000,431.0,0,0.0,0.0,,0.0,normalDay
2023-09-22,7775.0,-58.0,480.0,100,430.42,431.0,1,4.8,0.0,SPY230922P00431000,431.0,0,0.0,0.0,,0.0,expirationDay
2023-09-25,7775.0,118.0,0.0,100,432.23,431.0,0,0.0,0.0,,0.0,1,2.83,2.88,SPY231215C00459000,459.0,normalDay
2023-09-26,7775.0,-438.0,0.0,100,425.88,431.0,0,0.0,0.0,,0.0,1,2.83,2.09,SPY231215C00459000,459.0,normalDay
2023-09-27,7775.0,-403.0,0.0,100,426.05,431.0,0,0.0,0.0,,0.0,1,2.83,1.91,SPY231215C00459000,459.0,normalDay
2023-09-28,7775.0,-170.0,0.0,100,428.52,431.0,0,0.0,0.0,,0.0,1,2.83,2.05,SPY231215C00459000,459.0,normalDay
2023-09-29,7775.0,-263.0,0.0,100,427.48,431.0,0,0.0,0.0,,0.0,1,2.83,1.94,SPY231215C00459000,459.0,normalDay
2023-10-02,7775.0,-266.0,0.0,100,427.31,431.0,0,0.0,0.0,,0.0,1,2.83,1.8,SPY231215C00459000,459.0,normalDay
2023-10-03,7775.0,-798.0,0.0,100,421.59,431.0,0,0.0,0.0,,0.0,1,2.83,1.4,SPY231215C00459000,459.0,normalDay
2023-10-04,7775.0,-508.0,0.0,100,424.66,431.0,0,0.0,0.0,,0.0,1,2.83,1.57,SPY231215C00459000,459.0,normalDay
2023-10-05,7775.0,-509.0,0.0,100,424.5,431.0,0,0.0,0.0,,0.0,1,2.83,1.42,SPY231215C00459000,459.0,normalDay
2023-10-06,7775.0,-80.0,0.0,100,429.54,431.0,0,0.0,0.0,,0.0,1,2.83,2.17,SPY231215C00459000,459.0,normalDay
2023-10-09,7775.0,159.0,0.0,100,432.29,431.0,0,0.0,0.0,,0.0,1,2.83,2.53,SPY231215C00459000,459.0,normalDay
2023-10-10,7775.0,365.0,0.0,100,434.54,431.0,0,0.0,0.0,,0.0,1,2.83,2.72,SPY231215C00459000,459.0,normalDay
2023-10-11,7775.0,521.0,0.0,100,436.32,431.0,0,0.0,0.0,,0.0,1,2.83,2.94,SPY231215C00459000,459.0,normalDay
2023-10-12,7775.0,336.0,0.0,100,433.66,431.0,0,0.0,0.0,,0.0,1,2.83,2.13,SPY231215C00459000,459.0,normalDay
2023-10-13,7775.0,141.0,0.0,100,431.5,431.0,0,0.0,0.0,,0.0,1,2.83,1.92,SPY231215C00459000,459.0,normalDay
2023-10-16,7775.0,546.0,0.0,100,436.04,431.0,0,0.0,0.0,,0.0,1,2.83,2.41,SPY231215C00459000,459.0,normalDay
2023-10-17,7775.0,548.0,0.0,100,436.02,431.0,0,0.0,0.0,,0.0,1,2.83,2.37,SPY231215C00459000,459.0,normalDay
2023-10-18,7775.0,44.0,0.0,100,430.21,431.0,0,0.0,0.0,,0.0,1,2.83,1.6,SPY231215C00459000,459.0,normalDay
2023-10-19,7775.0,-283.0,0.0,100,426.43,431.0,0,0.0,0.0,,0.0,1,2.83,1.09,SPY231215C00459000,459.0,normalDay
2023-10-20,7775.0,-772.0,0.0,100,421.19,431.0,0,0.0,0.0,,0.0,1,2.83,0.74,SPY231215C00459000,459.0,normalDay
2023-10-23,7775.0,-829.0,0.0,100,420.46,431.0,0,0.0,0.0,,0.0,1,2.83,0.58,SPY231215C00459000,459.0,normalDay
2023-10-24,7775.0,-521.0,0.0,100,423.63,431.0,0,0.0,0.0,,0.0,1,2.83,0.67,SPY231215C00459000,459.0,normalDay
2023-10-25,7775.0,-1101.0,0.0,100,417.55,431.0,0,0.0,0.0,,0.0,1,2.83,0.39,SPY231215C00459000,459.0,normalDay
2023-10-26,7775.0,-1589.0,0.0,100,412.55,431.0,0,0.0,0.0,,0.0,1,2.83,0.27,SPY231215C00459000,459.0,normalDay
2023-10-27,7775.0,-1772.0,0.0,100,410.68,431.0,0,0.0,0.0,,0.0,1,2.83,0.23,SPY231215C00459000,459.0,normalDay
2023-10-30,7775.0,-1284.0,0.0,100,415.59,431.0,0,0.0,0.0,,0.0,1,2.83,0.26,SPY231215C00459000,459.0,normalDay
2023-10-31,7775.0,-1019.0,0.0,100,418.2,431.0,0,0.0,0.0,,0.0,1,2.83,0.22,SPY231215C00459000,459.0,normalDay
2023-11-01,7775.0,-582.0,0.0,100,422.66,431.0,0,0.0,0.0,,0.0,1,2.83,0.31,SPY231215C00459000,459.0,normalDay
2023-11-02,7775.0,199.0,0.0,100,430.76,431.0,0,0.0,0.0,,0.0,1,2.83,0.6,SPY231215C00459000,459.0,normalDay
2023-11-03,7775.0,567.0,0.0,100,434.69,431.0,0,0.0,0.0,,0.0,1,2.83,0.85,SPY231215C00459000,459.0,normalDay
2023-11-06,7775.0,678.0,0.0,100,435.69,431.0,0,0.0,0.0,,0.0,1,2.83,0.74,SPY231215C00459000,459.0,normalDay
2023-11-07,7775.0,795.0,0.0,100,436.93,431.0,0,0.0,0.0,,0.0,1,2.83,0.81,SPY231215C00459000,459.0,normalDay
2023-11-08,7775.0,834.0,0.0,100,437.25,431.0,0,0.0,0.0,,0.0,1,2.83,0.74,SPY231215C00459000,459.0,normalDay
2023-11-09,7775.0,520.0,0.0,100,433.84,431.0,0,0.0,0.0,,0.0,1,2.83,0.47,SPY231215C00459000,459.0,normalDay
2023-11-10,7775.0,1139.0,0.0,100,440.61,431.0,0,0.0,0.0,,0.0,1,2.83,1.05,SPY231215C00459000,459.0,normalDay
2023-11-13,7775.0,1109.0,0.0,100,440.19,431.0,0,0.0,0.0,,0.0,1,2.83,0.93,SPY231215C00459000,459.0,normalDay
2023-11-14,7775.0,1783.0,0.0,100,448.73,431.0,0,0.0,0.0,,0.0,1,2.83,2.73,SPY231215C00459000,459.0,normalDay
2023-11-15,7775.0,1890.0,0.0,100,449.68,431.0,0,0.0,0.0,,0.0,1,2.83,2.61,SPY231215C00459000,459.0,normalDay
2023-11-16,7775.0,1943.0,0.0,100,450.23,431.0,0,0.0,0.0,,0.0,1,2.83,2.63,SPY231215C00459000,459.0,normalDay
2023-11-17,7775.0,2007.0,0.0,100,450.79,431.0,0,0.0,0.0,,0.0,1,2.83,2.55,SPY231215C00459000,459.0,normalDay
2023-11-20,7775.0,2251.0,0.0,100,454.26,431.0,0,0.0,0.0,,0.0,1,2.83,3.58,SPY231215C00459000,459.0,normalDay
2023-11-21,7775.0,2218.0,0.0,100,453.27,431.0,0,0.0,0.0,,0.0,1,2.83,2.92,SPY231215C00459000,459.0,normalDay
2023-11-22,7775.0,2346.0,0.0,100,455.02,431.0,0,0.0,0.0,,0.0,1,2.83,3.39,SPY231215C00459000,459.0,normalDay
2023-11-24,7775.0,2400.0,0.0,100,455.3,431.0,0,0.0,0.0,,0.0,1,2.83,3.13,SPY231215C00459000,459.0,normalDay
2023-11-27,7775.0,2364.0,0.0,100,454.48,431.0,0,0.0,0.0,,0.0,1,2.83,2.67,SPY231215C00459000,459.0,normalDay
2023-11-28,7775.0,2406.0,0.0,100,454.93,431.0,0,0.0,0.0,,0.0,1,2.83,2.7,SPY231215C00459000,459.0,normalDay
2023-11-29,7775.0,2364.0,0.0,100,454.61,431.0,0,0.0,0.0,,0.0,1,2.83,2.8,SPY231215C00459000,459.0,normalDay
2023-11-30,7775.0,2513.0,0.0,100,456.4,431.0,0,0.0,0.0,,0.0,1,2.83,3.1,SPY231215C00459000,459.0,normalDay
