date,totalCapital,unrializedPnL,rializedPnL,stocksOwned,stocksPriceToday,stocksPriceBoughtAt,putOwned,putOwnedSoldAt,putPriceToday,putOwnedContract,putOwnedStrike,callOwned,callOwnedSoldAt,callPriceToday,callOwnedContract,callOwnedStrike,trackType
2018-11-01,0.0,-40.0,0.0,0,273.51,0.0,1,10.61,11.01,SPY190930P00254000,254.0,0,0.0,0.0,,0.0,normalDay
2018-11-02,0.0,-92.0,0.0,0,271.89,0.0,1,10.61,11.53,SPY190930P00254000,254.0,0,0.0,0.0,,0.0,normalDay
2018-11-05,0.0,-21.0,0.0,0,273.39,0.0,1,10.61,10.82,SPY190930P00254000,254.0,0,0.0,0.0,,0.0,normalDay
2018-11-06,0.0,37.0,0.0,0,275.12,0.0,1,10.61,10.24,SPY190930P00254000,254.0,0,0.0,0.0,,0.0,normalDay
2018-11-07,0.0,220.0,0.0,0,281.01,0.0,1,10.61,8.41,SPY190930P00254000,254.0,0,0.0,0.0,,0.0,normalDay
2018-11-08,0.0,230.0,0.0,0,280.5,0.0,1,10.61,8.31,SPY190930P00254000,254.0,0,0.0,0.0,,0.0,normalDay
2018-11-09,0.0,137.0,0.0,0,277.76,0.0,1,10.61,9.24,SPY190930P00254000,254.0,0,0.0,0.0,,0.0,normalDay
2018-11-12,0.0,-22.0,0.0,0,272.57,0.0,1,10.61,10.83,SPY190930P00254000,254.0,0,0.0,0.0,,0.0,normalDay
2018-11-13,0.0,-53.0,0.0,0,272.06,0.0,1,10.61,11.14,SPY190930P00254000,254.0,0,0.0,0.0,,0.0,normalDay
2018-11-14,0.0,-148.0,0.0,0,270.2,0.0,1,10.61,12.09,SPY190930P00254000,254.0,0,0.0,0.0,,0.0,normalDay
2018-11-15,0.0,-51.0,0.0,0,273.02,0.0,1,10.61,11.12,SPY190930P00254000,254.0,0,0.0,0.0,,0.0,normalDay
2018-11-16,0.0,14.0,0.0,0,273.73,0.0,1,10.61,10.47,SPY190930P00254000,254.0,0,0.0,0.0,,0.0,normalDay
2018-11-19,0.0,-142.0,0.0,0,269.1,0.0,1,10.61,12.03,SPY190930P00254000,254.0,0,0.0,0.0,,0.0,normalDay
2018-11-20,0.0,-352.0,0.0,0,264.12,0.0,1,10.61,14.13,SPY190930P00254000,254.0,0,0.0,0.0,,0.0,normalDay
2018-11-21,0.0,-302.0,0.0,0,265.02,0.0,1,10.61,13.63,SPY190930P00254000,254.0,0,0.0,0.0,,0.0,normalDay
2018-11-23,0.0,-360.0,0.0,0,263.25,0.0,1,10.61,14.21,SPY190930P00254000,254.0,0,0.0,0.0,,0.0,normalDay
2018-11-26,0.0,-144.0,0.0,0,267.5,0.0,1,10.61,12.05,SPY190930P00254000,254.0,0,0.0,0.0,,0.0,normalDay
2018-11-27,0.0,-139.0,0.0,0,268.4,0.0,1,10.61,12.0,SPY190930P00254000,254.0,0,0.0,0.0,,0.0,normalDay
2018-11-28,0.0,31.0,0.0,0,274.58,0.0,1,10.61,10.3,SPY190930P00254000,254.0,0,0.0,0.0,,0.0,normalDay
2018-11-29,0.0,20.0,0.0,0,273.98,0.0,1,10.61,10.41,SPY190930P00254000,254.0,0,0.0,0.0,,0.0,normalDay
2018-11-30,0.0,85.0,0.0,0,275.65,0.0,1,10.61,9.76,SPY190930P00254000,254.0,0,0.0,0.0,,0.0,normalDay
2018-12-03,0.0,202.0,0.0,0,279.3,0.0,1,10.61,8.59,SPY190930P00254000,254.0,0,0.0,0.0,,0.0,normalDay
2018-12-04,0.0,-93.0,0.0,0,270.25,0.0,1,10.61,11.54,SPY190930P00254000,254.0,0,0.0,0.0,,0.0,normalDay
2018-12-06,0.0,-108.0,0.0,0,269.84,0.0,1,10.61,11.69,SPY190930P00254000,254.0,0,0.0,0.0,,0.0,normalDay
2018-12-07,0.0,-362.0,0.0,0,263.57,0.0,1,10.61,14.23,SPY190930P00254000,254.0,0,0.0,0.0,,0.0,normalDay
2018-12-10,0.0,-310.0,0.0,0,264.07,0.0,1,10.61,13.71,SPY190930P00254000,254.0,0,0.0,0.0,,0.0,normalDay
2018-12-11,0.0,-307.0,0.0,0,264.13,0.0,1,10.61,13.68,SPY190930P00254000,254.0,0,0.0,0.0,,0.0,normalDay
2018-12-12,0.0,-284.0,0.0,0,265.46,0.0,1,10.61,13.45,SPY190930P00254000,254.0,0,0.0,0.0,,0.0,normalDay
2018-12-13,0.0,-272.0,0.0,0,265.37,0.0,1,10.61,13.33,SPY190930P00254000,254.0,0,0.0,0.0,,0.0,normalDay
2018-12-14,0.0,-451.0,0.0,0,260.47,0.0,1,10.61,15.12,SPY190930P00254000,254.0,0,0.0,0.0,,0.0,normalDay
2018-12-17,0.0,-686.0,0.0,0,255.36,0.0,1,10.61,17.47,SPY190930P00254000,254.0,0,0.0,0.0,,0.0,normalDay
2018-12-18,0.0,-712.0,0.0,0,255.08,0.0,1,10.61,17.73,SPY190930P00254000,254.0,0,0.0,0.0,,0.0,normalDay
2018-12-19,0.0,-839.0,0.0,0,251.26,0.0,1,10.61,19.0,SPY190930P00254000,254.0,0,0.0,0.0,,0.0,normalDay
2018-12-20,0.0,-1028.0,0.0,0,247.17,0.0,1,10.61,20.89,SPY190930P00254000,254.0,0,0.0,0.0,,0.0,normalDay
2018-12-21,0.0,-1346.0,0.0,0,240.7,0.0,1,10.61,24.07,SPY190930P00254000,254.0,0,0.0,0.0,,0.0,normalDay
2018-12-24,0.0,-1874.0,0.0,0,234.34,0.0,1,10.61,29.35,SPY190930P00254000,254.0,0,0.0,0.0,,0.0,normalDay
2018-12-26,0.0,-977.0,0.0,0,246.18,0.0,1,10.61,20.38,SPY190930P00254000,254.0,0,0.0,0.0,,0.0,normalDay
2018-12-27,0.0,-919.0,0.0,0,248.07,0.0,1,10.61,19.8,SPY190930P00254000,254.0,0,0.0,0.0,,0.0,normalDay
2018-12-28,0.0,-935.0,0.0,0,247.75,0.0,1,10.61,19.96,SPY190930P00254000,254.0,0,0.0,0.0,,0.0,normalDay
2018-12-31,0.0,-780.0,0.0,0,249.92,0.0,1,10.61,18.41,SPY190930P00254000,254.0,0,0.0,0.0,,0.0,normalDay
2019-01-02,0.0,-721.0,0.0,0,250.18,0.0,1,10.61,17.82,SPY190930P00254000,254.0,0,0.0,0.0,,0.0,normalDay
2019-01-03,0.0,-1078.0,0.0,0,244.21,0.0,1,10.61,21.39,SPY190930P00254000,254.0,0,0.0,0.0,,0.0,normalDay
2019-01-04,0.0,-623.0,0.0,0,252.39,0.0,1,10.61,16.84,SPY190930P00254000,254.0,0,0.0,0.0,,0.0,normalDay
2019-01-07,0.0,-528.0,0.0,0,254.38,0.0,1,10.61,15.89,SPY190930P00254000,254.0,0,0.0,0.0,,0.0,normalDay
2019-01-08,0.0,-427.0,0.0,0,256.77,0.0,1,10.61,14.88,SPY190930P00254000,254.0,0,0.0,0.0,,0.0,normalDay
2019-01-09,0.0,-358.0,0.0,0,257.97,0.0,1,10.61,14.19,SPY190930P00254000,254.0,0,0.0,0.0,,0.0,normalDay
2019-01-10,0.0,-321.0,0.0,0,258.88,0.0,1,10.61,13.82,SPY190930P00254000,254.0,0,0.0,0.0,,0.0,normalDay
2019-01-11,0.0,-276.0,0.0,0,258.98,0.0,1,10.61,13.37,SPY190930P00254000,254.0,0,0.0,0.0,,0.0,normalDay
2019-01-14,0.0,-311.0,0.0,0,257.4,0.0,1,10.61,13.72,SPY190930P00254000,254.0,0,0.0,0.0,,0.0,normalDay
2019-01-15,0.0,-164.0,0.0,0,260.35,0.0,1,10.61,12.25,SPY190930P00254000,254.0,0,0.0,0.0,,0.0,normalDay
2019-01-16,0.0,-130.0,0.0,0,260.98,0.0,1,10.61,11.91,SPY190930P00254000,254.0,0,0.0,0.0,,0.0,normalDay
2019-01-17,0.0,-75.0,0.0,0,262.96,0.0,1,10.61,11.36,SPY190930P00254000,254.0,0,0.0,0.0,,0.0,normalDay
2019-01-18,0.0,44.0,0.0,0,266.46,0.0,1,10.61,10.17,SPY190930P00254000,254.0,0,0.0,0.0,,0.0,normalDay
2019-01-22,0.0,-101.0,0.0,0,262.86,0.0,1,10.61,11.62,SPY190930P00254000,254.0,0,0.0,0.0,,0.0,normalDay
2019-01-23,0.0,-80.0,0.0,0,263.41,0.0,1,10.61,11.41,SPY190930P00254000,254.0,0,0.0,0.0,,0.0,normalDay
2019-01-24,0.0,-65.0,0.0,0,263.55,0.0,1,10.61,11.26,SPY190930P00254000,254.0,0,0.0,0.0,,0.0,normalDay
2019-01-25,0.0,32.0,0.0,0,265.78,0.0,1,10.61,10.29,SPY190930P00254000,254.0,0,0.0,0.0,,0.0,normalDay
2019-01-28,0.0,-31.0,0.0,0,263.76,0.0,1,10.61,10.92,SPY190930P00254000,254.0,0,0.0,0.0,,0.0,normalDay
2019-01-29,0.0,-47.0,0.0,0,263.41,0.0,1,10.61,11.08,SPY190930P00254000,254.0,0,0.0,0.0,,0.0,normalDay
2019-01-30,0.0,105.0,0.0,0,267.58,0.0,1,10.61,9.56,SPY190930P00254000,254.0,0,0.0,0.0,,0.0,normalDay
2019-01-31,0.0,209.0,0.0,0,269.93,0.0,1,10.61,8.52,SPY190930P00254000,254.0,0,0.0,0.0,,0.0,normalDay
2019-02-01,0.0,216.0,0.0,0,270.06,0.0,1,10.61,8.45,SPY190930P00254000,254.0,0,0.0,0.0,,0.0,normalDay
2019-02-04,0.0,284.0,0.0,0,271.96,0.0,1,10.61,7.77,SPY190930P00254000,254.0,0,0.0,0.0,,0.0,normalDay
2019-02-05,0.0,320.0,0.0,0,273.1,0.0,1,10.61,7.41,SPY190930P00254000,254.0,0,0.0,0.0,,0.0,normalDay
2019-02-06,0.0,320.0,0.0,0,272.74,0.0,1,10.61,7.41,SPY190930P00254000,254.0,0,0.0,0.0,,0.0,normalDay
2019-02-07,0.0,247.0,0.0,0,270.14,0.0,1,10.61,8.14,SPY190930P00254000,254.0,0,0.0,0.0,,0.0,normalDay
2019-02-08,0.0,255.0,0.0,0,270.47,0.0,1,10.61,8.06,SPY190930P00254000,254.0,0,0.0,0.0,,0.0,normalDay
2019-02-11,0.0,270.0,0.0,0,270.62,0.0,1,10.61,7.91,SPY190930P00254000,254.0,0,0.0,0.0,,0.0,normalDay
2019-02-12,0.0,372.0,0.0,0,274.1,0.0,1,10.61,6.89,SPY190930P00254000,254.0,0,0.0,0.0,,0.0,normalDay
2019-02-13,0.0,377.0,0.0,0,274.99,0.0,1,10.61,6.84,SPY190930P00254000,254.0,0,0.0,0.0,,0.0,normalDay
2019-02-14,0.0,344.0,0.0,0,274.38,0.0,1,10.61,7.17,SPY190930P00254000,254.0,0,0.0,0.0,,0.0,normalDay
2019-02-15,0.0,432.0,0.0,0,277.37,0.0,1,10.61,6.29,SPY190930P00254000,254.0,0,0.0,0.0,,0.0,normalDay
2019-02-19,0.0,449.0,0.0,0,277.85,0.0,1,10.61,6.12,SPY190930P00254000,254.0,0,0.0,0.0,,0.0,normalDay
2019-02-20,0.0,491.0,0.0,0,278.41,0.0,1,10.61,5.7,SPY190930P00254000,254.0,0,0.0,0.0,,0.0,normalDay
2019-02-21,0.0,470.0,0.0,0,277.42,0.0,1,10.61,5.91,SPY190930P00254000,254.0,0,0.0,0.0,,0.0,normalDay
2019-02-22,0.0,516.0,0.0,0,279.14,0.0,1,10.61,5.45,SPY190930P00254000,254.0,0,0.0,0.0,,0.0,normalDay
2019-02-25,0.0,522.0,0.0,0,279.52,0.0,1,10.61,5.39,SPY190930P00254000,254.0,0,0.0,0.0,,0.0,normalDay
2019-02-26,0.0,505.0,0.0,0,279.32,0.0,1,10.61,5.56,SPY190930P00254000,254.0,0,0.0,0.0,,0.0,normalDay
2019-02-27,0.0,516.0,0.0,0,279.2,0.0,1,10.61,5.45,SPY190930P00254000,254.0,0,0.0,0.0,,0.0,normalDay
2019-02-28,0.0,502.0,0.0,0,278.68,0.0,1,10.61,5.59,SPY190930P00254000,254.0,0,0.0,0.0,,0.0,normalDay
2019-03-01,0.0,554.0,0.0,0,280.42,0.0,1,10.61,5.07,SPY190930P00254000,254.0,0,0.0,0.0,,0.0,normalDay
2019-03-04,0.0,521.0,0.0,0,279.4,0.0,1,10.61,5.4,SPY190930P00254000,254.0,0,0.0,0.0,,0.0,normalDay
2019-03-05,0.0,513.0,0.0,0,279.02,0.0,1,10.61,5.48,SPY190930P00254000,254.0,0,0.0,0.0,,0.0,normalDay
2019-03-06,0.0,464.0,0.0,0,277.33,0.0,1,10.61,5.97,SPY190930P00254000,254.0,0,0.0,0.0,,0.0,normalDay
2019-03-07,0.0,409.0,0.0,0,275.01,0.0,1,10.61,6.52,SPY190930P00254000,254.0,0,0.0,0.0,,0.0,normalDay
2019-03-08,0.0,400.0,0.0,0,274.46,0.0,1,10.61,6.61,SPY190930P00254000,254.0,0,0.0,0.0,,0.0,normalDay
2019-03-11,0.0,515.0,0.0,0,278.44,0.0,1,10.61,5.46,SPY190930P00254000,254.0,0,0.0,0.0,,0.0,normalDay
2019-03-12,0.0,547.0,0.0,0,279.49,0.0,1,10.61,5.14,SPY190930P00254000,254.0,0,0.0,0.0,,0.0,normalDay
2019-03-13,0.0,599.0,0.0,0,281.34,0.0,1,10.61,4.62,SPY190930P00254000,254.0,0,0.0,0.0,,0.0,normalDay
2019-03-14,0.0,596.0,0.0,0,281.16,0.0,1,10.61,4.65,SPY190930P00254000,254.0,0,0.0,0.0,,0.0,normalDay
2019-03-15,0.0,625.0,0.0,0,281.31,0.0,1,10.61,4.36,SPY190930P00254000,254.0,0,0.0,0.0,,0.0,normalDay
2019-03-18,0.0,643.0,0.0,0,282.33,0.0,1,10.61,4.18,SPY190930P00254000,254.0,0,0.0,0.0,,0.0,normalDay
2019-03-19,0.0,629.0,0.0,0,282.4,0.0,1,10.61,4.32,SPY190930P00254000,254.0,0,0.0,0.0,,0.0,normalDay
2019-03-20,0.0,613.0,0.0,0,281.55,0.0,1,10.61,4.48,SPY190930P00254000,254.0,0,0.0,0.0,,0.0,normalDay
2019-03-21,0.0,666.0,0.0,0,284.73,0.0,1,10.61,3.95,SPY190930P00254000,254.0,0,0.0,0.0,,0.0,normalDay
2019-03-22,0.0,546.0,0.0,0,279.25,0.0,1,10.61,5.15,SPY190930P00254000,254.0,0,0.0,0.0,,0.0,normalDay
2019-03-25,0.0,534.0,0.0,0,279.04,0.0,1,10.61,5.27,SPY190930P00254000,254.0,0,0.0,0.0,,0.0,normalDay
2019-03-26,0.0,589.0,0.0,0,281.12,0.0,1,10.61,4.72,SPY190930P00254000,254.0,0,0.0,0.0,,0.0,normalDay
2019-03-27,0.0,562.0,0.0,0,279.65,0.0,1,10.61,4.99,SPY190930P00254000,254.0,0,0.0,0.0,,0.0,normalDay
2019-03-28,0.0,592.0,0.0,0,280.71,0.0,1,10.61,4.69,SPY190930P00254000,254.0,0,0.0,0.0,,0.0,normalDay
2019-03-29,0.0,635.0,0.0,0,282.48,0.0,1,10.61,4.26,SPY190930P00254000,254.0,0,0.0,0.0,,0.0,normalDay
2019-04-01,0.0,690.0,0.0,0,285.83,0.0,1,10.61,3.71,SPY190930P00254000,254.0,0,0.0,0.0,,0.0,normalDay
2019-04-02,0.0,695.0,0.0,0,285.97,0.0,1,10.61,3.66,SPY190930P00254000,254.0,0,0.0,0.0,,0.0,normalDay
2019-04-03,0.0,706.0,0.0,0,286.42,0.0,1,10.61,3.55,SPY190930P00254000,254.0,0,0.0,0.0,,0.0,normalDay
2019-04-04,0.0,716.0,0.0,0,287.18,0.0,1,10.61,3.45,SPY190930P00254000,254.0,0,0.0,0.0,,0.0,normalDay
2019-04-05,0.0,743.0,0.0,0,288.57,0.0,1,10.61,3.18,SPY190930P00254000,254.0,0,0.0,0.0,,0.0,normalDay
2019-04-08,0.0,747.0,0.0,0,288.79,0.0,1,10.61,3.14,SPY190930P00254000,254.0,0,0.0,0.0,,0.0,normalDay
2019-04-09,0.0,709.0,0.0,0,287.31,0.0,1,10.61,3.52,SPY190930P00254000,254.0,0,0.0,0.0,,0.0,normalDay
2019-04-10,0.0,742.0,0.0,0,288.29,0.0,1,10.61,3.19,SPY190930P00254000,254.0,0,0.0,0.0,,0.0,normalDay
2019-04-11,0.0,744.0,0.0,0,288.21,0.0,1,10.61,3.17,SPY190930P00254000,254.0,0,0.0,0.0,,0.0,normalDay
2019-04-12,0.0,783.0,0.0,0,290.16,0.0,1,10.61,2.78,SPY190930P00254000,254.0,0,0.0,0.0,,0.0,normalDay
2019-04-15,0.0,786.0,0.0,0,289.97,0.0,1,10.61,2.75,SPY190930P00254000,254.0,0,0.0,0.0,,0.0,normalDay
2019-04-16,0.0,791.0,0.0,0,290.16,0.0,1,10.61,2.7,SPY190930P00254000,254.0,0,0.0,0.0,,0.0,normalDay
2019-04-17,0.0,779.0,0.0,0,289.45,0.0,1,10.61,2.82,SPY190930P00254000,254.0,0,0.0,0.0,,0.0,normalDay
2019-04-18,0.0,789.0,0.0,0,290.02,0.0,1,10.61,2.72,SPY190930P00254000,254.0,0,0.0,0.0,,0.0,normalDay
2019-04-22,0.0,793.0,0.0,0,290.27,0.0,1,10.61,2.68,SPY190930P00254000,254.0,0,0.0,0.0,,0.0,normalDay
2019-04-23,0.0,819.0,0.0,0,292.88,0.0,1,10.61,2.42,SPY190930P00254000,254.0,0,0.0,0.0,,0.0,normalDay
2019-04-24,0.0,808.0,0.0,0,292.23,0.0,1,10.61,2.53,SPY190930P00254000,254.0,0,0.0,0.0,,0.0,normalDay
2019-04-25,0.0,802.0,0.0,0,292.05,0.0,1,10.61,2.59,SPY190930P00254000,254.0,0,0.0,0.0,,0.0,normalDay
2019-04-26,0.0,821.0,0.0,0,293.41,0.0,1,10.61,2.4,SPY190930P00254000,254.0,0,0.0,0.0,,0.0,normalDay
2019-04-29,0.0,823.0,0.0,0,293.87,0.0,1,10.61,2.38,SPY190930P00254000,254.0,0,0.0,0.0,,0.0,normalDay
2019-04-30,0.0,828.0,0.0,0,294.02,0.0,1,10.61,2.33,SPY190930P00254000,254.0,0,0.0,0.0,,0.0,normalDay
2019-05-01,0.0,790.0,0.0,0,291.81,0.0,1,10.61,2.71,SPY190930P00254000,254.0,0,0.0,0.0,,0.0,normalDay
2019-05-02,0.0,788.0,0.0,0,291.18,0.0,1,10.61,2.73,SPY190930P00254000,254.0,0,0.0,0.0,,0.0,normalDay
2019-05-03,0.0,833.0,0.0,0,294.03,0.0,1,10.61,2.28,SPY190930P00254000,254.0,0,0.0,0.0,,0.0,normalDay
2019-05-06,0.0,802.0,0.0,0,292.82,0.0,1,10.61,2.59,SPY190930P00254000,254.0,0,0.0,0.0,,0.0,normalDay
2019-05-07,0.0,692.0,0.0,0,287.93,0.0,1,10.61,3.69,SPY190930P00254000,254.0,0,0.0,0.0,,0.0,normalDay
2019-05-08,0.0,701.0,0.0,0,287.53,0.0,1,10.61,3.6,SPY190930P00254000,254.0,0,0.0,0.0,,0.0,normalDay
2019-05-09,0.0,709.0,0.0,0,286.66,0.0,1,10.61,3.52,SPY190930P00254000,254.0,0,0.0,0.0,,0.0,normalDay
2019-05-10,0.0,758.0,0.0,0,288.1,0.0,1,10.61,3.03,SPY190930P00254000,254.0,0,0.0,0.0,,0.0,normalDay
2019-05-13,0.0,604.0,0.0,0,280.86,0.0,1,10.61,4.57,SPY190930P00254000,254.0,0,0.0,0.0,,0.0,normalDay
2019-05-14,0.0,684.0,0.0,0,283.4,0.0,1,10.61,3.77,SPY190930P00254000,254.0,0,0.0,0.0,,0.0,normalDay
2019-05-15,0.0,732.0,0.0,0,285.06,0.0,1,10.61,3.29,SPY190930P00254000,254.0,0,0.0,0.0,,0.0,normalDay
2019-05-16,0.0,784.0,0.0,0,287.7,0.0,1,10.61,2.77,SPY190930P00254000,254.0,0,0.0,0.0,,0.0,normalDay
2019-05-17,0.0,754.0,0.0,0,285.84,0.0,1,10.61,3.07,SPY190930P00254000,254.0,0,0.0,0.0,,0.0,normalDay
2019-05-20,0.0,738.0,0.0,0,283.95,0.0,1,10.61,3.23,SPY190930P00254000,254.0,0,0.0,0.0,,0.0,normalDay
2019-05-21,0.0,791.0,0.0,0,286.51,0.0,1,10.61,2.7,SPY190930P00254000,254.0,0,0.0,0.0,,0.0,normalDay
2019-05-22,0.0,784.0,0.0,0,285.63,0.0,1,10.61,2.77,SPY190930P00254000,254.0,0,0.0,0.0,,0.0,normalDay
2019-05-23,0.0,708.0,0.0,0,282.14,0.0,1,10.61,3.53,SPY190930P00254000,254.0,0,0.0,0.0,,0.0,normalDay
2019-05-24,0.0,734.0,0.0,0,282.78,0.0,1,10.61,3.27,SPY190930P00254000,254.0,0,0.0,0.0,,0.0,normalDay
2019-05-28,0.0,694.0,0.0,0,280.15,0.0,1,10.61,3.67,SPY190930P00254000,254.0,0,0.0,0.0,,0.0,normalDay
2019-05-29,0.0,660.0,0.0,0,278.27,0.0,1,10.61,4.01,SPY190930P00254000,254.0,0,0.0,0.0,,0.0,normalDay
2019-05-30,0.0,680.0,0.0,0,279.03,0.0,1,10.61,3.81,SPY190930P00254000,254.0,0,0.0,0.0,,0.0,normalDay
2019-05-31,0.0,591.0,0.0,0,275.27,0.0,1,10.61,4.7,SPY190930P00254000,254.0,0,0.0,0.0,,0.0,normalDay
2019-06-03,0.0,597.0,0.0,0,274.57,0.0,1,10.61,4.64,SPY190930P00254000,254.0,0,0.0,0.0,,0.0,normalDay
2019-06-04,0.0,726.0,0.0,0,280.53,0.0,1,10.61,3.35,SPY190930P00254000,254.0,0,0.0,0.0,,0.0,normalDay
2019-06-05,0.0,771.0,0.0,0,282.96,0.0,1,10.61,2.9,SPY190930P00254000,254.0,0,0.0,0.0,,0.0,normalDay
2019-06-06,0.0,797.0,0.0,0,284.8,0.0,1,10.61,2.64,SPY190930P00254000,254.0,0,0.0,0.0,,0.0,normalDay
2019-06-07,0.0,815.0,0.0,0,287.65,0.0,1,10.61,2.46,SPY190930P00254000,254.0,0,0.0,0.0,,0.0,normalDay
2019-06-10,0.0,840.0,0.0,0,288.97,0.0,1,10.61,2.21,SPY190930P00254000,254.0,0,0.0,0.0,,0.0,normalDay
2019-06-11,0.0,834.0,0.0,0,288.9,0.0,1,10.61,2.27,SPY190930P00254000,254.0,0,0.0,0.0,,0.0,normalDay
2019-06-12,0.0,835.0,0.0,0,288.39,0.0,1,10.61,2.26,SPY190930P00254000,254.0,0,0.0,0.0,,0.0,normalDay
2019-06-13,0.0,851.0,0.0,0,289.58,0.0,1,10.61,2.1,SPY190930P00254000,254.0,0,0.0,0.0,,0.0,normalDay
2019-06-14,0.0,859.0,0.0,0,289.26,0.0,1,10.61,2.02,SPY190930P00254000,254.0,0,0.0,0.0,,0.0,normalDay
2019-06-17,0.0,865.0,0.0,0,289.37,0.0,1,10.61,1.96,SPY190930P00254000,254.0,0,0.0,0.0,,0.0,normalDay
2019-06-18,0.0,889.0,0.0,0,292.4,0.0,1,10.61,1.72,SPY190930P00254000,254.0,0,0.0,0.0,,0.0,normalDay
2019-06-19,0.0,905.0,0.0,0,293.06,0.0,1,10.61,1.56,SPY190930P00254000,254.0,0,0.0,0.0,,0.0,normalDay
2019-06-20,0.0,921.0,0.0,0,295.86,0.0,1,10.61,1.4,SPY190930P00254000,254.0,0,0.0,0.0,,0.0,normalDay
2019-06-21,0.0,913.0,0.0,0,294.0,0.0,1,10.61,1.48,SPY190930P00254000,254.0,0,0.0,0.0,,0.0,normalDay
2019-06-24,0.0,918.0,0.0,0,293.64,0.0,1,10.61,1.43,SPY190930P00254000,254.0,0,0.0,0.0,,0.0,normalDay
2019-06-25,0.0,891.0,0.0,0,290.76,0.0,1,10.61,1.7,SPY190930P00254000,254.0,0,0.0,0.0,,0.0,normalDay
2019-06-26,0.0,891.0,0.0,0,290.47,0.0,1,10.61,1.7,SPY190930P00254000,254.0,0,0.0,0.0,,0.0,normalDay
2019-06-27,0.0,908.0,0.0,0,291.5,0.0,1,10.61,1.53,SPY190930P00254000,254.0,0,0.0,0.0,,0.0,normalDay
2019-06-28,0.0,933.0,0.0,0,293.0,0.0,1,10.61,1.28,SPY190930P00254000,254.0,0,0.0,0.0,,0.0,normalDay
2019-07-01,0.0,959.0,0.0,0,295.66,0.0,1,10.61,1.02,SPY190930P00254000,254.0,0,0.0,0.0,,0.0,normalDay
2019-07-02,0.0,970.0,0.0,0,296.43,0.0,1,10.61,0.91,SPY190930P00254000,254.0,0,0.0,0.0,,0.0,normalDay
2019-07-03,0.0,983.0,0.0,0,298.8,0.0,1,10.61,0.78,SPY190930P00254000,254.0,0,0.0,0.0,,0.0,normalDay
2019-07-05,0.0,978.0,0.0,0,298.46,0.0,1,10.61,0.83,SPY190930P00254000,254.0,0,0.0,0.0,,0.0,normalDay
2019-07-08,0.0,973.0,0.0,0,296.82,0.0,1,10.61,0.88,SPY190930P00254000,254.0,0,0.0,0.0,,0.0,normalDay
2019-07-09,0.0,973.0,0.0,0,297.19,0.0,1,10.61,0.88,SPY190930P00254000,254.0,0,0.0,0.0,,0.0,normalDay
2019-07-10,0.0,984.0,0.0,0,298.61,0.0,1,10.61,0.77,SPY190930P00254000,254.0,0,0.0,0.0,,0.0,normalDay
2019-07-11,0.0,988.0,0.0,0,299.31,0.0,1,10.61,0.73,SPY190930P00254000,254.0,0,0.0,0.0,,0.0,normalDay
2019-07-12,0.0,996.0,0.0,0,300.65,0.0,1,10.61,0.65,SPY190930P00254000,254.0,0,0.0,0.0,,0.0,normalDay
2019-07-15,0.0,995.0,0.0,0,300.75,0.0,1,10.61,0.66,SPY190930P00254000,254.0,0,0.0,0.0,,0.0,normalDay
2019-07-16,0.0,993.0,0.0,0,299.78,0.0,1,10.61,0.68,SPY190930P00254000,254.0,0,0.0,0.0,,0.0,normalDay
2019-07-17,0.0,982.0,0.0,0,297.74,0.0,1,10.61,0.79,SPY190930P00254000,254.0,0,0.0,0.0,,0.0,normalDay
2019-07-18,0.0,991.0,0.0,0,298.83,0.0,1,10.61,0.7,SPY190930P00254000,254.0,0,0.0,0.0,,0.0,normalDay
2019-07-19,0.0,986.0,0.0,0,297.17,0.0,1,10.61,0.75,SPY190930P00254000,254.0,0,0.0,0.0,,0.0,normalDay
2019-07-22,0.0,998.0,0.0,0,297.9,0.0,1,10.61,0.63,SPY190930P00254000,254.0,0,0.0,0.0,,0.0,normalDay
2019-07-23,0.0,1010.0,0.0,0,300.03,0.0,1,10.61,0.51,SPY190930P00254000,254.0,0,0.0,0.0,,0.0,normalDay
2019-07-24,0.0,1018.0,0.0,0,301.44,0.0,1,10.61,0.43,SPY190930P00254000,254.0,0,0.0,0.0,,0.0,normalDay
2019-07-25,0.0,1012.0,0.0,0,300.0,0.0,1,10.61,0.49,SPY190930P00254000,254.0,0,0.0,0.0,,0.0,normalDay
2019-07-26,0.0,1019.0,0.0,0,302.01,0.0,1,10.61,0.42,SPY190930P00254000,254.0,0,0.0,0.0,,0.0,normalDay
2019-07-29,0.0,1018.0,0.0,0,301.46,0.0,1,10.61,0.43,SPY190930P00254000,254.0,0,0.0,0.0,,0.0,normalDay
2019-07-30,0.0,1011.0,0.0,0,300.72,0.0,1,10.61,0.5,SPY190930P00254000,254.0,0,0.0,0.0,,0.0,normalDay
2019-07-31,0.0,992.0,0.0,0,297.43,0.0,1,10.61,0.69,SPY190930P00254000,254.0,0,0.0,0.0,,0.0,normalDay
2019-08-01,0.0,971.0,0.0,0,294.84,0.0,1,10.61,0.9,SPY190930P00254000,254.0,0,0.0,0.0,,0.0,normalDay
2019-08-02,0.0,962.0,0.0,0,292.62,0.0,1,10.61,0.99,SPY190930P00254000,254.0,0,0.0,0.0,,0.0,normalDay
2019-08-05,0.0,823.0,0.0,0,283.82,0.0,1,10.61,2.38,SPY190930P00254000,254.0,0,0.0,0.0,,0.0,normalDay
2019-08-06,0.0,919.0,0.0,0,287.8,0.0,1,10.61,1.42,SPY190930P00254000,254.0,0,0.0,0.0,,0.0,normalDay
2019-08-07,0.0,926.0,0.0,0,287.97,0.0,1,10.61,1.35,SPY190930P00254000,254.0,0,0.0,0.0,,0.0,normalDay
2019-08-08,0.0,981.0,0.0,0,293.62,0.0,1,10.61,0.8,SPY190930P00254000,254.0,0,0.0,0.0,,0.0,normalDay
2019-08-09,0.0,967.0,0.0,0,291.62,0.0,1,10.61,0.94,SPY190930P00254000,254.0,0,0.0,0.0,,0.0,normalDay
2019-08-12,0.0,922.0,0.0,0,288.07,0.0,1,10.61,1.39,SPY190930P00254000,254.0,0,0.0,0.0,,0.0,normalDay
2019-08-13,0.0,982.0,0.0,0,292.55,0.0,1,10.61,0.79,SPY190930P00254000,254.0,0,0.0,0.0,,0.0,normalDay
2019-08-14,0.0,894.0,0.0,0,283.9,0.0,1,10.61,1.67,SPY190930P00254000,254.0,0,0.0,0.0,,0.0,normalDay
2019-08-15,0.0,918.0,0.0,0,284.65,0.0,1,10.61,1.43,SPY190930P00254000,254.0,0,0.0,0.0,,0.0,normalDay
2019-08-16,0.0,975.0,0.0,0,288.85,0.0,1,10.61,0.86,SPY190930P00254000,254.0,0,0.0,0.0,,0.0,normalDay
2019-08-19,0.0,1012.0,0.0,0,292.33,0.0,1,10.61,0.49,SPY190930P00254000,254.0,0,0.0,0.0,,0.0,normalDay
2019-08-20,0.0,1002.0,0.0,0,290.09,0.0,1,10.61,0.59,SPY190930P00254000,254.0,0,0.0,0.0,,0.0,normalDay
2019-08-21,0.0,1026.0,0.0,0,292.45,0.0,1,10.61,0.35,SPY190930P00254000,254.0,0,0.0,0.0,,0.0,normalDay
2019-08-22,0.0,1021.0,0.0,0,292.36,0.0,1,10.61,0.4,SPY190930P00254000,254.0,0,0.0,0.0,,0.0,normalDay
2019-08-23,0.0,977.0,0.0,0,284.85,0.0,1,10.61,0.84,SPY190930P00254000,254.0,0,0.0,0.0,,0.0,normalDay
2019-08-26,0.0,1002.0,0.0,0,288.0,0.0,1,10.61,0.59,SPY190930P00254000,254.0,0,0.0,0.0,,0.0,normalDay
2019-08-27,0.0,992.0,0.0,0,286.87,0.0,1,10.61,0.69,SPY190930P00254000,254.0,0,0.0,0.0,,0.0,normalDay
2019-08-28,0.0,1009.0,0.0,0,288.89,0.0,1,10.61,0.52,SPY190930P00254000,254.0,0,0.0,0.0,,0.0,normalDay
2019-08-29,0.0,1023.0,0.0,0,292.58,0.0,1,10.61,0.38,SPY190930P00254000,254.0,0,0.0,0.0,,0.0,normalDay
2019-08-30,0.0,1017.0,0.0,0,292.45,0.0,1,10.61,0.44,SPY190930P00254000,254.0,0,0.0,0.0,,0.0,normalDay
2019-09-03,0.0,1020.0,0.0,0,290.74,0.0,1,10.61,0.41,SPY190930P00254000,254.0,0,0.0,0.0,,0.0,normalDay
2019-09-04,0.0,1041.0,0.0,0,294.04,0.0,1,10.61,0.2,SPY190930P00254000,254.0,0,0.0,0.0,,0.0,normalDay
2019-09-05,0.0,1045.0,0.0,0,297.82,0.0,1,10.61,0.16,SPY190930P00254000,254.0,0,0.0,0.0,,0.0,normalDay
2019-09-06,0.0,1051.0,0.0,0,298.05,0.0,1,10.61,0.1,SPY190930P00254000,254.0,0,0.0,0.0,,0.0,normalDay
2019-09-09,0.0,1052.0,0.0,0,298.2,0.0,1,10.61,0.09,SPY190930P00254000,254.0,0,0.0,0.0,,0.0,normalDay
2019-09-10,0.0,1052.0,0.0,0,298.13,0.0,1,10.61,0.09,SPY190930P00254000,254.0,0,0.0,0.0,,0.0,normalDay
2019-09-11,0.0,1054.0,0.0,0,300.25,0.0,1,10.61,0.07,SPY190930P00254000,254.0,0,0.0,0.0,,0.0,normalDay
2019-09-12,0.0,1056.0,0.0,0,301.29,0.0,1,10.61,0.05,SPY190930P00254000,254.0,0,0.0,0.0,,0.0,normalDay
2019-09-13,0.0,1057.0,0.0,0,301.09,0.0,1,10.61,0.04,SPY190930P00254000,254.0,0,0.0,0.0,,0.0,normalDay
2019-09-16,0.0,1057.0,0.0,0,300.16,0.0,1,10.61,0.04,SPY190930P00254000,254.0,0,0.0,0.0,,0.0,normalDay
2019-09-17,0.0,1057.0,0.0,0,300.92,0.0,1,10.61,0.04,SPY190930P00254000,254.0,0,0.0,0.0,,0.0,normalDay
2019-09-18,0.0,1058.0,0.0,0,301.1,0.0,1,10.61,0.03,SPY190930P00254000,254.0,0,0.0,0.0,,0.0,normalDay
2019-09-19,0.0,1058.0,0.0,0,301.08,0.0,1,10.61,0.03,SPY190930P00254000,254.0,0,0.0,0.0,,0.0,normalDay
2019-09-20,0.0,1058.0,0.0,0,298.28,0.0,1,10.61,0.03,SPY190930P00254000,254.0,0,0.0,0.0,,0.0,normalDay
2019-09-23,0.0,1059.0,0.0,0,298.21,0.0,1,10.61,0.02,SPY190930P00254000,254.0,0,0.0,0.0,,0.0,normalDay
2019-09-24,0.0,1058.0,0.0,0,295.87,0.0,1,10.61,0.03,SPY190930P00254000,254.0,0,0.0,0.0,,0.0,normalDay
2019-09-25,0.0,1059.0,0.0,0,297.62,0.0,1,10.61,0.02,SPY190930P00254000,254.0,0,0.0,0.0,,0.0,normalDay
2019-09-26,0.0,1060.0,0.0,0,297.0,0.0,1,10.61,0.01,SPY190930P00254000,254.0,0,0.0,0.0,,0.0,normalDay
2019-09-27,0.0,1060.0,0.0,0,295.4,0.0,1,10.61,0.01,SPY190930P00254000,254.0,0,0.0,0.0,,0.0,normalDay
2019-09-30,1061.0,0.0,1061.0,0,296.77,0.0,1,10.61,0.0,SPY190930P00254000,254.0,0,0.0,0.0,,0.0,expirationDay
2019-10-01,1061.0,-22.0,0.0,0,293.24,0.0,1,19.32,19.54,SPY200930P00291000,291.0,0,0.0,0.0,,0.0,normalDay
2019-10-02,1061.0,-319.0,0.0,0,288.06,0.0,1,19.32,22.51,SPY200930P00291000,291.0,0,0.0,0.0,,0.0,normalDay
2019-10-03,1061.0,-188.0,0.0,0,290.42,0.0,1,19.32,21.2,SPY200930P00291000,291.0,0,0.0,0.0,,0.0,normalDay
2019-10-04,1061.0,31.0,0.0,0,294.35,0.0,1,19.32,19.01,SPY200930P00291000,291.0,0,0.0,0.0,,0.0,normalDay
2019-10-07,1061.0,-18.0,0.0,0,293.08,0.0,1,19.32,19.5,SPY200930P00291000,291.0,0,0.0,0.0,,0.0,normalDay
2019-10-08,1061.0,-260.0,0.0,0,288.53,0.0,1,19.32,21.92,SPY200930P00291000,291.0,0,0.0,0.0,,0.0,normalDay
2019-10-09,1061.0,-117.0,0.0,0,291.27,0.0,1,19.32,20.49,SPY200930P00291000,291.0,0,0.0,0.0,,0.0,normalDay
2019-10-10,1061.0,11.0,0.0,0,293.24,0.0,1,19.32,19.21,SPY200930P00291000,291.0,0,0.0,0.0,,0.0,normalDay
2019-10-11,1061.0,172.0,0.0,0,296.28,0.0,1,19.32,17.6,SPY200930P00291000,291.0,0,0.0,0.0,,0.0,normalDay
2019-10-14,1061.0,189.0,0.0,0,295.95,0.0,1,19.32,17.43,SPY200930P00291000,291.0,0,0.0,0.0,,0.0,normalDay
2019-10-15,1061.0,329.0,0.0,0,298.88,0.0,1,19.32,16.03,SPY200930P00291000,291.0,0,0.0,0.0,,0.0,normalDay
2019-10-16,1061.0,311.0,0.0,0,298.4,0.0,1,19.32,16.21,SPY200930P00291000,291.0,0,0.0,0.0,,0.0,normalDay
2019-10-17,1061.0,337.0,0.0,0,299.28,0.0,1,19.32,15.95,SPY200930P00291000,291.0,0,0.0,0.0,,0.0,normalDay
2019-10-18,1061.0,279.0,0.0,0,297.97,0.0,1,19.32,16.53,SPY200930P00291000,291.0,0,0.0,0.0,,0.0,normalDay
2019-10-21,1061.0,374.0,0.0,0,299.99,0.0,1,19.32,15.58,SPY200930P00291000,291.0,0,0.0,0.0,,0.0,normalDay
2019-10-22,1061.0,328.0,0.0,0,299.01,0.0,1,19.32,16.04,SPY200930P00291000,291.0,0,0.0,0.0,,0.0,normalDay
2019-10-23,1061.0,366.0,0.0,0,299.88,0.0,1,19.32,15.66,SPY200930P00291000,291.0,0,0.0,0.0,,0.0,normalDay
2019-10-24,1061.0,383.0,0.0,0,300.37,0.0,1,19.32,15.49,SPY200930P00291000,291.0,0,0.0,0.0,,0.0,normalDay
2019-10-25,1061.0,449.0,0.0,0,301.6,0.0,1,19.32,14.83,SPY200930P00291000,291.0,0,0.0,0.0,,0.0,normalDay
2019-10-28,1061.0,502.0,0.0,0,303.3,0.0,1,19.32,14.3,SPY200930P00291000,291.0,0,0.0,0.0,,0.0,normalDay
2019-10-29,1061.0,489.0,0.0,0,303.21,0.0,1,19.32,14.43,SPY200930P00291000,291.0,0,0.0,0.0,,0.0,normalDay
2019-10-30,1061.0,541.0,0.0,0,304.14,0.0,1,19.32,13.91,SPY200930P00291000,291.0,0,0.0,0.0,,0.0,normalDay
2019-10-31,1061.0,487.0,0.0,0,303.33,0.0,1,19.32,14.45,SPY200930P00291000,291.0,0,0.0,0.0,,0.0,normalDay
2019-11-01,1061.0,585.0,0.0,0,306.14,0.0,1,19.32,13.47,SPY200930P00291000,291.0,0,0.0,0.0,,0.0,normalDay
2019-11-04,1061.0,625.0,0.0,0,307.37,0.0,1,19.32,13.07,SPY200930P00291000,291.0,0,0.0,0.0,,0.0,normalDay
2019-11-05,1061.0,600.0,0.0,0,307.03,0.0,1,19.32,13.32,SPY200930P00291000,291.0,0,0.0,0.0,,0.0,normalDay
2019-11-06,1061.0,599.0,0.0,0,307.1,0.0,1,19.32,13.33,SPY200930P00291000,291.0,0,0.0,0.0,,0.0,normalDay
2019-11-07,1061.0,626.0,0.0,0,308.18,0.0,1,19.32,13.06,SPY200930P00291000,291.0,0,0.0,0.0,,0.0,normalDay
2019-11-08,1061.0,655.0,0.0,0,308.94,0.0,1,19.32,12.77,SPY200930P00291000,291.0,0,0.0,0.0,,0.0,normalDay
2019-11-11,1061.0,644.0,0.0,0,308.35,0.0,1,19.32,12.88,SPY200930P00291000,291.0,0,0.0,0.0,,0.0,normalDay
2019-11-12,1061.0,656.0,0.0,0,309.0,0.0,1,19.32,12.76,SPY200930P00291000,291.0,0,0.0,0.0,,0.0,normalDay
2019-11-13,1061.0,664.0,0.0,0,309.1,0.0,1,19.32,12.68,SPY200930P00291000,291.0,0,0.0,0.0,,0.0,normalDay
2019-11-14,1061.0,675.0,0.0,0,309.55,0.0,1,19.32,12.57,SPY200930P00291000,291.0,0,0.0,0.0,,0.0,normalDay
2019-11-15,1061.0,753.0,0.0,0,311.79,0.0,1,19.32,11.79,SPY200930P00291000,291.0,0,0.0,0.0,,0.0,normalDay
2019-11-18,1061.0,763.0,0.0,0,312.02,0.0,1,19.32,11.69,SPY200930P00291000,291.0,0,0.0,0.0,,0.0,normalDay
2019-11-19,1061.0,746.0,0.0,0,311.93,0.0,1,19.32,11.86,SPY200930P00291000,291.0,0,0.0,0.0,,0.0,normalDay
2019-11-20,1061.0,700.0,0.0,0,310.77,0.0,1,19.32,12.32,SPY200930P00291000,291.0,0,0.0,0.0,,0.0,normalDay
2019-11-21,1061.0,673.0,0.0,0,310.27,0.0,1,19.32,12.59,SPY200930P00291000,291.0,0,0.0,0.0,,0.0,normalDay
2019-11-22,1061.0,708.0,0.0,0,310.96,0.0,1,19.32,12.24,SPY200930P00291000,291.0,0,0.0,0.0,,0.0,normalDay
2019-11-25,1061.0,797.0,0.0,0,313.37,0.0,1,19.32,11.35,SPY200930P00291000,291.0,0,0.0,0.0,,0.0,normalDay
2019-11-26,1061.0,835.0,0.0,0,314.08,0.0,1,19.32,10.97,SPY200930P00291000,291.0,0,0.0,0.0,,0.0,normalDay
2019-11-27,1061.0,862.0,0.0,0,315.48,0.0,1,19.32,10.7,SPY200930P00291000,291.0,0,0.0,0.0,,0.0,normalDay
2019-11-29,1061.0,820.0,0.0,0,314.31,0.0,1,19.32,11.12,SPY200930P00291000,291.0,0,0.0,0.0,,0.0,normalDay
2019-12-02,1061.0,712.0,0.0,0,311.64,0.0,1,19.32,12.2,SPY200930P00291000,291.0,0,0.0,0.0,,0.0,normalDay
2019-12-03,1061.0,625.0,0.0,0,309.55,0.0,1,19.32,13.07,SPY200930P00291000,291.0,0,0.0,0.0,,0.0,normalDay
2019-12-04,1061.0,698.0,0.0,0,311.46,0.0,1,19.32,12.34,SPY200930P00291000,291.0,0,0.0,0.0,,0.0,normalDay
2019-12-05,1061.0,736.0,0.0,0,312.02,0.0,1,19.32,11.96,SPY200930P00291000,291.0,0,0.0,0.0,,0.0,normalDay
2019-12-06,1061.0,825.0,0.0,0,314.87,0.0,1,19.32,11.07,SPY200930P00291000,291.0,0,0.0,0.0,,0.0,normalDay
2019-12-09,1061.0,772.0,0.0,0,313.88,0.0,1,19.32,11.6,SPY200930P00291000,291.0,0,0.0,0.0,,0.0,normalDay
2019-12-10,1061.0,783.0,0.0,0,313.53,0.0,1,19.32,11.49,SPY200930P00291000,291.0,0,0.0,0.0,,0.0,normalDay
2019-12-11,1061.0,822.0,0.0,0,314.42,0.0,1,19.32,11.1,SPY200930P00291000,291.0,0,0.0,0.0,,0.0,normalDay
2019-12-12,1061.0,910.0,0.0,0,317.13,0.0,1,19.32,10.22,SPY200930P00291000,291.0,0,0.0,0.0,,0.0,normalDay
2019-12-13,1061.0,956.0,0.0,0,317.32,0.0,1,19.32,9.76,SPY200930P00291000,291.0,0,0.0,0.0,,0.0,normalDay
2019-12-16,1061.0,1036.0,0.0,0,319.5,0.0,1,19.32,8.96,SPY200930P00291000,291.0,0,0.0,0.0,,0.0,normalDay
2019-12-17,1061.0,1021.0,0.0,0,319.57,0.0,1,19.32,9.11,SPY200930P00291000,291.0,0,0.0,0.0,,0.0,normalDay
2019-12-18,1061.0,1025.0,0.0,0,319.59,0.0,1,19.32,9.07,SPY200930P00291000,291.0,0,0.0,0.0,,0.0,normalDay
2019-12-19,1061.0,1052.0,0.0,0,320.9,0.0,1,19.32,8.8,SPY200930P00291000,291.0,0,0.0,0.0,,0.0,normalDay
2019-12-20,1061.0,1086.0,0.0,0,320.73,0.0,1,19.32,8.46,SPY200930P00291000,291.0,0,0.0,0.0,,0.0,normalDay
2019-12-23,1061.0,1088.0,0.0,0,321.22,0.0,1,19.32,8.44,SPY200930P00291000,291.0,0,0.0,0.0,,0.0,normalDay
2019-12-24,1061.0,1094.0,0.0,0,321.23,0.0,1,19.32,8.38,SPY200930P00291000,291.0,0,0.0,0.0,,0.0,normalDay
2019-12-26,1061.0,1131.0,0.0,0,322.94,0.0,1,19.32,8.01,SPY200930P00291000,291.0,0,0.0,0.0,,0.0,normalDay
2019-12-27,1061.0,1111.0,0.0,0,322.86,0.0,1,19.32,8.21,SPY200930P00291000,291.0,0,0.0,0.0,,0.0,normalDay
2019-12-30,1061.0,1064.0,0.0,0,321.08,0.0,1,19.32,8.68,SPY200930P00291000,291.0,0,0.0,0.0,,0.0,normalDay
2019-12-31,1061.0,1105.0,0.0,0,321.86,0.0,1,19.32,8.27,SPY200930P00291000,291.0,0,0.0,0.0,,0.0,normalDay
2020-01-02,1061.0,1185.0,0.0,0,324.87,0.0,1,19.32,7.47,SPY200930P00291000,291.0,0,0.0,0.0,,0.0,normalDay
2020-01-03,1061.0,1107.0,0.0,0,322.41,0.0,1,19.32,8.25,SPY200930P00291000,291.0,0,0.0,0.0,,0.0,normalDay
2020-01-06,1061.0,1148.0,0.0,0,323.64,0.0,1,19.32,7.84,SPY200930P00291000,291.0,0,0.0,0.0,,0.0,normalDay
2020-01-07,1061.0,1135.0,0.0,0,322.73,0.0,1,19.32,7.97,SPY200930P00291000,291.0,0,0.0,0.0,,0.0,normalDay
2020-01-08,1061.0,1193.0,0.0,0,324.45,0.0,1,19.32,7.39,SPY200930P00291000,291.0,0,0.0,0.0,,0.0,normalDay
2020-01-09,1061.0,1247.0,0.0,0,326.65,0.0,1,19.32,6.85,SPY200930P00291000,291.0,0,0.0,0.0,,0.0,normalDay
2020-01-10,1061.0,1226.0,0.0,0,325.71,0.0,1,19.32,7.06,SPY200930P00291000,291.0,0,0.0,0.0,,0.0,normalDay
2020-01-13,1061.0,1285.0,0.0,0,327.95,0.0,1,19.32,6.47,SPY200930P00291000,291.0,0,0.0,0.0,,0.0,normalDay
2020-01-14,1061.0,1292.0,0.0,0,327.45,0.0,1,19.32,6.4,SPY200930P00291000,291.0,0,0.0,0.0,,0.0,normalDay
2020-01-15,1061.0,1304.0,0.0,0,328.19,0.0,1,19.32,6.28,SPY200930P00291000,291.0,0,0.0,0.0,,0.0,normalDay
2020-01-16,1061.0,1352.0,0.0,0,330.92,0.0,1,19.32,5.8,SPY200930P00291000,291.0,0,0.0,0.0,,0.0,normalDay
2020-01-17,1061.0,1372.0,0.0,0,331.95,0.0,1,19.32,5.6,SPY200930P00291000,291.0,0,0.0,0.0,,0.0,normalDay
2020-01-21,1061.0,1359.0,0.0,0,331.3,0.0,1,19.32,5.73,SPY200930P00291000,291.0,0,0.0,0.0,,0.0,normalDay
2020-01-22,1061.0,1351.0,0.0,0,331.34,0.0,1,19.32,5.81,SPY200930P00291000,291.0,0,0.0,0.0,,0.0,normalDay
2020-01-23,1061.0,1361.0,0.0,0,331.72,0.0,1,19.32,5.71,SPY200930P00291000,291.0,0,0.0,0.0,,0.0,normalDay
2020-01-24,1061.0,1289.0,0.0,0,328.77,0.0,1,19.32,6.43,SPY200930P00291000,291.0,0,0.0,0.0,,0.0,normalDay
2020-01-27,1061.0,1135.0,0.0,0,323.5,0.0,1,19.32,7.97,SPY200930P00291000,291.0,0,0.0,0.0,,0.0,normalDay
2020-01-28,1061.0,1242.0,0.0,0,326.89,0.0,1,19.32,6.9,SPY200930P00291000,291.0,0,0.0,0.0,,0.0,normalDay
2020-01-29,1061.0,1241.0,0.0,0,326.62,0.0,1,19.32,6.91,SPY200930P00291000,291.0,0,0.0,0.0,,0.0,normalDay
2020-01-30,1061.0,1283.0,0.0,0,327.68,0.0,1,19.32,6.49,SPY200930P00291000,291.0,0,0.0,0.0,,0.0,normalDay
2020-01-31,1061.0,1118.0,0.0,0,321.73,0.0,1,19.32,8.14,SPY200930P00291000,291.0,0,0.0,0.0,,0.0,normalDay
2020-02-03,1061.0,1179.0,0.0,0,324.12,0.0,1,19.32,7.53,SPY200930P00291000,291.0,0,0.0,0.0,,0.0,normalDay
2020-02-04,1061.0,1319.0,0.0,0,329.06,0.0,1,19.32,6.13,SPY200930P00291000,291.0,0,0.0,0.0,,0.0,normalDay
2020-02-05,1061.0,1393.0,0.0,0,332.86,0.0,1,19.32,5.39,SPY200930P00291000,291.0,0,0.0,0.0,,0.0,normalDay
2020-02-06,1061.0,1404.0,0.0,0,333.98,0.0,1,19.32,5.28,SPY200930P00291000,291.0,0,0.0,0.0,,0.0,normalDay
2020-02-07,1061.0,1364.0,0.0,0,332.2,0.0,1,19.32,5.68,SPY200930P00291000,291.0,0,0.0,0.0,,0.0,normalDay
2020-02-10,1061.0,1416.0,0.0,0,334.68,0.0,1,19.32,5.16,SPY200930P00291000,291.0,0,0.0,0.0,,0.0,normalDay
2020-02-11,1061.0,1421.0,0.0,0,335.26,0.0,1,19.32,5.11,SPY200930P00291000,291.0,0,0.0,0.0,,0.0,normalDay
2020-02-12,1061.0,1460.0,0.0,0,337.42,0.0,1,19.32,4.72,SPY200930P00291000,291.0,0,0.0,0.0,,0.0,normalDay
2020-02-13,1061.0,1451.0,0.0,0,337.06,0.0,1,19.32,4.81,SPY200930P00291000,291.0,0,0.0,0.0,,0.0,normalDay
2020-02-14,1061.0,1460.0,0.0,0,337.6,0.0,1,19.32,4.72,SPY200930P00291000,291.0,0,0.0,0.0,,0.0,normalDay
2020-02-18,1061.0,1439.0,0.0,0,336.73,0.0,1,19.32,4.93,SPY200930P00291000,291.0,0,0.0,0.0,,0.0,normalDay
2020-02-19,1061.0,1464.0,0.0,0,338.34,0.0,1,19.32,4.68,SPY200930P00291000,291.0,0,0.0,0.0,,0.0,normalDay
2020-02-20,1061.0,1429.0,0.0,0,336.95,0.0,1,19.32,5.03,SPY200930P00291000,291.0,0,0.0,0.0,,0.0,normalDay
2020-02-21,1061.0,1349.0,0.0,0,333.48,0.0,1,19.32,5.83,SPY200930P00291000,291.0,0,0.0,0.0,,0.0,normalDay
2020-02-24,1061.0,1039.0,0.0,0,322.42,0.0,1,19.32,8.93,SPY200930P00291000,291.0,0,0.0,0.0,,0.0,normalDay
2020-02-25,1061.0,772.0,0.0,0,312.65,0.0,1,19.32,11.6,SPY200930P00291000,291.0,0,0.0,0.0,,0.0,normalDay
2020-02-26,1061.0,742.0,0.0,0,311.5,0.0,1,19.32,11.9,SPY200930P00291000,291.0,0,0.0,0.0,,0.0,normalDay
2020-02-27,1061.0,-72.0,0.0,0,297.51,0.0,1,19.32,20.04,SPY200930P00291000,291.0,0,0.0,0.0,,0.0,normalDay
2020-02-28,1061.0,-107.0,0.0,0,296.26,0.0,1,19.32,20.39,SPY200930P00291000,291.0,0,0.0,0.0,,0.0,normalDay
2020-03-02,1061.0,519.0,0.0,0,309.09,0.0,1,19.32,14.13,SPY200930P00291000,291.0,0,0.0,0.0,,0.0,normalDay
2020-03-03,1061.0,157.0,0.0,0,300.24,0.0,1,19.32,17.75,SPY200930P00291000,291.0,0,0.0,0.0,,0.0,normalDay
2020-03-04,1061.0,523.0,0.0,0,312.86,0.0,1,19.32,14.09,SPY200930P00291000,291.0,0,0.0,0.0,,0.0,normalDay
2020-03-05,1061.0,-41.0,0.0,0,302.46,0.0,1,19.32,19.73,SPY200930P00291000,291.0,0,0.0,0.0,,0.0,normalDay
2020-03-06,1061.0,-487.0,0.0,0,297.46,0.0,1,19.32,24.19,SPY200930P00291000,291.0,0,0.0,0.0,,0.0,normalDay
2020-03-09,1061.0,-1772.0,0.0,0,274.23,0.0,1,19.32,37.04,SPY200930P00291000,291.0,0,0.0,0.0,,0.0,normalDay
2020-03-10,1061.0,-923.0,0.0,0,288.42,0.0,1,19.32,28.55,SPY200930P00291000,291.0,0,0.0,0.0,,0.0,normalDay
2020-03-11,1061.0,-1817.0,0.0,0,274.36,0.0,1,19.32,37.49,SPY200930P00291000,291.0,0,0.0,0.0,,0.0,normalDay
2020-03-12,1061.0,-3844.0,0.0,0,248.11,0.0,1,19.32,57.76,SPY200930P00291000,291.0,0,0.0,0.0,,0.0,normalDay
2020-03-13,1061.0,-2046.0,0.0,0,269.32,0.0,1,19.32,39.78,SPY200930P00291000,291.0,0,0.0,0.0,,0.0,normalDay
2020-03-16,1061.0,-4296.0,0.0,0,239.85,0.0,1,19.32,62.28,SPY200930P00291000,291.0,0,0.0,0.0,,0.0,normalDay
2020-03-17,1061.0,-3626.0,0.0,0,252.8,0.0,1,19.32,55.58,SPY200930P00291000,291.0,0,0.0,0.0,,0.0,normalDay
2020-03-18,1061.0,-4467.0,0.0,0,240.0,0.0,1,19.32,63.99,SPY200930P00291000,291.0,0,0.0,0.0,,0.0,normalDay
2020-03-19,1061.0,-4207.0,0.0,0,240.51,0.0,1,19.32,61.39,SPY200930P00291000,291.0,0,0.0,0.0,,0.0,normalDay
2020-03-20,1061.0,-4838.0,0.0,0,228.8,0.0,1,19.32,67.7,SPY200930P00291000,291.0,0,0.0,0.0,,0.0,normalDay
2020-03-23,1061.0,-5478.0,0.0,0,222.95,0.0,1,19.32,74.1,SPY200930P00291000,291.0,0,0.0,0.0,,0.0,normalDay
2020-03-24,1061.0,-3565.0,0.0,0,243.15,0.0,1,19.32,54.97,SPY200930P00291000,291.0,0,0.0,0.0,,0.0,normalDay
2020-03-25,1061.0,-3353.0,0.0,0,246.79,0.0,1,19.32,52.85,SPY200930P00291000,291.0,0,0.0,0.0,,0.0,normalDay
2020-03-26,1061.0,-2362.0,0.0,0,261.2,0.0,1,19.32,42.94,SPY200930P00291000,291.0,0,0.0,0.0,,0.0,normalDay
2020-03-27,1061.0,-2864.0,0.0,0,253.42,0.0,1,19.32,47.96,SPY200930P00291000,291.0,0,0.0,0.0,,0.0,normalDay
2020-03-30,1061.0,-2306.0,0.0,0,261.65,0.0,1,19.32,42.38,SPY200930P00291000,291.0,0,0.0,0.0,,0.0,normalDay
2020-03-31,1061.0,-2479.0,0.0,0,257.75,0.0,1,19.32,44.11,SPY200930P00291000,291.0,0,0.0,0.0,,0.0,normalDay
2020-04-01,1061.0,-3359.0,0.0,0,246.15,0.0,1,19.32,52.91,SPY200930P00291000,291.0,0,0.0,0.0,,0.0,normalDay
2020-04-02,1061.0,-2819.0,0.0,0,251.83,0.0,1,19.32,47.51,SPY200930P00291000,291.0,0,0.0,0.0,,0.0,normalDay
2020-04-03,1061.0,-3057.0,0.0,0,248.19,0.0,1,19.32,49.89,SPY200930P00291000,291.0,0,0.0,0.0,,0.0,normalDay
2020-04-06,1061.0,-1855.0,0.0,0,264.86,0.0,1,19.32,37.87,SPY200930P00291000,291.0,0,0.0,0.0,,0.0,normalDay
2020-04-07,1061.0,-1965.0,0.0,0,265.13,0.0,1,19.32,38.97,SPY200930P00291000,291.0,0,0.0,0.0,,0.0,normalDay
2020-04-08,1061.0,-1397.0,0.0,0,274.03,0.0,1,19.32,33.29,SPY200930P00291000,291.0,0,0.0,0.0,,0.0,normalDay
2020-04-09,1061.0,-1197.0,0.0,0,278.2,0.0,1,19.32,31.29,SPY200930P00291000,291.0,0,0.0,0.0,,0.0,normalDay
2020-04-13,1061.0,-1281.0,0.0,0,275.66,0.0,1,19.32,32.13,SPY200930P00291000,291.0,0,0.0,0.0,,0.0,normalDay
2020-04-14,1061.0,-781.0,0.0,0,283.79,0.0,1,19.32,27.13,SPY200930P00291000,291.0,0,0.0,0.0,,0.0,normalDay
2020-04-15,1061.0,-1187.0,0.0,0,277.76,0.0,1,19.32,31.19,SPY200930P00291000,291.0,0,0.0,0.0,,0.0,normalDay
2020-04-16,1061.0,-1124.0,0.0,0,279.1,0.0,1,19.32,30.56,SPY200930P00291000,291.0,0,0.0,0.0,,0.0,normalDay
2020-04-17,1061.0,-706.0,0.0,0,286.64,0.0,1,19.32,26.38,SPY200930P00291000,291.0,0,0.0,0.0,,0.0,normalDay
2020-04-20,1061.0,-1074.0,0.0,0,281.59,0.0,1,19.32,30.06,SPY200930P00291000,291.0,0,0.0,0.0,,0.0,normalDay
2020-04-21,1061.0,-1570.0,0.0,0,273.04,0.0,1,19.32,35.02,SPY200930P00291000,291.0,0,0.0,0.0,,0.0,normalDay
2020-04-22,1061.0,-1241.0,0.0,0,279.1,0.0,1,19.32,31.73,SPY200930P00291000,291.0,0,0.0,0.0,,0.0,normalDay
2020-04-23,1061.0,-1221.0,0.0,0,279.08,0.0,1,19.32,31.53,SPY200930P00291000,291.0,0,0.0,0.0,,0.0,normalDay
2020-04-24,1061.0,-894.0,0.0,0,282.97,0.0,1,19.32,28.26,SPY200930P00291000,291.0,0,0.0,0.0,,0.0,normalDay
2020-04-27,1061.0,-561.0,0.0,0,287.05,0.0,1,19.32,24.93,SPY200930P00291000,291.0,0,0.0,0.0,,0.0,normalDay
2020-04-28,1061.0,-597.0,0.0,0,285.73,0.0,1,19.32,25.29,SPY200930P00291000,291.0,0,0.0,0.0,,0.0,normalDay
2020-04-29,1061.0,-200.0,0.0,0,293.21,0.0,1,19.32,21.32,SPY200930P00291000,291.0,0,0.0,0.0,,0.0,normalDay
2020-04-30,1061.0,-426.0,0.0,0,290.48,0.0,1,19.32,23.58,SPY200930P00291000,291.0,0,0.0,0.0,,0.0,normalDay
2020-05-01,1061.0,-819.0,0.0,0,282.79,0.0,1,19.32,27.51,SPY200930P00291000,291.0,0,0.0,0.0,,0.0,normalDay
2020-05-04,1061.0,-744.0,0.0,0,283.57,0.0,1,19.32,26.76,SPY200930P00291000,291.0,0,0.0,0.0,,0.0,normalDay
2020-05-05,1061.0,-561.0,0.0,0,286.19,0.0,1,19.32,24.93,SPY200930P00291000,291.0,0,0.0,0.0,,0.0,normalDay
2020-05-06,1061.0,-658.0,0.0,0,284.25,0.0,1,19.32,25.9,SPY200930P00291000,291.0,0,0.0,0.0,,0.0,normalDay
2020-05-07,1061.0,-406.0,0.0,0,287.68,0.0,1,19.32,23.38,SPY200930P00291000,291.0,0,0.0,0.0,,0.0,normalDay
2020-05-08,1061.0,-80.0,0.0,0,292.44,0.0,1,19.32,20.12,SPY200930P00291000,291.0,0,0.0,0.0,,0.0,normalDay
2020-05-11,1061.0,-53.0,0.0,0,292.5,0.0,1,19.32,19.85,SPY200930P00291000,291.0,0,0.0,0.0,,0.0,normalDay
2020-05-12,1061.0,-402.0,0.0,0,286.67,0.0,1,19.32,23.34,SPY200930P00291000,291.0,0,0.0,0.0,,0.0,normalDay
2020-05-13,1061.0,-649.0,0.0,0,281.6,0.0,1,19.32,25.81,SPY200930P00291000,291.0,0,0.0,0.0,,0.0,normalDay
2020-05-14,1061.0,-427.0,0.0,0,284.97,0.0,1,19.32,23.59,SPY200930P00291000,291.0,0,0.0,0.0,,0.0,normalDay
2020-05-15,1061.0,-378.0,0.0,0,286.28,0.0,1,19.32,23.1,SPY200930P00291000,291.0,0,0.0,0.0,,0.0,normalDay
2020-05-18,1061.0,119.0,0.0,0,295.0,0.0,1,19.32,18.13,SPY200930P00291000,291.0,0,0.0,0.0,,0.0,normalDay
2020-05-19,1061.0,-13.0,0.0,0,291.97,0.0,1,19.32,19.45,SPY200930P00291000,291.0,0,0.0,0.0,,0.0,normalDay
2020-05-20,1061.0,259.0,0.0,0,296.93,0.0,1,19.32,16.73,SPY200930P00291000,291.0,0,0.0,0.0,,0.0,normalDay
2020-05-21,1061.0,115.0,0.0,0,294.88,0.0,1,19.32,18.17,SPY200930P00291000,291.0,0,0.0,0.0,,0.0,normalDay
2020-05-22,1061.0,160.0,0.0,0,295.44,0.0,1,19.32,17.72,SPY200930P00291000,291.0,0,0.0,0.0,,0.0,normalDay
2020-05-26,1061.0,354.0,0.0,0,299.08,0.0,1,19.32,15.78,SPY200930P00291000,291.0,0,0.0,0.0,,0.0,normalDay
2020-05-27,1061.0,533.0,0.0,0,303.53,0.0,1,19.32,13.99,SPY200930P00291000,291.0,0,0.0,0.0,,0.0,normalDay
2020-05-28,1061.0,513.0,0.0,0,302.97,0.0,1,19.32,14.19,SPY200930P00291000,291.0,0,0.0,0.0,,0.0,normalDay
2020-05-29,1061.0,579.0,0.0,0,304.32,0.0,1,19.32,13.53,SPY200930P00291000,291.0,0,0.0,0.0,,0.0,normalDay
2020-06-01,1061.0,575.0,0.0,0,305.55,0.0,1,19.32,13.57,SPY200930P00291000,291.0,0,0.0,0.0,,0.0,normalDay
2020-06-02,1061.0,687.0,0.0,0,308.08,0.0,1,19.32,12.45,SPY200930P00291000,291.0,0,0.0,0.0,,0.0,normalDay
2020-06-03,1061.0,826.0,0.0,0,312.18,0.0,1,19.32,11.06,SPY200930P00291000,291.0,0,0.0,0.0,,0.0,normalDay
2020-06-04,1061.0,822.0,0.0,0,311.36,0.0,1,19.32,11.1,SPY200930P00291000,291.0,0,0.0,0.0,,0.0,normalDay
2020-06-05,1061.0,1054.0,0.0,0,319.34,0.0,1,19.32,8.78,SPY200930P00291000,291.0,0,0.0,0.0,,0.0,normalDay
2020-06-08,1061.0,1111.0,0.0,0,323.2,0.0,1,19.32,8.21,SPY200930P00291000,291.0,0,0.0,0.0,,0.0,normalDay
2020-06-09,1061.0,1016.0,0.0,0,320.79,0.0,1,19.32,9.16,SPY200930P00291000,291.0,0,0.0,0.0,,0.0,normalDay
2020-06-10,1061.0,949.0,0.0,0,319.0,0.0,1,19.32,9.83,SPY200930P00291000,291.0,0,0.0,0.0,,0.0,normalDay
2020-06-11,1061.0,51.0,0.0,0,300.61,0.0,1,19.32,18.81,SPY200930P00291000,291.0,0,0.0,0.0,,0.0,normalDay
2020-06-12,1061.0,276.0,0.0,0,304.21,0.0,1,19.32,16.56,SPY200930P00291000,291.0,0,0.0,0.0,,0.0,normalDay
2020-06-15,1061.0,468.0,0.0,0,307.05,0.0,1,19.32,14.64,SPY200930P00291000,291.0,0,0.0,0.0,,0.0,normalDay
2020-06-16,1061.0,654.0,0.0,0,312.96,0.0,1,19.32,12.78,SPY200930P00291000,291.0,0,0.0,0.0,,0.0,normalDay
2020-06-17,1061.0,648.0,0.0,0,311.66,0.0,1,19.32,12.84,SPY200930P00291000,291.0,0,0.0,0.0,,0.0,normalDay
2020-06-18,1061.0,662.0,0.0,0,311.78,0.0,1,19.32,12.7,SPY200930P00291000,291.0,0,0.0,0.0,,0.0,normalDay
2020-06-19,1061.0,535.0,0.0,0,308.64,0.0,1,19.32,13.97,SPY200930P00291000,291.0,0,0.0,0.0,,0.0,normalDay
2020-06-22,1061.0,756.0,0.0,0,310.62,0.0,1,19.32,11.76,SPY200930P00291000,291.0,0,0.0,0.0,,0.0,normalDay
2020-06-23,1061.0,802.0,0.0,0,312.05,0.0,1,19.32,11.3,SPY200930P00291000,291.0,0,0.0,0.0,,0.0,normalDay
2020-06-24,1061.0,536.0,0.0,0,304.09,0.0,1,19.32,13.96,SPY200930P00291000,291.0,0,0.0,0.0,,0.0,normalDay
2020-06-25,1061.0,711.0,0.0,0,307.35,0.0,1,19.32,12.21,SPY200930P00291000,291.0,0,0.0,0.0,,0.0,normalDay
2020-06-26,1061.0,459.0,0.0,0,300.05,0.0,1,19.32,14.73,SPY200930P00291000,291.0,0,0.0,0.0,,0.0,normalDay
2020-06-29,1061.0,667.0,0.0,0,304.46,0.0,1,19.32,12.65,SPY200930P00291000,291.0,0,0.0,0.0,,0.0,normalDay
2020-06-30,1061.0,836.0,0.0,0,308.36,0.0,1,19.32,10.96,SPY200930P00291000,291.0,0,0.0,0.0,,0.0,normalDay
2020-07-01,1061.0,933.0,0.0,0,310.52,0.0,1,19.32,9.99,SPY200930P00291000,291.0,0,0.0,0.0,,0.0,normalDay
2020-07-02,1061.0,1016.0,0.0,0,312.23,0.0,1,19.32,9.16,SPY200930P00291000,291.0,0,0.0,0.0,,0.0,normalDay
2020-07-06,1061.0,1129.0,0.0,0,317.05,0.0,1,19.32,8.03,SPY200930P00291000,291.0,0,0.0,0.0,,0.0,normalDay
2020-07-07,1061.0,1028.0,0.0,0,313.78,0.0,1,19.32,9.04,SPY200930P00291000,291.0,0,0.0,0.0,,0.0,normalDay
2020-07-08,1061.0,1119.0,0.0,0,316.18,0.0,1,19.32,8.13,SPY200930P00291000,291.0,0,0.0,0.0,,0.0,normalDay
2020-07-09,1061.0,1048.0,0.0,0,314.38,0.0,1,19.32,8.84,SPY200930P00291000,291.0,0,0.0,0.0,,0.0,normalDay
2020-07-10,1061.0,1166.0,0.0,0,317.59,0.0,1,19.32,7.66,SPY200930P00291000,291.0,0,0.0,0.0,,0.0,normalDay
2020-07-13,1061.0,989.0,0.0,0,314.84,0.0,1,19.32,9.43,SPY200930P00291000,291.0,0,0.0,0.0,,0.0,normalDay
2020-07-14,1061.0,1162.0,0.0,0,318.92,0.0,1,19.32,7.7,SPY200930P00291000,291.0,0,0.0,0.0,,0.0,normalDay
2020-07-15,1061.0,1258.0,0.0,0,321.85,0.0,1,19.32,6.74,SPY200930P00291000,291.0,0,0.0,0.0,,0.0,normalDay
2020-07-16,1061.0,1235.0,0.0,0,320.79,0.0,1,19.32,6.97,SPY200930P00291000,291.0,0,0.0,0.0,,0.0,normalDay
2020-07-17,1061.0,1348.0,0.0,0,321.72,0.0,1,19.32,5.84,SPY200930P00291000,291.0,0,0.0,0.0,,0.0,normalDay
2020-07-20,1061.0,1440.0,0.0,0,324.32,0.0,1,19.32,4.92,SPY200930P00291000,291.0,0,0.0,0.0,,0.0,normalDay
2020-07-21,1061.0,1447.0,0.0,0,325.01,0.0,1,19.32,4.85,SPY200930P00291000,291.0,0,0.0,0.0,,0.0,normalDay
2020-07-22,1061.0,1484.0,0.0,0,326.86,0.0,1,19.32,4.48,SPY200930P00291000,291.0,0,0.0,0.0,,0.0,normalDay
2020-07-23,1061.0,1392.0,0.0,0,322.96,0.0,1,19.32,5.4,SPY200930P00291000,291.0,0,0.0,0.0,,0.0,normalDay
2020-07-24,1061.0,1390.0,0.0,0,320.88,0.0,1,19.32,5.42,SPY200930P00291000,291.0,0,0.0,0.0,,0.0,normalDay
2020-07-27,1061.0,1468.0,0.0,0,323.22,0.0,1,19.32,4.64,SPY200930P00291000,291.0,0,0.0,0.0,,0.0,normalDay
2020-07-28,1061.0,1432.0,0.0,0,321.17,0.0,1,19.32,5.0,SPY200930P00291000,291.0,0,0.0,0.0,,0.0,normalDay
2020-07-29,1061.0,1518.0,0.0,0,325.12,0.0,1,19.32,4.14,SPY200930P00291000,291.0,0,0.0,0.0,,0.0,normalDay
2020-07-30,1061.0,1486.0,0.0,0,323.96,0.0,1,19.32,4.46,SPY200930P00291000,291.0,0,0.0,0.0,,0.0,normalDay
2020-07-31,1061.0,1546.0,0.0,0,326.52,0.0,1,19.32,3.86,SPY200930P00291000,291.0,0,0.0,0.0,,0.0,normalDay
2020-08-03,1061.0,1587.0,0.0,0,328.79,0.0,1,19.32,3.45,SPY200930P00291000,291.0,0,0.0,0.0,,0.0,normalDay
2020-08-04,1061.0,1621.0,0.0,0,330.06,0.0,1,19.32,3.11,SPY200930P00291000,291.0,0,0.0,0.0,,0.0,normalDay
2020-08-05,1061.0,1660.0,0.0,0,332.11,0.0,1,19.32,2.72,SPY200930P00291000,291.0,0,0.0,0.0,,0.0,normalDay
2020-08-06,1061.0,1686.0,0.0,0,334.33,0.0,1,19.32,2.46,SPY200930P00291000,291.0,0,0.0,0.0,,0.0,normalDay
2020-08-07,1061.0,1695.0,0.0,0,334.57,0.0,1,19.32,2.37,SPY200930P00291000,291.0,0,0.0,0.0,,0.0,normalDay
2020-08-10,1061.0,1719.0,0.0,0,335.57,0.0,1,19.32,2.13,SPY200930P00291000,291.0,0,0.0,0.0,,0.0,normalDay
2020-08-11,1061.0,1669.0,0.0,0,332.8,0.0,1,19.32,2.63,SPY200930P00291000,291.0,0,0.0,0.0,,0.0,normalDay
2020-08-12,1061.0,1737.0,0.0,0,337.44,0.0,1,19.32,1.95,SPY200930P00291000,291.0,0,0.0,0.0,,0.0,normalDay
2020-08-13,1061.0,1736.0,0.0,0,336.83,0.0,1,19.32,1.96,SPY200930P00291000,291.0,0,0.0,0.0,,0.0,normalDay
2020-08-14,1061.0,1747.0,0.0,0,336.84,0.0,1,19.32,1.85,SPY200930P00291000,291.0,0,0.0,0.0,,0.0,normalDay
2020-08-17,1061.0,1779.0,0.0,0,337.91,0.0,1,19.32,1.53,SPY200930P00291000,291.0,0,0.0,0.0,,0.0,normalDay
2020-08-18,1061.0,1789.0,0.0,0,338.64,0.0,1,19.32,1.43,SPY200930P00291000,291.0,0,0.0,0.0,,0.0,normalDay
2020-08-19,1061.0,1775.0,0.0,0,337.23,0.0,1,19.32,1.57,SPY200930P00291000,291.0,0,0.0,0.0,,0.0,normalDay
2020-08-20,1061.0,1784.0,0.0,0,338.28,0.0,1,19.32,1.48,SPY200930P00291000,291.0,0,0.0,0.0,,0.0,normalDay
2020-08-21,1061.0,1799.0,0.0,0,339.48,0.0,1,19.32,1.33,SPY200930P00291000,291.0,0,0.0,0.0,,0.0,normalDay
2020-08-24,1061.0,1824.0,0.0,0,342.92,0.0,1,19.32,1.08,SPY200930P00291000,291.0,0,0.0,0.0,,0.0,normalDay
2020-08-25,1061.0,1838.0,0.0,0,344.12,0.0,1,19.32,0.94,SPY200930P00291000,291.0,0,0.0,0.0,,0.0,normalDay
2020-08-26,1061.0,1840.0,0.0,0,347.57,0.0,1,19.32,0.92,SPY200930P00291000,291.0,0,0.0,0.0,,0.0,normalDay
2020-08-27,1061.0,1836.0,0.0,0,348.33,0.0,1,19.32,0.96,SPY200930P00291000,291.0,0,0.0,0.0,,0.0,normalDay
2020-08-28,1061.0,1857.0,0.0,0,350.58,0.0,1,19.32,0.75,SPY200930P00291000,291.0,0,0.0,0.0,,0.0,normalDay
2020-08-31,1061.0,1838.0,0.0,0,349.31,0.0,1,19.32,0.94,SPY200930P00291000,291.0,0,0.0,0.0,,0.0,normalDay
2020-09-01,1061.0,1849.0,0.0,0,352.6,0.0,1,19.32,0.83,SPY200930P00291000,291.0,0,0.0,0.0,,0.0,normalDay
2020-09-02,1061.0,1865.0,0.0,0,357.7,0.0,1,19.32,0.67,SPY200930P00291000,291.0,0,0.0,0.0,,0.0,normalDay
2020-09-03,1061.0,1789.0,0.0,0,345.39,0.0,1,19.32,1.43,SPY200930P00291000,291.0,0,0.0,0.0,,0.0,normalDay
2020-09-04,1061.0,1803.0,0.0,0,342.57,0.0,1,19.32,1.29,SPY200930P00291000,291.0,0,0.0,0.0,,0.0,normalDay
2020-09-08,1061.0,1793.0,0.0,0,333.21,0.0,1,19.32,1.39,SPY200930P00291000,291.0,0,0.0,0.0,,0.0,normalDay
2020-09-09,1061.0,1849.0,0.0,0,339.79,0.0,1,19.32,0.83,SPY200930P00291000,291.0,0,0.0,0.0,,0.0,normalDay
2020-09-10,1061.0,1831.0,0.0,0,333.89,0.0,1,19.32,1.01,SPY200930P00291000,291.0,0,0.0,0.0,,0.0,normalDay
2020-09-11,1061.0,1871.0,0.0,0,334.06,0.0,1,19.32,0.61,SPY200930P00291000,291.0,0,0.0,0.0,,0.0,normalDay
2020-09-14,1061.0,1900.0,0.0,0,338.46,0.0,1,19.32,0.32,SPY200930P00291000,291.0,0,0.0,0.0,,0.0,normalDay
2020-09-15,1061.0,1904.0,0.0,0,340.17,0.0,1,19.32,0.28,SPY200930P00291000,291.0,0,0.0,0.0,,0.0,normalDay
2020-09-16,1061.0,1904.0,0.0,0,338.82,0.0,1,19.32,0.28,SPY200930P00291000,291.0,0,0.0,0.0,,0.0,normalDay
2020-09-17,1061.0,1904.0,0.0,0,335.84,0.0,1,19.32,0.28,SPY200930P00291000,291.0,0,0.0,0.0,,0.0,normalDay
2020-09-18,1061.0,1907.0,0.0,0,330.65,0.0,1,19.32,0.25,SPY200930P00291000,291.0,0,0.0,0.0,,0.0,normalDay
2020-09-21,1061.0,1912.0,0.0,0,326.97,0.0,1,19.32,0.2,SPY200930P00291000,291.0,0,0.0,0.0,,0.0,normalDay
2020-09-22,1061.0,1922.0,0.0,0,330.3,0.0,1,19.32,0.1,SPY200930P00291000,291.0,0,0.0,0.0,,0.0,normalDay
2020-09-23,1061.0,1915.0,0.0,0,322.64,0.0,1,19.32,0.17,SPY200930P00291000,291.0,0,0.0,0.0,,0.0,normalDay
2020-09-24,1061.0,1921.0,0.0,0,323.5,0.0,1,19.32,0.11,SPY200930P00291000,291.0,0,0.0,0.0,,0.0,normalDay
2020-09-25,1061.0,1929.0,0.0,0,328.73,0.0,1,19.32,0.03,SPY200930P00291000,291.0,0,0.0,0.0,,0.0,normalDay
2020-09-28,1061.0,1930.0,0.0,0,334.19,0.0,1,19.32,0.02,SPY200930P00291000,291.0,0,0.0,0.0,,0.0,normalDay
2020-09-29,1061.0,1931.0,0.0,0,332.37,0.0,1,19.32,0.01,SPY200930P00291000,291.0,0,0.0,0.0,,0.0,normalDay
2020-09-30,2993.0,0.0,1932.0,0,334.89,0.0,1,19.32,0.0,SPY200930P00291000,291.0,0,0.0,0.0,,0.0,expirationDay
2020-10-01,2993.0,-100.0,0.0,0,337.04,0.0,1,25.74,26.74,SPY210930P00316000,316.0,0,0.0,0.0,,0.0,normalDay
2020-10-02,2993.0,-222.0,0.0,0,333.84,0.0,1,25.74,27.96,SPY210930P00316000,316.0,0,0.0,0.0,,0.0,normalDay
2020-10-05,2993.0,10.0,0.0,0,339.76,0.0,1,25.74,25.64,SPY210930P00316000,316.0,0,0.0,0.0,,0.0,normalDay
2020-10-06,2993.0,-161.0,0.0,0,334.93,0.0,1,25.74,27.35,SPY210930P00316000,316.0,0,0.0,0.0,,0.0,normalDay
2020-10-07,2993.0,85.0,0.0,0,340.76,0.0,1,25.74,24.89,SPY210930P00316000,316.0,0,0.0,0.0,,0.0,normalDay
2020-10-08,2993.0,216.0,0.0,0,343.78,0.0,1,25.74,23.58,SPY210930P00316000,316.0,0,0.0,0.0,,0.0,normalDay
2020-10-09,2993.0,366.0,0.0,0,346.85,0.0,1,25.74,22.08,SPY210930P00316000,316.0,0,0.0,0.0,,0.0,normalDay
2020-10-12,2993.0,533.0,0.0,0,352.43,0.0,1,25.74,20.41,SPY210930P00316000,316.0,0,0.0,0.0,,0.0,normalDay
2020-10-13,2993.0,462.0,0.0,0,350.13,0.0,1,25.74,21.12,SPY210930P00316000,316.0,0,0.0,0.0,,0.0,normalDay
2020-10-14,2993.0,421.0,0.0,0,347.93,0.0,1,25.74,21.53,SPY210930P00316000,316.0,0,0.0,0.0,,0.0,normalDay
2020-10-15,2993.0,404.0,0.0,0,347.5,0.0,1,25.74,21.7,SPY210930P00316000,316.0,0,0.0,0.0,,0.0,normalDay
2020-10-16,2993.0,349.0,0.0,0,347.29,0.0,1,25.74,22.25,SPY210930P00316000,316.0,0,0.0,0.0,,0.0,normalDay
2020-10-19,2993.0,175.0,0.0,0,342.01,0.0,1,25.74,23.99,SPY210930P00316000,316.0,0,0.0,0.0,,0.0,normalDay
2020-10-20,2993.0,198.0,0.0,0,343.38,0.0,1,25.74,23.76,SPY210930P00316000,316.0,0,0.0,0.0,,0.0,normalDay
2020-10-21,2993.0,256.0,0.0,0,342.73,0.0,1,25.74,23.18,SPY210930P00316000,316.0,0,0.0,0.0,,0.0,normalDay
2020-10-22,2993.0,328.0,0.0,0,344.61,0.0,1,25.74,22.46,SPY210930P00316000,316.0,0,0.0,0.0,,0.0,normalDay
2020-10-23,2993.0,381.0,0.0,0,345.78,0.0,1,25.74,21.93,SPY210930P00316000,316.0,0,0.0,0.0,,0.0,normalDay
2020-10-26,2993.0,120.0,0.0,0,339.39,0.0,1,25.74,24.54,SPY210930P00316000,316.0,0,0.0,0.0,,0.0,normalDay
2020-10-27,2993.0,115.0,0.0,0,338.22,0.0,1,25.74,24.59,SPY210930P00316000,316.0,0,0.0,0.0,,0.0,normalDay
2020-10-28,2993.0,-461.0,0.0,0,326.66,0.0,1,25.74,30.35,SPY210930P00316000,316.0,0,0.0,0.0,,0.0,normalDay
2020-10-29,2993.0,-235.0,0.0,0,329.98,0.0,1,25.74,28.09,SPY210930P00316000,316.0,0,0.0,0.0,,0.0,normalDay
2020-10-30,2993.0,-327.0,0.0,0,326.54,0.0,1,25.74,29.01,SPY210930P00316000,316.0,0,0.0,0.0,,0.0,normalDay
2020-11-02,2993.0,-102.0,0.0,0,330.2,0.0,1,25.74,26.76,SPY210930P00316000,316.0,0,0.0,0.0,,0.0,normalDay
2020-11-03,2993.0,109.0,0.0,0,336.03,0.0,1,25.74,24.65,SPY210930P00316000,316.0,0,0.0,0.0,,0.0,normalDay
2020-11-04,2993.0,455.0,0.0,0,343.54,0.0,1,25.74,21.19,SPY210930P00316000,316.0,0,0.0,0.0,,0.0,normalDay
2020-11-05,2993.0,594.0,0.0,0,350.24,0.0,1,25.74,19.8,SPY210930P00316000,316.0,0,0.0,0.0,,0.0,normalDay
2020-11-06,2993.0,649.0,0.0,0,350.16,0.0,1,25.74,19.25,SPY210930P00316000,316.0,0,0.0,0.0,,0.0,normalDay
2020-11-09,2993.0,830.0,0.0,0,354.56,0.0,1,25.74,17.44,SPY210930P00316000,316.0,0,0.0,0.0,,0.0,normalDay
2020-11-10,2993.0,823.0,0.0,0,354.04,0.0,1,25.74,17.51,SPY210930P00316000,316.0,0,0.0,0.0,,0.0,normalDay
2020-11-11,2993.0,899.0,0.0,0,356.67,0.0,1,25.74,16.75,SPY210930P00316000,316.0,0,0.0,0.0,,0.0,normalDay
2020-11-12,2993.0,765.0,0.0,0,353.21,0.0,1,25.74,18.09,SPY210930P00316000,316.0,0,0.0,0.0,,0.0,normalDay
2020-11-13,2993.0,913.0,0.0,0,358.1,0.0,1,25.74,16.61,SPY210930P00316000,316.0,0,0.0,0.0,,0.0,normalDay
2020-11-16,2993.0,1003.0,0.0,0,362.57,0.0,1,25.74,15.71,SPY210930P00316000,316.0,0,0.0,0.0,,0.0,normalDay
2020-11-17,2993.0,964.0,0.0,0,360.62,0.0,1,25.74,16.1,SPY210930P00316000,316.0,0,0.0,0.0,,0.0,normalDay
2020-11-18,2993.0,852.0,0.0,0,356.28,0.0,1,25.74,17.22,SPY210930P00316000,316.0,0,0.0,0.0,,0.0,normalDay
2020-11-19,2993.0,918.0,0.0,0,357.78,0.0,1,25.74,16.56,SPY210930P00316000,316.0,0,0.0,0.0,,0.0,normalDay
2020-11-20,2993.0,836.0,0.0,0,355.33,0.0,1,25.74,17.38,SPY210930P00316000,316.0,0,0.0,0.0,,0.0,normalDay
2020-11-23,2993.0,924.0,0.0,0,357.46,0.0,1,25.74,16.5,SPY210930P00316000,316.0,0,0.0,0.0,,0.0,normalDay
2020-11-24,2993.0,1068.0,0.0,0,363.22,0.0,1,25.74,15.06,SPY210930P00316000,316.0,0,0.0,0.0,,0.0,normalDay
2020-11-25,2993.0,1068.0,0.0,0,362.66,0.0,1,25.74,15.06,SPY210930P00316000,316.0,0,0.0,0.0,,0.0,normalDay
2020-11-27,2993.0,1043.0,0.0,0,363.67,0.0,1,25.74,15.31,SPY210930P00316000,316.0,0,0.0,0.0,,0.0,normalDay
2020-11-30,2993.0,1100.0,0.0,0,362.06,0.0,1,25.74,14.74,SPY210930P00316000,316.0,0,0.0,0.0,,0.0,normalDay
2020-12-01,2993.0,1148.0,0.0,0,366.02,0.0,1,25.74,14.26,SPY210930P00316000,316.0,0,0.0,0.0,,0.0,normalDay
2020-12-02,2993.0,1164.0,0.0,0,366.79,0.0,1,25.74,14.1,SPY210930P00316000,316.0,0,0.0,0.0,,0.0,normalDay
2020-12-03,2993.0,1158.0,0.0,0,366.69,0.0,1,25.74,14.16,SPY210930P00316000,316.0,0,0.0,0.0,,0.0,normalDay
2020-12-04,2993.0,1221.0,0.0,0,369.85,0.0,1,25.74,13.53,SPY210930P00316000,316.0,0,0.0,0.0,,0.0,normalDay
2020-12-07,2993.0,1189.0,0.0,0,369.09,0.0,1,25.74,13.85,SPY210930P00316000,316.0,0,0.0,0.0,,0.0,normalDay
2020-12-08,2993.0,1248.0,0.0,0,370.17,0.0,1,25.74,13.26,SPY210930P00316000,316.0,0,0.0,0.0,,0.0,normalDay
2020-12-09,2993.0,1156.0,0.0,0,366.85,0.0,1,25.74,14.18,SPY210930P00316000,316.0,0,0.0,0.0,,0.0,normalDay
2020-12-10,2993.0,1144.0,0.0,0,366.73,0.0,1,25.74,14.3,SPY210930P00316000,316.0,0,0.0,0.0,,0.0,normalDay
2020-12-11,2993.0,1110.0,0.0,0,366.3,0.0,1,25.74,14.64,SPY210930P00316000,316.0,0,0.0,0.0,,0.0,normalDay
2020-12-14,2993.0,1059.0,0.0,0,364.66,0.0,1,25.74,15.15,SPY210930P00316000,316.0,0,0.0,0.0,,0.0,normalDay
2020-12-15,2993.0,1166.0,0.0,0,369.59,0.0,1,25.74,14.08,SPY210930P00316000,316.0,0,0.0,0.0,,0.0,normalDay
2020-12-16,2993.0,1196.0,0.0,0,370.17,0.0,1,25.74,13.78,SPY210930P00316000,316.0,0,0.0,0.0,,0.0,normalDay
2020-12-17,2993.0,1259.0,0.0,0,372.24,0.0,1,25.74,13.15,SPY210930P00316000,316.0,0,0.0,0.0,,0.0,normalDay
2020-12-18,2993.0,1252.0,0.0,0,369.18,0.0,1,25.74,13.22,SPY210930P00316000,316.0,0,0.0,0.0,,0.0,normalDay
2020-12-21,2993.0,1146.0,0.0,0,367.86,0.0,1,25.74,14.28,SPY210930P00316000,316.0,0,0.0,0.0,,0.0,normalDay
2020-12-22,2993.0,1144.0,0.0,0,367.24,0.0,1,25.74,14.3,SPY210930P00316000,316.0,0,0.0,0.0,,0.0,normalDay
2020-12-23,2993.0,1189.0,0.0,0,367.57,0.0,1,25.74,13.85,SPY210930P00316000,316.0,0,0.0,0.0,,0.0,normalDay
2020-12-24,2993.0,1256.0,0.0,0,369.0,0.0,1,25.74,13.18,SPY210930P00316000,316.0,0,0.0,0.0,,0.0,normalDay
2020-12-28,2993.0,1324.0,0.0,0,372.17,0.0,1,25.74,12.5,SPY210930P00316000,316.0,0,0.0,0.0,,0.0,normalDay
2020-12-29,2993.0,1258.0,0.0,0,371.46,0.0,1,25.74,13.16,SPY210930P00316000,316.0,0,0.0,0.0,,0.0,normalDay
2020-12-30,2993.0,1298.0,0.0,0,371.99,0.0,1,25.74,12.76,SPY210930P00316000,316.0,0,0.0,0.0,,0.0,normalDay
2020-12-31,2993.0,1338.0,0.0,0,373.88,0.0,1,25.74,12.36,SPY210930P00316000,316.0,0,0.0,0.0,,0.0,normalDay
2021-01-04,2993.0,1183.0,0.0,0,368.79,0.0,1,25.74,13.91,SPY210930P00316000,316.0,0,0.0,0.0,,0.0,normalDay
2021-01-05,2993.0,1254.0,0.0,0,371.33,0.0,1,25.74,13.2,SPY210930P00316000,316.0,0,0.0,0.0,,0.0,normalDay
2021-01-06,2993.0,1291.0,0.0,0,373.55,0.0,1,25.74,12.83,SPY210930P00316000,316.0,0,0.0,0.0,,0.0,normalDay
2021-01-07,2993.0,1454.0,0.0,0,379.1,0.0,1,25.74,11.2,SPY210930P00316000,316.0,0,0.0,0.0,,0.0,normalDay
2021-01-08,2993.0,1490.0,0.0,0,381.26,0.0,1,25.74,10.84,SPY210930P00316000,316.0,0,0.0,0.0,,0.0,normalDay
2021-01-11,2993.0,1384.0,0.0,0,378.69,0.0,1,25.74,11.9,SPY210930P00316000,316.0,0,0.0,0.0,,0.0,normalDay
2021-01-12,2993.0,1413.0,0.0,0,378.77,0.0,1,25.74,11.61,SPY210930P00316000,316.0,0,0.0,0.0,,0.0,normalDay
2021-01-13,2993.0,1453.0,0.0,0,379.79,0.0,1,25.74,11.21,SPY210930P00316000,316.0,0,0.0,0.0,,0.0,normalDay
2021-01-14,2993.0,1396.0,0.0,0,378.46,0.0,1,25.74,11.78,SPY210930P00316000,316.0,0,0.0,0.0,,0.0,normalDay
2021-01-15,2993.0,1315.0,0.0,0,375.7,0.0,1,25.74,12.59,SPY210930P00316000,316.0,0,0.0,0.0,,0.0,normalDay
2021-01-19,2993.0,1403.0,0.0,0,378.65,0.0,1,25.74,11.71,SPY210930P00316000,316.0,0,0.0,0.0,,0.0,normalDay
2021-01-20,2993.0,1509.0,0.0,0,383.89,0.0,1,25.74,10.65,SPY210930P00316000,316.0,0,0.0,0.0,,0.0,normalDay
2021-01-21,2993.0,1503.0,0.0,0,384.24,0.0,1,25.74,10.71,SPY210930P00316000,316.0,0,0.0,0.0,,0.0,normalDay
2021-01-22,2993.0,1476.0,0.0,0,382.88,0.0,1,25.74,10.98,SPY210930P00316000,316.0,0,0.0,0.0,,0.0,normalDay
2021-01-25,2993.0,1461.0,0.0,0,384.39,0.0,1,25.74,11.13,SPY210930P00316000,316.0,0,0.0,0.0,,0.0,normalDay
2021-01-26,2993.0,1448.0,0.0,0,383.79,0.0,1,25.74,11.26,SPY210930P00316000,316.0,0,0.0,0.0,,0.0,normalDay
2021-01-27,2993.0,1035.0,0.0,0,374.41,0.0,1,25.74,15.39,SPY210930P00316000,316.0,0,0.0,0.0,,0.0,normalDay
2021-01-28,2993.0,1186.0,0.0,0,377.63,0.0,1,25.74,13.88,SPY210930P00316000,316.0,0,0.0,0.0,,0.0,normalDay
2021-01-29,2993.0,945.0,0.0,0,370.07,0.0,1,25.74,16.29,SPY210930P00316000,316.0,0,0.0,0.0,,0.0,normalDay
2021-02-01,2993.0,1159.0,0.0,0,376.23,0.0,1,25.74,14.15,SPY210930P00316000,316.0,0,0.0,0.0,,0.0,normalDay
2021-02-02,2993.0,1367.0,0.0,0,381.55,0.0,1,25.74,12.07,SPY210930P00316000,316.0,0,0.0,0.0,,0.0,normalDay
2021-02-03,2993.0,1423.0,0.0,0,381.85,0.0,1,25.74,11.51,SPY210930P00316000,316.0,0,0.0,0.0,,0.0,normalDay
2021-02-04,2993.0,1513.0,0.0,0,386.19,0.0,1,25.74,10.61,SPY210930P00316000,316.0,0,0.0,0.0,,0.0,normalDay
2021-02-05,2993.0,1524.0,0.0,0,387.71,0.0,1,25.74,10.5,SPY210930P00316000,316.0,0,0.0,0.0,,0.0,normalDay
2021-02-08,2993.0,1572.0,0.0,0,390.51,0.0,1,25.74,10.02,SPY210930P00316000,316.0,0,0.0,0.0,,0.0,normalDay
2021-02-09,2993.0,1562.0,0.0,0,390.25,0.0,1,25.74,10.12,SPY210930P00316000,316.0,0,0.0,0.0,,0.0,normalDay
2021-02-10,2993.0,1537.0,0.0,0,390.08,0.0,1,25.74,10.37,SPY210930P00316000,316.0,0,0.0,0.0,,0.0,normalDay
2021-02-11,2993.0,1556.0,0.0,0,390.71,0.0,1,25.74,10.18,SPY210930P00316000,316.0,0,0.0,0.0,,0.0,normalDay
2021-02-12,2993.0,1603.0,0.0,0,392.64,0.0,1,25.74,9.71,SPY210930P00316000,316.0,0,0.0,0.0,,0.0,normalDay
2021-02-16,2993.0,1570.0,0.0,0,392.3,0.0,1,25.74,10.04,SPY210930P00316000,316.0,0,0.0,0.0,,0.0,normalDay
2021-02-17,2993.0,1582.0,0.0,0,392.39,0.0,1,25.74,9.92,SPY210930P00316000,316.0,0,0.0,0.0,,0.0,normalDay
2021-02-18,2993.0,1545.0,0.0,0,390.72,0.0,1,25.74,10.29,SPY210930P00316000,316.0,0,0.0,0.0,,0.0,normalDay
2021-02-19,2993.0,1553.0,0.0,0,390.03,0.0,1,25.74,10.21,SPY210930P00316000,316.0,0,0.0,0.0,,0.0,normalDay
2021-02-22,2993.0,1502.0,0.0,0,387.03,0.0,1,25.74,10.72,SPY210930P00316000,316.0,0,0.0,0.0,,0.0,normalDay
2021-02-23,2993.0,1540.0,0.0,0,387.5,0.0,1,25.74,10.34,SPY210930P00316000,316.0,0,0.0,0.0,,0.0,normalDay
2021-02-24,2993.0,1644.0,0.0,0,391.77,0.0,1,25.74,9.3,SPY210930P00316000,316.0,0,0.0,0.0,,0.0,normalDay
2021-02-25,2993.0,1410.0,0.0,0,382.33,0.0,1,25.74,11.64,SPY210930P00316000,316.0,0,0.0,0.0,,0.0,normalDay
2021-02-26,2993.0,1437.0,0.0,0,380.36,0.0,1,25.74,11.37,SPY210930P00316000,316.0,0,0.0,0.0,,0.0,normalDay
2021-03-01,2993.0,1648.0,0.0,0,389.58,0.0,1,25.74,9.26,SPY210930P00316000,316.0,0,0.0,0.0,,0.0,normalDay
2021-03-02,2993.0,1595.0,0.0,0,386.54,0.0,1,25.74,9.79,SPY210930P00316000,316.0,0,0.0,0.0,,0.0,normalDay
2021-03-03,2993.0,1499.0,0.0,0,381.42,0.0,1,25.74,10.75,SPY210930P00316000,316.0,0,0.0,0.0,,0.0,normalDay
2021-03-04,2993.0,1421.0,0.0,0,376.7,0.0,1,25.74,11.53,SPY210930P00316000,316.0,0,0.0,0.0,,0.0,normalDay
2021-03-05,2993.0,1604.0,0.0,0,383.63,0.0,1,25.74,9.7,SPY210930P00316000,316.0,0,0.0,0.0,,0.0,normalDay
2021-03-08,2993.0,1594.0,0.0,0,381.72,0.0,1,25.74,9.8,SPY210930P00316000,316.0,0,0.0,0.0,,0.0,normalDay
2021-03-09,2993.0,1685.0,0.0,0,387.17,0.0,1,25.74,8.89,SPY210930P00316000,316.0,0,0.0,0.0,,0.0,normalDay
2021-03-10,2993.0,1733.0,0.0,0,389.58,0.0,1,25.74,8.41,SPY210930P00316000,316.0,0,0.0,0.0,,0.0,normalDay
2021-03-11,2993.0,1789.0,0.0,0,393.53,0.0,1,25.74,7.85,SPY210930P00316000,316.0,0,0.0,0.0,,0.0,normalDay
2021-03-12,2993.0,1819.0,0.0,0,394.06,0.0,1,25.74,7.55,SPY210930P00316000,316.0,0,0.0,0.0,,0.0,normalDay
2021-03-15,2993.0,1862.0,0.0,0,396.41,0.0,1,25.74,7.12,SPY210930P00316000,316.0,0,0.0,0.0,,0.0,normalDay
2021-03-16,2993.0,1865.0,0.0,0,395.91,0.0,1,25.74,7.09,SPY210930P00316000,316.0,0,0.0,0.0,,0.0,normalDay
2021-03-17,2993.0,1917.0,0.0,0,397.26,0.0,1,25.74,6.57,SPY210930P00316000,316.0,0,0.0,0.0,,0.0,normalDay
2021-03-18,2993.0,1838.0,0.0,0,391.48,0.0,1,25.74,7.36,SPY210930P00316000,316.0,0,0.0,0.0,,0.0,normalDay
2021-03-19,2993.0,1838.0,0.0,0,389.48,0.0,1,25.74,7.36,SPY210930P00316000,316.0,0,0.0,0.0,,0.0,normalDay
2021-03-22,2993.0,1945.0,0.0,0,392.59,0.0,1,25.74,6.29,SPY210930P00316000,316.0,0,0.0,0.0,,0.0,normalDay
2021-03-23,2993.0,1895.0,0.0,0,389.5,0.0,1,25.74,6.79,SPY210930P00316000,316.0,0,0.0,0.0,,0.0,normalDay
2021-03-24,2993.0,1860.0,0.0,0,387.52,0.0,1,25.74,7.14,SPY210930P00316000,316.0,0,0.0,0.0,,0.0,normalDay
2021-03-25,2993.0,1924.0,0.0,0,389.7,0.0,1,25.74,6.5,SPY210930P00316000,316.0,0,0.0,0.0,,0.0,normalDay
2021-03-26,2993.0,2003.0,0.0,0,395.98,0.0,1,25.74,5.71,SPY210930P00316000,316.0,0,0.0,0.0,,0.0,normalDay
2021-03-29,2993.0,1994.0,0.0,0,395.78,0.0,1,25.74,5.8,SPY210930P00316000,316.0,0,0.0,0.0,,0.0,normalDay
2021-03-30,2993.0,2022.0,0.0,0,394.73,0.0,1,25.74,5.52,SPY210930P00316000,316.0,0,0.0,0.0,,0.0,normalDay
2021-03-31,2993.0,2055.0,0.0,0,396.33,0.0,1,25.74,5.19,SPY210930P00316000,316.0,0,0.0,0.0,,0.0,normalDay
2021-04-01,2993.0,2118.0,0.0,0,400.61,0.0,1,25.74,4.56,SPY210930P00316000,316.0,0,0.0,0.0,,0.0,normalDay
2021-04-05,2993.0,2171.0,0.0,0,406.36,0.0,1,25.74,4.03,SPY210930P00316000,316.0,0,0.0,0.0,,0.0,normalDay
2021-04-06,2993.0,2169.0,0.0,0,406.12,0.0,1,25.74,4.05,SPY210930P00316000,316.0,0,0.0,0.0,,0.0,normalDay
2021-04-07,2993.0,2191.0,0.0,0,406.59,0.0,1,25.74,3.83,SPY210930P00316000,316.0,0,0.0,0.0,,0.0,normalDay
2021-04-08,2993.0,2205.0,0.0,0,408.52,0.0,1,25.74,3.69,SPY210930P00316000,316.0,0,0.0,0.0,,0.0,normalDay
2021-04-09,2993.0,2212.0,0.0,0,411.49,0.0,1,25.74,3.62,SPY210930P00316000,316.0,0,0.0,0.0,,0.0,normalDay
2021-04-12,2993.0,2218.0,0.0,0,411.64,0.0,1,25.74,3.56,SPY210930P00316000,316.0,0,0.0,0.0,,0.0,normalDay
2021-04-13,2993.0,2231.0,0.0,0,412.86,0.0,1,25.74,3.43,SPY210930P00316000,316.0,0,0.0,0.0,,0.0,normalDay
2021-04-14,2993.0,2219.0,0.0,0,411.45,0.0,1,25.74,3.55,SPY210930P00316000,316.0,0,0.0,0.0,,0.0,normalDay
2021-04-15,2993.0,2246.0,0.0,0,415.87,0.0,1,25.74,3.28,SPY210930P00316000,316.0,0,0.0,0.0,,0.0,normalDay
2021-04-16,2993.0,2252.0,0.0,0,417.26,0.0,1,25.74,3.22,SPY210930P00316000,316.0,0,0.0,0.0,,0.0,normalDay
2021-04-19,2993.0,2233.0,0.0,0,415.21,0.0,1,25.74,3.41,SPY210930P00316000,316.0,0,0.0,0.0,,0.0,normalDay
2021-04-20,2993.0,2202.0,0.0,0,412.17,0.0,1,25.74,3.72,SPY210930P00316000,316.0,0,0.0,0.0,,0.0,normalDay
2021-04-21,2993.0,2242.0,0.0,0,416.07,0.0,1,25.74,3.32,SPY210930P00316000,316.0,0,0.0,0.0,,0.0,normalDay
2021-04-22,2993.0,2196.0,0.0,0,412.27,0.0,1,25.74,3.78,SPY210930P00316000,316.0,0,0.0,0.0,,0.0,normalDay
2021-04-23,2993.0,2246.0,0.0,0,416.74,0.0,1,25.74,3.28,SPY210930P00316000,316.0,0,0.0,0.0,,0.0,normalDay
2021-04-26,2993.0,2255.0,0.0,0,417.61,0.0,1,25.74,3.19,SPY210930P00316000,316.0,0,0.0,0.0,,0.0,normalDay
2021-04-27,2993.0,2261.0,0.0,0,417.52,0.0,1,25.74,3.13,SPY210930P00316000,316.0,0,0.0,0.0,,0.0,normalDay
2021-04-28,2993.0,2271.0,0.0,0,417.4,0.0,1,25.74,3.03,SPY210930P00316000,316.0,0,0.0,0.0,,0.0,normalDay
2021-04-29,2993.0,2277.0,0.0,0,420.06,0.0,1,25.74,2.97,SPY210930P00316000,316.0,0,0.0,0.0,,0.0,normalDay
2021-04-30,2993.0,2254.0,0.0,0,417.3,0.0,1,25.74,3.2,SPY210930P00316000,316.0,0,0.0,0.0,,0.0,normalDay
2021-05-03,2993.0,2268.0,0.0,0,418.2,0.0,1,25.74,3.06,SPY210930P00316000,316.0,0,0.0,0.0,,0.0,normalDay
2021-05-04,2993.0,2240.0,0.0,0,415.62,0.0,1,25.74,3.34,SPY210930P00316000,316.0,0,0.0,0.0,,0.0,normalDay
2021-05-05,2993.0,2253.0,0.0,0,415.75,0.0,1,25.74,3.21,SPY210930P00316000,316.0,0,0.0,0.0,,0.0,normalDay
2021-05-06,2993.0,2279.0,0.0,0,419.07,0.0,1,25.74,2.95,SPY210930P00316000,316.0,0,0.0,0.0,,0.0,normalDay
2021-05-07,2993.0,2312.0,0.0,0,422.12,0.0,1,25.74,2.62,SPY210930P00316000,316.0,0,0.0,0.0,,0.0,normalDay
2021-05-10,2993.0,2270.0,0.0,0,417.94,0.0,1,25.74,3.04,SPY210930P00316000,316.0,0,0.0,0.0,,0.0,normalDay
2021-05-11,2993.0,2226.0,0.0,0,414.21,0.0,1,25.74,3.48,SPY210930P00316000,316.0,0,0.0,0.0,,0.0,normalDay
2021-05-12,2993.0,2074.0,0.0,0,405.41,0.0,1,25.74,5.0,SPY210930P00316000,316.0,0,0.0,0.0,,0.0,normalDay
2021-05-13,2993.0,2187.0,0.0,0,410.28,0.0,1,25.74,3.87,SPY210930P00316000,316.0,0,0.0,0.0,,0.0,normalDay
2021-05-14,2993.0,2282.0,0.0,0,416.58,0.0,1,25.74,2.92,SPY210930P00316000,316.0,0,0.0,0.0,,0.0,normalDay
2021-05-17,2993.0,2257.0,0.0,0,415.52,0.0,1,25.74,3.17,SPY210930P00316000,316.0,0,0.0,0.0,,0.0,normalDay
2021-05-18,2993.0,2217.0,0.0,0,411.94,0.0,1,25.74,3.57,SPY210930P00316000,316.0,0,0.0,0.0,,0.0,normalDay
2021-05-19,2993.0,2201.0,0.0,0,410.86,0.0,1,25.74,3.73,SPY210930P00316000,316.0,0,0.0,0.0,,0.0,normalDay
2021-05-20,2993.0,2249.0,0.0,0,415.28,0.0,1,25.74,3.25,SPY210930P00316000,316.0,0,0.0,0.0,,0.0,normalDay
2021-05-21,2993.0,2260.0,0.0,0,414.94,0.0,1,25.74,3.14,SPY210930P00316000,316.0,0,0.0,0.0,,0.0,normalDay
2021-05-24,2993.0,2313.0,0.0,0,419.17,0.0,1,25.74,2.61,SPY210930P00316000,316.0,0,0.0,0.0,,0.0,normalDay
2021-05-25,2993.0,2309.0,0.0,0,418.24,0.0,1,25.74,2.65,SPY210930P00316000,316.0,0,0.0,0.0,,0.0,normalDay
2021-05-26,2993.0,2340.0,0.0,0,419.07,0.0,1,25.74,2.34,SPY210930P00316000,316.0,0,0.0,0.0,,0.0,normalDay
2021-05-27,2993.0,2365.0,0.0,0,419.29,0.0,1,25.74,2.09,SPY210930P00316000,316.0,0,0.0,0.0,,0.0,normalDay
2021-05-28,2993.0,2367.0,0.0,0,420.04,0.0,1,25.74,2.07,SPY210930P00316000,316.0,0,0.0,0.0,,0.0,normalDay
2021-06-01,2993.0,2356.0,0.0,0,419.67,0.0,1,25.74,2.18,SPY210930P00316000,316.0,0,0.0,0.0,,0.0,normalDay
2021-06-02,2993.0,2362.0,0.0,0,420.33,0.0,1,25.74,2.12,SPY210930P00316000,316.0,0,0.0,0.0,,0.0,normalDay
2021-06-03,2993.0,2350.0,0.0,0,418.77,0.0,1,25.74,2.24,SPY210930P00316000,316.0,0,0.0,0.0,,0.0,normalDay
2021-06-04,2993.0,2383.0,0.0,0,422.6,0.0,1,25.74,1.91,SPY210930P00316000,316.0,0,0.0,0.0,,0.0,normalDay
2021-06-07,2993.0,2394.0,0.0,0,422.19,0.0,1,25.74,1.8,SPY210930P00316000,316.0,0,0.0,0.0,,0.0,normalDay
2021-06-08,2993.0,2393.0,0.0,0,422.28,0.0,1,25.74,1.81,SPY210930P00316000,316.0,0,0.0,0.0,,0.0,normalDay
2021-06-09,2993.0,2389.0,0.0,0,421.65,0.0,1,25.74,1.85,SPY210930P00316000,316.0,0,0.0,0.0,,0.0,normalDay
2021-06-10,2993.0,2419.0,0.0,0,423.61,0.0,1,25.74,1.55,SPY210930P00316000,316.0,0,0.0,0.0,,0.0,normalDay
2021-06-11,2993.0,2429.0,0.0,0,424.31,0.0,1,25.74,1.45,SPY210930P00316000,316.0,0,0.0,0.0,,0.0,normalDay
2021-06-14,2993.0,2429.0,0.0,0,425.26,0.0,1,25.74,1.45,SPY210930P00316000,316.0,0,0.0,0.0,,0.0,normalDay
2021-06-15,2993.0,2418.0,0.0,0,424.48,0.0,1,25.74,1.56,SPY210930P00316000,316.0,0,0.0,0.0,,0.0,normalDay
2021-06-16,2993.0,2412.0,0.0,0,422.11,0.0,1,25.74,1.62,SPY210930P00316000,316.0,0,0.0,0.0,,0.0,normalDay
2021-06-17,2993.0,2422.0,0.0,0,421.97,0.0,1,25.74,1.52,SPY210930P00316000,316.0,0,0.0,0.0,,0.0,normalDay
2021-06-18,2993.0,2375.0,0.0,0,414.92,0.0,1,25.74,1.99,SPY210930P00316000,316.0,0,0.0,0.0,,0.0,normalDay
2021-06-21,2993.0,2436.0,0.0,0,420.86,0.0,1,25.74,1.38,SPY210930P00316000,316.0,0,0.0,0.0,,0.0,normalDay
2021-06-22,2993.0,2450.0,0.0,0,423.11,0.0,1,25.74,1.24,SPY210930P00316000,316.0,0,0.0,0.0,,0.0,normalDay
2021-06-23,2993.0,2457.0,0.0,0,422.6,0.0,1,25.74,1.17,SPY210930P00316000,316.0,0,0.0,0.0,,0.0,normalDay
2021-06-24,2993.0,2467.0,0.0,0,425.1,0.0,1,25.74,1.07,SPY210930P00316000,316.0,0,0.0,0.0,,0.0,normalDay
2021-06-25,2993.0,2475.0,0.0,0,426.61,0.0,1,25.74,0.99,SPY210930P00316000,316.0,0,0.0,0.0,,0.0,normalDay
2021-06-28,2993.0,2478.0,0.0,0,427.47,0.0,1,25.74,0.96,SPY210930P00316000,316.0,0,0.0,0.0,,0.0,normalDay
2021-06-29,2993.0,2472.0,0.0,0,427.7,0.0,1,25.74,1.02,SPY210930P00316000,316.0,0,0.0,0.0,,0.0,normalDay
2021-06-30,2993.0,2475.0,0.0,0,428.06,0.0,1,25.74,0.99,SPY210930P00316000,316.0,0,0.0,0.0,,0.0,normalDay
2021-07-01,2993.0,2479.0,0.0,0,430.43,0.0,1,25.74,0.95,SPY210930P00316000,316.0,0,0.0,0.0,,0.0,normalDay
2021-07-02,2993.0,2484.0,0.0,0,433.72,0.0,1,25.74,0.9,SPY210930P00316000,316.0,0,0.0,0.0,,0.0,normalDay
2021-07-06,2993.0,2481.0,0.0,0,432.93,0.0,1,25.74,0.93,SPY210930P00316000,316.0,0,0.0,0.0,,0.0,normalDay
2021-07-07,2993.0,2483.0,0.0,0,434.46,0.0,1,25.74,0.91,SPY210930P00316000,316.0,0,0.0,0.0,,0.0,normalDay
2021-07-08,2993.0,2464.0,0.0,0,430.92,0.0,1,25.74,1.1,SPY210930P00316000,316.0,0,0.0,0.0,,0.0,normalDay
2021-07-09,2993.0,2485.0,0.0,0,435.52,0.0,1,25.74,0.89,SPY210930P00316000,316.0,0,0.0,0.0,,0.0,normalDay
2021-07-12,2993.0,2493.0,0.0,0,437.08,0.0,1,25.74,0.81,SPY210930P00316000,316.0,0,0.0,0.0,,0.0,normalDay
2021-07-13,2993.0,2487.0,0.0,0,435.59,0.0,1,25.74,0.87,SPY210930P00316000,316.0,0,0.0,0.0,,0.0,normalDay
2021-07-14,2993.0,2498.0,0.0,0,436.24,0.0,1,25.74,0.76,SPY210930P00316000,316.0,0,0.0,0.0,,0.0,normalDay
2021-07-15,2993.0,2494.0,0.0,0,434.75,0.0,1,25.74,0.8,SPY210930P00316000,316.0,0,0.0,0.0,,0.0,normalDay
2021-07-16,2993.0,2483.0,0.0,0,431.34,0.0,1,25.74,0.91,SPY210930P00316000,316.0,0,0.0,0.0,,0.0,normalDay
2021-07-19,2993.0,2444.0,0.0,0,424.97,0.0,1,25.74,1.3,SPY210930P00316000,316.0,0,0.0,0.0,,0.0,normalDay
2021-07-20,2993.0,2475.0,0.0,0,431.06,0.0,1,25.74,0.99,SPY210930P00316000,316.0,0,0.0,0.0,,0.0,normalDay
2021-07-21,2993.0,2496.0,0.0,0,434.55,0.0,1,25.74,0.78,SPY210930P00316000,316.0,0,0.0,0.0,,0.0,normalDay
2021-07-22,2993.0,2500.0,0.0,0,435.46,0.0,1,25.74,0.74,SPY210930P00316000,316.0,0,0.0,0.0,,0.0,normalDay
2021-07-23,2993.0,2504.0,0.0,0,439.94,0.0,1,25.74,0.7,SPY210930P00316000,316.0,0,0.0,0.0,,0.0,normalDay
2021-07-26,2993.0,2512.0,0.0,0,441.02,0.0,1,25.74,0.62,SPY210930P00316000,316.0,0,0.0,0.0,,0.0,normalDay
2021-07-27,2993.0,2502.0,0.0,0,439.01,0.0,1,25.74,0.72,SPY210930P00316000,316.0,0,0.0,0.0,,0.0,normalDay
2021-07-28,2993.0,2512.0,0.0,0,438.83,0.0,1,25.74,0.62,SPY210930P00316000,316.0,0,0.0,0.0,,0.0,normalDay
2021-07-29,2993.0,2517.0,0.0,0,440.65,0.0,1,25.74,0.57,SPY210930P00316000,316.0,0,0.0,0.0,,0.0,normalDay
2021-07-30,2993.0,2514.0,0.0,0,438.51,0.0,1,25.74,0.6,SPY210930P00316000,316.0,0,0.0,0.0,,0.0,normalDay
2021-08-02,2993.0,2510.0,0.0,0,437.59,0.0,1,25.74,0.64,SPY210930P00316000,316.0,0,0.0,0.0,,0.0,normalDay
2021-08-03,2993.0,2523.0,0.0,0,441.15,0.0,1,25.74,0.51,SPY210930P00316000,316.0,0,0.0,0.0,,0.0,normalDay
2021-08-04,2993.0,2525.0,0.0,0,438.98,0.0,1,25.74,0.49,SPY210930P00316000,316.0,0,0.0,0.0,,0.0,normalDay
2021-08-05,2993.0,2530.0,0.0,0,441.76,0.0,1,25.74,0.44,SPY210930P00316000,316.0,0,0.0,0.0,,0.0,normalDay
2021-08-06,2993.0,2535.0,0.0,0,442.49,0.0,1,25.74,0.39,SPY210930P00316000,316.0,0,0.0,0.0,,0.0,normalDay
2021-08-09,2993.0,2537.0,0.0,0,442.13,0.0,1,25.74,0.37,SPY210930P00316000,316.0,0,0.0,0.0,,0.0,normalDay
2021-08-10,2993.0,2539.0,0.0,0,442.68,0.0,1,25.74,0.35,SPY210930P00316000,316.0,0,0.0,0.0,,0.0,normalDay
2021-08-11,2993.0,2544.0,0.0,0,443.78,0.0,1,25.74,0.3,SPY210930P00316000,316.0,0,0.0,0.0,,0.0,normalDay
2021-08-12,2993.0,2546.0,0.0,0,445.11,0.0,1,25.74,0.28,SPY210930P00316000,316.0,0,0.0,0.0,,0.0,normalDay
2021-08-13,2993.0,2546.0,0.0,0,445.92,0.0,1,25.74,0.28,SPY210930P00316000,316.0,0,0.0,0.0,,0.0,normalDay
2021-08-16,2993.0,2549.0,0.0,0,446.97,0.0,1,25.74,0.25,SPY210930P00316000,316.0,0,0.0,0.0,,0.0,normalDay
2021-08-17,2993.0,2544.0,0.0,0,444.04,0.0,1,25.74,0.3,SPY210930P00316000,316.0,0,0.0,0.0,,0.0,normalDay
2021-08-18,2993.0,2531.0,0.0,0,439.18,0.0,1,25.74,0.43,SPY210930P00316000,316.0,0,0.0,0.0,,0.0,normalDay
2021-08-19,2993.0,2527.0,0.0,0,439.86,0.0,1,25.74,0.47,SPY210930P00316000,316.0,0,0.0,0.0,,0.0,normalDay
2021-08-20,2993.0,2544.0,0.0,0,443.36,0.0,1,25.74,0.3,SPY210930P00316000,316.0,0,0.0,0.0,,0.0,normalDay
2021-08-23,2993.0,2553.0,0.0,0,447.26,0.0,1,25.74,0.21,SPY210930P00316000,316.0,0,0.0,0.0,,0.0,normalDay
2021-08-24,2993.0,2554.0,0.0,0,447.97,0.0,1,25.74,0.2,SPY210930P00316000,316.0,0,0.0,0.0,,0.0,normalDay
2021-08-25,2993.0,2556.0,0.0,0,448.91,0.0,1,25.74,0.18,SPY210930P00316000,316.0,0,0.0,0.0,,0.0,normalDay
2021-08-26,2993.0,2551.0,0.0,0,446.26,0.0,1,25.74,0.23,SPY210930P00316000,316.0,0,0.0,0.0,,0.0,normalDay
2021-08-27,2993.0,2557.0,0.0,0,450.25,0.0,1,25.74,0.17,SPY210930P00316000,316.0,0,0.0,0.0,,0.0,normalDay
2021-08-30,2993.0,2562.0,0.0,0,452.23,0.0,1,25.74,0.12,SPY210930P00316000,316.0,0,0.0,0.0,,0.0,normalDay
2021-08-31,2993.0,2563.0,0.0,0,451.56,0.0,1,25.74,0.11,SPY210930P00316000,316.0,0,0.0,0.0,,0.0,normalDay
2021-09-01,2993.0,2565.0,0.0,0,451.8,0.0,1,25.74,0.09,SPY210930P00316000,316.0,0,0.0,0.0,,0.0,normalDay
2021-09-02,2993.0,2564.0,0.0,0,453.19,0.0,1,25.74,0.1,SPY210930P00316000,316.0,0,0.0,0.0,,0.0,normalDay
2021-09-03,2993.0,2565.0,0.0,0,453.08,0.0,1,25.74,0.09,SPY210930P00316000,316.0,0,0.0,0.0,,0.0,normalDay
2021-09-07,2993.0,2566.0,0.0,0,451.46,0.0,1,25.74,0.08,SPY210930P00316000,316.0,0,0.0,0.0,,0.0,normalDay
2021-09-08,2993.0,2567.0,0.0,0,450.91,0.0,1,25.74,0.07,SPY210930P00316000,316.0,0,0.0,0.0,,0.0,normalDay
2021-09-09,2993.0,2566.0,0.0,0,448.98,0.0,1,25.74,0.08,SPY210930P00316000,316.0,0,0.0,0.0,,0.0,normalDay
2021-09-10,2993.0,2561.0,0.0,0,445.44,0.0,1,25.74,0.13,SPY210930P00316000,316.0,0,0.0,0.0,,0.0,normalDay
2021-09-13,2993.0,2566.0,0.0,0,446.58,0.0,1,25.74,0.08,SPY210930P00316000,316.0,0,0.0,0.0,,0.0,normalDay
2021-09-14,2993.0,2567.0,0.0,0,444.17,0.0,1,25.74,0.07,SPY210930P00316000,316.0,0,0.0,0.0,,0.0,normalDay
2021-09-15,2993.0,2569.0,0.0,0,447.88,0.0,1,25.74,0.05,SPY210930P00316000,316.0,0,0.0,0.0,,0.0,normalDay
2021-09-16,2993.0,2569.0,0.0,0,447.17,0.0,1,25.74,0.05,SPY210930P00316000,316.0,0,0.0,0.0,,0.0,normalDay
2021-09-17,2993.0,2568.0,0.0,0,441.4,0.0,1,25.74,0.06,SPY210930P00316000,316.0,0,0.0,0.0,,0.0,normalDay
2021-09-20,2993.0,2567.0,0.0,0,434.04,0.0,1,25.74,0.07,SPY210930P00316000,316.0,0,0.0,0.0,,0.0,normalDay
2021-09-21,2993.0,2570.0,0.0,0,433.63,0.0,1,25.74,0.04,SPY210930P00316000,316.0,0,0.0,0.0,,0.0,normalDay
2021-09-22,2993.0,2572.0,0.0,0,437.86,0.0,1,25.74,0.02,SPY210930P00316000,316.0,0,0.0,0.0,,0.0,normalDay
2021-09-23,2993.0,2573.0,0.0,0,443.18,0.0,1,25.74,0.01,SPY210930P00316000,316.0,0,0.0,0.0,,0.0,normalDay
2021-09-24,2993.0,2573.0,0.0,0,443.91,0.0,1,25.74,0.01,SPY210930P00316000,316.0,0,0.0,0.0,,0.0,normalDay
2021-09-27,2993.0,2573.0,0.0,0,442.64,0.0,1,25.74,0.01,SPY210930P00316000,316.0,0,0.0,0.0,,0.0,normalDay
2021-09-28,2993.0,2573.0,0.0,0,433.72,0.0,1,25.74,0.01,SPY210930P00316000,316.0,0,0.0,0.0,,0.0,normalDay
2021-09-29,2993.0,2573.0,0.0,0,434.45,0.0,1,25.74,0.01,SPY210930P00316000,316.0,0,0.0,0.0,,0.0,normalDay
2021-09-30,5567.0,0.0,2574.0,0,429.14,0.0,1,25.74,0.0,SPY210930P00316000,316.0,0,0.0,0.0,,0.0,expirationDay
2021-10-01,5567.0,-219.0,0.0,0,434.24,0.0,1,30.81,33.0,SPY220930P00421000,421.0,0,0.0,0.0,,0.0,normalDay
2021-10-04,5567.0,-411.0,0.0,0,428.64,0.0,1,30.81,34.92,SPY220930P00421000,421.0,0,0.0,0.0,,0.0,normalDay
2021-10-05,5567.0,-206.0,0.0,0,433.1,0.0,1,30.81,32.87,SPY220930P00421000,421.0,0,0.0,0.0,,0.0,normalDay
2021-10-06,5567.0,-140.0,0.0,0,434.9,0.0,1,30.81,32.21,SPY220930P00421000,421.0,0,0.0,0.0,,0.0,normalDay
2021-10-07,5567.0,83.0,0.0,0,438.66,0.0,1,30.81,29.98,SPY220930P00421000,421.0,0,0.0,0.0,,0.0,normalDay
2021-10-08,5567.0,59.0,0.0,0,437.86,0.0,1,30.81,30.22,SPY220930P00421000,421.0,0,0.0,0.0,,0.0,normalDay
2021-10-11,5567.0,-25.0,0.0,0,434.69,0.0,1,30.81,31.06,SPY220930P00421000,421.0,0,0.0,0.0,,0.0,normalDay
2021-10-12,5567.0,-57.0,0.0,0,433.62,0.0,1,30.81,31.38,SPY220930P00421000,421.0,0,0.0,0.0,,0.0,normalDay
2021-10-13,5567.0,87.0,0.0,0,435.18,0.0,1,30.81,29.94,SPY220930P00421000,421.0,0,0.0,0.0,,0.0,normalDay
2021-10-14,5567.0,359.0,0.0,0,442.5,0.0,1,30.81,27.22,SPY220930P00421000,421.0,0,0.0,0.0,,0.0,normalDay
2021-10-15,5567.0,413.0,0.0,0,445.87,0.0,1,30.81,26.68,SPY220930P00421000,421.0,0,0.0,0.0,,0.0,normalDay
2021-10-18,5567.0,426.0,0.0,0,447.19,0.0,1,30.81,26.55,SPY220930P00421000,421.0,0,0.0,0.0,,0.0,normalDay
2021-10-19,5567.0,594.0,0.0,0,450.64,0.0,1,30.81,24.87,SPY220930P00421000,421.0,0,0.0,0.0,,0.0,normalDay
2021-10-20,5567.0,642.0,0.0,0,452.41,0.0,1,30.81,24.39,SPY220930P00421000,421.0,0,0.0,0.0,,0.0,normalDay
2021-10-21,5567.0,697.0,0.0,0,453.59,0.0,1,30.81,23.84,SPY220930P00421000,421.0,0,0.0,0.0,,0.0,normalDay
2021-10-22,5567.0,657.0,0.0,0,453.12,0.0,1,30.81,24.24,SPY220930P00421000,421.0,0,0.0,0.0,,0.0,normalDay
2021-10-25,5567.0,744.0,0.0,0,455.55,0.0,1,30.81,23.37,SPY220930P00421000,421.0,0,0.0,0.0,,0.0,normalDay
2021-10-26,5567.0,767.0,0.0,0,455.96,0.0,1,30.81,23.14,SPY220930P00421000,421.0,0,0.0,0.0,,0.0,normalDay
2021-10-27,5567.0,651.0,0.0,0,453.94,0.0,1,30.81,24.3,SPY220930P00421000,421.0,0,0.0,0.0,,0.0,normalDay
2021-10-28,5567.0,746.0,0.0,0,458.32,0.0,1,30.81,23.35,SPY220930P00421000,421.0,0,0.0,0.0,,0.0,normalDay
2021-10-29,5567.0,832.0,0.0,0,459.25,0.0,1,30.81,22.49,SPY220930P00421000,421.0,0,0.0,0.0,,0.0,normalDay
2021-11-01,5567.0,852.0,0.0,0,460.04,0.0,1,30.81,22.29,SPY220930P00421000,421.0,0,0.0,0.0,,0.0,normalDay
2021-11-02,5567.0,901.0,0.0,0,461.9,0.0,1,30.81,21.8,SPY220930P00421000,421.0,0,0.0,0.0,,0.0,normalDay
2021-11-03,5567.0,980.0,0.0,0,464.72,0.0,1,30.81,21.01,SPY220930P00421000,421.0,0,0.0,0.0,,0.0,normalDay
2021-11-04,5567.0,1018.0,0.0,0,466.91,0.0,1,30.81,20.63,SPY220930P00421000,421.0,0,0.0,0.0,,0.0,normalDay
2021-11-05,5567.0,1014.0,0.0,0,468.53,0.0,1,30.81,20.67,SPY220930P00421000,421.0,0,0.0,0.0,,0.0,normalDay
2021-11-08,5567.0,1011.0,0.0,0,468.93,0.0,1,30.81,20.7,SPY220930P00421000,421.0,0,0.0,0.0,,0.0,normalDay
2021-11-09,5567.0,963.0,0.0,0,467.38,0.0,1,30.81,21.18,SPY220930P00421000,421.0,0,0.0,0.0,,0.0,normalDay
2021-11-10,5567.0,892.0,0.0,0,463.62,0.0,1,30.81,21.89,SPY220930P00421000,421.0,0,0.0,0.0,,0.0,normalDay
2021-11-11,5567.0,941.0,0.0,0,463.77,0.0,1,30.81,21.4,SPY220930P00421000,421.0,0,0.0,0.0,,0.0,normalDay
2021-11-12,5567.0,1051.0,0.0,0,467.27,0.0,1,30.81,20.3,SPY220930P00421000,421.0,0,0.0,0.0,,0.0,normalDay
2021-11-15,5567.0,1045.0,0.0,0,467.43,0.0,1,30.81,20.36,SPY220930P00421000,421.0,0,0.0,0.0,,0.0,normalDay
2021-11-16,5567.0,1076.0,0.0,0,469.28,0.0,1,30.81,20.05,SPY220930P00421000,421.0,0,0.0,0.0,,0.0,normalDay
2021-11-17,5567.0,979.0,0.0,0,468.14,0.0,1,30.81,21.02,SPY220930P00421000,421.0,0,0.0,0.0,,0.0,normalDay
2021-11-18,5567.0,1018.0,0.0,0,469.73,0.0,1,30.81,20.63,SPY220930P00421000,421.0,0,0.0,0.0,,0.0,normalDay
2021-11-19,5567.0,989.0,0.0,0,468.89,0.0,1,30.81,20.92,SPY220930P00421000,421.0,0,0.0,0.0,,0.0,normalDay
2021-11-22,5567.0,925.0,0.0,0,467.57,0.0,1,30.81,21.56,SPY220930P00421000,421.0,0,0.0,0.0,,0.0,normalDay
2021-11-23,5567.0,959.0,0.0,0,468.19,0.0,1,30.81,21.22,SPY220930P00421000,421.0,0,0.0,0.0,,0.0,normalDay
2021-11-24,5567.0,1024.0,0.0,0,469.44,0.0,1,30.81,20.57,SPY220930P00421000,421.0,0,0.0,0.0,,0.0,normalDay
2021-11-26,5567.0,226.0,0.0,0,458.97,0.0,1,30.81,28.55,SPY220930P00421000,421.0,0,0.0,0.0,,0.0,normalDay
2021-11-29,5567.0,832.0,0.0,0,464.6,0.0,1,30.81,22.49,SPY220930P00421000,421.0,0,0.0,0.0,,0.0,normalDay
2021-11-30,5567.0,511.0,0.0,0,455.56,0.0,1,30.81,25.7,SPY220930P00421000,421.0,0,0.0,0.0,,0.0,normalDay
2021-12-01,5567.0,123.0,0.0,0,450.5,0.0,1,30.81,29.58,SPY220930P00421000,421.0,0,0.0,0.0,,0.0,normalDay
2021-12-02,5567.0,498.0,0.0,0,457.4,0.0,1,30.81,25.83,SPY220930P00421000,421.0,0,0.0,0.0,,0.0,normalDay
2021-12-03,5567.0,240.0,0.0,0,453.42,0.0,1,30.81,28.41,SPY220930P00421000,421.0,0,0.0,0.0,,0.0,normalDay
2021-12-06,5567.0,521.0,0.0,0,458.79,0.0,1,30.81,25.6,SPY220930P00421000,421.0,0,0.0,0.0,,0.0,normalDay
2021-12-07,5567.0,936.0,0.0,0,468.28,0.0,1,30.81,21.45,SPY220930P00421000,421.0,0,0.0,0.0,,0.0,normalDay
2021-12-08,5567.0,1013.0,0.0,0,469.52,0.0,1,30.81,20.68,SPY220930P00421000,421.0,0,0.0,0.0,,0.0,normalDay
2021-12-09,5567.0,906.0,0.0,0,466.35,0.0,1,30.81,21.75,SPY220930P00421000,421.0,0,0.0,0.0,,0.0,normalDay
2021-12-10,5567.0,1060.0,0.0,0,470.74,0.0,1,30.81,20.21,SPY220930P00421000,421.0,0,0.0,0.0,,0.0,normalDay
2021-12-13,5567.0,912.0,0.0,0,466.57,0.0,1,30.81,21.69,SPY220930P00421000,421.0,0,0.0,0.0,,0.0,normalDay
2021-12-14,5567.0,805.0,0.0,0,463.36,0.0,1,30.81,22.76,SPY220930P00421000,421.0,0,0.0,0.0,,0.0,normalDay
2021-12-15,5567.0,1064.0,0.0,0,470.6,0.0,1,30.81,20.17,SPY220930P00421000,421.0,0,0.0,0.0,,0.0,normalDay
2021-12-16,5567.0,891.0,0.0,0,466.45,0.0,1,30.81,21.9,SPY220930P00421000,421.0,0,0.0,0.0,,0.0,normalDay
2021-12-17,5567.0,765.0,0.0,0,459.87,0.0,1,30.81,23.16,SPY220930P00421000,421.0,0,0.0,0.0,,0.0,normalDay
2021-12-20,5567.0,647.0,0.0,0,454.98,0.0,1,30.81,24.34,SPY220930P00421000,421.0,0,0.0,0.0,,0.0,normalDay
2021-12-21,5567.0,889.0,0.0,0,463.06,0.0,1,30.81,21.92,SPY220930P00421000,421.0,0,0.0,0.0,,0.0,normalDay
2021-12-22,5567.0,1058.0,0.0,0,467.69,0.0,1,30.81,20.23,SPY220930P00421000,421.0,0,0.0,0.0,,0.0,normalDay
2021-12-23,5567.0,1143.0,0.0,0,470.6,0.0,1,30.81,19.38,SPY220930P00421000,421.0,0,0.0,0.0,,0.0,normalDay
2021-12-27,5567.0,1308.0,0.0,0,477.26,0.0,1,30.81,17.73,SPY220930P00421000,421.0,0,0.0,0.0,,0.0,normalDay
2021-12-28,5567.0,1329.0,0.0,0,476.87,0.0,1,30.81,17.52,SPY220930P00421000,421.0,0,0.0,0.0,,0.0,normalDay
2021-12-29,5567.0,1358.0,0.0,0,477.48,0.0,1,30.81,17.23,SPY220930P00421000,421.0,0,0.0,0.0,,0.0,normalDay
2021-12-30,5567.0,1313.0,0.0,0,476.16,0.0,1,30.81,17.68,SPY220930P00421000,421.0,0,0.0,0.0,,0.0,normalDay
2021-12-31,5567.0,1343.0,0.0,0,474.96,0.0,1,30.81,17.38,SPY220930P00421000,421.0,0,0.0,0.0,,0.0,normalDay
2022-01-03,5567.0,1424.0,0.0,0,477.71,0.0,1,30.81,16.57,SPY220930P00421000,421.0,0,0.0,0.0,,0.0,normalDay
2022-01-04,5567.0,1410.0,0.0,0,477.55,0.0,1,30.81,16.71,SPY220930P00421000,421.0,0,0.0,0.0,,0.0,normalDay
2022-01-05,5567.0,1167.0,0.0,0,468.38,0.0,1,30.81,19.14,SPY220930P00421000,421.0,0,0.0,0.0,,0.0,normalDay
2022-01-06,5567.0,1171.0,0.0,0,467.94,0.0,1,30.81,19.1,SPY220930P00421000,421.0,0,0.0,0.0,,0.0,normalDay
2022-01-07,5567.0,1175.0,0.0,0,466.09,0.0,1,30.81,19.06,SPY220930P00421000,421.0,0,0.0,0.0,,0.0,normalDay
2022-01-10,5567.0,1193.0,0.0,0,465.51,0.0,1,30.81,18.88,SPY220930P00421000,421.0,0,0.0,0.0,,0.0,normalDay
2022-01-11,5567.0,1328.0,0.0,0,469.75,0.0,1,30.81,17.53,SPY220930P00421000,421.0,0,0.0,0.0,,0.0,normalDay
2022-01-12,5567.0,1377.0,0.0,0,471.02,0.0,1,30.81,17.04,SPY220930P00421000,421.0,0,0.0,0.0,,0.0,normalDay
2022-01-13,5567.0,1163.0,0.0,0,464.53,0.0,1,30.81,19.18,SPY220930P00421000,421.0,0,0.0,0.0,,0.0,normalDay
2022-01-14,5567.0,1220.0,0.0,0,464.72,0.0,1,30.81,18.61,SPY220930P00421000,421.0,0,0.0,0.0,,0.0,normalDay
2022-01-18,5567.0,933.0,0.0,0,456.49,0.0,1,30.81,21.48,SPY220930P00421000,421.0,0,0.0,0.0,,0.0,normalDay
2022-01-19,5567.0,833.0,0.0,0,451.75,0.0,1,30.81,22.48,SPY220930P00421000,421.0,0,0.0,0.0,,0.0,normalDay
2022-01-20,5567.0,568.0,0.0,0,446.75,0.0,1,30.81,25.13,SPY220930P00421000,421.0,0,0.0,0.0,,0.0,normalDay
2022-01-21,5567.0,270.0,0.0,0,437.98,0.0,1,30.81,28.11,SPY220930P00421000,421.0,0,0.0,0.0,,0.0,normalDay
2022-01-24,5567.0,288.0,0.0,0,439.84,0.0,1,30.81,27.93,SPY220930P00421000,421.0,0,0.0,0.0,,0.0,normalDay
2022-01-25,5567.0,51.0,0.0,0,434.47,0.0,1,30.81,30.3,SPY220930P00421000,421.0,0,0.0,0.0,,0.0,normalDay
2022-01-26,5567.0,86.0,0.0,0,433.38,0.0,1,30.81,29.95,SPY220930P00421000,421.0,0,0.0,0.0,,0.0,normalDay
2022-01-27,5567.0,112.0,0.0,0,431.24,0.0,1,30.81,29.69,SPY220930P00421000,421.0,0,0.0,0.0,,0.0,normalDay
2022-01-28,5567.0,535.0,0.0,0,441.95,0.0,1,30.81,25.46,SPY220930P00421000,421.0,0,0.0,0.0,,0.0,normalDay
2022-01-31,5567.0,841.0,0.0,0,449.91,0.0,1,30.81,22.4,SPY220930P00421000,421.0,0,0.0,0.0,,0.0,normalDay
2022-02-01,5567.0,1062.0,0.0,0,452.95,0.0,1,30.81,20.19,SPY220930P00421000,421.0,0,0.0,0.0,,0.0,normalDay
2022-02-02,5567.0,1069.0,0.0,0,457.35,0.0,1,30.81,20.12,SPY220930P00421000,421.0,0,0.0,0.0,,0.0,normalDay
2022-02-03,5567.0,833.0,0.0,0,446.6,0.0,1,30.81,22.48,SPY220930P00421000,421.0,0,0.0,0.0,,0.0,normalDay
2022-02-04,5567.0,792.0,0.0,0,448.7,0.0,1,30.81,22.89,SPY220930P00421000,421.0,0,0.0,0.0,,0.0,normalDay
2022-02-07,5567.0,833.0,0.0,0,447.26,0.0,1,30.81,22.48,SPY220930P00421000,421.0,0,0.0,0.0,,0.0,normalDay
2022-02-08,5567.0,1009.0,0.0,0,450.94,0.0,1,30.81,20.72,SPY220930P00421000,421.0,0,0.0,0.0,,0.0,normalDay
2022-02-09,5567.0,1208.0,0.0,0,457.54,0.0,1,30.81,18.73,SPY220930P00421000,421.0,0,0.0,0.0,,0.0,normalDay
2022-02-10,5567.0,917.0,0.0,0,449.32,0.0,1,30.81,21.64,SPY220930P00421000,421.0,0,0.0,0.0,,0.0,normalDay
2022-02-11,5567.0,517.0,0.0,0,440.46,0.0,1,30.81,25.64,SPY220930P00421000,421.0,0,0.0,0.0,,0.0,normalDay
2022-02-14,5567.0,538.0,0.0,0,439.02,0.0,1,30.81,25.43,SPY220930P00421000,421.0,0,0.0,0.0,,0.0,normalDay
2022-02-15,5567.0,810.0,0.0,0,446.1,0.0,1,30.81,22.71,SPY220930P00421000,421.0,0,0.0,0.0,,0.0,normalDay
2022-02-16,5567.0,890.0,0.0,0,446.6,0.0,1,30.81,21.91,SPY220930P00421000,421.0,0,0.0,0.0,,0.0,normalDay
2022-02-17,5567.0,479.0,0.0,0,437.06,0.0,1,30.81,26.02,SPY220930P00421000,421.0,0,0.0,0.0,,0.0,normalDay
2022-02-18,5567.0,406.0,0.0,0,434.23,0.0,1,30.81,26.75,SPY220930P00421000,421.0,0,0.0,0.0,,0.0,normalDay
2022-02-22,5567.0,320.0,0.0,0,429.57,0.0,1,30.81,27.61,SPY220930P00421000,421.0,0,0.0,0.0,,0.0,normalDay
2022-02-23,5567.0,-66.0,0.0,0,421.95,0.0,1,30.81,31.47,SPY220930P00421000,421.0,0,0.0,0.0,,0.0,normalDay
2022-02-24,5567.0,181.0,0.0,0,428.3,0.0,1,30.81,29.0,SPY220930P00421000,421.0,0,0.0,0.0,,0.0,normalDay
2022-02-25,5567.0,618.0,0.0,0,437.75,0.0,1,30.81,24.63,SPY220930P00421000,421.0,0,0.0,0.0,,0.0,normalDay
2022-02-28,5567.0,530.0,0.0,0,436.63,0.0,1,30.81,25.51,SPY220930P00421000,421.0,0,0.0,0.0,,0.0,normalDay
2022-03-01,5567.0,141.0,0.0,0,429.98,0.0,1,30.81,29.4,SPY220930P00421000,421.0,0,0.0,0.0,,0.0,normalDay
2022-03-02,5567.0,483.0,0.0,0,437.89,0.0,1,30.81,25.98,SPY220930P00421000,421.0,0,0.0,0.0,,0.0,normalDay
2022-03-03,5567.0,422.0,0.0,0,435.71,0.0,1,30.81,26.59,SPY220930P00421000,421.0,0,0.0,0.0,,0.0,normalDay
2022-03-04,5567.0,205.0,0.0,0,432.17,0.0,1,30.81,28.76,SPY220930P00421000,421.0,0,0.0,0.0,,0.0,normalDay
2022-03-07,5567.0,-442.0,0.0,0,419.43,0.0,1,30.81,35.23,SPY220930P00421000,421.0,0,0.0,0.0,,0.0,normalDay
2022-03-08,5567.0,-552.0,0.0,0,416.25,0.0,1,30.81,36.33,SPY220930P00421000,421.0,0,0.0,0.0,,0.0,normalDay
2022-03-09,5567.0,-14.0,0.0,0,427.41,0.0,1,30.81,30.95,SPY220930P00421000,421.0,0,0.0,0.0,,0.0,normalDay
2022-03-10,5567.0,21.0,0.0,0,425.48,0.0,1,30.81,30.6,SPY220930P00421000,421.0,0,0.0,0.0,,0.0,normalDay
2022-03-11,5567.0,-237.0,0.0,0,420.07,0.0,1,30.81,33.18,SPY220930P00421000,421.0,0,0.0,0.0,,0.0,normalDay
2022-03-14,5567.0,-344.0,0.0,0,417.0,0.0,1,30.81,34.25,SPY220930P00421000,421.0,0,0.0,0.0,,0.0,normalDay
2022-03-15,5567.0,48.0,0.0,0,426.17,0.0,1,30.81,30.33,SPY220930P00421000,421.0,0,0.0,0.0,,0.0,normalDay
2022-03-16,5567.0,555.0,0.0,0,435.62,0.0,1,30.81,25.26,SPY220930P00421000,421.0,0,0.0,0.0,,0.0,normalDay
2022-03-17,5567.0,786.0,0.0,0,441.07,0.0,1,30.81,22.95,SPY220930P00421000,421.0,0,0.0,0.0,,0.0,normalDay
2022-03-18,5567.0,1046.0,0.0,0,444.52,0.0,1,30.81,20.35,SPY220930P00421000,421.0,0,0.0,0.0,,0.0,normalDay
2022-03-21,5567.0,1067.0,0.0,0,444.39,0.0,1,30.81,20.14,SPY220930P00421000,421.0,0,0.0,0.0,,0.0,normalDay
2022-03-22,5567.0,1256.0,0.0,0,449.59,0.0,1,30.81,18.25,SPY220930P00421000,421.0,0,0.0,0.0,,0.0,normalDay
2022-03-23,5567.0,1073.0,0.0,0,443.8,0.0,1,30.81,20.08,SPY220930P00421000,421.0,0,0.0,0.0,,0.0,normalDay
2022-03-24,5567.0,1292.0,0.0,0,450.49,0.0,1,30.81,17.89,SPY220930P00421000,421.0,0,0.0,0.0,,0.0,normalDay
2022-03-25,5567.0,1369.0,0.0,0,452.69,0.0,1,30.81,17.12,SPY220930P00421000,421.0,0,0.0,0.0,,0.0,normalDay
2022-03-28,5567.0,1490.0,0.0,0,455.91,0.0,1,30.81,15.91,SPY220930P00421000,421.0,0,0.0,0.0,,0.0,normalDay
2022-03-29,5567.0,1638.0,0.0,0,461.55,0.0,1,30.81,14.43,SPY220930P00421000,421.0,0,0.0,0.0,,0.0,normalDay
2022-03-30,5567.0,1571.0,0.0,0,458.7,0.0,1,30.81,15.1,SPY220930P00421000,421.0,0,0.0,0.0,,0.0,normalDay
2022-03-31,5567.0,1370.0,0.0,0,451.64,0.0,1,30.81,17.11,SPY220930P00421000,421.0,0,0.0,0.0,,0.0,normalDay
2022-04-01,5567.0,1437.0,0.0,0,452.92,0.0,1,30.81,16.44,SPY220930P00421000,421.0,0,0.0,0.0,,0.0,normalDay
2022-04-04,5567.0,1597.0,0.0,0,456.8,0.0,1,30.81,14.84,SPY220930P00421000,421.0,0,0.0,0.0,,0.0,normalDay
2022-04-05,5567.0,1356.0,0.0,0,451.03,0.0,1,30.81,17.25,SPY220930P00421000,421.0,0,0.0,0.0,,0.0,normalDay
2022-04-06,5567.0,1242.0,0.0,0,446.52,0.0,1,30.81,18.39,SPY220930P00421000,421.0,0,0.0,0.0,,0.0,normalDay
2022-04-07,5567.0,1314.0,0.0,0,448.77,0.0,1,30.81,17.67,SPY220930P00421000,421.0,0,0.0,0.0,,0.0,normalDay
2022-04-08,5567.0,1305.0,0.0,0,447.57,0.0,1,30.81,17.76,SPY220930P00421000,421.0,0,0.0,0.0,,0.0,normalDay
2022-04-11,5567.0,1039.0,0.0,0,439.92,0.0,1,30.81,20.42,SPY220930P00421000,421.0,0,0.0,0.0,,0.0,normalDay
2022-04-12,5567.0,990.0,0.0,0,438.29,0.0,1,30.81,20.91,SPY220930P00421000,421.0,0,0.0,0.0,,0.0,normalDay
2022-04-13,5567.0,1228.0,0.0,0,443.31,0.0,1,30.81,18.53,SPY220930P00421000,421.0,0,0.0,0.0,,0.0,normalDay
2022-04-14,5567.0,1041.0,0.0,0,437.79,0.0,1,30.81,20.4,SPY220930P00421000,421.0,0,0.0,0.0,,0.0,normalDay
2022-04-18,5567.0,1136.0,0.0,0,437.97,0.0,1,30.81,19.45,SPY220930P00421000,421.0,0,0.0,0.0,,0.0,normalDay
2022-04-19,5567.0,1291.0,0.0,0,445.04,0.0,1,30.81,17.9,SPY220930P00421000,421.0,0,0.0,0.0,,0.0,normalDay
2022-04-20,5567.0,1406.0,0.0,0,444.71,0.0,1,30.81,16.75,SPY220930P00421000,421.0,0,0.0,0.0,,0.0,normalDay
2022-04-21,5567.0,1105.0,0.0,0,438.06,0.0,1,30.81,19.76,SPY220930P00421000,421.0,0,0.0,0.0,,0.0,normalDay
2022-04-22,5567.0,515.0,0.0,0,426.04,0.0,1,30.81,25.66,SPY220930P00421000,421.0,0,0.0,0.0,,0.0,normalDay
2022-04-25,5567.0,719.0,0.0,0,428.51,0.0,1,30.81,23.62,SPY220930P00421000,421.0,0,0.0,0.0,,0.0,normalDay
2022-04-26,5567.0,-57.0,0.0,0,416.1,0.0,1,30.81,31.38,SPY220930P00421000,421.0,0,0.0,0.0,,0.0,normalDay
2022-04-27,5567.0,223.0,0.0,0,417.27,0.0,1,30.81,28.58,SPY220930P00421000,421.0,0,0.0,0.0,,0.0,normalDay
2022-04-28,5567.0,585.0,0.0,0,427.81,0.0,1,30.81,24.96,SPY220930P00421000,421.0,0,0.0,0.0,,0.0,normalDay
2022-04-29,5567.0,-48.0,0.0,0,412.0,0.0,1,30.81,31.29,SPY220930P00421000,421.0,0,0.0,0.0,,0.0,normalDay
2022-05-02,5567.0,127.0,0.0,0,414.48,0.0,1,30.81,29.54,SPY220930P00421000,421.0,0,0.0,0.0,,0.0,normalDay
2022-05-03,5567.0,332.0,0.0,0,416.38,0.0,1,30.81,27.49,SPY220930P00421000,421.0,0,0.0,0.0,,0.0,normalDay
2022-05-04,5567.0,881.0,0.0,0,429.06,0.0,1,30.81,22.0,SPY220930P00421000,421.0,0,0.0,0.0,,0.0,normalDay
2022-05-05,5567.0,63.0,0.0,0,413.81,0.0,1,30.81,30.18,SPY220930P00421000,421.0,0,0.0,0.0,,0.0,normalDay
2022-05-06,5567.0,-91.0,0.0,0,411.34,0.0,1,30.81,31.72,SPY220930P00421000,421.0,0,0.0,0.0,,0.0,normalDay
2022-05-09,5567.0,-734.0,0.0,0,398.17,0.0,1,30.81,38.15,SPY220930P00421000,421.0,0,0.0,0.0,,0.0,normalDay
2022-05-10,5567.0,-672.0,0.0,0,399.09,0.0,1,30.81,37.53,SPY220930P00421000,421.0,0,0.0,0.0,,0.0,normalDay
2022-05-11,5567.0,-1026.0,0.0,0,392.75,0.0,1,30.81,41.07,SPY220930P00421000,421.0,0,0.0,0.0,,0.0,normalDay
2022-05-12,5567.0,-1042.0,0.0,0,392.34,0.0,1,30.81,41.23,SPY220930P00421000,421.0,0,0.0,0.0,,0.0,normalDay
2022-05-13,5567.0,-439.0,0.0,0,401.72,0.0,1,30.81,35.2,SPY220930P00421000,421.0,0,0.0,0.0,,0.0,normalDay
2022-05-16,5567.0,-460.0,0.0,0,400.09,0.0,1,30.81,35.41,SPY220930P00421000,421.0,0,0.0,0.0,,0.0,normalDay
2022-05-17,5567.0,62.0,0.0,0,408.32,0.0,1,30.81,30.19,SPY220930P00421000,421.0,0,0.0,0.0,,0.0,normalDay
2022-05-18,5567.0,-1064.0,0.0,0,391.86,0.0,1,30.81,41.45,SPY220930P00421000,421.0,0,0.0,0.0,,0.0,normalDay
2022-05-19,5567.0,-1108.0,0.0,0,389.46,0.0,1,30.81,41.89,SPY220930P00421000,421.0,0,0.0,0.0,,0.0,normalDay
2022-05-20,5567.0,-1109.0,0.0,0,389.63,0.0,1,30.81,41.9,SPY220930P00421000,421.0,0,0.0,0.0,,0.0,normalDay
2022-05-23,5567.0,-571.0,0.0,0,396.92,0.0,1,30.81,36.52,SPY220930P00421000,421.0,0,0.0,0.0,,0.0,normalDay
2022-05-24,5567.0,-778.0,0.0,0,393.89,0.0,1,30.81,38.59,SPY220930P00421000,421.0,0,0.0,0.0,,0.0,normalDay
2022-05-25,5567.0,-561.0,0.0,0,397.37,0.0,1,30.81,36.42,SPY220930P00421000,421.0,0,0.0,0.0,,0.0,normalDay
2022-05-26,5567.0,-113.0,0.0,0,405.31,0.0,1,30.81,31.94,SPY220930P00421000,421.0,0,0.0,0.0,,0.0,normalDay
2022-05-27,5567.0,509.0,0.0,0,415.26,0.0,1,30.81,25.72,SPY220930P00421000,421.0,0,0.0,0.0,,0.0,normalDay
2022-05-31,5567.0,386.0,0.0,0,412.93,0.0,1,30.81,26.95,SPY220930P00421000,421.0,0,0.0,0.0,,0.0,normalDay
2022-06-01,5567.0,260.0,0.0,0,409.59,0.0,1,30.81,28.21,SPY220930P00421000,421.0,0,0.0,0.0,,0.0,normalDay
2022-06-02,5567.0,690.0,0.0,0,417.39,0.0,1,30.81,23.91,SPY220930P00421000,421.0,0,0.0,0.0,,0.0,normalDay
2022-06-03,5567.0,350.0,0.0,0,410.54,0.0,1,30.81,27.31,SPY220930P00421000,421.0,0,0.0,0.0,,0.0,normalDay
2022-06-06,5567.0,435.0,0.0,0,411.79,0.0,1,30.81,26.46,SPY220930P00421000,421.0,0,0.0,0.0,,0.0,normalDay
2022-06-07,5567.0,642.0,0.0,0,415.74,0.0,1,30.81,24.39,SPY220930P00421000,421.0,0,0.0,0.0,,0.0,normalDay
2022-06-08,5567.0,456.0,0.0,0,411.22,0.0,1,30.81,26.25,SPY220930P00421000,421.0,0,0.0,0.0,,0.0,normalDay
2022-06-09,5567.0,-135.0,0.0,0,401.44,0.0,1,30.81,32.16,SPY220930P00421000,421.0,0,0.0,0.0,,0.0,normalDay
2022-06-10,5567.0,-908.0,0.0,0,389.8,0.0,1,30.81,39.89,SPY220930P00421000,421.0,0,0.0,0.0,,0.0,normalDay
2022-06-13,5567.0,-2114.0,0.0,0,375.0,0.0,1,30.81,51.95,SPY220930P00421000,421.0,0,0.0,0.0,,0.0,normalDay
2022-06-14,5567.0,-2238.0,0.0,0,373.87,0.0,1,30.81,53.19,SPY220930P00421000,421.0,0,0.0,0.0,,0.0,normalDay
2022-06-15,5567.0,-1698.0,0.0,0,379.2,0.0,1,30.81,47.79,SPY220930P00421000,421.0,0,0.0,0.0,,0.0,normalDay
2022-06-16,5567.0,-2719.0,0.0,0,366.65,0.0,1,30.81,58.0,SPY220930P00421000,421.0,0,0.0,0.0,,0.0,normalDay
2022-06-17,5567.0,-2609.0,0.0,0,365.86,0.0,1,30.81,56.9,SPY220930P00421000,421.0,0,0.0,0.0,,0.0,normalDay
2022-06-21,5567.0,-1847.0,0.0,0,375.07,0.0,1,30.81,49.28,SPY220930P00421000,421.0,0,0.0,0.0,,0.0,normalDay
2022-06-22,5567.0,-1856.0,0.0,0,374.39,0.0,1,30.81,49.37,SPY220930P00421000,421.0,0,0.0,0.0,,0.0,normalDay
2022-06-23,5567.0,-1663.0,0.0,0,378.06,0.0,1,30.81,47.44,SPY220930P00421000,421.0,0,0.0,0.0,,0.0,normalDay
2022-06-24,5567.0,-703.0,0.0,0,390.08,0.0,1,30.81,37.84,SPY220930P00421000,421.0,0,0.0,0.0,,0.0,normalDay
2022-06-27,5567.0,-647.0,0.0,0,388.59,0.0,1,30.81,37.28,SPY220930P00421000,421.0,0,0.0,0.0,,0.0,normalDay
2022-06-28,5567.0,-1324.0,0.0,0,380.65,0.0,1,30.81,44.05,SPY220930P00421000,421.0,0,0.0,0.0,,0.0,normalDay
2022-06-29,5567.0,-1310.0,0.0,0,380.34,0.0,1,30.81,43.91,SPY220930P00421000,421.0,0,0.0,0.0,,0.0,normalDay
2022-06-30,5567.0,-1671.0,0.0,0,377.25,0.0,1,30.81,47.52,SPY220930P00421000,421.0,0,0.0,0.0,,0.0,normalDay
2022-07-01,5567.0,-1268.0,0.0,0,381.24,0.0,1,30.81,43.49,SPY220930P00421000,421.0,0,0.0,0.0,,0.0,normalDay
2022-07-05,5567.0,-1212.0,0.0,0,381.96,0.0,1,30.81,42.93,SPY220930P00421000,421.0,0,0.0,0.0,,0.0,normalDay
2022-07-06,5567.0,-1027.0,0.0,0,383.25,0.0,1,30.81,41.08,SPY220930P00421000,421.0,0,0.0,0.0,,0.0,normalDay
2022-07-07,5567.0,-605.0,0.0,0,388.99,0.0,1,30.81,36.86,SPY220930P00421000,421.0,0,0.0,0.0,,0.0,normalDay
2022-07-08,5567.0,-549.0,0.0,0,388.67,0.0,1,30.81,36.3,SPY220930P00421000,421.0,0,0.0,0.0,,0.0,normalDay
2022-07-11,5567.0,-898.0,0.0,0,384.23,0.0,1,30.81,39.79,SPY220930P00421000,421.0,0,0.0,0.0,,0.0,normalDay
2022-07-12,5567.0,-1234.0,0.0,0,380.83,0.0,1,30.81,43.15,SPY220930P00421000,421.0,0,0.0,0.0,,0.0,normalDay
2022-07-13,5567.0,-1403.0,0.0,0,378.83,0.0,1,30.81,44.84,SPY220930P00421000,421.0,0,0.0,0.0,,0.0,normalDay
2022-07-14,5567.0,-1433.0,0.0,0,377.91,0.0,1,30.81,45.14,SPY220930P00421000,421.0,0,0.0,0.0,,0.0,normalDay
2022-07-15,5567.0,-797.0,0.0,0,385.13,0.0,1,30.81,38.78,SPY220930P00421000,421.0,0,0.0,0.0,,0.0,normalDay
2022-07-18,5567.0,-1062.0,0.0,0,381.95,0.0,1,30.81,41.43,SPY220930P00421000,421.0,0,0.0,0.0,,0.0,normalDay
2022-07-19,5567.0,-199.0,0.0,0,392.27,0.0,1,30.81,32.8,SPY220930P00421000,421.0,0,0.0,0.0,,0.0,normalDay
2022-07-20,5567.0,-20.0,0.0,0,394.77,0.0,1,30.81,31.01,SPY220930P00421000,421.0,0,0.0,0.0,,0.0,normalDay
2022-07-21,5567.0,254.0,0.0,0,398.79,0.0,1,30.81,28.27,SPY220930P00421000,421.0,0,0.0,0.0,,0.0,normalDay
2022-07-22,5567.0,-19.0,0.0,0,395.09,0.0,1,30.81,31.0,SPY220930P00421000,421.0,0,0.0,0.0,,0.0,normalDay
2022-07-25,5567.0,116.0,0.0,0,395.57,0.0,1,30.81,29.65,SPY220930P00421000,421.0,0,0.0,0.0,,0.0,normalDay
2022-07-26,5567.0,-237.0,0.0,0,390.89,0.0,1,30.81,33.18,SPY220930P00421000,421.0,0,0.0,0.0,,0.0,normalDay
2022-07-27,5567.0,458.0,0.0,0,401.04,0.0,1,30.81,26.23,SPY220930P00421000,421.0,0,0.0,0.0,,0.0,normalDay
2022-07-28,5567.0,937.0,0.0,0,406.07,0.0,1,30.81,21.44,SPY220930P00421000,421.0,0,0.0,0.0,,0.0,normalDay
2022-07-29,5567.0,1276.0,0.0,0,411.99,0.0,1,30.81,18.05,SPY220930P00421000,421.0,0,0.0,0.0,,0.0,normalDay
2022-08-01,5567.0,1185.0,0.0,0,410.77,0.0,1,30.81,18.96,SPY220930P00421000,421.0,0,0.0,0.0,,0.0,normalDay
2022-08-02,5567.0,971.0,0.0,0,408.06,0.0,1,30.81,21.1,SPY220930P00421000,421.0,0,0.0,0.0,,0.0,normalDay
2022-08-03,5567.0,1394.0,0.0,0,414.45,0.0,1,30.81,16.87,SPY220930P00421000,421.0,0,0.0,0.0,,0.0,normalDay
2022-08-04,5567.0,1423.0,0.0,0,414.17,0.0,1,30.81,16.58,SPY220930P00421000,421.0,0,0.0,0.0,,0.0,normalDay
2022-08-05,5567.0,1384.0,0.0,0,413.47,0.0,1,30.81,16.97,SPY220930P00421000,421.0,0,0.0,0.0,,0.0,normalDay
2022-08-08,5567.0,1410.0,0.0,0,412.99,0.0,1,30.81,16.71,SPY220930P00421000,421.0,0,0.0,0.0,,0.0,normalDay
2022-08-09,5567.0,1327.0,0.0,0,411.35,0.0,1,30.81,17.54,SPY220930P00421000,421.0,0,0.0,0.0,,0.0,normalDay
2022-08-10,5567.0,1816.0,0.0,0,419.99,0.0,1,30.81,12.65,SPY220930P00421000,421.0,0,0.0,0.0,,0.0,normalDay
2022-08-11,5567.0,1852.0,0.0,0,419.99,0.0,1,30.81,12.29,SPY220930P00421000,421.0,0,0.0,0.0,,0.0,normalDay
2022-08-12,5567.0,2130.0,0.0,0,427.1,0.0,1,30.81,9.51,SPY220930P00421000,421.0,0,0.0,0.0,,0.0,normalDay
2022-08-15,5567.0,2218.0,0.0,0,428.86,0.0,1,30.81,8.63,SPY220930P00421000,421.0,0,0.0,0.0,,0.0,normalDay
2022-08-16,5567.0,2255.0,0.0,0,429.7,0.0,1,30.81,8.26,SPY220930P00421000,421.0,0,0.0,0.0,,0.0,normalDay
2022-08-17,5567.0,2148.0,0.0,0,426.65,0.0,1,30.81,9.33,SPY220930P00421000,421.0,0,0.0,0.0,,0.0,normalDay
2022-08-18,5567.0,2227.0,0.0,0,427.89,0.0,1,30.81,8.54,SPY220930P00421000,421.0,0,0.0,0.0,,0.0,normalDay
2022-08-19,5567.0,1990.0,0.0,0,422.14,0.0,1,30.81,10.91,SPY220930P00421000,421.0,0,0.0,0.0,,0.0,normalDay
2022-08-22,5567.0,1513.0,0.0,0,413.35,0.0,1,30.81,15.68,SPY220930P00421000,421.0,0,0.0,0.0,,0.0,normalDay
2022-08-23,5567.0,1432.0,0.0,0,412.35,0.0,1,30.81,16.49,SPY220930P00421000,421.0,0,0.0,0.0,,0.0,normalDay
2022-08-24,5567.0,1597.0,0.0,0,413.67,0.0,1,30.81,14.84,SPY220930P00421000,421.0,0,0.0,0.0,,0.0,normalDay
2022-08-25,5567.0,1921.0,0.0,0,419.51,0.0,1,30.81,11.6,SPY220930P00421000,421.0,0,0.0,0.0,,0.0,normalDay
2022-08-26,5567.0,980.0,0.0,0,405.31,0.0,1,30.81,21.01,SPY220930P00421000,421.0,0,0.0,0.0,,0.0,normalDay
2022-08-29,5567.0,829.0,0.0,0,402.63,0.0,1,30.81,22.52,SPY220930P00421000,421.0,0,0.0,0.0,,0.0,normalDay
2022-08-30,5567.0,495.0,0.0,0,398.21,0.0,1,30.81,25.86,SPY220930P00421000,421.0,0,0.0,0.0,,0.0,normalDay
2022-08-31,5567.0,272.0,0.0,0,395.18,0.0,1,30.81,28.09,SPY220930P00421000,421.0,0,0.0,0.0,,0.0,normalDay
2022-09-01,5567.0,370.0,0.0,0,396.42,0.0,1,30.81,27.11,SPY220930P00421000,421.0,0,0.0,0.0,,0.0,normalDay
2022-09-02,5567.0,36.0,0.0,0,392.24,0.0,1,30.81,30.45,SPY220930P00421000,421.0,0,0.0,0.0,,0.0,normalDay
2022-09-06,5567.0,-196.0,0.0,0,390.76,0.0,1,30.81,32.77,SPY220930P00421000,421.0,0,0.0,0.0,,0.0,normalDay
2022-09-07,5567.0,484.0,0.0,0,397.78,0.0,1,30.81,25.97,SPY220930P00421000,421.0,0,0.0,0.0,,0.0,normalDay
2022-09-08,5567.0,792.0,0.0,0,400.38,0.0,1,30.81,22.89,SPY220930P00421000,421.0,0,0.0,0.0,,0.0,normalDay
2022-09-09,5567.0,1258.0,0.0,0,406.6,0.0,1,30.81,18.23,SPY220930P00421000,421.0,0,0.0,0.0,,0.0,normalDay
2022-09-12,5567.0,1618.0,0.0,0,410.97,0.0,1,30.81,14.63,SPY220930P00421000,421.0,0,0.0,0.0,,0.0,normalDay
2022-09-13,5567.0,86.0,0.0,0,393.1,0.0,1,30.81,29.95,SPY220930P00421000,421.0,0,0.0,0.0,,0.0,normalDay
2022-09-14,5567.0,251.0,0.0,0,394.6,0.0,1,30.81,28.3,SPY220930P00421000,421.0,0,0.0,0.0,,0.0,normalDay
2022-09-15,5567.0,-98.0,0.0,0,390.12,0.0,1,30.81,31.79,SPY220930P00421000,421.0,0,0.0,0.0,,0.0,normalDay
2022-09-16,5567.0,-438.0,0.0,0,385.56,0.0,1,30.81,35.19,SPY220930P00421000,421.0,0,0.0,0.0,,0.0,normalDay
2022-09-19,5567.0,-166.0,0.0,0,388.55,0.0,1,30.81,32.47,SPY220930P00421000,421.0,0,0.0,0.0,,0.0,normalDay
2022-09-20,5567.0,-562.0,0.0,0,384.09,0.0,1,30.81,36.43,SPY220930P00421000,421.0,0,0.0,0.0,,0.0,normalDay
2022-09-21,5567.0,-1293.0,0.0,0,377.39,0.0,1,30.81,43.74,SPY220930P00421000,421.0,0,0.0,0.0,,0.0,normalDay
2022-09-22,5567.0,-1568.0,0.0,0,374.22,0.0,1,30.81,46.49,SPY220930P00421000,421.0,0,0.0,0.0,,0.0,normalDay
2022-09-23,5567.0,-2272.0,0.0,0,367.95,0.0,1,30.81,53.53,SPY220930P00421000,421.0,0,0.0,0.0,,0.0,normalDay
2022-09-26,5567.0,-2663.0,0.0,0,364.31,0.0,1,30.81,57.44,SPY220930P00421000,421.0,0,0.0,0.0,,0.0,normalDay
2022-09-27,5567.0,-2699.0,0.0,0,363.38,0.0,1,30.81,57.8,SPY220930P00421000,421.0,0,0.0,0.0,,0.0,normalDay
2022-09-28,5567.0,-1986.0,0.0,0,370.53,0.0,1,30.81,50.67,SPY220930P00421000,421.0,0,0.0,0.0,,0.0,normalDay
2022-09-29,5567.0,-2738.0,0.0,0,362.79,0.0,1,30.81,58.19,SPY220930P00421000,421.0,0,0.0,0.0,,0.0,normalDay
2022-09-30,8648.0,-6382.0,3081.0,100,357.18,421.0,1,30.81,0.0,SPY220930P00421000,421.0,0,0.0,0.0,,0.0,expirationDay
2022-10-03,8648.0,-5442.0,0.0,100,366.61,421.0,0,0.0,0.0,,0.0,1,0.2,0.23,SPY221118C00436000,436.0,normalDay
2022-10-04,8648.0,-4332.0,0.0,100,377.97,421.0,0,0.0,0.0,,0.0,1,0.2,0.49,SPY221118C00436000,436.0,normalDay
2022-10-05,8648.0,-4408.0,0.0,100,377.09,421.0,0,0.0,0.0,,0.0,1,0.2,0.37,SPY221118C00436000,436.0,normalDay
2022-10-06,8648.0,-4789.0,0.0,100,373.2,421.0,0,0.0,0.0,,0.0,1,0.2,0.29,SPY221118C00436000,436.0,normalDay
2022-10-07,8648.0,-5815.0,0.0,100,362.79,421.0,0,0.0,0.0,,0.0,1,0.2,0.14,SPY221118C00436000,436.0,normalDay
2022-10-10,8648.0,-6092.0,0.0,100,360.02,421.0,0,0.0,0.0,,0.0,1,0.2,0.14,SPY221118C00436000,436.0,normalDay
2022-10-11,8648.0,-6319.0,0.0,100,357.74,421.0,0,0.0,0.0,,0.0,1,0.2,0.13,SPY221118C00436000,436.0,normalDay
2022-10-12,8648.0,-6437.0,0.0,100,356.56,421.0,0,0.0,0.0,,0.0,1,0.2,0.13,SPY221118C00436000,436.0,normalDay
2022-10-13,8648.0,-5506.0,0.0,100,365.97,421.0,0,0.0,0.0,,0.0,1,0.2,0.23,SPY221118C00436000,436.0,normalDay
2022-10-14,8648.0,-6329.0,0.0,100,357.63,421.0,0,0.0,0.0,,0.0,1,0.2,0.12,SPY221118C00436000,436.0,normalDay
2022-10-17,8648.0,-5415.0,0.0,100,366.82,421.0,0,0.0,0.0,,0.0,1,0.2,0.17,SPY221118C00436000,436.0,normalDay
2022-10-18,8648.0,-4990.0,0.0,100,371.13,421.0,0,0.0,0.0,,0.0,1,0.2,0.23,SPY221118C00436000,436.0,normalDay
2022-10-19,8648.0,-5247.0,0.0,100,368.5,421.0,0,0.0,0.0,,0.0,1,0.2,0.17,SPY221118C00436000,436.0,normalDay
2022-10-20,8648.0,-5549.0,0.0,100,365.41,421.0,0,0.0,0.0,,0.0,1,0.2,0.1,SPY221118C00436000,436.0,normalDay
2022-10-21,8648.0,-4673.0,0.0,100,374.29,421.0,0,0.0,0.0,,0.0,1,0.2,0.22,SPY221118C00436000,436.0,normalDay
2022-10-24,8648.0,-4220.0,0.0,100,378.87,421.0,0,0.0,0.0,,0.0,1,0.2,0.27,SPY221118C00436000,436.0,normalDay
2022-10-25,8648.0,-3614.0,0.0,100,384.92,421.0,0,0.0,0.0,,0.0,1,0.2,0.26,SPY221118C00436000,436.0,normalDay
2022-10-26,8648.0,-3895.0,0.0,100,382.02,421.0,0,0.0,0.0,,0.0,1,0.2,0.17,SPY221118C00436000,436.0,normalDay
2022-10-27,8648.0,-4091.0,0.0,100,379.98,421.0,0,0.0,0.0,,0.0,1,0.2,0.09,SPY221118C00436000,436.0,normalDay
2022-10-28,8648.0,-3199.0,0.0,100,389.02,421.0,0,0.0,0.0,,0.0,1,0.2,0.21,SPY221118C00436000,436.0,normalDay
2022-10-31,8648.0,-3472.0,0.0,100,386.21,421.0,0,0.0,0.0,,0.0,1,0.2,0.13,SPY221118C00436000,436.0,normalDay
2022-11-01,8648.0,-3638.0,0.0,100,384.52,421.0,0,0.0,0.0,,0.0,1,0.2,0.1,SPY221118C00436000,436.0,normalDay
2022-11-02,8648.0,-4597.0,0.0,100,374.87,421.0,0,0.0,0.0,,0.0,1,0.2,0.04,SPY221118C00436000,436.0,normalDay
2022-11-03,8648.0,-4982.0,0.0,100,371.01,421.0,0,0.0,0.0,,0.0,1,0.2,0.03,SPY221118C00436000,436.0,normalDay
2022-11-04,8648.0,-4448.0,0.0,100,376.35,421.0,0,0.0,0.0,,0.0,1,0.2,0.03,SPY221118C00436000,436.0,normalDay
2022-11-07,8648.0,-4087.0,0.0,100,379.95,421.0,0,0.0,0.0,,0.0,1,0.2,0.02,SPY221118C00436000,436.0,normalDay
2022-11-08,8648.0,-3882.0,0.0,100,382.0,421.0,0,0.0,0.0,,0.0,1,0.2,0.02,SPY221118C00436000,436.0,normalDay
2022-11-09,8648.0,-4669.0,0.0,100,374.13,421.0,0,0.0,0.0,,0.0,1,0.2,0.02,SPY221118C00436000,436.0,normalDay
2022-11-10,8648.0,-2615.0,0.0,100,394.69,421.0,0,0.0,0.0,,0.0,1,0.2,0.04,SPY221118C00436000,436.0,normalDay
2022-11-11,8648.0,-2232.0,0.0,100,398.51,421.0,0,0.0,0.0,,0.0,1,0.2,0.03,SPY221118C00436000,436.0,normalDay
2022-11-14,8648.0,-2570.0,0.0,100,395.12,421.0,0,0.0,0.0,,0.0,1,0.2,0.02,SPY221118C00436000,436.0,normalDay
2022-11-15,8648.0,-2233.0,0.0,100,398.49,421.0,0,0.0,0.0,,0.0,1,0.2,0.02,SPY221118C00436000,436.0,normalDay
2022-11-16,8648.0,-2536.0,0.0,100,395.45,421.0,0,0.0,0.0,,0.0,1,0.2,0.01,SPY221118C00436000,436.0,normalDay
2022-11-17,8648.0,-2657.0,0.0,100,394.24,421.0,0,0.0,0.0,,0.0,1,0.2,0.01,SPY221118C00436000,436.0,normalDay
2022-11-18,8668.0,-2497.0,20.0,100,396.03,421.0,0,0.0,0.0,,0.0,1,0.2,0.0,SPY221118C00436000,436.0,expirationDay
2022-11-21,8668.0,-2645.0,0.0,100,394.59,421.0,0,0.0,0.0,,0.0,1,2.22,2.26,SPY221230C00417000,417.0,normalDay
2022-11-22,8668.0,-2188.0,0.0,100,399.9,421.0,0,0.0,0.0,,0.0,1,2.22,3.0,SPY221230C00417000,417.0,normalDay
2022-11-23,8668.0,-1962.0,0.0,100,402.42,421.0,0,0.0,0.0,,0.0,1,2.22,3.26,SPY221230C00417000,417.0,normalDay
2022-11-25,8668.0,-1947.0,0.0,100,402.33,421.0,0,0.0,0.0,,0.0,1,2.22,3.02,SPY221230C00417000,417.0,normalDay
2022-11-28,8668.0,-2457.0,0.0,100,395.91,421.0,0,0.0,0.0,,0.0,1,2.22,1.7,SPY221230C00417000,417.0,normalDay
2022-11-29,8668.0,-2500.0,0.0,100,395.23,421.0,0,0.0,0.0,,0.0,1,2.22,1.45,SPY221230C00417000,417.0,normalDay
2022-11-30,8668.0,-1562.0,0.0,100,407.68,421.0,0,0.0,0.0,,0.0,1,2.22,4.52,SPY221230C00417000,417.0,normalDay
2022-12-01,8668.0,-1530.0,0.0,100,407.38,421.0,0,0.0,0.0,,0.0,1,2.22,3.9,SPY221230C00417000,417.0,normalDay
2022-12-02,8668.0,-1501.0,0.0,100,406.91,421.0,0,0.0,0.0,,0.0,1,2.22,3.14,SPY221230C00417000,417.0,normalDay
2022-12-05,8668.0,-2065.0,0.0,100,399.59,421.0,0,0.0,0.0,,0.0,1,2.22,1.46,SPY221230C00417000,417.0,normalDay
2022-12-06,8668.0,-2580.0,0.0,100,393.83,421.0,0,0.0,0.0,,0.0,1,2.22,0.85,SPY221230C00417000,417.0,normalDay
2022-12-07,8668.0,-2638.0,0.0,100,393.16,421.0,0,0.0,0.0,,0.0,1,2.22,0.76,SPY221230C00417000,417.0,normalDay
2022-12-08,8668.0,-2351.0,0.0,100,396.24,421.0,0,0.0,0.0,,0.0,1,2.22,0.97,SPY221230C00417000,417.0,normalDay
2022-12-09,8668.0,-2613.0,0.0,100,393.28,421.0,0,0.0,0.0,,0.0,1,2.22,0.63,SPY221230C00417000,417.0,normalDay
2022-12-12,8668.0,-2144.0,0.0,100,398.95,421.0,0,0.0,0.0,,0.0,1,2.22,1.61,SPY221230C00417000,417.0,normalDay
2022-12-13,8668.0,-1829.0,0.0,100,401.97,421.0,0,0.0,0.0,,0.0,1,2.22,1.48,SPY221230C00417000,417.0,normalDay
2022-12-14,8668.0,-2003.0,0.0,100,399.4,421.0,0,0.0,0.0,,0.0,1,2.22,0.65,SPY221230C00417000,417.0,normalDay
2022-12-15,8668.0,-2932.0,0.0,100,389.63,421.0,0,0.0,0.0,,0.0,1,2.22,0.17,SPY221230C00417000,417.0,normalDay
2022-12-16,8668.0,-3558.0,0.0,100,383.27,421.0,0,0.0,0.0,,0.0,1,2.22,0.07,SPY221230C00417000,417.0,normalDay
2022-12-19,8668.0,-3880.0,0.0,100,380.02,421.0,0,0.0,0.0,,0.0,1,2.22,0.04,SPY221230C00417000,417.0,normalDay
2022-12-20,8668.0,-3828.0,0.0,100,380.54,421.0,0,0.0,0.0,,0.0,1,2.22,0.04,SPY221230C00417000,417.0,normalDay
2022-12-21,8668.0,-3259.0,0.0,100,386.23,421.0,0,0.0,0.0,,0.0,1,2.22,0.04,SPY221230C00417000,417.0,normalDay
2022-12-22,8668.0,-3809.0,0.0,100,380.72,421.0,0,0.0,0.0,,0.0,1,2.22,0.03,SPY221230C00417000,417.0,normalDay
2022-12-23,8668.0,-3588.0,0.0,100,382.91,421.0,0,0.0,0.0,,0.0,1,2.22,0.01,SPY221230C00417000,417.0,normalDay
2022-12-27,8668.0,-3739.0,0.0,100,381.4,421.0,0,0.0,0.0,,0.0,1,2.22,0.01,SPY221230C00417000,417.0,normalDay
2022-12-28,8668.0,-4213.0,0.0,100,376.66,421.0,0,0.0,0.0,,0.0,1,2.22,0.01,SPY221230C00417000,417.0,normalDay
2022-12-29,8668.0,-3535.0,0.0,100,383.44,421.0,0,0.0,0.0,,0.0,1,2.22,0.01,SPY221230C00417000,417.0,normalDay
2022-12-30,8890.0,-3857.0,222.0,100,382.43,421.0,0,0.0,0.0,,0.0,1,2.22,0.0,SPY221230C00417000,417.0,expirationDay
2023-01-03,8890.0,-4021.0,0.0,100,380.82,421.0,0,0.0,0.0,,0.0,1,1.21,1.24,SPY230217C00416000,416.0,normalDay
2023-01-04,8890.0,-3747.0,0.0,100,383.76,421.0,0,0.0,0.0,,0.0,1,1.21,1.44,SPY230217C00416000,416.0,normalDay
2023-01-05,8890.0,-4136.0,0.0,100,379.38,421.0,0,0.0,0.0,,0.0,1,1.21,0.95,SPY230217C00416000,416.0,normalDay
2023-01-06,8890.0,-3344.0,0.0,100,388.08,421.0,0,0.0,0.0,,0.0,1,1.21,1.73,SPY230217C00416000,416.0,normalDay
2023-01-09,8890.0,-3361.0,0.0,100,387.86,421.0,0,0.0,0.0,,0.0,1,1.21,1.68,SPY230217C00416000,416.0,normalDay
2023-01-10,8890.0,-3098.0,0.0,100,390.58,421.0,0,0.0,0.0,,0.0,1,1.21,1.77,SPY230217C00416000,416.0,normalDay
2023-01-11,8890.0,-2714.0,0.0,100,395.52,421.0,0,0.0,0.0,,0.0,1,1.21,2.87,SPY230217C00416000,416.0,normalDay
2023-01-12,8890.0,-2521.0,0.0,100,396.96,421.0,0,0.0,0.0,,0.0,1,1.21,2.38,SPY230217C00416000,416.0,normalDay
2023-01-13,8890.0,-2352.0,0.0,100,398.5,421.0,0,0.0,0.0,,0.0,1,1.21,2.23,SPY230217C00416000,416.0,normalDay
2023-01-17,8890.0,-2393.0,0.0,100,397.77,421.0,0,0.0,0.0,,0.0,1,1.21,1.91,SPY230217C00416000,416.0,normalDay
2023-01-18,8890.0,-2926.0,0.0,100,391.49,421.0,0,0.0,0.0,,0.0,1,1.21,0.96,SPY230217C00416000,416.0,normalDay
2023-01-19,8890.0,-3175.0,0.0,100,388.64,421.0,0,0.0,0.0,,0.0,1,1.21,0.6,SPY230217C00416000,416.0,normalDay
2023-01-20,8890.0,-2521.0,0.0,100,395.88,421.0,0,0.0,0.0,,0.0,1,1.21,1.3,SPY230217C00416000,416.0,normalDay
2023-01-23,8890.0,-2126.0,0.0,100,400.63,421.0,0,0.0,0.0,,0.0,1,1.21,2.1,SPY230217C00416000,416.0,normalDay
2023-01-24,8890.0,-2169.0,0.0,100,400.2,421.0,0,0.0,0.0,,0.0,1,1.21,2.1,SPY230217C00416000,416.0,normalDay
2023-01-25,8890.0,-2122.0,0.0,100,400.35,421.0,0,0.0,0.0,,0.0,1,1.21,1.78,SPY230217C00416000,416.0,normalDay
2023-01-26,8890.0,-1769.0,0.0,100,404.75,421.0,0,0.0,0.0,,0.0,1,1.21,2.65,SPY230217C00416000,416.0,normalDay
2023-01-27,8890.0,-1693.0,0.0,100,405.68,421.0,0,0.0,0.0,,0.0,1,1.21,2.82,SPY230217C00416000,416.0,normalDay
2023-01-30,8890.0,-2096.0,0.0,100,400.59,421.0,0,0.0,0.0,,0.0,1,1.21,1.76,SPY230217C00416000,416.0,normalDay
2023-01-31,8890.0,-1613.0,0.0,100,406.48,421.0,0,0.0,0.0,,0.0,1,1.21,2.82,SPY230217C00416000,416.0,normalDay
2023-02-01,8890.0,-1324.0,0.0,100,410.8,421.0,0,0.0,0.0,,0.0,1,1.21,4.25,SPY230217C00416000,416.0,normalDay
2023-02-02,8890.0,-913.0,0.0,100,416.78,421.0,0,0.0,0.0,,0.0,1,1.21,6.12,SPY230217C00416000,416.0,normalDay
2023-02-03,8890.0,-1167.0,0.0,100,412.35,421.0,0,0.0,0.0,,0.0,1,1.21,4.23,SPY230217C00416000,416.0,normalDay
2023-02-06,8890.0,-1307.0,0.0,100,409.83,421.0,0,0.0,0.0,,0.0,1,1.21,3.11,SPY230217C00416000,416.0,normalDay
2023-02-07,8890.0,-926.0,0.0,100,415.19,421.0,0,0.0,0.0,,0.0,1,1.21,4.66,SPY230217C00416000,416.0,normalDay
2023-02-08,8890.0,-1222.0,0.0,100,410.65,421.0,0,0.0,0.0,,0.0,1,1.21,3.08,SPY230217C00416000,416.0,normalDay
2023-02-09,8890.0,-1478.0,0.0,100,407.09,421.0,0,0.0,0.0,,0.0,1,1.21,2.08,SPY230217C00416000,416.0,normalDay
2023-02-10,8890.0,-1354.0,0.0,100,408.04,421.0,0,0.0,0.0,,0.0,1,1.21,1.79,SPY230217C00416000,416.0,normalDay
2023-02-13,8890.0,-1009.0,0.0,100,412.83,421.0,0,0.0,0.0,,0.0,1,1.21,3.13,SPY230217C00416000,416.0,normalDay
2023-02-14,8890.0,-851.0,0.0,100,412.64,421.0,0,0.0,0.0,,0.0,1,1.21,1.36,SPY230217C00416000,416.0,normalDay
2023-02-15,8890.0,-721.0,0.0,100,413.98,421.0,0,0.0,0.0,,0.0,1,1.21,1.4,SPY230217C00416000,416.0,normalDay
2023-02-16,8890.0,-1162.0,0.0,100,408.28,421.0,0,0.0,0.0,,0.0,1,1.21,0.11,SPY230217C00416000,416.0,normalDay
2023-02-17,9011.0,-1374.0,121.0,100,407.26,421.0,0,0.0,0.0,,0.0,1,1.21,0.0,SPY230217C00416000,416.0,expirationDay
2023-02-21,9011.0,-2195.0,0.0,100,399.09,421.0,0,0.0,0.0,,0.0,1,1.12,1.16,SPY230331C00426000,426.0,normalDay
2023-02-22,9011.0,-2221.0,0.0,100,398.54,421.0,0,0.0,0.0,,0.0,1,1.12,0.87,SPY230331C00426000,426.0,normalDay
2023-02-23,9011.0,-2014.0,0.0,100,400.66,421.0,0,0.0,0.0,,0.0,1,1.12,0.92,SPY230331C00426000,426.0,normalDay
2023-02-24,9011.0,-2408.0,0.0,100,396.38,421.0,0,0.0,0.0,,0.0,1,1.12,0.58,SPY230331C00426000,426.0,normalDay
2023-02-27,9011.0,-2270.0,0.0,100,397.73,421.0,0,0.0,0.0,,0.0,1,1.12,0.55,SPY230331C00426000,426.0,normalDay
2023-02-28,9011.0,-2399.0,0.0,100,396.26,421.0,0,0.0,0.0,,0.0,1,1.12,0.37,SPY230331C00426000,426.0,normalDay
2023-03-01,9011.0,-2545.0,0.0,100,394.74,421.0,0,0.0,0.0,,0.0,1,1.12,0.31,SPY230331C00426000,426.0,normalDay
2023-03-02,9011.0,-2245.0,0.0,100,397.81,421.0,0,0.0,0.0,,0.0,1,1.12,0.38,SPY230331C00426000,426.0,normalDay
2023-03-03,9011.0,-1650.0,0.0,100,404.19,421.0,0,0.0,0.0,,0.0,1,1.12,0.81,SPY230331C00426000,426.0,normalDay
2023-03-06,9011.0,-1618.0,0.0,100,404.47,421.0,0,0.0,0.0,,0.0,1,1.12,0.77,SPY230331C00426000,426.0,normalDay
2023-03-07,9011.0,-2196.0,0.0,100,398.27,421.0,0,0.0,0.0,,0.0,1,1.12,0.35,SPY230331C00426000,426.0,normalDay
2023-03-08,9011.0,-2127.0,0.0,100,398.92,421.0,0,0.0,0.0,,0.0,1,1.12,0.31,SPY230331C00426000,426.0,normalDay
2023-03-09,9011.0,-2849.0,0.0,100,391.56,421.0,0,0.0,0.0,,0.0,1,1.12,0.17,SPY230331C00426000,426.0,normalDay
2023-03-10,9011.0,-3405.0,0.0,100,385.91,421.0,0,0.0,0.0,,0.0,1,1.12,0.08,SPY230331C00426000,426.0,normalDay
2023-03-13,9011.0,-3461.0,0.0,100,385.36,421.0,0,0.0,0.0,,0.0,1,1.12,0.09,SPY230331C00426000,426.0,normalDay
2023-03-14,9011.0,-2821.0,0.0,100,391.73,421.0,0,0.0,0.0,,0.0,1,1.12,0.06,SPY230331C00426000,426.0,normalDay
2023-03-15,9011.0,-3065.0,0.0,100,389.28,421.0,0,0.0,0.0,,0.0,1,1.12,0.05,SPY230331C00426000,426.0,normalDay
2023-03-16,9011.0,-2387.0,0.0,100,396.11,421.0,0,0.0,0.0,,0.0,1,1.12,0.1,SPY230331C00426000,426.0,normalDay
2023-03-17,9011.0,-2994.0,0.0,100,389.99,421.0,0,0.0,0.0,,0.0,1,1.12,0.05,SPY230331C00426000,426.0,normalDay
2023-03-20,9011.0,-2619.0,0.0,100,393.74,421.0,0,0.0,0.0,,0.0,1,1.12,0.05,SPY230331C00426000,426.0,normalDay
2023-03-21,9011.0,-2106.0,0.0,100,398.91,421.0,0,0.0,0.0,,0.0,1,1.12,0.09,SPY230331C00426000,426.0,normalDay
2023-03-22,9011.0,-2779.0,0.0,100,392.11,421.0,0,0.0,0.0,,0.0,1,1.12,0.02,SPY230331C00426000,426.0,normalDay
2023-03-23,9011.0,-2674.0,0.0,100,393.17,421.0,0,0.0,0.0,,0.0,1,1.12,0.03,SPY230331C00426000,426.0,normalDay
2023-03-24,9011.0,-2414.0,0.0,100,395.75,421.0,0,0.0,0.0,,0.0,1,1.12,0.01,SPY230331C00426000,426.0,normalDay
2023-03-27,9011.0,-2340.0,0.0,100,396.49,421.0,0,0.0,0.0,,0.0,1,1.12,0.01,SPY230331C00426000,426.0,normalDay
2023-03-28,9011.0,-2429.0,0.0,100,395.6,421.0,0,0.0,0.0,,0.0,1,1.12,0.01,SPY230331C00426000,426.0,normalDay
2023-03-29,9011.0,-1854.0,0.0,100,401.35,421.0,0,0.0,0.0,,0.0,1,1.12,0.01,SPY230331C00426000,426.0,normalDay
2023-03-30,9011.0,-1619.0,0.0,100,403.7,421.0,0,0.0,0.0,,0.0,1,1.12,0.01,SPY230331C00426000,426.0,normalDay
2023-03-31,9123.0,-1161.0,112.0,100,409.39,421.0,0,0.0,0.0,,0.0,1,1.12,0.0,SPY230331C00426000,426.0,expirationDay
2023-04-03,9123.0,-1009.0,0.0,100,410.95,421.0,0,0.0,0.0,,0.0,1,6.74,6.78,SPY230519C00419000,419.0,normalDay
2023-04-04,9123.0,-1129.0,0.0,100,408.67,421.0,0,0.0,0.0,,0.0,1,6.74,5.7,SPY230519C00419000,419.0,normalDay
2023-04-05,9123.0,-1174.0,0.0,100,407.6,421.0,0,0.0,0.0,,0.0,1,6.74,5.08,SPY230519C00419000,419.0,normalDay
2023-04-06,9123.0,-1043.0,0.0,100,409.19,421.0,0,0.0,0.0,,0.0,1,6.74,5.36,SPY230519C00419000,419.0,normalDay
2023-04-10,9123.0,-1004.0,0.0,100,409.61,421.0,0,0.0,0.0,,0.0,1,6.74,5.39,SPY230519C00419000,419.0,normalDay
2023-04-11,9123.0,-981.0,0.0,100,409.72,421.0,0,0.0,0.0,,0.0,1,6.74,5.27,SPY230519C00419000,419.0,normalDay
2023-04-12,9123.0,-1038.0,0.0,100,408.05,421.0,0,0.0,0.0,,0.0,1,6.74,4.17,SPY230519C00419000,419.0,normalDay
2023-04-13,9123.0,-686.0,0.0,100,413.47,421.0,0,0.0,0.0,,0.0,1,6.74,6.07,SPY230519C00419000,419.0,normalDay
2023-04-14,9123.0,-704.0,0.0,100,412.46,421.0,0,0.0,0.0,,0.0,1,6.74,5.24,SPY230519C00419000,419.0,normalDay
2023-04-17,9123.0,-575.0,0.0,100,413.94,421.0,0,0.0,0.0,,0.0,1,6.74,5.43,SPY230519C00419000,419.0,normalDay
2023-04-18,9123.0,-518.0,0.0,100,414.21,421.0,0,0.0,0.0,,0.0,1,6.74,5.13,SPY230519C00419000,419.0,normalDay
2023-04-19,9123.0,-501.0,0.0,100,414.14,421.0,0,0.0,0.0,,0.0,1,6.74,4.89,SPY230519C00419000,419.0,normalDay
2023-04-20,9123.0,-636.0,0.0,100,411.88,421.0,0,0.0,0.0,,0.0,1,6.74,3.98,SPY230519C00419000,419.0,normalDay
2023-04-21,9123.0,-573.0,0.0,100,412.2,421.0,0,0.0,0.0,,0.0,1,6.74,3.67,SPY230519C00419000,419.0,normalDay
2023-04-24,9123.0,-519.0,0.0,100,412.63,421.0,0,0.0,0.0,,0.0,1,6.74,3.56,SPY230519C00419000,419.0,normalDay
2023-04-25,9123.0,-1022.0,0.0,100,406.08,421.0,0,0.0,0.0,,0.0,1,6.74,2.04,SPY230519C00419000,419.0,normalDay
2023-04-26,9123.0,-1115.0,0.0,100,404.36,421.0,0,0.0,0.0,,0.0,1,6.74,1.25,SPY230519C00419000,419.0,normalDay
2023-04-27,9123.0,-519.0,0.0,100,412.41,421.0,0,0.0,0.0,,0.0,1,6.74,3.34,SPY230519C00419000,419.0,normalDay
2023-04-28,9123.0,-254.0,0.0,100,415.93,421.0,0,0.0,0.0,,0.0,1,6.74,4.21,SPY230519C00419000,419.0,normalDay
2023-05-01,9123.0,-243.0,0.0,100,415.51,421.0,0,0.0,0.0,,0.0,1,6.74,3.68,SPY230519C00419000,419.0,normalDay
2023-05-02,9123.0,-553.0,0.0,100,410.84,421.0,0,0.0,0.0,,0.0,1,6.74,2.11,SPY230519C00419000,419.0,normalDay
2023-05-03,9123.0,-768.0,0.0,100,408.02,421.0,0,0.0,0.0,,0.0,1,6.74,1.44,SPY230519C00419000,419.0,normalDay
2023-05-04,9123.0,-986.0,0.0,100,405.13,421.0,0,0.0,0.0,,0.0,1,6.74,0.73,SPY230519C00419000,419.0,normalDay
2023-05-05,9123.0,-329.0,0.0,100,412.63,421.0,0,0.0,0.0,,0.0,1,6.74,1.66,SPY230519C00419000,419.0,normalDay
2023-05-08,9123.0,-285.0,0.0,100,412.74,421.0,0,0.0,0.0,,0.0,1,6.74,1.33,SPY230519C00419000,419.0,normalDay
2023-05-09,9123.0,-436.0,0.0,100,410.93,421.0,0,0.0,0.0,,0.0,1,6.74,1.03,SPY230519C00419000,419.0,normalDay
2023-05-10,9123.0,-245.0,0.0,100,412.85,421.0,0,0.0,0.0,,0.0,1,6.74,1.04,SPY230519C00419000,419.0,normalDay
2023-05-11,9123.0,-270.0,0.0,100,412.13,421.0,0,0.0,0.0,,0.0,1,6.74,0.57,SPY230519C00419000,419.0,normalDay
2023-05-12,9123.0,-292.0,0.0,100,411.59,421.0,0,0.0,0.0,,0.0,1,6.74,0.25,SPY230519C00419000,419.0,normalDay
2023-05-15,9123.0,-155.0,0.0,100,413.01,421.0,0,0.0,0.0,,0.0,1,6.74,0.3,SPY230519C00419000,419.0,normalDay
2023-05-16,9123.0,-411.0,0.0,100,410.25,421.0,0,0.0,0.0,,0.0,1,6.74,0.1,SPY230519C00419000,419.0,normalDay
2023-05-17,9123.0,56.0,0.0,100,415.23,421.0,0,0.0,0.0,,0.0,1,6.74,0.41,SPY230519C00419000,419.0,normalDay
2023-05-18,9123.0,360.0,0.0,100,419.23,421.0,0,0.0,0.0,,0.0,1,6.74,1.37,SPY230519C00419000,419.0,normalDay
2023-05-19,9797.0,-238.0,674.0,100,418.62,421.0,0,0.0,0.0,,0.0,1,6.74,0.0,SPY230519C00419000,419.0,expirationDay
2023-05-22,9797.0,-226.0,0.0,100,418.79,421.0,0,0.0,0.0,,0.0,1,3.69,3.74,SPY230630C00427000,427.0,normalDay
2023-05-23,9797.0,-546.0,0.0,100,414.09,421.0,0,0.0,0.0,,0.0,1,3.69,2.24,SPY230630C00427000,427.0,normalDay
2023-05-24,9797.0,-791.0,0.0,100,411.09,421.0,0,0.0,0.0,,0.0,1,3.69,1.69,SPY230630C00427000,427.0,normalDay
2023-05-25,9797.0,-488.0,0.0,100,414.65,421.0,0,0.0,0.0,,0.0,1,3.69,2.22,SPY230630C00427000,427.0,normalDay
2023-05-26,9797.0,-118.0,0.0,100,420.02,421.0,0,0.0,0.0,,0.0,1,3.69,3.89,SPY230630C00427000,427.0,normalDay
2023-05-30,9797.0,-63.0,0.0,100,420.18,421.0,0,0.0,0.0,,0.0,1,3.69,3.5,SPY230630C00427000,427.0,normalDay
2023-05-31,9797.0,-178.0,0.0,100,417.85,421.0,0,0.0,0.0,,0.0,1,3.69,2.32,SPY230630C00427000,427.0,normalDay
2023-06-01,9797.0,117.0,0.0,100,421.82,421.0,0,0.0,0.0,,0.0,1,3.69,3.34,SPY230630C00427000,427.0,normalDay
2023-06-02,9797.0,442.0,0.0,100,427.92,421.0,0,0.0,0.0,,0.0,1,3.69,6.19,SPY230630C00427000,427.0,normalDay
2023-06-05,9797.0,436.0,0.0,100,427.1,421.0,0,0.0,0.0,,0.0,1,3.69,5.43,SPY230630C00427000,427.0,normalDay
2023-06-06,9797.0,502.0,0.0,100,428.03,421.0,0,0.0,0.0,,0.0,1,3.69,5.7,SPY230630C00427000,427.0,normalDay
2023-06-07,9797.0,473.0,0.0,100,426.55,421.0,0,0.0,0.0,,0.0,1,3.69,4.51,SPY230630C00427000,427.0,normalDay
2023-06-08,9797.0,623.0,0.0,100,429.13,421.0,0,0.0,0.0,,0.0,1,3.69,5.59,SPY230630C00427000,427.0,normalDay
2023-06-09,9797.0,627.0,0.0,100,429.9,421.0,0,0.0,0.0,,0.0,1,3.69,6.32,SPY230630C00427000,427.0,normalDay
2023-06-12,9797.0,748.0,0.0,100,433.8,421.0,0,0.0,0.0,,0.0,1,3.69,9.01,SPY230630C00427000,427.0,normalDay
2023-06-13,9797.0,835.0,0.0,100,436.66,421.0,0,0.0,0.0,,0.0,1,3.69,11.0,SPY230630C00427000,427.0,normalDay
2023-06-14,9797.0,837.0,0.0,100,437.18,421.0,0,0.0,0.0,,0.0,1,3.69,11.5,SPY230630C00427000,427.0,normalDay
2023-06-15,9797.0,996.0,0.0,100,442.6,421.0,0,0.0,0.0,,0.0,1,3.69,15.33,SPY230630C00427000,427.0,normalDay
2023-06-16,9797.0,770.0,0.0,100,439.46,421.0,0,0.0,0.0,,0.0,1,3.69,14.45,SPY230630C00427000,427.0,normalDay
2023-06-20,9797.0,855.0,0.0,100,437.18,421.0,0,0.0,0.0,,0.0,1,3.69,11.32,SPY230630C00427000,427.0,normalDay
2023-06-21,9797.0,807.0,0.0,100,434.94,421.0,0,0.0,0.0,,0.0,1,3.69,9.56,SPY230630C00427000,427.0,normalDay
2023-06-22,9797.0,892.0,0.0,100,436.51,421.0,0,0.0,0.0,,0.0,1,3.69,10.28,SPY230630C00427000,427.0,normalDay
2023-06-23,9797.0,849.0,0.0,100,433.21,421.0,0,0.0,0.0,,0.0,1,3.69,7.41,SPY230630C00427000,427.0,normalDay
2023-06-26,9797.0,840.0,0.0,100,431.44,421.0,0,0.0,0.0,,0.0,1,3.69,5.73,SPY230630C00427000,427.0,normalDay
2023-06-27,9797.0,931.0,0.0,100,436.17,421.0,0,0.0,0.0,,0.0,1,3.69,9.55,SPY230630C00427000,427.0,normalDay
2023-06-28,9797.0,880.0,0.0,100,436.39,421.0,0,0.0,0.0,,0.0,1,3.69,10.28,SPY230630C00427000,427.0,normalDay
2023-06-29,9797.0,935.0,0.0,100,438.11,421.0,0,0.0,0.0,,0.0,1,3.69,11.45,SPY230630C00427000,427.0,normalDay
2023-06-30,10766.0,935.0,969.0,0,443.28,0.0,0,0.0,0.0,,0.0,1,3.69,0.0,SPY230630C00427000,427.0,expirationDay
2023-07-03,10766.0,-502.0,0.0,0,443.79,0.0,1,12.48,17.5,SPY240628P00420000,420.0,0,0.0,0.0,,0.0,normalDay
2023-07-05,10766.0,-323.0,0.0,0,443.13,0.0,1,12.48,15.71,SPY240628P00420000,420.0,0,0.0,0.0,,0.0,normalDay
2023-07-06,10766.0,-458.0,0.0,0,439.66,0.0,1,12.48,17.06,SPY240628P00420000,420.0,0,0.0,0.0,,0.0,normalDay
2023-07-07,10766.0,-523.0,0.0,0,438.55,0.0,1,12.48,17.71,SPY240628P00420000,420.0,0,0.0,0.0,,0.0,normalDay
2023-07-10,10766.0,-438.0,0.0,0,439.66,0.0,1,12.48,16.86,SPY240628P00420000,420.0,0,0.0,0.0,,0.0,normalDay
2023-07-11,10766.0,-354.0,0.0,0,442.46,0.0,1,12.48,16.02,SPY240628P00420000,420.0,0,0.0,0.0,,0.0,normalDay
2023-07-12,10766.0,-223.0,0.0,0,446.02,0.0,1,12.48,14.71,SPY240628P00420000,420.0,0,0.0,0.0,,0.0,normalDay
2023-07-13,10766.0,-157.0,0.0,0,449.56,0.0,1,12.48,14.05,SPY240628P00420000,420.0,0,0.0,0.0,,0.0,normalDay
2023-07-14,10766.0,-233.0,0.0,0,449.28,0.0,1,12.48,14.81,SPY240628P00420000,420.0,0,0.0,0.0,,0.0,normalDay
2023-07-17,10766.0,-165.0,0.0,0,450.84,0.0,1,12.48,14.13,SPY240628P00420000,420.0,0,0.0,0.0,,0.0,normalDay
2023-07-18,10766.0,-73.0,0.0,0,454.19,0.0,1,12.48,13.21,SPY240628P00420000,420.0,0,0.0,0.0,,0.0,normalDay
2023-07-19,10766.0,-64.0,0.0,0,455.2,0.0,1,12.48,13.12,SPY240628P00420000,420.0,0,0.0,0.0,,0.0,normalDay
2023-07-20,10766.0,-116.0,0.0,0,452.18,0.0,1,12.48,13.64,SPY240628P00420000,420.0,0,0.0,0.0,,0.0,normalDay
2023-07-21,10766.0,-100.0,0.0,0,452.18,0.0,1,12.48,13.48,SPY240628P00420000,420.0,0,0.0,0.0,,0.0,normalDay
2023-07-24,10766.0,-39.0,0.0,0,454.2,0.0,1,12.48,12.87,SPY240628P00420000,420.0,0,0.0,0.0,,0.0,normalDay
2023-07-25,10766.0,-57.0,0.0,0,455.44,0.0,1,12.48,13.05,SPY240628P00420000,420.0,0,0.0,0.0,,0.0,normalDay
2023-07-26,10766.0,-103.0,0.0,0,455.51,0.0,1,12.48,13.51,SPY240628P00420000,420.0,0,0.0,0.0,,0.0,normalDay
2023-07-27,10766.0,-114.0,0.0,0,452.49,0.0,1,12.48,13.62,SPY240628P00420000,420.0,0,0.0,0.0,,0.0,normalDay
2023-07-28,10766.0,-31.0,0.0,0,456.92,0.0,1,12.48,12.79,SPY240628P00420000,420.0,0,0.0,0.0,,0.0,normalDay
2023-07-31,10766.0,2.0,0.0,0,457.79,0.0,1,12.48,12.46,SPY240628P00420000,420.0,0,0.0,0.0,,0.0,normalDay
2023-08-01,10766.0,-47.0,0.0,0,456.48,0.0,1,12.48,12.95,SPY240628P00420000,420.0,0,0.0,0.0,,0.0,normalDay
2023-08-02,10766.0,-251.0,0.0,0,450.13,0.0,1,12.48,14.99,SPY240628P00420000,420.0,0,0.0,0.0,,0.0,normalDay
2023-08-03,10766.0,-296.0,0.0,0,448.84,0.0,1,12.48,15.44,SPY240628P00420000,420.0,0,0.0,0.0,,0.0,normalDay
2023-08-04,10766.0,-393.0,0.0,0,446.81,0.0,1,12.48,16.41,SPY240628P00420000,420.0,0,0.0,0.0,,0.0,normalDay
2023-08-07,10766.0,-190.0,0.0,0,450.71,0.0,1,12.48,14.38,SPY240628P00420000,420.0,0,0.0,0.0,,0.0,normalDay
2023-08-08,10766.0,-266.0,0.0,0,448.75,0.0,1,12.48,15.14,SPY240628P00420000,420.0,0,0.0,0.0,,0.0,normalDay
2023-08-09,10766.0,-347.0,0.0,0,445.75,0.0,1,12.48,15.95,SPY240628P00420000,420.0,0,0.0,0.0,,0.0,normalDay
2023-08-10,10766.0,-281.0,0.0,0,445.91,0.0,1,12.48,15.29,SPY240628P00420000,420.0,0,0.0,0.0,,0.0,normalDay
2023-08-11,10766.0,-257.0,0.0,0,445.65,0.0,1,12.48,15.05,SPY240628P00420000,420.0,0,0.0,0.0,,0.0,normalDay
2023-08-14,10766.0,-184.0,0.0,0,448.11,0.0,1,12.48,14.32,SPY240628P00420000,420.0,0,0.0,0.0,,0.0,normalDay
2023-08-15,10766.0,-374.0,0.0,0,442.89,0.0,1,12.48,16.22,SPY240628P00420000,420.0,0,0.0,0.0,,0.0,normalDay
2023-08-16,10766.0,-498.0,0.0,0,439.64,0.0,1,12.48,17.46,SPY240628P00420000,420.0,0,0.0,0.0,,0.0,normalDay
2023-08-17,10766.0,-612.0,0.0,0,436.29,0.0,1,12.48,18.6,SPY240628P00420000,420.0,0,0.0,0.0,,0.0,normalDay
2023-08-18,10766.0,-594.0,0.0,0,436.5,0.0,1,12.48,18.42,SPY240628P00420000,420.0,0,0.0,0.0,,0.0,normalDay
2023-08-21,10766.0,-483.0,0.0,0,439.34,0.0,1,12.48,17.31,SPY240628P00420000,420.0,0,0.0,0.0,,0.0,normalDay
2023-08-22,10766.0,-519.0,0.0,0,438.15,0.0,1,12.48,17.67,SPY240628P00420000,420.0,0,0.0,0.0,,0.0,normalDay
2023-08-23,10766.0,-382.0,0.0,0,443.03,0.0,1,12.48,16.3,SPY240628P00420000,420.0,0,0.0,0.0,,0.0,normalDay
2023-08-24,10766.0,-525.0,0.0,0,436.89,0.0,1,12.48,17.73,SPY240628P00420000,420.0,0,0.0,0.0,,0.0,normalDay
2023-08-25,10766.0,-354.0,0.0,0,439.97,0.0,1,12.48,16.02,SPY240628P00420000,420.0,0,0.0,0.0,,0.0,normalDay
2023-08-28,10766.0,-256.0,0.0,0,442.76,0.0,1,12.48,15.04,SPY240628P00420000,420.0,0,0.0,0.0,,0.0,normalDay
2023-08-29,10766.0,-95.0,0.0,0,449.16,0.0,1,12.48,13.43,SPY240628P00420000,420.0,0,0.0,0.0,,0.0,normalDay
2023-08-30,10766.0,-23.0,0.0,0,451.01,0.0,1,12.48,12.71,SPY240628P00420000,420.0,0,0.0,0.0,,0.0,normalDay
2023-08-31,10766.0,-20.0,0.0,0,450.35,0.0,1,12.48,12.68,SPY240628P00420000,420.0,0,0.0,0.0,,0.0,normalDay
2023-09-01,10766.0,8.0,0.0,0,451.19,0.0,1,12.48,12.4,SPY240628P00420000,420.0,0,0.0,0.0,,0.0,normalDay
2023-09-05,10766.0,-23.0,0.0,0,449.24,0.0,1,12.48,12.71,SPY240628P00420000,420.0,0,0.0,0.0,,0.0,normalDay
2023-09-06,10766.0,-129.0,0.0,0,446.22,0.0,1,12.48,13.77,SPY240628P00420000,420.0,0,0.0,0.0,,0.0,normalDay
2023-09-07,10766.0,-180.0,0.0,0,444.85,0.0,1,12.48,14.28,SPY240628P00420000,420.0,0,0.0,0.0,,0.0,normalDay
2023-09-08,10766.0,-94.0,0.0,0,445.52,0.0,1,12.48,13.42,SPY240628P00420000,420.0,0,0.0,0.0,,0.0,normalDay
2023-09-11,10766.0,15.0,0.0,0,448.45,0.0,1,12.48,12.33,SPY240628P00420000,420.0,0,0.0,0.0,,0.0,normalDay
2023-09-12,10766.0,-45.0,0.0,0,445.99,0.0,1,12.48,12.93,SPY240628P00420000,420.0,0,0.0,0.0,,0.0,normalDay
2023-09-13,10766.0,-42.0,0.0,0,446.51,0.0,1,12.48,12.9,SPY240628P00420000,420.0,0,0.0,0.0,,0.0,normalDay
2023-09-14,10766.0,63.0,0.0,0,450.36,0.0,1,12.48,11.85,SPY240628P00420000,420.0,0,0.0,0.0,,0.0,normalDay
2023-09-15,10766.0,-78.0,0.0,0,443.37,0.0,1,12.48,13.26,SPY240628P00420000,420.0,0,0.0,0.0,,0.0,normalDay
2023-09-18,10766.0,-55.0,0.0,0,443.63,0.0,1,12.48,13.03,SPY240628P00420000,420.0,0,0.0,0.0,,0.0,normalDay
2023-09-19,10766.0,-64.0,0.0,0,442.71,0.0,1,12.48,13.12,SPY240628P00420000,420.0,0,0.0,0.0,,0.0,normalDay
2023-09-20,10766.0,-191.0,0.0,0,438.64,0.0,1,12.48,14.39,SPY240628P00420000,420.0,0,0.0,0.0,,0.0,normalDay
2023-09-21,10766.0,-445.0,0.0,0,431.39,0.0,1,12.48,16.93,SPY240628P00420000,420.0,0,0.0,0.0,,0.0,normalDay
2023-09-22,10766.0,-488.0,0.0,0,430.42,0.0,1,12.48,17.36,SPY240628P00420000,420.0,0,0.0,0.0,,0.0,normalDay
2023-09-25,10766.0,-417.0,0.0,0,432.23,0.0,1,12.48,16.65,SPY240628P00420000,420.0,0,0.0,0.0,,0.0,normalDay
2023-09-26,10766.0,-732.0,0.0,0,425.88,0.0,1,12.48,19.8,SPY240628P00420000,420.0,0,0.0,0.0,,0.0,normalDay
2023-09-27,10766.0,-701.0,0.0,0,426.05,0.0,1,12.48,19.49,SPY240628P00420000,420.0,0,0.0,0.0,,0.0,normalDay
2023-09-28,10766.0,-570.0,0.0,0,428.52,0.0,1,12.48,18.18,SPY240628P00420000,420.0,0,0.0,0.0,,0.0,normalDay
2023-09-29,10766.0,-642.0,0.0,0,427.48,0.0,1,12.48,18.9,SPY240628P00420000,420.0,0,0.0,0.0,,0.0,normalDay
2023-10-02,10766.0,-562.0,0.0,0,427.31,0.0,1,12.48,18.1,SPY240628P00420000,420.0,0,0.0,0.0,,0.0,normalDay
2023-10-03,10766.0,-854.0,0.0,0,421.59,0.0,1,12.48,21.02,SPY240628P00420000,420.0,0,0.0,0.0,,0.0,normalDay
2023-10-04,10766.0,-731.0,0.0,0,424.66,0.0,1,12.48,19.79,SPY240628P00420000,420.0,0,0.0,0.0,,0.0,normalDay
2023-10-05,10766.0,-734.0,0.0,0,424.5,0.0,1,12.48,19.82,SPY240628P00420000,420.0,0,0.0,0.0,,0.0,normalDay
2023-10-06,10766.0,-514.0,0.0,0,429.54,0.0,1,12.48,17.62,SPY240628P00420000,420.0,0,0.0,0.0,,0.0,normalDay
2023-10-09,10766.0,-433.0,0.0,0,432.29,0.0,1,12.48,16.81,SPY240628P00420000,420.0,0,0.0,0.0,,0.0,normalDay
2023-10-10,10766.0,-342.0,0.0,0,434.54,0.0,1,12.48,15.9,SPY240628P00420000,420.0,0,0.0,0.0,,0.0,normalDay
2023-10-11,10766.0,-248.0,0.0,0,436.32,0.0,1,12.48,14.96,SPY240628P00420000,420.0,0,0.0,0.0,,0.0,normalDay
2023-10-12,10766.0,-347.0,0.0,0,433.66,0.0,1,12.48,15.95,SPY240628P00420000,420.0,0,0.0,0.0,,0.0,normalDay
2023-10-13,10766.0,-522.0,0.0,0,431.5,0.0,1,12.48,17.7,SPY240628P00420000,420.0,0,0.0,0.0,,0.0,normalDay
2023-10-16,10766.0,-295.0,0.0,0,436.04,0.0,1,12.48,15.43,SPY240628P00420000,420.0,0,0.0,0.0,,0.0,normalDay
2023-10-17,10766.0,-301.0,0.0,0,436.02,0.0,1,12.48,15.49,SPY240628P00420000,420.0,0,0.0,0.0,,0.0,normalDay
2023-10-18,10766.0,-542.0,0.0,0,430.21,0.0,1,12.48,17.9,SPY240628P00420000,420.0,0,0.0,0.0,,0.0,normalDay
2023-10-19,10766.0,-787.0,0.0,0,426.43,0.0,1,12.48,20.35,SPY240628P00420000,420.0,0,0.0,0.0,,0.0,normalDay
2023-10-20,10766.0,-931.0,0.0,0,421.19,0.0,1,12.48,21.79,SPY240628P00420000,420.0,0,0.0,0.0,,0.0,normalDay
2023-10-23,10766.0,-873.0,0.0,0,420.46,0.0,1,12.48,21.21,SPY240628P00420000,420.0,0,0.0,0.0,,0.0,normalDay
2023-10-24,10766.0,-821.0,0.0,0,423.63,0.0,1,12.48,20.69,SPY240628P00420000,420.0,0,0.0,0.0,,0.0,normalDay
2023-10-25,10766.0,-1042.0,0.0,0,417.55,0.0,1,12.48,22.9,SPY240628P00420000,420.0,0,0.0,0.0,,0.0,normalDay
2023-10-26,10766.0,-1202.0,0.0,0,412.55,0.0,1,12.48,24.5,SPY240628P00420000,420.0,0,0.0,0.0,,0.0,normalDay
2023-10-27,10766.0,-1302.0,0.0,0,410.68,0.0,1,12.48,25.5,SPY240628P00420000,420.0,0,0.0,0.0,,0.0,normalDay
2023-10-30,10766.0,-1050.0,0.0,0,415.59,0.0,1,12.48,22.98,SPY240628P00420000,420.0,0,0.0,0.0,,0.0,normalDay
2023-10-31,10766.0,-868.0,0.0,0,418.2,0.0,1,12.48,21.16,SPY240628P00420000,420.0,0,0.0,0.0,,0.0,normalDay
2023-11-01,10766.0,-640.0,0.0,0,422.66,0.0,1,12.48,18.88,SPY240628P00420000,420.0,0,0.0,0.0,,0.0,normalDay
2023-11-02,10766.0,-286.0,0.0,0,430.76,0.0,1,12.48,15.34,SPY240628P00420000,420.0,0,0.0,0.0,,0.0,normalDay
2023-11-03,10766.0,-143.0,0.0,0,434.69,0.0,1,12.48,13.91,SPY240628P00420000,420.0,0,0.0,0.0,,0.0,normalDay
2023-11-06,10766.0,-97.0,0.0,0,435.69,0.0,1,12.48,13.45,SPY240628P00420000,420.0,0,0.0,0.0,,0.0,normalDay
2023-11-07,10766.0,-57.0,0.0,0,436.93,0.0,1,12.48,13.05,SPY240628P00420000,420.0,0,0.0,0.0,,0.0,normalDay
2023-11-08,10766.0,-26.0,0.0,0,437.25,0.0,1,12.48,12.74,SPY240628P00420000,420.0,0,0.0,0.0,,0.0,normalDay
2023-11-09,10766.0,-140.0,0.0,0,433.84,0.0,1,12.48,13.88,SPY240628P00420000,420.0,0,0.0,0.0,,0.0,normalDay
2023-11-10,10766.0,87.0,0.0,0,440.61,0.0,1,12.48,11.61,SPY240628P00420000,420.0,0,0.0,0.0,,0.0,normalDay
2023-11-13,10766.0,80.0,0.0,0,440.19,0.0,1,12.48,11.68,SPY240628P00420000,420.0,0,0.0,0.0,,0.0,normalDay
2023-11-14,10766.0,278.0,0.0,0,448.73,0.0,1,12.48,9.7,SPY240628P00420000,420.0,0,0.0,0.0,,0.0,normalDay
2023-11-15,10766.0,279.0,0.0,0,449.68,0.0,1,12.48,9.69,SPY240628P00420000,420.0,0,0.0,0.0,,0.0,normalDay
2023-11-16,10766.0,299.0,0.0,0,450.23,0.0,1,12.48,9.49,SPY240628P00420000,420.0,0,0.0,0.0,,0.0,normalDay
2023-11-17,10766.0,324.0,0.0,0,450.79,0.0,1,12.48,9.24,SPY240628P00420000,420.0,0,0.0,0.0,,0.0,normalDay
2023-11-20,10766.0,387.0,0.0,0,454.26,0.0,1,12.48,8.61,SPY240628P00420000,420.0,0,0.0,0.0,,0.0,normalDay
2023-11-21,10766.0,380.0,0.0,0,453.27,0.0,1,12.48,8.68,SPY240628P00420000,420.0,0,0.0,0.0,,0.0,normalDay
2023-11-22,10766.0,418.0,0.0,0,455.02,0.0,1,12.48,8.3,SPY240628P00420000,420.0,0,0.0,0.0,,0.0,normalDay
2023-11-24,10766.0,433.0,0.0,0,455.3,0.0,1,12.48,8.15,SPY240628P00420000,420.0,0,0.0,0.0,,0.0,normalDay
2023-11-27,10766.0,426.0,0.0,0,454.48,0.0,1,12.48,8.22,SPY240628P00420000,420.0,0,0.0,0.0,,0.0,normalDay
2023-11-28,10766.0,435.0,0.0,0,454.93,0.0,1,12.48,8.13,SPY240628P00420000,420.0,0,0.0,0.0,,0.0,normalDay
2023-11-29,10766.0,447.0,0.0,0,454.61,0.0,1,12.48,8.01,SPY240628P00420000,420.0,0,0.0,0.0,,0.0,normalDay
2023-11-30,10766.0,448.0,0.0,0,456.4,0.0,1,12.48,8.0,SPY240628P00420000,420.0,0,0.0,0.0,,0.0,normalDay
