date,totalCapital,unrializedPnL,rializedPnL,stocksOwned,stocksPriceToday,stocksPriceBoughtAt,putOwned,putOwnedSoldAt,putPriceToday,putOwnedContract,putOwnedStrike,callOwned,callOwnedSoldAt,callPriceToday,callOwnedContract,callOwnedStrike,trackType
2018-11-01,0.0,-8.0,0.0,0,273.51,0.0,1,3.95,4.03,SPY181119P00273000,273.0,0,0.0,0.0,,0.0,normalDay
2018-11-02,0.0,-57.0,0.0,0,271.89,0.0,1,3.95,4.52,SPY181119P00273000,273.0,0,0.0,0.0,,0.0,normalDay
2018-11-05,0.0,47.0,0.0,0,273.39,0.0,1,3.95,3.48,SPY181119P00273000,273.0,0,0.0,0.0,,0.0,normalDay
2018-11-06,0.0,124.0,0.0,0,275.12,0.0,1,3.95,2.71,SPY181119P00273000,273.0,0,0.0,0.0,,0.0,normalDay
2018-11-07,0.0,323.0,0.0,0,281.01,0.0,1,3.95,0.72,SPY181119P00273000,273.0,0,0.0,0.0,,0.0,normalDay
2018-11-08,0.0,324.0,0.0,0,280.5,0.0,1,3.95,0.71,SPY181119P00273000,273.0,0,0.0,0.0,,0.0,normalDay
2018-11-09,0.0,284.0,0.0,0,277.76,0.0,1,3.95,1.11,SPY181119P00273000,273.0,0,0.0,0.0,,0.0,normalDay
2018-11-12,0.0,108.0,0.0,0,272.57,0.0,1,3.95,2.87,SPY181119P00273000,273.0,0,0.0,0.0,,0.0,normalDay
2018-11-13,0.0,96.0,0.0,0,272.06,0.0,1,3.95,2.99,SPY181119P00273000,273.0,0,0.0,0.0,,0.0,normalDay
2018-11-14,0.0,-41.0,0.0,0,270.2,0.0,1,3.95,4.36,SPY181119P00273000,273.0,0,0.0,0.0,,0.0,normalDay
2018-11-15,0.0,211.0,0.0,0,273.02,0.0,1,3.95,1.84,SPY181119P00273000,273.0,0,0.0,0.0,,0.0,normalDay
2018-11-16,0.0,313.0,0.0,0,273.73,0.0,1,3.95,0.82,SPY181119P00273000,273.0,0,0.0,0.0,,0.0,normalDay
2018-11-19,395.0,-390.0,395.0,100,269.1,273.0,1,3.95,0.0,SPY181119P00273000,273.0,0,0.0,0.0,,0.0,expirationDay
2018-11-20,395.0,-891.0,0.0,100,264.12,273.0,0,0.0,0.0,,0.0,1,0.04,0.07,SPY181126C00274500,274.5,normalDay
2018-11-21,395.0,-796.0,0.0,100,265.02,273.0,0,0.0,0.0,,0.0,1,0.04,0.02,SPY181126C00274500,274.5,normalDay
2018-11-23,395.0,-972.0,0.0,100,263.25,273.0,0,0.0,0.0,,0.0,1,0.04,0.01,SPY181126C00274500,274.5,normalDay
2018-11-26,399.0,-550.0,4.0,100,267.5,273.0,0,0.0,0.0,,0.0,1,0.04,0.0,SPY181126C00274500,274.5,expirationDay
2018-11-27,399.0,-464.0,0.0,100,268.4,273.0,0,0.0,0.0,,0.0,1,0.49,0.53,SPY181203C00274000,274.0,normalDay
2018-11-28,399.0,-58.0,0.0,100,274.58,273.0,0,0.0,0.0,,0.0,1,0.49,2.65,SPY181203C00274000,274.0,normalDay
2018-11-29,399.0,-101.0,0.0,100,273.98,273.0,0,0.0,0.0,,0.0,1,0.49,2.48,SPY181203C00274000,274.0,normalDay
2018-11-30,399.0,-62.0,0.0,100,275.65,273.0,0,0.0,0.0,,0.0,1,0.49,3.76,SPY181203C00274000,274.0,normalDay
2018-12-03,548.0,-62.0,149.0,0,279.3,0.0,0,0.0,0.0,,0.0,1,0.49,0.0,SPY181203C00274000,274.0,expirationDay
2018-12-04,548.0,-8.0,0.0,0,270.25,0.0,1,5.54,5.62,SPY181221P00271000,271.0,0,0.0,0.0,,0.0,normalDay
2018-12-06,548.0,-6.0,0.0,0,269.84,0.0,1,5.54,5.6,SPY181221P00271000,271.0,0,0.0,0.0,,0.0,normalDay
2018-12-07,548.0,-450.0,0.0,0,263.57,0.0,1,5.54,10.04,SPY181221P00271000,271.0,0,0.0,0.0,,0.0,normalDay
2018-12-10,548.0,-329.0,0.0,0,264.07,0.0,1,5.54,8.83,SPY181221P00271000,271.0,0,0.0,0.0,,0.0,normalDay
2018-12-11,548.0,-319.0,0.0,0,264.13,0.0,1,5.54,8.73,SPY181221P00271000,271.0,0,0.0,0.0,,0.0,normalDay
2018-12-12,548.0,-251.0,0.0,0,265.46,0.0,1,5.54,8.05,SPY181221P00271000,271.0,0,0.0,0.0,,0.0,normalDay
2018-12-13,548.0,-223.0,0.0,0,265.37,0.0,1,5.54,7.77,SPY181221P00271000,271.0,0,0.0,0.0,,0.0,normalDay
2018-12-14,548.0,-647.0,0.0,0,260.47,0.0,1,5.54,12.01,SPY181221P00271000,271.0,0,0.0,0.0,,0.0,normalDay
2018-12-17,548.0,-1138.0,0.0,0,255.36,0.0,1,5.54,16.92,SPY181221P00271000,271.0,0,0.0,0.0,,0.0,normalDay
2018-12-18,548.0,-1238.0,0.0,0,255.08,0.0,1,5.54,17.92,SPY181221P00271000,271.0,0,0.0,0.0,,0.0,normalDay
2018-12-19,548.0,-1560.0,0.0,0,251.26,0.0,1,5.54,21.14,SPY181221P00271000,271.0,0,0.0,0.0,,0.0,normalDay
2018-12-20,548.0,-1911.0,0.0,0,247.17,0.0,1,5.54,24.65,SPY181221P00271000,271.0,0,0.0,0.0,,0.0,normalDay
2018-12-21,1102.0,-3030.0,554.0,100,240.7,271.0,1,5.54,0.0,SPY181221P00271000,271.0,0,0.0,0.0,,0.0,expirationDay
2018-12-24,1102.0,-3666.0,0.0,100,234.34,271.0,0,0.0,0.0,,0.0,0,0.0,0.0,,0.0,bidTooLow
2018-12-26,1102.0,-2482.0,0.0,100,246.18,271.0,0,0.0,0.0,,0.0,0,0.0,0.0,,0.0,bidTooLow
2018-12-27,1102.0,-2296.0,0.0,100,248.07,271.0,0,0.0,0.0,,0.0,1,0.01,0.04,SPY190102C00268000,268.0,normalDay
2018-12-28,1102.0,-2326.0,0.0,100,247.75,271.0,0,0.0,0.0,,0.0,1,0.01,0.02,SPY190102C00268000,268.0,normalDay
2018-12-31,1102.0,-2108.0,0.0,100,249.92,271.0,0,0.0,0.0,,0.0,1,0.01,0.01,SPY190102C00268000,268.0,normalDay
2019-01-02,1103.0,-2082.0,1.0,100,250.18,271.0,0,0.0,0.0,,0.0,1,0.01,0.0,SPY190102C00268000,268.0,expirationDay
2019-01-03,1103.0,-2679.0,0.0,100,244.21,271.0,0,0.0,0.0,,0.0,0,0.0,0.0,,0.0,bidTooLow
2019-01-04,1103.0,-1865.0,0.0,100,252.39,271.0,0,0.0,0.0,,0.0,1,0.15,0.19,SPY190109C00260000,260.0,normalDay
2019-01-07,1103.0,-1667.0,0.0,100,254.38,271.0,0,0.0,0.0,,0.0,1,0.15,0.2,SPY190109C00260000,260.0,normalDay
2019-01-08,1103.0,-1431.0,0.0,100,256.77,271.0,0,0.0,0.0,,0.0,1,0.15,0.23,SPY190109C00260000,260.0,normalDay
2019-01-09,1118.0,-1303.0,15.0,100,257.97,271.0,0,0.0,0.0,,0.0,1,0.15,0.0,SPY190109C00260000,260.0,expirationDay
2019-01-10,1118.0,-1222.0,0.0,100,258.88,271.0,0,0.0,0.0,,0.0,1,3.27,3.37,SPY190116C00257000,257.0,normalDay
2019-01-11,1118.0,-1167.0,0.0,100,258.98,271.0,0,0.0,0.0,,0.0,1,3.27,2.92,SPY190116C00257000,257.0,normalDay
2019-01-14,1118.0,-1188.0,0.0,100,257.4,271.0,0,0.0,0.0,,0.0,1,3.27,1.55,SPY190116C00257000,257.0,normalDay
2019-01-15,1118.0,-1076.0,0.0,100,260.35,271.0,0,0.0,0.0,,0.0,1,3.27,3.38,SPY190116C00257000,257.0,normalDay
2019-01-16,45.0,-1076.0,-1073.0,0,260.98,0.0,0,0.0,0.0,,0.0,1,3.27,0.0,SPY190116C00257000,257.0,expirationDay
2019-01-17,45.0,-5.0,0.0,0,262.96,0.0,1,0.65,0.7,SPY190204P00250000,250.0,0,0.0,0.0,,0.0,normalDay
2019-01-18,45.0,20.0,0.0,0,266.46,0.0,1,0.65,0.45,SPY190204P00250000,250.0,0,0.0,0.0,,0.0,normalDay
2019-01-22,45.0,-11.0,0.0,0,262.86,0.0,1,0.65,0.76,SPY190204P00250000,250.0,0,0.0,0.0,,0.0,normalDay
2019-01-23,45.0,13.0,0.0,0,263.41,0.0,1,0.65,0.52,SPY190204P00250000,250.0,0,0.0,0.0,,0.0,normalDay
2019-01-24,45.0,25.0,0.0,0,263.55,0.0,1,0.65,0.4,SPY190204P00250000,250.0,0,0.0,0.0,,0.0,normalDay
2019-01-25,45.0,52.0,0.0,0,265.78,0.0,1,0.65,0.13,SPY190204P00250000,250.0,0,0.0,0.0,,0.0,normalDay
2019-01-28,45.0,49.0,0.0,0,263.76,0.0,1,0.65,0.16,SPY190204P00250000,250.0,0,0.0,0.0,,0.0,normalDay
2019-01-29,45.0,50.0,0.0,0,263.41,0.0,1,0.65,0.15,SPY190204P00250000,250.0,0,0.0,0.0,,0.0,normalDay
2019-01-30,45.0,62.0,0.0,0,267.58,0.0,1,0.65,0.03,SPY190204P00250000,250.0,0,0.0,0.0,,0.0,normalDay
2019-01-31,45.0,64.0,0.0,0,269.93,0.0,1,0.65,0.01,SPY190204P00250000,250.0,0,0.0,0.0,,0.0,normalDay
2019-02-01,45.0,64.0,0.0,0,270.06,0.0,1,0.65,0.01,SPY190204P00250000,250.0,0,0.0,0.0,,0.0,normalDay
2019-02-04,110.0,0.0,65.0,0,271.96,0.0,1,0.65,0.0,SPY190204P00250000,250.0,0,0.0,0.0,,0.0,expirationDay
2019-02-05,110.0,-4.0,0.0,0,273.1,0.0,1,0.57,0.61,SPY190222P00262500,262.5,0,0.0,0.0,,0.0,normalDay
2019-02-06,110.0,2.0,0.0,0,272.74,0.0,1,0.57,0.55,SPY190222P00262500,262.5,0,0.0,0.0,,0.0,normalDay
2019-02-07,110.0,-32.0,0.0,0,270.14,0.0,1,0.57,0.89,SPY190222P00262500,262.5,0,0.0,0.0,,0.0,normalDay
2019-02-08,110.0,-16.0,0.0,0,270.47,0.0,1,0.57,0.73,SPY190222P00262500,262.5,0,0.0,0.0,,0.0,normalDay
2019-02-11,110.0,-4.0,0.0,0,270.62,0.0,1,0.57,0.61,SPY190222P00262500,262.5,0,0.0,0.0,,0.0,normalDay
2019-02-12,110.0,30.0,0.0,0,274.1,0.0,1,0.57,0.27,SPY190222P00262500,262.5,0,0.0,0.0,,0.0,normalDay
2019-02-13,110.0,38.0,0.0,0,274.99,0.0,1,0.57,0.19,SPY190222P00262500,262.5,0,0.0,0.0,,0.0,normalDay
2019-02-14,110.0,39.0,0.0,0,274.38,0.0,1,0.57,0.18,SPY190222P00262500,262.5,0,0.0,0.0,,0.0,normalDay
2019-02-15,110.0,52.0,0.0,0,277.37,0.0,1,0.57,0.05,SPY190222P00262500,262.5,0,0.0,0.0,,0.0,normalDay
2019-02-19,110.0,55.0,0.0,0,277.85,0.0,1,0.57,0.02,SPY190222P00262500,262.5,0,0.0,0.0,,0.0,normalDay
2019-02-20,110.0,56.0,0.0,0,278.41,0.0,1,0.57,0.01,SPY190222P00262500,262.5,0,0.0,0.0,,0.0,normalDay
2019-02-21,110.0,56.0,0.0,0,277.42,0.0,1,0.57,0.01,SPY190222P00262500,262.5,0,0.0,0.0,,0.0,normalDay
2019-02-22,167.0,0.0,57.0,0,279.14,0.0,1,0.57,0.0,SPY190222P00262500,262.5,0,0.0,0.0,,0.0,expirationDay
2019-02-25,167.0,-3.0,0.0,0,279.52,0.0,1,1.07,1.1,SPY190315P00271500,271.5,0,0.0,0.0,,0.0,normalDay
2019-02-26,167.0,-6.0,0.0,0,279.32,0.0,1,1.07,1.13,SPY190315P00271500,271.5,0,0.0,0.0,,0.0,normalDay
2019-02-27,167.0,6.0,0.0,0,279.2,0.0,1,1.07,1.01,SPY190315P00271500,271.5,0,0.0,0.0,,0.0,normalDay
2019-02-28,167.0,1.0,0.0,0,278.68,0.0,1,1.07,1.06,SPY190315P00271500,271.5,0,0.0,0.0,,0.0,normalDay
2019-03-01,167.0,47.0,0.0,0,280.42,0.0,1,1.07,0.6,SPY190315P00271500,271.5,0,0.0,0.0,,0.0,normalDay
2019-03-04,167.0,34.0,0.0,0,279.4,0.0,1,1.07,0.73,SPY190315P00271500,271.5,0,0.0,0.0,,0.0,normalDay
2019-03-05,167.0,38.0,0.0,0,279.02,0.0,1,1.07,0.69,SPY190315P00271500,271.5,0,0.0,0.0,,0.0,normalDay
2019-03-06,167.0,8.0,0.0,0,277.33,0.0,1,1.07,0.99,SPY190315P00271500,271.5,0,0.0,0.0,,0.0,normalDay
2019-03-07,167.0,-40.0,0.0,0,275.01,0.0,1,1.07,1.47,SPY190315P00271500,271.5,0,0.0,0.0,,0.0,normalDay
2019-03-08,167.0,-16.0,0.0,0,274.46,0.0,1,1.07,1.23,SPY190315P00271500,271.5,0,0.0,0.0,,0.0,normalDay
2019-03-11,167.0,79.0,0.0,0,278.44,0.0,1,1.07,0.28,SPY190315P00271500,271.5,0,0.0,0.0,,0.0,normalDay
2019-03-12,167.0,95.0,0.0,0,279.49,0.0,1,1.07,0.12,SPY190315P00271500,271.5,0,0.0,0.0,,0.0,normalDay
2019-03-13,167.0,103.0,0.0,0,281.34,0.0,1,1.07,0.04,SPY190315P00271500,271.5,0,0.0,0.0,,0.0,normalDay
2019-03-14,167.0,103.0,0.0,0,281.16,0.0,1,1.07,0.04,SPY190315P00271500,271.5,0,0.0,0.0,,0.0,normalDay
2019-03-15,274.0,0.0,107.0,0,281.31,0.0,1,1.07,0.0,SPY190315P00271500,271.5,0,0.0,0.0,,0.0,expirationDay
2019-03-18,274.0,-4.0,0.0,0,282.33,0.0,1,1.29,1.33,SPY190405P00278000,278.0,0,0.0,0.0,,0.0,normalDay
2019-03-19,274.0,-20.0,0.0,0,282.4,0.0,1,1.29,1.49,SPY190405P00278000,278.0,0,0.0,0.0,,0.0,normalDay
2019-03-20,274.0,-34.0,0.0,0,281.55,0.0,1,1.29,1.63,SPY190405P00278000,278.0,0,0.0,0.0,,0.0,normalDay
2019-03-21,274.0,36.0,0.0,0,284.73,0.0,1,1.29,0.93,SPY190405P00278000,278.0,0,0.0,0.0,,0.0,normalDay
2019-03-22,274.0,-123.0,0.0,0,279.25,0.0,1,1.29,2.52,SPY190405P00278000,278.0,0,0.0,0.0,,0.0,normalDay
2019-03-25,274.0,-110.0,0.0,0,279.04,0.0,1,1.29,2.39,SPY190405P00278000,278.0,0,0.0,0.0,,0.0,normalDay
2019-03-26,274.0,-10.0,0.0,0,281.12,0.0,1,1.29,1.39,SPY190405P00278000,278.0,0,0.0,0.0,,0.0,normalDay
2019-03-27,274.0,-46.0,0.0,0,279.65,0.0,1,1.29,1.75,SPY190405P00278000,278.0,0,0.0,0.0,,0.0,normalDay
2019-03-28,274.0,15.0,0.0,0,280.71,0.0,1,1.29,1.14,SPY190405P00278000,278.0,0,0.0,0.0,,0.0,normalDay
2019-03-29,274.0,79.0,0.0,0,282.48,0.0,1,1.29,0.5,SPY190405P00278000,278.0,0,0.0,0.0,,0.0,normalDay
2019-04-01,274.0,118.0,0.0,0,285.83,0.0,1,1.29,0.11,SPY190405P00278000,278.0,0,0.0,0.0,,0.0,normalDay
2019-04-02,274.0,123.0,0.0,0,285.97,0.0,1,1.29,0.06,SPY190405P00278000,278.0,0,0.0,0.0,,0.0,normalDay
2019-04-03,274.0,126.0,0.0,0,286.42,0.0,1,1.29,0.03,SPY190405P00278000,278.0,0,0.0,0.0,,0.0,normalDay
2019-04-04,274.0,128.0,0.0,0,287.18,0.0,1,1.29,0.01,SPY190405P00278000,278.0,0,0.0,0.0,,0.0,normalDay
2019-04-05,403.0,0.0,129.0,0,288.57,0.0,1,1.29,0.0,SPY190405P00278000,278.0,0,0.0,0.0,,0.0,expirationDay
2019-04-08,403.0,-3.0,0.0,0,288.79,0.0,1,0.84,0.87,SPY190426P00282000,282.0,0,0.0,0.0,,0.0,normalDay
2019-04-09,403.0,-41.0,0.0,0,287.31,0.0,1,0.84,1.25,SPY190426P00282000,282.0,0,0.0,0.0,,0.0,normalDay
2019-04-10,403.0,4.0,0.0,0,288.29,0.0,1,0.84,0.8,SPY190426P00282000,282.0,0,0.0,0.0,,0.0,normalDay
2019-04-11,403.0,8.0,0.0,0,288.21,0.0,1,0.84,0.76,SPY190426P00282000,282.0,0,0.0,0.0,,0.0,normalDay
2019-04-12,403.0,43.0,0.0,0,290.16,0.0,1,0.84,0.41,SPY190426P00282000,282.0,0,0.0,0.0,,0.0,normalDay
2019-04-15,403.0,49.0,0.0,0,289.97,0.0,1,0.84,0.35,SPY190426P00282000,282.0,0,0.0,0.0,,0.0,normalDay
2019-04-16,403.0,54.0,0.0,0,290.16,0.0,1,0.84,0.3,SPY190426P00282000,282.0,0,0.0,0.0,,0.0,normalDay
2019-04-17,403.0,52.0,0.0,0,289.45,0.0,1,0.84,0.32,SPY190426P00282000,282.0,0,0.0,0.0,,0.0,normalDay
2019-04-18,403.0,69.0,0.0,0,290.02,0.0,1,0.84,0.15,SPY190426P00282000,282.0,0,0.0,0.0,,0.0,normalDay
2019-04-22,403.0,78.0,0.0,0,290.27,0.0,1,0.84,0.06,SPY190426P00282000,282.0,0,0.0,0.0,,0.0,normalDay
2019-04-23,403.0,81.0,0.0,0,292.88,0.0,1,0.84,0.03,SPY190426P00282000,282.0,0,0.0,0.0,,0.0,normalDay
2019-04-24,403.0,81.0,0.0,0,292.23,0.0,1,0.84,0.03,SPY190426P00282000,282.0,0,0.0,0.0,,0.0,normalDay
2019-04-25,403.0,82.0,0.0,0,292.05,0.0,1,0.84,0.02,SPY190426P00282000,282.0,0,0.0,0.0,,0.0,normalDay
2019-04-26,487.0,0.0,84.0,0,293.41,0.0,1,0.84,0.0,SPY190426P00282000,282.0,0,0.0,0.0,,0.0,expirationDay
2019-04-29,487.0,-3.0,0.0,0,293.87,0.0,1,1.23,1.26,SPY190517P00289000,289.0,0,0.0,0.0,,0.0,normalDay
2019-04-30,487.0,7.0,0.0,0,294.02,0.0,1,1.23,1.16,SPY190517P00289000,289.0,0,0.0,0.0,,0.0,normalDay
2019-05-01,487.0,-69.0,0.0,0,291.81,0.0,1,1.23,1.92,SPY190517P00289000,289.0,0,0.0,0.0,,0.0,normalDay
2019-05-02,487.0,-77.0,0.0,0,291.18,0.0,1,1.23,2.0,SPY190517P00289000,289.0,0,0.0,0.0,,0.0,normalDay
2019-05-03,487.0,30.0,0.0,0,294.03,0.0,1,1.23,0.93,SPY190517P00289000,289.0,0,0.0,0.0,,0.0,normalDay
2019-05-06,487.0,-28.0,0.0,0,292.82,0.0,1,1.23,1.51,SPY190517P00289000,289.0,0,0.0,0.0,,0.0,normalDay
2019-05-07,487.0,-271.0,0.0,0,287.93,0.0,1,1.23,3.94,SPY190517P00289000,289.0,0,0.0,0.0,,0.0,normalDay
2019-05-08,487.0,-277.0,0.0,0,287.53,0.0,1,1.23,4.0,SPY190517P00289000,289.0,0,0.0,0.0,,0.0,normalDay
2019-05-09,487.0,-319.0,0.0,0,286.66,0.0,1,1.23,4.42,SPY190517P00289000,289.0,0,0.0,0.0,,0.0,normalDay
2019-05-10,487.0,-170.0,0.0,0,288.1,0.0,1,1.23,2.93,SPY190517P00289000,289.0,0,0.0,0.0,,0.0,normalDay
2019-05-13,487.0,-722.0,0.0,0,280.86,0.0,1,1.23,8.45,SPY190517P00289000,289.0,0,0.0,0.0,,0.0,normalDay
2019-05-14,487.0,-456.0,0.0,0,283.4,0.0,1,1.23,5.79,SPY190517P00289000,289.0,0,0.0,0.0,,0.0,normalDay
2019-05-15,487.0,-273.0,0.0,0,285.06,0.0,1,1.23,3.96,SPY190517P00289000,289.0,0,0.0,0.0,,0.0,normalDay
2019-05-16,487.0,-45.0,0.0,0,287.7,0.0,1,1.23,1.68,SPY190517P00289000,289.0,0,0.0,0.0,,0.0,normalDay
2019-05-17,610.0,-316.0,123.0,100,285.84,289.0,1,1.23,0.0,SPY190517P00289000,289.0,0,0.0,0.0,,0.0,expirationDay
2019-05-20,610.0,-508.0,0.0,100,283.95,289.0,0,0.0,0.0,,0.0,1,0.03,0.06,SPY190524C00292000,292.0,normalDay
2019-05-21,610.0,-253.0,0.0,100,286.51,289.0,0,0.0,0.0,,0.0,1,0.03,0.07,SPY190524C00292000,292.0,normalDay
2019-05-22,610.0,-336.0,0.0,100,285.63,289.0,0,0.0,0.0,,0.0,1,0.03,0.02,SPY190524C00292000,292.0,normalDay
2019-05-23,610.0,-684.0,0.0,100,282.14,289.0,0,0.0,0.0,,0.0,1,0.03,0.01,SPY190524C00292000,292.0,normalDay
2019-05-24,613.0,-622.0,3.0,100,282.78,289.0,0,0.0,0.0,,0.0,1,0.03,0.0,SPY190524C00292000,292.0,expirationDay
2019-05-28,613.0,-888.0,0.0,100,280.15,289.0,0,0.0,0.0,,0.0,1,0.04,0.07,SPY190603C00289000,289.0,normalDay
2019-05-29,613.0,-1072.0,0.0,100,278.27,289.0,0,0.0,0.0,,0.0,1,0.04,0.03,SPY190603C00289000,289.0,normalDay
2019-05-30,613.0,-994.0,0.0,100,279.03,289.0,0,0.0,0.0,,0.0,1,0.04,0.01,SPY190603C00289000,289.0,normalDay
2019-05-31,613.0,-1370.0,0.0,100,275.27,289.0,0,0.0,0.0,,0.0,1,0.04,0.01,SPY190603C00289000,289.0,normalDay
2019-06-03,617.0,-1443.0,4.0,100,274.57,289.0,0,0.0,0.0,,0.0,1,0.04,0.0,SPY190603C00289000,289.0,expirationDay
2019-06-04,617.0,-850.0,0.0,100,280.53,289.0,0,0.0,0.0,,0.0,1,0.2,0.23,SPY190610C00286000,286.0,normalDay
2019-06-05,617.0,-631.0,0.0,100,282.96,289.0,0,0.0,0.0,,0.0,1,0.2,0.47,SPY190610C00286000,286.0,normalDay
2019-06-06,617.0,-490.0,0.0,100,284.8,289.0,0,0.0,0.0,,0.0,1,0.2,0.9,SPY190610C00286000,286.0,normalDay
2019-06-07,617.0,-327.0,0.0,100,287.65,289.0,0,0.0,0.0,,0.0,1,0.2,2.12,SPY190610C00286000,286.0,normalDay
2019-06-10,337.0,-327.0,-280.0,0,288.97,0.0,0,0.0,0.0,,0.0,1,0.2,0.0,SPY190610C00286000,286.0,expirationDay
2019-06-11,337.0,-4.0,0.0,0,288.9,0.0,1,1.77,1.81,SPY190628P00282000,282.0,0,0.0,0.0,,0.0,normalDay
2019-06-12,337.0,-1.0,0.0,0,288.39,0.0,1,1.77,1.78,SPY190628P00282000,282.0,0,0.0,0.0,,0.0,normalDay
2019-06-13,337.0,33.0,0.0,0,289.58,0.0,1,1.77,1.44,SPY190628P00282000,282.0,0,0.0,0.0,,0.0,normalDay
2019-06-14,337.0,54.0,0.0,0,289.26,0.0,1,1.77,1.23,SPY190628P00282000,282.0,0,0.0,0.0,,0.0,normalDay
2019-06-17,337.0,72.0,0.0,0,289.37,0.0,1,1.77,1.05,SPY190628P00282000,282.0,0,0.0,0.0,,0.0,normalDay
2019-06-18,337.0,118.0,0.0,0,292.4,0.0,1,1.77,0.59,SPY190628P00282000,282.0,0,0.0,0.0,,0.0,normalDay
2019-06-19,337.0,144.0,0.0,0,293.06,0.0,1,1.77,0.33,SPY190628P00282000,282.0,0,0.0,0.0,,0.0,normalDay
2019-06-20,337.0,156.0,0.0,0,295.86,0.0,1,1.77,0.21,SPY190628P00282000,282.0,0,0.0,0.0,,0.0,normalDay
2019-06-21,337.0,161.0,0.0,0,294.0,0.0,1,1.77,0.16,SPY190628P00282000,282.0,0,0.0,0.0,,0.0,normalDay
2019-06-24,337.0,169.0,0.0,0,293.64,0.0,1,1.77,0.08,SPY190628P00282000,282.0,0,0.0,0.0,,0.0,normalDay
2019-06-25,337.0,166.0,0.0,0,290.76,0.0,1,1.77,0.11,SPY190628P00282000,282.0,0,0.0,0.0,,0.0,normalDay
2019-06-26,337.0,172.0,0.0,0,290.47,0.0,1,1.77,0.05,SPY190628P00282000,282.0,0,0.0,0.0,,0.0,normalDay
2019-06-27,337.0,175.0,0.0,0,291.5,0.0,1,1.77,0.02,SPY190628P00282000,282.0,0,0.0,0.0,,0.0,normalDay
2019-06-28,514.0,0.0,177.0,0,293.0,0.0,1,1.77,0.0,SPY190628P00282000,282.0,0,0.0,0.0,,0.0,expirationDay
2019-07-01,514.0,-3.0,0.0,0,295.66,0.0,1,1.06,1.09,SPY190719P00289000,289.0,0,0.0,0.0,,0.0,normalDay
2019-07-02,514.0,37.0,0.0,0,296.43,0.0,1,1.06,0.69,SPY190719P00289000,289.0,0,0.0,0.0,,0.0,normalDay
2019-07-03,514.0,65.0,0.0,0,298.8,0.0,1,1.06,0.41,SPY190719P00289000,289.0,0,0.0,0.0,,0.0,normalDay
2019-07-05,514.0,66.0,0.0,0,298.46,0.0,1,1.06,0.4,SPY190719P00289000,289.0,0,0.0,0.0,,0.0,normalDay
2019-07-08,514.0,66.0,0.0,0,296.82,0.0,1,1.06,0.4,SPY190719P00289000,289.0,0,0.0,0.0,,0.0,normalDay
2019-07-09,514.0,70.0,0.0,0,297.19,0.0,1,1.06,0.36,SPY190719P00289000,289.0,0,0.0,0.0,,0.0,normalDay
2019-07-10,514.0,88.0,0.0,0,298.61,0.0,1,1.06,0.18,SPY190719P00289000,289.0,0,0.0,0.0,,0.0,normalDay
2019-07-11,514.0,92.0,0.0,0,299.31,0.0,1,1.06,0.14,SPY190719P00289000,289.0,0,0.0,0.0,,0.0,normalDay
2019-07-12,514.0,97.0,0.0,0,300.65,0.0,1,1.06,0.09,SPY190719P00289000,289.0,0,0.0,0.0,,0.0,normalDay
2019-07-15,514.0,99.0,0.0,0,300.75,0.0,1,1.06,0.07,SPY190719P00289000,289.0,0,0.0,0.0,,0.0,normalDay
2019-07-16,514.0,100.0,0.0,0,299.78,0.0,1,1.06,0.06,SPY190719P00289000,289.0,0,0.0,0.0,,0.0,normalDay
2019-07-17,514.0,101.0,0.0,0,297.74,0.0,1,1.06,0.05,SPY190719P00289000,289.0,0,0.0,0.0,,0.0,normalDay
2019-07-18,514.0,103.0,0.0,0,298.83,0.0,1,1.06,0.03,SPY190719P00289000,289.0,0,0.0,0.0,,0.0,normalDay
2019-07-19,620.0,0.0,106.0,0,297.17,0.0,1,1.06,0.0,SPY190719P00289000,289.0,0,0.0,0.0,,0.0,expirationDay
2019-07-22,620.0,-4.0,0.0,0,297.9,0.0,1,2.25,2.29,SPY190809P00296000,296.0,0,0.0,0.0,,0.0,normalDay
2019-07-23,620.0,76.0,0.0,0,300.03,0.0,1,2.25,1.49,SPY190809P00296000,296.0,0,0.0,0.0,,0.0,normalDay
2019-07-24,620.0,118.0,0.0,0,301.44,0.0,1,2.25,1.07,SPY190809P00296000,296.0,0,0.0,0.0,,0.0,normalDay
2019-07-25,620.0,89.0,0.0,0,300.0,0.0,1,2.25,1.36,SPY190809P00296000,296.0,0,0.0,0.0,,0.0,normalDay
2019-07-26,620.0,142.0,0.0,0,302.01,0.0,1,2.25,0.83,SPY190809P00296000,296.0,0,0.0,0.0,,0.0,normalDay
2019-07-29,620.0,147.0,0.0,0,301.46,0.0,1,2.25,0.78,SPY190809P00296000,296.0,0,0.0,0.0,,0.0,normalDay
2019-07-30,620.0,114.0,0.0,0,300.72,0.0,1,2.25,1.11,SPY190809P00296000,296.0,0,0.0,0.0,,0.0,normalDay
2019-07-31,620.0,-5.0,0.0,0,297.43,0.0,1,2.25,2.3,SPY190809P00296000,296.0,0,0.0,0.0,,0.0,normalDay
2019-08-01,620.0,-109.0,0.0,0,294.84,0.0,1,2.25,3.34,SPY190809P00296000,296.0,0,0.0,0.0,,0.0,normalDay
2019-08-02,620.0,-203.0,0.0,0,292.62,0.0,1,2.25,4.28,SPY190809P00296000,296.0,0,0.0,0.0,,0.0,normalDay
2019-08-05,620.0,-1055.0,0.0,0,283.82,0.0,1,2.25,12.8,SPY190809P00296000,296.0,0,0.0,0.0,,0.0,normalDay
2019-08-06,620.0,-605.0,0.0,0,287.8,0.0,1,2.25,8.3,SPY190809P00296000,296.0,0,0.0,0.0,,0.0,normalDay
2019-08-07,620.0,-588.0,0.0,0,287.97,0.0,1,2.25,8.13,SPY190809P00296000,296.0,0,0.0,0.0,,0.0,normalDay
2019-08-08,620.0,-29.0,0.0,0,293.62,0.0,1,2.25,2.54,SPY190809P00296000,296.0,0,0.0,0.0,,0.0,normalDay
2019-08-09,845.0,-438.0,225.0,100,291.62,296.0,1,2.25,0.0,SPY190809P00296000,296.0,0,0.0,0.0,,0.0,expirationDay
2019-08-12,845.0,-796.0,0.0,100,288.07,296.0,0,0.0,0.0,,0.0,1,0.01,0.04,SPY190816C00299000,299.0,normalDay
2019-08-13,845.0,-353.0,0.0,100,292.55,296.0,0,0.0,0.0,,0.0,1,0.01,0.09,SPY190816C00299000,299.0,normalDay
2019-08-14,845.0,-1211.0,0.0,100,283.9,296.0,0,0.0,0.0,,0.0,1,0.01,0.02,SPY190816C00299000,299.0,normalDay
2019-08-15,845.0,-1135.0,0.0,100,284.65,296.0,0,0.0,0.0,,0.0,1,0.01,0.01,SPY190816C00299000,299.0,normalDay
2019-08-16,846.0,-715.0,1.0,100,288.85,296.0,0,0.0,0.0,,0.0,1,0.01,0.0,SPY190816C00299000,299.0,expirationDay
2019-08-19,846.0,-370.0,0.0,100,292.33,296.0,0,0.0,0.0,,0.0,1,0.25,0.28,SPY190823C00297000,297.0,normalDay
2019-08-20,846.0,-575.0,0.0,100,290.09,296.0,0,0.0,0.0,,0.0,1,0.25,0.09,SPY190823C00297000,297.0,normalDay
2019-08-21,846.0,-345.0,0.0,100,292.45,296.0,0,0.0,0.0,,0.0,1,0.25,0.15,SPY190823C00297000,297.0,normalDay
2019-08-22,846.0,-343.0,0.0,100,292.36,296.0,0,0.0,0.0,,0.0,1,0.25,0.04,SPY190823C00297000,297.0,normalDay
2019-08-23,871.0,-1115.0,25.0,100,284.85,296.0,0,0.0,0.0,,0.0,1,0.25,0.0,SPY190823C00297000,297.0,expirationDay
2019-08-26,871.0,-803.0,0.0,100,288.0,296.0,0,0.0,0.0,,0.0,1,0.51,0.54,SPY190830C00293000,293.0,normalDay
2019-08-27,871.0,-887.0,0.0,100,286.87,296.0,0,0.0,0.0,,0.0,1,0.51,0.25,SPY190830C00293000,293.0,normalDay
2019-08-28,871.0,-689.0,0.0,100,288.89,296.0,0,0.0,0.0,,0.0,1,0.51,0.29,SPY190830C00293000,293.0,normalDay
2019-08-29,871.0,-371.0,0.0,100,292.58,296.0,0,0.0,0.0,,0.0,1,0.51,0.8,SPY190830C00293000,293.0,normalDay
2019-08-30,922.0,-355.0,51.0,100,292.45,296.0,0,0.0,0.0,,0.0,1,0.51,0.0,SPY190830C00293000,293.0,expirationDay
2019-09-03,922.0,-530.0,0.0,100,290.74,296.0,0,0.0,0.0,,0.0,1,2.28,2.32,SPY190909C00291000,291.0,normalDay
2019-09-04,922.0,-356.0,0.0,100,294.04,296.0,0,0.0,0.0,,0.0,1,2.28,3.88,SPY190909C00291000,291.0,normalDay
2019-09-05,922.0,-260.0,0.0,100,297.82,296.0,0,0.0,0.0,,0.0,1,2.28,6.7,SPY190909C00291000,291.0,normalDay
2019-09-06,922.0,-290.0,0.0,100,298.05,296.0,0,0.0,0.0,,0.0,1,2.28,7.23,SPY190909C00291000,291.0,normalDay
2019-09-09,650.0,-290.0,-272.0,0,298.2,0.0,0,0.0,0.0,,0.0,1,2.28,0.0,SPY190909C00291000,291.0,expirationDay
2019-09-10,650.0,-4.0,0.0,0,298.13,0.0,1,1.38,1.42,SPY190927P00290000,290.0,0,0.0,0.0,,0.0,normalDay
2019-09-11,650.0,43.0,0.0,0,300.25,0.0,1,1.38,0.95,SPY190927P00290000,290.0,0,0.0,0.0,,0.0,normalDay
2019-09-12,650.0,65.0,0.0,0,301.29,0.0,1,1.38,0.73,SPY190927P00290000,290.0,0,0.0,0.0,,0.0,normalDay
2019-09-13,650.0,74.0,0.0,0,301.09,0.0,1,1.38,0.64,SPY190927P00290000,290.0,0,0.0,0.0,,0.0,normalDay
2019-09-16,650.0,69.0,0.0,0,300.16,0.0,1,1.38,0.69,SPY190927P00290000,290.0,0,0.0,0.0,,0.0,normalDay
2019-09-17,650.0,80.0,0.0,0,300.92,0.0,1,1.38,0.58,SPY190927P00290000,290.0,0,0.0,0.0,,0.0,normalDay
2019-09-18,650.0,93.0,0.0,0,301.1,0.0,1,1.38,0.45,SPY190927P00290000,290.0,0,0.0,0.0,,0.0,normalDay
2019-09-19,650.0,103.0,0.0,0,301.08,0.0,1,1.38,0.35,SPY190927P00290000,290.0,0,0.0,0.0,,0.0,normalDay
2019-09-20,650.0,94.0,0.0,0,298.28,0.0,1,1.38,0.44,SPY190927P00290000,290.0,0,0.0,0.0,,0.0,normalDay
2019-09-23,650.0,122.0,0.0,0,298.21,0.0,1,1.38,0.16,SPY190927P00290000,290.0,0,0.0,0.0,,0.0,normalDay
2019-09-24,650.0,97.0,0.0,0,295.87,0.0,1,1.38,0.41,SPY190927P00290000,290.0,0,0.0,0.0,,0.0,normalDay
2019-09-25,650.0,126.0,0.0,0,297.62,0.0,1,1.38,0.12,SPY190927P00290000,290.0,0,0.0,0.0,,0.0,normalDay
2019-09-26,650.0,135.0,0.0,0,297.0,0.0,1,1.38,0.03,SPY190927P00290000,290.0,0,0.0,0.0,,0.0,normalDay
2019-09-27,788.0,0.0,138.0,0,295.4,0.0,1,1.38,0.0,SPY190927P00290000,290.0,0,0.0,0.0,,0.0,expirationDay
2019-09-30,788.0,-5.0,0.0,0,296.77,0.0,1,3.67,3.72,SPY191018P00297500,297.5,0,0.0,0.0,,0.0,normalDay
2019-10-01,788.0,-239.0,0.0,0,293.24,0.0,1,3.67,6.06,SPY191018P00297500,297.5,0,0.0,0.0,,0.0,normalDay
2019-10-02,788.0,-683.0,0.0,0,288.06,0.0,1,3.67,10.5,SPY191018P00297500,297.5,0,0.0,0.0,,0.0,normalDay
2019-10-03,788.0,-424.0,0.0,0,290.42,0.0,1,3.67,7.91,SPY191018P00297500,297.5,0,0.0,0.0,,0.0,normalDay
2019-10-04,788.0,-119.0,0.0,0,294.35,0.0,1,3.67,4.86,SPY191018P00297500,297.5,0,0.0,0.0,,0.0,normalDay
2019-10-07,788.0,-193.0,0.0,0,293.08,0.0,1,3.67,5.6,SPY191018P00297500,297.5,0,0.0,0.0,,0.0,normalDay
2019-10-08,788.0,-556.0,0.0,0,288.53,0.0,1,3.67,9.23,SPY191018P00297500,297.5,0,0.0,0.0,,0.0,normalDay
2019-10-09,788.0,-332.0,0.0,0,291.27,0.0,1,3.67,6.99,SPY191018P00297500,297.5,0,0.0,0.0,,0.0,normalDay
2019-10-10,788.0,-149.0,0.0,0,293.24,0.0,1,3.67,5.16,SPY191018P00297500,297.5,0,0.0,0.0,,0.0,normalDay
2019-10-11,788.0,87.0,0.0,0,296.28,0.0,1,3.67,2.8,SPY191018P00297500,297.5,0,0.0,0.0,,0.0,normalDay
2019-10-14,788.0,127.0,0.0,0,295.95,0.0,1,3.67,2.4,SPY191018P00297500,297.5,0,0.0,0.0,,0.0,normalDay
2019-10-15,788.0,287.0,0.0,0,298.88,0.0,1,3.67,0.8,SPY191018P00297500,297.5,0,0.0,0.0,,0.0,normalDay
2019-10-16,788.0,301.0,0.0,0,298.4,0.0,1,3.67,0.66,SPY191018P00297500,297.5,0,0.0,0.0,,0.0,normalDay
2019-10-17,788.0,345.0,0.0,0,299.28,0.0,1,3.67,0.22,SPY191018P00297500,297.5,0,0.0,0.0,,0.0,normalDay
2019-10-18,1155.0,0.0,367.0,0,297.97,0.0,1,3.67,0.0,SPY191018P00297500,297.5,0,0.0,0.0,,0.0,expirationDay
2019-10-21,1155.0,-4.0,0.0,0,299.99,0.0,1,1.35,1.39,SPY191108P00294000,294.0,0,0.0,0.0,,0.0,normalDay
2019-10-22,1155.0,-26.0,0.0,0,299.01,0.0,1,1.35,1.61,SPY191108P00294000,294.0,0,0.0,0.0,,0.0,normalDay
2019-10-23,1155.0,15.0,0.0,0,299.88,0.0,1,1.35,1.2,SPY191108P00294000,294.0,0,0.0,0.0,,0.0,normalDay
2019-10-24,1155.0,34.0,0.0,0,300.37,0.0,1,1.35,1.01,SPY191108P00294000,294.0,0,0.0,0.0,,0.0,normalDay
2019-10-25,1155.0,74.0,0.0,0,301.6,0.0,1,1.35,0.61,SPY191108P00294000,294.0,0,0.0,0.0,,0.0,normalDay
2019-10-28,1155.0,95.0,0.0,0,303.3,0.0,1,1.35,0.4,SPY191108P00294000,294.0,0,0.0,0.0,,0.0,normalDay
2019-10-29,1155.0,99.0,0.0,0,303.21,0.0,1,1.35,0.36,SPY191108P00294000,294.0,0,0.0,0.0,,0.0,normalDay
2019-10-30,1155.0,115.0,0.0,0,304.14,0.0,1,1.35,0.2,SPY191108P00294000,294.0,0,0.0,0.0,,0.0,normalDay
2019-10-31,1155.0,110.0,0.0,0,303.33,0.0,1,1.35,0.25,SPY191108P00294000,294.0,0,0.0,0.0,,0.0,normalDay
2019-11-01,1155.0,129.0,0.0,0,306.14,0.0,1,1.35,0.06,SPY191108P00294000,294.0,0,0.0,0.0,,0.0,normalDay
2019-11-04,1155.0,132.0,0.0,0,307.37,0.0,1,1.35,0.03,SPY191108P00294000,294.0,0,0.0,0.0,,0.0,normalDay
2019-11-05,1155.0,133.0,0.0,0,307.03,0.0,1,1.35,0.02,SPY191108P00294000,294.0,0,0.0,0.0,,0.0,normalDay
2019-11-06,1155.0,134.0,0.0,0,307.1,0.0,1,1.35,0.01,SPY191108P00294000,294.0,0,0.0,0.0,,0.0,normalDay
2019-11-07,1155.0,134.0,0.0,0,308.18,0.0,1,1.35,0.01,SPY191108P00294000,294.0,0,0.0,0.0,,0.0,normalDay
2019-11-08,1290.0,0.0,135.0,0,308.94,0.0,1,1.35,0.0,SPY191108P00294000,294.0,0,0.0,0.0,,0.0,expirationDay
2019-11-11,1290.0,-3.0,0.0,0,308.35,0.0,1,0.93,0.96,SPY191129P00302000,302.0,0,0.0,0.0,,0.0,normalDay
2019-11-12,1290.0,4.0,0.0,0,309.0,0.0,1,0.93,0.89,SPY191129P00302000,302.0,0,0.0,0.0,,0.0,normalDay
2019-11-13,1290.0,9.0,0.0,0,309.1,0.0,1,0.93,0.84,SPY191129P00302000,302.0,0,0.0,0.0,,0.0,normalDay
2019-11-14,1290.0,20.0,0.0,0,309.55,0.0,1,0.93,0.73,SPY191129P00302000,302.0,0,0.0,0.0,,0.0,normalDay
2019-11-15,1290.0,55.0,0.0,0,311.79,0.0,1,0.93,0.38,SPY191129P00302000,302.0,0,0.0,0.0,,0.0,normalDay
2019-11-18,1290.0,63.0,0.0,0,312.02,0.0,1,0.93,0.3,SPY191129P00302000,302.0,0,0.0,0.0,,0.0,normalDay
2019-11-19,1290.0,66.0,0.0,0,311.93,0.0,1,0.93,0.27,SPY191129P00302000,302.0,0,0.0,0.0,,0.0,normalDay
2019-11-20,1290.0,62.0,0.0,0,310.77,0.0,1,0.93,0.31,SPY191129P00302000,302.0,0,0.0,0.0,,0.0,normalDay
2019-11-21,1290.0,68.0,0.0,0,310.27,0.0,1,0.93,0.25,SPY191129P00302000,302.0,0,0.0,0.0,,0.0,normalDay
2019-11-22,1290.0,83.0,0.0,0,310.96,0.0,1,0.93,0.1,SPY191129P00302000,302.0,0,0.0,0.0,,0.0,normalDay
2019-11-25,1290.0,88.0,0.0,0,313.37,0.0,1,0.93,0.05,SPY191129P00302000,302.0,0,0.0,0.0,,0.0,normalDay
2019-11-26,1290.0,90.0,0.0,0,314.08,0.0,1,0.93,0.03,SPY191129P00302000,302.0,0,0.0,0.0,,0.0,normalDay
2019-11-27,1290.0,91.0,0.0,0,315.48,0.0,1,0.93,0.02,SPY191129P00302000,302.0,0,0.0,0.0,,0.0,normalDay
2019-11-29,1383.0,0.0,93.0,0,314.31,0.0,1,0.93,0.0,SPY191129P00302000,302.0,0,0.0,0.0,,0.0,expirationDay
2019-12-02,1383.0,-3.0,0.0,0,311.64,0.0,1,3.44,3.47,SPY191220P00310000,310.0,0,0.0,0.0,,0.0,normalDay
2019-12-03,1383.0,-124.0,0.0,0,309.55,0.0,1,3.44,4.68,SPY191220P00310000,310.0,0,0.0,0.0,,0.0,normalDay
2019-12-04,1383.0,-18.0,0.0,0,311.46,0.0,1,3.44,3.62,SPY191220P00310000,310.0,0,0.0,0.0,,0.0,normalDay
2019-12-05,1383.0,40.0,0.0,0,312.02,0.0,1,3.44,3.04,SPY191220P00310000,310.0,0,0.0,0.0,,0.0,normalDay
2019-12-06,1383.0,161.0,0.0,0,314.87,0.0,1,3.44,1.83,SPY191220P00310000,310.0,0,0.0,0.0,,0.0,normalDay
2019-12-09,1383.0,118.0,0.0,0,313.88,0.0,1,3.44,2.26,SPY191220P00310000,310.0,0,0.0,0.0,,0.0,normalDay
2019-12-10,1383.0,140.0,0.0,0,313.53,0.0,1,3.44,2.04,SPY191220P00310000,310.0,0,0.0,0.0,,0.0,normalDay
2019-12-11,1383.0,186.0,0.0,0,314.42,0.0,1,3.44,1.58,SPY191220P00310000,310.0,0,0.0,0.0,,0.0,normalDay
2019-12-12,1383.0,251.0,0.0,0,317.13,0.0,1,3.44,0.93,SPY191220P00310000,310.0,0,0.0,0.0,,0.0,normalDay
2019-12-13,1383.0,289.0,0.0,0,317.32,0.0,1,3.44,0.55,SPY191220P00310000,310.0,0,0.0,0.0,,0.0,normalDay
2019-12-16,1383.0,325.0,0.0,0,319.5,0.0,1,3.44,0.19,SPY191220P00310000,310.0,0,0.0,0.0,,0.0,normalDay
2019-12-17,1383.0,334.0,0.0,0,319.57,0.0,1,3.44,0.1,SPY191220P00310000,310.0,0,0.0,0.0,,0.0,normalDay
2019-12-18,1383.0,338.0,0.0,0,319.59,0.0,1,3.44,0.06,SPY191220P00310000,310.0,0,0.0,0.0,,0.0,normalDay
2019-12-19,1383.0,340.0,0.0,0,320.9,0.0,1,3.44,0.04,SPY191220P00310000,310.0,0,0.0,0.0,,0.0,normalDay
2019-12-20,1727.0,0.0,344.0,0,320.73,0.0,1,3.44,0.0,SPY191220P00310000,310.0,0,0.0,0.0,,0.0,expirationDay
2019-12-23,1727.0,-4.0,0.0,0,321.22,0.0,1,1.04,1.08,SPY200110P00315000,315.0,0,0.0,0.0,,0.0,normalDay
2019-12-24,1727.0,2.0,0.0,0,321.23,0.0,1,1.04,1.02,SPY200110P00315000,315.0,0,0.0,0.0,,0.0,normalDay
2019-12-26,1727.0,32.0,0.0,0,322.94,0.0,1,1.04,0.72,SPY200110P00315000,315.0,0,0.0,0.0,,0.0,normalDay
2019-12-27,1727.0,25.0,0.0,0,322.86,0.0,1,1.04,0.79,SPY200110P00315000,315.0,0,0.0,0.0,,0.0,normalDay
2019-12-30,1727.0,3.0,0.0,0,321.08,0.0,1,1.04,1.01,SPY200110P00315000,315.0,0,0.0,0.0,,0.0,normalDay
2019-12-31,1727.0,34.0,0.0,0,321.86,0.0,1,1.04,0.7,SPY200110P00315000,315.0,0,0.0,0.0,,0.0,normalDay
2020-01-02,1727.0,83.0,0.0,0,324.87,0.0,1,1.04,0.21,SPY200110P00315000,315.0,0,0.0,0.0,,0.0,normalDay
2020-01-03,1727.0,61.0,0.0,0,322.41,0.0,1,1.04,0.43,SPY200110P00315000,315.0,0,0.0,0.0,,0.0,normalDay
2020-01-06,1727.0,92.0,0.0,0,323.64,0.0,1,1.04,0.12,SPY200110P00315000,315.0,0,0.0,0.0,,0.0,normalDay
2020-01-07,1727.0,92.0,0.0,0,322.73,0.0,1,1.04,0.12,SPY200110P00315000,315.0,0,0.0,0.0,,0.0,normalDay
2020-01-08,1727.0,95.0,0.0,0,324.45,0.0,1,1.04,0.09,SPY200110P00315000,315.0,0,0.0,0.0,,0.0,normalDay
2020-01-09,1727.0,102.0,0.0,0,326.65,0.0,1,1.04,0.02,SPY200110P00315000,315.0,0,0.0,0.0,,0.0,normalDay
2020-01-10,1831.0,0.0,104.0,0,325.71,0.0,1,1.04,0.0,SPY200110P00315000,315.0,0,0.0,0.0,,0.0,expirationDay
2020-01-13,1831.0,-3.0,0.0,0,327.95,0.0,1,1.09,1.12,SPY200131P00321500,321.5,0,0.0,0.0,,0.0,normalDay
2020-01-14,1831.0,-1.0,0.0,0,327.45,0.0,1,1.09,1.1,SPY200131P00321500,321.5,0,0.0,0.0,,0.0,normalDay
2020-01-15,1831.0,21.0,0.0,0,328.19,0.0,1,1.09,0.88,SPY200131P00321500,321.5,0,0.0,0.0,,0.0,normalDay
2020-01-16,1831.0,52.0,0.0,0,330.92,0.0,1,1.09,0.57,SPY200131P00321500,321.5,0,0.0,0.0,,0.0,normalDay
2020-01-17,1831.0,68.0,0.0,0,331.95,0.0,1,1.09,0.41,SPY200131P00321500,321.5,0,0.0,0.0,,0.0,normalDay
2020-01-21,1831.0,68.0,0.0,0,331.3,0.0,1,1.09,0.41,SPY200131P00321500,321.5,0,0.0,0.0,,0.0,normalDay
2020-01-22,1831.0,77.0,0.0,0,331.34,0.0,1,1.09,0.32,SPY200131P00321500,321.5,0,0.0,0.0,,0.0,normalDay
2020-01-23,1831.0,84.0,0.0,0,331.72,0.0,1,1.09,0.25,SPY200131P00321500,321.5,0,0.0,0.0,,0.0,normalDay
2020-01-24,1831.0,42.0,0.0,0,328.77,0.0,1,1.09,0.67,SPY200131P00321500,321.5,0,0.0,0.0,,0.0,normalDay
2020-01-27,1831.0,-105.0,0.0,0,323.5,0.0,1,1.09,2.14,SPY200131P00321500,321.5,0,0.0,0.0,,0.0,normalDay
2020-01-28,1831.0,43.0,0.0,0,326.89,0.0,1,1.09,0.66,SPY200131P00321500,321.5,0,0.0,0.0,,0.0,normalDay
2020-01-29,1831.0,71.0,0.0,0,326.62,0.0,1,1.09,0.38,SPY200131P00321500,321.5,0,0.0,0.0,,0.0,normalDay
2020-01-30,1831.0,102.0,0.0,0,327.68,0.0,1,1.09,0.07,SPY200131P00321500,321.5,0,0.0,0.0,,0.0,normalDay
2020-01-31,1940.0,0.0,109.0,0,321.73,0.0,1,1.09,0.0,SPY200131P00321500,321.5,0,0.0,0.0,,0.0,expirationDay
2020-02-03,1940.0,-5.0,0.0,0,324.12,0.0,1,5.36,5.41,SPY200221P00326000,326.0,0,0.0,0.0,,0.0,normalDay
2020-02-04,1940.0,273.0,0.0,0,329.06,0.0,1,5.36,2.63,SPY200221P00326000,326.0,0,0.0,0.0,,0.0,normalDay
2020-02-05,1940.0,399.0,0.0,0,332.86,0.0,1,5.36,1.37,SPY200221P00326000,326.0,0,0.0,0.0,,0.0,normalDay
2020-02-06,1940.0,421.0,0.0,0,333.98,0.0,1,5.36,1.15,SPY200221P00326000,326.0,0,0.0,0.0,,0.0,normalDay
2020-02-07,1940.0,391.0,0.0,0,332.2,0.0,1,5.36,1.45,SPY200221P00326000,326.0,0,0.0,0.0,,0.0,normalDay
2020-02-10,1940.0,460.0,0.0,0,334.68,0.0,1,5.36,0.76,SPY200221P00326000,326.0,0,0.0,0.0,,0.0,normalDay
2020-02-11,1940.0,473.0,0.0,0,335.26,0.0,1,5.36,0.63,SPY200221P00326000,326.0,0,0.0,0.0,,0.0,normalDay
2020-02-12,1940.0,508.0,0.0,0,337.42,0.0,1,5.36,0.28,SPY200221P00326000,326.0,0,0.0,0.0,,0.0,normalDay
2020-02-13,1940.0,507.0,0.0,0,337.06,0.0,1,5.36,0.29,SPY200221P00326000,326.0,0,0.0,0.0,,0.0,normalDay
2020-02-14,1940.0,520.0,0.0,0,337.6,0.0,1,5.36,0.16,SPY200221P00326000,326.0,0,0.0,0.0,,0.0,normalDay
2020-02-18,1940.0,527.0,0.0,0,336.73,0.0,1,5.36,0.09,SPY200221P00326000,326.0,0,0.0,0.0,,0.0,normalDay
2020-02-19,1940.0,532.0,0.0,0,338.34,0.0,1,5.36,0.04,SPY200221P00326000,326.0,0,0.0,0.0,,0.0,normalDay
2020-02-20,1940.0,533.0,0.0,0,336.95,0.0,1,5.36,0.03,SPY200221P00326000,326.0,0,0.0,0.0,,0.0,normalDay
2020-02-21,2476.0,0.0,536.0,0,333.48,0.0,1,5.36,0.0,SPY200221P00326000,326.0,0,0.0,0.0,,0.0,expirationDay
2020-02-24,2476.0,-9.0,0.0,0,322.42,0.0,1,10.37,10.46,SPY200313P00330000,330.0,0,0.0,0.0,,0.0,normalDay
2020-02-25,2476.0,-728.0,0.0,0,312.65,0.0,1,10.37,17.65,SPY200313P00330000,330.0,0,0.0,0.0,,0.0,normalDay
2020-02-26,2476.0,-911.0,0.0,0,311.5,0.0,1,10.37,19.48,SPY200313P00330000,330.0,0,0.0,0.0,,0.0,normalDay
2020-02-27,2476.0,-2329.0,0.0,0,297.51,0.0,1,10.37,33.66,SPY200313P00330000,330.0,0,0.0,0.0,,0.0,normalDay
2020-02-28,2476.0,-2252.0,0.0,0,296.26,0.0,1,10.37,32.89,SPY200313P00330000,330.0,0,0.0,0.0,,0.0,normalDay
2020-03-02,2476.0,-1079.0,0.0,0,309.09,0.0,1,10.37,21.16,SPY200313P00330000,330.0,0,0.0,0.0,,0.0,normalDay
2020-03-03,2476.0,-1833.0,0.0,0,300.24,0.0,1,10.37,28.7,SPY200313P00330000,330.0,0,0.0,0.0,,0.0,normalDay
2020-03-04,2476.0,-807.0,0.0,0,312.86,0.0,1,10.37,18.44,SPY200313P00330000,330.0,0,0.0,0.0,,0.0,normalDay
2020-03-05,2476.0,-1785.0,0.0,0,302.46,0.0,1,10.37,28.22,SPY200313P00330000,330.0,0,0.0,0.0,,0.0,normalDay
2020-03-06,2476.0,-2298.0,0.0,0,297.46,0.0,1,10.37,33.35,SPY200313P00330000,330.0,0,0.0,0.0,,0.0,normalDay
2020-03-09,2476.0,-4620.0,0.0,0,274.23,0.0,1,10.37,56.57,SPY200313P00330000,330.0,0,0.0,0.0,,0.0,normalDay
2020-03-10,2476.0,-3198.0,0.0,0,288.42,0.0,1,10.37,42.35,SPY200313P00330000,330.0,0,0.0,0.0,,0.0,normalDay
2020-03-11,2476.0,-4604.0,0.0,0,274.36,0.0,1,10.37,56.41,SPY200313P00330000,330.0,0,0.0,0.0,,0.0,normalDay
2020-03-12,2476.0,-7148.0,0.0,0,248.11,0.0,1,10.37,81.85,SPY200313P00330000,330.0,0,0.0,0.0,,0.0,normalDay
2020-03-13,3513.0,-6068.0,1037.0,100,269.32,330.0,1,10.37,0.0,SPY200313P00330000,330.0,0,0.0,0.0,,0.0,expirationDay
2020-03-16,3513.0,-9015.0,0.0,100,239.85,330.0,0,0.0,0.0,,0.0,0,0.0,0.0,,0.0,bidTooLow
2020-03-17,3513.0,-7720.0,0.0,100,252.8,330.0,0,0.0,0.0,,0.0,0,0.0,0.0,,0.0,bidTooLow
2020-03-18,3513.0,-9000.0,0.0,100,240.0,330.0,0,0.0,0.0,,0.0,0,0.0,0.0,,0.0,bidTooLow
2020-03-19,3513.0,-8949.0,0.0,100,240.51,330.0,0,0.0,0.0,,0.0,0,0.0,0.0,,0.0,bidTooLow
2020-03-20,3513.0,-10120.0,0.0,100,228.8,330.0,0,0.0,0.0,,0.0,0,0.0,0.0,,0.0,bidTooLow
2020-03-23,3513.0,-10705.0,0.0,100,222.95,330.0,0,0.0,0.0,,0.0,0,0.0,0.0,,0.0,bidTooLow
2020-03-24,3513.0,-8690.0,0.0,100,243.15,330.0,0,0.0,0.0,,0.0,1,0.11,0.16,SPY200330C00291000,291.0,normalDay
2020-03-25,3513.0,-8319.0,0.0,100,246.79,330.0,0,0.0,0.0,,0.0,1,0.11,0.09,SPY200330C00291000,291.0,normalDay
2020-03-26,3513.0,-6883.0,0.0,100,261.2,330.0,0,0.0,0.0,,0.0,1,0.11,0.14,SPY200330C00291000,291.0,normalDay
2020-03-27,3513.0,-7648.0,0.0,100,253.42,330.0,0,0.0,0.0,,0.0,1,0.11,0.01,SPY200330C00291000,291.0,normalDay
2020-03-30,3524.0,-6835.0,11.0,100,261.65,330.0,0,0.0,0.0,,0.0,1,0.11,0.0,SPY200330C00291000,291.0,expirationDay
2020-03-31,3524.0,-7230.0,0.0,100,257.75,330.0,0,0.0,0.0,,0.0,1,0.33,0.38,SPY200406C00276000,276.0,normalDay
2020-04-01,3524.0,-8362.0,0.0,100,246.15,330.0,0,0.0,0.0,,0.0,1,0.33,0.1,SPY200406C00276000,276.0,normalDay
2020-04-02,3524.0,-7792.0,0.0,100,251.83,330.0,0,0.0,0.0,,0.0,1,0.33,0.08,SPY200406C00276000,276.0,normalDay
2020-04-03,3524.0,-8149.0,0.0,100,248.19,330.0,0,0.0,0.0,,0.0,1,0.33,0.01,SPY200406C00276000,276.0,normalDay
2020-04-06,3557.0,-6514.0,33.0,100,264.86,330.0,0,0.0,0.0,,0.0,1,0.33,0.0,SPY200406C00276000,276.0,expirationDay
2020-04-07,3557.0,-6501.0,0.0,100,265.13,330.0,0,0.0,0.0,,0.0,1,8.9,9.04,SPY200413C00259000,259.0,normalDay
2020-04-08,3557.0,-6306.0,0.0,100,274.03,330.0,0,0.0,0.0,,0.0,1,8.9,15.99,SPY200413C00259000,259.0,normalDay
2020-04-09,3557.0,-6253.0,0.0,100,278.2,330.0,0,0.0,0.0,,0.0,1,8.9,19.63,SPY200413C00259000,259.0,normalDay
2020-04-13,-2653.0,-6253.0,-6210.0,0,275.66,0.0,0,0.0,0.0,,0.0,1,8.9,0.0,SPY200413C00259000,259.0,expirationDay
2020-04-14,-2653.0,-4.0,0.0,0,283.79,0.0,1,1.53,1.57,SPY200501P00250000,250.0,0,0.0,0.0,,0.0,normalDay
2020-04-15,-2653.0,-72.0,0.0,0,277.76,0.0,1,1.53,2.25,SPY200501P00250000,250.0,0,0.0,0.0,,0.0,normalDay
2020-04-16,-2653.0,-35.0,0.0,0,279.1,0.0,1,1.53,1.88,SPY200501P00250000,250.0,0,0.0,0.0,,0.0,normalDay
2020-04-17,-2653.0,65.0,0.0,0,286.64,0.0,1,1.53,0.88,SPY200501P00250000,250.0,0,0.0,0.0,,0.0,normalDay
2020-04-20,-2653.0,26.0,0.0,0,281.59,0.0,1,1.53,1.27,SPY200501P00250000,250.0,0,0.0,0.0,,0.0,normalDay
2020-04-21,-2653.0,-30.0,0.0,0,273.04,0.0,1,1.53,1.83,SPY200501P00250000,250.0,0,0.0,0.0,,0.0,normalDay
2020-04-22,-2653.0,68.0,0.0,0,279.1,0.0,1,1.53,0.85,SPY200501P00250000,250.0,0,0.0,0.0,,0.0,normalDay
2020-04-23,-2653.0,97.0,0.0,0,279.08,0.0,1,1.53,0.56,SPY200501P00250000,250.0,0,0.0,0.0,,0.0,normalDay
2020-04-24,-2653.0,142.0,0.0,0,282.97,0.0,1,1.53,0.11,SPY200501P00250000,250.0,0,0.0,0.0,,0.0,normalDay
2020-04-27,-2653.0,150.0,0.0,0,287.05,0.0,1,1.53,0.03,SPY200501P00250000,250.0,0,0.0,0.0,,0.0,normalDay
2020-04-28,-2653.0,150.0,0.0,0,285.73,0.0,1,1.53,0.03,SPY200501P00250000,250.0,0,0.0,0.0,,0.0,normalDay
2020-04-29,-2653.0,152.0,0.0,0,293.21,0.0,1,1.53,0.01,SPY200501P00250000,250.0,0,0.0,0.0,,0.0,normalDay
2020-04-30,-2653.0,152.0,0.0,0,290.48,0.0,1,1.53,0.01,SPY200501P00250000,250.0,0,0.0,0.0,,0.0,normalDay
2020-05-01,-2500.0,0.0,153.0,0,282.79,0.0,1,1.53,0.0,SPY200501P00250000,250.0,0,0.0,0.0,,0.0,expirationDay
2020-05-04,-2500.0,-8.0,0.0,0,283.57,0.0,1,6.32,6.4,SPY200522P00278000,278.0,0,0.0,0.0,,0.0,normalDay
2020-05-05,-2500.0,146.0,0.0,0,286.19,0.0,1,6.32,4.86,SPY200522P00278000,278.0,0,0.0,0.0,,0.0,normalDay
2020-05-06,-2500.0,100.0,0.0,0,284.25,0.0,1,6.32,5.32,SPY200522P00278000,278.0,0,0.0,0.0,,0.0,normalDay
2020-05-07,-2500.0,288.0,0.0,0,287.68,0.0,1,6.32,3.44,SPY200522P00278000,278.0,0,0.0,0.0,,0.0,normalDay
2020-05-08,-2500.0,460.0,0.0,0,292.44,0.0,1,6.32,1.72,SPY200522P00278000,278.0,0,0.0,0.0,,0.0,normalDay
2020-05-11,-2500.0,485.0,0.0,0,292.5,0.0,1,6.32,1.47,SPY200522P00278000,278.0,0,0.0,0.0,,0.0,normalDay
2020-05-12,-2500.0,309.0,0.0,0,286.67,0.0,1,6.32,3.23,SPY200522P00278000,278.0,0,0.0,0.0,,0.0,normalDay
2020-05-13,-2500.0,221.0,0.0,0,281.6,0.0,1,6.32,4.11,SPY200522P00278000,278.0,0,0.0,0.0,,0.0,normalDay
2020-05-14,-2500.0,357.0,0.0,0,284.97,0.0,1,6.32,2.75,SPY200522P00278000,278.0,0,0.0,0.0,,0.0,normalDay
2020-05-15,-2500.0,422.0,0.0,0,286.28,0.0,1,6.32,2.1,SPY200522P00278000,278.0,0,0.0,0.0,,0.0,normalDay
2020-05-18,-2500.0,601.0,0.0,0,295.0,0.0,1,6.32,0.31,SPY200522P00278000,278.0,0,0.0,0.0,,0.0,normalDay
2020-05-19,-2500.0,607.0,0.0,0,291.97,0.0,1,6.32,0.25,SPY200522P00278000,278.0,0,0.0,0.0,,0.0,normalDay
2020-05-20,-2500.0,629.0,0.0,0,296.93,0.0,1,6.32,0.03,SPY200522P00278000,278.0,0,0.0,0.0,,0.0,normalDay
2020-05-21,-2500.0,631.0,0.0,0,294.88,0.0,1,6.32,0.01,SPY200522P00278000,278.0,0,0.0,0.0,,0.0,normalDay
2020-05-22,-1868.0,0.0,632.0,0,295.44,0.0,1,6.32,0.0,SPY200522P00278000,278.0,0,0.0,0.0,,0.0,expirationDay
2020-05-26,-1868.0,-5.0,0.0,0,299.08,0.0,1,2.84,2.89,SPY200612P00288000,288.0,0,0.0,0.0,,0.0,normalDay
2020-05-27,-1868.0,76.0,0.0,0,303.53,0.0,1,2.84,2.08,SPY200612P00288000,288.0,0,0.0,0.0,,0.0,normalDay
2020-05-28,-1868.0,82.0,0.0,0,302.97,0.0,1,2.84,2.02,SPY200612P00288000,288.0,0,0.0,0.0,,0.0,normalDay
2020-05-29,-1868.0,134.0,0.0,0,304.32,0.0,1,2.84,1.5,SPY200612P00288000,288.0,0,0.0,0.0,,0.0,normalDay
2020-06-01,-1868.0,157.0,0.0,0,305.55,0.0,1,2.84,1.27,SPY200612P00288000,288.0,0,0.0,0.0,,0.0,normalDay
2020-06-02,-1868.0,208.0,0.0,0,308.08,0.0,1,2.84,0.76,SPY200612P00288000,288.0,0,0.0,0.0,,0.0,normalDay
2020-06-03,-1868.0,248.0,0.0,0,312.18,0.0,1,2.84,0.36,SPY200612P00288000,288.0,0,0.0,0.0,,0.0,normalDay
2020-06-04,-1868.0,254.0,0.0,0,311.36,0.0,1,2.84,0.3,SPY200612P00288000,288.0,0,0.0,0.0,,0.0,normalDay
2020-06-05,-1868.0,275.0,0.0,0,319.34,0.0,1,2.84,0.09,SPY200612P00288000,288.0,0,0.0,0.0,,0.0,normalDay
2020-06-08,-1868.0,279.0,0.0,0,323.2,0.0,1,2.84,0.05,SPY200612P00288000,288.0,0,0.0,0.0,,0.0,normalDay
2020-06-09,-1868.0,279.0,0.0,0,320.79,0.0,1,2.84,0.05,SPY200612P00288000,288.0,0,0.0,0.0,,0.0,normalDay
2020-06-10,-1868.0,281.0,0.0,0,319.0,0.0,1,2.84,0.03,SPY200612P00288000,288.0,0,0.0,0.0,,0.0,normalDay
2020-06-11,-1868.0,246.0,0.0,0,300.61,0.0,1,2.84,0.38,SPY200612P00288000,288.0,0,0.0,0.0,,0.0,normalDay
2020-06-12,-1584.0,0.0,284.0,0,304.21,0.0,1,2.84,0.0,SPY200612P00288000,288.0,0,0.0,0.0,,0.0,expirationDay
2020-06-15,-1584.0,-7.0,0.0,0,307.05,0.0,1,7.05,7.12,SPY200702P00303000,303.0,0,0.0,0.0,,0.0,normalDay
2020-06-16,-1584.0,173.0,0.0,0,312.96,0.0,1,7.05,5.32,SPY200702P00303000,303.0,0,0.0,0.0,,0.0,normalDay
2020-06-17,-1584.0,205.0,0.0,0,311.66,0.0,1,7.05,5.0,SPY200702P00303000,303.0,0,0.0,0.0,,0.0,normalDay
2020-06-18,-1584.0,252.0,0.0,0,311.78,0.0,1,7.05,4.53,SPY200702P00303000,303.0,0,0.0,0.0,,0.0,normalDay
2020-06-19,-1584.0,155.0,0.0,0,308.64,0.0,1,7.05,5.5,SPY200702P00303000,303.0,0,0.0,0.0,,0.0,normalDay
2020-06-22,-1584.0,374.0,0.0,0,310.62,0.0,1,7.05,3.31,SPY200702P00303000,303.0,0,0.0,0.0,,0.0,normalDay
2020-06-23,-1584.0,433.0,0.0,0,312.05,0.0,1,7.05,2.72,SPY200702P00303000,303.0,0,0.0,0.0,,0.0,normalDay
2020-06-24,-1584.0,201.0,0.0,0,304.09,0.0,1,7.05,5.04,SPY200702P00303000,303.0,0,0.0,0.0,,0.0,normalDay
2020-06-25,-1584.0,393.0,0.0,0,307.35,0.0,1,7.05,3.12,SPY200702P00303000,303.0,0,0.0,0.0,,0.0,normalDay
2020-06-26,-1584.0,157.0,0.0,0,300.05,0.0,1,7.05,5.48,SPY200702P00303000,303.0,0,0.0,0.0,,0.0,normalDay
2020-06-29,-1584.0,433.0,0.0,0,304.46,0.0,1,7.05,2.72,SPY200702P00303000,303.0,0,0.0,0.0,,0.0,normalDay
2020-06-30,-1584.0,600.0,0.0,0,308.36,0.0,1,7.05,1.05,SPY200702P00303000,303.0,0,0.0,0.0,,0.0,normalDay
2020-07-01,-1584.0,680.0,0.0,0,310.52,0.0,1,7.05,0.25,SPY200702P00303000,303.0,0,0.0,0.0,,0.0,normalDay
2020-07-02,-879.0,0.0,705.0,0,312.23,0.0,1,7.05,0.0,SPY200702P00303000,303.0,0,0.0,0.0,,0.0,expirationDay
2020-07-06,-879.0,-5.0,0.0,0,317.05,0.0,1,3.5,3.55,SPY200724P00308000,308.0,0,0.0,0.0,,0.0,normalDay
2020-07-07,-879.0,-108.0,0.0,0,313.78,0.0,1,3.5,4.58,SPY200724P00308000,308.0,0,0.0,0.0,,0.0,normalDay
2020-07-08,-879.0,17.0,0.0,0,316.18,0.0,1,3.5,3.33,SPY200724P00308000,308.0,0,0.0,0.0,,0.0,normalDay
2020-07-09,-879.0,-42.0,0.0,0,314.38,0.0,1,3.5,3.92,SPY200724P00308000,308.0,0,0.0,0.0,,0.0,normalDay
2020-07-10,-879.0,104.0,0.0,0,317.59,0.0,1,3.5,2.46,SPY200724P00308000,308.0,0,0.0,0.0,,0.0,normalDay
2020-07-13,-879.0,-22.0,0.0,0,314.84,0.0,1,3.5,3.72,SPY200724P00308000,308.0,0,0.0,0.0,,0.0,normalDay
2020-07-14,-879.0,127.0,0.0,0,318.92,0.0,1,3.5,2.23,SPY200724P00308000,308.0,0,0.0,0.0,,0.0,normalDay
2020-07-15,-879.0,223.0,0.0,0,321.85,0.0,1,3.5,1.27,SPY200724P00308000,308.0,0,0.0,0.0,,0.0,normalDay
2020-07-16,-879.0,215.0,0.0,0,320.79,0.0,1,3.5,1.35,SPY200724P00308000,308.0,0,0.0,0.0,,0.0,normalDay
2020-07-17,-879.0,298.0,0.0,0,321.72,0.0,1,3.5,0.52,SPY200724P00308000,308.0,0,0.0,0.0,,0.0,normalDay
2020-07-20,-879.0,335.0,0.0,0,324.32,0.0,1,3.5,0.15,SPY200724P00308000,308.0,0,0.0,0.0,,0.0,normalDay
2020-07-21,-879.0,342.0,0.0,0,325.01,0.0,1,3.5,0.08,SPY200724P00308000,308.0,0,0.0,0.0,,0.0,normalDay
2020-07-22,-879.0,346.0,0.0,0,326.86,0.0,1,3.5,0.04,SPY200724P00308000,308.0,0,0.0,0.0,,0.0,normalDay
2020-07-23,-879.0,347.0,0.0,0,322.96,0.0,1,3.5,0.03,SPY200724P00308000,308.0,0,0.0,0.0,,0.0,normalDay
2020-07-24,-529.0,0.0,350.0,0,320.88,0.0,1,3.5,0.0,SPY200724P00308000,308.0,0,0.0,0.0,,0.0,expirationDay
2020-07-27,-529.0,-6.0,0.0,0,323.22,0.0,1,3.4,3.46,SPY200814P00316000,316.0,0,0.0,0.0,,0.0,normalDay
2020-07-28,-529.0,-70.0,0.0,0,321.17,0.0,1,3.4,4.1,SPY200814P00316000,316.0,0,0.0,0.0,,0.0,normalDay
2020-07-29,-529.0,74.0,0.0,0,325.12,0.0,1,3.4,2.66,SPY200814P00316000,316.0,0,0.0,0.0,,0.0,normalDay
2020-07-30,-529.0,48.0,0.0,0,323.96,0.0,1,3.4,2.92,SPY200814P00316000,316.0,0,0.0,0.0,,0.0,normalDay
2020-07-31,-529.0,152.0,0.0,0,326.52,0.0,1,3.4,1.88,SPY200814P00316000,316.0,0,0.0,0.0,,0.0,normalDay
2020-08-03,-529.0,215.0,0.0,0,328.79,0.0,1,3.4,1.25,SPY200814P00316000,316.0,0,0.0,0.0,,0.0,normalDay
2020-08-04,-529.0,247.0,0.0,0,330.06,0.0,1,3.4,0.93,SPY200814P00316000,316.0,0,0.0,0.0,,0.0,normalDay
2020-08-05,-529.0,284.0,0.0,0,332.11,0.0,1,3.4,0.56,SPY200814P00316000,316.0,0,0.0,0.0,,0.0,normalDay
2020-08-06,-529.0,299.0,0.0,0,334.33,0.0,1,3.4,0.41,SPY200814P00316000,316.0,0,0.0,0.0,,0.0,normalDay
2020-08-07,-529.0,318.0,0.0,0,334.57,0.0,1,3.4,0.22,SPY200814P00316000,316.0,0,0.0,0.0,,0.0,normalDay
2020-08-10,-529.0,330.0,0.0,0,335.57,0.0,1,3.4,0.1,SPY200814P00316000,316.0,0,0.0,0.0,,0.0,normalDay
2020-08-11,-529.0,321.0,0.0,0,332.8,0.0,1,3.4,0.19,SPY200814P00316000,316.0,0,0.0,0.0,,0.0,normalDay
2020-08-12,-529.0,337.0,0.0,0,337.44,0.0,1,3.4,0.03,SPY200814P00316000,316.0,0,0.0,0.0,,0.0,normalDay
2020-08-13,-529.0,338.0,0.0,0,336.83,0.0,1,3.4,0.02,SPY200814P00316000,316.0,0,0.0,0.0,,0.0,normalDay
2020-08-14,-189.0,0.0,340.0,0,336.84,0.0,1,3.4,0.0,SPY200814P00316000,316.0,0,0.0,0.0,,0.0,expirationDay
2020-08-17,-189.0,-5.0,0.0,0,337.91,0.0,1,2.27,2.32,SPY200904P00328000,328.0,0,0.0,0.0,,0.0,normalDay
2020-08-18,-189.0,21.0,0.0,0,338.64,0.0,1,2.27,2.06,SPY200904P00328000,328.0,0,0.0,0.0,,0.0,normalDay
2020-08-19,-189.0,-7.0,0.0,0,337.23,0.0,1,2.27,2.34,SPY200904P00328000,328.0,0,0.0,0.0,,0.0,normalDay
2020-08-20,-189.0,27.0,0.0,0,338.28,0.0,1,2.27,2.0,SPY200904P00328000,328.0,0,0.0,0.0,,0.0,normalDay
2020-08-21,-189.0,72.0,0.0,0,339.48,0.0,1,2.27,1.55,SPY200904P00328000,328.0,0,0.0,0.0,,0.0,normalDay
2020-08-24,-189.0,136.0,0.0,0,342.92,0.0,1,2.27,0.91,SPY200904P00328000,328.0,0,0.0,0.0,,0.0,normalDay
2020-08-25,-189.0,162.0,0.0,0,344.12,0.0,1,2.27,0.65,SPY200904P00328000,328.0,0,0.0,0.0,,0.0,normalDay
2020-08-26,-189.0,176.0,0.0,0,347.57,0.0,1,2.27,0.51,SPY200904P00328000,328.0,0,0.0,0.0,,0.0,normalDay
2020-08-27,-189.0,187.0,0.0,0,348.33,0.0,1,2.27,0.4,SPY200904P00328000,328.0,0,0.0,0.0,,0.0,normalDay
2020-08-28,-189.0,215.0,0.0,0,350.58,0.0,1,2.27,0.12,SPY200904P00328000,328.0,0,0.0,0.0,,0.0,normalDay
2020-08-31,-189.0,212.0,0.0,0,349.31,0.0,1,2.27,0.15,SPY200904P00328000,328.0,0,0.0,0.0,,0.0,normalDay
2020-09-01,-189.0,221.0,0.0,0,352.6,0.0,1,2.27,0.06,SPY200904P00328000,328.0,0,0.0,0.0,,0.0,normalDay
2020-09-02,-189.0,223.0,0.0,0,357.7,0.0,1,2.27,0.04,SPY200904P00328000,328.0,0,0.0,0.0,,0.0,normalDay
2020-09-03,-189.0,215.0,0.0,0,345.39,0.0,1,2.27,0.12,SPY200904P00328000,328.0,0,0.0,0.0,,0.0,normalDay
2020-09-04,38.0,0.0,227.0,0,342.57,0.0,1,2.27,0.0,SPY200904P00328000,328.0,0,0.0,0.0,,0.0,expirationDay
2020-09-08,38.0,-24.0,0.0,0,333.21,0.0,1,11.56,11.8,SPY200925P00340000,340.0,0,0.0,0.0,,0.0,normalDay
2020-09-09,38.0,376.0,0.0,0,339.79,0.0,1,11.56,7.8,SPY200925P00340000,340.0,0,0.0,0.0,,0.0,normalDay
2020-09-10,38.0,82.0,0.0,0,333.89,0.0,1,11.56,10.74,SPY200925P00340000,340.0,0,0.0,0.0,,0.0,normalDay
2020-09-11,38.0,102.0,0.0,0,334.06,0.0,1,11.56,10.54,SPY200925P00340000,340.0,0,0.0,0.0,,0.0,normalDay
2020-09-14,38.0,514.0,0.0,0,338.46,0.0,1,11.56,6.42,SPY200925P00340000,340.0,0,0.0,0.0,,0.0,normalDay
2020-09-15,38.0,639.0,0.0,0,340.17,0.0,1,11.56,5.17,SPY200925P00340000,340.0,0,0.0,0.0,,0.0,normalDay
2020-09-16,38.0,583.0,0.0,0,338.82,0.0,1,11.56,5.73,SPY200925P00340000,340.0,0,0.0,0.0,,0.0,normalDay
2020-09-17,38.0,433.0,0.0,0,335.84,0.0,1,11.56,7.23,SPY200925P00340000,340.0,0,0.0,0.0,,0.0,normalDay
2020-09-18,38.0,158.0,0.0,0,330.65,0.0,1,11.56,9.98,SPY200925P00340000,340.0,0,0.0,0.0,,0.0,normalDay
2020-09-21,38.0,-122.0,0.0,0,326.97,0.0,1,11.56,12.78,SPY200925P00340000,340.0,0,0.0,0.0,,0.0,normalDay
2020-09-22,38.0,147.0,0.0,0,330.3,0.0,1,11.56,10.09,SPY200925P00340000,340.0,0,0.0,0.0,,0.0,normalDay
2020-09-23,38.0,-579.0,0.0,0,322.64,0.0,1,11.56,17.35,SPY200925P00340000,340.0,0,0.0,0.0,,0.0,normalDay
2020-09-24,38.0,-475.0,0.0,0,323.5,0.0,1,11.56,16.31,SPY200925P00340000,340.0,0,0.0,0.0,,0.0,normalDay
2020-09-25,1194.0,-1127.0,1156.0,100,328.73,340.0,1,11.56,0.0,SPY200925P00340000,340.0,0,0.0,0.0,,0.0,expirationDay
2020-09-28,1194.0,-585.0,0.0,100,334.19,340.0,0,0.0,0.0,,0.0,1,0.51,0.55,SPY201002C00343000,343.0,normalDay
2020-09-29,1194.0,-752.0,0.0,100,332.37,340.0,0,0.0,0.0,,0.0,1,0.51,0.4,SPY201002C00343000,343.0,normalDay
2020-09-30,1194.0,-482.0,0.0,100,334.89,340.0,0,0.0,0.0,,0.0,1,0.51,0.22,SPY201002C00343000,343.0,normalDay
2020-10-01,1194.0,-267.0,0.0,100,337.04,340.0,0,0.0,0.0,,0.0,1,0.51,0.22,SPY201002C00343000,343.0,normalDay
2020-10-02,1245.0,-616.0,51.0,100,333.84,340.0,0,0.0,0.0,,0.0,1,0.51,0.0,SPY201002C00343000,343.0,expirationDay
2020-10-05,1245.0,-29.0,0.0,100,339.76,340.0,0,0.0,0.0,,0.0,1,4.65,4.7,SPY201009C00337000,337.0,normalDay
2020-10-06,1245.0,-267.0,0.0,100,334.93,340.0,0,0.0,0.0,,0.0,1,4.65,2.25,SPY201009C00337000,337.0,normalDay
2020-10-07,1245.0,79.0,0.0,100,340.76,340.0,0,0.0,0.0,,0.0,1,4.65,4.62,SPY201009C00337000,337.0,normalDay
2020-10-08,1245.0,168.0,0.0,100,343.78,340.0,0,0.0,0.0,,0.0,1,4.65,6.75,SPY201009C00337000,337.0,normalDay
2020-10-09,1410.0,168.0,165.0,0,346.85,0.0,0,0.0,0.0,,0.0,1,4.65,0.0,SPY201009C00337000,337.0,expirationDay
2020-10-12,1410.0,-4.0,0.0,0,352.43,0.0,1,1.41,1.45,SPY201030P00333000,333.0,0,0.0,0.0,,0.0,normalDay
2020-10-13,1410.0,-30.0,0.0,0,350.13,0.0,1,1.41,1.71,SPY201030P00333000,333.0,0,0.0,0.0,,0.0,normalDay
2020-10-14,1410.0,-51.0,0.0,0,347.93,0.0,1,1.41,1.92,SPY201030P00333000,333.0,0,0.0,0.0,,0.0,normalDay
2020-10-15,1410.0,-41.0,0.0,0,347.5,0.0,1,1.41,1.82,SPY201030P00333000,333.0,0,0.0,0.0,,0.0,normalDay
2020-10-16,1410.0,-36.0,0.0,0,347.29,0.0,1,1.41,1.77,SPY201030P00333000,333.0,0,0.0,0.0,,0.0,normalDay
2020-10-19,1410.0,-101.0,0.0,0,342.01,0.0,1,1.41,2.42,SPY201030P00333000,333.0,0,0.0,0.0,,0.0,normalDay
2020-10-20,1410.0,-71.0,0.0,0,343.38,0.0,1,1.41,2.12,SPY201030P00333000,333.0,0,0.0,0.0,,0.0,normalDay
2020-10-21,1410.0,-23.0,0.0,0,342.73,0.0,1,1.41,1.64,SPY201030P00333000,333.0,0,0.0,0.0,,0.0,normalDay
2020-10-22,1410.0,28.0,0.0,0,344.61,0.0,1,1.41,1.13,SPY201030P00333000,333.0,0,0.0,0.0,,0.0,normalDay
2020-10-23,1410.0,76.0,0.0,0,345.78,0.0,1,1.41,0.65,SPY201030P00333000,333.0,0,0.0,0.0,,0.0,normalDay
2020-10-26,1410.0,-31.0,0.0,0,339.39,0.0,1,1.41,1.72,SPY201030P00333000,333.0,0,0.0,0.0,,0.0,normalDay
2020-10-27,1410.0,7.0,0.0,0,338.22,0.0,1,1.41,1.34,SPY201030P00333000,333.0,0,0.0,0.0,,0.0,normalDay
2020-10-28,1410.0,-629.0,0.0,0,326.66,0.0,1,1.41,7.7,SPY201030P00333000,333.0,0,0.0,0.0,,0.0,normalDay
2020-10-29,1410.0,-218.0,0.0,0,329.98,0.0,1,1.41,3.59,SPY201030P00333000,333.0,0,0.0,0.0,,0.0,normalDay
2020-10-30,1551.0,-646.0,141.0,100,326.54,333.0,1,1.41,0.0,SPY201030P00333000,333.0,0,0.0,0.0,,0.0,expirationDay
2020-11-02,1551.0,-283.0,0.0,100,330.2,333.0,0,0.0,0.0,,0.0,1,0.61,0.64,SPY201106C00346000,346.0,normalDay
2020-11-03,1551.0,202.0,0.0,100,336.03,333.0,0,0.0,0.0,,0.0,1,0.61,1.62,SPY201106C00346000,346.0,normalDay
2020-11-04,1551.0,892.0,0.0,100,343.54,333.0,0,0.0,0.0,,0.0,1,0.61,2.23,SPY201106C00346000,346.0,normalDay
2020-11-05,1551.0,1275.0,0.0,100,350.24,333.0,0,0.0,0.0,,0.0,1,0.61,5.1,SPY201106C00346000,346.0,normalDay
2020-11-06,2912.0,1275.0,1361.0,0,350.16,0.0,0,0.0,0.0,,0.0,1,0.61,0.0,SPY201106C00346000,346.0,expirationDay
2020-11-09,2912.0,-7.0,0.0,0,354.56,0.0,1,2.34,2.41,SPY201127P00339000,339.0,0,0.0,0.0,,0.0,normalDay
2020-11-10,2912.0,15.0,0.0,0,354.04,0.0,1,2.34,2.19,SPY201127P00339000,339.0,0,0.0,0.0,,0.0,normalDay
2020-11-11,2912.0,88.0,0.0,0,356.67,0.0,1,2.34,1.46,SPY201127P00339000,339.0,0,0.0,0.0,,0.0,normalDay
2020-11-12,2912.0,27.0,0.0,0,353.21,0.0,1,2.34,2.07,SPY201127P00339000,339.0,0,0.0,0.0,,0.0,normalDay
2020-11-13,2912.0,119.0,0.0,0,358.1,0.0,1,2.34,1.15,SPY201127P00339000,339.0,0,0.0,0.0,,0.0,normalDay
2020-11-16,2912.0,187.0,0.0,0,362.57,0.0,1,2.34,0.47,SPY201127P00339000,339.0,0,0.0,0.0,,0.0,normalDay
2020-11-17,2912.0,192.0,0.0,0,360.62,0.0,1,2.34,0.42,SPY201127P00339000,339.0,0,0.0,0.0,,0.0,normalDay
2020-11-18,2912.0,180.0,0.0,0,356.28,0.0,1,2.34,0.54,SPY201127P00339000,339.0,0,0.0,0.0,,0.0,normalDay
2020-11-19,2912.0,200.0,0.0,0,357.78,0.0,1,2.34,0.34,SPY201127P00339000,339.0,0,0.0,0.0,,0.0,normalDay
2020-11-20,2912.0,207.0,0.0,0,355.33,0.0,1,2.34,0.27,SPY201127P00339000,339.0,0,0.0,0.0,,0.0,normalDay
2020-11-23,2912.0,228.0,0.0,0,357.46,0.0,1,2.34,0.06,SPY201127P00339000,339.0,0,0.0,0.0,,0.0,normalDay
2020-11-24,2912.0,231.0,0.0,0,363.22,0.0,1,2.34,0.03,SPY201127P00339000,339.0,0,0.0,0.0,,0.0,normalDay
2020-11-25,2912.0,233.0,0.0,0,362.66,0.0,1,2.34,0.01,SPY201127P00339000,339.0,0,0.0,0.0,,0.0,normalDay
2020-11-27,3146.0,0.0,234.0,0,363.67,0.0,1,2.34,0.0,SPY201127P00339000,339.0,0,0.0,0.0,,0.0,expirationDay
2020-11-30,3146.0,-5.0,0.0,0,362.06,0.0,1,2.95,3.0,SPY201218P00352000,352.0,0,0.0,0.0,,0.0,normalDay
2020-12-01,3146.0,62.0,0.0,0,366.02,0.0,1,2.95,2.33,SPY201218P00352000,352.0,0,0.0,0.0,,0.0,normalDay
2020-12-02,3146.0,93.0,0.0,0,366.79,0.0,1,2.95,2.02,SPY201218P00352000,352.0,0,0.0,0.0,,0.0,normalDay
2020-12-03,3146.0,99.0,0.0,0,366.69,0.0,1,2.95,1.96,SPY201218P00352000,352.0,0,0.0,0.0,,0.0,normalDay
2020-12-04,3146.0,171.0,0.0,0,369.85,0.0,1,2.95,1.24,SPY201218P00352000,352.0,0,0.0,0.0,,0.0,normalDay
2020-12-07,3146.0,194.0,0.0,0,369.09,0.0,1,2.95,1.01,SPY201218P00352000,352.0,0,0.0,0.0,,0.0,normalDay
2020-12-08,3146.0,226.0,0.0,0,370.17,0.0,1,2.95,0.69,SPY201218P00352000,352.0,0,0.0,0.0,,0.0,normalDay
2020-12-09,3146.0,190.0,0.0,0,366.85,0.0,1,2.95,1.05,SPY201218P00352000,352.0,0,0.0,0.0,,0.0,normalDay
2020-12-10,3146.0,208.0,0.0,0,366.73,0.0,1,2.95,0.87,SPY201218P00352000,352.0,0,0.0,0.0,,0.0,normalDay
2020-12-11,3146.0,210.0,0.0,0,366.3,0.0,1,2.95,0.85,SPY201218P00352000,352.0,0,0.0,0.0,,0.0,normalDay
2020-12-14,3146.0,216.0,0.0,0,364.66,0.0,1,2.95,0.79,SPY201218P00352000,352.0,0,0.0,0.0,,0.0,normalDay
2020-12-15,3146.0,264.0,0.0,0,369.59,0.0,1,2.95,0.31,SPY201218P00352000,352.0,0,0.0,0.0,,0.0,normalDay
2020-12-16,3146.0,281.0,0.0,0,370.17,0.0,1,2.95,0.14,SPY201218P00352000,352.0,0,0.0,0.0,,0.0,normalDay
2020-12-17,3146.0,286.0,0.0,0,372.24,0.0,1,2.95,0.09,SPY201218P00352000,352.0,0,0.0,0.0,,0.0,normalDay
2020-12-18,3441.0,0.0,295.0,0,369.18,0.0,1,2.95,0.0,SPY201218P00352000,352.0,0,0.0,0.0,,0.0,expirationDay
2020-12-21,3441.0,-7.0,0.0,0,367.86,0.0,1,5.77,5.84,SPY210108P00366000,366.0,0,0.0,0.0,,0.0,normalDay
2020-12-22,3441.0,13.0,0.0,0,367.24,0.0,1,5.77,5.64,SPY210108P00366000,366.0,0,0.0,0.0,,0.0,normalDay
2020-12-23,3441.0,79.0,0.0,0,367.57,0.0,1,5.77,4.98,SPY210108P00366000,366.0,0,0.0,0.0,,0.0,normalDay
2020-12-24,3441.0,188.0,0.0,0,369.0,0.0,1,5.77,3.89,SPY210108P00366000,366.0,0,0.0,0.0,,0.0,normalDay
2020-12-28,3441.0,341.0,0.0,0,372.17,0.0,1,5.77,2.36,SPY210108P00366000,366.0,0,0.0,0.0,,0.0,normalDay
2020-12-29,3441.0,312.0,0.0,0,371.46,0.0,1,5.77,2.65,SPY210108P00366000,366.0,0,0.0,0.0,,0.0,normalDay
2020-12-30,3441.0,347.0,0.0,0,371.99,0.0,1,5.77,2.3,SPY210108P00366000,366.0,0,0.0,0.0,,0.0,normalDay
2020-12-31,3441.0,422.0,0.0,0,373.88,0.0,1,5.77,1.55,SPY210108P00366000,366.0,0,0.0,0.0,,0.0,normalDay
2021-01-04,3441.0,280.0,0.0,0,368.79,0.0,1,5.77,2.97,SPY210108P00366000,366.0,0,0.0,0.0,,0.0,normalDay
2021-01-05,3441.0,403.0,0.0,0,371.33,0.0,1,5.77,1.74,SPY210108P00366000,366.0,0,0.0,0.0,,0.0,normalDay
2021-01-06,3441.0,483.0,0.0,0,373.55,0.0,1,5.77,0.94,SPY210108P00366000,366.0,0,0.0,0.0,,0.0,normalDay
2021-01-07,3441.0,572.0,0.0,0,379.1,0.0,1,5.77,0.05,SPY210108P00366000,366.0,0,0.0,0.0,,0.0,normalDay
2021-01-08,4018.0,0.0,577.0,0,381.26,0.0,1,5.77,0.0,SPY210108P00366000,366.0,0,0.0,0.0,,0.0,expirationDay
2021-01-11,4018.0,-5.0,0.0,0,378.69,0.0,1,3.75,3.8,SPY210129P00370000,370.0,0,0.0,0.0,,0.0,normalDay
2021-01-12,4018.0,28.0,0.0,0,378.77,0.0,1,3.75,3.47,SPY210129P00370000,370.0,0,0.0,0.0,,0.0,normalDay
2021-01-13,4018.0,103.0,0.0,0,379.79,0.0,1,3.75,2.72,SPY210129P00370000,370.0,0,0.0,0.0,,0.0,normalDay
2021-01-14,4018.0,62.0,0.0,0,378.46,0.0,1,3.75,3.13,SPY210129P00370000,370.0,0,0.0,0.0,,0.0,normalDay
2021-01-15,4018.0,-19.0,0.0,0,375.7,0.0,1,3.75,3.94,SPY210129P00370000,370.0,0,0.0,0.0,,0.0,normalDay
2021-01-19,4018.0,150.0,0.0,0,378.65,0.0,1,3.75,2.25,SPY210129P00370000,370.0,0,0.0,0.0,,0.0,normalDay
2021-01-20,4018.0,276.0,0.0,0,383.89,0.0,1,3.75,0.99,SPY210129P00370000,370.0,0,0.0,0.0,,0.0,normalDay
2021-01-21,4018.0,301.0,0.0,0,384.24,0.0,1,3.75,0.74,SPY210129P00370000,370.0,0,0.0,0.0,,0.0,normalDay
2021-01-22,4018.0,312.0,0.0,0,382.88,0.0,1,3.75,0.63,SPY210129P00370000,370.0,0,0.0,0.0,,0.0,normalDay
2021-01-25,4018.0,338.0,0.0,0,384.39,0.0,1,3.75,0.37,SPY210129P00370000,370.0,0,0.0,0.0,,0.0,normalDay
2021-01-26,4018.0,352.0,0.0,0,383.79,0.0,1,3.75,0.23,SPY210129P00370000,370.0,0,0.0,0.0,,0.0,normalDay
2021-01-27,4018.0,110.0,0.0,0,374.41,0.0,1,3.75,2.65,SPY210129P00370000,370.0,0,0.0,0.0,,0.0,normalDay
2021-01-28,4018.0,332.0,0.0,0,377.63,0.0,1,3.75,0.43,SPY210129P00370000,370.0,0,0.0,0.0,,0.0,normalDay
2021-01-29,4393.0,0.0,375.0,0,370.07,0.0,1,3.75,0.0,SPY210129P00370000,370.0,0,0.0,0.0,,0.0,expirationDay
2021-02-01,4393.0,-4.0,0.0,0,376.23,0.0,1,8.09,8.13,SPY210219P00377000,377.0,0,0.0,0.0,,0.0,normalDay
2021-02-02,4393.0,365.0,0.0,0,381.55,0.0,1,8.09,4.44,SPY210219P00377000,377.0,0,0.0,0.0,,0.0,normalDay
2021-02-03,4393.0,445.0,0.0,0,381.85,0.0,1,8.09,3.64,SPY210219P00377000,377.0,0,0.0,0.0,,0.0,normalDay
2021-02-04,4393.0,576.0,0.0,0,386.19,0.0,1,8.09,2.33,SPY210219P00377000,377.0,0,0.0,0.0,,0.0,normalDay
2021-02-05,4393.0,649.0,0.0,0,387.71,0.0,1,8.09,1.6,SPY210219P00377000,377.0,0,0.0,0.0,,0.0,normalDay
2021-02-08,4393.0,705.0,0.0,0,390.51,0.0,1,8.09,1.04,SPY210219P00377000,377.0,0,0.0,0.0,,0.0,normalDay
2021-02-09,4393.0,713.0,0.0,0,390.25,0.0,1,8.09,0.96,SPY210219P00377000,377.0,0,0.0,0.0,,0.0,normalDay
2021-02-10,4393.0,711.0,0.0,0,390.08,0.0,1,8.09,0.98,SPY210219P00377000,377.0,0,0.0,0.0,,0.0,normalDay
2021-02-11,4393.0,735.0,0.0,0,390.71,0.0,1,8.09,0.74,SPY210219P00377000,377.0,0,0.0,0.0,,0.0,normalDay
2021-02-12,4393.0,783.0,0.0,0,392.64,0.0,1,8.09,0.26,SPY210219P00377000,377.0,0,0.0,0.0,,0.0,normalDay
2021-02-16,4393.0,791.0,0.0,0,392.3,0.0,1,8.09,0.18,SPY210219P00377000,377.0,0,0.0,0.0,,0.0,normalDay
2021-02-17,4393.0,800.0,0.0,0,392.39,0.0,1,8.09,0.09,SPY210219P00377000,377.0,0,0.0,0.0,,0.0,normalDay
2021-02-18,4393.0,803.0,0.0,0,390.72,0.0,1,8.09,0.06,SPY210219P00377000,377.0,0,0.0,0.0,,0.0,normalDay
2021-02-19,5202.0,0.0,809.0,0,390.03,0.0,1,8.09,0.0,SPY210219P00377000,377.0,0,0.0,0.0,,0.0,expirationDay
2021-02-22,5202.0,-6.0,0.0,0,387.03,0.0,1,5.01,5.07,SPY210312P00384000,384.0,0,0.0,0.0,,0.0,normalDay
2021-02-23,5202.0,23.0,0.0,0,387.5,0.0,1,5.01,4.78,SPY210312P00384000,384.0,0,0.0,0.0,,0.0,normalDay
2021-02-24,5202.0,206.0,0.0,0,391.77,0.0,1,5.01,2.95,SPY210312P00384000,384.0,0,0.0,0.0,,0.0,normalDay
2021-02-25,5202.0,-267.0,0.0,0,382.33,0.0,1,5.01,7.68,SPY210312P00384000,384.0,0,0.0,0.0,,0.0,normalDay
2021-02-26,5202.0,-339.0,0.0,0,380.36,0.0,1,5.01,8.4,SPY210312P00384000,384.0,0,0.0,0.0,,0.0,normalDay
2021-03-01,5202.0,178.0,0.0,0,389.58,0.0,1,5.01,3.23,SPY210312P00384000,384.0,0,0.0,0.0,,0.0,normalDay
2021-03-02,5202.0,80.0,0.0,0,386.54,0.0,1,5.01,4.21,SPY210312P00384000,384.0,0,0.0,0.0,,0.0,normalDay
2021-03-03,5202.0,-159.0,0.0,0,381.42,0.0,1,5.01,6.6,SPY210312P00384000,384.0,0,0.0,0.0,,0.0,normalDay
2021-03-04,5202.0,-434.0,0.0,0,376.7,0.0,1,5.01,9.35,SPY210312P00384000,384.0,0,0.0,0.0,,0.0,normalDay
2021-03-05,5202.0,38.0,0.0,0,383.63,0.0,1,5.01,4.63,SPY210312P00384000,384.0,0,0.0,0.0,,0.0,normalDay
2021-03-08,5202.0,3.0,0.0,0,381.72,0.0,1,5.01,4.98,SPY210312P00384000,384.0,0,0.0,0.0,,0.0,normalDay
2021-03-09,5202.0,292.0,0.0,0,387.17,0.0,1,5.01,2.09,SPY210312P00384000,384.0,0,0.0,0.0,,0.0,normalDay
2021-03-10,5202.0,438.0,0.0,0,389.58,0.0,1,5.01,0.63,SPY210312P00384000,384.0,0,0.0,0.0,,0.0,normalDay
2021-03-11,5202.0,494.0,0.0,0,393.53,0.0,1,5.01,0.07,SPY210312P00384000,384.0,0,0.0,0.0,,0.0,normalDay
2021-03-12,5703.0,0.0,501.0,0,394.06,0.0,1,5.01,0.0,SPY210312P00384000,384.0,0,0.0,0.0,,0.0,expirationDay
2021-03-15,5703.0,-5.0,0.0,0,396.41,0.0,1,2.48,2.53,SPY210401P00386000,386.0,0,0.0,0.0,,0.0,normalDay
2021-03-16,5703.0,-9.0,0.0,0,395.91,0.0,1,2.48,2.57,SPY210401P00386000,386.0,0,0.0,0.0,,0.0,normalDay
2021-03-17,5703.0,44.0,0.0,0,397.26,0.0,1,2.48,2.04,SPY210401P00386000,386.0,0,0.0,0.0,,0.0,normalDay
2021-03-18,5703.0,-84.0,0.0,0,391.48,0.0,1,2.48,3.32,SPY210401P00386000,386.0,0,0.0,0.0,,0.0,normalDay
2021-03-19,5703.0,-91.0,0.0,0,389.48,0.0,1,2.48,3.39,SPY210401P00386000,386.0,0,0.0,0.0,,0.0,normalDay
2021-03-22,5703.0,82.0,0.0,0,392.59,0.0,1,2.48,1.66,SPY210401P00386000,386.0,0,0.0,0.0,,0.0,normalDay
2021-03-23,5703.0,-10.0,0.0,0,389.5,0.0,1,2.48,2.58,SPY210401P00386000,386.0,0,0.0,0.0,,0.0,normalDay
2021-03-24,5703.0,-58.0,0.0,0,387.52,0.0,1,2.48,3.06,SPY210401P00386000,386.0,0,0.0,0.0,,0.0,normalDay
2021-03-25,5703.0,64.0,0.0,0,389.7,0.0,1,2.48,1.84,SPY210401P00386000,386.0,0,0.0,0.0,,0.0,normalDay
2021-03-26,5703.0,178.0,0.0,0,395.98,0.0,1,2.48,0.7,SPY210401P00386000,386.0,0,0.0,0.0,,0.0,normalDay
2021-03-29,5703.0,199.0,0.0,0,395.78,0.0,1,2.48,0.49,SPY210401P00386000,386.0,0,0.0,0.0,,0.0,normalDay
2021-03-30,5703.0,221.0,0.0,0,394.73,0.0,1,2.48,0.27,SPY210401P00386000,386.0,0,0.0,0.0,,0.0,normalDay
2021-03-31,5703.0,243.0,0.0,0,396.33,0.0,1,2.48,0.05,SPY210401P00386000,386.0,0,0.0,0.0,,0.0,normalDay
2021-04-01,5951.0,0.0,248.0,0,400.61,0.0,1,2.48,0.0,SPY210401P00386000,386.0,0,0.0,0.0,,0.0,expirationDay
2021-04-05,5951.0,-5.0,0.0,0,406.36,0.0,1,1.55,1.6,SPY210423P00392000,392.0,0,0.0,0.0,,0.0,normalDay
2021-04-06,5951.0,0.0,0.0,0,406.12,0.0,1,1.55,1.55,SPY210423P00392000,392.0,0,0.0,0.0,,0.0,normalDay
2021-04-07,5951.0,35.0,0.0,0,406.59,0.0,1,1.55,1.2,SPY210423P00392000,392.0,0,0.0,0.0,,0.0,normalDay
2021-04-08,5951.0,64.0,0.0,0,408.52,0.0,1,1.55,0.91,SPY210423P00392000,392.0,0,0.0,0.0,,0.0,normalDay
2021-04-09,5951.0,95.0,0.0,0,411.49,0.0,1,1.55,0.6,SPY210423P00392000,392.0,0,0.0,0.0,,0.0,normalDay
2021-04-12,5951.0,115.0,0.0,0,411.64,0.0,1,1.55,0.4,SPY210423P00392000,392.0,0,0.0,0.0,,0.0,normalDay
2021-04-13,5951.0,127.0,0.0,0,412.86,0.0,1,1.55,0.28,SPY210423P00392000,392.0,0,0.0,0.0,,0.0,normalDay
2021-04-14,5951.0,125.0,0.0,0,411.45,0.0,1,1.55,0.3,SPY210423P00392000,392.0,0,0.0,0.0,,0.0,normalDay
2021-04-15,5951.0,137.0,0.0,0,415.87,0.0,1,1.55,0.18,SPY210423P00392000,392.0,0,0.0,0.0,,0.0,normalDay
2021-04-16,5951.0,148.0,0.0,0,417.26,0.0,1,1.55,0.07,SPY210423P00392000,392.0,0,0.0,0.0,,0.0,normalDay
2021-04-19,5951.0,151.0,0.0,0,415.21,0.0,1,1.55,0.04,SPY210423P00392000,392.0,0,0.0,0.0,,0.0,normalDay
2021-04-20,5951.0,150.0,0.0,0,412.17,0.0,1,1.55,0.05,SPY210423P00392000,392.0,0,0.0,0.0,,0.0,normalDay
2021-04-21,5951.0,153.0,0.0,0,416.07,0.0,1,1.55,0.02,SPY210423P00392000,392.0,0,0.0,0.0,,0.0,normalDay
2021-04-22,5951.0,153.0,0.0,0,412.27,0.0,1,1.55,0.02,SPY210423P00392000,392.0,0,0.0,0.0,,0.0,normalDay
2021-04-23,6106.0,0.0,155.0,0,416.74,0.0,1,1.55,0.0,SPY210423P00392000,392.0,0,0.0,0.0,,0.0,expirationDay
2021-04-26,6106.0,-6.0,0.0,0,417.61,0.0,1,2.18,2.24,SPY210514P00407000,407.0,0,0.0,0.0,,0.0,normalDay
2021-04-27,6106.0,3.0,0.0,0,417.52,0.0,1,2.18,2.15,SPY210514P00407000,407.0,0,0.0,0.0,,0.0,normalDay
2021-04-28,6106.0,36.0,0.0,0,417.4,0.0,1,2.18,1.82,SPY210514P00407000,407.0,0,0.0,0.0,,0.0,normalDay
2021-04-29,6106.0,74.0,0.0,0,420.06,0.0,1,2.18,1.44,SPY210514P00407000,407.0,0,0.0,0.0,,0.0,normalDay
2021-04-30,6106.0,37.0,0.0,0,417.3,0.0,1,2.18,1.81,SPY210514P00407000,407.0,0,0.0,0.0,,0.0,normalDay
2021-05-03,6106.0,87.0,0.0,0,418.2,0.0,1,2.18,1.31,SPY210514P00407000,407.0,0,0.0,0.0,,0.0,normalDay
2021-05-04,6106.0,33.0,0.0,0,415.62,0.0,1,2.18,1.85,SPY210514P00407000,407.0,0,0.0,0.0,,0.0,normalDay
2021-05-05,6106.0,53.0,0.0,0,415.75,0.0,1,2.18,1.65,SPY210514P00407000,407.0,0,0.0,0.0,,0.0,normalDay
2021-05-06,6106.0,136.0,0.0,0,419.07,0.0,1,2.18,0.82,SPY210514P00407000,407.0,0,0.0,0.0,,0.0,normalDay
2021-05-07,6106.0,180.0,0.0,0,422.12,0.0,1,2.18,0.38,SPY210514P00407000,407.0,0,0.0,0.0,,0.0,normalDay
2021-05-10,6106.0,146.0,0.0,0,417.94,0.0,1,2.18,0.72,SPY210514P00407000,407.0,0,0.0,0.0,,0.0,normalDay
2021-05-11,6106.0,109.0,0.0,0,414.21,0.0,1,2.18,1.09,SPY210514P00407000,407.0,0,0.0,0.0,,0.0,normalDay
2021-05-12,6106.0,-193.0,0.0,0,405.41,0.0,1,2.18,4.11,SPY210514P00407000,407.0,0,0.0,0.0,,0.0,normalDay
2021-05-13,6106.0,137.0,0.0,0,410.28,0.0,1,2.18,0.81,SPY210514P00407000,407.0,0,0.0,0.0,,0.0,normalDay
2021-05-14,6324.0,0.0,218.0,0,416.58,0.0,1,2.18,0.0,SPY210514P00407000,407.0,0,0.0,0.0,,0.0,expirationDay
2021-05-17,6324.0,-6.0,0.0,0,415.52,0.0,1,5.19,5.25,SPY210604P00415000,415.0,0,0.0,0.0,,0.0,normalDay
2021-05-18,6324.0,-198.0,0.0,0,411.94,0.0,1,5.19,7.17,SPY210604P00415000,415.0,0,0.0,0.0,,0.0,normalDay
2021-05-19,6324.0,-252.0,0.0,0,410.86,0.0,1,5.19,7.71,SPY210604P00415000,415.0,0,0.0,0.0,,0.0,normalDay
2021-05-20,6324.0,18.0,0.0,0,415.28,0.0,1,5.19,5.01,SPY210604P00415000,415.0,0,0.0,0.0,,0.0,normalDay
2021-05-21,6324.0,66.0,0.0,0,414.94,0.0,1,5.19,4.53,SPY210604P00415000,415.0,0,0.0,0.0,,0.0,normalDay
2021-05-24,6324.0,304.0,0.0,0,419.17,0.0,1,5.19,2.15,SPY210604P00415000,415.0,0,0.0,0.0,,0.0,normalDay
2021-05-25,6324.0,274.0,0.0,0,418.24,0.0,1,5.19,2.45,SPY210604P00415000,415.0,0,0.0,0.0,,0.0,normalDay
2021-05-26,6324.0,347.0,0.0,0,419.07,0.0,1,5.19,1.72,SPY210604P00415000,415.0,0,0.0,0.0,,0.0,normalDay
2021-05-27,6324.0,407.0,0.0,0,419.29,0.0,1,5.19,1.12,SPY210604P00415000,415.0,0,0.0,0.0,,0.0,normalDay
2021-05-28,6324.0,438.0,0.0,0,420.04,0.0,1,5.19,0.81,SPY210604P00415000,415.0,0,0.0,0.0,,0.0,normalDay
2021-06-01,6324.0,459.0,0.0,0,419.67,0.0,1,5.19,0.6,SPY210604P00415000,415.0,0,0.0,0.0,,0.0,normalDay
2021-06-02,6324.0,494.0,0.0,0,420.33,0.0,1,5.19,0.25,SPY210604P00415000,415.0,0,0.0,0.0,,0.0,normalDay
2021-06-03,6324.0,485.0,0.0,0,418.77,0.0,1,5.19,0.34,SPY210604P00415000,415.0,0,0.0,0.0,,0.0,normalDay
2021-06-04,6843.0,0.0,519.0,0,422.6,0.0,1,5.19,0.0,SPY210604P00415000,415.0,0,0.0,0.0,,0.0,expirationDay
2021-06-07,6843.0,-4.0,0.0,0,422.19,0.0,1,2.6,2.64,SPY210625P00415000,415.0,0,0.0,0.0,,0.0,normalDay
2021-06-08,6843.0,-14.0,0.0,0,422.28,0.0,1,2.6,2.74,SPY210625P00415000,415.0,0,0.0,0.0,,0.0,normalDay
2021-06-09,6843.0,-43.0,0.0,0,421.65,0.0,1,2.6,3.03,SPY210625P00415000,415.0,0,0.0,0.0,,0.0,normalDay
2021-06-10,6843.0,74.0,0.0,0,423.61,0.0,1,2.6,1.86,SPY210625P00415000,415.0,0,0.0,0.0,,0.0,normalDay
2021-06-11,6843.0,109.0,0.0,0,424.31,0.0,1,2.6,1.51,SPY210625P00415000,415.0,0,0.0,0.0,,0.0,normalDay
2021-06-14,6843.0,132.0,0.0,0,425.26,0.0,1,2.6,1.28,SPY210625P00415000,415.0,0,0.0,0.0,,0.0,normalDay
2021-06-15,6843.0,113.0,0.0,0,424.48,0.0,1,2.6,1.47,SPY210625P00415000,415.0,0,0.0,0.0,,0.0,normalDay
2021-06-16,6843.0,60.0,0.0,0,422.11,0.0,1,2.6,2.0,SPY210625P00415000,415.0,0,0.0,0.0,,0.0,normalDay
2021-06-17,6843.0,107.0,0.0,0,421.97,0.0,1,2.6,1.53,SPY210625P00415000,415.0,0,0.0,0.0,,0.0,normalDay
2021-06-18,6843.0,-125.0,0.0,0,414.92,0.0,1,2.6,3.85,SPY210625P00415000,415.0,0,0.0,0.0,,0.0,normalDay
2021-06-21,6843.0,178.0,0.0,0,420.86,0.0,1,2.6,0.82,SPY210625P00415000,415.0,0,0.0,0.0,,0.0,normalDay
2021-06-22,6843.0,230.0,0.0,0,423.11,0.0,1,2.6,0.3,SPY210625P00415000,415.0,0,0.0,0.0,,0.0,normalDay
2021-06-23,6843.0,246.0,0.0,0,422.6,0.0,1,2.6,0.14,SPY210625P00415000,415.0,0,0.0,0.0,,0.0,normalDay
2021-06-24,6843.0,256.0,0.0,0,425.1,0.0,1,2.6,0.04,SPY210625P00415000,415.0,0,0.0,0.0,,0.0,normalDay
2021-06-25,7103.0,0.0,260.0,0,426.61,0.0,1,2.6,0.0,SPY210625P00415000,415.0,0,0.0,0.0,,0.0,expirationDay
2021-06-28,7103.0,-3.0,0.0,0,427.47,0.0,1,2.27,2.3,SPY210716P00422000,422.0,0,0.0,0.0,,0.0,normalDay
2021-06-29,7103.0,12.0,0.0,0,427.7,0.0,1,2.27,2.15,SPY210716P00422000,422.0,0,0.0,0.0,,0.0,normalDay
2021-06-30,7103.0,42.0,0.0,0,428.06,0.0,1,2.27,1.85,SPY210716P00422000,422.0,0,0.0,0.0,,0.0,normalDay
2021-07-01,7103.0,74.0,0.0,0,430.43,0.0,1,2.27,1.53,SPY210716P00422000,422.0,0,0.0,0.0,,0.0,normalDay
2021-07-02,7103.0,132.0,0.0,0,433.72,0.0,1,2.27,0.95,SPY210716P00422000,422.0,0,0.0,0.0,,0.0,normalDay
2021-07-06,7103.0,127.0,0.0,0,432.93,0.0,1,2.27,1.0,SPY210716P00422000,422.0,0,0.0,0.0,,0.0,normalDay
2021-07-07,7103.0,157.0,0.0,0,434.46,0.0,1,2.27,0.7,SPY210716P00422000,422.0,0,0.0,0.0,,0.0,normalDay
2021-07-08,7103.0,70.0,0.0,0,430.92,0.0,1,2.27,1.57,SPY210716P00422000,422.0,0,0.0,0.0,,0.0,normalDay
2021-07-09,7103.0,182.0,0.0,0,435.52,0.0,1,2.27,0.45,SPY210716P00422000,422.0,0,0.0,0.0,,0.0,normalDay
2021-07-12,7103.0,208.0,0.0,0,437.08,0.0,1,2.27,0.19,SPY210716P00422000,422.0,0,0.0,0.0,,0.0,normalDay
2021-07-13,7103.0,205.0,0.0,0,435.59,0.0,1,2.27,0.22,SPY210716P00422000,422.0,0,0.0,0.0,,0.0,normalDay
2021-07-14,7103.0,220.0,0.0,0,436.24,0.0,1,2.27,0.07,SPY210716P00422000,422.0,0,0.0,0.0,,0.0,normalDay
2021-07-15,7103.0,222.0,0.0,0,434.75,0.0,1,2.27,0.05,SPY210716P00422000,422.0,0,0.0,0.0,,0.0,normalDay
2021-07-16,7330.0,0.0,227.0,0,431.34,0.0,1,2.27,0.0,SPY210716P00422000,422.0,0,0.0,0.0,,0.0,expirationDay
2021-07-19,7330.0,-9.0,0.0,0,424.97,0.0,1,7.79,7.88,SPY210806P00428000,428.0,0,0.0,0.0,,0.0,normalDay
2021-07-20,7330.0,321.0,0.0,0,431.06,0.0,1,7.79,4.58,SPY210806P00428000,428.0,0,0.0,0.0,,0.0,normalDay
2021-07-21,7330.0,498.0,0.0,0,434.55,0.0,1,7.79,2.81,SPY210806P00428000,428.0,0,0.0,0.0,,0.0,normalDay
2021-07-22,7330.0,541.0,0.0,0,435.46,0.0,1,7.79,2.38,SPY210806P00428000,428.0,0,0.0,0.0,,0.0,normalDay
2021-07-23,7330.0,638.0,0.0,0,439.94,0.0,1,7.79,1.41,SPY210806P00428000,428.0,0,0.0,0.0,,0.0,normalDay
2021-07-26,7330.0,682.0,0.0,0,441.02,0.0,1,7.79,0.97,SPY210806P00428000,428.0,0,0.0,0.0,,0.0,normalDay
2021-07-27,7330.0,617.0,0.0,0,439.01,0.0,1,7.79,1.62,SPY210806P00428000,428.0,0,0.0,0.0,,0.0,normalDay
2021-07-28,7330.0,667.0,0.0,0,438.83,0.0,1,7.79,1.12,SPY210806P00428000,428.0,0,0.0,0.0,,0.0,normalDay
2021-07-29,7330.0,719.0,0.0,0,440.65,0.0,1,7.79,0.6,SPY210806P00428000,428.0,0,0.0,0.0,,0.0,normalDay
2021-07-30,7330.0,715.0,0.0,0,438.51,0.0,1,7.79,0.64,SPY210806P00428000,428.0,0,0.0,0.0,,0.0,normalDay
2021-08-02,7330.0,722.0,0.0,0,437.59,0.0,1,7.79,0.57,SPY210806P00428000,428.0,0,0.0,0.0,,0.0,normalDay
2021-08-03,7330.0,768.0,0.0,0,441.15,0.0,1,7.79,0.11,SPY210806P00428000,428.0,0,0.0,0.0,,0.0,normalDay
2021-08-04,7330.0,769.0,0.0,0,438.98,0.0,1,7.79,0.1,SPY210806P00428000,428.0,0,0.0,0.0,,0.0,normalDay
2021-08-05,7330.0,776.0,0.0,0,441.76,0.0,1,7.79,0.03,SPY210806P00428000,428.0,0,0.0,0.0,,0.0,normalDay
2021-08-06,8109.0,0.0,779.0,0,442.49,0.0,1,7.79,0.0,SPY210806P00428000,428.0,0,0.0,0.0,,0.0,expirationDay
2021-08-09,8109.0,-4.0,0.0,0,442.13,0.0,1,2.71,2.75,SPY210827P00436000,436.0,0,0.0,0.0,,0.0,normalDay
2021-08-10,8109.0,3.0,0.0,0,442.68,0.0,1,2.71,2.68,SPY210827P00436000,436.0,0,0.0,0.0,,0.0,normalDay
2021-08-11,8109.0,64.0,0.0,0,443.78,0.0,1,2.71,2.07,SPY210827P00436000,436.0,0,0.0,0.0,,0.0,normalDay
2021-08-12,8109.0,114.0,0.0,0,445.11,0.0,1,2.71,1.57,SPY210827P00436000,436.0,0,0.0,0.0,,0.0,normalDay
2021-08-13,8109.0,152.0,0.0,0,445.92,0.0,1,2.71,1.19,SPY210827P00436000,436.0,0,0.0,0.0,,0.0,normalDay
2021-08-16,8109.0,174.0,0.0,0,446.97,0.0,1,2.71,0.97,SPY210827P00436000,436.0,0,0.0,0.0,,0.0,normalDay
2021-08-17,8109.0,87.0,0.0,0,444.04,0.0,1,2.71,1.84,SPY210827P00436000,436.0,0,0.0,0.0,,0.0,normalDay
2021-08-18,8109.0,-102.0,0.0,0,439.18,0.0,1,2.71,3.73,SPY210827P00436000,436.0,0,0.0,0.0,,0.0,normalDay
2021-08-19,8109.0,-37.0,0.0,0,439.86,0.0,1,2.71,3.08,SPY210827P00436000,436.0,0,0.0,0.0,,0.0,normalDay
2021-08-20,8109.0,156.0,0.0,0,443.36,0.0,1,2.71,1.15,SPY210827P00436000,436.0,0,0.0,0.0,,0.0,normalDay
2021-08-23,8109.0,248.0,0.0,0,447.26,0.0,1,2.71,0.23,SPY210827P00436000,436.0,0,0.0,0.0,,0.0,normalDay
2021-08-24,8109.0,256.0,0.0,0,447.97,0.0,1,2.71,0.15,SPY210827P00436000,436.0,0,0.0,0.0,,0.0,normalDay
2021-08-25,8109.0,264.0,0.0,0,448.91,0.0,1,2.71,0.07,SPY210827P00436000,436.0,0,0.0,0.0,,0.0,normalDay
2021-08-26,8109.0,262.0,0.0,0,446.26,0.0,1,2.71,0.09,SPY210827P00436000,436.0,0,0.0,0.0,,0.0,normalDay
2021-08-27,8380.0,0.0,271.0,0,450.25,0.0,1,2.71,0.0,SPY210827P00436000,436.0,0,0.0,0.0,,0.0,expirationDay
2021-08-30,8380.0,-3.0,0.0,0,452.23,0.0,1,2.1,2.13,SPY210917P00443000,443.0,0,0.0,0.0,,0.0,normalDay
2021-08-31,8380.0,-7.0,0.0,0,451.56,0.0,1,2.1,2.17,SPY210917P00443000,443.0,0,0.0,0.0,,0.0,normalDay
2021-09-01,8380.0,15.0,0.0,0,451.8,0.0,1,2.1,1.95,SPY210917P00443000,443.0,0,0.0,0.0,,0.0,normalDay
2021-09-02,8380.0,35.0,0.0,0,453.19,0.0,1,2.1,1.75,SPY210917P00443000,443.0,0,0.0,0.0,,0.0,normalDay
2021-09-03,8380.0,61.0,0.0,0,453.08,0.0,1,2.1,1.49,SPY210917P00443000,443.0,0,0.0,0.0,,0.0,normalDay
2021-09-07,8380.0,43.0,0.0,0,451.46,0.0,1,2.1,1.67,SPY210917P00443000,443.0,0,0.0,0.0,,0.0,normalDay
2021-09-08,8380.0,54.0,0.0,0,450.91,0.0,1,2.1,1.56,SPY210917P00443000,443.0,0,0.0,0.0,,0.0,normalDay
2021-09-09,8380.0,-9.0,0.0,0,448.98,0.0,1,2.1,2.19,SPY210917P00443000,443.0,0,0.0,0.0,,0.0,normalDay
2021-09-10,8380.0,-135.0,0.0,0,445.44,0.0,1,2.1,3.45,SPY210917P00443000,443.0,0,0.0,0.0,,0.0,normalDay
2021-09-13,8380.0,0.0,0.0,0,446.58,0.0,1,2.1,2.1,SPY210917P00443000,443.0,0,0.0,0.0,,0.0,normalDay
2021-09-14,8380.0,-54.0,0.0,0,444.17,0.0,1,2.1,2.64,SPY210917P00443000,443.0,0,0.0,0.0,,0.0,normalDay
2021-09-15,8380.0,136.0,0.0,0,447.88,0.0,1,2.1,0.74,SPY210917P00443000,443.0,0,0.0,0.0,,0.0,normalDay
2021-09-16,8380.0,162.0,0.0,0,447.17,0.0,1,2.1,0.48,SPY210917P00443000,443.0,0,0.0,0.0,,0.0,normalDay
2021-09-17,8590.0,-160.0,210.0,100,441.4,443.0,1,2.1,0.0,SPY210917P00443000,443.0,0,0.0,0.0,,0.0,expirationDay
2021-09-20,8590.0,-899.0,0.0,100,434.04,443.0,0,0.0,0.0,,0.0,1,0.08,0.11,SPY210924C00451000,451.0,normalDay
2021-09-21,8590.0,-933.0,0.0,100,433.63,443.0,0,0.0,0.0,,0.0,1,0.08,0.04,SPY210924C00451000,451.0,normalDay
2021-09-22,8590.0,-510.0,0.0,100,437.86,443.0,0,0.0,0.0,,0.0,1,0.08,0.04,SPY210924C00451000,451.0,normalDay
2021-09-23,8590.0,23.0,0.0,100,443.18,443.0,0,0.0,0.0,,0.0,1,0.08,0.03,SPY210924C00451000,451.0,normalDay
2021-09-24,8598.0,91.0,8.0,100,443.91,443.0,0,0.0,0.0,,0.0,1,0.08,0.0,SPY210924C00451000,451.0,expirationDay
2021-09-27,8598.0,-39.0,0.0,100,442.64,443.0,0,0.0,0.0,,0.0,1,0.18,0.21,SPY211001C00450000,450.0,normalDay
2021-09-28,8598.0,-916.0,0.0,100,433.72,443.0,0,0.0,0.0,,0.0,1,0.18,0.06,SPY211001C00450000,450.0,normalDay
2021-09-29,8598.0,-839.0,0.0,100,434.45,443.0,0,0.0,0.0,,0.0,1,0.18,0.02,SPY211001C00450000,450.0,normalDay
2021-09-30,8598.0,-1369.0,0.0,100,429.14,443.0,0,0.0,0.0,,0.0,1,0.18,0.01,SPY211001C00450000,450.0,normalDay
2021-10-01,8616.0,-876.0,18.0,100,434.24,443.0,0,0.0,0.0,,0.0,1,0.18,0.0,SPY211001C00450000,450.0,expirationDay
2021-10-04,8616.0,-1439.0,0.0,100,428.64,443.0,0,0.0,0.0,,0.0,1,0.09,0.12,SPY211008C00445000,445.0,normalDay
2021-10-05,8616.0,-992.0,0.0,100,433.1,443.0,0,0.0,0.0,,0.0,1,0.09,0.11,SPY211008C00445000,445.0,normalDay
2021-10-06,8616.0,-810.0,0.0,100,434.9,443.0,0,0.0,0.0,,0.0,1,0.09,0.09,SPY211008C00445000,445.0,normalDay
2021-10-07,8616.0,-434.0,0.0,100,438.66,443.0,0,0.0,0.0,,0.0,1,0.09,0.09,SPY211008C00445000,445.0,normalDay
2021-10-08,8625.0,-514.0,9.0,100,437.86,443.0,0,0.0,0.0,,0.0,1,0.09,0.0,SPY211008C00445000,445.0,expirationDay
2021-10-11,8625.0,-834.0,0.0,100,434.69,443.0,0,0.0,0.0,,0.0,1,0.72,0.75,SPY211015C00441000,441.0,normalDay
2021-10-12,8625.0,-894.0,0.0,100,433.62,443.0,0,0.0,0.0,,0.0,1,0.72,0.28,SPY211015C00441000,441.0,normalDay
2021-10-13,8625.0,-734.0,0.0,100,435.18,443.0,0,0.0,0.0,,0.0,1,0.72,0.24,SPY211015C00441000,441.0,normalDay
2021-10-14,8625.0,-202.0,0.0,100,442.5,443.0,0,0.0,0.0,,0.0,1,0.72,2.24,SPY211015C00441000,441.0,normalDay
2021-10-15,8497.0,-202.0,-128.0,0,445.87,0.0,0,0.0,0.0,,0.0,1,0.72,0.0,SPY211015C00441000,441.0,expirationDay
2021-10-18,8497.0,-4.0,0.0,0,447.19,0.0,1,2.13,2.17,SPY211105P00436000,436.0,0,0.0,0.0,,0.0,normalDay
2021-10-19,8497.0,67.0,0.0,0,450.64,0.0,1,2.13,1.46,SPY211105P00436000,436.0,0,0.0,0.0,,0.0,normalDay
2021-10-20,8497.0,93.0,0.0,0,452.41,0.0,1,2.13,1.2,SPY211105P00436000,436.0,0,0.0,0.0,,0.0,normalDay
2021-10-21,8497.0,123.0,0.0,0,453.59,0.0,1,2.13,0.9,SPY211105P00436000,436.0,0,0.0,0.0,,0.0,normalDay
2021-10-22,8497.0,125.0,0.0,0,453.12,0.0,1,2.13,0.88,SPY211105P00436000,436.0,0,0.0,0.0,,0.0,normalDay
2021-10-25,8497.0,159.0,0.0,0,455.55,0.0,1,2.13,0.54,SPY211105P00436000,436.0,0,0.0,0.0,,0.0,normalDay
2021-10-26,8497.0,159.0,0.0,0,455.96,0.0,1,2.13,0.54,SPY211105P00436000,436.0,0,0.0,0.0,,0.0,normalDay
2021-10-27,8497.0,148.0,0.0,0,453.94,0.0,1,2.13,0.65,SPY211105P00436000,436.0,0,0.0,0.0,,0.0,normalDay
2021-10-28,8497.0,181.0,0.0,0,458.32,0.0,1,2.13,0.32,SPY211105P00436000,436.0,0,0.0,0.0,,0.0,normalDay
2021-10-29,8497.0,196.0,0.0,0,459.25,0.0,1,2.13,0.17,SPY211105P00436000,436.0,0,0.0,0.0,,0.0,normalDay
2021-11-01,8497.0,204.0,0.0,0,460.04,0.0,1,2.13,0.09,SPY211105P00436000,436.0,0,0.0,0.0,,0.0,normalDay
2021-11-02,8497.0,207.0,0.0,0,461.9,0.0,1,2.13,0.06,SPY211105P00436000,436.0,0,0.0,0.0,,0.0,normalDay
2021-11-03,8497.0,210.0,0.0,0,464.72,0.0,1,2.13,0.03,SPY211105P00436000,436.0,0,0.0,0.0,,0.0,normalDay
2021-11-04,8497.0,211.0,0.0,0,466.91,0.0,1,2.13,0.02,SPY211105P00436000,436.0,0,0.0,0.0,,0.0,normalDay
2021-11-05,8710.0,0.0,213.0,0,468.53,0.0,1,2.13,0.0,SPY211105P00436000,436.0,0,0.0,0.0,,0.0,expirationDay
2021-11-08,8710.0,-4.0,0.0,0,468.93,0.0,1,1.48,1.52,SPY211126P00451000,451.0,0,0.0,0.0,,0.0,normalDay
2021-11-09,8710.0,-25.0,0.0,0,467.38,0.0,1,1.48,1.73,SPY211126P00451000,451.0,0,0.0,0.0,,0.0,normalDay
2021-11-10,8710.0,-74.0,0.0,0,463.62,0.0,1,1.48,2.22,SPY211126P00451000,451.0,0,0.0,0.0,,0.0,normalDay
2021-11-11,8710.0,-21.0,0.0,0,463.77,0.0,1,1.48,1.69,SPY211126P00451000,451.0,0,0.0,0.0,,0.0,normalDay
2021-11-12,8710.0,65.0,0.0,0,467.27,0.0,1,1.48,0.83,SPY211126P00451000,451.0,0,0.0,0.0,,0.0,normalDay
2021-11-15,8710.0,91.0,0.0,0,467.43,0.0,1,1.48,0.57,SPY211126P00451000,451.0,0,0.0,0.0,,0.0,normalDay
2021-11-16,8710.0,108.0,0.0,0,469.28,0.0,1,1.48,0.4,SPY211126P00451000,451.0,0,0.0,0.0,,0.0,normalDay
2021-11-17,8710.0,114.0,0.0,0,468.14,0.0,1,1.48,0.34,SPY211126P00451000,451.0,0,0.0,0.0,,0.0,normalDay
2021-11-18,8710.0,120.0,0.0,0,469.73,0.0,1,1.48,0.28,SPY211126P00451000,451.0,0,0.0,0.0,,0.0,normalDay
2021-11-19,8710.0,129.0,0.0,0,468.89,0.0,1,1.48,0.19,SPY211126P00451000,451.0,0,0.0,0.0,,0.0,normalDay
2021-11-22,8710.0,133.0,0.0,0,467.57,0.0,1,1.48,0.15,SPY211126P00451000,451.0,0,0.0,0.0,,0.0,normalDay
2021-11-23,8710.0,138.0,0.0,0,468.19,0.0,1,1.48,0.1,SPY211126P00451000,451.0,0,0.0,0.0,,0.0,normalDay
2021-11-24,8710.0,145.0,0.0,0,469.44,0.0,1,1.48,0.03,SPY211126P00451000,451.0,0,0.0,0.0,,0.0,normalDay
2021-11-26,8858.0,0.0,148.0,0,458.97,0.0,1,1.48,0.0,SPY211126P00451000,451.0,0,0.0,0.0,,0.0,expirationDay
2021-11-29,8858.0,-4.0,0.0,0,464.6,0.0,1,7.9,7.94,SPY211217P00465000,465.0,0,0.0,0.0,,0.0,normalDay
2021-11-30,8858.0,-463.0,0.0,0,455.56,0.0,1,7.9,12.53,SPY211217P00465000,465.0,0,0.0,0.0,,0.0,normalDay
2021-12-01,8858.0,-1080.0,0.0,0,450.5,0.0,1,7.9,18.7,SPY211217P00465000,465.0,0,0.0,0.0,,0.0,normalDay
2021-12-02,8858.0,-491.0,0.0,0,457.4,0.0,1,7.9,12.81,SPY211217P00465000,465.0,0,0.0,0.0,,0.0,normalDay
2021-12-03,8858.0,-787.0,0.0,0,453.42,0.0,1,7.9,15.77,SPY211217P00465000,465.0,0,0.0,0.0,,0.0,normalDay
2021-12-06,8858.0,-284.0,0.0,0,458.79,0.0,1,7.9,10.74,SPY211217P00465000,465.0,0,0.0,0.0,,0.0,normalDay
2021-12-07,8858.0,330.0,0.0,0,468.28,0.0,1,7.9,4.6,SPY211217P00465000,465.0,0,0.0,0.0,,0.0,normalDay
2021-12-08,8858.0,451.0,0.0,0,469.52,0.0,1,7.9,3.39,SPY211217P00465000,465.0,0,0.0,0.0,,0.0,normalDay
2021-12-09,8858.0,309.0,0.0,0,466.35,0.0,1,7.9,4.81,SPY211217P00465000,465.0,0,0.0,0.0,,0.0,normalDay
2021-12-10,8858.0,571.0,0.0,0,470.74,0.0,1,7.9,2.19,SPY211217P00465000,465.0,0,0.0,0.0,,0.0,normalDay
2021-12-13,8858.0,425.0,0.0,0,466.57,0.0,1,7.9,3.65,SPY211217P00465000,465.0,0,0.0,0.0,,0.0,normalDay
2021-12-14,8858.0,265.0,0.0,0,463.36,0.0,1,7.9,5.25,SPY211217P00465000,465.0,0,0.0,0.0,,0.0,normalDay
2021-12-15,8858.0,684.0,0.0,0,470.6,0.0,1,7.9,1.06,SPY211217P00465000,465.0,0,0.0,0.0,,0.0,normalDay
2021-12-16,8858.0,592.0,0.0,0,466.45,0.0,1,7.9,1.98,SPY211217P00465000,465.0,0,0.0,0.0,,0.0,normalDay
2021-12-17,9648.0,-513.0,790.0,100,459.87,465.0,1,7.9,0.0,SPY211217P00465000,465.0,0,0.0,0.0,,0.0,expirationDay
2021-12-20,9648.0,-1005.0,0.0,100,454.98,465.0,0,0.0,0.0,,0.0,1,0.23,0.26,SPY211223C00467000,467.0,normalDay
2021-12-21,9648.0,-252.0,0.0,100,463.06,465.0,0,0.0,0.0,,0.0,1,0.23,0.81,SPY211223C00467000,467.0,normalDay
2021-12-22,9648.0,123.0,0.0,100,467.69,465.0,0,0.0,0.0,,0.0,1,0.23,1.69,SPY211223C00467000,467.0,normalDay
2021-12-23,9871.0,123.0,223.0,0,470.6,0.0,0,0.0,0.0,,0.0,1,0.23,0.0,SPY211223C00467000,467.0,expirationDay
2021-12-27,9871.0,-3.0,0.0,0,477.26,0.0,1,1.89,1.92,SPY220114P00462000,462.0,0,0.0,0.0,,0.0,normalDay
2021-12-28,9871.0,14.0,0.0,0,476.87,0.0,1,1.89,1.75,SPY220114P00462000,462.0,0,0.0,0.0,,0.0,normalDay
2021-12-29,9871.0,54.0,0.0,0,477.48,0.0,1,1.89,1.35,SPY220114P00462000,462.0,0,0.0,0.0,,0.0,normalDay
2021-12-30,9871.0,34.0,0.0,0,476.16,0.0,1,1.89,1.55,SPY220114P00462000,462.0,0,0.0,0.0,,0.0,normalDay
2021-12-31,9871.0,44.0,0.0,0,474.96,0.0,1,1.89,1.45,SPY220114P00462000,462.0,0,0.0,0.0,,0.0,normalDay
2022-01-03,9871.0,112.0,0.0,0,477.71,0.0,1,1.89,0.77,SPY220114P00462000,462.0,0,0.0,0.0,,0.0,normalDay
2022-01-04,9871.0,114.0,0.0,0,477.55,0.0,1,1.89,0.75,SPY220114P00462000,462.0,0,0.0,0.0,,0.0,normalDay
2022-01-05,9871.0,-78.0,0.0,0,468.38,0.0,1,1.89,2.67,SPY220114P00462000,462.0,0,0.0,0.0,,0.0,normalDay
2022-01-06,9871.0,-48.0,0.0,0,467.94,0.0,1,1.89,2.37,SPY220114P00462000,462.0,0,0.0,0.0,,0.0,normalDay
2022-01-07,9871.0,-16.0,0.0,0,466.09,0.0,1,1.89,2.05,SPY220114P00462000,462.0,0,0.0,0.0,,0.0,normalDay
2022-01-10,9871.0,-30.0,0.0,0,465.51,0.0,1,1.89,2.19,SPY220114P00462000,462.0,0,0.0,0.0,,0.0,normalDay
2022-01-11,9871.0,104.0,0.0,0,469.75,0.0,1,1.89,0.85,SPY220114P00462000,462.0,0,0.0,0.0,,0.0,normalDay
2022-01-12,9871.0,158.0,0.0,0,471.02,0.0,1,1.89,0.31,SPY220114P00462000,462.0,0,0.0,0.0,,0.0,normalDay
2022-01-13,9871.0,78.0,0.0,0,464.53,0.0,1,1.89,1.11,SPY220114P00462000,462.0,0,0.0,0.0,,0.0,normalDay
2022-01-14,10060.0,0.0,189.0,0,464.72,0.0,1,1.89,0.0,SPY220114P00462000,462.0,0,0.0,0.0,,0.0,expirationDay
2022-01-18,10060.0,-14.0,0.0,0,456.49,0.0,1,13.58,13.72,SPY220204P00467000,467.0,0,0.0,0.0,,0.0,normalDay
2022-01-19,10060.0,-301.0,0.0,0,451.75,0.0,1,13.58,16.59,SPY220204P00467000,467.0,0,0.0,0.0,,0.0,normalDay
2022-01-20,10060.0,-799.0,0.0,0,446.75,0.0,1,13.58,21.57,SPY220204P00467000,467.0,0,0.0,0.0,,0.0,normalDay
2022-01-21,10060.0,-1566.0,0.0,0,437.98,0.0,1,13.58,29.24,SPY220204P00467000,467.0,0,0.0,0.0,,0.0,normalDay
2022-01-24,10060.0,-1528.0,0.0,0,439.84,0.0,1,13.58,28.86,SPY220204P00467000,467.0,0,0.0,0.0,,0.0,normalDay
2022-01-25,10060.0,-2095.0,0.0,0,434.47,0.0,1,13.58,34.53,SPY220204P00467000,467.0,0,0.0,0.0,,0.0,normalDay
2022-01-26,10060.0,-2095.0,0.0,0,433.38,0.0,1,13.58,34.53,SPY220204P00467000,467.0,0,0.0,0.0,,0.0,normalDay
2022-01-27,10060.0,-2186.0,0.0,0,431.24,0.0,1,13.58,35.44,SPY220204P00467000,467.0,0,0.0,0.0,,0.0,normalDay
2022-01-28,10060.0,-1197.0,0.0,0,441.95,0.0,1,13.58,25.55,SPY220204P00467000,467.0,0,0.0,0.0,,0.0,normalDay
2022-01-31,10060.0,-482.0,0.0,0,449.91,0.0,1,13.58,18.4,SPY220204P00467000,467.0,0,0.0,0.0,,0.0,normalDay
2022-02-01,10060.0,-37.0,0.0,0,452.95,0.0,1,13.58,13.95,SPY220204P00467000,467.0,0,0.0,0.0,,0.0,normalDay
2022-02-02,10060.0,165.0,0.0,0,457.35,0.0,1,13.58,11.93,SPY220204P00467000,467.0,0,0.0,0.0,,0.0,normalDay
2022-02-03,10060.0,-373.0,0.0,0,446.6,0.0,1,13.58,17.31,SPY220204P00467000,467.0,0,0.0,0.0,,0.0,normalDay
2022-02-04,11418.0,-1830.0,1358.0,100,448.7,467.0,1,13.58,0.0,SPY220204P00467000,467.0,0,0.0,0.0,,0.0,expirationDay
2022-02-07,11418.0,-1977.0,0.0,100,447.26,467.0,0,0.0,0.0,,0.0,1,0.56,0.59,SPY220211C00458000,458.0,normalDay
2022-02-08,11418.0,-1633.0,0.0,100,450.94,467.0,0,0.0,0.0,,0.0,1,0.56,0.83,SPY220211C00458000,458.0,normalDay
2022-02-09,11418.0,-1141.0,0.0,100,457.54,467.0,0,0.0,0.0,,0.0,1,0.56,2.51,SPY220211C00458000,458.0,normalDay
2022-02-10,11418.0,-1727.0,0.0,100,449.32,467.0,0,0.0,0.0,,0.0,1,0.56,0.15,SPY220211C00458000,458.0,normalDay
2022-02-11,11474.0,-2654.0,56.0,100,440.46,467.0,0,0.0,0.0,,0.0,1,0.56,0.0,SPY220211C00458000,458.0,expirationDay
2022-02-14,11474.0,-2802.0,0.0,100,439.02,467.0,0,0.0,0.0,,0.0,1,0.75,0.79,SPY220218C00451000,451.0,normalDay
2022-02-15,11474.0,-2149.0,0.0,100,446.1,467.0,0,0.0,0.0,,0.0,1,0.75,1.34,SPY220218C00451000,451.0,normalDay
2022-02-16,11474.0,-2058.0,0.0,100,446.6,467.0,0,0.0,0.0,,0.0,1,0.75,0.93,SPY220218C00451000,451.0,normalDay
2022-02-17,11474.0,-2924.0,0.0,100,437.06,467.0,0,0.0,0.0,,0.0,1,0.75,0.05,SPY220218C00451000,451.0,normalDay
2022-02-18,11549.0,-3277.0,75.0,100,434.23,467.0,0,0.0,0.0,,0.0,1,0.75,0.0,SPY220218C00451000,451.0,expirationDay
2022-02-22,11549.0,-3746.0,0.0,100,429.57,467.0,0,0.0,0.0,,0.0,1,0.23,0.26,SPY220228C00449000,449.0,normalDay
2022-02-23,11549.0,-4488.0,0.0,100,421.95,467.0,0,0.0,0.0,,0.0,1,0.23,0.06,SPY220228C00449000,449.0,normalDay
2022-02-24,11549.0,-3853.0,0.0,100,428.3,467.0,0,0.0,0.0,,0.0,1,0.23,0.06,SPY220228C00449000,449.0,normalDay
2022-02-25,11549.0,-2913.0,0.0,100,437.75,467.0,0,0.0,0.0,,0.0,1,0.23,0.11,SPY220228C00449000,449.0,normalDay
2022-02-28,11572.0,-3037.0,23.0,100,436.63,467.0,0,0.0,0.0,,0.0,1,0.23,0.0,SPY220228C00449000,449.0,expirationDay
2022-03-01,11572.0,-3705.0,0.0,100,429.98,467.0,0,0.0,0.0,,0.0,1,0.62,0.65,SPY220307C00448000,448.0,normalDay
2022-03-02,11572.0,-2937.0,0.0,100,437.89,467.0,0,0.0,0.0,,0.0,1,0.62,0.88,SPY220307C00448000,448.0,normalDay
2022-03-03,11572.0,-3099.0,0.0,100,435.71,467.0,0,0.0,0.0,,0.0,1,0.62,0.32,SPY220307C00448000,448.0,normalDay
2022-03-04,11572.0,-3424.0,0.0,100,432.17,467.0,0,0.0,0.0,,0.0,1,0.62,0.03,SPY220307C00448000,448.0,normalDay
2022-03-07,11634.0,-4757.0,62.0,100,419.43,467.0,0,0.0,0.0,,0.0,1,0.62,0.0,SPY220307C00448000,448.0,expirationDay
2022-03-08,11634.0,-5078.0,0.0,100,416.25,467.0,0,0.0,0.0,,0.0,1,0.12,0.15,SPY220314C00443000,443.0,normalDay
2022-03-09,11634.0,-3992.0,0.0,100,427.41,467.0,0,0.0,0.0,,0.0,1,0.12,0.45,SPY220314C00443000,443.0,normalDay
2022-03-10,11634.0,-4149.0,0.0,100,425.48,467.0,0,0.0,0.0,,0.0,1,0.12,0.09,SPY220314C00443000,443.0,normalDay
2022-03-11,11634.0,-4683.0,0.0,100,420.07,467.0,0,0.0,0.0,,0.0,1,0.12,0.02,SPY220314C00443000,443.0,normalDay
2022-03-14,11646.0,-5000.0,12.0,100,417.0,467.0,0,0.0,0.0,,0.0,1,0.12,0.0,SPY220314C00443000,443.0,expirationDay
2022-03-15,11646.0,-4087.0,0.0,100,426.17,467.0,0,0.0,0.0,,0.0,1,1.44,1.48,SPY220321C00436000,436.0,normalDay
2022-03-16,11646.0,-3339.0,0.0,100,435.62,467.0,0,0.0,0.0,,0.0,1,1.44,3.45,SPY220321C00436000,436.0,normalDay
2022-03-17,11646.0,-3000.0,0.0,100,441.07,467.0,0,0.0,0.0,,0.0,1,1.44,5.51,SPY220321C00436000,436.0,normalDay
2022-03-18,11646.0,-3034.0,0.0,100,444.52,467.0,0,0.0,0.0,,0.0,1,1.44,9.3,SPY220321C00436000,436.0,normalDay
2022-03-21,8690.0,-3034.0,-2956.0,0,444.39,0.0,0,0.0,0.0,,0.0,1,1.44,0.0,SPY220321C00436000,436.0,expirationDay
2022-03-22,8690.0,-5.0,0.0,0,449.59,0.0,1,2.35,2.4,SPY220408P00428000,428.0,0,0.0,0.0,,0.0,normalDay
2022-03-23,8690.0,-85.0,0.0,0,443.8,0.0,1,2.35,3.2,SPY220408P00428000,428.0,0,0.0,0.0,,0.0,normalDay
2022-03-24,8690.0,67.0,0.0,0,450.49,0.0,1,2.35,1.68,SPY220408P00428000,428.0,0,0.0,0.0,,0.0,normalDay
2022-03-25,8690.0,116.0,0.0,0,452.69,0.0,1,2.35,1.19,SPY220408P00428000,428.0,0,0.0,0.0,,0.0,normalDay
2022-03-28,8690.0,180.0,0.0,0,455.91,0.0,1,2.35,0.55,SPY220408P00428000,428.0,0,0.0,0.0,,0.0,normalDay
2022-03-29,8690.0,203.0,0.0,0,461.55,0.0,1,2.35,0.32,SPY220408P00428000,428.0,0,0.0,0.0,,0.0,normalDay
2022-03-30,8690.0,210.0,0.0,0,458.7,0.0,1,2.35,0.25,SPY220408P00428000,428.0,0,0.0,0.0,,0.0,normalDay
2022-03-31,8690.0,197.0,0.0,0,451.64,0.0,1,2.35,0.38,SPY220408P00428000,428.0,0,0.0,0.0,,0.0,normalDay
2022-04-01,8690.0,220.0,0.0,0,452.92,0.0,1,2.35,0.15,SPY220408P00428000,428.0,0,0.0,0.0,,0.0,normalDay
2022-04-04,8690.0,229.0,0.0,0,456.8,0.0,1,2.35,0.06,SPY220408P00428000,428.0,0,0.0,0.0,,0.0,normalDay
2022-04-05,8690.0,227.0,0.0,0,451.03,0.0,1,2.35,0.08,SPY220408P00428000,428.0,0,0.0,0.0,,0.0,normalDay
2022-04-06,8690.0,228.0,0.0,0,446.52,0.0,1,2.35,0.07,SPY220408P00428000,428.0,0,0.0,0.0,,0.0,normalDay
2022-04-07,8690.0,233.0,0.0,0,448.77,0.0,1,2.35,0.02,SPY220408P00428000,428.0,0,0.0,0.0,,0.0,normalDay
2022-04-08,8925.0,0.0,235.0,0,447.57,0.0,1,2.35,0.0,SPY220408P00428000,428.0,0,0.0,0.0,,0.0,expirationDay
2022-04-11,8925.0,-28.0,0.0,0,439.92,0.0,1,10.22,10.5,SPY220429P00445000,445.0,0,0.0,0.0,,0.0,normalDay
2022-04-12,8925.0,-77.0,0.0,0,438.29,0.0,1,10.22,10.99,SPY220429P00445000,445.0,0,0.0,0.0,,0.0,normalDay
2022-04-13,8925.0,282.0,0.0,0,443.31,0.0,1,10.22,7.4,SPY220429P00445000,445.0,0,0.0,0.0,,0.0,normalDay
2022-04-14,8925.0,-15.0,0.0,0,437.79,0.0,1,10.22,10.37,SPY220429P00445000,445.0,0,0.0,0.0,,0.0,normalDay
2022-04-18,8925.0,141.0,0.0,0,437.97,0.0,1,10.22,8.81,SPY220429P00445000,445.0,0,0.0,0.0,,0.0,normalDay
2022-04-19,8925.0,395.0,0.0,0,445.04,0.0,1,10.22,6.27,SPY220429P00445000,445.0,0,0.0,0.0,,0.0,normalDay
2022-04-20,8925.0,557.0,0.0,0,444.71,0.0,1,10.22,4.65,SPY220429P00445000,445.0,0,0.0,0.0,,0.0,normalDay
2022-04-21,8925.0,86.0,0.0,0,438.06,0.0,1,10.22,9.36,SPY220429P00445000,445.0,0,0.0,0.0,,0.0,normalDay
2022-04-22,8925.0,-1018.0,0.0,0,426.04,0.0,1,10.22,20.4,SPY220429P00445000,445.0,0,0.0,0.0,,0.0,normalDay
2022-04-25,8925.0,-664.0,0.0,0,428.51,0.0,1,10.22,16.86,SPY220429P00445000,445.0,0,0.0,0.0,,0.0,normalDay
2022-04-26,8925.0,-2017.0,0.0,0,416.1,0.0,1,10.22,30.39,SPY220429P00445000,445.0,0,0.0,0.0,,0.0,normalDay
2022-04-27,8925.0,-1679.0,0.0,0,417.27,0.0,1,10.22,27.01,SPY220429P00445000,445.0,0,0.0,0.0,,0.0,normalDay
2022-04-28,8925.0,-926.0,0.0,0,427.81,0.0,1,10.22,19.48,SPY220429P00445000,445.0,0,0.0,0.0,,0.0,normalDay
2022-04-29,9947.0,-3300.0,1022.0,100,412.0,445.0,1,10.22,0.0,SPY220429P00445000,445.0,0,0.0,0.0,,0.0,expirationDay
2022-05-02,9947.0,-3055.0,0.0,100,414.48,445.0,0,0.0,0.0,,0.0,1,0.07,0.1,SPY220506C00444000,444.0,normalDay
2022-05-03,9947.0,-2859.0,0.0,100,416.38,445.0,0,0.0,0.0,,0.0,1,0.07,0.04,SPY220506C00444000,444.0,normalDay
2022-05-04,9947.0,-1595.0,0.0,100,429.06,445.0,0,0.0,0.0,,0.0,1,0.07,0.08,SPY220506C00444000,444.0,normalDay
2022-05-05,9947.0,-3114.0,0.0,100,413.81,445.0,0,0.0,0.0,,0.0,1,0.07,0.02,SPY220506C00444000,444.0,normalDay
2022-05-06,9954.0,-3366.0,7.0,100,411.34,445.0,0,0.0,0.0,,0.0,1,0.07,0.0,SPY220506C00444000,444.0,expirationDay
2022-05-09,9954.0,-4686.0,0.0,100,398.17,445.0,0,0.0,0.0,,0.0,1,0.05,0.08,SPY220513C00435000,435.0,normalDay
2022-05-10,9954.0,-4590.0,0.0,100,399.09,445.0,0,0.0,0.0,,0.0,1,0.05,0.04,SPY220513C00435000,435.0,normalDay
2022-05-11,9954.0,-5222.0,0.0,100,392.75,445.0,0,0.0,0.0,,0.0,1,0.05,0.02,SPY220513C00435000,435.0,normalDay
2022-05-12,9954.0,-5262.0,0.0,100,392.34,445.0,0,0.0,0.0,,0.0,1,0.05,0.01,SPY220513C00435000,435.0,normalDay
2022-05-13,9959.0,-4328.0,5.0,100,401.72,445.0,0,0.0,0.0,,0.0,1,0.05,0.0,SPY220513C00435000,435.0,expirationDay
2022-05-16,9959.0,-4494.0,0.0,100,400.09,445.0,0,0.0,0.0,,0.0,1,0.02,0.05,SPY220520C00426000,426.0,normalDay
2022-05-17,9959.0,-3675.0,0.0,100,408.32,445.0,0,0.0,0.0,,0.0,1,0.02,0.09,SPY220520C00426000,426.0,normalDay
2022-05-18,9959.0,-5314.0,0.0,100,391.86,445.0,0,0.0,0.0,,0.0,1,0.02,0.02,SPY220520C00426000,426.0,normalDay
2022-05-19,9959.0,-5553.0,0.0,100,389.46,445.0,0,0.0,0.0,,0.0,1,0.02,0.01,SPY220520C00426000,426.0,normalDay
2022-05-20,9961.0,-5537.0,2.0,100,389.63,445.0,0,0.0,0.0,,0.0,1,0.02,0.0,SPY220520C00426000,426.0,expirationDay
2022-05-23,9961.0,-4811.0,0.0,100,396.92,445.0,0,0.0,0.0,,0.0,1,0.51,0.54,SPY220527C00413000,413.0,normalDay
2022-05-24,9961.0,-5078.0,0.0,100,393.89,445.0,0,0.0,0.0,,0.0,1,0.51,0.18,SPY220527C00413000,413.0,normalDay
2022-05-25,9961.0,-4721.0,0.0,100,397.37,445.0,0,0.0,0.0,,0.0,1,0.51,0.09,SPY220527C00413000,413.0,normalDay
2022-05-26,9961.0,-3930.0,0.0,100,405.31,445.0,0,0.0,0.0,,0.0,1,0.51,0.12,SPY220527C00413000,413.0,normalDay
2022-05-27,6812.0,-3930.0,-3149.0,0,415.26,0.0,0,0.0,0.0,,0.0,1,0.51,0.0,SPY220527C00413000,413.0,expirationDay
2022-05-31,6812.0,-3.0,0.0,0,412.93,0.0,1,5.06,5.09,SPY220617P00400000,400.0,0,0.0,0.0,,0.0,normalDay
2022-06-01,6812.0,-42.0,0.0,0,409.59,0.0,1,5.06,5.48,SPY220617P00400000,400.0,0,0.0,0.0,,0.0,normalDay
2022-06-02,6812.0,213.0,0.0,0,417.39,0.0,1,5.06,2.93,SPY220617P00400000,400.0,0,0.0,0.0,,0.0,normalDay
2022-06-03,6812.0,72.0,0.0,0,410.54,0.0,1,5.06,4.34,SPY220617P00400000,400.0,0,0.0,0.0,,0.0,normalDay
2022-06-06,6812.0,148.0,0.0,0,411.79,0.0,1,5.06,3.58,SPY220617P00400000,400.0,0,0.0,0.0,,0.0,normalDay
2022-06-07,6812.0,276.0,0.0,0,415.74,0.0,1,5.06,2.3,SPY220617P00400000,400.0,0,0.0,0.0,,0.0,normalDay
2022-06-08,6812.0,220.0,0.0,0,411.22,0.0,1,5.06,2.86,SPY220617P00400000,400.0,0,0.0,0.0,,0.0,normalDay
2022-06-09,6812.0,-157.0,0.0,0,401.44,0.0,1,5.06,6.63,SPY220617P00400000,400.0,0,0.0,0.0,,0.0,normalDay
2022-06-10,6812.0,-812.0,0.0,0,389.8,0.0,1,5.06,13.18,SPY220617P00400000,400.0,0,0.0,0.0,,0.0,normalDay
2022-06-13,6812.0,-2199.0,0.0,0,375.0,0.0,1,5.06,27.05,SPY220617P00400000,400.0,0,0.0,0.0,,0.0,normalDay
2022-06-14,6812.0,-2374.0,0.0,0,373.87,0.0,1,5.06,28.8,SPY220617P00400000,400.0,0,0.0,0.0,,0.0,normalDay
2022-06-15,6812.0,-1766.0,0.0,0,379.2,0.0,1,5.06,22.72,SPY220617P00400000,400.0,0,0.0,0.0,,0.0,normalDay
2022-06-16,6812.0,-2932.0,0.0,0,366.65,0.0,1,5.06,34.38,SPY220617P00400000,400.0,0,0.0,0.0,,0.0,normalDay
2022-06-17,7318.0,-3414.0,506.0,100,365.86,400.0,1,5.06,0.0,SPY220617P00400000,400.0,0,0.0,0.0,,0.0,expirationDay
2022-06-21,7318.0,-2493.0,0.0,100,375.07,400.0,0,0.0,0.0,,0.0,0,0.0,0.0,,0.0,bidTooLow
2022-06-22,7318.0,-2561.0,0.0,100,374.39,400.0,0,0.0,0.0,,0.0,0,0.0,0.0,,0.0,bidTooLow
2022-06-23,7318.0,-2197.0,0.0,100,378.06,400.0,0,0.0,0.0,,0.0,1,0.02,0.05,SPY220629C00406000,406.0,normalDay
2022-06-24,7318.0,-1008.0,0.0,100,390.08,400.0,0,0.0,0.0,,0.0,1,0.02,0.18,SPY220629C00406000,406.0,normalDay
2022-06-27,7318.0,-1149.0,0.0,100,388.59,400.0,0,0.0,0.0,,0.0,1,0.02,0.1,SPY220629C00406000,406.0,normalDay
2022-06-28,7318.0,-1934.0,0.0,100,380.65,400.0,0,0.0,0.0,,0.0,1,0.02,0.01,SPY220629C00406000,406.0,normalDay
2022-06-29,7320.0,-1966.0,2.0,100,380.34,400.0,0,0.0,0.0,,0.0,1,0.02,0.0,SPY220629C00406000,406.0,expirationDay
2022-06-30,7320.0,-2278.0,0.0,100,377.25,400.0,0,0.0,0.0,,0.0,1,0.07,0.1,SPY220706C00398000,398.0,normalDay
2022-07-01,7320.0,-1873.0,0.0,100,381.24,400.0,0,0.0,0.0,,0.0,1,0.07,0.04,SPY220706C00398000,398.0,normalDay
2022-07-05,7320.0,-1798.0,0.0,100,381.96,400.0,0,0.0,0.0,,0.0,1,0.07,0.01,SPY220706C00398000,398.0,normalDay
2022-07-06,7327.0,-1675.0,7.0,100,383.25,400.0,0,0.0,0.0,,0.0,1,0.07,0.0,SPY220706C00398000,398.0,expirationDay
2022-07-07,7327.0,-1104.0,0.0,100,388.99,400.0,0,0.0,0.0,,0.0,1,4.93,4.96,SPY220713C00388000,388.0,normalDay
2022-07-08,7327.0,-1073.0,0.0,100,388.67,400.0,0,0.0,0.0,,0.0,1,4.93,4.33,SPY220713C00388000,388.0,normalDay
2022-07-11,7327.0,-1263.0,0.0,100,384.23,400.0,0,0.0,0.0,,0.0,1,4.93,1.79,SPY220713C00388000,388.0,normalDay
2022-07-12,7327.0,-1479.0,0.0,100,380.83,400.0,0,0.0,0.0,,0.0,1,4.93,0.55,SPY220713C00388000,388.0,normalDay
2022-07-13,7820.0,-2117.0,493.0,100,378.83,400.0,0,0.0,0.0,,0.0,1,4.93,0.0,SPY220713C00388000,388.0,expirationDay
2022-07-14,7820.0,-2212.0,0.0,100,377.91,400.0,0,0.0,0.0,,0.0,1,1.86,1.89,SPY220720C00384000,384.0,normalDay
2022-07-15,7820.0,-1694.0,0.0,100,385.13,400.0,0,0.0,0.0,,0.0,1,1.86,3.93,SPY220720C00384000,384.0,normalDay
2022-07-18,7820.0,-1804.0,0.0,100,381.95,400.0,0,0.0,0.0,,0.0,1,1.86,1.85,SPY220720C00384000,384.0,normalDay
2022-07-19,7820.0,-1496.0,0.0,100,392.27,400.0,0,0.0,0.0,,0.0,1,1.86,9.09,SPY220720C00384000,384.0,normalDay
2022-07-20,6406.0,-1496.0,-1414.0,0,394.77,0.0,0,0.0,0.0,,0.0,1,1.86,0.0,SPY220720C00384000,384.0,expirationDay
2022-07-21,6406.0,-5.0,0.0,0,398.79,0.0,1,2.32,2.37,SPY220808P00382000,382.0,0,0.0,0.0,,0.0,normalDay
2022-07-22,6406.0,-43.0,0.0,0,395.09,0.0,1,2.32,2.75,SPY220808P00382000,382.0,0,0.0,0.0,,0.0,normalDay
2022-07-25,6406.0,23.0,0.0,0,395.57,0.0,1,2.32,2.09,SPY220808P00382000,382.0,0,0.0,0.0,,0.0,normalDay
2022-07-26,6406.0,-82.0,0.0,0,390.89,0.0,1,2.32,3.14,SPY220808P00382000,382.0,0,0.0,0.0,,0.0,normalDay
2022-07-27,6406.0,119.0,0.0,0,401.04,0.0,1,2.32,1.13,SPY220808P00382000,382.0,0,0.0,0.0,,0.0,normalDay
2022-07-28,6406.0,189.0,0.0,0,406.07,0.0,1,2.32,0.43,SPY220808P00382000,382.0,0,0.0,0.0,,0.0,normalDay
2022-07-29,6406.0,218.0,0.0,0,411.99,0.0,1,2.32,0.14,SPY220808P00382000,382.0,0,0.0,0.0,,0.0,normalDay
2022-08-01,6406.0,220.0,0.0,0,410.77,0.0,1,2.32,0.12,SPY220808P00382000,382.0,0,0.0,0.0,,0.0,normalDay
2022-08-02,6406.0,218.0,0.0,0,408.06,0.0,1,2.32,0.14,SPY220808P00382000,382.0,0,0.0,0.0,,0.0,normalDay
2022-08-03,6406.0,228.0,0.0,0,414.45,0.0,1,2.32,0.04,SPY220808P00382000,382.0,0,0.0,0.0,,0.0,normalDay
2022-08-04,6406.0,230.0,0.0,0,414.17,0.0,1,2.32,0.02,SPY220808P00382000,382.0,0,0.0,0.0,,0.0,normalDay
2022-08-05,6406.0,230.0,0.0,0,413.47,0.0,1,2.32,0.02,SPY220808P00382000,382.0,0,0.0,0.0,,0.0,normalDay
2022-08-08,6638.0,0.0,232.0,0,412.99,0.0,1,2.32,0.0,SPY220808P00382000,382.0,0,0.0,0.0,,0.0,expirationDay
2022-08-09,6638.0,-4.0,0.0,0,411.35,0.0,1,2.44,2.48,SPY220826P00396000,396.0,0,0.0,0.0,,0.0,normalDay
2022-08-10,6638.0,148.0,0.0,0,419.99,0.0,1,2.44,0.96,SPY220826P00396000,396.0,0,0.0,0.0,,0.0,normalDay
2022-08-11,6638.0,156.0,0.0,0,419.99,0.0,1,2.44,0.88,SPY220826P00396000,396.0,0,0.0,0.0,,0.0,normalDay
2022-08-12,6638.0,204.0,0.0,0,427.1,0.0,1,2.44,0.4,SPY220826P00396000,396.0,0,0.0,0.0,,0.0,normalDay
2022-08-15,6638.0,221.0,0.0,0,428.86,0.0,1,2.44,0.23,SPY220826P00396000,396.0,0,0.0,0.0,,0.0,normalDay
2022-08-16,6638.0,223.0,0.0,0,429.7,0.0,1,2.44,0.21,SPY220826P00396000,396.0,0,0.0,0.0,,0.0,normalDay
2022-08-17,6638.0,228.0,0.0,0,426.65,0.0,1,2.44,0.16,SPY220826P00396000,396.0,0,0.0,0.0,,0.0,normalDay
2022-08-18,6638.0,234.0,0.0,0,427.89,0.0,1,2.44,0.1,SPY220826P00396000,396.0,0,0.0,0.0,,0.0,normalDay
2022-08-19,6638.0,234.0,0.0,0,422.14,0.0,1,2.44,0.1,SPY220826P00396000,396.0,0,0.0,0.0,,0.0,normalDay
2022-08-22,6638.0,215.0,0.0,0,413.35,0.0,1,2.44,0.29,SPY220826P00396000,396.0,0,0.0,0.0,,0.0,normalDay
2022-08-23,6638.0,219.0,0.0,0,412.35,0.0,1,2.44,0.25,SPY220826P00396000,396.0,0,0.0,0.0,,0.0,normalDay
2022-08-24,6638.0,238.0,0.0,0,413.67,0.0,1,2.44,0.06,SPY220826P00396000,396.0,0,0.0,0.0,,0.0,normalDay
2022-08-25,6638.0,241.0,0.0,0,419.51,0.0,1,2.44,0.03,SPY220826P00396000,396.0,0,0.0,0.0,,0.0,normalDay
2022-08-26,6882.0,0.0,244.0,0,405.31,0.0,1,2.44,0.0,SPY220826P00396000,396.0,0,0.0,0.0,,0.0,expirationDay
2022-08-29,6882.0,-14.0,0.0,0,402.63,0.0,1,16.09,16.23,SPY220916P00415000,415.0,0,0.0,0.0,,0.0,normalDay
2022-08-30,6882.0,-342.0,0.0,0,398.21,0.0,1,16.09,19.51,SPY220916P00415000,415.0,0,0.0,0.0,,0.0,normalDay
2022-08-31,6882.0,-572.0,0.0,0,395.18,0.0,1,16.09,21.81,SPY220916P00415000,415.0,0,0.0,0.0,,0.0,normalDay
2022-09-01,6882.0,-469.0,0.0,0,396.42,0.0,1,16.09,20.78,SPY220916P00415000,415.0,0,0.0,0.0,,0.0,normalDay
2022-09-02,6882.0,-806.0,0.0,0,392.24,0.0,1,16.09,24.15,SPY220916P00415000,415.0,0,0.0,0.0,,0.0,normalDay
2022-09-06,6882.0,-1029.0,0.0,0,390.76,0.0,1,16.09,26.38,SPY220916P00415000,415.0,0,0.0,0.0,,0.0,normalDay
2022-09-07,6882.0,-343.0,0.0,0,397.78,0.0,1,16.09,19.52,SPY220916P00415000,415.0,0,0.0,0.0,,0.0,normalDay
2022-09-08,6882.0,-22.0,0.0,0,400.38,0.0,1,16.09,16.31,SPY220916P00415000,415.0,0,0.0,0.0,,0.0,normalDay
2022-09-09,6882.0,466.0,0.0,0,406.6,0.0,1,16.09,11.43,SPY220916P00415000,415.0,0,0.0,0.0,,0.0,normalDay
2022-09-12,6882.0,829.0,0.0,0,410.97,0.0,1,16.09,7.8,SPY220916P00415000,415.0,0,0.0,0.0,,0.0,normalDay
2022-09-13,6882.0,-725.0,0.0,0,393.1,0.0,1,16.09,23.34,SPY220916P00415000,415.0,0,0.0,0.0,,0.0,normalDay
2022-09-14,6882.0,-588.0,0.0,0,394.6,0.0,1,16.09,21.97,SPY220916P00415000,415.0,0,0.0,0.0,,0.0,normalDay
2022-09-15,6882.0,-957.0,0.0,0,390.12,0.0,1,16.09,25.66,SPY220916P00415000,415.0,0,0.0,0.0,,0.0,normalDay
2022-09-16,8491.0,-2944.0,1609.0,100,385.56,415.0,1,16.09,0.0,SPY220916P00415000,415.0,0,0.0,0.0,,0.0,expirationDay
2022-09-19,8491.0,-2648.0,0.0,100,388.55,415.0,0,0.0,0.0,,0.0,1,0.35,0.38,SPY220923C00406000,406.0,normalDay
2022-09-20,8491.0,-3074.0,0.0,100,384.09,415.0,0,0.0,0.0,,0.0,1,0.35,0.18,SPY220923C00406000,406.0,normalDay
2022-09-21,8491.0,-3728.0,0.0,100,377.39,415.0,0,0.0,0.0,,0.0,1,0.35,0.02,SPY220923C00406000,406.0,normalDay
2022-09-22,8491.0,-4044.0,0.0,100,374.22,415.0,0,0.0,0.0,,0.0,1,0.35,0.01,SPY220923C00406000,406.0,normalDay
2022-09-23,8526.0,-4705.0,35.0,100,367.95,415.0,0,0.0,0.0,,0.0,1,0.35,0.0,SPY220923C00406000,406.0,expirationDay
2022-09-26,8526.0,-5069.0,0.0,100,364.31,415.0,0,0.0,0.0,,0.0,0,0.0,0.0,,0.0,bidTooLow
2022-09-27,8526.0,-5162.0,0.0,100,363.38,415.0,0,0.0,0.0,,0.0,0,0.0,0.0,,0.0,bidTooLow
2022-09-28,8526.0,-4450.0,0.0,100,370.53,415.0,0,0.0,0.0,,0.0,1,0.02,0.05,SPY221003C00395000,395.0,normalDay
2022-09-29,8526.0,-5220.0,0.0,100,362.79,415.0,0,0.0,0.0,,0.0,1,0.02,0.01,SPY221003C00395000,395.0,normalDay
2022-09-30,8526.0,-5781.0,0.0,100,357.18,415.0,0,0.0,0.0,,0.0,1,0.02,0.01,SPY221003C00395000,395.0,normalDay
2022-10-03,8528.0,-4839.0,2.0,100,366.61,415.0,0,0.0,0.0,,0.0,1,0.02,0.0,SPY221003C00395000,395.0,expirationDay
2022-10-04,8528.0,-3706.0,0.0,100,377.97,415.0,0,0.0,0.0,,0.0,1,0.67,0.7,SPY221010C00391000,391.0,normalDay
2022-10-05,8528.0,-3761.0,0.0,100,377.09,415.0,0,0.0,0.0,,0.0,1,0.67,0.37,SPY221010C00391000,391.0,normalDay
2022-10-06,8528.0,-4124.0,0.0,100,373.2,415.0,0,0.0,0.0,,0.0,1,0.67,0.11,SPY221010C00391000,391.0,normalDay
2022-10-07,8528.0,-5155.0,0.0,100,362.79,415.0,0,0.0,0.0,,0.0,1,0.67,0.01,SPY221010C00391000,391.0,normalDay
2022-10-10,8595.0,-5498.0,67.0,100,360.02,415.0,0,0.0,0.0,,0.0,1,0.67,0.0,SPY221010C00391000,391.0,expirationDay
2022-10-11,8595.0,-5729.0,0.0,100,357.74,415.0,0,0.0,0.0,,0.0,1,0.38,0.41,SPY221017C00380000,380.0,normalDay
2022-10-12,8595.0,-5831.0,0.0,100,356.56,415.0,0,0.0,0.0,,0.0,1,0.38,0.25,SPY221017C00380000,380.0,normalDay
2022-10-13,8595.0,-4906.0,0.0,100,365.97,415.0,0,0.0,0.0,,0.0,1,0.38,0.41,SPY221017C00380000,380.0,normalDay
2022-10-14,8595.0,-5701.0,0.0,100,357.63,415.0,0,0.0,0.0,,0.0,1,0.38,0.02,SPY221017C00380000,380.0,normalDay
2022-10-17,8633.0,-4818.0,38.0,100,366.82,415.0,0,0.0,0.0,,0.0,1,0.38,0.0,SPY221017C00380000,380.0,expirationDay
2022-10-18,8633.0,-4393.0,0.0,100,371.13,415.0,0,0.0,0.0,,0.0,1,5.69,5.75,SPY221024C00371000,371.0,normalDay
2022-10-19,8633.0,-4392.0,0.0,100,368.5,415.0,0,0.0,0.0,,0.0,1,5.69,3.11,SPY221024C00371000,371.0,normalDay
2022-10-20,8633.0,-4522.0,0.0,100,365.41,415.0,0,0.0,0.0,,0.0,1,5.69,1.32,SPY221024C00371000,371.0,normalDay
2022-10-21,8633.0,-3968.0,0.0,100,374.29,415.0,0,0.0,0.0,,0.0,1,5.69,4.66,SPY221024C00371000,371.0,normalDay
2022-10-24,4802.0,-3968.0,-3831.0,0,378.87,0.0,0,0.0,0.0,,0.0,1,5.69,0.0,SPY221024C00371000,371.0,expirationDay
2022-10-25,4802.0,-5.0,0.0,0,384.92,0.0,1,3.36,3.41,SPY221111P00365000,365.0,0,0.0,0.0,,0.0,normalDay
2022-10-26,4802.0,25.0,0.0,0,382.02,0.0,1,3.36,3.11,SPY221111P00365000,365.0,0,0.0,0.0,,0.0,normalDay
2022-10-27,4802.0,-106.0,0.0,0,379.98,0.0,1,3.36,4.42,SPY221111P00365000,365.0,0,0.0,0.0,,0.0,normalDay
2022-10-28,4802.0,180.0,0.0,0,389.02,0.0,1,3.36,1.56,SPY221111P00365000,365.0,0,0.0,0.0,,0.0,normalDay
2022-10-31,4802.0,191.0,0.0,0,386.21,0.0,1,3.36,1.45,SPY221111P00365000,365.0,0,0.0,0.0,,0.0,normalDay
2022-11-01,4802.0,180.0,0.0,0,384.52,0.0,1,3.36,1.56,SPY221111P00365000,365.0,0,0.0,0.0,,0.0,normalDay
2022-11-02,4802.0,37.0,0.0,0,374.87,0.0,1,3.36,2.99,SPY221111P00365000,365.0,0,0.0,0.0,,0.0,normalDay
2022-11-03,4802.0,-27.0,0.0,0,371.01,0.0,1,3.36,3.63,SPY221111P00365000,365.0,0,0.0,0.0,,0.0,normalDay
2022-11-04,4802.0,151.0,0.0,0,376.35,0.0,1,3.36,1.85,SPY221111P00365000,365.0,0,0.0,0.0,,0.0,normalDay
2022-11-07,4802.0,260.0,0.0,0,379.95,0.0,1,3.36,0.76,SPY221111P00365000,365.0,0,0.0,0.0,,0.0,normalDay
2022-11-08,4802.0,276.0,0.0,0,382.0,0.0,1,3.36,0.6,SPY221111P00365000,365.0,0,0.0,0.0,,0.0,normalDay
2022-11-09,4802.0,219.0,0.0,0,374.13,0.0,1,3.36,1.17,SPY221111P00365000,365.0,0,0.0,0.0,,0.0,normalDay
2022-11-10,4802.0,333.0,0.0,0,394.69,0.0,1,3.36,0.03,SPY221111P00365000,365.0,0,0.0,0.0,,0.0,normalDay
2022-11-11,5138.0,0.0,336.0,0,398.51,0.0,1,3.36,0.0,SPY221111P00365000,365.0,0,0.0,0.0,,0.0,expirationDay
2022-11-14,5138.0,-4.0,0.0,0,395.12,0.0,1,1.96,2.0,SPY221202P00378000,378.0,0,0.0,0.0,,0.0,normalDay
2022-11-15,5138.0,41.0,0.0,0,398.49,0.0,1,1.96,1.55,SPY221202P00378000,378.0,0,0.0,0.0,,0.0,normalDay
2022-11-16,5138.0,31.0,0.0,0,395.45,0.0,1,1.96,1.65,SPY221202P00378000,378.0,0,0.0,0.0,,0.0,normalDay
2022-11-17,5138.0,32.0,0.0,0,394.24,0.0,1,1.96,1.64,SPY221202P00378000,378.0,0,0.0,0.0,,0.0,normalDay
2022-11-18,5138.0,84.0,0.0,0,396.03,0.0,1,1.96,1.12,SPY221202P00378000,378.0,0,0.0,0.0,,0.0,normalDay
2022-11-21,5138.0,115.0,0.0,0,394.59,0.0,1,1.96,0.81,SPY221202P00378000,378.0,0,0.0,0.0,,0.0,normalDay
2022-11-22,5138.0,155.0,0.0,0,399.9,0.0,1,1.96,0.41,SPY221202P00378000,378.0,0,0.0,0.0,,0.0,normalDay
2022-11-23,5138.0,175.0,0.0,0,402.42,0.0,1,1.96,0.21,SPY221202P00378000,378.0,0,0.0,0.0,,0.0,normalDay
2022-11-25,5138.0,181.0,0.0,0,402.33,0.0,1,1.96,0.15,SPY221202P00378000,378.0,0,0.0,0.0,,0.0,normalDay
2022-11-28,5138.0,180.0,0.0,0,395.91,0.0,1,1.96,0.16,SPY221202P00378000,378.0,0,0.0,0.0,,0.0,normalDay
2022-11-29,5138.0,183.0,0.0,0,395.23,0.0,1,1.96,0.13,SPY221202P00378000,378.0,0,0.0,0.0,,0.0,normalDay
2022-11-30,5138.0,192.0,0.0,0,407.68,0.0,1,1.96,0.04,SPY221202P00378000,378.0,0,0.0,0.0,,0.0,normalDay
2022-12-01,5138.0,194.0,0.0,0,407.38,0.0,1,1.96,0.02,SPY221202P00378000,378.0,0,0.0,0.0,,0.0,normalDay
2022-12-02,5334.0,0.0,196.0,0,406.91,0.0,1,1.96,0.0,SPY221202P00378000,378.0,0,0.0,0.0,,0.0,expirationDay
2022-12-05,5334.0,-5.0,0.0,0,399.59,0.0,1,5.06,5.11,SPY221223P00393000,393.0,0,0.0,0.0,,0.0,normalDay
2022-12-06,5334.0,-275.0,0.0,0,393.83,0.0,1,5.06,7.81,SPY221223P00393000,393.0,0,0.0,0.0,,0.0,normalDay
2022-12-07,5334.0,-309.0,0.0,0,393.16,0.0,1,5.06,8.15,SPY221223P00393000,393.0,0,0.0,0.0,,0.0,normalDay
2022-12-08,5334.0,-138.0,0.0,0,396.24,0.0,1,5.06,6.44,SPY221223P00393000,393.0,0,0.0,0.0,,0.0,normalDay
2022-12-09,5334.0,-247.0,0.0,0,393.28,0.0,1,5.06,7.53,SPY221223P00393000,393.0,0,0.0,0.0,,0.0,normalDay
2022-12-12,5334.0,-57.0,0.0,0,398.95,0.0,1,5.06,5.63,SPY221223P00393000,393.0,0,0.0,0.0,,0.0,normalDay
2022-12-13,5334.0,207.0,0.0,0,401.97,0.0,1,5.06,2.99,SPY221223P00393000,393.0,0,0.0,0.0,,0.0,normalDay
2022-12-14,5334.0,247.0,0.0,0,399.4,0.0,1,5.06,2.59,SPY221223P00393000,393.0,0,0.0,0.0,,0.0,normalDay
2022-12-15,5334.0,-226.0,0.0,0,389.63,0.0,1,5.06,7.32,SPY221223P00393000,393.0,0,0.0,0.0,,0.0,normalDay
2022-12-16,5334.0,-551.0,0.0,0,383.27,0.0,1,5.06,10.57,SPY221223P00393000,393.0,0,0.0,0.0,,0.0,normalDay
2022-12-19,5334.0,-831.0,0.0,0,380.02,0.0,1,5.06,13.37,SPY221223P00393000,393.0,0,0.0,0.0,,0.0,normalDay
2022-12-20,5334.0,-735.0,0.0,0,380.54,0.0,1,5.06,12.41,SPY221223P00393000,393.0,0,0.0,0.0,,0.0,normalDay
2022-12-21,5334.0,-194.0,0.0,0,386.23,0.0,1,5.06,7.0,SPY221223P00393000,393.0,0,0.0,0.0,,0.0,normalDay
2022-12-22,5334.0,-726.0,0.0,0,380.72,0.0,1,5.06,12.32,SPY221223P00393000,393.0,0,0.0,0.0,,0.0,normalDay
2022-12-23,5840.0,-1009.0,506.0,100,382.91,393.0,1,5.06,0.0,SPY221223P00393000,393.0,0,0.0,0.0,,0.0,expirationDay
2022-12-27,5840.0,-1163.0,0.0,100,381.4,393.0,0,0.0,0.0,,0.0,1,0.01,0.04,SPY221230C00399000,399.0,normalDay
2022-12-28,5840.0,-1635.0,0.0,100,376.66,393.0,0,0.0,0.0,,0.0,1,0.01,0.02,SPY221230C00399000,399.0,normalDay
2022-12-29,5840.0,-957.0,0.0,100,383.44,393.0,0,0.0,0.0,,0.0,1,0.01,0.02,SPY221230C00399000,399.0,normalDay
2022-12-30,5841.0,-1057.0,1.0,100,382.43,393.0,0,0.0,0.0,,0.0,1,0.01,0.0,SPY221230C00399000,399.0,expirationDay
2023-01-03,5841.0,-1221.0,0.0,100,380.82,393.0,0,0.0,0.0,,0.0,1,0.44,0.47,SPY230109C00393000,393.0,normalDay
2023-01-04,5841.0,-936.0,0.0,100,383.76,393.0,0,0.0,0.0,,0.0,1,0.44,0.56,SPY230109C00393000,393.0,normalDay
2023-01-05,5841.0,-1331.0,0.0,100,379.38,393.0,0,0.0,0.0,,0.0,1,0.44,0.13,SPY230109C00393000,393.0,normalDay
2023-01-06,5841.0,-469.0,0.0,100,388.08,393.0,0,0.0,0.0,,0.0,1,0.44,0.21,SPY230109C00393000,393.0,normalDay
2023-01-09,5885.0,-514.0,44.0,100,387.86,393.0,0,0.0,0.0,,0.0,1,0.44,0.0,SPY230109C00393000,393.0,expirationDay
2023-01-10,5885.0,-246.0,0.0,100,390.58,393.0,0,0.0,0.0,,0.0,1,4.8,4.84,SPY230113C00390000,390.0,normalDay
2023-01-11,5885.0,-51.0,0.0,100,395.52,393.0,0,0.0,0.0,,0.0,1,4.8,7.83,SPY230113C00390000,390.0,normalDay
2023-01-12,5885.0,140.0,0.0,100,396.96,393.0,0,0.0,0.0,,0.0,1,4.8,7.36,SPY230113C00390000,390.0,normalDay
2023-01-13,6065.0,140.0,180.0,0,398.5,0.0,0,0.0,0.0,,0.0,1,4.8,0.0,SPY230113C00390000,390.0,expirationDay
2023-01-17,6065.0,-4.0,0.0,0,397.77,0.0,1,1.9,1.94,SPY230203P00384000,384.0,0,0.0,0.0,,0.0,normalDay
2023-01-18,6065.0,-148.0,0.0,0,391.49,0.0,1,1.9,3.38,SPY230203P00384000,384.0,0,0.0,0.0,,0.0,normalDay
2023-01-19,6065.0,-219.0,0.0,0,388.64,0.0,1,1.9,4.09,SPY230203P00384000,384.0,0,0.0,0.0,,0.0,normalDay
2023-01-20,6065.0,-18.0,0.0,0,395.88,0.0,1,1.9,2.08,SPY230203P00384000,384.0,0,0.0,0.0,,0.0,normalDay
2023-01-23,6065.0,73.0,0.0,0,400.63,0.0,1,1.9,1.17,SPY230203P00384000,384.0,0,0.0,0.0,,0.0,normalDay
2023-01-24,6065.0,91.0,0.0,0,400.2,0.0,1,1.9,0.99,SPY230203P00384000,384.0,0,0.0,0.0,,0.0,normalDay
2023-01-25,6065.0,94.0,0.0,0,400.35,0.0,1,1.9,0.96,SPY230203P00384000,384.0,0,0.0,0.0,,0.0,normalDay
2023-01-26,6065.0,147.0,0.0,0,404.75,0.0,1,1.9,0.43,SPY230203P00384000,384.0,0,0.0,0.0,,0.0,normalDay
2023-01-27,6065.0,166.0,0.0,0,405.68,0.0,1,1.9,0.24,SPY230203P00384000,384.0,0,0.0,0.0,,0.0,normalDay
2023-01-30,6065.0,157.0,0.0,0,400.59,0.0,1,1.9,0.33,SPY230203P00384000,384.0,0,0.0,0.0,,0.0,normalDay
2023-01-31,6065.0,177.0,0.0,0,406.48,0.0,1,1.9,0.13,SPY230203P00384000,384.0,0,0.0,0.0,,0.0,normalDay
2023-02-01,6065.0,184.0,0.0,0,410.8,0.0,1,1.9,0.06,SPY230203P00384000,384.0,0,0.0,0.0,,0.0,normalDay
2023-02-02,6065.0,187.0,0.0,0,416.78,0.0,1,1.9,0.03,SPY230203P00384000,384.0,0,0.0,0.0,,0.0,normalDay
2023-02-03,6255.0,0.0,190.0,0,412.35,0.0,1,1.9,0.0,SPY230203P00384000,384.0,0,0.0,0.0,,0.0,expirationDay
2023-02-06,6255.0,-4.0,0.0,0,409.83,0.0,1,2.48,2.52,SPY230224P00398000,398.0,0,0.0,0.0,,0.0,normalDay
2023-02-07,6255.0,100.0,0.0,0,415.19,0.0,1,2.48,1.48,SPY230224P00398000,398.0,0,0.0,0.0,,0.0,normalDay
2023-02-08,6255.0,33.0,0.0,0,410.65,0.0,1,2.48,2.15,SPY230224P00398000,398.0,0,0.0,0.0,,0.0,normalDay
2023-02-09,6255.0,-63.0,0.0,0,407.09,0.0,1,2.48,3.11,SPY230224P00398000,398.0,0,0.0,0.0,,0.0,normalDay
2023-02-10,6255.0,-20.0,0.0,0,408.04,0.0,1,2.48,2.68,SPY230224P00398000,398.0,0,0.0,0.0,,0.0,normalDay
2023-02-13,6255.0,108.0,0.0,0,412.83,0.0,1,2.48,1.4,SPY230224P00398000,398.0,0,0.0,0.0,,0.0,normalDay
2023-02-14,6255.0,156.0,0.0,0,412.64,0.0,1,2.48,0.92,SPY230224P00398000,398.0,0,0.0,0.0,,0.0,normalDay
2023-02-15,6255.0,200.0,0.0,0,413.98,0.0,1,2.48,0.48,SPY230224P00398000,398.0,0,0.0,0.0,,0.0,normalDay
2023-02-16,6255.0,116.0,0.0,0,408.28,0.0,1,2.48,1.32,SPY230224P00398000,398.0,0,0.0,0.0,,0.0,normalDay
2023-02-17,6255.0,162.0,0.0,0,407.26,0.0,1,2.48,0.86,SPY230224P00398000,398.0,0,0.0,0.0,,0.0,normalDay
2023-02-21,6255.0,-10.0,0.0,0,399.09,0.0,1,2.48,2.58,SPY230224P00398000,398.0,0,0.0,0.0,,0.0,normalDay
2023-02-22,6255.0,33.0,0.0,0,398.54,0.0,1,2.48,2.15,SPY230224P00398000,398.0,0,0.0,0.0,,0.0,normalDay
2023-02-23,6255.0,162.0,0.0,0,400.66,0.0,1,2.48,0.86,SPY230224P00398000,398.0,0,0.0,0.0,,0.0,normalDay
2023-02-24,6503.0,-162.0,248.0,100,396.38,398.0,1,2.48,0.0,SPY230224P00398000,398.0,0,0.0,0.0,,0.0,expirationDay
2023-02-27,6503.0,-30.0,0.0,100,397.73,398.0,0,0.0,0.0,,0.0,1,0.07,0.1,SPY230303C00411000,411.0,normalDay
2023-02-28,6503.0,-170.0,0.0,100,396.26,398.0,0,0.0,0.0,,0.0,1,0.07,0.03,SPY230303C00411000,411.0,normalDay
2023-03-01,6503.0,-321.0,0.0,100,394.74,398.0,0,0.0,0.0,,0.0,1,0.07,0.02,SPY230303C00411000,411.0,normalDay
2023-03-02,6503.0,-13.0,0.0,100,397.81,398.0,0,0.0,0.0,,0.0,1,0.07,0.01,SPY230303C00411000,411.0,normalDay
2023-03-03,6510.0,619.0,7.0,100,404.19,398.0,0,0.0,0.0,,0.0,1,0.07,0.0,SPY230303C00411000,411.0,expirationDay
2023-03-06,6510.0,644.0,0.0,100,404.47,398.0,0,0.0,0.0,,0.0,1,1.63,1.66,SPY230310C00409000,409.0,normalDay
2023-03-07,6510.0,161.0,0.0,100,398.27,398.0,0,0.0,0.0,,0.0,1,1.63,0.29,SPY230310C00409000,409.0,normalDay
2023-03-08,6510.0,235.0,0.0,100,398.92,398.0,0,0.0,0.0,,0.0,1,1.63,0.2,SPY230310C00409000,409.0,normalDay
2023-03-09,6510.0,-484.0,0.0,100,391.56,398.0,0,0.0,0.0,,0.0,1,1.63,0.03,SPY230310C00409000,409.0,normalDay
2023-03-10,6673.0,-1209.0,163.0,100,385.91,398.0,0,0.0,0.0,,0.0,1,1.63,0.0,SPY230310C00409000,409.0,expirationDay
2023-03-13,6673.0,-1267.0,0.0,100,385.36,398.0,0,0.0,0.0,,0.0,1,0.21,0.24,SPY230317C00405000,405.0,normalDay
2023-03-14,6673.0,-616.0,0.0,100,391.73,398.0,0,0.0,0.0,,0.0,1,0.21,0.1,SPY230317C00405000,405.0,normalDay
2023-03-15,6673.0,-856.0,0.0,100,389.28,398.0,0,0.0,0.0,,0.0,1,0.21,0.05,SPY230317C00405000,405.0,normalDay
2023-03-16,6673.0,-172.0,0.0,100,396.11,398.0,0,0.0,0.0,,0.0,1,0.21,0.04,SPY230317C00405000,405.0,normalDay
2023-03-17,6694.0,-801.0,21.0,100,389.99,398.0,0,0.0,0.0,,0.0,1,0.21,0.0,SPY230317C00405000,405.0,expirationDay
2023-03-20,6694.0,-429.0,0.0,100,393.74,398.0,0,0.0,0.0,,0.0,1,2.38,2.41,SPY230324C00399000,399.0,normalDay
2023-03-21,6694.0,-76.0,0.0,100,398.91,398.0,0,0.0,0.0,,0.0,1,2.38,4.05,SPY230324C00399000,399.0,normalDay
2023-03-22,6694.0,-416.0,0.0,100,392.11,398.0,0,0.0,0.0,,0.0,1,2.38,0.65,SPY230324C00399000,399.0,normalDay
2023-03-23,6694.0,-278.0,0.0,100,393.17,398.0,0,0.0,0.0,,0.0,1,2.38,0.33,SPY230324C00399000,399.0,normalDay
2023-03-24,6932.0,-225.0,238.0,100,395.75,398.0,0,0.0,0.0,,0.0,1,2.38,0.0,SPY230324C00399000,399.0,expirationDay
2023-03-27,6932.0,-155.0,0.0,100,396.49,398.0,0,0.0,0.0,,0.0,1,2.78,2.82,SPY230331C00398000,398.0,normalDay
2023-03-28,6932.0,-157.0,0.0,100,395.6,398.0,0,0.0,0.0,,0.0,1,2.78,1.95,SPY230331C00398000,398.0,normalDay
2023-03-29,6932.0,169.0,0.0,100,401.35,398.0,0,0.0,0.0,,0.0,1,2.78,4.44,SPY230331C00398000,398.0,normalDay
2023-03-30,6932.0,240.0,0.0,100,403.7,398.0,0,0.0,0.0,,0.0,1,2.78,6.08,SPY230331C00398000,398.0,normalDay
2023-03-31,7210.0,240.0,278.0,0,409.39,0.0,0,0.0,0.0,,0.0,1,2.78,0.0,SPY230331C00398000,398.0,expirationDay
2023-04-03,7210.0,-3.0,0.0,0,410.95,0.0,1,1.33,1.36,SPY230421P00394000,394.0,0,0.0,0.0,,0.0,normalDay
2023-04-04,7210.0,-19.0,0.0,0,408.67,0.0,1,1.33,1.52,SPY230421P00394000,394.0,0,0.0,0.0,,0.0,normalDay
2023-04-05,7210.0,-20.0,0.0,0,407.6,0.0,1,1.33,1.53,SPY230421P00394000,394.0,0,0.0,0.0,,0.0,normalDay
2023-04-06,7210.0,25.0,0.0,0,409.19,0.0,1,1.33,1.08,SPY230421P00394000,394.0,0,0.0,0.0,,0.0,normalDay
2023-04-10,7210.0,59.0,0.0,0,409.61,0.0,1,1.33,0.74,SPY230421P00394000,394.0,0,0.0,0.0,,0.0,normalDay
2023-04-11,7210.0,69.0,0.0,0,409.72,0.0,1,1.33,0.64,SPY230421P00394000,394.0,0,0.0,0.0,,0.0,normalDay
2023-04-12,7210.0,68.0,0.0,0,408.05,0.0,1,1.33,0.65,SPY230421P00394000,394.0,0,0.0,0.0,,0.0,normalDay
2023-04-13,7210.0,110.0,0.0,0,413.47,0.0,1,1.33,0.23,SPY230421P00394000,394.0,0,0.0,0.0,,0.0,normalDay
2023-04-14,7210.0,120.0,0.0,0,412.46,0.0,1,1.33,0.13,SPY230421P00394000,394.0,0,0.0,0.0,,0.0,normalDay
2023-04-17,7210.0,125.0,0.0,0,413.94,0.0,1,1.33,0.08,SPY230421P00394000,394.0,0,0.0,0.0,,0.0,normalDay
2023-04-18,7210.0,125.0,0.0,0,414.21,0.0,1,1.33,0.08,SPY230421P00394000,394.0,0,0.0,0.0,,0.0,normalDay
2023-04-19,7210.0,128.0,0.0,0,414.14,0.0,1,1.33,0.05,SPY230421P00394000,394.0,0,0.0,0.0,,0.0,normalDay
2023-04-20,7210.0,131.0,0.0,0,411.88,0.0,1,1.33,0.02,SPY230421P00394000,394.0,0,0.0,0.0,,0.0,normalDay
2023-04-21,7343.0,0.0,133.0,0,412.2,0.0,1,1.33,0.0,SPY230421P00394000,394.0,0,0.0,0.0,,0.0,expirationDay
2023-04-24,7343.0,-3.0,0.0,0,412.63,0.0,1,3.29,3.32,SPY230512P00407000,407.0,0,0.0,0.0,,0.0,normalDay
2023-04-25,7343.0,-231.0,0.0,0,406.08,0.0,1,3.29,5.6,SPY230512P00407000,407.0,0,0.0,0.0,,0.0,normalDay
2023-04-26,7343.0,-341.0,0.0,0,404.36,0.0,1,3.29,6.7,SPY230512P00407000,407.0,0,0.0,0.0,,0.0,normalDay
2023-04-27,7343.0,52.0,0.0,0,412.41,0.0,1,3.29,2.77,SPY230512P00407000,407.0,0,0.0,0.0,,0.0,normalDay
2023-04-28,7343.0,160.0,0.0,0,415.93,0.0,1,3.29,1.69,SPY230512P00407000,407.0,0,0.0,0.0,,0.0,normalDay
2023-05-01,7343.0,181.0,0.0,0,415.51,0.0,1,3.29,1.48,SPY230512P00407000,407.0,0,0.0,0.0,,0.0,normalDay
2023-05-02,7343.0,36.0,0.0,0,410.84,0.0,1,3.29,2.93,SPY230512P00407000,407.0,0,0.0,0.0,,0.0,normalDay
2023-05-03,7343.0,-22.0,0.0,0,408.02,0.0,1,3.29,3.51,SPY230512P00407000,407.0,0,0.0,0.0,,0.0,normalDay
2023-05-04,7343.0,-203.0,0.0,0,405.13,0.0,1,3.29,5.32,SPY230512P00407000,407.0,0,0.0,0.0,,0.0,normalDay
2023-05-05,7343.0,185.0,0.0,0,412.63,0.0,1,3.29,1.44,SPY230512P00407000,407.0,0,0.0,0.0,,0.0,normalDay
2023-05-08,7343.0,239.0,0.0,0,412.74,0.0,1,3.29,0.9,SPY230512P00407000,407.0,0,0.0,0.0,,0.0,normalDay
2023-05-09,7343.0,213.0,0.0,0,410.93,0.0,1,3.29,1.16,SPY230512P00407000,407.0,0,0.0,0.0,,0.0,normalDay
2023-05-10,7343.0,297.0,0.0,0,412.85,0.0,1,3.29,0.32,SPY230512P00407000,407.0,0,0.0,0.0,,0.0,normalDay
2023-05-11,7343.0,313.0,0.0,0,412.13,0.0,1,3.29,0.16,SPY230512P00407000,407.0,0,0.0,0.0,,0.0,normalDay
2023-05-12,7672.0,0.0,329.0,0,411.59,0.0,1,3.29,0.0,SPY230512P00407000,407.0,0,0.0,0.0,,0.0,expirationDay
2023-05-15,7672.0,-3.0,0.0,0,413.01,0.0,1,3.69,3.72,SPY230602P00411000,411.0,0,0.0,0.0,,0.0,normalDay
2023-05-16,7672.0,-126.0,0.0,0,410.25,0.0,1,3.69,4.95,SPY230602P00411000,411.0,0,0.0,0.0,,0.0,normalDay
2023-05-17,7672.0,74.0,0.0,0,415.23,0.0,1,3.69,2.95,SPY230602P00411000,411.0,0,0.0,0.0,,0.0,normalDay
2023-05-18,7672.0,196.0,0.0,0,419.23,0.0,1,3.69,1.73,SPY230602P00411000,411.0,0,0.0,0.0,,0.0,normalDay
2023-05-19,7672.0,185.0,0.0,0,418.62,0.0,1,3.69,1.84,SPY230602P00411000,411.0,0,0.0,0.0,,0.0,normalDay
2023-05-22,7672.0,211.0,0.0,0,418.79,0.0,1,3.69,1.58,SPY230602P00411000,411.0,0,0.0,0.0,,0.0,normalDay
2023-05-23,7672.0,83.0,0.0,0,414.09,0.0,1,3.69,2.86,SPY230602P00411000,411.0,0,0.0,0.0,,0.0,normalDay
2023-05-24,7672.0,-30.0,0.0,0,411.09,0.0,1,3.69,3.99,SPY230602P00411000,411.0,0,0.0,0.0,,0.0,normalDay
2023-05-25,7672.0,126.0,0.0,0,414.65,0.0,1,3.69,2.43,SPY230602P00411000,411.0,0,0.0,0.0,,0.0,normalDay
2023-05-26,7672.0,269.0,0.0,0,420.02,0.0,1,3.69,1.0,SPY230602P00411000,411.0,0,0.0,0.0,,0.0,normalDay
2023-05-30,7672.0,337.0,0.0,0,420.18,0.0,1,3.69,0.32,SPY230602P00411000,411.0,0,0.0,0.0,,0.0,normalDay
2023-05-31,7672.0,335.0,0.0,0,417.85,0.0,1,3.69,0.34,SPY230602P00411000,411.0,0,0.0,0.0,,0.0,normalDay
2023-06-01,7672.0,363.0,0.0,0,421.82,0.0,1,3.69,0.06,SPY230602P00411000,411.0,0,0.0,0.0,,0.0,normalDay
2023-06-02,8041.0,0.0,369.0,0,427.92,0.0,1,3.69,0.0,SPY230602P00411000,411.0,0,0.0,0.0,,0.0,expirationDay
2023-06-05,8041.0,-4.0,0.0,0,427.1,0.0,1,1.42,1.46,SPY230623P00415000,415.0,0,0.0,0.0,,0.0,normalDay
2023-06-06,8041.0,29.0,0.0,0,428.03,0.0,1,1.42,1.13,SPY230623P00415000,415.0,0,0.0,0.0,,0.0,normalDay
2023-06-07,8041.0,19.0,0.0,0,426.55,0.0,1,1.42,1.23,SPY230623P00415000,415.0,0,0.0,0.0,,0.0,normalDay
2023-06-08,8041.0,57.0,0.0,0,429.13,0.0,1,1.42,0.85,SPY230623P00415000,415.0,0,0.0,0.0,,0.0,normalDay
2023-06-09,8041.0,72.0,0.0,0,429.9,0.0,1,1.42,0.7,SPY230623P00415000,415.0,0,0.0,0.0,,0.0,normalDay
2023-06-12,8041.0,93.0,0.0,0,433.8,0.0,1,1.42,0.49,SPY230623P00415000,415.0,0,0.0,0.0,,0.0,normalDay
2023-06-13,8041.0,112.0,0.0,0,436.66,0.0,1,1.42,0.3,SPY230623P00415000,415.0,0,0.0,0.0,,0.0,normalDay
2023-06-14,8041.0,125.0,0.0,0,437.18,0.0,1,1.42,0.17,SPY230623P00415000,415.0,0,0.0,0.0,,0.0,normalDay
2023-06-15,8041.0,128.0,0.0,0,442.6,0.0,1,1.42,0.14,SPY230623P00415000,415.0,0,0.0,0.0,,0.0,normalDay
2023-06-16,8041.0,137.0,0.0,0,439.46,0.0,1,1.42,0.05,SPY230623P00415000,415.0,0,0.0,0.0,,0.0,normalDay
2023-06-20,8041.0,139.0,0.0,0,437.18,0.0,1,1.42,0.03,SPY230623P00415000,415.0,0,0.0,0.0,,0.0,normalDay
2023-06-21,8041.0,140.0,0.0,0,434.94,0.0,1,1.42,0.02,SPY230623P00415000,415.0,0,0.0,0.0,,0.0,normalDay
2023-06-22,8041.0,140.0,0.0,0,436.51,0.0,1,1.42,0.02,SPY230623P00415000,415.0,0,0.0,0.0,,0.0,normalDay
2023-06-23,8183.0,0.0,142.0,0,433.21,0.0,1,1.42,0.0,SPY230623P00415000,415.0,0,0.0,0.0,,0.0,expirationDay
2023-06-26,8183.0,-3.0,0.0,0,431.44,0.0,1,2.59,2.62,SPY230714P00428000,428.0,0,0.0,0.0,,0.0,normalDay
2023-06-27,8183.0,110.0,0.0,0,436.17,0.0,1,2.59,1.49,SPY230714P00428000,428.0,0,0.0,0.0,,0.0,normalDay
2023-06-28,8183.0,136.0,0.0,0,436.39,0.0,1,2.59,1.23,SPY230714P00428000,428.0,0,0.0,0.0,,0.0,normalDay
2023-06-29,8183.0,164.0,0.0,0,438.11,0.0,1,2.59,0.95,SPY230714P00428000,428.0,0,0.0,0.0,,0.0,normalDay
2023-06-30,8183.0,215.0,0.0,0,443.28,0.0,1,2.59,0.44,SPY230714P00428000,428.0,0,0.0,0.0,,0.0,normalDay
2023-07-03,8183.0,226.0,0.0,0,443.79,0.0,1,2.59,0.33,SPY230714P00428000,428.0,0,0.0,0.0,,0.0,normalDay
2023-07-05,8183.0,229.0,0.0,0,443.13,0.0,1,2.59,0.3,SPY230714P00428000,428.0,0,0.0,0.0,,0.0,normalDay
2023-07-06,8183.0,209.0,0.0,0,439.66,0.0,1,2.59,0.5,SPY230714P00428000,428.0,0,0.0,0.0,,0.0,normalDay
2023-07-07,8183.0,229.0,0.0,0,438.55,0.0,1,2.59,0.3,SPY230714P00428000,428.0,0,0.0,0.0,,0.0,normalDay
2023-07-10,8183.0,243.0,0.0,0,439.66,0.0,1,2.59,0.16,SPY230714P00428000,428.0,0,0.0,0.0,,0.0,normalDay
2023-07-11,8183.0,248.0,0.0,0,442.46,0.0,1,2.59,0.11,SPY230714P00428000,428.0,0,0.0,0.0,,0.0,normalDay
2023-07-12,8183.0,255.0,0.0,0,446.02,0.0,1,2.59,0.04,SPY230714P00428000,428.0,0,0.0,0.0,,0.0,normalDay
2023-07-13,8183.0,256.0,0.0,0,449.56,0.0,1,2.59,0.03,SPY230714P00428000,428.0,0,0.0,0.0,,0.0,normalDay
2023-07-14,8442.0,0.0,259.0,0,449.28,0.0,1,2.59,0.0,SPY230714P00428000,428.0,0,0.0,0.0,,0.0,expirationDay
2023-07-17,8442.0,-3.0,0.0,0,450.84,0.0,1,1.15,1.18,SPY230804P00439000,439.0,0,0.0,0.0,,0.0,normalDay
2023-07-18,8442.0,37.0,0.0,0,454.19,0.0,1,1.15,0.78,SPY230804P00439000,439.0,0,0.0,0.0,,0.0,normalDay
2023-07-19,8442.0,43.0,0.0,0,455.2,0.0,1,1.15,0.72,SPY230804P00439000,439.0,0,0.0,0.0,,0.0,normalDay
2023-07-20,8442.0,25.0,0.0,0,452.18,0.0,1,1.15,0.9,SPY230804P00439000,439.0,0,0.0,0.0,,0.0,normalDay
2023-07-21,8442.0,42.0,0.0,0,452.18,0.0,1,1.15,0.73,SPY230804P00439000,439.0,0,0.0,0.0,,0.0,normalDay
2023-07-24,8442.0,67.0,0.0,0,454.2,0.0,1,1.15,0.48,SPY230804P00439000,439.0,0,0.0,0.0,,0.0,normalDay
2023-07-25,8442.0,77.0,0.0,0,455.44,0.0,1,1.15,0.38,SPY230804P00439000,439.0,0,0.0,0.0,,0.0,normalDay
2023-07-26,8442.0,93.0,0.0,0,455.51,0.0,1,1.15,0.22,SPY230804P00439000,439.0,0,0.0,0.0,,0.0,normalDay
2023-07-27,8442.0,74.0,0.0,0,452.49,0.0,1,1.15,0.41,SPY230804P00439000,439.0,0,0.0,0.0,,0.0,normalDay
2023-07-28,8442.0,106.0,0.0,0,456.92,0.0,1,1.15,0.09,SPY230804P00439000,439.0,0,0.0,0.0,,0.0,normalDay
2023-07-31,8442.0,108.0,0.0,0,457.79,0.0,1,1.15,0.07,SPY230804P00439000,439.0,0,0.0,0.0,,0.0,normalDay
2023-08-01,8442.0,109.0,0.0,0,456.48,0.0,1,1.15,0.06,SPY230804P00439000,439.0,0,0.0,0.0,,0.0,normalDay
2023-08-02,8442.0,100.0,0.0,0,450.13,0.0,1,1.15,0.15,SPY230804P00439000,439.0,0,0.0,0.0,,0.0,normalDay
2023-08-03,8442.0,110.0,0.0,0,448.84,0.0,1,1.15,0.05,SPY230804P00439000,439.0,0,0.0,0.0,,0.0,normalDay
2023-08-04,8557.0,0.0,115.0,0,446.81,0.0,1,1.15,0.0,SPY230804P00439000,439.0,0,0.0,0.0,,0.0,expirationDay
2023-08-07,8557.0,-3.0,0.0,0,450.71,0.0,1,4.66,4.69,SPY230825P00451000,451.0,0,0.0,0.0,,0.0,normalDay
2023-08-08,8557.0,-104.0,0.0,0,448.75,0.0,1,4.66,5.7,SPY230825P00451000,451.0,0,0.0,0.0,,0.0,normalDay
2023-08-09,8557.0,-245.0,0.0,0,445.75,0.0,1,4.66,7.11,SPY230825P00451000,451.0,0,0.0,0.0,,0.0,normalDay
2023-08-10,8557.0,-260.0,0.0,0,445.91,0.0,1,4.66,7.26,SPY230825P00451000,451.0,0,0.0,0.0,,0.0,normalDay
2023-08-11,8557.0,-219.0,0.0,0,445.65,0.0,1,4.66,6.85,SPY230825P00451000,451.0,0,0.0,0.0,,0.0,normalDay
2023-08-14,8557.0,-44.0,0.0,0,448.11,0.0,1,4.66,5.1,SPY230825P00451000,451.0,0,0.0,0.0,,0.0,normalDay
2023-08-15,8557.0,-427.0,0.0,0,442.89,0.0,1,4.66,8.93,SPY230825P00451000,451.0,0,0.0,0.0,,0.0,normalDay
2023-08-16,8557.0,-668.0,0.0,0,439.64,0.0,1,4.66,11.34,SPY230825P00451000,451.0,0,0.0,0.0,,0.0,normalDay
2023-08-17,8557.0,-1021.0,0.0,0,436.29,0.0,1,4.66,14.87,SPY230825P00451000,451.0,0,0.0,0.0,,0.0,normalDay
2023-08-18,8557.0,-985.0,0.0,0,436.5,0.0,1,4.66,14.51,SPY230825P00451000,451.0,0,0.0,0.0,,0.0,normalDay
2023-08-21,8557.0,-742.0,0.0,0,439.34,0.0,1,4.66,12.08,SPY230825P00451000,451.0,0,0.0,0.0,,0.0,normalDay
2023-08-22,8557.0,-832.0,0.0,0,438.15,0.0,1,4.66,12.98,SPY230825P00451000,451.0,0,0.0,0.0,,0.0,normalDay
2023-08-23,8557.0,-341.0,0.0,0,443.03,0.0,1,4.66,8.07,SPY230825P00451000,451.0,0,0.0,0.0,,0.0,normalDay
2023-08-24,8557.0,-961.0,0.0,0,436.89,0.0,1,4.66,14.27,SPY230825P00451000,451.0,0,0.0,0.0,,0.0,normalDay
2023-08-25,9023.0,-1103.0,466.0,100,439.97,451.0,1,4.66,0.0,SPY230825P00451000,451.0,0,0.0,0.0,,0.0,expirationDay
2023-08-28,9023.0,-827.0,0.0,100,442.76,451.0,0,0.0,0.0,,0.0,1,0.88,0.91,SPY230901C00447500,447.5,normalDay
2023-08-29,9023.0,-448.0,0.0,100,449.16,451.0,0,0.0,0.0,,0.0,1,0.88,3.52,SPY230901C00447500,447.5,normalDay
2023-08-30,9023.0,-352.0,0.0,100,451.01,451.0,0,0.0,0.0,,0.0,1,0.88,4.41,SPY230901C00447500,447.5,normalDay
2023-08-31,9023.0,-343.0,0.0,100,450.35,451.0,0,0.0,0.0,,0.0,1,0.88,3.66,SPY230901C00447500,447.5,normalDay
2023-09-01,8761.0,-343.0,-262.0,0,451.19,0.0,0,0.0,0.0,,0.0,1,0.88,0.0,SPY230901C00447500,447.5,expirationDay
2023-09-05,8761.0,-4.0,0.0,0,449.24,0.0,1,2.45,2.49,SPY230922P00442500,442.5,0,0.0,0.0,,0.0,normalDay
2023-09-06,8761.0,-97.0,0.0,0,446.22,0.0,1,2.45,3.42,SPY230922P00442500,442.5,0,0.0,0.0,,0.0,normalDay
2023-09-07,8761.0,-136.0,0.0,0,444.85,0.0,1,2.45,3.81,SPY230922P00442500,442.5,0,0.0,0.0,,0.0,normalDay
2023-09-08,8761.0,-54.0,0.0,0,445.52,0.0,1,2.45,2.99,SPY230922P00442500,442.5,0,0.0,0.0,,0.0,normalDay
2023-09-11,8761.0,55.0,0.0,0,448.45,0.0,1,2.45,1.9,SPY230922P00442500,442.5,0,0.0,0.0,,0.0,normalDay
2023-09-12,8761.0,-16.0,0.0,0,445.99,0.0,1,2.45,2.61,SPY230922P00442500,442.5,0,0.0,0.0,,0.0,normalDay
2023-09-13,8761.0,55.0,0.0,0,446.51,0.0,1,2.45,1.9,SPY230922P00442500,442.5,0,0.0,0.0,,0.0,normalDay
2023-09-14,8761.0,172.0,0.0,0,450.36,0.0,1,2.45,0.73,SPY230922P00442500,442.5,0,0.0,0.0,,0.0,normalDay
2023-09-15,8761.0,29.0,0.0,0,443.37,0.0,1,2.45,2.16,SPY230922P00442500,442.5,0,0.0,0.0,,0.0,normalDay
2023-09-18,8761.0,63.0,0.0,0,443.63,0.0,1,2.45,1.82,SPY230922P00442500,442.5,0,0.0,0.0,,0.0,normalDay
2023-09-19,8761.0,40.0,0.0,0,442.71,0.0,1,2.45,2.05,SPY230922P00442500,442.5,0,0.0,0.0,,0.0,normalDay
2023-09-20,8761.0,-207.0,0.0,0,438.64,0.0,1,2.45,4.52,SPY230922P00442500,442.5,0,0.0,0.0,,0.0,normalDay
2023-09-21,8761.0,-886.0,0.0,0,431.39,0.0,1,2.45,11.31,SPY230922P00442500,442.5,0,0.0,0.0,,0.0,normalDay
2023-09-22,9006.0,-1208.0,245.0,100,430.42,442.5,1,2.45,0.0,SPY230922P00442500,442.5,0,0.0,0.0,,0.0,expirationDay
2023-09-25,9006.0,-1027.0,0.0,100,432.23,442.5,0,0.0,0.0,,0.0,0,0.0,0.0,,0.0,bidTooLow
2023-09-26,9006.0,-1662.0,0.0,100,425.88,442.5,0,0.0,0.0,,0.0,0,0.0,0.0,,0.0,bidTooLow
2023-09-27,9006.0,-1645.0,0.0,100,426.05,442.5,0,0.0,0.0,,0.0,0,0.0,0.0,,0.0,bidTooLow
2023-09-28,9006.0,-1401.0,0.0,100,428.52,442.5,0,0.0,0.0,,0.0,1,0.01,0.04,SPY231004C00446000,446.0,normalDay
2023-09-29,9006.0,-1502.0,0.0,100,427.48,442.5,0,0.0,0.0,,0.0,1,0.01,0.01,SPY231004C00446000,446.0,normalDay
2023-10-02,9006.0,-1519.0,0.0,100,427.31,442.5,0,0.0,0.0,,0.0,1,0.01,0.01,SPY231004C00446000,446.0,normalDay
2023-10-03,9006.0,-2091.0,0.0,100,421.59,442.5,0,0.0,0.0,,0.0,1,0.01,0.01,SPY231004C00446000,446.0,normalDay
2023-10-04,9007.0,-1784.0,1.0,100,424.66,442.5,0,0.0,0.0,,0.0,1,0.01,0.0,SPY231004C00446000,446.0,expirationDay
2023-10-05,9007.0,-1803.0,0.0,100,424.5,442.5,0,0.0,0.0,,0.0,1,0.01,0.04,SPY231011C00441000,441.0,normalDay
2023-10-06,9007.0,-1302.0,0.0,100,429.54,442.5,0,0.0,0.0,,0.0,1,0.01,0.07,SPY231011C00441000,441.0,normalDay
2023-10-09,9007.0,-1028.0,0.0,100,432.29,442.5,0,0.0,0.0,,0.0,1,0.01,0.08,SPY231011C00441000,441.0,normalDay
2023-10-10,9007.0,-801.0,0.0,100,434.54,442.5,0,0.0,0.0,,0.0,1,0.01,0.06,SPY231011C00441000,441.0,normalDay
2023-10-11,9008.0,-618.0,1.0,100,436.32,442.5,0,0.0,0.0,,0.0,1,0.01,0.0,SPY231011C00441000,441.0,expirationDay
2023-10-12,9008.0,-887.0,0.0,100,433.66,442.5,0,0.0,0.0,,0.0,1,2.0,2.03,SPY231018C00436000,436.0,normalDay
2023-10-13,9008.0,-1004.0,0.0,100,431.5,442.5,0,0.0,0.0,,0.0,1,2.0,1.04,SPY231018C00436000,436.0,normalDay
2023-10-16,9008.0,-660.0,0.0,100,436.04,442.5,0,0.0,0.0,,0.0,1,2.0,2.14,SPY231018C00436000,436.0,normalDay
2023-10-17,9008.0,-588.0,0.0,100,436.02,442.5,0,0.0,0.0,,0.0,1,2.0,1.4,SPY231018C00436000,436.0,normalDay
2023-10-18,9208.0,-1229.0,200.0,100,430.21,442.5,0,0.0,0.0,,0.0,1,2.0,0.0,SPY231018C00436000,436.0,expirationDay
2023-10-19,9208.0,-1610.0,0.0,100,426.43,442.5,0,0.0,0.0,,0.0,1,1.49,1.52,SPY231025C00432000,432.0,normalDay
2023-10-20,9208.0,-2008.0,0.0,100,421.19,442.5,0,0.0,0.0,,0.0,1,1.49,0.26,SPY231025C00432000,432.0,normalDay
2023-10-23,9208.0,-2061.0,0.0,100,420.46,442.5,0,0.0,0.0,,0.0,1,1.49,0.06,SPY231025C00432000,432.0,normalDay
2023-10-24,9208.0,-1740.0,0.0,100,423.63,442.5,0,0.0,0.0,,0.0,1,1.49,0.02,SPY231025C00432000,432.0,normalDay
2023-10-25,9357.0,-2495.0,149.0,100,417.55,442.5,0,0.0,0.0,,0.0,1,1.49,0.0,SPY231025C00432000,432.0,expirationDay
2023-10-26,9357.0,-2998.0,0.0,100,412.55,442.5,0,0.0,0.0,,0.0,1,0.05,0.08,SPY231101C00431000,431.0,normalDay
2023-10-27,9357.0,-3180.0,0.0,100,410.68,442.5,0,0.0,0.0,,0.0,1,0.05,0.03,SPY231101C00431000,431.0,normalDay
2023-10-30,9357.0,-2689.0,0.0,100,415.59,442.5,0,0.0,0.0,,0.0,1,0.05,0.03,SPY231101C00431000,431.0,normalDay
2023-10-31,9357.0,-2426.0,0.0,100,418.2,442.5,0,0.0,0.0,,0.0,1,0.05,0.01,SPY231101C00431000,431.0,normalDay
2023-11-01,9362.0,-1984.0,5.0,100,422.66,442.5,0,0.0,0.0,,0.0,1,0.05,0.0,SPY231101C00431000,431.0,expirationDay
2023-11-02,9362.0,-1178.0,0.0,100,430.76,442.5,0,0.0,0.0,,0.0,1,2.62,2.66,SPY231108C00431000,431.0,normalDay
2023-11-03,9362.0,-1024.0,0.0,100,434.69,442.5,0,0.0,0.0,,0.0,1,2.62,5.05,SPY231108C00431000,431.0,normalDay
2023-11-06,9362.0,-911.0,0.0,100,435.69,442.5,0,0.0,0.0,,0.0,1,2.62,4.92,SPY231108C00431000,431.0,normalDay
2023-11-07,9362.0,-899.0,0.0,100,436.93,442.5,0,0.0,0.0,,0.0,1,2.62,6.04,SPY231108C00431000,431.0,normalDay
2023-11-08,8474.0,-899.0,-888.0,0,437.25,0.0,0,0.0,0.0,,0.0,1,2.62,0.0,SPY231108C00431000,431.0,expirationDay
2023-11-09,8474.0,-3.0,0.0,0,433.84,0.0,1,1.32,1.35,SPY231124P00424000,424.0,0,0.0,0.0,,0.0,normalDay
2023-11-10,8474.0,86.0,0.0,0,440.61,0.0,1,1.32,0.46,SPY231124P00424000,424.0,0,0.0,0.0,,0.0,normalDay
2023-11-13,8474.0,94.0,0.0,0,440.19,0.0,1,1.32,0.38,SPY231124P00424000,424.0,0,0.0,0.0,,0.0,normalDay
2023-11-14,8474.0,117.0,0.0,0,448.73,0.0,1,1.32,0.15,SPY231124P00424000,424.0,0,0.0,0.0,,0.0,normalDay
2023-11-15,8474.0,121.0,0.0,0,449.68,0.0,1,1.32,0.11,SPY231124P00424000,424.0,0,0.0,0.0,,0.0,normalDay
2023-11-16,8474.0,123.0,0.0,0,450.23,0.0,1,1.32,0.09,SPY231124P00424000,424.0,0,0.0,0.0,,0.0,normalDay
2023-11-17,8474.0,127.0,0.0,0,450.79,0.0,1,1.32,0.05,SPY231124P00424000,424.0,0,0.0,0.0,,0.0,normalDay
2023-11-20,8474.0,129.0,0.0,0,454.26,0.0,1,1.32,0.03,SPY231124P00424000,424.0,0,0.0,0.0,,0.0,normalDay
2023-11-21,8474.0,129.0,0.0,0,453.27,0.0,1,1.32,0.03,SPY231124P00424000,424.0,0,0.0,0.0,,0.0,normalDay
2023-11-22,8474.0,130.0,0.0,0,455.02,0.0,1,1.32,0.02,SPY231124P00424000,424.0,0,0.0,0.0,,0.0,normalDay
2023-11-24,8606.0,0.0,132.0,0,455.3,0.0,1,1.32,0.0,SPY231124P00424000,424.0,0,0.0,0.0,,0.0,expirationDay
2023-11-27,8606.0,-3.0,0.0,0,454.48,0.0,1,0.72,0.75,SPY231215P00437000,437.0,0,0.0,0.0,,0.0,normalDay
2023-11-28,8606.0,2.0,0.0,0,454.93,0.0,1,0.72,0.7,SPY231215P00437000,437.0,0,0.0,0.0,,0.0,normalDay
2023-11-29,8606.0,-2.0,0.0,0,454.61,0.0,1,0.72,0.74,SPY231215P00437000,437.0,0,0.0,0.0,,0.0,normalDay
2023-11-30,8606.0,11.0,0.0,0,456.4,0.0,1,0.72,0.61,SPY231215P00437000,437.0,0,0.0,0.0,,0.0,normalDay
