date,totalCapital,unrializedPnL,rializedPnL,stocksOwned,stocksPriceToday,stocksPriceBoughtAt,putOwned,putOwnedSoldAt,putPriceToday,putOwnedContract,putOwnedStrike,callOwned,callOwnedSoldAt,callPriceToday,callOwnedContract,callOwnedStrike,trackType
2018-11-01,0.0,-36.0,0.0,0,273.51,0.0,1,9.25,9.61,SPY190930P00248000,248.0,0,0.0,0.0,,0.0,normalDay
2018-11-02,0.0,-67.0,0.0,0,271.89,0.0,1,9.25,9.92,SPY190930P00248000,248.0,0,0.0,0.0,,0.0,normalDay
2018-11-05,0.0,-17.0,0.0,0,273.39,0.0,1,9.25,9.42,SPY190930P00248000,248.0,0,0.0,0.0,,0.0,normalDay
2018-11-06,0.0,45.0,0.0,0,275.12,0.0,1,9.25,8.8,SPY190930P00248000,248.0,0,0.0,0.0,,0.0,normalDay
2018-11-07,0.0,203.0,0.0,0,281.01,0.0,1,9.25,7.22,SPY190930P00248000,248.0,0,0.0,0.0,,0.0,normalDay
2018-11-08,0.0,207.0,0.0,0,280.5,0.0,1,9.25,7.18,SPY190930P00248000,248.0,0,0.0,0.0,,0.0,normalDay
2018-11-09,0.0,122.0,0.0,0,277.76,0.0,1,9.25,8.03,SPY190930P00248000,248.0,0,0.0,0.0,,0.0,normalDay
2018-11-12,0.0,-17.0,0.0,0,272.57,0.0,1,9.25,9.42,SPY190930P00248000,248.0,0,0.0,0.0,,0.0,normalDay
2018-11-13,0.0,-48.0,0.0,0,272.06,0.0,1,9.25,9.73,SPY190930P00248000,248.0,0,0.0,0.0,,0.0,normalDay
2018-11-14,0.0,-133.0,0.0,0,270.2,0.0,1,9.25,10.58,SPY190930P00248000,248.0,0,0.0,0.0,,0.0,normalDay
2018-11-15,0.0,-46.0,0.0,0,273.02,0.0,1,9.25,9.71,SPY190930P00248000,248.0,0,0.0,0.0,,0.0,normalDay
2018-11-16,0.0,14.0,0.0,0,273.73,0.0,1,9.25,9.11,SPY190930P00248000,248.0,0,0.0,0.0,,0.0,normalDay
2018-11-19,0.0,-125.0,0.0,0,269.1,0.0,1,9.25,10.5,SPY190930P00248000,248.0,0,0.0,0.0,,0.0,normalDay
2018-11-20,0.0,-317.0,0.0,0,264.12,0.0,1,9.25,12.42,SPY190930P00248000,248.0,0,0.0,0.0,,0.0,normalDay
2018-11-21,0.0,-264.0,0.0,0,265.02,0.0,1,9.25,11.89,SPY190930P00248000,248.0,0,0.0,0.0,,0.0,normalDay
2018-11-23,0.0,-367.0,0.0,0,263.25,0.0,1,9.25,12.92,SPY190930P00248000,248.0,0,0.0,0.0,,0.0,normalDay
2018-11-26,0.0,-119.0,0.0,0,267.5,0.0,1,9.25,10.44,SPY190930P00248000,248.0,0,0.0,0.0,,0.0,normalDay
2018-11-27,0.0,-122.0,0.0,0,268.4,0.0,1,9.25,10.47,SPY190930P00248000,248.0,0,0.0,0.0,,0.0,normalDay
2018-11-28,0.0,27.0,0.0,0,274.58,0.0,1,9.25,8.98,SPY190930P00248000,248.0,0,0.0,0.0,,0.0,normalDay
2018-11-29,0.0,20.0,0.0,0,273.98,0.0,1,9.25,9.05,SPY190930P00248000,248.0,0,0.0,0.0,,0.0,normalDay
2018-11-30,0.0,66.0,0.0,0,275.65,0.0,1,9.25,8.59,SPY190930P00248000,248.0,0,0.0,0.0,,0.0,normalDay
2018-12-03,0.0,185.0,0.0,0,279.3,0.0,1,9.25,7.4,SPY190930P00248000,248.0,0,0.0,0.0,,0.0,normalDay
2018-12-04,0.0,-75.0,0.0,0,270.25,0.0,1,9.25,10.0,SPY190930P00248000,248.0,0,0.0,0.0,,0.0,normalDay
2018-12-06,0.0,-86.0,0.0,0,269.84,0.0,1,9.25,10.11,SPY190930P00248000,248.0,0,0.0,0.0,,0.0,normalDay
2018-12-07,0.0,-310.0,0.0,0,263.57,0.0,1,9.25,12.35,SPY190930P00248000,248.0,0,0.0,0.0,,0.0,normalDay
2018-12-10,0.0,-264.0,0.0,0,264.07,0.0,1,9.25,11.89,SPY190930P00248000,248.0,0,0.0,0.0,,0.0,normalDay
2018-12-11,0.0,-260.0,0.0,0,264.13,0.0,1,9.25,11.85,SPY190930P00248000,248.0,0,0.0,0.0,,0.0,normalDay
2018-12-12,0.0,-239.0,0.0,0,265.46,0.0,1,9.25,11.64,SPY190930P00248000,248.0,0,0.0,0.0,,0.0,normalDay
2018-12-13,0.0,-227.0,0.0,0,265.37,0.0,1,9.25,11.52,SPY190930P00248000,248.0,0,0.0,0.0,,0.0,normalDay
2018-12-14,0.0,-382.0,0.0,0,260.47,0.0,1,9.25,13.07,SPY190930P00248000,248.0,0,0.0,0.0,,0.0,normalDay
2018-12-17,0.0,-590.0,0.0,0,255.36,0.0,1,9.25,15.15,SPY190930P00248000,248.0,0,0.0,0.0,,0.0,normalDay
2018-12-18,0.0,-613.0,0.0,0,255.08,0.0,1,9.25,15.38,SPY190930P00248000,248.0,0,0.0,0.0,,0.0,normalDay
2018-12-19,0.0,-721.0,0.0,0,251.26,0.0,1,9.25,16.46,SPY190930P00248000,248.0,0,0.0,0.0,,0.0,normalDay
2018-12-20,0.0,-889.0,0.0,0,247.17,0.0,1,9.25,18.14,SPY190930P00248000,248.0,0,0.0,0.0,,0.0,normalDay
2018-12-21,0.0,-1170.0,0.0,0,240.7,0.0,1,9.25,20.95,SPY190930P00248000,248.0,0,0.0,0.0,,0.0,normalDay
2018-12-24,0.0,-1600.0,0.0,0,234.34,0.0,1,9.25,25.25,SPY190930P00248000,248.0,0,0.0,0.0,,0.0,normalDay
2018-12-26,0.0,-835.0,0.0,0,246.18,0.0,1,9.25,17.6,SPY190930P00248000,248.0,0,0.0,0.0,,0.0,normalDay
2018-12-27,0.0,-790.0,0.0,0,248.07,0.0,1,9.25,17.15,SPY190930P00248000,248.0,0,0.0,0.0,,0.0,normalDay
2018-12-28,0.0,-803.0,0.0,0,247.75,0.0,1,9.25,17.28,SPY190930P00248000,248.0,0,0.0,0.0,,0.0,normalDay
2018-12-31,0.0,-659.0,0.0,0,249.92,0.0,1,9.25,15.84,SPY190930P00248000,248.0,0,0.0,0.0,,0.0,normalDay
2019-01-02,0.0,-604.0,0.0,0,250.18,0.0,1,9.25,15.29,SPY190930P00248000,248.0,0,0.0,0.0,,0.0,normalDay
2019-01-03,0.0,-922.0,0.0,0,244.21,0.0,1,9.25,18.47,SPY190930P00248000,248.0,0,0.0,0.0,,0.0,normalDay
2019-01-04,0.0,-519.0,0.0,0,252.39,0.0,1,9.25,14.44,SPY190930P00248000,248.0,0,0.0,0.0,,0.0,normalDay
2019-01-07,0.0,-434.0,0.0,0,254.38,0.0,1,9.25,13.59,SPY190930P00248000,248.0,0,0.0,0.0,,0.0,normalDay
2019-01-08,0.0,-347.0,0.0,0,256.77,0.0,1,9.25,12.72,SPY190930P00248000,248.0,0,0.0,0.0,,0.0,normalDay
2019-01-09,0.0,-287.0,0.0,0,257.97,0.0,1,9.25,12.12,SPY190930P00248000,248.0,0,0.0,0.0,,0.0,normalDay
2019-01-10,0.0,-257.0,0.0,0,258.88,0.0,1,9.25,11.82,SPY190930P00248000,248.0,0,0.0,0.0,,0.0,normalDay
2019-01-11,0.0,-216.0,0.0,0,258.98,0.0,1,9.25,11.41,SPY190930P00248000,248.0,0,0.0,0.0,,0.0,normalDay
2019-01-14,0.0,-244.0,0.0,0,257.4,0.0,1,9.25,11.69,SPY190930P00248000,248.0,0,0.0,0.0,,0.0,normalDay
2019-01-15,0.0,-117.0,0.0,0,260.35,0.0,1,9.25,10.42,SPY190930P00248000,248.0,0,0.0,0.0,,0.0,normalDay
2019-01-16,0.0,-87.0,0.0,0,260.98,0.0,1,9.25,10.12,SPY190930P00248000,248.0,0,0.0,0.0,,0.0,normalDay
2019-01-17,0.0,-41.0,0.0,0,262.96,0.0,1,9.25,9.66,SPY190930P00248000,248.0,0,0.0,0.0,,0.0,normalDay
2019-01-18,0.0,62.0,0.0,0,266.46,0.0,1,9.25,8.63,SPY190930P00248000,248.0,0,0.0,0.0,,0.0,normalDay
2019-01-22,0.0,-66.0,0.0,0,262.86,0.0,1,9.25,9.91,SPY190930P00248000,248.0,0,0.0,0.0,,0.0,normalDay
2019-01-23,0.0,-46.0,0.0,0,263.41,0.0,1,9.25,9.71,SPY190930P00248000,248.0,0,0.0,0.0,,0.0,normalDay
2019-01-24,0.0,-32.0,0.0,0,263.55,0.0,1,9.25,9.57,SPY190930P00248000,248.0,0,0.0,0.0,,0.0,normalDay
2019-01-25,0.0,58.0,0.0,0,265.78,0.0,1,9.25,8.67,SPY190930P00248000,248.0,0,0.0,0.0,,0.0,normalDay
2019-01-28,0.0,-1.0,0.0,0,263.76,0.0,1,9.25,9.26,SPY190930P00248000,248.0,0,0.0,0.0,,0.0,normalDay
2019-01-29,0.0,-13.0,0.0,0,263.41,0.0,1,9.25,9.38,SPY190930P00248000,248.0,0,0.0,0.0,,0.0,normalDay
2019-01-30,0.0,119.0,0.0,0,267.58,0.0,1,9.25,8.06,SPY190930P00248000,248.0,0,0.0,0.0,,0.0,normalDay
2019-01-31,0.0,210.0,0.0,0,269.93,0.0,1,9.25,7.15,SPY190930P00248000,248.0,0,0.0,0.0,,0.0,normalDay
2019-02-01,0.0,218.0,0.0,0,270.06,0.0,1,9.25,7.07,SPY190930P00248000,248.0,0,0.0,0.0,,0.0,normalDay
2019-02-04,0.0,275.0,0.0,0,271.96,0.0,1,9.25,6.5,SPY190930P00248000,248.0,0,0.0,0.0,,0.0,normalDay
2019-02-05,0.0,306.0,0.0,0,273.1,0.0,1,9.25,6.19,SPY190930P00248000,248.0,0,0.0,0.0,,0.0,normalDay
2019-02-06,0.0,306.0,0.0,0,272.74,0.0,1,9.25,6.19,SPY190930P00248000,248.0,0,0.0,0.0,,0.0,normalDay
2019-02-07,0.0,246.0,0.0,0,270.14,0.0,1,9.25,6.79,SPY190930P00248000,248.0,0,0.0,0.0,,0.0,normalDay
2019-02-08,0.0,253.0,0.0,0,270.47,0.0,1,9.25,6.72,SPY190930P00248000,248.0,0,0.0,0.0,,0.0,normalDay
2019-02-11,0.0,268.0,0.0,0,270.62,0.0,1,9.25,6.57,SPY190930P00248000,248.0,0,0.0,0.0,,0.0,normalDay
2019-02-12,0.0,352.0,0.0,0,274.1,0.0,1,9.25,5.73,SPY190930P00248000,248.0,0,0.0,0.0,,0.0,normalDay
2019-02-13,0.0,356.0,0.0,0,274.99,0.0,1,9.25,5.69,SPY190930P00248000,248.0,0,0.0,0.0,,0.0,normalDay
2019-02-14,0.0,326.0,0.0,0,274.38,0.0,1,9.25,5.99,SPY190930P00248000,248.0,0,0.0,0.0,,0.0,normalDay
2019-02-15,0.0,400.0,0.0,0,277.37,0.0,1,9.25,5.25,SPY190930P00248000,248.0,0,0.0,0.0,,0.0,normalDay
2019-02-19,0.0,416.0,0.0,0,277.85,0.0,1,9.25,5.09,SPY190930P00248000,248.0,0,0.0,0.0,,0.0,normalDay
2019-02-20,0.0,453.0,0.0,0,278.41,0.0,1,9.25,4.72,SPY190930P00248000,248.0,0,0.0,0.0,,0.0,normalDay
2019-02-21,0.0,435.0,0.0,0,277.42,0.0,1,9.25,4.9,SPY190930P00248000,248.0,0,0.0,0.0,,0.0,normalDay
2019-02-22,0.0,476.0,0.0,0,279.14,0.0,1,9.25,4.49,SPY190930P00248000,248.0,0,0.0,0.0,,0.0,normalDay
2019-02-25,0.0,478.0,0.0,0,279.52,0.0,1,9.25,4.47,SPY190930P00248000,248.0,0,0.0,0.0,,0.0,normalDay
2019-02-26,0.0,463.0,0.0,0,279.32,0.0,1,9.25,4.62,SPY190930P00248000,248.0,0,0.0,0.0,,0.0,normalDay
2019-02-27,0.0,473.0,0.0,0,279.2,0.0,1,9.25,4.52,SPY190930P00248000,248.0,0,0.0,0.0,,0.0,normalDay
2019-02-28,0.0,462.0,0.0,0,278.68,0.0,1,9.25,4.63,SPY190930P00248000,248.0,0,0.0,0.0,,0.0,normalDay
2019-03-01,0.0,506.0,0.0,0,280.42,0.0,1,9.25,4.19,SPY190930P00248000,248.0,0,0.0,0.0,,0.0,normalDay
2019-03-04,0.0,477.0,0.0,0,279.4,0.0,1,9.25,4.48,SPY190930P00248000,248.0,0,0.0,0.0,,0.0,normalDay
2019-03-05,0.0,470.0,0.0,0,279.02,0.0,1,9.25,4.55,SPY190930P00248000,248.0,0,0.0,0.0,,0.0,normalDay
2019-03-06,0.0,429.0,0.0,0,277.33,0.0,1,9.25,4.96,SPY190930P00248000,248.0,0,0.0,0.0,,0.0,normalDay
2019-03-07,0.0,384.0,0.0,0,275.01,0.0,1,9.25,5.41,SPY190930P00248000,248.0,0,0.0,0.0,,0.0,normalDay
2019-03-08,0.0,378.0,0.0,0,274.46,0.0,1,9.25,5.47,SPY190930P00248000,248.0,0,0.0,0.0,,0.0,normalDay
2019-03-11,0.0,476.0,0.0,0,278.44,0.0,1,9.25,4.49,SPY190930P00248000,248.0,0,0.0,0.0,,0.0,normalDay
2019-03-12,0.0,503.0,0.0,0,279.49,0.0,1,9.25,4.22,SPY190930P00248000,248.0,0,0.0,0.0,,0.0,normalDay
2019-03-13,0.0,547.0,0.0,0,281.34,0.0,1,9.25,3.78,SPY190930P00248000,248.0,0,0.0,0.0,,0.0,normalDay
2019-03-14,0.0,545.0,0.0,0,281.16,0.0,1,9.25,3.8,SPY190930P00248000,248.0,0,0.0,0.0,,0.0,normalDay
2019-03-15,0.0,569.0,0.0,0,281.31,0.0,1,9.25,3.56,SPY190930P00248000,248.0,0,0.0,0.0,,0.0,normalDay
2019-03-18,0.0,583.0,0.0,0,282.33,0.0,1,9.25,3.42,SPY190930P00248000,248.0,0,0.0,0.0,,0.0,normalDay
2019-03-19,0.0,571.0,0.0,0,282.4,0.0,1,9.25,3.54,SPY190930P00248000,248.0,0,0.0,0.0,,0.0,normalDay
2019-03-20,0.0,557.0,0.0,0,281.55,0.0,1,9.25,3.68,SPY190930P00248000,248.0,0,0.0,0.0,,0.0,normalDay
2019-03-21,0.0,601.0,0.0,0,284.73,0.0,1,9.25,3.24,SPY190930P00248000,248.0,0,0.0,0.0,,0.0,normalDay
2019-03-22,0.0,500.0,0.0,0,279.25,0.0,1,9.25,4.25,SPY190930P00248000,248.0,0,0.0,0.0,,0.0,normalDay
2019-03-25,0.0,491.0,0.0,0,279.04,0.0,1,9.25,4.34,SPY190930P00248000,248.0,0,0.0,0.0,,0.0,normalDay
2019-03-26,0.0,537.0,0.0,0,281.12,0.0,1,9.25,3.88,SPY190930P00248000,248.0,0,0.0,0.0,,0.0,normalDay
2019-03-27,0.0,516.0,0.0,0,279.65,0.0,1,9.25,4.09,SPY190930P00248000,248.0,0,0.0,0.0,,0.0,normalDay
2019-03-28,0.0,541.0,0.0,0,280.71,0.0,1,9.25,3.84,SPY190930P00248000,248.0,0,0.0,0.0,,0.0,normalDay
2019-03-29,0.0,576.0,0.0,0,282.48,0.0,1,9.25,3.49,SPY190930P00248000,248.0,0,0.0,0.0,,0.0,normalDay
2019-04-01,0.0,622.0,0.0,0,285.83,0.0,1,9.25,3.03,SPY190930P00248000,248.0,0,0.0,0.0,,0.0,normalDay
2019-04-02,0.0,625.0,0.0,0,285.97,0.0,1,9.25,3.0,SPY190930P00248000,248.0,0,0.0,0.0,,0.0,normalDay
2019-04-03,0.0,635.0,0.0,0,286.42,0.0,1,9.25,2.9,SPY190930P00248000,248.0,0,0.0,0.0,,0.0,normalDay
2019-04-04,0.0,643.0,0.0,0,287.18,0.0,1,9.25,2.82,SPY190930P00248000,248.0,0,0.0,0.0,,0.0,normalDay
2019-04-05,0.0,665.0,0.0,0,288.57,0.0,1,9.25,2.6,SPY190930P00248000,248.0,0,0.0,0.0,,0.0,normalDay
2019-04-08,0.0,667.0,0.0,0,288.79,0.0,1,9.25,2.58,SPY190930P00248000,248.0,0,0.0,0.0,,0.0,normalDay
2019-04-09,0.0,636.0,0.0,0,287.31,0.0,1,9.25,2.89,SPY190930P00248000,248.0,0,0.0,0.0,,0.0,normalDay
2019-04-10,0.0,664.0,0.0,0,288.29,0.0,1,9.25,2.61,SPY190930P00248000,248.0,0,0.0,0.0,,0.0,normalDay
2019-04-11,0.0,667.0,0.0,0,288.21,0.0,1,9.25,2.58,SPY190930P00248000,248.0,0,0.0,0.0,,0.0,normalDay
2019-04-12,0.0,699.0,0.0,0,290.16,0.0,1,9.25,2.26,SPY190930P00248000,248.0,0,0.0,0.0,,0.0,normalDay
2019-04-15,0.0,701.0,0.0,0,289.97,0.0,1,9.25,2.24,SPY190930P00248000,248.0,0,0.0,0.0,,0.0,normalDay
2019-04-16,0.0,706.0,0.0,0,290.16,0.0,1,9.25,2.19,SPY190930P00248000,248.0,0,0.0,0.0,,0.0,normalDay
2019-04-17,0.0,696.0,0.0,0,289.45,0.0,1,9.25,2.29,SPY190930P00248000,248.0,0,0.0,0.0,,0.0,normalDay
2019-04-18,0.0,704.0,0.0,0,290.02,0.0,1,9.25,2.21,SPY190930P00248000,248.0,0,0.0,0.0,,0.0,normalDay
2019-04-22,0.0,707.0,0.0,0,290.27,0.0,1,9.25,2.18,SPY190930P00248000,248.0,0,0.0,0.0,,0.0,normalDay
2019-04-23,0.0,727.0,0.0,0,292.88,0.0,1,9.25,1.98,SPY190930P00248000,248.0,0,0.0,0.0,,0.0,normalDay
2019-04-24,0.0,718.0,0.0,0,292.23,0.0,1,9.25,2.07,SPY190930P00248000,248.0,0,0.0,0.0,,0.0,normalDay
2019-04-25,0.0,713.0,0.0,0,292.05,0.0,1,9.25,2.12,SPY190930P00248000,248.0,0,0.0,0.0,,0.0,normalDay
2019-04-26,0.0,728.0,0.0,0,293.41,0.0,1,9.25,1.97,SPY190930P00248000,248.0,0,0.0,0.0,,0.0,normalDay
2019-04-29,0.0,729.0,0.0,0,293.87,0.0,1,9.25,1.96,SPY190930P00248000,248.0,0,0.0,0.0,,0.0,normalDay
2019-04-30,0.0,734.0,0.0,0,294.02,0.0,1,9.25,1.91,SPY190930P00248000,248.0,0,0.0,0.0,,0.0,normalDay
2019-05-01,0.0,703.0,0.0,0,291.81,0.0,1,9.25,2.22,SPY190930P00248000,248.0,0,0.0,0.0,,0.0,normalDay
2019-05-02,0.0,702.0,0.0,0,291.18,0.0,1,9.25,2.23,SPY190930P00248000,248.0,0,0.0,0.0,,0.0,normalDay
2019-05-03,0.0,740.0,0.0,0,294.03,0.0,1,9.25,1.85,SPY190930P00248000,248.0,0,0.0,0.0,,0.0,normalDay
2019-05-06,0.0,713.0,0.0,0,292.82,0.0,1,9.25,2.12,SPY190930P00248000,248.0,0,0.0,0.0,,0.0,normalDay
2019-05-07,0.0,622.0,0.0,0,287.93,0.0,1,9.25,3.03,SPY190930P00248000,248.0,0,0.0,0.0,,0.0,normalDay
2019-05-08,0.0,629.0,0.0,0,287.53,0.0,1,9.25,2.96,SPY190930P00248000,248.0,0,0.0,0.0,,0.0,normalDay
2019-05-09,0.0,640.0,0.0,0,286.66,0.0,1,9.25,2.85,SPY190930P00248000,248.0,0,0.0,0.0,,0.0,normalDay
2019-05-10,0.0,681.0,0.0,0,288.1,0.0,1,9.25,2.44,SPY190930P00248000,248.0,0,0.0,0.0,,0.0,normalDay
2019-05-13,0.0,554.0,0.0,0,280.86,0.0,1,9.25,3.71,SPY190930P00248000,248.0,0,0.0,0.0,,0.0,normalDay
2019-05-14,0.0,622.0,0.0,0,283.4,0.0,1,9.25,3.03,SPY190930P00248000,248.0,0,0.0,0.0,,0.0,normalDay
2019-05-15,0.0,662.0,0.0,0,285.06,0.0,1,9.25,2.63,SPY190930P00248000,248.0,0,0.0,0.0,,0.0,normalDay
2019-05-16,0.0,704.0,0.0,0,287.7,0.0,1,9.25,2.21,SPY190930P00248000,248.0,0,0.0,0.0,,0.0,normalDay
2019-05-17,0.0,679.0,0.0,0,285.84,0.0,1,9.25,2.46,SPY190930P00248000,248.0,0,0.0,0.0,,0.0,normalDay
2019-05-20,0.0,668.0,0.0,0,283.95,0.0,1,9.25,2.57,SPY190930P00248000,248.0,0,0.0,0.0,,0.0,normalDay
2019-05-21,0.0,711.0,0.0,0,286.51,0.0,1,9.25,2.14,SPY190930P00248000,248.0,0,0.0,0.0,,0.0,normalDay
2019-05-22,0.0,706.0,0.0,0,285.63,0.0,1,9.25,2.19,SPY190930P00248000,248.0,0,0.0,0.0,,0.0,normalDay
2019-05-23,0.0,646.0,0.0,0,282.14,0.0,1,9.25,2.79,SPY190930P00248000,248.0,0,0.0,0.0,,0.0,normalDay
2019-05-24,0.0,668.0,0.0,0,282.78,0.0,1,9.25,2.57,SPY190930P00248000,248.0,0,0.0,0.0,,0.0,normalDay
2019-05-28,0.0,638.0,0.0,0,280.15,0.0,1,9.25,2.87,SPY190930P00248000,248.0,0,0.0,0.0,,0.0,normalDay
2019-05-29,0.0,611.0,0.0,0,278.27,0.0,1,9.25,3.14,SPY190930P00248000,248.0,0,0.0,0.0,,0.0,normalDay
2019-05-30,0.0,628.0,0.0,0,279.03,0.0,1,9.25,2.97,SPY190930P00248000,248.0,0,0.0,0.0,,0.0,normalDay
2019-05-31,0.0,558.0,0.0,0,275.27,0.0,1,9.25,3.67,SPY190930P00248000,248.0,0,0.0,0.0,,0.0,normalDay
2019-06-03,0.0,565.0,0.0,0,274.57,0.0,1,9.25,3.6,SPY190930P00248000,248.0,0,0.0,0.0,,0.0,normalDay
2019-06-04,0.0,667.0,0.0,0,280.53,0.0,1,9.25,2.58,SPY190930P00248000,248.0,0,0.0,0.0,,0.0,normalDay
2019-06-05,0.0,703.0,0.0,0,282.96,0.0,1,9.25,2.22,SPY190930P00248000,248.0,0,0.0,0.0,,0.0,normalDay
2019-06-06,0.0,721.0,0.0,0,284.8,0.0,1,9.25,2.04,SPY190930P00248000,248.0,0,0.0,0.0,,0.0,normalDay
2019-06-07,0.0,733.0,0.0,0,287.65,0.0,1,9.25,1.92,SPY190930P00248000,248.0,0,0.0,0.0,,0.0,normalDay
2019-06-10,0.0,753.0,0.0,0,288.97,0.0,1,9.25,1.72,SPY190930P00248000,248.0,0,0.0,0.0,,0.0,normalDay
2019-06-11,0.0,748.0,0.0,0,288.9,0.0,1,9.25,1.77,SPY190930P00248000,248.0,0,0.0,0.0,,0.0,normalDay
2019-06-12,0.0,749.0,0.0,0,288.39,0.0,1,9.25,1.76,SPY190930P00248000,248.0,0,0.0,0.0,,0.0,normalDay
2019-06-13,0.0,762.0,0.0,0,289.58,0.0,1,9.25,1.63,SPY190930P00248000,248.0,0,0.0,0.0,,0.0,normalDay
2019-06-14,0.0,769.0,0.0,0,289.26,0.0,1,9.25,1.56,SPY190930P00248000,248.0,0,0.0,0.0,,0.0,normalDay
2019-06-17,0.0,774.0,0.0,0,289.37,0.0,1,9.25,1.51,SPY190930P00248000,248.0,0,0.0,0.0,,0.0,normalDay
2019-06-18,0.0,792.0,0.0,0,292.4,0.0,1,9.25,1.33,SPY190930P00248000,248.0,0,0.0,0.0,,0.0,normalDay
2019-06-19,0.0,805.0,0.0,0,293.06,0.0,1,9.25,1.2,SPY190930P00248000,248.0,0,0.0,0.0,,0.0,normalDay
2019-06-20,0.0,816.0,0.0,0,295.86,0.0,1,9.25,1.09,SPY190930P00248000,248.0,0,0.0,0.0,,0.0,normalDay
2019-06-21,0.0,810.0,0.0,0,294.0,0.0,1,9.25,1.15,SPY190930P00248000,248.0,0,0.0,0.0,,0.0,normalDay
2019-06-24,0.0,814.0,0.0,0,293.64,0.0,1,9.25,1.11,SPY190930P00248000,248.0,0,0.0,0.0,,0.0,normalDay
2019-06-25,0.0,794.0,0.0,0,290.76,0.0,1,9.25,1.31,SPY190930P00248000,248.0,0,0.0,0.0,,0.0,normalDay
2019-06-26,0.0,795.0,0.0,0,290.47,0.0,1,9.25,1.3,SPY190930P00248000,248.0,0,0.0,0.0,,0.0,normalDay
2019-06-27,0.0,808.0,0.0,0,291.5,0.0,1,9.25,1.17,SPY190930P00248000,248.0,0,0.0,0.0,,0.0,normalDay
2019-06-28,0.0,828.0,0.0,0,293.0,0.0,1,9.25,0.97,SPY190930P00248000,248.0,0,0.0,0.0,,0.0,normalDay
2019-07-01,0.0,848.0,0.0,0,295.66,0.0,1,9.25,0.77,SPY190930P00248000,248.0,0,0.0,0.0,,0.0,normalDay
2019-07-02,0.0,855.0,0.0,0,296.43,0.0,1,9.25,0.7,SPY190930P00248000,248.0,0,0.0,0.0,,0.0,normalDay
2019-07-03,0.0,865.0,0.0,0,298.8,0.0,1,9.25,0.6,SPY190930P00248000,248.0,0,0.0,0.0,,0.0,normalDay
2019-07-05,0.0,860.0,0.0,0,298.46,0.0,1,9.25,0.65,SPY190930P00248000,248.0,0,0.0,0.0,,0.0,normalDay
2019-07-08,0.0,857.0,0.0,0,296.82,0.0,1,9.25,0.68,SPY190930P00248000,248.0,0,0.0,0.0,,0.0,normalDay
2019-07-09,0.0,857.0,0.0,0,297.19,0.0,1,9.25,0.68,SPY190930P00248000,248.0,0,0.0,0.0,,0.0,normalDay
2019-07-10,0.0,865.0,0.0,0,298.61,0.0,1,9.25,0.6,SPY190930P00248000,248.0,0,0.0,0.0,,0.0,normalDay
2019-07-11,0.0,868.0,0.0,0,299.31,0.0,1,9.25,0.57,SPY190930P00248000,248.0,0,0.0,0.0,,0.0,normalDay
2019-07-12,0.0,874.0,0.0,0,300.65,0.0,1,9.25,0.51,SPY190930P00248000,248.0,0,0.0,0.0,,0.0,normalDay
2019-07-15,0.0,873.0,0.0,0,300.75,0.0,1,9.25,0.52,SPY190930P00248000,248.0,0,0.0,0.0,,0.0,normalDay
2019-07-16,0.0,872.0,0.0,0,299.78,0.0,1,9.25,0.53,SPY190930P00248000,248.0,0,0.0,0.0,,0.0,normalDay
2019-07-17,0.0,864.0,0.0,0,297.74,0.0,1,9.25,0.61,SPY190930P00248000,248.0,0,0.0,0.0,,0.0,normalDay
2019-07-18,0.0,871.0,0.0,0,298.83,0.0,1,9.25,0.54,SPY190930P00248000,248.0,0,0.0,0.0,,0.0,normalDay
2019-07-19,0.0,867.0,0.0,0,297.17,0.0,1,9.25,0.58,SPY190930P00248000,248.0,0,0.0,0.0,,0.0,normalDay
2019-07-22,0.0,877.0,0.0,0,297.9,0.0,1,9.25,0.48,SPY190930P00248000,248.0,0,0.0,0.0,,0.0,normalDay
2019-07-23,0.0,886.0,0.0,0,300.03,0.0,1,9.25,0.39,SPY190930P00248000,248.0,0,0.0,0.0,,0.0,normalDay
2019-07-24,0.0,892.0,0.0,0,301.44,0.0,1,9.25,0.33,SPY190930P00248000,248.0,0,0.0,0.0,,0.0,normalDay
2019-07-25,0.0,888.0,0.0,0,300.0,0.0,1,9.25,0.37,SPY190930P00248000,248.0,0,0.0,0.0,,0.0,normalDay
2019-07-26,0.0,893.0,0.0,0,302.01,0.0,1,9.25,0.32,SPY190930P00248000,248.0,0,0.0,0.0,,0.0,normalDay
2019-07-29,0.0,892.0,0.0,0,301.46,0.0,1,9.25,0.33,SPY190930P00248000,248.0,0,0.0,0.0,,0.0,normalDay
2019-07-30,0.0,886.0,0.0,0,300.72,0.0,1,9.25,0.39,SPY190930P00248000,248.0,0,0.0,0.0,,0.0,normalDay
2019-07-31,0.0,873.0,0.0,0,297.43,0.0,1,9.25,0.52,SPY190930P00248000,248.0,0,0.0,0.0,,0.0,normalDay
2019-08-01,0.0,858.0,0.0,0,294.84,0.0,1,9.25,0.67,SPY190930P00248000,248.0,0,0.0,0.0,,0.0,normalDay
2019-08-02,0.0,853.0,0.0,0,292.62,0.0,1,9.25,0.72,SPY190930P00248000,248.0,0,0.0,0.0,,0.0,normalDay
2019-08-05,0.0,749.0,0.0,0,283.82,0.0,1,9.25,1.76,SPY190930P00248000,248.0,0,0.0,0.0,,0.0,normalDay
2019-08-06,0.0,822.0,0.0,0,287.8,0.0,1,9.25,1.03,SPY190930P00248000,248.0,0,0.0,0.0,,0.0,normalDay
2019-08-07,0.0,829.0,0.0,0,287.97,0.0,1,9.25,0.96,SPY190930P00248000,248.0,0,0.0,0.0,,0.0,normalDay
2019-08-08,0.0,867.0,0.0,0,293.62,0.0,1,9.25,0.58,SPY190930P00248000,248.0,0,0.0,0.0,,0.0,normalDay
2019-08-09,0.0,858.0,0.0,0,291.62,0.0,1,9.25,0.67,SPY190930P00248000,248.0,0,0.0,0.0,,0.0,normalDay
2019-08-12,0.0,826.0,0.0,0,288.07,0.0,1,9.25,0.99,SPY190930P00248000,248.0,0,0.0,0.0,,0.0,normalDay
2019-08-13,0.0,869.0,0.0,0,292.55,0.0,1,9.25,0.56,SPY190930P00248000,248.0,0,0.0,0.0,,0.0,normalDay
2019-08-14,0.0,809.0,0.0,0,283.9,0.0,1,9.25,1.16,SPY190930P00248000,248.0,0,0.0,0.0,,0.0,normalDay
2019-08-15,0.0,827.0,0.0,0,284.65,0.0,1,9.25,0.98,SPY190930P00248000,248.0,0,0.0,0.0,,0.0,normalDay
2019-08-16,0.0,866.0,0.0,0,288.85,0.0,1,9.25,0.59,SPY190930P00248000,248.0,0,0.0,0.0,,0.0,normalDay
2019-08-19,0.0,891.0,0.0,0,292.33,0.0,1,9.25,0.34,SPY190930P00248000,248.0,0,0.0,0.0,,0.0,normalDay
2019-08-20,0.0,885.0,0.0,0,290.09,0.0,1,9.25,0.4,SPY190930P00248000,248.0,0,0.0,0.0,,0.0,normalDay
2019-08-21,0.0,901.0,0.0,0,292.45,0.0,1,9.25,0.24,SPY190930P00248000,248.0,0,0.0,0.0,,0.0,normalDay
2019-08-22,0.0,898.0,0.0,0,292.36,0.0,1,9.25,0.27,SPY190930P00248000,248.0,0,0.0,0.0,,0.0,normalDay
2019-08-23,0.0,870.0,0.0,0,284.85,0.0,1,9.25,0.55,SPY190930P00248000,248.0,0,0.0,0.0,,0.0,normalDay
2019-08-26,0.0,887.0,0.0,0,288.0,0.0,1,9.25,0.38,SPY190930P00248000,248.0,0,0.0,0.0,,0.0,normalDay
2019-08-27,0.0,882.0,0.0,0,286.87,0.0,1,9.25,0.43,SPY190930P00248000,248.0,0,0.0,0.0,,0.0,normalDay
2019-08-28,0.0,892.0,0.0,0,288.89,0.0,1,9.25,0.33,SPY190930P00248000,248.0,0,0.0,0.0,,0.0,normalDay
2019-08-29,0.0,900.0,0.0,0,292.58,0.0,1,9.25,0.25,SPY190930P00248000,248.0,0,0.0,0.0,,0.0,normalDay
2019-08-30,0.0,896.0,0.0,0,292.45,0.0,1,9.25,0.29,SPY190930P00248000,248.0,0,0.0,0.0,,0.0,normalDay
2019-09-03,0.0,899.0,0.0,0,290.74,0.0,1,9.25,0.26,SPY190930P00248000,248.0,0,0.0,0.0,,0.0,normalDay
2019-09-04,0.0,911.0,0.0,0,294.04,0.0,1,9.25,0.14,SPY190930P00248000,248.0,0,0.0,0.0,,0.0,normalDay
2019-09-05,0.0,914.0,0.0,0,297.82,0.0,1,9.25,0.11,SPY190930P00248000,248.0,0,0.0,0.0,,0.0,normalDay
2019-09-06,0.0,917.0,0.0,0,298.05,0.0,1,9.25,0.08,SPY190930P00248000,248.0,0,0.0,0.0,,0.0,normalDay
2019-09-09,0.0,918.0,0.0,0,298.2,0.0,1,9.25,0.07,SPY190930P00248000,248.0,0,0.0,0.0,,0.0,normalDay
2019-09-10,0.0,919.0,0.0,0,298.13,0.0,1,9.25,0.06,SPY190930P00248000,248.0,0,0.0,0.0,,0.0,normalDay
2019-09-11,0.0,920.0,0.0,0,300.25,0.0,1,9.25,0.05,SPY190930P00248000,248.0,0,0.0,0.0,,0.0,normalDay
2019-09-12,0.0,921.0,0.0,0,301.29,0.0,1,9.25,0.04,SPY190930P00248000,248.0,0,0.0,0.0,,0.0,normalDay
2019-09-13,0.0,922.0,0.0,0,301.09,0.0,1,9.25,0.03,SPY190930P00248000,248.0,0,0.0,0.0,,0.0,normalDay
2019-09-16,0.0,922.0,0.0,0,300.16,0.0,1,9.25,0.03,SPY190930P00248000,248.0,0,0.0,0.0,,0.0,normalDay
2019-09-17,0.0,922.0,0.0,0,300.92,0.0,1,9.25,0.03,SPY190930P00248000,248.0,0,0.0,0.0,,0.0,normalDay
2019-09-18,0.0,923.0,0.0,0,301.1,0.0,1,9.25,0.02,SPY190930P00248000,248.0,0,0.0,0.0,,0.0,normalDay
2019-09-19,0.0,923.0,0.0,0,301.08,0.0,1,9.25,0.02,SPY190930P00248000,248.0,0,0.0,0.0,,0.0,normalDay
2019-09-20,0.0,923.0,0.0,0,298.28,0.0,1,9.25,0.02,SPY190930P00248000,248.0,0,0.0,0.0,,0.0,normalDay
2019-09-23,0.0,924.0,0.0,0,298.21,0.0,1,9.25,0.01,SPY190930P00248000,248.0,0,0.0,0.0,,0.0,normalDay
2019-09-24,0.0,923.0,0.0,0,295.87,0.0,1,9.25,0.02,SPY190930P00248000,248.0,0,0.0,0.0,,0.0,normalDay
2019-09-25,0.0,924.0,0.0,0,297.62,0.0,1,9.25,0.01,SPY190930P00248000,248.0,0,0.0,0.0,,0.0,normalDay
2019-09-26,0.0,924.0,0.0,0,297.0,0.0,1,9.25,0.01,SPY190930P00248000,248.0,0,0.0,0.0,,0.0,normalDay
2019-09-27,0.0,924.0,0.0,0,295.4,0.0,1,9.25,0.01,SPY190930P00248000,248.0,0,0.0,0.0,,0.0,normalDay
2019-09-30,925.0,0.0,925.0,0,296.77,0.0,1,9.25,0.0,SPY190930P00248000,248.0,0,0.0,0.0,,0.0,expirationDay
2019-10-01,925.0,-21.0,0.0,0,293.24,0.0,1,18.63,18.84,SPY200930P00289000,289.0,0,0.0,0.0,,0.0,normalDay
2019-10-02,925.0,-309.0,0.0,0,288.06,0.0,1,18.63,21.72,SPY200930P00289000,289.0,0,0.0,0.0,,0.0,normalDay
2019-10-03,925.0,-183.0,0.0,0,290.42,0.0,1,18.63,20.46,SPY200930P00289000,289.0,0,0.0,0.0,,0.0,normalDay
2019-10-04,925.0,30.0,0.0,0,294.35,0.0,1,18.63,18.33,SPY200930P00289000,289.0,0,0.0,0.0,,0.0,normalDay
2019-10-07,925.0,-17.0,0.0,0,293.08,0.0,1,18.63,18.8,SPY200930P00289000,289.0,0,0.0,0.0,,0.0,normalDay
2019-10-08,925.0,-252.0,0.0,0,288.53,0.0,1,18.63,21.15,SPY200930P00289000,289.0,0,0.0,0.0,,0.0,normalDay
2019-10-09,925.0,-112.0,0.0,0,291.27,0.0,1,18.63,19.75,SPY200930P00289000,289.0,0,0.0,0.0,,0.0,normalDay
2019-10-10,925.0,12.0,0.0,0,293.24,0.0,1,18.63,18.51,SPY200930P00289000,289.0,0,0.0,0.0,,0.0,normalDay
2019-10-11,925.0,168.0,0.0,0,296.28,0.0,1,18.63,16.95,SPY200930P00289000,289.0,0,0.0,0.0,,0.0,normalDay
2019-10-14,925.0,187.0,0.0,0,295.95,0.0,1,18.63,16.76,SPY200930P00289000,289.0,0,0.0,0.0,,0.0,normalDay
2019-10-15,925.0,322.0,0.0,0,298.88,0.0,1,18.63,15.41,SPY200930P00289000,289.0,0,0.0,0.0,,0.0,normalDay
2019-10-16,925.0,304.0,0.0,0,298.4,0.0,1,18.63,15.59,SPY200930P00289000,289.0,0,0.0,0.0,,0.0,normalDay
2019-10-17,925.0,329.0,0.0,0,299.28,0.0,1,18.63,15.34,SPY200930P00289000,289.0,0,0.0,0.0,,0.0,normalDay
2019-10-18,925.0,273.0,0.0,0,297.97,0.0,1,18.63,15.9,SPY200930P00289000,289.0,0,0.0,0.0,,0.0,normalDay
2019-10-21,925.0,365.0,0.0,0,299.99,0.0,1,18.63,14.98,SPY200930P00289000,289.0,0,0.0,0.0,,0.0,normalDay
2019-10-22,925.0,321.0,0.0,0,299.01,0.0,1,18.63,15.42,SPY200930P00289000,289.0,0,0.0,0.0,,0.0,normalDay
2019-10-23,925.0,358.0,0.0,0,299.88,0.0,1,18.63,15.05,SPY200930P00289000,289.0,0,0.0,0.0,,0.0,normalDay
2019-10-24,925.0,374.0,0.0,0,300.37,0.0,1,18.63,14.89,SPY200930P00289000,289.0,0,0.0,0.0,,0.0,normalDay
2019-10-25,925.0,439.0,0.0,0,301.6,0.0,1,18.63,14.24,SPY200930P00289000,289.0,0,0.0,0.0,,0.0,normalDay
2019-10-28,925.0,491.0,0.0,0,303.3,0.0,1,18.63,13.72,SPY200930P00289000,289.0,0,0.0,0.0,,0.0,normalDay
2019-10-29,925.0,477.0,0.0,0,303.21,0.0,1,18.63,13.86,SPY200930P00289000,289.0,0,0.0,0.0,,0.0,normalDay
2019-10-30,925.0,527.0,0.0,0,304.14,0.0,1,18.63,13.36,SPY200930P00289000,289.0,0,0.0,0.0,,0.0,normalDay
2019-10-31,925.0,475.0,0.0,0,303.33,0.0,1,18.63,13.88,SPY200930P00289000,289.0,0,0.0,0.0,,0.0,normalDay
2019-11-01,925.0,570.0,0.0,0,306.14,0.0,1,18.63,12.93,SPY200930P00289000,289.0,0,0.0,0.0,,0.0,normalDay
2019-11-04,925.0,608.0,0.0,0,307.37,0.0,1,18.63,12.55,SPY200930P00289000,289.0,0,0.0,0.0,,0.0,normalDay
2019-11-05,925.0,584.0,0.0,0,307.03,0.0,1,18.63,12.79,SPY200930P00289000,289.0,0,0.0,0.0,,0.0,normalDay
2019-11-06,925.0,583.0,0.0,0,307.1,0.0,1,18.63,12.8,SPY200930P00289000,289.0,0,0.0,0.0,,0.0,normalDay
2019-11-07,925.0,609.0,0.0,0,308.18,0.0,1,18.63,12.54,SPY200930P00289000,289.0,0,0.0,0.0,,0.0,normalDay
2019-11-08,925.0,637.0,0.0,0,308.94,0.0,1,18.63,12.26,SPY200930P00289000,289.0,0,0.0,0.0,,0.0,normalDay
2019-11-11,925.0,627.0,0.0,0,308.35,0.0,1,18.63,12.36,SPY200930P00289000,289.0,0,0.0,0.0,,0.0,normalDay
2019-11-12,925.0,637.0,0.0,0,309.0,0.0,1,18.63,12.26,SPY200930P00289000,289.0,0,0.0,0.0,,0.0,normalDay
2019-11-13,925.0,646.0,0.0,0,309.1,0.0,1,18.63,12.17,SPY200930P00289000,289.0,0,0.0,0.0,,0.0,normalDay
2019-11-14,925.0,657.0,0.0,0,309.55,0.0,1,18.63,12.06,SPY200930P00289000,289.0,0,0.0,0.0,,0.0,normalDay
2019-11-15,925.0,733.0,0.0,0,311.79,0.0,1,18.63,11.3,SPY200930P00289000,289.0,0,0.0,0.0,,0.0,normalDay
2019-11-18,925.0,742.0,0.0,0,312.02,0.0,1,18.63,11.21,SPY200930P00289000,289.0,0,0.0,0.0,,0.0,normalDay
2019-11-19,925.0,725.0,0.0,0,311.93,0.0,1,18.63,11.38,SPY200930P00289000,289.0,0,0.0,0.0,,0.0,normalDay
2019-11-20,925.0,680.0,0.0,0,310.77,0.0,1,18.63,11.83,SPY200930P00289000,289.0,0,0.0,0.0,,0.0,normalDay
2019-11-21,925.0,653.0,0.0,0,310.27,0.0,1,18.63,12.1,SPY200930P00289000,289.0,0,0.0,0.0,,0.0,normalDay
2019-11-22,925.0,689.0,0.0,0,310.96,0.0,1,18.63,11.74,SPY200930P00289000,289.0,0,0.0,0.0,,0.0,normalDay
2019-11-25,925.0,774.0,0.0,0,313.37,0.0,1,18.63,10.89,SPY200930P00289000,289.0,0,0.0,0.0,,0.0,normalDay
2019-11-26,925.0,811.0,0.0,0,314.08,0.0,1,18.63,10.52,SPY200930P00289000,289.0,0,0.0,0.0,,0.0,normalDay
2019-11-27,925.0,837.0,0.0,0,315.48,0.0,1,18.63,10.26,SPY200930P00289000,289.0,0,0.0,0.0,,0.0,normalDay
2019-11-29,925.0,797.0,0.0,0,314.31,0.0,1,18.63,10.66,SPY200930P00289000,289.0,0,0.0,0.0,,0.0,normalDay
2019-12-02,925.0,693.0,0.0,0,311.64,0.0,1,18.63,11.7,SPY200930P00289000,289.0,0,0.0,0.0,,0.0,normalDay
2019-12-03,925.0,608.0,0.0,0,309.55,0.0,1,18.63,12.55,SPY200930P00289000,289.0,0,0.0,0.0,,0.0,normalDay
2019-12-04,925.0,680.0,0.0,0,311.46,0.0,1,18.63,11.83,SPY200930P00289000,289.0,0,0.0,0.0,,0.0,normalDay
2019-12-05,925.0,717.0,0.0,0,312.02,0.0,1,18.63,11.46,SPY200930P00289000,289.0,0,0.0,0.0,,0.0,normalDay
2019-12-06,925.0,801.0,0.0,0,314.87,0.0,1,18.63,10.62,SPY200930P00289000,289.0,0,0.0,0.0,,0.0,normalDay
2019-12-09,925.0,750.0,0.0,0,313.88,0.0,1,18.63,11.13,SPY200930P00289000,289.0,0,0.0,0.0,,0.0,normalDay
2019-12-10,925.0,762.0,0.0,0,313.53,0.0,1,18.63,11.01,SPY200930P00289000,289.0,0,0.0,0.0,,0.0,normalDay
2019-12-11,925.0,799.0,0.0,0,314.42,0.0,1,18.63,10.64,SPY200930P00289000,289.0,0,0.0,0.0,,0.0,normalDay
2019-12-12,925.0,885.0,0.0,0,317.13,0.0,1,18.63,9.78,SPY200930P00289000,289.0,0,0.0,0.0,,0.0,normalDay
2019-12-13,925.0,929.0,0.0,0,317.32,0.0,1,18.63,9.34,SPY200930P00289000,289.0,0,0.0,0.0,,0.0,normalDay
2019-12-16,925.0,1006.0,0.0,0,319.5,0.0,1,18.63,8.57,SPY200930P00289000,289.0,0,0.0,0.0,,0.0,normalDay
2019-12-17,925.0,992.0,0.0,0,319.57,0.0,1,18.63,8.71,SPY200930P00289000,289.0,0,0.0,0.0,,0.0,normalDay
2019-12-18,925.0,995.0,0.0,0,319.59,0.0,1,18.63,8.68,SPY200930P00289000,289.0,0,0.0,0.0,,0.0,normalDay
2019-12-19,925.0,1022.0,0.0,0,320.9,0.0,1,18.63,8.41,SPY200930P00289000,289.0,0,0.0,0.0,,0.0,normalDay
2019-12-20,925.0,1055.0,0.0,0,320.73,0.0,1,18.63,8.08,SPY200930P00289000,289.0,0,0.0,0.0,,0.0,normalDay
2019-12-23,925.0,1056.0,0.0,0,321.22,0.0,1,18.63,8.07,SPY200930P00289000,289.0,0,0.0,0.0,,0.0,normalDay
2019-12-24,925.0,1062.0,0.0,0,321.23,0.0,1,18.63,8.01,SPY200930P00289000,289.0,0,0.0,0.0,,0.0,normalDay
2019-12-26,925.0,1098.0,0.0,0,322.94,0.0,1,18.63,7.65,SPY200930P00289000,289.0,0,0.0,0.0,,0.0,normalDay
2019-12-27,925.0,1078.0,0.0,0,322.86,0.0,1,18.63,7.85,SPY200930P00289000,289.0,0,0.0,0.0,,0.0,normalDay
2019-12-30,925.0,1034.0,0.0,0,321.08,0.0,1,18.63,8.29,SPY200930P00289000,289.0,0,0.0,0.0,,0.0,normalDay
2019-12-31,925.0,1073.0,0.0,0,321.86,0.0,1,18.63,7.9,SPY200930P00289000,289.0,0,0.0,0.0,,0.0,normalDay
2020-01-02,925.0,1150.0,0.0,0,324.87,0.0,1,18.63,7.13,SPY200930P00289000,289.0,0,0.0,0.0,,0.0,normalDay
2020-01-03,925.0,1075.0,0.0,0,322.41,0.0,1,18.63,7.88,SPY200930P00289000,289.0,0,0.0,0.0,,0.0,normalDay
2020-01-06,925.0,1115.0,0.0,0,323.64,0.0,1,18.63,7.48,SPY200930P00289000,289.0,0,0.0,0.0,,0.0,normalDay
2020-01-07,925.0,1103.0,0.0,0,322.73,0.0,1,18.63,7.6,SPY200930P00289000,289.0,0,0.0,0.0,,0.0,normalDay
2020-01-08,925.0,1158.0,0.0,0,324.45,0.0,1,18.63,7.05,SPY200930P00289000,289.0,0,0.0,0.0,,0.0,normalDay
2020-01-09,925.0,1210.0,0.0,0,326.65,0.0,1,18.63,6.53,SPY200930P00289000,289.0,0,0.0,0.0,,0.0,normalDay
2020-01-10,925.0,1190.0,0.0,0,325.71,0.0,1,18.63,6.73,SPY200930P00289000,289.0,0,0.0,0.0,,0.0,normalDay
2020-01-13,925.0,1247.0,0.0,0,327.95,0.0,1,18.63,6.16,SPY200930P00289000,289.0,0,0.0,0.0,,0.0,normalDay
2020-01-14,925.0,1254.0,0.0,0,327.45,0.0,1,18.63,6.09,SPY200930P00289000,289.0,0,0.0,0.0,,0.0,normalDay
2020-01-15,925.0,1265.0,0.0,0,328.19,0.0,1,18.63,5.98,SPY200930P00289000,289.0,0,0.0,0.0,,0.0,normalDay
2020-01-16,925.0,1310.0,0.0,0,330.92,0.0,1,18.63,5.53,SPY200930P00289000,289.0,0,0.0,0.0,,0.0,normalDay
2020-01-17,925.0,1330.0,0.0,0,331.95,0.0,1,18.63,5.33,SPY200930P00289000,289.0,0,0.0,0.0,,0.0,normalDay
2020-01-21,925.0,1318.0,0.0,0,331.3,0.0,1,18.63,5.45,SPY200930P00289000,289.0,0,0.0,0.0,,0.0,normalDay
2020-01-22,925.0,1311.0,0.0,0,331.34,0.0,1,18.63,5.52,SPY200930P00289000,289.0,0,0.0,0.0,,0.0,normalDay
2020-01-23,925.0,1320.0,0.0,0,331.72,0.0,1,18.63,5.43,SPY200930P00289000,289.0,0,0.0,0.0,,0.0,normalDay
2020-01-24,925.0,1251.0,0.0,0,328.77,0.0,1,18.63,6.12,SPY200930P00289000,289.0,0,0.0,0.0,,0.0,normalDay
2020-01-27,925.0,1103.0,0.0,0,323.5,0.0,1,18.63,7.6,SPY200930P00289000,289.0,0,0.0,0.0,,0.0,normalDay
2020-01-28,925.0,1206.0,0.0,0,326.89,0.0,1,18.63,6.57,SPY200930P00289000,289.0,0,0.0,0.0,,0.0,normalDay
2020-01-29,925.0,1205.0,0.0,0,326.62,0.0,1,18.63,6.58,SPY200930P00289000,289.0,0,0.0,0.0,,0.0,normalDay
2020-01-30,925.0,1246.0,0.0,0,327.68,0.0,1,18.63,6.17,SPY200930P00289000,289.0,0,0.0,0.0,,0.0,normalDay
2020-01-31,925.0,1086.0,0.0,0,321.73,0.0,1,18.63,7.77,SPY200930P00289000,289.0,0,0.0,0.0,,0.0,normalDay
2020-02-03,925.0,1145.0,0.0,0,324.12,0.0,1,18.63,7.18,SPY200930P00289000,289.0,0,0.0,0.0,,0.0,normalDay
2020-02-04,925.0,1280.0,0.0,0,329.06,0.0,1,18.63,5.83,SPY200930P00289000,289.0,0,0.0,0.0,,0.0,normalDay
2020-02-05,925.0,1350.0,0.0,0,332.86,0.0,1,18.63,5.13,SPY200930P00289000,289.0,0,0.0,0.0,,0.0,normalDay
2020-02-06,925.0,1360.0,0.0,0,333.98,0.0,1,18.63,5.03,SPY200930P00289000,289.0,0,0.0,0.0,,0.0,normalDay
2020-02-07,925.0,1323.0,0.0,0,332.2,0.0,1,18.63,5.4,SPY200930P00289000,289.0,0,0.0,0.0,,0.0,normalDay
2020-02-10,925.0,1372.0,0.0,0,334.68,0.0,1,18.63,4.91,SPY200930P00289000,289.0,0,0.0,0.0,,0.0,normalDay
2020-02-11,925.0,1376.0,0.0,0,335.26,0.0,1,18.63,4.87,SPY200930P00289000,289.0,0,0.0,0.0,,0.0,normalDay
2020-02-12,925.0,1415.0,0.0,0,337.42,0.0,1,18.63,4.48,SPY200930P00289000,289.0,0,0.0,0.0,,0.0,normalDay
2020-02-13,925.0,1405.0,0.0,0,337.06,0.0,1,18.63,4.58,SPY200930P00289000,289.0,0,0.0,0.0,,0.0,normalDay
2020-02-14,925.0,1414.0,0.0,0,337.6,0.0,1,18.63,4.49,SPY200930P00289000,289.0,0,0.0,0.0,,0.0,normalDay
2020-02-18,925.0,1394.0,0.0,0,336.73,0.0,1,18.63,4.69,SPY200930P00289000,289.0,0,0.0,0.0,,0.0,normalDay
2020-02-19,925.0,1417.0,0.0,0,338.34,0.0,1,18.63,4.46,SPY200930P00289000,289.0,0,0.0,0.0,,0.0,normalDay
2020-02-20,925.0,1384.0,0.0,0,336.95,0.0,1,18.63,4.79,SPY200930P00289000,289.0,0,0.0,0.0,,0.0,normalDay
2020-02-21,925.0,1307.0,0.0,0,333.48,0.0,1,18.63,5.56,SPY200930P00289000,289.0,0,0.0,0.0,,0.0,normalDay
2020-02-24,925.0,1010.0,0.0,0,322.42,0.0,1,18.63,8.53,SPY200930P00289000,289.0,0,0.0,0.0,,0.0,normalDay
2020-02-25,925.0,755.0,0.0,0,312.65,0.0,1,18.63,11.08,SPY200930P00289000,289.0,0,0.0,0.0,,0.0,normalDay
2020-02-26,925.0,726.0,0.0,0,311.5,0.0,1,18.63,11.37,SPY200930P00289000,289.0,0,0.0,0.0,,0.0,normalDay
2020-02-27,925.0,-68.0,0.0,0,297.51,0.0,1,18.63,19.31,SPY200930P00289000,289.0,0,0.0,0.0,,0.0,normalDay
2020-02-28,925.0,-101.0,0.0,0,296.26,0.0,1,18.63,19.64,SPY200930P00289000,289.0,0,0.0,0.0,,0.0,normalDay
2020-03-02,925.0,507.0,0.0,0,309.09,0.0,1,18.63,13.56,SPY200930P00289000,289.0,0,0.0,0.0,,0.0,normalDay
2020-03-03,925.0,155.0,0.0,0,300.24,0.0,1,18.63,17.08,SPY200930P00289000,289.0,0,0.0,0.0,,0.0,normalDay
2020-03-04,925.0,508.0,0.0,0,312.86,0.0,1,18.63,13.55,SPY200930P00289000,289.0,0,0.0,0.0,,0.0,normalDay
2020-03-05,925.0,-43.0,0.0,0,302.46,0.0,1,18.63,19.06,SPY200930P00289000,289.0,0,0.0,0.0,,0.0,normalDay
2020-03-06,925.0,-480.0,0.0,0,297.46,0.0,1,18.63,23.43,SPY200930P00289000,289.0,0,0.0,0.0,,0.0,normalDay
2020-03-09,925.0,-1739.0,0.0,0,274.23,0.0,1,18.63,36.02,SPY200930P00289000,289.0,0,0.0,0.0,,0.0,normalDay
2020-03-10,925.0,-907.0,0.0,0,288.42,0.0,1,18.63,27.7,SPY200930P00289000,289.0,0,0.0,0.0,,0.0,normalDay
2020-03-11,925.0,-1784.0,0.0,0,274.36,0.0,1,18.63,36.47,SPY200930P00289000,289.0,0,0.0,0.0,,0.0,normalDay
2020-03-12,925.0,-3781.0,0.0,0,248.11,0.0,1,18.63,56.44,SPY200930P00289000,289.0,0,0.0,0.0,,0.0,normalDay
2020-03-13,925.0,-2013.0,0.0,0,269.32,0.0,1,18.63,38.76,SPY200930P00289000,289.0,0,0.0,0.0,,0.0,normalDay
2020-03-16,925.0,-4240.0,0.0,0,239.85,0.0,1,18.63,61.03,SPY200930P00289000,289.0,0,0.0,0.0,,0.0,normalDay
2020-03-17,925.0,-3581.0,0.0,0,252.8,0.0,1,18.63,54.44,SPY200930P00289000,289.0,0,0.0,0.0,,0.0,normalDay
2020-03-18,925.0,-4398.0,0.0,0,240.0,0.0,1,18.63,62.61,SPY200930P00289000,289.0,0,0.0,0.0,,0.0,normalDay
2020-03-19,925.0,-4136.0,0.0,0,240.51,0.0,1,18.63,59.99,SPY200930P00289000,289.0,0,0.0,0.0,,0.0,normalDay
2020-03-20,925.0,-4735.0,0.0,0,228.8,0.0,1,18.63,65.98,SPY200930P00289000,289.0,0,0.0,0.0,,0.0,normalDay
2020-03-23,925.0,-5360.0,0.0,0,222.95,0.0,1,18.63,72.23,SPY200930P00289000,289.0,0,0.0,0.0,,0.0,normalDay
2020-03-24,925.0,-3467.0,0.0,0,243.15,0.0,1,18.63,53.3,SPY200930P00289000,289.0,0,0.0,0.0,,0.0,normalDay
2020-03-25,925.0,-3268.0,0.0,0,246.79,0.0,1,18.63,51.31,SPY200930P00289000,289.0,0,0.0,0.0,,0.0,normalDay
2020-03-26,925.0,-2303.0,0.0,0,261.2,0.0,1,18.63,41.66,SPY200930P00289000,289.0,0,0.0,0.0,,0.0,normalDay
2020-03-27,925.0,-2794.0,0.0,0,253.42,0.0,1,18.63,46.57,SPY200930P00289000,289.0,0,0.0,0.0,,0.0,normalDay
2020-03-30,925.0,-2260.0,0.0,0,261.65,0.0,1,18.63,41.23,SPY200930P00289000,289.0,0,0.0,0.0,,0.0,normalDay
2020-03-31,925.0,-2417.0,0.0,0,257.75,0.0,1,18.63,42.8,SPY200930P00289000,289.0,0,0.0,0.0,,0.0,normalDay
2020-04-01,925.0,-3282.0,0.0,0,246.15,0.0,1,18.63,51.45,SPY200930P00289000,289.0,0,0.0,0.0,,0.0,normalDay
2020-04-02,925.0,-2750.0,0.0,0,251.83,0.0,1,18.63,46.13,SPY200930P00289000,289.0,0,0.0,0.0,,0.0,normalDay
2020-04-03,925.0,-2976.0,0.0,0,248.19,0.0,1,18.63,48.39,SPY200930P00289000,289.0,0,0.0,0.0,,0.0,normalDay
2020-04-06,925.0,-1806.0,0.0,0,264.86,0.0,1,18.63,36.69,SPY200930P00289000,289.0,0,0.0,0.0,,0.0,normalDay
2020-04-07,925.0,-1914.0,0.0,0,265.13,0.0,1,18.63,37.77,SPY200930P00289000,289.0,0,0.0,0.0,,0.0,normalDay
2020-04-08,925.0,-1359.0,0.0,0,274.03,0.0,1,18.63,32.22,SPY200930P00289000,289.0,0,0.0,0.0,,0.0,normalDay
2020-04-09,925.0,-1168.0,0.0,0,278.2,0.0,1,18.63,30.31,SPY200930P00289000,289.0,0,0.0,0.0,,0.0,normalDay
2020-04-13,925.0,-1248.0,0.0,0,275.66,0.0,1,18.63,31.11,SPY200930P00289000,289.0,0,0.0,0.0,,0.0,normalDay
2020-04-14,925.0,-760.0,0.0,0,283.79,0.0,1,18.63,26.23,SPY200930P00289000,289.0,0,0.0,0.0,,0.0,normalDay
2020-04-15,925.0,-1157.0,0.0,0,277.76,0.0,1,18.63,30.2,SPY200930P00289000,289.0,0,0.0,0.0,,0.0,normalDay
2020-04-16,925.0,-1096.0,0.0,0,279.1,0.0,1,18.63,29.59,SPY200930P00289000,289.0,0,0.0,0.0,,0.0,normalDay
2020-04-17,925.0,-689.0,0.0,0,286.64,0.0,1,18.63,25.52,SPY200930P00289000,289.0,0,0.0,0.0,,0.0,normalDay
2020-04-20,925.0,-1052.0,0.0,0,281.59,0.0,1,18.63,29.15,SPY200930P00289000,289.0,0,0.0,0.0,,0.0,normalDay
2020-04-21,925.0,-1539.0,0.0,0,273.04,0.0,1,18.63,34.02,SPY200930P00289000,289.0,0,0.0,0.0,,0.0,normalDay
2020-04-22,925.0,-1215.0,0.0,0,279.1,0.0,1,18.63,30.78,SPY200930P00289000,289.0,0,0.0,0.0,,0.0,normalDay
2020-04-23,925.0,-1194.0,0.0,0,279.08,0.0,1,18.63,30.57,SPY200930P00289000,289.0,0,0.0,0.0,,0.0,normalDay
2020-04-24,925.0,-873.0,0.0,0,282.97,0.0,1,18.63,27.36,SPY200930P00289000,289.0,0,0.0,0.0,,0.0,normalDay
2020-04-27,925.0,-546.0,0.0,0,287.05,0.0,1,18.63,24.09,SPY200930P00289000,289.0,0,0.0,0.0,,0.0,normalDay
2020-04-28,925.0,-579.0,0.0,0,285.73,0.0,1,18.63,24.42,SPY200930P00289000,289.0,0,0.0,0.0,,0.0,normalDay
2020-04-29,925.0,-194.0,0.0,0,293.21,0.0,1,18.63,20.57,SPY200930P00289000,289.0,0,0.0,0.0,,0.0,normalDay
2020-04-30,925.0,-415.0,0.0,0,290.48,0.0,1,18.63,22.78,SPY200930P00289000,289.0,0,0.0,0.0,,0.0,normalDay
2020-05-01,925.0,-799.0,0.0,0,282.79,0.0,1,18.63,26.62,SPY200930P00289000,289.0,0,0.0,0.0,,0.0,normalDay
2020-05-04,925.0,-723.0,0.0,0,283.57,0.0,1,18.63,25.86,SPY200930P00289000,289.0,0,0.0,0.0,,0.0,normalDay
2020-05-05,925.0,-545.0,0.0,0,286.19,0.0,1,18.63,24.08,SPY200930P00289000,289.0,0,0.0,0.0,,0.0,normalDay
2020-05-06,925.0,-638.0,0.0,0,284.25,0.0,1,18.63,25.01,SPY200930P00289000,289.0,0,0.0,0.0,,0.0,normalDay
2020-05-07,925.0,-392.0,0.0,0,287.68,0.0,1,18.63,22.55,SPY200930P00289000,289.0,0,0.0,0.0,,0.0,normalDay
2020-05-08,925.0,-73.0,0.0,0,292.44,0.0,1,18.63,19.36,SPY200930P00289000,289.0,0,0.0,0.0,,0.0,normalDay
2020-05-11,925.0,-45.0,0.0,0,292.5,0.0,1,18.63,19.08,SPY200930P00289000,289.0,0,0.0,0.0,,0.0,normalDay
2020-05-12,925.0,-386.0,0.0,0,286.67,0.0,1,18.63,22.49,SPY200930P00289000,289.0,0,0.0,0.0,,0.0,normalDay
2020-05-13,925.0,-625.0,0.0,0,281.6,0.0,1,18.63,24.88,SPY200930P00289000,289.0,0,0.0,0.0,,0.0,normalDay
2020-05-14,925.0,-410.0,0.0,0,284.97,0.0,1,18.63,22.73,SPY200930P00289000,289.0,0,0.0,0.0,,0.0,normalDay
2020-05-15,925.0,-361.0,0.0,0,286.28,0.0,1,18.63,22.24,SPY200930P00289000,289.0,0,0.0,0.0,,0.0,normalDay
2020-05-18,925.0,121.0,0.0,0,295.0,0.0,1,18.63,17.42,SPY200930P00289000,289.0,0,0.0,0.0,,0.0,normalDay
2020-05-19,925.0,-6.0,0.0,0,291.97,0.0,1,18.63,18.69,SPY200930P00289000,289.0,0,0.0,0.0,,0.0,normalDay
2020-05-20,925.0,257.0,0.0,0,296.93,0.0,1,18.63,16.06,SPY200930P00289000,289.0,0,0.0,0.0,,0.0,normalDay
2020-05-21,925.0,118.0,0.0,0,294.88,0.0,1,18.63,17.45,SPY200930P00289000,289.0,0,0.0,0.0,,0.0,normalDay
2020-05-22,925.0,162.0,0.0,0,295.44,0.0,1,18.63,17.01,SPY200930P00289000,289.0,0,0.0,0.0,,0.0,normalDay
2020-05-26,925.0,349.0,0.0,0,299.08,0.0,1,18.63,15.14,SPY200930P00289000,289.0,0,0.0,0.0,,0.0,normalDay
2020-05-27,925.0,522.0,0.0,0,303.53,0.0,1,18.63,13.41,SPY200930P00289000,289.0,0,0.0,0.0,,0.0,normalDay
2020-05-28,925.0,502.0,0.0,0,302.97,0.0,1,18.63,13.61,SPY200930P00289000,289.0,0,0.0,0.0,,0.0,normalDay
2020-05-29,925.0,566.0,0.0,0,304.32,0.0,1,18.63,12.97,SPY200930P00289000,289.0,0,0.0,0.0,,0.0,normalDay
2020-06-01,925.0,563.0,0.0,0,305.55,0.0,1,18.63,13.0,SPY200930P00289000,289.0,0,0.0,0.0,,0.0,normalDay
2020-06-02,925.0,671.0,0.0,0,308.08,0.0,1,18.63,11.92,SPY200930P00289000,289.0,0,0.0,0.0,,0.0,normalDay
2020-06-03,925.0,811.0,0.0,0,312.18,0.0,1,18.63,10.52,SPY200930P00289000,289.0,0,0.0,0.0,,0.0,normalDay
2020-06-04,925.0,802.0,0.0,0,311.36,0.0,1,18.63,10.61,SPY200930P00289000,289.0,0,0.0,0.0,,0.0,normalDay
2020-06-05,925.0,1025.0,0.0,0,319.34,0.0,1,18.63,8.38,SPY200930P00289000,289.0,0,0.0,0.0,,0.0,normalDay
2020-06-08,925.0,1079.0,0.0,0,323.2,0.0,1,18.63,7.84,SPY200930P00289000,289.0,0,0.0,0.0,,0.0,normalDay
2020-06-09,925.0,986.0,0.0,0,320.79,0.0,1,18.63,8.77,SPY200930P00289000,289.0,0,0.0,0.0,,0.0,normalDay
2020-06-10,925.0,922.0,0.0,0,319.0,0.0,1,18.63,9.41,SPY200930P00289000,289.0,0,0.0,0.0,,0.0,normalDay
2020-06-11,925.0,49.0,0.0,0,300.61,0.0,1,18.63,18.14,SPY200930P00289000,289.0,0,0.0,0.0,,0.0,normalDay
2020-06-12,925.0,269.0,0.0,0,304.21,0.0,1,18.63,15.94,SPY200930P00289000,289.0,0,0.0,0.0,,0.0,normalDay
2020-06-15,925.0,455.0,0.0,0,307.05,0.0,1,18.63,14.08,SPY200930P00289000,289.0,0,0.0,0.0,,0.0,normalDay
2020-06-16,925.0,634.0,0.0,0,312.96,0.0,1,18.63,12.29,SPY200930P00289000,289.0,0,0.0,0.0,,0.0,normalDay
2020-06-17,925.0,629.0,0.0,0,311.66,0.0,1,18.63,12.34,SPY200930P00289000,289.0,0,0.0,0.0,,0.0,normalDay
2020-06-18,925.0,643.0,0.0,0,311.78,0.0,1,18.63,12.2,SPY200930P00289000,289.0,0,0.0,0.0,,0.0,normalDay
2020-06-19,925.0,521.0,0.0,0,308.64,0.0,1,18.63,13.42,SPY200930P00289000,289.0,0,0.0,0.0,,0.0,normalDay
2020-06-22,925.0,736.0,0.0,0,310.62,0.0,1,18.63,11.27,SPY200930P00289000,289.0,0,0.0,0.0,,0.0,normalDay
2020-06-23,925.0,781.0,0.0,0,312.05,0.0,1,18.63,10.82,SPY200930P00289000,289.0,0,0.0,0.0,,0.0,normalDay
2020-06-24,925.0,529.0,0.0,0,304.09,0.0,1,18.63,13.34,SPY200930P00289000,289.0,0,0.0,0.0,,0.0,normalDay
2020-06-25,925.0,696.0,0.0,0,307.35,0.0,1,18.63,11.67,SPY200930P00289000,289.0,0,0.0,0.0,,0.0,normalDay
2020-06-26,925.0,453.0,0.0,0,300.05,0.0,1,18.63,14.1,SPY200930P00289000,289.0,0,0.0,0.0,,0.0,normalDay
2020-06-29,925.0,655.0,0.0,0,304.46,0.0,1,18.63,12.08,SPY200930P00289000,289.0,0,0.0,0.0,,0.0,normalDay
2020-06-30,925.0,818.0,0.0,0,308.36,0.0,1,18.63,10.45,SPY200930P00289000,289.0,0,0.0,0.0,,0.0,normalDay
2020-07-01,925.0,912.0,0.0,0,310.52,0.0,1,18.63,9.51,SPY200930P00289000,289.0,0,0.0,0.0,,0.0,normalDay
2020-07-02,925.0,992.0,0.0,0,312.23,0.0,1,18.63,8.71,SPY200930P00289000,289.0,0,0.0,0.0,,0.0,normalDay
2020-07-06,925.0,1099.0,0.0,0,317.05,0.0,1,18.63,7.64,SPY200930P00289000,289.0,0,0.0,0.0,,0.0,normalDay
2020-07-07,925.0,1002.0,0.0,0,313.78,0.0,1,18.63,8.61,SPY200930P00289000,289.0,0,0.0,0.0,,0.0,normalDay
2020-07-08,925.0,1091.0,0.0,0,316.18,0.0,1,18.63,7.72,SPY200930P00289000,289.0,0,0.0,0.0,,0.0,normalDay
2020-07-09,925.0,1022.0,0.0,0,314.38,0.0,1,18.63,8.41,SPY200930P00289000,289.0,0,0.0,0.0,,0.0,normalDay
2020-07-10,925.0,1135.0,0.0,0,317.59,0.0,1,18.63,7.28,SPY200930P00289000,289.0,0,0.0,0.0,,0.0,normalDay
2020-07-13,925.0,963.0,0.0,0,314.84,0.0,1,18.63,9.0,SPY200930P00289000,289.0,0,0.0,0.0,,0.0,normalDay
2020-07-14,925.0,1131.0,0.0,0,318.92,0.0,1,18.63,7.32,SPY200930P00289000,289.0,0,0.0,0.0,,0.0,normalDay
2020-07-15,925.0,1223.0,0.0,0,321.85,0.0,1,18.63,6.4,SPY200930P00289000,289.0,0,0.0,0.0,,0.0,normalDay
2020-07-16,925.0,1201.0,0.0,0,320.79,0.0,1,18.63,6.62,SPY200930P00289000,289.0,0,0.0,0.0,,0.0,normalDay
2020-07-17,925.0,1310.0,0.0,0,321.72,0.0,1,18.63,5.53,SPY200930P00289000,289.0,0,0.0,0.0,,0.0,normalDay
2020-07-20,925.0,1398.0,0.0,0,324.32,0.0,1,18.63,4.65,SPY200930P00289000,289.0,0,0.0,0.0,,0.0,normalDay
2020-07-21,925.0,1405.0,0.0,0,325.01,0.0,1,18.63,4.58,SPY200930P00289000,289.0,0,0.0,0.0,,0.0,normalDay
2020-07-22,925.0,1440.0,0.0,0,326.86,0.0,1,18.63,4.23,SPY200930P00289000,289.0,0,0.0,0.0,,0.0,normalDay
2020-07-23,925.0,1352.0,0.0,0,322.96,0.0,1,18.63,5.11,SPY200930P00289000,289.0,0,0.0,0.0,,0.0,normalDay
2020-07-24,925.0,1352.0,0.0,0,320.88,0.0,1,18.63,5.11,SPY200930P00289000,289.0,0,0.0,0.0,,0.0,normalDay
2020-07-27,925.0,1426.0,0.0,0,323.22,0.0,1,18.63,4.37,SPY200930P00289000,289.0,0,0.0,0.0,,0.0,normalDay
2020-07-28,925.0,1393.0,0.0,0,321.17,0.0,1,18.63,4.7,SPY200930P00289000,289.0,0,0.0,0.0,,0.0,normalDay
2020-07-29,925.0,1474.0,0.0,0,325.12,0.0,1,18.63,3.89,SPY200930P00289000,289.0,0,0.0,0.0,,0.0,normalDay
2020-07-30,925.0,1444.0,0.0,0,323.96,0.0,1,18.63,4.19,SPY200930P00289000,289.0,0,0.0,0.0,,0.0,normalDay
2020-07-31,925.0,1501.0,0.0,0,326.52,0.0,1,18.63,3.62,SPY200930P00289000,289.0,0,0.0,0.0,,0.0,normalDay
2020-08-03,925.0,1540.0,0.0,0,328.79,0.0,1,18.63,3.23,SPY200930P00289000,289.0,0,0.0,0.0,,0.0,normalDay
2020-08-04,925.0,1572.0,0.0,0,330.06,0.0,1,18.63,2.91,SPY200930P00289000,289.0,0,0.0,0.0,,0.0,normalDay
2020-08-05,925.0,1609.0,0.0,0,332.11,0.0,1,18.63,2.54,SPY200930P00289000,289.0,0,0.0,0.0,,0.0,normalDay
2020-08-06,925.0,1633.0,0.0,0,334.33,0.0,1,18.63,2.3,SPY200930P00289000,289.0,0,0.0,0.0,,0.0,normalDay
2020-08-07,925.0,1641.0,0.0,0,334.57,0.0,1,18.63,2.22,SPY200930P00289000,289.0,0,0.0,0.0,,0.0,normalDay
2020-08-10,925.0,1664.0,0.0,0,335.57,0.0,1,18.63,1.99,SPY200930P00289000,289.0,0,0.0,0.0,,0.0,normalDay
2020-08-11,925.0,1617.0,0.0,0,332.8,0.0,1,18.63,2.46,SPY200930P00289000,289.0,0,0.0,0.0,,0.0,normalDay
2020-08-12,925.0,1680.0,0.0,0,337.44,0.0,1,18.63,1.83,SPY200930P00289000,289.0,0,0.0,0.0,,0.0,normalDay
2020-08-13,925.0,1680.0,0.0,0,336.83,0.0,1,18.63,1.83,SPY200930P00289000,289.0,0,0.0,0.0,,0.0,normalDay
2020-08-14,925.0,1690.0,0.0,0,336.84,0.0,1,18.63,1.73,SPY200930P00289000,289.0,0,0.0,0.0,,0.0,normalDay
2020-08-17,925.0,1721.0,0.0,0,337.91,0.0,1,18.63,1.42,SPY200930P00289000,289.0,0,0.0,0.0,,0.0,normalDay
2020-08-18,925.0,1729.0,0.0,0,338.64,0.0,1,18.63,1.34,SPY200930P00289000,289.0,0,0.0,0.0,,0.0,normalDay
2020-08-19,925.0,1716.0,0.0,0,337.23,0.0,1,18.63,1.47,SPY200930P00289000,289.0,0,0.0,0.0,,0.0,normalDay
2020-08-20,925.0,1724.0,0.0,0,338.28,0.0,1,18.63,1.39,SPY200930P00289000,289.0,0,0.0,0.0,,0.0,normalDay
2020-08-21,925.0,1738.0,0.0,0,339.48,0.0,1,18.63,1.25,SPY200930P00289000,289.0,0,0.0,0.0,,0.0,normalDay
2020-08-24,925.0,1761.0,0.0,0,342.92,0.0,1,18.63,1.02,SPY200930P00289000,289.0,0,0.0,0.0,,0.0,normalDay
2020-08-25,925.0,1774.0,0.0,0,344.12,0.0,1,18.63,0.89,SPY200930P00289000,289.0,0,0.0,0.0,,0.0,normalDay
2020-08-26,925.0,1777.0,0.0,0,347.57,0.0,1,18.63,0.86,SPY200930P00289000,289.0,0,0.0,0.0,,0.0,normalDay
2020-08-27,925.0,1772.0,0.0,0,348.33,0.0,1,18.63,0.91,SPY200930P00289000,289.0,0,0.0,0.0,,0.0,normalDay
2020-08-28,925.0,1793.0,0.0,0,350.58,0.0,1,18.63,0.7,SPY200930P00289000,289.0,0,0.0,0.0,,0.0,normalDay
2020-08-31,925.0,1775.0,0.0,0,349.31,0.0,1,18.63,0.88,SPY200930P00289000,289.0,0,0.0,0.0,,0.0,normalDay
2020-09-01,925.0,1785.0,0.0,0,352.6,0.0,1,18.63,0.78,SPY200930P00289000,289.0,0,0.0,0.0,,0.0,normalDay
2020-09-02,925.0,1800.0,0.0,0,357.7,0.0,1,18.63,0.63,SPY200930P00289000,289.0,0,0.0,0.0,,0.0,normalDay
2020-09-03,925.0,1728.0,0.0,0,345.39,0.0,1,18.63,1.35,SPY200930P00289000,289.0,0,0.0,0.0,,0.0,normalDay
2020-09-04,925.0,1742.0,0.0,0,342.57,0.0,1,18.63,1.21,SPY200930P00289000,289.0,0,0.0,0.0,,0.0,normalDay
2020-09-08,925.0,1734.0,0.0,0,333.21,0.0,1,18.63,1.29,SPY200930P00289000,289.0,0,0.0,0.0,,0.0,normalDay
2020-09-09,925.0,1786.0,0.0,0,339.79,0.0,1,18.63,0.77,SPY200930P00289000,289.0,0,0.0,0.0,,0.0,normalDay
2020-09-10,925.0,1769.0,0.0,0,333.89,0.0,1,18.63,0.94,SPY200930P00289000,289.0,0,0.0,0.0,,0.0,normalDay
2020-09-11,925.0,1808.0,0.0,0,334.06,0.0,1,18.63,0.55,SPY200930P00289000,289.0,0,0.0,0.0,,0.0,normalDay
2020-09-14,925.0,1834.0,0.0,0,338.46,0.0,1,18.63,0.29,SPY200930P00289000,289.0,0,0.0,0.0,,0.0,normalDay
2020-09-15,925.0,1838.0,0.0,0,340.17,0.0,1,18.63,0.25,SPY200930P00289000,289.0,0,0.0,0.0,,0.0,normalDay
2020-09-16,925.0,1837.0,0.0,0,338.82,0.0,1,18.63,0.26,SPY200930P00289000,289.0,0,0.0,0.0,,0.0,normalDay
2020-09-17,925.0,1837.0,0.0,0,335.84,0.0,1,18.63,0.26,SPY200930P00289000,289.0,0,0.0,0.0,,0.0,normalDay
2020-09-18,925.0,1840.0,0.0,0,330.65,0.0,1,18.63,0.23,SPY200930P00289000,289.0,0,0.0,0.0,,0.0,normalDay
2020-09-21,925.0,1845.0,0.0,0,326.97,0.0,1,18.63,0.18,SPY200930P00289000,289.0,0,0.0,0.0,,0.0,normalDay
2020-09-22,925.0,1854.0,0.0,0,330.3,0.0,1,18.63,0.09,SPY200930P00289000,289.0,0,0.0,0.0,,0.0,normalDay
2020-09-23,925.0,1848.0,0.0,0,322.64,0.0,1,18.63,0.15,SPY200930P00289000,289.0,0,0.0,0.0,,0.0,normalDay
2020-09-24,925.0,1853.0,0.0,0,323.5,0.0,1,18.63,0.1,SPY200930P00289000,289.0,0,0.0,0.0,,0.0,normalDay
2020-09-25,925.0,1860.0,0.0,0,328.73,0.0,1,18.63,0.03,SPY200930P00289000,289.0,0,0.0,0.0,,0.0,normalDay
2020-09-28,925.0,1862.0,0.0,0,334.19,0.0,1,18.63,0.01,SPY200930P00289000,289.0,0,0.0,0.0,,0.0,normalDay
2020-09-29,925.0,1862.0,0.0,0,332.37,0.0,1,18.63,0.01,SPY200930P00289000,289.0,0,0.0,0.0,,0.0,normalDay
2020-09-30,2788.0,0.0,1863.0,0,334.89,0.0,1,18.63,0.0,SPY200930P00289000,289.0,0,0.0,0.0,,0.0,expirationDay
2020-10-01,2788.0,-99.0,0.0,0,337.04,0.0,1,24.45,25.44,SPY210930P00312000,312.0,0,0.0,0.0,,0.0,normalDay
2020-10-02,2788.0,-214.0,0.0,0,333.84,0.0,1,24.45,26.59,SPY210930P00312000,312.0,0,0.0,0.0,,0.0,normalDay
2020-10-05,2788.0,9.0,0.0,0,339.76,0.0,1,24.45,24.36,SPY210930P00312000,312.0,0,0.0,0.0,,0.0,normalDay
2020-10-06,2788.0,-155.0,0.0,0,334.93,0.0,1,24.45,26.0,SPY210930P00312000,312.0,0,0.0,0.0,,0.0,normalDay
2020-10-07,2788.0,81.0,0.0,0,340.76,0.0,1,24.45,23.64,SPY210930P00312000,312.0,0,0.0,0.0,,0.0,normalDay
2020-10-08,2788.0,208.0,0.0,0,343.78,0.0,1,24.45,22.37,SPY210930P00312000,312.0,0,0.0,0.0,,0.0,normalDay
2020-10-09,2788.0,352.0,0.0,0,346.85,0.0,1,24.45,20.93,SPY210930P00312000,312.0,0,0.0,0.0,,0.0,normalDay
2020-10-12,2788.0,510.0,0.0,0,352.43,0.0,1,24.45,19.35,SPY210930P00312000,312.0,0,0.0,0.0,,0.0,normalDay
2020-10-13,2788.0,441.0,0.0,0,350.13,0.0,1,24.45,20.04,SPY210930P00312000,312.0,0,0.0,0.0,,0.0,normalDay
2020-10-14,2788.0,404.0,0.0,0,347.93,0.0,1,24.45,20.41,SPY210930P00312000,312.0,0,0.0,0.0,,0.0,normalDay
2020-10-15,2788.0,387.0,0.0,0,347.5,0.0,1,24.45,20.58,SPY210930P00312000,312.0,0,0.0,0.0,,0.0,normalDay
2020-10-16,2788.0,336.0,0.0,0,347.29,0.0,1,24.45,21.09,SPY210930P00312000,312.0,0,0.0,0.0,,0.0,normalDay
2020-10-19,2788.0,168.0,0.0,0,342.01,0.0,1,24.45,22.77,SPY210930P00312000,312.0,0,0.0,0.0,,0.0,normalDay
2020-10-20,2788.0,190.0,0.0,0,343.38,0.0,1,24.45,22.55,SPY210930P00312000,312.0,0,0.0,0.0,,0.0,normalDay
2020-10-21,2788.0,247.0,0.0,0,342.73,0.0,1,24.45,21.98,SPY210930P00312000,312.0,0,0.0,0.0,,0.0,normalDay
2020-10-22,2788.0,316.0,0.0,0,344.61,0.0,1,24.45,21.29,SPY210930P00312000,312.0,0,0.0,0.0,,0.0,normalDay
2020-10-23,2788.0,367.0,0.0,0,345.78,0.0,1,24.45,20.78,SPY210930P00312000,312.0,0,0.0,0.0,,0.0,normalDay
2020-10-26,2788.0,117.0,0.0,0,339.39,0.0,1,24.45,23.28,SPY210930P00312000,312.0,0,0.0,0.0,,0.0,normalDay
2020-10-27,2788.0,113.0,0.0,0,338.22,0.0,1,24.45,23.32,SPY210930P00312000,312.0,0,0.0,0.0,,0.0,normalDay
2020-10-28,2788.0,-440.0,0.0,0,326.66,0.0,1,24.45,28.85,SPY210930P00312000,312.0,0,0.0,0.0,,0.0,normalDay
2020-10-29,2788.0,-224.0,0.0,0,329.98,0.0,1,24.45,26.69,SPY210930P00312000,312.0,0,0.0,0.0,,0.0,normalDay
2020-10-30,2788.0,-309.0,0.0,0,326.54,0.0,1,24.45,27.54,SPY210930P00312000,312.0,0,0.0,0.0,,0.0,normalDay
2020-11-02,2788.0,-92.0,0.0,0,330.2,0.0,1,24.45,25.37,SPY210930P00312000,312.0,0,0.0,0.0,,0.0,normalDay
2020-11-03,2788.0,111.0,0.0,0,336.03,0.0,1,24.45,23.34,SPY210930P00312000,312.0,0,0.0,0.0,,0.0,normalDay
2020-11-04,2788.0,440.0,0.0,0,343.54,0.0,1,24.45,20.05,SPY210930P00312000,312.0,0,0.0,0.0,,0.0,normalDay
2020-11-05,2788.0,571.0,0.0,0,350.24,0.0,1,24.45,18.74,SPY210930P00312000,312.0,0,0.0,0.0,,0.0,normalDay
2020-11-06,2788.0,624.0,0.0,0,350.16,0.0,1,24.45,18.21,SPY210930P00312000,312.0,0,0.0,0.0,,0.0,normalDay
2020-11-09,2788.0,798.0,0.0,0,354.56,0.0,1,24.45,16.47,SPY210930P00312000,312.0,0,0.0,0.0,,0.0,normalDay
2020-11-10,2788.0,790.0,0.0,0,354.04,0.0,1,24.45,16.55,SPY210930P00312000,312.0,0,0.0,0.0,,0.0,normalDay
2020-11-11,2788.0,863.0,0.0,0,356.67,0.0,1,24.45,15.82,SPY210930P00312000,312.0,0,0.0,0.0,,0.0,normalDay
2020-11-12,2788.0,735.0,0.0,0,353.21,0.0,1,24.45,17.1,SPY210930P00312000,312.0,0,0.0,0.0,,0.0,normalDay
2020-11-13,2788.0,876.0,0.0,0,358.1,0.0,1,24.45,15.69,SPY210930P00312000,312.0,0,0.0,0.0,,0.0,normalDay
2020-11-16,2788.0,961.0,0.0,0,362.57,0.0,1,24.45,14.84,SPY210930P00312000,312.0,0,0.0,0.0,,0.0,normalDay
2020-11-17,2788.0,925.0,0.0,0,360.62,0.0,1,24.45,15.2,SPY210930P00312000,312.0,0,0.0,0.0,,0.0,normalDay
2020-11-18,2788.0,818.0,0.0,0,356.28,0.0,1,24.45,16.27,SPY210930P00312000,312.0,0,0.0,0.0,,0.0,normalDay
2020-11-19,2788.0,882.0,0.0,0,357.78,0.0,1,24.45,15.63,SPY210930P00312000,312.0,0,0.0,0.0,,0.0,normalDay
2020-11-20,2788.0,804.0,0.0,0,355.33,0.0,1,24.45,16.41,SPY210930P00312000,312.0,0,0.0,0.0,,0.0,normalDay
2020-11-23,2788.0,888.0,0.0,0,357.46,0.0,1,24.45,15.57,SPY210930P00312000,312.0,0,0.0,0.0,,0.0,normalDay
2020-11-24,2788.0,1023.0,0.0,0,363.22,0.0,1,24.45,14.22,SPY210930P00312000,312.0,0,0.0,0.0,,0.0,normalDay
2020-11-25,2788.0,1025.0,0.0,0,362.66,0.0,1,24.45,14.2,SPY210930P00312000,312.0,0,0.0,0.0,,0.0,normalDay
2020-11-27,2788.0,998.0,0.0,0,363.67,0.0,1,24.45,14.47,SPY210930P00312000,312.0,0,0.0,0.0,,0.0,normalDay
2020-11-30,2788.0,1057.0,0.0,0,362.06,0.0,1,24.45,13.88,SPY210930P00312000,312.0,0,0.0,0.0,,0.0,normalDay
2020-12-01,2788.0,1102.0,0.0,0,366.02,0.0,1,24.45,13.43,SPY210930P00312000,312.0,0,0.0,0.0,,0.0,normalDay
2020-12-02,2788.0,1117.0,0.0,0,366.79,0.0,1,24.45,13.28,SPY210930P00312000,312.0,0,0.0,0.0,,0.0,normalDay
2020-12-03,2788.0,1111.0,0.0,0,366.69,0.0,1,24.45,13.34,SPY210930P00312000,312.0,0,0.0,0.0,,0.0,normalDay
2020-12-04,2788.0,1171.0,0.0,0,369.85,0.0,1,24.45,12.74,SPY210930P00312000,312.0,0,0.0,0.0,,0.0,normalDay
2020-12-07,2788.0,1140.0,0.0,0,369.09,0.0,1,24.45,13.05,SPY210930P00312000,312.0,0,0.0,0.0,,0.0,normalDay
2020-12-08,2788.0,1195.0,0.0,0,370.17,0.0,1,24.45,12.5,SPY210930P00312000,312.0,0,0.0,0.0,,0.0,normalDay
2020-12-09,2788.0,1108.0,0.0,0,366.85,0.0,1,24.45,13.37,SPY210930P00312000,312.0,0,0.0,0.0,,0.0,normalDay
2020-12-10,2788.0,1097.0,0.0,0,366.73,0.0,1,24.45,13.48,SPY210930P00312000,312.0,0,0.0,0.0,,0.0,normalDay
2020-12-11,2788.0,1064.0,0.0,0,366.3,0.0,1,24.45,13.81,SPY210930P00312000,312.0,0,0.0,0.0,,0.0,normalDay
2020-12-14,2788.0,1014.0,0.0,0,364.66,0.0,1,24.45,14.31,SPY210930P00312000,312.0,0,0.0,0.0,,0.0,normalDay
2020-12-15,2788.0,1115.0,0.0,0,369.59,0.0,1,24.45,13.3,SPY210930P00312000,312.0,0,0.0,0.0,,0.0,normalDay
2020-12-16,2788.0,1145.0,0.0,0,370.17,0.0,1,24.45,13.0,SPY210930P00312000,312.0,0,0.0,0.0,,0.0,normalDay
2020-12-17,2788.0,1205.0,0.0,0,372.24,0.0,1,24.45,12.4,SPY210930P00312000,312.0,0,0.0,0.0,,0.0,normalDay
2020-12-18,2788.0,1200.0,0.0,0,369.18,0.0,1,24.45,12.45,SPY210930P00312000,312.0,0,0.0,0.0,,0.0,normalDay
2020-12-21,2788.0,1098.0,0.0,0,367.86,0.0,1,24.45,13.47,SPY210930P00312000,312.0,0,0.0,0.0,,0.0,normalDay
2020-12-22,2788.0,1096.0,0.0,0,367.24,0.0,1,24.45,13.49,SPY210930P00312000,312.0,0,0.0,0.0,,0.0,normalDay
2020-12-23,2788.0,1139.0,0.0,0,367.57,0.0,1,24.45,13.06,SPY210930P00312000,312.0,0,0.0,0.0,,0.0,normalDay
2020-12-24,2788.0,1203.0,0.0,0,369.0,0.0,1,24.45,12.42,SPY210930P00312000,312.0,0,0.0,0.0,,0.0,normalDay
2020-12-28,2788.0,1267.0,0.0,0,372.17,0.0,1,24.45,11.78,SPY210930P00312000,312.0,0,0.0,0.0,,0.0,normalDay
2020-12-29,2788.0,1205.0,0.0,0,371.46,0.0,1,24.45,12.4,SPY210930P00312000,312.0,0,0.0,0.0,,0.0,normalDay
2020-12-30,2788.0,1243.0,0.0,0,371.99,0.0,1,24.45,12.02,SPY210930P00312000,312.0,0,0.0,0.0,,0.0,normalDay
2020-12-31,2788.0,1281.0,0.0,0,373.88,0.0,1,24.45,11.64,SPY210930P00312000,312.0,0,0.0,0.0,,0.0,normalDay
2021-01-04,2788.0,1134.0,0.0,0,368.79,0.0,1,24.45,13.11,SPY210930P00312000,312.0,0,0.0,0.0,,0.0,normalDay
2021-01-05,2788.0,1201.0,0.0,0,371.33,0.0,1,24.45,12.44,SPY210930P00312000,312.0,0,0.0,0.0,,0.0,normalDay
2021-01-06,2788.0,1236.0,0.0,0,373.55,0.0,1,24.45,12.09,SPY210930P00312000,312.0,0,0.0,0.0,,0.0,normalDay
2021-01-07,2788.0,1392.0,0.0,0,379.1,0.0,1,24.45,10.53,SPY210930P00312000,312.0,0,0.0,0.0,,0.0,normalDay
2021-01-08,2788.0,1426.0,0.0,0,381.26,0.0,1,24.45,10.19,SPY210930P00312000,312.0,0,0.0,0.0,,0.0,normalDay
2021-01-11,2788.0,1324.0,0.0,0,378.69,0.0,1,24.45,11.21,SPY210930P00312000,312.0,0,0.0,0.0,,0.0,normalDay
2021-01-12,2788.0,1352.0,0.0,0,378.77,0.0,1,24.45,10.93,SPY210930P00312000,312.0,0,0.0,0.0,,0.0,normalDay
2021-01-13,2788.0,1391.0,0.0,0,379.79,0.0,1,24.45,10.54,SPY210930P00312000,312.0,0,0.0,0.0,,0.0,normalDay
2021-01-14,2788.0,1336.0,0.0,0,378.46,0.0,1,24.45,11.09,SPY210930P00312000,312.0,0,0.0,0.0,,0.0,normalDay
2021-01-15,2788.0,1258.0,0.0,0,375.7,0.0,1,24.45,11.87,SPY210930P00312000,312.0,0,0.0,0.0,,0.0,normalDay
2021-01-19,2788.0,1342.0,0.0,0,378.65,0.0,1,24.45,11.03,SPY210930P00312000,312.0,0,0.0,0.0,,0.0,normalDay
2021-01-20,2788.0,1442.0,0.0,0,383.89,0.0,1,24.45,10.03,SPY210930P00312000,312.0,0,0.0,0.0,,0.0,normalDay
2021-01-21,2788.0,1437.0,0.0,0,384.24,0.0,1,24.45,10.08,SPY210930P00312000,312.0,0,0.0,0.0,,0.0,normalDay
2021-01-22,2788.0,1412.0,0.0,0,382.88,0.0,1,24.45,10.33,SPY210930P00312000,312.0,0,0.0,0.0,,0.0,normalDay
2021-01-25,2788.0,1396.0,0.0,0,384.39,0.0,1,24.45,10.49,SPY210930P00312000,312.0,0,0.0,0.0,,0.0,normalDay
2021-01-26,2788.0,1384.0,0.0,0,383.79,0.0,1,24.45,10.61,SPY210930P00312000,312.0,0,0.0,0.0,,0.0,normalDay
2021-01-27,2788.0,988.0,0.0,0,374.41,0.0,1,24.45,14.57,SPY210930P00312000,312.0,0,0.0,0.0,,0.0,normalDay
2021-01-28,2788.0,1132.0,0.0,0,377.63,0.0,1,24.45,13.13,SPY210930P00312000,312.0,0,0.0,0.0,,0.0,normalDay
2021-01-29,2788.0,903.0,0.0,0,370.07,0.0,1,24.45,15.42,SPY210930P00312000,312.0,0,0.0,0.0,,0.0,normalDay
2021-02-01,2788.0,1106.0,0.0,0,376.23,0.0,1,24.45,13.39,SPY210930P00312000,312.0,0,0.0,0.0,,0.0,normalDay
2021-02-02,2788.0,1305.0,0.0,0,381.55,0.0,1,24.45,11.4,SPY210930P00312000,312.0,0,0.0,0.0,,0.0,normalDay
2021-02-03,2788.0,1359.0,0.0,0,381.85,0.0,1,24.45,10.86,SPY210930P00312000,312.0,0,0.0,0.0,,0.0,normalDay
2021-02-04,2788.0,1446.0,0.0,0,386.19,0.0,1,24.45,9.99,SPY210930P00312000,312.0,0,0.0,0.0,,0.0,normalDay
2021-02-05,2788.0,1455.0,0.0,0,387.71,0.0,1,24.45,9.9,SPY210930P00312000,312.0,0,0.0,0.0,,0.0,normalDay
2021-02-08,2788.0,1501.0,0.0,0,390.51,0.0,1,24.45,9.44,SPY210930P00312000,312.0,0,0.0,0.0,,0.0,normalDay
2021-02-09,2788.0,1489.0,0.0,0,390.25,0.0,1,24.45,9.56,SPY210930P00312000,312.0,0,0.0,0.0,,0.0,normalDay
2021-02-10,2788.0,1467.0,0.0,0,390.08,0.0,1,24.45,9.78,SPY210930P00312000,312.0,0,0.0,0.0,,0.0,normalDay
2021-02-11,2788.0,1484.0,0.0,0,390.71,0.0,1,24.45,9.61,SPY210930P00312000,312.0,0,0.0,0.0,,0.0,normalDay
2021-02-12,2788.0,1528.0,0.0,0,392.64,0.0,1,24.45,9.17,SPY210930P00312000,312.0,0,0.0,0.0,,0.0,normalDay
2021-02-16,2788.0,1496.0,0.0,0,392.3,0.0,1,24.45,9.49,SPY210930P00312000,312.0,0,0.0,0.0,,0.0,normalDay
2021-02-17,2788.0,1507.0,0.0,0,392.39,0.0,1,24.45,9.38,SPY210930P00312000,312.0,0,0.0,0.0,,0.0,normalDay
2021-02-18,2788.0,1472.0,0.0,0,390.72,0.0,1,24.45,9.73,SPY210930P00312000,312.0,0,0.0,0.0,,0.0,normalDay
2021-02-19,2788.0,1479.0,0.0,0,390.03,0.0,1,24.45,9.66,SPY210930P00312000,312.0,0,0.0,0.0,,0.0,normalDay
2021-02-22,2788.0,1432.0,0.0,0,387.03,0.0,1,24.45,10.13,SPY210930P00312000,312.0,0,0.0,0.0,,0.0,normalDay
2021-02-23,2788.0,1469.0,0.0,0,387.5,0.0,1,24.45,9.76,SPY210930P00312000,312.0,0,0.0,0.0,,0.0,normalDay
2021-02-24,2788.0,1568.0,0.0,0,391.77,0.0,1,24.45,8.77,SPY210930P00312000,312.0,0,0.0,0.0,,0.0,normalDay
2021-02-25,2788.0,1345.0,0.0,0,382.33,0.0,1,24.45,11.0,SPY210930P00312000,312.0,0,0.0,0.0,,0.0,normalDay
2021-02-26,2788.0,1372.0,0.0,0,380.36,0.0,1,24.45,10.73,SPY210930P00312000,312.0,0,0.0,0.0,,0.0,normalDay
2021-03-01,2788.0,1573.0,0.0,0,389.58,0.0,1,24.45,8.72,SPY210930P00312000,312.0,0,0.0,0.0,,0.0,normalDay
2021-03-02,2788.0,1523.0,0.0,0,386.54,0.0,1,24.45,9.22,SPY210930P00312000,312.0,0,0.0,0.0,,0.0,normalDay
2021-03-03,2788.0,1432.0,0.0,0,381.42,0.0,1,24.45,10.13,SPY210930P00312000,312.0,0,0.0,0.0,,0.0,normalDay
2021-03-04,2788.0,1359.0,0.0,0,376.7,0.0,1,24.45,10.86,SPY210930P00312000,312.0,0,0.0,0.0,,0.0,normalDay
2021-03-05,2788.0,1532.0,0.0,0,383.63,0.0,1,24.45,9.13,SPY210930P00312000,312.0,0,0.0,0.0,,0.0,normalDay
2021-03-08,2788.0,1524.0,0.0,0,381.72,0.0,1,24.45,9.21,SPY210930P00312000,312.0,0,0.0,0.0,,0.0,normalDay
2021-03-09,2788.0,1610.0,0.0,0,387.17,0.0,1,24.45,8.35,SPY210930P00312000,312.0,0,0.0,0.0,,0.0,normalDay
2021-03-10,2788.0,1654.0,0.0,0,389.58,0.0,1,24.45,7.91,SPY210930P00312000,312.0,0,0.0,0.0,,0.0,normalDay
2021-03-11,2788.0,1707.0,0.0,0,393.53,0.0,1,24.45,7.38,SPY210930P00312000,312.0,0,0.0,0.0,,0.0,normalDay
2021-03-12,2788.0,1735.0,0.0,0,394.06,0.0,1,24.45,7.1,SPY210930P00312000,312.0,0,0.0,0.0,,0.0,normalDay
2021-03-15,2788.0,1775.0,0.0,0,396.41,0.0,1,24.45,6.7,SPY210930P00312000,312.0,0,0.0,0.0,,0.0,normalDay
2021-03-16,2788.0,1779.0,0.0,0,395.91,0.0,1,24.45,6.66,SPY210930P00312000,312.0,0,0.0,0.0,,0.0,normalDay
2021-03-17,2788.0,1828.0,0.0,0,397.26,0.0,1,24.45,6.17,SPY210930P00312000,312.0,0,0.0,0.0,,0.0,normalDay
2021-03-18,2788.0,1754.0,0.0,0,391.48,0.0,1,24.45,6.91,SPY210930P00312000,312.0,0,0.0,0.0,,0.0,normalDay
2021-03-19,2788.0,1755.0,0.0,0,389.48,0.0,1,24.45,6.9,SPY210930P00312000,312.0,0,0.0,0.0,,0.0,normalDay
2021-03-22,2788.0,1856.0,0.0,0,392.59,0.0,1,24.45,5.89,SPY210930P00312000,312.0,0,0.0,0.0,,0.0,normalDay
2021-03-23,2788.0,1809.0,0.0,0,389.5,0.0,1,24.45,6.36,SPY210930P00312000,312.0,0,0.0,0.0,,0.0,normalDay
2021-03-24,2788.0,1775.0,0.0,0,387.52,0.0,1,24.45,6.7,SPY210930P00312000,312.0,0,0.0,0.0,,0.0,normalDay
2021-03-25,2788.0,1836.0,0.0,0,389.7,0.0,1,24.45,6.09,SPY210930P00312000,312.0,0,0.0,0.0,,0.0,normalDay
2021-03-26,2788.0,1910.0,0.0,0,395.98,0.0,1,24.45,5.35,SPY210930P00312000,312.0,0,0.0,0.0,,0.0,normalDay
2021-03-29,2788.0,1901.0,0.0,0,395.78,0.0,1,24.45,5.44,SPY210930P00312000,312.0,0,0.0,0.0,,0.0,normalDay
2021-03-30,2788.0,1930.0,0.0,0,394.73,0.0,1,24.45,5.15,SPY210930P00312000,312.0,0,0.0,0.0,,0.0,normalDay
2021-03-31,2788.0,1961.0,0.0,0,396.33,0.0,1,24.45,4.84,SPY210930P00312000,312.0,0,0.0,0.0,,0.0,normalDay
2021-04-01,2788.0,2019.0,0.0,0,400.61,0.0,1,24.45,4.26,SPY210930P00312000,312.0,0,0.0,0.0,,0.0,normalDay
2021-04-05,2788.0,2069.0,0.0,0,406.36,0.0,1,24.45,3.76,SPY210930P00312000,312.0,0,0.0,0.0,,0.0,normalDay
2021-04-06,2788.0,2068.0,0.0,0,406.12,0.0,1,24.45,3.77,SPY210930P00312000,312.0,0,0.0,0.0,,0.0,normalDay
2021-04-07,2788.0,2087.0,0.0,0,406.59,0.0,1,24.45,3.58,SPY210930P00312000,312.0,0,0.0,0.0,,0.0,normalDay
2021-04-08,2788.0,2101.0,0.0,0,408.52,0.0,1,24.45,3.44,SPY210930P00312000,312.0,0,0.0,0.0,,0.0,normalDay
2021-04-09,2788.0,2107.0,0.0,0,411.49,0.0,1,24.45,3.38,SPY210930P00312000,312.0,0,0.0,0.0,,0.0,normalDay
2021-04-12,2788.0,2113.0,0.0,0,411.64,0.0,1,24.45,3.32,SPY210930P00312000,312.0,0,0.0,0.0,,0.0,normalDay
2021-04-13,2788.0,2126.0,0.0,0,412.86,0.0,1,24.45,3.19,SPY210930P00312000,312.0,0,0.0,0.0,,0.0,normalDay
2021-04-14,2788.0,2114.0,0.0,0,411.45,0.0,1,24.45,3.31,SPY210930P00312000,312.0,0,0.0,0.0,,0.0,normalDay
2021-04-15,2788.0,2138.0,0.0,0,415.87,0.0,1,24.45,3.07,SPY210930P00312000,312.0,0,0.0,0.0,,0.0,normalDay
2021-04-16,2788.0,2144.0,0.0,0,417.26,0.0,1,24.45,3.01,SPY210930P00312000,312.0,0,0.0,0.0,,0.0,normalDay
2021-04-19,2788.0,2126.0,0.0,0,415.21,0.0,1,24.45,3.19,SPY210930P00312000,312.0,0,0.0,0.0,,0.0,normalDay
2021-04-20,2788.0,2098.0,0.0,0,412.17,0.0,1,24.45,3.47,SPY210930P00312000,312.0,0,0.0,0.0,,0.0,normalDay
2021-04-21,2788.0,2135.0,0.0,0,416.07,0.0,1,24.45,3.1,SPY210930P00312000,312.0,0,0.0,0.0,,0.0,normalDay
2021-04-22,2788.0,2092.0,0.0,0,412.27,0.0,1,24.45,3.53,SPY210930P00312000,312.0,0,0.0,0.0,,0.0,normalDay
2021-04-23,2788.0,2139.0,0.0,0,416.74,0.0,1,24.45,3.06,SPY210930P00312000,312.0,0,0.0,0.0,,0.0,normalDay
2021-04-26,2788.0,2147.0,0.0,0,417.61,0.0,1,24.45,2.98,SPY210930P00312000,312.0,0,0.0,0.0,,0.0,normalDay
2021-04-27,2788.0,2153.0,0.0,0,417.52,0.0,1,24.45,2.92,SPY210930P00312000,312.0,0,0.0,0.0,,0.0,normalDay
2021-04-28,2788.0,2163.0,0.0,0,417.4,0.0,1,24.45,2.82,SPY210930P00312000,312.0,0,0.0,0.0,,0.0,normalDay
2021-04-29,2788.0,2168.0,0.0,0,420.06,0.0,1,24.45,2.77,SPY210930P00312000,312.0,0,0.0,0.0,,0.0,normalDay
2021-04-30,2788.0,2147.0,0.0,0,417.3,0.0,1,24.45,2.98,SPY210930P00312000,312.0,0,0.0,0.0,,0.0,normalDay
2021-05-03,2788.0,2159.0,0.0,0,418.2,0.0,1,24.45,2.86,SPY210930P00312000,312.0,0,0.0,0.0,,0.0,normalDay
2021-05-04,2788.0,2133.0,0.0,0,415.62,0.0,1,24.45,3.12,SPY210930P00312000,312.0,0,0.0,0.0,,0.0,normalDay
2021-05-05,2788.0,2145.0,0.0,0,415.75,0.0,1,24.45,3.0,SPY210930P00312000,312.0,0,0.0,0.0,,0.0,normalDay
2021-05-06,2788.0,2169.0,0.0,0,419.07,0.0,1,24.45,2.76,SPY210930P00312000,312.0,0,0.0,0.0,,0.0,normalDay
2021-05-07,2788.0,2200.0,0.0,0,422.12,0.0,1,24.45,2.45,SPY210930P00312000,312.0,0,0.0,0.0,,0.0,normalDay
2021-05-10,2788.0,2162.0,0.0,0,417.94,0.0,1,24.45,2.83,SPY210930P00312000,312.0,0,0.0,0.0,,0.0,normalDay
2021-05-11,2788.0,2120.0,0.0,0,414.21,0.0,1,24.45,3.25,SPY210930P00312000,312.0,0,0.0,0.0,,0.0,normalDay
2021-05-12,2788.0,1977.0,0.0,0,405.41,0.0,1,24.45,4.68,SPY210930P00312000,312.0,0,0.0,0.0,,0.0,normalDay
2021-05-13,2788.0,2084.0,0.0,0,410.28,0.0,1,24.45,3.61,SPY210930P00312000,312.0,0,0.0,0.0,,0.0,normalDay
2021-05-14,2788.0,2173.0,0.0,0,416.58,0.0,1,24.45,2.72,SPY210930P00312000,312.0,0,0.0,0.0,,0.0,normalDay
2021-05-17,2788.0,2150.0,0.0,0,415.52,0.0,1,24.45,2.95,SPY210930P00312000,312.0,0,0.0,0.0,,0.0,normalDay
2021-05-18,2788.0,2113.0,0.0,0,411.94,0.0,1,24.45,3.32,SPY210930P00312000,312.0,0,0.0,0.0,,0.0,normalDay
2021-05-19,2788.0,2097.0,0.0,0,410.86,0.0,1,24.45,3.48,SPY210930P00312000,312.0,0,0.0,0.0,,0.0,normalDay
2021-05-20,2788.0,2142.0,0.0,0,415.28,0.0,1,24.45,3.03,SPY210930P00312000,312.0,0,0.0,0.0,,0.0,normalDay
2021-05-21,2788.0,2152.0,0.0,0,414.94,0.0,1,24.45,2.93,SPY210930P00312000,312.0,0,0.0,0.0,,0.0,normalDay
2021-05-24,2788.0,2201.0,0.0,0,419.17,0.0,1,24.45,2.44,SPY210930P00312000,312.0,0,0.0,0.0,,0.0,normalDay
2021-05-25,2788.0,2198.0,0.0,0,418.24,0.0,1,24.45,2.47,SPY210930P00312000,312.0,0,0.0,0.0,,0.0,normalDay
2021-05-26,2788.0,2227.0,0.0,0,419.07,0.0,1,24.45,2.18,SPY210930P00312000,312.0,0,0.0,0.0,,0.0,normalDay
2021-05-27,2788.0,2250.0,0.0,0,419.29,0.0,1,24.45,1.95,SPY210930P00312000,312.0,0,0.0,0.0,,0.0,normalDay
2021-05-28,2788.0,2252.0,0.0,0,420.04,0.0,1,24.45,1.93,SPY210930P00312000,312.0,0,0.0,0.0,,0.0,normalDay
2021-06-01,2788.0,2242.0,0.0,0,419.67,0.0,1,24.45,2.03,SPY210930P00312000,312.0,0,0.0,0.0,,0.0,normalDay
2021-06-02,2788.0,2247.0,0.0,0,420.33,0.0,1,24.45,1.98,SPY210930P00312000,312.0,0,0.0,0.0,,0.0,normalDay
2021-06-03,2788.0,2236.0,0.0,0,418.77,0.0,1,24.45,2.09,SPY210930P00312000,312.0,0,0.0,0.0,,0.0,normalDay
2021-06-04,2788.0,2267.0,0.0,0,422.6,0.0,1,24.45,1.78,SPY210930P00312000,312.0,0,0.0,0.0,,0.0,normalDay
2021-06-07,2788.0,2277.0,0.0,0,422.19,0.0,1,24.45,1.68,SPY210930P00312000,312.0,0,0.0,0.0,,0.0,normalDay
2021-06-08,2788.0,2277.0,0.0,0,422.28,0.0,1,24.45,1.68,SPY210930P00312000,312.0,0,0.0,0.0,,0.0,normalDay
2021-06-09,2788.0,2273.0,0.0,0,421.65,0.0,1,24.45,1.72,SPY210930P00312000,312.0,0,0.0,0.0,,0.0,normalDay
2021-06-10,2788.0,2301.0,0.0,0,423.61,0.0,1,24.45,1.44,SPY210930P00312000,312.0,0,0.0,0.0,,0.0,normalDay
2021-06-11,2788.0,2310.0,0.0,0,424.31,0.0,1,24.45,1.35,SPY210930P00312000,312.0,0,0.0,0.0,,0.0,normalDay
2021-06-14,2788.0,2310.0,0.0,0,425.26,0.0,1,24.45,1.35,SPY210930P00312000,312.0,0,0.0,0.0,,0.0,normalDay
2021-06-15,2788.0,2300.0,0.0,0,424.48,0.0,1,24.45,1.45,SPY210930P00312000,312.0,0,0.0,0.0,,0.0,normalDay
2021-06-16,2788.0,2294.0,0.0,0,422.11,0.0,1,24.45,1.51,SPY210930P00312000,312.0,0,0.0,0.0,,0.0,normalDay
2021-06-17,2788.0,2303.0,0.0,0,421.97,0.0,1,24.45,1.42,SPY210930P00312000,312.0,0,0.0,0.0,,0.0,normalDay
2021-06-18,2788.0,2260.0,0.0,0,414.92,0.0,1,24.45,1.85,SPY210930P00312000,312.0,0,0.0,0.0,,0.0,normalDay
2021-06-21,2788.0,2316.0,0.0,0,420.86,0.0,1,24.45,1.29,SPY210930P00312000,312.0,0,0.0,0.0,,0.0,normalDay
2021-06-22,2788.0,2329.0,0.0,0,423.11,0.0,1,24.45,1.16,SPY210930P00312000,312.0,0,0.0,0.0,,0.0,normalDay
2021-06-23,2788.0,2337.0,0.0,0,422.6,0.0,1,24.45,1.08,SPY210930P00312000,312.0,0,0.0,0.0,,0.0,normalDay
2021-06-24,2788.0,2346.0,0.0,0,425.1,0.0,1,24.45,0.99,SPY210930P00312000,312.0,0,0.0,0.0,,0.0,normalDay
2021-06-25,2788.0,2353.0,0.0,0,426.61,0.0,1,24.45,0.92,SPY210930P00312000,312.0,0,0.0,0.0,,0.0,normalDay
2021-06-28,2788.0,2355.0,0.0,0,427.47,0.0,1,24.45,0.9,SPY210930P00312000,312.0,0,0.0,0.0,,0.0,normalDay
2021-06-29,2788.0,2349.0,0.0,0,427.7,0.0,1,24.45,0.96,SPY210930P00312000,312.0,0,0.0,0.0,,0.0,normalDay
2021-06-30,2788.0,2353.0,0.0,0,428.06,0.0,1,24.45,0.92,SPY210930P00312000,312.0,0,0.0,0.0,,0.0,normalDay
2021-07-01,2788.0,2356.0,0.0,0,430.43,0.0,1,24.45,0.89,SPY210930P00312000,312.0,0,0.0,0.0,,0.0,normalDay
2021-07-02,2788.0,2360.0,0.0,0,433.72,0.0,1,24.45,0.85,SPY210930P00312000,312.0,0,0.0,0.0,,0.0,normalDay
2021-07-06,2788.0,2358.0,0.0,0,432.93,0.0,1,24.45,0.87,SPY210930P00312000,312.0,0,0.0,0.0,,0.0,normalDay
2021-07-07,2788.0,2360.0,0.0,0,434.46,0.0,1,24.45,0.85,SPY210930P00312000,312.0,0,0.0,0.0,,0.0,normalDay
2021-07-08,2788.0,2342.0,0.0,0,430.92,0.0,1,24.45,1.03,SPY210930P00312000,312.0,0,0.0,0.0,,0.0,normalDay
2021-07-09,2788.0,2362.0,0.0,0,435.52,0.0,1,24.45,0.83,SPY210930P00312000,312.0,0,0.0,0.0,,0.0,normalDay
2021-07-12,2788.0,2369.0,0.0,0,437.08,0.0,1,24.45,0.76,SPY210930P00312000,312.0,0,0.0,0.0,,0.0,normalDay
2021-07-13,2788.0,2364.0,0.0,0,435.59,0.0,1,24.45,0.81,SPY210930P00312000,312.0,0,0.0,0.0,,0.0,normalDay
2021-07-14,2788.0,2374.0,0.0,0,436.24,0.0,1,24.45,0.71,SPY210930P00312000,312.0,0,0.0,0.0,,0.0,normalDay
2021-07-15,2788.0,2371.0,0.0,0,434.75,0.0,1,24.45,0.74,SPY210930P00312000,312.0,0,0.0,0.0,,0.0,normalDay
2021-07-16,2788.0,2360.0,0.0,0,431.34,0.0,1,24.45,0.85,SPY210930P00312000,312.0,0,0.0,0.0,,0.0,normalDay
2021-07-19,2788.0,2324.0,0.0,0,424.97,0.0,1,24.45,1.21,SPY210930P00312000,312.0,0,0.0,0.0,,0.0,normalDay
2021-07-20,2788.0,2352.0,0.0,0,431.06,0.0,1,24.45,0.93,SPY210930P00312000,312.0,0,0.0,0.0,,0.0,normalDay
2021-07-21,2788.0,2372.0,0.0,0,434.55,0.0,1,24.45,0.73,SPY210930P00312000,312.0,0,0.0,0.0,,0.0,normalDay
2021-07-22,2788.0,2375.0,0.0,0,435.46,0.0,1,24.45,0.7,SPY210930P00312000,312.0,0,0.0,0.0,,0.0,normalDay
2021-07-23,2788.0,2380.0,0.0,0,439.94,0.0,1,24.45,0.65,SPY210930P00312000,312.0,0,0.0,0.0,,0.0,normalDay
2021-07-26,2788.0,2387.0,0.0,0,441.02,0.0,1,24.45,0.58,SPY210930P00312000,312.0,0,0.0,0.0,,0.0,normalDay
2021-07-27,2788.0,2378.0,0.0,0,439.01,0.0,1,24.45,0.67,SPY210930P00312000,312.0,0,0.0,0.0,,0.0,normalDay
2021-07-28,2788.0,2386.0,0.0,0,438.83,0.0,1,24.45,0.59,SPY210930P00312000,312.0,0,0.0,0.0,,0.0,normalDay
2021-07-29,2788.0,2392.0,0.0,0,440.65,0.0,1,24.45,0.53,SPY210930P00312000,312.0,0,0.0,0.0,,0.0,normalDay
2021-07-30,2788.0,2388.0,0.0,0,438.51,0.0,1,24.45,0.57,SPY210930P00312000,312.0,0,0.0,0.0,,0.0,normalDay
2021-08-02,2788.0,2385.0,0.0,0,437.59,0.0,1,24.45,0.6,SPY210930P00312000,312.0,0,0.0,0.0,,0.0,normalDay
2021-08-03,2788.0,2398.0,0.0,0,441.15,0.0,1,24.45,0.47,SPY210930P00312000,312.0,0,0.0,0.0,,0.0,normalDay
2021-08-04,2788.0,2399.0,0.0,0,438.98,0.0,1,24.45,0.46,SPY210930P00312000,312.0,0,0.0,0.0,,0.0,normalDay
2021-08-05,2788.0,2404.0,0.0,0,441.76,0.0,1,24.45,0.41,SPY210930P00312000,312.0,0,0.0,0.0,,0.0,normalDay
2021-08-06,2788.0,2409.0,0.0,0,442.49,0.0,1,24.45,0.36,SPY210930P00312000,312.0,0,0.0,0.0,,0.0,normalDay
2021-08-09,2788.0,2411.0,0.0,0,442.13,0.0,1,24.45,0.34,SPY210930P00312000,312.0,0,0.0,0.0,,0.0,normalDay
2021-08-10,2788.0,2413.0,0.0,0,442.68,0.0,1,24.45,0.32,SPY210930P00312000,312.0,0,0.0,0.0,,0.0,normalDay
2021-08-11,2788.0,2417.0,0.0,0,443.78,0.0,1,24.45,0.28,SPY210930P00312000,312.0,0,0.0,0.0,,0.0,normalDay
2021-08-12,2788.0,2419.0,0.0,0,445.11,0.0,1,24.45,0.26,SPY210930P00312000,312.0,0,0.0,0.0,,0.0,normalDay
2021-08-13,2788.0,2419.0,0.0,0,445.92,0.0,1,24.45,0.26,SPY210930P00312000,312.0,0,0.0,0.0,,0.0,normalDay
2021-08-16,2788.0,2421.0,0.0,0,446.97,0.0,1,24.45,0.24,SPY210930P00312000,312.0,0,0.0,0.0,,0.0,normalDay
2021-08-17,2788.0,2417.0,0.0,0,444.04,0.0,1,24.45,0.28,SPY210930P00312000,312.0,0,0.0,0.0,,0.0,normalDay
2021-08-18,2788.0,2406.0,0.0,0,439.18,0.0,1,24.45,0.39,SPY210930P00312000,312.0,0,0.0,0.0,,0.0,normalDay
2021-08-19,2788.0,2402.0,0.0,0,439.86,0.0,1,24.45,0.43,SPY210930P00312000,312.0,0,0.0,0.0,,0.0,normalDay
2021-08-20,2788.0,2417.0,0.0,0,443.36,0.0,1,24.45,0.28,SPY210930P00312000,312.0,0,0.0,0.0,,0.0,normalDay
2021-08-23,2788.0,2425.0,0.0,0,447.26,0.0,1,24.45,0.2,SPY210930P00312000,312.0,0,0.0,0.0,,0.0,normalDay
2021-08-24,2788.0,2426.0,0.0,0,447.97,0.0,1,24.45,0.19,SPY210930P00312000,312.0,0,0.0,0.0,,0.0,normalDay
2021-08-25,2788.0,2428.0,0.0,0,448.91,0.0,1,24.45,0.17,SPY210930P00312000,312.0,0,0.0,0.0,,0.0,normalDay
2021-08-26,2788.0,2423.0,0.0,0,446.26,0.0,1,24.45,0.22,SPY210930P00312000,312.0,0,0.0,0.0,,0.0,normalDay
2021-08-27,2788.0,2430.0,0.0,0,450.25,0.0,1,24.45,0.15,SPY210930P00312000,312.0,0,0.0,0.0,,0.0,normalDay
2021-08-30,2788.0,2434.0,0.0,0,452.23,0.0,1,24.45,0.11,SPY210930P00312000,312.0,0,0.0,0.0,,0.0,normalDay
2021-08-31,2788.0,2435.0,0.0,0,451.56,0.0,1,24.45,0.1,SPY210930P00312000,312.0,0,0.0,0.0,,0.0,normalDay
2021-09-01,2788.0,2437.0,0.0,0,451.8,0.0,1,24.45,0.08,SPY210930P00312000,312.0,0,0.0,0.0,,0.0,normalDay
2021-09-02,2788.0,2436.0,0.0,0,453.19,0.0,1,24.45,0.09,SPY210930P00312000,312.0,0,0.0,0.0,,0.0,normalDay
2021-09-03,2788.0,2437.0,0.0,0,453.08,0.0,1,24.45,0.08,SPY210930P00312000,312.0,0,0.0,0.0,,0.0,normalDay
2021-09-07,2788.0,2438.0,0.0,0,451.46,0.0,1,24.45,0.07,SPY210930P00312000,312.0,0,0.0,0.0,,0.0,normalDay
2021-09-08,2788.0,2439.0,0.0,0,450.91,0.0,1,24.45,0.06,SPY210930P00312000,312.0,0,0.0,0.0,,0.0,normalDay
2021-09-09,2788.0,2438.0,0.0,0,448.98,0.0,1,24.45,0.07,SPY210930P00312000,312.0,0,0.0,0.0,,0.0,normalDay
2021-09-10,2788.0,2433.0,0.0,0,445.44,0.0,1,24.45,0.12,SPY210930P00312000,312.0,0,0.0,0.0,,0.0,normalDay
2021-09-13,2788.0,2438.0,0.0,0,446.58,0.0,1,24.45,0.07,SPY210930P00312000,312.0,0,0.0,0.0,,0.0,normalDay
2021-09-14,2788.0,2438.0,0.0,0,444.17,0.0,1,24.45,0.07,SPY210930P00312000,312.0,0,0.0,0.0,,0.0,normalDay
2021-09-15,2788.0,2441.0,0.0,0,447.88,0.0,1,24.45,0.04,SPY210930P00312000,312.0,0,0.0,0.0,,0.0,normalDay
2021-09-16,2788.0,2441.0,0.0,0,447.17,0.0,1,24.45,0.04,SPY210930P00312000,312.0,0,0.0,0.0,,0.0,normalDay
2021-09-17,2788.0,2439.0,0.0,0,441.4,0.0,1,24.45,0.06,SPY210930P00312000,312.0,0,0.0,0.0,,0.0,normalDay
2021-09-20,2788.0,2438.0,0.0,0,434.04,0.0,1,24.45,0.07,SPY210930P00312000,312.0,0,0.0,0.0,,0.0,normalDay
2021-09-21,2788.0,2441.0,0.0,0,433.63,0.0,1,24.45,0.04,SPY210930P00312000,312.0,0,0.0,0.0,,0.0,normalDay
2021-09-22,2788.0,2444.0,0.0,0,437.86,0.0,1,24.45,0.01,SPY210930P00312000,312.0,0,0.0,0.0,,0.0,normalDay
2021-09-23,2788.0,2444.0,0.0,0,443.18,0.0,1,24.45,0.01,SPY210930P00312000,312.0,0,0.0,0.0,,0.0,normalDay
2021-09-24,2788.0,2444.0,0.0,0,443.91,0.0,1,24.45,0.01,SPY210930P00312000,312.0,0,0.0,0.0,,0.0,normalDay
2021-09-27,2788.0,2444.0,0.0,0,442.64,0.0,1,24.45,0.01,SPY210930P00312000,312.0,0,0.0,0.0,,0.0,normalDay
2021-09-28,2788.0,2444.0,0.0,0,433.72,0.0,1,24.45,0.01,SPY210930P00312000,312.0,0,0.0,0.0,,0.0,normalDay
2021-09-29,2788.0,2444.0,0.0,0,434.45,0.0,1,24.45,0.01,SPY210930P00312000,312.0,0,0.0,0.0,,0.0,normalDay
2021-09-30,5233.0,0.0,2445.0,0,429.14,0.0,1,24.45,0.0,SPY210930P00312000,312.0,0,0.0,0.0,,0.0,expirationDay
2021-10-01,5233.0,-211.0,0.0,0,434.24,0.0,1,28.88,30.99,SPY220930P00415000,415.0,0,0.0,0.0,,0.0,normalDay
2021-10-04,5233.0,-369.0,0.0,0,428.64,0.0,1,28.88,32.57,SPY220930P00415000,415.0,0,0.0,0.0,,0.0,normalDay
2021-10-05,5233.0,-197.0,0.0,0,433.1,0.0,1,28.88,30.85,SPY220930P00415000,415.0,0,0.0,0.0,,0.0,normalDay
2021-10-06,5233.0,-134.0,0.0,0,434.9,0.0,1,28.88,30.22,SPY220930P00415000,415.0,0,0.0,0.0,,0.0,normalDay
2021-10-07,5233.0,78.0,0.0,0,438.66,0.0,1,28.88,28.1,SPY220930P00415000,415.0,0,0.0,0.0,,0.0,normalDay
2021-10-08,5233.0,56.0,0.0,0,437.86,0.0,1,28.88,28.32,SPY220930P00415000,415.0,0,0.0,0.0,,0.0,normalDay
2021-10-11,5233.0,-21.0,0.0,0,434.69,0.0,1,28.88,29.09,SPY220930P00415000,415.0,0,0.0,0.0,,0.0,normalDay
2021-10-12,5233.0,-50.0,0.0,0,433.62,0.0,1,28.88,29.38,SPY220930P00415000,415.0,0,0.0,0.0,,0.0,normalDay
2021-10-13,5233.0,89.0,0.0,0,435.18,0.0,1,28.88,27.99,SPY220930P00415000,415.0,0,0.0,0.0,,0.0,normalDay
2021-10-14,5233.0,343.0,0.0,0,442.5,0.0,1,28.88,25.45,SPY220930P00415000,415.0,0,0.0,0.0,,0.0,normalDay
2021-10-15,5233.0,390.0,0.0,0,445.87,0.0,1,28.88,24.98,SPY220930P00415000,415.0,0,0.0,0.0,,0.0,normalDay
2021-10-18,5233.0,400.0,0.0,0,447.19,0.0,1,28.88,24.88,SPY220930P00415000,415.0,0,0.0,0.0,,0.0,normalDay
2021-10-19,5233.0,559.0,0.0,0,450.64,0.0,1,28.88,23.29,SPY220930P00415000,415.0,0,0.0,0.0,,0.0,normalDay
2021-10-20,5233.0,605.0,0.0,0,452.41,0.0,1,28.88,22.83,SPY220930P00415000,415.0,0,0.0,0.0,,0.0,normalDay
2021-10-21,5233.0,656.0,0.0,0,453.59,0.0,1,28.88,22.32,SPY220930P00415000,415.0,0,0.0,0.0,,0.0,normalDay
2021-10-22,5233.0,619.0,0.0,0,453.12,0.0,1,28.88,22.69,SPY220930P00415000,415.0,0,0.0,0.0,,0.0,normalDay
2021-10-25,5233.0,701.0,0.0,0,455.55,0.0,1,28.88,21.87,SPY220930P00415000,415.0,0,0.0,0.0,,0.0,normalDay
2021-10-26,5233.0,724.0,0.0,0,455.96,0.0,1,28.88,21.64,SPY220930P00415000,415.0,0,0.0,0.0,,0.0,normalDay
2021-10-27,5233.0,615.0,0.0,0,453.94,0.0,1,28.88,22.73,SPY220930P00415000,415.0,0,0.0,0.0,,0.0,normalDay
2021-10-28,5233.0,704.0,0.0,0,458.32,0.0,1,28.88,21.84,SPY220930P00415000,415.0,0,0.0,0.0,,0.0,normalDay
2021-10-29,5233.0,783.0,0.0,0,459.25,0.0,1,28.88,21.05,SPY220930P00415000,415.0,0,0.0,0.0,,0.0,normalDay
2021-11-01,5233.0,802.0,0.0,0,460.04,0.0,1,28.88,20.86,SPY220930P00415000,415.0,0,0.0,0.0,,0.0,normalDay
2021-11-02,5233.0,849.0,0.0,0,461.9,0.0,1,28.88,20.39,SPY220930P00415000,415.0,0,0.0,0.0,,0.0,normalDay
2021-11-03,5233.0,926.0,0.0,0,464.72,0.0,1,28.88,19.62,SPY220930P00415000,415.0,0,0.0,0.0,,0.0,normalDay
2021-11-04,5233.0,959.0,0.0,0,466.91,0.0,1,28.88,19.29,SPY220930P00415000,415.0,0,0.0,0.0,,0.0,normalDay
2021-11-05,5233.0,955.0,0.0,0,468.53,0.0,1,28.88,19.33,SPY220930P00415000,415.0,0,0.0,0.0,,0.0,normalDay
2021-11-08,5233.0,950.0,0.0,0,468.93,0.0,1,28.88,19.38,SPY220930P00415000,415.0,0,0.0,0.0,,0.0,normalDay
2021-11-09,5233.0,908.0,0.0,0,467.38,0.0,1,28.88,19.8,SPY220930P00415000,415.0,0,0.0,0.0,,0.0,normalDay
2021-11-10,5233.0,839.0,0.0,0,463.62,0.0,1,28.88,20.49,SPY220930P00415000,415.0,0,0.0,0.0,,0.0,normalDay
2021-11-11,5233.0,888.0,0.0,0,463.77,0.0,1,28.88,20.0,SPY220930P00415000,415.0,0,0.0,0.0,,0.0,normalDay
2021-11-12,5233.0,990.0,0.0,0,467.27,0.0,1,28.88,18.98,SPY220930P00415000,415.0,0,0.0,0.0,,0.0,normalDay
2021-11-15,5233.0,983.0,0.0,0,467.43,0.0,1,28.88,19.05,SPY220930P00415000,415.0,0,0.0,0.0,,0.0,normalDay
2021-11-16,5233.0,1011.0,0.0,0,469.28,0.0,1,28.88,18.77,SPY220930P00415000,415.0,0,0.0,0.0,,0.0,normalDay
2021-11-17,5233.0,916.0,0.0,0,468.14,0.0,1,28.88,19.72,SPY220930P00415000,415.0,0,0.0,0.0,,0.0,normalDay
2021-11-18,5233.0,954.0,0.0,0,469.73,0.0,1,28.88,19.34,SPY220930P00415000,415.0,0,0.0,0.0,,0.0,normalDay
2021-11-19,5233.0,927.0,0.0,0,468.89,0.0,1,28.88,19.61,SPY220930P00415000,415.0,0,0.0,0.0,,0.0,normalDay
2021-11-22,5233.0,866.0,0.0,0,467.57,0.0,1,28.88,20.22,SPY220930P00415000,415.0,0,0.0,0.0,,0.0,normalDay
2021-11-23,5233.0,900.0,0.0,0,468.19,0.0,1,28.88,19.88,SPY220930P00415000,415.0,0,0.0,0.0,,0.0,normalDay
2021-11-24,5233.0,962.0,0.0,0,469.44,0.0,1,28.88,19.26,SPY220930P00415000,415.0,0,0.0,0.0,,0.0,normalDay
2021-11-26,5233.0,190.0,0.0,0,458.97,0.0,1,28.88,26.98,SPY220930P00415000,415.0,0,0.0,0.0,,0.0,normalDay
2021-11-29,5233.0,780.0,0.0,0,464.6,0.0,1,28.88,21.08,SPY220930P00415000,415.0,0,0.0,0.0,,0.0,normalDay
2021-11-30,5233.0,474.0,0.0,0,455.56,0.0,1,28.88,24.14,SPY220930P00415000,415.0,0,0.0,0.0,,0.0,normalDay
2021-12-01,5233.0,104.0,0.0,0,450.5,0.0,1,28.88,27.84,SPY220930P00415000,415.0,0,0.0,0.0,,0.0,normalDay
2021-12-02,5233.0,461.0,0.0,0,457.4,0.0,1,28.88,24.27,SPY220930P00415000,415.0,0,0.0,0.0,,0.0,normalDay
2021-12-03,5233.0,214.0,0.0,0,453.42,0.0,1,28.88,26.74,SPY220930P00415000,415.0,0,0.0,0.0,,0.0,normalDay
2021-12-06,5233.0,479.0,0.0,0,458.79,0.0,1,28.88,24.09,SPY220930P00415000,415.0,0,0.0,0.0,,0.0,normalDay
2021-12-07,5233.0,877.0,0.0,0,468.28,0.0,1,28.88,20.11,SPY220930P00415000,415.0,0,0.0,0.0,,0.0,normalDay
2021-12-08,5233.0,952.0,0.0,0,469.52,0.0,1,28.88,19.36,SPY220930P00415000,415.0,0,0.0,0.0,,0.0,normalDay
2021-12-09,5233.0,850.0,0.0,0,466.35,0.0,1,28.88,20.38,SPY220930P00415000,415.0,0,0.0,0.0,,0.0,normalDay
2021-12-10,5233.0,993.0,0.0,0,470.74,0.0,1,28.88,18.95,SPY220930P00415000,415.0,0,0.0,0.0,,0.0,normalDay
2021-12-13,5233.0,855.0,0.0,0,466.57,0.0,1,28.88,20.33,SPY220930P00415000,415.0,0,0.0,0.0,,0.0,normalDay
2021-12-14,5233.0,755.0,0.0,0,463.36,0.0,1,28.88,21.33,SPY220930P00415000,415.0,0,0.0,0.0,,0.0,normalDay
2021-12-15,5233.0,998.0,0.0,0,470.6,0.0,1,28.88,18.9,SPY220930P00415000,415.0,0,0.0,0.0,,0.0,normalDay
2021-12-16,5233.0,833.0,0.0,0,466.45,0.0,1,28.88,20.55,SPY220930P00415000,415.0,0,0.0,0.0,,0.0,normalDay
2021-12-17,5233.0,716.0,0.0,0,459.87,0.0,1,28.88,21.72,SPY220930P00415000,415.0,0,0.0,0.0,,0.0,normalDay
2021-12-20,5233.0,609.0,0.0,0,454.98,0.0,1,28.88,22.79,SPY220930P00415000,415.0,0,0.0,0.0,,0.0,normalDay
2021-12-21,5233.0,836.0,0.0,0,463.06,0.0,1,28.88,20.52,SPY220930P00415000,415.0,0,0.0,0.0,,0.0,normalDay
2021-12-22,5233.0,996.0,0.0,0,467.69,0.0,1,28.88,18.92,SPY220930P00415000,415.0,0,0.0,0.0,,0.0,normalDay
2021-12-23,5233.0,1074.0,0.0,0,470.6,0.0,1,28.88,18.14,SPY220930P00415000,415.0,0,0.0,0.0,,0.0,normalDay
2021-12-27,5233.0,1230.0,0.0,0,477.26,0.0,1,28.88,16.58,SPY220930P00415000,415.0,0,0.0,0.0,,0.0,normalDay
2021-12-28,5233.0,1250.0,0.0,0,476.87,0.0,1,28.88,16.38,SPY220930P00415000,415.0,0,0.0,0.0,,0.0,normalDay
2021-12-29,5233.0,1278.0,0.0,0,477.48,0.0,1,28.88,16.1,SPY220930P00415000,415.0,0,0.0,0.0,,0.0,normalDay
2021-12-30,5233.0,1236.0,0.0,0,476.16,0.0,1,28.88,16.52,SPY220930P00415000,415.0,0,0.0,0.0,,0.0,normalDay
2021-12-31,5233.0,1266.0,0.0,0,474.96,0.0,1,28.88,16.22,SPY220930P00415000,415.0,0,0.0,0.0,,0.0,normalDay
2022-01-03,5233.0,1343.0,0.0,0,477.71,0.0,1,28.88,15.45,SPY220930P00415000,415.0,0,0.0,0.0,,0.0,normalDay
2022-01-04,5233.0,1330.0,0.0,0,477.55,0.0,1,28.88,15.58,SPY220930P00415000,415.0,0,0.0,0.0,,0.0,normalDay
2022-01-05,5233.0,1103.0,0.0,0,468.38,0.0,1,28.88,17.85,SPY220930P00415000,415.0,0,0.0,0.0,,0.0,normalDay
2022-01-06,5233.0,1108.0,0.0,0,467.94,0.0,1,28.88,17.8,SPY220930P00415000,415.0,0,0.0,0.0,,0.0,normalDay
2022-01-07,5233.0,1113.0,0.0,0,466.09,0.0,1,28.88,17.75,SPY220930P00415000,415.0,0,0.0,0.0,,0.0,normalDay
2022-01-10,5233.0,1132.0,0.0,0,465.51,0.0,1,28.88,17.56,SPY220930P00415000,415.0,0,0.0,0.0,,0.0,normalDay
2022-01-11,5233.0,1259.0,0.0,0,469.75,0.0,1,28.88,16.29,SPY220930P00415000,415.0,0,0.0,0.0,,0.0,normalDay
2022-01-12,5233.0,1305.0,0.0,0,471.02,0.0,1,28.88,15.83,SPY220930P00415000,415.0,0,0.0,0.0,,0.0,normalDay
2022-01-13,5233.0,1104.0,0.0,0,464.53,0.0,1,28.88,17.84,SPY220930P00415000,415.0,0,0.0,0.0,,0.0,normalDay
2022-01-14,5233.0,1160.0,0.0,0,464.72,0.0,1,28.88,17.28,SPY220930P00415000,415.0,0,0.0,0.0,,0.0,normalDay
2022-01-18,5233.0,892.0,0.0,0,456.49,0.0,1,28.88,19.96,SPY220930P00415000,415.0,0,0.0,0.0,,0.0,normalDay
2022-01-19,5233.0,800.0,0.0,0,451.75,0.0,1,28.88,20.88,SPY220930P00415000,415.0,0,0.0,0.0,,0.0,normalDay
2022-01-20,5233.0,557.0,0.0,0,446.75,0.0,1,28.88,23.31,SPY220930P00415000,415.0,0,0.0,0.0,,0.0,normalDay
2022-01-21,5233.0,271.0,0.0,0,437.98,0.0,1,28.88,26.17,SPY220930P00415000,415.0,0,0.0,0.0,,0.0,normalDay
2022-01-24,5233.0,288.0,0.0,0,439.84,0.0,1,28.88,26.0,SPY220930P00415000,415.0,0,0.0,0.0,,0.0,normalDay
2022-01-25,5233.0,66.0,0.0,0,434.47,0.0,1,28.88,28.22,SPY220930P00415000,415.0,0,0.0,0.0,,0.0,normalDay
2022-01-26,5233.0,96.0,0.0,0,433.38,0.0,1,28.88,27.92,SPY220930P00415000,415.0,0,0.0,0.0,,0.0,normalDay
2022-01-27,5233.0,125.0,0.0,0,431.24,0.0,1,28.88,27.63,SPY220930P00415000,415.0,0,0.0,0.0,,0.0,normalDay
2022-01-28,5233.0,521.0,0.0,0,441.95,0.0,1,28.88,23.67,SPY220930P00415000,415.0,0,0.0,0.0,,0.0,normalDay
2022-01-31,5233.0,810.0,0.0,0,449.91,0.0,1,28.88,20.78,SPY220930P00415000,415.0,0,0.0,0.0,,0.0,normalDay
2022-02-01,5233.0,1018.0,0.0,0,452.95,0.0,1,28.88,18.7,SPY220930P00415000,415.0,0,0.0,0.0,,0.0,normalDay
2022-02-02,5233.0,1023.0,0.0,0,457.35,0.0,1,28.88,18.65,SPY220930P00415000,415.0,0,0.0,0.0,,0.0,normalDay
2022-02-03,5233.0,802.0,0.0,0,446.6,0.0,1,28.88,20.86,SPY220930P00415000,415.0,0,0.0,0.0,,0.0,normalDay
2022-02-04,5233.0,762.0,0.0,0,448.7,0.0,1,28.88,21.26,SPY220930P00415000,415.0,0,0.0,0.0,,0.0,normalDay
2022-02-07,5233.0,803.0,0.0,0,447.26,0.0,1,28.88,20.85,SPY220930P00415000,415.0,0,0.0,0.0,,0.0,normalDay
2022-02-08,5233.0,969.0,0.0,0,450.94,0.0,1,28.88,19.19,SPY220930P00415000,415.0,0,0.0,0.0,,0.0,normalDay
2022-02-09,5233.0,1151.0,0.0,0,457.54,0.0,1,28.88,17.37,SPY220930P00415000,415.0,0,0.0,0.0,,0.0,normalDay
2022-02-10,5233.0,884.0,0.0,0,449.32,0.0,1,28.88,20.04,SPY220930P00415000,415.0,0,0.0,0.0,,0.0,normalDay
2022-02-11,5233.0,506.0,0.0,0,440.46,0.0,1,28.88,23.82,SPY220930P00415000,415.0,0,0.0,0.0,,0.0,normalDay
2022-02-14,5233.0,527.0,0.0,0,439.02,0.0,1,28.88,23.61,SPY220930P00415000,415.0,0,0.0,0.0,,0.0,normalDay
2022-02-15,5233.0,784.0,0.0,0,446.1,0.0,1,28.88,21.04,SPY220930P00415000,415.0,0,0.0,0.0,,0.0,normalDay
2022-02-16,5233.0,860.0,0.0,0,446.6,0.0,1,28.88,20.28,SPY220930P00415000,415.0,0,0.0,0.0,,0.0,normalDay
2022-02-17,5233.0,475.0,0.0,0,437.06,0.0,1,28.88,24.13,SPY220930P00415000,415.0,0,0.0,0.0,,0.0,normalDay
2022-02-18,5233.0,408.0,0.0,0,434.23,0.0,1,28.88,24.8,SPY220930P00415000,415.0,0,0.0,0.0,,0.0,normalDay
2022-02-22,5233.0,332.0,0.0,0,429.57,0.0,1,28.88,25.56,SPY220930P00415000,415.0,0,0.0,0.0,,0.0,normalDay
2022-02-23,5233.0,-27.0,0.0,0,421.95,0.0,1,28.88,29.15,SPY220930P00415000,415.0,0,0.0,0.0,,0.0,normalDay
2022-02-24,5233.0,206.0,0.0,0,428.3,0.0,1,28.88,26.82,SPY220930P00415000,415.0,0,0.0,0.0,,0.0,normalDay
2022-02-25,5233.0,612.0,0.0,0,437.75,0.0,1,28.88,22.76,SPY220930P00415000,415.0,0,0.0,0.0,,0.0,normalDay
2022-02-28,5233.0,528.0,0.0,0,436.63,0.0,1,28.88,23.6,SPY220930P00415000,415.0,0,0.0,0.0,,0.0,normalDay
2022-03-01,5233.0,156.0,0.0,0,429.98,0.0,1,28.88,27.32,SPY220930P00415000,415.0,0,0.0,0.0,,0.0,normalDay
2022-03-02,5233.0,477.0,0.0,0,437.89,0.0,1,28.88,24.11,SPY220930P00415000,415.0,0,0.0,0.0,,0.0,normalDay
2022-03-03,5233.0,422.0,0.0,0,435.71,0.0,1,28.88,24.66,SPY220930P00415000,415.0,0,0.0,0.0,,0.0,normalDay
2022-03-04,5233.0,216.0,0.0,0,432.17,0.0,1,28.88,26.72,SPY220930P00415000,415.0,0,0.0,0.0,,0.0,normalDay
2022-03-07,5233.0,-392.0,0.0,0,419.43,0.0,1,28.88,32.8,SPY220930P00415000,415.0,0,0.0,0.0,,0.0,normalDay
2022-03-08,5233.0,-491.0,0.0,0,416.25,0.0,1,28.88,33.79,SPY220930P00415000,415.0,0,0.0,0.0,,0.0,normalDay
2022-03-09,5233.0,4.0,0.0,0,427.41,0.0,1,28.88,28.84,SPY220930P00415000,415.0,0,0.0,0.0,,0.0,normalDay
2022-03-10,5233.0,51.0,0.0,0,425.48,0.0,1,28.88,28.37,SPY220930P00415000,415.0,0,0.0,0.0,,0.0,normalDay
2022-03-11,5233.0,-187.0,0.0,0,420.07,0.0,1,28.88,30.75,SPY220930P00415000,415.0,0,0.0,0.0,,0.0,normalDay
2022-03-14,5233.0,-293.0,0.0,0,417.0,0.0,1,28.88,31.81,SPY220930P00415000,415.0,0,0.0,0.0,,0.0,normalDay
2022-03-15,5233.0,74.0,0.0,0,426.17,0.0,1,28.88,28.14,SPY220930P00415000,415.0,0,0.0,0.0,,0.0,normalDay
2022-03-16,5233.0,551.0,0.0,0,435.62,0.0,1,28.88,23.37,SPY220930P00415000,415.0,0,0.0,0.0,,0.0,normalDay
2022-03-17,5233.0,771.0,0.0,0,441.07,0.0,1,28.88,21.17,SPY220930P00415000,415.0,0,0.0,0.0,,0.0,normalDay
2022-03-18,5233.0,1013.0,0.0,0,444.52,0.0,1,28.88,18.75,SPY220930P00415000,415.0,0,0.0,0.0,,0.0,normalDay
2022-03-21,5233.0,1033.0,0.0,0,444.39,0.0,1,28.88,18.55,SPY220930P00415000,415.0,0,0.0,0.0,,0.0,normalDay
2022-03-22,5233.0,1209.0,0.0,0,449.59,0.0,1,28.88,16.79,SPY220930P00415000,415.0,0,0.0,0.0,,0.0,normalDay
2022-03-23,5233.0,1042.0,0.0,0,443.8,0.0,1,28.88,18.46,SPY220930P00415000,415.0,0,0.0,0.0,,0.0,normalDay
2022-03-24,5233.0,1242.0,0.0,0,450.49,0.0,1,28.88,16.46,SPY220930P00415000,415.0,0,0.0,0.0,,0.0,normalDay
2022-03-25,5233.0,1315.0,0.0,0,452.69,0.0,1,28.88,15.73,SPY220930P00415000,415.0,0,0.0,0.0,,0.0,normalDay
2022-03-28,5233.0,1429.0,0.0,0,455.91,0.0,1,28.88,14.59,SPY220930P00415000,415.0,0,0.0,0.0,,0.0,normalDay
2022-03-29,5233.0,1565.0,0.0,0,461.55,0.0,1,28.88,13.23,SPY220930P00415000,415.0,0,0.0,0.0,,0.0,normalDay
2022-03-30,5233.0,1502.0,0.0,0,458.7,0.0,1,28.88,13.86,SPY220930P00415000,415.0,0,0.0,0.0,,0.0,normalDay
2022-03-31,5233.0,1317.0,0.0,0,451.64,0.0,1,28.88,15.71,SPY220930P00415000,415.0,0,0.0,0.0,,0.0,normalDay
2022-04-01,5233.0,1381.0,0.0,0,452.92,0.0,1,28.88,15.07,SPY220930P00415000,415.0,0,0.0,0.0,,0.0,normalDay
2022-04-04,5233.0,1531.0,0.0,0,456.8,0.0,1,28.88,13.57,SPY220930P00415000,415.0,0,0.0,0.0,,0.0,normalDay
2022-04-05,5233.0,1303.0,0.0,0,451.03,0.0,1,28.88,15.85,SPY220930P00415000,415.0,0,0.0,0.0,,0.0,normalDay
2022-04-06,5233.0,1200.0,0.0,0,446.52,0.0,1,28.88,16.88,SPY220930P00415000,415.0,0,0.0,0.0,,0.0,normalDay
2022-04-07,5233.0,1267.0,0.0,0,448.77,0.0,1,28.88,16.21,SPY220930P00415000,415.0,0,0.0,0.0,,0.0,normalDay
2022-04-08,5233.0,1261.0,0.0,0,447.57,0.0,1,28.88,16.27,SPY220930P00415000,415.0,0,0.0,0.0,,0.0,normalDay
2022-04-11,5233.0,1017.0,0.0,0,439.92,0.0,1,28.88,18.71,SPY220930P00415000,415.0,0,0.0,0.0,,0.0,normalDay
2022-04-12,5233.0,972.0,0.0,0,438.29,0.0,1,28.88,19.16,SPY220930P00415000,415.0,0,0.0,0.0,,0.0,normalDay
2022-04-13,5233.0,1196.0,0.0,0,443.31,0.0,1,28.88,16.92,SPY220930P00415000,415.0,0,0.0,0.0,,0.0,normalDay
2022-04-14,5233.0,1024.0,0.0,0,437.79,0.0,1,28.88,18.64,SPY220930P00415000,415.0,0,0.0,0.0,,0.0,normalDay
2022-04-18,5233.0,1115.0,0.0,0,437.97,0.0,1,28.88,17.73,SPY220930P00415000,415.0,0,0.0,0.0,,0.0,normalDay
2022-04-19,5233.0,1259.0,0.0,0,445.04,0.0,1,28.88,16.29,SPY220930P00415000,415.0,0,0.0,0.0,,0.0,normalDay
2022-04-20,5233.0,1365.0,0.0,0,444.71,0.0,1,28.88,15.23,SPY220930P00415000,415.0,0,0.0,0.0,,0.0,normalDay
2022-04-21,5233.0,1087.0,0.0,0,438.06,0.0,1,28.88,18.01,SPY220930P00415000,415.0,0,0.0,0.0,,0.0,normalDay
2022-04-22,5233.0,538.0,0.0,0,426.04,0.0,1,28.88,23.5,SPY220930P00415000,415.0,0,0.0,0.0,,0.0,normalDay
2022-04-25,5233.0,735.0,0.0,0,428.51,0.0,1,28.88,21.53,SPY220930P00415000,415.0,0,0.0,0.0,,0.0,normalDay
2022-04-26,5233.0,59.0,0.0,0,416.1,0.0,1,28.88,28.29,SPY220930P00415000,415.0,0,0.0,0.0,,0.0,normalDay
2022-04-27,5233.0,269.0,0.0,0,417.27,0.0,1,28.88,26.19,SPY220930P00415000,415.0,0,0.0,0.0,,0.0,normalDay
2022-04-28,5233.0,603.0,0.0,0,427.81,0.0,1,28.88,22.85,SPY220930P00415000,415.0,0,0.0,0.0,,0.0,normalDay
2022-04-29,5233.0,20.0,0.0,0,412.0,0.0,1,28.88,28.68,SPY220930P00415000,415.0,0,0.0,0.0,,0.0,normalDay
2022-05-02,5233.0,187.0,0.0,0,414.48,0.0,1,28.88,27.01,SPY220930P00415000,415.0,0,0.0,0.0,,0.0,normalDay
2022-05-03,5233.0,382.0,0.0,0,416.38,0.0,1,28.88,25.06,SPY220930P00415000,415.0,0,0.0,0.0,,0.0,normalDay
2022-05-04,5233.0,911.0,0.0,0,429.06,0.0,1,28.88,19.77,SPY220930P00415000,415.0,0,0.0,0.0,,0.0,normalDay
2022-05-05,5233.0,155.0,0.0,0,413.81,0.0,1,28.88,27.33,SPY220930P00415000,415.0,0,0.0,0.0,,0.0,normalDay
2022-05-06,5233.0,-10.0,0.0,0,411.34,0.0,1,28.88,28.98,SPY220930P00415000,415.0,0,0.0,0.0,,0.0,normalDay
2022-05-09,5233.0,-608.0,0.0,0,398.17,0.0,1,28.88,34.96,SPY220930P00415000,415.0,0,0.0,0.0,,0.0,normalDay
2022-05-10,5233.0,-544.0,0.0,0,399.09,0.0,1,28.88,34.32,SPY220930P00415000,415.0,0,0.0,0.0,,0.0,normalDay
2022-05-11,5233.0,-868.0,0.0,0,392.75,0.0,1,28.88,37.56,SPY220930P00415000,415.0,0,0.0,0.0,,0.0,normalDay
2022-05-12,5233.0,-877.0,0.0,0,392.34,0.0,1,28.88,37.65,SPY220930P00415000,415.0,0,0.0,0.0,,0.0,normalDay
2022-05-13,5233.0,-310.0,0.0,0,401.72,0.0,1,28.88,31.98,SPY220930P00415000,415.0,0,0.0,0.0,,0.0,normalDay
2022-05-16,5233.0,-322.0,0.0,0,400.09,0.0,1,28.88,32.1,SPY220930P00415000,415.0,0,0.0,0.0,,0.0,normalDay
2022-05-17,5233.0,171.0,0.0,0,408.32,0.0,1,28.88,27.17,SPY220930P00415000,415.0,0,0.0,0.0,,0.0,normalDay
2022-05-18,5233.0,-888.0,0.0,0,391.86,0.0,1,28.88,37.76,SPY220930P00415000,415.0,0,0.0,0.0,,0.0,normalDay
2022-05-19,5233.0,-914.0,0.0,0,389.46,0.0,1,28.88,38.02,SPY220930P00415000,415.0,0,0.0,0.0,,0.0,normalDay
2022-05-20,5233.0,-908.0,0.0,0,389.63,0.0,1,28.88,37.96,SPY220930P00415000,415.0,0,0.0,0.0,,0.0,normalDay
2022-05-23,5233.0,-413.0,0.0,0,396.92,0.0,1,28.88,33.01,SPY220930P00415000,415.0,0,0.0,0.0,,0.0,normalDay
2022-05-24,5233.0,-604.0,0.0,0,393.89,0.0,1,28.88,34.92,SPY220930P00415000,415.0,0,0.0,0.0,,0.0,normalDay
2022-05-25,5233.0,-399.0,0.0,0,397.37,0.0,1,28.88,32.87,SPY220930P00415000,415.0,0,0.0,0.0,,0.0,normalDay
2022-05-26,5233.0,13.0,0.0,0,405.31,0.0,1,28.88,28.75,SPY220930P00415000,415.0,0,0.0,0.0,,0.0,normalDay
2022-05-27,5233.0,591.0,0.0,0,415.26,0.0,1,28.88,22.97,SPY220930P00415000,415.0,0,0.0,0.0,,0.0,normalDay
2022-05-31,5233.0,496.0,0.0,0,412.93,0.0,1,28.88,23.92,SPY220930P00415000,415.0,0,0.0,0.0,,0.0,normalDay
2022-06-01,5233.0,381.0,0.0,0,409.59,0.0,1,28.88,25.07,SPY220930P00415000,415.0,0,0.0,0.0,,0.0,normalDay
2022-06-02,5233.0,772.0,0.0,0,417.39,0.0,1,28.88,21.16,SPY220930P00415000,415.0,0,0.0,0.0,,0.0,normalDay
2022-06-03,5233.0,468.0,0.0,0,410.54,0.0,1,28.88,24.2,SPY220930P00415000,415.0,0,0.0,0.0,,0.0,normalDay
2022-06-06,5233.0,548.0,0.0,0,411.79,0.0,1,28.88,23.4,SPY220930P00415000,415.0,0,0.0,0.0,,0.0,normalDay
2022-06-07,5233.0,743.0,0.0,0,415.74,0.0,1,28.88,21.45,SPY220930P00415000,415.0,0,0.0,0.0,,0.0,normalDay
2022-06-08,5233.0,575.0,0.0,0,411.22,0.0,1,28.88,23.13,SPY220930P00415000,415.0,0,0.0,0.0,,0.0,normalDay
2022-06-09,5233.0,47.0,0.0,0,401.44,0.0,1,28.88,28.41,SPY220930P00415000,415.0,0,0.0,0.0,,0.0,normalDay
2022-06-10,5233.0,-702.0,0.0,0,389.8,0.0,1,28.88,35.9,SPY220930P00415000,415.0,0,0.0,0.0,,0.0,normalDay
2022-06-13,5233.0,-1843.0,0.0,0,375.0,0.0,1,28.88,47.31,SPY220930P00415000,415.0,0,0.0,0.0,,0.0,normalDay
2022-06-14,5233.0,-1942.0,0.0,0,373.87,0.0,1,28.88,48.3,SPY220930P00415000,415.0,0,0.0,0.0,,0.0,normalDay
2022-06-15,5233.0,-1423.0,0.0,0,379.2,0.0,1,28.88,43.11,SPY220930P00415000,415.0,0,0.0,0.0,,0.0,normalDay
2022-06-16,5233.0,-2400.0,0.0,0,366.65,0.0,1,28.88,52.88,SPY220930P00415000,415.0,0,0.0,0.0,,0.0,normalDay
2022-06-17,5233.0,-2286.0,0.0,0,365.86,0.0,1,28.88,51.74,SPY220930P00415000,415.0,0,0.0,0.0,,0.0,normalDay
2022-06-21,5233.0,-1556.0,0.0,0,375.07,0.0,1,28.88,44.44,SPY220930P00415000,415.0,0,0.0,0.0,,0.0,normalDay
2022-06-22,5233.0,-1556.0,0.0,0,374.39,0.0,1,28.88,44.44,SPY220930P00415000,415.0,0,0.0,0.0,,0.0,normalDay
2022-06-23,5233.0,-1372.0,0.0,0,378.06,0.0,1,28.88,42.6,SPY220930P00415000,415.0,0,0.0,0.0,,0.0,normalDay
2022-06-24,5233.0,-472.0,0.0,0,390.08,0.0,1,28.88,33.6,SPY220930P00415000,415.0,0,0.0,0.0,,0.0,normalDay
2022-06-27,5233.0,-410.0,0.0,0,388.59,0.0,1,28.88,32.98,SPY220930P00415000,415.0,0,0.0,0.0,,0.0,normalDay
2022-06-28,5233.0,-1040.0,0.0,0,380.65,0.0,1,28.88,39.28,SPY220930P00415000,415.0,0,0.0,0.0,,0.0,normalDay
2022-06-29,5233.0,-1025.0,0.0,0,380.34,0.0,1,28.88,39.13,SPY220930P00415000,415.0,0,0.0,0.0,,0.0,normalDay
2022-06-30,5233.0,-1367.0,0.0,0,377.25,0.0,1,28.88,42.55,SPY220930P00415000,415.0,0,0.0,0.0,,0.0,normalDay
2022-07-01,5233.0,-983.0,0.0,0,381.24,0.0,1,28.88,38.71,SPY220930P00415000,415.0,0,0.0,0.0,,0.0,normalDay
2022-07-05,5233.0,-925.0,0.0,0,381.96,0.0,1,28.88,38.13,SPY220930P00415000,415.0,0,0.0,0.0,,0.0,normalDay
2022-07-06,5233.0,-749.0,0.0,0,383.25,0.0,1,28.88,36.37,SPY220930P00415000,415.0,0,0.0,0.0,,0.0,normalDay
2022-07-07,5233.0,-354.0,0.0,0,388.99,0.0,1,28.88,32.42,SPY220930P00415000,415.0,0,0.0,0.0,,0.0,normalDay
2022-07-08,5233.0,-293.0,0.0,0,388.67,0.0,1,28.88,31.81,SPY220930P00415000,415.0,0,0.0,0.0,,0.0,normalDay
2022-07-11,5233.0,-616.0,0.0,0,384.23,0.0,1,28.88,35.04,SPY220930P00415000,415.0,0,0.0,0.0,,0.0,normalDay
2022-07-12,5233.0,-929.0,0.0,0,380.83,0.0,1,28.88,38.17,SPY220930P00415000,415.0,0,0.0,0.0,,0.0,normalDay
2022-07-13,5233.0,-1078.0,0.0,0,378.83,0.0,1,28.88,39.66,SPY220930P00415000,415.0,0,0.0,0.0,,0.0,normalDay
2022-07-14,5233.0,-1110.0,0.0,0,377.91,0.0,1,28.88,39.98,SPY220930P00415000,415.0,0,0.0,0.0,,0.0,normalDay
2022-07-15,5233.0,-503.0,0.0,0,385.13,0.0,1,28.88,33.91,SPY220930P00415000,415.0,0,0.0,0.0,,0.0,normalDay
2022-07-18,5233.0,-753.0,0.0,0,381.95,0.0,1,28.88,36.41,SPY220930P00415000,415.0,0,0.0,0.0,,0.0,normalDay
2022-07-19,5233.0,50.0,0.0,0,392.27,0.0,1,28.88,28.38,SPY220930P00415000,415.0,0,0.0,0.0,,0.0,normalDay
2022-07-20,5233.0,218.0,0.0,0,394.77,0.0,1,28.88,26.7,SPY220930P00415000,415.0,0,0.0,0.0,,0.0,normalDay
2022-07-21,5233.0,473.0,0.0,0,398.79,0.0,1,28.88,24.15,SPY220930P00415000,415.0,0,0.0,0.0,,0.0,normalDay
2022-07-22,5233.0,231.0,0.0,0,395.09,0.0,1,28.88,26.57,SPY220930P00415000,415.0,0,0.0,0.0,,0.0,normalDay
2022-07-25,5233.0,359.0,0.0,0,395.57,0.0,1,28.88,25.29,SPY220930P00415000,415.0,0,0.0,0.0,,0.0,normalDay
2022-07-26,5233.0,26.0,0.0,0,390.89,0.0,1,28.88,28.62,SPY220930P00415000,415.0,0,0.0,0.0,,0.0,normalDay
2022-07-27,5233.0,685.0,0.0,0,401.04,0.0,1,28.88,22.03,SPY220930P00415000,415.0,0,0.0,0.0,,0.0,normalDay
2022-07-28,5233.0,1126.0,0.0,0,406.07,0.0,1,28.88,17.62,SPY220930P00415000,415.0,0,0.0,0.0,,0.0,normalDay
2022-07-29,5233.0,1394.0,0.0,0,411.99,0.0,1,28.88,14.94,SPY220930P00415000,415.0,0,0.0,0.0,,0.0,normalDay
2022-08-01,5233.0,1305.0,0.0,0,410.77,0.0,1,28.88,15.83,SPY220930P00415000,415.0,0,0.0,0.0,,0.0,normalDay
2022-08-02,5233.0,1108.0,0.0,0,408.06,0.0,1,28.88,17.8,SPY220930P00415000,415.0,0,0.0,0.0,,0.0,normalDay
2022-08-03,5233.0,1491.0,0.0,0,414.45,0.0,1,28.88,13.97,SPY220930P00415000,415.0,0,0.0,0.0,,0.0,normalDay
2022-08-04,5233.0,1517.0,0.0,0,414.17,0.0,1,28.88,13.71,SPY220930P00415000,415.0,0,0.0,0.0,,0.0,normalDay
2022-08-05,5233.0,1488.0,0.0,0,413.47,0.0,1,28.88,14.0,SPY220930P00415000,415.0,0,0.0,0.0,,0.0,normalDay
2022-08-08,5233.0,1515.0,0.0,0,412.99,0.0,1,28.88,13.73,SPY220930P00415000,415.0,0,0.0,0.0,,0.0,normalDay
2022-08-09,5233.0,1444.0,0.0,0,411.35,0.0,1,28.88,14.44,SPY220930P00415000,415.0,0,0.0,0.0,,0.0,normalDay
2022-08-10,5233.0,1869.0,0.0,0,419.99,0.0,1,28.88,10.19,SPY220930P00415000,415.0,0,0.0,0.0,,0.0,normalDay
2022-08-11,5233.0,1897.0,0.0,0,419.99,0.0,1,28.88,9.91,SPY220930P00415000,415.0,0,0.0,0.0,,0.0,normalDay
2022-08-12,5233.0,2130.0,0.0,0,427.1,0.0,1,28.88,7.58,SPY220930P00415000,415.0,0,0.0,0.0,,0.0,normalDay
2022-08-15,5233.0,2205.0,0.0,0,428.86,0.0,1,28.88,6.83,SPY220930P00415000,415.0,0,0.0,0.0,,0.0,normalDay
2022-08-16,5233.0,2235.0,0.0,0,429.7,0.0,1,28.88,6.53,SPY220930P00415000,415.0,0,0.0,0.0,,0.0,normalDay
2022-08-17,5233.0,2149.0,0.0,0,426.65,0.0,1,28.88,7.39,SPY220930P00415000,415.0,0,0.0,0.0,,0.0,normalDay
2022-08-18,5233.0,2218.0,0.0,0,427.89,0.0,1,28.88,6.7,SPY220930P00415000,415.0,0,0.0,0.0,,0.0,normalDay
2022-08-19,5233.0,2022.0,0.0,0,422.14,0.0,1,28.88,8.66,SPY220930P00415000,415.0,0,0.0,0.0,,0.0,normalDay
2022-08-22,5233.0,1624.0,0.0,0,413.35,0.0,1,28.88,12.64,SPY220930P00415000,415.0,0,0.0,0.0,,0.0,normalDay
2022-08-23,5233.0,1558.0,0.0,0,412.35,0.0,1,28.88,13.3,SPY220930P00415000,415.0,0,0.0,0.0,,0.0,normalDay
2022-08-24,5233.0,1708.0,0.0,0,413.67,0.0,1,28.88,11.8,SPY220930P00415000,415.0,0,0.0,0.0,,0.0,normalDay
2022-08-25,5233.0,1986.0,0.0,0,419.51,0.0,1,28.88,9.02,SPY220930P00415000,415.0,0,0.0,0.0,,0.0,normalDay
2022-08-26,5233.0,1180.0,0.0,0,405.31,0.0,1,28.88,17.08,SPY220930P00415000,415.0,0,0.0,0.0,,0.0,normalDay
2022-08-29,5233.0,1053.0,0.0,0,402.63,0.0,1,28.88,18.35,SPY220930P00415000,415.0,0,0.0,0.0,,0.0,normalDay
2022-08-30,5233.0,764.0,0.0,0,398.21,0.0,1,28.88,21.24,SPY220930P00415000,415.0,0,0.0,0.0,,0.0,normalDay
2022-08-31,5233.0,577.0,0.0,0,395.18,0.0,1,28.88,23.11,SPY220930P00415000,415.0,0,0.0,0.0,,0.0,normalDay
2022-09-01,5233.0,677.0,0.0,0,396.42,0.0,1,28.88,22.11,SPY220930P00415000,415.0,0,0.0,0.0,,0.0,normalDay
2022-09-02,5233.0,375.0,0.0,0,392.24,0.0,1,28.88,25.13,SPY220930P00415000,415.0,0,0.0,0.0,,0.0,normalDay
2022-09-06,5233.0,161.0,0.0,0,390.76,0.0,1,28.88,27.27,SPY220930P00415000,415.0,0,0.0,0.0,,0.0,normalDay
2022-09-07,5233.0,808.0,0.0,0,397.78,0.0,1,28.88,20.8,SPY220930P00415000,415.0,0,0.0,0.0,,0.0,normalDay
2022-09-08,5233.0,1093.0,0.0,0,400.38,0.0,1,28.88,17.95,SPY220930P00415000,415.0,0,0.0,0.0,,0.0,normalDay
2022-09-09,5233.0,1512.0,0.0,0,406.6,0.0,1,28.88,13.76,SPY220930P00415000,415.0,0,0.0,0.0,,0.0,normalDay
2022-09-12,5233.0,1811.0,0.0,0,410.97,0.0,1,28.88,10.77,SPY220930P00415000,415.0,0,0.0,0.0,,0.0,normalDay
2022-09-13,5233.0,482.0,0.0,0,393.1,0.0,1,28.88,24.06,SPY220930P00415000,415.0,0,0.0,0.0,,0.0,normalDay
2022-09-14,5233.0,612.0,0.0,0,394.6,0.0,1,28.88,22.76,SPY220930P00415000,415.0,0,0.0,0.0,,0.0,normalDay
2022-09-15,5233.0,287.0,0.0,0,390.12,0.0,1,28.88,26.01,SPY220930P00415000,415.0,0,0.0,0.0,,0.0,normalDay
2022-09-16,5233.0,-37.0,0.0,0,385.56,0.0,1,28.88,29.25,SPY220930P00415000,415.0,0,0.0,0.0,,0.0,normalDay
2022-09-19,5233.0,231.0,0.0,0,388.55,0.0,1,28.88,26.57,SPY220930P00415000,415.0,0,0.0,0.0,,0.0,normalDay
2022-09-20,5233.0,-166.0,0.0,0,384.09,0.0,1,28.88,30.54,SPY220930P00415000,415.0,0,0.0,0.0,,0.0,normalDay
2022-09-21,5233.0,-886.0,0.0,0,377.39,0.0,1,28.88,37.74,SPY220930P00415000,415.0,0,0.0,0.0,,0.0,normalDay
2022-09-22,5233.0,-1158.0,0.0,0,374.22,0.0,1,28.88,40.46,SPY220930P00415000,415.0,0,0.0,0.0,,0.0,normalDay
2022-09-23,5233.0,-1865.0,0.0,0,367.95,0.0,1,28.88,47.53,SPY220930P00415000,415.0,0,0.0,0.0,,0.0,normalDay
2022-09-26,5233.0,-2256.0,0.0,0,364.31,0.0,1,28.88,51.44,SPY220930P00415000,415.0,0,0.0,0.0,,0.0,normalDay
2022-09-27,5233.0,-2292.0,0.0,0,363.38,0.0,1,28.88,51.8,SPY220930P00415000,415.0,0,0.0,0.0,,0.0,normalDay
2022-09-28,5233.0,-1579.0,0.0,0,370.53,0.0,1,28.88,44.67,SPY220930P00415000,415.0,0,0.0,0.0,,0.0,normalDay
2022-09-29,5233.0,-2331.0,0.0,0,362.79,0.0,1,28.88,52.19,SPY220930P00415000,415.0,0,0.0,0.0,,0.0,normalDay
2022-09-30,8121.0,-5782.0,2888.0,100,357.18,415.0,1,28.88,0.0,SPY220930P00415000,415.0,0,0.0,0.0,,0.0,expirationDay
2022-10-03,8121.0,-5341.0,0.0,100,366.61,415.0,0,0.0,0.0,,0.0,1,9.48,14.5,SPY230929C00435000,435.0,normalDay
2022-10-04,8121.0,-4808.0,0.0,100,377.97,415.0,0,0.0,0.0,,0.0,1,9.48,20.53,SPY230929C00435000,435.0,normalDay
2022-10-05,8121.0,-4643.0,0.0,100,377.09,415.0,0,0.0,0.0,,0.0,1,9.48,18.0,SPY230929C00435000,435.0,normalDay
2022-10-06,8121.0,-4932.0,0.0,100,373.2,415.0,0,0.0,0.0,,0.0,1,9.48,17.0,SPY230929C00435000,435.0,normalDay
2022-10-07,8121.0,-5873.0,0.0,100,362.79,415.0,0,0.0,0.0,,0.0,1,9.48,16.0,SPY230929C00435000,435.0,normalDay
2022-10-10,8121.0,-5890.0,0.0,100,360.02,415.0,0,0.0,0.0,,0.0,1,9.48,13.4,SPY230929C00435000,435.0,normalDay
2022-10-11,8121.0,-5945.0,0.0,100,357.74,415.0,0,0.0,0.0,,0.0,1,9.48,11.67,SPY230929C00435000,435.0,normalDay
2022-10-12,8121.0,-6146.0,0.0,100,356.56,415.0,0,0.0,0.0,,0.0,1,9.48,12.5,SPY230929C00435000,435.0,normalDay
2022-10-13,8121.0,-5492.0,0.0,100,365.97,415.0,0,0.0,0.0,,0.0,1,9.48,15.37,SPY230929C00435000,435.0,normalDay
2022-10-14,8121.0,-6089.0,0.0,100,357.63,415.0,0,0.0,0.0,,0.0,1,9.48,13.0,SPY230929C00435000,435.0,normalDay
2022-10-17,8121.0,-5368.0,0.0,100,366.82,415.0,0,0.0,0.0,,0.0,1,9.48,14.98,SPY230929C00435000,435.0,normalDay
2022-10-18,8121.0,-5083.0,0.0,100,371.13,415.0,0,0.0,0.0,,0.0,1,9.48,16.44,SPY230929C00435000,435.0,normalDay
2022-10-19,8121.0,-5282.0,0.0,100,368.5,415.0,0,0.0,0.0,,0.0,1,9.48,15.8,SPY230929C00435000,435.0,normalDay
2022-10-20,8121.0,-5455.0,0.0,100,365.41,415.0,0,0.0,0.0,,0.0,1,9.48,14.44,SPY230929C00435000,435.0,normalDay
2022-10-21,8121.0,-4865.0,0.0,100,374.29,415.0,0,0.0,0.0,,0.0,1,9.48,17.42,SPY230929C00435000,435.0,normalDay
2022-10-24,8121.0,-4562.0,0.0,100,378.87,415.0,0,0.0,0.0,,0.0,1,9.48,18.97,SPY230929C00435000,435.0,normalDay
2022-10-25,8121.0,-4000.0,0.0,100,384.92,415.0,0,0.0,0.0,,0.0,1,9.48,19.4,SPY230929C00435000,435.0,normalDay
2022-10-26,8121.0,-4400.0,0.0,100,382.02,415.0,0,0.0,0.0,,0.0,1,9.48,20.5,SPY230929C00435000,435.0,normalDay
2022-10-27,8121.0,-4185.0,0.0,100,379.98,415.0,0,0.0,0.0,,0.0,1,9.48,16.31,SPY230929C00435000,435.0,normalDay
2022-10-28,8121.0,-3675.0,0.0,100,389.02,415.0,0,0.0,0.0,,0.0,1,9.48,20.25,SPY230929C00435000,435.0,normalDay
2022-10-31,8121.0,-3822.0,0.0,100,386.21,415.0,0,0.0,0.0,,0.0,1,9.48,18.91,SPY230929C00435000,435.0,normalDay
2022-11-01,8121.0,-3900.0,0.0,100,384.52,415.0,0,0.0,0.0,,0.0,1,9.48,18.0,SPY230929C00435000,435.0,normalDay
2022-11-02,8121.0,-4594.0,0.0,100,374.87,415.0,0,0.0,0.0,,0.0,1,9.48,15.29,SPY230929C00435000,435.0,normalDay
2022-11-03,8121.0,-4747.0,0.0,100,371.01,415.0,0,0.0,0.0,,0.0,1,9.48,12.96,SPY230929C00435000,435.0,normalDay
2022-11-04,8121.0,-4396.0,0.0,100,376.35,415.0,0,0.0,0.0,,0.0,1,9.48,14.79,SPY230929C00435000,435.0,normalDay
2022-11-07,8121.0,-4133.0,0.0,100,379.95,415.0,0,0.0,0.0,,0.0,1,9.48,15.76,SPY230929C00435000,435.0,normalDay
2022-11-08,8121.0,-3983.0,0.0,100,382.0,415.0,0,0.0,0.0,,0.0,1,9.48,16.31,SPY230929C00435000,435.0,normalDay
2022-11-09,8121.0,-4510.0,0.0,100,374.13,415.0,0,0.0,0.0,,0.0,1,9.48,13.71,SPY230929C00435000,435.0,normalDay
2022-11-10,8121.0,-3234.0,0.0,100,394.69,415.0,0,0.0,0.0,,0.0,1,9.48,21.51,SPY230929C00435000,435.0,normalDay
2022-11-11,8121.0,-2966.0,0.0,100,398.51,415.0,0,0.0,0.0,,0.0,1,9.48,22.65,SPY230929C00435000,435.0,normalDay
2022-11-14,8121.0,-3179.0,0.0,100,395.12,415.0,0,0.0,0.0,,0.0,1,9.48,21.39,SPY230929C00435000,435.0,normalDay
2022-11-15,8121.0,-2961.0,0.0,100,398.49,415.0,0,0.0,0.0,,0.0,1,9.48,22.58,SPY230929C00435000,435.0,normalDay
2022-11-16,8121.0,-3089.0,0.0,100,395.45,415.0,0,0.0,0.0,,0.0,1,9.48,20.82,SPY230929C00435000,435.0,normalDay
2022-11-17,8121.0,-3117.0,0.0,100,394.24,415.0,0,0.0,0.0,,0.0,1,9.48,19.89,SPY230929C00435000,435.0,normalDay
2022-11-18,8121.0,-3019.0,0.0,100,396.03,415.0,0,0.0,0.0,,0.0,1,9.48,20.7,SPY230929C00435000,435.0,normalDay
2022-11-21,8121.0,-3042.0,0.0,100,394.59,415.0,0,0.0,0.0,,0.0,1,9.48,19.49,SPY230929C00435000,435.0,normalDay
2022-11-22,8121.0,-2699.0,0.0,100,399.9,415.0,0,0.0,0.0,,0.0,1,9.48,21.37,SPY230929C00435000,435.0,normalDay
2022-11-23,8121.0,-2499.0,0.0,100,402.42,415.0,0,0.0,0.0,,0.0,1,9.48,21.89,SPY230929C00435000,435.0,normalDay
2022-11-25,8121.0,-2531.0,0.0,100,402.33,415.0,0,0.0,0.0,,0.0,1,9.48,22.12,SPY230929C00435000,435.0,normalDay
2022-11-28,8121.0,-2898.0,0.0,100,395.91,415.0,0,0.0,0.0,,0.0,1,9.48,19.37,SPY230929C00435000,435.0,normalDay
2022-11-29,8121.0,-2905.0,0.0,100,395.23,415.0,0,0.0,0.0,,0.0,1,9.48,18.76,SPY230929C00435000,435.0,normalDay
2022-11-30,8121.0,-2382.0,0.0,100,407.68,415.0,0,0.0,0.0,,0.0,1,9.48,25.98,SPY230929C00435000,435.0,normalDay
2022-12-01,8121.0,-2150.0,0.0,100,407.38,415.0,0,0.0,0.0,,0.0,1,9.48,23.36,SPY230929C00435000,435.0,normalDay
2022-12-02,8121.0,-2122.0,0.0,100,406.91,415.0,0,0.0,0.0,,0.0,1,9.48,22.61,SPY230929C00435000,435.0,normalDay
2022-12-05,8121.0,-2529.0,0.0,100,399.59,415.0,0,0.0,0.0,,0.0,1,9.48,19.36,SPY230929C00435000,435.0,normalDay
2022-12-06,8121.0,-2860.0,0.0,100,393.83,415.0,0,0.0,0.0,,0.0,1,9.48,16.91,SPY230929C00435000,435.0,normalDay
2022-12-07,8121.0,-2927.0,0.0,100,393.16,415.0,0,0.0,0.0,,0.0,1,9.48,16.91,SPY230929C00435000,435.0,normalDay
2022-12-08,8121.0,-2727.0,0.0,100,396.24,415.0,0,0.0,0.0,,0.0,1,9.48,17.99,SPY230929C00435000,435.0,normalDay
2022-12-09,8121.0,-2918.0,0.0,100,393.28,415.0,0,0.0,0.0,,0.0,1,9.48,16.94,SPY230929C00435000,435.0,normalDay
2022-12-12,8121.0,-2596.0,0.0,100,398.95,415.0,0,0.0,0.0,,0.0,1,9.48,19.39,SPY230929C00435000,435.0,normalDay
2022-12-13,8121.0,-2381.0,0.0,100,401.97,415.0,0,0.0,0.0,,0.0,1,9.48,20.26,SPY230929C00435000,435.0,normalDay
2022-12-14,8121.0,-2545.0,0.0,100,399.4,415.0,0,0.0,0.0,,0.0,1,9.48,19.33,SPY230929C00435000,435.0,normalDay
2022-12-15,8121.0,-3078.0,0.0,100,389.63,415.0,0,0.0,0.0,,0.0,1,9.48,14.89,SPY230929C00435000,435.0,normalDay
2022-12-16,8121.0,-3534.0,0.0,100,383.27,415.0,0,0.0,0.0,,0.0,1,9.48,13.09,SPY230929C00435000,435.0,normalDay
2022-12-19,8121.0,-3720.0,0.0,100,380.02,415.0,0,0.0,0.0,,0.0,1,9.48,11.7,SPY230929C00435000,435.0,normalDay
2022-12-20,8121.0,-3653.0,0.0,100,380.54,415.0,0,0.0,0.0,,0.0,1,9.48,11.55,SPY230929C00435000,435.0,normalDay
2022-12-21,8121.0,-3232.0,0.0,100,386.23,415.0,0,0.0,0.0,,0.0,1,9.48,13.03,SPY230929C00435000,435.0,normalDay
2022-12-22,8121.0,-3621.0,0.0,100,380.72,415.0,0,0.0,0.0,,0.0,1,9.48,11.41,SPY230929C00435000,435.0,normalDay
2022-12-23,8121.0,-3442.0,0.0,100,382.91,415.0,0,0.0,0.0,,0.0,1,9.48,11.81,SPY230929C00435000,435.0,normalDay
2022-12-27,8121.0,-3545.0,0.0,100,381.4,415.0,0,0.0,0.0,,0.0,1,9.48,11.33,SPY230929C00435000,435.0,normalDay
2022-12-28,8121.0,-3861.0,0.0,100,376.66,415.0,0,0.0,0.0,,0.0,1,9.48,9.75,SPY230929C00435000,435.0,normalDay
2022-12-29,8121.0,-3356.0,0.0,100,383.44,415.0,0,0.0,0.0,,0.0,1,9.48,11.48,SPY230929C00435000,435.0,normalDay
2022-12-30,8121.0,-3443.0,0.0,100,382.43,415.0,0,0.0,0.0,,0.0,1,9.48,11.34,SPY230929C00435000,435.0,normalDay
2023-01-03,8121.0,-3490.0,0.0,100,380.82,415.0,0,0.0,0.0,,0.0,1,9.48,10.2,SPY230929C00435000,435.0,normalDay
2023-01-04,8121.0,-3260.0,0.0,100,383.76,415.0,0,0.0,0.0,,0.0,1,9.48,10.84,SPY230929C00435000,435.0,normalDay
2023-01-05,8121.0,-3540.0,0.0,100,379.38,415.0,0,0.0,0.0,,0.0,1,9.48,9.26,SPY230929C00435000,435.0,normalDay
2023-01-06,8121.0,-2895.0,0.0,100,388.08,415.0,0,0.0,0.0,,0.0,1,9.48,11.51,SPY230929C00435000,435.0,normalDay
2023-01-09,8121.0,-2893.0,0.0,100,387.86,415.0,0,0.0,0.0,,0.0,1,9.48,11.27,SPY230929C00435000,435.0,normalDay
2023-01-10,8121.0,-2653.0,0.0,100,390.58,415.0,0,0.0,0.0,,0.0,1,9.48,11.59,SPY230929C00435000,435.0,normalDay
2023-01-11,8121.0,-2363.0,0.0,100,395.52,415.0,0,0.0,0.0,,0.0,1,9.48,13.63,SPY230929C00435000,435.0,normalDay
2023-01-12,8121.0,-2164.0,0.0,100,396.96,415.0,0,0.0,0.0,,0.0,1,9.48,13.08,SPY230929C00435000,435.0,normalDay
2023-01-13,8121.0,-2001.0,0.0,100,398.5,415.0,0,0.0,0.0,,0.0,1,9.48,12.99,SPY230929C00435000,435.0,normalDay
2023-01-17,8121.0,-2018.0,0.0,100,397.77,415.0,0,0.0,0.0,,0.0,1,9.48,12.43,SPY230929C00435000,435.0,normalDay
2023-01-18,8121.0,-2393.0,0.0,100,391.49,415.0,0,0.0,0.0,,0.0,1,9.48,9.9,SPY230929C00435000,435.0,normalDay
2023-01-19,8121.0,-2556.0,0.0,100,388.64,415.0,0,0.0,0.0,,0.0,1,9.48,8.68,SPY230929C00435000,435.0,normalDay
2023-01-20,8121.0,-2048.0,0.0,100,395.88,415.0,0,0.0,0.0,,0.0,1,9.48,10.84,SPY230929C00435000,435.0,normalDay
2023-01-23,8121.0,-1722.0,0.0,100,400.63,415.0,0,0.0,0.0,,0.0,1,9.48,12.33,SPY230929C00435000,435.0,normalDay
2023-01-24,8121.0,-1784.0,0.0,100,400.2,415.0,0,0.0,0.0,,0.0,1,9.48,12.52,SPY230929C00435000,435.0,normalDay
2023-01-25,8121.0,-1639.0,0.0,100,400.35,415.0,0,0.0,0.0,,0.0,1,9.48,11.22,SPY230929C00435000,435.0,normalDay
2023-01-26,8121.0,-1376.0,0.0,100,404.75,415.0,0,0.0,0.0,,0.0,1,9.48,12.99,SPY230929C00435000,435.0,normalDay
2023-01-27,8121.0,-1325.0,0.0,100,405.68,415.0,0,0.0,0.0,,0.0,1,9.48,13.41,SPY230929C00435000,435.0,normalDay
2023-01-30,8121.0,-1648.0,0.0,100,400.59,415.0,0,0.0,0.0,,0.0,1,9.48,11.55,SPY230929C00435000,435.0,normalDay
2023-01-31,8121.0,-1254.0,0.0,100,406.48,415.0,0,0.0,0.0,,0.0,1,9.48,13.5,SPY230929C00435000,435.0,normalDay
2023-02-01,8121.0,-1056.0,0.0,100,410.8,415.0,0,0.0,0.0,,0.0,1,9.48,15.84,SPY230929C00435000,435.0,normalDay
2023-02-02,8121.0,-679.0,0.0,100,416.78,415.0,0,0.0,0.0,,0.0,1,9.48,18.05,SPY230929C00435000,435.0,normalDay
2023-02-03,8121.0,-954.0,0.0,100,412.35,415.0,0,0.0,0.0,,0.0,1,9.48,16.37,SPY230929C00435000,435.0,normalDay
2023-02-06,8121.0,-1107.0,0.0,100,409.83,415.0,0,0.0,0.0,,0.0,1,9.48,15.38,SPY230929C00435000,435.0,normalDay
2023-02-07,8121.0,-759.0,0.0,100,415.19,415.0,0,0.0,0.0,,0.0,1,9.48,17.26,SPY230929C00435000,435.0,normalDay
2023-02-08,8121.0,-1077.0,0.0,100,410.65,415.0,0,0.0,0.0,,0.0,1,9.48,15.9,SPY230929C00435000,435.0,normalDay
2023-02-09,8121.0,-1297.0,0.0,100,407.09,415.0,0,0.0,0.0,,0.0,1,9.48,14.54,SPY230929C00435000,435.0,normalDay
2023-02-10,8121.0,-1247.0,0.0,100,408.04,415.0,0,0.0,0.0,,0.0,1,9.48,14.99,SPY230929C00435000,435.0,normalDay
2023-02-13,8121.0,-976.0,0.0,100,412.83,415.0,0,0.0,0.0,,0.0,1,9.48,17.07,SPY230929C00435000,435.0,normalDay
2023-02-14,8121.0,-903.0,0.0,100,412.64,415.0,0,0.0,0.0,,0.0,1,9.48,16.15,SPY230929C00435000,435.0,normalDay
2023-02-15,8121.0,-826.0,0.0,100,413.98,415.0,0,0.0,0.0,,0.0,1,9.48,16.72,SPY230929C00435000,435.0,normalDay
2023-02-16,8121.0,-1148.0,0.0,100,408.28,415.0,0,0.0,0.0,,0.0,1,9.48,14.24,SPY230929C00435000,435.0,normalDay
2023-02-17,8121.0,-1196.0,0.0,100,407.26,415.0,0,0.0,0.0,,0.0,1,9.48,13.7,SPY230929C00435000,435.0,normalDay
2023-02-21,8121.0,-1726.0,0.0,100,399.09,415.0,0,0.0,0.0,,0.0,1,9.48,10.83,SPY230929C00435000,435.0,normalDay
2023-02-22,8121.0,-1724.0,0.0,100,398.54,415.0,0,0.0,0.0,,0.0,1,9.48,10.26,SPY230929C00435000,435.0,normalDay
2023-02-23,8121.0,-1523.0,0.0,100,400.66,415.0,0,0.0,0.0,,0.0,1,9.48,10.37,SPY230929C00435000,435.0,normalDay
2023-02-24,8121.0,-1832.0,0.0,100,396.38,415.0,0,0.0,0.0,,0.0,1,9.48,9.18,SPY230929C00435000,435.0,normalDay
2023-02-27,8121.0,-1705.0,0.0,100,397.73,415.0,0,0.0,0.0,,0.0,1,9.48,9.26,SPY230929C00435000,435.0,normalDay
2023-02-28,8121.0,-1748.0,0.0,100,396.26,415.0,0,0.0,0.0,,0.0,1,9.48,8.22,SPY230929C00435000,435.0,normalDay
2023-03-01,8121.0,-1874.0,0.0,100,394.74,415.0,0,0.0,0.0,,0.0,1,9.48,7.96,SPY230929C00435000,435.0,normalDay
2023-03-02,8121.0,-1648.0,0.0,100,397.81,415.0,0,0.0,0.0,,0.0,1,9.48,8.77,SPY230929C00435000,435.0,normalDay
2023-03-03,8121.0,-1247.0,0.0,100,404.19,415.0,0,0.0,0.0,,0.0,1,9.48,11.14,SPY230929C00435000,435.0,normalDay
2023-03-06,8121.0,-1205.0,0.0,100,404.47,415.0,0,0.0,0.0,,0.0,1,9.48,11.0,SPY230929C00435000,435.0,normalDay
2023-03-07,8121.0,-1606.0,0.0,100,398.27,415.0,0,0.0,0.0,,0.0,1,9.48,8.81,SPY230929C00435000,435.0,normalDay
2023-03-08,8121.0,-1532.0,0.0,100,398.92,415.0,0,0.0,0.0,,0.0,1,9.48,8.72,SPY230929C00435000,435.0,normalDay
2023-03-09,8121.0,-2094.0,0.0,100,391.56,415.0,0,0.0,0.0,,0.0,1,9.48,6.98,SPY230929C00435000,435.0,normalDay
2023-03-10,8121.0,-2514.0,0.0,100,385.91,415.0,0,0.0,0.0,,0.0,1,9.48,5.53,SPY230929C00435000,435.0,normalDay
2023-03-13,8121.0,-2572.0,0.0,100,385.36,415.0,0,0.0,0.0,,0.0,1,9.48,5.56,SPY230929C00435000,435.0,normalDay
2023-03-14,8121.0,-2036.0,0.0,100,391.73,415.0,0,0.0,0.0,,0.0,1,9.48,6.57,SPY230929C00435000,435.0,normalDay
2023-03-15,8121.0,-2268.0,0.0,100,389.28,415.0,0,0.0,0.0,,0.0,1,9.48,6.44,SPY230929C00435000,435.0,normalDay
2023-03-16,8121.0,-1741.0,0.0,100,396.11,415.0,0,0.0,0.0,,0.0,1,9.48,8.0,SPY230929C00435000,435.0,normalDay
2023-03-17,8121.0,-2303.0,0.0,100,389.99,415.0,0,0.0,0.0,,0.0,1,9.48,7.5,SPY230929C00435000,435.0,normalDay
2023-03-20,8121.0,-1956.0,0.0,100,393.74,415.0,0,0.0,0.0,,0.0,1,9.48,7.78,SPY230929C00435000,435.0,normalDay
2023-03-21,8121.0,-1551.0,0.0,100,398.91,415.0,0,0.0,0.0,,0.0,1,9.48,8.9,SPY230929C00435000,435.0,normalDay
2023-03-22,8121.0,-2020.0,0.0,100,392.11,415.0,0,0.0,0.0,,0.0,1,9.48,6.79,SPY230929C00435000,435.0,normalDay
2023-03-23,8121.0,-1969.0,0.0,100,393.17,415.0,0,0.0,0.0,,0.0,1,9.48,7.34,SPY230929C00435000,435.0,normalDay
2023-03-24,8121.0,-1746.0,0.0,100,395.75,415.0,0,0.0,0.0,,0.0,1,9.48,7.69,SPY230929C00435000,435.0,normalDay
2023-03-27,8121.0,-1637.0,0.0,100,396.49,415.0,0,0.0,0.0,,0.0,1,9.48,7.34,SPY230929C00435000,435.0,normalDay
2023-03-28,8121.0,-1702.0,0.0,100,395.6,415.0,0,0.0,0.0,,0.0,1,9.48,7.1,SPY230929C00435000,435.0,normalDay
2023-03-29,8121.0,-1280.0,0.0,100,401.35,415.0,0,0.0,0.0,,0.0,1,9.48,8.63,SPY230929C00435000,435.0,normalDay
2023-03-30,8121.0,-1132.0,0.0,100,403.7,415.0,0,0.0,0.0,,0.0,1,9.48,9.5,SPY230929C00435000,435.0,normalDay
2023-03-31,8121.0,-778.0,0.0,100,409.39,415.0,0,0.0,0.0,,0.0,1,9.48,11.65,SPY230929C00435000,435.0,normalDay
2023-04-03,8121.0,-639.0,0.0,100,410.95,415.0,0,0.0,0.0,,0.0,1,9.48,11.82,SPY230929C00435000,435.0,normalDay
2023-04-04,8121.0,-765.0,0.0,100,408.67,415.0,0,0.0,0.0,,0.0,1,9.48,10.8,SPY230929C00435000,435.0,normalDay
2023-04-05,8121.0,-826.0,0.0,100,407.6,415.0,0,0.0,0.0,,0.0,1,9.48,10.34,SPY230929C00435000,435.0,normalDay
2023-04-06,8121.0,-702.0,0.0,100,409.19,415.0,0,0.0,0.0,,0.0,1,9.48,10.69,SPY230929C00435000,435.0,normalDay
2023-04-10,8121.0,-678.0,0.0,100,409.61,415.0,0,0.0,0.0,,0.0,1,9.48,10.87,SPY230929C00435000,435.0,normalDay
2023-04-11,8121.0,-653.0,0.0,100,409.72,415.0,0,0.0,0.0,,0.0,1,9.48,10.73,SPY230929C00435000,435.0,normalDay
2023-04-12,8121.0,-715.0,0.0,100,408.05,415.0,0,0.0,0.0,,0.0,1,9.48,9.68,SPY230929C00435000,435.0,normalDay
2023-04-13,8121.0,-376.0,0.0,100,413.47,415.0,0,0.0,0.0,,0.0,1,9.48,11.71,SPY230929C00435000,435.0,normalDay
2023-04-14,8121.0,-412.0,0.0,100,412.46,415.0,0,0.0,0.0,,0.0,1,9.48,11.06,SPY230929C00435000,435.0,normalDay
2023-04-17,8121.0,-273.0,0.0,100,413.94,415.0,0,0.0,0.0,,0.0,1,9.48,11.15,SPY230929C00435000,435.0,normalDay
2023-04-18,8121.0,-226.0,0.0,100,414.21,415.0,0,0.0,0.0,,0.0,1,9.48,10.95,SPY230929C00435000,435.0,normalDay
2023-04-19,8121.0,-217.0,0.0,100,414.14,415.0,0,0.0,0.0,,0.0,1,9.48,10.79,SPY230929C00435000,435.0,normalDay
2023-04-20,8121.0,-357.0,0.0,100,411.88,415.0,0,0.0,0.0,,0.0,1,9.48,9.93,SPY230929C00435000,435.0,normalDay
2023-04-21,8121.0,-309.0,0.0,100,412.2,415.0,0,0.0,0.0,,0.0,1,9.48,9.77,SPY230929C00435000,435.0,normalDay
2023-04-24,8121.0,-269.0,0.0,100,412.63,415.0,0,0.0,0.0,,0.0,1,9.48,9.8,SPY230929C00435000,435.0,normalDay
2023-04-25,8121.0,-758.0,0.0,100,406.08,415.0,0,0.0,0.0,,0.0,1,9.48,8.14,SPY230929C00435000,435.0,normalDay
2023-04-26,8121.0,-811.0,0.0,100,404.36,415.0,0,0.0,0.0,,0.0,1,9.48,6.95,SPY230929C00435000,435.0,normalDay
2023-04-27,8121.0,-287.0,0.0,100,412.41,415.0,0,0.0,0.0,,0.0,1,9.48,9.76,SPY230929C00435000,435.0,normalDay
2023-04-28,8121.0,-24.0,0.0,100,415.93,415.0,0,0.0,0.0,,0.0,1,9.48,10.65,SPY230929C00435000,435.0,normalDay
2023-05-01,8121.0,-16.0,0.0,100,415.51,415.0,0,0.0,0.0,,0.0,1,9.48,10.15,SPY230929C00435000,435.0,normalDay
2023-05-02,8121.0,-316.0,0.0,100,410.84,415.0,0,0.0,0.0,,0.0,1,9.48,8.48,SPY230929C00435000,435.0,normalDay
2023-05-03,8121.0,-518.0,0.0,100,408.02,415.0,0,0.0,0.0,,0.0,1,9.48,7.68,SPY230929C00435000,435.0,normalDay
2023-05-04,8121.0,-706.0,0.0,100,405.13,415.0,0,0.0,0.0,,0.0,1,9.48,6.67,SPY230929C00435000,435.0,normalDay
2023-05-05,8121.0,-161.0,0.0,100,412.63,415.0,0,0.0,0.0,,0.0,1,9.48,8.72,SPY230929C00435000,435.0,normalDay
2023-05-08,8121.0,-133.0,0.0,100,412.74,415.0,0,0.0,0.0,,0.0,1,9.48,8.55,SPY230929C00435000,435.0,normalDay
2023-05-09,8121.0,-263.0,0.0,100,410.93,415.0,0,0.0,0.0,,0.0,1,9.48,8.04,SPY230929C00435000,435.0,normalDay
2023-05-10,8121.0,-105.0,0.0,100,412.85,415.0,0,0.0,0.0,,0.0,1,9.48,8.38,SPY230929C00435000,435.0,normalDay
2023-05-11,8121.0,-104.0,0.0,100,412.13,415.0,0,0.0,0.0,,0.0,1,9.48,7.65,SPY230929C00435000,435.0,normalDay
2023-05-12,8121.0,-116.0,0.0,100,411.59,415.0,0,0.0,0.0,,0.0,1,9.48,7.23,SPY230929C00435000,435.0,normalDay
2023-05-15,8121.0,9.0,0.0,100,413.01,415.0,0,0.0,0.0,,0.0,1,9.48,7.4,SPY230929C00435000,435.0,normalDay
2023-05-16,8121.0,-180.0,0.0,100,410.25,415.0,0,0.0,0.0,,0.0,1,9.48,6.53,SPY230929C00435000,435.0,normalDay
2023-05-17,8121.0,174.0,0.0,100,415.23,415.0,0,0.0,0.0,,0.0,1,9.48,7.97,SPY230929C00435000,435.0,normalDay
2023-05-18,8121.0,419.0,0.0,100,419.23,415.0,0,0.0,0.0,,0.0,1,9.48,9.52,SPY230929C00435000,435.0,normalDay
2023-05-19,8121.0,377.0,0.0,100,418.62,415.0,0,0.0,0.0,,0.0,1,9.48,9.33,SPY230929C00435000,435.0,normalDay
2023-05-22,8121.0,387.0,0.0,100,418.79,415.0,0,0.0,0.0,,0.0,1,9.48,9.4,SPY230929C00435000,435.0,normalDay
2023-05-23,8121.0,110.0,0.0,100,414.09,415.0,0,0.0,0.0,,0.0,1,9.48,7.47,SPY230929C00435000,435.0,normalDay
2023-05-24,8121.0,-98.0,0.0,100,411.09,415.0,0,0.0,0.0,,0.0,1,9.48,6.55,SPY230929C00435000,435.0,normalDay
2023-05-25,8121.0,166.0,0.0,100,414.65,415.0,0,0.0,0.0,,0.0,1,9.48,7.47,SPY230929C00435000,435.0,normalDay
2023-05-26,8121.0,482.0,0.0,100,420.02,415.0,0,0.0,0.0,,0.0,1,9.48,9.68,SPY230929C00435000,435.0,normalDay
2023-05-30,8121.0,529.0,0.0,100,420.18,415.0,0,0.0,0.0,,0.0,1,9.48,9.37,SPY230929C00435000,435.0,normalDay
2023-05-31,8121.0,436.0,0.0,100,417.85,415.0,0,0.0,0.0,,0.0,1,9.48,7.97,SPY230929C00435000,435.0,normalDay
2023-06-01,8121.0,703.0,0.0,100,421.82,415.0,0,0.0,0.0,,0.0,1,9.48,9.27,SPY230929C00435000,435.0,normalDay
2023-06-02,8121.0,1031.0,0.0,100,427.92,415.0,0,0.0,0.0,,0.0,1,9.48,12.09,SPY230929C00435000,435.0,normalDay
2023-06-05,8121.0,1017.0,0.0,100,427.1,415.0,0,0.0,0.0,,0.0,1,9.48,11.41,SPY230929C00435000,435.0,normalDay
2023-06-06,8121.0,1106.0,0.0,100,428.03,415.0,0,0.0,0.0,,0.0,1,9.48,11.45,SPY230929C00435000,435.0,normalDay
2023-06-07,8121.0,1068.0,0.0,100,426.55,415.0,0,0.0,0.0,,0.0,1,9.48,10.35,SPY230929C00435000,435.0,normalDay
2023-06-08,8121.0,1229.0,0.0,100,429.13,415.0,0,0.0,0.0,,0.0,1,9.48,11.32,SPY230929C00435000,435.0,normalDay
2023-06-09,8121.0,1232.0,0.0,100,429.9,415.0,0,0.0,0.0,,0.0,1,9.48,12.06,SPY230929C00435000,435.0,normalDay
2023-06-12,8121.0,1404.0,0.0,100,433.8,415.0,0,0.0,0.0,,0.0,1,9.48,14.24,SPY230929C00435000,435.0,normalDay
2023-06-13,8121.0,1490.0,0.0,100,436.66,415.0,0,0.0,0.0,,0.0,1,9.48,16.24,SPY230929C00435000,435.0,normalDay
2023-06-14,8121.0,1507.0,0.0,100,437.18,415.0,0,0.0,0.0,,0.0,1,9.48,16.59,SPY230929C00435000,435.0,normalDay
2023-06-15,8121.0,1713.0,0.0,100,442.6,415.0,0,0.0,0.0,,0.0,1,9.48,19.95,SPY230929C00435000,435.0,normalDay
2023-06-16,8121.0,1467.0,0.0,100,439.46,415.0,0,0.0,0.0,,0.0,1,9.48,19.27,SPY230929C00435000,435.0,normalDay
2023-06-20,8121.0,1458.0,0.0,100,437.18,415.0,0,0.0,0.0,,0.0,1,9.48,17.08,SPY230929C00435000,435.0,normalDay
2023-06-21,8121.0,1392.0,0.0,100,434.94,415.0,0,0.0,0.0,,0.0,1,9.48,15.5,SPY230929C00435000,435.0,normalDay
2023-06-22,8121.0,1518.0,0.0,100,436.51,415.0,0,0.0,0.0,,0.0,1,9.48,15.81,SPY230929C00435000,435.0,normalDay
2023-06-23,8121.0,1380.0,0.0,100,433.21,415.0,0,0.0,0.0,,0.0,1,9.48,13.89,SPY230929C00435000,435.0,normalDay
2023-06-26,8121.0,1347.0,0.0,100,431.44,415.0,0,0.0,0.0,,0.0,1,9.48,12.45,SPY230929C00435000,435.0,normalDay
2023-06-27,8121.0,1568.0,0.0,100,436.17,415.0,0,0.0,0.0,,0.0,1,9.48,14.97,SPY230929C00435000,435.0,normalDay
2023-06-28,8121.0,1571.0,0.0,100,436.39,415.0,0,0.0,0.0,,0.0,1,9.48,15.16,SPY230929C00435000,435.0,normalDay
2023-06-29,8121.0,1645.0,0.0,100,438.11,415.0,0,0.0,0.0,,0.0,1,9.48,16.14,SPY230929C00435000,435.0,normalDay
2023-06-30,8121.0,1788.0,0.0,100,443.28,415.0,0,0.0,0.0,,0.0,1,9.48,19.88,SPY230929C00435000,435.0,normalDay
2023-07-03,8121.0,1822.0,0.0,100,443.79,415.0,0,0.0,0.0,,0.0,1,9.48,20.05,SPY230929C00435000,435.0,normalDay
2023-07-05,8121.0,1798.0,0.0,100,443.13,415.0,0,0.0,0.0,,0.0,1,9.48,19.63,SPY230929C00435000,435.0,normalDay
2023-07-06,8121.0,1676.0,0.0,100,439.66,415.0,0,0.0,0.0,,0.0,1,9.48,17.38,SPY230929C00435000,435.0,normalDay
2023-07-07,8121.0,1649.0,0.0,100,438.55,415.0,0,0.0,0.0,,0.0,1,9.48,16.54,SPY230929C00435000,435.0,normalDay
2023-07-10,8121.0,1716.0,0.0,100,439.66,415.0,0,0.0,0.0,,0.0,1,9.48,16.98,SPY230929C00435000,435.0,normalDay
2023-07-11,8121.0,1855.0,0.0,100,442.46,415.0,0,0.0,0.0,,0.0,1,9.48,18.39,SPY230929C00435000,435.0,normalDay
2023-07-12,8121.0,1954.0,0.0,100,446.02,415.0,0,0.0,0.0,,0.0,1,9.48,20.96,SPY230929C00435000,435.0,normalDay
2023-07-13,8121.0,2057.0,0.0,100,449.56,415.0,0,0.0,0.0,,0.0,1,9.48,23.47,SPY230929C00435000,435.0,normalDay
2023-07-14,8121.0,2084.0,0.0,100,449.28,415.0,0,0.0,0.0,,0.0,1,9.48,22.92,SPY230929C00435000,435.0,normalDay
2023-07-17,8121.0,2134.0,0.0,100,450.84,415.0,0,0.0,0.0,,0.0,1,9.48,23.98,SPY230929C00435000,435.0,normalDay
2023-07-18,8121.0,2182.0,0.0,100,454.19,415.0,0,0.0,0.0,,0.0,1,9.48,26.85,SPY230929C00435000,435.0,normalDay
2023-07-19,8121.0,2177.0,0.0,100,455.2,415.0,0,0.0,0.0,,0.0,1,9.48,27.91,SPY230929C00435000,435.0,normalDay
2023-07-20,8121.0,2119.0,0.0,100,452.18,415.0,0,0.0,0.0,,0.0,1,9.48,25.47,SPY230929C00435000,435.0,normalDay
2023-07-21,8121.0,2170.0,0.0,100,452.18,415.0,0,0.0,0.0,,0.0,1,9.48,24.96,SPY230929C00435000,435.0,normalDay
2023-07-24,8121.0,2206.0,0.0,100,454.2,415.0,0,0.0,0.0,,0.0,1,9.48,26.62,SPY230929C00435000,435.0,normalDay
2023-07-25,8121.0,2181.0,0.0,100,455.44,415.0,0,0.0,0.0,,0.0,1,9.48,28.11,SPY230929C00435000,435.0,normalDay
2023-07-26,8121.0,2185.0,0.0,100,455.51,415.0,0,0.0,0.0,,0.0,1,9.48,28.14,SPY230929C00435000,435.0,normalDay
2023-07-27,8121.0,2181.0,0.0,100,452.49,415.0,0,0.0,0.0,,0.0,1,9.48,25.16,SPY230929C00435000,435.0,normalDay
2023-07-28,8121.0,2314.0,0.0,100,456.92,415.0,0,0.0,0.0,,0.0,1,9.48,28.26,SPY230929C00435000,435.0,normalDay
2023-07-31,8121.0,2338.0,0.0,100,457.79,415.0,0,0.0,0.0,,0.0,1,9.48,28.89,SPY230929C00435000,435.0,normalDay
2023-08-01,8121.0,2347.0,0.0,100,456.48,415.0,0,0.0,0.0,,0.0,1,9.48,27.49,SPY230929C00435000,435.0,normalDay
2023-08-02,8121.0,2174.0,0.0,100,450.13,415.0,0,0.0,0.0,,0.0,1,9.48,22.87,SPY230929C00435000,435.0,normalDay
2023-08-03,8121.0,2092.0,0.0,100,448.84,415.0,0,0.0,0.0,,0.0,1,9.48,22.4,SPY230929C00435000,435.0,normalDay
2023-08-04,8121.0,2132.0,0.0,100,446.81,415.0,0,0.0,0.0,,0.0,1,9.48,19.97,SPY230929C00435000,435.0,normalDay
2023-08-07,8121.0,2256.0,0.0,100,450.71,415.0,0,0.0,0.0,,0.0,1,9.48,22.63,SPY230929C00435000,435.0,normalDay
2023-08-08,8121.0,2241.0,0.0,100,448.75,415.0,0,0.0,0.0,,0.0,1,9.48,20.82,SPY230929C00435000,435.0,normalDay
2023-08-09,8121.0,2151.0,0.0,100,445.75,415.0,0,0.0,0.0,,0.0,1,9.48,18.72,SPY230929C00435000,435.0,normalDay
2023-08-10,8121.0,2231.0,0.0,100,445.91,415.0,0,0.0,0.0,,0.0,1,9.48,18.08,SPY230929C00435000,435.0,normalDay
2023-08-11,8121.0,2245.0,0.0,100,445.65,415.0,0,0.0,0.0,,0.0,1,9.48,17.68,SPY230929C00435000,435.0,normalDay
2023-08-14,8121.0,2345.0,0.0,100,448.11,415.0,0,0.0,0.0,,0.0,1,9.48,19.14,SPY230929C00435000,435.0,normalDay
2023-08-15,8121.0,2198.0,0.0,100,442.89,415.0,0,0.0,0.0,,0.0,1,9.48,15.39,SPY230929C00435000,435.0,normalDay
2023-08-16,8121.0,2086.0,0.0,100,439.64,415.0,0,0.0,0.0,,0.0,1,9.48,13.26,SPY230929C00435000,435.0,normalDay
2023-08-17,8121.0,1984.0,0.0,100,436.29,415.0,0,0.0,0.0,,0.0,1,9.48,10.93,SPY230929C00435000,435.0,normalDay
2023-08-18,8121.0,2032.0,0.0,100,436.5,415.0,0,0.0,0.0,,0.0,1,9.48,10.66,SPY230929C00435000,435.0,normalDay
2023-08-21,8121.0,2209.0,0.0,100,439.34,415.0,0,0.0,0.0,,0.0,1,9.48,11.73,SPY230929C00435000,435.0,normalDay
2023-08-22,8121.0,2170.0,0.0,100,438.15,415.0,0,0.0,0.0,,0.0,1,9.48,10.93,SPY230929C00435000,435.0,normalDay
2023-08-23,8121.0,2360.0,0.0,100,443.03,415.0,0,0.0,0.0,,0.0,1,9.48,13.91,SPY230929C00435000,435.0,normalDay
2023-08-24,8121.0,2155.0,0.0,100,436.89,415.0,0,0.0,0.0,,0.0,1,9.48,9.82,SPY230929C00435000,435.0,normalDay
2023-08-25,8121.0,2328.0,0.0,100,439.97,415.0,0,0.0,0.0,,0.0,1,9.48,11.17,SPY230929C00435000,435.0,normalDay
2023-08-28,8121.0,2451.0,0.0,100,442.76,415.0,0,0.0,0.0,,0.0,1,9.48,12.73,SPY230929C00435000,435.0,normalDay
2023-08-29,8121.0,2599.0,0.0,100,449.16,415.0,0,0.0,0.0,,0.0,1,9.48,17.65,SPY230929C00435000,435.0,normalDay
2023-08-30,8121.0,2661.0,0.0,100,451.01,415.0,0,0.0,0.0,,0.0,1,9.48,18.88,SPY230929C00435000,435.0,normalDay
2023-08-31,8121.0,2662.0,0.0,100,450.35,415.0,0,0.0,0.0,,0.0,1,9.48,18.21,SPY230929C00435000,435.0,normalDay
2023-09-01,8121.0,2756.0,0.0,100,451.19,415.0,0,0.0,0.0,,0.0,1,9.48,18.11,SPY230929C00435000,435.0,normalDay
2023-09-05,8121.0,2726.0,0.0,100,449.24,415.0,0,0.0,0.0,,0.0,1,9.48,16.46,SPY230929C00435000,435.0,normalDay
2023-09-06,8121.0,2707.0,0.0,100,446.22,415.0,0,0.0,0.0,,0.0,1,9.48,13.63,SPY230929C00435000,435.0,normalDay
2023-09-07,8121.0,2699.0,0.0,100,444.85,415.0,0,0.0,0.0,,0.0,1,9.48,12.34,SPY230929C00435000,435.0,normalDay
2023-09-08,8121.0,2717.0,0.0,100,445.52,415.0,0,0.0,0.0,,0.0,1,9.48,12.83,SPY230929C00435000,435.0,normalDay
2023-09-11,8121.0,2807.0,0.0,100,448.45,415.0,0,0.0,0.0,,0.0,1,9.48,14.86,SPY230929C00435000,435.0,normalDay
2023-09-12,8121.0,2776.0,0.0,100,445.99,415.0,0,0.0,0.0,,0.0,1,9.48,12.71,SPY230929C00435000,435.0,normalDay
2023-09-13,8121.0,2817.0,0.0,100,446.51,415.0,0,0.0,0.0,,0.0,1,9.48,12.82,SPY230929C00435000,435.0,normalDay
2023-09-14,8121.0,2902.0,0.0,100,450.36,415.0,0,0.0,0.0,,0.0,1,9.48,15.82,SPY230929C00435000,435.0,normalDay
2023-09-15,8121.0,2721.0,0.0,100,443.37,415.0,0,0.0,0.0,,0.0,1,9.48,10.64,SPY230929C00435000,435.0,normalDay
2023-09-18,8121.0,2737.0,0.0,100,443.63,415.0,0,0.0,0.0,,0.0,1,9.48,10.74,SPY230929C00435000,435.0,normalDay
2023-09-19,8121.0,2730.0,0.0,100,442.71,415.0,0,0.0,0.0,,0.0,1,9.48,9.89,SPY230929C00435000,435.0,normalDay
2023-09-20,8121.0,2686.0,0.0,100,438.64,415.0,0,0.0,0.0,,0.0,1,9.48,6.26,SPY230929C00435000,435.0,normalDay
2023-09-21,8121.0,2341.0,0.0,100,431.39,415.0,0,0.0,0.0,,0.0,1,9.48,2.46,SPY230929C00435000,435.0,normalDay
2023-09-22,8121.0,2322.0,0.0,100,430.42,415.0,0,0.0,0.0,,0.0,1,9.48,1.68,SPY230929C00435000,435.0,normalDay
2023-09-25,8121.0,2486.0,0.0,100,432.23,415.0,0,0.0,0.0,,0.0,1,9.48,1.85,SPY230929C00435000,435.0,normalDay
2023-09-26,8121.0,2003.0,0.0,100,425.88,415.0,0,0.0,0.0,,0.0,1,9.48,0.33,SPY230929C00435000,435.0,normalDay
2023-09-27,8121.0,2033.0,0.0,100,426.05,415.0,0,0.0,0.0,,0.0,1,9.48,0.2,SPY230929C00435000,435.0,normalDay
2023-09-28,8121.0,2288.0,0.0,100,428.52,415.0,0,0.0,0.0,,0.0,1,9.48,0.12,SPY230929C00435000,435.0,normalDay
2023-09-29,9069.0,1248.0,948.0,100,427.48,415.0,0,0.0,0.0,,0.0,1,9.48,0.0,SPY230929C00435000,435.0,expirationDay
2023-10-02,9069.0,1120.0,0.0,100,427.31,415.0,0,0.0,0.0,,0.0,1,17.26,18.37,SPY240930C00467000,467.0,normalDay
2023-10-03,9069.0,721.0,0.0,100,421.59,415.0,0,0.0,0.0,,0.0,1,17.26,16.64,SPY240930C00467000,467.0,normalDay
2023-10-04,9069.0,955.0,0.0,100,424.66,415.0,0,0.0,0.0,,0.0,1,17.26,17.37,SPY240930C00467000,467.0,normalDay
2023-10-05,9069.0,962.0,0.0,100,424.5,415.0,0,0.0,0.0,,0.0,1,17.26,17.14,SPY240930C00467000,467.0,normalDay
2023-10-06,9069.0,1230.0,0.0,100,429.54,415.0,0,0.0,0.0,,0.0,1,17.26,19.5,SPY240930C00467000,467.0,normalDay
2023-10-09,9069.0,1419.0,0.0,100,432.29,415.0,0,0.0,0.0,,0.0,1,17.26,20.36,SPY240930C00467000,467.0,normalDay
2023-10-10,9069.0,1574.0,0.0,100,434.54,415.0,0,0.0,0.0,,0.0,1,17.26,21.06,SPY240930C00467000,467.0,normalDay
2023-10-11,9069.0,1661.0,0.0,100,436.32,415.0,0,0.0,0.0,,0.0,1,17.26,21.97,SPY240930C00467000,467.0,normalDay
2023-10-12,9069.0,1541.0,0.0,100,433.66,415.0,0,0.0,0.0,,0.0,1,17.26,20.51,SPY240930C00467000,467.0,normalDay
2023-10-13,9069.0,1407.0,0.0,100,431.5,415.0,0,0.0,0.0,,0.0,1,17.26,19.69,SPY240930C00467000,467.0,normalDay
2023-10-16,9069.0,1697.0,0.0,100,436.04,415.0,0,0.0,0.0,,0.0,1,17.26,21.33,SPY240930C00467000,467.0,normalDay
2023-10-17,9069.0,1729.0,0.0,100,436.02,415.0,0,0.0,0.0,,0.0,1,17.26,20.99,SPY240930C00467000,467.0,normalDay
2023-10-18,9069.0,1310.0,0.0,100,430.21,415.0,0,0.0,0.0,,0.0,1,17.26,19.37,SPY240930C00467000,467.0,normalDay
2023-10-19,9069.0,1117.0,0.0,100,426.43,415.0,0,0.0,0.0,,0.0,1,17.26,17.52,SPY240930C00467000,467.0,normalDay
2023-10-20,9069.0,805.0,0.0,100,421.19,415.0,0,0.0,0.0,,0.0,1,17.26,15.4,SPY240930C00467000,467.0,normalDay
2023-10-23,9069.0,784.0,0.0,100,420.46,415.0,0,0.0,0.0,,0.0,1,17.26,14.88,SPY240930C00467000,467.0,normalDay
2023-10-24,9069.0,841.0,0.0,100,423.63,415.0,0,0.0,0.0,,0.0,1,17.26,17.48,SPY240930C00467000,467.0,normalDay
2023-10-25,9069.0,431.0,0.0,100,417.55,415.0,0,0.0,0.0,,0.0,1,17.26,15.5,SPY240930C00467000,467.0,normalDay
2023-10-26,9069.0,196.0,0.0,100,412.55,415.0,0,0.0,0.0,,0.0,1,17.26,12.85,SPY240930C00467000,467.0,normalDay
2023-10-27,9069.0,177.0,0.0,100,410.68,415.0,0,0.0,0.0,,0.0,1,17.26,11.17,SPY240930C00467000,467.0,normalDay
2023-10-30,9069.0,574.0,0.0,100,415.59,415.0,0,0.0,0.0,,0.0,1,17.26,12.11,SPY240930C00467000,467.0,normalDay
2023-10-31,9069.0,825.0,0.0,100,418.2,415.0,0,0.0,0.0,,0.0,1,17.26,12.21,SPY240930C00467000,467.0,normalDay
2023-11-01,9069.0,1132.0,0.0,100,422.66,415.0,0,0.0,0.0,,0.0,1,17.26,13.6,SPY240930C00467000,467.0,normalDay
2023-11-02,9069.0,1675.0,0.0,100,430.76,415.0,0,0.0,0.0,,0.0,1,17.26,16.27,SPY240930C00467000,467.0,normalDay
2023-11-03,9069.0,1924.0,0.0,100,434.69,415.0,0,0.0,0.0,,0.0,1,17.26,17.71,SPY240930C00467000,467.0,normalDay
2023-11-06,9069.0,2043.0,0.0,100,435.69,415.0,0,0.0,0.0,,0.0,1,17.26,17.52,SPY240930C00467000,467.0,normalDay
2023-11-07,9069.0,2096.0,0.0,100,436.93,415.0,0,0.0,0.0,,0.0,1,17.26,18.23,SPY240930C00467000,467.0,normalDay
2023-11-08,9069.0,2150.0,0.0,100,437.25,415.0,0,0.0,0.0,,0.0,1,17.26,18.01,SPY240930C00467000,467.0,normalDay
2023-11-09,9069.0,1900.0,0.0,100,433.84,415.0,0,0.0,0.0,,0.0,1,17.26,17.1,SPY240930C00467000,467.0,normalDay
2023-11-10,9069.0,2304.0,0.0,100,440.61,415.0,0,0.0,0.0,,0.0,1,17.26,19.83,SPY240930C00467000,467.0,normalDay
2023-11-13,9069.0,2319.0,0.0,100,440.19,415.0,0,0.0,0.0,,0.0,1,17.26,19.26,SPY240930C00467000,467.0,normalDay
2023-11-14,9069.0,2736.0,0.0,100,448.73,415.0,0,0.0,0.0,,0.0,1,17.26,23.63,SPY240930C00467000,467.0,normalDay
2023-11-15,9069.0,2805.0,0.0,100,449.68,415.0,0,0.0,0.0,,0.0,1,17.26,23.89,SPY240930C00467000,467.0,normalDay
2023-11-16,9069.0,2813.0,0.0,100,450.23,415.0,0,0.0,0.0,,0.0,1,17.26,24.36,SPY240930C00467000,467.0,normalDay
2023-11-17,9069.0,2856.0,0.0,100,450.79,415.0,0,0.0,0.0,,0.0,1,17.26,24.49,SPY240930C00467000,467.0,normalDay
2023-11-20,9069.0,2999.0,0.0,100,454.26,415.0,0,0.0,0.0,,0.0,1,17.26,26.53,SPY240930C00467000,467.0,normalDay
2023-11-21,9069.0,3002.0,0.0,100,453.27,415.0,0,0.0,0.0,,0.0,1,17.26,25.51,SPY240930C00467000,467.0,normalDay
2023-11-22,9069.0,3069.0,0.0,100,455.02,415.0,0,0.0,0.0,,0.0,1,17.26,26.59,SPY240930C00467000,467.0,normalDay
2023-11-24,9069.0,3088.0,0.0,100,455.3,415.0,0,0.0,0.0,,0.0,1,17.26,26.68,SPY240930C00467000,467.0,normalDay
2023-11-27,9069.0,3051.0,0.0,100,454.48,415.0,0,0.0,0.0,,0.0,1,17.26,26.23,SPY240930C00467000,467.0,normalDay
2023-11-28,9069.0,3099.0,0.0,100,454.93,415.0,0,0.0,0.0,,0.0,1,17.26,26.2,SPY240930C00467000,467.0,normalDay
2023-11-29,9069.0,3108.0,0.0,100,454.61,415.0,0,0.0,0.0,,0.0,1,17.26,25.79,SPY240930C00467000,467.0,normalDay
2023-11-30,9069.0,3225.0,0.0,100,456.4,415.0,0,0.0,0.0,,0.0,1,17.26,26.41,SPY240930C00467000,467.0,normalDay
