date,totalCapital,unrializedPnL,rializedPnL,stocksOwned,stocksPriceToday,stocksPriceBoughtAt,putOwned,putOwnedSoldAt,putPriceToday,putOwnedContract,putOwnedStrike,callOwned,callOwnedSoldAt,callPriceToday,callOwnedContract,callOwnedStrike,trackType
2018-11-01,0.0,0.0,0.0,0,273.51,0.0,0,0.0,0.0,,0.0,0,0.0,0.0,,0.0,bidTooLow
2018-11-02,0.0,0.0,0.0,0,271.89,0.0,0,0.0,0.0,,0.0,0,0.0,0.0,,0.0,bidTooLow
2018-11-05,0.0,-3.0,0.0,0,273.39,0.0,1,0.03,0.06,SPY181107P00258000,258.0,0,0.0,0.0,,0.0,normalDay
2018-11-06,0.0,0.0,0.0,0,275.12,0.0,1,0.03,0.03,SPY181107P00258000,258.0,0,0.0,0.0,,0.0,normalDay
2018-11-07,3.0,0.0,3.0,0,281.01,0.0,1,0.03,0.0,SPY181107P00258000,258.0,0,0.0,0.0,,0.0,expirationDay
2018-11-08,3.0,0.0,0.0,0,280.5,0.0,0,0.0,0.0,,0.0,0,0.0,0.0,,0.0,bidTooLow
2018-11-09,3.0,0.0,0.0,0,277.76,0.0,0,0.0,0.0,,0.0,0,0.0,0.0,,0.0,bidTooLow
2018-11-12,3.0,-3.0,0.0,0,272.57,0.0,1,0.05,0.08,SPY181114P00259000,259.0,0,0.0,0.0,,0.0,normalDay
2018-11-13,3.0,3.0,0.0,0,272.06,0.0,1,0.05,0.02,SPY181114P00259000,259.0,0,0.0,0.0,,0.0,normalDay
2018-11-14,8.0,0.0,5.0,0,270.2,0.0,1,0.05,0.0,SPY181114P00259000,259.0,0,0.0,0.0,,0.0,expirationDay
2018-11-15,8.0,0.0,0.0,0,273.02,0.0,0,0.0,0.0,,0.0,0,0.0,0.0,,0.0,bidTooLow
2018-11-16,8.0,0.0,0.0,0,273.73,0.0,0,0.0,0.0,,0.0,0,0.0,0.0,,0.0,bidTooLow
2018-11-19,8.0,-3.0,0.0,0,269.1,0.0,1,0.1,0.13,SPY181121P00260000,260.0,0,0.0,0.0,,0.0,normalDay
2018-11-20,8.0,-30.0,0.0,0,264.12,0.0,1,0.1,0.4,SPY181121P00260000,260.0,0,0.0,0.0,,0.0,normalDay
2018-11-21,18.0,0.0,10.0,0,265.02,0.0,1,0.1,0.0,SPY181121P00260000,260.0,0,0.0,0.0,,0.0,expirationDay
2018-11-23,18.0,-4.0,0.0,0,263.25,0.0,1,0.19,0.23,SPY181126P00257000,257.0,0,0.0,0.0,,0.0,normalDay
2018-11-26,37.0,0.0,19.0,0,267.5,0.0,1,0.19,0.0,SPY181126P00257000,257.0,0,0.0,0.0,,0.0,expirationDay
2018-11-27,37.0,-3.0,0.0,0,268.4,0.0,1,0.11,0.14,SPY181130P00258500,258.5,0,0.0,0.0,,0.0,normalDay
2018-11-28,37.0,8.0,0.0,0,274.58,0.0,1,0.11,0.03,SPY181130P00258500,258.5,0,0.0,0.0,,0.0,normalDay
2018-11-29,37.0,10.0,0.0,0,273.98,0.0,1,0.11,0.01,SPY181130P00258500,258.5,0,0.0,0.0,,0.0,normalDay
2018-11-30,48.0,0.0,11.0,0,275.65,0.0,1,0.11,0.0,SPY181130P00258500,258.5,0,0.0,0.0,,0.0,expirationDay
2018-12-03,48.0,0.0,0.0,0,279.3,0.0,0,0.0,0.0,,0.0,0,0.0,0.0,,0.0,bidTooLow
2018-12-04,48.0,-3.0,0.0,0,270.25,0.0,1,0.22,0.25,SPY181207P00258500,258.5,0,0.0,0.0,,0.0,normalDay
2018-12-06,48.0,18.0,0.0,0,269.84,0.0,1,0.22,0.04,SPY181207P00258500,258.5,0,0.0,0.0,,0.0,normalDay
2018-12-07,70.0,0.0,22.0,0,263.57,0.0,1,0.22,0.0,SPY181207P00258500,258.5,0,0.0,0.0,,0.0,expirationDay
2018-12-10,70.0,-3.0,0.0,0,264.07,0.0,1,0.39,0.42,SPY181212P00257500,257.5,0,0.0,0.0,,0.0,normalDay
2018-12-11,70.0,21.0,0.0,0,264.13,0.0,1,0.39,0.18,SPY181212P00257500,257.5,0,0.0,0.0,,0.0,normalDay
2018-12-12,109.0,0.0,39.0,0,265.46,0.0,1,0.39,0.0,SPY181212P00257500,257.5,0,0.0,0.0,,0.0,expirationDay
2018-12-13,109.0,0.0,0.0,0,265.37,0.0,0,0.0,0.0,,0.0,0,0.0,0.0,,0.0,bidTooLow
2018-12-14,109.0,-4.0,0.0,0,260.47,0.0,1,0.21,0.25,SPY181217P00255000,255.0,0,0.0,0.0,,0.0,normalDay
2018-12-17,130.0,0.0,21.0,0,255.36,0.0,1,0.21,0.0,SPY181217P00255000,255.0,0,0.0,0.0,,0.0,expirationDay
2018-12-18,130.0,-5.0,0.0,0,255.08,0.0,1,1.83,1.88,SPY181221P00250000,250.0,0,0.0,0.0,,0.0,normalDay
2018-12-19,130.0,-51.0,0.0,0,251.26,0.0,1,1.83,2.34,SPY181221P00250000,250.0,0,0.0,0.0,,0.0,normalDay
2018-12-20,130.0,-217.0,0.0,0,247.17,0.0,1,1.83,4.0,SPY181221P00250000,250.0,0,0.0,0.0,,0.0,normalDay
2018-12-21,313.0,-930.0,183.0,100,240.7,250.0,1,1.83,0.0,SPY181221P00250000,250.0,0,0.0,0.0,,0.0,expirationDay
2018-12-24,313.0,-1566.0,0.0,100,234.34,250.0,0,0.0,0.0,,0.0,0,0.0,0.0,,0.0,bidTooLow
2018-12-26,313.0,-382.0,0.0,100,246.18,250.0,0,0.0,0.0,,0.0,0,0.0,0.0,,0.0,bidTooLow
2018-12-27,313.0,-193.0,0.0,100,248.07,250.0,0,0.0,0.0,,0.0,0,0.0,0.0,,0.0,bidTooLow
2018-12-28,313.0,-225.0,0.0,100,247.75,250.0,0,0.0,0.0,,0.0,0,0.0,0.0,,0.0,bidTooLow
2018-12-31,313.0,-8.0,0.0,100,249.92,250.0,0,0.0,0.0,,0.0,0,0.0,0.0,,0.0,bidTooLow
2019-01-02,313.0,18.0,0.0,100,250.18,250.0,0,0.0,0.0,,0.0,0,0.0,0.0,,0.0,bidTooLow
2019-01-03,313.0,-579.0,0.0,100,244.21,250.0,0,0.0,0.0,,0.0,0,0.0,0.0,,0.0,bidTooLow
2019-01-04,313.0,239.0,0.0,100,252.39,250.0,0,0.0,0.0,,0.0,0,0.0,0.0,,0.0,bidTooLow
2019-01-07,313.0,438.0,0.0,100,254.38,250.0,0,0.0,0.0,,0.0,0,0.0,0.0,,0.0,bidTooLow
2019-01-08,313.0,674.0,0.0,100,256.77,250.0,0,0.0,0.0,,0.0,1,0.02,0.05,SPY190114C00268000,268.0,normalDay
2019-01-09,313.0,795.0,0.0,100,257.97,250.0,0,0.0,0.0,,0.0,1,0.02,0.04,SPY190114C00268000,268.0,normalDay
2019-01-10,313.0,887.0,0.0,100,258.88,250.0,0,0.0,0.0,,0.0,1,0.02,0.03,SPY190114C00268000,268.0,normalDay
2019-01-11,313.0,899.0,0.0,100,258.98,250.0,0,0.0,0.0,,0.0,1,0.02,0.01,SPY190114C00268000,268.0,normalDay
2019-01-14,315.0,740.0,2.0,100,257.4,250.0,0,0.0,0.0,,0.0,1,0.02,0.0,SPY190114C00268000,268.0,expirationDay
2019-01-15,315.0,1032.0,0.0,100,260.35,250.0,0,0.0,0.0,,0.0,1,0.38,0.41,SPY190118C00263500,263.5,normalDay
2019-01-16,315.0,1100.0,0.0,100,260.98,250.0,0,0.0,0.0,,0.0,1,0.38,0.36,SPY190118C00263500,263.5,normalDay
2019-01-17,315.0,1261.0,0.0,100,262.96,250.0,0,0.0,0.0,,0.0,1,0.38,0.73,SPY190118C00263500,263.5,normalDay
2019-01-18,1703.0,1261.0,1388.0,0,266.46,0.0,0,0.0,0.0,,0.0,1,0.38,0.0,SPY190118C00263500,263.5,expirationDay
2019-01-22,1703.0,0.0,0.0,0,262.86,0.0,0,0.0,0.0,,0.0,0,0.0,0.0,,0.0,bidTooLow
2019-01-23,1703.0,0.0,0.0,0,263.41,0.0,0,0.0,0.0,,0.0,0,0.0,0.0,,0.0,bidTooLow
2019-01-24,1703.0,0.0,0.0,0,263.55,0.0,0,0.0,0.0,,0.0,0,0.0,0.0,,0.0,bidTooLow
2019-01-25,1703.0,0.0,0.0,0,265.78,0.0,0,0.0,0.0,,0.0,0,0.0,0.0,,0.0,bidTooLow
2019-01-28,1703.0,0.0,0.0,0,263.76,0.0,0,0.0,0.0,,0.0,0,0.0,0.0,,0.0,bidTooLow
2019-01-29,1703.0,0.0,0.0,0,263.41,0.0,0,0.0,0.0,,0.0,0,0.0,0.0,,0.0,bidTooLow
2019-01-30,1703.0,0.0,0.0,0,267.58,0.0,0,0.0,0.0,,0.0,0,0.0,0.0,,0.0,bidTooLow
2019-01-31,1703.0,0.0,0.0,0,269.93,0.0,0,0.0,0.0,,0.0,0,0.0,0.0,,0.0,bidTooLow
2019-02-01,1703.0,0.0,0.0,0,270.06,0.0,0,0.0,0.0,,0.0,0,0.0,0.0,,0.0,bidTooLow
2019-02-04,1703.0,0.0,0.0,0,271.96,0.0,0,0.0,0.0,,0.0,0,0.0,0.0,,0.0,bidTooLow
2019-02-05,1703.0,0.0,0.0,0,273.1,0.0,0,0.0,0.0,,0.0,0,0.0,0.0,,0.0,bidTooLow
2019-02-06,1703.0,0.0,0.0,0,272.74,0.0,0,0.0,0.0,,0.0,0,0.0,0.0,,0.0,bidTooLow
2019-02-07,1703.0,0.0,0.0,0,270.14,0.0,0,0.0,0.0,,0.0,0,0.0,0.0,,0.0,bidTooLow
2019-02-08,1703.0,0.0,0.0,0,270.47,0.0,0,0.0,0.0,,0.0,0,0.0,0.0,,0.0,bidTooLow
2019-02-11,1703.0,0.0,0.0,0,270.62,0.0,0,0.0,0.0,,0.0,0,0.0,0.0,,0.0,bidTooLow
2019-02-12,1703.0,0.0,0.0,0,274.1,0.0,0,0.0,0.0,,0.0,0,0.0,0.0,,0.0,bidTooLow
2019-02-13,1703.0,0.0,0.0,0,274.99,0.0,0,0.0,0.0,,0.0,0,0.0,0.0,,0.0,bidTooLow
2019-02-14,1703.0,0.0,0.0,0,274.38,0.0,0,0.0,0.0,,0.0,0,0.0,0.0,,0.0,bidTooLow
2019-02-15,1703.0,0.0,0.0,0,277.37,0.0,0,0.0,0.0,,0.0,0,0.0,0.0,,0.0,bidTooLow
2019-02-19,1703.0,0.0,0.0,0,277.85,0.0,0,0.0,0.0,,0.0,0,0.0,0.0,,0.0,bidTooLow
2019-02-20,1703.0,0.0,0.0,0,278.41,0.0,0,0.0,0.0,,0.0,0,0.0,0.0,,0.0,bidTooLow
2019-02-21,1703.0,0.0,0.0,0,277.42,0.0,0,0.0,0.0,,0.0,0,0.0,0.0,,0.0,bidTooLow
2019-02-22,1703.0,0.0,0.0,0,279.14,0.0,0,0.0,0.0,,0.0,0,0.0,0.0,,0.0,bidTooLow
2019-02-25,1703.0,0.0,0.0,0,279.52,0.0,0,0.0,0.0,,0.0,0,0.0,0.0,,0.0,bidTooLow
2019-02-26,1703.0,0.0,0.0,0,279.32,0.0,0,0.0,0.0,,0.0,0,0.0,0.0,,0.0,bidTooLow
2019-02-27,1703.0,0.0,0.0,0,279.2,0.0,0,0.0,0.0,,0.0,0,0.0,0.0,,0.0,bidTooLow
2019-02-28,1703.0,0.0,0.0,0,278.68,0.0,0,0.0,0.0,,0.0,0,0.0,0.0,,0.0,bidTooLow
2019-03-01,1703.0,0.0,0.0,0,280.42,0.0,0,0.0,0.0,,0.0,0,0.0,0.0,,0.0,bidTooLow
2019-03-04,1703.0,0.0,0.0,0,279.4,0.0,0,0.0,0.0,,0.0,0,0.0,0.0,,0.0,bidTooLow
2019-03-05,1703.0,0.0,0.0,0,279.02,0.0,0,0.0,0.0,,0.0,0,0.0,0.0,,0.0,bidTooLow
2019-03-06,1703.0,-3.0,0.0,0,277.33,0.0,1,0.01,0.04,SPY190308P00267500,267.5,0,0.0,0.0,,0.0,normalDay
2019-03-07,1703.0,-2.0,0.0,0,275.01,0.0,1,0.01,0.03,SPY190308P00267500,267.5,0,0.0,0.0,,0.0,normalDay
2019-03-08,1704.0,0.0,1.0,0,274.46,0.0,1,0.01,0.0,SPY190308P00267500,267.5,0,0.0,0.0,,0.0,expirationDay
2019-03-11,1704.0,0.0,0.0,0,278.44,0.0,0,0.0,0.0,,0.0,0,0.0,0.0,,0.0,bidTooLow
2019-03-12,1704.0,-3.0,0.0,0,279.49,0.0,1,0.13,0.16,SPY190315P00272500,272.5,0,0.0,0.0,,0.0,normalDay
2019-03-13,1704.0,8.0,0.0,0,281.34,0.0,1,0.13,0.05,SPY190315P00272500,272.5,0,0.0,0.0,,0.0,normalDay
2019-03-14,1704.0,9.0,0.0,0,281.16,0.0,1,0.13,0.04,SPY190315P00272500,272.5,0,0.0,0.0,,0.0,normalDay
2019-03-15,1717.0,0.0,13.0,0,281.31,0.0,1,0.13,0.0,SPY190315P00272500,272.5,0,0.0,0.0,,0.0,expirationDay
2019-03-18,1717.0,0.0,0.0,0,282.33,0.0,0,0.0,0.0,,0.0,0,0.0,0.0,,0.0,bidTooLow
2019-03-19,1717.0,-3.0,0.0,0,282.4,0.0,1,0.05,0.08,SPY190322P00273500,273.5,0,0.0,0.0,,0.0,normalDay
2019-03-20,1717.0,0.0,0.0,0,281.55,0.0,1,0.05,0.05,SPY190322P00273500,273.5,0,0.0,0.0,,0.0,normalDay
2019-03-21,1717.0,3.0,0.0,0,284.73,0.0,1,0.05,0.02,SPY190322P00273500,273.5,0,0.0,0.0,,0.0,normalDay
2019-03-22,1722.0,0.0,5.0,0,279.25,0.0,1,0.05,0.0,SPY190322P00273500,273.5,0,0.0,0.0,,0.0,expirationDay
2019-03-25,1722.0,-3.0,0.0,0,279.04,0.0,1,0.08,0.11,SPY190327P00273000,273.0,0,0.0,0.0,,0.0,normalDay
2019-03-26,1722.0,6.0,0.0,0,281.12,0.0,1,0.08,0.02,SPY190327P00273000,273.0,0,0.0,0.0,,0.0,normalDay
2019-03-27,1730.0,0.0,8.0,0,279.65,0.0,1,0.08,0.0,SPY190327P00273000,273.0,0,0.0,0.0,,0.0,expirationDay
2019-03-28,1730.0,0.0,0.0,0,280.71,0.0,0,0.0,0.0,,0.0,0,0.0,0.0,,0.0,bidTooLow
2019-03-29,1730.0,0.0,0.0,0,282.48,0.0,0,0.0,0.0,,0.0,0,0.0,0.0,,0.0,bidTooLow
2019-04-01,1730.0,0.0,0.0,0,285.83,0.0,0,0.0,0.0,,0.0,0,0.0,0.0,,0.0,bidTooLow
2019-04-02,1730.0,0.0,0.0,0,285.97,0.0,0,0.0,0.0,,0.0,0,0.0,0.0,,0.0,bidTooLow
2019-04-03,1730.0,0.0,0.0,0,286.42,0.0,0,0.0,0.0,,0.0,0,0.0,0.0,,0.0,bidTooLow
2019-04-04,1730.0,0.0,0.0,0,287.18,0.0,0,0.0,0.0,,0.0,0,0.0,0.0,,0.0,bidTooLow
2019-04-05,1730.0,0.0,0.0,0,288.57,0.0,0,0.0,0.0,,0.0,0,0.0,0.0,,0.0,bidTooLow
2019-04-08,1730.0,0.0,0.0,0,288.79,0.0,0,0.0,0.0,,0.0,0,0.0,0.0,,0.0,bidTooLow
2019-04-09,1730.0,0.0,0.0,0,287.31,0.0,0,0.0,0.0,,0.0,0,0.0,0.0,,0.0,bidTooLow
2019-04-10,1730.0,0.0,0.0,0,288.29,0.0,0,0.0,0.0,,0.0,0,0.0,0.0,,0.0,bidTooLow
2019-04-11,1730.0,0.0,0.0,0,288.21,0.0,0,0.0,0.0,,0.0,0,0.0,0.0,,0.0,bidTooLow
2019-04-12,1730.0,0.0,0.0,0,290.16,0.0,0,0.0,0.0,,0.0,0,0.0,0.0,,0.0,bidTooLow
2019-04-15,1730.0,0.0,0.0,0,289.97,0.0,0,0.0,0.0,,0.0,0,0.0,0.0,,0.0,bidTooLow
2019-04-16,1730.0,0.0,0.0,0,290.16,0.0,0,0.0,0.0,,0.0,0,0.0,0.0,,0.0,bidTooLow
2019-04-17,1730.0,0.0,0.0,0,289.45,0.0,0,0.0,0.0,,0.0,0,0.0,0.0,,0.0,bidTooLow
2019-04-18,1730.0,0.0,0.0,0,290.02,0.0,0,0.0,0.0,,0.0,0,0.0,0.0,,0.0,bidTooLow
2019-04-22,1730.0,0.0,0.0,0,290.27,0.0,0,0.0,0.0,,0.0,0,0.0,0.0,,0.0,bidTooLow
2019-04-23,1730.0,0.0,0.0,0,292.88,0.0,0,0.0,0.0,,0.0,0,0.0,0.0,,0.0,bidTooLow
2019-04-24,1730.0,0.0,0.0,0,292.23,0.0,0,0.0,0.0,,0.0,0,0.0,0.0,,0.0,bidTooLow
2019-04-25,1730.0,0.0,0.0,0,292.05,0.0,0,0.0,0.0,,0.0,0,0.0,0.0,,0.0,bidTooLow
2019-04-26,1730.0,0.0,0.0,0,293.41,0.0,0,0.0,0.0,,0.0,0,0.0,0.0,,0.0,bidTooLow
2019-04-29,1730.0,0.0,0.0,0,293.87,0.0,0,0.0,0.0,,0.0,0,0.0,0.0,,0.0,bidTooLow
2019-04-30,1730.0,-3.0,0.0,0,294.02,0.0,1,0.04,0.07,SPY190503P00283500,283.5,0,0.0,0.0,,0.0,normalDay
2019-05-01,1730.0,-9.0,0.0,0,291.81,0.0,1,0.04,0.13,SPY190503P00283500,283.5,0,0.0,0.0,,0.0,normalDay
2019-05-02,1730.0,0.0,0.0,0,291.18,0.0,1,0.04,0.04,SPY190503P00283500,283.5,0,0.0,0.0,,0.0,normalDay
2019-05-03,1734.0,0.0,4.0,0,294.03,0.0,1,0.04,0.0,SPY190503P00283500,283.5,0,0.0,0.0,,0.0,expirationDay
2019-05-06,1734.0,-3.0,0.0,0,292.82,0.0,1,0.08,0.11,SPY190508P00285500,285.5,0,0.0,0.0,,0.0,normalDay
2019-05-07,1734.0,-50.0,0.0,0,287.93,0.0,1,0.08,0.58,SPY190508P00285500,285.5,0,0.0,0.0,,0.0,normalDay
2019-05-08,1742.0,0.0,8.0,0,287.53,0.0,1,0.08,0.0,SPY190508P00285500,285.5,0,0.0,0.0,,0.0,expirationDay
2019-05-09,1742.0,-4.0,0.0,0,286.66,0.0,1,1.31,1.35,SPY190510P00285000,285.0,0,0.0,0.0,,0.0,normalDay
2019-05-10,1873.0,0.0,131.0,0,288.1,0.0,1,1.31,0.0,SPY190510P00285000,285.0,0,0.0,0.0,,0.0,expirationDay
2019-05-13,1873.0,-6.0,0.0,0,280.86,0.0,1,2.69,2.75,SPY190515P00282000,282.0,0,0.0,0.0,,0.0,normalDay
2019-05-14,1873.0,201.0,0.0,0,283.4,0.0,1,2.69,0.68,SPY190515P00282000,282.0,0,0.0,0.0,,0.0,normalDay
2019-05-15,2142.0,0.0,269.0,0,285.06,0.0,1,2.69,0.0,SPY190515P00282000,282.0,0,0.0,0.0,,0.0,expirationDay
2019-05-16,2142.0,-3.0,0.0,0,287.7,0.0,1,0.01,0.04,SPY190517P00280000,280.0,0,0.0,0.0,,0.0,normalDay
2019-05-17,2143.0,0.0,1.0,0,285.84,0.0,1,0.01,0.0,SPY190517P00280000,280.0,0,0.0,0.0,,0.0,expirationDay
2019-05-20,2143.0,-3.0,0.0,0,283.95,0.0,1,0.12,0.15,SPY190522P00278000,278.0,0,0.0,0.0,,0.0,normalDay
2019-05-21,2143.0,10.0,0.0,0,286.51,0.0,1,0.12,0.02,SPY190522P00278000,278.0,0,0.0,0.0,,0.0,normalDay
2019-05-22,2155.0,0.0,12.0,0,285.63,0.0,1,0.12,0.0,SPY190522P00278000,278.0,0,0.0,0.0,,0.0,expirationDay
2019-05-23,2155.0,-3.0,0.0,0,282.14,0.0,1,0.11,0.14,SPY190524P00277000,277.0,0,0.0,0.0,,0.0,normalDay
2019-05-24,2166.0,0.0,11.0,0,282.78,0.0,1,0.11,0.0,SPY190524P00277000,277.0,0,0.0,0.0,,0.0,expirationDay
2019-05-28,2166.0,-3.0,0.0,0,280.15,0.0,1,0.63,0.66,SPY190531P00276000,276.0,0,0.0,0.0,,0.0,normalDay
2019-05-29,2166.0,-19.0,0.0,0,278.27,0.0,1,0.63,0.82,SPY190531P00276000,276.0,0,0.0,0.0,,0.0,normalDay
2019-05-30,2166.0,37.0,0.0,0,279.03,0.0,1,0.63,0.26,SPY190531P00276000,276.0,0,0.0,0.0,,0.0,normalDay
2019-05-31,2229.0,-73.0,63.0,100,275.27,276.0,1,0.63,0.0,SPY190531P00276000,276.0,0,0.0,0.0,,0.0,expirationDay
2019-06-03,2229.0,-143.0,0.0,100,274.57,276.0,0,0.0,0.0,,0.0,0,0.0,0.0,,0.0,bidTooLow
2019-06-04,2229.0,453.0,0.0,100,280.53,276.0,0,0.0,0.0,,0.0,0,0.0,0.0,,0.0,bidTooLow
2019-06-05,2229.0,693.0,0.0,100,282.96,276.0,0,0.0,0.0,,0.0,1,0.02,0.05,SPY190610C00290000,290.0,normalDay
2019-06-06,2229.0,874.0,0.0,100,284.8,276.0,0,0.0,0.0,,0.0,1,0.02,0.08,SPY190610C00290000,290.0,normalDay
2019-06-07,2229.0,1146.0,0.0,100,287.65,276.0,0,0.0,0.0,,0.0,1,0.02,0.21,SPY190610C00290000,290.0,normalDay
2019-06-10,2231.0,1297.0,2.0,100,288.97,276.0,0,0.0,0.0,,0.0,1,0.02,0.0,SPY190610C00290000,290.0,expirationDay
2019-06-11,2231.0,1286.0,0.0,100,288.9,276.0,0,0.0,0.0,,0.0,1,1.01,1.05,SPY190617C00290500,290.5,normalDay
2019-06-12,2231.0,1281.0,0.0,100,288.39,276.0,0,0.0,0.0,,0.0,1,1.01,0.59,SPY190617C00290500,290.5,normalDay
2019-06-13,2231.0,1380.0,0.0,100,289.58,276.0,0,0.0,0.0,,0.0,1,1.01,0.79,SPY190617C00290500,290.5,normalDay
2019-06-14,2231.0,1393.0,0.0,100,289.26,276.0,0,0.0,0.0,,0.0,1,1.01,0.34,SPY190617C00290500,290.5,normalDay
2019-06-17,2332.0,1337.0,101.0,100,289.37,276.0,0,0.0,0.0,,0.0,1,1.01,0.0,SPY190617C00290500,290.5,expirationDay
2019-06-18,2332.0,1634.0,0.0,100,292.4,276.0,0,0.0,0.0,,0.0,1,1.09,1.15,SPY190624C00293500,293.5,normalDay
2019-06-19,2332.0,1719.0,0.0,100,293.06,276.0,0,0.0,0.0,,0.0,1,1.09,0.96,SPY190624C00293500,293.5,normalDay
2019-06-20,2332.0,1845.0,0.0,100,295.86,276.0,0,0.0,0.0,,0.0,1,1.09,2.5,SPY190624C00293500,293.5,normalDay
2019-06-21,2332.0,1790.0,0.0,100,294.0,276.0,0,0.0,0.0,,0.0,1,1.09,1.19,SPY190624C00293500,293.5,normalDay
2019-06-24,4191.0,1790.0,1859.0,0,293.64,0.0,0,0.0,0.0,,0.0,1,1.09,0.0,SPY190624C00293500,293.5,expirationDay
2019-06-25,4191.0,0.0,0.0,0,290.76,0.0,0,0.0,0.0,,0.0,0,0.0,0.0,,0.0,bidTooLow
2019-06-26,4191.0,0.0,0.0,0,290.47,0.0,0,0.0,0.0,,0.0,0,0.0,0.0,,0.0,bidTooLow
2019-06-27,4191.0,0.0,0.0,0,291.5,0.0,0,0.0,0.0,,0.0,0,0.0,0.0,,0.0,bidTooLow
2019-06-28,4191.0,0.0,0.0,0,293.0,0.0,0,0.0,0.0,,0.0,0,0.0,0.0,,0.0,bidTooLow
2019-07-01,4191.0,0.0,0.0,0,295.66,0.0,0,0.0,0.0,,0.0,0,0.0,0.0,,0.0,bidTooLow
2019-07-02,4191.0,0.0,0.0,0,296.43,0.0,0,0.0,0.0,,0.0,0,0.0,0.0,,0.0,bidTooLow
2019-07-03,4191.0,0.0,0.0,0,298.8,0.0,0,0.0,0.0,,0.0,0,0.0,0.0,,0.0,bidTooLow
2019-07-05,4191.0,0.0,0.0,0,298.46,0.0,0,0.0,0.0,,0.0,0,0.0,0.0,,0.0,bidTooLow
2019-07-08,4191.0,0.0,0.0,0,296.82,0.0,0,0.0,0.0,,0.0,0,0.0,0.0,,0.0,bidTooLow
2019-07-09,4191.0,0.0,0.0,0,297.19,0.0,0,0.0,0.0,,0.0,0,0.0,0.0,,0.0,bidTooLow
2019-07-10,4191.0,0.0,0.0,0,298.61,0.0,0,0.0,0.0,,0.0,0,0.0,0.0,,0.0,bidTooLow
2019-07-11,4191.0,0.0,0.0,0,299.31,0.0,0,0.0,0.0,,0.0,0,0.0,0.0,,0.0,bidTooLow
2019-07-12,4191.0,0.0,0.0,0,300.65,0.0,0,0.0,0.0,,0.0,0,0.0,0.0,,0.0,bidTooLow
2019-07-15,4191.0,0.0,0.0,0,300.75,0.0,0,0.0,0.0,,0.0,0,0.0,0.0,,0.0,bidTooLow
2019-07-16,4191.0,-3.0,0.0,0,299.78,0.0,1,0.02,0.05,SPY190719P00287000,287.0,0,0.0,0.0,,0.0,normalDay
2019-07-17,4191.0,-2.0,0.0,0,297.74,0.0,1,0.02,0.04,SPY190719P00287000,287.0,0,0.0,0.0,,0.0,normalDay
2019-07-18,4191.0,0.0,0.0,0,298.83,0.0,1,0.02,0.02,SPY190719P00287000,287.0,0,0.0,0.0,,0.0,normalDay
2019-07-19,4193.0,0.0,2.0,0,297.17,0.0,1,0.02,0.0,SPY190719P00287000,287.0,0,0.0,0.0,,0.0,expirationDay
2019-07-22,4193.0,0.0,0.0,0,297.9,0.0,0,0.0,0.0,,0.0,0,0.0,0.0,,0.0,bidTooLow
2019-07-23,4193.0,0.0,0.0,0,300.03,0.0,0,0.0,0.0,,0.0,0,0.0,0.0,,0.0,bidTooLow
2019-07-24,4193.0,0.0,0.0,0,301.44,0.0,0,0.0,0.0,,0.0,0,0.0,0.0,,0.0,bidTooLow
2019-07-25,4193.0,0.0,0.0,0,300.0,0.0,0,0.0,0.0,,0.0,0,0.0,0.0,,0.0,bidTooLow
2019-07-26,4193.0,0.0,0.0,0,302.01,0.0,0,0.0,0.0,,0.0,0,0.0,0.0,,0.0,bidTooLow
2019-07-29,4193.0,-3.0,0.0,0,301.46,0.0,1,0.03,0.06,SPY190731P00294000,294.0,0,0.0,0.0,,0.0,normalDay
2019-07-30,4193.0,-3.0,0.0,0,300.72,0.0,1,0.03,0.06,SPY190731P00294000,294.0,0,0.0,0.0,,0.0,normalDay
2019-07-31,4196.0,0.0,3.0,0,297.43,0.0,1,0.03,0.0,SPY190731P00294000,294.0,0,0.0,0.0,,0.0,expirationDay
2019-08-01,4196.0,-4.0,0.0,0,294.84,0.0,1,0.89,0.93,SPY190802P00294000,294.0,0,0.0,0.0,,0.0,normalDay
2019-08-02,4285.0,-138.0,89.0,100,292.62,294.0,1,0.89,0.0,SPY190802P00294000,294.0,0,0.0,0.0,,0.0,expirationDay
2019-08-05,4285.0,-1018.0,0.0,100,283.82,294.0,0,0.0,0.0,,0.0,0,0.0,0.0,,0.0,bidTooLow
2019-08-06,4285.0,-620.0,0.0,100,287.8,294.0,0,0.0,0.0,,0.0,0,0.0,0.0,,0.0,bidTooLow
2019-08-07,4285.0,-603.0,0.0,100,287.97,294.0,0,0.0,0.0,,0.0,0,0.0,0.0,,0.0,bidTooLow
2019-08-08,4285.0,-38.0,0.0,100,293.62,294.0,0,0.0,0.0,,0.0,0,0.0,0.0,,0.0,bidTooLow
2019-08-09,4285.0,-238.0,0.0,100,291.62,294.0,0,0.0,0.0,,0.0,0,0.0,0.0,,0.0,bidTooLow
2019-08-12,4285.0,-593.0,0.0,100,288.07,294.0,0,0.0,0.0,,0.0,0,0.0,0.0,,0.0,bidTooLow
2019-08-13,4285.0,-145.0,0.0,100,292.55,294.0,0,0.0,0.0,,0.0,0,0.0,0.0,,0.0,bidTooLow
2019-08-14,4285.0,-1010.0,0.0,100,283.9,294.0,0,0.0,0.0,,0.0,0,0.0,0.0,,0.0,bidTooLow
2019-08-15,4285.0,-935.0,0.0,100,284.65,294.0,0,0.0,0.0,,0.0,0,0.0,0.0,,0.0,bidTooLow
2019-08-16,4285.0,-515.0,0.0,100,288.85,294.0,0,0.0,0.0,,0.0,0,0.0,0.0,,0.0,bidTooLow
2019-08-19,4285.0,-167.0,0.0,100,292.33,294.0,0,0.0,0.0,,0.0,0,0.0,0.0,,0.0,bidTooLow
2019-08-20,4285.0,-391.0,0.0,100,290.09,294.0,0,0.0,0.0,,0.0,0,0.0,0.0,,0.0,bidTooLow
2019-08-21,4285.0,-155.0,0.0,100,292.45,294.0,0,0.0,0.0,,0.0,0,0.0,0.0,,0.0,bidTooLow
2019-08-22,4285.0,-164.0,0.0,100,292.36,294.0,0,0.0,0.0,,0.0,0,0.0,0.0,,0.0,bidTooLow
2019-08-23,4285.0,-915.0,0.0,100,284.85,294.0,0,0.0,0.0,,0.0,0,0.0,0.0,,0.0,bidTooLow
2019-08-26,4285.0,-600.0,0.0,100,288.0,294.0,0,0.0,0.0,,0.0,0,0.0,0.0,,0.0,bidTooLow
2019-08-27,4285.0,-716.0,0.0,100,286.87,294.0,0,0.0,0.0,,0.0,1,0.01,0.04,SPY190830C00296500,296.5,normalDay
2019-08-28,4285.0,-512.0,0.0,100,288.89,294.0,0,0.0,0.0,,0.0,1,0.01,0.02,SPY190830C00296500,296.5,normalDay
2019-08-29,4285.0,-145.0,0.0,100,292.58,294.0,0,0.0,0.0,,0.0,1,0.01,0.04,SPY190830C00296500,296.5,normalDay
2019-08-30,4286.0,-155.0,1.0,100,292.45,294.0,0,0.0,0.0,,0.0,1,0.01,0.0,SPY190830C00296500,296.5,expirationDay
2019-09-03,4286.0,-329.0,0.0,100,290.74,294.0,0,0.0,0.0,,0.0,1,0.53,0.56,SPY190909C00295000,295.0,normalDay
2019-09-04,4286.0,-63.0,0.0,100,294.04,294.0,0,0.0,0.0,,0.0,1,0.53,1.2,SPY190909C00295000,295.0,normalDay
2019-09-05,4286.0,129.0,0.0,100,297.82,294.0,0,0.0,0.0,,0.0,1,0.53,3.06,SPY190909C00295000,295.0,normalDay
2019-09-06,4286.0,127.0,0.0,100,298.05,294.0,0,0.0,0.0,,0.0,1,0.53,3.31,SPY190909C00295000,295.0,normalDay
2019-09-09,4439.0,127.0,153.0,0,298.2,0.0,0,0.0,0.0,,0.0,1,0.53,0.0,SPY190909C00295000,295.0,expirationDay
2019-09-10,4439.0,0.0,0.0,0,298.13,0.0,0,0.0,0.0,,0.0,0,0.0,0.0,,0.0,bidTooLow
2019-09-11,4439.0,0.0,0.0,0,300.25,0.0,0,0.0,0.0,,0.0,0,0.0,0.0,,0.0,bidTooLow
2019-09-12,4439.0,0.0,0.0,0,301.29,0.0,0,0.0,0.0,,0.0,0,0.0,0.0,,0.0,bidTooLow
2019-09-13,4439.0,0.0,0.0,0,301.09,0.0,0,0.0,0.0,,0.0,0,0.0,0.0,,0.0,bidTooLow
2019-09-16,4439.0,0.0,0.0,0,300.16,0.0,0,0.0,0.0,,0.0,0,0.0,0.0,,0.0,bidTooLow
2019-09-17,4439.0,-3.0,0.0,0,300.92,0.0,1,0.04,0.07,SPY190920P00280500,280.5,0,0.0,0.0,,0.0,normalDay
2019-09-18,4439.0,-1.0,0.0,0,301.1,0.0,1,0.04,0.05,SPY190920P00280500,280.5,0,0.0,0.0,,0.0,normalDay
2019-09-19,4439.0,1.0,0.0,0,301.08,0.0,1,0.04,0.03,SPY190920P00280500,280.5,0,0.0,0.0,,0.0,normalDay
2019-09-20,4443.0,0.0,4.0,0,298.28,0.0,1,0.04,0.0,SPY190920P00280500,280.5,0,0.0,0.0,,0.0,expirationDay
2019-09-23,4443.0,0.0,0.0,0,298.21,0.0,0,0.0,0.0,,0.0,0,0.0,0.0,,0.0,bidTooLow
2019-09-24,4443.0,-3.0,0.0,0,295.87,0.0,1,0.12,0.15,SPY190927P00285000,285.0,0,0.0,0.0,,0.0,normalDay
2019-09-25,4443.0,7.0,0.0,0,297.62,0.0,1,0.12,0.05,SPY190927P00285000,285.0,0,0.0,0.0,,0.0,normalDay
2019-09-26,4443.0,11.0,0.0,0,297.0,0.0,1,0.12,0.01,SPY190927P00285000,285.0,0,0.0,0.0,,0.0,normalDay
2019-09-27,4455.0,0.0,12.0,0,295.4,0.0,1,0.12,0.0,SPY190927P00285000,285.0,0,0.0,0.0,,0.0,expirationDay
2019-09-30,4455.0,-3.0,0.0,0,296.77,0.0,1,0.09,0.12,SPY191002P00291000,291.0,0,0.0,0.0,,0.0,normalDay
2019-10-01,4455.0,-30.0,0.0,0,293.24,0.0,1,0.09,0.39,SPY191002P00291000,291.0,0,0.0,0.0,,0.0,normalDay
2019-10-02,4464.0,-294.0,9.0,100,288.06,291.0,1,0.09,0.0,SPY191002P00291000,291.0,0,0.0,0.0,,0.0,expirationDay
2019-10-03,4464.0,-58.0,0.0,100,290.42,291.0,0,0.0,0.0,,0.0,0,0.0,0.0,,0.0,bidTooLow
2019-10-04,4464.0,335.0,0.0,100,294.35,291.0,0,0.0,0.0,,0.0,0,0.0,0.0,,0.0,bidTooLow
2019-10-07,4464.0,208.0,0.0,100,293.08,291.0,0,0.0,0.0,,0.0,0,0.0,0.0,,0.0,bidTooLow
2019-10-08,4464.0,-247.0,0.0,100,288.53,291.0,0,0.0,0.0,,0.0,0,0.0,0.0,,0.0,bidTooLow
2019-10-09,4464.0,27.0,0.0,100,291.27,291.0,0,0.0,0.0,,0.0,0,0.0,0.0,,0.0,bidTooLow
2019-10-10,4464.0,221.0,0.0,100,293.24,291.0,0,0.0,0.0,,0.0,1,0.06,0.09,SPY191016C00303000,303.0,normalDay
2019-10-11,4464.0,521.0,0.0,100,296.28,291.0,0,0.0,0.0,,0.0,1,0.06,0.13,SPY191016C00303000,303.0,normalDay
2019-10-14,4464.0,500.0,0.0,100,295.95,291.0,0,0.0,0.0,,0.0,1,0.06,0.01,SPY191016C00303000,303.0,normalDay
2019-10-15,4464.0,792.0,0.0,100,298.88,291.0,0,0.0,0.0,,0.0,1,0.06,0.02,SPY191016C00303000,303.0,normalDay
2019-10-16,4470.0,740.0,6.0,100,298.4,291.0,0,0.0,0.0,,0.0,1,0.06,0.0,SPY191016C00303000,303.0,expirationDay
2019-10-17,4470.0,825.0,0.0,100,299.28,291.0,0,0.0,0.0,,0.0,1,0.59,0.62,SPY191023C00301000,301.0,normalDay
2019-10-18,4470.0,725.0,0.0,100,297.97,291.0,0,0.0,0.0,,0.0,1,0.59,0.31,SPY191023C00301000,301.0,normalDay
2019-10-21,4470.0,908.0,0.0,100,299.99,291.0,0,0.0,0.0,,0.0,1,0.59,0.5,SPY191023C00301000,301.0,normalDay
2019-10-22,4470.0,851.0,0.0,100,299.01,291.0,0,0.0,0.0,,0.0,1,0.59,0.09,SPY191023C00301000,301.0,normalDay
2019-10-23,4529.0,888.0,59.0,100,299.88,291.0,0,0.0,0.0,,0.0,1,0.59,0.0,SPY191023C00301000,301.0,expirationDay
2019-10-24,4529.0,934.0,0.0,100,300.37,291.0,0,0.0,0.0,,0.0,1,0.49,0.52,SPY191030C00302500,302.5,normalDay
2019-10-25,4529.0,1032.0,0.0,100,301.6,291.0,0,0.0,0.0,,0.0,1,0.49,0.77,SPY191030C00302500,302.5,normalDay
2019-10-28,4529.0,1131.0,0.0,100,303.3,291.0,0,0.0,0.0,,0.0,1,0.49,1.48,SPY191030C00302500,302.5,normalDay
2019-10-29,4529.0,1146.0,0.0,100,303.21,291.0,0,0.0,0.0,,0.0,1,0.49,1.24,SPY191030C00302500,302.5,normalDay
2019-10-30,5728.0,1146.0,1199.0,0,304.14,0.0,0,0.0,0.0,,0.0,1,0.49,0.0,SPY191030C00302500,302.5,expirationDay
2019-10-31,5728.0,0.0,0.0,0,303.33,0.0,0,0.0,0.0,,0.0,0,0.0,0.0,,0.0,bidTooLow
2019-11-01,5728.0,0.0,0.0,0,306.14,0.0,0,0.0,0.0,,0.0,0,0.0,0.0,,0.0,bidTooLow
2019-11-04,5728.0,0.0,0.0,0,307.37,0.0,0,0.0,0.0,,0.0,0,0.0,0.0,,0.0,bidTooLow
2019-11-05,5728.0,0.0,0.0,0,307.03,0.0,0,0.0,0.0,,0.0,0,0.0,0.0,,0.0,bidTooLow
2019-11-06,5728.0,0.0,0.0,0,307.1,0.0,0,0.0,0.0,,0.0,0,0.0,0.0,,0.0,bidTooLow
2019-11-07,5728.0,0.0,0.0,0,308.18,0.0,0,0.0,0.0,,0.0,0,0.0,0.0,,0.0,bidTooLow
2019-11-08,5728.0,0.0,0.0,0,308.94,0.0,0,0.0,0.0,,0.0,0,0.0,0.0,,0.0,bidTooLow
2019-11-11,5728.0,0.0,0.0,0,308.35,0.0,0,0.0,0.0,,0.0,0,0.0,0.0,,0.0,bidTooLow
2019-11-12,5728.0,0.0,0.0,0,309.0,0.0,0,0.0,0.0,,0.0,0,0.0,0.0,,0.0,bidTooLow
2019-11-13,5728.0,0.0,0.0,0,309.1,0.0,0,0.0,0.0,,0.0,0,0.0,0.0,,0.0,bidTooLow
2019-11-14,5728.0,0.0,0.0,0,309.55,0.0,0,0.0,0.0,,0.0,0,0.0,0.0,,0.0,bidTooLow
2019-11-15,5728.0,0.0,0.0,0,311.79,0.0,0,0.0,0.0,,0.0,0,0.0,0.0,,0.0,bidTooLow
2019-11-18,5728.0,0.0,0.0,0,312.02,0.0,0,0.0,0.0,,0.0,0,0.0,0.0,,0.0,bidTooLow
2019-11-19,5728.0,0.0,0.0,0,311.93,0.0,0,0.0,0.0,,0.0,0,0.0,0.0,,0.0,bidTooLow
2019-11-20,5728.0,-3.0,0.0,0,310.77,0.0,1,0.01,0.04,SPY191122P00297500,297.5,0,0.0,0.0,,0.0,normalDay
2019-11-21,5728.0,-1.0,0.0,0,310.27,0.0,1,0.01,0.02,SPY191122P00297500,297.5,0,0.0,0.0,,0.0,normalDay
2019-11-22,5729.0,0.0,1.0,0,310.96,0.0,1,0.01,0.0,SPY191122P00297500,297.5,0,0.0,0.0,,0.0,expirationDay
2019-11-25,5729.0,0.0,0.0,0,313.37,0.0,0,0.0,0.0,,0.0,0,0.0,0.0,,0.0,bidTooLow
2019-11-26,5729.0,0.0,0.0,0,314.08,0.0,0,0.0,0.0,,0.0,0,0.0,0.0,,0.0,bidTooLow
2019-11-27,5729.0,0.0,0.0,0,315.48,0.0,0,0.0,0.0,,0.0,0,0.0,0.0,,0.0,bidTooLow
2019-11-29,5729.0,-3.0,0.0,0,314.31,0.0,1,0.01,0.04,SPY191202P00303000,303.0,0,0.0,0.0,,0.0,normalDay
2019-12-02,5730.0,0.0,1.0,0,311.64,0.0,1,0.01,0.0,SPY191202P00303000,303.0,0,0.0,0.0,,0.0,expirationDay
2019-12-03,5730.0,-4.0,0.0,0,309.55,0.0,1,0.42,0.46,SPY191206P00304000,304.0,0,0.0,0.0,,0.0,normalDay
2019-12-04,5730.0,30.0,0.0,0,311.46,0.0,1,0.42,0.12,SPY191206P00304000,304.0,0,0.0,0.0,,0.0,normalDay
2019-12-05,5730.0,39.0,0.0,0,312.02,0.0,1,0.42,0.03,SPY191206P00304000,304.0,0,0.0,0.0,,0.0,normalDay
2019-12-06,5772.0,0.0,42.0,0,314.87,0.0,1,0.42,0.0,SPY191206P00304000,304.0,0,0.0,0.0,,0.0,expirationDay
2019-12-09,5772.0,-3.0,0.0,0,313.88,0.0,1,0.09,0.12,SPY191211P00306000,306.0,0,0.0,0.0,,0.0,normalDay
2019-12-10,5772.0,5.0,0.0,0,313.53,0.0,1,0.09,0.04,SPY191211P00306000,306.0,0,0.0,0.0,,0.0,normalDay
2019-12-11,5781.0,0.0,9.0,0,314.42,0.0,1,0.09,0.0,SPY191211P00306000,306.0,0,0.0,0.0,,0.0,expirationDay
2019-12-12,5781.0,-3.0,0.0,0,317.13,0.0,1,0.01,0.04,SPY191213P00307000,307.0,0,0.0,0.0,,0.0,normalDay
2019-12-13,5782.0,0.0,1.0,0,317.32,0.0,1,0.01,0.0,SPY191213P00307000,307.0,0,0.0,0.0,,0.0,expirationDay
2019-12-16,5782.0,-3.0,0.0,0,319.5,0.0,1,0.02,0.05,SPY191218P00306500,306.5,0,0.0,0.0,,0.0,normalDay
2019-12-17,5782.0,1.0,0.0,0,319.57,0.0,1,0.02,0.01,SPY191218P00306500,306.5,0,0.0,0.0,,0.0,normalDay
2019-12-18,5784.0,0.0,2.0,0,319.59,0.0,1,0.02,0.0,SPY191218P00306500,306.5,0,0.0,0.0,,0.0,expirationDay
2019-12-19,5784.0,0.0,0.0,0,320.9,0.0,0,0.0,0.0,,0.0,0,0.0,0.0,,0.0,bidTooLow
2019-12-20,5784.0,0.0,0.0,0,320.73,0.0,0,0.0,0.0,,0.0,0,0.0,0.0,,0.0,bidTooLow
2019-12-23,5784.0,0.0,0.0,0,321.22,0.0,0,0.0,0.0,,0.0,0,0.0,0.0,,0.0,bidTooLow
2019-12-24,5784.0,0.0,0.0,0,321.23,0.0,0,0.0,0.0,,0.0,0,0.0,0.0,,0.0,bidTooLow
2019-12-26,5784.0,0.0,0.0,0,322.94,0.0,0,0.0,0.0,,0.0,0,0.0,0.0,,0.0,bidTooLow
2019-12-27,5784.0,0.0,0.0,0,322.86,0.0,0,0.0,0.0,,0.0,0,0.0,0.0,,0.0,bidTooLow
2019-12-30,5784.0,0.0,0.0,0,321.08,0.0,0,0.0,0.0,,0.0,0,0.0,0.0,,0.0,bidTooLow
2019-12-31,5784.0,-3.0,0.0,0,321.86,0.0,1,0.05,0.08,SPY200103P00306500,306.5,0,0.0,0.0,,0.0,normalDay
2020-01-02,5784.0,4.0,0.0,0,324.87,0.0,1,0.05,0.01,SPY200103P00306500,306.5,0,0.0,0.0,,0.0,normalDay
2020-01-03,5789.0,0.0,5.0,0,322.41,0.0,1,0.05,0.0,SPY200103P00306500,306.5,0,0.0,0.0,,0.0,expirationDay
2020-01-06,5789.0,0.0,0.0,0,323.64,0.0,0,0.0,0.0,,0.0,0,0.0,0.0,,0.0,bidTooLow
2020-01-07,5789.0,-3.0,0.0,0,322.73,0.0,1,0.02,0.05,SPY200110P00311000,311.0,0,0.0,0.0,,0.0,normalDay
2020-01-08,5789.0,-4.0,0.0,0,324.45,0.0,1,0.02,0.06,SPY200110P00311000,311.0,0,0.0,0.0,,0.0,normalDay
2020-01-09,5789.0,1.0,0.0,0,326.65,0.0,1,0.02,0.01,SPY200110P00311000,311.0,0,0.0,0.0,,0.0,normalDay
2020-01-10,5791.0,0.0,2.0,0,325.71,0.0,1,0.02,0.0,SPY200110P00311000,311.0,0,0.0,0.0,,0.0,expirationDay
2020-01-13,5791.0,0.0,0.0,0,327.95,0.0,0,0.0,0.0,,0.0,0,0.0,0.0,,0.0,bidTooLow
2020-01-14,5791.0,-3.0,0.0,0,327.45,0.0,1,0.02,0.05,SPY200117P00316000,316.0,0,0.0,0.0,,0.0,normalDay
2020-01-15,5791.0,-2.0,0.0,0,328.19,0.0,1,0.02,0.04,SPY200117P00316000,316.0,0,0.0,0.0,,0.0,normalDay
2020-01-16,5791.0,0.0,0.0,0,330.92,0.0,1,0.02,0.02,SPY200117P00316000,316.0,0,0.0,0.0,,0.0,normalDay
2020-01-17,5793.0,0.0,2.0,0,331.95,0.0,1,0.02,0.0,SPY200117P00316000,316.0,0,0.0,0.0,,0.0,expirationDay
2020-01-21,5793.0,0.0,0.0,0,331.3,0.0,0,0.0,0.0,,0.0,0,0.0,0.0,,0.0,bidTooLow
2020-01-22,5793.0,0.0,0.0,0,331.34,0.0,0,0.0,0.0,,0.0,0,0.0,0.0,,0.0,bidTooLow
2020-01-23,5793.0,0.0,0.0,0,331.72,0.0,0,0.0,0.0,,0.0,0,0.0,0.0,,0.0,bidTooLow
2020-01-24,5793.0,-3.0,0.0,0,328.77,0.0,1,0.02,0.05,SPY200127P00317000,317.0,0,0.0,0.0,,0.0,normalDay
2020-01-27,5795.0,0.0,2.0,0,323.5,0.0,1,0.02,0.0,SPY200127P00317000,317.0,0,0.0,0.0,,0.0,expirationDay
2020-01-28,5795.0,-3.0,0.0,0,326.89,0.0,1,0.23,0.26,SPY200131P00317000,317.0,0,0.0,0.0,,0.0,normalDay
2020-01-29,5795.0,12.0,0.0,0,326.62,0.0,1,0.23,0.11,SPY200131P00317000,317.0,0,0.0,0.0,,0.0,normalDay
2020-01-30,5795.0,20.0,0.0,0,327.68,0.0,1,0.23,0.03,SPY200131P00317000,317.0,0,0.0,0.0,,0.0,normalDay
2020-01-31,5818.0,0.0,23.0,0,321.73,0.0,1,0.23,0.0,SPY200131P00317000,317.0,0,0.0,0.0,,0.0,expirationDay
2020-02-03,5818.0,-3.0,0.0,0,324.12,0.0,1,0.68,0.71,SPY200205P00319000,319.0,0,0.0,0.0,,0.0,normalDay
2020-02-04,5818.0,66.0,0.0,0,329.06,0.0,1,0.68,0.02,SPY200205P00319000,319.0,0,0.0,0.0,,0.0,normalDay
2020-02-05,5886.0,0.0,68.0,0,332.86,0.0,1,0.68,0.0,SPY200205P00319000,319.0,0,0.0,0.0,,0.0,expirationDay
2020-02-06,5886.0,0.0,0.0,0,333.98,0.0,0,0.0,0.0,,0.0,0,0.0,0.0,,0.0,bidTooLow
2020-02-07,5886.0,0.0,0.0,0,332.2,0.0,0,0.0,0.0,,0.0,0,0.0,0.0,,0.0,bidTooLow
2020-02-10,5886.0,0.0,0.0,0,334.68,0.0,0,0.0,0.0,,0.0,0,0.0,0.0,,0.0,bidTooLow
2020-02-11,5886.0,-3.0,0.0,0,335.26,0.0,1,0.01,0.04,SPY200214P00319000,319.0,0,0.0,0.0,,0.0,normalDay
2020-02-12,5886.0,-1.0,0.0,0,337.42,0.0,1,0.01,0.02,SPY200214P00319000,319.0,0,0.0,0.0,,0.0,normalDay
2020-02-13,5886.0,0.0,0.0,0,337.06,0.0,1,0.01,0.01,SPY200214P00319000,319.0,0,0.0,0.0,,0.0,normalDay
2020-02-14,5887.0,0.0,1.0,0,337.6,0.0,1,0.01,0.0,SPY200214P00319000,319.0,0,0.0,0.0,,0.0,expirationDay
2020-02-18,5887.0,-3.0,0.0,0,336.73,0.0,1,0.01,0.04,SPY200221P00318000,318.0,0,0.0,0.0,,0.0,normalDay
2020-02-19,5887.0,-2.0,0.0,0,338.34,0.0,1,0.01,0.03,SPY200221P00318000,318.0,0,0.0,0.0,,0.0,normalDay
2020-02-20,5887.0,-1.0,0.0,0,336.95,0.0,1,0.01,0.02,SPY200221P00318000,318.0,0,0.0,0.0,,0.0,normalDay
2020-02-21,5888.0,0.0,1.0,0,333.48,0.0,1,0.01,0.0,SPY200221P00318000,318.0,0,0.0,0.0,,0.0,expirationDay
2020-02-24,5888.0,-4.0,0.0,0,322.42,0.0,1,1.51,1.55,SPY200226P00316000,316.0,0,0.0,0.0,,0.0,normalDay
2020-02-25,5888.0,-249.0,0.0,0,312.65,0.0,1,1.51,4.0,SPY200226P00316000,316.0,0,0.0,0.0,,0.0,normalDay
2020-02-26,6039.0,-450.0,151.0,100,311.5,316.0,1,1.51,0.0,SPY200226P00316000,316.0,0,0.0,0.0,,0.0,expirationDay
2020-02-27,6039.0,-1849.0,0.0,100,297.51,316.0,0,0.0,0.0,,0.0,0,0.0,0.0,,0.0,bidTooLow
2020-02-28,6039.0,-1974.0,0.0,100,296.26,316.0,0,0.0,0.0,,0.0,0,0.0,0.0,,0.0,bidTooLow
2020-03-02,6039.0,-691.0,0.0,100,309.09,316.0,0,0.0,0.0,,0.0,0,0.0,0.0,,0.0,bidTooLow
2020-03-03,6039.0,-1576.0,0.0,100,300.24,316.0,0,0.0,0.0,,0.0,0,0.0,0.0,,0.0,bidTooLow
2020-03-04,6039.0,-314.0,0.0,100,312.86,316.0,0,0.0,0.0,,0.0,0,0.0,0.0,,0.0,bidTooLow
2020-03-05,6039.0,-1354.0,0.0,100,302.46,316.0,0,0.0,0.0,,0.0,0,0.0,0.0,,0.0,bidTooLow
2020-03-06,6039.0,-1854.0,0.0,100,297.46,316.0,0,0.0,0.0,,0.0,0,0.0,0.0,,0.0,bidTooLow
2020-03-09,6039.0,-4177.0,0.0,100,274.23,316.0,0,0.0,0.0,,0.0,0,0.0,0.0,,0.0,bidTooLow
2020-03-10,6039.0,-2758.0,0.0,100,288.42,316.0,0,0.0,0.0,,0.0,0,0.0,0.0,,0.0,bidTooLow
2020-03-11,6039.0,-4164.0,0.0,100,274.36,316.0,0,0.0,0.0,,0.0,0,0.0,0.0,,0.0,bidTooLow
2020-03-12,6039.0,-6789.0,0.0,100,248.11,316.0,0,0.0,0.0,,0.0,0,0.0,0.0,,0.0,bidTooLow
2020-03-13,6039.0,-4668.0,0.0,100,269.32,316.0,0,0.0,0.0,,0.0,0,0.0,0.0,,0.0,bidTooLow
2020-03-16,6039.0,-7615.0,0.0,100,239.85,316.0,0,0.0,0.0,,0.0,0,0.0,0.0,,0.0,bidTooLow
2020-03-17,6039.0,-6320.0,0.0,100,252.8,316.0,0,0.0,0.0,,0.0,0,0.0,0.0,,0.0,bidTooLow
2020-03-18,6039.0,-7600.0,0.0,100,240.0,316.0,0,0.0,0.0,,0.0,0,0.0,0.0,,0.0,bidTooLow
2020-03-19,6039.0,-7549.0,0.0,100,240.51,316.0,0,0.0,0.0,,0.0,0,0.0,0.0,,0.0,bidTooLow
2020-03-20,6039.0,-8720.0,0.0,100,228.8,316.0,0,0.0,0.0,,0.0,0,0.0,0.0,,0.0,bidTooLow
2020-03-23,6039.0,-9305.0,0.0,100,222.95,316.0,0,0.0,0.0,,0.0,0,0.0,0.0,,0.0,bidTooLow
2020-03-24,6039.0,-7285.0,0.0,100,243.15,316.0,0,0.0,0.0,,0.0,0,0.0,0.0,,0.0,bidTooLow
2020-03-25,6039.0,-6921.0,0.0,100,246.79,316.0,0,0.0,0.0,,0.0,0,0.0,0.0,,0.0,bidTooLow
2020-03-26,6039.0,-5480.0,0.0,100,261.2,316.0,0,0.0,0.0,,0.0,0,0.0,0.0,,0.0,bidTooLow
2020-03-27,6039.0,-6258.0,0.0,100,253.42,316.0,0,0.0,0.0,,0.0,0,0.0,0.0,,0.0,bidTooLow
2020-03-30,6039.0,-5435.0,0.0,100,261.65,316.0,0,0.0,0.0,,0.0,0,0.0,0.0,,0.0,bidTooLow
2020-03-31,6039.0,-5825.0,0.0,100,257.75,316.0,0,0.0,0.0,,0.0,0,0.0,0.0,,0.0,bidTooLow
2020-04-01,6039.0,-6985.0,0.0,100,246.15,316.0,0,0.0,0.0,,0.0,0,0.0,0.0,,0.0,bidTooLow
2020-04-02,6039.0,-6420.0,0.0,100,251.83,316.0,0,0.0,0.0,,0.0,1,0.01,0.04,SPY200408C00289000,289.0,normalDay
2020-04-03,6039.0,-6782.0,0.0,100,248.19,316.0,0,0.0,0.0,,0.0,1,0.01,0.02,SPY200408C00289000,289.0,normalDay
2020-04-06,6039.0,-5115.0,0.0,100,264.86,316.0,0,0.0,0.0,,0.0,1,0.01,0.02,SPY200408C00289000,289.0,normalDay
2020-04-07,6039.0,-5087.0,0.0,100,265.13,316.0,0,0.0,0.0,,0.0,1,0.01,0.01,SPY200408C00289000,289.0,normalDay
2020-04-08,6040.0,-4197.0,1.0,100,274.03,316.0,0,0.0,0.0,,0.0,1,0.01,0.0,SPY200408C00289000,289.0,expirationDay
2020-04-09,6040.0,-3792.0,0.0,100,278.2,316.0,0,0.0,0.0,,0.0,1,5.37,5.49,SPY200415C00278000,278.0,normalDay
2020-04-13,6040.0,-3729.0,0.0,100,275.66,316.0,0,0.0,0.0,,0.0,1,5.37,2.32,SPY200415C00278000,278.0,normalDay
2020-04-14,6040.0,-3350.0,0.0,100,283.79,316.0,0,0.0,0.0,,0.0,1,5.37,6.66,SPY200415C00278000,278.0,normalDay
2020-04-15,6577.0,-3824.0,537.0,100,277.76,316.0,0,0.0,0.0,,0.0,1,5.37,0.0,SPY200415C00278000,278.0,expirationDay
2020-04-16,6577.0,-3694.0,0.0,100,279.1,316.0,0,0.0,0.0,,0.0,1,1.13,1.17,SPY200422C00289000,289.0,normalDay
2020-04-17,6577.0,-3137.0,0.0,100,286.64,316.0,0,0.0,0.0,,0.0,1,1.13,3.14,SPY200422C00289000,289.0,normalDay
2020-04-20,6577.0,-3399.0,0.0,100,281.59,316.0,0,0.0,0.0,,0.0,1,1.13,0.71,SPY200422C00289000,289.0,normalDay
2020-04-21,6577.0,-4186.0,0.0,100,273.04,316.0,0,0.0,0.0,,0.0,1,1.13,0.03,SPY200422C00289000,289.0,normalDay
2020-04-22,6690.0,-3690.0,113.0,100,279.1,316.0,0,0.0,0.0,,0.0,1,1.13,0.0,SPY200422C00289000,289.0,expirationDay
2020-04-23,6690.0,-3695.0,0.0,100,279.08,316.0,0,0.0,0.0,,0.0,1,0.46,0.49,SPY200429C00292000,292.0,normalDay
2020-04-24,6690.0,-3311.0,0.0,100,282.97,316.0,0,0.0,0.0,,0.0,1,0.46,0.54,SPY200429C00292000,292.0,normalDay
2020-04-27,6690.0,-2905.0,0.0,100,287.05,316.0,0,0.0,0.0,,0.0,1,0.46,0.56,SPY200429C00292000,292.0,normalDay
2020-04-28,6690.0,-3002.0,0.0,100,285.73,316.0,0,0.0,0.0,,0.0,1,0.46,0.21,SPY200429C00292000,292.0,normalDay
2020-04-29,4336.0,-3002.0,-2354.0,0,293.21,0.0,0,0.0,0.0,,0.0,1,0.46,0.0,SPY200429C00292000,292.0,expirationDay
2020-04-30,4336.0,0.0,0.0,0,290.48,0.0,0,0.0,0.0,,0.0,0,0.0,0.0,,0.0,bidTooLow
2020-05-01,4336.0,0.0,0.0,0,282.79,0.0,0,0.0,0.0,,0.0,0,0.0,0.0,,0.0,bidTooLow
2020-05-04,4336.0,0.0,0.0,0,283.57,0.0,0,0.0,0.0,,0.0,0,0.0,0.0,,0.0,bidTooLow
2020-05-05,4336.0,-3.0,0.0,0,286.19,0.0,1,0.08,0.11,SPY200508P00264000,264.0,0,0.0,0.0,,0.0,normalDay
2020-05-06,4336.0,3.0,0.0,0,284.25,0.0,1,0.08,0.05,SPY200508P00264000,264.0,0,0.0,0.0,,0.0,normalDay
2020-05-07,4336.0,6.0,0.0,0,287.68,0.0,1,0.08,0.02,SPY200508P00264000,264.0,0,0.0,0.0,,0.0,normalDay
2020-05-08,4344.0,0.0,8.0,0,292.44,0.0,1,0.08,0.0,SPY200508P00264000,264.0,0,0.0,0.0,,0.0,expirationDay
2020-05-11,4344.0,0.0,0.0,0,292.5,0.0,0,0.0,0.0,,0.0,0,0.0,0.0,,0.0,bidTooLow
2020-05-12,4344.0,-3.0,0.0,0,286.67,0.0,1,0.33,0.36,SPY200515P00270000,270.0,0,0.0,0.0,,0.0,normalDay
2020-05-13,4344.0,5.0,0.0,0,281.6,0.0,1,0.33,0.28,SPY200515P00270000,270.0,0,0.0,0.0,,0.0,normalDay
2020-05-14,4344.0,30.0,0.0,0,284.97,0.0,1,0.33,0.03,SPY200515P00270000,270.0,0,0.0,0.0,,0.0,normalDay
2020-05-15,4377.0,0.0,33.0,0,286.28,0.0,1,0.33,0.0,SPY200515P00270000,270.0,0,0.0,0.0,,0.0,expirationDay
2020-05-18,4377.0,0.0,0.0,0,295.0,0.0,0,0.0,0.0,,0.0,0,0.0,0.0,,0.0,bidTooLow
2020-05-19,4377.0,-3.0,0.0,0,291.97,0.0,1,0.09,0.12,SPY200522P00274000,274.0,0,0.0,0.0,,0.0,normalDay
2020-05-20,4377.0,7.0,0.0,0,296.93,0.0,1,0.09,0.02,SPY200522P00274000,274.0,0,0.0,0.0,,0.0,normalDay
2020-05-21,4377.0,8.0,0.0,0,294.88,0.0,1,0.09,0.01,SPY200522P00274000,274.0,0,0.0,0.0,,0.0,normalDay
2020-05-22,4386.0,0.0,9.0,0,295.44,0.0,1,0.09,0.0,SPY200522P00274000,274.0,0,0.0,0.0,,0.0,expirationDay
2020-05-26,4386.0,-3.0,0.0,0,299.08,0.0,1,0.02,0.05,SPY200529P00275000,275.0,0,0.0,0.0,,0.0,normalDay
2020-05-27,4386.0,-1.0,0.0,0,303.53,0.0,1,0.02,0.03,SPY200529P00275000,275.0,0,0.0,0.0,,0.0,normalDay
2020-05-28,4386.0,0.0,0.0,0,302.97,0.0,1,0.02,0.02,SPY200529P00275000,275.0,0,0.0,0.0,,0.0,normalDay
2020-05-29,4388.0,0.0,2.0,0,304.32,0.0,1,0.02,0.0,SPY200529P00275000,275.0,0,0.0,0.0,,0.0,expirationDay
2020-06-01,4388.0,0.0,0.0,0,305.55,0.0,0,0.0,0.0,,0.0,0,0.0,0.0,,0.0,bidTooLow
2020-06-02,4388.0,0.0,0.0,0,308.08,0.0,0,0.0,0.0,,0.0,0,0.0,0.0,,0.0,bidTooLow
2020-06-03,4388.0,0.0,0.0,0,312.18,0.0,0,0.0,0.0,,0.0,0,0.0,0.0,,0.0,bidTooLow
2020-06-04,4388.0,0.0,0.0,0,311.36,0.0,0,0.0,0.0,,0.0,0,0.0,0.0,,0.0,bidTooLow
2020-06-05,4388.0,0.0,0.0,0,319.34,0.0,0,0.0,0.0,,0.0,0,0.0,0.0,,0.0,bidTooLow
2020-06-08,4388.0,0.0,0.0,0,323.2,0.0,0,0.0,0.0,,0.0,0,0.0,0.0,,0.0,bidTooLow
2020-06-09,4388.0,0.0,0.0,0,320.79,0.0,0,0.0,0.0,,0.0,0,0.0,0.0,,0.0,bidTooLow
2020-06-10,4388.0,0.0,0.0,0,319.0,0.0,0,0.0,0.0,,0.0,0,0.0,0.0,,0.0,bidTooLow
2020-06-11,4388.0,-3.0,0.0,0,300.61,0.0,1,0.06,0.09,SPY200612P00273000,273.0,0,0.0,0.0,,0.0,normalDay
2020-06-12,4394.0,0.0,6.0,0,304.21,0.0,1,0.06,0.0,SPY200612P00273000,273.0,0,0.0,0.0,,0.0,expirationDay
2020-06-15,4394.0,-3.0,0.0,0,307.05,0.0,1,0.05,0.08,SPY200617P00280000,280.0,0,0.0,0.0,,0.0,normalDay
2020-06-16,4394.0,4.0,0.0,0,312.96,0.0,1,0.05,0.01,SPY200617P00280000,280.0,0,0.0,0.0,,0.0,normalDay
2020-06-17,4399.0,0.0,5.0,0,311.66,0.0,1,0.05,0.0,SPY200617P00280000,280.0,0,0.0,0.0,,0.0,expirationDay
2020-06-18,4399.0,-3.0,0.0,0,311.78,0.0,1,0.01,0.04,SPY200619P00286000,286.0,0,0.0,0.0,,0.0,normalDay
2020-06-19,4400.0,0.0,1.0,0,308.64,0.0,1,0.01,0.0,SPY200619P00286000,286.0,0,0.0,0.0,,0.0,expirationDay
2020-06-22,4400.0,-3.0,0.0,0,310.62,0.0,1,0.03,0.06,SPY200624P00291000,291.0,0,0.0,0.0,,0.0,normalDay
2020-06-23,4400.0,1.0,0.0,0,312.05,0.0,1,0.03,0.02,SPY200624P00291000,291.0,0,0.0,0.0,,0.0,normalDay
2020-06-24,4403.0,0.0,3.0,0,304.09,0.0,1,0.03,0.0,SPY200624P00291000,291.0,0,0.0,0.0,,0.0,expirationDay
2020-06-25,4403.0,-3.0,0.0,0,307.35,0.0,1,0.03,0.06,SPY200626P00294000,294.0,0,0.0,0.0,,0.0,normalDay
2020-06-26,4406.0,0.0,3.0,0,300.05,0.0,1,0.03,0.0,SPY200626P00294000,294.0,0,0.0,0.0,,0.0,expirationDay
2020-06-29,4406.0,-4.0,0.0,0,304.46,0.0,1,0.62,0.66,SPY200702P00293000,293.0,0,0.0,0.0,,0.0,normalDay
2020-06-30,4406.0,44.0,0.0,0,308.36,0.0,1,0.62,0.18,SPY200702P00293000,293.0,0,0.0,0.0,,0.0,normalDay
2020-07-01,4406.0,57.0,0.0,0,310.52,0.0,1,0.62,0.05,SPY200702P00293000,293.0,0,0.0,0.0,,0.0,normalDay
2020-07-02,4468.0,0.0,62.0,0,312.23,0.0,1,0.62,0.0,SPY200702P00293000,293.0,0,0.0,0.0,,0.0,expirationDay
2020-07-06,4468.0,0.0,0.0,0,317.05,0.0,0,0.0,0.0,,0.0,0,0.0,0.0,,0.0,bidTooLow
2020-07-07,4468.0,-3.0,0.0,0,313.78,0.0,1,0.08,0.11,SPY200710P00295000,295.0,0,0.0,0.0,,0.0,normalDay
2020-07-08,4468.0,5.0,0.0,0,316.18,0.0,1,0.08,0.03,SPY200710P00295000,295.0,0,0.0,0.0,,0.0,normalDay
2020-07-09,4468.0,6.0,0.0,0,314.38,0.0,1,0.08,0.02,SPY200710P00295000,295.0,0,0.0,0.0,,0.0,normalDay
2020-07-10,4476.0,0.0,8.0,0,317.59,0.0,1,0.08,0.0,SPY200710P00295000,295.0,0,0.0,0.0,,0.0,expirationDay
2020-07-13,4476.0,-3.0,0.0,0,314.84,0.0,1,0.13,0.16,SPY200715P00298000,298.0,0,0.0,0.0,,0.0,normalDay
2020-07-14,4476.0,11.0,0.0,0,318.92,0.0,1,0.13,0.02,SPY200715P00298000,298.0,0,0.0,0.0,,0.0,normalDay
2020-07-15,4489.0,0.0,13.0,0,321.85,0.0,1,0.13,0.0,SPY200715P00298000,298.0,0,0.0,0.0,,0.0,expirationDay
2020-07-16,4489.0,0.0,0.0,0,320.79,0.0,0,0.0,0.0,,0.0,0,0.0,0.0,,0.0,bidTooLow
2020-07-17,4489.0,0.0,0.0,0,321.72,0.0,0,0.0,0.0,,0.0,0,0.0,0.0,,0.0,bidTooLow
2020-07-20,4489.0,0.0,0.0,0,324.32,0.0,0,0.0,0.0,,0.0,0,0.0,0.0,,0.0,bidTooLow
2020-07-21,4489.0,0.0,0.0,0,325.01,0.0,0,0.0,0.0,,0.0,0,0.0,0.0,,0.0,bidTooLow
2020-07-22,4489.0,0.0,0.0,0,326.86,0.0,0,0.0,0.0,,0.0,0,0.0,0.0,,0.0,bidTooLow
2020-07-23,4489.0,0.0,0.0,0,322.96,0.0,0,0.0,0.0,,0.0,0,0.0,0.0,,0.0,bidTooLow
2020-07-24,4489.0,0.0,0.0,0,320.88,0.0,0,0.0,0.0,,0.0,0,0.0,0.0,,0.0,bidTooLow
2020-07-27,4489.0,0.0,0.0,0,323.22,0.0,0,0.0,0.0,,0.0,0,0.0,0.0,,0.0,bidTooLow
2020-07-28,4489.0,-3.0,0.0,0,321.17,0.0,1,0.11,0.14,SPY200731P00305000,305.0,0,0.0,0.0,,0.0,normalDay
2020-07-29,4489.0,6.0,0.0,0,325.12,0.0,1,0.11,0.05,SPY200731P00305000,305.0,0,0.0,0.0,,0.0,normalDay
2020-07-30,4489.0,7.0,0.0,0,323.96,0.0,1,0.11,0.04,SPY200731P00305000,305.0,0,0.0,0.0,,0.0,normalDay
2020-07-31,4500.0,0.0,11.0,0,326.52,0.0,1,0.11,0.0,SPY200731P00305000,305.0,0,0.0,0.0,,0.0,expirationDay
2020-08-03,4500.0,-3.0,0.0,0,328.79,0.0,1,0.01,0.04,SPY200805P00310000,310.0,0,0.0,0.0,,0.0,normalDay
2020-08-04,4500.0,-1.0,0.0,0,330.06,0.0,1,0.01,0.02,SPY200805P00310000,310.0,0,0.0,0.0,,0.0,normalDay
2020-08-05,4501.0,0.0,1.0,0,332.11,0.0,1,0.01,0.0,SPY200805P00310000,310.0,0,0.0,0.0,,0.0,expirationDay
2020-08-06,4501.0,0.0,0.0,0,334.33,0.0,0,0.0,0.0,,0.0,0,0.0,0.0,,0.0,bidTooLow
2020-08-07,4501.0,0.0,0.0,0,334.57,0.0,0,0.0,0.0,,0.0,0,0.0,0.0,,0.0,bidTooLow
2020-08-10,4501.0,0.0,0.0,0,335.57,0.0,0,0.0,0.0,,0.0,0,0.0,0.0,,0.0,bidTooLow
2020-08-11,4501.0,-3.0,0.0,0,332.8,0.0,1,0.1,0.13,SPY200814P00313000,313.0,0,0.0,0.0,,0.0,normalDay
2020-08-12,4501.0,7.0,0.0,0,337.44,0.0,1,0.1,0.03,SPY200814P00313000,313.0,0,0.0,0.0,,0.0,normalDay
2020-08-13,4501.0,8.0,0.0,0,336.83,0.0,1,0.1,0.02,SPY200814P00313000,313.0,0,0.0,0.0,,0.0,normalDay
2020-08-14,4511.0,0.0,10.0,0,336.84,0.0,1,0.1,0.0,SPY200814P00313000,313.0,0,0.0,0.0,,0.0,expirationDay
2020-08-17,4511.0,0.0,0.0,0,337.91,0.0,0,0.0,0.0,,0.0,0,0.0,0.0,,0.0,bidTooLow
2020-08-18,4511.0,-3.0,0.0,0,338.64,0.0,1,0.03,0.06,SPY200821P00314000,314.0,0,0.0,0.0,,0.0,normalDay
2020-08-19,4511.0,-4.0,0.0,0,337.23,0.0,1,0.03,0.07,SPY200821P00314000,314.0,0,0.0,0.0,,0.0,normalDay
2020-08-20,4511.0,1.0,0.0,0,338.28,0.0,1,0.03,0.02,SPY200821P00314000,314.0,0,0.0,0.0,,0.0,normalDay
2020-08-21,4514.0,0.0,3.0,0,339.48,0.0,1,0.03,0.0,SPY200821P00314000,314.0,0,0.0,0.0,,0.0,expirationDay
2020-08-24,4514.0,0.0,0.0,0,342.92,0.0,0,0.0,0.0,,0.0,0,0.0,0.0,,0.0,bidTooLow
2020-08-25,4514.0,-3.0,0.0,0,344.12,0.0,1,0.01,0.04,SPY200828P00320000,320.0,0,0.0,0.0,,0.0,normalDay
2020-08-26,4514.0,-4.0,0.0,0,347.57,0.0,1,0.01,0.05,SPY200828P00320000,320.0,0,0.0,0.0,,0.0,normalDay
2020-08-27,4514.0,-1.0,0.0,0,348.33,0.0,1,0.01,0.02,SPY200828P00320000,320.0,0,0.0,0.0,,0.0,normalDay
2020-08-28,4515.0,0.0,1.0,0,350.58,0.0,1,0.01,0.0,SPY200828P00320000,320.0,0,0.0,0.0,,0.0,expirationDay
2020-08-31,4515.0,-3.0,0.0,0,349.31,0.0,1,0.02,0.05,SPY200902P00323000,323.0,0,0.0,0.0,,0.0,normalDay
2020-09-01,4515.0,1.0,0.0,0,352.6,0.0,1,0.02,0.01,SPY200902P00323000,323.0,0,0.0,0.0,,0.0,normalDay
2020-09-02,4517.0,0.0,2.0,0,357.7,0.0,1,0.02,0.0,SPY200902P00323000,323.0,0,0.0,0.0,,0.0,expirationDay
2020-09-03,4517.0,-3.0,0.0,0,345.39,0.0,1,0.06,0.09,SPY200904P00324000,324.0,0,0.0,0.0,,0.0,normalDay
2020-09-04,4523.0,0.0,6.0,0,342.57,0.0,1,0.06,0.0,SPY200904P00324000,324.0,0,0.0,0.0,,0.0,expirationDay
2020-09-08,4523.0,-4.0,0.0,0,333.21,0.0,1,1.35,1.39,SPY200911P00324000,324.0,0,0.0,0.0,,0.0,normalDay
2020-09-09,4523.0,103.0,0.0,0,339.79,0.0,1,1.35,0.32,SPY200911P00324000,324.0,0,0.0,0.0,,0.0,normalDay
2020-09-10,4523.0,111.0,0.0,0,333.89,0.0,1,1.35,0.24,SPY200911P00324000,324.0,0,0.0,0.0,,0.0,normalDay
2020-09-11,4658.0,0.0,135.0,0,334.06,0.0,1,1.35,0.0,SPY200911P00324000,324.0,0,0.0,0.0,,0.0,expirationDay
2020-09-14,4658.0,-3.0,0.0,0,338.46,0.0,1,0.14,0.17,SPY200916P00324000,324.0,0,0.0,0.0,,0.0,normalDay
2020-09-15,4658.0,10.0,0.0,0,340.17,0.0,1,0.14,0.04,SPY200916P00324000,324.0,0,0.0,0.0,,0.0,normalDay
2020-09-16,4672.0,0.0,14.0,0,338.82,0.0,1,0.14,0.0,SPY200916P00324000,324.0,0,0.0,0.0,,0.0,expirationDay
2020-09-17,4672.0,-3.0,0.0,0,335.84,0.0,1,0.17,0.2,SPY200918P00324000,324.0,0,0.0,0.0,,0.0,normalDay
2020-09-18,4689.0,0.0,17.0,0,330.65,0.0,1,0.17,0.0,SPY200918P00324000,324.0,0,0.0,0.0,,0.0,expirationDay
2020-09-21,4689.0,-3.0,0.0,0,326.97,0.0,1,0.62,0.65,SPY200923P00320000,320.0,0,0.0,0.0,,0.0,normalDay
2020-09-22,4689.0,55.0,0.0,0,330.3,0.0,1,0.62,0.07,SPY200923P00320000,320.0,0,0.0,0.0,,0.0,normalDay
2020-09-23,4751.0,0.0,62.0,0,322.64,0.0,1,0.62,0.0,SPY200923P00320000,320.0,0,0.0,0.0,,0.0,expirationDay
2020-09-24,4751.0,-3.0,0.0,0,323.5,0.0,1,0.04,0.07,SPY200925P00312000,312.0,0,0.0,0.0,,0.0,normalDay
2020-09-25,4755.0,0.0,4.0,0,328.73,0.0,1,0.04,0.0,SPY200925P00312000,312.0,0,0.0,0.0,,0.0,expirationDay
2020-09-28,4755.0,0.0,0.0,0,334.19,0.0,0,0.0,0.0,,0.0,0,0.0,0.0,,0.0,bidTooLow
2020-09-29,4755.0,-3.0,0.0,0,332.37,0.0,1,0.1,0.13,SPY201002P00312000,312.0,0,0.0,0.0,,0.0,normalDay
2020-09-30,4755.0,3.0,0.0,0,334.89,0.0,1,0.1,0.07,SPY201002P00312000,312.0,0,0.0,0.0,,0.0,normalDay
2020-10-01,4755.0,9.0,0.0,0,337.04,0.0,1,0.1,0.01,SPY201002P00312000,312.0,0,0.0,0.0,,0.0,normalDay
2020-10-02,4765.0,0.0,10.0,0,333.84,0.0,1,0.1,0.0,SPY201002P00312000,312.0,0,0.0,0.0,,0.0,expirationDay
2020-10-05,4765.0,-3.0,0.0,0,339.76,0.0,1,0.01,0.04,SPY201007P00320000,320.0,0,0.0,0.0,,0.0,normalDay
2020-10-06,4765.0,-2.0,0.0,0,334.93,0.0,1,0.01,0.03,SPY201007P00320000,320.0,0,0.0,0.0,,0.0,normalDay
2020-10-07,4766.0,0.0,1.0,0,340.76,0.0,1,0.01,0.0,SPY201007P00320000,320.0,0,0.0,0.0,,0.0,expirationDay
2020-10-08,4766.0,0.0,0.0,0,343.78,0.0,0,0.0,0.0,,0.0,0,0.0,0.0,,0.0,bidTooLow
2020-10-09,4766.0,0.0,0.0,0,346.85,0.0,0,0.0,0.0,,0.0,0,0.0,0.0,,0.0,bidTooLow
2020-10-12,4766.0,0.0,0.0,0,352.43,0.0,0,0.0,0.0,,0.0,0,0.0,0.0,,0.0,bidTooLow
2020-10-13,4766.0,0.0,0.0,0,350.13,0.0,0,0.0,0.0,,0.0,0,0.0,0.0,,0.0,bidTooLow
2020-10-14,4766.0,0.0,0.0,0,347.93,0.0,0,0.0,0.0,,0.0,0,0.0,0.0,,0.0,bidTooLow
2020-10-15,4766.0,0.0,0.0,0,347.5,0.0,0,0.0,0.0,,0.0,0,0.0,0.0,,0.0,bidTooLow
2020-10-16,4766.0,0.0,0.0,0,347.29,0.0,0,0.0,0.0,,0.0,0,0.0,0.0,,0.0,bidTooLow
2020-10-19,4766.0,0.0,0.0,0,342.01,0.0,0,0.0,0.0,,0.0,0,0.0,0.0,,0.0,bidTooLow
2020-10-20,4766.0,-3.0,0.0,0,343.38,0.0,1,0.01,0.04,SPY201023P00316000,316.0,0,0.0,0.0,,0.0,normalDay
2020-10-21,4766.0,-1.0,0.0,0,342.73,0.0,1,0.01,0.02,SPY201023P00316000,316.0,0,0.0,0.0,,0.0,normalDay
2020-10-22,4766.0,0.0,0.0,0,344.61,0.0,1,0.01,0.01,SPY201023P00316000,316.0,0,0.0,0.0,,0.0,normalDay
2020-10-23,4767.0,0.0,1.0,0,345.78,0.0,1,0.01,0.0,SPY201023P00316000,316.0,0,0.0,0.0,,0.0,expirationDay
2020-10-26,4767.0,-3.0,0.0,0,339.39,0.0,1,0.22,0.25,SPY201028P00327000,327.0,0,0.0,0.0,,0.0,normalDay
2020-10-27,4767.0,16.0,0.0,0,338.22,0.0,1,0.22,0.06,SPY201028P00327000,327.0,0,0.0,0.0,,0.0,normalDay
2020-10-28,4789.0,-34.0,22.0,100,326.66,327.0,1,0.22,0.0,SPY201028P00327000,327.0,0,0.0,0.0,,0.0,expirationDay
2020-10-29,4789.0,294.0,0.0,100,329.98,327.0,0,0.0,0.0,,0.0,1,0.14,0.18,SPY201104C00354000,354.0,normalDay
2020-10-30,4789.0,-40.0,0.0,100,326.54,327.0,0,0.0,0.0,,0.0,1,0.14,0.08,SPY201104C00354000,354.0,normalDay
2020-11-02,4789.0,328.0,0.0,100,330.2,327.0,0,0.0,0.0,,0.0,1,0.14,0.06,SPY201104C00354000,354.0,normalDay
2020-11-03,4789.0,904.0,0.0,100,336.03,327.0,0,0.0,0.0,,0.0,1,0.14,0.13,SPY201104C00354000,354.0,normalDay
2020-11-04,4803.0,1654.0,14.0,100,343.54,327.0,0,0.0,0.0,,0.0,1,0.14,0.0,SPY201104C00354000,354.0,expirationDay
2020-11-05,4803.0,2320.0,0.0,100,350.24,327.0,0,0.0,0.0,,0.0,1,1.71,1.75,SPY201111C00356000,356.0,normalDay
2020-11-06,4803.0,2381.0,0.0,100,350.16,327.0,0,0.0,0.0,,0.0,1,1.71,1.06,SPY201111C00356000,356.0,normalDay
2020-11-09,4803.0,2669.0,0.0,100,354.56,327.0,0,0.0,0.0,,0.0,1,1.71,2.58,SPY201111C00356000,356.0,normalDay
2020-11-10,4803.0,2766.0,0.0,100,354.04,327.0,0,0.0,0.0,,0.0,1,1.71,1.09,SPY201111C00356000,356.0,normalDay
2020-11-11,7874.0,2766.0,3071.0,0,356.67,0.0,0,0.0,0.0,,0.0,1,1.71,0.0,SPY201111C00356000,356.0,expirationDay
2020-11-12,7874.0,0.0,0.0,0,353.21,0.0,0,0.0,0.0,,0.0,0,0.0,0.0,,0.0,bidTooLow
2020-11-13,7874.0,0.0,0.0,0,358.1,0.0,0,0.0,0.0,,0.0,0,0.0,0.0,,0.0,bidTooLow
2020-11-16,7874.0,0.0,0.0,0,362.57,0.0,0,0.0,0.0,,0.0,0,0.0,0.0,,0.0,bidTooLow
2020-11-17,7874.0,0.0,0.0,0,360.62,0.0,0,0.0,0.0,,0.0,0,0.0,0.0,,0.0,bidTooLow
2020-11-18,7874.0,0.0,0.0,0,356.28,0.0,0,0.0,0.0,,0.0,0,0.0,0.0,,0.0,bidTooLow
2020-11-19,7874.0,0.0,0.0,0,357.78,0.0,0,0.0,0.0,,0.0,0,0.0,0.0,,0.0,bidTooLow
2020-11-20,7874.0,0.0,0.0,0,355.33,0.0,0,0.0,0.0,,0.0,0,0.0,0.0,,0.0,bidTooLow
2020-11-23,7874.0,0.0,0.0,0,357.46,0.0,0,0.0,0.0,,0.0,0,0.0,0.0,,0.0,bidTooLow
2020-11-24,7874.0,0.0,0.0,0,363.22,0.0,0,0.0,0.0,,0.0,0,0.0,0.0,,0.0,bidTooLow
2020-11-25,7874.0,0.0,0.0,0,362.66,0.0,0,0.0,0.0,,0.0,0,0.0,0.0,,0.0,bidTooLow
2020-11-27,7874.0,0.0,0.0,0,363.67,0.0,0,0.0,0.0,,0.0,0,0.0,0.0,,0.0,bidTooLow
2020-11-30,7874.0,0.0,0.0,0,362.06,0.0,0,0.0,0.0,,0.0,0,0.0,0.0,,0.0,bidTooLow
2020-12-01,7874.0,-3.0,0.0,0,366.02,0.0,1,0.01,0.04,SPY201204P00337000,337.0,0,0.0,0.0,,0.0,normalDay
2020-12-02,7874.0,-2.0,0.0,0,366.79,0.0,1,0.01,0.03,SPY201204P00337000,337.0,0,0.0,0.0,,0.0,normalDay
2020-12-03,7874.0,-2.0,0.0,0,366.69,0.0,1,0.01,0.03,SPY201204P00337000,337.0,0,0.0,0.0,,0.0,normalDay
2020-12-04,7875.0,0.0,1.0,0,369.85,0.0,1,0.01,0.0,SPY201204P00337000,337.0,0,0.0,0.0,,0.0,expirationDay
2020-12-07,7875.0,0.0,0.0,0,369.09,0.0,0,0.0,0.0,,0.0,0,0.0,0.0,,0.0,bidTooLow
2020-12-08,7875.0,-3.0,0.0,0,370.17,0.0,1,0.01,0.04,SPY201211P00347000,347.0,0,0.0,0.0,,0.0,normalDay
2020-12-09,7875.0,-6.0,0.0,0,366.85,0.0,1,0.01,0.07,SPY201211P00347000,347.0,0,0.0,0.0,,0.0,normalDay
2020-12-10,7875.0,-1.0,0.0,0,366.73,0.0,1,0.01,0.02,SPY201211P00347000,347.0,0,0.0,0.0,,0.0,normalDay
2020-12-11,7876.0,0.0,1.0,0,366.3,0.0,1,0.01,0.0,SPY201211P00347000,347.0,0,0.0,0.0,,0.0,expirationDay
2020-12-14,7876.0,-3.0,0.0,0,364.66,0.0,1,0.33,0.36,SPY201216P00352000,352.0,0,0.0,0.0,,0.0,normalDay
2020-12-15,7876.0,25.0,0.0,0,369.59,0.0,1,0.33,0.08,SPY201216P00352000,352.0,0,0.0,0.0,,0.0,normalDay
2020-12-16,7909.0,0.0,33.0,0,370.17,0.0,1,0.33,0.0,SPY201216P00352000,352.0,0,0.0,0.0,,0.0,expirationDay
2020-12-17,7909.0,-3.0,0.0,0,372.24,0.0,1,0.07,0.1,SPY201218P00353000,353.0,0,0.0,0.0,,0.0,normalDay
2020-12-18,7916.0,0.0,7.0,0,369.18,0.0,1,0.07,0.0,SPY201218P00353000,353.0,0,0.0,0.0,,0.0,expirationDay
2020-12-21,7916.0,-3.0,0.0,0,367.86,0.0,1,0.41,0.44,SPY201224P00357000,357.0,0,0.0,0.0,,0.0,normalDay
2020-12-22,7916.0,26.0,0.0,0,367.24,0.0,1,0.41,0.15,SPY201224P00357000,357.0,0,0.0,0.0,,0.0,normalDay
2020-12-23,7916.0,36.0,0.0,0,367.57,0.0,1,0.41,0.05,SPY201224P00357000,357.0,0,0.0,0.0,,0.0,normalDay
2020-12-24,7957.0,0.0,41.0,0,369.0,0.0,1,0.41,0.0,SPY201224P00357000,357.0,0,0.0,0.0,,0.0,expirationDay
2020-12-28,7957.0,-3.0,0.0,0,372.17,0.0,1,0.14,0.17,SPY201231P00361000,361.0,0,0.0,0.0,,0.0,normalDay
2020-12-29,7957.0,-2.0,0.0,0,371.46,0.0,1,0.14,0.16,SPY201231P00361000,361.0,0,0.0,0.0,,0.0,normalDay
2020-12-30,7957.0,7.0,0.0,0,371.99,0.0,1,0.14,0.07,SPY201231P00361000,361.0,0,0.0,0.0,,0.0,normalDay
2020-12-31,7971.0,0.0,14.0,0,373.88,0.0,1,0.14,0.0,SPY201231P00361000,361.0,0,0.0,0.0,,0.0,expirationDay
2021-01-04,7971.0,-3.0,0.0,0,368.79,0.0,1,1.17,1.2,SPY210106P00363000,363.0,0,0.0,0.0,,0.0,normalDay
2021-01-05,7971.0,80.0,0.0,0,371.33,0.0,1,1.17,0.37,SPY210106P00363000,363.0,0,0.0,0.0,,0.0,normalDay
2021-01-06,8088.0,0.0,117.0,0,373.55,0.0,1,1.17,0.0,SPY210106P00363000,363.0,0,0.0,0.0,,0.0,expirationDay
2021-01-07,8088.0,0.0,0.0,0,379.1,0.0,0,0.0,0.0,,0.0,0,0.0,0.0,,0.0,bidTooLow
2021-01-08,8088.0,0.0,0.0,0,381.26,0.0,0,0.0,0.0,,0.0,0,0.0,0.0,,0.0,bidTooLow
2021-01-11,8088.0,-3.0,0.0,0,378.69,0.0,1,0.06,0.09,SPY210113P00360000,360.0,0,0.0,0.0,,0.0,normalDay
2021-01-12,8088.0,3.0,0.0,0,378.77,0.0,1,0.06,0.03,SPY210113P00360000,360.0,0,0.0,0.0,,0.0,normalDay
2021-01-13,8094.0,0.0,6.0,0,379.79,0.0,1,0.06,0.0,SPY210113P00360000,360.0,0,0.0,0.0,,0.0,expirationDay
2021-01-14,8094.0,-3.0,0.0,0,378.46,0.0,1,0.04,0.07,SPY210115P00361000,361.0,0,0.0,0.0,,0.0,normalDay
2021-01-15,8098.0,0.0,4.0,0,375.7,0.0,1,0.04,0.0,SPY210115P00361000,361.0,0,0.0,0.0,,0.0,expirationDay
2021-01-19,8098.0,-3.0,0.0,0,378.65,0.0,1,0.14,0.17,SPY210122P00361000,361.0,0,0.0,0.0,,0.0,normalDay
2021-01-20,8098.0,9.0,0.0,0,383.89,0.0,1,0.14,0.05,SPY210122P00361000,361.0,0,0.0,0.0,,0.0,normalDay
2021-01-21,8098.0,12.0,0.0,0,384.24,0.0,1,0.14,0.02,SPY210122P00361000,361.0,0,0.0,0.0,,0.0,normalDay
2021-01-22,8112.0,0.0,14.0,0,382.88,0.0,1,0.14,0.0,SPY210122P00361000,361.0,0,0.0,0.0,,0.0,expirationDay
2021-01-25,8112.0,-3.0,0.0,0,384.39,0.0,1,0.03,0.06,SPY210127P00363000,363.0,0,0.0,0.0,,0.0,normalDay
2021-01-26,8112.0,1.0,0.0,0,383.79,0.0,1,0.03,0.02,SPY210127P00363000,363.0,0,0.0,0.0,,0.0,normalDay
2021-01-27,8115.0,0.0,3.0,0,374.41,0.0,1,0.03,0.0,SPY210127P00363000,363.0,0,0.0,0.0,,0.0,expirationDay
2021-01-28,8115.0,-3.0,0.0,0,377.63,0.0,1,0.15,0.18,SPY210129P00366000,366.0,0,0.0,0.0,,0.0,normalDay
2021-01-29,8130.0,0.0,15.0,0,370.07,0.0,1,0.15,0.0,SPY210129P00366000,366.0,0,0.0,0.0,,0.0,expirationDay
2021-02-01,8130.0,-3.0,0.0,0,376.23,0.0,1,0.64,0.67,SPY210203P00365000,365.0,0,0.0,0.0,,0.0,normalDay
2021-02-02,8130.0,59.0,0.0,0,381.55,0.0,1,0.64,0.05,SPY210203P00365000,365.0,0,0.0,0.0,,0.0,normalDay
2021-02-03,8194.0,0.0,64.0,0,381.85,0.0,1,0.64,0.0,SPY210203P00365000,365.0,0,0.0,0.0,,0.0,expirationDay
2021-02-04,8194.0,0.0,0.0,0,386.19,0.0,0,0.0,0.0,,0.0,0,0.0,0.0,,0.0,bidTooLow
2021-02-05,8194.0,0.0,0.0,0,387.71,0.0,0,0.0,0.0,,0.0,0,0.0,0.0,,0.0,bidTooLow
2021-02-08,8194.0,-3.0,0.0,0,390.51,0.0,1,0.01,0.04,SPY210210P00368000,368.0,0,0.0,0.0,,0.0,normalDay
2021-02-09,8194.0,-1.0,0.0,0,390.25,0.0,1,0.01,0.02,SPY210210P00368000,368.0,0,0.0,0.0,,0.0,normalDay
2021-02-10,8195.0,0.0,1.0,0,390.08,0.0,1,0.01,0.0,SPY210210P00368000,368.0,0,0.0,0.0,,0.0,expirationDay
2021-02-11,8195.0,0.0,0.0,0,390.71,0.0,0,0.0,0.0,,0.0,0,0.0,0.0,,0.0,bidTooLow
2021-02-12,8195.0,0.0,0.0,0,392.64,0.0,0,0.0,0.0,,0.0,0,0.0,0.0,,0.0,bidTooLow
2021-02-16,8195.0,-3.0,0.0,0,392.3,0.0,1,0.08,0.11,SPY210219P00367000,367.0,0,0.0,0.0,,0.0,normalDay
2021-02-17,8195.0,2.0,0.0,0,392.39,0.0,1,0.08,0.06,SPY210219P00367000,367.0,0,0.0,0.0,,0.0,normalDay
2021-02-18,8195.0,5.0,0.0,0,390.72,0.0,1,0.08,0.03,SPY210219P00367000,367.0,0,0.0,0.0,,0.0,normalDay
2021-02-19,8203.0,0.0,8.0,0,390.03,0.0,1,0.08,0.0,SPY210219P00367000,367.0,0,0.0,0.0,,0.0,expirationDay
2021-02-22,8203.0,-3.0,0.0,0,387.03,0.0,1,0.03,0.06,SPY210224P00368000,368.0,0,0.0,0.0,,0.0,normalDay
2021-02-23,8203.0,1.0,0.0,0,387.5,0.0,1,0.03,0.02,SPY210224P00368000,368.0,0,0.0,0.0,,0.0,normalDay
2021-02-24,8206.0,0.0,3.0,0,391.77,0.0,1,0.03,0.0,SPY210224P00368000,368.0,0,0.0,0.0,,0.0,expirationDay
2021-02-25,8206.0,-4.0,0.0,0,382.33,0.0,1,0.17,0.21,SPY210226P00370000,370.0,0,0.0,0.0,,0.0,normalDay
2021-02-26,8223.0,0.0,17.0,0,380.36,0.0,1,0.17,0.0,SPY210226P00370000,370.0,0,0.0,0.0,,0.0,expirationDay
2021-03-01,8223.0,-3.0,0.0,0,389.58,0.0,1,0.18,0.21,SPY210303P00375000,375.0,0,0.0,0.0,,0.0,normalDay
2021-03-02,8223.0,3.0,0.0,0,386.54,0.0,1,0.18,0.15,SPY210303P00375000,375.0,0,0.0,0.0,,0.0,normalDay
2021-03-03,8241.0,0.0,18.0,0,381.42,0.0,1,0.18,0.0,SPY210303P00375000,375.0,0,0.0,0.0,,0.0,expirationDay
2021-03-04,8241.0,-6.0,0.0,0,376.7,0.0,1,2.23,2.29,SPY210305P00376000,376.0,0,0.0,0.0,,0.0,normalDay
2021-03-05,8464.0,0.0,223.0,0,383.63,0.0,1,2.23,0.0,SPY210305P00376000,376.0,0,0.0,0.0,,0.0,expirationDay
2021-03-08,8464.0,-4.0,0.0,0,381.72,0.0,1,1.07,1.11,SPY210310P00375000,375.0,0,0.0,0.0,,0.0,normalDay
2021-03-09,8464.0,97.0,0.0,0,387.17,0.0,1,1.07,0.1,SPY210310P00375000,375.0,0,0.0,0.0,,0.0,normalDay
2021-03-10,8571.0,0.0,107.0,0,389.58,0.0,1,1.07,0.0,SPY210310P00375000,375.0,0,0.0,0.0,,0.0,expirationDay
2021-03-11,8571.0,0.0,0.0,0,393.53,0.0,0,0.0,0.0,,0.0,0,0.0,0.0,,0.0,bidTooLow
2021-03-12,8571.0,0.0,0.0,0,394.06,0.0,0,0.0,0.0,,0.0,0,0.0,0.0,,0.0,bidTooLow
2021-03-15,8571.0,0.0,0.0,0,396.41,0.0,0,0.0,0.0,,0.0,0,0.0,0.0,,0.0,bidTooLow
2021-03-16,8571.0,-3.0,0.0,0,395.91,0.0,1,0.11,0.14,SPY210319P00373000,373.0,0,0.0,0.0,,0.0,normalDay
2021-03-17,8571.0,7.0,0.0,0,397.26,0.0,1,0.11,0.04,SPY210319P00373000,373.0,0,0.0,0.0,,0.0,normalDay
2021-03-18,8571.0,0.0,0.0,0,391.48,0.0,1,0.11,0.11,SPY210319P00373000,373.0,0,0.0,0.0,,0.0,normalDay
2021-03-19,8582.0,0.0,11.0,0,389.48,0.0,1,0.11,0.0,SPY210319P00373000,373.0,0,0.0,0.0,,0.0,expirationDay
2021-03-22,8582.0,0.0,0.0,0,392.59,0.0,0,0.0,0.0,,0.0,0,0.0,0.0,,0.0,bidTooLow
2021-03-23,8582.0,-3.0,0.0,0,389.5,0.0,1,0.11,0.14,SPY210326P00372500,372.5,0,0.0,0.0,,0.0,normalDay
2021-03-24,8582.0,0.0,0.0,0,387.52,0.0,1,0.11,0.11,SPY210326P00372500,372.5,0,0.0,0.0,,0.0,normalDay
2021-03-25,8582.0,9.0,0.0,0,389.7,0.0,1,0.11,0.02,SPY210326P00372500,372.5,0,0.0,0.0,,0.0,normalDay
2021-03-26,8593.0,0.0,11.0,0,395.98,0.0,1,0.11,0.0,SPY210326P00372500,372.5,0,0.0,0.0,,0.0,expirationDay
2021-03-29,8593.0,-3.0,0.0,0,395.78,0.0,1,0.08,0.11,SPY210401P00374000,374.0,0,0.0,0.0,,0.0,normalDay
2021-03-30,8593.0,4.0,0.0,0,394.73,0.0,1,0.08,0.04,SPY210401P00374000,374.0,0,0.0,0.0,,0.0,normalDay
2021-03-31,8593.0,7.0,0.0,0,396.33,0.0,1,0.08,0.01,SPY210401P00374000,374.0,0,0.0,0.0,,0.0,normalDay
2021-04-01,8601.0,0.0,8.0,0,400.61,0.0,1,0.08,0.0,SPY210401P00374000,374.0,0,0.0,0.0,,0.0,expirationDay
2021-04-05,8601.0,0.0,0.0,0,406.36,0.0,0,0.0,0.0,,0.0,0,0.0,0.0,,0.0,bidTooLow
2021-04-06,8601.0,-3.0,0.0,0,406.12,0.0,1,0.02,0.05,SPY210409P00380000,380.0,0,0.0,0.0,,0.0,normalDay
2021-04-07,8601.0,0.0,0.0,0,406.59,0.0,1,0.02,0.02,SPY210409P00380000,380.0,0,0.0,0.0,,0.0,normalDay
2021-04-08,8601.0,1.0,0.0,0,408.52,0.0,1,0.02,0.01,SPY210409P00380000,380.0,0,0.0,0.0,,0.0,normalDay
2021-04-09,8603.0,0.0,2.0,0,411.49,0.0,1,0.02,0.0,SPY210409P00380000,380.0,0,0.0,0.0,,0.0,expirationDay
2021-04-12,8603.0,0.0,0.0,0,411.64,0.0,0,0.0,0.0,,0.0,0,0.0,0.0,,0.0,bidTooLow
2021-04-13,8603.0,0.0,0.0,0,412.86,0.0,0,0.0,0.0,,0.0,0,0.0,0.0,,0.0,bidTooLow
2021-04-14,8603.0,0.0,0.0,0,411.45,0.0,0,0.0,0.0,,0.0,0,0.0,0.0,,0.0,bidTooLow
2021-04-15,8603.0,0.0,0.0,0,415.87,0.0,0,0.0,0.0,,0.0,0,0.0,0.0,,0.0,bidTooLow
2021-04-16,8603.0,0.0,0.0,0,417.26,0.0,0,0.0,0.0,,0.0,0,0.0,0.0,,0.0,bidTooLow
2021-04-19,8603.0,0.0,0.0,0,415.21,0.0,0,0.0,0.0,,0.0,0,0.0,0.0,,0.0,bidTooLow
2021-04-20,8603.0,0.0,0.0,0,412.17,0.0,0,0.0,0.0,,0.0,0,0.0,0.0,,0.0,bidTooLow
2021-04-21,8603.0,0.0,0.0,0,416.07,0.0,0,0.0,0.0,,0.0,0,0.0,0.0,,0.0,bidTooLow
2021-04-22,8603.0,0.0,0.0,0,412.27,0.0,0,0.0,0.0,,0.0,0,0.0,0.0,,0.0,bidTooLow
2021-04-23,8603.0,0.0,0.0,0,416.74,0.0,0,0.0,0.0,,0.0,0,0.0,0.0,,0.0,bidTooLow
2021-04-26,8603.0,0.0,0.0,0,417.61,0.0,0,0.0,0.0,,0.0,0,0.0,0.0,,0.0,bidTooLow
2021-04-27,8603.0,-3.0,0.0,0,417.52,0.0,1,0.01,0.04,SPY210430P00392000,392.0,0,0.0,0.0,,0.0,normalDay
2021-04-28,8603.0,-2.0,0.0,0,417.4,0.0,1,0.01,0.03,SPY210430P00392000,392.0,0,0.0,0.0,,0.0,normalDay
2021-04-29,8603.0,-1.0,0.0,0,420.06,0.0,1,0.01,0.02,SPY210430P00392000,392.0,0,0.0,0.0,,0.0,normalDay
2021-04-30,8604.0,0.0,1.0,0,417.3,0.0,1,0.01,0.0,SPY210430P00392000,392.0,0,0.0,0.0,,0.0,expirationDay
2021-05-03,8604.0,-3.0,0.0,0,418.2,0.0,1,0.03,0.06,SPY210505P00403000,403.0,0,0.0,0.0,,0.0,normalDay
2021-05-04,8604.0,-1.0,0.0,0,415.62,0.0,1,0.03,0.04,SPY210505P00403000,403.0,0,0.0,0.0,,0.0,normalDay
2021-05-05,8607.0,0.0,3.0,0,415.75,0.0,1,0.03,0.0,SPY210505P00403000,403.0,0,0.0,0.0,,0.0,expirationDay
2021-05-06,8607.0,-3.0,0.0,0,419.07,0.0,1,0.02,0.05,SPY210507P00408000,408.0,0,0.0,0.0,,0.0,normalDay
2021-05-07,8609.0,0.0,2.0,0,422.12,0.0,1,0.02,0.0,SPY210507P00408000,408.0,0,0.0,0.0,,0.0,expirationDay
2021-05-10,8609.0,-3.0,0.0,0,417.94,0.0,1,0.37,0.4,SPY210512P00409000,409.0,0,0.0,0.0,,0.0,normalDay
2021-05-11,8609.0,-15.0,0.0,0,414.21,0.0,1,0.37,0.52,SPY210512P00409000,409.0,0,0.0,0.0,,0.0,normalDay
2021-05-12,8646.0,-359.0,37.0,100,405.41,409.0,1,0.37,0.0,SPY210512P00409000,409.0,0,0.0,0.0,,0.0,expirationDay
2021-05-13,8646.0,125.0,0.0,100,410.28,409.0,0,0.0,0.0,,0.0,1,0.1,0.13,SPY210519C00423000,423.0,normalDay
2021-05-14,8646.0,734.0,0.0,100,416.58,409.0,0,0.0,0.0,,0.0,1,0.1,0.34,SPY210519C00423000,423.0,normalDay
2021-05-17,8646.0,655.0,0.0,100,415.52,409.0,0,0.0,0.0,,0.0,1,0.1,0.07,SPY210519C00423000,423.0,normalDay
2021-05-18,8646.0,303.0,0.0,100,411.94,409.0,0,0.0,0.0,,0.0,1,0.1,0.01,SPY210519C00423000,423.0,normalDay
2021-05-19,8656.0,186.0,10.0,100,410.86,409.0,0,0.0,0.0,,0.0,1,0.1,0.0,SPY210519C00423000,423.0,expirationDay
2021-05-20,8656.0,625.0,0.0,100,415.28,409.0,0,0.0,0.0,,0.0,1,0.26,0.29,SPY210526C00423000,423.0,normalDay
2021-05-21,8656.0,607.0,0.0,100,414.94,409.0,0,0.0,0.0,,0.0,1,0.26,0.13,SPY210526C00423000,423.0,normalDay
2021-05-24,8656.0,1017.0,0.0,100,419.17,409.0,0,0.0,0.0,,0.0,1,0.26,0.26,SPY210526C00423000,423.0,normalDay
2021-05-25,8656.0,945.0,0.0,100,418.24,409.0,0,0.0,0.0,,0.0,1,0.26,0.05,SPY210526C00423000,423.0,normalDay
2021-05-26,8682.0,1007.0,26.0,100,419.07,409.0,0,0.0,0.0,,0.0,1,0.26,0.0,SPY210526C00423000,423.0,expirationDay
2021-05-27,8682.0,1026.0,0.0,100,419.29,409.0,0,0.0,0.0,,0.0,1,0.52,0.55,SPY210602C00423000,423.0,normalDay
2021-05-28,8682.0,1117.0,0.0,100,420.04,409.0,0,0.0,0.0,,0.0,1,0.52,0.39,SPY210602C00423000,423.0,normalDay
2021-06-01,8682.0,1108.0,0.0,100,419.67,409.0,0,0.0,0.0,,0.0,1,0.52,0.11,SPY210602C00423000,423.0,normalDay
2021-06-02,8734.0,1133.0,52.0,100,420.33,409.0,0,0.0,0.0,,0.0,1,0.52,0.0,SPY210602C00423000,423.0,expirationDay
2021-06-03,8734.0,974.0,0.0,100,418.77,409.0,0,0.0,0.0,,0.0,1,0.41,0.44,SPY210609C00424000,424.0,normalDay
2021-06-04,8734.0,1317.0,0.0,100,422.6,409.0,0,0.0,0.0,,0.0,1,0.41,0.84,SPY210609C00424000,424.0,normalDay
2021-06-07,8734.0,1313.0,0.0,100,422.19,409.0,0,0.0,0.0,,0.0,1,0.41,0.47,SPY210609C00424000,424.0,normalDay
2021-06-08,8734.0,1345.0,0.0,100,422.28,409.0,0,0.0,0.0,,0.0,1,0.41,0.24,SPY210609C00424000,424.0,normalDay
2021-06-09,8775.0,1265.0,41.0,100,421.65,409.0,0,0.0,0.0,,0.0,1,0.41,0.0,SPY210609C00424000,424.0,expirationDay
2021-06-10,8775.0,1458.0,0.0,100,423.61,409.0,0,0.0,0.0,,0.0,1,1.32,1.35,SPY210616C00425000,425.0,normalDay
2021-06-11,8775.0,1538.0,0.0,100,424.31,409.0,0,0.0,0.0,,0.0,1,1.32,1.25,SPY210616C00425000,425.0,normalDay
2021-06-14,8775.0,1599.0,0.0,100,425.26,409.0,0,0.0,0.0,,0.0,1,1.32,1.59,SPY210616C00425000,425.0,normalDay
2021-06-15,8775.0,1572.0,0.0,100,424.48,409.0,0,0.0,0.0,,0.0,1,1.32,1.08,SPY210616C00425000,425.0,normalDay
2021-06-16,8907.0,1311.0,132.0,100,422.11,409.0,0,0.0,0.0,,0.0,1,1.32,0.0,SPY210616C00425000,425.0,expirationDay
2021-06-17,8907.0,1294.0,0.0,100,421.97,409.0,0,0.0,0.0,,0.0,1,0.38,0.41,SPY210623C00426000,426.0,normalDay
2021-06-18,8907.0,620.0,0.0,100,414.92,409.0,0,0.0,0.0,,0.0,1,0.38,0.1,SPY210623C00426000,426.0,normalDay
2021-06-21,8907.0,1215.0,0.0,100,420.86,409.0,0,0.0,0.0,,0.0,1,0.38,0.09,SPY210623C00426000,426.0,normalDay
2021-06-22,8907.0,1439.0,0.0,100,423.11,409.0,0,0.0,0.0,,0.0,1,0.38,0.1,SPY210623C00426000,426.0,normalDay
2021-06-23,8945.0,1360.0,38.0,100,422.6,409.0,0,0.0,0.0,,0.0,1,0.38,0.0,SPY210623C00426000,426.0,expirationDay
2021-06-24,8945.0,1606.0,0.0,100,425.1,409.0,0,0.0,0.0,,0.0,1,1.35,1.39,SPY210630C00426000,426.0,normalDay
2021-06-25,8945.0,1704.0,0.0,100,426.61,409.0,0,0.0,0.0,,0.0,1,1.35,1.92,SPY210630C00426000,426.0,normalDay
2021-06-28,8945.0,1778.0,0.0,100,427.47,409.0,0,0.0,0.0,,0.0,1,1.35,2.04,SPY210630C00426000,426.0,normalDay
2021-06-29,8945.0,1785.0,0.0,100,427.7,409.0,0,0.0,0.0,,0.0,1,1.35,2.2,SPY210630C00426000,426.0,normalDay
2021-06-30,10780.0,1785.0,1835.0,0,428.06,0.0,0,0.0,0.0,,0.0,1,1.35,0.0,SPY210630C00426000,426.0,expirationDay
2021-07-01,10780.0,0.0,0.0,0,430.43,0.0,0,0.0,0.0,,0.0,0,0.0,0.0,,0.0,bidTooLow
2021-07-02,10780.0,0.0,0.0,0,433.72,0.0,0,0.0,0.0,,0.0,0,0.0,0.0,,0.0,bidTooLow
2021-07-06,10780.0,-3.0,0.0,0,432.93,0.0,1,0.01,0.04,SPY210709P00413000,413.0,0,0.0,0.0,,0.0,normalDay
2021-07-07,10780.0,-1.0,0.0,0,434.46,0.0,1,0.01,0.02,SPY210709P00413000,413.0,0,0.0,0.0,,0.0,normalDay
2021-07-08,10780.0,-1.0,0.0,0,430.92,0.0,1,0.01,0.02,SPY210709P00413000,413.0,0,0.0,0.0,,0.0,normalDay
2021-07-09,10781.0,0.0,1.0,0,435.52,0.0,1,0.01,0.0,SPY210709P00413000,413.0,0,0.0,0.0,,0.0,expirationDay
2021-07-12,10781.0,0.0,0.0,0,437.08,0.0,0,0.0,0.0,,0.0,0,0.0,0.0,,0.0,bidTooLow
2021-07-13,10781.0,-3.0,0.0,0,435.59,0.0,1,0.08,0.11,SPY210716P00412000,412.0,0,0.0,0.0,,0.0,normalDay
2021-07-14,10781.0,4.0,0.0,0,436.24,0.0,1,0.08,0.04,SPY210716P00412000,412.0,0,0.0,0.0,,0.0,normalDay
2021-07-15,10781.0,5.0,0.0,0,434.75,0.0,1,0.08,0.03,SPY210716P00412000,412.0,0,0.0,0.0,,0.0,normalDay
2021-07-16,10789.0,0.0,8.0,0,431.34,0.0,1,0.08,0.0,SPY210716P00412000,412.0,0,0.0,0.0,,0.0,expirationDay
2021-07-19,10789.0,-3.0,0.0,0,424.97,0.0,1,0.6,0.63,SPY210721P00416000,416.0,0,0.0,0.0,,0.0,normalDay
2021-07-20,10789.0,57.0,0.0,0,431.06,0.0,1,0.6,0.03,SPY210721P00416000,416.0,0,0.0,0.0,,0.0,normalDay
2021-07-21,10849.0,0.0,60.0,0,434.55,0.0,1,0.6,0.0,SPY210721P00416000,416.0,0,0.0,0.0,,0.0,expirationDay
2021-07-22,10849.0,0.0,0.0,0,435.46,0.0,0,0.0,0.0,,0.0,0,0.0,0.0,,0.0,bidTooLow
2021-07-23,10849.0,0.0,0.0,0,439.94,0.0,0,0.0,0.0,,0.0,0,0.0,0.0,,0.0,bidTooLow
2021-07-26,10849.0,0.0,0.0,0,441.02,0.0,0,0.0,0.0,,0.0,0,0.0,0.0,,0.0,bidTooLow
2021-07-27,10849.0,-3.0,0.0,0,439.01,0.0,1,0.15,0.18,SPY210730P00422500,422.5,0,0.0,0.0,,0.0,normalDay
2021-07-28,10849.0,9.0,0.0,0,438.83,0.0,1,0.15,0.06,SPY210730P00422500,422.5,0,0.0,0.0,,0.0,normalDay
2021-07-29,10849.0,13.0,0.0,0,440.65,0.0,1,0.15,0.02,SPY210730P00422500,422.5,0,0.0,0.0,,0.0,normalDay
2021-07-30,10864.0,0.0,15.0,0,438.51,0.0,1,0.15,0.0,SPY210730P00422500,422.5,0,0.0,0.0,,0.0,expirationDay
2021-08-02,10864.0,-3.0,0.0,0,437.59,0.0,1,0.06,0.09,SPY210804P00425000,425.0,0,0.0,0.0,,0.0,normalDay
2021-08-03,10864.0,4.0,0.0,0,441.15,0.0,1,0.06,0.02,SPY210804P00425000,425.0,0,0.0,0.0,,0.0,normalDay
2021-08-04,10870.0,0.0,6.0,0,438.98,0.0,1,0.06,0.0,SPY210804P00425000,425.0,0,0.0,0.0,,0.0,expirationDay
2021-08-05,10870.0,0.0,0.0,0,441.76,0.0,0,0.0,0.0,,0.0,0,0.0,0.0,,0.0,bidTooLow
2021-08-06,10870.0,0.0,0.0,0,442.49,0.0,0,0.0,0.0,,0.0,0,0.0,0.0,,0.0,bidTooLow
2021-08-09,10870.0,0.0,0.0,0,442.13,0.0,0,0.0,0.0,,0.0,0,0.0,0.0,,0.0,bidTooLow
2021-08-10,10870.0,-3.0,0.0,0,442.68,0.0,1,0.06,0.09,SPY210813P00425000,425.0,0,0.0,0.0,,0.0,normalDay
2021-08-11,10870.0,1.0,0.0,0,443.78,0.0,1,0.06,0.05,SPY210813P00425000,425.0,0,0.0,0.0,,0.0,normalDay
2021-08-12,10870.0,3.0,0.0,0,445.11,0.0,1,0.06,0.03,SPY210813P00425000,425.0,0,0.0,0.0,,0.0,normalDay
2021-08-13,10876.0,0.0,6.0,0,445.92,0.0,1,0.06,0.0,SPY210813P00425000,425.0,0,0.0,0.0,,0.0,expirationDay
2021-08-16,10876.0,-3.0,0.0,0,446.97,0.0,1,0.03,0.06,SPY210818P00430000,430.0,0,0.0,0.0,,0.0,normalDay
2021-08-17,10876.0,-2.0,0.0,0,444.04,0.0,1,0.03,0.05,SPY210818P00430000,430.0,0,0.0,0.0,,0.0,normalDay
2021-08-18,10879.0,0.0,3.0,0,439.18,0.0,1,0.03,0.0,SPY210818P00430000,430.0,0,0.0,0.0,,0.0,expirationDay
2021-08-19,10879.0,-3.0,0.0,0,439.86,0.0,1,0.38,0.41,SPY210820P00434000,434.0,0,0.0,0.0,,0.0,normalDay
2021-08-20,10917.0,0.0,38.0,0,443.36,0.0,1,0.38,0.0,SPY210820P00434000,434.0,0,0.0,0.0,,0.0,expirationDay
2021-08-23,10917.0,-3.0,0.0,0,447.26,0.0,1,0.03,0.06,SPY210825P00434000,434.0,0,0.0,0.0,,0.0,normalDay
2021-08-24,10917.0,0.0,0.0,0,447.97,0.0,1,0.03,0.03,SPY210825P00434000,434.0,0,0.0,0.0,,0.0,normalDay
2021-08-25,10920.0,0.0,3.0,0,448.91,0.0,1,0.03,0.0,SPY210825P00434000,434.0,0,0.0,0.0,,0.0,expirationDay
2021-08-26,10920.0,-3.0,0.0,0,446.26,0.0,1,0.05,0.08,SPY210827P00434000,434.0,0,0.0,0.0,,0.0,normalDay
2021-08-27,10925.0,0.0,5.0,0,450.25,0.0,1,0.05,0.0,SPY210827P00434000,434.0,0,0.0,0.0,,0.0,expirationDay
2021-08-30,10925.0,-3.0,0.0,0,452.23,0.0,1,0.02,0.05,SPY210901P00435000,435.0,0,0.0,0.0,,0.0,normalDay
2021-08-31,10925.0,-1.0,0.0,0,451.56,0.0,1,0.02,0.03,SPY210901P00435000,435.0,0,0.0,0.0,,0.0,normalDay
2021-09-01,10927.0,0.0,2.0,0,451.8,0.0,1,0.02,0.0,SPY210901P00435000,435.0,0,0.0,0.0,,0.0,expirationDay
2021-09-02,10927.0,0.0,0.0,0,453.19,0.0,0,0.0,0.0,,0.0,0,0.0,0.0,,0.0,bidTooLow
2021-09-03,10927.0,0.0,0.0,0,453.08,0.0,0,0.0,0.0,,0.0,0,0.0,0.0,,0.0,bidTooLow
2021-09-07,10927.0,-3.0,0.0,0,451.46,0.0,1,0.1,0.13,SPY210910P00436000,436.0,0,0.0,0.0,,0.0,normalDay
2021-09-08,10927.0,2.0,0.0,0,450.91,0.0,1,0.1,0.08,SPY210910P00436000,436.0,0,0.0,0.0,,0.0,normalDay
2021-09-09,10927.0,5.0,0.0,0,448.98,0.0,1,0.1,0.05,SPY210910P00436000,436.0,0,0.0,0.0,,0.0,normalDay
2021-09-10,10937.0,0.0,10.0,0,445.44,0.0,1,0.1,0.0,SPY210910P00436000,436.0,0,0.0,0.0,,0.0,expirationDay
2021-09-13,10937.0,-3.0,0.0,0,446.58,0.0,1,0.4,0.43,SPY210915P00437000,437.0,0,0.0,0.0,,0.0,normalDay
2021-09-14,10937.0,21.0,0.0,0,444.17,0.0,1,0.4,0.19,SPY210915P00437000,437.0,0,0.0,0.0,,0.0,normalDay
2021-09-15,10977.0,0.0,40.0,0,447.88,0.0,1,0.4,0.0,SPY210915P00437000,437.0,0,0.0,0.0,,0.0,expirationDay
2021-09-16,10977.0,-3.0,0.0,0,447.17,0.0,1,0.16,0.19,SPY210917P00439000,439.0,0,0.0,0.0,,0.0,normalDay
2021-09-17,10993.0,0.0,16.0,0,441.4,0.0,1,0.16,0.0,SPY210917P00439000,439.0,0,0.0,0.0,,0.0,expirationDay
2021-09-20,10993.0,-5.0,0.0,0,434.04,0.0,1,4.18,4.23,SPY210922P00436000,436.0,0,0.0,0.0,,0.0,normalDay
2021-09-21,10993.0,54.0,0.0,0,433.63,0.0,1,4.18,3.64,SPY210922P00436000,436.0,0,0.0,0.0,,0.0,normalDay
2021-09-22,11411.0,0.0,418.0,0,437.86,0.0,1,4.18,0.0,SPY210922P00436000,436.0,0,0.0,0.0,,0.0,expirationDay
2021-09-23,11411.0,-3.0,0.0,0,443.18,0.0,1,0.03,0.06,SPY210924P00430000,430.0,0,0.0,0.0,,0.0,normalDay
2021-09-24,11414.0,0.0,3.0,0,443.91,0.0,1,0.03,0.0,SPY210924P00430000,430.0,0,0.0,0.0,,0.0,expirationDay
2021-09-27,11414.0,-3.0,0.0,0,442.64,0.0,1,0.23,0.26,SPY210930P00430000,430.0,0,0.0,0.0,,0.0,normalDay
2021-09-28,11414.0,-142.0,0.0,0,433.72,0.0,1,0.23,1.65,SPY210930P00430000,430.0,0,0.0,0.0,,0.0,normalDay
2021-09-29,11414.0,-40.0,0.0,0,434.45,0.0,1,0.23,0.63,SPY210930P00430000,430.0,0,0.0,0.0,,0.0,normalDay
2021-09-30,11437.0,-86.0,23.0,100,429.14,430.0,1,0.23,0.0,SPY210930P00430000,430.0,0,0.0,0.0,,0.0,expirationDay
2021-10-01,11437.0,424.0,0.0,100,434.24,430.0,0,0.0,0.0,,0.0,0,0.0,0.0,,0.0,bidTooLow
2021-10-04,11437.0,-136.0,0.0,100,428.64,430.0,0,0.0,0.0,,0.0,0,0.0,0.0,,0.0,bidTooLow
2021-10-05,11437.0,310.0,0.0,100,433.1,430.0,0,0.0,0.0,,0.0,0,0.0,0.0,,0.0,bidTooLow
2021-10-06,11437.0,487.0,0.0,100,434.9,430.0,0,0.0,0.0,,0.0,1,0.01,0.04,SPY211011C00451000,451.0,normalDay
2021-10-07,11437.0,863.0,0.0,100,438.66,430.0,0,0.0,0.0,,0.0,1,0.01,0.04,SPY211011C00451000,451.0,normalDay
2021-10-08,11437.0,786.0,0.0,100,437.86,430.0,0,0.0,0.0,,0.0,1,0.01,0.01,SPY211011C00451000,451.0,normalDay
2021-10-11,11438.0,469.0,1.0,100,434.69,430.0,0,0.0,0.0,,0.0,1,0.01,0.0,SPY211011C00451000,451.0,expirationDay
2021-10-12,11438.0,359.0,0.0,100,433.62,430.0,0,0.0,0.0,,0.0,1,0.04,0.07,SPY211018C00447000,447.0,normalDay
2021-10-13,11438.0,516.0,0.0,100,435.18,430.0,0,0.0,0.0,,0.0,1,0.04,0.06,SPY211018C00447000,447.0,normalDay
2021-10-14,11438.0,1218.0,0.0,100,442.5,430.0,0,0.0,0.0,,0.0,1,0.04,0.36,SPY211018C00447000,447.0,normalDay
2021-10-15,11438.0,1520.0,0.0,100,445.87,430.0,0,0.0,0.0,,0.0,1,0.04,0.71,SPY211018C00447000,447.0,normalDay
2021-10-18,13142.0,1520.0,1704.0,0,447.19,0.0,0,0.0,0.0,,0.0,1,0.04,0.0,SPY211018C00447000,447.0,expirationDay
2021-10-19,13142.0,-3.0,0.0,0,450.64,0.0,1,0.01,0.04,SPY211022P00422000,422.0,0,0.0,0.0,,0.0,normalDay
2021-10-20,13142.0,-2.0,0.0,0,452.41,0.0,1,0.01,0.03,SPY211022P00422000,422.0,0,0.0,0.0,,0.0,normalDay
2021-10-21,13142.0,0.0,0.0,0,453.59,0.0,1,0.01,0.01,SPY211022P00422000,422.0,0,0.0,0.0,,0.0,normalDay
2021-10-22,13143.0,0.0,1.0,0,453.12,0.0,1,0.01,0.0,SPY211022P00422000,422.0,0,0.0,0.0,,0.0,expirationDay
2021-10-25,13143.0,0.0,0.0,0,455.55,0.0,0,0.0,0.0,,0.0,0,0.0,0.0,,0.0,bidTooLow
2021-10-26,13143.0,0.0,0.0,0,455.96,0.0,0,0.0,0.0,,0.0,0,0.0,0.0,,0.0,bidTooLow
2021-10-27,13143.0,0.0,0.0,0,453.94,0.0,0,0.0,0.0,,0.0,0,0.0,0.0,,0.0,bidTooLow
2021-10-28,13143.0,0.0,0.0,0,458.32,0.0,0,0.0,0.0,,0.0,0,0.0,0.0,,0.0,bidTooLow
2021-10-29,13143.0,0.0,0.0,0,459.25,0.0,0,0.0,0.0,,0.0,0,0.0,0.0,,0.0,bidTooLow
2021-11-01,13143.0,0.0,0.0,0,460.04,0.0,0,0.0,0.0,,0.0,0,0.0,0.0,,0.0,bidTooLow
2021-11-02,13143.0,-3.0,0.0,0,461.9,0.0,1,0.01,0.04,SPY211105P00422500,422.5,0,0.0,0.0,,0.0,normalDay
2021-11-03,13143.0,-1.0,0.0,0,464.72,0.0,1,0.01,0.02,SPY211105P00422500,422.5,0,0.0,0.0,,0.0,normalDay
2021-11-04,13143.0,0.0,0.0,0,466.91,0.0,1,0.01,0.01,SPY211105P00422500,422.5,0,0.0,0.0,,0.0,normalDay
2021-11-05,13144.0,0.0,1.0,0,468.53,0.0,1,0.01,0.0,SPY211105P00422500,422.5,0,0.0,0.0,,0.0,expirationDay
2021-11-08,13144.0,0.0,0.0,0,468.93,0.0,0,0.0,0.0,,0.0,0,0.0,0.0,,0.0,bidTooLow
2021-11-09,13144.0,0.0,0.0,0,467.38,0.0,0,0.0,0.0,,0.0,0,0.0,0.0,,0.0,bidTooLow
2021-11-10,13144.0,-3.0,0.0,0,463.62,0.0,1,0.01,0.04,SPY211112P00437000,437.0,0,0.0,0.0,,0.0,normalDay
2021-11-11,13144.0,-1.0,0.0,0,463.77,0.0,1,0.01,0.02,SPY211112P00437000,437.0,0,0.0,0.0,,0.0,normalDay
2021-11-12,13145.0,0.0,1.0,0,467.27,0.0,1,0.01,0.0,SPY211112P00437000,437.0,0,0.0,0.0,,0.0,expirationDay
2021-11-15,13145.0,0.0,0.0,0,467.43,0.0,0,0.0,0.0,,0.0,0,0.0,0.0,,0.0,bidTooLow
2021-11-16,13145.0,-3.0,0.0,0,469.28,0.0,1,0.04,0.07,SPY211119P00446000,446.0,0,0.0,0.0,,0.0,normalDay
2021-11-17,13145.0,0.0,0.0,0,468.14,0.0,1,0.04,0.04,SPY211119P00446000,446.0,0,0.0,0.0,,0.0,normalDay
2021-11-18,13145.0,1.0,0.0,0,469.73,0.0,1,0.04,0.03,SPY211119P00446000,446.0,0,0.0,0.0,,0.0,normalDay
2021-11-19,13149.0,0.0,4.0,0,468.89,0.0,1,0.04,0.0,SPY211119P00446000,446.0,0,0.0,0.0,,0.0,expirationDay
2021-11-22,13149.0,-3.0,0.0,0,467.57,0.0,1,0.07,0.1,SPY211124P00452000,452.0,0,0.0,0.0,,0.0,normalDay
2021-11-23,13149.0,3.0,0.0,0,468.19,0.0,1,0.07,0.04,SPY211124P00452000,452.0,0,0.0,0.0,,0.0,normalDay
2021-11-24,13156.0,0.0,7.0,0,469.44,0.0,1,0.07,0.0,SPY211124P00452000,452.0,0,0.0,0.0,,0.0,expirationDay
2021-11-26,13156.0,-27.0,0.0,0,458.97,0.0,1,2.73,3.0,SPY211129P00456000,456.0,0,0.0,0.0,,0.0,normalDay
2021-11-29,13429.0,0.0,273.0,0,464.6,0.0,1,2.73,0.0,SPY211129P00456000,456.0,0,0.0,0.0,,0.0,expirationDay
2021-11-30,13429.0,-8.0,0.0,0,455.56,0.0,1,3.35,3.43,SPY211203P00456000,456.0,0,0.0,0.0,,0.0,normalDay
2021-12-01,13429.0,-418.0,0.0,0,450.5,0.0,1,3.35,7.53,SPY211203P00456000,456.0,0,0.0,0.0,,0.0,normalDay
2021-12-02,13429.0,143.0,0.0,0,457.4,0.0,1,3.35,1.92,SPY211203P00456000,456.0,0,0.0,0.0,,0.0,normalDay
2021-12-03,13764.0,-258.0,335.0,100,453.42,456.0,1,3.35,0.0,SPY211203P00456000,456.0,0,0.0,0.0,,0.0,expirationDay
2021-12-06,13764.0,276.0,0.0,100,458.79,456.0,0,0.0,0.0,,0.0,1,0.03,0.06,SPY211210C00475000,475.0,normalDay
2021-12-07,13764.0,1191.0,0.0,100,468.28,456.0,0,0.0,0.0,,0.0,1,0.03,0.4,SPY211210C00475000,475.0,normalDay
2021-12-08,13764.0,1332.0,0.0,100,469.52,456.0,0,0.0,0.0,,0.0,1,0.03,0.23,SPY211210C00475000,475.0,normalDay
2021-12-09,13764.0,1035.0,0.0,100,466.35,456.0,0,0.0,0.0,,0.0,1,0.03,0.03,SPY211210C00475000,475.0,normalDay
2021-12-10,13767.0,1474.0,3.0,100,470.74,456.0,0,0.0,0.0,,0.0,1,0.03,0.0,SPY211210C00475000,475.0,expirationDay
2021-12-13,13767.0,1054.0,0.0,100,466.57,456.0,0,0.0,0.0,,0.0,1,0.2,0.23,SPY211217C00476000,476.0,normalDay
2021-12-14,13767.0,745.0,0.0,100,463.36,456.0,0,0.0,0.0,,0.0,1,0.2,0.11,SPY211217C00476000,476.0,normalDay
2021-12-15,13767.0,1449.0,0.0,100,470.6,456.0,0,0.0,0.0,,0.0,1,0.2,0.31,SPY211217C00476000,476.0,normalDay
2021-12-16,13767.0,1060.0,0.0,100,466.45,456.0,0,0.0,0.0,,0.0,1,0.2,0.05,SPY211217C00476000,476.0,normalDay
2021-12-17,13787.0,387.0,20.0,100,459.87,456.0,0,0.0,0.0,,0.0,1,0.2,0.0,SPY211217C00476000,476.0,expirationDay
2021-12-20,13787.0,-105.0,0.0,100,454.98,456.0,0,0.0,0.0,,0.0,1,0.01,0.04,SPY211223C00474000,474.0,normalDay
2021-12-21,13787.0,701.0,0.0,100,463.06,456.0,0,0.0,0.0,,0.0,1,0.01,0.06,SPY211223C00474000,474.0,normalDay
2021-12-22,13787.0,1166.0,0.0,100,467.69,456.0,0,0.0,0.0,,0.0,1,0.01,0.04,SPY211223C00474000,474.0,normalDay
2021-12-23,13788.0,1460.0,1.0,100,470.6,456.0,0,0.0,0.0,,0.0,1,0.01,0.0,SPY211223C00474000,474.0,expirationDay
2021-12-27,13788.0,2119.0,0.0,100,477.26,456.0,0,0.0,0.0,,0.0,1,3.06,3.13,SPY211231C00476000,476.0,normalDay
2021-12-28,13788.0,2095.0,0.0,100,476.87,456.0,0,0.0,0.0,,0.0,1,3.06,2.98,SPY211231C00476000,476.0,normalDay
2021-12-29,13788.0,2194.0,0.0,100,477.48,456.0,0,0.0,0.0,,0.0,1,3.06,2.6,SPY211231C00476000,476.0,normalDay
2021-12-30,13788.0,2200.0,0.0,100,476.16,456.0,0,0.0,0.0,,0.0,1,3.06,1.22,SPY211231C00476000,476.0,normalDay
2021-12-31,14094.0,1896.0,306.0,100,474.96,456.0,0,0.0,0.0,,0.0,1,3.06,0.0,SPY211231C00476000,476.0,expirationDay
2022-01-03,14094.0,2168.0,0.0,100,477.71,456.0,0,0.0,0.0,,0.0,1,0.81,0.84,SPY220107C00481000,481.0,normalDay
2022-01-04,14094.0,2172.0,0.0,100,477.55,456.0,0,0.0,0.0,,0.0,1,0.81,0.64,SPY220107C00481000,481.0,normalDay
2022-01-05,14094.0,1313.0,0.0,100,468.38,456.0,0,0.0,0.0,,0.0,1,0.81,0.06,SPY220107C00481000,481.0,normalDay
2022-01-06,14094.0,1273.0,0.0,100,467.94,456.0,0,0.0,0.0,,0.0,1,0.81,0.02,SPY220107C00481000,481.0,normalDay
2022-01-07,14175.0,1009.0,81.0,100,466.09,456.0,0,0.0,0.0,,0.0,1,0.81,0.0,SPY220107C00481000,481.0,expirationDay
2022-01-10,14175.0,948.0,0.0,100,465.51,456.0,0,0.0,0.0,,0.0,1,0.02,0.05,SPY220114C00481000,481.0,normalDay
2022-01-11,14175.0,1368.0,0.0,100,469.75,456.0,0,0.0,0.0,,0.0,1,0.02,0.09,SPY220114C00481000,481.0,normalDay
2022-01-12,14175.0,1498.0,0.0,100,471.02,456.0,0,0.0,0.0,,0.0,1,0.02,0.06,SPY220114C00481000,481.0,normalDay
2022-01-13,14175.0,853.0,0.0,100,464.53,456.0,0,0.0,0.0,,0.0,1,0.02,0.02,SPY220114C00481000,481.0,normalDay
2022-01-14,14177.0,872.0,2.0,100,464.72,456.0,0,0.0,0.0,,0.0,1,0.02,0.0,SPY220114C00481000,481.0,expirationDay
2022-01-18,14177.0,49.0,0.0,100,456.49,456.0,0,0.0,0.0,,0.0,0,0.0,0.0,,0.0,bidTooLow
2022-01-19,14177.0,-425.0,0.0,100,451.75,456.0,0,0.0,0.0,,0.0,0,0.0,0.0,,0.0,bidTooLow
2022-01-20,14177.0,-925.0,0.0,100,446.75,456.0,0,0.0,0.0,,0.0,0,0.0,0.0,,0.0,bidTooLow
2022-01-21,14177.0,-1802.0,0.0,100,437.98,456.0,0,0.0,0.0,,0.0,0,0.0,0.0,,0.0,bidTooLow
2022-01-24,14177.0,-1616.0,0.0,100,439.84,456.0,0,0.0,0.0,,0.0,0,0.0,0.0,,0.0,bidTooLow
2022-01-25,14177.0,-2153.0,0.0,100,434.47,456.0,0,0.0,0.0,,0.0,0,0.0,0.0,,0.0,bidTooLow
2022-01-26,14177.0,-2262.0,0.0,100,433.38,456.0,0,0.0,0.0,,0.0,0,0.0,0.0,,0.0,bidTooLow
2022-01-27,14177.0,-2476.0,0.0,100,431.24,456.0,0,0.0,0.0,,0.0,0,0.0,0.0,,0.0,bidTooLow
2022-01-28,14177.0,-1405.0,0.0,100,441.95,456.0,0,0.0,0.0,,0.0,0,0.0,0.0,,0.0,bidTooLow
2022-01-31,14177.0,-609.0,0.0,100,449.91,456.0,0,0.0,0.0,,0.0,0,0.0,0.0,,0.0,bidTooLow
2022-02-01,14177.0,-305.0,0.0,100,452.95,456.0,0,0.0,0.0,,0.0,0,0.0,0.0,,0.0,bidTooLow
2022-02-02,14177.0,135.0,0.0,100,457.35,456.0,0,0.0,0.0,,0.0,0,0.0,0.0,,0.0,bidTooLow
2022-02-03,14177.0,-940.0,0.0,100,446.6,456.0,0,0.0,0.0,,0.0,0,0.0,0.0,,0.0,bidTooLow
2022-02-04,14177.0,-730.0,0.0,100,448.7,456.0,0,0.0,0.0,,0.0,0,0.0,0.0,,0.0,bidTooLow
2022-02-07,14177.0,-874.0,0.0,100,447.26,456.0,0,0.0,0.0,,0.0,0,0.0,0.0,,0.0,bidTooLow
2022-02-08,14177.0,-509.0,0.0,100,450.94,456.0,0,0.0,0.0,,0.0,1,0.01,0.04,SPY220214C00471000,471.0,normalDay
2022-02-09,14177.0,139.0,0.0,100,457.54,456.0,0,0.0,0.0,,0.0,1,0.01,0.16,SPY220214C00471000,471.0,normalDay
2022-02-10,14177.0,-669.0,0.0,100,449.32,456.0,0,0.0,0.0,,0.0,1,0.01,0.02,SPY220214C00471000,471.0,normalDay
2022-02-11,14177.0,-1554.0,0.0,100,440.46,456.0,0,0.0,0.0,,0.0,1,0.01,0.01,SPY220214C00471000,471.0,normalDay
2022-02-14,14178.0,-1698.0,1.0,100,439.02,456.0,0,0.0,0.0,,0.0,1,0.01,0.0,SPY220214C00471000,471.0,expirationDay
2022-02-15,14178.0,-993.0,0.0,100,446.1,456.0,0,0.0,0.0,,0.0,1,0.14,0.17,SPY220218C00459000,459.0,normalDay
2022-02-16,14178.0,-932.0,0.0,100,446.6,456.0,0,0.0,0.0,,0.0,1,0.14,0.06,SPY220218C00459000,459.0,normalDay
2022-02-17,14178.0,-1882.0,0.0,100,437.06,456.0,0,0.0,0.0,,0.0,1,0.14,0.02,SPY220218C00459000,459.0,normalDay
2022-02-18,14192.0,-2177.0,14.0,100,434.23,456.0,0,0.0,0.0,,0.0,1,0.14,0.0,SPY220218C00459000,459.0,expirationDay
2022-02-22,14192.0,-2643.0,0.0,100,429.57,456.0,0,0.0,0.0,,0.0,0,0.0,0.0,,0.0,bidTooLow
2022-02-23,14192.0,-3405.0,0.0,100,421.95,456.0,0,0.0,0.0,,0.0,0,0.0,0.0,,0.0,bidTooLow
2022-02-24,14192.0,-2770.0,0.0,100,428.3,456.0,0,0.0,0.0,,0.0,0,0.0,0.0,,0.0,bidTooLow
2022-02-25,14192.0,-1828.0,0.0,100,437.75,456.0,0,0.0,0.0,,0.0,1,0.02,0.05,SPY220302C00460000,460.0,normalDay
2022-02-28,14192.0,-1937.0,0.0,100,436.63,456.0,0,0.0,0.0,,0.0,1,0.02,0.02,SPY220302C00460000,460.0,normalDay
2022-03-01,14192.0,-2601.0,0.0,100,429.98,456.0,0,0.0,0.0,,0.0,1,0.02,0.01,SPY220302C00460000,460.0,normalDay
2022-03-02,14194.0,-1811.0,2.0,100,437.89,456.0,0,0.0,0.0,,0.0,1,0.02,0.0,SPY220302C00460000,460.0,expirationDay
2022-03-03,14194.0,-2032.0,0.0,100,435.71,456.0,0,0.0,0.0,,0.0,1,0.09,0.12,SPY220309C00456000,456.0,normalDay
2022-03-04,14194.0,-2377.0,0.0,100,432.17,456.0,0,0.0,0.0,,0.0,1,0.09,0.03,SPY220309C00456000,456.0,normalDay
2022-03-07,14194.0,-3650.0,0.0,100,419.43,456.0,0,0.0,0.0,,0.0,1,0.09,0.02,SPY220309C00456000,456.0,normalDay
2022-03-08,14194.0,-3967.0,0.0,100,416.25,456.0,0,0.0,0.0,,0.0,1,0.09,0.01,SPY220309C00456000,456.0,normalDay
2022-03-09,14203.0,-2859.0,9.0,100,427.41,456.0,0,0.0,0.0,,0.0,1,0.09,0.0,SPY220309C00456000,456.0,expirationDay
2022-03-10,14203.0,-3055.0,0.0,100,425.48,456.0,0,0.0,0.0,,0.0,1,0.07,0.1,SPY220316C00450000,450.0,normalDay
2022-03-11,14203.0,-3590.0,0.0,100,420.07,456.0,0,0.0,0.0,,0.0,1,0.07,0.04,SPY220316C00450000,450.0,normalDay
2022-03-14,14203.0,-3895.0,0.0,100,417.0,456.0,0,0.0,0.0,,0.0,1,0.07,0.02,SPY220316C00450000,450.0,normalDay
2022-03-15,14203.0,-2977.0,0.0,100,426.17,456.0,0,0.0,0.0,,0.0,1,0.07,0.01,SPY220316C00450000,450.0,normalDay
2022-03-16,14210.0,-2038.0,7.0,100,435.62,456.0,0,0.0,0.0,,0.0,1,0.07,0.0,SPY220316C00450000,450.0,expirationDay
2022-03-17,14210.0,-1497.0,0.0,100,441.07,456.0,0,0.0,0.0,,0.0,1,2.59,2.63,SPY220323C00443000,443.0,normalDay
2022-03-18,14210.0,-1388.0,0.0,100,444.52,456.0,0,0.0,0.0,,0.0,1,2.59,4.99,SPY220323C00443000,443.0,normalDay
2022-03-21,14210.0,-1276.0,0.0,100,444.39,456.0,0,0.0,0.0,,0.0,1,2.59,3.74,SPY220323C00443000,443.0,normalDay
2022-03-22,14210.0,-1088.0,0.0,100,449.59,456.0,0,0.0,0.0,,0.0,1,2.59,7.06,SPY220323C00443000,443.0,normalDay
2022-03-23,13169.0,-1088.0,-1041.0,0,443.8,0.0,0,0.0,0.0,,0.0,1,2.59,0.0,SPY220323C00443000,443.0,expirationDay
2022-03-24,13169.0,0.0,0.0,0,450.49,0.0,0,0.0,0.0,,0.0,0,0.0,0.0,,0.0,bidTooLow
2022-03-25,13169.0,0.0,0.0,0,452.69,0.0,0,0.0,0.0,,0.0,0,0.0,0.0,,0.0,bidTooLow
2022-03-28,13169.0,0.0,0.0,0,455.91,0.0,0,0.0,0.0,,0.0,0,0.0,0.0,,0.0,bidTooLow
2022-03-29,13169.0,0.0,0.0,0,461.55,0.0,0,0.0,0.0,,0.0,0,0.0,0.0,,0.0,bidTooLow
2022-03-30,13169.0,0.0,0.0,0,458.7,0.0,0,0.0,0.0,,0.0,0,0.0,0.0,,0.0,bidTooLow
2022-03-31,13169.0,0.0,0.0,0,451.64,0.0,0,0.0,0.0,,0.0,0,0.0,0.0,,0.0,bidTooLow
2022-04-01,13169.0,0.0,0.0,0,452.92,0.0,0,0.0,0.0,,0.0,0,0.0,0.0,,0.0,bidTooLow
2022-04-04,13169.0,0.0,0.0,0,456.8,0.0,0,0.0,0.0,,0.0,0,0.0,0.0,,0.0,bidTooLow
2022-04-05,13169.0,-3.0,0.0,0,451.03,0.0,1,0.01,0.04,SPY220408P00407000,407.0,0,0.0,0.0,,0.0,normalDay
2022-04-06,13169.0,-2.0,0.0,0,446.52,0.0,1,0.01,0.03,SPY220408P00407000,407.0,0,0.0,0.0,,0.0,normalDay
2022-04-07,13169.0,0.0,0.0,0,448.77,0.0,1,0.01,0.01,SPY220408P00407000,407.0,0,0.0,0.0,,0.0,normalDay
2022-04-08,13170.0,0.0,1.0,0,447.57,0.0,1,0.01,0.0,SPY220408P00407000,407.0,0,0.0,0.0,,0.0,expirationDay
2022-04-11,13170.0,-3.0,0.0,0,439.92,0.0,1,0.47,0.5,SPY220414P00426000,426.0,0,0.0,0.0,,0.0,normalDay
2022-04-12,13170.0,21.0,0.0,0,438.29,0.0,1,0.47,0.26,SPY220414P00426000,426.0,0,0.0,0.0,,0.0,normalDay
2022-04-13,13170.0,42.0,0.0,0,443.31,0.0,1,0.47,0.05,SPY220414P00426000,426.0,0,0.0,0.0,,0.0,normalDay
2022-04-14,13217.0,0.0,47.0,0,437.79,0.0,1,0.47,0.0,SPY220414P00426000,426.0,0,0.0,0.0,,0.0,expirationDay
2022-04-18,13217.0,-3.0,0.0,0,437.97,0.0,1,0.27,0.3,SPY220420P00430000,430.0,0,0.0,0.0,,0.0,normalDay
2022-04-19,13217.0,22.0,0.0,0,445.04,0.0,1,0.27,0.05,SPY220420P00430000,430.0,0,0.0,0.0,,0.0,normalDay
2022-04-20,13244.0,0.0,27.0,0,444.71,0.0,1,0.27,0.0,SPY220420P00430000,430.0,0,0.0,0.0,,0.0,expirationDay
2022-04-21,13244.0,-3.0,0.0,0,438.06,0.0,1,0.11,0.14,SPY220422P00428000,428.0,0,0.0,0.0,,0.0,normalDay
2022-04-22,13255.0,-196.0,11.0,100,426.04,428.0,1,0.11,0.0,SPY220422P00428000,428.0,0,0.0,0.0,,0.0,expirationDay
2022-04-25,13255.0,51.0,0.0,100,428.51,428.0,0,0.0,0.0,,0.0,0,0.0,0.0,,0.0,bidTooLow
2022-04-26,13255.0,-1190.0,0.0,100,416.1,428.0,0,0.0,0.0,,0.0,0,0.0,0.0,,0.0,bidTooLow
2022-04-27,13255.0,-1073.0,0.0,100,417.27,428.0,0,0.0,0.0,,0.0,0,0.0,0.0,,0.0,bidTooLow
2022-04-28,13255.0,-19.0,0.0,100,427.81,428.0,0,0.0,0.0,,0.0,0,0.0,0.0,,0.0,bidTooLow
2022-04-29,13255.0,-1600.0,0.0,100,412.0,428.0,0,0.0,0.0,,0.0,0,0.0,0.0,,0.0,bidTooLow
2022-05-02,13255.0,-1352.0,0.0,100,414.48,428.0,0,0.0,0.0,,0.0,0,0.0,0.0,,0.0,bidTooLow
2022-05-03,13255.0,-1162.0,0.0,100,416.38,428.0,0,0.0,0.0,,0.0,0,0.0,0.0,,0.0,bidTooLow
2022-05-04,13255.0,106.0,0.0,100,429.06,428.0,0,0.0,0.0,,0.0,0,0.0,0.0,,0.0,bidTooLow
2022-05-05,13255.0,-1419.0,0.0,100,413.81,428.0,0,0.0,0.0,,0.0,0,0.0,0.0,,0.0,bidTooLow
2022-05-06,13255.0,-1666.0,0.0,100,411.34,428.0,0,0.0,0.0,,0.0,0,0.0,0.0,,0.0,bidTooLow
2022-05-09,13255.0,-2983.0,0.0,100,398.17,428.0,0,0.0,0.0,,0.0,0,0.0,0.0,,0.0,bidTooLow
2022-05-10,13255.0,-2891.0,0.0,100,399.09,428.0,0,0.0,0.0,,0.0,0,0.0,0.0,,0.0,bidTooLow
2022-05-11,13255.0,-3525.0,0.0,100,392.75,428.0,0,0.0,0.0,,0.0,0,0.0,0.0,,0.0,bidTooLow
2022-05-12,13255.0,-3566.0,0.0,100,392.34,428.0,0,0.0,0.0,,0.0,0,0.0,0.0,,0.0,bidTooLow
2022-05-13,13255.0,-2628.0,0.0,100,401.72,428.0,0,0.0,0.0,,0.0,0,0.0,0.0,,0.0,bidTooLow
2022-05-16,13255.0,-2791.0,0.0,100,400.09,428.0,0,0.0,0.0,,0.0,0,0.0,0.0,,0.0,bidTooLow
2022-05-17,13255.0,-1968.0,0.0,100,408.32,428.0,0,0.0,0.0,,0.0,0,0.0,0.0,,0.0,bidTooLow
2022-05-18,13255.0,-3614.0,0.0,100,391.86,428.0,0,0.0,0.0,,0.0,0,0.0,0.0,,0.0,bidTooLow
2022-05-19,13255.0,-3854.0,0.0,100,389.46,428.0,0,0.0,0.0,,0.0,0,0.0,0.0,,0.0,bidTooLow
2022-05-20,13255.0,-3837.0,0.0,100,389.63,428.0,0,0.0,0.0,,0.0,0,0.0,0.0,,0.0,bidTooLow
2022-05-23,13255.0,-3108.0,0.0,100,396.92,428.0,0,0.0,0.0,,0.0,0,0.0,0.0,,0.0,bidTooLow
2022-05-24,13255.0,-3411.0,0.0,100,393.89,428.0,0,0.0,0.0,,0.0,0,0.0,0.0,,0.0,bidTooLow
2022-05-25,13255.0,-3063.0,0.0,100,397.37,428.0,0,0.0,0.0,,0.0,0,0.0,0.0,,0.0,bidTooLow
2022-05-26,13255.0,-2272.0,0.0,100,405.31,428.0,0,0.0,0.0,,0.0,1,0.16,0.19,SPY220601C00422000,422.0,normalDay
2022-05-27,13255.0,-1359.0,0.0,100,415.26,428.0,0,0.0,0.0,,0.0,1,0.16,1.01,SPY220601C00422000,422.0,normalDay
2022-05-31,13255.0,-1504.0,0.0,100,412.93,428.0,0,0.0,0.0,,0.0,1,0.16,0.13,SPY220601C00422000,422.0,normalDay
2022-06-01,13271.0,-1841.0,16.0,100,409.59,428.0,0,0.0,0.0,,0.0,1,0.16,0.0,SPY220601C00422000,422.0,expirationDay
2022-06-02,13271.0,-1066.0,0.0,100,417.39,428.0,0,0.0,0.0,,0.0,1,4.05,4.1,SPY220608C00418000,418.0,normalDay
2022-06-03,13271.0,-1451.0,0.0,100,410.54,428.0,0,0.0,0.0,,0.0,1,4.05,1.1,SPY220608C00418000,418.0,normalDay
2022-06-06,13271.0,-1286.0,0.0,100,411.79,428.0,0,0.0,0.0,,0.0,1,4.05,0.7,SPY220608C00418000,418.0,normalDay
2022-06-07,13271.0,-906.0,0.0,100,415.74,428.0,0,0.0,0.0,,0.0,1,4.05,0.85,SPY220608C00418000,418.0,normalDay
2022-06-08,13676.0,-1678.0,405.0,100,411.22,428.0,0,0.0,0.0,,0.0,1,4.05,0.0,SPY220608C00418000,418.0,expirationDay
2022-06-09,13676.0,-2659.0,0.0,100,401.44,428.0,0,0.0,0.0,,0.0,1,0.5,0.53,SPY220615C00420000,420.0,normalDay
2022-06-10,13676.0,-3776.0,0.0,100,389.8,428.0,0,0.0,0.0,,0.0,1,0.5,0.06,SPY220615C00420000,420.0,normalDay
2022-06-13,13676.0,-5252.0,0.0,100,375.0,428.0,0,0.0,0.0,,0.0,1,0.5,0.02,SPY220615C00420000,420.0,normalDay
2022-06-14,13676.0,-5364.0,0.0,100,373.87,428.0,0,0.0,0.0,,0.0,1,0.5,0.01,SPY220615C00420000,420.0,normalDay
2022-06-15,13726.0,-4880.0,50.0,100,379.2,428.0,0,0.0,0.0,,0.0,1,0.5,0.0,SPY220615C00420000,420.0,expirationDay
2022-06-16,13726.0,-6135.0,0.0,100,366.65,428.0,0,0.0,0.0,,0.0,0,0.0,0.0,,0.0,bidTooLow
2022-06-17,13726.0,-6214.0,0.0,100,365.86,428.0,0,0.0,0.0,,0.0,0,0.0,0.0,,0.0,bidTooLow
2022-06-21,13726.0,-5293.0,0.0,100,375.07,428.0,0,0.0,0.0,,0.0,0,0.0,0.0,,0.0,bidTooLow
2022-06-22,13726.0,-5361.0,0.0,100,374.39,428.0,0,0.0,0.0,,0.0,0,0.0,0.0,,0.0,bidTooLow
2022-06-23,13726.0,-4994.0,0.0,100,378.06,428.0,0,0.0,0.0,,0.0,0,0.0,0.0,,0.0,bidTooLow
2022-06-24,13726.0,-3792.0,0.0,100,390.08,428.0,0,0.0,0.0,,0.0,0,0.0,0.0,,0.0,bidTooLow
2022-06-27,13726.0,-3941.0,0.0,100,388.59,428.0,0,0.0,0.0,,0.0,0,0.0,0.0,,0.0,bidTooLow
2022-06-28,13726.0,-4735.0,0.0,100,380.65,428.0,0,0.0,0.0,,0.0,0,0.0,0.0,,0.0,bidTooLow
2022-06-29,13726.0,-4766.0,0.0,100,380.34,428.0,0,0.0,0.0,,0.0,0,0.0,0.0,,0.0,bidTooLow
2022-06-30,13726.0,-5075.0,0.0,100,377.25,428.0,0,0.0,0.0,,0.0,0,0.0,0.0,,0.0,bidTooLow
2022-07-01,13726.0,-4676.0,0.0,100,381.24,428.0,0,0.0,0.0,,0.0,0,0.0,0.0,,0.0,bidTooLow
2022-07-05,13726.0,-4604.0,0.0,100,381.96,428.0,0,0.0,0.0,,0.0,0,0.0,0.0,,0.0,bidTooLow
2022-07-06,13726.0,-4475.0,0.0,100,383.25,428.0,0,0.0,0.0,,0.0,0,0.0,0.0,,0.0,bidTooLow
2022-07-07,13726.0,-3904.0,0.0,100,388.99,428.0,0,0.0,0.0,,0.0,1,0.46,0.49,SPY220713C00402000,402.0,normalDay
2022-07-08,13726.0,-3908.0,0.0,100,388.67,428.0,0,0.0,0.0,,0.0,1,0.46,0.21,SPY220713C00402000,402.0,normalDay
2022-07-11,13726.0,-4334.0,0.0,100,384.23,428.0,0,0.0,0.0,,0.0,1,0.46,0.03,SPY220713C00402000,402.0,normalDay
2022-07-12,13726.0,-4673.0,0.0,100,380.83,428.0,0,0.0,0.0,,0.0,1,0.46,0.02,SPY220713C00402000,402.0,normalDay
2022-07-13,13772.0,-4917.0,46.0,100,378.83,428.0,0,0.0,0.0,,0.0,1,0.46,0.0,SPY220713C00402000,402.0,expirationDay
2022-07-14,13772.0,-5012.0,0.0,100,377.91,428.0,0,0.0,0.0,,0.0,1,0.33,0.36,SPY220720C00392000,392.0,normalDay
2022-07-15,13772.0,-4329.0,0.0,100,385.13,428.0,0,0.0,0.0,,0.0,1,0.33,0.75,SPY220720C00392000,392.0,normalDay
2022-07-18,13772.0,-4588.0,0.0,100,381.95,428.0,0,0.0,0.0,,0.0,1,0.33,0.16,SPY220720C00392000,392.0,normalDay
2022-07-19,13772.0,-3785.0,0.0,100,392.27,428.0,0,0.0,0.0,,0.0,1,0.33,2.45,SPY220720C00392000,392.0,normalDay
2022-07-20,10205.0,-3785.0,-3567.0,0,394.77,0.0,0,0.0,0.0,,0.0,1,0.33,0.0,SPY220720C00392000,392.0,expirationDay
2022-07-21,10205.0,0.0,0.0,0,398.79,0.0,0,0.0,0.0,,0.0,0,0.0,0.0,,0.0,bidTooLow
2022-07-22,10205.0,0.0,0.0,0,395.09,0.0,0,0.0,0.0,,0.0,0,0.0,0.0,,0.0,bidTooLow
2022-07-25,10205.0,0.0,0.0,0,395.57,0.0,0,0.0,0.0,,0.0,0,0.0,0.0,,0.0,bidTooLow
2022-07-26,10205.0,-3.0,0.0,0,390.89,0.0,1,0.08,0.11,SPY220729P00368000,368.0,0,0.0,0.0,,0.0,normalDay
2022-07-27,10205.0,4.0,0.0,0,401.04,0.0,1,0.08,0.04,SPY220729P00368000,368.0,0,0.0,0.0,,0.0,normalDay
2022-07-28,10205.0,7.0,0.0,0,406.07,0.0,1,0.08,0.01,SPY220729P00368000,368.0,0,0.0,0.0,,0.0,normalDay
2022-07-29,10213.0,0.0,8.0,0,411.99,0.0,1,0.08,0.0,SPY220729P00368000,368.0,0,0.0,0.0,,0.0,expirationDay
2022-08-01,10213.0,0.0,0.0,0,410.77,0.0,0,0.0,0.0,,0.0,0,0.0,0.0,,0.0,bidTooLow
2022-08-02,10213.0,0.0,0.0,0,408.06,0.0,0,0.0,0.0,,0.0,0,0.0,0.0,,0.0,bidTooLow
2022-08-03,10213.0,0.0,0.0,0,414.45,0.0,0,0.0,0.0,,0.0,0,0.0,0.0,,0.0,bidTooLow
2022-08-04,10213.0,0.0,0.0,0,414.17,0.0,0,0.0,0.0,,0.0,0,0.0,0.0,,0.0,bidTooLow
2022-08-05,10213.0,0.0,0.0,0,413.47,0.0,0,0.0,0.0,,0.0,0,0.0,0.0,,0.0,bidTooLow
2022-08-08,10213.0,0.0,0.0,0,412.99,0.0,0,0.0,0.0,,0.0,0,0.0,0.0,,0.0,bidTooLow
2022-08-09,10213.0,0.0,0.0,0,411.35,0.0,0,0.0,0.0,,0.0,0,0.0,0.0,,0.0,bidTooLow
2022-08-10,10213.0,0.0,0.0,0,419.99,0.0,0,0.0,0.0,,0.0,0,0.0,0.0,,0.0,bidTooLow
2022-08-11,10213.0,0.0,0.0,0,419.99,0.0,0,0.0,0.0,,0.0,0,0.0,0.0,,0.0,bidTooLow
2022-08-12,10213.0,0.0,0.0,0,427.1,0.0,0,0.0,0.0,,0.0,0,0.0,0.0,,0.0,bidTooLow
2022-08-15,10213.0,0.0,0.0,0,428.86,0.0,0,0.0,0.0,,0.0,0,0.0,0.0,,0.0,bidTooLow
2022-08-16,10213.0,0.0,0.0,0,429.7,0.0,0,0.0,0.0,,0.0,0,0.0,0.0,,0.0,bidTooLow
2022-08-17,10213.0,0.0,0.0,0,426.65,0.0,0,0.0,0.0,,0.0,0,0.0,0.0,,0.0,bidTooLow
2022-08-18,10213.0,0.0,0.0,0,427.89,0.0,0,0.0,0.0,,0.0,0,0.0,0.0,,0.0,bidTooLow
2022-08-19,10213.0,0.0,0.0,0,422.14,0.0,0,0.0,0.0,,0.0,0,0.0,0.0,,0.0,bidTooLow
2022-08-22,10213.0,0.0,0.0,0,413.35,0.0,0,0.0,0.0,,0.0,0,0.0,0.0,,0.0,bidTooLow
2022-08-23,10213.0,-3.0,0.0,0,412.35,0.0,1,0.15,0.18,SPY220826P00394000,394.0,0,0.0,0.0,,0.0,normalDay
2022-08-24,10213.0,10.0,0.0,0,413.67,0.0,1,0.15,0.05,SPY220826P00394000,394.0,0,0.0,0.0,,0.0,normalDay
2022-08-25,10213.0,12.0,0.0,0,419.51,0.0,1,0.15,0.03,SPY220826P00394000,394.0,0,0.0,0.0,,0.0,normalDay
2022-08-26,10228.0,0.0,15.0,0,405.31,0.0,1,0.15,0.0,SPY220826P00394000,394.0,0,0.0,0.0,,0.0,expirationDay
2022-08-29,10228.0,-3.0,0.0,0,402.63,0.0,1,0.95,0.98,SPY220831P00396000,396.0,0,0.0,0.0,,0.0,normalDay
2022-08-30,10228.0,-30.0,0.0,0,398.21,0.0,1,0.95,1.25,SPY220831P00396000,396.0,0,0.0,0.0,,0.0,normalDay
2022-08-31,10323.0,-82.0,95.0,100,395.18,396.0,1,0.95,0.0,SPY220831P00396000,396.0,0,0.0,0.0,,0.0,expirationDay
2022-09-01,10323.0,42.0,0.0,100,396.42,396.0,0,0.0,0.0,,0.0,0,0.0,0.0,,0.0,bidTooLow
2022-09-02,10323.0,-376.0,0.0,100,392.24,396.0,0,0.0,0.0,,0.0,0,0.0,0.0,,0.0,bidTooLow
2022-09-06,10323.0,-524.0,0.0,100,390.76,396.0,0,0.0,0.0,,0.0,0,0.0,0.0,,0.0,bidTooLow
2022-09-07,10323.0,178.0,0.0,100,397.78,396.0,0,0.0,0.0,,0.0,0,0.0,0.0,,0.0,bidTooLow
2022-09-08,10323.0,438.0,0.0,100,400.38,396.0,0,0.0,0.0,,0.0,0,0.0,0.0,,0.0,bidTooLow
2022-09-09,10323.0,1060.0,0.0,100,406.6,396.0,0,0.0,0.0,,0.0,0,0.0,0.0,,0.0,bidTooLow
2022-09-12,10323.0,1494.0,0.0,100,410.97,396.0,0,0.0,0.0,,0.0,1,0.05,0.08,SPY220916C00433000,433.0,normalDay
2022-09-13,10323.0,-286.0,0.0,100,393.1,396.0,0,0.0,0.0,,0.0,1,0.05,0.01,SPY220916C00433000,433.0,normalDay
2022-09-14,10323.0,-136.0,0.0,100,394.6,396.0,0,0.0,0.0,,0.0,1,0.05,0.01,SPY220916C00433000,433.0,normalDay
2022-09-15,10323.0,-584.0,0.0,100,390.12,396.0,0,0.0,0.0,,0.0,1,0.05,0.01,SPY220916C00433000,433.0,normalDay
2022-09-16,10328.0,-1044.0,5.0,100,385.56,396.0,0,0.0,0.0,,0.0,1,0.05,0.0,SPY220916C00433000,433.0,expirationDay
2022-09-19,10328.0,-748.0,0.0,100,388.55,396.0,0,0.0,0.0,,0.0,1,0.01,0.04,SPY220923C00418000,418.0,normalDay
2022-09-20,10328.0,-1192.0,0.0,100,384.09,396.0,0,0.0,0.0,,0.0,1,0.01,0.02,SPY220923C00418000,418.0,normalDay
2022-09-21,10328.0,-1861.0,0.0,100,377.39,396.0,0,0.0,0.0,,0.0,1,0.01,0.01,SPY220923C00418000,418.0,normalDay
2022-09-22,10328.0,-2178.0,0.0,100,374.22,396.0,0,0.0,0.0,,0.0,1,0.01,0.01,SPY220923C00418000,418.0,normalDay
2022-09-23,10329.0,-2805.0,1.0,100,367.95,396.0,0,0.0,0.0,,0.0,1,0.01,0.0,SPY220923C00418000,418.0,expirationDay
2022-09-26,10329.0,-3169.0,0.0,100,364.31,396.0,0,0.0,0.0,,0.0,0,0.0,0.0,,0.0,bidTooLow
2022-09-27,10329.0,-3262.0,0.0,100,363.38,396.0,0,0.0,0.0,,0.0,0,0.0,0.0,,0.0,bidTooLow
2022-09-28,10329.0,-2547.0,0.0,100,370.53,396.0,0,0.0,0.0,,0.0,0,0.0,0.0,,0.0,bidTooLow
2022-09-29,10329.0,-3321.0,0.0,100,362.79,396.0,0,0.0,0.0,,0.0,0,0.0,0.0,,0.0,bidTooLow
2022-09-30,10329.0,-3882.0,0.0,100,357.18,396.0,0,0.0,0.0,,0.0,0,0.0,0.0,,0.0,bidTooLow
2022-10-03,10329.0,-2939.0,0.0,100,366.61,396.0,0,0.0,0.0,,0.0,0,0.0,0.0,,0.0,bidTooLow
2022-10-04,10329.0,-1803.0,0.0,100,377.97,396.0,0,0.0,0.0,,0.0,0,0.0,0.0,,0.0,bidTooLow
2022-10-05,10329.0,-1891.0,0.0,100,377.09,396.0,0,0.0,0.0,,0.0,0,0.0,0.0,,0.0,bidTooLow
2022-10-06,10329.0,-2280.0,0.0,100,373.2,396.0,0,0.0,0.0,,0.0,0,0.0,0.0,,0.0,bidTooLow
2022-10-07,10329.0,-3321.0,0.0,100,362.79,396.0,0,0.0,0.0,,0.0,0,0.0,0.0,,0.0,bidTooLow
2022-10-10,10329.0,-3598.0,0.0,100,360.02,396.0,0,0.0,0.0,,0.0,0,0.0,0.0,,0.0,bidTooLow
2022-10-11,10329.0,-3829.0,0.0,100,357.74,396.0,0,0.0,0.0,,0.0,1,0.02,0.05,SPY221017C00393000,393.0,normalDay
2022-10-12,10329.0,-3945.0,0.0,100,356.56,396.0,0,0.0,0.0,,0.0,1,0.02,0.03,SPY221017C00393000,393.0,normalDay
2022-10-13,10329.0,-3004.0,0.0,100,365.97,396.0,0,0.0,0.0,,0.0,1,0.02,0.03,SPY221017C00393000,393.0,normalDay
2022-10-14,10329.0,-3836.0,0.0,100,357.63,396.0,0,0.0,0.0,,0.0,1,0.02,0.01,SPY221017C00393000,393.0,normalDay
2022-10-17,10331.0,-2918.0,2.0,100,366.82,396.0,0,0.0,0.0,,0.0,1,0.02,0.0,SPY221017C00393000,393.0,expirationDay
2022-10-18,10331.0,-2491.0,0.0,100,371.13,396.0,0,0.0,0.0,,0.0,1,2.21,2.25,SPY221024C00379000,379.0,normalDay
2022-10-19,10331.0,-2614.0,0.0,100,368.5,396.0,0,0.0,0.0,,0.0,1,2.21,0.85,SPY221024C00379000,379.0,normalDay
2022-10-20,10331.0,-2856.0,0.0,100,365.41,396.0,0,0.0,0.0,,0.0,1,2.21,0.18,SPY221024C00379000,379.0,normalDay
2022-10-21,10331.0,-2032.0,0.0,100,374.29,396.0,0,0.0,0.0,,0.0,1,2.21,0.82,SPY221024C00379000,379.0,normalDay
2022-10-24,10552.0,-1713.0,221.0,100,378.87,396.0,0,0.0,0.0,,0.0,1,2.21,0.0,SPY221024C00379000,379.0,expirationDay
2022-10-25,10552.0,-1116.0,0.0,100,384.92,396.0,0,0.0,0.0,,0.0,1,5.55,5.63,SPY221031C00382000,382.0,normalDay
2022-10-26,10552.0,-1300.0,0.0,100,382.02,396.0,0,0.0,0.0,,0.0,1,5.55,4.57,SPY221031C00382000,382.0,normalDay
2022-10-27,10552.0,-1183.0,0.0,100,379.98,396.0,0,0.0,0.0,,0.0,1,5.55,1.36,SPY221031C00382000,382.0,normalDay
2022-10-28,10552.0,-917.0,0.0,100,389.02,396.0,0,0.0,0.0,,0.0,1,5.55,7.74,SPY221031C00382000,382.0,normalDay
2022-10-31,9707.0,-917.0,-845.0,0,386.21,0.0,0,0.0,0.0,,0.0,1,5.55,0.0,SPY221031C00382000,382.0,expirationDay
2022-11-01,9707.0,0.0,0.0,0,384.52,0.0,0,0.0,0.0,,0.0,0,0.0,0.0,,0.0,bidTooLow
2022-11-02,9707.0,0.0,0.0,0,374.87,0.0,0,0.0,0.0,,0.0,0,0.0,0.0,,0.0,bidTooLow
2022-11-03,9707.0,0.0,0.0,0,371.01,0.0,0,0.0,0.0,,0.0,0,0.0,0.0,,0.0,bidTooLow
2022-11-04,9707.0,0.0,0.0,0,376.35,0.0,0,0.0,0.0,,0.0,0,0.0,0.0,,0.0,bidTooLow
2022-11-07,9707.0,0.0,0.0,0,379.95,0.0,0,0.0,0.0,,0.0,0,0.0,0.0,,0.0,bidTooLow
2022-11-08,9707.0,-3.0,0.0,0,382.0,0.0,1,0.06,0.09,SPY221111P00350000,350.0,0,0.0,0.0,,0.0,normalDay
2022-11-09,9707.0,-2.0,0.0,0,374.13,0.0,1,0.06,0.08,SPY221111P00350000,350.0,0,0.0,0.0,,0.0,normalDay
2022-11-10,9707.0,4.0,0.0,0,394.69,0.0,1,0.06,0.02,SPY221111P00350000,350.0,0,0.0,0.0,,0.0,normalDay
2022-11-11,9713.0,0.0,6.0,0,398.51,0.0,1,0.06,0.0,SPY221111P00350000,350.0,0,0.0,0.0,,0.0,expirationDay
2022-11-14,9713.0,0.0,0.0,0,395.12,0.0,0,0.0,0.0,,0.0,0,0.0,0.0,,0.0,bidTooLow
2022-11-15,9713.0,-3.0,0.0,0,398.49,0.0,1,0.02,0.05,SPY221118P00356000,356.0,0,0.0,0.0,,0.0,normalDay
2022-11-16,9713.0,-1.0,0.0,0,395.45,0.0,1,0.02,0.03,SPY221118P00356000,356.0,0,0.0,0.0,,0.0,normalDay
2022-11-17,9713.0,0.0,0.0,0,394.24,0.0,1,0.02,0.02,SPY221118P00356000,356.0,0,0.0,0.0,,0.0,normalDay
2022-11-18,9715.0,0.0,2.0,0,396.03,0.0,1,0.02,0.0,SPY221118P00356000,356.0,0,0.0,0.0,,0.0,expirationDay
2022-11-21,9715.0,0.0,0.0,0,394.59,0.0,0,0.0,0.0,,0.0,0,0.0,0.0,,0.0,bidTooLow
2022-11-22,9715.0,0.0,0.0,0,399.9,0.0,0,0.0,0.0,,0.0,0,0.0,0.0,,0.0,bidTooLow
2022-11-23,9715.0,0.0,0.0,0,402.42,0.0,0,0.0,0.0,,0.0,0,0.0,0.0,,0.0,bidTooLow
2022-11-25,9715.0,0.0,0.0,0,402.33,0.0,0,0.0,0.0,,0.0,0,0.0,0.0,,0.0,bidTooLow
2022-11-28,9715.0,0.0,0.0,0,395.91,0.0,0,0.0,0.0,,0.0,0,0.0,0.0,,0.0,bidTooLow
2022-11-29,9715.0,0.0,0.0,0,395.23,0.0,0,0.0,0.0,,0.0,0,0.0,0.0,,0.0,bidTooLow
2022-11-30,9715.0,0.0,0.0,0,407.68,0.0,0,0.0,0.0,,0.0,0,0.0,0.0,,0.0,bidTooLow
2022-12-01,9715.0,0.0,0.0,0,407.38,0.0,0,0.0,0.0,,0.0,0,0.0,0.0,,0.0,bidTooLow
2022-12-02,9715.0,0.0,0.0,0,406.91,0.0,0,0.0,0.0,,0.0,0,0.0,0.0,,0.0,bidTooLow
2022-12-05,9715.0,0.0,0.0,0,399.59,0.0,0,0.0,0.0,,0.0,0,0.0,0.0,,0.0,bidTooLow
2022-12-06,9715.0,-3.0,0.0,0,393.83,0.0,1,0.08,0.11,SPY221209P00375000,375.0,0,0.0,0.0,,0.0,normalDay
2022-12-07,9715.0,3.0,0.0,0,393.16,0.0,1,0.08,0.05,SPY221209P00375000,375.0,0,0.0,0.0,,0.0,normalDay
2022-12-08,9715.0,6.0,0.0,0,396.24,0.0,1,0.08,0.02,SPY221209P00375000,375.0,0,0.0,0.0,,0.0,normalDay
2022-12-09,9723.0,0.0,8.0,0,393.28,0.0,1,0.08,0.0,SPY221209P00375000,375.0,0,0.0,0.0,,0.0,expirationDay
2022-12-12,9723.0,-4.0,0.0,0,398.95,0.0,1,1.89,1.93,SPY221215P00386000,386.0,0,0.0,0.0,,0.0,normalDay
2022-12-13,9723.0,153.0,0.0,0,401.97,0.0,1,1.89,0.36,SPY221215P00386000,386.0,0,0.0,0.0,,0.0,normalDay
2022-12-14,9723.0,180.0,0.0,0,399.4,0.0,1,1.89,0.09,SPY221215P00386000,386.0,0,0.0,0.0,,0.0,normalDay
2022-12-15,9912.0,0.0,189.0,0,389.63,0.0,1,1.89,0.0,SPY221215P00386000,386.0,0,0.0,0.0,,0.0,expirationDay
2022-12-16,9912.0,-4.0,0.0,0,383.27,0.0,1,1.11,1.15,SPY221219P00381000,381.0,0,0.0,0.0,,0.0,normalDay
2022-12-19,10023.0,-98.0,111.0,100,380.02,381.0,1,1.11,0.0,SPY221219P00381000,381.0,0,0.0,0.0,,0.0,expirationDay
2022-12-20,10023.0,-46.0,0.0,100,380.54,381.0,0,0.0,0.0,,0.0,0,0.0,0.0,,0.0,bidTooLow
2022-12-21,10023.0,523.0,0.0,100,386.23,381.0,0,0.0,0.0,,0.0,0,0.0,0.0,,0.0,bidTooLow
2022-12-22,10023.0,-28.0,0.0,100,380.72,381.0,0,0.0,0.0,,0.0,0,0.0,0.0,,0.0,bidTooLow
2022-12-23,10023.0,191.0,0.0,100,382.91,381.0,0,0.0,0.0,,0.0,0,0.0,0.0,,0.0,bidTooLow
2022-12-27,10023.0,40.0,0.0,100,381.4,381.0,0,0.0,0.0,,0.0,0,0.0,0.0,,0.0,bidTooLow
2022-12-28,10023.0,-434.0,0.0,100,376.66,381.0,0,0.0,0.0,,0.0,0,0.0,0.0,,0.0,bidTooLow
2022-12-29,10023.0,244.0,0.0,100,383.44,381.0,0,0.0,0.0,,0.0,0,0.0,0.0,,0.0,bidTooLow
2022-12-30,10023.0,143.0,0.0,100,382.43,381.0,0,0.0,0.0,,0.0,0,0.0,0.0,,0.0,bidTooLow
2023-01-03,10023.0,-21.0,0.0,100,380.82,381.0,0,0.0,0.0,,0.0,1,0.01,0.04,SPY230109C00403000,403.0,normalDay
2023-01-04,10023.0,274.0,0.0,100,383.76,381.0,0,0.0,0.0,,0.0,1,0.01,0.03,SPY230109C00403000,403.0,normalDay
2023-01-05,10023.0,-162.0,0.0,100,379.38,381.0,0,0.0,0.0,,0.0,1,0.01,0.01,SPY230109C00403000,403.0,normalDay
2023-01-06,10023.0,708.0,0.0,100,388.08,381.0,0,0.0,0.0,,0.0,1,0.01,0.01,SPY230109C00403000,403.0,normalDay
2023-01-09,10024.0,686.0,1.0,100,387.86,381.0,0,0.0,0.0,,0.0,1,0.01,0.0,SPY230109C00403000,403.0,expirationDay
2023-01-10,10024.0,955.0,0.0,100,390.58,381.0,0,0.0,0.0,,0.0,1,1.22,1.25,SPY230113C00399000,399.0,normalDay
2023-01-11,10024.0,1300.0,0.0,100,395.52,381.0,0,0.0,0.0,,0.0,1,1.22,2.74,SPY230113C00399000,399.0,normalDay
2023-01-12,10024.0,1629.0,0.0,100,396.96,381.0,0,0.0,0.0,,0.0,1,1.22,0.89,SPY230113C00399000,399.0,normalDay
2023-01-13,10146.0,1750.0,122.0,100,398.5,381.0,0,0.0,0.0,,0.0,1,1.22,0.0,SPY230113C00399000,399.0,expirationDay
2023-01-17,10146.0,1672.0,0.0,100,397.77,381.0,0,0.0,0.0,,0.0,1,2.87,2.92,SPY230123C00398000,398.0,normalDay
2023-01-18,10146.0,1283.0,0.0,100,391.49,381.0,0,0.0,0.0,,0.0,1,2.87,0.53,SPY230123C00398000,398.0,normalDay
2023-01-19,10146.0,1038.0,0.0,100,388.64,381.0,0,0.0,0.0,,0.0,1,2.87,0.13,SPY230123C00398000,398.0,normalDay
2023-01-20,10146.0,1714.0,0.0,100,395.88,381.0,0,0.0,0.0,,0.0,1,2.87,0.61,SPY230123C00398000,398.0,normalDay
2023-01-23,12133.0,1714.0,1987.0,0,400.63,0.0,0,0.0,0.0,,0.0,1,2.87,0.0,SPY230123C00398000,398.0,expirationDay
2023-01-24,12133.0,0.0,0.0,0,400.2,0.0,0,0.0,0.0,,0.0,0,0.0,0.0,,0.0,bidTooLow
2023-01-25,12133.0,0.0,0.0,0,400.35,0.0,0,0.0,0.0,,0.0,0,0.0,0.0,,0.0,bidTooLow
2023-01-26,12133.0,0.0,0.0,0,404.75,0.0,0,0.0,0.0,,0.0,0,0.0,0.0,,0.0,bidTooLow
2023-01-27,12133.0,0.0,0.0,0,405.68,0.0,0,0.0,0.0,,0.0,0,0.0,0.0,,0.0,bidTooLow
2023-01-30,12133.0,-3.0,0.0,0,400.59,0.0,1,0.01,0.04,SPY230202P00372000,372.0,0,0.0,0.0,,0.0,normalDay
2023-01-31,12133.0,-2.0,0.0,0,406.48,0.0,1,0.01,0.03,SPY230202P00372000,372.0,0,0.0,0.0,,0.0,normalDay
2023-02-01,12133.0,-1.0,0.0,0,410.8,0.0,1,0.01,0.02,SPY230202P00372000,372.0,0,0.0,0.0,,0.0,normalDay
2023-02-02,12134.0,0.0,1.0,0,416.78,0.0,1,0.01,0.0,SPY230202P00372000,372.0,0,0.0,0.0,,0.0,expirationDay
2023-02-03,12134.0,0.0,0.0,0,412.35,0.0,0,0.0,0.0,,0.0,0,0.0,0.0,,0.0,bidTooLow
2023-02-06,12134.0,0.0,0.0,0,409.83,0.0,0,0.0,0.0,,0.0,0,0.0,0.0,,0.0,bidTooLow
2023-02-07,12134.0,0.0,0.0,0,415.19,0.0,0,0.0,0.0,,0.0,0,0.0,0.0,,0.0,bidTooLow
2023-02-08,12134.0,0.0,0.0,0,410.65,0.0,0,0.0,0.0,,0.0,0,0.0,0.0,,0.0,bidTooLow
2023-02-09,12134.0,0.0,0.0,0,407.09,0.0,0,0.0,0.0,,0.0,0,0.0,0.0,,0.0,bidTooLow
2023-02-10,12134.0,0.0,0.0,0,408.04,0.0,0,0.0,0.0,,0.0,0,0.0,0.0,,0.0,bidTooLow
2023-02-13,12134.0,-3.0,0.0,0,412.83,0.0,1,0.05,0.08,SPY230216P00384000,384.0,0,0.0,0.0,,0.0,normalDay
2023-02-14,12134.0,2.0,0.0,0,412.64,0.0,1,0.05,0.03,SPY230216P00384000,384.0,0,0.0,0.0,,0.0,normalDay
2023-02-15,12134.0,3.0,0.0,0,413.98,0.0,1,0.05,0.02,SPY230216P00384000,384.0,0,0.0,0.0,,0.0,normalDay
2023-02-16,12139.0,0.0,5.0,0,408.28,0.0,1,0.05,0.0,SPY230216P00384000,384.0,0,0.0,0.0,,0.0,expirationDay
2023-02-17,12139.0,0.0,0.0,0,407.26,0.0,0,0.0,0.0,,0.0,0,0.0,0.0,,0.0,bidTooLow
2023-02-21,12139.0,-3.0,0.0,0,399.09,0.0,1,1.33,1.36,SPY230224P00394000,394.0,0,0.0,0.0,,0.0,normalDay
2023-02-22,12139.0,43.0,0.0,0,398.54,0.0,1,1.33,0.9,SPY230224P00394000,394.0,0,0.0,0.0,,0.0,normalDay
2023-02-23,12139.0,110.0,0.0,0,400.66,0.0,1,1.33,0.23,SPY230224P00394000,394.0,0,0.0,0.0,,0.0,normalDay
2023-02-24,12272.0,0.0,133.0,0,396.38,0.0,1,1.33,0.0,SPY230224P00394000,394.0,0,0.0,0.0,,0.0,expirationDay
2023-02-27,12272.0,-3.0,0.0,0,397.73,0.0,1,0.41,0.44,SPY230302P00390000,390.0,0,0.0,0.0,,0.0,normalDay
2023-02-28,12272.0,-5.0,0.0,0,396.26,0.0,1,0.41,0.46,SPY230302P00390000,390.0,0,0.0,0.0,,0.0,normalDay
2023-03-01,12272.0,15.0,0.0,0,394.74,0.0,1,0.41,0.26,SPY230302P00390000,390.0,0,0.0,0.0,,0.0,normalDay
2023-03-02,12313.0,0.0,41.0,0,397.81,0.0,1,0.41,0.0,SPY230302P00390000,390.0,0,0.0,0.0,,0.0,expirationDay
2023-03-03,12313.0,-3.0,0.0,0,404.19,0.0,1,0.01,0.04,SPY230306P00387000,387.0,0,0.0,0.0,,0.0,normalDay
2023-03-06,12314.0,0.0,1.0,0,404.47,0.0,1,0.01,0.0,SPY230306P00387000,387.0,0,0.0,0.0,,0.0,expirationDay
2023-03-07,12314.0,-3.0,0.0,0,398.27,0.0,1,0.23,0.26,SPY230310P00386000,386.0,0,0.0,0.0,,0.0,normalDay
2023-03-08,12314.0,11.0,0.0,0,398.92,0.0,1,0.23,0.12,SPY230310P00386000,386.0,0,0.0,0.0,,0.0,normalDay
2023-03-09,12314.0,-64.0,0.0,0,391.56,0.0,1,0.23,0.87,SPY230310P00386000,386.0,0,0.0,0.0,,0.0,normalDay
2023-03-10,12337.0,-9.0,23.0,100,385.91,386.0,1,0.23,0.0,SPY230310P00386000,386.0,0,0.0,0.0,,0.0,expirationDay
2023-03-13,12337.0,-67.0,0.0,100,385.36,386.0,0,0.0,0.0,,0.0,1,0.02,0.05,SPY230317C00415000,415.0,normalDay
2023-03-14,12337.0,573.0,0.0,100,391.73,386.0,0,0.0,0.0,,0.0,1,0.02,0.02,SPY230317C00415000,415.0,normalDay
2023-03-15,12337.0,329.0,0.0,100,389.28,386.0,0,0.0,0.0,,0.0,1,0.02,0.01,SPY230317C00415000,415.0,normalDay
2023-03-16,12337.0,1012.0,0.0,100,396.11,386.0,0,0.0,0.0,,0.0,1,0.02,0.01,SPY230317C00415000,415.0,normalDay
2023-03-17,12339.0,399.0,2.0,100,389.99,386.0,0,0.0,0.0,,0.0,1,0.02,0.0,SPY230317C00415000,415.0,expirationDay
2023-03-20,12339.0,771.0,0.0,100,393.74,386.0,0,0.0,0.0,,0.0,1,0.62,0.65,SPY230324C00405000,405.0,normalDay
2023-03-21,12339.0,1211.0,0.0,100,398.91,386.0,0,0.0,0.0,,0.0,1,0.62,1.42,SPY230324C00405000,405.0,normalDay
2023-03-22,12339.0,661.0,0.0,100,392.11,386.0,0,0.0,0.0,,0.0,1,0.62,0.12,SPY230324C00405000,405.0,normalDay
2023-03-23,12339.0,776.0,0.0,100,393.17,386.0,0,0.0,0.0,,0.0,1,0.62,0.03,SPY230324C00405000,405.0,normalDay
2023-03-24,12401.0,975.0,62.0,100,395.75,386.0,0,0.0,0.0,,0.0,1,0.62,0.0,SPY230324C00405000,405.0,expirationDay
2023-03-27,12401.0,1046.0,0.0,100,396.49,386.0,0,0.0,0.0,,0.0,1,0.59,0.62,SPY230331C00404000,404.0,normalDay
2023-03-28,12401.0,991.0,0.0,100,395.6,386.0,0,0.0,0.0,,0.0,1,0.59,0.28,SPY230331C00404000,404.0,normalDay
2023-03-29,12401.0,1506.0,0.0,100,401.35,386.0,0,0.0,0.0,,0.0,1,0.59,0.88,SPY230331C00404000,404.0,normalDay
2023-03-30,12401.0,1707.0,0.0,100,403.7,386.0,0,0.0,0.0,,0.0,1,0.59,1.22,SPY230331C00404000,404.0,normalDay
2023-03-31,14260.0,1707.0,1859.0,0,409.39,0.0,0,0.0,0.0,,0.0,1,0.59,0.0,SPY230331C00404000,404.0,expirationDay
2023-04-03,14260.0,0.0,0.0,0,410.95,0.0,0,0.0,0.0,,0.0,0,0.0,0.0,,0.0,bidTooLow
2023-04-04,14260.0,0.0,0.0,0,408.67,0.0,0,0.0,0.0,,0.0,0,0.0,0.0,,0.0,bidTooLow
2023-04-05,14260.0,0.0,0.0,0,407.6,0.0,0,0.0,0.0,,0.0,0,0.0,0.0,,0.0,bidTooLow
2023-04-06,14260.0,0.0,0.0,0,409.19,0.0,0,0.0,0.0,,0.0,0,0.0,0.0,,0.0,bidTooLow
2023-04-10,14260.0,0.0,0.0,0,409.61,0.0,0,0.0,0.0,,0.0,0,0.0,0.0,,0.0,bidTooLow
2023-04-11,14260.0,-3.0,0.0,0,409.72,0.0,1,0.01,0.04,SPY230414P00379000,379.0,0,0.0,0.0,,0.0,normalDay
2023-04-12,14260.0,-2.0,0.0,0,408.05,0.0,1,0.01,0.03,SPY230414P00379000,379.0,0,0.0,0.0,,0.0,normalDay
2023-04-13,14260.0,-1.0,0.0,0,413.47,0.0,1,0.01,0.02,SPY230414P00379000,379.0,0,0.0,0.0,,0.0,normalDay
2023-04-14,14261.0,0.0,1.0,0,412.46,0.0,1,0.01,0.0,SPY230414P00379000,379.0,0,0.0,0.0,,0.0,expirationDay
2023-04-17,14261.0,0.0,0.0,0,413.94,0.0,0,0.0,0.0,,0.0,0,0.0,0.0,,0.0,bidTooLow
2023-04-18,14261.0,-3.0,0.0,0,414.21,0.0,1,0.02,0.05,SPY230421P00385000,385.0,0,0.0,0.0,,0.0,normalDay
2023-04-19,14261.0,-2.0,0.0,0,414.14,0.0,1,0.02,0.04,SPY230421P00385000,385.0,0,0.0,0.0,,0.0,normalDay
2023-04-20,14261.0,0.0,0.0,0,411.88,0.0,1,0.02,0.02,SPY230421P00385000,385.0,0,0.0,0.0,,0.0,normalDay
2023-04-21,14263.0,0.0,2.0,0,412.2,0.0,1,0.02,0.0,SPY230421P00385000,385.0,0,0.0,0.0,,0.0,expirationDay
2023-04-24,14263.0,-3.0,0.0,0,412.63,0.0,1,0.01,0.04,SPY230427P00394000,394.0,0,0.0,0.0,,0.0,normalDay
2023-04-25,14263.0,-6.0,0.0,0,406.08,0.0,1,0.01,0.07,SPY230427P00394000,394.0,0,0.0,0.0,,0.0,normalDay
2023-04-26,14263.0,-3.0,0.0,0,404.36,0.0,1,0.01,0.04,SPY230427P00394000,394.0,0,0.0,0.0,,0.0,normalDay
2023-04-27,14264.0,0.0,1.0,0,412.41,0.0,1,0.01,0.0,SPY230427P00394000,394.0,0,0.0,0.0,,0.0,expirationDay
2023-04-28,14264.0,0.0,0.0,0,415.93,0.0,0,0.0,0.0,,0.0,0,0.0,0.0,,0.0,bidTooLow
2023-05-01,14264.0,-3.0,0.0,0,415.51,0.0,1,0.11,0.14,SPY230504P00403000,403.0,0,0.0,0.0,,0.0,normalDay
2023-05-02,14264.0,-33.0,0.0,0,410.84,0.0,1,0.11,0.44,SPY230504P00403000,403.0,0,0.0,0.0,,0.0,normalDay
2023-05-03,14264.0,-23.0,0.0,0,408.02,0.0,1,0.11,0.34,SPY230504P00403000,403.0,0,0.0,0.0,,0.0,normalDay
2023-05-04,14275.0,0.0,11.0,0,405.13,0.0,1,0.11,0.0,SPY230504P00403000,403.0,0,0.0,0.0,,0.0,expirationDay
2023-05-05,14275.0,-3.0,0.0,0,412.63,0.0,1,0.04,0.07,SPY230508P00402000,402.0,0,0.0,0.0,,0.0,normalDay
2023-05-08,14279.0,0.0,4.0,0,412.74,0.0,1,0.04,0.0,SPY230508P00402000,402.0,0,0.0,0.0,,0.0,expirationDay
2023-05-09,14279.0,-3.0,0.0,0,410.93,0.0,1,0.42,0.45,SPY230512P00402500,402.5,0,0.0,0.0,,0.0,normalDay
2023-05-10,14279.0,30.0,0.0,0,412.85,0.0,1,0.42,0.12,SPY230512P00402500,402.5,0,0.0,0.0,,0.0,normalDay
2023-05-11,14279.0,37.0,0.0,0,412.13,0.0,1,0.42,0.05,SPY230512P00402500,402.5,0,0.0,0.0,,0.0,normalDay
2023-05-12,14321.0,0.0,42.0,0,411.59,0.0,1,0.42,0.0,SPY230512P00402500,402.5,0,0.0,0.0,,0.0,expirationDay
2023-05-15,14321.0,-3.0,0.0,0,413.01,0.0,1,0.17,0.2,SPY230518P00403000,403.0,0,0.0,0.0,,0.0,normalDay
2023-05-16,14321.0,-10.0,0.0,0,410.25,0.0,1,0.17,0.27,SPY230518P00403000,403.0,0,0.0,0.0,,0.0,normalDay
2023-05-17,14321.0,12.0,0.0,0,415.23,0.0,1,0.17,0.05,SPY230518P00403000,403.0,0,0.0,0.0,,0.0,normalDay
2023-05-18,14338.0,0.0,17.0,0,419.23,0.0,1,0.17,0.0,SPY230518P00403000,403.0,0,0.0,0.0,,0.0,expirationDay
2023-05-19,14338.0,0.0,0.0,0,418.62,0.0,0,0.0,0.0,,0.0,0,0.0,0.0,,0.0,bidTooLow
2023-05-22,14338.0,-3.0,0.0,0,418.79,0.0,1,0.02,0.05,SPY230525P00401000,401.0,0,0.0,0.0,,0.0,normalDay
2023-05-23,14338.0,-5.0,0.0,0,414.09,0.0,1,0.02,0.07,SPY230525P00401000,401.0,0,0.0,0.0,,0.0,normalDay
2023-05-24,14338.0,-5.0,0.0,0,411.09,0.0,1,0.02,0.07,SPY230525P00401000,401.0,0,0.0,0.0,,0.0,normalDay
2023-05-25,14340.0,0.0,2.0,0,414.65,0.0,1,0.02,0.0,SPY230525P00401000,401.0,0,0.0,0.0,,0.0,expirationDay
2023-05-26,14340.0,0.0,0.0,0,420.02,0.0,0,0.0,0.0,,0.0,0,0.0,0.0,,0.0,bidTooLow
2023-05-30,14340.0,-3.0,0.0,0,420.18,0.0,1,0.07,0.1,SPY230602P00402500,402.5,0,0.0,0.0,,0.0,normalDay
2023-05-31,14340.0,-1.0,0.0,0,417.85,0.0,1,0.07,0.08,SPY230602P00402500,402.5,0,0.0,0.0,,0.0,normalDay
2023-06-01,14340.0,4.0,0.0,0,421.82,0.0,1,0.07,0.03,SPY230602P00402500,402.5,0,0.0,0.0,,0.0,normalDay
2023-06-02,14347.0,0.0,7.0,0,427.92,0.0,1,0.07,0.0,SPY230602P00402500,402.5,0,0.0,0.0,,0.0,expirationDay
2023-06-05,14347.0,0.0,0.0,0,427.1,0.0,0,0.0,0.0,,0.0,0,0.0,0.0,,0.0,bidTooLow
2023-06-06,14347.0,-3.0,0.0,0,428.03,0.0,1,0.01,0.04,SPY230609P00402000,402.0,0,0.0,0.0,,0.0,normalDay
2023-06-07,14347.0,-2.0,0.0,0,426.55,0.0,1,0.01,0.03,SPY230609P00402000,402.0,0,0.0,0.0,,0.0,normalDay
2023-06-08,14347.0,-1.0,0.0,0,429.13,0.0,1,0.01,0.02,SPY230609P00402000,402.0,0,0.0,0.0,,0.0,normalDay
2023-06-09,14348.0,0.0,1.0,0,429.9,0.0,1,0.01,0.0,SPY230609P00402000,402.0,0,0.0,0.0,,0.0,expirationDay
2023-06-12,14348.0,-3.0,0.0,0,433.8,0.0,1,0.04,0.07,SPY230615P00402000,402.0,0,0.0,0.0,,0.0,normalDay
2023-06-13,14348.0,-1.0,0.0,0,436.66,0.0,1,0.04,0.05,SPY230615P00402000,402.0,0,0.0,0.0,,0.0,normalDay
2023-06-14,14348.0,2.0,0.0,0,437.18,0.0,1,0.04,0.02,SPY230615P00402000,402.0,0,0.0,0.0,,0.0,normalDay
2023-06-15,14352.0,0.0,4.0,0,442.6,0.0,1,0.04,0.0,SPY230615P00402000,402.0,0,0.0,0.0,,0.0,expirationDay
2023-06-16,14352.0,0.0,0.0,0,439.46,0.0,0,0.0,0.0,,0.0,0,0.0,0.0,,0.0,bidTooLow
2023-06-20,14352.0,0.0,0.0,0,437.18,0.0,0,0.0,0.0,,0.0,0,0.0,0.0,,0.0,bidTooLow
2023-06-21,14352.0,0.0,0.0,0,434.94,0.0,0,0.0,0.0,,0.0,0,0.0,0.0,,0.0,bidTooLow
2023-06-22,14352.0,0.0,0.0,0,436.51,0.0,0,0.0,0.0,,0.0,0,0.0,0.0,,0.0,bidTooLow
2023-06-23,14352.0,0.0,0.0,0,433.21,0.0,0,0.0,0.0,,0.0,0,0.0,0.0,,0.0,bidTooLow
2023-06-26,14352.0,-3.0,0.0,0,431.44,0.0,1,0.03,0.06,SPY230629P00412000,412.0,0,0.0,0.0,,0.0,normalDay
2023-06-27,14352.0,-1.0,0.0,0,436.17,0.0,1,0.03,0.04,SPY230629P00412000,412.0,0,0.0,0.0,,0.0,normalDay
2023-06-28,14352.0,1.0,0.0,0,436.39,0.0,1,0.03,0.02,SPY230629P00412000,412.0,0,0.0,0.0,,0.0,normalDay
2023-06-29,14355.0,0.0,3.0,0,438.11,0.0,1,0.03,0.0,SPY230629P00412000,412.0,0,0.0,0.0,,0.0,expirationDay
2023-06-30,14355.0,0.0,0.0,0,443.28,0.0,0,0.0,0.0,,0.0,0,0.0,0.0,,0.0,bidTooLow
2023-07-03,14355.0,-3.0,0.0,0,443.79,0.0,1,0.01,0.04,SPY230706P00421000,421.0,0,0.0,0.0,,0.0,normalDay
2023-07-05,14355.0,-2.0,0.0,0,443.13,0.0,1,0.01,0.03,SPY230706P00421000,421.0,0,0.0,0.0,,0.0,normalDay
2023-07-06,14356.0,0.0,1.0,0,439.66,0.0,1,0.01,0.0,SPY230706P00421000,421.0,0,0.0,0.0,,0.0,expirationDay
2023-07-07,14356.0,0.0,0.0,0,438.55,0.0,0,0.0,0.0,,0.0,0,0.0,0.0,,0.0,bidTooLow
2023-07-10,14356.0,-3.0,0.0,0,439.66,0.0,1,0.05,0.08,SPY230713P00427000,427.0,0,0.0,0.0,,0.0,normalDay
2023-07-11,14356.0,-2.0,0.0,0,442.46,0.0,1,0.05,0.07,SPY230713P00427000,427.0,0,0.0,0.0,,0.0,normalDay
2023-07-12,14356.0,2.0,0.0,0,446.02,0.0,1,0.05,0.03,SPY230713P00427000,427.0,0,0.0,0.0,,0.0,normalDay
2023-07-13,14361.0,0.0,5.0,0,449.56,0.0,1,0.05,0.0,SPY230713P00427000,427.0,0,0.0,0.0,,0.0,expirationDay
2023-07-14,14361.0,0.0,0.0,0,449.28,0.0,0,0.0,0.0,,0.0,0,0.0,0.0,,0.0,bidTooLow
2023-07-17,14361.0,-3.0,0.0,0,450.84,0.0,1,0.01,0.04,SPY230720P00426000,426.0,0,0.0,0.0,,0.0,normalDay
2023-07-18,14361.0,-2.0,0.0,0,454.19,0.0,1,0.01,0.03,SPY230720P00426000,426.0,0,0.0,0.0,,0.0,normalDay
2023-07-19,14361.0,-1.0,0.0,0,455.2,0.0,1,0.01,0.02,SPY230720P00426000,426.0,0,0.0,0.0,,0.0,normalDay
2023-07-20,14362.0,0.0,1.0,0,452.18,0.0,1,0.01,0.0,SPY230720P00426000,426.0,0,0.0,0.0,,0.0,expirationDay
2023-07-21,14362.0,0.0,0.0,0,452.18,0.0,0,0.0,0.0,,0.0,0,0.0,0.0,,0.0,bidTooLow
2023-07-24,14362.0,0.0,0.0,0,454.2,0.0,0,0.0,0.0,,0.0,0,0.0,0.0,,0.0,bidTooLow
2023-07-25,14362.0,-3.0,0.0,0,455.44,0.0,1,0.01,0.04,SPY230728P00428000,428.0,0,0.0,0.0,,0.0,normalDay
2023-07-26,14362.0,-2.0,0.0,0,455.51,0.0,1,0.01,0.03,SPY230728P00428000,428.0,0,0.0,0.0,,0.0,normalDay
2023-07-27,14362.0,-3.0,0.0,0,452.49,0.0,1,0.01,0.04,SPY230728P00428000,428.0,0,0.0,0.0,,0.0,normalDay
2023-07-28,14363.0,0.0,1.0,0,456.92,0.0,1,0.01,0.0,SPY230728P00428000,428.0,0,0.0,0.0,,0.0,expirationDay
2023-07-31,14363.0,-3.0,0.0,0,457.79,0.0,1,0.01,0.04,SPY230803P00433000,433.0,0,0.0,0.0,,0.0,normalDay
2023-08-01,14363.0,-2.0,0.0,0,456.48,0.0,1,0.01,0.03,SPY230803P00433000,433.0,0,0.0,0.0,,0.0,normalDay
2023-08-02,14363.0,-3.0,0.0,0,450.13,0.0,1,0.01,0.04,SPY230803P00433000,433.0,0,0.0,0.0,,0.0,normalDay
2023-08-03,14364.0,0.0,1.0,0,448.84,0.0,1,0.01,0.0,SPY230803P00433000,433.0,0,0.0,0.0,,0.0,expirationDay
2023-08-04,14364.0,-3.0,0.0,0,446.81,0.0,1,0.05,0.08,SPY230807P00438000,438.0,0,0.0,0.0,,0.0,normalDay
2023-08-07,14369.0,0.0,5.0,0,450.71,0.0,1,0.05,0.0,SPY230807P00438000,438.0,0,0.0,0.0,,0.0,expirationDay
2023-08-08,14369.0,-3.0,0.0,0,448.75,0.0,1,0.64,0.67,SPY230811P00443000,443.0,0,0.0,0.0,,0.0,normalDay
2023-08-09,14369.0,-51.0,0.0,0,445.75,0.0,1,0.64,1.15,SPY230811P00443000,443.0,0,0.0,0.0,,0.0,normalDay
2023-08-10,14369.0,2.0,0.0,0,445.91,0.0,1,0.64,0.62,SPY230811P00443000,443.0,0,0.0,0.0,,0.0,normalDay
2023-08-11,14433.0,0.0,64.0,0,445.65,0.0,1,0.64,0.0,SPY230811P00443000,443.0,0,0.0,0.0,,0.0,expirationDay
2023-08-14,14433.0,-3.0,0.0,0,448.11,0.0,1,0.34,0.37,SPY230817P00441000,441.0,0,0.0,0.0,,0.0,normalDay
2023-08-15,14433.0,-96.0,0.0,0,442.89,0.0,1,0.34,1.3,SPY230817P00441000,441.0,0,0.0,0.0,,0.0,normalDay
2023-08-16,14433.0,-162.0,0.0,0,439.64,0.0,1,0.34,1.96,SPY230817P00441000,441.0,0,0.0,0.0,,0.0,normalDay
2023-08-17,14467.0,-471.0,34.0,100,436.29,441.0,1,0.34,0.0,SPY230817P00441000,441.0,0,0.0,0.0,,0.0,expirationDay
2023-08-18,14467.0,-450.0,0.0,100,436.5,441.0,0,0.0,0.0,,0.0,0,0.0,0.0,,0.0,bidTooLow
2023-08-21,14467.0,-166.0,0.0,100,439.34,441.0,0,0.0,0.0,,0.0,0,0.0,0.0,,0.0,bidTooLow
2023-08-22,14467.0,-285.0,0.0,100,438.15,441.0,0,0.0,0.0,,0.0,0,0.0,0.0,,0.0,bidTooLow
2023-08-23,14467.0,200.0,0.0,100,443.03,441.0,0,0.0,0.0,,0.0,1,0.03,0.06,SPY230829C00458000,458.0,normalDay
2023-08-24,14467.0,-410.0,0.0,100,436.89,441.0,0,0.0,0.0,,0.0,1,0.03,0.02,SPY230829C00458000,458.0,normalDay
2023-08-25,14467.0,-101.0,0.0,100,439.97,441.0,0,0.0,0.0,,0.0,1,0.03,0.01,SPY230829C00458000,458.0,normalDay
2023-08-28,14467.0,178.0,0.0,100,442.76,441.0,0,0.0,0.0,,0.0,1,0.03,0.01,SPY230829C00458000,458.0,normalDay
2023-08-29,14470.0,816.0,3.0,100,449.16,441.0,0,0.0,0.0,,0.0,1,0.03,0.0,SPY230829C00458000,458.0,expirationDay
2023-08-30,14470.0,998.0,0.0,100,451.01,441.0,0,0.0,0.0,,0.0,1,1.43,1.46,SPY230905C00453000,453.0,normalDay
2023-08-31,14470.0,979.0,0.0,100,450.35,441.0,0,0.0,0.0,,0.0,1,1.43,0.99,SPY230905C00453000,453.0,normalDay
2023-09-01,14470.0,1123.0,0.0,100,451.19,441.0,0,0.0,0.0,,0.0,1,1.43,0.39,SPY230905C00453000,453.0,normalDay
2023-09-05,14613.0,824.0,143.0,100,449.24,441.0,0,0.0,0.0,,0.0,1,1.43,0.0,SPY230905C00453000,453.0,expirationDay
2023-09-06,14613.0,519.0,0.0,100,446.22,441.0,0,0.0,0.0,,0.0,1,0.25,0.28,SPY230912C00453000,453.0,normalDay
2023-09-07,14613.0,401.0,0.0,100,444.85,441.0,0,0.0,0.0,,0.0,1,0.25,0.09,SPY230912C00453000,453.0,normalDay
2023-09-08,14613.0,473.0,0.0,100,445.52,441.0,0,0.0,0.0,,0.0,1,0.25,0.04,SPY230912C00453000,453.0,normalDay
2023-09-11,14613.0,766.0,0.0,100,448.45,441.0,0,0.0,0.0,,0.0,1,0.25,0.04,SPY230912C00453000,453.0,normalDay
2023-09-12,14638.0,499.0,25.0,100,445.99,441.0,0,0.0,0.0,,0.0,1,0.25,0.0,SPY230912C00453000,453.0,expirationDay
2023-09-13,14638.0,548.0,0.0,100,446.51,441.0,0,0.0,0.0,,0.0,1,0.15,0.18,SPY230919C00453000,453.0,normalDay
2023-09-14,14638.0,905.0,0.0,100,450.36,441.0,0,0.0,0.0,,0.0,1,0.15,0.46,SPY230919C00453000,453.0,normalDay
2023-09-15,14638.0,250.0,0.0,100,443.37,441.0,0,0.0,0.0,,0.0,1,0.15,0.02,SPY230919C00453000,453.0,normalDay
2023-09-18,14638.0,277.0,0.0,100,443.63,441.0,0,0.0,0.0,,0.0,1,0.15,0.01,SPY230919C00453000,453.0,normalDay
2023-09-19,14653.0,171.0,15.0,100,442.71,441.0,0,0.0,0.0,,0.0,1,0.15,0.0,SPY230919C00453000,453.0,expirationDay
2023-09-20,14653.0,-239.0,0.0,100,438.64,441.0,0,0.0,0.0,,0.0,1,0.01,0.04,SPY230926C00453000,453.0,normalDay
2023-09-21,14653.0,-961.0,0.0,100,431.39,441.0,0,0.0,0.0,,0.0,1,0.01,0.01,SPY230926C00453000,453.0,normalDay
2023-09-22,14653.0,-1058.0,0.0,100,430.42,441.0,0,0.0,0.0,,0.0,1,0.01,0.01,SPY230926C00453000,453.0,normalDay
2023-09-25,14653.0,-877.0,0.0,100,432.23,441.0,0,0.0,0.0,,0.0,1,0.01,0.01,SPY230926C00453000,453.0,normalDay
2023-09-26,14654.0,-1512.0,1.0,100,425.88,441.0,0,0.0,0.0,,0.0,1,0.01,0.0,SPY230926C00453000,453.0,expirationDay
2023-09-27,14654.0,-1495.0,0.0,100,426.05,441.0,0,0.0,0.0,,0.0,0,0.0,0.0,,0.0,bidTooLow
2023-09-28,14654.0,-1248.0,0.0,100,428.52,441.0,0,0.0,0.0,,0.0,0,0.0,0.0,,0.0,bidTooLow
2023-09-29,14654.0,-1352.0,0.0,100,427.48,441.0,0,0.0,0.0,,0.0,0,0.0,0.0,,0.0,bidTooLow
2023-10-02,14654.0,-1369.0,0.0,100,427.31,441.0,0,0.0,0.0,,0.0,0,0.0,0.0,,0.0,bidTooLow
2023-10-03,14654.0,-1941.0,0.0,100,421.59,441.0,0,0.0,0.0,,0.0,0,0.0,0.0,,0.0,bidTooLow
2023-10-04,14654.0,-1634.0,0.0,100,424.66,441.0,0,0.0,0.0,,0.0,0,0.0,0.0,,0.0,bidTooLow
2023-10-05,14654.0,-1650.0,0.0,100,424.5,441.0,0,0.0,0.0,,0.0,0,0.0,0.0,,0.0,bidTooLow
2023-10-06,14654.0,-1146.0,0.0,100,429.54,441.0,0,0.0,0.0,,0.0,0,0.0,0.0,,0.0,bidTooLow
2023-10-09,14654.0,-871.0,0.0,100,432.29,441.0,0,0.0,0.0,,0.0,0,0.0,0.0,,0.0,bidTooLow
2023-10-10,14654.0,-649.0,0.0,100,434.54,441.0,0,0.0,0.0,,0.0,1,0.05,0.08,SPY231016C00448000,448.0,normalDay
2023-10-11,14654.0,-468.0,0.0,100,436.32,441.0,0,0.0,0.0,,0.0,1,0.05,0.05,SPY231016C00448000,448.0,normalDay
2023-10-12,14654.0,-731.0,0.0,100,433.66,441.0,0,0.0,0.0,,0.0,1,0.05,0.02,SPY231016C00448000,448.0,normalDay
2023-10-13,14654.0,-946.0,0.0,100,431.5,441.0,0,0.0,0.0,,0.0,1,0.05,0.01,SPY231016C00448000,448.0,normalDay
2023-10-16,14659.0,-496.0,5.0,100,436.04,441.0,0,0.0,0.0,,0.0,1,0.05,0.0,SPY231016C00448000,448.0,expirationDay
2023-10-17,14659.0,-501.0,0.0,100,436.02,441.0,0,0.0,0.0,,0.0,1,1.76,1.79,SPY231023C00439000,439.0,normalDay
2023-10-18,14659.0,-946.0,0.0,100,430.21,441.0,0,0.0,0.0,,0.0,1,1.76,0.43,SPY231023C00439000,439.0,normalDay
2023-10-19,14659.0,-1288.0,0.0,100,426.43,441.0,0,0.0,0.0,,0.0,1,1.76,0.07,SPY231023C00439000,439.0,normalDay
2023-10-20,14659.0,-1807.0,0.0,100,421.19,441.0,0,0.0,0.0,,0.0,1,1.76,0.02,SPY231023C00439000,439.0,normalDay
2023-10-23,14835.0,-2054.0,176.0,100,420.46,441.0,0,0.0,0.0,,0.0,1,1.76,0.0,SPY231023C00439000,439.0,expirationDay
2023-10-24,14835.0,-1740.0,0.0,100,423.63,441.0,0,0.0,0.0,,0.0,1,0.05,0.08,SPY231030C00438000,438.0,normalDay
2023-10-25,14835.0,-2342.0,0.0,100,417.55,441.0,0,0.0,0.0,,0.0,1,0.05,0.02,SPY231030C00438000,438.0,normalDay
2023-10-26,14835.0,-2841.0,0.0,100,412.55,441.0,0,0.0,0.0,,0.0,1,0.05,0.01,SPY231030C00438000,438.0,normalDay
2023-10-27,14835.0,-3028.0,0.0,100,410.68,441.0,0,0.0,0.0,,0.0,1,0.05,0.01,SPY231030C00438000,438.0,normalDay
2023-10-30,14840.0,-2541.0,5.0,100,415.59,441.0,0,0.0,0.0,,0.0,1,0.05,0.0,SPY231030C00438000,438.0,expirationDay
2023-10-31,14840.0,-2280.0,0.0,100,418.2,441.0,0,0.0,0.0,,0.0,0,0.0,0.0,,0.0,bidTooLow
2023-11-01,14840.0,-1834.0,0.0,100,422.66,441.0,0,0.0,0.0,,0.0,0,0.0,0.0,,0.0,bidTooLow
2023-11-02,14840.0,-1027.0,0.0,100,430.76,441.0,0,0.0,0.0,,0.0,1,0.11,0.14,SPY231108C00441000,441.0,normalDay
2023-11-03,14840.0,-651.0,0.0,100,434.69,441.0,0,0.0,0.0,,0.0,1,0.11,0.31,SPY231108C00441000,441.0,normalDay
2023-11-06,14840.0,-531.0,0.0,100,435.69,441.0,0,0.0,0.0,,0.0,1,0.11,0.11,SPY231108C00441000,441.0,normalDay
2023-11-07,14840.0,-403.0,0.0,100,436.93,441.0,0,0.0,0.0,,0.0,1,0.11,0.07,SPY231108C00441000,441.0,normalDay
2023-11-08,14851.0,-375.0,11.0,100,437.25,441.0,0,0.0,0.0,,0.0,1,0.11,0.0,SPY231108C00441000,441.0,expirationDay
2023-11-09,14851.0,-719.0,0.0,100,433.84,441.0,0,0.0,0.0,,0.0,1,0.32,0.35,SPY231115C00442000,442.0,normalDay
2023-11-10,14851.0,-183.0,0.0,100,440.61,441.0,0,0.0,0.0,,0.0,1,0.32,1.76,SPY231115C00442000,442.0,normalDay
2023-11-13,14851.0,-189.0,0.0,100,440.19,441.0,0,0.0,0.0,,0.0,1,0.32,1.4,SPY231115C00442000,442.0,normalDay
2023-11-14,14851.0,75.0,0.0,100,448.73,441.0,0,0.0,0.0,,0.0,1,0.32,7.3,SPY231115C00442000,442.0,normalDay
2023-11-15,14983.0,75.0,132.0,0,449.68,0.0,0,0.0,0.0,,0.0,1,0.32,0.0,SPY231115C00442000,442.0,expirationDay
2023-11-16,14983.0,0.0,0.0,0,450.23,0.0,0,0.0,0.0,,0.0,0,0.0,0.0,,0.0,bidTooLow
2023-11-17,14983.0,0.0,0.0,0,450.79,0.0,0,0.0,0.0,,0.0,0,0.0,0.0,,0.0,bidTooLow
2023-11-20,14983.0,0.0,0.0,0,454.26,0.0,0,0.0,0.0,,0.0,0,0.0,0.0,,0.0,bidTooLow
2023-11-21,14983.0,0.0,0.0,0,453.27,0.0,0,0.0,0.0,,0.0,0,0.0,0.0,,0.0,bidTooLow
2023-11-22,14983.0,0.0,0.0,0,455.02,0.0,0,0.0,0.0,,0.0,0,0.0,0.0,,0.0,bidTooLow
2023-11-24,14983.0,0.0,0.0,0,455.3,0.0,0,0.0,0.0,,0.0,0,0.0,0.0,,0.0,bidTooLow
2023-11-27,14983.0,0.0,0.0,0,454.48,0.0,0,0.0,0.0,,0.0,0,0.0,0.0,,0.0,bidTooLow
2023-11-28,14983.0,0.0,0.0,0,454.93,0.0,0,0.0,0.0,,0.0,0,0.0,0.0,,0.0,bidTooLow
2023-11-29,14983.0,0.0,0.0,0,454.61,0.0,0,0.0,0.0,,0.0,0,0.0,0.0,,0.0,bidTooLow
2023-11-30,14983.0,0.0,0.0,0,456.4,0.0,0,0.0,0.0,,0.0,0,0.0,0.0,,0.0,bidTooLow
