date,totalCapital,unrializedPnL,rializedPnL,stocksOwned,stocksPriceToday,stocksPriceBoughtAt,putOwned,putOwnedSoldAt,putPriceToday,putOwnedContract,putOwnedStrike,callOwned,callOwnedSoldAt,callPriceToday,callOwnedContract,callOwnedStrike,trackType
2018-11-01,0.0,-4.0,0.0,0,273.51,0.0,1,2.53,2.57,SPY181221P00256000,256.0,0,0.0,0.0,,0.0,normalDay
2018-11-02,0.0,-22.0,0.0,0,271.89,0.0,1,2.53,2.75,SPY181221P00256000,256.0,0,0.0,0.0,,0.0,normalDay
2018-11-05,0.0,14.0,0.0,0,273.39,0.0,1,2.53,2.39,SPY181221P00256000,256.0,0,0.0,0.0,,0.0,normalDay
2018-11-06,0.0,47.0,0.0,0,275.12,0.0,1,2.53,2.06,SPY181221P00256000,256.0,0,0.0,0.0,,0.0,normalDay
2018-11-07,0.0,148.0,0.0,0,281.01,0.0,1,2.53,1.05,SPY181221P00256000,256.0,0,0.0,0.0,,0.0,normalDay
2018-11-08,0.0,145.0,0.0,0,280.5,0.0,1,2.53,1.08,SPY181221P00256000,256.0,0,0.0,0.0,,0.0,normalDay
2018-11-09,0.0,114.0,0.0,0,277.76,0.0,1,2.53,1.39,SPY181221P00256000,256.0,0,0.0,0.0,,0.0,normalDay
2018-11-12,0.0,30.0,0.0,0,272.57,0.0,1,2.53,2.23,SPY181221P00256000,256.0,0,0.0,0.0,,0.0,normalDay
2018-11-13,0.0,26.0,0.0,0,272.06,0.0,1,2.53,2.27,SPY181221P00256000,256.0,0,0.0,0.0,,0.0,normalDay
2018-11-14,0.0,-18.0,0.0,0,270.2,0.0,1,2.53,2.71,SPY181221P00256000,256.0,0,0.0,0.0,,0.0,normalDay
2018-11-15,0.0,59.0,0.0,0,273.02,0.0,1,2.53,1.94,SPY181221P00256000,256.0,0,0.0,0.0,,0.0,normalDay
2018-11-16,0.0,104.0,0.0,0,273.73,0.0,1,2.53,1.49,SPY181221P00256000,256.0,0,0.0,0.0,,0.0,normalDay
2018-11-19,0.0,26.0,0.0,0,269.1,0.0,1,2.53,2.27,SPY181221P00256000,256.0,0,0.0,0.0,,0.0,normalDay
2018-11-20,0.0,-126.0,0.0,0,264.12,0.0,1,2.53,3.79,SPY181221P00256000,256.0,0,0.0,0.0,,0.0,normalDay
2018-11-21,0.0,-54.0,0.0,0,265.02,0.0,1,2.53,3.07,SPY181221P00256000,256.0,0,0.0,0.0,,0.0,normalDay
2018-11-23,0.0,-107.0,0.0,0,263.25,0.0,1,2.53,3.6,SPY181221P00256000,256.0,0,0.0,0.0,,0.0,normalDay
2018-11-26,0.0,76.0,0.0,0,267.5,0.0,1,2.53,1.77,SPY181221P00256000,256.0,0,0.0,0.0,,0.0,normalDay
2018-11-27,0.0,82.0,0.0,0,268.4,0.0,1,2.53,1.71,SPY181221P00256000,256.0,0,0.0,0.0,,0.0,normalDay
2018-11-28,0.0,165.0,0.0,0,274.58,0.0,1,2.53,0.88,SPY181221P00256000,256.0,0,0.0,0.0,,0.0,normalDay
2018-11-29,0.0,155.0,0.0,0,273.98,0.0,1,2.53,0.98,SPY181221P00256000,256.0,0,0.0,0.0,,0.0,normalDay
2018-11-30,0.0,178.0,0.0,0,275.65,0.0,1,2.53,0.75,SPY181221P00256000,256.0,0,0.0,0.0,,0.0,normalDay
2018-12-03,0.0,220.0,0.0,0,279.3,0.0,1,2.53,0.33,SPY181221P00256000,256.0,0,0.0,0.0,,0.0,normalDay
2018-12-04,0.0,116.0,0.0,0,270.25,0.0,1,2.53,1.37,SPY181221P00256000,256.0,0,0.0,0.0,,0.0,normalDay
2018-12-06,0.0,119.0,0.0,0,269.84,0.0,1,2.53,1.34,SPY181221P00256000,256.0,0,0.0,0.0,,0.0,normalDay
2018-12-07,0.0,-30.0,0.0,0,263.57,0.0,1,2.53,2.83,SPY181221P00256000,256.0,0,0.0,0.0,,0.0,normalDay
2018-12-10,0.0,66.0,0.0,0,264.07,0.0,1,2.53,1.87,SPY181221P00256000,256.0,0,0.0,0.0,,0.0,normalDay
2018-12-11,0.0,91.0,0.0,0,264.13,0.0,1,2.53,1.62,SPY181221P00256000,256.0,0,0.0,0.0,,0.0,normalDay
2018-12-12,0.0,128.0,0.0,0,265.46,0.0,1,2.53,1.25,SPY181221P00256000,256.0,0,0.0,0.0,,0.0,normalDay
2018-12-13,0.0,163.0,0.0,0,265.37,0.0,1,2.53,0.9,SPY181221P00256000,256.0,0,0.0,0.0,,0.0,normalDay
2018-12-14,0.0,64.0,0.0,0,260.47,0.0,1,2.53,1.89,SPY181221P00256000,256.0,0,0.0,0.0,,0.0,normalDay
2018-12-17,0.0,-163.0,0.0,0,255.36,0.0,1,2.53,4.16,SPY181221P00256000,256.0,0,0.0,0.0,,0.0,normalDay
2018-12-18,0.0,-224.0,0.0,0,255.08,0.0,1,2.53,4.77,SPY181221P00256000,256.0,0,0.0,0.0,,0.0,normalDay
2018-12-19,0.0,-395.0,0.0,0,251.26,0.0,1,2.53,6.48,SPY181221P00256000,256.0,0,0.0,0.0,,0.0,normalDay
2018-12-20,0.0,-703.0,0.0,0,247.17,0.0,1,2.53,9.56,SPY181221P00256000,256.0,0,0.0,0.0,,0.0,normalDay
2018-12-21,253.0,-1530.0,253.0,100,240.7,256.0,1,2.53,0.0,SPY181221P00256000,256.0,0,0.0,0.0,,0.0,expirationDay
2018-12-24,253.0,-2174.0,0.0,100,234.34,256.0,0,0.0,0.0,,0.0,1,0.17,0.25,SPY190329C00286000,286.0,normalDay
2018-12-26,253.0,-1017.0,0.0,100,246.18,256.0,0,0.0,0.0,,0.0,1,0.17,0.52,SPY190329C00286000,286.0,normalDay
2018-12-27,253.0,-844.0,0.0,100,248.07,256.0,0,0.0,0.0,,0.0,1,0.17,0.68,SPY190329C00286000,286.0,normalDay
2018-12-28,253.0,-869.0,0.0,100,247.75,256.0,0,0.0,0.0,,0.0,1,0.17,0.61,SPY190329C00286000,286.0,normalDay
2018-12-31,253.0,-642.0,0.0,100,249.92,256.0,0,0.0,0.0,,0.0,1,0.17,0.51,SPY190329C00286000,286.0,normalDay
2019-01-02,253.0,-604.0,0.0,100,250.18,256.0,0,0.0,0.0,,0.0,1,0.17,0.39,SPY190329C00286000,286.0,normalDay
2019-01-03,253.0,-1184.0,0.0,100,244.21,256.0,0,0.0,0.0,,0.0,1,0.17,0.22,SPY190329C00286000,286.0,normalDay
2019-01-04,253.0,-382.0,0.0,100,252.39,256.0,0,0.0,0.0,,0.0,1,0.17,0.38,SPY190329C00286000,286.0,normalDay
2019-01-07,253.0,-186.0,0.0,100,254.38,256.0,0,0.0,0.0,,0.0,1,0.17,0.41,SPY190329C00286000,286.0,normalDay
2019-01-08,253.0,48.0,0.0,100,256.77,256.0,0,0.0,0.0,,0.0,1,0.17,0.46,SPY190329C00286000,286.0,normalDay
2019-01-09,253.0,172.0,0.0,100,257.97,256.0,0,0.0,0.0,,0.0,1,0.17,0.42,SPY190329C00286000,286.0,normalDay
2019-01-10,253.0,260.0,0.0,100,258.88,256.0,0,0.0,0.0,,0.0,1,0.17,0.45,SPY190329C00286000,286.0,normalDay
2019-01-11,253.0,282.0,0.0,100,258.98,256.0,0,0.0,0.0,,0.0,1,0.17,0.33,SPY190329C00286000,286.0,normalDay
2019-01-14,253.0,133.0,0.0,100,257.4,256.0,0,0.0,0.0,,0.0,1,0.17,0.24,SPY190329C00286000,286.0,normalDay
2019-01-15,253.0,423.0,0.0,100,260.35,256.0,0,0.0,0.0,,0.0,1,0.17,0.29,SPY190329C00286000,286.0,normalDay
2019-01-16,253.0,482.0,0.0,100,260.98,256.0,0,0.0,0.0,,0.0,1,0.17,0.33,SPY190329C00286000,286.0,normalDay
2019-01-17,253.0,673.0,0.0,100,262.96,256.0,0,0.0,0.0,,0.0,1,0.17,0.4,SPY190329C00286000,286.0,normalDay
2019-01-18,253.0,989.0,0.0,100,266.46,256.0,0,0.0,0.0,,0.0,1,0.17,0.74,SPY190329C00286000,286.0,normalDay
2019-01-22,253.0,654.0,0.0,100,262.86,256.0,0,0.0,0.0,,0.0,1,0.17,0.49,SPY190329C00286000,286.0,normalDay
2019-01-23,253.0,714.0,0.0,100,263.41,256.0,0,0.0,0.0,,0.0,1,0.17,0.44,SPY190329C00286000,286.0,normalDay
2019-01-24,253.0,737.0,0.0,100,263.55,256.0,0,0.0,0.0,,0.0,1,0.17,0.35,SPY190329C00286000,286.0,normalDay
2019-01-25,253.0,945.0,0.0,100,265.78,256.0,0,0.0,0.0,,0.0,1,0.17,0.5,SPY190329C00286000,286.0,normalDay
2019-01-28,253.0,758.0,0.0,100,263.76,256.0,0,0.0,0.0,,0.0,1,0.17,0.35,SPY190329C00286000,286.0,normalDay
2019-01-29,253.0,724.0,0.0,100,263.41,256.0,0,0.0,0.0,,0.0,1,0.17,0.34,SPY190329C00286000,286.0,normalDay
2019-01-30,253.0,1121.0,0.0,100,267.58,256.0,0,0.0,0.0,,0.0,1,0.17,0.54,SPY190329C00286000,286.0,normalDay
2019-01-31,253.0,1335.0,0.0,100,269.93,256.0,0,0.0,0.0,,0.0,1,0.17,0.75,SPY190329C00286000,286.0,normalDay
2019-02-01,253.0,1360.0,0.0,100,270.06,256.0,0,0.0,0.0,,0.0,1,0.17,0.63,SPY190329C00286000,286.0,normalDay
2019-02-04,253.0,1541.0,0.0,100,271.96,256.0,0,0.0,0.0,,0.0,1,0.17,0.72,SPY190329C00286000,286.0,normalDay
2019-02-05,253.0,1644.0,0.0,100,273.1,256.0,0,0.0,0.0,,0.0,1,0.17,0.83,SPY190329C00286000,286.0,normalDay
2019-02-06,253.0,1621.0,0.0,100,272.74,256.0,0,0.0,0.0,,0.0,1,0.17,0.7,SPY190329C00286000,286.0,normalDay
2019-02-07,253.0,1389.0,0.0,100,270.14,256.0,0,0.0,0.0,,0.0,1,0.17,0.42,SPY190329C00286000,286.0,normalDay
2019-02-08,253.0,1428.0,0.0,100,270.47,256.0,0,0.0,0.0,,0.0,1,0.17,0.36,SPY190329C00286000,286.0,normalDay
2019-02-11,253.0,1444.0,0.0,100,270.62,256.0,0,0.0,0.0,,0.0,1,0.17,0.35,SPY190329C00286000,286.0,normalDay
2019-02-12,253.0,1750.0,0.0,100,274.1,256.0,0,0.0,0.0,,0.0,1,0.17,0.77,SPY190329C00286000,286.0,normalDay
2019-02-13,253.0,1832.0,0.0,100,274.99,256.0,0,0.0,0.0,,0.0,1,0.17,0.84,SPY190329C00286000,286.0,normalDay
2019-02-14,253.0,1780.0,0.0,100,274.38,256.0,0,0.0,0.0,,0.0,1,0.17,0.75,SPY190329C00286000,286.0,normalDay
2019-02-15,253.0,2045.0,0.0,100,277.37,256.0,0,0.0,0.0,,0.0,1,0.17,1.09,SPY190329C00286000,286.0,normalDay
2019-02-19,253.0,2106.0,0.0,100,277.85,256.0,0,0.0,0.0,,0.0,1,0.17,0.96,SPY190329C00286000,286.0,normalDay
2019-02-20,253.0,2163.0,0.0,100,278.41,256.0,0,0.0,0.0,,0.0,1,0.17,0.95,SPY190329C00286000,286.0,normalDay
2019-02-21,253.0,2087.0,0.0,100,277.42,256.0,0,0.0,0.0,,0.0,1,0.17,0.72,SPY190329C00286000,286.0,normalDay
2019-02-22,253.0,2237.0,0.0,100,279.14,256.0,0,0.0,0.0,,0.0,1,0.17,0.94,SPY190329C00286000,286.0,normalDay
2019-02-25,253.0,2264.0,0.0,100,279.52,256.0,0,0.0,0.0,,0.0,1,0.17,1.05,SPY190329C00286000,286.0,normalDay
2019-02-26,253.0,2255.0,0.0,100,279.32,256.0,0,0.0,0.0,,0.0,1,0.17,0.94,SPY190329C00286000,286.0,normalDay
2019-02-27,253.0,2256.0,0.0,100,279.2,256.0,0,0.0,0.0,,0.0,1,0.17,0.81,SPY190329C00286000,286.0,normalDay
2019-02-28,253.0,2226.0,0.0,100,278.68,256.0,0,0.0,0.0,,0.0,1,0.17,0.59,SPY190329C00286000,286.0,normalDay
2019-03-01,253.0,2387.0,0.0,100,280.42,256.0,0,0.0,0.0,,0.0,1,0.17,0.72,SPY190329C00286000,286.0,normalDay
2019-03-04,253.0,2310.0,0.0,100,279.4,256.0,0,0.0,0.0,,0.0,1,0.17,0.47,SPY190329C00286000,286.0,normalDay
2019-03-05,253.0,2275.0,0.0,100,279.02,256.0,0,0.0,0.0,,0.0,1,0.17,0.44,SPY190329C00286000,286.0,normalDay
2019-03-06,253.0,2123.0,0.0,100,277.33,256.0,0,0.0,0.0,,0.0,1,0.17,0.27,SPY190329C00286000,286.0,normalDay
2019-03-07,253.0,1903.0,0.0,100,275.01,256.0,0,0.0,0.0,,0.0,1,0.17,0.15,SPY190329C00286000,286.0,normalDay
2019-03-08,253.0,1854.0,0.0,100,274.46,256.0,0,0.0,0.0,,0.0,1,0.17,0.09,SPY190329C00286000,286.0,normalDay
2019-03-11,253.0,2240.0,0.0,100,278.44,256.0,0,0.0,0.0,,0.0,1,0.17,0.21,SPY190329C00286000,286.0,normalDay
2019-03-12,253.0,2343.0,0.0,100,279.49,256.0,0,0.0,0.0,,0.0,1,0.17,0.23,SPY190329C00286000,286.0,normalDay
2019-03-13,253.0,2498.0,0.0,100,281.34,256.0,0,0.0,0.0,,0.0,1,0.17,0.53,SPY190329C00286000,286.0,normalDay
2019-03-14,253.0,2493.0,0.0,100,281.16,256.0,0,0.0,0.0,,0.0,1,0.17,0.4,SPY190329C00286000,286.0,normalDay
2019-03-15,253.0,2494.0,0.0,100,281.31,256.0,0,0.0,0.0,,0.0,1,0.17,0.54,SPY190329C00286000,286.0,normalDay
2019-03-18,253.0,2570.0,0.0,100,282.33,256.0,0,0.0,0.0,,0.0,1,0.17,0.8,SPY190329C00286000,286.0,normalDay
2019-03-19,253.0,2583.0,0.0,100,282.4,256.0,0,0.0,0.0,,0.0,1,0.17,0.74,SPY190329C00286000,286.0,normalDay
2019-03-20,253.0,2526.0,0.0,100,281.55,256.0,0,0.0,0.0,,0.0,1,0.17,0.46,SPY190329C00286000,286.0,normalDay
2019-03-21,253.0,2753.0,0.0,100,284.73,256.0,0,0.0,0.0,,0.0,1,0.17,1.37,SPY190329C00286000,286.0,normalDay
2019-03-22,253.0,2309.0,0.0,100,279.25,256.0,0,0.0,0.0,,0.0,1,0.17,0.33,SPY190329C00286000,286.0,normalDay
2019-03-25,253.0,2311.0,0.0,100,279.04,256.0,0,0.0,0.0,,0.0,1,0.17,0.1,SPY190329C00286000,286.0,normalDay
2019-03-26,253.0,2519.0,0.0,100,281.12,256.0,0,0.0,0.0,,0.0,1,0.17,0.1,SPY190329C00286000,286.0,normalDay
2019-03-27,253.0,2379.0,0.0,100,279.65,256.0,0,0.0,0.0,,0.0,1,0.17,0.03,SPY190329C00286000,286.0,normalDay
2019-03-28,253.0,2486.0,0.0,100,280.71,256.0,0,0.0,0.0,,0.0,1,0.17,0.02,SPY190329C00286000,286.0,normalDay
2019-03-29,270.0,2648.0,17.0,100,282.48,256.0,0,0.0,0.0,,0.0,1,0.17,0.0,SPY190329C00286000,286.0,expirationDay
2019-04-01,270.0,2976.0,0.0,100,285.83,256.0,0,0.0,0.0,,0.0,1,9.95,10.02,SPY190816C00286000,286.0,normalDay
2019-04-02,270.0,2996.0,0.0,100,285.97,256.0,0,0.0,0.0,,0.0,1,9.95,9.96,SPY190816C00286000,286.0,normalDay
2019-04-03,270.0,2989.0,0.0,100,286.42,256.0,0,0.0,0.0,,0.0,1,9.95,10.48,SPY190816C00286000,286.0,normalDay
2019-04-04,270.0,3036.0,0.0,100,287.18,256.0,0,0.0,0.0,,0.0,1,9.95,10.77,SPY190816C00286000,286.0,normalDay
2019-04-05,270.0,3112.0,0.0,100,288.57,256.0,0,0.0,0.0,,0.0,1,9.95,11.4,SPY190816C00286000,286.0,normalDay
2019-04-08,270.0,3129.0,0.0,100,288.79,256.0,0,0.0,0.0,,0.0,1,9.95,11.45,SPY190816C00286000,286.0,normalDay
2019-04-09,270.0,3065.0,0.0,100,287.31,256.0,0,0.0,0.0,,0.0,1,9.95,10.61,SPY190816C00286000,286.0,normalDay
2019-04-10,270.0,3108.0,0.0,100,288.29,256.0,0,0.0,0.0,,0.0,1,9.95,11.16,SPY190816C00286000,286.0,normalDay
2019-04-11,270.0,3129.0,0.0,100,288.21,256.0,0,0.0,0.0,,0.0,1,9.95,10.87,SPY190816C00286000,286.0,normalDay
2019-04-12,270.0,3213.0,0.0,100,290.16,256.0,0,0.0,0.0,,0.0,1,9.95,11.98,SPY190816C00286000,286.0,normalDay
2019-04-15,270.0,3220.0,0.0,100,289.97,256.0,0,0.0,0.0,,0.0,1,9.95,11.72,SPY190816C00286000,286.0,normalDay
2019-04-16,270.0,3242.0,0.0,100,290.16,256.0,0,0.0,0.0,,0.0,1,9.95,11.69,SPY190816C00286000,286.0,normalDay
2019-04-17,270.0,3225.0,0.0,100,289.45,256.0,0,0.0,0.0,,0.0,1,9.95,11.15,SPY190816C00286000,286.0,normalDay
2019-04-18,270.0,3237.0,0.0,100,290.02,256.0,0,0.0,0.0,,0.0,1,9.95,11.6,SPY190816C00286000,286.0,normalDay
2019-04-22,270.0,3253.0,0.0,100,290.27,256.0,0,0.0,0.0,,0.0,1,9.95,11.69,SPY190816C00286000,286.0,normalDay
2019-04-23,270.0,3351.0,0.0,100,292.88,256.0,0,0.0,0.0,,0.0,1,9.95,13.32,SPY190816C00286000,286.0,normalDay
2019-04-24,270.0,3313.0,0.0,100,292.23,256.0,0,0.0,0.0,,0.0,1,9.95,13.05,SPY190816C00286000,286.0,normalDay
2019-04-25,270.0,3318.0,0.0,100,292.05,256.0,0,0.0,0.0,,0.0,1,9.95,12.82,SPY190816C00286000,286.0,normalDay
2019-04-26,270.0,3366.0,0.0,100,293.41,256.0,0,0.0,0.0,,0.0,1,9.95,13.7,SPY190816C00286000,286.0,normalDay
2019-04-29,270.0,3392.0,0.0,100,293.87,256.0,0,0.0,0.0,,0.0,1,9.95,13.9,SPY190816C00286000,286.0,normalDay
2019-04-30,270.0,3374.0,0.0,100,294.02,256.0,0,0.0,0.0,,0.0,1,9.95,14.23,SPY190816C00286000,286.0,normalDay
2019-05-01,270.0,3312.0,0.0,100,291.81,256.0,0,0.0,0.0,,0.0,1,9.95,12.64,SPY190816C00286000,286.0,normalDay
2019-05-02,270.0,3302.0,0.0,100,291.18,256.0,0,0.0,0.0,,0.0,1,9.95,12.11,SPY190816C00286000,286.0,normalDay
2019-05-03,270.0,3410.0,0.0,100,294.03,256.0,0,0.0,0.0,,0.0,1,9.95,13.88,SPY190816C00286000,286.0,normalDay
2019-05-06,270.0,3345.0,0.0,100,292.82,256.0,0,0.0,0.0,,0.0,1,9.95,13.32,SPY190816C00286000,286.0,normalDay
2019-05-07,270.0,3044.0,0.0,100,287.93,256.0,0,0.0,0.0,,0.0,1,9.95,11.44,SPY190816C00286000,286.0,normalDay
2019-05-08,270.0,3052.0,0.0,100,287.53,256.0,0,0.0,0.0,,0.0,1,9.95,10.96,SPY190816C00286000,286.0,normalDay
2019-05-09,270.0,3043.0,0.0,100,286.66,256.0,0,0.0,0.0,,0.0,1,9.95,10.18,SPY190816C00286000,286.0,normalDay
2019-05-10,270.0,3199.0,0.0,100,288.1,256.0,0,0.0,0.0,,0.0,1,9.95,10.06,SPY190816C00286000,286.0,normalDay
2019-05-13,270.0,2805.0,0.0,100,280.86,256.0,0,0.0,0.0,,0.0,1,9.95,6.76,SPY190816C00286000,286.0,normalDay
2019-05-14,270.0,2971.0,0.0,100,283.4,256.0,0,0.0,0.0,,0.0,1,9.95,7.64,SPY190816C00286000,286.0,normalDay
2019-05-15,270.0,3072.0,0.0,100,285.06,256.0,0,0.0,0.0,,0.0,1,9.95,8.29,SPY190816C00286000,286.0,normalDay
2019-05-16,270.0,3229.0,0.0,100,287.7,256.0,0,0.0,0.0,,0.0,1,9.95,9.36,SPY190816C00286000,286.0,normalDay
2019-05-17,270.0,3142.0,0.0,100,285.84,256.0,0,0.0,0.0,,0.0,1,9.95,8.37,SPY190816C00286000,286.0,normalDay
2019-05-20,270.0,3056.0,0.0,100,283.95,256.0,0,0.0,0.0,,0.0,1,9.95,7.34,SPY190816C00286000,286.0,normalDay
2019-05-21,270.0,3218.0,0.0,100,286.51,256.0,0,0.0,0.0,,0.0,1,9.95,8.28,SPY190816C00286000,286.0,normalDay
2019-05-22,270.0,3197.0,0.0,100,285.63,256.0,0,0.0,0.0,,0.0,1,9.95,7.61,SPY190816C00286000,286.0,normalDay
2019-05-23,270.0,3000.0,0.0,100,282.14,256.0,0,0.0,0.0,,0.0,1,9.95,6.09,SPY190816C00286000,286.0,normalDay
2019-05-24,270.0,3037.0,0.0,100,282.78,256.0,0,0.0,0.0,,0.0,1,9.95,6.36,SPY190816C00286000,286.0,normalDay
2019-05-28,270.0,2886.0,0.0,100,280.15,256.0,0,0.0,0.0,,0.0,1,9.95,5.24,SPY190816C00286000,286.0,normalDay
2019-05-29,270.0,2788.0,0.0,100,278.27,256.0,0,0.0,0.0,,0.0,1,9.95,4.34,SPY190816C00286000,286.0,normalDay
2019-05-30,270.0,2848.0,0.0,100,279.03,256.0,0,0.0,0.0,,0.0,1,9.95,4.5,SPY190816C00286000,286.0,normalDay
2019-05-31,270.0,2591.0,0.0,100,275.27,256.0,0,0.0,0.0,,0.0,1,9.95,3.31,SPY190816C00286000,286.0,normalDay
2019-06-03,270.0,2554.0,0.0,100,274.57,256.0,0,0.0,0.0,,0.0,1,9.95,2.98,SPY190816C00286000,286.0,normalDay
2019-06-04,270.0,2972.0,0.0,100,280.53,256.0,0,0.0,0.0,,0.0,1,9.95,4.76,SPY190816C00286000,286.0,normalDay
2019-06-05,270.0,3123.0,0.0,100,282.96,256.0,0,0.0,0.0,,0.0,1,9.95,5.68,SPY190816C00286000,286.0,normalDay
2019-06-06,270.0,3231.0,0.0,100,284.8,256.0,0,0.0,0.0,,0.0,1,9.95,6.44,SPY190816C00286000,286.0,normalDay
2019-06-07,270.0,3349.0,0.0,100,287.65,256.0,0,0.0,0.0,,0.0,1,9.95,8.11,SPY190816C00286000,286.0,normalDay
2019-06-10,270.0,3413.0,0.0,100,288.97,256.0,0,0.0,0.0,,0.0,1,9.95,8.79,SPY190816C00286000,286.0,normalDay
2019-06-11,270.0,3413.0,0.0,100,288.9,256.0,0,0.0,0.0,,0.0,1,9.95,8.72,SPY190816C00286000,286.0,normalDay
2019-06-12,270.0,3397.0,0.0,100,288.39,256.0,0,0.0,0.0,,0.0,1,9.95,8.37,SPY190816C00286000,286.0,normalDay
2019-06-13,270.0,3443.0,0.0,100,289.58,256.0,0,0.0,0.0,,0.0,1,9.95,9.1,SPY190816C00286000,286.0,normalDay
2019-06-14,270.0,3439.0,0.0,100,289.26,256.0,0,0.0,0.0,,0.0,1,9.95,8.82,SPY190816C00286000,286.0,normalDay
2019-06-17,270.0,3466.0,0.0,100,289.37,256.0,0,0.0,0.0,,0.0,1,9.95,8.66,SPY190816C00286000,286.0,normalDay
2019-06-18,270.0,3572.0,0.0,100,292.4,256.0,0,0.0,0.0,,0.0,1,9.95,10.63,SPY190816C00286000,286.0,normalDay
2019-06-19,270.0,3609.0,0.0,100,293.06,256.0,0,0.0,0.0,,0.0,1,9.95,10.92,SPY190816C00286000,286.0,normalDay
2019-06-20,270.0,3689.0,0.0,100,295.86,256.0,0,0.0,0.0,,0.0,1,9.95,12.92,SPY190816C00286000,286.0,normalDay
2019-06-21,270.0,3522.0,0.0,100,294.0,256.0,0,0.0,0.0,,0.0,1,9.95,12.73,SPY190816C00286000,286.0,normalDay
2019-06-24,270.0,3533.0,0.0,100,293.64,256.0,0,0.0,0.0,,0.0,1,9.95,12.26,SPY190816C00286000,286.0,normalDay
2019-06-25,270.0,3440.0,0.0,100,290.76,256.0,0,0.0,0.0,,0.0,1,9.95,10.31,SPY190816C00286000,286.0,normalDay
2019-06-26,270.0,3460.0,0.0,100,290.47,256.0,0,0.0,0.0,,0.0,1,9.95,9.82,SPY190816C00286000,286.0,normalDay
2019-06-27,270.0,3480.0,0.0,100,291.5,256.0,0,0.0,0.0,,0.0,1,9.95,10.65,SPY190816C00286000,286.0,normalDay
2019-06-28,270.0,3508.0,0.0,100,293.0,256.0,0,0.0,0.0,,0.0,1,9.95,11.87,SPY190816C00286000,286.0,normalDay
2019-07-01,270.0,3673.0,0.0,100,295.66,256.0,0,0.0,0.0,,0.0,1,9.95,12.88,SPY190816C00286000,286.0,normalDay
2019-07-02,270.0,3705.0,0.0,100,296.43,256.0,0,0.0,0.0,,0.0,1,9.95,13.33,SPY190816C00286000,286.0,normalDay
2019-07-03,270.0,3747.0,0.0,100,298.8,256.0,0,0.0,0.0,,0.0,1,9.95,15.28,SPY190816C00286000,286.0,normalDay
2019-07-05,270.0,3792.0,0.0,100,298.46,256.0,0,0.0,0.0,,0.0,1,9.95,14.49,SPY190816C00286000,286.0,normalDay
2019-07-08,270.0,3729.0,0.0,100,296.82,256.0,0,0.0,0.0,,0.0,1,9.95,13.48,SPY190816C00286000,286.0,normalDay
2019-07-09,270.0,3749.0,0.0,100,297.19,256.0,0,0.0,0.0,,0.0,1,9.95,13.65,SPY190816C00286000,286.0,normalDay
2019-07-10,270.0,3779.0,0.0,100,298.61,256.0,0,0.0,0.0,,0.0,1,9.95,14.77,SPY190816C00286000,286.0,normalDay
2019-07-11,270.0,3796.0,0.0,100,299.31,256.0,0,0.0,0.0,,0.0,1,9.95,15.3,SPY190816C00286000,286.0,normalDay
2019-07-12,270.0,3833.0,0.0,100,300.65,256.0,0,0.0,0.0,,0.0,1,9.95,16.27,SPY190816C00286000,286.0,normalDay
2019-07-15,270.0,3841.0,0.0,100,300.75,256.0,0,0.0,0.0,,0.0,1,9.95,16.29,SPY190816C00286000,286.0,normalDay
2019-07-16,270.0,3824.0,0.0,100,299.78,256.0,0,0.0,0.0,,0.0,1,9.95,15.49,SPY190816C00286000,286.0,normalDay
2019-07-17,270.0,3797.0,0.0,100,297.74,256.0,0,0.0,0.0,,0.0,1,9.95,13.72,SPY190816C00286000,286.0,normalDay
2019-07-18,270.0,3822.0,0.0,100,298.83,256.0,0,0.0,0.0,,0.0,1,9.95,14.56,SPY190816C00286000,286.0,normalDay
2019-07-19,270.0,3809.0,0.0,100,297.17,256.0,0,0.0,0.0,,0.0,1,9.95,13.03,SPY190816C00286000,286.0,normalDay
2019-07-22,270.0,3851.0,0.0,100,297.9,256.0,0,0.0,0.0,,0.0,1,9.95,13.34,SPY190816C00286000,286.0,normalDay
2019-07-23,270.0,3898.0,0.0,100,300.03,256.0,0,0.0,0.0,,0.0,1,9.95,15.0,SPY190816C00286000,286.0,normalDay
2019-07-24,270.0,3911.0,0.0,100,301.44,256.0,0,0.0,0.0,,0.0,1,9.95,16.28,SPY190816C00286000,286.0,normalDay
2019-07-25,270.0,3899.0,0.0,100,300.0,256.0,0,0.0,0.0,,0.0,1,9.95,14.96,SPY190816C00286000,286.0,normalDay
2019-07-26,270.0,3928.0,0.0,100,302.01,256.0,0,0.0,0.0,,0.0,1,9.95,16.68,SPY190816C00286000,286.0,normalDay
2019-07-29,270.0,3905.0,0.0,100,301.46,256.0,0,0.0,0.0,,0.0,1,9.95,16.36,SPY190816C00286000,286.0,normalDay
2019-07-30,270.0,3916.0,0.0,100,300.72,256.0,0,0.0,0.0,,0.0,1,9.95,15.51,SPY190816C00286000,286.0,normalDay
2019-07-31,270.0,3880.0,0.0,100,297.43,256.0,0,0.0,0.0,,0.0,1,9.95,12.58,SPY190816C00286000,286.0,normalDay
2019-08-01,270.0,3792.0,0.0,100,294.84,256.0,0,0.0,0.0,,0.0,1,9.95,10.87,SPY190816C00286000,286.0,normalDay
2019-08-02,270.0,3776.0,0.0,100,292.62,256.0,0,0.0,0.0,,0.0,1,9.95,8.81,SPY190816C00286000,286.0,normalDay
2019-08-05,270.0,3400.0,0.0,100,283.82,256.0,0,0.0,0.0,,0.0,1,9.95,3.77,SPY190816C00286000,286.0,normalDay
2019-08-06,270.0,3662.0,0.0,100,287.8,256.0,0,0.0,0.0,,0.0,1,9.95,5.13,SPY190816C00286000,286.0,normalDay
2019-08-07,270.0,3695.0,0.0,100,287.97,256.0,0,0.0,0.0,,0.0,1,9.95,4.97,SPY190816C00286000,286.0,normalDay
2019-08-08,270.0,3891.0,0.0,100,293.62,256.0,0,0.0,0.0,,0.0,1,9.95,8.66,SPY190816C00286000,286.0,normalDay
2019-08-09,270.0,3854.0,0.0,100,291.62,256.0,0,0.0,0.0,,0.0,1,9.95,7.03,SPY190816C00286000,286.0,normalDay
2019-08-12,270.0,3796.0,0.0,100,288.07,256.0,0,0.0,0.0,,0.0,1,9.95,4.06,SPY190816C00286000,286.0,normalDay
2019-08-13,270.0,3942.0,0.0,100,292.55,256.0,0,0.0,0.0,,0.0,1,9.95,7.08,SPY190816C00286000,286.0,normalDay
2019-08-14,270.0,3626.0,0.0,100,283.9,256.0,0,0.0,0.0,,0.0,1,9.95,1.59,SPY190816C00286000,286.0,normalDay
2019-08-15,270.0,3763.0,0.0,100,284.65,256.0,0,0.0,0.0,,0.0,1,9.95,0.97,SPY190816C00286000,286.0,normalDay
2019-08-16,4265.0,3763.0,3995.0,0,288.85,0.0,0,0.0,0.0,,0.0,1,9.95,0.0,SPY190816C00286000,286.0,expirationDay
2019-08-19,4265.0,-4.0,0.0,0,292.33,0.0,1,2.37,2.41,SPY190930P00277000,277.0,0,0.0,0.0,,0.0,normalDay
2019-08-20,4265.0,-57.0,0.0,0,290.09,0.0,1,2.37,2.94,SPY190930P00277000,277.0,0,0.0,0.0,,0.0,normalDay
2019-08-21,4265.0,37.0,0.0,0,292.45,0.0,1,2.37,2.0,SPY190930P00277000,277.0,0,0.0,0.0,,0.0,normalDay
2019-08-22,4265.0,16.0,0.0,0,292.36,0.0,1,2.37,2.21,SPY190930P00277000,277.0,0,0.0,0.0,,0.0,normalDay
2019-08-23,4265.0,-181.0,0.0,0,284.85,0.0,1,2.37,4.18,SPY190930P00277000,277.0,0,0.0,0.0,,0.0,normalDay
2019-08-26,4265.0,-86.0,0.0,0,288.0,0.0,1,2.37,3.23,SPY190930P00277000,277.0,0,0.0,0.0,,0.0,normalDay
2019-08-27,4265.0,-135.0,0.0,0,286.87,0.0,1,2.37,3.72,SPY190930P00277000,277.0,0,0.0,0.0,,0.0,normalDay
2019-08-28,4265.0,-56.0,0.0,0,288.89,0.0,1,2.37,2.93,SPY190930P00277000,277.0,0,0.0,0.0,,0.0,normalDay
2019-08-29,4265.0,35.0,0.0,0,292.58,0.0,1,2.37,2.02,SPY190930P00277000,277.0,0,0.0,0.0,,0.0,normalDay
2019-08-30,4265.0,25.0,0.0,0,292.45,0.0,1,2.37,2.12,SPY190930P00277000,277.0,0,0.0,0.0,,0.0,normalDay
2019-09-03,4265.0,11.0,0.0,0,290.74,0.0,1,2.37,2.26,SPY190930P00277000,277.0,0,0.0,0.0,,0.0,normalDay
2019-09-04,4265.0,108.0,0.0,0,294.04,0.0,1,2.37,1.29,SPY190930P00277000,277.0,0,0.0,0.0,,0.0,normalDay
2019-09-05,4265.0,155.0,0.0,0,297.82,0.0,1,2.37,0.82,SPY190930P00277000,277.0,0,0.0,0.0,,0.0,normalDay
2019-09-06,4265.0,180.0,0.0,0,298.05,0.0,1,2.37,0.57,SPY190930P00277000,277.0,0,0.0,0.0,,0.0,normalDay
2019-09-09,4265.0,187.0,0.0,0,298.2,0.0,1,2.37,0.5,SPY190930P00277000,277.0,0,0.0,0.0,,0.0,normalDay
2019-09-10,4265.0,192.0,0.0,0,298.13,0.0,1,2.37,0.45,SPY190930P00277000,277.0,0,0.0,0.0,,0.0,normalDay
2019-09-11,4265.0,206.0,0.0,0,300.25,0.0,1,2.37,0.31,SPY190930P00277000,277.0,0,0.0,0.0,,0.0,normalDay
2019-09-12,4265.0,212.0,0.0,0,301.29,0.0,1,2.37,0.25,SPY190930P00277000,277.0,0,0.0,0.0,,0.0,normalDay
2019-09-13,4265.0,215.0,0.0,0,301.09,0.0,1,2.37,0.22,SPY190930P00277000,277.0,0,0.0,0.0,,0.0,normalDay
2019-09-16,4265.0,216.0,0.0,0,300.16,0.0,1,2.37,0.21,SPY190930P00277000,277.0,0,0.0,0.0,,0.0,normalDay
2019-09-17,4265.0,218.0,0.0,0,300.92,0.0,1,2.37,0.19,SPY190930P00277000,277.0,0,0.0,0.0,,0.0,normalDay
2019-09-18,4265.0,222.0,0.0,0,301.1,0.0,1,2.37,0.15,SPY190930P00277000,277.0,0,0.0,0.0,,0.0,normalDay
2019-09-19,4265.0,224.0,0.0,0,301.08,0.0,1,2.37,0.13,SPY190930P00277000,277.0,0,0.0,0.0,,0.0,normalDay
2019-09-20,4265.0,224.0,0.0,0,298.28,0.0,1,2.37,0.13,SPY190930P00277000,277.0,0,0.0,0.0,,0.0,normalDay
2019-09-23,4265.0,232.0,0.0,0,298.21,0.0,1,2.37,0.05,SPY190930P00277000,277.0,0,0.0,0.0,,0.0,normalDay
2019-09-24,4265.0,226.0,0.0,0,295.87,0.0,1,2.37,0.11,SPY190930P00277000,277.0,0,0.0,0.0,,0.0,normalDay
2019-09-25,4265.0,232.0,0.0,0,297.62,0.0,1,2.37,0.05,SPY190930P00277000,277.0,0,0.0,0.0,,0.0,normalDay
2019-09-26,4265.0,234.0,0.0,0,297.0,0.0,1,2.37,0.03,SPY190930P00277000,277.0,0,0.0,0.0,,0.0,normalDay
2019-09-27,4265.0,234.0,0.0,0,295.4,0.0,1,2.37,0.03,SPY190930P00277000,277.0,0,0.0,0.0,,0.0,normalDay
2019-09-30,4502.0,0.0,237.0,0,296.77,0.0,1,2.37,0.0,SPY190930P00277000,277.0,0,0.0,0.0,,0.0,expirationDay
2019-10-01,4502.0,-4.0,0.0,0,293.24,0.0,1,6.06,6.1,SPY191115P00292000,292.0,0,0.0,0.0,,0.0,normalDay
2019-10-02,4502.0,-311.0,0.0,0,288.06,0.0,1,6.06,9.17,SPY191115P00292000,292.0,0,0.0,0.0,,0.0,normalDay
2019-10-03,4502.0,-133.0,0.0,0,290.42,0.0,1,6.06,7.39,SPY191115P00292000,292.0,0,0.0,0.0,,0.0,normalDay
2019-10-04,4502.0,87.0,0.0,0,294.35,0.0,1,6.06,5.19,SPY191115P00292000,292.0,0,0.0,0.0,,0.0,normalDay
2019-10-07,4502.0,41.0,0.0,0,293.08,0.0,1,6.06,5.65,SPY191115P00292000,292.0,0,0.0,0.0,,0.0,normalDay
2019-10-08,4502.0,-202.0,0.0,0,288.53,0.0,1,6.06,8.08,SPY191115P00292000,292.0,0,0.0,0.0,,0.0,normalDay
2019-10-09,4502.0,-40.0,0.0,0,291.27,0.0,1,6.06,6.46,SPY191115P00292000,292.0,0,0.0,0.0,,0.0,normalDay
2019-10-10,4502.0,82.0,0.0,0,293.24,0.0,1,6.06,5.24,SPY191115P00292000,292.0,0,0.0,0.0,,0.0,normalDay
2019-10-11,4502.0,246.0,0.0,0,296.28,0.0,1,6.06,3.6,SPY191115P00292000,292.0,0,0.0,0.0,,0.0,normalDay
2019-10-14,4502.0,277.0,0.0,0,295.95,0.0,1,6.06,3.29,SPY191115P00292000,292.0,0,0.0,0.0,,0.0,normalDay
2019-10-15,4502.0,391.0,0.0,0,298.88,0.0,1,6.06,2.15,SPY191115P00292000,292.0,0,0.0,0.0,,0.0,normalDay
2019-10-16,4502.0,388.0,0.0,0,298.4,0.0,1,6.06,2.18,SPY191115P00292000,292.0,0,0.0,0.0,,0.0,normalDay
2019-10-17,4502.0,406.0,0.0,0,299.28,0.0,1,6.06,2.0,SPY191115P00292000,292.0,0,0.0,0.0,,0.0,normalDay
2019-10-18,4502.0,382.0,0.0,0,297.97,0.0,1,6.06,2.24,SPY191115P00292000,292.0,0,0.0,0.0,,0.0,normalDay
2019-10-21,4502.0,452.0,0.0,0,299.99,0.0,1,6.06,1.54,SPY191115P00292000,292.0,0,0.0,0.0,,0.0,normalDay
2019-10-22,4502.0,430.0,0.0,0,299.01,0.0,1,6.06,1.76,SPY191115P00292000,292.0,0,0.0,0.0,,0.0,normalDay
2019-10-23,4502.0,466.0,0.0,0,299.88,0.0,1,6.06,1.4,SPY191115P00292000,292.0,0,0.0,0.0,,0.0,normalDay
2019-10-24,4502.0,484.0,0.0,0,300.37,0.0,1,6.06,1.22,SPY191115P00292000,292.0,0,0.0,0.0,,0.0,normalDay
2019-10-25,4502.0,522.0,0.0,0,301.6,0.0,1,6.06,0.84,SPY191115P00292000,292.0,0,0.0,0.0,,0.0,normalDay
2019-10-28,4502.0,544.0,0.0,0,303.3,0.0,1,6.06,0.62,SPY191115P00292000,292.0,0,0.0,0.0,,0.0,normalDay
2019-10-29,4502.0,546.0,0.0,0,303.21,0.0,1,6.06,0.6,SPY191115P00292000,292.0,0,0.0,0.0,,0.0,normalDay
2019-10-30,4502.0,566.0,0.0,0,304.14,0.0,1,6.06,0.4,SPY191115P00292000,292.0,0,0.0,0.0,,0.0,normalDay
2019-10-31,4502.0,553.0,0.0,0,303.33,0.0,1,6.06,0.53,SPY191115P00292000,292.0,0,0.0,0.0,,0.0,normalDay
2019-11-01,4502.0,583.0,0.0,0,306.14,0.0,1,6.06,0.23,SPY191115P00292000,292.0,0,0.0,0.0,,0.0,normalDay
2019-11-04,4502.0,589.0,0.0,0,307.37,0.0,1,6.06,0.17,SPY191115P00292000,292.0,0,0.0,0.0,,0.0,normalDay
2019-11-05,4502.0,592.0,0.0,0,307.03,0.0,1,6.06,0.14,SPY191115P00292000,292.0,0,0.0,0.0,,0.0,normalDay
2019-11-06,4502.0,598.0,0.0,0,307.1,0.0,1,6.06,0.08,SPY191115P00292000,292.0,0,0.0,0.0,,0.0,normalDay
2019-11-07,4502.0,600.0,0.0,0,308.18,0.0,1,6.06,0.06,SPY191115P00292000,292.0,0,0.0,0.0,,0.0,normalDay
2019-11-08,4502.0,603.0,0.0,0,308.94,0.0,1,6.06,0.03,SPY191115P00292000,292.0,0,0.0,0.0,,0.0,normalDay
2019-11-11,4502.0,603.0,0.0,0,308.35,0.0,1,6.06,0.03,SPY191115P00292000,292.0,0,0.0,0.0,,0.0,normalDay
2019-11-12,4502.0,604.0,0.0,0,309.0,0.0,1,6.06,0.02,SPY191115P00292000,292.0,0,0.0,0.0,,0.0,normalDay
2019-11-13,4502.0,604.0,0.0,0,309.1,0.0,1,6.06,0.02,SPY191115P00292000,292.0,0,0.0,0.0,,0.0,normalDay
2019-11-14,4502.0,605.0,0.0,0,309.55,0.0,1,6.06,0.01,SPY191115P00292000,292.0,0,0.0,0.0,,0.0,normalDay
2019-11-15,5108.0,0.0,606.0,0,311.79,0.0,1,6.06,0.0,SPY191115P00292000,292.0,0,0.0,0.0,,0.0,expirationDay
2019-11-18,5108.0,-4.0,0.0,0,312.02,0.0,1,1.47,1.51,SPY191231P00296000,296.0,0,0.0,0.0,,0.0,normalDay
2019-11-19,5108.0,-11.0,0.0,0,311.93,0.0,1,1.47,1.58,SPY191231P00296000,296.0,0,0.0,0.0,,0.0,normalDay
2019-11-20,5108.0,-25.0,0.0,0,310.77,0.0,1,1.47,1.72,SPY191231P00296000,296.0,0,0.0,0.0,,0.0,normalDay
2019-11-21,5108.0,-30.0,0.0,0,310.27,0.0,1,1.47,1.77,SPY191231P00296000,296.0,0,0.0,0.0,,0.0,normalDay
2019-11-22,5108.0,-4.0,0.0,0,310.96,0.0,1,1.47,1.51,SPY191231P00296000,296.0,0,0.0,0.0,,0.0,normalDay
2019-11-25,5108.0,43.0,0.0,0,313.37,0.0,1,1.47,1.04,SPY191231P00296000,296.0,0,0.0,0.0,,0.0,normalDay
2019-11-26,5108.0,59.0,0.0,0,314.08,0.0,1,1.47,0.88,SPY191231P00296000,296.0,0,0.0,0.0,,0.0,normalDay
2019-11-27,5108.0,70.0,0.0,0,315.48,0.0,1,1.47,0.77,SPY191231P00296000,296.0,0,0.0,0.0,,0.0,normalDay
2019-11-29,5108.0,54.0,0.0,0,314.31,0.0,1,1.47,0.93,SPY191231P00296000,296.0,0,0.0,0.0,,0.0,normalDay
2019-12-02,5108.0,2.0,0.0,0,311.64,0.0,1,1.47,1.45,SPY191231P00296000,296.0,0,0.0,0.0,,0.0,normalDay
2019-12-03,5108.0,-41.0,0.0,0,309.55,0.0,1,1.47,1.88,SPY191231P00296000,296.0,0,0.0,0.0,,0.0,normalDay
2019-12-04,5108.0,6.0,0.0,0,311.46,0.0,1,1.47,1.41,SPY191231P00296000,296.0,0,0.0,0.0,,0.0,normalDay
2019-12-05,5108.0,30.0,0.0,0,312.02,0.0,1,1.47,1.17,SPY191231P00296000,296.0,0,0.0,0.0,,0.0,normalDay
2019-12-06,5108.0,70.0,0.0,0,314.87,0.0,1,1.47,0.77,SPY191231P00296000,296.0,0,0.0,0.0,,0.0,normalDay
2019-12-09,5108.0,48.0,0.0,0,313.88,0.0,1,1.47,0.99,SPY191231P00296000,296.0,0,0.0,0.0,,0.0,normalDay
2019-12-10,5108.0,56.0,0.0,0,313.53,0.0,1,1.47,0.91,SPY191231P00296000,296.0,0,0.0,0.0,,0.0,normalDay
2019-12-11,5108.0,78.0,0.0,0,314.42,0.0,1,1.47,0.69,SPY191231P00296000,296.0,0,0.0,0.0,,0.0,normalDay
2019-12-12,5108.0,102.0,0.0,0,317.13,0.0,1,1.47,0.45,SPY191231P00296000,296.0,0,0.0,0.0,,0.0,normalDay
2019-12-13,5108.0,114.0,0.0,0,317.32,0.0,1,1.47,0.33,SPY191231P00296000,296.0,0,0.0,0.0,,0.0,normalDay
2019-12-16,5108.0,126.0,0.0,0,319.5,0.0,1,1.47,0.21,SPY191231P00296000,296.0,0,0.0,0.0,,0.0,normalDay
2019-12-17,5108.0,129.0,0.0,0,319.57,0.0,1,1.47,0.18,SPY191231P00296000,296.0,0,0.0,0.0,,0.0,normalDay
2019-12-18,5108.0,133.0,0.0,0,319.59,0.0,1,1.47,0.14,SPY191231P00296000,296.0,0,0.0,0.0,,0.0,normalDay
2019-12-19,5108.0,137.0,0.0,0,320.9,0.0,1,1.47,0.1,SPY191231P00296000,296.0,0,0.0,0.0,,0.0,normalDay
2019-12-20,5108.0,140.0,0.0,0,320.73,0.0,1,1.47,0.07,SPY191231P00296000,296.0,0,0.0,0.0,,0.0,normalDay
2019-12-23,5108.0,143.0,0.0,0,321.22,0.0,1,1.47,0.04,SPY191231P00296000,296.0,0,0.0,0.0,,0.0,normalDay
2019-12-24,5108.0,144.0,0.0,0,321.23,0.0,1,1.47,0.03,SPY191231P00296000,296.0,0,0.0,0.0,,0.0,normalDay
2019-12-26,5108.0,145.0,0.0,0,322.94,0.0,1,1.47,0.02,SPY191231P00296000,296.0,0,0.0,0.0,,0.0,normalDay
2019-12-27,5108.0,146.0,0.0,0,322.86,0.0,1,1.47,0.01,SPY191231P00296000,296.0,0,0.0,0.0,,0.0,normalDay
2019-12-30,5108.0,146.0,0.0,0,321.08,0.0,1,1.47,0.01,SPY191231P00296000,296.0,0,0.0,0.0,,0.0,normalDay
2019-12-31,5255.0,0.0,147.0,0,321.86,0.0,1,1.47,0.0,SPY191231P00296000,296.0,0,0.0,0.0,,0.0,expirationDay
2020-01-02,5255.0,-3.0,0.0,0,324.87,0.0,1,1.7,1.73,SPY200221P00308000,308.0,0,0.0,0.0,,0.0,normalDay
2020-01-03,5255.0,-64.0,0.0,0,322.41,0.0,1,1.7,2.34,SPY200221P00308000,308.0,0,0.0,0.0,,0.0,normalDay
2020-01-06,5255.0,-24.0,0.0,0,323.64,0.0,1,1.7,1.94,SPY200221P00308000,308.0,0,0.0,0.0,,0.0,normalDay
2020-01-07,5255.0,-36.0,0.0,0,322.73,0.0,1,1.7,2.06,SPY200221P00308000,308.0,0,0.0,0.0,,0.0,normalDay
2020-01-08,5255.0,4.0,0.0,0,324.45,0.0,1,1.7,1.66,SPY200221P00308000,308.0,0,0.0,0.0,,0.0,normalDay
2020-01-09,5255.0,41.0,0.0,0,326.65,0.0,1,1.7,1.29,SPY200221P00308000,308.0,0,0.0,0.0,,0.0,normalDay
2020-01-10,5255.0,34.0,0.0,0,325.71,0.0,1,1.7,1.36,SPY200221P00308000,308.0,0,0.0,0.0,,0.0,normalDay
2020-01-13,5255.0,71.0,0.0,0,327.95,0.0,1,1.7,0.99,SPY200221P00308000,308.0,0,0.0,0.0,,0.0,normalDay
2020-01-14,5255.0,73.0,0.0,0,327.45,0.0,1,1.7,0.97,SPY200221P00308000,308.0,0,0.0,0.0,,0.0,normalDay
2020-01-15,5255.0,82.0,0.0,0,328.19,0.0,1,1.7,0.88,SPY200221P00308000,308.0,0,0.0,0.0,,0.0,normalDay
2020-01-16,5255.0,98.0,0.0,0,330.92,0.0,1,1.7,0.72,SPY200221P00308000,308.0,0,0.0,0.0,,0.0,normalDay
2020-01-17,5255.0,108.0,0.0,0,331.95,0.0,1,1.7,0.62,SPY200221P00308000,308.0,0,0.0,0.0,,0.0,normalDay
2020-01-21,5255.0,107.0,0.0,0,331.3,0.0,1,1.7,0.63,SPY200221P00308000,308.0,0,0.0,0.0,,0.0,normalDay
2020-01-22,5255.0,109.0,0.0,0,331.34,0.0,1,1.7,0.61,SPY200221P00308000,308.0,0,0.0,0.0,,0.0,normalDay
2020-01-23,5255.0,111.0,0.0,0,331.72,0.0,1,1.7,0.59,SPY200221P00308000,308.0,0,0.0,0.0,,0.0,normalDay
2020-01-24,5255.0,83.0,0.0,0,328.77,0.0,1,1.7,0.87,SPY200221P00308000,308.0,0,0.0,0.0,,0.0,normalDay
2020-01-27,5255.0,-13.0,0.0,0,323.5,0.0,1,1.7,1.83,SPY200221P00308000,308.0,0,0.0,0.0,,0.0,normalDay
2020-01-28,5255.0,66.0,0.0,0,326.89,0.0,1,1.7,1.04,SPY200221P00308000,308.0,0,0.0,0.0,,0.0,normalDay
2020-01-29,5255.0,68.0,0.0,0,326.62,0.0,1,1.7,1.02,SPY200221P00308000,308.0,0,0.0,0.0,,0.0,normalDay
2020-01-30,5255.0,103.0,0.0,0,327.68,0.0,1,1.7,0.67,SPY200221P00308000,308.0,0,0.0,0.0,,0.0,normalDay
2020-01-31,5255.0,4.0,0.0,0,321.73,0.0,1,1.7,1.66,SPY200221P00308000,308.0,0,0.0,0.0,,0.0,normalDay
2020-02-03,5255.0,61.0,0.0,0,324.12,0.0,1,1.7,1.09,SPY200221P00308000,308.0,0,0.0,0.0,,0.0,normalDay
2020-02-04,5255.0,129.0,0.0,0,329.06,0.0,1,1.7,0.41,SPY200221P00308000,308.0,0,0.0,0.0,,0.0,normalDay
2020-02-05,5255.0,148.0,0.0,0,332.86,0.0,1,1.7,0.22,SPY200221P00308000,308.0,0,0.0,0.0,,0.0,normalDay
2020-02-06,5255.0,150.0,0.0,0,333.98,0.0,1,1.7,0.2,SPY200221P00308000,308.0,0,0.0,0.0,,0.0,normalDay
2020-02-07,5255.0,149.0,0.0,0,332.2,0.0,1,1.7,0.21,SPY200221P00308000,308.0,0,0.0,0.0,,0.0,normalDay
2020-02-10,5255.0,158.0,0.0,0,334.68,0.0,1,1.7,0.12,SPY200221P00308000,308.0,0,0.0,0.0,,0.0,normalDay
2020-02-11,5255.0,160.0,0.0,0,335.26,0.0,1,1.7,0.1,SPY200221P00308000,308.0,0,0.0,0.0,,0.0,normalDay
2020-02-12,5255.0,165.0,0.0,0,337.42,0.0,1,1.7,0.05,SPY200221P00308000,308.0,0,0.0,0.0,,0.0,normalDay
2020-02-13,5255.0,165.0,0.0,0,337.06,0.0,1,1.7,0.05,SPY200221P00308000,308.0,0,0.0,0.0,,0.0,normalDay
2020-02-14,5255.0,167.0,0.0,0,337.6,0.0,1,1.7,0.03,SPY200221P00308000,308.0,0,0.0,0.0,,0.0,normalDay
2020-02-18,5255.0,168.0,0.0,0,336.73,0.0,1,1.7,0.02,SPY200221P00308000,308.0,0,0.0,0.0,,0.0,normalDay
2020-02-19,5255.0,169.0,0.0,0,338.34,0.0,1,1.7,0.01,SPY200221P00308000,308.0,0,0.0,0.0,,0.0,normalDay
2020-02-20,5255.0,169.0,0.0,0,336.95,0.0,1,1.7,0.01,SPY200221P00308000,308.0,0,0.0,0.0,,0.0,normalDay
2020-02-21,5425.0,0.0,170.0,0,333.48,0.0,1,1.7,0.0,SPY200221P00308000,308.0,0,0.0,0.0,,0.0,expirationDay
2020-02-24,5425.0,-7.0,0.0,0,322.42,0.0,1,8.07,8.14,SPY200417P00317000,317.0,0,0.0,0.0,,0.0,normalDay
2020-02-25,5425.0,-432.0,0.0,0,312.65,0.0,1,8.07,12.39,SPY200417P00317000,317.0,0,0.0,0.0,,0.0,normalDay
2020-02-26,5425.0,-523.0,0.0,0,311.5,0.0,1,8.07,13.3,SPY200417P00317000,317.0,0,0.0,0.0,,0.0,normalDay
2020-02-27,5425.0,-1646.0,0.0,0,297.51,0.0,1,8.07,24.53,SPY200417P00317000,317.0,0,0.0,0.0,,0.0,normalDay
2020-02-28,5425.0,-1702.0,0.0,0,296.26,0.0,1,8.07,25.09,SPY200417P00317000,317.0,0,0.0,0.0,,0.0,normalDay
2020-03-02,5425.0,-712.0,0.0,0,309.09,0.0,1,8.07,15.19,SPY200417P00317000,317.0,0,0.0,0.0,,0.0,normalDay
2020-03-03,5425.0,-1253.0,0.0,0,300.24,0.0,1,8.07,20.6,SPY200417P00317000,317.0,0,0.0,0.0,,0.0,normalDay
2020-03-04,5425.0,-559.0,0.0,0,312.86,0.0,1,8.07,13.66,SPY200417P00317000,317.0,0,0.0,0.0,,0.0,normalDay
2020-03-05,5425.0,-1313.0,0.0,0,302.46,0.0,1,8.07,21.2,SPY200417P00317000,317.0,0,0.0,0.0,,0.0,normalDay
2020-03-06,5425.0,-1720.0,0.0,0,297.46,0.0,1,8.07,25.27,SPY200417P00317000,317.0,0,0.0,0.0,,0.0,normalDay
2020-03-09,5425.0,-3795.0,0.0,0,274.23,0.0,1,8.07,46.02,SPY200417P00317000,317.0,0,0.0,0.0,,0.0,normalDay
2020-03-10,5425.0,-2473.0,0.0,0,288.42,0.0,1,8.07,32.8,SPY200417P00317000,317.0,0,0.0,0.0,,0.0,normalDay
2020-03-11,5425.0,-3723.0,0.0,0,274.36,0.0,1,8.07,45.3,SPY200417P00317000,317.0,0,0.0,0.0,,0.0,normalDay
2020-03-12,5425.0,-6259.0,0.0,0,248.11,0.0,1,8.07,70.66,SPY200417P00317000,317.0,0,0.0,0.0,,0.0,normalDay
2020-03-13,5425.0,-4241.0,0.0,0,269.32,0.0,1,8.07,50.48,SPY200417P00317000,317.0,0,0.0,0.0,,0.0,normalDay
2020-03-16,5425.0,-6788.0,0.0,0,239.85,0.0,1,8.07,75.95,SPY200417P00317000,317.0,0,0.0,0.0,,0.0,normalDay
2020-03-17,5425.0,-5936.0,0.0,0,252.8,0.0,1,8.07,67.43,SPY200417P00317000,317.0,0,0.0,0.0,,0.0,normalDay
2020-03-18,5425.0,-7041.0,0.0,0,240.0,0.0,1,8.07,78.48,SPY200417P00317000,317.0,0,0.0,0.0,,0.0,normalDay
2020-03-19,5425.0,-7047.0,0.0,0,240.51,0.0,1,8.07,78.54,SPY200417P00317000,317.0,0,0.0,0.0,,0.0,normalDay
2020-03-20,5425.0,-8004.0,0.0,0,228.8,0.0,1,8.07,88.11,SPY200417P00317000,317.0,0,0.0,0.0,,0.0,normalDay
2020-03-23,5425.0,-8802.0,0.0,0,222.95,0.0,1,8.07,96.09,SPY200417P00317000,317.0,0,0.0,0.0,,0.0,normalDay
2020-03-24,5425.0,-6680.0,0.0,0,243.15,0.0,1,8.07,74.87,SPY200417P00317000,317.0,0,0.0,0.0,,0.0,normalDay
2020-03-25,5425.0,-6213.0,0.0,0,246.79,0.0,1,8.07,70.2,SPY200417P00317000,317.0,0,0.0,0.0,,0.0,normalDay
2020-03-26,5425.0,-4857.0,0.0,0,261.2,0.0,1,8.07,56.64,SPY200417P00317000,317.0,0,0.0,0.0,,0.0,normalDay
2020-03-27,5425.0,-5644.0,0.0,0,253.42,0.0,1,8.07,64.51,SPY200417P00317000,317.0,0,0.0,0.0,,0.0,normalDay
2020-03-30,5425.0,-4840.0,0.0,0,261.65,0.0,1,8.07,56.47,SPY200417P00317000,317.0,0,0.0,0.0,,0.0,normalDay
2020-03-31,5425.0,-5241.0,0.0,0,257.75,0.0,1,8.07,60.48,SPY200417P00317000,317.0,0,0.0,0.0,,0.0,normalDay
2020-04-01,5425.0,-6327.0,0.0,0,246.15,0.0,1,8.07,71.34,SPY200417P00317000,317.0,0,0.0,0.0,,0.0,normalDay
2020-04-02,5425.0,-5644.0,0.0,0,251.83,0.0,1,8.07,64.51,SPY200417P00317000,317.0,0,0.0,0.0,,0.0,normalDay
2020-04-03,5425.0,-6070.0,0.0,0,248.19,0.0,1,8.07,68.77,SPY200417P00317000,317.0,0,0.0,0.0,,0.0,normalDay
2020-04-06,5425.0,-4402.0,0.0,0,264.86,0.0,1,8.07,52.09,SPY200417P00317000,317.0,0,0.0,0.0,,0.0,normalDay
2020-04-07,5425.0,-4522.0,0.0,0,265.13,0.0,1,8.07,53.29,SPY200417P00317000,317.0,0,0.0,0.0,,0.0,normalDay
2020-04-08,5425.0,-3511.0,0.0,0,274.03,0.0,1,8.07,43.18,SPY200417P00317000,317.0,0,0.0,0.0,,0.0,normalDay
2020-04-09,5425.0,-3101.0,0.0,0,278.2,0.0,1,8.07,39.08,SPY200417P00317000,317.0,0,0.0,0.0,,0.0,normalDay
2020-04-13,5425.0,-3356.0,0.0,0,275.66,0.0,1,8.07,41.63,SPY200417P00317000,317.0,0,0.0,0.0,,0.0,normalDay
2020-04-14,5425.0,-2505.0,0.0,0,283.79,0.0,1,8.07,33.12,SPY200417P00317000,317.0,0,0.0,0.0,,0.0,normalDay
2020-04-15,5425.0,-3139.0,0.0,0,277.76,0.0,1,8.07,39.46,SPY200417P00317000,317.0,0,0.0,0.0,,0.0,normalDay
2020-04-16,5425.0,-2990.0,0.0,0,279.1,0.0,1,8.07,37.97,SPY200417P00317000,317.0,0,0.0,0.0,,0.0,normalDay
2020-04-17,6232.0,-3036.0,807.0,100,286.64,317.0,1,8.07,0.0,SPY200417P00317000,317.0,0,0.0,0.0,,0.0,expirationDay
2020-04-20,6232.0,-3584.0,0.0,100,281.59,317.0,0,0.0,0.0,,0.0,1,13.28,13.71,SPY200821C00297000,297.0,normalDay
2020-04-21,6232.0,-4126.0,0.0,100,273.04,317.0,0,0.0,0.0,,0.0,1,13.28,10.58,SPY200821C00297000,297.0,normalDay
2020-04-22,6232.0,-3663.0,0.0,100,279.1,317.0,0,0.0,0.0,,0.0,1,13.28,12.01,SPY200821C00297000,297.0,normalDay
2020-04-23,6232.0,-3651.0,0.0,100,279.08,317.0,0,0.0,0.0,,0.0,1,13.28,11.87,SPY200821C00297000,297.0,normalDay
2020-04-24,6232.0,-3328.0,0.0,100,282.97,317.0,0,0.0,0.0,,0.0,1,13.28,12.53,SPY200821C00297000,297.0,normalDay
2020-04-27,6232.0,-2984.0,0.0,100,287.05,317.0,0,0.0,0.0,,0.0,1,13.28,13.17,SPY200821C00297000,297.0,normalDay
2020-04-28,6232.0,-3046.0,0.0,100,285.73,317.0,0,0.0,0.0,,0.0,1,13.28,12.47,SPY200821C00297000,297.0,normalDay
2020-04-29,6232.0,-2595.0,0.0,100,293.21,317.0,0,0.0,0.0,,0.0,1,13.28,15.44,SPY200821C00297000,297.0,normalDay
2020-04-30,6232.0,-2719.0,0.0,100,290.48,317.0,0,0.0,0.0,,0.0,1,13.28,13.95,SPY200821C00297000,297.0,normalDay
2020-05-01,6232.0,-3220.0,0.0,100,282.79,317.0,0,0.0,0.0,,0.0,1,13.28,11.27,SPY200821C00297000,297.0,normalDay
2020-05-04,6232.0,-3100.0,0.0,100,283.57,317.0,0,0.0,0.0,,0.0,1,13.28,10.85,SPY200821C00297000,297.0,normalDay
2020-05-05,6232.0,-2931.0,0.0,100,286.19,317.0,0,0.0,0.0,,0.0,1,13.28,11.78,SPY200821C00297000,297.0,normalDay
2020-05-06,6232.0,-3014.0,0.0,100,284.25,317.0,0,0.0,0.0,,0.0,1,13.28,10.67,SPY200821C00297000,297.0,normalDay
2020-05-07,6232.0,-2818.0,0.0,100,287.68,317.0,0,0.0,0.0,,0.0,1,13.28,12.14,SPY200821C00297000,297.0,normalDay
2020-05-08,6232.0,-2482.0,0.0,100,292.44,317.0,0,0.0,0.0,,0.0,1,13.28,13.54,SPY200821C00297000,297.0,normalDay
2020-05-11,6232.0,-2346.0,0.0,100,292.5,317.0,0,0.0,0.0,,0.0,1,13.28,12.24,SPY200821C00297000,297.0,normalDay
2020-05-12,6232.0,-2717.0,0.0,100,286.67,317.0,0,0.0,0.0,,0.0,1,13.28,10.12,SPY200821C00297000,297.0,normalDay
2020-05-13,6232.0,-3115.0,0.0,100,281.6,317.0,0,0.0,0.0,,0.0,1,13.28,9.03,SPY200821C00297000,297.0,normalDay
2020-05-14,6232.0,-2850.0,0.0,100,284.97,317.0,0,0.0,0.0,,0.0,1,13.28,9.75,SPY200821C00297000,297.0,normalDay
2020-05-15,6232.0,-2696.0,0.0,100,286.28,317.0,0,0.0,0.0,,0.0,1,13.28,9.52,SPY200821C00297000,297.0,normalDay
2020-05-18,6232.0,-2207.0,0.0,100,295.0,317.0,0,0.0,0.0,,0.0,1,13.28,13.35,SPY200821C00297000,297.0,normalDay
2020-05-19,6232.0,-2387.0,0.0,100,291.97,317.0,0,0.0,0.0,,0.0,1,13.28,12.12,SPY200821C00297000,297.0,normalDay
2020-05-20,6232.0,-2120.0,0.0,100,296.93,317.0,0,0.0,0.0,,0.0,1,13.28,14.41,SPY200821C00297000,297.0,normalDay
2020-05-21,6232.0,-2218.0,0.0,100,294.88,317.0,0,0.0,0.0,,0.0,1,13.28,13.34,SPY200821C00297000,297.0,normalDay
2020-05-22,6232.0,-2189.0,0.0,100,295.44,317.0,0,0.0,0.0,,0.0,1,13.28,13.61,SPY200821C00297000,297.0,normalDay
2020-05-26,6232.0,-1983.0,0.0,100,299.08,317.0,0,0.0,0.0,,0.0,1,13.28,15.19,SPY200821C00297000,297.0,normalDay
2020-05-27,6232.0,-1777.0,0.0,100,303.53,317.0,0,0.0,0.0,,0.0,1,13.28,17.58,SPY200821C00297000,297.0,normalDay
2020-05-28,6232.0,-1877.0,0.0,100,302.97,317.0,0,0.0,0.0,,0.0,1,13.28,18.02,SPY200821C00297000,297.0,normalDay
2020-05-29,6232.0,-1792.0,0.0,100,304.32,317.0,0,0.0,0.0,,0.0,1,13.28,18.52,SPY200821C00297000,297.0,normalDay
2020-06-01,6232.0,-1695.0,0.0,100,305.55,317.0,0,0.0,0.0,,0.0,1,13.28,18.78,SPY200821C00297000,297.0,normalDay
2020-06-02,6232.0,-1564.0,0.0,100,308.08,317.0,0,0.0,0.0,,0.0,1,13.28,20.0,SPY200821C00297000,297.0,normalDay
2020-06-03,6232.0,-1436.0,0.0,100,312.18,317.0,0,0.0,0.0,,0.0,1,13.28,22.82,SPY200821C00297000,297.0,normalDay
2020-06-04,6232.0,-1455.0,0.0,100,311.36,317.0,0,0.0,0.0,,0.0,1,13.28,22.19,SPY200821C00297000,297.0,normalDay
2020-06-05,6232.0,-1207.0,0.0,100,319.34,317.0,0,0.0,0.0,,0.0,1,13.28,27.69,SPY200821C00297000,297.0,normalDay
2020-06-08,6232.0,-1111.0,0.0,100,323.2,317.0,0,0.0,0.0,,0.0,1,13.28,30.59,SPY200821C00297000,297.0,normalDay
2020-06-09,6232.0,-1306.0,0.0,100,320.79,317.0,0,0.0,0.0,,0.0,1,13.28,30.13,SPY200821C00297000,297.0,normalDay
2020-06-10,6232.0,-1252.0,0.0,100,319.0,317.0,0,0.0,0.0,,0.0,1,13.28,27.8,SPY200821C00297000,297.0,normalDay
2020-06-11,6232.0,-2236.0,0.0,100,300.61,317.0,0,0.0,0.0,,0.0,1,13.28,19.25,SPY200821C00297000,297.0,normalDay
2020-06-12,6232.0,-1907.0,0.0,100,304.21,317.0,0,0.0,0.0,,0.0,1,13.28,19.56,SPY200821C00297000,297.0,normalDay
2020-06-15,6232.0,-1785.0,0.0,100,307.05,317.0,0,0.0,0.0,,0.0,1,13.28,21.18,SPY200821C00297000,297.0,normalDay
2020-06-16,6232.0,-1560.0,0.0,100,312.96,317.0,0,0.0,0.0,,0.0,1,13.28,24.84,SPY200821C00297000,297.0,normalDay
2020-06-17,6232.0,-1624.0,0.0,100,311.66,317.0,0,0.0,0.0,,0.0,1,13.28,24.18,SPY200821C00297000,297.0,normalDay
2020-06-18,6232.0,-1558.0,0.0,100,311.78,317.0,0,0.0,0.0,,0.0,1,13.28,23.64,SPY200821C00297000,297.0,normalDay
2020-06-19,6232.0,-1682.0,0.0,100,308.64,317.0,0,0.0,0.0,,0.0,1,13.28,21.74,SPY200821C00297000,297.0,normalDay
2020-06-22,6232.0,-1620.0,0.0,100,310.62,317.0,0,0.0,0.0,,0.0,1,13.28,23.1,SPY200821C00297000,297.0,normalDay
2020-06-23,6232.0,-1537.0,0.0,100,312.05,317.0,0,0.0,0.0,,0.0,1,13.28,23.7,SPY200821C00297000,297.0,normalDay
2020-06-24,6232.0,-1864.0,0.0,100,304.09,317.0,0,0.0,0.0,,0.0,1,13.28,19.01,SPY200821C00297000,297.0,normalDay
2020-06-25,6232.0,-1681.0,0.0,100,307.35,317.0,0,0.0,0.0,,0.0,1,13.28,20.44,SPY200821C00297000,297.0,normalDay
2020-06-26,6232.0,-2016.0,0.0,100,300.05,317.0,0,0.0,0.0,,0.0,1,13.28,16.49,SPY200821C00297000,297.0,normalDay
2020-06-29,6232.0,-1694.0,0.0,100,304.46,317.0,0,0.0,0.0,,0.0,1,13.28,17.68,SPY200821C00297000,297.0,normalDay
2020-06-30,6232.0,-1494.0,0.0,100,308.36,317.0,0,0.0,0.0,,0.0,1,13.28,19.58,SPY200821C00297000,297.0,normalDay
2020-07-01,6232.0,-1383.0,0.0,100,310.52,317.0,0,0.0,0.0,,0.0,1,13.28,20.63,SPY200821C00297000,297.0,normalDay
2020-07-02,6232.0,-1348.0,0.0,100,312.23,317.0,0,0.0,0.0,,0.0,1,13.28,21.99,SPY200821C00297000,297.0,normalDay
2020-07-06,6232.0,-1183.0,0.0,100,317.05,317.0,0,0.0,0.0,,0.0,1,13.28,25.16,SPY200821C00297000,297.0,normalDay
2020-07-07,6232.0,-1279.0,0.0,100,313.78,317.0,0,0.0,0.0,,0.0,1,13.28,22.85,SPY200821C00297000,297.0,normalDay
2020-07-08,6232.0,-1202.0,0.0,100,316.18,317.0,0,0.0,0.0,,0.0,1,13.28,24.48,SPY200821C00297000,297.0,normalDay
2020-07-09,6232.0,-1246.0,0.0,100,314.38,317.0,0,0.0,0.0,,0.0,1,13.28,23.12,SPY200821C00297000,297.0,normalDay
2020-07-10,6232.0,-1154.0,0.0,100,317.59,317.0,0,0.0,0.0,,0.0,1,13.28,25.41,SPY200821C00297000,297.0,normalDay
2020-07-13,6232.0,-1247.0,0.0,100,314.84,317.0,0,0.0,0.0,,0.0,1,13.28,23.59,SPY200821C00297000,297.0,normalDay
2020-07-14,6232.0,-1089.0,0.0,100,318.92,317.0,0,0.0,0.0,,0.0,1,13.28,26.09,SPY200821C00297000,297.0,normalDay
2020-07-15,6232.0,-1023.0,0.0,100,321.85,317.0,0,0.0,0.0,,0.0,1,13.28,28.36,SPY200821C00297000,297.0,normalDay
2020-07-16,6232.0,-935.0,0.0,100,320.79,317.0,0,0.0,0.0,,0.0,1,13.28,26.42,SPY200821C00297000,297.0,normalDay
2020-07-17,6232.0,-973.0,0.0,100,321.72,317.0,0,0.0,0.0,,0.0,1,13.28,27.73,SPY200821C00297000,297.0,normalDay
2020-07-20,6232.0,-902.0,0.0,100,324.32,317.0,0,0.0,0.0,,0.0,1,13.28,29.62,SPY200821C00297000,297.0,normalDay
2020-07-21,6232.0,-899.0,0.0,100,325.01,317.0,0,0.0,0.0,,0.0,1,13.28,30.28,SPY200821C00297000,297.0,normalDay
2020-07-22,6232.0,-830.0,0.0,100,326.86,317.0,0,0.0,0.0,,0.0,1,13.28,31.44,SPY200821C00297000,297.0,normalDay
2020-07-23,6232.0,-842.0,0.0,100,322.96,317.0,0,0.0,0.0,,0.0,1,13.28,27.66,SPY200821C00297000,297.0,normalDay
2020-07-24,6232.0,-899.0,0.0,100,320.88,317.0,0,0.0,0.0,,0.0,1,13.28,26.15,SPY200821C00297000,297.0,normalDay
2020-07-27,6232.0,-839.0,0.0,100,323.22,317.0,0,0.0,0.0,,0.0,1,13.28,27.89,SPY200821C00297000,297.0,normalDay
2020-07-28,6232.0,-849.0,0.0,100,321.17,317.0,0,0.0,0.0,,0.0,1,13.28,25.94,SPY200821C00297000,297.0,normalDay
2020-07-29,6232.0,-776.0,0.0,100,325.12,317.0,0,0.0,0.0,,0.0,1,13.28,29.16,SPY200821C00297000,297.0,normalDay
2020-07-30,6232.0,-827.0,0.0,100,323.96,317.0,0,0.0,0.0,,0.0,1,13.28,28.51,SPY200821C00297000,297.0,normalDay
2020-07-31,6232.0,-785.0,0.0,100,326.52,317.0,0,0.0,0.0,,0.0,1,13.28,30.65,SPY200821C00297000,297.0,normalDay
2020-08-03,6232.0,-729.0,0.0,100,328.79,317.0,0,0.0,0.0,,0.0,1,13.28,32.36,SPY200821C00297000,297.0,normalDay
2020-08-04,6232.0,-710.0,0.0,100,330.06,317.0,0,0.0,0.0,,0.0,1,13.28,33.44,SPY200821C00297000,297.0,normalDay
2020-08-05,6232.0,-701.0,0.0,100,332.11,317.0,0,0.0,0.0,,0.0,1,13.28,35.4,SPY200821C00297000,297.0,normalDay
2020-08-06,6232.0,-727.0,0.0,100,334.33,317.0,0,0.0,0.0,,0.0,1,13.28,37.88,SPY200821C00297000,297.0,normalDay
2020-08-07,6232.0,-697.0,0.0,100,334.57,317.0,0,0.0,0.0,,0.0,1,13.28,37.82,SPY200821C00297000,297.0,normalDay
2020-08-10,6232.0,-670.0,0.0,100,335.57,317.0,0,0.0,0.0,,0.0,1,13.28,38.55,SPY200821C00297000,297.0,normalDay
2020-08-11,6232.0,-691.0,0.0,100,332.8,317.0,0,0.0,0.0,,0.0,1,13.28,35.99,SPY200821C00297000,297.0,normalDay
2020-08-12,6232.0,-670.0,0.0,100,337.44,317.0,0,0.0,0.0,,0.0,1,13.28,40.42,SPY200821C00297000,297.0,normalDay
2020-08-13,6232.0,-660.0,0.0,100,336.83,317.0,0,0.0,0.0,,0.0,1,13.28,39.71,SPY200821C00297000,297.0,normalDay
2020-08-14,6232.0,-660.0,0.0,100,336.84,317.0,0,0.0,0.0,,0.0,1,13.28,39.72,SPY200821C00297000,297.0,normalDay
2020-08-17,6232.0,-666.0,0.0,100,337.91,317.0,0,0.0,0.0,,0.0,1,13.28,40.85,SPY200821C00297000,297.0,normalDay
2020-08-18,6232.0,-681.0,0.0,100,338.64,317.0,0,0.0,0.0,,0.0,1,13.28,41.73,SPY200821C00297000,297.0,normalDay
2020-08-19,6232.0,-680.0,0.0,100,337.23,317.0,0,0.0,0.0,,0.0,1,13.28,40.31,SPY200821C00297000,297.0,normalDay
2020-08-20,6232.0,-658.0,0.0,100,338.28,317.0,0,0.0,0.0,,0.0,1,13.28,41.14,SPY200821C00297000,297.0,normalDay
2020-08-21,5560.0,-658.0,-672.0,0,339.48,0.0,0,0.0,0.0,,0.0,1,13.28,0.0,SPY200821C00297000,297.0,expirationDay
2020-08-24,5560.0,-5.0,0.0,0,342.92,0.0,1,4.24,4.29,SPY201016P00318000,318.0,0,0.0,0.0,,0.0,normalDay
2020-08-25,5560.0,30.0,0.0,0,344.12,0.0,1,4.24,3.94,SPY201016P00318000,318.0,0,0.0,0.0,,0.0,normalDay
2020-08-26,5560.0,50.0,0.0,0,347.57,0.0,1,4.24,3.74,SPY201016P00318000,318.0,0,0.0,0.0,,0.0,normalDay
2020-08-27,5560.0,46.0,0.0,0,348.33,0.0,1,4.24,3.78,SPY201016P00318000,318.0,0,0.0,0.0,,0.0,normalDay
2020-08-28,5560.0,102.0,0.0,0,350.58,0.0,1,4.24,3.22,SPY201016P00318000,318.0,0,0.0,0.0,,0.0,normalDay
2020-08-31,5560.0,49.0,0.0,0,349.31,0.0,1,4.24,3.75,SPY201016P00318000,318.0,0,0.0,0.0,,0.0,normalDay
2020-09-01,5560.0,81.0,0.0,0,352.6,0.0,1,4.24,3.43,SPY201016P00318000,318.0,0,0.0,0.0,,0.0,normalDay
2020-09-02,5560.0,138.0,0.0,0,357.7,0.0,1,4.24,2.86,SPY201016P00318000,318.0,0,0.0,0.0,,0.0,normalDay
2020-09-03,5560.0,-114.0,0.0,0,345.39,0.0,1,4.24,5.38,SPY201016P00318000,318.0,0,0.0,0.0,,0.0,normalDay
2020-09-04,5560.0,-99.0,0.0,0,342.57,0.0,1,4.24,5.23,SPY201016P00318000,318.0,0,0.0,0.0,,0.0,normalDay
2020-09-08,5560.0,-240.0,0.0,0,333.21,0.0,1,4.24,6.64,SPY201016P00318000,318.0,0,0.0,0.0,,0.0,normalDay
2020-09-09,5560.0,-46.0,0.0,0,339.79,0.0,1,4.24,4.7,SPY201016P00318000,318.0,0,0.0,0.0,,0.0,normalDay
2020-09-10,5560.0,-153.0,0.0,0,333.89,0.0,1,4.24,5.77,SPY201016P00318000,318.0,0,0.0,0.0,,0.0,normalDay
2020-09-11,5560.0,-102.0,0.0,0,334.06,0.0,1,4.24,5.26,SPY201016P00318000,318.0,0,0.0,0.0,,0.0,normalDay
2020-09-14,5560.0,70.0,0.0,0,338.46,0.0,1,4.24,3.54,SPY201016P00318000,318.0,0,0.0,0.0,,0.0,normalDay
2020-09-15,5560.0,107.0,0.0,0,340.17,0.0,1,4.24,3.17,SPY201016P00318000,318.0,0,0.0,0.0,,0.0,normalDay
2020-09-16,5560.0,85.0,0.0,0,338.82,0.0,1,4.24,3.39,SPY201016P00318000,318.0,0,0.0,0.0,,0.0,normalDay
2020-09-17,5560.0,55.0,0.0,0,335.84,0.0,1,4.24,3.69,SPY201016P00318000,318.0,0,0.0,0.0,,0.0,normalDay
2020-09-18,5560.0,9.0,0.0,0,330.65,0.0,1,4.24,4.15,SPY201016P00318000,318.0,0,0.0,0.0,,0.0,normalDay
2020-09-21,5560.0,-77.0,0.0,0,326.97,0.0,1,4.24,5.01,SPY201016P00318000,318.0,0,0.0,0.0,,0.0,normalDay
2020-09-22,5560.0,21.0,0.0,0,330.3,0.0,1,4.24,4.03,SPY201016P00318000,318.0,0,0.0,0.0,,0.0,normalDay
2020-09-23,5560.0,-213.0,0.0,0,322.64,0.0,1,4.24,6.37,SPY201016P00318000,318.0,0,0.0,0.0,,0.0,normalDay
2020-09-24,5560.0,-147.0,0.0,0,323.5,0.0,1,4.24,5.71,SPY201016P00318000,318.0,0,0.0,0.0,,0.0,normalDay
2020-09-25,5560.0,52.0,0.0,0,328.73,0.0,1,4.24,3.72,SPY201016P00318000,318.0,0,0.0,0.0,,0.0,normalDay
2020-09-28,5560.0,193.0,0.0,0,334.19,0.0,1,4.24,2.31,SPY201016P00318000,318.0,0,0.0,0.0,,0.0,normalDay
2020-09-29,5560.0,172.0,0.0,0,332.37,0.0,1,4.24,2.52,SPY201016P00318000,318.0,0,0.0,0.0,,0.0,normalDay
2020-09-30,5560.0,198.0,0.0,0,334.89,0.0,1,4.24,2.26,SPY201016P00318000,318.0,0,0.0,0.0,,0.0,normalDay
2020-10-01,5560.0,260.0,0.0,0,337.04,0.0,1,4.24,1.64,SPY201016P00318000,318.0,0,0.0,0.0,,0.0,normalDay
2020-10-02,5560.0,234.0,0.0,0,333.84,0.0,1,4.24,1.9,SPY201016P00318000,318.0,0,0.0,0.0,,0.0,normalDay
2020-10-05,5560.0,349.0,0.0,0,339.76,0.0,1,4.24,0.75,SPY201016P00318000,318.0,0,0.0,0.0,,0.0,normalDay
2020-10-06,5560.0,303.0,0.0,0,334.93,0.0,1,4.24,1.21,SPY201016P00318000,318.0,0,0.0,0.0,,0.0,normalDay
2020-10-07,5560.0,383.0,0.0,0,340.76,0.0,1,4.24,0.41,SPY201016P00318000,318.0,0,0.0,0.0,,0.0,normalDay
2020-10-08,5560.0,403.0,0.0,0,343.78,0.0,1,4.24,0.21,SPY201016P00318000,318.0,0,0.0,0.0,,0.0,normalDay
2020-10-09,5560.0,414.0,0.0,0,346.85,0.0,1,4.24,0.1,SPY201016P00318000,318.0,0,0.0,0.0,,0.0,normalDay
2020-10-12,5560.0,418.0,0.0,0,352.43,0.0,1,4.24,0.06,SPY201016P00318000,318.0,0,0.0,0.0,,0.0,normalDay
2020-10-13,5560.0,420.0,0.0,0,350.13,0.0,1,4.24,0.04,SPY201016P00318000,318.0,0,0.0,0.0,,0.0,normalDay
2020-10-14,5560.0,421.0,0.0,0,347.93,0.0,1,4.24,0.03,SPY201016P00318000,318.0,0,0.0,0.0,,0.0,normalDay
2020-10-15,5560.0,422.0,0.0,0,347.5,0.0,1,4.24,0.02,SPY201016P00318000,318.0,0,0.0,0.0,,0.0,normalDay
2020-10-16,5984.0,0.0,424.0,0,347.29,0.0,1,4.24,0.0,SPY201016P00318000,318.0,0,0.0,0.0,,0.0,expirationDay
2020-10-19,5984.0,-7.0,0.0,0,342.01,0.0,1,4.12,4.19,SPY201127P00315000,315.0,0,0.0,0.0,,0.0,normalDay
2020-10-20,5984.0,7.0,0.0,0,343.38,0.0,1,4.12,4.05,SPY201127P00315000,315.0,0,0.0,0.0,,0.0,normalDay
2020-10-21,5984.0,44.0,0.0,0,342.73,0.0,1,4.12,3.68,SPY201127P00315000,315.0,0,0.0,0.0,,0.0,normalDay
2020-10-22,5984.0,81.0,0.0,0,344.61,0.0,1,4.12,3.31,SPY201127P00315000,315.0,0,0.0,0.0,,0.0,normalDay
2020-10-23,5984.0,110.0,0.0,0,345.78,0.0,1,4.12,3.02,SPY201127P00315000,315.0,0,0.0,0.0,,0.0,normalDay
2020-10-26,5984.0,-50.0,0.0,0,339.39,0.0,1,4.12,4.62,SPY201127P00315000,315.0,0,0.0,0.0,,0.0,normalDay
2020-10-27,5984.0,-73.0,0.0,0,338.22,0.0,1,4.12,4.85,SPY201127P00315000,315.0,0,0.0,0.0,,0.0,normalDay
2020-10-28,5984.0,-518.0,0.0,0,326.66,0.0,1,4.12,9.3,SPY201127P00315000,315.0,0,0.0,0.0,,0.0,normalDay
2020-10-29,5984.0,-288.0,0.0,0,329.98,0.0,1,4.12,7.0,SPY201127P00315000,315.0,0,0.0,0.0,,0.0,normalDay
2020-10-30,5984.0,-384.0,0.0,0,326.54,0.0,1,4.12,7.96,SPY201127P00315000,315.0,0,0.0,0.0,,0.0,normalDay
2020-11-02,5984.0,-213.0,0.0,0,330.2,0.0,1,4.12,6.25,SPY201127P00315000,315.0,0,0.0,0.0,,0.0,normalDay
2020-11-03,5984.0,-63.0,0.0,0,336.03,0.0,1,4.12,4.75,SPY201127P00315000,315.0,0,0.0,0.0,,0.0,normalDay
2020-11-04,5984.0,182.0,0.0,0,343.54,0.0,1,4.12,2.3,SPY201127P00315000,315.0,0,0.0,0.0,,0.0,normalDay
2020-11-05,5984.0,267.0,0.0,0,350.24,0.0,1,4.12,1.45,SPY201127P00315000,315.0,0,0.0,0.0,,0.0,normalDay
2020-11-06,5984.0,319.0,0.0,0,350.16,0.0,1,4.12,0.93,SPY201127P00315000,315.0,0,0.0,0.0,,0.0,normalDay
2020-11-09,5984.0,345.0,0.0,0,354.56,0.0,1,4.12,0.67,SPY201127P00315000,315.0,0,0.0,0.0,,0.0,normalDay
2020-11-10,5984.0,357.0,0.0,0,354.04,0.0,1,4.12,0.55,SPY201127P00315000,315.0,0,0.0,0.0,,0.0,normalDay
2020-11-11,5984.0,374.0,0.0,0,356.67,0.0,1,4.12,0.38,SPY201127P00315000,315.0,0,0.0,0.0,,0.0,normalDay
2020-11-12,5984.0,360.0,0.0,0,353.21,0.0,1,4.12,0.52,SPY201127P00315000,315.0,0,0.0,0.0,,0.0,normalDay
2020-11-13,5984.0,384.0,0.0,0,358.1,0.0,1,4.12,0.28,SPY201127P00315000,315.0,0,0.0,0.0,,0.0,normalDay
2020-11-16,5984.0,399.0,0.0,0,362.57,0.0,1,4.12,0.13,SPY201127P00315000,315.0,0,0.0,0.0,,0.0,normalDay
2020-11-17,5984.0,403.0,0.0,0,360.62,0.0,1,4.12,0.09,SPY201127P00315000,315.0,0,0.0,0.0,,0.0,normalDay
2020-11-18,5984.0,401.0,0.0,0,356.28,0.0,1,4.12,0.11,SPY201127P00315000,315.0,0,0.0,0.0,,0.0,normalDay
2020-11-19,5984.0,403.0,0.0,0,357.78,0.0,1,4.12,0.09,SPY201127P00315000,315.0,0,0.0,0.0,,0.0,normalDay
2020-11-20,5984.0,407.0,0.0,0,355.33,0.0,1,4.12,0.05,SPY201127P00315000,315.0,0,0.0,0.0,,0.0,normalDay
2020-11-23,5984.0,410.0,0.0,0,357.46,0.0,1,4.12,0.02,SPY201127P00315000,315.0,0,0.0,0.0,,0.0,normalDay
2020-11-24,5984.0,411.0,0.0,0,363.22,0.0,1,4.12,0.01,SPY201127P00315000,315.0,0,0.0,0.0,,0.0,normalDay
2020-11-25,5984.0,411.0,0.0,0,362.66,0.0,1,4.12,0.01,SPY201127P00315000,315.0,0,0.0,0.0,,0.0,normalDay
2020-11-27,6396.0,0.0,412.0,0,363.67,0.0,1,4.12,0.0,SPY201127P00315000,315.0,0,0.0,0.0,,0.0,expirationDay
2020-11-30,6396.0,-4.0,0.0,0,362.06,0.0,1,2.79,2.83,SPY210115P00331000,331.0,0,0.0,0.0,,0.0,normalDay
2020-12-01,6396.0,26.0,0.0,0,366.02,0.0,1,2.79,2.53,SPY210115P00331000,331.0,0,0.0,0.0,,0.0,normalDay
2020-12-02,6396.0,38.0,0.0,0,366.79,0.0,1,2.79,2.41,SPY210115P00331000,331.0,0,0.0,0.0,,0.0,normalDay
2020-12-03,6396.0,36.0,0.0,0,366.69,0.0,1,2.79,2.43,SPY210115P00331000,331.0,0,0.0,0.0,,0.0,normalDay
2020-12-04,6396.0,85.0,0.0,0,369.85,0.0,1,2.79,1.94,SPY210115P00331000,331.0,0,0.0,0.0,,0.0,normalDay
2020-12-07,6396.0,91.0,0.0,0,369.09,0.0,1,2.79,1.88,SPY210115P00331000,331.0,0,0.0,0.0,,0.0,normalDay
2020-12-08,6396.0,126.0,0.0,0,370.17,0.0,1,2.79,1.53,SPY210115P00331000,331.0,0,0.0,0.0,,0.0,normalDay
2020-12-09,6396.0,86.0,0.0,0,366.85,0.0,1,2.79,1.93,SPY210115P00331000,331.0,0,0.0,0.0,,0.0,normalDay
2020-12-10,6396.0,92.0,0.0,0,366.73,0.0,1,2.79,1.87,SPY210115P00331000,331.0,0,0.0,0.0,,0.0,normalDay
2020-12-11,6396.0,78.0,0.0,0,366.3,0.0,1,2.79,2.01,SPY210115P00331000,331.0,0,0.0,0.0,,0.0,normalDay
2020-12-14,6396.0,62.0,0.0,0,364.66,0.0,1,2.79,2.17,SPY210115P00331000,331.0,0,0.0,0.0,,0.0,normalDay
2020-12-15,6396.0,121.0,0.0,0,369.59,0.0,1,2.79,1.58,SPY210115P00331000,331.0,0,0.0,0.0,,0.0,normalDay
2020-12-16,6396.0,143.0,0.0,0,370.17,0.0,1,2.79,1.36,SPY210115P00331000,331.0,0,0.0,0.0,,0.0,normalDay
2020-12-17,6396.0,169.0,0.0,0,372.24,0.0,1,2.79,1.1,SPY210115P00331000,331.0,0,0.0,0.0,,0.0,normalDay
2020-12-18,6396.0,175.0,0.0,0,369.18,0.0,1,2.79,1.04,SPY210115P00331000,331.0,0,0.0,0.0,,0.0,normalDay
2020-12-21,6396.0,134.0,0.0,0,367.86,0.0,1,2.79,1.45,SPY210115P00331000,331.0,0,0.0,0.0,,0.0,normalDay
2020-12-22,6396.0,149.0,0.0,0,367.24,0.0,1,2.79,1.3,SPY210115P00331000,331.0,0,0.0,0.0,,0.0,normalDay
2020-12-23,6396.0,168.0,0.0,0,367.57,0.0,1,2.79,1.11,SPY210115P00331000,331.0,0,0.0,0.0,,0.0,normalDay
2020-12-24,6396.0,197.0,0.0,0,369.0,0.0,1,2.79,0.82,SPY210115P00331000,331.0,0,0.0,0.0,,0.0,normalDay
2020-12-28,6396.0,226.0,0.0,0,372.17,0.0,1,2.79,0.53,SPY210115P00331000,331.0,0,0.0,0.0,,0.0,normalDay
2020-12-29,6396.0,219.0,0.0,0,371.46,0.0,1,2.79,0.6,SPY210115P00331000,331.0,0,0.0,0.0,,0.0,normalDay
2020-12-30,6396.0,227.0,0.0,0,371.99,0.0,1,2.79,0.52,SPY210115P00331000,331.0,0,0.0,0.0,,0.0,normalDay
2020-12-31,6396.0,236.0,0.0,0,373.88,0.0,1,2.79,0.43,SPY210115P00331000,331.0,0,0.0,0.0,,0.0,normalDay
2021-01-04,6396.0,223.0,0.0,0,368.79,0.0,1,2.79,0.56,SPY210115P00331000,331.0,0,0.0,0.0,,0.0,normalDay
2021-01-05,6396.0,242.0,0.0,0,371.33,0.0,1,2.79,0.37,SPY210115P00331000,331.0,0,0.0,0.0,,0.0,normalDay
2021-01-06,6396.0,241.0,0.0,0,373.55,0.0,1,2.79,0.38,SPY210115P00331000,331.0,0,0.0,0.0,,0.0,normalDay
2021-01-07,6396.0,263.0,0.0,0,379.1,0.0,1,2.79,0.16,SPY210115P00331000,331.0,0,0.0,0.0,,0.0,normalDay
2021-01-08,6396.0,271.0,0.0,0,381.26,0.0,1,2.79,0.08,SPY210115P00331000,331.0,0,0.0,0.0,,0.0,normalDay
2021-01-11,6396.0,272.0,0.0,0,378.69,0.0,1,2.79,0.07,SPY210115P00331000,331.0,0,0.0,0.0,,0.0,normalDay
2021-01-12,6396.0,275.0,0.0,0,378.77,0.0,1,2.79,0.04,SPY210115P00331000,331.0,0,0.0,0.0,,0.0,normalDay
2021-01-13,6396.0,277.0,0.0,0,379.79,0.0,1,2.79,0.02,SPY210115P00331000,331.0,0,0.0,0.0,,0.0,normalDay
2021-01-14,6396.0,278.0,0.0,0,378.46,0.0,1,2.79,0.01,SPY210115P00331000,331.0,0,0.0,0.0,,0.0,normalDay
2021-01-15,6675.0,0.0,279.0,0,375.7,0.0,1,2.79,0.0,SPY210115P00331000,331.0,0,0.0,0.0,,0.0,expirationDay
2021-01-19,6675.0,-6.0,0.0,0,378.65,0.0,1,4.8,4.86,SPY210226P00362000,362.0,0,0.0,0.0,,0.0,normalDay
2021-01-20,6675.0,126.0,0.0,0,383.89,0.0,1,4.8,3.54,SPY210226P00362000,362.0,0,0.0,0.0,,0.0,normalDay
2021-01-21,6675.0,147.0,0.0,0,384.24,0.0,1,4.8,3.33,SPY210226P00362000,362.0,0,0.0,0.0,,0.0,normalDay
2021-01-22,6675.0,129.0,0.0,0,382.88,0.0,1,4.8,3.51,SPY210226P00362000,362.0,0,0.0,0.0,,0.0,normalDay
2021-01-25,6675.0,149.0,0.0,0,384.39,0.0,1,4.8,3.31,SPY210226P00362000,362.0,0,0.0,0.0,,0.0,normalDay
2021-01-26,6675.0,163.0,0.0,0,383.79,0.0,1,4.8,3.17,SPY210226P00362000,362.0,0,0.0,0.0,,0.0,normalDay
2021-01-27,6675.0,-280.0,0.0,0,374.41,0.0,1,4.8,7.6,SPY210226P00362000,362.0,0,0.0,0.0,,0.0,normalDay
2021-01-28,6675.0,-83.0,0.0,0,377.63,0.0,1,4.8,5.63,SPY210226P00362000,362.0,0,0.0,0.0,,0.0,normalDay
2021-01-29,6675.0,-415.0,0.0,0,370.07,0.0,1,4.8,8.95,SPY210226P00362000,362.0,0,0.0,0.0,,0.0,normalDay
2021-02-01,6675.0,-75.0,0.0,0,376.23,0.0,1,4.8,5.55,SPY210226P00362000,362.0,0,0.0,0.0,,0.0,normalDay
2021-02-02,6675.0,169.0,0.0,0,381.55,0.0,1,4.8,3.11,SPY210226P00362000,362.0,0,0.0,0.0,,0.0,normalDay
2021-02-03,6675.0,233.0,0.0,0,381.85,0.0,1,4.8,2.47,SPY210226P00362000,362.0,0,0.0,0.0,,0.0,normalDay
2021-02-04,6675.0,312.0,0.0,0,386.19,0.0,1,4.8,1.68,SPY210226P00362000,362.0,0,0.0,0.0,,0.0,normalDay
2021-02-05,6675.0,351.0,0.0,0,387.71,0.0,1,4.8,1.29,SPY210226P00362000,362.0,0,0.0,0.0,,0.0,normalDay
2021-02-08,6675.0,386.0,0.0,0,390.51,0.0,1,4.8,0.94,SPY210226P00362000,362.0,0,0.0,0.0,,0.0,normalDay
2021-02-09,6675.0,392.0,0.0,0,390.25,0.0,1,4.8,0.88,SPY210226P00362000,362.0,0,0.0,0.0,,0.0,normalDay
2021-02-10,6675.0,388.0,0.0,0,390.08,0.0,1,4.8,0.92,SPY210226P00362000,362.0,0,0.0,0.0,,0.0,normalDay
2021-02-11,6675.0,407.0,0.0,0,390.71,0.0,1,4.8,0.73,SPY210226P00362000,362.0,0,0.0,0.0,,0.0,normalDay
2021-02-12,6675.0,439.0,0.0,0,392.64,0.0,1,4.8,0.41,SPY210226P00362000,362.0,0,0.0,0.0,,0.0,normalDay
2021-02-16,6675.0,441.0,0.0,0,392.3,0.0,1,4.8,0.39,SPY210226P00362000,362.0,0,0.0,0.0,,0.0,normalDay
2021-02-17,6675.0,451.0,0.0,0,392.39,0.0,1,4.8,0.29,SPY210226P00362000,362.0,0,0.0,0.0,,0.0,normalDay
2021-02-18,6675.0,449.0,0.0,0,390.72,0.0,1,4.8,0.31,SPY210226P00362000,362.0,0,0.0,0.0,,0.0,normalDay
2021-02-19,6675.0,465.0,0.0,0,390.03,0.0,1,4.8,0.15,SPY210226P00362000,362.0,0,0.0,0.0,,0.0,normalDay
2021-02-22,6675.0,467.0,0.0,0,387.03,0.0,1,4.8,0.13,SPY210226P00362000,362.0,0,0.0,0.0,,0.0,normalDay
2021-02-23,6675.0,473.0,0.0,0,387.5,0.0,1,4.8,0.07,SPY210226P00362000,362.0,0,0.0,0.0,,0.0,normalDay
2021-02-24,6675.0,477.0,0.0,0,391.77,0.0,1,4.8,0.03,SPY210226P00362000,362.0,0,0.0,0.0,,0.0,normalDay
2021-02-25,6675.0,472.0,0.0,0,382.33,0.0,1,4.8,0.08,SPY210226P00362000,362.0,0,0.0,0.0,,0.0,normalDay
2021-02-26,7155.0,0.0,480.0,0,380.36,0.0,1,4.8,0.0,SPY210226P00362000,362.0,0,0.0,0.0,,0.0,expirationDay
2021-03-01,7155.0,-5.0,0.0,0,389.58,0.0,1,6.35,6.4,SPY210416P00375000,375.0,0,0.0,0.0,,0.0,normalDay
2021-03-02,7155.0,-106.0,0.0,0,386.54,0.0,1,6.35,7.41,SPY210416P00375000,375.0,0,0.0,0.0,,0.0,normalDay
2021-03-03,7155.0,-297.0,0.0,0,381.42,0.0,1,6.35,9.32,SPY210416P00375000,375.0,0,0.0,0.0,,0.0,normalDay
2021-03-04,7155.0,-498.0,0.0,0,376.7,0.0,1,6.35,11.33,SPY210416P00375000,375.0,0,0.0,0.0,,0.0,normalDay
2021-03-05,7155.0,-152.0,0.0,0,383.63,0.0,1,6.35,7.87,SPY210416P00375000,375.0,0,0.0,0.0,,0.0,normalDay
2021-03-08,7155.0,-198.0,0.0,0,381.72,0.0,1,6.35,8.33,SPY210416P00375000,375.0,0,0.0,0.0,,0.0,normalDay
2021-03-09,7155.0,3.0,0.0,0,387.17,0.0,1,6.35,6.32,SPY210416P00375000,375.0,0,0.0,0.0,,0.0,normalDay
2021-03-10,7155.0,123.0,0.0,0,389.58,0.0,1,6.35,5.12,SPY210416P00375000,375.0,0,0.0,0.0,,0.0,normalDay
2021-03-11,7155.0,216.0,0.0,0,393.53,0.0,1,6.35,4.19,SPY210416P00375000,375.0,0,0.0,0.0,,0.0,normalDay
2021-03-12,7155.0,280.0,0.0,0,394.06,0.0,1,6.35,3.55,SPY210416P00375000,375.0,0,0.0,0.0,,0.0,normalDay
2021-03-15,7155.0,360.0,0.0,0,396.41,0.0,1,6.35,2.75,SPY210416P00375000,375.0,0,0.0,0.0,,0.0,normalDay
2021-03-16,7155.0,359.0,0.0,0,395.91,0.0,1,6.35,2.76,SPY210416P00375000,375.0,0,0.0,0.0,,0.0,normalDay
2021-03-17,7155.0,403.0,0.0,0,397.26,0.0,1,6.35,2.32,SPY210416P00375000,375.0,0,0.0,0.0,,0.0,normalDay
2021-03-18,7155.0,305.0,0.0,0,391.48,0.0,1,6.35,3.3,SPY210416P00375000,375.0,0,0.0,0.0,,0.0,normalDay
2021-03-19,7155.0,295.0,0.0,0,389.48,0.0,1,6.35,3.4,SPY210416P00375000,375.0,0,0.0,0.0,,0.0,normalDay
2021-03-22,7155.0,427.0,0.0,0,392.59,0.0,1,6.35,2.08,SPY210416P00375000,375.0,0,0.0,0.0,,0.0,normalDay
2021-03-23,7155.0,358.0,0.0,0,389.5,0.0,1,6.35,2.77,SPY210416P00375000,375.0,0,0.0,0.0,,0.0,normalDay
2021-03-24,7155.0,320.0,0.0,0,387.52,0.0,1,6.35,3.15,SPY210416P00375000,375.0,0,0.0,0.0,,0.0,normalDay
2021-03-25,7155.0,398.0,0.0,0,389.7,0.0,1,6.35,2.37,SPY210416P00375000,375.0,0,0.0,0.0,,0.0,normalDay
2021-03-26,7155.0,486.0,0.0,0,395.98,0.0,1,6.35,1.49,SPY210416P00375000,375.0,0,0.0,0.0,,0.0,normalDay
2021-03-29,7155.0,475.0,0.0,0,395.78,0.0,1,6.35,1.6,SPY210416P00375000,375.0,0,0.0,0.0,,0.0,normalDay
2021-03-30,7155.0,496.0,0.0,0,394.73,0.0,1,6.35,1.39,SPY210416P00375000,375.0,0,0.0,0.0,,0.0,normalDay
2021-03-31,7155.0,533.0,0.0,0,396.33,0.0,1,6.35,1.02,SPY210416P00375000,375.0,0,0.0,0.0,,0.0,normalDay
2021-04-01,7155.0,586.0,0.0,0,400.61,0.0,1,6.35,0.49,SPY210416P00375000,375.0,0,0.0,0.0,,0.0,normalDay
2021-04-05,7155.0,608.0,0.0,0,406.36,0.0,1,6.35,0.27,SPY210416P00375000,375.0,0,0.0,0.0,,0.0,normalDay
2021-04-06,7155.0,610.0,0.0,0,406.12,0.0,1,6.35,0.25,SPY210416P00375000,375.0,0,0.0,0.0,,0.0,normalDay
2021-04-07,7155.0,620.0,0.0,0,406.59,0.0,1,6.35,0.15,SPY210416P00375000,375.0,0,0.0,0.0,,0.0,normalDay
2021-04-08,7155.0,624.0,0.0,0,408.52,0.0,1,6.35,0.11,SPY210416P00375000,375.0,0,0.0,0.0,,0.0,normalDay
2021-04-09,7155.0,629.0,0.0,0,411.49,0.0,1,6.35,0.06,SPY210416P00375000,375.0,0,0.0,0.0,,0.0,normalDay
2021-04-12,7155.0,632.0,0.0,0,411.64,0.0,1,6.35,0.03,SPY210416P00375000,375.0,0,0.0,0.0,,0.0,normalDay
2021-04-13,7155.0,633.0,0.0,0,412.86,0.0,1,6.35,0.02,SPY210416P00375000,375.0,0,0.0,0.0,,0.0,normalDay
2021-04-14,7155.0,633.0,0.0,0,411.45,0.0,1,6.35,0.02,SPY210416P00375000,375.0,0,0.0,0.0,,0.0,normalDay
2021-04-15,7155.0,634.0,0.0,0,415.87,0.0,1,6.35,0.01,SPY210416P00375000,375.0,0,0.0,0.0,,0.0,normalDay
2021-04-16,7790.0,0.0,635.0,0,417.26,0.0,1,6.35,0.0,SPY210416P00375000,375.0,0,0.0,0.0,,0.0,expirationDay
2021-04-19,7790.0,-5.0,0.0,0,415.21,0.0,1,1.58,1.63,SPY210528P00378000,378.0,0,0.0,0.0,,0.0,normalDay
2021-04-20,7790.0,-49.0,0.0,0,412.17,0.0,1,1.58,2.07,SPY210528P00378000,378.0,0,0.0,0.0,,0.0,normalDay
2021-04-21,7790.0,11.0,0.0,0,416.07,0.0,1,1.58,1.47,SPY210528P00378000,378.0,0,0.0,0.0,,0.0,normalDay
2021-04-22,7790.0,-33.0,0.0,0,412.27,0.0,1,1.58,1.91,SPY210528P00378000,378.0,0,0.0,0.0,,0.0,normalDay
2021-04-23,7790.0,30.0,0.0,0,416.74,0.0,1,1.58,1.28,SPY210528P00378000,378.0,0,0.0,0.0,,0.0,normalDay
2021-04-26,7790.0,47.0,0.0,0,417.61,0.0,1,1.58,1.11,SPY210528P00378000,378.0,0,0.0,0.0,,0.0,normalDay
2021-04-27,7790.0,53.0,0.0,0,417.52,0.0,1,1.58,1.05,SPY210528P00378000,378.0,0,0.0,0.0,,0.0,normalDay
2021-04-28,7790.0,65.0,0.0,0,417.4,0.0,1,1.58,0.93,SPY210528P00378000,378.0,0,0.0,0.0,,0.0,normalDay
2021-04-29,7790.0,71.0,0.0,0,420.06,0.0,1,1.58,0.87,SPY210528P00378000,378.0,0,0.0,0.0,,0.0,normalDay
2021-04-30,7790.0,53.0,0.0,0,417.3,0.0,1,1.58,1.05,SPY210528P00378000,378.0,0,0.0,0.0,,0.0,normalDay
2021-05-03,7790.0,71.0,0.0,0,418.2,0.0,1,1.58,0.87,SPY210528P00378000,378.0,0,0.0,0.0,,0.0,normalDay
2021-05-04,7790.0,53.0,0.0,0,415.62,0.0,1,1.58,1.05,SPY210528P00378000,378.0,0,0.0,0.0,,0.0,normalDay
2021-05-05,7790.0,59.0,0.0,0,415.75,0.0,1,1.58,0.99,SPY210528P00378000,378.0,0,0.0,0.0,,0.0,normalDay
2021-05-06,7790.0,85.0,0.0,0,419.07,0.0,1,1.58,0.73,SPY210528P00378000,378.0,0,0.0,0.0,,0.0,normalDay
2021-05-07,7790.0,107.0,0.0,0,422.12,0.0,1,1.58,0.51,SPY210528P00378000,378.0,0,0.0,0.0,,0.0,normalDay
2021-05-10,7790.0,83.0,0.0,0,417.94,0.0,1,1.58,0.75,SPY210528P00378000,378.0,0,0.0,0.0,,0.0,normalDay
2021-05-11,7790.0,62.0,0.0,0,414.21,0.0,1,1.58,0.96,SPY210528P00378000,378.0,0,0.0,0.0,,0.0,normalDay
2021-05-12,7790.0,-76.0,0.0,0,405.41,0.0,1,1.58,2.34,SPY210528P00378000,378.0,0,0.0,0.0,,0.0,normalDay
2021-05-13,7790.0,44.0,0.0,0,410.28,0.0,1,1.58,1.14,SPY210528P00378000,378.0,0,0.0,0.0,,0.0,normalDay
2021-05-14,7790.0,115.0,0.0,0,416.58,0.0,1,1.58,0.43,SPY210528P00378000,378.0,0,0.0,0.0,,0.0,normalDay
2021-05-17,7790.0,127.0,0.0,0,415.52,0.0,1,1.58,0.31,SPY210528P00378000,378.0,0,0.0,0.0,,0.0,normalDay
2021-05-18,7790.0,113.0,0.0,0,411.94,0.0,1,1.58,0.45,SPY210528P00378000,378.0,0,0.0,0.0,,0.0,normalDay
2021-05-19,7790.0,118.0,0.0,0,410.86,0.0,1,1.58,0.4,SPY210528P00378000,378.0,0,0.0,0.0,,0.0,normalDay
2021-05-20,7790.0,139.0,0.0,0,415.28,0.0,1,1.58,0.19,SPY210528P00378000,378.0,0,0.0,0.0,,0.0,normalDay
2021-05-21,7790.0,149.0,0.0,0,414.94,0.0,1,1.58,0.09,SPY210528P00378000,378.0,0,0.0,0.0,,0.0,normalDay
2021-05-24,7790.0,154.0,0.0,0,419.17,0.0,1,1.58,0.04,SPY210528P00378000,378.0,0,0.0,0.0,,0.0,normalDay
2021-05-25,7790.0,154.0,0.0,0,418.24,0.0,1,1.58,0.04,SPY210528P00378000,378.0,0,0.0,0.0,,0.0,normalDay
2021-05-26,7790.0,156.0,0.0,0,419.07,0.0,1,1.58,0.02,SPY210528P00378000,378.0,0,0.0,0.0,,0.0,normalDay
2021-05-27,7790.0,157.0,0.0,0,419.29,0.0,1,1.58,0.01,SPY210528P00378000,378.0,0,0.0,0.0,,0.0,normalDay
2021-05-28,7948.0,0.0,158.0,0,420.04,0.0,1,1.58,0.0,SPY210528P00378000,378.0,0,0.0,0.0,,0.0,expirationDay
2021-06-01,7948.0,-5.0,0.0,0,419.67,0.0,1,4.86,4.91,SPY210716P00406000,406.0,0,0.0,0.0,,0.0,normalDay
2021-06-02,7948.0,35.0,0.0,0,420.33,0.0,1,4.86,4.51,SPY210716P00406000,406.0,0,0.0,0.0,,0.0,normalDay
2021-06-03,7948.0,-14.0,0.0,0,418.77,0.0,1,4.86,5.0,SPY210716P00406000,406.0,0,0.0,0.0,,0.0,normalDay
2021-06-04,7948.0,110.0,0.0,0,422.6,0.0,1,4.86,3.76,SPY210716P00406000,406.0,0,0.0,0.0,,0.0,normalDay
2021-06-07,7948.0,147.0,0.0,0,422.19,0.0,1,4.86,3.39,SPY210716P00406000,406.0,0,0.0,0.0,,0.0,normalDay
2021-06-08,7948.0,139.0,0.0,0,422.28,0.0,1,4.86,3.47,SPY210716P00406000,406.0,0,0.0,0.0,,0.0,normalDay
2021-06-09,7948.0,110.0,0.0,0,421.65,0.0,1,4.86,3.76,SPY210716P00406000,406.0,0,0.0,0.0,,0.0,normalDay
2021-06-10,7948.0,206.0,0.0,0,423.61,0.0,1,4.86,2.8,SPY210716P00406000,406.0,0,0.0,0.0,,0.0,normalDay
2021-06-11,7948.0,232.0,0.0,0,424.31,0.0,1,4.86,2.54,SPY210716P00406000,406.0,0,0.0,0.0,,0.0,normalDay
2021-06-14,7948.0,251.0,0.0,0,425.26,0.0,1,4.86,2.35,SPY210716P00406000,406.0,0,0.0,0.0,,0.0,normalDay
2021-06-15,7948.0,234.0,0.0,0,424.48,0.0,1,4.86,2.52,SPY210716P00406000,406.0,0,0.0,0.0,,0.0,normalDay
2021-06-16,7948.0,183.0,0.0,0,422.11,0.0,1,4.86,3.03,SPY210716P00406000,406.0,0,0.0,0.0,,0.0,normalDay
2021-06-17,7948.0,208.0,0.0,0,421.97,0.0,1,4.86,2.78,SPY210716P00406000,406.0,0,0.0,0.0,,0.0,normalDay
2021-06-18,7948.0,10.0,0.0,0,414.92,0.0,1,4.86,4.76,SPY210716P00406000,406.0,0,0.0,0.0,,0.0,normalDay
2021-06-21,7948.0,241.0,0.0,0,420.86,0.0,1,4.86,2.45,SPY210716P00406000,406.0,0,0.0,0.0,,0.0,normalDay
2021-06-22,7948.0,302.0,0.0,0,423.11,0.0,1,4.86,1.84,SPY210716P00406000,406.0,0,0.0,0.0,,0.0,normalDay
2021-06-23,7948.0,316.0,0.0,0,422.6,0.0,1,4.86,1.7,SPY210716P00406000,406.0,0,0.0,0.0,,0.0,normalDay
2021-06-24,7948.0,356.0,0.0,0,425.1,0.0,1,4.86,1.3,SPY210716P00406000,406.0,0,0.0,0.0,,0.0,normalDay
2021-06-25,7948.0,385.0,0.0,0,426.61,0.0,1,4.86,1.01,SPY210716P00406000,406.0,0,0.0,0.0,,0.0,normalDay
2021-06-28,7948.0,403.0,0.0,0,427.47,0.0,1,4.86,0.83,SPY210716P00406000,406.0,0,0.0,0.0,,0.0,normalDay
2021-06-29,7948.0,406.0,0.0,0,427.7,0.0,1,4.86,0.8,SPY210716P00406000,406.0,0,0.0,0.0,,0.0,normalDay
2021-06-30,7948.0,421.0,0.0,0,428.06,0.0,1,4.86,0.65,SPY210716P00406000,406.0,0,0.0,0.0,,0.0,normalDay
2021-07-01,7948.0,432.0,0.0,0,430.43,0.0,1,4.86,0.54,SPY210716P00406000,406.0,0,0.0,0.0,,0.0,normalDay
2021-07-02,7948.0,450.0,0.0,0,433.72,0.0,1,4.86,0.36,SPY210716P00406000,406.0,0,0.0,0.0,,0.0,normalDay
2021-07-06,7948.0,453.0,0.0,0,432.93,0.0,1,4.86,0.33,SPY210716P00406000,406.0,0,0.0,0.0,,0.0,normalDay
2021-07-07,7948.0,463.0,0.0,0,434.46,0.0,1,4.86,0.23,SPY210716P00406000,406.0,0,0.0,0.0,,0.0,normalDay
2021-07-08,7948.0,439.0,0.0,0,430.92,0.0,1,4.86,0.47,SPY210716P00406000,406.0,0,0.0,0.0,,0.0,normalDay
2021-07-09,7948.0,472.0,0.0,0,435.52,0.0,1,4.86,0.14,SPY210716P00406000,406.0,0,0.0,0.0,,0.0,normalDay
2021-07-12,7948.0,480.0,0.0,0,437.08,0.0,1,4.86,0.06,SPY210716P00406000,406.0,0,0.0,0.0,,0.0,normalDay
2021-07-13,7948.0,478.0,0.0,0,435.59,0.0,1,4.86,0.08,SPY210716P00406000,406.0,0,0.0,0.0,,0.0,normalDay
2021-07-14,7948.0,483.0,0.0,0,436.24,0.0,1,4.86,0.03,SPY210716P00406000,406.0,0,0.0,0.0,,0.0,normalDay
2021-07-15,7948.0,484.0,0.0,0,434.75,0.0,1,4.86,0.02,SPY210716P00406000,406.0,0,0.0,0.0,,0.0,normalDay
2021-07-16,8434.0,0.0,486.0,0,431.34,0.0,1,4.86,0.0,SPY210716P00406000,406.0,0,0.0,0.0,,0.0,expirationDay
2021-07-19,8434.0,-6.0,0.0,0,424.97,0.0,1,7.42,7.48,SPY210827P00417000,417.0,0,0.0,0.0,,0.0,normalDay
2021-07-20,8434.0,224.0,0.0,0,431.06,0.0,1,7.42,5.18,SPY210827P00417000,417.0,0,0.0,0.0,,0.0,normalDay
2021-07-21,8434.0,360.0,0.0,0,434.55,0.0,1,7.42,3.82,SPY210827P00417000,417.0,0,0.0,0.0,,0.0,normalDay
2021-07-22,8434.0,382.0,0.0,0,435.46,0.0,1,7.42,3.6,SPY210827P00417000,417.0,0,0.0,0.0,,0.0,normalDay
2021-07-23,8434.0,461.0,0.0,0,439.94,0.0,1,7.42,2.81,SPY210827P00417000,417.0,0,0.0,0.0,,0.0,normalDay
2021-07-26,8434.0,496.0,0.0,0,441.02,0.0,1,7.42,2.46,SPY210827P00417000,417.0,0,0.0,0.0,,0.0,normalDay
2021-07-27,8434.0,433.0,0.0,0,439.01,0.0,1,7.42,3.09,SPY210827P00417000,417.0,0,0.0,0.0,,0.0,normalDay
2021-07-28,8434.0,472.0,0.0,0,438.83,0.0,1,7.42,2.7,SPY210827P00417000,417.0,0,0.0,0.0,,0.0,normalDay
2021-07-29,8434.0,525.0,0.0,0,440.65,0.0,1,7.42,2.17,SPY210827P00417000,417.0,0,0.0,0.0,,0.0,normalDay
2021-07-30,8434.0,505.0,0.0,0,438.51,0.0,1,7.42,2.37,SPY210827P00417000,417.0,0,0.0,0.0,,0.0,normalDay
2021-08-02,8434.0,487.0,0.0,0,437.59,0.0,1,7.42,2.55,SPY210827P00417000,417.0,0,0.0,0.0,,0.0,normalDay
2021-08-03,8434.0,568.0,0.0,0,441.15,0.0,1,7.42,1.74,SPY210827P00417000,417.0,0,0.0,0.0,,0.0,normalDay
2021-08-04,8434.0,562.0,0.0,0,438.98,0.0,1,7.42,1.8,SPY210827P00417000,417.0,0,0.0,0.0,,0.0,normalDay
2021-08-05,8434.0,603.0,0.0,0,441.76,0.0,1,7.42,1.39,SPY210827P00417000,417.0,0,0.0,0.0,,0.0,normalDay
2021-08-06,8434.0,638.0,0.0,0,442.49,0.0,1,7.42,1.04,SPY210827P00417000,417.0,0,0.0,0.0,,0.0,normalDay
2021-08-09,8434.0,649.0,0.0,0,442.13,0.0,1,7.42,0.93,SPY210827P00417000,417.0,0,0.0,0.0,,0.0,normalDay
2021-08-10,8434.0,652.0,0.0,0,442.68,0.0,1,7.42,0.9,SPY210827P00417000,417.0,0,0.0,0.0,,0.0,normalDay
2021-08-11,8434.0,679.0,0.0,0,443.78,0.0,1,7.42,0.63,SPY210827P00417000,417.0,0,0.0,0.0,,0.0,normalDay
2021-08-12,8434.0,695.0,0.0,0,445.11,0.0,1,7.42,0.47,SPY210827P00417000,417.0,0,0.0,0.0,,0.0,normalDay
2021-08-13,8434.0,704.0,0.0,0,445.92,0.0,1,7.42,0.38,SPY210827P00417000,417.0,0,0.0,0.0,,0.0,normalDay
2021-08-16,8434.0,711.0,0.0,0,446.97,0.0,1,7.42,0.31,SPY210827P00417000,417.0,0,0.0,0.0,,0.0,normalDay
2021-08-17,8434.0,690.0,0.0,0,444.04,0.0,1,7.42,0.52,SPY210827P00417000,417.0,0,0.0,0.0,,0.0,normalDay
2021-08-18,8434.0,631.0,0.0,0,439.18,0.0,1,7.42,1.11,SPY210827P00417000,417.0,0,0.0,0.0,,0.0,normalDay
2021-08-19,8434.0,655.0,0.0,0,439.86,0.0,1,7.42,0.87,SPY210827P00417000,417.0,0,0.0,0.0,,0.0,normalDay
2021-08-20,8434.0,724.0,0.0,0,443.36,0.0,1,7.42,0.18,SPY210827P00417000,417.0,0,0.0,0.0,,0.0,normalDay
2021-08-23,8434.0,735.0,0.0,0,447.26,0.0,1,7.42,0.07,SPY210827P00417000,417.0,0,0.0,0.0,,0.0,normalDay
2021-08-24,8434.0,737.0,0.0,0,447.97,0.0,1,7.42,0.05,SPY210827P00417000,417.0,0,0.0,0.0,,0.0,normalDay
2021-08-25,8434.0,739.0,0.0,0,448.91,0.0,1,7.42,0.03,SPY210827P00417000,417.0,0,0.0,0.0,,0.0,normalDay
2021-08-26,8434.0,738.0,0.0,0,446.26,0.0,1,7.42,0.04,SPY210827P00417000,417.0,0,0.0,0.0,,0.0,normalDay
2021-08-27,9176.0,0.0,742.0,0,450.25,0.0,1,7.42,0.0,SPY210827P00417000,417.0,0,0.0,0.0,,0.0,expirationDay
2021-08-30,9176.0,-4.0,0.0,0,452.23,0.0,1,4.41,4.45,SPY211015P00435000,435.0,0,0.0,0.0,,0.0,normalDay
2021-08-31,9176.0,-2.0,0.0,0,451.56,0.0,1,4.41,4.43,SPY211015P00435000,435.0,0,0.0,0.0,,0.0,normalDay
2021-09-01,9176.0,26.0,0.0,0,451.8,0.0,1,4.41,4.15,SPY211015P00435000,435.0,0,0.0,0.0,,0.0,normalDay
2021-09-02,9176.0,52.0,0.0,0,453.19,0.0,1,4.41,3.89,SPY211015P00435000,435.0,0,0.0,0.0,,0.0,normalDay
2021-09-03,9176.0,54.0,0.0,0,453.08,0.0,1,4.41,3.87,SPY211015P00435000,435.0,0,0.0,0.0,,0.0,normalDay
2021-09-07,9176.0,16.0,0.0,0,451.46,0.0,1,4.41,4.25,SPY211015P00435000,435.0,0,0.0,0.0,,0.0,normalDay
2021-09-08,9176.0,17.0,0.0,0,450.91,0.0,1,4.41,4.24,SPY211015P00435000,435.0,0,0.0,0.0,,0.0,normalDay
2021-09-09,9176.0,-46.0,0.0,0,448.98,0.0,1,4.41,4.87,SPY211015P00435000,435.0,0,0.0,0.0,,0.0,normalDay
2021-09-10,9176.0,-148.0,0.0,0,445.44,0.0,1,4.41,5.89,SPY211015P00435000,435.0,0,0.0,0.0,,0.0,normalDay
2021-09-13,9176.0,-47.0,0.0,0,446.58,0.0,1,4.41,4.88,SPY211015P00435000,435.0,0,0.0,0.0,,0.0,normalDay
2021-09-14,9176.0,-109.0,0.0,0,444.17,0.0,1,4.41,5.5,SPY211015P00435000,435.0,0,0.0,0.0,,0.0,normalDay
2021-09-15,9176.0,35.0,0.0,0,447.88,0.0,1,4.41,4.06,SPY211015P00435000,435.0,0,0.0,0.0,,0.0,normalDay
2021-09-16,9176.0,13.0,0.0,0,447.17,0.0,1,4.41,4.28,SPY211015P00435000,435.0,0,0.0,0.0,,0.0,normalDay
2021-09-17,9176.0,-154.0,0.0,0,441.4,0.0,1,4.41,5.95,SPY211015P00435000,435.0,0,0.0,0.0,,0.0,normalDay
2021-09-20,9176.0,-506.0,0.0,0,434.04,0.0,1,4.41,9.47,SPY211015P00435000,435.0,0,0.0,0.0,,0.0,normalDay
2021-09-21,9176.0,-483.0,0.0,0,433.63,0.0,1,4.41,9.24,SPY211015P00435000,435.0,0,0.0,0.0,,0.0,normalDay
2021-09-22,9176.0,-180.0,0.0,0,437.86,0.0,1,4.41,6.21,SPY211015P00435000,435.0,0,0.0,0.0,,0.0,normalDay
2021-09-23,9176.0,54.0,0.0,0,443.18,0.0,1,4.41,3.87,SPY211015P00435000,435.0,0,0.0,0.0,,0.0,normalDay
2021-09-24,9176.0,111.0,0.0,0,443.91,0.0,1,4.41,3.3,SPY211015P00435000,435.0,0,0.0,0.0,,0.0,normalDay
2021-09-27,9176.0,92.0,0.0,0,442.64,0.0,1,4.41,3.49,SPY211015P00435000,435.0,0,0.0,0.0,,0.0,normalDay
2021-09-28,9176.0,-308.0,0.0,0,433.72,0.0,1,4.41,7.49,SPY211015P00435000,435.0,0,0.0,0.0,,0.0,normalDay
2021-09-29,9176.0,-239.0,0.0,0,434.45,0.0,1,4.41,6.8,SPY211015P00435000,435.0,0,0.0,0.0,,0.0,normalDay
2021-09-30,9176.0,-495.0,0.0,0,429.14,0.0,1,4.41,9.36,SPY211015P00435000,435.0,0,0.0,0.0,,0.0,normalDay
2021-10-01,9176.0,-170.0,0.0,0,434.24,0.0,1,4.41,6.11,SPY211015P00435000,435.0,0,0.0,0.0,,0.0,normalDay
2021-10-04,9176.0,-464.0,0.0,0,428.64,0.0,1,4.41,9.05,SPY211015P00435000,435.0,0,0.0,0.0,,0.0,normalDay
2021-10-05,9176.0,-160.0,0.0,0,433.1,0.0,1,4.41,6.01,SPY211015P00435000,435.0,0,0.0,0.0,,0.0,normalDay
2021-10-06,9176.0,-58.0,0.0,0,434.9,0.0,1,4.41,4.99,SPY211015P00435000,435.0,0,0.0,0.0,,0.0,normalDay
2021-10-07,9176.0,155.0,0.0,0,438.66,0.0,1,4.41,2.86,SPY211015P00435000,435.0,0,0.0,0.0,,0.0,normalDay
2021-10-08,9176.0,161.0,0.0,0,437.86,0.0,1,4.41,2.8,SPY211015P00435000,435.0,0,0.0,0.0,,0.0,normalDay
2021-10-11,9176.0,63.0,0.0,0,434.69,0.0,1,4.41,3.78,SPY211015P00435000,435.0,0,0.0,0.0,,0.0,normalDay
2021-10-12,9176.0,30.0,0.0,0,433.62,0.0,1,4.41,4.11,SPY211015P00435000,435.0,0,0.0,0.0,,0.0,normalDay
2021-10-13,9176.0,239.0,0.0,0,435.18,0.0,1,4.41,2.02,SPY211015P00435000,435.0,0,0.0,0.0,,0.0,normalDay
2021-10-14,9176.0,428.0,0.0,0,442.5,0.0,1,4.41,0.13,SPY211015P00435000,435.0,0,0.0,0.0,,0.0,normalDay
2021-10-15,9617.0,0.0,441.0,0,445.87,0.0,1,4.41,0.0,SPY211015P00435000,435.0,0,0.0,0.0,,0.0,expirationDay
2021-10-18,9617.0,-4.0,0.0,0,447.19,0.0,1,2.74,2.78,SPY211126P00423000,423.0,0,0.0,0.0,,0.0,normalDay
2021-10-19,9617.0,54.0,0.0,0,450.64,0.0,1,2.74,2.2,SPY211126P00423000,423.0,0,0.0,0.0,,0.0,normalDay
2021-10-20,9617.0,72.0,0.0,0,452.41,0.0,1,2.74,2.02,SPY211126P00423000,423.0,0,0.0,0.0,,0.0,normalDay
2021-10-21,9617.0,98.0,0.0,0,453.59,0.0,1,2.74,1.76,SPY211126P00423000,423.0,0,0.0,0.0,,0.0,normalDay
2021-10-22,9617.0,87.0,0.0,0,453.12,0.0,1,2.74,1.87,SPY211126P00423000,423.0,0,0.0,0.0,,0.0,normalDay
2021-10-25,9617.0,128.0,0.0,0,455.55,0.0,1,2.74,1.46,SPY211126P00423000,423.0,0,0.0,0.0,,0.0,normalDay
2021-10-26,9617.0,125.0,0.0,0,455.96,0.0,1,2.74,1.49,SPY211126P00423000,423.0,0,0.0,0.0,,0.0,normalDay
2021-10-27,9617.0,95.0,0.0,0,453.94,0.0,1,2.74,1.79,SPY211126P00423000,423.0,0,0.0,0.0,,0.0,normalDay
2021-10-28,9617.0,140.0,0.0,0,458.32,0.0,1,2.74,1.34,SPY211126P00423000,423.0,0,0.0,0.0,,0.0,normalDay
2021-10-29,9617.0,158.0,0.0,0,459.25,0.0,1,2.74,1.16,SPY211126P00423000,423.0,0,0.0,0.0,,0.0,normalDay
2021-11-01,9617.0,182.0,0.0,0,460.04,0.0,1,2.74,0.92,SPY211126P00423000,423.0,0,0.0,0.0,,0.0,normalDay
2021-11-02,9617.0,197.0,0.0,0,461.9,0.0,1,2.74,0.77,SPY211126P00423000,423.0,0,0.0,0.0,,0.0,normalDay
2021-11-03,9617.0,221.0,0.0,0,464.72,0.0,1,2.74,0.53,SPY211126P00423000,423.0,0,0.0,0.0,,0.0,normalDay
2021-11-04,9617.0,223.0,0.0,0,466.91,0.0,1,2.74,0.51,SPY211126P00423000,423.0,0,0.0,0.0,,0.0,normalDay
2021-11-05,9617.0,222.0,0.0,0,468.53,0.0,1,2.74,0.52,SPY211126P00423000,423.0,0,0.0,0.0,,0.0,normalDay
2021-11-08,9617.0,227.0,0.0,0,468.93,0.0,1,2.74,0.47,SPY211126P00423000,423.0,0,0.0,0.0,,0.0,normalDay
2021-11-09,9617.0,227.0,0.0,0,467.38,0.0,1,2.74,0.47,SPY211126P00423000,423.0,0,0.0,0.0,,0.0,normalDay
2021-11-10,9617.0,222.0,0.0,0,463.62,0.0,1,2.74,0.52,SPY211126P00423000,423.0,0,0.0,0.0,,0.0,normalDay
2021-11-11,9617.0,239.0,0.0,0,463.77,0.0,1,2.74,0.35,SPY211126P00423000,423.0,0,0.0,0.0,,0.0,normalDay
2021-11-12,9617.0,253.0,0.0,0,467.27,0.0,1,2.74,0.21,SPY211126P00423000,423.0,0,0.0,0.0,,0.0,normalDay
2021-11-15,9617.0,262.0,0.0,0,467.43,0.0,1,2.74,0.12,SPY211126P00423000,423.0,0,0.0,0.0,,0.0,normalDay
2021-11-16,9617.0,264.0,0.0,0,469.28,0.0,1,2.74,0.1,SPY211126P00423000,423.0,0,0.0,0.0,,0.0,normalDay
2021-11-17,9617.0,266.0,0.0,0,468.14,0.0,1,2.74,0.08,SPY211126P00423000,423.0,0,0.0,0.0,,0.0,normalDay
2021-11-18,9617.0,267.0,0.0,0,469.73,0.0,1,2.74,0.07,SPY211126P00423000,423.0,0,0.0,0.0,,0.0,normalDay
2021-11-19,9617.0,269.0,0.0,0,468.89,0.0,1,2.74,0.05,SPY211126P00423000,423.0,0,0.0,0.0,,0.0,normalDay
2021-11-22,9617.0,270.0,0.0,0,467.57,0.0,1,2.74,0.04,SPY211126P00423000,423.0,0,0.0,0.0,,0.0,normalDay
2021-11-23,9617.0,272.0,0.0,0,468.19,0.0,1,2.74,0.02,SPY211126P00423000,423.0,0,0.0,0.0,,0.0,normalDay
2021-11-24,9617.0,273.0,0.0,0,469.44,0.0,1,2.74,0.01,SPY211126P00423000,423.0,0,0.0,0.0,,0.0,normalDay
2021-11-26,9891.0,0.0,274.0,0,458.97,0.0,1,2.74,0.0,SPY211126P00423000,423.0,0,0.0,0.0,,0.0,expirationDay
2021-11-29,9891.0,-5.0,0.0,0,464.6,0.0,1,10.47,10.52,SPY220121P00458000,458.0,0,0.0,0.0,,0.0,normalDay
2021-11-30,9891.0,-421.0,0.0,0,455.56,0.0,1,10.47,14.68,SPY220121P00458000,458.0,0,0.0,0.0,,0.0,normalDay
2021-12-01,9891.0,-915.0,0.0,0,450.5,0.0,1,10.47,19.62,SPY220121P00458000,458.0,0,0.0,0.0,,0.0,normalDay
2021-12-02,9891.0,-427.0,0.0,0,457.4,0.0,1,10.47,14.74,SPY220121P00458000,458.0,0,0.0,0.0,,0.0,normalDay
2021-12-03,9891.0,-666.0,0.0,0,453.42,0.0,1,10.47,17.13,SPY220121P00458000,458.0,0,0.0,0.0,,0.0,normalDay
2021-12-06,9891.0,-299.0,0.0,0,458.79,0.0,1,10.47,13.46,SPY220121P00458000,458.0,0,0.0,0.0,,0.0,normalDay
2021-12-07,9891.0,219.0,0.0,0,468.28,0.0,1,10.47,8.28,SPY220121P00458000,458.0,0,0.0,0.0,,0.0,normalDay
2021-12-08,9891.0,327.0,0.0,0,469.52,0.0,1,10.47,7.2,SPY220121P00458000,458.0,0,0.0,0.0,,0.0,normalDay
2021-12-09,9891.0,210.0,0.0,0,466.35,0.0,1,10.47,8.37,SPY220121P00458000,458.0,0,0.0,0.0,,0.0,normalDay
2021-12-10,9891.0,428.0,0.0,0,470.74,0.0,1,10.47,6.19,SPY220121P00458000,458.0,0,0.0,0.0,,0.0,normalDay
2021-12-13,9891.0,284.0,0.0,0,466.57,0.0,1,10.47,7.63,SPY220121P00458000,458.0,0,0.0,0.0,,0.0,normalDay
2021-12-14,9891.0,136.0,0.0,0,463.36,0.0,1,10.47,9.11,SPY220121P00458000,458.0,0,0.0,0.0,,0.0,normalDay
2021-12-15,9891.0,469.0,0.0,0,470.6,0.0,1,10.47,5.78,SPY220121P00458000,458.0,0,0.0,0.0,,0.0,normalDay
2021-12-16,9891.0,338.0,0.0,0,466.45,0.0,1,10.47,7.09,SPY220121P00458000,458.0,0,0.0,0.0,,0.0,normalDay
2021-12-17,9891.0,132.0,0.0,0,459.87,0.0,1,10.47,9.15,SPY220121P00458000,458.0,0,0.0,0.0,,0.0,normalDay
2021-12-20,9891.0,-80.0,0.0,0,454.98,0.0,1,10.47,11.27,SPY220121P00458000,458.0,0,0.0,0.0,,0.0,normalDay
2021-12-21,9891.0,295.0,0.0,0,463.06,0.0,1,10.47,7.52,SPY220121P00458000,458.0,0,0.0,0.0,,0.0,normalDay
2021-12-22,9891.0,537.0,0.0,0,467.69,0.0,1,10.47,5.1,SPY220121P00458000,458.0,0,0.0,0.0,,0.0,normalDay
2021-12-23,9891.0,656.0,0.0,0,470.6,0.0,1,10.47,3.91,SPY220121P00458000,458.0,0,0.0,0.0,,0.0,normalDay
2021-12-27,9891.0,816.0,0.0,0,477.26,0.0,1,10.47,2.31,SPY220121P00458000,458.0,0,0.0,0.0,,0.0,normalDay
2021-12-28,9891.0,834.0,0.0,0,476.87,0.0,1,10.47,2.13,SPY220121P00458000,458.0,0,0.0,0.0,,0.0,normalDay
2021-12-29,9891.0,869.0,0.0,0,477.48,0.0,1,10.47,1.78,SPY220121P00458000,458.0,0,0.0,0.0,,0.0,normalDay
2021-12-30,9891.0,847.0,0.0,0,476.16,0.0,1,10.47,2.0,SPY220121P00458000,458.0,0,0.0,0.0,,0.0,normalDay
2021-12-31,9891.0,855.0,0.0,0,474.96,0.0,1,10.47,1.92,SPY220121P00458000,458.0,0,0.0,0.0,,0.0,normalDay
2022-01-03,9891.0,923.0,0.0,0,477.71,0.0,1,10.47,1.24,SPY220121P00458000,458.0,0,0.0,0.0,,0.0,normalDay
2022-01-04,9891.0,924.0,0.0,0,477.55,0.0,1,10.47,1.23,SPY220121P00458000,458.0,0,0.0,0.0,,0.0,normalDay
2022-01-05,9891.0,726.0,0.0,0,468.38,0.0,1,10.47,3.21,SPY220121P00458000,458.0,0,0.0,0.0,,0.0,normalDay
2022-01-06,9891.0,747.0,0.0,0,467.94,0.0,1,10.47,3.0,SPY220121P00458000,458.0,0,0.0,0.0,,0.0,normalDay
2022-01-07,9891.0,778.0,0.0,0,466.09,0.0,1,10.47,2.69,SPY220121P00458000,458.0,0,0.0,0.0,,0.0,normalDay
2022-01-10,9891.0,768.0,0.0,0,465.51,0.0,1,10.47,2.79,SPY220121P00458000,458.0,0,0.0,0.0,,0.0,normalDay
2022-01-11,9891.0,881.0,0.0,0,469.75,0.0,1,10.47,1.66,SPY220121P00458000,458.0,0,0.0,0.0,,0.0,normalDay
2022-01-12,9891.0,946.0,0.0,0,471.02,0.0,1,10.47,1.01,SPY220121P00458000,458.0,0,0.0,0.0,,0.0,normalDay
2022-01-13,9891.0,781.0,0.0,0,464.53,0.0,1,10.47,2.66,SPY220121P00458000,458.0,0,0.0,0.0,,0.0,normalDay
2022-01-14,9891.0,860.0,0.0,0,464.72,0.0,1,10.47,1.87,SPY220121P00458000,458.0,0,0.0,0.0,,0.0,normalDay
2022-01-18,9891.0,558.0,0.0,0,456.49,0.0,1,10.47,4.89,SPY220121P00458000,458.0,0,0.0,0.0,,0.0,normalDay
2022-01-19,9891.0,359.0,0.0,0,451.75,0.0,1,10.47,6.88,SPY220121P00458000,458.0,0,0.0,0.0,,0.0,normalDay
2022-01-20,9891.0,-128.0,0.0,0,446.75,0.0,1,10.47,11.75,SPY220121P00458000,458.0,0,0.0,0.0,,0.0,normalDay
2022-01-21,10938.0,-2002.0,1047.0,100,437.98,458.0,1,10.47,0.0,SPY220121P00458000,458.0,0,0.0,0.0,,0.0,expirationDay
2022-01-24,10938.0,-1824.0,0.0,100,439.84,458.0,0,0.0,0.0,,0.0,1,2.22,2.3,SPY220520C00491000,491.0,normalDay
2022-01-25,10938.0,-2305.0,0.0,100,434.47,458.0,0,0.0,0.0,,0.0,1,2.22,1.74,SPY220520C00491000,491.0,normalDay
2022-01-26,10938.0,-2419.0,0.0,100,433.38,458.0,0,0.0,0.0,,0.0,1,2.22,1.79,SPY220520C00491000,491.0,normalDay
2022-01-27,10938.0,-2616.0,0.0,100,431.24,458.0,0,0.0,0.0,,0.0,1,2.22,1.62,SPY220520C00491000,491.0,normalDay
2022-01-28,10938.0,-1611.0,0.0,100,441.95,458.0,0,0.0,0.0,,0.0,1,2.22,2.28,SPY220520C00491000,491.0,normalDay
2022-01-31,10938.0,-875.0,0.0,100,449.91,458.0,0,0.0,0.0,,0.0,1,2.22,2.88,SPY220520C00491000,491.0,normalDay
2022-02-01,10938.0,-570.0,0.0,100,452.95,458.0,0,0.0,0.0,,0.0,1,2.22,2.87,SPY220520C00491000,491.0,normalDay
2022-02-02,10938.0,-171.0,0.0,100,457.35,458.0,0,0.0,0.0,,0.0,1,2.22,3.28,SPY220520C00491000,491.0,normalDay
2022-02-03,10938.0,-1194.0,0.0,100,446.6,458.0,0,0.0,0.0,,0.0,1,2.22,2.76,SPY220520C00491000,491.0,normalDay
2022-02-04,10938.0,-947.0,0.0,100,448.7,458.0,0,0.0,0.0,,0.0,1,2.22,2.39,SPY220520C00491000,491.0,normalDay
2022-02-07,10938.0,-1073.0,0.0,100,447.26,458.0,0,0.0,0.0,,0.0,1,2.22,2.21,SPY220520C00491000,491.0,normalDay
2022-02-08,10938.0,-725.0,0.0,100,450.94,458.0,0,0.0,0.0,,0.0,1,2.22,2.41,SPY220520C00491000,491.0,normalDay
2022-02-09,10938.0,-134.0,0.0,100,457.54,458.0,0,0.0,0.0,,0.0,1,2.22,3.1,SPY220520C00491000,491.0,normalDay
2022-02-10,10938.0,-868.0,0.0,100,449.32,458.0,0,0.0,0.0,,0.0,1,2.22,2.22,SPY220520C00491000,491.0,normalDay
2022-02-11,10938.0,-1698.0,0.0,100,440.46,458.0,0,0.0,0.0,,0.0,1,2.22,1.66,SPY220520C00491000,491.0,normalDay
2022-02-14,10938.0,-1827.0,0.0,100,439.02,458.0,0,0.0,0.0,,0.0,1,2.22,1.51,SPY220520C00491000,491.0,normalDay
2022-02-15,10938.0,-1138.0,0.0,100,446.1,458.0,0,0.0,0.0,,0.0,1,2.22,1.7,SPY220520C00491000,491.0,normalDay
2022-02-16,10938.0,-1078.0,0.0,100,446.6,458.0,0,0.0,0.0,,0.0,1,2.22,1.6,SPY220520C00491000,491.0,normalDay
2022-02-17,10938.0,-1985.0,0.0,100,437.06,458.0,0,0.0,0.0,,0.0,1,2.22,1.13,SPY220520C00491000,491.0,normalDay
2022-02-18,10938.0,-2254.0,0.0,100,434.23,458.0,0,0.0,0.0,,0.0,1,2.22,0.99,SPY220520C00491000,491.0,normalDay
2022-02-22,10938.0,-2699.0,0.0,100,429.57,458.0,0,0.0,0.0,,0.0,1,2.22,0.78,SPY220520C00491000,491.0,normalDay
2022-02-23,10938.0,-3440.0,0.0,100,421.95,458.0,0,0.0,0.0,,0.0,1,2.22,0.57,SPY220520C00491000,491.0,normalDay
2022-02-24,10938.0,-2818.0,0.0,100,428.3,458.0,0,0.0,0.0,,0.0,1,2.22,0.7,SPY220520C00491000,491.0,normalDay
2022-02-25,10938.0,-1909.0,0.0,100,437.75,458.0,0,0.0,0.0,,0.0,1,2.22,1.06,SPY220520C00491000,491.0,normalDay
2022-02-28,10938.0,-2026.0,0.0,100,436.63,458.0,0,0.0,0.0,,0.0,1,2.22,1.11,SPY220520C00491000,491.0,normalDay
2022-03-01,10938.0,-2677.0,0.0,100,429.98,458.0,0,0.0,0.0,,0.0,1,2.22,0.97,SPY220520C00491000,491.0,normalDay
2022-03-02,10938.0,-1904.0,0.0,100,437.89,458.0,0,0.0,0.0,,0.0,1,2.22,1.15,SPY220520C00491000,491.0,normalDay
2022-03-03,10938.0,-2103.0,0.0,100,435.71,458.0,0,0.0,0.0,,0.0,1,2.22,0.96,SPY220520C00491000,491.0,normalDay
2022-03-04,10938.0,-2439.0,0.0,100,432.17,458.0,0,0.0,0.0,,0.0,1,2.22,0.78,SPY220520C00491000,491.0,normalDay
2022-03-07,10938.0,-3683.0,0.0,100,419.43,458.0,0,0.0,0.0,,0.0,1,2.22,0.48,SPY220520C00491000,491.0,normalDay
2022-03-08,10938.0,-3995.0,0.0,100,416.25,458.0,0,0.0,0.0,,0.0,1,2.22,0.42,SPY220520C00491000,491.0,normalDay
2022-03-09,10938.0,-2902.0,0.0,100,427.41,458.0,0,0.0,0.0,,0.0,1,2.22,0.65,SPY220520C00491000,491.0,normalDay
2022-03-10,10938.0,-3079.0,0.0,100,425.48,458.0,0,0.0,0.0,,0.0,1,2.22,0.49,SPY220520C00491000,491.0,normalDay
2022-03-11,10938.0,-3609.0,0.0,100,420.07,458.0,0,0.0,0.0,,0.0,1,2.22,0.38,SPY220520C00491000,491.0,normalDay
2022-03-14,10938.0,-3910.0,0.0,100,417.0,458.0,0,0.0,0.0,,0.0,1,2.22,0.32,SPY220520C00491000,491.0,normalDay
2022-03-15,10938.0,-3004.0,0.0,100,426.17,458.0,0,0.0,0.0,,0.0,1,2.22,0.43,SPY220520C00491000,491.0,normalDay
2022-03-16,10938.0,-2071.0,0.0,100,435.62,458.0,0,0.0,0.0,,0.0,1,2.22,0.55,SPY220520C00491000,491.0,normalDay
2022-03-17,10938.0,-1532.0,0.0,100,441.07,458.0,0,0.0,0.0,,0.0,1,2.22,0.61,SPY220520C00491000,491.0,normalDay
2022-03-18,10938.0,-1195.0,0.0,100,444.52,458.0,0,0.0,0.0,,0.0,1,2.22,0.69,SPY220520C00491000,491.0,normalDay
2022-03-21,10938.0,-1194.0,0.0,100,444.39,458.0,0,0.0,0.0,,0.0,1,2.22,0.55,SPY220520C00491000,491.0,normalDay
2022-03-22,10938.0,-695.0,0.0,100,449.59,458.0,0,0.0,0.0,,0.0,1,2.22,0.76,SPY220520C00491000,491.0,normalDay
2022-03-23,10938.0,-1245.0,0.0,100,443.8,458.0,0,0.0,0.0,,0.0,1,2.22,0.47,SPY220520C00491000,491.0,normalDay
2022-03-24,10938.0,-596.0,0.0,100,450.49,458.0,0,0.0,0.0,,0.0,1,2.22,0.67,SPY220520C00491000,491.0,normalDay
2022-03-25,10938.0,-375.0,0.0,100,452.69,458.0,0,0.0,0.0,,0.0,1,2.22,0.66,SPY220520C00491000,491.0,normalDay
2022-03-28,10938.0,-56.0,0.0,100,455.91,458.0,0,0.0,0.0,,0.0,1,2.22,0.69,SPY220520C00491000,491.0,normalDay
2022-03-29,10938.0,462.0,0.0,100,461.55,458.0,0,0.0,0.0,,0.0,1,2.22,1.15,SPY220520C00491000,491.0,normalDay
2022-03-30,10938.0,199.0,0.0,100,458.7,458.0,0,0.0,0.0,,0.0,1,2.22,0.93,SPY220520C00491000,491.0,normalDay
2022-03-31,10938.0,-464.0,0.0,100,451.64,458.0,0,0.0,0.0,,0.0,1,2.22,0.5,SPY220520C00491000,491.0,normalDay
2022-04-01,10938.0,-322.0,0.0,100,452.92,458.0,0,0.0,0.0,,0.0,1,2.22,0.36,SPY220520C00491000,491.0,normalDay
2022-04-04,10938.0,62.0,0.0,100,456.8,458.0,0,0.0,0.0,,0.0,1,2.22,0.4,SPY220520C00491000,491.0,normalDay
2022-04-05,10938.0,-500.0,0.0,100,451.03,458.0,0,0.0,0.0,,0.0,1,2.22,0.25,SPY220520C00491000,491.0,normalDay
2022-04-06,10938.0,-941.0,0.0,100,446.52,458.0,0,0.0,0.0,,0.0,1,2.22,0.15,SPY220520C00491000,491.0,normalDay
2022-04-07,10938.0,-718.0,0.0,100,448.77,458.0,0,0.0,0.0,,0.0,1,2.22,0.17,SPY220520C00491000,491.0,normalDay
2022-04-08,10938.0,-834.0,0.0,100,447.57,458.0,0,0.0,0.0,,0.0,1,2.22,0.13,SPY220520C00491000,491.0,normalDay
2022-04-11,10938.0,-1593.0,0.0,100,439.92,458.0,0,0.0,0.0,,0.0,1,2.22,0.07,SPY220520C00491000,491.0,normalDay
2022-04-12,10938.0,-1754.0,0.0,100,438.29,458.0,0,0.0,0.0,,0.0,1,2.22,0.05,SPY220520C00491000,491.0,normalDay
2022-04-13,10938.0,-1253.0,0.0,100,443.31,458.0,0,0.0,0.0,,0.0,1,2.22,0.06,SPY220520C00491000,491.0,normalDay
2022-04-14,10938.0,-1803.0,0.0,100,437.79,458.0,0,0.0,0.0,,0.0,1,2.22,0.04,SPY220520C00491000,491.0,normalDay
2022-04-18,10938.0,-1784.0,0.0,100,437.97,458.0,0,0.0,0.0,,0.0,1,2.22,0.03,SPY220520C00491000,491.0,normalDay
2022-04-19,10938.0,-1078.0,0.0,100,445.04,458.0,0,0.0,0.0,,0.0,1,2.22,0.04,SPY220520C00491000,491.0,normalDay
2022-04-20,10938.0,-1111.0,0.0,100,444.71,458.0,0,0.0,0.0,,0.0,1,2.22,0.04,SPY220520C00491000,491.0,normalDay
2022-04-21,10938.0,-1775.0,0.0,100,438.06,458.0,0,0.0,0.0,,0.0,1,2.22,0.03,SPY220520C00491000,491.0,normalDay
2022-04-22,10938.0,-2976.0,0.0,100,426.04,458.0,0,0.0,0.0,,0.0,1,2.22,0.02,SPY220520C00491000,491.0,normalDay
2022-04-25,10938.0,-2729.0,0.0,100,428.51,458.0,0,0.0,0.0,,0.0,1,2.22,0.02,SPY220520C00491000,491.0,normalDay
2022-04-26,10938.0,-3970.0,0.0,100,416.1,458.0,0,0.0,0.0,,0.0,1,2.22,0.02,SPY220520C00491000,491.0,normalDay
2022-04-27,10938.0,-3853.0,0.0,100,417.27,458.0,0,0.0,0.0,,0.0,1,2.22,0.02,SPY220520C00491000,491.0,normalDay
2022-04-28,10938.0,-2799.0,0.0,100,427.81,458.0,0,0.0,0.0,,0.0,1,2.22,0.02,SPY220520C00491000,491.0,normalDay
2022-04-29,10938.0,-4380.0,0.0,100,412.0,458.0,0,0.0,0.0,,0.0,1,2.22,0.02,SPY220520C00491000,491.0,normalDay
2022-05-02,10938.0,-4132.0,0.0,100,414.48,458.0,0,0.0,0.0,,0.0,1,2.22,0.02,SPY220520C00491000,491.0,normalDay
2022-05-03,10938.0,-3941.0,0.0,100,416.38,458.0,0,0.0,0.0,,0.0,1,2.22,0.01,SPY220520C00491000,491.0,normalDay
2022-05-04,10938.0,-2674.0,0.0,100,429.06,458.0,0,0.0,0.0,,0.0,1,2.22,0.02,SPY220520C00491000,491.0,normalDay
2022-05-05,10938.0,-4199.0,0.0,100,413.81,458.0,0,0.0,0.0,,0.0,1,2.22,0.02,SPY220520C00491000,491.0,normalDay
2022-05-06,10938.0,-4445.0,0.0,100,411.34,458.0,0,0.0,0.0,,0.0,1,2.22,0.01,SPY220520C00491000,491.0,normalDay
2022-05-09,10938.0,-5762.0,0.0,100,398.17,458.0,0,0.0,0.0,,0.0,1,2.22,0.01,SPY220520C00491000,491.0,normalDay
2022-05-10,10938.0,-5670.0,0.0,100,399.09,458.0,0,0.0,0.0,,0.0,1,2.22,0.01,SPY220520C00491000,491.0,normalDay
2022-05-11,10938.0,-6304.0,0.0,100,392.75,458.0,0,0.0,0.0,,0.0,1,2.22,0.01,SPY220520C00491000,491.0,normalDay
2022-05-12,10938.0,-6345.0,0.0,100,392.34,458.0,0,0.0,0.0,,0.0,1,2.22,0.01,SPY220520C00491000,491.0,normalDay
2022-05-13,10938.0,-5407.0,0.0,100,401.72,458.0,0,0.0,0.0,,0.0,1,2.22,0.01,SPY220520C00491000,491.0,normalDay
2022-05-16,10938.0,-5570.0,0.0,100,400.09,458.0,0,0.0,0.0,,0.0,1,2.22,0.01,SPY220520C00491000,491.0,normalDay
2022-05-17,10938.0,-4747.0,0.0,100,408.32,458.0,0,0.0,0.0,,0.0,1,2.22,0.01,SPY220520C00491000,491.0,normalDay
2022-05-18,10938.0,-6393.0,0.0,100,391.86,458.0,0,0.0,0.0,,0.0,1,2.22,0.01,SPY220520C00491000,491.0,normalDay
2022-05-19,10938.0,-6633.0,0.0,100,389.46,458.0,0,0.0,0.0,,0.0,1,2.22,0.01,SPY220520C00491000,491.0,normalDay
2022-05-20,11160.0,-6837.0,222.0,100,389.63,458.0,0,0.0,0.0,,0.0,1,2.22,0.0,SPY220520C00491000,491.0,expirationDay
2022-05-23,11160.0,-6120.0,0.0,100,396.92,458.0,0,0.0,0.0,,0.0,1,8.17,8.29,SPY220930C00431000,431.0,normalDay
2022-05-24,11160.0,-6348.0,0.0,100,393.89,458.0,0,0.0,0.0,,0.0,1,8.17,7.54,SPY220930C00431000,431.0,normalDay
2022-05-25,11160.0,-6056.0,0.0,100,397.37,458.0,0,0.0,0.0,,0.0,1,8.17,8.1,SPY220930C00431000,431.0,normalDay
2022-05-26,11160.0,-5502.0,0.0,100,405.31,458.0,0,0.0,0.0,,0.0,1,8.17,10.5,SPY220930C00431000,431.0,normalDay
2022-05-27,11160.0,-4898.0,0.0,100,415.26,458.0,0,0.0,0.0,,0.0,1,8.17,14.41,SPY220930C00431000,431.0,normalDay
2022-05-31,11160.0,-4963.0,0.0,100,412.93,458.0,0,0.0,0.0,,0.0,1,8.17,12.73,SPY220930C00431000,431.0,normalDay
2022-06-01,11160.0,-5134.0,0.0,100,409.59,458.0,0,0.0,0.0,,0.0,1,8.17,11.1,SPY220930C00431000,431.0,normalDay
2022-06-02,11160.0,-4666.0,0.0,100,417.39,458.0,0,0.0,0.0,,0.0,1,8.17,14.22,SPY220930C00431000,431.0,normalDay
2022-06-03,11160.0,-5056.0,0.0,100,410.54,458.0,0,0.0,0.0,,0.0,1,8.17,11.27,SPY220930C00431000,431.0,normalDay
2022-06-06,11160.0,-4942.0,0.0,100,411.79,458.0,0,0.0,0.0,,0.0,1,8.17,11.38,SPY220930C00431000,431.0,normalDay
2022-06-07,11160.0,-4676.0,0.0,100,415.74,458.0,0,0.0,0.0,,0.0,1,8.17,12.67,SPY220930C00431000,431.0,normalDay
2022-06-08,11160.0,-4938.0,0.0,100,411.22,458.0,0,0.0,0.0,,0.0,1,8.17,10.77,SPY220930C00431000,431.0,normalDay
2022-06-09,11160.0,-5608.0,0.0,100,401.44,458.0,0,0.0,0.0,,0.0,1,8.17,7.69,SPY220930C00431000,431.0,normalDay
2022-06-10,11160.0,-6506.0,0.0,100,389.8,458.0,0,0.0,0.0,,0.0,1,8.17,5.03,SPY220930C00431000,431.0,normalDay
2022-06-13,11160.0,-7773.0,0.0,100,375.0,458.0,0,0.0,0.0,,0.0,1,8.17,2.9,SPY220930C00431000,431.0,normalDay
2022-06-14,11160.0,-7831.0,0.0,100,373.87,458.0,0,0.0,0.0,,0.0,1,8.17,2.35,SPY220930C00431000,431.0,normalDay
2022-06-15,11160.0,-7342.0,0.0,100,379.2,458.0,0,0.0,0.0,,0.0,1,8.17,2.79,SPY220930C00431000,431.0,normalDay
2022-06-16,11160.0,-8494.0,0.0,100,366.65,458.0,0,0.0,0.0,,0.0,1,8.17,1.76,SPY220930C00431000,431.0,normalDay
2022-06-17,11160.0,-8562.0,0.0,100,365.86,458.0,0,0.0,0.0,,0.0,1,8.17,1.65,SPY220930C00431000,431.0,normalDay
2022-06-21,11160.0,-7702.0,0.0,100,375.07,458.0,0,0.0,0.0,,0.0,1,8.17,2.26,SPY220930C00431000,431.0,normalDay
2022-06-22,11160.0,-7753.0,0.0,100,374.39,458.0,0,0.0,0.0,,0.0,1,8.17,2.09,SPY220930C00431000,431.0,normalDay
2022-06-23,11160.0,-7401.0,0.0,100,378.06,458.0,0,0.0,0.0,,0.0,1,8.17,2.24,SPY220930C00431000,431.0,normalDay
2022-06-24,11160.0,-6361.0,0.0,100,390.08,458.0,0,0.0,0.0,,0.0,1,8.17,3.86,SPY220930C00431000,431.0,normalDay
2022-06-27,11160.0,-6471.0,0.0,100,388.59,458.0,0,0.0,0.0,,0.0,1,8.17,3.47,SPY220930C00431000,431.0,normalDay
2022-06-28,11160.0,-7138.0,0.0,100,380.65,458.0,0,0.0,0.0,,0.0,1,8.17,2.2,SPY220930C00431000,431.0,normalDay
2022-06-29,11160.0,-7166.0,0.0,100,380.34,458.0,0,0.0,0.0,,0.0,1,8.17,2.17,SPY220930C00431000,431.0,normalDay
2022-06-30,11160.0,-7432.0,0.0,100,377.25,458.0,0,0.0,0.0,,0.0,1,8.17,1.74,SPY220930C00431000,431.0,normalDay
2022-07-01,11160.0,-7051.0,0.0,100,381.24,458.0,0,0.0,0.0,,0.0,1,8.17,1.92,SPY220930C00431000,431.0,normalDay
2022-07-05,11160.0,-6965.0,0.0,100,381.96,458.0,0,0.0,0.0,,0.0,1,8.17,1.78,SPY220930C00431000,431.0,normalDay
2022-07-06,11160.0,-6854.0,0.0,100,383.25,458.0,0,0.0,0.0,,0.0,1,8.17,1.96,SPY220930C00431000,431.0,normalDay
2022-07-07,11160.0,-6338.0,0.0,100,388.99,458.0,0,0.0,0.0,,0.0,1,8.17,2.54,SPY220930C00431000,431.0,normalDay
2022-07-08,11160.0,-6355.0,0.0,100,388.67,458.0,0,0.0,0.0,,0.0,1,8.17,2.39,SPY220930C00431000,431.0,normalDay
2022-07-11,11160.0,-6741.0,0.0,100,384.23,458.0,0,0.0,0.0,,0.0,1,8.17,1.81,SPY220930C00431000,431.0,normalDay
2022-07-12,11160.0,-7034.0,0.0,100,380.83,458.0,0,0.0,0.0,,0.0,1,8.17,1.34,SPY220930C00431000,431.0,normalDay
2022-07-13,11160.0,-7217.0,0.0,100,378.83,458.0,0,0.0,0.0,,0.0,1,8.17,1.17,SPY220930C00431000,431.0,normalDay
2022-07-14,11160.0,-7302.0,0.0,100,377.91,458.0,0,0.0,0.0,,0.0,1,8.17,1.1,SPY220930C00431000,431.0,normalDay
2022-07-15,11160.0,-6616.0,0.0,100,385.13,458.0,0,0.0,0.0,,0.0,1,8.17,1.46,SPY220930C00431000,431.0,normalDay
2022-07-18,11160.0,-6909.0,0.0,100,381.95,458.0,0,0.0,0.0,,0.0,1,8.17,1.21,SPY220930C00431000,431.0,normalDay
2022-07-19,11160.0,-6006.0,0.0,100,392.27,458.0,0,0.0,0.0,,0.0,1,8.17,2.5,SPY220930C00431000,431.0,normalDay
2022-07-20,11160.0,-5790.0,0.0,100,394.77,458.0,0,0.0,0.0,,0.0,1,8.17,2.84,SPY220930C00431000,431.0,normalDay
2022-07-21,11160.0,-5430.0,0.0,100,398.79,458.0,0,0.0,0.0,,0.0,1,8.17,3.26,SPY220930C00431000,431.0,normalDay
2022-07-22,11160.0,-5720.0,0.0,100,395.09,458.0,0,0.0,0.0,,0.0,1,8.17,2.46,SPY220930C00431000,431.0,normalDay
2022-07-25,11160.0,-5665.0,0.0,100,395.57,458.0,0,0.0,0.0,,0.0,1,8.17,2.39,SPY220930C00431000,431.0,normalDay
2022-07-26,11160.0,-6079.0,0.0,100,390.89,458.0,0,0.0,0.0,,0.0,1,8.17,1.85,SPY220930C00431000,431.0,normalDay
2022-07-27,11160.0,-5174.0,0.0,100,401.04,458.0,0,0.0,0.0,,0.0,1,8.17,2.95,SPY220930C00431000,431.0,normalDay
2022-07-28,11160.0,-4794.0,0.0,100,406.07,458.0,0,0.0,0.0,,0.0,1,8.17,4.18,SPY220930C00431000,431.0,normalDay
2022-07-29,11160.0,-4319.0,0.0,100,411.99,458.0,0,0.0,0.0,,0.0,1,8.17,5.35,SPY220930C00431000,431.0,normalDay
2022-08-01,11160.0,-4420.0,0.0,100,410.77,458.0,0,0.0,0.0,,0.0,1,8.17,5.14,SPY220930C00431000,431.0,normalDay
2022-08-02,11160.0,-4619.0,0.0,100,408.06,458.0,0,0.0,0.0,,0.0,1,8.17,4.42,SPY220930C00431000,431.0,normalDay
2022-08-03,11160.0,-4119.0,0.0,100,414.45,458.0,0,0.0,0.0,,0.0,1,8.17,5.81,SPY220930C00431000,431.0,normalDay
2022-08-04,11160.0,-4136.0,0.0,100,414.17,458.0,0,0.0,0.0,,0.0,1,8.17,5.7,SPY220930C00431000,431.0,normalDay
2022-08-05,11160.0,-4130.0,0.0,100,413.47,458.0,0,0.0,0.0,,0.0,1,8.17,4.94,SPY220930C00431000,431.0,normalDay
2022-08-08,11160.0,-4161.0,0.0,100,412.99,458.0,0,0.0,0.0,,0.0,1,8.17,4.77,SPY220930C00431000,431.0,normalDay
2022-08-09,11160.0,-4275.0,0.0,100,411.35,458.0,0,0.0,0.0,,0.0,1,8.17,4.27,SPY220930C00431000,431.0,normalDay
2022-08-10,11160.0,-3623.0,0.0,100,419.99,458.0,0,0.0,0.0,,0.0,1,8.17,6.39,SPY220930C00431000,431.0,normalDay
2022-08-11,11160.0,-3648.0,0.0,100,419.99,458.0,0,0.0,0.0,,0.0,1,8.17,6.64,SPY220930C00431000,431.0,normalDay
2022-08-12,11160.0,-3204.0,0.0,100,427.1,458.0,0,0.0,0.0,,0.0,1,8.17,9.31,SPY220930C00431000,431.0,normalDay
2022-08-15,11160.0,-3105.0,0.0,100,428.86,458.0,0,0.0,0.0,,0.0,1,8.17,10.08,SPY220930C00431000,431.0,normalDay
2022-08-16,11160.0,-3038.0,0.0,100,429.7,458.0,0,0.0,0.0,,0.0,1,8.17,10.25,SPY220930C00431000,431.0,normalDay
2022-08-17,11160.0,-3216.0,0.0,100,426.65,458.0,0,0.0,0.0,,0.0,1,8.17,8.98,SPY220930C00431000,431.0,normalDay
2022-08-18,11160.0,-3087.0,0.0,100,427.89,458.0,0,0.0,0.0,,0.0,1,8.17,8.93,SPY220930C00431000,431.0,normalDay
2022-08-19,11160.0,-3411.0,0.0,100,422.14,458.0,0,0.0,0.0,,0.0,1,8.17,6.42,SPY220930C00431000,431.0,normalDay
2022-08-22,11160.0,-4025.0,0.0,100,413.35,458.0,0,0.0,0.0,,0.0,1,8.17,3.77,SPY220930C00431000,431.0,normalDay
2022-08-23,11160.0,-4073.0,0.0,100,412.35,458.0,0,0.0,0.0,,0.0,1,8.17,3.25,SPY220930C00431000,431.0,normalDay
2022-08-24,11160.0,-3938.0,0.0,100,413.67,458.0,0,0.0,0.0,,0.0,1,8.17,3.22,SPY220930C00431000,431.0,normalDay
2022-08-25,11160.0,-3483.0,0.0,100,419.51,458.0,0,0.0,0.0,,0.0,1,8.17,4.51,SPY220930C00431000,431.0,normalDay
2022-08-26,11160.0,-4618.0,0.0,100,405.31,458.0,0,0.0,0.0,,0.0,1,8.17,1.66,SPY220930C00431000,431.0,normalDay
2022-08-29,11160.0,-4845.0,0.0,100,402.63,458.0,0,0.0,0.0,,0.0,1,8.17,1.25,SPY220930C00431000,431.0,normalDay
2022-08-30,11160.0,-5237.0,0.0,100,398.21,458.0,0,0.0,0.0,,0.0,1,8.17,0.75,SPY220930C00431000,431.0,normalDay
2022-08-31,11160.0,-5515.0,0.0,100,395.18,458.0,0,0.0,0.0,,0.0,1,8.17,0.5,SPY220930C00431000,431.0,normalDay
2022-09-01,11160.0,-5391.0,0.0,100,396.42,458.0,0,0.0,0.0,,0.0,1,8.17,0.5,SPY220930C00431000,431.0,normalDay
2022-09-02,11160.0,-5791.0,0.0,100,392.24,458.0,0,0.0,0.0,,0.0,1,8.17,0.32,SPY220930C00431000,431.0,normalDay
2022-09-06,11160.0,-5934.0,0.0,100,390.76,458.0,0,0.0,0.0,,0.0,1,8.17,0.27,SPY220930C00431000,431.0,normalDay
2022-09-07,11160.0,-5248.0,0.0,100,397.78,458.0,0,0.0,0.0,,0.0,1,8.17,0.43,SPY220930C00431000,431.0,normalDay
2022-09-08,11160.0,-4994.0,0.0,100,400.38,458.0,0,0.0,0.0,,0.0,1,8.17,0.49,SPY220930C00431000,431.0,normalDay
2022-09-09,11160.0,-4395.0,0.0,100,406.6,458.0,0,0.0,0.0,,0.0,1,8.17,0.72,SPY220930C00431000,431.0,normalDay
2022-09-12,11160.0,-4019.0,0.0,100,410.97,458.0,0,0.0,0.0,,0.0,1,8.17,1.33,SPY220930C00431000,431.0,normalDay
2022-09-13,11160.0,-5694.0,0.0,100,393.1,458.0,0,0.0,0.0,,0.0,1,8.17,0.21,SPY220930C00431000,431.0,normalDay
2022-09-14,11160.0,-5539.0,0.0,100,394.6,458.0,0,0.0,0.0,,0.0,1,8.17,0.16,SPY220930C00431000,431.0,normalDay
2022-09-15,11160.0,-5980.0,0.0,100,390.12,458.0,0,0.0,0.0,,0.0,1,8.17,0.09,SPY220930C00431000,431.0,normalDay
2022-09-16,11160.0,-6432.0,0.0,100,385.56,458.0,0,0.0,0.0,,0.0,1,8.17,0.05,SPY220930C00431000,431.0,normalDay
2022-09-19,11160.0,-6133.0,0.0,100,388.55,458.0,0,0.0,0.0,,0.0,1,8.17,0.05,SPY220930C00431000,431.0,normalDay
2022-09-20,11160.0,-6577.0,0.0,100,384.09,458.0,0,0.0,0.0,,0.0,1,8.17,0.03,SPY220930C00431000,431.0,normalDay
2022-09-21,11160.0,-7246.0,0.0,100,377.39,458.0,0,0.0,0.0,,0.0,1,8.17,0.02,SPY220930C00431000,431.0,normalDay
2022-09-22,11160.0,-7562.0,0.0,100,374.22,458.0,0,0.0,0.0,,0.0,1,8.17,0.01,SPY220930C00431000,431.0,normalDay
2022-09-23,11160.0,-8189.0,0.0,100,367.95,458.0,0,0.0,0.0,,0.0,1,8.17,0.01,SPY220930C00431000,431.0,normalDay
2022-09-26,11160.0,-8553.0,0.0,100,364.31,458.0,0,0.0,0.0,,0.0,1,8.17,0.01,SPY220930C00431000,431.0,normalDay
2022-09-27,11160.0,-8646.0,0.0,100,363.38,458.0,0,0.0,0.0,,0.0,1,8.17,0.01,SPY220930C00431000,431.0,normalDay
2022-09-28,11160.0,-7931.0,0.0,100,370.53,458.0,0,0.0,0.0,,0.0,1,8.17,0.01,SPY220930C00431000,431.0,normalDay
2022-09-29,11160.0,-8705.0,0.0,100,362.79,458.0,0,0.0,0.0,,0.0,1,8.17,0.01,SPY220930C00431000,431.0,normalDay
2022-09-30,11977.0,-10082.0,817.0,100,357.18,458.0,0,0.0,0.0,,0.0,1,8.17,0.0,SPY220930C00431000,431.0,expirationDay
2022-10-03,11977.0,-9146.0,0.0,100,366.61,458.0,0,0.0,0.0,,0.0,1,3.72,3.79,SPY230120C00415000,415.0,normalDay
2022-10-04,11977.0,-8244.0,0.0,100,377.97,458.0,0,0.0,0.0,,0.0,1,3.72,6.13,SPY230120C00415000,415.0,normalDay
2022-10-05,11977.0,-8309.0,0.0,100,377.09,458.0,0,0.0,0.0,,0.0,1,3.72,5.9,SPY230120C00415000,415.0,normalDay
2022-10-06,11977.0,-8619.0,0.0,100,373.2,458.0,0,0.0,0.0,,0.0,1,3.72,5.11,SPY230120C00415000,415.0,normalDay
2022-10-07,11977.0,-9455.0,0.0,100,362.79,458.0,0,0.0,0.0,,0.0,1,3.72,3.06,SPY230120C00415000,415.0,normalDay
2022-10-10,11977.0,-9723.0,0.0,100,360.02,458.0,0,0.0,0.0,,0.0,1,3.72,2.97,SPY230120C00415000,415.0,normalDay
2022-10-11,11977.0,-9933.0,0.0,100,357.74,458.0,0,0.0,0.0,,0.0,1,3.72,2.79,SPY230120C00415000,415.0,normalDay
2022-10-12,11977.0,-10039.0,0.0,100,356.56,458.0,0,0.0,0.0,,0.0,1,3.72,2.67,SPY230120C00415000,415.0,normalDay
2022-10-13,11977.0,-9237.0,0.0,100,365.97,458.0,0,0.0,0.0,,0.0,1,3.72,4.06,SPY230120C00415000,415.0,normalDay
2022-10-14,11977.0,-9935.0,0.0,100,357.63,458.0,0,0.0,0.0,,0.0,1,3.72,2.7,SPY230120C00415000,415.0,normalDay
2022-10-17,11977.0,-9156.0,0.0,100,366.82,458.0,0,0.0,0.0,,0.0,1,3.72,4.1,SPY230120C00415000,415.0,normalDay
2022-10-18,11977.0,-8801.0,0.0,100,371.13,458.0,0,0.0,0.0,,0.0,1,3.72,4.86,SPY230120C00415000,415.0,normalDay
2022-10-19,11977.0,-8980.0,0.0,100,368.5,458.0,0,0.0,0.0,,0.0,1,3.72,4.02,SPY230120C00415000,415.0,normalDay
2022-10-20,11977.0,-9220.0,0.0,100,365.41,458.0,0,0.0,0.0,,0.0,1,3.72,3.33,SPY230120C00415000,415.0,normalDay
2022-10-21,11977.0,-8518.0,0.0,100,374.29,458.0,0,0.0,0.0,,0.0,1,3.72,5.19,SPY230120C00415000,415.0,normalDay
2022-10-24,11977.0,-8163.0,0.0,100,378.87,458.0,0,0.0,0.0,,0.0,1,3.72,6.22,SPY230120C00415000,415.0,normalDay
2022-10-25,11977.0,-7633.0,0.0,100,384.92,458.0,0,0.0,0.0,,0.0,1,3.72,6.97,SPY230120C00415000,415.0,normalDay
2022-10-26,11977.0,-7856.0,0.0,100,382.02,458.0,0,0.0,0.0,,0.0,1,3.72,6.3,SPY230120C00415000,415.0,normalDay
2022-10-27,11977.0,-7873.0,0.0,100,379.98,458.0,0,0.0,0.0,,0.0,1,3.72,4.43,SPY230120C00415000,415.0,normalDay
2022-10-28,11977.0,-7290.0,0.0,100,389.02,458.0,0,0.0,0.0,,0.0,1,3.72,7.64,SPY230120C00415000,415.0,normalDay
2022-10-31,11977.0,-7440.0,0.0,100,386.21,458.0,0,0.0,0.0,,0.0,1,3.72,6.33,SPY230120C00415000,415.0,normalDay
2022-11-01,11977.0,-7540.0,0.0,100,384.52,458.0,0,0.0,0.0,,0.0,1,3.72,5.64,SPY230120C00415000,415.0,normalDay
2022-11-02,11977.0,-8285.0,0.0,100,374.87,458.0,0,0.0,0.0,,0.0,1,3.72,3.44,SPY230120C00415000,415.0,normalDay
2022-11-03,11977.0,-8593.0,0.0,100,371.01,458.0,0,0.0,0.0,,0.0,1,3.72,2.66,SPY230120C00415000,415.0,normalDay
2022-11-04,11977.0,-8135.0,0.0,100,376.35,458.0,0,0.0,0.0,,0.0,1,3.72,3.42,SPY230120C00415000,415.0,normalDay
2022-11-07,11977.0,-7821.0,0.0,100,379.95,458.0,0,0.0,0.0,,0.0,1,3.72,3.88,SPY230120C00415000,415.0,normalDay
2022-11-08,11977.0,-7663.0,0.0,100,382.0,458.0,0,0.0,0.0,,0.0,1,3.72,4.35,SPY230120C00415000,415.0,normalDay
2022-11-09,11977.0,-8307.0,0.0,100,374.13,458.0,0,0.0,0.0,,0.0,1,3.72,2.92,SPY230120C00415000,415.0,normalDay
2022-11-10,11977.0,-6741.0,0.0,100,394.69,458.0,0,0.0,0.0,,0.0,1,3.72,7.82,SPY230120C00415000,415.0,normalDay
2022-11-11,11977.0,-6396.0,0.0,100,398.51,458.0,0,0.0,0.0,,0.0,1,3.72,8.19,SPY230120C00415000,415.0,normalDay
2022-11-14,11977.0,-6612.0,0.0,100,395.12,458.0,0,0.0,0.0,,0.0,1,3.72,6.96,SPY230120C00415000,415.0,normalDay
2022-11-15,11977.0,-6374.0,0.0,100,398.49,458.0,0,0.0,0.0,,0.0,1,3.72,7.95,SPY230120C00415000,415.0,normalDay
2022-11-16,11977.0,-6545.0,0.0,100,395.45,458.0,0,0.0,0.0,,0.0,1,3.72,6.62,SPY230120C00415000,415.0,normalDay
2022-11-17,11977.0,-6607.0,0.0,100,394.24,458.0,0,0.0,0.0,,0.0,1,3.72,6.03,SPY230120C00415000,415.0,normalDay
2022-11-18,11977.0,-6435.0,0.0,100,396.03,458.0,0,0.0,0.0,,0.0,1,3.72,6.1,SPY230120C00415000,415.0,normalDay
2022-11-21,11977.0,-6485.0,0.0,100,394.59,458.0,0,0.0,0.0,,0.0,1,3.72,5.16,SPY230120C00415000,415.0,normalDay
2022-11-22,11977.0,-6074.0,0.0,100,399.9,458.0,0,0.0,0.0,,0.0,1,3.72,6.36,SPY230120C00415000,415.0,normalDay
2022-11-23,11977.0,-5872.0,0.0,100,402.42,458.0,0,0.0,0.0,,0.0,1,3.72,6.86,SPY230120C00415000,415.0,normalDay
2022-11-25,11977.0,-5857.0,0.0,100,402.33,458.0,0,0.0,0.0,,0.0,1,3.72,6.62,SPY230120C00415000,415.0,normalDay
2022-11-28,11977.0,-6301.0,0.0,100,395.91,458.0,0,0.0,0.0,,0.0,1,3.72,4.64,SPY230120C00415000,415.0,normalDay
2022-11-29,11977.0,-6322.0,0.0,100,395.23,458.0,0,0.0,0.0,,0.0,1,3.72,4.17,SPY230120C00415000,415.0,normalDay
2022-11-30,11977.0,-5516.0,0.0,100,407.68,458.0,0,0.0,0.0,,0.0,1,3.72,8.56,SPY230120C00415000,415.0,normalDay
2022-12-01,11977.0,-5476.0,0.0,100,407.38,458.0,0,0.0,0.0,,0.0,1,3.72,7.86,SPY230120C00415000,415.0,normalDay
2022-12-02,11977.0,-5450.0,0.0,100,406.91,458.0,0,0.0,0.0,,0.0,1,3.72,7.13,SPY230120C00415000,415.0,normalDay
2022-12-05,11977.0,-5926.0,0.0,100,399.59,458.0,0,0.0,0.0,,0.0,1,3.72,4.57,SPY230120C00415000,415.0,normalDay
2022-12-06,11977.0,-6369.0,0.0,100,393.83,458.0,0,0.0,0.0,,0.0,1,3.72,3.24,SPY230120C00415000,415.0,normalDay
2022-12-07,11977.0,-6423.0,0.0,100,393.16,458.0,0,0.0,0.0,,0.0,1,3.72,3.11,SPY230120C00415000,415.0,normalDay
2022-12-08,11977.0,-6165.0,0.0,100,396.24,458.0,0,0.0,0.0,,0.0,1,3.72,3.61,SPY230120C00415000,415.0,normalDay
2022-12-09,11977.0,-6394.0,0.0,100,393.28,458.0,0,0.0,0.0,,0.0,1,3.72,2.94,SPY230120C00415000,415.0,normalDay
2022-12-12,11977.0,-5997.0,0.0,100,398.95,458.0,0,0.0,0.0,,0.0,1,3.72,4.64,SPY230120C00415000,415.0,normalDay
2022-12-13,11977.0,-5716.0,0.0,100,401.97,458.0,0,0.0,0.0,,0.0,1,3.72,4.85,SPY230120C00415000,415.0,normalDay
2022-12-14,11977.0,-5836.0,0.0,100,399.4,458.0,0,0.0,0.0,,0.0,1,3.72,3.48,SPY230120C00415000,415.0,normalDay
2022-12-15,11977.0,-6603.0,0.0,100,389.63,458.0,0,0.0,0.0,,0.0,1,3.72,1.38,SPY230120C00415000,415.0,normalDay
2022-12-16,11977.0,-7179.0,0.0,100,383.27,458.0,0,0.0,0.0,,0.0,1,3.72,0.78,SPY230120C00415000,415.0,normalDay
2022-12-19,11977.0,-7478.0,0.0,100,380.02,458.0,0,0.0,0.0,,0.0,1,3.72,0.52,SPY230120C00415000,415.0,normalDay
2022-12-20,11977.0,-7421.0,0.0,100,380.54,458.0,0,0.0,0.0,,0.0,1,3.72,0.47,SPY230120C00415000,415.0,normalDay
2022-12-21,11977.0,-6874.0,0.0,100,386.23,458.0,0,0.0,0.0,,0.0,1,3.72,0.69,SPY230120C00415000,415.0,normalDay
2022-12-22,11977.0,-7401.0,0.0,100,380.72,458.0,0,0.0,0.0,,0.0,1,3.72,0.45,SPY230120C00415000,415.0,normalDay
2022-12-23,11977.0,-7177.0,0.0,100,382.91,458.0,0,0.0,0.0,,0.0,1,3.72,0.4,SPY230120C00415000,415.0,normalDay
2022-12-27,11977.0,-7320.0,0.0,100,381.4,458.0,0,0.0,0.0,,0.0,1,3.72,0.32,SPY230120C00415000,415.0,normalDay
2022-12-28,11977.0,-7781.0,0.0,100,376.66,458.0,0,0.0,0.0,,0.0,1,3.72,0.19,SPY230120C00415000,415.0,normalDay
2022-12-29,11977.0,-7113.0,0.0,100,383.44,458.0,0,0.0,0.0,,0.0,1,3.72,0.29,SPY230120C00415000,415.0,normalDay
2022-12-30,11977.0,-7206.0,0.0,100,382.43,458.0,0,0.0,0.0,,0.0,1,3.72,0.21,SPY230120C00415000,415.0,normalDay
2023-01-03,11977.0,-7359.0,0.0,100,380.82,458.0,0,0.0,0.0,,0.0,1,3.72,0.13,SPY230120C00415000,415.0,normalDay
2023-01-04,11977.0,-7067.0,0.0,100,383.76,458.0,0,0.0,0.0,,0.0,1,3.72,0.15,SPY230120C00415000,415.0,normalDay
2023-01-05,11977.0,-7499.0,0.0,100,379.38,458.0,0,0.0,0.0,,0.0,1,3.72,0.09,SPY230120C00415000,415.0,normalDay
2023-01-06,11977.0,-6636.0,0.0,100,388.08,458.0,0,0.0,0.0,,0.0,1,3.72,0.16,SPY230120C00415000,415.0,normalDay
2023-01-09,11977.0,-6657.0,0.0,100,387.86,458.0,0,0.0,0.0,,0.0,1,3.72,0.15,SPY230120C00415000,415.0,normalDay
2023-01-10,11977.0,-6385.0,0.0,100,390.58,458.0,0,0.0,0.0,,0.0,1,3.72,0.15,SPY230120C00415000,415.0,normalDay
2023-01-11,11977.0,-5914.0,0.0,100,395.52,458.0,0,0.0,0.0,,0.0,1,3.72,0.38,SPY230120C00415000,415.0,normalDay
2023-01-12,11977.0,-5742.0,0.0,100,396.96,458.0,0,0.0,0.0,,0.0,1,3.72,0.1,SPY230120C00415000,415.0,normalDay
2023-01-13,11977.0,-5583.0,0.0,100,398.5,458.0,0,0.0,0.0,,0.0,1,3.72,0.05,SPY230120C00415000,415.0,normalDay
2023-01-17,11977.0,-5653.0,0.0,100,397.77,458.0,0,0.0,0.0,,0.0,1,3.72,0.02,SPY230120C00415000,415.0,normalDay
2023-01-18,11977.0,-6280.0,0.0,100,391.49,458.0,0,0.0,0.0,,0.0,1,3.72,0.01,SPY230120C00415000,415.0,normalDay
2023-01-19,11977.0,-6565.0,0.0,100,388.64,458.0,0,0.0,0.0,,0.0,1,3.72,0.01,SPY230120C00415000,415.0,normalDay
2023-01-20,12349.0,-6212.0,372.0,100,395.88,458.0,0,0.0,0.0,,0.0,1,3.72,0.0,SPY230120C00415000,415.0,expirationDay
2023-01-23,12349.0,-5746.0,0.0,100,400.63,458.0,0,0.0,0.0,,0.0,1,16.49,16.58,SPY230519C00405000,405.0,normalDay
2023-01-24,12349.0,-5790.0,0.0,100,400.2,458.0,0,0.0,0.0,,0.0,1,16.49,16.59,SPY230519C00405000,405.0,normalDay
2023-01-25,12349.0,-5735.0,0.0,100,400.35,458.0,0,0.0,0.0,,0.0,1,16.49,16.19,SPY230519C00405000,405.0,normalDay
2023-01-26,12349.0,-5481.0,0.0,100,404.75,458.0,0,0.0,0.0,,0.0,1,16.49,18.05,SPY230519C00405000,405.0,normalDay
2023-01-27,12349.0,-5431.0,0.0,100,405.68,458.0,0,0.0,0.0,,0.0,1,16.49,18.48,SPY230519C00405000,405.0,normalDay
2023-01-30,12349.0,-5690.0,0.0,100,400.59,458.0,0,0.0,0.0,,0.0,1,16.49,15.98,SPY230519C00405000,405.0,normalDay
2023-01-31,12349.0,-5377.0,0.0,100,406.48,458.0,0,0.0,0.0,,0.0,1,16.49,18.74,SPY230519C00405000,405.0,normalDay
2023-02-01,12349.0,-5302.0,0.0,100,410.8,458.0,0,0.0,0.0,,0.0,1,16.49,22.31,SPY230519C00405000,405.0,normalDay
2023-02-02,12349.0,-4993.0,0.0,100,416.78,458.0,0,0.0,0.0,,0.0,1,16.49,25.2,SPY230519C00405000,405.0,normalDay
2023-02-03,12349.0,-5192.0,0.0,100,412.35,458.0,0,0.0,0.0,,0.0,1,16.49,22.76,SPY230519C00405000,405.0,normalDay
2023-02-06,12349.0,-5293.0,0.0,100,409.83,458.0,0,0.0,0.0,,0.0,1,16.49,21.25,SPY230519C00405000,405.0,normalDay
2023-02-07,12349.0,-5037.0,0.0,100,415.19,458.0,0,0.0,0.0,,0.0,1,16.49,24.05,SPY230519C00405000,405.0,normalDay
2023-02-08,12349.0,-5269.0,0.0,100,410.65,458.0,0,0.0,0.0,,0.0,1,16.49,21.83,SPY230519C00405000,405.0,normalDay
2023-02-09,12349.0,-5423.0,0.0,100,407.09,458.0,0,0.0,0.0,,0.0,1,16.49,19.81,SPY230519C00405000,405.0,normalDay
2023-02-10,12349.0,-5361.0,0.0,100,408.04,458.0,0,0.0,0.0,,0.0,1,16.49,20.14,SPY230519C00405000,405.0,normalDay
2023-02-13,12349.0,-5159.0,0.0,100,412.83,458.0,0,0.0,0.0,,0.0,1,16.49,22.91,SPY230519C00405000,405.0,normalDay
2023-02-14,12349.0,-5063.0,0.0,100,412.64,458.0,0,0.0,0.0,,0.0,1,16.49,21.76,SPY230519C00405000,405.0,normalDay
2023-02-15,12349.0,-5031.0,0.0,100,413.98,458.0,0,0.0,0.0,,0.0,1,16.49,22.78,SPY230519C00405000,405.0,normalDay
2023-02-16,12349.0,-5232.0,0.0,100,408.28,458.0,0,0.0,0.0,,0.0,1,16.49,19.09,SPY230519C00405000,405.0,normalDay
2023-02-17,12349.0,-5237.0,0.0,100,407.26,458.0,0,0.0,0.0,,0.0,1,16.49,18.12,SPY230519C00405000,405.0,normalDay
2023-02-21,12349.0,-5637.0,0.0,100,399.09,458.0,0,0.0,0.0,,0.0,1,16.49,13.95,SPY230519C00405000,405.0,normalDay
2023-02-22,12349.0,-5615.0,0.0,100,398.54,458.0,0,0.0,0.0,,0.0,1,16.49,13.18,SPY230519C00405000,405.0,normalDay
2023-02-23,12349.0,-5434.0,0.0,100,400.66,458.0,0,0.0,0.0,,0.0,1,16.49,13.49,SPY230519C00405000,405.0,normalDay
2023-02-24,12349.0,-5662.0,0.0,100,396.38,458.0,0,0.0,0.0,,0.0,1,16.49,11.49,SPY230519C00405000,405.0,normalDay
2023-02-27,12349.0,-5555.0,0.0,100,397.73,458.0,0,0.0,0.0,,0.0,1,16.49,11.77,SPY230519C00405000,405.0,normalDay
2023-02-28,12349.0,-5571.0,0.0,100,396.26,458.0,0,0.0,0.0,,0.0,1,16.49,10.46,SPY230519C00405000,405.0,normalDay
2023-03-01,12349.0,-5666.0,0.0,100,394.74,458.0,0,0.0,0.0,,0.0,1,16.49,9.89,SPY230519C00405000,405.0,normalDay
2023-03-02,12349.0,-5464.0,0.0,100,397.81,458.0,0,0.0,0.0,,0.0,1,16.49,10.94,SPY230519C00405000,405.0,normalDay
2023-03-03,12349.0,-5143.0,0.0,100,404.19,458.0,0,0.0,0.0,,0.0,1,16.49,14.11,SPY230519C00405000,405.0,normalDay
2023-03-06,12349.0,-5093.0,0.0,100,404.47,458.0,0,0.0,0.0,,0.0,1,16.49,13.89,SPY230519C00405000,405.0,normalDay
2023-03-07,12349.0,-5394.0,0.0,100,398.27,458.0,0,0.0,0.0,,0.0,1,16.49,10.7,SPY230519C00405000,405.0,normalDay
2023-03-08,12349.0,-5319.0,0.0,100,398.92,458.0,0,0.0,0.0,,0.0,1,16.49,10.6,SPY230519C00405000,405.0,normalDay
2023-03-09,12349.0,-5796.0,0.0,100,391.56,458.0,0,0.0,0.0,,0.0,1,16.49,8.01,SPY230519C00405000,405.0,normalDay
2023-03-10,12349.0,-6174.0,0.0,100,385.91,458.0,0,0.0,0.0,,0.0,1,16.49,6.14,SPY230519C00405000,405.0,normalDay
2023-03-13,12349.0,-6256.0,0.0,100,385.36,458.0,0,0.0,0.0,,0.0,1,16.49,6.41,SPY230519C00405000,405.0,normalDay
2023-03-14,12349.0,-5745.0,0.0,100,391.73,458.0,0,0.0,0.0,,0.0,1,16.49,7.67,SPY230519C00405000,405.0,normalDay
2023-03-15,12349.0,-5939.0,0.0,100,389.28,458.0,0,0.0,0.0,,0.0,1,16.49,7.16,SPY230519C00405000,405.0,normalDay
2023-03-16,12349.0,-5462.0,0.0,100,396.11,458.0,0,0.0,0.0,,0.0,1,16.49,9.22,SPY230519C00405000,405.0,normalDay
2023-03-17,12349.0,-5984.0,0.0,100,389.99,458.0,0,0.0,0.0,,0.0,1,16.49,8.32,SPY230519C00405000,405.0,normalDay
2023-03-20,12349.0,-5675.0,0.0,100,393.74,458.0,0,0.0,0.0,,0.0,1,16.49,8.98,SPY230519C00405000,405.0,normalDay
2023-03-21,12349.0,-5336.0,0.0,100,398.91,458.0,0,0.0,0.0,,0.0,1,16.49,10.76,SPY230519C00405000,405.0,normalDay
2023-03-22,12349.0,-5697.0,0.0,100,392.11,458.0,0,0.0,0.0,,0.0,1,16.49,7.57,SPY230519C00405000,405.0,normalDay
2023-03-23,12349.0,-5640.0,0.0,100,393.17,458.0,0,0.0,0.0,,0.0,1,16.49,8.06,SPY230519C00405000,405.0,normalDay
2023-03-24,12349.0,-5459.0,0.0,100,395.75,458.0,0,0.0,0.0,,0.0,1,16.49,8.83,SPY230519C00405000,405.0,normalDay
2023-03-27,12349.0,-5350.0,0.0,100,396.49,458.0,0,0.0,0.0,,0.0,1,16.49,8.48,SPY230519C00405000,405.0,normalDay
2023-03-28,12349.0,-5375.0,0.0,100,395.6,458.0,0,0.0,0.0,,0.0,1,16.49,7.84,SPY230519C00405000,405.0,normalDay
2023-03-29,12349.0,-5029.0,0.0,100,401.35,458.0,0,0.0,0.0,,0.0,1,16.49,10.13,SPY230519C00405000,405.0,normalDay
2023-03-30,12349.0,-4905.0,0.0,100,403.7,458.0,0,0.0,0.0,,0.0,1,16.49,11.24,SPY230519C00405000,405.0,normalDay
2023-03-31,12349.0,-4694.0,0.0,100,409.39,458.0,0,0.0,0.0,,0.0,1,16.49,14.82,SPY230519C00405000,405.0,normalDay
2023-04-03,12349.0,-4580.0,0.0,100,410.95,458.0,0,0.0,0.0,,0.0,1,16.49,15.24,SPY230519C00405000,405.0,normalDay
2023-04-04,12349.0,-4655.0,0.0,100,408.67,458.0,0,0.0,0.0,,0.0,1,16.49,13.71,SPY230519C00405000,405.0,normalDay
2023-04-05,12349.0,-4667.0,0.0,100,407.6,458.0,0,0.0,0.0,,0.0,1,16.49,12.76,SPY230519C00405000,405.0,normalDay
2023-04-06,12349.0,-4570.0,0.0,100,409.19,458.0,0,0.0,0.0,,0.0,1,16.49,13.38,SPY230519C00405000,405.0,normalDay
2023-04-10,12349.0,-4550.0,0.0,100,409.61,458.0,0,0.0,0.0,,0.0,1,16.49,13.6,SPY230519C00405000,405.0,normalDay
2023-04-11,12349.0,-4525.0,0.0,100,409.72,458.0,0,0.0,0.0,,0.0,1,16.49,13.46,SPY230519C00405000,405.0,normalDay
2023-04-12,12349.0,-4536.0,0.0,100,408.05,458.0,0,0.0,0.0,,0.0,1,16.49,11.9,SPY230519C00405000,405.0,normalDay
2023-04-13,12349.0,-4320.0,0.0,100,413.47,458.0,0,0.0,0.0,,0.0,1,16.49,15.16,SPY230519C00405000,405.0,normalDay
2023-04-14,12349.0,-4324.0,0.0,100,412.46,458.0,0,0.0,0.0,,0.0,1,16.49,14.19,SPY230519C00405000,405.0,normalDay
2023-04-17,12349.0,-4241.0,0.0,100,413.94,458.0,0,0.0,0.0,,0.0,1,16.49,14.84,SPY230519C00405000,405.0,normalDay
2023-04-18,12349.0,-4192.0,0.0,100,414.21,458.0,0,0.0,0.0,,0.0,1,16.49,14.62,SPY230519C00405000,405.0,normalDay
2023-04-19,12349.0,-4183.0,0.0,100,414.14,458.0,0,0.0,0.0,,0.0,1,16.49,14.46,SPY230519C00405000,405.0,normalDay
2023-04-20,12349.0,-4261.0,0.0,100,411.88,458.0,0,0.0,0.0,,0.0,1,16.49,12.98,SPY230519C00405000,405.0,normalDay
2023-04-21,12349.0,-4194.0,0.0,100,412.2,458.0,0,0.0,0.0,,0.0,1,16.49,12.63,SPY230519C00405000,405.0,normalDay
2023-04-24,12349.0,-4153.0,0.0,100,412.63,458.0,0,0.0,0.0,,0.0,1,16.49,12.65,SPY230519C00405000,405.0,normalDay
2023-04-25,12349.0,-4473.0,0.0,100,406.08,458.0,0,0.0,0.0,,0.0,1,16.49,9.3,SPY230519C00405000,405.0,normalDay
2023-04-26,12349.0,-4458.0,0.0,100,404.36,458.0,0,0.0,0.0,,0.0,1,16.49,7.43,SPY230519C00405000,405.0,normalDay
2023-04-27,12349.0,-4171.0,0.0,100,412.41,458.0,0,0.0,0.0,,0.0,1,16.49,12.61,SPY230519C00405000,405.0,normalDay
2023-04-28,12349.0,-3995.0,0.0,100,415.93,458.0,0,0.0,0.0,,0.0,1,16.49,14.37,SPY230519C00405000,405.0,normalDay
2023-05-01,12349.0,-3964.0,0.0,100,415.51,458.0,0,0.0,0.0,,0.0,1,16.49,13.64,SPY230519C00405000,405.0,normalDay
2023-05-02,12349.0,-4104.0,0.0,100,410.84,458.0,0,0.0,0.0,,0.0,1,16.49,10.37,SPY230519C00405000,405.0,normalDay
2023-05-03,12349.0,-4208.0,0.0,100,408.02,458.0,0,0.0,0.0,,0.0,1,16.49,8.59,SPY230519C00405000,405.0,normalDay
2023-05-04,12349.0,-4265.0,0.0,100,405.13,458.0,0,0.0,0.0,,0.0,1,16.49,6.27,SPY230519C00405000,405.0,normalDay
2023-05-05,12349.0,-3918.0,0.0,100,412.63,458.0,0,0.0,0.0,,0.0,1,16.49,10.3,SPY230519C00405000,405.0,normalDay
2023-05-08,12349.0,-3886.0,0.0,100,412.74,458.0,0,0.0,0.0,,0.0,1,16.49,10.09,SPY230519C00405000,405.0,normalDay
2023-05-09,12349.0,-3953.0,0.0,100,410.93,458.0,0,0.0,0.0,,0.0,1,16.49,8.95,SPY230519C00405000,405.0,normalDay
2023-05-10,12349.0,-3859.0,0.0,100,412.85,458.0,0,0.0,0.0,,0.0,1,16.49,9.93,SPY230519C00405000,405.0,normalDay
2023-05-11,12349.0,-3811.0,0.0,100,412.13,458.0,0,0.0,0.0,,0.0,1,16.49,8.73,SPY230519C00405000,405.0,normalDay
2023-05-12,12349.0,-3761.0,0.0,100,411.59,458.0,0,0.0,0.0,,0.0,1,16.49,7.69,SPY230519C00405000,405.0,normalDay
2023-05-15,12349.0,-3731.0,0.0,100,413.01,458.0,0,0.0,0.0,,0.0,1,16.49,8.81,SPY230519C00405000,405.0,normalDay
2023-05-16,12349.0,-3774.0,0.0,100,410.25,458.0,0,0.0,0.0,,0.0,1,16.49,6.48,SPY230519C00405000,405.0,normalDay
2023-05-17,12349.0,-3677.0,0.0,100,415.23,458.0,0,0.0,0.0,,0.0,1,16.49,10.49,SPY230519C00405000,405.0,normalDay
2023-05-18,12349.0,-3671.0,0.0,100,419.23,458.0,0,0.0,0.0,,0.0,1,16.49,14.43,SPY230519C00405000,405.0,normalDay
2023-05-19,8698.0,-3671.0,-3651.0,0,418.62,0.0,0,0.0,0.0,,0.0,1,16.49,0.0,SPY230519C00405000,405.0,expirationDay
2023-05-22,8698.0,-3.0,0.0,0,418.79,0.0,1,3.29,3.32,SPY230630P00401000,401.0,0,0.0,0.0,,0.0,normalDay
2023-05-23,8698.0,-120.0,0.0,0,414.09,0.0,1,3.29,4.49,SPY230630P00401000,401.0,0,0.0,0.0,,0.0,normalDay
2023-05-24,8698.0,-219.0,0.0,0,411.09,0.0,1,3.29,5.48,SPY230630P00401000,401.0,0,0.0,0.0,,0.0,normalDay
2023-05-25,8698.0,-103.0,0.0,0,414.65,0.0,1,3.29,4.32,SPY230630P00401000,401.0,0,0.0,0.0,,0.0,normalDay
2023-05-26,8698.0,31.0,0.0,0,420.02,0.0,1,3.29,2.98,SPY230630P00401000,401.0,0,0.0,0.0,,0.0,normalDay
2023-05-30,8698.0,80.0,0.0,0,420.18,0.0,1,3.29,2.49,SPY230630P00401000,401.0,0,0.0,0.0,,0.0,normalDay
2023-05-31,8698.0,56.0,0.0,0,417.85,0.0,1,3.29,2.73,SPY230630P00401000,401.0,0,0.0,0.0,,0.0,normalDay
2023-06-01,8698.0,160.0,0.0,0,421.82,0.0,1,3.29,1.69,SPY230630P00401000,401.0,0,0.0,0.0,,0.0,normalDay
2023-06-02,8698.0,232.0,0.0,0,427.92,0.0,1,3.29,0.97,SPY230630P00401000,401.0,0,0.0,0.0,,0.0,normalDay
2023-06-05,8698.0,238.0,0.0,0,427.1,0.0,1,3.29,0.91,SPY230630P00401000,401.0,0,0.0,0.0,,0.0,normalDay
2023-06-06,8698.0,258.0,0.0,0,428.03,0.0,1,3.29,0.71,SPY230630P00401000,401.0,0,0.0,0.0,,0.0,normalDay
2023-06-07,8698.0,255.0,0.0,0,426.55,0.0,1,3.29,0.74,SPY230630P00401000,401.0,0,0.0,0.0,,0.0,normalDay
2023-06-08,8698.0,272.0,0.0,0,429.13,0.0,1,3.29,0.57,SPY230630P00401000,401.0,0,0.0,0.0,,0.0,normalDay
2023-06-09,8698.0,277.0,0.0,0,429.9,0.0,1,3.29,0.52,SPY230630P00401000,401.0,0,0.0,0.0,,0.0,normalDay
2023-06-12,8698.0,289.0,0.0,0,433.8,0.0,1,3.29,0.4,SPY230630P00401000,401.0,0,0.0,0.0,,0.0,normalDay
2023-06-13,8698.0,297.0,0.0,0,436.66,0.0,1,3.29,0.32,SPY230630P00401000,401.0,0,0.0,0.0,,0.0,normalDay
2023-06-14,8698.0,306.0,0.0,0,437.18,0.0,1,3.29,0.23,SPY230630P00401000,401.0,0,0.0,0.0,,0.0,normalDay
2023-06-15,8698.0,308.0,0.0,0,442.6,0.0,1,3.29,0.21,SPY230630P00401000,401.0,0,0.0,0.0,,0.0,normalDay
2023-06-16,8698.0,317.0,0.0,0,439.46,0.0,1,3.29,0.12,SPY230630P00401000,401.0,0,0.0,0.0,,0.0,normalDay
2023-06-20,8698.0,320.0,0.0,0,437.18,0.0,1,3.29,0.09,SPY230630P00401000,401.0,0,0.0,0.0,,0.0,normalDay
2023-06-21,8698.0,322.0,0.0,0,434.94,0.0,1,3.29,0.07,SPY230630P00401000,401.0,0,0.0,0.0,,0.0,normalDay
2023-06-22,8698.0,324.0,0.0,0,436.51,0.0,1,3.29,0.05,SPY230630P00401000,401.0,0,0.0,0.0,,0.0,normalDay
2023-06-23,8698.0,323.0,0.0,0,433.21,0.0,1,3.29,0.06,SPY230630P00401000,401.0,0,0.0,0.0,,0.0,normalDay
2023-06-26,8698.0,324.0,0.0,0,431.44,0.0,1,3.29,0.05,SPY230630P00401000,401.0,0,0.0,0.0,,0.0,normalDay
2023-06-27,8698.0,325.0,0.0,0,436.17,0.0,1,3.29,0.04,SPY230630P00401000,401.0,0,0.0,0.0,,0.0,normalDay
2023-06-28,8698.0,327.0,0.0,0,436.39,0.0,1,3.29,0.02,SPY230630P00401000,401.0,0,0.0,0.0,,0.0,normalDay
2023-06-29,8698.0,327.0,0.0,0,438.11,0.0,1,3.29,0.02,SPY230630P00401000,401.0,0,0.0,0.0,,0.0,normalDay
2023-06-30,9027.0,0.0,329.0,0,443.28,0.0,1,3.29,0.0,SPY230630P00401000,401.0,0,0.0,0.0,,0.0,expirationDay
2023-07-03,9027.0,-6.0,0.0,0,443.79,0.0,1,1.92,1.98,SPY230818P00422000,422.0,0,0.0,0.0,,0.0,normalDay
2023-07-05,9027.0,-18.0,0.0,0,443.13,0.0,1,1.92,2.1,SPY230818P00422000,422.0,0,0.0,0.0,,0.0,normalDay
2023-07-06,9027.0,-87.0,0.0,0,439.66,0.0,1,1.92,2.79,SPY230818P00422000,422.0,0,0.0,0.0,,0.0,normalDay
2023-07-07,9027.0,-71.0,0.0,0,438.55,0.0,1,1.92,2.63,SPY230818P00422000,422.0,0,0.0,0.0,,0.0,normalDay
2023-07-10,9027.0,-49.0,0.0,0,439.66,0.0,1,1.92,2.41,SPY230818P00422000,422.0,0,0.0,0.0,,0.0,normalDay
2023-07-11,9027.0,-7.0,0.0,0,442.46,0.0,1,1.92,1.99,SPY230818P00422000,422.0,0,0.0,0.0,,0.0,normalDay
2023-07-12,9027.0,63.0,0.0,0,446.02,0.0,1,1.92,1.29,SPY230818P00422000,422.0,0,0.0,0.0,,0.0,normalDay
2023-07-13,9027.0,84.0,0.0,0,449.56,0.0,1,1.92,1.08,SPY230818P00422000,422.0,0,0.0,0.0,,0.0,normalDay
2023-07-14,9027.0,92.0,0.0,0,449.28,0.0,1,1.92,1.0,SPY230818P00422000,422.0,0,0.0,0.0,,0.0,normalDay
2023-07-17,9027.0,109.0,0.0,0,450.84,0.0,1,1.92,0.83,SPY230818P00422000,422.0,0,0.0,0.0,,0.0,normalDay
2023-07-18,9027.0,129.0,0.0,0,454.19,0.0,1,1.92,0.63,SPY230818P00422000,422.0,0,0.0,0.0,,0.0,normalDay
2023-07-19,9027.0,127.0,0.0,0,455.2,0.0,1,1.92,0.65,SPY230818P00422000,422.0,0,0.0,0.0,,0.0,normalDay
2023-07-20,9027.0,118.0,0.0,0,452.18,0.0,1,1.92,0.74,SPY230818P00422000,422.0,0,0.0,0.0,,0.0,normalDay
2023-07-21,9027.0,126.0,0.0,0,452.18,0.0,1,1.92,0.66,SPY230818P00422000,422.0,0,0.0,0.0,,0.0,normalDay
2023-07-24,9027.0,138.0,0.0,0,454.2,0.0,1,1.92,0.54,SPY230818P00422000,422.0,0,0.0,0.0,,0.0,normalDay
2023-07-25,9027.0,145.0,0.0,0,455.44,0.0,1,1.92,0.47,SPY230818P00422000,422.0,0,0.0,0.0,,0.0,normalDay
2023-07-26,9027.0,156.0,0.0,0,455.51,0.0,1,1.92,0.36,SPY230818P00422000,422.0,0,0.0,0.0,,0.0,normalDay
2023-07-27,9027.0,136.0,0.0,0,452.49,0.0,1,1.92,0.56,SPY230818P00422000,422.0,0,0.0,0.0,,0.0,normalDay
2023-07-28,9027.0,163.0,0.0,0,456.92,0.0,1,1.92,0.29,SPY230818P00422000,422.0,0,0.0,0.0,,0.0,normalDay
2023-07-31,9027.0,168.0,0.0,0,457.79,0.0,1,1.92,0.24,SPY230818P00422000,422.0,0,0.0,0.0,,0.0,normalDay
2023-08-01,9027.0,167.0,0.0,0,456.48,0.0,1,1.92,0.25,SPY230818P00422000,422.0,0,0.0,0.0,,0.0,normalDay
2023-08-02,9027.0,140.0,0.0,0,450.13,0.0,1,1.92,0.52,SPY230818P00422000,422.0,0,0.0,0.0,,0.0,normalDay
2023-08-03,9027.0,146.0,0.0,0,448.84,0.0,1,1.92,0.46,SPY230818P00422000,422.0,0,0.0,0.0,,0.0,normalDay
2023-08-04,9027.0,130.0,0.0,0,446.81,0.0,1,1.92,0.62,SPY230818P00422000,422.0,0,0.0,0.0,,0.0,normalDay
2023-08-07,9027.0,165.0,0.0,0,450.71,0.0,1,1.92,0.27,SPY230818P00422000,422.0,0,0.0,0.0,,0.0,normalDay
2023-08-08,9027.0,167.0,0.0,0,448.75,0.0,1,1.92,0.25,SPY230818P00422000,422.0,0,0.0,0.0,,0.0,normalDay
2023-08-09,9027.0,167.0,0.0,0,445.75,0.0,1,1.92,0.25,SPY230818P00422000,422.0,0,0.0,0.0,,0.0,normalDay
2023-08-10,9027.0,169.0,0.0,0,445.91,0.0,1,1.92,0.23,SPY230818P00422000,422.0,0,0.0,0.0,,0.0,normalDay
2023-08-11,9027.0,181.0,0.0,0,445.65,0.0,1,1.92,0.11,SPY230818P00422000,422.0,0,0.0,0.0,,0.0,normalDay
2023-08-14,9027.0,186.0,0.0,0,448.11,0.0,1,1.92,0.06,SPY230818P00422000,422.0,0,0.0,0.0,,0.0,normalDay
2023-08-15,9027.0,184.0,0.0,0,442.89,0.0,1,1.92,0.08,SPY230818P00422000,422.0,0,0.0,0.0,,0.0,normalDay
2023-08-16,9027.0,187.0,0.0,0,439.64,0.0,1,1.92,0.05,SPY230818P00422000,422.0,0,0.0,0.0,,0.0,normalDay
2023-08-17,9027.0,187.0,0.0,0,436.29,0.0,1,1.92,0.05,SPY230818P00422000,422.0,0,0.0,0.0,,0.0,normalDay
2023-08-18,9219.0,0.0,192.0,0,436.5,0.0,1,1.92,0.0,SPY230818P00422000,422.0,0,0.0,0.0,,0.0,expirationDay
2023-08-21,9219.0,-4.0,0.0,0,439.34,0.0,1,5.48,5.52,SPY230929P00431000,431.0,0,0.0,0.0,,0.0,normalDay
2023-08-22,9219.0,-13.0,0.0,0,438.15,0.0,1,5.48,5.61,SPY230929P00431000,431.0,0,0.0,0.0,,0.0,normalDay
2023-08-23,9219.0,149.0,0.0,0,443.03,0.0,1,5.48,3.99,SPY230929P00431000,431.0,0,0.0,0.0,,0.0,normalDay
2023-08-24,9219.0,-45.0,0.0,0,436.89,0.0,1,5.48,5.93,SPY230929P00431000,431.0,0,0.0,0.0,,0.0,normalDay
2023-08-25,9219.0,105.0,0.0,0,439.97,0.0,1,5.48,4.43,SPY230929P00431000,431.0,0,0.0,0.0,,0.0,normalDay
2023-08-28,9219.0,219.0,0.0,0,442.76,0.0,1,5.48,3.29,SPY230929P00431000,431.0,0,0.0,0.0,,0.0,normalDay
2023-08-29,9219.0,351.0,0.0,0,449.16,0.0,1,5.48,1.97,SPY230929P00431000,431.0,0,0.0,0.0,,0.0,normalDay
2023-08-30,9219.0,395.0,0.0,0,451.01,0.0,1,5.48,1.53,SPY230929P00431000,431.0,0,0.0,0.0,,0.0,normalDay
2023-08-31,9219.0,408.0,0.0,0,450.35,0.0,1,5.48,1.4,SPY230929P00431000,431.0,0,0.0,0.0,,0.0,normalDay
2023-09-01,9219.0,423.0,0.0,0,451.19,0.0,1,5.48,1.25,SPY230929P00431000,431.0,0,0.0,0.0,,0.0,normalDay
2023-09-05,9219.0,409.0,0.0,0,449.24,0.0,1,5.48,1.39,SPY230929P00431000,431.0,0,0.0,0.0,,0.0,normalDay
2023-09-06,9219.0,370.0,0.0,0,446.22,0.0,1,5.48,1.78,SPY230929P00431000,431.0,0,0.0,0.0,,0.0,normalDay
2023-09-07,9219.0,359.0,0.0,0,444.85,0.0,1,5.48,1.89,SPY230929P00431000,431.0,0,0.0,0.0,,0.0,normalDay
2023-09-08,9219.0,402.0,0.0,0,445.52,0.0,1,5.48,1.46,SPY230929P00431000,431.0,0,0.0,0.0,,0.0,normalDay
2023-09-11,9219.0,450.0,0.0,0,448.45,0.0,1,5.48,0.98,SPY230929P00431000,431.0,0,0.0,0.0,,0.0,normalDay
2023-09-12,9219.0,427.0,0.0,0,445.99,0.0,1,5.48,1.21,SPY230929P00431000,431.0,0,0.0,0.0,,0.0,normalDay
2023-09-13,9219.0,462.0,0.0,0,446.51,0.0,1,5.48,0.86,SPY230929P00431000,431.0,0,0.0,0.0,,0.0,normalDay
2023-09-14,9219.0,502.0,0.0,0,450.36,0.0,1,5.48,0.46,SPY230929P00431000,431.0,0,0.0,0.0,,0.0,normalDay
2023-09-15,9219.0,463.0,0.0,0,443.37,0.0,1,5.48,0.85,SPY230929P00431000,431.0,0,0.0,0.0,,0.0,normalDay
2023-09-18,9219.0,477.0,0.0,0,443.63,0.0,1,5.48,0.71,SPY230929P00431000,431.0,0,0.0,0.0,,0.0,normalDay
2023-09-19,9219.0,471.0,0.0,0,442.71,0.0,1,5.48,0.77,SPY230929P00431000,431.0,0,0.0,0.0,,0.0,normalDay
2023-09-20,9219.0,415.0,0.0,0,438.64,0.0,1,5.48,1.33,SPY230929P00431000,431.0,0,0.0,0.0,,0.0,normalDay
2023-09-21,9219.0,175.0,0.0,0,431.39,0.0,1,5.48,3.73,SPY230929P00431000,431.0,0,0.0,0.0,,0.0,normalDay
2023-09-22,9219.0,178.0,0.0,0,430.42,0.0,1,5.48,3.7,SPY230929P00431000,431.0,0,0.0,0.0,,0.0,normalDay
2023-09-25,9219.0,302.0,0.0,0,432.23,0.0,1,5.48,2.46,SPY230929P00431000,431.0,0,0.0,0.0,,0.0,normalDay
2023-09-26,9219.0,-26.0,0.0,0,425.88,0.0,1,5.48,5.74,SPY230929P00431000,431.0,0,0.0,0.0,,0.0,normalDay
2023-09-27,9219.0,14.0,0.0,0,426.05,0.0,1,5.48,5.34,SPY230929P00431000,431.0,0,0.0,0.0,,0.0,normalDay
2023-09-28,9219.0,203.0,0.0,0,428.52,0.0,1,5.48,3.45,SPY230929P00431000,431.0,0,0.0,0.0,,0.0,normalDay
2023-09-29,9767.0,-352.0,548.0,100,427.48,431.0,1,5.48,0.0,SPY230929P00431000,431.0,0,0.0,0.0,,0.0,expirationDay
2023-10-02,9767.0,-378.0,0.0,100,427.31,431.0,0,0.0,0.0,,0.0,1,6.67,6.76,SPY240216C00455000,455.0,normalDay
2023-10-03,9767.0,-840.0,0.0,100,421.59,431.0,0,0.0,0.0,,0.0,1,6.67,5.66,SPY240216C00455000,455.0,normalDay
2023-10-04,9767.0,-579.0,0.0,100,424.66,431.0,0,0.0,0.0,,0.0,1,6.67,6.12,SPY240216C00455000,455.0,normalDay
2023-10-05,9767.0,-571.0,0.0,100,424.5,431.0,0,0.0,0.0,,0.0,1,6.67,5.88,SPY240216C00455000,455.0,normalDay
2023-10-06,9767.0,-231.0,0.0,100,429.54,431.0,0,0.0,0.0,,0.0,1,6.67,7.52,SPY240216C00455000,455.0,normalDay
2023-10-09,9767.0,-46.0,0.0,100,432.29,431.0,0,0.0,0.0,,0.0,1,6.67,8.42,SPY240216C00455000,455.0,normalDay
2023-10-10,9767.0,144.0,0.0,100,434.54,431.0,0,0.0,0.0,,0.0,1,6.67,8.77,SPY240216C00455000,455.0,normalDay
2023-10-11,9767.0,258.0,0.0,100,436.32,431.0,0,0.0,0.0,,0.0,1,6.67,9.41,SPY240216C00455000,455.0,normalDay
2023-10-12,9767.0,127.0,0.0,100,433.66,431.0,0,0.0,0.0,,0.0,1,6.67,8.06,SPY240216C00455000,455.0,normalDay
2023-10-13,9767.0,-39.0,0.0,100,431.5,431.0,0,0.0,0.0,,0.0,1,6.67,7.56,SPY240216C00455000,455.0,normalDay
2023-10-16,9767.0,292.0,0.0,100,436.04,431.0,0,0.0,0.0,,0.0,1,6.67,8.79,SPY240216C00455000,455.0,normalDay
2023-10-17,9767.0,295.0,0.0,100,436.02,431.0,0,0.0,0.0,,0.0,1,6.67,8.74,SPY240216C00455000,455.0,normalDay
2023-10-18,9767.0,-123.0,0.0,100,430.21,431.0,0,0.0,0.0,,0.0,1,6.67,7.11,SPY240216C00455000,455.0,normalDay
2023-10-19,9767.0,-367.0,0.0,100,426.43,431.0,0,0.0,0.0,,0.0,1,6.67,5.77,SPY240216C00455000,455.0,normalDay
2023-10-20,9767.0,-764.0,0.0,100,421.19,431.0,0,0.0,0.0,,0.0,1,6.67,4.5,SPY240216C00455000,455.0,normalDay
2023-10-23,9767.0,-794.0,0.0,100,420.46,431.0,0,0.0,0.0,,0.0,1,6.67,4.07,SPY240216C00455000,455.0,normalDay
2023-10-24,9767.0,-516.0,0.0,100,423.63,431.0,0,0.0,0.0,,0.0,1,6.67,4.46,SPY240216C00455000,455.0,normalDay
2023-10-25,9767.0,-1000.0,0.0,100,417.55,431.0,0,0.0,0.0,,0.0,1,6.67,3.22,SPY240216C00455000,455.0,normalDay
2023-10-26,9767.0,-1412.0,0.0,100,412.55,431.0,0,0.0,0.0,,0.0,1,6.67,2.34,SPY240216C00455000,455.0,normalDay
2023-10-27,9767.0,-1578.0,0.0,100,410.68,431.0,0,0.0,0.0,,0.0,1,6.67,2.13,SPY240216C00455000,455.0,normalDay
2023-10-30,9767.0,-1127.0,0.0,100,415.59,431.0,0,0.0,0.0,,0.0,1,6.67,2.53,SPY240216C00455000,455.0,normalDay
2023-10-31,9767.0,-854.0,0.0,100,418.2,431.0,0,0.0,0.0,,0.0,1,6.67,2.41,SPY240216C00455000,455.0,normalDay
2023-11-01,9767.0,-480.0,0.0,100,422.66,431.0,0,0.0,0.0,,0.0,1,6.67,3.13,SPY240216C00455000,455.0,normalDay
2023-11-02,9767.0,169.0,0.0,100,430.76,431.0,0,0.0,0.0,,0.0,1,6.67,4.74,SPY240216C00455000,455.0,normalDay
2023-11-03,9767.0,454.0,0.0,100,434.69,431.0,0,0.0,0.0,,0.0,1,6.67,5.82,SPY240216C00455000,455.0,normalDay
2023-11-06,9767.0,571.0,0.0,100,435.69,431.0,0,0.0,0.0,,0.0,1,6.67,5.65,SPY240216C00455000,455.0,normalDay
2023-11-07,9767.0,648.0,0.0,100,436.93,431.0,0,0.0,0.0,,0.0,1,6.67,6.12,SPY240216C00455000,455.0,normalDay
2023-11-08,9767.0,700.0,0.0,100,437.25,431.0,0,0.0,0.0,,0.0,1,6.67,5.92,SPY240216C00455000,455.0,normalDay
2023-11-09,9767.0,454.0,0.0,100,433.84,431.0,0,0.0,0.0,,0.0,1,6.67,4.97,SPY240216C00455000,455.0,normalDay
2023-11-10,9767.0,917.0,0.0,100,440.61,431.0,0,0.0,0.0,,0.0,1,6.67,7.11,SPY240216C00455000,455.0,normalDay
2023-11-13,9767.0,898.0,0.0,100,440.19,431.0,0,0.0,0.0,,0.0,1,6.67,6.88,SPY240216C00455000,455.0,normalDay
2023-11-14,9767.0,1347.0,0.0,100,448.73,431.0,0,0.0,0.0,,0.0,1,6.67,10.93,SPY240216C00455000,455.0,normalDay
2023-11-15,9767.0,1445.0,0.0,100,449.68,431.0,0,0.0,0.0,,0.0,1,6.67,10.9,SPY240216C00455000,455.0,normalDay
2023-11-16,9767.0,1483.0,0.0,100,450.23,431.0,0,0.0,0.0,,0.0,1,6.67,11.07,SPY240216C00455000,455.0,normalDay
2023-11-17,9767.0,1535.0,0.0,100,450.79,431.0,0,0.0,0.0,,0.0,1,6.67,11.11,SPY240216C00455000,455.0,normalDay
2023-11-20,9767.0,1699.0,0.0,100,454.26,431.0,0,0.0,0.0,,0.0,1,6.67,12.94,SPY240216C00455000,455.0,normalDay
2023-11-21,9767.0,1702.0,0.0,100,453.27,431.0,0,0.0,0.0,,0.0,1,6.67,11.92,SPY240216C00455000,455.0,normalDay
2023-11-22,9767.0,1760.0,0.0,100,455.02,431.0,0,0.0,0.0,,0.0,1,6.67,13.09,SPY240216C00455000,455.0,normalDay
2023-11-24,9767.0,1812.0,0.0,100,455.3,431.0,0,0.0,0.0,,0.0,1,6.67,12.85,SPY240216C00455000,455.0,normalDay
2023-11-27,9767.0,1783.0,0.0,100,454.48,431.0,0,0.0,0.0,,0.0,1,6.67,12.32,SPY240216C00455000,455.0,normalDay
2023-11-28,9767.0,1817.0,0.0,100,454.93,431.0,0,0.0,0.0,,0.0,1,6.67,12.43,SPY240216C00455000,455.0,normalDay
2023-11-29,9767.0,1769.0,0.0,100,454.61,431.0,0,0.0,0.0,,0.0,1,6.67,12.59,SPY240216C00455000,455.0,normalDay
2023-11-30,9767.0,1896.0,0.0,100,456.4,431.0,0,0.0,0.0,,0.0,1,6.67,13.11,SPY240216C00455000,455.0,normalDay
