date,totalCapital,unrializedPnL,rializedPnL,stocksOwned,stocksPriceToday,stocksPriceBoughtAt,putOwned,putOwnedSoldAt,putPriceToday,putOwnedContract,putOwnedStrike,callOwned,callOwnedSoldAt,callPriceToday,callOwnedContract,callOwnedStrike,trackType
2018-11-01,0.0,-6.0,0.0,0,273.51,0.0,1,1.73,1.79,SPY181112P00268000,268.0,0,0.0,0.0,,0.0,normalDay
2018-11-02,0.0,-19.0,0.0,0,271.89,0.0,1,1.73,1.92,SPY181112P00268000,268.0,0,0.0,0.0,,0.0,normalDay
2018-11-05,0.0,48.0,0.0,0,273.39,0.0,1,1.73,1.25,SPY181112P00268000,268.0,0,0.0,0.0,,0.0,normalDay
2018-11-06,0.0,83.0,0.0,0,275.12,0.0,1,1.73,0.9,SPY181112P00268000,268.0,0,0.0,0.0,,0.0,normalDay
2018-11-07,0.0,165.0,0.0,0,281.01,0.0,1,1.73,0.08,SPY181112P00268000,268.0,0,0.0,0.0,,0.0,normalDay
2018-11-08,0.0,167.0,0.0,0,280.5,0.0,1,1.73,0.06,SPY181112P00268000,268.0,0,0.0,0.0,,0.0,normalDay
2018-11-09,0.0,170.0,0.0,0,277.76,0.0,1,1.73,0.03,SPY181112P00268000,268.0,0,0.0,0.0,,0.0,normalDay
2018-11-12,173.0,0.0,173.0,0,272.57,0.0,1,1.73,0.0,SPY181112P00268000,268.0,0,0.0,0.0,,0.0,expirationDay
2018-11-13,173.0,-5.0,0.0,0,272.06,0.0,1,1.78,1.83,SPY181123P00268000,268.0,0,0.0,0.0,,0.0,normalDay
2018-11-14,173.0,-80.0,0.0,0,270.2,0.0,1,1.78,2.58,SPY181123P00268000,268.0,0,0.0,0.0,,0.0,normalDay
2018-11-15,173.0,57.0,0.0,0,273.02,0.0,1,1.78,1.21,SPY181123P00268000,268.0,0,0.0,0.0,,0.0,normalDay
2018-11-16,173.0,115.0,0.0,0,273.73,0.0,1,1.78,0.63,SPY181123P00268000,268.0,0,0.0,0.0,,0.0,normalDay
2018-11-19,173.0,19.0,0.0,0,269.1,0.0,1,1.78,1.59,SPY181123P00268000,268.0,0,0.0,0.0,,0.0,normalDay
2018-11-20,173.0,-294.0,0.0,0,264.12,0.0,1,1.78,4.72,SPY181123P00268000,268.0,0,0.0,0.0,,0.0,normalDay
2018-11-21,173.0,-147.0,0.0,0,265.02,0.0,1,1.78,3.25,SPY181123P00268000,268.0,0,0.0,0.0,,0.0,normalDay
2018-11-23,351.0,-475.0,178.0,100,263.25,268.0,1,1.78,0.0,SPY181123P00268000,268.0,0,0.0,0.0,,0.0,expirationDay
2018-11-26,351.0,-53.0,0.0,100,267.5,268.0,0,0.0,0.0,,0.0,1,0.1,0.13,SPY181203C00277000,277.0,normalDay
2018-11-27,351.0,32.0,0.0,100,268.4,268.0,0,0.0,0.0,,0.0,1,0.1,0.18,SPY181203C00277000,277.0,normalDay
2018-11-28,351.0,536.0,0.0,100,274.58,268.0,0,0.0,0.0,,0.0,1,0.1,1.32,SPY181203C00277000,277.0,normalDay
2018-11-29,351.0,490.0,0.0,100,273.98,268.0,0,0.0,0.0,,0.0,1,0.1,1.18,SPY181203C00277000,277.0,normalDay
2018-11-30,351.0,584.0,0.0,100,275.65,268.0,0,0.0,0.0,,0.0,1,0.1,1.91,SPY181203C00277000,277.0,normalDay
2018-12-03,1261.0,584.0,910.0,0,279.3,0.0,0,0.0,0.0,,0.0,1,0.1,0.0,SPY181203C00277000,277.0,expirationDay
2018-12-04,1261.0,-8.0,0.0,0,270.25,0.0,1,2.63,2.71,SPY181214P00267000,267.0,0,0.0,0.0,,0.0,normalDay
2018-12-06,1261.0,12.0,0.0,0,269.84,0.0,1,2.63,2.51,SPY181214P00267000,267.0,0,0.0,0.0,,0.0,normalDay
2018-12-07,1261.0,-291.0,0.0,0,263.57,0.0,1,2.63,5.54,SPY181214P00267000,267.0,0,0.0,0.0,,0.0,normalDay
2018-12-10,1261.0,-157.0,0.0,0,264.07,0.0,1,2.63,4.2,SPY181214P00267000,267.0,0,0.0,0.0,,0.0,normalDay
2018-12-11,1261.0,-131.0,0.0,0,264.13,0.0,1,2.63,3.94,SPY181214P00267000,267.0,0,0.0,0.0,,0.0,normalDay
2018-12-12,1261.0,-28.0,0.0,0,265.46,0.0,1,2.63,2.91,SPY181214P00267000,267.0,0,0.0,0.0,,0.0,normalDay
2018-12-13,1261.0,23.0,0.0,0,265.37,0.0,1,2.63,2.4,SPY181214P00267000,267.0,0,0.0,0.0,,0.0,normalDay
2018-12-14,1524.0,-653.0,263.0,100,260.47,267.0,1,2.63,0.0,SPY181214P00267000,267.0,0,0.0,0.0,,0.0,expirationDay
2018-12-17,1524.0,-1167.0,0.0,100,255.36,267.0,0,0.0,0.0,,0.0,1,0.03,0.06,SPY181224C00274000,274.0,normalDay
2018-12-18,1524.0,-1194.0,0.0,100,255.08,267.0,0,0.0,0.0,,0.0,1,0.03,0.05,SPY181224C00274000,274.0,normalDay
2018-12-19,1524.0,-1574.0,0.0,100,251.26,267.0,0,0.0,0.0,,0.0,1,0.03,0.03,SPY181224C00274000,274.0,normalDay
2018-12-20,1524.0,-1981.0,0.0,100,247.17,267.0,0,0.0,0.0,,0.0,1,0.03,0.01,SPY181224C00274000,274.0,normalDay
2018-12-21,1524.0,-2628.0,0.0,100,240.7,267.0,0,0.0,0.0,,0.0,1,0.03,0.01,SPY181224C00274000,274.0,normalDay
2018-12-24,1527.0,-3266.0,3.0,100,234.34,267.0,0,0.0,0.0,,0.0,1,0.03,0.0,SPY181224C00274000,274.0,expirationDay
2018-12-26,1527.0,-2082.0,0.0,100,246.18,267.0,0,0.0,0.0,,0.0,0,0.0,0.0,,0.0,bidTooLow
2018-12-27,1527.0,-1896.0,0.0,100,248.07,267.0,0,0.0,0.0,,0.0,1,0.01,0.04,SPY190104C00274000,274.0,normalDay
2018-12-28,1527.0,-1927.0,0.0,100,247.75,267.0,0,0.0,0.0,,0.0,1,0.01,0.03,SPY190104C00274000,274.0,normalDay
2018-12-31,1527.0,-1708.0,0.0,100,249.92,267.0,0,0.0,0.0,,0.0,1,0.01,0.01,SPY190104C00274000,274.0,normalDay
2019-01-02,1527.0,-1682.0,0.0,100,250.18,267.0,0,0.0,0.0,,0.0,1,0.01,0.01,SPY190104C00274000,274.0,normalDay
2019-01-03,1527.0,-2279.0,0.0,100,244.21,267.0,0,0.0,0.0,,0.0,1,0.01,0.01,SPY190104C00274000,274.0,normalDay
2019-01-04,1528.0,-1461.0,1.0,100,252.39,267.0,0,0.0,0.0,,0.0,1,0.01,0.0,SPY190104C00274000,274.0,expirationDay
2019-01-07,1528.0,-1266.0,0.0,100,254.38,267.0,0,0.0,0.0,,0.0,1,0.2,0.24,SPY190114C00263000,263.0,normalDay
2019-01-08,1528.0,-1035.0,0.0,100,256.77,267.0,0,0.0,0.0,,0.0,1,0.2,0.32,SPY190114C00263000,263.0,normalDay
2019-01-09,1528.0,-913.0,0.0,100,257.97,267.0,0,0.0,0.0,,0.0,1,0.2,0.3,SPY190114C00263000,263.0,normalDay
2019-01-10,1528.0,-815.0,0.0,100,258.88,267.0,0,0.0,0.0,,0.0,1,0.2,0.23,SPY190114C00263000,263.0,normalDay
2019-01-11,1528.0,-787.0,0.0,100,258.98,267.0,0,0.0,0.0,,0.0,1,0.2,0.05,SPY190114C00263000,263.0,normalDay
2019-01-14,1548.0,-960.0,20.0,100,257.4,267.0,0,0.0,0.0,,0.0,1,0.2,0.0,SPY190114C00263000,263.0,expirationDay
2019-01-15,1548.0,-673.0,0.0,100,260.35,267.0,0,0.0,0.0,,0.0,1,2.85,2.93,SPY190123C00259000,259.0,normalDay
2019-01-16,1548.0,-637.0,0.0,100,260.98,267.0,0,0.0,0.0,,0.0,1,2.85,3.2,SPY190123C00259000,259.0,normalDay
2019-01-17,1548.0,-585.0,0.0,100,262.96,267.0,0,0.0,0.0,,0.0,1,2.85,4.66,SPY190123C00259000,259.0,normalDay
2019-01-18,1548.0,-526.0,0.0,100,266.46,267.0,0,0.0,0.0,,0.0,1,2.85,7.57,SPY190123C00259000,259.0,normalDay
2019-01-22,1548.0,-558.0,0.0,100,262.86,267.0,0,0.0,0.0,,0.0,1,2.85,4.29,SPY190123C00259000,259.0,normalDay
2019-01-23,1033.0,-558.0,-515.0,0,263.41,0.0,0,0.0,0.0,,0.0,1,2.85,0.0,SPY190123C00259000,259.0,expirationDay
2019-01-24,1033.0,-3.0,0.0,0,263.55,0.0,1,0.37,0.4,SPY190204P00250000,250.0,0,0.0,0.0,,0.0,normalDay
2019-01-25,1033.0,24.0,0.0,0,265.78,0.0,1,0.37,0.13,SPY190204P00250000,250.0,0,0.0,0.0,,0.0,normalDay
2019-01-28,1033.0,21.0,0.0,0,263.76,0.0,1,0.37,0.16,SPY190204P00250000,250.0,0,0.0,0.0,,0.0,normalDay
2019-01-29,1033.0,22.0,0.0,0,263.41,0.0,1,0.37,0.15,SPY190204P00250000,250.0,0,0.0,0.0,,0.0,normalDay
2019-01-30,1033.0,34.0,0.0,0,267.58,0.0,1,0.37,0.03,SPY190204P00250000,250.0,0,0.0,0.0,,0.0,normalDay
2019-01-31,1033.0,36.0,0.0,0,269.93,0.0,1,0.37,0.01,SPY190204P00250000,250.0,0,0.0,0.0,,0.0,normalDay
2019-02-01,1033.0,36.0,0.0,0,270.06,0.0,1,0.37,0.01,SPY190204P00250000,250.0,0,0.0,0.0,,0.0,normalDay
2019-02-04,1070.0,0.0,37.0,0,271.96,0.0,1,0.37,0.0,SPY190204P00250000,250.0,0,0.0,0.0,,0.0,expirationDay
2019-02-05,1070.0,-3.0,0.0,0,273.1,0.0,1,0.16,0.19,SPY190215P00259000,259.0,0,0.0,0.0,,0.0,normalDay
2019-02-06,1070.0,1.0,0.0,0,272.74,0.0,1,0.16,0.15,SPY190215P00259000,259.0,0,0.0,0.0,,0.0,normalDay
2019-02-07,1070.0,-11.0,0.0,0,270.14,0.0,1,0.16,0.27,SPY190215P00259000,259.0,0,0.0,0.0,,0.0,normalDay
2019-02-08,1070.0,1.0,0.0,0,270.47,0.0,1,0.16,0.15,SPY190215P00259000,259.0,0,0.0,0.0,,0.0,normalDay
2019-02-11,1070.0,7.0,0.0,0,270.62,0.0,1,0.16,0.09,SPY190215P00259000,259.0,0,0.0,0.0,,0.0,normalDay
2019-02-12,1070.0,13.0,0.0,0,274.1,0.0,1,0.16,0.03,SPY190215P00259000,259.0,0,0.0,0.0,,0.0,normalDay
2019-02-13,1070.0,13.0,0.0,0,274.99,0.0,1,0.16,0.03,SPY190215P00259000,259.0,0,0.0,0.0,,0.0,normalDay
2019-02-14,1070.0,14.0,0.0,0,274.38,0.0,1,0.16,0.02,SPY190215P00259000,259.0,0,0.0,0.0,,0.0,normalDay
2019-02-15,1086.0,0.0,16.0,0,277.37,0.0,1,0.16,0.0,SPY190215P00259000,259.0,0,0.0,0.0,,0.0,expirationDay
2019-02-19,1086.0,-3.0,0.0,0,277.85,0.0,1,0.21,0.24,SPY190301P00265000,265.0,0,0.0,0.0,,0.0,normalDay
2019-02-20,1086.0,6.0,0.0,0,278.41,0.0,1,0.21,0.15,SPY190301P00265000,265.0,0,0.0,0.0,,0.0,normalDay
2019-02-21,1086.0,7.0,0.0,0,277.42,0.0,1,0.21,0.14,SPY190301P00265000,265.0,0,0.0,0.0,,0.0,normalDay
2019-02-22,1086.0,15.0,0.0,0,279.14,0.0,1,0.21,0.06,SPY190301P00265000,265.0,0,0.0,0.0,,0.0,normalDay
2019-02-25,1086.0,16.0,0.0,0,279.52,0.0,1,0.21,0.05,SPY190301P00265000,265.0,0,0.0,0.0,,0.0,normalDay
2019-02-26,1086.0,18.0,0.0,0,279.32,0.0,1,0.21,0.03,SPY190301P00265000,265.0,0,0.0,0.0,,0.0,normalDay
2019-02-27,1086.0,19.0,0.0,0,279.2,0.0,1,0.21,0.02,SPY190301P00265000,265.0,0,0.0,0.0,,0.0,normalDay
2019-02-28,1086.0,20.0,0.0,0,278.68,0.0,1,0.21,0.01,SPY190301P00265000,265.0,0,0.0,0.0,,0.0,normalDay
2019-03-01,1107.0,0.0,21.0,0,280.42,0.0,1,0.21,0.0,SPY190301P00265000,265.0,0,0.0,0.0,,0.0,expirationDay
2019-03-04,1107.0,-3.0,0.0,0,279.4,0.0,1,0.82,0.85,SPY190315P00272500,272.5,0,0.0,0.0,,0.0,normalDay
2019-03-05,1107.0,1.0,0.0,0,279.02,0.0,1,0.82,0.81,SPY190315P00272500,272.5,0,0.0,0.0,,0.0,normalDay
2019-03-06,1107.0,-34.0,0.0,0,277.33,0.0,1,0.82,1.16,SPY190315P00272500,272.5,0,0.0,0.0,,0.0,normalDay
2019-03-07,1107.0,-92.0,0.0,0,275.01,0.0,1,0.82,1.74,SPY190315P00272500,272.5,0,0.0,0.0,,0.0,normalDay
2019-03-08,1107.0,-70.0,0.0,0,274.46,0.0,1,0.82,1.52,SPY190315P00272500,272.5,0,0.0,0.0,,0.0,normalDay
2019-03-11,1107.0,46.0,0.0,0,278.44,0.0,1,0.82,0.36,SPY190315P00272500,272.5,0,0.0,0.0,,0.0,normalDay
2019-03-12,1107.0,66.0,0.0,0,279.49,0.0,1,0.82,0.16,SPY190315P00272500,272.5,0,0.0,0.0,,0.0,normalDay
2019-03-13,1107.0,77.0,0.0,0,281.34,0.0,1,0.82,0.05,SPY190315P00272500,272.5,0,0.0,0.0,,0.0,normalDay
2019-03-14,1107.0,78.0,0.0,0,281.16,0.0,1,0.82,0.04,SPY190315P00272500,272.5,0,0.0,0.0,,0.0,normalDay
2019-03-15,1189.0,0.0,82.0,0,281.31,0.0,1,0.82,0.0,SPY190315P00272500,272.5,0,0.0,0.0,,0.0,expirationDay
2019-03-18,1189.0,-3.0,0.0,0,282.33,0.0,1,0.69,0.72,SPY190329P00277000,277.0,0,0.0,0.0,,0.0,normalDay
2019-03-19,1189.0,-14.0,0.0,0,282.4,0.0,1,0.69,0.83,SPY190329P00277000,277.0,0,0.0,0.0,,0.0,normalDay
2019-03-20,1189.0,-16.0,0.0,0,281.55,0.0,1,0.69,0.85,SPY190329P00277000,277.0,0,0.0,0.0,,0.0,normalDay
2019-03-21,1189.0,33.0,0.0,0,284.73,0.0,1,0.69,0.36,SPY190329P00277000,277.0,0,0.0,0.0,,0.0,normalDay
2019-03-22,1189.0,-74.0,0.0,0,279.25,0.0,1,0.69,1.43,SPY190329P00277000,277.0,0,0.0,0.0,,0.0,normalDay
2019-03-25,1189.0,-45.0,0.0,0,279.04,0.0,1,0.69,1.14,SPY190329P00277000,277.0,0,0.0,0.0,,0.0,normalDay
2019-03-26,1189.0,25.0,0.0,0,281.12,0.0,1,0.69,0.44,SPY190329P00277000,277.0,0,0.0,0.0,,0.0,normalDay
2019-03-27,1189.0,15.0,0.0,0,279.65,0.0,1,0.69,0.54,SPY190329P00277000,277.0,0,0.0,0.0,,0.0,normalDay
2019-03-28,1189.0,59.0,0.0,0,280.71,0.0,1,0.69,0.1,SPY190329P00277000,277.0,0,0.0,0.0,,0.0,normalDay
2019-03-29,1258.0,0.0,69.0,0,282.48,0.0,1,0.69,0.0,SPY190329P00277000,277.0,0,0.0,0.0,,0.0,expirationDay
2019-04-01,1258.0,-3.0,0.0,0,285.83,0.0,1,0.4,0.43,SPY190412P00277500,277.5,0,0.0,0.0,,0.0,normalDay
2019-04-02,1258.0,5.0,0.0,0,285.97,0.0,1,0.4,0.35,SPY190412P00277500,277.5,0,0.0,0.0,,0.0,normalDay
2019-04-03,1258.0,11.0,0.0,0,286.42,0.0,1,0.4,0.29,SPY190412P00277500,277.5,0,0.0,0.0,,0.0,normalDay
2019-04-04,1258.0,23.0,0.0,0,287.18,0.0,1,0.4,0.17,SPY190412P00277500,277.5,0,0.0,0.0,,0.0,normalDay
2019-04-05,1258.0,34.0,0.0,0,288.57,0.0,1,0.4,0.06,SPY190412P00277500,277.5,0,0.0,0.0,,0.0,normalDay
2019-04-08,1258.0,37.0,0.0,0,288.79,0.0,1,0.4,0.03,SPY190412P00277500,277.5,0,0.0,0.0,,0.0,normalDay
2019-04-09,1258.0,36.0,0.0,0,287.31,0.0,1,0.4,0.04,SPY190412P00277500,277.5,0,0.0,0.0,,0.0,normalDay
2019-04-10,1258.0,39.0,0.0,0,288.29,0.0,1,0.4,0.01,SPY190412P00277500,277.5,0,0.0,0.0,,0.0,normalDay
2019-04-11,1258.0,39.0,0.0,0,288.21,0.0,1,0.4,0.01,SPY190412P00277500,277.5,0,0.0,0.0,,0.0,normalDay
2019-04-12,1298.0,0.0,40.0,0,290.16,0.0,1,0.4,0.0,SPY190412P00277500,277.5,0,0.0,0.0,,0.0,expirationDay
2019-04-15,1298.0,-3.0,0.0,0,289.97,0.0,1,0.27,0.3,SPY190426P00281000,281.0,0,0.0,0.0,,0.0,normalDay
2019-04-16,1298.0,1.0,0.0,0,290.16,0.0,1,0.27,0.26,SPY190426P00281000,281.0,0,0.0,0.0,,0.0,normalDay
2019-04-17,1298.0,0.0,0.0,0,289.45,0.0,1,0.27,0.27,SPY190426P00281000,281.0,0,0.0,0.0,,0.0,normalDay
2019-04-18,1298.0,15.0,0.0,0,290.02,0.0,1,0.27,0.12,SPY190426P00281000,281.0,0,0.0,0.0,,0.0,normalDay
2019-04-22,1298.0,22.0,0.0,0,290.27,0.0,1,0.27,0.05,SPY190426P00281000,281.0,0,0.0,0.0,,0.0,normalDay
2019-04-23,1298.0,25.0,0.0,0,292.88,0.0,1,0.27,0.02,SPY190426P00281000,281.0,0,0.0,0.0,,0.0,normalDay
2019-04-24,1298.0,24.0,0.0,0,292.23,0.0,1,0.27,0.03,SPY190426P00281000,281.0,0,0.0,0.0,,0.0,normalDay
2019-04-25,1298.0,25.0,0.0,0,292.05,0.0,1,0.27,0.02,SPY190426P00281000,281.0,0,0.0,0.0,,0.0,normalDay
2019-04-26,1325.0,0.0,27.0,0,293.41,0.0,1,0.27,0.0,SPY190426P00281000,281.0,0,0.0,0.0,,0.0,expirationDay
2019-04-29,1325.0,-3.0,0.0,0,293.87,0.0,1,0.57,0.6,SPY190510P00287000,287.0,0,0.0,0.0,,0.0,normalDay
2019-04-30,1325.0,6.0,0.0,0,294.02,0.0,1,0.57,0.51,SPY190510P00287000,287.0,0,0.0,0.0,,0.0,normalDay
2019-05-01,1325.0,-38.0,0.0,0,291.81,0.0,1,0.57,0.95,SPY190510P00287000,287.0,0,0.0,0.0,,0.0,normalDay
2019-05-02,1325.0,-31.0,0.0,0,291.18,0.0,1,0.57,0.88,SPY190510P00287000,287.0,0,0.0,0.0,,0.0,normalDay
2019-05-03,1325.0,33.0,0.0,0,294.03,0.0,1,0.57,0.24,SPY190510P00287000,287.0,0,0.0,0.0,,0.0,normalDay
2019-05-06,1325.0,9.0,0.0,0,292.82,0.0,1,0.57,0.48,SPY190510P00287000,287.0,0,0.0,0.0,,0.0,normalDay
2019-05-07,1325.0,-139.0,0.0,0,287.93,0.0,1,0.57,1.96,SPY190510P00287000,287.0,0,0.0,0.0,,0.0,normalDay
2019-05-08,1325.0,-124.0,0.0,0,287.53,0.0,1,0.57,1.81,SPY190510P00287000,287.0,0,0.0,0.0,,0.0,normalDay
2019-05-09,1325.0,-145.0,0.0,0,286.66,0.0,1,0.57,2.02,SPY190510P00287000,287.0,0,0.0,0.0,,0.0,normalDay
2019-05-10,1382.0,0.0,57.0,0,288.1,0.0,1,0.57,0.0,SPY190510P00287000,287.0,0,0.0,0.0,,0.0,expirationDay
2019-05-13,1382.0,-7.0,0.0,0,280.86,0.0,1,7.6,7.67,SPY190524P00287500,287.5,0,0.0,0.0,,0.0,normalDay
2019-05-14,1382.0,230.0,0.0,0,283.4,0.0,1,7.6,5.3,SPY190524P00287500,287.5,0,0.0,0.0,,0.0,normalDay
2019-05-15,1382.0,388.0,0.0,0,285.06,0.0,1,7.6,3.72,SPY190524P00287500,287.5,0,0.0,0.0,,0.0,normalDay
2019-05-16,1382.0,536.0,0.0,0,287.7,0.0,1,7.6,2.24,SPY190524P00287500,287.5,0,0.0,0.0,,0.0,normalDay
2019-05-17,1382.0,448.0,0.0,0,285.84,0.0,1,7.6,3.12,SPY190524P00287500,287.5,0,0.0,0.0,,0.0,normalDay
2019-05-20,1382.0,370.0,0.0,0,283.95,0.0,1,7.6,3.9,SPY190524P00287500,287.5,0,0.0,0.0,,0.0,normalDay
2019-05-21,1382.0,563.0,0.0,0,286.51,0.0,1,7.6,1.97,SPY190524P00287500,287.5,0,0.0,0.0,,0.0,normalDay
2019-05-22,1382.0,536.0,0.0,0,285.63,0.0,1,7.6,2.24,SPY190524P00287500,287.5,0,0.0,0.0,,0.0,normalDay
2019-05-23,1382.0,204.0,0.0,0,282.14,0.0,1,7.6,5.56,SPY190524P00287500,287.5,0,0.0,0.0,,0.0,normalDay
2019-05-24,2142.0,-472.0,760.0,100,282.78,287.5,1,7.6,0.0,SPY190524P00287500,287.5,0,0.0,0.0,,0.0,expirationDay
2019-05-28,2142.0,-738.0,0.0,100,280.15,287.5,0,0.0,0.0,,0.0,1,0.03,0.06,SPY190605C00291000,291.0,normalDay
2019-05-29,2142.0,-923.0,0.0,100,278.27,287.5,0,0.0,0.0,,0.0,1,0.03,0.03,SPY190605C00291000,291.0,normalDay
2019-05-30,2142.0,-846.0,0.0,100,279.03,287.5,0,0.0,0.0,,0.0,1,0.03,0.02,SPY190605C00291000,291.0,normalDay
2019-05-31,2142.0,-1221.0,0.0,100,275.27,287.5,0,0.0,0.0,,0.0,1,0.03,0.01,SPY190605C00291000,291.0,normalDay
2019-06-03,2142.0,-1291.0,0.0,100,274.57,287.5,0,0.0,0.0,,0.0,1,0.03,0.01,SPY190605C00291000,291.0,normalDay
2019-06-04,2142.0,-695.0,0.0,100,280.53,287.5,0,0.0,0.0,,0.0,1,0.03,0.01,SPY190605C00291000,291.0,normalDay
2019-06-05,2145.0,-454.0,3.0,100,282.96,287.5,0,0.0,0.0,,0.0,1,0.03,0.0,SPY190605C00291000,291.0,expirationDay
2019-06-06,2145.0,-274.0,0.0,100,284.8,287.5,0,0.0,0.0,,0.0,1,1.27,1.31,SPY190614C00287000,287.0,normalDay
2019-06-07,2145.0,-117.0,0.0,100,287.65,287.5,0,0.0,0.0,,0.0,1,1.27,2.59,SPY190614C00287000,287.0,normalDay
2019-06-10,2145.0,-40.0,0.0,100,288.97,287.5,0,0.0,0.0,,0.0,1,1.27,3.14,SPY190614C00287000,287.0,normalDay
2019-06-11,2145.0,-6.0,0.0,100,288.9,287.5,0,0.0,0.0,,0.0,1,1.27,2.73,SPY190614C00287000,287.0,normalDay
2019-06-12,2145.0,10.0,0.0,100,288.39,287.5,0,0.0,0.0,,0.0,1,1.27,2.06,SPY190614C00287000,287.0,normalDay
2019-06-13,2145.0,49.0,0.0,100,289.58,287.5,0,0.0,0.0,,0.0,1,1.27,2.86,SPY190614C00287000,287.0,normalDay
2019-06-14,2222.0,49.0,77.0,0,289.26,0.0,0,0.0,0.0,,0.0,1,1.27,0.0,SPY190614C00287000,287.0,expirationDay
2019-06-17,2222.0,-3.0,0.0,0,289.37,0.0,1,0.64,0.67,SPY190628P00279000,279.0,0,0.0,0.0,,0.0,normalDay
2019-06-18,2222.0,27.0,0.0,0,292.4,0.0,1,0.64,0.37,SPY190628P00279000,279.0,0,0.0,0.0,,0.0,normalDay
2019-06-19,2222.0,43.0,0.0,0,293.06,0.0,1,0.64,0.21,SPY190628P00279000,279.0,0,0.0,0.0,,0.0,normalDay
2019-06-20,2222.0,49.0,0.0,0,295.86,0.0,1,0.64,0.15,SPY190628P00279000,279.0,0,0.0,0.0,,0.0,normalDay
2019-06-21,2222.0,53.0,0.0,0,294.0,0.0,1,0.64,0.11,SPY190628P00279000,279.0,0,0.0,0.0,,0.0,normalDay
2019-06-24,2222.0,59.0,0.0,0,293.64,0.0,1,0.64,0.05,SPY190628P00279000,279.0,0,0.0,0.0,,0.0,normalDay
2019-06-25,2222.0,58.0,0.0,0,290.76,0.0,1,0.64,0.06,SPY190628P00279000,279.0,0,0.0,0.0,,0.0,normalDay
2019-06-26,2222.0,61.0,0.0,0,290.47,0.0,1,0.64,0.03,SPY190628P00279000,279.0,0,0.0,0.0,,0.0,normalDay
2019-06-27,2222.0,63.0,0.0,0,291.5,0.0,1,0.64,0.01,SPY190628P00279000,279.0,0,0.0,0.0,,0.0,normalDay
2019-06-28,2286.0,0.0,64.0,0,293.0,0.0,1,0.64,0.0,SPY190628P00279000,279.0,0,0.0,0.0,,0.0,expirationDay
2019-07-01,2286.0,-3.0,0.0,0,295.66,0.0,1,0.37,0.4,SPY190712P00286000,286.0,0,0.0,0.0,,0.0,normalDay
2019-07-02,2286.0,16.0,0.0,0,296.43,0.0,1,0.37,0.21,SPY190712P00286000,286.0,0,0.0,0.0,,0.0,normalDay
2019-07-03,2286.0,26.0,0.0,0,298.8,0.0,1,0.37,0.11,SPY190712P00286000,286.0,0,0.0,0.0,,0.0,normalDay
2019-07-05,2286.0,29.0,0.0,0,298.46,0.0,1,0.37,0.08,SPY190712P00286000,286.0,0,0.0,0.0,,0.0,normalDay
2019-07-08,2286.0,32.0,0.0,0,296.82,0.0,1,0.37,0.05,SPY190712P00286000,286.0,0,0.0,0.0,,0.0,normalDay
2019-07-09,2286.0,33.0,0.0,0,297.19,0.0,1,0.37,0.04,SPY190712P00286000,286.0,0,0.0,0.0,,0.0,normalDay
2019-07-10,2286.0,35.0,0.0,0,298.61,0.0,1,0.37,0.02,SPY190712P00286000,286.0,0,0.0,0.0,,0.0,normalDay
2019-07-11,2286.0,36.0,0.0,0,299.31,0.0,1,0.37,0.01,SPY190712P00286000,286.0,0,0.0,0.0,,0.0,normalDay
2019-07-12,2323.0,0.0,37.0,0,300.65,0.0,1,0.37,0.0,SPY190712P00286000,286.0,0,0.0,0.0,,0.0,expirationDay
2019-07-15,2323.0,-3.0,0.0,0,300.75,0.0,1,0.35,0.38,SPY190726P00292000,292.0,0,0.0,0.0,,0.0,normalDay
2019-07-16,2323.0,-9.0,0.0,0,299.78,0.0,1,0.35,0.44,SPY190726P00292000,292.0,0,0.0,0.0,,0.0,normalDay
2019-07-17,2323.0,-32.0,0.0,0,297.74,0.0,1,0.35,0.67,SPY190726P00292000,292.0,0,0.0,0.0,,0.0,normalDay
2019-07-18,2323.0,-8.0,0.0,0,298.83,0.0,1,0.35,0.43,SPY190726P00292000,292.0,0,0.0,0.0,,0.0,normalDay
2019-07-19,2323.0,-18.0,0.0,0,297.17,0.0,1,0.35,0.53,SPY190726P00292000,292.0,0,0.0,0.0,,0.0,normalDay
2019-07-22,2323.0,14.0,0.0,0,297.9,0.0,1,0.35,0.21,SPY190726P00292000,292.0,0,0.0,0.0,,0.0,normalDay
2019-07-23,2323.0,29.0,0.0,0,300.03,0.0,1,0.35,0.06,SPY190726P00292000,292.0,0,0.0,0.0,,0.0,normalDay
2019-07-24,2323.0,32.0,0.0,0,301.44,0.0,1,0.35,0.03,SPY190726P00292000,292.0,0,0.0,0.0,,0.0,normalDay
2019-07-25,2323.0,33.0,0.0,0,300.0,0.0,1,0.35,0.02,SPY190726P00292000,292.0,0,0.0,0.0,,0.0,normalDay
2019-07-26,2358.0,0.0,35.0,0,302.01,0.0,1,0.35,0.0,SPY190726P00292000,292.0,0,0.0,0.0,,0.0,expirationDay
2019-07-29,2358.0,-3.0,0.0,0,301.46,0.0,1,0.9,0.93,SPY190809P00297000,297.0,0,0.0,0.0,,0.0,normalDay
2019-07-30,2358.0,-42.0,0.0,0,300.72,0.0,1,0.9,1.32,SPY190809P00297000,297.0,0,0.0,0.0,,0.0,normalDay
2019-07-31,2358.0,-175.0,0.0,0,297.43,0.0,1,0.9,2.65,SPY190809P00297000,297.0,0,0.0,0.0,,0.0,normalDay
2019-08-01,2358.0,-293.0,0.0,0,294.84,0.0,1,0.9,3.83,SPY190809P00297000,297.0,0,0.0,0.0,,0.0,normalDay
2019-08-02,2358.0,-399.0,0.0,0,292.62,0.0,1,0.9,4.89,SPY190809P00297000,297.0,0,0.0,0.0,,0.0,normalDay
2019-08-05,2358.0,-1286.0,0.0,0,283.82,0.0,1,0.9,13.76,SPY190809P00297000,297.0,0,0.0,0.0,,0.0,normalDay
2019-08-06,2358.0,-838.0,0.0,0,287.8,0.0,1,0.9,9.28,SPY190809P00297000,297.0,0,0.0,0.0,,0.0,normalDay
2019-08-07,2358.0,-823.0,0.0,0,287.97,0.0,1,0.9,9.13,SPY190809P00297000,297.0,0,0.0,0.0,,0.0,normalDay
2019-08-08,2358.0,-252.0,0.0,0,293.62,0.0,1,0.9,3.42,SPY190809P00297000,297.0,0,0.0,0.0,,0.0,normalDay
2019-08-09,2448.0,-538.0,90.0,100,291.62,297.0,1,0.9,0.0,SPY190809P00297000,297.0,0,0.0,0.0,,0.0,expirationDay
2019-08-12,2448.0,-893.0,0.0,100,288.07,297.0,0,0.0,0.0,,0.0,0,0.0,0.0,,0.0,bidTooLow
2019-08-13,2448.0,-448.0,0.0,100,292.55,297.0,0,0.0,0.0,,0.0,1,0.08,0.11,SPY190821C00301000,301.0,normalDay
2019-08-14,2448.0,-1304.0,0.0,100,283.9,297.0,0,0.0,0.0,,0.0,1,0.08,0.02,SPY190821C00301000,301.0,normalDay
2019-08-15,2448.0,-1229.0,0.0,100,284.65,297.0,0,0.0,0.0,,0.0,1,0.08,0.02,SPY190821C00301000,301.0,normalDay
2019-08-16,2448.0,-808.0,0.0,100,288.85,297.0,0,0.0,0.0,,0.0,1,0.08,0.01,SPY190821C00301000,301.0,normalDay
2019-08-19,2448.0,-460.0,0.0,100,292.33,297.0,0,0.0,0.0,,0.0,1,0.08,0.01,SPY190821C00301000,301.0,normalDay
2019-08-20,2448.0,-684.0,0.0,100,290.09,297.0,0,0.0,0.0,,0.0,1,0.08,0.01,SPY190821C00301000,301.0,normalDay
2019-08-21,2456.0,-455.0,8.0,100,292.45,297.0,0,0.0,0.0,,0.0,1,0.08,0.0,SPY190821C00301000,301.0,expirationDay
2019-08-22,2456.0,-467.0,0.0,100,292.36,297.0,0,0.0,0.0,,0.0,1,0.4,0.43,SPY190830C00298000,298.0,normalDay
2019-08-23,2456.0,-1181.0,0.0,100,284.85,297.0,0,0.0,0.0,,0.0,1,0.4,0.06,SPY190830C00298000,298.0,normalDay
2019-08-26,2456.0,-864.0,0.0,100,288.0,297.0,0,0.0,0.0,,0.0,1,0.4,0.04,SPY190830C00298000,298.0,normalDay
2019-08-27,2456.0,-975.0,0.0,100,286.87,297.0,0,0.0,0.0,,0.0,1,0.4,0.02,SPY190830C00298000,298.0,normalDay
2019-08-28,2456.0,-772.0,0.0,100,288.89,297.0,0,0.0,0.0,,0.0,1,0.4,0.01,SPY190830C00298000,298.0,normalDay
2019-08-29,2456.0,-403.0,0.0,100,292.58,297.0,0,0.0,0.0,,0.0,1,0.4,0.01,SPY190830C00298000,298.0,normalDay
2019-08-30,2496.0,-455.0,40.0,100,292.45,297.0,0,0.0,0.0,,0.0,1,0.4,0.0,SPY190830C00298000,298.0,expirationDay
2019-09-03,2496.0,-630.0,0.0,100,290.74,297.0,0,0.0,0.0,,0.0,1,1.69,1.73,SPY190911C00293000,293.0,normalDay
2019-09-04,2496.0,-413.0,0.0,100,294.04,297.0,0,0.0,0.0,,0.0,1,1.69,2.86,SPY190911C00293000,293.0,normalDay
2019-09-05,2496.0,-261.0,0.0,100,297.82,297.0,0,0.0,0.0,,0.0,1,1.69,5.12,SPY190911C00293000,293.0,normalDay
2019-09-06,2496.0,-272.0,0.0,100,298.05,297.0,0,0.0,0.0,,0.0,1,1.69,5.46,SPY190911C00293000,293.0,normalDay
2019-09-09,2496.0,-229.0,0.0,100,298.2,297.0,0,0.0,0.0,,0.0,1,1.69,5.18,SPY190911C00293000,293.0,normalDay
2019-09-10,2496.0,-224.0,0.0,100,298.13,297.0,0,0.0,0.0,,0.0,1,1.69,5.06,SPY190911C00293000,293.0,normalDay
2019-09-11,2265.0,-224.0,-231.0,0,300.25,0.0,0,0.0,0.0,,0.0,1,1.69,0.0,SPY190911C00293000,293.0,expirationDay
2019-09-12,2265.0,-3.0,0.0,0,301.29,0.0,1,0.3,0.33,SPY190923P00288000,288.0,0,0.0,0.0,,0.0,normalDay
2019-09-13,2265.0,4.0,0.0,0,301.09,0.0,1,0.3,0.26,SPY190923P00288000,288.0,0,0.0,0.0,,0.0,normalDay
2019-09-16,2265.0,6.0,0.0,0,300.16,0.0,1,0.3,0.24,SPY190923P00288000,288.0,0,0.0,0.0,,0.0,normalDay
2019-09-17,2265.0,10.0,0.0,0,300.92,0.0,1,0.3,0.2,SPY190923P00288000,288.0,0,0.0,0.0,,0.0,normalDay
2019-09-18,2265.0,15.0,0.0,0,301.1,0.0,1,0.3,0.15,SPY190923P00288000,288.0,0,0.0,0.0,,0.0,normalDay
2019-09-19,2265.0,20.0,0.0,0,301.08,0.0,1,0.3,0.1,SPY190923P00288000,288.0,0,0.0,0.0,,0.0,normalDay
2019-09-20,2265.0,25.0,0.0,0,298.28,0.0,1,0.3,0.05,SPY190923P00288000,288.0,0,0.0,0.0,,0.0,normalDay
2019-09-23,2295.0,0.0,30.0,0,298.21,0.0,1,0.3,0.0,SPY190923P00288000,288.0,0,0.0,0.0,,0.0,expirationDay
2019-09-24,2295.0,-4.0,0.0,0,295.87,0.0,1,1.78,1.82,SPY191004P00292500,292.5,0,0.0,0.0,,0.0,normalDay
2019-09-25,2295.0,64.0,0.0,0,297.62,0.0,1,1.78,1.14,SPY191004P00292500,292.5,0,0.0,0.0,,0.0,normalDay
2019-09-26,2295.0,74.0,0.0,0,297.0,0.0,1,1.78,1.04,SPY191004P00292500,292.5,0,0.0,0.0,,0.0,normalDay
2019-09-27,2295.0,31.0,0.0,0,295.4,0.0,1,1.78,1.47,SPY191004P00292500,292.5,0,0.0,0.0,,0.0,normalDay
2019-09-30,2295.0,122.0,0.0,0,296.77,0.0,1,1.78,0.56,SPY191004P00292500,292.5,0,0.0,0.0,,0.0,normalDay
2019-10-01,2295.0,14.0,0.0,0,293.24,0.0,1,1.78,1.64,SPY191004P00292500,292.5,0,0.0,0.0,,0.0,normalDay
2019-10-02,2295.0,-352.0,0.0,0,288.06,0.0,1,1.78,5.3,SPY191004P00292500,292.5,0,0.0,0.0,,0.0,normalDay
2019-10-03,2295.0,-73.0,0.0,0,290.42,0.0,1,1.78,2.51,SPY191004P00292500,292.5,0,0.0,0.0,,0.0,normalDay
2019-10-04,2473.0,0.0,178.0,0,294.35,0.0,1,1.78,0.0,SPY191004P00292500,292.5,0,0.0,0.0,,0.0,expirationDay
2019-10-07,2473.0,-4.0,0.0,0,293.08,0.0,1,3.34,3.38,SPY191018P00293000,293.0,0,0.0,0.0,,0.0,normalDay
2019-10-08,2473.0,-265.0,0.0,0,288.53,0.0,1,3.34,5.99,SPY191018P00293000,293.0,0,0.0,0.0,,0.0,normalDay
2019-10-09,2473.0,-79.0,0.0,0,291.27,0.0,1,3.34,4.13,SPY191018P00293000,293.0,0,0.0,0.0,,0.0,normalDay
2019-10-10,2473.0,51.0,0.0,0,293.24,0.0,1,3.34,2.83,SPY191018P00293000,293.0,0,0.0,0.0,,0.0,normalDay
2019-10-11,2473.0,206.0,0.0,0,296.28,0.0,1,3.34,1.28,SPY191018P00293000,293.0,0,0.0,0.0,,0.0,normalDay
2019-10-14,2473.0,250.0,0.0,0,295.95,0.0,1,3.34,0.84,SPY191018P00293000,293.0,0,0.0,0.0,,0.0,normalDay
2019-10-15,2473.0,312.0,0.0,0,298.88,0.0,1,3.34,0.22,SPY191018P00293000,293.0,0,0.0,0.0,,0.0,normalDay
2019-10-16,2473.0,320.0,0.0,0,298.4,0.0,1,3.34,0.14,SPY191018P00293000,293.0,0,0.0,0.0,,0.0,normalDay
2019-10-17,2473.0,330.0,0.0,0,299.28,0.0,1,3.34,0.04,SPY191018P00293000,293.0,0,0.0,0.0,,0.0,normalDay
2019-10-18,2807.0,0.0,334.0,0,297.97,0.0,1,3.34,0.0,SPY191018P00293000,293.0,0,0.0,0.0,,0.0,expirationDay
2019-10-21,2807.0,-3.0,0.0,0,299.99,0.0,1,0.61,0.64,SPY191101P00292000,292.0,0,0.0,0.0,,0.0,normalDay
2019-10-22,2807.0,-13.0,0.0,0,299.01,0.0,1,0.61,0.74,SPY191101P00292000,292.0,0,0.0,0.0,,0.0,normalDay
2019-10-23,2807.0,15.0,0.0,0,299.88,0.0,1,0.61,0.46,SPY191101P00292000,292.0,0,0.0,0.0,,0.0,normalDay
2019-10-24,2807.0,30.0,0.0,0,300.37,0.0,1,0.61,0.31,SPY191101P00292000,292.0,0,0.0,0.0,,0.0,normalDay
2019-10-25,2807.0,49.0,0.0,0,301.6,0.0,1,0.61,0.12,SPY191101P00292000,292.0,0,0.0,0.0,,0.0,normalDay
2019-10-28,2807.0,55.0,0.0,0,303.3,0.0,1,0.61,0.06,SPY191101P00292000,292.0,0,0.0,0.0,,0.0,normalDay
2019-10-29,2807.0,56.0,0.0,0,303.21,0.0,1,0.61,0.05,SPY191101P00292000,292.0,0,0.0,0.0,,0.0,normalDay
2019-10-30,2807.0,59.0,0.0,0,304.14,0.0,1,0.61,0.02,SPY191101P00292000,292.0,0,0.0,0.0,,0.0,normalDay
2019-10-31,2807.0,60.0,0.0,0,303.33,0.0,1,0.61,0.01,SPY191101P00292000,292.0,0,0.0,0.0,,0.0,normalDay
2019-11-01,2868.0,0.0,61.0,0,306.14,0.0,1,0.61,0.0,SPY191101P00292000,292.0,0,0.0,0.0,,0.0,expirationDay
2019-11-04,2868.0,-3.0,0.0,0,307.37,0.0,1,0.21,0.24,SPY191115P00295000,295.0,0,0.0,0.0,,0.0,normalDay
2019-11-05,2868.0,0.0,0.0,0,307.03,0.0,1,0.21,0.21,SPY191115P00295000,295.0,0,0.0,0.0,,0.0,normalDay
2019-11-06,2868.0,9.0,0.0,0,307.1,0.0,1,0.21,0.12,SPY191115P00295000,295.0,0,0.0,0.0,,0.0,normalDay
2019-11-07,2868.0,12.0,0.0,0,308.18,0.0,1,0.21,0.09,SPY191115P00295000,295.0,0,0.0,0.0,,0.0,normalDay
2019-11-08,2868.0,17.0,0.0,0,308.94,0.0,1,0.21,0.04,SPY191115P00295000,295.0,0,0.0,0.0,,0.0,normalDay
2019-11-11,2868.0,18.0,0.0,0,308.35,0.0,1,0.21,0.03,SPY191115P00295000,295.0,0,0.0,0.0,,0.0,normalDay
2019-11-12,2868.0,19.0,0.0,0,309.0,0.0,1,0.21,0.02,SPY191115P00295000,295.0,0,0.0,0.0,,0.0,normalDay
2019-11-13,2868.0,19.0,0.0,0,309.1,0.0,1,0.21,0.02,SPY191115P00295000,295.0,0,0.0,0.0,,0.0,normalDay
2019-11-14,2868.0,20.0,0.0,0,309.55,0.0,1,0.21,0.01,SPY191115P00295000,295.0,0,0.0,0.0,,0.0,normalDay
2019-11-15,2889.0,0.0,21.0,0,311.79,0.0,1,0.21,0.0,SPY191115P00295000,295.0,0,0.0,0.0,,0.0,expirationDay
2019-11-18,2889.0,-3.0,0.0,0,312.02,0.0,1,0.27,0.3,SPY191129P00302000,302.0,0,0.0,0.0,,0.0,normalDay
2019-11-19,2889.0,0.0,0.0,0,311.93,0.0,1,0.27,0.27,SPY191129P00302000,302.0,0,0.0,0.0,,0.0,normalDay
2019-11-20,2889.0,-4.0,0.0,0,310.77,0.0,1,0.27,0.31,SPY191129P00302000,302.0,0,0.0,0.0,,0.0,normalDay
2019-11-21,2889.0,2.0,0.0,0,310.27,0.0,1,0.27,0.25,SPY191129P00302000,302.0,0,0.0,0.0,,0.0,normalDay
2019-11-22,2889.0,17.0,0.0,0,310.96,0.0,1,0.27,0.1,SPY191129P00302000,302.0,0,0.0,0.0,,0.0,normalDay
2019-11-25,2889.0,22.0,0.0,0,313.37,0.0,1,0.27,0.05,SPY191129P00302000,302.0,0,0.0,0.0,,0.0,normalDay
2019-11-26,2889.0,24.0,0.0,0,314.08,0.0,1,0.27,0.03,SPY191129P00302000,302.0,0,0.0,0.0,,0.0,normalDay
2019-11-27,2889.0,25.0,0.0,0,315.48,0.0,1,0.27,0.02,SPY191129P00302000,302.0,0,0.0,0.0,,0.0,normalDay
2019-11-29,2916.0,0.0,27.0,0,314.31,0.0,1,0.27,0.0,SPY191129P00302000,302.0,0,0.0,0.0,,0.0,expirationDay
2019-12-02,2916.0,-3.0,0.0,0,311.64,0.0,1,1.65,1.68,SPY191213P00308000,308.0,0,0.0,0.0,,0.0,normalDay
2019-12-03,2916.0,-84.0,0.0,0,309.55,0.0,1,1.65,2.49,SPY191213P00308000,308.0,0,0.0,0.0,,0.0,normalDay
2019-12-04,2916.0,2.0,0.0,0,311.46,0.0,1,1.65,1.63,SPY191213P00308000,308.0,0,0.0,0.0,,0.0,normalDay
2019-12-05,2916.0,55.0,0.0,0,312.02,0.0,1,1.65,1.1,SPY191213P00308000,308.0,0,0.0,0.0,,0.0,normalDay
2019-12-06,2916.0,125.0,0.0,0,314.87,0.0,1,1.65,0.4,SPY191213P00308000,308.0,0,0.0,0.0,,0.0,normalDay
2019-12-09,2916.0,116.0,0.0,0,313.88,0.0,1,1.65,0.49,SPY191213P00308000,308.0,0,0.0,0.0,,0.0,normalDay
2019-12-10,2916.0,134.0,0.0,0,313.53,0.0,1,1.65,0.31,SPY191213P00308000,308.0,0,0.0,0.0,,0.0,normalDay
2019-12-11,2916.0,153.0,0.0,0,314.42,0.0,1,1.65,0.12,SPY191213P00308000,308.0,0,0.0,0.0,,0.0,normalDay
2019-12-12,2916.0,160.0,0.0,0,317.13,0.0,1,1.65,0.05,SPY191213P00308000,308.0,0,0.0,0.0,,0.0,normalDay
2019-12-13,3081.0,0.0,165.0,0,317.32,0.0,1,1.65,0.0,SPY191213P00308000,308.0,0,0.0,0.0,,0.0,expirationDay
2019-12-16,3081.0,-3.0,0.0,0,319.5,0.0,1,0.51,0.54,SPY191227P00311000,311.0,0,0.0,0.0,,0.0,normalDay
2019-12-17,3081.0,7.0,0.0,0,319.57,0.0,1,0.51,0.44,SPY191227P00311000,311.0,0,0.0,0.0,,0.0,normalDay
2019-12-18,3081.0,19.0,0.0,0,319.59,0.0,1,0.51,0.32,SPY191227P00311000,311.0,0,0.0,0.0,,0.0,normalDay
2019-12-19,3081.0,36.0,0.0,0,320.9,0.0,1,0.51,0.15,SPY191227P00311000,311.0,0,0.0,0.0,,0.0,normalDay
2019-12-20,3081.0,43.0,0.0,0,320.73,0.0,1,0.51,0.08,SPY191227P00311000,311.0,0,0.0,0.0,,0.0,normalDay
2019-12-23,3081.0,47.0,0.0,0,321.22,0.0,1,0.51,0.04,SPY191227P00311000,311.0,0,0.0,0.0,,0.0,normalDay
2019-12-24,3081.0,49.0,0.0,0,321.23,0.0,1,0.51,0.02,SPY191227P00311000,311.0,0,0.0,0.0,,0.0,normalDay
2019-12-26,3081.0,50.0,0.0,0,322.94,0.0,1,0.51,0.01,SPY191227P00311000,311.0,0,0.0,0.0,,0.0,normalDay
2019-12-27,3132.0,0.0,51.0,0,322.86,0.0,1,0.51,0.0,SPY191227P00311000,311.0,0,0.0,0.0,,0.0,expirationDay
2019-12-30,3132.0,-3.0,0.0,0,321.08,0.0,1,0.76,0.79,SPY200110P00313000,313.0,0,0.0,0.0,,0.0,normalDay
2019-12-31,3132.0,21.0,0.0,0,321.86,0.0,1,0.76,0.55,SPY200110P00313000,313.0,0,0.0,0.0,,0.0,normalDay
2020-01-02,3132.0,60.0,0.0,0,324.87,0.0,1,0.76,0.16,SPY200110P00313000,313.0,0,0.0,0.0,,0.0,normalDay
2020-01-03,3132.0,46.0,0.0,0,322.41,0.0,1,0.76,0.3,SPY200110P00313000,313.0,0,0.0,0.0,,0.0,normalDay
2020-01-06,3132.0,68.0,0.0,0,323.64,0.0,1,0.76,0.08,SPY200110P00313000,313.0,0,0.0,0.0,,0.0,normalDay
2020-01-07,3132.0,69.0,0.0,0,322.73,0.0,1,0.76,0.07,SPY200110P00313000,313.0,0,0.0,0.0,,0.0,normalDay
2020-01-08,3132.0,69.0,0.0,0,324.45,0.0,1,0.76,0.07,SPY200110P00313000,313.0,0,0.0,0.0,,0.0,normalDay
2020-01-09,3132.0,74.0,0.0,0,326.65,0.0,1,0.76,0.02,SPY200110P00313000,313.0,0,0.0,0.0,,0.0,normalDay
2020-01-10,3208.0,0.0,76.0,0,325.71,0.0,1,0.76,0.0,SPY200110P00313000,313.0,0,0.0,0.0,,0.0,expirationDay
2020-01-13,3208.0,-3.0,0.0,0,327.95,0.0,1,0.38,0.41,SPY200124P00319500,319.5,0,0.0,0.0,,0.0,normalDay
2020-01-14,3208.0,-1.0,0.0,0,327.45,0.0,1,0.38,0.39,SPY200124P00319500,319.5,0,0.0,0.0,,0.0,normalDay
2020-01-15,3208.0,12.0,0.0,0,328.19,0.0,1,0.38,0.26,SPY200124P00319500,319.5,0,0.0,0.0,,0.0,normalDay
2020-01-16,3208.0,24.0,0.0,0,330.92,0.0,1,0.38,0.14,SPY200124P00319500,319.5,0,0.0,0.0,,0.0,normalDay
2020-01-17,3208.0,32.0,0.0,0,331.95,0.0,1,0.38,0.06,SPY200124P00319500,319.5,0,0.0,0.0,,0.0,normalDay
2020-01-21,3208.0,34.0,0.0,0,331.3,0.0,1,0.38,0.04,SPY200124P00319500,319.5,0,0.0,0.0,,0.0,normalDay
2020-01-22,3208.0,36.0,0.0,0,331.34,0.0,1,0.38,0.02,SPY200124P00319500,319.5,0,0.0,0.0,,0.0,normalDay
2020-01-23,3208.0,36.0,0.0,0,331.72,0.0,1,0.38,0.02,SPY200124P00319500,319.5,0,0.0,0.0,,0.0,normalDay
2020-01-24,3246.0,0.0,38.0,0,328.77,0.0,1,0.38,0.0,SPY200124P00319500,319.5,0,0.0,0.0,,0.0,expirationDay
2020-01-27,3246.0,-4.0,0.0,0,323.5,0.0,1,3.96,4.0,SPY200207P00323000,323.0,0,0.0,0.0,,0.0,normalDay
2020-01-28,3246.0,173.0,0.0,0,326.89,0.0,1,3.96,2.23,SPY200207P00323000,323.0,0,0.0,0.0,,0.0,normalDay
2020-01-29,3246.0,179.0,0.0,0,326.62,0.0,1,3.96,2.17,SPY200207P00323000,323.0,0,0.0,0.0,,0.0,normalDay
2020-01-30,3246.0,262.0,0.0,0,327.68,0.0,1,3.96,1.34,SPY200207P00323000,323.0,0,0.0,0.0,,0.0,normalDay
2020-01-31,3246.0,-5.0,0.0,0,321.73,0.0,1,3.96,4.01,SPY200207P00323000,323.0,0,0.0,0.0,,0.0,normalDay
2020-02-03,3246.0,151.0,0.0,0,324.12,0.0,1,3.96,2.45,SPY200207P00323000,323.0,0,0.0,0.0,,0.0,normalDay
2020-02-04,3246.0,350.0,0.0,0,329.06,0.0,1,3.96,0.46,SPY200207P00323000,323.0,0,0.0,0.0,,0.0,normalDay
2020-02-05,3246.0,388.0,0.0,0,332.86,0.0,1,3.96,0.08,SPY200207P00323000,323.0,0,0.0,0.0,,0.0,normalDay
2020-02-06,3246.0,394.0,0.0,0,333.98,0.0,1,3.96,0.02,SPY200207P00323000,323.0,0,0.0,0.0,,0.0,normalDay
2020-02-07,3642.0,0.0,396.0,0,332.2,0.0,1,3.96,0.0,SPY200207P00323000,323.0,0,0.0,0.0,,0.0,expirationDay
2020-02-10,3642.0,-3.0,0.0,0,334.68,0.0,1,0.73,0.76,SPY200221P00326000,326.0,0,0.0,0.0,,0.0,normalDay
2020-02-11,3642.0,10.0,0.0,0,335.26,0.0,1,0.73,0.63,SPY200221P00326000,326.0,0,0.0,0.0,,0.0,normalDay
2020-02-12,3642.0,45.0,0.0,0,337.42,0.0,1,0.73,0.28,SPY200221P00326000,326.0,0,0.0,0.0,,0.0,normalDay
2020-02-13,3642.0,44.0,0.0,0,337.06,0.0,1,0.73,0.29,SPY200221P00326000,326.0,0,0.0,0.0,,0.0,normalDay
2020-02-14,3642.0,57.0,0.0,0,337.6,0.0,1,0.73,0.16,SPY200221P00326000,326.0,0,0.0,0.0,,0.0,normalDay
2020-02-18,3642.0,64.0,0.0,0,336.73,0.0,1,0.73,0.09,SPY200221P00326000,326.0,0,0.0,0.0,,0.0,normalDay
2020-02-19,3642.0,69.0,0.0,0,338.34,0.0,1,0.73,0.04,SPY200221P00326000,326.0,0,0.0,0.0,,0.0,normalDay
2020-02-20,3642.0,70.0,0.0,0,336.95,0.0,1,0.73,0.03,SPY200221P00326000,326.0,0,0.0,0.0,,0.0,normalDay
2020-02-21,3715.0,0.0,73.0,0,333.48,0.0,1,0.73,0.0,SPY200221P00326000,326.0,0,0.0,0.0,,0.0,expirationDay
2020-02-24,3715.0,-8.0,0.0,0,322.42,0.0,1,7.52,7.6,SPY200306P00326000,326.0,0,0.0,0.0,,0.0,normalDay
2020-02-25,3715.0,-641.0,0.0,0,312.65,0.0,1,7.52,13.93,SPY200306P00326000,326.0,0,0.0,0.0,,0.0,normalDay
2020-02-26,3715.0,-822.0,0.0,0,311.5,0.0,1,7.52,15.74,SPY200306P00326000,326.0,0,0.0,0.0,,0.0,normalDay
2020-02-27,3715.0,-2134.0,0.0,0,297.51,0.0,1,7.52,28.86,SPY200306P00326000,326.0,0,0.0,0.0,,0.0,normalDay
2020-02-28,3715.0,-2213.0,0.0,0,296.26,0.0,1,7.52,29.65,SPY200306P00326000,326.0,0,0.0,0.0,,0.0,normalDay
2020-03-02,3715.0,-968.0,0.0,0,309.09,0.0,1,7.52,17.2,SPY200306P00326000,326.0,0,0.0,0.0,,0.0,normalDay
2020-03-03,3715.0,-1716.0,0.0,0,300.24,0.0,1,7.52,24.68,SPY200306P00326000,326.0,0,0.0,0.0,,0.0,normalDay
2020-03-04,3715.0,-679.0,0.0,0,312.86,0.0,1,7.52,14.31,SPY200306P00326000,326.0,0,0.0,0.0,,0.0,normalDay
2020-03-05,3715.0,-1651.0,0.0,0,302.46,0.0,1,7.52,24.03,SPY200306P00326000,326.0,0,0.0,0.0,,0.0,normalDay
2020-03-06,4467.0,-2854.0,752.0,100,297.46,326.0,1,7.52,0.0,SPY200306P00326000,326.0,0,0.0,0.0,,0.0,expirationDay
2020-03-09,4467.0,-5177.0,0.0,100,274.23,326.0,0,0.0,0.0,,0.0,0,0.0,0.0,,0.0,bidTooLow
2020-03-10,4467.0,-3758.0,0.0,100,288.42,326.0,0,0.0,0.0,,0.0,0,0.0,0.0,,0.0,bidTooLow
2020-03-11,4467.0,-5164.0,0.0,100,274.36,326.0,0,0.0,0.0,,0.0,0,0.0,0.0,,0.0,bidTooLow
2020-03-12,4467.0,-7789.0,0.0,100,248.11,326.0,0,0.0,0.0,,0.0,0,0.0,0.0,,0.0,bidTooLow
2020-03-13,4467.0,-5668.0,0.0,100,269.32,326.0,0,0.0,0.0,,0.0,0,0.0,0.0,,0.0,bidTooLow
2020-03-16,4467.0,-8615.0,0.0,100,239.85,326.0,0,0.0,0.0,,0.0,0,0.0,0.0,,0.0,bidTooLow
2020-03-17,4467.0,-7320.0,0.0,100,252.8,326.0,0,0.0,0.0,,0.0,0,0.0,0.0,,0.0,bidTooLow
2020-03-18,4467.0,-8600.0,0.0,100,240.0,326.0,0,0.0,0.0,,0.0,0,0.0,0.0,,0.0,bidTooLow
2020-03-19,4467.0,-8549.0,0.0,100,240.51,326.0,0,0.0,0.0,,0.0,0,0.0,0.0,,0.0,bidTooLow
2020-03-20,4467.0,-9720.0,0.0,100,228.8,326.0,0,0.0,0.0,,0.0,0,0.0,0.0,,0.0,bidTooLow
2020-03-23,4467.0,-10305.0,0.0,100,222.95,326.0,0,0.0,0.0,,0.0,0,0.0,0.0,,0.0,bidTooLow
2020-03-24,4467.0,-8289.0,0.0,100,243.15,326.0,0,0.0,0.0,,0.0,1,0.05,0.09,SPY200401C00306000,306.0,normalDay
2020-03-25,4467.0,-7922.0,0.0,100,246.79,326.0,0,0.0,0.0,,0.0,1,0.05,0.06,SPY200401C00306000,306.0,normalDay
2020-03-26,4467.0,-6482.0,0.0,100,261.2,326.0,0,0.0,0.0,,0.0,1,0.05,0.07,SPY200401C00306000,306.0,normalDay
2020-03-27,4467.0,-7256.0,0.0,100,253.42,326.0,0,0.0,0.0,,0.0,1,0.05,0.03,SPY200401C00306000,306.0,normalDay
2020-03-30,4467.0,-6432.0,0.0,100,261.65,326.0,0,0.0,0.0,,0.0,1,0.05,0.02,SPY200401C00306000,306.0,normalDay
2020-03-31,4467.0,-6821.0,0.0,100,257.75,326.0,0,0.0,0.0,,0.0,1,0.05,0.01,SPY200401C00306000,306.0,normalDay
2020-04-01,4472.0,-7985.0,5.0,100,246.15,326.0,0,0.0,0.0,,0.0,1,0.05,0.0,SPY200401C00306000,306.0,expirationDay
2020-04-02,4472.0,-7421.0,0.0,100,251.83,326.0,0,0.0,0.0,,0.0,1,0.22,0.26,SPY200409C00276000,276.0,normalDay
2020-04-03,4472.0,-7766.0,0.0,100,248.19,326.0,0,0.0,0.0,,0.0,1,0.22,0.07,SPY200409C00276000,276.0,normalDay
2020-04-06,4472.0,-6172.0,0.0,100,264.86,326.0,0,0.0,0.0,,0.0,1,0.22,0.8,SPY200409C00276000,276.0,normalDay
2020-04-07,4472.0,-6128.0,0.0,100,265.13,326.0,0,0.0,0.0,,0.0,1,0.22,0.63,SPY200409C00276000,276.0,normalDay
2020-04-08,4472.0,-5370.0,0.0,100,274.03,326.0,0,0.0,0.0,,0.0,1,0.22,1.95,SPY200409C00276000,276.0,normalDay
2020-04-09,-506.0,-5370.0,-4978.0,0,278.2,0.0,0,0.0,0.0,,0.0,1,0.22,0.0,SPY200409C00276000,276.0,expirationDay
2020-04-13,-506.0,-3.0,0.0,0,275.66,0.0,1,0.62,0.65,SPY200424P00238000,238.0,0,0.0,0.0,,0.0,normalDay
2020-04-14,-506.0,32.0,0.0,0,283.79,0.0,1,0.62,0.3,SPY200424P00238000,238.0,0,0.0,0.0,,0.0,normalDay
2020-04-15,-506.0,23.0,0.0,0,277.76,0.0,1,0.62,0.39,SPY200424P00238000,238.0,0,0.0,0.0,,0.0,normalDay
2020-04-16,-506.0,35.0,0.0,0,279.1,0.0,1,0.62,0.27,SPY200424P00238000,238.0,0,0.0,0.0,,0.0,normalDay
2020-04-17,-506.0,56.0,0.0,0,286.64,0.0,1,0.62,0.06,SPY200424P00238000,238.0,0,0.0,0.0,,0.0,normalDay
2020-04-20,-506.0,56.0,0.0,0,281.59,0.0,1,0.62,0.06,SPY200424P00238000,238.0,0,0.0,0.0,,0.0,normalDay
2020-04-21,-506.0,57.0,0.0,0,273.04,0.0,1,0.62,0.05,SPY200424P00238000,238.0,0,0.0,0.0,,0.0,normalDay
2020-04-22,-506.0,61.0,0.0,0,279.1,0.0,1,0.62,0.01,SPY200424P00238000,238.0,0,0.0,0.0,,0.0,normalDay
2020-04-23,-506.0,61.0,0.0,0,279.08,0.0,1,0.62,0.01,SPY200424P00238000,238.0,0,0.0,0.0,,0.0,normalDay
2020-04-24,-444.0,0.0,62.0,0,282.97,0.0,1,0.62,0.0,SPY200424P00238000,238.0,0,0.0,0.0,,0.0,expirationDay
2020-04-27,-444.0,-4.0,0.0,0,287.05,0.0,1,0.65,0.69,SPY200508P00259000,259.0,0,0.0,0.0,,0.0,normalDay
2020-04-28,-444.0,-9.0,0.0,0,285.73,0.0,1,0.65,0.74,SPY200508P00259000,259.0,0,0.0,0.0,,0.0,normalDay
2020-04-29,-444.0,35.0,0.0,0,293.21,0.0,1,0.65,0.3,SPY200508P00259000,259.0,0,0.0,0.0,,0.0,normalDay
2020-04-30,-444.0,28.0,0.0,0,290.48,0.0,1,0.65,0.37,SPY200508P00259000,259.0,0,0.0,0.0,,0.0,normalDay
2020-05-01,-444.0,18.0,0.0,0,282.79,0.0,1,0.65,0.47,SPY200508P00259000,259.0,0,0.0,0.0,,0.0,normalDay
2020-05-04,-444.0,51.0,0.0,0,283.57,0.0,1,0.65,0.14,SPY200508P00259000,259.0,0,0.0,0.0,,0.0,normalDay
2020-05-05,-444.0,59.0,0.0,0,286.19,0.0,1,0.65,0.06,SPY200508P00259000,259.0,0,0.0,0.0,,0.0,normalDay
2020-05-06,-444.0,62.0,0.0,0,284.25,0.0,1,0.65,0.03,SPY200508P00259000,259.0,0,0.0,0.0,,0.0,normalDay
2020-05-07,-444.0,64.0,0.0,0,287.68,0.0,1,0.65,0.01,SPY200508P00259000,259.0,0,0.0,0.0,,0.0,normalDay
2020-05-08,-379.0,0.0,65.0,0,292.44,0.0,1,0.65,0.0,SPY200508P00259000,259.0,0,0.0,0.0,,0.0,expirationDay
2020-05-11,-379.0,-4.0,0.0,0,292.5,0.0,1,1.55,1.59,SPY200522P00279000,279.0,0,0.0,0.0,,0.0,normalDay
2020-05-12,-379.0,-192.0,0.0,0,286.67,0.0,1,1.55,3.47,SPY200522P00279000,279.0,0,0.0,0.0,,0.0,normalDay
2020-05-13,-379.0,-288.0,0.0,0,281.6,0.0,1,1.55,4.43,SPY200522P00279000,279.0,0,0.0,0.0,,0.0,normalDay
2020-05-14,-379.0,-144.0,0.0,0,284.97,0.0,1,1.55,2.99,SPY200522P00279000,279.0,0,0.0,0.0,,0.0,normalDay
2020-05-15,-379.0,-78.0,0.0,0,286.28,0.0,1,1.55,2.33,SPY200522P00279000,279.0,0,0.0,0.0,,0.0,normalDay
2020-05-18,-379.0,119.0,0.0,0,295.0,0.0,1,1.55,0.36,SPY200522P00279000,279.0,0,0.0,0.0,,0.0,normalDay
2020-05-19,-379.0,124.0,0.0,0,291.97,0.0,1,1.55,0.31,SPY200522P00279000,279.0,0,0.0,0.0,,0.0,normalDay
2020-05-20,-379.0,151.0,0.0,0,296.93,0.0,1,1.55,0.04,SPY200522P00279000,279.0,0,0.0,0.0,,0.0,normalDay
2020-05-21,-379.0,153.0,0.0,0,294.88,0.0,1,1.55,0.02,SPY200522P00279000,279.0,0,0.0,0.0,,0.0,normalDay
2020-05-22,-224.0,0.0,155.0,0,295.44,0.0,1,1.55,0.0,SPY200522P00279000,279.0,0,0.0,0.0,,0.0,expirationDay
2020-05-26,-224.0,-4.0,0.0,0,299.08,0.0,1,1.1,1.14,SPY200605P00284000,284.0,0,0.0,0.0,,0.0,normalDay
2020-05-27,-224.0,43.0,0.0,0,303.53,0.0,1,1.1,0.67,SPY200605P00284000,284.0,0,0.0,0.0,,0.0,normalDay
2020-05-28,-224.0,49.0,0.0,0,302.97,0.0,1,1.1,0.61,SPY200605P00284000,284.0,0,0.0,0.0,,0.0,normalDay
2020-05-29,-224.0,82.0,0.0,0,304.32,0.0,1,1.1,0.28,SPY200605P00284000,284.0,0,0.0,0.0,,0.0,normalDay
2020-06-01,-224.0,98.0,0.0,0,305.55,0.0,1,1.1,0.12,SPY200605P00284000,284.0,0,0.0,0.0,,0.0,normalDay
2020-06-02,-224.0,106.0,0.0,0,308.08,0.0,1,1.1,0.04,SPY200605P00284000,284.0,0,0.0,0.0,,0.0,normalDay
2020-06-03,-224.0,108.0,0.0,0,312.18,0.0,1,1.1,0.02,SPY200605P00284000,284.0,0,0.0,0.0,,0.0,normalDay
2020-06-04,-224.0,109.0,0.0,0,311.36,0.0,1,1.1,0.01,SPY200605P00284000,284.0,0,0.0,0.0,,0.0,normalDay
2020-06-05,-114.0,0.0,110.0,0,319.34,0.0,1,1.1,0.0,SPY200605P00284000,284.0,0,0.0,0.0,,0.0,expirationDay
2020-06-08,-114.0,-3.0,0.0,0,323.2,0.0,1,0.3,0.33,SPY200619P00288000,288.0,0,0.0,0.0,,0.0,normalDay
2020-06-09,-114.0,-8.0,0.0,0,320.79,0.0,1,0.3,0.38,SPY200619P00288000,288.0,0,0.0,0.0,,0.0,normalDay
2020-06-10,-114.0,-7.0,0.0,0,319.0,0.0,1,0.3,0.37,SPY200619P00288000,288.0,0,0.0,0.0,,0.0,normalDay
2020-06-11,-114.0,-308.0,0.0,0,300.61,0.0,1,0.3,3.38,SPY200619P00288000,288.0,0,0.0,0.0,,0.0,normalDay
2020-06-12,-114.0,-150.0,0.0,0,304.21,0.0,1,0.3,1.8,SPY200619P00288000,288.0,0,0.0,0.0,,0.0,normalDay
2020-06-15,-114.0,-38.0,0.0,0,307.05,0.0,1,0.3,0.68,SPY200619P00288000,288.0,0,0.0,0.0,,0.0,normalDay
2020-06-16,-114.0,10.0,0.0,0,312.96,0.0,1,0.3,0.2,SPY200619P00288000,288.0,0,0.0,0.0,,0.0,normalDay
2020-06-17,-114.0,22.0,0.0,0,311.66,0.0,1,0.3,0.08,SPY200619P00288000,288.0,0,0.0,0.0,,0.0,normalDay
2020-06-18,-114.0,25.0,0.0,0,311.78,0.0,1,0.3,0.05,SPY200619P00288000,288.0,0,0.0,0.0,,0.0,normalDay
2020-06-19,-84.0,0.0,30.0,0,308.64,0.0,1,0.3,0.0,SPY200619P00288000,288.0,0,0.0,0.0,,0.0,expirationDay
2020-06-22,-84.0,-5.0,0.0,0,310.62,0.0,1,3.26,3.31,SPY200702P00303000,303.0,0,0.0,0.0,,0.0,normalDay
2020-06-23,-84.0,54.0,0.0,0,312.05,0.0,1,3.26,2.72,SPY200702P00303000,303.0,0,0.0,0.0,,0.0,normalDay
2020-06-24,-84.0,-178.0,0.0,0,304.09,0.0,1,3.26,5.04,SPY200702P00303000,303.0,0,0.0,0.0,,0.0,normalDay
2020-06-25,-84.0,14.0,0.0,0,307.35,0.0,1,3.26,3.12,SPY200702P00303000,303.0,0,0.0,0.0,,0.0,normalDay
2020-06-26,-84.0,-222.0,0.0,0,300.05,0.0,1,3.26,5.48,SPY200702P00303000,303.0,0,0.0,0.0,,0.0,normalDay
2020-06-29,-84.0,54.0,0.0,0,304.46,0.0,1,3.26,2.72,SPY200702P00303000,303.0,0,0.0,0.0,,0.0,normalDay
2020-06-30,-84.0,221.0,0.0,0,308.36,0.0,1,3.26,1.05,SPY200702P00303000,303.0,0,0.0,0.0,,0.0,normalDay
2020-07-01,-84.0,301.0,0.0,0,310.52,0.0,1,3.26,0.25,SPY200702P00303000,303.0,0,0.0,0.0,,0.0,normalDay
2020-07-02,242.0,0.0,326.0,0,312.23,0.0,1,3.26,0.0,SPY200702P00303000,303.0,0,0.0,0.0,,0.0,expirationDay
2020-07-06,242.0,-3.0,0.0,0,317.05,0.0,1,1.68,1.71,SPY200717P00304000,304.0,0,0.0,0.0,,0.0,normalDay
2020-07-07,242.0,-58.0,0.0,0,313.78,0.0,1,1.68,2.26,SPY200717P00304000,304.0,0,0.0,0.0,,0.0,normalDay
2020-07-08,242.0,35.0,0.0,0,316.18,0.0,1,1.68,1.33,SPY200717P00304000,304.0,0,0.0,0.0,,0.0,normalDay
2020-07-09,242.0,10.0,0.0,0,314.38,0.0,1,1.68,1.58,SPY200717P00304000,304.0,0,0.0,0.0,,0.0,normalDay
2020-07-10,242.0,108.0,0.0,0,317.59,0.0,1,1.68,0.6,SPY200717P00304000,304.0,0,0.0,0.0,,0.0,normalDay
2020-07-13,242.0,56.0,0.0,0,314.84,0.0,1,1.68,1.12,SPY200717P00304000,304.0,0,0.0,0.0,,0.0,normalDay
2020-07-14,242.0,131.0,0.0,0,318.92,0.0,1,1.68,0.37,SPY200717P00304000,304.0,0,0.0,0.0,,0.0,normalDay
2020-07-15,242.0,162.0,0.0,0,321.85,0.0,1,1.68,0.06,SPY200717P00304000,304.0,0,0.0,0.0,,0.0,normalDay
2020-07-16,242.0,163.0,0.0,0,320.79,0.0,1,1.68,0.05,SPY200717P00304000,304.0,0,0.0,0.0,,0.0,normalDay
2020-07-17,410.0,0.0,168.0,0,321.72,0.0,1,1.68,0.0,SPY200717P00304000,304.0,0,0.0,0.0,,0.0,expirationDay
2020-07-20,410.0,-4.0,0.0,0,324.32,0.0,1,0.88,0.92,SPY200731P00307000,307.0,0,0.0,0.0,,0.0,normalDay
2020-07-21,410.0,8.0,0.0,0,325.01,0.0,1,0.88,0.8,SPY200731P00307000,307.0,0,0.0,0.0,,0.0,normalDay
2020-07-22,410.0,35.0,0.0,0,326.86,0.0,1,0.88,0.53,SPY200731P00307000,307.0,0,0.0,0.0,,0.0,normalDay
2020-07-23,410.0,1.0,0.0,0,322.96,0.0,1,0.88,0.87,SPY200731P00307000,307.0,0,0.0,0.0,,0.0,normalDay
2020-07-24,410.0,33.0,0.0,0,320.88,0.0,1,0.88,0.55,SPY200731P00307000,307.0,0,0.0,0.0,,0.0,normalDay
2020-07-27,410.0,70.0,0.0,0,323.22,0.0,1,0.88,0.18,SPY200731P00307000,307.0,0,0.0,0.0,,0.0,normalDay
2020-07-28,410.0,67.0,0.0,0,321.17,0.0,1,0.88,0.21,SPY200731P00307000,307.0,0,0.0,0.0,,0.0,normalDay
2020-07-29,410.0,83.0,0.0,0,325.12,0.0,1,0.88,0.05,SPY200731P00307000,307.0,0,0.0,0.0,,0.0,normalDay
2020-07-30,410.0,84.0,0.0,0,323.96,0.0,1,0.88,0.04,SPY200731P00307000,307.0,0,0.0,0.0,,0.0,normalDay
2020-07-31,498.0,0.0,88.0,0,326.52,0.0,1,0.88,0.0,SPY200731P00307000,307.0,0,0.0,0.0,,0.0,expirationDay
2020-08-03,498.0,-4.0,0.0,0,328.79,0.0,1,1.34,1.38,SPY200814P00317000,317.0,0,0.0,0.0,,0.0,normalDay
2020-08-04,498.0,31.0,0.0,0,330.06,0.0,1,1.34,1.03,SPY200814P00317000,317.0,0,0.0,0.0,,0.0,normalDay
2020-08-05,498.0,72.0,0.0,0,332.11,0.0,1,1.34,0.62,SPY200814P00317000,317.0,0,0.0,0.0,,0.0,normalDay
2020-08-06,498.0,89.0,0.0,0,334.33,0.0,1,1.34,0.45,SPY200814P00317000,317.0,0,0.0,0.0,,0.0,normalDay
2020-08-07,498.0,109.0,0.0,0,334.57,0.0,1,1.34,0.25,SPY200814P00317000,317.0,0,0.0,0.0,,0.0,normalDay
2020-08-10,498.0,123.0,0.0,0,335.57,0.0,1,1.34,0.11,SPY200814P00317000,317.0,0,0.0,0.0,,0.0,normalDay
2020-08-11,498.0,112.0,0.0,0,332.8,0.0,1,1.34,0.22,SPY200814P00317000,317.0,0,0.0,0.0,,0.0,normalDay
2020-08-12,498.0,130.0,0.0,0,337.44,0.0,1,1.34,0.04,SPY200814P00317000,317.0,0,0.0,0.0,,0.0,normalDay
2020-08-13,498.0,131.0,0.0,0,336.83,0.0,1,1.34,0.03,SPY200814P00317000,317.0,0,0.0,0.0,,0.0,normalDay
2020-08-14,632.0,0.0,134.0,0,336.84,0.0,1,1.34,0.0,SPY200814P00317000,317.0,0,0.0,0.0,,0.0,expirationDay
2020-08-17,632.0,-4.0,0.0,0,337.91,0.0,1,0.81,0.85,SPY200828P00324000,324.0,0,0.0,0.0,,0.0,normalDay
2020-08-18,632.0,10.0,0.0,0,338.64,0.0,1,0.81,0.71,SPY200828P00324000,324.0,0,0.0,0.0,,0.0,normalDay
2020-08-19,632.0,-3.0,0.0,0,337.23,0.0,1,0.81,0.84,SPY200828P00324000,324.0,0,0.0,0.0,,0.0,normalDay
2020-08-20,632.0,23.0,0.0,0,338.28,0.0,1,0.81,0.58,SPY200828P00324000,324.0,0,0.0,0.0,,0.0,normalDay
2020-08-21,632.0,50.0,0.0,0,339.48,0.0,1,0.81,0.31,SPY200828P00324000,324.0,0,0.0,0.0,,0.0,normalDay
2020-08-24,632.0,70.0,0.0,0,342.92,0.0,1,0.81,0.11,SPY200828P00324000,324.0,0,0.0,0.0,,0.0,normalDay
2020-08-25,632.0,75.0,0.0,0,344.12,0.0,1,0.81,0.06,SPY200828P00324000,324.0,0,0.0,0.0,,0.0,normalDay
2020-08-26,632.0,75.0,0.0,0,347.57,0.0,1,0.81,0.06,SPY200828P00324000,324.0,0,0.0,0.0,,0.0,normalDay
2020-08-27,632.0,79.0,0.0,0,348.33,0.0,1,0.81,0.02,SPY200828P00324000,324.0,0,0.0,0.0,,0.0,normalDay
2020-08-28,713.0,0.0,81.0,0,350.58,0.0,1,0.81,0.0,SPY200828P00324000,324.0,0,0.0,0.0,,0.0,expirationDay
2020-08-31,713.0,-3.0,0.0,0,349.31,0.0,1,0.94,0.97,SPY200911P00333000,333.0,0,0.0,0.0,,0.0,normalDay
2020-09-01,713.0,34.0,0.0,0,352.6,0.0,1,0.94,0.6,SPY200911P00333000,333.0,0,0.0,0.0,,0.0,normalDay
2020-09-02,713.0,56.0,0.0,0,357.7,0.0,1,0.94,0.38,SPY200911P00333000,333.0,0,0.0,0.0,,0.0,normalDay
2020-09-03,713.0,-79.0,0.0,0,345.39,0.0,1,0.94,1.73,SPY200911P00333000,333.0,0,0.0,0.0,,0.0,normalDay
2020-09-04,713.0,-116.0,0.0,0,342.57,0.0,1,0.94,2.1,SPY200911P00333000,333.0,0,0.0,0.0,,0.0,normalDay
2020-09-08,713.0,-307.0,0.0,0,333.21,0.0,1,0.94,4.01,SPY200911P00333000,333.0,0,0.0,0.0,,0.0,normalDay
2020-09-09,713.0,-26.0,0.0,0,339.79,0.0,1,0.94,1.2,SPY200911P00333000,333.0,0,0.0,0.0,,0.0,normalDay
2020-09-10,713.0,-87.0,0.0,0,333.89,0.0,1,0.94,1.81,SPY200911P00333000,333.0,0,0.0,0.0,,0.0,normalDay
2020-09-11,807.0,0.0,94.0,0,334.06,0.0,1,0.94,0.0,SPY200911P00333000,333.0,0,0.0,0.0,,0.0,expirationDay
2020-09-14,807.0,-6.0,0.0,0,338.46,0.0,1,4.56,4.62,SPY200925P00336000,336.0,0,0.0,0.0,,0.0,normalDay
2020-09-15,807.0,95.0,0.0,0,340.17,0.0,1,4.56,3.61,SPY200925P00336000,336.0,0,0.0,0.0,,0.0,normalDay
2020-09-16,807.0,65.0,0.0,0,338.82,0.0,1,4.56,3.91,SPY200925P00336000,336.0,0,0.0,0.0,,0.0,normalDay
2020-09-17,807.0,-39.0,0.0,0,335.84,0.0,1,4.56,4.95,SPY200925P00336000,336.0,0,0.0,0.0,,0.0,normalDay
2020-09-18,807.0,-239.0,0.0,0,330.65,0.0,1,4.56,6.95,SPY200925P00336000,336.0,0,0.0,0.0,,0.0,normalDay
2020-09-21,807.0,-463.0,0.0,0,326.97,0.0,1,4.56,9.19,SPY200925P00336000,336.0,0,0.0,0.0,,0.0,normalDay
2020-09-22,807.0,-200.0,0.0,0,330.3,0.0,1,4.56,6.56,SPY200925P00336000,336.0,0,0.0,0.0,,0.0,normalDay
2020-09-23,807.0,-878.0,0.0,0,322.64,0.0,1,4.56,13.34,SPY200925P00336000,336.0,0,0.0,0.0,,0.0,normalDay
2020-09-24,807.0,-769.0,0.0,0,323.5,0.0,1,4.56,12.25,SPY200925P00336000,336.0,0,0.0,0.0,,0.0,normalDay
2020-09-25,1263.0,-727.0,456.0,100,328.73,336.0,1,4.56,0.0,SPY200925P00336000,336.0,0,0.0,0.0,,0.0,expirationDay
2020-09-28,1263.0,-184.0,0.0,100,334.19,336.0,0,0.0,0.0,,0.0,1,0.27,0.3,SPY201005C00347000,347.0,normalDay
2020-09-29,1263.0,-359.0,0.0,100,332.37,336.0,0,0.0,0.0,,0.0,1,0.27,0.23,SPY201005C00347000,347.0,normalDay
2020-09-30,1263.0,-100.0,0.0,100,334.89,336.0,0,0.0,0.0,,0.0,1,0.27,0.16,SPY201005C00347000,347.0,normalDay
2020-10-01,1263.0,110.0,0.0,100,337.04,336.0,0,0.0,0.0,,0.0,1,0.27,0.21,SPY201005C00347000,347.0,normalDay
2020-10-02,1263.0,-191.0,0.0,100,333.84,336.0,0,0.0,0.0,,0.0,1,0.27,0.02,SPY201005C00347000,347.0,normalDay
2020-10-05,1290.0,376.0,27.0,100,339.76,336.0,0,0.0,0.0,,0.0,1,0.27,0.0,SPY201005C00347000,347.0,expirationDay
2020-10-06,1290.0,-114.0,0.0,100,334.93,336.0,0,0.0,0.0,,0.0,1,2.52,2.59,SPY201014C00339000,339.0,normalDay
2020-10-07,1290.0,271.0,0.0,100,340.76,336.0,0,0.0,0.0,,0.0,1,2.52,4.57,SPY201014C00339000,339.0,normalDay
2020-10-08,1290.0,426.0,0.0,100,343.78,336.0,0,0.0,0.0,,0.0,1,2.52,6.04,SPY201014C00339000,339.0,normalDay
2020-10-09,1290.0,485.0,0.0,100,346.85,336.0,0,0.0,0.0,,0.0,1,2.52,8.52,SPY201014C00339000,339.0,normalDay
2020-10-12,1290.0,511.0,0.0,100,352.43,336.0,0,0.0,0.0,,0.0,1,2.52,13.84,SPY201014C00339000,339.0,normalDay
2020-10-13,1290.0,532.0,0.0,100,350.13,336.0,0,0.0,0.0,,0.0,1,2.52,11.33,SPY201014C00339000,339.0,normalDay
2020-10-14,1842.0,532.0,552.0,0,347.93,0.0,0,0.0,0.0,,0.0,1,2.52,0.0,SPY201014C00339000,339.0,expirationDay
2020-10-15,1842.0,-4.0,0.0,0,347.5,0.0,1,0.5,0.54,SPY201026P00328000,328.0,0,0.0,0.0,,0.0,normalDay
2020-10-16,1842.0,5.0,0.0,0,347.29,0.0,1,0.5,0.45,SPY201026P00328000,328.0,0,0.0,0.0,,0.0,normalDay
2020-10-19,1842.0,-11.0,0.0,0,342.01,0.0,1,0.5,0.61,SPY201026P00328000,328.0,0,0.0,0.0,,0.0,normalDay
2020-10-20,1842.0,14.0,0.0,0,343.38,0.0,1,0.5,0.36,SPY201026P00328000,328.0,0,0.0,0.0,,0.0,normalDay
2020-10-21,1842.0,32.0,0.0,0,342.73,0.0,1,0.5,0.18,SPY201026P00328000,328.0,0,0.0,0.0,,0.0,normalDay
2020-10-22,1842.0,43.0,0.0,0,344.61,0.0,1,0.5,0.07,SPY201026P00328000,328.0,0,0.0,0.0,,0.0,normalDay
2020-10-23,1842.0,47.0,0.0,0,345.78,0.0,1,0.5,0.03,SPY201026P00328000,328.0,0,0.0,0.0,,0.0,normalDay
2020-10-26,1892.0,0.0,50.0,0,339.39,0.0,1,0.5,0.0,SPY201026P00328000,328.0,0,0.0,0.0,,0.0,expirationDay
2020-10-27,1892.0,-8.0,0.0,0,338.22,0.0,1,7.27,7.35,SPY201106P00337500,337.5,0,0.0,0.0,,0.0,normalDay
2020-10-28,1892.0,-818.0,0.0,0,326.66,0.0,1,7.27,15.45,SPY201106P00337500,337.5,0,0.0,0.0,,0.0,normalDay
2020-10-29,1892.0,-435.0,0.0,0,329.98,0.0,1,7.27,11.62,SPY201106P00337500,337.5,0,0.0,0.0,,0.0,normalDay
2020-10-30,1892.0,-593.0,0.0,0,326.54,0.0,1,7.27,13.2,SPY201106P00337500,337.5,0,0.0,0.0,,0.0,normalDay
2020-11-02,1892.0,-279.0,0.0,0,330.2,0.0,1,7.27,10.06,SPY201106P00337500,337.5,0,0.0,0.0,,0.0,normalDay
2020-11-03,1892.0,17.0,0.0,0,336.03,0.0,1,7.27,7.1,SPY201106P00337500,337.5,0,0.0,0.0,,0.0,normalDay
2020-11-04,1892.0,570.0,0.0,0,343.54,0.0,1,7.27,1.57,SPY201106P00337500,337.5,0,0.0,0.0,,0.0,normalDay
2020-11-05,1892.0,716.0,0.0,0,350.24,0.0,1,7.27,0.11,SPY201106P00337500,337.5,0,0.0,0.0,,0.0,normalDay
2020-11-06,2619.0,0.0,727.0,0,350.16,0.0,1,7.27,0.0,SPY201106P00337500,337.5,0,0.0,0.0,,0.0,expirationDay
2020-11-09,2619.0,-4.0,0.0,0,354.56,0.0,1,1.07,1.11,SPY201120P00334000,334.0,0,0.0,0.0,,0.0,normalDay
2020-11-10,2619.0,17.0,0.0,0,354.04,0.0,1,1.07,0.9,SPY201120P00334000,334.0,0,0.0,0.0,,0.0,normalDay
2020-11-11,2619.0,58.0,0.0,0,356.67,0.0,1,1.07,0.49,SPY201120P00334000,334.0,0,0.0,0.0,,0.0,normalDay
2020-11-12,2619.0,30.0,0.0,0,353.21,0.0,1,1.07,0.77,SPY201120P00334000,334.0,0,0.0,0.0,,0.0,normalDay
2020-11-13,2619.0,77.0,0.0,0,358.1,0.0,1,1.07,0.3,SPY201120P00334000,334.0,0,0.0,0.0,,0.0,normalDay
2020-11-16,2619.0,99.0,0.0,0,362.57,0.0,1,1.07,0.08,SPY201120P00334000,334.0,0,0.0,0.0,,0.0,normalDay
2020-11-17,2619.0,101.0,0.0,0,360.62,0.0,1,1.07,0.06,SPY201120P00334000,334.0,0,0.0,0.0,,0.0,normalDay
2020-11-18,2619.0,101.0,0.0,0,356.28,0.0,1,1.07,0.06,SPY201120P00334000,334.0,0,0.0,0.0,,0.0,normalDay
2020-11-19,2619.0,104.0,0.0,0,357.78,0.0,1,1.07,0.03,SPY201120P00334000,334.0,0,0.0,0.0,,0.0,normalDay
2020-11-20,2726.0,0.0,107.0,0,355.33,0.0,1,1.07,0.0,SPY201120P00334000,334.0,0,0.0,0.0,,0.0,expirationDay
2020-11-23,2726.0,-3.0,0.0,0,357.46,0.0,1,0.57,0.6,SPY201204P00336000,336.0,0,0.0,0.0,,0.0,normalDay
2020-11-24,2726.0,32.0,0.0,0,363.22,0.0,1,0.57,0.25,SPY201204P00336000,336.0,0,0.0,0.0,,0.0,normalDay
2020-11-25,2726.0,37.0,0.0,0,362.66,0.0,1,0.57,0.2,SPY201204P00336000,336.0,0,0.0,0.0,,0.0,normalDay
2020-11-27,2726.0,46.0,0.0,0,363.67,0.0,1,0.57,0.11,SPY201204P00336000,336.0,0,0.0,0.0,,0.0,normalDay
2020-11-30,2726.0,50.0,0.0,0,362.06,0.0,1,0.57,0.07,SPY201204P00336000,336.0,0,0.0,0.0,,0.0,normalDay
2020-12-01,2726.0,53.0,0.0,0,366.02,0.0,1,0.57,0.04,SPY201204P00336000,336.0,0,0.0,0.0,,0.0,normalDay
2020-12-02,2726.0,54.0,0.0,0,366.79,0.0,1,0.57,0.03,SPY201204P00336000,336.0,0,0.0,0.0,,0.0,normalDay
2020-12-03,2726.0,55.0,0.0,0,366.69,0.0,1,0.57,0.02,SPY201204P00336000,336.0,0,0.0,0.0,,0.0,normalDay
2020-12-04,2783.0,0.0,57.0,0,369.85,0.0,1,0.57,0.0,SPY201204P00336000,336.0,0,0.0,0.0,,0.0,expirationDay
2020-12-07,2783.0,-4.0,0.0,0,369.09,0.0,1,1.38,1.42,SPY201218P00356000,356.0,0,0.0,0.0,,0.0,normalDay
2020-12-08,2783.0,40.0,0.0,0,370.17,0.0,1,1.38,0.98,SPY201218P00356000,356.0,0,0.0,0.0,,0.0,normalDay
2020-12-09,2783.0,-15.0,0.0,0,366.85,0.0,1,1.38,1.53,SPY201218P00356000,356.0,0,0.0,0.0,,0.0,normalDay
2020-12-10,2783.0,7.0,0.0,0,366.73,0.0,1,1.38,1.31,SPY201218P00356000,356.0,0,0.0,0.0,,0.0,normalDay
2020-12-11,2783.0,10.0,0.0,0,366.3,0.0,1,1.38,1.28,SPY201218P00356000,356.0,0,0.0,0.0,,0.0,normalDay
2020-12-14,2783.0,12.0,0.0,0,364.66,0.0,1,1.38,1.26,SPY201218P00356000,356.0,0,0.0,0.0,,0.0,normalDay
2020-12-15,2783.0,91.0,0.0,0,369.59,0.0,1,1.38,0.47,SPY201218P00356000,356.0,0,0.0,0.0,,0.0,normalDay
2020-12-16,2783.0,117.0,0.0,0,370.17,0.0,1,1.38,0.21,SPY201218P00356000,356.0,0,0.0,0.0,,0.0,normalDay
2020-12-17,2783.0,127.0,0.0,0,372.24,0.0,1,1.38,0.11,SPY201218P00356000,356.0,0,0.0,0.0,,0.0,normalDay
2020-12-18,2921.0,0.0,138.0,0,369.18,0.0,1,1.38,0.0,SPY201218P00356000,356.0,0,0.0,0.0,,0.0,expirationDay
2020-12-21,2921.0,-5.0,0.0,0,367.86,0.0,1,2.83,2.88,SPY201231P00363000,363.0,0,0.0,0.0,,0.0,normalDay
2020-12-22,2921.0,26.0,0.0,0,367.24,0.0,1,2.83,2.57,SPY201231P00363000,363.0,0,0.0,0.0,,0.0,normalDay
2020-12-23,2921.0,92.0,0.0,0,367.57,0.0,1,2.83,1.91,SPY201231P00363000,363.0,0,0.0,0.0,,0.0,normalDay
2020-12-24,2921.0,174.0,0.0,0,369.0,0.0,1,2.83,1.09,SPY201231P00363000,363.0,0,0.0,0.0,,0.0,normalDay
2020-12-28,2921.0,260.0,0.0,0,372.17,0.0,1,2.83,0.23,SPY201231P00363000,363.0,0,0.0,0.0,,0.0,normalDay
2020-12-29,2921.0,260.0,0.0,0,371.46,0.0,1,2.83,0.23,SPY201231P00363000,363.0,0,0.0,0.0,,0.0,normalDay
2020-12-30,2921.0,274.0,0.0,0,371.99,0.0,1,2.83,0.09,SPY201231P00363000,363.0,0,0.0,0.0,,0.0,normalDay
2020-12-31,3204.0,0.0,283.0,0,373.88,0.0,1,2.83,0.0,SPY201231P00363000,363.0,0,0.0,0.0,,0.0,expirationDay
2021-01-04,3204.0,-4.0,0.0,0,368.79,0.0,1,4.8,4.84,SPY210115P00367000,367.0,0,0.0,0.0,,0.0,normalDay
2021-01-05,3204.0,124.0,0.0,0,371.33,0.0,1,4.8,3.56,SPY210115P00367000,367.0,0,0.0,0.0,,0.0,normalDay
2021-01-06,3204.0,195.0,0.0,0,373.55,0.0,1,4.8,2.85,SPY210115P00367000,367.0,0,0.0,0.0,,0.0,normalDay
2021-01-07,3204.0,381.0,0.0,0,379.1,0.0,1,4.8,0.99,SPY210115P00367000,367.0,0,0.0,0.0,,0.0,normalDay
2021-01-08,3204.0,420.0,0.0,0,381.26,0.0,1,4.8,0.6,SPY210115P00367000,367.0,0,0.0,0.0,,0.0,normalDay
2021-01-11,3204.0,416.0,0.0,0,378.69,0.0,1,4.8,0.64,SPY210115P00367000,367.0,0,0.0,0.0,,0.0,normalDay
2021-01-12,3204.0,443.0,0.0,0,378.77,0.0,1,4.8,0.37,SPY210115P00367000,367.0,0,0.0,0.0,,0.0,normalDay
2021-01-13,3204.0,466.0,0.0,0,379.79,0.0,1,4.8,0.14,SPY210115P00367000,367.0,0,0.0,0.0,,0.0,normalDay
2021-01-14,3204.0,470.0,0.0,0,378.46,0.0,1,4.8,0.1,SPY210115P00367000,367.0,0,0.0,0.0,,0.0,normalDay
2021-01-15,3684.0,0.0,480.0,0,375.7,0.0,1,4.8,0.0,SPY210115P00367000,367.0,0,0.0,0.0,,0.0,expirationDay
2021-01-19,3684.0,-4.0,0.0,0,378.65,0.0,1,2.04,2.08,SPY210129P00369000,369.0,0,0.0,0.0,,0.0,normalDay
2021-01-20,3684.0,113.0,0.0,0,383.89,0.0,1,2.04,0.91,SPY210129P00369000,369.0,0,0.0,0.0,,0.0,normalDay
2021-01-21,3684.0,137.0,0.0,0,384.24,0.0,1,2.04,0.67,SPY210129P00369000,369.0,0,0.0,0.0,,0.0,normalDay
2021-01-22,3684.0,148.0,0.0,0,382.88,0.0,1,2.04,0.56,SPY210129P00369000,369.0,0,0.0,0.0,,0.0,normalDay
2021-01-25,3684.0,172.0,0.0,0,384.39,0.0,1,2.04,0.32,SPY210129P00369000,369.0,0,0.0,0.0,,0.0,normalDay
2021-01-26,3684.0,184.0,0.0,0,383.79,0.0,1,2.04,0.2,SPY210129P00369000,369.0,0,0.0,0.0,,0.0,normalDay
2021-01-27,3684.0,-34.0,0.0,0,374.41,0.0,1,2.04,2.38,SPY210129P00369000,369.0,0,0.0,0.0,,0.0,normalDay
2021-01-28,3684.0,170.0,0.0,0,377.63,0.0,1,2.04,0.34,SPY210129P00369000,369.0,0,0.0,0.0,,0.0,normalDay
2021-01-29,3888.0,0.0,204.0,0,370.07,0.0,1,2.04,0.0,SPY210129P00369000,369.0,0,0.0,0.0,,0.0,expirationDay
2021-02-01,3888.0,-7.0,0.0,0,376.23,0.0,1,5.26,5.33,SPY210212P00373000,373.0,0,0.0,0.0,,0.0,normalDay
2021-02-02,3888.0,295.0,0.0,0,381.55,0.0,1,5.26,2.31,SPY210212P00373000,373.0,0,0.0,0.0,,0.0,normalDay
2021-02-03,3888.0,366.0,0.0,0,381.85,0.0,1,5.26,1.6,SPY210212P00373000,373.0,0,0.0,0.0,,0.0,normalDay
2021-02-04,3888.0,446.0,0.0,0,386.19,0.0,1,5.26,0.8,SPY210212P00373000,373.0,0,0.0,0.0,,0.0,normalDay
2021-02-05,3888.0,490.0,0.0,0,387.71,0.0,1,5.26,0.36,SPY210212P00373000,373.0,0,0.0,0.0,,0.0,normalDay
2021-02-08,3888.0,513.0,0.0,0,390.51,0.0,1,5.26,0.13,SPY210212P00373000,373.0,0,0.0,0.0,,0.0,normalDay
2021-02-09,3888.0,517.0,0.0,0,390.25,0.0,1,5.26,0.09,SPY210212P00373000,373.0,0,0.0,0.0,,0.0,normalDay
2021-02-10,3888.0,518.0,0.0,0,390.08,0.0,1,5.26,0.08,SPY210212P00373000,373.0,0,0.0,0.0,,0.0,normalDay
2021-02-11,3888.0,524.0,0.0,0,390.71,0.0,1,5.26,0.02,SPY210212P00373000,373.0,0,0.0,0.0,,0.0,normalDay
2021-02-12,4414.0,0.0,526.0,0,392.64,0.0,1,5.26,0.0,SPY210212P00373000,373.0,0,0.0,0.0,,0.0,expirationDay
2021-02-16,4414.0,-3.0,0.0,0,392.3,0.0,1,1.09,1.12,SPY210226P00377500,377.5,0,0.0,0.0,,0.0,normalDay
2021-02-17,4414.0,22.0,0.0,0,392.39,0.0,1,1.09,0.87,SPY210226P00377500,377.5,0,0.0,0.0,,0.0,normalDay
2021-02-18,4414.0,10.0,0.0,0,390.72,0.0,1,1.09,0.99,SPY210226P00377500,377.5,0,0.0,0.0,,0.0,normalDay
2021-02-19,4414.0,42.0,0.0,0,390.03,0.0,1,1.09,0.67,SPY210226P00377500,377.5,0,0.0,0.0,,0.0,normalDay
2021-02-22,4414.0,32.0,0.0,0,387.03,0.0,1,1.09,0.77,SPY210226P00377500,377.5,0,0.0,0.0,,0.0,normalDay
2021-02-23,4414.0,52.0,0.0,0,387.5,0.0,1,1.09,0.57,SPY210226P00377500,377.5,0,0.0,0.0,,0.0,normalDay
2021-02-24,4414.0,99.0,0.0,0,391.77,0.0,1,1.09,0.1,SPY210226P00377500,377.5,0,0.0,0.0,,0.0,normalDay
2021-02-25,4414.0,21.0,0.0,0,382.33,0.0,1,1.09,0.88,SPY210226P00377500,377.5,0,0.0,0.0,,0.0,normalDay
2021-02-26,4523.0,0.0,109.0,0,380.36,0.0,1,1.09,0.0,SPY210226P00377500,377.5,0,0.0,0.0,,0.0,expirationDay
2021-03-01,4523.0,-5.0,0.0,0,389.58,0.0,1,2.96,3.01,SPY210312P00383000,383.0,0,0.0,0.0,,0.0,normalDay
2021-03-02,4523.0,-96.0,0.0,0,386.54,0.0,1,2.96,3.92,SPY210312P00383000,383.0,0,0.0,0.0,,0.0,normalDay
2021-03-03,4523.0,-319.0,0.0,0,381.42,0.0,1,2.96,6.15,SPY210312P00383000,383.0,0,0.0,0.0,,0.0,normalDay
2021-03-04,4523.0,-581.0,0.0,0,376.7,0.0,1,2.96,8.77,SPY210312P00383000,383.0,0,0.0,0.0,,0.0,normalDay
2021-03-05,4523.0,-130.0,0.0,0,383.63,0.0,1,2.96,4.26,SPY210312P00383000,383.0,0,0.0,0.0,,0.0,normalDay
2021-03-08,4523.0,-157.0,0.0,0,381.72,0.0,1,2.96,4.53,SPY210312P00383000,383.0,0,0.0,0.0,,0.0,normalDay
2021-03-09,4523.0,113.0,0.0,0,387.17,0.0,1,2.96,1.83,SPY210312P00383000,383.0,0,0.0,0.0,,0.0,normalDay
2021-03-10,4523.0,244.0,0.0,0,389.58,0.0,1,2.96,0.52,SPY210312P00383000,383.0,0,0.0,0.0,,0.0,normalDay
2021-03-11,4523.0,290.0,0.0,0,393.53,0.0,1,2.96,0.06,SPY210312P00383000,383.0,0,0.0,0.0,,0.0,normalDay
2021-03-12,4819.0,0.0,296.0,0,394.06,0.0,1,2.96,0.0,SPY210312P00383000,383.0,0,0.0,0.0,,0.0,expirationDay
2021-03-15,4819.0,-4.0,0.0,0,396.41,0.0,1,1.21,1.25,SPY210326P00382500,382.5,0,0.0,0.0,,0.0,normalDay
2021-03-16,4819.0,-3.0,0.0,0,395.91,0.0,1,1.21,1.24,SPY210326P00382500,382.5,0,0.0,0.0,,0.0,normalDay
2021-03-17,4819.0,37.0,0.0,0,397.26,0.0,1,1.21,0.84,SPY210326P00382500,382.5,0,0.0,0.0,,0.0,normalDay
2021-03-18,4819.0,-43.0,0.0,0,391.48,0.0,1,1.21,1.64,SPY210326P00382500,382.5,0,0.0,0.0,,0.0,normalDay
2021-03-19,4819.0,-22.0,0.0,0,389.48,0.0,1,1.21,1.43,SPY210326P00382500,382.5,0,0.0,0.0,,0.0,normalDay
2021-03-22,4819.0,83.0,0.0,0,392.59,0.0,1,1.21,0.38,SPY210326P00382500,382.5,0,0.0,0.0,,0.0,normalDay
2021-03-23,4819.0,58.0,0.0,0,389.5,0.0,1,1.21,0.63,SPY210326P00382500,382.5,0,0.0,0.0,,0.0,normalDay
2021-03-24,4819.0,56.0,0.0,0,387.52,0.0,1,1.21,0.65,SPY210326P00382500,382.5,0,0.0,0.0,,0.0,normalDay
2021-03-25,4819.0,108.0,0.0,0,389.7,0.0,1,1.21,0.13,SPY210326P00382500,382.5,0,0.0,0.0,,0.0,normalDay
2021-03-26,4940.0,0.0,121.0,0,395.98,0.0,1,1.21,0.0,SPY210326P00382500,382.5,0,0.0,0.0,,0.0,expirationDay
2021-03-29,4940.0,-4.0,0.0,0,395.78,0.0,1,1.5,1.54,SPY210409P00384000,384.0,0,0.0,0.0,,0.0,normalDay
2021-03-30,4940.0,12.0,0.0,0,394.73,0.0,1,1.5,1.38,SPY210409P00384000,384.0,0,0.0,0.0,,0.0,normalDay
2021-03-31,4940.0,69.0,0.0,0,396.33,0.0,1,1.5,0.81,SPY210409P00384000,384.0,0,0.0,0.0,,0.0,normalDay
2021-04-01,4940.0,128.0,0.0,0,400.61,0.0,1,1.5,0.22,SPY210409P00384000,384.0,0,0.0,0.0,,0.0,normalDay
2021-04-05,4940.0,142.0,0.0,0,406.36,0.0,1,1.5,0.08,SPY210409P00384000,384.0,0,0.0,0.0,,0.0,normalDay
2021-04-06,4940.0,144.0,0.0,0,406.12,0.0,1,1.5,0.06,SPY210409P00384000,384.0,0,0.0,0.0,,0.0,normalDay
2021-04-07,4940.0,148.0,0.0,0,406.59,0.0,1,1.5,0.02,SPY210409P00384000,384.0,0,0.0,0.0,,0.0,normalDay
2021-04-08,4940.0,149.0,0.0,0,408.52,0.0,1,1.5,0.01,SPY210409P00384000,384.0,0,0.0,0.0,,0.0,normalDay
2021-04-09,5090.0,0.0,150.0,0,411.49,0.0,1,1.5,0.0,SPY210409P00384000,384.0,0,0.0,0.0,,0.0,expirationDay
2021-04-12,5090.0,-3.0,0.0,0,411.64,0.0,1,0.33,0.36,SPY210423P00391000,391.0,0,0.0,0.0,,0.0,normalDay
2021-04-13,5090.0,7.0,0.0,0,412.86,0.0,1,0.33,0.26,SPY210423P00391000,391.0,0,0.0,0.0,,0.0,normalDay
2021-04-14,5090.0,6.0,0.0,0,411.45,0.0,1,0.33,0.27,SPY210423P00391000,391.0,0,0.0,0.0,,0.0,normalDay
2021-04-15,5090.0,16.0,0.0,0,415.87,0.0,1,0.33,0.17,SPY210423P00391000,391.0,0,0.0,0.0,,0.0,normalDay
2021-04-16,5090.0,26.0,0.0,0,417.26,0.0,1,0.33,0.07,SPY210423P00391000,391.0,0,0.0,0.0,,0.0,normalDay
2021-04-19,5090.0,29.0,0.0,0,415.21,0.0,1,0.33,0.04,SPY210423P00391000,391.0,0,0.0,0.0,,0.0,normalDay
2021-04-20,5090.0,28.0,0.0,0,412.17,0.0,1,0.33,0.05,SPY210423P00391000,391.0,0,0.0,0.0,,0.0,normalDay
2021-04-21,5090.0,31.0,0.0,0,416.07,0.0,1,0.33,0.02,SPY210423P00391000,391.0,0,0.0,0.0,,0.0,normalDay
2021-04-22,5090.0,31.0,0.0,0,412.27,0.0,1,0.33,0.02,SPY210423P00391000,391.0,0,0.0,0.0,,0.0,normalDay
2021-04-23,5123.0,0.0,33.0,0,416.74,0.0,1,0.33,0.0,SPY210423P00391000,391.0,0,0.0,0.0,,0.0,expirationDay
2021-04-26,5123.0,-4.0,0.0,0,417.61,0.0,1,0.7,0.74,SPY210507P00402000,402.0,0,0.0,0.0,,0.0,normalDay
2021-04-27,5123.0,4.0,0.0,0,417.52,0.0,1,0.7,0.66,SPY210507P00402000,402.0,0,0.0,0.0,,0.0,normalDay
2021-04-28,5123.0,27.0,0.0,0,417.4,0.0,1,0.7,0.43,SPY210507P00402000,402.0,0,0.0,0.0,,0.0,normalDay
2021-04-29,5123.0,41.0,0.0,0,420.06,0.0,1,0.7,0.29,SPY210507P00402000,402.0,0,0.0,0.0,,0.0,normalDay
2021-04-30,5123.0,37.0,0.0,0,417.3,0.0,1,0.7,0.33,SPY210507P00402000,402.0,0,0.0,0.0,,0.0,normalDay
2021-05-03,5123.0,55.0,0.0,0,418.2,0.0,1,0.7,0.15,SPY210507P00402000,402.0,0,0.0,0.0,,0.0,normalDay
2021-05-04,5123.0,52.0,0.0,0,415.62,0.0,1,0.7,0.18,SPY210507P00402000,402.0,0,0.0,0.0,,0.0,normalDay
2021-05-05,5123.0,60.0,0.0,0,415.75,0.0,1,0.7,0.1,SPY210507P00402000,402.0,0,0.0,0.0,,0.0,normalDay
2021-05-06,5123.0,66.0,0.0,0,419.07,0.0,1,0.7,0.04,SPY210507P00402000,402.0,0,0.0,0.0,,0.0,normalDay
2021-05-07,5193.0,0.0,70.0,0,422.12,0.0,1,0.7,0.0,SPY210507P00402000,402.0,0,0.0,0.0,,0.0,expirationDay
2021-05-10,5193.0,-4.0,0.0,0,417.94,0.0,1,3.29,3.33,SPY210521P00414000,414.0,0,0.0,0.0,,0.0,normalDay
2021-05-11,5193.0,-158.0,0.0,0,414.21,0.0,1,3.29,4.87,SPY210521P00414000,414.0,0,0.0,0.0,,0.0,normalDay
2021-05-12,5193.0,-737.0,0.0,0,405.41,0.0,1,3.29,10.66,SPY210521P00414000,414.0,0,0.0,0.0,,0.0,normalDay
2021-05-13,5193.0,-336.0,0.0,0,410.28,0.0,1,3.29,6.65,SPY210521P00414000,414.0,0,0.0,0.0,,0.0,normalDay
2021-05-14,5193.0,101.0,0.0,0,416.58,0.0,1,3.29,2.28,SPY210521P00414000,414.0,0,0.0,0.0,,0.0,normalDay
2021-05-17,5193.0,107.0,0.0,0,415.52,0.0,1,3.29,2.22,SPY210521P00414000,414.0,0,0.0,0.0,,0.0,normalDay
2021-05-18,5193.0,-54.0,0.0,0,411.94,0.0,1,3.29,3.83,SPY210521P00414000,414.0,0,0.0,0.0,,0.0,normalDay
2021-05-19,5193.0,-96.0,0.0,0,410.86,0.0,1,3.29,4.25,SPY210521P00414000,414.0,0,0.0,0.0,,0.0,normalDay
2021-05-20,5193.0,233.0,0.0,0,415.28,0.0,1,3.29,0.96,SPY210521P00414000,414.0,0,0.0,0.0,,0.0,normalDay
2021-05-21,5522.0,0.0,329.0,0,414.94,0.0,1,3.29,0.0,SPY210521P00414000,414.0,0,0.0,0.0,,0.0,expirationDay
2021-05-24,5522.0,-3.0,0.0,0,419.17,0.0,1,1.59,1.62,SPY210604P00412000,412.0,0,0.0,0.0,,0.0,normalDay
2021-05-25,5522.0,-23.0,0.0,0,418.24,0.0,1,1.59,1.82,SPY210604P00412000,412.0,0,0.0,0.0,,0.0,normalDay
2021-05-26,5522.0,37.0,0.0,0,419.07,0.0,1,1.59,1.22,SPY210604P00412000,412.0,0,0.0,0.0,,0.0,normalDay
2021-05-27,5522.0,82.0,0.0,0,419.29,0.0,1,1.59,0.77,SPY210604P00412000,412.0,0,0.0,0.0,,0.0,normalDay
2021-05-28,5522.0,106.0,0.0,0,420.04,0.0,1,1.59,0.53,SPY210604P00412000,412.0,0,0.0,0.0,,0.0,normalDay
2021-06-01,5522.0,128.0,0.0,0,419.67,0.0,1,1.59,0.31,SPY210604P00412000,412.0,0,0.0,0.0,,0.0,normalDay
2021-06-02,5522.0,149.0,0.0,0,420.33,0.0,1,1.59,0.1,SPY210604P00412000,412.0,0,0.0,0.0,,0.0,normalDay
2021-06-03,5522.0,148.0,0.0,0,418.77,0.0,1,1.59,0.11,SPY210604P00412000,412.0,0,0.0,0.0,,0.0,normalDay
2021-06-04,5681.0,0.0,159.0,0,422.6,0.0,1,1.59,0.0,SPY210604P00412000,412.0,0,0.0,0.0,,0.0,expirationDay
2021-06-07,5681.0,-3.0,0.0,0,422.19,0.0,1,1.2,1.23,SPY210618P00412000,412.0,0,0.0,0.0,,0.0,normalDay
2021-06-08,5681.0,-16.0,0.0,0,422.28,0.0,1,1.2,1.36,SPY210618P00412000,412.0,0,0.0,0.0,,0.0,normalDay
2021-06-09,5681.0,-35.0,0.0,0,421.65,0.0,1,1.2,1.55,SPY210618P00412000,412.0,0,0.0,0.0,,0.0,normalDay
2021-06-10,5681.0,47.0,0.0,0,423.61,0.0,1,1.2,0.73,SPY210618P00412000,412.0,0,0.0,0.0,,0.0,normalDay
2021-06-11,5681.0,68.0,0.0,0,424.31,0.0,1,1.2,0.52,SPY210618P00412000,412.0,0,0.0,0.0,,0.0,normalDay
2021-06-14,5681.0,85.0,0.0,0,425.26,0.0,1,1.2,0.35,SPY210618P00412000,412.0,0,0.0,0.0,,0.0,normalDay
2021-06-15,5681.0,76.0,0.0,0,424.48,0.0,1,1.2,0.44,SPY210618P00412000,412.0,0,0.0,0.0,,0.0,normalDay
2021-06-16,5681.0,60.0,0.0,0,422.11,0.0,1,1.2,0.6,SPY210618P00412000,412.0,0,0.0,0.0,,0.0,normalDay
2021-06-17,5681.0,99.0,0.0,0,421.97,0.0,1,1.2,0.21,SPY210618P00412000,412.0,0,0.0,0.0,,0.0,normalDay
2021-06-18,5801.0,0.0,120.0,0,414.92,0.0,1,1.2,0.0,SPY210618P00412000,412.0,0,0.0,0.0,,0.0,expirationDay
2021-06-21,5801.0,-4.0,0.0,0,420.86,0.0,1,2.83,2.87,SPY210702P00419000,419.0,0,0.0,0.0,,0.0,normalDay
2021-06-22,5801.0,94.0,0.0,0,423.11,0.0,1,2.83,1.89,SPY210702P00419000,419.0,0,0.0,0.0,,0.0,normalDay
2021-06-23,5801.0,117.0,0.0,0,422.6,0.0,1,2.83,1.66,SPY210702P00419000,419.0,0,0.0,0.0,,0.0,normalDay
2021-06-24,5801.0,187.0,0.0,0,425.1,0.0,1,2.83,0.96,SPY210702P00419000,419.0,0,0.0,0.0,,0.0,normalDay
2021-06-25,5801.0,226.0,0.0,0,426.61,0.0,1,2.83,0.57,SPY210702P00419000,419.0,0,0.0,0.0,,0.0,normalDay
2021-06-28,5801.0,256.0,0.0,0,427.47,0.0,1,2.83,0.27,SPY210702P00419000,419.0,0,0.0,0.0,,0.0,normalDay
2021-06-29,5801.0,266.0,0.0,0,427.7,0.0,1,2.83,0.17,SPY210702P00419000,419.0,0,0.0,0.0,,0.0,normalDay
2021-06-30,5801.0,275.0,0.0,0,428.06,0.0,1,2.83,0.08,SPY210702P00419000,419.0,0,0.0,0.0,,0.0,normalDay
2021-07-01,5801.0,279.0,0.0,0,430.43,0.0,1,2.83,0.04,SPY210702P00419000,419.0,0,0.0,0.0,,0.0,normalDay
2021-07-02,6084.0,0.0,283.0,0,433.72,0.0,1,2.83,0.0,SPY210702P00419000,419.0,0,0.0,0.0,,0.0,expirationDay
2021-07-06,6084.0,-3.0,0.0,0,432.93,0.0,1,0.89,0.92,SPY210716P00421000,421.0,0,0.0,0.0,,0.0,normalDay
2021-07-07,6084.0,25.0,0.0,0,434.46,0.0,1,0.89,0.64,SPY210716P00421000,421.0,0,0.0,0.0,,0.0,normalDay
2021-07-08,6084.0,-56.0,0.0,0,430.92,0.0,1,0.89,1.45,SPY210716P00421000,421.0,0,0.0,0.0,,0.0,normalDay
2021-07-09,6084.0,48.0,0.0,0,435.52,0.0,1,0.89,0.41,SPY210716P00421000,421.0,0,0.0,0.0,,0.0,normalDay
2021-07-12,6084.0,72.0,0.0,0,437.08,0.0,1,0.89,0.17,SPY210716P00421000,421.0,0,0.0,0.0,,0.0,normalDay
2021-07-13,6084.0,70.0,0.0,0,435.59,0.0,1,0.89,0.19,SPY210716P00421000,421.0,0,0.0,0.0,,0.0,normalDay
2021-07-14,6084.0,82.0,0.0,0,436.24,0.0,1,0.89,0.07,SPY210716P00421000,421.0,0,0.0,0.0,,0.0,normalDay
2021-07-15,6084.0,84.0,0.0,0,434.75,0.0,1,0.89,0.05,SPY210716P00421000,421.0,0,0.0,0.0,,0.0,normalDay
2021-07-16,6173.0,0.0,89.0,0,431.34,0.0,1,0.89,0.0,SPY210716P00421000,421.0,0,0.0,0.0,,0.0,expirationDay
2021-07-19,6173.0,-6.0,0.0,0,424.97,0.0,1,5.41,5.47,SPY210730P00425000,425.0,0,0.0,0.0,,0.0,normalDay
2021-07-20,6173.0,277.0,0.0,0,431.06,0.0,1,5.41,2.64,SPY210730P00425000,425.0,0,0.0,0.0,,0.0,normalDay
2021-07-21,6173.0,422.0,0.0,0,434.55,0.0,1,5.41,1.19,SPY210730P00425000,425.0,0,0.0,0.0,,0.0,normalDay
2021-07-22,6173.0,457.0,0.0,0,435.46,0.0,1,5.41,0.84,SPY210730P00425000,425.0,0,0.0,0.0,,0.0,normalDay
2021-07-23,6173.0,511.0,0.0,0,439.94,0.0,1,5.41,0.3,SPY210730P00425000,425.0,0,0.0,0.0,,0.0,normalDay
2021-07-26,6173.0,529.0,0.0,0,441.02,0.0,1,5.41,0.12,SPY210730P00425000,425.0,0,0.0,0.0,,0.0,normalDay
2021-07-27,6173.0,515.0,0.0,0,439.01,0.0,1,5.41,0.26,SPY210730P00425000,425.0,0,0.0,0.0,,0.0,normalDay
2021-07-28,6173.0,533.0,0.0,0,438.83,0.0,1,5.41,0.08,SPY210730P00425000,425.0,0,0.0,0.0,,0.0,normalDay
2021-07-29,6173.0,539.0,0.0,0,440.65,0.0,1,5.41,0.02,SPY210730P00425000,425.0,0,0.0,0.0,,0.0,normalDay
2021-07-30,6714.0,0.0,541.0,0,438.51,0.0,1,5.41,0.0,SPY210730P00425000,425.0,0,0.0,0.0,,0.0,expirationDay
2021-08-02,6714.0,-4.0,0.0,0,437.59,0.0,1,2.38,2.42,SPY210813P00432000,432.0,0,0.0,0.0,,0.0,normalDay
2021-08-03,6714.0,117.0,0.0,0,441.15,0.0,1,2.38,1.21,SPY210813P00432000,432.0,0,0.0,0.0,,0.0,normalDay
2021-08-04,6714.0,105.0,0.0,0,438.98,0.0,1,2.38,1.33,SPY210813P00432000,432.0,0,0.0,0.0,,0.0,normalDay
2021-08-05,6714.0,159.0,0.0,0,441.76,0.0,1,2.38,0.79,SPY210813P00432000,432.0,0,0.0,0.0,,0.0,normalDay
2021-08-06,6714.0,207.0,0.0,0,442.49,0.0,1,2.38,0.31,SPY210813P00432000,432.0,0,0.0,0.0,,0.0,normalDay
2021-08-09,6714.0,216.0,0.0,0,442.13,0.0,1,2.38,0.22,SPY210813P00432000,432.0,0,0.0,0.0,,0.0,normalDay
2021-08-10,6714.0,219.0,0.0,0,442.68,0.0,1,2.38,0.19,SPY210813P00432000,432.0,0,0.0,0.0,,0.0,normalDay
2021-08-11,6714.0,230.0,0.0,0,443.78,0.0,1,2.38,0.08,SPY210813P00432000,432.0,0,0.0,0.0,,0.0,normalDay
2021-08-12,6714.0,233.0,0.0,0,445.11,0.0,1,2.38,0.05,SPY210813P00432000,432.0,0,0.0,0.0,,0.0,normalDay
2021-08-13,6952.0,0.0,238.0,0,445.92,0.0,1,2.38,0.0,SPY210813P00432000,432.0,0,0.0,0.0,,0.0,expirationDay
2021-08-16,6952.0,-3.0,0.0,0,446.97,0.0,1,0.94,0.97,SPY210827P00436000,436.0,0,0.0,0.0,,0.0,normalDay
2021-08-17,6952.0,-90.0,0.0,0,444.04,0.0,1,0.94,1.84,SPY210827P00436000,436.0,0,0.0,0.0,,0.0,normalDay
2021-08-18,6952.0,-279.0,0.0,0,439.18,0.0,1,0.94,3.73,SPY210827P00436000,436.0,0,0.0,0.0,,0.0,normalDay
2021-08-19,6952.0,-214.0,0.0,0,439.86,0.0,1,0.94,3.08,SPY210827P00436000,436.0,0,0.0,0.0,,0.0,normalDay
2021-08-20,6952.0,-21.0,0.0,0,443.36,0.0,1,0.94,1.15,SPY210827P00436000,436.0,0,0.0,0.0,,0.0,normalDay
2021-08-23,6952.0,71.0,0.0,0,447.26,0.0,1,0.94,0.23,SPY210827P00436000,436.0,0,0.0,0.0,,0.0,normalDay
2021-08-24,6952.0,79.0,0.0,0,447.97,0.0,1,0.94,0.15,SPY210827P00436000,436.0,0,0.0,0.0,,0.0,normalDay
2021-08-25,6952.0,87.0,0.0,0,448.91,0.0,1,0.94,0.07,SPY210827P00436000,436.0,0,0.0,0.0,,0.0,normalDay
2021-08-26,6952.0,85.0,0.0,0,446.26,0.0,1,0.94,0.09,SPY210827P00436000,436.0,0,0.0,0.0,,0.0,normalDay
2021-08-27,7046.0,0.0,94.0,0,450.25,0.0,1,0.94,0.0,SPY210827P00436000,436.0,0,0.0,0.0,,0.0,expirationDay
2021-08-30,7046.0,-3.0,0.0,0,452.23,0.0,1,0.75,0.78,SPY210910P00441000,441.0,0,0.0,0.0,,0.0,normalDay
2021-08-31,7046.0,-5.0,0.0,0,451.56,0.0,1,0.75,0.8,SPY210910P00441000,441.0,0,0.0,0.0,,0.0,normalDay
2021-09-01,7046.0,14.0,0.0,0,451.8,0.0,1,0.75,0.61,SPY210910P00441000,441.0,0,0.0,0.0,,0.0,normalDay
2021-09-02,7046.0,22.0,0.0,0,453.19,0.0,1,0.75,0.53,SPY210910P00441000,441.0,0,0.0,0.0,,0.0,normalDay
2021-09-03,7046.0,45.0,0.0,0,453.08,0.0,1,0.75,0.3,SPY210910P00441000,441.0,0,0.0,0.0,,0.0,normalDay
2021-09-07,7046.0,50.0,0.0,0,451.46,0.0,1,0.75,0.25,SPY210910P00441000,441.0,0,0.0,0.0,,0.0,normalDay
2021-09-08,7046.0,62.0,0.0,0,450.91,0.0,1,0.75,0.13,SPY210910P00441000,441.0,0,0.0,0.0,,0.0,normalDay
2021-09-09,7046.0,65.0,0.0,0,448.98,0.0,1,0.75,0.1,SPY210910P00441000,441.0,0,0.0,0.0,,0.0,normalDay
2021-09-10,7121.0,0.0,75.0,0,445.44,0.0,1,0.75,0.0,SPY210910P00441000,441.0,0,0.0,0.0,,0.0,expirationDay
2021-09-13,7121.0,-4.0,0.0,0,446.58,0.0,1,3.94,3.98,SPY210924P00444000,444.0,0,0.0,0.0,,0.0,normalDay
2021-09-14,7121.0,-90.0,0.0,0,444.17,0.0,1,3.94,4.84,SPY210924P00444000,444.0,0,0.0,0.0,,0.0,normalDay
2021-09-15,7121.0,128.0,0.0,0,447.88,0.0,1,3.94,2.66,SPY210924P00444000,444.0,0,0.0,0.0,,0.0,normalDay
2021-09-16,7121.0,108.0,0.0,0,447.17,0.0,1,3.94,2.86,SPY210924P00444000,444.0,0,0.0,0.0,,0.0,normalDay
2021-09-17,7121.0,-150.0,0.0,0,441.4,0.0,1,3.94,5.44,SPY210924P00444000,444.0,0,0.0,0.0,,0.0,normalDay
2021-09-20,7121.0,-666.0,0.0,0,434.04,0.0,1,3.94,10.6,SPY210924P00444000,444.0,0,0.0,0.0,,0.0,normalDay
2021-09-21,7121.0,-695.0,0.0,0,433.63,0.0,1,3.94,10.89,SPY210924P00444000,444.0,0,0.0,0.0,,0.0,normalDay
2021-09-22,7121.0,-247.0,0.0,0,437.86,0.0,1,3.94,6.41,SPY210924P00444000,444.0,0,0.0,0.0,,0.0,normalDay
2021-09-23,7121.0,219.0,0.0,0,443.18,0.0,1,3.94,1.75,SPY210924P00444000,444.0,0,0.0,0.0,,0.0,normalDay
2021-09-24,7515.0,-9.0,394.0,100,443.91,444.0,1,3.94,0.0,SPY210924P00444000,444.0,0,0.0,0.0,,0.0,expirationDay
2021-09-27,7515.0,-139.0,0.0,100,442.64,444.0,0,0.0,0.0,,0.0,1,0.09,0.12,SPY211004C00453000,453.0,normalDay
2021-09-28,7515.0,-1025.0,0.0,100,433.72,444.0,0,0.0,0.0,,0.0,1,0.09,0.06,SPY211004C00453000,453.0,normalDay
2021-09-29,7515.0,-949.0,0.0,100,434.45,444.0,0,0.0,0.0,,0.0,1,0.09,0.03,SPY211004C00453000,453.0,normalDay
2021-09-30,7515.0,-1479.0,0.0,100,429.14,444.0,0,0.0,0.0,,0.0,1,0.09,0.02,SPY211004C00453000,453.0,normalDay
2021-10-01,7515.0,-969.0,0.0,100,434.24,444.0,0,0.0,0.0,,0.0,1,0.09,0.02,SPY211004C00453000,453.0,normalDay
2021-10-04,7524.0,-1536.0,9.0,100,428.64,444.0,0,0.0,0.0,,0.0,1,0.09,0.0,SPY211004C00453000,453.0,expirationDay
2021-10-05,7524.0,-1093.0,0.0,100,433.1,444.0,0,0.0,0.0,,0.0,1,0.17,0.2,SPY211013C00448000,448.0,normalDay
2021-10-06,7524.0,-914.0,0.0,100,434.9,444.0,0,0.0,0.0,,0.0,1,0.17,0.21,SPY211013C00448000,448.0,normalDay
2021-10-07,7524.0,-548.0,0.0,100,438.66,444.0,0,0.0,0.0,,0.0,1,0.17,0.31,SPY211013C00448000,448.0,normalDay
2021-10-08,7524.0,-605.0,0.0,100,437.86,444.0,0,0.0,0.0,,0.0,1,0.17,0.08,SPY211013C00448000,448.0,normalDay
2021-10-11,7524.0,-917.0,0.0,100,434.69,444.0,0,0.0,0.0,,0.0,1,0.17,0.03,SPY211013C00448000,448.0,normalDay
2021-10-12,7524.0,-1022.0,0.0,100,433.62,444.0,0,0.0,0.0,,0.0,1,0.17,0.01,SPY211013C00448000,448.0,normalDay
2021-10-13,7541.0,-882.0,17.0,100,435.18,444.0,0,0.0,0.0,,0.0,1,0.17,0.0,SPY211013C00448000,448.0,expirationDay
2021-10-14,7541.0,-154.0,0.0,100,442.5,444.0,0,0.0,0.0,,0.0,1,4.07,4.11,SPY211022C00441000,441.0,normalDay
2021-10-15,7541.0,-17.0,0.0,100,445.87,444.0,0,0.0,0.0,,0.0,1,4.07,6.11,SPY211022C00441000,441.0,normalDay
2021-10-18,7541.0,41.0,0.0,100,447.19,444.0,0,0.0,0.0,,0.0,1,4.07,6.85,SPY211022C00441000,441.0,normalDay
2021-10-19,7541.0,46.0,0.0,100,450.64,444.0,0,0.0,0.0,,0.0,1,4.07,10.25,SPY211022C00441000,441.0,normalDay
2021-10-20,7541.0,128.0,0.0,100,452.41,444.0,0,0.0,0.0,,0.0,1,4.07,11.2,SPY211022C00441000,441.0,normalDay
2021-10-21,7541.0,107.0,0.0,100,453.59,444.0,0,0.0,0.0,,0.0,1,4.07,12.59,SPY211022C00441000,441.0,normalDay
2021-10-22,7648.0,107.0,107.0,0,453.12,0.0,0,0.0,0.0,,0.0,1,4.07,0.0,SPY211022C00441000,441.0,expirationDay
2021-10-25,7648.0,-3.0,0.0,0,455.55,0.0,1,0.37,0.4,SPY211105P00432000,432.0,0,0.0,0.0,,0.0,normalDay
2021-10-26,7648.0,-4.0,0.0,0,455.96,0.0,1,0.37,0.41,SPY211105P00432000,432.0,0,0.0,0.0,,0.0,normalDay
2021-10-27,7648.0,-11.0,0.0,0,453.94,0.0,1,0.37,0.48,SPY211105P00432000,432.0,0,0.0,0.0,,0.0,normalDay
2021-10-28,7648.0,13.0,0.0,0,458.32,0.0,1,0.37,0.24,SPY211105P00432000,432.0,0,0.0,0.0,,0.0,normalDay
2021-10-29,7648.0,24.0,0.0,0,459.25,0.0,1,0.37,0.13,SPY211105P00432000,432.0,0,0.0,0.0,,0.0,normalDay
2021-11-01,7648.0,30.0,0.0,0,460.04,0.0,1,0.37,0.07,SPY211105P00432000,432.0,0,0.0,0.0,,0.0,normalDay
2021-11-02,7648.0,32.0,0.0,0,461.9,0.0,1,0.37,0.05,SPY211105P00432000,432.0,0,0.0,0.0,,0.0,normalDay
2021-11-03,7648.0,34.0,0.0,0,464.72,0.0,1,0.37,0.03,SPY211105P00432000,432.0,0,0.0,0.0,,0.0,normalDay
2021-11-04,7648.0,35.0,0.0,0,466.91,0.0,1,0.37,0.02,SPY211105P00432000,432.0,0,0.0,0.0,,0.0,normalDay
2021-11-05,7685.0,0.0,37.0,0,468.53,0.0,1,0.37,0.0,SPY211105P00432000,432.0,0,0.0,0.0,,0.0,expirationDay
2021-11-08,7685.0,-3.0,0.0,0,468.93,0.0,1,0.5,0.53,SPY211119P00444000,444.0,0,0.0,0.0,,0.0,normalDay
2021-11-09,7685.0,-5.0,0.0,0,467.38,0.0,1,0.5,0.55,SPY211119P00444000,444.0,0,0.0,0.0,,0.0,normalDay
2021-11-10,7685.0,-18.0,0.0,0,463.62,0.0,1,0.5,0.68,SPY211119P00444000,444.0,0,0.0,0.0,,0.0,normalDay
2021-11-11,7685.0,12.0,0.0,0,463.77,0.0,1,0.5,0.38,SPY211119P00444000,444.0,0,0.0,0.0,,0.0,normalDay
2021-11-12,7685.0,35.0,0.0,0,467.27,0.0,1,0.5,0.15,SPY211119P00444000,444.0,0,0.0,0.0,,0.0,normalDay
2021-11-15,7685.0,44.0,0.0,0,467.43,0.0,1,0.5,0.06,SPY211119P00444000,444.0,0,0.0,0.0,,0.0,normalDay
2021-11-16,7685.0,44.0,0.0,0,469.28,0.0,1,0.5,0.06,SPY211119P00444000,444.0,0,0.0,0.0,,0.0,normalDay
2021-11-17,7685.0,46.0,0.0,0,468.14,0.0,1,0.5,0.04,SPY211119P00444000,444.0,0,0.0,0.0,,0.0,normalDay
2021-11-18,7685.0,47.0,0.0,0,469.73,0.0,1,0.5,0.03,SPY211119P00444000,444.0,0,0.0,0.0,,0.0,normalDay
2021-11-19,7735.0,0.0,50.0,0,468.89,0.0,1,0.5,0.0,SPY211119P00444000,444.0,0,0.0,0.0,,0.0,expirationDay
2021-11-22,7735.0,-5.0,0.0,0,467.57,0.0,1,2.11,2.16,SPY211203P00460000,460.0,0,0.0,0.0,,0.0,normalDay
2021-11-23,7735.0,18.0,0.0,0,468.19,0.0,1,2.11,1.93,SPY211203P00460000,460.0,0,0.0,0.0,,0.0,normalDay
2021-11-24,7735.0,82.0,0.0,0,469.44,0.0,1,2.11,1.29,SPY211203P00460000,460.0,0,0.0,0.0,,0.0,normalDay
2021-11-26,7735.0,-539.0,0.0,0,458.97,0.0,1,2.11,7.5,SPY211203P00460000,460.0,0,0.0,0.0,,0.0,normalDay
2021-11-29,7735.0,13.0,0.0,0,464.6,0.0,1,2.11,1.98,SPY211203P00460000,460.0,0,0.0,0.0,,0.0,normalDay
2021-11-30,7735.0,-302.0,0.0,0,455.56,0.0,1,2.11,5.13,SPY211203P00460000,460.0,0,0.0,0.0,,0.0,normalDay
2021-12-01,7735.0,-830.0,0.0,0,450.5,0.0,1,2.11,10.41,SPY211203P00460000,460.0,0,0.0,0.0,,0.0,normalDay
2021-12-02,7735.0,-176.0,0.0,0,457.4,0.0,1,2.11,3.87,SPY211203P00460000,460.0,0,0.0,0.0,,0.0,normalDay
2021-12-03,7946.0,-658.0,211.0,100,453.42,460.0,1,2.11,0.0,SPY211203P00460000,460.0,0,0.0,0.0,,0.0,expirationDay
2021-12-06,7946.0,-125.0,0.0,100,458.79,460.0,0,0.0,0.0,,0.0,1,0.5,0.54,SPY211213C00470000,470.0,normalDay
2021-12-07,7946.0,634.0,0.0,100,468.28,460.0,0,0.0,0.0,,0.0,1,0.5,2.44,SPY211213C00470000,470.0,normalDay
2021-12-08,7946.0,784.0,0.0,100,469.52,460.0,0,0.0,0.0,,0.0,1,0.5,2.18,SPY211213C00470000,470.0,normalDay
2021-12-09,7946.0,600.0,0.0,100,466.35,460.0,0,0.0,0.0,,0.0,1,0.5,0.85,SPY211213C00470000,470.0,normalDay
2021-12-10,7946.0,935.0,0.0,100,470.74,460.0,0,0.0,0.0,,0.0,1,0.5,1.89,SPY211213C00470000,470.0,normalDay
2021-12-13,7996.0,657.0,50.0,100,466.57,460.0,0,0.0,0.0,,0.0,1,0.5,0.0,SPY211213C00470000,470.0,expirationDay
2021-12-14,7996.0,332.0,0.0,100,463.36,460.0,0,0.0,0.0,,0.0,1,0.73,0.77,SPY211222C00472000,472.0,normalDay
2021-12-15,7996.0,918.0,0.0,100,470.6,460.0,0,0.0,0.0,,0.0,1,0.73,2.15,SPY211222C00472000,472.0,normalDay
2021-12-16,7996.0,617.0,0.0,100,466.45,460.0,0,0.0,0.0,,0.0,1,0.73,1.01,SPY211222C00472000,472.0,normalDay
2021-12-17,7996.0,32.0,0.0,100,459.87,460.0,0,0.0,0.0,,0.0,1,0.73,0.28,SPY211222C00472000,472.0,normalDay
2021-12-20,7996.0,-433.0,0.0,100,454.98,460.0,0,0.0,0.0,,0.0,1,0.73,0.04,SPY211222C00472000,472.0,normalDay
2021-12-21,7996.0,376.0,0.0,100,463.06,460.0,0,0.0,0.0,,0.0,1,0.73,0.03,SPY211222C00472000,472.0,normalDay
2021-12-22,8069.0,769.0,73.0,100,467.69,460.0,0,0.0,0.0,,0.0,1,0.73,0.0,SPY211222C00472000,472.0,expirationDay
2021-12-23,8069.0,1056.0,0.0,100,470.6,460.0,0,0.0,0.0,,0.0,1,3.73,3.77,SPY211231C00470000,470.0,normalDay
2021-12-27,8069.0,1293.0,0.0,100,477.26,460.0,0,0.0,0.0,,0.0,1,3.73,8.06,SPY211231C00470000,470.0,normalDay
2021-12-28,8069.0,1260.0,0.0,100,476.87,460.0,0,0.0,0.0,,0.0,1,3.73,8.0,SPY211231C00470000,470.0,normalDay
2021-12-29,8069.0,1324.0,0.0,100,477.48,460.0,0,0.0,0.0,,0.0,1,3.73,7.97,SPY211231C00470000,470.0,normalDay
2021-12-30,8069.0,1363.0,0.0,100,476.16,460.0,0,0.0,0.0,,0.0,1,3.73,6.26,SPY211231C00470000,470.0,normalDay
2021-12-31,9442.0,1363.0,1373.0,0,474.96,0.0,0,0.0,0.0,,0.0,1,3.73,0.0,SPY211231C00470000,470.0,expirationDay
2022-01-03,9442.0,-3.0,0.0,0,477.71,0.0,1,0.74,0.77,SPY220114P00462000,462.0,0,0.0,0.0,,0.0,normalDay
2022-01-04,9442.0,-1.0,0.0,0,477.55,0.0,1,0.74,0.75,SPY220114P00462000,462.0,0,0.0,0.0,,0.0,normalDay
2022-01-05,9442.0,-193.0,0.0,0,468.38,0.0,1,0.74,2.67,SPY220114P00462000,462.0,0,0.0,0.0,,0.0,normalDay
2022-01-06,9442.0,-163.0,0.0,0,467.94,0.0,1,0.74,2.37,SPY220114P00462000,462.0,0,0.0,0.0,,0.0,normalDay
2022-01-07,9442.0,-131.0,0.0,0,466.09,0.0,1,0.74,2.05,SPY220114P00462000,462.0,0,0.0,0.0,,0.0,normalDay
2022-01-10,9442.0,-145.0,0.0,0,465.51,0.0,1,0.74,2.19,SPY220114P00462000,462.0,0,0.0,0.0,,0.0,normalDay
2022-01-11,9442.0,-11.0,0.0,0,469.75,0.0,1,0.74,0.85,SPY220114P00462000,462.0,0,0.0,0.0,,0.0,normalDay
2022-01-12,9442.0,43.0,0.0,0,471.02,0.0,1,0.74,0.31,SPY220114P00462000,462.0,0,0.0,0.0,,0.0,normalDay
2022-01-13,9442.0,-37.0,0.0,0,464.53,0.0,1,0.74,1.11,SPY220114P00462000,462.0,0,0.0,0.0,,0.0,normalDay
2022-01-14,9516.0,0.0,74.0,0,464.72,0.0,1,0.74,0.0,SPY220114P00462000,462.0,0,0.0,0.0,,0.0,expirationDay
2022-01-18,9516.0,-14.0,0.0,0,456.49,0.0,1,9.92,10.06,SPY220128P00463000,463.0,0,0.0,0.0,,0.0,normalDay
2022-01-19,9516.0,-263.0,0.0,0,451.75,0.0,1,9.92,12.55,SPY220128P00463000,463.0,0,0.0,0.0,,0.0,normalDay
2022-01-20,9516.0,-745.0,0.0,0,446.75,0.0,1,9.92,17.37,SPY220128P00463000,463.0,0,0.0,0.0,,0.0,normalDay
2022-01-21,9516.0,-1517.0,0.0,0,437.98,0.0,1,9.92,25.09,SPY220128P00463000,463.0,0,0.0,0.0,,0.0,normalDay
2022-01-24,9516.0,-1473.0,0.0,0,439.84,0.0,1,9.92,24.65,SPY220128P00463000,463.0,0,0.0,0.0,,0.0,normalDay
2022-01-25,9516.0,-2050.0,0.0,0,434.47,0.0,1,9.92,30.42,SPY220128P00463000,463.0,0,0.0,0.0,,0.0,normalDay
2022-01-26,9516.0,-2050.0,0.0,0,433.38,0.0,1,9.92,30.42,SPY220128P00463000,463.0,0,0.0,0.0,,0.0,normalDay
2022-01-27,9516.0,-2141.0,0.0,0,431.24,0.0,1,9.92,31.33,SPY220128P00463000,463.0,0,0.0,0.0,,0.0,normalDay
2022-01-28,10508.0,-2105.0,992.0,100,441.95,463.0,1,9.92,0.0,SPY220128P00463000,463.0,0,0.0,0.0,,0.0,expirationDay
2022-01-31,10508.0,-1312.0,0.0,100,449.91,463.0,0,0.0,0.0,,0.0,1,0.05,0.08,SPY220207C00473000,473.0,normalDay
2022-02-01,10508.0,-1005.0,0.0,100,452.95,463.0,0,0.0,0.0,,0.0,1,0.05,0.05,SPY220207C00473000,473.0,normalDay
2022-02-02,10508.0,-564.0,0.0,100,457.35,463.0,0,0.0,0.0,,0.0,1,0.05,0.04,SPY220207C00473000,473.0,normalDay
2022-02-03,10508.0,-1637.0,0.0,100,446.6,463.0,0,0.0,0.0,,0.0,1,0.05,0.02,SPY220207C00473000,473.0,normalDay
2022-02-04,10508.0,-1426.0,0.0,100,448.7,463.0,0,0.0,0.0,,0.0,1,0.05,0.01,SPY220207C00473000,473.0,normalDay
2022-02-07,10513.0,-1574.0,5.0,100,447.26,463.0,0,0.0,0.0,,0.0,1,0.05,0.0,SPY220207C00473000,473.0,expirationDay
2022-02-08,10513.0,-1209.0,0.0,100,450.94,463.0,0,0.0,0.0,,0.0,1,0.65,0.68,SPY220216C00463000,463.0,normalDay
2022-02-09,10513.0,-659.0,0.0,100,457.54,463.0,0,0.0,0.0,,0.0,1,0.65,1.78,SPY220216C00463000,463.0,normalDay
2022-02-10,10513.0,-1354.0,0.0,100,449.32,463.0,0,0.0,0.0,,0.0,1,0.65,0.51,SPY220216C00463000,463.0,normalDay
2022-02-11,10513.0,-2196.0,0.0,100,440.46,463.0,0,0.0,0.0,,0.0,1,0.65,0.07,SPY220216C00463000,463.0,normalDay
2022-02-14,10513.0,-2335.0,0.0,100,439.02,463.0,0,0.0,0.0,,0.0,1,0.65,0.02,SPY220216C00463000,463.0,normalDay
2022-02-15,10513.0,-1626.0,0.0,100,446.1,463.0,0,0.0,0.0,,0.0,1,0.65,0.01,SPY220216C00463000,463.0,normalDay
2022-02-16,10578.0,-1640.0,65.0,100,446.6,463.0,0,0.0,0.0,,0.0,1,0.65,0.0,SPY220216C00463000,463.0,expirationDay
2022-02-17,10578.0,-2597.0,0.0,100,437.06,463.0,0,0.0,0.0,,0.0,1,0.62,0.65,SPY220225C00453000,453.0,normalDay
2022-02-18,10578.0,-2837.0,0.0,100,434.23,463.0,0,0.0,0.0,,0.0,1,0.62,0.22,SPY220225C00453000,453.0,normalDay
2022-02-22,10578.0,-3286.0,0.0,100,429.57,463.0,0,0.0,0.0,,0.0,1,0.62,0.05,SPY220225C00453000,453.0,normalDay
2022-02-23,10578.0,-4045.0,0.0,100,421.95,463.0,0,0.0,0.0,,0.0,1,0.62,0.02,SPY220225C00453000,453.0,normalDay
2022-02-24,10578.0,-3410.0,0.0,100,428.3,463.0,0,0.0,0.0,,0.0,1,0.62,0.02,SPY220225C00453000,453.0,normalDay
2022-02-25,10640.0,-2525.0,62.0,100,437.75,463.0,0,0.0,0.0,,0.0,1,0.62,0.0,SPY220225C00453000,453.0,expirationDay
2022-02-28,10640.0,-2640.0,0.0,100,436.63,463.0,0,0.0,0.0,,0.0,1,0.41,0.44,SPY220307C00454000,454.0,normalDay
2022-03-01,10640.0,-3281.0,0.0,100,429.98,463.0,0,0.0,0.0,,0.0,1,0.41,0.2,SPY220307C00454000,454.0,normalDay
2022-03-02,10640.0,-2489.0,0.0,100,437.89,463.0,0,0.0,0.0,,0.0,1,0.41,0.19,SPY220307C00454000,454.0,normalDay
2022-03-03,10640.0,-2694.0,0.0,100,435.71,463.0,0,0.0,0.0,,0.0,1,0.41,0.06,SPY220307C00454000,454.0,normalDay
2022-03-04,10640.0,-3043.0,0.0,100,432.17,463.0,0,0.0,0.0,,0.0,1,0.41,0.01,SPY220307C00454000,454.0,normalDay
2022-03-07,10681.0,-4357.0,41.0,100,419.43,463.0,0,0.0,0.0,,0.0,1,0.41,0.0,SPY220307C00454000,454.0,expirationDay
2022-03-08,10681.0,-4678.0,0.0,100,416.25,463.0,0,0.0,0.0,,0.0,1,0.15,0.18,SPY220316C00448000,448.0,normalDay
2022-03-09,10681.0,-3592.0,0.0,100,427.41,463.0,0,0.0,0.0,,0.0,1,0.15,0.48,SPY220316C00448000,448.0,normalDay
2022-03-10,10681.0,-3752.0,0.0,100,425.48,463.0,0,0.0,0.0,,0.0,1,0.15,0.15,SPY220316C00448000,448.0,normalDay
2022-03-11,10681.0,-4284.0,0.0,100,420.07,463.0,0,0.0,0.0,,0.0,1,0.15,0.06,SPY220316C00448000,448.0,normalDay
2022-03-14,10681.0,-4587.0,0.0,100,417.0,463.0,0,0.0,0.0,,0.0,1,0.15,0.02,SPY220316C00448000,448.0,normalDay
2022-03-15,10681.0,-3669.0,0.0,100,426.17,463.0,0,0.0,0.0,,0.0,1,0.15,0.01,SPY220316C00448000,448.0,normalDay
2022-03-16,10696.0,-2738.0,15.0,100,435.62,463.0,0,0.0,0.0,,0.0,1,0.15,0.0,SPY220316C00448000,448.0,expirationDay
2022-03-17,10696.0,-2198.0,0.0,100,441.07,463.0,0,0.0,0.0,,0.0,1,6.09,6.14,SPY220325C00438000,438.0,normalDay
2022-03-18,10696.0,-2189.0,0.0,100,444.52,463.0,0,0.0,0.0,,0.0,1,6.09,9.5,SPY220325C00438000,438.0,normalDay
2022-03-21,10696.0,-2102.0,0.0,100,444.39,463.0,0,0.0,0.0,,0.0,1,6.09,8.5,SPY220325C00438000,438.0,normalDay
2022-03-22,10696.0,-1966.0,0.0,100,449.59,463.0,0,0.0,0.0,,0.0,1,6.09,12.34,SPY220325C00438000,438.0,normalDay
2022-03-23,10696.0,-2011.0,0.0,100,443.8,463.0,0,0.0,0.0,,0.0,1,6.09,7.0,SPY220325C00438000,438.0,normalDay
2022-03-24,10696.0,-1899.0,0.0,100,450.49,463.0,0,0.0,0.0,,0.0,1,6.09,12.57,SPY220325C00438000,438.0,normalDay
2022-03-25,8805.0,-1899.0,-1891.0,0,452.69,0.0,0,0.0,0.0,,0.0,1,6.09,0.0,SPY220325C00438000,438.0,expirationDay
2022-03-28,8805.0,-3.0,0.0,0,455.91,0.0,1,0.38,0.41,SPY220408P00423000,423.0,0,0.0,0.0,,0.0,normalDay
2022-03-29,8805.0,13.0,0.0,0,461.55,0.0,1,0.38,0.25,SPY220408P00423000,423.0,0,0.0,0.0,,0.0,normalDay
2022-03-30,8805.0,19.0,0.0,0,458.7,0.0,1,0.38,0.19,SPY220408P00423000,423.0,0,0.0,0.0,,0.0,normalDay
2022-03-31,8805.0,11.0,0.0,0,451.64,0.0,1,0.38,0.27,SPY220408P00423000,423.0,0,0.0,0.0,,0.0,normalDay
2022-04-01,8805.0,26.0,0.0,0,452.92,0.0,1,0.38,0.12,SPY220408P00423000,423.0,0,0.0,0.0,,0.0,normalDay
2022-04-04,8805.0,33.0,0.0,0,456.8,0.0,1,0.38,0.05,SPY220408P00423000,423.0,0,0.0,0.0,,0.0,normalDay
2022-04-05,8805.0,32.0,0.0,0,451.03,0.0,1,0.38,0.06,SPY220408P00423000,423.0,0,0.0,0.0,,0.0,normalDay
2022-04-06,8805.0,33.0,0.0,0,446.52,0.0,1,0.38,0.05,SPY220408P00423000,423.0,0,0.0,0.0,,0.0,normalDay
2022-04-07,8805.0,36.0,0.0,0,448.77,0.0,1,0.38,0.02,SPY220408P00423000,423.0,0,0.0,0.0,,0.0,normalDay
2022-04-08,8843.0,0.0,38.0,0,447.57,0.0,1,0.38,0.0,SPY220408P00423000,423.0,0,0.0,0.0,,0.0,expirationDay
2022-04-11,8843.0,-5.0,0.0,0,439.92,0.0,1,6.29,6.34,SPY220422P00440000,440.0,0,0.0,0.0,,0.0,normalDay
2022-04-12,8843.0,-32.0,0.0,0,438.29,0.0,1,6.29,6.61,SPY220422P00440000,440.0,0,0.0,0.0,,0.0,normalDay
2022-04-13,8843.0,267.0,0.0,0,443.31,0.0,1,6.29,3.62,SPY220422P00440000,440.0,0,0.0,0.0,,0.0,normalDay
2022-04-14,8843.0,63.0,0.0,0,437.79,0.0,1,6.29,5.66,SPY220422P00440000,440.0,0,0.0,0.0,,0.0,normalDay
2022-04-18,8843.0,223.0,0.0,0,437.97,0.0,1,6.29,4.06,SPY220422P00440000,440.0,0,0.0,0.0,,0.0,normalDay
2022-04-19,8843.0,419.0,0.0,0,445.04,0.0,1,6.29,2.1,SPY220422P00440000,440.0,0,0.0,0.0,,0.0,normalDay
2022-04-20,8843.0,541.0,0.0,0,444.71,0.0,1,6.29,0.88,SPY220422P00440000,440.0,0,0.0,0.0,,0.0,normalDay
2022-04-21,8843.0,279.0,0.0,0,438.06,0.0,1,6.29,3.5,SPY220422P00440000,440.0,0,0.0,0.0,,0.0,normalDay
2022-04-22,9472.0,-1396.0,629.0,100,426.04,440.0,1,6.29,0.0,SPY220422P00440000,440.0,0,0.0,0.0,,0.0,expirationDay
2022-04-25,9472.0,-1149.0,0.0,100,428.51,440.0,0,0.0,0.0,,0.0,0,0.0,0.0,,0.0,bidTooLow
2022-04-26,9472.0,-2390.0,0.0,100,416.1,440.0,0,0.0,0.0,,0.0,0,0.0,0.0,,0.0,bidTooLow
2022-04-27,9472.0,-2273.0,0.0,100,417.27,440.0,0,0.0,0.0,,0.0,0,0.0,0.0,,0.0,bidTooLow
2022-04-28,9472.0,-1222.0,0.0,100,427.81,440.0,0,0.0,0.0,,0.0,1,0.13,0.16,SPY220506C00452000,452.0,normalDay
2022-04-29,9472.0,-2790.0,0.0,100,412.0,440.0,0,0.0,0.0,,0.0,1,0.13,0.03,SPY220506C00452000,452.0,normalDay
2022-05-02,9472.0,-2542.0,0.0,100,414.48,440.0,0,0.0,0.0,,0.0,1,0.13,0.03,SPY220506C00452000,452.0,normalDay
2022-05-03,9472.0,-2351.0,0.0,100,416.38,440.0,0,0.0,0.0,,0.0,1,0.13,0.02,SPY220506C00452000,452.0,normalDay
2022-05-04,9472.0,-1083.0,0.0,100,429.06,440.0,0,0.0,0.0,,0.0,1,0.13,0.02,SPY220506C00452000,452.0,normalDay
2022-05-05,9472.0,-2607.0,0.0,100,413.81,440.0,0,0.0,0.0,,0.0,1,0.13,0.01,SPY220506C00452000,452.0,normalDay
2022-05-06,9485.0,-2866.0,13.0,100,411.34,440.0,0,0.0,0.0,,0.0,1,0.13,0.0,SPY220506C00452000,452.0,expirationDay
2022-05-09,9485.0,-4186.0,0.0,100,398.17,440.0,0,0.0,0.0,,0.0,1,0.02,0.05,SPY220516C00442000,442.0,normalDay
2022-05-10,9485.0,-4092.0,0.0,100,399.09,440.0,0,0.0,0.0,,0.0,1,0.02,0.03,SPY220516C00442000,442.0,normalDay
2022-05-11,9485.0,-4725.0,0.0,100,392.75,440.0,0,0.0,0.0,,0.0,1,0.02,0.02,SPY220516C00442000,442.0,normalDay
2022-05-12,9485.0,-4765.0,0.0,100,392.34,440.0,0,0.0,0.0,,0.0,1,0.02,0.01,SPY220516C00442000,442.0,normalDay
2022-05-13,9485.0,-3827.0,0.0,100,401.72,440.0,0,0.0,0.0,,0.0,1,0.02,0.01,SPY220516C00442000,442.0,normalDay
2022-05-16,9487.0,-3991.0,2.0,100,400.09,440.0,0,0.0,0.0,,0.0,1,0.02,0.0,SPY220516C00442000,442.0,expirationDay
2022-05-17,9487.0,-3171.0,0.0,100,408.32,440.0,0,0.0,0.0,,0.0,1,0.18,0.21,SPY220525C00430000,430.0,normalDay
2022-05-18,9487.0,-4800.0,0.0,100,391.86,440.0,0,0.0,0.0,,0.0,1,0.18,0.04,SPY220525C00430000,430.0,normalDay
2022-05-19,9487.0,-5040.0,0.0,100,389.46,440.0,0,0.0,0.0,,0.0,1,0.18,0.04,SPY220525C00430000,430.0,normalDay
2022-05-20,9487.0,-5021.0,0.0,100,389.63,440.0,0,0.0,0.0,,0.0,1,0.18,0.02,SPY220525C00430000,430.0,normalDay
2022-05-23,9487.0,-4292.0,0.0,100,396.92,440.0,0,0.0,0.0,,0.0,1,0.18,0.02,SPY220525C00430000,430.0,normalDay
2022-05-24,9487.0,-4594.0,0.0,100,393.89,440.0,0,0.0,0.0,,0.0,1,0.18,0.01,SPY220525C00430000,430.0,normalDay
2022-05-25,9505.0,-4263.0,18.0,100,397.37,440.0,0,0.0,0.0,,0.0,1,0.18,0.0,SPY220525C00430000,430.0,expirationDay
2022-05-26,9505.0,-3474.0,0.0,100,405.31,440.0,0,0.0,0.0,,0.0,1,1.65,1.7,SPY220603C00415000,415.0,normalDay
2022-05-27,9505.0,-2822.0,0.0,100,415.26,440.0,0,0.0,0.0,,0.0,1,1.65,5.13,SPY220603C00415000,415.0,normalDay
2022-05-31,9505.0,-2837.0,0.0,100,412.93,440.0,0,0.0,0.0,,0.0,1,1.65,2.95,SPY220603C00415000,415.0,normalDay
2022-06-01,9505.0,-2996.0,0.0,100,409.59,440.0,0,0.0,0.0,,0.0,1,1.65,1.2,SPY220603C00415000,415.0,normalDay
2022-06-02,9505.0,-2469.0,0.0,100,417.39,440.0,0,0.0,0.0,,0.0,1,1.65,3.73,SPY220603C00415000,415.0,normalDay
2022-06-03,9670.0,-2946.0,165.0,100,410.54,440.0,0,0.0,0.0,,0.0,1,1.65,0.0,SPY220603C00415000,415.0,expirationDay
2022-06-06,9670.0,-2825.0,0.0,100,411.79,440.0,0,0.0,0.0,,0.0,1,4.8,4.84,SPY220613C00412000,412.0,normalDay
2022-06-07,9670.0,-2588.0,0.0,100,415.74,440.0,0,0.0,0.0,,0.0,1,4.8,6.42,SPY220613C00412000,412.0,normalDay
2022-06-08,9670.0,-2758.0,0.0,100,411.22,440.0,0,0.0,0.0,,0.0,1,4.8,3.6,SPY220613C00412000,412.0,normalDay
2022-06-09,9670.0,-3453.0,0.0,100,401.44,440.0,0,0.0,0.0,,0.0,1,4.8,0.77,SPY220613C00412000,412.0,normalDay
2022-06-10,9670.0,-4543.0,0.0,100,389.8,440.0,0,0.0,0.0,,0.0,1,4.8,0.03,SPY220613C00412000,412.0,normalDay
2022-06-13,10150.0,-6500.0,480.0,100,375.0,440.0,0,0.0,0.0,,0.0,1,4.8,0.0,SPY220613C00412000,412.0,expirationDay
2022-06-14,10150.0,-6616.0,0.0,100,373.87,440.0,0,0.0,0.0,,0.0,1,0.07,0.1,SPY220622C00415000,415.0,normalDay
2022-06-15,10150.0,-6079.0,0.0,100,379.2,440.0,0,0.0,0.0,,0.0,1,0.07,0.06,SPY220622C00415000,415.0,normalDay
2022-06-16,10150.0,-7330.0,0.0,100,366.65,440.0,0,0.0,0.0,,0.0,1,0.07,0.02,SPY220622C00415000,415.0,normalDay
2022-06-17,10150.0,-7408.0,0.0,100,365.86,440.0,0,0.0,0.0,,0.0,1,0.07,0.01,SPY220622C00415000,415.0,normalDay
2022-06-21,10150.0,-6487.0,0.0,100,375.07,440.0,0,0.0,0.0,,0.0,1,0.07,0.01,SPY220622C00415000,415.0,normalDay
2022-06-22,10157.0,-6561.0,7.0,100,374.39,440.0,0,0.0,0.0,,0.0,1,0.07,0.0,SPY220622C00415000,415.0,expirationDay
2022-06-23,10157.0,-6197.0,0.0,100,378.06,440.0,0,0.0,0.0,,0.0,1,0.02,0.05,SPY220701C00415000,415.0,normalDay
2022-06-24,10157.0,-5001.0,0.0,100,390.08,440.0,0,0.0,0.0,,0.0,1,0.02,0.11,SPY220701C00415000,415.0,normalDay
2022-06-27,10157.0,-5147.0,0.0,100,388.59,440.0,0,0.0,0.0,,0.0,1,0.02,0.08,SPY220701C00415000,415.0,normalDay
2022-06-28,10157.0,-5935.0,0.0,100,380.65,440.0,0,0.0,0.0,,0.0,1,0.02,0.02,SPY220701C00415000,415.0,normalDay
2022-06-29,10157.0,-5966.0,0.0,100,380.34,440.0,0,0.0,0.0,,0.0,1,0.02,0.02,SPY220701C00415000,415.0,normalDay
2022-06-30,10157.0,-6274.0,0.0,100,377.25,440.0,0,0.0,0.0,,0.0,1,0.02,0.01,SPY220701C00415000,415.0,normalDay
2022-07-01,10159.0,-5876.0,2.0,100,381.24,440.0,0,0.0,0.0,,0.0,1,0.02,0.0,SPY220701C00415000,415.0,expirationDay
2022-07-05,10159.0,-5807.0,0.0,100,381.96,440.0,0,0.0,0.0,,0.0,1,0.45,0.48,SPY220713C00400000,400.0,normalDay
2022-07-06,10159.0,-5679.0,0.0,100,383.25,440.0,0,0.0,0.0,,0.0,1,0.45,0.49,SPY220713C00400000,400.0,normalDay
2022-07-07,10159.0,-5131.0,0.0,100,388.99,440.0,0,0.0,0.0,,0.0,1,0.45,0.75,SPY220713C00400000,400.0,normalDay
2022-07-08,10159.0,-5125.0,0.0,100,388.67,440.0,0,0.0,0.0,,0.0,1,0.45,0.37,SPY220713C00400000,400.0,normalDay
2022-07-11,10159.0,-5538.0,0.0,100,384.23,440.0,0,0.0,0.0,,0.0,1,0.45,0.06,SPY220713C00400000,400.0,normalDay
2022-07-12,10159.0,-5874.0,0.0,100,380.83,440.0,0,0.0,0.0,,0.0,1,0.45,0.02,SPY220713C00400000,400.0,normalDay
2022-07-13,10204.0,-6117.0,45.0,100,378.83,440.0,0,0.0,0.0,,0.0,1,0.45,0.0,SPY220713C00400000,400.0,expirationDay
2022-07-14,10204.0,-6212.0,0.0,100,377.91,440.0,0,0.0,0.0,,0.0,1,1.59,1.62,SPY220722C00387500,387.5,normalDay
2022-07-15,10204.0,-5645.0,0.0,100,385.13,440.0,0,0.0,0.0,,0.0,1,1.59,3.17,SPY220722C00387500,387.5,normalDay
2022-07-18,10204.0,-5816.0,0.0,100,381.95,440.0,0,0.0,0.0,,0.0,1,1.59,1.7,SPY220722C00387500,387.5,normalDay
2022-07-19,10204.0,-5321.0,0.0,100,392.27,440.0,0,0.0,0.0,,0.0,1,1.59,7.07,SPY220722C00387500,387.5,normalDay
2022-07-20,10204.0,-5212.0,0.0,100,394.77,440.0,0,0.0,0.0,,0.0,1,1.59,8.48,SPY220722C00387500,387.5,normalDay
2022-07-21,10204.0,-5087.0,0.0,100,398.79,440.0,0,0.0,0.0,,0.0,1,1.59,11.25,SPY220722C00387500,387.5,normalDay
2022-07-22,5113.0,-5087.0,-5091.0,0,395.09,0.0,0,0.0,0.0,,0.0,1,1.59,0.0,SPY220722C00387500,387.5,expirationDay
2022-07-25,5113.0,-4.0,0.0,0,395.57,0.0,1,1.34,1.38,SPY220805P00379000,379.0,0,0.0,0.0,,0.0,normalDay
2022-07-26,5113.0,-84.0,0.0,0,390.89,0.0,1,1.34,2.18,SPY220805P00379000,379.0,0,0.0,0.0,,0.0,normalDay
2022-07-27,5113.0,68.0,0.0,0,401.04,0.0,1,1.34,0.66,SPY220805P00379000,379.0,0,0.0,0.0,,0.0,normalDay
2022-07-28,5113.0,110.0,0.0,0,406.07,0.0,1,1.34,0.24,SPY220805P00379000,379.0,0,0.0,0.0,,0.0,normalDay
2022-07-29,5113.0,127.0,0.0,0,411.99,0.0,1,1.34,0.07,SPY220805P00379000,379.0,0,0.0,0.0,,0.0,normalDay
2022-08-01,5113.0,128.0,0.0,0,410.77,0.0,1,1.34,0.06,SPY220805P00379000,379.0,0,0.0,0.0,,0.0,normalDay
2022-08-02,5113.0,128.0,0.0,0,408.06,0.0,1,1.34,0.06,SPY220805P00379000,379.0,0,0.0,0.0,,0.0,normalDay
2022-08-03,5113.0,131.0,0.0,0,414.45,0.0,1,1.34,0.03,SPY220805P00379000,379.0,0,0.0,0.0,,0.0,normalDay
2022-08-04,5113.0,133.0,0.0,0,414.17,0.0,1,1.34,0.01,SPY220805P00379000,379.0,0,0.0,0.0,,0.0,normalDay
2022-08-05,5247.0,0.0,134.0,0,413.47,0.0,1,1.34,0.0,SPY220805P00379000,379.0,0,0.0,0.0,,0.0,expirationDay
2022-08-08,5247.0,-3.0,0.0,0,412.99,0.0,1,0.36,0.39,SPY220819P00385000,385.0,0,0.0,0.0,,0.0,normalDay
2022-08-09,5247.0,-7.0,0.0,0,411.35,0.0,1,0.36,0.43,SPY220819P00385000,385.0,0,0.0,0.0,,0.0,normalDay
2022-08-10,5247.0,22.0,0.0,0,419.99,0.0,1,0.36,0.14,SPY220819P00385000,385.0,0,0.0,0.0,,0.0,normalDay
2022-08-11,5247.0,25.0,0.0,0,419.99,0.0,1,0.36,0.11,SPY220819P00385000,385.0,0,0.0,0.0,,0.0,normalDay
2022-08-12,5247.0,31.0,0.0,0,427.1,0.0,1,0.36,0.05,SPY220819P00385000,385.0,0,0.0,0.0,,0.0,normalDay
2022-08-15,5247.0,33.0,0.0,0,428.86,0.0,1,0.36,0.03,SPY220819P00385000,385.0,0,0.0,0.0,,0.0,normalDay
2022-08-16,5247.0,33.0,0.0,0,429.7,0.0,1,0.36,0.03,SPY220819P00385000,385.0,0,0.0,0.0,,0.0,normalDay
2022-08-17,5247.0,34.0,0.0,0,426.65,0.0,1,0.36,0.02,SPY220819P00385000,385.0,0,0.0,0.0,,0.0,normalDay
2022-08-18,5247.0,35.0,0.0,0,427.89,0.0,1,0.36,0.01,SPY220819P00385000,385.0,0,0.0,0.0,,0.0,normalDay
2022-08-19,5283.0,0.0,36.0,0,422.14,0.0,1,0.36,0.0,SPY220819P00385000,385.0,0,0.0,0.0,,0.0,expirationDay
2022-08-22,5283.0,-4.0,0.0,0,413.35,0.0,1,3.29,3.33,SPY220902P00406000,406.0,0,0.0,0.0,,0.0,normalDay
2022-08-23,5283.0,-31.0,0.0,0,412.35,0.0,1,3.29,3.6,SPY220902P00406000,406.0,0,0.0,0.0,,0.0,normalDay
2022-08-24,5283.0,74.0,0.0,0,413.67,0.0,1,3.29,2.55,SPY220902P00406000,406.0,0,0.0,0.0,,0.0,normalDay
2022-08-25,5283.0,204.0,0.0,0,419.51,0.0,1,3.29,1.25,SPY220902P00406000,406.0,0,0.0,0.0,,0.0,normalDay
2022-08-26,5283.0,-225.0,0.0,0,405.31,0.0,1,3.29,5.54,SPY220902P00406000,406.0,0,0.0,0.0,,0.0,normalDay
2022-08-29,5283.0,-279.0,0.0,0,402.63,0.0,1,3.29,6.08,SPY220902P00406000,406.0,0,0.0,0.0,,0.0,normalDay
2022-08-30,5283.0,-550.0,0.0,0,398.21,0.0,1,3.29,8.79,SPY220902P00406000,406.0,0,0.0,0.0,,0.0,normalDay
2022-08-31,5283.0,-766.0,0.0,0,395.18,0.0,1,3.29,10.95,SPY220902P00406000,406.0,0,0.0,0.0,,0.0,normalDay
2022-09-01,5283.0,-650.0,0.0,0,396.42,0.0,1,3.29,9.79,SPY220902P00406000,406.0,0,0.0,0.0,,0.0,normalDay
2022-09-02,5612.0,-1376.0,329.0,100,392.24,406.0,1,3.29,0.0,SPY220902P00406000,406.0,0,0.0,0.0,,0.0,expirationDay
2022-09-06,5612.0,-1524.0,0.0,100,390.76,406.0,0,0.0,0.0,,0.0,0,0.0,0.0,,0.0,bidTooLow
2022-09-07,5612.0,-825.0,0.0,100,397.78,406.0,0,0.0,0.0,,0.0,1,0.03,0.06,SPY220914C00427000,427.0,normalDay
2022-09-08,5612.0,-563.0,0.0,100,400.38,406.0,0,0.0,0.0,,0.0,1,0.03,0.04,SPY220914C00427000,427.0,normalDay
2022-09-09,5612.0,58.0,0.0,100,406.6,406.0,0,0.0,0.0,,0.0,1,0.03,0.05,SPY220914C00427000,427.0,normalDay
2022-09-12,5612.0,490.0,0.0,100,410.97,406.0,0,0.0,0.0,,0.0,1,0.03,0.1,SPY220914C00427000,427.0,normalDay
2022-09-13,5612.0,-1288.0,0.0,100,393.1,406.0,0,0.0,0.0,,0.0,1,0.03,0.01,SPY220914C00427000,427.0,normalDay
2022-09-14,5615.0,-1140.0,3.0,100,394.6,406.0,0,0.0,0.0,,0.0,1,0.03,0.0,SPY220914C00427000,427.0,expirationDay
2022-09-15,5615.0,-1591.0,0.0,100,390.12,406.0,0,0.0,0.0,,0.0,1,0.15,0.18,SPY220923C00416000,416.0,normalDay
2022-09-16,5615.0,-2036.0,0.0,100,385.56,406.0,0,0.0,0.0,,0.0,1,0.15,0.07,SPY220923C00416000,416.0,normalDay
2022-09-19,5615.0,-1735.0,0.0,100,388.55,406.0,0,0.0,0.0,,0.0,1,0.15,0.05,SPY220923C00416000,416.0,normalDay
2022-09-20,5615.0,-2179.0,0.0,100,384.09,406.0,0,0.0,0.0,,0.0,1,0.15,0.03,SPY220923C00416000,416.0,normalDay
2022-09-21,5615.0,-2847.0,0.0,100,377.39,406.0,0,0.0,0.0,,0.0,1,0.15,0.01,SPY220923C00416000,416.0,normalDay
2022-09-22,5615.0,-3164.0,0.0,100,374.22,406.0,0,0.0,0.0,,0.0,1,0.15,0.01,SPY220923C00416000,416.0,normalDay
2022-09-23,5630.0,-3805.0,15.0,100,367.95,406.0,0,0.0,0.0,,0.0,1,0.15,0.0,SPY220923C00416000,416.0,expirationDay
2022-09-26,5630.0,-4169.0,0.0,100,364.31,406.0,0,0.0,0.0,,0.0,0,0.0,0.0,,0.0,bidTooLow
2022-09-27,5630.0,-4262.0,0.0,100,363.38,406.0,0,0.0,0.0,,0.0,0,0.0,0.0,,0.0,bidTooLow
2022-09-28,5630.0,-3550.0,0.0,100,370.53,406.0,0,0.0,0.0,,0.0,1,0.02,0.05,SPY221005C00402000,402.0,normalDay
2022-09-29,5630.0,-4321.0,0.0,100,362.79,406.0,0,0.0,0.0,,0.0,1,0.02,0.02,SPY221005C00402000,402.0,normalDay
2022-09-30,5630.0,-4881.0,0.0,100,357.18,406.0,0,0.0,0.0,,0.0,1,0.02,0.01,SPY221005C00402000,402.0,normalDay
2022-10-03,5630.0,-3938.0,0.0,100,366.61,406.0,0,0.0,0.0,,0.0,1,0.02,0.01,SPY221005C00402000,402.0,normalDay
2022-10-04,5630.0,-2802.0,0.0,100,377.97,406.0,0,0.0,0.0,,0.0,1,0.02,0.01,SPY221005C00402000,402.0,normalDay
2022-10-05,5632.0,-2891.0,2.0,100,377.09,406.0,0,0.0,0.0,,0.0,1,0.02,0.0,SPY221005C00402000,402.0,expirationDay
2022-10-06,5632.0,-3283.0,0.0,100,373.2,406.0,0,0.0,0.0,,0.0,1,0.39,0.42,SPY221014C00396000,396.0,normalDay
2022-10-07,5632.0,-4288.0,0.0,100,362.79,406.0,0,0.0,0.0,,0.0,1,0.39,0.06,SPY221014C00396000,396.0,normalDay
2022-10-10,5632.0,-4562.0,0.0,100,360.02,406.0,0,0.0,0.0,,0.0,1,0.39,0.03,SPY221014C00396000,396.0,normalDay
2022-10-11,5632.0,-4789.0,0.0,100,357.74,406.0,0,0.0,0.0,,0.0,1,0.39,0.02,SPY221014C00396000,396.0,normalDay
2022-10-12,5632.0,-4907.0,0.0,100,356.56,406.0,0,0.0,0.0,,0.0,1,0.39,0.02,SPY221014C00396000,396.0,normalDay
2022-10-13,5632.0,-3965.0,0.0,100,365.97,406.0,0,0.0,0.0,,0.0,1,0.39,0.01,SPY221014C00396000,396.0,normalDay
2022-10-14,5671.0,-4837.0,39.0,100,357.63,406.0,0,0.0,0.0,,0.0,1,0.39,0.0,SPY221014C00396000,396.0,expirationDay
2022-10-17,5671.0,-3922.0,0.0,100,366.82,406.0,0,0.0,0.0,,0.0,1,2.16,2.2,SPY221024C00376000,376.0,normalDay
2022-10-18,5671.0,-3604.0,0.0,100,371.13,406.0,0,0.0,0.0,,0.0,1,2.16,3.33,SPY221024C00376000,376.0,normalDay
2022-10-19,5671.0,-3679.0,0.0,100,368.5,406.0,0,0.0,0.0,,0.0,1,2.16,1.45,SPY221024C00376000,376.0,normalDay
2022-10-20,5671.0,-3883.0,0.0,100,365.41,406.0,0,0.0,0.0,,0.0,1,2.16,0.4,SPY221024C00376000,376.0,normalDay
2022-10-21,5671.0,-3134.0,0.0,100,374.29,406.0,0,0.0,0.0,,0.0,1,2.16,1.79,SPY221024C00376000,376.0,normalDay
2022-10-24,2887.0,-3134.0,-2784.0,0,378.87,0.0,0,0.0,0.0,,0.0,1,2.16,0.0,SPY221024C00376000,376.0,expirationDay
2022-10-25,2887.0,-3.0,0.0,0,384.92,0.0,1,1.12,1.15,SPY221104P00360000,360.0,0,0.0,0.0,,0.0,normalDay
2022-10-26,2887.0,22.0,0.0,0,382.02,0.0,1,1.12,0.9,SPY221104P00360000,360.0,0,0.0,0.0,,0.0,normalDay
2022-10-27,2887.0,-27.0,0.0,0,379.98,0.0,1,1.12,1.39,SPY221104P00360000,360.0,0,0.0,0.0,,0.0,normalDay
2022-10-28,2887.0,89.0,0.0,0,389.02,0.0,1,1.12,0.23,SPY221104P00360000,360.0,0,0.0,0.0,,0.0,normalDay
2022-10-31,2887.0,100.0,0.0,0,386.21,0.0,1,1.12,0.12,SPY221104P00360000,360.0,0,0.0,0.0,,0.0,normalDay
2022-11-01,2887.0,99.0,0.0,0,384.52,0.0,1,1.12,0.13,SPY221104P00360000,360.0,0,0.0,0.0,,0.0,normalDay
2022-11-02,2887.0,95.0,0.0,0,374.87,0.0,1,1.12,0.17,SPY221104P00360000,360.0,0,0.0,0.0,,0.0,normalDay
2022-11-03,2887.0,101.0,0.0,0,371.01,0.0,1,1.12,0.11,SPY221104P00360000,360.0,0,0.0,0.0,,0.0,normalDay
2022-11-04,2999.0,0.0,112.0,0,376.35,0.0,1,1.12,0.0,SPY221104P00360000,360.0,0,0.0,0.0,,0.0,expirationDay
2022-11-07,2999.0,-3.0,0.0,0,379.95,0.0,1,1.7,1.73,SPY221118P00364000,364.0,0,0.0,0.0,,0.0,normalDay
2022-11-08,2999.0,7.0,0.0,0,382.0,0.0,1,1.7,1.63,SPY221118P00364000,364.0,0,0.0,0.0,,0.0,normalDay
2022-11-09,2999.0,-106.0,0.0,0,374.13,0.0,1,1.7,2.76,SPY221118P00364000,364.0,0,0.0,0.0,,0.0,normalDay
2022-11-10,2999.0,145.0,0.0,0,394.69,0.0,1,1.7,0.25,SPY221118P00364000,364.0,0,0.0,0.0,,0.0,normalDay
2022-11-11,2999.0,156.0,0.0,0,398.51,0.0,1,1.7,0.14,SPY221118P00364000,364.0,0,0.0,0.0,,0.0,normalDay
2022-11-14,2999.0,162.0,0.0,0,395.12,0.0,1,1.7,0.08,SPY221118P00364000,364.0,0,0.0,0.0,,0.0,normalDay
2022-11-15,2999.0,164.0,0.0,0,398.49,0.0,1,1.7,0.06,SPY221118P00364000,364.0,0,0.0,0.0,,0.0,normalDay
2022-11-16,2999.0,166.0,0.0,0,395.45,0.0,1,1.7,0.04,SPY221118P00364000,364.0,0,0.0,0.0,,0.0,normalDay
2022-11-17,2999.0,167.0,0.0,0,394.24,0.0,1,1.7,0.03,SPY221118P00364000,364.0,0,0.0,0.0,,0.0,normalDay
2022-11-18,3169.0,0.0,170.0,0,396.03,0.0,1,1.7,0.0,SPY221118P00364000,364.0,0,0.0,0.0,,0.0,expirationDay
2022-11-21,3169.0,-3.0,0.0,0,394.59,0.0,1,0.78,0.81,SPY221202P00378000,378.0,0,0.0,0.0,,0.0,normalDay
2022-11-22,3169.0,37.0,0.0,0,399.9,0.0,1,0.78,0.41,SPY221202P00378000,378.0,0,0.0,0.0,,0.0,normalDay
2022-11-23,3169.0,57.0,0.0,0,402.42,0.0,1,0.78,0.21,SPY221202P00378000,378.0,0,0.0,0.0,,0.0,normalDay
2022-11-25,3169.0,63.0,0.0,0,402.33,0.0,1,0.78,0.15,SPY221202P00378000,378.0,0,0.0,0.0,,0.0,normalDay
2022-11-28,3169.0,62.0,0.0,0,395.91,0.0,1,0.78,0.16,SPY221202P00378000,378.0,0,0.0,0.0,,0.0,normalDay
2022-11-29,3169.0,65.0,0.0,0,395.23,0.0,1,0.78,0.13,SPY221202P00378000,378.0,0,0.0,0.0,,0.0,normalDay
2022-11-30,3169.0,74.0,0.0,0,407.68,0.0,1,0.78,0.04,SPY221202P00378000,378.0,0,0.0,0.0,,0.0,normalDay
2022-12-01,3169.0,76.0,0.0,0,407.38,0.0,1,0.78,0.02,SPY221202P00378000,378.0,0,0.0,0.0,,0.0,normalDay
2022-12-02,3247.0,0.0,78.0,0,406.91,0.0,1,0.78,0.0,SPY221202P00378000,378.0,0,0.0,0.0,,0.0,expirationDay
2022-12-05,3247.0,-3.0,0.0,0,399.59,0.0,1,2.63,2.66,SPY221216P00387000,387.0,0,0.0,0.0,,0.0,normalDay
2022-12-06,3247.0,-204.0,0.0,0,393.83,0.0,1,2.63,4.67,SPY221216P00387000,387.0,0,0.0,0.0,,0.0,normalDay
2022-12-07,3247.0,-219.0,0.0,0,393.16,0.0,1,2.63,4.82,SPY221216P00387000,387.0,0,0.0,0.0,,0.0,normalDay
2022-12-08,3247.0,-87.0,0.0,0,396.24,0.0,1,2.63,3.5,SPY221216P00387000,387.0,0,0.0,0.0,,0.0,normalDay
2022-12-09,3247.0,-160.0,0.0,0,393.28,0.0,1,2.63,4.23,SPY221216P00387000,387.0,0,0.0,0.0,,0.0,normalDay
2022-12-12,3247.0,-26.0,0.0,0,398.95,0.0,1,2.63,2.89,SPY221216P00387000,387.0,0,0.0,0.0,,0.0,normalDay
2022-12-13,3247.0,184.0,0.0,0,401.97,0.0,1,2.63,0.79,SPY221216P00387000,387.0,0,0.0,0.0,,0.0,normalDay
2022-12-14,3247.0,224.0,0.0,0,399.4,0.0,1,2.63,0.39,SPY221216P00387000,387.0,0,0.0,0.0,,0.0,normalDay
2022-12-15,3247.0,84.0,0.0,0,389.63,0.0,1,2.63,1.79,SPY221216P00387000,387.0,0,0.0,0.0,,0.0,normalDay
2022-12-16,3510.0,-373.0,263.0,100,383.27,387.0,1,2.63,0.0,SPY221216P00387000,387.0,0,0.0,0.0,,0.0,expirationDay
2022-12-19,3510.0,-701.0,0.0,100,380.02,387.0,0,0.0,0.0,,0.0,1,0.02,0.05,SPY221227C00405000,405.0,normalDay
2022-12-20,3510.0,-647.0,0.0,100,380.54,387.0,0,0.0,0.0,,0.0,1,0.02,0.03,SPY221227C00405000,405.0,normalDay
2022-12-21,3510.0,-78.0,0.0,100,386.23,387.0,0,0.0,0.0,,0.0,1,0.02,0.03,SPY221227C00405000,405.0,normalDay
2022-12-22,3510.0,-628.0,0.0,100,380.72,387.0,0,0.0,0.0,,0.0,1,0.02,0.02,SPY221227C00405000,405.0,normalDay
2022-12-23,3510.0,-408.0,0.0,100,382.91,387.0,0,0.0,0.0,,0.0,1,0.02,0.01,SPY221227C00405000,405.0,normalDay
2022-12-27,3512.0,-560.0,2.0,100,381.4,387.0,0,0.0,0.0,,0.0,1,0.02,0.0,SPY221227C00405000,405.0,expirationDay
2022-12-28,3512.0,-1037.0,0.0,100,376.66,387.0,0,0.0,0.0,,0.0,1,0.01,0.04,SPY230105C00403000,403.0,normalDay
2022-12-29,3512.0,-360.0,0.0,100,383.44,387.0,0,0.0,0.0,,0.0,1,0.01,0.05,SPY230105C00403000,403.0,normalDay
2022-12-30,3512.0,-459.0,0.0,100,382.43,387.0,0,0.0,0.0,,0.0,1,0.01,0.03,SPY230105C00403000,403.0,normalDay
2023-01-03,3512.0,-618.0,0.0,100,380.82,387.0,0,0.0,0.0,,0.0,1,0.01,0.01,SPY230105C00403000,403.0,normalDay
2023-01-04,3512.0,-324.0,0.0,100,383.76,387.0,0,0.0,0.0,,0.0,1,0.01,0.01,SPY230105C00403000,403.0,normalDay
2023-01-05,3513.0,-762.0,1.0,100,379.38,387.0,0,0.0,0.0,,0.0,1,0.01,0.0,SPY230105C00403000,403.0,expirationDay
2023-01-06,3513.0,104.0,0.0,100,388.08,387.0,0,0.0,0.0,,0.0,1,2.05,2.09,SPY230113C00395000,395.0,normalDay
2023-01-09,3513.0,102.0,0.0,100,387.86,387.0,0,0.0,0.0,,0.0,1,2.05,1.89,SPY230113C00395000,395.0,normalDay
2023-01-10,3513.0,312.0,0.0,100,390.58,387.0,0,0.0,0.0,,0.0,1,2.05,2.51,SPY230113C00395000,395.0,normalDay
2023-01-11,3513.0,587.0,0.0,100,395.52,387.0,0,0.0,0.0,,0.0,1,2.05,4.7,SPY230113C00395000,395.0,normalDay
2023-01-12,3513.0,903.0,0.0,100,396.96,387.0,0,0.0,0.0,,0.0,1,2.05,2.98,SPY230113C00395000,395.0,normalDay
2023-01-13,4518.0,903.0,1005.0,0,398.5,0.0,0,0.0,0.0,,0.0,1,2.05,0.0,SPY230113C00395000,395.0,expirationDay
2023-01-17,4518.0,-3.0,0.0,0,397.77,0.0,1,0.34,0.37,SPY230127P00379000,379.0,0,0.0,0.0,,0.0,normalDay
2023-01-18,4518.0,-40.0,0.0,0,391.49,0.0,1,0.34,0.74,SPY230127P00379000,379.0,0,0.0,0.0,,0.0,normalDay
2023-01-19,4518.0,-59.0,0.0,0,388.64,0.0,1,0.34,0.93,SPY230127P00379000,379.0,0,0.0,0.0,,0.0,normalDay
2023-01-20,4518.0,11.0,0.0,0,395.88,0.0,1,0.34,0.23,SPY230127P00379000,379.0,0,0.0,0.0,,0.0,normalDay
2023-01-23,4518.0,25.0,0.0,0,400.63,0.0,1,0.34,0.09,SPY230127P00379000,379.0,0,0.0,0.0,,0.0,normalDay
2023-01-24,4518.0,28.0,0.0,0,400.2,0.0,1,0.34,0.06,SPY230127P00379000,379.0,0,0.0,0.0,,0.0,normalDay
2023-01-25,4518.0,29.0,0.0,0,400.35,0.0,1,0.34,0.05,SPY230127P00379000,379.0,0,0.0,0.0,,0.0,normalDay
2023-01-26,4518.0,32.0,0.0,0,404.75,0.0,1,0.34,0.02,SPY230127P00379000,379.0,0,0.0,0.0,,0.0,normalDay
2023-01-27,4552.0,0.0,34.0,0,405.68,0.0,1,0.34,0.0,SPY230127P00379000,379.0,0,0.0,0.0,,0.0,expirationDay
2023-01-30,4552.0,-3.0,0.0,0,400.59,0.0,1,1.25,1.28,SPY230210P00386000,386.0,0,0.0,0.0,,0.0,normalDay
2023-01-31,4552.0,57.0,0.0,0,406.48,0.0,1,1.25,0.68,SPY230210P00386000,386.0,0,0.0,0.0,,0.0,normalDay
2023-02-01,4552.0,101.0,0.0,0,410.8,0.0,1,1.25,0.24,SPY230210P00386000,386.0,0,0.0,0.0,,0.0,normalDay
2023-02-02,4552.0,108.0,0.0,0,416.78,0.0,1,1.25,0.17,SPY230210P00386000,386.0,0,0.0,0.0,,0.0,normalDay
2023-02-03,4552.0,118.0,0.0,0,412.35,0.0,1,1.25,0.07,SPY230210P00386000,386.0,0,0.0,0.0,,0.0,normalDay
2023-02-06,4552.0,121.0,0.0,0,409.83,0.0,1,1.25,0.04,SPY230210P00386000,386.0,0,0.0,0.0,,0.0,normalDay
2023-02-07,4552.0,122.0,0.0,0,415.19,0.0,1,1.25,0.03,SPY230210P00386000,386.0,0,0.0,0.0,,0.0,normalDay
2023-02-08,4552.0,122.0,0.0,0,410.65,0.0,1,1.25,0.03,SPY230210P00386000,386.0,0,0.0,0.0,,0.0,normalDay
2023-02-09,4552.0,122.0,0.0,0,407.09,0.0,1,1.25,0.03,SPY230210P00386000,386.0,0,0.0,0.0,,0.0,normalDay
2023-02-10,4677.0,0.0,125.0,0,408.04,0.0,1,1.25,0.0,SPY230210P00386000,386.0,0,0.0,0.0,,0.0,expirationDay
2023-02-13,4677.0,-3.0,0.0,0,412.83,0.0,1,1.24,1.27,SPY230224P00397000,397.0,0,0.0,0.0,,0.0,normalDay
2023-02-14,4677.0,42.0,0.0,0,412.64,0.0,1,1.24,0.82,SPY230224P00397000,397.0,0,0.0,0.0,,0.0,normalDay
2023-02-15,4677.0,82.0,0.0,0,413.98,0.0,1,1.24,0.42,SPY230224P00397000,397.0,0,0.0,0.0,,0.0,normalDay
2023-02-16,4677.0,5.0,0.0,0,408.28,0.0,1,1.24,1.19,SPY230224P00397000,397.0,0,0.0,0.0,,0.0,normalDay
2023-02-17,4677.0,52.0,0.0,0,407.26,0.0,1,1.24,0.72,SPY230224P00397000,397.0,0,0.0,0.0,,0.0,normalDay
2023-02-21,4677.0,-98.0,0.0,0,399.09,0.0,1,1.24,2.22,SPY230224P00397000,397.0,0,0.0,0.0,,0.0,normalDay
2023-02-22,4677.0,-52.0,0.0,0,398.54,0.0,1,1.24,1.76,SPY230224P00397000,397.0,0,0.0,0.0,,0.0,normalDay
2023-02-23,4677.0,60.0,0.0,0,400.66,0.0,1,1.24,0.64,SPY230224P00397000,397.0,0,0.0,0.0,,0.0,normalDay
2023-02-24,4801.0,-62.0,124.0,100,396.38,397.0,1,1.24,0.0,SPY230224P00397000,397.0,0,0.0,0.0,,0.0,expirationDay
2023-02-27,4801.0,70.0,0.0,100,397.73,397.0,0,0.0,0.0,,0.0,1,0.13,0.16,SPY230307C00414000,414.0,normalDay
2023-02-28,4801.0,-68.0,0.0,100,396.26,397.0,0,0.0,0.0,,0.0,1,0.13,0.07,SPY230307C00414000,414.0,normalDay
2023-03-01,4801.0,-217.0,0.0,100,394.74,397.0,0,0.0,0.0,,0.0,1,0.13,0.04,SPY230307C00414000,414.0,normalDay
2023-03-02,4801.0,90.0,0.0,100,397.81,397.0,0,0.0,0.0,,0.0,1,0.13,0.04,SPY230307C00414000,414.0,normalDay
2023-03-03,4801.0,716.0,0.0,100,404.19,397.0,0,0.0,0.0,,0.0,1,0.13,0.16,SPY230307C00414000,414.0,normalDay
2023-03-06,4801.0,756.0,0.0,100,404.47,397.0,0,0.0,0.0,,0.0,1,0.13,0.04,SPY230307C00414000,414.0,normalDay
2023-03-07,4814.0,127.0,13.0,100,398.27,397.0,0,0.0,0.0,,0.0,1,0.13,0.0,SPY230307C00414000,414.0,expirationDay
2023-03-08,4814.0,189.0,0.0,100,398.92,397.0,0,0.0,0.0,,0.0,1,0.92,0.95,SPY230316C00410000,410.0,normalDay
2023-03-09,4814.0,-483.0,0.0,100,391.56,397.0,0,0.0,0.0,,0.0,1,0.92,0.31,SPY230316C00410000,410.0,normalDay
2023-03-10,4814.0,-1025.0,0.0,100,385.91,397.0,0,0.0,0.0,,0.0,1,0.92,0.08,SPY230316C00410000,410.0,normalDay
2023-03-13,4814.0,-1079.0,0.0,100,385.36,397.0,0,0.0,0.0,,0.0,1,0.92,0.07,SPY230316C00410000,410.0,normalDay
2023-03-14,4814.0,-437.0,0.0,100,391.73,397.0,0,0.0,0.0,,0.0,1,0.92,0.02,SPY230316C00410000,410.0,normalDay
2023-03-15,4814.0,-681.0,0.0,100,389.28,397.0,0,0.0,0.0,,0.0,1,0.92,0.01,SPY230316C00410000,410.0,normalDay
2023-03-16,4906.0,-89.0,92.0,100,396.11,397.0,0,0.0,0.0,,0.0,1,0.92,0.0,SPY230316C00410000,410.0,expirationDay
2023-03-17,4906.0,-704.0,0.0,100,389.99,397.0,0,0.0,0.0,,0.0,1,1.1,1.13,SPY230324C00402500,402.5,normalDay
2023-03-20,4906.0,-336.0,0.0,100,393.74,397.0,0,0.0,0.0,,0.0,1,1.1,1.2,SPY230324C00402500,402.5,normalDay
2023-03-21,4906.0,68.0,0.0,100,398.91,397.0,0,0.0,0.0,,0.0,1,1.1,2.33,SPY230324C00402500,402.5,normalDay
2023-03-22,4906.0,-402.0,0.0,100,392.11,397.0,0,0.0,0.0,,0.0,1,1.1,0.23,SPY230324C00402500,402.5,normalDay
2023-03-23,4906.0,-280.0,0.0,100,393.17,397.0,0,0.0,0.0,,0.0,1,1.1,0.07,SPY230324C00402500,402.5,normalDay
2023-03-24,5016.0,-125.0,110.0,100,395.75,397.0,0,0.0,0.0,,0.0,1,1.1,0.0,SPY230324C00402500,402.5,expirationDay
2023-03-27,5016.0,-55.0,0.0,100,396.49,397.0,0,0.0,0.0,,0.0,1,2.62,2.66,SPY230404C00400000,400.0,normalDay
2023-03-28,5016.0,-75.0,0.0,100,395.6,397.0,0,0.0,0.0,,0.0,1,2.62,1.97,SPY230404C00400000,400.0,normalDay
2023-03-29,5016.0,291.0,0.0,100,401.35,397.0,0,0.0,0.0,,0.0,1,2.62,4.06,SPY230404C00400000,400.0,normalDay
2023-03-30,5016.0,411.0,0.0,100,403.7,397.0,0,0.0,0.0,,0.0,1,2.62,5.21,SPY230404C00400000,400.0,normalDay
2023-03-31,5016.0,514.0,0.0,100,409.39,397.0,0,0.0,0.0,,0.0,1,2.62,9.87,SPY230404C00400000,400.0,normalDay
2023-04-03,5016.0,545.0,0.0,100,410.95,397.0,0,0.0,0.0,,0.0,1,2.62,11.12,SPY230404C00400000,400.0,normalDay
2023-04-04,5578.0,545.0,562.0,0,408.67,0.0,0,0.0,0.0,,0.0,1,2.62,0.0,SPY230404C00400000,400.0,expirationDay
2023-04-05,5578.0,-3.0,0.0,0,407.6,0.0,1,0.32,0.35,SPY230414P00389000,389.0,0,0.0,0.0,,0.0,normalDay
2023-04-06,5578.0,17.0,0.0,0,409.19,0.0,1,0.32,0.15,SPY230414P00389000,389.0,0,0.0,0.0,,0.0,normalDay
2023-04-10,5578.0,25.0,0.0,0,409.61,0.0,1,0.32,0.07,SPY230414P00389000,389.0,0,0.0,0.0,,0.0,normalDay
2023-04-11,5578.0,25.0,0.0,0,409.72,0.0,1,0.32,0.07,SPY230414P00389000,389.0,0,0.0,0.0,,0.0,normalDay
2023-04-12,5578.0,28.0,0.0,0,408.05,0.0,1,0.32,0.04,SPY230414P00389000,389.0,0,0.0,0.0,,0.0,normalDay
2023-04-13,5578.0,30.0,0.0,0,413.47,0.0,1,0.32,0.02,SPY230414P00389000,389.0,0,0.0,0.0,,0.0,normalDay
2023-04-14,5610.0,0.0,32.0,0,412.46,0.0,1,0.32,0.0,SPY230414P00389000,389.0,0,0.0,0.0,,0.0,expirationDay
2023-04-17,5610.0,-3.0,0.0,0,413.94,0.0,1,0.42,0.45,SPY230428P00397000,397.0,0,0.0,0.0,,0.0,normalDay
2023-04-18,5610.0,-2.0,0.0,0,414.21,0.0,1,0.42,0.44,SPY230428P00397000,397.0,0,0.0,0.0,,0.0,normalDay
2023-04-19,5610.0,8.0,0.0,0,414.14,0.0,1,0.42,0.34,SPY230428P00397000,397.0,0,0.0,0.0,,0.0,normalDay
2023-04-20,5610.0,8.0,0.0,0,411.88,0.0,1,0.42,0.34,SPY230428P00397000,397.0,0,0.0,0.0,,0.0,normalDay
2023-04-21,5610.0,19.0,0.0,0,412.2,0.0,1,0.42,0.23,SPY230428P00397000,397.0,0,0.0,0.0,,0.0,normalDay
2023-04-24,5610.0,33.0,0.0,0,412.63,0.0,1,0.42,0.09,SPY230428P00397000,397.0,0,0.0,0.0,,0.0,normalDay
2023-04-25,5610.0,14.0,0.0,0,406.08,0.0,1,0.42,0.28,SPY230428P00397000,397.0,0,0.0,0.0,,0.0,normalDay
2023-04-26,5610.0,12.0,0.0,0,404.36,0.0,1,0.42,0.3,SPY230428P00397000,397.0,0,0.0,0.0,,0.0,normalDay
2023-04-27,5610.0,39.0,0.0,0,412.41,0.0,1,0.42,0.03,SPY230428P00397000,397.0,0,0.0,0.0,,0.0,normalDay
2023-04-28,5652.0,0.0,42.0,0,415.93,0.0,1,0.42,0.0,SPY230428P00397000,397.0,0,0.0,0.0,,0.0,expirationDay
2023-05-01,5652.0,-3.0,0.0,0,415.51,0.0,1,1.62,1.65,SPY230512P00408000,408.0,0,0.0,0.0,,0.0,normalDay
2023-05-02,5652.0,-161.0,0.0,0,410.84,0.0,1,1.62,3.23,SPY230512P00408000,408.0,0,0.0,0.0,,0.0,normalDay
2023-05-03,5652.0,-225.0,0.0,0,408.02,0.0,1,1.62,3.87,SPY230512P00408000,408.0,0,0.0,0.0,,0.0,normalDay
2023-05-04,5652.0,-421.0,0.0,0,405.13,0.0,1,1.62,5.83,SPY230512P00408000,408.0,0,0.0,0.0,,0.0,normalDay
2023-05-05,5652.0,-4.0,0.0,0,412.63,0.0,1,1.62,1.66,SPY230512P00408000,408.0,0,0.0,0.0,,0.0,normalDay
2023-05-08,5652.0,55.0,0.0,0,412.74,0.0,1,1.62,1.07,SPY230512P00408000,408.0,0,0.0,0.0,,0.0,normalDay
2023-05-09,5652.0,21.0,0.0,0,410.93,0.0,1,1.62,1.41,SPY230512P00408000,408.0,0,0.0,0.0,,0.0,normalDay
2023-05-10,5652.0,122.0,0.0,0,412.85,0.0,1,1.62,0.4,SPY230512P00408000,408.0,0,0.0,0.0,,0.0,normalDay
2023-05-11,5652.0,138.0,0.0,0,412.13,0.0,1,1.62,0.24,SPY230512P00408000,408.0,0,0.0,0.0,,0.0,normalDay
2023-05-12,5814.0,0.0,162.0,0,411.59,0.0,1,1.62,0.0,SPY230512P00408000,408.0,0,0.0,0.0,,0.0,expirationDay
2023-05-15,5814.0,-3.0,0.0,0,413.01,0.0,1,1.87,1.9,SPY230526P00408000,408.0,0,0.0,0.0,,0.0,normalDay
2023-05-16,5814.0,-89.0,0.0,0,410.25,0.0,1,1.87,2.76,SPY230526P00408000,408.0,0,0.0,0.0,,0.0,normalDay
2023-05-17,5814.0,64.0,0.0,0,415.23,0.0,1,1.87,1.23,SPY230526P00408000,408.0,0,0.0,0.0,,0.0,normalDay
2023-05-18,5814.0,133.0,0.0,0,419.23,0.0,1,1.87,0.54,SPY230526P00408000,408.0,0,0.0,0.0,,0.0,normalDay
2023-05-19,5814.0,142.0,0.0,0,418.62,0.0,1,1.87,0.45,SPY230526P00408000,408.0,0,0.0,0.0,,0.0,normalDay
2023-05-22,5814.0,160.0,0.0,0,418.79,0.0,1,1.87,0.27,SPY230526P00408000,408.0,0,0.0,0.0,,0.0,normalDay
2023-05-23,5814.0,124.0,0.0,0,414.09,0.0,1,1.87,0.63,SPY230526P00408000,408.0,0,0.0,0.0,,0.0,normalDay
2023-05-24,5814.0,88.0,0.0,0,411.09,0.0,1,1.87,0.99,SPY230526P00408000,408.0,0,0.0,0.0,,0.0,normalDay
2023-05-25,5814.0,171.0,0.0,0,414.65,0.0,1,1.87,0.16,SPY230526P00408000,408.0,0,0.0,0.0,,0.0,normalDay
2023-05-26,6001.0,0.0,187.0,0,420.02,0.0,1,1.87,0.0,SPY230526P00408000,408.0,0,0.0,0.0,,0.0,expirationDay
2023-05-30,6001.0,-3.0,0.0,0,420.18,0.0,1,1.11,1.14,SPY230609P00410000,410.0,0,0.0,0.0,,0.0,normalDay
2023-05-31,6001.0,-15.0,0.0,0,417.85,0.0,1,1.11,1.26,SPY230609P00410000,410.0,0,0.0,0.0,,0.0,normalDay
2023-06-01,6001.0,69.0,0.0,0,421.82,0.0,1,1.11,0.42,SPY230609P00410000,410.0,0,0.0,0.0,,0.0,normalDay
2023-06-02,6001.0,100.0,0.0,0,427.92,0.0,1,1.11,0.11,SPY230609P00410000,410.0,0,0.0,0.0,,0.0,normalDay
2023-06-05,6001.0,105.0,0.0,0,427.1,0.0,1,1.11,0.06,SPY230609P00410000,410.0,0,0.0,0.0,,0.0,normalDay
2023-06-06,6001.0,105.0,0.0,0,428.03,0.0,1,1.11,0.06,SPY230609P00410000,410.0,0,0.0,0.0,,0.0,normalDay
2023-06-07,6001.0,107.0,0.0,0,426.55,0.0,1,1.11,0.04,SPY230609P00410000,410.0,0,0.0,0.0,,0.0,normalDay
2023-06-08,6001.0,108.0,0.0,0,429.13,0.0,1,1.11,0.03,SPY230609P00410000,410.0,0,0.0,0.0,,0.0,normalDay
2023-06-09,6112.0,0.0,111.0,0,429.9,0.0,1,1.11,0.0,SPY230609P00410000,410.0,0,0.0,0.0,,0.0,expirationDay
2023-06-12,6112.0,-3.0,0.0,0,433.8,0.0,1,0.41,0.44,SPY230623P00414000,414.0,0,0.0,0.0,,0.0,normalDay
2023-06-13,6112.0,13.0,0.0,0,436.66,0.0,1,0.41,0.28,SPY230623P00414000,414.0,0,0.0,0.0,,0.0,normalDay
2023-06-14,6112.0,25.0,0.0,0,437.18,0.0,1,0.41,0.16,SPY230623P00414000,414.0,0,0.0,0.0,,0.0,normalDay
2023-06-15,6112.0,27.0,0.0,0,442.6,0.0,1,0.41,0.14,SPY230623P00414000,414.0,0,0.0,0.0,,0.0,normalDay
2023-06-16,6112.0,36.0,0.0,0,439.46,0.0,1,0.41,0.05,SPY230623P00414000,414.0,0,0.0,0.0,,0.0,normalDay
2023-06-20,6112.0,38.0,0.0,0,437.18,0.0,1,0.41,0.03,SPY230623P00414000,414.0,0,0.0,0.0,,0.0,normalDay
2023-06-21,6112.0,39.0,0.0,0,434.94,0.0,1,0.41,0.02,SPY230623P00414000,414.0,0,0.0,0.0,,0.0,normalDay
2023-06-22,6112.0,39.0,0.0,0,436.51,0.0,1,0.41,0.02,SPY230623P00414000,414.0,0,0.0,0.0,,0.0,normalDay
2023-06-23,6153.0,0.0,41.0,0,433.21,0.0,1,0.41,0.0,SPY230623P00414000,414.0,0,0.0,0.0,,0.0,expirationDay
2023-06-26,6153.0,-3.0,0.0,0,431.44,0.0,1,0.93,0.96,SPY230707P00424000,424.0,0,0.0,0.0,,0.0,normalDay
2023-06-27,6153.0,51.0,0.0,0,436.17,0.0,1,0.93,0.42,SPY230707P00424000,424.0,0,0.0,0.0,,0.0,normalDay
2023-06-28,6153.0,65.0,0.0,0,436.39,0.0,1,0.93,0.28,SPY230707P00424000,424.0,0,0.0,0.0,,0.0,normalDay
2023-06-29,6153.0,73.0,0.0,0,438.11,0.0,1,0.93,0.2,SPY230707P00424000,424.0,0,0.0,0.0,,0.0,normalDay
2023-06-30,6153.0,85.0,0.0,0,443.28,0.0,1,0.93,0.08,SPY230707P00424000,424.0,0,0.0,0.0,,0.0,normalDay
2023-07-03,6153.0,86.0,0.0,0,443.79,0.0,1,0.93,0.07,SPY230707P00424000,424.0,0,0.0,0.0,,0.0,normalDay
2023-07-05,6153.0,89.0,0.0,0,443.13,0.0,1,0.93,0.04,SPY230707P00424000,424.0,0,0.0,0.0,,0.0,normalDay
2023-07-06,6153.0,90.0,0.0,0,439.66,0.0,1,0.93,0.03,SPY230707P00424000,424.0,0,0.0,0.0,,0.0,normalDay
2023-07-07,6246.0,0.0,93.0,0,438.55,0.0,1,0.93,0.0,SPY230707P00424000,424.0,0,0.0,0.0,,0.0,expirationDay
2023-07-10,6246.0,-3.0,0.0,0,439.66,0.0,1,1.49,1.52,SPY230721P00434000,434.0,0,0.0,0.0,,0.0,normalDay
2023-07-11,6246.0,45.0,0.0,0,442.46,0.0,1,1.49,1.04,SPY230721P00434000,434.0,0,0.0,0.0,,0.0,normalDay
2023-07-12,6246.0,117.0,0.0,0,446.02,0.0,1,1.49,0.32,SPY230721P00434000,434.0,0,0.0,0.0,,0.0,normalDay
2023-07-13,6246.0,127.0,0.0,0,449.56,0.0,1,1.49,0.22,SPY230721P00434000,434.0,0,0.0,0.0,,0.0,normalDay
2023-07-14,6246.0,135.0,0.0,0,449.28,0.0,1,1.49,0.14,SPY230721P00434000,434.0,0,0.0,0.0,,0.0,normalDay
2023-07-17,6246.0,142.0,0.0,0,450.84,0.0,1,1.49,0.07,SPY230721P00434000,434.0,0,0.0,0.0,,0.0,normalDay
2023-07-18,6246.0,143.0,0.0,0,454.19,0.0,1,1.49,0.06,SPY230721P00434000,434.0,0,0.0,0.0,,0.0,normalDay
2023-07-19,6246.0,145.0,0.0,0,455.2,0.0,1,1.49,0.04,SPY230721P00434000,434.0,0,0.0,0.0,,0.0,normalDay
2023-07-20,6246.0,145.0,0.0,0,452.18,0.0,1,1.49,0.04,SPY230721P00434000,434.0,0,0.0,0.0,,0.0,normalDay
2023-07-21,6395.0,0.0,149.0,0,452.18,0.0,1,1.49,0.0,SPY230721P00434000,434.0,0,0.0,0.0,,0.0,expirationDay
2023-07-24,6395.0,-3.0,0.0,0,454.2,0.0,1,0.4,0.43,SPY230804P00438000,438.0,0,0.0,0.0,,0.0,normalDay
2023-07-25,6395.0,5.0,0.0,0,455.44,0.0,1,0.4,0.35,SPY230804P00438000,438.0,0,0.0,0.0,,0.0,normalDay
2023-07-26,6395.0,20.0,0.0,0,455.51,0.0,1,0.4,0.2,SPY230804P00438000,438.0,0,0.0,0.0,,0.0,normalDay
2023-07-27,6395.0,3.0,0.0,0,452.49,0.0,1,0.4,0.37,SPY230804P00438000,438.0,0,0.0,0.0,,0.0,normalDay
2023-07-28,6395.0,32.0,0.0,0,456.92,0.0,1,0.4,0.08,SPY230804P00438000,438.0,0,0.0,0.0,,0.0,normalDay
2023-07-31,6395.0,33.0,0.0,0,457.79,0.0,1,0.4,0.07,SPY230804P00438000,438.0,0,0.0,0.0,,0.0,normalDay
2023-08-01,6395.0,34.0,0.0,0,456.48,0.0,1,0.4,0.06,SPY230804P00438000,438.0,0,0.0,0.0,,0.0,normalDay
2023-08-02,6395.0,27.0,0.0,0,450.13,0.0,1,0.4,0.13,SPY230804P00438000,438.0,0,0.0,0.0,,0.0,normalDay
2023-08-03,6395.0,36.0,0.0,0,448.84,0.0,1,0.4,0.04,SPY230804P00438000,438.0,0,0.0,0.0,,0.0,normalDay
2023-08-04,6435.0,0.0,40.0,0,446.81,0.0,1,0.4,0.0,SPY230804P00438000,438.0,0,0.0,0.0,,0.0,expirationDay
2023-08-07,6435.0,-3.0,0.0,0,450.71,0.0,1,2.57,2.6,SPY230818P00448000,448.0,0,0.0,0.0,,0.0,normalDay
2023-08-08,6435.0,-74.0,0.0,0,448.75,0.0,1,2.57,3.31,SPY230818P00448000,448.0,0,0.0,0.0,,0.0,normalDay
2023-08-09,6435.0,-194.0,0.0,0,445.75,0.0,1,2.57,4.51,SPY230818P00448000,448.0,0,0.0,0.0,,0.0,normalDay
2023-08-10,6435.0,-193.0,0.0,0,445.91,0.0,1,2.57,4.5,SPY230818P00448000,448.0,0,0.0,0.0,,0.0,normalDay
2023-08-11,6435.0,-140.0,0.0,0,445.65,0.0,1,2.57,3.97,SPY230818P00448000,448.0,0,0.0,0.0,,0.0,normalDay
2023-08-14,6435.0,31.0,0.0,0,448.11,0.0,1,2.57,2.26,SPY230818P00448000,448.0,0,0.0,0.0,,0.0,normalDay
2023-08-15,6435.0,-307.0,0.0,0,442.89,0.0,1,2.57,5.64,SPY230818P00448000,448.0,0,0.0,0.0,,0.0,normalDay
2023-08-16,6435.0,-570.0,0.0,0,439.64,0.0,1,2.57,8.27,SPY230818P00448000,448.0,0,0.0,0.0,,0.0,normalDay
2023-08-17,6435.0,-930.0,0.0,0,436.29,0.0,1,2.57,11.87,SPY230818P00448000,448.0,0,0.0,0.0,,0.0,normalDay
2023-08-18,6692.0,-1150.0,257.0,100,436.5,448.0,1,2.57,0.0,SPY230818P00448000,448.0,0,0.0,0.0,,0.0,expirationDay
2023-08-21,6692.0,-869.0,0.0,100,439.34,448.0,0,0.0,0.0,,0.0,1,0.06,0.09,SPY230829C00455000,455.0,normalDay
2023-08-22,6692.0,-984.0,0.0,100,438.15,448.0,0,0.0,0.0,,0.0,1,0.06,0.05,SPY230829C00455000,455.0,normalDay
2023-08-23,6692.0,-505.0,0.0,100,443.03,448.0,0,0.0,0.0,,0.0,1,0.06,0.14,SPY230829C00455000,455.0,normalDay
2023-08-24,6692.0,-1107.0,0.0,100,436.89,448.0,0,0.0,0.0,,0.0,1,0.06,0.02,SPY230829C00455000,455.0,normalDay
2023-08-25,6692.0,-799.0,0.0,100,439.97,448.0,0,0.0,0.0,,0.0,1,0.06,0.02,SPY230829C00455000,455.0,normalDay
2023-08-28,6692.0,-519.0,0.0,100,442.76,448.0,0,0.0,0.0,,0.0,1,0.06,0.01,SPY230829C00455000,455.0,normalDay
2023-08-29,6698.0,116.0,6.0,100,449.16,448.0,0,0.0,0.0,,0.0,1,0.06,0.0,SPY230829C00455000,455.0,expirationDay
2023-08-30,6698.0,295.0,0.0,100,451.01,448.0,0,0.0,0.0,,0.0,1,4.3,4.36,SPY230907C00449000,449.0,normalDay
2023-08-31,6698.0,297.0,0.0,100,450.35,448.0,0,0.0,0.0,,0.0,1,4.3,3.68,SPY230907C00449000,449.0,normalDay
2023-09-01,6698.0,414.0,0.0,100,451.19,448.0,0,0.0,0.0,,0.0,1,4.3,3.35,SPY230907C00449000,449.0,normalDay
2023-09-05,6698.0,377.0,0.0,100,449.24,448.0,0,0.0,0.0,,0.0,1,4.3,1.77,SPY230907C00449000,449.0,normalDay
2023-09-06,6698.0,230.0,0.0,100,446.22,448.0,0,0.0,0.0,,0.0,1,4.3,0.22,SPY230907C00449000,449.0,normalDay
2023-09-07,7128.0,-315.0,430.0,100,444.85,448.0,0,0.0,0.0,,0.0,1,4.3,0.0,SPY230907C00449000,449.0,expirationDay
2023-09-08,7128.0,-251.0,0.0,100,445.52,448.0,0,0.0,0.0,,0.0,1,1.13,1.16,SPY230915C00449000,449.0,normalDay
2023-09-11,7128.0,-29.0,0.0,100,448.45,448.0,0,0.0,0.0,,0.0,1,1.13,1.87,SPY230915C00449000,449.0,normalDay
2023-09-12,7128.0,-177.0,0.0,100,445.99,448.0,0,0.0,0.0,,0.0,1,1.13,0.89,SPY230915C00449000,449.0,normalDay
2023-09-13,7128.0,-85.0,0.0,100,446.51,448.0,0,0.0,0.0,,0.0,1,1.13,0.49,SPY230915C00449000,449.0,normalDay
2023-09-14,7128.0,179.0,0.0,100,450.36,448.0,0,0.0,0.0,,0.0,1,1.13,1.7,SPY230915C00449000,449.0,normalDay
2023-09-15,7241.0,-463.0,113.0,100,443.37,448.0,0,0.0,0.0,,0.0,1,1.13,0.0,SPY230915C00449000,449.0,expirationDay
2023-09-18,7241.0,-440.0,0.0,100,443.63,448.0,0,0.0,0.0,,0.0,1,0.73,0.76,SPY230926C00450000,450.0,normalDay
2023-09-19,7241.0,-507.0,0.0,100,442.71,448.0,0,0.0,0.0,,0.0,1,0.73,0.51,SPY230926C00450000,450.0,normalDay
2023-09-20,7241.0,-872.0,0.0,100,438.64,448.0,0,0.0,0.0,,0.0,1,0.73,0.09,SPY230926C00450000,450.0,normalDay
2023-09-21,7241.0,-1590.0,0.0,100,431.39,448.0,0,0.0,0.0,,0.0,1,0.73,0.02,SPY230926C00450000,450.0,normalDay
2023-09-22,7241.0,-1686.0,0.0,100,430.42,448.0,0,0.0,0.0,,0.0,1,0.73,0.01,SPY230926C00450000,450.0,normalDay
2023-09-25,7241.0,-1505.0,0.0,100,432.23,448.0,0,0.0,0.0,,0.0,1,0.73,0.01,SPY230926C00450000,450.0,normalDay
2023-09-26,7314.0,-2212.0,73.0,100,425.88,448.0,0,0.0,0.0,,0.0,1,0.73,0.0,SPY230926C00450000,450.0,expirationDay
2023-09-27,7314.0,-2195.0,0.0,100,426.05,448.0,0,0.0,0.0,,0.0,0,0.0,0.0,,0.0,bidTooLow
2023-09-28,7314.0,-1951.0,0.0,100,428.52,448.0,0,0.0,0.0,,0.0,1,0.01,0.04,SPY231006C00451000,451.0,normalDay
2023-09-29,7314.0,-2053.0,0.0,100,427.48,448.0,0,0.0,0.0,,0.0,1,0.01,0.02,SPY231006C00451000,451.0,normalDay
2023-10-02,7314.0,-2069.0,0.0,100,427.31,448.0,0,0.0,0.0,,0.0,1,0.01,0.01,SPY231006C00451000,451.0,normalDay
2023-10-03,7314.0,-2641.0,0.0,100,421.59,448.0,0,0.0,0.0,,0.0,1,0.01,0.01,SPY231006C00451000,451.0,normalDay
2023-10-04,7314.0,-2334.0,0.0,100,424.66,448.0,0,0.0,0.0,,0.0,1,0.01,0.01,SPY231006C00451000,451.0,normalDay
2023-10-05,7314.0,-2350.0,0.0,100,424.5,448.0,0,0.0,0.0,,0.0,1,0.01,0.01,SPY231006C00451000,451.0,normalDay
2023-10-06,7315.0,-1846.0,1.0,100,429.54,448.0,0,0.0,0.0,,0.0,1,0.01,0.0,SPY231006C00451000,451.0,expirationDay
2023-10-09,7315.0,-1574.0,0.0,100,432.29,448.0,0,0.0,0.0,,0.0,1,0.48,0.51,SPY231017C00443000,443.0,normalDay
2023-10-10,7315.0,-1360.0,0.0,100,434.54,448.0,0,0.0,0.0,,0.0,1,0.48,0.62,SPY231017C00443000,443.0,normalDay
2023-10-11,7315.0,-1187.0,0.0,100,436.32,448.0,0,0.0,0.0,,0.0,1,0.48,0.67,SPY231017C00443000,443.0,normalDay
2023-10-12,7315.0,-1399.0,0.0,100,433.66,448.0,0,0.0,0.0,,0.0,1,0.48,0.13,SPY231017C00443000,443.0,normalDay
2023-10-13,7315.0,-1605.0,0.0,100,431.5,448.0,0,0.0,0.0,,0.0,1,0.48,0.03,SPY231017C00443000,443.0,normalDay
2023-10-16,7315.0,-1151.0,0.0,100,436.04,448.0,0,0.0,0.0,,0.0,1,0.48,0.03,SPY231017C00443000,443.0,normalDay
2023-10-17,7363.0,-1198.0,48.0,100,436.02,448.0,0,0.0,0.0,,0.0,1,0.48,0.0,SPY231017C00443000,443.0,expirationDay
2023-10-18,7363.0,-1782.0,0.0,100,430.21,448.0,0,0.0,0.0,,0.0,1,2.42,2.45,SPY231026C00435000,435.0,normalDay
2023-10-19,7363.0,-2018.0,0.0,100,426.43,448.0,0,0.0,0.0,,0.0,1,2.42,1.03,SPY231026C00435000,435.0,normalDay
2023-10-20,7363.0,-2457.0,0.0,100,421.19,448.0,0,0.0,0.0,,0.0,1,2.42,0.18,SPY231026C00435000,435.0,normalDay
2023-10-23,7363.0,-2517.0,0.0,100,420.46,448.0,0,0.0,0.0,,0.0,1,2.42,0.05,SPY231026C00435000,435.0,normalDay
2023-10-24,7363.0,-2198.0,0.0,100,423.63,448.0,0,0.0,0.0,,0.0,1,2.42,0.03,SPY231026C00435000,435.0,normalDay
2023-10-25,7363.0,-2804.0,0.0,100,417.55,448.0,0,0.0,0.0,,0.0,1,2.42,0.01,SPY231026C00435000,435.0,normalDay
2023-10-26,7605.0,-3545.0,242.0,100,412.55,448.0,0,0.0,0.0,,0.0,1,2.42,0.0,SPY231026C00435000,435.0,expirationDay
2023-10-27,7605.0,-3732.0,0.0,100,410.68,448.0,0,0.0,0.0,,0.0,0,0.0,0.0,,0.0,bidTooLow
2023-10-30,7605.0,-3244.0,0.0,100,415.59,448.0,0,0.0,0.0,,0.0,1,0.05,0.08,SPY231107C00435000,435.0,normalDay
2023-10-31,7605.0,-2982.0,0.0,100,418.2,448.0,0,0.0,0.0,,0.0,1,0.05,0.07,SPY231107C00435000,435.0,normalDay
2023-11-01,7605.0,-2540.0,0.0,100,422.66,448.0,0,0.0,0.0,,0.0,1,0.05,0.11,SPY231107C00435000,435.0,normalDay
2023-11-02,7605.0,-1796.0,0.0,100,430.76,448.0,0,0.0,0.0,,0.0,1,0.05,0.77,SPY231107C00435000,435.0,normalDay
2023-11-03,7605.0,-1508.0,0.0,100,434.69,448.0,0,0.0,0.0,,0.0,1,0.05,1.82,SPY231107C00435000,435.0,normalDay
2023-11-06,7605.0,-1359.0,0.0,100,435.69,448.0,0,0.0,0.0,,0.0,1,0.05,1.33,SPY231107C00435000,435.0,normalDay
2023-11-07,6310.0,-1359.0,-1295.0,0,436.93,0.0,0,0.0,0.0,,0.0,1,0.05,0.0,SPY231107C00435000,435.0,expirationDay
2023-11-08,6310.0,-3.0,0.0,0,437.25,0.0,1,0.24,0.27,SPY231117P00418000,418.0,0,0.0,0.0,,0.0,normalDay
2023-11-09,6310.0,-10.0,0.0,0,433.84,0.0,1,0.24,0.34,SPY231117P00418000,418.0,0,0.0,0.0,,0.0,normalDay
2023-11-10,6310.0,12.0,0.0,0,440.61,0.0,1,0.24,0.12,SPY231117P00418000,418.0,0,0.0,0.0,,0.0,normalDay
2023-11-13,6310.0,16.0,0.0,0,440.19,0.0,1,0.24,0.08,SPY231117P00418000,418.0,0,0.0,0.0,,0.0,normalDay
2023-11-14,6310.0,18.0,0.0,0,448.73,0.0,1,0.24,0.06,SPY231117P00418000,418.0,0,0.0,0.0,,0.0,normalDay
2023-11-15,6310.0,20.0,0.0,0,449.68,0.0,1,0.24,0.04,SPY231117P00418000,418.0,0,0.0,0.0,,0.0,normalDay
2023-11-16,6310.0,22.0,0.0,0,450.23,0.0,1,0.24,0.02,SPY231117P00418000,418.0,0,0.0,0.0,,0.0,normalDay
2023-11-17,6334.0,0.0,24.0,0,450.79,0.0,1,0.24,0.0,SPY231117P00418000,418.0,0,0.0,0.0,,0.0,expirationDay
2023-11-20,6334.0,-3.0,0.0,0,454.26,0.0,1,0.07,0.1,SPY231201P00419000,419.0,0,0.0,0.0,,0.0,normalDay
2023-11-21,6334.0,-2.0,0.0,0,453.27,0.0,1,0.07,0.09,SPY231201P00419000,419.0,0,0.0,0.0,,0.0,normalDay
2023-11-22,6334.0,1.0,0.0,0,455.02,0.0,1,0.07,0.06,SPY231201P00419000,419.0,0,0.0,0.0,,0.0,normalDay
2023-11-24,6334.0,3.0,0.0,0,455.3,0.0,1,0.07,0.04,SPY231201P00419000,419.0,0,0.0,0.0,,0.0,normalDay
2023-11-27,6334.0,4.0,0.0,0,454.48,0.0,1,0.07,0.03,SPY231201P00419000,419.0,0,0.0,0.0,,0.0,normalDay
2023-11-28,6334.0,4.0,0.0,0,454.93,0.0,1,0.07,0.03,SPY231201P00419000,419.0,0,0.0,0.0,,0.0,normalDay
2023-11-29,6334.0,5.0,0.0,0,454.61,0.0,1,0.07,0.02,SPY231201P00419000,419.0,0,0.0,0.0,,0.0,normalDay
2023-11-30,6334.0,6.0,0.0,0,456.4,0.0,1,0.07,0.01,SPY231201P00419000,419.0,0,0.0,0.0,,0.0,normalDay
