date,totalCapital,unrializedPnL,rializedPnL,stocksOwned,stocksPriceToday,stocksPriceBoughtAt,putOwned,putOwnedSoldAt,putPriceToday,putOwnedContract,putOwnedStrike,callOwned,callOwnedSoldAt,callPriceToday,callOwnedContract,callOwnedStrike,trackType
2018-11-01,0.0,-9.0,0.0,0,273.51,0.0,1,4.1,4.19,SPY190315P00245000,245.0,0,0.0,0.0,,0.0,normalDay
2018-11-02,0.0,-32.0,0.0,0,271.89,0.0,1,4.1,4.42,SPY190315P00245000,245.0,0,0.0,0.0,,0.0,normalDay
2018-11-05,0.0,6.0,0.0,0,273.39,0.0,1,4.1,4.04,SPY190315P00245000,245.0,0,0.0,0.0,,0.0,normalDay
2018-11-06,0.0,43.0,0.0,0,275.12,0.0,1,4.1,3.67,SPY190315P00245000,245.0,0,0.0,0.0,,0.0,normalDay
2018-11-07,0.0,153.0,0.0,0,281.01,0.0,1,4.1,2.57,SPY190315P00245000,245.0,0,0.0,0.0,,0.0,normalDay
2018-11-08,0.0,154.0,0.0,0,280.5,0.0,1,4.1,2.56,SPY190315P00245000,245.0,0,0.0,0.0,,0.0,normalDay
2018-11-09,0.0,104.0,0.0,0,277.76,0.0,1,4.1,3.06,SPY190315P00245000,245.0,0,0.0,0.0,,0.0,normalDay
2018-11-12,0.0,8.0,0.0,0,272.57,0.0,1,4.1,4.02,SPY190315P00245000,245.0,0,0.0,0.0,,0.0,normalDay
2018-11-13,0.0,-11.0,0.0,0,272.06,0.0,1,4.1,4.21,SPY190315P00245000,245.0,0,0.0,0.0,,0.0,normalDay
2018-11-14,0.0,-62.0,0.0,0,270.2,0.0,1,4.1,4.72,SPY190315P00245000,245.0,0,0.0,0.0,,0.0,normalDay
2018-11-15,0.0,7.0,0.0,0,273.02,0.0,1,4.1,4.03,SPY190315P00245000,245.0,0,0.0,0.0,,0.0,normalDay
2018-11-16,0.0,52.0,0.0,0,273.73,0.0,1,4.1,3.58,SPY190315P00245000,245.0,0,0.0,0.0,,0.0,normalDay
2018-11-19,0.0,-40.0,0.0,0,269.1,0.0,1,4.1,4.5,SPY190315P00245000,245.0,0,0.0,0.0,,0.0,normalDay
2018-11-20,0.0,-180.0,0.0,0,264.12,0.0,1,4.1,5.9,SPY190315P00245000,245.0,0,0.0,0.0,,0.0,normalDay
2018-11-21,0.0,-124.0,0.0,0,265.02,0.0,1,4.1,5.34,SPY190315P00245000,245.0,0,0.0,0.0,,0.0,normalDay
2018-11-23,0.0,-165.0,0.0,0,263.25,0.0,1,4.1,5.75,SPY190315P00245000,245.0,0,0.0,0.0,,0.0,normalDay
2018-11-26,0.0,-7.0,0.0,0,267.5,0.0,1,4.1,4.17,SPY190315P00245000,245.0,0,0.0,0.0,,0.0,normalDay
2018-11-27,0.0,6.0,0.0,0,268.4,0.0,1,4.1,4.04,SPY190315P00245000,245.0,0,0.0,0.0,,0.0,normalDay
2018-11-28,0.0,106.0,0.0,0,274.58,0.0,1,4.1,3.04,SPY190315P00245000,245.0,0,0.0,0.0,,0.0,normalDay
2018-11-29,0.0,92.0,0.0,0,273.98,0.0,1,4.1,3.18,SPY190315P00245000,245.0,0,0.0,0.0,,0.0,normalDay
2018-11-30,0.0,128.0,0.0,0,275.65,0.0,1,4.1,2.82,SPY190315P00245000,245.0,0,0.0,0.0,,0.0,normalDay
2018-12-03,0.0,191.0,0.0,0,279.3,0.0,1,4.1,2.19,SPY190315P00245000,245.0,0,0.0,0.0,,0.0,normalDay
2018-12-04,0.0,24.0,0.0,0,270.25,0.0,1,4.1,3.86,SPY190315P00245000,245.0,0,0.0,0.0,,0.0,normalDay
2018-12-06,0.0,18.0,0.0,0,269.84,0.0,1,4.1,3.92,SPY190315P00245000,245.0,0,0.0,0.0,,0.0,normalDay
2018-12-07,0.0,-134.0,0.0,0,263.57,0.0,1,4.1,5.44,SPY190315P00245000,245.0,0,0.0,0.0,,0.0,normalDay
2018-12-10,0.0,-87.0,0.0,0,264.07,0.0,1,4.1,4.97,SPY190315P00245000,245.0,0,0.0,0.0,,0.0,normalDay
2018-12-11,0.0,-76.0,0.0,0,264.13,0.0,1,4.1,4.86,SPY190315P00245000,245.0,0,0.0,0.0,,0.0,normalDay
2018-12-12,0.0,-49.0,0.0,0,265.46,0.0,1,4.1,4.59,SPY190315P00245000,245.0,0,0.0,0.0,,0.0,normalDay
2018-12-13,0.0,-29.0,0.0,0,265.37,0.0,1,4.1,4.39,SPY190315P00245000,245.0,0,0.0,0.0,,0.0,normalDay
2018-12-14,0.0,-138.0,0.0,0,260.47,0.0,1,4.1,5.48,SPY190315P00245000,245.0,0,0.0,0.0,,0.0,normalDay
2018-12-17,0.0,-293.0,0.0,0,255.36,0.0,1,4.1,7.03,SPY190315P00245000,245.0,0,0.0,0.0,,0.0,normalDay
2018-12-18,0.0,-328.0,0.0,0,255.08,0.0,1,4.1,7.38,SPY190315P00245000,245.0,0,0.0,0.0,,0.0,normalDay
2018-12-19,0.0,-401.0,0.0,0,251.26,0.0,1,4.1,8.11,SPY190315P00245000,245.0,0,0.0,0.0,,0.0,normalDay
2018-12-20,0.0,-581.0,0.0,0,247.17,0.0,1,4.1,9.91,SPY190315P00245000,245.0,0,0.0,0.0,,0.0,normalDay
2018-12-21,0.0,-885.0,0.0,0,240.7,0.0,1,4.1,12.95,SPY190315P00245000,245.0,0,0.0,0.0,,0.0,normalDay
2018-12-24,0.0,-1361.0,0.0,0,234.34,0.0,1,4.1,17.71,SPY190315P00245000,245.0,0,0.0,0.0,,0.0,normalDay
2018-12-26,0.0,-576.0,0.0,0,246.18,0.0,1,4.1,9.86,SPY190315P00245000,245.0,0,0.0,0.0,,0.0,normalDay
2018-12-27,0.0,-524.0,0.0,0,248.07,0.0,1,4.1,9.34,SPY190315P00245000,245.0,0,0.0,0.0,,0.0,normalDay
2018-12-28,0.0,-525.0,0.0,0,247.75,0.0,1,4.1,9.35,SPY190315P00245000,245.0,0,0.0,0.0,,0.0,normalDay
2018-12-31,0.0,-368.0,0.0,0,249.92,0.0,1,4.1,7.78,SPY190315P00245000,245.0,0,0.0,0.0,,0.0,normalDay
2019-01-02,0.0,-292.0,0.0,0,250.18,0.0,1,4.1,7.02,SPY190315P00245000,245.0,0,0.0,0.0,,0.0,normalDay
2019-01-03,0.0,-583.0,0.0,0,244.21,0.0,1,4.1,9.93,SPY190315P00245000,245.0,0,0.0,0.0,,0.0,normalDay
2019-01-04,0.0,-192.0,0.0,0,252.39,0.0,1,4.1,6.02,SPY190315P00245000,245.0,0,0.0,0.0,,0.0,normalDay
2019-01-07,0.0,-123.0,0.0,0,254.38,0.0,1,4.1,5.33,SPY190315P00245000,245.0,0,0.0,0.0,,0.0,normalDay
2019-01-08,0.0,-38.0,0.0,0,256.77,0.0,1,4.1,4.48,SPY190315P00245000,245.0,0,0.0,0.0,,0.0,normalDay
2019-01-09,0.0,8.0,0.0,0,257.97,0.0,1,4.1,4.02,SPY190315P00245000,245.0,0,0.0,0.0,,0.0,normalDay
2019-01-10,0.0,42.0,0.0,0,258.88,0.0,1,4.1,3.68,SPY190315P00245000,245.0,0,0.0,0.0,,0.0,normalDay
2019-01-11,0.0,76.0,0.0,0,258.98,0.0,1,4.1,3.34,SPY190315P00245000,245.0,0,0.0,0.0,,0.0,normalDay
2019-01-14,0.0,59.0,0.0,0,257.4,0.0,1,4.1,3.51,SPY190315P00245000,245.0,0,0.0,0.0,,0.0,normalDay
2019-01-15,0.0,133.0,0.0,0,260.35,0.0,1,4.1,2.77,SPY190315P00245000,245.0,0,0.0,0.0,,0.0,normalDay
2019-01-16,0.0,147.0,0.0,0,260.98,0.0,1,4.1,2.63,SPY190315P00245000,245.0,0,0.0,0.0,,0.0,normalDay
2019-01-17,0.0,187.0,0.0,0,262.96,0.0,1,4.1,2.23,SPY190315P00245000,245.0,0,0.0,0.0,,0.0,normalDay
2019-01-18,0.0,232.0,0.0,0,266.46,0.0,1,4.1,1.78,SPY190315P00245000,245.0,0,0.0,0.0,,0.0,normalDay
2019-01-22,0.0,159.0,0.0,0,262.86,0.0,1,4.1,2.51,SPY190315P00245000,245.0,0,0.0,0.0,,0.0,normalDay
2019-01-23,0.0,174.0,0.0,0,263.41,0.0,1,4.1,2.36,SPY190315P00245000,245.0,0,0.0,0.0,,0.0,normalDay
2019-01-24,0.0,194.0,0.0,0,263.55,0.0,1,4.1,2.16,SPY190315P00245000,245.0,0,0.0,0.0,,0.0,normalDay
2019-01-25,0.0,253.0,0.0,0,265.78,0.0,1,4.1,1.57,SPY190315P00245000,245.0,0,0.0,0.0,,0.0,normalDay
2019-01-28,0.0,220.0,0.0,0,263.76,0.0,1,4.1,1.9,SPY190315P00245000,245.0,0,0.0,0.0,,0.0,normalDay
2019-01-29,0.0,216.0,0.0,0,263.41,0.0,1,4.1,1.94,SPY190315P00245000,245.0,0,0.0,0.0,,0.0,normalDay
2019-01-30,0.0,287.0,0.0,0,267.58,0.0,1,4.1,1.23,SPY190315P00245000,245.0,0,0.0,0.0,,0.0,normalDay
2019-01-31,0.0,324.0,0.0,0,269.93,0.0,1,4.1,0.86,SPY190315P00245000,245.0,0,0.0,0.0,,0.0,normalDay
2019-02-01,0.0,330.0,0.0,0,270.06,0.0,1,4.1,0.8,SPY190315P00245000,245.0,0,0.0,0.0,,0.0,normalDay
2019-02-04,0.0,350.0,0.0,0,271.96,0.0,1,4.1,0.6,SPY190315P00245000,245.0,0,0.0,0.0,,0.0,normalDay
2019-02-05,0.0,353.0,0.0,0,273.1,0.0,1,4.1,0.57,SPY190315P00245000,245.0,0,0.0,0.0,,0.0,normalDay
2019-02-06,0.0,355.0,0.0,0,272.74,0.0,1,4.1,0.55,SPY190315P00245000,245.0,0,0.0,0.0,,0.0,normalDay
2019-02-07,0.0,339.0,0.0,0,270.14,0.0,1,4.1,0.71,SPY190315P00245000,245.0,0,0.0,0.0,,0.0,normalDay
2019-02-08,0.0,349.0,0.0,0,270.47,0.0,1,4.1,0.61,SPY190315P00245000,245.0,0,0.0,0.0,,0.0,normalDay
2019-02-11,0.0,358.0,0.0,0,270.62,0.0,1,4.1,0.52,SPY190315P00245000,245.0,0,0.0,0.0,,0.0,normalDay
2019-02-12,0.0,373.0,0.0,0,274.1,0.0,1,4.1,0.37,SPY190315P00245000,245.0,0,0.0,0.0,,0.0,normalDay
2019-02-13,0.0,375.0,0.0,0,274.99,0.0,1,4.1,0.35,SPY190315P00245000,245.0,0,0.0,0.0,,0.0,normalDay
2019-02-14,0.0,371.0,0.0,0,274.38,0.0,1,4.1,0.39,SPY190315P00245000,245.0,0,0.0,0.0,,0.0,normalDay
2019-02-15,0.0,383.0,0.0,0,277.37,0.0,1,4.1,0.27,SPY190315P00245000,245.0,0,0.0,0.0,,0.0,normalDay
2019-02-19,0.0,391.0,0.0,0,277.85,0.0,1,4.1,0.19,SPY190315P00245000,245.0,0,0.0,0.0,,0.0,normalDay
2019-02-20,0.0,395.0,0.0,0,278.41,0.0,1,4.1,0.15,SPY190315P00245000,245.0,0,0.0,0.0,,0.0,normalDay
2019-02-21,0.0,395.0,0.0,0,277.42,0.0,1,4.1,0.15,SPY190315P00245000,245.0,0,0.0,0.0,,0.0,normalDay
2019-02-22,0.0,400.0,0.0,0,279.14,0.0,1,4.1,0.1,SPY190315P00245000,245.0,0,0.0,0.0,,0.0,normalDay
2019-02-25,0.0,396.0,0.0,0,279.52,0.0,1,4.1,0.14,SPY190315P00245000,245.0,0,0.0,0.0,,0.0,normalDay
2019-02-26,0.0,398.0,0.0,0,279.32,0.0,1,4.1,0.12,SPY190315P00245000,245.0,0,0.0,0.0,,0.0,normalDay
2019-02-27,0.0,399.0,0.0,0,279.2,0.0,1,4.1,0.11,SPY190315P00245000,245.0,0,0.0,0.0,,0.0,normalDay
2019-02-28,0.0,399.0,0.0,0,278.68,0.0,1,4.1,0.11,SPY190315P00245000,245.0,0,0.0,0.0,,0.0,normalDay
2019-03-01,0.0,404.0,0.0,0,280.42,0.0,1,4.1,0.06,SPY190315P00245000,245.0,0,0.0,0.0,,0.0,normalDay
2019-03-04,0.0,404.0,0.0,0,279.4,0.0,1,4.1,0.06,SPY190315P00245000,245.0,0,0.0,0.0,,0.0,normalDay
2019-03-05,0.0,405.0,0.0,0,279.02,0.0,1,4.1,0.05,SPY190315P00245000,245.0,0,0.0,0.0,,0.0,normalDay
2019-03-06,0.0,404.0,0.0,0,277.33,0.0,1,4.1,0.06,SPY190315P00245000,245.0,0,0.0,0.0,,0.0,normalDay
2019-03-07,0.0,404.0,0.0,0,275.01,0.0,1,4.1,0.06,SPY190315P00245000,245.0,0,0.0,0.0,,0.0,normalDay
2019-03-08,0.0,407.0,0.0,0,274.46,0.0,1,4.1,0.03,SPY190315P00245000,245.0,0,0.0,0.0,,0.0,normalDay
2019-03-11,0.0,408.0,0.0,0,278.44,0.0,1,4.1,0.02,SPY190315P00245000,245.0,0,0.0,0.0,,0.0,normalDay
2019-03-12,0.0,409.0,0.0,0,279.49,0.0,1,4.1,0.01,SPY190315P00245000,245.0,0,0.0,0.0,,0.0,normalDay
2019-03-13,0.0,409.0,0.0,0,281.34,0.0,1,4.1,0.01,SPY190315P00245000,245.0,0,0.0,0.0,,0.0,normalDay
2019-03-14,0.0,409.0,0.0,0,281.16,0.0,1,4.1,0.01,SPY190315P00245000,245.0,0,0.0,0.0,,0.0,normalDay
2019-03-15,410.0,0.0,410.0,0,281.31,0.0,1,4.1,0.0,SPY190315P00245000,245.0,0,0.0,0.0,,0.0,expirationDay
2019-03-18,410.0,-4.0,0.0,0,282.33,0.0,1,4.81,4.85,SPY190719P00271000,271.0,0,0.0,0.0,,0.0,normalDay
2019-03-19,410.0,-22.0,0.0,0,282.4,0.0,1,4.81,5.03,SPY190719P00271000,271.0,0,0.0,0.0,,0.0,normalDay
2019-03-20,410.0,-47.0,0.0,0,281.55,0.0,1,4.81,5.28,SPY190719P00271000,271.0,0,0.0,0.0,,0.0,normalDay
2019-03-21,410.0,31.0,0.0,0,284.73,0.0,1,4.81,4.5,SPY190719P00271000,271.0,0,0.0,0.0,,0.0,normalDay
2019-03-22,410.0,-147.0,0.0,0,279.25,0.0,1,4.81,6.28,SPY190719P00271000,271.0,0,0.0,0.0,,0.0,normalDay
2019-03-25,410.0,-167.0,0.0,0,279.04,0.0,1,4.81,6.48,SPY190719P00271000,271.0,0,0.0,0.0,,0.0,normalDay
2019-03-26,410.0,-81.0,0.0,0,281.12,0.0,1,4.81,5.62,SPY190719P00271000,271.0,0,0.0,0.0,,0.0,normalDay
2019-03-27,410.0,-122.0,0.0,0,279.65,0.0,1,4.81,6.03,SPY190719P00271000,271.0,0,0.0,0.0,,0.0,normalDay
2019-03-28,410.0,-71.0,0.0,0,280.71,0.0,1,4.81,5.52,SPY190719P00271000,271.0,0,0.0,0.0,,0.0,normalDay
2019-03-29,410.0,-7.0,0.0,0,282.48,0.0,1,4.81,4.88,SPY190719P00271000,271.0,0,0.0,0.0,,0.0,normalDay
2019-04-01,410.0,76.0,0.0,0,285.83,0.0,1,4.81,4.05,SPY190719P00271000,271.0,0,0.0,0.0,,0.0,normalDay
2019-04-02,410.0,84.0,0.0,0,285.97,0.0,1,4.81,3.97,SPY190719P00271000,271.0,0,0.0,0.0,,0.0,normalDay
2019-04-03,410.0,97.0,0.0,0,286.42,0.0,1,4.81,3.84,SPY190719P00271000,271.0,0,0.0,0.0,,0.0,normalDay
2019-04-04,410.0,115.0,0.0,0,287.18,0.0,1,4.81,3.66,SPY190719P00271000,271.0,0,0.0,0.0,,0.0,normalDay
2019-04-05,410.0,156.0,0.0,0,288.57,0.0,1,4.81,3.25,SPY190719P00271000,271.0,0,0.0,0.0,,0.0,normalDay
2019-04-08,410.0,161.0,0.0,0,288.79,0.0,1,4.81,3.2,SPY190719P00271000,271.0,0,0.0,0.0,,0.0,normalDay
2019-04-09,410.0,110.0,0.0,0,287.31,0.0,1,4.81,3.71,SPY190719P00271000,271.0,0,0.0,0.0,,0.0,normalDay
2019-04-10,410.0,156.0,0.0,0,288.29,0.0,1,4.81,3.25,SPY190719P00271000,271.0,0,0.0,0.0,,0.0,normalDay
2019-04-11,410.0,160.0,0.0,0,288.21,0.0,1,4.81,3.21,SPY190719P00271000,271.0,0,0.0,0.0,,0.0,normalDay
2019-04-12,410.0,218.0,0.0,0,290.16,0.0,1,4.81,2.63,SPY190719P00271000,271.0,0,0.0,0.0,,0.0,normalDay
2019-04-15,410.0,224.0,0.0,0,289.97,0.0,1,4.81,2.57,SPY190719P00271000,271.0,0,0.0,0.0,,0.0,normalDay
2019-04-16,410.0,228.0,0.0,0,290.16,0.0,1,4.81,2.53,SPY190719P00271000,271.0,0,0.0,0.0,,0.0,normalDay
2019-04-17,410.0,213.0,0.0,0,289.45,0.0,1,4.81,2.68,SPY190719P00271000,271.0,0,0.0,0.0,,0.0,normalDay
2019-04-18,410.0,229.0,0.0,0,290.02,0.0,1,4.81,2.52,SPY190719P00271000,271.0,0,0.0,0.0,,0.0,normalDay
2019-04-22,410.0,244.0,0.0,0,290.27,0.0,1,4.81,2.37,SPY190719P00271000,271.0,0,0.0,0.0,,0.0,normalDay
2019-04-23,410.0,276.0,0.0,0,292.88,0.0,1,4.81,2.05,SPY190719P00271000,271.0,0,0.0,0.0,,0.0,normalDay
2019-04-24,410.0,261.0,0.0,0,292.23,0.0,1,4.81,2.2,SPY190719P00271000,271.0,0,0.0,0.0,,0.0,normalDay
2019-04-25,410.0,255.0,0.0,0,292.05,0.0,1,4.81,2.26,SPY190719P00271000,271.0,0,0.0,0.0,,0.0,normalDay
2019-04-26,410.0,279.0,0.0,0,293.41,0.0,1,4.81,2.02,SPY190719P00271000,271.0,0,0.0,0.0,,0.0,normalDay
2019-04-29,410.0,285.0,0.0,0,293.87,0.0,1,4.81,1.96,SPY190719P00271000,271.0,0,0.0,0.0,,0.0,normalDay
2019-04-30,410.0,290.0,0.0,0,294.02,0.0,1,4.81,1.91,SPY190719P00271000,271.0,0,0.0,0.0,,0.0,normalDay
2019-05-01,410.0,246.0,0.0,0,291.81,0.0,1,4.81,2.35,SPY190719P00271000,271.0,0,0.0,0.0,,0.0,normalDay
2019-05-02,410.0,240.0,0.0,0,291.18,0.0,1,4.81,2.41,SPY190719P00271000,271.0,0,0.0,0.0,,0.0,normalDay
2019-05-03,410.0,300.0,0.0,0,294.03,0.0,1,4.81,1.81,SPY190719P00271000,271.0,0,0.0,0.0,,0.0,normalDay
2019-05-06,410.0,257.0,0.0,0,292.82,0.0,1,4.81,2.24,SPY190719P00271000,271.0,0,0.0,0.0,,0.0,normalDay
2019-05-07,410.0,106.0,0.0,0,287.93,0.0,1,4.81,3.75,SPY190719P00271000,271.0,0,0.0,0.0,,0.0,normalDay
2019-05-08,410.0,112.0,0.0,0,287.53,0.0,1,4.81,3.69,SPY190719P00271000,271.0,0,0.0,0.0,,0.0,normalDay
2019-05-09,410.0,112.0,0.0,0,286.66,0.0,1,4.81,3.69,SPY190719P00271000,271.0,0,0.0,0.0,,0.0,normalDay
2019-05-10,410.0,189.0,0.0,0,288.1,0.0,1,4.81,2.92,SPY190719P00271000,271.0,0,0.0,0.0,,0.0,normalDay
2019-05-13,410.0,-44.0,0.0,0,280.86,0.0,1,4.81,5.25,SPY190719P00271000,271.0,0,0.0,0.0,,0.0,normalDay
2019-05-14,410.0,70.0,0.0,0,283.4,0.0,1,4.81,4.11,SPY190719P00271000,271.0,0,0.0,0.0,,0.0,normalDay
2019-05-15,410.0,148.0,0.0,0,285.06,0.0,1,4.81,3.33,SPY190719P00271000,271.0,0,0.0,0.0,,0.0,normalDay
2019-05-16,410.0,221.0,0.0,0,287.7,0.0,1,4.81,2.6,SPY190719P00271000,271.0,0,0.0,0.0,,0.0,normalDay
2019-05-17,410.0,181.0,0.0,0,285.84,0.0,1,4.81,3.0,SPY190719P00271000,271.0,0,0.0,0.0,,0.0,normalDay
2019-05-20,410.0,157.0,0.0,0,283.95,0.0,1,4.81,3.24,SPY190719P00271000,271.0,0,0.0,0.0,,0.0,normalDay
2019-05-21,410.0,233.0,0.0,0,286.51,0.0,1,4.81,2.48,SPY190719P00271000,271.0,0,0.0,0.0,,0.0,normalDay
2019-05-22,410.0,225.0,0.0,0,285.63,0.0,1,4.81,2.56,SPY190719P00271000,271.0,0,0.0,0.0,,0.0,normalDay
2019-05-23,410.0,116.0,0.0,0,282.14,0.0,1,4.81,3.65,SPY190719P00271000,271.0,0,0.0,0.0,,0.0,normalDay
2019-05-24,410.0,159.0,0.0,0,282.78,0.0,1,4.81,3.22,SPY190719P00271000,271.0,0,0.0,0.0,,0.0,normalDay
2019-05-28,410.0,97.0,0.0,0,280.15,0.0,1,4.81,3.84,SPY190719P00271000,271.0,0,0.0,0.0,,0.0,normalDay
2019-05-29,410.0,42.0,0.0,0,278.27,0.0,1,4.81,4.39,SPY190719P00271000,271.0,0,0.0,0.0,,0.0,normalDay
2019-05-30,410.0,76.0,0.0,0,279.03,0.0,1,4.81,4.05,SPY190719P00271000,271.0,0,0.0,0.0,,0.0,normalDay
2019-05-31,410.0,-63.0,0.0,0,275.27,0.0,1,4.81,5.44,SPY190719P00271000,271.0,0,0.0,0.0,,0.0,normalDay
2019-06-03,410.0,-55.0,0.0,0,274.57,0.0,1,4.81,5.36,SPY190719P00271000,271.0,0,0.0,0.0,,0.0,normalDay
2019-06-04,410.0,155.0,0.0,0,280.53,0.0,1,4.81,3.26,SPY190719P00271000,271.0,0,0.0,0.0,,0.0,normalDay
2019-06-05,410.0,236.0,0.0,0,282.96,0.0,1,4.81,2.45,SPY190719P00271000,271.0,0,0.0,0.0,,0.0,normalDay
2019-06-06,410.0,276.0,0.0,0,284.8,0.0,1,4.81,2.05,SPY190719P00271000,271.0,0,0.0,0.0,,0.0,normalDay
2019-06-07,410.0,307.0,0.0,0,287.65,0.0,1,4.81,1.74,SPY190719P00271000,271.0,0,0.0,0.0,,0.0,normalDay
2019-06-10,410.0,339.0,0.0,0,288.97,0.0,1,4.81,1.42,SPY190719P00271000,271.0,0,0.0,0.0,,0.0,normalDay
2019-06-11,410.0,338.0,0.0,0,288.9,0.0,1,4.81,1.43,SPY190719P00271000,271.0,0,0.0,0.0,,0.0,normalDay
2019-06-12,410.0,339.0,0.0,0,288.39,0.0,1,4.81,1.42,SPY190719P00271000,271.0,0,0.0,0.0,,0.0,normalDay
2019-06-13,410.0,357.0,0.0,0,289.58,0.0,1,4.81,1.24,SPY190719P00271000,271.0,0,0.0,0.0,,0.0,normalDay
2019-06-14,410.0,369.0,0.0,0,289.26,0.0,1,4.81,1.12,SPY190719P00271000,271.0,0,0.0,0.0,,0.0,normalDay
2019-06-17,410.0,380.0,0.0,0,289.37,0.0,1,4.81,1.01,SPY190719P00271000,271.0,0,0.0,0.0,,0.0,normalDay
2019-06-18,410.0,404.0,0.0,0,292.4,0.0,1,4.81,0.77,SPY190719P00271000,271.0,0,0.0,0.0,,0.0,normalDay
2019-06-19,410.0,421.0,0.0,0,293.06,0.0,1,4.81,0.6,SPY190719P00271000,271.0,0,0.0,0.0,,0.0,normalDay
2019-06-20,410.0,432.0,0.0,0,295.86,0.0,1,4.81,0.49,SPY190719P00271000,271.0,0,0.0,0.0,,0.0,normalDay
2019-06-21,410.0,429.0,0.0,0,294.0,0.0,1,4.81,0.52,SPY190719P00271000,271.0,0,0.0,0.0,,0.0,normalDay
2019-06-24,410.0,437.0,0.0,0,293.64,0.0,1,4.81,0.44,SPY190719P00271000,271.0,0,0.0,0.0,,0.0,normalDay
2019-06-25,410.0,417.0,0.0,0,290.76,0.0,1,4.81,0.64,SPY190719P00271000,271.0,0,0.0,0.0,,0.0,normalDay
2019-06-26,410.0,419.0,0.0,0,290.47,0.0,1,4.81,0.62,SPY190719P00271000,271.0,0,0.0,0.0,,0.0,normalDay
2019-06-27,410.0,433.0,0.0,0,291.5,0.0,1,4.81,0.48,SPY190719P00271000,271.0,0,0.0,0.0,,0.0,normalDay
2019-06-28,410.0,443.0,0.0,0,293.0,0.0,1,4.81,0.38,SPY190719P00271000,271.0,0,0.0,0.0,,0.0,normalDay
2019-07-01,410.0,463.0,0.0,0,295.66,0.0,1,4.81,0.18,SPY190719P00271000,271.0,0,0.0,0.0,,0.0,normalDay
2019-07-02,410.0,469.0,0.0,0,296.43,0.0,1,4.81,0.12,SPY190719P00271000,271.0,0,0.0,0.0,,0.0,normalDay
2019-07-03,410.0,473.0,0.0,0,298.8,0.0,1,4.81,0.08,SPY190719P00271000,271.0,0,0.0,0.0,,0.0,normalDay
2019-07-05,410.0,471.0,0.0,0,298.46,0.0,1,4.81,0.1,SPY190719P00271000,271.0,0,0.0,0.0,,0.0,normalDay
2019-07-08,410.0,475.0,0.0,0,296.82,0.0,1,4.81,0.06,SPY190719P00271000,271.0,0,0.0,0.0,,0.0,normalDay
2019-07-09,410.0,476.0,0.0,0,297.19,0.0,1,4.81,0.05,SPY190719P00271000,271.0,0,0.0,0.0,,0.0,normalDay
2019-07-10,410.0,478.0,0.0,0,298.61,0.0,1,4.81,0.03,SPY190719P00271000,271.0,0,0.0,0.0,,0.0,normalDay
2019-07-11,410.0,478.0,0.0,0,299.31,0.0,1,4.81,0.03,SPY190719P00271000,271.0,0,0.0,0.0,,0.0,normalDay
2019-07-12,410.0,479.0,0.0,0,300.65,0.0,1,4.81,0.02,SPY190719P00271000,271.0,0,0.0,0.0,,0.0,normalDay
2019-07-15,410.0,479.0,0.0,0,300.75,0.0,1,4.81,0.02,SPY190719P00271000,271.0,0,0.0,0.0,,0.0,normalDay
2019-07-16,410.0,479.0,0.0,0,299.78,0.0,1,4.81,0.02,SPY190719P00271000,271.0,0,0.0,0.0,,0.0,normalDay
2019-07-17,410.0,480.0,0.0,0,297.74,0.0,1,4.81,0.01,SPY190719P00271000,271.0,0,0.0,0.0,,0.0,normalDay
2019-07-18,410.0,480.0,0.0,0,298.83,0.0,1,4.81,0.01,SPY190719P00271000,271.0,0,0.0,0.0,,0.0,normalDay
2019-07-19,891.0,0.0,481.0,0,297.17,0.0,1,4.81,0.0,SPY190719P00271000,271.0,0,0.0,0.0,,0.0,expirationDay
2019-07-22,891.0,-6.0,0.0,0,297.9,0.0,1,4.88,4.94,SPY191115P00284000,284.0,0,0.0,0.0,,0.0,normalDay
2019-07-23,891.0,59.0,0.0,0,300.03,0.0,1,4.88,4.29,SPY191115P00284000,284.0,0,0.0,0.0,,0.0,normalDay
2019-07-24,891.0,98.0,0.0,0,301.44,0.0,1,4.88,3.9,SPY191115P00284000,284.0,0,0.0,0.0,,0.0,normalDay
2019-07-25,891.0,59.0,0.0,0,300.0,0.0,1,4.88,4.29,SPY191115P00284000,284.0,0,0.0,0.0,,0.0,normalDay
2019-07-26,891.0,108.0,0.0,0,302.01,0.0,1,4.88,3.8,SPY191115P00284000,284.0,0,0.0,0.0,,0.0,normalDay
2019-07-29,891.0,106.0,0.0,0,301.46,0.0,1,4.88,3.82,SPY191115P00284000,284.0,0,0.0,0.0,,0.0,normalDay
2019-07-30,891.0,65.0,0.0,0,300.72,0.0,1,4.88,4.23,SPY191115P00284000,284.0,0,0.0,0.0,,0.0,normalDay
2019-07-31,891.0,-43.0,0.0,0,297.43,0.0,1,4.88,5.31,SPY191115P00284000,284.0,0,0.0,0.0,,0.0,normalDay
2019-08-01,891.0,-144.0,0.0,0,294.84,0.0,1,4.88,6.32,SPY191115P00284000,284.0,0,0.0,0.0,,0.0,normalDay
2019-08-02,891.0,-207.0,0.0,0,292.62,0.0,1,4.88,6.95,SPY191115P00284000,284.0,0,0.0,0.0,,0.0,normalDay
2019-08-05,891.0,-676.0,0.0,0,283.82,0.0,1,4.88,11.64,SPY191115P00284000,284.0,0,0.0,0.0,,0.0,normalDay
2019-08-06,891.0,-410.0,0.0,0,287.8,0.0,1,4.88,8.98,SPY191115P00284000,284.0,0,0.0,0.0,,0.0,normalDay
2019-08-07,891.0,-399.0,0.0,0,287.97,0.0,1,4.88,8.87,SPY191115P00284000,284.0,0,0.0,0.0,,0.0,normalDay
2019-08-08,891.0,-152.0,0.0,0,293.62,0.0,1,4.88,6.4,SPY191115P00284000,284.0,0,0.0,0.0,,0.0,normalDay
2019-08-09,891.0,-231.0,0.0,0,291.62,0.0,1,4.88,7.19,SPY191115P00284000,284.0,0,0.0,0.0,,0.0,normalDay
2019-08-12,891.0,-433.0,0.0,0,288.07,0.0,1,4.88,9.21,SPY191115P00284000,284.0,0,0.0,0.0,,0.0,normalDay
2019-08-13,891.0,-204.0,0.0,0,292.55,0.0,1,4.88,6.92,SPY191115P00284000,284.0,0,0.0,0.0,,0.0,normalDay
2019-08-14,891.0,-614.0,0.0,0,283.9,0.0,1,4.88,11.02,SPY191115P00284000,284.0,0,0.0,0.0,,0.0,normalDay
2019-08-15,891.0,-559.0,0.0,0,284.65,0.0,1,4.88,10.47,SPY191115P00284000,284.0,0,0.0,0.0,,0.0,normalDay
2019-08-16,891.0,-350.0,0.0,0,288.85,0.0,1,4.88,8.38,SPY191115P00284000,284.0,0,0.0,0.0,,0.0,normalDay
2019-08-19,891.0,-170.0,0.0,0,292.33,0.0,1,4.88,6.58,SPY191115P00284000,284.0,0,0.0,0.0,,0.0,normalDay
2019-08-20,891.0,-260.0,0.0,0,290.09,0.0,1,4.88,7.48,SPY191115P00284000,284.0,0,0.0,0.0,,0.0,normalDay
2019-08-21,891.0,-119.0,0.0,0,292.45,0.0,1,4.88,6.07,SPY191115P00284000,284.0,0,0.0,0.0,,0.0,normalDay
2019-08-22,891.0,-149.0,0.0,0,292.36,0.0,1,4.88,6.37,SPY191115P00284000,284.0,0,0.0,0.0,,0.0,normalDay
2019-08-23,891.0,-456.0,0.0,0,284.85,0.0,1,4.88,9.44,SPY191115P00284000,284.0,0,0.0,0.0,,0.0,normalDay
2019-08-26,891.0,-331.0,0.0,0,288.0,0.0,1,4.88,8.19,SPY191115P00284000,284.0,0,0.0,0.0,,0.0,normalDay
2019-08-27,891.0,-404.0,0.0,0,286.87,0.0,1,4.88,8.92,SPY191115P00284000,284.0,0,0.0,0.0,,0.0,normalDay
2019-08-28,891.0,-300.0,0.0,0,288.89,0.0,1,4.88,7.88,SPY191115P00284000,284.0,0,0.0,0.0,,0.0,normalDay
2019-08-29,891.0,-147.0,0.0,0,292.58,0.0,1,4.88,6.35,SPY191115P00284000,284.0,0,0.0,0.0,,0.0,normalDay
2019-08-30,891.0,-161.0,0.0,0,292.45,0.0,1,4.88,6.49,SPY191115P00284000,284.0,0,0.0,0.0,,0.0,normalDay
2019-09-03,891.0,-222.0,0.0,0,290.74,0.0,1,4.88,7.1,SPY191115P00284000,284.0,0,0.0,0.0,,0.0,normalDay
2019-09-04,891.0,-63.0,0.0,0,294.04,0.0,1,4.88,5.51,SPY191115P00284000,284.0,0,0.0,0.0,,0.0,normalDay
2019-09-05,891.0,55.0,0.0,0,297.82,0.0,1,4.88,4.33,SPY191115P00284000,284.0,0,0.0,0.0,,0.0,normalDay
2019-09-06,891.0,100.0,0.0,0,298.05,0.0,1,4.88,3.88,SPY191115P00284000,284.0,0,0.0,0.0,,0.0,normalDay
2019-09-09,891.0,109.0,0.0,0,298.2,0.0,1,4.88,3.79,SPY191115P00284000,284.0,0,0.0,0.0,,0.0,normalDay
2019-09-10,891.0,117.0,0.0,0,298.13,0.0,1,4.88,3.71,SPY191115P00284000,284.0,0,0.0,0.0,,0.0,normalDay
2019-09-11,891.0,178.0,0.0,0,300.25,0.0,1,4.88,3.1,SPY191115P00284000,284.0,0,0.0,0.0,,0.0,normalDay
2019-09-12,891.0,216.0,0.0,0,301.29,0.0,1,4.88,2.72,SPY191115P00284000,284.0,0,0.0,0.0,,0.0,normalDay
2019-09-13,891.0,222.0,0.0,0,301.09,0.0,1,4.88,2.66,SPY191115P00284000,284.0,0,0.0,0.0,,0.0,normalDay
2019-09-16,891.0,206.0,0.0,0,300.16,0.0,1,4.88,2.82,SPY191115P00284000,284.0,0,0.0,0.0,,0.0,normalDay
2019-09-17,891.0,218.0,0.0,0,300.92,0.0,1,4.88,2.7,SPY191115P00284000,284.0,0,0.0,0.0,,0.0,normalDay
2019-09-18,891.0,243.0,0.0,0,301.1,0.0,1,4.88,2.45,SPY191115P00284000,284.0,0,0.0,0.0,,0.0,normalDay
2019-09-19,891.0,246.0,0.0,0,301.08,0.0,1,4.88,2.42,SPY191115P00284000,284.0,0,0.0,0.0,,0.0,normalDay
2019-09-20,891.0,197.0,0.0,0,298.28,0.0,1,4.88,2.91,SPY191115P00284000,284.0,0,0.0,0.0,,0.0,normalDay
2019-09-23,891.0,222.0,0.0,0,298.21,0.0,1,4.88,2.66,SPY191115P00284000,284.0,0,0.0,0.0,,0.0,normalDay
2019-09-24,891.0,146.0,0.0,0,295.87,0.0,1,4.88,3.42,SPY191115P00284000,284.0,0,0.0,0.0,,0.0,normalDay
2019-09-25,891.0,195.0,0.0,0,297.62,0.0,1,4.88,2.93,SPY191115P00284000,284.0,0,0.0,0.0,,0.0,normalDay
2019-09-26,891.0,196.0,0.0,0,297.0,0.0,1,4.88,2.92,SPY191115P00284000,284.0,0,0.0,0.0,,0.0,normalDay
2019-09-27,891.0,142.0,0.0,0,295.4,0.0,1,4.88,3.46,SPY191115P00284000,284.0,0,0.0,0.0,,0.0,normalDay
2019-09-30,891.0,211.0,0.0,0,296.77,0.0,1,4.88,2.77,SPY191115P00284000,284.0,0,0.0,0.0,,0.0,normalDay
2019-10-01,891.0,92.0,0.0,0,293.24,0.0,1,4.88,3.96,SPY191115P00284000,284.0,0,0.0,0.0,,0.0,normalDay
2019-10-02,891.0,-122.0,0.0,0,288.06,0.0,1,4.88,6.1,SPY191115P00284000,284.0,0,0.0,0.0,,0.0,normalDay
2019-10-03,891.0,5.0,0.0,0,290.42,0.0,1,4.88,4.83,SPY191115P00284000,284.0,0,0.0,0.0,,0.0,normalDay
2019-10-04,891.0,162.0,0.0,0,294.35,0.0,1,4.88,3.26,SPY191115P00284000,284.0,0,0.0,0.0,,0.0,normalDay
2019-10-07,891.0,133.0,0.0,0,293.08,0.0,1,4.88,3.55,SPY191115P00284000,284.0,0,0.0,0.0,,0.0,normalDay
2019-10-08,891.0,-37.0,0.0,0,288.53,0.0,1,4.88,5.25,SPY191115P00284000,284.0,0,0.0,0.0,,0.0,normalDay
2019-10-09,891.0,87.0,0.0,0,291.27,0.0,1,4.88,4.01,SPY191115P00284000,284.0,0,0.0,0.0,,0.0,normalDay
2019-10-10,891.0,175.0,0.0,0,293.24,0.0,1,4.88,3.13,SPY191115P00284000,284.0,0,0.0,0.0,,0.0,normalDay
2019-10-11,891.0,292.0,0.0,0,296.28,0.0,1,4.88,1.96,SPY191115P00284000,284.0,0,0.0,0.0,,0.0,normalDay
2019-10-14,891.0,319.0,0.0,0,295.95,0.0,1,4.88,1.69,SPY191115P00284000,284.0,0,0.0,0.0,,0.0,normalDay
2019-10-15,891.0,383.0,0.0,0,298.88,0.0,1,4.88,1.05,SPY191115P00284000,284.0,0,0.0,0.0,,0.0,normalDay
2019-10-16,891.0,383.0,0.0,0,298.4,0.0,1,4.88,1.05,SPY191115P00284000,284.0,0,0.0,0.0,,0.0,normalDay
2019-10-17,891.0,393.0,0.0,0,299.28,0.0,1,4.88,0.95,SPY191115P00284000,284.0,0,0.0,0.0,,0.0,normalDay
2019-10-18,891.0,382.0,0.0,0,297.97,0.0,1,4.88,1.06,SPY191115P00284000,284.0,0,0.0,0.0,,0.0,normalDay
2019-10-21,891.0,417.0,0.0,0,299.99,0.0,1,4.88,0.71,SPY191115P00284000,284.0,0,0.0,0.0,,0.0,normalDay
2019-10-22,891.0,409.0,0.0,0,299.01,0.0,1,4.88,0.79,SPY191115P00284000,284.0,0,0.0,0.0,,0.0,normalDay
2019-10-23,891.0,427.0,0.0,0,299.88,0.0,1,4.88,0.61,SPY191115P00284000,284.0,0,0.0,0.0,,0.0,normalDay
2019-10-24,891.0,437.0,0.0,0,300.37,0.0,1,4.88,0.51,SPY191115P00284000,284.0,0,0.0,0.0,,0.0,normalDay
2019-10-25,891.0,454.0,0.0,0,301.6,0.0,1,4.88,0.34,SPY191115P00284000,284.0,0,0.0,0.0,,0.0,normalDay
2019-10-28,891.0,462.0,0.0,0,303.3,0.0,1,4.88,0.26,SPY191115P00284000,284.0,0,0.0,0.0,,0.0,normalDay
2019-10-29,891.0,464.0,0.0,0,303.21,0.0,1,4.88,0.24,SPY191115P00284000,284.0,0,0.0,0.0,,0.0,normalDay
2019-10-30,891.0,471.0,0.0,0,304.14,0.0,1,4.88,0.17,SPY191115P00284000,284.0,0,0.0,0.0,,0.0,normalDay
2019-10-31,891.0,465.0,0.0,0,303.33,0.0,1,4.88,0.23,SPY191115P00284000,284.0,0,0.0,0.0,,0.0,normalDay
2019-11-01,891.0,478.0,0.0,0,306.14,0.0,1,4.88,0.1,SPY191115P00284000,284.0,0,0.0,0.0,,0.0,normalDay
2019-11-04,891.0,479.0,0.0,0,307.37,0.0,1,4.88,0.09,SPY191115P00284000,284.0,0,0.0,0.0,,0.0,normalDay
2019-11-05,891.0,481.0,0.0,0,307.03,0.0,1,4.88,0.07,SPY191115P00284000,284.0,0,0.0,0.0,,0.0,normalDay
2019-11-06,891.0,484.0,0.0,0,307.1,0.0,1,4.88,0.04,SPY191115P00284000,284.0,0,0.0,0.0,,0.0,normalDay
2019-11-07,891.0,485.0,0.0,0,308.18,0.0,1,4.88,0.03,SPY191115P00284000,284.0,0,0.0,0.0,,0.0,normalDay
2019-11-08,891.0,486.0,0.0,0,308.94,0.0,1,4.88,0.02,SPY191115P00284000,284.0,0,0.0,0.0,,0.0,normalDay
2019-11-11,891.0,486.0,0.0,0,308.35,0.0,1,4.88,0.02,SPY191115P00284000,284.0,0,0.0,0.0,,0.0,normalDay
2019-11-12,891.0,486.0,0.0,0,309.0,0.0,1,4.88,0.02,SPY191115P00284000,284.0,0,0.0,0.0,,0.0,normalDay
2019-11-13,891.0,487.0,0.0,0,309.1,0.0,1,4.88,0.01,SPY191115P00284000,284.0,0,0.0,0.0,,0.0,normalDay
2019-11-14,891.0,487.0,0.0,0,309.55,0.0,1,4.88,0.01,SPY191115P00284000,284.0,0,0.0,0.0,,0.0,normalDay
2019-11-15,1379.0,0.0,488.0,0,311.79,0.0,1,4.88,0.0,SPY191115P00284000,284.0,0,0.0,0.0,,0.0,expirationDay
2019-11-18,1379.0,-6.0,0.0,0,312.02,0.0,1,4.89,4.95,SPY200331P00290000,290.0,0,0.0,0.0,,0.0,normalDay
2019-11-19,1379.0,-19.0,0.0,0,311.93,0.0,1,4.89,5.08,SPY200331P00290000,290.0,0,0.0,0.0,,0.0,normalDay
2019-11-20,1379.0,-51.0,0.0,0,310.77,0.0,1,4.89,5.4,SPY200331P00290000,290.0,0,0.0,0.0,,0.0,normalDay
2019-11-21,1379.0,-63.0,0.0,0,310.27,0.0,1,4.89,5.52,SPY200331P00290000,290.0,0,0.0,0.0,,0.0,normalDay
2019-11-22,1379.0,-30.0,0.0,0,310.96,0.0,1,4.89,5.19,SPY200331P00290000,290.0,0,0.0,0.0,,0.0,normalDay
2019-11-25,1379.0,39.0,0.0,0,313.37,0.0,1,4.89,4.5,SPY200331P00290000,290.0,0,0.0,0.0,,0.0,normalDay
2019-11-26,1379.0,66.0,0.0,0,314.08,0.0,1,4.89,4.23,SPY200331P00290000,290.0,0,0.0,0.0,,0.0,normalDay
2019-11-27,1379.0,86.0,0.0,0,315.48,0.0,1,4.89,4.03,SPY200331P00290000,290.0,0,0.0,0.0,,0.0,normalDay
2019-11-29,1379.0,53.0,0.0,0,314.31,0.0,1,4.89,4.36,SPY200331P00290000,290.0,0,0.0,0.0,,0.0,normalDay
2019-12-02,1379.0,-28.0,0.0,0,311.64,0.0,1,4.89,5.17,SPY200331P00290000,290.0,0,0.0,0.0,,0.0,normalDay
2019-12-03,1379.0,-101.0,0.0,0,309.55,0.0,1,4.89,5.9,SPY200331P00290000,290.0,0,0.0,0.0,,0.0,normalDay
2019-12-04,1379.0,-41.0,0.0,0,311.46,0.0,1,4.89,5.3,SPY200331P00290000,290.0,0,0.0,0.0,,0.0,normalDay
2019-12-05,1379.0,-8.0,0.0,0,312.02,0.0,1,4.89,4.97,SPY200331P00290000,290.0,0,0.0,0.0,,0.0,normalDay
2019-12-06,1379.0,63.0,0.0,0,314.87,0.0,1,4.89,4.26,SPY200331P00290000,290.0,0,0.0,0.0,,0.0,normalDay
2019-12-09,1379.0,22.0,0.0,0,313.88,0.0,1,4.89,4.67,SPY200331P00290000,290.0,0,0.0,0.0,,0.0,normalDay
2019-12-10,1379.0,33.0,0.0,0,313.53,0.0,1,4.89,4.56,SPY200331P00290000,290.0,0,0.0,0.0,,0.0,normalDay
2019-12-11,1379.0,63.0,0.0,0,314.42,0.0,1,4.89,4.26,SPY200331P00290000,290.0,0,0.0,0.0,,0.0,normalDay
2019-12-12,1379.0,128.0,0.0,0,317.13,0.0,1,4.89,3.61,SPY200331P00290000,290.0,0,0.0,0.0,,0.0,normalDay
2019-12-13,1379.0,168.0,0.0,0,317.32,0.0,1,4.89,3.21,SPY200331P00290000,290.0,0,0.0,0.0,,0.0,normalDay
2019-12-16,1379.0,217.0,0.0,0,319.5,0.0,1,4.89,2.72,SPY200331P00290000,290.0,0,0.0,0.0,,0.0,normalDay
2019-12-17,1379.0,215.0,0.0,0,319.57,0.0,1,4.89,2.74,SPY200331P00290000,290.0,0,0.0,0.0,,0.0,normalDay
2019-12-18,1379.0,217.0,0.0,0,319.59,0.0,1,4.89,2.72,SPY200331P00290000,290.0,0,0.0,0.0,,0.0,normalDay
2019-12-19,1379.0,236.0,0.0,0,320.9,0.0,1,4.89,2.53,SPY200331P00290000,290.0,0,0.0,0.0,,0.0,normalDay
2019-12-20,1379.0,245.0,0.0,0,320.73,0.0,1,4.89,2.44,SPY200331P00290000,290.0,0,0.0,0.0,,0.0,normalDay
2019-12-23,1379.0,246.0,0.0,0,321.22,0.0,1,4.89,2.43,SPY200331P00290000,290.0,0,0.0,0.0,,0.0,normalDay
2019-12-24,1379.0,253.0,0.0,0,321.23,0.0,1,4.89,2.36,SPY200331P00290000,290.0,0,0.0,0.0,,0.0,normalDay
2019-12-26,1379.0,276.0,0.0,0,322.94,0.0,1,4.89,2.13,SPY200331P00290000,290.0,0,0.0,0.0,,0.0,normalDay
2019-12-27,1379.0,266.0,0.0,0,322.86,0.0,1,4.89,2.23,SPY200331P00290000,290.0,0,0.0,0.0,,0.0,normalDay
2019-12-30,1379.0,240.0,0.0,0,321.08,0.0,1,4.89,2.49,SPY200331P00290000,290.0,0,0.0,0.0,,0.0,normalDay
2019-12-31,1379.0,270.0,0.0,0,321.86,0.0,1,4.89,2.19,SPY200331P00290000,290.0,0,0.0,0.0,,0.0,normalDay
2020-01-02,1379.0,313.0,0.0,0,324.87,0.0,1,4.89,1.76,SPY200331P00290000,290.0,0,0.0,0.0,,0.0,normalDay
2020-01-03,1379.0,273.0,0.0,0,322.41,0.0,1,4.89,2.16,SPY200331P00290000,290.0,0,0.0,0.0,,0.0,normalDay
2020-01-06,1379.0,299.0,0.0,0,323.64,0.0,1,4.89,1.9,SPY200331P00290000,290.0,0,0.0,0.0,,0.0,normalDay
2020-01-07,1379.0,291.0,0.0,0,322.73,0.0,1,4.89,1.98,SPY200331P00290000,290.0,0,0.0,0.0,,0.0,normalDay
2020-01-08,1379.0,318.0,0.0,0,324.45,0.0,1,4.89,1.71,SPY200331P00290000,290.0,0,0.0,0.0,,0.0,normalDay
2020-01-09,1379.0,346.0,0.0,0,326.65,0.0,1,4.89,1.43,SPY200331P00290000,290.0,0,0.0,0.0,,0.0,normalDay
2020-01-10,1379.0,342.0,0.0,0,325.71,0.0,1,4.89,1.47,SPY200331P00290000,290.0,0,0.0,0.0,,0.0,normalDay
2020-01-13,1379.0,370.0,0.0,0,327.95,0.0,1,4.89,1.19,SPY200331P00290000,290.0,0,0.0,0.0,,0.0,normalDay
2020-01-14,1379.0,371.0,0.0,0,327.45,0.0,1,4.89,1.18,SPY200331P00290000,290.0,0,0.0,0.0,,0.0,normalDay
2020-01-15,1379.0,377.0,0.0,0,328.19,0.0,1,4.89,1.12,SPY200331P00290000,290.0,0,0.0,0.0,,0.0,normalDay
2020-01-16,1379.0,393.0,0.0,0,330.92,0.0,1,4.89,0.96,SPY200331P00290000,290.0,0,0.0,0.0,,0.0,normalDay
2020-01-17,1379.0,400.0,0.0,0,331.95,0.0,1,4.89,0.89,SPY200331P00290000,290.0,0,0.0,0.0,,0.0,normalDay
2020-01-21,1379.0,399.0,0.0,0,331.3,0.0,1,4.89,0.9,SPY200331P00290000,290.0,0,0.0,0.0,,0.0,normalDay
2020-01-22,1379.0,399.0,0.0,0,331.34,0.0,1,4.89,0.9,SPY200331P00290000,290.0,0,0.0,0.0,,0.0,normalDay
2020-01-23,1379.0,401.0,0.0,0,331.72,0.0,1,4.89,0.88,SPY200331P00290000,290.0,0,0.0,0.0,,0.0,normalDay
2020-01-24,1379.0,374.0,0.0,0,328.77,0.0,1,4.89,1.15,SPY200331P00290000,290.0,0,0.0,0.0,,0.0,normalDay
2020-01-27,1379.0,289.0,0.0,0,323.5,0.0,1,4.89,2.0,SPY200331P00290000,290.0,0,0.0,0.0,,0.0,normalDay
2020-01-28,1379.0,350.0,0.0,0,326.89,0.0,1,4.89,1.39,SPY200331P00290000,290.0,0,0.0,0.0,,0.0,normalDay
2020-01-29,1379.0,351.0,0.0,0,326.62,0.0,1,4.89,1.38,SPY200331P00290000,290.0,0,0.0,0.0,,0.0,normalDay
2020-01-30,1379.0,375.0,0.0,0,327.68,0.0,1,4.89,1.14,SPY200331P00290000,290.0,0,0.0,0.0,,0.0,normalDay
2020-01-31,1379.0,293.0,0.0,0,321.73,0.0,1,4.89,1.96,SPY200331P00290000,290.0,0,0.0,0.0,,0.0,normalDay
2020-02-03,1379.0,327.0,0.0,0,324.12,0.0,1,4.89,1.62,SPY200331P00290000,290.0,0,0.0,0.0,,0.0,normalDay
2020-02-04,1379.0,390.0,0.0,0,329.06,0.0,1,4.89,0.99,SPY200331P00290000,290.0,0,0.0,0.0,,0.0,normalDay
2020-02-05,1379.0,415.0,0.0,0,332.86,0.0,1,4.89,0.74,SPY200331P00290000,290.0,0,0.0,0.0,,0.0,normalDay
2020-02-06,1379.0,418.0,0.0,0,333.98,0.0,1,4.89,0.71,SPY200331P00290000,290.0,0,0.0,0.0,,0.0,normalDay
2020-02-07,1379.0,412.0,0.0,0,332.2,0.0,1,4.89,0.77,SPY200331P00290000,290.0,0,0.0,0.0,,0.0,normalDay
2020-02-10,1379.0,427.0,0.0,0,334.68,0.0,1,4.89,0.62,SPY200331P00290000,290.0,0,0.0,0.0,,0.0,normalDay
2020-02-11,1379.0,429.0,0.0,0,335.26,0.0,1,4.89,0.6,SPY200331P00290000,290.0,0,0.0,0.0,,0.0,normalDay
2020-02-12,1379.0,442.0,0.0,0,337.42,0.0,1,4.89,0.47,SPY200331P00290000,290.0,0,0.0,0.0,,0.0,normalDay
2020-02-13,1379.0,441.0,0.0,0,337.06,0.0,1,4.89,0.48,SPY200331P00290000,290.0,0,0.0,0.0,,0.0,normalDay
2020-02-14,1379.0,446.0,0.0,0,337.6,0.0,1,4.89,0.43,SPY200331P00290000,290.0,0,0.0,0.0,,0.0,normalDay
2020-02-18,1379.0,444.0,0.0,0,336.73,0.0,1,4.89,0.45,SPY200331P00290000,290.0,0,0.0,0.0,,0.0,normalDay
2020-02-19,1379.0,451.0,0.0,0,338.34,0.0,1,4.89,0.38,SPY200331P00290000,290.0,0,0.0,0.0,,0.0,normalDay
2020-02-20,1379.0,443.0,0.0,0,336.95,0.0,1,4.89,0.46,SPY200331P00290000,290.0,0,0.0,0.0,,0.0,normalDay
2020-02-21,1379.0,427.0,0.0,0,333.48,0.0,1,4.89,0.62,SPY200331P00290000,290.0,0,0.0,0.0,,0.0,normalDay
2020-02-24,1379.0,284.0,0.0,0,322.42,0.0,1,4.89,2.05,SPY200331P00290000,290.0,0,0.0,0.0,,0.0,normalDay
2020-02-25,1379.0,158.0,0.0,0,312.65,0.0,1,4.89,3.31,SPY200331P00290000,290.0,0,0.0,0.0,,0.0,normalDay
2020-02-26,1379.0,155.0,0.0,0,311.5,0.0,1,4.89,3.34,SPY200331P00290000,290.0,0,0.0,0.0,,0.0,normalDay
2020-02-27,1379.0,-486.0,0.0,0,297.51,0.0,1,4.89,9.75,SPY200331P00290000,290.0,0,0.0,0.0,,0.0,normalDay
2020-02-28,1379.0,-573.0,0.0,0,296.26,0.0,1,4.89,10.62,SPY200331P00290000,290.0,0,0.0,0.0,,0.0,normalDay
2020-03-02,1379.0,19.0,0.0,0,309.09,0.0,1,4.89,4.7,SPY200331P00290000,290.0,0,0.0,0.0,,0.0,normalDay
2020-03-03,1379.0,-258.0,0.0,0,300.24,0.0,1,4.89,7.47,SPY200331P00290000,290.0,0,0.0,0.0,,0.0,normalDay
2020-03-04,1379.0,93.0,0.0,0,312.86,0.0,1,4.89,3.96,SPY200331P00290000,290.0,0,0.0,0.0,,0.0,normalDay
2020-03-05,1379.0,-301.0,0.0,0,302.46,0.0,1,4.89,7.9,SPY200331P00290000,290.0,0,0.0,0.0,,0.0,normalDay
2020-03-06,1379.0,-481.0,0.0,0,297.46,0.0,1,4.89,9.7,SPY200331P00290000,290.0,0,0.0,0.0,,0.0,normalDay
2020-03-09,1379.0,-1838.0,0.0,0,274.23,0.0,1,4.89,23.27,SPY200331P00290000,290.0,0,0.0,0.0,,0.0,normalDay
2020-03-10,1379.0,-858.0,0.0,0,288.42,0.0,1,4.89,13.47,SPY200331P00290000,290.0,0,0.0,0.0,,0.0,normalDay
2020-03-11,1379.0,-1764.0,0.0,0,274.36,0.0,1,4.89,22.53,SPY200331P00290000,290.0,0,0.0,0.0,,0.0,normalDay
2020-03-12,1379.0,-3953.0,0.0,0,248.11,0.0,1,4.89,44.42,SPY200331P00290000,290.0,0,0.0,0.0,,0.0,normalDay
2020-03-13,1379.0,-1982.0,0.0,0,269.32,0.0,1,4.89,24.71,SPY200331P00290000,290.0,0,0.0,0.0,,0.0,normalDay
2020-03-16,1379.0,-4399.0,0.0,0,239.85,0.0,1,4.89,48.88,SPY200331P00290000,290.0,0,0.0,0.0,,0.0,normalDay
2020-03-17,1379.0,-3588.0,0.0,0,252.8,0.0,1,4.89,40.77,SPY200331P00290000,290.0,0,0.0,0.0,,0.0,normalDay
2020-03-18,1379.0,-4775.0,0.0,0,240.0,0.0,1,4.89,52.64,SPY200331P00290000,290.0,0,0.0,0.0,,0.0,normalDay
2020-03-19,1379.0,-4734.0,0.0,0,240.51,0.0,1,4.89,52.23,SPY200331P00290000,290.0,0,0.0,0.0,,0.0,normalDay
2020-03-20,1379.0,-5657.0,0.0,0,228.8,0.0,1,4.89,61.46,SPY200331P00290000,290.0,0,0.0,0.0,,0.0,normalDay
2020-03-23,1379.0,-6445.0,0.0,0,222.95,0.0,1,4.89,69.34,SPY200331P00290000,290.0,0,0.0,0.0,,0.0,normalDay
2020-03-24,1379.0,-4322.0,0.0,0,243.15,0.0,1,4.89,48.11,SPY200331P00290000,290.0,0,0.0,0.0,,0.0,normalDay
2020-03-25,1379.0,-3842.0,0.0,0,246.79,0.0,1,4.89,43.31,SPY200331P00290000,290.0,0,0.0,0.0,,0.0,normalDay
2020-03-26,1379.0,-2459.0,0.0,0,261.2,0.0,1,4.89,29.48,SPY200331P00290000,290.0,0,0.0,0.0,,0.0,normalDay
2020-03-27,1379.0,-3236.0,0.0,0,253.42,0.0,1,4.89,37.25,SPY200331P00290000,290.0,0,0.0,0.0,,0.0,normalDay
2020-03-30,1379.0,-2429.0,0.0,0,261.65,0.0,1,4.89,29.18,SPY200331P00290000,290.0,0,0.0,0.0,,0.0,normalDay
2020-03-31,1868.0,-3225.0,489.0,100,257.75,290.0,1,4.89,0.0,SPY200331P00290000,290.0,0,0.0,0.0,,0.0,expirationDay
2020-04-01,1868.0,-4385.0,0.0,100,246.15,290.0,0,0.0,0.0,,0.0,0,0.0,0.0,,0.0,bidTooLow
2020-04-02,1868.0,-3817.0,0.0,100,251.83,290.0,0,0.0,0.0,,0.0,0,0.0,0.0,,0.0,bidTooLow
2020-04-03,1868.0,-4181.0,0.0,100,248.19,290.0,0,0.0,0.0,,0.0,0,0.0,0.0,,0.0,bidTooLow
2020-04-06,1868.0,-2514.0,0.0,100,264.86,290.0,0,0.0,0.0,,0.0,0,0.0,0.0,,0.0,bidTooLow
2020-04-07,1868.0,-2490.0,0.0,100,265.13,290.0,0,0.0,0.0,,0.0,1,0.06,0.09,SPY200417C00304000,304.0,normalDay
2020-04-08,1868.0,-1602.0,0.0,100,274.03,290.0,0,0.0,0.0,,0.0,1,0.06,0.11,SPY200417C00304000,304.0,normalDay
2020-04-09,1868.0,-1191.0,0.0,100,278.2,290.0,0,0.0,0.0,,0.0,1,0.06,0.17,SPY200417C00304000,304.0,normalDay
2020-04-13,1868.0,-1432.0,0.0,100,275.66,290.0,0,0.0,0.0,,0.0,1,0.06,0.04,SPY200417C00304000,304.0,normalDay
2020-04-14,1868.0,-622.0,0.0,100,283.79,290.0,0,0.0,0.0,,0.0,1,0.06,0.07,SPY200417C00304000,304.0,normalDay
2020-04-15,1868.0,-1219.0,0.0,100,277.76,290.0,0,0.0,0.0,,0.0,1,0.06,0.01,SPY200417C00304000,304.0,normalDay
2020-04-16,1868.0,-1085.0,0.0,100,279.1,290.0,0,0.0,0.0,,0.0,1,0.06,0.01,SPY200417C00304000,304.0,normalDay
2020-04-17,1874.0,-336.0,6.0,100,286.64,290.0,0,0.0,0.0,,0.0,1,0.06,0.0,SPY200417C00304000,304.0,expirationDay
2020-04-20,1874.0,-841.0,0.0,100,281.59,290.0,0,0.0,0.0,,0.0,0,0.0,0.0,,0.0,bidTooLow
2020-04-21,1874.0,-1696.0,0.0,100,273.04,290.0,0,0.0,0.0,,0.0,0,0.0,0.0,,0.0,bidTooLow
2020-04-22,1874.0,-1090.0,0.0,100,279.1,290.0,0,0.0,0.0,,0.0,0,0.0,0.0,,0.0,bidTooLow
2020-04-23,1874.0,-1092.0,0.0,100,279.08,290.0,0,0.0,0.0,,0.0,0,0.0,0.0,,0.0,bidTooLow
2020-04-24,1874.0,-703.0,0.0,100,282.97,290.0,0,0.0,0.0,,0.0,0,0.0,0.0,,0.0,bidTooLow
2020-04-27,1874.0,-295.0,0.0,100,287.05,290.0,0,0.0,0.0,,0.0,0,0.0,0.0,,0.0,bidTooLow
2020-04-28,1874.0,-427.0,0.0,100,285.73,290.0,0,0.0,0.0,,0.0,0,0.0,0.0,,0.0,bidTooLow
2020-04-29,1874.0,318.0,0.0,100,293.21,290.0,0,0.0,0.0,,0.0,1,0.01,0.04,SPY200508C00325000,325.0,normalDay
2020-04-30,1874.0,46.0,0.0,100,290.48,290.0,0,0.0,0.0,,0.0,1,0.01,0.03,SPY200508C00325000,325.0,normalDay
2020-05-01,1874.0,-721.0,0.0,100,282.79,290.0,0,0.0,0.0,,0.0,1,0.01,0.01,SPY200508C00325000,325.0,normalDay
2020-05-04,1874.0,-643.0,0.0,100,283.57,290.0,0,0.0,0.0,,0.0,1,0.01,0.01,SPY200508C00325000,325.0,normalDay
2020-05-05,1874.0,-381.0,0.0,100,286.19,290.0,0,0.0,0.0,,0.0,1,0.01,0.01,SPY200508C00325000,325.0,normalDay
2020-05-06,1874.0,-575.0,0.0,100,284.25,290.0,0,0.0,0.0,,0.0,1,0.01,0.01,SPY200508C00325000,325.0,normalDay
2020-05-07,1874.0,-232.0,0.0,100,287.68,290.0,0,0.0,0.0,,0.0,1,0.01,0.01,SPY200508C00325000,325.0,normalDay
2020-05-08,1875.0,244.0,1.0,100,292.44,290.0,0,0.0,0.0,,0.0,1,0.01,0.0,SPY200508C00325000,325.0,expirationDay
2020-05-11,1875.0,246.0,0.0,100,292.5,290.0,0,0.0,0.0,,0.0,1,0.33,0.37,SPY200522C00306000,306.0,normalDay
2020-05-12,1875.0,-318.0,0.0,100,286.67,290.0,0,0.0,0.0,,0.0,1,0.33,0.18,SPY200522C00306000,306.0,normalDay
2020-05-13,1875.0,-813.0,0.0,100,281.6,290.0,0,0.0,0.0,,0.0,1,0.33,0.06,SPY200522C00306000,306.0,normalDay
2020-05-14,1875.0,-475.0,0.0,100,284.97,290.0,0,0.0,0.0,,0.0,1,0.33,0.05,SPY200522C00306000,306.0,normalDay
2020-05-15,1875.0,-342.0,0.0,100,286.28,290.0,0,0.0,0.0,,0.0,1,0.33,0.03,SPY200522C00306000,306.0,normalDay
2020-05-18,1875.0,510.0,0.0,100,295.0,290.0,0,0.0,0.0,,0.0,1,0.33,0.23,SPY200522C00306000,306.0,normalDay
2020-05-19,1875.0,221.0,0.0,100,291.97,290.0,0,0.0,0.0,,0.0,1,0.33,0.09,SPY200522C00306000,306.0,normalDay
2020-05-20,1875.0,717.0,0.0,100,296.93,290.0,0,0.0,0.0,,0.0,1,0.33,0.09,SPY200522C00306000,306.0,normalDay
2020-05-21,1875.0,518.0,0.0,100,294.88,290.0,0,0.0,0.0,,0.0,1,0.33,0.03,SPY200522C00306000,306.0,normalDay
2020-05-22,1908.0,544.0,33.0,100,295.44,290.0,0,0.0,0.0,,0.0,1,0.33,0.0,SPY200522C00306000,306.0,expirationDay
2020-05-26,1908.0,904.0,0.0,100,299.08,290.0,0,0.0,0.0,,0.0,1,0.64,0.68,SPY200605C00310000,310.0,normalDay
2020-05-27,1908.0,1279.0,0.0,100,303.53,290.0,0,0.0,0.0,,0.0,1,0.64,1.38,SPY200605C00310000,310.0,normalDay
2020-05-28,1908.0,1227.0,0.0,100,302.97,290.0,0,0.0,0.0,,0.0,1,0.64,1.34,SPY200605C00310000,310.0,normalDay
2020-05-29,1908.0,1355.0,0.0,100,304.32,290.0,0,0.0,0.0,,0.0,1,0.64,1.41,SPY200605C00310000,310.0,normalDay
2020-06-01,1908.0,1502.0,0.0,100,305.55,290.0,0,0.0,0.0,,0.0,1,0.64,1.17,SPY200605C00310000,310.0,normalDay
2020-06-02,1908.0,1726.0,0.0,100,308.08,290.0,0,0.0,0.0,,0.0,1,0.64,1.46,SPY200605C00310000,310.0,normalDay
2020-06-03,1908.0,1942.0,0.0,100,312.18,290.0,0,0.0,0.0,,0.0,1,0.64,3.4,SPY200605C00310000,310.0,normalDay
2020-06-04,1908.0,1965.0,0.0,100,311.36,290.0,0,0.0,0.0,,0.0,1,0.64,2.35,SPY200605C00310000,310.0,normalDay
2020-06-05,3972.0,1965.0,2064.0,0,319.34,0.0,0,0.0,0.0,,0.0,1,0.64,0.0,SPY200605C00310000,310.0,expirationDay
2020-06-08,3972.0,-11.0,0.0,0,323.2,0.0,1,3.95,4.06,SPY201016P00254000,254.0,0,0.0,0.0,,0.0,normalDay
2020-06-09,3972.0,-71.0,0.0,0,320.79,0.0,1,3.95,4.66,SPY201016P00254000,254.0,0,0.0,0.0,,0.0,normalDay
2020-06-10,3972.0,-97.0,0.0,0,319.0,0.0,1,3.95,4.92,SPY201016P00254000,254.0,0,0.0,0.0,,0.0,normalDay
2020-06-11,3972.0,-639.0,0.0,0,300.61,0.0,1,3.95,10.34,SPY201016P00254000,254.0,0,0.0,0.0,,0.0,normalDay
2020-06-12,3972.0,-510.0,0.0,0,304.21,0.0,1,3.95,9.05,SPY201016P00254000,254.0,0,0.0,0.0,,0.0,normalDay
2020-06-15,3972.0,-393.0,0.0,0,307.05,0.0,1,3.95,7.88,SPY201016P00254000,254.0,0,0.0,0.0,,0.0,normalDay
2020-06-16,3972.0,-300.0,0.0,0,312.96,0.0,1,3.95,6.95,SPY201016P00254000,254.0,0,0.0,0.0,,0.0,normalDay
2020-06-17,3972.0,-303.0,0.0,0,311.66,0.0,1,3.95,6.98,SPY201016P00254000,254.0,0,0.0,0.0,,0.0,normalDay
2020-06-18,3972.0,-282.0,0.0,0,311.78,0.0,1,3.95,6.77,SPY201016P00254000,254.0,0,0.0,0.0,,0.0,normalDay
2020-06-19,3972.0,-350.0,0.0,0,308.64,0.0,1,3.95,7.45,SPY201016P00254000,254.0,0,0.0,0.0,,0.0,normalDay
2020-06-22,3972.0,-212.0,0.0,0,310.62,0.0,1,3.95,6.07,SPY201016P00254000,254.0,0,0.0,0.0,,0.0,normalDay
2020-06-23,3972.0,-180.0,0.0,0,312.05,0.0,1,3.95,5.75,SPY201016P00254000,254.0,0,0.0,0.0,,0.0,normalDay
2020-06-24,3972.0,-308.0,0.0,0,304.09,0.0,1,3.95,7.03,SPY201016P00254000,254.0,0,0.0,0.0,,0.0,normalDay
2020-06-25,3972.0,-209.0,0.0,0,307.35,0.0,1,3.95,6.04,SPY201016P00254000,254.0,0,0.0,0.0,,0.0,normalDay
2020-06-26,3972.0,-338.0,0.0,0,300.05,0.0,1,3.95,7.33,SPY201016P00254000,254.0,0,0.0,0.0,,0.0,normalDay
2020-06-29,3972.0,-215.0,0.0,0,304.46,0.0,1,3.95,6.1,SPY201016P00254000,254.0,0,0.0,0.0,,0.0,normalDay
2020-06-30,3972.0,-118.0,0.0,0,308.36,0.0,1,3.95,5.13,SPY201016P00254000,254.0,0,0.0,0.0,,0.0,normalDay
2020-07-01,3972.0,-74.0,0.0,0,310.52,0.0,1,3.95,4.69,SPY201016P00254000,254.0,0,0.0,0.0,,0.0,normalDay
2020-07-02,3972.0,-35.0,0.0,0,312.23,0.0,1,3.95,4.3,SPY201016P00254000,254.0,0,0.0,0.0,,0.0,normalDay
2020-07-06,3972.0,11.0,0.0,0,317.05,0.0,1,3.95,3.84,SPY201016P00254000,254.0,0,0.0,0.0,,0.0,normalDay
2020-07-07,3972.0,-36.0,0.0,0,313.78,0.0,1,3.95,4.31,SPY201016P00254000,254.0,0,0.0,0.0,,0.0,normalDay
2020-07-08,3972.0,12.0,0.0,0,316.18,0.0,1,3.95,3.83,SPY201016P00254000,254.0,0,0.0,0.0,,0.0,normalDay
2020-07-09,3972.0,-23.0,0.0,0,314.38,0.0,1,3.95,4.18,SPY201016P00254000,254.0,0,0.0,0.0,,0.0,normalDay
2020-07-10,3972.0,31.0,0.0,0,317.59,0.0,1,3.95,3.64,SPY201016P00254000,254.0,0,0.0,0.0,,0.0,normalDay
2020-07-13,3972.0,-79.0,0.0,0,314.84,0.0,1,3.95,4.74,SPY201016P00254000,254.0,0,0.0,0.0,,0.0,normalDay
2020-07-14,3972.0,19.0,0.0,0,318.92,0.0,1,3.95,3.76,SPY201016P00254000,254.0,0,0.0,0.0,,0.0,normalDay
2020-07-15,3972.0,66.0,0.0,0,321.85,0.0,1,3.95,3.29,SPY201016P00254000,254.0,0,0.0,0.0,,0.0,normalDay
2020-07-16,3972.0,58.0,0.0,0,320.79,0.0,1,3.95,3.37,SPY201016P00254000,254.0,0,0.0,0.0,,0.0,normalDay
2020-07-17,3972.0,116.0,0.0,0,321.72,0.0,1,3.95,2.79,SPY201016P00254000,254.0,0,0.0,0.0,,0.0,normalDay
2020-07-20,3972.0,160.0,0.0,0,324.32,0.0,1,3.95,2.35,SPY201016P00254000,254.0,0,0.0,0.0,,0.0,normalDay
2020-07-21,3972.0,161.0,0.0,0,325.01,0.0,1,3.95,2.34,SPY201016P00254000,254.0,0,0.0,0.0,,0.0,normalDay
2020-07-22,3972.0,175.0,0.0,0,326.86,0.0,1,3.95,2.2,SPY201016P00254000,254.0,0,0.0,0.0,,0.0,normalDay
2020-07-23,3972.0,134.0,0.0,0,322.96,0.0,1,3.95,2.61,SPY201016P00254000,254.0,0,0.0,0.0,,0.0,normalDay
2020-07-24,3972.0,138.0,0.0,0,320.88,0.0,1,3.95,2.57,SPY201016P00254000,254.0,0,0.0,0.0,,0.0,normalDay
2020-07-27,3972.0,171.0,0.0,0,323.22,0.0,1,3.95,2.24,SPY201016P00254000,254.0,0,0.0,0.0,,0.0,normalDay
2020-07-28,3972.0,163.0,0.0,0,321.17,0.0,1,3.95,2.32,SPY201016P00254000,254.0,0,0.0,0.0,,0.0,normalDay
2020-07-29,3972.0,195.0,0.0,0,325.12,0.0,1,3.95,2.0,SPY201016P00254000,254.0,0,0.0,0.0,,0.0,normalDay
2020-07-30,3972.0,187.0,0.0,0,323.96,0.0,1,3.95,2.08,SPY201016P00254000,254.0,0,0.0,0.0,,0.0,normalDay
2020-07-31,3972.0,213.0,0.0,0,326.52,0.0,1,3.95,1.82,SPY201016P00254000,254.0,0,0.0,0.0,,0.0,normalDay
2020-08-03,3972.0,227.0,0.0,0,328.79,0.0,1,3.95,1.68,SPY201016P00254000,254.0,0,0.0,0.0,,0.0,normalDay
2020-08-04,3972.0,244.0,0.0,0,330.06,0.0,1,3.95,1.51,SPY201016P00254000,254.0,0,0.0,0.0,,0.0,normalDay
2020-08-05,3972.0,256.0,0.0,0,332.11,0.0,1,3.95,1.39,SPY201016P00254000,254.0,0,0.0,0.0,,0.0,normalDay
2020-08-06,3972.0,263.0,0.0,0,334.33,0.0,1,3.95,1.32,SPY201016P00254000,254.0,0,0.0,0.0,,0.0,normalDay
2020-08-07,3972.0,268.0,0.0,0,334.57,0.0,1,3.95,1.27,SPY201016P00254000,254.0,0,0.0,0.0,,0.0,normalDay
2020-08-10,3972.0,280.0,0.0,0,335.57,0.0,1,3.95,1.15,SPY201016P00254000,254.0,0,0.0,0.0,,0.0,normalDay
2020-08-11,3972.0,258.0,0.0,0,332.8,0.0,1,3.95,1.37,SPY201016P00254000,254.0,0,0.0,0.0,,0.0,normalDay
2020-08-12,3972.0,286.0,0.0,0,337.44,0.0,1,3.95,1.09,SPY201016P00254000,254.0,0,0.0,0.0,,0.0,normalDay
2020-08-13,3972.0,285.0,0.0,0,336.83,0.0,1,3.95,1.1,SPY201016P00254000,254.0,0,0.0,0.0,,0.0,normalDay
2020-08-14,3972.0,290.0,0.0,0,336.84,0.0,1,3.95,1.05,SPY201016P00254000,254.0,0,0.0,0.0,,0.0,normalDay
2020-08-17,3972.0,306.0,0.0,0,337.91,0.0,1,3.95,0.89,SPY201016P00254000,254.0,0,0.0,0.0,,0.0,normalDay
2020-08-18,3972.0,310.0,0.0,0,338.64,0.0,1,3.95,0.85,SPY201016P00254000,254.0,0,0.0,0.0,,0.0,normalDay
2020-08-19,3972.0,301.0,0.0,0,337.23,0.0,1,3.95,0.94,SPY201016P00254000,254.0,0,0.0,0.0,,0.0,normalDay
2020-08-20,3972.0,303.0,0.0,0,338.28,0.0,1,3.95,0.92,SPY201016P00254000,254.0,0,0.0,0.0,,0.0,normalDay
2020-08-21,3972.0,309.0,0.0,0,339.48,0.0,1,3.95,0.86,SPY201016P00254000,254.0,0,0.0,0.0,,0.0,normalDay
2020-08-24,3972.0,319.0,0.0,0,342.92,0.0,1,3.95,0.76,SPY201016P00254000,254.0,0,0.0,0.0,,0.0,normalDay
2020-08-25,3972.0,326.0,0.0,0,344.12,0.0,1,3.95,0.69,SPY201016P00254000,254.0,0,0.0,0.0,,0.0,normalDay
2020-08-26,3972.0,327.0,0.0,0,347.57,0.0,1,3.95,0.68,SPY201016P00254000,254.0,0,0.0,0.0,,0.0,normalDay
2020-08-27,3972.0,320.0,0.0,0,348.33,0.0,1,3.95,0.75,SPY201016P00254000,254.0,0,0.0,0.0,,0.0,normalDay
2020-08-28,3972.0,331.0,0.0,0,350.58,0.0,1,3.95,0.64,SPY201016P00254000,254.0,0,0.0,0.0,,0.0,normalDay
2020-08-31,3972.0,318.0,0.0,0,349.31,0.0,1,3.95,0.77,SPY201016P00254000,254.0,0,0.0,0.0,,0.0,normalDay
2020-09-01,3972.0,322.0,0.0,0,352.6,0.0,1,3.95,0.73,SPY201016P00254000,254.0,0,0.0,0.0,,0.0,normalDay
2020-09-02,3972.0,333.0,0.0,0,357.7,0.0,1,3.95,0.62,SPY201016P00254000,254.0,0,0.0,0.0,,0.0,normalDay
2020-09-03,3972.0,282.0,0.0,0,345.39,0.0,1,3.95,1.13,SPY201016P00254000,254.0,0,0.0,0.0,,0.0,normalDay
2020-09-04,3972.0,303.0,0.0,0,342.57,0.0,1,3.95,0.92,SPY201016P00254000,254.0,0,0.0,0.0,,0.0,normalDay
2020-09-08,3972.0,307.0,0.0,0,333.21,0.0,1,3.95,0.88,SPY201016P00254000,254.0,0,0.0,0.0,,0.0,normalDay
2020-09-09,3972.0,334.0,0.0,0,339.79,0.0,1,3.95,0.61,SPY201016P00254000,254.0,0,0.0,0.0,,0.0,normalDay
2020-09-10,3972.0,330.0,0.0,0,333.89,0.0,1,3.95,0.65,SPY201016P00254000,254.0,0,0.0,0.0,,0.0,normalDay
2020-09-11,3972.0,352.0,0.0,0,334.06,0.0,1,3.95,0.43,SPY201016P00254000,254.0,0,0.0,0.0,,0.0,normalDay
2020-09-14,3972.0,363.0,0.0,0,338.46,0.0,1,3.95,0.32,SPY201016P00254000,254.0,0,0.0,0.0,,0.0,normalDay
2020-09-15,3972.0,364.0,0.0,0,340.17,0.0,1,3.95,0.31,SPY201016P00254000,254.0,0,0.0,0.0,,0.0,normalDay
2020-09-16,3972.0,362.0,0.0,0,338.82,0.0,1,3.95,0.33,SPY201016P00254000,254.0,0,0.0,0.0,,0.0,normalDay
2020-09-17,3972.0,362.0,0.0,0,335.84,0.0,1,3.95,0.33,SPY201016P00254000,254.0,0,0.0,0.0,,0.0,normalDay
2020-09-18,3972.0,365.0,0.0,0,330.65,0.0,1,3.95,0.3,SPY201016P00254000,254.0,0,0.0,0.0,,0.0,normalDay
2020-09-21,3972.0,366.0,0.0,0,326.97,0.0,1,3.95,0.29,SPY201016P00254000,254.0,0,0.0,0.0,,0.0,normalDay
2020-09-22,3972.0,372.0,0.0,0,330.3,0.0,1,3.95,0.23,SPY201016P00254000,254.0,0,0.0,0.0,,0.0,normalDay
2020-09-23,3972.0,363.0,0.0,0,322.64,0.0,1,3.95,0.32,SPY201016P00254000,254.0,0,0.0,0.0,,0.0,normalDay
2020-09-24,3972.0,367.0,0.0,0,323.5,0.0,1,3.95,0.28,SPY201016P00254000,254.0,0,0.0,0.0,,0.0,normalDay
2020-09-25,3972.0,377.0,0.0,0,328.73,0.0,1,3.95,0.18,SPY201016P00254000,254.0,0,0.0,0.0,,0.0,normalDay
2020-09-28,3972.0,383.0,0.0,0,334.19,0.0,1,3.95,0.12,SPY201016P00254000,254.0,0,0.0,0.0,,0.0,normalDay
2020-09-29,3972.0,385.0,0.0,0,332.37,0.0,1,3.95,0.1,SPY201016P00254000,254.0,0,0.0,0.0,,0.0,normalDay
2020-09-30,3972.0,387.0,0.0,0,334.89,0.0,1,3.95,0.08,SPY201016P00254000,254.0,0,0.0,0.0,,0.0,normalDay
2020-10-01,3972.0,391.0,0.0,0,337.04,0.0,1,3.95,0.04,SPY201016P00254000,254.0,0,0.0,0.0,,0.0,normalDay
2020-10-02,3972.0,391.0,0.0,0,333.84,0.0,1,3.95,0.04,SPY201016P00254000,254.0,0,0.0,0.0,,0.0,normalDay
2020-10-05,3972.0,393.0,0.0,0,339.76,0.0,1,3.95,0.02,SPY201016P00254000,254.0,0,0.0,0.0,,0.0,normalDay
2020-10-06,3972.0,392.0,0.0,0,334.93,0.0,1,3.95,0.03,SPY201016P00254000,254.0,0,0.0,0.0,,0.0,normalDay
2020-10-07,3972.0,393.0,0.0,0,340.76,0.0,1,3.95,0.02,SPY201016P00254000,254.0,0,0.0,0.0,,0.0,normalDay
2020-10-08,3972.0,394.0,0.0,0,343.78,0.0,1,3.95,0.01,SPY201016P00254000,254.0,0,0.0,0.0,,0.0,normalDay
2020-10-09,3972.0,394.0,0.0,0,346.85,0.0,1,3.95,0.01,SPY201016P00254000,254.0,0,0.0,0.0,,0.0,normalDay
2020-10-12,3972.0,394.0,0.0,0,352.43,0.0,1,3.95,0.01,SPY201016P00254000,254.0,0,0.0,0.0,,0.0,normalDay
2020-10-13,3972.0,394.0,0.0,0,350.13,0.0,1,3.95,0.01,SPY201016P00254000,254.0,0,0.0,0.0,,0.0,normalDay
2020-10-14,3972.0,394.0,0.0,0,347.93,0.0,1,3.95,0.01,SPY201016P00254000,254.0,0,0.0,0.0,,0.0,normalDay
2020-10-15,3972.0,394.0,0.0,0,347.5,0.0,1,3.95,0.01,SPY201016P00254000,254.0,0,0.0,0.0,,0.0,normalDay
2020-10-16,4367.0,0.0,395.0,0,347.29,0.0,1,3.95,0.0,SPY201016P00254000,254.0,0,0.0,0.0,,0.0,expirationDay
2020-10-19,4367.0,-9.0,0.0,0,342.01,0.0,1,9.24,9.33,SPY210219P00304000,304.0,0,0.0,0.0,,0.0,normalDay
2020-10-20,4367.0,10.0,0.0,0,343.38,0.0,1,9.24,9.14,SPY210219P00304000,304.0,0,0.0,0.0,,0.0,normalDay
2020-10-21,4367.0,59.0,0.0,0,342.73,0.0,1,9.24,8.65,SPY210219P00304000,304.0,0,0.0,0.0,,0.0,normalDay
2020-10-22,4367.0,96.0,0.0,0,344.61,0.0,1,9.24,8.28,SPY210219P00304000,304.0,0,0.0,0.0,,0.0,normalDay
2020-10-23,4367.0,130.0,0.0,0,345.78,0.0,1,9.24,7.94,SPY210219P00304000,304.0,0,0.0,0.0,,0.0,normalDay
2020-10-26,4367.0,-56.0,0.0,0,339.39,0.0,1,9.24,9.8,SPY210219P00304000,304.0,0,0.0,0.0,,0.0,normalDay
2020-10-27,4367.0,-87.0,0.0,0,338.22,0.0,1,9.24,10.11,SPY210219P00304000,304.0,0,0.0,0.0,,0.0,normalDay
2020-10-28,4367.0,-571.0,0.0,0,326.66,0.0,1,9.24,14.95,SPY210219P00304000,304.0,0,0.0,0.0,,0.0,normalDay
2020-10-29,4367.0,-343.0,0.0,0,329.98,0.0,1,9.24,12.67,SPY210219P00304000,304.0,0,0.0,0.0,,0.0,normalDay
2020-10-30,4367.0,-462.0,0.0,0,326.54,0.0,1,9.24,13.86,SPY210219P00304000,304.0,0,0.0,0.0,,0.0,normalDay
2020-11-02,4367.0,-288.0,0.0,0,330.2,0.0,1,9.24,12.12,SPY210219P00304000,304.0,0,0.0,0.0,,0.0,normalDay
2020-11-03,4367.0,-112.0,0.0,0,336.03,0.0,1,9.24,10.36,SPY210219P00304000,304.0,0,0.0,0.0,,0.0,normalDay
2020-11-04,4367.0,153.0,0.0,0,343.54,0.0,1,9.24,7.71,SPY210219P00304000,304.0,0,0.0,0.0,,0.0,normalDay
2020-11-05,4367.0,261.0,0.0,0,350.24,0.0,1,9.24,6.63,SPY210219P00304000,304.0,0,0.0,0.0,,0.0,normalDay
2020-11-06,4367.0,325.0,0.0,0,350.16,0.0,1,9.24,5.99,SPY210219P00304000,304.0,0,0.0,0.0,,0.0,normalDay
2020-11-09,4367.0,422.0,0.0,0,354.56,0.0,1,9.24,5.02,SPY210219P00304000,304.0,0,0.0,0.0,,0.0,normalDay
2020-11-10,4367.0,432.0,0.0,0,354.04,0.0,1,9.24,4.92,SPY210219P00304000,304.0,0,0.0,0.0,,0.0,normalDay
2020-11-11,4367.0,493.0,0.0,0,356.67,0.0,1,9.24,4.31,SPY210219P00304000,304.0,0,0.0,0.0,,0.0,normalDay
2020-11-12,4367.0,409.0,0.0,0,353.21,0.0,1,9.24,5.15,SPY210219P00304000,304.0,0,0.0,0.0,,0.0,normalDay
2020-11-13,4367.0,500.0,0.0,0,358.1,0.0,1,9.24,4.24,SPY210219P00304000,304.0,0,0.0,0.0,,0.0,normalDay
2020-11-16,4367.0,558.0,0.0,0,362.57,0.0,1,9.24,3.66,SPY210219P00304000,304.0,0,0.0,0.0,,0.0,normalDay
2020-11-17,4367.0,554.0,0.0,0,360.62,0.0,1,9.24,3.7,SPY210219P00304000,304.0,0,0.0,0.0,,0.0,normalDay
2020-11-18,4367.0,500.0,0.0,0,356.28,0.0,1,9.24,4.24,SPY210219P00304000,304.0,0,0.0,0.0,,0.0,normalDay
2020-11-19,4367.0,541.0,0.0,0,357.78,0.0,1,9.24,3.83,SPY210219P00304000,304.0,0,0.0,0.0,,0.0,normalDay
2020-11-20,4367.0,510.0,0.0,0,355.33,0.0,1,9.24,4.14,SPY210219P00304000,304.0,0,0.0,0.0,,0.0,normalDay
2020-11-23,4367.0,562.0,0.0,0,357.46,0.0,1,9.24,3.62,SPY210219P00304000,304.0,0,0.0,0.0,,0.0,normalDay
2020-11-24,4367.0,624.0,0.0,0,363.22,0.0,1,9.24,3.0,SPY210219P00304000,304.0,0,0.0,0.0,,0.0,normalDay
2020-11-25,4367.0,638.0,0.0,0,362.66,0.0,1,9.24,2.86,SPY210219P00304000,304.0,0,0.0,0.0,,0.0,normalDay
2020-11-27,4367.0,658.0,0.0,0,363.67,0.0,1,9.24,2.66,SPY210219P00304000,304.0,0,0.0,0.0,,0.0,normalDay
2020-11-30,4367.0,673.0,0.0,0,362.06,0.0,1,9.24,2.51,SPY210219P00304000,304.0,0,0.0,0.0,,0.0,normalDay
2020-12-01,4367.0,687.0,0.0,0,366.02,0.0,1,9.24,2.37,SPY210219P00304000,304.0,0,0.0,0.0,,0.0,normalDay
2020-12-02,4367.0,698.0,0.0,0,366.79,0.0,1,9.24,2.26,SPY210219P00304000,304.0,0,0.0,0.0,,0.0,normalDay
2020-12-03,4367.0,693.0,0.0,0,366.69,0.0,1,9.24,2.31,SPY210219P00304000,304.0,0,0.0,0.0,,0.0,normalDay
2020-12-04,4367.0,725.0,0.0,0,369.85,0.0,1,9.24,1.99,SPY210219P00304000,304.0,0,0.0,0.0,,0.0,normalDay
2020-12-07,4367.0,724.0,0.0,0,369.09,0.0,1,9.24,2.0,SPY210219P00304000,304.0,0,0.0,0.0,,0.0,normalDay
2020-12-08,4367.0,751.0,0.0,0,370.17,0.0,1,9.24,1.73,SPY210219P00304000,304.0,0,0.0,0.0,,0.0,normalDay
2020-12-09,4367.0,719.0,0.0,0,366.85,0.0,1,9.24,2.05,SPY210219P00304000,304.0,0,0.0,0.0,,0.0,normalDay
2020-12-10,4367.0,720.0,0.0,0,366.73,0.0,1,9.24,2.04,SPY210219P00304000,304.0,0,0.0,0.0,,0.0,normalDay
2020-12-11,4367.0,700.0,0.0,0,366.3,0.0,1,9.24,2.24,SPY210219P00304000,304.0,0,0.0,0.0,,0.0,normalDay
2020-12-14,4367.0,681.0,0.0,0,364.66,0.0,1,9.24,2.43,SPY210219P00304000,304.0,0,0.0,0.0,,0.0,normalDay
2020-12-15,4367.0,725.0,0.0,0,369.59,0.0,1,9.24,1.99,SPY210219P00304000,304.0,0,0.0,0.0,,0.0,normalDay
2020-12-16,4367.0,746.0,0.0,0,370.17,0.0,1,9.24,1.78,SPY210219P00304000,304.0,0,0.0,0.0,,0.0,normalDay
2020-12-17,4367.0,768.0,0.0,0,372.24,0.0,1,9.24,1.56,SPY210219P00304000,304.0,0,0.0,0.0,,0.0,normalDay
2020-12-18,4367.0,768.0,0.0,0,369.18,0.0,1,9.24,1.56,SPY210219P00304000,304.0,0,0.0,0.0,,0.0,normalDay
2020-12-21,4367.0,722.0,0.0,0,367.86,0.0,1,9.24,2.02,SPY210219P00304000,304.0,0,0.0,0.0,,0.0,normalDay
2020-12-22,4367.0,739.0,0.0,0,367.24,0.0,1,9.24,1.85,SPY210219P00304000,304.0,0,0.0,0.0,,0.0,normalDay
2020-12-23,4367.0,760.0,0.0,0,367.57,0.0,1,9.24,1.64,SPY210219P00304000,304.0,0,0.0,0.0,,0.0,normalDay
2020-12-24,4367.0,787.0,0.0,0,369.0,0.0,1,9.24,1.37,SPY210219P00304000,304.0,0,0.0,0.0,,0.0,normalDay
2020-12-28,4367.0,810.0,0.0,0,372.17,0.0,1,9.24,1.14,SPY210219P00304000,304.0,0,0.0,0.0,,0.0,normalDay
2020-12-29,4367.0,795.0,0.0,0,371.46,0.0,1,9.24,1.29,SPY210219P00304000,304.0,0,0.0,0.0,,0.0,normalDay
2020-12-30,4367.0,816.0,0.0,0,371.99,0.0,1,9.24,1.08,SPY210219P00304000,304.0,0,0.0,0.0,,0.0,normalDay
2020-12-31,4367.0,827.0,0.0,0,373.88,0.0,1,9.24,0.97,SPY210219P00304000,304.0,0,0.0,0.0,,0.0,normalDay
2021-01-04,4367.0,788.0,0.0,0,368.79,0.0,1,9.24,1.36,SPY210219P00304000,304.0,0,0.0,0.0,,0.0,normalDay
2021-01-05,4367.0,810.0,0.0,0,371.33,0.0,1,9.24,1.14,SPY210219P00304000,304.0,0,0.0,0.0,,0.0,normalDay
2021-01-06,4367.0,815.0,0.0,0,373.55,0.0,1,9.24,1.09,SPY210219P00304000,304.0,0,0.0,0.0,,0.0,normalDay
2021-01-07,4367.0,855.0,0.0,0,379.1,0.0,1,9.24,0.69,SPY210219P00304000,304.0,0,0.0,0.0,,0.0,normalDay
2021-01-08,4367.0,861.0,0.0,0,381.26,0.0,1,9.24,0.63,SPY210219P00304000,304.0,0,0.0,0.0,,0.0,normalDay
2021-01-11,4367.0,851.0,0.0,0,378.69,0.0,1,9.24,0.73,SPY210219P00304000,304.0,0,0.0,0.0,,0.0,normalDay
2021-01-12,4367.0,860.0,0.0,0,378.77,0.0,1,9.24,0.64,SPY210219P00304000,304.0,0,0.0,0.0,,0.0,normalDay
2021-01-13,4367.0,868.0,0.0,0,379.79,0.0,1,9.24,0.56,SPY210219P00304000,304.0,0,0.0,0.0,,0.0,normalDay
2021-01-14,4367.0,861.0,0.0,0,378.46,0.0,1,9.24,0.63,SPY210219P00304000,304.0,0,0.0,0.0,,0.0,normalDay
2021-01-15,4367.0,851.0,0.0,0,375.7,0.0,1,9.24,0.73,SPY210219P00304000,304.0,0,0.0,0.0,,0.0,normalDay
2021-01-19,4367.0,872.0,0.0,0,378.65,0.0,1,9.24,0.52,SPY210219P00304000,304.0,0,0.0,0.0,,0.0,normalDay
2021-01-20,4367.0,886.0,0.0,0,383.89,0.0,1,9.24,0.38,SPY210219P00304000,304.0,0,0.0,0.0,,0.0,normalDay
2021-01-21,4367.0,891.0,0.0,0,384.24,0.0,1,9.24,0.33,SPY210219P00304000,304.0,0,0.0,0.0,,0.0,normalDay
2021-01-22,4367.0,889.0,0.0,0,382.88,0.0,1,9.24,0.35,SPY210219P00304000,304.0,0,0.0,0.0,,0.0,normalDay
2021-01-25,4367.0,892.0,0.0,0,384.39,0.0,1,9.24,0.32,SPY210219P00304000,304.0,0,0.0,0.0,,0.0,normalDay
2021-01-26,4367.0,895.0,0.0,0,383.79,0.0,1,9.24,0.29,SPY210219P00304000,304.0,0,0.0,0.0,,0.0,normalDay
2021-01-27,4367.0,838.0,0.0,0,374.41,0.0,1,9.24,0.86,SPY210219P00304000,304.0,0,0.0,0.0,,0.0,normalDay
2021-01-28,4367.0,863.0,0.0,0,377.63,0.0,1,9.24,0.61,SPY210219P00304000,304.0,0,0.0,0.0,,0.0,normalDay
2021-01-29,4367.0,832.0,0.0,0,370.07,0.0,1,9.24,0.92,SPY210219P00304000,304.0,0,0.0,0.0,,0.0,normalDay
2021-02-01,4367.0,882.0,0.0,0,376.23,0.0,1,9.24,0.42,SPY210219P00304000,304.0,0,0.0,0.0,,0.0,normalDay
2021-02-02,4367.0,903.0,0.0,0,381.55,0.0,1,9.24,0.21,SPY210219P00304000,304.0,0,0.0,0.0,,0.0,normalDay
2021-02-03,4367.0,912.0,0.0,0,381.85,0.0,1,9.24,0.12,SPY210219P00304000,304.0,0,0.0,0.0,,0.0,normalDay
2021-02-04,4367.0,916.0,0.0,0,386.19,0.0,1,9.24,0.08,SPY210219P00304000,304.0,0,0.0,0.0,,0.0,normalDay
2021-02-05,4367.0,919.0,0.0,0,387.71,0.0,1,9.24,0.05,SPY210219P00304000,304.0,0,0.0,0.0,,0.0,normalDay
2021-02-08,4367.0,920.0,0.0,0,390.51,0.0,1,9.24,0.04,SPY210219P00304000,304.0,0,0.0,0.0,,0.0,normalDay
2021-02-09,4367.0,920.0,0.0,0,390.25,0.0,1,9.24,0.04,SPY210219P00304000,304.0,0,0.0,0.0,,0.0,normalDay
2021-02-10,4367.0,919.0,0.0,0,390.08,0.0,1,9.24,0.05,SPY210219P00304000,304.0,0,0.0,0.0,,0.0,normalDay
2021-02-11,4367.0,921.0,0.0,0,390.71,0.0,1,9.24,0.03,SPY210219P00304000,304.0,0,0.0,0.0,,0.0,normalDay
2021-02-12,4367.0,922.0,0.0,0,392.64,0.0,1,9.24,0.02,SPY210219P00304000,304.0,0,0.0,0.0,,0.0,normalDay
2021-02-16,4367.0,922.0,0.0,0,392.3,0.0,1,9.24,0.02,SPY210219P00304000,304.0,0,0.0,0.0,,0.0,normalDay
2021-02-17,4367.0,923.0,0.0,0,392.39,0.0,1,9.24,0.01,SPY210219P00304000,304.0,0,0.0,0.0,,0.0,normalDay
2021-02-18,4367.0,923.0,0.0,0,390.72,0.0,1,9.24,0.01,SPY210219P00304000,304.0,0,0.0,0.0,,0.0,normalDay
2021-02-19,5291.0,0.0,924.0,0,390.03,0.0,1,9.24,0.0,SPY210219P00304000,304.0,0,0.0,0.0,,0.0,expirationDay
2021-02-22,5291.0,-9.0,0.0,0,387.03,0.0,1,12.19,12.28,SPY210630P00359000,359.0,0,0.0,0.0,,0.0,normalDay
2021-02-23,5291.0,41.0,0.0,0,387.5,0.0,1,12.19,11.78,SPY210630P00359000,359.0,0,0.0,0.0,,0.0,normalDay
2021-02-24,5291.0,197.0,0.0,0,391.77,0.0,1,12.19,10.22,SPY210630P00359000,359.0,0,0.0,0.0,,0.0,normalDay
2021-02-25,5291.0,-176.0,0.0,0,382.33,0.0,1,12.19,13.95,SPY210630P00359000,359.0,0,0.0,0.0,,0.0,normalDay
2021-02-26,5291.0,-161.0,0.0,0,380.36,0.0,1,12.19,13.8,SPY210630P00359000,359.0,0,0.0,0.0,,0.0,normalDay
2021-03-01,5291.0,176.0,0.0,0,389.58,0.0,1,12.19,10.43,SPY210630P00359000,359.0,0,0.0,0.0,,0.0,normalDay
2021-03-02,5291.0,92.0,0.0,0,386.54,0.0,1,12.19,11.27,SPY210630P00359000,359.0,0,0.0,0.0,,0.0,normalDay
2021-03-03,5291.0,-69.0,0.0,0,381.42,0.0,1,12.19,12.88,SPY210630P00359000,359.0,0,0.0,0.0,,0.0,normalDay
2021-03-04,5291.0,-224.0,0.0,0,376.7,0.0,1,12.19,14.43,SPY210630P00359000,359.0,0,0.0,0.0,,0.0,normalDay
2021-03-05,5291.0,61.0,0.0,0,383.63,0.0,1,12.19,11.58,SPY210630P00359000,359.0,0,0.0,0.0,,0.0,normalDay
2021-03-08,5291.0,31.0,0.0,0,381.72,0.0,1,12.19,11.88,SPY210630P00359000,359.0,0,0.0,0.0,,0.0,normalDay
2021-03-09,5291.0,182.0,0.0,0,387.17,0.0,1,12.19,10.37,SPY210630P00359000,359.0,0,0.0,0.0,,0.0,normalDay
2021-03-10,5291.0,266.0,0.0,0,389.58,0.0,1,12.19,9.53,SPY210630P00359000,359.0,0,0.0,0.0,,0.0,normalDay
2021-03-11,5291.0,355.0,0.0,0,393.53,0.0,1,12.19,8.64,SPY210630P00359000,359.0,0,0.0,0.0,,0.0,normalDay
2021-03-12,5291.0,403.0,0.0,0,394.06,0.0,1,12.19,8.16,SPY210630P00359000,359.0,0,0.0,0.0,,0.0,normalDay
2021-03-15,5291.0,488.0,0.0,0,396.41,0.0,1,12.19,7.31,SPY210630P00359000,359.0,0,0.0,0.0,,0.0,normalDay
2021-03-16,5291.0,483.0,0.0,0,395.91,0.0,1,12.19,7.36,SPY210630P00359000,359.0,0,0.0,0.0,,0.0,normalDay
2021-03-17,5291.0,543.0,0.0,0,397.26,0.0,1,12.19,6.76,SPY210630P00359000,359.0,0,0.0,0.0,,0.0,normalDay
2021-03-18,5291.0,420.0,0.0,0,391.48,0.0,1,12.19,7.99,SPY210630P00359000,359.0,0,0.0,0.0,,0.0,normalDay
2021-03-19,5291.0,415.0,0.0,0,389.48,0.0,1,12.19,8.04,SPY210630P00359000,359.0,0,0.0,0.0,,0.0,normalDay
2021-03-22,5291.0,582.0,0.0,0,392.59,0.0,1,12.19,6.37,SPY210630P00359000,359.0,0,0.0,0.0,,0.0,normalDay
2021-03-23,5291.0,503.0,0.0,0,389.5,0.0,1,12.19,7.16,SPY210630P00359000,359.0,0,0.0,0.0,,0.0,normalDay
2021-03-24,5291.0,453.0,0.0,0,387.52,0.0,1,12.19,7.66,SPY210630P00359000,359.0,0,0.0,0.0,,0.0,normalDay
2021-03-25,5291.0,544.0,0.0,0,389.7,0.0,1,12.19,6.75,SPY210630P00359000,359.0,0,0.0,0.0,,0.0,normalDay
2021-03-26,5291.0,670.0,0.0,0,395.98,0.0,1,12.19,5.49,SPY210630P00359000,359.0,0,0.0,0.0,,0.0,normalDay
2021-03-29,5291.0,648.0,0.0,0,395.78,0.0,1,12.19,5.71,SPY210630P00359000,359.0,0,0.0,0.0,,0.0,normalDay
2021-03-30,5291.0,673.0,0.0,0,394.73,0.0,1,12.19,5.46,SPY210630P00359000,359.0,0,0.0,0.0,,0.0,normalDay
2021-03-31,5291.0,710.0,0.0,0,396.33,0.0,1,12.19,5.09,SPY210630P00359000,359.0,0,0.0,0.0,,0.0,normalDay
2021-04-01,5291.0,807.0,0.0,0,400.61,0.0,1,12.19,4.12,SPY210630P00359000,359.0,0,0.0,0.0,,0.0,normalDay
2021-04-05,5291.0,880.0,0.0,0,406.36,0.0,1,12.19,3.39,SPY210630P00359000,359.0,0,0.0,0.0,,0.0,normalDay
2021-04-06,5291.0,875.0,0.0,0,406.12,0.0,1,12.19,3.44,SPY210630P00359000,359.0,0,0.0,0.0,,0.0,normalDay
2021-04-07,5291.0,900.0,0.0,0,406.59,0.0,1,12.19,3.19,SPY210630P00359000,359.0,0,0.0,0.0,,0.0,normalDay
2021-04-08,5291.0,917.0,0.0,0,408.52,0.0,1,12.19,3.02,SPY210630P00359000,359.0,0,0.0,0.0,,0.0,normalDay
2021-04-09,5291.0,934.0,0.0,0,411.49,0.0,1,12.19,2.85,SPY210630P00359000,359.0,0,0.0,0.0,,0.0,normalDay
2021-04-12,5291.0,946.0,0.0,0,411.64,0.0,1,12.19,2.73,SPY210630P00359000,359.0,0,0.0,0.0,,0.0,normalDay
2021-04-13,5291.0,968.0,0.0,0,412.86,0.0,1,12.19,2.51,SPY210630P00359000,359.0,0,0.0,0.0,,0.0,normalDay
2021-04-14,5291.0,954.0,0.0,0,411.45,0.0,1,12.19,2.65,SPY210630P00359000,359.0,0,0.0,0.0,,0.0,normalDay
2021-04-15,5291.0,989.0,0.0,0,415.87,0.0,1,12.19,2.3,SPY210630P00359000,359.0,0,0.0,0.0,,0.0,normalDay
2021-04-16,5291.0,1001.0,0.0,0,417.26,0.0,1,12.19,2.18,SPY210630P00359000,359.0,0,0.0,0.0,,0.0,normalDay
2021-04-19,5291.0,980.0,0.0,0,415.21,0.0,1,12.19,2.39,SPY210630P00359000,359.0,0,0.0,0.0,,0.0,normalDay
2021-04-20,5291.0,939.0,0.0,0,412.17,0.0,1,12.19,2.8,SPY210630P00359000,359.0,0,0.0,0.0,,0.0,normalDay
2021-04-21,5291.0,994.0,0.0,0,416.07,0.0,1,12.19,2.25,SPY210630P00359000,359.0,0,0.0,0.0,,0.0,normalDay
2021-04-22,5291.0,942.0,0.0,0,412.27,0.0,1,12.19,2.77,SPY210630P00359000,359.0,0,0.0,0.0,,0.0,normalDay
2021-04-23,5291.0,1007.0,0.0,0,416.74,0.0,1,12.19,2.12,SPY210630P00359000,359.0,0,0.0,0.0,,0.0,normalDay
2021-04-26,5291.0,1023.0,0.0,0,417.61,0.0,1,12.19,1.96,SPY210630P00359000,359.0,0,0.0,0.0,,0.0,normalDay
2021-04-27,5291.0,1031.0,0.0,0,417.52,0.0,1,12.19,1.88,SPY210630P00359000,359.0,0,0.0,0.0,,0.0,normalDay
2021-04-28,5291.0,1045.0,0.0,0,417.4,0.0,1,12.19,1.74,SPY210630P00359000,359.0,0,0.0,0.0,,0.0,normalDay
2021-04-29,5291.0,1049.0,0.0,0,420.06,0.0,1,12.19,1.7,SPY210630P00359000,359.0,0,0.0,0.0,,0.0,normalDay
2021-04-30,5291.0,1026.0,0.0,0,417.3,0.0,1,12.19,1.93,SPY210630P00359000,359.0,0,0.0,0.0,,0.0,normalDay
2021-05-03,5291.0,1045.0,0.0,0,418.2,0.0,1,12.19,1.74,SPY210630P00359000,359.0,0,0.0,0.0,,0.0,normalDay
2021-05-04,5291.0,1020.0,0.0,0,415.62,0.0,1,12.19,1.99,SPY210630P00359000,359.0,0,0.0,0.0,,0.0,normalDay
2021-05-05,5291.0,1031.0,0.0,0,415.75,0.0,1,12.19,1.88,SPY210630P00359000,359.0,0,0.0,0.0,,0.0,normalDay
2021-05-06,5291.0,1060.0,0.0,0,419.07,0.0,1,12.19,1.59,SPY210630P00359000,359.0,0,0.0,0.0,,0.0,normalDay
2021-05-07,5291.0,1094.0,0.0,0,422.12,0.0,1,12.19,1.25,SPY210630P00359000,359.0,0,0.0,0.0,,0.0,normalDay
2021-05-10,5291.0,1060.0,0.0,0,417.94,0.0,1,12.19,1.59,SPY210630P00359000,359.0,0,0.0,0.0,,0.0,normalDay
2021-05-11,5291.0,1020.0,0.0,0,414.21,0.0,1,12.19,1.99,SPY210630P00359000,359.0,0,0.0,0.0,,0.0,normalDay
2021-05-12,5291.0,848.0,0.0,0,405.41,0.0,1,12.19,3.71,SPY210630P00359000,359.0,0,0.0,0.0,,0.0,normalDay
2021-05-13,5291.0,978.0,0.0,0,410.28,0.0,1,12.19,2.41,SPY210630P00359000,359.0,0,0.0,0.0,,0.0,normalDay
2021-05-14,5291.0,1085.0,0.0,0,416.58,0.0,1,12.19,1.34,SPY210630P00359000,359.0,0,0.0,0.0,,0.0,normalDay
2021-05-17,5291.0,1077.0,0.0,0,415.52,0.0,1,12.19,1.42,SPY210630P00359000,359.0,0,0.0,0.0,,0.0,normalDay
2021-05-18,5291.0,1046.0,0.0,0,411.94,0.0,1,12.19,1.73,SPY210630P00359000,359.0,0,0.0,0.0,,0.0,normalDay
2021-05-19,5291.0,1034.0,0.0,0,410.86,0.0,1,12.19,1.85,SPY210630P00359000,359.0,0,0.0,0.0,,0.0,normalDay
2021-05-20,5291.0,1078.0,0.0,0,415.28,0.0,1,12.19,1.41,SPY210630P00359000,359.0,0,0.0,0.0,,0.0,normalDay
2021-05-21,5291.0,1089.0,0.0,0,414.94,0.0,1,12.19,1.3,SPY210630P00359000,359.0,0,0.0,0.0,,0.0,normalDay
2021-05-24,5291.0,1134.0,0.0,0,419.17,0.0,1,12.19,0.85,SPY210630P00359000,359.0,0,0.0,0.0,,0.0,normalDay
2021-05-25,5291.0,1133.0,0.0,0,418.24,0.0,1,12.19,0.86,SPY210630P00359000,359.0,0,0.0,0.0,,0.0,normalDay
2021-05-26,5291.0,1154.0,0.0,0,419.07,0.0,1,12.19,0.65,SPY210630P00359000,359.0,0,0.0,0.0,,0.0,normalDay
2021-05-27,5291.0,1163.0,0.0,0,419.29,0.0,1,12.19,0.56,SPY210630P00359000,359.0,0,0.0,0.0,,0.0,normalDay
2021-05-28,5291.0,1163.0,0.0,0,420.04,0.0,1,12.19,0.56,SPY210630P00359000,359.0,0,0.0,0.0,,0.0,normalDay
2021-06-01,5291.0,1166.0,0.0,0,419.67,0.0,1,12.19,0.53,SPY210630P00359000,359.0,0,0.0,0.0,,0.0,normalDay
2021-06-02,5291.0,1173.0,0.0,0,420.33,0.0,1,12.19,0.46,SPY210630P00359000,359.0,0,0.0,0.0,,0.0,normalDay
2021-06-03,5291.0,1170.0,0.0,0,418.77,0.0,1,12.19,0.49,SPY210630P00359000,359.0,0,0.0,0.0,,0.0,normalDay
2021-06-04,5291.0,1184.0,0.0,0,422.6,0.0,1,12.19,0.35,SPY210630P00359000,359.0,0,0.0,0.0,,0.0,normalDay
2021-06-07,5291.0,1190.0,0.0,0,422.19,0.0,1,12.19,0.29,SPY210630P00359000,359.0,0,0.0,0.0,,0.0,normalDay
2021-06-08,5291.0,1188.0,0.0,0,422.28,0.0,1,12.19,0.31,SPY210630P00359000,359.0,0,0.0,0.0,,0.0,normalDay
2021-06-09,5291.0,1184.0,0.0,0,421.65,0.0,1,12.19,0.35,SPY210630P00359000,359.0,0,0.0,0.0,,0.0,normalDay
2021-06-10,5291.0,1195.0,0.0,0,423.61,0.0,1,12.19,0.24,SPY210630P00359000,359.0,0,0.0,0.0,,0.0,normalDay
2021-06-11,5291.0,1198.0,0.0,0,424.31,0.0,1,12.19,0.21,SPY210630P00359000,359.0,0,0.0,0.0,,0.0,normalDay
2021-06-14,5291.0,1202.0,0.0,0,425.26,0.0,1,12.19,0.17,SPY210630P00359000,359.0,0,0.0,0.0,,0.0,normalDay
2021-06-15,5291.0,1200.0,0.0,0,424.48,0.0,1,12.19,0.19,SPY210630P00359000,359.0,0,0.0,0.0,,0.0,normalDay
2021-06-16,5291.0,1198.0,0.0,0,422.11,0.0,1,12.19,0.21,SPY210630P00359000,359.0,0,0.0,0.0,,0.0,normalDay
2021-06-17,5291.0,1200.0,0.0,0,421.97,0.0,1,12.19,0.19,SPY210630P00359000,359.0,0,0.0,0.0,,0.0,normalDay
2021-06-18,5291.0,1191.0,0.0,0,414.92,0.0,1,12.19,0.28,SPY210630P00359000,359.0,0,0.0,0.0,,0.0,normalDay
2021-06-21,5291.0,1207.0,0.0,0,420.86,0.0,1,12.19,0.12,SPY210630P00359000,359.0,0,0.0,0.0,,0.0,normalDay
2021-06-22,5291.0,1212.0,0.0,0,423.11,0.0,1,12.19,0.07,SPY210630P00359000,359.0,0,0.0,0.0,,0.0,normalDay
2021-06-23,5291.0,1215.0,0.0,0,422.6,0.0,1,12.19,0.04,SPY210630P00359000,359.0,0,0.0,0.0,,0.0,normalDay
2021-06-24,5291.0,1217.0,0.0,0,425.1,0.0,1,12.19,0.02,SPY210630P00359000,359.0,0,0.0,0.0,,0.0,normalDay
2021-06-25,5291.0,1216.0,0.0,0,426.61,0.0,1,12.19,0.03,SPY210630P00359000,359.0,0,0.0,0.0,,0.0,normalDay
2021-06-28,5291.0,1218.0,0.0,0,427.47,0.0,1,12.19,0.01,SPY210630P00359000,359.0,0,0.0,0.0,,0.0,normalDay
2021-06-29,5291.0,1218.0,0.0,0,427.7,0.0,1,12.19,0.01,SPY210630P00359000,359.0,0,0.0,0.0,,0.0,normalDay
2021-06-30,6510.0,0.0,1219.0,0,428.06,0.0,1,12.19,0.0,SPY210630P00359000,359.0,0,0.0,0.0,,0.0,expirationDay
2021-07-01,6510.0,-6.0,0.0,0,430.43,0.0,1,11.01,11.07,SPY211119P00411000,411.0,0,0.0,0.0,,0.0,normalDay
2021-07-02,6510.0,75.0,0.0,0,433.72,0.0,1,11.01,10.26,SPY211119P00411000,411.0,0,0.0,0.0,,0.0,normalDay
2021-07-06,6510.0,37.0,0.0,0,432.93,0.0,1,11.01,10.64,SPY211119P00411000,411.0,0,0.0,0.0,,0.0,normalDay
2021-07-07,6510.0,54.0,0.0,0,434.46,0.0,1,11.01,10.47,SPY211119P00411000,411.0,0,0.0,0.0,,0.0,normalDay
2021-07-08,6510.0,-89.0,0.0,0,430.92,0.0,1,11.01,11.9,SPY211119P00411000,411.0,0,0.0,0.0,,0.0,normalDay
2021-07-09,6510.0,98.0,0.0,0,435.52,0.0,1,11.01,10.03,SPY211119P00411000,411.0,0,0.0,0.0,,0.0,normalDay
2021-07-12,6510.0,128.0,0.0,0,437.08,0.0,1,11.01,9.73,SPY211119P00411000,411.0,0,0.0,0.0,,0.0,normalDay
2021-07-13,6510.0,57.0,0.0,0,435.59,0.0,1,11.01,10.44,SPY211119P00411000,411.0,0,0.0,0.0,,0.0,normalDay
2021-07-14,6510.0,94.0,0.0,0,436.24,0.0,1,11.01,10.07,SPY211119P00411000,411.0,0,0.0,0.0,,0.0,normalDay
2021-07-15,6510.0,38.0,0.0,0,434.75,0.0,1,11.01,10.63,SPY211119P00411000,411.0,0,0.0,0.0,,0.0,normalDay
2021-07-16,6510.0,-72.0,0.0,0,431.34,0.0,1,11.01,11.73,SPY211119P00411000,411.0,0,0.0,0.0,,0.0,normalDay
2021-07-19,6510.0,-331.0,0.0,0,424.97,0.0,1,11.01,14.32,SPY211119P00411000,411.0,0,0.0,0.0,,0.0,normalDay
2021-07-20,6510.0,-87.0,0.0,0,431.06,0.0,1,11.01,11.88,SPY211119P00411000,411.0,0,0.0,0.0,,0.0,normalDay
2021-07-21,6510.0,67.0,0.0,0,434.55,0.0,1,11.01,10.34,SPY211119P00411000,411.0,0,0.0,0.0,,0.0,normalDay
2021-07-22,6510.0,91.0,0.0,0,435.46,0.0,1,11.01,10.1,SPY211119P00411000,411.0,0,0.0,0.0,,0.0,normalDay
2021-07-23,6510.0,183.0,0.0,0,439.94,0.0,1,11.01,9.18,SPY211119P00411000,411.0,0,0.0,0.0,,0.0,normalDay
2021-07-26,6510.0,215.0,0.0,0,441.02,0.0,1,11.01,8.86,SPY211119P00411000,411.0,0,0.0,0.0,,0.0,normalDay
2021-07-27,6510.0,125.0,0.0,0,439.01,0.0,1,11.01,9.76,SPY211119P00411000,411.0,0,0.0,0.0,,0.0,normalDay
2021-07-28,6510.0,160.0,0.0,0,438.83,0.0,1,11.01,9.41,SPY211119P00411000,411.0,0,0.0,0.0,,0.0,normalDay
2021-07-29,6510.0,228.0,0.0,0,440.65,0.0,1,11.01,8.73,SPY211119P00411000,411.0,0,0.0,0.0,,0.0,normalDay
2021-07-30,6510.0,193.0,0.0,0,438.51,0.0,1,11.01,9.08,SPY211119P00411000,411.0,0,0.0,0.0,,0.0,normalDay
2021-08-02,6510.0,141.0,0.0,0,437.59,0.0,1,11.01,9.6,SPY211119P00411000,411.0,0,0.0,0.0,,0.0,normalDay
2021-08-03,6510.0,254.0,0.0,0,441.15,0.0,1,11.01,8.47,SPY211119P00411000,411.0,0,0.0,0.0,,0.0,normalDay
2021-08-04,6510.0,228.0,0.0,0,438.98,0.0,1,11.01,8.73,SPY211119P00411000,411.0,0,0.0,0.0,,0.0,normalDay
2021-08-05,6510.0,298.0,0.0,0,441.76,0.0,1,11.01,8.03,SPY211119P00411000,411.0,0,0.0,0.0,,0.0,normalDay
2021-08-06,6510.0,359.0,0.0,0,442.49,0.0,1,11.01,7.42,SPY211119P00411000,411.0,0,0.0,0.0,,0.0,normalDay
2021-08-09,6510.0,349.0,0.0,0,442.13,0.0,1,11.01,7.52,SPY211119P00411000,411.0,0,0.0,0.0,,0.0,normalDay
2021-08-10,6510.0,357.0,0.0,0,442.68,0.0,1,11.01,7.44,SPY211119P00411000,411.0,0,0.0,0.0,,0.0,normalDay
2021-08-11,6510.0,405.0,0.0,0,443.78,0.0,1,11.01,6.96,SPY211119P00411000,411.0,0,0.0,0.0,,0.0,normalDay
2021-08-12,6510.0,454.0,0.0,0,445.11,0.0,1,11.01,6.47,SPY211119P00411000,411.0,0,0.0,0.0,,0.0,normalDay
2021-08-13,6510.0,476.0,0.0,0,445.92,0.0,1,11.01,6.25,SPY211119P00411000,411.0,0,0.0,0.0,,0.0,normalDay
2021-08-16,6510.0,496.0,0.0,0,446.97,0.0,1,11.01,6.05,SPY211119P00411000,411.0,0,0.0,0.0,,0.0,normalDay
2021-08-17,6510.0,398.0,0.0,0,444.04,0.0,1,11.01,7.03,SPY211119P00411000,411.0,0,0.0,0.0,,0.0,normalDay
2021-08-18,6510.0,231.0,0.0,0,439.18,0.0,1,11.01,8.7,SPY211119P00411000,411.0,0,0.0,0.0,,0.0,normalDay
2021-08-19,6510.0,231.0,0.0,0,439.86,0.0,1,11.01,8.7,SPY211119P00411000,411.0,0,0.0,0.0,,0.0,normalDay
2021-08-20,6510.0,382.0,0.0,0,443.36,0.0,1,11.01,7.19,SPY211119P00411000,411.0,0,0.0,0.0,,0.0,normalDay
2021-08-23,6510.0,516.0,0.0,0,447.26,0.0,1,11.01,5.85,SPY211119P00411000,411.0,0,0.0,0.0,,0.0,normalDay
2021-08-24,6510.0,525.0,0.0,0,447.97,0.0,1,11.01,5.76,SPY211119P00411000,411.0,0,0.0,0.0,,0.0,normalDay
2021-08-25,6510.0,563.0,0.0,0,448.91,0.0,1,11.01,5.38,SPY211119P00411000,411.0,0,0.0,0.0,,0.0,normalDay
2021-08-26,6510.0,486.0,0.0,0,446.26,0.0,1,11.01,6.15,SPY211119P00411000,411.0,0,0.0,0.0,,0.0,normalDay
2021-08-27,6510.0,599.0,0.0,0,450.25,0.0,1,11.01,5.02,SPY211119P00411000,411.0,0,0.0,0.0,,0.0,normalDay
2021-08-30,6510.0,637.0,0.0,0,452.23,0.0,1,11.01,4.64,SPY211119P00411000,411.0,0,0.0,0.0,,0.0,normalDay
2021-08-31,6510.0,637.0,0.0,0,451.56,0.0,1,11.01,4.64,SPY211119P00411000,411.0,0,0.0,0.0,,0.0,normalDay
2021-09-01,6510.0,663.0,0.0,0,451.8,0.0,1,11.01,4.38,SPY211119P00411000,411.0,0,0.0,0.0,,0.0,normalDay
2021-09-02,6510.0,684.0,0.0,0,453.19,0.0,1,11.01,4.17,SPY211119P00411000,411.0,0,0.0,0.0,,0.0,normalDay
2021-09-03,6510.0,678.0,0.0,0,453.08,0.0,1,11.01,4.23,SPY211119P00411000,411.0,0,0.0,0.0,,0.0,normalDay
2021-09-07,6510.0,645.0,0.0,0,451.46,0.0,1,11.01,4.56,SPY211119P00411000,411.0,0,0.0,0.0,,0.0,normalDay
2021-09-08,6510.0,645.0,0.0,0,450.91,0.0,1,11.01,4.56,SPY211119P00411000,411.0,0,0.0,0.0,,0.0,normalDay
2021-09-09,6510.0,604.0,0.0,0,448.98,0.0,1,11.01,4.97,SPY211119P00411000,411.0,0,0.0,0.0,,0.0,normalDay
2021-09-10,6510.0,536.0,0.0,0,445.44,0.0,1,11.01,5.65,SPY211119P00411000,411.0,0,0.0,0.0,,0.0,normalDay
2021-09-13,6510.0,604.0,0.0,0,446.58,0.0,1,11.01,4.97,SPY211119P00411000,411.0,0,0.0,0.0,,0.0,normalDay
2021-09-14,6510.0,574.0,0.0,0,444.17,0.0,1,11.01,5.27,SPY211119P00411000,411.0,0,0.0,0.0,,0.0,normalDay
2021-09-15,6510.0,667.0,0.0,0,447.88,0.0,1,11.01,4.34,SPY211119P00411000,411.0,0,0.0,0.0,,0.0,normalDay
2021-09-16,6510.0,652.0,0.0,0,447.17,0.0,1,11.01,4.49,SPY211119P00411000,411.0,0,0.0,0.0,,0.0,normalDay
2021-09-17,6510.0,552.0,0.0,0,441.4,0.0,1,11.01,5.49,SPY211119P00411000,411.0,0,0.0,0.0,,0.0,normalDay
2021-09-20,6510.0,293.0,0.0,0,434.04,0.0,1,11.01,8.08,SPY211119P00411000,411.0,0,0.0,0.0,,0.0,normalDay
2021-09-21,6510.0,337.0,0.0,0,433.63,0.0,1,11.01,7.64,SPY211119P00411000,411.0,0,0.0,0.0,,0.0,normalDay
2021-09-22,6510.0,535.0,0.0,0,437.86,0.0,1,11.01,5.66,SPY211119P00411000,411.0,0,0.0,0.0,,0.0,normalDay
2021-09-23,6510.0,686.0,0.0,0,443.18,0.0,1,11.01,4.15,SPY211119P00411000,411.0,0,0.0,0.0,,0.0,normalDay
2021-09-24,6510.0,726.0,0.0,0,443.91,0.0,1,11.01,3.75,SPY211119P00411000,411.0,0,0.0,0.0,,0.0,normalDay
2021-09-27,6510.0,703.0,0.0,0,442.64,0.0,1,11.01,3.98,SPY211119P00411000,411.0,0,0.0,0.0,,0.0,normalDay
2021-09-28,6510.0,469.0,0.0,0,433.72,0.0,1,11.01,6.32,SPY211119P00411000,411.0,0,0.0,0.0,,0.0,normalDay
2021-09-29,6510.0,493.0,0.0,0,434.45,0.0,1,11.01,6.08,SPY211119P00411000,411.0,0,0.0,0.0,,0.0,normalDay
2021-09-30,6510.0,388.0,0.0,0,429.14,0.0,1,11.01,7.13,SPY211119P00411000,411.0,0,0.0,0.0,,0.0,normalDay
2021-10-01,6510.0,552.0,0.0,0,434.24,0.0,1,11.01,5.49,SPY211119P00411000,411.0,0,0.0,0.0,,0.0,normalDay
2021-10-04,6510.0,423.0,0.0,0,428.64,0.0,1,11.01,6.78,SPY211119P00411000,411.0,0,0.0,0.0,,0.0,normalDay
2021-10-05,6510.0,566.0,0.0,0,433.1,0.0,1,11.01,5.35,SPY211119P00411000,411.0,0,0.0,0.0,,0.0,normalDay
2021-10-06,6510.0,615.0,0.0,0,434.9,0.0,1,11.01,4.86,SPY211119P00411000,411.0,0,0.0,0.0,,0.0,normalDay
2021-10-07,6510.0,734.0,0.0,0,438.66,0.0,1,11.01,3.67,SPY211119P00411000,411.0,0,0.0,0.0,,0.0,normalDay
2021-10-08,6510.0,737.0,0.0,0,437.86,0.0,1,11.01,3.64,SPY211119P00411000,411.0,0,0.0,0.0,,0.0,normalDay
2021-10-11,6510.0,699.0,0.0,0,434.69,0.0,1,11.01,4.02,SPY211119P00411000,411.0,0,0.0,0.0,,0.0,normalDay
2021-10-12,6510.0,694.0,0.0,0,433.62,0.0,1,11.01,4.07,SPY211119P00411000,411.0,0,0.0,0.0,,0.0,normalDay
2021-10-13,6510.0,784.0,0.0,0,435.18,0.0,1,11.01,3.17,SPY211119P00411000,411.0,0,0.0,0.0,,0.0,normalDay
2021-10-14,6510.0,906.0,0.0,0,442.5,0.0,1,11.01,1.95,SPY211119P00411000,411.0,0,0.0,0.0,,0.0,normalDay
2021-10-15,6510.0,938.0,0.0,0,445.87,0.0,1,11.01,1.63,SPY211119P00411000,411.0,0,0.0,0.0,,0.0,normalDay
2021-10-18,6510.0,965.0,0.0,0,447.19,0.0,1,11.01,1.36,SPY211119P00411000,411.0,0,0.0,0.0,,0.0,normalDay
2021-10-19,6510.0,996.0,0.0,0,450.64,0.0,1,11.01,1.05,SPY211119P00411000,411.0,0,0.0,0.0,,0.0,normalDay
2021-10-20,6510.0,1006.0,0.0,0,452.41,0.0,1,11.01,0.95,SPY211119P00411000,411.0,0,0.0,0.0,,0.0,normalDay
2021-10-21,6510.0,1021.0,0.0,0,453.59,0.0,1,11.01,0.8,SPY211119P00411000,411.0,0,0.0,0.0,,0.0,normalDay
2021-10-22,6510.0,1017.0,0.0,0,453.12,0.0,1,11.01,0.84,SPY211119P00411000,411.0,0,0.0,0.0,,0.0,normalDay
2021-10-25,6510.0,1040.0,0.0,0,455.55,0.0,1,11.01,0.61,SPY211119P00411000,411.0,0,0.0,0.0,,0.0,normalDay
2021-10-26,6510.0,1036.0,0.0,0,455.96,0.0,1,11.01,0.65,SPY211119P00411000,411.0,0,0.0,0.0,,0.0,normalDay
2021-10-27,6510.0,1024.0,0.0,0,453.94,0.0,1,11.01,0.77,SPY211119P00411000,411.0,0,0.0,0.0,,0.0,normalDay
2021-10-28,6510.0,1045.0,0.0,0,458.32,0.0,1,11.01,0.56,SPY211119P00411000,411.0,0,0.0,0.0,,0.0,normalDay
2021-10-29,6510.0,1051.0,0.0,0,459.25,0.0,1,11.01,0.5,SPY211119P00411000,411.0,0,0.0,0.0,,0.0,normalDay
2021-11-01,6510.0,1063.0,0.0,0,460.04,0.0,1,11.01,0.38,SPY211119P00411000,411.0,0,0.0,0.0,,0.0,normalDay
2021-11-02,6510.0,1069.0,0.0,0,461.9,0.0,1,11.01,0.32,SPY211119P00411000,411.0,0,0.0,0.0,,0.0,normalDay
2021-11-03,6510.0,1079.0,0.0,0,464.72,0.0,1,11.01,0.22,SPY211119P00411000,411.0,0,0.0,0.0,,0.0,normalDay
2021-11-04,6510.0,1077.0,0.0,0,466.91,0.0,1,11.01,0.24,SPY211119P00411000,411.0,0,0.0,0.0,,0.0,normalDay
2021-11-05,6510.0,1080.0,0.0,0,468.53,0.0,1,11.01,0.21,SPY211119P00411000,411.0,0,0.0,0.0,,0.0,normalDay
2021-11-08,6510.0,1085.0,0.0,0,468.93,0.0,1,11.01,0.16,SPY211119P00411000,411.0,0,0.0,0.0,,0.0,normalDay
2021-11-09,6510.0,1086.0,0.0,0,467.38,0.0,1,11.01,0.15,SPY211119P00411000,411.0,0,0.0,0.0,,0.0,normalDay
2021-11-10,6510.0,1087.0,0.0,0,463.62,0.0,1,11.01,0.14,SPY211119P00411000,411.0,0,0.0,0.0,,0.0,normalDay
2021-11-11,6510.0,1092.0,0.0,0,463.77,0.0,1,11.01,0.09,SPY211119P00411000,411.0,0,0.0,0.0,,0.0,normalDay
2021-11-12,6510.0,1096.0,0.0,0,467.27,0.0,1,11.01,0.05,SPY211119P00411000,411.0,0,0.0,0.0,,0.0,normalDay
2021-11-15,6510.0,1099.0,0.0,0,467.43,0.0,1,11.01,0.02,SPY211119P00411000,411.0,0,0.0,0.0,,0.0,normalDay
2021-11-16,6510.0,1099.0,0.0,0,469.28,0.0,1,11.01,0.02,SPY211119P00411000,411.0,0,0.0,0.0,,0.0,normalDay
2021-11-17,6510.0,1100.0,0.0,0,468.14,0.0,1,11.01,0.01,SPY211119P00411000,411.0,0,0.0,0.0,,0.0,normalDay
2021-11-18,6510.0,1100.0,0.0,0,469.73,0.0,1,11.01,0.01,SPY211119P00411000,411.0,0,0.0,0.0,,0.0,normalDay
2021-11-19,7611.0,0.0,1101.0,0,468.89,0.0,1,11.01,0.0,SPY211119P00411000,411.0,0,0.0,0.0,,0.0,expirationDay
2021-11-22,7611.0,-8.0,0.0,0,467.57,0.0,1,13.37,13.45,SPY220331P00445000,445.0,0,0.0,0.0,,0.0,normalDay
2021-11-23,7611.0,16.0,0.0,0,468.19,0.0,1,13.37,13.21,SPY220331P00445000,445.0,0,0.0,0.0,,0.0,normalDay
2021-11-24,7611.0,84.0,0.0,0,469.44,0.0,1,13.37,12.53,SPY220331P00445000,445.0,0,0.0,0.0,,0.0,normalDay
2021-11-26,7611.0,-734.0,0.0,0,458.97,0.0,1,13.37,20.71,SPY220331P00445000,445.0,0,0.0,0.0,,0.0,normalDay
2021-11-29,7611.0,-134.0,0.0,0,464.6,0.0,1,13.37,14.71,SPY220331P00445000,445.0,0,0.0,0.0,,0.0,normalDay
2021-11-30,7611.0,-525.0,0.0,0,455.56,0.0,1,13.37,18.62,SPY220331P00445000,445.0,0,0.0,0.0,,0.0,normalDay
2021-12-01,7611.0,-926.0,0.0,0,450.5,0.0,1,13.37,22.63,SPY220331P00445000,445.0,0,0.0,0.0,,0.0,normalDay
2021-12-02,7611.0,-546.0,0.0,0,457.4,0.0,1,13.37,18.83,SPY220331P00445000,445.0,0,0.0,0.0,,0.0,normalDay
2021-12-03,7611.0,-797.0,0.0,0,453.42,0.0,1,13.37,21.34,SPY220331P00445000,445.0,0,0.0,0.0,,0.0,normalDay
2021-12-06,7611.0,-455.0,0.0,0,458.79,0.0,1,13.37,17.92,SPY220331P00445000,445.0,0,0.0,0.0,,0.0,normalDay
2021-12-07,7611.0,3.0,0.0,0,468.28,0.0,1,13.37,13.34,SPY220331P00445000,445.0,0,0.0,0.0,,0.0,normalDay
2021-12-08,7611.0,103.0,0.0,0,469.52,0.0,1,13.37,12.34,SPY220331P00445000,445.0,0,0.0,0.0,,0.0,normalDay
2021-12-09,7611.0,-11.0,0.0,0,466.35,0.0,1,13.37,13.48,SPY220331P00445000,445.0,0,0.0,0.0,,0.0,normalDay
2021-12-10,7611.0,181.0,0.0,0,470.74,0.0,1,13.37,11.56,SPY220331P00445000,445.0,0,0.0,0.0,,0.0,normalDay
2021-12-13,7611.0,28.0,0.0,0,466.57,0.0,1,13.37,13.09,SPY220331P00445000,445.0,0,0.0,0.0,,0.0,normalDay
2021-12-14,7611.0,-94.0,0.0,0,463.36,0.0,1,13.37,14.31,SPY220331P00445000,445.0,0,0.0,0.0,,0.0,normalDay
2021-12-15,7611.0,210.0,0.0,0,470.6,0.0,1,13.37,11.27,SPY220331P00445000,445.0,0,0.0,0.0,,0.0,normalDay
2021-12-16,7611.0,67.0,0.0,0,466.45,0.0,1,13.37,12.7,SPY220331P00445000,445.0,0,0.0,0.0,,0.0,normalDay
2021-12-17,7611.0,-117.0,0.0,0,459.87,0.0,1,13.37,14.54,SPY220331P00445000,445.0,0,0.0,0.0,,0.0,normalDay
2021-12-20,7611.0,-269.0,0.0,0,454.98,0.0,1,13.37,16.06,SPY220331P00445000,445.0,0,0.0,0.0,,0.0,normalDay
2021-12-21,7611.0,23.0,0.0,0,463.06,0.0,1,13.37,13.14,SPY220331P00445000,445.0,0,0.0,0.0,,0.0,normalDay
2021-12-22,7611.0,225.0,0.0,0,467.69,0.0,1,13.37,11.12,SPY220331P00445000,445.0,0,0.0,0.0,,0.0,normalDay
2021-12-23,7611.0,328.0,0.0,0,470.6,0.0,1,13.37,10.09,SPY220331P00445000,445.0,0,0.0,0.0,,0.0,normalDay
2021-12-27,7611.0,510.0,0.0,0,477.26,0.0,1,13.37,8.27,SPY220331P00445000,445.0,0,0.0,0.0,,0.0,normalDay
2021-12-28,7611.0,539.0,0.0,0,476.87,0.0,1,13.37,7.98,SPY220331P00445000,445.0,0,0.0,0.0,,0.0,normalDay
2021-12-29,7611.0,584.0,0.0,0,477.48,0.0,1,13.37,7.53,SPY220331P00445000,445.0,0,0.0,0.0,,0.0,normalDay
2021-12-30,7611.0,548.0,0.0,0,476.16,0.0,1,13.37,7.89,SPY220331P00445000,445.0,0,0.0,0.0,,0.0,normalDay
2021-12-31,7611.0,558.0,0.0,0,474.96,0.0,1,13.37,7.79,SPY220331P00445000,445.0,0,0.0,0.0,,0.0,normalDay
2022-01-03,7611.0,639.0,0.0,0,477.71,0.0,1,13.37,6.98,SPY220331P00445000,445.0,0,0.0,0.0,,0.0,normalDay
2022-01-04,7611.0,628.0,0.0,0,477.55,0.0,1,13.37,7.09,SPY220331P00445000,445.0,0,0.0,0.0,,0.0,normalDay
2022-01-05,7611.0,374.0,0.0,0,468.38,0.0,1,13.37,9.63,SPY220331P00445000,445.0,0,0.0,0.0,,0.0,normalDay
2022-01-06,7611.0,377.0,0.0,0,467.94,0.0,1,13.37,9.6,SPY220331P00445000,445.0,0,0.0,0.0,,0.0,normalDay
2022-01-07,7611.0,400.0,0.0,0,466.09,0.0,1,13.37,9.37,SPY220331P00445000,445.0,0,0.0,0.0,,0.0,normalDay
2022-01-10,7611.0,407.0,0.0,0,465.51,0.0,1,13.37,9.3,SPY220331P00445000,445.0,0,0.0,0.0,,0.0,normalDay
2022-01-11,7611.0,541.0,0.0,0,469.75,0.0,1,13.37,7.96,SPY220331P00445000,445.0,0,0.0,0.0,,0.0,normalDay
2022-01-12,7611.0,601.0,0.0,0,471.02,0.0,1,13.37,7.36,SPY220331P00445000,445.0,0,0.0,0.0,,0.0,normalDay
2022-01-13,7611.0,360.0,0.0,0,464.53,0.0,1,13.37,9.77,SPY220331P00445000,445.0,0,0.0,0.0,,0.0,normalDay
2022-01-14,7611.0,423.0,0.0,0,464.72,0.0,1,13.37,9.14,SPY220331P00445000,445.0,0,0.0,0.0,,0.0,normalDay
2022-01-18,7611.0,93.0,0.0,0,456.49,0.0,1,13.37,12.44,SPY220331P00445000,445.0,0,0.0,0.0,,0.0,normalDay
2022-01-19,7611.0,-51.0,0.0,0,451.75,0.0,1,13.37,13.88,SPY220331P00445000,445.0,0,0.0,0.0,,0.0,normalDay
2022-01-20,7611.0,-312.0,0.0,0,446.75,0.0,1,13.37,16.49,SPY220331P00445000,445.0,0,0.0,0.0,,0.0,normalDay
2022-01-21,7611.0,-802.0,0.0,0,437.98,0.0,1,13.37,21.39,SPY220331P00445000,445.0,0,0.0,0.0,,0.0,normalDay
2022-01-24,7611.0,-764.0,0.0,0,439.84,0.0,1,13.37,21.01,SPY220331P00445000,445.0,0,0.0,0.0,,0.0,normalDay
2022-01-25,7611.0,-1112.0,0.0,0,434.47,0.0,1,13.37,24.49,SPY220331P00445000,445.0,0,0.0,0.0,,0.0,normalDay
2022-01-26,7611.0,-1114.0,0.0,0,433.38,0.0,1,13.37,24.51,SPY220331P00445000,445.0,0,0.0,0.0,,0.0,normalDay
2022-01-27,7611.0,-1092.0,0.0,0,431.24,0.0,1,13.37,24.29,SPY220331P00445000,445.0,0,0.0,0.0,,0.0,normalDay
2022-01-28,7611.0,-449.0,0.0,0,441.95,0.0,1,13.37,17.86,SPY220331P00445000,445.0,0,0.0,0.0,,0.0,normalDay
2022-01-31,7611.0,-43.0,0.0,0,449.91,0.0,1,13.37,13.8,SPY220331P00445000,445.0,0,0.0,0.0,,0.0,normalDay
2022-02-01,7611.0,230.0,0.0,0,452.95,0.0,1,13.37,11.07,SPY220331P00445000,445.0,0,0.0,0.0,,0.0,normalDay
2022-02-02,7611.0,301.0,0.0,0,457.35,0.0,1,13.37,10.36,SPY220331P00445000,445.0,0,0.0,0.0,,0.0,normalDay
2022-02-03,7611.0,4.0,0.0,0,446.6,0.0,1,13.37,13.33,SPY220331P00445000,445.0,0,0.0,0.0,,0.0,normalDay
2022-02-04,7611.0,-24.0,0.0,0,448.7,0.0,1,13.37,13.61,SPY220331P00445000,445.0,0,0.0,0.0,,0.0,normalDay
2022-02-07,7611.0,25.0,0.0,0,447.26,0.0,1,13.37,13.12,SPY220331P00445000,445.0,0,0.0,0.0,,0.0,normalDay
2022-02-08,7611.0,245.0,0.0,0,450.94,0.0,1,13.37,10.92,SPY220331P00445000,445.0,0,0.0,0.0,,0.0,normalDay
2022-02-09,7611.0,490.0,0.0,0,457.54,0.0,1,13.37,8.47,SPY220331P00445000,445.0,0,0.0,0.0,,0.0,normalDay
2022-02-10,7611.0,84.0,0.0,0,449.32,0.0,1,13.37,12.53,SPY220331P00445000,445.0,0,0.0,0.0,,0.0,normalDay
2022-02-11,7611.0,-390.0,0.0,0,440.46,0.0,1,13.37,17.27,SPY220331P00445000,445.0,0,0.0,0.0,,0.0,normalDay
2022-02-14,7611.0,-412.0,0.0,0,439.02,0.0,1,13.37,17.49,SPY220331P00445000,445.0,0,0.0,0.0,,0.0,normalDay
2022-02-15,7611.0,-57.0,0.0,0,446.1,0.0,1,13.37,13.94,SPY220331P00445000,445.0,0,0.0,0.0,,0.0,normalDay
2022-02-16,7611.0,93.0,0.0,0,446.6,0.0,1,13.37,12.44,SPY220331P00445000,445.0,0,0.0,0.0,,0.0,normalDay
2022-02-17,7611.0,-459.0,0.0,0,437.06,0.0,1,13.37,17.96,SPY220331P00445000,445.0,0,0.0,0.0,,0.0,normalDay
2022-02-18,7611.0,-611.0,0.0,0,434.23,0.0,1,13.37,19.48,SPY220331P00445000,445.0,0,0.0,0.0,,0.0,normalDay
2022-02-22,7611.0,-798.0,0.0,0,429.57,0.0,1,13.37,21.35,SPY220331P00445000,445.0,0,0.0,0.0,,0.0,normalDay
2022-02-23,7611.0,-1463.0,0.0,0,421.95,0.0,1,13.37,28.0,SPY220331P00445000,445.0,0,0.0,0.0,,0.0,normalDay
2022-02-24,7611.0,-1056.0,0.0,0,428.3,0.0,1,13.37,23.93,SPY220331P00445000,445.0,0,0.0,0.0,,0.0,normalDay
2022-02-25,7611.0,-311.0,0.0,0,437.75,0.0,1,13.37,16.48,SPY220331P00445000,445.0,0,0.0,0.0,,0.0,normalDay
2022-02-28,7611.0,-393.0,0.0,0,436.63,0.0,1,13.37,17.3,SPY220331P00445000,445.0,0,0.0,0.0,,0.0,normalDay
2022-03-01,7611.0,-877.0,0.0,0,429.98,0.0,1,13.37,22.14,SPY220331P00445000,445.0,0,0.0,0.0,,0.0,normalDay
2022-03-02,7611.0,-348.0,0.0,0,437.89,0.0,1,13.37,16.85,SPY220331P00445000,445.0,0,0.0,0.0,,0.0,normalDay
2022-03-03,7611.0,-406.0,0.0,0,435.71,0.0,1,13.37,17.43,SPY220331P00445000,445.0,0,0.0,0.0,,0.0,normalDay
2022-03-04,7611.0,-686.0,0.0,0,432.17,0.0,1,13.37,20.23,SPY220331P00445000,445.0,0,0.0,0.0,,0.0,normalDay
2022-03-07,7611.0,-1678.0,0.0,0,419.43,0.0,1,13.37,30.15,SPY220331P00445000,445.0,0,0.0,0.0,,0.0,normalDay
2022-03-08,7611.0,-1951.0,0.0,0,416.25,0.0,1,13.37,32.88,SPY220331P00445000,445.0,0,0.0,0.0,,0.0,normalDay
2022-03-09,7611.0,-885.0,0.0,0,427.41,0.0,1,13.37,22.22,SPY220331P00445000,445.0,0,0.0,0.0,,0.0,normalDay
2022-03-10,7611.0,-1005.0,0.0,0,425.48,0.0,1,13.37,23.42,SPY220331P00445000,445.0,0,0.0,0.0,,0.0,normalDay
2022-03-11,7611.0,-1440.0,0.0,0,420.07,0.0,1,13.37,27.77,SPY220331P00445000,445.0,0,0.0,0.0,,0.0,normalDay
2022-03-14,7611.0,-1669.0,0.0,0,417.0,0.0,1,13.37,30.06,SPY220331P00445000,445.0,0,0.0,0.0,,0.0,normalDay
2022-03-15,7611.0,-933.0,0.0,0,426.17,0.0,1,13.37,22.7,SPY220331P00445000,445.0,0,0.0,0.0,,0.0,normalDay
2022-03-16,7611.0,-92.0,0.0,0,435.62,0.0,1,13.37,14.29,SPY220331P00445000,445.0,0,0.0,0.0,,0.0,normalDay
2022-03-17,7611.0,294.0,0.0,0,441.07,0.0,1,13.37,10.43,SPY220331P00445000,445.0,0,0.0,0.0,,0.0,normalDay
2022-03-18,7611.0,650.0,0.0,0,444.52,0.0,1,13.37,6.87,SPY220331P00445000,445.0,0,0.0,0.0,,0.0,normalDay
2022-03-21,7611.0,726.0,0.0,0,444.39,0.0,1,13.37,6.11,SPY220331P00445000,445.0,0,0.0,0.0,,0.0,normalDay
2022-03-22,7611.0,953.0,0.0,0,449.59,0.0,1,13.37,3.84,SPY220331P00445000,445.0,0,0.0,0.0,,0.0,normalDay
2022-03-23,7611.0,742.0,0.0,0,443.8,0.0,1,13.37,5.95,SPY220331P00445000,445.0,0,0.0,0.0,,0.0,normalDay
2022-03-24,7611.0,1075.0,0.0,0,450.49,0.0,1,13.37,2.62,SPY220331P00445000,445.0,0,0.0,0.0,,0.0,normalDay
2022-03-25,7611.0,1183.0,0.0,0,452.69,0.0,1,13.37,1.54,SPY220331P00445000,445.0,0,0.0,0.0,,0.0,normalDay
2022-03-28,7611.0,1294.0,0.0,0,455.91,0.0,1,13.37,0.43,SPY220331P00445000,445.0,0,0.0,0.0,,0.0,normalDay
2022-03-29,7611.0,1326.0,0.0,0,461.55,0.0,1,13.37,0.11,SPY220331P00445000,445.0,0,0.0,0.0,,0.0,normalDay
2022-03-30,7611.0,1332.0,0.0,0,458.7,0.0,1,13.37,0.05,SPY220331P00445000,445.0,0,0.0,0.0,,0.0,normalDay
2022-03-31,8948.0,0.0,1337.0,0,451.64,0.0,1,13.37,0.0,SPY220331P00445000,445.0,0,0.0,0.0,,0.0,expirationDay
2022-04-01,8948.0,-13.0,0.0,0,452.92,0.0,1,6.3,6.43,SPY220819P00380000,380.0,0,0.0,0.0,,0.0,normalDay
2022-04-04,8948.0,79.0,0.0,0,456.8,0.0,1,6.3,5.51,SPY220819P00380000,380.0,0,0.0,0.0,,0.0,normalDay
2022-04-05,8948.0,-33.0,0.0,0,451.03,0.0,1,6.3,6.63,SPY220819P00380000,380.0,0,0.0,0.0,,0.0,normalDay
2022-04-06,8948.0,-100.0,0.0,0,446.52,0.0,1,6.3,7.3,SPY220819P00380000,380.0,0,0.0,0.0,,0.0,normalDay
2022-04-07,8948.0,-60.0,0.0,0,448.77,0.0,1,6.3,6.9,SPY220819P00380000,380.0,0,0.0,0.0,,0.0,normalDay
2022-04-08,8948.0,-51.0,0.0,0,447.57,0.0,1,6.3,6.81,SPY220819P00380000,380.0,0,0.0,0.0,,0.0,normalDay
2022-04-11,8948.0,-183.0,0.0,0,439.92,0.0,1,6.3,8.13,SPY220819P00380000,380.0,0,0.0,0.0,,0.0,normalDay
2022-04-12,8948.0,-198.0,0.0,0,438.29,0.0,1,6.3,8.28,SPY220819P00380000,380.0,0,0.0,0.0,,0.0,normalDay
2022-04-13,8948.0,-65.0,0.0,0,443.31,0.0,1,6.3,6.95,SPY220819P00380000,380.0,0,0.0,0.0,,0.0,normalDay
2022-04-14,8948.0,-145.0,0.0,0,437.79,0.0,1,6.3,7.75,SPY220819P00380000,380.0,0,0.0,0.0,,0.0,normalDay
2022-04-18,8948.0,-83.0,0.0,0,437.97,0.0,1,6.3,7.13,SPY220819P00380000,380.0,0,0.0,0.0,,0.0,normalDay
2022-04-19,8948.0,-10.0,0.0,0,445.04,0.0,1,6.3,6.4,SPY220819P00380000,380.0,0,0.0,0.0,,0.0,normalDay
2022-04-20,8948.0,49.0,0.0,0,444.71,0.0,1,6.3,5.81,SPY220819P00380000,380.0,0,0.0,0.0,,0.0,normalDay
2022-04-21,8948.0,-101.0,0.0,0,438.06,0.0,1,6.3,7.31,SPY220819P00380000,380.0,0,0.0,0.0,,0.0,normalDay
2022-04-22,8948.0,-411.0,0.0,0,426.04,0.0,1,6.3,10.41,SPY220819P00380000,380.0,0,0.0,0.0,,0.0,normalDay
2022-04-25,8948.0,-297.0,0.0,0,428.51,0.0,1,6.3,9.27,SPY220819P00380000,380.0,0,0.0,0.0,,0.0,normalDay
2022-04-26,8948.0,-696.0,0.0,0,416.1,0.0,1,6.3,13.26,SPY220819P00380000,380.0,0,0.0,0.0,,0.0,normalDay
2022-04-27,8948.0,-569.0,0.0,0,417.27,0.0,1,6.3,11.99,SPY220819P00380000,380.0,0,0.0,0.0,,0.0,normalDay
2022-04-28,8948.0,-387.0,0.0,0,427.81,0.0,1,6.3,10.17,SPY220819P00380000,380.0,0,0.0,0.0,,0.0,normalDay
2022-04-29,8948.0,-697.0,0.0,0,412.0,0.0,1,6.3,13.27,SPY220819P00380000,380.0,0,0.0,0.0,,0.0,normalDay
2022-05-02,8948.0,-592.0,0.0,0,414.48,0.0,1,6.3,12.22,SPY220819P00380000,380.0,0,0.0,0.0,,0.0,normalDay
2022-05-03,8948.0,-461.0,0.0,0,416.38,0.0,1,6.3,10.91,SPY220819P00380000,380.0,0,0.0,0.0,,0.0,normalDay
2022-05-04,8948.0,-179.0,0.0,0,429.06,0.0,1,6.3,8.09,SPY220819P00380000,380.0,0,0.0,0.0,,0.0,normalDay
2022-05-05,8948.0,-614.0,0.0,0,413.81,0.0,1,6.3,12.44,SPY220819P00380000,380.0,0,0.0,0.0,,0.0,normalDay
2022-05-06,8948.0,-652.0,0.0,0,411.34,0.0,1,6.3,12.82,SPY220819P00380000,380.0,0,0.0,0.0,,0.0,normalDay
2022-05-09,8948.0,-1027.0,0.0,0,398.17,0.0,1,6.3,16.57,SPY220819P00380000,380.0,0,0.0,0.0,,0.0,normalDay
2022-05-10,8948.0,-962.0,0.0,0,399.09,0.0,1,6.3,15.92,SPY220819P00380000,380.0,0,0.0,0.0,,0.0,normalDay
2022-05-11,8948.0,-1119.0,0.0,0,392.75,0.0,1,6.3,17.49,SPY220819P00380000,380.0,0,0.0,0.0,,0.0,normalDay
2022-05-12,8948.0,-1116.0,0.0,0,392.34,0.0,1,6.3,17.46,SPY220819P00380000,380.0,0,0.0,0.0,,0.0,normalDay
2022-05-13,8948.0,-751.0,0.0,0,401.72,0.0,1,6.3,13.81,SPY220819P00380000,380.0,0,0.0,0.0,,0.0,normalDay
2022-05-16,8948.0,-717.0,0.0,0,400.09,0.0,1,6.3,13.47,SPY220819P00380000,380.0,0,0.0,0.0,,0.0,normalDay
2022-05-17,8948.0,-441.0,0.0,0,408.32,0.0,1,6.3,10.71,SPY220819P00380000,380.0,0,0.0,0.0,,0.0,normalDay
2022-05-18,8948.0,-1061.0,0.0,0,391.86,0.0,1,6.3,16.91,SPY220819P00380000,380.0,0,0.0,0.0,,0.0,normalDay
2022-05-19,8948.0,-1029.0,0.0,0,389.46,0.0,1,6.3,16.59,SPY220819P00380000,380.0,0,0.0,0.0,,0.0,normalDay
2022-05-20,8948.0,-1017.0,0.0,0,389.63,0.0,1,6.3,16.47,SPY220819P00380000,380.0,0,0.0,0.0,,0.0,normalDay
2022-05-23,8948.0,-727.0,0.0,0,396.92,0.0,1,6.3,13.57,SPY220819P00380000,380.0,0,0.0,0.0,,0.0,normalDay
2022-05-24,8948.0,-827.0,0.0,0,393.89,0.0,1,6.3,14.57,SPY220819P00380000,380.0,0,0.0,0.0,,0.0,normalDay
2022-05-25,8948.0,-700.0,0.0,0,397.37,0.0,1,6.3,13.3,SPY220819P00380000,380.0,0,0.0,0.0,,0.0,normalDay
2022-05-26,8948.0,-470.0,0.0,0,405.31,0.0,1,6.3,11.0,SPY220819P00380000,380.0,0,0.0,0.0,,0.0,normalDay
2022-05-27,8948.0,-200.0,0.0,0,415.26,0.0,1,6.3,8.3,SPY220819P00380000,380.0,0,0.0,0.0,,0.0,normalDay
2022-05-31,8948.0,-227.0,0.0,0,412.93,0.0,1,6.3,8.57,SPY220819P00380000,380.0,0,0.0,0.0,,0.0,normalDay
2022-06-01,8948.0,-259.0,0.0,0,409.59,0.0,1,6.3,8.89,SPY220819P00380000,380.0,0,0.0,0.0,,0.0,normalDay
2022-06-02,8948.0,-64.0,0.0,0,417.39,0.0,1,6.3,6.94,SPY220819P00380000,380.0,0,0.0,0.0,,0.0,normalDay
2022-06-03,8948.0,-192.0,0.0,0,410.54,0.0,1,6.3,8.22,SPY220819P00380000,380.0,0,0.0,0.0,,0.0,normalDay
2022-06-06,8948.0,-129.0,0.0,0,411.79,0.0,1,6.3,7.59,SPY220819P00380000,380.0,0,0.0,0.0,,0.0,normalDay
2022-06-07,8948.0,-24.0,0.0,0,415.74,0.0,1,6.3,6.54,SPY220819P00380000,380.0,0,0.0,0.0,,0.0,normalDay
2022-06-08,8948.0,-89.0,0.0,0,411.22,0.0,1,6.3,7.19,SPY220819P00380000,380.0,0,0.0,0.0,,0.0,normalDay
2022-06-09,8948.0,-355.0,0.0,0,401.44,0.0,1,6.3,9.85,SPY220819P00380000,380.0,0,0.0,0.0,,0.0,normalDay
2022-06-10,8948.0,-734.0,0.0,0,389.8,0.0,1,6.3,13.64,SPY220819P00380000,380.0,0,0.0,0.0,,0.0,normalDay
2022-06-13,8948.0,-1500.0,0.0,0,375.0,0.0,1,6.3,21.3,SPY220819P00380000,380.0,0,0.0,0.0,,0.0,normalDay
2022-06-14,8948.0,-1494.0,0.0,0,373.87,0.0,1,6.3,21.24,SPY220819P00380000,380.0,0,0.0,0.0,,0.0,normalDay
2022-06-15,8948.0,-1099.0,0.0,0,379.2,0.0,1,6.3,17.29,SPY220819P00380000,380.0,0,0.0,0.0,,0.0,normalDay
2022-06-16,8948.0,-1758.0,0.0,0,366.65,0.0,1,6.3,23.88,SPY220819P00380000,380.0,0,0.0,0.0,,0.0,normalDay
2022-06-17,8948.0,-1657.0,0.0,0,365.86,0.0,1,6.3,22.87,SPY220819P00380000,380.0,0,0.0,0.0,,0.0,normalDay
2022-06-21,8948.0,-1153.0,0.0,0,375.07,0.0,1,6.3,17.83,SPY220819P00380000,380.0,0,0.0,0.0,,0.0,normalDay
2022-06-22,8948.0,-1113.0,0.0,0,374.39,0.0,1,6.3,17.43,SPY220819P00380000,380.0,0,0.0,0.0,,0.0,normalDay
2022-06-23,8948.0,-997.0,0.0,0,378.06,0.0,1,6.3,16.27,SPY220819P00380000,380.0,0,0.0,0.0,,0.0,normalDay
2022-06-24,8948.0,-483.0,0.0,0,390.08,0.0,1,6.3,11.13,SPY220819P00380000,380.0,0,0.0,0.0,,0.0,normalDay
2022-06-27,8948.0,-416.0,0.0,0,388.59,0.0,1,6.3,10.46,SPY220819P00380000,380.0,0,0.0,0.0,,0.0,normalDay
2022-06-28,8948.0,-766.0,0.0,0,380.65,0.0,1,6.3,13.96,SPY220819P00380000,380.0,0,0.0,0.0,,0.0,normalDay
2022-06-29,8948.0,-740.0,0.0,0,380.34,0.0,1,6.3,13.7,SPY220819P00380000,380.0,0,0.0,0.0,,0.0,normalDay
2022-06-30,8948.0,-925.0,0.0,0,377.25,0.0,1,6.3,15.55,SPY220819P00380000,380.0,0,0.0,0.0,,0.0,normalDay
2022-07-01,8948.0,-673.0,0.0,0,381.24,0.0,1,6.3,13.03,SPY220819P00380000,380.0,0,0.0,0.0,,0.0,normalDay
2022-07-05,8948.0,-631.0,0.0,0,381.96,0.0,1,6.3,12.61,SPY220819P00380000,380.0,0,0.0,0.0,,0.0,normalDay
2022-07-06,8948.0,-515.0,0.0,0,383.25,0.0,1,6.3,11.45,SPY220819P00380000,380.0,0,0.0,0.0,,0.0,normalDay
2022-07-07,8948.0,-303.0,0.0,0,388.99,0.0,1,6.3,9.33,SPY220819P00380000,380.0,0,0.0,0.0,,0.0,normalDay
2022-07-08,8948.0,-232.0,0.0,0,388.67,0.0,1,6.3,8.62,SPY220819P00380000,380.0,0,0.0,0.0,,0.0,normalDay
2022-07-11,8948.0,-372.0,0.0,0,384.23,0.0,1,6.3,10.02,SPY220819P00380000,380.0,0,0.0,0.0,,0.0,normalDay
2022-07-12,8948.0,-534.0,0.0,0,380.83,0.0,1,6.3,11.64,SPY220819P00380000,380.0,0,0.0,0.0,,0.0,normalDay
2022-07-13,8948.0,-587.0,0.0,0,378.83,0.0,1,6.3,12.17,SPY220819P00380000,380.0,0,0.0,0.0,,0.0,normalDay
2022-07-14,8948.0,-571.0,0.0,0,377.91,0.0,1,6.3,12.01,SPY220819P00380000,380.0,0,0.0,0.0,,0.0,normalDay
2022-07-15,8948.0,-223.0,0.0,0,385.13,0.0,1,6.3,8.53,SPY220819P00380000,380.0,0,0.0,0.0,,0.0,normalDay
2022-07-18,8948.0,-326.0,0.0,0,381.95,0.0,1,6.3,9.56,SPY220819P00380000,380.0,0,0.0,0.0,,0.0,normalDay
2022-07-19,8948.0,42.0,0.0,0,392.27,0.0,1,6.3,5.88,SPY220819P00380000,380.0,0,0.0,0.0,,0.0,normalDay
2022-07-20,8948.0,136.0,0.0,0,394.77,0.0,1,6.3,4.94,SPY220819P00380000,380.0,0,0.0,0.0,,0.0,normalDay
2022-07-21,8948.0,256.0,0.0,0,398.79,0.0,1,6.3,3.74,SPY220819P00380000,380.0,0,0.0,0.0,,0.0,normalDay
2022-07-22,8948.0,198.0,0.0,0,395.09,0.0,1,6.3,4.32,SPY220819P00380000,380.0,0,0.0,0.0,,0.0,normalDay
2022-07-25,8948.0,265.0,0.0,0,395.57,0.0,1,6.3,3.65,SPY220819P00380000,380.0,0,0.0,0.0,,0.0,normalDay
2022-07-26,8948.0,144.0,0.0,0,390.89,0.0,1,6.3,4.86,SPY220819P00380000,380.0,0,0.0,0.0,,0.0,normalDay
2022-07-27,8948.0,369.0,0.0,0,401.04,0.0,1,6.3,2.61,SPY220819P00380000,380.0,0,0.0,0.0,,0.0,normalDay
2022-07-28,8948.0,482.0,0.0,0,406.07,0.0,1,6.3,1.48,SPY220819P00380000,380.0,0,0.0,0.0,,0.0,normalDay
2022-07-29,8948.0,541.0,0.0,0,411.99,0.0,1,6.3,0.89,SPY220819P00380000,380.0,0,0.0,0.0,,0.0,normalDay
2022-08-01,8948.0,532.0,0.0,0,410.77,0.0,1,6.3,0.98,SPY220819P00380000,380.0,0,0.0,0.0,,0.0,normalDay
2022-08-02,8948.0,502.0,0.0,0,408.06,0.0,1,6.3,1.28,SPY220819P00380000,380.0,0,0.0,0.0,,0.0,normalDay
2022-08-03,8948.0,575.0,0.0,0,414.45,0.0,1,6.3,0.55,SPY220819P00380000,380.0,0,0.0,0.0,,0.0,normalDay
2022-08-04,8948.0,587.0,0.0,0,414.17,0.0,1,6.3,0.43,SPY220819P00380000,380.0,0,0.0,0.0,,0.0,normalDay
2022-08-05,8948.0,589.0,0.0,0,413.47,0.0,1,6.3,0.41,SPY220819P00380000,380.0,0,0.0,0.0,,0.0,normalDay
2022-08-08,8948.0,604.0,0.0,0,412.99,0.0,1,6.3,0.26,SPY220819P00380000,380.0,0,0.0,0.0,,0.0,normalDay
2022-08-09,8948.0,601.0,0.0,0,411.35,0.0,1,6.3,0.29,SPY220819P00380000,380.0,0,0.0,0.0,,0.0,normalDay
2022-08-10,8948.0,619.0,0.0,0,419.99,0.0,1,6.3,0.11,SPY220819P00380000,380.0,0,0.0,0.0,,0.0,normalDay
2022-08-11,8948.0,621.0,0.0,0,419.99,0.0,1,6.3,0.09,SPY220819P00380000,380.0,0,0.0,0.0,,0.0,normalDay
2022-08-12,8948.0,625.0,0.0,0,427.1,0.0,1,6.3,0.05,SPY220819P00380000,380.0,0,0.0,0.0,,0.0,normalDay
2022-08-15,8948.0,627.0,0.0,0,428.86,0.0,1,6.3,0.03,SPY220819P00380000,380.0,0,0.0,0.0,,0.0,normalDay
2022-08-16,8948.0,628.0,0.0,0,429.7,0.0,1,6.3,0.02,SPY220819P00380000,380.0,0,0.0,0.0,,0.0,normalDay
2022-08-17,8948.0,628.0,0.0,0,426.65,0.0,1,6.3,0.02,SPY220819P00380000,380.0,0,0.0,0.0,,0.0,normalDay
2022-08-18,8948.0,629.0,0.0,0,427.89,0.0,1,6.3,0.01,SPY220819P00380000,380.0,0,0.0,0.0,,0.0,normalDay
2022-08-19,9578.0,0.0,630.0,0,422.14,0.0,1,6.3,0.0,SPY220819P00380000,380.0,0,0.0,0.0,,0.0,expirationDay
2022-08-22,9578.0,-9.0,0.0,0,413.35,0.0,1,10.24,10.33,SPY221230P00375000,375.0,0,0.0,0.0,,0.0,normalDay
2022-08-23,9578.0,-17.0,0.0,0,412.35,0.0,1,10.24,10.41,SPY221230P00375000,375.0,0,0.0,0.0,,0.0,normalDay
2022-08-24,9578.0,63.0,0.0,0,413.67,0.0,1,10.24,9.61,SPY221230P00375000,375.0,0,0.0,0.0,,0.0,normalDay
2022-08-25,9578.0,194.0,0.0,0,419.51,0.0,1,10.24,8.3,SPY221230P00375000,375.0,0,0.0,0.0,,0.0,normalDay
2022-08-26,9578.0,-169.0,0.0,0,405.31,0.0,1,10.24,11.93,SPY221230P00375000,375.0,0,0.0,0.0,,0.0,normalDay
2022-08-29,9578.0,-207.0,0.0,0,402.63,0.0,1,10.24,12.31,SPY221230P00375000,375.0,0,0.0,0.0,,0.0,normalDay
2022-08-30,9578.0,-313.0,0.0,0,398.21,0.0,1,10.24,13.37,SPY221230P00375000,375.0,0,0.0,0.0,,0.0,normalDay
2022-08-31,9578.0,-367.0,0.0,0,395.18,0.0,1,10.24,13.91,SPY221230P00375000,375.0,0,0.0,0.0,,0.0,normalDay
2022-09-01,9578.0,-303.0,0.0,0,396.42,0.0,1,10.24,13.27,SPY221230P00375000,375.0,0,0.0,0.0,,0.0,normalDay
2022-09-02,9578.0,-405.0,0.0,0,392.24,0.0,1,10.24,14.29,SPY221230P00375000,375.0,0,0.0,0.0,,0.0,normalDay
2022-09-06,9578.0,-488.0,0.0,0,390.76,0.0,1,10.24,15.12,SPY221230P00375000,375.0,0,0.0,0.0,,0.0,normalDay
2022-09-07,9578.0,-215.0,0.0,0,397.78,0.0,1,10.24,12.39,SPY221230P00375000,375.0,0,0.0,0.0,,0.0,normalDay
2022-09-08,9578.0,-87.0,0.0,0,400.38,0.0,1,10.24,11.11,SPY221230P00375000,375.0,0,0.0,0.0,,0.0,normalDay
2022-09-09,9578.0,52.0,0.0,0,406.6,0.0,1,10.24,9.72,SPY221230P00375000,375.0,0,0.0,0.0,,0.0,normalDay
2022-09-12,9578.0,167.0,0.0,0,410.97,0.0,1,10.24,8.57,SPY221230P00375000,375.0,0,0.0,0.0,,0.0,normalDay
2022-09-13,9578.0,-319.0,0.0,0,393.1,0.0,1,10.24,13.43,SPY221230P00375000,375.0,0,0.0,0.0,,0.0,normalDay
2022-09-14,9578.0,-272.0,0.0,0,394.6,0.0,1,10.24,12.96,SPY221230P00375000,375.0,0,0.0,0.0,,0.0,normalDay
2022-09-15,9578.0,-364.0,0.0,0,390.12,0.0,1,10.24,13.88,SPY221230P00375000,375.0,0,0.0,0.0,,0.0,normalDay
2022-09-16,9578.0,-456.0,0.0,0,385.56,0.0,1,10.24,14.8,SPY221230P00375000,375.0,0,0.0,0.0,,0.0,normalDay
2022-09-19,9578.0,-334.0,0.0,0,388.55,0.0,1,10.24,13.58,SPY221230P00375000,375.0,0,0.0,0.0,,0.0,normalDay
2022-09-20,9578.0,-495.0,0.0,0,384.09,0.0,1,10.24,15.19,SPY221230P00375000,375.0,0,0.0,0.0,,0.0,normalDay
2022-09-21,9578.0,-776.0,0.0,0,377.39,0.0,1,10.24,18.0,SPY221230P00375000,375.0,0,0.0,0.0,,0.0,normalDay
2022-09-22,9578.0,-850.0,0.0,0,374.22,0.0,1,10.24,18.74,SPY221230P00375000,375.0,0,0.0,0.0,,0.0,normalDay
2022-09-23,9578.0,-1238.0,0.0,0,367.95,0.0,1,10.24,22.62,SPY221230P00375000,375.0,0,0.0,0.0,,0.0,normalDay
2022-09-26,9578.0,-1458.0,0.0,0,364.31,0.0,1,10.24,24.82,SPY221230P00375000,375.0,0,0.0,0.0,,0.0,normalDay
2022-09-27,9578.0,-1469.0,0.0,0,363.38,0.0,1,10.24,24.93,SPY221230P00375000,375.0,0,0.0,0.0,,0.0,normalDay
2022-09-28,9578.0,-1054.0,0.0,0,370.53,0.0,1,10.24,20.78,SPY221230P00375000,375.0,0,0.0,0.0,,0.0,normalDay
2022-09-29,9578.0,-1431.0,0.0,0,362.79,0.0,1,10.24,24.55,SPY221230P00375000,375.0,0,0.0,0.0,,0.0,normalDay
2022-09-30,9578.0,-1684.0,0.0,0,357.18,0.0,1,10.24,27.08,SPY221230P00375000,375.0,0,0.0,0.0,,0.0,normalDay
2022-10-03,9578.0,-1131.0,0.0,0,366.61,0.0,1,10.24,21.55,SPY221230P00375000,375.0,0,0.0,0.0,,0.0,normalDay
2022-10-04,9578.0,-637.0,0.0,0,377.97,0.0,1,10.24,16.61,SPY221230P00375000,375.0,0,0.0,0.0,,0.0,normalDay
2022-10-05,9578.0,-634.0,0.0,0,377.09,0.0,1,10.24,16.58,SPY221230P00375000,375.0,0,0.0,0.0,,0.0,normalDay
2022-10-06,9578.0,-851.0,0.0,0,373.2,0.0,1,10.24,18.75,SPY221230P00375000,375.0,0,0.0,0.0,,0.0,normalDay
2022-10-07,9578.0,-1390.0,0.0,0,362.79,0.0,1,10.24,24.14,SPY221230P00375000,375.0,0,0.0,0.0,,0.0,normalDay
2022-10-10,9578.0,-1545.0,0.0,0,360.02,0.0,1,10.24,25.69,SPY221230P00375000,375.0,0,0.0,0.0,,0.0,normalDay
2022-10-11,9578.0,-1703.0,0.0,0,357.74,0.0,1,10.24,27.27,SPY221230P00375000,375.0,0,0.0,0.0,,0.0,normalDay
2022-10-12,9578.0,-1769.0,0.0,0,356.56,0.0,1,10.24,27.93,SPY221230P00375000,375.0,0,0.0,0.0,,0.0,normalDay
2022-10-13,9578.0,-1205.0,0.0,0,365.97,0.0,1,10.24,22.29,SPY221230P00375000,375.0,0,0.0,0.0,,0.0,normalDay
2022-10-14,9578.0,-1671.0,0.0,0,357.63,0.0,1,10.24,26.95,SPY221230P00375000,375.0,0,0.0,0.0,,0.0,normalDay
2022-10-17,9578.0,-1107.0,0.0,0,366.82,0.0,1,10.24,21.31,SPY221230P00375000,375.0,0,0.0,0.0,,0.0,normalDay
2022-10-18,9578.0,-841.0,0.0,0,371.13,0.0,1,10.24,18.65,SPY221230P00375000,375.0,0,0.0,0.0,,0.0,normalDay
2022-10-19,9578.0,-1028.0,0.0,0,368.5,0.0,1,10.24,20.52,SPY221230P00375000,375.0,0,0.0,0.0,,0.0,normalDay
2022-10-20,9578.0,-1124.0,0.0,0,365.41,0.0,1,10.24,21.48,SPY221230P00375000,375.0,0,0.0,0.0,,0.0,normalDay
2022-10-21,9578.0,-718.0,0.0,0,374.29,0.0,1,10.24,17.42,SPY221230P00375000,375.0,0,0.0,0.0,,0.0,normalDay
2022-10-24,9578.0,-521.0,0.0,0,378.87,0.0,1,10.24,15.45,SPY221230P00375000,375.0,0,0.0,0.0,,0.0,normalDay
2022-10-25,9578.0,-290.0,0.0,0,384.92,0.0,1,10.24,13.14,SPY221230P00375000,375.0,0,0.0,0.0,,0.0,normalDay
2022-10-26,9578.0,-249.0,0.0,0,382.02,0.0,1,10.24,12.73,SPY221230P00375000,375.0,0,0.0,0.0,,0.0,normalDay
2022-10-27,9578.0,-492.0,0.0,0,379.98,0.0,1,10.24,15.16,SPY221230P00375000,375.0,0,0.0,0.0,,0.0,normalDay
2022-10-28,9578.0,23.0,0.0,0,389.02,0.0,1,10.24,10.01,SPY221230P00375000,375.0,0,0.0,0.0,,0.0,normalDay
2022-10-31,9578.0,-20.0,0.0,0,386.21,0.0,1,10.24,10.44,SPY221230P00375000,375.0,0,0.0,0.0,,0.0,normalDay
2022-11-01,9578.0,-74.0,0.0,0,384.52,0.0,1,10.24,10.98,SPY221230P00375000,375.0,0,0.0,0.0,,0.0,normalDay
2022-11-02,9578.0,-448.0,0.0,0,374.87,0.0,1,10.24,14.72,SPY221230P00375000,375.0,0,0.0,0.0,,0.0,normalDay
2022-11-03,9578.0,-597.0,0.0,0,371.01,0.0,1,10.24,16.21,SPY221230P00375000,375.0,0,0.0,0.0,,0.0,normalDay
2022-11-04,9578.0,-315.0,0.0,0,376.35,0.0,1,10.24,13.39,SPY221230P00375000,375.0,0,0.0,0.0,,0.0,normalDay
2022-11-07,9578.0,-115.0,0.0,0,379.95,0.0,1,10.24,11.39,SPY221230P00375000,375.0,0,0.0,0.0,,0.0,normalDay
2022-11-08,9578.0,-95.0,0.0,0,382.0,0.0,1,10.24,11.19,SPY221230P00375000,375.0,0,0.0,0.0,,0.0,normalDay
2022-11-09,9578.0,-381.0,0.0,0,374.13,0.0,1,10.24,14.05,SPY221230P00375000,375.0,0,0.0,0.0,,0.0,normalDay
2022-11-10,9578.0,398.0,0.0,0,394.69,0.0,1,10.24,6.26,SPY221230P00375000,375.0,0,0.0,0.0,,0.0,normalDay
2022-11-11,9578.0,513.0,0.0,0,398.51,0.0,1,10.24,5.11,SPY221230P00375000,375.0,0,0.0,0.0,,0.0,normalDay
2022-11-14,9578.0,478.0,0.0,0,395.12,0.0,1,10.24,5.46,SPY221230P00375000,375.0,0,0.0,0.0,,0.0,normalDay
2022-11-15,9578.0,534.0,0.0,0,398.49,0.0,1,10.24,4.9,SPY221230P00375000,375.0,0,0.0,0.0,,0.0,normalDay
2022-11-16,9578.0,502.0,0.0,0,395.45,0.0,1,10.24,5.22,SPY221230P00375000,375.0,0,0.0,0.0,,0.0,normalDay
2022-11-17,9578.0,495.0,0.0,0,394.24,0.0,1,10.24,5.29,SPY221230P00375000,375.0,0,0.0,0.0,,0.0,normalDay
2022-11-18,9578.0,555.0,0.0,0,396.03,0.0,1,10.24,4.69,SPY221230P00375000,375.0,0,0.0,0.0,,0.0,normalDay
2022-11-21,9578.0,597.0,0.0,0,394.59,0.0,1,10.24,4.27,SPY221230P00375000,375.0,0,0.0,0.0,,0.0,normalDay
2022-11-22,9578.0,727.0,0.0,0,399.9,0.0,1,10.24,2.97,SPY221230P00375000,375.0,0,0.0,0.0,,0.0,normalDay
2022-11-23,9578.0,783.0,0.0,0,402.42,0.0,1,10.24,2.41,SPY221230P00375000,375.0,0,0.0,0.0,,0.0,normalDay
2022-11-25,9578.0,792.0,0.0,0,402.33,0.0,1,10.24,2.32,SPY221230P00375000,375.0,0,0.0,0.0,,0.0,normalDay
2022-11-28,9578.0,687.0,0.0,0,395.91,0.0,1,10.24,3.37,SPY221230P00375000,375.0,0,0.0,0.0,,0.0,normalDay
2022-11-29,9578.0,697.0,0.0,0,395.23,0.0,1,10.24,3.27,SPY221230P00375000,375.0,0,0.0,0.0,,0.0,normalDay
2022-11-30,9578.0,886.0,0.0,0,407.68,0.0,1,10.24,1.38,SPY221230P00375000,375.0,0,0.0,0.0,,0.0,normalDay
2022-12-01,9578.0,901.0,0.0,0,407.38,0.0,1,10.24,1.23,SPY221230P00375000,375.0,0,0.0,0.0,,0.0,normalDay
2022-12-02,9578.0,919.0,0.0,0,406.91,0.0,1,10.24,1.05,SPY221230P00375000,375.0,0,0.0,0.0,,0.0,normalDay
2022-12-05,9578.0,850.0,0.0,0,399.59,0.0,1,10.24,1.74,SPY221230P00375000,375.0,0,0.0,0.0,,0.0,normalDay
2022-12-06,9578.0,744.0,0.0,0,393.83,0.0,1,10.24,2.8,SPY221230P00375000,375.0,0,0.0,0.0,,0.0,normalDay
2022-12-07,9578.0,729.0,0.0,0,393.16,0.0,1,10.24,2.95,SPY221230P00375000,375.0,0,0.0,0.0,,0.0,normalDay
2022-12-08,9578.0,805.0,0.0,0,396.24,0.0,1,10.24,2.19,SPY221230P00375000,375.0,0,0.0,0.0,,0.0,normalDay
2022-12-09,9578.0,774.0,0.0,0,393.28,0.0,1,10.24,2.5,SPY221230P00375000,375.0,0,0.0,0.0,,0.0,normalDay
2022-12-12,9578.0,844.0,0.0,0,398.95,0.0,1,10.24,1.8,SPY221230P00375000,375.0,0,0.0,0.0,,0.0,normalDay
2022-12-13,9578.0,945.0,0.0,0,401.97,0.0,1,10.24,0.79,SPY221230P00375000,375.0,0,0.0,0.0,,0.0,normalDay
2022-12-14,9578.0,960.0,0.0,0,399.4,0.0,1,10.24,0.64,SPY221230P00375000,375.0,0,0.0,0.0,,0.0,normalDay
2022-12-15,9578.0,847.0,0.0,0,389.63,0.0,1,10.24,1.77,SPY221230P00375000,375.0,0,0.0,0.0,,0.0,normalDay
2022-12-16,9578.0,768.0,0.0,0,383.27,0.0,1,10.24,2.56,SPY221230P00375000,375.0,0,0.0,0.0,,0.0,normalDay
2022-12-19,9578.0,730.0,0.0,0,380.02,0.0,1,10.24,2.94,SPY221230P00375000,375.0,0,0.0,0.0,,0.0,normalDay
2022-12-20,9578.0,792.0,0.0,0,380.54,0.0,1,10.24,2.32,SPY221230P00375000,375.0,0,0.0,0.0,,0.0,normalDay
2022-12-21,9578.0,945.0,0.0,0,386.23,0.0,1,10.24,0.79,SPY221230P00375000,375.0,0,0.0,0.0,,0.0,normalDay
2022-12-22,9578.0,826.0,0.0,0,380.72,0.0,1,10.24,1.98,SPY221230P00375000,375.0,0,0.0,0.0,,0.0,normalDay
2022-12-23,9578.0,924.0,0.0,0,382.91,0.0,1,10.24,1.0,SPY221230P00375000,375.0,0,0.0,0.0,,0.0,normalDay
2022-12-27,9578.0,950.0,0.0,0,381.4,0.0,1,10.24,0.74,SPY221230P00375000,375.0,0,0.0,0.0,,0.0,normalDay
2022-12-28,9578.0,852.0,0.0,0,376.66,0.0,1,10.24,1.72,SPY221230P00375000,375.0,0,0.0,0.0,,0.0,normalDay
2022-12-29,9578.0,1012.0,0.0,0,383.44,0.0,1,10.24,0.12,SPY221230P00375000,375.0,0,0.0,0.0,,0.0,normalDay
2022-12-30,10602.0,0.0,1024.0,0,382.43,0.0,1,10.24,0.0,SPY221230P00375000,375.0,0,0.0,0.0,,0.0,expirationDay
2023-01-03,10602.0,-6.0,0.0,0,380.82,0.0,1,8.75,8.81,SPY230421P00355000,355.0,0,0.0,0.0,,0.0,normalDay
2023-01-04,10602.0,122.0,0.0,0,383.76,0.0,1,8.75,7.53,SPY230421P00355000,355.0,0,0.0,0.0,,0.0,normalDay
2023-01-05,10602.0,26.0,0.0,0,379.38,0.0,1,8.75,8.49,SPY230421P00355000,355.0,0,0.0,0.0,,0.0,normalDay
2023-01-06,10602.0,241.0,0.0,0,388.08,0.0,1,8.75,6.34,SPY230421P00355000,355.0,0,0.0,0.0,,0.0,normalDay
2023-01-09,10602.0,227.0,0.0,0,387.86,0.0,1,8.75,6.48,SPY230421P00355000,355.0,0,0.0,0.0,,0.0,normalDay
2023-01-10,10602.0,327.0,0.0,0,390.58,0.0,1,8.75,5.48,SPY230421P00355000,355.0,0,0.0,0.0,,0.0,normalDay
2023-01-11,10602.0,393.0,0.0,0,395.52,0.0,1,8.75,4.82,SPY230421P00355000,355.0,0,0.0,0.0,,0.0,normalDay
2023-01-12,10602.0,466.0,0.0,0,396.96,0.0,1,8.75,4.09,SPY230421P00355000,355.0,0,0.0,0.0,,0.0,normalDay
2023-01-13,10602.0,498.0,0.0,0,398.5,0.0,1,8.75,3.77,SPY230421P00355000,355.0,0,0.0,0.0,,0.0,normalDay
2023-01-17,10602.0,497.0,0.0,0,397.77,0.0,1,8.75,3.78,SPY230421P00355000,355.0,0,0.0,0.0,,0.0,normalDay
2023-01-18,10602.0,398.0,0.0,0,391.49,0.0,1,8.75,4.77,SPY230421P00355000,355.0,0,0.0,0.0,,0.0,normalDay
2023-01-19,10602.0,363.0,0.0,0,388.64,0.0,1,8.75,5.12,SPY230421P00355000,355.0,0,0.0,0.0,,0.0,normalDay
2023-01-20,10602.0,480.0,0.0,0,395.88,0.0,1,8.75,3.95,SPY230421P00355000,355.0,0,0.0,0.0,,0.0,normalDay
2023-01-23,10602.0,541.0,0.0,0,400.63,0.0,1,8.75,3.34,SPY230421P00355000,355.0,0,0.0,0.0,,0.0,normalDay
2023-01-24,10602.0,572.0,0.0,0,400.2,0.0,1,8.75,3.03,SPY230421P00355000,355.0,0,0.0,0.0,,0.0,normalDay
2023-01-25,10602.0,568.0,0.0,0,400.35,0.0,1,8.75,3.07,SPY230421P00355000,355.0,0,0.0,0.0,,0.0,normalDay
2023-01-26,10602.0,608.0,0.0,0,404.75,0.0,1,8.75,2.67,SPY230421P00355000,355.0,0,0.0,0.0,,0.0,normalDay
2023-01-27,10602.0,623.0,0.0,0,405.68,0.0,1,8.75,2.52,SPY230421P00355000,355.0,0,0.0,0.0,,0.0,normalDay
2023-01-30,10602.0,582.0,0.0,0,400.59,0.0,1,8.75,2.93,SPY230421P00355000,355.0,0,0.0,0.0,,0.0,normalDay
2023-01-31,10602.0,634.0,0.0,0,406.48,0.0,1,8.75,2.41,SPY230421P00355000,355.0,0,0.0,0.0,,0.0,normalDay
2023-02-01,10602.0,684.0,0.0,0,410.8,0.0,1,8.75,1.91,SPY230421P00355000,355.0,0,0.0,0.0,,0.0,normalDay
2023-02-02,10602.0,678.0,0.0,0,416.78,0.0,1,8.75,1.97,SPY230421P00355000,355.0,0,0.0,0.0,,0.0,normalDay
2023-02-03,10602.0,676.0,0.0,0,412.35,0.0,1,8.75,1.99,SPY230421P00355000,355.0,0,0.0,0.0,,0.0,normalDay
2023-02-06,10602.0,663.0,0.0,0,409.83,0.0,1,8.75,2.12,SPY230421P00355000,355.0,0,0.0,0.0,,0.0,normalDay
2023-02-07,10602.0,704.0,0.0,0,415.19,0.0,1,8.75,1.71,SPY230421P00355000,355.0,0,0.0,0.0,,0.0,normalDay
2023-02-08,10602.0,671.0,0.0,0,410.65,0.0,1,8.75,2.04,SPY230421P00355000,355.0,0,0.0,0.0,,0.0,normalDay
2023-02-09,10602.0,640.0,0.0,0,407.09,0.0,1,8.75,2.35,SPY230421P00355000,355.0,0,0.0,0.0,,0.0,normalDay
2023-02-10,10602.0,650.0,0.0,0,408.04,0.0,1,8.75,2.25,SPY230421P00355000,355.0,0,0.0,0.0,,0.0,normalDay
2023-02-13,10602.0,701.0,0.0,0,412.83,0.0,1,8.75,1.74,SPY230421P00355000,355.0,0,0.0,0.0,,0.0,normalDay
2023-02-14,10602.0,723.0,0.0,0,412.64,0.0,1,8.75,1.52,SPY230421P00355000,355.0,0,0.0,0.0,,0.0,normalDay
2023-02-15,10602.0,744.0,0.0,0,413.98,0.0,1,8.75,1.31,SPY230421P00355000,355.0,0,0.0,0.0,,0.0,normalDay
2023-02-16,10602.0,693.0,0.0,0,408.28,0.0,1,8.75,1.82,SPY230421P00355000,355.0,0,0.0,0.0,,0.0,normalDay
2023-02-17,10602.0,698.0,0.0,0,407.26,0.0,1,8.75,1.77,SPY230421P00355000,355.0,0,0.0,0.0,,0.0,normalDay
2023-02-21,10602.0,625.0,0.0,0,399.09,0.0,1,8.75,2.5,SPY230421P00355000,355.0,0,0.0,0.0,,0.0,normalDay
2023-02-22,10602.0,644.0,0.0,0,398.54,0.0,1,8.75,2.31,SPY230421P00355000,355.0,0,0.0,0.0,,0.0,normalDay
2023-02-23,10602.0,685.0,0.0,0,400.66,0.0,1,8.75,1.9,SPY230421P00355000,355.0,0,0.0,0.0,,0.0,normalDay
2023-02-24,10602.0,650.0,0.0,0,396.38,0.0,1,8.75,2.25,SPY230421P00355000,355.0,0,0.0,0.0,,0.0,normalDay
2023-02-27,10602.0,699.0,0.0,0,397.73,0.0,1,8.75,1.76,SPY230421P00355000,355.0,0,0.0,0.0,,0.0,normalDay
2023-02-28,10602.0,703.0,0.0,0,396.26,0.0,1,8.75,1.72,SPY230421P00355000,355.0,0,0.0,0.0,,0.0,normalDay
2023-03-01,10602.0,702.0,0.0,0,394.74,0.0,1,8.75,1.73,SPY230421P00355000,355.0,0,0.0,0.0,,0.0,normalDay
2023-03-02,10602.0,746.0,0.0,0,397.81,0.0,1,8.75,1.29,SPY230421P00355000,355.0,0,0.0,0.0,,0.0,normalDay
2023-03-03,10602.0,789.0,0.0,0,404.19,0.0,1,8.75,0.86,SPY230421P00355000,355.0,0,0.0,0.0,,0.0,normalDay
2023-03-06,10602.0,799.0,0.0,0,404.47,0.0,1,8.75,0.76,SPY230421P00355000,355.0,0,0.0,0.0,,0.0,normalDay
2023-03-07,10602.0,768.0,0.0,0,398.27,0.0,1,8.75,1.07,SPY230421P00355000,355.0,0,0.0,0.0,,0.0,normalDay
2023-03-08,10602.0,781.0,0.0,0,398.92,0.0,1,8.75,0.94,SPY230421P00355000,355.0,0,0.0,0.0,,0.0,normalDay
2023-03-09,10602.0,678.0,0.0,0,391.56,0.0,1,8.75,1.97,SPY230421P00355000,355.0,0,0.0,0.0,,0.0,normalDay
2023-03-10,10602.0,571.0,0.0,0,385.91,0.0,1,8.75,3.04,SPY230421P00355000,355.0,0,0.0,0.0,,0.0,normalDay
2023-03-13,10602.0,547.0,0.0,0,385.36,0.0,1,8.75,3.28,SPY230421P00355000,355.0,0,0.0,0.0,,0.0,normalDay
2023-03-14,10602.0,673.0,0.0,0,391.73,0.0,1,8.75,2.02,SPY230421P00355000,355.0,0,0.0,0.0,,0.0,normalDay
2023-03-15,10602.0,592.0,0.0,0,389.28,0.0,1,8.75,2.83,SPY230421P00355000,355.0,0,0.0,0.0,,0.0,normalDay
2023-03-16,10602.0,712.0,0.0,0,396.11,0.0,1,8.75,1.63,SPY230421P00355000,355.0,0,0.0,0.0,,0.0,normalDay
2023-03-17,10602.0,639.0,0.0,0,389.99,0.0,1,8.75,2.36,SPY230421P00355000,355.0,0,0.0,0.0,,0.0,normalDay
2023-03-20,10602.0,701.0,0.0,0,393.74,0.0,1,8.75,1.74,SPY230421P00355000,355.0,0,0.0,0.0,,0.0,normalDay
2023-03-21,10602.0,782.0,0.0,0,398.91,0.0,1,8.75,0.93,SPY230421P00355000,355.0,0,0.0,0.0,,0.0,normalDay
2023-03-22,10602.0,740.0,0.0,0,392.11,0.0,1,8.75,1.35,SPY230421P00355000,355.0,0,0.0,0.0,,0.0,normalDay
2023-03-23,10602.0,745.0,0.0,0,393.17,0.0,1,8.75,1.3,SPY230421P00355000,355.0,0,0.0,0.0,,0.0,normalDay
2023-03-24,10602.0,777.0,0.0,0,395.75,0.0,1,8.75,0.98,SPY230421P00355000,355.0,0,0.0,0.0,,0.0,normalDay
2023-03-27,10602.0,813.0,0.0,0,396.49,0.0,1,8.75,0.62,SPY230421P00355000,355.0,0,0.0,0.0,,0.0,normalDay
2023-03-28,10602.0,826.0,0.0,0,395.6,0.0,1,8.75,0.49,SPY230421P00355000,355.0,0,0.0,0.0,,0.0,normalDay
2023-03-29,10602.0,841.0,0.0,0,401.35,0.0,1,8.75,0.34,SPY230421P00355000,355.0,0,0.0,0.0,,0.0,normalDay
2023-03-30,10602.0,842.0,0.0,0,403.7,0.0,1,8.75,0.33,SPY230421P00355000,355.0,0,0.0,0.0,,0.0,normalDay
2023-03-31,10602.0,852.0,0.0,0,409.39,0.0,1,8.75,0.23,SPY230421P00355000,355.0,0,0.0,0.0,,0.0,normalDay
2023-04-03,10602.0,861.0,0.0,0,410.95,0.0,1,8.75,0.14,SPY230421P00355000,355.0,0,0.0,0.0,,0.0,normalDay
2023-04-04,10602.0,860.0,0.0,0,408.67,0.0,1,8.75,0.15,SPY230421P00355000,355.0,0,0.0,0.0,,0.0,normalDay
2023-04-05,10602.0,862.0,0.0,0,407.6,0.0,1,8.75,0.13,SPY230421P00355000,355.0,0,0.0,0.0,,0.0,normalDay
2023-04-06,10602.0,866.0,0.0,0,409.19,0.0,1,8.75,0.09,SPY230421P00355000,355.0,0,0.0,0.0,,0.0,normalDay
2023-04-10,10602.0,868.0,0.0,0,409.61,0.0,1,8.75,0.07,SPY230421P00355000,355.0,0,0.0,0.0,,0.0,normalDay
2023-04-11,10602.0,868.0,0.0,0,409.72,0.0,1,8.75,0.07,SPY230421P00355000,355.0,0,0.0,0.0,,0.0,normalDay
2023-04-12,10602.0,869.0,0.0,0,408.05,0.0,1,8.75,0.06,SPY230421P00355000,355.0,0,0.0,0.0,,0.0,normalDay
2023-04-13,10602.0,871.0,0.0,0,413.47,0.0,1,8.75,0.04,SPY230421P00355000,355.0,0,0.0,0.0,,0.0,normalDay
2023-04-14,10602.0,872.0,0.0,0,412.46,0.0,1,8.75,0.03,SPY230421P00355000,355.0,0,0.0,0.0,,0.0,normalDay
2023-04-17,10602.0,873.0,0.0,0,413.94,0.0,1,8.75,0.02,SPY230421P00355000,355.0,0,0.0,0.0,,0.0,normalDay
2023-04-18,10602.0,873.0,0.0,0,414.21,0.0,1,8.75,0.02,SPY230421P00355000,355.0,0,0.0,0.0,,0.0,normalDay
2023-04-19,10602.0,873.0,0.0,0,414.14,0.0,1,8.75,0.02,SPY230421P00355000,355.0,0,0.0,0.0,,0.0,normalDay
2023-04-20,10602.0,874.0,0.0,0,411.88,0.0,1,8.75,0.01,SPY230421P00355000,355.0,0,0.0,0.0,,0.0,normalDay
2023-04-21,11477.0,0.0,875.0,0,412.2,0.0,1,8.75,0.0,SPY230421P00355000,355.0,0,0.0,0.0,,0.0,expirationDay
2023-04-24,11477.0,-5.0,0.0,0,412.63,0.0,1,7.53,7.58,SPY230818P00387000,387.0,0,0.0,0.0,,0.0,normalDay
2023-04-25,11477.0,-180.0,0.0,0,406.08,0.0,1,7.53,9.33,SPY230818P00387000,387.0,0,0.0,0.0,,0.0,normalDay
2023-04-26,11477.0,-238.0,0.0,0,404.36,0.0,1,7.53,9.91,SPY230818P00387000,387.0,0,0.0,0.0,,0.0,normalDay
2023-04-27,11477.0,21.0,0.0,0,412.41,0.0,1,7.53,7.32,SPY230818P00387000,387.0,0,0.0,0.0,,0.0,normalDay
2023-04-28,11477.0,106.0,0.0,0,415.93,0.0,1,7.53,6.47,SPY230818P00387000,387.0,0,0.0,0.0,,0.0,normalDay
2023-05-01,11477.0,116.0,0.0,0,415.51,0.0,1,7.53,6.37,SPY230818P00387000,387.0,0,0.0,0.0,,0.0,normalDay
2023-05-02,11477.0,-15.0,0.0,0,410.84,0.0,1,7.53,7.68,SPY230818P00387000,387.0,0,0.0,0.0,,0.0,normalDay
2023-05-03,11477.0,-82.0,0.0,0,408.02,0.0,1,7.53,8.35,SPY230818P00387000,387.0,0,0.0,0.0,,0.0,normalDay
2023-05-04,11477.0,-228.0,0.0,0,405.13,0.0,1,7.53,9.81,SPY230818P00387000,387.0,0,0.0,0.0,,0.0,normalDay
2023-05-05,11477.0,24.0,0.0,0,412.63,0.0,1,7.53,7.29,SPY230818P00387000,387.0,0,0.0,0.0,,0.0,normalDay
2023-05-08,11477.0,61.0,0.0,0,412.74,0.0,1,7.53,6.92,SPY230818P00387000,387.0,0,0.0,0.0,,0.0,normalDay
2023-05-09,11477.0,21.0,0.0,0,410.93,0.0,1,7.53,7.32,SPY230818P00387000,387.0,0,0.0,0.0,,0.0,normalDay
2023-05-10,11477.0,89.0,0.0,0,412.85,0.0,1,7.53,6.64,SPY230818P00387000,387.0,0,0.0,0.0,,0.0,normalDay
2023-05-11,11477.0,89.0,0.0,0,412.13,0.0,1,7.53,6.64,SPY230818P00387000,387.0,0,0.0,0.0,,0.0,normalDay
2023-05-12,11477.0,79.0,0.0,0,411.59,0.0,1,7.53,6.74,SPY230818P00387000,387.0,0,0.0,0.0,,0.0,normalDay
2023-05-15,11477.0,151.0,0.0,0,413.01,0.0,1,7.53,6.02,SPY230818P00387000,387.0,0,0.0,0.0,,0.0,normalDay
2023-05-16,11477.0,88.0,0.0,0,410.25,0.0,1,7.53,6.65,SPY230818P00387000,387.0,0,0.0,0.0,,0.0,normalDay
2023-05-17,11477.0,210.0,0.0,0,415.23,0.0,1,7.53,5.43,SPY230818P00387000,387.0,0,0.0,0.0,,0.0,normalDay
2023-05-18,11477.0,306.0,0.0,0,419.23,0.0,1,7.53,4.47,SPY230818P00387000,387.0,0,0.0,0.0,,0.0,normalDay
2023-05-19,11477.0,275.0,0.0,0,418.62,0.0,1,7.53,4.78,SPY230818P00387000,387.0,0,0.0,0.0,,0.0,normalDay
2023-05-22,11477.0,283.0,0.0,0,418.79,0.0,1,7.53,4.7,SPY230818P00387000,387.0,0,0.0,0.0,,0.0,normalDay
2023-05-23,11477.0,189.0,0.0,0,414.09,0.0,1,7.53,5.64,SPY230818P00387000,387.0,0,0.0,0.0,,0.0,normalDay
2023-05-24,11477.0,112.0,0.0,0,411.09,0.0,1,7.53,6.41,SPY230818P00387000,387.0,0,0.0,0.0,,0.0,normalDay
2023-05-25,11477.0,200.0,0.0,0,414.65,0.0,1,7.53,5.53,SPY230818P00387000,387.0,0,0.0,0.0,,0.0,normalDay
2023-05-26,11477.0,313.0,0.0,0,420.02,0.0,1,7.53,4.4,SPY230818P00387000,387.0,0,0.0,0.0,,0.0,normalDay
2023-05-30,11477.0,348.0,0.0,0,420.18,0.0,1,7.53,4.05,SPY230818P00387000,387.0,0,0.0,0.0,,0.0,normalDay
2023-05-31,11477.0,329.0,0.0,0,417.85,0.0,1,7.53,4.24,SPY230818P00387000,387.0,0,0.0,0.0,,0.0,normalDay
2023-06-01,11477.0,429.0,0.0,0,421.82,0.0,1,7.53,3.24,SPY230818P00387000,387.0,0,0.0,0.0,,0.0,normalDay
2023-06-02,11477.0,506.0,0.0,0,427.92,0.0,1,7.53,2.47,SPY230818P00387000,387.0,0,0.0,0.0,,0.0,normalDay
2023-06-05,11477.0,514.0,0.0,0,427.1,0.0,1,7.53,2.39,SPY230818P00387000,387.0,0,0.0,0.0,,0.0,normalDay
2023-06-06,11477.0,549.0,0.0,0,428.03,0.0,1,7.53,2.04,SPY230818P00387000,387.0,0,0.0,0.0,,0.0,normalDay
2023-06-07,11477.0,543.0,0.0,0,426.55,0.0,1,7.53,2.1,SPY230818P00387000,387.0,0,0.0,0.0,,0.0,normalDay
2023-06-08,11477.0,570.0,0.0,0,429.13,0.0,1,7.53,1.83,SPY230818P00387000,387.0,0,0.0,0.0,,0.0,normalDay
2023-06-09,11477.0,571.0,0.0,0,429.9,0.0,1,7.53,1.82,SPY230818P00387000,387.0,0,0.0,0.0,,0.0,normalDay
2023-06-12,11477.0,588.0,0.0,0,433.8,0.0,1,7.53,1.65,SPY230818P00387000,387.0,0,0.0,0.0,,0.0,normalDay
2023-06-13,11477.0,606.0,0.0,0,436.66,0.0,1,7.53,1.47,SPY230818P00387000,387.0,0,0.0,0.0,,0.0,normalDay
2023-06-14,11477.0,626.0,0.0,0,437.18,0.0,1,7.53,1.27,SPY230818P00387000,387.0,0,0.0,0.0,,0.0,normalDay
2023-06-15,11477.0,632.0,0.0,0,442.6,0.0,1,7.53,1.21,SPY230818P00387000,387.0,0,0.0,0.0,,0.0,normalDay
2023-06-16,11477.0,646.0,0.0,0,439.46,0.0,1,7.53,1.07,SPY230818P00387000,387.0,0,0.0,0.0,,0.0,normalDay
2023-06-20,11477.0,637.0,0.0,0,437.18,0.0,1,7.53,1.16,SPY230818P00387000,387.0,0,0.0,0.0,,0.0,normalDay
2023-06-21,11477.0,643.0,0.0,0,434.94,0.0,1,7.53,1.1,SPY230818P00387000,387.0,0,0.0,0.0,,0.0,normalDay
2023-06-22,11477.0,659.0,0.0,0,436.51,0.0,1,7.53,0.94,SPY230818P00387000,387.0,0,0.0,0.0,,0.0,normalDay
2023-06-23,11477.0,643.0,0.0,0,433.21,0.0,1,7.53,1.1,SPY230818P00387000,387.0,0,0.0,0.0,,0.0,normalDay
2023-06-26,11477.0,639.0,0.0,0,431.44,0.0,1,7.53,1.14,SPY230818P00387000,387.0,0,0.0,0.0,,0.0,normalDay
2023-06-27,11477.0,667.0,0.0,0,436.17,0.0,1,7.53,0.86,SPY230818P00387000,387.0,0,0.0,0.0,,0.0,normalDay
2023-06-28,11477.0,680.0,0.0,0,436.39,0.0,1,7.53,0.73,SPY230818P00387000,387.0,0,0.0,0.0,,0.0,normalDay
2023-06-29,11477.0,682.0,0.0,0,438.11,0.0,1,7.53,0.71,SPY230818P00387000,387.0,0,0.0,0.0,,0.0,normalDay
2023-06-30,11477.0,695.0,0.0,0,443.28,0.0,1,7.53,0.58,SPY230818P00387000,387.0,0,0.0,0.0,,0.0,normalDay
2023-07-03,11477.0,699.0,0.0,0,443.79,0.0,1,7.53,0.54,SPY230818P00387000,387.0,0,0.0,0.0,,0.0,normalDay
2023-07-05,11477.0,697.0,0.0,0,443.13,0.0,1,7.53,0.56,SPY230818P00387000,387.0,0,0.0,0.0,,0.0,normalDay
2023-07-06,11477.0,681.0,0.0,0,439.66,0.0,1,7.53,0.72,SPY230818P00387000,387.0,0,0.0,0.0,,0.0,normalDay
2023-07-07,11477.0,688.0,0.0,0,438.55,0.0,1,7.53,0.65,SPY230818P00387000,387.0,0,0.0,0.0,,0.0,normalDay
2023-07-10,11477.0,695.0,0.0,0,439.66,0.0,1,7.53,0.58,SPY230818P00387000,387.0,0,0.0,0.0,,0.0,normalDay
2023-07-11,11477.0,702.0,0.0,0,442.46,0.0,1,7.53,0.51,SPY230818P00387000,387.0,0,0.0,0.0,,0.0,normalDay
2023-07-12,11477.0,717.0,0.0,0,446.02,0.0,1,7.53,0.36,SPY230818P00387000,387.0,0,0.0,0.0,,0.0,normalDay
2023-07-13,11477.0,719.0,0.0,0,449.56,0.0,1,7.53,0.34,SPY230818P00387000,387.0,0,0.0,0.0,,0.0,normalDay
2023-07-14,11477.0,723.0,0.0,0,449.28,0.0,1,7.53,0.3,SPY230818P00387000,387.0,0,0.0,0.0,,0.0,normalDay
2023-07-17,11477.0,727.0,0.0,0,450.84,0.0,1,7.53,0.26,SPY230818P00387000,387.0,0,0.0,0.0,,0.0,normalDay
2023-07-18,11477.0,730.0,0.0,0,454.19,0.0,1,7.53,0.23,SPY230818P00387000,387.0,0,0.0,0.0,,0.0,normalDay
2023-07-19,11477.0,729.0,0.0,0,455.2,0.0,1,7.53,0.24,SPY230818P00387000,387.0,0,0.0,0.0,,0.0,normalDay
2023-07-20,11477.0,727.0,0.0,0,452.18,0.0,1,7.53,0.26,SPY230818P00387000,387.0,0,0.0,0.0,,0.0,normalDay
2023-07-21,11477.0,730.0,0.0,0,452.18,0.0,1,7.53,0.23,SPY230818P00387000,387.0,0,0.0,0.0,,0.0,normalDay
2023-07-24,11477.0,734.0,0.0,0,454.2,0.0,1,7.53,0.19,SPY230818P00387000,387.0,0,0.0,0.0,,0.0,normalDay
2023-07-25,11477.0,737.0,0.0,0,455.44,0.0,1,7.53,0.16,SPY230818P00387000,387.0,0,0.0,0.0,,0.0,normalDay
2023-07-26,11477.0,739.0,0.0,0,455.51,0.0,1,7.53,0.14,SPY230818P00387000,387.0,0,0.0,0.0,,0.0,normalDay
2023-07-27,11477.0,733.0,0.0,0,452.49,0.0,1,7.53,0.2,SPY230818P00387000,387.0,0,0.0,0.0,,0.0,normalDay
2023-07-28,11477.0,742.0,0.0,0,456.92,0.0,1,7.53,0.11,SPY230818P00387000,387.0,0,0.0,0.0,,0.0,normalDay
2023-07-31,11477.0,743.0,0.0,0,457.79,0.0,1,7.53,0.1,SPY230818P00387000,387.0,0,0.0,0.0,,0.0,normalDay
2023-08-01,11477.0,743.0,0.0,0,456.48,0.0,1,7.53,0.1,SPY230818P00387000,387.0,0,0.0,0.0,,0.0,normalDay
2023-08-02,11477.0,736.0,0.0,0,450.13,0.0,1,7.53,0.17,SPY230818P00387000,387.0,0,0.0,0.0,,0.0,normalDay
2023-08-03,11477.0,737.0,0.0,0,448.84,0.0,1,7.53,0.16,SPY230818P00387000,387.0,0,0.0,0.0,,0.0,normalDay
2023-08-04,11477.0,731.0,0.0,0,446.81,0.0,1,7.53,0.22,SPY230818P00387000,387.0,0,0.0,0.0,,0.0,normalDay
2023-08-07,11477.0,742.0,0.0,0,450.71,0.0,1,7.53,0.11,SPY230818P00387000,387.0,0,0.0,0.0,,0.0,normalDay
2023-08-08,11477.0,744.0,0.0,0,448.75,0.0,1,7.53,0.09,SPY230818P00387000,387.0,0,0.0,0.0,,0.0,normalDay
2023-08-09,11477.0,745.0,0.0,0,445.75,0.0,1,7.53,0.08,SPY230818P00387000,387.0,0,0.0,0.0,,0.0,normalDay
2023-08-10,11477.0,746.0,0.0,0,445.91,0.0,1,7.53,0.07,SPY230818P00387000,387.0,0,0.0,0.0,,0.0,normalDay
2023-08-11,11477.0,749.0,0.0,0,445.65,0.0,1,7.53,0.04,SPY230818P00387000,387.0,0,0.0,0.0,,0.0,normalDay
2023-08-14,11477.0,750.0,0.0,0,448.11,0.0,1,7.53,0.03,SPY230818P00387000,387.0,0,0.0,0.0,,0.0,normalDay
2023-08-15,11477.0,750.0,0.0,0,442.89,0.0,1,7.53,0.03,SPY230818P00387000,387.0,0,0.0,0.0,,0.0,normalDay
2023-08-16,11477.0,751.0,0.0,0,439.64,0.0,1,7.53,0.02,SPY230818P00387000,387.0,0,0.0,0.0,,0.0,normalDay
2023-08-17,11477.0,751.0,0.0,0,436.29,0.0,1,7.53,0.02,SPY230818P00387000,387.0,0,0.0,0.0,,0.0,normalDay
2023-08-18,12230.0,0.0,753.0,0,436.5,0.0,1,7.53,0.0,SPY230818P00387000,387.0,0,0.0,0.0,,0.0,expirationDay
2023-08-21,12230.0,-6.0,0.0,0,439.34,0.0,1,8.93,8.99,SPY231229P00420000,420.0,0,0.0,0.0,,0.0,normalDay
2023-08-22,12230.0,-12.0,0.0,0,438.15,0.0,1,8.93,9.05,SPY231229P00420000,420.0,0,0.0,0.0,,0.0,normalDay
2023-08-23,12230.0,122.0,0.0,0,443.03,0.0,1,8.93,7.71,SPY231229P00420000,420.0,0,0.0,0.0,,0.0,normalDay
2023-08-24,12230.0,-42.0,0.0,0,436.89,0.0,1,8.93,9.35,SPY231229P00420000,420.0,0,0.0,0.0,,0.0,normalDay
2023-08-25,12230.0,85.0,0.0,0,439.97,0.0,1,8.93,8.08,SPY231229P00420000,420.0,0,0.0,0.0,,0.0,normalDay
2023-08-28,12230.0,183.0,0.0,0,442.76,0.0,1,8.93,7.1,SPY231229P00420000,420.0,0,0.0,0.0,,0.0,normalDay
2023-08-29,12230.0,320.0,0.0,0,449.16,0.0,1,8.93,5.73,SPY231229P00420000,420.0,0,0.0,0.0,,0.0,normalDay
2023-08-30,12230.0,372.0,0.0,0,451.01,0.0,1,8.93,5.21,SPY231229P00420000,420.0,0,0.0,0.0,,0.0,normalDay
2023-08-31,12230.0,388.0,0.0,0,450.35,0.0,1,8.93,5.05,SPY231229P00420000,420.0,0,0.0,0.0,,0.0,normalDay
2023-09-01,12230.0,403.0,0.0,0,451.19,0.0,1,8.93,4.9,SPY231229P00420000,420.0,0,0.0,0.0,,0.0,normalDay
2023-09-05,12230.0,377.0,0.0,0,449.24,0.0,1,8.93,5.16,SPY231229P00420000,420.0,0,0.0,0.0,,0.0,normalDay
2023-09-06,12230.0,311.0,0.0,0,446.22,0.0,1,8.93,5.82,SPY231229P00420000,420.0,0,0.0,0.0,,0.0,normalDay
2023-09-07,12230.0,298.0,0.0,0,444.85,0.0,1,8.93,5.95,SPY231229P00420000,420.0,0,0.0,0.0,,0.0,normalDay
2023-09-08,12230.0,348.0,0.0,0,445.52,0.0,1,8.93,5.45,SPY231229P00420000,420.0,0,0.0,0.0,,0.0,normalDay
2023-09-11,12230.0,414.0,0.0,0,448.45,0.0,1,8.93,4.79,SPY231229P00420000,420.0,0,0.0,0.0,,0.0,normalDay
2023-09-12,12230.0,376.0,0.0,0,445.99,0.0,1,8.93,5.17,SPY231229P00420000,420.0,0,0.0,0.0,,0.0,normalDay
2023-09-13,12230.0,407.0,0.0,0,446.51,0.0,1,8.93,4.86,SPY231229P00420000,420.0,0,0.0,0.0,,0.0,normalDay
2023-09-14,12230.0,489.0,0.0,0,450.36,0.0,1,8.93,4.04,SPY231229P00420000,420.0,0,0.0,0.0,,0.0,normalDay
2023-09-15,12230.0,382.0,0.0,0,443.37,0.0,1,8.93,5.11,SPY231229P00420000,420.0,0,0.0,0.0,,0.0,normalDay
2023-09-18,12230.0,398.0,0.0,0,443.63,0.0,1,8.93,4.95,SPY231229P00420000,420.0,0,0.0,0.0,,0.0,normalDay
2023-09-19,12230.0,393.0,0.0,0,442.71,0.0,1,8.93,5.0,SPY231229P00420000,420.0,0,0.0,0.0,,0.0,normalDay
2023-09-20,12230.0,287.0,0.0,0,438.64,0.0,1,8.93,6.06,SPY231229P00420000,420.0,0,0.0,0.0,,0.0,normalDay
2023-09-21,12230.0,64.0,0.0,0,431.39,0.0,1,8.93,8.29,SPY231229P00420000,420.0,0,0.0,0.0,,0.0,normalDay
2023-09-22,12230.0,42.0,0.0,0,430.42,0.0,1,8.93,8.51,SPY231229P00420000,420.0,0,0.0,0.0,,0.0,normalDay
2023-09-25,12230.0,100.0,0.0,0,432.23,0.0,1,8.93,7.93,SPY231229P00420000,420.0,0,0.0,0.0,,0.0,normalDay
2023-09-26,12230.0,-153.0,0.0,0,425.88,0.0,1,8.93,10.46,SPY231229P00420000,420.0,0,0.0,0.0,,0.0,normalDay
2023-09-27,12230.0,-105.0,0.0,0,426.05,0.0,1,8.93,9.98,SPY231229P00420000,420.0,0,0.0,0.0,,0.0,normalDay
2023-09-28,12230.0,-7.0,0.0,0,428.52,0.0,1,8.93,9.0,SPY231229P00420000,420.0,0,0.0,0.0,,0.0,normalDay
2023-09-29,12230.0,-27.0,0.0,0,427.48,0.0,1,8.93,9.2,SPY231229P00420000,420.0,0,0.0,0.0,,0.0,normalDay
2023-10-02,12230.0,-17.0,0.0,0,427.31,0.0,1,8.93,9.1,SPY231229P00420000,420.0,0,0.0,0.0,,0.0,normalDay
2023-10-03,12230.0,-288.0,0.0,0,421.59,0.0,1,8.93,11.81,SPY231229P00420000,420.0,0,0.0,0.0,,0.0,normalDay
2023-10-04,12230.0,-152.0,0.0,0,424.66,0.0,1,8.93,10.45,SPY231229P00420000,420.0,0,0.0,0.0,,0.0,normalDay
2023-10-05,12230.0,-157.0,0.0,0,424.5,0.0,1,8.93,10.5,SPY231229P00420000,420.0,0,0.0,0.0,,0.0,normalDay
2023-10-06,12230.0,63.0,0.0,0,429.54,0.0,1,8.93,8.3,SPY231229P00420000,420.0,0,0.0,0.0,,0.0,normalDay
2023-10-09,12230.0,143.0,0.0,0,432.29,0.0,1,8.93,7.5,SPY231229P00420000,420.0,0,0.0,0.0,,0.0,normalDay
2023-10-10,12230.0,227.0,0.0,0,434.54,0.0,1,8.93,6.66,SPY231229P00420000,420.0,0,0.0,0.0,,0.0,normalDay
2023-10-11,12230.0,311.0,0.0,0,436.32,0.0,1,8.93,5.82,SPY231229P00420000,420.0,0,0.0,0.0,,0.0,normalDay
2023-10-12,12230.0,234.0,0.0,0,433.66,0.0,1,8.93,6.59,SPY231229P00420000,420.0,0,0.0,0.0,,0.0,normalDay
2023-10-13,12230.0,63.0,0.0,0,431.5,0.0,1,8.93,8.3,SPY231229P00420000,420.0,0,0.0,0.0,,0.0,normalDay
2023-10-16,12230.0,280.0,0.0,0,436.04,0.0,1,8.93,6.13,SPY231229P00420000,420.0,0,0.0,0.0,,0.0,normalDay
2023-10-17,12230.0,256.0,0.0,0,436.02,0.0,1,8.93,6.37,SPY231229P00420000,420.0,0,0.0,0.0,,0.0,normalDay
2023-10-18,12230.0,77.0,0.0,0,430.21,0.0,1,8.93,8.16,SPY231229P00420000,420.0,0,0.0,0.0,,0.0,normalDay
2023-10-19,12230.0,-146.0,0.0,0,426.43,0.0,1,8.93,10.39,SPY231229P00420000,420.0,0,0.0,0.0,,0.0,normalDay
2023-10-20,12230.0,-289.0,0.0,0,421.19,0.0,1,8.93,11.82,SPY231229P00420000,420.0,0,0.0,0.0,,0.0,normalDay
2023-10-23,12230.0,-226.0,0.0,0,420.46,0.0,1,8.93,11.19,SPY231229P00420000,420.0,0,0.0,0.0,,0.0,normalDay
2023-10-24,12230.0,-66.0,0.0,0,423.63,0.0,1,8.93,9.59,SPY231229P00420000,420.0,0,0.0,0.0,,0.0,normalDay
2023-10-25,12230.0,-359.0,0.0,0,417.55,0.0,1,8.93,12.52,SPY231229P00420000,420.0,0,0.0,0.0,,0.0,normalDay
2023-10-26,12230.0,-597.0,0.0,0,412.55,0.0,1,8.93,14.9,SPY231229P00420000,420.0,0,0.0,0.0,,0.0,normalDay
2023-10-27,12230.0,-732.0,0.0,0,410.68,0.0,1,8.93,16.25,SPY231229P00420000,420.0,0,0.0,0.0,,0.0,normalDay
2023-10-30,12230.0,-406.0,0.0,0,415.59,0.0,1,8.93,12.99,SPY231229P00420000,420.0,0,0.0,0.0,,0.0,normalDay
2023-10-31,12230.0,-213.0,0.0,0,418.2,0.0,1,8.93,11.06,SPY231229P00420000,420.0,0,0.0,0.0,,0.0,normalDay
2023-11-01,12230.0,38.0,0.0,0,422.66,0.0,1,8.93,8.55,SPY231229P00420000,420.0,0,0.0,0.0,,0.0,normalDay
2023-11-02,12230.0,327.0,0.0,0,430.76,0.0,1,8.93,5.66,SPY231229P00420000,420.0,0,0.0,0.0,,0.0,normalDay
2023-11-03,12230.0,456.0,0.0,0,434.69,0.0,1,8.93,4.37,SPY231229P00420000,420.0,0,0.0,0.0,,0.0,normalDay
2023-11-06,12230.0,494.0,0.0,0,435.69,0.0,1,8.93,3.99,SPY231229P00420000,420.0,0,0.0,0.0,,0.0,normalDay
2023-11-07,12230.0,532.0,0.0,0,436.93,0.0,1,8.93,3.61,SPY231229P00420000,420.0,0,0.0,0.0,,0.0,normalDay
2023-11-08,12230.0,559.0,0.0,0,437.25,0.0,1,8.93,3.34,SPY231229P00420000,420.0,0,0.0,0.0,,0.0,normalDay
2023-11-09,12230.0,480.0,0.0,0,433.84,0.0,1,8.93,4.13,SPY231229P00420000,420.0,0,0.0,0.0,,0.0,normalDay
2023-11-10,12230.0,635.0,0.0,0,440.61,0.0,1,8.93,2.58,SPY231229P00420000,420.0,0,0.0,0.0,,0.0,normalDay
2023-11-13,12230.0,635.0,0.0,0,440.19,0.0,1,8.93,2.58,SPY231229P00420000,420.0,0,0.0,0.0,,0.0,normalDay
2023-11-14,12230.0,742.0,0.0,0,448.73,0.0,1,8.93,1.51,SPY231229P00420000,420.0,0,0.0,0.0,,0.0,normalDay
2023-11-15,12230.0,750.0,0.0,0,449.68,0.0,1,8.93,1.43,SPY231229P00420000,420.0,0,0.0,0.0,,0.0,normalDay
2023-11-16,12230.0,762.0,0.0,0,450.23,0.0,1,8.93,1.31,SPY231229P00420000,420.0,0,0.0,0.0,,0.0,normalDay
2023-11-17,12230.0,773.0,0.0,0,450.79,0.0,1,8.93,1.2,SPY231229P00420000,420.0,0,0.0,0.0,,0.0,normalDay
2023-11-20,12230.0,805.0,0.0,0,454.26,0.0,1,8.93,0.88,SPY231229P00420000,420.0,0,0.0,0.0,,0.0,normalDay
2023-11-21,12230.0,806.0,0.0,0,453.27,0.0,1,8.93,0.87,SPY231229P00420000,420.0,0,0.0,0.0,,0.0,normalDay
2023-11-22,12230.0,817.0,0.0,0,455.02,0.0,1,8.93,0.76,SPY231229P00420000,420.0,0,0.0,0.0,,0.0,normalDay
2023-11-24,12230.0,829.0,0.0,0,455.3,0.0,1,8.93,0.64,SPY231229P00420000,420.0,0,0.0,0.0,,0.0,normalDay
2023-11-27,12230.0,832.0,0.0,0,454.48,0.0,1,8.93,0.61,SPY231229P00420000,420.0,0,0.0,0.0,,0.0,normalDay
2023-11-28,12230.0,836.0,0.0,0,454.93,0.0,1,8.93,0.57,SPY231229P00420000,420.0,0,0.0,0.0,,0.0,normalDay
2023-11-29,12230.0,835.0,0.0,0,454.61,0.0,1,8.93,0.58,SPY231229P00420000,420.0,0,0.0,0.0,,0.0,normalDay
2023-11-30,12230.0,841.0,0.0,0,456.4,0.0,1,8.93,0.52,SPY231229P00420000,420.0,0,0.0,0.0,,0.0,normalDay
