date,totalCapital,unrializedPnL,rializedPnL,stocksOwned,stocksPriceToday,stocksPriceBoughtAt,putOwned,putOwnedSoldAt,putPriceToday,putOwnedContract,putOwnedStrike,callOwned,callOwnedSoldAt,callPriceToday,callOwnedContract,callOwnedStrike,trackType
2018-11-01,0.0,-4.0,0.0,0,273.51,0.0,1,0.16,0.2,SPY181112P00249000,249.0,0,0.0,0.0,,0.0,normalDay
2018-11-02,0.0,1.0,0.0,0,271.89,0.0,1,0.16,0.15,SPY181112P00249000,249.0,0,0.0,0.0,,0.0,normalDay
2018-11-05,0.0,7.0,0.0,0,273.39,0.0,1,0.16,0.09,SPY181112P00249000,249.0,0,0.0,0.0,,0.0,normalDay
2018-11-06,0.0,7.0,0.0,0,275.12,0.0,1,0.16,0.09,SPY181112P00249000,249.0,0,0.0,0.0,,0.0,normalDay
2018-11-07,0.0,13.0,0.0,0,281.01,0.0,1,0.16,0.03,SPY181112P00249000,249.0,0,0.0,0.0,,0.0,normalDay
2018-11-08,0.0,14.0,0.0,0,280.5,0.0,1,0.16,0.02,SPY181112P00249000,249.0,0,0.0,0.0,,0.0,normalDay
2018-11-09,0.0,15.0,0.0,0,277.76,0.0,1,0.16,0.01,SPY181112P00249000,249.0,0,0.0,0.0,,0.0,normalDay
2018-11-12,16.0,0.0,16.0,0,272.57,0.0,1,0.16,0.0,SPY181112P00249000,249.0,0,0.0,0.0,,0.0,expirationDay
2018-11-13,16.0,-3.0,0.0,0,272.06,0.0,1,0.31,0.34,SPY181123P00255000,255.0,0,0.0,0.0,,0.0,normalDay
2018-11-14,16.0,-12.0,0.0,0,270.2,0.0,1,0.31,0.43,SPY181123P00255000,255.0,0,0.0,0.0,,0.0,normalDay
2018-11-15,16.0,11.0,0.0,0,273.02,0.0,1,0.31,0.2,SPY181123P00255000,255.0,0,0.0,0.0,,0.0,normalDay
2018-11-16,16.0,24.0,0.0,0,273.73,0.0,1,0.31,0.07,SPY181123P00255000,255.0,0,0.0,0.0,,0.0,normalDay
2018-11-19,16.0,21.0,0.0,0,269.1,0.0,1,0.31,0.1,SPY181123P00255000,255.0,0,0.0,0.0,,0.0,normalDay
2018-11-20,16.0,8.0,0.0,0,264.12,0.0,1,0.31,0.23,SPY181123P00255000,255.0,0,0.0,0.0,,0.0,normalDay
2018-11-21,16.0,27.0,0.0,0,265.02,0.0,1,0.31,0.04,SPY181123P00255000,255.0,0,0.0,0.0,,0.0,normalDay
2018-11-23,47.0,0.0,31.0,0,263.25,0.0,1,0.31,0.0,SPY181123P00255000,255.0,0,0.0,0.0,,0.0,expirationDay
2018-11-26,47.0,-3.0,0.0,0,267.5,0.0,1,0.33,0.36,SPY181207P00252500,252.5,0,0.0,0.0,,0.0,normalDay
2018-11-27,47.0,-2.0,0.0,0,268.4,0.0,1,0.33,0.35,SPY181207P00252500,252.5,0,0.0,0.0,,0.0,normalDay
2018-11-28,47.0,17.0,0.0,0,274.58,0.0,1,0.33,0.16,SPY181207P00252500,252.5,0,0.0,0.0,,0.0,normalDay
2018-11-29,47.0,17.0,0.0,0,273.98,0.0,1,0.33,0.16,SPY181207P00252500,252.5,0,0.0,0.0,,0.0,normalDay
2018-11-30,47.0,24.0,0.0,0,275.65,0.0,1,0.33,0.09,SPY181207P00252500,252.5,0,0.0,0.0,,0.0,normalDay
2018-12-03,47.0,31.0,0.0,0,279.3,0.0,1,0.33,0.02,SPY181207P00252500,252.5,0,0.0,0.0,,0.0,normalDay
2018-12-04,47.0,21.0,0.0,0,270.25,0.0,1,0.33,0.12,SPY181207P00252500,252.5,0,0.0,0.0,,0.0,normalDay
2018-12-06,47.0,31.0,0.0,0,269.84,0.0,1,0.33,0.02,SPY181207P00252500,252.5,0,0.0,0.0,,0.0,normalDay
2018-12-07,80.0,0.0,33.0,0,263.57,0.0,1,0.33,0.0,SPY181207P00252500,252.5,0,0.0,0.0,,0.0,expirationDay
2018-12-10,80.0,-5.0,0.0,0,264.07,0.0,1,1.21,1.26,SPY181221P00252500,252.5,0,0.0,0.0,,0.0,normalDay
2018-12-11,80.0,16.0,0.0,0,264.13,0.0,1,1.21,1.05,SPY181221P00252500,252.5,0,0.0,0.0,,0.0,normalDay
2018-12-12,80.0,45.0,0.0,0,265.46,0.0,1,1.21,0.76,SPY181221P00252500,252.5,0,0.0,0.0,,0.0,normalDay
2018-12-13,80.0,70.0,0.0,0,265.37,0.0,1,1.21,0.51,SPY181221P00252500,252.5,0,0.0,0.0,,0.0,normalDay
2018-12-14,80.0,15.0,0.0,0,260.47,0.0,1,1.21,1.06,SPY181221P00252500,252.5,0,0.0,0.0,,0.0,normalDay
2018-12-17,80.0,-131.0,0.0,0,255.36,0.0,1,1.21,2.52,SPY181221P00252500,252.5,0,0.0,0.0,,0.0,normalDay
2018-12-18,80.0,-162.0,0.0,0,255.08,0.0,1,1.21,2.83,SPY181221P00252500,252.5,0,0.0,0.0,,0.0,normalDay
2018-12-19,80.0,-260.0,0.0,0,251.26,0.0,1,1.21,3.81,SPY181221P00252500,252.5,0,0.0,0.0,,0.0,normalDay
2018-12-20,80.0,-508.0,0.0,0,247.17,0.0,1,1.21,6.29,SPY181221P00252500,252.5,0,0.0,0.0,,0.0,normalDay
2018-12-21,201.0,-1180.0,121.0,100,240.7,252.5,1,1.21,0.0,SPY181221P00252500,252.5,0,0.0,0.0,,0.0,expirationDay
2018-12-24,201.0,-1923.0,0.0,100,234.34,252.5,0,0.0,0.0,,0.0,1,0.98,2.05,SPY190628C00279000,279.0,normalDay
2018-12-26,201.0,-830.0,0.0,100,246.18,252.5,0,0.0,0.0,,0.0,1,0.98,2.96,SPY190628C00279000,279.0,normalDay
2018-12-27,201.0,-710.0,0.0,100,248.07,252.5,0,0.0,0.0,,0.0,1,0.98,3.65,SPY190628C00279000,279.0,normalDay
2018-12-28,201.0,-698.0,0.0,100,247.75,252.5,0,0.0,0.0,,0.0,1,0.98,3.21,SPY190628C00279000,279.0,normalDay
2018-12-31,201.0,-474.0,0.0,100,249.92,252.5,0,0.0,0.0,,0.0,1,0.98,3.14,SPY190628C00279000,279.0,normalDay
2019-01-02,201.0,-430.0,0.0,100,250.18,252.5,0,0.0,0.0,,0.0,1,0.98,2.96,SPY190628C00279000,279.0,normalDay
2019-01-03,201.0,-933.0,0.0,100,244.21,252.5,0,0.0,0.0,,0.0,1,0.98,2.02,SPY190628C00279000,279.0,normalDay
2019-01-04,201.0,-238.0,0.0,100,252.39,252.5,0,0.0,0.0,,0.0,1,0.98,3.25,SPY190628C00279000,279.0,normalDay
2019-01-07,201.0,-62.0,0.0,100,254.38,252.5,0,0.0,0.0,,0.0,1,0.98,3.48,SPY190628C00279000,279.0,normalDay
2019-01-08,201.0,132.0,0.0,100,256.77,252.5,0,0.0,0.0,,0.0,1,0.98,3.93,SPY190628C00279000,279.0,normalDay
2019-01-09,201.0,244.0,0.0,100,257.97,252.5,0,0.0,0.0,,0.0,1,0.98,4.01,SPY190628C00279000,279.0,normalDay
2019-01-10,201.0,317.0,0.0,100,258.88,252.5,0,0.0,0.0,,0.0,1,0.98,4.19,SPY190628C00279000,279.0,normalDay
2019-01-11,201.0,367.0,0.0,100,258.98,252.5,0,0.0,0.0,,0.0,1,0.98,3.79,SPY190628C00279000,279.0,normalDay
2019-01-14,201.0,274.0,0.0,100,257.4,252.5,0,0.0,0.0,,0.0,1,0.98,3.14,SPY190628C00279000,279.0,normalDay
2019-01-15,201.0,531.0,0.0,100,260.35,252.5,0,0.0,0.0,,0.0,1,0.98,3.52,SPY190628C00279000,279.0,normalDay
2019-01-16,201.0,579.0,0.0,100,260.98,252.5,0,0.0,0.0,,0.0,1,0.98,3.67,SPY190628C00279000,279.0,normalDay
2019-01-17,201.0,713.0,0.0,100,262.96,252.5,0,0.0,0.0,,0.0,1,0.98,4.31,SPY190628C00279000,279.0,normalDay
2019-01-18,201.0,942.0,0.0,100,266.46,252.5,0,0.0,0.0,,0.0,1,0.98,5.52,SPY190628C00279000,279.0,normalDay
2019-01-22,201.0,670.0,0.0,100,262.86,252.5,0,0.0,0.0,,0.0,1,0.98,4.64,SPY190628C00279000,279.0,normalDay
2019-01-23,201.0,733.0,0.0,100,263.41,252.5,0,0.0,0.0,,0.0,1,0.98,4.56,SPY190628C00279000,279.0,normalDay
2019-01-24,201.0,788.0,0.0,100,263.55,252.5,0,0.0,0.0,,0.0,1,0.98,4.15,SPY190628C00279000,279.0,normalDay
2019-01-25,201.0,917.0,0.0,100,265.78,252.5,0,0.0,0.0,,0.0,1,0.98,5.09,SPY190628C00279000,279.0,normalDay
2019-01-28,201.0,786.0,0.0,100,263.76,252.5,0,0.0,0.0,,0.0,1,0.98,4.38,SPY190628C00279000,279.0,normalDay
2019-01-29,201.0,770.0,0.0,100,263.41,252.5,0,0.0,0.0,,0.0,1,0.98,4.19,SPY190628C00279000,279.0,normalDay
2019-01-30,201.0,1055.0,0.0,100,267.58,252.5,0,0.0,0.0,,0.0,1,0.98,5.51,SPY190628C00279000,279.0,normalDay
2019-01-31,201.0,1199.0,0.0,100,269.93,252.5,0,0.0,0.0,,0.0,1,0.98,6.42,SPY190628C00279000,279.0,normalDay
2019-02-01,201.0,1236.0,0.0,100,270.06,252.5,0,0.0,0.0,,0.0,1,0.98,6.18,SPY190628C00279000,279.0,normalDay
2019-02-04,201.0,1372.0,0.0,100,271.96,252.5,0,0.0,0.0,,0.0,1,0.98,6.72,SPY190628C00279000,279.0,normalDay
2019-02-05,201.0,1449.0,0.0,100,273.1,252.5,0,0.0,0.0,,0.0,1,0.98,7.09,SPY190628C00279000,279.0,normalDay
2019-02-06,201.0,1436.0,0.0,100,272.74,252.5,0,0.0,0.0,,0.0,1,0.98,6.86,SPY190628C00279000,279.0,normalDay
2019-02-07,201.0,1277.0,0.0,100,270.14,252.5,0,0.0,0.0,,0.0,1,0.98,5.85,SPY190628C00279000,279.0,normalDay
2019-02-08,201.0,1316.0,0.0,100,270.47,252.5,0,0.0,0.0,,0.0,1,0.98,5.79,SPY190628C00279000,279.0,normalDay
2019-02-11,201.0,1334.0,0.0,100,270.62,252.5,0,0.0,0.0,,0.0,1,0.98,5.76,SPY190628C00279000,279.0,normalDay
2019-02-12,201.0,1519.0,0.0,100,274.1,252.5,0,0.0,0.0,,0.0,1,0.98,7.39,SPY190628C00279000,279.0,normalDay
2019-02-13,201.0,1571.0,0.0,100,274.99,252.5,0,0.0,0.0,,0.0,1,0.98,7.76,SPY190628C00279000,279.0,normalDay
2019-02-14,201.0,1534.0,0.0,100,274.38,252.5,0,0.0,0.0,,0.0,1,0.98,7.52,SPY190628C00279000,279.0,normalDay
2019-02-15,201.0,1694.0,0.0,100,277.37,252.5,0,0.0,0.0,,0.0,1,0.98,8.91,SPY190628C00279000,279.0,normalDay
2019-02-19,201.0,1758.0,0.0,100,277.85,252.5,0,0.0,0.0,,0.0,1,0.98,8.75,SPY190628C00279000,279.0,normalDay
2019-02-20,201.0,1797.0,0.0,100,278.41,252.5,0,0.0,0.0,,0.0,1,0.98,8.92,SPY190628C00279000,279.0,normalDay
2019-02-21,201.0,1757.0,0.0,100,277.42,252.5,0,0.0,0.0,,0.0,1,0.98,8.33,SPY190628C00279000,279.0,normalDay
2019-02-22,201.0,1856.0,0.0,100,279.14,252.5,0,0.0,0.0,,0.0,1,0.98,9.06,SPY190628C00279000,279.0,normalDay
2019-02-25,201.0,1860.0,0.0,100,279.52,252.5,0,0.0,0.0,,0.0,1,0.98,9.4,SPY190628C00279000,279.0,normalDay
2019-02-26,201.0,1856.0,0.0,100,279.32,252.5,0,0.0,0.0,,0.0,1,0.98,9.24,SPY190628C00279000,279.0,normalDay
2019-02-27,201.0,1850.0,0.0,100,279.2,252.5,0,0.0,0.0,,0.0,1,0.98,9.18,SPY190628C00279000,279.0,normalDay
2019-02-28,201.0,1845.0,0.0,100,278.68,252.5,0,0.0,0.0,,0.0,1,0.98,8.71,SPY190628C00279000,279.0,normalDay
2019-03-01,201.0,1943.0,0.0,100,280.42,252.5,0,0.0,0.0,,0.0,1,0.98,9.47,SPY190628C00279000,279.0,normalDay
2019-03-04,201.0,1906.0,0.0,100,279.4,252.5,0,0.0,0.0,,0.0,1,0.98,8.82,SPY190628C00279000,279.0,normalDay
2019-03-05,201.0,1890.0,0.0,100,279.02,252.5,0,0.0,0.0,,0.0,1,0.98,8.6,SPY190628C00279000,279.0,normalDay
2019-03-06,201.0,1802.0,0.0,100,277.33,252.5,0,0.0,0.0,,0.0,1,0.98,7.79,SPY190628C00279000,279.0,normalDay
2019-03-07,201.0,1670.0,0.0,100,275.01,252.5,0,0.0,0.0,,0.0,1,0.98,6.79,SPY190628C00279000,279.0,normalDay
2019-03-08,201.0,1645.0,0.0,100,274.46,252.5,0,0.0,0.0,,0.0,1,0.98,6.49,SPY190628C00279000,279.0,normalDay
2019-03-11,201.0,1895.0,0.0,100,278.44,252.5,0,0.0,0.0,,0.0,1,0.98,7.97,SPY190628C00279000,279.0,normalDay
2019-03-12,201.0,1970.0,0.0,100,279.49,252.5,0,0.0,0.0,,0.0,1,0.98,8.27,SPY190628C00279000,279.0,normalDay
2019-03-13,201.0,2034.0,0.0,100,281.34,252.5,0,0.0,0.0,,0.0,1,0.98,9.48,SPY190628C00279000,279.0,normalDay
2019-03-14,201.0,2051.0,0.0,100,281.16,252.5,0,0.0,0.0,,0.0,1,0.98,9.13,SPY190628C00279000,279.0,normalDay
2019-03-15,201.0,1990.0,0.0,100,281.31,252.5,0,0.0,0.0,,0.0,1,0.98,9.89,SPY190628C00279000,279.0,normalDay
2019-03-18,201.0,2002.0,0.0,100,282.33,252.5,0,0.0,0.0,,0.0,1,0.98,10.79,SPY190628C00279000,279.0,normalDay
2019-03-19,201.0,2021.0,0.0,100,282.4,252.5,0,0.0,0.0,,0.0,1,0.98,10.67,SPY190628C00279000,279.0,normalDay
2019-03-20,201.0,1992.0,0.0,100,281.55,252.5,0,0.0,0.0,,0.0,1,0.98,10.11,SPY190628C00279000,279.0,normalDay
2019-03-21,201.0,2088.0,0.0,100,284.73,252.5,0,0.0,0.0,,0.0,1,0.98,12.33,SPY190628C00279000,279.0,normalDay
2019-03-22,201.0,1790.0,0.0,100,279.25,252.5,0,0.0,0.0,,0.0,1,0.98,9.83,SPY190628C00279000,279.0,normalDay
2019-03-25,201.0,1819.0,0.0,100,279.04,252.5,0,0.0,0.0,,0.0,1,0.98,9.33,SPY190628C00279000,279.0,normalDay
2019-03-26,201.0,1959.0,0.0,100,281.12,252.5,0,0.0,0.0,,0.0,1,0.98,10.01,SPY190628C00279000,279.0,normalDay
2019-03-27,201.0,1882.0,0.0,100,279.65,252.5,0,0.0,0.0,,0.0,1,0.98,9.31,SPY190628C00279000,279.0,normalDay
2019-03-28,201.0,1945.0,0.0,100,280.71,252.5,0,0.0,0.0,,0.0,1,0.98,9.74,SPY190628C00279000,279.0,normalDay
2019-03-29,201.0,2014.0,0.0,100,282.48,252.5,0,0.0,0.0,,0.0,1,0.98,10.82,SPY190628C00279000,279.0,normalDay
2019-04-01,201.0,2167.0,0.0,100,285.83,252.5,0,0.0,0.0,,0.0,1,0.98,12.64,SPY190628C00279000,279.0,normalDay
2019-04-02,201.0,2191.0,0.0,100,285.97,252.5,0,0.0,0.0,,0.0,1,0.98,12.54,SPY190628C00279000,279.0,normalDay
2019-04-03,201.0,2169.0,0.0,100,286.42,252.5,0,0.0,0.0,,0.0,1,0.98,13.21,SPY190628C00279000,279.0,normalDay
2019-04-04,201.0,2212.0,0.0,100,287.18,252.5,0,0.0,0.0,,0.0,1,0.98,13.54,SPY190628C00279000,279.0,normalDay
2019-04-05,201.0,2265.0,0.0,100,288.57,252.5,0,0.0,0.0,,0.0,1,0.98,14.4,SPY190628C00279000,279.0,normalDay
2019-04-08,201.0,2274.0,0.0,100,288.79,252.5,0,0.0,0.0,,0.0,1,0.98,14.53,SPY190628C00279000,279.0,normalDay
2019-04-09,201.0,2240.0,0.0,100,287.31,252.5,0,0.0,0.0,,0.0,1,0.98,13.39,SPY190628C00279000,279.0,normalDay
2019-04-10,201.0,2266.0,0.0,100,288.29,252.5,0,0.0,0.0,,0.0,1,0.98,14.11,SPY190628C00279000,279.0,normalDay
2019-04-11,201.0,2292.0,0.0,100,288.21,252.5,0,0.0,0.0,,0.0,1,0.98,13.77,SPY190628C00279000,279.0,normalDay
2019-04-12,201.0,2344.0,0.0,100,290.16,252.5,0,0.0,0.0,,0.0,1,0.98,15.2,SPY190628C00279000,279.0,normalDay
2019-04-15,201.0,2353.0,0.0,100,289.97,252.5,0,0.0,0.0,,0.0,1,0.98,14.92,SPY190628C00279000,279.0,normalDay
2019-04-16,201.0,2378.0,0.0,100,290.16,252.5,0,0.0,0.0,,0.0,1,0.98,14.86,SPY190628C00279000,279.0,normalDay
2019-04-17,201.0,2375.0,0.0,100,289.45,252.5,0,0.0,0.0,,0.0,1,0.98,14.18,SPY190628C00279000,279.0,normalDay
2019-04-18,201.0,2378.0,0.0,100,290.02,252.5,0,0.0,0.0,,0.0,1,0.98,14.72,SPY190628C00279000,279.0,normalDay
2019-04-22,201.0,2383.0,0.0,100,290.27,252.5,0,0.0,0.0,,0.0,1,0.98,14.92,SPY190628C00279000,279.0,normalDay
2019-04-23,201.0,2441.0,0.0,100,292.88,252.5,0,0.0,0.0,,0.0,1,0.98,16.95,SPY190628C00279000,279.0,normalDay
2019-04-24,201.0,2412.0,0.0,100,292.23,252.5,0,0.0,0.0,,0.0,1,0.98,16.59,SPY190628C00279000,279.0,normalDay
2019-04-25,201.0,2424.0,0.0,100,292.05,252.5,0,0.0,0.0,,0.0,1,0.98,16.29,SPY190628C00279000,279.0,normalDay
2019-04-26,201.0,2450.0,0.0,100,293.41,252.5,0,0.0,0.0,,0.0,1,0.98,17.39,SPY190628C00279000,279.0,normalDay
2019-04-29,201.0,2472.0,0.0,100,293.87,252.5,0,0.0,0.0,,0.0,1,0.98,17.63,SPY190628C00279000,279.0,normalDay
2019-04-30,201.0,2453.0,0.0,100,294.02,252.5,0,0.0,0.0,,0.0,1,0.98,17.97,SPY190628C00279000,279.0,normalDay
2019-05-01,201.0,2428.0,0.0,100,291.81,252.5,0,0.0,0.0,,0.0,1,0.98,16.01,SPY190628C00279000,279.0,normalDay
2019-05-02,201.0,2429.0,0.0,100,291.18,252.5,0,0.0,0.0,,0.0,1,0.98,15.37,SPY190628C00279000,279.0,normalDay
2019-05-03,201.0,2485.0,0.0,100,294.03,252.5,0,0.0,0.0,,0.0,1,0.98,17.66,SPY190628C00279000,279.0,normalDay
2019-05-06,201.0,2449.0,0.0,100,292.82,252.5,0,0.0,0.0,,0.0,1,0.98,16.81,SPY190628C00279000,279.0,normalDay
2019-05-07,201.0,2230.0,0.0,100,287.93,252.5,0,0.0,0.0,,0.0,1,0.98,14.11,SPY190628C00279000,279.0,normalDay
2019-05-08,201.0,2230.0,0.0,100,287.53,252.5,0,0.0,0.0,,0.0,1,0.98,13.71,SPY190628C00279000,279.0,normalDay
2019-05-09,201.0,2231.0,0.0,100,286.66,252.5,0,0.0,0.0,,0.0,1,0.98,12.83,SPY190628C00279000,279.0,normalDay
2019-05-10,201.0,2380.0,0.0,100,288.1,252.5,0,0.0,0.0,,0.0,1,0.98,12.78,SPY190628C00279000,279.0,normalDay
2019-05-13,201.0,2105.0,0.0,100,280.86,252.5,0,0.0,0.0,,0.0,1,0.98,8.29,SPY190628C00279000,279.0,normalDay
2019-05-14,201.0,2235.0,0.0,100,283.4,252.5,0,0.0,0.0,,0.0,1,0.98,9.53,SPY190628C00279000,279.0,normalDay
2019-05-15,201.0,2315.0,0.0,100,285.06,252.5,0,0.0,0.0,,0.0,1,0.98,10.39,SPY190628C00279000,279.0,normalDay
2019-05-16,201.0,2428.0,0.0,100,287.7,252.5,0,0.0,0.0,,0.0,1,0.98,11.9,SPY190628C00279000,279.0,normalDay
2019-05-17,201.0,2368.0,0.0,100,285.84,252.5,0,0.0,0.0,,0.0,1,0.98,10.64,SPY190628C00279000,279.0,normalDay
2019-05-20,201.0,2321.0,0.0,100,283.95,252.5,0,0.0,0.0,,0.0,1,0.98,9.22,SPY190628C00279000,279.0,normalDay
2019-05-21,201.0,2443.0,0.0,100,286.51,252.5,0,0.0,0.0,,0.0,1,0.98,10.56,SPY190628C00279000,279.0,normalDay
2019-05-22,201.0,2440.0,0.0,100,285.63,252.5,0,0.0,0.0,,0.0,1,0.98,9.71,SPY190628C00279000,279.0,normalDay
2019-05-23,201.0,2318.0,0.0,100,282.14,252.5,0,0.0,0.0,,0.0,1,0.98,7.44,SPY190628C00279000,279.0,normalDay
2019-05-24,201.0,2347.0,0.0,100,282.78,252.5,0,0.0,0.0,,0.0,1,0.98,7.79,SPY190628C00279000,279.0,normalDay
2019-05-28,201.0,2252.0,0.0,100,280.15,252.5,0,0.0,0.0,,0.0,1,0.98,6.11,SPY190628C00279000,279.0,normalDay
2019-05-29,201.0,2198.0,0.0,100,278.27,252.5,0,0.0,0.0,,0.0,1,0.98,4.77,SPY190628C00279000,279.0,normalDay
2019-05-30,201.0,2262.0,0.0,100,279.03,252.5,0,0.0,0.0,,0.0,1,0.98,4.89,SPY190628C00279000,279.0,normalDay
2019-05-31,201.0,2061.0,0.0,100,275.27,252.5,0,0.0,0.0,,0.0,1,0.98,3.14,SPY190628C00279000,279.0,normalDay
2019-06-03,201.0,2032.0,0.0,100,274.57,252.5,0,0.0,0.0,,0.0,1,0.98,2.73,SPY190628C00279000,279.0,normalDay
2019-06-04,201.0,2380.0,0.0,100,280.53,252.5,0,0.0,0.0,,0.0,1,0.98,5.21,SPY190628C00279000,279.0,normalDay
2019-06-05,201.0,2497.0,0.0,100,282.96,252.5,0,0.0,0.0,,0.0,1,0.98,6.47,SPY190628C00279000,279.0,normalDay
2019-06-06,201.0,2563.0,0.0,100,284.8,252.5,0,0.0,0.0,,0.0,1,0.98,7.65,SPY190628C00279000,279.0,normalDay
2019-06-07,201.0,2611.0,0.0,100,287.65,252.5,0,0.0,0.0,,0.0,1,0.98,10.02,SPY190628C00279000,279.0,normalDay
2019-06-10,201.0,2644.0,0.0,100,288.97,252.5,0,0.0,0.0,,0.0,1,0.98,11.01,SPY190628C00279000,279.0,normalDay
2019-06-11,201.0,2661.0,0.0,100,288.9,252.5,0,0.0,0.0,,0.0,1,0.98,10.77,SPY190628C00279000,279.0,normalDay
2019-06-12,201.0,2661.0,0.0,100,288.39,252.5,0,0.0,0.0,,0.0,1,0.98,10.26,SPY190628C00279000,279.0,normalDay
2019-06-13,201.0,2674.0,0.0,100,289.58,252.5,0,0.0,0.0,,0.0,1,0.98,11.32,SPY190628C00279000,279.0,normalDay
2019-06-14,201.0,2675.0,0.0,100,289.26,252.5,0,0.0,0.0,,0.0,1,0.98,10.99,SPY190628C00279000,279.0,normalDay
2019-06-17,201.0,2694.0,0.0,100,289.37,252.5,0,0.0,0.0,,0.0,1,0.98,10.91,SPY190628C00279000,279.0,normalDay
2019-06-18,201.0,2721.0,0.0,100,292.4,252.5,0,0.0,0.0,,0.0,1,0.98,13.67,SPY190628C00279000,279.0,normalDay
2019-06-19,201.0,2713.0,0.0,100,293.06,252.5,0,0.0,0.0,,0.0,1,0.98,14.41,SPY190628C00279000,279.0,normalDay
2019-06-20,201.0,2726.0,0.0,100,295.86,252.5,0,0.0,0.0,,0.0,1,0.98,17.08,SPY190628C00279000,279.0,normalDay
2019-06-21,201.0,2702.0,0.0,100,294.0,252.5,0,0.0,0.0,,0.0,1,0.98,15.46,SPY190628C00279000,279.0,normalDay
2019-06-24,201.0,2712.0,0.0,100,293.64,252.5,0,0.0,0.0,,0.0,1,0.98,15.0,SPY190628C00279000,279.0,normalDay
2019-06-25,201.0,2712.0,0.0,100,290.76,252.5,0,0.0,0.0,,0.0,1,0.98,12.12,SPY190628C00279000,279.0,normalDay
2019-06-26,201.0,2744.0,0.0,100,290.47,252.5,0,0.0,0.0,,0.0,1,0.98,11.51,SPY190628C00279000,279.0,normalDay
2019-06-27,201.0,2703.0,0.0,100,291.5,252.5,0,0.0,0.0,,0.0,1,0.98,12.95,SPY190628C00279000,279.0,normalDay
2019-06-28,2949.0,2703.0,2748.0,0,293.0,0.0,0,0.0,0.0,,0.0,1,0.98,0.0,SPY190628C00279000,279.0,expirationDay
2019-07-01,2949.0,-3.0,0.0,0,295.66,0.0,1,0.09,0.12,SPY190712P00275500,275.5,0,0.0,0.0,,0.0,normalDay
2019-07-02,2949.0,2.0,0.0,0,296.43,0.0,1,0.09,0.07,SPY190712P00275500,275.5,0,0.0,0.0,,0.0,normalDay
2019-07-03,2949.0,5.0,0.0,0,298.8,0.0,1,0.09,0.04,SPY190712P00275500,275.5,0,0.0,0.0,,0.0,normalDay
2019-07-05,2949.0,5.0,0.0,0,298.46,0.0,1,0.09,0.04,SPY190712P00275500,275.5,0,0.0,0.0,,0.0,normalDay
2019-07-08,2949.0,7.0,0.0,0,296.82,0.0,1,0.09,0.02,SPY190712P00275500,275.5,0,0.0,0.0,,0.0,normalDay
2019-07-09,2949.0,8.0,0.0,0,297.19,0.0,1,0.09,0.01,SPY190712P00275500,275.5,0,0.0,0.0,,0.0,normalDay
2019-07-10,2949.0,8.0,0.0,0,298.61,0.0,1,0.09,0.01,SPY190712P00275500,275.5,0,0.0,0.0,,0.0,normalDay
2019-07-11,2949.0,8.0,0.0,0,299.31,0.0,1,0.09,0.01,SPY190712P00275500,275.5,0,0.0,0.0,,0.0,normalDay
2019-07-12,2958.0,0.0,9.0,0,300.65,0.0,1,0.09,0.0,SPY190712P00275500,275.5,0,0.0,0.0,,0.0,expirationDay
2019-07-15,2958.0,-3.0,0.0,0,300.75,0.0,1,0.12,0.15,SPY190726P00282500,282.5,0,0.0,0.0,,0.0,normalDay
2019-07-16,2958.0,-4.0,0.0,0,299.78,0.0,1,0.12,0.16,SPY190726P00282500,282.5,0,0.0,0.0,,0.0,normalDay
2019-07-17,2958.0,-9.0,0.0,0,297.74,0.0,1,0.12,0.21,SPY190726P00282500,282.5,0,0.0,0.0,,0.0,normalDay
2019-07-18,2958.0,-1.0,0.0,0,298.83,0.0,1,0.12,0.13,SPY190726P00282500,282.5,0,0.0,0.0,,0.0,normalDay
2019-07-19,2958.0,3.0,0.0,0,297.17,0.0,1,0.12,0.09,SPY190726P00282500,282.5,0,0.0,0.0,,0.0,normalDay
2019-07-22,2958.0,9.0,0.0,0,297.9,0.0,1,0.12,0.03,SPY190726P00282500,282.5,0,0.0,0.0,,0.0,normalDay
2019-07-23,2958.0,10.0,0.0,0,300.03,0.0,1,0.12,0.02,SPY190726P00282500,282.5,0,0.0,0.0,,0.0,normalDay
2019-07-24,2958.0,10.0,0.0,0,301.44,0.0,1,0.12,0.02,SPY190726P00282500,282.5,0,0.0,0.0,,0.0,normalDay
2019-07-25,2958.0,11.0,0.0,0,300.0,0.0,1,0.12,0.01,SPY190726P00282500,282.5,0,0.0,0.0,,0.0,normalDay
2019-07-26,2970.0,0.0,12.0,0,302.01,0.0,1,0.12,0.0,SPY190726P00282500,282.5,0,0.0,0.0,,0.0,expirationDay
2019-07-29,2970.0,-3.0,0.0,0,301.46,0.0,1,0.42,0.45,SPY190809P00292500,292.5,0,0.0,0.0,,0.0,normalDay
2019-07-30,2970.0,-21.0,0.0,0,300.72,0.0,1,0.42,0.63,SPY190809P00292500,292.5,0,0.0,0.0,,0.0,normalDay
2019-07-31,2970.0,-99.0,0.0,0,297.43,0.0,1,0.42,1.41,SPY190809P00292500,292.5,0,0.0,0.0,,0.0,normalDay
2019-08-01,2970.0,-168.0,0.0,0,294.84,0.0,1,0.42,2.1,SPY190809P00292500,292.5,0,0.0,0.0,,0.0,normalDay
2019-08-02,2970.0,-213.0,0.0,0,292.62,0.0,1,0.42,2.55,SPY190809P00292500,292.5,0,0.0,0.0,,0.0,normalDay
2019-08-05,2970.0,-920.0,0.0,0,283.82,0.0,1,0.42,9.62,SPY190809P00292500,292.5,0,0.0,0.0,,0.0,normalDay
2019-08-06,2970.0,-484.0,0.0,0,287.8,0.0,1,0.42,5.26,SPY190809P00292500,292.5,0,0.0,0.0,,0.0,normalDay
2019-08-07,2970.0,-446.0,0.0,0,287.97,0.0,1,0.42,4.88,SPY190809P00292500,292.5,0,0.0,0.0,,0.0,normalDay
2019-08-08,2970.0,-29.0,0.0,0,293.62,0.0,1,0.42,0.71,SPY190809P00292500,292.5,0,0.0,0.0,,0.0,normalDay
2019-08-09,3012.0,-88.0,42.0,100,291.62,292.5,1,0.42,0.0,SPY190809P00292500,292.5,0,0.0,0.0,,0.0,expirationDay
2019-08-12,3012.0,-453.0,0.0,100,288.07,292.5,0,0.0,0.0,,0.0,1,7.03,7.13,SPY200320C00303000,303.0,normalDay
2019-08-13,3012.0,-158.0,0.0,100,292.55,292.5,0,0.0,0.0,,0.0,1,7.03,8.66,SPY200320C00303000,303.0,normalDay
2019-08-14,3012.0,-769.0,0.0,100,283.9,292.5,0,0.0,0.0,,0.0,1,7.03,6.12,SPY200320C00303000,303.0,normalDay
2019-08-15,3012.0,-706.0,0.0,100,284.65,292.5,0,0.0,0.0,,0.0,1,7.03,6.24,SPY200320C00303000,303.0,normalDay
2019-08-16,3012.0,-403.0,0.0,100,288.85,292.5,0,0.0,0.0,,0.0,1,7.03,7.41,SPY200320C00303000,303.0,normalDay
2019-08-19,3012.0,-149.0,0.0,100,292.33,292.5,0,0.0,0.0,,0.0,1,7.03,8.35,SPY200320C00303000,303.0,normalDay
2019-08-20,3012.0,-283.0,0.0,100,290.09,292.5,0,0.0,0.0,,0.0,1,7.03,7.45,SPY200320C00303000,303.0,normalDay
2019-08-21,3012.0,-139.0,0.0,100,292.45,292.5,0,0.0,0.0,,0.0,1,7.03,8.37,SPY200320C00303000,303.0,normalDay
2019-08-22,3012.0,-142.0,0.0,100,292.36,292.5,0,0.0,0.0,,0.0,1,7.03,8.31,SPY200320C00303000,303.0,normalDay
2019-08-23,3012.0,-691.0,0.0,100,284.85,292.5,0,0.0,0.0,,0.0,1,7.03,6.29,SPY200320C00303000,303.0,normalDay
2019-08-26,3012.0,-453.0,0.0,100,288.0,292.5,0,0.0,0.0,,0.0,1,7.03,7.06,SPY200320C00303000,303.0,normalDay
2019-08-27,3012.0,-531.0,0.0,100,286.87,292.5,0,0.0,0.0,,0.0,1,7.03,6.71,SPY200320C00303000,303.0,normalDay
2019-08-28,3012.0,-401.0,0.0,100,288.89,292.5,0,0.0,0.0,,0.0,1,7.03,7.43,SPY200320C00303000,303.0,normalDay
2019-08-29,3012.0,-152.0,0.0,100,292.58,292.5,0,0.0,0.0,,0.0,1,7.03,8.63,SPY200320C00303000,303.0,normalDay
2019-08-30,3012.0,-178.0,0.0,100,292.45,292.5,0,0.0,0.0,,0.0,1,7.03,8.76,SPY200320C00303000,303.0,normalDay
2019-09-03,3012.0,-276.0,0.0,100,290.74,292.5,0,0.0,0.0,,0.0,1,7.03,8.03,SPY200320C00303000,303.0,normalDay
2019-09-04,3012.0,-47.0,0.0,100,294.04,292.5,0,0.0,0.0,,0.0,1,7.03,9.04,SPY200320C00303000,303.0,normalDay
2019-09-05,3012.0,183.0,0.0,100,297.82,292.5,0,0.0,0.0,,0.0,1,7.03,10.52,SPY200320C00303000,303.0,normalDay
2019-09-06,3012.0,201.0,0.0,100,298.05,292.5,0,0.0,0.0,,0.0,1,7.03,10.57,SPY200320C00303000,303.0,normalDay
2019-09-09,3012.0,229.0,0.0,100,298.2,292.5,0,0.0,0.0,,0.0,1,7.03,10.44,SPY200320C00303000,303.0,normalDay
2019-09-10,3012.0,223.0,0.0,100,298.13,292.5,0,0.0,0.0,,0.0,1,7.03,10.43,SPY200320C00303000,303.0,normalDay
2019-09-11,3012.0,313.0,0.0,100,300.25,292.5,0,0.0,0.0,,0.0,1,7.03,11.65,SPY200320C00303000,303.0,normalDay
2019-09-12,3012.0,366.0,0.0,100,301.29,292.5,0,0.0,0.0,,0.0,1,7.03,12.16,SPY200320C00303000,303.0,normalDay
2019-09-13,3012.0,373.0,0.0,100,301.09,292.5,0,0.0,0.0,,0.0,1,7.03,11.89,SPY200320C00303000,303.0,normalDay
2019-09-16,3012.0,307.0,0.0,100,300.16,292.5,0,0.0,0.0,,0.0,1,7.03,11.62,SPY200320C00303000,303.0,normalDay
2019-09-17,3012.0,343.0,0.0,100,300.92,292.5,0,0.0,0.0,,0.0,1,7.03,12.02,SPY200320C00303000,303.0,normalDay
2019-09-18,3012.0,353.0,0.0,100,301.1,292.5,0,0.0,0.0,,0.0,1,7.03,12.1,SPY200320C00303000,303.0,normalDay
2019-09-19,3012.0,377.0,0.0,100,301.08,292.5,0,0.0,0.0,,0.0,1,7.03,11.84,SPY200320C00303000,303.0,normalDay
2019-09-20,3012.0,151.0,0.0,100,298.28,292.5,0,0.0,0.0,,0.0,1,7.03,11.3,SPY200320C00303000,303.0,normalDay
2019-09-23,3012.0,162.0,0.0,100,298.21,292.5,0,0.0,0.0,,0.0,1,7.03,11.12,SPY200320C00303000,303.0,normalDay
2019-09-24,3012.0,20.0,0.0,100,295.87,292.5,0,0.0,0.0,,0.0,1,7.03,10.2,SPY200320C00303000,303.0,normalDay
2019-09-25,3012.0,145.0,0.0,100,297.62,292.5,0,0.0,0.0,,0.0,1,7.03,10.7,SPY200320C00303000,303.0,normalDay
2019-09-26,3012.0,111.0,0.0,100,297.0,292.5,0,0.0,0.0,,0.0,1,7.03,10.42,SPY200320C00303000,303.0,normalDay
2019-09-27,3012.0,13.0,0.0,100,295.4,292.5,0,0.0,0.0,,0.0,1,7.03,9.8,SPY200320C00303000,303.0,normalDay
2019-09-30,3012.0,110.0,0.0,100,296.77,292.5,0,0.0,0.0,,0.0,1,7.03,10.2,SPY200320C00303000,303.0,normalDay
2019-10-01,3012.0,-82.0,0.0,100,293.24,292.5,0,0.0,0.0,,0.0,1,7.03,8.59,SPY200320C00303000,303.0,normalDay
2019-10-02,3012.0,-382.0,0.0,100,288.06,292.5,0,0.0,0.0,,0.0,1,7.03,6.41,SPY200320C00303000,303.0,normalDay
2019-10-03,3012.0,-237.0,0.0,100,290.42,292.5,0,0.0,0.0,,0.0,1,7.03,7.32,SPY200320C00303000,303.0,normalDay
2019-10-04,3012.0,28.0,0.0,100,294.35,292.5,0,0.0,0.0,,0.0,1,7.03,8.6,SPY200320C00303000,303.0,normalDay
2019-10-07,3012.0,-28.0,0.0,100,293.08,292.5,0,0.0,0.0,,0.0,1,7.03,7.89,SPY200320C00303000,303.0,normalDay
2019-10-08,3012.0,-333.0,0.0,100,288.53,292.5,0,0.0,0.0,,0.0,1,7.03,6.39,SPY200320C00303000,303.0,normalDay
2019-10-09,3012.0,-132.0,0.0,100,291.27,292.5,0,0.0,0.0,,0.0,1,7.03,7.12,SPY200320C00303000,303.0,normalDay
2019-10-10,3012.0,-20.0,0.0,100,293.24,292.5,0,0.0,0.0,,0.0,1,7.03,7.97,SPY200320C00303000,303.0,normalDay
2019-10-11,3012.0,175.0,0.0,100,296.28,292.5,0,0.0,0.0,,0.0,1,7.03,9.06,SPY200320C00303000,303.0,normalDay
2019-10-14,3012.0,218.0,0.0,100,295.95,292.5,0,0.0,0.0,,0.0,1,7.03,8.3,SPY200320C00303000,303.0,normalDay
2019-10-15,3012.0,378.0,0.0,100,298.88,292.5,0,0.0,0.0,,0.0,1,7.03,9.63,SPY200320C00303000,303.0,normalDay
2019-10-16,3012.0,366.0,0.0,100,298.4,292.5,0,0.0,0.0,,0.0,1,7.03,9.27,SPY200320C00303000,303.0,normalDay
2019-10-17,3012.0,424.0,0.0,100,299.28,292.5,0,0.0,0.0,,0.0,1,7.03,9.57,SPY200320C00303000,303.0,normalDay
2019-10-18,3012.0,342.0,0.0,100,297.97,292.5,0,0.0,0.0,,0.0,1,7.03,9.08,SPY200320C00303000,303.0,normalDay
2019-10-21,3012.0,468.0,0.0,100,299.99,292.5,0,0.0,0.0,,0.0,1,7.03,9.84,SPY200320C00303000,303.0,normalDay
2019-10-22,3012.0,430.0,0.0,100,299.01,292.5,0,0.0,0.0,,0.0,1,7.03,9.24,SPY200320C00303000,303.0,normalDay
2019-10-23,3012.0,463.0,0.0,100,299.88,292.5,0,0.0,0.0,,0.0,1,7.03,9.78,SPY200320C00303000,303.0,normalDay
2019-10-24,3012.0,515.0,0.0,100,300.37,292.5,0,0.0,0.0,,0.0,1,7.03,9.75,SPY200320C00303000,303.0,normalDay
2019-10-25,3012.0,583.0,0.0,100,301.6,292.5,0,0.0,0.0,,0.0,1,7.03,10.3,SPY200320C00303000,303.0,normalDay
2019-10-28,3012.0,652.0,0.0,100,303.3,292.5,0,0.0,0.0,,0.0,1,7.03,11.31,SPY200320C00303000,303.0,normalDay
2019-10-29,3012.0,650.0,0.0,100,303.21,292.5,0,0.0,0.0,,0.0,1,7.03,11.24,SPY200320C00303000,303.0,normalDay
2019-10-30,3012.0,683.0,0.0,100,304.14,292.5,0,0.0,0.0,,0.0,1,7.03,11.84,SPY200320C00303000,303.0,normalDay
2019-10-31,3012.0,656.0,0.0,100,303.33,292.5,0,0.0,0.0,,0.0,1,7.03,11.3,SPY200320C00303000,303.0,normalDay
2019-11-01,3012.0,779.0,0.0,100,306.14,292.5,0,0.0,0.0,,0.0,1,7.03,12.88,SPY200320C00303000,303.0,normalDay
2019-11-04,3012.0,823.0,0.0,100,307.37,292.5,0,0.0,0.0,,0.0,1,7.03,13.67,SPY200320C00303000,303.0,normalDay
2019-11-05,3012.0,802.0,0.0,100,307.03,292.5,0,0.0,0.0,,0.0,1,7.03,13.54,SPY200320C00303000,303.0,normalDay
2019-11-06,3012.0,798.0,0.0,100,307.1,292.5,0,0.0,0.0,,0.0,1,7.03,13.65,SPY200320C00303000,303.0,normalDay
2019-11-07,3012.0,840.0,0.0,100,308.18,292.5,0,0.0,0.0,,0.0,1,7.03,14.31,SPY200320C00303000,303.0,normalDay
2019-11-08,3012.0,878.0,0.0,100,308.94,292.5,0,0.0,0.0,,0.0,1,7.03,14.69,SPY200320C00303000,303.0,normalDay
2019-11-11,3012.0,860.0,0.0,100,308.35,292.5,0,0.0,0.0,,0.0,1,7.03,14.28,SPY200320C00303000,303.0,normalDay
2019-11-12,3012.0,909.0,0.0,100,309.0,292.5,0,0.0,0.0,,0.0,1,7.03,14.44,SPY200320C00303000,303.0,normalDay
2019-11-13,3012.0,897.0,0.0,100,309.1,292.5,0,0.0,0.0,,0.0,1,7.03,14.66,SPY200320C00303000,303.0,normalDay
2019-11-14,3012.0,917.0,0.0,100,309.55,292.5,0,0.0,0.0,,0.0,1,7.03,14.91,SPY200320C00303000,303.0,normalDay
2019-11-15,3012.0,1017.0,0.0,100,311.79,292.5,0,0.0,0.0,,0.0,1,7.03,16.15,SPY200320C00303000,303.0,normalDay
2019-11-18,3012.0,1034.0,0.0,100,312.02,292.5,0,0.0,0.0,,0.0,1,7.03,16.21,SPY200320C00303000,303.0,normalDay
2019-11-19,3012.0,1034.0,0.0,100,311.93,292.5,0,0.0,0.0,,0.0,1,7.03,16.12,SPY200320C00303000,303.0,normalDay
2019-11-20,3012.0,990.0,0.0,100,310.77,292.5,0,0.0,0.0,,0.0,1,7.03,15.4,SPY200320C00303000,303.0,normalDay
2019-11-21,3012.0,968.0,0.0,100,310.27,292.5,0,0.0,0.0,,0.0,1,7.03,15.12,SPY200320C00303000,303.0,normalDay
2019-11-22,3012.0,999.0,0.0,100,310.96,292.5,0,0.0,0.0,,0.0,1,7.03,15.5,SPY200320C00303000,303.0,normalDay
2019-11-25,3012.0,1118.0,0.0,100,313.37,292.5,0,0.0,0.0,,0.0,1,7.03,16.72,SPY200320C00303000,303.0,normalDay
2019-11-26,3012.0,1127.0,0.0,100,314.08,292.5,0,0.0,0.0,,0.0,1,7.03,17.34,SPY200320C00303000,303.0,normalDay
2019-11-27,3012.0,1169.0,0.0,100,315.48,292.5,0,0.0,0.0,,0.0,1,7.03,18.32,SPY200320C00303000,303.0,normalDay
2019-11-29,3012.0,1113.0,0.0,100,314.31,292.5,0,0.0,0.0,,0.0,1,7.03,17.71,SPY200320C00303000,303.0,normalDay
2019-12-02,3012.0,1028.0,0.0,100,311.64,292.5,0,0.0,0.0,,0.0,1,7.03,15.89,SPY200320C00303000,303.0,normalDay
2019-12-03,3012.0,942.0,0.0,100,309.55,292.5,0,0.0,0.0,,0.0,1,7.03,14.66,SPY200320C00303000,303.0,normalDay
2019-12-04,3012.0,1039.0,0.0,100,311.46,292.5,0,0.0,0.0,,0.0,1,7.03,15.6,SPY200320C00303000,303.0,normalDay
2019-12-05,3012.0,1048.0,0.0,100,312.02,292.5,0,0.0,0.0,,0.0,1,7.03,16.07,SPY200320C00303000,303.0,normalDay
2019-12-06,3012.0,1161.0,0.0,100,314.87,292.5,0,0.0,0.0,,0.0,1,7.03,17.79,SPY200320C00303000,303.0,normalDay
2019-12-09,3012.0,1118.0,0.0,100,313.88,292.5,0,0.0,0.0,,0.0,1,7.03,17.23,SPY200320C00303000,303.0,normalDay
2019-12-10,3012.0,1085.0,0.0,100,313.53,292.5,0,0.0,0.0,,0.0,1,7.03,17.21,SPY200320C00303000,303.0,normalDay
2019-12-11,3012.0,1126.0,0.0,100,314.42,292.5,0,0.0,0.0,,0.0,1,7.03,17.69,SPY200320C00303000,303.0,normalDay
2019-12-12,3012.0,1244.0,0.0,100,317.13,292.5,0,0.0,0.0,,0.0,1,7.03,19.22,SPY200320C00303000,303.0,normalDay
2019-12-13,3012.0,1282.0,0.0,100,317.32,292.5,0,0.0,0.0,,0.0,1,7.03,19.03,SPY200320C00303000,303.0,normalDay
2019-12-16,3012.0,1324.0,0.0,100,319.5,292.5,0,0.0,0.0,,0.0,1,7.03,20.79,SPY200320C00303000,303.0,normalDay
2019-12-17,3012.0,1352.0,0.0,100,319.57,292.5,0,0.0,0.0,,0.0,1,7.03,20.58,SPY200320C00303000,303.0,normalDay
2019-12-18,3012.0,1334.0,0.0,100,319.59,292.5,0,0.0,0.0,,0.0,1,7.03,20.78,SPY200320C00303000,303.0,normalDay
2019-12-19,3012.0,1363.0,0.0,100,320.9,292.5,0,0.0,0.0,,0.0,1,7.03,21.8,SPY200320C00303000,303.0,normalDay
2019-12-20,3012.0,1219.0,0.0,100,320.73,292.5,0,0.0,0.0,,0.0,1,7.03,23.07,SPY200320C00303000,303.0,normalDay
2019-12-23,3012.0,1268.0,0.0,100,321.22,292.5,0,0.0,0.0,,0.0,1,7.03,23.07,SPY200320C00303000,303.0,normalDay
2019-12-24,3012.0,1273.0,0.0,100,321.23,292.5,0,0.0,0.0,,0.0,1,7.03,23.03,SPY200320C00303000,303.0,normalDay
2019-12-26,3012.0,1299.0,0.0,100,322.94,292.5,0,0.0,0.0,,0.0,1,7.03,24.48,SPY200320C00303000,303.0,normalDay
2019-12-27,3012.0,1313.0,0.0,100,322.86,292.5,0,0.0,0.0,,0.0,1,7.03,24.26,SPY200320C00303000,303.0,normalDay
2019-12-30,3012.0,1250.0,0.0,100,321.08,292.5,0,0.0,0.0,,0.0,1,7.03,23.11,SPY200320C00303000,303.0,normalDay
2019-12-31,3012.0,1271.0,0.0,100,321.86,292.5,0,0.0,0.0,,0.0,1,7.03,23.68,SPY200320C00303000,303.0,normalDay
2020-01-02,3012.0,1378.0,0.0,100,324.87,292.5,0,0.0,0.0,,0.0,1,7.03,25.62,SPY200320C00303000,303.0,normalDay
2020-01-03,3012.0,1304.0,0.0,100,322.41,292.5,0,0.0,0.0,,0.0,1,7.03,23.9,SPY200320C00303000,303.0,normalDay
2020-01-06,3012.0,1347.0,0.0,100,323.64,292.5,0,0.0,0.0,,0.0,1,7.03,24.7,SPY200320C00303000,303.0,normalDay
2020-01-07,3012.0,1368.0,0.0,100,322.73,292.5,0,0.0,0.0,,0.0,1,7.03,23.58,SPY200320C00303000,303.0,normalDay
2020-01-08,3012.0,1365.0,0.0,100,324.45,292.5,0,0.0,0.0,,0.0,1,7.03,25.33,SPY200320C00303000,303.0,normalDay
2020-01-09,3012.0,1438.0,0.0,100,326.65,292.5,0,0.0,0.0,,0.0,1,7.03,26.8,SPY200320C00303000,303.0,normalDay
2020-01-10,3012.0,1445.0,0.0,100,325.71,292.5,0,0.0,0.0,,0.0,1,7.03,25.79,SPY200320C00303000,303.0,normalDay
2020-01-13,3012.0,1471.0,0.0,100,327.95,292.5,0,0.0,0.0,,0.0,1,7.03,27.77,SPY200320C00303000,303.0,normalDay
2020-01-14,3012.0,1454.0,0.0,100,327.45,292.5,0,0.0,0.0,,0.0,1,7.03,27.44,SPY200320C00303000,303.0,normalDay
2020-01-15,3012.0,1481.0,0.0,100,328.19,292.5,0,0.0,0.0,,0.0,1,7.03,27.91,SPY200320C00303000,303.0,normalDay
2020-01-16,3012.0,1528.0,0.0,100,330.92,292.5,0,0.0,0.0,,0.0,1,7.03,30.17,SPY200320C00303000,303.0,normalDay
2020-01-17,3012.0,1544.0,0.0,100,331.95,292.5,0,0.0,0.0,,0.0,1,7.03,31.04,SPY200320C00303000,303.0,normalDay
2020-01-21,3012.0,1532.0,0.0,100,331.3,292.5,0,0.0,0.0,,0.0,1,7.03,30.51,SPY200320C00303000,303.0,normalDay
2020-01-22,3012.0,1537.0,0.0,100,331.34,292.5,0,0.0,0.0,,0.0,1,7.03,30.5,SPY200320C00303000,303.0,normalDay
2020-01-23,3012.0,1532.0,0.0,100,331.72,292.5,0,0.0,0.0,,0.0,1,7.03,30.93,SPY200320C00303000,303.0,normalDay
2020-01-24,3012.0,1476.0,0.0,100,328.77,292.5,0,0.0,0.0,,0.0,1,7.03,28.54,SPY200320C00303000,303.0,normalDay
2020-01-27,3012.0,1408.0,0.0,100,323.5,292.5,0,0.0,0.0,,0.0,1,7.03,23.95,SPY200320C00303000,303.0,normalDay
2020-01-28,3012.0,1449.0,0.0,100,326.89,292.5,0,0.0,0.0,,0.0,1,7.03,26.93,SPY200320C00303000,303.0,normalDay
2020-01-29,3012.0,1466.0,0.0,100,326.62,292.5,0,0.0,0.0,,0.0,1,7.03,26.49,SPY200320C00303000,303.0,normalDay
2020-01-30,3012.0,1426.0,0.0,100,327.68,292.5,0,0.0,0.0,,0.0,1,7.03,27.95,SPY200320C00303000,303.0,normalDay
2020-01-31,3012.0,1357.0,0.0,100,321.73,292.5,0,0.0,0.0,,0.0,1,7.03,22.69,SPY200320C00303000,303.0,normalDay
2020-02-03,3012.0,1472.0,0.0,100,324.12,292.5,0,0.0,0.0,,0.0,1,7.03,23.93,SPY200320C00303000,303.0,normalDay
2020-02-04,3012.0,1529.0,0.0,100,329.06,292.5,0,0.0,0.0,,0.0,1,7.03,28.3,SPY200320C00303000,303.0,normalDay
2020-02-05,3012.0,1557.0,0.0,100,332.86,292.5,0,0.0,0.0,,0.0,1,7.03,31.82,SPY200320C00303000,303.0,normalDay
2020-02-06,3012.0,1615.0,0.0,100,333.98,292.5,0,0.0,0.0,,0.0,1,7.03,32.36,SPY200320C00303000,303.0,normalDay
2020-02-07,3012.0,1573.0,0.0,100,332.2,292.5,0,0.0,0.0,,0.0,1,7.03,31.0,SPY200320C00303000,303.0,normalDay
2020-02-10,3012.0,1586.0,0.0,100,334.68,292.5,0,0.0,0.0,,0.0,1,7.03,33.35,SPY200320C00303000,303.0,normalDay
2020-02-11,3012.0,1601.0,0.0,100,335.26,292.5,0,0.0,0.0,,0.0,1,7.03,33.78,SPY200320C00303000,303.0,normalDay
2020-02-12,3012.0,1637.0,0.0,100,337.42,292.5,0,0.0,0.0,,0.0,1,7.03,35.58,SPY200320C00303000,303.0,normalDay
2020-02-13,3012.0,1615.0,0.0,100,337.06,292.5,0,0.0,0.0,,0.0,1,7.03,35.44,SPY200320C00303000,303.0,normalDay
2020-02-14,3012.0,1631.0,0.0,100,337.6,292.5,0,0.0,0.0,,0.0,1,7.03,35.82,SPY200320C00303000,303.0,normalDay
2020-02-18,3012.0,1644.0,0.0,100,336.73,292.5,0,0.0,0.0,,0.0,1,7.03,34.82,SPY200320C00303000,303.0,normalDay
2020-02-19,3012.0,1635.0,0.0,100,338.34,292.5,0,0.0,0.0,,0.0,1,7.03,36.52,SPY200320C00303000,303.0,normalDay
2020-02-20,3012.0,1643.0,0.0,100,336.95,292.5,0,0.0,0.0,,0.0,1,7.03,35.05,SPY200320C00303000,303.0,normalDay
2020-02-21,3012.0,1618.0,0.0,100,333.48,292.5,0,0.0,0.0,,0.0,1,7.03,31.83,SPY200320C00303000,303.0,normalDay
2020-02-24,3012.0,1475.0,0.0,100,322.42,292.5,0,0.0,0.0,,0.0,1,7.03,22.2,SPY200320C00303000,303.0,normalDay
2020-02-25,3012.0,1201.0,0.0,100,312.65,292.5,0,0.0,0.0,,0.0,1,7.03,15.17,SPY200320C00303000,303.0,normalDay
2020-02-26,3012.0,1268.0,0.0,100,311.5,292.5,0,0.0,0.0,,0.0,1,7.03,13.35,SPY200320C00303000,303.0,normalDay
2020-02-27,3012.0,425.0,0.0,100,297.51,292.5,0,0.0,0.0,,0.0,1,7.03,7.79,SPY200320C00303000,303.0,normalDay
2020-02-28,3012.0,249.0,0.0,100,296.26,292.5,0,0.0,0.0,,0.0,1,7.03,8.3,SPY200320C00303000,303.0,normalDay
2020-03-02,3012.0,1149.0,0.0,100,309.09,292.5,0,0.0,0.0,,0.0,1,7.03,12.13,SPY200320C00303000,303.0,normalDay
2020-03-03,3012.0,635.0,0.0,100,300.24,292.5,0,0.0,0.0,,0.0,1,7.03,8.42,SPY200320C00303000,303.0,normalDay
2020-03-04,3012.0,1370.0,0.0,100,312.86,292.5,0,0.0,0.0,,0.0,1,7.03,13.69,SPY200320C00303000,303.0,normalDay
2020-03-05,3012.0,826.0,0.0,100,302.46,292.5,0,0.0,0.0,,0.0,1,7.03,8.73,SPY200320C00303000,303.0,normalDay
2020-03-06,3012.0,637.0,0.0,100,297.46,292.5,0,0.0,0.0,,0.0,1,7.03,5.62,SPY200320C00303000,303.0,normalDay
2020-03-09,3012.0,-1221.0,0.0,100,274.23,292.5,0,0.0,0.0,,0.0,1,7.03,0.97,SPY200320C00303000,303.0,normalDay
2020-03-10,3012.0,54.0,0.0,100,288.42,292.5,0,0.0,0.0,,0.0,1,7.03,2.41,SPY200320C00303000,303.0,normalDay
2020-03-11,3012.0,-1183.0,0.0,100,274.36,292.5,0,0.0,0.0,,0.0,1,7.03,0.72,SPY200320C00303000,303.0,normalDay
2020-03-12,3012.0,-3747.0,0.0,100,248.11,292.5,0,0.0,0.0,,0.0,1,7.03,0.11,SPY200320C00303000,303.0,normalDay
2020-03-13,3012.0,-1633.0,0.0,100,269.32,292.5,0,0.0,0.0,,0.0,1,7.03,0.18,SPY200320C00303000,303.0,normalDay
2020-03-16,3012.0,-4568.0,0.0,100,239.85,292.5,0,0.0,0.0,,0.0,1,7.03,0.06,SPY200320C00303000,303.0,normalDay
2020-03-17,3012.0,-3271.0,0.0,100,252.8,292.5,0,0.0,0.0,,0.0,1,7.03,0.04,SPY200320C00303000,303.0,normalDay
2020-03-18,3012.0,-4548.0,0.0,100,240.0,292.5,0,0.0,0.0,,0.0,1,7.03,0.01,SPY200320C00303000,303.0,normalDay
2020-03-19,3012.0,-4497.0,0.0,100,240.51,292.5,0,0.0,0.0,,0.0,1,7.03,0.01,SPY200320C00303000,303.0,normalDay
2020-03-20,3715.0,-6370.0,703.0,100,228.8,292.5,0,0.0,0.0,,0.0,1,7.03,0.0,SPY200320C00303000,303.0,expirationDay
2020-03-23,3715.0,-7019.0,0.0,100,222.95,292.5,0,0.0,0.0,,0.0,1,0.28,0.92,SPY201016C00319000,319.0,normalDay
2020-03-24,3715.0,-5107.0,0.0,100,243.15,292.5,0,0.0,0.0,,0.0,1,0.28,2.0,SPY201016C00319000,319.0,normalDay
2020-03-25,3715.0,-4833.0,0.0,100,246.79,292.5,0,0.0,0.0,,0.0,1,0.28,2.9,SPY201016C00319000,319.0,normalDay
2020-03-26,3715.0,-3478.0,0.0,100,261.2,292.5,0,0.0,0.0,,0.0,1,0.28,3.76,SPY201016C00319000,319.0,normalDay
2020-03-27,3715.0,-4139.0,0.0,100,253.42,292.5,0,0.0,0.0,,0.0,1,0.28,2.59,SPY201016C00319000,319.0,normalDay
2020-03-30,3715.0,-3421.0,0.0,100,261.65,292.5,0,0.0,0.0,,0.0,1,0.28,3.64,SPY201016C00319000,319.0,normalDay
2020-03-31,3715.0,-3667.0,0.0,100,257.75,292.5,0,0.0,0.0,,0.0,1,0.28,2.2,SPY201016C00319000,319.0,normalDay
2020-04-01,3715.0,-4752.0,0.0,100,246.15,292.5,0,0.0,0.0,,0.0,1,0.28,1.45,SPY201016C00319000,319.0,normalDay
2020-04-02,3715.0,-4233.0,0.0,100,251.83,292.5,0,0.0,0.0,,0.0,1,0.28,1.94,SPY201016C00319000,319.0,normalDay
2020-04-03,3715.0,-4554.0,0.0,100,248.19,292.5,0,0.0,0.0,,0.0,1,0.28,1.51,SPY201016C00319000,319.0,normalDay
2020-04-06,3715.0,-3074.0,0.0,100,264.86,292.5,0,0.0,0.0,,0.0,1,0.28,3.38,SPY201016C00319000,319.0,normalDay
2020-04-07,3715.0,-3019.0,0.0,100,265.13,292.5,0,0.0,0.0,,0.0,1,0.28,3.1,SPY201016C00319000,319.0,normalDay
2020-04-08,3715.0,-2332.0,0.0,100,274.03,292.5,0,0.0,0.0,,0.0,1,0.28,5.13,SPY201016C00319000,319.0,normalDay
2020-04-09,3715.0,-2042.0,0.0,100,278.2,292.5,0,0.0,0.0,,0.0,1,0.28,6.4,SPY201016C00319000,319.0,normalDay
2020-04-13,3715.0,-2178.0,0.0,100,275.66,292.5,0,0.0,0.0,,0.0,1,0.28,5.22,SPY201016C00319000,319.0,normalDay
2020-04-14,3715.0,-1536.0,0.0,100,283.79,292.5,0,0.0,0.0,,0.0,1,0.28,6.93,SPY201016C00319000,319.0,normalDay
2020-04-15,3715.0,-2007.0,0.0,100,277.76,292.5,0,0.0,0.0,,0.0,1,0.28,5.61,SPY201016C00319000,319.0,normalDay
2020-04-16,3715.0,-1925.0,0.0,100,279.1,292.5,0,0.0,0.0,,0.0,1,0.28,6.13,SPY201016C00319000,319.0,normalDay
2020-04-17,3715.0,-1384.0,0.0,100,286.64,292.5,0,0.0,0.0,,0.0,1,0.28,8.26,SPY201016C00319000,319.0,normalDay
2020-04-20,3715.0,-1797.0,0.0,100,281.59,292.5,0,0.0,0.0,,0.0,1,0.28,7.34,SPY201016C00319000,319.0,normalDay
2020-04-21,3715.0,-2467.0,0.0,100,273.04,292.5,0,0.0,0.0,,0.0,1,0.28,5.49,SPY201016C00319000,319.0,normalDay
2020-04-22,3715.0,-1969.0,0.0,100,279.1,292.5,0,0.0,0.0,,0.0,1,0.28,6.57,SPY201016C00319000,319.0,normalDay
2020-04-23,3715.0,-1957.0,0.0,100,279.08,292.5,0,0.0,0.0,,0.0,1,0.28,6.43,SPY201016C00319000,319.0,normalDay
2020-04-24,3715.0,-1599.0,0.0,100,282.97,292.5,0,0.0,0.0,,0.0,1,0.28,6.74,SPY201016C00319000,319.0,normalDay
2020-04-27,3715.0,-1224.0,0.0,100,287.05,292.5,0,0.0,0.0,,0.0,1,0.28,7.07,SPY201016C00319000,319.0,normalDay
2020-04-28,3715.0,-1302.0,0.0,100,285.73,292.5,0,0.0,0.0,,0.0,1,0.28,6.53,SPY201016C00319000,319.0,normalDay
2020-04-29,3715.0,-744.0,0.0,100,293.21,292.5,0,0.0,0.0,,0.0,1,0.28,8.43,SPY201016C00319000,319.0,normalDay
2020-04-30,3715.0,-913.0,0.0,100,290.48,292.5,0,0.0,0.0,,0.0,1,0.28,7.39,SPY201016C00319000,319.0,normalDay
2020-05-01,3715.0,-1511.0,0.0,100,282.79,292.5,0,0.0,0.0,,0.0,1,0.28,5.68,SPY201016C00319000,319.0,normalDay
2020-05-04,3715.0,-1412.0,0.0,100,283.57,292.5,0,0.0,0.0,,0.0,1,0.28,5.47,SPY201016C00319000,319.0,normalDay
2020-05-05,3715.0,-1209.0,0.0,100,286.19,292.5,0,0.0,0.0,,0.0,1,0.28,6.06,SPY201016C00319000,319.0,normalDay
2020-05-06,3715.0,-1343.0,0.0,100,284.25,292.5,0,0.0,0.0,,0.0,1,0.28,5.46,SPY201016C00319000,319.0,normalDay
2020-05-07,3715.0,-1074.0,0.0,100,287.68,292.5,0,0.0,0.0,,0.0,1,0.28,6.2,SPY201016C00319000,319.0,normalDay
2020-05-08,3715.0,-671.0,0.0,100,292.44,292.5,0,0.0,0.0,,0.0,1,0.28,6.93,SPY201016C00319000,319.0,normalDay
2020-05-11,3715.0,-643.0,0.0,100,292.5,292.5,0,0.0,0.0,,0.0,1,0.28,6.71,SPY201016C00319000,319.0,normalDay
2020-05-12,3715.0,-1029.0,0.0,100,286.67,292.5,0,0.0,0.0,,0.0,1,0.28,4.74,SPY201016C00319000,319.0,normalDay
2020-05-13,3715.0,-1476.0,0.0,100,281.6,292.5,0,0.0,0.0,,0.0,1,0.28,4.14,SPY201016C00319000,319.0,normalDay
2020-05-14,3715.0,-1178.0,0.0,100,284.97,292.5,0,0.0,0.0,,0.0,1,0.28,4.53,SPY201016C00319000,319.0,normalDay
2020-05-15,3715.0,-1024.0,0.0,100,286.28,292.5,0,0.0,0.0,,0.0,1,0.28,4.3,SPY201016C00319000,319.0,normalDay
2020-05-18,3715.0,-373.0,0.0,100,295.0,292.5,0,0.0,0.0,,0.0,1,0.28,6.51,SPY201016C00319000,319.0,normalDay
2020-05-19,3715.0,-605.0,0.0,100,291.97,292.5,0,0.0,0.0,,0.0,1,0.28,5.8,SPY201016C00319000,319.0,normalDay
2020-05-20,3715.0,-235.0,0.0,100,296.93,292.5,0,0.0,0.0,,0.0,1,0.28,7.06,SPY201016C00319000,319.0,normalDay
2020-05-21,3715.0,-389.0,0.0,100,294.88,292.5,0,0.0,0.0,,0.0,1,0.28,6.55,SPY201016C00319000,319.0,normalDay
2020-05-22,3715.0,-351.0,0.0,100,295.44,292.5,0,0.0,0.0,,0.0,1,0.28,6.73,SPY201016C00319000,319.0,normalDay
2020-05-26,3715.0,-69.0,0.0,100,299.08,292.5,0,0.0,0.0,,0.0,1,0.28,7.55,SPY201016C00319000,319.0,normalDay
2020-05-27,3715.0,241.0,0.0,100,303.53,292.5,0,0.0,0.0,,0.0,1,0.28,8.9,SPY201016C00319000,319.0,normalDay
2020-05-28,3715.0,149.0,0.0,100,302.97,292.5,0,0.0,0.0,,0.0,1,0.28,9.26,SPY201016C00319000,319.0,normalDay
2020-05-29,3715.0,243.0,0.0,100,304.32,292.5,0,0.0,0.0,,0.0,1,0.28,9.67,SPY201016C00319000,319.0,normalDay
2020-06-01,3715.0,352.0,0.0,100,305.55,292.5,0,0.0,0.0,,0.0,1,0.28,9.81,SPY201016C00319000,319.0,normalDay
2020-06-02,3715.0,532.0,0.0,100,308.08,292.5,0,0.0,0.0,,0.0,1,0.28,10.54,SPY201016C00319000,319.0,normalDay
2020-06-03,3715.0,739.0,0.0,100,312.18,292.5,0,0.0,0.0,,0.0,1,0.28,12.57,SPY201016C00319000,319.0,normalDay
2020-06-04,3715.0,711.0,0.0,100,311.36,292.5,0,0.0,0.0,,0.0,1,0.28,12.03,SPY201016C00319000,319.0,normalDay
2020-06-05,3715.0,1143.0,0.0,100,319.34,292.5,0,0.0,0.0,,0.0,1,0.28,15.69,SPY201016C00319000,319.0,normalDay
2020-06-08,3715.0,1286.0,0.0,100,323.2,292.5,0,0.0,0.0,,0.0,1,0.28,18.12,SPY201016C00319000,319.0,normalDay
2020-06-09,3715.0,1039.0,0.0,100,320.79,292.5,0,0.0,0.0,,0.0,1,0.28,18.18,SPY201016C00319000,319.0,normalDay
2020-06-10,3715.0,1041.0,0.0,100,319.0,292.5,0,0.0,0.0,,0.0,1,0.28,16.37,SPY201016C00319000,319.0,normalDay
2020-06-11,3715.0,-305.0,0.0,100,300.61,292.5,0,0.0,0.0,,0.0,1,0.28,11.44,SPY201016C00319000,319.0,normalDay
2020-06-12,3715.0,66.0,0.0,100,304.21,292.5,0,0.0,0.0,,0.0,1,0.28,11.33,SPY201016C00319000,319.0,normalDay
2020-06-15,3715.0,251.0,0.0,100,307.05,292.5,0,0.0,0.0,,0.0,1,0.28,12.32,SPY201016C00319000,319.0,normalDay
2020-06-16,3715.0,565.0,0.0,100,312.96,292.5,0,0.0,0.0,,0.0,1,0.28,15.09,SPY201016C00319000,319.0,normalDay
2020-06-17,3715.0,481.0,0.0,100,311.66,292.5,0,0.0,0.0,,0.0,1,0.28,14.63,SPY201016C00319000,319.0,normalDay
2020-06-18,3715.0,514.0,0.0,100,311.78,292.5,0,0.0,0.0,,0.0,1,0.28,14.42,SPY201016C00319000,319.0,normalDay
2020-06-19,3715.0,343.0,0.0,100,308.64,292.5,0,0.0,0.0,,0.0,1,0.28,12.99,SPY201016C00319000,319.0,normalDay
2020-06-22,3715.0,481.0,0.0,100,310.62,292.5,0,0.0,0.0,,0.0,1,0.28,13.59,SPY201016C00319000,319.0,normalDay
2020-06-23,3715.0,590.0,0.0,100,312.05,292.5,0,0.0,0.0,,0.0,1,0.28,13.93,SPY201016C00319000,319.0,normalDay
2020-06-24,3715.0,98.0,0.0,100,304.09,292.5,0,0.0,0.0,,0.0,1,0.28,10.89,SPY201016C00319000,319.0,normalDay
2020-06-25,3715.0,349.0,0.0,100,307.35,292.5,0,0.0,0.0,,0.0,1,0.28,11.64,SPY201016C00319000,319.0,normalDay
2020-06-26,3715.0,-131.0,0.0,100,300.05,292.5,0,0.0,0.0,,0.0,1,0.28,9.14,SPY201016C00319000,319.0,normalDay
2020-06-29,3715.0,258.0,0.0,100,304.46,292.5,0,0.0,0.0,,0.0,1,0.28,9.66,SPY201016C00319000,319.0,normalDay
2020-06-30,3715.0,546.0,0.0,100,308.36,292.5,0,0.0,0.0,,0.0,1,0.28,10.68,SPY201016C00319000,319.0,normalDay
2020-07-01,3715.0,690.0,0.0,100,310.52,292.5,0,0.0,0.0,,0.0,1,0.28,11.4,SPY201016C00319000,319.0,normalDay
2020-07-02,3715.0,777.0,0.0,100,312.23,292.5,0,0.0,0.0,,0.0,1,0.28,12.24,SPY201016C00319000,319.0,normalDay
2020-07-06,3715.0,1030.0,0.0,100,317.05,292.5,0,0.0,0.0,,0.0,1,0.28,14.53,SPY201016C00319000,319.0,normalDay
2020-07-07,3715.0,850.0,0.0,100,313.78,292.5,0,0.0,0.0,,0.0,1,0.28,13.06,SPY201016C00319000,319.0,normalDay
2020-07-08,3715.0,991.0,0.0,100,316.18,292.5,0,0.0,0.0,,0.0,1,0.28,14.05,SPY201016C00319000,319.0,normalDay
2020-07-09,3715.0,889.0,0.0,100,314.38,292.5,0,0.0,0.0,,0.0,1,0.28,13.27,SPY201016C00319000,319.0,normalDay
2020-07-10,3715.0,1059.0,0.0,100,317.59,292.5,0,0.0,0.0,,0.0,1,0.28,14.78,SPY201016C00319000,319.0,normalDay
2020-07-13,3715.0,844.0,0.0,100,314.84,292.5,0,0.0,0.0,,0.0,1,0.28,14.18,SPY201016C00319000,319.0,normalDay
2020-07-14,3715.0,1122.0,0.0,100,318.92,292.5,0,0.0,0.0,,0.0,1,0.28,15.48,SPY201016C00319000,319.0,normalDay
2020-07-15,3715.0,1245.0,0.0,100,321.85,292.5,0,0.0,0.0,,0.0,1,0.28,17.18,SPY201016C00319000,319.0,normalDay
2020-07-16,3715.0,1290.0,0.0,100,320.79,292.5,0,0.0,0.0,,0.0,1,0.28,15.67,SPY201016C00319000,319.0,normalDay
2020-07-17,3715.0,1321.0,0.0,100,321.72,292.5,0,0.0,0.0,,0.0,1,0.28,16.29,SPY201016C00319000,319.0,normalDay
2020-07-20,3715.0,1498.0,0.0,100,324.32,292.5,0,0.0,0.0,,0.0,1,0.28,17.12,SPY201016C00319000,319.0,normalDay
2020-07-21,3715.0,1518.0,0.0,100,325.01,292.5,0,0.0,0.0,,0.0,1,0.28,17.61,SPY201016C00319000,319.0,normalDay
2020-07-22,3715.0,1632.0,0.0,100,326.86,292.5,0,0.0,0.0,,0.0,1,0.28,18.32,SPY201016C00319000,319.0,normalDay
2020-07-23,3715.0,1491.0,0.0,100,322.96,292.5,0,0.0,0.0,,0.0,1,0.28,15.83,SPY201016C00319000,319.0,normalDay
2020-07-24,3715.0,1380.0,0.0,100,320.88,292.5,0,0.0,0.0,,0.0,1,0.28,14.86,SPY201016C00319000,319.0,normalDay
2020-07-27,3715.0,1525.0,0.0,100,323.22,292.5,0,0.0,0.0,,0.0,1,0.28,15.75,SPY201016C00319000,319.0,normalDay
2020-07-28,3715.0,1442.0,0.0,100,321.17,292.5,0,0.0,0.0,,0.0,1,0.28,14.53,SPY201016C00319000,319.0,normalDay
2020-07-29,3715.0,1629.0,0.0,100,325.12,292.5,0,0.0,0.0,,0.0,1,0.28,16.61,SPY201016C00319000,319.0,normalDay
2020-07-30,3715.0,1530.0,0.0,100,323.96,292.5,0,0.0,0.0,,0.0,1,0.28,16.44,SPY201016C00319000,319.0,normalDay
2020-07-31,3715.0,1644.0,0.0,100,326.52,292.5,0,0.0,0.0,,0.0,1,0.28,17.86,SPY201016C00319000,319.0,normalDay
2020-08-03,3715.0,1760.0,0.0,100,328.79,292.5,0,0.0,0.0,,0.0,1,0.28,18.97,SPY201016C00319000,319.0,normalDay
2020-08-04,3715.0,1836.0,0.0,100,330.06,292.5,0,0.0,0.0,,0.0,1,0.28,19.48,SPY201016C00319000,319.0,normalDay
2020-08-05,3715.0,1924.0,0.0,100,332.11,292.5,0,0.0,0.0,,0.0,1,0.28,20.65,SPY201016C00319000,319.0,normalDay
2020-08-06,3715.0,1979.0,0.0,100,334.33,292.5,0,0.0,0.0,,0.0,1,0.28,22.32,SPY201016C00319000,319.0,normalDay
2020-08-07,3715.0,2007.0,0.0,100,334.57,292.5,0,0.0,0.0,,0.0,1,0.28,22.28,SPY201016C00319000,319.0,normalDay
2020-08-10,3715.0,2077.0,0.0,100,335.57,292.5,0,0.0,0.0,,0.0,1,0.28,22.58,SPY201016C00319000,319.0,normalDay
2020-08-11,3715.0,1956.0,0.0,100,332.8,292.5,0,0.0,0.0,,0.0,1,0.28,21.02,SPY201016C00319000,319.0,normalDay
2020-08-12,3715.0,2125.0,0.0,100,337.44,292.5,0,0.0,0.0,,0.0,1,0.28,23.97,SPY201016C00319000,319.0,normalDay
2020-08-13,3715.0,2124.0,0.0,100,336.83,292.5,0,0.0,0.0,,0.0,1,0.28,23.37,SPY201016C00319000,319.0,normalDay
2020-08-14,3715.0,2137.0,0.0,100,336.84,292.5,0,0.0,0.0,,0.0,1,0.28,23.25,SPY201016C00319000,319.0,normalDay
2020-08-17,3715.0,2208.0,0.0,100,337.91,292.5,0,0.0,0.0,,0.0,1,0.28,23.61,SPY201016C00319000,319.0,normalDay
2020-08-18,3715.0,2221.0,0.0,100,338.64,292.5,0,0.0,0.0,,0.0,1,0.28,24.21,SPY201016C00319000,319.0,normalDay
2020-08-19,3715.0,2183.0,0.0,100,337.23,292.5,0,0.0,0.0,,0.0,1,0.28,23.18,SPY201016C00319000,319.0,normalDay
2020-08-20,3715.0,2232.0,0.0,100,338.28,292.5,0,0.0,0.0,,0.0,1,0.28,23.74,SPY201016C00319000,319.0,normalDay
2020-08-21,3715.0,2248.0,0.0,100,339.48,292.5,0,0.0,0.0,,0.0,1,0.28,24.78,SPY201016C00319000,319.0,normalDay
2020-08-24,3715.0,2343.0,0.0,100,342.92,292.5,0,0.0,0.0,,0.0,1,0.28,27.27,SPY201016C00319000,319.0,normalDay
2020-08-25,3715.0,2354.0,0.0,100,344.12,292.5,0,0.0,0.0,,0.0,1,0.28,28.36,SPY201016C00319000,319.0,normalDay
2020-08-26,3715.0,2373.0,0.0,100,347.57,292.5,0,0.0,0.0,,0.0,1,0.28,31.62,SPY201016C00319000,319.0,normalDay
2020-08-27,3715.0,2347.0,0.0,100,348.33,292.5,0,0.0,0.0,,0.0,1,0.28,32.64,SPY201016C00319000,319.0,normalDay
2020-08-28,3715.0,2433.0,0.0,100,350.58,292.5,0,0.0,0.0,,0.0,1,0.28,34.03,SPY201016C00319000,319.0,normalDay
2020-08-31,3715.0,2307.0,0.0,100,349.31,292.5,0,0.0,0.0,,0.0,1,0.28,34.02,SPY201016C00319000,319.0,normalDay
2020-09-01,3715.0,2412.0,0.0,100,352.6,292.5,0,0.0,0.0,,0.0,1,0.28,36.26,SPY201016C00319000,319.0,normalDay
2020-09-02,3715.0,2423.0,0.0,100,357.7,292.5,0,0.0,0.0,,0.0,1,0.28,41.25,SPY201016C00319000,319.0,normalDay
2020-09-03,3715.0,2121.0,0.0,100,345.39,292.5,0,0.0,0.0,,0.0,1,0.28,31.96,SPY201016C00319000,319.0,normalDay
2020-09-04,3715.0,2251.0,0.0,100,342.57,292.5,0,0.0,0.0,,0.0,1,0.28,27.84,SPY201016C00319000,319.0,normalDay
2020-09-08,3715.0,2070.0,0.0,100,333.21,292.5,0,0.0,0.0,,0.0,1,0.28,20.29,SPY201016C00319000,319.0,normalDay
2020-09-09,3715.0,2321.0,0.0,100,339.79,292.5,0,0.0,0.0,,0.0,1,0.28,24.36,SPY201016C00319000,319.0,normalDay
2020-09-10,3715.0,2165.0,0.0,100,333.89,292.5,0,0.0,0.0,,0.0,1,0.28,20.02,SPY201016C00319000,319.0,normalDay
2020-09-11,3715.0,2315.0,0.0,100,334.06,292.5,0,0.0,0.0,,0.0,1,0.28,18.69,SPY201016C00319000,319.0,normalDay
2020-09-14,3715.0,2397.0,0.0,100,338.46,292.5,0,0.0,0.0,,0.0,1,0.28,22.27,SPY201016C00319000,319.0,normalDay
2020-09-15,3715.0,2422.0,0.0,100,340.17,292.5,0,0.0,0.0,,0.0,1,0.28,23.73,SPY201016C00319000,319.0,normalDay
2020-09-16,3715.0,2448.0,0.0,100,338.82,292.5,0,0.0,0.0,,0.0,1,0.28,22.12,SPY201016C00319000,319.0,normalDay
2020-09-17,3715.0,2383.0,0.0,100,335.84,292.5,0,0.0,0.0,,0.0,1,0.28,19.79,SPY201016C00319000,319.0,normalDay
2020-09-18,3715.0,2225.0,0.0,100,330.65,292.5,0,0.0,0.0,,0.0,1,0.28,16.18,SPY201016C00319000,319.0,normalDay
2020-09-21,3715.0,2093.0,0.0,100,326.97,292.5,0,0.0,0.0,,0.0,1,0.28,13.82,SPY201016C00319000,319.0,normalDay
2020-09-22,3715.0,2266.0,0.0,100,330.3,292.5,0,0.0,0.0,,0.0,1,0.28,15.42,SPY201016C00319000,319.0,normalDay
2020-09-23,3715.0,1991.0,0.0,100,322.64,292.5,0,0.0,0.0,,0.0,1,0.28,10.51,SPY201016C00319000,319.0,normalDay
2020-09-24,3715.0,2036.0,0.0,100,323.5,292.5,0,0.0,0.0,,0.0,1,0.28,10.92,SPY201016C00319000,319.0,normalDay
2020-09-25,3715.0,2282.0,0.0,100,328.73,292.5,0,0.0,0.0,,0.0,1,0.28,13.69,SPY201016C00319000,319.0,normalDay
2020-09-28,3715.0,2419.0,0.0,100,334.19,292.5,0,0.0,0.0,,0.0,1,0.28,17.78,SPY201016C00319000,319.0,normalDay
2020-09-29,3715.0,2328.0,0.0,100,332.37,292.5,0,0.0,0.0,,0.0,1,0.28,16.87,SPY201016C00319000,319.0,normalDay
2020-09-30,3715.0,2548.0,0.0,100,334.89,292.5,0,0.0,0.0,,0.0,1,0.28,17.19,SPY201016C00319000,319.0,normalDay
2020-10-01,3715.0,2491.0,0.0,100,337.04,292.5,0,0.0,0.0,,0.0,1,0.28,19.91,SPY201016C00319000,319.0,normalDay
2020-10-02,3715.0,2468.0,0.0,100,333.84,292.5,0,0.0,0.0,,0.0,1,0.28,16.94,SPY201016C00319000,319.0,normalDay
2020-10-05,3715.0,2622.0,0.0,100,339.76,292.5,0,0.0,0.0,,0.0,1,0.28,21.32,SPY201016C00319000,319.0,normalDay
2020-10-06,3715.0,2519.0,0.0,100,334.93,292.5,0,0.0,0.0,,0.0,1,0.28,17.52,SPY201016C00319000,319.0,normalDay
2020-10-07,3715.0,2629.0,0.0,100,340.76,292.5,0,0.0,0.0,,0.0,1,0.28,22.25,SPY201016C00319000,319.0,normalDay
2020-10-08,3715.0,2667.0,0.0,100,343.78,292.5,0,0.0,0.0,,0.0,1,0.28,24.89,SPY201016C00319000,319.0,normalDay
2020-10-09,3715.0,2638.0,0.0,100,346.85,292.5,0,0.0,0.0,,0.0,1,0.28,28.25,SPY201016C00319000,319.0,normalDay
2020-10-12,3715.0,2662.0,0.0,100,352.43,292.5,0,0.0,0.0,,0.0,1,0.28,33.59,SPY201016C00319000,319.0,normalDay
2020-10-13,3715.0,2647.0,0.0,100,350.13,292.5,0,0.0,0.0,,0.0,1,0.28,31.44,SPY201016C00319000,319.0,normalDay
2020-10-14,3715.0,2657.0,0.0,100,347.93,292.5,0,0.0,0.0,,0.0,1,0.28,29.14,SPY201016C00319000,319.0,normalDay
2020-10-15,3715.0,2644.0,0.0,100,347.5,292.5,0,0.0,0.0,,0.0,1,0.28,28.84,SPY201016C00319000,319.0,normalDay
2020-10-16,6393.0,2644.0,2678.0,0,347.29,0.0,0,0.0,0.0,,0.0,1,0.28,0.0,SPY201016C00319000,319.0,expirationDay
2020-10-19,6393.0,-3.0,0.0,0,342.01,0.0,1,0.22,0.25,SPY201030P00306000,306.0,0,0.0,0.0,,0.0,normalDay
2020-10-20,6393.0,4.0,0.0,0,343.38,0.0,1,0.22,0.18,SPY201030P00306000,306.0,0,0.0,0.0,,0.0,normalDay
2020-10-21,6393.0,10.0,0.0,0,342.73,0.0,1,0.22,0.12,SPY201030P00306000,306.0,0,0.0,0.0,,0.0,normalDay
2020-10-22,6393.0,15.0,0.0,0,344.61,0.0,1,0.22,0.07,SPY201030P00306000,306.0,0,0.0,0.0,,0.0,normalDay
2020-10-23,6393.0,17.0,0.0,0,345.78,0.0,1,0.22,0.05,SPY201030P00306000,306.0,0,0.0,0.0,,0.0,normalDay
2020-10-26,6393.0,12.0,0.0,0,339.39,0.0,1,0.22,0.1,SPY201030P00306000,306.0,0,0.0,0.0,,0.0,normalDay
2020-10-27,6393.0,17.0,0.0,0,338.22,0.0,1,0.22,0.05,SPY201030P00306000,306.0,0,0.0,0.0,,0.0,normalDay
2020-10-28,6393.0,-10.0,0.0,0,326.66,0.0,1,0.22,0.32,SPY201030P00306000,306.0,0,0.0,0.0,,0.0,normalDay
2020-10-29,6393.0,19.0,0.0,0,329.98,0.0,1,0.22,0.03,SPY201030P00306000,306.0,0,0.0,0.0,,0.0,normalDay
2020-10-30,6415.0,0.0,22.0,0,326.54,0.0,1,0.22,0.0,SPY201030P00306000,306.0,0,0.0,0.0,,0.0,expirationDay
2020-11-02,6415.0,-7.0,0.0,0,330.2,0.0,1,3.43,3.5,SPY201113P00312500,312.5,0,0.0,0.0,,0.0,normalDay
2020-11-03,6415.0,102.0,0.0,0,336.03,0.0,1,3.43,2.41,SPY201113P00312500,312.5,0,0.0,0.0,,0.0,normalDay
2020-11-04,6415.0,273.0,0.0,0,343.54,0.0,1,3.43,0.7,SPY201113P00312500,312.5,0,0.0,0.0,,0.0,normalDay
2020-11-05,6415.0,308.0,0.0,0,350.24,0.0,1,3.43,0.35,SPY201113P00312500,312.5,0,0.0,0.0,,0.0,normalDay
2020-11-06,6415.0,330.0,0.0,0,350.16,0.0,1,3.43,0.13,SPY201113P00312500,312.5,0,0.0,0.0,,0.0,normalDay
2020-11-09,6415.0,334.0,0.0,0,354.56,0.0,1,3.43,0.09,SPY201113P00312500,312.5,0,0.0,0.0,,0.0,normalDay
2020-11-10,6415.0,340.0,0.0,0,354.04,0.0,1,3.43,0.03,SPY201113P00312500,312.5,0,0.0,0.0,,0.0,normalDay
2020-11-11,6415.0,341.0,0.0,0,356.67,0.0,1,3.43,0.02,SPY201113P00312500,312.5,0,0.0,0.0,,0.0,normalDay
2020-11-12,6415.0,342.0,0.0,0,353.21,0.0,1,3.43,0.01,SPY201113P00312500,312.5,0,0.0,0.0,,0.0,normalDay
2020-11-13,6758.0,0.0,343.0,0,358.1,0.0,1,3.43,0.0,SPY201113P00312500,312.5,0,0.0,0.0,,0.0,expirationDay
2020-11-16,6758.0,-3.0,0.0,0,362.57,0.0,1,0.06,0.09,SPY201127P00305000,305.0,0,0.0,0.0,,0.0,normalDay
2020-11-17,6758.0,0.0,0.0,0,360.62,0.0,1,0.06,0.06,SPY201127P00305000,305.0,0,0.0,0.0,,0.0,normalDay
2020-11-18,6758.0,-2.0,0.0,0,356.28,0.0,1,0.06,0.08,SPY201127P00305000,305.0,0,0.0,0.0,,0.0,normalDay
2020-11-19,6758.0,0.0,0.0,0,357.78,0.0,1,0.06,0.06,SPY201127P00305000,305.0,0,0.0,0.0,,0.0,normalDay
2020-11-20,6758.0,3.0,0.0,0,355.33,0.0,1,0.06,0.03,SPY201127P00305000,305.0,0,0.0,0.0,,0.0,normalDay
2020-11-23,6758.0,4.0,0.0,0,357.46,0.0,1,0.06,0.02,SPY201127P00305000,305.0,0,0.0,0.0,,0.0,normalDay
2020-11-24,6758.0,5.0,0.0,0,363.22,0.0,1,0.06,0.01,SPY201127P00305000,305.0,0,0.0,0.0,,0.0,normalDay
2020-11-25,6758.0,5.0,0.0,0,362.66,0.0,1,0.06,0.01,SPY201127P00305000,305.0,0,0.0,0.0,,0.0,normalDay
2020-11-27,6764.0,0.0,6.0,0,363.67,0.0,1,0.06,0.0,SPY201127P00305000,305.0,0,0.0,0.0,,0.0,expirationDay
2020-11-30,6764.0,-3.0,0.0,0,362.06,0.0,1,0.15,0.18,SPY201211P00321000,321.0,0,0.0,0.0,,0.0,normalDay
2020-12-01,6764.0,0.0,0.0,0,366.02,0.0,1,0.15,0.15,SPY201211P00321000,321.0,0,0.0,0.0,,0.0,normalDay
2020-12-02,6764.0,2.0,0.0,0,366.79,0.0,1,0.15,0.13,SPY201211P00321000,321.0,0,0.0,0.0,,0.0,normalDay
2020-12-03,6764.0,3.0,0.0,0,366.69,0.0,1,0.15,0.12,SPY201211P00321000,321.0,0,0.0,0.0,,0.0,normalDay
2020-12-04,6764.0,9.0,0.0,0,369.85,0.0,1,0.15,0.06,SPY201211P00321000,321.0,0,0.0,0.0,,0.0,normalDay
2020-12-07,6764.0,12.0,0.0,0,369.09,0.0,1,0.15,0.03,SPY201211P00321000,321.0,0,0.0,0.0,,0.0,normalDay
2020-12-08,6764.0,13.0,0.0,0,370.17,0.0,1,0.15,0.02,SPY201211P00321000,321.0,0,0.0,0.0,,0.0,normalDay
2020-12-09,6764.0,12.0,0.0,0,366.85,0.0,1,0.15,0.03,SPY201211P00321000,321.0,0,0.0,0.0,,0.0,normalDay
2020-12-10,6764.0,14.0,0.0,0,366.73,0.0,1,0.15,0.01,SPY201211P00321000,321.0,0,0.0,0.0,,0.0,normalDay
2020-12-11,6779.0,0.0,15.0,0,366.3,0.0,1,0.15,0.0,SPY201211P00321000,321.0,0,0.0,0.0,,0.0,expirationDay
2020-12-14,6779.0,-4.0,0.0,0,364.66,0.0,1,1.11,1.15,SPY201224P00347000,347.0,0,0.0,0.0,,0.0,normalDay
2020-12-15,6779.0,51.0,0.0,0,369.59,0.0,1,1.11,0.6,SPY201224P00347000,347.0,0,0.0,0.0,,0.0,normalDay
2020-12-16,6779.0,72.0,0.0,0,370.17,0.0,1,1.11,0.39,SPY201224P00347000,347.0,0,0.0,0.0,,0.0,normalDay
2020-12-17,6779.0,82.0,0.0,0,372.24,0.0,1,1.11,0.29,SPY201224P00347000,347.0,0,0.0,0.0,,0.0,normalDay
2020-12-18,6779.0,99.0,0.0,0,369.18,0.0,1,1.11,0.12,SPY201224P00347000,347.0,0,0.0,0.0,,0.0,normalDay
2020-12-21,6779.0,101.0,0.0,0,367.86,0.0,1,1.11,0.1,SPY201224P00347000,347.0,0,0.0,0.0,,0.0,normalDay
2020-12-22,6779.0,108.0,0.0,0,367.24,0.0,1,1.11,0.03,SPY201224P00347000,347.0,0,0.0,0.0,,0.0,normalDay
2020-12-23,6779.0,109.0,0.0,0,367.57,0.0,1,1.11,0.02,SPY201224P00347000,347.0,0,0.0,0.0,,0.0,normalDay
2020-12-24,6890.0,0.0,111.0,0,369.0,0.0,1,1.11,0.0,SPY201224P00347000,347.0,0,0.0,0.0,,0.0,expirationDay
2020-12-28,6890.0,-4.0,0.0,0,372.17,0.0,1,1.33,1.37,SPY210108P00359000,359.0,0,0.0,0.0,,0.0,normalDay
2020-12-29,6890.0,-19.0,0.0,0,371.46,0.0,1,1.33,1.52,SPY210108P00359000,359.0,0,0.0,0.0,,0.0,normalDay
2020-12-30,6890.0,6.0,0.0,0,371.99,0.0,1,1.33,1.27,SPY210108P00359000,359.0,0,0.0,0.0,,0.0,normalDay
2020-12-31,6890.0,53.0,0.0,0,373.88,0.0,1,1.33,0.8,SPY210108P00359000,359.0,0,0.0,0.0,,0.0,normalDay
2021-01-04,6890.0,-17.0,0.0,0,368.79,0.0,1,1.33,1.5,SPY210108P00359000,359.0,0,0.0,0.0,,0.0,normalDay
2021-01-05,6890.0,59.0,0.0,0,371.33,0.0,1,1.33,0.74,SPY210108P00359000,359.0,0,0.0,0.0,,0.0,normalDay
2021-01-06,6890.0,96.0,0.0,0,373.55,0.0,1,1.33,0.37,SPY210108P00359000,359.0,0,0.0,0.0,,0.0,normalDay
2021-01-07,6890.0,130.0,0.0,0,379.1,0.0,1,1.33,0.03,SPY210108P00359000,359.0,0,0.0,0.0,,0.0,normalDay
2021-01-08,7023.0,0.0,133.0,0,381.26,0.0,1,1.33,0.0,SPY210108P00359000,359.0,0,0.0,0.0,,0.0,expirationDay
2021-01-11,7023.0,-3.0,0.0,0,378.69,0.0,1,0.78,0.81,SPY210122P00355000,355.0,0,0.0,0.0,,0.0,normalDay
2021-01-12,7023.0,12.0,0.0,0,378.77,0.0,1,0.78,0.66,SPY210122P00355000,355.0,0,0.0,0.0,,0.0,normalDay
2021-01-13,7023.0,38.0,0.0,0,379.79,0.0,1,0.78,0.4,SPY210122P00355000,355.0,0,0.0,0.0,,0.0,normalDay
2021-01-14,7023.0,30.0,0.0,0,378.46,0.0,1,0.78,0.48,SPY210122P00355000,355.0,0,0.0,0.0,,0.0,normalDay
2021-01-15,7023.0,30.0,0.0,0,375.7,0.0,1,0.78,0.48,SPY210122P00355000,355.0,0,0.0,0.0,,0.0,normalDay
2021-01-19,7023.0,68.0,0.0,0,378.65,0.0,1,0.78,0.1,SPY210122P00355000,355.0,0,0.0,0.0,,0.0,normalDay
2021-01-20,7023.0,74.0,0.0,0,383.89,0.0,1,0.78,0.04,SPY210122P00355000,355.0,0,0.0,0.0,,0.0,normalDay
2021-01-21,7023.0,76.0,0.0,0,384.24,0.0,1,0.78,0.02,SPY210122P00355000,355.0,0,0.0,0.0,,0.0,normalDay
2021-01-22,7101.0,0.0,78.0,0,382.88,0.0,1,0.78,0.0,SPY210122P00355000,355.0,0,0.0,0.0,,0.0,expirationDay
2021-01-25,7101.0,-4.0,0.0,0,384.39,0.0,1,0.63,0.67,SPY210205P00358000,358.0,0,0.0,0.0,,0.0,normalDay
2021-01-26,7101.0,8.0,0.0,0,383.79,0.0,1,0.63,0.55,SPY210205P00358000,358.0,0,0.0,0.0,,0.0,normalDay
2021-01-27,7101.0,-229.0,0.0,0,374.41,0.0,1,0.63,2.92,SPY210205P00358000,358.0,0,0.0,0.0,,0.0,normalDay
2021-01-28,7101.0,-85.0,0.0,0,377.63,0.0,1,0.63,1.48,SPY210205P00358000,358.0,0,0.0,0.0,,0.0,normalDay
2021-01-29,7101.0,-238.0,0.0,0,370.07,0.0,1,0.63,3.01,SPY210205P00358000,358.0,0,0.0,0.0,,0.0,normalDay
2021-02-01,7101.0,-3.0,0.0,0,376.23,0.0,1,0.63,0.66,SPY210205P00358000,358.0,0,0.0,0.0,,0.0,normalDay
2021-02-02,7101.0,52.0,0.0,0,381.55,0.0,1,0.63,0.11,SPY210205P00358000,358.0,0,0.0,0.0,,0.0,normalDay
2021-02-03,7101.0,59.0,0.0,0,381.85,0.0,1,0.63,0.04,SPY210205P00358000,358.0,0,0.0,0.0,,0.0,normalDay
2021-02-04,7101.0,61.0,0.0,0,386.19,0.0,1,0.63,0.02,SPY210205P00358000,358.0,0,0.0,0.0,,0.0,normalDay
2021-02-05,7164.0,0.0,63.0,0,387.71,0.0,1,0.63,0.0,SPY210205P00358000,358.0,0,0.0,0.0,,0.0,expirationDay
2021-02-08,7164.0,-3.0,0.0,0,390.51,0.0,1,0.32,0.35,SPY210219P00363000,363.0,0,0.0,0.0,,0.0,normalDay
2021-02-09,7164.0,-1.0,0.0,0,390.25,0.0,1,0.32,0.33,SPY210219P00363000,363.0,0,0.0,0.0,,0.0,normalDay
2021-02-10,7164.0,-2.0,0.0,0,390.08,0.0,1,0.32,0.34,SPY210219P00363000,363.0,0,0.0,0.0,,0.0,normalDay
2021-02-11,7164.0,8.0,0.0,0,390.71,0.0,1,0.32,0.24,SPY210219P00363000,363.0,0,0.0,0.0,,0.0,normalDay
2021-02-12,7164.0,22.0,0.0,0,392.64,0.0,1,0.32,0.1,SPY210219P00363000,363.0,0,0.0,0.0,,0.0,normalDay
2021-02-16,7164.0,22.0,0.0,0,392.3,0.0,1,0.32,0.1,SPY210219P00363000,363.0,0,0.0,0.0,,0.0,normalDay
2021-02-17,7164.0,27.0,0.0,0,392.39,0.0,1,0.32,0.05,SPY210219P00363000,363.0,0,0.0,0.0,,0.0,normalDay
2021-02-18,7164.0,29.0,0.0,0,390.72,0.0,1,0.32,0.03,SPY210219P00363000,363.0,0,0.0,0.0,,0.0,normalDay
2021-02-19,7196.0,0.0,32.0,0,390.03,0.0,1,0.32,0.0,SPY210219P00363000,363.0,0,0.0,0.0,,0.0,expirationDay
2021-02-22,7196.0,-4.0,0.0,0,387.03,0.0,1,0.69,0.73,SPY210305P00361000,361.0,0,0.0,0.0,,0.0,normalDay
2021-02-23,7196.0,7.0,0.0,0,387.5,0.0,1,0.69,0.62,SPY210305P00361000,361.0,0,0.0,0.0,,0.0,normalDay
2021-02-24,7196.0,40.0,0.0,0,391.77,0.0,1,0.69,0.29,SPY210305P00361000,361.0,0,0.0,0.0,,0.0,normalDay
2021-02-25,7196.0,-86.0,0.0,0,382.33,0.0,1,0.69,1.55,SPY210305P00361000,361.0,0,0.0,0.0,,0.0,normalDay
2021-02-26,7196.0,-46.0,0.0,0,380.36,0.0,1,0.69,1.15,SPY210305P00361000,361.0,0,0.0,0.0,,0.0,normalDay
2021-03-01,7196.0,49.0,0.0,0,389.58,0.0,1,0.69,0.2,SPY210305P00361000,361.0,0,0.0,0.0,,0.0,normalDay
2021-03-02,7196.0,54.0,0.0,0,386.54,0.0,1,0.69,0.15,SPY210305P00361000,361.0,0,0.0,0.0,,0.0,normalDay
2021-03-03,7196.0,56.0,0.0,0,381.42,0.0,1,0.69,0.13,SPY210305P00361000,361.0,0,0.0,0.0,,0.0,normalDay
2021-03-04,7196.0,57.0,0.0,0,376.7,0.0,1,0.69,0.12,SPY210305P00361000,361.0,0,0.0,0.0,,0.0,normalDay
2021-03-05,7265.0,0.0,69.0,0,383.63,0.0,1,0.69,0.0,SPY210305P00361000,361.0,0,0.0,0.0,,0.0,expirationDay
2021-03-08,7265.0,-5.0,0.0,0,381.72,0.0,1,3.1,3.15,SPY210319P00370000,370.0,0,0.0,0.0,,0.0,normalDay
2021-03-09,7265.0,138.0,0.0,0,387.17,0.0,1,3.1,1.72,SPY210319P00370000,370.0,0,0.0,0.0,,0.0,normalDay
2021-03-10,7265.0,218.0,0.0,0,389.58,0.0,1,3.1,0.92,SPY210319P00370000,370.0,0,0.0,0.0,,0.0,normalDay
2021-03-11,7265.0,257.0,0.0,0,393.53,0.0,1,3.1,0.53,SPY210319P00370000,370.0,0,0.0,0.0,,0.0,normalDay
2021-03-12,7265.0,288.0,0.0,0,394.06,0.0,1,3.1,0.22,SPY210319P00370000,370.0,0,0.0,0.0,,0.0,normalDay
2021-03-15,7265.0,301.0,0.0,0,396.41,0.0,1,3.1,0.09,SPY210319P00370000,370.0,0,0.0,0.0,,0.0,normalDay
2021-03-16,7265.0,299.0,0.0,0,395.91,0.0,1,3.1,0.11,SPY210319P00370000,370.0,0,0.0,0.0,,0.0,normalDay
2021-03-17,7265.0,307.0,0.0,0,397.26,0.0,1,3.1,0.03,SPY210319P00370000,370.0,0,0.0,0.0,,0.0,normalDay
2021-03-18,7265.0,300.0,0.0,0,391.48,0.0,1,3.1,0.1,SPY210319P00370000,370.0,0,0.0,0.0,,0.0,normalDay
2021-03-19,7575.0,0.0,310.0,0,389.48,0.0,1,3.1,0.0,SPY210319P00370000,370.0,0,0.0,0.0,,0.0,expirationDay
2021-03-22,7575.0,-3.0,0.0,0,392.59,0.0,1,0.32,0.35,SPY210401P00367000,367.0,0,0.0,0.0,,0.0,normalDay
2021-03-23,7575.0,-21.0,0.0,0,389.5,0.0,1,0.32,0.53,SPY210401P00367000,367.0,0,0.0,0.0,,0.0,normalDay
2021-03-24,7575.0,-24.0,0.0,0,387.52,0.0,1,0.32,0.56,SPY210401P00367000,367.0,0,0.0,0.0,,0.0,normalDay
2021-03-25,7575.0,5.0,0.0,0,389.7,0.0,1,0.32,0.27,SPY210401P00367000,367.0,0,0.0,0.0,,0.0,normalDay
2021-03-26,7575.0,21.0,0.0,0,395.98,0.0,1,0.32,0.11,SPY210401P00367000,367.0,0,0.0,0.0,,0.0,normalDay
2021-03-29,7575.0,25.0,0.0,0,395.78,0.0,1,0.32,0.07,SPY210401P00367000,367.0,0,0.0,0.0,,0.0,normalDay
2021-03-30,7575.0,29.0,0.0,0,394.73,0.0,1,0.32,0.03,SPY210401P00367000,367.0,0,0.0,0.0,,0.0,normalDay
2021-03-31,7575.0,31.0,0.0,0,396.33,0.0,1,0.32,0.01,SPY210401P00367000,367.0,0,0.0,0.0,,0.0,normalDay
2021-04-01,7607.0,0.0,32.0,0,400.61,0.0,1,0.32,0.0,SPY210401P00367000,367.0,0,0.0,0.0,,0.0,expirationDay
2021-04-05,7607.0,-3.0,0.0,0,406.36,0.0,1,0.21,0.24,SPY210416P00373000,373.0,0,0.0,0.0,,0.0,normalDay
2021-04-06,7607.0,-2.0,0.0,0,406.12,0.0,1,0.21,0.23,SPY210416P00373000,373.0,0,0.0,0.0,,0.0,normalDay
2021-04-07,7607.0,8.0,0.0,0,406.59,0.0,1,0.21,0.13,SPY210416P00373000,373.0,0,0.0,0.0,,0.0,normalDay
2021-04-08,7607.0,11.0,0.0,0,408.52,0.0,1,0.21,0.1,SPY210416P00373000,373.0,0,0.0,0.0,,0.0,normalDay
2021-04-09,7607.0,16.0,0.0,0,411.49,0.0,1,0.21,0.05,SPY210416P00373000,373.0,0,0.0,0.0,,0.0,normalDay
2021-04-12,7607.0,18.0,0.0,0,411.64,0.0,1,0.21,0.03,SPY210416P00373000,373.0,0,0.0,0.0,,0.0,normalDay
2021-04-13,7607.0,19.0,0.0,0,412.86,0.0,1,0.21,0.02,SPY210416P00373000,373.0,0,0.0,0.0,,0.0,normalDay
2021-04-14,7607.0,19.0,0.0,0,411.45,0.0,1,0.21,0.02,SPY210416P00373000,373.0,0,0.0,0.0,,0.0,normalDay
2021-04-15,7607.0,20.0,0.0,0,415.87,0.0,1,0.21,0.01,SPY210416P00373000,373.0,0,0.0,0.0,,0.0,normalDay
2021-04-16,7628.0,0.0,21.0,0,417.26,0.0,1,0.21,0.0,SPY210416P00373000,373.0,0,0.0,0.0,,0.0,expirationDay
2021-04-19,7628.0,-3.0,0.0,0,415.21,0.0,1,0.06,0.09,SPY210430P00367500,367.5,0,0.0,0.0,,0.0,normalDay
2021-04-20,7628.0,-7.0,0.0,0,412.17,0.0,1,0.06,0.13,SPY210430P00367500,367.5,0,0.0,0.0,,0.0,normalDay
2021-04-21,7628.0,1.0,0.0,0,416.07,0.0,1,0.06,0.05,SPY210430P00367500,367.5,0,0.0,0.0,,0.0,normalDay
2021-04-22,7628.0,-2.0,0.0,0,412.27,0.0,1,0.06,0.08,SPY210430P00367500,367.5,0,0.0,0.0,,0.0,normalDay
2021-04-23,7628.0,2.0,0.0,0,416.74,0.0,1,0.06,0.04,SPY210430P00367500,367.5,0,0.0,0.0,,0.0,normalDay
2021-04-26,7628.0,4.0,0.0,0,417.61,0.0,1,0.06,0.02,SPY210430P00367500,367.5,0,0.0,0.0,,0.0,normalDay
2021-04-27,7628.0,4.0,0.0,0,417.52,0.0,1,0.06,0.02,SPY210430P00367500,367.5,0,0.0,0.0,,0.0,normalDay
2021-04-28,7628.0,5.0,0.0,0,417.4,0.0,1,0.06,0.01,SPY210430P00367500,367.5,0,0.0,0.0,,0.0,normalDay
2021-04-29,7628.0,5.0,0.0,0,420.06,0.0,1,0.06,0.01,SPY210430P00367500,367.5,0,0.0,0.0,,0.0,normalDay
2021-04-30,7634.0,0.0,6.0,0,417.3,0.0,1,0.06,0.0,SPY210430P00367500,367.5,0,0.0,0.0,,0.0,expirationDay
2021-05-03,7634.0,-3.0,0.0,0,418.2,0.0,1,0.65,0.68,SPY210514P00399000,399.0,0,0.0,0.0,,0.0,normalDay
2021-05-04,7634.0,-27.0,0.0,0,415.62,0.0,1,0.65,0.92,SPY210514P00399000,399.0,0,0.0,0.0,,0.0,normalDay
2021-05-05,7634.0,-15.0,0.0,0,415.75,0.0,1,0.65,0.8,SPY210514P00399000,399.0,0,0.0,0.0,,0.0,normalDay
2021-05-06,7634.0,25.0,0.0,0,419.07,0.0,1,0.65,0.4,SPY210514P00399000,399.0,0,0.0,0.0,,0.0,normalDay
2021-05-07,7634.0,43.0,0.0,0,422.12,0.0,1,0.65,0.22,SPY210514P00399000,399.0,0,0.0,0.0,,0.0,normalDay
2021-05-10,7634.0,34.0,0.0,0,417.94,0.0,1,0.65,0.31,SPY210514P00399000,399.0,0,0.0,0.0,,0.0,normalDay
2021-05-11,7634.0,28.0,0.0,0,414.21,0.0,1,0.65,0.37,SPY210514P00399000,399.0,0,0.0,0.0,,0.0,normalDay
2021-05-12,7634.0,-79.0,0.0,0,405.41,0.0,1,0.65,1.44,SPY210514P00399000,399.0,0,0.0,0.0,,0.0,normalDay
2021-05-13,7634.0,55.0,0.0,0,410.28,0.0,1,0.65,0.1,SPY210514P00399000,399.0,0,0.0,0.0,,0.0,normalDay
2021-05-14,7699.0,0.0,65.0,0,416.58,0.0,1,0.65,0.0,SPY210514P00399000,399.0,0,0.0,0.0,,0.0,expirationDay
2021-05-17,7699.0,-4.0,0.0,0,415.52,0.0,1,1.61,1.65,SPY210528P00402500,402.5,0,0.0,0.0,,0.0,normalDay
2021-05-18,7699.0,-75.0,0.0,0,411.94,0.0,1,1.61,2.36,SPY210528P00402500,402.5,0,0.0,0.0,,0.0,normalDay
2021-05-19,7699.0,-78.0,0.0,0,410.86,0.0,1,1.61,2.39,SPY210528P00402500,402.5,0,0.0,0.0,,0.0,normalDay
2021-05-20,7699.0,39.0,0.0,0,415.28,0.0,1,1.61,1.22,SPY210528P00402500,402.5,0,0.0,0.0,,0.0,normalDay
2021-05-21,7699.0,73.0,0.0,0,414.94,0.0,1,1.61,0.88,SPY210528P00402500,402.5,0,0.0,0.0,,0.0,normalDay
2021-05-24,7699.0,145.0,0.0,0,419.17,0.0,1,1.61,0.16,SPY210528P00402500,402.5,0,0.0,0.0,,0.0,normalDay
2021-05-25,7699.0,146.0,0.0,0,418.24,0.0,1,1.61,0.15,SPY210528P00402500,402.5,0,0.0,0.0,,0.0,normalDay
2021-05-26,7699.0,154.0,0.0,0,419.07,0.0,1,1.61,0.07,SPY210528P00402500,402.5,0,0.0,0.0,,0.0,normalDay
2021-05-27,7699.0,158.0,0.0,0,419.29,0.0,1,1.61,0.03,SPY210528P00402500,402.5,0,0.0,0.0,,0.0,normalDay
2021-05-28,7860.0,0.0,161.0,0,420.04,0.0,1,1.61,0.0,SPY210528P00402500,402.5,0,0.0,0.0,,0.0,expirationDay
2021-06-01,7860.0,-3.0,0.0,0,419.67,0.0,1,0.53,0.56,SPY210611P00401000,401.0,0,0.0,0.0,,0.0,normalDay
2021-06-02,7860.0,19.0,0.0,0,420.33,0.0,1,0.53,0.34,SPY210611P00401000,401.0,0,0.0,0.0,,0.0,normalDay
2021-06-03,7860.0,14.0,0.0,0,418.77,0.0,1,0.53,0.39,SPY210611P00401000,401.0,0,0.0,0.0,,0.0,normalDay
2021-06-04,7860.0,40.0,0.0,0,422.6,0.0,1,0.53,0.13,SPY210611P00401000,401.0,0,0.0,0.0,,0.0,normalDay
2021-06-07,7860.0,46.0,0.0,0,422.19,0.0,1,0.53,0.07,SPY210611P00401000,401.0,0,0.0,0.0,,0.0,normalDay
2021-06-08,7860.0,45.0,0.0,0,422.28,0.0,1,0.53,0.08,SPY210611P00401000,401.0,0,0.0,0.0,,0.0,normalDay
2021-06-09,7860.0,43.0,0.0,0,421.65,0.0,1,0.53,0.1,SPY210611P00401000,401.0,0,0.0,0.0,,0.0,normalDay
2021-06-10,7860.0,51.0,0.0,0,423.61,0.0,1,0.53,0.02,SPY210611P00401000,401.0,0,0.0,0.0,,0.0,normalDay
2021-06-11,7913.0,0.0,53.0,0,424.31,0.0,1,0.53,0.0,SPY210611P00401000,401.0,0,0.0,0.0,,0.0,expirationDay
2021-06-14,7913.0,-3.0,0.0,0,425.26,0.0,1,0.59,0.62,SPY210625P00405000,405.0,0,0.0,0.0,,0.0,normalDay
2021-06-15,7913.0,-10.0,0.0,0,424.48,0.0,1,0.59,0.69,SPY210625P00405000,405.0,0,0.0,0.0,,0.0,normalDay
2021-06-16,7913.0,-36.0,0.0,0,422.11,0.0,1,0.59,0.95,SPY210625P00405000,405.0,0,0.0,0.0,,0.0,normalDay
2021-06-17,7913.0,-7.0,0.0,0,421.97,0.0,1,0.59,0.66,SPY210625P00405000,405.0,0,0.0,0.0,,0.0,normalDay
2021-06-18,7913.0,-87.0,0.0,0,414.92,0.0,1,0.59,1.46,SPY210625P00405000,405.0,0,0.0,0.0,,0.0,normalDay
2021-06-21,7913.0,32.0,0.0,0,420.86,0.0,1,0.59,0.27,SPY210625P00405000,405.0,0,0.0,0.0,,0.0,normalDay
2021-06-22,7913.0,49.0,0.0,0,423.11,0.0,1,0.59,0.1,SPY210625P00405000,405.0,0,0.0,0.0,,0.0,normalDay
2021-06-23,7913.0,54.0,0.0,0,422.6,0.0,1,0.59,0.05,SPY210625P00405000,405.0,0,0.0,0.0,,0.0,normalDay
2021-06-24,7913.0,57.0,0.0,0,425.1,0.0,1,0.59,0.02,SPY210625P00405000,405.0,0,0.0,0.0,,0.0,normalDay
2021-06-25,7972.0,0.0,59.0,0,426.61,0.0,1,0.59,0.0,SPY210625P00405000,405.0,0,0.0,0.0,,0.0,expirationDay
2021-06-28,7972.0,-3.0,0.0,0,427.47,0.0,1,0.48,0.51,SPY210709P00412000,412.0,0,0.0,0.0,,0.0,normalDay
2021-06-29,7972.0,3.0,0.0,0,427.7,0.0,1,0.48,0.45,SPY210709P00412000,412.0,0,0.0,0.0,,0.0,normalDay
2021-06-30,7972.0,19.0,0.0,0,428.06,0.0,1,0.48,0.29,SPY210709P00412000,412.0,0,0.0,0.0,,0.0,normalDay
2021-07-01,7972.0,26.0,0.0,0,430.43,0.0,1,0.48,0.22,SPY210709P00412000,412.0,0,0.0,0.0,,0.0,normalDay
2021-07-02,7972.0,40.0,0.0,0,433.72,0.0,1,0.48,0.08,SPY210709P00412000,412.0,0,0.0,0.0,,0.0,normalDay
2021-07-06,7972.0,44.0,0.0,0,432.93,0.0,1,0.48,0.04,SPY210709P00412000,412.0,0,0.0,0.0,,0.0,normalDay
2021-07-07,7972.0,46.0,0.0,0,434.46,0.0,1,0.48,0.02,SPY210709P00412000,412.0,0,0.0,0.0,,0.0,normalDay
2021-07-08,7972.0,46.0,0.0,0,430.92,0.0,1,0.48,0.02,SPY210709P00412000,412.0,0,0.0,0.0,,0.0,normalDay
2021-07-09,8020.0,0.0,48.0,0,435.52,0.0,1,0.48,0.0,SPY210709P00412000,412.0,0,0.0,0.0,,0.0,expirationDay
2021-07-12,8020.0,-3.0,0.0,0,437.08,0.0,1,0.23,0.26,SPY210723P00406000,406.0,0,0.0,0.0,,0.0,normalDay
2021-07-13,8020.0,-8.0,0.0,0,435.59,0.0,1,0.23,0.31,SPY210723P00406000,406.0,0,0.0,0.0,,0.0,normalDay
2021-07-14,8020.0,5.0,0.0,0,436.24,0.0,1,0.23,0.18,SPY210723P00406000,406.0,0,0.0,0.0,,0.0,normalDay
2021-07-15,8020.0,3.0,0.0,0,434.75,0.0,1,0.23,0.2,SPY210723P00406000,406.0,0,0.0,0.0,,0.0,normalDay
2021-07-16,8020.0,2.0,0.0,0,431.34,0.0,1,0.23,0.21,SPY210723P00406000,406.0,0,0.0,0.0,,0.0,normalDay
2021-07-19,8020.0,-17.0,0.0,0,424.97,0.0,1,0.23,0.4,SPY210723P00406000,406.0,0,0.0,0.0,,0.0,normalDay
2021-07-20,8020.0,15.0,0.0,0,431.06,0.0,1,0.23,0.08,SPY210723P00406000,406.0,0,0.0,0.0,,0.0,normalDay
2021-07-21,8020.0,21.0,0.0,0,434.55,0.0,1,0.23,0.02,SPY210723P00406000,406.0,0,0.0,0.0,,0.0,normalDay
2021-07-22,8020.0,22.0,0.0,0,435.46,0.0,1,0.23,0.01,SPY210723P00406000,406.0,0,0.0,0.0,,0.0,normalDay
2021-07-23,8043.0,0.0,23.0,0,439.94,0.0,1,0.23,0.0,SPY210723P00406000,406.0,0,0.0,0.0,,0.0,expirationDay
2021-07-26,8043.0,-3.0,0.0,0,441.02,0.0,1,0.38,0.41,SPY210806P00417500,417.5,0,0.0,0.0,,0.0,normalDay
2021-07-27,8043.0,-36.0,0.0,0,439.01,0.0,1,0.38,0.74,SPY210806P00417500,417.5,0,0.0,0.0,,0.0,normalDay
2021-07-28,8043.0,-6.0,0.0,0,438.83,0.0,1,0.38,0.44,SPY210806P00417500,417.5,0,0.0,0.0,,0.0,normalDay
2021-07-29,8043.0,16.0,0.0,0,440.65,0.0,1,0.38,0.22,SPY210806P00417500,417.5,0,0.0,0.0,,0.0,normalDay
2021-07-30,8043.0,16.0,0.0,0,438.51,0.0,1,0.38,0.22,SPY210806P00417500,417.5,0,0.0,0.0,,0.0,normalDay
2021-08-02,8043.0,26.0,0.0,0,437.59,0.0,1,0.38,0.12,SPY210806P00417500,417.5,0,0.0,0.0,,0.0,normalDay
2021-08-03,8043.0,34.0,0.0,0,441.15,0.0,1,0.38,0.04,SPY210806P00417500,417.5,0,0.0,0.0,,0.0,normalDay
2021-08-04,8043.0,35.0,0.0,0,438.98,0.0,1,0.38,0.03,SPY210806P00417500,417.5,0,0.0,0.0,,0.0,normalDay
2021-08-05,8043.0,37.0,0.0,0,441.76,0.0,1,0.38,0.01,SPY210806P00417500,417.5,0,0.0,0.0,,0.0,normalDay
2021-08-06,8081.0,0.0,38.0,0,442.49,0.0,1,0.38,0.0,SPY210806P00417500,417.5,0,0.0,0.0,,0.0,expirationDay
2021-08-09,8081.0,-3.0,0.0,0,442.13,0.0,1,0.41,0.44,SPY210820P00421000,421.0,0,0.0,0.0,,0.0,normalDay
2021-08-10,8081.0,-3.0,0.0,0,442.68,0.0,1,0.41,0.44,SPY210820P00421000,421.0,0,0.0,0.0,,0.0,normalDay
2021-08-11,8081.0,18.0,0.0,0,443.78,0.0,1,0.41,0.23,SPY210820P00421000,421.0,0,0.0,0.0,,0.0,normalDay
2021-08-12,8081.0,24.0,0.0,0,445.11,0.0,1,0.41,0.17,SPY210820P00421000,421.0,0,0.0,0.0,,0.0,normalDay
2021-08-13,8081.0,28.0,0.0,0,445.92,0.0,1,0.41,0.13,SPY210820P00421000,421.0,0,0.0,0.0,,0.0,normalDay
2021-08-16,8081.0,32.0,0.0,0,446.97,0.0,1,0.41,0.09,SPY210820P00421000,421.0,0,0.0,0.0,,0.0,normalDay
2021-08-17,8081.0,28.0,0.0,0,444.04,0.0,1,0.41,0.13,SPY210820P00421000,421.0,0,0.0,0.0,,0.0,normalDay
2021-08-18,8081.0,8.0,0.0,0,439.18,0.0,1,0.41,0.33,SPY210820P00421000,421.0,0,0.0,0.0,,0.0,normalDay
2021-08-19,8081.0,33.0,0.0,0,439.86,0.0,1,0.41,0.08,SPY210820P00421000,421.0,0,0.0,0.0,,0.0,normalDay
2021-08-20,8122.0,0.0,41.0,0,443.36,0.0,1,0.41,0.0,SPY210820P00421000,421.0,0,0.0,0.0,,0.0,expirationDay
2021-08-23,8122.0,-3.0,0.0,0,447.26,0.0,1,0.76,0.79,SPY210903P00431000,431.0,0,0.0,0.0,,0.0,normalDay
2021-08-24,8122.0,8.0,0.0,0,447.97,0.0,1,0.76,0.68,SPY210903P00431000,431.0,0,0.0,0.0,,0.0,normalDay
2021-08-25,8122.0,29.0,0.0,0,448.91,0.0,1,0.76,0.47,SPY210903P00431000,431.0,0,0.0,0.0,,0.0,normalDay
2021-08-26,8122.0,-14.0,0.0,0,446.26,0.0,1,0.76,0.9,SPY210903P00431000,431.0,0,0.0,0.0,,0.0,normalDay
2021-08-27,8122.0,51.0,0.0,0,450.25,0.0,1,0.76,0.25,SPY210903P00431000,431.0,0,0.0,0.0,,0.0,normalDay
2021-08-30,8122.0,68.0,0.0,0,452.23,0.0,1,0.76,0.08,SPY210903P00431000,431.0,0,0.0,0.0,,0.0,normalDay
2021-08-31,8122.0,68.0,0.0,0,451.56,0.0,1,0.76,0.08,SPY210903P00431000,431.0,0,0.0,0.0,,0.0,normalDay
2021-09-01,8122.0,72.0,0.0,0,451.8,0.0,1,0.76,0.04,SPY210903P00431000,431.0,0,0.0,0.0,,0.0,normalDay
2021-09-02,8122.0,74.0,0.0,0,453.19,0.0,1,0.76,0.02,SPY210903P00431000,431.0,0,0.0,0.0,,0.0,normalDay
2021-09-03,8198.0,0.0,76.0,0,453.08,0.0,1,0.76,0.0,SPY210903P00431000,431.0,0,0.0,0.0,,0.0,expirationDay
2021-09-07,8198.0,-3.0,0.0,0,451.46,0.0,1,0.72,0.75,SPY210917P00431000,431.0,0,0.0,0.0,,0.0,normalDay
2021-09-08,8198.0,7.0,0.0,0,450.91,0.0,1,0.72,0.65,SPY210917P00431000,431.0,0,0.0,0.0,,0.0,normalDay
2021-09-09,8198.0,-9.0,0.0,0,448.98,0.0,1,0.72,0.81,SPY210917P00431000,431.0,0,0.0,0.0,,0.0,normalDay
2021-09-10,8198.0,-71.0,0.0,0,445.44,0.0,1,0.72,1.43,SPY210917P00431000,431.0,0,0.0,0.0,,0.0,normalDay
2021-09-13,8198.0,6.0,0.0,0,446.58,0.0,1,0.72,0.66,SPY210917P00431000,431.0,0,0.0,0.0,,0.0,normalDay
2021-09-14,8198.0,17.0,0.0,0,444.17,0.0,1,0.72,0.55,SPY210917P00431000,431.0,0,0.0,0.0,,0.0,normalDay
2021-09-15,8198.0,58.0,0.0,0,447.88,0.0,1,0.72,0.14,SPY210917P00431000,431.0,0,0.0,0.0,,0.0,normalDay
2021-09-16,8198.0,63.0,0.0,0,447.17,0.0,1,0.72,0.09,SPY210917P00431000,431.0,0,0.0,0.0,,0.0,normalDay
2021-09-17,8270.0,0.0,72.0,0,441.4,0.0,1,0.72,0.0,SPY210917P00431000,431.0,0,0.0,0.0,,0.0,expirationDay
2021-09-20,8270.0,-6.0,0.0,0,434.04,0.0,1,5.49,5.55,SPY211001P00431000,431.0,0,0.0,0.0,,0.0,normalDay
2021-09-21,8270.0,34.0,0.0,0,433.63,0.0,1,5.49,5.15,SPY211001P00431000,431.0,0,0.0,0.0,,0.0,normalDay
2021-09-22,8270.0,294.0,0.0,0,437.86,0.0,1,5.49,2.55,SPY211001P00431000,431.0,0,0.0,0.0,,0.0,normalDay
2021-09-23,8270.0,442.0,0.0,0,443.18,0.0,1,5.49,1.07,SPY211001P00431000,431.0,0,0.0,0.0,,0.0,normalDay
2021-09-24,8270.0,481.0,0.0,0,443.91,0.0,1,5.49,0.68,SPY211001P00431000,431.0,0,0.0,0.0,,0.0,normalDay
2021-09-27,8270.0,501.0,0.0,0,442.64,0.0,1,5.49,0.48,SPY211001P00431000,431.0,0,0.0,0.0,,0.0,normalDay
2021-09-28,8270.0,296.0,0.0,0,433.72,0.0,1,5.49,2.53,SPY211001P00431000,431.0,0,0.0,0.0,,0.0,normalDay
2021-09-29,8270.0,397.0,0.0,0,434.45,0.0,1,5.49,1.52,SPY211001P00431000,431.0,0,0.0,0.0,,0.0,normalDay
2021-09-30,8270.0,279.0,0.0,0,429.14,0.0,1,5.49,2.7,SPY211001P00431000,431.0,0,0.0,0.0,,0.0,normalDay
2021-10-01,8819.0,0.0,549.0,0,434.24,0.0,1,5.49,0.0,SPY211001P00431000,431.0,0,0.0,0.0,,0.0,expirationDay
2021-10-04,8819.0,-3.0,0.0,0,428.64,0.0,1,2.28,2.31,SPY211015P00414000,414.0,0,0.0,0.0,,0.0,normalDay
2021-10-05,8819.0,105.0,0.0,0,433.1,0.0,1,2.28,1.23,SPY211015P00414000,414.0,0,0.0,0.0,,0.0,normalDay
2021-10-06,8819.0,145.0,0.0,0,434.9,0.0,1,2.28,0.83,SPY211015P00414000,414.0,0,0.0,0.0,,0.0,normalDay
2021-10-07,8819.0,186.0,0.0,0,438.66,0.0,1,2.28,0.42,SPY211015P00414000,414.0,0,0.0,0.0,,0.0,normalDay
2021-10-08,8819.0,200.0,0.0,0,437.86,0.0,1,2.28,0.28,SPY211015P00414000,414.0,0,0.0,0.0,,0.0,normalDay
2021-10-11,8819.0,201.0,0.0,0,434.69,0.0,1,2.28,0.27,SPY211015P00414000,414.0,0,0.0,0.0,,0.0,normalDay
2021-10-12,8819.0,209.0,0.0,0,433.62,0.0,1,2.28,0.19,SPY211015P00414000,414.0,0,0.0,0.0,,0.0,normalDay
2021-10-13,8819.0,221.0,0.0,0,435.18,0.0,1,2.28,0.07,SPY211015P00414000,414.0,0,0.0,0.0,,0.0,normalDay
2021-10-14,8819.0,224.0,0.0,0,442.5,0.0,1,2.28,0.04,SPY211015P00414000,414.0,0,0.0,0.0,,0.0,normalDay
2021-10-15,9047.0,0.0,228.0,0,445.87,0.0,1,2.28,0.0,SPY211015P00414000,414.0,0,0.0,0.0,,0.0,expirationDay
2021-10-18,9047.0,-3.0,0.0,0,447.19,0.0,1,0.25,0.28,SPY211029P00417500,417.5,0,0.0,0.0,,0.0,normalDay
2021-10-19,9047.0,6.0,0.0,0,450.64,0.0,1,0.25,0.19,SPY211029P00417500,417.5,0,0.0,0.0,,0.0,normalDay
2021-10-20,9047.0,12.0,0.0,0,452.41,0.0,1,0.25,0.13,SPY211029P00417500,417.5,0,0.0,0.0,,0.0,normalDay
2021-10-21,9047.0,17.0,0.0,0,453.59,0.0,1,0.25,0.08,SPY211029P00417500,417.5,0,0.0,0.0,,0.0,normalDay
2021-10-22,9047.0,19.0,0.0,0,453.12,0.0,1,0.25,0.06,SPY211029P00417500,417.5,0,0.0,0.0,,0.0,normalDay
2021-10-25,9047.0,22.0,0.0,0,455.55,0.0,1,0.25,0.03,SPY211029P00417500,417.5,0,0.0,0.0,,0.0,normalDay
2021-10-26,9047.0,22.0,0.0,0,455.96,0.0,1,0.25,0.03,SPY211029P00417500,417.5,0,0.0,0.0,,0.0,normalDay
2021-10-27,9047.0,23.0,0.0,0,453.94,0.0,1,0.25,0.02,SPY211029P00417500,417.5,0,0.0,0.0,,0.0,normalDay
2021-10-28,9047.0,24.0,0.0,0,458.32,0.0,1,0.25,0.01,SPY211029P00417500,417.5,0,0.0,0.0,,0.0,normalDay
2021-10-29,9072.0,0.0,25.0,0,459.25,0.0,1,0.25,0.0,SPY211029P00417500,417.5,0,0.0,0.0,,0.0,expirationDay
2021-11-01,9072.0,-3.0,0.0,0,460.04,0.0,1,0.15,0.18,SPY211112P00411000,411.0,0,0.0,0.0,,0.0,normalDay
2021-11-02,9072.0,0.0,0.0,0,461.9,0.0,1,0.15,0.15,SPY211112P00411000,411.0,0,0.0,0.0,,0.0,normalDay
2021-11-03,9072.0,6.0,0.0,0,464.72,0.0,1,0.15,0.09,SPY211112P00411000,411.0,0,0.0,0.0,,0.0,normalDay
2021-11-04,9072.0,7.0,0.0,0,466.91,0.0,1,0.15,0.08,SPY211112P00411000,411.0,0,0.0,0.0,,0.0,normalDay
2021-11-05,9072.0,11.0,0.0,0,468.53,0.0,1,0.15,0.04,SPY211112P00411000,411.0,0,0.0,0.0,,0.0,normalDay
2021-11-08,9072.0,13.0,0.0,0,468.93,0.0,1,0.15,0.02,SPY211112P00411000,411.0,0,0.0,0.0,,0.0,normalDay
2021-11-09,9072.0,13.0,0.0,0,467.38,0.0,1,0.15,0.02,SPY211112P00411000,411.0,0,0.0,0.0,,0.0,normalDay
2021-11-10,9072.0,13.0,0.0,0,463.62,0.0,1,0.15,0.02,SPY211112P00411000,411.0,0,0.0,0.0,,0.0,normalDay
2021-11-11,9072.0,14.0,0.0,0,463.77,0.0,1,0.15,0.01,SPY211112P00411000,411.0,0,0.0,0.0,,0.0,normalDay
2021-11-12,9087.0,0.0,15.0,0,467.27,0.0,1,0.15,0.0,SPY211112P00411000,411.0,0,0.0,0.0,,0.0,expirationDay
2021-11-15,9087.0,-3.0,0.0,0,467.43,0.0,1,0.2,0.23,SPY211126P00438000,438.0,0,0.0,0.0,,0.0,normalDay
2021-11-16,9087.0,2.0,0.0,0,469.28,0.0,1,0.2,0.18,SPY211126P00438000,438.0,0,0.0,0.0,,0.0,normalDay
2021-11-17,9087.0,5.0,0.0,0,468.14,0.0,1,0.2,0.15,SPY211126P00438000,438.0,0,0.0,0.0,,0.0,normalDay
2021-11-18,9087.0,7.0,0.0,0,469.73,0.0,1,0.2,0.13,SPY211126P00438000,438.0,0,0.0,0.0,,0.0,normalDay
2021-11-19,9087.0,11.0,0.0,0,468.89,0.0,1,0.2,0.09,SPY211126P00438000,438.0,0,0.0,0.0,,0.0,normalDay
2021-11-22,9087.0,14.0,0.0,0,467.57,0.0,1,0.2,0.06,SPY211126P00438000,438.0,0,0.0,0.0,,0.0,normalDay
2021-11-23,9087.0,16.0,0.0,0,468.19,0.0,1,0.2,0.04,SPY211126P00438000,438.0,0,0.0,0.0,,0.0,normalDay
2021-11-24,9087.0,18.0,0.0,0,469.44,0.0,1,0.2,0.02,SPY211126P00438000,438.0,0,0.0,0.0,,0.0,normalDay
2021-11-26,9107.0,0.0,20.0,0,458.97,0.0,1,0.2,0.0,SPY211126P00438000,438.0,0,0.0,0.0,,0.0,expirationDay
2021-11-29,9107.0,-4.0,0.0,0,464.6,0.0,1,2.81,2.85,SPY211210P00454000,454.0,0,0.0,0.0,,0.0,normalDay
2021-11-30,9107.0,-280.0,0.0,0,455.56,0.0,1,2.81,5.61,SPY211210P00454000,454.0,0,0.0,0.0,,0.0,normalDay
2021-12-01,9107.0,-673.0,0.0,0,450.5,0.0,1,2.81,9.54,SPY211210P00454000,454.0,0,0.0,0.0,,0.0,normalDay
2021-12-02,9107.0,-236.0,0.0,0,457.4,0.0,1,2.81,5.17,SPY211210P00454000,454.0,0,0.0,0.0,,0.0,normalDay
2021-12-03,9107.0,-388.0,0.0,0,453.42,0.0,1,2.81,6.69,SPY211210P00454000,454.0,0,0.0,0.0,,0.0,normalDay
2021-12-06,9107.0,-17.0,0.0,0,458.79,0.0,1,2.81,2.98,SPY211210P00454000,454.0,0,0.0,0.0,,0.0,normalDay
2021-12-07,9107.0,239.0,0.0,0,468.28,0.0,1,2.81,0.42,SPY211210P00454000,454.0,0,0.0,0.0,,0.0,normalDay
2021-12-08,9107.0,273.0,0.0,0,469.52,0.0,1,2.81,0.08,SPY211210P00454000,454.0,0,0.0,0.0,,0.0,normalDay
2021-12-09,9107.0,272.0,0.0,0,466.35,0.0,1,2.81,0.09,SPY211210P00454000,454.0,0,0.0,0.0,,0.0,normalDay
2021-12-10,9388.0,0.0,281.0,0,470.74,0.0,1,2.81,0.0,SPY211210P00454000,454.0,0,0.0,0.0,,0.0,expirationDay
2021-12-13,9388.0,-3.0,0.0,0,466.57,0.0,1,0.71,0.74,SPY211223P00441000,441.0,0,0.0,0.0,,0.0,normalDay
2021-12-14,9388.0,-33.0,0.0,0,463.36,0.0,1,0.71,1.04,SPY211223P00441000,441.0,0,0.0,0.0,,0.0,normalDay
2021-12-15,9388.0,40.0,0.0,0,470.6,0.0,1,0.71,0.31,SPY211223P00441000,441.0,0,0.0,0.0,,0.0,normalDay
2021-12-16,9388.0,27.0,0.0,0,466.45,0.0,1,0.71,0.44,SPY211223P00441000,441.0,0,0.0,0.0,,0.0,normalDay
2021-12-17,9388.0,24.0,0.0,0,459.87,0.0,1,0.71,0.47,SPY211223P00441000,441.0,0,0.0,0.0,,0.0,normalDay
2021-12-20,9388.0,31.0,0.0,0,454.98,0.0,1,0.71,0.4,SPY211223P00441000,441.0,0,0.0,0.0,,0.0,normalDay
2021-12-21,9388.0,66.0,0.0,0,463.06,0.0,1,0.71,0.05,SPY211223P00441000,441.0,0,0.0,0.0,,0.0,normalDay
2021-12-22,9388.0,69.0,0.0,0,467.69,0.0,1,0.71,0.02,SPY211223P00441000,441.0,0,0.0,0.0,,0.0,normalDay
2021-12-23,9459.0,0.0,71.0,0,470.6,0.0,1,0.71,0.0,SPY211223P00441000,441.0,0,0.0,0.0,,0.0,expirationDay
2021-12-27,9459.0,-3.0,0.0,0,477.26,0.0,1,0.2,0.23,SPY220107P00438000,438.0,0,0.0,0.0,,0.0,normalDay
2021-12-28,9459.0,-2.0,0.0,0,476.87,0.0,1,0.2,0.22,SPY220107P00438000,438.0,0,0.0,0.0,,0.0,normalDay
2021-12-29,9459.0,6.0,0.0,0,477.48,0.0,1,0.2,0.14,SPY220107P00438000,438.0,0,0.0,0.0,,0.0,normalDay
2021-12-30,9459.0,5.0,0.0,0,476.16,0.0,1,0.2,0.15,SPY220107P00438000,438.0,0,0.0,0.0,,0.0,normalDay
2021-12-31,9459.0,12.0,0.0,0,474.96,0.0,1,0.2,0.08,SPY220107P00438000,438.0,0,0.0,0.0,,0.0,normalDay
2022-01-03,9459.0,17.0,0.0,0,477.71,0.0,1,0.2,0.03,SPY220107P00438000,438.0,0,0.0,0.0,,0.0,normalDay
2022-01-04,9459.0,18.0,0.0,0,477.55,0.0,1,0.2,0.02,SPY220107P00438000,438.0,0,0.0,0.0,,0.0,normalDay
2022-01-05,9459.0,16.0,0.0,0,468.38,0.0,1,0.2,0.04,SPY220107P00438000,438.0,0,0.0,0.0,,0.0,normalDay
2022-01-06,9459.0,18.0,0.0,0,467.94,0.0,1,0.2,0.02,SPY220107P00438000,438.0,0,0.0,0.0,,0.0,normalDay
2022-01-07,9479.0,0.0,20.0,0,466.09,0.0,1,0.2,0.0,SPY220107P00438000,438.0,0,0.0,0.0,,0.0,expirationDay
2022-01-10,9479.0,-4.0,0.0,0,465.51,0.0,1,1.02,1.06,SPY220121P00445000,445.0,0,0.0,0.0,,0.0,normalDay
2022-01-11,9479.0,40.0,0.0,0,469.75,0.0,1,1.02,0.62,SPY220121P00445000,445.0,0,0.0,0.0,,0.0,normalDay
2022-01-12,9479.0,72.0,0.0,0,471.02,0.0,1,1.02,0.3,SPY220121P00445000,445.0,0,0.0,0.0,,0.0,normalDay
2022-01-13,9479.0,19.0,0.0,0,464.53,0.0,1,1.02,0.83,SPY220121P00445000,445.0,0,0.0,0.0,,0.0,normalDay
2022-01-14,9479.0,57.0,0.0,0,464.72,0.0,1,1.02,0.45,SPY220121P00445000,445.0,0,0.0,0.0,,0.0,normalDay
2022-01-18,9479.0,-1.0,0.0,0,456.49,0.0,1,1.02,1.03,SPY220121P00445000,445.0,0,0.0,0.0,,0.0,normalDay
2022-01-19,9479.0,-5.0,0.0,0,451.75,0.0,1,1.02,1.07,SPY220121P00445000,445.0,0,0.0,0.0,,0.0,normalDay
2022-01-20,9479.0,-103.0,0.0,0,446.75,0.0,1,1.02,2.05,SPY220121P00445000,445.0,0,0.0,0.0,,0.0,normalDay
2022-01-21,9581.0,-702.0,102.0,100,437.98,445.0,1,1.02,0.0,SPY220121P00445000,445.0,0,0.0,0.0,,0.0,expirationDay
2022-01-24,9581.0,-799.0,0.0,100,439.84,445.0,0,0.0,0.0,,0.0,1,4.11,6.94,SPY220715C00485000,485.0,normalDay
2022-01-25,9581.0,-1131.0,0.0,100,434.47,445.0,0,0.0,0.0,,0.0,1,4.11,4.89,SPY220715C00485000,485.0,normalDay
2022-01-26,9581.0,-1249.0,0.0,100,433.38,445.0,0,0.0,0.0,,0.0,1,4.11,4.98,SPY220715C00485000,485.0,normalDay
2022-01-27,9581.0,-1381.0,0.0,100,431.24,445.0,0,0.0,0.0,,0.0,1,4.11,4.16,SPY220715C00485000,485.0,normalDay
2022-01-28,9581.0,-458.0,0.0,100,441.95,445.0,0,0.0,0.0,,0.0,1,4.11,5.64,SPY220715C00485000,485.0,normalDay
2022-01-31,9581.0,201.0,0.0,100,449.91,445.0,0,0.0,0.0,,0.0,1,4.11,7.01,SPY220715C00485000,485.0,normalDay
2022-02-01,9581.0,478.0,0.0,100,452.95,445.0,0,0.0,0.0,,0.0,1,4.11,7.28,SPY220715C00485000,485.0,normalDay
2022-02-02,9581.0,840.0,0.0,100,457.35,445.0,0,0.0,0.0,,0.0,1,4.11,8.06,SPY220715C00485000,485.0,normalDay
2022-02-03,9581.0,-159.0,0.0,100,446.6,445.0,0,0.0,0.0,,0.0,1,4.11,7.3,SPY220715C00485000,485.0,normalDay
2022-02-04,9581.0,130.0,0.0,100,448.7,445.0,0,0.0,0.0,,0.0,1,4.11,6.51,SPY220715C00485000,485.0,normalDay
2022-02-07,9581.0,23.0,0.0,100,447.26,445.0,0,0.0,0.0,,0.0,1,4.11,6.14,SPY220715C00485000,485.0,normalDay
2022-02-08,9581.0,342.0,0.0,100,450.94,445.0,0,0.0,0.0,,0.0,1,4.11,6.63,SPY220715C00485000,485.0,normalDay
2022-02-09,9581.0,848.0,0.0,100,457.54,445.0,0,0.0,0.0,,0.0,1,4.11,8.17,SPY220715C00485000,485.0,normalDay
2022-02-10,9581.0,211.0,0.0,100,449.32,445.0,0,0.0,0.0,,0.0,1,4.11,6.32,SPY220715C00485000,485.0,normalDay
2022-02-11,9581.0,-523.0,0.0,100,440.46,445.0,0,0.0,0.0,,0.0,1,4.11,4.8,SPY220715C00485000,485.0,normalDay
2022-02-14,9581.0,-633.0,0.0,100,439.02,445.0,0,0.0,0.0,,0.0,1,4.11,4.46,SPY220715C00485000,485.0,normalDay
2022-02-15,9581.0,-2.0,0.0,100,446.1,445.0,0,0.0,0.0,,0.0,1,4.11,5.23,SPY220715C00485000,485.0,normalDay
2022-02-16,9581.0,78.0,0.0,100,446.6,445.0,0,0.0,0.0,,0.0,1,4.11,4.93,SPY220715C00485000,485.0,normalDay
2022-02-17,9581.0,-751.0,0.0,100,437.06,445.0,0,0.0,0.0,,0.0,1,4.11,3.68,SPY220715C00485000,485.0,normalDay
2022-02-18,9581.0,-990.0,0.0,100,434.23,445.0,0,0.0,0.0,,0.0,1,4.11,3.24,SPY220715C00485000,485.0,normalDay
2022-02-22,9581.0,-1415.0,0.0,100,429.57,445.0,0,0.0,0.0,,0.0,1,4.11,2.83,SPY220715C00485000,485.0,normalDay
2022-02-23,9581.0,-2097.0,0.0,100,421.95,445.0,0,0.0,0.0,,0.0,1,4.11,2.03,SPY220715C00485000,485.0,normalDay
2022-02-24,9581.0,-1513.0,0.0,100,428.3,445.0,0,0.0,0.0,,0.0,1,4.11,2.54,SPY220715C00485000,485.0,normalDay
2022-02-25,9581.0,-674.0,0.0,100,437.75,445.0,0,0.0,0.0,,0.0,1,4.11,3.6,SPY220715C00485000,485.0,normalDay
2022-02-28,9581.0,-807.0,0.0,100,436.63,445.0,0,0.0,0.0,,0.0,1,4.11,3.81,SPY220715C00485000,485.0,normalDay
2022-03-01,9581.0,-1429.0,0.0,100,429.98,445.0,0,0.0,0.0,,0.0,1,4.11,3.38,SPY220715C00485000,485.0,normalDay
2022-03-02,9581.0,-701.0,0.0,100,437.89,445.0,0,0.0,0.0,,0.0,1,4.11,4.01,SPY220715C00485000,485.0,normalDay
2022-03-03,9581.0,-879.0,0.0,100,435.71,445.0,0,0.0,0.0,,0.0,1,4.11,3.61,SPY220715C00485000,485.0,normalDay
2022-03-04,9581.0,-1186.0,0.0,100,432.17,445.0,0,0.0,0.0,,0.0,1,4.11,3.14,SPY220715C00485000,485.0,normalDay
2022-03-07,9581.0,-2362.0,0.0,100,419.43,445.0,0,0.0,0.0,,0.0,1,4.11,2.16,SPY220715C00485000,485.0,normalDay
2022-03-08,9581.0,-2636.0,0.0,100,416.25,445.0,0,0.0,0.0,,0.0,1,4.11,1.72,SPY220715C00485000,485.0,normalDay
2022-03-09,9581.0,-1632.0,0.0,100,427.41,445.0,0,0.0,0.0,,0.0,1,4.11,2.84,SPY220715C00485000,485.0,normalDay
2022-03-10,9581.0,-1761.0,0.0,100,425.48,445.0,0,0.0,0.0,,0.0,1,4.11,2.2,SPY220715C00485000,485.0,normalDay
2022-03-11,9581.0,-2251.0,0.0,100,420.07,445.0,0,0.0,0.0,,0.0,1,4.11,1.69,SPY220715C00485000,485.0,normalDay
2022-03-14,9581.0,-2542.0,0.0,100,417.0,445.0,0,0.0,0.0,,0.0,1,4.11,1.53,SPY220715C00485000,485.0,normalDay
2022-03-15,9581.0,-1683.0,0.0,100,426.17,445.0,0,0.0,0.0,,0.0,1,4.11,2.11,SPY220715C00485000,485.0,normalDay
2022-03-16,9581.0,-790.0,0.0,100,435.62,445.0,0,0.0,0.0,,0.0,1,4.11,2.63,SPY220715C00485000,485.0,normalDay
2022-03-17,9581.0,-274.0,0.0,100,441.07,445.0,0,0.0,0.0,,0.0,1,4.11,2.92,SPY220715C00485000,485.0,normalDay
2022-03-18,9581.0,30.0,0.0,100,444.52,445.0,0,0.0,0.0,,0.0,1,4.11,3.33,SPY220715C00485000,485.0,normalDay
2022-03-21,9581.0,39.0,0.0,100,444.39,445.0,0,0.0,0.0,,0.0,1,4.11,3.11,SPY220715C00485000,485.0,normalDay
2022-03-22,9581.0,471.0,0.0,100,449.59,445.0,0,0.0,0.0,,0.0,1,4.11,3.99,SPY220715C00485000,485.0,normalDay
2022-03-23,9581.0,7.0,0.0,100,443.8,445.0,0,0.0,0.0,,0.0,1,4.11,2.84,SPY220715C00485000,485.0,normalDay
2022-03-24,9581.0,576.0,0.0,100,450.49,445.0,0,0.0,0.0,,0.0,1,4.11,3.84,SPY220715C00485000,485.0,normalDay
2022-03-25,9581.0,766.0,0.0,100,452.69,445.0,0,0.0,0.0,,0.0,1,4.11,4.14,SPY220715C00485000,485.0,normalDay
2022-03-28,9581.0,1043.0,0.0,100,455.91,445.0,0,0.0,0.0,,0.0,1,4.11,4.59,SPY220715C00485000,485.0,normalDay
2022-03-29,9581.0,1484.0,0.0,100,461.55,445.0,0,0.0,0.0,,0.0,1,4.11,5.82,SPY220715C00485000,485.0,normalDay
2022-03-30,9581.0,1251.0,0.0,100,458.7,445.0,0,0.0,0.0,,0.0,1,4.11,5.3,SPY220715C00485000,485.0,normalDay
2022-03-31,9581.0,693.0,0.0,100,451.64,445.0,0,0.0,0.0,,0.0,1,4.11,3.82,SPY220715C00485000,485.0,normalDay
2022-04-01,9581.0,853.0,0.0,100,452.92,445.0,0,0.0,0.0,,0.0,1,4.11,3.5,SPY220715C00485000,485.0,normalDay
2022-04-04,9581.0,1198.0,0.0,100,456.8,445.0,0,0.0,0.0,,0.0,1,4.11,3.93,SPY220715C00485000,485.0,normalDay
2022-04-05,9581.0,700.0,0.0,100,451.03,445.0,0,0.0,0.0,,0.0,1,4.11,3.14,SPY220715C00485000,485.0,normalDay
2022-04-06,9581.0,325.0,0.0,100,446.52,445.0,0,0.0,0.0,,0.0,1,4.11,2.38,SPY220715C00485000,485.0,normalDay
2022-04-07,9581.0,524.0,0.0,100,448.77,445.0,0,0.0,0.0,,0.0,1,4.11,2.64,SPY220715C00485000,485.0,normalDay
2022-04-08,9581.0,433.0,0.0,100,447.57,445.0,0,0.0,0.0,,0.0,1,4.11,2.35,SPY220715C00485000,485.0,normalDay
2022-04-11,9581.0,-253.0,0.0,100,439.92,445.0,0,0.0,0.0,,0.0,1,4.11,1.56,SPY220715C00485000,485.0,normalDay
2022-04-12,9581.0,-402.0,0.0,100,438.29,445.0,0,0.0,0.0,,0.0,1,4.11,1.42,SPY220715C00485000,485.0,normalDay
2022-04-13,9581.0,81.0,0.0,100,443.31,445.0,0,0.0,0.0,,0.0,1,4.11,1.61,SPY220715C00485000,485.0,normalDay
2022-04-14,9581.0,-429.0,0.0,100,437.79,445.0,0,0.0,0.0,,0.0,1,4.11,1.19,SPY220715C00485000,485.0,normalDay
2022-04-18,9581.0,-401.0,0.0,100,437.97,445.0,0,0.0,0.0,,0.0,1,4.11,1.09,SPY220715C00485000,485.0,normalDay
2022-04-19,9581.0,275.0,0.0,100,445.04,445.0,0,0.0,0.0,,0.0,1,4.11,1.4,SPY220715C00485000,485.0,normalDay
2022-04-20,9581.0,228.0,0.0,100,444.71,445.0,0,0.0,0.0,,0.0,1,4.11,1.54,SPY220715C00485000,485.0,normalDay
2022-04-21,9581.0,-381.0,0.0,100,438.06,445.0,0,0.0,0.0,,0.0,1,4.11,0.98,SPY220715C00485000,485.0,normalDay
2022-04-22,9581.0,-1539.0,0.0,100,426.04,445.0,0,0.0,0.0,,0.0,1,4.11,0.54,SPY220715C00485000,485.0,normalDay
2022-04-25,9581.0,-1292.0,0.0,100,428.51,445.0,0,0.0,0.0,,0.0,1,4.11,0.54,SPY220715C00485000,485.0,normalDay
2022-04-26,9581.0,-2511.0,0.0,100,416.1,445.0,0,0.0,0.0,,0.0,1,4.11,0.32,SPY220715C00485000,485.0,normalDay
2022-04-27,9581.0,-2397.0,0.0,100,417.27,445.0,0,0.0,0.0,,0.0,1,4.11,0.35,SPY220715C00485000,485.0,normalDay
2022-04-28,9581.0,-1364.0,0.0,100,427.81,445.0,0,0.0,0.0,,0.0,1,4.11,0.56,SPY220715C00485000,485.0,normalDay
2022-04-29,9581.0,-2921.0,0.0,100,412.0,445.0,0,0.0,0.0,,0.0,1,4.11,0.32,SPY220715C00485000,485.0,normalDay
2022-05-02,9581.0,-2676.0,0.0,100,414.48,445.0,0,0.0,0.0,,0.0,1,4.11,0.35,SPY220715C00485000,485.0,normalDay
2022-05-03,9581.0,-2477.0,0.0,100,416.38,445.0,0,0.0,0.0,,0.0,1,4.11,0.26,SPY220715C00485000,485.0,normalDay
2022-05-04,9581.0,-1227.0,0.0,100,429.06,445.0,0,0.0,0.0,,0.0,1,4.11,0.44,SPY220715C00485000,485.0,normalDay
2022-05-05,9581.0,-2733.0,0.0,100,413.81,445.0,0,0.0,0.0,,0.0,1,4.11,0.25,SPY220715C00485000,485.0,normalDay
2022-05-06,9581.0,-2973.0,0.0,100,411.34,445.0,0,0.0,0.0,,0.0,1,4.11,0.18,SPY220715C00485000,485.0,normalDay
2022-05-09,9581.0,-4287.0,0.0,100,398.17,445.0,0,0.0,0.0,,0.0,1,4.11,0.15,SPY220715C00485000,485.0,normalDay
2022-05-10,9581.0,-4191.0,0.0,100,399.09,445.0,0,0.0,0.0,,0.0,1,4.11,0.11,SPY220715C00485000,485.0,normalDay
2022-05-11,9581.0,-4824.0,0.0,100,392.75,445.0,0,0.0,0.0,,0.0,1,4.11,0.1,SPY220715C00485000,485.0,normalDay
2022-05-12,9581.0,-4864.0,0.0,100,392.34,445.0,0,0.0,0.0,,0.0,1,4.11,0.09,SPY220715C00485000,485.0,normalDay
2022-05-13,9581.0,-3925.0,0.0,100,401.72,445.0,0,0.0,0.0,,0.0,1,4.11,0.08,SPY220715C00485000,485.0,normalDay
2022-05-16,9581.0,-4085.0,0.0,100,400.09,445.0,0,0.0,0.0,,0.0,1,4.11,0.05,SPY220715C00485000,485.0,normalDay
2022-05-17,9581.0,-3264.0,0.0,100,408.32,445.0,0,0.0,0.0,,0.0,1,4.11,0.07,SPY220715C00485000,485.0,normalDay
2022-05-18,9581.0,-4907.0,0.0,100,391.86,445.0,0,0.0,0.0,,0.0,1,4.11,0.04,SPY220715C00485000,485.0,normalDay
2022-05-19,9581.0,-5147.0,0.0,100,389.46,445.0,0,0.0,0.0,,0.0,1,4.11,0.04,SPY220715C00485000,485.0,normalDay
2022-05-20,9581.0,-5131.0,0.0,100,389.63,445.0,0,0.0,0.0,,0.0,1,4.11,0.05,SPY220715C00485000,485.0,normalDay
2022-05-23,9581.0,-4403.0,0.0,100,396.92,445.0,0,0.0,0.0,,0.0,1,4.11,0.06,SPY220715C00485000,485.0,normalDay
2022-05-24,9581.0,-4707.0,0.0,100,393.89,445.0,0,0.0,0.0,,0.0,1,4.11,0.07,SPY220715C00485000,485.0,normalDay
2022-05-25,9581.0,-4359.0,0.0,100,397.37,445.0,0,0.0,0.0,,0.0,1,4.11,0.07,SPY220715C00485000,485.0,normalDay
2022-05-26,9581.0,-3567.0,0.0,100,405.31,445.0,0,0.0,0.0,,0.0,1,4.11,0.09,SPY220715C00485000,485.0,normalDay
2022-05-27,9581.0,-2576.0,0.0,100,415.26,445.0,0,0.0,0.0,,0.0,1,4.11,0.13,SPY220715C00485000,485.0,normalDay
2022-05-31,9581.0,-2804.0,0.0,100,412.93,445.0,0,0.0,0.0,,0.0,1,4.11,0.08,SPY220715C00485000,485.0,normalDay
2022-06-01,9581.0,-3136.0,0.0,100,409.59,445.0,0,0.0,0.0,,0.0,1,4.11,0.06,SPY220715C00485000,485.0,normalDay
2022-06-02,9581.0,-2358.0,0.0,100,417.39,445.0,0,0.0,0.0,,0.0,1,4.11,0.08,SPY220715C00485000,485.0,normalDay
2022-06-03,9581.0,-3041.0,0.0,100,410.54,445.0,0,0.0,0.0,,0.0,1,4.11,0.06,SPY220715C00485000,485.0,normalDay
2022-06-06,9581.0,-2915.0,0.0,100,411.79,445.0,0,0.0,0.0,,0.0,1,4.11,0.05,SPY220715C00485000,485.0,normalDay
2022-06-07,9581.0,-2520.0,0.0,100,415.74,445.0,0,0.0,0.0,,0.0,1,4.11,0.05,SPY220715C00485000,485.0,normalDay
2022-06-08,9581.0,-2971.0,0.0,100,411.22,445.0,0,0.0,0.0,,0.0,1,4.11,0.04,SPY220715C00485000,485.0,normalDay
2022-06-09,9581.0,-3948.0,0.0,100,401.44,445.0,0,0.0,0.0,,0.0,1,4.11,0.03,SPY220715C00485000,485.0,normalDay
2022-06-10,9581.0,-5111.0,0.0,100,389.8,445.0,0,0.0,0.0,,0.0,1,4.11,0.02,SPY220715C00485000,485.0,normalDay
2022-06-13,9581.0,-6592.0,0.0,100,375.0,445.0,0,0.0,0.0,,0.0,1,4.11,0.03,SPY220715C00485000,485.0,normalDay
2022-06-14,9581.0,-6705.0,0.0,100,373.87,445.0,0,0.0,0.0,,0.0,1,4.11,0.03,SPY220715C00485000,485.0,normalDay
2022-06-15,9581.0,-6171.0,0.0,100,379.2,445.0,0,0.0,0.0,,0.0,1,4.11,0.02,SPY220715C00485000,485.0,normalDay
2022-06-16,9581.0,-7426.0,0.0,100,366.65,445.0,0,0.0,0.0,,0.0,1,4.11,0.02,SPY220715C00485000,485.0,normalDay
2022-06-17,9581.0,-7505.0,0.0,100,365.86,445.0,0,0.0,0.0,,0.0,1,4.11,0.02,SPY220715C00485000,485.0,normalDay
2022-06-21,9581.0,-6584.0,0.0,100,375.07,445.0,0,0.0,0.0,,0.0,1,4.11,0.02,SPY220715C00485000,485.0,normalDay
2022-06-22,9581.0,-6652.0,0.0,100,374.39,445.0,0,0.0,0.0,,0.0,1,4.11,0.02,SPY220715C00485000,485.0,normalDay
2022-06-23,9581.0,-6284.0,0.0,100,378.06,445.0,0,0.0,0.0,,0.0,1,4.11,0.01,SPY220715C00485000,485.0,normalDay
2022-06-24,9581.0,-5083.0,0.0,100,390.08,445.0,0,0.0,0.0,,0.0,1,4.11,0.02,SPY220715C00485000,485.0,normalDay
2022-06-27,9581.0,-5232.0,0.0,100,388.59,445.0,0,0.0,0.0,,0.0,1,4.11,0.02,SPY220715C00485000,485.0,normalDay
2022-06-28,9581.0,-6025.0,0.0,100,380.65,445.0,0,0.0,0.0,,0.0,1,4.11,0.01,SPY220715C00485000,485.0,normalDay
2022-06-29,9581.0,-6056.0,0.0,100,380.34,445.0,0,0.0,0.0,,0.0,1,4.11,0.01,SPY220715C00485000,485.0,normalDay
2022-06-30,9581.0,-6365.0,0.0,100,377.25,445.0,0,0.0,0.0,,0.0,1,4.11,0.01,SPY220715C00485000,485.0,normalDay
2022-07-01,9581.0,-5966.0,0.0,100,381.24,445.0,0,0.0,0.0,,0.0,1,4.11,0.01,SPY220715C00485000,485.0,normalDay
2022-07-05,9581.0,-5894.0,0.0,100,381.96,445.0,0,0.0,0.0,,0.0,1,4.11,0.01,SPY220715C00485000,485.0,normalDay
2022-07-06,9581.0,-5765.0,0.0,100,383.25,445.0,0,0.0,0.0,,0.0,1,4.11,0.01,SPY220715C00485000,485.0,normalDay
2022-07-07,9581.0,-5191.0,0.0,100,388.99,445.0,0,0.0,0.0,,0.0,1,4.11,0.01,SPY220715C00485000,485.0,normalDay
2022-07-08,9581.0,-5223.0,0.0,100,388.67,445.0,0,0.0,0.0,,0.0,1,4.11,0.01,SPY220715C00485000,485.0,normalDay
2022-07-11,9581.0,-5667.0,0.0,100,384.23,445.0,0,0.0,0.0,,0.0,1,4.11,0.01,SPY220715C00485000,485.0,normalDay
2022-07-12,9581.0,-6007.0,0.0,100,380.83,445.0,0,0.0,0.0,,0.0,1,4.11,0.01,SPY220715C00485000,485.0,normalDay
2022-07-13,9581.0,-6207.0,0.0,100,378.83,445.0,0,0.0,0.0,,0.0,1,4.11,0.01,SPY220715C00485000,485.0,normalDay
2022-07-14,9581.0,-6299.0,0.0,100,377.91,445.0,0,0.0,0.0,,0.0,1,4.11,0.01,SPY220715C00485000,485.0,normalDay
2022-07-15,9992.0,-5987.0,411.0,100,385.13,445.0,0,0.0,0.0,,0.0,1,4.11,0.0,SPY220715C00485000,485.0,expirationDay
2022-07-18,9992.0,-6319.0,0.0,100,381.95,445.0,0,0.0,0.0,,0.0,1,23.04,23.18,SPY230120C00390000,390.0,normalDay
2022-07-19,9992.0,-5902.0,0.0,100,392.27,445.0,0,0.0,0.0,,0.0,1,23.04,29.33,SPY230120C00390000,390.0,normalDay
2022-07-20,9992.0,-5779.0,0.0,100,394.77,445.0,0,0.0,0.0,,0.0,1,23.04,30.6,SPY230120C00390000,390.0,normalDay
2022-07-21,9992.0,-5585.0,0.0,100,398.79,445.0,0,0.0,0.0,,0.0,1,23.04,32.68,SPY230120C00390000,390.0,normalDay
2022-07-22,9992.0,-5685.0,0.0,100,395.09,445.0,0,0.0,0.0,,0.0,1,23.04,29.98,SPY230120C00390000,390.0,normalDay
2022-07-25,9992.0,-5706.0,0.0,100,395.57,445.0,0,0.0,0.0,,0.0,1,23.04,30.67,SPY230120C00390000,390.0,normalDay
2022-07-26,9992.0,-5918.0,0.0,100,390.89,445.0,0,0.0,0.0,,0.0,1,23.04,28.11,SPY230120C00390000,390.0,normalDay
2022-07-27,9992.0,-5403.0,0.0,100,401.04,445.0,0,0.0,0.0,,0.0,1,23.04,33.11,SPY230120C00390000,390.0,normalDay
2022-07-28,9992.0,-5327.0,0.0,100,406.07,445.0,0,0.0,0.0,,0.0,1,23.04,37.38,SPY230120C00390000,390.0,normalDay
2022-07-29,9992.0,-5043.0,0.0,100,411.99,445.0,0,0.0,0.0,,0.0,1,23.04,40.46,SPY230120C00390000,390.0,normalDay
2022-08-01,9992.0,-5134.0,0.0,100,410.77,445.0,0,0.0,0.0,,0.0,1,23.04,40.15,SPY230120C00390000,390.0,normalDay
2022-08-02,9992.0,-5233.0,0.0,100,408.06,445.0,0,0.0,0.0,,0.0,1,23.04,38.43,SPY230120C00390000,390.0,normalDay
2022-08-03,9992.0,-4962.0,0.0,100,414.45,445.0,0,0.0,0.0,,0.0,1,23.04,42.11,SPY230120C00390000,390.0,normalDay
2022-08-04,9992.0,-5004.0,0.0,100,414.17,445.0,0,0.0,0.0,,0.0,1,23.04,42.25,SPY230120C00390000,390.0,normalDay
2022-08-05,9992.0,-4975.0,0.0,100,413.47,445.0,0,0.0,0.0,,0.0,1,23.04,41.26,SPY230120C00390000,390.0,normalDay
2022-08-08,9992.0,-5015.0,0.0,100,412.99,445.0,0,0.0,0.0,,0.0,1,23.04,41.18,SPY230120C00390000,390.0,normalDay
2022-08-09,9992.0,-5073.0,0.0,100,411.35,445.0,0,0.0,0.0,,0.0,1,23.04,40.12,SPY230120C00390000,390.0,normalDay
2022-08-10,9992.0,-4759.0,0.0,100,419.99,445.0,0,0.0,0.0,,0.0,1,23.04,45.62,SPY230120C00390000,390.0,normalDay
2022-08-11,9992.0,-4808.0,0.0,100,419.99,445.0,0,0.0,0.0,,0.0,1,23.04,46.11,SPY230120C00390000,390.0,normalDay
2022-08-12,9992.0,-4550.0,0.0,100,427.1,445.0,0,0.0,0.0,,0.0,1,23.04,50.64,SPY230120C00390000,390.0,normalDay
2022-08-15,9992.0,-4518.0,0.0,100,428.86,445.0,0,0.0,0.0,,0.0,1,23.04,52.08,SPY230120C00390000,390.0,normalDay
2022-08-16,9992.0,-4486.0,0.0,100,429.7,445.0,0,0.0,0.0,,0.0,1,23.04,52.6,SPY230120C00390000,390.0,normalDay
2022-08-17,9992.0,-4608.0,0.0,100,426.65,445.0,0,0.0,0.0,,0.0,1,23.04,50.77,SPY230120C00390000,390.0,normalDay
2022-08-18,9992.0,-4519.0,0.0,100,427.89,445.0,0,0.0,0.0,,0.0,1,23.04,51.12,SPY230120C00390000,390.0,normalDay
2022-08-19,9992.0,-4683.0,0.0,100,422.14,445.0,0,0.0,0.0,,0.0,1,23.04,47.01,SPY230120C00390000,390.0,normalDay
2022-08-22,9992.0,-4960.0,0.0,100,413.35,445.0,0,0.0,0.0,,0.0,1,23.04,40.99,SPY230120C00390000,390.0,normalDay
2022-08-23,9992.0,-4916.0,0.0,100,412.35,445.0,0,0.0,0.0,,0.0,1,23.04,39.55,SPY230120C00390000,390.0,normalDay
2022-08-24,9992.0,-4845.0,0.0,100,413.67,445.0,0,0.0,0.0,,0.0,1,23.04,40.16,SPY230120C00390000,390.0,normalDay
2022-08-25,9992.0,-4629.0,0.0,100,419.51,445.0,0,0.0,0.0,,0.0,1,23.04,43.84,SPY230120C00390000,390.0,normalDay
2022-08-26,9992.0,-5105.0,0.0,100,405.31,445.0,0,0.0,0.0,,0.0,1,23.04,34.4,SPY230120C00390000,390.0,normalDay
2022-08-29,9992.0,-5193.0,0.0,100,402.63,445.0,0,0.0,0.0,,0.0,1,23.04,32.6,SPY230120C00390000,390.0,normalDay
2022-08-30,9992.0,-5334.0,0.0,100,398.21,445.0,0,0.0,0.0,,0.0,1,23.04,29.59,SPY230120C00390000,390.0,normalDay
2022-08-31,9992.0,-5425.0,0.0,100,395.18,445.0,0,0.0,0.0,,0.0,1,23.04,27.47,SPY230120C00390000,390.0,normalDay
2022-09-01,9992.0,-5324.0,0.0,100,396.42,445.0,0,0.0,0.0,,0.0,1,23.04,27.7,SPY230120C00390000,390.0,normalDay
2022-09-02,9992.0,-5490.0,0.0,100,392.24,445.0,0,0.0,0.0,,0.0,1,23.04,25.18,SPY230120C00390000,390.0,normalDay
2022-09-06,9992.0,-5505.0,0.0,100,390.76,445.0,0,0.0,0.0,,0.0,1,23.04,23.85,SPY230120C00390000,390.0,normalDay
2022-09-07,9992.0,-5188.0,0.0,100,397.78,445.0,0,0.0,0.0,,0.0,1,23.04,27.7,SPY230120C00390000,390.0,normalDay
2022-09-08,9992.0,-5090.0,0.0,100,400.38,445.0,0,0.0,0.0,,0.0,1,23.04,29.32,SPY230120C00390000,390.0,normalDay
2022-09-09,9992.0,-4827.0,0.0,100,406.6,445.0,0,0.0,0.0,,0.0,1,23.04,32.91,SPY230120C00390000,390.0,normalDay
2022-09-12,9992.0,-4742.0,0.0,100,410.97,445.0,0,0.0,0.0,,0.0,1,23.04,36.43,SPY230120C00390000,390.0,normalDay
2022-09-13,9992.0,-5442.0,0.0,100,393.1,445.0,0,0.0,0.0,,0.0,1,23.04,25.56,SPY230120C00390000,390.0,normalDay
2022-09-14,9992.0,-5305.0,0.0,100,394.6,445.0,0,0.0,0.0,,0.0,1,23.04,25.69,SPY230120C00390000,390.0,normalDay
2022-09-15,9992.0,-5516.0,0.0,100,390.12,445.0,0,0.0,0.0,,0.0,1,23.04,23.32,SPY230120C00390000,390.0,normalDay
2022-09-16,9992.0,-5766.0,0.0,100,385.56,445.0,0,0.0,0.0,,0.0,1,23.04,21.26,SPY230120C00390000,390.0,normalDay
2022-09-19,9992.0,-5590.0,0.0,100,388.55,445.0,0,0.0,0.0,,0.0,1,23.04,22.49,SPY230120C00390000,390.0,normalDay
2022-09-20,9992.0,-5810.0,0.0,100,384.09,445.0,0,0.0,0.0,,0.0,1,23.04,20.23,SPY230120C00390000,390.0,normalDay
2022-09-21,9992.0,-6123.0,0.0,100,377.39,445.0,0,0.0,0.0,,0.0,1,23.04,16.66,SPY230120C00390000,390.0,normalDay
2022-09-22,9992.0,-6245.0,0.0,100,374.22,445.0,0,0.0,0.0,,0.0,1,23.04,14.71,SPY230120C00390000,390.0,normalDay
2022-09-23,9992.0,-6624.0,0.0,100,367.95,445.0,0,0.0,0.0,,0.0,1,23.04,12.23,SPY230120C00390000,390.0,normalDay
2022-09-26,9992.0,-6851.0,0.0,100,364.31,445.0,0,0.0,0.0,,0.0,1,23.04,10.86,SPY230120C00390000,390.0,normalDay
2022-09-27,9992.0,-6913.0,0.0,100,363.38,445.0,0,0.0,0.0,,0.0,1,23.04,10.55,SPY230120C00390000,390.0,normalDay
2022-09-28,9992.0,-6431.0,0.0,100,370.53,445.0,0,0.0,0.0,,0.0,1,23.04,12.88,SPY230120C00390000,390.0,normalDay
2022-09-29,9992.0,-6901.0,0.0,100,362.79,445.0,0,0.0,0.0,,0.0,1,23.04,9.84,SPY230120C00390000,390.0,normalDay
2022-09-30,9992.0,-7262.0,0.0,100,357.18,445.0,0,0.0,0.0,,0.0,1,23.04,7.84,SPY230120C00390000,390.0,normalDay
2022-10-03,9992.0,-6598.0,0.0,100,366.61,445.0,0,0.0,0.0,,0.0,1,23.04,10.63,SPY230120C00390000,390.0,normalDay
2022-10-04,9992.0,-5928.0,0.0,100,377.97,445.0,0,0.0,0.0,,0.0,1,23.04,15.29,SPY230120C00390000,390.0,normalDay
2022-10-05,9992.0,-5984.0,0.0,100,377.09,445.0,0,0.0,0.0,,0.0,1,23.04,14.97,SPY230120C00390000,390.0,normalDay
2022-10-06,9992.0,-6210.0,0.0,100,373.2,445.0,0,0.0,0.0,,0.0,1,23.04,13.34,SPY230120C00390000,390.0,normalDay
2022-10-07,9992.0,-6812.0,0.0,100,362.79,445.0,0,0.0,0.0,,0.0,1,23.04,8.95,SPY230120C00390000,390.0,normalDay
2022-10-10,9992.0,-7043.0,0.0,100,360.02,445.0,0,0.0,0.0,,0.0,1,23.04,8.49,SPY230120C00390000,390.0,normalDay
2022-10-11,9992.0,-7213.0,0.0,100,357.74,445.0,0,0.0,0.0,,0.0,1,23.04,7.91,SPY230120C00390000,390.0,normalDay
2022-10-12,9992.0,-7295.0,0.0,100,356.56,445.0,0,0.0,0.0,,0.0,1,23.04,7.55,SPY230120C00390000,390.0,normalDay
2022-10-13,9992.0,-6656.0,0.0,100,365.97,445.0,0,0.0,0.0,,0.0,1,23.04,10.57,SPY230120C00390000,390.0,normalDay
2022-10-14,9992.0,-7188.0,0.0,100,357.63,445.0,0,0.0,0.0,,0.0,1,23.04,7.55,SPY230120C00390000,390.0,normalDay
2022-10-17,9992.0,-6582.0,0.0,100,366.82,445.0,0,0.0,0.0,,0.0,1,23.04,10.68,SPY230120C00390000,390.0,normalDay
2022-10-18,9992.0,-6317.0,0.0,100,371.13,445.0,0,0.0,0.0,,0.0,1,23.04,12.34,SPY230120C00390000,390.0,normalDay
2022-10-19,9992.0,-6420.0,0.0,100,368.5,445.0,0,0.0,0.0,,0.0,1,23.04,10.74,SPY230120C00390000,390.0,normalDay
2022-10-20,9992.0,-6599.0,0.0,100,365.41,445.0,0,0.0,0.0,,0.0,1,23.04,9.44,SPY230120C00390000,390.0,normalDay
2022-10-21,9992.0,-6071.0,0.0,100,374.29,445.0,0,0.0,0.0,,0.0,1,23.04,13.04,SPY230120C00390000,390.0,normalDay
2022-10-24,9992.0,-5805.0,0.0,100,378.87,445.0,0,0.0,0.0,,0.0,1,23.04,14.96,SPY230120C00390000,390.0,normalDay
2022-10-25,9992.0,-5372.0,0.0,100,384.92,445.0,0,0.0,0.0,,0.0,1,23.04,16.68,SPY230120C00390000,390.0,normalDay
2022-10-26,9992.0,-5574.0,0.0,100,382.02,445.0,0,0.0,0.0,,0.0,1,23.04,15.8,SPY230120C00390000,390.0,normalDay
2022-10-27,9992.0,-5428.0,0.0,100,379.98,445.0,0,0.0,0.0,,0.0,1,23.04,12.3,SPY230120C00390000,390.0,normalDay
2022-10-28,9992.0,-5149.0,0.0,100,389.02,445.0,0,0.0,0.0,,0.0,1,23.04,18.55,SPY230120C00390000,390.0,normalDay
2022-10-31,9992.0,-5233.0,0.0,100,386.21,445.0,0,0.0,0.0,,0.0,1,23.04,16.58,SPY230120C00390000,390.0,normalDay
2022-11-01,9992.0,-5266.0,0.0,100,384.52,445.0,0,0.0,0.0,,0.0,1,23.04,15.22,SPY230120C00390000,390.0,normalDay
2022-11-02,9992.0,-5769.0,0.0,100,374.87,445.0,0,0.0,0.0,,0.0,1,23.04,10.6,SPY230120C00390000,390.0,normalDay
2022-11-03,9992.0,-5979.0,0.0,100,371.01,445.0,0,0.0,0.0,,0.0,1,23.04,8.84,SPY230120C00390000,390.0,normalDay
2022-11-04,9992.0,-5629.0,0.0,100,376.35,445.0,0,0.0,0.0,,0.0,1,23.04,10.68,SPY230120C00390000,390.0,normalDay
2022-11-07,9992.0,-5389.0,0.0,100,379.95,445.0,0,0.0,0.0,,0.0,1,23.04,11.88,SPY230120C00390000,390.0,normalDay
2022-11-08,9992.0,-5277.0,0.0,100,382.0,445.0,0,0.0,0.0,,0.0,1,23.04,12.81,SPY230120C00390000,390.0,normalDay
2022-11-09,9992.0,-5748.0,0.0,100,374.13,445.0,0,0.0,0.0,,0.0,1,23.04,9.65,SPY230120C00390000,390.0,normalDay
2022-11-10,9992.0,-4700.0,0.0,100,394.69,445.0,0,0.0,0.0,,0.0,1,23.04,19.73,SPY230120C00390000,390.0,normalDay
2022-11-11,9992.0,-4472.0,0.0,100,398.51,445.0,0,0.0,0.0,,0.0,1,23.04,21.27,SPY230120C00390000,390.0,normalDay
2022-11-14,9992.0,-4619.0,0.0,100,395.12,445.0,0,0.0,0.0,,0.0,1,23.04,19.35,SPY230120C00390000,390.0,normalDay
2022-11-15,9992.0,-4471.0,0.0,100,398.49,445.0,0,0.0,0.0,,0.0,1,23.04,21.24,SPY230120C00390000,390.0,normalDay
2022-11-16,9992.0,-4547.0,0.0,100,395.45,445.0,0,0.0,0.0,,0.0,1,23.04,18.96,SPY230120C00390000,390.0,normalDay
2022-11-17,9992.0,-4554.0,0.0,100,394.24,445.0,0,0.0,0.0,,0.0,1,23.04,17.82,SPY230120C00390000,390.0,normalDay
2022-11-18,9992.0,-4420.0,0.0,100,396.03,445.0,0,0.0,0.0,,0.0,1,23.04,18.27,SPY230120C00390000,390.0,normalDay
2022-11-21,9992.0,-4430.0,0.0,100,394.59,445.0,0,0.0,0.0,,0.0,1,23.04,16.93,SPY230120C00390000,390.0,normalDay
2022-11-22,9992.0,-4175.0,0.0,100,399.9,445.0,0,0.0,0.0,,0.0,1,23.04,19.69,SPY230120C00390000,390.0,normalDay
2022-11-23,9992.0,-4062.0,0.0,100,402.42,445.0,0,0.0,0.0,,0.0,1,23.04,21.08,SPY230120C00390000,390.0,normalDay
2022-11-25,9992.0,-4243.0,0.0,100,402.33,445.0,0,0.0,0.0,,0.0,1,23.04,22.8,SPY230120C00390000,390.0,normalDay
2022-11-28,9992.0,-4289.0,0.0,100,395.91,445.0,0,0.0,0.0,,0.0,1,23.04,16.84,SPY230120C00390000,390.0,normalDay
2022-11-29,9992.0,-4273.0,0.0,100,395.23,445.0,0,0.0,0.0,,0.0,1,23.04,16.0,SPY230120C00390000,390.0,normalDay
2022-11-30,9992.0,-3877.0,0.0,100,407.68,445.0,0,0.0,0.0,,0.0,1,23.04,24.49,SPY230120C00390000,390.0,normalDay
2022-12-01,9992.0,-3806.0,0.0,100,407.38,445.0,0,0.0,0.0,,0.0,1,23.04,23.48,SPY230120C00390000,390.0,normalDay
2022-12-02,9992.0,-3765.0,0.0,100,406.91,445.0,0,0.0,0.0,,0.0,1,23.04,22.6,SPY230120C00390000,390.0,normalDay
2022-12-05,9992.0,-4006.0,0.0,100,399.59,445.0,0,0.0,0.0,,0.0,1,23.04,17.69,SPY230120C00390000,390.0,normalDay
2022-12-06,9992.0,-4252.0,0.0,100,393.83,445.0,0,0.0,0.0,,0.0,1,23.04,14.39,SPY230120C00390000,390.0,normalDay
2022-12-07,9992.0,-4283.0,0.0,100,393.16,445.0,0,0.0,0.0,,0.0,1,23.04,14.03,SPY230120C00390000,390.0,normalDay
2022-12-08,9992.0,-4124.0,0.0,100,396.24,445.0,0,0.0,0.0,,0.0,1,23.04,15.52,SPY230120C00390000,390.0,normalDay
2022-12-09,9992.0,-4240.0,0.0,100,393.28,445.0,0,0.0,0.0,,0.0,1,23.04,13.72,SPY230120C00390000,390.0,normalDay
2022-12-12,9992.0,-4012.0,0.0,100,398.95,445.0,0,0.0,0.0,,0.0,1,23.04,17.11,SPY230120C00390000,390.0,normalDay
2022-12-13,9992.0,-3839.0,0.0,100,401.97,445.0,0,0.0,0.0,,0.0,1,23.04,18.4,SPY230120C00390000,390.0,normalDay
2022-12-14,9992.0,-3883.0,0.0,100,399.4,445.0,0,0.0,0.0,,0.0,1,23.04,16.27,SPY230120C00390000,390.0,normalDay
2022-12-15,9992.0,-4212.0,0.0,100,389.63,445.0,0,0.0,0.0,,0.0,1,23.04,9.79,SPY230120C00390000,390.0,normalDay
2022-12-16,9992.0,-4588.0,0.0,100,383.27,445.0,0,0.0,0.0,,0.0,1,23.04,7.19,SPY230120C00390000,390.0,normalDay
2022-12-19,9992.0,-4727.0,0.0,100,380.02,445.0,0,0.0,0.0,,0.0,1,23.04,5.33,SPY230120C00390000,390.0,normalDay
2022-12-20,9992.0,-4672.0,0.0,100,380.54,445.0,0,0.0,0.0,,0.0,1,23.04,5.3,SPY230120C00390000,390.0,normalDay
2022-12-21,9992.0,-4300.0,0.0,100,386.23,445.0,0,0.0,0.0,,0.0,1,23.04,7.27,SPY230120C00390000,390.0,normalDay
2022-12-22,9992.0,-4641.0,0.0,100,380.72,445.0,0,0.0,0.0,,0.0,1,23.04,5.17,SPY230120C00390000,390.0,normalDay
2022-12-23,9992.0,-4459.0,0.0,100,382.91,445.0,0,0.0,0.0,,0.0,1,23.04,5.54,SPY230120C00390000,390.0,normalDay
2022-12-27,9992.0,-4534.0,0.0,100,381.4,445.0,0,0.0,0.0,,0.0,1,23.04,4.78,SPY230120C00390000,390.0,normalDay
2022-12-28,9992.0,-4848.0,0.0,100,376.66,445.0,0,0.0,0.0,,0.0,1,23.04,3.18,SPY230120C00390000,390.0,normalDay
2022-12-29,9992.0,-4359.0,0.0,100,383.44,445.0,0,0.0,0.0,,0.0,1,23.04,5.07,SPY230120C00390000,390.0,normalDay
2022-12-30,9992.0,-4416.0,0.0,100,382.43,445.0,0,0.0,0.0,,0.0,1,23.04,4.63,SPY230120C00390000,390.0,normalDay
2023-01-03,9992.0,-4455.0,0.0,100,380.82,445.0,0,0.0,0.0,,0.0,1,23.04,3.41,SPY230120C00390000,390.0,normalDay
2023-01-04,9992.0,-4243.0,0.0,100,383.76,445.0,0,0.0,0.0,,0.0,1,23.04,4.23,SPY230120C00390000,390.0,normalDay
2023-01-05,9992.0,-4524.0,0.0,100,379.38,445.0,0,0.0,0.0,,0.0,1,23.04,2.66,SPY230120C00390000,390.0,normalDay
2023-01-06,9992.0,-3913.0,0.0,100,388.08,445.0,0,0.0,0.0,,0.0,1,23.04,5.25,SPY230120C00390000,390.0,normalDay
2023-01-09,9992.0,-3907.0,0.0,100,387.86,445.0,0,0.0,0.0,,0.0,1,23.04,4.97,SPY230120C00390000,390.0,normalDay
2023-01-10,9992.0,-3740.0,0.0,100,390.58,445.0,0,0.0,0.0,,0.0,1,23.04,6.02,SPY230120C00390000,390.0,normalDay
2023-01-11,9992.0,-3559.0,0.0,100,395.52,445.0,0,0.0,0.0,,0.0,1,23.04,9.15,SPY230120C00390000,390.0,normalDay
2023-01-12,9992.0,-3372.0,0.0,100,396.96,445.0,0,0.0,0.0,,0.0,1,23.04,8.72,SPY230120C00390000,390.0,normalDay
2023-01-13,9992.0,-3269.0,0.0,100,398.5,445.0,0,0.0,0.0,,0.0,1,23.04,9.23,SPY230120C00390000,390.0,normalDay
2023-01-17,9992.0,-3275.0,0.0,100,397.77,445.0,0,0.0,0.0,,0.0,1,23.04,8.56,SPY230120C00390000,390.0,normalDay
2023-01-18,9992.0,-3358.0,0.0,100,391.49,445.0,0,0.0,0.0,,0.0,1,23.04,3.11,SPY230120C00390000,390.0,normalDay
2023-01-19,9992.0,-3443.0,0.0,100,388.64,445.0,0,0.0,0.0,,0.0,1,23.04,1.11,SPY230120C00390000,390.0,normalDay
2023-01-20,6796.0,-3443.0,-3196.0,0,395.88,0.0,0,0.0,0.0,,0.0,1,23.04,0.0,SPY230120C00390000,390.0,expirationDay
2023-01-23,6796.0,-3.0,0.0,0,400.63,0.0,1,0.14,0.17,SPY230203P00361000,361.0,0,0.0,0.0,,0.0,normalDay
2023-01-24,6796.0,-1.0,0.0,0,400.2,0.0,1,0.14,0.15,SPY230203P00361000,361.0,0,0.0,0.0,,0.0,normalDay
2023-01-25,6796.0,4.0,0.0,0,400.35,0.0,1,0.14,0.1,SPY230203P00361000,361.0,0,0.0,0.0,,0.0,normalDay
2023-01-26,6796.0,8.0,0.0,0,404.75,0.0,1,0.14,0.06,SPY230203P00361000,361.0,0,0.0,0.0,,0.0,normalDay
2023-01-27,6796.0,9.0,0.0,0,405.68,0.0,1,0.14,0.05,SPY230203P00361000,361.0,0,0.0,0.0,,0.0,normalDay
2023-01-30,6796.0,10.0,0.0,0,400.59,0.0,1,0.14,0.04,SPY230203P00361000,361.0,0,0.0,0.0,,0.0,normalDay
2023-01-31,6796.0,11.0,0.0,0,406.48,0.0,1,0.14,0.03,SPY230203P00361000,361.0,0,0.0,0.0,,0.0,normalDay
2023-02-01,6796.0,12.0,0.0,0,410.8,0.0,1,0.14,0.02,SPY230203P00361000,361.0,0,0.0,0.0,,0.0,normalDay
2023-02-02,6796.0,13.0,0.0,0,416.78,0.0,1,0.14,0.01,SPY230203P00361000,361.0,0,0.0,0.0,,0.0,normalDay
2023-02-03,6810.0,0.0,14.0,0,412.35,0.0,1,0.14,0.0,SPY230203P00361000,361.0,0,0.0,0.0,,0.0,expirationDay
2023-02-06,6810.0,-3.0,0.0,0,409.83,0.0,1,0.15,0.18,SPY230217P00371000,371.0,0,0.0,0.0,,0.0,normalDay
2023-02-07,6810.0,4.0,0.0,0,415.19,0.0,1,0.15,0.11,SPY230217P00371000,371.0,0,0.0,0.0,,0.0,normalDay
2023-02-08,6810.0,4.0,0.0,0,410.65,0.0,1,0.15,0.11,SPY230217P00371000,371.0,0,0.0,0.0,,0.0,normalDay
2023-02-09,6810.0,0.0,0.0,0,407.09,0.0,1,0.15,0.15,SPY230217P00371000,371.0,0,0.0,0.0,,0.0,normalDay
2023-02-10,6810.0,5.0,0.0,0,408.04,0.0,1,0.15,0.1,SPY230217P00371000,371.0,0,0.0,0.0,,0.0,normalDay
2023-02-13,6810.0,9.0,0.0,0,412.83,0.0,1,0.15,0.06,SPY230217P00371000,371.0,0,0.0,0.0,,0.0,normalDay
2023-02-14,6810.0,12.0,0.0,0,412.64,0.0,1,0.15,0.03,SPY230217P00371000,371.0,0,0.0,0.0,,0.0,normalDay
2023-02-15,6810.0,13.0,0.0,0,413.98,0.0,1,0.15,0.02,SPY230217P00371000,371.0,0,0.0,0.0,,0.0,normalDay
2023-02-16,6810.0,10.0,0.0,0,408.28,0.0,1,0.15,0.05,SPY230217P00371000,371.0,0,0.0,0.0,,0.0,normalDay
2023-02-17,6825.0,0.0,15.0,0,407.26,0.0,1,0.15,0.0,SPY230217P00371000,371.0,0,0.0,0.0,,0.0,expirationDay
2023-02-21,6825.0,-3.0,0.0,0,399.09,0.0,1,1.89,1.92,SPY230303P00389000,389.0,0,0.0,0.0,,0.0,normalDay
2023-02-22,6825.0,39.0,0.0,0,398.54,0.0,1,1.89,1.5,SPY230303P00389000,389.0,0,0.0,0.0,,0.0,normalDay
2023-02-23,6825.0,104.0,0.0,0,400.66,0.0,1,1.89,0.85,SPY230303P00389000,389.0,0,0.0,0.0,,0.0,normalDay
2023-02-24,6825.0,60.0,0.0,0,396.38,0.0,1,1.89,1.29,SPY230303P00389000,389.0,0,0.0,0.0,,0.0,normalDay
2023-02-27,6825.0,134.0,0.0,0,397.73,0.0,1,1.89,0.55,SPY230303P00389000,389.0,0,0.0,0.0,,0.0,normalDay
2023-02-28,6825.0,127.0,0.0,0,396.26,0.0,1,1.89,0.62,SPY230303P00389000,389.0,0,0.0,0.0,,0.0,normalDay
2023-03-01,6825.0,139.0,0.0,0,394.74,0.0,1,1.89,0.5,SPY230303P00389000,389.0,0,0.0,0.0,,0.0,normalDay
2023-03-02,6825.0,183.0,0.0,0,397.81,0.0,1,1.89,0.06,SPY230303P00389000,389.0,0,0.0,0.0,,0.0,normalDay
2023-03-03,7014.0,0.0,189.0,0,404.19,0.0,1,1.89,0.0,SPY230303P00389000,389.0,0,0.0,0.0,,0.0,expirationDay
2023-03-06,7014.0,-3.0,0.0,0,404.47,0.0,1,0.44,0.47,SPY230317P00380000,380.0,0,0.0,0.0,,0.0,normalDay
2023-03-07,7014.0,-48.0,0.0,0,398.27,0.0,1,0.44,0.92,SPY230317P00380000,380.0,0,0.0,0.0,,0.0,normalDay
2023-03-08,7014.0,-30.0,0.0,0,398.92,0.0,1,0.44,0.74,SPY230317P00380000,380.0,0,0.0,0.0,,0.0,normalDay
2023-03-09,7014.0,-186.0,0.0,0,391.56,0.0,1,0.44,2.3,SPY230317P00380000,380.0,0,0.0,0.0,,0.0,normalDay
2023-03-10,7014.0,-317.0,0.0,0,385.91,0.0,1,0.44,3.61,SPY230317P00380000,380.0,0,0.0,0.0,,0.0,normalDay
2023-03-13,7014.0,-318.0,0.0,0,385.36,0.0,1,0.44,3.62,SPY230317P00380000,380.0,0,0.0,0.0,,0.0,normalDay
2023-03-14,7014.0,-44.0,0.0,0,391.73,0.0,1,0.44,0.88,SPY230317P00380000,380.0,0,0.0,0.0,,0.0,normalDay
2023-03-15,7014.0,-69.0,0.0,0,389.28,0.0,1,0.44,1.13,SPY230317P00380000,380.0,0,0.0,0.0,,0.0,normalDay
2023-03-16,7014.0,37.0,0.0,0,396.11,0.0,1,0.44,0.07,SPY230317P00380000,380.0,0,0.0,0.0,,0.0,normalDay
2023-03-17,7058.0,0.0,44.0,0,389.99,0.0,1,0.44,0.0,SPY230317P00380000,380.0,0,0.0,0.0,,0.0,expirationDay
2023-03-20,7058.0,-4.0,0.0,0,393.74,0.0,1,1.83,1.87,SPY230331P00376000,376.0,0,0.0,0.0,,0.0,normalDay
2023-03-21,7058.0,106.0,0.0,0,398.91,0.0,1,1.83,0.77,SPY230331P00376000,376.0,0,0.0,0.0,,0.0,normalDay
2023-03-22,7058.0,49.0,0.0,0,392.11,0.0,1,1.83,1.34,SPY230331P00376000,376.0,0,0.0,0.0,,0.0,normalDay
2023-03-23,7058.0,73.0,0.0,0,393.17,0.0,1,1.83,1.1,SPY230331P00376000,376.0,0,0.0,0.0,,0.0,normalDay
2023-03-24,7058.0,138.0,0.0,0,395.75,0.0,1,1.83,0.45,SPY230331P00376000,376.0,0,0.0,0.0,,0.0,normalDay
2023-03-27,7058.0,171.0,0.0,0,396.49,0.0,1,1.83,0.12,SPY230331P00376000,376.0,0,0.0,0.0,,0.0,normalDay
2023-03-28,7058.0,176.0,0.0,0,395.6,0.0,1,1.83,0.07,SPY230331P00376000,376.0,0,0.0,0.0,,0.0,normalDay
2023-03-29,7058.0,179.0,0.0,0,401.35,0.0,1,1.83,0.04,SPY230331P00376000,376.0,0,0.0,0.0,,0.0,normalDay
2023-03-30,7058.0,180.0,0.0,0,403.7,0.0,1,1.83,0.03,SPY230331P00376000,376.0,0,0.0,0.0,,0.0,normalDay
2023-03-31,7241.0,0.0,183.0,0,409.39,0.0,1,1.83,0.0,SPY230331P00376000,376.0,0,0.0,0.0,,0.0,expirationDay
2023-04-03,7241.0,-3.0,0.0,0,410.95,0.0,1,0.08,0.11,SPY230414P00371000,371.0,0,0.0,0.0,,0.0,normalDay
2023-04-04,7241.0,-3.0,0.0,0,408.67,0.0,1,0.08,0.11,SPY230414P00371000,371.0,0,0.0,0.0,,0.0,normalDay
2023-04-05,7241.0,0.0,0.0,0,407.6,0.0,1,0.08,0.08,SPY230414P00371000,371.0,0,0.0,0.0,,0.0,normalDay
2023-04-06,7241.0,4.0,0.0,0,409.19,0.0,1,0.08,0.04,SPY230414P00371000,371.0,0,0.0,0.0,,0.0,normalDay
2023-04-10,7241.0,5.0,0.0,0,409.61,0.0,1,0.08,0.03,SPY230414P00371000,371.0,0,0.0,0.0,,0.0,normalDay
2023-04-11,7241.0,5.0,0.0,0,409.72,0.0,1,0.08,0.03,SPY230414P00371000,371.0,0,0.0,0.0,,0.0,normalDay
2023-04-12,7241.0,6.0,0.0,0,408.05,0.0,1,0.08,0.02,SPY230414P00371000,371.0,0,0.0,0.0,,0.0,normalDay
2023-04-13,7241.0,7.0,0.0,0,413.47,0.0,1,0.08,0.01,SPY230414P00371000,371.0,0,0.0,0.0,,0.0,normalDay
2023-04-14,7249.0,0.0,8.0,0,412.46,0.0,1,0.08,0.0,SPY230414P00371000,371.0,0,0.0,0.0,,0.0,expirationDay
2023-04-17,7249.0,-3.0,0.0,0,413.94,0.0,1,0.07,0.1,SPY230428P00376000,376.0,0,0.0,0.0,,0.0,normalDay
2023-04-18,7249.0,-3.0,0.0,0,414.21,0.0,1,0.07,0.1,SPY230428P00376000,376.0,0,0.0,0.0,,0.0,normalDay
2023-04-19,7249.0,0.0,0.0,0,414.14,0.0,1,0.07,0.07,SPY230428P00376000,376.0,0,0.0,0.0,,0.0,normalDay
2023-04-20,7249.0,1.0,0.0,0,411.88,0.0,1,0.07,0.06,SPY230428P00376000,376.0,0,0.0,0.0,,0.0,normalDay
2023-04-21,7249.0,2.0,0.0,0,412.2,0.0,1,0.07,0.05,SPY230428P00376000,376.0,0,0.0,0.0,,0.0,normalDay
2023-04-24,7249.0,5.0,0.0,0,412.63,0.0,1,0.07,0.02,SPY230428P00376000,376.0,0,0.0,0.0,,0.0,normalDay
2023-04-25,7249.0,4.0,0.0,0,406.08,0.0,1,0.07,0.03,SPY230428P00376000,376.0,0,0.0,0.0,,0.0,normalDay
2023-04-26,7249.0,4.0,0.0,0,404.36,0.0,1,0.07,0.03,SPY230428P00376000,376.0,0,0.0,0.0,,0.0,normalDay
2023-04-27,7249.0,5.0,0.0,0,412.41,0.0,1,0.07,0.02,SPY230428P00376000,376.0,0,0.0,0.0,,0.0,normalDay
2023-04-28,7256.0,0.0,7.0,0,415.93,0.0,1,0.07,0.0,SPY230428P00376000,376.0,0,0.0,0.0,,0.0,expirationDay
2023-05-01,7256.0,-3.0,0.0,0,415.51,0.0,1,0.61,0.64,SPY230512P00399000,399.0,0,0.0,0.0,,0.0,normalDay
2023-05-02,7256.0,-72.0,0.0,0,410.84,0.0,1,0.61,1.33,SPY230512P00399000,399.0,0,0.0,0.0,,0.0,normalDay
2023-05-03,7256.0,-94.0,0.0,0,408.02,0.0,1,0.61,1.55,SPY230512P00399000,399.0,0,0.0,0.0,,0.0,normalDay
2023-05-04,7256.0,-184.0,0.0,0,405.13,0.0,1,0.61,2.45,SPY230512P00399000,399.0,0,0.0,0.0,,0.0,normalDay
2023-05-05,7256.0,18.0,0.0,0,412.63,0.0,1,0.61,0.43,SPY230512P00399000,399.0,0,0.0,0.0,,0.0,normalDay
2023-05-08,7256.0,41.0,0.0,0,412.74,0.0,1,0.61,0.2,SPY230512P00399000,399.0,0,0.0,0.0,,0.0,normalDay
2023-05-09,7256.0,42.0,0.0,0,410.93,0.0,1,0.61,0.19,SPY230512P00399000,399.0,0,0.0,0.0,,0.0,normalDay
2023-05-10,7256.0,54.0,0.0,0,412.85,0.0,1,0.61,0.07,SPY230512P00399000,399.0,0,0.0,0.0,,0.0,normalDay
2023-05-11,7256.0,58.0,0.0,0,412.13,0.0,1,0.61,0.03,SPY230512P00399000,399.0,0,0.0,0.0,,0.0,normalDay
2023-05-12,7317.0,0.0,61.0,0,411.59,0.0,1,0.61,0.0,SPY230512P00399000,399.0,0,0.0,0.0,,0.0,expirationDay
2023-05-15,7317.0,-3.0,0.0,0,413.01,0.0,1,0.8,0.83,SPY230526P00400000,400.0,0,0.0,0.0,,0.0,normalDay
2023-05-16,7317.0,-38.0,0.0,0,410.25,0.0,1,0.8,1.18,SPY230526P00400000,400.0,0,0.0,0.0,,0.0,normalDay
2023-05-17,7317.0,33.0,0.0,0,415.23,0.0,1,0.8,0.47,SPY230526P00400000,400.0,0,0.0,0.0,,0.0,normalDay
2023-05-18,7317.0,58.0,0.0,0,419.23,0.0,1,0.8,0.22,SPY230526P00400000,400.0,0,0.0,0.0,,0.0,normalDay
2023-05-19,7317.0,65.0,0.0,0,418.62,0.0,1,0.8,0.15,SPY230526P00400000,400.0,0,0.0,0.0,,0.0,normalDay
2023-05-22,7317.0,71.0,0.0,0,418.79,0.0,1,0.8,0.09,SPY230526P00400000,400.0,0,0.0,0.0,,0.0,normalDay
2023-05-23,7317.0,67.0,0.0,0,414.09,0.0,1,0.8,0.13,SPY230526P00400000,400.0,0,0.0,0.0,,0.0,normalDay
2023-05-24,7317.0,65.0,0.0,0,411.09,0.0,1,0.8,0.15,SPY230526P00400000,400.0,0,0.0,0.0,,0.0,normalDay
2023-05-25,7317.0,74.0,0.0,0,414.65,0.0,1,0.8,0.06,SPY230526P00400000,400.0,0,0.0,0.0,,0.0,normalDay
2023-05-26,7397.0,0.0,80.0,0,420.02,0.0,1,0.8,0.0,SPY230526P00400000,400.0,0,0.0,0.0,,0.0,expirationDay
2023-05-30,7397.0,-3.0,0.0,0,420.18,0.0,1,0.38,0.41,SPY230609P00399000,399.0,0,0.0,0.0,,0.0,normalDay
2023-05-31,7397.0,-3.0,0.0,0,417.85,0.0,1,0.38,0.41,SPY230609P00399000,399.0,0,0.0,0.0,,0.0,normalDay
2023-06-01,7397.0,21.0,0.0,0,421.82,0.0,1,0.38,0.17,SPY230609P00399000,399.0,0,0.0,0.0,,0.0,normalDay
2023-06-02,7397.0,32.0,0.0,0,427.92,0.0,1,0.38,0.06,SPY230609P00399000,399.0,0,0.0,0.0,,0.0,normalDay
2023-06-05,7397.0,34.0,0.0,0,427.1,0.0,1,0.38,0.04,SPY230609P00399000,399.0,0,0.0,0.0,,0.0,normalDay
2023-06-06,7397.0,35.0,0.0,0,428.03,0.0,1,0.38,0.03,SPY230609P00399000,399.0,0,0.0,0.0,,0.0,normalDay
2023-06-07,7397.0,35.0,0.0,0,426.55,0.0,1,0.38,0.03,SPY230609P00399000,399.0,0,0.0,0.0,,0.0,normalDay
2023-06-08,7397.0,36.0,0.0,0,429.13,0.0,1,0.38,0.02,SPY230609P00399000,399.0,0,0.0,0.0,,0.0,normalDay
2023-06-09,7435.0,0.0,38.0,0,429.9,0.0,1,0.38,0.0,SPY230609P00399000,399.0,0,0.0,0.0,,0.0,expirationDay
2023-06-12,7435.0,-3.0,0.0,0,433.8,0.0,1,0.12,0.15,SPY230623P00395000,395.0,0,0.0,0.0,,0.0,normalDay
2023-06-13,7435.0,-1.0,0.0,0,436.66,0.0,1,0.12,0.13,SPY230623P00395000,395.0,0,0.0,0.0,,0.0,normalDay
2023-06-14,7435.0,4.0,0.0,0,437.18,0.0,1,0.12,0.08,SPY230623P00395000,395.0,0,0.0,0.0,,0.0,normalDay
2023-06-15,7435.0,4.0,0.0,0,442.6,0.0,1,0.12,0.08,SPY230623P00395000,395.0,0,0.0,0.0,,0.0,normalDay
2023-06-16,7435.0,9.0,0.0,0,439.46,0.0,1,0.12,0.03,SPY230623P00395000,395.0,0,0.0,0.0,,0.0,normalDay
2023-06-20,7435.0,10.0,0.0,0,437.18,0.0,1,0.12,0.02,SPY230623P00395000,395.0,0,0.0,0.0,,0.0,normalDay
2023-06-21,7435.0,10.0,0.0,0,434.94,0.0,1,0.12,0.02,SPY230623P00395000,395.0,0,0.0,0.0,,0.0,normalDay
2023-06-22,7435.0,11.0,0.0,0,436.51,0.0,1,0.12,0.01,SPY230623P00395000,395.0,0,0.0,0.0,,0.0,normalDay
2023-06-23,7447.0,0.0,12.0,0,433.21,0.0,1,0.12,0.0,SPY230623P00395000,395.0,0,0.0,0.0,,0.0,expirationDay
2023-06-26,7447.0,-3.0,0.0,0,431.44,0.0,1,0.15,0.18,SPY230707P00405000,405.0,0,0.0,0.0,,0.0,normalDay
2023-06-27,7447.0,3.0,0.0,0,436.17,0.0,1,0.15,0.12,SPY230707P00405000,405.0,0,0.0,0.0,,0.0,normalDay
2023-06-28,7447.0,7.0,0.0,0,436.39,0.0,1,0.15,0.08,SPY230707P00405000,405.0,0,0.0,0.0,,0.0,normalDay
2023-06-29,7447.0,8.0,0.0,0,438.11,0.0,1,0.15,0.07,SPY230707P00405000,405.0,0,0.0,0.0,,0.0,normalDay
2023-06-30,7447.0,10.0,0.0,0,443.28,0.0,1,0.15,0.05,SPY230707P00405000,405.0,0,0.0,0.0,,0.0,normalDay
2023-07-03,7447.0,11.0,0.0,0,443.79,0.0,1,0.15,0.04,SPY230707P00405000,405.0,0,0.0,0.0,,0.0,normalDay
2023-07-05,7447.0,13.0,0.0,0,443.13,0.0,1,0.15,0.02,SPY230707P00405000,405.0,0,0.0,0.0,,0.0,normalDay
2023-07-06,7447.0,13.0,0.0,0,439.66,0.0,1,0.15,0.02,SPY230707P00405000,405.0,0,0.0,0.0,,0.0,normalDay
2023-07-07,7462.0,0.0,15.0,0,438.55,0.0,1,0.15,0.0,SPY230707P00405000,405.0,0,0.0,0.0,,0.0,expirationDay
2023-07-10,7462.0,-3.0,0.0,0,439.66,0.0,1,0.4,0.43,SPY230721P00423000,423.0,0,0.0,0.0,,0.0,normalDay
2023-07-11,7462.0,9.0,0.0,0,442.46,0.0,1,0.4,0.31,SPY230721P00423000,423.0,0,0.0,0.0,,0.0,normalDay
2023-07-12,7462.0,26.0,0.0,0,446.02,0.0,1,0.4,0.14,SPY230721P00423000,423.0,0,0.0,0.0,,0.0,normalDay
2023-07-13,7462.0,27.0,0.0,0,449.56,0.0,1,0.4,0.13,SPY230721P00423000,423.0,0,0.0,0.0,,0.0,normalDay
2023-07-14,7462.0,31.0,0.0,0,449.28,0.0,1,0.4,0.09,SPY230721P00423000,423.0,0,0.0,0.0,,0.0,normalDay
2023-07-17,7462.0,35.0,0.0,0,450.84,0.0,1,0.4,0.05,SPY230721P00423000,423.0,0,0.0,0.0,,0.0,normalDay
2023-07-18,7462.0,35.0,0.0,0,454.19,0.0,1,0.4,0.05,SPY230721P00423000,423.0,0,0.0,0.0,,0.0,normalDay
2023-07-19,7462.0,36.0,0.0,0,455.2,0.0,1,0.4,0.04,SPY230721P00423000,423.0,0,0.0,0.0,,0.0,normalDay
2023-07-20,7462.0,38.0,0.0,0,452.18,0.0,1,0.4,0.02,SPY230721P00423000,423.0,0,0.0,0.0,,0.0,normalDay
2023-07-21,7502.0,0.0,40.0,0,452.18,0.0,1,0.4,0.0,SPY230721P00423000,423.0,0,0.0,0.0,,0.0,expirationDay
2023-07-24,7502.0,-3.0,0.0,0,454.2,0.0,1,0.1,0.13,SPY230804P00419000,419.0,0,0.0,0.0,,0.0,normalDay
2023-07-25,7502.0,-1.0,0.0,0,455.44,0.0,1,0.1,0.11,SPY230804P00419000,419.0,0,0.0,0.0,,0.0,normalDay
2023-07-26,7502.0,3.0,0.0,0,455.51,0.0,1,0.1,0.07,SPY230804P00419000,419.0,0,0.0,0.0,,0.0,normalDay
2023-07-27,7502.0,-2.0,0.0,0,452.49,0.0,1,0.1,0.12,SPY230804P00419000,419.0,0,0.0,0.0,,0.0,normalDay
2023-07-28,7502.0,6.0,0.0,0,456.92,0.0,1,0.1,0.04,SPY230804P00419000,419.0,0,0.0,0.0,,0.0,normalDay
2023-07-31,7502.0,6.0,0.0,0,457.79,0.0,1,0.1,0.04,SPY230804P00419000,419.0,0,0.0,0.0,,0.0,normalDay
2023-08-01,7502.0,7.0,0.0,0,456.48,0.0,1,0.1,0.03,SPY230804P00419000,419.0,0,0.0,0.0,,0.0,normalDay
2023-08-02,7502.0,6.0,0.0,0,450.13,0.0,1,0.1,0.04,SPY230804P00419000,419.0,0,0.0,0.0,,0.0,normalDay
2023-08-03,7502.0,8.0,0.0,0,448.84,0.0,1,0.1,0.02,SPY230804P00419000,419.0,0,0.0,0.0,,0.0,normalDay
2023-08-04,7512.0,0.0,10.0,0,446.81,0.0,1,0.1,0.0,SPY230804P00419000,419.0,0,0.0,0.0,,0.0,expirationDay
2023-08-07,7512.0,-3.0,0.0,0,450.71,0.0,1,0.79,0.82,SPY230818P00437000,437.0,0,0.0,0.0,,0.0,normalDay
2023-08-08,7512.0,-15.0,0.0,0,448.75,0.0,1,0.79,0.94,SPY230818P00437000,437.0,0,0.0,0.0,,0.0,normalDay
2023-08-09,7512.0,-44.0,0.0,0,445.75,0.0,1,0.79,1.23,SPY230818P00437000,437.0,0,0.0,0.0,,0.0,normalDay
2023-08-10,7512.0,-33.0,0.0,0,445.91,0.0,1,0.79,1.12,SPY230818P00437000,437.0,0,0.0,0.0,,0.0,normalDay
2023-08-11,7512.0,8.0,0.0,0,445.65,0.0,1,0.79,0.71,SPY230818P00437000,437.0,0,0.0,0.0,,0.0,normalDay
2023-08-14,7512.0,53.0,0.0,0,448.11,0.0,1,0.79,0.26,SPY230818P00437000,437.0,0,0.0,0.0,,0.0,normalDay
2023-08-15,7512.0,7.0,0.0,0,442.89,0.0,1,0.79,0.72,SPY230818P00437000,437.0,0,0.0,0.0,,0.0,normalDay
2023-08-16,7512.0,-22.0,0.0,0,439.64,0.0,1,0.79,1.01,SPY230818P00437000,437.0,0,0.0,0.0,,0.0,normalDay
2023-08-17,7512.0,-114.0,0.0,0,436.29,0.0,1,0.79,1.93,SPY230818P00437000,437.0,0,0.0,0.0,,0.0,normalDay
2023-08-18,7591.0,-50.0,79.0,100,436.5,437.0,1,0.79,0.0,SPY230818P00437000,437.0,0,0.0,0.0,,0.0,expirationDay
2023-08-21,7591.0,223.0,0.0,100,439.34,437.0,0,0.0,0.0,,0.0,1,18.3,18.41,SPY240328C00455000,455.0,normalDay
2023-08-22,7591.0,165.0,0.0,100,438.15,437.0,0,0.0,0.0,,0.0,1,18.3,17.8,SPY240328C00455000,455.0,normalDay
2023-08-23,7591.0,415.0,0.0,100,443.03,437.0,0,0.0,0.0,,0.0,1,18.3,20.18,SPY240328C00455000,455.0,normalDay
2023-08-24,7591.0,117.0,0.0,100,436.89,437.0,0,0.0,0.0,,0.0,1,18.3,17.02,SPY240328C00455000,455.0,normalDay
2023-08-25,7591.0,329.0,0.0,100,439.97,437.0,0,0.0,0.0,,0.0,1,18.3,17.98,SPY240328C00455000,455.0,normalDay
2023-08-28,7591.0,487.0,0.0,100,442.76,437.0,0,0.0,0.0,,0.0,1,18.3,19.19,SPY240328C00455000,455.0,normalDay
2023-08-29,7591.0,778.0,0.0,100,449.16,437.0,0,0.0,0.0,,0.0,1,18.3,22.68,SPY240328C00455000,455.0,normalDay
2023-08-30,7591.0,883.0,0.0,100,451.01,437.0,0,0.0,0.0,,0.0,1,18.3,23.48,SPY240328C00455000,455.0,normalDay
2023-08-31,7591.0,876.0,0.0,100,450.35,437.0,0,0.0,0.0,,0.0,1,18.3,22.89,SPY240328C00455000,455.0,normalDay
2023-09-01,7591.0,965.0,0.0,100,451.19,437.0,0,0.0,0.0,,0.0,1,18.3,22.84,SPY240328C00455000,455.0,normalDay
2023-09-05,7591.0,880.0,0.0,100,449.24,437.0,0,0.0,0.0,,0.0,1,18.3,21.74,SPY240328C00455000,455.0,normalDay
2023-09-06,7591.0,760.0,0.0,100,446.22,437.0,0,0.0,0.0,,0.0,1,18.3,19.92,SPY240328C00455000,455.0,normalDay
2023-09-07,7591.0,725.0,0.0,100,444.85,437.0,0,0.0,0.0,,0.0,1,18.3,18.9,SPY240328C00455000,455.0,normalDay
2023-09-08,7591.0,767.0,0.0,100,445.52,437.0,0,0.0,0.0,,0.0,1,18.3,19.15,SPY240328C00455000,455.0,normalDay
2023-09-11,7591.0,940.0,0.0,100,448.45,437.0,0,0.0,0.0,,0.0,1,18.3,20.35,SPY240328C00455000,455.0,normalDay
2023-09-12,7591.0,832.0,0.0,100,445.99,437.0,0,0.0,0.0,,0.0,1,18.3,18.97,SPY240328C00455000,455.0,normalDay
2023-09-13,7591.0,888.0,0.0,100,446.51,437.0,0,0.0,0.0,,0.0,1,18.3,18.93,SPY240328C00455000,455.0,normalDay
2023-09-14,7591.0,1080.0,0.0,100,450.36,437.0,0,0.0,0.0,,0.0,1,18.3,20.86,SPY240328C00455000,455.0,normalDay
2023-09-15,7591.0,705.0,0.0,100,443.37,437.0,0,0.0,0.0,,0.0,1,18.3,17.62,SPY240328C00455000,455.0,normalDay
2023-09-18,7591.0,733.0,0.0,100,443.63,437.0,0,0.0,0.0,,0.0,1,18.3,17.6,SPY240328C00455000,455.0,normalDay
2023-09-19,7591.0,691.0,0.0,100,442.71,437.0,0,0.0,0.0,,0.0,1,18.3,17.1,SPY240328C00455000,455.0,normalDay
2023-09-20,7591.0,499.0,0.0,100,438.64,437.0,0,0.0,0.0,,0.0,1,18.3,14.95,SPY240328C00455000,455.0,normalDay
2023-09-21,7591.0,88.0,0.0,100,431.39,437.0,0,0.0,0.0,,0.0,1,18.3,11.81,SPY240328C00455000,455.0,normalDay
2023-09-22,7591.0,7.0,0.0,100,430.42,437.0,0,0.0,0.0,,0.0,1,18.3,11.65,SPY240328C00455000,455.0,normalDay
2023-09-25,7591.0,137.0,0.0,100,432.23,437.0,0,0.0,0.0,,0.0,1,18.3,12.16,SPY240328C00455000,455.0,normalDay
2023-09-26,7591.0,-312.0,0.0,100,425.88,437.0,0,0.0,0.0,,0.0,1,18.3,10.3,SPY240328C00455000,455.0,normalDay
2023-09-27,7591.0,-275.0,0.0,100,426.05,437.0,0,0.0,0.0,,0.0,1,18.3,10.1,SPY240328C00455000,455.0,normalDay
2023-09-28,7591.0,-52.0,0.0,100,428.52,437.0,0,0.0,0.0,,0.0,1,18.3,10.34,SPY240328C00455000,455.0,normalDay
2023-09-29,7591.0,-162.0,0.0,100,427.48,437.0,0,0.0,0.0,,0.0,1,18.3,10.4,SPY240328C00455000,455.0,normalDay
2023-10-02,7591.0,-120.0,0.0,100,427.31,437.0,0,0.0,0.0,,0.0,1,18.3,9.81,SPY240328C00455000,455.0,normalDay
2023-10-03,7591.0,-556.0,0.0,100,421.59,437.0,0,0.0,0.0,,0.0,1,18.3,8.45,SPY240328C00455000,455.0,normalDay
2023-10-04,7591.0,-308.0,0.0,100,424.66,437.0,0,0.0,0.0,,0.0,1,18.3,9.04,SPY240328C00455000,455.0,normalDay
2023-10-05,7591.0,-291.0,0.0,100,424.5,437.0,0,0.0,0.0,,0.0,1,18.3,8.71,SPY240328C00455000,455.0,normalDay
2023-10-06,7591.0,25.0,0.0,100,429.54,437.0,0,0.0,0.0,,0.0,1,18.3,10.59,SPY240328C00455000,455.0,normalDay
2023-10-09,7591.0,194.0,0.0,100,432.29,437.0,0,0.0,0.0,,0.0,1,18.3,11.65,SPY240328C00455000,455.0,normalDay
2023-10-10,7591.0,357.0,0.0,100,434.54,437.0,0,0.0,0.0,,0.0,1,18.3,12.27,SPY240328C00455000,455.0,normalDay
2023-10-11,7591.0,482.0,0.0,100,436.32,437.0,0,0.0,0.0,,0.0,1,18.3,12.8,SPY240328C00455000,455.0,normalDay
2023-10-12,7591.0,367.0,0.0,100,433.66,437.0,0,0.0,0.0,,0.0,1,18.3,11.29,SPY240328C00455000,455.0,normalDay
2023-10-13,7591.0,198.0,0.0,100,431.5,437.0,0,0.0,0.0,,0.0,1,18.3,10.82,SPY240328C00455000,455.0,normalDay
2023-10-16,7591.0,512.0,0.0,100,436.04,437.0,0,0.0,0.0,,0.0,1,18.3,12.22,SPY240328C00455000,455.0,normalDay
2023-10-17,7591.0,519.0,0.0,100,436.02,437.0,0,0.0,0.0,,0.0,1,18.3,12.13,SPY240328C00455000,455.0,normalDay
2023-10-18,7591.0,128.0,0.0,100,430.21,437.0,0,0.0,0.0,,0.0,1,18.3,10.23,SPY240328C00455000,455.0,normalDay
2023-10-19,7591.0,-94.0,0.0,100,426.43,437.0,0,0.0,0.0,,0.0,1,18.3,8.67,SPY240328C00455000,455.0,normalDay
2023-10-20,7591.0,-462.0,0.0,100,421.19,437.0,0,0.0,0.0,,0.0,1,18.3,7.11,SPY240328C00455000,455.0,normalDay
2023-10-23,7591.0,-491.0,0.0,100,420.46,437.0,0,0.0,0.0,,0.0,1,18.3,6.67,SPY240328C00455000,455.0,normalDay
2023-10-24,7591.0,-264.0,0.0,100,423.63,437.0,0,0.0,0.0,,0.0,1,18.3,7.57,SPY240328C00455000,455.0,normalDay
2023-10-25,7591.0,-671.0,0.0,100,417.55,437.0,0,0.0,0.0,,0.0,1,18.3,5.56,SPY240328C00455000,455.0,normalDay
2023-10-26,7591.0,-1042.0,0.0,100,412.55,437.0,0,0.0,0.0,,0.0,1,18.3,4.27,SPY240328C00455000,455.0,normalDay
2023-10-27,7591.0,-1196.0,0.0,100,410.68,437.0,0,0.0,0.0,,0.0,1,18.3,3.94,SPY240328C00455000,455.0,normalDay
2023-10-30,7591.0,-769.0,0.0,100,415.59,437.0,0,0.0,0.0,,0.0,1,18.3,4.58,SPY240328C00455000,455.0,normalDay
2023-10-31,7591.0,-504.0,0.0,100,418.2,437.0,0,0.0,0.0,,0.0,1,18.3,4.54,SPY240328C00455000,455.0,normalDay
2023-11-01,7591.0,-158.0,0.0,100,422.66,437.0,0,0.0,0.0,,0.0,1,18.3,5.54,SPY240328C00455000,455.0,normalDay
2023-11-02,7591.0,444.0,0.0,100,430.76,437.0,0,0.0,0.0,,0.0,1,18.3,7.62,SPY240328C00455000,455.0,normalDay
2023-11-03,7591.0,711.0,0.0,100,434.69,437.0,0,0.0,0.0,,0.0,1,18.3,8.88,SPY240328C00455000,455.0,normalDay
2023-11-06,7591.0,822.0,0.0,100,435.69,437.0,0,0.0,0.0,,0.0,1,18.3,8.77,SPY240328C00455000,455.0,normalDay
2023-11-07,7591.0,891.0,0.0,100,436.93,437.0,0,0.0,0.0,,0.0,1,18.3,9.32,SPY240328C00455000,455.0,normalDay
2023-11-08,7591.0,942.0,0.0,100,437.25,437.0,0,0.0,0.0,,0.0,1,18.3,9.13,SPY240328C00455000,455.0,normalDay
2023-11-09,7591.0,717.0,0.0,100,433.84,437.0,0,0.0,0.0,,0.0,1,18.3,7.97,SPY240328C00455000,455.0,normalDay
2023-11-10,7591.0,1138.0,0.0,100,440.61,437.0,0,0.0,0.0,,0.0,1,18.3,10.53,SPY240328C00455000,455.0,normalDay
2023-11-13,7591.0,1126.0,0.0,100,440.19,437.0,0,0.0,0.0,,0.0,1,18.3,10.23,SPY240328C00455000,455.0,normalDay
2023-11-14,7591.0,1534.0,0.0,100,448.73,437.0,0,0.0,0.0,,0.0,1,18.3,14.69,SPY240328C00455000,455.0,normalDay
2023-11-15,7591.0,1627.0,0.0,100,449.68,437.0,0,0.0,0.0,,0.0,1,18.3,14.71,SPY240328C00455000,455.0,normalDay
2023-11-16,7591.0,1653.0,0.0,100,450.23,437.0,0,0.0,0.0,,0.0,1,18.3,15.0,SPY240328C00455000,455.0,normalDay
2023-11-17,7591.0,1712.0,0.0,100,450.79,437.0,0,0.0,0.0,,0.0,1,18.3,14.97,SPY240328C00455000,455.0,normalDay
2023-11-20,7591.0,1861.0,0.0,100,454.26,437.0,0,0.0,0.0,,0.0,1,18.3,16.95,SPY240328C00455000,455.0,normalDay
2023-11-21,7591.0,1867.0,0.0,100,453.27,437.0,0,0.0,0.0,,0.0,1,18.3,15.9,SPY240328C00455000,455.0,normalDay
2023-11-22,7591.0,1916.0,0.0,100,455.02,437.0,0,0.0,0.0,,0.0,1,18.3,17.16,SPY240328C00455000,455.0,normalDay
2023-11-24,7591.0,1920.0,0.0,100,455.3,437.0,0,0.0,0.0,,0.0,1,18.3,17.4,SPY240328C00455000,455.0,normalDay
2023-11-27,7591.0,1898.0,0.0,100,454.48,437.0,0,0.0,0.0,,0.0,1,18.3,16.8,SPY240328C00455000,455.0,normalDay
2023-11-28,7591.0,1970.0,0.0,100,454.93,437.0,0,0.0,0.0,,0.0,1,18.3,16.53,SPY240328C00455000,455.0,normalDay
2023-11-29,7591.0,1918.0,0.0,100,454.61,437.0,0,0.0,0.0,,0.0,1,18.3,16.73,SPY240328C00455000,455.0,normalDay
2023-11-30,7591.0,2038.0,0.0,100,456.4,437.0,0,0.0,0.0,,0.0,1,18.3,17.32,SPY240328C00455000,455.0,normalDay
