date,totalCapital,unrializedPnL,rializedPnL,stocksOwned,stocksPriceToday,stocksPriceBoughtAt,putOwned,putOwnedSoldAt,putPriceToday,putOwnedContract,putOwnedStrike,callOwned,callOwnedSoldAt,callPriceToday,callOwnedContract,callOwnedStrike,trackType
2018-11-01,0.0,-7.0,0.0,0,273.51,0.0,1,7.4,7.47,SPY181221P00274000,274.0,0,0.0,0.0,,0.0,normalDay
2018-11-02,0.0,-75.0,0.0,0,271.89,0.0,1,7.4,8.15,SPY181221P00274000,274.0,0,0.0,0.0,,0.0,normalDay
2018-11-05,0.0,23.0,0.0,0,273.39,0.0,1,7.4,7.17,SPY181221P00274000,274.0,0,0.0,0.0,,0.0,normalDay
2018-11-06,0.0,112.0,0.0,0,275.12,0.0,1,7.4,6.28,SPY181221P00274000,274.0,0,0.0,0.0,,0.0,normalDay
2018-11-07,0.0,386.0,0.0,0,281.01,0.0,1,7.4,3.54,SPY181221P00274000,274.0,0,0.0,0.0,,0.0,normalDay
2018-11-08,0.0,378.0,0.0,0,280.5,0.0,1,7.4,3.62,SPY181221P00274000,274.0,0,0.0,0.0,,0.0,normalDay
2018-11-09,0.0,275.0,0.0,0,277.76,0.0,1,7.4,4.65,SPY181221P00274000,274.0,0,0.0,0.0,,0.0,normalDay
2018-11-12,0.0,35.0,0.0,0,272.57,0.0,1,7.4,7.05,SPY181221P00274000,274.0,0,0.0,0.0,,0.0,normalDay
2018-11-13,0.0,1.0,0.0,0,272.06,0.0,1,7.4,7.39,SPY181221P00274000,274.0,0,0.0,0.0,,0.0,normalDay
2018-11-14,0.0,-139.0,0.0,0,270.2,0.0,1,7.4,8.79,SPY181221P00274000,274.0,0,0.0,0.0,,0.0,normalDay
2018-11-15,0.0,59.0,0.0,0,273.02,0.0,1,7.4,6.81,SPY181221P00274000,274.0,0,0.0,0.0,,0.0,normalDay
2018-11-16,0.0,154.0,0.0,0,273.73,0.0,1,7.4,5.86,SPY181221P00274000,274.0,0,0.0,0.0,,0.0,normalDay
2018-11-19,0.0,-116.0,0.0,0,269.1,0.0,1,7.4,8.56,SPY181221P00274000,274.0,0,0.0,0.0,,0.0,normalDay
2018-11-20,0.0,-525.0,0.0,0,264.12,0.0,1,7.4,12.65,SPY181221P00274000,274.0,0,0.0,0.0,,0.0,normalDay
2018-11-21,0.0,-428.0,0.0,0,265.02,0.0,1,7.4,11.68,SPY181221P00274000,274.0,0,0.0,0.0,,0.0,normalDay
2018-11-23,0.0,-580.0,0.0,0,263.25,0.0,1,7.4,13.2,SPY181221P00274000,274.0,0,0.0,0.0,,0.0,normalDay
2018-11-26,0.0,-172.0,0.0,0,267.5,0.0,1,7.4,9.12,SPY181221P00274000,274.0,0,0.0,0.0,,0.0,normalDay
2018-11-27,0.0,-129.0,0.0,0,268.4,0.0,1,7.4,8.69,SPY181221P00274000,274.0,0,0.0,0.0,,0.0,normalDay
2018-11-28,0.0,220.0,0.0,0,274.58,0.0,1,7.4,5.2,SPY181221P00274000,274.0,0,0.0,0.0,,0.0,normalDay
2018-11-29,0.0,216.0,0.0,0,273.98,0.0,1,7.4,5.24,SPY181221P00274000,274.0,0,0.0,0.0,,0.0,normalDay
2018-11-30,0.0,313.0,0.0,0,275.65,0.0,1,7.4,4.27,SPY181221P00274000,274.0,0,0.0,0.0,,0.0,normalDay
2018-12-03,0.0,503.0,0.0,0,279.3,0.0,1,7.4,2.37,SPY181221P00274000,274.0,0,0.0,0.0,,0.0,normalDay
2018-12-04,0.0,-13.0,0.0,0,270.25,0.0,1,7.4,7.53,SPY181221P00274000,274.0,0,0.0,0.0,,0.0,normalDay
2018-12-06,0.0,1.0,0.0,0,269.84,0.0,1,7.4,7.39,SPY181221P00274000,274.0,0,0.0,0.0,,0.0,normalDay
2018-12-07,0.0,-505.0,0.0,0,263.57,0.0,1,7.4,12.45,SPY181221P00274000,274.0,0,0.0,0.0,,0.0,normalDay
2018-12-10,0.0,-389.0,0.0,0,264.07,0.0,1,7.4,11.29,SPY181221P00274000,274.0,0,0.0,0.0,,0.0,normalDay
2018-12-11,0.0,-389.0,0.0,0,264.13,0.0,1,7.4,11.29,SPY181221P00274000,274.0,0,0.0,0.0,,0.0,normalDay
2018-12-12,0.0,-303.0,0.0,0,265.46,0.0,1,7.4,10.43,SPY181221P00274000,274.0,0,0.0,0.0,,0.0,normalDay
2018-12-13,0.0,-304.0,0.0,0,265.37,0.0,1,7.4,10.44,SPY181221P00274000,274.0,0,0.0,0.0,,0.0,normalDay
2018-12-14,0.0,-751.0,0.0,0,260.47,0.0,1,7.4,14.91,SPY181221P00274000,274.0,0,0.0,0.0,,0.0,normalDay
2018-12-17,0.0,-1252.0,0.0,0,255.36,0.0,1,7.4,19.92,SPY181221P00274000,274.0,0,0.0,0.0,,0.0,normalDay
2018-12-18,0.0,-1350.0,0.0,0,255.08,0.0,1,7.4,20.9,SPY181221P00274000,274.0,0,0.0,0.0,,0.0,normalDay
2018-12-19,0.0,-1673.0,0.0,0,251.26,0.0,1,7.4,24.13,SPY181221P00274000,274.0,0,0.0,0.0,,0.0,normalDay
2018-12-20,0.0,-2025.0,0.0,0,247.17,0.0,1,7.4,27.65,SPY181221P00274000,274.0,0,0.0,0.0,,0.0,normalDay
2018-12-21,740.0,-3330.0,740.0,100,240.7,274.0,1,7.4,0.0,SPY181221P00274000,274.0,0,0.0,0.0,,0.0,expirationDay
2018-12-24,740.0,-3986.0,0.0,100,234.34,274.0,0,0.0,0.0,,0.0,1,1.52,1.72,SPY190329C00264000,264.0,normalDay
2018-12-26,740.0,-3021.0,0.0,100,246.18,274.0,0,0.0,0.0,,0.0,1,1.52,3.91,SPY190329C00264000,264.0,normalDay
2018-12-27,740.0,-2925.0,0.0,100,248.07,274.0,0,0.0,0.0,,0.0,1,1.52,4.84,SPY190329C00264000,264.0,normalDay
2018-12-28,740.0,-2898.0,0.0,100,247.75,274.0,0,0.0,0.0,,0.0,1,1.52,4.25,SPY190329C00264000,264.0,normalDay
2018-12-31,740.0,-2671.0,0.0,100,249.92,274.0,0,0.0,0.0,,0.0,1,1.52,4.15,SPY190329C00264000,264.0,normalDay
2019-01-02,740.0,-2613.0,0.0,100,250.18,274.0,0,0.0,0.0,,0.0,1,1.52,3.83,SPY190329C00264000,264.0,normalDay
2019-01-03,740.0,-3075.0,0.0,100,244.21,274.0,0,0.0,0.0,,0.0,1,1.52,2.48,SPY190329C00264000,264.0,normalDay
2019-01-04,740.0,-2446.0,0.0,100,252.39,274.0,0,0.0,0.0,,0.0,1,1.52,4.37,SPY190329C00264000,264.0,normalDay
2019-01-07,740.0,-2292.0,0.0,100,254.38,274.0,0,0.0,0.0,,0.0,1,1.52,4.82,SPY190329C00264000,264.0,normalDay
2019-01-08,740.0,-2123.0,0.0,100,256.77,274.0,0,0.0,0.0,,0.0,1,1.52,5.52,SPY190329C00264000,264.0,normalDay
2019-01-09,740.0,-2034.0,0.0,100,257.97,274.0,0,0.0,0.0,,0.0,1,1.52,5.83,SPY190329C00264000,264.0,normalDay
2019-01-10,740.0,-1973.0,0.0,100,258.88,274.0,0,0.0,0.0,,0.0,1,1.52,6.13,SPY190329C00264000,264.0,normalDay
2019-01-11,740.0,-1921.0,0.0,100,258.98,274.0,0,0.0,0.0,,0.0,1,1.52,5.71,SPY190329C00264000,264.0,normalDay
2019-01-14,740.0,-1981.0,0.0,100,257.4,274.0,0,0.0,0.0,,0.0,1,1.52,4.73,SPY190329C00264000,264.0,normalDay
2019-01-15,740.0,-1784.0,0.0,100,260.35,274.0,0,0.0,0.0,,0.0,1,1.52,5.71,SPY190329C00264000,264.0,normalDay
2019-01-16,740.0,-1752.0,0.0,100,260.98,274.0,0,0.0,0.0,,0.0,1,1.52,6.02,SPY190329C00264000,264.0,normalDay
2019-01-17,740.0,-1658.0,0.0,100,262.96,274.0,0,0.0,0.0,,0.0,1,1.52,7.06,SPY190329C00264000,264.0,normalDay
2019-01-18,740.0,-1510.0,0.0,100,266.46,274.0,0,0.0,0.0,,0.0,1,1.52,9.08,SPY190329C00264000,264.0,normalDay
2019-01-22,740.0,-1706.0,0.0,100,262.86,274.0,0,0.0,0.0,,0.0,1,1.52,7.44,SPY190329C00264000,264.0,normalDay
2019-01-23,740.0,-1648.0,0.0,100,263.41,274.0,0,0.0,0.0,,0.0,1,1.52,7.41,SPY190329C00264000,264.0,normalDay
2019-01-24,740.0,-1574.0,0.0,100,263.55,274.0,0,0.0,0.0,,0.0,1,1.52,6.81,SPY190329C00264000,264.0,normalDay
2019-01-25,740.0,-1506.0,0.0,100,265.78,274.0,0,0.0,0.0,,0.0,1,1.52,8.36,SPY190329C00264000,264.0,normalDay
2019-01-28,740.0,-1592.0,0.0,100,263.76,274.0,0,0.0,0.0,,0.0,1,1.52,7.2,SPY190329C00264000,264.0,normalDay
2019-01-29,740.0,-1593.0,0.0,100,263.41,274.0,0,0.0,0.0,,0.0,1,1.52,6.86,SPY190329C00264000,264.0,normalDay
2019-01-30,740.0,-1395.0,0.0,100,267.58,274.0,0,0.0,0.0,,0.0,1,1.52,9.05,SPY190329C00264000,264.0,normalDay
2019-01-31,740.0,-1320.0,0.0,100,269.93,274.0,0,0.0,0.0,,0.0,1,1.52,10.65,SPY190329C00264000,264.0,normalDay
2019-02-01,740.0,-1277.0,0.0,100,270.06,274.0,0,0.0,0.0,,0.0,1,1.52,10.35,SPY190329C00264000,264.0,normalDay
2019-02-04,740.0,-1188.0,0.0,100,271.96,274.0,0,0.0,0.0,,0.0,1,1.52,11.36,SPY190329C00264000,264.0,normalDay
2019-02-05,740.0,-1144.0,0.0,100,273.1,274.0,0,0.0,0.0,,0.0,1,1.52,12.06,SPY190329C00264000,264.0,normalDay
2019-02-06,740.0,-1155.0,0.0,100,272.74,274.0,0,0.0,0.0,,0.0,1,1.52,11.81,SPY190329C00264000,264.0,normalDay
2019-02-07,740.0,-1240.0,0.0,100,270.14,274.0,0,0.0,0.0,,0.0,1,1.52,10.06,SPY190329C00264000,264.0,normalDay
2019-02-08,740.0,-1194.0,0.0,100,270.47,274.0,0,0.0,0.0,,0.0,1,1.52,9.93,SPY190329C00264000,264.0,normalDay
2019-02-11,740.0,-1182.0,0.0,100,270.62,274.0,0,0.0,0.0,,0.0,1,1.52,9.96,SPY190329C00264000,264.0,normalDay
2019-02-12,740.0,-1108.0,0.0,100,274.1,274.0,0,0.0,0.0,,0.0,1,1.52,12.7,SPY190329C00264000,264.0,normalDay
2019-02-13,740.0,-1071.0,0.0,100,274.99,274.0,0,0.0,0.0,,0.0,1,1.52,13.22,SPY190329C00264000,264.0,normalDay
2019-02-14,740.0,-1079.0,0.0,100,274.38,274.0,0,0.0,0.0,,0.0,1,1.52,12.69,SPY190329C00264000,264.0,normalDay
2019-02-15,740.0,-1018.0,0.0,100,277.37,274.0,0,0.0,0.0,,0.0,1,1.52,15.07,SPY190329C00264000,264.0,normalDay
2019-02-19,740.0,-964.0,0.0,100,277.85,274.0,0,0.0,0.0,,0.0,1,1.52,15.01,SPY190329C00264000,264.0,normalDay
2019-02-20,740.0,-980.0,0.0,100,278.41,274.0,0,0.0,0.0,,0.0,1,1.52,15.73,SPY190329C00264000,264.0,normalDay
2019-02-21,740.0,-995.0,0.0,100,277.42,274.0,0,0.0,0.0,,0.0,1,1.52,14.89,SPY190329C00264000,264.0,normalDay
2019-02-22,740.0,-957.0,0.0,100,279.14,274.0,0,0.0,0.0,,0.0,1,1.52,16.23,SPY190329C00264000,264.0,normalDay
2019-02-25,740.0,-957.0,0.0,100,279.52,274.0,0,0.0,0.0,,0.0,1,1.52,16.61,SPY190329C00264000,264.0,normalDay
2019-02-26,740.0,-944.0,0.0,100,279.32,274.0,0,0.0,0.0,,0.0,1,1.52,16.28,SPY190329C00264000,264.0,normalDay
2019-02-27,740.0,-963.0,0.0,100,279.2,274.0,0,0.0,0.0,,0.0,1,1.52,16.35,SPY190329C00264000,264.0,normalDay
2019-02-28,740.0,-950.0,0.0,100,278.68,274.0,0,0.0,0.0,,0.0,1,1.52,15.7,SPY190329C00264000,264.0,normalDay
2019-03-01,740.0,-927.0,0.0,100,280.42,274.0,0,0.0,0.0,,0.0,1,1.52,17.21,SPY190329C00264000,264.0,normalDay
2019-03-04,740.0,-914.0,0.0,100,279.4,274.0,0,0.0,0.0,,0.0,1,1.52,16.06,SPY190329C00264000,264.0,normalDay
2019-03-05,740.0,-914.0,0.0,100,279.02,274.0,0,0.0,0.0,,0.0,1,1.52,15.68,SPY190329C00264000,264.0,normalDay
2019-03-06,740.0,-934.0,0.0,100,277.33,274.0,0,0.0,0.0,,0.0,1,1.52,14.19,SPY190329C00264000,264.0,normalDay
2019-03-07,740.0,-973.0,0.0,100,275.01,274.0,0,0.0,0.0,,0.0,1,1.52,12.26,SPY190329C00264000,264.0,normalDay
2019-03-08,740.0,-956.0,0.0,100,274.46,274.0,0,0.0,0.0,,0.0,1,1.52,11.54,SPY190329C00264000,264.0,normalDay
2019-03-11,740.0,-876.0,0.0,100,278.44,274.0,0,0.0,0.0,,0.0,1,1.52,14.72,SPY190329C00264000,264.0,normalDay
2019-03-12,740.0,-850.0,0.0,100,279.49,274.0,0,0.0,0.0,,0.0,1,1.52,15.51,SPY190329C00264000,264.0,normalDay
2019-03-13,740.0,-881.0,0.0,100,281.34,274.0,0,0.0,0.0,,0.0,1,1.52,17.67,SPY190329C00264000,264.0,normalDay
2019-03-14,740.0,-849.0,0.0,100,281.16,274.0,0,0.0,0.0,,0.0,1,1.52,17.17,SPY190329C00264000,264.0,normalDay
2019-03-15,740.0,-891.0,0.0,100,281.31,274.0,0,0.0,0.0,,0.0,1,1.52,17.74,SPY190329C00264000,264.0,normalDay
2019-03-18,740.0,-912.0,0.0,100,282.33,274.0,0,0.0,0.0,,0.0,1,1.52,18.97,SPY190329C00264000,264.0,normalDay
2019-03-19,740.0,-869.0,0.0,100,282.4,274.0,0,0.0,0.0,,0.0,1,1.52,18.61,SPY190329C00264000,264.0,normalDay
2019-03-20,740.0,-865.0,0.0,100,281.55,274.0,0,0.0,0.0,,0.0,1,1.52,17.72,SPY190329C00264000,264.0,normalDay
2019-03-21,740.0,-861.0,0.0,100,284.73,274.0,0,0.0,0.0,,0.0,1,1.52,20.86,SPY190329C00264000,264.0,normalDay
2019-03-22,740.0,-957.0,0.0,100,279.25,274.0,0,0.0,0.0,,0.0,1,1.52,16.34,SPY190329C00264000,264.0,normalDay
2019-03-25,740.0,-893.0,0.0,100,279.04,274.0,0,0.0,0.0,,0.0,1,1.52,15.49,SPY190329C00264000,264.0,normalDay
2019-03-26,740.0,-854.0,0.0,100,281.12,274.0,0,0.0,0.0,,0.0,1,1.52,17.18,SPY190329C00264000,264.0,normalDay
2019-03-27,740.0,-889.0,0.0,100,279.65,274.0,0,0.0,0.0,,0.0,1,1.52,16.06,SPY190329C00264000,264.0,normalDay
2019-03-28,740.0,-875.0,0.0,100,280.71,274.0,0,0.0,0.0,,0.0,1,1.52,16.98,SPY190329C00264000,264.0,normalDay
2019-03-29,-108.0,-875.0,-848.0,0,282.48,0.0,0,0.0,0.0,,0.0,1,1.52,0.0,SPY190329C00264000,264.0,expirationDay
2019-04-01,-108.0,-3.0,0.0,0,285.83,0.0,1,2.78,2.81,SPY190517P00280000,280.0,0,0.0,0.0,,0.0,normalDay
2019-04-02,-108.0,9.0,0.0,0,285.97,0.0,1,2.78,2.69,SPY190517P00280000,280.0,0,0.0,0.0,,0.0,normalDay
2019-04-03,-108.0,24.0,0.0,0,286.42,0.0,1,2.78,2.54,SPY190517P00280000,280.0,0,0.0,0.0,,0.0,normalDay
2019-04-04,-108.0,49.0,0.0,0,287.18,0.0,1,2.78,2.29,SPY190517P00280000,280.0,0,0.0,0.0,,0.0,normalDay
2019-04-05,-108.0,95.0,0.0,0,288.57,0.0,1,2.78,1.83,SPY190517P00280000,280.0,0,0.0,0.0,,0.0,normalDay
2019-04-08,-108.0,105.0,0.0,0,288.79,0.0,1,2.78,1.73,SPY190517P00280000,280.0,0,0.0,0.0,,0.0,normalDay
2019-04-09,-108.0,54.0,0.0,0,287.31,0.0,1,2.78,2.24,SPY190517P00280000,280.0,0,0.0,0.0,,0.0,normalDay
2019-04-10,-108.0,104.0,0.0,0,288.29,0.0,1,2.78,1.74,SPY190517P00280000,280.0,0,0.0,0.0,,0.0,normalDay
2019-04-11,-108.0,108.0,0.0,0,288.21,0.0,1,2.78,1.7,SPY190517P00280000,280.0,0,0.0,0.0,,0.0,normalDay
2019-04-12,-108.0,160.0,0.0,0,290.16,0.0,1,2.78,1.18,SPY190517P00280000,280.0,0,0.0,0.0,,0.0,normalDay
2019-04-15,-108.0,164.0,0.0,0,289.97,0.0,1,2.78,1.14,SPY190517P00280000,280.0,0,0.0,0.0,,0.0,normalDay
2019-04-16,-108.0,170.0,0.0,0,290.16,0.0,1,2.78,1.08,SPY190517P00280000,280.0,0,0.0,0.0,,0.0,normalDay
2019-04-17,-108.0,159.0,0.0,0,289.45,0.0,1,2.78,1.19,SPY190517P00280000,280.0,0,0.0,0.0,,0.0,normalDay
2019-04-18,-108.0,177.0,0.0,0,290.02,0.0,1,2.78,1.01,SPY190517P00280000,280.0,0,0.0,0.0,,0.0,normalDay
2019-04-22,-108.0,195.0,0.0,0,290.27,0.0,1,2.78,0.83,SPY190517P00280000,280.0,0,0.0,0.0,,0.0,normalDay
2019-04-23,-108.0,214.0,0.0,0,292.88,0.0,1,2.78,0.64,SPY190517P00280000,280.0,0,0.0,0.0,,0.0,normalDay
2019-04-24,-108.0,203.0,0.0,0,292.23,0.0,1,2.78,0.75,SPY190517P00280000,280.0,0,0.0,0.0,,0.0,normalDay
2019-04-25,-108.0,206.0,0.0,0,292.05,0.0,1,2.78,0.72,SPY190517P00280000,280.0,0,0.0,0.0,,0.0,normalDay
2019-04-26,-108.0,222.0,0.0,0,293.41,0.0,1,2.78,0.56,SPY190517P00280000,280.0,0,0.0,0.0,,0.0,normalDay
2019-04-29,-108.0,230.0,0.0,0,293.87,0.0,1,2.78,0.48,SPY190517P00280000,280.0,0,0.0,0.0,,0.0,normalDay
2019-04-30,-108.0,233.0,0.0,0,294.02,0.0,1,2.78,0.45,SPY190517P00280000,280.0,0,0.0,0.0,,0.0,normalDay
2019-05-01,-108.0,208.0,0.0,0,291.81,0.0,1,2.78,0.7,SPY190517P00280000,280.0,0,0.0,0.0,,0.0,normalDay
2019-05-02,-108.0,211.0,0.0,0,291.18,0.0,1,2.78,0.67,SPY190517P00280000,280.0,0,0.0,0.0,,0.0,normalDay
2019-05-03,-108.0,249.0,0.0,0,294.03,0.0,1,2.78,0.29,SPY190517P00280000,280.0,0,0.0,0.0,,0.0,normalDay
2019-05-06,-108.0,228.0,0.0,0,292.82,0.0,1,2.78,0.5,SPY190517P00280000,280.0,0,0.0,0.0,,0.0,normalDay
2019-05-07,-108.0,126.0,0.0,0,287.93,0.0,1,2.78,1.52,SPY190517P00280000,280.0,0,0.0,0.0,,0.0,normalDay
2019-05-08,-108.0,126.0,0.0,0,287.53,0.0,1,2.78,1.52,SPY190517P00280000,280.0,0,0.0,0.0,,0.0,normalDay
2019-05-09,-108.0,115.0,0.0,0,286.66,0.0,1,2.78,1.63,SPY190517P00280000,280.0,0,0.0,0.0,,0.0,normalDay
2019-05-10,-108.0,212.0,0.0,0,288.1,0.0,1,2.78,0.66,SPY190517P00280000,280.0,0,0.0,0.0,,0.0,normalDay
2019-05-13,-108.0,20.0,0.0,0,280.86,0.0,1,2.78,2.58,SPY190517P00280000,280.0,0,0.0,0.0,,0.0,normalDay
2019-05-14,-108.0,183.0,0.0,0,283.4,0.0,1,2.78,0.95,SPY190517P00280000,280.0,0,0.0,0.0,,0.0,normalDay
2019-05-15,-108.0,250.0,0.0,0,285.06,0.0,1,2.78,0.28,SPY190517P00280000,280.0,0,0.0,0.0,,0.0,normalDay
2019-05-16,-108.0,274.0,0.0,0,287.7,0.0,1,2.78,0.04,SPY190517P00280000,280.0,0,0.0,0.0,,0.0,normalDay
2019-05-17,170.0,0.0,278.0,0,285.84,0.0,1,2.78,0.0,SPY190517P00280000,280.0,0,0.0,0.0,,0.0,expirationDay
2019-05-20,170.0,-11.0,0.0,0,283.95,0.0,1,8.0,8.11,SPY190628P00289000,289.0,0,0.0,0.0,,0.0,normalDay
2019-05-21,170.0,160.0,0.0,0,286.51,0.0,1,8.0,6.4,SPY190628P00289000,289.0,0,0.0,0.0,,0.0,normalDay
2019-05-22,170.0,121.0,0.0,0,285.63,0.0,1,8.0,6.79,SPY190628P00289000,289.0,0,0.0,0.0,,0.0,normalDay
2019-05-23,170.0,-160.0,0.0,0,282.14,0.0,1,8.0,9.6,SPY190628P00289000,289.0,0,0.0,0.0,,0.0,normalDay
2019-05-24,170.0,-68.0,0.0,0,282.78,0.0,1,8.0,8.68,SPY190628P00289000,289.0,0,0.0,0.0,,0.0,normalDay
2019-05-28,170.0,-252.0,0.0,0,280.15,0.0,1,8.0,10.52,SPY190628P00289000,289.0,0,0.0,0.0,,0.0,normalDay
2019-05-29,170.0,-434.0,0.0,0,278.27,0.0,1,8.0,12.34,SPY190628P00289000,289.0,0,0.0,0.0,,0.0,normalDay
2019-05-30,170.0,-367.0,0.0,0,279.03,0.0,1,8.0,11.67,SPY190628P00289000,289.0,0,0.0,0.0,,0.0,normalDay
2019-05-31,170.0,-716.0,0.0,0,275.27,0.0,1,8.0,15.16,SPY190628P00289000,289.0,0,0.0,0.0,,0.0,normalDay
2019-06-03,170.0,-749.0,0.0,0,274.57,0.0,1,8.0,15.49,SPY190628P00289000,289.0,0,0.0,0.0,,0.0,normalDay
2019-06-04,170.0,-229.0,0.0,0,280.53,0.0,1,8.0,10.29,SPY190628P00289000,289.0,0,0.0,0.0,,0.0,normalDay
2019-06-05,170.0,-19.0,0.0,0,282.96,0.0,1,8.0,8.19,SPY190628P00289000,289.0,0,0.0,0.0,,0.0,normalDay
2019-06-06,170.0,113.0,0.0,0,284.8,0.0,1,8.0,6.87,SPY190628P00289000,289.0,0,0.0,0.0,,0.0,normalDay
2019-06-07,170.0,285.0,0.0,0,287.65,0.0,1,8.0,5.15,SPY190628P00289000,289.0,0,0.0,0.0,,0.0,normalDay
2019-06-10,170.0,385.0,0.0,0,288.97,0.0,1,8.0,4.15,SPY190628P00289000,289.0,0,0.0,0.0,,0.0,normalDay
2019-06-11,170.0,381.0,0.0,0,288.9,0.0,1,8.0,4.19,SPY190628P00289000,289.0,0,0.0,0.0,,0.0,normalDay
2019-06-12,170.0,380.0,0.0,0,288.39,0.0,1,8.0,4.2,SPY190628P00289000,289.0,0,0.0,0.0,,0.0,normalDay
2019-06-13,170.0,446.0,0.0,0,289.58,0.0,1,8.0,3.54,SPY190628P00289000,289.0,0,0.0,0.0,,0.0,normalDay
2019-06-14,170.0,466.0,0.0,0,289.26,0.0,1,8.0,3.34,SPY190628P00289000,289.0,0,0.0,0.0,,0.0,normalDay
2019-06-17,170.0,492.0,0.0,0,289.37,0.0,1,8.0,3.08,SPY190628P00289000,289.0,0,0.0,0.0,,0.0,normalDay
2019-06-18,170.0,614.0,0.0,0,292.4,0.0,1,8.0,1.86,SPY190628P00289000,289.0,0,0.0,0.0,,0.0,normalDay
2019-06-19,170.0,674.0,0.0,0,293.06,0.0,1,8.0,1.26,SPY190628P00289000,289.0,0,0.0,0.0,,0.0,normalDay
2019-06-20,170.0,732.0,0.0,0,295.86,0.0,1,8.0,0.68,SPY190628P00289000,289.0,0,0.0,0.0,,0.0,normalDay
2019-06-21,170.0,743.0,0.0,0,294.0,0.0,1,8.0,0.57,SPY190628P00289000,289.0,0,0.0,0.0,,0.0,normalDay
2019-06-24,170.0,762.0,0.0,0,293.64,0.0,1,8.0,0.38,SPY190628P00289000,289.0,0,0.0,0.0,,0.0,normalDay
2019-06-25,170.0,719.0,0.0,0,290.76,0.0,1,8.0,0.81,SPY190628P00289000,289.0,0,0.0,0.0,,0.0,normalDay
2019-06-26,170.0,732.0,0.0,0,290.47,0.0,1,8.0,0.68,SPY190628P00289000,289.0,0,0.0,0.0,,0.0,normalDay
2019-06-27,170.0,783.0,0.0,0,291.5,0.0,1,8.0,0.17,SPY190628P00289000,289.0,0,0.0,0.0,,0.0,normalDay
2019-06-28,970.0,0.0,800.0,0,293.0,0.0,1,8.0,0.0,SPY190628P00289000,289.0,0,0.0,0.0,,0.0,expirationDay
2019-07-01,970.0,-4.0,0.0,0,295.66,0.0,1,3.07,3.11,SPY190816P00290000,290.0,0,0.0,0.0,,0.0,normalDay
2019-07-02,970.0,51.0,0.0,0,296.43,0.0,1,3.07,2.56,SPY190816P00290000,290.0,0,0.0,0.0,,0.0,normalDay
2019-07-03,970.0,110.0,0.0,0,298.8,0.0,1,3.07,1.97,SPY190816P00290000,290.0,0,0.0,0.0,,0.0,normalDay
2019-07-05,970.0,96.0,0.0,0,298.46,0.0,1,3.07,2.11,SPY190816P00290000,290.0,0,0.0,0.0,,0.0,normalDay
2019-07-08,970.0,70.0,0.0,0,296.82,0.0,1,3.07,2.37,SPY190816P00290000,290.0,0,0.0,0.0,,0.0,normalDay
2019-07-09,970.0,69.0,0.0,0,297.19,0.0,1,3.07,2.38,SPY190816P00290000,290.0,0,0.0,0.0,,0.0,normalDay
2019-07-10,970.0,126.0,0.0,0,298.61,0.0,1,3.07,1.81,SPY190816P00290000,290.0,0,0.0,0.0,,0.0,normalDay
2019-07-11,970.0,143.0,0.0,0,299.31,0.0,1,3.07,1.64,SPY190816P00290000,290.0,0,0.0,0.0,,0.0,normalDay
2019-07-12,970.0,173.0,0.0,0,300.65,0.0,1,3.07,1.34,SPY190816P00290000,290.0,0,0.0,0.0,,0.0,normalDay
2019-07-15,970.0,182.0,0.0,0,300.75,0.0,1,3.07,1.25,SPY190816P00290000,290.0,0,0.0,0.0,,0.0,normalDay
2019-07-16,970.0,173.0,0.0,0,299.78,0.0,1,3.07,1.34,SPY190816P00290000,290.0,0,0.0,0.0,,0.0,normalDay
2019-07-17,970.0,130.0,0.0,0,297.74,0.0,1,3.07,1.77,SPY190816P00290000,290.0,0,0.0,0.0,,0.0,normalDay
2019-07-18,970.0,157.0,0.0,0,298.83,0.0,1,3.07,1.5,SPY190816P00290000,290.0,0,0.0,0.0,,0.0,normalDay
2019-07-19,970.0,121.0,0.0,0,297.17,0.0,1,3.07,1.86,SPY190816P00290000,290.0,0,0.0,0.0,,0.0,normalDay
2019-07-22,970.0,163.0,0.0,0,297.9,0.0,1,3.07,1.44,SPY190816P00290000,290.0,0,0.0,0.0,,0.0,normalDay
2019-07-23,970.0,210.0,0.0,0,300.03,0.0,1,3.07,0.97,SPY190816P00290000,290.0,0,0.0,0.0,,0.0,normalDay
2019-07-24,970.0,234.0,0.0,0,301.44,0.0,1,3.07,0.73,SPY190816P00290000,290.0,0,0.0,0.0,,0.0,normalDay
2019-07-25,970.0,217.0,0.0,0,300.0,0.0,1,3.07,0.9,SPY190816P00290000,290.0,0,0.0,0.0,,0.0,normalDay
2019-07-26,970.0,246.0,0.0,0,302.01,0.0,1,3.07,0.61,SPY190816P00290000,290.0,0,0.0,0.0,,0.0,normalDay
2019-07-29,970.0,249.0,0.0,0,301.46,0.0,1,3.07,0.58,SPY190816P00290000,290.0,0,0.0,0.0,,0.0,normalDay
2019-07-30,970.0,230.0,0.0,0,300.72,0.0,1,3.07,0.77,SPY190816P00290000,290.0,0,0.0,0.0,,0.0,normalDay
2019-07-31,970.0,161.0,0.0,0,297.43,0.0,1,3.07,1.46,SPY190816P00290000,290.0,0,0.0,0.0,,0.0,normalDay
2019-08-01,970.0,85.0,0.0,0,294.84,0.0,1,3.07,2.22,SPY190816P00290000,290.0,0,0.0,0.0,,0.0,normalDay
2019-08-02,970.0,40.0,0.0,0,292.62,0.0,1,3.07,2.67,SPY190816P00290000,290.0,0,0.0,0.0,,0.0,normalDay
2019-08-05,970.0,-536.0,0.0,0,283.82,0.0,1,3.07,8.43,SPY190816P00290000,290.0,0,0.0,0.0,,0.0,normalDay
2019-08-06,970.0,-161.0,0.0,0,287.8,0.0,1,3.07,4.68,SPY190816P00290000,290.0,0,0.0,0.0,,0.0,normalDay
2019-08-07,970.0,-131.0,0.0,0,287.97,0.0,1,3.07,4.38,SPY190816P00290000,290.0,0,0.0,0.0,,0.0,normalDay
2019-08-08,970.0,158.0,0.0,0,293.62,0.0,1,3.07,1.49,SPY190816P00290000,290.0,0,0.0,0.0,,0.0,normalDay
2019-08-09,970.0,110.0,0.0,0,291.62,0.0,1,3.07,1.97,SPY190816P00290000,290.0,0,0.0,0.0,,0.0,normalDay
2019-08-12,970.0,-67.0,0.0,0,288.07,0.0,1,3.07,3.74,SPY190816P00290000,290.0,0,0.0,0.0,,0.0,normalDay
2019-08-13,970.0,198.0,0.0,0,292.55,0.0,1,3.07,1.09,SPY190816P00290000,290.0,0,0.0,0.0,,0.0,normalDay
2019-08-14,970.0,-320.0,0.0,0,283.9,0.0,1,3.07,6.27,SPY190816P00290000,290.0,0,0.0,0.0,,0.0,normalDay
2019-08-15,970.0,-220.0,0.0,0,284.65,0.0,1,3.07,5.27,SPY190816P00290000,290.0,0,0.0,0.0,,0.0,normalDay
2019-08-16,1277.0,-115.0,307.0,100,288.85,290.0,1,3.07,0.0,SPY190816P00290000,290.0,0,0.0,0.0,,0.0,expirationDay
2019-08-19,1277.0,221.0,0.0,100,292.33,290.0,0,0.0,0.0,,0.0,1,10.13,10.25,SPY191231C00294000,294.0,normalDay
2019-08-20,1277.0,113.0,0.0,100,290.09,290.0,0,0.0,0.0,,0.0,1,10.13,9.09,SPY191231C00294000,294.0,normalDay
2019-08-21,1277.0,235.0,0.0,100,292.45,290.0,0,0.0,0.0,,0.0,1,10.13,10.23,SPY191231C00294000,294.0,normalDay
2019-08-22,1277.0,241.0,0.0,100,292.36,290.0,0,0.0,0.0,,0.0,1,10.13,10.08,SPY191231C00294000,294.0,normalDay
2019-08-23,1277.0,-242.0,0.0,100,284.85,290.0,0,0.0,0.0,,0.0,1,10.13,7.4,SPY191231C00294000,294.0,normalDay
2019-08-26,1277.0,-24.0,0.0,100,288.0,290.0,0,0.0,0.0,,0.0,1,10.13,8.37,SPY191231C00294000,294.0,normalDay
2019-08-27,1277.0,-85.0,0.0,100,286.87,290.0,0,0.0,0.0,,0.0,1,10.13,7.85,SPY191231C00294000,294.0,normalDay
2019-08-28,1277.0,32.0,0.0,100,288.89,290.0,0,0.0,0.0,,0.0,1,10.13,8.7,SPY191231C00294000,294.0,normalDay
2019-08-29,1277.0,249.0,0.0,100,292.58,290.0,0,0.0,0.0,,0.0,1,10.13,10.22,SPY191231C00294000,294.0,normalDay
2019-08-30,1277.0,227.0,0.0,100,292.45,290.0,0,0.0,0.0,,0.0,1,10.13,10.31,SPY191231C00294000,294.0,normalDay
2019-09-03,1277.0,153.0,0.0,100,290.74,290.0,0,0.0,0.0,,0.0,1,10.13,9.34,SPY191231C00294000,294.0,normalDay
2019-09-04,1277.0,351.0,0.0,100,294.04,290.0,0,0.0,0.0,,0.0,1,10.13,10.66,SPY191231C00294000,294.0,normalDay
2019-09-05,1277.0,552.0,0.0,100,297.82,290.0,0,0.0,0.0,,0.0,1,10.13,12.43,SPY191231C00294000,294.0,normalDay
2019-09-06,1277.0,557.0,0.0,100,298.05,290.0,0,0.0,0.0,,0.0,1,10.13,12.61,SPY191231C00294000,294.0,normalDay
2019-09-09,1277.0,594.0,0.0,100,298.2,290.0,0,0.0,0.0,,0.0,1,10.13,12.39,SPY191231C00294000,294.0,normalDay
2019-09-10,1277.0,595.0,0.0,100,298.13,290.0,0,0.0,0.0,,0.0,1,10.13,12.31,SPY191231C00294000,294.0,normalDay
2019-09-11,1277.0,664.0,0.0,100,300.25,290.0,0,0.0,0.0,,0.0,1,10.13,13.74,SPY191231C00294000,294.0,normalDay
2019-09-12,1277.0,706.0,0.0,100,301.29,290.0,0,0.0,0.0,,0.0,1,10.13,14.36,SPY191231C00294000,294.0,normalDay
2019-09-13,1277.0,718.0,0.0,100,301.09,290.0,0,0.0,0.0,,0.0,1,10.13,14.04,SPY191231C00294000,294.0,normalDay
2019-09-16,1277.0,668.0,0.0,100,300.16,290.0,0,0.0,0.0,,0.0,1,10.13,13.61,SPY191231C00294000,294.0,normalDay
2019-09-17,1277.0,702.0,0.0,100,300.92,290.0,0,0.0,0.0,,0.0,1,10.13,14.03,SPY191231C00294000,294.0,normalDay
2019-09-18,1277.0,710.0,0.0,100,301.1,290.0,0,0.0,0.0,,0.0,1,10.13,14.13,SPY191231C00294000,294.0,normalDay
2019-09-19,1277.0,742.0,0.0,100,301.08,290.0,0,0.0,0.0,,0.0,1,10.13,13.79,SPY191231C00294000,294.0,normalDay
2019-09-20,1277.0,529.0,0.0,100,298.28,290.0,0,0.0,0.0,,0.0,1,10.13,13.12,SPY191231C00294000,294.0,normalDay
2019-09-23,1277.0,538.0,0.0,100,298.21,290.0,0,0.0,0.0,,0.0,1,10.13,12.96,SPY191231C00294000,294.0,normalDay
2019-09-24,1277.0,419.0,0.0,100,295.87,290.0,0,0.0,0.0,,0.0,1,10.13,11.81,SPY191231C00294000,294.0,normalDay
2019-09-25,1277.0,532.0,0.0,100,297.62,290.0,0,0.0,0.0,,0.0,1,10.13,12.43,SPY191231C00294000,294.0,normalDay
2019-09-26,1277.0,504.0,0.0,100,297.0,290.0,0,0.0,0.0,,0.0,1,10.13,12.09,SPY191231C00294000,294.0,normalDay
2019-09-27,1277.0,431.0,0.0,100,295.4,290.0,0,0.0,0.0,,0.0,1,10.13,11.22,SPY191231C00294000,294.0,normalDay
2019-09-30,1277.0,506.0,0.0,100,296.77,290.0,0,0.0,0.0,,0.0,1,10.13,11.84,SPY191231C00294000,294.0,normalDay
2019-10-01,1277.0,361.0,0.0,100,293.24,290.0,0,0.0,0.0,,0.0,1,10.13,9.76,SPY191231C00294000,294.0,normalDay
2019-10-02,1277.0,113.0,0.0,100,288.06,290.0,0,0.0,0.0,,0.0,1,10.13,7.06,SPY191231C00294000,294.0,normalDay
2019-10-03,1277.0,240.0,0.0,100,290.42,290.0,0,0.0,0.0,,0.0,1,10.13,8.15,SPY191231C00294000,294.0,normalDay
2019-10-04,1277.0,467.0,0.0,100,294.35,290.0,0,0.0,0.0,,0.0,1,10.13,9.81,SPY191231C00294000,294.0,normalDay
2019-10-07,1277.0,430.0,0.0,100,293.08,290.0,0,0.0,0.0,,0.0,1,10.13,8.91,SPY191231C00294000,294.0,normalDay
2019-10-08,1277.0,173.0,0.0,100,288.53,290.0,0,0.0,0.0,,0.0,1,10.13,6.93,SPY191231C00294000,294.0,normalDay
2019-10-09,1277.0,352.0,0.0,100,291.27,290.0,0,0.0,0.0,,0.0,1,10.13,7.88,SPY191231C00294000,294.0,normalDay
2019-10-10,1277.0,441.0,0.0,100,293.24,290.0,0,0.0,0.0,,0.0,1,10.13,8.96,SPY191231C00294000,294.0,normalDay
2019-10-11,1277.0,613.0,0.0,100,296.28,290.0,0,0.0,0.0,,0.0,1,10.13,10.28,SPY191231C00294000,294.0,normalDay
2019-10-14,1277.0,661.0,0.0,100,295.95,290.0,0,0.0,0.0,,0.0,1,10.13,9.47,SPY191231C00294000,294.0,normalDay
2019-10-15,1277.0,786.0,0.0,100,298.88,290.0,0,0.0,0.0,,0.0,1,10.13,11.15,SPY191231C00294000,294.0,normalDay
2019-10-16,1277.0,781.0,0.0,100,298.4,290.0,0,0.0,0.0,,0.0,1,10.13,10.72,SPY191231C00294000,294.0,normalDay
2019-10-17,1277.0,830.0,0.0,100,299.28,290.0,0,0.0,0.0,,0.0,1,10.13,11.11,SPY191231C00294000,294.0,normalDay
2019-10-18,1277.0,773.0,0.0,100,297.97,290.0,0,0.0,0.0,,0.0,1,10.13,10.37,SPY191231C00294000,294.0,normalDay
2019-10-21,1277.0,875.0,0.0,100,299.99,290.0,0,0.0,0.0,,0.0,1,10.13,11.37,SPY191231C00294000,294.0,normalDay
2019-10-22,1277.0,856.0,0.0,100,299.01,290.0,0,0.0,0.0,,0.0,1,10.13,10.58,SPY191231C00294000,294.0,normalDay
2019-10-23,1277.0,880.0,0.0,100,299.88,290.0,0,0.0,0.0,,0.0,1,10.13,11.21,SPY191231C00294000,294.0,normalDay
2019-10-24,1277.0,932.0,0.0,100,300.37,290.0,0,0.0,0.0,,0.0,1,10.13,11.18,SPY191231C00294000,294.0,normalDay
2019-10-25,1277.0,984.0,0.0,100,301.6,290.0,0,0.0,0.0,,0.0,1,10.13,11.89,SPY191231C00294000,294.0,normalDay
2019-10-28,1277.0,1026.0,0.0,100,303.3,290.0,0,0.0,0.0,,0.0,1,10.13,13.17,SPY191231C00294000,294.0,normalDay
2019-10-29,1277.0,1026.0,0.0,100,303.21,290.0,0,0.0,0.0,,0.0,1,10.13,13.08,SPY191231C00294000,294.0,normalDay
2019-10-30,1277.0,1045.0,0.0,100,304.14,290.0,0,0.0,0.0,,0.0,1,10.13,13.82,SPY191231C00294000,294.0,normalDay
2019-10-31,1277.0,1049.0,0.0,100,303.33,290.0,0,0.0,0.0,,0.0,1,10.13,12.97,SPY191231C00294000,294.0,normalDay
2019-11-01,1277.0,1126.0,0.0,100,306.14,290.0,0,0.0,0.0,,0.0,1,10.13,15.01,SPY191231C00294000,294.0,normalDay
2019-11-04,1277.0,1149.0,0.0,100,307.37,290.0,0,0.0,0.0,,0.0,1,10.13,16.01,SPY191231C00294000,294.0,normalDay
2019-11-05,1277.0,1134.0,0.0,100,307.03,290.0,0,0.0,0.0,,0.0,1,10.13,15.82,SPY191231C00294000,294.0,normalDay
2019-11-06,1277.0,1134.0,0.0,100,307.1,290.0,0,0.0,0.0,,0.0,1,10.13,15.89,SPY191231C00294000,294.0,normalDay
2019-11-07,1277.0,1166.0,0.0,100,308.18,290.0,0,0.0,0.0,,0.0,1,10.13,16.65,SPY191231C00294000,294.0,normalDay
2019-11-08,1277.0,1190.0,0.0,100,308.94,290.0,0,0.0,0.0,,0.0,1,10.13,17.17,SPY191231C00294000,294.0,normalDay
2019-11-11,1277.0,1175.0,0.0,100,308.35,290.0,0,0.0,0.0,,0.0,1,10.13,16.73,SPY191231C00294000,294.0,normalDay
2019-11-12,1277.0,1220.0,0.0,100,309.0,290.0,0,0.0,0.0,,0.0,1,10.13,16.93,SPY191231C00294000,294.0,normalDay
2019-11-13,1277.0,1202.0,0.0,100,309.1,290.0,0,0.0,0.0,,0.0,1,10.13,17.21,SPY191231C00294000,294.0,normalDay
2019-11-14,1277.0,1215.0,0.0,100,309.55,290.0,0,0.0,0.0,,0.0,1,10.13,17.53,SPY191231C00294000,294.0,normalDay
2019-11-15,1277.0,1264.0,0.0,100,311.79,290.0,0,0.0,0.0,,0.0,1,10.13,19.28,SPY191231C00294000,294.0,normalDay
2019-11-18,1277.0,1271.0,0.0,100,312.02,290.0,0,0.0,0.0,,0.0,1,10.13,19.44,SPY191231C00294000,294.0,normalDay
2019-11-19,1277.0,1278.0,0.0,100,311.93,290.0,0,0.0,0.0,,0.0,1,10.13,19.28,SPY191231C00294000,294.0,normalDay
2019-11-20,1277.0,1266.0,0.0,100,310.77,290.0,0,0.0,0.0,,0.0,1,10.13,18.24,SPY191231C00294000,294.0,normalDay
2019-11-21,1277.0,1258.0,0.0,100,310.27,290.0,0,0.0,0.0,,0.0,1,10.13,17.82,SPY191231C00294000,294.0,normalDay
2019-11-22,1277.0,1268.0,0.0,100,310.96,290.0,0,0.0,0.0,,0.0,1,10.13,18.41,SPY191231C00294000,294.0,normalDay
2019-11-25,1277.0,1334.0,0.0,100,313.37,290.0,0,0.0,0.0,,0.0,1,10.13,20.16,SPY191231C00294000,294.0,normalDay
2019-11-26,1277.0,1315.0,0.0,100,314.08,290.0,0,0.0,0.0,,0.0,1,10.13,21.06,SPY191231C00294000,294.0,normalDay
2019-11-27,1277.0,1334.0,0.0,100,315.48,290.0,0,0.0,0.0,,0.0,1,10.13,22.27,SPY191231C00294000,294.0,normalDay
2019-11-29,1277.0,1293.0,0.0,100,314.31,290.0,0,0.0,0.0,,0.0,1,10.13,21.51,SPY191231C00294000,294.0,normalDay
2019-12-02,1277.0,1308.0,0.0,100,311.64,290.0,0,0.0,0.0,,0.0,1,10.13,18.69,SPY191231C00294000,294.0,normalDay
2019-12-03,1277.0,1295.0,0.0,100,309.55,290.0,0,0.0,0.0,,0.0,1,10.13,16.73,SPY191231C00294000,294.0,normalDay
2019-12-04,1277.0,1348.0,0.0,100,311.46,290.0,0,0.0,0.0,,0.0,1,10.13,18.11,SPY191231C00294000,294.0,normalDay
2019-12-05,1277.0,1333.0,0.0,100,312.02,290.0,0,0.0,0.0,,0.0,1,10.13,18.82,SPY191231C00294000,294.0,normalDay
2019-12-06,1277.0,1366.0,0.0,100,314.87,290.0,0,0.0,0.0,,0.0,1,10.13,21.34,SPY191231C00294000,294.0,normalDay
2019-12-09,1277.0,1366.0,0.0,100,313.88,290.0,0,0.0,0.0,,0.0,1,10.13,20.35,SPY191231C00294000,294.0,normalDay
2019-12-10,1277.0,1332.0,0.0,100,313.53,290.0,0,0.0,0.0,,0.0,1,10.13,20.34,SPY191231C00294000,294.0,normalDay
2019-12-11,1277.0,1348.0,0.0,100,314.42,290.0,0,0.0,0.0,,0.0,1,10.13,21.07,SPY191231C00294000,294.0,normalDay
2019-12-12,1277.0,1383.0,0.0,100,317.13,290.0,0,0.0,0.0,,0.0,1,10.13,23.43,SPY191231C00294000,294.0,normalDay
2019-12-13,1277.0,1382.0,0.0,100,317.32,290.0,0,0.0,0.0,,0.0,1,10.13,23.63,SPY191231C00294000,294.0,normalDay
2019-12-16,1277.0,1371.0,0.0,100,319.5,290.0,0,0.0,0.0,,0.0,1,10.13,25.92,SPY191231C00294000,294.0,normalDay
2019-12-17,1277.0,1398.0,0.0,100,319.57,290.0,0,0.0,0.0,,0.0,1,10.13,25.72,SPY191231C00294000,294.0,normalDay
2019-12-18,1277.0,1392.0,0.0,100,319.59,290.0,0,0.0,0.0,,0.0,1,10.13,25.8,SPY191231C00294000,294.0,normalDay
2019-12-19,1277.0,1393.0,0.0,100,320.9,290.0,0,0.0,0.0,,0.0,1,10.13,27.1,SPY191231C00294000,294.0,normalDay
2019-12-20,1277.0,1333.0,0.0,100,320.73,290.0,0,0.0,0.0,,0.0,1,10.13,27.53,SPY191231C00294000,294.0,normalDay
2019-12-23,1277.0,1377.0,0.0,100,321.22,290.0,0,0.0,0.0,,0.0,1,10.13,27.58,SPY191231C00294000,294.0,normalDay
2019-12-24,1277.0,1373.0,0.0,100,321.23,290.0,0,0.0,0.0,,0.0,1,10.13,27.63,SPY191231C00294000,294.0,normalDay
2019-12-26,1277.0,1385.0,0.0,100,322.94,290.0,0,0.0,0.0,,0.0,1,10.13,29.22,SPY191231C00294000,294.0,normalDay
2019-12-27,1277.0,1413.0,0.0,100,322.86,290.0,0,0.0,0.0,,0.0,1,10.13,28.86,SPY191231C00294000,294.0,normalDay
2019-12-30,1277.0,1385.0,0.0,100,321.08,290.0,0,0.0,0.0,,0.0,1,10.13,27.36,SPY191231C00294000,294.0,normalDay
2019-12-31,2690.0,1385.0,1413.0,0,321.86,0.0,0,0.0,0.0,,0.0,1,10.13,0.0,SPY191231C00294000,294.0,expirationDay
2020-01-02,2690.0,-5.0,0.0,0,324.87,0.0,1,3.12,3.17,SPY200221P00318000,318.0,0,0.0,0.0,,0.0,normalDay
2020-01-03,2690.0,-102.0,0.0,0,322.41,0.0,1,3.12,4.14,SPY200221P00318000,318.0,0,0.0,0.0,,0.0,normalDay
2020-01-06,2690.0,-46.0,0.0,0,323.64,0.0,1,3.12,3.58,SPY200221P00318000,318.0,0,0.0,0.0,,0.0,normalDay
2020-01-07,2690.0,-72.0,0.0,0,322.73,0.0,1,3.12,3.84,SPY200221P00318000,318.0,0,0.0,0.0,,0.0,normalDay
2020-01-08,2690.0,2.0,0.0,0,324.45,0.0,1,3.12,3.1,SPY200221P00318000,318.0,0,0.0,0.0,,0.0,normalDay
2020-01-09,2690.0,68.0,0.0,0,326.65,0.0,1,3.12,2.44,SPY200221P00318000,318.0,0,0.0,0.0,,0.0,normalDay
2020-01-10,2690.0,48.0,0.0,0,325.71,0.0,1,3.12,2.64,SPY200221P00318000,318.0,0,0.0,0.0,,0.0,normalDay
2020-01-13,2690.0,114.0,0.0,0,327.95,0.0,1,3.12,1.98,SPY200221P00318000,318.0,0,0.0,0.0,,0.0,normalDay
2020-01-14,2690.0,113.0,0.0,0,327.45,0.0,1,3.12,1.99,SPY200221P00318000,318.0,0,0.0,0.0,,0.0,normalDay
2020-01-15,2690.0,132.0,0.0,0,328.19,0.0,1,3.12,1.8,SPY200221P00318000,318.0,0,0.0,0.0,,0.0,normalDay
2020-01-16,2690.0,169.0,0.0,0,330.92,0.0,1,3.12,1.43,SPY200221P00318000,318.0,0,0.0,0.0,,0.0,normalDay
2020-01-17,2690.0,187.0,0.0,0,331.95,0.0,1,3.12,1.25,SPY200221P00318000,318.0,0,0.0,0.0,,0.0,normalDay
2020-01-21,2690.0,180.0,0.0,0,331.3,0.0,1,3.12,1.32,SPY200221P00318000,318.0,0,0.0,0.0,,0.0,normalDay
2020-01-22,2690.0,181.0,0.0,0,331.34,0.0,1,3.12,1.31,SPY200221P00318000,318.0,0,0.0,0.0,,0.0,normalDay
2020-01-23,2690.0,186.0,0.0,0,331.72,0.0,1,3.12,1.26,SPY200221P00318000,318.0,0,0.0,0.0,,0.0,normalDay
2020-01-24,2690.0,122.0,0.0,0,328.77,0.0,1,3.12,1.9,SPY200221P00318000,318.0,0,0.0,0.0,,0.0,normalDay
2020-01-27,2690.0,-62.0,0.0,0,323.5,0.0,1,3.12,3.74,SPY200221P00318000,318.0,0,0.0,0.0,,0.0,normalDay
2020-01-28,2690.0,81.0,0.0,0,326.89,0.0,1,3.12,2.31,SPY200221P00318000,318.0,0,0.0,0.0,,0.0,normalDay
2020-01-29,2690.0,80.0,0.0,0,326.62,0.0,1,3.12,2.32,SPY200221P00318000,318.0,0,0.0,0.0,,0.0,normalDay
2020-01-30,2690.0,145.0,0.0,0,327.68,0.0,1,3.12,1.67,SPY200221P00318000,318.0,0,0.0,0.0,,0.0,normalDay
2020-01-31,2690.0,-60.0,0.0,0,321.73,0.0,1,3.12,3.72,SPY200221P00318000,318.0,0,0.0,0.0,,0.0,normalDay
2020-02-03,2690.0,37.0,0.0,0,324.12,0.0,1,3.12,2.75,SPY200221P00318000,318.0,0,0.0,0.0,,0.0,normalDay
2020-02-04,2690.0,197.0,0.0,0,329.06,0.0,1,3.12,1.15,SPY200221P00318000,318.0,0,0.0,0.0,,0.0,normalDay
2020-02-05,2690.0,255.0,0.0,0,332.86,0.0,1,3.12,0.57,SPY200221P00318000,318.0,0,0.0,0.0,,0.0,normalDay
2020-02-06,2690.0,262.0,0.0,0,333.98,0.0,1,3.12,0.5,SPY200221P00318000,318.0,0,0.0,0.0,,0.0,normalDay
2020-02-07,2690.0,253.0,0.0,0,332.2,0.0,1,3.12,0.59,SPY200221P00318000,318.0,0,0.0,0.0,,0.0,normalDay
2020-02-10,2690.0,282.0,0.0,0,334.68,0.0,1,3.12,0.3,SPY200221P00318000,318.0,0,0.0,0.0,,0.0,normalDay
2020-02-11,2690.0,288.0,0.0,0,335.26,0.0,1,3.12,0.24,SPY200221P00318000,318.0,0,0.0,0.0,,0.0,normalDay
2020-02-12,2690.0,301.0,0.0,0,337.42,0.0,1,3.12,0.11,SPY200221P00318000,318.0,0,0.0,0.0,,0.0,normalDay
2020-02-13,2690.0,301.0,0.0,0,337.06,0.0,1,3.12,0.11,SPY200221P00318000,318.0,0,0.0,0.0,,0.0,normalDay
2020-02-14,2690.0,306.0,0.0,0,337.6,0.0,1,3.12,0.06,SPY200221P00318000,318.0,0,0.0,0.0,,0.0,normalDay
2020-02-18,2690.0,308.0,0.0,0,336.73,0.0,1,3.12,0.04,SPY200221P00318000,318.0,0,0.0,0.0,,0.0,normalDay
2020-02-19,2690.0,309.0,0.0,0,338.34,0.0,1,3.12,0.03,SPY200221P00318000,318.0,0,0.0,0.0,,0.0,normalDay
2020-02-20,2690.0,310.0,0.0,0,336.95,0.0,1,3.12,0.02,SPY200221P00318000,318.0,0,0.0,0.0,,0.0,normalDay
2020-02-21,3002.0,0.0,312.0,0,333.48,0.0,1,3.12,0.0,SPY200221P00318000,318.0,0,0.0,0.0,,0.0,expirationDay
2020-02-24,3002.0,-32.0,0.0,0,322.42,0.0,1,13.72,14.04,SPY200417P00331000,331.0,0,0.0,0.0,,0.0,normalDay
2020-02-25,3002.0,-704.0,0.0,0,312.65,0.0,1,13.72,20.76,SPY200417P00331000,331.0,0,0.0,0.0,,0.0,normalDay
2020-02-26,3002.0,-867.0,0.0,0,311.5,0.0,1,13.72,22.39,SPY200417P00331000,331.0,0,0.0,0.0,,0.0,normalDay
2020-02-27,3002.0,-2231.0,0.0,0,297.51,0.0,1,13.72,36.03,SPY200417P00331000,331.0,0,0.0,0.0,,0.0,normalDay
2020-02-28,3002.0,-2288.0,0.0,0,296.26,0.0,1,13.72,36.6,SPY200417P00331000,331.0,0,0.0,0.0,,0.0,normalDay
2020-03-02,3002.0,-1089.0,0.0,0,309.09,0.0,1,13.72,24.61,SPY200417P00331000,331.0,0,0.0,0.0,,0.0,normalDay
2020-03-03,3002.0,-1824.0,0.0,0,300.24,0.0,1,13.72,31.96,SPY200417P00331000,331.0,0,0.0,0.0,,0.0,normalDay
2020-03-04,3002.0,-871.0,0.0,0,312.86,0.0,1,13.72,22.43,SPY200417P00331000,331.0,0,0.0,0.0,,0.0,normalDay
2020-03-05,3002.0,-1802.0,0.0,0,302.46,0.0,1,13.72,31.74,SPY200417P00331000,331.0,0,0.0,0.0,,0.0,normalDay
2020-03-06,3002.0,-2297.0,0.0,0,297.46,0.0,1,13.72,36.69,SPY200417P00331000,331.0,0,0.0,0.0,,0.0,normalDay
2020-03-09,3002.0,-4554.0,0.0,0,274.23,0.0,1,13.72,59.26,SPY200417P00331000,331.0,0,0.0,0.0,,0.0,normalDay
2020-03-10,3002.0,-3157.0,0.0,0,288.42,0.0,1,13.72,45.29,SPY200417P00331000,331.0,0,0.0,0.0,,0.0,normalDay
2020-03-11,3002.0,-4520.0,0.0,0,274.36,0.0,1,13.72,58.92,SPY200417P00331000,331.0,0,0.0,0.0,,0.0,normalDay
2020-03-12,3002.0,-7084.0,0.0,0,248.11,0.0,1,13.72,84.56,SPY200417P00331000,331.0,0,0.0,0.0,,0.0,normalDay
2020-03-13,3002.0,-5062.0,0.0,0,269.32,0.0,1,13.72,64.34,SPY200417P00331000,331.0,0,0.0,0.0,,0.0,normalDay
2020-03-16,3002.0,-7604.0,0.0,0,239.85,0.0,1,13.72,89.76,SPY200417P00331000,331.0,0,0.0,0.0,,0.0,normalDay
2020-03-17,3002.0,-6759.0,0.0,0,252.8,0.0,1,13.72,81.31,SPY200417P00331000,331.0,0,0.0,0.0,,0.0,normalDay
2020-03-18,3002.0,-7866.0,0.0,0,240.0,0.0,1,13.72,92.38,SPY200417P00331000,331.0,0,0.0,0.0,,0.0,normalDay
2020-03-19,3002.0,-7871.0,0.0,0,240.51,0.0,1,13.72,92.43,SPY200417P00331000,331.0,0,0.0,0.0,,0.0,normalDay
2020-03-20,3002.0,-8881.0,0.0,0,228.8,0.0,1,13.72,102.53,SPY200417P00331000,331.0,0,0.0,0.0,,0.0,normalDay
2020-03-23,3002.0,-9638.0,0.0,0,222.95,0.0,1,13.72,110.1,SPY200417P00331000,331.0,0,0.0,0.0,,0.0,normalDay
2020-03-24,3002.0,-7497.0,0.0,0,243.15,0.0,1,13.72,88.69,SPY200417P00331000,331.0,0,0.0,0.0,,0.0,normalDay
2020-03-25,3002.0,-7036.0,0.0,0,246.79,0.0,1,13.72,84.08,SPY200417P00331000,331.0,0,0.0,0.0,,0.0,normalDay
2020-03-26,3002.0,-5681.0,0.0,0,261.2,0.0,1,13.72,70.53,SPY200417P00331000,331.0,0,0.0,0.0,,0.0,normalDay
2020-03-27,3002.0,-6472.0,0.0,0,253.42,0.0,1,13.72,78.44,SPY200417P00331000,331.0,0,0.0,0.0,,0.0,normalDay
2020-03-30,3002.0,-5674.0,0.0,0,261.65,0.0,1,13.72,70.46,SPY200417P00331000,331.0,0,0.0,0.0,,0.0,normalDay
2020-03-31,3002.0,-6078.0,0.0,0,257.75,0.0,1,13.72,74.5,SPY200417P00331000,331.0,0,0.0,0.0,,0.0,normalDay
2020-04-01,3002.0,-7182.0,0.0,0,246.15,0.0,1,13.72,85.54,SPY200417P00331000,331.0,0,0.0,0.0,,0.0,normalDay
2020-04-02,3002.0,-6495.0,0.0,0,251.83,0.0,1,13.72,78.67,SPY200417P00331000,331.0,0,0.0,0.0,,0.0,normalDay
2020-04-03,3002.0,-6910.0,0.0,0,248.19,0.0,1,13.72,82.82,SPY200417P00331000,331.0,0,0.0,0.0,,0.0,normalDay
2020-04-06,3002.0,-5254.0,0.0,0,264.86,0.0,1,13.72,66.26,SPY200417P00331000,331.0,0,0.0,0.0,,0.0,normalDay
2020-04-07,3002.0,-5359.0,0.0,0,265.13,0.0,1,13.72,67.31,SPY200417P00331000,331.0,0,0.0,0.0,,0.0,normalDay
2020-04-08,3002.0,-4351.0,0.0,0,274.03,0.0,1,13.72,57.23,SPY200417P00331000,331.0,0,0.0,0.0,,0.0,normalDay
2020-04-09,3002.0,-3932.0,0.0,0,278.2,0.0,1,13.72,53.04,SPY200417P00331000,331.0,0,0.0,0.0,,0.0,normalDay
2020-04-13,3002.0,-4191.0,0.0,0,275.66,0.0,1,13.72,55.63,SPY200417P00331000,331.0,0,0.0,0.0,,0.0,normalDay
2020-04-14,3002.0,-3339.0,0.0,0,283.79,0.0,1,13.72,47.11,SPY200417P00331000,331.0,0,0.0,0.0,,0.0,normalDay
2020-04-15,3002.0,-3975.0,0.0,0,277.76,0.0,1,13.72,53.47,SPY200417P00331000,331.0,0,0.0,0.0,,0.0,normalDay
2020-04-16,3002.0,-3825.0,0.0,0,279.1,0.0,1,13.72,51.97,SPY200417P00331000,331.0,0,0.0,0.0,,0.0,normalDay
2020-04-17,4374.0,-4436.0,1372.0,100,286.64,331.0,1,13.72,0.0,SPY200417P00331000,331.0,0,0.0,0.0,,0.0,expirationDay
2020-04-20,4374.0,-5015.0,0.0,100,281.59,331.0,0,0.0,0.0,,0.0,1,32.28,33.02,SPY200821C00265000,265.0,normalDay
2020-04-21,4374.0,-5376.0,0.0,100,273.04,331.0,0,0.0,0.0,,0.0,1,32.28,28.08,SPY200821C00265000,265.0,normalDay
2020-04-22,4374.0,-5043.0,0.0,100,279.1,331.0,0,0.0,0.0,,0.0,1,32.28,30.81,SPY200821C00265000,265.0,normalDay
2020-04-23,4374.0,-5024.0,0.0,100,279.08,331.0,0,0.0,0.0,,0.0,1,32.28,30.6,SPY200821C00265000,265.0,normalDay
2020-04-24,4374.0,-4789.0,0.0,100,282.97,331.0,0,0.0,0.0,,0.0,1,32.28,32.14,SPY200821C00265000,265.0,normalDay
2020-04-27,4374.0,-4558.0,0.0,100,287.05,331.0,0,0.0,0.0,,0.0,1,32.28,33.91,SPY200821C00265000,265.0,normalDay
2020-04-28,4374.0,-4605.0,0.0,100,285.73,331.0,0,0.0,0.0,,0.0,1,32.28,33.06,SPY200821C00265000,265.0,normalDay
2020-04-29,4374.0,-4324.0,0.0,100,293.21,331.0,0,0.0,0.0,,0.0,1,32.28,37.73,SPY200821C00265000,265.0,normalDay
2020-04-30,4374.0,-4354.0,0.0,100,290.48,331.0,0,0.0,0.0,,0.0,1,32.28,35.3,SPY200821C00265000,265.0,normalDay
2020-05-01,4374.0,-4691.0,0.0,100,282.79,331.0,0,0.0,0.0,,0.0,1,32.28,30.98,SPY200821C00265000,265.0,normalDay
2020-05-04,4374.0,-4584.0,0.0,100,283.57,331.0,0,0.0,0.0,,0.0,1,32.28,30.69,SPY200821C00265000,265.0,normalDay
2020-05-05,4374.0,-4479.0,0.0,100,286.19,331.0,0,0.0,0.0,,0.0,1,32.28,32.26,SPY200821C00265000,265.0,normalDay
2020-05-06,4374.0,-4505.0,0.0,100,284.25,331.0,0,0.0,0.0,,0.0,1,32.28,30.58,SPY200821C00265000,265.0,normalDay
2020-05-07,4374.0,-4416.0,0.0,100,287.68,331.0,0,0.0,0.0,,0.0,1,32.28,33.12,SPY200821C00265000,265.0,normalDay
2020-05-08,4374.0,-4209.0,0.0,100,292.44,331.0,0,0.0,0.0,,0.0,1,32.28,35.81,SPY200821C00265000,265.0,normalDay
2020-05-11,4374.0,-4074.0,0.0,100,292.5,331.0,0,0.0,0.0,,0.0,1,32.28,34.52,SPY200821C00265000,265.0,normalDay
2020-05-12,4374.0,-4272.0,0.0,100,286.67,331.0,0,0.0,0.0,,0.0,1,32.28,30.67,SPY200821C00265000,265.0,normalDay
2020-05-13,4374.0,-4575.0,0.0,100,281.6,331.0,0,0.0,0.0,,0.0,1,32.28,28.63,SPY200821C00265000,265.0,normalDay
2020-05-14,4374.0,-4408.0,0.0,100,284.97,331.0,0,0.0,0.0,,0.0,1,32.28,30.33,SPY200821C00265000,265.0,normalDay
2020-05-15,4374.0,-4264.0,0.0,100,286.28,331.0,0,0.0,0.0,,0.0,1,32.28,30.2,SPY200821C00265000,265.0,normalDay
2020-05-18,4374.0,-4030.0,0.0,100,295.0,331.0,0,0.0,0.0,,0.0,1,32.28,36.58,SPY200821C00265000,265.0,normalDay
2020-05-19,4374.0,-4141.0,0.0,100,291.97,331.0,0,0.0,0.0,,0.0,1,32.28,34.66,SPY200821C00265000,265.0,normalDay
2020-05-20,4374.0,-3991.0,0.0,100,296.93,331.0,0,0.0,0.0,,0.0,1,32.28,38.12,SPY200821C00265000,265.0,normalDay
2020-05-21,4374.0,-4014.0,0.0,100,294.88,331.0,0,0.0,0.0,,0.0,1,32.28,36.3,SPY200821C00265000,265.0,normalDay
2020-05-22,4374.0,-4006.0,0.0,100,295.44,331.0,0,0.0,0.0,,0.0,1,32.28,36.78,SPY200821C00265000,265.0,normalDay
2020-05-26,4374.0,-3896.0,0.0,100,299.08,331.0,0,0.0,0.0,,0.0,1,32.28,39.32,SPY200821C00265000,265.0,normalDay
2020-05-27,4374.0,-3820.0,0.0,100,303.53,331.0,0,0.0,0.0,,0.0,1,32.28,43.01,SPY200821C00265000,265.0,normalDay
2020-05-28,4374.0,-3896.0,0.0,100,302.97,331.0,0,0.0,0.0,,0.0,1,32.28,43.21,SPY200821C00265000,265.0,normalDay
2020-05-29,4374.0,-3852.0,0.0,100,304.32,331.0,0,0.0,0.0,,0.0,1,32.28,44.12,SPY200821C00265000,265.0,normalDay
2020-06-01,4374.0,-3748.0,0.0,100,305.55,331.0,0,0.0,0.0,,0.0,1,32.28,44.31,SPY200821C00265000,265.0,normalDay
2020-06-02,4374.0,-3671.0,0.0,100,308.08,331.0,0,0.0,0.0,,0.0,1,32.28,46.07,SPY200821C00265000,265.0,normalDay
2020-06-03,4374.0,-3621.0,0.0,100,312.18,331.0,0,0.0,0.0,,0.0,1,32.28,49.67,SPY200821C00265000,265.0,normalDay
2020-06-04,4374.0,-3632.0,0.0,100,311.36,331.0,0,0.0,0.0,,0.0,1,32.28,48.96,SPY200821C00265000,265.0,normalDay
2020-06-05,4374.0,-3527.0,0.0,100,319.34,331.0,0,0.0,0.0,,0.0,1,32.28,55.89,SPY200821C00265000,265.0,normalDay
2020-06-08,4374.0,-3463.0,0.0,100,323.2,331.0,0,0.0,0.0,,0.0,1,32.28,59.11,SPY200821C00265000,265.0,normalDay
2020-06-09,4374.0,-3614.0,0.0,100,320.79,331.0,0,0.0,0.0,,0.0,1,32.28,58.21,SPY200821C00265000,265.0,normalDay
2020-06-10,4374.0,-3525.0,0.0,100,319.0,331.0,0,0.0,0.0,,0.0,1,32.28,55.53,SPY200821C00265000,265.0,normalDay
2020-06-11,4374.0,-4106.0,0.0,100,300.61,331.0,0,0.0,0.0,,0.0,1,32.28,42.95,SPY200821C00265000,265.0,normalDay
2020-06-12,4374.0,-3894.0,0.0,100,304.21,331.0,0,0.0,0.0,,0.0,1,32.28,44.43,SPY200821C00265000,265.0,normalDay
2020-06-15,4374.0,-3821.0,0.0,100,307.05,331.0,0,0.0,0.0,,0.0,1,32.28,46.54,SPY200821C00265000,265.0,normalDay
2020-06-16,4374.0,-3713.0,0.0,100,312.96,331.0,0,0.0,0.0,,0.0,1,32.28,51.37,SPY200821C00265000,265.0,normalDay
2020-06-17,4374.0,-3759.0,0.0,100,311.66,331.0,0,0.0,0.0,,0.0,1,32.28,50.53,SPY200821C00265000,265.0,normalDay
2020-06-18,4374.0,-3690.0,0.0,100,311.78,331.0,0,0.0,0.0,,0.0,1,32.28,49.96,SPY200821C00265000,265.0,normalDay
2020-06-19,4374.0,-3762.0,0.0,100,308.64,331.0,0,0.0,0.0,,0.0,1,32.28,47.54,SPY200821C00265000,265.0,normalDay
2020-06-22,4374.0,-3776.0,0.0,100,310.62,331.0,0,0.0,0.0,,0.0,1,32.28,49.66,SPY200821C00265000,265.0,normalDay
2020-06-23,4374.0,-3716.0,0.0,100,312.05,331.0,0,0.0,0.0,,0.0,1,32.28,50.49,SPY200821C00265000,265.0,normalDay
2020-06-24,4374.0,-3890.0,0.0,100,304.09,331.0,0,0.0,0.0,,0.0,1,32.28,44.27,SPY200821C00265000,265.0,normalDay
2020-06-25,4374.0,-3795.0,0.0,100,307.35,331.0,0,0.0,0.0,,0.0,1,32.28,46.58,SPY200821C00265000,265.0,normalDay
2020-06-26,4374.0,-3977.0,0.0,100,300.05,331.0,0,0.0,0.0,,0.0,1,32.28,41.1,SPY200821C00265000,265.0,normalDay
2020-06-29,4374.0,-3764.0,0.0,100,304.46,331.0,0,0.0,0.0,,0.0,1,32.28,43.38,SPY200821C00265000,265.0,normalDay
2020-06-30,4374.0,-3671.0,0.0,100,308.36,331.0,0,0.0,0.0,,0.0,1,32.28,46.35,SPY200821C00265000,265.0,normalDay
2020-07-01,4374.0,-3610.0,0.0,100,310.52,331.0,0,0.0,0.0,,0.0,1,32.28,47.9,SPY200821C00265000,265.0,normalDay
2020-07-02,4374.0,-3634.0,0.0,100,312.23,331.0,0,0.0,0.0,,0.0,1,32.28,49.85,SPY200821C00265000,265.0,normalDay
2020-07-06,4374.0,-3542.0,0.0,100,317.05,331.0,0,0.0,0.0,,0.0,1,32.28,53.75,SPY200821C00265000,265.0,normalDay
2020-07-07,4374.0,-3572.0,0.0,100,313.78,331.0,0,0.0,0.0,,0.0,1,32.28,50.78,SPY200821C00265000,265.0,normalDay
2020-07-08,4374.0,-3545.0,0.0,100,316.18,331.0,0,0.0,0.0,,0.0,1,32.28,52.91,SPY200821C00265000,265.0,normalDay
2020-07-09,4374.0,-3560.0,0.0,100,314.38,331.0,0,0.0,0.0,,0.0,1,32.28,51.26,SPY200821C00265000,265.0,normalDay
2020-07-10,4374.0,-3538.0,0.0,100,317.59,331.0,0,0.0,0.0,,0.0,1,32.28,54.25,SPY200821C00265000,265.0,normalDay
2020-07-13,4374.0,-3556.0,0.0,100,314.84,331.0,0,0.0,0.0,,0.0,1,32.28,51.68,SPY200821C00265000,265.0,normalDay
2020-07-14,4374.0,-3479.0,0.0,100,318.92,331.0,0,0.0,0.0,,0.0,1,32.28,54.99,SPY200821C00265000,265.0,normalDay
2020-07-15,4374.0,-3471.0,0.0,100,321.85,331.0,0,0.0,0.0,,0.0,1,32.28,57.84,SPY200821C00265000,265.0,normalDay
2020-07-16,4374.0,-3365.0,0.0,100,320.79,331.0,0,0.0,0.0,,0.0,1,32.28,55.72,SPY200821C00265000,265.0,normalDay
2020-07-17,4374.0,-3470.0,0.0,100,321.72,331.0,0,0.0,0.0,,0.0,1,32.28,57.7,SPY200821C00265000,265.0,normalDay
2020-07-20,4374.0,-3453.0,0.0,100,324.32,331.0,0,0.0,0.0,,0.0,1,32.28,60.13,SPY200821C00265000,265.0,normalDay
2020-07-21,4374.0,-3452.0,0.0,100,325.01,331.0,0,0.0,0.0,,0.0,1,32.28,60.81,SPY200821C00265000,265.0,normalDay
2020-07-22,4374.0,-3405.0,0.0,100,326.86,331.0,0,0.0,0.0,,0.0,1,32.28,62.19,SPY200821C00265000,265.0,normalDay
2020-07-23,4374.0,-3371.0,0.0,100,322.96,331.0,0,0.0,0.0,,0.0,1,32.28,57.95,SPY200821C00265000,265.0,normalDay
2020-07-24,4374.0,-3429.0,0.0,100,320.88,331.0,0,0.0,0.0,,0.0,1,32.28,56.45,SPY200821C00265000,265.0,normalDay
2020-07-27,4374.0,-3415.0,0.0,100,323.22,331.0,0,0.0,0.0,,0.0,1,32.28,58.65,SPY200821C00265000,265.0,normalDay
2020-07-28,4374.0,-3414.0,0.0,100,321.17,331.0,0,0.0,0.0,,0.0,1,32.28,56.59,SPY200821C00265000,265.0,normalDay
2020-07-29,4374.0,-3392.0,0.0,100,325.12,331.0,0,0.0,0.0,,0.0,1,32.28,60.32,SPY200821C00265000,265.0,normalDay
2020-07-30,4374.0,-3434.0,0.0,100,323.96,331.0,0,0.0,0.0,,0.0,1,32.28,59.58,SPY200821C00265000,265.0,normalDay
2020-07-31,4374.0,-3428.0,0.0,100,326.52,331.0,0,0.0,0.0,,0.0,1,32.28,62.08,SPY200821C00265000,265.0,normalDay
2020-08-03,4374.0,-3380.0,0.0,100,328.79,331.0,0,0.0,0.0,,0.0,1,32.28,63.87,SPY200821C00265000,265.0,normalDay
2020-08-04,4374.0,-3374.0,0.0,100,330.06,331.0,0,0.0,0.0,,0.0,1,32.28,65.08,SPY200821C00265000,265.0,normalDay
2020-08-05,4374.0,-3378.0,0.0,100,332.11,331.0,0,0.0,0.0,,0.0,1,32.28,67.17,SPY200821C00265000,265.0,normalDay
2020-08-06,4374.0,-3406.0,0.0,100,334.33,331.0,0,0.0,0.0,,0.0,1,32.28,69.67,SPY200821C00265000,265.0,normalDay
2020-08-07,4374.0,-3378.0,0.0,100,334.57,331.0,0,0.0,0.0,,0.0,1,32.28,69.63,SPY200821C00265000,265.0,normalDay
2020-08-10,4374.0,-3366.0,0.0,100,335.57,331.0,0,0.0,0.0,,0.0,1,32.28,70.51,SPY200821C00265000,265.0,normalDay
2020-08-11,4374.0,-3368.0,0.0,100,332.8,331.0,0,0.0,0.0,,0.0,1,32.28,67.76,SPY200821C00265000,265.0,normalDay
2020-08-12,4374.0,-3371.0,0.0,100,337.44,331.0,0,0.0,0.0,,0.0,1,32.28,72.43,SPY200821C00265000,265.0,normalDay
2020-08-13,4374.0,-3361.0,0.0,100,336.83,331.0,0,0.0,0.0,,0.0,1,32.28,71.72,SPY200821C00265000,265.0,normalDay
2020-08-14,4374.0,-3367.0,0.0,100,336.84,331.0,0,0.0,0.0,,0.0,1,32.28,71.79,SPY200821C00265000,265.0,normalDay
2020-08-17,4374.0,-3372.0,0.0,100,337.91,331.0,0,0.0,0.0,,0.0,1,32.28,72.91,SPY200821C00265000,265.0,normalDay
2020-08-18,4374.0,-3382.0,0.0,100,338.64,331.0,0,0.0,0.0,,0.0,1,32.28,73.74,SPY200821C00265000,265.0,normalDay
2020-08-19,4374.0,-3387.0,0.0,100,337.23,331.0,0,0.0,0.0,,0.0,1,32.28,72.38,SPY200821C00265000,265.0,normalDay
2020-08-20,4374.0,-3372.0,0.0,100,338.28,331.0,0,0.0,0.0,,0.0,1,32.28,73.28,SPY200821C00265000,265.0,normalDay
2020-08-21,1002.0,-3372.0,-3372.0,0,339.48,0.0,0,0.0,0.0,,0.0,1,32.28,0.0,SPY200821C00265000,265.0,expirationDay
2020-08-24,1002.0,-4.0,0.0,0,342.92,0.0,1,6.96,7.0,SPY201016P00333000,333.0,0,0.0,0.0,,0.0,normalDay
2020-08-25,1002.0,46.0,0.0,0,344.12,0.0,1,6.96,6.5,SPY201016P00333000,333.0,0,0.0,0.0,,0.0,normalDay
2020-08-26,1002.0,90.0,0.0,0,347.57,0.0,1,6.96,6.06,SPY201016P00333000,333.0,0,0.0,0.0,,0.0,normalDay
2020-08-27,1002.0,92.0,0.0,0,348.33,0.0,1,6.96,6.04,SPY201016P00333000,333.0,0,0.0,0.0,,0.0,normalDay
2020-08-28,1002.0,178.0,0.0,0,350.58,0.0,1,6.96,5.18,SPY201016P00333000,333.0,0,0.0,0.0,,0.0,normalDay
2020-08-31,1002.0,110.0,0.0,0,349.31,0.0,1,6.96,5.86,SPY201016P00333000,333.0,0,0.0,0.0,,0.0,normalDay
2020-09-01,1002.0,165.0,0.0,0,352.6,0.0,1,6.96,5.31,SPY201016P00333000,333.0,0,0.0,0.0,,0.0,normalDay
2020-09-02,1002.0,252.0,0.0,0,357.7,0.0,1,6.96,4.44,SPY201016P00333000,333.0,0,0.0,0.0,,0.0,normalDay
2020-09-03,1002.0,-126.0,0.0,0,345.39,0.0,1,6.96,8.22,SPY201016P00333000,333.0,0,0.0,0.0,,0.0,normalDay
2020-09-04,1002.0,-144.0,0.0,0,342.57,0.0,1,6.96,8.4,SPY201016P00333000,333.0,0,0.0,0.0,,0.0,normalDay
2020-09-08,1002.0,-429.0,0.0,0,333.21,0.0,1,6.96,11.25,SPY201016P00333000,333.0,0,0.0,0.0,,0.0,normalDay
2020-09-09,1002.0,-133.0,0.0,0,339.79,0.0,1,6.96,8.29,SPY201016P00333000,333.0,0,0.0,0.0,,0.0,normalDay
2020-09-10,1002.0,-338.0,0.0,0,333.89,0.0,1,6.96,10.34,SPY201016P00333000,333.0,0,0.0,0.0,,0.0,normalDay
2020-09-11,1002.0,-296.0,0.0,0,334.06,0.0,1,6.96,9.92,SPY201016P00333000,333.0,0,0.0,0.0,,0.0,normalDay
2020-09-14,1002.0,-11.0,0.0,0,338.46,0.0,1,6.96,7.07,SPY201016P00333000,333.0,0,0.0,0.0,,0.0,normalDay
2020-09-15,1002.0,68.0,0.0,0,340.17,0.0,1,6.96,6.28,SPY201016P00333000,333.0,0,0.0,0.0,,0.0,normalDay
2020-09-16,1002.0,20.0,0.0,0,338.82,0.0,1,6.96,6.76,SPY201016P00333000,333.0,0,0.0,0.0,,0.0,normalDay
2020-09-17,1002.0,-61.0,0.0,0,335.84,0.0,1,6.96,7.57,SPY201016P00333000,333.0,0,0.0,0.0,,0.0,normalDay
2020-09-18,1002.0,-207.0,0.0,0,330.65,0.0,1,6.96,9.03,SPY201016P00333000,333.0,0,0.0,0.0,,0.0,normalDay
2020-09-21,1002.0,-372.0,0.0,0,326.97,0.0,1,6.96,10.68,SPY201016P00333000,333.0,0,0.0,0.0,,0.0,normalDay
2020-09-22,1002.0,-200.0,0.0,0,330.3,0.0,1,6.96,8.96,SPY201016P00333000,333.0,0,0.0,0.0,,0.0,normalDay
2020-09-23,1002.0,-648.0,0.0,0,322.64,0.0,1,6.96,13.44,SPY201016P00333000,333.0,0,0.0,0.0,,0.0,normalDay
2020-09-24,1002.0,-552.0,0.0,0,323.5,0.0,1,6.96,12.48,SPY201016P00333000,333.0,0,0.0,0.0,,0.0,normalDay
2020-09-25,1002.0,-207.0,0.0,0,328.73,0.0,1,6.96,9.03,SPY201016P00333000,333.0,0,0.0,0.0,,0.0,normalDay
2020-09-28,1002.0,81.0,0.0,0,334.19,0.0,1,6.96,6.15,SPY201016P00333000,333.0,0,0.0,0.0,,0.0,normalDay
2020-09-29,1002.0,28.0,0.0,0,332.37,0.0,1,6.96,6.68,SPY201016P00333000,333.0,0,0.0,0.0,,0.0,normalDay
2020-09-30,1002.0,71.0,0.0,0,334.89,0.0,1,6.96,6.25,SPY201016P00333000,333.0,0,0.0,0.0,,0.0,normalDay
2020-10-01,1002.0,217.0,0.0,0,337.04,0.0,1,6.96,4.79,SPY201016P00333000,333.0,0,0.0,0.0,,0.0,normalDay
2020-10-02,1002.0,117.0,0.0,0,333.84,0.0,1,6.96,5.79,SPY201016P00333000,333.0,0,0.0,0.0,,0.0,normalDay
2020-10-05,1002.0,392.0,0.0,0,339.76,0.0,1,6.96,3.04,SPY201016P00333000,333.0,0,0.0,0.0,,0.0,normalDay
2020-10-06,1002.0,257.0,0.0,0,334.93,0.0,1,6.96,4.39,SPY201016P00333000,333.0,0,0.0,0.0,,0.0,normalDay
2020-10-07,1002.0,490.0,0.0,0,340.76,0.0,1,6.96,2.06,SPY201016P00333000,333.0,0,0.0,0.0,,0.0,normalDay
2020-10-08,1002.0,595.0,0.0,0,343.78,0.0,1,6.96,1.01,SPY201016P00333000,333.0,0,0.0,0.0,,0.0,normalDay
2020-10-09,1002.0,655.0,0.0,0,346.85,0.0,1,6.96,0.41,SPY201016P00333000,333.0,0,0.0,0.0,,0.0,normalDay
2020-10-12,1002.0,681.0,0.0,0,352.43,0.0,1,6.96,0.15,SPY201016P00333000,333.0,0,0.0,0.0,,0.0,normalDay
2020-10-13,1002.0,684.0,0.0,0,350.13,0.0,1,6.96,0.12,SPY201016P00333000,333.0,0,0.0,0.0,,0.0,normalDay
2020-10-14,1002.0,685.0,0.0,0,347.93,0.0,1,6.96,0.11,SPY201016P00333000,333.0,0,0.0,0.0,,0.0,normalDay
2020-10-15,1002.0,692.0,0.0,0,347.5,0.0,1,6.96,0.04,SPY201016P00333000,333.0,0,0.0,0.0,,0.0,normalDay
2020-10-16,1698.0,0.0,696.0,0,347.29,0.0,1,6.96,0.0,SPY201016P00333000,333.0,0,0.0,0.0,,0.0,expirationDay
2020-10-19,1698.0,-9.0,0.0,0,342.01,0.0,1,9.38,9.47,SPY201127P00337500,337.5,0,0.0,0.0,,0.0,normalDay
2020-10-20,1698.0,12.0,0.0,0,343.38,0.0,1,9.38,9.26,SPY201127P00337500,337.5,0,0.0,0.0,,0.0,normalDay
2020-10-21,1698.0,60.0,0.0,0,342.73,0.0,1,9.38,8.78,SPY201127P00337500,337.5,0,0.0,0.0,,0.0,normalDay
2020-10-22,1698.0,133.0,0.0,0,344.61,0.0,1,9.38,8.05,SPY201127P00337500,337.5,0,0.0,0.0,,0.0,normalDay
2020-10-23,1698.0,183.0,0.0,0,345.78,0.0,1,9.38,7.55,SPY201127P00337500,337.5,0,0.0,0.0,,0.0,normalDay
2020-10-26,1698.0,-121.0,0.0,0,339.39,0.0,1,9.38,10.59,SPY201127P00337500,337.5,0,0.0,0.0,,0.0,normalDay
2020-10-27,1698.0,-157.0,0.0,0,338.22,0.0,1,9.38,10.95,SPY201127P00337500,337.5,0,0.0,0.0,,0.0,normalDay
2020-10-28,1698.0,-927.0,0.0,0,326.66,0.0,1,9.38,18.65,SPY201127P00337500,337.5,0,0.0,0.0,,0.0,normalDay
2020-10-29,1698.0,-570.0,0.0,0,329.98,0.0,1,9.38,15.08,SPY201127P00337500,337.5,0,0.0,0.0,,0.0,normalDay
2020-10-30,1698.0,-751.0,0.0,0,326.54,0.0,1,9.38,16.89,SPY201127P00337500,337.5,0,0.0,0.0,,0.0,normalDay
2020-11-02,1698.0,-474.0,0.0,0,330.2,0.0,1,9.38,14.12,SPY201127P00337500,337.5,0,0.0,0.0,,0.0,normalDay
2020-11-03,1698.0,-203.0,0.0,0,336.03,0.0,1,9.38,11.41,SPY201127P00337500,337.5,0,0.0,0.0,,0.0,normalDay
2020-11-04,1698.0,286.0,0.0,0,343.54,0.0,1,9.38,6.52,SPY201127P00337500,337.5,0,0.0,0.0,,0.0,normalDay
2020-11-05,1698.0,515.0,0.0,0,350.24,0.0,1,9.38,4.23,SPY201127P00337500,337.5,0,0.0,0.0,,0.0,normalDay
2020-11-06,1698.0,598.0,0.0,0,350.16,0.0,1,9.38,3.4,SPY201127P00337500,337.5,0,0.0,0.0,,0.0,normalDay
2020-11-09,1698.0,717.0,0.0,0,354.56,0.0,1,9.38,2.21,SPY201127P00337500,337.5,0,0.0,0.0,,0.0,normalDay
2020-11-10,1698.0,739.0,0.0,0,354.04,0.0,1,9.38,1.99,SPY201127P00337500,337.5,0,0.0,0.0,,0.0,normalDay
2020-11-11,1698.0,806.0,0.0,0,356.67,0.0,1,9.38,1.32,SPY201127P00337500,337.5,0,0.0,0.0,,0.0,normalDay
2020-11-12,1698.0,750.0,0.0,0,353.21,0.0,1,9.38,1.88,SPY201127P00337500,337.5,0,0.0,0.0,,0.0,normalDay
2020-11-13,1698.0,835.0,0.0,0,358.1,0.0,1,9.38,1.03,SPY201127P00337500,337.5,0,0.0,0.0,,0.0,normalDay
2020-11-16,1698.0,896.0,0.0,0,362.57,0.0,1,9.38,0.42,SPY201127P00337500,337.5,0,0.0,0.0,,0.0,normalDay
2020-11-17,1698.0,902.0,0.0,0,360.62,0.0,1,9.38,0.36,SPY201127P00337500,337.5,0,0.0,0.0,,0.0,normalDay
2020-11-18,1698.0,892.0,0.0,0,356.28,0.0,1,9.38,0.46,SPY201127P00337500,337.5,0,0.0,0.0,,0.0,normalDay
2020-11-19,1698.0,908.0,0.0,0,357.78,0.0,1,9.38,0.3,SPY201127P00337500,337.5,0,0.0,0.0,,0.0,normalDay
2020-11-20,1698.0,916.0,0.0,0,355.33,0.0,1,9.38,0.22,SPY201127P00337500,337.5,0,0.0,0.0,,0.0,normalDay
2020-11-23,1698.0,933.0,0.0,0,357.46,0.0,1,9.38,0.05,SPY201127P00337500,337.5,0,0.0,0.0,,0.0,normalDay
2020-11-24,1698.0,935.0,0.0,0,363.22,0.0,1,9.38,0.03,SPY201127P00337500,337.5,0,0.0,0.0,,0.0,normalDay
2020-11-25,1698.0,937.0,0.0,0,362.66,0.0,1,9.38,0.01,SPY201127P00337500,337.5,0,0.0,0.0,,0.0,normalDay
2020-11-27,2636.0,0.0,938.0,0,363.67,0.0,1,9.38,0.0,SPY201127P00337500,337.5,0,0.0,0.0,,0.0,expirationDay
2020-11-30,2636.0,-7.0,0.0,0,362.06,0.0,1,6.88,6.95,SPY210115P00354000,354.0,0,0.0,0.0,,0.0,normalDay
2020-12-01,2636.0,72.0,0.0,0,366.02,0.0,1,6.88,6.16,SPY210115P00354000,354.0,0,0.0,0.0,,0.0,normalDay
2020-12-02,2636.0,105.0,0.0,0,366.79,0.0,1,6.88,5.83,SPY210115P00354000,354.0,0,0.0,0.0,,0.0,normalDay
2020-12-03,2636.0,102.0,0.0,0,366.69,0.0,1,6.88,5.86,SPY210115P00354000,354.0,0,0.0,0.0,,0.0,normalDay
2020-12-04,2636.0,201.0,0.0,0,369.85,0.0,1,6.88,4.87,SPY210115P00354000,354.0,0,0.0,0.0,,0.0,normalDay
2020-12-07,2636.0,201.0,0.0,0,369.09,0.0,1,6.88,4.87,SPY210115P00354000,354.0,0,0.0,0.0,,0.0,normalDay
2020-12-08,2636.0,275.0,0.0,0,370.17,0.0,1,6.88,4.13,SPY210115P00354000,354.0,0,0.0,0.0,,0.0,normalDay
2020-12-09,2636.0,165.0,0.0,0,366.85,0.0,1,6.88,5.23,SPY210115P00354000,354.0,0,0.0,0.0,,0.0,normalDay
2020-12-10,2636.0,175.0,0.0,0,366.73,0.0,1,6.88,5.13,SPY210115P00354000,354.0,0,0.0,0.0,,0.0,normalDay
2020-12-11,2636.0,151.0,0.0,0,366.3,0.0,1,6.88,5.37,SPY210115P00354000,354.0,0,0.0,0.0,,0.0,normalDay
2020-12-14,2636.0,123.0,0.0,0,364.66,0.0,1,6.88,5.65,SPY210115P00354000,354.0,0,0.0,0.0,,0.0,normalDay
2020-12-15,2636.0,270.0,0.0,0,369.59,0.0,1,6.88,4.18,SPY210115P00354000,354.0,0,0.0,0.0,,0.0,normalDay
2020-12-16,2636.0,317.0,0.0,0,370.17,0.0,1,6.88,3.71,SPY210115P00354000,354.0,0,0.0,0.0,,0.0,normalDay
2020-12-17,2636.0,386.0,0.0,0,372.24,0.0,1,6.88,3.02,SPY210115P00354000,354.0,0,0.0,0.0,,0.0,normalDay
2020-12-18,2636.0,384.0,0.0,0,369.18,0.0,1,6.88,3.04,SPY210115P00354000,354.0,0,0.0,0.0,,0.0,normalDay
2020-12-21,2636.0,285.0,0.0,0,367.86,0.0,1,6.88,4.03,SPY210115P00354000,354.0,0,0.0,0.0,,0.0,normalDay
2020-12-22,2636.0,307.0,0.0,0,367.24,0.0,1,6.88,3.81,SPY210115P00354000,354.0,0,0.0,0.0,,0.0,normalDay
2020-12-23,2636.0,352.0,0.0,0,367.57,0.0,1,6.88,3.36,SPY210115P00354000,354.0,0,0.0,0.0,,0.0,normalDay
2020-12-24,2636.0,426.0,0.0,0,369.0,0.0,1,6.88,2.62,SPY210115P00354000,354.0,0,0.0,0.0,,0.0,normalDay
2020-12-28,2636.0,513.0,0.0,0,372.17,0.0,1,6.88,1.75,SPY210115P00354000,354.0,0,0.0,0.0,,0.0,normalDay
2020-12-29,2636.0,495.0,0.0,0,371.46,0.0,1,6.88,1.93,SPY210115P00354000,354.0,0,0.0,0.0,,0.0,normalDay
2020-12-30,2636.0,517.0,0.0,0,371.99,0.0,1,6.88,1.71,SPY210115P00354000,354.0,0,0.0,0.0,,0.0,normalDay
2020-12-31,2636.0,553.0,0.0,0,373.88,0.0,1,6.88,1.35,SPY210115P00354000,354.0,0,0.0,0.0,,0.0,normalDay
2021-01-04,2636.0,478.0,0.0,0,368.79,0.0,1,6.88,2.1,SPY210115P00354000,354.0,0,0.0,0.0,,0.0,normalDay
2021-01-05,2636.0,543.0,0.0,0,371.33,0.0,1,6.88,1.45,SPY210115P00354000,354.0,0,0.0,0.0,,0.0,normalDay
2021-01-06,2636.0,567.0,0.0,0,373.55,0.0,1,6.88,1.21,SPY210115P00354000,354.0,0,0.0,0.0,,0.0,normalDay
2021-01-07,2636.0,647.0,0.0,0,379.1,0.0,1,6.88,0.41,SPY210115P00354000,354.0,0,0.0,0.0,,0.0,normalDay
2021-01-08,2636.0,665.0,0.0,0,381.26,0.0,1,6.88,0.23,SPY210115P00354000,354.0,0,0.0,0.0,,0.0,normalDay
2021-01-11,2636.0,669.0,0.0,0,378.69,0.0,1,6.88,0.19,SPY210115P00354000,354.0,0,0.0,0.0,,0.0,normalDay
2021-01-12,2636.0,677.0,0.0,0,378.77,0.0,1,6.88,0.11,SPY210115P00354000,354.0,0,0.0,0.0,,0.0,normalDay
2021-01-13,2636.0,681.0,0.0,0,379.79,0.0,1,6.88,0.07,SPY210115P00354000,354.0,0,0.0,0.0,,0.0,normalDay
2021-01-14,2636.0,683.0,0.0,0,378.46,0.0,1,6.88,0.05,SPY210115P00354000,354.0,0,0.0,0.0,,0.0,normalDay
2021-01-15,3324.0,0.0,688.0,0,375.7,0.0,1,6.88,0.0,SPY210115P00354000,354.0,0,0.0,0.0,,0.0,expirationDay
2021-01-19,3324.0,-6.0,0.0,0,378.65,0.0,1,7.21,7.27,SPY210226P00373000,373.0,0,0.0,0.0,,0.0,normalDay
2021-01-20,3324.0,183.0,0.0,0,383.89,0.0,1,7.21,5.38,SPY210226P00373000,373.0,0,0.0,0.0,,0.0,normalDay
2021-01-21,3324.0,210.0,0.0,0,384.24,0.0,1,7.21,5.11,SPY210226P00373000,373.0,0,0.0,0.0,,0.0,normalDay
2021-01-22,3324.0,179.0,0.0,0,382.88,0.0,1,7.21,5.42,SPY210226P00373000,373.0,0,0.0,0.0,,0.0,normalDay
2021-01-25,3324.0,212.0,0.0,0,384.39,0.0,1,7.21,5.09,SPY210226P00373000,373.0,0,0.0,0.0,,0.0,normalDay
2021-01-26,3324.0,228.0,0.0,0,383.79,0.0,1,7.21,4.93,SPY210226P00373000,373.0,0,0.0,0.0,,0.0,normalDay
2021-01-27,3324.0,-364.0,0.0,0,374.41,0.0,1,7.21,10.85,SPY210226P00373000,373.0,0,0.0,0.0,,0.0,normalDay
2021-01-28,3324.0,-102.0,0.0,0,377.63,0.0,1,7.21,8.23,SPY210226P00373000,373.0,0,0.0,0.0,,0.0,normalDay
2021-01-29,3324.0,-532.0,0.0,0,370.07,0.0,1,7.21,12.53,SPY210226P00373000,373.0,0,0.0,0.0,,0.0,normalDay
2021-02-01,3324.0,-107.0,0.0,0,376.23,0.0,1,7.21,8.28,SPY210226P00373000,373.0,0,0.0,0.0,,0.0,normalDay
2021-02-02,3324.0,230.0,0.0,0,381.55,0.0,1,7.21,4.91,SPY210226P00373000,373.0,0,0.0,0.0,,0.0,normalDay
2021-02-03,3324.0,307.0,0.0,0,381.85,0.0,1,7.21,4.14,SPY210226P00373000,373.0,0,0.0,0.0,,0.0,normalDay
2021-02-04,3324.0,430.0,0.0,0,386.19,0.0,1,7.21,2.91,SPY210226P00373000,373.0,0,0.0,0.0,,0.0,normalDay
2021-02-05,3324.0,492.0,0.0,0,387.71,0.0,1,7.21,2.29,SPY210226P00373000,373.0,0,0.0,0.0,,0.0,normalDay
2021-02-08,3324.0,548.0,0.0,0,390.51,0.0,1,7.21,1.73,SPY210226P00373000,373.0,0,0.0,0.0,,0.0,normalDay
2021-02-09,3324.0,557.0,0.0,0,390.25,0.0,1,7.21,1.64,SPY210226P00373000,373.0,0,0.0,0.0,,0.0,normalDay
2021-02-10,3324.0,552.0,0.0,0,390.08,0.0,1,7.21,1.69,SPY210226P00373000,373.0,0,0.0,0.0,,0.0,normalDay
2021-02-11,3324.0,580.0,0.0,0,390.71,0.0,1,7.21,1.41,SPY210226P00373000,373.0,0,0.0,0.0,,0.0,normalDay
2021-02-12,3324.0,637.0,0.0,0,392.64,0.0,1,7.21,0.84,SPY210226P00373000,373.0,0,0.0,0.0,,0.0,normalDay
2021-02-16,3324.0,641.0,0.0,0,392.3,0.0,1,7.21,0.8,SPY210226P00373000,373.0,0,0.0,0.0,,0.0,normalDay
2021-02-17,3324.0,661.0,0.0,0,392.39,0.0,1,7.21,0.6,SPY210226P00373000,373.0,0,0.0,0.0,,0.0,normalDay
2021-02-18,3324.0,654.0,0.0,0,390.72,0.0,1,7.21,0.67,SPY210226P00373000,373.0,0,0.0,0.0,,0.0,normalDay
2021-02-19,3324.0,681.0,0.0,0,390.03,0.0,1,7.21,0.4,SPY210226P00373000,373.0,0,0.0,0.0,,0.0,normalDay
2021-02-22,3324.0,679.0,0.0,0,387.03,0.0,1,7.21,0.42,SPY210226P00373000,373.0,0,0.0,0.0,,0.0,normalDay
2021-02-23,3324.0,693.0,0.0,0,387.5,0.0,1,7.21,0.28,SPY210226P00373000,373.0,0,0.0,0.0,,0.0,normalDay
2021-02-24,3324.0,716.0,0.0,0,391.77,0.0,1,7.21,0.05,SPY210226P00373000,373.0,0,0.0,0.0,,0.0,normalDay
2021-02-25,3324.0,684.0,0.0,0,382.33,0.0,1,7.21,0.37,SPY210226P00373000,373.0,0,0.0,0.0,,0.0,normalDay
2021-02-26,4045.0,0.0,721.0,0,380.36,0.0,1,7.21,0.0,SPY210226P00373000,373.0,0,0.0,0.0,,0.0,expirationDay
2021-03-01,4045.0,-7.0,0.0,0,389.58,0.0,1,9.57,9.64,SPY210416P00387000,387.0,0,0.0,0.0,,0.0,normalDay
2021-03-02,4045.0,-157.0,0.0,0,386.54,0.0,1,9.57,11.14,SPY210416P00387000,387.0,0,0.0,0.0,,0.0,normalDay
2021-03-03,4045.0,-447.0,0.0,0,381.42,0.0,1,9.57,14.04,SPY210416P00387000,387.0,0,0.0,0.0,,0.0,normalDay
2021-03-04,4045.0,-719.0,0.0,0,376.7,0.0,1,9.57,16.76,SPY210416P00387000,387.0,0,0.0,0.0,,0.0,normalDay
2021-03-05,4045.0,-254.0,0.0,0,383.63,0.0,1,9.57,12.11,SPY210416P00387000,387.0,0,0.0,0.0,,0.0,normalDay
2021-03-08,4045.0,-335.0,0.0,0,381.72,0.0,1,9.57,12.92,SPY210416P00387000,387.0,0,0.0,0.0,,0.0,normalDay
2021-03-09,4045.0,-46.0,0.0,0,387.17,0.0,1,9.57,10.03,SPY210416P00387000,387.0,0,0.0,0.0,,0.0,normalDay
2021-03-10,4045.0,129.0,0.0,0,389.58,0.0,1,9.57,8.28,SPY210416P00387000,387.0,0,0.0,0.0,,0.0,normalDay
2021-03-11,4045.0,272.0,0.0,0,393.53,0.0,1,9.57,6.85,SPY210416P00387000,387.0,0,0.0,0.0,,0.0,normalDay
2021-03-12,4045.0,355.0,0.0,0,394.06,0.0,1,9.57,6.02,SPY210416P00387000,387.0,0,0.0,0.0,,0.0,normalDay
2021-03-15,4045.0,480.0,0.0,0,396.41,0.0,1,9.57,4.77,SPY210416P00387000,387.0,0,0.0,0.0,,0.0,normalDay
2021-03-16,4045.0,473.0,0.0,0,395.91,0.0,1,9.57,4.84,SPY210416P00387000,387.0,0,0.0,0.0,,0.0,normalDay
2021-03-17,4045.0,541.0,0.0,0,397.26,0.0,1,9.57,4.16,SPY210416P00387000,387.0,0,0.0,0.0,,0.0,normalDay
2021-03-18,4045.0,364.0,0.0,0,391.48,0.0,1,9.57,5.93,SPY210416P00387000,387.0,0,0.0,0.0,,0.0,normalDay
2021-03-19,4045.0,341.0,0.0,0,389.48,0.0,1,9.57,6.16,SPY210416P00387000,387.0,0,0.0,0.0,,0.0,normalDay
2021-03-22,4045.0,553.0,0.0,0,392.59,0.0,1,9.57,4.04,SPY210416P00387000,387.0,0,0.0,0.0,,0.0,normalDay
2021-03-23,4045.0,425.0,0.0,0,389.5,0.0,1,9.57,5.32,SPY210416P00387000,387.0,0,0.0,0.0,,0.0,normalDay
2021-03-24,4045.0,347.0,0.0,0,387.52,0.0,1,9.57,6.1,SPY210416P00387000,387.0,0,0.0,0.0,,0.0,normalDay
2021-03-25,4045.0,478.0,0.0,0,389.7,0.0,1,9.57,4.79,SPY210416P00387000,387.0,0,0.0,0.0,,0.0,normalDay
2021-03-26,4045.0,667.0,0.0,0,395.98,0.0,1,9.57,2.9,SPY210416P00387000,387.0,0,0.0,0.0,,0.0,normalDay
2021-03-29,4045.0,650.0,0.0,0,395.78,0.0,1,9.57,3.07,SPY210416P00387000,387.0,0,0.0,0.0,,0.0,normalDay
2021-03-30,4045.0,666.0,0.0,0,394.73,0.0,1,9.57,2.91,SPY210416P00387000,387.0,0,0.0,0.0,,0.0,normalDay
2021-03-31,4045.0,730.0,0.0,0,396.33,0.0,1,9.57,2.27,SPY210416P00387000,387.0,0,0.0,0.0,,0.0,normalDay
2021-04-01,4045.0,841.0,0.0,0,400.61,0.0,1,9.57,1.16,SPY210416P00387000,387.0,0,0.0,0.0,,0.0,normalDay
2021-04-05,4045.0,898.0,0.0,0,406.36,0.0,1,9.57,0.59,SPY210416P00387000,387.0,0,0.0,0.0,,0.0,normalDay
2021-04-06,4045.0,904.0,0.0,0,406.12,0.0,1,9.57,0.53,SPY210416P00387000,387.0,0,0.0,0.0,,0.0,normalDay
2021-04-07,4045.0,923.0,0.0,0,406.59,0.0,1,9.57,0.34,SPY210416P00387000,387.0,0,0.0,0.0,,0.0,normalDay
2021-04-08,4045.0,935.0,0.0,0,408.52,0.0,1,9.57,0.22,SPY210416P00387000,387.0,0,0.0,0.0,,0.0,normalDay
2021-04-09,4045.0,947.0,0.0,0,411.49,0.0,1,9.57,0.1,SPY210416P00387000,387.0,0,0.0,0.0,,0.0,normalDay
2021-04-12,4045.0,953.0,0.0,0,411.64,0.0,1,9.57,0.04,SPY210416P00387000,387.0,0,0.0,0.0,,0.0,normalDay
2021-04-13,4045.0,954.0,0.0,0,412.86,0.0,1,9.57,0.03,SPY210416P00387000,387.0,0,0.0,0.0,,0.0,normalDay
2021-04-14,4045.0,953.0,0.0,0,411.45,0.0,1,9.57,0.04,SPY210416P00387000,387.0,0,0.0,0.0,,0.0,normalDay
2021-04-15,4045.0,955.0,0.0,0,415.87,0.0,1,9.57,0.02,SPY210416P00387000,387.0,0,0.0,0.0,,0.0,normalDay
2021-04-16,5002.0,0.0,957.0,0,417.26,0.0,1,9.57,0.0,SPY210416P00387000,387.0,0,0.0,0.0,,0.0,expirationDay
2021-04-19,5002.0,-5.0,0.0,0,415.21,0.0,1,4.32,4.37,SPY210528P00402500,402.5,0,0.0,0.0,,0.0,normalDay
2021-04-20,5002.0,-123.0,0.0,0,412.17,0.0,1,4.32,5.55,SPY210528P00402500,402.5,0,0.0,0.0,,0.0,normalDay
2021-04-21,5002.0,20.0,0.0,0,416.07,0.0,1,4.32,4.12,SPY210528P00402500,402.5,0,0.0,0.0,,0.0,normalDay
2021-04-22,5002.0,-103.0,0.0,0,412.27,0.0,1,4.32,5.35,SPY210528P00402500,402.5,0,0.0,0.0,,0.0,normalDay
2021-04-23,5002.0,53.0,0.0,0,416.74,0.0,1,4.32,3.79,SPY210528P00402500,402.5,0,0.0,0.0,,0.0,normalDay
2021-04-26,5002.0,96.0,0.0,0,417.61,0.0,1,4.32,3.36,SPY210528P00402500,402.5,0,0.0,0.0,,0.0,normalDay
2021-04-27,5002.0,105.0,0.0,0,417.52,0.0,1,4.32,3.27,SPY210528P00402500,402.5,0,0.0,0.0,,0.0,normalDay
2021-04-28,5002.0,133.0,0.0,0,417.4,0.0,1,4.32,2.99,SPY210528P00402500,402.5,0,0.0,0.0,,0.0,normalDay
2021-04-29,5002.0,166.0,0.0,0,420.06,0.0,1,4.32,2.66,SPY210528P00402500,402.5,0,0.0,0.0,,0.0,normalDay
2021-04-30,5002.0,118.0,0.0,0,417.3,0.0,1,4.32,3.14,SPY210528P00402500,402.5,0,0.0,0.0,,0.0,normalDay
2021-05-03,5002.0,166.0,0.0,0,418.2,0.0,1,4.32,2.66,SPY210528P00402500,402.5,0,0.0,0.0,,0.0,normalDay
2021-05-04,5002.0,96.0,0.0,0,415.62,0.0,1,4.32,3.36,SPY210528P00402500,402.5,0,0.0,0.0,,0.0,normalDay
2021-05-05,5002.0,115.0,0.0,0,415.75,0.0,1,4.32,3.17,SPY210528P00402500,402.5,0,0.0,0.0,,0.0,normalDay
2021-05-06,5002.0,206.0,0.0,0,419.07,0.0,1,4.32,2.26,SPY210528P00402500,402.5,0,0.0,0.0,,0.0,normalDay
2021-05-07,5002.0,277.0,0.0,0,422.12,0.0,1,4.32,1.55,SPY210528P00402500,402.5,0,0.0,0.0,,0.0,normalDay
2021-05-10,5002.0,188.0,0.0,0,417.94,0.0,1,4.32,2.44,SPY210528P00402500,402.5,0,0.0,0.0,,0.0,normalDay
2021-05-11,5002.0,97.0,0.0,0,414.21,0.0,1,4.32,3.35,SPY210528P00402500,402.5,0,0.0,0.0,,0.0,normalDay
2021-05-12,5002.0,-273.0,0.0,0,405.41,0.0,1,4.32,7.05,SPY210528P00402500,402.5,0,0.0,0.0,,0.0,normalDay
2021-05-13,5002.0,-1.0,0.0,0,410.28,0.0,1,4.32,4.33,SPY210528P00402500,402.5,0,0.0,0.0,,0.0,normalDay
2021-05-14,5002.0,256.0,0.0,0,416.58,0.0,1,4.32,1.76,SPY210528P00402500,402.5,0,0.0,0.0,,0.0,normalDay
2021-05-17,5002.0,267.0,0.0,0,415.52,0.0,1,4.32,1.65,SPY210528P00402500,402.5,0,0.0,0.0,,0.0,normalDay
2021-05-18,5002.0,196.0,0.0,0,411.94,0.0,1,4.32,2.36,SPY210528P00402500,402.5,0,0.0,0.0,,0.0,normalDay
2021-05-19,5002.0,193.0,0.0,0,410.86,0.0,1,4.32,2.39,SPY210528P00402500,402.5,0,0.0,0.0,,0.0,normalDay
2021-05-20,5002.0,310.0,0.0,0,415.28,0.0,1,4.32,1.22,SPY210528P00402500,402.5,0,0.0,0.0,,0.0,normalDay
2021-05-21,5002.0,344.0,0.0,0,414.94,0.0,1,4.32,0.88,SPY210528P00402500,402.5,0,0.0,0.0,,0.0,normalDay
2021-05-24,5002.0,416.0,0.0,0,419.17,0.0,1,4.32,0.16,SPY210528P00402500,402.5,0,0.0,0.0,,0.0,normalDay
2021-05-25,5002.0,417.0,0.0,0,418.24,0.0,1,4.32,0.15,SPY210528P00402500,402.5,0,0.0,0.0,,0.0,normalDay
2021-05-26,5002.0,425.0,0.0,0,419.07,0.0,1,4.32,0.07,SPY210528P00402500,402.5,0,0.0,0.0,,0.0,normalDay
2021-05-27,5002.0,429.0,0.0,0,419.29,0.0,1,4.32,0.03,SPY210528P00402500,402.5,0,0.0,0.0,,0.0,normalDay
2021-05-28,5434.0,0.0,432.0,0,420.04,0.0,1,4.32,0.0,SPY210528P00402500,402.5,0,0.0,0.0,,0.0,expirationDay
2021-06-01,5434.0,-6.0,0.0,0,419.67,0.0,1,7.34,7.4,SPY210716P00416000,416.0,0,0.0,0.0,,0.0,normalDay
2021-06-02,5434.0,47.0,0.0,0,420.33,0.0,1,7.34,6.87,SPY210716P00416000,416.0,0,0.0,0.0,,0.0,normalDay
2021-06-03,5434.0,-26.0,0.0,0,418.77,0.0,1,7.34,7.6,SPY210716P00416000,416.0,0,0.0,0.0,,0.0,normalDay
2021-06-04,5434.0,154.0,0.0,0,422.6,0.0,1,7.34,5.8,SPY210716P00416000,416.0,0,0.0,0.0,,0.0,normalDay
2021-06-07,5434.0,197.0,0.0,0,422.19,0.0,1,7.34,5.37,SPY210716P00416000,416.0,0,0.0,0.0,,0.0,normalDay
2021-06-08,5434.0,190.0,0.0,0,422.28,0.0,1,7.34,5.44,SPY210716P00416000,416.0,0,0.0,0.0,,0.0,normalDay
2021-06-09,5434.0,152.0,0.0,0,421.65,0.0,1,7.34,5.82,SPY210716P00416000,416.0,0,0.0,0.0,,0.0,normalDay
2021-06-10,5434.0,290.0,0.0,0,423.61,0.0,1,7.34,4.44,SPY210716P00416000,416.0,0,0.0,0.0,,0.0,normalDay
2021-06-11,5434.0,328.0,0.0,0,424.31,0.0,1,7.34,4.06,SPY210716P00416000,416.0,0,0.0,0.0,,0.0,normalDay
2021-06-14,5434.0,355.0,0.0,0,425.26,0.0,1,7.34,3.79,SPY210716P00416000,416.0,0,0.0,0.0,,0.0,normalDay
2021-06-15,5434.0,329.0,0.0,0,424.48,0.0,1,7.34,4.05,SPY210716P00416000,416.0,0,0.0,0.0,,0.0,normalDay
2021-06-16,5434.0,250.0,0.0,0,422.11,0.0,1,7.34,4.84,SPY210716P00416000,416.0,0,0.0,0.0,,0.0,normalDay
2021-06-17,5434.0,280.0,0.0,0,421.97,0.0,1,7.34,4.54,SPY210716P00416000,416.0,0,0.0,0.0,,0.0,normalDay
2021-06-18,5434.0,-26.0,0.0,0,414.92,0.0,1,7.34,7.6,SPY210716P00416000,416.0,0,0.0,0.0,,0.0,normalDay
2021-06-21,5434.0,324.0,0.0,0,420.86,0.0,1,7.34,4.1,SPY210716P00416000,416.0,0,0.0,0.0,,0.0,normalDay
2021-06-22,5434.0,416.0,0.0,0,423.11,0.0,1,7.34,3.18,SPY210716P00416000,416.0,0,0.0,0.0,,0.0,normalDay
2021-06-23,5434.0,430.0,0.0,0,422.6,0.0,1,7.34,3.04,SPY210716P00416000,416.0,0,0.0,0.0,,0.0,normalDay
2021-06-24,5434.0,500.0,0.0,0,425.1,0.0,1,7.34,2.34,SPY210716P00416000,416.0,0,0.0,0.0,,0.0,normalDay
2021-06-25,5434.0,555.0,0.0,0,426.61,0.0,1,7.34,1.79,SPY210716P00416000,416.0,0,0.0,0.0,,0.0,normalDay
2021-06-28,5434.0,583.0,0.0,0,427.47,0.0,1,7.34,1.51,SPY210716P00416000,416.0,0,0.0,0.0,,0.0,normalDay
2021-06-29,5434.0,591.0,0.0,0,427.7,0.0,1,7.34,1.43,SPY210716P00416000,416.0,0,0.0,0.0,,0.0,normalDay
2021-06-30,5434.0,613.0,0.0,0,428.06,0.0,1,7.34,1.21,SPY210716P00416000,416.0,0,0.0,0.0,,0.0,normalDay
2021-07-01,5434.0,633.0,0.0,0,430.43,0.0,1,7.34,1.01,SPY210716P00416000,416.0,0,0.0,0.0,,0.0,normalDay
2021-07-02,5434.0,671.0,0.0,0,433.72,0.0,1,7.34,0.63,SPY210716P00416000,416.0,0,0.0,0.0,,0.0,normalDay
2021-07-06,5434.0,671.0,0.0,0,432.93,0.0,1,7.34,0.63,SPY210716P00416000,416.0,0,0.0,0.0,,0.0,normalDay
2021-07-07,5434.0,691.0,0.0,0,434.46,0.0,1,7.34,0.43,SPY210716P00416000,416.0,0,0.0,0.0,,0.0,normalDay
2021-07-08,5434.0,636.0,0.0,0,430.92,0.0,1,7.34,0.98,SPY210716P00416000,416.0,0,0.0,0.0,,0.0,normalDay
2021-07-09,5434.0,707.0,0.0,0,435.52,0.0,1,7.34,0.27,SPY210716P00416000,416.0,0,0.0,0.0,,0.0,normalDay
2021-07-12,5434.0,723.0,0.0,0,437.08,0.0,1,7.34,0.11,SPY210716P00416000,416.0,0,0.0,0.0,,0.0,normalDay
2021-07-13,5434.0,721.0,0.0,0,435.59,0.0,1,7.34,0.13,SPY210716P00416000,416.0,0,0.0,0.0,,0.0,normalDay
2021-07-14,5434.0,729.0,0.0,0,436.24,0.0,1,7.34,0.05,SPY210716P00416000,416.0,0,0.0,0.0,,0.0,normalDay
2021-07-15,5434.0,731.0,0.0,0,434.75,0.0,1,7.34,0.03,SPY210716P00416000,416.0,0,0.0,0.0,,0.0,normalDay
2021-07-16,6168.0,0.0,734.0,0,431.34,0.0,1,7.34,0.0,SPY210716P00416000,416.0,0,0.0,0.0,,0.0,expirationDay
2021-07-19,6168.0,-15.0,0.0,0,424.97,0.0,1,11.11,11.26,SPY210827P00429000,429.0,0,0.0,0.0,,0.0,normalDay
2021-07-20,6168.0,321.0,0.0,0,431.06,0.0,1,11.11,7.9,SPY210827P00429000,429.0,0,0.0,0.0,,0.0,normalDay
2021-07-21,6168.0,512.0,0.0,0,434.55,0.0,1,11.11,5.99,SPY210827P00429000,429.0,0,0.0,0.0,,0.0,normalDay
2021-07-22,6168.0,548.0,0.0,0,435.46,0.0,1,11.11,5.63,SPY210827P00429000,429.0,0,0.0,0.0,,0.0,normalDay
2021-07-23,6168.0,669.0,0.0,0,439.94,0.0,1,11.11,4.42,SPY210827P00429000,429.0,0,0.0,0.0,,0.0,normalDay
2021-07-26,6168.0,717.0,0.0,0,441.02,0.0,1,11.11,3.94,SPY210827P00429000,429.0,0,0.0,0.0,,0.0,normalDay
2021-07-27,6168.0,623.0,0.0,0,439.01,0.0,1,11.11,4.88,SPY210827P00429000,429.0,0,0.0,0.0,,0.0,normalDay
2021-07-28,6168.0,671.0,0.0,0,438.83,0.0,1,11.11,4.4,SPY210827P00429000,429.0,0,0.0,0.0,,0.0,normalDay
2021-07-29,6168.0,750.0,0.0,0,440.65,0.0,1,11.11,3.61,SPY210827P00429000,429.0,0,0.0,0.0,,0.0,normalDay
2021-07-30,6168.0,719.0,0.0,0,438.51,0.0,1,11.11,3.92,SPY210827P00429000,429.0,0,0.0,0.0,,0.0,normalDay
2021-08-02,6168.0,684.0,0.0,0,437.59,0.0,1,11.11,4.27,SPY210827P00429000,429.0,0,0.0,0.0,,0.0,normalDay
2021-08-03,6168.0,809.0,0.0,0,441.15,0.0,1,11.11,3.02,SPY210827P00429000,429.0,0,0.0,0.0,,0.0,normalDay
2021-08-04,6168.0,788.0,0.0,0,438.98,0.0,1,11.11,3.23,SPY210827P00429000,429.0,0,0.0,0.0,,0.0,normalDay
2021-08-05,6168.0,860.0,0.0,0,441.76,0.0,1,11.11,2.51,SPY210827P00429000,429.0,0,0.0,0.0,,0.0,normalDay
2021-08-06,6168.0,915.0,0.0,0,442.49,0.0,1,11.11,1.96,SPY210827P00429000,429.0,0,0.0,0.0,,0.0,normalDay
2021-08-09,6168.0,932.0,0.0,0,442.13,0.0,1,11.11,1.79,SPY210827P00429000,429.0,0,0.0,0.0,,0.0,normalDay
2021-08-10,6168.0,937.0,0.0,0,442.68,0.0,1,11.11,1.74,SPY210827P00429000,429.0,0,0.0,0.0,,0.0,normalDay
2021-08-11,6168.0,980.0,0.0,0,443.78,0.0,1,11.11,1.31,SPY210827P00429000,429.0,0,0.0,0.0,,0.0,normalDay
2021-08-12,6168.0,1013.0,0.0,0,445.11,0.0,1,11.11,0.98,SPY210827P00429000,429.0,0,0.0,0.0,,0.0,normalDay
2021-08-13,6168.0,1037.0,0.0,0,445.92,0.0,1,11.11,0.74,SPY210827P00429000,429.0,0,0.0,0.0,,0.0,normalDay
2021-08-16,6168.0,1051.0,0.0,0,446.97,0.0,1,11.11,0.6,SPY210827P00429000,429.0,0,0.0,0.0,,0.0,normalDay
2021-08-17,6168.0,1001.0,0.0,0,444.04,0.0,1,11.11,1.1,SPY210827P00429000,429.0,0,0.0,0.0,,0.0,normalDay
2021-08-18,6168.0,880.0,0.0,0,439.18,0.0,1,11.11,2.31,SPY210827P00429000,429.0,0,0.0,0.0,,0.0,normalDay
2021-08-19,6168.0,924.0,0.0,0,439.86,0.0,1,11.11,1.87,SPY210827P00429000,429.0,0,0.0,0.0,,0.0,normalDay
2021-08-20,6168.0,1058.0,0.0,0,443.36,0.0,1,11.11,0.53,SPY210827P00429000,429.0,0,0.0,0.0,,0.0,normalDay
2021-08-23,6168.0,1099.0,0.0,0,447.26,0.0,1,11.11,0.12,SPY210827P00429000,429.0,0,0.0,0.0,,0.0,normalDay
2021-08-24,6168.0,1103.0,0.0,0,447.97,0.0,1,11.11,0.08,SPY210827P00429000,429.0,0,0.0,0.0,,0.0,normalDay
2021-08-25,6168.0,1106.0,0.0,0,448.91,0.0,1,11.11,0.05,SPY210827P00429000,429.0,0,0.0,0.0,,0.0,normalDay
2021-08-26,6168.0,1105.0,0.0,0,446.26,0.0,1,11.11,0.06,SPY210827P00429000,429.0,0,0.0,0.0,,0.0,normalDay
2021-08-27,7279.0,0.0,1111.0,0,450.25,0.0,1,11.11,0.0,SPY210827P00429000,429.0,0,0.0,0.0,,0.0,expirationDay
2021-08-30,7279.0,-4.0,0.0,0,452.23,0.0,1,6.08,6.12,SPY211015P00444000,444.0,0,0.0,0.0,,0.0,normalDay
2021-08-31,7279.0,-1.0,0.0,0,451.56,0.0,1,6.08,6.09,SPY211015P00444000,444.0,0,0.0,0.0,,0.0,normalDay
2021-09-01,7279.0,26.0,0.0,0,451.8,0.0,1,6.08,5.82,SPY211015P00444000,444.0,0,0.0,0.0,,0.0,normalDay
2021-09-02,7279.0,66.0,0.0,0,453.19,0.0,1,6.08,5.42,SPY211015P00444000,444.0,0,0.0,0.0,,0.0,normalDay
2021-09-03,7279.0,71.0,0.0,0,453.08,0.0,1,6.08,5.37,SPY211015P00444000,444.0,0,0.0,0.0,,0.0,normalDay
2021-09-07,7279.0,17.0,0.0,0,451.46,0.0,1,6.08,5.91,SPY211015P00444000,444.0,0,0.0,0.0,,0.0,normalDay
2021-09-08,7279.0,13.0,0.0,0,450.91,0.0,1,6.08,5.95,SPY211015P00444000,444.0,0,0.0,0.0,,0.0,normalDay
2021-09-09,7279.0,-80.0,0.0,0,448.98,0.0,1,6.08,6.88,SPY211015P00444000,444.0,0,0.0,0.0,,0.0,normalDay
2021-09-10,7279.0,-218.0,0.0,0,445.44,0.0,1,6.08,8.26,SPY211015P00444000,444.0,0,0.0,0.0,,0.0,normalDay
2021-09-13,7279.0,-96.0,0.0,0,446.58,0.0,1,6.08,7.04,SPY211015P00444000,444.0,0,0.0,0.0,,0.0,normalDay
2021-09-14,7279.0,-203.0,0.0,0,444.17,0.0,1,6.08,8.11,SPY211015P00444000,444.0,0,0.0,0.0,,0.0,normalDay
2021-09-15,7279.0,8.0,0.0,0,447.88,0.0,1,6.08,6.0,SPY211015P00444000,444.0,0,0.0,0.0,,0.0,normalDay
2021-09-16,7279.0,-30.0,0.0,0,447.17,0.0,1,6.08,6.38,SPY211015P00444000,444.0,0,0.0,0.0,,0.0,normalDay
2021-09-17,7279.0,-251.0,0.0,0,441.4,0.0,1,6.08,8.59,SPY211015P00444000,444.0,0,0.0,0.0,,0.0,normalDay
2021-09-20,7279.0,-743.0,0.0,0,434.04,0.0,1,6.08,13.51,SPY211015P00444000,444.0,0,0.0,0.0,,0.0,normalDay
2021-09-21,7279.0,-755.0,0.0,0,433.63,0.0,1,6.08,13.63,SPY211015P00444000,444.0,0,0.0,0.0,,0.0,normalDay
2021-09-22,7279.0,-364.0,0.0,0,437.86,0.0,1,6.08,9.72,SPY211015P00444000,444.0,0,0.0,0.0,,0.0,normalDay
2021-09-23,7279.0,-26.0,0.0,0,443.18,0.0,1,6.08,6.34,SPY211015P00444000,444.0,0,0.0,0.0,,0.0,normalDay
2021-09-24,7279.0,55.0,0.0,0,443.91,0.0,1,6.08,5.53,SPY211015P00444000,444.0,0,0.0,0.0,,0.0,normalDay
2021-09-27,7279.0,6.0,0.0,0,442.64,0.0,1,6.08,6.02,SPY211015P00444000,444.0,0,0.0,0.0,,0.0,normalDay
2021-09-28,7279.0,-589.0,0.0,0,433.72,0.0,1,6.08,11.97,SPY211015P00444000,444.0,0,0.0,0.0,,0.0,normalDay
2021-09-29,7279.0,-513.0,0.0,0,434.45,0.0,1,6.08,11.21,SPY211015P00444000,444.0,0,0.0,0.0,,0.0,normalDay
2021-09-30,7279.0,-891.0,0.0,0,429.14,0.0,1,6.08,14.99,SPY211015P00444000,444.0,0,0.0,0.0,,0.0,normalDay
2021-10-01,7279.0,-485.0,0.0,0,434.24,0.0,1,6.08,10.93,SPY211015P00444000,444.0,0,0.0,0.0,,0.0,normalDay
2021-10-04,7279.0,-964.0,0.0,0,428.64,0.0,1,6.08,15.72,SPY211015P00444000,444.0,0,0.0,0.0,,0.0,normalDay
2021-10-05,7279.0,-559.0,0.0,0,433.1,0.0,1,6.08,11.67,SPY211015P00444000,444.0,0,0.0,0.0,,0.0,normalDay
2021-10-06,7279.0,-421.0,0.0,0,434.9,0.0,1,6.08,10.29,SPY211015P00444000,444.0,0,0.0,0.0,,0.0,normalDay
2021-10-07,7279.0,-75.0,0.0,0,438.66,0.0,1,6.08,6.83,SPY211015P00444000,444.0,0,0.0,0.0,,0.0,normalDay
2021-10-08,7279.0,-129.0,0.0,0,437.86,0.0,1,6.08,7.37,SPY211015P00444000,444.0,0,0.0,0.0,,0.0,normalDay
2021-10-11,7279.0,-374.0,0.0,0,434.69,0.0,1,6.08,9.82,SPY211015P00444000,444.0,0,0.0,0.0,,0.0,normalDay
2021-10-12,7279.0,-531.0,0.0,0,433.62,0.0,1,6.08,11.39,SPY211015P00444000,444.0,0,0.0,0.0,,0.0,normalDay
2021-10-13,7279.0,-284.0,0.0,0,435.18,0.0,1,6.08,8.92,SPY211015P00444000,444.0,0,0.0,0.0,,0.0,normalDay
2021-10-14,7279.0,394.0,0.0,0,442.5,0.0,1,6.08,2.14,SPY211015P00444000,444.0,0,0.0,0.0,,0.0,normalDay
2021-10-15,7887.0,0.0,608.0,0,445.87,0.0,1,6.08,0.0,SPY211015P00444000,444.0,0,0.0,0.0,,0.0,expirationDay
2021-10-18,7887.0,-5.0,0.0,0,447.19,0.0,1,4.74,4.79,SPY211126P00437000,437.0,0,0.0,0.0,,0.0,normalDay
2021-10-19,7887.0,98.0,0.0,0,450.64,0.0,1,4.74,3.76,SPY211126P00437000,437.0,0,0.0,0.0,,0.0,normalDay
2021-10-20,7887.0,127.0,0.0,0,452.41,0.0,1,4.74,3.47,SPY211126P00437000,437.0,0,0.0,0.0,,0.0,normalDay
2021-10-21,7887.0,171.0,0.0,0,453.59,0.0,1,4.74,3.03,SPY211126P00437000,437.0,0,0.0,0.0,,0.0,normalDay
2021-10-22,7887.0,150.0,0.0,0,453.12,0.0,1,4.74,3.24,SPY211126P00437000,437.0,0,0.0,0.0,,0.0,normalDay
2021-10-25,7887.0,211.0,0.0,0,455.55,0.0,1,4.74,2.63,SPY211126P00437000,437.0,0,0.0,0.0,,0.0,normalDay
2021-10-26,7887.0,215.0,0.0,0,455.96,0.0,1,4.74,2.59,SPY211126P00437000,437.0,0,0.0,0.0,,0.0,normalDay
2021-10-27,7887.0,163.0,0.0,0,453.94,0.0,1,4.74,3.11,SPY211126P00437000,437.0,0,0.0,0.0,,0.0,normalDay
2021-10-28,7887.0,239.0,0.0,0,458.32,0.0,1,4.74,2.35,SPY211126P00437000,437.0,0,0.0,0.0,,0.0,normalDay
2021-10-29,7887.0,266.0,0.0,0,459.25,0.0,1,4.74,2.08,SPY211126P00437000,437.0,0,0.0,0.0,,0.0,normalDay
2021-11-01,7887.0,299.0,0.0,0,460.04,0.0,1,4.74,1.75,SPY211126P00437000,437.0,0,0.0,0.0,,0.0,normalDay
2021-11-02,7887.0,327.0,0.0,0,461.9,0.0,1,4.74,1.47,SPY211126P00437000,437.0,0,0.0,0.0,,0.0,normalDay
2021-11-03,7887.0,374.0,0.0,0,464.72,0.0,1,4.74,1.0,SPY211126P00437000,437.0,0,0.0,0.0,,0.0,normalDay
2021-11-04,7887.0,386.0,0.0,0,466.91,0.0,1,4.74,0.88,SPY211126P00437000,437.0,0,0.0,0.0,,0.0,normalDay
2021-11-05,7887.0,388.0,0.0,0,468.53,0.0,1,4.74,0.86,SPY211126P00437000,437.0,0,0.0,0.0,,0.0,normalDay
2021-11-08,7887.0,396.0,0.0,0,468.93,0.0,1,4.74,0.78,SPY211126P00437000,437.0,0,0.0,0.0,,0.0,normalDay
2021-11-09,7887.0,391.0,0.0,0,467.38,0.0,1,4.74,0.83,SPY211126P00437000,437.0,0,0.0,0.0,,0.0,normalDay
2021-11-10,7887.0,374.0,0.0,0,463.62,0.0,1,4.74,1.0,SPY211126P00437000,437.0,0,0.0,0.0,,0.0,normalDay
2021-11-11,7887.0,406.0,0.0,0,463.77,0.0,1,4.74,0.68,SPY211126P00437000,437.0,0,0.0,0.0,,0.0,normalDay
2021-11-12,7887.0,440.0,0.0,0,467.27,0.0,1,4.74,0.34,SPY211126P00437000,437.0,0,0.0,0.0,,0.0,normalDay
2021-11-15,7887.0,452.0,0.0,0,467.43,0.0,1,4.74,0.22,SPY211126P00437000,437.0,0,0.0,0.0,,0.0,normalDay
2021-11-16,7887.0,456.0,0.0,0,469.28,0.0,1,4.74,0.18,SPY211126P00437000,437.0,0,0.0,0.0,,0.0,normalDay
2021-11-17,7887.0,460.0,0.0,0,468.14,0.0,1,4.74,0.14,SPY211126P00437000,437.0,0,0.0,0.0,,0.0,normalDay
2021-11-18,7887.0,462.0,0.0,0,469.73,0.0,1,4.74,0.12,SPY211126P00437000,437.0,0,0.0,0.0,,0.0,normalDay
2021-11-19,7887.0,465.0,0.0,0,468.89,0.0,1,4.74,0.09,SPY211126P00437000,437.0,0,0.0,0.0,,0.0,normalDay
2021-11-22,7887.0,468.0,0.0,0,467.57,0.0,1,4.74,0.06,SPY211126P00437000,437.0,0,0.0,0.0,,0.0,normalDay
2021-11-23,7887.0,470.0,0.0,0,468.19,0.0,1,4.74,0.04,SPY211126P00437000,437.0,0,0.0,0.0,,0.0,normalDay
2021-11-24,7887.0,472.0,0.0,0,469.44,0.0,1,4.74,0.02,SPY211126P00437000,437.0,0,0.0,0.0,,0.0,normalDay
2021-11-26,8361.0,0.0,474.0,0,458.97,0.0,1,4.74,0.0,SPY211126P00437000,437.0,0,0.0,0.0,,0.0,expirationDay
2021-11-29,8361.0,-65.0,0.0,0,464.6,0.0,1,12.83,13.48,SPY220121P00466000,466.0,0,0.0,0.0,,0.0,normalDay
2021-11-30,8361.0,-528.0,0.0,0,455.56,0.0,1,12.83,18.11,SPY220121P00466000,466.0,0,0.0,0.0,,0.0,normalDay
2021-12-01,8361.0,-1074.0,0.0,0,450.5,0.0,1,12.83,23.57,SPY220121P00466000,466.0,0,0.0,0.0,,0.0,normalDay
2021-12-02,8361.0,-528.0,0.0,0,457.4,0.0,1,12.83,18.11,SPY220121P00466000,466.0,0,0.0,0.0,,0.0,normalDay
2021-12-03,8361.0,-836.0,0.0,0,453.42,0.0,1,12.83,21.19,SPY220121P00466000,466.0,0,0.0,0.0,,0.0,normalDay
2021-12-06,8361.0,-381.0,0.0,0,458.79,0.0,1,12.83,16.64,SPY220121P00466000,466.0,0,0.0,0.0,,0.0,normalDay
2021-12-07,8361.0,224.0,0.0,0,468.28,0.0,1,12.83,10.59,SPY220121P00466000,466.0,0,0.0,0.0,,0.0,normalDay
2021-12-08,8361.0,341.0,0.0,0,469.52,0.0,1,12.83,9.42,SPY220121P00466000,466.0,0,0.0,0.0,,0.0,normalDay
2021-12-09,8361.0,184.0,0.0,0,466.35,0.0,1,12.83,10.99,SPY220121P00466000,466.0,0,0.0,0.0,,0.0,normalDay
2021-12-10,8361.0,466.0,0.0,0,470.74,0.0,1,12.83,8.17,SPY220121P00466000,466.0,0,0.0,0.0,,0.0,normalDay
2021-12-13,8361.0,266.0,0.0,0,466.57,0.0,1,12.83,10.17,SPY220121P00466000,466.0,0,0.0,0.0,,0.0,normalDay
2021-12-14,8361.0,76.0,0.0,0,463.36,0.0,1,12.83,12.07,SPY220121P00466000,466.0,0,0.0,0.0,,0.0,normalDay
2021-12-15,8361.0,505.0,0.0,0,470.6,0.0,1,12.83,7.78,SPY220121P00466000,466.0,0,0.0,0.0,,0.0,normalDay
2021-12-16,8361.0,315.0,0.0,0,466.45,0.0,1,12.83,9.68,SPY220121P00466000,466.0,0,0.0,0.0,,0.0,normalDay
2021-12-17,8361.0,57.0,0.0,0,459.87,0.0,1,12.83,12.26,SPY220121P00466000,466.0,0,0.0,0.0,,0.0,normalDay
2021-12-20,8361.0,-234.0,0.0,0,454.98,0.0,1,12.83,15.17,SPY220121P00466000,466.0,0,0.0,0.0,,0.0,normalDay
2021-12-21,8361.0,257.0,0.0,0,463.06,0.0,1,12.83,10.26,SPY220121P00466000,466.0,0,0.0,0.0,,0.0,normalDay
2021-12-22,8361.0,564.0,0.0,0,467.69,0.0,1,12.83,7.19,SPY220121P00466000,466.0,0,0.0,0.0,,0.0,normalDay
2021-12-23,8361.0,725.0,0.0,0,470.6,0.0,1,12.83,5.58,SPY220121P00466000,466.0,0,0.0,0.0,,0.0,normalDay
2021-12-27,8361.0,949.0,0.0,0,477.26,0.0,1,12.83,3.34,SPY220121P00466000,466.0,0,0.0,0.0,,0.0,normalDay
2021-12-28,8361.0,974.0,0.0,0,476.87,0.0,1,12.83,3.09,SPY220121P00466000,466.0,0,0.0,0.0,,0.0,normalDay
2021-12-29,8361.0,1014.0,0.0,0,477.48,0.0,1,12.83,2.69,SPY220121P00466000,466.0,0,0.0,0.0,,0.0,normalDay
2021-12-30,8361.0,978.0,0.0,0,476.16,0.0,1,12.83,3.05,SPY220121P00466000,466.0,0,0.0,0.0,,0.0,normalDay
2021-12-31,8361.0,982.0,0.0,0,474.96,0.0,1,12.83,3.01,SPY220121P00466000,466.0,0,0.0,0.0,,0.0,normalDay
2022-01-03,8361.0,1079.0,0.0,0,477.71,0.0,1,12.83,2.04,SPY220121P00466000,466.0,0,0.0,0.0,,0.0,normalDay
2022-01-04,8361.0,1077.0,0.0,0,477.55,0.0,1,12.83,2.06,SPY220121P00466000,466.0,0,0.0,0.0,,0.0,normalDay
2022-01-05,8361.0,768.0,0.0,0,468.38,0.0,1,12.83,5.15,SPY220121P00466000,466.0,0,0.0,0.0,,0.0,normalDay
2022-01-06,8361.0,786.0,0.0,0,467.94,0.0,1,12.83,4.97,SPY220121P00466000,466.0,0,0.0,0.0,,0.0,normalDay
2022-01-07,8361.0,800.0,0.0,0,466.09,0.0,1,12.83,4.83,SPY220121P00466000,466.0,0,0.0,0.0,,0.0,normalDay
2022-01-10,8361.0,771.0,0.0,0,465.51,0.0,1,12.83,5.12,SPY220121P00466000,466.0,0,0.0,0.0,,0.0,normalDay
2022-01-11,8361.0,964.0,0.0,0,469.75,0.0,1,12.83,3.19,SPY220121P00466000,466.0,0,0.0,0.0,,0.0,normalDay
2022-01-12,8361.0,1057.0,0.0,0,471.02,0.0,1,12.83,2.26,SPY220121P00466000,466.0,0,0.0,0.0,,0.0,normalDay
2022-01-13,8361.0,749.0,0.0,0,464.53,0.0,1,12.83,5.34,SPY220121P00466000,466.0,0,0.0,0.0,,0.0,normalDay
2022-01-14,8361.0,845.0,0.0,0,464.72,0.0,1,12.83,4.38,SPY220121P00466000,466.0,0,0.0,0.0,,0.0,normalDay
2022-01-18,8361.0,246.0,0.0,0,456.49,0.0,1,12.83,10.37,SPY220121P00466000,466.0,0,0.0,0.0,,0.0,normalDay
2022-01-19,8361.0,-127.0,0.0,0,451.75,0.0,1,12.83,14.1,SPY220121P00466000,466.0,0,0.0,0.0,,0.0,normalDay
2022-01-20,8361.0,-703.0,0.0,0,446.75,0.0,1,12.83,19.86,SPY220121P00466000,466.0,0,0.0,0.0,,0.0,normalDay
2022-01-21,9644.0,-2802.0,1283.0,100,437.98,466.0,1,12.83,0.0,SPY220121P00466000,466.0,0,0.0,0.0,,0.0,expirationDay
2022-01-24,9644.0,-2627.0,0.0,100,439.84,466.0,0,0.0,0.0,,0.0,1,8.06,8.17,SPY220520C00467000,467.0,normalDay
2022-01-25,9644.0,-2989.0,0.0,100,434.47,466.0,0,0.0,0.0,,0.0,1,8.06,6.42,SPY220520C00467000,467.0,normalDay
2022-01-26,9644.0,-3078.0,0.0,100,433.38,466.0,0,0.0,0.0,,0.0,1,8.06,6.22,SPY220520C00467000,467.0,normalDay
2022-01-27,9644.0,-3243.0,0.0,100,431.24,466.0,0,0.0,0.0,,0.0,1,8.06,5.73,SPY220520C00467000,467.0,normalDay
2022-01-28,9644.0,-2394.0,0.0,100,441.95,466.0,0,0.0,0.0,,0.0,1,8.06,7.95,SPY220520C00467000,467.0,normalDay
2022-01-31,9644.0,-1795.0,0.0,100,449.91,466.0,0,0.0,0.0,,0.0,1,8.06,9.92,SPY220520C00467000,467.0,normalDay
2022-02-01,9644.0,-1551.0,0.0,100,452.95,466.0,0,0.0,0.0,,0.0,1,8.06,10.52,SPY220520C00467000,467.0,normalDay
2022-02-02,9644.0,-1220.0,0.0,100,457.35,466.0,0,0.0,0.0,,0.0,1,8.06,11.61,SPY220520C00467000,467.0,normalDay
2022-02-03,9644.0,-2141.0,0.0,100,446.6,466.0,0,0.0,0.0,,0.0,1,8.06,10.07,SPY220520C00467000,467.0,normalDay
2022-02-04,9644.0,-1834.0,0.0,100,448.7,466.0,0,0.0,0.0,,0.0,1,8.06,9.1,SPY220520C00467000,467.0,normalDay
2022-02-07,9644.0,-1920.0,0.0,100,447.26,466.0,0,0.0,0.0,,0.0,1,8.06,8.52,SPY220520C00467000,467.0,normalDay
2022-02-08,9644.0,-1630.0,0.0,100,450.94,466.0,0,0.0,0.0,,0.0,1,8.06,9.3,SPY220520C00467000,467.0,normalDay
2022-02-09,9644.0,-1194.0,0.0,100,457.54,466.0,0,0.0,0.0,,0.0,1,8.06,11.54,SPY220520C00467000,467.0,normalDay
2022-02-10,9644.0,-1760.0,0.0,100,449.32,466.0,0,0.0,0.0,,0.0,1,8.06,8.98,SPY220520C00467000,467.0,normalDay
2022-02-11,9644.0,-2427.0,0.0,100,440.46,466.0,0,0.0,0.0,,0.0,1,8.06,6.79,SPY220520C00467000,467.0,normalDay
2022-02-14,9644.0,-2503.0,0.0,100,439.02,466.0,0,0.0,0.0,,0.0,1,8.06,6.11,SPY220520C00467000,467.0,normalDay
2022-02-15,9644.0,-1899.0,0.0,100,446.1,466.0,0,0.0,0.0,,0.0,1,8.06,7.15,SPY220520C00467000,467.0,normalDay
2022-02-16,9644.0,-1828.0,0.0,100,446.6,466.0,0,0.0,0.0,,0.0,1,8.06,6.94,SPY220520C00467000,467.0,normalDay
2022-02-17,9644.0,-2586.0,0.0,100,437.06,466.0,0,0.0,0.0,,0.0,1,8.06,4.98,SPY220520C00467000,467.0,normalDay
2022-02-18,9644.0,-2806.0,0.0,100,434.23,466.0,0,0.0,0.0,,0.0,1,8.06,4.35,SPY220520C00467000,467.0,normalDay
2022-02-22,9644.0,-3185.0,0.0,100,429.57,466.0,0,0.0,0.0,,0.0,1,8.06,3.48,SPY220520C00467000,467.0,normalDay
2022-02-23,9644.0,-3841.0,0.0,100,421.95,466.0,0,0.0,0.0,,0.0,1,8.06,2.42,SPY220520C00467000,467.0,normalDay
2022-02-24,9644.0,-3258.0,0.0,100,428.3,466.0,0,0.0,0.0,,0.0,1,8.06,2.94,SPY220520C00467000,467.0,normalDay
2022-02-25,9644.0,-2494.0,0.0,100,437.75,466.0,0,0.0,0.0,,0.0,1,8.06,4.75,SPY220520C00467000,467.0,normalDay
2022-02-28,9644.0,-2613.0,0.0,100,436.63,466.0,0,0.0,0.0,,0.0,1,8.06,4.82,SPY220520C00467000,467.0,normalDay
2022-03-01,9644.0,-3218.0,0.0,100,429.98,466.0,0,0.0,0.0,,0.0,1,8.06,4.22,SPY220520C00467000,467.0,normalDay
2022-03-02,9644.0,-2522.0,0.0,100,437.89,466.0,0,0.0,0.0,,0.0,1,8.06,5.17,SPY220520C00467000,467.0,normalDay
2022-03-03,9644.0,-2685.0,0.0,100,435.71,466.0,0,0.0,0.0,,0.0,1,8.06,4.62,SPY220520C00467000,467.0,normalDay
2022-03-04,9644.0,-2973.0,0.0,100,432.17,466.0,0,0.0,0.0,,0.0,1,8.06,3.96,SPY220520C00467000,467.0,normalDay
2022-03-07,9644.0,-4079.0,0.0,100,419.43,466.0,0,0.0,0.0,,0.0,1,8.06,2.28,SPY220520C00467000,467.0,normalDay
2022-03-08,9644.0,-4344.0,0.0,100,416.25,466.0,0,0.0,0.0,,0.0,1,8.06,1.75,SPY220520C00467000,467.0,normalDay
2022-03-09,9644.0,-3360.0,0.0,100,427.41,466.0,0,0.0,0.0,,0.0,1,8.06,3.07,SPY220520C00467000,467.0,normalDay
2022-03-10,9644.0,-3478.0,0.0,100,425.48,466.0,0,0.0,0.0,,0.0,1,8.06,2.32,SPY220520C00467000,467.0,normalDay
2022-03-11,9644.0,-3960.0,0.0,100,420.07,466.0,0,0.0,0.0,,0.0,1,8.06,1.73,SPY220520C00467000,467.0,normalDay
2022-03-14,9644.0,-4238.0,0.0,100,417.0,466.0,0,0.0,0.0,,0.0,1,8.06,1.44,SPY220520C00467000,467.0,normalDay
2022-03-15,9644.0,-3387.0,0.0,100,426.17,466.0,0,0.0,0.0,,0.0,1,8.06,2.1,SPY220520C00467000,467.0,normalDay
2022-03-16,9644.0,-2523.0,0.0,100,435.62,466.0,0,0.0,0.0,,0.0,1,8.06,2.91,SPY220520C00467000,467.0,normalDay
2022-03-17,9644.0,-2038.0,0.0,100,441.07,466.0,0,0.0,0.0,,0.0,1,8.06,3.51,SPY220520C00467000,467.0,normalDay
2022-03-18,9644.0,-1783.0,0.0,100,444.52,466.0,0,0.0,0.0,,0.0,1,8.06,4.41,SPY220520C00467000,467.0,normalDay
2022-03-21,9644.0,-1754.0,0.0,100,444.39,466.0,0,0.0,0.0,,0.0,1,8.06,3.99,SPY220520C00467000,467.0,normalDay
2022-03-22,9644.0,-1354.0,0.0,100,449.59,466.0,0,0.0,0.0,,0.0,1,8.06,5.19,SPY220520C00467000,467.0,normalDay
2022-03-23,9644.0,-1765.0,0.0,100,443.8,466.0,0,0.0,0.0,,0.0,1,8.06,3.51,SPY220520C00467000,467.0,normalDay
2022-03-24,9644.0,-1250.0,0.0,100,450.49,466.0,0,0.0,0.0,,0.0,1,8.06,5.05,SPY220520C00467000,467.0,normalDay
2022-03-25,9644.0,-1067.0,0.0,100,452.69,466.0,0,0.0,0.0,,0.0,1,8.06,5.42,SPY220520C00467000,467.0,normalDay
2022-03-28,9644.0,-810.0,0.0,100,455.91,466.0,0,0.0,0.0,,0.0,1,8.06,6.07,SPY220520C00467000,467.0,normalDay
2022-03-29,9644.0,-460.0,0.0,100,461.55,466.0,0,0.0,0.0,,0.0,1,8.06,8.21,SPY220520C00467000,467.0,normalDay
2022-03-30,9644.0,-660.0,0.0,100,458.7,466.0,0,0.0,0.0,,0.0,1,8.06,7.36,SPY220520C00467000,467.0,normalDay
2022-03-31,9644.0,-1115.0,0.0,100,451.64,466.0,0,0.0,0.0,,0.0,1,8.06,4.85,SPY220520C00467000,467.0,normalDay
2022-04-01,9644.0,-928.0,0.0,100,452.92,466.0,0,0.0,0.0,,0.0,1,8.06,4.26,SPY220520C00467000,467.0,normalDay
2022-04-04,9644.0,-612.0,0.0,100,456.8,466.0,0,0.0,0.0,,0.0,1,8.06,4.98,SPY220520C00467000,467.0,normalDay
2022-04-05,9644.0,-1054.0,0.0,100,451.03,466.0,0,0.0,0.0,,0.0,1,8.06,3.63,SPY220520C00467000,467.0,normalDay
2022-04-06,9644.0,-1371.0,0.0,100,446.52,466.0,0,0.0,0.0,,0.0,1,8.06,2.29,SPY220520C00467000,467.0,normalDay
2022-04-07,9644.0,-1190.0,0.0,100,448.77,466.0,0,0.0,0.0,,0.0,1,8.06,2.73,SPY220520C00467000,467.0,normalDay
2022-04-08,9644.0,-1263.0,0.0,100,447.57,466.0,0,0.0,0.0,,0.0,1,8.06,2.26,SPY220520C00467000,467.0,normalDay
2022-04-11,9644.0,-1914.0,0.0,100,439.92,466.0,0,0.0,0.0,,0.0,1,8.06,1.12,SPY220520C00467000,467.0,normalDay
2022-04-12,9644.0,-2057.0,0.0,100,438.29,466.0,0,0.0,0.0,,0.0,1,8.06,0.92,SPY220520C00467000,467.0,normalDay
2022-04-13,9644.0,-1580.0,0.0,100,443.31,466.0,0,0.0,0.0,,0.0,1,8.06,1.17,SPY220520C00467000,467.0,normalDay
2022-04-14,9644.0,-2083.0,0.0,100,437.79,466.0,0,0.0,0.0,,0.0,1,8.06,0.68,SPY220520C00467000,467.0,normalDay
2022-04-18,9644.0,-2055.0,0.0,100,437.97,466.0,0,0.0,0.0,,0.0,1,8.06,0.58,SPY220520C00467000,467.0,normalDay
2022-04-19,9644.0,-1377.0,0.0,100,445.04,466.0,0,0.0,0.0,,0.0,1,8.06,0.87,SPY220520C00467000,467.0,normalDay
2022-04-20,9644.0,-1420.0,0.0,100,444.71,466.0,0,0.0,0.0,,0.0,1,8.06,0.97,SPY220520C00467000,467.0,normalDay
2022-04-21,9644.0,-2028.0,0.0,100,438.06,466.0,0,0.0,0.0,,0.0,1,8.06,0.4,SPY220520C00467000,467.0,normalDay
2022-04-22,9644.0,-3205.0,0.0,100,426.04,466.0,0,0.0,0.0,,0.0,1,8.06,0.15,SPY220520C00467000,467.0,normalDay
2022-04-25,9644.0,-2956.0,0.0,100,428.51,466.0,0,0.0,0.0,,0.0,1,8.06,0.13,SPY220520C00467000,467.0,normalDay
2022-04-26,9644.0,-4191.0,0.0,100,416.1,466.0,0,0.0,0.0,,0.0,1,8.06,0.07,SPY220520C00467000,467.0,normalDay
2022-04-27,9644.0,-4073.0,0.0,100,417.27,466.0,0,0.0,0.0,,0.0,1,8.06,0.06,SPY220520C00467000,467.0,normalDay
2022-04-28,9644.0,-3025.0,0.0,100,427.81,466.0,0,0.0,0.0,,0.0,1,8.06,0.12,SPY220520C00467000,467.0,normalDay
2022-04-29,9644.0,-4601.0,0.0,100,412.0,466.0,0,0.0,0.0,,0.0,1,8.06,0.07,SPY220520C00467000,467.0,normalDay
2022-05-02,9644.0,-4353.0,0.0,100,414.48,466.0,0,0.0,0.0,,0.0,1,8.06,0.07,SPY220520C00467000,467.0,normalDay
2022-05-03,9644.0,-4160.0,0.0,100,416.38,466.0,0,0.0,0.0,,0.0,1,8.06,0.04,SPY220520C00467000,467.0,normalDay
2022-05-04,9644.0,-2896.0,0.0,100,429.06,466.0,0,0.0,0.0,,0.0,1,8.06,0.08,SPY220520C00467000,467.0,normalDay
2022-05-05,9644.0,-4417.0,0.0,100,413.81,466.0,0,0.0,0.0,,0.0,1,8.06,0.04,SPY220520C00467000,467.0,normalDay
2022-05-06,9644.0,-4662.0,0.0,100,411.34,466.0,0,0.0,0.0,,0.0,1,8.06,0.02,SPY220520C00467000,467.0,normalDay
2022-05-09,9644.0,-5980.0,0.0,100,398.17,466.0,0,0.0,0.0,,0.0,1,8.06,0.03,SPY220520C00467000,467.0,normalDay
2022-05-10,9644.0,-5887.0,0.0,100,399.09,466.0,0,0.0,0.0,,0.0,1,8.06,0.02,SPY220520C00467000,467.0,normalDay
2022-05-11,9644.0,-6521.0,0.0,100,392.75,466.0,0,0.0,0.0,,0.0,1,8.06,0.02,SPY220520C00467000,467.0,normalDay
2022-05-12,9644.0,-6561.0,0.0,100,392.34,466.0,0,0.0,0.0,,0.0,1,8.06,0.01,SPY220520C00467000,467.0,normalDay
2022-05-13,9644.0,-5623.0,0.0,100,401.72,466.0,0,0.0,0.0,,0.0,1,8.06,0.01,SPY220520C00467000,467.0,normalDay
2022-05-16,9644.0,-5786.0,0.0,100,400.09,466.0,0,0.0,0.0,,0.0,1,8.06,0.01,SPY220520C00467000,467.0,normalDay
2022-05-17,9644.0,-4963.0,0.0,100,408.32,466.0,0,0.0,0.0,,0.0,1,8.06,0.01,SPY220520C00467000,467.0,normalDay
2022-05-18,9644.0,-6609.0,0.0,100,391.86,466.0,0,0.0,0.0,,0.0,1,8.06,0.01,SPY220520C00467000,467.0,normalDay
2022-05-19,9644.0,-6849.0,0.0,100,389.46,466.0,0,0.0,0.0,,0.0,1,8.06,0.01,SPY220520C00467000,467.0,normalDay
2022-05-20,10450.0,-7637.0,806.0,100,389.63,466.0,0,0.0,0.0,,0.0,1,8.06,0.0,SPY220520C00467000,467.0,expirationDay
2022-05-23,10450.0,-6923.0,0.0,100,396.92,466.0,0,0.0,0.0,,0.0,1,18.15,18.3,SPY220930C00407000,407.0,normalDay
2022-05-24,10450.0,-7092.0,0.0,100,393.89,466.0,0,0.0,0.0,,0.0,1,18.15,16.96,SPY220930C00407000,407.0,normalDay
2022-05-25,10450.0,-6843.0,0.0,100,397.37,466.0,0,0.0,0.0,,0.0,1,18.15,17.95,SPY220930C00407000,407.0,normalDay
2022-05-26,10450.0,-6428.0,0.0,100,405.31,466.0,0,0.0,0.0,,0.0,1,18.15,21.74,SPY220930C00407000,407.0,normalDay
2022-05-27,10450.0,-6169.0,0.0,100,415.26,466.0,0,0.0,0.0,,0.0,1,18.15,29.1,SPY220930C00407000,407.0,normalDay
2022-05-31,10450.0,-6072.0,0.0,100,412.93,466.0,0,0.0,0.0,,0.0,1,18.15,25.8,SPY220930C00407000,407.0,normalDay
2022-06-01,10450.0,-6173.0,0.0,100,409.59,466.0,0,0.0,0.0,,0.0,1,18.15,23.47,SPY220930C00407000,407.0,normalDay
2022-06-02,10450.0,-5864.0,0.0,100,417.39,466.0,0,0.0,0.0,,0.0,1,18.15,28.18,SPY220930C00407000,407.0,normalDay
2022-06-03,10450.0,-6121.0,0.0,100,410.54,466.0,0,0.0,0.0,,0.0,1,18.15,23.9,SPY220930C00407000,407.0,normalDay
2022-06-06,10450.0,-6015.0,0.0,100,411.79,466.0,0,0.0,0.0,,0.0,1,18.15,24.09,SPY220930C00407000,407.0,normalDay
2022-06-07,10450.0,-5830.0,0.0,100,415.74,466.0,0,0.0,0.0,,0.0,1,18.15,26.19,SPY220930C00407000,407.0,normalDay
2022-06-08,10450.0,-5996.0,0.0,100,411.22,466.0,0,0.0,0.0,,0.0,1,18.15,23.33,SPY220930C00407000,407.0,normalDay
2022-06-09,10450.0,-6459.0,0.0,100,401.44,466.0,0,0.0,0.0,,0.0,1,18.15,18.18,SPY220930C00407000,407.0,normalDay
2022-06-10,10450.0,-7125.0,0.0,100,389.8,466.0,0,0.0,0.0,,0.0,1,18.15,13.2,SPY220930C00407000,407.0,normalDay
2022-06-13,10450.0,-8140.0,0.0,100,375.0,466.0,0,0.0,0.0,,0.0,1,18.15,8.55,SPY220930C00407000,407.0,normalDay
2022-06-14,10450.0,-8114.0,0.0,100,373.87,466.0,0,0.0,0.0,,0.0,1,18.15,7.16,SPY220930C00407000,407.0,normalDay
2022-06-15,10450.0,-7688.0,0.0,100,379.2,466.0,0,0.0,0.0,,0.0,1,18.15,8.23,SPY220930C00407000,407.0,normalDay
2022-06-16,10450.0,-8660.0,0.0,100,366.65,466.0,0,0.0,0.0,,0.0,1,18.15,5.4,SPY220930C00407000,407.0,normalDay
2022-06-17,10450.0,-8719.0,0.0,100,365.86,466.0,0,0.0,0.0,,0.0,1,18.15,5.2,SPY220930C00407000,407.0,normalDay
2022-06-21,10450.0,-7975.0,0.0,100,375.07,466.0,0,0.0,0.0,,0.0,1,18.15,6.97,SPY220930C00407000,407.0,normalDay
2022-06-22,10450.0,-7999.0,0.0,100,374.39,466.0,0,0.0,0.0,,0.0,1,18.15,6.53,SPY220930C00407000,407.0,normalDay
2022-06-23,10450.0,-7689.0,0.0,100,378.06,466.0,0,0.0,0.0,,0.0,1,18.15,7.1,SPY220930C00407000,407.0,normalDay
2022-06-24,10450.0,-6881.0,0.0,100,390.08,466.0,0,0.0,0.0,,0.0,1,18.15,11.04,SPY220930C00407000,407.0,normalDay
2022-06-27,10450.0,-6975.0,0.0,100,388.59,466.0,0,0.0,0.0,,0.0,1,18.15,10.49,SPY220930C00407000,407.0,normalDay
2022-06-28,10450.0,-7450.0,0.0,100,380.65,466.0,0,0.0,0.0,,0.0,1,18.15,7.3,SPY220930C00407000,407.0,normalDay
2022-06-29,10450.0,-7476.0,0.0,100,380.34,466.0,0,0.0,0.0,,0.0,1,18.15,7.25,SPY220930C00407000,407.0,normalDay
2022-06-30,10450.0,-7661.0,0.0,100,377.25,466.0,0,0.0,0.0,,0.0,1,18.15,6.01,SPY220930C00407000,407.0,normalDay
2022-07-01,10450.0,-7358.0,0.0,100,381.24,466.0,0,0.0,0.0,,0.0,1,18.15,6.97,SPY220930C00407000,407.0,normalDay
2022-07-05,10450.0,-7270.0,0.0,100,381.96,466.0,0,0.0,0.0,,0.0,1,18.15,6.81,SPY220930C00407000,407.0,normalDay
2022-07-06,10450.0,-7197.0,0.0,100,383.25,466.0,0,0.0,0.0,,0.0,1,18.15,7.37,SPY220930C00407000,407.0,normalDay
2022-07-07,10450.0,-6784.0,0.0,100,388.99,466.0,0,0.0,0.0,,0.0,1,18.15,8.98,SPY220930C00407000,407.0,normalDay
2022-07-08,10450.0,-6783.0,0.0,100,388.67,466.0,0,0.0,0.0,,0.0,1,18.15,8.65,SPY220930C00407000,407.0,normalDay
2022-07-11,10450.0,-7068.0,0.0,100,384.23,466.0,0,0.0,0.0,,0.0,1,18.15,7.06,SPY220930C00407000,407.0,normalDay
2022-07-12,10450.0,-7269.0,0.0,100,380.83,466.0,0,0.0,0.0,,0.0,1,18.15,5.67,SPY220930C00407000,407.0,normalDay
2022-07-13,10450.0,-7400.0,0.0,100,378.83,466.0,0,0.0,0.0,,0.0,1,18.15,4.98,SPY220930C00407000,407.0,normalDay
2022-07-14,10450.0,-7470.0,0.0,100,377.91,466.0,0,0.0,0.0,,0.0,1,18.15,4.76,SPY220930C00407000,407.0,normalDay
2022-07-15,10450.0,-6886.0,0.0,100,385.13,466.0,0,0.0,0.0,,0.0,1,18.15,6.14,SPY220930C00407000,407.0,normalDay
2022-07-18,10450.0,-7114.0,0.0,100,381.95,466.0,0,0.0,0.0,,0.0,1,18.15,5.24,SPY220930C00407000,407.0,normalDay
2022-07-19,10450.0,-6464.0,0.0,100,392.27,466.0,0,0.0,0.0,,0.0,1,18.15,9.06,SPY220930C00407000,407.0,normalDay
2022-07-20,10450.0,-6295.0,0.0,100,394.77,466.0,0,0.0,0.0,,0.0,1,18.15,9.87,SPY220930C00407000,407.0,normalDay
2022-07-21,10450.0,-6006.0,0.0,100,398.79,466.0,0,0.0,0.0,,0.0,1,18.15,11.0,SPY220930C00407000,407.0,normalDay
2022-07-22,10450.0,-6179.0,0.0,100,395.09,466.0,0,0.0,0.0,,0.0,1,18.15,9.03,SPY220930C00407000,407.0,normalDay
2022-07-25,10450.0,-6152.0,0.0,100,395.57,466.0,0,0.0,0.0,,0.0,1,18.15,9.24,SPY220930C00407000,407.0,normalDay
2022-07-26,10450.0,-6463.0,0.0,100,390.89,466.0,0,0.0,0.0,,0.0,1,18.15,7.67,SPY220930C00407000,407.0,normalDay
2022-07-27,10450.0,-5775.0,0.0,100,401.04,466.0,0,0.0,0.0,,0.0,1,18.15,10.94,SPY220930C00407000,407.0,normalDay
2022-07-28,10450.0,-5588.0,0.0,100,406.07,466.0,0,0.0,0.0,,0.0,1,18.15,14.1,SPY220930C00407000,407.0,normalDay
2022-07-29,10450.0,-5266.0,0.0,100,411.99,466.0,0,0.0,0.0,,0.0,1,18.15,16.8,SPY220930C00407000,407.0,normalDay
2022-08-01,10450.0,-5353.0,0.0,100,410.77,466.0,0,0.0,0.0,,0.0,1,18.15,16.45,SPY220930C00407000,407.0,normalDay
2022-08-02,10450.0,-5480.0,0.0,100,408.06,466.0,0,0.0,0.0,,0.0,1,18.15,15.01,SPY220930C00407000,407.0,normalDay
2022-08-03,10450.0,-5147.0,0.0,100,414.45,466.0,0,0.0,0.0,,0.0,1,18.15,18.07,SPY220930C00407000,407.0,normalDay
2022-08-04,10450.0,-5169.0,0.0,100,414.17,466.0,0,0.0,0.0,,0.0,1,18.15,18.01,SPY220930C00407000,407.0,normalDay
2022-08-05,10450.0,-5123.0,0.0,100,413.47,466.0,0,0.0,0.0,,0.0,1,18.15,16.85,SPY220930C00407000,407.0,normalDay
2022-08-08,10450.0,-5153.0,0.0,100,412.99,466.0,0,0.0,0.0,,0.0,1,18.15,16.67,SPY220930C00407000,407.0,normalDay
2022-08-09,10450.0,-5219.0,0.0,100,411.35,466.0,0,0.0,0.0,,0.0,1,18.15,15.69,SPY220930C00407000,407.0,normalDay
2022-08-10,10450.0,-4819.0,0.0,100,419.99,466.0,0,0.0,0.0,,0.0,1,18.15,20.33,SPY220930C00407000,407.0,normalDay
2022-08-11,10450.0,-4897.0,0.0,100,419.99,466.0,0,0.0,0.0,,0.0,1,18.15,21.11,SPY220930C00407000,407.0,normalDay
2022-08-12,10450.0,-4634.0,0.0,100,427.1,466.0,0,0.0,0.0,,0.0,1,18.15,25.59,SPY220930C00407000,407.0,normalDay
2022-08-15,10450.0,-4589.0,0.0,100,428.86,466.0,0,0.0,0.0,,0.0,1,18.15,26.9,SPY220930C00407000,407.0,normalDay
2022-08-16,10450.0,-4550.0,0.0,100,429.7,466.0,0,0.0,0.0,,0.0,1,18.15,27.35,SPY220930C00407000,407.0,normalDay
2022-08-17,10450.0,-4662.0,0.0,100,426.65,466.0,0,0.0,0.0,,0.0,1,18.15,25.42,SPY220930C00407000,407.0,normalDay
2022-08-18,10450.0,-4545.0,0.0,100,427.89,466.0,0,0.0,0.0,,0.0,1,18.15,25.49,SPY220930C00407000,407.0,normalDay
2022-08-19,10450.0,-4703.0,0.0,100,422.14,466.0,0,0.0,0.0,,0.0,1,18.15,21.32,SPY220930C00407000,407.0,normalDay
2022-08-22,10450.0,-5008.0,0.0,100,413.35,466.0,0,0.0,0.0,,0.0,1,18.15,15.58,SPY220930C00407000,407.0,normalDay
2022-08-23,10450.0,-5001.0,0.0,100,412.35,466.0,0,0.0,0.0,,0.0,1,18.15,14.51,SPY220930C00407000,407.0,normalDay
2022-08-24,10450.0,-4908.0,0.0,100,413.67,466.0,0,0.0,0.0,,0.0,1,18.15,14.9,SPY220930C00407000,407.0,normalDay
2022-08-25,10450.0,-4641.0,0.0,100,419.51,466.0,0,0.0,0.0,,0.0,1,18.15,18.07,SPY220930C00407000,407.0,normalDay
2022-08-26,10450.0,-5257.0,0.0,100,405.31,466.0,0,0.0,0.0,,0.0,1,18.15,10.03,SPY220930C00407000,407.0,normalDay
2022-08-29,10450.0,-5371.0,0.0,100,402.63,466.0,0,0.0,0.0,,0.0,1,18.15,8.49,SPY220930C00407000,407.0,normalDay
2022-08-30,10450.0,-5597.0,0.0,100,398.21,466.0,0,0.0,0.0,,0.0,1,18.15,6.33,SPY220930C00407000,407.0,normalDay
2022-08-31,10450.0,-5749.0,0.0,100,395.18,466.0,0,0.0,0.0,,0.0,1,18.15,4.82,SPY220930C00407000,407.0,normalDay
2022-09-01,10450.0,-5623.0,0.0,100,396.42,466.0,0,0.0,0.0,,0.0,1,18.15,4.8,SPY220930C00407000,407.0,normalDay
2022-09-02,10450.0,-5909.0,0.0,100,392.24,466.0,0,0.0,0.0,,0.0,1,18.15,3.48,SPY220930C00407000,407.0,normalDay
2022-09-06,10450.0,-5979.0,0.0,100,390.76,466.0,0,0.0,0.0,,0.0,1,18.15,2.7,SPY220930C00407000,407.0,normalDay
2022-09-07,10450.0,-5429.0,0.0,100,397.78,466.0,0,0.0,0.0,,0.0,1,18.15,4.22,SPY220930C00407000,407.0,normalDay
2022-09-08,10450.0,-5249.0,0.0,100,400.38,466.0,0,0.0,0.0,,0.0,1,18.15,5.02,SPY220930C00407000,407.0,normalDay
2022-09-09,10450.0,-4830.0,0.0,100,406.6,466.0,0,0.0,0.0,,0.0,1,18.15,7.05,SPY220930C00407000,407.0,normalDay
2022-09-12,10450.0,-4670.0,0.0,100,410.97,466.0,0,0.0,0.0,,0.0,1,18.15,9.82,SPY220930C00407000,407.0,normalDay
2022-09-13,10450.0,-5740.0,0.0,100,393.1,466.0,0,0.0,0.0,,0.0,1,18.15,2.65,SPY220930C00407000,407.0,normalDay
2022-09-14,10450.0,-5572.0,0.0,100,394.6,466.0,0,0.0,0.0,,0.0,1,18.15,2.47,SPY220930C00407000,407.0,normalDay
2022-09-15,10450.0,-5924.0,0.0,100,390.12,466.0,0,0.0,0.0,,0.0,1,18.15,1.51,SPY220930C00407000,407.0,normalDay
2022-09-16,10450.0,-6317.0,0.0,100,385.56,466.0,0,0.0,0.0,,0.0,1,18.15,0.88,SPY220930C00407000,407.0,normalDay
2022-09-19,10450.0,-6028.0,0.0,100,388.55,466.0,0,0.0,0.0,,0.0,1,18.15,0.98,SPY220930C00407000,407.0,normalDay
2022-09-20,10450.0,-6436.0,0.0,100,384.09,466.0,0,0.0,0.0,,0.0,1,18.15,0.6,SPY220930C00407000,407.0,normalDay
2022-09-21,10450.0,-7065.0,0.0,100,377.39,466.0,0,0.0,0.0,,0.0,1,18.15,0.19,SPY220930C00407000,407.0,normalDay
2022-09-22,10450.0,-7368.0,0.0,100,374.22,466.0,0,0.0,0.0,,0.0,1,18.15,0.05,SPY220930C00407000,407.0,normalDay
2022-09-23,10450.0,-7992.0,0.0,100,367.95,466.0,0,0.0,0.0,,0.0,1,18.15,0.02,SPY220930C00407000,407.0,normalDay
2022-09-26,10450.0,-8355.0,0.0,100,364.31,466.0,0,0.0,0.0,,0.0,1,18.15,0.01,SPY220930C00407000,407.0,normalDay
2022-09-27,10450.0,-8448.0,0.0,100,363.38,466.0,0,0.0,0.0,,0.0,1,18.15,0.01,SPY220930C00407000,407.0,normalDay
2022-09-28,10450.0,-7733.0,0.0,100,370.53,466.0,0,0.0,0.0,,0.0,1,18.15,0.01,SPY220930C00407000,407.0,normalDay
2022-09-29,10450.0,-8507.0,0.0,100,362.79,466.0,0,0.0,0.0,,0.0,1,18.15,0.01,SPY220930C00407000,407.0,normalDay
2022-09-30,12265.0,-10882.0,1815.0,100,357.18,466.0,0,0.0,0.0,,0.0,1,18.15,0.0,SPY220930C00407000,407.0,expirationDay
2022-10-03,12265.0,-9948.0,0.0,100,366.61,466.0,0,0.0,0.0,,0.0,1,12.58,12.67,SPY230120C00385000,385.0,normalDay
2022-10-04,12265.0,-9325.0,0.0,100,377.97,466.0,0,0.0,0.0,,0.0,1,12.58,17.8,SPY230120C00385000,385.0,normalDay
2022-10-05,12265.0,-9383.0,0.0,100,377.09,466.0,0,0.0,0.0,,0.0,1,12.58,17.5,SPY230120C00385000,385.0,normalDay
2022-10-06,12265.0,-9586.0,0.0,100,373.2,466.0,0,0.0,0.0,,0.0,1,12.58,15.64,SPY230120C00385000,385.0,normalDay
2022-10-07,12265.0,-10140.0,0.0,100,362.79,466.0,0,0.0,0.0,,0.0,1,12.58,10.77,SPY230120C00385000,385.0,normalDay
2022-10-10,12265.0,-10360.0,0.0,100,360.02,466.0,0,0.0,0.0,,0.0,1,12.58,10.2,SPY230120C00385000,385.0,normalDay
2022-10-11,12265.0,-10519.0,0.0,100,357.74,466.0,0,0.0,0.0,,0.0,1,12.58,9.51,SPY230120C00385000,385.0,normalDay
2022-10-12,12265.0,-10593.0,0.0,100,356.56,466.0,0,0.0,0.0,,0.0,1,12.58,9.07,SPY230120C00385000,385.0,normalDay
2022-10-13,12265.0,-9993.0,0.0,100,365.97,466.0,0,0.0,0.0,,0.0,1,12.58,12.48,SPY230120C00385000,385.0,normalDay
2022-10-14,12265.0,-10486.0,0.0,100,357.63,466.0,0,0.0,0.0,,0.0,1,12.58,9.07,SPY230120C00385000,385.0,normalDay
2022-10-17,12265.0,-9921.0,0.0,100,366.82,466.0,0,0.0,0.0,,0.0,1,12.58,12.61,SPY230120C00385000,385.0,normalDay
2022-10-18,12265.0,-9676.0,0.0,100,371.13,466.0,0,0.0,0.0,,0.0,1,12.58,14.47,SPY230120C00385000,385.0,normalDay
2022-10-19,12265.0,-9763.0,0.0,100,368.5,466.0,0,0.0,0.0,,0.0,1,12.58,12.71,SPY230120C00385000,385.0,normalDay
2022-10-20,12265.0,-9929.0,0.0,100,365.41,466.0,0,0.0,0.0,,0.0,1,12.58,11.28,SPY230120C00385000,385.0,normalDay
2022-10-21,12265.0,-9438.0,0.0,100,374.29,466.0,0,0.0,0.0,,0.0,1,12.58,15.25,SPY230120C00385000,385.0,normalDay
2022-10-24,12265.0,-9189.0,0.0,100,378.87,466.0,0,0.0,0.0,,0.0,1,12.58,17.34,SPY230120C00385000,385.0,normalDay
2022-10-25,12265.0,-8786.0,0.0,100,384.92,466.0,0,0.0,0.0,,0.0,1,12.58,19.36,SPY230120C00385000,385.0,normalDay
2022-10-26,12265.0,-8987.0,0.0,100,382.02,466.0,0,0.0,0.0,,0.0,1,12.58,18.47,SPY230120C00385000,385.0,normalDay
2022-10-27,12265.0,-8813.0,0.0,100,379.98,466.0,0,0.0,0.0,,0.0,1,12.58,14.69,SPY230120C00385000,385.0,normalDay
2022-10-28,12265.0,-8584.0,0.0,100,389.02,466.0,0,0.0,0.0,,0.0,1,12.58,21.44,SPY230120C00385000,385.0,normalDay
2022-10-31,12265.0,-8656.0,0.0,100,386.21,466.0,0,0.0,0.0,,0.0,1,12.58,19.35,SPY230120C00385000,385.0,normalDay
2022-11-01,12265.0,-8679.0,0.0,100,384.52,466.0,0,0.0,0.0,,0.0,1,12.58,17.89,SPY230120C00385000,385.0,normalDay
2022-11-02,12265.0,-9132.0,0.0,100,374.87,466.0,0,0.0,0.0,,0.0,1,12.58,12.77,SPY230120C00385000,385.0,normalDay
2022-11-03,12265.0,-9318.0,0.0,100,371.01,466.0,0,0.0,0.0,,0.0,1,12.58,10.77,SPY230120C00385000,385.0,normalDay
2022-11-04,12265.0,-8993.0,0.0,100,376.35,466.0,0,0.0,0.0,,0.0,1,12.58,12.86,SPY230120C00385000,385.0,normalDay
2022-11-07,12265.0,-8772.0,0.0,100,379.95,466.0,0,0.0,0.0,,0.0,1,12.58,14.25,SPY230120C00385000,385.0,normalDay
2022-11-08,12265.0,-8670.0,0.0,100,382.0,466.0,0,0.0,0.0,,0.0,1,12.58,15.28,SPY230120C00385000,385.0,normalDay
2022-11-09,12265.0,-9102.0,0.0,100,374.13,466.0,0,0.0,0.0,,0.0,1,12.58,11.73,SPY230120C00385000,385.0,normalDay
2022-11-10,12265.0,-8158.0,0.0,100,394.69,466.0,0,0.0,0.0,,0.0,1,12.58,22.85,SPY230120C00385000,385.0,normalDay
2022-11-11,12265.0,-7952.0,0.0,100,398.51,466.0,0,0.0,0.0,,0.0,1,12.58,24.61,SPY230120C00385000,385.0,normalDay
2022-11-14,12265.0,-8090.0,0.0,100,395.12,466.0,0,0.0,0.0,,0.0,1,12.58,22.6,SPY230120C00385000,385.0,normalDay
2022-11-15,12265.0,-7958.0,0.0,100,398.49,466.0,0,0.0,0.0,,0.0,1,12.58,24.65,SPY230120C00385000,385.0,normalDay
2022-11-16,12265.0,-8019.0,0.0,100,395.45,466.0,0,0.0,0.0,,0.0,1,12.58,22.22,SPY230120C00385000,385.0,normalDay
2022-11-17,12265.0,-8016.0,0.0,100,394.24,466.0,0,0.0,0.0,,0.0,1,12.58,20.98,SPY230120C00385000,385.0,normalDay
2022-11-18,12265.0,-7892.0,0.0,100,396.03,466.0,0,0.0,0.0,,0.0,1,12.58,21.53,SPY230120C00385000,385.0,normalDay
2022-11-21,12265.0,-7901.0,0.0,100,394.59,466.0,0,0.0,0.0,,0.0,1,12.58,20.18,SPY230120C00385000,385.0,normalDay
2022-11-22,12265.0,-7671.0,0.0,100,399.9,466.0,0,0.0,0.0,,0.0,1,12.58,23.19,SPY230120C00385000,385.0,normalDay
2022-11-23,12265.0,-7577.0,0.0,100,402.42,466.0,0,0.0,0.0,,0.0,1,12.58,24.77,SPY230120C00385000,385.0,normalDay
2022-11-25,12265.0,-7766.0,0.0,100,402.33,466.0,0,0.0,0.0,,0.0,1,12.58,26.57,SPY230120C00385000,385.0,normalDay
2022-11-28,12265.0,-7772.0,0.0,100,395.91,466.0,0,0.0,0.0,,0.0,1,12.58,20.21,SPY230120C00385000,385.0,normalDay
2022-11-29,12265.0,-7749.0,0.0,100,395.23,466.0,0,0.0,0.0,,0.0,1,12.58,19.3,SPY230120C00385000,385.0,normalDay
2022-11-30,12265.0,-7415.0,0.0,100,407.68,466.0,0,0.0,0.0,,0.0,1,12.58,28.41,SPY230120C00385000,385.0,normalDay
2022-12-01,12265.0,-7342.0,0.0,100,407.38,466.0,0,0.0,0.0,,0.0,1,12.58,27.38,SPY230120C00385000,385.0,normalDay
2022-12-02,12265.0,-7299.0,0.0,100,406.91,466.0,0,0.0,0.0,,0.0,1,12.58,26.48,SPY230120C00385000,385.0,normalDay
2022-12-05,12265.0,-7503.0,0.0,100,399.59,466.0,0,0.0,0.0,,0.0,1,12.58,21.2,SPY230120C00385000,385.0,normalDay
2022-12-06,12265.0,-7725.0,0.0,100,393.83,466.0,0,0.0,0.0,,0.0,1,12.58,17.66,SPY230120C00385000,385.0,normalDay
2022-12-07,12265.0,-7744.0,0.0,100,393.16,466.0,0,0.0,0.0,,0.0,1,12.58,17.18,SPY230120C00385000,385.0,normalDay
2022-12-08,12265.0,-7607.0,0.0,100,396.24,466.0,0,0.0,0.0,,0.0,1,12.58,18.89,SPY230120C00385000,385.0,normalDay
2022-12-09,12265.0,-7705.0,0.0,100,393.28,466.0,0,0.0,0.0,,0.0,1,12.58,16.91,SPY230120C00385000,385.0,normalDay
2022-12-12,12265.0,-7501.0,0.0,100,398.95,466.0,0,0.0,0.0,,0.0,1,12.58,20.54,SPY230120C00385000,385.0,normalDay
2022-12-13,12265.0,-7361.0,0.0,100,401.97,466.0,0,0.0,0.0,,0.0,1,12.58,22.16,SPY230120C00385000,385.0,normalDay
2022-12-14,12265.0,-7394.0,0.0,100,399.4,466.0,0,0.0,0.0,,0.0,1,12.58,19.92,SPY230120C00385000,385.0,normalDay
2022-12-15,12265.0,-7659.0,0.0,100,389.63,466.0,0,0.0,0.0,,0.0,1,12.58,12.8,SPY230120C00385000,385.0,normalDay
2022-12-16,12265.0,-7988.0,0.0,100,383.27,466.0,0,0.0,0.0,,0.0,1,12.58,9.73,SPY230120C00385000,385.0,normalDay
2022-12-19,12265.0,-8092.0,0.0,100,380.02,466.0,0,0.0,0.0,,0.0,1,12.58,7.52,SPY230120C00385000,385.0,normalDay
2022-12-20,12265.0,-8043.0,0.0,100,380.54,466.0,0,0.0,0.0,,0.0,1,12.58,7.55,SPY230120C00385000,385.0,normalDay
2022-12-21,12265.0,-7720.0,0.0,100,386.23,466.0,0,0.0,0.0,,0.0,1,12.58,10.01,SPY230120C00385000,385.0,normalDay
2022-12-22,12265.0,-8009.0,0.0,100,380.72,466.0,0,0.0,0.0,,0.0,1,12.58,7.39,SPY230120C00385000,385.0,normalDay
2022-12-23,12265.0,-7846.0,0.0,100,382.91,466.0,0,0.0,0.0,,0.0,1,12.58,7.95,SPY230120C00385000,385.0,normalDay
2022-12-27,12265.0,-7902.0,0.0,100,381.4,466.0,0,0.0,0.0,,0.0,1,12.58,7.0,SPY230120C00385000,385.0,normalDay
2022-12-28,12265.0,-8168.0,0.0,100,376.66,466.0,0,0.0,0.0,,0.0,1,12.58,4.92,SPY230120C00385000,385.0,normalDay
2022-12-29,12265.0,-7741.0,0.0,100,383.44,466.0,0,0.0,0.0,,0.0,1,12.58,7.43,SPY230120C00385000,385.0,normalDay
2022-12-30,12265.0,-7792.0,0.0,100,382.43,466.0,0,0.0,0.0,,0.0,1,12.58,6.93,SPY230120C00385000,385.0,normalDay
2023-01-03,12265.0,-7799.0,0.0,100,380.82,466.0,0,0.0,0.0,,0.0,1,12.58,5.39,SPY230120C00385000,385.0,normalDay
2023-01-04,12265.0,-7623.0,0.0,100,383.76,466.0,0,0.0,0.0,,0.0,1,12.58,6.57,SPY230120C00385000,385.0,normalDay
2023-01-05,12265.0,-7846.0,0.0,100,379.38,466.0,0,0.0,0.0,,0.0,1,12.58,4.42,SPY230120C00385000,385.0,normalDay
2023-01-06,12265.0,-7338.0,0.0,100,388.08,466.0,0,0.0,0.0,,0.0,1,12.58,8.04,SPY230120C00385000,385.0,normalDay
2023-01-09,12265.0,-7325.0,0.0,100,387.86,466.0,0,0.0,0.0,,0.0,1,12.58,7.69,SPY230120C00385000,385.0,normalDay
2023-01-10,12265.0,-7199.0,0.0,100,390.58,466.0,0,0.0,0.0,,0.0,1,12.58,9.15,SPY230120C00385000,385.0,normalDay
2023-01-11,12265.0,-7077.0,0.0,100,395.52,466.0,0,0.0,0.0,,0.0,1,12.58,12.87,SPY230120C00385000,385.0,normalDay
2023-01-12,12265.0,-6950.0,0.0,100,396.96,466.0,0,0.0,0.0,,0.0,1,12.58,13.04,SPY230120C00385000,385.0,normalDay
2023-01-13,12265.0,-6878.0,0.0,100,398.5,466.0,0,0.0,0.0,,0.0,1,12.58,13.86,SPY230120C00385000,385.0,normalDay
2023-01-17,12265.0,-6892.0,0.0,100,397.77,466.0,0,0.0,0.0,,0.0,1,12.58,13.27,SPY230120C00385000,385.0,normalDay
2023-01-18,12265.0,-6897.0,0.0,100,391.49,466.0,0,0.0,0.0,,0.0,1,12.58,7.04,SPY230120C00385000,385.0,normalDay
2023-01-19,12265.0,-6914.0,0.0,100,388.64,466.0,0,0.0,0.0,,0.0,1,12.58,4.36,SPY230120C00385000,385.0,normalDay
2023-01-20,5423.0,-6914.0,-6842.0,0,395.88,0.0,0,0.0,0.0,,0.0,1,12.58,0.0,SPY230120C00385000,385.0,expirationDay
2023-01-23,5423.0,-4.0,0.0,0,400.63,0.0,1,6.14,6.18,SPY230317P00387000,387.0,0,0.0,0.0,,0.0,normalDay
2023-01-24,5423.0,50.0,0.0,0,400.2,0.0,1,6.14,5.64,SPY230317P00387000,387.0,0,0.0,0.0,,0.0,normalDay
2023-01-25,5423.0,29.0,0.0,0,400.35,0.0,1,6.14,5.85,SPY230317P00387000,387.0,0,0.0,0.0,,0.0,normalDay
2023-01-26,5423.0,144.0,0.0,0,404.75,0.0,1,6.14,4.7,SPY230317P00387000,387.0,0,0.0,0.0,,0.0,normalDay
2023-01-27,5423.0,177.0,0.0,0,405.68,0.0,1,6.14,4.37,SPY230317P00387000,387.0,0,0.0,0.0,,0.0,normalDay
2023-01-30,5423.0,67.0,0.0,0,400.59,0.0,1,6.14,5.47,SPY230317P00387000,387.0,0,0.0,0.0,,0.0,normalDay
2023-01-31,5423.0,195.0,0.0,0,406.48,0.0,1,6.14,4.19,SPY230317P00387000,387.0,0,0.0,0.0,,0.0,normalDay
2023-02-01,5423.0,319.0,0.0,0,410.8,0.0,1,6.14,2.95,SPY230317P00387000,387.0,0,0.0,0.0,,0.0,normalDay
2023-02-02,5423.0,343.0,0.0,0,416.78,0.0,1,6.14,2.71,SPY230317P00387000,387.0,0,0.0,0.0,,0.0,normalDay
2023-02-03,5423.0,324.0,0.0,0,412.35,0.0,1,6.14,2.9,SPY230317P00387000,387.0,0,0.0,0.0,,0.0,normalDay
2023-02-06,5423.0,288.0,0.0,0,409.83,0.0,1,6.14,3.26,SPY230317P00387000,387.0,0,0.0,0.0,,0.0,normalDay
2023-02-07,5423.0,375.0,0.0,0,415.19,0.0,1,6.14,2.39,SPY230317P00387000,387.0,0,0.0,0.0,,0.0,normalDay
2023-02-08,5423.0,309.0,0.0,0,410.65,0.0,1,6.14,3.05,SPY230317P00387000,387.0,0,0.0,0.0,,0.0,normalDay
2023-02-09,5423.0,233.0,0.0,0,407.09,0.0,1,6.14,3.81,SPY230317P00387000,387.0,0,0.0,0.0,,0.0,normalDay
2023-02-10,5423.0,255.0,0.0,0,408.04,0.0,1,6.14,3.59,SPY230317P00387000,387.0,0,0.0,0.0,,0.0,normalDay
2023-02-13,5423.0,365.0,0.0,0,412.83,0.0,1,6.14,2.49,SPY230317P00387000,387.0,0,0.0,0.0,,0.0,normalDay
2023-02-14,5423.0,403.0,0.0,0,412.64,0.0,1,6.14,2.11,SPY230317P00387000,387.0,0,0.0,0.0,,0.0,normalDay
2023-02-15,5423.0,445.0,0.0,0,413.98,0.0,1,6.14,1.69,SPY230317P00387000,387.0,0,0.0,0.0,,0.0,normalDay
2023-02-16,5423.0,342.0,0.0,0,408.28,0.0,1,6.14,2.72,SPY230317P00387000,387.0,0,0.0,0.0,,0.0,normalDay
2023-02-17,5423.0,350.0,0.0,0,407.26,0.0,1,6.14,2.64,SPY230317P00387000,387.0,0,0.0,0.0,,0.0,normalDay
2023-02-21,5423.0,182.0,0.0,0,399.09,0.0,1,6.14,4.32,SPY230317P00387000,387.0,0,0.0,0.0,,0.0,normalDay
2023-02-22,5423.0,198.0,0.0,0,398.54,0.0,1,6.14,4.16,SPY230317P00387000,387.0,0,0.0,0.0,,0.0,normalDay
2023-02-23,5423.0,282.0,0.0,0,400.66,0.0,1,6.14,3.32,SPY230317P00387000,387.0,0,0.0,0.0,,0.0,normalDay
2023-02-24,5423.0,179.0,0.0,0,396.38,0.0,1,6.14,4.35,SPY230317P00387000,387.0,0,0.0,0.0,,0.0,normalDay
2023-02-27,5423.0,283.0,0.0,0,397.73,0.0,1,6.14,3.31,SPY230317P00387000,387.0,0,0.0,0.0,,0.0,normalDay
2023-02-28,5423.0,255.0,0.0,0,396.26,0.0,1,6.14,3.59,SPY230317P00387000,387.0,0,0.0,0.0,,0.0,normalDay
2023-03-01,5423.0,229.0,0.0,0,394.74,0.0,1,6.14,3.85,SPY230317P00387000,387.0,0,0.0,0.0,,0.0,normalDay
2023-03-02,5423.0,348.0,0.0,0,397.81,0.0,1,6.14,2.66,SPY230317P00387000,387.0,0,0.0,0.0,,0.0,normalDay
2023-03-03,5423.0,495.0,0.0,0,404.19,0.0,1,6.14,1.19,SPY230317P00387000,387.0,0,0.0,0.0,,0.0,normalDay
2023-03-06,5423.0,513.0,0.0,0,404.47,0.0,1,6.14,1.01,SPY230317P00387000,387.0,0,0.0,0.0,,0.0,normalDay
2023-03-07,5423.0,416.0,0.0,0,398.27,0.0,1,6.14,1.98,SPY230317P00387000,387.0,0,0.0,0.0,,0.0,normalDay
2023-03-08,5423.0,447.0,0.0,0,398.92,0.0,1,6.14,1.67,SPY230317P00387000,387.0,0,0.0,0.0,,0.0,normalDay
2023-03-09,5423.0,171.0,0.0,0,391.56,0.0,1,6.14,4.43,SPY230317P00387000,387.0,0,0.0,0.0,,0.0,normalDay
2023-03-10,5423.0,-48.0,0.0,0,385.91,0.0,1,6.14,6.62,SPY230317P00387000,387.0,0,0.0,0.0,,0.0,normalDay
2023-03-13,5423.0,-53.0,0.0,0,385.36,0.0,1,6.14,6.67,SPY230317P00387000,387.0,0,0.0,0.0,,0.0,normalDay
2023-03-14,5423.0,374.0,0.0,0,391.73,0.0,1,6.14,2.4,SPY230317P00387000,387.0,0,0.0,0.0,,0.0,normalDay
2023-03-15,5423.0,310.0,0.0,0,389.28,0.0,1,6.14,3.04,SPY230317P00387000,387.0,0,0.0,0.0,,0.0,normalDay
2023-03-16,5423.0,585.0,0.0,0,396.11,0.0,1,6.14,0.29,SPY230317P00387000,387.0,0,0.0,0.0,,0.0,normalDay
2023-03-17,6037.0,0.0,614.0,0,389.99,0.0,1,6.14,0.0,SPY230317P00387000,387.0,0,0.0,0.0,,0.0,expirationDay
2023-03-20,6037.0,-10.0,0.0,0,393.74,0.0,1,10.46,10.56,SPY230428P00395000,395.0,0,0.0,0.0,,0.0,normalDay
2023-03-21,6037.0,287.0,0.0,0,398.91,0.0,1,10.46,7.59,SPY230428P00395000,395.0,0,0.0,0.0,,0.0,normalDay
2023-03-22,6037.0,-18.0,0.0,0,392.11,0.0,1,10.46,10.64,SPY230428P00395000,395.0,0,0.0,0.0,,0.0,normalDay
2023-03-23,6037.0,21.0,0.0,0,393.17,0.0,1,10.46,10.25,SPY230428P00395000,395.0,0,0.0,0.0,,0.0,normalDay
2023-03-24,6037.0,175.0,0.0,0,395.75,0.0,1,10.46,8.71,SPY230428P00395000,395.0,0,0.0,0.0,,0.0,normalDay
2023-03-27,6037.0,298.0,0.0,0,396.49,0.0,1,10.46,7.48,SPY230428P00395000,395.0,0,0.0,0.0,,0.0,normalDay
2023-03-28,6037.0,312.0,0.0,0,395.6,0.0,1,10.46,7.34,SPY230428P00395000,395.0,0,0.0,0.0,,0.0,normalDay
2023-03-29,6037.0,523.0,0.0,0,401.35,0.0,1,10.46,5.23,SPY230428P00395000,395.0,0,0.0,0.0,,0.0,normalDay
2023-03-30,6037.0,610.0,0.0,0,403.7,0.0,1,10.46,4.36,SPY230428P00395000,395.0,0,0.0,0.0,,0.0,normalDay
2023-03-31,6037.0,751.0,0.0,0,409.39,0.0,1,10.46,2.95,SPY230428P00395000,395.0,0,0.0,0.0,,0.0,normalDay
2023-04-03,6037.0,827.0,0.0,0,410.95,0.0,1,10.46,2.19,SPY230428P00395000,395.0,0,0.0,0.0,,0.0,normalDay
2023-04-04,6037.0,798.0,0.0,0,408.67,0.0,1,10.46,2.48,SPY230428P00395000,395.0,0,0.0,0.0,,0.0,normalDay
2023-04-05,6037.0,789.0,0.0,0,407.6,0.0,1,10.46,2.57,SPY230428P00395000,395.0,0,0.0,0.0,,0.0,normalDay
2023-04-06,6037.0,843.0,0.0,0,409.19,0.0,1,10.46,2.03,SPY230428P00395000,395.0,0,0.0,0.0,,0.0,normalDay
2023-04-10,6037.0,885.0,0.0,0,409.61,0.0,1,10.46,1.61,SPY230428P00395000,395.0,0,0.0,0.0,,0.0,normalDay
2023-04-11,6037.0,898.0,0.0,0,409.72,0.0,1,10.46,1.48,SPY230428P00395000,395.0,0,0.0,0.0,,0.0,normalDay
2023-04-12,6037.0,887.0,0.0,0,408.05,0.0,1,10.46,1.59,SPY230428P00395000,395.0,0,0.0,0.0,,0.0,normalDay
2023-04-13,6037.0,972.0,0.0,0,413.47,0.0,1,10.46,0.74,SPY230428P00395000,395.0,0,0.0,0.0,,0.0,normalDay
2023-04-14,6037.0,990.0,0.0,0,412.46,0.0,1,10.46,0.56,SPY230428P00395000,395.0,0,0.0,0.0,,0.0,normalDay
2023-04-17,6037.0,1010.0,0.0,0,413.94,0.0,1,10.46,0.36,SPY230428P00395000,395.0,0,0.0,0.0,,0.0,normalDay
2023-04-18,6037.0,1010.0,0.0,0,414.21,0.0,1,10.46,0.36,SPY230428P00395000,395.0,0,0.0,0.0,,0.0,normalDay
2023-04-19,6037.0,1019.0,0.0,0,414.14,0.0,1,10.46,0.27,SPY230428P00395000,395.0,0,0.0,0.0,,0.0,normalDay
2023-04-20,6037.0,1020.0,0.0,0,411.88,0.0,1,10.46,0.26,SPY230428P00395000,395.0,0,0.0,0.0,,0.0,normalDay
2023-04-21,6037.0,1028.0,0.0,0,412.2,0.0,1,10.46,0.18,SPY230428P00395000,395.0,0,0.0,0.0,,0.0,normalDay
2023-04-24,6037.0,1039.0,0.0,0,412.63,0.0,1,10.46,0.07,SPY230428P00395000,395.0,0,0.0,0.0,,0.0,normalDay
2023-04-25,6037.0,1028.0,0.0,0,406.08,0.0,1,10.46,0.18,SPY230428P00395000,395.0,0,0.0,0.0,,0.0,normalDay
2023-04-26,6037.0,1029.0,0.0,0,404.36,0.0,1,10.46,0.17,SPY230428P00395000,395.0,0,0.0,0.0,,0.0,normalDay
2023-04-27,6037.0,1043.0,0.0,0,412.41,0.0,1,10.46,0.03,SPY230428P00395000,395.0,0,0.0,0.0,,0.0,normalDay
2023-04-28,7083.0,0.0,1046.0,0,415.93,0.0,1,10.46,0.0,SPY230428P00395000,395.0,0,0.0,0.0,,0.0,expirationDay
2023-05-01,7083.0,-3.0,0.0,0,415.51,0.0,1,6.4,6.43,SPY230616P00411000,411.0,0,0.0,0.0,,0.0,normalDay
2023-05-02,7083.0,-225.0,0.0,0,410.84,0.0,1,6.4,8.65,SPY230616P00411000,411.0,0,0.0,0.0,,0.0,normalDay
2023-05-03,7083.0,-334.0,0.0,0,408.02,0.0,1,6.4,9.74,SPY230616P00411000,411.0,0,0.0,0.0,,0.0,normalDay
2023-05-04,7083.0,-573.0,0.0,0,405.13,0.0,1,6.4,12.13,SPY230616P00411000,411.0,0,0.0,0.0,,0.0,normalDay
2023-05-05,7083.0,-140.0,0.0,0,412.63,0.0,1,6.4,7.8,SPY230616P00411000,411.0,0,0.0,0.0,,0.0,normalDay
2023-05-08,7083.0,-86.0,0.0,0,412.74,0.0,1,6.4,7.26,SPY230616P00411000,411.0,0,0.0,0.0,,0.0,normalDay
2023-05-09,7083.0,-155.0,0.0,0,410.93,0.0,1,6.4,7.95,SPY230616P00411000,411.0,0,0.0,0.0,,0.0,normalDay
2023-05-10,7083.0,-40.0,0.0,0,412.85,0.0,1,6.4,6.8,SPY230616P00411000,411.0,0,0.0,0.0,,0.0,normalDay
2023-05-11,7083.0,-57.0,0.0,0,412.13,0.0,1,6.4,6.97,SPY230616P00411000,411.0,0,0.0,0.0,,0.0,normalDay
2023-05-12,7083.0,-77.0,0.0,0,411.59,0.0,1,6.4,7.17,SPY230616P00411000,411.0,0,0.0,0.0,,0.0,normalDay
2023-05-15,7083.0,35.0,0.0,0,413.01,0.0,1,6.4,6.05,SPY230616P00411000,411.0,0,0.0,0.0,,0.0,normalDay
2023-05-16,7083.0,-88.0,0.0,0,410.25,0.0,1,6.4,7.28,SPY230616P00411000,411.0,0,0.0,0.0,,0.0,normalDay
2023-05-17,7083.0,127.0,0.0,0,415.23,0.0,1,6.4,5.13,SPY230616P00411000,411.0,0,0.0,0.0,,0.0,normalDay
2023-05-18,7083.0,272.0,0.0,0,419.23,0.0,1,6.4,3.68,SPY230616P00411000,411.0,0,0.0,0.0,,0.0,normalDay
2023-05-19,7083.0,236.0,0.0,0,418.62,0.0,1,6.4,4.04,SPY230616P00411000,411.0,0,0.0,0.0,,0.0,normalDay
2023-05-22,7083.0,258.0,0.0,0,418.79,0.0,1,6.4,3.82,SPY230616P00411000,411.0,0,0.0,0.0,,0.0,normalDay
2023-05-23,7083.0,85.0,0.0,0,414.09,0.0,1,6.4,5.55,SPY230616P00411000,411.0,0,0.0,0.0,,0.0,normalDay
2023-05-24,7083.0,-54.0,0.0,0,411.09,0.0,1,6.4,6.94,SPY230616P00411000,411.0,0,0.0,0.0,,0.0,normalDay
2023-05-25,7083.0,110.0,0.0,0,414.65,0.0,1,6.4,5.3,SPY230616P00411000,411.0,0,0.0,0.0,,0.0,normalDay
2023-05-26,7083.0,309.0,0.0,0,420.02,0.0,1,6.4,3.31,SPY230616P00411000,411.0,0,0.0,0.0,,0.0,normalDay
2023-05-30,7083.0,369.0,0.0,0,420.18,0.0,1,6.4,2.71,SPY230616P00411000,411.0,0,0.0,0.0,,0.0,normalDay
2023-05-31,7083.0,329.0,0.0,0,417.85,0.0,1,6.4,3.11,SPY230616P00411000,411.0,0,0.0,0.0,,0.0,normalDay
2023-06-01,7083.0,477.0,0.0,0,421.82,0.0,1,6.4,1.63,SPY230616P00411000,411.0,0,0.0,0.0,,0.0,normalDay
2023-06-02,7083.0,571.0,0.0,0,427.92,0.0,1,6.4,0.69,SPY230616P00411000,411.0,0,0.0,0.0,,0.0,normalDay
2023-06-05,7083.0,581.0,0.0,0,427.1,0.0,1,6.4,0.59,SPY230616P00411000,411.0,0,0.0,0.0,,0.0,normalDay
2023-06-06,7083.0,595.0,0.0,0,428.03,0.0,1,6.4,0.45,SPY230616P00411000,411.0,0,0.0,0.0,,0.0,normalDay
2023-06-07,7083.0,596.0,0.0,0,426.55,0.0,1,6.4,0.44,SPY230616P00411000,411.0,0,0.0,0.0,,0.0,normalDay
2023-06-08,7083.0,611.0,0.0,0,429.13,0.0,1,6.4,0.29,SPY230616P00411000,411.0,0,0.0,0.0,,0.0,normalDay
2023-06-09,7083.0,618.0,0.0,0,429.9,0.0,1,6.4,0.22,SPY230616P00411000,411.0,0,0.0,0.0,,0.0,normalDay
2023-06-12,7083.0,624.0,0.0,0,433.8,0.0,1,6.4,0.16,SPY230616P00411000,411.0,0,0.0,0.0,,0.0,normalDay
2023-06-13,7083.0,629.0,0.0,0,436.66,0.0,1,6.4,0.11,SPY230616P00411000,411.0,0,0.0,0.0,,0.0,normalDay
2023-06-14,7083.0,634.0,0.0,0,437.18,0.0,1,6.4,0.06,SPY230616P00411000,411.0,0,0.0,0.0,,0.0,normalDay
2023-06-15,7083.0,635.0,0.0,0,442.6,0.0,1,6.4,0.05,SPY230616P00411000,411.0,0,0.0,0.0,,0.0,normalDay
2023-06-16,7723.0,0.0,640.0,0,439.46,0.0,1,6.4,0.0,SPY230616P00411000,411.0,0,0.0,0.0,,0.0,expirationDay
2023-06-20,7723.0,-4.0,0.0,0,437.18,0.0,1,3.06,3.1,SPY230728P00426000,426.0,0,0.0,0.0,,0.0,normalDay
2023-06-21,7723.0,-15.0,0.0,0,434.94,0.0,1,3.06,3.21,SPY230728P00426000,426.0,0,0.0,0.0,,0.0,normalDay
2023-06-22,7723.0,31.0,0.0,0,436.51,0.0,1,3.06,2.75,SPY230728P00426000,426.0,0,0.0,0.0,,0.0,normalDay
2023-06-23,7723.0,-36.0,0.0,0,433.21,0.0,1,3.06,3.42,SPY230728P00426000,426.0,0,0.0,0.0,,0.0,normalDay
2023-06-26,7723.0,-59.0,0.0,0,431.44,0.0,1,3.06,3.65,SPY230728P00426000,426.0,0,0.0,0.0,,0.0,normalDay
2023-06-27,7723.0,55.0,0.0,0,436.17,0.0,1,3.06,2.51,SPY230728P00426000,426.0,0,0.0,0.0,,0.0,normalDay
2023-06-28,7723.0,84.0,0.0,0,436.39,0.0,1,3.06,2.22,SPY230728P00426000,426.0,0,0.0,0.0,,0.0,normalDay
2023-06-29,7723.0,108.0,0.0,0,438.11,0.0,1,3.06,1.98,SPY230728P00426000,426.0,0,0.0,0.0,,0.0,normalDay
2023-06-30,7723.0,181.0,0.0,0,443.28,0.0,1,3.06,1.25,SPY230728P00426000,426.0,0,0.0,0.0,,0.0,normalDay
2023-07-03,7723.0,195.0,0.0,0,443.79,0.0,1,3.06,1.11,SPY230728P00426000,426.0,0,0.0,0.0,,0.0,normalDay
2023-07-05,7723.0,189.0,0.0,0,443.13,0.0,1,3.06,1.17,SPY230728P00426000,426.0,0,0.0,0.0,,0.0,normalDay
2023-07-06,7723.0,132.0,0.0,0,439.66,0.0,1,3.06,1.74,SPY230728P00426000,426.0,0,0.0,0.0,,0.0,normalDay
2023-07-07,7723.0,154.0,0.0,0,438.55,0.0,1,3.06,1.52,SPY230728P00426000,426.0,0,0.0,0.0,,0.0,normalDay
2023-07-10,7723.0,177.0,0.0,0,439.66,0.0,1,3.06,1.29,SPY230728P00426000,426.0,0,0.0,0.0,,0.0,normalDay
2023-07-11,7723.0,209.0,0.0,0,442.46,0.0,1,3.06,0.97,SPY230728P00426000,426.0,0,0.0,0.0,,0.0,normalDay
2023-07-12,7723.0,259.0,0.0,0,446.02,0.0,1,3.06,0.47,SPY230728P00426000,426.0,0,0.0,0.0,,0.0,normalDay
2023-07-13,7723.0,268.0,0.0,0,449.56,0.0,1,3.06,0.38,SPY230728P00426000,426.0,0,0.0,0.0,,0.0,normalDay
2023-07-14,7723.0,275.0,0.0,0,449.28,0.0,1,3.06,0.31,SPY230728P00426000,426.0,0,0.0,0.0,,0.0,normalDay
2023-07-17,7723.0,286.0,0.0,0,450.84,0.0,1,3.06,0.2,SPY230728P00426000,426.0,0,0.0,0.0,,0.0,normalDay
2023-07-18,7723.0,291.0,0.0,0,454.19,0.0,1,3.06,0.15,SPY230728P00426000,426.0,0,0.0,0.0,,0.0,normalDay
2023-07-19,7723.0,293.0,0.0,0,455.2,0.0,1,3.06,0.13,SPY230728P00426000,426.0,0,0.0,0.0,,0.0,normalDay
2023-07-20,7723.0,292.0,0.0,0,452.18,0.0,1,3.06,0.14,SPY230728P00426000,426.0,0,0.0,0.0,,0.0,normalDay
2023-07-21,7723.0,299.0,0.0,0,452.18,0.0,1,3.06,0.07,SPY230728P00426000,426.0,0,0.0,0.0,,0.0,normalDay
2023-07-24,7723.0,302.0,0.0,0,454.2,0.0,1,3.06,0.04,SPY230728P00426000,426.0,0,0.0,0.0,,0.0,normalDay
2023-07-25,7723.0,302.0,0.0,0,455.44,0.0,1,3.06,0.04,SPY230728P00426000,426.0,0,0.0,0.0,,0.0,normalDay
2023-07-26,7723.0,303.0,0.0,0,455.51,0.0,1,3.06,0.03,SPY230728P00426000,426.0,0,0.0,0.0,,0.0,normalDay
2023-07-27,7723.0,303.0,0.0,0,452.49,0.0,1,3.06,0.03,SPY230728P00426000,426.0,0,0.0,0.0,,0.0,normalDay
2023-07-28,8029.0,0.0,306.0,0,456.92,0.0,1,3.06,0.0,SPY230728P00426000,426.0,0,0.0,0.0,,0.0,expirationDay
2023-07-31,8029.0,-4.0,0.0,0,457.79,0.0,1,4.07,4.11,SPY230915P00449000,449.0,0,0.0,0.0,,0.0,normalDay
2023-08-01,8029.0,-47.0,0.0,0,456.48,0.0,1,4.07,4.54,SPY230915P00449000,449.0,0,0.0,0.0,,0.0,normalDay
2023-08-02,8029.0,-309.0,0.0,0,450.13,0.0,1,4.07,7.16,SPY230915P00449000,449.0,0,0.0,0.0,,0.0,normalDay
2023-08-03,8029.0,-304.0,0.0,0,448.84,0.0,1,4.07,7.11,SPY230915P00449000,449.0,0,0.0,0.0,,0.0,normalDay
2023-08-04,8029.0,-461.0,0.0,0,446.81,0.0,1,4.07,8.68,SPY230915P00449000,449.0,0,0.0,0.0,,0.0,normalDay
2023-08-07,8029.0,-228.0,0.0,0,450.71,0.0,1,4.07,6.35,SPY230915P00449000,449.0,0,0.0,0.0,,0.0,normalDay
2023-08-08,8029.0,-319.0,0.0,0,448.75,0.0,1,4.07,7.26,SPY230915P00449000,449.0,0,0.0,0.0,,0.0,normalDay
2023-08-09,8029.0,-423.0,0.0,0,445.75,0.0,1,4.07,8.3,SPY230915P00449000,449.0,0,0.0,0.0,,0.0,normalDay
2023-08-10,8029.0,-436.0,0.0,0,445.91,0.0,1,4.07,8.43,SPY230915P00449000,449.0,0,0.0,0.0,,0.0,normalDay
2023-08-11,8029.0,-399.0,0.0,0,445.65,0.0,1,4.07,8.06,SPY230915P00449000,449.0,0,0.0,0.0,,0.0,normalDay
2023-08-14,8029.0,-259.0,0.0,0,448.11,0.0,1,4.07,6.66,SPY230915P00449000,449.0,0,0.0,0.0,,0.0,normalDay
2023-08-15,8029.0,-572.0,0.0,0,442.89,0.0,1,4.07,9.79,SPY230915P00449000,449.0,0,0.0,0.0,,0.0,normalDay
2023-08-16,8029.0,-779.0,0.0,0,439.64,0.0,1,4.07,11.86,SPY230915P00449000,449.0,0,0.0,0.0,,0.0,normalDay
2023-08-17,8029.0,-1063.0,0.0,0,436.29,0.0,1,4.07,14.7,SPY230915P00449000,449.0,0,0.0,0.0,,0.0,normalDay
2023-08-18,8029.0,-1001.0,0.0,0,436.5,0.0,1,4.07,14.08,SPY230915P00449000,449.0,0,0.0,0.0,,0.0,normalDay
2023-08-21,8029.0,-798.0,0.0,0,439.34,0.0,1,4.07,12.05,SPY230915P00449000,449.0,0,0.0,0.0,,0.0,normalDay
2023-08-22,8029.0,-861.0,0.0,0,438.15,0.0,1,4.07,12.68,SPY230915P00449000,449.0,0,0.0,0.0,,0.0,normalDay
2023-08-23,8029.0,-486.0,0.0,0,443.03,0.0,1,4.07,8.93,SPY230915P00449000,449.0,0,0.0,0.0,,0.0,normalDay
2023-08-24,8029.0,-962.0,0.0,0,436.89,0.0,1,4.07,13.69,SPY230915P00449000,449.0,0,0.0,0.0,,0.0,normalDay
2023-08-25,8029.0,-678.0,0.0,0,439.97,0.0,1,4.07,10.85,SPY230915P00449000,449.0,0,0.0,0.0,,0.0,normalDay
2023-08-28,8029.0,-447.0,0.0,0,442.76,0.0,1,4.07,8.54,SPY230915P00449000,449.0,0,0.0,0.0,,0.0,normalDay
2023-08-29,8029.0,-50.0,0.0,0,449.16,0.0,1,4.07,4.57,SPY230915P00449000,449.0,0,0.0,0.0,,0.0,normalDay
2023-08-30,8029.0,59.0,0.0,0,451.01,0.0,1,4.07,3.48,SPY230915P00449000,449.0,0,0.0,0.0,,0.0,normalDay
2023-08-31,8029.0,66.0,0.0,0,450.35,0.0,1,4.07,3.41,SPY230915P00449000,449.0,0,0.0,0.0,,0.0,normalDay
2023-09-01,8029.0,115.0,0.0,0,451.19,0.0,1,4.07,2.92,SPY230915P00449000,449.0,0,0.0,0.0,,0.0,normalDay
2023-09-05,8029.0,40.0,0.0,0,449.24,0.0,1,4.07,3.67,SPY230915P00449000,449.0,0,0.0,0.0,,0.0,normalDay
2023-09-06,8029.0,-134.0,0.0,0,446.22,0.0,1,4.07,5.41,SPY230915P00449000,449.0,0,0.0,0.0,,0.0,normalDay
2023-09-07,8029.0,-229.0,0.0,0,444.85,0.0,1,4.07,6.36,SPY230915P00449000,449.0,0,0.0,0.0,,0.0,normalDay
2023-09-08,8029.0,-117.0,0.0,0,445.52,0.0,1,4.07,5.24,SPY230915P00449000,449.0,0,0.0,0.0,,0.0,normalDay
2023-09-11,8029.0,84.0,0.0,0,448.45,0.0,1,4.07,3.23,SPY230915P00449000,449.0,0,0.0,0.0,,0.0,normalDay
2023-09-12,8029.0,-76.0,0.0,0,445.99,0.0,1,4.07,4.83,SPY230915P00449000,449.0,0,0.0,0.0,,0.0,normalDay
2023-09-13,8029.0,0.0,0.0,0,446.51,0.0,1,4.07,4.07,SPY230915P00449000,449.0,0,0.0,0.0,,0.0,normalDay
2023-09-14,8029.0,309.0,0.0,0,450.36,0.0,1,4.07,0.98,SPY230915P00449000,449.0,0,0.0,0.0,,0.0,normalDay
2023-09-15,8436.0,-563.0,407.0,100,443.37,449.0,1,4.07,0.0,SPY230915P00449000,449.0,0,0.0,0.0,,0.0,expirationDay
2023-09-18,8436.0,-549.0,0.0,100,443.63,449.0,0,0.0,0.0,,0.0,1,16.83,16.95,SPY240119C00445000,445.0,normalDay
2023-09-19,8436.0,-570.0,0.0,100,442.71,449.0,0,0.0,0.0,,0.0,1,16.83,16.24,SPY240119C00445000,445.0,normalDay
2023-09-20,8436.0,-721.0,0.0,100,438.64,449.0,0,0.0,0.0,,0.0,1,16.83,13.68,SPY240119C00445000,445.0,normalDay
2023-09-21,8436.0,-1121.0,0.0,100,431.39,449.0,0,0.0,0.0,,0.0,1,16.83,10.43,SPY240119C00445000,445.0,normalDay
2023-09-22,8436.0,-1173.0,0.0,100,430.42,449.0,0,0.0,0.0,,0.0,1,16.83,9.98,SPY240119C00445000,445.0,normalDay
2023-09-25,8436.0,-1064.0,0.0,100,432.23,449.0,0,0.0,0.0,,0.0,1,16.83,10.7,SPY240119C00445000,445.0,normalDay
2023-09-26,8436.0,-1492.0,0.0,100,425.88,449.0,0,0.0,0.0,,0.0,1,16.83,8.63,SPY240119C00445000,445.0,normalDay
2023-09-27,8436.0,-1441.0,0.0,100,426.05,449.0,0,0.0,0.0,,0.0,1,16.83,8.29,SPY240119C00445000,445.0,normalDay
2023-09-28,8436.0,-1226.0,0.0,100,428.52,449.0,0,0.0,0.0,,0.0,1,16.83,8.61,SPY240119C00445000,445.0,normalDay
2023-09-29,8436.0,-1302.0,0.0,100,427.48,449.0,0,0.0,0.0,,0.0,1,16.83,8.33,SPY240119C00445000,445.0,normalDay
2023-10-02,8436.0,-1300.0,0.0,100,427.31,449.0,0,0.0,0.0,,0.0,1,16.83,8.14,SPY240119C00445000,445.0,normalDay
2023-10-03,8436.0,-1730.0,0.0,100,421.59,449.0,0,0.0,0.0,,0.0,1,16.83,6.72,SPY240119C00445000,445.0,normalDay
2023-10-04,8436.0,-1476.0,0.0,100,424.66,449.0,0,0.0,0.0,,0.0,1,16.83,7.25,SPY240119C00445000,445.0,normalDay
2023-10-05,8436.0,-1462.0,0.0,100,424.5,449.0,0,0.0,0.0,,0.0,1,16.83,6.95,SPY240119C00445000,445.0,normalDay
2023-10-06,8436.0,-1156.0,0.0,100,429.54,449.0,0,0.0,0.0,,0.0,1,16.83,8.93,SPY240119C00445000,445.0,normalDay
2023-10-09,8436.0,-988.0,0.0,100,432.29,449.0,0,0.0,0.0,,0.0,1,16.83,10.0,SPY240119C00445000,445.0,normalDay
2023-10-10,8436.0,-812.0,0.0,100,434.54,449.0,0,0.0,0.0,,0.0,1,16.83,10.49,SPY240119C00445000,445.0,normalDay
2023-10-11,8436.0,-715.0,0.0,100,436.32,449.0,0,0.0,0.0,,0.0,1,16.83,11.3,SPY240119C00445000,445.0,normalDay
2023-10-12,8436.0,-818.0,0.0,100,433.66,449.0,0,0.0,0.0,,0.0,1,16.83,9.67,SPY240119C00445000,445.0,normalDay
2023-10-13,8436.0,-975.0,0.0,100,431.5,449.0,0,0.0,0.0,,0.0,1,16.83,9.08,SPY240119C00445000,445.0,normalDay
2023-10-16,8436.0,-676.0,0.0,100,436.04,449.0,0,0.0,0.0,,0.0,1,16.83,10.63,SPY240119C00445000,445.0,normalDay
2023-10-17,8436.0,-667.0,0.0,100,436.02,449.0,0,0.0,0.0,,0.0,1,16.83,10.52,SPY240119C00445000,445.0,normalDay
2023-10-18,8436.0,-1048.0,0.0,100,430.21,449.0,0,0.0,0.0,,0.0,1,16.83,8.52,SPY240119C00445000,445.0,normalDay
2023-10-19,8436.0,-1265.0,0.0,100,426.43,449.0,0,0.0,0.0,,0.0,1,16.83,6.91,SPY240119C00445000,445.0,normalDay
2023-10-20,8436.0,-1634.0,0.0,100,421.19,449.0,0,0.0,0.0,,0.0,1,16.83,5.36,SPY240119C00445000,445.0,normalDay
2023-10-23,8436.0,-1654.0,0.0,100,420.46,449.0,0,0.0,0.0,,0.0,1,16.83,4.83,SPY240119C00445000,445.0,normalDay
2023-10-24,8436.0,-1384.0,0.0,100,423.63,449.0,0,0.0,0.0,,0.0,1,16.83,5.3,SPY240119C00445000,445.0,normalDay
2023-10-25,8436.0,-1840.0,0.0,100,417.55,449.0,0,0.0,0.0,,0.0,1,16.83,3.78,SPY240119C00445000,445.0,normalDay
2023-10-26,8436.0,-2229.0,0.0,100,412.55,449.0,0,0.0,0.0,,0.0,1,16.83,2.67,SPY240119C00445000,445.0,normalDay
2023-10-27,8436.0,-2386.0,0.0,100,410.68,449.0,0,0.0,0.0,,0.0,1,16.83,2.37,SPY240119C00445000,445.0,normalDay
2023-10-30,8436.0,-1943.0,0.0,100,415.59,449.0,0,0.0,0.0,,0.0,1,16.83,2.85,SPY240119C00445000,445.0,normalDay
2023-10-31,8436.0,-1673.0,0.0,100,418.2,449.0,0,0.0,0.0,,0.0,1,16.83,2.76,SPY240119C00445000,445.0,normalDay
2023-11-01,8436.0,-1314.0,0.0,100,422.66,449.0,0,0.0,0.0,,0.0,1,16.83,3.63,SPY240119C00445000,445.0,normalDay
2023-11-02,8436.0,-710.0,0.0,100,430.76,449.0,0,0.0,0.0,,0.0,1,16.83,5.69,SPY240119C00445000,445.0,normalDay
2023-11-03,8436.0,-465.0,0.0,100,434.69,449.0,0,0.0,0.0,,0.0,1,16.83,7.17,SPY240119C00445000,445.0,normalDay
2023-11-06,8436.0,-346.0,0.0,100,435.69,449.0,0,0.0,0.0,,0.0,1,16.83,6.98,SPY240119C00445000,445.0,normalDay
2023-11-07,8436.0,-281.0,0.0,100,436.93,449.0,0,0.0,0.0,,0.0,1,16.83,7.57,SPY240119C00445000,445.0,normalDay
2023-11-08,8436.0,-227.0,0.0,100,437.25,449.0,0,0.0,0.0,,0.0,1,16.83,7.35,SPY240119C00445000,445.0,normalDay
2023-11-09,8436.0,-443.0,0.0,100,433.84,449.0,0,0.0,0.0,,0.0,1,16.83,6.1,SPY240119C00445000,445.0,normalDay
2023-11-10,8436.0,-49.0,0.0,100,440.61,449.0,0,0.0,0.0,,0.0,1,16.83,8.93,SPY240119C00445000,445.0,normalDay
2023-11-13,8436.0,-60.0,0.0,100,440.19,449.0,0,0.0,0.0,,0.0,1,16.83,8.62,SPY240119C00445000,445.0,normalDay
2023-11-14,8436.0,293.0,0.0,100,448.73,449.0,0,0.0,0.0,,0.0,1,16.83,13.63,SPY240119C00445000,445.0,normalDay
2023-11-15,8436.0,393.0,0.0,100,449.68,449.0,0,0.0,0.0,,0.0,1,16.83,13.58,SPY240119C00445000,445.0,normalDay
2023-11-16,8436.0,415.0,0.0,100,450.23,449.0,0,0.0,0.0,,0.0,1,16.83,13.91,SPY240119C00445000,445.0,normalDay
2023-11-17,8436.0,465.0,0.0,100,450.79,449.0,0,0.0,0.0,,0.0,1,16.83,13.97,SPY240119C00445000,445.0,normalDay
2023-11-20,8436.0,583.0,0.0,100,454.26,449.0,0,0.0,0.0,,0.0,1,16.83,16.26,SPY240119C00445000,445.0,normalDay
2023-11-21,8436.0,607.0,0.0,100,453.27,449.0,0,0.0,0.0,,0.0,1,16.83,15.03,SPY240119C00445000,445.0,normalDay
2023-11-22,8436.0,624.0,0.0,100,455.02,449.0,0,0.0,0.0,,0.0,1,16.83,16.61,SPY240119C00445000,445.0,normalDay
2023-11-24,8436.0,643.0,0.0,100,455.3,449.0,0,0.0,0.0,,0.0,1,16.83,16.7,SPY240119C00445000,445.0,normalDay
2023-11-27,8436.0,662.0,0.0,100,454.48,449.0,0,0.0,0.0,,0.0,1,16.83,15.69,SPY240119C00445000,445.0,normalDay
2023-11-28,8436.0,692.0,0.0,100,454.93,449.0,0,0.0,0.0,,0.0,1,16.83,15.84,SPY240119C00445000,445.0,normalDay
2023-11-29,8436.0,641.0,0.0,100,454.61,449.0,0,0.0,0.0,,0.0,1,16.83,16.03,SPY240119C00445000,445.0,normalDay
2023-11-30,8436.0,754.0,0.0,100,456.4,449.0,0,0.0,0.0,,0.0,1,16.83,16.69,SPY240119C00445000,445.0,normalDay
