date,totalCapital,unrializedPnL,rializedPnL,stocksOwned,stocksPriceToday,stocksPriceBoughtAt,putOwned,putOwnedSoldAt,putPriceToday,putOwnedContract,putOwnedStrike,callOwned,callOwnedSoldAt,callPriceToday,callOwnedContract,callOwnedStrike,trackType
2018-11-01,0.0,-9.0,0.0,0,273.51,0.0,1,5.16,5.25,SPY190329P00249000,249.0,0,0.0,0.0,,0.0,normalDay
2018-11-02,0.0,-38.0,0.0,0,271.89,0.0,1,5.16,5.54,SPY190329P00249000,249.0,0,0.0,0.0,,0.0,normalDay
2018-11-05,0.0,7.0,0.0,0,273.39,0.0,1,5.16,5.09,SPY190329P00249000,249.0,0,0.0,0.0,,0.0,normalDay
2018-11-06,0.0,51.0,0.0,0,275.12,0.0,1,5.16,4.65,SPY190329P00249000,249.0,0,0.0,0.0,,0.0,normalDay
2018-11-07,0.0,180.0,0.0,0,281.01,0.0,1,5.16,3.36,SPY190329P00249000,249.0,0,0.0,0.0,,0.0,normalDay
2018-11-08,0.0,183.0,0.0,0,280.5,0.0,1,5.16,3.33,SPY190329P00249000,249.0,0,0.0,0.0,,0.0,normalDay
2018-11-09,0.0,122.0,0.0,0,277.76,0.0,1,5.16,3.94,SPY190329P00249000,249.0,0,0.0,0.0,,0.0,normalDay
2018-11-12,0.0,8.0,0.0,0,272.57,0.0,1,5.16,5.08,SPY190329P00249000,249.0,0,0.0,0.0,,0.0,normalDay
2018-11-13,0.0,-14.0,0.0,0,272.06,0.0,1,5.16,5.3,SPY190329P00249000,249.0,0,0.0,0.0,,0.0,normalDay
2018-11-14,0.0,-77.0,0.0,0,270.2,0.0,1,5.16,5.93,SPY190329P00249000,249.0,0,0.0,0.0,,0.0,normalDay
2018-11-15,0.0,4.0,0.0,0,273.02,0.0,1,5.16,5.12,SPY190329P00249000,249.0,0,0.0,0.0,,0.0,normalDay
2018-11-16,0.0,52.0,0.0,0,273.73,0.0,1,5.16,4.64,SPY190329P00249000,249.0,0,0.0,0.0,,0.0,normalDay
2018-11-19,0.0,-59.0,0.0,0,269.1,0.0,1,5.16,5.75,SPY190329P00249000,249.0,0,0.0,0.0,,0.0,normalDay
2018-11-20,0.0,-224.0,0.0,0,264.12,0.0,1,5.16,7.4,SPY190329P00249000,249.0,0,0.0,0.0,,0.0,normalDay
2018-11-21,0.0,-162.0,0.0,0,265.02,0.0,1,5.16,6.78,SPY190329P00249000,249.0,0,0.0,0.0,,0.0,normalDay
2018-11-23,0.0,-212.0,0.0,0,263.25,0.0,1,5.16,7.28,SPY190329P00249000,249.0,0,0.0,0.0,,0.0,normalDay
2018-11-26,0.0,-30.0,0.0,0,267.5,0.0,1,5.16,5.46,SPY190329P00249000,249.0,0,0.0,0.0,,0.0,normalDay
2018-11-27,0.0,-14.0,0.0,0,268.4,0.0,1,5.16,5.3,SPY190329P00249000,249.0,0,0.0,0.0,,0.0,normalDay
2018-11-28,0.0,107.0,0.0,0,274.58,0.0,1,5.16,4.09,SPY190329P00249000,249.0,0,0.0,0.0,,0.0,normalDay
2018-11-29,0.0,93.0,0.0,0,273.98,0.0,1,5.16,4.23,SPY190329P00249000,249.0,0,0.0,0.0,,0.0,normalDay
2018-11-30,0.0,137.0,0.0,0,275.65,0.0,1,5.16,3.79,SPY190329P00249000,249.0,0,0.0,0.0,,0.0,normalDay
2018-12-03,0.0,215.0,0.0,0,279.3,0.0,1,5.16,3.01,SPY190329P00249000,249.0,0,0.0,0.0,,0.0,normalDay
2018-12-04,0.0,9.0,0.0,0,270.25,0.0,1,5.16,5.07,SPY190329P00249000,249.0,0,0.0,0.0,,0.0,normalDay
2018-12-06,0.0,2.0,0.0,0,269.84,0.0,1,5.16,5.14,SPY190329P00249000,249.0,0,0.0,0.0,,0.0,normalDay
2018-12-07,0.0,-184.0,0.0,0,263.57,0.0,1,5.16,7.0,SPY190329P00249000,249.0,0,0.0,0.0,,0.0,normalDay
2018-12-10,0.0,-129.0,0.0,0,264.07,0.0,1,5.16,6.45,SPY190329P00249000,249.0,0,0.0,0.0,,0.0,normalDay
2018-12-11,0.0,-121.0,0.0,0,264.13,0.0,1,5.16,6.37,SPY190329P00249000,249.0,0,0.0,0.0,,0.0,normalDay
2018-12-12,0.0,-92.0,0.0,0,265.46,0.0,1,5.16,6.08,SPY190329P00249000,249.0,0,0.0,0.0,,0.0,normalDay
2018-12-13,0.0,-74.0,0.0,0,265.37,0.0,1,5.16,5.9,SPY190329P00249000,249.0,0,0.0,0.0,,0.0,normalDay
2018-12-14,0.0,-207.0,0.0,0,260.47,0.0,1,5.16,7.23,SPY190329P00249000,249.0,0,0.0,0.0,,0.0,normalDay
2018-12-17,0.0,-391.0,0.0,0,255.36,0.0,1,5.16,9.07,SPY190329P00249000,249.0,0,0.0,0.0,,0.0,normalDay
2018-12-18,0.0,-437.0,0.0,0,255.08,0.0,1,5.16,9.53,SPY190329P00249000,249.0,0,0.0,0.0,,0.0,normalDay
2018-12-19,0.0,-527.0,0.0,0,251.26,0.0,1,5.16,10.43,SPY190329P00249000,249.0,0,0.0,0.0,,0.0,normalDay
2018-12-20,0.0,-726.0,0.0,0,247.17,0.0,1,5.16,12.42,SPY190329P00249000,249.0,0,0.0,0.0,,0.0,normalDay
2018-12-21,0.0,-1060.0,0.0,0,240.7,0.0,1,5.16,15.76,SPY190329P00249000,249.0,0,0.0,0.0,,0.0,normalDay
2018-12-24,0.0,-1634.0,0.0,0,234.34,0.0,1,5.16,21.5,SPY190329P00249000,249.0,0,0.0,0.0,,0.0,normalDay
2018-12-26,0.0,-709.0,0.0,0,246.18,0.0,1,5.16,12.25,SPY190329P00249000,249.0,0,0.0,0.0,,0.0,normalDay
2018-12-27,0.0,-648.0,0.0,0,248.07,0.0,1,5.16,11.64,SPY190329P00249000,249.0,0,0.0,0.0,,0.0,normalDay
2018-12-28,0.0,-657.0,0.0,0,247.75,0.0,1,5.16,11.73,SPY190329P00249000,249.0,0,0.0,0.0,,0.0,normalDay
2018-12-31,0.0,-483.0,0.0,0,249.92,0.0,1,5.16,9.99,SPY190329P00249000,249.0,0,0.0,0.0,,0.0,normalDay
2019-01-02,0.0,-411.0,0.0,0,250.18,0.0,1,5.16,9.27,SPY190329P00249000,249.0,0,0.0,0.0,,0.0,normalDay
2019-01-03,0.0,-745.0,0.0,0,244.21,0.0,1,5.16,12.61,SPY190329P00249000,249.0,0,0.0,0.0,,0.0,normalDay
2019-01-04,0.0,-303.0,0.0,0,252.39,0.0,1,5.16,8.19,SPY190329P00249000,249.0,0,0.0,0.0,,0.0,normalDay
2019-01-07,0.0,-220.0,0.0,0,254.38,0.0,1,5.16,7.36,SPY190329P00249000,249.0,0,0.0,0.0,,0.0,normalDay
2019-01-08,0.0,-121.0,0.0,0,256.77,0.0,1,5.16,6.37,SPY190329P00249000,249.0,0,0.0,0.0,,0.0,normalDay
2019-01-09,0.0,-65.0,0.0,0,257.97,0.0,1,5.16,5.81,SPY190329P00249000,249.0,0,0.0,0.0,,0.0,normalDay
2019-01-10,0.0,-24.0,0.0,0,258.88,0.0,1,5.16,5.4,SPY190329P00249000,249.0,0,0.0,0.0,,0.0,normalDay
2019-01-11,0.0,13.0,0.0,0,258.98,0.0,1,5.16,5.03,SPY190329P00249000,249.0,0,0.0,0.0,,0.0,normalDay
2019-01-14,0.0,-10.0,0.0,0,257.4,0.0,1,5.16,5.26,SPY190329P00249000,249.0,0,0.0,0.0,,0.0,normalDay
2019-01-15,0.0,91.0,0.0,0,260.35,0.0,1,5.16,4.25,SPY190329P00249000,249.0,0,0.0,0.0,,0.0,normalDay
2019-01-16,0.0,109.0,0.0,0,260.98,0.0,1,5.16,4.07,SPY190329P00249000,249.0,0,0.0,0.0,,0.0,normalDay
2019-01-17,0.0,160.0,0.0,0,262.96,0.0,1,5.16,3.56,SPY190329P00249000,249.0,0,0.0,0.0,,0.0,normalDay
2019-01-18,0.0,227.0,0.0,0,266.46,0.0,1,5.16,2.89,SPY190329P00249000,249.0,0,0.0,0.0,,0.0,normalDay
2019-01-22,0.0,129.0,0.0,0,262.86,0.0,1,5.16,3.87,SPY190329P00249000,249.0,0,0.0,0.0,,0.0,normalDay
2019-01-23,0.0,145.0,0.0,0,263.41,0.0,1,5.16,3.71,SPY190329P00249000,249.0,0,0.0,0.0,,0.0,normalDay
2019-01-24,0.0,170.0,0.0,0,263.55,0.0,1,5.16,3.46,SPY190329P00249000,249.0,0,0.0,0.0,,0.0,normalDay
2019-01-25,0.0,245.0,0.0,0,265.78,0.0,1,5.16,2.71,SPY190329P00249000,249.0,0,0.0,0.0,,0.0,normalDay
2019-01-28,0.0,199.0,0.0,0,263.76,0.0,1,5.16,3.17,SPY190329P00249000,249.0,0,0.0,0.0,,0.0,normalDay
2019-01-29,0.0,192.0,0.0,0,263.41,0.0,1,5.16,3.24,SPY190329P00249000,249.0,0,0.0,0.0,,0.0,normalDay
2019-01-30,0.0,294.0,0.0,0,267.58,0.0,1,5.16,2.22,SPY190329P00249000,249.0,0,0.0,0.0,,0.0,normalDay
2019-01-31,0.0,354.0,0.0,0,269.93,0.0,1,5.16,1.62,SPY190329P00249000,249.0,0,0.0,0.0,,0.0,normalDay
2019-02-01,0.0,363.0,0.0,0,270.06,0.0,1,5.16,1.53,SPY190329P00249000,249.0,0,0.0,0.0,,0.0,normalDay
2019-02-04,0.0,396.0,0.0,0,271.96,0.0,1,5.16,1.2,SPY190329P00249000,249.0,0,0.0,0.0,,0.0,normalDay
2019-02-05,0.0,403.0,0.0,0,273.1,0.0,1,5.16,1.13,SPY190329P00249000,249.0,0,0.0,0.0,,0.0,normalDay
2019-02-06,0.0,405.0,0.0,0,272.74,0.0,1,5.16,1.11,SPY190329P00249000,249.0,0,0.0,0.0,,0.0,normalDay
2019-02-07,0.0,376.0,0.0,0,270.14,0.0,1,5.16,1.4,SPY190329P00249000,249.0,0,0.0,0.0,,0.0,normalDay
2019-02-08,0.0,389.0,0.0,0,270.47,0.0,1,5.16,1.27,SPY190329P00249000,249.0,0,0.0,0.0,,0.0,normalDay
2019-02-11,0.0,401.0,0.0,0,270.62,0.0,1,5.16,1.15,SPY190329P00249000,249.0,0,0.0,0.0,,0.0,normalDay
2019-02-12,0.0,434.0,0.0,0,274.1,0.0,1,5.16,0.82,SPY190329P00249000,249.0,0,0.0,0.0,,0.0,normalDay
2019-02-13,0.0,437.0,0.0,0,274.99,0.0,1,5.16,0.79,SPY190329P00249000,249.0,0,0.0,0.0,,0.0,normalDay
2019-02-14,0.0,429.0,0.0,0,274.38,0.0,1,5.16,0.87,SPY190329P00249000,249.0,0,0.0,0.0,,0.0,normalDay
2019-02-15,0.0,456.0,0.0,0,277.37,0.0,1,5.16,0.6,SPY190329P00249000,249.0,0,0.0,0.0,,0.0,normalDay
2019-02-19,0.0,465.0,0.0,0,277.85,0.0,1,5.16,0.51,SPY190329P00249000,249.0,0,0.0,0.0,,0.0,normalDay
2019-02-20,0.0,476.0,0.0,0,278.41,0.0,1,5.16,0.4,SPY190329P00249000,249.0,0,0.0,0.0,,0.0,normalDay
2019-02-21,0.0,474.0,0.0,0,277.42,0.0,1,5.16,0.42,SPY190329P00249000,249.0,0,0.0,0.0,,0.0,normalDay
2019-02-22,0.0,484.0,0.0,0,279.14,0.0,1,5.16,0.32,SPY190329P00249000,249.0,0,0.0,0.0,,0.0,normalDay
2019-02-25,0.0,479.0,0.0,0,279.52,0.0,1,5.16,0.37,SPY190329P00249000,249.0,0,0.0,0.0,,0.0,normalDay
2019-02-26,0.0,478.0,0.0,0,279.32,0.0,1,5.16,0.38,SPY190329P00249000,249.0,0,0.0,0.0,,0.0,normalDay
2019-02-27,0.0,481.0,0.0,0,279.2,0.0,1,5.16,0.35,SPY190329P00249000,249.0,0,0.0,0.0,,0.0,normalDay
2019-02-28,0.0,479.0,0.0,0,278.68,0.0,1,5.16,0.37,SPY190329P00249000,249.0,0,0.0,0.0,,0.0,normalDay
2019-03-01,0.0,491.0,0.0,0,280.42,0.0,1,5.16,0.25,SPY190329P00249000,249.0,0,0.0,0.0,,0.0,normalDay
2019-03-04,0.0,488.0,0.0,0,279.4,0.0,1,5.16,0.28,SPY190329P00249000,249.0,0,0.0,0.0,,0.0,normalDay
2019-03-05,0.0,488.0,0.0,0,279.02,0.0,1,5.16,0.28,SPY190329P00249000,249.0,0,0.0,0.0,,0.0,normalDay
2019-03-06,0.0,484.0,0.0,0,277.33,0.0,1,5.16,0.32,SPY190329P00249000,249.0,0,0.0,0.0,,0.0,normalDay
2019-03-07,0.0,479.0,0.0,0,275.01,0.0,1,5.16,0.37,SPY190329P00249000,249.0,0,0.0,0.0,,0.0,normalDay
2019-03-08,0.0,487.0,0.0,0,274.46,0.0,1,5.16,0.29,SPY190329P00249000,249.0,0,0.0,0.0,,0.0,normalDay
2019-03-11,0.0,504.0,0.0,0,278.44,0.0,1,5.16,0.12,SPY190329P00249000,249.0,0,0.0,0.0,,0.0,normalDay
2019-03-12,0.0,507.0,0.0,0,279.49,0.0,1,5.16,0.09,SPY190329P00249000,249.0,0,0.0,0.0,,0.0,normalDay
2019-03-13,0.0,509.0,0.0,0,281.34,0.0,1,5.16,0.07,SPY190329P00249000,249.0,0,0.0,0.0,,0.0,normalDay
2019-03-14,0.0,509.0,0.0,0,281.16,0.0,1,5.16,0.07,SPY190329P00249000,249.0,0,0.0,0.0,,0.0,normalDay
2019-03-15,0.0,512.0,0.0,0,281.31,0.0,1,5.16,0.04,SPY190329P00249000,249.0,0,0.0,0.0,,0.0,normalDay
2019-03-18,0.0,513.0,0.0,0,282.33,0.0,1,5.16,0.03,SPY190329P00249000,249.0,0,0.0,0.0,,0.0,normalDay
2019-03-19,0.0,513.0,0.0,0,282.4,0.0,1,5.16,0.03,SPY190329P00249000,249.0,0,0.0,0.0,,0.0,normalDay
2019-03-20,0.0,513.0,0.0,0,281.55,0.0,1,5.16,0.03,SPY190329P00249000,249.0,0,0.0,0.0,,0.0,normalDay
2019-03-21,0.0,514.0,0.0,0,284.73,0.0,1,5.16,0.02,SPY190329P00249000,249.0,0,0.0,0.0,,0.0,normalDay
2019-03-22,0.0,512.0,0.0,0,279.25,0.0,1,5.16,0.04,SPY190329P00249000,249.0,0,0.0,0.0,,0.0,normalDay
2019-03-25,0.0,514.0,0.0,0,279.04,0.0,1,5.16,0.02,SPY190329P00249000,249.0,0,0.0,0.0,,0.0,normalDay
2019-03-26,0.0,515.0,0.0,0,281.12,0.0,1,5.16,0.01,SPY190329P00249000,249.0,0,0.0,0.0,,0.0,normalDay
2019-03-27,0.0,515.0,0.0,0,279.65,0.0,1,5.16,0.01,SPY190329P00249000,249.0,0,0.0,0.0,,0.0,normalDay
2019-03-28,0.0,515.0,0.0,0,280.71,0.0,1,5.16,0.01,SPY190329P00249000,249.0,0,0.0,0.0,,0.0,normalDay
2019-03-29,516.0,0.0,516.0,0,282.48,0.0,1,5.16,0.0,SPY190329P00249000,249.0,0,0.0,0.0,,0.0,expirationDay
2019-04-01,516.0,-5.0,0.0,0,285.83,0.0,1,6.28,6.33,SPY190930P00270000,270.0,0,0.0,0.0,,0.0,normalDay
2019-04-02,516.0,1.0,0.0,0,285.97,0.0,1,6.28,6.27,SPY190930P00270000,270.0,0,0.0,0.0,,0.0,normalDay
2019-04-03,516.0,21.0,0.0,0,286.42,0.0,1,6.28,6.07,SPY190930P00270000,270.0,0,0.0,0.0,,0.0,normalDay
2019-04-04,516.0,38.0,0.0,0,287.18,0.0,1,6.28,5.9,SPY190930P00270000,270.0,0,0.0,0.0,,0.0,normalDay
2019-04-05,516.0,84.0,0.0,0,288.57,0.0,1,6.28,5.44,SPY190930P00270000,270.0,0,0.0,0.0,,0.0,normalDay
2019-04-08,516.0,91.0,0.0,0,288.79,0.0,1,6.28,5.37,SPY190930P00270000,270.0,0,0.0,0.0,,0.0,normalDay
2019-04-09,516.0,33.0,0.0,0,287.31,0.0,1,6.28,5.95,SPY190930P00270000,270.0,0,0.0,0.0,,0.0,normalDay
2019-04-10,516.0,82.0,0.0,0,288.29,0.0,1,6.28,5.46,SPY190930P00270000,270.0,0,0.0,0.0,,0.0,normalDay
2019-04-11,516.0,81.0,0.0,0,288.21,0.0,1,6.28,5.47,SPY190930P00270000,270.0,0,0.0,0.0,,0.0,normalDay
2019-04-12,516.0,145.0,0.0,0,290.16,0.0,1,6.28,4.83,SPY190930P00270000,270.0,0,0.0,0.0,,0.0,normalDay
2019-04-15,516.0,147.0,0.0,0,289.97,0.0,1,6.28,4.81,SPY190930P00270000,270.0,0,0.0,0.0,,0.0,normalDay
2019-04-16,516.0,153.0,0.0,0,290.16,0.0,1,6.28,4.75,SPY190930P00270000,270.0,0,0.0,0.0,,0.0,normalDay
2019-04-17,516.0,134.0,0.0,0,289.45,0.0,1,6.28,4.94,SPY190930P00270000,270.0,0,0.0,0.0,,0.0,normalDay
2019-04-18,516.0,151.0,0.0,0,290.02,0.0,1,6.28,4.77,SPY190930P00270000,270.0,0,0.0,0.0,,0.0,normalDay
2019-04-22,516.0,165.0,0.0,0,290.27,0.0,1,6.28,4.63,SPY190930P00270000,270.0,0,0.0,0.0,,0.0,normalDay
2019-04-23,516.0,213.0,0.0,0,292.88,0.0,1,6.28,4.15,SPY190930P00270000,270.0,0,0.0,0.0,,0.0,normalDay
2019-04-24,516.0,194.0,0.0,0,292.23,0.0,1,6.28,4.34,SPY190930P00270000,270.0,0,0.0,0.0,,0.0,normalDay
2019-04-25,516.0,184.0,0.0,0,292.05,0.0,1,6.28,4.44,SPY190930P00270000,270.0,0,0.0,0.0,,0.0,normalDay
2019-04-26,516.0,215.0,0.0,0,293.41,0.0,1,6.28,4.13,SPY190930P00270000,270.0,0,0.0,0.0,,0.0,normalDay
2019-04-29,516.0,220.0,0.0,0,293.87,0.0,1,6.28,4.08,SPY190930P00270000,270.0,0,0.0,0.0,,0.0,normalDay
2019-04-30,516.0,227.0,0.0,0,294.02,0.0,1,6.28,4.01,SPY190930P00270000,270.0,0,0.0,0.0,,0.0,normalDay
2019-05-01,516.0,165.0,0.0,0,291.81,0.0,1,6.28,4.63,SPY190930P00270000,270.0,0,0.0,0.0,,0.0,normalDay
2019-05-02,516.0,157.0,0.0,0,291.18,0.0,1,6.28,4.71,SPY190930P00270000,270.0,0,0.0,0.0,,0.0,normalDay
2019-05-03,516.0,231.0,0.0,0,294.03,0.0,1,6.28,3.97,SPY190930P00270000,270.0,0,0.0,0.0,,0.0,normalDay
2019-05-06,516.0,184.0,0.0,0,292.82,0.0,1,6.28,4.44,SPY190930P00270000,270.0,0,0.0,0.0,,0.0,normalDay
2019-05-07,516.0,9.0,0.0,0,287.93,0.0,1,6.28,6.19,SPY190930P00270000,270.0,0,0.0,0.0,,0.0,normalDay
2019-05-08,516.0,20.0,0.0,0,287.53,0.0,1,6.28,6.08,SPY190930P00270000,270.0,0,0.0,0.0,,0.0,normalDay
2019-05-09,516.0,18.0,0.0,0,286.66,0.0,1,6.28,6.1,SPY190930P00270000,270.0,0,0.0,0.0,,0.0,normalDay
2019-05-10,516.0,91.0,0.0,0,288.1,0.0,1,6.28,5.37,SPY190930P00270000,270.0,0,0.0,0.0,,0.0,normalDay
2019-05-13,516.0,-164.0,0.0,0,280.86,0.0,1,6.28,7.92,SPY190930P00270000,270.0,0,0.0,0.0,,0.0,normalDay
2019-05-14,516.0,-41.0,0.0,0,283.4,0.0,1,6.28,6.69,SPY190930P00270000,270.0,0,0.0,0.0,,0.0,normalDay
2019-05-15,516.0,36.0,0.0,0,285.06,0.0,1,6.28,5.92,SPY190930P00270000,270.0,0,0.0,0.0,,0.0,normalDay
2019-05-16,516.0,122.0,0.0,0,287.7,0.0,1,6.28,5.06,SPY190930P00270000,270.0,0,0.0,0.0,,0.0,normalDay
2019-05-17,516.0,72.0,0.0,0,285.84,0.0,1,6.28,5.56,SPY190930P00270000,270.0,0,0.0,0.0,,0.0,normalDay
2019-05-20,516.0,35.0,0.0,0,283.95,0.0,1,6.28,5.93,SPY190930P00270000,270.0,0,0.0,0.0,,0.0,normalDay
2019-05-21,516.0,123.0,0.0,0,286.51,0.0,1,6.28,5.05,SPY190930P00270000,270.0,0,0.0,0.0,,0.0,normalDay
2019-05-22,516.0,109.0,0.0,0,285.63,0.0,1,6.28,5.19,SPY190930P00270000,270.0,0,0.0,0.0,,0.0,normalDay
2019-05-23,516.0,-25.0,0.0,0,282.14,0.0,1,6.28,6.53,SPY190930P00270000,270.0,0,0.0,0.0,,0.0,normalDay
2019-05-24,516.0,16.0,0.0,0,282.78,0.0,1,6.28,6.12,SPY190930P00270000,270.0,0,0.0,0.0,,0.0,normalDay
2019-05-28,516.0,-61.0,0.0,0,280.15,0.0,1,6.28,6.89,SPY190930P00270000,270.0,0,0.0,0.0,,0.0,normalDay
2019-05-29,516.0,-133.0,0.0,0,278.27,0.0,1,6.28,7.61,SPY190930P00270000,270.0,0,0.0,0.0,,0.0,normalDay
2019-05-30,516.0,-100.0,0.0,0,279.03,0.0,1,6.28,7.28,SPY190930P00270000,270.0,0,0.0,0.0,,0.0,normalDay
2019-05-31,516.0,-255.0,0.0,0,275.27,0.0,1,6.28,8.83,SPY190930P00270000,270.0,0,0.0,0.0,,0.0,normalDay
2019-06-03,516.0,-254.0,0.0,0,274.57,0.0,1,6.28,8.82,SPY190930P00270000,270.0,0,0.0,0.0,,0.0,normalDay
2019-06-04,516.0,-28.0,0.0,0,280.53,0.0,1,6.28,6.56,SPY190930P00270000,270.0,0,0.0,0.0,,0.0,normalDay
2019-06-05,516.0,54.0,0.0,0,282.96,0.0,1,6.28,5.74,SPY190930P00270000,270.0,0,0.0,0.0,,0.0,normalDay
2019-06-06,516.0,105.0,0.0,0,284.8,0.0,1,6.28,5.23,SPY190930P00270000,270.0,0,0.0,0.0,,0.0,normalDay
2019-06-07,516.0,154.0,0.0,0,287.65,0.0,1,6.28,4.74,SPY190930P00270000,270.0,0,0.0,0.0,,0.0,normalDay
2019-06-10,516.0,198.0,0.0,0,288.97,0.0,1,6.28,4.3,SPY190930P00270000,270.0,0,0.0,0.0,,0.0,normalDay
2019-06-11,516.0,188.0,0.0,0,288.9,0.0,1,6.28,4.4,SPY190930P00270000,270.0,0,0.0,0.0,,0.0,normalDay
2019-06-12,516.0,186.0,0.0,0,288.39,0.0,1,6.28,4.42,SPY190930P00270000,270.0,0,0.0,0.0,,0.0,normalDay
2019-06-13,516.0,216.0,0.0,0,289.58,0.0,1,6.28,4.12,SPY190930P00270000,270.0,0,0.0,0.0,,0.0,normalDay
2019-06-14,516.0,225.0,0.0,0,289.26,0.0,1,6.28,4.03,SPY190930P00270000,270.0,0,0.0,0.0,,0.0,normalDay
2019-06-17,516.0,234.0,0.0,0,289.37,0.0,1,6.28,3.94,SPY190930P00270000,270.0,0,0.0,0.0,,0.0,normalDay
2019-06-18,516.0,284.0,0.0,0,292.4,0.0,1,6.28,3.44,SPY190930P00270000,270.0,0,0.0,0.0,,0.0,normalDay
2019-06-19,516.0,315.0,0.0,0,293.06,0.0,1,6.28,3.13,SPY190930P00270000,270.0,0,0.0,0.0,,0.0,normalDay
2019-06-20,516.0,349.0,0.0,0,295.86,0.0,1,6.28,2.79,SPY190930P00270000,270.0,0,0.0,0.0,,0.0,normalDay
2019-06-21,516.0,334.0,0.0,0,294.0,0.0,1,6.28,2.94,SPY190930P00270000,270.0,0,0.0,0.0,,0.0,normalDay
2019-06-24,516.0,340.0,0.0,0,293.64,0.0,1,6.28,2.88,SPY190930P00270000,270.0,0,0.0,0.0,,0.0,normalDay
2019-06-25,516.0,286.0,0.0,0,290.76,0.0,1,6.28,3.42,SPY190930P00270000,270.0,0,0.0,0.0,,0.0,normalDay
2019-06-26,516.0,283.0,0.0,0,290.47,0.0,1,6.28,3.45,SPY190930P00270000,270.0,0,0.0,0.0,,0.0,normalDay
2019-06-27,516.0,316.0,0.0,0,291.5,0.0,1,6.28,3.12,SPY190930P00270000,270.0,0,0.0,0.0,,0.0,normalDay
2019-06-28,516.0,360.0,0.0,0,293.0,0.0,1,6.28,2.68,SPY190930P00270000,270.0,0,0.0,0.0,,0.0,normalDay
2019-07-01,516.0,413.0,0.0,0,295.66,0.0,1,6.28,2.15,SPY190930P00270000,270.0,0,0.0,0.0,,0.0,normalDay
2019-07-02,516.0,441.0,0.0,0,296.43,0.0,1,6.28,1.87,SPY190930P00270000,270.0,0,0.0,0.0,,0.0,normalDay
2019-07-03,516.0,468.0,0.0,0,298.8,0.0,1,6.28,1.6,SPY190930P00270000,270.0,0,0.0,0.0,,0.0,normalDay
2019-07-05,516.0,460.0,0.0,0,298.46,0.0,1,6.28,1.68,SPY190930P00270000,270.0,0,0.0,0.0,,0.0,normalDay
2019-07-08,516.0,446.0,0.0,0,296.82,0.0,1,6.28,1.82,SPY190930P00270000,270.0,0,0.0,0.0,,0.0,normalDay
2019-07-09,516.0,445.0,0.0,0,297.19,0.0,1,6.28,1.83,SPY190930P00270000,270.0,0,0.0,0.0,,0.0,normalDay
2019-07-10,516.0,470.0,0.0,0,298.61,0.0,1,6.28,1.58,SPY190930P00270000,270.0,0,0.0,0.0,,0.0,normalDay
2019-07-11,516.0,480.0,0.0,0,299.31,0.0,1,6.28,1.48,SPY190930P00270000,270.0,0,0.0,0.0,,0.0,normalDay
2019-07-12,516.0,496.0,0.0,0,300.65,0.0,1,6.28,1.32,SPY190930P00270000,270.0,0,0.0,0.0,,0.0,normalDay
2019-07-15,516.0,497.0,0.0,0,300.75,0.0,1,6.28,1.31,SPY190930P00270000,270.0,0,0.0,0.0,,0.0,normalDay
2019-07-16,516.0,490.0,0.0,0,299.78,0.0,1,6.28,1.38,SPY190930P00270000,270.0,0,0.0,0.0,,0.0,normalDay
2019-07-17,516.0,466.0,0.0,0,297.74,0.0,1,6.28,1.62,SPY190930P00270000,270.0,0,0.0,0.0,,0.0,normalDay
2019-07-18,516.0,483.0,0.0,0,298.83,0.0,1,6.28,1.45,SPY190930P00270000,270.0,0,0.0,0.0,,0.0,normalDay
2019-07-19,516.0,467.0,0.0,0,297.17,0.0,1,6.28,1.61,SPY190930P00270000,270.0,0,0.0,0.0,,0.0,normalDay
2019-07-22,516.0,491.0,0.0,0,297.9,0.0,1,6.28,1.37,SPY190930P00270000,270.0,0,0.0,0.0,,0.0,normalDay
2019-07-23,516.0,517.0,0.0,0,300.03,0.0,1,6.28,1.11,SPY190930P00270000,270.0,0,0.0,0.0,,0.0,normalDay
2019-07-24,516.0,533.0,0.0,0,301.44,0.0,1,6.28,0.95,SPY190930P00270000,270.0,0,0.0,0.0,,0.0,normalDay
2019-07-25,516.0,519.0,0.0,0,300.0,0.0,1,6.28,1.09,SPY190930P00270000,270.0,0,0.0,0.0,,0.0,normalDay
2019-07-26,516.0,537.0,0.0,0,302.01,0.0,1,6.28,0.91,SPY190930P00270000,270.0,0,0.0,0.0,,0.0,normalDay
2019-07-29,516.0,536.0,0.0,0,301.46,0.0,1,6.28,0.92,SPY190930P00270000,270.0,0,0.0,0.0,,0.0,normalDay
2019-07-30,516.0,521.0,0.0,0,300.72,0.0,1,6.28,1.07,SPY190930P00270000,270.0,0,0.0,0.0,,0.0,normalDay
2019-07-31,516.0,478.0,0.0,0,297.43,0.0,1,6.28,1.5,SPY190930P00270000,270.0,0,0.0,0.0,,0.0,normalDay
2019-08-01,516.0,428.0,0.0,0,294.84,0.0,1,6.28,2.0,SPY190930P00270000,270.0,0,0.0,0.0,,0.0,normalDay
2019-08-02,516.0,401.0,0.0,0,292.62,0.0,1,6.28,2.27,SPY190930P00270000,270.0,0,0.0,0.0,,0.0,normalDay
2019-08-05,516.0,118.0,0.0,0,283.82,0.0,1,6.28,5.1,SPY190930P00270000,270.0,0,0.0,0.0,,0.0,normalDay
2019-08-06,516.0,296.0,0.0,0,287.8,0.0,1,6.28,3.32,SPY190930P00270000,270.0,0,0.0,0.0,,0.0,normalDay
2019-08-07,516.0,307.0,0.0,0,287.97,0.0,1,6.28,3.21,SPY190930P00270000,270.0,0,0.0,0.0,,0.0,normalDay
2019-08-08,516.0,434.0,0.0,0,293.62,0.0,1,6.28,1.94,SPY190930P00270000,270.0,0,0.0,0.0,,0.0,normalDay
2019-08-09,516.0,400.0,0.0,0,291.62,0.0,1,6.28,2.28,SPY190930P00270000,270.0,0,0.0,0.0,,0.0,normalDay
2019-08-12,516.0,297.0,0.0,0,288.07,0.0,1,6.28,3.31,SPY190930P00270000,270.0,0,0.0,0.0,,0.0,normalDay
2019-08-13,516.0,427.0,0.0,0,292.55,0.0,1,6.28,2.01,SPY190930P00270000,270.0,0,0.0,0.0,,0.0,normalDay
2019-08-14,516.0,215.0,0.0,0,283.9,0.0,1,6.28,4.13,SPY190930P00270000,270.0,0,0.0,0.0,,0.0,normalDay
2019-08-15,516.0,256.0,0.0,0,284.65,0.0,1,6.28,3.72,SPY190930P00270000,270.0,0,0.0,0.0,,0.0,normalDay
2019-08-16,516.0,387.0,0.0,0,288.85,0.0,1,6.28,2.41,SPY190930P00270000,270.0,0,0.0,0.0,,0.0,normalDay
2019-08-19,516.0,478.0,0.0,0,292.33,0.0,1,6.28,1.5,SPY190930P00270000,270.0,0,0.0,0.0,,0.0,normalDay
2019-08-20,516.0,445.0,0.0,0,290.09,0.0,1,6.28,1.83,SPY190930P00270000,270.0,0,0.0,0.0,,0.0,normalDay
2019-08-21,516.0,510.0,0.0,0,292.45,0.0,1,6.28,1.18,SPY190930P00270000,270.0,0,0.0,0.0,,0.0,normalDay
2019-08-22,516.0,495.0,0.0,0,292.36,0.0,1,6.28,1.33,SPY190930P00270000,270.0,0,0.0,0.0,,0.0,normalDay
2019-08-23,516.0,364.0,0.0,0,284.85,0.0,1,6.28,2.64,SPY190930P00270000,270.0,0,0.0,0.0,,0.0,normalDay
2019-08-26,516.0,430.0,0.0,0,288.0,0.0,1,6.28,1.98,SPY190930P00270000,270.0,0,0.0,0.0,,0.0,normalDay
2019-08-27,516.0,396.0,0.0,0,286.87,0.0,1,6.28,2.32,SPY190930P00270000,270.0,0,0.0,0.0,,0.0,normalDay
2019-08-28,516.0,449.0,0.0,0,288.89,0.0,1,6.28,1.79,SPY190930P00270000,270.0,0,0.0,0.0,,0.0,normalDay
2019-08-29,516.0,505.0,0.0,0,292.58,0.0,1,6.28,1.23,SPY190930P00270000,270.0,0,0.0,0.0,,0.0,normalDay
2019-08-30,516.0,496.0,0.0,0,292.45,0.0,1,6.28,1.32,SPY190930P00270000,270.0,0,0.0,0.0,,0.0,normalDay
2019-09-03,516.0,492.0,0.0,0,290.74,0.0,1,6.28,1.36,SPY190930P00270000,270.0,0,0.0,0.0,,0.0,normalDay
2019-09-04,516.0,556.0,0.0,0,294.04,0.0,1,6.28,0.72,SPY190930P00270000,270.0,0,0.0,0.0,,0.0,normalDay
2019-09-05,516.0,580.0,0.0,0,297.82,0.0,1,6.28,0.48,SPY190930P00270000,270.0,0,0.0,0.0,,0.0,normalDay
2019-09-06,516.0,596.0,0.0,0,298.05,0.0,1,6.28,0.32,SPY190930P00270000,270.0,0,0.0,0.0,,0.0,normalDay
2019-09-09,516.0,600.0,0.0,0,298.2,0.0,1,6.28,0.28,SPY190930P00270000,270.0,0,0.0,0.0,,0.0,normalDay
2019-09-10,516.0,603.0,0.0,0,298.13,0.0,1,6.28,0.25,SPY190930P00270000,270.0,0,0.0,0.0,,0.0,normalDay
2019-09-11,516.0,610.0,0.0,0,300.25,0.0,1,6.28,0.18,SPY190930P00270000,270.0,0,0.0,0.0,,0.0,normalDay
2019-09-12,516.0,613.0,0.0,0,301.29,0.0,1,6.28,0.15,SPY190930P00270000,270.0,0,0.0,0.0,,0.0,normalDay
2019-09-13,516.0,615.0,0.0,0,301.09,0.0,1,6.28,0.13,SPY190930P00270000,270.0,0,0.0,0.0,,0.0,normalDay
2019-09-16,516.0,616.0,0.0,0,300.16,0.0,1,6.28,0.12,SPY190930P00270000,270.0,0,0.0,0.0,,0.0,normalDay
2019-09-17,516.0,616.0,0.0,0,300.92,0.0,1,6.28,0.12,SPY190930P00270000,270.0,0,0.0,0.0,,0.0,normalDay
2019-09-18,516.0,619.0,0.0,0,301.1,0.0,1,6.28,0.09,SPY190930P00270000,270.0,0,0.0,0.0,,0.0,normalDay
2019-09-19,516.0,620.0,0.0,0,301.08,0.0,1,6.28,0.08,SPY190930P00270000,270.0,0,0.0,0.0,,0.0,normalDay
2019-09-20,516.0,621.0,0.0,0,298.28,0.0,1,6.28,0.07,SPY190930P00270000,270.0,0,0.0,0.0,,0.0,normalDay
2019-09-23,516.0,624.0,0.0,0,298.21,0.0,1,6.28,0.04,SPY190930P00270000,270.0,0,0.0,0.0,,0.0,normalDay
2019-09-24,516.0,621.0,0.0,0,295.87,0.0,1,6.28,0.07,SPY190930P00270000,270.0,0,0.0,0.0,,0.0,normalDay
2019-09-25,516.0,625.0,0.0,0,297.62,0.0,1,6.28,0.03,SPY190930P00270000,270.0,0,0.0,0.0,,0.0,normalDay
2019-09-26,516.0,626.0,0.0,0,297.0,0.0,1,6.28,0.02,SPY190930P00270000,270.0,0,0.0,0.0,,0.0,normalDay
2019-09-27,516.0,626.0,0.0,0,295.4,0.0,1,6.28,0.02,SPY190930P00270000,270.0,0,0.0,0.0,,0.0,normalDay
2019-09-30,1144.0,0.0,628.0,0,296.77,0.0,1,6.28,0.0,SPY190930P00270000,270.0,0,0.0,0.0,,0.0,expirationDay
2019-10-01,1144.0,-10.0,0.0,0,293.24,0.0,1,12.58,12.68,SPY200331P00289000,289.0,0,0.0,0.0,,0.0,normalDay
2019-10-02,1144.0,-291.0,0.0,0,288.06,0.0,1,12.58,15.49,SPY200331P00289000,289.0,0,0.0,0.0,,0.0,normalDay
2019-10-03,1144.0,-145.0,0.0,0,290.42,0.0,1,12.58,14.03,SPY200331P00289000,289.0,0,0.0,0.0,,0.0,normalDay
2019-10-04,1144.0,62.0,0.0,0,294.35,0.0,1,12.58,11.96,SPY200331P00289000,289.0,0,0.0,0.0,,0.0,normalDay
2019-10-07,1144.0,20.0,0.0,0,293.08,0.0,1,12.58,12.38,SPY200331P00289000,289.0,0,0.0,0.0,,0.0,normalDay
2019-10-08,1144.0,-209.0,0.0,0,288.53,0.0,1,12.58,14.67,SPY200331P00289000,289.0,0,0.0,0.0,,0.0,normalDay
2019-10-09,1144.0,-73.0,0.0,0,291.27,0.0,1,12.58,13.31,SPY200331P00289000,289.0,0,0.0,0.0,,0.0,normalDay
2019-10-10,1144.0,44.0,0.0,0,293.24,0.0,1,12.58,12.14,SPY200331P00289000,289.0,0,0.0,0.0,,0.0,normalDay
2019-10-11,1144.0,204.0,0.0,0,296.28,0.0,1,12.58,10.54,SPY200331P00289000,289.0,0,0.0,0.0,,0.0,normalDay
2019-10-14,1144.0,222.0,0.0,0,295.95,0.0,1,12.58,10.36,SPY200331P00289000,289.0,0,0.0,0.0,,0.0,normalDay
2019-10-15,1144.0,346.0,0.0,0,298.88,0.0,1,12.58,9.12,SPY200331P00289000,289.0,0,0.0,0.0,,0.0,normalDay
2019-10-16,1144.0,341.0,0.0,0,298.4,0.0,1,12.58,9.17,SPY200331P00289000,289.0,0,0.0,0.0,,0.0,normalDay
2019-10-17,1144.0,363.0,0.0,0,299.28,0.0,1,12.58,8.95,SPY200331P00289000,289.0,0,0.0,0.0,,0.0,normalDay
2019-10-18,1144.0,326.0,0.0,0,297.97,0.0,1,12.58,9.32,SPY200331P00289000,289.0,0,0.0,0.0,,0.0,normalDay
2019-10-21,1144.0,414.0,0.0,0,299.99,0.0,1,12.58,8.44,SPY200331P00289000,289.0,0,0.0,0.0,,0.0,normalDay
2019-10-22,1144.0,376.0,0.0,0,299.01,0.0,1,12.58,8.82,SPY200331P00289000,289.0,0,0.0,0.0,,0.0,normalDay
2019-10-23,1144.0,419.0,0.0,0,299.88,0.0,1,12.58,8.39,SPY200331P00289000,289.0,0,0.0,0.0,,0.0,normalDay
2019-10-24,1144.0,433.0,0.0,0,300.37,0.0,1,12.58,8.25,SPY200331P00289000,289.0,0,0.0,0.0,,0.0,normalDay
2019-10-25,1144.0,492.0,0.0,0,301.6,0.0,1,12.58,7.66,SPY200331P00289000,289.0,0,0.0,0.0,,0.0,normalDay
2019-10-28,1144.0,536.0,0.0,0,303.3,0.0,1,12.58,7.22,SPY200331P00289000,289.0,0,0.0,0.0,,0.0,normalDay
2019-10-29,1144.0,524.0,0.0,0,303.21,0.0,1,12.58,7.34,SPY200331P00289000,289.0,0,0.0,0.0,,0.0,normalDay
2019-10-30,1144.0,570.0,0.0,0,304.14,0.0,1,12.58,6.88,SPY200331P00289000,289.0,0,0.0,0.0,,0.0,normalDay
2019-10-31,1144.0,529.0,0.0,0,303.33,0.0,1,12.58,7.29,SPY200331P00289000,289.0,0,0.0,0.0,,0.0,normalDay
2019-11-01,1144.0,613.0,0.0,0,306.14,0.0,1,12.58,6.45,SPY200331P00289000,289.0,0,0.0,0.0,,0.0,normalDay
2019-11-04,1144.0,645.0,0.0,0,307.37,0.0,1,12.58,6.13,SPY200331P00289000,289.0,0,0.0,0.0,,0.0,normalDay
2019-11-05,1144.0,628.0,0.0,0,307.03,0.0,1,12.58,6.3,SPY200331P00289000,289.0,0,0.0,0.0,,0.0,normalDay
2019-11-06,1144.0,633.0,0.0,0,307.1,0.0,1,12.58,6.25,SPY200331P00289000,289.0,0,0.0,0.0,,0.0,normalDay
2019-11-07,1144.0,652.0,0.0,0,308.18,0.0,1,12.58,6.06,SPY200331P00289000,289.0,0,0.0,0.0,,0.0,normalDay
2019-11-08,1144.0,685.0,0.0,0,308.94,0.0,1,12.58,5.73,SPY200331P00289000,289.0,0,0.0,0.0,,0.0,normalDay
2019-11-11,1144.0,680.0,0.0,0,308.35,0.0,1,12.58,5.78,SPY200331P00289000,289.0,0,0.0,0.0,,0.0,normalDay
2019-11-12,1144.0,689.0,0.0,0,309.0,0.0,1,12.58,5.69,SPY200331P00289000,289.0,0,0.0,0.0,,0.0,normalDay
2019-11-13,1144.0,692.0,0.0,0,309.1,0.0,1,12.58,5.66,SPY200331P00289000,289.0,0,0.0,0.0,,0.0,normalDay
2019-11-14,1144.0,705.0,0.0,0,309.55,0.0,1,12.58,5.53,SPY200331P00289000,289.0,0,0.0,0.0,,0.0,normalDay
2019-11-15,1144.0,768.0,0.0,0,311.79,0.0,1,12.58,4.9,SPY200331P00289000,289.0,0,0.0,0.0,,0.0,normalDay
2019-11-18,1144.0,780.0,0.0,0,312.02,0.0,1,12.58,4.78,SPY200331P00289000,289.0,0,0.0,0.0,,0.0,normalDay
2019-11-19,1144.0,767.0,0.0,0,311.93,0.0,1,12.58,4.91,SPY200331P00289000,289.0,0,0.0,0.0,,0.0,normalDay
2019-11-20,1144.0,735.0,0.0,0,310.77,0.0,1,12.58,5.23,SPY200331P00289000,289.0,0,0.0,0.0,,0.0,normalDay
2019-11-21,1144.0,724.0,0.0,0,310.27,0.0,1,12.58,5.34,SPY200331P00289000,289.0,0,0.0,0.0,,0.0,normalDay
2019-11-22,1144.0,757.0,0.0,0,310.96,0.0,1,12.58,5.01,SPY200331P00289000,289.0,0,0.0,0.0,,0.0,normalDay
2019-11-25,1144.0,824.0,0.0,0,313.37,0.0,1,12.58,4.34,SPY200331P00289000,289.0,0,0.0,0.0,,0.0,normalDay
2019-11-26,1144.0,850.0,0.0,0,314.08,0.0,1,12.58,4.08,SPY200331P00289000,289.0,0,0.0,0.0,,0.0,normalDay
2019-11-27,1144.0,869.0,0.0,0,315.48,0.0,1,12.58,3.89,SPY200331P00289000,289.0,0,0.0,0.0,,0.0,normalDay
2019-11-29,1144.0,837.0,0.0,0,314.31,0.0,1,12.58,4.21,SPY200331P00289000,289.0,0,0.0,0.0,,0.0,normalDay
2019-12-02,1144.0,758.0,0.0,0,311.64,0.0,1,12.58,5.0,SPY200331P00289000,289.0,0,0.0,0.0,,0.0,normalDay
2019-12-03,1144.0,688.0,0.0,0,309.55,0.0,1,12.58,5.7,SPY200331P00289000,289.0,0,0.0,0.0,,0.0,normalDay
2019-12-04,1144.0,746.0,0.0,0,311.46,0.0,1,12.58,5.12,SPY200331P00289000,289.0,0,0.0,0.0,,0.0,normalDay
2019-12-05,1144.0,778.0,0.0,0,312.02,0.0,1,12.58,4.8,SPY200331P00289000,289.0,0,0.0,0.0,,0.0,normalDay
2019-12-06,1144.0,847.0,0.0,0,314.87,0.0,1,12.58,4.11,SPY200331P00289000,289.0,0,0.0,0.0,,0.0,normalDay
2019-12-09,1144.0,807.0,0.0,0,313.88,0.0,1,12.58,4.51,SPY200331P00289000,289.0,0,0.0,0.0,,0.0,normalDay
2019-12-10,1144.0,818.0,0.0,0,313.53,0.0,1,12.58,4.4,SPY200331P00289000,289.0,0,0.0,0.0,,0.0,normalDay
2019-12-11,1144.0,847.0,0.0,0,314.42,0.0,1,12.58,4.11,SPY200331P00289000,289.0,0,0.0,0.0,,0.0,normalDay
2019-12-12,1144.0,910.0,0.0,0,317.13,0.0,1,12.58,3.48,SPY200331P00289000,289.0,0,0.0,0.0,,0.0,normalDay
2019-12-13,1144.0,949.0,0.0,0,317.32,0.0,1,12.58,3.09,SPY200331P00289000,289.0,0,0.0,0.0,,0.0,normalDay
2019-12-16,1144.0,996.0,0.0,0,319.5,0.0,1,12.58,2.62,SPY200331P00289000,289.0,0,0.0,0.0,,0.0,normalDay
2019-12-17,1144.0,994.0,0.0,0,319.57,0.0,1,12.58,2.64,SPY200331P00289000,289.0,0,0.0,0.0,,0.0,normalDay
2019-12-18,1144.0,995.0,0.0,0,319.59,0.0,1,12.58,2.63,SPY200331P00289000,289.0,0,0.0,0.0,,0.0,normalDay
2019-12-19,1144.0,1015.0,0.0,0,320.9,0.0,1,12.58,2.43,SPY200331P00289000,289.0,0,0.0,0.0,,0.0,normalDay
2019-12-20,1144.0,1023.0,0.0,0,320.73,0.0,1,12.58,2.35,SPY200331P00289000,289.0,0,0.0,0.0,,0.0,normalDay
2019-12-23,1144.0,1024.0,0.0,0,321.22,0.0,1,12.58,2.34,SPY200331P00289000,289.0,0,0.0,0.0,,0.0,normalDay
2019-12-24,1144.0,1031.0,0.0,0,321.23,0.0,1,12.58,2.27,SPY200331P00289000,289.0,0,0.0,0.0,,0.0,normalDay
2019-12-26,1144.0,1053.0,0.0,0,322.94,0.0,1,12.58,2.05,SPY200331P00289000,289.0,0,0.0,0.0,,0.0,normalDay
2019-12-27,1144.0,1043.0,0.0,0,322.86,0.0,1,12.58,2.15,SPY200331P00289000,289.0,0,0.0,0.0,,0.0,normalDay
2019-12-30,1144.0,1019.0,0.0,0,321.08,0.0,1,12.58,2.39,SPY200331P00289000,289.0,0,0.0,0.0,,0.0,normalDay
2019-12-31,1144.0,1048.0,0.0,0,321.86,0.0,1,12.58,2.1,SPY200331P00289000,289.0,0,0.0,0.0,,0.0,normalDay
2020-01-02,1144.0,1090.0,0.0,0,324.87,0.0,1,12.58,1.68,SPY200331P00289000,289.0,0,0.0,0.0,,0.0,normalDay
2020-01-03,1144.0,1051.0,0.0,0,322.41,0.0,1,12.58,2.07,SPY200331P00289000,289.0,0,0.0,0.0,,0.0,normalDay
2020-01-06,1144.0,1076.0,0.0,0,323.64,0.0,1,12.58,1.82,SPY200331P00289000,289.0,0,0.0,0.0,,0.0,normalDay
2020-01-07,1144.0,1069.0,0.0,0,322.73,0.0,1,12.58,1.89,SPY200331P00289000,289.0,0,0.0,0.0,,0.0,normalDay
2020-01-08,1144.0,1094.0,0.0,0,324.45,0.0,1,12.58,1.64,SPY200331P00289000,289.0,0,0.0,0.0,,0.0,normalDay
2020-01-09,1144.0,1122.0,0.0,0,326.65,0.0,1,12.58,1.36,SPY200331P00289000,289.0,0,0.0,0.0,,0.0,normalDay
2020-01-10,1144.0,1118.0,0.0,0,325.71,0.0,1,12.58,1.4,SPY200331P00289000,289.0,0,0.0,0.0,,0.0,normalDay
2020-01-13,1144.0,1144.0,0.0,0,327.95,0.0,1,12.58,1.14,SPY200331P00289000,289.0,0,0.0,0.0,,0.0,normalDay
2020-01-14,1144.0,1146.0,0.0,0,327.45,0.0,1,12.58,1.12,SPY200331P00289000,289.0,0,0.0,0.0,,0.0,normalDay
2020-01-15,1144.0,1152.0,0.0,0,328.19,0.0,1,12.58,1.06,SPY200331P00289000,289.0,0,0.0,0.0,,0.0,normalDay
2020-01-16,1144.0,1166.0,0.0,0,330.92,0.0,1,12.58,0.92,SPY200331P00289000,289.0,0,0.0,0.0,,0.0,normalDay
2020-01-17,1144.0,1173.0,0.0,0,331.95,0.0,1,12.58,0.85,SPY200331P00289000,289.0,0,0.0,0.0,,0.0,normalDay
2020-01-21,1144.0,1172.0,0.0,0,331.3,0.0,1,12.58,0.86,SPY200331P00289000,289.0,0,0.0,0.0,,0.0,normalDay
2020-01-22,1144.0,1172.0,0.0,0,331.34,0.0,1,12.58,0.86,SPY200331P00289000,289.0,0,0.0,0.0,,0.0,normalDay
2020-01-23,1144.0,1174.0,0.0,0,331.72,0.0,1,12.58,0.84,SPY200331P00289000,289.0,0,0.0,0.0,,0.0,normalDay
2020-01-24,1144.0,1148.0,0.0,0,328.77,0.0,1,12.58,1.1,SPY200331P00289000,289.0,0,0.0,0.0,,0.0,normalDay
2020-01-27,1144.0,1067.0,0.0,0,323.5,0.0,1,12.58,1.91,SPY200331P00289000,289.0,0,0.0,0.0,,0.0,normalDay
2020-01-28,1144.0,1125.0,0.0,0,326.89,0.0,1,12.58,1.33,SPY200331P00289000,289.0,0,0.0,0.0,,0.0,normalDay
2020-01-29,1144.0,1127.0,0.0,0,326.62,0.0,1,12.58,1.31,SPY200331P00289000,289.0,0,0.0,0.0,,0.0,normalDay
2020-01-30,1144.0,1150.0,0.0,0,327.68,0.0,1,12.58,1.08,SPY200331P00289000,289.0,0,0.0,0.0,,0.0,normalDay
2020-01-31,1144.0,1071.0,0.0,0,321.73,0.0,1,12.58,1.87,SPY200331P00289000,289.0,0,0.0,0.0,,0.0,normalDay
2020-02-03,1144.0,1104.0,0.0,0,324.12,0.0,1,12.58,1.54,SPY200331P00289000,289.0,0,0.0,0.0,,0.0,normalDay
2020-02-04,1144.0,1164.0,0.0,0,329.06,0.0,1,12.58,0.94,SPY200331P00289000,289.0,0,0.0,0.0,,0.0,normalDay
2020-02-05,1144.0,1187.0,0.0,0,332.86,0.0,1,12.58,0.71,SPY200331P00289000,289.0,0,0.0,0.0,,0.0,normalDay
2020-02-06,1144.0,1190.0,0.0,0,333.98,0.0,1,12.58,0.68,SPY200331P00289000,289.0,0,0.0,0.0,,0.0,normalDay
2020-02-07,1144.0,1184.0,0.0,0,332.2,0.0,1,12.58,0.74,SPY200331P00289000,289.0,0,0.0,0.0,,0.0,normalDay
2020-02-10,1144.0,1199.0,0.0,0,334.68,0.0,1,12.58,0.59,SPY200331P00289000,289.0,0,0.0,0.0,,0.0,normalDay
2020-02-11,1144.0,1200.0,0.0,0,335.26,0.0,1,12.58,0.58,SPY200331P00289000,289.0,0,0.0,0.0,,0.0,normalDay
2020-02-12,1144.0,1213.0,0.0,0,337.42,0.0,1,12.58,0.45,SPY200331P00289000,289.0,0,0.0,0.0,,0.0,normalDay
2020-02-13,1144.0,1212.0,0.0,0,337.06,0.0,1,12.58,0.46,SPY200331P00289000,289.0,0,0.0,0.0,,0.0,normalDay
2020-02-14,1144.0,1217.0,0.0,0,337.6,0.0,1,12.58,0.41,SPY200331P00289000,289.0,0,0.0,0.0,,0.0,normalDay
2020-02-18,1144.0,1215.0,0.0,0,336.73,0.0,1,12.58,0.43,SPY200331P00289000,289.0,0,0.0,0.0,,0.0,normalDay
2020-02-19,1144.0,1221.0,0.0,0,338.34,0.0,1,12.58,0.37,SPY200331P00289000,289.0,0,0.0,0.0,,0.0,normalDay
2020-02-20,1144.0,1214.0,0.0,0,336.95,0.0,1,12.58,0.44,SPY200331P00289000,289.0,0,0.0,0.0,,0.0,normalDay
2020-02-21,1144.0,1200.0,0.0,0,333.48,0.0,1,12.58,0.58,SPY200331P00289000,289.0,0,0.0,0.0,,0.0,normalDay
2020-02-24,1144.0,1062.0,0.0,0,322.42,0.0,1,12.58,1.96,SPY200331P00289000,289.0,0,0.0,0.0,,0.0,normalDay
2020-02-25,1144.0,942.0,0.0,0,312.65,0.0,1,12.58,3.16,SPY200331P00289000,289.0,0,0.0,0.0,,0.0,normalDay
2020-02-26,1144.0,940.0,0.0,0,311.5,0.0,1,12.58,3.18,SPY200331P00289000,289.0,0,0.0,0.0,,0.0,normalDay
2020-02-27,1144.0,317.0,0.0,0,297.51,0.0,1,12.58,9.41,SPY200331P00289000,289.0,0,0.0,0.0,,0.0,normalDay
2020-02-28,1144.0,228.0,0.0,0,296.26,0.0,1,12.58,10.3,SPY200331P00289000,289.0,0,0.0,0.0,,0.0,normalDay
2020-03-02,1144.0,805.0,0.0,0,309.09,0.0,1,12.58,4.53,SPY200331P00289000,289.0,0,0.0,0.0,,0.0,normalDay
2020-03-03,1144.0,536.0,0.0,0,300.24,0.0,1,12.58,7.22,SPY200331P00289000,289.0,0,0.0,0.0,,0.0,normalDay
2020-03-04,1144.0,878.0,0.0,0,312.86,0.0,1,12.58,3.8,SPY200331P00289000,289.0,0,0.0,0.0,,0.0,normalDay
2020-03-05,1144.0,494.0,0.0,0,302.46,0.0,1,12.58,7.64,SPY200331P00289000,289.0,0,0.0,0.0,,0.0,normalDay
2020-03-06,1144.0,318.0,0.0,0,297.46,0.0,1,12.58,9.4,SPY200331P00289000,289.0,0,0.0,0.0,,0.0,normalDay
2020-03-09,1144.0,-1003.0,0.0,0,274.23,0.0,1,12.58,22.61,SPY200331P00289000,289.0,0,0.0,0.0,,0.0,normalDay
2020-03-10,1144.0,-48.0,0.0,0,288.42,0.0,1,12.58,13.06,SPY200331P00289000,289.0,0,0.0,0.0,,0.0,normalDay
2020-03-11,1144.0,-935.0,0.0,0,274.36,0.0,1,12.58,21.93,SPY200331P00289000,289.0,0,0.0,0.0,,0.0,normalDay
2020-03-12,1144.0,-3131.0,0.0,0,248.11,0.0,1,12.58,43.89,SPY200331P00289000,289.0,0,0.0,0.0,,0.0,normalDay
2020-03-13,1144.0,-1208.0,0.0,0,269.32,0.0,1,12.58,24.66,SPY200331P00289000,289.0,0,0.0,0.0,,0.0,normalDay
2020-03-16,1144.0,-3533.0,0.0,0,239.85,0.0,1,12.58,47.91,SPY200331P00289000,289.0,0,0.0,0.0,,0.0,normalDay
2020-03-17,1144.0,-2721.0,0.0,0,252.8,0.0,1,12.58,39.79,SPY200331P00289000,289.0,0,0.0,0.0,,0.0,normalDay
2020-03-18,1144.0,-3908.0,0.0,0,240.0,0.0,1,12.58,51.66,SPY200331P00289000,289.0,0,0.0,0.0,,0.0,normalDay
2020-03-19,1144.0,-3866.0,0.0,0,240.51,0.0,1,12.58,51.24,SPY200331P00289000,289.0,0,0.0,0.0,,0.0,normalDay
2020-03-20,1144.0,-4789.0,0.0,0,228.8,0.0,1,12.58,60.47,SPY200331P00289000,289.0,0,0.0,0.0,,0.0,normalDay
2020-03-23,1144.0,-5587.0,0.0,0,222.95,0.0,1,12.58,68.45,SPY200331P00289000,289.0,0,0.0,0.0,,0.0,normalDay
2020-03-24,1144.0,-3459.0,0.0,0,243.15,0.0,1,12.58,47.17,SPY200331P00289000,289.0,0,0.0,0.0,,0.0,normalDay
2020-03-25,1144.0,-2974.0,0.0,0,246.79,0.0,1,12.58,42.32,SPY200331P00289000,289.0,0,0.0,0.0,,0.0,normalDay
2020-03-26,1144.0,-1594.0,0.0,0,261.2,0.0,1,12.58,28.52,SPY200331P00289000,289.0,0,0.0,0.0,,0.0,normalDay
2020-03-27,1144.0,-2370.0,0.0,0,253.42,0.0,1,12.58,36.28,SPY200331P00289000,289.0,0,0.0,0.0,,0.0,normalDay
2020-03-30,1144.0,-1561.0,0.0,0,261.65,0.0,1,12.58,28.19,SPY200331P00289000,289.0,0,0.0,0.0,,0.0,normalDay
2020-03-31,2402.0,-3125.0,1258.0,100,257.75,289.0,1,12.58,0.0,SPY200331P00289000,289.0,0,0.0,0.0,,0.0,expirationDay
2020-04-01,2402.0,-4291.0,0.0,100,246.15,289.0,0,0.0,0.0,,0.0,1,1.01,1.07,SPY200515C00290000,290.0,normalDay
2020-04-02,2402.0,-3728.0,0.0,100,251.83,289.0,0,0.0,0.0,,0.0,1,1.01,1.12,SPY200515C00290000,290.0,normalDay
2020-04-03,2402.0,-4043.0,0.0,100,248.19,289.0,0,0.0,0.0,,0.0,1,1.01,0.63,SPY200515C00290000,290.0,normalDay
2020-04-06,2402.0,-2553.0,0.0,100,264.86,289.0,0,0.0,0.0,,0.0,1,1.01,2.4,SPY200515C00290000,290.0,normalDay
2020-04-07,2402.0,-2542.0,0.0,100,265.13,289.0,0,0.0,0.0,,0.0,1,1.01,2.56,SPY200515C00290000,290.0,normalDay
2020-04-08,2402.0,-1903.0,0.0,100,274.03,289.0,0,0.0,0.0,,0.0,1,1.01,5.07,SPY200515C00290000,290.0,normalDay
2020-04-09,2402.0,-1639.0,0.0,100,278.2,289.0,0,0.0,0.0,,0.0,1,1.01,6.6,SPY200515C00290000,290.0,normalDay
2020-04-13,2402.0,-1728.0,0.0,100,275.66,289.0,0,0.0,0.0,,0.0,1,1.01,4.95,SPY200515C00290000,290.0,normalDay
2020-04-14,2402.0,-1195.0,0.0,100,283.79,289.0,0,0.0,0.0,,0.0,1,1.01,7.75,SPY200515C00290000,290.0,normalDay
2020-04-15,2402.0,-1543.0,0.0,100,277.76,289.0,0,0.0,0.0,,0.0,1,1.01,5.2,SPY200515C00290000,290.0,normalDay
2020-04-16,2402.0,-1437.0,0.0,100,279.1,289.0,0,0.0,0.0,,0.0,1,1.01,5.48,SPY200515C00290000,290.0,normalDay
2020-04-17,2402.0,-1004.0,0.0,100,286.64,289.0,0,0.0,0.0,,0.0,1,1.01,8.69,SPY200515C00290000,290.0,normalDay
2020-04-20,2402.0,-1302.0,0.0,100,281.59,289.0,0,0.0,0.0,,0.0,1,1.01,6.62,SPY200515C00290000,290.0,normalDay
2020-04-21,2402.0,-1860.0,0.0,100,273.04,289.0,0,0.0,0.0,,0.0,1,1.01,3.65,SPY200515C00290000,290.0,normalDay
2020-04-22,2402.0,-1352.0,0.0,100,279.1,289.0,0,0.0,0.0,,0.0,1,1.01,4.63,SPY200515C00290000,290.0,normalDay
2020-04-23,2402.0,-1310.0,0.0,100,279.08,289.0,0,0.0,0.0,,0.0,1,1.01,4.19,SPY200515C00290000,290.0,normalDay
2020-04-24,2402.0,-953.0,0.0,100,282.97,289.0,0,0.0,0.0,,0.0,1,1.01,4.51,SPY200515C00290000,290.0,normalDay
2020-04-27,2402.0,-643.0,0.0,100,287.05,289.0,0,0.0,0.0,,0.0,1,1.01,5.49,SPY200515C00290000,290.0,normalDay
2020-04-28,2402.0,-726.0,0.0,100,285.73,289.0,0,0.0,0.0,,0.0,1,1.01,5.0,SPY200515C00290000,290.0,normalDay
2020-04-29,2402.0,-331.0,0.0,100,293.21,289.0,0,0.0,0.0,,0.0,1,1.01,8.53,SPY200515C00290000,290.0,normalDay
2020-04-30,2402.0,-416.0,0.0,100,290.48,289.0,0,0.0,0.0,,0.0,1,1.01,6.65,SPY200515C00290000,290.0,normalDay
2020-05-01,2402.0,-864.0,0.0,100,282.79,289.0,0,0.0,0.0,,0.0,1,1.01,3.44,SPY200515C00290000,290.0,normalDay
2020-05-04,2402.0,-717.0,0.0,100,283.57,289.0,0,0.0,0.0,,0.0,1,1.01,2.75,SPY200515C00290000,290.0,normalDay
2020-05-05,2402.0,-526.0,0.0,100,286.19,289.0,0,0.0,0.0,,0.0,1,1.01,3.46,SPY200515C00290000,290.0,normalDay
2020-05-06,2402.0,-618.0,0.0,100,284.25,289.0,0,0.0,0.0,,0.0,1,1.01,2.44,SPY200515C00290000,290.0,normalDay
2020-05-07,2402.0,-374.0,0.0,100,287.68,289.0,0,0.0,0.0,,0.0,1,1.01,3.43,SPY200515C00290000,290.0,normalDay
2020-05-08,2402.0,-87.0,0.0,100,292.44,289.0,0,0.0,0.0,,0.0,1,1.01,5.32,SPY200515C00290000,290.0,normalDay
2020-05-11,2402.0,27.0,0.0,100,292.5,289.0,0,0.0,0.0,,0.0,1,1.01,4.24,SPY200515C00290000,290.0,normalDay
2020-05-12,2402.0,-274.0,0.0,100,286.67,289.0,0,0.0,0.0,,0.0,1,1.01,1.42,SPY200515C00290000,290.0,normalDay
2020-05-13,2402.0,-670.0,0.0,100,281.6,289.0,0,0.0,0.0,,0.0,1,1.01,0.31,SPY200515C00290000,290.0,normalDay
2020-05-14,2402.0,-329.0,0.0,100,284.97,289.0,0,0.0,0.0,,0.0,1,1.01,0.27,SPY200515C00290000,290.0,normalDay
2020-05-15,2503.0,-272.0,101.0,100,286.28,289.0,0,0.0,0.0,,0.0,1,1.01,0.0,SPY200515C00290000,290.0,expirationDay
2020-05-18,2503.0,587.0,0.0,100,295.0,289.0,0,0.0,0.0,,0.0,1,9.83,9.96,SPY200630C00294000,294.0,normalDay
2020-05-19,2503.0,415.0,0.0,100,291.97,289.0,0,0.0,0.0,,0.0,1,9.83,8.65,SPY200630C00294000,294.0,normalDay
2020-05-20,2503.0,668.0,0.0,100,296.93,289.0,0,0.0,0.0,,0.0,1,9.83,11.08,SPY200630C00294000,294.0,normalDay
2020-05-21,2503.0,604.0,0.0,100,294.88,289.0,0,0.0,0.0,,0.0,1,9.83,9.67,SPY200630C00294000,294.0,normalDay
2020-05-22,2503.0,641.0,0.0,100,295.44,289.0,0,0.0,0.0,,0.0,1,9.83,9.86,SPY200630C00294000,294.0,normalDay
2020-05-26,2503.0,831.0,0.0,100,299.08,289.0,0,0.0,0.0,,0.0,1,9.83,11.6,SPY200630C00294000,294.0,normalDay
2020-05-27,2503.0,989.0,0.0,100,303.53,289.0,0,0.0,0.0,,0.0,1,9.83,14.47,SPY200630C00294000,294.0,normalDay
2020-05-28,2503.0,901.0,0.0,100,302.97,289.0,0,0.0,0.0,,0.0,1,9.83,14.79,SPY200630C00294000,294.0,normalDay
2020-05-29,2503.0,980.0,0.0,100,304.32,289.0,0,0.0,0.0,,0.0,1,9.83,15.35,SPY200630C00294000,294.0,normalDay
2020-06-01,2503.0,1098.0,0.0,100,305.55,289.0,0,0.0,0.0,,0.0,1,9.83,15.4,SPY200630C00294000,294.0,normalDay
2020-06-02,2503.0,1199.0,0.0,100,308.08,289.0,0,0.0,0.0,,0.0,1,9.83,16.92,SPY200630C00294000,294.0,normalDay
2020-06-03,2503.0,1268.0,0.0,100,312.18,289.0,0,0.0,0.0,,0.0,1,9.83,20.33,SPY200630C00294000,294.0,normalDay
2020-06-04,2503.0,1265.0,0.0,100,311.36,289.0,0,0.0,0.0,,0.0,1,9.83,19.54,SPY200630C00294000,294.0,normalDay
2020-06-05,2503.0,1392.0,0.0,100,319.34,289.0,0,0.0,0.0,,0.0,1,9.83,26.25,SPY200630C00294000,294.0,normalDay
2020-06-08,2503.0,1453.0,0.0,100,323.2,289.0,0,0.0,0.0,,0.0,1,9.83,29.5,SPY200630C00294000,294.0,normalDay
2020-06-09,2503.0,1307.0,0.0,100,320.79,289.0,0,0.0,0.0,,0.0,1,9.83,28.55,SPY200630C00294000,294.0,normalDay
2020-06-10,2503.0,1411.0,0.0,100,319.0,289.0,0,0.0,0.0,,0.0,1,9.83,25.72,SPY200630C00294000,294.0,normalDay
2020-06-11,2503.0,779.0,0.0,100,300.61,289.0,0,0.0,0.0,,0.0,1,9.83,13.65,SPY200630C00294000,294.0,normalDay
2020-06-12,2503.0,1081.0,0.0,100,304.21,289.0,0,0.0,0.0,,0.0,1,9.83,14.23,SPY200630C00294000,294.0,normalDay
2020-06-15,2503.0,1187.0,0.0,100,307.05,289.0,0,0.0,0.0,,0.0,1,9.83,16.01,SPY200630C00294000,294.0,normalDay
2020-06-16,2503.0,1354.0,0.0,100,312.96,289.0,0,0.0,0.0,,0.0,1,9.83,20.25,SPY200630C00294000,294.0,normalDay
2020-06-17,2503.0,1320.0,0.0,100,311.66,289.0,0,0.0,0.0,,0.0,1,9.83,19.29,SPY200630C00294000,294.0,normalDay
2020-06-18,2503.0,1416.0,0.0,100,311.78,289.0,0,0.0,0.0,,0.0,1,9.83,18.45,SPY200630C00294000,294.0,normalDay
2020-06-19,2503.0,1374.0,0.0,100,308.64,289.0,0,0.0,0.0,,0.0,1,9.83,15.73,SPY200630C00294000,294.0,normalDay
2020-06-22,2503.0,1351.0,0.0,100,310.62,289.0,0,0.0,0.0,,0.0,1,9.83,17.94,SPY200630C00294000,294.0,normalDay
2020-06-23,2503.0,1423.0,0.0,100,312.05,289.0,0,0.0,0.0,,0.0,1,9.83,18.65,SPY200630C00294000,294.0,normalDay
2020-06-24,2503.0,1277.0,0.0,100,304.09,289.0,0,0.0,0.0,,0.0,1,9.83,12.15,SPY200630C00294000,294.0,normalDay
2020-06-25,2503.0,1379.0,0.0,100,307.35,289.0,0,0.0,0.0,,0.0,1,9.83,14.39,SPY200630C00294000,294.0,normalDay
2020-06-26,2503.0,1247.0,0.0,100,300.05,289.0,0,0.0,0.0,,0.0,1,9.83,8.41,SPY200630C00294000,294.0,normalDay
2020-06-29,2503.0,1451.0,0.0,100,304.46,289.0,0,0.0,0.0,,0.0,1,9.83,10.78,SPY200630C00294000,294.0,normalDay
2020-06-30,3986.0,1451.0,1483.0,0,308.36,0.0,0,0.0,0.0,,0.0,1,9.83,0.0,SPY200630C00294000,294.0,expirationDay
2020-07-01,3986.0,-62.0,0.0,0,310.52,0.0,1,16.27,16.89,SPY210115P00287000,287.0,0,0.0,0.0,,0.0,normalDay
2020-07-02,3986.0,27.0,0.0,0,312.23,0.0,1,16.27,16.0,SPY210115P00287000,287.0,0,0.0,0.0,,0.0,normalDay
2020-07-06,3986.0,152.0,0.0,0,317.05,0.0,1,16.27,14.75,SPY210115P00287000,287.0,0,0.0,0.0,,0.0,normalDay
2020-07-07,3986.0,33.0,0.0,0,313.78,0.0,1,16.27,15.94,SPY210115P00287000,287.0,0,0.0,0.0,,0.0,normalDay
2020-07-08,3986.0,128.0,0.0,0,316.18,0.0,1,16.27,14.99,SPY210115P00287000,287.0,0,0.0,0.0,,0.0,normalDay
2020-07-09,3986.0,34.0,0.0,0,314.38,0.0,1,16.27,15.93,SPY210115P00287000,287.0,0,0.0,0.0,,0.0,normalDay
2020-07-10,3986.0,163.0,0.0,0,317.59,0.0,1,16.27,14.64,SPY210115P00287000,287.0,0,0.0,0.0,,0.0,normalDay
2020-07-13,3986.0,-68.0,0.0,0,314.84,0.0,1,16.27,16.95,SPY210115P00287000,287.0,0,0.0,0.0,,0.0,normalDay
2020-07-14,3986.0,138.0,0.0,0,318.92,0.0,1,16.27,14.89,SPY210115P00287000,287.0,0,0.0,0.0,,0.0,normalDay
2020-07-15,3986.0,249.0,0.0,0,321.85,0.0,1,16.27,13.78,SPY210115P00287000,287.0,0,0.0,0.0,,0.0,normalDay
2020-07-16,3986.0,211.0,0.0,0,320.79,0.0,1,16.27,14.16,SPY210115P00287000,287.0,0,0.0,0.0,,0.0,normalDay
2020-07-17,3986.0,342.0,0.0,0,321.72,0.0,1,16.27,12.85,SPY210115P00287000,287.0,0,0.0,0.0,,0.0,normalDay
2020-07-20,3986.0,455.0,0.0,0,324.32,0.0,1,16.27,11.72,SPY210115P00287000,287.0,0,0.0,0.0,,0.0,normalDay
2020-07-21,3986.0,457.0,0.0,0,325.01,0.0,1,16.27,11.7,SPY210115P00287000,287.0,0,0.0,0.0,,0.0,normalDay
2020-07-22,3986.0,501.0,0.0,0,326.86,0.0,1,16.27,11.26,SPY210115P00287000,287.0,0,0.0,0.0,,0.0,normalDay
2020-07-23,3986.0,373.0,0.0,0,322.96,0.0,1,16.27,12.54,SPY210115P00287000,287.0,0,0.0,0.0,,0.0,normalDay
2020-07-24,3986.0,344.0,0.0,0,320.88,0.0,1,16.27,12.83,SPY210115P00287000,287.0,0,0.0,0.0,,0.0,normalDay
2020-07-27,3986.0,438.0,0.0,0,323.22,0.0,1,16.27,11.89,SPY210115P00287000,287.0,0,0.0,0.0,,0.0,normalDay
2020-07-28,3986.0,369.0,0.0,0,321.17,0.0,1,16.27,12.58,SPY210115P00287000,287.0,0,0.0,0.0,,0.0,normalDay
2020-07-29,3986.0,482.0,0.0,0,325.12,0.0,1,16.27,11.45,SPY210115P00287000,287.0,0,0.0,0.0,,0.0,normalDay
2020-07-30,3986.0,430.0,0.0,0,323.96,0.0,1,16.27,11.97,SPY210115P00287000,287.0,0,0.0,0.0,,0.0,normalDay
2020-07-31,3986.0,506.0,0.0,0,326.52,0.0,1,16.27,11.21,SPY210115P00287000,287.0,0,0.0,0.0,,0.0,normalDay
2020-08-03,3986.0,562.0,0.0,0,328.79,0.0,1,16.27,10.65,SPY210115P00287000,287.0,0,0.0,0.0,,0.0,normalDay
2020-08-04,3986.0,621.0,0.0,0,330.06,0.0,1,16.27,10.06,SPY210115P00287000,287.0,0,0.0,0.0,,0.0,normalDay
2020-08-05,3986.0,675.0,0.0,0,332.11,0.0,1,16.27,9.52,SPY210115P00287000,287.0,0,0.0,0.0,,0.0,normalDay
2020-08-06,3986.0,721.0,0.0,0,334.33,0.0,1,16.27,9.06,SPY210115P00287000,287.0,0,0.0,0.0,,0.0,normalDay
2020-08-07,3986.0,721.0,0.0,0,334.57,0.0,1,16.27,9.06,SPY210115P00287000,287.0,0,0.0,0.0,,0.0,normalDay
2020-08-10,3986.0,751.0,0.0,0,335.57,0.0,1,16.27,8.76,SPY210115P00287000,287.0,0,0.0,0.0,,0.0,normalDay
2020-08-11,3986.0,656.0,0.0,0,332.8,0.0,1,16.27,9.71,SPY210115P00287000,287.0,0,0.0,0.0,,0.0,normalDay
2020-08-12,3986.0,782.0,0.0,0,337.44,0.0,1,16.27,8.45,SPY210115P00287000,287.0,0,0.0,0.0,,0.0,normalDay
2020-08-13,3986.0,771.0,0.0,0,336.83,0.0,1,16.27,8.56,SPY210115P00287000,287.0,0,0.0,0.0,,0.0,normalDay
2020-08-14,3986.0,770.0,0.0,0,336.84,0.0,1,16.27,8.57,SPY210115P00287000,287.0,0,0.0,0.0,,0.0,normalDay
2020-08-17,3986.0,828.0,0.0,0,337.91,0.0,1,16.27,7.99,SPY210115P00287000,287.0,0,0.0,0.0,,0.0,normalDay
2020-08-18,3986.0,863.0,0.0,0,338.64,0.0,1,16.27,7.64,SPY210115P00287000,287.0,0,0.0,0.0,,0.0,normalDay
2020-08-19,3986.0,821.0,0.0,0,337.23,0.0,1,16.27,8.06,SPY210115P00287000,287.0,0,0.0,0.0,,0.0,normalDay
2020-08-20,3986.0,847.0,0.0,0,338.28,0.0,1,16.27,7.8,SPY210115P00287000,287.0,0,0.0,0.0,,0.0,normalDay
2020-08-21,3986.0,873.0,0.0,0,339.48,0.0,1,16.27,7.54,SPY210115P00287000,287.0,0,0.0,0.0,,0.0,normalDay
2020-08-24,3986.0,926.0,0.0,0,342.92,0.0,1,16.27,7.01,SPY210115P00287000,287.0,0,0.0,0.0,,0.0,normalDay
2020-08-25,3986.0,953.0,0.0,0,344.12,0.0,1,16.27,6.74,SPY210115P00287000,287.0,0,0.0,0.0,,0.0,normalDay
2020-08-26,3986.0,965.0,0.0,0,347.57,0.0,1,16.27,6.62,SPY210115P00287000,287.0,0,0.0,0.0,,0.0,normalDay
2020-08-27,3986.0,945.0,0.0,0,348.33,0.0,1,16.27,6.82,SPY210115P00287000,287.0,0,0.0,0.0,,0.0,normalDay
2020-08-28,3986.0,988.0,0.0,0,350.58,0.0,1,16.27,6.39,SPY210115P00287000,287.0,0,0.0,0.0,,0.0,normalDay
2020-08-31,3986.0,909.0,0.0,0,349.31,0.0,1,16.27,7.18,SPY210115P00287000,287.0,0,0.0,0.0,,0.0,normalDay
2020-09-01,3986.0,930.0,0.0,0,352.6,0.0,1,16.27,6.97,SPY210115P00287000,287.0,0,0.0,0.0,,0.0,normalDay
2020-09-02,3986.0,943.0,0.0,0,357.7,0.0,1,16.27,6.84,SPY210115P00287000,287.0,0,0.0,0.0,,0.0,normalDay
2020-09-03,3986.0,720.0,0.0,0,345.39,0.0,1,16.27,9.07,SPY210115P00287000,287.0,0,0.0,0.0,,0.0,normalDay
2020-09-04,3986.0,751.0,0.0,0,342.57,0.0,1,16.27,8.76,SPY210115P00287000,287.0,0,0.0,0.0,,0.0,normalDay
2020-09-08,3986.0,689.0,0.0,0,333.21,0.0,1,16.27,9.38,SPY210115P00287000,287.0,0,0.0,0.0,,0.0,normalDay
2020-09-09,3986.0,858.0,0.0,0,339.79,0.0,1,16.27,7.69,SPY210115P00287000,287.0,0,0.0,0.0,,0.0,normalDay
2020-09-10,3986.0,763.0,0.0,0,333.89,0.0,1,16.27,8.64,SPY210115P00287000,287.0,0,0.0,0.0,,0.0,normalDay
2020-09-11,3986.0,822.0,0.0,0,334.06,0.0,1,16.27,8.05,SPY210115P00287000,287.0,0,0.0,0.0,,0.0,normalDay
2020-09-14,3986.0,949.0,0.0,0,338.46,0.0,1,16.27,6.78,SPY210115P00287000,287.0,0,0.0,0.0,,0.0,normalDay
2020-09-15,3986.0,973.0,0.0,0,340.17,0.0,1,16.27,6.54,SPY210115P00287000,287.0,0,0.0,0.0,,0.0,normalDay
2020-09-16,3986.0,944.0,0.0,0,338.82,0.0,1,16.27,6.83,SPY210115P00287000,287.0,0,0.0,0.0,,0.0,normalDay
2020-09-17,3986.0,909.0,0.0,0,335.84,0.0,1,16.27,7.18,SPY210115P00287000,287.0,0,0.0,0.0,,0.0,normalDay
2020-09-18,3986.0,873.0,0.0,0,330.65,0.0,1,16.27,7.54,SPY210115P00287000,287.0,0,0.0,0.0,,0.0,normalDay
2020-09-21,3986.0,805.0,0.0,0,326.97,0.0,1,16.27,8.22,SPY210115P00287000,287.0,0,0.0,0.0,,0.0,normalDay
2020-09-22,3986.0,836.0,0.0,0,330.3,0.0,1,16.27,7.91,SPY210115P00287000,287.0,0,0.0,0.0,,0.0,normalDay
2020-09-23,3986.0,656.0,0.0,0,322.64,0.0,1,16.27,9.71,SPY210115P00287000,287.0,0,0.0,0.0,,0.0,normalDay
2020-09-24,3986.0,704.0,0.0,0,323.5,0.0,1,16.27,9.23,SPY210115P00287000,287.0,0,0.0,0.0,,0.0,normalDay
2020-09-25,3986.0,832.0,0.0,0,328.73,0.0,1,16.27,7.95,SPY210115P00287000,287.0,0,0.0,0.0,,0.0,normalDay
2020-09-28,3986.0,940.0,0.0,0,334.19,0.0,1,16.27,6.87,SPY210115P00287000,287.0,0,0.0,0.0,,0.0,normalDay
2020-09-29,3986.0,935.0,0.0,0,332.37,0.0,1,16.27,6.92,SPY210115P00287000,287.0,0,0.0,0.0,,0.0,normalDay
2020-09-30,3986.0,937.0,0.0,0,334.89,0.0,1,16.27,6.9,SPY210115P00287000,287.0,0,0.0,0.0,,0.0,normalDay
2020-10-01,3986.0,975.0,0.0,0,337.04,0.0,1,16.27,6.52,SPY210115P00287000,287.0,0,0.0,0.0,,0.0,normalDay
2020-10-02,3986.0,914.0,0.0,0,333.84,0.0,1,16.27,7.13,SPY210115P00287000,287.0,0,0.0,0.0,,0.0,normalDay
2020-10-05,3986.0,1041.0,0.0,0,339.76,0.0,1,16.27,5.86,SPY210115P00287000,287.0,0,0.0,0.0,,0.0,normalDay
2020-10-06,3986.0,972.0,0.0,0,334.93,0.0,1,16.27,6.55,SPY210115P00287000,287.0,0,0.0,0.0,,0.0,normalDay
2020-10-07,3986.0,1092.0,0.0,0,340.76,0.0,1,16.27,5.35,SPY210115P00287000,287.0,0,0.0,0.0,,0.0,normalDay
2020-10-08,3986.0,1174.0,0.0,0,343.78,0.0,1,16.27,4.53,SPY210115P00287000,287.0,0,0.0,0.0,,0.0,normalDay
2020-10-09,3986.0,1244.0,0.0,0,346.85,0.0,1,16.27,3.83,SPY210115P00287000,287.0,0,0.0,0.0,,0.0,normalDay
2020-10-12,3986.0,1293.0,0.0,0,352.43,0.0,1,16.27,3.34,SPY210115P00287000,287.0,0,0.0,0.0,,0.0,normalDay
2020-10-13,3986.0,1272.0,0.0,0,350.13,0.0,1,16.27,3.55,SPY210115P00287000,287.0,0,0.0,0.0,,0.0,normalDay
2020-10-14,3986.0,1265.0,0.0,0,347.93,0.0,1,16.27,3.62,SPY210115P00287000,287.0,0,0.0,0.0,,0.0,normalDay
2020-10-15,3986.0,1257.0,0.0,0,347.5,0.0,1,16.27,3.7,SPY210115P00287000,287.0,0,0.0,0.0,,0.0,normalDay
2020-10-16,3986.0,1240.0,0.0,0,347.29,0.0,1,16.27,3.87,SPY210115P00287000,287.0,0,0.0,0.0,,0.0,normalDay
2020-10-19,3986.0,1177.0,0.0,0,342.01,0.0,1,16.27,4.5,SPY210115P00287000,287.0,0,0.0,0.0,,0.0,normalDay
2020-10-20,3986.0,1189.0,0.0,0,343.38,0.0,1,16.27,4.38,SPY210115P00287000,287.0,0,0.0,0.0,,0.0,normalDay
2020-10-21,3986.0,1221.0,0.0,0,342.73,0.0,1,16.27,4.06,SPY210115P00287000,287.0,0,0.0,0.0,,0.0,normalDay
2020-10-22,3986.0,1243.0,0.0,0,344.61,0.0,1,16.27,3.84,SPY210115P00287000,287.0,0,0.0,0.0,,0.0,normalDay
2020-10-23,3986.0,1262.0,0.0,0,345.78,0.0,1,16.27,3.65,SPY210115P00287000,287.0,0,0.0,0.0,,0.0,normalDay
2020-10-26,3986.0,1137.0,0.0,0,339.39,0.0,1,16.27,4.9,SPY210115P00287000,287.0,0,0.0,0.0,,0.0,normalDay
2020-10-27,3986.0,1113.0,0.0,0,338.22,0.0,1,16.27,5.14,SPY210115P00287000,287.0,0,0.0,0.0,,0.0,normalDay
2020-10-28,3986.0,774.0,0.0,0,326.66,0.0,1,16.27,8.53,SPY210115P00287000,287.0,0,0.0,0.0,,0.0,normalDay
2020-10-29,3986.0,954.0,0.0,0,329.98,0.0,1,16.27,6.73,SPY210115P00287000,287.0,0,0.0,0.0,,0.0,normalDay
2020-10-30,3986.0,876.0,0.0,0,326.54,0.0,1,16.27,7.51,SPY210115P00287000,287.0,0,0.0,0.0,,0.0,normalDay
2020-11-02,3986.0,996.0,0.0,0,330.2,0.0,1,16.27,6.31,SPY210115P00287000,287.0,0,0.0,0.0,,0.0,normalDay
2020-11-03,3986.0,1111.0,0.0,0,336.03,0.0,1,16.27,5.16,SPY210115P00287000,287.0,0,0.0,0.0,,0.0,normalDay
2020-11-04,3986.0,1282.0,0.0,0,343.54,0.0,1,16.27,3.45,SPY210115P00287000,287.0,0,0.0,0.0,,0.0,normalDay
2020-11-05,3986.0,1344.0,0.0,0,350.24,0.0,1,16.27,2.83,SPY210115P00287000,287.0,0,0.0,0.0,,0.0,normalDay
2020-11-06,3986.0,1392.0,0.0,0,350.16,0.0,1,16.27,2.35,SPY210115P00287000,287.0,0,0.0,0.0,,0.0,normalDay
2020-11-09,3986.0,1436.0,0.0,0,354.56,0.0,1,16.27,1.91,SPY210115P00287000,287.0,0,0.0,0.0,,0.0,normalDay
2020-11-10,3986.0,1448.0,0.0,0,354.04,0.0,1,16.27,1.79,SPY210115P00287000,287.0,0,0.0,0.0,,0.0,normalDay
2020-11-11,3986.0,1472.0,0.0,0,356.67,0.0,1,16.27,1.55,SPY210115P00287000,287.0,0,0.0,0.0,,0.0,normalDay
2020-11-12,3986.0,1430.0,0.0,0,353.21,0.0,1,16.27,1.97,SPY210115P00287000,287.0,0,0.0,0.0,,0.0,normalDay
2020-11-13,3986.0,1483.0,0.0,0,358.1,0.0,1,16.27,1.44,SPY210115P00287000,287.0,0,0.0,0.0,,0.0,normalDay
2020-11-16,3986.0,1511.0,0.0,0,362.57,0.0,1,16.27,1.16,SPY210115P00287000,287.0,0,0.0,0.0,,0.0,normalDay
2020-11-17,3986.0,1512.0,0.0,0,360.62,0.0,1,16.27,1.15,SPY210115P00287000,287.0,0,0.0,0.0,,0.0,normalDay
2020-11-18,3986.0,1491.0,0.0,0,356.28,0.0,1,16.27,1.36,SPY210115P00287000,287.0,0,0.0,0.0,,0.0,normalDay
2020-11-19,3986.0,1509.0,0.0,0,357.78,0.0,1,16.27,1.18,SPY210115P00287000,287.0,0,0.0,0.0,,0.0,normalDay
2020-11-20,3986.0,1502.0,0.0,0,355.33,0.0,1,16.27,1.25,SPY210115P00287000,287.0,0,0.0,0.0,,0.0,normalDay
2020-11-23,3986.0,1524.0,0.0,0,357.46,0.0,1,16.27,1.03,SPY210115P00287000,287.0,0,0.0,0.0,,0.0,normalDay
2020-11-24,3986.0,1546.0,0.0,0,363.22,0.0,1,16.27,0.81,SPY210115P00287000,287.0,0,0.0,0.0,,0.0,normalDay
2020-11-25,3986.0,1555.0,0.0,0,362.66,0.0,1,16.27,0.72,SPY210115P00287000,287.0,0,0.0,0.0,,0.0,normalDay
2020-11-27,3986.0,1564.0,0.0,0,363.67,0.0,1,16.27,0.63,SPY210115P00287000,287.0,0,0.0,0.0,,0.0,normalDay
2020-11-30,3986.0,1571.0,0.0,0,362.06,0.0,1,16.27,0.56,SPY210115P00287000,287.0,0,0.0,0.0,,0.0,normalDay
2020-12-01,3986.0,1572.0,0.0,0,366.02,0.0,1,16.27,0.55,SPY210115P00287000,287.0,0,0.0,0.0,,0.0,normalDay
2020-12-02,3986.0,1573.0,0.0,0,366.79,0.0,1,16.27,0.54,SPY210115P00287000,287.0,0,0.0,0.0,,0.0,normalDay
2020-12-03,3986.0,1572.0,0.0,0,366.69,0.0,1,16.27,0.55,SPY210115P00287000,287.0,0,0.0,0.0,,0.0,normalDay
2020-12-04,3986.0,1584.0,0.0,0,369.85,0.0,1,16.27,0.43,SPY210115P00287000,287.0,0,0.0,0.0,,0.0,normalDay
2020-12-07,3986.0,1588.0,0.0,0,369.09,0.0,1,16.27,0.39,SPY210115P00287000,287.0,0,0.0,0.0,,0.0,normalDay
2020-12-08,3986.0,1595.0,0.0,0,370.17,0.0,1,16.27,0.32,SPY210115P00287000,287.0,0,0.0,0.0,,0.0,normalDay
2020-12-09,3986.0,1588.0,0.0,0,366.85,0.0,1,16.27,0.39,SPY210115P00287000,287.0,0,0.0,0.0,,0.0,normalDay
2020-12-10,3986.0,1588.0,0.0,0,366.73,0.0,1,16.27,0.39,SPY210115P00287000,287.0,0,0.0,0.0,,0.0,normalDay
2020-12-11,3986.0,1582.0,0.0,0,366.3,0.0,1,16.27,0.45,SPY210115P00287000,287.0,0,0.0,0.0,,0.0,normalDay
2020-12-14,3986.0,1578.0,0.0,0,364.66,0.0,1,16.27,0.49,SPY210115P00287000,287.0,0,0.0,0.0,,0.0,normalDay
2020-12-15,3986.0,1592.0,0.0,0,369.59,0.0,1,16.27,0.35,SPY210115P00287000,287.0,0,0.0,0.0,,0.0,normalDay
2020-12-16,3986.0,1594.0,0.0,0,370.17,0.0,1,16.27,0.33,SPY210115P00287000,287.0,0,0.0,0.0,,0.0,normalDay
2020-12-17,3986.0,1598.0,0.0,0,372.24,0.0,1,16.27,0.29,SPY210115P00287000,287.0,0,0.0,0.0,,0.0,normalDay
2020-12-18,3986.0,1600.0,0.0,0,369.18,0.0,1,16.27,0.27,SPY210115P00287000,287.0,0,0.0,0.0,,0.0,normalDay
2020-12-21,3986.0,1591.0,0.0,0,367.86,0.0,1,16.27,0.36,SPY210115P00287000,287.0,0,0.0,0.0,,0.0,normalDay
2020-12-22,3986.0,1596.0,0.0,0,367.24,0.0,1,16.27,0.31,SPY210115P00287000,287.0,0,0.0,0.0,,0.0,normalDay
2020-12-23,3986.0,1601.0,0.0,0,367.57,0.0,1,16.27,0.26,SPY210115P00287000,287.0,0,0.0,0.0,,0.0,normalDay
2020-12-24,3986.0,1607.0,0.0,0,369.0,0.0,1,16.27,0.2,SPY210115P00287000,287.0,0,0.0,0.0,,0.0,normalDay
2020-12-28,3986.0,1613.0,0.0,0,372.17,0.0,1,16.27,0.14,SPY210115P00287000,287.0,0,0.0,0.0,,0.0,normalDay
2020-12-29,3986.0,1612.0,0.0,0,371.46,0.0,1,16.27,0.15,SPY210115P00287000,287.0,0,0.0,0.0,,0.0,normalDay
2020-12-30,3986.0,1614.0,0.0,0,371.99,0.0,1,16.27,0.13,SPY210115P00287000,287.0,0,0.0,0.0,,0.0,normalDay
2020-12-31,3986.0,1614.0,0.0,0,373.88,0.0,1,16.27,0.13,SPY210115P00287000,287.0,0,0.0,0.0,,0.0,normalDay
2021-01-04,3986.0,1615.0,0.0,0,368.79,0.0,1,16.27,0.12,SPY210115P00287000,287.0,0,0.0,0.0,,0.0,normalDay
2021-01-05,3986.0,1620.0,0.0,0,371.33,0.0,1,16.27,0.07,SPY210115P00287000,287.0,0,0.0,0.0,,0.0,normalDay
2021-01-06,3986.0,1617.0,0.0,0,373.55,0.0,1,16.27,0.1,SPY210115P00287000,287.0,0,0.0,0.0,,0.0,normalDay
2021-01-07,3986.0,1623.0,0.0,0,379.1,0.0,1,16.27,0.04,SPY210115P00287000,287.0,0,0.0,0.0,,0.0,normalDay
2021-01-08,3986.0,1625.0,0.0,0,381.26,0.0,1,16.27,0.02,SPY210115P00287000,287.0,0,0.0,0.0,,0.0,normalDay
2021-01-11,3986.0,1625.0,0.0,0,378.69,0.0,1,16.27,0.02,SPY210115P00287000,287.0,0,0.0,0.0,,0.0,normalDay
2021-01-12,3986.0,1626.0,0.0,0,378.77,0.0,1,16.27,0.01,SPY210115P00287000,287.0,0,0.0,0.0,,0.0,normalDay
2021-01-13,3986.0,1626.0,0.0,0,379.79,0.0,1,16.27,0.01,SPY210115P00287000,287.0,0,0.0,0.0,,0.0,normalDay
2021-01-14,3986.0,1626.0,0.0,0,378.46,0.0,1,16.27,0.01,SPY210115P00287000,287.0,0,0.0,0.0,,0.0,normalDay
2021-01-15,5613.0,0.0,1627.0,0,375.7,0.0,1,16.27,0.0,SPY210115P00287000,287.0,0,0.0,0.0,,0.0,expirationDay
2021-01-19,5613.0,-22.0,0.0,0,378.65,0.0,1,15.57,15.79,SPY210716P00355000,355.0,0,0.0,0.0,,0.0,normalDay
2021-01-20,5613.0,142.0,0.0,0,383.89,0.0,1,15.57,14.15,SPY210716P00355000,355.0,0,0.0,0.0,,0.0,normalDay
2021-01-21,5613.0,149.0,0.0,0,384.24,0.0,1,15.57,14.08,SPY210716P00355000,355.0,0,0.0,0.0,,0.0,normalDay
2021-01-22,5613.0,106.0,0.0,0,382.88,0.0,1,15.57,14.51,SPY210716P00355000,355.0,0,0.0,0.0,,0.0,normalDay
2021-01-25,5613.0,104.0,0.0,0,384.39,0.0,1,15.57,14.53,SPY210716P00355000,355.0,0,0.0,0.0,,0.0,normalDay
2021-01-26,5613.0,92.0,0.0,0,383.79,0.0,1,15.57,14.65,SPY210716P00355000,355.0,0,0.0,0.0,,0.0,normalDay
2021-01-27,5613.0,-543.0,0.0,0,374.41,0.0,1,15.57,21.0,SPY210716P00355000,355.0,0,0.0,0.0,,0.0,normalDay
2021-01-28,5613.0,-276.0,0.0,0,377.63,0.0,1,15.57,18.33,SPY210716P00355000,355.0,0,0.0,0.0,,0.0,normalDay
2021-01-29,5613.0,-627.0,0.0,0,370.07,0.0,1,15.57,21.84,SPY210716P00355000,355.0,0,0.0,0.0,,0.0,normalDay
2021-02-01,5613.0,-312.0,0.0,0,376.23,0.0,1,15.57,18.69,SPY210716P00355000,355.0,0,0.0,0.0,,0.0,normalDay
2021-02-02,5613.0,-2.0,0.0,0,381.55,0.0,1,15.57,15.59,SPY210716P00355000,355.0,0,0.0,0.0,,0.0,normalDay
2021-02-03,5613.0,78.0,0.0,0,381.85,0.0,1,15.57,14.79,SPY210716P00355000,355.0,0,0.0,0.0,,0.0,normalDay
2021-02-04,5613.0,212.0,0.0,0,386.19,0.0,1,15.57,13.45,SPY210716P00355000,355.0,0,0.0,0.0,,0.0,normalDay
2021-02-05,5613.0,249.0,0.0,0,387.71,0.0,1,15.57,13.08,SPY210716P00355000,355.0,0,0.0,0.0,,0.0,normalDay
2021-02-08,5613.0,319.0,0.0,0,390.51,0.0,1,15.57,12.38,SPY210716P00355000,355.0,0,0.0,0.0,,0.0,normalDay
2021-02-09,5613.0,314.0,0.0,0,390.25,0.0,1,15.57,12.43,SPY210716P00355000,355.0,0,0.0,0.0,,0.0,normalDay
2021-02-10,5613.0,282.0,0.0,0,390.08,0.0,1,15.57,12.75,SPY210716P00355000,355.0,0,0.0,0.0,,0.0,normalDay
2021-02-11,5613.0,308.0,0.0,0,390.71,0.0,1,15.57,12.49,SPY210716P00355000,355.0,0,0.0,0.0,,0.0,normalDay
2021-02-12,5613.0,396.0,0.0,0,392.64,0.0,1,15.57,11.61,SPY210716P00355000,355.0,0,0.0,0.0,,0.0,normalDay
2021-02-16,5613.0,371.0,0.0,0,392.3,0.0,1,15.57,11.86,SPY210716P00355000,355.0,0,0.0,0.0,,0.0,normalDay
2021-02-17,5613.0,386.0,0.0,0,392.39,0.0,1,15.57,11.71,SPY210716P00355000,355.0,0,0.0,0.0,,0.0,normalDay
2021-02-18,5613.0,339.0,0.0,0,390.72,0.0,1,15.57,12.18,SPY210716P00355000,355.0,0,0.0,0.0,,0.0,normalDay
2021-02-19,5613.0,351.0,0.0,0,390.03,0.0,1,15.57,12.06,SPY210716P00355000,355.0,0,0.0,0.0,,0.0,normalDay
2021-02-22,5613.0,277.0,0.0,0,387.03,0.0,1,15.57,12.8,SPY210716P00355000,355.0,0,0.0,0.0,,0.0,normalDay
2021-02-23,5613.0,330.0,0.0,0,387.5,0.0,1,15.57,12.27,SPY210716P00355000,355.0,0,0.0,0.0,,0.0,normalDay
2021-02-24,5613.0,477.0,0.0,0,391.77,0.0,1,15.57,10.8,SPY210716P00355000,355.0,0,0.0,0.0,,0.0,normalDay
2021-02-25,5613.0,128.0,0.0,0,382.33,0.0,1,15.57,14.29,SPY210716P00355000,355.0,0,0.0,0.0,,0.0,normalDay
2021-02-26,5613.0,143.0,0.0,0,380.36,0.0,1,15.57,14.14,SPY210716P00355000,355.0,0,0.0,0.0,,0.0,normalDay
2021-03-01,5613.0,468.0,0.0,0,389.58,0.0,1,15.57,10.89,SPY210716P00355000,355.0,0,0.0,0.0,,0.0,normalDay
2021-03-02,5613.0,387.0,0.0,0,386.54,0.0,1,15.57,11.7,SPY210716P00355000,355.0,0,0.0,0.0,,0.0,normalDay
2021-03-03,5613.0,236.0,0.0,0,381.42,0.0,1,15.57,13.21,SPY210716P00355000,355.0,0,0.0,0.0,,0.0,normalDay
2021-03-04,5613.0,93.0,0.0,0,376.7,0.0,1,15.57,14.64,SPY210716P00355000,355.0,0,0.0,0.0,,0.0,normalDay
2021-03-05,5613.0,367.0,0.0,0,383.63,0.0,1,15.57,11.9,SPY210716P00355000,355.0,0,0.0,0.0,,0.0,normalDay
2021-03-08,5613.0,337.0,0.0,0,381.72,0.0,1,15.57,12.2,SPY210716P00355000,355.0,0,0.0,0.0,,0.0,normalDay
2021-03-09,5613.0,480.0,0.0,0,387.17,0.0,1,15.57,10.77,SPY210716P00355000,355.0,0,0.0,0.0,,0.0,normalDay
2021-03-10,5613.0,560.0,0.0,0,389.58,0.0,1,15.57,9.97,SPY210716P00355000,355.0,0,0.0,0.0,,0.0,normalDay
2021-03-11,5613.0,646.0,0.0,0,393.53,0.0,1,15.57,9.11,SPY210716P00355000,355.0,0,0.0,0.0,,0.0,normalDay
2021-03-12,5613.0,691.0,0.0,0,394.06,0.0,1,15.57,8.66,SPY210716P00355000,355.0,0,0.0,0.0,,0.0,normalDay
2021-03-15,5613.0,771.0,0.0,0,396.41,0.0,1,15.57,7.86,SPY210716P00355000,355.0,0,0.0,0.0,,0.0,normalDay
2021-03-16,5613.0,767.0,0.0,0,395.91,0.0,1,15.57,7.9,SPY210716P00355000,355.0,0,0.0,0.0,,0.0,normalDay
2021-03-17,5613.0,827.0,0.0,0,397.26,0.0,1,15.57,7.3,SPY210716P00355000,355.0,0,0.0,0.0,,0.0,normalDay
2021-03-18,5613.0,710.0,0.0,0,391.48,0.0,1,15.57,8.47,SPY210716P00355000,355.0,0,0.0,0.0,,0.0,normalDay
2021-03-19,5613.0,707.0,0.0,0,389.48,0.0,1,15.57,8.5,SPY210716P00355000,355.0,0,0.0,0.0,,0.0,normalDay
2021-03-22,5613.0,866.0,0.0,0,392.59,0.0,1,15.57,6.91,SPY210716P00355000,355.0,0,0.0,0.0,,0.0,normalDay
2021-03-23,5613.0,790.0,0.0,0,389.5,0.0,1,15.57,7.67,SPY210716P00355000,355.0,0,0.0,0.0,,0.0,normalDay
2021-03-24,5613.0,740.0,0.0,0,387.52,0.0,1,15.57,8.17,SPY210716P00355000,355.0,0,0.0,0.0,,0.0,normalDay
2021-03-25,5613.0,828.0,0.0,0,389.7,0.0,1,15.57,7.29,SPY210716P00355000,355.0,0,0.0,0.0,,0.0,normalDay
2021-03-26,5613.0,948.0,0.0,0,395.98,0.0,1,15.57,6.09,SPY210716P00355000,355.0,0,0.0,0.0,,0.0,normalDay
2021-03-29,5613.0,929.0,0.0,0,395.78,0.0,1,15.57,6.28,SPY210716P00355000,355.0,0,0.0,0.0,,0.0,normalDay
2021-03-30,5613.0,953.0,0.0,0,394.73,0.0,1,15.57,6.04,SPY210716P00355000,355.0,0,0.0,0.0,,0.0,normalDay
2021-03-31,5613.0,993.0,0.0,0,396.33,0.0,1,15.57,5.64,SPY210716P00355000,355.0,0,0.0,0.0,,0.0,normalDay
2021-04-01,5613.0,1089.0,0.0,0,400.61,0.0,1,15.57,4.68,SPY210716P00355000,355.0,0,0.0,0.0,,0.0,normalDay
2021-04-05,5613.0,1165.0,0.0,0,406.36,0.0,1,15.57,3.92,SPY210716P00355000,355.0,0,0.0,0.0,,0.0,normalDay
2021-04-06,5613.0,1159.0,0.0,0,406.12,0.0,1,15.57,3.98,SPY210716P00355000,355.0,0,0.0,0.0,,0.0,normalDay
2021-04-07,5613.0,1182.0,0.0,0,406.59,0.0,1,15.57,3.75,SPY210716P00355000,355.0,0,0.0,0.0,,0.0,normalDay
2021-04-08,5613.0,1199.0,0.0,0,408.52,0.0,1,15.57,3.58,SPY210716P00355000,355.0,0,0.0,0.0,,0.0,normalDay
2021-04-09,5613.0,1214.0,0.0,0,411.49,0.0,1,15.57,3.43,SPY210716P00355000,355.0,0,0.0,0.0,,0.0,normalDay
2021-04-12,5613.0,1227.0,0.0,0,411.64,0.0,1,15.57,3.3,SPY210716P00355000,355.0,0,0.0,0.0,,0.0,normalDay
2021-04-13,5613.0,1248.0,0.0,0,412.86,0.0,1,15.57,3.09,SPY210716P00355000,355.0,0,0.0,0.0,,0.0,normalDay
2021-04-14,5613.0,1233.0,0.0,0,411.45,0.0,1,15.57,3.24,SPY210716P00355000,355.0,0,0.0,0.0,,0.0,normalDay
2021-04-15,5613.0,1269.0,0.0,0,415.87,0.0,1,15.57,2.88,SPY210716P00355000,355.0,0,0.0,0.0,,0.0,normalDay
2021-04-16,5613.0,1283.0,0.0,0,417.26,0.0,1,15.57,2.74,SPY210716P00355000,355.0,0,0.0,0.0,,0.0,normalDay
2021-04-19,5613.0,1258.0,0.0,0,415.21,0.0,1,15.57,2.99,SPY210716P00355000,355.0,0,0.0,0.0,,0.0,normalDay
2021-04-20,5613.0,1213.0,0.0,0,412.17,0.0,1,15.57,3.44,SPY210716P00355000,355.0,0,0.0,0.0,,0.0,normalDay
2021-04-21,5613.0,1270.0,0.0,0,416.07,0.0,1,15.57,2.87,SPY210716P00355000,355.0,0,0.0,0.0,,0.0,normalDay
2021-04-22,5613.0,1213.0,0.0,0,412.27,0.0,1,15.57,3.44,SPY210716P00355000,355.0,0,0.0,0.0,,0.0,normalDay
2021-04-23,5613.0,1281.0,0.0,0,416.74,0.0,1,15.57,2.76,SPY210716P00355000,355.0,0,0.0,0.0,,0.0,normalDay
2021-04-26,5613.0,1297.0,0.0,0,417.61,0.0,1,15.57,2.6,SPY210716P00355000,355.0,0,0.0,0.0,,0.0,normalDay
2021-04-27,5613.0,1308.0,0.0,0,417.52,0.0,1,15.57,2.49,SPY210716P00355000,355.0,0,0.0,0.0,,0.0,normalDay
2021-04-28,5613.0,1323.0,0.0,0,417.4,0.0,1,15.57,2.34,SPY210716P00355000,355.0,0,0.0,0.0,,0.0,normalDay
2021-04-29,5613.0,1330.0,0.0,0,420.06,0.0,1,15.57,2.27,SPY210716P00355000,355.0,0,0.0,0.0,,0.0,normalDay
2021-04-30,5613.0,1303.0,0.0,0,417.3,0.0,1,15.57,2.54,SPY210716P00355000,355.0,0,0.0,0.0,,0.0,normalDay
2021-05-03,5613.0,1324.0,0.0,0,418.2,0.0,1,15.57,2.33,SPY210716P00355000,355.0,0,0.0,0.0,,0.0,normalDay
2021-05-04,5613.0,1294.0,0.0,0,415.62,0.0,1,15.57,2.63,SPY210716P00355000,355.0,0,0.0,0.0,,0.0,normalDay
2021-05-05,5613.0,1306.0,0.0,0,415.75,0.0,1,15.57,2.51,SPY210716P00355000,355.0,0,0.0,0.0,,0.0,normalDay
2021-05-06,5613.0,1338.0,0.0,0,419.07,0.0,1,15.57,2.19,SPY210716P00355000,355.0,0,0.0,0.0,,0.0,normalDay
2021-05-07,5613.0,1377.0,0.0,0,422.12,0.0,1,15.57,1.8,SPY210716P00355000,355.0,0,0.0,0.0,,0.0,normalDay
2021-05-10,5613.0,1333.0,0.0,0,417.94,0.0,1,15.57,2.24,SPY210716P00355000,355.0,0,0.0,0.0,,0.0,normalDay
2021-05-11,5613.0,1284.0,0.0,0,414.21,0.0,1,15.57,2.73,SPY210716P00355000,355.0,0,0.0,0.0,,0.0,normalDay
2021-05-12,5613.0,1097.0,0.0,0,405.41,0.0,1,15.57,4.6,SPY210716P00355000,355.0,0,0.0,0.0,,0.0,normalDay
2021-05-13,5613.0,1236.0,0.0,0,410.28,0.0,1,15.57,3.21,SPY210716P00355000,355.0,0,0.0,0.0,,0.0,normalDay
2021-05-14,5613.0,1357.0,0.0,0,416.58,0.0,1,15.57,2.0,SPY210716P00355000,355.0,0,0.0,0.0,,0.0,normalDay
2021-05-17,5613.0,1345.0,0.0,0,415.52,0.0,1,15.57,2.12,SPY210716P00355000,355.0,0,0.0,0.0,,0.0,normalDay
2021-05-18,5613.0,1308.0,0.0,0,411.94,0.0,1,15.57,2.49,SPY210716P00355000,355.0,0,0.0,0.0,,0.0,normalDay
2021-05-19,5613.0,1288.0,0.0,0,410.86,0.0,1,15.57,2.69,SPY210716P00355000,355.0,0,0.0,0.0,,0.0,normalDay
2021-05-20,5613.0,1342.0,0.0,0,415.28,0.0,1,15.57,2.15,SPY210716P00355000,355.0,0,0.0,0.0,,0.0,normalDay
2021-05-21,5613.0,1356.0,0.0,0,414.94,0.0,1,15.57,2.01,SPY210716P00355000,355.0,0,0.0,0.0,,0.0,normalDay
2021-05-24,5613.0,1411.0,0.0,0,419.17,0.0,1,15.57,1.46,SPY210716P00355000,355.0,0,0.0,0.0,,0.0,normalDay
2021-05-25,5613.0,1411.0,0.0,0,418.24,0.0,1,15.57,1.46,SPY210716P00355000,355.0,0,0.0,0.0,,0.0,normalDay
2021-05-26,5613.0,1441.0,0.0,0,419.07,0.0,1,15.57,1.16,SPY210716P00355000,355.0,0,0.0,0.0,,0.0,normalDay
2021-05-27,5613.0,1458.0,0.0,0,419.29,0.0,1,15.57,0.99,SPY210716P00355000,355.0,0,0.0,0.0,,0.0,normalDay
2021-05-28,5613.0,1459.0,0.0,0,420.04,0.0,1,15.57,0.98,SPY210716P00355000,355.0,0,0.0,0.0,,0.0,normalDay
2021-06-01,5613.0,1458.0,0.0,0,419.67,0.0,1,15.57,0.99,SPY210716P00355000,355.0,0,0.0,0.0,,0.0,normalDay
2021-06-02,5613.0,1467.0,0.0,0,420.33,0.0,1,15.57,0.9,SPY210716P00355000,355.0,0,0.0,0.0,,0.0,normalDay
2021-06-03,5613.0,1462.0,0.0,0,418.77,0.0,1,15.57,0.95,SPY210716P00355000,355.0,0,0.0,0.0,,0.0,normalDay
2021-06-04,5613.0,1486.0,0.0,0,422.6,0.0,1,15.57,0.71,SPY210716P00355000,355.0,0,0.0,0.0,,0.0,normalDay
2021-06-07,5613.0,1494.0,0.0,0,422.19,0.0,1,15.57,0.63,SPY210716P00355000,355.0,0,0.0,0.0,,0.0,normalDay
2021-06-08,5613.0,1491.0,0.0,0,422.28,0.0,1,15.57,0.66,SPY210716P00355000,355.0,0,0.0,0.0,,0.0,normalDay
2021-06-09,5613.0,1486.0,0.0,0,421.65,0.0,1,15.57,0.71,SPY210716P00355000,355.0,0,0.0,0.0,,0.0,normalDay
2021-06-10,5613.0,1503.0,0.0,0,423.61,0.0,1,15.57,0.54,SPY210716P00355000,355.0,0,0.0,0.0,,0.0,normalDay
2021-06-11,5613.0,1506.0,0.0,0,424.31,0.0,1,15.57,0.51,SPY210716P00355000,355.0,0,0.0,0.0,,0.0,normalDay
2021-06-14,5613.0,1511.0,0.0,0,425.26,0.0,1,15.57,0.46,SPY210716P00355000,355.0,0,0.0,0.0,,0.0,normalDay
2021-06-15,5613.0,1507.0,0.0,0,424.48,0.0,1,15.57,0.5,SPY210716P00355000,355.0,0,0.0,0.0,,0.0,normalDay
2021-06-16,5613.0,1502.0,0.0,0,422.11,0.0,1,15.57,0.55,SPY210716P00355000,355.0,0,0.0,0.0,,0.0,normalDay
2021-06-17,5613.0,1506.0,0.0,0,421.97,0.0,1,15.57,0.51,SPY210716P00355000,355.0,0,0.0,0.0,,0.0,normalDay
2021-06-18,5613.0,1481.0,0.0,0,414.92,0.0,1,15.57,0.76,SPY210716P00355000,355.0,0,0.0,0.0,,0.0,normalDay
2021-06-21,5613.0,1518.0,0.0,0,420.86,0.0,1,15.57,0.39,SPY210716P00355000,355.0,0,0.0,0.0,,0.0,normalDay
2021-06-22,5613.0,1525.0,0.0,0,423.11,0.0,1,15.57,0.32,SPY210716P00355000,355.0,0,0.0,0.0,,0.0,normalDay
2021-06-23,5613.0,1530.0,0.0,0,422.6,0.0,1,15.57,0.27,SPY210716P00355000,355.0,0,0.0,0.0,,0.0,normalDay
2021-06-24,5613.0,1533.0,0.0,0,425.1,0.0,1,15.57,0.24,SPY210716P00355000,355.0,0,0.0,0.0,,0.0,normalDay
2021-06-25,5613.0,1537.0,0.0,0,426.61,0.0,1,15.57,0.2,SPY210716P00355000,355.0,0,0.0,0.0,,0.0,normalDay
2021-06-28,5613.0,1543.0,0.0,0,427.47,0.0,1,15.57,0.14,SPY210716P00355000,355.0,0,0.0,0.0,,0.0,normalDay
2021-06-29,5613.0,1543.0,0.0,0,427.7,0.0,1,15.57,0.14,SPY210716P00355000,355.0,0,0.0,0.0,,0.0,normalDay
2021-06-30,5613.0,1546.0,0.0,0,428.06,0.0,1,15.57,0.11,SPY210716P00355000,355.0,0,0.0,0.0,,0.0,normalDay
2021-07-01,5613.0,1549.0,0.0,0,430.43,0.0,1,15.57,0.08,SPY210716P00355000,355.0,0,0.0,0.0,,0.0,normalDay
2021-07-02,5613.0,1551.0,0.0,0,433.72,0.0,1,15.57,0.06,SPY210716P00355000,355.0,0,0.0,0.0,,0.0,normalDay
2021-07-06,5613.0,1552.0,0.0,0,432.93,0.0,1,15.57,0.05,SPY210716P00355000,355.0,0,0.0,0.0,,0.0,normalDay
2021-07-07,5613.0,1554.0,0.0,0,434.46,0.0,1,15.57,0.03,SPY210716P00355000,355.0,0,0.0,0.0,,0.0,normalDay
2021-07-08,5613.0,1551.0,0.0,0,430.92,0.0,1,15.57,0.06,SPY210716P00355000,355.0,0,0.0,0.0,,0.0,normalDay
2021-07-09,5613.0,1555.0,0.0,0,435.52,0.0,1,15.57,0.02,SPY210716P00355000,355.0,0,0.0,0.0,,0.0,normalDay
2021-07-12,5613.0,1556.0,0.0,0,437.08,0.0,1,15.57,0.01,SPY210716P00355000,355.0,0,0.0,0.0,,0.0,normalDay
2021-07-13,5613.0,1556.0,0.0,0,435.59,0.0,1,15.57,0.01,SPY210716P00355000,355.0,0,0.0,0.0,,0.0,normalDay
2021-07-14,5613.0,1556.0,0.0,0,436.24,0.0,1,15.57,0.01,SPY210716P00355000,355.0,0,0.0,0.0,,0.0,normalDay
2021-07-15,5613.0,1556.0,0.0,0,434.75,0.0,1,15.57,0.01,SPY210716P00355000,355.0,0,0.0,0.0,,0.0,normalDay
2021-07-16,7170.0,0.0,1557.0,0,431.34,0.0,1,15.57,0.0,SPY210716P00355000,355.0,0,0.0,0.0,,0.0,expirationDay
2021-07-19,7170.0,-15.0,0.0,0,424.97,0.0,1,20.38,20.53,SPY220218P00411000,411.0,0,0.0,0.0,,0.0,normalDay
2021-07-20,7170.0,227.0,0.0,0,431.06,0.0,1,20.38,18.11,SPY220218P00411000,411.0,0,0.0,0.0,,0.0,normalDay
2021-07-21,7170.0,386.0,0.0,0,434.55,0.0,1,20.38,16.52,SPY220218P00411000,411.0,0,0.0,0.0,,0.0,normalDay
2021-07-22,7170.0,416.0,0.0,0,435.46,0.0,1,20.38,16.22,SPY220218P00411000,411.0,0,0.0,0.0,,0.0,normalDay
2021-07-23,7170.0,516.0,0.0,0,439.94,0.0,1,20.38,15.22,SPY220218P00411000,411.0,0,0.0,0.0,,0.0,normalDay
2021-07-26,7170.0,547.0,0.0,0,441.02,0.0,1,20.38,14.91,SPY220218P00411000,411.0,0,0.0,0.0,,0.0,normalDay
2021-07-27,7170.0,450.0,0.0,0,439.01,0.0,1,20.38,15.88,SPY220218P00411000,411.0,0,0.0,0.0,,0.0,normalDay
2021-07-28,7170.0,475.0,0.0,0,438.83,0.0,1,20.38,15.63,SPY220218P00411000,411.0,0,0.0,0.0,,0.0,normalDay
2021-07-29,7170.0,555.0,0.0,0,440.65,0.0,1,20.38,14.83,SPY220218P00411000,411.0,0,0.0,0.0,,0.0,normalDay
2021-07-30,7170.0,513.0,0.0,0,438.51,0.0,1,20.38,15.25,SPY220218P00411000,411.0,0,0.0,0.0,,0.0,normalDay
2021-08-02,7170.0,457.0,0.0,0,437.59,0.0,1,20.38,15.81,SPY220218P00411000,411.0,0,0.0,0.0,,0.0,normalDay
2021-08-03,7170.0,578.0,0.0,0,441.15,0.0,1,20.38,14.6,SPY220218P00411000,411.0,0,0.0,0.0,,0.0,normalDay
2021-08-04,7170.0,540.0,0.0,0,438.98,0.0,1,20.38,14.98,SPY220218P00411000,411.0,0,0.0,0.0,,0.0,normalDay
2021-08-05,7170.0,625.0,0.0,0,441.76,0.0,1,20.38,14.13,SPY220218P00411000,411.0,0,0.0,0.0,,0.0,normalDay
2021-08-06,7170.0,687.0,0.0,0,442.49,0.0,1,20.38,13.51,SPY220218P00411000,411.0,0,0.0,0.0,,0.0,normalDay
2021-08-09,7170.0,663.0,0.0,0,442.13,0.0,1,20.38,13.75,SPY220218P00411000,411.0,0,0.0,0.0,,0.0,normalDay
2021-08-10,7170.0,663.0,0.0,0,442.68,0.0,1,20.38,13.75,SPY220218P00411000,411.0,0,0.0,0.0,,0.0,normalDay
2021-08-11,7170.0,717.0,0.0,0,443.78,0.0,1,20.38,13.21,SPY220218P00411000,411.0,0,0.0,0.0,,0.0,normalDay
2021-08-12,7170.0,768.0,0.0,0,445.11,0.0,1,20.38,12.7,SPY220218P00411000,411.0,0,0.0,0.0,,0.0,normalDay
2021-08-13,7170.0,788.0,0.0,0,445.92,0.0,1,20.38,12.5,SPY220218P00411000,411.0,0,0.0,0.0,,0.0,normalDay
2021-08-16,7170.0,813.0,0.0,0,446.97,0.0,1,20.38,12.25,SPY220218P00411000,411.0,0,0.0,0.0,,0.0,normalDay
2021-08-17,7170.0,685.0,0.0,0,444.04,0.0,1,20.38,13.53,SPY220218P00411000,411.0,0,0.0,0.0,,0.0,normalDay
2021-08-18,7170.0,489.0,0.0,0,439.18,0.0,1,20.38,15.49,SPY220218P00411000,411.0,0,0.0,0.0,,0.0,normalDay
2021-08-19,7170.0,505.0,0.0,0,439.86,0.0,1,20.38,15.33,SPY220218P00411000,411.0,0,0.0,0.0,,0.0,normalDay
2021-08-20,7170.0,650.0,0.0,0,443.36,0.0,1,20.38,13.88,SPY220218P00411000,411.0,0,0.0,0.0,,0.0,normalDay
2021-08-23,7170.0,804.0,0.0,0,447.26,0.0,1,20.38,12.34,SPY220218P00411000,411.0,0,0.0,0.0,,0.0,normalDay
2021-08-24,7170.0,798.0,0.0,0,447.97,0.0,1,20.38,12.4,SPY220218P00411000,411.0,0,0.0,0.0,,0.0,normalDay
2021-08-25,7170.0,849.0,0.0,0,448.91,0.0,1,20.38,11.89,SPY220218P00411000,411.0,0,0.0,0.0,,0.0,normalDay
2021-08-26,7170.0,753.0,0.0,0,446.26,0.0,1,20.38,12.85,SPY220218P00411000,411.0,0,0.0,0.0,,0.0,normalDay
2021-08-27,7170.0,892.0,0.0,0,450.25,0.0,1,20.38,11.46,SPY220218P00411000,411.0,0,0.0,0.0,,0.0,normalDay
2021-08-30,7170.0,939.0,0.0,0,452.23,0.0,1,20.38,10.99,SPY220218P00411000,411.0,0,0.0,0.0,,0.0,normalDay
2021-08-31,7170.0,931.0,0.0,0,451.56,0.0,1,20.38,11.07,SPY220218P00411000,411.0,0,0.0,0.0,,0.0,normalDay
2021-09-01,7170.0,957.0,0.0,0,451.8,0.0,1,20.38,10.81,SPY220218P00411000,411.0,0,0.0,0.0,,0.0,normalDay
2021-09-02,7170.0,988.0,0.0,0,453.19,0.0,1,20.38,10.5,SPY220218P00411000,411.0,0,0.0,0.0,,0.0,normalDay
2021-09-03,7170.0,972.0,0.0,0,453.08,0.0,1,20.38,10.66,SPY220218P00411000,411.0,0,0.0,0.0,,0.0,normalDay
2021-09-07,7170.0,912.0,0.0,0,451.46,0.0,1,20.38,11.26,SPY220218P00411000,411.0,0,0.0,0.0,,0.0,normalDay
2021-09-08,7170.0,903.0,0.0,0,450.91,0.0,1,20.38,11.35,SPY220218P00411000,411.0,0,0.0,0.0,,0.0,normalDay
2021-09-09,7170.0,842.0,0.0,0,448.98,0.0,1,20.38,11.96,SPY220218P00411000,411.0,0,0.0,0.0,,0.0,normalDay
2021-09-10,7170.0,760.0,0.0,0,445.44,0.0,1,20.38,12.78,SPY220218P00411000,411.0,0,0.0,0.0,,0.0,normalDay
2021-09-13,7170.0,833.0,0.0,0,446.58,0.0,1,20.38,12.05,SPY220218P00411000,411.0,0,0.0,0.0,,0.0,normalDay
2021-09-14,7170.0,778.0,0.0,0,444.17,0.0,1,20.38,12.6,SPY220218P00411000,411.0,0,0.0,0.0,,0.0,normalDay
2021-09-15,7170.0,894.0,0.0,0,447.88,0.0,1,20.38,11.44,SPY220218P00411000,411.0,0,0.0,0.0,,0.0,normalDay
2021-09-16,7170.0,872.0,0.0,0,447.17,0.0,1,20.38,11.66,SPY220218P00411000,411.0,0,0.0,0.0,,0.0,normalDay
2021-09-17,7170.0,738.0,0.0,0,441.4,0.0,1,20.38,13.0,SPY220218P00411000,411.0,0,0.0,0.0,,0.0,normalDay
2021-09-20,7170.0,437.0,0.0,0,434.04,0.0,1,20.38,16.01,SPY220218P00411000,411.0,0,0.0,0.0,,0.0,normalDay
2021-09-21,7170.0,470.0,0.0,0,433.63,0.0,1,20.38,15.68,SPY220218P00411000,411.0,0,0.0,0.0,,0.0,normalDay
2021-09-22,7170.0,693.0,0.0,0,437.86,0.0,1,20.38,13.45,SPY220218P00411000,411.0,0,0.0,0.0,,0.0,normalDay
2021-09-23,7170.0,887.0,0.0,0,443.18,0.0,1,20.38,11.51,SPY220218P00411000,411.0,0,0.0,0.0,,0.0,normalDay
2021-09-24,7170.0,925.0,0.0,0,443.91,0.0,1,20.38,11.13,SPY220218P00411000,411.0,0,0.0,0.0,,0.0,normalDay
2021-09-27,7170.0,888.0,0.0,0,442.64,0.0,1,20.38,11.5,SPY220218P00411000,411.0,0,0.0,0.0,,0.0,normalDay
2021-09-28,7170.0,585.0,0.0,0,433.72,0.0,1,20.38,14.53,SPY220218P00411000,411.0,0,0.0,0.0,,0.0,normalDay
2021-09-29,7170.0,617.0,0.0,0,434.45,0.0,1,20.38,14.21,SPY220218P00411000,411.0,0,0.0,0.0,,0.0,normalDay
2021-09-30,7170.0,485.0,0.0,0,429.14,0.0,1,20.38,15.53,SPY220218P00411000,411.0,0,0.0,0.0,,0.0,normalDay
2021-10-01,7170.0,669.0,0.0,0,434.24,0.0,1,20.38,13.69,SPY220218P00411000,411.0,0,0.0,0.0,,0.0,normalDay
2021-10-04,7170.0,491.0,0.0,0,428.64,0.0,1,20.38,15.47,SPY220218P00411000,411.0,0,0.0,0.0,,0.0,normalDay
2021-10-05,7170.0,662.0,0.0,0,433.1,0.0,1,20.38,13.76,SPY220218P00411000,411.0,0,0.0,0.0,,0.0,normalDay
2021-10-06,7170.0,719.0,0.0,0,434.9,0.0,1,20.38,13.19,SPY220218P00411000,411.0,0,0.0,0.0,,0.0,normalDay
2021-10-07,7170.0,864.0,0.0,0,438.66,0.0,1,20.38,11.74,SPY220218P00411000,411.0,0,0.0,0.0,,0.0,normalDay
2021-10-08,7170.0,851.0,0.0,0,437.86,0.0,1,20.38,11.87,SPY220218P00411000,411.0,0,0.0,0.0,,0.0,normalDay
2021-10-11,7170.0,787.0,0.0,0,434.69,0.0,1,20.38,12.51,SPY220218P00411000,411.0,0,0.0,0.0,,0.0,normalDay
2021-10-12,7170.0,775.0,0.0,0,433.62,0.0,1,20.38,12.63,SPY220218P00411000,411.0,0,0.0,0.0,,0.0,normalDay
2021-10-13,7170.0,899.0,0.0,0,435.18,0.0,1,20.38,11.39,SPY220218P00411000,411.0,0,0.0,0.0,,0.0,normalDay
2021-10-14,7170.0,1103.0,0.0,0,442.5,0.0,1,20.38,9.35,SPY220218P00411000,411.0,0,0.0,0.0,,0.0,normalDay
2021-10-15,7170.0,1164.0,0.0,0,445.87,0.0,1,20.38,8.74,SPY220218P00411000,411.0,0,0.0,0.0,,0.0,normalDay
2021-10-18,7170.0,1197.0,0.0,0,447.19,0.0,1,20.38,8.41,SPY220218P00411000,411.0,0,0.0,0.0,,0.0,normalDay
2021-10-19,7170.0,1283.0,0.0,0,450.64,0.0,1,20.38,7.55,SPY220218P00411000,411.0,0,0.0,0.0,,0.0,normalDay
2021-10-20,7170.0,1305.0,0.0,0,452.41,0.0,1,20.38,7.33,SPY220218P00411000,411.0,0,0.0,0.0,,0.0,normalDay
2021-10-21,7170.0,1341.0,0.0,0,453.59,0.0,1,20.38,6.97,SPY220218P00411000,411.0,0,0.0,0.0,,0.0,normalDay
2021-10-22,7170.0,1305.0,0.0,0,453.12,0.0,1,20.38,7.33,SPY220218P00411000,411.0,0,0.0,0.0,,0.0,normalDay
2021-10-25,7170.0,1374.0,0.0,0,455.55,0.0,1,20.38,6.64,SPY220218P00411000,411.0,0,0.0,0.0,,0.0,normalDay
2021-10-26,7170.0,1380.0,0.0,0,455.96,0.0,1,20.38,6.58,SPY220218P00411000,411.0,0,0.0,0.0,,0.0,normalDay
2021-10-27,7170.0,1317.0,0.0,0,453.94,0.0,1,20.38,7.21,SPY220218P00411000,411.0,0,0.0,0.0,,0.0,normalDay
2021-10-28,7170.0,1392.0,0.0,0,458.32,0.0,1,20.38,6.46,SPY220218P00411000,411.0,0,0.0,0.0,,0.0,normalDay
2021-10-29,7170.0,1413.0,0.0,0,459.25,0.0,1,20.38,6.25,SPY220218P00411000,411.0,0,0.0,0.0,,0.0,normalDay
2021-11-01,7170.0,1436.0,0.0,0,460.04,0.0,1,20.38,6.02,SPY220218P00411000,411.0,0,0.0,0.0,,0.0,normalDay
2021-11-02,7170.0,1472.0,0.0,0,461.9,0.0,1,20.38,5.66,SPY220218P00411000,411.0,0,0.0,0.0,,0.0,normalDay
2021-11-03,7170.0,1535.0,0.0,0,464.72,0.0,1,20.38,5.03,SPY220218P00411000,411.0,0,0.0,0.0,,0.0,normalDay
2021-11-04,7170.0,1559.0,0.0,0,466.91,0.0,1,20.38,4.79,SPY220218P00411000,411.0,0,0.0,0.0,,0.0,normalDay
2021-11-05,7170.0,1547.0,0.0,0,468.53,0.0,1,20.38,4.91,SPY220218P00411000,411.0,0,0.0,0.0,,0.0,normalDay
2021-11-08,7170.0,1543.0,0.0,0,468.93,0.0,1,20.38,4.95,SPY220218P00411000,411.0,0,0.0,0.0,,0.0,normalDay
2021-11-09,7170.0,1524.0,0.0,0,467.38,0.0,1,20.38,5.14,SPY220218P00411000,411.0,0,0.0,0.0,,0.0,normalDay
2021-11-10,7170.0,1478.0,0.0,0,463.62,0.0,1,20.38,5.6,SPY220218P00411000,411.0,0,0.0,0.0,,0.0,normalDay
2021-11-11,7170.0,1523.0,0.0,0,463.77,0.0,1,20.38,5.15,SPY220218P00411000,411.0,0,0.0,0.0,,0.0,normalDay
2021-11-12,7170.0,1584.0,0.0,0,467.27,0.0,1,20.38,4.54,SPY220218P00411000,411.0,0,0.0,0.0,,0.0,normalDay
2021-11-15,7170.0,1595.0,0.0,0,467.43,0.0,1,20.38,4.43,SPY220218P00411000,411.0,0,0.0,0.0,,0.0,normalDay
2021-11-16,7170.0,1618.0,0.0,0,469.28,0.0,1,20.38,4.2,SPY220218P00411000,411.0,0,0.0,0.0,,0.0,normalDay
2021-11-17,7170.0,1584.0,0.0,0,468.14,0.0,1,20.38,4.54,SPY220218P00411000,411.0,0,0.0,0.0,,0.0,normalDay
2021-11-18,7170.0,1597.0,0.0,0,469.73,0.0,1,20.38,4.41,SPY220218P00411000,411.0,0,0.0,0.0,,0.0,normalDay
2021-11-19,7170.0,1587.0,0.0,0,468.89,0.0,1,20.38,4.51,SPY220218P00411000,411.0,0,0.0,0.0,,0.0,normalDay
2021-11-22,7170.0,1564.0,0.0,0,467.57,0.0,1,20.38,4.74,SPY220218P00411000,411.0,0,0.0,0.0,,0.0,normalDay
2021-11-23,7170.0,1583.0,0.0,0,468.19,0.0,1,20.38,4.55,SPY220218P00411000,411.0,0,0.0,0.0,,0.0,normalDay
2021-11-24,7170.0,1622.0,0.0,0,469.44,0.0,1,20.38,4.16,SPY220218P00411000,411.0,0,0.0,0.0,,0.0,normalDay
2021-11-26,7170.0,1122.0,0.0,0,458.97,0.0,1,20.38,9.16,SPY220218P00411000,411.0,0,0.0,0.0,,0.0,normalDay
2021-11-29,7170.0,1509.0,0.0,0,464.6,0.0,1,20.38,5.29,SPY220218P00411000,411.0,0,0.0,0.0,,0.0,normalDay
2021-11-30,7170.0,1314.0,0.0,0,455.56,0.0,1,20.38,7.24,SPY220218P00411000,411.0,0,0.0,0.0,,0.0,normalDay
2021-12-01,7170.0,1075.0,0.0,0,450.5,0.0,1,20.38,9.63,SPY220218P00411000,411.0,0,0.0,0.0,,0.0,normalDay
2021-12-02,7170.0,1277.0,0.0,0,457.4,0.0,1,20.38,7.61,SPY220218P00411000,411.0,0,0.0,0.0,,0.0,normalDay
2021-12-03,7170.0,1131.0,0.0,0,453.42,0.0,1,20.38,9.07,SPY220218P00411000,411.0,0,0.0,0.0,,0.0,normalDay
2021-12-06,7170.0,1338.0,0.0,0,458.79,0.0,1,20.38,7.0,SPY220218P00411000,411.0,0,0.0,0.0,,0.0,normalDay
2021-12-07,7170.0,1591.0,0.0,0,468.28,0.0,1,20.38,4.47,SPY220218P00411000,411.0,0,0.0,0.0,,0.0,normalDay
2021-12-08,7170.0,1665.0,0.0,0,469.52,0.0,1,20.38,3.73,SPY220218P00411000,411.0,0,0.0,0.0,,0.0,normalDay
2021-12-09,7170.0,1612.0,0.0,0,466.35,0.0,1,20.38,4.26,SPY220218P00411000,411.0,0,0.0,0.0,,0.0,normalDay
2021-12-10,7170.0,1698.0,0.0,0,470.74,0.0,1,20.38,3.4,SPY220218P00411000,411.0,0,0.0,0.0,,0.0,normalDay
2021-12-13,7170.0,1651.0,0.0,0,466.57,0.0,1,20.38,3.87,SPY220218P00411000,411.0,0,0.0,0.0,,0.0,normalDay
2021-12-14,7170.0,1601.0,0.0,0,463.36,0.0,1,20.38,4.37,SPY220218P00411000,411.0,0,0.0,0.0,,0.0,normalDay
2021-12-15,7170.0,1732.0,0.0,0,470.6,0.0,1,20.38,3.06,SPY220218P00411000,411.0,0,0.0,0.0,,0.0,normalDay
2021-12-16,7170.0,1676.0,0.0,0,466.45,0.0,1,20.38,3.62,SPY220218P00411000,411.0,0,0.0,0.0,,0.0,normalDay
2021-12-17,7170.0,1604.0,0.0,0,459.87,0.0,1,20.38,4.34,SPY220218P00411000,411.0,0,0.0,0.0,,0.0,normalDay
2021-12-20,7170.0,1552.0,0.0,0,454.98,0.0,1,20.38,4.86,SPY220218P00411000,411.0,0,0.0,0.0,,0.0,normalDay
2021-12-21,7170.0,1684.0,0.0,0,463.06,0.0,1,20.38,3.54,SPY220218P00411000,411.0,0,0.0,0.0,,0.0,normalDay
2021-12-22,7170.0,1773.0,0.0,0,467.69,0.0,1,20.38,2.65,SPY220218P00411000,411.0,0,0.0,0.0,,0.0,normalDay
2021-12-23,7170.0,1808.0,0.0,0,470.6,0.0,1,20.38,2.3,SPY220218P00411000,411.0,0,0.0,0.0,,0.0,normalDay
2021-12-27,7170.0,1868.0,0.0,0,477.26,0.0,1,20.38,1.7,SPY220218P00411000,411.0,0,0.0,0.0,,0.0,normalDay
2021-12-28,7170.0,1877.0,0.0,0,476.87,0.0,1,20.38,1.61,SPY220218P00411000,411.0,0,0.0,0.0,,0.0,normalDay
2021-12-29,7170.0,1900.0,0.0,0,477.48,0.0,1,20.38,1.38,SPY220218P00411000,411.0,0,0.0,0.0,,0.0,normalDay
2021-12-30,7170.0,1893.0,0.0,0,476.16,0.0,1,20.38,1.45,SPY220218P00411000,411.0,0,0.0,0.0,,0.0,normalDay
2021-12-31,7170.0,1902.0,0.0,0,474.96,0.0,1,20.38,1.36,SPY220218P00411000,411.0,0,0.0,0.0,,0.0,normalDay
2022-01-03,7170.0,1930.0,0.0,0,477.71,0.0,1,20.38,1.08,SPY220218P00411000,411.0,0,0.0,0.0,,0.0,normalDay
2022-01-04,7170.0,1929.0,0.0,0,477.55,0.0,1,20.38,1.09,SPY220218P00411000,411.0,0,0.0,0.0,,0.0,normalDay
2022-01-05,7170.0,1859.0,0.0,0,468.38,0.0,1,20.38,1.79,SPY220218P00411000,411.0,0,0.0,0.0,,0.0,normalDay
2022-01-06,7170.0,1870.0,0.0,0,467.94,0.0,1,20.38,1.68,SPY220218P00411000,411.0,0,0.0,0.0,,0.0,normalDay
2022-01-07,7170.0,1889.0,0.0,0,466.09,0.0,1,20.38,1.49,SPY220218P00411000,411.0,0,0.0,0.0,,0.0,normalDay
2022-01-10,7170.0,1892.0,0.0,0,465.51,0.0,1,20.38,1.46,SPY220218P00411000,411.0,0,0.0,0.0,,0.0,normalDay
2022-01-11,7170.0,1925.0,0.0,0,469.75,0.0,1,20.38,1.13,SPY220218P00411000,411.0,0,0.0,0.0,,0.0,normalDay
2022-01-12,7170.0,1943.0,0.0,0,471.02,0.0,1,20.38,0.95,SPY220218P00411000,411.0,0,0.0,0.0,,0.0,normalDay
2022-01-13,7170.0,1894.0,0.0,0,464.53,0.0,1,20.38,1.44,SPY220218P00411000,411.0,0,0.0,0.0,,0.0,normalDay
2022-01-14,7170.0,1921.0,0.0,0,464.72,0.0,1,20.38,1.17,SPY220218P00411000,411.0,0,0.0,0.0,,0.0,normalDay
2022-01-18,7170.0,1846.0,0.0,0,456.49,0.0,1,20.38,1.92,SPY220218P00411000,411.0,0,0.0,0.0,,0.0,normalDay
2022-01-19,7170.0,1815.0,0.0,0,451.75,0.0,1,20.38,2.23,SPY220218P00411000,411.0,0,0.0,0.0,,0.0,normalDay
2022-01-20,7170.0,1740.0,0.0,0,446.75,0.0,1,20.38,2.98,SPY220218P00411000,411.0,0,0.0,0.0,,0.0,normalDay
2022-01-21,7170.0,1566.0,0.0,0,437.98,0.0,1,20.38,4.72,SPY220218P00411000,411.0,0,0.0,0.0,,0.0,normalDay
2022-01-24,7170.0,1559.0,0.0,0,439.84,0.0,1,20.38,4.79,SPY220218P00411000,411.0,0,0.0,0.0,,0.0,normalDay
2022-01-25,7170.0,1435.0,0.0,0,434.47,0.0,1,20.38,6.03,SPY220218P00411000,411.0,0,0.0,0.0,,0.0,normalDay
2022-01-26,7170.0,1445.0,0.0,0,433.38,0.0,1,20.38,5.93,SPY220218P00411000,411.0,0,0.0,0.0,,0.0,normalDay
2022-01-27,7170.0,1489.0,0.0,0,431.24,0.0,1,20.38,5.49,SPY220218P00411000,411.0,0,0.0,0.0,,0.0,normalDay
2022-01-28,7170.0,1733.0,0.0,0,441.95,0.0,1,20.38,3.05,SPY220218P00411000,411.0,0,0.0,0.0,,0.0,normalDay
2022-01-31,7170.0,1880.0,0.0,0,449.91,0.0,1,20.38,1.58,SPY220218P00411000,411.0,0,0.0,0.0,,0.0,normalDay
2022-02-01,7170.0,1950.0,0.0,0,452.95,0.0,1,20.38,0.88,SPY220218P00411000,411.0,0,0.0,0.0,,0.0,normalDay
2022-02-02,7170.0,1971.0,0.0,0,457.35,0.0,1,20.38,0.67,SPY220218P00411000,411.0,0,0.0,0.0,,0.0,normalDay
2022-02-03,7170.0,1928.0,0.0,0,446.6,0.0,1,20.38,1.1,SPY220218P00411000,411.0,0,0.0,0.0,,0.0,normalDay
2022-02-04,7170.0,1956.0,0.0,0,448.7,0.0,1,20.38,0.82,SPY220218P00411000,411.0,0,0.0,0.0,,0.0,normalDay
2022-02-07,7170.0,1990.0,0.0,0,447.26,0.0,1,20.38,0.48,SPY220218P00411000,411.0,0,0.0,0.0,,0.0,normalDay
2022-02-08,7170.0,2007.0,0.0,0,450.94,0.0,1,20.38,0.31,SPY220218P00411000,411.0,0,0.0,0.0,,0.0,normalDay
2022-02-09,7170.0,2023.0,0.0,0,457.54,0.0,1,20.38,0.15,SPY220218P00411000,411.0,0,0.0,0.0,,0.0,normalDay
2022-02-10,7170.0,1999.0,0.0,0,449.32,0.0,1,20.38,0.39,SPY220218P00411000,411.0,0,0.0,0.0,,0.0,normalDay
2022-02-11,7170.0,1968.0,0.0,0,440.46,0.0,1,20.38,0.7,SPY220218P00411000,411.0,0,0.0,0.0,,0.0,normalDay
2022-02-14,7170.0,2004.0,0.0,0,439.02,0.0,1,20.38,0.34,SPY220218P00411000,411.0,0,0.0,0.0,,0.0,normalDay
2022-02-15,7170.0,2021.0,0.0,0,446.1,0.0,1,20.38,0.17,SPY220218P00411000,411.0,0,0.0,0.0,,0.0,normalDay
2022-02-16,7170.0,2033.0,0.0,0,446.6,0.0,1,20.38,0.05,SPY220218P00411000,411.0,0,0.0,0.0,,0.0,normalDay
2022-02-17,7170.0,2033.0,0.0,0,437.06,0.0,1,20.38,0.05,SPY220218P00411000,411.0,0,0.0,0.0,,0.0,normalDay
2022-02-18,9208.0,0.0,2038.0,0,434.23,0.0,1,20.38,0.0,SPY220218P00411000,411.0,0,0.0,0.0,,0.0,expirationDay
2022-02-22,9208.0,-104.0,0.0,0,429.57,0.0,1,23.53,24.57,SPY220930P00412000,412.0,0,0.0,0.0,,0.0,normalDay
2022-02-23,9208.0,-452.0,0.0,0,421.95,0.0,1,23.53,28.05,SPY220930P00412000,412.0,0,0.0,0.0,,0.0,normalDay
2022-02-24,9208.0,-226.0,0.0,0,428.3,0.0,1,23.53,25.79,SPY220930P00412000,412.0,0,0.0,0.0,,0.0,normalDay
2022-02-25,9208.0,165.0,0.0,0,437.75,0.0,1,23.53,21.88,SPY220930P00412000,412.0,0,0.0,0.0,,0.0,normalDay
2022-02-28,9208.0,84.0,0.0,0,436.63,0.0,1,23.53,22.69,SPY220930P00412000,412.0,0,0.0,0.0,,0.0,normalDay
2022-03-01,9208.0,-279.0,0.0,0,429.98,0.0,1,23.53,26.32,SPY220930P00412000,412.0,0,0.0,0.0,,0.0,normalDay
2022-03-02,9208.0,31.0,0.0,0,437.89,0.0,1,23.53,23.22,SPY220930P00412000,412.0,0,0.0,0.0,,0.0,normalDay
2022-03-03,9208.0,-23.0,0.0,0,435.71,0.0,1,23.53,23.76,SPY220930P00412000,412.0,0,0.0,0.0,,0.0,normalDay
2022-03-04,9208.0,-221.0,0.0,0,432.17,0.0,1,23.53,25.74,SPY220930P00412000,412.0,0,0.0,0.0,,0.0,normalDay
2022-03-07,9208.0,-810.0,0.0,0,419.43,0.0,1,23.53,31.63,SPY220930P00412000,412.0,0,0.0,0.0,,0.0,normalDay
2022-03-08,9208.0,-904.0,0.0,0,416.25,0.0,1,23.53,32.57,SPY220930P00412000,412.0,0,0.0,0.0,,0.0,normalDay
2022-03-09,9208.0,-429.0,0.0,0,427.41,0.0,1,23.53,27.82,SPY220930P00412000,412.0,0,0.0,0.0,,0.0,normalDay
2022-03-10,9208.0,-379.0,0.0,0,425.48,0.0,1,23.53,27.32,SPY220930P00412000,412.0,0,0.0,0.0,,0.0,normalDay
2022-03-11,9208.0,-609.0,0.0,0,420.07,0.0,1,23.53,29.62,SPY220930P00412000,412.0,0,0.0,0.0,,0.0,normalDay
2022-03-14,9208.0,-711.0,0.0,0,417.0,0.0,1,23.53,30.64,SPY220930P00412000,412.0,0,0.0,0.0,,0.0,normalDay
2022-03-15,9208.0,-356.0,0.0,0,426.17,0.0,1,23.53,27.09,SPY220930P00412000,412.0,0,0.0,0.0,,0.0,normalDay
2022-03-16,9208.0,106.0,0.0,0,435.62,0.0,1,23.53,22.47,SPY220930P00412000,412.0,0,0.0,0.0,,0.0,normalDay
2022-03-17,9208.0,319.0,0.0,0,441.07,0.0,1,23.53,20.34,SPY220930P00412000,412.0,0,0.0,0.0,,0.0,normalDay
2022-03-18,9208.0,553.0,0.0,0,444.52,0.0,1,23.53,18.0,SPY220930P00412000,412.0,0,0.0,0.0,,0.0,normalDay
2022-03-21,9208.0,573.0,0.0,0,444.39,0.0,1,23.53,17.8,SPY220930P00412000,412.0,0,0.0,0.0,,0.0,normalDay
2022-03-22,9208.0,744.0,0.0,0,449.59,0.0,1,23.53,16.09,SPY220930P00412000,412.0,0,0.0,0.0,,0.0,normalDay
2022-03-23,9208.0,583.0,0.0,0,443.8,0.0,1,23.53,17.7,SPY220930P00412000,412.0,0,0.0,0.0,,0.0,normalDay
2022-03-24,9208.0,775.0,0.0,0,450.49,0.0,1,23.53,15.78,SPY220930P00412000,412.0,0,0.0,0.0,,0.0,normalDay
2022-03-25,9208.0,846.0,0.0,0,452.69,0.0,1,23.53,15.07,SPY220930P00412000,412.0,0,0.0,0.0,,0.0,normalDay
2022-03-28,9208.0,956.0,0.0,0,455.91,0.0,1,23.53,13.97,SPY220930P00412000,412.0,0,0.0,0.0,,0.0,normalDay
2022-03-29,9208.0,1086.0,0.0,0,461.55,0.0,1,23.53,12.67,SPY220930P00412000,412.0,0,0.0,0.0,,0.0,normalDay
2022-03-30,9208.0,1026.0,0.0,0,458.7,0.0,1,23.53,13.27,SPY220930P00412000,412.0,0,0.0,0.0,,0.0,normalDay
2022-03-31,9208.0,848.0,0.0,0,451.64,0.0,1,23.53,15.05,SPY220930P00412000,412.0,0,0.0,0.0,,0.0,normalDay
2022-04-01,9208.0,910.0,0.0,0,452.92,0.0,1,23.53,14.43,SPY220930P00412000,412.0,0,0.0,0.0,,0.0,normalDay
2022-04-04,9208.0,1054.0,0.0,0,456.8,0.0,1,23.53,12.99,SPY220930P00412000,412.0,0,0.0,0.0,,0.0,normalDay
2022-04-05,9208.0,834.0,0.0,0,451.03,0.0,1,23.53,15.19,SPY220930P00412000,412.0,0,0.0,0.0,,0.0,normalDay
2022-04-06,9208.0,736.0,0.0,0,446.52,0.0,1,23.53,16.17,SPY220930P00412000,412.0,0,0.0,0.0,,0.0,normalDay
2022-04-07,9208.0,801.0,0.0,0,448.77,0.0,1,23.53,15.52,SPY220930P00412000,412.0,0,0.0,0.0,,0.0,normalDay
2022-04-08,9208.0,796.0,0.0,0,447.57,0.0,1,23.53,15.57,SPY220930P00412000,412.0,0,0.0,0.0,,0.0,normalDay
2022-04-11,9208.0,563.0,0.0,0,439.92,0.0,1,23.53,17.9,SPY220930P00412000,412.0,0,0.0,0.0,,0.0,normalDay
2022-04-12,9208.0,521.0,0.0,0,438.29,0.0,1,23.53,18.32,SPY220930P00412000,412.0,0,0.0,0.0,,0.0,normalDay
2022-04-13,9208.0,737.0,0.0,0,443.31,0.0,1,23.53,16.16,SPY220930P00412000,412.0,0,0.0,0.0,,0.0,normalDay
2022-04-14,9208.0,573.0,0.0,0,437.79,0.0,1,23.53,17.8,SPY220930P00412000,412.0,0,0.0,0.0,,0.0,normalDay
2022-04-18,9208.0,662.0,0.0,0,437.97,0.0,1,23.53,16.91,SPY220930P00412000,412.0,0,0.0,0.0,,0.0,normalDay
2022-04-19,9208.0,799.0,0.0,0,445.04,0.0,1,23.53,15.54,SPY220930P00412000,412.0,0,0.0,0.0,,0.0,normalDay
2022-04-20,9208.0,901.0,0.0,0,444.71,0.0,1,23.53,14.52,SPY220930P00412000,412.0,0,0.0,0.0,,0.0,normalDay
2022-04-21,9208.0,635.0,0.0,0,438.06,0.0,1,23.53,17.18,SPY220930P00412000,412.0,0,0.0,0.0,,0.0,normalDay
2022-04-22,9208.0,121.0,0.0,0,426.04,0.0,1,23.53,22.32,SPY220930P00412000,412.0,0,0.0,0.0,,0.0,normalDay
2022-04-25,9208.0,296.0,0.0,0,428.51,0.0,1,23.53,20.57,SPY220930P00412000,412.0,0,0.0,0.0,,0.0,normalDay
2022-04-26,9208.0,-357.0,0.0,0,416.1,0.0,1,23.53,27.1,SPY220930P00412000,412.0,0,0.0,0.0,,0.0,normalDay
2022-04-27,9208.0,-153.0,0.0,0,417.27,0.0,1,23.53,25.06,SPY220930P00412000,412.0,0,0.0,0.0,,0.0,normalDay
2022-04-28,9208.0,187.0,0.0,0,427.81,0.0,1,23.53,21.66,SPY220930P00412000,412.0,0,0.0,0.0,,0.0,normalDay
2022-04-29,9208.0,-364.0,0.0,0,412.0,0.0,1,23.53,27.17,SPY220930P00412000,412.0,0,0.0,0.0,,0.0,normalDay
2022-05-02,9208.0,-229.0,0.0,0,414.48,0.0,1,23.53,25.82,SPY220930P00412000,412.0,0,0.0,0.0,,0.0,normalDay
2022-05-03,9208.0,-39.0,0.0,0,416.38,0.0,1,23.53,23.92,SPY220930P00412000,412.0,0,0.0,0.0,,0.0,normalDay
2022-05-04,9208.0,470.0,0.0,0,429.06,0.0,1,23.53,18.83,SPY220930P00412000,412.0,0,0.0,0.0,,0.0,normalDay
2022-05-05,9208.0,-261.0,0.0,0,413.81,0.0,1,23.53,26.14,SPY220930P00412000,412.0,0,0.0,0.0,,0.0,normalDay
2022-05-06,9208.0,-370.0,0.0,0,411.34,0.0,1,23.53,27.23,SPY220930P00412000,412.0,0,0.0,0.0,,0.0,normalDay
2022-05-09,9208.0,-993.0,0.0,0,398.17,0.0,1,23.53,33.46,SPY220930P00412000,412.0,0,0.0,0.0,,0.0,normalDay
2022-05-10,9208.0,-928.0,0.0,0,399.09,0.0,1,23.53,32.81,SPY220930P00412000,412.0,0,0.0,0.0,,0.0,normalDay
2022-05-11,9208.0,-1235.0,0.0,0,392.75,0.0,1,23.53,35.88,SPY220930P00412000,412.0,0,0.0,0.0,,0.0,normalDay
2022-05-12,9208.0,-1243.0,0.0,0,392.34,0.0,1,23.53,35.96,SPY220930P00412000,412.0,0,0.0,0.0,,0.0,normalDay
2022-05-13,9208.0,-674.0,0.0,0,401.72,0.0,1,23.53,30.27,SPY220930P00412000,412.0,0,0.0,0.0,,0.0,normalDay
2022-05-16,9208.0,-702.0,0.0,0,400.09,0.0,1,23.53,30.55,SPY220930P00412000,412.0,0,0.0,0.0,,0.0,normalDay
2022-05-17,9208.0,-228.0,0.0,0,408.32,0.0,1,23.53,25.81,SPY220930P00412000,412.0,0,0.0,0.0,,0.0,normalDay
2022-05-18,9208.0,-1248.0,0.0,0,391.86,0.0,1,23.53,36.01,SPY220930P00412000,412.0,0,0.0,0.0,,0.0,normalDay
2022-05-19,9208.0,-1267.0,0.0,0,389.46,0.0,1,23.53,36.2,SPY220930P00412000,412.0,0,0.0,0.0,,0.0,normalDay
2022-05-20,9208.0,-1257.0,0.0,0,389.63,0.0,1,23.53,36.1,SPY220930P00412000,412.0,0,0.0,0.0,,0.0,normalDay
2022-05-23,9208.0,-784.0,0.0,0,396.92,0.0,1,23.53,31.37,SPY220930P00412000,412.0,0,0.0,0.0,,0.0,normalDay
2022-05-24,9208.0,-967.0,0.0,0,393.89,0.0,1,23.53,33.2,SPY220930P00412000,412.0,0,0.0,0.0,,0.0,normalDay
2022-05-25,9208.0,-768.0,0.0,0,397.37,0.0,1,23.53,31.21,SPY220930P00412000,412.0,0,0.0,0.0,,0.0,normalDay
2022-05-26,9208.0,-354.0,0.0,0,405.31,0.0,1,23.53,27.07,SPY220930P00412000,412.0,0,0.0,0.0,,0.0,normalDay
2022-05-27,9208.0,177.0,0.0,0,415.26,0.0,1,23.53,21.76,SPY220930P00412000,412.0,0,0.0,0.0,,0.0,normalDay
2022-05-31,9208.0,88.0,0.0,0,412.93,0.0,1,23.53,22.65,SPY220930P00412000,412.0,0,0.0,0.0,,0.0,normalDay
2022-06-01,9208.0,-19.0,0.0,0,409.59,0.0,1,23.53,23.72,SPY220930P00412000,412.0,0,0.0,0.0,,0.0,normalDay
2022-06-02,9208.0,354.0,0.0,0,417.39,0.0,1,23.53,19.99,SPY220930P00412000,412.0,0,0.0,0.0,,0.0,normalDay
2022-06-03,9208.0,65.0,0.0,0,410.54,0.0,1,23.53,22.88,SPY220930P00412000,412.0,0,0.0,0.0,,0.0,normalDay
2022-06-06,9208.0,145.0,0.0,0,411.79,0.0,1,23.53,22.08,SPY220930P00412000,412.0,0,0.0,0.0,,0.0,normalDay
2022-06-07,9208.0,330.0,0.0,0,415.74,0.0,1,23.53,20.23,SPY220930P00412000,412.0,0,0.0,0.0,,0.0,normalDay
2022-06-08,9208.0,172.0,0.0,0,411.22,0.0,1,23.53,21.81,SPY220930P00412000,412.0,0,0.0,0.0,,0.0,normalDay
2022-06-09,9208.0,-333.0,0.0,0,401.44,0.0,1,23.53,26.86,SPY220930P00412000,412.0,0,0.0,0.0,,0.0,normalDay
2022-06-10,9208.0,-1050.0,0.0,0,389.8,0.0,1,23.53,34.03,SPY220930P00412000,412.0,0,0.0,0.0,,0.0,normalDay
2022-06-13,9208.0,-2156.0,0.0,0,375.0,0.0,1,23.53,45.09,SPY220930P00412000,412.0,0,0.0,0.0,,0.0,normalDay
2022-06-14,9208.0,-2250.0,0.0,0,373.87,0.0,1,23.53,46.03,SPY220930P00412000,412.0,0,0.0,0.0,,0.0,normalDay
2022-06-15,9208.0,-1734.0,0.0,0,379.2,0.0,1,23.53,40.87,SPY220930P00412000,412.0,0,0.0,0.0,,0.0,normalDay
2022-06-16,9208.0,-2687.0,0.0,0,366.65,0.0,1,23.53,50.4,SPY220930P00412000,412.0,0,0.0,0.0,,0.0,normalDay
2022-06-17,9208.0,-2572.0,0.0,0,365.86,0.0,1,23.53,49.25,SPY220930P00412000,412.0,0,0.0,0.0,,0.0,normalDay
2022-06-21,9208.0,-1859.0,0.0,0,375.07,0.0,1,23.53,42.12,SPY220930P00412000,412.0,0,0.0,0.0,,0.0,normalDay
2022-06-22,9208.0,-1855.0,0.0,0,374.39,0.0,1,23.53,42.08,SPY220930P00412000,412.0,0,0.0,0.0,,0.0,normalDay
2022-06-23,9208.0,-1677.0,0.0,0,378.06,0.0,1,23.53,40.3,SPY220930P00412000,412.0,0,0.0,0.0,,0.0,normalDay
2022-06-24,9208.0,-809.0,0.0,0,390.08,0.0,1,23.53,31.62,SPY220930P00412000,412.0,0,0.0,0.0,,0.0,normalDay
2022-06-27,9208.0,-744.0,0.0,0,388.59,0.0,1,23.53,30.97,SPY220930P00412000,412.0,0,0.0,0.0,,0.0,normalDay
2022-06-28,9208.0,-1350.0,0.0,0,380.65,0.0,1,23.53,37.03,SPY220930P00412000,412.0,0,0.0,0.0,,0.0,normalDay
2022-06-29,9208.0,-1334.0,0.0,0,380.34,0.0,1,23.53,36.87,SPY220930P00412000,412.0,0,0.0,0.0,,0.0,normalDay
2022-06-30,9208.0,-1665.0,0.0,0,377.25,0.0,1,23.53,40.18,SPY220930P00412000,412.0,0,0.0,0.0,,0.0,normalDay
2022-07-01,9208.0,-1292.0,0.0,0,381.24,0.0,1,23.53,36.45,SPY220930P00412000,412.0,0,0.0,0.0,,0.0,normalDay
2022-07-05,9208.0,-1234.0,0.0,0,381.96,0.0,1,23.53,35.87,SPY220930P00412000,412.0,0,0.0,0.0,,0.0,normalDay
2022-07-06,9208.0,-1063.0,0.0,0,383.25,0.0,1,23.53,34.16,SPY220930P00412000,412.0,0,0.0,0.0,,0.0,normalDay
2022-07-07,9208.0,-683.0,0.0,0,388.99,0.0,1,23.53,30.36,SPY220930P00412000,412.0,0,0.0,0.0,,0.0,normalDay
2022-07-08,9208.0,-621.0,0.0,0,388.67,0.0,1,23.53,29.74,SPY220930P00412000,412.0,0,0.0,0.0,,0.0,normalDay
2022-07-11,9208.0,-928.0,0.0,0,384.23,0.0,1,23.53,32.81,SPY220930P00412000,412.0,0,0.0,0.0,,0.0,normalDay
2022-07-12,9208.0,-1229.0,0.0,0,380.83,0.0,1,23.53,35.82,SPY220930P00412000,412.0,0,0.0,0.0,,0.0,normalDay
2022-07-13,9208.0,-1374.0,0.0,0,378.83,0.0,1,23.53,37.27,SPY220930P00412000,412.0,0,0.0,0.0,,0.0,normalDay
2022-07-14,9208.0,-1399.0,0.0,0,377.91,0.0,1,23.53,37.52,SPY220930P00412000,412.0,0,0.0,0.0,,0.0,normalDay
2022-07-15,9208.0,-809.0,0.0,0,385.13,0.0,1,23.53,31.62,SPY220930P00412000,412.0,0,0.0,0.0,,0.0,normalDay
2022-07-18,9208.0,-1047.0,0.0,0,381.95,0.0,1,23.53,34.0,SPY220930P00412000,412.0,0,0.0,0.0,,0.0,normalDay
2022-07-19,9208.0,-281.0,0.0,0,392.27,0.0,1,23.53,26.34,SPY220930P00412000,412.0,0,0.0,0.0,,0.0,normalDay
2022-07-20,9208.0,-119.0,0.0,0,394.77,0.0,1,23.53,24.72,SPY220930P00412000,412.0,0,0.0,0.0,,0.0,normalDay
2022-07-21,9208.0,149.0,0.0,0,398.79,0.0,1,23.53,22.04,SPY220930P00412000,412.0,0,0.0,0.0,,0.0,normalDay
2022-07-22,9208.0,-75.0,0.0,0,395.09,0.0,1,23.53,24.28,SPY220930P00412000,412.0,0,0.0,0.0,,0.0,normalDay
2022-07-25,9208.0,48.0,0.0,0,395.57,0.0,1,23.53,23.05,SPY220930P00412000,412.0,0,0.0,0.0,,0.0,normalDay
2022-07-26,9208.0,-243.0,0.0,0,390.89,0.0,1,23.53,25.96,SPY220930P00412000,412.0,0,0.0,0.0,,0.0,normalDay
2022-07-27,9208.0,330.0,0.0,0,401.04,0.0,1,23.53,20.23,SPY220930P00412000,412.0,0,0.0,0.0,,0.0,normalDay
2022-07-28,9208.0,747.0,0.0,0,406.07,0.0,1,23.53,16.06,SPY220930P00412000,412.0,0,0.0,0.0,,0.0,normalDay
2022-07-29,9208.0,994.0,0.0,0,411.99,0.0,1,23.53,13.59,SPY220930P00412000,412.0,0,0.0,0.0,,0.0,normalDay
2022-08-01,9208.0,907.0,0.0,0,410.77,0.0,1,23.53,14.46,SPY220930P00412000,412.0,0,0.0,0.0,,0.0,normalDay
2022-08-02,9208.0,720.0,0.0,0,408.06,0.0,1,23.53,16.33,SPY220930P00412000,412.0,0,0.0,0.0,,0.0,normalDay
2022-08-03,9208.0,1081.0,0.0,0,414.45,0.0,1,23.53,12.72,SPY220930P00412000,412.0,0,0.0,0.0,,0.0,normalDay
2022-08-04,9208.0,1107.0,0.0,0,414.17,0.0,1,23.53,12.46,SPY220930P00412000,412.0,0,0.0,0.0,,0.0,normalDay
2022-08-05,9208.0,1083.0,0.0,0,413.47,0.0,1,23.53,12.7,SPY220930P00412000,412.0,0,0.0,0.0,,0.0,normalDay
2022-08-08,9208.0,1109.0,0.0,0,412.99,0.0,1,23.53,12.44,SPY220930P00412000,412.0,0,0.0,0.0,,0.0,normalDay
2022-08-09,9208.0,1044.0,0.0,0,411.35,0.0,1,23.53,13.09,SPY220930P00412000,412.0,0,0.0,0.0,,0.0,normalDay
2022-08-10,9208.0,1437.0,0.0,0,419.99,0.0,1,23.53,9.16,SPY220930P00412000,412.0,0,0.0,0.0,,0.0,normalDay
2022-08-11,9208.0,1463.0,0.0,0,419.99,0.0,1,23.53,8.9,SPY220930P00412000,412.0,0,0.0,0.0,,0.0,normalDay
2022-08-12,9208.0,1676.0,0.0,0,427.1,0.0,1,23.53,6.77,SPY220930P00412000,412.0,0,0.0,0.0,,0.0,normalDay
2022-08-15,9208.0,1746.0,0.0,0,428.86,0.0,1,23.53,6.07,SPY220930P00412000,412.0,0,0.0,0.0,,0.0,normalDay
2022-08-16,9208.0,1773.0,0.0,0,429.7,0.0,1,23.53,5.8,SPY220930P00412000,412.0,0,0.0,0.0,,0.0,normalDay
2022-08-17,9208.0,1696.0,0.0,0,426.65,0.0,1,23.53,6.57,SPY220930P00412000,412.0,0,0.0,0.0,,0.0,normalDay
2022-08-18,9208.0,1761.0,0.0,0,427.89,0.0,1,23.53,5.92,SPY220930P00412000,412.0,0,0.0,0.0,,0.0,normalDay
2022-08-19,9208.0,1583.0,0.0,0,422.14,0.0,1,23.53,7.7,SPY220930P00412000,412.0,0,0.0,0.0,,0.0,normalDay
2022-08-22,9208.0,1223.0,0.0,0,413.35,0.0,1,23.53,11.3,SPY220930P00412000,412.0,0,0.0,0.0,,0.0,normalDay
2022-08-23,9208.0,1171.0,0.0,0,412.35,0.0,1,23.53,11.82,SPY220930P00412000,412.0,0,0.0,0.0,,0.0,normalDay
2022-08-24,9208.0,1306.0,0.0,0,413.67,0.0,1,23.53,10.47,SPY220930P00412000,412.0,0,0.0,0.0,,0.0,normalDay
2022-08-25,9208.0,1560.0,0.0,0,419.51,0.0,1,23.53,7.93,SPY220930P00412000,412.0,0,0.0,0.0,,0.0,normalDay
2022-08-26,9208.0,817.0,0.0,0,405.31,0.0,1,23.53,15.36,SPY220930P00412000,412.0,0,0.0,0.0,,0.0,normalDay
2022-08-29,9208.0,709.0,0.0,0,402.63,0.0,1,23.53,16.44,SPY220930P00412000,412.0,0,0.0,0.0,,0.0,normalDay
2022-08-30,9208.0,439.0,0.0,0,398.21,0.0,1,23.53,19.14,SPY220930P00412000,412.0,0,0.0,0.0,,0.0,normalDay
2022-08-31,9208.0,271.0,0.0,0,395.18,0.0,1,23.53,20.82,SPY220930P00412000,412.0,0,0.0,0.0,,0.0,normalDay
2022-09-01,9208.0,370.0,0.0,0,396.42,0.0,1,23.53,19.83,SPY220930P00412000,412.0,0,0.0,0.0,,0.0,normalDay
2022-09-02,9208.0,88.0,0.0,0,392.24,0.0,1,23.53,22.65,SPY220930P00412000,412.0,0,0.0,0.0,,0.0,normalDay
2022-09-06,9208.0,-113.0,0.0,0,390.76,0.0,1,23.53,24.66,SPY220930P00412000,412.0,0,0.0,0.0,,0.0,normalDay
2022-09-07,9208.0,509.0,0.0,0,397.78,0.0,1,23.53,18.44,SPY220930P00412000,412.0,0,0.0,0.0,,0.0,normalDay
2022-09-08,9208.0,782.0,0.0,0,400.38,0.0,1,23.53,15.71,SPY220930P00412000,412.0,0,0.0,0.0,,0.0,normalDay
2022-09-09,9208.0,1171.0,0.0,0,406.6,0.0,1,23.53,11.82,SPY220930P00412000,412.0,0,0.0,0.0,,0.0,normalDay
2022-09-12,9208.0,1440.0,0.0,0,410.97,0.0,1,23.53,9.13,SPY220930P00412000,412.0,0,0.0,0.0,,0.0,normalDay
2022-09-13,9208.0,192.0,0.0,0,393.1,0.0,1,23.53,21.61,SPY220930P00412000,412.0,0,0.0,0.0,,0.0,normalDay
2022-09-14,9208.0,338.0,0.0,0,394.6,0.0,1,23.53,20.15,SPY220930P00412000,412.0,0,0.0,0.0,,0.0,normalDay
2022-09-15,9208.0,28.0,0.0,0,390.12,0.0,1,23.53,23.25,SPY220930P00412000,412.0,0,0.0,0.0,,0.0,normalDay
2022-09-16,9208.0,-281.0,0.0,0,385.56,0.0,1,23.53,26.34,SPY220930P00412000,412.0,0,0.0,0.0,,0.0,normalDay
2022-09-19,9208.0,-18.0,0.0,0,388.55,0.0,1,23.53,23.71,SPY220930P00412000,412.0,0,0.0,0.0,,0.0,normalDay
2022-09-20,9208.0,-409.0,0.0,0,384.09,0.0,1,23.53,27.62,SPY220930P00412000,412.0,0,0.0,0.0,,0.0,normalDay
2022-09-21,9208.0,-1119.0,0.0,0,377.39,0.0,1,23.53,34.72,SPY220930P00412000,412.0,0,0.0,0.0,,0.0,normalDay
2022-09-22,9208.0,-1396.0,0.0,0,374.22,0.0,1,23.53,37.49,SPY220930P00412000,412.0,0,0.0,0.0,,0.0,normalDay
2022-09-23,9208.0,-2100.0,0.0,0,367.95,0.0,1,23.53,44.53,SPY220930P00412000,412.0,0,0.0,0.0,,0.0,normalDay
2022-09-26,9208.0,-2491.0,0.0,0,364.31,0.0,1,23.53,48.44,SPY220930P00412000,412.0,0,0.0,0.0,,0.0,normalDay
2022-09-27,9208.0,-2527.0,0.0,0,363.38,0.0,1,23.53,48.8,SPY220930P00412000,412.0,0,0.0,0.0,,0.0,normalDay
2022-09-28,9208.0,-1814.0,0.0,0,370.53,0.0,1,23.53,41.67,SPY220930P00412000,412.0,0,0.0,0.0,,0.0,normalDay
2022-09-29,9208.0,-2566.0,0.0,0,362.79,0.0,1,23.53,49.19,SPY220930P00412000,412.0,0,0.0,0.0,,0.0,normalDay
2022-09-30,11561.0,-5482.0,2353.0,100,357.18,412.0,1,23.53,0.0,SPY220930P00412000,412.0,0,0.0,0.0,,0.0,expirationDay
2022-10-03,11561.0,-4542.0,0.0,100,366.61,412.0,0,0.0,0.0,,0.0,1,1.65,1.68,SPY221118C00406000,406.0,normalDay
2022-10-04,11561.0,-3577.0,0.0,100,377.97,412.0,0,0.0,0.0,,0.0,1,1.65,3.39,SPY221118C00406000,406.0,normalDay
2022-10-05,11561.0,-3639.0,0.0,100,377.09,412.0,0,0.0,0.0,,0.0,1,1.65,3.13,SPY221118C00406000,406.0,normalDay
2022-10-06,11561.0,-3967.0,0.0,100,373.2,412.0,0,0.0,0.0,,0.0,1,1.65,2.52,SPY221118C00406000,406.0,normalDay
2022-10-07,11561.0,-4868.0,0.0,100,362.79,412.0,0,0.0,0.0,,0.0,1,1.65,1.12,SPY221118C00406000,406.0,normalDay
2022-10-10,11561.0,-5137.0,0.0,100,360.02,412.0,0,0.0,0.0,,0.0,1,1.65,1.04,SPY221118C00406000,406.0,normalDay
2022-10-11,11561.0,-5356.0,0.0,100,357.74,412.0,0,0.0,0.0,,0.0,1,1.65,0.95,SPY221118C00406000,406.0,normalDay
2022-10-12,11561.0,-5463.0,0.0,100,356.56,412.0,0,0.0,0.0,,0.0,1,1.65,0.84,SPY221118C00406000,406.0,normalDay
2022-10-13,11561.0,-4600.0,0.0,100,365.97,412.0,0,0.0,0.0,,0.0,1,1.65,1.62,SPY221118C00406000,406.0,normalDay
2022-10-14,11561.0,-5348.0,0.0,100,357.63,412.0,0,0.0,0.0,,0.0,1,1.65,0.76,SPY221118C00406000,406.0,normalDay
2022-10-17,11561.0,-4492.0,0.0,100,366.82,412.0,0,0.0,0.0,,0.0,1,1.65,1.39,SPY221118C00406000,406.0,normalDay
2022-10-18,11561.0,-4105.0,0.0,100,371.13,412.0,0,0.0,0.0,,0.0,1,1.65,1.83,SPY221118C00406000,406.0,normalDay
2022-10-19,11561.0,-4316.0,0.0,100,368.5,412.0,0,0.0,0.0,,0.0,1,1.65,1.31,SPY221118C00406000,406.0,normalDay
2022-10-20,11561.0,-4583.0,0.0,100,365.41,412.0,0,0.0,0.0,,0.0,1,1.65,0.89,SPY221118C00406000,406.0,normalDay
2022-10-21,11561.0,-3797.0,0.0,100,374.29,412.0,0,0.0,0.0,,0.0,1,1.65,1.91,SPY221118C00406000,406.0,normalDay
2022-10-24,11561.0,-3404.0,0.0,100,378.87,412.0,0,0.0,0.0,,0.0,1,1.65,2.56,SPY221118C00406000,406.0,normalDay
2022-10-25,11561.0,-2846.0,0.0,100,384.92,412.0,0,0.0,0.0,,0.0,1,1.65,3.03,SPY221118C00406000,406.0,normalDay
2022-10-26,11561.0,-3083.0,0.0,100,382.02,412.0,0,0.0,0.0,,0.0,1,1.65,2.5,SPY221118C00406000,406.0,normalDay
2022-10-27,11561.0,-3169.0,0.0,100,379.98,412.0,0,0.0,0.0,,0.0,1,1.65,1.32,SPY221118C00406000,406.0,normalDay
2022-10-28,11561.0,-2478.0,0.0,100,389.02,412.0,0,0.0,0.0,,0.0,1,1.65,3.45,SPY221118C00406000,406.0,normalDay
2022-10-31,11561.0,-2646.0,0.0,100,386.21,412.0,0,0.0,0.0,,0.0,1,1.65,2.32,SPY221118C00406000,406.0,normalDay
2022-11-01,11561.0,-2763.0,0.0,100,384.52,412.0,0,0.0,0.0,,0.0,1,1.65,1.8,SPY221118C00406000,406.0,normalDay
2022-11-02,11561.0,-3601.0,0.0,100,374.87,412.0,0,0.0,0.0,,0.0,1,1.65,0.53,SPY221118C00406000,406.0,normalDay
2022-11-03,11561.0,-3964.0,0.0,100,371.01,412.0,0,0.0,0.0,,0.0,1,1.65,0.3,SPY221118C00406000,406.0,normalDay
2022-11-04,11561.0,-3438.0,0.0,100,376.35,412.0,0,0.0,0.0,,0.0,1,1.65,0.38,SPY221118C00406000,406.0,normalDay
2022-11-07,11561.0,-3080.0,0.0,100,379.95,412.0,0,0.0,0.0,,0.0,1,1.65,0.4,SPY221118C00406000,406.0,normalDay
2022-11-08,11561.0,-2886.0,0.0,100,382.0,412.0,0,0.0,0.0,,0.0,1,1.65,0.51,SPY221118C00406000,406.0,normalDay
2022-11-09,11561.0,-3637.0,0.0,100,374.13,412.0,0,0.0,0.0,,0.0,1,1.65,0.15,SPY221118C00406000,406.0,normalDay
2022-11-10,11561.0,-1743.0,0.0,100,394.69,412.0,0,0.0,0.0,,0.0,1,1.65,1.77,SPY221118C00406000,406.0,normalDay
2022-11-11,11561.0,-1352.0,0.0,100,398.51,412.0,0,0.0,0.0,,0.0,1,1.65,1.68,SPY221118C00406000,406.0,normalDay
2022-11-14,11561.0,-1595.0,0.0,100,395.12,412.0,0,0.0,0.0,,0.0,1,1.65,0.72,SPY221118C00406000,406.0,normalDay
2022-11-15,11561.0,-1293.0,0.0,100,398.49,412.0,0,0.0,0.0,,0.0,1,1.65,1.07,SPY221118C00406000,406.0,normalDay
2022-11-16,11561.0,-1513.0,0.0,100,395.45,412.0,0,0.0,0.0,,0.0,1,1.65,0.23,SPY221118C00406000,406.0,normalDay
2022-11-17,11561.0,-1615.0,0.0,100,394.24,412.0,0,0.0,0.0,,0.0,1,1.65,0.04,SPY221118C00406000,406.0,normalDay
2022-11-18,11726.0,-1597.0,165.0,100,396.03,412.0,0,0.0,0.0,,0.0,1,1.65,0.0,SPY221118C00406000,406.0,expirationDay
2022-11-21,11726.0,-1746.0,0.0,100,394.59,412.0,0,0.0,0.0,,0.0,1,7.93,7.98,SPY221230C00400000,400.0,normalDay
2022-11-22,11726.0,-1421.0,0.0,100,399.9,412.0,0,0.0,0.0,,0.0,1,7.93,10.04,SPY221230C00400000,400.0,normalDay
2022-11-23,11726.0,-1276.0,0.0,100,402.42,412.0,0,0.0,0.0,,0.0,1,7.93,11.11,SPY221230C00400000,400.0,normalDay
2022-11-25,11726.0,-1279.0,0.0,100,402.33,412.0,0,0.0,0.0,,0.0,1,7.93,11.05,SPY221230C00400000,400.0,normalDay
2022-11-28,11726.0,-1568.0,0.0,100,395.91,412.0,0,0.0,0.0,,0.0,1,7.93,7.52,SPY221230C00400000,400.0,normalDay
2022-11-29,11726.0,-1567.0,0.0,100,395.23,412.0,0,0.0,0.0,,0.0,1,7.93,6.83,SPY221230C00400000,400.0,normalDay
2022-11-30,11726.0,-1017.0,0.0,100,407.68,412.0,0,0.0,0.0,,0.0,1,7.93,13.78,SPY221230C00400000,400.0,normalDay
2022-12-01,11726.0,-944.0,0.0,100,407.38,412.0,0,0.0,0.0,,0.0,1,7.93,12.75,SPY221230C00400000,400.0,normalDay
2022-12-02,11726.0,-900.0,0.0,100,406.91,412.0,0,0.0,0.0,,0.0,1,7.93,11.84,SPY221230C00400000,400.0,normalDay
2022-12-05,11726.0,-1217.0,0.0,100,399.59,412.0,0,0.0,0.0,,0.0,1,7.93,7.69,SPY221230C00400000,400.0,normalDay
2022-12-06,11726.0,-1551.0,0.0,100,393.83,412.0,0,0.0,0.0,,0.0,1,7.93,5.27,SPY221230C00400000,400.0,normalDay
2022-12-07,11726.0,-1586.0,0.0,100,393.16,412.0,0,0.0,0.0,,0.0,1,7.93,4.95,SPY221230C00400000,400.0,normalDay
2022-12-08,11726.0,-1372.0,0.0,100,396.24,412.0,0,0.0,0.0,,0.0,1,7.93,5.89,SPY221230C00400000,400.0,normalDay
2022-12-09,11726.0,-1532.0,0.0,100,393.28,412.0,0,0.0,0.0,,0.0,1,7.93,4.53,SPY221230C00400000,400.0,normalDay
2022-12-12,11726.0,-1229.0,0.0,100,398.95,412.0,0,0.0,0.0,,0.0,1,7.93,7.17,SPY221230C00400000,400.0,normalDay
2022-12-13,11726.0,-985.0,0.0,100,401.97,412.0,0,0.0,0.0,,0.0,1,7.93,7.75,SPY221230C00400000,400.0,normalDay
2022-12-14,11726.0,-1029.0,0.0,100,399.4,412.0,0,0.0,0.0,,0.0,1,7.93,5.62,SPY221230C00400000,400.0,normalDay
2022-12-15,11726.0,-1618.0,0.0,100,389.63,412.0,0,0.0,0.0,,0.0,1,7.93,1.74,SPY221230C00400000,400.0,normalDay
2022-12-16,11726.0,-2155.0,0.0,100,383.27,412.0,0,0.0,0.0,,0.0,1,7.93,0.75,SPY221230C00400000,400.0,normalDay
2022-12-19,11726.0,-2435.0,0.0,100,380.02,412.0,0,0.0,0.0,,0.0,1,7.93,0.3,SPY221230C00400000,400.0,normalDay
2022-12-20,11726.0,-2379.0,0.0,100,380.54,412.0,0,0.0,0.0,,0.0,1,7.93,0.26,SPY221230C00400000,400.0,normalDay
2022-12-21,11726.0,-1828.0,0.0,100,386.23,412.0,0,0.0,0.0,,0.0,1,7.93,0.44,SPY221230C00400000,400.0,normalDay
2022-12-22,11726.0,-2350.0,0.0,100,380.72,412.0,0,0.0,0.0,,0.0,1,7.93,0.15,SPY221230C00400000,400.0,normalDay
2022-12-23,11726.0,-2123.0,0.0,100,382.91,412.0,0,0.0,0.0,,0.0,1,7.93,0.07,SPY221230C00400000,400.0,normalDay
2022-12-27,11726.0,-2271.0,0.0,100,381.4,412.0,0,0.0,0.0,,0.0,1,7.93,0.04,SPY221230C00400000,400.0,normalDay
2022-12-28,11726.0,-2743.0,0.0,100,376.66,412.0,0,0.0,0.0,,0.0,1,7.93,0.02,SPY221230C00400000,400.0,normalDay
2022-12-29,11726.0,-2064.0,0.0,100,383.44,412.0,0,0.0,0.0,,0.0,1,7.93,0.01,SPY221230C00400000,400.0,normalDay
2022-12-30,12519.0,-2957.0,793.0,100,382.43,412.0,0,0.0,0.0,,0.0,1,7.93,0.0,SPY221230C00400000,400.0,expirationDay
2023-01-03,12519.0,-3123.0,0.0,100,380.82,412.0,0,0.0,0.0,,0.0,1,4.29,4.34,SPY230217C00400000,400.0,normalDay
2023-01-04,12519.0,-2899.0,0.0,100,383.76,412.0,0,0.0,0.0,,0.0,1,4.29,5.04,SPY230217C00400000,400.0,normalDay
2023-01-05,12519.0,-3194.0,0.0,100,379.38,412.0,0,0.0,0.0,,0.0,1,4.29,3.61,SPY230217C00400000,400.0,normalDay
2023-01-06,12519.0,-2559.0,0.0,100,388.08,412.0,0,0.0,0.0,,0.0,1,4.29,5.96,SPY230217C00400000,400.0,normalDay
2023-01-09,12519.0,-2567.0,0.0,100,387.86,412.0,0,0.0,0.0,,0.0,1,4.29,5.82,SPY230217C00400000,400.0,normalDay
2023-01-10,12519.0,-2353.0,0.0,100,390.58,412.0,0,0.0,0.0,,0.0,1,4.29,6.4,SPY230217C00400000,400.0,normalDay
2023-01-11,12519.0,-2098.0,0.0,100,395.52,412.0,0,0.0,0.0,,0.0,1,4.29,8.79,SPY230217C00400000,400.0,normalDay
2023-01-12,12519.0,-1907.0,0.0,100,396.96,412.0,0,0.0,0.0,,0.0,1,4.29,8.32,SPY230217C00400000,400.0,normalDay
2023-01-13,12519.0,-1760.0,0.0,100,398.5,412.0,0,0.0,0.0,,0.0,1,4.29,8.39,SPY230217C00400000,400.0,normalDay
2023-01-17,12519.0,-1783.0,0.0,100,397.77,412.0,0,0.0,0.0,,0.0,1,4.29,7.89,SPY230217C00400000,400.0,normalDay
2023-01-18,12519.0,-2122.0,0.0,100,391.49,412.0,0,0.0,0.0,,0.0,1,4.29,5.0,SPY230217C00400000,400.0,normalDay
2023-01-19,12519.0,-2287.0,0.0,100,388.64,412.0,0,0.0,0.0,,0.0,1,4.29,3.8,SPY230217C00400000,400.0,normalDay
2023-01-20,12519.0,-1828.0,0.0,100,395.88,412.0,0,0.0,0.0,,0.0,1,4.29,6.45,SPY230217C00400000,400.0,normalDay
2023-01-23,12519.0,-1574.0,0.0,100,400.63,412.0,0,0.0,0.0,,0.0,1,4.29,8.66,SPY230217C00400000,400.0,normalDay
2023-01-24,12519.0,-1640.0,0.0,100,400.2,412.0,0,0.0,0.0,,0.0,1,4.29,8.89,SPY230217C00400000,400.0,normalDay
2023-01-25,12519.0,-1551.0,0.0,100,400.35,412.0,0,0.0,0.0,,0.0,1,4.29,8.15,SPY230217C00400000,400.0,normalDay
2023-01-26,12519.0,-1354.0,0.0,100,404.75,412.0,0,0.0,0.0,,0.0,1,4.29,10.58,SPY230217C00400000,400.0,normalDay
2023-01-27,12519.0,-1311.0,0.0,100,405.68,412.0,0,0.0,0.0,,0.0,1,4.29,11.08,SPY230217C00400000,400.0,normalDay
2023-01-30,12519.0,-1556.0,0.0,100,400.59,412.0,0,0.0,0.0,,0.0,1,4.29,8.44,SPY230217C00400000,400.0,normalDay
2023-01-31,12519.0,-1263.0,0.0,100,406.48,412.0,0,0.0,0.0,,0.0,1,4.29,11.4,SPY230217C00400000,400.0,normalDay
2023-02-01,12519.0,-1169.0,0.0,100,410.8,412.0,0,0.0,0.0,,0.0,1,4.29,14.78,SPY230217C00400000,400.0,normalDay
2023-02-02,12519.0,-910.0,0.0,100,416.78,412.0,0,0.0,0.0,,0.0,1,4.29,18.17,SPY230217C00400000,400.0,normalDay
2023-02-03,12519.0,-1027.0,0.0,100,412.35,412.0,0,0.0,0.0,,0.0,1,4.29,14.91,SPY230217C00400000,400.0,normalDay
2023-02-06,12519.0,-1067.0,0.0,100,409.83,412.0,0,0.0,0.0,,0.0,1,4.29,12.79,SPY230217C00400000,400.0,normalDay
2023-02-07,12519.0,-875.0,0.0,100,415.19,412.0,0,0.0,0.0,,0.0,1,4.29,16.23,SPY230217C00400000,400.0,normalDay
2023-02-08,12519.0,-1016.0,0.0,100,410.65,412.0,0,0.0,0.0,,0.0,1,4.29,13.1,SPY230217C00400000,400.0,normalDay
2023-02-09,12519.0,-1118.0,0.0,100,407.09,412.0,0,0.0,0.0,,0.0,1,4.29,10.56,SPY230217C00400000,400.0,normalDay
2023-02-10,12519.0,-1017.0,0.0,100,408.04,412.0,0,0.0,0.0,,0.0,1,4.29,10.5,SPY230217C00400000,400.0,normalDay
2023-02-13,12519.0,-906.0,0.0,100,412.83,412.0,0,0.0,0.0,,0.0,1,4.29,14.18,SPY230217C00400000,400.0,normalDay
2023-02-14,12519.0,-783.0,0.0,100,412.64,412.0,0,0.0,0.0,,0.0,1,4.29,12.76,SPY230217C00400000,400.0,normalDay
2023-02-15,12519.0,-822.0,0.0,100,413.98,412.0,0,0.0,0.0,,0.0,1,4.29,14.49,SPY230217C00400000,400.0,normalDay
2023-02-16,12519.0,-812.0,0.0,100,408.28,412.0,0,0.0,0.0,,0.0,1,4.29,8.69,SPY230217C00400000,400.0,normalDay
2023-02-17,11748.0,-812.0,-771.0,0,407.26,0.0,0,0.0,0.0,,0.0,1,4.29,0.0,SPY230217C00400000,400.0,expirationDay
2023-02-21,11748.0,-42.0,0.0,0,399.09,0.0,1,18.05,18.47,SPY230929P00389000,389.0,0,0.0,0.0,,0.0,normalDay
2023-02-22,11748.0,-26.0,0.0,0,398.54,0.0,1,18.05,18.31,SPY230929P00389000,389.0,0,0.0,0.0,,0.0,normalDay
2023-02-23,11748.0,80.0,0.0,0,400.66,0.0,1,18.05,17.25,SPY230929P00389000,389.0,0,0.0,0.0,,0.0,normalDay
2023-02-24,11748.0,-95.0,0.0,0,396.38,0.0,1,18.05,19.0,SPY230929P00389000,389.0,0,0.0,0.0,,0.0,normalDay
2023-02-27,11748.0,16.0,0.0,0,397.73,0.0,1,18.05,17.89,SPY230929P00389000,389.0,0,0.0,0.0,,0.0,normalDay
2023-02-28,11748.0,-12.0,0.0,0,396.26,0.0,1,18.05,18.17,SPY230929P00389000,389.0,0,0.0,0.0,,0.0,normalDay
2023-03-01,11748.0,-67.0,0.0,0,394.74,0.0,1,18.05,18.72,SPY230929P00389000,389.0,0,0.0,0.0,,0.0,normalDay
2023-03-02,11748.0,64.0,0.0,0,397.81,0.0,1,18.05,17.41,SPY230929P00389000,389.0,0,0.0,0.0,,0.0,normalDay
2023-03-03,11748.0,297.0,0.0,0,404.19,0.0,1,18.05,15.08,SPY230929P00389000,389.0,0,0.0,0.0,,0.0,normalDay
2023-03-06,11748.0,325.0,0.0,0,404.47,0.0,1,18.05,14.8,SPY230929P00389000,389.0,0,0.0,0.0,,0.0,normalDay
2023-03-07,11748.0,133.0,0.0,0,398.27,0.0,1,18.05,16.72,SPY230929P00389000,389.0,0,0.0,0.0,,0.0,normalDay
2023-03-08,11748.0,186.0,0.0,0,398.92,0.0,1,18.05,16.19,SPY230929P00389000,389.0,0,0.0,0.0,,0.0,normalDay
2023-03-09,11748.0,-213.0,0.0,0,391.56,0.0,1,18.05,20.18,SPY230929P00389000,389.0,0,0.0,0.0,,0.0,normalDay
2023-03-10,11748.0,-533.0,0.0,0,385.91,0.0,1,18.05,23.38,SPY230929P00389000,389.0,0,0.0,0.0,,0.0,normalDay
2023-03-13,11748.0,-594.0,0.0,0,385.36,0.0,1,18.05,23.99,SPY230929P00389000,389.0,0,0.0,0.0,,0.0,normalDay
2023-03-14,11748.0,-266.0,0.0,0,391.73,0.0,1,18.05,20.71,SPY230929P00389000,389.0,0,0.0,0.0,,0.0,normalDay
2023-03-15,11748.0,-506.0,0.0,0,389.28,0.0,1,18.05,23.11,SPY230929P00389000,389.0,0,0.0,0.0,,0.0,normalDay
2023-03-16,11748.0,-124.0,0.0,0,396.11,0.0,1,18.05,19.29,SPY230929P00389000,389.0,0,0.0,0.0,,0.0,normalDay
2023-03-17,11748.0,-419.0,0.0,0,389.99,0.0,1,18.05,22.24,SPY230929P00389000,389.0,0,0.0,0.0,,0.0,normalDay
2023-03-20,11748.0,-205.0,0.0,0,393.74,0.0,1,18.05,20.1,SPY230929P00389000,389.0,0,0.0,0.0,,0.0,normalDay
2023-03-21,11748.0,75.0,0.0,0,398.91,0.0,1,18.05,17.3,SPY230929P00389000,389.0,0,0.0,0.0,,0.0,normalDay
2023-03-22,11748.0,-195.0,0.0,0,392.11,0.0,1,18.05,20.0,SPY230929P00389000,389.0,0,0.0,0.0,,0.0,normalDay
2023-03-23,11748.0,-296.0,0.0,0,393.17,0.0,1,18.05,21.01,SPY230929P00389000,389.0,0,0.0,0.0,,0.0,normalDay
2023-03-24,11748.0,-40.0,0.0,0,395.75,0.0,1,18.05,18.45,SPY230929P00389000,389.0,0,0.0,0.0,,0.0,normalDay
2023-03-27,11748.0,75.0,0.0,0,396.49,0.0,1,18.05,17.3,SPY230929P00389000,389.0,0,0.0,0.0,,0.0,normalDay
2023-03-28,11748.0,75.0,0.0,0,395.6,0.0,1,18.05,17.3,SPY230929P00389000,389.0,0,0.0,0.0,,0.0,normalDay
2023-03-29,11748.0,283.0,0.0,0,401.35,0.0,1,18.05,15.22,SPY230929P00389000,389.0,0,0.0,0.0,,0.0,normalDay
2023-03-30,11748.0,354.0,0.0,0,403.7,0.0,1,18.05,14.51,SPY230929P00389000,389.0,0,0.0,0.0,,0.0,normalDay
2023-03-31,11748.0,507.0,0.0,0,409.39,0.0,1,18.05,12.98,SPY230929P00389000,389.0,0,0.0,0.0,,0.0,normalDay
2023-04-03,11748.0,584.0,0.0,0,410.95,0.0,1,18.05,12.21,SPY230929P00389000,389.0,0,0.0,0.0,,0.0,normalDay
2023-04-04,11748.0,505.0,0.0,0,408.67,0.0,1,18.05,13.0,SPY230929P00389000,389.0,0,0.0,0.0,,0.0,normalDay
2023-04-05,11748.0,461.0,0.0,0,407.6,0.0,1,18.05,13.44,SPY230929P00389000,389.0,0,0.0,0.0,,0.0,normalDay
2023-04-06,11748.0,526.0,0.0,0,409.19,0.0,1,18.05,12.79,SPY230929P00389000,389.0,0,0.0,0.0,,0.0,normalDay
2023-04-10,11748.0,574.0,0.0,0,409.61,0.0,1,18.05,12.31,SPY230929P00389000,389.0,0,0.0,0.0,,0.0,normalDay
2023-04-11,11748.0,589.0,0.0,0,409.72,0.0,1,18.05,12.16,SPY230929P00389000,389.0,0,0.0,0.0,,0.0,normalDay
2023-04-12,11748.0,544.0,0.0,0,408.05,0.0,1,18.05,12.61,SPY230929P00389000,389.0,0,0.0,0.0,,0.0,normalDay
2023-04-13,11748.0,713.0,0.0,0,413.47,0.0,1,18.05,10.92,SPY230929P00389000,389.0,0,0.0,0.0,,0.0,normalDay
2023-04-14,11748.0,719.0,0.0,0,412.46,0.0,1,18.05,10.86,SPY230929P00389000,389.0,0,0.0,0.0,,0.0,normalDay
2023-04-17,11748.0,801.0,0.0,0,413.94,0.0,1,18.05,10.04,SPY230929P00389000,389.0,0,0.0,0.0,,0.0,normalDay
2023-04-18,11748.0,802.0,0.0,0,414.21,0.0,1,18.05,10.03,SPY230929P00389000,389.0,0,0.0,0.0,,0.0,normalDay
2023-04-19,11748.0,796.0,0.0,0,414.14,0.0,1,18.05,10.09,SPY230929P00389000,389.0,0,0.0,0.0,,0.0,normalDay
2023-04-20,11748.0,728.0,0.0,0,411.88,0.0,1,18.05,10.77,SPY230929P00389000,389.0,0,0.0,0.0,,0.0,normalDay
2023-04-21,11748.0,734.0,0.0,0,412.2,0.0,1,18.05,10.71,SPY230929P00389000,389.0,0,0.0,0.0,,0.0,normalDay
2023-04-24,11748.0,754.0,0.0,0,412.63,0.0,1,18.05,10.51,SPY230929P00389000,389.0,0,0.0,0.0,,0.0,normalDay
2023-04-25,11748.0,559.0,0.0,0,406.08,0.0,1,18.05,12.46,SPY230929P00389000,389.0,0,0.0,0.0,,0.0,normalDay
2023-04-26,11748.0,496.0,0.0,0,404.36,0.0,1,18.05,13.09,SPY230929P00389000,389.0,0,0.0,0.0,,0.0,normalDay
2023-04-27,11748.0,778.0,0.0,0,412.41,0.0,1,18.05,10.27,SPY230929P00389000,389.0,0,0.0,0.0,,0.0,normalDay
2023-04-28,11748.0,871.0,0.0,0,415.93,0.0,1,18.05,9.34,SPY230929P00389000,389.0,0,0.0,0.0,,0.0,normalDay
2023-05-01,11748.0,885.0,0.0,0,415.51,0.0,1,18.05,9.2,SPY230929P00389000,389.0,0,0.0,0.0,,0.0,normalDay
2023-05-02,11748.0,733.0,0.0,0,410.84,0.0,1,18.05,10.72,SPY230929P00389000,389.0,0,0.0,0.0,,0.0,normalDay
2023-05-03,11748.0,655.0,0.0,0,408.02,0.0,1,18.05,11.5,SPY230929P00389000,389.0,0,0.0,0.0,,0.0,normalDay
2023-05-04,11748.0,500.0,0.0,0,405.13,0.0,1,18.05,13.05,SPY230929P00389000,389.0,0,0.0,0.0,,0.0,normalDay
2023-05-05,11748.0,773.0,0.0,0,412.63,0.0,1,18.05,10.32,SPY230929P00389000,389.0,0,0.0,0.0,,0.0,normalDay
2023-05-08,11748.0,811.0,0.0,0,412.74,0.0,1,18.05,9.94,SPY230929P00389000,389.0,0,0.0,0.0,,0.0,normalDay
2023-05-09,11748.0,765.0,0.0,0,410.93,0.0,1,18.05,10.4,SPY230929P00389000,389.0,0,0.0,0.0,,0.0,normalDay
2023-05-10,11748.0,833.0,0.0,0,412.85,0.0,1,18.05,9.72,SPY230929P00389000,389.0,0,0.0,0.0,,0.0,normalDay
2023-05-11,11748.0,832.0,0.0,0,412.13,0.0,1,18.05,9.73,SPY230929P00389000,389.0,0,0.0,0.0,,0.0,normalDay
2023-05-12,11748.0,815.0,0.0,0,411.59,0.0,1,18.05,9.9,SPY230929P00389000,389.0,0,0.0,0.0,,0.0,normalDay
2023-05-15,11748.0,895.0,0.0,0,413.01,0.0,1,18.05,9.1,SPY230929P00389000,389.0,0,0.0,0.0,,0.0,normalDay
2023-05-16,11748.0,820.0,0.0,0,410.25,0.0,1,18.05,9.85,SPY230929P00389000,389.0,0,0.0,0.0,,0.0,normalDay
2023-05-17,11748.0,962.0,0.0,0,415.23,0.0,1,18.05,8.43,SPY230929P00389000,389.0,0,0.0,0.0,,0.0,normalDay
2023-05-18,11748.0,1078.0,0.0,0,419.23,0.0,1,18.05,7.27,SPY230929P00389000,389.0,0,0.0,0.0,,0.0,normalDay
2023-05-19,11748.0,1045.0,0.0,0,418.62,0.0,1,18.05,7.6,SPY230929P00389000,389.0,0,0.0,0.0,,0.0,normalDay
2023-05-22,11748.0,1053.0,0.0,0,418.79,0.0,1,18.05,7.52,SPY230929P00389000,389.0,0,0.0,0.0,,0.0,normalDay
2023-05-23,11748.0,939.0,0.0,0,414.09,0.0,1,18.05,8.66,SPY230929P00389000,389.0,0,0.0,0.0,,0.0,normalDay
2023-05-24,11748.0,856.0,0.0,0,411.09,0.0,1,18.05,9.49,SPY230929P00389000,389.0,0,0.0,0.0,,0.0,normalDay
2023-05-25,11748.0,958.0,0.0,0,414.65,0.0,1,18.05,8.47,SPY230929P00389000,389.0,0,0.0,0.0,,0.0,normalDay
2023-05-26,11748.0,1093.0,0.0,0,420.02,0.0,1,18.05,7.12,SPY230929P00389000,389.0,0,0.0,0.0,,0.0,normalDay
2023-05-30,11748.0,1130.0,0.0,0,420.18,0.0,1,18.05,6.75,SPY230929P00389000,389.0,0,0.0,0.0,,0.0,normalDay
2023-05-31,11748.0,1096.0,0.0,0,417.85,0.0,1,18.05,7.09,SPY230929P00389000,389.0,0,0.0,0.0,,0.0,normalDay
2023-06-01,11748.0,1222.0,0.0,0,421.82,0.0,1,18.05,5.83,SPY230929P00389000,389.0,0,0.0,0.0,,0.0,normalDay
2023-06-02,11748.0,1331.0,0.0,0,427.92,0.0,1,18.05,4.74,SPY230929P00389000,389.0,0,0.0,0.0,,0.0,normalDay
2023-06-05,11748.0,1339.0,0.0,0,427.1,0.0,1,18.05,4.66,SPY230929P00389000,389.0,0,0.0,0.0,,0.0,normalDay
2023-06-06,11748.0,1390.0,0.0,0,428.03,0.0,1,18.05,4.15,SPY230929P00389000,389.0,0,0.0,0.0,,0.0,normalDay
2023-06-07,11748.0,1380.0,0.0,0,426.55,0.0,1,18.05,4.25,SPY230929P00389000,389.0,0,0.0,0.0,,0.0,normalDay
2023-06-08,11748.0,1422.0,0.0,0,429.13,0.0,1,18.05,3.83,SPY230929P00389000,389.0,0,0.0,0.0,,0.0,normalDay
2023-06-09,11748.0,1431.0,0.0,0,429.9,0.0,1,18.05,3.74,SPY230929P00389000,389.0,0,0.0,0.0,,0.0,normalDay
2023-06-12,11748.0,1457.0,0.0,0,433.8,0.0,1,18.05,3.48,SPY230929P00389000,389.0,0,0.0,0.0,,0.0,normalDay
2023-06-13,11748.0,1483.0,0.0,0,436.66,0.0,1,18.05,3.22,SPY230929P00389000,389.0,0,0.0,0.0,,0.0,normalDay
2023-06-14,11748.0,1506.0,0.0,0,437.18,0.0,1,18.05,2.99,SPY230929P00389000,389.0,0,0.0,0.0,,0.0,normalDay
2023-06-15,11748.0,1527.0,0.0,0,442.6,0.0,1,18.05,2.78,SPY230929P00389000,389.0,0,0.0,0.0,,0.0,normalDay
2023-06-16,11748.0,1534.0,0.0,0,439.46,0.0,1,18.05,2.71,SPY230929P00389000,389.0,0,0.0,0.0,,0.0,normalDay
2023-06-20,11748.0,1510.0,0.0,0,437.18,0.0,1,18.05,2.95,SPY230929P00389000,389.0,0,0.0,0.0,,0.0,normalDay
2023-06-21,11748.0,1508.0,0.0,0,434.94,0.0,1,18.05,2.97,SPY230929P00389000,389.0,0,0.0,0.0,,0.0,normalDay
2023-06-22,11748.0,1538.0,0.0,0,436.51,0.0,1,18.05,2.67,SPY230929P00389000,389.0,0,0.0,0.0,,0.0,normalDay
2023-06-23,11748.0,1509.0,0.0,0,433.21,0.0,1,18.05,2.96,SPY230929P00389000,389.0,0,0.0,0.0,,0.0,normalDay
2023-06-26,11748.0,1502.0,0.0,0,431.44,0.0,1,18.05,3.03,SPY230929P00389000,389.0,0,0.0,0.0,,0.0,normalDay
2023-06-27,11748.0,1558.0,0.0,0,436.17,0.0,1,18.05,2.47,SPY230929P00389000,389.0,0,0.0,0.0,,0.0,normalDay
2023-06-28,11748.0,1586.0,0.0,0,436.39,0.0,1,18.05,2.19,SPY230929P00389000,389.0,0,0.0,0.0,,0.0,normalDay
2023-06-29,11748.0,1587.0,0.0,0,438.11,0.0,1,18.05,2.18,SPY230929P00389000,389.0,0,0.0,0.0,,0.0,normalDay
2023-06-30,11748.0,1618.0,0.0,0,443.28,0.0,1,18.05,1.87,SPY230929P00389000,389.0,0,0.0,0.0,,0.0,normalDay
2023-07-03,11748.0,1624.0,0.0,0,443.79,0.0,1,18.05,1.81,SPY230929P00389000,389.0,0,0.0,0.0,,0.0,normalDay
2023-07-05,11748.0,1618.0,0.0,0,443.13,0.0,1,18.05,1.87,SPY230929P00389000,389.0,0,0.0,0.0,,0.0,normalDay
2023-07-06,11748.0,1578.0,0.0,0,439.66,0.0,1,18.05,2.27,SPY230929P00389000,389.0,0,0.0,0.0,,0.0,normalDay
2023-07-07,11748.0,1586.0,0.0,0,438.55,0.0,1,18.05,2.19,SPY230929P00389000,389.0,0,0.0,0.0,,0.0,normalDay
2023-07-10,11748.0,1600.0,0.0,0,439.66,0.0,1,18.05,2.05,SPY230929P00389000,389.0,0,0.0,0.0,,0.0,normalDay
2023-07-11,11748.0,1620.0,0.0,0,442.46,0.0,1,18.05,1.85,SPY230929P00389000,389.0,0,0.0,0.0,,0.0,normalDay
2023-07-12,11748.0,1658.0,0.0,0,446.02,0.0,1,18.05,1.47,SPY230929P00389000,389.0,0,0.0,0.0,,0.0,normalDay
2023-07-13,11748.0,1666.0,0.0,0,449.56,0.0,1,18.05,1.39,SPY230929P00389000,389.0,0,0.0,0.0,,0.0,normalDay
2023-07-14,11748.0,1672.0,0.0,0,449.28,0.0,1,18.05,1.33,SPY230929P00389000,389.0,0,0.0,0.0,,0.0,normalDay
2023-07-17,11748.0,1681.0,0.0,0,450.84,0.0,1,18.05,1.24,SPY230929P00389000,389.0,0,0.0,0.0,,0.0,normalDay
2023-07-18,11748.0,1697.0,0.0,0,454.19,0.0,1,18.05,1.08,SPY230929P00389000,389.0,0,0.0,0.0,,0.0,normalDay
2023-07-19,11748.0,1691.0,0.0,0,455.2,0.0,1,18.05,1.14,SPY230929P00389000,389.0,0,0.0,0.0,,0.0,normalDay
2023-07-20,11748.0,1684.0,0.0,0,452.18,0.0,1,18.05,1.21,SPY230929P00389000,389.0,0,0.0,0.0,,0.0,normalDay
2023-07-21,11748.0,1689.0,0.0,0,452.18,0.0,1,18.05,1.16,SPY230929P00389000,389.0,0,0.0,0.0,,0.0,normalDay
2023-07-24,11748.0,1700.0,0.0,0,454.2,0.0,1,18.05,1.05,SPY230929P00389000,389.0,0,0.0,0.0,,0.0,normalDay
2023-07-25,11748.0,1707.0,0.0,0,455.44,0.0,1,18.05,0.98,SPY230929P00389000,389.0,0,0.0,0.0,,0.0,normalDay
2023-07-26,11748.0,1718.0,0.0,0,455.51,0.0,1,18.05,0.87,SPY230929P00389000,389.0,0,0.0,0.0,,0.0,normalDay
2023-07-27,11748.0,1696.0,0.0,0,452.49,0.0,1,18.05,1.09,SPY230929P00389000,389.0,0,0.0,0.0,,0.0,normalDay
2023-07-28,11748.0,1722.0,0.0,0,456.92,0.0,1,18.05,0.83,SPY230929P00389000,389.0,0,0.0,0.0,,0.0,normalDay
2023-07-31,11748.0,1729.0,0.0,0,457.79,0.0,1,18.05,0.76,SPY230929P00389000,389.0,0,0.0,0.0,,0.0,normalDay
2023-08-01,11748.0,1726.0,0.0,0,456.48,0.0,1,18.05,0.79,SPY230929P00389000,389.0,0,0.0,0.0,,0.0,normalDay
2023-08-02,11748.0,1686.0,0.0,0,450.13,0.0,1,18.05,1.19,SPY230929P00389000,389.0,0,0.0,0.0,,0.0,normalDay
2023-08-03,11748.0,1692.0,0.0,0,448.84,0.0,1,18.05,1.13,SPY230929P00389000,389.0,0,0.0,0.0,,0.0,normalDay
2023-08-04,11748.0,1663.0,0.0,0,446.81,0.0,1,18.05,1.42,SPY230929P00389000,389.0,0,0.0,0.0,,0.0,normalDay
2023-08-07,11748.0,1704.0,0.0,0,450.71,0.0,1,18.05,1.01,SPY230929P00389000,389.0,0,0.0,0.0,,0.0,normalDay
2023-08-08,11748.0,1697.0,0.0,0,448.75,0.0,1,18.05,1.08,SPY230929P00389000,389.0,0,0.0,0.0,,0.0,normalDay
2023-08-09,11748.0,1697.0,0.0,0,445.75,0.0,1,18.05,1.08,SPY230929P00389000,389.0,0,0.0,0.0,,0.0,normalDay
2023-08-10,11748.0,1698.0,0.0,0,445.91,0.0,1,18.05,1.07,SPY230929P00389000,389.0,0,0.0,0.0,,0.0,normalDay
2023-08-11,11748.0,1713.0,0.0,0,445.65,0.0,1,18.05,0.92,SPY230929P00389000,389.0,0,0.0,0.0,,0.0,normalDay
2023-08-14,11748.0,1731.0,0.0,0,448.11,0.0,1,18.05,0.74,SPY230929P00389000,389.0,0,0.0,0.0,,0.0,normalDay
2023-08-15,11748.0,1705.0,0.0,0,442.89,0.0,1,18.05,1.0,SPY230929P00389000,389.0,0,0.0,0.0,,0.0,normalDay
2023-08-16,11748.0,1692.0,0.0,0,439.64,0.0,1,18.05,1.13,SPY230929P00389000,389.0,0,0.0,0.0,,0.0,normalDay
2023-08-17,11748.0,1666.0,0.0,0,436.29,0.0,1,18.05,1.39,SPY230929P00389000,389.0,0,0.0,0.0,,0.0,normalDay
2023-08-18,11748.0,1691.0,0.0,0,436.5,0.0,1,18.05,1.14,SPY230929P00389000,389.0,0,0.0,0.0,,0.0,normalDay
2023-08-21,11748.0,1715.0,0.0,0,439.34,0.0,1,18.05,0.9,SPY230929P00389000,389.0,0,0.0,0.0,,0.0,normalDay
2023-08-22,11748.0,1721.0,0.0,0,438.15,0.0,1,18.05,0.84,SPY230929P00389000,389.0,0,0.0,0.0,,0.0,normalDay
2023-08-23,11748.0,1745.0,0.0,0,443.03,0.0,1,18.05,0.6,SPY230929P00389000,389.0,0,0.0,0.0,,0.0,normalDay
2023-08-24,11748.0,1723.0,0.0,0,436.89,0.0,1,18.05,0.82,SPY230929P00389000,389.0,0,0.0,0.0,,0.0,normalDay
2023-08-25,11748.0,1749.0,0.0,0,439.97,0.0,1,18.05,0.56,SPY230929P00389000,389.0,0,0.0,0.0,,0.0,normalDay
2023-08-28,11748.0,1767.0,0.0,0,442.76,0.0,1,18.05,0.38,SPY230929P00389000,389.0,0,0.0,0.0,,0.0,normalDay
2023-08-29,11748.0,1777.0,0.0,0,449.16,0.0,1,18.05,0.28,SPY230929P00389000,389.0,0,0.0,0.0,,0.0,normalDay
2023-08-30,11748.0,1780.0,0.0,0,451.01,0.0,1,18.05,0.25,SPY230929P00389000,389.0,0,0.0,0.0,,0.0,normalDay
2023-08-31,11748.0,1783.0,0.0,0,450.35,0.0,1,18.05,0.22,SPY230929P00389000,389.0,0,0.0,0.0,,0.0,normalDay
2023-09-01,11748.0,1785.0,0.0,0,451.19,0.0,1,18.05,0.2,SPY230929P00389000,389.0,0,0.0,0.0,,0.0,normalDay
2023-09-05,11748.0,1786.0,0.0,0,449.24,0.0,1,18.05,0.19,SPY230929P00389000,389.0,0,0.0,0.0,,0.0,normalDay
2023-09-06,11748.0,1785.0,0.0,0,446.22,0.0,1,18.05,0.2,SPY230929P00389000,389.0,0,0.0,0.0,,0.0,normalDay
2023-09-07,11748.0,1788.0,0.0,0,444.85,0.0,1,18.05,0.17,SPY230929P00389000,389.0,0,0.0,0.0,,0.0,normalDay
2023-09-08,11748.0,1789.0,0.0,0,445.52,0.0,1,18.05,0.16,SPY230929P00389000,389.0,0,0.0,0.0,,0.0,normalDay
2023-09-11,11748.0,1793.0,0.0,0,448.45,0.0,1,18.05,0.12,SPY230929P00389000,389.0,0,0.0,0.0,,0.0,normalDay
2023-09-12,11748.0,1793.0,0.0,0,445.99,0.0,1,18.05,0.12,SPY230929P00389000,389.0,0,0.0,0.0,,0.0,normalDay
2023-09-13,11748.0,1796.0,0.0,0,446.51,0.0,1,18.05,0.09,SPY230929P00389000,389.0,0,0.0,0.0,,0.0,normalDay
2023-09-14,11748.0,1795.0,0.0,0,450.36,0.0,1,18.05,0.1,SPY230929P00389000,389.0,0,0.0,0.0,,0.0,normalDay
2023-09-15,11748.0,1794.0,0.0,0,443.37,0.0,1,18.05,0.11,SPY230929P00389000,389.0,0,0.0,0.0,,0.0,normalDay
2023-09-18,11748.0,1797.0,0.0,0,443.63,0.0,1,18.05,0.08,SPY230929P00389000,389.0,0,0.0,0.0,,0.0,normalDay
2023-09-19,11748.0,1797.0,0.0,0,442.71,0.0,1,18.05,0.08,SPY230929P00389000,389.0,0,0.0,0.0,,0.0,normalDay
2023-09-20,11748.0,1796.0,0.0,0,438.64,0.0,1,18.05,0.09,SPY230929P00389000,389.0,0,0.0,0.0,,0.0,normalDay
2023-09-21,11748.0,1788.0,0.0,0,431.39,0.0,1,18.05,0.17,SPY230929P00389000,389.0,0,0.0,0.0,,0.0,normalDay
2023-09-22,11748.0,1792.0,0.0,0,430.42,0.0,1,18.05,0.13,SPY230929P00389000,389.0,0,0.0,0.0,,0.0,normalDay
2023-09-25,11748.0,1799.0,0.0,0,432.23,0.0,1,18.05,0.06,SPY230929P00389000,389.0,0,0.0,0.0,,0.0,normalDay
2023-09-26,11748.0,1798.0,0.0,0,425.88,0.0,1,18.05,0.07,SPY230929P00389000,389.0,0,0.0,0.0,,0.0,normalDay
2023-09-27,11748.0,1801.0,0.0,0,426.05,0.0,1,18.05,0.04,SPY230929P00389000,389.0,0,0.0,0.0,,0.0,normalDay
2023-09-28,11748.0,1802.0,0.0,0,428.52,0.0,1,18.05,0.03,SPY230929P00389000,389.0,0,0.0,0.0,,0.0,normalDay
2023-09-29,13553.0,0.0,1805.0,0,427.48,0.0,1,18.05,0.0,SPY230929P00389000,389.0,0,0.0,0.0,,0.0,expirationDay
2023-10-02,13553.0,-42.0,0.0,0,427.31,0.0,1,10.08,10.5,SPY240328P00406000,406.0,0,0.0,0.0,,0.0,normalDay
2023-10-03,13553.0,-270.0,0.0,0,421.59,0.0,1,10.08,12.78,SPY240328P00406000,406.0,0,0.0,0.0,,0.0,normalDay
2023-10-04,13553.0,-160.0,0.0,0,424.66,0.0,1,10.08,11.68,SPY240328P00406000,406.0,0,0.0,0.0,,0.0,normalDay
2023-10-05,13553.0,-163.0,0.0,0,424.5,0.0,1,10.08,11.71,SPY240328P00406000,406.0,0,0.0,0.0,,0.0,normalDay
2023-10-06,13553.0,12.0,0.0,0,429.54,0.0,1,10.08,9.96,SPY240328P00406000,406.0,0,0.0,0.0,,0.0,normalDay
2023-10-09,13553.0,70.0,0.0,0,432.29,0.0,1,10.08,9.38,SPY240328P00406000,406.0,0,0.0,0.0,,0.0,normalDay
2023-10-10,13553.0,134.0,0.0,0,434.54,0.0,1,10.08,8.74,SPY240328P00406000,406.0,0,0.0,0.0,,0.0,normalDay
2023-10-11,13553.0,206.0,0.0,0,436.32,0.0,1,10.08,8.02,SPY240328P00406000,406.0,0,0.0,0.0,,0.0,normalDay
2023-10-12,13553.0,154.0,0.0,0,433.66,0.0,1,10.08,8.54,SPY240328P00406000,406.0,0,0.0,0.0,,0.0,normalDay
2023-10-13,13553.0,-32.0,0.0,0,431.5,0.0,1,10.08,10.4,SPY240328P00406000,406.0,0,0.0,0.0,,0.0,normalDay
2023-10-16,13553.0,177.0,0.0,0,436.04,0.0,1,10.08,8.31,SPY240328P00406000,406.0,0,0.0,0.0,,0.0,normalDay
2023-10-17,13553.0,155.0,0.0,0,436.02,0.0,1,10.08,8.53,SPY240328P00406000,406.0,0,0.0,0.0,,0.0,normalDay
2023-10-18,13553.0,-5.0,0.0,0,430.21,0.0,1,10.08,10.13,SPY240328P00406000,406.0,0,0.0,0.0,,0.0,normalDay
2023-10-19,13553.0,-196.0,0.0,0,426.43,0.0,1,10.08,12.04,SPY240328P00406000,406.0,0,0.0,0.0,,0.0,normalDay
2023-10-20,13553.0,-298.0,0.0,0,421.19,0.0,1,10.08,13.06,SPY240328P00406000,406.0,0,0.0,0.0,,0.0,normalDay
2023-10-23,13553.0,-234.0,0.0,0,420.46,0.0,1,10.08,12.42,SPY240328P00406000,406.0,0,0.0,0.0,,0.0,normalDay
2023-10-24,13553.0,-268.0,0.0,0,423.63,0.0,1,10.08,12.76,SPY240328P00406000,406.0,0,0.0,0.0,,0.0,normalDay
2023-10-25,13553.0,-324.0,0.0,0,417.55,0.0,1,10.08,13.32,SPY240328P00406000,406.0,0,0.0,0.0,,0.0,normalDay
2023-10-26,13553.0,-526.0,0.0,0,412.55,0.0,1,10.08,15.34,SPY240328P00406000,406.0,0,0.0,0.0,,0.0,normalDay
2023-10-27,13553.0,-578.0,0.0,0,410.68,0.0,1,10.08,15.86,SPY240328P00406000,406.0,0,0.0,0.0,,0.0,normalDay
2023-10-30,13553.0,-340.0,0.0,0,415.59,0.0,1,10.08,13.48,SPY240328P00406000,406.0,0,0.0,0.0,,0.0,normalDay
2023-10-31,13553.0,-186.0,0.0,0,418.2,0.0,1,10.08,11.94,SPY240328P00406000,406.0,0,0.0,0.0,,0.0,normalDay
2023-11-01,13553.0,-6.0,0.0,0,422.66,0.0,1,10.08,10.14,SPY240328P00406000,406.0,0,0.0,0.0,,0.0,normalDay
2023-11-02,13553.0,212.0,0.0,0,430.76,0.0,1,10.08,7.96,SPY240328P00406000,406.0,0,0.0,0.0,,0.0,normalDay
2023-11-03,13553.0,321.0,0.0,0,434.69,0.0,1,10.08,6.87,SPY240328P00406000,406.0,0,0.0,0.0,,0.0,normalDay
2023-11-06,13553.0,360.0,0.0,0,435.69,0.0,1,10.08,6.48,SPY240328P00406000,406.0,0,0.0,0.0,,0.0,normalDay
2023-11-07,13553.0,392.0,0.0,0,436.93,0.0,1,10.08,6.16,SPY240328P00406000,406.0,0,0.0,0.0,,0.0,normalDay
2023-11-08,13553.0,418.0,0.0,0,437.25,0.0,1,10.08,5.9,SPY240328P00406000,406.0,0,0.0,0.0,,0.0,normalDay
2023-11-09,13553.0,342.0,0.0,0,433.84,0.0,1,10.08,6.66,SPY240328P00406000,406.0,0,0.0,0.0,,0.0,normalDay
2023-11-10,13553.0,487.0,0.0,0,440.61,0.0,1,10.08,5.21,SPY240328P00406000,406.0,0,0.0,0.0,,0.0,normalDay
2023-11-13,13553.0,487.0,0.0,0,440.19,0.0,1,10.08,5.21,SPY240328P00406000,406.0,0,0.0,0.0,,0.0,normalDay
2023-11-14,13553.0,591.0,0.0,0,448.73,0.0,1,10.08,4.17,SPY240328P00406000,406.0,0,0.0,0.0,,0.0,normalDay
2023-11-15,13553.0,596.0,0.0,0,449.68,0.0,1,10.08,4.12,SPY240328P00406000,406.0,0,0.0,0.0,,0.0,normalDay
2023-11-16,13553.0,615.0,0.0,0,450.23,0.0,1,10.08,3.93,SPY240328P00406000,406.0,0,0.0,0.0,,0.0,normalDay
2023-11-17,13553.0,636.0,0.0,0,450.79,0.0,1,10.08,3.72,SPY240328P00406000,406.0,0,0.0,0.0,,0.0,normalDay
2023-11-20,13553.0,670.0,0.0,0,454.26,0.0,1,10.08,3.38,SPY240328P00406000,406.0,0,0.0,0.0,,0.0,normalDay
2023-11-21,13553.0,675.0,0.0,0,453.27,0.0,1,10.08,3.33,SPY240328P00406000,406.0,0,0.0,0.0,,0.0,normalDay
2023-11-22,13553.0,692.0,0.0,0,455.02,0.0,1,10.08,3.16,SPY240328P00406000,406.0,0,0.0,0.0,,0.0,normalDay
2023-11-24,13553.0,706.0,0.0,0,455.3,0.0,1,10.08,3.02,SPY240328P00406000,406.0,0,0.0,0.0,,0.0,normalDay
2023-11-27,13553.0,705.0,0.0,0,454.48,0.0,1,10.08,3.03,SPY240328P00406000,406.0,0,0.0,0.0,,0.0,normalDay
2023-11-28,13553.0,717.0,0.0,0,454.93,0.0,1,10.08,2.91,SPY240328P00406000,406.0,0,0.0,0.0,,0.0,normalDay
2023-11-29,13553.0,707.0,0.0,0,454.61,0.0,1,10.08,3.01,SPY240328P00406000,406.0,0,0.0,0.0,,0.0,normalDay
2023-11-30,13553.0,717.0,0.0,0,456.4,0.0,1,10.08,2.91,SPY240328P00406000,406.0,0,0.0,0.0,,0.0,normalDay
