date,totalCapital,unrializedPnL,rializedPnL,stocksOwned,stocksPriceToday,stocksPriceBoughtAt,putOwned,putOwnedSoldAt,putPriceToday,putOwnedContract,putOwnedStrike,callOwned,callOwnedSoldAt,callPriceToday,callOwnedContract,callOwnedStrike,trackType
2018-11-01,0.0,-7.0,0.0,0,273.51,0.0,1,3.58,3.65,SPY181119P00272000,272.0,0,0.0,0.0,,0.0,normalDay
2018-11-02,0.0,-52.0,0.0,0,271.89,0.0,1,3.58,4.1,SPY181119P00272000,272.0,0,0.0,0.0,,0.0,normalDay
2018-11-05,0.0,45.0,0.0,0,273.39,0.0,1,3.58,3.13,SPY181119P00272000,272.0,0,0.0,0.0,,0.0,normalDay
2018-11-06,0.0,115.0,0.0,0,275.12,0.0,1,3.58,2.43,SPY181119P00272000,272.0,0,0.0,0.0,,0.0,normalDay
2018-11-07,0.0,295.0,0.0,0,281.01,0.0,1,3.58,0.63,SPY181119P00272000,272.0,0,0.0,0.0,,0.0,normalDay
2018-11-08,0.0,297.0,0.0,0,280.5,0.0,1,3.58,0.61,SPY181119P00272000,272.0,0,0.0,0.0,,0.0,normalDay
2018-11-09,0.0,264.0,0.0,0,277.76,0.0,1,3.58,0.94,SPY181119P00272000,272.0,0,0.0,0.0,,0.0,normalDay
2018-11-12,0.0,110.0,0.0,0,272.57,0.0,1,3.58,2.48,SPY181119P00272000,272.0,0,0.0,0.0,,0.0,normalDay
2018-11-13,0.0,107.0,0.0,0,272.06,0.0,1,3.58,2.51,SPY181119P00272000,272.0,0,0.0,0.0,,0.0,normalDay
2018-11-14,0.0,-15.0,0.0,0,270.2,0.0,1,3.58,3.73,SPY181119P00272000,272.0,0,0.0,0.0,,0.0,normalDay
2018-11-15,0.0,214.0,0.0,0,273.02,0.0,1,3.58,1.44,SPY181119P00272000,272.0,0,0.0,0.0,,0.0,normalDay
2018-11-16,0.0,302.0,0.0,0,273.73,0.0,1,3.58,0.56,SPY181119P00272000,272.0,0,0.0,0.0,,0.0,normalDay
2018-11-19,358.0,-290.0,358.0,100,269.1,272.0,1,3.58,0.0,SPY181119P00272000,272.0,0,0.0,0.0,,0.0,expirationDay
2018-11-20,358.0,-791.0,0.0,100,264.12,272.0,0,0.0,0.0,,0.0,1,0.05,0.08,SPY181123C00272000,272.0,normalDay
2018-11-21,358.0,-695.0,0.0,100,265.02,272.0,0,0.0,0.0,,0.0,1,0.05,0.02,SPY181123C00272000,272.0,normalDay
2018-11-23,363.0,-875.0,5.0,100,263.25,272.0,0,0.0,0.0,,0.0,1,0.05,0.0,SPY181123C00272000,272.0,expirationDay
2018-11-26,363.0,-453.0,0.0,100,267.5,272.0,0,0.0,0.0,,0.0,1,0.09,0.12,SPY181128C00272000,272.0,normalDay
2018-11-27,363.0,-356.0,0.0,100,268.4,272.0,0,0.0,0.0,,0.0,1,0.09,0.05,SPY181128C00272000,272.0,normalDay
2018-11-28,372.0,-356.0,9.0,0,274.58,0.0,0,0.0,0.0,,0.0,1,0.09,0.0,SPY181128C00272000,272.0,expirationDay
2018-11-29,372.0,-7.0,0.0,0,273.98,0.0,1,2.7,2.77,SPY181217P00270000,270.0,0,0.0,0.0,,0.0,normalDay
2018-11-30,372.0,55.0,0.0,0,275.65,0.0,1,2.7,2.15,SPY181217P00270000,270.0,0,0.0,0.0,,0.0,normalDay
2018-12-03,372.0,187.0,0.0,0,279.3,0.0,1,2.7,0.83,SPY181217P00270000,270.0,0,0.0,0.0,,0.0,normalDay
2018-12-04,372.0,-126.0,0.0,0,270.25,0.0,1,2.7,3.96,SPY181217P00270000,270.0,0,0.0,0.0,,0.0,normalDay
2018-12-06,372.0,-115.0,0.0,0,269.84,0.0,1,2.7,3.85,SPY181217P00270000,270.0,0,0.0,0.0,,0.0,normalDay
2018-12-07,372.0,-516.0,0.0,0,263.57,0.0,1,2.7,7.86,SPY181217P00270000,270.0,0,0.0,0.0,,0.0,normalDay
2018-12-10,372.0,-385.0,0.0,0,264.07,0.0,1,2.7,6.55,SPY181217P00270000,270.0,0,0.0,0.0,,0.0,normalDay
2018-12-11,372.0,-376.0,0.0,0,264.13,0.0,1,2.7,6.46,SPY181217P00270000,270.0,0,0.0,0.0,,0.0,normalDay
2018-12-12,372.0,-282.0,0.0,0,265.46,0.0,1,2.7,5.52,SPY181217P00270000,270.0,0,0.0,0.0,,0.0,normalDay
2018-12-13,372.0,-256.0,0.0,0,265.37,0.0,1,2.7,5.26,SPY181217P00270000,270.0,0,0.0,0.0,,0.0,normalDay
2018-12-14,372.0,-691.0,0.0,0,260.47,0.0,1,2.7,9.61,SPY181217P00270000,270.0,0,0.0,0.0,,0.0,normalDay
2018-12-17,642.0,-1464.0,270.0,100,255.36,270.0,1,2.7,0.0,SPY181217P00270000,270.0,0,0.0,0.0,,0.0,expirationDay
2018-12-18,642.0,-1496.0,0.0,100,255.08,270.0,0,0.0,0.0,,0.0,1,0.11,0.15,SPY181221C00267500,267.5,normalDay
2018-12-19,642.0,-1866.0,0.0,100,251.26,270.0,0,0.0,0.0,,0.0,1,0.11,0.03,SPY181221C00267500,267.5,normalDay
2018-12-20,642.0,-2273.0,0.0,100,247.17,270.0,0,0.0,0.0,,0.0,1,0.11,0.01,SPY181221C00267500,267.5,normalDay
2018-12-21,653.0,-2930.0,11.0,100,240.7,270.0,0,0.0,0.0,,0.0,1,0.11,0.0,SPY181221C00267500,267.5,expirationDay
2018-12-24,653.0,-3566.0,0.0,100,234.34,270.0,0,0.0,0.0,,0.0,0,0.0,0.0,,0.0,bidTooLow
2018-12-26,653.0,-2385.0,0.0,100,246.18,270.0,0,0.0,0.0,,0.0,1,0.01,0.04,SPY181228C00262500,262.5,normalDay
2018-12-27,653.0,-2193.0,0.0,100,248.07,270.0,0,0.0,0.0,,0.0,1,0.01,0.01,SPY181228C00262500,262.5,normalDay
2018-12-28,654.0,-2225.0,1.0,100,247.75,270.0,0,0.0,0.0,,0.0,1,0.01,0.0,SPY181228C00262500,262.5,expirationDay
2018-12-31,654.0,-2008.0,0.0,100,249.92,270.0,0,0.0,0.0,,0.0,0,0.0,0.0,,0.0,bidTooLow
2019-01-02,654.0,-1985.0,0.0,100,250.18,270.0,0,0.0,0.0,,0.0,1,0.03,0.06,SPY190104C00257500,257.5,normalDay
2019-01-03,654.0,-2577.0,0.0,100,244.21,270.0,0,0.0,0.0,,0.0,1,0.03,0.01,SPY190104C00257500,257.5,normalDay
2019-01-04,657.0,-1761.0,3.0,100,252.39,270.0,0,0.0,0.0,,0.0,1,0.03,0.0,SPY190104C00257500,257.5,expirationDay
2019-01-07,657.0,-1568.0,0.0,100,254.38,270.0,0,0.0,0.0,,0.0,1,1.91,1.97,SPY190109C00254000,254.0,normalDay
2019-01-08,657.0,-1440.0,0.0,100,256.77,270.0,0,0.0,0.0,,0.0,1,1.91,3.08,SPY190109C00254000,254.0,normalDay
2019-01-09,-752.0,-1440.0,-1409.0,0,257.97,0.0,0,0.0,0.0,,0.0,1,1.91,0.0,SPY190109C00254000,254.0,expirationDay
2019-01-10,-752.0,-5.0,0.0,0,258.88,0.0,1,0.92,0.97,SPY190128P00248000,248.0,0,0.0,0.0,,0.0,normalDay
2019-01-11,-752.0,20.0,0.0,0,258.98,0.0,1,0.92,0.72,SPY190128P00248000,248.0,0,0.0,0.0,,0.0,normalDay
2019-01-14,-752.0,16.0,0.0,0,257.4,0.0,1,0.92,0.76,SPY190128P00248000,248.0,0,0.0,0.0,,0.0,normalDay
2019-01-15,-752.0,47.0,0.0,0,260.35,0.0,1,0.92,0.45,SPY190128P00248000,248.0,0,0.0,0.0,,0.0,normalDay
2019-01-16,-752.0,54.0,0.0,0,260.98,0.0,1,0.92,0.38,SPY190128P00248000,248.0,0,0.0,0.0,,0.0,normalDay
2019-01-17,-752.0,72.0,0.0,0,262.96,0.0,1,0.92,0.2,SPY190128P00248000,248.0,0,0.0,0.0,,0.0,normalDay
2019-01-18,-752.0,85.0,0.0,0,266.46,0.0,1,0.92,0.07,SPY190128P00248000,248.0,0,0.0,0.0,,0.0,normalDay
2019-01-22,-752.0,82.0,0.0,0,262.86,0.0,1,0.92,0.1,SPY190128P00248000,248.0,0,0.0,0.0,,0.0,normalDay
2019-01-23,-752.0,89.0,0.0,0,263.41,0.0,1,0.92,0.03,SPY190128P00248000,248.0,0,0.0,0.0,,0.0,normalDay
2019-01-24,-752.0,90.0,0.0,0,263.55,0.0,1,0.92,0.02,SPY190128P00248000,248.0,0,0.0,0.0,,0.0,normalDay
2019-01-25,-752.0,91.0,0.0,0,265.78,0.0,1,0.92,0.01,SPY190128P00248000,248.0,0,0.0,0.0,,0.0,normalDay
2019-01-28,-660.0,0.0,92.0,0,263.76,0.0,1,0.92,0.0,SPY190128P00248000,248.0,0,0.0,0.0,,0.0,expirationDay
2019-01-29,-660.0,-4.0,0.0,0,263.41,0.0,1,1.68,1.72,SPY190215P00256000,256.0,0,0.0,0.0,,0.0,normalDay
2019-01-30,-660.0,87.0,0.0,0,267.58,0.0,1,1.68,0.81,SPY190215P00256000,256.0,0,0.0,0.0,,0.0,normalDay
2019-01-31,-660.0,125.0,0.0,0,269.93,0.0,1,1.68,0.43,SPY190215P00256000,256.0,0,0.0,0.0,,0.0,normalDay
2019-02-01,-660.0,134.0,0.0,0,270.06,0.0,1,1.68,0.34,SPY190215P00256000,256.0,0,0.0,0.0,,0.0,normalDay
2019-02-04,-660.0,151.0,0.0,0,271.96,0.0,1,1.68,0.17,SPY190215P00256000,256.0,0,0.0,0.0,,0.0,normalDay
2019-02-05,-660.0,155.0,0.0,0,273.1,0.0,1,1.68,0.13,SPY190215P00256000,256.0,0,0.0,0.0,,0.0,normalDay
2019-02-06,-660.0,158.0,0.0,0,272.74,0.0,1,1.68,0.1,SPY190215P00256000,256.0,0,0.0,0.0,,0.0,normalDay
2019-02-07,-660.0,150.0,0.0,0,270.14,0.0,1,1.68,0.18,SPY190215P00256000,256.0,0,0.0,0.0,,0.0,normalDay
2019-02-08,-660.0,159.0,0.0,0,270.47,0.0,1,1.68,0.09,SPY190215P00256000,256.0,0,0.0,0.0,,0.0,normalDay
2019-02-11,-660.0,163.0,0.0,0,270.62,0.0,1,1.68,0.05,SPY190215P00256000,256.0,0,0.0,0.0,,0.0,normalDay
2019-02-12,-660.0,166.0,0.0,0,274.1,0.0,1,1.68,0.02,SPY190215P00256000,256.0,0,0.0,0.0,,0.0,normalDay
2019-02-13,-660.0,166.0,0.0,0,274.99,0.0,1,1.68,0.02,SPY190215P00256000,256.0,0,0.0,0.0,,0.0,normalDay
2019-02-14,-660.0,166.0,0.0,0,274.38,0.0,1,1.68,0.02,SPY190215P00256000,256.0,0,0.0,0.0,,0.0,normalDay
2019-02-15,-492.0,0.0,168.0,0,277.37,0.0,1,1.68,0.0,SPY190215P00256000,256.0,0,0.0,0.0,,0.0,expirationDay
2019-02-19,-492.0,-4.0,0.0,0,277.85,0.0,1,0.69,0.73,SPY190308P00267500,267.5,0,0.0,0.0,,0.0,normalDay
2019-02-20,-492.0,16.0,0.0,0,278.41,0.0,1,0.69,0.53,SPY190308P00267500,267.5,0,0.0,0.0,,0.0,normalDay
2019-02-21,-492.0,9.0,0.0,0,277.42,0.0,1,0.69,0.6,SPY190308P00267500,267.5,0,0.0,0.0,,0.0,normalDay
2019-02-22,-492.0,35.0,0.0,0,279.14,0.0,1,0.69,0.34,SPY190308P00267500,267.5,0,0.0,0.0,,0.0,normalDay
2019-02-25,-492.0,37.0,0.0,0,279.52,0.0,1,0.69,0.32,SPY190308P00267500,267.5,0,0.0,0.0,,0.0,normalDay
2019-02-26,-492.0,37.0,0.0,0,279.32,0.0,1,0.69,0.32,SPY190308P00267500,267.5,0,0.0,0.0,,0.0,normalDay
2019-02-27,-492.0,44.0,0.0,0,279.2,0.0,1,0.69,0.25,SPY190308P00267500,267.5,0,0.0,0.0,,0.0,normalDay
2019-02-28,-492.0,46.0,0.0,0,278.68,0.0,1,0.69,0.23,SPY190308P00267500,267.5,0,0.0,0.0,,0.0,normalDay
2019-03-01,-492.0,61.0,0.0,0,280.42,0.0,1,0.69,0.08,SPY190308P00267500,267.5,0,0.0,0.0,,0.0,normalDay
2019-03-04,-492.0,62.0,0.0,0,279.4,0.0,1,0.69,0.07,SPY190308P00267500,267.5,0,0.0,0.0,,0.0,normalDay
2019-03-05,-492.0,65.0,0.0,0,279.02,0.0,1,0.69,0.04,SPY190308P00267500,267.5,0,0.0,0.0,,0.0,normalDay
2019-03-06,-492.0,65.0,0.0,0,277.33,0.0,1,0.69,0.04,SPY190308P00267500,267.5,0,0.0,0.0,,0.0,normalDay
2019-03-07,-492.0,66.0,0.0,0,275.01,0.0,1,0.69,0.03,SPY190308P00267500,267.5,0,0.0,0.0,,0.0,normalDay
2019-03-08,-423.0,0.0,69.0,0,274.46,0.0,1,0.69,0.0,SPY190308P00267500,267.5,0,0.0,0.0,,0.0,expirationDay
2019-03-11,-423.0,-5.0,0.0,0,278.44,0.0,1,2.37,2.42,SPY190329P00276000,276.0,0,0.0,0.0,,0.0,normalDay
2019-03-12,-423.0,43.0,0.0,0,279.49,0.0,1,2.37,1.94,SPY190329P00276000,276.0,0,0.0,0.0,,0.0,normalDay
2019-03-13,-423.0,111.0,0.0,0,281.34,0.0,1,2.37,1.26,SPY190329P00276000,276.0,0,0.0,0.0,,0.0,normalDay
2019-03-14,-423.0,109.0,0.0,0,281.16,0.0,1,2.37,1.28,SPY190329P00276000,276.0,0,0.0,0.0,,0.0,normalDay
2019-03-15,-423.0,154.0,0.0,0,281.31,0.0,1,2.37,0.83,SPY190329P00276000,276.0,0,0.0,0.0,,0.0,normalDay
2019-03-18,-423.0,177.0,0.0,0,282.33,0.0,1,2.37,0.6,SPY190329P00276000,276.0,0,0.0,0.0,,0.0,normalDay
2019-03-19,-423.0,167.0,0.0,0,282.4,0.0,1,2.37,0.7,SPY190329P00276000,276.0,0,0.0,0.0,,0.0,normalDay
2019-03-20,-423.0,167.0,0.0,0,281.55,0.0,1,2.37,0.7,SPY190329P00276000,276.0,0,0.0,0.0,,0.0,normalDay
2019-03-21,-423.0,207.0,0.0,0,284.73,0.0,1,2.37,0.3,SPY190329P00276000,276.0,0,0.0,0.0,,0.0,normalDay
2019-03-22,-423.0,119.0,0.0,0,279.25,0.0,1,2.37,1.18,SPY190329P00276000,276.0,0,0.0,0.0,,0.0,normalDay
2019-03-25,-423.0,149.0,0.0,0,279.04,0.0,1,2.37,0.88,SPY190329P00276000,276.0,0,0.0,0.0,,0.0,normalDay
2019-03-26,-423.0,206.0,0.0,0,281.12,0.0,1,2.37,0.31,SPY190329P00276000,276.0,0,0.0,0.0,,0.0,normalDay
2019-03-27,-423.0,200.0,0.0,0,279.65,0.0,1,2.37,0.37,SPY190329P00276000,276.0,0,0.0,0.0,,0.0,normalDay
2019-03-28,-423.0,231.0,0.0,0,280.71,0.0,1,2.37,0.06,SPY190329P00276000,276.0,0,0.0,0.0,,0.0,normalDay
2019-03-29,-186.0,0.0,237.0,0,282.48,0.0,1,2.37,0.0,SPY190329P00276000,276.0,0,0.0,0.0,,0.0,expirationDay
2019-04-01,-186.0,-3.0,0.0,0,285.83,0.0,1,0.9,0.93,SPY190418P00279000,279.0,0,0.0,0.0,,0.0,normalDay
2019-04-02,-186.0,10.0,0.0,0,285.97,0.0,1,0.9,0.8,SPY190418P00279000,279.0,0,0.0,0.0,,0.0,normalDay
2019-04-03,-186.0,20.0,0.0,0,286.42,0.0,1,0.9,0.7,SPY190418P00279000,279.0,0,0.0,0.0,,0.0,normalDay
2019-04-04,-186.0,36.0,0.0,0,287.18,0.0,1,0.9,0.54,SPY190418P00279000,279.0,0,0.0,0.0,,0.0,normalDay
2019-04-05,-186.0,59.0,0.0,0,288.57,0.0,1,0.9,0.31,SPY190418P00279000,279.0,0,0.0,0.0,,0.0,normalDay
2019-04-08,-186.0,66.0,0.0,0,288.79,0.0,1,0.9,0.24,SPY190418P00279000,279.0,0,0.0,0.0,,0.0,normalDay
2019-04-09,-186.0,54.0,0.0,0,287.31,0.0,1,0.9,0.36,SPY190418P00279000,279.0,0,0.0,0.0,,0.0,normalDay
2019-04-10,-186.0,73.0,0.0,0,288.29,0.0,1,0.9,0.17,SPY190418P00279000,279.0,0,0.0,0.0,,0.0,normalDay
2019-04-11,-186.0,77.0,0.0,0,288.21,0.0,1,0.9,0.13,SPY190418P00279000,279.0,0,0.0,0.0,,0.0,normalDay
2019-04-12,-186.0,85.0,0.0,0,290.16,0.0,1,0.9,0.05,SPY190418P00279000,279.0,0,0.0,0.0,,0.0,normalDay
2019-04-15,-186.0,87.0,0.0,0,289.97,0.0,1,0.9,0.03,SPY190418P00279000,279.0,0,0.0,0.0,,0.0,normalDay
2019-04-16,-186.0,87.0,0.0,0,290.16,0.0,1,0.9,0.03,SPY190418P00279000,279.0,0,0.0,0.0,,0.0,normalDay
2019-04-17,-186.0,88.0,0.0,0,289.45,0.0,1,0.9,0.02,SPY190418P00279000,279.0,0,0.0,0.0,,0.0,normalDay
2019-04-18,-96.0,0.0,90.0,0,290.02,0.0,1,0.9,0.0,SPY190418P00279000,279.0,0,0.0,0.0,,0.0,expirationDay
2019-04-22,-96.0,-4.0,0.0,0,290.27,0.0,1,1.01,1.05,SPY190510P00285000,285.0,0,0.0,0.0,,0.0,normalDay
2019-04-23,-96.0,28.0,0.0,0,292.88,0.0,1,1.01,0.73,SPY190510P00285000,285.0,0,0.0,0.0,,0.0,normalDay
2019-04-24,-96.0,17.0,0.0,0,292.23,0.0,1,1.01,0.84,SPY190510P00285000,285.0,0,0.0,0.0,,0.0,normalDay
2019-04-25,-96.0,20.0,0.0,0,292.05,0.0,1,1.01,0.81,SPY190510P00285000,285.0,0,0.0,0.0,,0.0,normalDay
2019-04-26,-96.0,43.0,0.0,0,293.41,0.0,1,1.01,0.58,SPY190510P00285000,285.0,0,0.0,0.0,,0.0,normalDay
2019-04-29,-96.0,55.0,0.0,0,293.87,0.0,1,1.01,0.46,SPY190510P00285000,285.0,0,0.0,0.0,,0.0,normalDay
2019-04-30,-96.0,62.0,0.0,0,294.02,0.0,1,1.01,0.39,SPY190510P00285000,285.0,0,0.0,0.0,,0.0,normalDay
2019-05-01,-96.0,31.0,0.0,0,291.81,0.0,1,1.01,0.7,SPY190510P00285000,285.0,0,0.0,0.0,,0.0,normalDay
2019-05-02,-96.0,39.0,0.0,0,291.18,0.0,1,1.01,0.62,SPY190510P00285000,285.0,0,0.0,0.0,,0.0,normalDay
2019-05-03,-96.0,84.0,0.0,0,294.03,0.0,1,1.01,0.17,SPY190510P00285000,285.0,0,0.0,0.0,,0.0,normalDay
2019-05-06,-96.0,70.0,0.0,0,292.82,0.0,1,1.01,0.31,SPY190510P00285000,285.0,0,0.0,0.0,,0.0,normalDay
2019-05-07,-96.0,-36.0,0.0,0,287.93,0.0,1,1.01,1.37,SPY190510P00285000,285.0,0,0.0,0.0,,0.0,normalDay
2019-05-08,-96.0,-22.0,0.0,0,287.53,0.0,1,1.01,1.23,SPY190510P00285000,285.0,0,0.0,0.0,,0.0,normalDay
2019-05-09,-96.0,-34.0,0.0,0,286.66,0.0,1,1.01,1.35,SPY190510P00285000,285.0,0,0.0,0.0,,0.0,normalDay
2019-05-10,5.0,0.0,101.0,0,288.1,0.0,1,1.01,0.0,SPY190510P00285000,285.0,0,0.0,0.0,,0.0,expirationDay
2019-05-13,5.0,-7.0,0.0,0,280.86,0.0,1,9.08,9.15,SPY190531P00289000,289.0,0,0.0,0.0,,0.0,normalDay
2019-05-14,5.0,229.0,0.0,0,283.4,0.0,1,9.08,6.79,SPY190531P00289000,289.0,0,0.0,0.0,,0.0,normalDay
2019-05-15,5.0,388.0,0.0,0,285.06,0.0,1,9.08,5.2,SPY190531P00289000,289.0,0,0.0,0.0,,0.0,normalDay
2019-05-16,5.0,550.0,0.0,0,287.7,0.0,1,9.08,3.58,SPY190531P00289000,289.0,0,0.0,0.0,,0.0,normalDay
2019-05-17,5.0,449.0,0.0,0,285.84,0.0,1,9.08,4.59,SPY190531P00289000,289.0,0,0.0,0.0,,0.0,normalDay
2019-05-20,5.0,353.0,0.0,0,283.95,0.0,1,9.08,5.55,SPY190531P00289000,289.0,0,0.0,0.0,,0.0,normalDay
2019-05-21,5.0,545.0,0.0,0,286.51,0.0,1,9.08,3.63,SPY190531P00289000,289.0,0,0.0,0.0,,0.0,normalDay
2019-05-22,5.0,505.0,0.0,0,285.63,0.0,1,9.08,4.03,SPY190531P00289000,289.0,0,0.0,0.0,,0.0,normalDay
2019-05-23,5.0,185.0,0.0,0,282.14,0.0,1,9.08,7.23,SPY190531P00289000,289.0,0,0.0,0.0,,0.0,normalDay
2019-05-24,5.0,281.0,0.0,0,282.78,0.0,1,9.08,6.27,SPY190531P00289000,289.0,0,0.0,0.0,,0.0,normalDay
2019-05-28,5.0,53.0,0.0,0,280.15,0.0,1,9.08,8.55,SPY190531P00289000,289.0,0,0.0,0.0,,0.0,normalDay
2019-05-29,5.0,-170.0,0.0,0,278.27,0.0,1,9.08,10.78,SPY190531P00289000,289.0,0,0.0,0.0,,0.0,normalDay
2019-05-30,5.0,-99.0,0.0,0,279.03,0.0,1,9.08,10.07,SPY190531P00289000,289.0,0,0.0,0.0,,0.0,normalDay
2019-05-31,913.0,-1373.0,908.0,100,275.27,289.0,1,9.08,0.0,SPY190531P00289000,289.0,0,0.0,0.0,,0.0,expirationDay
2019-06-03,913.0,-1443.0,0.0,100,274.57,289.0,0,0.0,0.0,,0.0,0,0.0,0.0,,0.0,bidTooLow
2019-06-04,913.0,-850.0,0.0,100,280.53,289.0,0,0.0,0.0,,0.0,1,0.4,0.43,SPY190607C00284000,284.0,normalDay
2019-06-05,913.0,-646.0,0.0,100,282.96,289.0,0,0.0,0.0,,0.0,1,0.4,0.82,SPY190607C00284000,284.0,normalDay
2019-06-06,913.0,-527.0,0.0,100,284.8,289.0,0,0.0,0.0,,0.0,1,0.4,1.47,SPY190607C00284000,284.0,normalDay
2019-06-07,453.0,-527.0,-460.0,0,287.65,0.0,0,0.0,0.0,,0.0,1,0.4,0.0,SPY190607C00284000,284.0,expirationDay
2019-06-10,453.0,-4.0,0.0,0,288.97,0.0,1,1.58,1.62,SPY190628P00281000,281.0,0,0.0,0.0,,0.0,normalDay
2019-06-11,453.0,-2.0,0.0,0,288.9,0.0,1,1.58,1.6,SPY190628P00281000,281.0,0,0.0,0.0,,0.0,normalDay
2019-06-12,453.0,1.0,0.0,0,288.39,0.0,1,1.58,1.57,SPY190628P00281000,281.0,0,0.0,0.0,,0.0,normalDay
2019-06-13,453.0,32.0,0.0,0,289.58,0.0,1,1.58,1.26,SPY190628P00281000,281.0,0,0.0,0.0,,0.0,normalDay
2019-06-14,453.0,52.0,0.0,0,289.26,0.0,1,1.58,1.06,SPY190628P00281000,281.0,0,0.0,0.0,,0.0,normalDay
2019-06-17,453.0,67.0,0.0,0,289.37,0.0,1,1.58,0.91,SPY190628P00281000,281.0,0,0.0,0.0,,0.0,normalDay
2019-06-18,453.0,108.0,0.0,0,292.4,0.0,1,1.58,0.5,SPY190628P00281000,281.0,0,0.0,0.0,,0.0,normalDay
2019-06-19,453.0,130.0,0.0,0,293.06,0.0,1,1.58,0.28,SPY190628P00281000,281.0,0,0.0,0.0,,0.0,normalDay
2019-06-20,453.0,140.0,0.0,0,295.86,0.0,1,1.58,0.18,SPY190628P00281000,281.0,0,0.0,0.0,,0.0,normalDay
2019-06-21,453.0,143.0,0.0,0,294.0,0.0,1,1.58,0.15,SPY190628P00281000,281.0,0,0.0,0.0,,0.0,normalDay
2019-06-24,453.0,151.0,0.0,0,293.64,0.0,1,1.58,0.07,SPY190628P00281000,281.0,0,0.0,0.0,,0.0,normalDay
2019-06-25,453.0,149.0,0.0,0,290.76,0.0,1,1.58,0.09,SPY190628P00281000,281.0,0,0.0,0.0,,0.0,normalDay
2019-06-26,453.0,154.0,0.0,0,290.47,0.0,1,1.58,0.04,SPY190628P00281000,281.0,0,0.0,0.0,,0.0,normalDay
2019-06-27,453.0,156.0,0.0,0,291.5,0.0,1,1.58,0.02,SPY190628P00281000,281.0,0,0.0,0.0,,0.0,normalDay
2019-06-28,611.0,0.0,158.0,0,293.0,0.0,1,1.58,0.0,SPY190628P00281000,281.0,0,0.0,0.0,,0.0,expirationDay
2019-07-01,611.0,-3.0,0.0,0,295.66,0.0,1,0.93,0.96,SPY190719P00288000,288.0,0,0.0,0.0,,0.0,normalDay
2019-07-02,611.0,33.0,0.0,0,296.43,0.0,1,0.93,0.6,SPY190719P00288000,288.0,0,0.0,0.0,,0.0,normalDay
2019-07-03,611.0,57.0,0.0,0,298.8,0.0,1,0.93,0.36,SPY190719P00288000,288.0,0,0.0,0.0,,0.0,normalDay
2019-07-05,611.0,58.0,0.0,0,298.46,0.0,1,0.93,0.35,SPY190719P00288000,288.0,0,0.0,0.0,,0.0,normalDay
2019-07-08,611.0,58.0,0.0,0,296.82,0.0,1,0.93,0.35,SPY190719P00288000,288.0,0,0.0,0.0,,0.0,normalDay
2019-07-09,611.0,62.0,0.0,0,297.19,0.0,1,0.93,0.31,SPY190719P00288000,288.0,0,0.0,0.0,,0.0,normalDay
2019-07-10,611.0,77.0,0.0,0,298.61,0.0,1,0.93,0.16,SPY190719P00288000,288.0,0,0.0,0.0,,0.0,normalDay
2019-07-11,611.0,80.0,0.0,0,299.31,0.0,1,0.93,0.13,SPY190719P00288000,288.0,0,0.0,0.0,,0.0,normalDay
2019-07-12,611.0,85.0,0.0,0,300.65,0.0,1,0.93,0.08,SPY190719P00288000,288.0,0,0.0,0.0,,0.0,normalDay
2019-07-15,611.0,86.0,0.0,0,300.75,0.0,1,0.93,0.07,SPY190719P00288000,288.0,0,0.0,0.0,,0.0,normalDay
2019-07-16,611.0,88.0,0.0,0,299.78,0.0,1,0.93,0.05,SPY190719P00288000,288.0,0,0.0,0.0,,0.0,normalDay
2019-07-17,611.0,89.0,0.0,0,297.74,0.0,1,0.93,0.04,SPY190719P00288000,288.0,0,0.0,0.0,,0.0,normalDay
2019-07-18,611.0,91.0,0.0,0,298.83,0.0,1,0.93,0.02,SPY190719P00288000,288.0,0,0.0,0.0,,0.0,normalDay
2019-07-19,704.0,0.0,93.0,0,297.17,0.0,1,0.93,0.0,SPY190719P00288000,288.0,0,0.0,0.0,,0.0,expirationDay
2019-07-22,704.0,-4.0,0.0,0,297.9,0.0,1,1.98,2.02,SPY190809P00295000,295.0,0,0.0,0.0,,0.0,normalDay
2019-07-23,704.0,68.0,0.0,0,300.03,0.0,1,1.98,1.3,SPY190809P00295000,295.0,0,0.0,0.0,,0.0,normalDay
2019-07-24,704.0,105.0,0.0,0,301.44,0.0,1,1.98,0.93,SPY190809P00295000,295.0,0,0.0,0.0,,0.0,normalDay
2019-07-25,704.0,81.0,0.0,0,300.0,0.0,1,1.98,1.17,SPY190809P00295000,295.0,0,0.0,0.0,,0.0,normalDay
2019-07-26,704.0,127.0,0.0,0,302.01,0.0,1,1.98,0.71,SPY190809P00295000,295.0,0,0.0,0.0,,0.0,normalDay
2019-07-29,704.0,132.0,0.0,0,301.46,0.0,1,1.98,0.66,SPY190809P00295000,295.0,0,0.0,0.0,,0.0,normalDay
2019-07-30,704.0,104.0,0.0,0,300.72,0.0,1,1.98,0.94,SPY190809P00295000,295.0,0,0.0,0.0,,0.0,normalDay
2019-07-31,704.0,-2.0,0.0,0,297.43,0.0,1,1.98,2.0,SPY190809P00295000,295.0,0,0.0,0.0,,0.0,normalDay
2019-08-01,704.0,-94.0,0.0,0,294.84,0.0,1,1.98,2.92,SPY190809P00295000,295.0,0,0.0,0.0,,0.0,normalDay
2019-08-02,704.0,-175.0,0.0,0,292.62,0.0,1,1.98,3.73,SPY190809P00295000,295.0,0,0.0,0.0,,0.0,normalDay
2019-08-05,704.0,-987.0,0.0,0,283.82,0.0,1,1.98,11.85,SPY190809P00295000,295.0,0,0.0,0.0,,0.0,normalDay
2019-08-06,704.0,-538.0,0.0,0,287.8,0.0,1,1.98,7.36,SPY190809P00295000,295.0,0,0.0,0.0,,0.0,normalDay
2019-08-07,704.0,-515.0,0.0,0,287.97,0.0,1,1.98,7.13,SPY190809P00295000,295.0,0,0.0,0.0,,0.0,normalDay
2019-08-08,704.0,17.0,0.0,0,293.62,0.0,1,1.98,1.81,SPY190809P00295000,295.0,0,0.0,0.0,,0.0,normalDay
2019-08-09,902.0,-338.0,198.0,100,291.62,295.0,1,1.98,0.0,SPY190809P00295000,295.0,0,0.0,0.0,,0.0,expirationDay
2019-08-12,902.0,-696.0,0.0,100,288.07,295.0,0,0.0,0.0,,0.0,1,0.01,0.04,SPY190814C00296000,296.0,normalDay
2019-08-13,902.0,-253.0,0.0,100,292.55,295.0,0,0.0,0.0,,0.0,1,0.01,0.09,SPY190814C00296000,296.0,normalDay
2019-08-14,903.0,-1110.0,1.0,100,283.9,295.0,0,0.0,0.0,,0.0,1,0.01,0.0,SPY190814C00296000,296.0,expirationDay
2019-08-15,903.0,-1035.0,0.0,100,284.65,295.0,0,0.0,0.0,,0.0,0,0.0,0.0,,0.0,bidTooLow
2019-08-16,903.0,-615.0,0.0,100,288.85,295.0,0,0.0,0.0,,0.0,0,0.0,0.0,,0.0,bidTooLow
2019-08-19,903.0,-270.0,0.0,100,292.33,295.0,0,0.0,0.0,,0.0,1,0.49,0.52,SPY190821C00294000,294.0,normalDay
2019-08-20,903.0,-447.0,0.0,100,290.09,295.0,0,0.0,0.0,,0.0,1,0.49,0.05,SPY190821C00294000,294.0,normalDay
2019-08-21,952.0,-255.0,49.0,100,292.45,295.0,0,0.0,0.0,,0.0,1,0.49,0.0,SPY190821C00294000,294.0,expirationDay
2019-08-22,952.0,-269.0,0.0,100,292.36,295.0,0,0.0,0.0,,0.0,1,1.05,1.1,SPY190823C00292500,292.5,normalDay
2019-08-23,1057.0,-1015.0,105.0,100,284.85,295.0,0,0.0,0.0,,0.0,1,1.05,0.0,SPY190823C00292500,292.5,expirationDay
2019-08-26,1057.0,-704.0,0.0,100,288.0,295.0,0,0.0,0.0,,0.0,1,0.54,0.58,SPY190828C00291000,291.0,normalDay
2019-08-27,1057.0,-771.0,0.0,100,286.87,295.0,0,0.0,0.0,,0.0,1,0.54,0.12,SPY190828C00291000,291.0,normalDay
2019-08-28,1111.0,-611.0,54.0,100,288.89,295.0,0,0.0,0.0,,0.0,1,0.54,0.0,SPY190828C00291000,291.0,expirationDay
2019-08-29,1111.0,-248.0,0.0,100,292.58,295.0,0,0.0,0.0,,0.0,1,3.37,3.43,SPY190830C00289500,289.5,normalDay
2019-08-30,898.0,-248.0,-213.0,0,292.45,0.0,0,0.0,0.0,,0.0,1,3.37,0.0,SPY190830C00289500,289.5,expirationDay
2019-09-03,898.0,-4.0,0.0,0,290.74,0.0,1,3.88,3.92,SPY190920P00288000,288.0,0,0.0,0.0,,0.0,normalDay
2019-09-04,898.0,161.0,0.0,0,294.04,0.0,1,3.88,2.27,SPY190920P00288000,288.0,0,0.0,0.0,,0.0,normalDay
2019-09-05,898.0,264.0,0.0,0,297.82,0.0,1,3.88,1.24,SPY190920P00288000,288.0,0,0.0,0.0,,0.0,normalDay
2019-09-06,898.0,306.0,0.0,0,298.05,0.0,1,3.88,0.82,SPY190920P00288000,288.0,0,0.0,0.0,,0.0,normalDay
2019-09-09,898.0,321.0,0.0,0,298.2,0.0,1,3.88,0.67,SPY190920P00288000,288.0,0,0.0,0.0,,0.0,normalDay
2019-09-10,898.0,328.0,0.0,0,298.13,0.0,1,3.88,0.6,SPY190920P00288000,288.0,0,0.0,0.0,,0.0,normalDay
2019-09-11,898.0,354.0,0.0,0,300.25,0.0,1,3.88,0.34,SPY190920P00288000,288.0,0,0.0,0.0,,0.0,normalDay
2019-09-12,898.0,363.0,0.0,0,301.29,0.0,1,3.88,0.25,SPY190920P00288000,288.0,0,0.0,0.0,,0.0,normalDay
2019-09-13,898.0,368.0,0.0,0,301.09,0.0,1,3.88,0.2,SPY190920P00288000,288.0,0,0.0,0.0,,0.0,normalDay
2019-09-16,898.0,372.0,0.0,0,300.16,0.0,1,3.88,0.16,SPY190920P00288000,288.0,0,0.0,0.0,,0.0,normalDay
2019-09-17,898.0,376.0,0.0,0,300.92,0.0,1,3.88,0.12,SPY190920P00288000,288.0,0,0.0,0.0,,0.0,normalDay
2019-09-18,898.0,379.0,0.0,0,301.1,0.0,1,3.88,0.09,SPY190920P00288000,288.0,0,0.0,0.0,,0.0,normalDay
2019-09-19,898.0,382.0,0.0,0,301.08,0.0,1,3.88,0.06,SPY190920P00288000,288.0,0,0.0,0.0,,0.0,normalDay
2019-09-20,1286.0,0.0,388.0,0,298.28,0.0,1,3.88,0.0,SPY190920P00288000,288.0,0,0.0,0.0,,0.0,expirationDay
2019-09-23,1286.0,-3.0,0.0,0,298.21,0.0,1,1.93,1.96,SPY191011P00294000,294.0,0,0.0,0.0,,0.0,normalDay
2019-09-24,1286.0,-105.0,0.0,0,295.87,0.0,1,1.93,2.98,SPY191011P00294000,294.0,0,0.0,0.0,,0.0,normalDay
2019-09-25,1286.0,-27.0,0.0,0,297.62,0.0,1,1.93,2.2,SPY191011P00294000,294.0,0,0.0,0.0,,0.0,normalDay
2019-09-26,1286.0,-21.0,0.0,0,297.0,0.0,1,1.93,2.14,SPY191011P00294000,294.0,0,0.0,0.0,,0.0,normalDay
2019-09-27,1286.0,-93.0,0.0,0,295.4,0.0,1,1.93,2.86,SPY191011P00294000,294.0,0,0.0,0.0,,0.0,normalDay
2019-09-30,1286.0,6.0,0.0,0,296.77,0.0,1,1.93,1.87,SPY191011P00294000,294.0,0,0.0,0.0,,0.0,normalDay
2019-10-01,1286.0,-164.0,0.0,0,293.24,0.0,1,1.93,3.57,SPY191011P00294000,294.0,0,0.0,0.0,,0.0,normalDay
2019-10-02,1286.0,-535.0,0.0,0,288.06,0.0,1,1.93,7.28,SPY191011P00294000,294.0,0,0.0,0.0,,0.0,normalDay
2019-10-03,1286.0,-298.0,0.0,0,290.42,0.0,1,1.93,4.91,SPY191011P00294000,294.0,0,0.0,0.0,,0.0,normalDay
2019-10-04,1286.0,-42.0,0.0,0,294.35,0.0,1,1.93,2.35,SPY191011P00294000,294.0,0,0.0,0.0,,0.0,normalDay
2019-10-07,1286.0,-77.0,0.0,0,293.08,0.0,1,1.93,2.7,SPY191011P00294000,294.0,0,0.0,0.0,,0.0,normalDay
2019-10-08,1286.0,-391.0,0.0,0,288.53,0.0,1,1.93,5.84,SPY191011P00294000,294.0,0,0.0,0.0,,0.0,normalDay
2019-10-09,1286.0,-166.0,0.0,0,291.27,0.0,1,1.93,3.59,SPY191011P00294000,294.0,0,0.0,0.0,,0.0,normalDay
2019-10-10,1286.0,5.0,0.0,0,293.24,0.0,1,1.93,1.88,SPY191011P00294000,294.0,0,0.0,0.0,,0.0,normalDay
2019-10-11,1479.0,0.0,193.0,0,296.28,0.0,1,1.93,0.0,SPY191011P00294000,294.0,0,0.0,0.0,,0.0,expirationDay
2019-10-14,1479.0,-4.0,0.0,0,295.95,0.0,1,2.47,2.51,SPY191101P00293000,293.0,0,0.0,0.0,,0.0,normalDay
2019-10-15,1479.0,105.0,0.0,0,298.88,0.0,1,2.47,1.42,SPY191101P00293000,293.0,0,0.0,0.0,,0.0,normalDay
2019-10-16,1479.0,107.0,0.0,0,298.4,0.0,1,2.47,1.4,SPY191101P00293000,293.0,0,0.0,0.0,,0.0,normalDay
2019-10-17,1479.0,127.0,0.0,0,299.28,0.0,1,2.47,1.2,SPY191101P00293000,293.0,0,0.0,0.0,,0.0,normalDay
2019-10-18,1479.0,111.0,0.0,0,297.97,0.0,1,2.47,1.36,SPY191101P00293000,293.0,0,0.0,0.0,,0.0,normalDay
2019-10-21,1479.0,173.0,0.0,0,299.99,0.0,1,2.47,0.74,SPY191101P00293000,293.0,0,0.0,0.0,,0.0,normalDay
2019-10-22,1479.0,159.0,0.0,0,299.01,0.0,1,2.47,0.88,SPY191101P00293000,293.0,0,0.0,0.0,,0.0,normalDay
2019-10-23,1479.0,192.0,0.0,0,299.88,0.0,1,2.47,0.55,SPY191101P00293000,293.0,0,0.0,0.0,,0.0,normalDay
2019-10-24,1479.0,208.0,0.0,0,300.37,0.0,1,2.47,0.39,SPY191101P00293000,293.0,0,0.0,0.0,,0.0,normalDay
2019-10-25,1479.0,231.0,0.0,0,301.6,0.0,1,2.47,0.16,SPY191101P00293000,293.0,0,0.0,0.0,,0.0,normalDay
2019-10-28,1479.0,239.0,0.0,0,303.3,0.0,1,2.47,0.08,SPY191101P00293000,293.0,0,0.0,0.0,,0.0,normalDay
2019-10-29,1479.0,241.0,0.0,0,303.21,0.0,1,2.47,0.06,SPY191101P00293000,293.0,0,0.0,0.0,,0.0,normalDay
2019-10-30,1479.0,244.0,0.0,0,304.14,0.0,1,2.47,0.03,SPY191101P00293000,293.0,0,0.0,0.0,,0.0,normalDay
2019-10-31,1479.0,246.0,0.0,0,303.33,0.0,1,2.47,0.01,SPY191101P00293000,293.0,0,0.0,0.0,,0.0,normalDay
2019-11-01,1726.0,0.0,247.0,0,306.14,0.0,1,2.47,0.0,SPY191101P00293000,293.0,0,0.0,0.0,,0.0,expirationDay
2019-11-04,1726.0,-3.0,0.0,0,307.37,0.0,1,0.69,0.72,SPY191122P00297000,297.0,0,0.0,0.0,,0.0,normalDay
2019-11-05,1726.0,-3.0,0.0,0,307.03,0.0,1,0.69,0.72,SPY191122P00297000,297.0,0,0.0,0.0,,0.0,normalDay
2019-11-06,1726.0,14.0,0.0,0,307.1,0.0,1,0.69,0.55,SPY191122P00297000,297.0,0,0.0,0.0,,0.0,normalDay
2019-11-07,1726.0,23.0,0.0,0,308.18,0.0,1,0.69,0.46,SPY191122P00297000,297.0,0,0.0,0.0,,0.0,normalDay
2019-11-08,1726.0,41.0,0.0,0,308.94,0.0,1,0.69,0.28,SPY191122P00297000,297.0,0,0.0,0.0,,0.0,normalDay
2019-11-11,1726.0,46.0,0.0,0,308.35,0.0,1,0.69,0.23,SPY191122P00297000,297.0,0,0.0,0.0,,0.0,normalDay
2019-11-12,1726.0,48.0,0.0,0,309.0,0.0,1,0.69,0.21,SPY191122P00297000,297.0,0,0.0,0.0,,0.0,normalDay
2019-11-13,1726.0,52.0,0.0,0,309.1,0.0,1,0.69,0.17,SPY191122P00297000,297.0,0,0.0,0.0,,0.0,normalDay
2019-11-14,1726.0,54.0,0.0,0,309.55,0.0,1,0.69,0.15,SPY191122P00297000,297.0,0,0.0,0.0,,0.0,normalDay
2019-11-15,1726.0,63.0,0.0,0,311.79,0.0,1,0.69,0.06,SPY191122P00297000,297.0,0,0.0,0.0,,0.0,normalDay
2019-11-18,1726.0,65.0,0.0,0,312.02,0.0,1,0.69,0.04,SPY191122P00297000,297.0,0,0.0,0.0,,0.0,normalDay
2019-11-19,1726.0,66.0,0.0,0,311.93,0.0,1,0.69,0.03,SPY191122P00297000,297.0,0,0.0,0.0,,0.0,normalDay
2019-11-20,1726.0,65.0,0.0,0,310.77,0.0,1,0.69,0.04,SPY191122P00297000,297.0,0,0.0,0.0,,0.0,normalDay
2019-11-21,1726.0,68.0,0.0,0,310.27,0.0,1,0.69,0.01,SPY191122P00297000,297.0,0,0.0,0.0,,0.0,normalDay
2019-11-22,1795.0,0.0,69.0,0,310.96,0.0,1,0.69,0.0,SPY191122P00297000,297.0,0,0.0,0.0,,0.0,expirationDay
2019-11-25,1795.0,-4.0,0.0,0,313.37,0.0,1,1.09,1.13,SPY191213P00307000,307.0,0,0.0,0.0,,0.0,normalDay
2019-11-26,1795.0,20.0,0.0,0,314.08,0.0,1,1.09,0.89,SPY191213P00307000,307.0,0,0.0,0.0,,0.0,normalDay
2019-11-27,1795.0,40.0,0.0,0,315.48,0.0,1,1.09,0.69,SPY191213P00307000,307.0,0,0.0,0.0,,0.0,normalDay
2019-11-29,1795.0,23.0,0.0,0,314.31,0.0,1,1.09,0.86,SPY191213P00307000,307.0,0,0.0,0.0,,0.0,normalDay
2019-12-02,1795.0,-39.0,0.0,0,311.64,0.0,1,1.09,1.48,SPY191213P00307000,307.0,0,0.0,0.0,,0.0,normalDay
2019-12-03,1795.0,-111.0,0.0,0,309.55,0.0,1,1.09,2.2,SPY191213P00307000,307.0,0,0.0,0.0,,0.0,normalDay
2019-12-04,1795.0,-33.0,0.0,0,311.46,0.0,1,1.09,1.42,SPY191213P00307000,307.0,0,0.0,0.0,,0.0,normalDay
2019-12-05,1795.0,16.0,0.0,0,312.02,0.0,1,1.09,0.93,SPY191213P00307000,307.0,0,0.0,0.0,,0.0,normalDay
2019-12-06,1795.0,76.0,0.0,0,314.87,0.0,1,1.09,0.33,SPY191213P00307000,307.0,0,0.0,0.0,,0.0,normalDay
2019-12-09,1795.0,69.0,0.0,0,313.88,0.0,1,1.09,0.4,SPY191213P00307000,307.0,0,0.0,0.0,,0.0,normalDay
2019-12-10,1795.0,85.0,0.0,0,313.53,0.0,1,1.09,0.24,SPY191213P00307000,307.0,0,0.0,0.0,,0.0,normalDay
2019-12-11,1795.0,100.0,0.0,0,314.42,0.0,1,1.09,0.09,SPY191213P00307000,307.0,0,0.0,0.0,,0.0,normalDay
2019-12-12,1795.0,105.0,0.0,0,317.13,0.0,1,1.09,0.04,SPY191213P00307000,307.0,0,0.0,0.0,,0.0,normalDay
2019-12-13,1904.0,0.0,109.0,0,317.32,0.0,1,1.09,0.0,SPY191213P00307000,307.0,0,0.0,0.0,,0.0,expirationDay
2019-12-16,1904.0,-3.0,0.0,0,319.5,0.0,1,0.97,1.0,SPY200103P00312000,312.0,0,0.0,0.0,,0.0,normalDay
2019-12-17,1904.0,2.0,0.0,0,319.57,0.0,1,0.97,0.95,SPY200103P00312000,312.0,0,0.0,0.0,,0.0,normalDay
2019-12-18,1904.0,11.0,0.0,0,319.59,0.0,1,0.97,0.86,SPY200103P00312000,312.0,0,0.0,0.0,,0.0,normalDay
2019-12-19,1904.0,39.0,0.0,0,320.9,0.0,1,0.97,0.58,SPY200103P00312000,312.0,0,0.0,0.0,,0.0,normalDay
2019-12-20,1904.0,52.0,0.0,0,320.73,0.0,1,0.97,0.45,SPY200103P00312000,312.0,0,0.0,0.0,,0.0,normalDay
2019-12-23,1904.0,61.0,0.0,0,321.22,0.0,1,0.97,0.36,SPY200103P00312000,312.0,0,0.0,0.0,,0.0,normalDay
2019-12-24,1904.0,68.0,0.0,0,321.23,0.0,1,0.97,0.29,SPY200103P00312000,312.0,0,0.0,0.0,,0.0,normalDay
2019-12-26,1904.0,82.0,0.0,0,322.94,0.0,1,0.97,0.15,SPY200103P00312000,312.0,0,0.0,0.0,,0.0,normalDay
2019-12-27,1904.0,84.0,0.0,0,322.86,0.0,1,0.97,0.13,SPY200103P00312000,312.0,0,0.0,0.0,,0.0,normalDay
2019-12-30,1904.0,83.0,0.0,0,321.08,0.0,1,0.97,0.14,SPY200103P00312000,312.0,0,0.0,0.0,,0.0,normalDay
2019-12-31,1904.0,86.0,0.0,0,321.86,0.0,1,0.97,0.11,SPY200103P00312000,312.0,0,0.0,0.0,,0.0,normalDay
2020-01-02,1904.0,96.0,0.0,0,324.87,0.0,1,0.97,0.01,SPY200103P00312000,312.0,0,0.0,0.0,,0.0,normalDay
2020-01-03,2001.0,0.0,97.0,0,322.41,0.0,1,0.97,0.0,SPY200103P00312000,312.0,0,0.0,0.0,,0.0,expirationDay
2020-01-06,2001.0,-4.0,0.0,0,323.64,0.0,1,1.47,1.51,SPY200124P00318000,318.0,0,0.0,0.0,,0.0,normalDay
2020-01-07,2001.0,-24.0,0.0,0,322.73,0.0,1,1.47,1.71,SPY200124P00318000,318.0,0,0.0,0.0,,0.0,normalDay
2020-01-08,2001.0,29.0,0.0,0,324.45,0.0,1,1.47,1.18,SPY200124P00318000,318.0,0,0.0,0.0,,0.0,normalDay
2020-01-09,2001.0,74.0,0.0,0,326.65,0.0,1,1.47,0.73,SPY200124P00318000,318.0,0,0.0,0.0,,0.0,normalDay
2020-01-10,2001.0,72.0,0.0,0,325.71,0.0,1,1.47,0.75,SPY200124P00318000,318.0,0,0.0,0.0,,0.0,normalDay
2020-01-13,2001.0,115.0,0.0,0,327.95,0.0,1,1.47,0.32,SPY200124P00318000,318.0,0,0.0,0.0,,0.0,normalDay
2020-01-14,2001.0,117.0,0.0,0,327.45,0.0,1,1.47,0.3,SPY200124P00318000,318.0,0,0.0,0.0,,0.0,normalDay
2020-01-15,2001.0,127.0,0.0,0,328.19,0.0,1,1.47,0.2,SPY200124P00318000,318.0,0,0.0,0.0,,0.0,normalDay
2020-01-16,2001.0,135.0,0.0,0,330.92,0.0,1,1.47,0.12,SPY200124P00318000,318.0,0,0.0,0.0,,0.0,normalDay
2020-01-17,2001.0,142.0,0.0,0,331.95,0.0,1,1.47,0.05,SPY200124P00318000,318.0,0,0.0,0.0,,0.0,normalDay
2020-01-21,2001.0,144.0,0.0,0,331.3,0.0,1,1.47,0.03,SPY200124P00318000,318.0,0,0.0,0.0,,0.0,normalDay
2020-01-22,2001.0,145.0,0.0,0,331.34,0.0,1,1.47,0.02,SPY200124P00318000,318.0,0,0.0,0.0,,0.0,normalDay
2020-01-23,2001.0,146.0,0.0,0,331.72,0.0,1,1.47,0.01,SPY200124P00318000,318.0,0,0.0,0.0,,0.0,normalDay
2020-01-24,2148.0,0.0,147.0,0,328.77,0.0,1,1.47,0.0,SPY200124P00318000,318.0,0,0.0,0.0,,0.0,expirationDay
2020-01-27,2148.0,-5.0,0.0,0,323.5,0.0,1,5.47,5.52,SPY200214P00325000,325.0,0,0.0,0.0,,0.0,normalDay
2020-01-28,2148.0,200.0,0.0,0,326.89,0.0,1,5.47,3.47,SPY200214P00325000,325.0,0,0.0,0.0,,0.0,normalDay
2020-01-29,2148.0,196.0,0.0,0,326.62,0.0,1,5.47,3.51,SPY200214P00325000,325.0,0,0.0,0.0,,0.0,normalDay
2020-01-30,2148.0,293.0,0.0,0,327.68,0.0,1,5.47,2.54,SPY200214P00325000,325.0,0,0.0,0.0,,0.0,normalDay
2020-01-31,2148.0,-28.0,0.0,0,321.73,0.0,1,5.47,5.75,SPY200214P00325000,325.0,0,0.0,0.0,,0.0,normalDay
2020-02-03,2148.0,112.0,0.0,0,324.12,0.0,1,5.47,4.35,SPY200214P00325000,325.0,0,0.0,0.0,,0.0,normalDay
2020-02-04,2148.0,372.0,0.0,0,329.06,0.0,1,5.47,1.75,SPY200214P00325000,325.0,0,0.0,0.0,,0.0,normalDay
2020-02-05,2148.0,478.0,0.0,0,332.86,0.0,1,5.47,0.69,SPY200214P00325000,325.0,0,0.0,0.0,,0.0,normalDay
2020-02-06,2148.0,496.0,0.0,0,333.98,0.0,1,5.47,0.51,SPY200214P00325000,325.0,0,0.0,0.0,,0.0,normalDay
2020-02-07,2148.0,484.0,0.0,0,332.2,0.0,1,5.47,0.63,SPY200214P00325000,325.0,0,0.0,0.0,,0.0,normalDay
2020-02-10,2148.0,530.0,0.0,0,334.68,0.0,1,5.47,0.17,SPY200214P00325000,325.0,0,0.0,0.0,,0.0,normalDay
2020-02-11,2148.0,537.0,0.0,0,335.26,0.0,1,5.47,0.1,SPY200214P00325000,325.0,0,0.0,0.0,,0.0,normalDay
2020-02-12,2148.0,544.0,0.0,0,337.42,0.0,1,5.47,0.03,SPY200214P00325000,325.0,0,0.0,0.0,,0.0,normalDay
2020-02-13,2148.0,545.0,0.0,0,337.06,0.0,1,5.47,0.02,SPY200214P00325000,325.0,0,0.0,0.0,,0.0,normalDay
2020-02-14,2695.0,0.0,547.0,0,337.6,0.0,1,5.47,0.0,SPY200214P00325000,325.0,0,0.0,0.0,,0.0,expirationDay
2020-02-18,2695.0,-4.0,0.0,0,336.73,0.0,1,1.52,1.56,SPY200306P00329000,329.0,0,0.0,0.0,,0.0,normalDay
2020-02-19,2695.0,43.0,0.0,0,338.34,0.0,1,1.52,1.09,SPY200306P00329000,329.0,0,0.0,0.0,,0.0,normalDay
2020-02-20,2695.0,10.0,0.0,0,336.95,0.0,1,1.52,1.42,SPY200306P00329000,329.0,0,0.0,0.0,,0.0,normalDay
2020-02-21,2695.0,-100.0,0.0,0,333.48,0.0,1,1.52,2.52,SPY200306P00329000,329.0,0,0.0,0.0,,0.0,normalDay
2020-02-24,2695.0,-768.0,0.0,0,322.42,0.0,1,1.52,9.2,SPY200306P00329000,329.0,0,0.0,0.0,,0.0,normalDay
2020-02-25,2695.0,-1497.0,0.0,0,312.65,0.0,1,1.52,16.49,SPY200306P00329000,329.0,0,0.0,0.0,,0.0,normalDay
2020-02-26,2695.0,-1687.0,0.0,0,311.5,0.0,1,1.52,18.39,SPY200306P00329000,329.0,0,0.0,0.0,,0.0,normalDay
2020-02-27,2695.0,-3028.0,0.0,0,297.51,0.0,1,1.52,31.8,SPY200306P00329000,329.0,0,0.0,0.0,,0.0,normalDay
2020-02-28,2695.0,-3106.0,0.0,0,296.26,0.0,1,1.52,32.58,SPY200306P00329000,329.0,0,0.0,0.0,,0.0,normalDay
2020-03-02,2695.0,-1859.0,0.0,0,309.09,0.0,1,1.52,20.11,SPY200306P00329000,329.0,0,0.0,0.0,,0.0,normalDay
2020-03-03,2695.0,-2613.0,0.0,0,300.24,0.0,1,1.52,27.65,SPY200306P00329000,329.0,0,0.0,0.0,,0.0,normalDay
2020-03-04,2695.0,-1573.0,0.0,0,312.86,0.0,1,1.52,17.25,SPY200306P00329000,329.0,0,0.0,0.0,,0.0,normalDay
2020-03-05,2695.0,-2558.0,0.0,0,302.46,0.0,1,1.52,27.1,SPY200306P00329000,329.0,0,0.0,0.0,,0.0,normalDay
2020-03-06,2847.0,-3154.0,152.0,100,297.46,329.0,1,1.52,0.0,SPY200306P00329000,329.0,0,0.0,0.0,,0.0,expirationDay
2020-03-09,2847.0,-5477.0,0.0,100,274.23,329.0,0,0.0,0.0,,0.0,0,0.0,0.0,,0.0,bidTooLow
2020-03-10,2847.0,-4061.0,0.0,100,288.42,329.0,0,0.0,0.0,,0.0,1,0.03,0.06,SPY200313C00318000,318.0,normalDay
2020-03-11,2847.0,-5463.0,0.0,100,274.36,329.0,0,0.0,0.0,,0.0,1,0.03,0.02,SPY200313C00318000,318.0,normalDay
2020-03-12,2847.0,-8088.0,0.0,100,248.11,329.0,0,0.0,0.0,,0.0,1,0.03,0.02,SPY200313C00318000,318.0,normalDay
2020-03-13,2850.0,-5968.0,3.0,100,269.32,329.0,0,0.0,0.0,,0.0,1,0.03,0.0,SPY200313C00318000,318.0,expirationDay
2020-03-16,2850.0,-8918.0,0.0,100,239.85,329.0,0,0.0,0.0,,0.0,1,0.01,0.04,SPY200318C00303000,303.0,normalDay
2020-03-17,2850.0,-7620.0,0.0,100,252.8,329.0,0,0.0,0.0,,0.0,1,0.01,0.01,SPY200318C00303000,303.0,normalDay
2020-03-18,2851.0,-8900.0,1.0,100,240.0,329.0,0,0.0,0.0,,0.0,1,0.01,0.0,SPY200318C00303000,303.0,expirationDay
2020-03-19,2851.0,-8849.0,0.0,100,240.51,329.0,0,0.0,0.0,,0.0,0,0.0,0.0,,0.0,bidTooLow
2020-03-20,2851.0,-10020.0,0.0,100,228.8,329.0,0,0.0,0.0,,0.0,0,0.0,0.0,,0.0,bidTooLow
2020-03-23,2851.0,-10605.0,0.0,100,222.95,329.0,0,0.0,0.0,,0.0,0,0.0,0.0,,0.0,bidTooLow
2020-03-24,2851.0,-8591.0,0.0,100,243.15,329.0,0,0.0,0.0,,0.0,1,0.26,0.32,SPY200327C00276000,276.0,normalDay
2020-03-25,2851.0,-8213.0,0.0,100,246.79,329.0,0,0.0,0.0,,0.0,1,0.26,0.18,SPY200327C00276000,276.0,normalDay
2020-03-26,2851.0,-6789.0,0.0,100,261.2,329.0,0,0.0,0.0,,0.0,1,0.26,0.35,SPY200327C00276000,276.0,normalDay
2020-03-27,2877.0,-7558.0,26.0,100,253.42,329.0,0,0.0,0.0,,0.0,1,0.26,0.0,SPY200327C00276000,276.0,expirationDay
2020-03-30,2877.0,-6746.0,0.0,100,261.65,329.0,0,0.0,0.0,,0.0,1,2.53,2.64,SPY200401C00266000,266.0,normalDay
2020-03-31,2877.0,-6911.0,0.0,100,257.75,329.0,0,0.0,0.0,,0.0,1,2.53,0.39,SPY200401C00266000,266.0,normalDay
2020-04-01,3130.0,-8285.0,253.0,100,246.15,329.0,0,0.0,0.0,,0.0,1,2.53,0.0,SPY200401C00266000,266.0,expirationDay
2020-04-02,3130.0,-7723.0,0.0,100,251.83,329.0,0,0.0,0.0,,0.0,1,1.37,1.43,SPY200403C00257000,257.0,normalDay
2020-04-03,3267.0,-8081.0,137.0,100,248.19,329.0,0,0.0,0.0,,0.0,1,1.37,0.0,SPY200403C00257000,257.0,expirationDay
2020-04-06,3267.0,-6436.0,0.0,100,264.86,329.0,0,0.0,0.0,,0.0,1,12.67,12.89,SPY200409C00254000,254.0,normalDay
2020-04-07,3267.0,-6274.0,0.0,100,265.13,329.0,0,0.0,0.0,,0.0,1,12.67,11.54,SPY200409C00254000,254.0,normalDay
2020-04-08,3267.0,-6247.0,0.0,100,274.03,329.0,0,0.0,0.0,,0.0,1,12.67,20.17,SPY200409C00254000,254.0,normalDay
2020-04-09,-2966.0,-6247.0,-6233.0,0,278.2,0.0,0,0.0,0.0,,0.0,1,12.67,0.0,SPY200409C00254000,254.0,expirationDay
2020-04-13,-2966.0,-7.0,0.0,0,275.66,0.0,1,2.24,2.31,SPY200501P00245000,245.0,0,0.0,0.0,,0.0,normalDay
2020-04-14,-2966.0,104.0,0.0,0,283.79,0.0,1,2.24,1.2,SPY200501P00245000,245.0,0,0.0,0.0,,0.0,normalDay
2020-04-15,-2966.0,53.0,0.0,0,277.76,0.0,1,2.24,1.71,SPY200501P00245000,245.0,0,0.0,0.0,,0.0,normalDay
2020-04-16,-2966.0,83.0,0.0,0,279.1,0.0,1,2.24,1.41,SPY200501P00245000,245.0,0,0.0,0.0,,0.0,normalDay
2020-04-17,-2966.0,159.0,0.0,0,286.64,0.0,1,2.24,0.65,SPY200501P00245000,245.0,0,0.0,0.0,,0.0,normalDay
2020-04-20,-2966.0,131.0,0.0,0,281.59,0.0,1,2.24,0.93,SPY200501P00245000,245.0,0,0.0,0.0,,0.0,normalDay
2020-04-21,-2966.0,96.0,0.0,0,273.04,0.0,1,2.24,1.28,SPY200501P00245000,245.0,0,0.0,0.0,,0.0,normalDay
2020-04-22,-2966.0,166.0,0.0,0,279.1,0.0,1,2.24,0.58,SPY200501P00245000,245.0,0,0.0,0.0,,0.0,normalDay
2020-04-23,-2966.0,188.0,0.0,0,279.08,0.0,1,2.24,0.36,SPY200501P00245000,245.0,0,0.0,0.0,,0.0,normalDay
2020-04-24,-2966.0,216.0,0.0,0,282.97,0.0,1,2.24,0.08,SPY200501P00245000,245.0,0,0.0,0.0,,0.0,normalDay
2020-04-27,-2966.0,221.0,0.0,0,287.05,0.0,1,2.24,0.03,SPY200501P00245000,245.0,0,0.0,0.0,,0.0,normalDay
2020-04-28,-2966.0,222.0,0.0,0,285.73,0.0,1,2.24,0.02,SPY200501P00245000,245.0,0,0.0,0.0,,0.0,normalDay
2020-04-29,-2966.0,223.0,0.0,0,293.21,0.0,1,2.24,0.01,SPY200501P00245000,245.0,0,0.0,0.0,,0.0,normalDay
2020-04-30,-2966.0,223.0,0.0,0,290.48,0.0,1,2.24,0.01,SPY200501P00245000,245.0,0,0.0,0.0,,0.0,normalDay
2020-05-01,-2742.0,0.0,224.0,0,282.79,0.0,1,2.24,0.0,SPY200501P00245000,245.0,0,0.0,0.0,,0.0,expirationDay
2020-05-04,-2742.0,-7.0,0.0,0,283.57,0.0,1,6.02,6.09,SPY200522P00277000,277.0,0,0.0,0.0,,0.0,normalDay
2020-05-05,-2742.0,142.0,0.0,0,286.19,0.0,1,6.02,4.6,SPY200522P00277000,277.0,0,0.0,0.0,,0.0,normalDay
2020-05-06,-2742.0,98.0,0.0,0,284.25,0.0,1,6.02,5.04,SPY200522P00277000,277.0,0,0.0,0.0,,0.0,normalDay
2020-05-07,-2742.0,278.0,0.0,0,287.68,0.0,1,6.02,3.24,SPY200522P00277000,277.0,0,0.0,0.0,,0.0,normalDay
2020-05-08,-2742.0,443.0,0.0,0,292.44,0.0,1,6.02,1.59,SPY200522P00277000,277.0,0,0.0,0.0,,0.0,normalDay
2020-05-11,-2742.0,467.0,0.0,0,292.5,0.0,1,6.02,1.35,SPY200522P00277000,277.0,0,0.0,0.0,,0.0,normalDay
2020-05-12,-2742.0,302.0,0.0,0,286.67,0.0,1,6.02,3.0,SPY200522P00277000,277.0,0,0.0,0.0,,0.0,normalDay
2020-05-13,-2742.0,221.0,0.0,0,281.6,0.0,1,6.02,3.81,SPY200522P00277000,277.0,0,0.0,0.0,,0.0,normalDay
2020-05-14,-2742.0,351.0,0.0,0,284.97,0.0,1,6.02,2.51,SPY200522P00277000,277.0,0,0.0,0.0,,0.0,normalDay
2020-05-15,-2742.0,412.0,0.0,0,286.28,0.0,1,6.02,1.9,SPY200522P00277000,277.0,0,0.0,0.0,,0.0,normalDay
2020-05-18,-2742.0,575.0,0.0,0,295.0,0.0,1,6.02,0.27,SPY200522P00277000,277.0,0,0.0,0.0,,0.0,normalDay
2020-05-19,-2742.0,581.0,0.0,0,291.97,0.0,1,6.02,0.21,SPY200522P00277000,277.0,0,0.0,0.0,,0.0,normalDay
2020-05-20,-2742.0,599.0,0.0,0,296.93,0.0,1,6.02,0.03,SPY200522P00277000,277.0,0,0.0,0.0,,0.0,normalDay
2020-05-21,-2742.0,601.0,0.0,0,294.88,0.0,1,6.02,0.01,SPY200522P00277000,277.0,0,0.0,0.0,,0.0,normalDay
2020-05-22,-2140.0,0.0,602.0,0,295.44,0.0,1,6.02,0.0,SPY200522P00277000,277.0,0,0.0,0.0,,0.0,expirationDay
2020-05-26,-2140.0,-5.0,0.0,0,299.08,0.0,1,2.66,2.71,SPY200612P00287000,287.0,0,0.0,0.0,,0.0,normalDay
2020-05-27,-2140.0,71.0,0.0,0,303.53,0.0,1,2.66,1.95,SPY200612P00287000,287.0,0,0.0,0.0,,0.0,normalDay
2020-05-28,-2140.0,76.0,0.0,0,302.97,0.0,1,2.66,1.9,SPY200612P00287000,287.0,0,0.0,0.0,,0.0,normalDay
2020-05-29,-2140.0,127.0,0.0,0,304.32,0.0,1,2.66,1.39,SPY200612P00287000,287.0,0,0.0,0.0,,0.0,normalDay
2020-06-01,-2140.0,149.0,0.0,0,305.55,0.0,1,2.66,1.17,SPY200612P00287000,287.0,0,0.0,0.0,,0.0,normalDay
2020-06-02,-2140.0,196.0,0.0,0,308.08,0.0,1,2.66,0.7,SPY200612P00287000,287.0,0,0.0,0.0,,0.0,normalDay
2020-06-03,-2140.0,233.0,0.0,0,312.18,0.0,1,2.66,0.33,SPY200612P00287000,287.0,0,0.0,0.0,,0.0,normalDay
2020-06-04,-2140.0,239.0,0.0,0,311.36,0.0,1,2.66,0.27,SPY200612P00287000,287.0,0,0.0,0.0,,0.0,normalDay
2020-06-05,-2140.0,257.0,0.0,0,319.34,0.0,1,2.66,0.09,SPY200612P00287000,287.0,0,0.0,0.0,,0.0,normalDay
2020-06-08,-2140.0,261.0,0.0,0,323.2,0.0,1,2.66,0.05,SPY200612P00287000,287.0,0,0.0,0.0,,0.0,normalDay
2020-06-09,-2140.0,262.0,0.0,0,320.79,0.0,1,2.66,0.04,SPY200612P00287000,287.0,0,0.0,0.0,,0.0,normalDay
2020-06-10,-2140.0,264.0,0.0,0,319.0,0.0,1,2.66,0.02,SPY200612P00287000,287.0,0,0.0,0.0,,0.0,normalDay
2020-06-11,-2140.0,232.0,0.0,0,300.61,0.0,1,2.66,0.34,SPY200612P00287000,287.0,0,0.0,0.0,,0.0,normalDay
2020-06-12,-1874.0,0.0,266.0,0,304.21,0.0,1,2.66,0.0,SPY200612P00287000,287.0,0,0.0,0.0,,0.0,expirationDay
2020-06-15,-1874.0,-7.0,0.0,0,307.05,0.0,1,6.37,6.44,SPY200702P00301000,301.0,0,0.0,0.0,,0.0,normalDay
2020-06-16,-1874.0,156.0,0.0,0,312.96,0.0,1,6.37,4.81,SPY200702P00301000,301.0,0,0.0,0.0,,0.0,normalDay
2020-06-17,-1874.0,189.0,0.0,0,311.66,0.0,1,6.37,4.48,SPY200702P00301000,301.0,0,0.0,0.0,,0.0,normalDay
2020-06-18,-1874.0,235.0,0.0,0,311.78,0.0,1,6.37,4.02,SPY200702P00301000,301.0,0,0.0,0.0,,0.0,normalDay
2020-06-19,-1874.0,147.0,0.0,0,308.64,0.0,1,6.37,4.9,SPY200702P00301000,301.0,0,0.0,0.0,,0.0,normalDay
2020-06-22,-1874.0,351.0,0.0,0,310.62,0.0,1,6.37,2.86,SPY200702P00301000,301.0,0,0.0,0.0,,0.0,normalDay
2020-06-23,-1874.0,406.0,0.0,0,312.05,0.0,1,6.37,2.31,SPY200702P00301000,301.0,0,0.0,0.0,,0.0,normalDay
2020-06-24,-1874.0,203.0,0.0,0,304.09,0.0,1,6.37,4.34,SPY200702P00301000,301.0,0,0.0,0.0,,0.0,normalDay
2020-06-25,-1874.0,377.0,0.0,0,307.35,0.0,1,6.37,2.6,SPY200702P00301000,301.0,0,0.0,0.0,,0.0,normalDay
2020-06-26,-1874.0,177.0,0.0,0,300.05,0.0,1,6.37,4.6,SPY200702P00301000,301.0,0,0.0,0.0,,0.0,normalDay
2020-06-29,-1874.0,427.0,0.0,0,304.46,0.0,1,6.37,2.1,SPY200702P00301000,301.0,0,0.0,0.0,,0.0,normalDay
2020-06-30,-1874.0,564.0,0.0,0,308.36,0.0,1,6.37,0.73,SPY200702P00301000,301.0,0,0.0,0.0,,0.0,normalDay
2020-07-01,-1874.0,622.0,0.0,0,310.52,0.0,1,6.37,0.15,SPY200702P00301000,301.0,0,0.0,0.0,,0.0,normalDay
2020-07-02,-1237.0,0.0,637.0,0,312.23,0.0,1,6.37,0.0,SPY200702P00301000,301.0,0,0.0,0.0,,0.0,expirationDay
2020-07-06,-1237.0,-5.0,0.0,0,317.05,0.0,1,3.3,3.35,SPY200724P00307000,307.0,0,0.0,0.0,,0.0,normalDay
2020-07-07,-1237.0,-100.0,0.0,0,313.78,0.0,1,3.3,4.3,SPY200724P00307000,307.0,0,0.0,0.0,,0.0,normalDay
2020-07-08,-1237.0,18.0,0.0,0,316.18,0.0,1,3.3,3.12,SPY200724P00307000,307.0,0,0.0,0.0,,0.0,normalDay
2020-07-09,-1237.0,-37.0,0.0,0,314.38,0.0,1,3.3,3.67,SPY200724P00307000,307.0,0,0.0,0.0,,0.0,normalDay
2020-07-10,-1237.0,103.0,0.0,0,317.59,0.0,1,3.3,2.27,SPY200724P00307000,307.0,0,0.0,0.0,,0.0,normalDay
2020-07-13,-1237.0,-17.0,0.0,0,314.84,0.0,1,3.3,3.47,SPY200724P00307000,307.0,0,0.0,0.0,,0.0,normalDay
2020-07-14,-1237.0,124.0,0.0,0,318.92,0.0,1,3.3,2.06,SPY200724P00307000,307.0,0,0.0,0.0,,0.0,normalDay
2020-07-15,-1237.0,214.0,0.0,0,321.85,0.0,1,3.3,1.16,SPY200724P00307000,307.0,0,0.0,0.0,,0.0,normalDay
2020-07-16,-1237.0,208.0,0.0,0,320.79,0.0,1,3.3,1.22,SPY200724P00307000,307.0,0,0.0,0.0,,0.0,normalDay
2020-07-17,-1237.0,284.0,0.0,0,321.72,0.0,1,3.3,0.46,SPY200724P00307000,307.0,0,0.0,0.0,,0.0,normalDay
2020-07-20,-1237.0,318.0,0.0,0,324.32,0.0,1,3.3,0.12,SPY200724P00307000,307.0,0,0.0,0.0,,0.0,normalDay
2020-07-21,-1237.0,324.0,0.0,0,325.01,0.0,1,3.3,0.06,SPY200724P00307000,307.0,0,0.0,0.0,,0.0,normalDay
2020-07-22,-1237.0,327.0,0.0,0,326.86,0.0,1,3.3,0.03,SPY200724P00307000,307.0,0,0.0,0.0,,0.0,normalDay
2020-07-23,-1237.0,327.0,0.0,0,322.96,0.0,1,3.3,0.03,SPY200724P00307000,307.0,0,0.0,0.0,,0.0,normalDay
2020-07-24,-907.0,0.0,330.0,0,320.88,0.0,1,3.3,0.0,SPY200724P00307000,307.0,0,0.0,0.0,,0.0,expirationDay
2020-07-27,-907.0,-5.0,0.0,0,323.22,0.0,1,3.18,3.23,SPY200814P00315000,315.0,0,0.0,0.0,,0.0,normalDay
2020-07-28,-907.0,-65.0,0.0,0,321.17,0.0,1,3.18,3.83,SPY200814P00315000,315.0,0,0.0,0.0,,0.0,normalDay
2020-07-29,-907.0,71.0,0.0,0,325.12,0.0,1,3.18,2.47,SPY200814P00315000,315.0,0,0.0,0.0,,0.0,normalDay
2020-07-30,-907.0,46.0,0.0,0,323.96,0.0,1,3.18,2.72,SPY200814P00315000,315.0,0,0.0,0.0,,0.0,normalDay
2020-07-31,-907.0,146.0,0.0,0,326.52,0.0,1,3.18,1.72,SPY200814P00315000,315.0,0,0.0,0.0,,0.0,normalDay
2020-08-03,-907.0,204.0,0.0,0,328.79,0.0,1,3.18,1.14,SPY200814P00315000,315.0,0,0.0,0.0,,0.0,normalDay
2020-08-04,-907.0,233.0,0.0,0,330.06,0.0,1,3.18,0.85,SPY200814P00315000,315.0,0,0.0,0.0,,0.0,normalDay
2020-08-05,-907.0,267.0,0.0,0,332.11,0.0,1,3.18,0.51,SPY200814P00315000,315.0,0,0.0,0.0,,0.0,normalDay
2020-08-06,-907.0,280.0,0.0,0,334.33,0.0,1,3.18,0.38,SPY200814P00315000,315.0,0,0.0,0.0,,0.0,normalDay
2020-08-07,-907.0,298.0,0.0,0,334.57,0.0,1,3.18,0.2,SPY200814P00315000,315.0,0,0.0,0.0,,0.0,normalDay
2020-08-10,-907.0,309.0,0.0,0,335.57,0.0,1,3.18,0.09,SPY200814P00315000,315.0,0,0.0,0.0,,0.0,normalDay
2020-08-11,-907.0,301.0,0.0,0,332.8,0.0,1,3.18,0.17,SPY200814P00315000,315.0,0,0.0,0.0,,0.0,normalDay
2020-08-12,-907.0,315.0,0.0,0,337.44,0.0,1,3.18,0.03,SPY200814P00315000,315.0,0,0.0,0.0,,0.0,normalDay
2020-08-13,-907.0,316.0,0.0,0,336.83,0.0,1,3.18,0.02,SPY200814P00315000,315.0,0,0.0,0.0,,0.0,normalDay
2020-08-14,-589.0,0.0,318.0,0,336.84,0.0,1,3.18,0.0,SPY200814P00315000,315.0,0,0.0,0.0,,0.0,expirationDay
2020-08-17,-589.0,-4.0,0.0,0,337.91,0.0,1,2.12,2.16,SPY200904P00327000,327.0,0,0.0,0.0,,0.0,normalDay
2020-08-18,-589.0,20.0,0.0,0,338.64,0.0,1,2.12,1.92,SPY200904P00327000,327.0,0,0.0,0.0,,0.0,normalDay
2020-08-19,-589.0,-6.0,0.0,0,337.23,0.0,1,2.12,2.18,SPY200904P00327000,327.0,0,0.0,0.0,,0.0,normalDay
2020-08-20,-589.0,26.0,0.0,0,338.28,0.0,1,2.12,1.86,SPY200904P00327000,327.0,0,0.0,0.0,,0.0,normalDay
2020-08-21,-589.0,68.0,0.0,0,339.48,0.0,1,2.12,1.44,SPY200904P00327000,327.0,0,0.0,0.0,,0.0,normalDay
2020-08-24,-589.0,128.0,0.0,0,342.92,0.0,1,2.12,0.84,SPY200904P00327000,327.0,0,0.0,0.0,,0.0,normalDay
2020-08-25,-589.0,152.0,0.0,0,344.12,0.0,1,2.12,0.6,SPY200904P00327000,327.0,0,0.0,0.0,,0.0,normalDay
2020-08-26,-589.0,166.0,0.0,0,347.57,0.0,1,2.12,0.46,SPY200904P00327000,327.0,0,0.0,0.0,,0.0,normalDay
2020-08-27,-589.0,175.0,0.0,0,348.33,0.0,1,2.12,0.37,SPY200904P00327000,327.0,0,0.0,0.0,,0.0,normalDay
2020-08-28,-589.0,201.0,0.0,0,350.58,0.0,1,2.12,0.11,SPY200904P00327000,327.0,0,0.0,0.0,,0.0,normalDay
2020-08-31,-589.0,198.0,0.0,0,349.31,0.0,1,2.12,0.14,SPY200904P00327000,327.0,0,0.0,0.0,,0.0,normalDay
2020-09-01,-589.0,206.0,0.0,0,352.6,0.0,1,2.12,0.06,SPY200904P00327000,327.0,0,0.0,0.0,,0.0,normalDay
2020-09-02,-589.0,208.0,0.0,0,357.7,0.0,1,2.12,0.04,SPY200904P00327000,327.0,0,0.0,0.0,,0.0,normalDay
2020-09-03,-589.0,201.0,0.0,0,345.39,0.0,1,2.12,0.11,SPY200904P00327000,327.0,0,0.0,0.0,,0.0,normalDay
2020-09-04,-377.0,0.0,212.0,0,342.57,0.0,1,2.12,0.0,SPY200904P00327000,327.0,0,0.0,0.0,,0.0,expirationDay
2020-09-08,-377.0,-22.0,0.0,0,333.21,0.0,1,10.97,11.19,SPY200925P00339000,339.0,0,0.0,0.0,,0.0,normalDay
2020-09-09,-377.0,362.0,0.0,0,339.79,0.0,1,10.97,7.35,SPY200925P00339000,339.0,0,0.0,0.0,,0.0,normalDay
2020-09-10,-377.0,84.0,0.0,0,333.89,0.0,1,10.97,10.13,SPY200925P00339000,339.0,0,0.0,0.0,,0.0,normalDay
2020-09-11,-377.0,108.0,0.0,0,334.06,0.0,1,10.97,9.89,SPY200925P00339000,339.0,0,0.0,0.0,,0.0,normalDay
2020-09-14,-377.0,504.0,0.0,0,338.46,0.0,1,10.97,5.93,SPY200925P00339000,339.0,0,0.0,0.0,,0.0,normalDay
2020-09-15,-377.0,624.0,0.0,0,340.17,0.0,1,10.97,4.73,SPY200925P00339000,339.0,0,0.0,0.0,,0.0,normalDay
2020-09-16,-377.0,576.0,0.0,0,338.82,0.0,1,10.97,5.21,SPY200925P00339000,339.0,0,0.0,0.0,,0.0,normalDay
2020-09-17,-377.0,437.0,0.0,0,335.84,0.0,1,10.97,6.6,SPY200925P00339000,339.0,0,0.0,0.0,,0.0,normalDay
2020-09-18,-377.0,181.0,0.0,0,330.65,0.0,1,10.97,9.16,SPY200925P00339000,339.0,0,0.0,0.0,,0.0,normalDay
2020-09-21,-377.0,-87.0,0.0,0,326.97,0.0,1,10.97,11.84,SPY200925P00339000,339.0,0,0.0,0.0,,0.0,normalDay
2020-09-22,-377.0,182.0,0.0,0,330.3,0.0,1,10.97,9.15,SPY200925P00339000,339.0,0,0.0,0.0,,0.0,normalDay
2020-09-23,-377.0,-540.0,0.0,0,322.64,0.0,1,10.97,16.37,SPY200925P00339000,339.0,0,0.0,0.0,,0.0,normalDay
2020-09-24,-377.0,-441.0,0.0,0,323.5,0.0,1,10.97,15.38,SPY200925P00339000,339.0,0,0.0,0.0,,0.0,normalDay
2020-09-25,720.0,-1027.0,1097.0,100,328.73,339.0,1,10.97,0.0,SPY200925P00339000,339.0,0,0.0,0.0,,0.0,expirationDay
2020-09-28,720.0,-484.0,0.0,100,334.19,339.0,0,0.0,0.0,,0.0,1,0.79,0.82,SPY200930C00338000,338.0,normalDay
2020-09-29,720.0,-623.0,0.0,100,332.37,339.0,0,0.0,0.0,,0.0,1,0.79,0.39,SPY200930C00338000,338.0,normalDay
2020-09-30,799.0,-411.0,79.0,100,334.89,339.0,0,0.0,0.0,,0.0,1,0.79,0.0,SPY200930C00338000,338.0,expirationDay
2020-10-01,799.0,-202.0,0.0,100,337.04,339.0,0,0.0,0.0,,0.0,1,3.23,3.29,SPY201002C00335000,335.0,normalDay
2020-10-02,1122.0,-516.0,323.0,100,333.84,339.0,0,0.0,0.0,,0.0,1,3.23,0.0,SPY201002C00335000,335.0,expirationDay
2020-10-05,1122.0,67.0,0.0,100,339.76,339.0,0,0.0,0.0,,0.0,1,6.05,6.14,SPY201007C00334000,334.0,normalDay
2020-10-06,1122.0,-61.0,0.0,100,334.93,339.0,0,0.0,0.0,,0.0,1,6.05,2.59,SPY201007C00334000,334.0,normalDay
2020-10-07,1227.0,-61.0,105.0,0,340.76,0.0,0,0.0,0.0,,0.0,1,6.05,0.0,SPY201007C00334000,334.0,expirationDay
2020-10-08,1227.0,-4.0,0.0,0,343.78,0.0,1,2.17,2.21,SPY201026P00331000,331.0,0,0.0,0.0,,0.0,normalDay
2020-10-09,1227.0,87.0,0.0,0,346.85,0.0,1,2.17,1.3,SPY201026P00331000,331.0,0,0.0,0.0,,0.0,normalDay
2020-10-12,1227.0,144.0,0.0,0,352.43,0.0,1,2.17,0.73,SPY201026P00331000,331.0,0,0.0,0.0,,0.0,normalDay
2020-10-13,1227.0,135.0,0.0,0,350.13,0.0,1,2.17,0.82,SPY201026P00331000,331.0,0,0.0,0.0,,0.0,normalDay
2020-10-14,1227.0,130.0,0.0,0,347.93,0.0,1,2.17,0.87,SPY201026P00331000,331.0,0,0.0,0.0,,0.0,normalDay
2020-10-15,1227.0,142.0,0.0,0,347.5,0.0,1,2.17,0.75,SPY201026P00331000,331.0,0,0.0,0.0,,0.0,normalDay
2020-10-16,1227.0,152.0,0.0,0,347.29,0.0,1,2.17,0.65,SPY201026P00331000,331.0,0,0.0,0.0,,0.0,normalDay
2020-10-19,1227.0,125.0,0.0,0,342.01,0.0,1,2.17,0.92,SPY201026P00331000,331.0,0,0.0,0.0,,0.0,normalDay
2020-10-20,1227.0,157.0,0.0,0,343.38,0.0,1,2.17,0.6,SPY201026P00331000,331.0,0,0.0,0.0,,0.0,normalDay
2020-10-21,1227.0,185.0,0.0,0,342.73,0.0,1,2.17,0.32,SPY201026P00331000,331.0,0,0.0,0.0,,0.0,normalDay
2020-10-22,1227.0,205.0,0.0,0,344.61,0.0,1,2.17,0.12,SPY201026P00331000,331.0,0,0.0,0.0,,0.0,normalDay
2020-10-23,1227.0,213.0,0.0,0,345.78,0.0,1,2.17,0.04,SPY201026P00331000,331.0,0,0.0,0.0,,0.0,normalDay
2020-10-26,1444.0,0.0,217.0,0,339.39,0.0,1,2.17,0.0,SPY201026P00331000,331.0,0,0.0,0.0,,0.0,expirationDay
2020-10-27,1444.0,-8.0,0.0,0,338.22,0.0,1,9.87,9.95,SPY201113P00340000,340.0,0,0.0,0.0,,0.0,normalDay
2020-10-28,1444.0,-836.0,0.0,0,326.66,0.0,1,9.87,18.23,SPY201113P00340000,340.0,0,0.0,0.0,,0.0,normalDay
2020-10-29,1444.0,-464.0,0.0,0,329.98,0.0,1,9.87,14.51,SPY201113P00340000,340.0,0,0.0,0.0,,0.0,normalDay
2020-10-30,1444.0,-638.0,0.0,0,326.54,0.0,1,9.87,16.25,SPY201113P00340000,340.0,0,0.0,0.0,,0.0,normalDay
2020-11-02,1444.0,-344.0,0.0,0,330.2,0.0,1,9.87,13.31,SPY201113P00340000,340.0,0,0.0,0.0,,0.0,normalDay
2020-11-03,1444.0,-48.0,0.0,0,336.03,0.0,1,9.87,10.35,SPY201113P00340000,340.0,0,0.0,0.0,,0.0,normalDay
2020-11-04,1444.0,507.0,0.0,0,343.54,0.0,1,9.87,4.8,SPY201113P00340000,340.0,0,0.0,0.0,,0.0,normalDay
2020-11-05,1444.0,762.0,0.0,0,350.24,0.0,1,9.87,2.25,SPY201113P00340000,340.0,0,0.0,0.0,,0.0,normalDay
2020-11-06,1444.0,849.0,0.0,0,350.16,0.0,1,9.87,1.38,SPY201113P00340000,340.0,0,0.0,0.0,,0.0,normalDay
2020-11-09,1444.0,933.0,0.0,0,354.56,0.0,1,9.87,0.54,SPY201113P00340000,340.0,0,0.0,0.0,,0.0,normalDay
2020-11-10,1444.0,958.0,0.0,0,354.04,0.0,1,9.87,0.29,SPY201113P00340000,340.0,0,0.0,0.0,,0.0,normalDay
2020-11-11,1444.0,980.0,0.0,0,356.67,0.0,1,9.87,0.07,SPY201113P00340000,340.0,0,0.0,0.0,,0.0,normalDay
2020-11-12,1444.0,981.0,0.0,0,353.21,0.0,1,9.87,0.06,SPY201113P00340000,340.0,0,0.0,0.0,,0.0,normalDay
2020-11-13,2431.0,0.0,987.0,0,358.1,0.0,1,9.87,0.0,SPY201113P00340000,340.0,0,0.0,0.0,,0.0,expirationDay
2020-11-16,2431.0,-4.0,0.0,0,362.57,0.0,1,1.24,1.28,SPY201204P00339000,339.0,0,0.0,0.0,,0.0,normalDay
2020-11-17,2431.0,-7.0,0.0,0,360.62,0.0,1,1.24,1.31,SPY201204P00339000,339.0,0,0.0,0.0,,0.0,normalDay
2020-11-18,2431.0,-44.0,0.0,0,356.28,0.0,1,1.24,1.68,SPY201204P00339000,339.0,0,0.0,0.0,,0.0,normalDay
2020-11-19,2431.0,-4.0,0.0,0,357.78,0.0,1,1.24,1.28,SPY201204P00339000,339.0,0,0.0,0.0,,0.0,normalDay
2020-11-20,2431.0,-20.0,0.0,0,355.33,0.0,1,1.24,1.44,SPY201204P00339000,339.0,0,0.0,0.0,,0.0,normalDay
2020-11-23,2431.0,46.0,0.0,0,357.46,0.0,1,1.24,0.78,SPY201204P00339000,339.0,0,0.0,0.0,,0.0,normalDay
2020-11-24,2431.0,92.0,0.0,0,363.22,0.0,1,1.24,0.32,SPY201204P00339000,339.0,0,0.0,0.0,,0.0,normalDay
2020-11-25,2431.0,99.0,0.0,0,362.66,0.0,1,1.24,0.25,SPY201204P00339000,339.0,0,0.0,0.0,,0.0,normalDay
2020-11-27,2431.0,110.0,0.0,0,363.67,0.0,1,1.24,0.14,SPY201204P00339000,339.0,0,0.0,0.0,,0.0,normalDay
2020-11-30,2431.0,116.0,0.0,0,362.06,0.0,1,1.24,0.08,SPY201204P00339000,339.0,0,0.0,0.0,,0.0,normalDay
2020-12-01,2431.0,119.0,0.0,0,366.02,0.0,1,1.24,0.05,SPY201204P00339000,339.0,0,0.0,0.0,,0.0,normalDay
2020-12-02,2431.0,121.0,0.0,0,366.79,0.0,1,1.24,0.03,SPY201204P00339000,339.0,0,0.0,0.0,,0.0,normalDay
2020-12-03,2431.0,121.0,0.0,0,366.69,0.0,1,1.24,0.03,SPY201204P00339000,339.0,0,0.0,0.0,,0.0,normalDay
2020-12-04,2555.0,0.0,124.0,0,369.85,0.0,1,1.24,0.0,SPY201204P00339000,339.0,0,0.0,0.0,,0.0,expirationDay
2020-12-07,2555.0,-4.0,0.0,0,369.09,0.0,1,2.43,2.47,SPY201224P00358000,358.0,0,0.0,0.0,,0.0,normalDay
2020-12-08,2555.0,55.0,0.0,0,370.17,0.0,1,2.43,1.88,SPY201224P00358000,358.0,0,0.0,0.0,,0.0,normalDay
2020-12-09,2555.0,-34.0,0.0,0,366.85,0.0,1,2.43,2.77,SPY201224P00358000,358.0,0,0.0,0.0,,0.0,normalDay
2020-12-10,2555.0,-14.0,0.0,0,366.73,0.0,1,2.43,2.57,SPY201224P00358000,358.0,0,0.0,0.0,,0.0,normalDay
2020-12-11,2555.0,-15.0,0.0,0,366.3,0.0,1,2.43,2.58,SPY201224P00358000,358.0,0,0.0,0.0,,0.0,normalDay
2020-12-14,2555.0,-30.0,0.0,0,364.66,0.0,1,2.43,2.73,SPY201224P00358000,358.0,0,0.0,0.0,,0.0,normalDay
2020-12-15,2555.0,104.0,0.0,0,369.59,0.0,1,2.43,1.39,SPY201224P00358000,358.0,0,0.0,0.0,,0.0,normalDay
2020-12-16,2555.0,144.0,0.0,0,370.17,0.0,1,2.43,0.99,SPY201224P00358000,358.0,0,0.0,0.0,,0.0,normalDay
2020-12-17,2555.0,183.0,0.0,0,372.24,0.0,1,2.43,0.6,SPY201224P00358000,358.0,0,0.0,0.0,,0.0,normalDay
2020-12-18,2555.0,209.0,0.0,0,369.18,0.0,1,2.43,0.34,SPY201224P00358000,358.0,0,0.0,0.0,,0.0,normalDay
2020-12-21,2555.0,191.0,0.0,0,367.86,0.0,1,2.43,0.52,SPY201224P00358000,358.0,0,0.0,0.0,,0.0,normalDay
2020-12-22,2555.0,224.0,0.0,0,367.24,0.0,1,2.43,0.19,SPY201224P00358000,358.0,0,0.0,0.0,,0.0,normalDay
2020-12-23,2555.0,238.0,0.0,0,367.57,0.0,1,2.43,0.05,SPY201224P00358000,358.0,0,0.0,0.0,,0.0,normalDay
2020-12-24,2798.0,0.0,243.0,0,369.0,0.0,1,2.43,0.0,SPY201224P00358000,358.0,0,0.0,0.0,,0.0,expirationDay
2020-12-28,2798.0,-4.0,0.0,0,372.17,0.0,1,3.71,3.75,SPY210115P00367000,367.0,0,0.0,0.0,,0.0,normalDay
2020-12-29,2798.0,-45.0,0.0,0,371.46,0.0,1,3.71,4.16,SPY210115P00367000,367.0,0,0.0,0.0,,0.0,normalDay
2020-12-30,2798.0,-9.0,0.0,0,371.99,0.0,1,3.71,3.8,SPY210115P00367000,367.0,0,0.0,0.0,,0.0,normalDay
2020-12-31,2798.0,68.0,0.0,0,373.88,0.0,1,3.71,3.03,SPY210115P00367000,367.0,0,0.0,0.0,,0.0,normalDay
2021-01-04,2798.0,-113.0,0.0,0,368.79,0.0,1,3.71,4.84,SPY210115P00367000,367.0,0,0.0,0.0,,0.0,normalDay
2021-01-05,2798.0,15.0,0.0,0,371.33,0.0,1,3.71,3.56,SPY210115P00367000,367.0,0,0.0,0.0,,0.0,normalDay
2021-01-06,2798.0,86.0,0.0,0,373.55,0.0,1,3.71,2.85,SPY210115P00367000,367.0,0,0.0,0.0,,0.0,normalDay
2021-01-07,2798.0,272.0,0.0,0,379.1,0.0,1,3.71,0.99,SPY210115P00367000,367.0,0,0.0,0.0,,0.0,normalDay
2021-01-08,2798.0,311.0,0.0,0,381.26,0.0,1,3.71,0.6,SPY210115P00367000,367.0,0,0.0,0.0,,0.0,normalDay
2021-01-11,2798.0,307.0,0.0,0,378.69,0.0,1,3.71,0.64,SPY210115P00367000,367.0,0,0.0,0.0,,0.0,normalDay
2021-01-12,2798.0,334.0,0.0,0,378.77,0.0,1,3.71,0.37,SPY210115P00367000,367.0,0,0.0,0.0,,0.0,normalDay
2021-01-13,2798.0,357.0,0.0,0,379.79,0.0,1,3.71,0.14,SPY210115P00367000,367.0,0,0.0,0.0,,0.0,normalDay
2021-01-14,2798.0,361.0,0.0,0,378.46,0.0,1,3.71,0.1,SPY210115P00367000,367.0,0,0.0,0.0,,0.0,normalDay
2021-01-15,3169.0,0.0,371.0,0,375.7,0.0,1,3.71,0.0,SPY210115P00367000,367.0,0,0.0,0.0,,0.0,expirationDay
2021-01-19,3169.0,-5.0,0.0,0,378.65,0.0,1,3.72,3.77,SPY210205P00371000,371.0,0,0.0,0.0,,0.0,normalDay
2021-01-20,3169.0,153.0,0.0,0,383.89,0.0,1,3.72,2.19,SPY210205P00371000,371.0,0,0.0,0.0,,0.0,normalDay
2021-01-21,3169.0,181.0,0.0,0,384.24,0.0,1,3.72,1.91,SPY210205P00371000,371.0,0,0.0,0.0,,0.0,normalDay
2021-01-22,3169.0,180.0,0.0,0,382.88,0.0,1,3.72,1.92,SPY210205P00371000,371.0,0,0.0,0.0,,0.0,normalDay
2021-01-25,3169.0,215.0,0.0,0,384.39,0.0,1,3.72,1.57,SPY210205P00371000,371.0,0,0.0,0.0,,0.0,normalDay
2021-01-26,3169.0,232.0,0.0,0,383.79,0.0,1,3.72,1.4,SPY210205P00371000,371.0,0,0.0,0.0,,0.0,normalDay
2021-01-27,3169.0,-226.0,0.0,0,374.41,0.0,1,3.72,5.98,SPY210205P00371000,371.0,0,0.0,0.0,,0.0,normalDay
2021-01-28,3169.0,35.0,0.0,0,377.63,0.0,1,3.72,3.37,SPY210205P00371000,371.0,0,0.0,0.0,,0.0,normalDay
2021-01-29,3169.0,-316.0,0.0,0,370.07,0.0,1,3.72,6.88,SPY210205P00371000,371.0,0,0.0,0.0,,0.0,normalDay
2021-02-01,3169.0,112.0,0.0,0,376.23,0.0,1,3.72,2.6,SPY210205P00371000,371.0,0,0.0,0.0,,0.0,normalDay
2021-02-02,3169.0,319.0,0.0,0,381.55,0.0,1,3.72,0.53,SPY210205P00371000,371.0,0,0.0,0.0,,0.0,normalDay
2021-02-03,3169.0,353.0,0.0,0,381.85,0.0,1,3.72,0.19,SPY210205P00371000,371.0,0,0.0,0.0,,0.0,normalDay
2021-02-04,3169.0,369.0,0.0,0,386.19,0.0,1,3.72,0.03,SPY210205P00371000,371.0,0,0.0,0.0,,0.0,normalDay
2021-02-05,3541.0,0.0,372.0,0,387.71,0.0,1,3.72,0.0,SPY210205P00371000,371.0,0,0.0,0.0,,0.0,expirationDay
2021-02-08,3541.0,-5.0,0.0,0,390.51,0.0,1,2.24,2.29,SPY210226P00378000,378.0,0,0.0,0.0,,0.0,normalDay
2021-02-09,3541.0,5.0,0.0,0,390.25,0.0,1,2.24,2.19,SPY210226P00378000,378.0,0,0.0,0.0,,0.0,normalDay
2021-02-10,3541.0,-3.0,0.0,0,390.08,0.0,1,2.24,2.27,SPY210226P00378000,378.0,0,0.0,0.0,,0.0,normalDay
2021-02-11,3541.0,31.0,0.0,0,390.71,0.0,1,2.24,1.93,SPY210226P00378000,378.0,0,0.0,0.0,,0.0,normalDay
2021-02-12,3541.0,103.0,0.0,0,392.64,0.0,1,2.24,1.21,SPY210226P00378000,378.0,0,0.0,0.0,,0.0,normalDay
2021-02-16,3541.0,107.0,0.0,0,392.3,0.0,1,2.24,1.17,SPY210226P00378000,378.0,0,0.0,0.0,,0.0,normalDay
2021-02-17,3541.0,133.0,0.0,0,392.39,0.0,1,2.24,0.91,SPY210226P00378000,378.0,0,0.0,0.0,,0.0,normalDay
2021-02-18,3541.0,121.0,0.0,0,390.72,0.0,1,2.24,1.03,SPY210226P00378000,378.0,0,0.0,0.0,,0.0,normalDay
2021-02-19,3541.0,152.0,0.0,0,390.03,0.0,1,2.24,0.72,SPY210226P00378000,378.0,0,0.0,0.0,,0.0,normalDay
2021-02-22,3541.0,141.0,0.0,0,387.03,0.0,1,2.24,0.83,SPY210226P00378000,378.0,0,0.0,0.0,,0.0,normalDay
2021-02-23,3541.0,162.0,0.0,0,387.5,0.0,1,2.24,0.62,SPY210226P00378000,378.0,0,0.0,0.0,,0.0,normalDay
2021-02-24,3541.0,213.0,0.0,0,391.77,0.0,1,2.24,0.11,SPY210226P00378000,378.0,0,0.0,0.0,,0.0,normalDay
2021-02-25,3541.0,128.0,0.0,0,382.33,0.0,1,2.24,0.96,SPY210226P00378000,378.0,0,0.0,0.0,,0.0,normalDay
2021-02-26,3765.0,0.0,224.0,0,380.36,0.0,1,2.24,0.0,SPY210226P00378000,378.0,0,0.0,0.0,,0.0,expirationDay
2021-03-01,3765.0,-5.0,0.0,0,389.58,0.0,1,5.09,5.14,SPY210319P00385000,385.0,0,0.0,0.0,,0.0,normalDay
2021-03-02,3765.0,-141.0,0.0,0,386.54,0.0,1,5.09,6.5,SPY210319P00385000,385.0,0,0.0,0.0,,0.0,normalDay
2021-03-03,3765.0,-403.0,0.0,0,381.42,0.0,1,5.09,9.12,SPY210319P00385000,385.0,0,0.0,0.0,,0.0,normalDay
2021-03-04,3765.0,-696.0,0.0,0,376.7,0.0,1,5.09,12.05,SPY210319P00385000,385.0,0,0.0,0.0,,0.0,normalDay
2021-03-05,3765.0,-219.0,0.0,0,383.63,0.0,1,5.09,7.28,SPY210319P00385000,385.0,0,0.0,0.0,,0.0,normalDay
2021-03-08,3765.0,-292.0,0.0,0,381.72,0.0,1,5.09,8.01,SPY210319P00385000,385.0,0,0.0,0.0,,0.0,normalDay
2021-03-09,3765.0,5.0,0.0,0,387.17,0.0,1,5.09,5.04,SPY210319P00385000,385.0,0,0.0,0.0,,0.0,normalDay
2021-03-10,3765.0,192.0,0.0,0,389.58,0.0,1,5.09,3.17,SPY210319P00385000,385.0,0,0.0,0.0,,0.0,normalDay
2021-03-11,3765.0,316.0,0.0,0,393.53,0.0,1,5.09,1.93,SPY210319P00385000,385.0,0,0.0,0.0,,0.0,normalDay
2021-03-12,3765.0,394.0,0.0,0,394.06,0.0,1,5.09,1.15,SPY210319P00385000,385.0,0,0.0,0.0,,0.0,normalDay
2021-03-15,3765.0,455.0,0.0,0,396.41,0.0,1,5.09,0.54,SPY210319P00385000,385.0,0,0.0,0.0,,0.0,normalDay
2021-03-16,3765.0,459.0,0.0,0,395.91,0.0,1,5.09,0.5,SPY210319P00385000,385.0,0,0.0,0.0,,0.0,normalDay
2021-03-17,3765.0,494.0,0.0,0,397.26,0.0,1,5.09,0.15,SPY210319P00385000,385.0,0,0.0,0.0,,0.0,normalDay
2021-03-18,3765.0,466.0,0.0,0,391.48,0.0,1,5.09,0.43,SPY210319P00385000,385.0,0,0.0,0.0,,0.0,normalDay
2021-03-19,4274.0,0.0,509.0,0,389.48,0.0,1,5.09,0.0,SPY210319P00385000,385.0,0,0.0,0.0,,0.0,expirationDay
2021-03-22,4274.0,-6.0,0.0,0,392.59,0.0,1,2.75,2.81,SPY210409P00386000,386.0,0,0.0,0.0,,0.0,normalDay
2021-03-23,4274.0,-118.0,0.0,0,389.5,0.0,1,2.75,3.93,SPY210409P00386000,386.0,0,0.0,0.0,,0.0,normalDay
2021-03-24,4274.0,-184.0,0.0,0,387.52,0.0,1,2.75,4.59,SPY210409P00386000,386.0,0,0.0,0.0,,0.0,normalDay
2021-03-25,4274.0,-59.0,0.0,0,389.7,0.0,1,2.75,3.34,SPY210409P00386000,386.0,0,0.0,0.0,,0.0,normalDay
2021-03-26,4274.0,98.0,0.0,0,395.98,0.0,1,2.75,1.77,SPY210409P00386000,386.0,0,0.0,0.0,,0.0,normalDay
2021-03-29,4274.0,96.0,0.0,0,395.78,0.0,1,2.75,1.79,SPY210409P00386000,386.0,0,0.0,0.0,,0.0,normalDay
2021-03-30,4274.0,111.0,0.0,0,394.73,0.0,1,2.75,1.64,SPY210409P00386000,386.0,0,0.0,0.0,,0.0,normalDay
2021-03-31,4274.0,176.0,0.0,0,396.33,0.0,1,2.75,0.99,SPY210409P00386000,386.0,0,0.0,0.0,,0.0,normalDay
2021-04-01,4274.0,247.0,0.0,0,400.61,0.0,1,2.75,0.28,SPY210409P00386000,386.0,0,0.0,0.0,,0.0,normalDay
2021-04-05,4274.0,265.0,0.0,0,406.36,0.0,1,2.75,0.1,SPY210409P00386000,386.0,0,0.0,0.0,,0.0,normalDay
2021-04-06,4274.0,268.0,0.0,0,406.12,0.0,1,2.75,0.07,SPY210409P00386000,386.0,0,0.0,0.0,,0.0,normalDay
2021-04-07,4274.0,273.0,0.0,0,406.59,0.0,1,2.75,0.02,SPY210409P00386000,386.0,0,0.0,0.0,,0.0,normalDay
2021-04-08,4274.0,274.0,0.0,0,408.52,0.0,1,2.75,0.01,SPY210409P00386000,386.0,0,0.0,0.0,,0.0,normalDay
2021-04-09,4549.0,0.0,275.0,0,411.49,0.0,1,2.75,0.0,SPY210409P00386000,386.0,0,0.0,0.0,,0.0,expirationDay
2021-04-12,4549.0,-3.0,0.0,0,411.64,0.0,1,1.22,1.25,SPY210430P00394000,394.0,0,0.0,0.0,,0.0,normalDay
2021-04-13,4549.0,23.0,0.0,0,412.86,0.0,1,1.22,0.99,SPY210430P00394000,394.0,0,0.0,0.0,,0.0,normalDay
2021-04-14,4549.0,14.0,0.0,0,411.45,0.0,1,1.22,1.08,SPY210430P00394000,394.0,0,0.0,0.0,,0.0,normalDay
2021-04-15,4549.0,52.0,0.0,0,415.87,0.0,1,1.22,0.7,SPY210430P00394000,394.0,0,0.0,0.0,,0.0,normalDay
2021-04-16,4549.0,70.0,0.0,0,417.26,0.0,1,1.22,0.52,SPY210430P00394000,394.0,0,0.0,0.0,,0.0,normalDay
2021-04-19,4549.0,70.0,0.0,0,415.21,0.0,1,1.22,0.52,SPY210430P00394000,394.0,0,0.0,0.0,,0.0,normalDay
2021-04-20,4549.0,45.0,0.0,0,412.17,0.0,1,1.22,0.77,SPY210430P00394000,394.0,0,0.0,0.0,,0.0,normalDay
2021-04-21,4549.0,95.0,0.0,0,416.07,0.0,1,1.22,0.27,SPY210430P00394000,394.0,0,0.0,0.0,,0.0,normalDay
2021-04-22,4549.0,75.0,0.0,0,412.27,0.0,1,1.22,0.47,SPY210430P00394000,394.0,0,0.0,0.0,,0.0,normalDay
2021-04-23,4549.0,109.0,0.0,0,416.74,0.0,1,1.22,0.13,SPY210430P00394000,394.0,0,0.0,0.0,,0.0,normalDay
2021-04-26,4549.0,117.0,0.0,0,417.61,0.0,1,1.22,0.05,SPY210430P00394000,394.0,0,0.0,0.0,,0.0,normalDay
2021-04-27,4549.0,118.0,0.0,0,417.52,0.0,1,1.22,0.04,SPY210430P00394000,394.0,0,0.0,0.0,,0.0,normalDay
2021-04-28,4549.0,119.0,0.0,0,417.4,0.0,1,1.22,0.03,SPY210430P00394000,394.0,0,0.0,0.0,,0.0,normalDay
2021-04-29,4549.0,120.0,0.0,0,420.06,0.0,1,1.22,0.02,SPY210430P00394000,394.0,0,0.0,0.0,,0.0,normalDay
2021-04-30,4671.0,0.0,122.0,0,417.3,0.0,1,1.22,0.0,SPY210430P00394000,394.0,0,0.0,0.0,,0.0,expirationDay
2021-05-03,4671.0,-3.0,0.0,0,418.2,0.0,1,3.24,3.27,SPY210521P00412000,412.0,0,0.0,0.0,,0.0,normalDay
2021-05-04,4671.0,-100.0,0.0,0,415.62,0.0,1,3.24,4.24,SPY210521P00412000,412.0,0,0.0,0.0,,0.0,normalDay
2021-05-05,4671.0,-79.0,0.0,0,415.75,0.0,1,3.24,4.03,SPY210521P00412000,412.0,0,0.0,0.0,,0.0,normalDay
2021-05-06,4671.0,65.0,0.0,0,419.07,0.0,1,3.24,2.59,SPY210521P00412000,412.0,0,0.0,0.0,,0.0,normalDay
2021-05-07,4671.0,163.0,0.0,0,422.12,0.0,1,3.24,1.61,SPY210521P00412000,412.0,0,0.0,0.0,,0.0,normalDay
2021-05-10,4671.0,39.0,0.0,0,417.94,0.0,1,3.24,2.85,SPY210521P00412000,412.0,0,0.0,0.0,,0.0,normalDay
2021-05-11,4671.0,-94.0,0.0,0,414.21,0.0,1,3.24,4.18,SPY210521P00412000,412.0,0,0.0,0.0,,0.0,normalDay
2021-05-12,4671.0,-620.0,0.0,0,405.41,0.0,1,3.24,9.44,SPY210521P00412000,412.0,0,0.0,0.0,,0.0,normalDay
2021-05-13,4671.0,-244.0,0.0,0,410.28,0.0,1,3.24,5.68,SPY210521P00412000,412.0,0,0.0,0.0,,0.0,normalDay
2021-05-14,4671.0,139.0,0.0,0,416.58,0.0,1,3.24,1.85,SPY210521P00412000,412.0,0,0.0,0.0,,0.0,normalDay
2021-05-17,4671.0,152.0,0.0,0,415.52,0.0,1,3.24,1.72,SPY210521P00412000,412.0,0,0.0,0.0,,0.0,normalDay
2021-05-18,4671.0,39.0,0.0,0,411.94,0.0,1,3.24,2.85,SPY210521P00412000,412.0,0,0.0,0.0,,0.0,normalDay
2021-05-19,4671.0,29.0,0.0,0,410.86,0.0,1,3.24,2.95,SPY210521P00412000,412.0,0,0.0,0.0,,0.0,normalDay
2021-05-20,4671.0,276.0,0.0,0,415.28,0.0,1,3.24,0.48,SPY210521P00412000,412.0,0,0.0,0.0,,0.0,normalDay
2021-05-21,4995.0,0.0,324.0,0,414.94,0.0,1,3.24,0.0,SPY210521P00412000,412.0,0,0.0,0.0,,0.0,expirationDay
2021-05-24,4995.0,-4.0,0.0,0,419.17,0.0,1,3.14,3.18,SPY210611P00414000,414.0,0,0.0,0.0,,0.0,normalDay
2021-05-25,4995.0,-32.0,0.0,0,418.24,0.0,1,3.14,3.46,SPY210611P00414000,414.0,0,0.0,0.0,,0.0,normalDay
2021-05-26,4995.0,43.0,0.0,0,419.07,0.0,1,3.14,2.71,SPY210611P00414000,414.0,0,0.0,0.0,,0.0,normalDay
2021-05-27,4995.0,102.0,0.0,0,419.29,0.0,1,3.14,2.12,SPY210611P00414000,414.0,0,0.0,0.0,,0.0,normalDay
2021-05-28,4995.0,134.0,0.0,0,420.04,0.0,1,3.14,1.8,SPY210611P00414000,414.0,0,0.0,0.0,,0.0,normalDay
2021-06-01,4995.0,137.0,0.0,0,419.67,0.0,1,3.14,1.77,SPY210611P00414000,414.0,0,0.0,0.0,,0.0,normalDay
2021-06-02,4995.0,187.0,0.0,0,420.33,0.0,1,3.14,1.27,SPY210611P00414000,414.0,0,0.0,0.0,,0.0,normalDay
2021-06-03,4995.0,151.0,0.0,0,418.77,0.0,1,3.14,1.63,SPY210611P00414000,414.0,0,0.0,0.0,,0.0,normalDay
2021-06-04,4995.0,258.0,0.0,0,422.6,0.0,1,3.14,0.56,SPY210611P00414000,414.0,0,0.0,0.0,,0.0,normalDay
2021-06-07,4995.0,284.0,0.0,0,422.19,0.0,1,3.14,0.3,SPY210611P00414000,414.0,0,0.0,0.0,,0.0,normalDay
2021-06-08,4995.0,285.0,0.0,0,422.28,0.0,1,3.14,0.29,SPY210611P00414000,414.0,0,0.0,0.0,,0.0,normalDay
2021-06-09,4995.0,280.0,0.0,0,421.65,0.0,1,3.14,0.34,SPY210611P00414000,414.0,0,0.0,0.0,,0.0,normalDay
2021-06-10,4995.0,310.0,0.0,0,423.61,0.0,1,3.14,0.04,SPY210611P00414000,414.0,0,0.0,0.0,,0.0,normalDay
2021-06-11,5309.0,0.0,314.0,0,424.31,0.0,1,3.14,0.0,SPY210611P00414000,414.0,0,0.0,0.0,,0.0,expirationDay
2021-06-14,5309.0,-4.0,0.0,0,425.26,0.0,1,2.52,2.56,SPY210702P00417500,417.5,0,0.0,0.0,,0.0,normalDay
2021-06-15,5309.0,-30.0,0.0,0,424.48,0.0,1,2.52,2.82,SPY210702P00417500,417.5,0,0.0,0.0,,0.0,normalDay
2021-06-16,5309.0,-102.0,0.0,0,422.11,0.0,1,2.52,3.54,SPY210702P00417500,417.5,0,0.0,0.0,,0.0,normalDay
2021-06-17,5309.0,-62.0,0.0,0,421.97,0.0,1,2.52,3.14,SPY210702P00417500,417.5,0,0.0,0.0,,0.0,normalDay
2021-06-18,5309.0,-380.0,0.0,0,414.92,0.0,1,2.52,6.32,SPY210702P00417500,417.5,0,0.0,0.0,,0.0,normalDay
2021-06-21,5309.0,0.0,0.0,0,420.86,0.0,1,2.52,2.52,SPY210702P00417500,417.5,0,0.0,0.0,,0.0,normalDay
2021-06-22,5309.0,90.0,0.0,0,423.11,0.0,1,2.52,1.62,SPY210702P00417500,417.5,0,0.0,0.0,,0.0,normalDay
2021-06-23,5309.0,113.0,0.0,0,422.6,0.0,1,2.52,1.39,SPY210702P00417500,417.5,0,0.0,0.0,,0.0,normalDay
2021-06-24,5309.0,172.0,0.0,0,425.1,0.0,1,2.52,0.8,SPY210702P00417500,417.5,0,0.0,0.0,,0.0,normalDay
2021-06-25,5309.0,205.0,0.0,0,426.61,0.0,1,2.52,0.47,SPY210702P00417500,417.5,0,0.0,0.0,,0.0,normalDay
2021-06-28,5309.0,231.0,0.0,0,427.47,0.0,1,2.52,0.21,SPY210702P00417500,417.5,0,0.0,0.0,,0.0,normalDay
2021-06-29,5309.0,239.0,0.0,0,427.7,0.0,1,2.52,0.13,SPY210702P00417500,417.5,0,0.0,0.0,,0.0,normalDay
2021-06-30,5309.0,245.0,0.0,0,428.06,0.0,1,2.52,0.07,SPY210702P00417500,417.5,0,0.0,0.0,,0.0,normalDay
2021-07-01,5309.0,248.0,0.0,0,430.43,0.0,1,2.52,0.04,SPY210702P00417500,417.5,0,0.0,0.0,,0.0,normalDay
2021-07-02,5561.0,0.0,252.0,0,433.72,0.0,1,2.52,0.0,SPY210702P00417500,417.5,0,0.0,0.0,,0.0,expirationDay
2021-07-06,5561.0,-3.0,0.0,0,432.93,0.0,1,1.83,1.86,SPY210723P00423000,423.0,0,0.0,0.0,,0.0,normalDay
2021-07-07,5561.0,33.0,0.0,0,434.46,0.0,1,1.83,1.5,SPY210723P00423000,423.0,0,0.0,0.0,,0.0,normalDay
2021-07-08,5561.0,-90.0,0.0,0,430.92,0.0,1,1.83,2.73,SPY210723P00423000,423.0,0,0.0,0.0,,0.0,normalDay
2021-07-09,5561.0,65.0,0.0,0,435.52,0.0,1,1.83,1.18,SPY210723P00423000,423.0,0,0.0,0.0,,0.0,normalDay
2021-07-12,5561.0,104.0,0.0,0,437.08,0.0,1,1.83,0.79,SPY210723P00423000,423.0,0,0.0,0.0,,0.0,normalDay
2021-07-13,5561.0,81.0,0.0,0,435.59,0.0,1,1.83,1.02,SPY210723P00423000,423.0,0,0.0,0.0,,0.0,normalDay
2021-07-14,5561.0,122.0,0.0,0,436.24,0.0,1,1.83,0.61,SPY210723P00423000,423.0,0,0.0,0.0,,0.0,normalDay
2021-07-15,5561.0,106.0,0.0,0,434.75,0.0,1,1.83,0.77,SPY210723P00423000,423.0,0,0.0,0.0,,0.0,normalDay
2021-07-16,5561.0,69.0,0.0,0,431.34,0.0,1,1.83,1.14,SPY210723P00423000,423.0,0,0.0,0.0,,0.0,normalDay
2021-07-19,5561.0,-104.0,0.0,0,424.97,0.0,1,1.83,2.87,SPY210723P00423000,423.0,0,0.0,0.0,,0.0,normalDay
2021-07-20,5561.0,118.0,0.0,0,431.06,0.0,1,1.83,0.65,SPY210723P00423000,423.0,0,0.0,0.0,,0.0,normalDay
2021-07-21,5561.0,176.0,0.0,0,434.55,0.0,1,1.83,0.07,SPY210723P00423000,423.0,0,0.0,0.0,,0.0,normalDay
2021-07-22,5561.0,180.0,0.0,0,435.46,0.0,1,1.83,0.03,SPY210723P00423000,423.0,0,0.0,0.0,,0.0,normalDay
2021-07-23,5744.0,0.0,183.0,0,439.94,0.0,1,1.83,0.0,SPY210723P00423000,423.0,0,0.0,0.0,,0.0,expirationDay
2021-07-26,5744.0,-4.0,0.0,0,441.02,0.0,1,2.21,2.25,SPY210813P00431000,431.0,0,0.0,0.0,,0.0,normalDay
2021-07-27,5744.0,-93.0,0.0,0,439.01,0.0,1,2.21,3.14,SPY210813P00431000,431.0,0,0.0,0.0,,0.0,normalDay
2021-07-28,5744.0,-44.0,0.0,0,438.83,0.0,1,2.21,2.65,SPY210813P00431000,431.0,0,0.0,0.0,,0.0,normalDay
2021-07-29,5744.0,35.0,0.0,0,440.65,0.0,1,2.21,1.86,SPY210813P00431000,431.0,0,0.0,0.0,,0.0,normalDay
2021-07-30,5744.0,11.0,0.0,0,438.51,0.0,1,2.21,2.1,SPY210813P00431000,431.0,0,0.0,0.0,,0.0,normalDay
2021-08-02,5744.0,-3.0,0.0,0,437.59,0.0,1,2.21,2.24,SPY210813P00431000,431.0,0,0.0,0.0,,0.0,normalDay
2021-08-03,5744.0,111.0,0.0,0,441.15,0.0,1,2.21,1.1,SPY210813P00431000,431.0,0,0.0,0.0,,0.0,normalDay
2021-08-04,5744.0,101.0,0.0,0,438.98,0.0,1,2.21,1.2,SPY210813P00431000,431.0,0,0.0,0.0,,0.0,normalDay
2021-08-05,5744.0,150.0,0.0,0,441.76,0.0,1,2.21,0.71,SPY210813P00431000,431.0,0,0.0,0.0,,0.0,normalDay
2021-08-06,5744.0,194.0,0.0,0,442.49,0.0,1,2.21,0.27,SPY210813P00431000,431.0,0,0.0,0.0,,0.0,normalDay
2021-08-09,5744.0,202.0,0.0,0,442.13,0.0,1,2.21,0.19,SPY210813P00431000,431.0,0,0.0,0.0,,0.0,normalDay
2021-08-10,5744.0,205.0,0.0,0,442.68,0.0,1,2.21,0.16,SPY210813P00431000,431.0,0,0.0,0.0,,0.0,normalDay
2021-08-11,5744.0,214.0,0.0,0,443.78,0.0,1,2.21,0.07,SPY210813P00431000,431.0,0,0.0,0.0,,0.0,normalDay
2021-08-12,5744.0,216.0,0.0,0,445.11,0.0,1,2.21,0.05,SPY210813P00431000,431.0,0,0.0,0.0,,0.0,normalDay
2021-08-13,5965.0,0.0,221.0,0,445.92,0.0,1,2.21,0.0,SPY210813P00431000,431.0,0,0.0,0.0,,0.0,expirationDay
2021-08-16,5965.0,-4.0,0.0,0,446.97,0.0,1,2.13,2.17,SPY210903P00438000,438.0,0,0.0,0.0,,0.0,normalDay
2021-08-17,5965.0,-122.0,0.0,0,444.04,0.0,1,2.13,3.35,SPY210903P00438000,438.0,0,0.0,0.0,,0.0,normalDay
2021-08-18,5965.0,-353.0,0.0,0,439.18,0.0,1,2.13,5.66,SPY210903P00438000,438.0,0,0.0,0.0,,0.0,normalDay
2021-08-19,5965.0,-297.0,0.0,0,439.86,0.0,1,2.13,5.1,SPY210903P00438000,438.0,0,0.0,0.0,,0.0,normalDay
2021-08-20,5965.0,-77.0,0.0,0,443.36,0.0,1,2.13,2.9,SPY210903P00438000,438.0,0,0.0,0.0,,0.0,normalDay
2021-08-23,5965.0,85.0,0.0,0,447.26,0.0,1,2.13,1.28,SPY210903P00438000,438.0,0,0.0,0.0,,0.0,normalDay
2021-08-24,5965.0,101.0,0.0,0,447.97,0.0,1,2.13,1.12,SPY210903P00438000,438.0,0,0.0,0.0,,0.0,normalDay
2021-08-25,5965.0,135.0,0.0,0,448.91,0.0,1,2.13,0.78,SPY210903P00438000,438.0,0,0.0,0.0,,0.0,normalDay
2021-08-26,5965.0,63.0,0.0,0,446.26,0.0,1,2.13,1.5,SPY210903P00438000,438.0,0,0.0,0.0,,0.0,normalDay
2021-08-27,5965.0,172.0,0.0,0,450.25,0.0,1,2.13,0.41,SPY210903P00438000,438.0,0,0.0,0.0,,0.0,normalDay
2021-08-30,5965.0,200.0,0.0,0,452.23,0.0,1,2.13,0.13,SPY210903P00438000,438.0,0,0.0,0.0,,0.0,normalDay
2021-08-31,5965.0,200.0,0.0,0,451.56,0.0,1,2.13,0.13,SPY210903P00438000,438.0,0,0.0,0.0,,0.0,normalDay
2021-09-01,5965.0,207.0,0.0,0,451.8,0.0,1,2.13,0.06,SPY210903P00438000,438.0,0,0.0,0.0,,0.0,normalDay
2021-09-02,5965.0,210.0,0.0,0,453.19,0.0,1,2.13,0.03,SPY210903P00438000,438.0,0,0.0,0.0,,0.0,normalDay
2021-09-03,6178.0,0.0,213.0,0,453.08,0.0,1,2.13,0.0,SPY210903P00438000,438.0,0,0.0,0.0,,0.0,expirationDay
2021-09-07,6178.0,-4.0,0.0,0,451.46,0.0,1,3.2,3.24,SPY210924P00445000,445.0,0,0.0,0.0,,0.0,normalDay
2021-09-08,6178.0,-2.0,0.0,0,450.91,0.0,1,3.2,3.22,SPY210924P00445000,445.0,0,0.0,0.0,,0.0,normalDay
2021-09-09,6178.0,-92.0,0.0,0,448.98,0.0,1,3.2,4.12,SPY210924P00445000,445.0,0,0.0,0.0,,0.0,normalDay
2021-09-10,6178.0,-248.0,0.0,0,445.44,0.0,1,3.2,5.68,SPY210924P00445000,445.0,0,0.0,0.0,,0.0,normalDay
2021-09-13,6178.0,-111.0,0.0,0,446.58,0.0,1,3.2,4.31,SPY210924P00445000,445.0,0,0.0,0.0,,0.0,normalDay
2021-09-14,6178.0,-209.0,0.0,0,444.17,0.0,1,3.2,5.29,SPY210924P00445000,445.0,0,0.0,0.0,,0.0,normalDay
2021-09-15,6178.0,26.0,0.0,0,447.88,0.0,1,3.2,2.94,SPY210924P00445000,445.0,0,0.0,0.0,,0.0,normalDay
2021-09-16,6178.0,0.0,0.0,0,447.17,0.0,1,3.2,3.2,SPY210924P00445000,445.0,0,0.0,0.0,,0.0,normalDay
2021-09-17,6178.0,-244.0,0.0,0,441.4,0.0,1,3.2,5.64,SPY210924P00445000,445.0,0,0.0,0.0,,0.0,normalDay
2021-09-20,6178.0,-837.0,0.0,0,434.04,0.0,1,3.2,11.57,SPY210924P00445000,445.0,0,0.0,0.0,,0.0,normalDay
2021-09-21,6178.0,-862.0,0.0,0,433.63,0.0,1,3.2,11.82,SPY210924P00445000,445.0,0,0.0,0.0,,0.0,normalDay
2021-09-22,6178.0,-410.0,0.0,0,437.86,0.0,1,3.2,7.3,SPY210924P00445000,445.0,0,0.0,0.0,,0.0,normalDay
2021-09-23,6178.0,79.0,0.0,0,443.18,0.0,1,3.2,2.41,SPY210924P00445000,445.0,0,0.0,0.0,,0.0,normalDay
2021-09-24,6498.0,-109.0,320.0,100,443.91,445.0,1,3.2,0.0,SPY210924P00445000,445.0,0,0.0,0.0,,0.0,expirationDay
2021-09-27,6498.0,-239.0,0.0,100,442.64,445.0,0,0.0,0.0,,0.0,1,0.33,0.36,SPY210930C00447000,447.0,normalDay
2021-09-28,6498.0,-1101.0,0.0,100,433.72,445.0,0,0.0,0.0,,0.0,1,0.33,0.06,SPY210930C00447000,447.0,normalDay
2021-09-29,6498.0,-1023.0,0.0,100,434.45,445.0,0,0.0,0.0,,0.0,1,0.33,0.01,SPY210930C00447000,447.0,normalDay
2021-09-30,6531.0,-1586.0,33.0,100,429.14,445.0,0,0.0,0.0,,0.0,1,0.33,0.0,SPY210930C00447000,447.0,expirationDay
2021-10-01,6531.0,-1079.0,0.0,100,434.24,445.0,0,0.0,0.0,,0.0,1,0.06,0.09,SPY211004C00443000,443.0,normalDay
2021-10-04,6537.0,-1636.0,6.0,100,428.64,445.0,0,0.0,0.0,,0.0,1,0.06,0.0,SPY211004C00443000,443.0,expirationDay
2021-10-05,6537.0,-1193.0,0.0,100,433.1,445.0,0,0.0,0.0,,0.0,1,0.35,0.38,SPY211008C00441000,441.0,normalDay
2021-10-06,6537.0,-1017.0,0.0,100,434.9,445.0,0,0.0,0.0,,0.0,1,0.35,0.42,SPY211008C00441000,441.0,normalDay
2021-10-07,6537.0,-666.0,0.0,100,438.66,445.0,0,0.0,0.0,,0.0,1,0.35,0.67,SPY211008C00441000,441.0,normalDay
2021-10-08,6572.0,-714.0,35.0,100,437.86,445.0,0,0.0,0.0,,0.0,1,0.35,0.0,SPY211008C00441000,441.0,expirationDay
2021-10-11,6572.0,-1034.0,0.0,100,434.69,445.0,0,0.0,0.0,,0.0,1,0.93,0.96,SPY211013C00438000,438.0,normalDay
2021-10-12,6572.0,-1065.0,0.0,100,433.62,445.0,0,0.0,0.0,,0.0,1,0.93,0.2,SPY211013C00438000,438.0,normalDay
2021-10-13,6665.0,-982.0,93.0,100,435.18,445.0,0,0.0,0.0,,0.0,1,0.93,0.0,SPY211013C00438000,438.0,expirationDay
2021-10-14,6665.0,-261.0,0.0,100,442.5,445.0,0,0.0,0.0,,0.0,1,5.62,5.73,SPY211015C00437000,437.0,normalDay
2021-10-15,6427.0,-261.0,-238.0,0,445.87,0.0,0,0.0,0.0,,0.0,1,5.62,0.0,SPY211015C00437000,437.0,expirationDay
2021-10-18,6427.0,-3.0,0.0,0,447.19,0.0,1,2.0,2.03,SPY211105P00435000,435.0,0,0.0,0.0,,0.0,normalDay
2021-10-19,6427.0,63.0,0.0,0,450.64,0.0,1,2.0,1.37,SPY211105P00435000,435.0,0,0.0,0.0,,0.0,normalDay
2021-10-20,6427.0,88.0,0.0,0,452.41,0.0,1,2.0,1.12,SPY211105P00435000,435.0,0,0.0,0.0,,0.0,normalDay
2021-10-21,6427.0,116.0,0.0,0,453.59,0.0,1,2.0,0.84,SPY211105P00435000,435.0,0,0.0,0.0,,0.0,normalDay
2021-10-22,6427.0,118.0,0.0,0,453.12,0.0,1,2.0,0.82,SPY211105P00435000,435.0,0,0.0,0.0,,0.0,normalDay
2021-10-25,6427.0,150.0,0.0,0,455.55,0.0,1,2.0,0.5,SPY211105P00435000,435.0,0,0.0,0.0,,0.0,normalDay
2021-10-26,6427.0,149.0,0.0,0,455.96,0.0,1,2.0,0.51,SPY211105P00435000,435.0,0,0.0,0.0,,0.0,normalDay
2021-10-27,6427.0,140.0,0.0,0,453.94,0.0,1,2.0,0.6,SPY211105P00435000,435.0,0,0.0,0.0,,0.0,normalDay
2021-10-28,6427.0,171.0,0.0,0,458.32,0.0,1,2.0,0.29,SPY211105P00435000,435.0,0,0.0,0.0,,0.0,normalDay
2021-10-29,6427.0,184.0,0.0,0,459.25,0.0,1,2.0,0.16,SPY211105P00435000,435.0,0,0.0,0.0,,0.0,normalDay
2021-11-01,6427.0,192.0,0.0,0,460.04,0.0,1,2.0,0.08,SPY211105P00435000,435.0,0,0.0,0.0,,0.0,normalDay
2021-11-02,6427.0,194.0,0.0,0,461.9,0.0,1,2.0,0.06,SPY211105P00435000,435.0,0,0.0,0.0,,0.0,normalDay
2021-11-03,6427.0,197.0,0.0,0,464.72,0.0,1,2.0,0.03,SPY211105P00435000,435.0,0,0.0,0.0,,0.0,normalDay
2021-11-04,6427.0,198.0,0.0,0,466.91,0.0,1,2.0,0.02,SPY211105P00435000,435.0,0,0.0,0.0,,0.0,normalDay
2021-11-05,6627.0,0.0,200.0,0,468.53,0.0,1,2.0,0.0,SPY211105P00435000,435.0,0,0.0,0.0,,0.0,expirationDay
2021-11-08,6627.0,-4.0,0.0,0,468.93,0.0,1,1.33,1.37,SPY211126P00449000,449.0,0,0.0,0.0,,0.0,normalDay
2021-11-09,6627.0,-21.0,0.0,0,467.38,0.0,1,1.33,1.54,SPY211126P00449000,449.0,0,0.0,0.0,,0.0,normalDay
2021-11-10,6627.0,-63.0,0.0,0,463.62,0.0,1,1.33,1.96,SPY211126P00449000,449.0,0,0.0,0.0,,0.0,normalDay
2021-11-11,6627.0,-14.0,0.0,0,463.77,0.0,1,1.33,1.47,SPY211126P00449000,449.0,0,0.0,0.0,,0.0,normalDay
2021-11-12,6627.0,62.0,0.0,0,467.27,0.0,1,1.33,0.71,SPY211126P00449000,449.0,0,0.0,0.0,,0.0,normalDay
2021-11-15,6627.0,85.0,0.0,0,467.43,0.0,1,1.33,0.48,SPY211126P00449000,449.0,0,0.0,0.0,,0.0,normalDay
2021-11-16,6627.0,99.0,0.0,0,469.28,0.0,1,1.33,0.34,SPY211126P00449000,449.0,0,0.0,0.0,,0.0,normalDay
2021-11-17,6627.0,104.0,0.0,0,468.14,0.0,1,1.33,0.29,SPY211126P00449000,449.0,0,0.0,0.0,,0.0,normalDay
2021-11-18,6627.0,109.0,0.0,0,469.73,0.0,1,1.33,0.24,SPY211126P00449000,449.0,0,0.0,0.0,,0.0,normalDay
2021-11-19,6627.0,117.0,0.0,0,468.89,0.0,1,1.33,0.16,SPY211126P00449000,449.0,0,0.0,0.0,,0.0,normalDay
2021-11-22,6627.0,121.0,0.0,0,467.57,0.0,1,1.33,0.12,SPY211126P00449000,449.0,0,0.0,0.0,,0.0,normalDay
2021-11-23,6627.0,125.0,0.0,0,468.19,0.0,1,1.33,0.08,SPY211126P00449000,449.0,0,0.0,0.0,,0.0,normalDay
2021-11-24,6627.0,130.0,0.0,0,469.44,0.0,1,1.33,0.03,SPY211126P00449000,449.0,0,0.0,0.0,,0.0,normalDay
2021-11-26,6760.0,0.0,133.0,0,458.97,0.0,1,1.33,0.0,SPY211126P00449000,449.0,0,0.0,0.0,,0.0,expirationDay
2021-11-29,6760.0,-4.0,0.0,0,464.6,0.0,1,7.9,7.94,SPY211217P00465000,465.0,0,0.0,0.0,,0.0,normalDay
2021-11-30,6760.0,-463.0,0.0,0,455.56,0.0,1,7.9,12.53,SPY211217P00465000,465.0,0,0.0,0.0,,0.0,normalDay
2021-12-01,6760.0,-1080.0,0.0,0,450.5,0.0,1,7.9,18.7,SPY211217P00465000,465.0,0,0.0,0.0,,0.0,normalDay
2021-12-02,6760.0,-491.0,0.0,0,457.4,0.0,1,7.9,12.81,SPY211217P00465000,465.0,0,0.0,0.0,,0.0,normalDay
2021-12-03,6760.0,-787.0,0.0,0,453.42,0.0,1,7.9,15.77,SPY211217P00465000,465.0,0,0.0,0.0,,0.0,normalDay
2021-12-06,6760.0,-284.0,0.0,0,458.79,0.0,1,7.9,10.74,SPY211217P00465000,465.0,0,0.0,0.0,,0.0,normalDay
2021-12-07,6760.0,330.0,0.0,0,468.28,0.0,1,7.9,4.6,SPY211217P00465000,465.0,0,0.0,0.0,,0.0,normalDay
2021-12-08,6760.0,451.0,0.0,0,469.52,0.0,1,7.9,3.39,SPY211217P00465000,465.0,0,0.0,0.0,,0.0,normalDay
2021-12-09,6760.0,309.0,0.0,0,466.35,0.0,1,7.9,4.81,SPY211217P00465000,465.0,0,0.0,0.0,,0.0,normalDay
2021-12-10,6760.0,571.0,0.0,0,470.74,0.0,1,7.9,2.19,SPY211217P00465000,465.0,0,0.0,0.0,,0.0,normalDay
2021-12-13,6760.0,425.0,0.0,0,466.57,0.0,1,7.9,3.65,SPY211217P00465000,465.0,0,0.0,0.0,,0.0,normalDay
2021-12-14,6760.0,265.0,0.0,0,463.36,0.0,1,7.9,5.25,SPY211217P00465000,465.0,0,0.0,0.0,,0.0,normalDay
2021-12-15,6760.0,684.0,0.0,0,470.6,0.0,1,7.9,1.06,SPY211217P00465000,465.0,0,0.0,0.0,,0.0,normalDay
2021-12-16,6760.0,592.0,0.0,0,466.45,0.0,1,7.9,1.98,SPY211217P00465000,465.0,0,0.0,0.0,,0.0,normalDay
2021-12-17,7550.0,-513.0,790.0,100,459.87,465.0,1,7.9,0.0,SPY211217P00465000,465.0,0,0.0,0.0,,0.0,expirationDay
2021-12-20,7550.0,-1005.0,0.0,100,454.98,465.0,0,0.0,0.0,,0.0,1,0.59,0.62,SPY211223C00464000,464.0,normalDay
2021-12-21,7550.0,-332.0,0.0,100,463.06,465.0,0,0.0,0.0,,0.0,1,0.59,1.97,SPY211223C00464000,464.0,normalDay
2021-12-22,7550.0,-82.0,0.0,100,467.69,465.0,0,0.0,0.0,,0.0,1,0.59,4.1,SPY211223C00464000,464.0,normalDay
2021-12-23,7509.0,-82.0,-41.0,0,470.6,0.0,0,0.0,0.0,,0.0,1,0.59,0.0,SPY211223C00464000,464.0,expirationDay
2021-12-27,7509.0,-3.0,0.0,0,477.26,0.0,1,1.69,1.72,SPY220114P00460000,460.0,0,0.0,0.0,,0.0,normalDay
2021-12-28,7509.0,12.0,0.0,0,476.87,0.0,1,1.69,1.57,SPY220114P00460000,460.0,0,0.0,0.0,,0.0,normalDay
2021-12-29,7509.0,50.0,0.0,0,477.48,0.0,1,1.69,1.19,SPY220114P00460000,460.0,0,0.0,0.0,,0.0,normalDay
2021-12-30,7509.0,33.0,0.0,0,476.16,0.0,1,1.69,1.36,SPY220114P00460000,460.0,0,0.0,0.0,,0.0,normalDay
2021-12-31,7509.0,44.0,0.0,0,474.96,0.0,1,1.69,1.25,SPY220114P00460000,460.0,0,0.0,0.0,,0.0,normalDay
2022-01-03,7509.0,104.0,0.0,0,477.71,0.0,1,1.69,0.65,SPY220114P00460000,460.0,0,0.0,0.0,,0.0,normalDay
2022-01-04,7509.0,106.0,0.0,0,477.55,0.0,1,1.69,0.63,SPY220114P00460000,460.0,0,0.0,0.0,,0.0,normalDay
2022-01-05,7509.0,-57.0,0.0,0,468.38,0.0,1,1.69,2.26,SPY220114P00460000,460.0,0,0.0,0.0,,0.0,normalDay
2022-01-06,7509.0,-27.0,0.0,0,467.94,0.0,1,1.69,1.96,SPY220114P00460000,460.0,0,0.0,0.0,,0.0,normalDay
2022-01-07,7509.0,9.0,0.0,0,466.09,0.0,1,1.69,1.6,SPY220114P00460000,460.0,0,0.0,0.0,,0.0,normalDay
2022-01-10,7509.0,-1.0,0.0,0,465.51,0.0,1,1.69,1.7,SPY220114P00460000,460.0,0,0.0,0.0,,0.0,normalDay
2022-01-11,7509.0,106.0,0.0,0,469.75,0.0,1,1.69,0.63,SPY220114P00460000,460.0,0,0.0,0.0,,0.0,normalDay
2022-01-12,7509.0,149.0,0.0,0,471.02,0.0,1,1.69,0.2,SPY220114P00460000,460.0,0,0.0,0.0,,0.0,normalDay
2022-01-13,7509.0,100.0,0.0,0,464.53,0.0,1,1.69,0.69,SPY220114P00460000,460.0,0,0.0,0.0,,0.0,normalDay
2022-01-14,7678.0,0.0,169.0,0,464.72,0.0,1,1.69,0.0,SPY220114P00460000,460.0,0,0.0,0.0,,0.0,expirationDay
2022-01-18,7678.0,-14.0,0.0,0,456.49,0.0,1,12.96,13.1,SPY220204P00466000,466.0,0,0.0,0.0,,0.0,normalDay
2022-01-19,7678.0,-288.0,0.0,0,451.75,0.0,1,12.96,15.84,SPY220204P00466000,466.0,0,0.0,0.0,,0.0,normalDay
2022-01-20,7678.0,-774.0,0.0,0,446.75,0.0,1,12.96,20.7,SPY220204P00466000,466.0,0,0.0,0.0,,0.0,normalDay
2022-01-21,7678.0,-1535.0,0.0,0,437.98,0.0,1,12.96,28.31,SPY220204P00466000,466.0,0,0.0,0.0,,0.0,normalDay
2022-01-24,7678.0,-1508.0,0.0,0,439.84,0.0,1,12.96,28.04,SPY220204P00466000,466.0,0,0.0,0.0,,0.0,normalDay
2022-01-25,7678.0,-2060.0,0.0,0,434.47,0.0,1,12.96,33.56,SPY220204P00466000,466.0,0,0.0,0.0,,0.0,normalDay
2022-01-26,7678.0,-2059.0,0.0,0,433.38,0.0,1,12.96,33.55,SPY220204P00466000,466.0,0,0.0,0.0,,0.0,normalDay
2022-01-27,7678.0,-2150.0,0.0,0,431.24,0.0,1,12.96,34.46,SPY220204P00466000,466.0,0,0.0,0.0,,0.0,normalDay
2022-01-28,7678.0,-1161.0,0.0,0,441.95,0.0,1,12.96,24.57,SPY220204P00466000,466.0,0,0.0,0.0,,0.0,normalDay
2022-01-31,7678.0,-445.0,0.0,0,449.91,0.0,1,12.96,17.41,SPY220204P00466000,466.0,0,0.0,0.0,,0.0,normalDay
2022-02-01,7678.0,-3.0,0.0,0,452.95,0.0,1,12.96,12.99,SPY220204P00466000,466.0,0,0.0,0.0,,0.0,normalDay
2022-02-02,7678.0,203.0,0.0,0,457.35,0.0,1,12.96,10.93,SPY220204P00466000,466.0,0,0.0,0.0,,0.0,normalDay
2022-02-03,7678.0,-336.0,0.0,0,446.6,0.0,1,12.96,16.32,SPY220204P00466000,466.0,0,0.0,0.0,,0.0,normalDay
2022-02-04,8974.0,-1730.0,1296.0,100,448.7,466.0,1,12.96,0.0,SPY220204P00466000,466.0,0,0.0,0.0,,0.0,expirationDay
2022-02-07,8974.0,-1877.0,0.0,100,447.26,466.0,0,0.0,0.0,,0.0,1,1.08,1.11,SPY220209C00452000,452.0,normalDay
2022-02-08,8974.0,-1551.0,0.0,100,450.94,466.0,0,0.0,0.0,,0.0,1,1.08,1.53,SPY220209C00452000,452.0,normalDay
2022-02-09,7682.0,-1551.0,-1292.0,0,457.54,0.0,0,0.0,0.0,,0.0,1,1.08,0.0,SPY220209C00452000,452.0,expirationDay
2022-02-10,7682.0,-5.0,0.0,0,449.32,0.0,1,5.65,5.7,SPY220228P00443000,443.0,0,0.0,0.0,,0.0,normalDay
2022-02-11,7682.0,-414.0,0.0,0,440.46,0.0,1,5.65,9.79,SPY220228P00443000,443.0,0,0.0,0.0,,0.0,normalDay
2022-02-14,7682.0,-405.0,0.0,0,439.02,0.0,1,5.65,9.7,SPY220228P00443000,443.0,0,0.0,0.0,,0.0,normalDay
2022-02-15,7682.0,-42.0,0.0,0,446.1,0.0,1,5.65,6.07,SPY220228P00443000,443.0,0,0.0,0.0,,0.0,normalDay
2022-02-16,7682.0,96.0,0.0,0,446.6,0.0,1,5.65,4.69,SPY220228P00443000,443.0,0,0.0,0.0,,0.0,normalDay
2022-02-17,7682.0,-446.0,0.0,0,437.06,0.0,1,5.65,10.11,SPY220228P00443000,443.0,0,0.0,0.0,,0.0,normalDay
2022-02-18,7682.0,-547.0,0.0,0,434.23,0.0,1,5.65,11.12,SPY220228P00443000,443.0,0,0.0,0.0,,0.0,normalDay
2022-02-22,7682.0,-762.0,0.0,0,429.57,0.0,1,5.65,13.27,SPY220228P00443000,443.0,0,0.0,0.0,,0.0,normalDay
2022-02-23,7682.0,-1547.0,0.0,0,421.95,0.0,1,5.65,21.12,SPY220228P00443000,443.0,0,0.0,0.0,,0.0,normalDay
2022-02-24,7682.0,-1056.0,0.0,0,428.3,0.0,1,5.65,16.21,SPY220228P00443000,443.0,0,0.0,0.0,,0.0,normalDay
2022-02-25,7682.0,-64.0,0.0,0,437.75,0.0,1,5.65,6.29,SPY220228P00443000,443.0,0,0.0,0.0,,0.0,normalDay
2022-02-28,8247.0,-637.0,565.0,100,436.63,443.0,1,5.65,0.0,SPY220228P00443000,443.0,0,0.0,0.0,,0.0,expirationDay
2022-03-01,8247.0,-1305.0,0.0,100,429.98,443.0,0,0.0,0.0,,0.0,1,0.89,0.92,SPY220304C00443000,443.0,normalDay
2022-03-02,8247.0,-567.0,0.0,100,437.89,443.0,0,0.0,0.0,,0.0,1,0.89,1.45,SPY220304C00443000,443.0,normalDay
2022-03-03,8247.0,-676.0,0.0,100,435.71,443.0,0,0.0,0.0,,0.0,1,0.89,0.36,SPY220304C00443000,443.0,normalDay
2022-03-04,8336.0,-1083.0,89.0,100,432.17,443.0,0,0.0,0.0,,0.0,1,0.89,0.0,SPY220304C00443000,443.0,expirationDay
2022-03-07,8336.0,-2360.0,0.0,100,419.43,443.0,0,0.0,0.0,,0.0,1,0.07,0.1,SPY220309C00439000,439.0,normalDay
2022-03-08,8336.0,-2670.0,0.0,100,416.25,443.0,0,0.0,0.0,,0.0,1,0.07,0.02,SPY220309C00439000,439.0,normalDay
2022-03-09,8343.0,-1559.0,7.0,100,427.41,443.0,0,0.0,0.0,,0.0,1,0.07,0.0,SPY220309C00439000,439.0,expirationDay
2022-03-10,8343.0,-1755.0,0.0,100,425.48,443.0,0,0.0,0.0,,0.0,1,0.2,0.23,SPY220311C00434000,434.0,normalDay
2022-03-11,8363.0,-2293.0,20.0,100,420.07,443.0,0,0.0,0.0,,0.0,1,0.2,0.0,SPY220311C00434000,434.0,expirationDay
2022-03-14,8363.0,-2603.0,0.0,100,417.0,443.0,0,0.0,0.0,,0.0,1,0.37,0.4,SPY220316C00432000,432.0,normalDay
2022-03-15,8363.0,-1736.0,0.0,100,426.17,443.0,0,0.0,0.0,,0.0,1,0.37,0.9,SPY220316C00432000,432.0,normalDay
2022-03-16,7300.0,-1736.0,-1063.0,0,435.62,0.0,0,0.0,0.0,,0.0,1,0.37,0.0,SPY220316C00432000,432.0,expirationDay
2022-03-17,7300.0,-6.0,0.0,0,441.07,0.0,1,4.25,4.31,SPY220404P00426000,426.0,0,0.0,0.0,,0.0,normalDay
2022-03-18,7300.0,145.0,0.0,0,444.52,0.0,1,4.25,2.8,SPY220404P00426000,426.0,0,0.0,0.0,,0.0,normalDay
2022-03-21,7300.0,213.0,0.0,0,444.39,0.0,1,4.25,2.12,SPY220404P00426000,426.0,0,0.0,0.0,,0.0,normalDay
2022-03-22,7300.0,284.0,0.0,0,449.59,0.0,1,4.25,1.41,SPY220404P00426000,426.0,0,0.0,0.0,,0.0,normalDay
2022-03-23,7300.0,240.0,0.0,0,443.8,0.0,1,4.25,1.85,SPY220404P00426000,426.0,0,0.0,0.0,,0.0,normalDay
2022-03-24,7300.0,350.0,0.0,0,450.49,0.0,1,4.25,0.75,SPY220404P00426000,426.0,0,0.0,0.0,,0.0,normalDay
2022-03-25,7300.0,385.0,0.0,0,452.69,0.0,1,4.25,0.4,SPY220404P00426000,426.0,0,0.0,0.0,,0.0,normalDay
2022-03-28,7300.0,413.0,0.0,0,455.91,0.0,1,4.25,0.12,SPY220404P00426000,426.0,0,0.0,0.0,,0.0,normalDay
2022-03-29,7300.0,418.0,0.0,0,461.55,0.0,1,4.25,0.07,SPY220404P00426000,426.0,0,0.0,0.0,,0.0,normalDay
2022-03-30,7300.0,421.0,0.0,0,458.7,0.0,1,4.25,0.04,SPY220404P00426000,426.0,0,0.0,0.0,,0.0,normalDay
2022-03-31,7300.0,417.0,0.0,0,451.64,0.0,1,4.25,0.08,SPY220404P00426000,426.0,0,0.0,0.0,,0.0,normalDay
2022-04-01,7300.0,423.0,0.0,0,452.92,0.0,1,4.25,0.02,SPY220404P00426000,426.0,0,0.0,0.0,,0.0,normalDay
2022-04-04,7725.0,0.0,425.0,0,456.8,0.0,1,4.25,0.0,SPY220404P00426000,426.0,0,0.0,0.0,,0.0,expirationDay
2022-04-05,7725.0,-4.0,0.0,0,451.03,0.0,1,2.5,2.54,SPY220422P00437000,437.0,0,0.0,0.0,,0.0,normalDay
2022-04-06,7725.0,-105.0,0.0,0,446.52,0.0,1,2.5,3.55,SPY220422P00437000,437.0,0,0.0,0.0,,0.0,normalDay
2022-04-07,7725.0,-33.0,0.0,0,448.77,0.0,1,2.5,2.83,SPY220422P00437000,437.0,0,0.0,0.0,,0.0,normalDay
2022-04-08,7725.0,-19.0,0.0,0,447.57,0.0,1,2.5,2.69,SPY220422P00437000,437.0,0,0.0,0.0,,0.0,normalDay
2022-04-11,7725.0,-270.0,0.0,0,439.92,0.0,1,2.5,5.2,SPY220422P00437000,437.0,0,0.0,0.0,,0.0,normalDay
2022-04-12,7725.0,-286.0,0.0,0,438.29,0.0,1,2.5,5.36,SPY220422P00437000,437.0,0,0.0,0.0,,0.0,normalDay
2022-04-13,7725.0,-26.0,0.0,0,443.31,0.0,1,2.5,2.76,SPY220422P00437000,437.0,0,0.0,0.0,,0.0,normalDay
2022-04-14,7725.0,-176.0,0.0,0,437.79,0.0,1,2.5,4.26,SPY220422P00437000,437.0,0,0.0,0.0,,0.0,normalDay
2022-04-18,7725.0,-29.0,0.0,0,437.97,0.0,1,2.5,2.79,SPY220422P00437000,437.0,0,0.0,0.0,,0.0,normalDay
2022-04-19,7725.0,115.0,0.0,0,445.04,0.0,1,2.5,1.35,SPY220422P00437000,437.0,0,0.0,0.0,,0.0,normalDay
2022-04-20,7725.0,205.0,0.0,0,444.71,0.0,1,2.5,0.45,SPY220422P00437000,437.0,0,0.0,0.0,,0.0,normalDay
2022-04-21,7725.0,68.0,0.0,0,438.06,0.0,1,2.5,1.82,SPY220422P00437000,437.0,0,0.0,0.0,,0.0,normalDay
2022-04-22,7975.0,-1096.0,250.0,100,426.04,437.0,1,2.5,0.0,SPY220422P00437000,437.0,0,0.0,0.0,,0.0,expirationDay
2022-04-25,7975.0,-849.0,0.0,100,428.51,437.0,0,0.0,0.0,,0.0,0,0.0,0.0,,0.0,bidTooLow
2022-04-26,7975.0,-2093.0,0.0,100,416.1,437.0,0,0.0,0.0,,0.0,1,0.03,0.06,SPY220429C00445000,445.0,normalDay
2022-04-27,7975.0,-1973.0,0.0,100,417.27,437.0,0,0.0,0.0,,0.0,1,0.03,0.03,SPY220429C00445000,445.0,normalDay
2022-04-28,7975.0,-918.0,0.0,100,427.81,437.0,0,0.0,0.0,,0.0,1,0.03,0.02,SPY220429C00445000,445.0,normalDay
2022-04-29,7978.0,-2500.0,3.0,100,412.0,437.0,0,0.0,0.0,,0.0,1,0.03,0.0,SPY220429C00445000,445.0,expirationDay
2022-05-02,7978.0,-2255.0,0.0,100,414.48,437.0,0,0.0,0.0,,0.0,1,0.07,0.1,SPY220504C00437000,437.0,normalDay
2022-05-03,7978.0,-2057.0,0.0,100,416.38,437.0,0,0.0,0.0,,0.0,1,0.07,0.02,SPY220504C00437000,437.0,normalDay
2022-05-04,7985.0,-794.0,7.0,100,429.06,437.0,0,0.0,0.0,,0.0,1,0.07,0.0,SPY220504C00437000,437.0,expirationDay
2022-05-05,7985.0,-2322.0,0.0,100,413.81,437.0,0,0.0,0.0,,0.0,1,0.05,0.08,SPY220506C00432000,432.0,normalDay
2022-05-06,7990.0,-2566.0,5.0,100,411.34,437.0,0,0.0,0.0,,0.0,1,0.05,0.0,SPY220506C00432000,432.0,expirationDay
2022-05-09,7990.0,-3886.0,0.0,100,398.17,437.0,0,0.0,0.0,,0.0,1,0.03,0.06,SPY220511C00428000,428.0,normalDay
2022-05-10,7990.0,-3789.0,0.0,100,399.09,437.0,0,0.0,0.0,,0.0,1,0.03,0.01,SPY220511C00428000,428.0,normalDay
2022-05-11,7993.0,-4425.0,3.0,100,392.75,437.0,0,0.0,0.0,,0.0,1,0.03,0.0,SPY220511C00428000,428.0,expirationDay
2022-05-12,7993.0,-4466.0,0.0,100,392.34,437.0,0,0.0,0.0,,0.0,0,0.0,0.0,,0.0,bidTooLow
2022-05-13,7993.0,-3528.0,0.0,100,401.72,437.0,0,0.0,0.0,,0.0,0,0.0,0.0,,0.0,bidTooLow
2022-05-16,7993.0,-3694.0,0.0,100,400.09,437.0,0,0.0,0.0,,0.0,1,0.02,0.05,SPY220518C00418000,418.0,normalDay
2022-05-17,7993.0,-2873.0,0.0,100,408.32,437.0,0,0.0,0.0,,0.0,1,0.02,0.07,SPY220518C00418000,418.0,normalDay
2022-05-18,7995.0,-4514.0,2.0,100,391.86,437.0,0,0.0,0.0,,0.0,1,0.02,0.0,SPY220518C00418000,418.0,expirationDay
2022-05-19,7995.0,-4754.0,0.0,100,389.46,437.0,0,0.0,0.0,,0.0,0,0.0,0.0,,0.0,bidTooLow
2022-05-20,7995.0,-4737.0,0.0,100,389.63,437.0,0,0.0,0.0,,0.0,0,0.0,0.0,,0.0,bidTooLow
2022-05-23,7995.0,-4012.0,0.0,100,396.92,437.0,0,0.0,0.0,,0.0,1,0.58,0.62,SPY220525C00407000,407.0,normalDay
2022-05-24,7995.0,-4259.0,0.0,100,393.89,437.0,0,0.0,0.0,,0.0,1,0.58,0.06,SPY220525C00407000,407.0,normalDay
2022-05-25,8053.0,-3963.0,58.0,100,397.37,437.0,0,0.0,0.0,,0.0,1,0.58,0.0,SPY220525C00407000,407.0,expirationDay
2022-05-26,8053.0,-3172.0,0.0,100,405.31,437.0,0,0.0,0.0,,0.0,1,2.58,2.61,SPY220527C00404000,404.0,normalDay
2022-05-27,5011.0,-3172.0,-3042.0,0,415.26,0.0,0,0.0,0.0,,0.0,1,2.58,0.0,SPY220527C00404000,404.0,expirationDay
2022-05-31,5011.0,-3.0,0.0,0,412.93,0.0,1,4.29,4.32,SPY220617P00397000,397.0,0,0.0,0.0,,0.0,normalDay
2022-06-01,5011.0,-32.0,0.0,0,409.59,0.0,1,4.29,4.61,SPY220617P00397000,397.0,0,0.0,0.0,,0.0,normalDay
2022-06-02,5011.0,187.0,0.0,0,417.39,0.0,1,4.29,2.42,SPY220617P00397000,397.0,0,0.0,0.0,,0.0,normalDay
2022-06-03,5011.0,72.0,0.0,0,410.54,0.0,1,4.29,3.57,SPY220617P00397000,397.0,0,0.0,0.0,,0.0,normalDay
2022-06-06,5011.0,141.0,0.0,0,411.79,0.0,1,4.29,2.88,SPY220617P00397000,397.0,0,0.0,0.0,,0.0,normalDay
2022-06-07,5011.0,250.0,0.0,0,415.74,0.0,1,4.29,1.79,SPY220617P00397000,397.0,0,0.0,0.0,,0.0,normalDay
2022-06-08,5011.0,210.0,0.0,0,411.22,0.0,1,4.29,2.19,SPY220617P00397000,397.0,0,0.0,0.0,,0.0,normalDay
2022-06-09,5011.0,-105.0,0.0,0,401.44,0.0,1,4.29,5.34,SPY220617P00397000,397.0,0,0.0,0.0,,0.0,normalDay
2022-06-10,5011.0,-668.0,0.0,0,389.8,0.0,1,4.29,10.97,SPY220617P00397000,397.0,0,0.0,0.0,,0.0,normalDay
2022-06-13,5011.0,-1994.0,0.0,0,375.0,0.0,1,4.29,24.23,SPY220617P00397000,397.0,0,0.0,0.0,,0.0,normalDay
2022-06-14,5011.0,-2161.0,0.0,0,373.87,0.0,1,4.29,25.9,SPY220617P00397000,397.0,0,0.0,0.0,,0.0,normalDay
2022-06-15,5011.0,-1555.0,0.0,0,379.2,0.0,1,4.29,19.84,SPY220617P00397000,397.0,0,0.0,0.0,,0.0,normalDay
2022-06-16,5011.0,-2710.0,0.0,0,366.65,0.0,1,4.29,31.39,SPY220617P00397000,397.0,0,0.0,0.0,,0.0,normalDay
2022-06-17,5440.0,-3114.0,429.0,100,365.86,397.0,1,4.29,0.0,SPY220617P00397000,397.0,0,0.0,0.0,,0.0,expirationDay
2022-06-21,5440.0,-2196.0,0.0,100,375.07,397.0,0,0.0,0.0,,0.0,1,0.01,0.04,SPY220624C00398000,398.0,normalDay
2022-06-22,5440.0,-2262.0,0.0,100,374.39,397.0,0,0.0,0.0,,0.0,1,0.01,0.02,SPY220624C00398000,398.0,normalDay
2022-06-23,5440.0,-1894.0,0.0,100,378.06,397.0,0,0.0,0.0,,0.0,1,0.01,0.01,SPY220624C00398000,398.0,normalDay
2022-06-24,5441.0,-692.0,1.0,100,390.08,397.0,0,0.0,0.0,,0.0,1,0.01,0.0,SPY220624C00398000,398.0,expirationDay
2022-06-27,5441.0,-845.0,0.0,100,388.59,397.0,0,0.0,0.0,,0.0,1,1.63,1.67,SPY220630C00395000,395.0,normalDay
2022-06-28,5441.0,-1496.0,0.0,100,380.65,397.0,0,0.0,0.0,,0.0,1,1.63,0.24,SPY220630C00395000,395.0,normalDay
2022-06-29,5441.0,-1514.0,0.0,100,380.34,397.0,0,0.0,0.0,,0.0,1,1.63,0.11,SPY220630C00395000,395.0,normalDay
2022-06-30,5604.0,-1975.0,163.0,100,377.25,397.0,0,0.0,0.0,,0.0,1,1.63,0.0,SPY220630C00395000,395.0,expirationDay
2022-07-01,5604.0,-1576.0,0.0,100,381.24,397.0,0,0.0,0.0,,0.0,0,0.0,0.0,,0.0,bidTooLow
2022-07-05,5604.0,-1507.0,0.0,100,381.96,397.0,0,0.0,0.0,,0.0,1,1.97,2.0,SPY220708C00386000,386.0,normalDay
2022-07-06,5604.0,-1387.0,0.0,100,383.25,397.0,0,0.0,0.0,,0.0,1,1.97,2.09,SPY220708C00386000,386.0,normalDay
2022-07-07,5604.0,-983.0,0.0,100,388.99,397.0,0,0.0,0.0,,0.0,1,1.97,3.79,SPY220708C00386000,386.0,normalDay
2022-07-08,4701.0,-983.0,-903.0,0,388.67,0.0,0,0.0,0.0,,0.0,1,1.97,0.0,SPY220708C00386000,386.0,expirationDay
2022-07-11,4701.0,-5.0,0.0,0,384.23,0.0,1,5.54,5.59,SPY220729P00377000,377.0,0,0.0,0.0,,0.0,normalDay
2022-07-12,4701.0,-162.0,0.0,0,380.83,0.0,1,5.54,7.16,SPY220729P00377000,377.0,0,0.0,0.0,,0.0,normalDay
2022-07-13,4701.0,-204.0,0.0,0,378.83,0.0,1,5.54,7.58,SPY220729P00377000,377.0,0,0.0,0.0,,0.0,normalDay
2022-07-14,4701.0,-175.0,0.0,0,377.91,0.0,1,5.54,7.29,SPY220729P00377000,377.0,0,0.0,0.0,,0.0,normalDay
2022-07-15,4701.0,146.0,0.0,0,385.13,0.0,1,5.54,4.08,SPY220729P00377000,377.0,0,0.0,0.0,,0.0,normalDay
2022-07-18,4701.0,84.0,0.0,0,381.95,0.0,1,5.54,4.7,SPY220729P00377000,377.0,0,0.0,0.0,,0.0,normalDay
2022-07-19,4701.0,349.0,0.0,0,392.27,0.0,1,5.54,2.05,SPY220729P00377000,377.0,0,0.0,0.0,,0.0,normalDay
2022-07-20,4701.0,431.0,0.0,0,394.77,0.0,1,5.54,1.23,SPY220729P00377000,377.0,0,0.0,0.0,,0.0,normalDay
2022-07-21,4701.0,490.0,0.0,0,398.79,0.0,1,5.54,0.64,SPY220729P00377000,377.0,0,0.0,0.0,,0.0,normalDay
2022-07-22,4701.0,495.0,0.0,0,395.09,0.0,1,5.54,0.59,SPY220729P00377000,377.0,0,0.0,0.0,,0.0,normalDay
2022-07-25,4701.0,526.0,0.0,0,395.57,0.0,1,5.54,0.28,SPY220729P00377000,377.0,0,0.0,0.0,,0.0,normalDay
2022-07-26,4701.0,499.0,0.0,0,390.89,0.0,1,5.54,0.55,SPY220729P00377000,377.0,0,0.0,0.0,,0.0,normalDay
2022-07-27,4701.0,546.0,0.0,0,401.04,0.0,1,5.54,0.08,SPY220729P00377000,377.0,0,0.0,0.0,,0.0,normalDay
2022-07-28,4701.0,552.0,0.0,0,406.07,0.0,1,5.54,0.02,SPY220729P00377000,377.0,0,0.0,0.0,,0.0,normalDay
2022-07-29,5255.0,0.0,554.0,0,411.99,0.0,1,5.54,0.0,SPY220729P00377000,377.0,0,0.0,0.0,,0.0,expirationDay
2022-08-01,5255.0,-3.0,0.0,0,410.77,0.0,1,1.42,1.45,SPY220819P00386000,386.0,0,0.0,0.0,,0.0,normalDay
2022-08-02,5255.0,-49.0,0.0,0,408.06,0.0,1,1.42,1.91,SPY220819P00386000,386.0,0,0.0,0.0,,0.0,normalDay
2022-08-03,5255.0,57.0,0.0,0,414.45,0.0,1,1.42,0.85,SPY220819P00386000,386.0,0,0.0,0.0,,0.0,normalDay
2022-08-04,5255.0,74.0,0.0,0,414.17,0.0,1,1.42,0.68,SPY220819P00386000,386.0,0,0.0,0.0,,0.0,normalDay
2022-08-05,5255.0,77.0,0.0,0,413.47,0.0,1,1.42,0.65,SPY220819P00386000,386.0,0,0.0,0.0,,0.0,normalDay
2022-08-08,5255.0,99.0,0.0,0,412.99,0.0,1,1.42,0.43,SPY220819P00386000,386.0,0,0.0,0.0,,0.0,normalDay
2022-08-09,5255.0,95.0,0.0,0,411.35,0.0,1,1.42,0.47,SPY220819P00386000,386.0,0,0.0,0.0,,0.0,normalDay
2022-08-10,5255.0,128.0,0.0,0,419.99,0.0,1,1.42,0.14,SPY220819P00386000,386.0,0,0.0,0.0,,0.0,normalDay
2022-08-11,5255.0,131.0,0.0,0,419.99,0.0,1,1.42,0.11,SPY220819P00386000,386.0,0,0.0,0.0,,0.0,normalDay
2022-08-12,5255.0,136.0,0.0,0,427.1,0.0,1,1.42,0.06,SPY220819P00386000,386.0,0,0.0,0.0,,0.0,normalDay
2022-08-15,5255.0,139.0,0.0,0,428.86,0.0,1,1.42,0.03,SPY220819P00386000,386.0,0,0.0,0.0,,0.0,normalDay
2022-08-16,5255.0,139.0,0.0,0,429.7,0.0,1,1.42,0.03,SPY220819P00386000,386.0,0,0.0,0.0,,0.0,normalDay
2022-08-17,5255.0,140.0,0.0,0,426.65,0.0,1,1.42,0.02,SPY220819P00386000,386.0,0,0.0,0.0,,0.0,normalDay
2022-08-18,5255.0,141.0,0.0,0,427.89,0.0,1,1.42,0.01,SPY220819P00386000,386.0,0,0.0,0.0,,0.0,normalDay
2022-08-19,5397.0,0.0,142.0,0,422.14,0.0,1,1.42,0.0,SPY220819P00386000,386.0,0,0.0,0.0,,0.0,expirationDay
2022-08-22,5397.0,-5.0,0.0,0,413.35,0.0,1,6.2,6.25,SPY220909P00411000,411.0,0,0.0,0.0,,0.0,normalDay
2022-08-23,5397.0,-52.0,0.0,0,412.35,0.0,1,6.2,6.72,SPY220909P00411000,411.0,0,0.0,0.0,,0.0,normalDay
2022-08-24,5397.0,77.0,0.0,0,413.67,0.0,1,6.2,5.43,SPY220909P00411000,411.0,0,0.0,0.0,,0.0,normalDay
2022-08-25,5397.0,286.0,0.0,0,419.51,0.0,1,6.2,3.34,SPY220909P00411000,411.0,0,0.0,0.0,,0.0,normalDay
2022-08-26,5397.0,-362.0,0.0,0,405.31,0.0,1,6.2,9.82,SPY220909P00411000,411.0,0,0.0,0.0,,0.0,normalDay
2022-08-29,5397.0,-472.0,0.0,0,402.63,0.0,1,6.2,10.92,SPY220909P00411000,411.0,0,0.0,0.0,,0.0,normalDay
2022-08-30,5397.0,-778.0,0.0,0,398.21,0.0,1,6.2,13.98,SPY220909P00411000,411.0,0,0.0,0.0,,0.0,normalDay
2022-08-31,5397.0,-1003.0,0.0,0,395.18,0.0,1,6.2,16.23,SPY220909P00411000,411.0,0,0.0,0.0,,0.0,normalDay
2022-09-01,5397.0,-896.0,0.0,0,396.42,0.0,1,6.2,15.16,SPY220909P00411000,411.0,0,0.0,0.0,,0.0,normalDay
2022-09-02,5397.0,-1231.0,0.0,0,392.24,0.0,1,6.2,18.51,SPY220909P00411000,411.0,0,0.0,0.0,,0.0,normalDay
2022-09-06,5397.0,-1461.0,0.0,0,390.76,0.0,1,6.2,20.81,SPY220909P00411000,411.0,0,0.0,0.0,,0.0,normalDay
2022-09-07,5397.0,-748.0,0.0,0,397.78,0.0,1,6.2,13.68,SPY220909P00411000,411.0,0,0.0,0.0,,0.0,normalDay
2022-09-08,5397.0,-414.0,0.0,0,400.38,0.0,1,6.2,10.34,SPY220909P00411000,411.0,0,0.0,0.0,,0.0,normalDay
2022-09-09,6017.0,-440.0,620.0,100,406.6,411.0,1,6.2,0.0,SPY220909P00411000,411.0,0,0.0,0.0,,0.0,expirationDay
2022-09-12,6017.0,-7.0,0.0,100,410.97,411.0,0,0.0,0.0,,0.0,1,3.7,3.74,SPY220914C00411000,411.0,normalDay
2022-09-13,6017.0,-1422.0,0.0,100,393.1,411.0,0,0.0,0.0,,0.0,1,3.7,0.02,SPY220914C00411000,411.0,normalDay
2022-09-14,6387.0,-1640.0,370.0,100,394.6,411.0,0,0.0,0.0,,0.0,1,3.7,0.0,SPY220914C00411000,411.0,expirationDay
2022-09-15,6387.0,-2088.0,0.0,100,390.12,411.0,0,0.0,0.0,,0.0,0,0.0,0.0,,0.0,bidTooLow
2022-09-16,6387.0,-2544.0,0.0,100,385.56,411.0,0,0.0,0.0,,0.0,0,0.0,0.0,,0.0,bidTooLow
2022-09-19,6387.0,-2248.0,0.0,100,388.55,411.0,0,0.0,0.0,,0.0,1,0.4,0.43,SPY220921C00401000,401.0,normalDay
2022-09-20,6387.0,-2657.0,0.0,100,384.09,411.0,0,0.0,0.0,,0.0,1,0.4,0.06,SPY220921C00401000,401.0,normalDay
2022-09-21,6427.0,-3361.0,40.0,100,377.39,411.0,0,0.0,0.0,,0.0,1,0.4,0.0,SPY220921C00401000,401.0,expirationDay
2022-09-22,6427.0,-3678.0,0.0,100,374.22,411.0,0,0.0,0.0,,0.0,0,0.0,0.0,,0.0,bidTooLow
2022-09-23,6427.0,-4305.0,0.0,100,367.95,411.0,0,0.0,0.0,,0.0,0,0.0,0.0,,0.0,bidTooLow
2022-09-26,6427.0,-4669.0,0.0,100,364.31,411.0,0,0.0,0.0,,0.0,0,0.0,0.0,,0.0,bidTooLow
2022-09-27,6427.0,-4765.0,0.0,100,363.38,411.0,0,0.0,0.0,,0.0,1,0.01,0.04,SPY220930C00390000,390.0,normalDay
2022-09-28,6427.0,-4050.0,0.0,100,370.53,411.0,0,0.0,0.0,,0.0,1,0.01,0.04,SPY220930C00390000,390.0,normalDay
2022-09-29,6427.0,-4821.0,0.0,100,362.79,411.0,0,0.0,0.0,,0.0,1,0.01,0.01,SPY220930C00390000,390.0,normalDay
2022-09-30,6428.0,-5382.0,1.0,100,357.18,411.0,0,0.0,0.0,,0.0,1,0.01,0.0,SPY220930C00390000,390.0,expirationDay
2022-10-03,6428.0,-4442.0,0.0,100,366.61,411.0,0,0.0,0.0,,0.0,1,0.01,0.04,SPY221005C00384000,384.0,normalDay
2022-10-04,6428.0,-3339.0,0.0,100,377.97,411.0,0,0.0,0.0,,0.0,1,0.01,0.37,SPY221005C00384000,384.0,normalDay
2022-10-05,6429.0,-3391.0,1.0,100,377.09,411.0,0,0.0,0.0,,0.0,1,0.01,0.0,SPY221005C00384000,384.0,expirationDay
2022-10-06,6429.0,-3783.0,0.0,100,373.2,411.0,0,0.0,0.0,,0.0,1,0.52,0.55,SPY221007C00381000,381.0,normalDay
2022-10-07,6481.0,-4821.0,52.0,100,362.79,411.0,0,0.0,0.0,,0.0,1,0.52,0.0,SPY221007C00381000,381.0,expirationDay
2022-10-10,6481.0,-5101.0,0.0,100,360.02,411.0,0,0.0,0.0,,0.0,1,0.04,0.07,SPY221012C00376000,376.0,normalDay
2022-10-11,6481.0,-5324.0,0.0,100,357.74,411.0,0,0.0,0.0,,0.0,1,0.04,0.02,SPY221012C00376000,376.0,normalDay
2022-10-12,6485.0,-5444.0,4.0,100,356.56,411.0,0,0.0,0.0,,0.0,1,0.04,0.0,SPY221012C00376000,376.0,expirationDay
2022-10-13,6485.0,-4507.0,0.0,100,365.97,411.0,0,0.0,0.0,,0.0,1,1.01,1.05,SPY221014C00371000,371.0,normalDay
2022-10-14,6586.0,-5337.0,101.0,100,357.63,411.0,0,0.0,0.0,,0.0,1,1.01,0.0,SPY221014C00371000,371.0,expirationDay
2022-10-17,6586.0,-4421.0,0.0,100,366.82,411.0,0,0.0,0.0,,0.0,1,3.13,3.16,SPY221019C00368000,368.0,normalDay
2022-10-18,6586.0,-4200.0,0.0,100,371.13,411.0,0,0.0,0.0,,0.0,1,3.13,5.26,SPY221019C00368000,368.0,normalDay
2022-10-19,2599.0,-4200.0,-3987.0,0,368.5,0.0,0,0.0,0.0,,0.0,1,3.13,0.0,SPY221019C00368000,368.0,expirationDay
2022-10-20,2599.0,-6.0,0.0,0,365.41,0.0,1,7.44,7.5,SPY221107P00363000,363.0,0,0.0,0.0,,0.0,normalDay
2022-10-21,2599.0,303.0,0.0,0,374.29,0.0,1,7.44,4.41,SPY221107P00363000,363.0,0,0.0,0.0,,0.0,normalDay
2022-10-24,2599.0,444.0,0.0,0,378.87,0.0,1,7.44,3.0,SPY221107P00363000,363.0,0,0.0,0.0,,0.0,normalDay
2022-10-25,2599.0,566.0,0.0,0,384.92,0.0,1,7.44,1.78,SPY221107P00363000,363.0,0,0.0,0.0,,0.0,normalDay
2022-10-26,2599.0,596.0,0.0,0,382.02,0.0,1,7.44,1.48,SPY221107P00363000,363.0,0,0.0,0.0,,0.0,normalDay
2022-10-27,2599.0,516.0,0.0,0,379.98,0.0,1,7.44,2.28,SPY221107P00363000,363.0,0,0.0,0.0,,0.0,normalDay
2022-10-28,2599.0,697.0,0.0,0,389.02,0.0,1,7.44,0.47,SPY221107P00363000,363.0,0,0.0,0.0,,0.0,normalDay
2022-10-31,2599.0,715.0,0.0,0,386.21,0.0,1,7.44,0.29,SPY221107P00363000,363.0,0,0.0,0.0,,0.0,normalDay
2022-11-01,2599.0,712.0,0.0,0,384.52,0.0,1,7.44,0.32,SPY221107P00363000,363.0,0,0.0,0.0,,0.0,normalDay
2022-11-02,2599.0,679.0,0.0,0,374.87,0.0,1,7.44,0.65,SPY221107P00363000,363.0,0,0.0,0.0,,0.0,normalDay
2022-11-03,2599.0,668.0,0.0,0,371.01,0.0,1,7.44,0.76,SPY221107P00363000,363.0,0,0.0,0.0,,0.0,normalDay
2022-11-04,2599.0,738.0,0.0,0,376.35,0.0,1,7.44,0.06,SPY221107P00363000,363.0,0,0.0,0.0,,0.0,normalDay
2022-11-07,3343.0,0.0,744.0,0,379.95,0.0,1,7.44,0.0,SPY221107P00363000,363.0,0,0.0,0.0,,0.0,expirationDay
2022-11-08,3343.0,-4.0,0.0,0,382.0,0.0,1,3.67,3.71,SPY221125P00370000,370.0,0,0.0,0.0,,0.0,normalDay
2022-11-09,3343.0,-201.0,0.0,0,374.13,0.0,1,3.67,5.68,SPY221125P00370000,370.0,0,0.0,0.0,,0.0,normalDay
2022-11-10,3343.0,284.0,0.0,0,394.69,0.0,1,3.67,0.83,SPY221125P00370000,370.0,0,0.0,0.0,,0.0,normalDay
2022-11-11,3343.0,321.0,0.0,0,398.51,0.0,1,3.67,0.46,SPY221125P00370000,370.0,0,0.0,0.0,,0.0,normalDay
2022-11-14,3343.0,329.0,0.0,0,395.12,0.0,1,3.67,0.38,SPY221125P00370000,370.0,0,0.0,0.0,,0.0,normalDay
2022-11-15,3343.0,337.0,0.0,0,398.49,0.0,1,3.67,0.3,SPY221125P00370000,370.0,0,0.0,0.0,,0.0,normalDay
2022-11-16,3343.0,344.0,0.0,0,395.45,0.0,1,3.67,0.23,SPY221125P00370000,370.0,0,0.0,0.0,,0.0,normalDay
2022-11-17,3343.0,346.0,0.0,0,394.24,0.0,1,3.67,0.21,SPY221125P00370000,370.0,0,0.0,0.0,,0.0,normalDay
2022-11-18,3343.0,358.0,0.0,0,396.03,0.0,1,3.67,0.09,SPY221125P00370000,370.0,0,0.0,0.0,,0.0,normalDay
2022-11-21,3343.0,363.0,0.0,0,394.59,0.0,1,3.67,0.04,SPY221125P00370000,370.0,0,0.0,0.0,,0.0,normalDay
2022-11-22,3343.0,364.0,0.0,0,399.9,0.0,1,3.67,0.03,SPY221125P00370000,370.0,0,0.0,0.0,,0.0,normalDay
2022-11-23,3343.0,366.0,0.0,0,402.42,0.0,1,3.67,0.01,SPY221125P00370000,370.0,0,0.0,0.0,,0.0,normalDay
2022-11-25,3710.0,0.0,367.0,0,402.33,0.0,1,3.67,0.0,SPY221125P00370000,370.0,0,0.0,0.0,,0.0,expirationDay
2022-11-28,3710.0,-4.0,0.0,0,395.91,0.0,1,4.17,4.21,SPY221216P00385000,385.0,0,0.0,0.0,,0.0,normalDay
2022-11-29,3710.0,-13.0,0.0,0,395.23,0.0,1,4.17,4.3,SPY221216P00385000,385.0,0,0.0,0.0,,0.0,normalDay
2022-11-30,3710.0,268.0,0.0,0,407.68,0.0,1,4.17,1.49,SPY221216P00385000,385.0,0,0.0,0.0,,0.0,normalDay
2022-12-01,3710.0,286.0,0.0,0,407.38,0.0,1,4.17,1.31,SPY221216P00385000,385.0,0,0.0,0.0,,0.0,normalDay
2022-12-02,3710.0,302.0,0.0,0,406.91,0.0,1,4.17,1.15,SPY221216P00385000,385.0,0,0.0,0.0,,0.0,normalDay
2022-12-05,3710.0,196.0,0.0,0,399.59,0.0,1,4.17,2.21,SPY221216P00385000,385.0,0,0.0,0.0,,0.0,normalDay
2022-12-06,3710.0,18.0,0.0,0,393.83,0.0,1,4.17,3.99,SPY221216P00385000,385.0,0,0.0,0.0,,0.0,normalDay
2022-12-07,3710.0,6.0,0.0,0,393.16,0.0,1,4.17,4.11,SPY221216P00385000,385.0,0,0.0,0.0,,0.0,normalDay
2022-12-08,3710.0,125.0,0.0,0,396.24,0.0,1,4.17,2.92,SPY221216P00385000,385.0,0,0.0,0.0,,0.0,normalDay
2022-12-09,3710.0,64.0,0.0,0,393.28,0.0,1,4.17,3.53,SPY221216P00385000,385.0,0,0.0,0.0,,0.0,normalDay
2022-12-12,3710.0,180.0,0.0,0,398.95,0.0,1,4.17,2.37,SPY221216P00385000,385.0,0,0.0,0.0,,0.0,normalDay
2022-12-13,3710.0,360.0,0.0,0,401.97,0.0,1,4.17,0.57,SPY221216P00385000,385.0,0,0.0,0.0,,0.0,normalDay
2022-12-14,3710.0,390.0,0.0,0,399.4,0.0,1,4.17,0.27,SPY221216P00385000,385.0,0,0.0,0.0,,0.0,normalDay
2022-12-15,3710.0,306.0,0.0,0,389.63,0.0,1,4.17,1.11,SPY221216P00385000,385.0,0,0.0,0.0,,0.0,normalDay
2022-12-16,4127.0,-173.0,417.0,100,383.27,385.0,1,4.17,0.0,SPY221216P00385000,385.0,0,0.0,0.0,,0.0,expirationDay
2022-12-19,4127.0,-501.0,0.0,100,380.02,385.0,0,0.0,0.0,,0.0,1,0.02,0.05,SPY221222C00398000,398.0,normalDay
2022-12-20,4127.0,-447.0,0.0,100,380.54,385.0,0,0.0,0.0,,0.0,1,0.02,0.03,SPY221222C00398000,398.0,normalDay
2022-12-21,4127.0,123.0,0.0,100,386.23,385.0,0,0.0,0.0,,0.0,1,0.02,0.02,SPY221222C00398000,398.0,normalDay
2022-12-22,4129.0,-428.0,2.0,100,380.72,385.0,0,0.0,0.0,,0.0,1,0.02,0.0,SPY221222C00398000,398.0,expirationDay
2022-12-23,4129.0,-209.0,0.0,100,382.91,385.0,0,0.0,0.0,,0.0,0,0.0,0.0,,0.0,bidTooLow
2022-12-27,4129.0,-363.0,0.0,100,381.4,385.0,0,0.0,0.0,,0.0,1,0.08,0.11,SPY221230C00394000,394.0,normalDay
2022-12-28,4129.0,-829.0,0.0,100,376.66,385.0,0,0.0,0.0,,0.0,1,0.08,0.03,SPY221230C00394000,394.0,normalDay
2022-12-29,4129.0,-151.0,0.0,100,383.44,385.0,0,0.0,0.0,,0.0,1,0.08,0.03,SPY221230C00394000,394.0,normalDay
2022-12-30,4137.0,-257.0,8.0,100,382.43,385.0,0,0.0,0.0,,0.0,1,0.08,0.0,SPY221230C00394000,394.0,expirationDay
2023-01-03,4137.0,-422.0,0.0,100,380.82,385.0,0,0.0,0.0,,0.0,1,0.79,0.83,SPY230106C00389000,389.0,normalDay
2023-01-04,4137.0,-149.0,0.0,100,383.76,385.0,0,0.0,0.0,,0.0,1,0.79,1.04,SPY230106C00389000,389.0,normalDay
2023-01-05,4137.0,-503.0,0.0,100,379.38,385.0,0,0.0,0.0,,0.0,1,0.79,0.2,SPY230106C00389000,389.0,normalDay
2023-01-06,4216.0,308.0,79.0,100,388.08,385.0,0,0.0,0.0,,0.0,1,0.79,0.0,SPY230106C00389000,389.0,expirationDay
2023-01-09,4216.0,282.0,0.0,100,387.86,385.0,0,0.0,0.0,,0.0,1,4.89,4.93,SPY230112C00387000,387.0,normalDay
2023-01-10,4216.0,418.0,0.0,100,390.58,385.0,0,0.0,0.0,,0.0,1,4.89,6.29,SPY230112C00387000,387.0,normalDay
2023-01-11,4216.0,573.0,0.0,100,395.52,385.0,0,0.0,0.0,,0.0,1,4.89,9.68,SPY230112C00387000,387.0,normalDay
2023-01-12,4905.0,573.0,689.0,0,396.96,0.0,0,0.0,0.0,,0.0,1,4.89,0.0,SPY230112C00387000,387.0,expirationDay
2023-01-13,4905.0,-3.0,0.0,0,398.5,0.0,1,0.71,0.74,SPY230127P00382500,382.5,0,0.0,0.0,,0.0,normalDay
2023-01-17,4905.0,15.0,0.0,0,397.77,0.0,1,0.71,0.56,SPY230127P00382500,382.5,0,0.0,0.0,,0.0,normalDay
2023-01-18,4905.0,-50.0,0.0,0,391.49,0.0,1,0.71,1.21,SPY230127P00382500,382.5,0,0.0,0.0,,0.0,normalDay
2023-01-19,4905.0,-87.0,0.0,0,388.64,0.0,1,0.71,1.58,SPY230127P00382500,382.5,0,0.0,0.0,,0.0,normalDay
2023-01-20,4905.0,31.0,0.0,0,395.88,0.0,1,0.71,0.4,SPY230127P00382500,382.5,0,0.0,0.0,,0.0,normalDay
2023-01-23,4905.0,57.0,0.0,0,400.63,0.0,1,0.71,0.14,SPY230127P00382500,382.5,0,0.0,0.0,,0.0,normalDay
2023-01-24,4905.0,62.0,0.0,0,400.2,0.0,1,0.71,0.09,SPY230127P00382500,382.5,0,0.0,0.0,,0.0,normalDay
2023-01-25,4905.0,64.0,0.0,0,400.35,0.0,1,0.71,0.07,SPY230127P00382500,382.5,0,0.0,0.0,,0.0,normalDay
2023-01-26,4905.0,69.0,0.0,0,404.75,0.0,1,0.71,0.02,SPY230127P00382500,382.5,0,0.0,0.0,,0.0,normalDay
2023-01-27,4976.0,0.0,71.0,0,405.68,0.0,1,0.71,0.0,SPY230127P00382500,382.5,0,0.0,0.0,,0.0,expirationDay
2023-01-30,4976.0,-3.0,0.0,0,400.59,0.0,1,3.1,3.13,SPY230217P00390000,390.0,0,0.0,0.0,,0.0,normalDay
2023-01-31,4976.0,108.0,0.0,0,406.48,0.0,1,3.1,2.02,SPY230217P00390000,390.0,0,0.0,0.0,,0.0,normalDay
2023-02-01,4976.0,208.0,0.0,0,410.8,0.0,1,3.1,1.02,SPY230217P00390000,390.0,0,0.0,0.0,,0.0,normalDay
2023-02-02,4976.0,230.0,0.0,0,416.78,0.0,1,3.1,0.8,SPY230217P00390000,390.0,0,0.0,0.0,,0.0,normalDay
2023-02-03,4976.0,232.0,0.0,0,412.35,0.0,1,3.1,0.78,SPY230217P00390000,390.0,0,0.0,0.0,,0.0,normalDay
2023-02-06,4976.0,226.0,0.0,0,409.83,0.0,1,3.1,0.84,SPY230217P00390000,390.0,0,0.0,0.0,,0.0,normalDay
2023-02-07,4976.0,270.0,0.0,0,415.19,0.0,1,3.1,0.4,SPY230217P00390000,390.0,0,0.0,0.0,,0.0,normalDay
2023-02-08,4976.0,254.0,0.0,0,410.65,0.0,1,3.1,0.56,SPY230217P00390000,390.0,0,0.0,0.0,,0.0,normalDay
2023-02-09,4976.0,216.0,0.0,0,407.09,0.0,1,3.1,0.94,SPY230217P00390000,390.0,0,0.0,0.0,,0.0,normalDay
2023-02-10,4976.0,249.0,0.0,0,408.04,0.0,1,3.1,0.61,SPY230217P00390000,390.0,0,0.0,0.0,,0.0,normalDay
2023-02-13,4976.0,287.0,0.0,0,412.83,0.0,1,3.1,0.23,SPY230217P00390000,390.0,0,0.0,0.0,,0.0,normalDay
2023-02-14,4976.0,301.0,0.0,0,412.64,0.0,1,3.1,0.09,SPY230217P00390000,390.0,0,0.0,0.0,,0.0,normalDay
2023-02-15,4976.0,306.0,0.0,0,413.98,0.0,1,3.1,0.04,SPY230217P00390000,390.0,0,0.0,0.0,,0.0,normalDay
2023-02-16,4976.0,298.0,0.0,0,408.28,0.0,1,3.1,0.12,SPY230217P00390000,390.0,0,0.0,0.0,,0.0,normalDay
2023-02-17,5286.0,0.0,310.0,0,407.26,0.0,1,3.1,0.0,SPY230217P00390000,390.0,0,0.0,0.0,,0.0,expirationDay
2023-02-21,5286.0,-4.0,0.0,0,399.09,0.0,1,9.83,9.87,SPY230310P00406000,406.0,0,0.0,0.0,,0.0,normalDay
2023-02-22,5286.0,-4.0,0.0,0,398.54,0.0,1,9.83,9.87,SPY230310P00406000,406.0,0,0.0,0.0,,0.0,normalDay
2023-02-23,5286.0,140.0,0.0,0,400.66,0.0,1,9.83,8.43,SPY230310P00406000,406.0,0,0.0,0.0,,0.0,normalDay
2023-02-24,5286.0,-144.0,0.0,0,396.38,0.0,1,9.83,11.27,SPY230310P00406000,406.0,0,0.0,0.0,,0.0,normalDay
2023-02-27,5286.0,22.0,0.0,0,397.73,0.0,1,9.83,9.61,SPY230310P00406000,406.0,0,0.0,0.0,,0.0,normalDay
2023-02-28,5286.0,-112.0,0.0,0,396.26,0.0,1,9.83,10.95,SPY230310P00406000,406.0,0,0.0,0.0,,0.0,normalDay
2023-03-01,5286.0,-210.0,0.0,0,394.74,0.0,1,9.83,11.93,SPY230310P00406000,406.0,0,0.0,0.0,,0.0,normalDay
2023-03-02,5286.0,55.0,0.0,0,397.81,0.0,1,9.83,9.28,SPY230310P00406000,406.0,0,0.0,0.0,,0.0,normalDay
2023-03-03,5286.0,535.0,0.0,0,404.19,0.0,1,9.83,4.48,SPY230310P00406000,406.0,0,0.0,0.0,,0.0,normalDay
2023-03-06,5286.0,571.0,0.0,0,404.47,0.0,1,9.83,4.12,SPY230310P00406000,406.0,0,0.0,0.0,,0.0,normalDay
2023-03-07,5286.0,165.0,0.0,0,398.27,0.0,1,9.83,8.18,SPY230310P00406000,406.0,0,0.0,0.0,,0.0,normalDay
2023-03-08,5286.0,230.0,0.0,0,398.92,0.0,1,9.83,7.53,SPY230310P00406000,406.0,0,0.0,0.0,,0.0,normalDay
2023-03-09,5286.0,-501.0,0.0,0,391.56,0.0,1,9.83,14.84,SPY230310P00406000,406.0,0,0.0,0.0,,0.0,normalDay
2023-03-10,6269.0,-2009.0,983.0,100,385.91,406.0,1,9.83,0.0,SPY230310P00406000,406.0,0,0.0,0.0,,0.0,expirationDay
2023-03-13,6269.0,-2067.0,0.0,100,385.36,406.0,0,0.0,0.0,,0.0,1,0.46,0.49,SPY230316C00401000,401.0,normalDay
2023-03-14,6269.0,-1406.0,0.0,100,391.73,406.0,0,0.0,0.0,,0.0,1,0.46,0.25,SPY230316C00401000,401.0,normalDay
2023-03-15,6269.0,-1630.0,0.0,100,389.28,406.0,0,0.0,0.0,,0.0,1,0.46,0.04,SPY230316C00401000,401.0,normalDay
2023-03-16,6315.0,-989.0,46.0,100,396.11,406.0,0,0.0,0.0,,0.0,1,0.46,0.0,SPY230316C00401000,401.0,expirationDay
2023-03-17,6315.0,-1604.0,0.0,100,389.99,406.0,0,0.0,0.0,,0.0,1,0.43,0.46,SPY230320C00397000,397.0,normalDay
2023-03-20,6358.0,-1226.0,43.0,100,393.74,406.0,0,0.0,0.0,,0.0,1,0.43,0.0,SPY230320C00397000,397.0,expirationDay
2023-03-21,6358.0,-713.0,0.0,100,398.91,406.0,0,0.0,0.0,,0.0,1,5.87,5.91,SPY230324C00396000,396.0,normalDay
2023-03-22,6358.0,-950.0,0.0,100,392.11,406.0,0,0.0,0.0,,0.0,1,5.87,1.48,SPY230324C00396000,396.0,normalDay
2023-03-23,6358.0,-794.0,0.0,100,393.17,406.0,0,0.0,0.0,,0.0,1,5.87,0.98,SPY230324C00396000,396.0,normalDay
2023-03-24,6945.0,-1025.0,587.0,100,395.75,406.0,0,0.0,0.0,,0.0,1,5.87,0.0,SPY230324C00396000,396.0,expirationDay
2023-03-27,6945.0,-955.0,0.0,100,396.49,406.0,0,0.0,0.0,,0.0,1,4.01,4.05,SPY230330C00395000,395.0,normalDay
2023-03-28,6945.0,-932.0,0.0,100,395.6,406.0,0,0.0,0.0,,0.0,1,4.01,2.93,SPY230330C00395000,395.0,normalDay
2023-03-29,6945.0,-729.0,0.0,100,401.35,406.0,0,0.0,0.0,,0.0,1,4.01,6.65,SPY230330C00395000,395.0,normalDay
2023-03-30,6246.0,-729.0,-699.0,0,403.7,0.0,0,0.0,0.0,,0.0,1,4.01,0.0,SPY230330C00395000,395.0,expirationDay
2023-03-31,6246.0,-3.0,0.0,0,409.39,0.0,1,1.08,1.11,SPY230414P00392500,392.5,0,0.0,0.0,,0.0,normalDay
2023-04-03,6246.0,48.0,0.0,0,410.95,0.0,1,1.08,0.6,SPY230414P00392500,392.5,0,0.0,0.0,,0.0,normalDay
2023-04-04,6246.0,44.0,0.0,0,408.67,0.0,1,1.08,0.64,SPY230414P00392500,392.5,0,0.0,0.0,,0.0,normalDay
2023-04-05,6246.0,53.0,0.0,0,407.6,0.0,1,1.08,0.55,SPY230414P00392500,392.5,0,0.0,0.0,,0.0,normalDay
2023-04-06,6246.0,82.0,0.0,0,409.19,0.0,1,1.08,0.26,SPY230414P00392500,392.5,0,0.0,0.0,,0.0,normalDay
2023-04-10,6246.0,96.0,0.0,0,409.61,0.0,1,1.08,0.12,SPY230414P00392500,392.5,0,0.0,0.0,,0.0,normalDay
2023-04-11,6246.0,97.0,0.0,0,409.72,0.0,1,1.08,0.11,SPY230414P00392500,392.5,0,0.0,0.0,,0.0,normalDay
2023-04-12,6246.0,102.0,0.0,0,408.05,0.0,1,1.08,0.06,SPY230414P00392500,392.5,0,0.0,0.0,,0.0,normalDay
2023-04-13,6246.0,106.0,0.0,0,413.47,0.0,1,1.08,0.02,SPY230414P00392500,392.5,0,0.0,0.0,,0.0,normalDay
2023-04-14,6354.0,0.0,108.0,0,412.46,0.0,1,1.08,0.0,SPY230414P00392500,392.5,0,0.0,0.0,,0.0,expirationDay
2023-04-17,6354.0,-3.0,0.0,0,413.94,0.0,1,1.53,1.56,SPY230505P00400000,400.0,0,0.0,0.0,,0.0,normalDay
2023-04-18,6354.0,-2.0,0.0,0,414.21,0.0,1,1.53,1.55,SPY230505P00400000,400.0,0,0.0,0.0,,0.0,normalDay
2023-04-19,6354.0,9.0,0.0,0,414.14,0.0,1,1.53,1.44,SPY230505P00400000,400.0,0,0.0,0.0,,0.0,normalDay
2023-04-20,6354.0,-20.0,0.0,0,411.88,0.0,1,1.53,1.73,SPY230505P00400000,400.0,0,0.0,0.0,,0.0,normalDay
2023-04-21,6354.0,2.0,0.0,0,412.2,0.0,1,1.53,1.51,SPY230505P00400000,400.0,0,0.0,0.0,,0.0,normalDay
2023-04-24,6354.0,35.0,0.0,0,412.63,0.0,1,1.53,1.18,SPY230505P00400000,400.0,0,0.0,0.0,,0.0,normalDay
2023-04-25,6354.0,-89.0,0.0,0,406.08,0.0,1,1.53,2.42,SPY230505P00400000,400.0,0,0.0,0.0,,0.0,normalDay
2023-04-26,6354.0,-141.0,0.0,0,404.36,0.0,1,1.53,2.94,SPY230505P00400000,400.0,0,0.0,0.0,,0.0,normalDay
2023-04-27,6354.0,84.0,0.0,0,412.41,0.0,1,1.53,0.69,SPY230505P00400000,400.0,0,0.0,0.0,,0.0,normalDay
2023-04-28,6354.0,126.0,0.0,0,415.93,0.0,1,1.53,0.27,SPY230505P00400000,400.0,0,0.0,0.0,,0.0,normalDay
2023-05-01,6354.0,137.0,0.0,0,415.51,0.0,1,1.53,0.16,SPY230505P00400000,400.0,0,0.0,0.0,,0.0,normalDay
2023-05-02,6354.0,110.0,0.0,0,410.84,0.0,1,1.53,0.43,SPY230505P00400000,400.0,0,0.0,0.0,,0.0,normalDay
2023-05-03,6354.0,110.0,0.0,0,408.02,0.0,1,1.53,0.43,SPY230505P00400000,400.0,0,0.0,0.0,,0.0,normalDay
2023-05-04,6354.0,92.0,0.0,0,405.13,0.0,1,1.53,0.61,SPY230505P00400000,400.0,0,0.0,0.0,,0.0,normalDay
2023-05-05,6507.0,0.0,153.0,0,412.63,0.0,1,1.53,0.0,SPY230505P00400000,400.0,0,0.0,0.0,,0.0,expirationDay
2023-05-08,6507.0,-4.0,0.0,0,412.74,0.0,1,3.73,3.77,SPY230526P00410000,410.0,0,0.0,0.0,,0.0,normalDay
2023-05-09,6507.0,-68.0,0.0,0,410.93,0.0,1,3.73,4.41,SPY230526P00410000,410.0,0,0.0,0.0,,0.0,normalDay
2023-05-10,6507.0,51.0,0.0,0,412.85,0.0,1,3.73,3.22,SPY230526P00410000,410.0,0,0.0,0.0,,0.0,normalDay
2023-05-11,6507.0,41.0,0.0,0,412.13,0.0,1,3.73,3.32,SPY230526P00410000,410.0,0,0.0,0.0,,0.0,normalDay
2023-05-12,6507.0,37.0,0.0,0,411.59,0.0,1,3.73,3.36,SPY230526P00410000,410.0,0,0.0,0.0,,0.0,normalDay
2023-05-15,6507.0,136.0,0.0,0,413.01,0.0,1,3.73,2.37,SPY230526P00410000,410.0,0,0.0,0.0,,0.0,normalDay
2023-05-16,6507.0,30.0,0.0,0,410.25,0.0,1,3.73,3.43,SPY230526P00410000,410.0,0,0.0,0.0,,0.0,normalDay
2023-05-17,6507.0,214.0,0.0,0,415.23,0.0,1,3.73,1.59,SPY230526P00410000,410.0,0,0.0,0.0,,0.0,normalDay
2023-05-18,6507.0,301.0,0.0,0,419.23,0.0,1,3.73,0.72,SPY230526P00410000,410.0,0,0.0,0.0,,0.0,normalDay
2023-05-19,6507.0,310.0,0.0,0,418.62,0.0,1,3.73,0.63,SPY230526P00410000,410.0,0,0.0,0.0,,0.0,normalDay
2023-05-22,6507.0,334.0,0.0,0,418.79,0.0,1,3.73,0.39,SPY230526P00410000,410.0,0,0.0,0.0,,0.0,normalDay
2023-05-23,6507.0,276.0,0.0,0,414.09,0.0,1,3.73,0.97,SPY230526P00410000,410.0,0,0.0,0.0,,0.0,normalDay
2023-05-24,6507.0,216.0,0.0,0,411.09,0.0,1,3.73,1.57,SPY230526P00410000,410.0,0,0.0,0.0,,0.0,normalDay
2023-05-25,6507.0,343.0,0.0,0,414.65,0.0,1,3.73,0.3,SPY230526P00410000,410.0,0,0.0,0.0,,0.0,normalDay
2023-05-26,6880.0,0.0,373.0,0,420.02,0.0,1,3.73,0.0,SPY230526P00410000,410.0,0,0.0,0.0,,0.0,expirationDay
2023-05-30,6880.0,-3.0,0.0,0,420.18,0.0,1,2.88,2.91,SPY230616P00412000,412.0,0,0.0,0.0,,0.0,normalDay
2023-05-31,6880.0,-48.0,0.0,0,417.85,0.0,1,2.88,3.36,SPY230616P00412000,412.0,0,0.0,0.0,,0.0,normalDay
2023-06-01,6880.0,110.0,0.0,0,421.82,0.0,1,2.88,1.78,SPY230616P00412000,412.0,0,0.0,0.0,,0.0,normalDay
2023-06-02,6880.0,212.0,0.0,0,427.92,0.0,1,2.88,0.76,SPY230616P00412000,412.0,0,0.0,0.0,,0.0,normalDay
2023-06-05,6880.0,223.0,0.0,0,427.1,0.0,1,2.88,0.65,SPY230616P00412000,412.0,0,0.0,0.0,,0.0,normalDay
2023-06-06,6880.0,238.0,0.0,0,428.03,0.0,1,2.88,0.5,SPY230616P00412000,412.0,0,0.0,0.0,,0.0,normalDay
2023-06-07,6880.0,238.0,0.0,0,426.55,0.0,1,2.88,0.5,SPY230616P00412000,412.0,0,0.0,0.0,,0.0,normalDay
2023-06-08,6880.0,256.0,0.0,0,429.13,0.0,1,2.88,0.32,SPY230616P00412000,412.0,0,0.0,0.0,,0.0,normalDay
2023-06-09,6880.0,264.0,0.0,0,429.9,0.0,1,2.88,0.24,SPY230616P00412000,412.0,0,0.0,0.0,,0.0,normalDay
2023-06-12,6880.0,271.0,0.0,0,433.8,0.0,1,2.88,0.17,SPY230616P00412000,412.0,0,0.0,0.0,,0.0,normalDay
2023-06-13,6880.0,277.0,0.0,0,436.66,0.0,1,2.88,0.11,SPY230616P00412000,412.0,0,0.0,0.0,,0.0,normalDay
2023-06-14,6880.0,282.0,0.0,0,437.18,0.0,1,2.88,0.06,SPY230616P00412000,412.0,0,0.0,0.0,,0.0,normalDay
2023-06-15,6880.0,283.0,0.0,0,442.6,0.0,1,2.88,0.05,SPY230616P00412000,412.0,0,0.0,0.0,,0.0,normalDay
2023-06-16,7168.0,0.0,288.0,0,439.46,0.0,1,2.88,0.0,SPY230616P00412000,412.0,0,0.0,0.0,,0.0,expirationDay
2023-06-20,7168.0,-3.0,0.0,0,437.18,0.0,1,0.69,0.72,SPY230707P00422000,422.0,0,0.0,0.0,,0.0,normalDay
2023-06-21,7168.0,-2.0,0.0,0,434.94,0.0,1,0.69,0.71,SPY230707P00422000,422.0,0,0.0,0.0,,0.0,normalDay
2023-06-22,7168.0,21.0,0.0,0,436.51,0.0,1,0.69,0.48,SPY230707P00422000,422.0,0,0.0,0.0,,0.0,normalDay
2023-06-23,7168.0,-3.0,0.0,0,433.21,0.0,1,0.69,0.72,SPY230707P00422000,422.0,0,0.0,0.0,,0.0,normalDay
2023-06-26,7168.0,-5.0,0.0,0,431.44,0.0,1,0.69,0.74,SPY230707P00422000,422.0,0,0.0,0.0,,0.0,normalDay
2023-06-27,7168.0,36.0,0.0,0,436.17,0.0,1,0.69,0.33,SPY230707P00422000,422.0,0,0.0,0.0,,0.0,normalDay
2023-06-28,7168.0,47.0,0.0,0,436.39,0.0,1,0.69,0.22,SPY230707P00422000,422.0,0,0.0,0.0,,0.0,normalDay
2023-06-29,7168.0,53.0,0.0,0,438.11,0.0,1,0.69,0.16,SPY230707P00422000,422.0,0,0.0,0.0,,0.0,normalDay
2023-06-30,7168.0,61.0,0.0,0,443.28,0.0,1,0.69,0.08,SPY230707P00422000,422.0,0,0.0,0.0,,0.0,normalDay
2023-07-03,7168.0,63.0,0.0,0,443.79,0.0,1,0.69,0.06,SPY230707P00422000,422.0,0,0.0,0.0,,0.0,normalDay
2023-07-05,7168.0,65.0,0.0,0,443.13,0.0,1,0.69,0.04,SPY230707P00422000,422.0,0,0.0,0.0,,0.0,normalDay
2023-07-06,7168.0,66.0,0.0,0,439.66,0.0,1,0.69,0.03,SPY230707P00422000,422.0,0,0.0,0.0,,0.0,normalDay
2023-07-07,7237.0,0.0,69.0,0,438.55,0.0,1,0.69,0.0,SPY230707P00422000,422.0,0,0.0,0.0,,0.0,expirationDay
2023-07-10,7237.0,-4.0,0.0,0,439.66,0.0,1,3.04,3.08,SPY230728P00436000,436.0,0,0.0,0.0,,0.0,normalDay
2023-07-11,7237.0,70.0,0.0,0,442.46,0.0,1,3.04,2.34,SPY230728P00436000,436.0,0,0.0,0.0,,0.0,normalDay
2023-07-12,7237.0,190.0,0.0,0,446.02,0.0,1,3.04,1.14,SPY230728P00436000,436.0,0,0.0,0.0,,0.0,normalDay
2023-07-13,7237.0,220.0,0.0,0,449.56,0.0,1,3.04,0.84,SPY230728P00436000,436.0,0,0.0,0.0,,0.0,normalDay
2023-07-14,7237.0,232.0,0.0,0,449.28,0.0,1,3.04,0.72,SPY230728P00436000,436.0,0,0.0,0.0,,0.0,normalDay
2023-07-17,7237.0,258.0,0.0,0,450.84,0.0,1,3.04,0.46,SPY230728P00436000,436.0,0,0.0,0.0,,0.0,normalDay
2023-07-18,7237.0,276.0,0.0,0,454.19,0.0,1,3.04,0.28,SPY230728P00436000,436.0,0,0.0,0.0,,0.0,normalDay
2023-07-19,7237.0,280.0,0.0,0,455.2,0.0,1,3.04,0.24,SPY230728P00436000,436.0,0,0.0,0.0,,0.0,normalDay
2023-07-20,7237.0,276.0,0.0,0,452.18,0.0,1,3.04,0.28,SPY230728P00436000,436.0,0,0.0,0.0,,0.0,normalDay
2023-07-21,7237.0,290.0,0.0,0,452.18,0.0,1,3.04,0.14,SPY230728P00436000,436.0,0,0.0,0.0,,0.0,normalDay
2023-07-24,7237.0,297.0,0.0,0,454.2,0.0,1,3.04,0.07,SPY230728P00436000,436.0,0,0.0,0.0,,0.0,normalDay
2023-07-25,7237.0,298.0,0.0,0,455.44,0.0,1,3.04,0.06,SPY230728P00436000,436.0,0,0.0,0.0,,0.0,normalDay
2023-07-26,7237.0,301.0,0.0,0,455.51,0.0,1,3.04,0.03,SPY230728P00436000,436.0,0,0.0,0.0,,0.0,normalDay
2023-07-27,7237.0,299.0,0.0,0,452.49,0.0,1,3.04,0.05,SPY230728P00436000,436.0,0,0.0,0.0,,0.0,normalDay
2023-07-28,7541.0,0.0,304.0,0,456.92,0.0,1,3.04,0.0,SPY230728P00436000,436.0,0,0.0,0.0,,0.0,expirationDay
2023-07-31,7541.0,-3.0,0.0,0,457.79,0.0,1,1.14,1.17,SPY230818P00446000,446.0,0,0.0,0.0,,0.0,normalDay
2023-08-01,7541.0,-20.0,0.0,0,456.48,0.0,1,1.14,1.34,SPY230818P00446000,446.0,0,0.0,0.0,,0.0,normalDay
2023-08-02,7541.0,-193.0,0.0,0,450.13,0.0,1,1.14,3.07,SPY230818P00446000,446.0,0,0.0,0.0,,0.0,normalDay
2023-08-03,7541.0,-180.0,0.0,0,448.84,0.0,1,1.14,2.94,SPY230818P00446000,446.0,0,0.0,0.0,,0.0,normalDay
2023-08-04,7541.0,-299.0,0.0,0,446.81,0.0,1,1.14,4.13,SPY230818P00446000,446.0,0,0.0,0.0,,0.0,normalDay
2023-08-07,7541.0,-95.0,0.0,0,450.71,0.0,1,1.14,2.09,SPY230818P00446000,446.0,0,0.0,0.0,,0.0,normalDay
2023-08-08,7541.0,-148.0,0.0,0,448.75,0.0,1,1.14,2.62,SPY230818P00446000,446.0,0,0.0,0.0,,0.0,normalDay
2023-08-09,7541.0,-247.0,0.0,0,445.75,0.0,1,1.14,3.61,SPY230818P00446000,446.0,0,0.0,0.0,,0.0,normalDay
2023-08-10,7541.0,-241.0,0.0,0,445.91,0.0,1,1.14,3.55,SPY230818P00446000,446.0,0,0.0,0.0,,0.0,normalDay
2023-08-11,7541.0,-185.0,0.0,0,445.65,0.0,1,1.14,2.99,SPY230818P00446000,446.0,0,0.0,0.0,,0.0,normalDay
2023-08-14,7541.0,-41.0,0.0,0,448.11,0.0,1,1.14,1.55,SPY230818P00446000,446.0,0,0.0,0.0,,0.0,normalDay
2023-08-15,7541.0,-300.0,0.0,0,442.89,0.0,1,1.14,4.14,SPY230818P00446000,446.0,0,0.0,0.0,,0.0,normalDay
2023-08-16,7541.0,-515.0,0.0,0,439.64,0.0,1,1.14,6.29,SPY230818P00446000,446.0,0,0.0,0.0,,0.0,normalDay
2023-08-17,7541.0,-873.0,0.0,0,436.29,0.0,1,1.14,9.87,SPY230818P00446000,446.0,0,0.0,0.0,,0.0,normalDay
2023-08-18,7655.0,-950.0,114.0,100,436.5,446.0,1,1.14,0.0,SPY230818P00446000,446.0,0,0.0,0.0,,0.0,expirationDay
2023-08-21,7655.0,-669.0,0.0,100,439.34,446.0,0,0.0,0.0,,0.0,1,0.07,0.1,SPY230824C00449000,449.0,normalDay
2023-08-22,7655.0,-781.0,0.0,100,438.15,446.0,0,0.0,0.0,,0.0,1,0.07,0.03,SPY230824C00449000,449.0,normalDay
2023-08-23,7655.0,-300.0,0.0,100,443.03,446.0,0,0.0,0.0,,0.0,1,0.07,0.1,SPY230824C00449000,449.0,normalDay
2023-08-24,7662.0,-911.0,7.0,100,436.89,446.0,0,0.0,0.0,,0.0,1,0.07,0.0,SPY230824C00449000,449.0,expirationDay
2023-08-25,7662.0,-606.0,0.0,100,439.97,446.0,0,0.0,0.0,,0.0,1,0.05,0.08,SPY230828C00446000,446.0,normalDay
2023-08-28,7667.0,-324.0,5.0,100,442.76,446.0,0,0.0,0.0,,0.0,1,0.05,0.0,SPY230828C00446000,446.0,expirationDay
2023-08-29,7667.0,299.0,0.0,100,449.16,446.0,0,0.0,0.0,,0.0,1,6.1,6.27,SPY230901C00444000,444.0,normalDay
2023-08-30,7667.0,350.0,0.0,100,451.01,446.0,0,0.0,0.0,,0.0,1,6.1,7.61,SPY230901C00444000,444.0,normalDay
2023-08-31,7667.0,346.0,0.0,100,450.35,446.0,0,0.0,0.0,,0.0,1,6.1,6.99,SPY230901C00444000,444.0,normalDay
2023-09-01,8077.0,346.0,410.0,0,451.19,0.0,0,0.0,0.0,,0.0,1,6.1,0.0,SPY230901C00444000,444.0,expirationDay
2023-09-05,8077.0,-3.0,0.0,0,449.24,0.0,1,2.12,2.15,SPY230922P00441000,441.0,0,0.0,0.0,,0.0,normalDay
2023-09-06,8077.0,-85.0,0.0,0,446.22,0.0,1,2.12,2.97,SPY230922P00441000,441.0,0,0.0,0.0,,0.0,normalDay
2023-09-07,8077.0,-116.0,0.0,0,444.85,0.0,1,2.12,3.28,SPY230922P00441000,441.0,0,0.0,0.0,,0.0,normalDay
2023-09-08,8077.0,-40.0,0.0,0,445.52,0.0,1,2.12,2.52,SPY230922P00441000,441.0,0,0.0,0.0,,0.0,normalDay
2023-09-11,8077.0,56.0,0.0,0,448.45,0.0,1,2.12,1.56,SPY230922P00441000,441.0,0,0.0,0.0,,0.0,normalDay
2023-09-12,8077.0,-4.0,0.0,0,445.99,0.0,1,2.12,2.16,SPY230922P00441000,441.0,0,0.0,0.0,,0.0,normalDay
2023-09-13,8077.0,61.0,0.0,0,446.51,0.0,1,2.12,1.51,SPY230922P00441000,441.0,0,0.0,0.0,,0.0,normalDay
2023-09-14,8077.0,155.0,0.0,0,450.36,0.0,1,2.12,0.57,SPY230922P00441000,441.0,0,0.0,0.0,,0.0,normalDay
2023-09-15,8077.0,47.0,0.0,0,443.37,0.0,1,2.12,1.65,SPY230922P00441000,441.0,0,0.0,0.0,,0.0,normalDay
2023-09-18,8077.0,78.0,0.0,0,443.63,0.0,1,2.12,1.34,SPY230922P00441000,441.0,0,0.0,0.0,,0.0,normalDay
2023-09-19,8077.0,63.0,0.0,0,442.71,0.0,1,2.12,1.49,SPY230922P00441000,441.0,0,0.0,0.0,,0.0,normalDay
2023-09-20,8077.0,-125.0,0.0,0,438.64,0.0,1,2.12,3.37,SPY230922P00441000,441.0,0,0.0,0.0,,0.0,normalDay
2023-09-21,8077.0,-770.0,0.0,0,431.39,0.0,1,2.12,9.82,SPY230922P00441000,441.0,0,0.0,0.0,,0.0,normalDay
2023-09-22,8289.0,-1058.0,212.0,100,430.42,441.0,1,2.12,0.0,SPY230922P00441000,441.0,0,0.0,0.0,,0.0,expirationDay
2023-09-25,8289.0,-877.0,0.0,100,432.23,441.0,0,0.0,0.0,,0.0,0,0.0,0.0,,0.0,bidTooLow
2023-09-26,8289.0,-1512.0,0.0,100,425.88,441.0,0,0.0,0.0,,0.0,0,0.0,0.0,,0.0,bidTooLow
2023-09-27,8289.0,-1495.0,0.0,100,426.05,441.0,0,0.0,0.0,,0.0,0,0.0,0.0,,0.0,bidTooLow
2023-09-28,8289.0,-1248.0,0.0,100,428.52,441.0,0,0.0,0.0,,0.0,0,0.0,0.0,,0.0,bidTooLow
2023-09-29,8289.0,-1352.0,0.0,100,427.48,441.0,0,0.0,0.0,,0.0,0,0.0,0.0,,0.0,bidTooLow
2023-10-02,8289.0,-1372.0,0.0,100,427.31,441.0,0,0.0,0.0,,0.0,1,0.02,0.05,SPY231005C00440000,440.0,normalDay
2023-10-03,8289.0,-1940.0,0.0,100,421.59,441.0,0,0.0,0.0,,0.0,1,0.02,0.01,SPY231005C00440000,440.0,normalDay
2023-10-04,8289.0,-1633.0,0.0,100,424.66,441.0,0,0.0,0.0,,0.0,1,0.02,0.01,SPY231005C00440000,440.0,normalDay
2023-10-05,8291.0,-1650.0,2.0,100,424.5,441.0,0,0.0,0.0,,0.0,1,0.02,0.0,SPY231005C00440000,440.0,expirationDay
2023-10-06,8291.0,-1149.0,0.0,100,429.54,441.0,0,0.0,0.0,,0.0,1,0.12,0.15,SPY231009C00435000,435.0,normalDay
2023-10-09,8303.0,-871.0,12.0,100,432.29,441.0,0,0.0,0.0,,0.0,1,0.12,0.0,SPY231009C00435000,435.0,expirationDay
2023-10-10,8303.0,-649.0,0.0,100,434.54,441.0,0,0.0,0.0,,0.0,1,3.16,3.19,SPY231013C00434000,434.0,normalDay
2023-10-11,8303.0,-570.0,0.0,100,436.32,441.0,0,0.0,0.0,,0.0,1,3.16,4.18,SPY231013C00434000,434.0,normalDay
2023-10-12,8303.0,-558.0,0.0,100,433.66,441.0,0,0.0,0.0,,0.0,1,3.16,1.4,SPY231013C00434000,434.0,normalDay
2023-10-13,8619.0,-950.0,316.0,100,431.5,441.0,0,0.0,0.0,,0.0,1,3.16,0.0,SPY231013C00434000,434.0,expirationDay
2023-10-16,8619.0,-503.0,0.0,100,436.04,441.0,0,0.0,0.0,,0.0,1,6.3,6.37,SPY231019C00431000,431.0,normalDay
2023-10-17,8619.0,-445.0,0.0,100,436.02,441.0,0,0.0,0.0,,0.0,1,6.3,5.77,SPY231019C00431000,431.0,normalDay
2023-10-18,8619.0,-624.0,0.0,100,430.21,441.0,0,0.0,0.0,,0.0,1,6.3,1.75,SPY231019C00431000,431.0,normalDay
2023-10-19,9249.0,-1457.0,630.0,100,426.43,441.0,0,0.0,0.0,,0.0,1,6.3,0.0,SPY231019C00431000,431.0,expirationDay
2023-10-20,9249.0,-1984.0,0.0,100,421.19,441.0,0,0.0,0.0,,0.0,1,0.02,0.05,SPY231023C00430000,430.0,normalDay
2023-10-23,9251.0,-2054.0,2.0,100,420.46,441.0,0,0.0,0.0,,0.0,1,0.02,0.0,SPY231023C00430000,430.0,expirationDay
2023-10-24,9251.0,-1740.0,0.0,100,423.63,441.0,0,0.0,0.0,,0.0,1,0.91,0.94,SPY231027C00429000,429.0,normalDay
2023-10-25,9251.0,-2261.0,0.0,100,417.55,441.0,0,0.0,0.0,,0.0,1,0.91,0.07,SPY231027C00429000,429.0,normalDay
2023-10-26,9251.0,-2756.0,0.0,100,412.55,441.0,0,0.0,0.0,,0.0,1,0.91,0.02,SPY231027C00429000,429.0,normalDay
2023-10-27,9342.0,-3032.0,91.0,100,410.68,441.0,0,0.0,0.0,,0.0,1,0.91,0.0,SPY231027C00429000,429.0,expirationDay
2023-10-30,9342.0,-2544.0,0.0,100,415.59,441.0,0,0.0,0.0,,0.0,1,0.15,0.18,SPY231102C00427000,427.0,normalDay
2023-10-31,9342.0,-2279.0,0.0,100,418.2,441.0,0,0.0,0.0,,0.0,1,0.15,0.14,SPY231102C00427000,427.0,normalDay
2023-11-01,9342.0,-1842.0,0.0,100,422.66,441.0,0,0.0,0.0,,0.0,1,0.15,0.23,SPY231102C00427000,427.0,normalDay
2023-11-02,7957.0,-1842.0,-1385.0,0,430.76,0.0,0,0.0,0.0,,0.0,1,0.15,0.0,SPY231102C00427000,427.0,expirationDay
2023-11-03,7957.0,-3.0,0.0,0,434.69,0.0,1,0.96,0.99,SPY231117P00422000,422.0,0,0.0,0.0,,0.0,normalDay
2023-11-06,7957.0,23.0,0.0,0,435.69,0.0,1,0.96,0.73,SPY231117P00422000,422.0,0,0.0,0.0,,0.0,normalDay
2023-11-07,7957.0,44.0,0.0,0,436.93,0.0,1,0.96,0.52,SPY231117P00422000,422.0,0,0.0,0.0,,0.0,normalDay
2023-11-08,7957.0,57.0,0.0,0,437.25,0.0,1,0.96,0.39,SPY231117P00422000,422.0,0,0.0,0.0,,0.0,normalDay
2023-11-09,7957.0,40.0,0.0,0,433.84,0.0,1,0.96,0.56,SPY231117P00422000,422.0,0,0.0,0.0,,0.0,normalDay
2023-11-10,7957.0,81.0,0.0,0,440.61,0.0,1,0.96,0.15,SPY231117P00422000,422.0,0,0.0,0.0,,0.0,normalDay
2023-11-13,7957.0,86.0,0.0,0,440.19,0.0,1,0.96,0.1,SPY231117P00422000,422.0,0,0.0,0.0,,0.0,normalDay
2023-11-14,7957.0,89.0,0.0,0,448.73,0.0,1,0.96,0.07,SPY231117P00422000,422.0,0,0.0,0.0,,0.0,normalDay
2023-11-15,7957.0,92.0,0.0,0,449.68,0.0,1,0.96,0.04,SPY231117P00422000,422.0,0,0.0,0.0,,0.0,normalDay
2023-11-16,7957.0,94.0,0.0,0,450.23,0.0,1,0.96,0.02,SPY231117P00422000,422.0,0,0.0,0.0,,0.0,normalDay
2023-11-17,8053.0,0.0,96.0,0,450.79,0.0,1,0.96,0.0,SPY231117P00422000,422.0,0,0.0,0.0,,0.0,expirationDay
2023-11-20,8053.0,-3.0,0.0,0,454.26,0.0,1,0.26,0.29,SPY231208P00426000,426.0,0,0.0,0.0,,0.0,normalDay
2023-11-21,8053.0,-2.0,0.0,0,453.27,0.0,1,0.26,0.28,SPY231208P00426000,426.0,0,0.0,0.0,,0.0,normalDay
2023-11-22,8053.0,6.0,0.0,0,455.02,0.0,1,0.26,0.2,SPY231208P00426000,426.0,0,0.0,0.0,,0.0,normalDay
2023-11-24,8053.0,11.0,0.0,0,455.3,0.0,1,0.26,0.15,SPY231208P00426000,426.0,0,0.0,0.0,,0.0,normalDay
2023-11-27,8053.0,13.0,0.0,0,454.48,0.0,1,0.26,0.13,SPY231208P00426000,426.0,0,0.0,0.0,,0.0,normalDay
2023-11-28,8053.0,14.0,0.0,0,454.93,0.0,1,0.26,0.12,SPY231208P00426000,426.0,0,0.0,0.0,,0.0,normalDay
2023-11-29,8053.0,16.0,0.0,0,454.61,0.0,1,0.26,0.1,SPY231208P00426000,426.0,0,0.0,0.0,,0.0,normalDay
2023-11-30,8053.0,19.0,0.0,0,456.4,0.0,1,0.26,0.07,SPY231208P00426000,426.0,0,0.0,0.0,,0.0,normalDay
