date,totalCapital,unrializedPnL,rializedPnL,stocksOwned,stocksPriceToday,stocksPriceBoughtAt,putOwned,putOwnedSoldAt,putPriceToday,putOwnedContract,putOwnedStrike,callOwned,callOwnedSoldAt,callPriceToday,callOwnedContract,callOwnedStrike,trackType
2018-11-01,0.0,-6.0,0.0,0,273.51,0.0,1,1.05,1.11,SPY181203P00253000,253.0,0,0.0,0.0,,0.0,normalDay
2018-11-02,0.0,-10.0,0.0,0,271.89,0.0,1,1.05,1.15,SPY181203P00253000,253.0,0,0.0,0.0,,0.0,normalDay
2018-11-05,0.0,11.0,0.0,0,273.39,0.0,1,1.05,0.94,SPY181203P00253000,253.0,0,0.0,0.0,,0.0,normalDay
2018-11-06,0.0,22.0,0.0,0,275.12,0.0,1,1.05,0.83,SPY181203P00253000,253.0,0,0.0,0.0,,0.0,normalDay
2018-11-07,0.0,73.0,0.0,0,281.01,0.0,1,1.05,0.32,SPY181203P00253000,253.0,0,0.0,0.0,,0.0,normalDay
2018-11-08,0.0,70.0,0.0,0,280.5,0.0,1,1.05,0.35,SPY181203P00253000,253.0,0,0.0,0.0,,0.0,normalDay
2018-11-09,0.0,64.0,0.0,0,277.76,0.0,1,1.05,0.41,SPY181203P00253000,253.0,0,0.0,0.0,,0.0,normalDay
2018-11-12,0.0,25.0,0.0,0,272.57,0.0,1,1.05,0.8,SPY181203P00253000,253.0,0,0.0,0.0,,0.0,normalDay
2018-11-13,0.0,29.0,0.0,0,272.06,0.0,1,1.05,0.76,SPY181203P00253000,253.0,0,0.0,0.0,,0.0,normalDay
2018-11-14,0.0,11.0,0.0,0,270.2,0.0,1,1.05,0.94,SPY181203P00253000,253.0,0,0.0,0.0,,0.0,normalDay
2018-11-15,0.0,51.0,0.0,0,273.02,0.0,1,1.05,0.54,SPY181203P00253000,253.0,0,0.0,0.0,,0.0,normalDay
2018-11-16,0.0,72.0,0.0,0,273.73,0.0,1,1.05,0.33,SPY181203P00253000,253.0,0,0.0,0.0,,0.0,normalDay
2018-11-19,0.0,51.0,0.0,0,269.1,0.0,1,1.05,0.54,SPY181203P00253000,253.0,0,0.0,0.0,,0.0,normalDay
2018-11-20,0.0,-11.0,0.0,0,264.12,0.0,1,1.05,1.16,SPY181203P00253000,253.0,0,0.0,0.0,,0.0,normalDay
2018-11-21,0.0,40.0,0.0,0,265.02,0.0,1,1.05,0.65,SPY181203P00253000,253.0,0,0.0,0.0,,0.0,normalDay
2018-11-23,0.0,29.0,0.0,0,263.25,0.0,1,1.05,0.76,SPY181203P00253000,253.0,0,0.0,0.0,,0.0,normalDay
2018-11-26,0.0,91.0,0.0,0,267.5,0.0,1,1.05,0.14,SPY181203P00253000,253.0,0,0.0,0.0,,0.0,normalDay
2018-11-27,0.0,93.0,0.0,0,268.4,0.0,1,1.05,0.12,SPY181203P00253000,253.0,0,0.0,0.0,,0.0,normalDay
2018-11-28,0.0,99.0,0.0,0,274.58,0.0,1,1.05,0.06,SPY181203P00253000,253.0,0,0.0,0.0,,0.0,normalDay
2018-11-29,0.0,100.0,0.0,0,273.98,0.0,1,1.05,0.05,SPY181203P00253000,253.0,0,0.0,0.0,,0.0,normalDay
2018-11-30,0.0,103.0,0.0,0,275.65,0.0,1,1.05,0.02,SPY181203P00253000,253.0,0,0.0,0.0,,0.0,normalDay
2018-12-03,105.0,0.0,105.0,0,279.3,0.0,1,1.05,0.0,SPY181203P00253000,253.0,0,0.0,0.0,,0.0,expirationDay
2018-12-04,105.0,-9.0,0.0,0,270.25,0.0,1,1.94,2.03,SPY190104P00256000,256.0,0,0.0,0.0,,0.0,normalDay
2018-12-06,105.0,-12.0,0.0,0,269.84,0.0,1,1.94,2.06,SPY190104P00256000,256.0,0,0.0,0.0,,0.0,normalDay
2018-12-07,105.0,-184.0,0.0,0,263.57,0.0,1,1.94,3.78,SPY190104P00256000,256.0,0,0.0,0.0,,0.0,normalDay
2018-12-10,105.0,-104.0,0.0,0,264.07,0.0,1,1.94,2.98,SPY190104P00256000,256.0,0,0.0,0.0,,0.0,normalDay
2018-12-11,105.0,-82.0,0.0,0,264.13,0.0,1,1.94,2.76,SPY190104P00256000,256.0,0,0.0,0.0,,0.0,normalDay
2018-12-12,105.0,-41.0,0.0,0,265.46,0.0,1,1.94,2.35,SPY190104P00256000,256.0,0,0.0,0.0,,0.0,normalDay
2018-12-13,105.0,-8.0,0.0,0,265.37,0.0,1,1.94,2.02,SPY190104P00256000,256.0,0,0.0,0.0,,0.0,normalDay
2018-12-14,105.0,-138.0,0.0,0,260.47,0.0,1,1.94,3.32,SPY190104P00256000,256.0,0,0.0,0.0,,0.0,normalDay
2018-12-17,105.0,-374.0,0.0,0,255.36,0.0,1,1.94,5.68,SPY190104P00256000,256.0,0,0.0,0.0,,0.0,normalDay
2018-12-18,105.0,-437.0,0.0,0,255.08,0.0,1,1.94,6.31,SPY190104P00256000,256.0,0,0.0,0.0,,0.0,normalDay
2018-12-19,105.0,-597.0,0.0,0,251.26,0.0,1,1.94,7.91,SPY190104P00256000,256.0,0,0.0,0.0,,0.0,normalDay
2018-12-20,105.0,-881.0,0.0,0,247.17,0.0,1,1.94,10.75,SPY190104P00256000,256.0,0,0.0,0.0,,0.0,normalDay
2018-12-21,105.0,-1445.0,0.0,0,240.7,0.0,1,1.94,16.39,SPY190104P00256000,256.0,0,0.0,0.0,,0.0,normalDay
2018-12-24,105.0,-2206.0,0.0,0,234.34,0.0,1,1.94,24.0,SPY190104P00256000,256.0,0,0.0,0.0,,0.0,normalDay
2018-12-26,105.0,-882.0,0.0,0,246.18,0.0,1,1.94,10.76,SPY190104P00256000,256.0,0,0.0,0.0,,0.0,normalDay
2018-12-27,105.0,-699.0,0.0,0,248.07,0.0,1,1.94,8.93,SPY190104P00256000,256.0,0,0.0,0.0,,0.0,normalDay
2018-12-28,105.0,-723.0,0.0,0,247.75,0.0,1,1.94,9.17,SPY190104P00256000,256.0,0,0.0,0.0,,0.0,normalDay
2018-12-31,105.0,-492.0,0.0,0,249.92,0.0,1,1.94,6.86,SPY190104P00256000,256.0,0,0.0,0.0,,0.0,normalDay
2019-01-02,105.0,-401.0,0.0,0,250.18,0.0,1,1.94,5.95,SPY190104P00256000,256.0,0,0.0,0.0,,0.0,normalDay
2019-01-03,105.0,-1013.0,0.0,0,244.21,0.0,1,1.94,12.07,SPY190104P00256000,256.0,0,0.0,0.0,,0.0,normalDay
2019-01-04,299.0,-361.0,194.0,100,252.39,256.0,1,1.94,0.0,SPY190104P00256000,256.0,0,0.0,0.0,,0.0,expirationDay
2019-01-07,299.0,-167.0,0.0,100,254.38,256.0,0,0.0,0.0,,0.0,1,1.7,1.75,SPY190208C00264000,264.0,normalDay
2019-01-08,299.0,29.0,0.0,100,256.77,256.0,0,0.0,0.0,,0.0,1,1.7,2.18,SPY190208C00264000,264.0,normalDay
2019-01-09,299.0,127.0,0.0,100,257.97,256.0,0,0.0,0.0,,0.0,1,1.7,2.4,SPY190208C00264000,264.0,normalDay
2019-01-10,299.0,193.0,0.0,100,258.88,256.0,0,0.0,0.0,,0.0,1,1.7,2.65,SPY190208C00264000,264.0,normalDay
2019-01-11,299.0,245.0,0.0,100,258.98,256.0,0,0.0,0.0,,0.0,1,1.7,2.23,SPY190208C00264000,264.0,normalDay
2019-01-14,299.0,159.0,0.0,100,257.4,256.0,0,0.0,0.0,,0.0,1,1.7,1.51,SPY190208C00264000,264.0,normalDay
2019-01-15,299.0,374.0,0.0,100,260.35,256.0,0,0.0,0.0,,0.0,1,1.7,2.31,SPY190208C00264000,264.0,normalDay
2019-01-16,299.0,416.0,0.0,100,260.98,256.0,0,0.0,0.0,,0.0,1,1.7,2.52,SPY190208C00264000,264.0,normalDay
2019-01-17,299.0,531.0,0.0,100,262.96,256.0,0,0.0,0.0,,0.0,1,1.7,3.35,SPY190208C00264000,264.0,normalDay
2019-01-18,299.0,676.0,0.0,100,266.46,256.0,0,0.0,0.0,,0.0,1,1.7,5.4,SPY190208C00264000,264.0,normalDay
2019-01-22,299.0,489.0,0.0,100,262.86,256.0,0,0.0,0.0,,0.0,1,1.7,3.67,SPY190208C00264000,264.0,normalDay
2019-01-23,299.0,554.0,0.0,100,263.41,256.0,0,0.0,0.0,,0.0,1,1.7,3.57,SPY190208C00264000,264.0,normalDay
2019-01-24,299.0,627.0,0.0,100,263.55,256.0,0,0.0,0.0,,0.0,1,1.7,2.98,SPY190208C00264000,264.0,normalDay
2019-01-25,299.0,712.0,0.0,100,265.78,256.0,0,0.0,0.0,,0.0,1,1.7,4.36,SPY190208C00264000,264.0,normalDay
2019-01-28,299.0,634.0,0.0,100,263.76,256.0,0,0.0,0.0,,0.0,1,1.7,3.12,SPY190208C00264000,264.0,normalDay
2019-01-29,299.0,626.0,0.0,100,263.41,256.0,0,0.0,0.0,,0.0,1,1.7,2.85,SPY190208C00264000,264.0,normalDay
2019-01-30,299.0,826.0,0.0,100,267.58,256.0,0,0.0,0.0,,0.0,1,1.7,5.02,SPY190208C00264000,264.0,normalDay
2019-01-31,299.0,865.0,0.0,100,269.93,256.0,0,0.0,0.0,,0.0,1,1.7,6.98,SPY190208C00264000,264.0,normalDay
2019-02-01,299.0,917.0,0.0,100,270.06,256.0,0,0.0,0.0,,0.0,1,1.7,6.59,SPY190208C00264000,264.0,normalDay
2019-02-04,299.0,957.0,0.0,100,271.96,256.0,0,0.0,0.0,,0.0,1,1.7,8.09,SPY190208C00264000,264.0,normalDay
2019-02-05,299.0,967.0,0.0,100,273.1,256.0,0,0.0,0.0,,0.0,1,1.7,9.13,SPY190208C00264000,264.0,normalDay
2019-02-06,299.0,965.0,0.0,100,272.74,256.0,0,0.0,0.0,,0.0,1,1.7,8.79,SPY190208C00264000,264.0,normalDay
2019-02-07,299.0,946.0,0.0,100,270.14,256.0,0,0.0,0.0,,0.0,1,1.7,6.38,SPY190208C00264000,264.0,normalDay
2019-02-08,1269.0,946.0,970.0,0,270.47,0.0,0,0.0,0.0,,0.0,1,1.7,0.0,SPY190208C00264000,264.0,expirationDay
2019-02-11,1269.0,-3.0,0.0,0,270.62,0.0,1,0.86,0.89,SPY190315P00252000,252.0,0,0.0,0.0,,0.0,normalDay
2019-02-12,1269.0,26.0,0.0,0,274.1,0.0,1,0.86,0.6,SPY190315P00252000,252.0,0,0.0,0.0,,0.0,normalDay
2019-02-13,1269.0,30.0,0.0,0,274.99,0.0,1,0.86,0.56,SPY190315P00252000,252.0,0,0.0,0.0,,0.0,normalDay
2019-02-14,1269.0,23.0,0.0,0,274.38,0.0,1,0.86,0.63,SPY190315P00252000,252.0,0,0.0,0.0,,0.0,normalDay
2019-02-15,1269.0,45.0,0.0,0,277.37,0.0,1,0.86,0.41,SPY190315P00252000,252.0,0,0.0,0.0,,0.0,normalDay
2019-02-19,1269.0,56.0,0.0,0,277.85,0.0,1,0.86,0.3,SPY190315P00252000,252.0,0,0.0,0.0,,0.0,normalDay
2019-02-20,1269.0,63.0,0.0,0,278.41,0.0,1,0.86,0.23,SPY190315P00252000,252.0,0,0.0,0.0,,0.0,normalDay
2019-02-21,1269.0,62.0,0.0,0,277.42,0.0,1,0.86,0.24,SPY190315P00252000,252.0,0,0.0,0.0,,0.0,normalDay
2019-02-22,1269.0,70.0,0.0,0,279.14,0.0,1,0.86,0.16,SPY190315P00252000,252.0,0,0.0,0.0,,0.0,normalDay
2019-02-25,1269.0,66.0,0.0,0,279.52,0.0,1,0.86,0.2,SPY190315P00252000,252.0,0,0.0,0.0,,0.0,normalDay
2019-02-26,1269.0,67.0,0.0,0,279.32,0.0,1,0.86,0.19,SPY190315P00252000,252.0,0,0.0,0.0,,0.0,normalDay
2019-02-27,1269.0,69.0,0.0,0,279.2,0.0,1,0.86,0.17,SPY190315P00252000,252.0,0,0.0,0.0,,0.0,normalDay
2019-02-28,1269.0,68.0,0.0,0,278.68,0.0,1,0.86,0.18,SPY190315P00252000,252.0,0,0.0,0.0,,0.0,normalDay
2019-03-01,1269.0,77.0,0.0,0,280.42,0.0,1,0.86,0.09,SPY190315P00252000,252.0,0,0.0,0.0,,0.0,normalDay
2019-03-04,1269.0,77.0,0.0,0,279.4,0.0,1,0.86,0.09,SPY190315P00252000,252.0,0,0.0,0.0,,0.0,normalDay
2019-03-05,1269.0,78.0,0.0,0,279.02,0.0,1,0.86,0.08,SPY190315P00252000,252.0,0,0.0,0.0,,0.0,normalDay
2019-03-06,1269.0,76.0,0.0,0,277.33,0.0,1,0.86,0.1,SPY190315P00252000,252.0,0,0.0,0.0,,0.0,normalDay
2019-03-07,1269.0,76.0,0.0,0,275.01,0.0,1,0.86,0.1,SPY190315P00252000,252.0,0,0.0,0.0,,0.0,normalDay
2019-03-08,1269.0,81.0,0.0,0,274.46,0.0,1,0.86,0.05,SPY190315P00252000,252.0,0,0.0,0.0,,0.0,normalDay
2019-03-11,1269.0,84.0,0.0,0,278.44,0.0,1,0.86,0.02,SPY190315P00252000,252.0,0,0.0,0.0,,0.0,normalDay
2019-03-12,1269.0,84.0,0.0,0,279.49,0.0,1,0.86,0.02,SPY190315P00252000,252.0,0,0.0,0.0,,0.0,normalDay
2019-03-13,1269.0,85.0,0.0,0,281.34,0.0,1,0.86,0.01,SPY190315P00252000,252.0,0,0.0,0.0,,0.0,normalDay
2019-03-14,1269.0,85.0,0.0,0,281.16,0.0,1,0.86,0.01,SPY190315P00252000,252.0,0,0.0,0.0,,0.0,normalDay
2019-03-15,1355.0,0.0,86.0,0,281.31,0.0,1,0.86,0.0,SPY190315P00252000,252.0,0,0.0,0.0,,0.0,expirationDay
2019-03-18,1355.0,-4.0,0.0,0,282.33,0.0,1,1.17,1.21,SPY190418P00273000,273.0,0,0.0,0.0,,0.0,normalDay
2019-03-19,1355.0,-16.0,0.0,0,282.4,0.0,1,1.17,1.33,SPY190418P00273000,273.0,0,0.0,0.0,,0.0,normalDay
2019-03-20,1355.0,-29.0,0.0,0,281.55,0.0,1,1.17,1.46,SPY190418P00273000,273.0,0,0.0,0.0,,0.0,normalDay
2019-03-21,1355.0,17.0,0.0,0,284.73,0.0,1,1.17,1.0,SPY190418P00273000,273.0,0,0.0,0.0,,0.0,normalDay
2019-03-22,1355.0,-108.0,0.0,0,279.25,0.0,1,1.17,2.25,SPY190418P00273000,273.0,0,0.0,0.0,,0.0,normalDay
2019-03-25,1355.0,-102.0,0.0,0,279.04,0.0,1,1.17,2.19,SPY190418P00273000,273.0,0,0.0,0.0,,0.0,normalDay
2019-03-26,1355.0,-26.0,0.0,0,281.12,0.0,1,1.17,1.43,SPY190418P00273000,273.0,0,0.0,0.0,,0.0,normalDay
2019-03-27,1355.0,-52.0,0.0,0,279.65,0.0,1,1.17,1.69,SPY190418P00273000,273.0,0,0.0,0.0,,0.0,normalDay
2019-03-28,1355.0,-9.0,0.0,0,280.71,0.0,1,1.17,1.26,SPY190418P00273000,273.0,0,0.0,0.0,,0.0,normalDay
2019-03-29,1355.0,37.0,0.0,0,282.48,0.0,1,1.17,0.8,SPY190418P00273000,273.0,0,0.0,0.0,,0.0,normalDay
2019-04-01,1355.0,75.0,0.0,0,285.83,0.0,1,1.17,0.42,SPY190418P00273000,273.0,0,0.0,0.0,,0.0,normalDay
2019-04-02,1355.0,81.0,0.0,0,285.97,0.0,1,1.17,0.36,SPY190418P00273000,273.0,0,0.0,0.0,,0.0,normalDay
2019-04-03,1355.0,85.0,0.0,0,286.42,0.0,1,1.17,0.32,SPY190418P00273000,273.0,0,0.0,0.0,,0.0,normalDay
2019-04-04,1355.0,93.0,0.0,0,287.18,0.0,1,1.17,0.24,SPY190418P00273000,273.0,0,0.0,0.0,,0.0,normalDay
2019-04-05,1355.0,104.0,0.0,0,288.57,0.0,1,1.17,0.13,SPY190418P00273000,273.0,0,0.0,0.0,,0.0,normalDay
2019-04-08,1355.0,106.0,0.0,0,288.79,0.0,1,1.17,0.11,SPY190418P00273000,273.0,0,0.0,0.0,,0.0,normalDay
2019-04-09,1355.0,102.0,0.0,0,287.31,0.0,1,1.17,0.15,SPY190418P00273000,273.0,0,0.0,0.0,,0.0,normalDay
2019-04-10,1355.0,109.0,0.0,0,288.29,0.0,1,1.17,0.08,SPY190418P00273000,273.0,0,0.0,0.0,,0.0,normalDay
2019-04-11,1355.0,111.0,0.0,0,288.21,0.0,1,1.17,0.06,SPY190418P00273000,273.0,0,0.0,0.0,,0.0,normalDay
2019-04-12,1355.0,114.0,0.0,0,290.16,0.0,1,1.17,0.03,SPY190418P00273000,273.0,0,0.0,0.0,,0.0,normalDay
2019-04-15,1355.0,115.0,0.0,0,289.97,0.0,1,1.17,0.02,SPY190418P00273000,273.0,0,0.0,0.0,,0.0,normalDay
2019-04-16,1355.0,115.0,0.0,0,290.16,0.0,1,1.17,0.02,SPY190418P00273000,273.0,0,0.0,0.0,,0.0,normalDay
2019-04-17,1355.0,116.0,0.0,0,289.45,0.0,1,1.17,0.01,SPY190418P00273000,273.0,0,0.0,0.0,,0.0,normalDay
2019-04-18,1472.0,0.0,117.0,0,290.02,0.0,1,1.17,0.0,SPY190418P00273000,273.0,0,0.0,0.0,,0.0,expirationDay
2019-04-22,1472.0,-3.0,0.0,0,290.27,0.0,1,0.71,0.74,SPY190524P00275000,275.0,0,0.0,0.0,,0.0,normalDay
2019-04-23,1472.0,11.0,0.0,0,292.88,0.0,1,0.71,0.6,SPY190524P00275000,275.0,0,0.0,0.0,,0.0,normalDay
2019-04-24,1472.0,2.0,0.0,0,292.23,0.0,1,0.71,0.69,SPY190524P00275000,275.0,0,0.0,0.0,,0.0,normalDay
2019-04-25,1472.0,2.0,0.0,0,292.05,0.0,1,0.71,0.69,SPY190524P00275000,275.0,0,0.0,0.0,,0.0,normalDay
2019-04-26,1472.0,15.0,0.0,0,293.41,0.0,1,0.71,0.56,SPY190524P00275000,275.0,0,0.0,0.0,,0.0,normalDay
2019-04-29,1472.0,20.0,0.0,0,293.87,0.0,1,0.71,0.51,SPY190524P00275000,275.0,0,0.0,0.0,,0.0,normalDay
2019-04-30,1472.0,22.0,0.0,0,294.02,0.0,1,0.71,0.49,SPY190524P00275000,275.0,0,0.0,0.0,,0.0,normalDay
2019-05-01,1472.0,0.0,0.0,0,291.81,0.0,1,0.71,0.71,SPY190524P00275000,275.0,0,0.0,0.0,,0.0,normalDay
2019-05-02,1472.0,2.0,0.0,0,291.18,0.0,1,0.71,0.69,SPY190524P00275000,275.0,0,0.0,0.0,,0.0,normalDay
2019-05-03,1472.0,34.0,0.0,0,294.03,0.0,1,0.71,0.37,SPY190524P00275000,275.0,0,0.0,0.0,,0.0,normalDay
2019-05-06,1472.0,12.0,0.0,0,292.82,0.0,1,0.71,0.59,SPY190524P00275000,275.0,0,0.0,0.0,,0.0,normalDay
2019-05-07,1472.0,-79.0,0.0,0,287.93,0.0,1,0.71,1.5,SPY190524P00275000,275.0,0,0.0,0.0,,0.0,normalDay
2019-05-08,1472.0,-74.0,0.0,0,287.53,0.0,1,0.71,1.45,SPY190524P00275000,275.0,0,0.0,0.0,,0.0,normalDay
2019-05-09,1472.0,-69.0,0.0,0,286.66,0.0,1,0.71,1.4,SPY190524P00275000,275.0,0,0.0,0.0,,0.0,normalDay
2019-05-10,1472.0,2.0,0.0,0,288.1,0.0,1,0.71,0.69,SPY190524P00275000,275.0,0,0.0,0.0,,0.0,normalDay
2019-05-13,1472.0,-152.0,0.0,0,280.86,0.0,1,0.71,2.23,SPY190524P00275000,275.0,0,0.0,0.0,,0.0,normalDay
2019-05-14,1472.0,-42.0,0.0,0,283.4,0.0,1,0.71,1.13,SPY190524P00275000,275.0,0,0.0,0.0,,0.0,normalDay
2019-05-15,1472.0,18.0,0.0,0,285.06,0.0,1,0.71,0.53,SPY190524P00275000,275.0,0,0.0,0.0,,0.0,normalDay
2019-05-16,1472.0,47.0,0.0,0,287.7,0.0,1,0.71,0.24,SPY190524P00275000,275.0,0,0.0,0.0,,0.0,normalDay
2019-05-17,1472.0,35.0,0.0,0,285.84,0.0,1,0.71,0.36,SPY190524P00275000,275.0,0,0.0,0.0,,0.0,normalDay
2019-05-20,1472.0,51.0,0.0,0,283.95,0.0,1,0.71,0.2,SPY190524P00275000,275.0,0,0.0,0.0,,0.0,normalDay
2019-05-21,1472.0,67.0,0.0,0,286.51,0.0,1,0.71,0.04,SPY190524P00275000,275.0,0,0.0,0.0,,0.0,normalDay
2019-05-22,1472.0,68.0,0.0,0,285.63,0.0,1,0.71,0.03,SPY190524P00275000,275.0,0,0.0,0.0,,0.0,normalDay
2019-05-23,1472.0,64.0,0.0,0,282.14,0.0,1,0.71,0.07,SPY190524P00275000,275.0,0,0.0,0.0,,0.0,normalDay
2019-05-24,1543.0,0.0,71.0,0,282.78,0.0,1,0.71,0.0,SPY190524P00275000,275.0,0,0.0,0.0,,0.0,expirationDay
2019-05-28,1543.0,-5.0,0.0,0,280.15,0.0,1,3.33,3.38,SPY190628P00274000,274.0,0,0.0,0.0,,0.0,normalDay
2019-05-29,1543.0,-68.0,0.0,0,278.27,0.0,1,3.33,4.01,SPY190628P00274000,274.0,0,0.0,0.0,,0.0,normalDay
2019-05-30,1543.0,-24.0,0.0,0,279.03,0.0,1,3.33,3.57,SPY190628P00274000,274.0,0,0.0,0.0,,0.0,normalDay
2019-05-31,1543.0,-183.0,0.0,0,275.27,0.0,1,3.33,5.16,SPY190628P00274000,274.0,0,0.0,0.0,,0.0,normalDay
2019-06-03,1543.0,-177.0,0.0,0,274.57,0.0,1,3.33,5.1,SPY190628P00274000,274.0,0,0.0,0.0,,0.0,normalDay
2019-06-04,1543.0,70.0,0.0,0,280.53,0.0,1,3.33,2.63,SPY190628P00274000,274.0,0,0.0,0.0,,0.0,normalDay
2019-06-05,1543.0,159.0,0.0,0,282.96,0.0,1,3.33,1.74,SPY190628P00274000,274.0,0,0.0,0.0,,0.0,normalDay
2019-06-06,1543.0,196.0,0.0,0,284.8,0.0,1,3.33,1.37,SPY190628P00274000,274.0,0,0.0,0.0,,0.0,normalDay
2019-06-07,1543.0,228.0,0.0,0,287.65,0.0,1,3.33,1.05,SPY190628P00274000,274.0,0,0.0,0.0,,0.0,normalDay
2019-06-10,1543.0,261.0,0.0,0,288.97,0.0,1,3.33,0.72,SPY190628P00274000,274.0,0,0.0,0.0,,0.0,normalDay
2019-06-11,1543.0,263.0,0.0,0,288.9,0.0,1,3.33,0.7,SPY190628P00274000,274.0,0,0.0,0.0,,0.0,normalDay
2019-06-12,1543.0,266.0,0.0,0,288.39,0.0,1,3.33,0.67,SPY190628P00274000,274.0,0,0.0,0.0,,0.0,normalDay
2019-06-13,1543.0,282.0,0.0,0,289.58,0.0,1,3.33,0.51,SPY190628P00274000,274.0,0,0.0,0.0,,0.0,normalDay
2019-06-14,1543.0,295.0,0.0,0,289.26,0.0,1,3.33,0.38,SPY190628P00274000,274.0,0,0.0,0.0,,0.0,normalDay
2019-06-17,1543.0,301.0,0.0,0,289.37,0.0,1,3.33,0.32,SPY190628P00274000,274.0,0,0.0,0.0,,0.0,normalDay
2019-06-18,1543.0,315.0,0.0,0,292.4,0.0,1,3.33,0.18,SPY190628P00274000,274.0,0,0.0,0.0,,0.0,normalDay
2019-06-19,1543.0,322.0,0.0,0,293.06,0.0,1,3.33,0.11,SPY190628P00274000,274.0,0,0.0,0.0,,0.0,normalDay
2019-06-20,1543.0,324.0,0.0,0,295.86,0.0,1,3.33,0.09,SPY190628P00274000,274.0,0,0.0,0.0,,0.0,normalDay
2019-06-21,1543.0,325.0,0.0,0,294.0,0.0,1,3.33,0.08,SPY190628P00274000,274.0,0,0.0,0.0,,0.0,normalDay
2019-06-24,1543.0,330.0,0.0,0,293.64,0.0,1,3.33,0.03,SPY190628P00274000,274.0,0,0.0,0.0,,0.0,normalDay
2019-06-25,1543.0,330.0,0.0,0,290.76,0.0,1,3.33,0.03,SPY190628P00274000,274.0,0,0.0,0.0,,0.0,normalDay
2019-06-26,1543.0,331.0,0.0,0,290.47,0.0,1,3.33,0.02,SPY190628P00274000,274.0,0,0.0,0.0,,0.0,normalDay
2019-06-27,1543.0,332.0,0.0,0,291.5,0.0,1,3.33,0.01,SPY190628P00274000,274.0,0,0.0,0.0,,0.0,normalDay
2019-06-28,1876.0,0.0,333.0,0,293.0,0.0,1,3.33,0.0,SPY190628P00274000,274.0,0,0.0,0.0,,0.0,expirationDay
2019-07-01,1876.0,-4.0,0.0,0,295.66,0.0,1,0.8,0.84,SPY190802P00277500,277.5,0,0.0,0.0,,0.0,normalDay
2019-07-02,1876.0,17.0,0.0,0,296.43,0.0,1,0.8,0.63,SPY190802P00277500,277.5,0,0.0,0.0,,0.0,normalDay
2019-07-03,1876.0,34.0,0.0,0,298.8,0.0,1,0.8,0.46,SPY190802P00277500,277.5,0,0.0,0.0,,0.0,normalDay
2019-07-05,1876.0,30.0,0.0,0,298.46,0.0,1,0.8,0.5,SPY190802P00277500,277.5,0,0.0,0.0,,0.0,normalDay
2019-07-08,1876.0,24.0,0.0,0,296.82,0.0,1,0.8,0.56,SPY190802P00277500,277.5,0,0.0,0.0,,0.0,normalDay
2019-07-09,1876.0,25.0,0.0,0,297.19,0.0,1,0.8,0.55,SPY190802P00277500,277.5,0,0.0,0.0,,0.0,normalDay
2019-07-10,1876.0,44.0,0.0,0,298.61,0.0,1,0.8,0.36,SPY190802P00277500,277.5,0,0.0,0.0,,0.0,normalDay
2019-07-11,1876.0,47.0,0.0,0,299.31,0.0,1,0.8,0.33,SPY190802P00277500,277.5,0,0.0,0.0,,0.0,normalDay
2019-07-12,1876.0,55.0,0.0,0,300.65,0.0,1,0.8,0.25,SPY190802P00277500,277.5,0,0.0,0.0,,0.0,normalDay
2019-07-15,1876.0,55.0,0.0,0,300.75,0.0,1,0.8,0.25,SPY190802P00277500,277.5,0,0.0,0.0,,0.0,normalDay
2019-07-16,1876.0,53.0,0.0,0,299.78,0.0,1,0.8,0.27,SPY190802P00277500,277.5,0,0.0,0.0,,0.0,normalDay
2019-07-17,1876.0,46.0,0.0,0,297.74,0.0,1,0.8,0.34,SPY190802P00277500,277.5,0,0.0,0.0,,0.0,normalDay
2019-07-18,1876.0,54.0,0.0,0,298.83,0.0,1,0.8,0.26,SPY190802P00277500,277.5,0,0.0,0.0,,0.0,normalDay
2019-07-19,1876.0,53.0,0.0,0,297.17,0.0,1,0.8,0.27,SPY190802P00277500,277.5,0,0.0,0.0,,0.0,normalDay
2019-07-22,1876.0,66.0,0.0,0,297.9,0.0,1,0.8,0.14,SPY190802P00277500,277.5,0,0.0,0.0,,0.0,normalDay
2019-07-23,1876.0,72.0,0.0,0,300.03,0.0,1,0.8,0.08,SPY190802P00277500,277.5,0,0.0,0.0,,0.0,normalDay
2019-07-24,1876.0,75.0,0.0,0,301.44,0.0,1,0.8,0.05,SPY190802P00277500,277.5,0,0.0,0.0,,0.0,normalDay
2019-07-25,1876.0,75.0,0.0,0,300.0,0.0,1,0.8,0.05,SPY190802P00277500,277.5,0,0.0,0.0,,0.0,normalDay
2019-07-26,1876.0,77.0,0.0,0,302.01,0.0,1,0.8,0.03,SPY190802P00277500,277.5,0,0.0,0.0,,0.0,normalDay
2019-07-29,1876.0,77.0,0.0,0,301.46,0.0,1,0.8,0.03,SPY190802P00277500,277.5,0,0.0,0.0,,0.0,normalDay
2019-07-30,1876.0,77.0,0.0,0,300.72,0.0,1,0.8,0.03,SPY190802P00277500,277.5,0,0.0,0.0,,0.0,normalDay
2019-07-31,1876.0,70.0,0.0,0,297.43,0.0,1,0.8,0.1,SPY190802P00277500,277.5,0,0.0,0.0,,0.0,normalDay
2019-08-01,1876.0,77.0,0.0,0,294.84,0.0,1,0.8,0.03,SPY190802P00277500,277.5,0,0.0,0.0,,0.0,normalDay
2019-08-02,1956.0,0.0,80.0,0,292.62,0.0,1,0.8,0.0,SPY190802P00277500,277.5,0,0.0,0.0,,0.0,expirationDay
2019-08-05,1956.0,-17.0,0.0,0,283.82,0.0,1,7.67,7.84,SPY190906P00285000,285.0,0,0.0,0.0,,0.0,normalDay
2019-08-06,1956.0,277.0,0.0,0,287.8,0.0,1,7.67,4.9,SPY190906P00285000,285.0,0,0.0,0.0,,0.0,normalDay
2019-08-07,1956.0,299.0,0.0,0,287.97,0.0,1,7.67,4.68,SPY190906P00285000,285.0,0,0.0,0.0,,0.0,normalDay
2019-08-08,1956.0,520.0,0.0,0,293.62,0.0,1,7.67,2.47,SPY190906P00285000,285.0,0,0.0,0.0,,0.0,normalDay
2019-08-09,1956.0,464.0,0.0,0,291.62,0.0,1,7.67,3.03,SPY190906P00285000,285.0,0,0.0,0.0,,0.0,normalDay
2019-08-12,1956.0,302.0,0.0,0,288.07,0.0,1,7.67,4.65,SPY190906P00285000,285.0,0,0.0,0.0,,0.0,normalDay
2019-08-13,1956.0,516.0,0.0,0,292.55,0.0,1,7.67,2.51,SPY190906P00285000,285.0,0,0.0,0.0,,0.0,normalDay
2019-08-14,1956.0,144.0,0.0,0,283.9,0.0,1,7.67,6.23,SPY190906P00285000,285.0,0,0.0,0.0,,0.0,normalDay
2019-08-15,1956.0,212.0,0.0,0,284.65,0.0,1,7.67,5.55,SPY190906P00285000,285.0,0,0.0,0.0,,0.0,normalDay
2019-08-16,1956.0,433.0,0.0,0,288.85,0.0,1,7.67,3.34,SPY190906P00285000,285.0,0,0.0,0.0,,0.0,normalDay
2019-08-19,1956.0,584.0,0.0,0,292.33,0.0,1,7.67,1.83,SPY190906P00285000,285.0,0,0.0,0.0,,0.0,normalDay
2019-08-20,1956.0,523.0,0.0,0,290.09,0.0,1,7.67,2.44,SPY190906P00285000,285.0,0,0.0,0.0,,0.0,normalDay
2019-08-21,1956.0,631.0,0.0,0,292.45,0.0,1,7.67,1.36,SPY190906P00285000,285.0,0,0.0,0.0,,0.0,normalDay
2019-08-22,1956.0,615.0,0.0,0,292.36,0.0,1,7.67,1.52,SPY190906P00285000,285.0,0,0.0,0.0,,0.0,normalDay
2019-08-23,1956.0,361.0,0.0,0,284.85,0.0,1,7.67,4.06,SPY190906P00285000,285.0,0,0.0,0.0,,0.0,normalDay
2019-08-26,1956.0,516.0,0.0,0,288.0,0.0,1,7.67,2.51,SPY190906P00285000,285.0,0,0.0,0.0,,0.0,normalDay
2019-08-27,1956.0,467.0,0.0,0,286.87,0.0,1,7.67,3.0,SPY190906P00285000,285.0,0,0.0,0.0,,0.0,normalDay
2019-08-28,1956.0,577.0,0.0,0,288.89,0.0,1,7.67,1.9,SPY190906P00285000,285.0,0,0.0,0.0,,0.0,normalDay
2019-08-29,1956.0,680.0,0.0,0,292.58,0.0,1,7.67,0.87,SPY190906P00285000,285.0,0,0.0,0.0,,0.0,normalDay
2019-08-30,1956.0,679.0,0.0,0,292.45,0.0,1,7.67,0.88,SPY190906P00285000,285.0,0,0.0,0.0,,0.0,normalDay
2019-09-03,1956.0,703.0,0.0,0,290.74,0.0,1,7.67,0.64,SPY190906P00285000,285.0,0,0.0,0.0,,0.0,normalDay
2019-09-04,1956.0,760.0,0.0,0,294.04,0.0,1,7.67,0.07,SPY190906P00285000,285.0,0,0.0,0.0,,0.0,normalDay
2019-09-05,1956.0,765.0,0.0,0,297.82,0.0,1,7.67,0.02,SPY190906P00285000,285.0,0,0.0,0.0,,0.0,normalDay
2019-09-06,2723.0,0.0,767.0,0,298.05,0.0,1,7.67,0.0,SPY190906P00285000,285.0,0,0.0,0.0,,0.0,expirationDay
2019-09-09,2723.0,-4.0,0.0,0,298.2,0.0,1,1.03,1.07,SPY191011P00277500,277.5,0,0.0,0.0,,0.0,normalDay
2019-09-10,2723.0,2.0,0.0,0,298.13,0.0,1,1.03,1.01,SPY191011P00277500,277.5,0,0.0,0.0,,0.0,normalDay
2019-09-11,2723.0,28.0,0.0,0,300.25,0.0,1,1.03,0.75,SPY191011P00277500,277.5,0,0.0,0.0,,0.0,normalDay
2019-09-12,2723.0,41.0,0.0,0,301.29,0.0,1,1.03,0.62,SPY191011P00277500,277.5,0,0.0,0.0,,0.0,normalDay
2019-09-13,2723.0,49.0,0.0,0,301.09,0.0,1,1.03,0.54,SPY191011P00277500,277.5,0,0.0,0.0,,0.0,normalDay
2019-09-16,2723.0,47.0,0.0,0,300.16,0.0,1,1.03,0.56,SPY191011P00277500,277.5,0,0.0,0.0,,0.0,normalDay
2019-09-17,2723.0,55.0,0.0,0,300.92,0.0,1,1.03,0.48,SPY191011P00277500,277.5,0,0.0,0.0,,0.0,normalDay
2019-09-18,2723.0,63.0,0.0,0,301.1,0.0,1,1.03,0.4,SPY191011P00277500,277.5,0,0.0,0.0,,0.0,normalDay
2019-09-19,2723.0,64.0,0.0,0,301.08,0.0,1,1.03,0.39,SPY191011P00277500,277.5,0,0.0,0.0,,0.0,normalDay
2019-09-20,2723.0,52.0,0.0,0,298.28,0.0,1,1.03,0.51,SPY191011P00277500,277.5,0,0.0,0.0,,0.0,normalDay
2019-09-23,2723.0,66.0,0.0,0,298.21,0.0,1,1.03,0.37,SPY191011P00277500,277.5,0,0.0,0.0,,0.0,normalDay
2019-09-24,2723.0,41.0,0.0,0,295.87,0.0,1,1.03,0.62,SPY191011P00277500,277.5,0,0.0,0.0,,0.0,normalDay
2019-09-25,2723.0,62.0,0.0,0,297.62,0.0,1,1.03,0.41,SPY191011P00277500,277.5,0,0.0,0.0,,0.0,normalDay
2019-09-26,2723.0,67.0,0.0,0,297.0,0.0,1,1.03,0.36,SPY191011P00277500,277.5,0,0.0,0.0,,0.0,normalDay
2019-09-27,2723.0,58.0,0.0,0,295.4,0.0,1,1.03,0.45,SPY191011P00277500,277.5,0,0.0,0.0,,0.0,normalDay
2019-09-30,2723.0,80.0,0.0,0,296.77,0.0,1,1.03,0.23,SPY191011P00277500,277.5,0,0.0,0.0,,0.0,normalDay
2019-10-01,2723.0,57.0,0.0,0,293.24,0.0,1,1.03,0.46,SPY191011P00277500,277.5,0,0.0,0.0,,0.0,normalDay
2019-10-02,2723.0,-2.0,0.0,0,288.06,0.0,1,1.03,1.05,SPY191011P00277500,277.5,0,0.0,0.0,,0.0,normalDay
2019-10-03,2723.0,53.0,0.0,0,290.42,0.0,1,1.03,0.5,SPY191011P00277500,277.5,0,0.0,0.0,,0.0,normalDay
2019-10-04,2723.0,92.0,0.0,0,294.35,0.0,1,1.03,0.11,SPY191011P00277500,277.5,0,0.0,0.0,,0.0,normalDay
2019-10-07,2723.0,96.0,0.0,0,293.08,0.0,1,1.03,0.07,SPY191011P00277500,277.5,0,0.0,0.0,,0.0,normalDay
2019-10-08,2723.0,87.0,0.0,0,288.53,0.0,1,1.03,0.16,SPY191011P00277500,277.5,0,0.0,0.0,,0.0,normalDay
2019-10-09,2723.0,99.0,0.0,0,291.27,0.0,1,1.03,0.04,SPY191011P00277500,277.5,0,0.0,0.0,,0.0,normalDay
2019-10-10,2723.0,101.0,0.0,0,293.24,0.0,1,1.03,0.02,SPY191011P00277500,277.5,0,0.0,0.0,,0.0,normalDay
2019-10-11,2826.0,0.0,103.0,0,296.28,0.0,1,1.03,0.0,SPY191011P00277500,277.5,0,0.0,0.0,,0.0,expirationDay
2019-10-14,2826.0,-3.0,0.0,0,295.95,0.0,1,1.52,1.55,SPY191115P00283000,283.0,0,0.0,0.0,,0.0,normalDay
2019-10-15,2826.0,56.0,0.0,0,298.88,0.0,1,1.52,0.96,SPY191115P00283000,283.0,0,0.0,0.0,,0.0,normalDay
2019-10-16,2826.0,56.0,0.0,0,298.4,0.0,1,1.52,0.96,SPY191115P00283000,283.0,0,0.0,0.0,,0.0,normalDay
2019-10-17,2826.0,65.0,0.0,0,299.28,0.0,1,1.52,0.87,SPY191115P00283000,283.0,0,0.0,0.0,,0.0,normalDay
2019-10-18,2826.0,55.0,0.0,0,297.97,0.0,1,1.52,0.97,SPY191115P00283000,283.0,0,0.0,0.0,,0.0,normalDay
2019-10-21,2826.0,88.0,0.0,0,299.99,0.0,1,1.52,0.64,SPY191115P00283000,283.0,0,0.0,0.0,,0.0,normalDay
2019-10-22,2826.0,80.0,0.0,0,299.01,0.0,1,1.52,0.72,SPY191115P00283000,283.0,0,0.0,0.0,,0.0,normalDay
2019-10-23,2826.0,97.0,0.0,0,299.88,0.0,1,1.52,0.55,SPY191115P00283000,283.0,0,0.0,0.0,,0.0,normalDay
2019-10-24,2826.0,106.0,0.0,0,300.37,0.0,1,1.52,0.46,SPY191115P00283000,283.0,0,0.0,0.0,,0.0,normalDay
2019-10-25,2826.0,121.0,0.0,0,301.6,0.0,1,1.52,0.31,SPY191115P00283000,283.0,0,0.0,0.0,,0.0,normalDay
2019-10-28,2826.0,128.0,0.0,0,303.3,0.0,1,1.52,0.24,SPY191115P00283000,283.0,0,0.0,0.0,,0.0,normalDay
2019-10-29,2826.0,131.0,0.0,0,303.21,0.0,1,1.52,0.21,SPY191115P00283000,283.0,0,0.0,0.0,,0.0,normalDay
2019-10-30,2826.0,137.0,0.0,0,304.14,0.0,1,1.52,0.15,SPY191115P00283000,283.0,0,0.0,0.0,,0.0,normalDay
2019-10-31,2826.0,131.0,0.0,0,303.33,0.0,1,1.52,0.21,SPY191115P00283000,283.0,0,0.0,0.0,,0.0,normalDay
2019-11-01,2826.0,142.0,0.0,0,306.14,0.0,1,1.52,0.1,SPY191115P00283000,283.0,0,0.0,0.0,,0.0,normalDay
2019-11-04,2826.0,144.0,0.0,0,307.37,0.0,1,1.52,0.08,SPY191115P00283000,283.0,0,0.0,0.0,,0.0,normalDay
2019-11-05,2826.0,146.0,0.0,0,307.03,0.0,1,1.52,0.06,SPY191115P00283000,283.0,0,0.0,0.0,,0.0,normalDay
2019-11-06,2826.0,148.0,0.0,0,307.1,0.0,1,1.52,0.04,SPY191115P00283000,283.0,0,0.0,0.0,,0.0,normalDay
2019-11-07,2826.0,149.0,0.0,0,308.18,0.0,1,1.52,0.03,SPY191115P00283000,283.0,0,0.0,0.0,,0.0,normalDay
2019-11-08,2826.0,150.0,0.0,0,308.94,0.0,1,1.52,0.02,SPY191115P00283000,283.0,0,0.0,0.0,,0.0,normalDay
2019-11-11,2826.0,150.0,0.0,0,308.35,0.0,1,1.52,0.02,SPY191115P00283000,283.0,0,0.0,0.0,,0.0,normalDay
2019-11-12,2826.0,150.0,0.0,0,309.0,0.0,1,1.52,0.02,SPY191115P00283000,283.0,0,0.0,0.0,,0.0,normalDay
2019-11-13,2826.0,151.0,0.0,0,309.1,0.0,1,1.52,0.01,SPY191115P00283000,283.0,0,0.0,0.0,,0.0,normalDay
2019-11-14,2826.0,151.0,0.0,0,309.55,0.0,1,1.52,0.01,SPY191115P00283000,283.0,0,0.0,0.0,,0.0,normalDay
2019-11-15,2978.0,0.0,152.0,0,311.79,0.0,1,1.52,0.0,SPY191115P00283000,283.0,0,0.0,0.0,,0.0,expirationDay
2019-11-18,2978.0,-3.0,0.0,0,312.02,0.0,1,0.9,0.93,SPY191220P00294000,294.0,0,0.0,0.0,,0.0,normalDay
2019-11-19,2978.0,-8.0,0.0,0,311.93,0.0,1,0.9,0.98,SPY191220P00294000,294.0,0,0.0,0.0,,0.0,normalDay
2019-11-20,2978.0,-15.0,0.0,0,310.77,0.0,1,0.9,1.05,SPY191220P00294000,294.0,0,0.0,0.0,,0.0,normalDay
2019-11-21,2978.0,-17.0,0.0,0,310.27,0.0,1,0.9,1.07,SPY191220P00294000,294.0,0,0.0,0.0,,0.0,normalDay
2019-11-22,2978.0,4.0,0.0,0,310.96,0.0,1,0.9,0.86,SPY191220P00294000,294.0,0,0.0,0.0,,0.0,normalDay
2019-11-25,2978.0,34.0,0.0,0,313.37,0.0,1,0.9,0.56,SPY191220P00294000,294.0,0,0.0,0.0,,0.0,normalDay
2019-11-26,2978.0,44.0,0.0,0,314.08,0.0,1,0.9,0.46,SPY191220P00294000,294.0,0,0.0,0.0,,0.0,normalDay
2019-11-27,2978.0,51.0,0.0,0,315.48,0.0,1,0.9,0.39,SPY191220P00294000,294.0,0,0.0,0.0,,0.0,normalDay
2019-11-29,2978.0,40.0,0.0,0,314.31,0.0,1,0.9,0.5,SPY191220P00294000,294.0,0,0.0,0.0,,0.0,normalDay
2019-12-02,2978.0,12.0,0.0,0,311.64,0.0,1,0.9,0.78,SPY191220P00294000,294.0,0,0.0,0.0,,0.0,normalDay
2019-12-03,2978.0,-14.0,0.0,0,309.55,0.0,1,0.9,1.04,SPY191220P00294000,294.0,0,0.0,0.0,,0.0,normalDay
2019-12-04,2978.0,21.0,0.0,0,311.46,0.0,1,0.9,0.69,SPY191220P00294000,294.0,0,0.0,0.0,,0.0,normalDay
2019-12-05,2978.0,38.0,0.0,0,312.02,0.0,1,0.9,0.52,SPY191220P00294000,294.0,0,0.0,0.0,,0.0,normalDay
2019-12-06,2978.0,59.0,0.0,0,314.87,0.0,1,0.9,0.31,SPY191220P00294000,294.0,0,0.0,0.0,,0.0,normalDay
2019-12-09,2978.0,44.0,0.0,0,313.88,0.0,1,0.9,0.46,SPY191220P00294000,294.0,0,0.0,0.0,,0.0,normalDay
2019-12-10,2978.0,54.0,0.0,0,313.53,0.0,1,0.9,0.36,SPY191220P00294000,294.0,0,0.0,0.0,,0.0,normalDay
2019-12-11,2978.0,64.0,0.0,0,314.42,0.0,1,0.9,0.26,SPY191220P00294000,294.0,0,0.0,0.0,,0.0,normalDay
2019-12-12,2978.0,73.0,0.0,0,317.13,0.0,1,0.9,0.17,SPY191220P00294000,294.0,0,0.0,0.0,,0.0,normalDay
2019-12-13,2978.0,77.0,0.0,0,317.32,0.0,1,0.9,0.13,SPY191220P00294000,294.0,0,0.0,0.0,,0.0,normalDay
2019-12-16,2978.0,83.0,0.0,0,319.5,0.0,1,0.9,0.07,SPY191220P00294000,294.0,0,0.0,0.0,,0.0,normalDay
2019-12-17,2978.0,86.0,0.0,0,319.57,0.0,1,0.9,0.04,SPY191220P00294000,294.0,0,0.0,0.0,,0.0,normalDay
2019-12-18,2978.0,87.0,0.0,0,319.59,0.0,1,0.9,0.03,SPY191220P00294000,294.0,0,0.0,0.0,,0.0,normalDay
2019-12-19,2978.0,88.0,0.0,0,320.9,0.0,1,0.9,0.02,SPY191220P00294000,294.0,0,0.0,0.0,,0.0,normalDay
2019-12-20,3068.0,0.0,90.0,0,320.73,0.0,1,0.9,0.0,SPY191220P00294000,294.0,0,0.0,0.0,,0.0,expirationDay
2019-12-23,3068.0,-4.0,0.0,0,321.22,0.0,1,0.96,1.0,SPY200124P00305000,305.0,0,0.0,0.0,,0.0,normalDay
2019-12-24,3068.0,0.0,0.0,0,321.23,0.0,1,0.96,0.96,SPY200124P00305000,305.0,0,0.0,0.0,,0.0,normalDay
2019-12-26,3068.0,19.0,0.0,0,322.94,0.0,1,0.96,0.77,SPY200124P00305000,305.0,0,0.0,0.0,,0.0,normalDay
2019-12-27,3068.0,11.0,0.0,0,322.86,0.0,1,0.96,0.85,SPY200124P00305000,305.0,0,0.0,0.0,,0.0,normalDay
2019-12-30,3068.0,-5.0,0.0,0,321.08,0.0,1,0.96,1.01,SPY200124P00305000,305.0,0,0.0,0.0,,0.0,normalDay
2019-12-31,3068.0,19.0,0.0,0,321.86,0.0,1,0.96,0.77,SPY200124P00305000,305.0,0,0.0,0.0,,0.0,normalDay
2020-01-02,3068.0,56.0,0.0,0,324.87,0.0,1,0.96,0.4,SPY200124P00305000,305.0,0,0.0,0.0,,0.0,normalDay
2020-01-03,3068.0,32.0,0.0,0,322.41,0.0,1,0.96,0.64,SPY200124P00305000,305.0,0,0.0,0.0,,0.0,normalDay
2020-01-06,3068.0,58.0,0.0,0,323.64,0.0,1,0.96,0.38,SPY200124P00305000,305.0,0,0.0,0.0,,0.0,normalDay
2020-01-07,3068.0,56.0,0.0,0,322.73,0.0,1,0.96,0.4,SPY200124P00305000,305.0,0,0.0,0.0,,0.0,normalDay
2020-01-08,3068.0,65.0,0.0,0,324.45,0.0,1,0.96,0.31,SPY200124P00305000,305.0,0,0.0,0.0,,0.0,normalDay
2020-01-09,3068.0,78.0,0.0,0,326.65,0.0,1,0.96,0.18,SPY200124P00305000,305.0,0,0.0,0.0,,0.0,normalDay
2020-01-10,3068.0,82.0,0.0,0,325.71,0.0,1,0.96,0.14,SPY200124P00305000,305.0,0,0.0,0.0,,0.0,normalDay
2020-01-13,3068.0,90.0,0.0,0,327.95,0.0,1,0.96,0.06,SPY200124P00305000,305.0,0,0.0,0.0,,0.0,normalDay
2020-01-14,3068.0,90.0,0.0,0,327.45,0.0,1,0.96,0.06,SPY200124P00305000,305.0,0,0.0,0.0,,0.0,normalDay
2020-01-15,3068.0,91.0,0.0,0,328.19,0.0,1,0.96,0.05,SPY200124P00305000,305.0,0,0.0,0.0,,0.0,normalDay
2020-01-16,3068.0,92.0,0.0,0,330.92,0.0,1,0.96,0.04,SPY200124P00305000,305.0,0,0.0,0.0,,0.0,normalDay
2020-01-17,3068.0,94.0,0.0,0,331.95,0.0,1,0.96,0.02,SPY200124P00305000,305.0,0,0.0,0.0,,0.0,normalDay
2020-01-21,3068.0,95.0,0.0,0,331.3,0.0,1,0.96,0.01,SPY200124P00305000,305.0,0,0.0,0.0,,0.0,normalDay
2020-01-22,3068.0,95.0,0.0,0,331.34,0.0,1,0.96,0.01,SPY200124P00305000,305.0,0,0.0,0.0,,0.0,normalDay
2020-01-23,3068.0,95.0,0.0,0,331.72,0.0,1,0.96,0.01,SPY200124P00305000,305.0,0,0.0,0.0,,0.0,normalDay
2020-01-24,3164.0,0.0,96.0,0,328.77,0.0,1,0.96,0.0,SPY200124P00305000,305.0,0,0.0,0.0,,0.0,expirationDay
2020-01-27,3164.0,-5.0,0.0,0,323.5,0.0,1,3.58,3.63,SPY200228P00315000,315.0,0,0.0,0.0,,0.0,normalDay
2020-01-28,3164.0,127.0,0.0,0,326.89,0.0,1,3.58,2.31,SPY200228P00315000,315.0,0,0.0,0.0,,0.0,normalDay
2020-01-29,3164.0,125.0,0.0,0,326.62,0.0,1,3.58,2.33,SPY200228P00315000,315.0,0,0.0,0.0,,0.0,normalDay
2020-01-30,3164.0,184.0,0.0,0,327.68,0.0,1,3.58,1.74,SPY200228P00315000,315.0,0,0.0,0.0,,0.0,normalDay
2020-01-31,3164.0,3.0,0.0,0,321.73,0.0,1,3.58,3.55,SPY200228P00315000,315.0,0,0.0,0.0,,0.0,normalDay
2020-02-03,3164.0,84.0,0.0,0,324.12,0.0,1,3.58,2.74,SPY200228P00315000,315.0,0,0.0,0.0,,0.0,normalDay
2020-02-04,3164.0,228.0,0.0,0,329.06,0.0,1,3.58,1.3,SPY200228P00315000,315.0,0,0.0,0.0,,0.0,normalDay
2020-02-05,3164.0,282.0,0.0,0,332.86,0.0,1,3.58,0.76,SPY200228P00315000,315.0,0,0.0,0.0,,0.0,normalDay
2020-02-06,3164.0,289.0,0.0,0,333.98,0.0,1,3.58,0.69,SPY200228P00315000,315.0,0,0.0,0.0,,0.0,normalDay
2020-02-07,3164.0,277.0,0.0,0,332.2,0.0,1,3.58,0.81,SPY200228P00315000,315.0,0,0.0,0.0,,0.0,normalDay
2020-02-10,3164.0,310.0,0.0,0,334.68,0.0,1,3.58,0.48,SPY200228P00315000,315.0,0,0.0,0.0,,0.0,normalDay
2020-02-11,3164.0,313.0,0.0,0,335.26,0.0,1,3.58,0.45,SPY200228P00315000,315.0,0,0.0,0.0,,0.0,normalDay
2020-02-12,3164.0,332.0,0.0,0,337.42,0.0,1,3.58,0.26,SPY200228P00315000,315.0,0,0.0,0.0,,0.0,normalDay
2020-02-13,3164.0,331.0,0.0,0,337.06,0.0,1,3.58,0.27,SPY200228P00315000,315.0,0,0.0,0.0,,0.0,normalDay
2020-02-14,3164.0,339.0,0.0,0,337.6,0.0,1,3.58,0.19,SPY200228P00315000,315.0,0,0.0,0.0,,0.0,normalDay
2020-02-18,3164.0,343.0,0.0,0,336.73,0.0,1,3.58,0.15,SPY200228P00315000,315.0,0,0.0,0.0,,0.0,normalDay
2020-02-19,3164.0,348.0,0.0,0,338.34,0.0,1,3.58,0.1,SPY200228P00315000,315.0,0,0.0,0.0,,0.0,normalDay
2020-02-20,3164.0,348.0,0.0,0,336.95,0.0,1,3.58,0.1,SPY200228P00315000,315.0,0,0.0,0.0,,0.0,normalDay
2020-02-21,3164.0,347.0,0.0,0,333.48,0.0,1,3.58,0.11,SPY200228P00315000,315.0,0,0.0,0.0,,0.0,normalDay
2020-02-24,3164.0,136.0,0.0,0,322.42,0.0,1,3.58,2.22,SPY200228P00315000,315.0,0,0.0,0.0,,0.0,normalDay
2020-02-25,3164.0,-153.0,0.0,0,312.65,0.0,1,3.58,5.11,SPY200228P00315000,315.0,0,0.0,0.0,,0.0,normalDay
2020-02-26,3164.0,-187.0,0.0,0,311.5,0.0,1,3.58,5.45,SPY200228P00315000,315.0,0,0.0,0.0,,0.0,normalDay
2020-02-27,3164.0,-1427.0,0.0,0,297.51,0.0,1,3.58,17.85,SPY200228P00315000,315.0,0,0.0,0.0,,0.0,normalDay
2020-02-28,3522.0,-1874.0,358.0,100,296.26,315.0,1,3.58,0.0,SPY200228P00315000,315.0,0,0.0,0.0,,0.0,expirationDay
2020-03-02,3522.0,-598.0,0.0,100,309.09,315.0,0,0.0,0.0,,0.0,1,0.08,0.15,SPY200403C00344000,344.0,normalDay
2020-03-03,3522.0,-1480.0,0.0,100,300.24,315.0,0,0.0,0.0,,0.0,1,0.08,0.12,SPY200403C00344000,344.0,normalDay
2020-03-04,3522.0,-231.0,0.0,100,312.86,315.0,0,0.0,0.0,,0.0,1,0.08,0.25,SPY200403C00344000,344.0,normalDay
2020-03-05,3522.0,-1260.0,0.0,100,302.46,315.0,0,0.0,0.0,,0.0,1,0.08,0.14,SPY200403C00344000,344.0,normalDay
2020-03-06,3522.0,-1755.0,0.0,100,297.46,315.0,0,0.0,0.0,,0.0,1,0.08,0.09,SPY200403C00344000,344.0,normalDay
2020-03-09,3522.0,-4076.0,0.0,100,274.23,315.0,0,0.0,0.0,,0.0,1,0.08,0.07,SPY200403C00344000,344.0,normalDay
2020-03-10,3522.0,-2656.0,0.0,100,288.42,315.0,0,0.0,0.0,,0.0,1,0.08,0.06,SPY200403C00344000,344.0,normalDay
2020-03-11,3522.0,-4059.0,0.0,100,274.36,315.0,0,0.0,0.0,,0.0,1,0.08,0.03,SPY200403C00344000,344.0,normalDay
2020-03-12,3522.0,-6687.0,0.0,100,248.11,315.0,0,0.0,0.0,,0.0,1,0.08,0.06,SPY200403C00344000,344.0,normalDay
2020-03-13,3522.0,-4569.0,0.0,100,269.32,315.0,0,0.0,0.0,,0.0,1,0.08,0.09,SPY200403C00344000,344.0,normalDay
2020-03-16,3522.0,-7512.0,0.0,100,239.85,315.0,0,0.0,0.0,,0.0,1,0.08,0.05,SPY200403C00344000,344.0,normalDay
2020-03-17,3522.0,-6216.0,0.0,100,252.8,315.0,0,0.0,0.0,,0.0,1,0.08,0.04,SPY200403C00344000,344.0,normalDay
2020-03-18,3522.0,-7496.0,0.0,100,240.0,315.0,0,0.0,0.0,,0.0,1,0.08,0.04,SPY200403C00344000,344.0,normalDay
2020-03-19,3522.0,-7443.0,0.0,100,240.51,315.0,0,0.0,0.0,,0.0,1,0.08,0.02,SPY200403C00344000,344.0,normalDay
2020-03-20,3522.0,-8614.0,0.0,100,228.8,315.0,0,0.0,0.0,,0.0,1,0.08,0.02,SPY200403C00344000,344.0,normalDay
2020-03-23,3522.0,-9199.0,0.0,100,222.95,315.0,0,0.0,0.0,,0.0,1,0.08,0.02,SPY200403C00344000,344.0,normalDay
2020-03-24,3522.0,-7180.0,0.0,100,243.15,315.0,0,0.0,0.0,,0.0,1,0.08,0.03,SPY200403C00344000,344.0,normalDay
2020-03-25,3522.0,-6816.0,0.0,100,246.79,315.0,0,0.0,0.0,,0.0,1,0.08,0.03,SPY200403C00344000,344.0,normalDay
2020-03-26,3522.0,-5374.0,0.0,100,261.2,315.0,0,0.0,0.0,,0.0,1,0.08,0.02,SPY200403C00344000,344.0,normalDay
2020-03-27,3522.0,-6151.0,0.0,100,253.42,315.0,0,0.0,0.0,,0.0,1,0.08,0.01,SPY200403C00344000,344.0,normalDay
2020-03-30,3522.0,-5328.0,0.0,100,261.65,315.0,0,0.0,0.0,,0.0,1,0.08,0.01,SPY200403C00344000,344.0,normalDay
2020-03-31,3522.0,-5718.0,0.0,100,257.75,315.0,0,0.0,0.0,,0.0,1,0.08,0.01,SPY200403C00344000,344.0,normalDay
2020-04-01,3522.0,-6878.0,0.0,100,246.15,315.0,0,0.0,0.0,,0.0,1,0.08,0.01,SPY200403C00344000,344.0,normalDay
2020-04-02,3522.0,-6310.0,0.0,100,251.83,315.0,0,0.0,0.0,,0.0,1,0.08,0.01,SPY200403C00344000,344.0,normalDay
2020-04-03,3530.0,-6681.0,8.0,100,248.19,315.0,0,0.0,0.0,,0.0,1,0.08,0.0,SPY200403C00344000,344.0,expirationDay
2020-04-06,3530.0,-5027.0,0.0,100,264.86,315.0,0,0.0,0.0,,0.0,1,8.13,8.26,SPY200508C00272000,272.0,normalDay
2020-04-07,3530.0,-5014.0,0.0,100,265.13,315.0,0,0.0,0.0,,0.0,1,8.13,8.4,SPY200508C00272000,272.0,normalDay
2020-04-08,3530.0,-4602.0,0.0,100,274.03,315.0,0,0.0,0.0,,0.0,1,8.13,13.18,SPY200508C00272000,272.0,normalDay
2020-04-09,3530.0,-4440.0,0.0,100,278.2,315.0,0,0.0,0.0,,0.0,1,8.13,15.73,SPY200508C00272000,272.0,normalDay
2020-04-13,3530.0,-4439.0,0.0,100,275.66,315.0,0,0.0,0.0,,0.0,1,8.13,13.18,SPY200508C00272000,272.0,normalDay
2020-04-14,3530.0,-4115.0,0.0,100,283.79,315.0,0,0.0,0.0,,0.0,1,8.13,18.07,SPY200508C00272000,272.0,normalDay
2020-04-15,3530.0,-4301.0,0.0,100,277.76,315.0,0,0.0,0.0,,0.0,1,8.13,13.9,SPY200508C00272000,272.0,normalDay
2020-04-16,3530.0,-4231.0,0.0,100,279.1,315.0,0,0.0,0.0,,0.0,1,8.13,14.54,SPY200508C00272000,272.0,normalDay
2020-04-17,3530.0,-3994.0,0.0,100,286.64,315.0,0,0.0,0.0,,0.0,1,8.13,19.71,SPY200508C00272000,272.0,normalDay
2020-04-20,3530.0,-4141.0,0.0,100,281.59,315.0,0,0.0,0.0,,0.0,1,8.13,16.13,SPY200508C00272000,272.0,normalDay
2020-04-21,3530.0,-4460.0,0.0,100,273.04,315.0,0,0.0,0.0,,0.0,1,8.13,10.77,SPY200508C00272000,272.0,normalDay
2020-04-22,3530.0,-4087.0,0.0,100,279.1,315.0,0,0.0,0.0,,0.0,1,8.13,13.1,SPY200508C00272000,272.0,normalDay
2020-04-23,3530.0,-4039.0,0.0,100,279.08,315.0,0,0.0,0.0,,0.0,1,8.13,12.6,SPY200508C00272000,272.0,normalDay
2020-04-24,3530.0,-3819.0,0.0,100,282.97,315.0,0,0.0,0.0,,0.0,1,8.13,14.29,SPY200508C00272000,272.0,normalDay
2020-04-27,3530.0,-3680.0,0.0,100,287.05,315.0,0,0.0,0.0,,0.0,1,8.13,16.98,SPY200508C00272000,272.0,normalDay
2020-04-28,3530.0,-3725.0,0.0,100,285.73,315.0,0,0.0,0.0,,0.0,1,8.13,16.11,SPY200508C00272000,272.0,normalDay
2020-04-29,3530.0,-3582.0,0.0,100,293.21,315.0,0,0.0,0.0,,0.0,1,8.13,22.16,SPY200508C00272000,272.0,normalDay
2020-04-30,3530.0,-3505.0,0.0,100,290.48,315.0,0,0.0,0.0,,0.0,1,8.13,18.66,SPY200508C00272000,272.0,normalDay
2020-05-01,3530.0,-3666.0,0.0,100,282.79,315.0,0,0.0,0.0,,0.0,1,8.13,12.58,SPY200508C00272000,272.0,normalDay
2020-05-04,3530.0,-3533.0,0.0,100,283.57,315.0,0,0.0,0.0,,0.0,1,8.13,12.03,SPY200508C00272000,272.0,normalDay
2020-05-05,3530.0,-3507.0,0.0,100,286.19,315.0,0,0.0,0.0,,0.0,1,8.13,14.39,SPY200508C00272000,272.0,normalDay
2020-05-06,3530.0,-3475.0,0.0,100,284.25,315.0,0,0.0,0.0,,0.0,1,8.13,12.13,SPY200508C00272000,272.0,normalDay
2020-05-07,3530.0,-3528.0,0.0,100,287.68,315.0,0,0.0,0.0,,0.0,1,8.13,16.09,SPY200508C00272000,272.0,normalDay
2020-05-08,43.0,-3528.0,-3487.0,0,292.44,0.0,0,0.0,0.0,,0.0,1,8.13,0.0,SPY200508C00272000,272.0,expirationDay
2020-05-11,43.0,-6.0,0.0,0,292.5,0.0,1,2.73,2.79,SPY200612P00268000,268.0,0,0.0,0.0,,0.0,normalDay
2020-05-12,43.0,-194.0,0.0,0,286.67,0.0,1,2.73,4.67,SPY200612P00268000,268.0,0,0.0,0.0,,0.0,normalDay
2020-05-13,43.0,-291.0,0.0,0,281.6,0.0,1,2.73,5.64,SPY200612P00268000,268.0,0,0.0,0.0,,0.0,normalDay
2020-05-14,43.0,-171.0,0.0,0,284.97,0.0,1,2.73,4.44,SPY200612P00268000,268.0,0,0.0,0.0,,0.0,normalDay
2020-05-15,43.0,-132.0,0.0,0,286.28,0.0,1,2.73,4.05,SPY200612P00268000,268.0,0,0.0,0.0,,0.0,normalDay
2020-05-18,43.0,67.0,0.0,0,295.0,0.0,1,2.73,2.06,SPY200612P00268000,268.0,0,0.0,0.0,,0.0,normalDay
2020-05-19,43.0,36.0,0.0,0,291.97,0.0,1,2.73,2.37,SPY200612P00268000,268.0,0,0.0,0.0,,0.0,normalDay
2020-05-20,43.0,130.0,0.0,0,296.93,0.0,1,2.73,1.43,SPY200612P00268000,268.0,0,0.0,0.0,,0.0,normalDay
2020-05-21,43.0,111.0,0.0,0,294.88,0.0,1,2.73,1.62,SPY200612P00268000,268.0,0,0.0,0.0,,0.0,normalDay
2020-05-22,43.0,146.0,0.0,0,295.44,0.0,1,2.73,1.27,SPY200612P00268000,268.0,0,0.0,0.0,,0.0,normalDay
2020-05-26,43.0,190.0,0.0,0,299.08,0.0,1,2.73,0.83,SPY200612P00268000,268.0,0,0.0,0.0,,0.0,normalDay
2020-05-27,43.0,212.0,0.0,0,303.53,0.0,1,2.73,0.61,SPY200612P00268000,268.0,0,0.0,0.0,,0.0,normalDay
2020-05-28,43.0,212.0,0.0,0,302.97,0.0,1,2.73,0.61,SPY200612P00268000,268.0,0,0.0,0.0,,0.0,normalDay
2020-05-29,43.0,234.0,0.0,0,304.32,0.0,1,2.73,0.39,SPY200612P00268000,268.0,0,0.0,0.0,,0.0,normalDay
2020-06-01,43.0,244.0,0.0,0,305.55,0.0,1,2.73,0.29,SPY200612P00268000,268.0,0,0.0,0.0,,0.0,normalDay
2020-06-02,43.0,254.0,0.0,0,308.08,0.0,1,2.73,0.19,SPY200612P00268000,268.0,0,0.0,0.0,,0.0,normalDay
2020-06-03,43.0,262.0,0.0,0,312.18,0.0,1,2.73,0.11,SPY200612P00268000,268.0,0,0.0,0.0,,0.0,normalDay
2020-06-04,43.0,264.0,0.0,0,311.36,0.0,1,2.73,0.09,SPY200612P00268000,268.0,0,0.0,0.0,,0.0,normalDay
2020-06-05,43.0,268.0,0.0,0,319.34,0.0,1,2.73,0.05,SPY200612P00268000,268.0,0,0.0,0.0,,0.0,normalDay
2020-06-08,43.0,270.0,0.0,0,323.2,0.0,1,2.73,0.03,SPY200612P00268000,268.0,0,0.0,0.0,,0.0,normalDay
2020-06-09,43.0,270.0,0.0,0,320.79,0.0,1,2.73,0.03,SPY200612P00268000,268.0,0,0.0,0.0,,0.0,normalDay
2020-06-10,43.0,272.0,0.0,0,319.0,0.0,1,2.73,0.01,SPY200612P00268000,268.0,0,0.0,0.0,,0.0,normalDay
2020-06-11,43.0,267.0,0.0,0,300.61,0.0,1,2.73,0.06,SPY200612P00268000,268.0,0,0.0,0.0,,0.0,normalDay
2020-06-12,316.0,0.0,273.0,0,304.21,0.0,1,2.73,0.0,SPY200612P00268000,268.0,0,0.0,0.0,,0.0,expirationDay
2020-06-15,316.0,-5.0,0.0,0,307.05,0.0,1,3.6,3.65,SPY200717P00277000,277.0,0,0.0,0.0,,0.0,normalDay
2020-06-16,316.0,73.0,0.0,0,312.96,0.0,1,3.6,2.87,SPY200717P00277000,277.0,0,0.0,0.0,,0.0,normalDay
2020-06-17,316.0,86.0,0.0,0,311.66,0.0,1,3.6,2.74,SPY200717P00277000,277.0,0,0.0,0.0,,0.0,normalDay
2020-06-18,316.0,114.0,0.0,0,311.78,0.0,1,3.6,2.46,SPY200717P00277000,277.0,0,0.0,0.0,,0.0,normalDay
2020-06-19,316.0,67.0,0.0,0,308.64,0.0,1,3.6,2.93,SPY200717P00277000,277.0,0,0.0,0.0,,0.0,normalDay
2020-06-22,316.0,174.0,0.0,0,310.62,0.0,1,3.6,1.86,SPY200717P00277000,277.0,0,0.0,0.0,,0.0,normalDay
2020-06-23,316.0,194.0,0.0,0,312.05,0.0,1,3.6,1.66,SPY200717P00277000,277.0,0,0.0,0.0,,0.0,normalDay
2020-06-24,316.0,118.0,0.0,0,304.09,0.0,1,3.6,2.42,SPY200717P00277000,277.0,0,0.0,0.0,,0.0,normalDay
2020-06-25,316.0,192.0,0.0,0,307.35,0.0,1,3.6,1.68,SPY200717P00277000,277.0,0,0.0,0.0,,0.0,normalDay
2020-06-26,316.0,102.0,0.0,0,300.05,0.0,1,3.6,2.58,SPY200717P00277000,277.0,0,0.0,0.0,,0.0,normalDay
2020-06-29,316.0,209.0,0.0,0,304.46,0.0,1,3.6,1.51,SPY200717P00277000,277.0,0,0.0,0.0,,0.0,normalDay
2020-06-30,316.0,259.0,0.0,0,308.36,0.0,1,3.6,1.01,SPY200717P00277000,277.0,0,0.0,0.0,,0.0,normalDay
2020-07-01,316.0,294.0,0.0,0,310.52,0.0,1,3.6,0.66,SPY200717P00277000,277.0,0,0.0,0.0,,0.0,normalDay
2020-07-02,316.0,313.0,0.0,0,312.23,0.0,1,3.6,0.47,SPY200717P00277000,277.0,0,0.0,0.0,,0.0,normalDay
2020-07-06,316.0,334.0,0.0,0,317.05,0.0,1,3.6,0.26,SPY200717P00277000,277.0,0,0.0,0.0,,0.0,normalDay
2020-07-07,316.0,331.0,0.0,0,313.78,0.0,1,3.6,0.29,SPY200717P00277000,277.0,0,0.0,0.0,,0.0,normalDay
2020-07-08,316.0,345.0,0.0,0,316.18,0.0,1,3.6,0.15,SPY200717P00277000,277.0,0,0.0,0.0,,0.0,normalDay
2020-07-09,316.0,344.0,0.0,0,314.38,0.0,1,3.6,0.16,SPY200717P00277000,277.0,0,0.0,0.0,,0.0,normalDay
2020-07-10,316.0,354.0,0.0,0,317.59,0.0,1,3.6,0.06,SPY200717P00277000,277.0,0,0.0,0.0,,0.0,normalDay
2020-07-13,316.0,352.0,0.0,0,314.84,0.0,1,3.6,0.08,SPY200717P00277000,277.0,0,0.0,0.0,,0.0,normalDay
2020-07-14,316.0,357.0,0.0,0,318.92,0.0,1,3.6,0.03,SPY200717P00277000,277.0,0,0.0,0.0,,0.0,normalDay
2020-07-15,316.0,358.0,0.0,0,321.85,0.0,1,3.6,0.02,SPY200717P00277000,277.0,0,0.0,0.0,,0.0,normalDay
2020-07-16,316.0,359.0,0.0,0,320.79,0.0,1,3.6,0.01,SPY200717P00277000,277.0,0,0.0,0.0,,0.0,normalDay
2020-07-17,676.0,0.0,360.0,0,321.72,0.0,1,3.6,0.0,SPY200717P00277000,277.0,0,0.0,0.0,,0.0,expirationDay
2020-07-20,676.0,-3.0,0.0,0,324.32,0.0,1,1.7,1.73,SPY200821P00293000,293.0,0,0.0,0.0,,0.0,normalDay
2020-07-21,676.0,0.0,0.0,0,325.01,0.0,1,1.7,1.7,SPY200821P00293000,293.0,0,0.0,0.0,,0.0,normalDay
2020-07-22,676.0,23.0,0.0,0,326.86,0.0,1,1.7,1.47,SPY200821P00293000,293.0,0,0.0,0.0,,0.0,normalDay
2020-07-23,676.0,-27.0,0.0,0,322.96,0.0,1,1.7,1.97,SPY200821P00293000,293.0,0,0.0,0.0,,0.0,normalDay
2020-07-24,676.0,-12.0,0.0,0,320.88,0.0,1,1.7,1.82,SPY200821P00293000,293.0,0,0.0,0.0,,0.0,normalDay
2020-07-27,676.0,41.0,0.0,0,323.22,0.0,1,1.7,1.29,SPY200821P00293000,293.0,0,0.0,0.0,,0.0,normalDay
2020-07-28,676.0,25.0,0.0,0,321.17,0.0,1,1.7,1.45,SPY200821P00293000,293.0,0,0.0,0.0,,0.0,normalDay
2020-07-29,676.0,73.0,0.0,0,325.12,0.0,1,1.7,0.97,SPY200821P00293000,293.0,0,0.0,0.0,,0.0,normalDay
2020-07-30,676.0,67.0,0.0,0,323.96,0.0,1,1.7,1.03,SPY200821P00293000,293.0,0,0.0,0.0,,0.0,normalDay
2020-07-31,676.0,99.0,0.0,0,326.52,0.0,1,1.7,0.71,SPY200821P00293000,293.0,0,0.0,0.0,,0.0,normalDay
2020-08-03,676.0,118.0,0.0,0,328.79,0.0,1,1.7,0.52,SPY200821P00293000,293.0,0,0.0,0.0,,0.0,normalDay
2020-08-04,676.0,129.0,0.0,0,330.06,0.0,1,1.7,0.41,SPY200821P00293000,293.0,0,0.0,0.0,,0.0,normalDay
2020-08-05,676.0,138.0,0.0,0,332.11,0.0,1,1.7,0.32,SPY200821P00293000,293.0,0,0.0,0.0,,0.0,normalDay
2020-08-06,676.0,141.0,0.0,0,334.33,0.0,1,1.7,0.29,SPY200821P00293000,293.0,0,0.0,0.0,,0.0,normalDay
2020-08-07,676.0,148.0,0.0,0,334.57,0.0,1,1.7,0.22,SPY200821P00293000,293.0,0,0.0,0.0,,0.0,normalDay
2020-08-10,676.0,154.0,0.0,0,335.57,0.0,1,1.7,0.16,SPY200821P00293000,293.0,0,0.0,0.0,,0.0,normalDay
2020-08-11,676.0,146.0,0.0,0,332.8,0.0,1,1.7,0.24,SPY200821P00293000,293.0,0,0.0,0.0,,0.0,normalDay
2020-08-12,676.0,159.0,0.0,0,337.44,0.0,1,1.7,0.11,SPY200821P00293000,293.0,0,0.0,0.0,,0.0,normalDay
2020-08-13,676.0,161.0,0.0,0,336.83,0.0,1,1.7,0.09,SPY200821P00293000,293.0,0,0.0,0.0,,0.0,normalDay
2020-08-14,676.0,165.0,0.0,0,336.84,0.0,1,1.7,0.05,SPY200821P00293000,293.0,0,0.0,0.0,,0.0,normalDay
2020-08-17,676.0,167.0,0.0,0,337.91,0.0,1,1.7,0.03,SPY200821P00293000,293.0,0,0.0,0.0,,0.0,normalDay
2020-08-18,676.0,167.0,0.0,0,338.64,0.0,1,1.7,0.03,SPY200821P00293000,293.0,0,0.0,0.0,,0.0,normalDay
2020-08-19,676.0,166.0,0.0,0,337.23,0.0,1,1.7,0.04,SPY200821P00293000,293.0,0,0.0,0.0,,0.0,normalDay
2020-08-20,676.0,168.0,0.0,0,338.28,0.0,1,1.7,0.02,SPY200821P00293000,293.0,0,0.0,0.0,,0.0,normalDay
2020-08-21,846.0,0.0,170.0,0,339.48,0.0,1,1.7,0.0,SPY200821P00293000,293.0,0,0.0,0.0,,0.0,expirationDay
2020-08-24,846.0,-4.0,0.0,0,342.92,0.0,1,2.02,2.06,SPY200925P00315000,315.0,0,0.0,0.0,,0.0,normalDay
2020-08-25,846.0,21.0,0.0,0,344.12,0.0,1,2.02,1.81,SPY200925P00315000,315.0,0,0.0,0.0,,0.0,normalDay
2020-08-26,846.0,34.0,0.0,0,347.57,0.0,1,2.02,1.68,SPY200925P00315000,315.0,0,0.0,0.0,,0.0,normalDay
2020-08-27,846.0,32.0,0.0,0,348.33,0.0,1,2.02,1.7,SPY200925P00315000,315.0,0,0.0,0.0,,0.0,normalDay
2020-08-28,846.0,74.0,0.0,0,350.58,0.0,1,2.02,1.28,SPY200925P00315000,315.0,0,0.0,0.0,,0.0,normalDay
2020-08-31,846.0,41.0,0.0,0,349.31,0.0,1,2.02,1.61,SPY200925P00315000,315.0,0,0.0,0.0,,0.0,normalDay
2020-09-01,846.0,66.0,0.0,0,352.6,0.0,1,2.02,1.36,SPY200925P00315000,315.0,0,0.0,0.0,,0.0,normalDay
2020-09-02,846.0,98.0,0.0,0,357.7,0.0,1,2.02,1.04,SPY200925P00315000,315.0,0,0.0,0.0,,0.0,normalDay
2020-09-03,846.0,-42.0,0.0,0,345.39,0.0,1,2.02,2.44,SPY200925P00315000,315.0,0,0.0,0.0,,0.0,normalDay
2020-09-04,846.0,-43.0,0.0,0,342.57,0.0,1,2.02,2.45,SPY200925P00315000,315.0,0,0.0,0.0,,0.0,normalDay
2020-09-08,846.0,-114.0,0.0,0,333.21,0.0,1,2.02,3.16,SPY200925P00315000,315.0,0,0.0,0.0,,0.0,normalDay
2020-09-09,846.0,22.0,0.0,0,339.79,0.0,1,2.02,1.8,SPY200925P00315000,315.0,0,0.0,0.0,,0.0,normalDay
2020-09-10,846.0,-40.0,0.0,0,333.89,0.0,1,2.02,2.42,SPY200925P00315000,315.0,0,0.0,0.0,,0.0,normalDay
2020-09-11,846.0,23.0,0.0,0,334.06,0.0,1,2.02,1.79,SPY200925P00315000,315.0,0,0.0,0.0,,0.0,normalDay
2020-09-14,846.0,125.0,0.0,0,338.46,0.0,1,2.02,0.77,SPY200925P00315000,315.0,0,0.0,0.0,,0.0,normalDay
2020-09-15,846.0,144.0,0.0,0,340.17,0.0,1,2.02,0.58,SPY200925P00315000,315.0,0,0.0,0.0,,0.0,normalDay
2020-09-16,846.0,147.0,0.0,0,338.82,0.0,1,2.02,0.55,SPY200925P00315000,315.0,0,0.0,0.0,,0.0,normalDay
2020-09-17,846.0,143.0,0.0,0,335.84,0.0,1,2.02,0.59,SPY200925P00315000,315.0,0,0.0,0.0,,0.0,normalDay
2020-09-18,846.0,146.0,0.0,0,330.65,0.0,1,2.02,0.56,SPY200925P00315000,315.0,0,0.0,0.0,,0.0,normalDay
2020-09-21,846.0,136.0,0.0,0,326.97,0.0,1,2.02,0.66,SPY200925P00315000,315.0,0,0.0,0.0,,0.0,normalDay
2020-09-22,846.0,185.0,0.0,0,330.3,0.0,1,2.02,0.17,SPY200925P00315000,315.0,0,0.0,0.0,,0.0,normalDay
2020-09-23,846.0,138.0,0.0,0,322.64,0.0,1,2.02,0.64,SPY200925P00315000,315.0,0,0.0,0.0,,0.0,normalDay
2020-09-24,846.0,188.0,0.0,0,323.5,0.0,1,2.02,0.14,SPY200925P00315000,315.0,0,0.0,0.0,,0.0,normalDay
2020-09-25,1048.0,0.0,202.0,0,328.73,0.0,1,2.02,0.0,SPY200925P00315000,315.0,0,0.0,0.0,,0.0,expirationDay
2020-09-28,1048.0,-6.0,0.0,0,334.19,0.0,1,2.54,2.6,SPY201030P00308000,308.0,0,0.0,0.0,,0.0,normalDay
2020-09-29,1048.0,-17.0,0.0,0,332.37,0.0,1,2.54,2.71,SPY201030P00308000,308.0,0,0.0,0.0,,0.0,normalDay
2020-09-30,1048.0,-2.0,0.0,0,334.89,0.0,1,2.54,2.56,SPY201030P00308000,308.0,0,0.0,0.0,,0.0,normalDay
2020-10-01,1048.0,42.0,0.0,0,337.04,0.0,1,2.54,2.12,SPY201030P00308000,308.0,0,0.0,0.0,,0.0,normalDay
2020-10-02,1048.0,13.0,0.0,0,333.84,0.0,1,2.54,2.41,SPY201030P00308000,308.0,0,0.0,0.0,,0.0,normalDay
2020-10-05,1048.0,113.0,0.0,0,339.76,0.0,1,2.54,1.41,SPY201030P00308000,308.0,0,0.0,0.0,,0.0,normalDay
2020-10-06,1048.0,64.0,0.0,0,334.93,0.0,1,2.54,1.9,SPY201030P00308000,308.0,0,0.0,0.0,,0.0,normalDay
2020-10-07,1048.0,146.0,0.0,0,340.76,0.0,1,2.54,1.08,SPY201030P00308000,308.0,0,0.0,0.0,,0.0,normalDay
2020-10-08,1048.0,184.0,0.0,0,343.78,0.0,1,2.54,0.7,SPY201030P00308000,308.0,0,0.0,0.0,,0.0,normalDay
2020-10-09,1048.0,210.0,0.0,0,346.85,0.0,1,2.54,0.44,SPY201030P00308000,308.0,0,0.0,0.0,,0.0,normalDay
2020-10-12,1048.0,224.0,0.0,0,352.43,0.0,1,2.54,0.3,SPY201030P00308000,308.0,0,0.0,0.0,,0.0,normalDay
2020-10-13,1048.0,224.0,0.0,0,350.13,0.0,1,2.54,0.3,SPY201030P00308000,308.0,0,0.0,0.0,,0.0,normalDay
2020-10-14,1048.0,225.0,0.0,0,347.93,0.0,1,2.54,0.29,SPY201030P00308000,308.0,0,0.0,0.0,,0.0,normalDay
2020-10-15,1048.0,228.0,0.0,0,347.5,0.0,1,2.54,0.26,SPY201030P00308000,308.0,0,0.0,0.0,,0.0,normalDay
2020-10-16,1048.0,232.0,0.0,0,347.29,0.0,1,2.54,0.22,SPY201030P00308000,308.0,0,0.0,0.0,,0.0,normalDay
2020-10-19,1048.0,226.0,0.0,0,342.01,0.0,1,2.54,0.28,SPY201030P00308000,308.0,0,0.0,0.0,,0.0,normalDay
2020-10-20,1048.0,233.0,0.0,0,343.38,0.0,1,2.54,0.21,SPY201030P00308000,308.0,0,0.0,0.0,,0.0,normalDay
2020-10-21,1048.0,241.0,0.0,0,342.73,0.0,1,2.54,0.13,SPY201030P00308000,308.0,0,0.0,0.0,,0.0,normalDay
2020-10-22,1048.0,246.0,0.0,0,344.61,0.0,1,2.54,0.08,SPY201030P00308000,308.0,0,0.0,0.0,,0.0,normalDay
2020-10-23,1048.0,249.0,0.0,0,345.78,0.0,1,2.54,0.05,SPY201030P00308000,308.0,0,0.0,0.0,,0.0,normalDay
2020-10-26,1048.0,243.0,0.0,0,339.39,0.0,1,2.54,0.11,SPY201030P00308000,308.0,0,0.0,0.0,,0.0,normalDay
2020-10-27,1048.0,248.0,0.0,0,338.22,0.0,1,2.54,0.06,SPY201030P00308000,308.0,0,0.0,0.0,,0.0,normalDay
2020-10-28,1048.0,215.0,0.0,0,326.66,0.0,1,2.54,0.39,SPY201030P00308000,308.0,0,0.0,0.0,,0.0,normalDay
2020-10-29,1048.0,250.0,0.0,0,329.98,0.0,1,2.54,0.04,SPY201030P00308000,308.0,0,0.0,0.0,,0.0,normalDay
2020-10-30,1302.0,0.0,254.0,0,326.54,0.0,1,2.54,0.0,SPY201030P00308000,308.0,0,0.0,0.0,,0.0,expirationDay
2020-11-02,1302.0,-6.0,0.0,0,330.2,0.0,1,7.87,7.93,SPY201204P00317000,317.0,0,0.0,0.0,,0.0,normalDay
2020-11-03,1302.0,164.0,0.0,0,336.03,0.0,1,7.87,6.23,SPY201204P00317000,317.0,0,0.0,0.0,,0.0,normalDay
2020-11-04,1302.0,445.0,0.0,0,343.54,0.0,1,7.87,3.42,SPY201204P00317000,317.0,0,0.0,0.0,,0.0,normalDay
2020-11-05,1302.0,552.0,0.0,0,350.24,0.0,1,7.87,2.35,SPY201204P00317000,317.0,0,0.0,0.0,,0.0,normalDay
2020-11-06,1302.0,616.0,0.0,0,350.16,0.0,1,7.87,1.71,SPY201204P00317000,317.0,0,0.0,0.0,,0.0,normalDay
2020-11-09,1302.0,663.0,0.0,0,354.56,0.0,1,7.87,1.24,SPY201204P00317000,317.0,0,0.0,0.0,,0.0,normalDay
2020-11-10,1302.0,676.0,0.0,0,354.04,0.0,1,7.87,1.11,SPY201204P00317000,317.0,0,0.0,0.0,,0.0,normalDay
2020-11-11,1302.0,703.0,0.0,0,356.67,0.0,1,7.87,0.84,SPY201204P00317000,317.0,0,0.0,0.0,,0.0,normalDay
2020-11-12,1302.0,674.0,0.0,0,353.21,0.0,1,7.87,1.13,SPY201204P00317000,317.0,0,0.0,0.0,,0.0,normalDay
2020-11-13,1302.0,720.0,0.0,0,358.1,0.0,1,7.87,0.67,SPY201204P00317000,317.0,0,0.0,0.0,,0.0,normalDay
2020-11-16,1302.0,747.0,0.0,0,362.57,0.0,1,7.87,0.4,SPY201204P00317000,317.0,0,0.0,0.0,,0.0,normalDay
2020-11-17,1302.0,751.0,0.0,0,360.62,0.0,1,7.87,0.36,SPY201204P00317000,317.0,0,0.0,0.0,,0.0,normalDay
2020-11-18,1302.0,742.0,0.0,0,356.28,0.0,1,7.87,0.45,SPY201204P00317000,317.0,0,0.0,0.0,,0.0,normalDay
2020-11-19,1302.0,751.0,0.0,0,357.78,0.0,1,7.87,0.36,SPY201204P00317000,317.0,0,0.0,0.0,,0.0,normalDay
2020-11-20,1302.0,756.0,0.0,0,355.33,0.0,1,7.87,0.31,SPY201204P00317000,317.0,0,0.0,0.0,,0.0,normalDay
2020-11-23,1302.0,769.0,0.0,0,357.46,0.0,1,7.87,0.18,SPY201204P00317000,317.0,0,0.0,0.0,,0.0,normalDay
2020-11-24,1302.0,777.0,0.0,0,363.22,0.0,1,7.87,0.1,SPY201204P00317000,317.0,0,0.0,0.0,,0.0,normalDay
2020-11-25,1302.0,780.0,0.0,0,362.66,0.0,1,7.87,0.07,SPY201204P00317000,317.0,0,0.0,0.0,,0.0,normalDay
2020-11-27,1302.0,783.0,0.0,0,363.67,0.0,1,7.87,0.04,SPY201204P00317000,317.0,0,0.0,0.0,,0.0,normalDay
2020-11-30,1302.0,783.0,0.0,0,362.06,0.0,1,7.87,0.04,SPY201204P00317000,317.0,0,0.0,0.0,,0.0,normalDay
2020-12-01,1302.0,785.0,0.0,0,366.02,0.0,1,7.87,0.02,SPY201204P00317000,317.0,0,0.0,0.0,,0.0,normalDay
2020-12-02,1302.0,786.0,0.0,0,366.79,0.0,1,7.87,0.01,SPY201204P00317000,317.0,0,0.0,0.0,,0.0,normalDay
2020-12-03,1302.0,786.0,0.0,0,366.69,0.0,1,7.87,0.01,SPY201204P00317000,317.0,0,0.0,0.0,,0.0,normalDay
2020-12-04,2089.0,0.0,787.0,0,369.85,0.0,1,7.87,0.0,SPY201204P00317000,317.0,0,0.0,0.0,,0.0,expirationDay
2020-12-07,2089.0,-5.0,0.0,0,369.09,0.0,1,2.66,2.71,SPY210108P00345000,345.0,0,0.0,0.0,,0.0,normalDay
2020-12-08,2089.0,45.0,0.0,0,370.17,0.0,1,2.66,2.21,SPY210108P00345000,345.0,0,0.0,0.0,,0.0,normalDay
2020-12-09,2089.0,-24.0,0.0,0,366.85,0.0,1,2.66,2.9,SPY210108P00345000,345.0,0,0.0,0.0,,0.0,normalDay
2020-12-10,2089.0,-17.0,0.0,0,366.73,0.0,1,2.66,2.83,SPY210108P00345000,345.0,0,0.0,0.0,,0.0,normalDay
2020-12-11,2089.0,-28.0,0.0,0,366.3,0.0,1,2.66,2.94,SPY210108P00345000,345.0,0,0.0,0.0,,0.0,normalDay
2020-12-14,2089.0,-47.0,0.0,0,364.66,0.0,1,2.66,3.13,SPY210108P00345000,345.0,0,0.0,0.0,,0.0,normalDay
2020-12-15,2089.0,46.0,0.0,0,369.59,0.0,1,2.66,2.2,SPY210108P00345000,345.0,0,0.0,0.0,,0.0,normalDay
2020-12-16,2089.0,81.0,0.0,0,370.17,0.0,1,2.66,1.85,SPY210108P00345000,345.0,0,0.0,0.0,,0.0,normalDay
2020-12-17,2089.0,121.0,0.0,0,372.24,0.0,1,2.66,1.45,SPY210108P00345000,345.0,0,0.0,0.0,,0.0,normalDay
2020-12-18,2089.0,130.0,0.0,0,369.18,0.0,1,2.66,1.36,SPY210108P00345000,345.0,0,0.0,0.0,,0.0,normalDay
2020-12-21,2089.0,74.0,0.0,0,367.86,0.0,1,2.66,1.92,SPY210108P00345000,345.0,0,0.0,0.0,,0.0,normalDay
2020-12-22,2089.0,96.0,0.0,0,367.24,0.0,1,2.66,1.7,SPY210108P00345000,345.0,0,0.0,0.0,,0.0,normalDay
2020-12-23,2089.0,127.0,0.0,0,367.57,0.0,1,2.66,1.39,SPY210108P00345000,345.0,0,0.0,0.0,,0.0,normalDay
2020-12-24,2089.0,170.0,0.0,0,369.0,0.0,1,2.66,0.96,SPY210108P00345000,345.0,0,0.0,0.0,,0.0,normalDay
2020-12-28,2089.0,213.0,0.0,0,372.17,0.0,1,2.66,0.53,SPY210108P00345000,345.0,0,0.0,0.0,,0.0,normalDay
2020-12-29,2089.0,207.0,0.0,0,371.46,0.0,1,2.66,0.59,SPY210108P00345000,345.0,0,0.0,0.0,,0.0,normalDay
2020-12-30,2089.0,219.0,0.0,0,371.99,0.0,1,2.66,0.47,SPY210108P00345000,345.0,0,0.0,0.0,,0.0,normalDay
2020-12-31,2089.0,237.0,0.0,0,373.88,0.0,1,2.66,0.29,SPY210108P00345000,345.0,0,0.0,0.0,,0.0,normalDay
2021-01-04,2089.0,224.0,0.0,0,368.79,0.0,1,2.66,0.42,SPY210108P00345000,345.0,0,0.0,0.0,,0.0,normalDay
2021-01-05,2089.0,249.0,0.0,0,371.33,0.0,1,2.66,0.17,SPY210108P00345000,345.0,0,0.0,0.0,,0.0,normalDay
2021-01-06,2089.0,254.0,0.0,0,373.55,0.0,1,2.66,0.12,SPY210108P00345000,345.0,0,0.0,0.0,,0.0,normalDay
2021-01-07,2089.0,264.0,0.0,0,379.1,0.0,1,2.66,0.02,SPY210108P00345000,345.0,0,0.0,0.0,,0.0,normalDay
2021-01-08,2355.0,0.0,266.0,0,381.26,0.0,1,2.66,0.0,SPY210108P00345000,345.0,0,0.0,0.0,,0.0,expirationDay
2021-01-11,2355.0,-6.0,0.0,0,378.69,0.0,1,3.65,3.71,SPY210212P00358000,358.0,0,0.0,0.0,,0.0,normalDay
2021-01-12,2355.0,22.0,0.0,0,378.77,0.0,1,3.65,3.43,SPY210212P00358000,358.0,0,0.0,0.0,,0.0,normalDay
2021-01-13,2355.0,79.0,0.0,0,379.79,0.0,1,3.65,2.86,SPY210212P00358000,358.0,0,0.0,0.0,,0.0,normalDay
2021-01-14,2355.0,47.0,0.0,0,378.46,0.0,1,3.65,3.18,SPY210212P00358000,358.0,0,0.0,0.0,,0.0,normalDay
2021-01-15,2355.0,-22.0,0.0,0,375.7,0.0,1,3.65,3.87,SPY210212P00358000,358.0,0,0.0,0.0,,0.0,normalDay
2021-01-19,2355.0,94.0,0.0,0,378.65,0.0,1,3.65,2.71,SPY210212P00358000,358.0,0,0.0,0.0,,0.0,normalDay
2021-01-20,2355.0,192.0,0.0,0,383.89,0.0,1,3.65,1.73,SPY210212P00358000,358.0,0,0.0,0.0,,0.0,normalDay
2021-01-21,2355.0,210.0,0.0,0,384.24,0.0,1,3.65,1.55,SPY210212P00358000,358.0,0,0.0,0.0,,0.0,normalDay
2021-01-22,2355.0,207.0,0.0,0,382.88,0.0,1,3.65,1.58,SPY210212P00358000,358.0,0,0.0,0.0,,0.0,normalDay
2021-01-25,2355.0,226.0,0.0,0,384.39,0.0,1,3.65,1.39,SPY210212P00358000,358.0,0,0.0,0.0,,0.0,normalDay
2021-01-26,2355.0,241.0,0.0,0,383.79,0.0,1,3.65,1.24,SPY210212P00358000,358.0,0,0.0,0.0,,0.0,normalDay
2021-01-27,2355.0,-74.0,0.0,0,374.41,0.0,1,3.65,4.39,SPY210212P00358000,358.0,0,0.0,0.0,,0.0,normalDay
2021-01-28,2355.0,83.0,0.0,0,377.63,0.0,1,3.65,2.82,SPY210212P00358000,358.0,0,0.0,0.0,,0.0,normalDay
2021-01-29,2355.0,-147.0,0.0,0,370.07,0.0,1,3.65,5.12,SPY210212P00358000,358.0,0,0.0,0.0,,0.0,normalDay
2021-02-01,2355.0,135.0,0.0,0,376.23,0.0,1,3.65,2.3,SPY210212P00358000,358.0,0,0.0,0.0,,0.0,normalDay
2021-02-02,2355.0,280.0,0.0,0,381.55,0.0,1,3.65,0.85,SPY210212P00358000,358.0,0,0.0,0.0,,0.0,normalDay
2021-02-03,2355.0,316.0,0.0,0,381.85,0.0,1,3.65,0.49,SPY210212P00358000,358.0,0,0.0,0.0,,0.0,normalDay
2021-02-04,2355.0,342.0,0.0,0,386.19,0.0,1,3.65,0.23,SPY210212P00358000,358.0,0,0.0,0.0,,0.0,normalDay
2021-02-05,2355.0,356.0,0.0,0,387.71,0.0,1,3.65,0.09,SPY210212P00358000,358.0,0,0.0,0.0,,0.0,normalDay
2021-02-08,2355.0,360.0,0.0,0,390.51,0.0,1,3.65,0.05,SPY210212P00358000,358.0,0,0.0,0.0,,0.0,normalDay
2021-02-09,2355.0,361.0,0.0,0,390.25,0.0,1,3.65,0.04,SPY210212P00358000,358.0,0,0.0,0.0,,0.0,normalDay
2021-02-10,2355.0,361.0,0.0,0,390.08,0.0,1,3.65,0.04,SPY210212P00358000,358.0,0,0.0,0.0,,0.0,normalDay
2021-02-11,2355.0,364.0,0.0,0,390.71,0.0,1,3.65,0.01,SPY210212P00358000,358.0,0,0.0,0.0,,0.0,normalDay
2021-02-12,2720.0,0.0,365.0,0,392.64,0.0,1,3.65,0.0,SPY210212P00358000,358.0,0,0.0,0.0,,0.0,expirationDay
2021-02-16,2720.0,-3.0,0.0,0,392.3,0.0,1,2.45,2.48,SPY210319P00364000,364.0,0,0.0,0.0,,0.0,normalDay
2021-02-17,2720.0,12.0,0.0,0,392.39,0.0,1,2.45,2.33,SPY210319P00364000,364.0,0,0.0,0.0,,0.0,normalDay
2021-02-18,2720.0,-17.0,0.0,0,390.72,0.0,1,2.45,2.62,SPY210319P00364000,364.0,0,0.0,0.0,,0.0,normalDay
2021-02-19,2720.0,-6.0,0.0,0,390.03,0.0,1,2.45,2.51,SPY210319P00364000,364.0,0,0.0,0.0,,0.0,normalDay
2021-02-22,2720.0,-36.0,0.0,0,387.03,0.0,1,2.45,2.81,SPY210319P00364000,364.0,0,0.0,0.0,,0.0,normalDay
2021-02-23,2720.0,-11.0,0.0,0,387.5,0.0,1,2.45,2.56,SPY210319P00364000,364.0,0,0.0,0.0,,0.0,normalDay
2021-02-24,2720.0,77.0,0.0,0,391.77,0.0,1,2.45,1.68,SPY210319P00364000,364.0,0,0.0,0.0,,0.0,normalDay
2021-02-25,2720.0,-173.0,0.0,0,382.33,0.0,1,2.45,4.18,SPY210319P00364000,364.0,0,0.0,0.0,,0.0,normalDay
2021-02-26,2720.0,-184.0,0.0,0,380.36,0.0,1,2.45,4.29,SPY210319P00364000,364.0,0,0.0,0.0,,0.0,normalDay
2021-03-01,2720.0,65.0,0.0,0,389.58,0.0,1,2.45,1.8,SPY210319P00364000,364.0,0,0.0,0.0,,0.0,normalDay
2021-03-02,2720.0,27.0,0.0,0,386.54,0.0,1,2.45,2.18,SPY210319P00364000,364.0,0,0.0,0.0,,0.0,normalDay
2021-03-03,2720.0,-54.0,0.0,0,381.42,0.0,1,2.45,2.99,SPY210319P00364000,364.0,0,0.0,0.0,,0.0,normalDay
2021-03-04,2720.0,-175.0,0.0,0,376.7,0.0,1,2.45,4.2,SPY210319P00364000,364.0,0,0.0,0.0,,0.0,normalDay
2021-03-05,2720.0,32.0,0.0,0,383.63,0.0,1,2.45,2.13,SPY210319P00364000,364.0,0,0.0,0.0,,0.0,normalDay
2021-03-08,2720.0,30.0,0.0,0,381.72,0.0,1,2.45,2.15,SPY210319P00364000,364.0,0,0.0,0.0,,0.0,normalDay
2021-03-09,2720.0,132.0,0.0,0,387.17,0.0,1,2.45,1.13,SPY210319P00364000,364.0,0,0.0,0.0,,0.0,normalDay
2021-03-10,2720.0,187.0,0.0,0,389.58,0.0,1,2.45,0.58,SPY210319P00364000,364.0,0,0.0,0.0,,0.0,normalDay
2021-03-11,2720.0,210.0,0.0,0,393.53,0.0,1,2.45,0.35,SPY210319P00364000,364.0,0,0.0,0.0,,0.0,normalDay
2021-03-12,2720.0,231.0,0.0,0,394.06,0.0,1,2.45,0.14,SPY210319P00364000,364.0,0,0.0,0.0,,0.0,normalDay
2021-03-15,2720.0,239.0,0.0,0,396.41,0.0,1,2.45,0.06,SPY210319P00364000,364.0,0,0.0,0.0,,0.0,normalDay
2021-03-16,2720.0,237.0,0.0,0,395.91,0.0,1,2.45,0.08,SPY210319P00364000,364.0,0,0.0,0.0,,0.0,normalDay
2021-03-17,2720.0,242.0,0.0,0,397.26,0.0,1,2.45,0.03,SPY210319P00364000,364.0,0,0.0,0.0,,0.0,normalDay
2021-03-18,2720.0,238.0,0.0,0,391.48,0.0,1,2.45,0.07,SPY210319P00364000,364.0,0,0.0,0.0,,0.0,normalDay
2021-03-19,2965.0,0.0,245.0,0,389.48,0.0,1,2.45,0.0,SPY210319P00364000,364.0,0,0.0,0.0,,0.0,expirationDay
2021-03-22,2965.0,-5.0,0.0,0,392.59,0.0,1,2.16,2.21,SPY210423P00370000,370.0,0,0.0,0.0,,0.0,normalDay
2021-03-23,2965.0,-66.0,0.0,0,389.5,0.0,1,2.16,2.82,SPY210423P00370000,370.0,0,0.0,0.0,,0.0,normalDay
2021-03-24,2965.0,-102.0,0.0,0,387.52,0.0,1,2.16,3.18,SPY210423P00370000,370.0,0,0.0,0.0,,0.0,normalDay
2021-03-25,2965.0,-31.0,0.0,0,389.7,0.0,1,2.16,2.47,SPY210423P00370000,370.0,0,0.0,0.0,,0.0,normalDay
2021-03-26,2965.0,52.0,0.0,0,395.98,0.0,1,2.16,1.64,SPY210423P00370000,370.0,0,0.0,0.0,,0.0,normalDay
2021-03-29,2965.0,36.0,0.0,0,395.78,0.0,1,2.16,1.8,SPY210423P00370000,370.0,0,0.0,0.0,,0.0,normalDay
2021-03-30,2965.0,56.0,0.0,0,394.73,0.0,1,2.16,1.6,SPY210423P00370000,370.0,0,0.0,0.0,,0.0,normalDay
2021-03-31,2965.0,89.0,0.0,0,396.33,0.0,1,2.16,1.27,SPY210423P00370000,370.0,0,0.0,0.0,,0.0,normalDay
2021-04-01,2965.0,143.0,0.0,0,400.61,0.0,1,2.16,0.73,SPY210423P00370000,370.0,0,0.0,0.0,,0.0,normalDay
2021-04-05,2965.0,171.0,0.0,0,406.36,0.0,1,2.16,0.45,SPY210423P00370000,370.0,0,0.0,0.0,,0.0,normalDay
2021-04-06,2965.0,173.0,0.0,0,406.12,0.0,1,2.16,0.43,SPY210423P00370000,370.0,0,0.0,0.0,,0.0,normalDay
2021-04-07,2965.0,184.0,0.0,0,406.59,0.0,1,2.16,0.32,SPY210423P00370000,370.0,0,0.0,0.0,,0.0,normalDay
2021-04-08,2965.0,192.0,0.0,0,408.52,0.0,1,2.16,0.24,SPY210423P00370000,370.0,0,0.0,0.0,,0.0,normalDay
2021-04-09,2965.0,200.0,0.0,0,411.49,0.0,1,2.16,0.16,SPY210423P00370000,370.0,0,0.0,0.0,,0.0,normalDay
2021-04-12,2965.0,207.0,0.0,0,411.64,0.0,1,2.16,0.09,SPY210423P00370000,370.0,0,0.0,0.0,,0.0,normalDay
2021-04-13,2965.0,209.0,0.0,0,412.86,0.0,1,2.16,0.07,SPY210423P00370000,370.0,0,0.0,0.0,,0.0,normalDay
2021-04-14,2965.0,208.0,0.0,0,411.45,0.0,1,2.16,0.08,SPY210423P00370000,370.0,0,0.0,0.0,,0.0,normalDay
2021-04-15,2965.0,210.0,0.0,0,415.87,0.0,1,2.16,0.06,SPY210423P00370000,370.0,0,0.0,0.0,,0.0,normalDay
2021-04-16,2965.0,213.0,0.0,0,417.26,0.0,1,2.16,0.03,SPY210423P00370000,370.0,0,0.0,0.0,,0.0,normalDay
2021-04-19,2965.0,214.0,0.0,0,415.21,0.0,1,2.16,0.02,SPY210423P00370000,370.0,0,0.0,0.0,,0.0,normalDay
2021-04-20,2965.0,214.0,0.0,0,412.17,0.0,1,2.16,0.02,SPY210423P00370000,370.0,0,0.0,0.0,,0.0,normalDay
2021-04-21,2965.0,215.0,0.0,0,416.07,0.0,1,2.16,0.01,SPY210423P00370000,370.0,0,0.0,0.0,,0.0,normalDay
2021-04-22,2965.0,215.0,0.0,0,412.27,0.0,1,2.16,0.01,SPY210423P00370000,370.0,0,0.0,0.0,,0.0,normalDay
2021-04-23,3181.0,0.0,216.0,0,416.74,0.0,1,2.16,0.0,SPY210423P00370000,370.0,0,0.0,0.0,,0.0,expirationDay
2021-04-26,3181.0,-5.0,0.0,0,417.61,0.0,1,1.6,1.65,SPY210528P00387000,387.0,0,0.0,0.0,,0.0,normalDay
2021-04-27,3181.0,1.0,0.0,0,417.52,0.0,1,1.6,1.59,SPY210528P00387000,387.0,0,0.0,0.0,,0.0,normalDay
2021-04-28,3181.0,18.0,0.0,0,417.4,0.0,1,1.6,1.42,SPY210528P00387000,387.0,0,0.0,0.0,,0.0,normalDay
2021-04-29,3181.0,30.0,0.0,0,420.06,0.0,1,1.6,1.3,SPY210528P00387000,387.0,0,0.0,0.0,,0.0,normalDay
2021-04-30,3181.0,5.0,0.0,0,417.3,0.0,1,1.6,1.55,SPY210528P00387000,387.0,0,0.0,0.0,,0.0,normalDay
2021-05-03,3181.0,32.0,0.0,0,418.2,0.0,1,1.6,1.28,SPY210528P00387000,387.0,0,0.0,0.0,,0.0,normalDay
2021-05-04,3181.0,1.0,0.0,0,415.62,0.0,1,1.6,1.59,SPY210528P00387000,387.0,0,0.0,0.0,,0.0,normalDay
2021-05-05,3181.0,11.0,0.0,0,415.75,0.0,1,1.6,1.49,SPY210528P00387000,387.0,0,0.0,0.0,,0.0,normalDay
2021-05-06,3181.0,52.0,0.0,0,419.07,0.0,1,1.6,1.08,SPY210528P00387000,387.0,0,0.0,0.0,,0.0,normalDay
2021-05-07,3181.0,86.0,0.0,0,422.12,0.0,1,1.6,0.74,SPY210528P00387000,387.0,0,0.0,0.0,,0.0,normalDay
2021-05-10,3181.0,48.0,0.0,0,417.94,0.0,1,1.6,1.12,SPY210528P00387000,387.0,0,0.0,0.0,,0.0,normalDay
2021-05-11,3181.0,11.0,0.0,0,414.21,0.0,1,1.6,1.49,SPY210528P00387000,387.0,0,0.0,0.0,,0.0,normalDay
2021-05-12,3181.0,-186.0,0.0,0,405.41,0.0,1,1.6,3.46,SPY210528P00387000,387.0,0,0.0,0.0,,0.0,normalDay
2021-05-13,3181.0,-25.0,0.0,0,410.28,0.0,1,1.6,1.85,SPY210528P00387000,387.0,0,0.0,0.0,,0.0,normalDay
2021-05-14,3181.0,91.0,0.0,0,416.58,0.0,1,1.6,0.69,SPY210528P00387000,387.0,0,0.0,0.0,,0.0,normalDay
2021-05-17,3181.0,105.0,0.0,0,415.52,0.0,1,1.6,0.55,SPY210528P00387000,387.0,0,0.0,0.0,,0.0,normalDay
2021-05-18,3181.0,81.0,0.0,0,411.94,0.0,1,1.6,0.79,SPY210528P00387000,387.0,0,0.0,0.0,,0.0,normalDay
2021-05-19,3181.0,87.0,0.0,0,410.86,0.0,1,1.6,0.73,SPY210528P00387000,387.0,0,0.0,0.0,,0.0,normalDay
2021-05-20,3181.0,126.0,0.0,0,415.28,0.0,1,1.6,0.34,SPY210528P00387000,387.0,0,0.0,0.0,,0.0,normalDay
2021-05-21,3181.0,141.0,0.0,0,414.94,0.0,1,1.6,0.19,SPY210528P00387000,387.0,0,0.0,0.0,,0.0,normalDay
2021-05-24,3181.0,155.0,0.0,0,419.17,0.0,1,1.6,0.05,SPY210528P00387000,387.0,0,0.0,0.0,,0.0,normalDay
2021-05-25,3181.0,154.0,0.0,0,418.24,0.0,1,1.6,0.06,SPY210528P00387000,387.0,0,0.0,0.0,,0.0,normalDay
2021-05-26,3181.0,157.0,0.0,0,419.07,0.0,1,1.6,0.03,SPY210528P00387000,387.0,0,0.0,0.0,,0.0,normalDay
2021-05-27,3181.0,159.0,0.0,0,419.29,0.0,1,1.6,0.01,SPY210528P00387000,387.0,0,0.0,0.0,,0.0,normalDay
2021-05-28,3341.0,0.0,160.0,0,420.04,0.0,1,1.6,0.0,SPY210528P00387000,387.0,0,0.0,0.0,,0.0,expirationDay
2021-06-01,3341.0,-6.0,0.0,0,419.67,0.0,1,3.2,3.26,SPY210702P00404000,404.0,0,0.0,0.0,,0.0,normalDay
2021-06-02,3341.0,31.0,0.0,0,420.33,0.0,1,3.2,2.89,SPY210702P00404000,404.0,0,0.0,0.0,,0.0,normalDay
2021-06-03,3341.0,-7.0,0.0,0,418.77,0.0,1,3.2,3.27,SPY210702P00404000,404.0,0,0.0,0.0,,0.0,normalDay
2021-06-04,3341.0,93.0,0.0,0,422.6,0.0,1,3.2,2.27,SPY210702P00404000,404.0,0,0.0,0.0,,0.0,normalDay
2021-06-07,3341.0,124.0,0.0,0,422.19,0.0,1,3.2,1.96,SPY210702P00404000,404.0,0,0.0,0.0,,0.0,normalDay
2021-06-08,3341.0,115.0,0.0,0,422.28,0.0,1,3.2,2.05,SPY210702P00404000,404.0,0,0.0,0.0,,0.0,normalDay
2021-06-09,3341.0,92.0,0.0,0,421.65,0.0,1,3.2,2.28,SPY210702P00404000,404.0,0,0.0,0.0,,0.0,normalDay
2021-06-10,3341.0,167.0,0.0,0,423.61,0.0,1,3.2,1.53,SPY210702P00404000,404.0,0,0.0,0.0,,0.0,normalDay
2021-06-11,3341.0,189.0,0.0,0,424.31,0.0,1,3.2,1.31,SPY210702P00404000,404.0,0,0.0,0.0,,0.0,normalDay
2021-06-14,3341.0,206.0,0.0,0,425.26,0.0,1,3.2,1.14,SPY210702P00404000,404.0,0,0.0,0.0,,0.0,normalDay
2021-06-15,3341.0,197.0,0.0,0,424.48,0.0,1,3.2,1.23,SPY210702P00404000,404.0,0,0.0,0.0,,0.0,normalDay
2021-06-16,3341.0,165.0,0.0,0,422.11,0.0,1,3.2,1.55,SPY210702P00404000,404.0,0,0.0,0.0,,0.0,normalDay
2021-06-17,3341.0,191.0,0.0,0,421.97,0.0,1,3.2,1.29,SPY210702P00404000,404.0,0,0.0,0.0,,0.0,normalDay
2021-06-18,3341.0,58.0,0.0,0,414.92,0.0,1,3.2,2.62,SPY210702P00404000,404.0,0,0.0,0.0,,0.0,normalDay
2021-06-21,3341.0,226.0,0.0,0,420.86,0.0,1,3.2,0.94,SPY210702P00404000,404.0,0,0.0,0.0,,0.0,normalDay
2021-06-22,3341.0,265.0,0.0,0,423.11,0.0,1,3.2,0.55,SPY210702P00404000,404.0,0,0.0,0.0,,0.0,normalDay
2021-06-23,3341.0,282.0,0.0,0,422.6,0.0,1,3.2,0.38,SPY210702P00404000,404.0,0,0.0,0.0,,0.0,normalDay
2021-06-24,3341.0,297.0,0.0,0,425.1,0.0,1,3.2,0.23,SPY210702P00404000,404.0,0,0.0,0.0,,0.0,normalDay
2021-06-25,3341.0,306.0,0.0,0,426.61,0.0,1,3.2,0.14,SPY210702P00404000,404.0,0,0.0,0.0,,0.0,normalDay
2021-06-28,3341.0,313.0,0.0,0,427.47,0.0,1,3.2,0.07,SPY210702P00404000,404.0,0,0.0,0.0,,0.0,normalDay
2021-06-29,3341.0,315.0,0.0,0,427.7,0.0,1,3.2,0.05,SPY210702P00404000,404.0,0,0.0,0.0,,0.0,normalDay
2021-06-30,3341.0,316.0,0.0,0,428.06,0.0,1,3.2,0.04,SPY210702P00404000,404.0,0,0.0,0.0,,0.0,normalDay
2021-07-01,3341.0,319.0,0.0,0,430.43,0.0,1,3.2,0.01,SPY210702P00404000,404.0,0,0.0,0.0,,0.0,normalDay
2021-07-02,3661.0,0.0,320.0,0,433.72,0.0,1,3.2,0.0,SPY210702P00404000,404.0,0,0.0,0.0,,0.0,expirationDay
2021-07-06,3661.0,-3.0,0.0,0,432.93,0.0,1,2.06,2.09,SPY210806P00411000,411.0,0,0.0,0.0,,0.0,normalDay
2021-07-07,3661.0,21.0,0.0,0,434.46,0.0,1,2.06,1.85,SPY210806P00411000,411.0,0,0.0,0.0,,0.0,normalDay
2021-07-08,3661.0,-75.0,0.0,0,430.92,0.0,1,2.06,2.81,SPY210806P00411000,411.0,0,0.0,0.0,,0.0,normalDay
2021-07-09,3661.0,43.0,0.0,0,435.52,0.0,1,2.06,1.63,SPY210806P00411000,411.0,0,0.0,0.0,,0.0,normalDay
2021-07-12,3661.0,74.0,0.0,0,437.08,0.0,1,2.06,1.32,SPY210806P00411000,411.0,0,0.0,0.0,,0.0,normalDay
2021-07-13,3661.0,48.0,0.0,0,435.59,0.0,1,2.06,1.58,SPY210806P00411000,411.0,0,0.0,0.0,,0.0,normalDay
2021-07-14,3661.0,84.0,0.0,0,436.24,0.0,1,2.06,1.22,SPY210806P00411000,411.0,0,0.0,0.0,,0.0,normalDay
2021-07-15,3661.0,64.0,0.0,0,434.75,0.0,1,2.06,1.42,SPY210806P00411000,411.0,0,0.0,0.0,,0.0,normalDay
2021-07-16,3661.0,16.0,0.0,0,431.34,0.0,1,2.06,1.9,SPY210806P00411000,411.0,0,0.0,0.0,,0.0,normalDay
2021-07-19,3661.0,-128.0,0.0,0,424.97,0.0,1,2.06,3.34,SPY210806P00411000,411.0,0,0.0,0.0,,0.0,normalDay
2021-07-20,3661.0,24.0,0.0,0,431.06,0.0,1,2.06,1.82,SPY210806P00411000,411.0,0,0.0,0.0,,0.0,normalDay
2021-07-21,3661.0,108.0,0.0,0,434.55,0.0,1,2.06,0.98,SPY210806P00411000,411.0,0,0.0,0.0,,0.0,normalDay
2021-07-22,3661.0,126.0,0.0,0,435.46,0.0,1,2.06,0.8,SPY210806P00411000,411.0,0,0.0,0.0,,0.0,normalDay
2021-07-23,3661.0,160.0,0.0,0,439.94,0.0,1,2.06,0.46,SPY210806P00411000,411.0,0,0.0,0.0,,0.0,normalDay
2021-07-26,3661.0,180.0,0.0,0,441.02,0.0,1,2.06,0.26,SPY210806P00411000,411.0,0,0.0,0.0,,0.0,normalDay
2021-07-27,3661.0,159.0,0.0,0,439.01,0.0,1,2.06,0.47,SPY210806P00411000,411.0,0,0.0,0.0,,0.0,normalDay
2021-07-28,3661.0,179.0,0.0,0,438.83,0.0,1,2.06,0.27,SPY210806P00411000,411.0,0,0.0,0.0,,0.0,normalDay
2021-07-29,3661.0,192.0,0.0,0,440.65,0.0,1,2.06,0.14,SPY210806P00411000,411.0,0,0.0,0.0,,0.0,normalDay
2021-07-30,3661.0,192.0,0.0,0,438.51,0.0,1,2.06,0.14,SPY210806P00411000,411.0,0,0.0,0.0,,0.0,normalDay
2021-08-02,3661.0,199.0,0.0,0,437.59,0.0,1,2.06,0.07,SPY210806P00411000,411.0,0,0.0,0.0,,0.0,normalDay
2021-08-03,3661.0,203.0,0.0,0,441.15,0.0,1,2.06,0.03,SPY210806P00411000,411.0,0,0.0,0.0,,0.0,normalDay
2021-08-04,3661.0,203.0,0.0,0,438.98,0.0,1,2.06,0.03,SPY210806P00411000,411.0,0,0.0,0.0,,0.0,normalDay
2021-08-05,3661.0,205.0,0.0,0,441.76,0.0,1,2.06,0.01,SPY210806P00411000,411.0,0,0.0,0.0,,0.0,normalDay
2021-08-06,3867.0,0.0,206.0,0,442.49,0.0,1,2.06,0.0,SPY210806P00411000,411.0,0,0.0,0.0,,0.0,expirationDay
2021-08-09,3867.0,-4.0,0.0,0,442.13,0.0,1,2.76,2.8,SPY210910P00424000,424.0,0,0.0,0.0,,0.0,normalDay
2021-08-10,3867.0,2.0,0.0,0,442.68,0.0,1,2.76,2.74,SPY210910P00424000,424.0,0,0.0,0.0,,0.0,normalDay
2021-08-11,3867.0,43.0,0.0,0,443.78,0.0,1,2.76,2.33,SPY210910P00424000,424.0,0,0.0,0.0,,0.0,normalDay
2021-08-12,3867.0,78.0,0.0,0,445.11,0.0,1,2.76,1.98,SPY210910P00424000,424.0,0,0.0,0.0,,0.0,normalDay
2021-08-13,3867.0,102.0,0.0,0,445.92,0.0,1,2.76,1.74,SPY210910P00424000,424.0,0,0.0,0.0,,0.0,normalDay
2021-08-16,3867.0,119.0,0.0,0,446.97,0.0,1,2.76,1.57,SPY210910P00424000,424.0,0,0.0,0.0,,0.0,normalDay
2021-08-17,3867.0,52.0,0.0,0,444.04,0.0,1,2.76,2.24,SPY210910P00424000,424.0,0,0.0,0.0,,0.0,normalDay
2021-08-18,3867.0,-92.0,0.0,0,439.18,0.0,1,2.76,3.68,SPY210910P00424000,424.0,0,0.0,0.0,,0.0,normalDay
2021-08-19,3867.0,-66.0,0.0,0,439.86,0.0,1,2.76,3.42,SPY210910P00424000,424.0,0,0.0,0.0,,0.0,normalDay
2021-08-20,3867.0,76.0,0.0,0,443.36,0.0,1,2.76,2.0,SPY210910P00424000,424.0,0,0.0,0.0,,0.0,normalDay
2021-08-23,3867.0,173.0,0.0,0,447.26,0.0,1,2.76,1.03,SPY210910P00424000,424.0,0,0.0,0.0,,0.0,normalDay
2021-08-24,3867.0,183.0,0.0,0,447.97,0.0,1,2.76,0.93,SPY210910P00424000,424.0,0,0.0,0.0,,0.0,normalDay
2021-08-25,3867.0,203.0,0.0,0,448.91,0.0,1,2.76,0.73,SPY210910P00424000,424.0,0,0.0,0.0,,0.0,normalDay
2021-08-26,3867.0,160.0,0.0,0,446.26,0.0,1,2.76,1.16,SPY210910P00424000,424.0,0,0.0,0.0,,0.0,normalDay
2021-08-27,3867.0,226.0,0.0,0,450.25,0.0,1,2.76,0.5,SPY210910P00424000,424.0,0,0.0,0.0,,0.0,normalDay
2021-08-30,3867.0,249.0,0.0,0,452.23,0.0,1,2.76,0.27,SPY210910P00424000,424.0,0,0.0,0.0,,0.0,normalDay
2021-08-31,3867.0,248.0,0.0,0,451.56,0.0,1,2.76,0.28,SPY210910P00424000,424.0,0,0.0,0.0,,0.0,normalDay
2021-09-01,3867.0,257.0,0.0,0,451.8,0.0,1,2.76,0.19,SPY210910P00424000,424.0,0,0.0,0.0,,0.0,normalDay
2021-09-02,3867.0,257.0,0.0,0,453.19,0.0,1,2.76,0.19,SPY210910P00424000,424.0,0,0.0,0.0,,0.0,normalDay
2021-09-03,3867.0,264.0,0.0,0,453.08,0.0,1,2.76,0.12,SPY210910P00424000,424.0,0,0.0,0.0,,0.0,normalDay
2021-09-07,3867.0,270.0,0.0,0,451.46,0.0,1,2.76,0.06,SPY210910P00424000,424.0,0,0.0,0.0,,0.0,normalDay
2021-09-08,3867.0,272.0,0.0,0,450.91,0.0,1,2.76,0.04,SPY210910P00424000,424.0,0,0.0,0.0,,0.0,normalDay
2021-09-09,3867.0,274.0,0.0,0,448.98,0.0,1,2.76,0.02,SPY210910P00424000,424.0,0,0.0,0.0,,0.0,normalDay
2021-09-10,4143.0,0.0,276.0,0,445.44,0.0,1,2.76,0.0,SPY210910P00424000,424.0,0,0.0,0.0,,0.0,expirationDay
2021-09-13,4143.0,-3.0,0.0,0,446.58,0.0,1,4.85,4.88,SPY211015P00435000,435.0,0,0.0,0.0,,0.0,normalDay
2021-09-14,4143.0,-65.0,0.0,0,444.17,0.0,1,4.85,5.5,SPY211015P00435000,435.0,0,0.0,0.0,,0.0,normalDay
2021-09-15,4143.0,79.0,0.0,0,447.88,0.0,1,4.85,4.06,SPY211015P00435000,435.0,0,0.0,0.0,,0.0,normalDay
2021-09-16,4143.0,57.0,0.0,0,447.17,0.0,1,4.85,4.28,SPY211015P00435000,435.0,0,0.0,0.0,,0.0,normalDay
2021-09-17,4143.0,-110.0,0.0,0,441.4,0.0,1,4.85,5.95,SPY211015P00435000,435.0,0,0.0,0.0,,0.0,normalDay
2021-09-20,4143.0,-462.0,0.0,0,434.04,0.0,1,4.85,9.47,SPY211015P00435000,435.0,0,0.0,0.0,,0.0,normalDay
2021-09-21,4143.0,-439.0,0.0,0,433.63,0.0,1,4.85,9.24,SPY211015P00435000,435.0,0,0.0,0.0,,0.0,normalDay
2021-09-22,4143.0,-136.0,0.0,0,437.86,0.0,1,4.85,6.21,SPY211015P00435000,435.0,0,0.0,0.0,,0.0,normalDay
2021-09-23,4143.0,98.0,0.0,0,443.18,0.0,1,4.85,3.87,SPY211015P00435000,435.0,0,0.0,0.0,,0.0,normalDay
2021-09-24,4143.0,155.0,0.0,0,443.91,0.0,1,4.85,3.3,SPY211015P00435000,435.0,0,0.0,0.0,,0.0,normalDay
2021-09-27,4143.0,136.0,0.0,0,442.64,0.0,1,4.85,3.49,SPY211015P00435000,435.0,0,0.0,0.0,,0.0,normalDay
2021-09-28,4143.0,-264.0,0.0,0,433.72,0.0,1,4.85,7.49,SPY211015P00435000,435.0,0,0.0,0.0,,0.0,normalDay
2021-09-29,4143.0,-195.0,0.0,0,434.45,0.0,1,4.85,6.8,SPY211015P00435000,435.0,0,0.0,0.0,,0.0,normalDay
2021-09-30,4143.0,-451.0,0.0,0,429.14,0.0,1,4.85,9.36,SPY211015P00435000,435.0,0,0.0,0.0,,0.0,normalDay
2021-10-01,4143.0,-126.0,0.0,0,434.24,0.0,1,4.85,6.11,SPY211015P00435000,435.0,0,0.0,0.0,,0.0,normalDay
2021-10-04,4143.0,-420.0,0.0,0,428.64,0.0,1,4.85,9.05,SPY211015P00435000,435.0,0,0.0,0.0,,0.0,normalDay
2021-10-05,4143.0,-116.0,0.0,0,433.1,0.0,1,4.85,6.01,SPY211015P00435000,435.0,0,0.0,0.0,,0.0,normalDay
2021-10-06,4143.0,-14.0,0.0,0,434.9,0.0,1,4.85,4.99,SPY211015P00435000,435.0,0,0.0,0.0,,0.0,normalDay
2021-10-07,4143.0,199.0,0.0,0,438.66,0.0,1,4.85,2.86,SPY211015P00435000,435.0,0,0.0,0.0,,0.0,normalDay
2021-10-08,4143.0,205.0,0.0,0,437.86,0.0,1,4.85,2.8,SPY211015P00435000,435.0,0,0.0,0.0,,0.0,normalDay
2021-10-11,4143.0,107.0,0.0,0,434.69,0.0,1,4.85,3.78,SPY211015P00435000,435.0,0,0.0,0.0,,0.0,normalDay
2021-10-12,4143.0,74.0,0.0,0,433.62,0.0,1,4.85,4.11,SPY211015P00435000,435.0,0,0.0,0.0,,0.0,normalDay
2021-10-13,4143.0,283.0,0.0,0,435.18,0.0,1,4.85,2.02,SPY211015P00435000,435.0,0,0.0,0.0,,0.0,normalDay
2021-10-14,4143.0,472.0,0.0,0,442.5,0.0,1,4.85,0.13,SPY211015P00435000,435.0,0,0.0,0.0,,0.0,normalDay
2021-10-15,4628.0,0.0,485.0,0,445.87,0.0,1,4.85,0.0,SPY211015P00435000,435.0,0,0.0,0.0,,0.0,expirationDay
2021-10-18,4628.0,-3.0,0.0,0,447.19,0.0,1,2.03,2.06,SPY211119P00421000,421.0,0,0.0,0.0,,0.0,normalDay
2021-10-19,4628.0,45.0,0.0,0,450.64,0.0,1,2.03,1.58,SPY211119P00421000,421.0,0,0.0,0.0,,0.0,normalDay
2021-10-20,4628.0,61.0,0.0,0,452.41,0.0,1,2.03,1.42,SPY211119P00421000,421.0,0,0.0,0.0,,0.0,normalDay
2021-10-21,4628.0,82.0,0.0,0,453.59,0.0,1,2.03,1.21,SPY211119P00421000,421.0,0,0.0,0.0,,0.0,normalDay
2021-10-22,4628.0,76.0,0.0,0,453.12,0.0,1,2.03,1.27,SPY211119P00421000,421.0,0,0.0,0.0,,0.0,normalDay
2021-10-25,4628.0,109.0,0.0,0,455.55,0.0,1,2.03,0.94,SPY211119P00421000,421.0,0,0.0,0.0,,0.0,normalDay
2021-10-26,4628.0,104.0,0.0,0,455.96,0.0,1,2.03,0.99,SPY211119P00421000,421.0,0,0.0,0.0,,0.0,normalDay
2021-10-27,4628.0,85.0,0.0,0,453.94,0.0,1,2.03,1.18,SPY211119P00421000,421.0,0,0.0,0.0,,0.0,normalDay
2021-10-28,4628.0,118.0,0.0,0,458.32,0.0,1,2.03,0.85,SPY211119P00421000,421.0,0,0.0,0.0,,0.0,normalDay
2021-10-29,4628.0,129.0,0.0,0,459.25,0.0,1,2.03,0.74,SPY211119P00421000,421.0,0,0.0,0.0,,0.0,normalDay
2021-11-01,4628.0,148.0,0.0,0,460.04,0.0,1,2.03,0.55,SPY211119P00421000,421.0,0,0.0,0.0,,0.0,normalDay
2021-11-02,4628.0,157.0,0.0,0,461.9,0.0,1,2.03,0.46,SPY211119P00421000,421.0,0,0.0,0.0,,0.0,normalDay
2021-11-03,4628.0,172.0,0.0,0,464.72,0.0,1,2.03,0.31,SPY211119P00421000,421.0,0,0.0,0.0,,0.0,normalDay
2021-11-04,4628.0,173.0,0.0,0,466.91,0.0,1,2.03,0.3,SPY211119P00421000,421.0,0,0.0,0.0,,0.0,normalDay
2021-11-05,4628.0,176.0,0.0,0,468.53,0.0,1,2.03,0.27,SPY211119P00421000,421.0,0,0.0,0.0,,0.0,normalDay
2021-11-08,4628.0,181.0,0.0,0,468.93,0.0,1,2.03,0.22,SPY211119P00421000,421.0,0,0.0,0.0,,0.0,normalDay
2021-11-09,4628.0,183.0,0.0,0,467.38,0.0,1,2.03,0.2,SPY211119P00421000,421.0,0,0.0,0.0,,0.0,normalDay
2021-11-10,4628.0,183.0,0.0,0,463.62,0.0,1,2.03,0.2,SPY211119P00421000,421.0,0,0.0,0.0,,0.0,normalDay
2021-11-11,4628.0,191.0,0.0,0,463.77,0.0,1,2.03,0.12,SPY211119P00421000,421.0,0,0.0,0.0,,0.0,normalDay
2021-11-12,4628.0,197.0,0.0,0,467.27,0.0,1,2.03,0.06,SPY211119P00421000,421.0,0,0.0,0.0,,0.0,normalDay
2021-11-15,4628.0,200.0,0.0,0,467.43,0.0,1,2.03,0.03,SPY211119P00421000,421.0,0,0.0,0.0,,0.0,normalDay
2021-11-16,4628.0,200.0,0.0,0,469.28,0.0,1,2.03,0.03,SPY211119P00421000,421.0,0,0.0,0.0,,0.0,normalDay
2021-11-17,4628.0,201.0,0.0,0,468.14,0.0,1,2.03,0.02,SPY211119P00421000,421.0,0,0.0,0.0,,0.0,normalDay
2021-11-18,4628.0,202.0,0.0,0,469.73,0.0,1,2.03,0.01,SPY211119P00421000,421.0,0,0.0,0.0,,0.0,normalDay
2021-11-19,4831.0,0.0,203.0,0,468.89,0.0,1,2.03,0.0,SPY211119P00421000,421.0,0,0.0,0.0,,0.0,expirationDay
2021-11-22,4831.0,-5.0,0.0,0,467.57,0.0,1,4.06,4.11,SPY211223P00450000,450.0,0,0.0,0.0,,0.0,normalDay
2021-11-23,4831.0,17.0,0.0,0,468.19,0.0,1,4.06,3.89,SPY211223P00450000,450.0,0,0.0,0.0,,0.0,normalDay
2021-11-24,4831.0,70.0,0.0,0,469.44,0.0,1,4.06,3.36,SPY211223P00450000,450.0,0,0.0,0.0,,0.0,normalDay
2021-11-26,4831.0,-698.0,0.0,0,458.97,0.0,1,4.06,11.04,SPY211223P00450000,450.0,0,0.0,0.0,,0.0,normalDay
2021-11-29,4831.0,-84.0,0.0,0,464.6,0.0,1,4.06,4.9,SPY211223P00450000,450.0,0,0.0,0.0,,0.0,normalDay
2021-11-30,4831.0,-367.0,0.0,0,455.56,0.0,1,4.06,7.73,SPY211223P00450000,450.0,0,0.0,0.0,,0.0,normalDay
2021-12-01,4831.0,-794.0,0.0,0,450.5,0.0,1,4.06,12.0,SPY211223P00450000,450.0,0,0.0,0.0,,0.0,normalDay
2021-12-02,4831.0,-372.0,0.0,0,457.4,0.0,1,4.06,7.78,SPY211223P00450000,450.0,0,0.0,0.0,,0.0,normalDay
2021-12-03,4831.0,-542.0,0.0,0,453.42,0.0,1,4.06,9.48,SPY211223P00450000,450.0,0,0.0,0.0,,0.0,normalDay
2021-12-06,4831.0,-210.0,0.0,0,458.79,0.0,1,4.06,6.16,SPY211223P00450000,450.0,0,0.0,0.0,,0.0,normalDay
2021-12-07,4831.0,144.0,0.0,0,468.28,0.0,1,4.06,2.62,SPY211223P00450000,450.0,0,0.0,0.0,,0.0,normalDay
2021-12-08,4831.0,231.0,0.0,0,469.52,0.0,1,4.06,1.75,SPY211223P00450000,450.0,0,0.0,0.0,,0.0,normalDay
2021-12-09,4831.0,161.0,0.0,0,466.35,0.0,1,4.06,2.45,SPY211223P00450000,450.0,0,0.0,0.0,,0.0,normalDay
2021-12-10,4831.0,292.0,0.0,0,470.74,0.0,1,4.06,1.14,SPY211223P00450000,450.0,0,0.0,0.0,,0.0,normalDay
2021-12-13,4831.0,258.0,0.0,0,466.57,0.0,1,4.06,1.48,SPY211223P00450000,450.0,0,0.0,0.0,,0.0,normalDay
2021-12-14,4831.0,194.0,0.0,0,463.36,0.0,1,4.06,2.12,SPY211223P00450000,450.0,0,0.0,0.0,,0.0,normalDay
2021-12-15,4831.0,345.0,0.0,0,470.6,0.0,1,4.06,0.61,SPY211223P00450000,450.0,0,0.0,0.0,,0.0,normalDay
2021-12-16,4831.0,309.0,0.0,0,466.45,0.0,1,4.06,0.97,SPY211223P00450000,450.0,0,0.0,0.0,,0.0,normalDay
2021-12-17,4831.0,268.0,0.0,0,459.87,0.0,1,4.06,1.38,SPY211223P00450000,450.0,0,0.0,0.0,,0.0,normalDay
2021-12-20,4831.0,223.0,0.0,0,454.98,0.0,1,4.06,1.83,SPY211223P00450000,450.0,0,0.0,0.0,,0.0,normalDay
2021-12-21,4831.0,387.0,0.0,0,463.06,0.0,1,4.06,0.19,SPY211223P00450000,450.0,0,0.0,0.0,,0.0,normalDay
2021-12-22,4831.0,404.0,0.0,0,467.69,0.0,1,4.06,0.02,SPY211223P00450000,450.0,0,0.0,0.0,,0.0,normalDay
2021-12-23,5237.0,0.0,406.0,0,470.6,0.0,1,4.06,0.0,SPY211223P00450000,450.0,0,0.0,0.0,,0.0,expirationDay
2021-12-27,5237.0,-3.0,0.0,0,477.26,0.0,1,1.77,1.8,SPY220128P00442000,442.0,0,0.0,0.0,,0.0,normalDay
2021-12-28,5237.0,8.0,0.0,0,476.87,0.0,1,1.77,1.69,SPY220128P00442000,442.0,0,0.0,0.0,,0.0,normalDay
2021-12-29,5237.0,37.0,0.0,0,477.48,0.0,1,1.77,1.4,SPY220128P00442000,442.0,0,0.0,0.0,,0.0,normalDay
2021-12-30,5237.0,22.0,0.0,0,476.16,0.0,1,1.77,1.55,SPY220128P00442000,442.0,0,0.0,0.0,,0.0,normalDay
2021-12-31,5237.0,33.0,0.0,0,474.96,0.0,1,1.77,1.44,SPY220128P00442000,442.0,0,0.0,0.0,,0.0,normalDay
2022-01-03,5237.0,76.0,0.0,0,477.71,0.0,1,1.77,1.01,SPY220128P00442000,442.0,0,0.0,0.0,,0.0,normalDay
2022-01-04,5237.0,76.0,0.0,0,477.55,0.0,1,1.77,1.01,SPY220128P00442000,442.0,0,0.0,0.0,,0.0,normalDay
2022-01-05,5237.0,-40.0,0.0,0,468.38,0.0,1,1.77,2.17,SPY220128P00442000,442.0,0,0.0,0.0,,0.0,normalDay
2022-01-06,5237.0,-25.0,0.0,0,467.94,0.0,1,1.77,2.02,SPY220128P00442000,442.0,0,0.0,0.0,,0.0,normalDay
2022-01-07,5237.0,2.0,0.0,0,466.09,0.0,1,1.77,1.75,SPY220128P00442000,442.0,0,0.0,0.0,,0.0,normalDay
2022-01-10,5237.0,-1.0,0.0,0,465.51,0.0,1,1.77,1.78,SPY220128P00442000,442.0,0,0.0,0.0,,0.0,normalDay
2022-01-11,5237.0,55.0,0.0,0,469.75,0.0,1,1.77,1.22,SPY220128P00442000,442.0,0,0.0,0.0,,0.0,normalDay
2022-01-12,5237.0,89.0,0.0,0,471.02,0.0,1,1.77,0.88,SPY220128P00442000,442.0,0,0.0,0.0,,0.0,normalDay
2022-01-13,5237.0,1.0,0.0,0,464.53,0.0,1,1.77,1.76,SPY220128P00442000,442.0,0,0.0,0.0,,0.0,normalDay
2022-01-14,5237.0,44.0,0.0,0,464.72,0.0,1,1.77,1.33,SPY220128P00442000,442.0,0,0.0,0.0,,0.0,normalDay
2022-01-18,5237.0,-86.0,0.0,0,456.49,0.0,1,1.77,2.63,SPY220128P00442000,442.0,0,0.0,0.0,,0.0,normalDay
2022-01-19,5237.0,-128.0,0.0,0,451.75,0.0,1,1.77,3.05,SPY220128P00442000,442.0,0,0.0,0.0,,0.0,normalDay
2022-01-20,5237.0,-294.0,0.0,0,446.75,0.0,1,1.77,4.71,SPY220128P00442000,442.0,0,0.0,0.0,,0.0,normalDay
2022-01-21,5237.0,-706.0,0.0,0,437.98,0.0,1,1.77,8.83,SPY220128P00442000,442.0,0,0.0,0.0,,0.0,normalDay
2022-01-24,5237.0,-670.0,0.0,0,439.84,0.0,1,1.77,8.47,SPY220128P00442000,442.0,0,0.0,0.0,,0.0,normalDay
2022-01-25,5237.0,-979.0,0.0,0,434.47,0.0,1,1.77,11.56,SPY220128P00442000,442.0,0,0.0,0.0,,0.0,normalDay
2022-01-26,5237.0,-898.0,0.0,0,433.38,0.0,1,1.77,10.75,SPY220128P00442000,442.0,0,0.0,0.0,,0.0,normalDay
2022-01-27,5237.0,-895.0,0.0,0,431.24,0.0,1,1.77,10.72,SPY220128P00442000,442.0,0,0.0,0.0,,0.0,normalDay
2022-01-28,5414.0,-5.0,177.0,100,441.95,442.0,1,1.77,0.0,SPY220128P00442000,442.0,0,0.0,0.0,,0.0,expirationDay
2022-01-31,5414.0,786.0,0.0,100,449.91,442.0,0,0.0,0.0,,0.0,1,1.23,1.28,SPY220304C00476000,476.0,normalDay
2022-02-01,5414.0,1100.0,0.0,100,452.95,442.0,0,0.0,0.0,,0.0,1,1.23,1.18,SPY220304C00476000,476.0,normalDay
2022-02-02,5414.0,1531.0,0.0,100,457.35,442.0,0,0.0,0.0,,0.0,1,1.23,1.27,SPY220304C00476000,476.0,normalDay
2022-02-03,5414.0,499.0,0.0,100,446.6,442.0,0,0.0,0.0,,0.0,1,1.23,0.84,SPY220304C00476000,476.0,normalDay
2022-02-04,5414.0,739.0,0.0,100,448.7,442.0,0,0.0,0.0,,0.0,1,1.23,0.54,SPY220304C00476000,476.0,normalDay
2022-02-07,5414.0,609.0,0.0,100,447.26,442.0,0,0.0,0.0,,0.0,1,1.23,0.4,SPY220304C00476000,476.0,normalDay
2022-02-08,5414.0,971.0,0.0,100,450.94,442.0,0,0.0,0.0,,0.0,1,1.23,0.46,SPY220304C00476000,476.0,normalDay
2022-02-09,5414.0,1591.0,0.0,100,457.54,442.0,0,0.0,0.0,,0.0,1,1.23,0.86,SPY220304C00476000,476.0,normalDay
2022-02-10,5414.0,815.0,0.0,100,449.32,442.0,0,0.0,0.0,,0.0,1,1.23,0.4,SPY220304C00476000,476.0,normalDay
2022-02-11,5414.0,-50.0,0.0,100,440.46,442.0,0,0.0,0.0,,0.0,1,1.23,0.19,SPY220304C00476000,476.0,normalDay
2022-02-14,5414.0,-189.0,0.0,100,439.02,442.0,0,0.0,0.0,,0.0,1,1.23,0.14,SPY220304C00476000,476.0,normalDay
2022-02-15,5414.0,518.0,0.0,100,446.1,442.0,0,0.0,0.0,,0.0,1,1.23,0.15,SPY220304C00476000,476.0,normalDay
2022-02-16,5414.0,573.0,0.0,100,446.6,442.0,0,0.0,0.0,,0.0,1,1.23,0.1,SPY220304C00476000,476.0,normalDay
2022-02-17,5414.0,-375.0,0.0,100,437.06,442.0,0,0.0,0.0,,0.0,1,1.23,0.04,SPY220304C00476000,476.0,normalDay
2022-02-18,5414.0,-657.0,0.0,100,434.23,442.0,0,0.0,0.0,,0.0,1,1.23,0.03,SPY220304C00476000,476.0,normalDay
2022-02-22,5414.0,-1122.0,0.0,100,429.57,442.0,0,0.0,0.0,,0.0,1,1.23,0.02,SPY220304C00476000,476.0,normalDay
2022-02-23,5414.0,-1885.0,0.0,100,421.95,442.0,0,0.0,0.0,,0.0,1,1.23,0.03,SPY220304C00476000,476.0,normalDay
2022-02-24,5414.0,-1250.0,0.0,100,428.3,442.0,0,0.0,0.0,,0.0,1,1.23,0.03,SPY220304C00476000,476.0,normalDay
2022-02-25,5414.0,-304.0,0.0,100,437.75,442.0,0,0.0,0.0,,0.0,1,1.23,0.02,SPY220304C00476000,476.0,normalDay
2022-02-28,5414.0,-416.0,0.0,100,436.63,442.0,0,0.0,0.0,,0.0,1,1.23,0.02,SPY220304C00476000,476.0,normalDay
2022-03-01,5414.0,-1080.0,0.0,100,429.98,442.0,0,0.0,0.0,,0.0,1,1.23,0.01,SPY220304C00476000,476.0,normalDay
2022-03-02,5414.0,-289.0,0.0,100,437.89,442.0,0,0.0,0.0,,0.0,1,1.23,0.01,SPY220304C00476000,476.0,normalDay
2022-03-03,5414.0,-507.0,0.0,100,435.71,442.0,0,0.0,0.0,,0.0,1,1.23,0.01,SPY220304C00476000,476.0,normalDay
2022-03-04,5537.0,-983.0,123.0,100,432.17,442.0,0,0.0,0.0,,0.0,1,1.23,0.0,SPY220304C00476000,476.0,expirationDay
2022-03-07,5537.0,-2263.0,0.0,100,419.43,442.0,0,0.0,0.0,,0.0,1,1.85,1.91,SPY220408C00451000,451.0,normalDay
2022-03-08,5537.0,-2517.0,0.0,100,416.25,442.0,0,0.0,0.0,,0.0,1,1.85,1.27,SPY220408C00451000,451.0,normalDay
2022-03-09,5537.0,-1549.0,0.0,100,427.41,442.0,0,0.0,0.0,,0.0,1,1.85,2.75,SPY220408C00451000,451.0,normalDay
2022-03-10,5537.0,-1656.0,0.0,100,425.48,442.0,0,0.0,0.0,,0.0,1,1.85,1.89,SPY220408C00451000,451.0,normalDay
2022-03-11,5537.0,-2134.0,0.0,100,420.07,442.0,0,0.0,0.0,,0.0,1,1.85,1.26,SPY220408C00451000,451.0,normalDay
2022-03-14,5537.0,-2404.0,0.0,100,417.0,442.0,0,0.0,0.0,,0.0,1,1.85,0.89,SPY220408C00451000,451.0,normalDay
2022-03-15,5537.0,-1553.0,0.0,100,426.17,442.0,0,0.0,0.0,,0.0,1,1.85,1.55,SPY220408C00451000,451.0,normalDay
2022-03-16,5537.0,-714.0,0.0,100,435.62,442.0,0,0.0,0.0,,0.0,1,1.85,2.61,SPY220408C00451000,451.0,normalDay
2022-03-17,5537.0,-265.0,0.0,100,441.07,442.0,0,0.0,0.0,,0.0,1,1.85,3.57,SPY220408C00451000,451.0,normalDay
2022-03-18,5537.0,-89.0,0.0,100,444.52,442.0,0,0.0,0.0,,0.0,1,1.85,5.26,SPY220408C00451000,451.0,normalDay
2022-03-21,5537.0,-40.0,0.0,100,444.39,442.0,0,0.0,0.0,,0.0,1,1.85,4.64,SPY220408C00451000,451.0,normalDay
2022-03-22,5537.0,291.0,0.0,100,449.59,442.0,0,0.0,0.0,,0.0,1,1.85,6.53,SPY220408C00451000,451.0,normalDay
2022-03-23,5537.0,-17.0,0.0,100,443.8,442.0,0,0.0,0.0,,0.0,1,1.85,3.82,SPY220408C00451000,451.0,normalDay
2022-03-24,5537.0,413.0,0.0,100,450.49,442.0,0,0.0,0.0,,0.0,1,1.85,6.21,SPY220408C00451000,451.0,normalDay
2022-03-25,5537.0,567.0,0.0,100,452.69,442.0,0,0.0,0.0,,0.0,1,1.85,6.87,SPY220408C00451000,451.0,normalDay
2022-03-28,5537.0,753.0,0.0,100,455.91,442.0,0,0.0,0.0,,0.0,1,1.85,8.23,SPY220408C00451000,451.0,normalDay
2022-03-29,5537.0,934.0,0.0,100,461.55,442.0,0,0.0,0.0,,0.0,1,1.85,12.06,SPY220408C00451000,451.0,normalDay
2022-03-30,5537.0,843.0,0.0,100,458.7,442.0,0,0.0,0.0,,0.0,1,1.85,10.12,SPY220408C00451000,451.0,normalDay
2022-03-31,5537.0,633.0,0.0,100,451.64,442.0,0,0.0,0.0,,0.0,1,1.85,5.16,SPY220408C00451000,451.0,normalDay
2022-04-01,5537.0,831.0,0.0,100,452.92,442.0,0,0.0,0.0,,0.0,1,1.85,4.46,SPY220408C00451000,451.0,normalDay
2022-04-04,5537.0,999.0,0.0,100,456.8,442.0,0,0.0,0.0,,0.0,1,1.85,6.66,SPY220408C00451000,451.0,normalDay
2022-04-05,5537.0,778.0,0.0,100,451.03,442.0,0,0.0,0.0,,0.0,1,1.85,3.1,SPY220408C00451000,451.0,normalDay
2022-04-06,5537.0,553.0,0.0,100,446.52,442.0,0,0.0,0.0,,0.0,1,1.85,0.84,SPY220408C00451000,451.0,normalDay
2022-04-07,5537.0,782.0,0.0,100,448.77,442.0,0,0.0,0.0,,0.0,1,1.85,0.8,SPY220408C00451000,451.0,normalDay
2022-04-08,5722.0,557.0,185.0,100,447.57,442.0,0,0.0,0.0,,0.0,1,1.85,0.0,SPY220408C00451000,451.0,expirationDay
2022-04-11,5722.0,-213.0,0.0,100,439.92,442.0,0,0.0,0.0,,0.0,1,2.07,2.12,SPY220513C00459000,459.0,normalDay
2022-04-12,5722.0,-335.0,0.0,100,438.29,442.0,0,0.0,0.0,,0.0,1,2.07,1.71,SPY220513C00459000,459.0,normalDay
2022-04-13,5722.0,121.0,0.0,100,443.31,442.0,0,0.0,0.0,,0.0,1,2.07,2.17,SPY220513C00459000,459.0,normalDay
2022-04-14,5722.0,-337.0,0.0,100,437.79,442.0,0,0.0,0.0,,0.0,1,2.07,1.23,SPY220513C00459000,459.0,normalDay
2022-04-18,5722.0,-308.0,0.0,100,437.97,442.0,0,0.0,0.0,,0.0,1,2.07,1.12,SPY220513C00459000,459.0,normalDay
2022-04-19,5722.0,338.0,0.0,100,445.04,442.0,0,0.0,0.0,,0.0,1,2.07,1.73,SPY220513C00459000,459.0,normalDay
2022-04-20,5722.0,277.0,0.0,100,444.71,442.0,0,0.0,0.0,,0.0,1,2.07,2.01,SPY220513C00459000,459.0,normalDay
2022-04-21,5722.0,-266.0,0.0,100,438.06,442.0,0,0.0,0.0,,0.0,1,2.07,0.79,SPY220513C00459000,459.0,normalDay
2022-04-22,5722.0,-1412.0,0.0,100,426.04,442.0,0,0.0,0.0,,0.0,1,2.07,0.23,SPY220513C00459000,459.0,normalDay
2022-04-25,5722.0,-1165.0,0.0,100,428.51,442.0,0,0.0,0.0,,0.0,1,2.07,0.23,SPY220513C00459000,459.0,normalDay
2022-04-26,5722.0,-2393.0,0.0,100,416.1,442.0,0,0.0,0.0,,0.0,1,2.07,0.1,SPY220513C00459000,459.0,normalDay
2022-04-27,5722.0,-2274.0,0.0,100,417.27,442.0,0,0.0,0.0,,0.0,1,2.07,0.08,SPY220513C00459000,459.0,normalDay
2022-04-28,5722.0,-1229.0,0.0,100,427.81,442.0,0,0.0,0.0,,0.0,1,2.07,0.17,SPY220513C00459000,459.0,normalDay
2022-04-29,5722.0,-2800.0,0.0,100,412.0,442.0,0,0.0,0.0,,0.0,1,2.07,0.07,SPY220513C00459000,459.0,normalDay
2022-05-02,5722.0,-2551.0,0.0,100,414.48,442.0,0,0.0,0.0,,0.0,1,2.07,0.06,SPY220513C00459000,459.0,normalDay
2022-05-03,5722.0,-2359.0,0.0,100,416.38,442.0,0,0.0,0.0,,0.0,1,2.07,0.04,SPY220513C00459000,459.0,normalDay
2022-05-04,5722.0,-1093.0,0.0,100,429.06,442.0,0,0.0,0.0,,0.0,1,2.07,0.06,SPY220513C00459000,459.0,normalDay
2022-05-05,5722.0,-2615.0,0.0,100,413.81,442.0,0,0.0,0.0,,0.0,1,2.07,0.03,SPY220513C00459000,459.0,normalDay
2022-05-06,5722.0,-2861.0,0.0,100,411.34,442.0,0,0.0,0.0,,0.0,1,2.07,0.02,SPY220513C00459000,459.0,normalDay
2022-05-09,5722.0,-4178.0,0.0,100,398.17,442.0,0,0.0,0.0,,0.0,1,2.07,0.02,SPY220513C00459000,459.0,normalDay
2022-05-10,5722.0,-4085.0,0.0,100,399.09,442.0,0,0.0,0.0,,0.0,1,2.07,0.01,SPY220513C00459000,459.0,normalDay
2022-05-11,5722.0,-4719.0,0.0,100,392.75,442.0,0,0.0,0.0,,0.0,1,2.07,0.01,SPY220513C00459000,459.0,normalDay
2022-05-12,5722.0,-4760.0,0.0,100,392.34,442.0,0,0.0,0.0,,0.0,1,2.07,0.01,SPY220513C00459000,459.0,normalDay
2022-05-13,5929.0,-4028.0,207.0,100,401.72,442.0,0,0.0,0.0,,0.0,1,2.07,0.0,SPY220513C00459000,459.0,expirationDay
2022-05-16,5929.0,-4194.0,0.0,100,400.09,442.0,0,0.0,0.0,,0.0,1,0.68,0.71,SPY220617C00437000,437.0,normalDay
2022-05-17,5929.0,-3439.0,0.0,100,408.32,442.0,0,0.0,0.0,,0.0,1,0.68,1.39,SPY220617C00437000,437.0,normalDay
2022-05-18,5929.0,-4984.0,0.0,100,391.86,442.0,0,0.0,0.0,,0.0,1,0.68,0.38,SPY220617C00437000,437.0,normalDay
2022-05-19,5929.0,-5215.0,0.0,100,389.46,442.0,0,0.0,0.0,,0.0,1,0.68,0.29,SPY220617C00437000,437.0,normalDay
2022-05-20,5929.0,-5197.0,0.0,100,389.63,442.0,0,0.0,0.0,,0.0,1,0.68,0.28,SPY220617C00437000,437.0,normalDay
2022-05-23,5929.0,-4484.0,0.0,100,396.92,442.0,0,0.0,0.0,,0.0,1,0.68,0.44,SPY220617C00437000,437.0,normalDay
2022-05-24,5929.0,-4780.0,0.0,100,393.89,442.0,0,0.0,0.0,,0.0,1,0.68,0.37,SPY220617C00437000,437.0,normalDay
2022-05-25,5929.0,-4435.0,0.0,100,397.37,442.0,0,0.0,0.0,,0.0,1,0.68,0.4,SPY220617C00437000,437.0,normalDay
2022-05-26,5929.0,-3671.0,0.0,100,405.31,442.0,0,0.0,0.0,,0.0,1,0.68,0.7,SPY220617C00437000,437.0,normalDay
2022-05-27,5929.0,-2766.0,0.0,100,415.26,442.0,0,0.0,0.0,,0.0,1,0.68,1.6,SPY220617C00437000,437.0,normalDay
2022-05-31,5929.0,-2931.0,0.0,100,412.93,442.0,0,0.0,0.0,,0.0,1,0.68,0.92,SPY220617C00437000,437.0,normalDay
2022-06-01,5929.0,-3217.0,0.0,100,409.59,442.0,0,0.0,0.0,,0.0,1,0.68,0.44,SPY220617C00437000,437.0,normalDay
2022-06-02,5929.0,-2487.0,0.0,100,417.39,442.0,0,0.0,0.0,,0.0,1,0.68,0.94,SPY220617C00437000,437.0,normalDay
2022-06-03,5929.0,-3108.0,0.0,100,410.54,442.0,0,0.0,0.0,,0.0,1,0.68,0.3,SPY220617C00437000,437.0,normalDay
2022-06-06,5929.0,-2980.0,0.0,100,411.79,442.0,0,0.0,0.0,,0.0,1,0.68,0.27,SPY220617C00437000,437.0,normalDay
2022-06-07,5929.0,-2590.0,0.0,100,415.74,442.0,0,0.0,0.0,,0.0,1,0.68,0.32,SPY220617C00437000,437.0,normalDay
2022-06-08,5929.0,-3022.0,0.0,100,411.22,442.0,0,0.0,0.0,,0.0,1,0.68,0.12,SPY220617C00437000,437.0,normalDay
2022-06-09,5929.0,-3994.0,0.0,100,401.44,442.0,0,0.0,0.0,,0.0,1,0.68,0.06,SPY220617C00437000,437.0,normalDay
2022-06-10,5929.0,-5154.0,0.0,100,389.8,442.0,0,0.0,0.0,,0.0,1,0.68,0.02,SPY220617C00437000,437.0,normalDay
2022-06-13,5929.0,-6634.0,0.0,100,375.0,442.0,0,0.0,0.0,,0.0,1,0.68,0.02,SPY220617C00437000,437.0,normalDay
2022-06-14,5929.0,-6747.0,0.0,100,373.87,442.0,0,0.0,0.0,,0.0,1,0.68,0.02,SPY220617C00437000,437.0,normalDay
2022-06-15,5929.0,-6213.0,0.0,100,379.2,442.0,0,0.0,0.0,,0.0,1,0.68,0.01,SPY220617C00437000,437.0,normalDay
2022-06-16,5929.0,-7468.0,0.0,100,366.65,442.0,0,0.0,0.0,,0.0,1,0.68,0.01,SPY220617C00437000,437.0,normalDay
2022-06-17,5997.0,-7614.0,68.0,100,365.86,442.0,0,0.0,0.0,,0.0,1,0.68,0.0,SPY220617C00437000,437.0,expirationDay
2022-06-21,5997.0,-6697.0,0.0,100,375.07,442.0,0,0.0,0.0,,0.0,1,0.53,0.57,SPY220722C00419000,419.0,normalDay
2022-06-22,5997.0,-6759.0,0.0,100,374.39,442.0,0,0.0,0.0,,0.0,1,0.53,0.51,SPY220722C00419000,419.0,normalDay
2022-06-23,5997.0,-6396.0,0.0,100,378.06,442.0,0,0.0,0.0,,0.0,1,0.53,0.55,SPY220722C00419000,419.0,normalDay
2022-06-24,5997.0,-5262.0,0.0,100,390.08,442.0,0,0.0,0.0,,0.0,1,0.53,1.23,SPY220722C00419000,419.0,normalDay
2022-06-27,5997.0,-5387.0,0.0,100,388.59,442.0,0,0.0,0.0,,0.0,1,0.53,0.99,SPY220722C00419000,419.0,normalDay
2022-06-28,5997.0,-6123.0,0.0,100,380.65,442.0,0,0.0,0.0,,0.0,1,0.53,0.41,SPY220722C00419000,419.0,normalDay
2022-06-29,5997.0,-6151.0,0.0,100,380.34,442.0,0,0.0,0.0,,0.0,1,0.53,0.38,SPY220722C00419000,419.0,normalDay
2022-06-30,5997.0,-6443.0,0.0,100,377.25,442.0,0,0.0,0.0,,0.0,1,0.53,0.21,SPY220722C00419000,419.0,normalDay
2022-07-01,5997.0,-6043.0,0.0,100,381.24,442.0,0,0.0,0.0,,0.0,1,0.53,0.2,SPY220722C00419000,419.0,normalDay
2022-07-05,5997.0,-5966.0,0.0,100,381.96,442.0,0,0.0,0.0,,0.0,1,0.53,0.15,SPY220722C00419000,419.0,normalDay
2022-07-06,5997.0,-5836.0,0.0,100,383.25,442.0,0,0.0,0.0,,0.0,1,0.53,0.14,SPY220722C00419000,419.0,normalDay
2022-07-07,5997.0,-5266.0,0.0,100,388.99,442.0,0,0.0,0.0,,0.0,1,0.53,0.18,SPY220722C00419000,419.0,normalDay
2022-07-08,5997.0,-5290.0,0.0,100,388.67,442.0,0,0.0,0.0,,0.0,1,0.53,0.1,SPY220722C00419000,419.0,normalDay
2022-07-11,5997.0,-5728.0,0.0,100,384.23,442.0,0,0.0,0.0,,0.0,1,0.53,0.04,SPY220722C00419000,419.0,normalDay
2022-07-12,5997.0,-6067.0,0.0,100,380.83,442.0,0,0.0,0.0,,0.0,1,0.53,0.03,SPY220722C00419000,419.0,normalDay
2022-07-13,5997.0,-6266.0,0.0,100,378.83,442.0,0,0.0,0.0,,0.0,1,0.53,0.02,SPY220722C00419000,419.0,normalDay
2022-07-14,5997.0,-6358.0,0.0,100,377.91,442.0,0,0.0,0.0,,0.0,1,0.53,0.02,SPY220722C00419000,419.0,normalDay
2022-07-15,5997.0,-5635.0,0.0,100,385.13,442.0,0,0.0,0.0,,0.0,1,0.53,0.01,SPY220722C00419000,419.0,normalDay
2022-07-18,5997.0,-5953.0,0.0,100,381.95,442.0,0,0.0,0.0,,0.0,1,0.53,0.01,SPY220722C00419000,419.0,normalDay
2022-07-19,5997.0,-4921.0,0.0,100,392.27,442.0,0,0.0,0.0,,0.0,1,0.53,0.01,SPY220722C00419000,419.0,normalDay
2022-07-20,5997.0,-4671.0,0.0,100,394.77,442.0,0,0.0,0.0,,0.0,1,0.53,0.01,SPY220722C00419000,419.0,normalDay
2022-07-21,5997.0,-4269.0,0.0,100,398.79,442.0,0,0.0,0.0,,0.0,1,0.53,0.01,SPY220722C00419000,419.0,normalDay
2022-07-22,6050.0,-4691.0,53.0,100,395.09,442.0,0,0.0,0.0,,0.0,1,0.53,0.0,SPY220722C00419000,419.0,expirationDay
2022-07-25,6050.0,-4650.0,0.0,100,395.57,442.0,0,0.0,0.0,,0.0,1,11.59,11.66,SPY220826C00394000,394.0,normalDay
2022-07-26,6050.0,-4906.0,0.0,100,390.89,442.0,0,0.0,0.0,,0.0,1,11.59,9.54,SPY220826C00394000,394.0,normalDay
2022-07-27,6050.0,-4333.0,0.0,100,401.04,442.0,0,0.0,0.0,,0.0,1,11.59,13.96,SPY220826C00394000,394.0,normalDay
2022-07-28,6050.0,-4274.0,0.0,100,406.07,442.0,0,0.0,0.0,,0.0,1,11.59,18.4,SPY220826C00394000,394.0,normalDay
2022-07-29,6050.0,-4046.0,0.0,100,411.99,442.0,0,0.0,0.0,,0.0,1,11.59,22.04,SPY220826C00394000,394.0,normalDay
2022-08-01,6050.0,-4088.0,0.0,100,410.77,442.0,0,0.0,0.0,,0.0,1,11.59,21.24,SPY220826C00394000,394.0,normalDay
2022-08-02,6050.0,-4136.0,0.0,100,408.06,442.0,0,0.0,0.0,,0.0,1,11.59,19.01,SPY220826C00394000,394.0,normalDay
2022-08-03,6050.0,-3927.0,0.0,100,414.45,442.0,0,0.0,0.0,,0.0,1,11.59,23.31,SPY220826C00394000,394.0,normalDay
2022-08-04,6050.0,-3949.0,0.0,100,414.17,442.0,0,0.0,0.0,,0.0,1,11.59,23.25,SPY220826C00394000,394.0,normalDay
2022-08-05,6050.0,-3880.0,0.0,100,413.47,442.0,0,0.0,0.0,,0.0,1,11.59,21.86,SPY220826C00394000,394.0,normalDay
2022-08-08,6050.0,-3906.0,0.0,100,412.99,442.0,0,0.0,0.0,,0.0,1,11.59,21.64,SPY220826C00394000,394.0,normalDay
2022-08-09,6050.0,-3936.0,0.0,100,411.35,442.0,0,0.0,0.0,,0.0,1,11.59,20.3,SPY220826C00394000,394.0,normalDay
2022-08-10,6050.0,-3743.0,0.0,100,419.99,442.0,0,0.0,0.0,,0.0,1,11.59,27.01,SPY220826C00394000,394.0,normalDay
2022-08-11,6050.0,-3813.0,0.0,100,419.99,442.0,0,0.0,0.0,,0.0,1,11.59,27.71,SPY220826C00394000,394.0,normalDay
2022-08-12,6050.0,-3693.0,0.0,100,427.1,442.0,0,0.0,0.0,,0.0,1,11.59,33.62,SPY220826C00394000,394.0,normalDay
2022-08-15,6050.0,-3679.0,0.0,100,428.86,442.0,0,0.0,0.0,,0.0,1,11.59,35.24,SPY220826C00394000,394.0,normalDay
2022-08-16,6050.0,-3664.0,0.0,100,429.7,442.0,0,0.0,0.0,,0.0,1,11.59,35.93,SPY220826C00394000,394.0,normalDay
2022-08-17,6050.0,-3707.0,0.0,100,426.65,442.0,0,0.0,0.0,,0.0,1,11.59,33.31,SPY220826C00394000,394.0,normalDay
2022-08-18,6050.0,-3662.0,0.0,100,427.89,442.0,0,0.0,0.0,,0.0,1,11.59,34.1,SPY220826C00394000,394.0,normalDay
2022-08-19,6050.0,-3677.0,0.0,100,422.14,442.0,0,0.0,0.0,,0.0,1,11.59,28.5,SPY220826C00394000,394.0,normalDay
2022-08-22,6050.0,-3718.0,0.0,100,413.35,442.0,0,0.0,0.0,,0.0,1,11.59,20.12,SPY220826C00394000,394.0,normalDay
2022-08-23,6050.0,-3656.0,0.0,100,412.35,442.0,0,0.0,0.0,,0.0,1,11.59,18.5,SPY220826C00394000,394.0,normalDay
2022-08-24,6050.0,-3671.0,0.0,100,413.67,442.0,0,0.0,0.0,,0.0,1,11.59,19.97,SPY220826C00394000,394.0,normalDay
2022-08-25,6050.0,-3610.0,0.0,100,419.51,442.0,0,0.0,0.0,,0.0,1,11.59,25.2,SPY220826C00394000,394.0,normalDay
2022-08-26,2409.0,-3610.0,-3641.0,0,405.31,0.0,0,0.0,0.0,,0.0,1,11.59,0.0,SPY220826C00394000,394.0,expirationDay
2022-08-29,2409.0,-5.0,0.0,0,402.63,0.0,1,7.53,7.58,SPY220930P00392000,392.0,0,0.0,0.0,,0.0,normalDay
2022-08-30,2409.0,-137.0,0.0,0,398.21,0.0,1,7.53,8.9,SPY220930P00392000,392.0,0,0.0,0.0,,0.0,normalDay
2022-08-31,2409.0,-212.0,0.0,0,395.18,0.0,1,7.53,9.65,SPY220930P00392000,392.0,0,0.0,0.0,,0.0,normalDay
2022-09-01,2409.0,-127.0,0.0,0,396.42,0.0,1,7.53,8.8,SPY220930P00392000,392.0,0,0.0,0.0,,0.0,normalDay
2022-09-02,2409.0,-272.0,0.0,0,392.24,0.0,1,7.53,10.25,SPY220930P00392000,392.0,0,0.0,0.0,,0.0,normalDay
2022-09-06,2409.0,-369.0,0.0,0,390.76,0.0,1,7.53,11.22,SPY220930P00392000,392.0,0,0.0,0.0,,0.0,normalDay
2022-09-07,2409.0,21.0,0.0,0,397.78,0.0,1,7.53,7.32,SPY220930P00392000,392.0,0,0.0,0.0,,0.0,normalDay
2022-09-08,2409.0,187.0,0.0,0,400.38,0.0,1,7.53,5.66,SPY220930P00392000,392.0,0,0.0,0.0,,0.0,normalDay
2022-09-09,2409.0,375.0,0.0,0,406.6,0.0,1,7.53,3.78,SPY220930P00392000,392.0,0,0.0,0.0,,0.0,normalDay
2022-09-12,2409.0,484.0,0.0,0,410.97,0.0,1,7.53,2.69,SPY220930P00392000,392.0,0,0.0,0.0,,0.0,normalDay
2022-09-13,2409.0,-71.0,0.0,0,393.1,0.0,1,7.53,8.24,SPY220930P00392000,392.0,0,0.0,0.0,,0.0,normalDay
2022-09-14,2409.0,7.0,0.0,0,394.6,0.0,1,7.53,7.46,SPY220930P00392000,392.0,0,0.0,0.0,,0.0,normalDay
2022-09-15,2409.0,-133.0,0.0,0,390.12,0.0,1,7.53,8.86,SPY220930P00392000,392.0,0,0.0,0.0,,0.0,normalDay
2022-09-16,2409.0,-290.0,0.0,0,385.56,0.0,1,7.53,10.43,SPY220930P00392000,392.0,0,0.0,0.0,,0.0,normalDay
2022-09-19,2409.0,-102.0,0.0,0,388.55,0.0,1,7.53,8.55,SPY220930P00392000,392.0,0,0.0,0.0,,0.0,normalDay
2022-09-20,2409.0,-353.0,0.0,0,384.09,0.0,1,7.53,11.06,SPY220930P00392000,392.0,0,0.0,0.0,,0.0,normalDay
2022-09-21,2409.0,-857.0,0.0,0,377.39,0.0,1,7.53,16.1,SPY220930P00392000,392.0,0,0.0,0.0,,0.0,normalDay
2022-09-22,2409.0,-1057.0,0.0,0,374.22,0.0,1,7.53,18.1,SPY220930P00392000,392.0,0,0.0,0.0,,0.0,normalDay
2022-09-23,2409.0,-1724.0,0.0,0,367.95,0.0,1,7.53,24.77,SPY220930P00392000,392.0,0,0.0,0.0,,0.0,normalDay
2022-09-26,2409.0,-2091.0,0.0,0,364.31,0.0,1,7.53,28.44,SPY220930P00392000,392.0,0,0.0,0.0,,0.0,normalDay
2022-09-27,2409.0,-2127.0,0.0,0,363.38,0.0,1,7.53,28.8,SPY220930P00392000,392.0,0,0.0,0.0,,0.0,normalDay
2022-09-28,2409.0,-1414.0,0.0,0,370.53,0.0,1,7.53,21.67,SPY220930P00392000,392.0,0,0.0,0.0,,0.0,normalDay
2022-09-29,2409.0,-2167.0,0.0,0,362.79,0.0,1,7.53,29.2,SPY220930P00392000,392.0,0,0.0,0.0,,0.0,normalDay
2022-09-30,3162.0,-3482.0,753.0,100,357.18,392.0,1,7.53,0.0,SPY220930P00392000,392.0,0,0.0,0.0,,0.0,expirationDay
2022-10-03,3162.0,-2543.0,0.0,100,366.61,392.0,0,0.0,0.0,,0.0,1,1.02,1.06,SPY221104C00403000,403.0,normalDay
2022-10-04,3162.0,-1548.0,0.0,100,377.97,392.0,0,0.0,0.0,,0.0,1,1.02,2.47,SPY221104C00403000,403.0,normalDay
2022-10-05,3162.0,-1611.0,0.0,100,377.09,392.0,0,0.0,0.0,,0.0,1,1.02,2.22,SPY221104C00403000,403.0,normalDay
2022-10-06,3162.0,-1946.0,0.0,100,373.2,392.0,0,0.0,0.0,,0.0,1,1.02,1.68,SPY221104C00403000,403.0,normalDay
2022-10-07,3162.0,-2877.0,0.0,100,362.79,392.0,0,0.0,0.0,,0.0,1,1.02,0.58,SPY221104C00403000,403.0,normalDay
2022-10-10,3162.0,-3146.0,0.0,100,360.02,392.0,0,0.0,0.0,,0.0,1,1.02,0.5,SPY221104C00403000,403.0,normalDay
2022-10-11,3162.0,-3370.0,0.0,100,357.74,392.0,0,0.0,0.0,,0.0,1,1.02,0.46,SPY221104C00403000,403.0,normalDay
2022-10-12,3162.0,-3481.0,0.0,100,356.56,392.0,0,0.0,0.0,,0.0,1,1.02,0.39,SPY221104C00403000,403.0,normalDay
2022-10-13,3162.0,-2588.0,0.0,100,365.97,392.0,0,0.0,0.0,,0.0,1,1.02,0.87,SPY221104C00403000,403.0,normalDay
2022-10-14,3162.0,-3366.0,0.0,100,357.63,392.0,0,0.0,0.0,,0.0,1,1.02,0.31,SPY221104C00403000,403.0,normalDay
2022-10-17,3162.0,-2475.0,0.0,100,366.82,392.0,0,0.0,0.0,,0.0,1,1.02,0.59,SPY221104C00403000,403.0,normalDay
2022-10-18,3162.0,-2066.0,0.0,100,371.13,392.0,0,0.0,0.0,,0.0,1,1.02,0.81,SPY221104C00403000,403.0,normalDay
2022-10-19,3162.0,-2299.0,0.0,100,368.5,392.0,0,0.0,0.0,,0.0,1,1.02,0.51,SPY221104C00403000,403.0,normalDay
2022-10-20,3162.0,-2584.0,0.0,100,365.41,392.0,0,0.0,0.0,,0.0,1,1.02,0.27,SPY221104C00403000,403.0,normalDay
2022-10-21,3162.0,-1745.0,0.0,100,374.29,392.0,0,0.0,0.0,,0.0,1,1.02,0.76,SPY221104C00403000,403.0,normalDay
2022-10-24,3162.0,-1322.0,0.0,100,378.87,392.0,0,0.0,0.0,,0.0,1,1.02,1.11,SPY221104C00403000,403.0,normalDay
2022-10-25,3162.0,-740.0,0.0,100,384.92,392.0,0,0.0,0.0,,0.0,1,1.02,1.34,SPY221104C00403000,403.0,normalDay
2022-10-26,3162.0,-988.0,0.0,100,382.02,392.0,0,0.0,0.0,,0.0,1,1.02,0.92,SPY221104C00403000,403.0,normalDay
2022-10-27,3162.0,-1128.0,0.0,100,379.98,392.0,0,0.0,0.0,,0.0,1,1.02,0.28,SPY221104C00403000,403.0,normalDay
2022-10-28,3162.0,-321.0,0.0,100,389.02,392.0,0,0.0,0.0,,0.0,1,1.02,1.25,SPY221104C00403000,403.0,normalDay
2022-10-31,3162.0,-530.0,0.0,100,386.21,392.0,0,0.0,0.0,,0.0,1,1.02,0.53,SPY221104C00403000,403.0,normalDay
2022-11-01,3162.0,-678.0,0.0,100,384.52,392.0,0,0.0,0.0,,0.0,1,1.02,0.32,SPY221104C00403000,403.0,normalDay
2022-11-02,3162.0,-1614.0,0.0,100,374.87,392.0,0,0.0,0.0,,0.0,1,1.02,0.03,SPY221104C00403000,403.0,normalDay
2022-11-03,3162.0,-1998.0,0.0,100,371.01,392.0,0,0.0,0.0,,0.0,1,1.02,0.01,SPY221104C00403000,403.0,normalDay
2022-11-04,3264.0,-1565.0,102.0,100,376.35,392.0,0,0.0,0.0,,0.0,1,1.02,0.0,SPY221104C00403000,403.0,expirationDay
2022-11-07,3264.0,-1210.0,0.0,100,379.95,392.0,0,0.0,0.0,,0.0,1,8.09,8.14,SPY221209C00386000,386.0,normalDay
2022-11-08,3264.0,-1087.0,0.0,100,382.0,392.0,0,0.0,0.0,,0.0,1,8.09,8.96,SPY221209C00386000,386.0,normalDay
2022-11-09,3264.0,-1556.0,0.0,100,374.13,392.0,0,0.0,0.0,,0.0,1,8.09,5.78,SPY221209C00386000,386.0,normalDay
2022-11-10,3264.0,-537.0,0.0,100,394.69,392.0,0,0.0,0.0,,0.0,1,8.09,16.15,SPY221209C00386000,386.0,normalDay
2022-11-11,3264.0,-332.0,0.0,100,398.51,392.0,0,0.0,0.0,,0.0,1,8.09,17.92,SPY221209C00386000,386.0,normalDay
2022-11-14,3264.0,-441.0,0.0,100,395.12,392.0,0,0.0,0.0,,0.0,1,8.09,15.62,SPY221209C00386000,386.0,normalDay
2022-11-15,3264.0,-319.0,0.0,100,398.49,392.0,0,0.0,0.0,,0.0,1,8.09,17.77,SPY221209C00386000,386.0,normalDay
2022-11-16,3264.0,-363.0,0.0,100,395.45,392.0,0,0.0,0.0,,0.0,1,8.09,15.17,SPY221209C00386000,386.0,normalDay
2022-11-17,3264.0,-348.0,0.0,100,394.24,392.0,0,0.0,0.0,,0.0,1,8.09,13.81,SPY221209C00386000,386.0,normalDay
2022-11-18,3264.0,-218.0,0.0,100,396.03,392.0,0,0.0,0.0,,0.0,1,8.09,14.3,SPY221209C00386000,386.0,normalDay
2022-11-21,3264.0,-216.0,0.0,100,394.59,392.0,0,0.0,0.0,,0.0,1,8.09,12.84,SPY221209C00386000,386.0,normalDay
2022-11-22,3264.0,-38.0,0.0,100,399.9,392.0,0,0.0,0.0,,0.0,1,8.09,16.37,SPY221209C00386000,386.0,normalDay
2022-11-23,3264.0,23.0,0.0,100,402.42,392.0,0,0.0,0.0,,0.0,1,8.09,18.28,SPY221209C00386000,386.0,normalDay
2022-11-25,3264.0,-70.0,0.0,100,402.33,392.0,0,0.0,0.0,,0.0,1,8.09,19.12,SPY221209C00386000,386.0,normalDay
2022-11-28,3264.0,-49.0,0.0,100,395.91,392.0,0,0.0,0.0,,0.0,1,8.09,12.49,SPY221209C00386000,386.0,normalDay
2022-11-29,3264.0,-27.0,0.0,100,395.23,392.0,0,0.0,0.0,,0.0,1,8.09,11.59,SPY221209C00386000,386.0,normalDay
2022-11-30,3264.0,119.0,0.0,100,407.68,392.0,0,0.0,0.0,,0.0,1,8.09,22.58,SPY221209C00386000,386.0,normalDay
2022-12-01,3264.0,184.0,0.0,100,407.38,392.0,0,0.0,0.0,,0.0,1,8.09,21.63,SPY221209C00386000,386.0,normalDay
2022-12-02,3264.0,212.0,0.0,100,406.91,392.0,0,0.0,0.0,,0.0,1,8.09,20.88,SPY221209C00386000,386.0,normalDay
2022-12-05,3264.0,153.0,0.0,100,399.59,392.0,0,0.0,0.0,,0.0,1,8.09,14.15,SPY221209C00386000,386.0,normalDay
2022-12-06,3264.0,101.0,0.0,100,393.83,392.0,0,0.0,0.0,,0.0,1,8.09,8.91,SPY221209C00386000,386.0,normalDay
2022-12-07,3264.0,132.0,0.0,100,393.16,392.0,0,0.0,0.0,,0.0,1,8.09,7.93,SPY221209C00386000,386.0,normalDay
2022-12-08,3264.0,190.0,0.0,100,396.24,392.0,0,0.0,0.0,,0.0,1,8.09,10.43,SPY221209C00386000,386.0,normalDay
2022-12-09,3473.0,190.0,209.0,0,393.28,0.0,0,0.0,0.0,,0.0,1,8.09,0.0,SPY221209C00386000,386.0,expirationDay
2022-12-12,3473.0,-5.0,0.0,0,398.95,0.0,1,5.8,5.85,SPY230113P00384000,384.0,0,0.0,0.0,,0.0,normalDay
2022-12-13,3473.0,184.0,0.0,0,401.97,0.0,1,5.8,3.96,SPY230113P00384000,384.0,0,0.0,0.0,,0.0,normalDay
2022-12-14,3473.0,202.0,0.0,0,399.4,0.0,1,5.8,3.78,SPY230113P00384000,384.0,0,0.0,0.0,,0.0,normalDay
2022-12-15,3473.0,-116.0,0.0,0,389.63,0.0,1,5.8,6.96,SPY230113P00384000,384.0,0,0.0,0.0,,0.0,normalDay
2022-12-16,3473.0,-296.0,0.0,0,383.27,0.0,1,5.8,8.76,SPY230113P00384000,384.0,0,0.0,0.0,,0.0,normalDay
2022-12-19,3473.0,-422.0,0.0,0,380.02,0.0,1,5.8,10.02,SPY230113P00384000,384.0,0,0.0,0.0,,0.0,normalDay
2022-12-20,3473.0,-340.0,0.0,0,380.54,0.0,1,5.8,9.2,SPY230113P00384000,384.0,0,0.0,0.0,,0.0,normalDay
2022-12-21,3473.0,-40.0,0.0,0,386.23,0.0,1,5.8,6.2,SPY230113P00384000,384.0,0,0.0,0.0,,0.0,normalDay
2022-12-22,3473.0,-336.0,0.0,0,380.72,0.0,1,5.8,9.16,SPY230113P00384000,384.0,0,0.0,0.0,,0.0,normalDay
2022-12-23,3473.0,-195.0,0.0,0,382.91,0.0,1,5.8,7.75,SPY230113P00384000,384.0,0,0.0,0.0,,0.0,normalDay
2022-12-27,3473.0,-226.0,0.0,0,381.4,0.0,1,5.8,8.06,SPY230113P00384000,384.0,0,0.0,0.0,,0.0,normalDay
2022-12-28,3473.0,-499.0,0.0,0,376.66,0.0,1,5.8,10.79,SPY230113P00384000,384.0,0,0.0,0.0,,0.0,normalDay
2022-12-29,3473.0,-97.0,0.0,0,383.44,0.0,1,5.8,6.77,SPY230113P00384000,384.0,0,0.0,0.0,,0.0,normalDay
2022-12-30,3473.0,-112.0,0.0,0,382.43,0.0,1,5.8,6.92,SPY230113P00384000,384.0,0,0.0,0.0,,0.0,normalDay
2023-01-03,3473.0,-208.0,0.0,0,380.82,0.0,1,5.8,7.88,SPY230113P00384000,384.0,0,0.0,0.0,,0.0,normalDay
2023-01-04,3473.0,22.0,0.0,0,383.76,0.0,1,5.8,5.58,SPY230113P00384000,384.0,0,0.0,0.0,,0.0,normalDay
2023-01-05,3473.0,-222.0,0.0,0,379.38,0.0,1,5.8,8.02,SPY230113P00384000,384.0,0,0.0,0.0,,0.0,normalDay
2023-01-06,3473.0,261.0,0.0,0,388.08,0.0,1,5.8,3.19,SPY230113P00384000,384.0,0,0.0,0.0,,0.0,normalDay
2023-01-09,3473.0,274.0,0.0,0,387.86,0.0,1,5.8,3.06,SPY230113P00384000,384.0,0,0.0,0.0,,0.0,normalDay
2023-01-10,3473.0,397.0,0.0,0,390.58,0.0,1,5.8,1.83,SPY230113P00384000,384.0,0,0.0,0.0,,0.0,normalDay
2023-01-11,3473.0,495.0,0.0,0,395.52,0.0,1,5.8,0.85,SPY230113P00384000,384.0,0,0.0,0.0,,0.0,normalDay
2023-01-12,3473.0,575.0,0.0,0,396.96,0.0,1,5.8,0.05,SPY230113P00384000,384.0,0,0.0,0.0,,0.0,normalDay
2023-01-13,4053.0,0.0,580.0,0,398.5,0.0,1,5.8,0.0,SPY230113P00384000,384.0,0,0.0,0.0,,0.0,expirationDay
2023-01-17,4053.0,-3.0,0.0,0,397.77,0.0,1,1.06,1.09,SPY230217P00365000,365.0,0,0.0,0.0,,0.0,normalDay
2023-01-18,4053.0,-59.0,0.0,0,391.49,0.0,1,1.06,1.65,SPY230217P00365000,365.0,0,0.0,0.0,,0.0,normalDay
2023-01-19,4053.0,-85.0,0.0,0,388.64,0.0,1,1.06,1.91,SPY230217P00365000,365.0,0,0.0,0.0,,0.0,normalDay
2023-01-20,4053.0,-9.0,0.0,0,395.88,0.0,1,1.06,1.15,SPY230217P00365000,365.0,0,0.0,0.0,,0.0,normalDay
2023-01-23,4053.0,24.0,0.0,0,400.63,0.0,1,1.06,0.82,SPY230217P00365000,365.0,0,0.0,0.0,,0.0,normalDay
2023-01-24,4053.0,38.0,0.0,0,400.2,0.0,1,1.06,0.68,SPY230217P00365000,365.0,0,0.0,0.0,,0.0,normalDay
2023-01-25,4053.0,41.0,0.0,0,400.35,0.0,1,1.06,0.65,SPY230217P00365000,365.0,0,0.0,0.0,,0.0,normalDay
2023-01-26,4053.0,61.0,0.0,0,404.75,0.0,1,1.06,0.45,SPY230217P00365000,365.0,0,0.0,0.0,,0.0,normalDay
2023-01-27,4053.0,68.0,0.0,0,405.68,0.0,1,1.06,0.38,SPY230217P00365000,365.0,0,0.0,0.0,,0.0,normalDay
2023-01-30,4053.0,58.0,0.0,0,400.59,0.0,1,1.06,0.48,SPY230217P00365000,365.0,0,0.0,0.0,,0.0,normalDay
2023-01-31,4053.0,72.0,0.0,0,406.48,0.0,1,1.06,0.34,SPY230217P00365000,365.0,0,0.0,0.0,,0.0,normalDay
2023-02-01,4053.0,85.0,0.0,0,410.8,0.0,1,1.06,0.21,SPY230217P00365000,365.0,0,0.0,0.0,,0.0,normalDay
2023-02-02,4053.0,85.0,0.0,0,416.78,0.0,1,1.06,0.21,SPY230217P00365000,365.0,0,0.0,0.0,,0.0,normalDay
2023-02-03,4053.0,90.0,0.0,0,412.35,0.0,1,1.06,0.16,SPY230217P00365000,365.0,0,0.0,0.0,,0.0,normalDay
2023-02-06,4053.0,93.0,0.0,0,409.83,0.0,1,1.06,0.13,SPY230217P00365000,365.0,0,0.0,0.0,,0.0,normalDay
2023-02-07,4053.0,98.0,0.0,0,415.19,0.0,1,1.06,0.08,SPY230217P00365000,365.0,0,0.0,0.0,,0.0,normalDay
2023-02-08,4053.0,98.0,0.0,0,410.65,0.0,1,1.06,0.08,SPY230217P00365000,365.0,0,0.0,0.0,,0.0,normalDay
2023-02-09,4053.0,95.0,0.0,0,407.09,0.0,1,1.06,0.11,SPY230217P00365000,365.0,0,0.0,0.0,,0.0,normalDay
2023-02-10,4053.0,99.0,0.0,0,408.04,0.0,1,1.06,0.07,SPY230217P00365000,365.0,0,0.0,0.0,,0.0,normalDay
2023-02-13,4053.0,101.0,0.0,0,412.83,0.0,1,1.06,0.05,SPY230217P00365000,365.0,0,0.0,0.0,,0.0,normalDay
2023-02-14,4053.0,103.0,0.0,0,412.64,0.0,1,1.06,0.03,SPY230217P00365000,365.0,0,0.0,0.0,,0.0,normalDay
2023-02-15,4053.0,104.0,0.0,0,413.98,0.0,1,1.06,0.02,SPY230217P00365000,365.0,0,0.0,0.0,,0.0,normalDay
2023-02-16,4053.0,102.0,0.0,0,408.28,0.0,1,1.06,0.04,SPY230217P00365000,365.0,0,0.0,0.0,,0.0,normalDay
2023-02-17,4159.0,0.0,106.0,0,407.26,0.0,1,1.06,0.0,SPY230217P00365000,365.0,0,0.0,0.0,,0.0,expirationDay
2023-02-21,4159.0,-5.0,0.0,0,399.09,0.0,1,6.89,6.94,SPY230324P00392000,392.0,0,0.0,0.0,,0.0,normalDay
2023-02-22,4159.0,8.0,0.0,0,398.54,0.0,1,6.89,6.81,SPY230324P00392000,392.0,0,0.0,0.0,,0.0,normalDay
2023-02-23,4159.0,110.0,0.0,0,400.66,0.0,1,6.89,5.79,SPY230324P00392000,392.0,0,0.0,0.0,,0.0,normalDay
2023-02-24,4159.0,-41.0,0.0,0,396.38,0.0,1,6.89,7.3,SPY230324P00392000,392.0,0,0.0,0.0,,0.0,normalDay
2023-02-27,4159.0,76.0,0.0,0,397.73,0.0,1,6.89,6.13,SPY230324P00392000,392.0,0,0.0,0.0,,0.0,normalDay
2023-02-28,4159.0,30.0,0.0,0,396.26,0.0,1,6.89,6.59,SPY230324P00392000,392.0,0,0.0,0.0,,0.0,normalDay
2023-03-01,4159.0,-16.0,0.0,0,394.74,0.0,1,6.89,7.05,SPY230324P00392000,392.0,0,0.0,0.0,,0.0,normalDay
2023-03-02,4159.0,133.0,0.0,0,397.81,0.0,1,6.89,5.56,SPY230324P00392000,392.0,0,0.0,0.0,,0.0,normalDay
2023-03-03,4159.0,370.0,0.0,0,404.19,0.0,1,6.89,3.19,SPY230324P00392000,392.0,0,0.0,0.0,,0.0,normalDay
2023-03-06,4159.0,398.0,0.0,0,404.47,0.0,1,6.89,2.91,SPY230324P00392000,392.0,0,0.0,0.0,,0.0,normalDay
2023-03-07,4159.0,216.0,0.0,0,398.27,0.0,1,6.89,4.73,SPY230324P00392000,392.0,0,0.0,0.0,,0.0,normalDay
2023-03-08,4159.0,262.0,0.0,0,398.92,0.0,1,6.89,4.27,SPY230324P00392000,392.0,0,0.0,0.0,,0.0,normalDay
2023-03-09,4159.0,-135.0,0.0,0,391.56,0.0,1,6.89,8.24,SPY230324P00392000,392.0,0,0.0,0.0,,0.0,normalDay
2023-03-10,4159.0,-431.0,0.0,0,385.91,0.0,1,6.89,11.2,SPY230324P00392000,392.0,0,0.0,0.0,,0.0,normalDay
2023-03-13,4159.0,-467.0,0.0,0,385.36,0.0,1,6.89,11.56,SPY230324P00392000,392.0,0,0.0,0.0,,0.0,normalDay
2023-03-14,4159.0,-19.0,0.0,0,391.73,0.0,1,6.89,7.08,SPY230324P00392000,392.0,0,0.0,0.0,,0.0,normalDay
2023-03-15,4159.0,-178.0,0.0,0,389.28,0.0,1,6.89,8.67,SPY230324P00392000,392.0,0,0.0,0.0,,0.0,normalDay
2023-03-16,4159.0,248.0,0.0,0,396.11,0.0,1,6.89,4.41,SPY230324P00392000,392.0,0,0.0,0.0,,0.0,normalDay
2023-03-17,4159.0,47.0,0.0,0,389.99,0.0,1,6.89,6.42,SPY230324P00392000,392.0,0,0.0,0.0,,0.0,normalDay
2023-03-20,4159.0,280.0,0.0,0,393.74,0.0,1,6.89,4.09,SPY230324P00392000,392.0,0,0.0,0.0,,0.0,normalDay
2023-03-21,4159.0,528.0,0.0,0,398.91,0.0,1,6.89,1.61,SPY230324P00392000,392.0,0,0.0,0.0,,0.0,normalDay
2023-03-22,4159.0,379.0,0.0,0,392.11,0.0,1,6.89,3.1,SPY230324P00392000,392.0,0,0.0,0.0,,0.0,normalDay
2023-03-23,4159.0,512.0,0.0,0,393.17,0.0,1,6.89,1.77,SPY230324P00392000,392.0,0,0.0,0.0,,0.0,normalDay
2023-03-24,4848.0,0.0,689.0,0,395.75,0.0,1,6.89,0.0,SPY230324P00392000,392.0,0,0.0,0.0,,0.0,expirationDay
2023-03-27,4848.0,-4.0,0.0,0,396.49,0.0,1,3.31,3.35,SPY230428P00379000,379.0,0,0.0,0.0,,0.0,normalDay
2023-03-28,4848.0,22.0,0.0,0,395.6,0.0,1,3.31,3.09,SPY230428P00379000,379.0,0,0.0,0.0,,0.0,normalDay
2023-03-29,4848.0,120.0,0.0,0,401.35,0.0,1,3.31,2.11,SPY230428P00379000,379.0,0,0.0,0.0,,0.0,normalDay
2023-03-30,4848.0,157.0,0.0,0,403.7,0.0,1,3.31,1.74,SPY230428P00379000,379.0,0,0.0,0.0,,0.0,normalDay
2023-03-31,4848.0,216.0,0.0,0,409.39,0.0,1,3.31,1.15,SPY230428P00379000,379.0,0,0.0,0.0,,0.0,normalDay
2023-04-03,4848.0,251.0,0.0,0,410.95,0.0,1,3.31,0.8,SPY230428P00379000,379.0,0,0.0,0.0,,0.0,normalDay
2023-04-04,4848.0,245.0,0.0,0,408.67,0.0,1,3.31,0.86,SPY230428P00379000,379.0,0,0.0,0.0,,0.0,normalDay
2023-04-05,4848.0,248.0,0.0,0,407.6,0.0,1,3.31,0.83,SPY230428P00379000,379.0,0,0.0,0.0,,0.0,normalDay
2023-04-06,4848.0,269.0,0.0,0,409.19,0.0,1,3.31,0.62,SPY230428P00379000,379.0,0,0.0,0.0,,0.0,normalDay
2023-04-10,4848.0,284.0,0.0,0,409.61,0.0,1,3.31,0.47,SPY230428P00379000,379.0,0,0.0,0.0,,0.0,normalDay
2023-04-11,4848.0,287.0,0.0,0,409.72,0.0,1,3.31,0.44,SPY230428P00379000,379.0,0,0.0,0.0,,0.0,normalDay
2023-04-12,4848.0,287.0,0.0,0,408.05,0.0,1,3.31,0.44,SPY230428P00379000,379.0,0,0.0,0.0,,0.0,normalDay
2023-04-13,4848.0,309.0,0.0,0,413.47,0.0,1,3.31,0.22,SPY230428P00379000,379.0,0,0.0,0.0,,0.0,normalDay
2023-04-14,4848.0,315.0,0.0,0,412.46,0.0,1,3.31,0.16,SPY230428P00379000,379.0,0,0.0,0.0,,0.0,normalDay
2023-04-17,4848.0,319.0,0.0,0,413.94,0.0,1,3.31,0.12,SPY230428P00379000,379.0,0,0.0,0.0,,0.0,normalDay
2023-04-18,4848.0,320.0,0.0,0,414.21,0.0,1,3.31,0.11,SPY230428P00379000,379.0,0,0.0,0.0,,0.0,normalDay
2023-04-19,4848.0,323.0,0.0,0,414.14,0.0,1,3.31,0.08,SPY230428P00379000,379.0,0,0.0,0.0,,0.0,normalDay
2023-04-20,4848.0,323.0,0.0,0,411.88,0.0,1,3.31,0.08,SPY230428P00379000,379.0,0,0.0,0.0,,0.0,normalDay
2023-04-21,4848.0,325.0,0.0,0,412.2,0.0,1,3.31,0.06,SPY230428P00379000,379.0,0,0.0,0.0,,0.0,normalDay
2023-04-24,4848.0,328.0,0.0,0,412.63,0.0,1,3.31,0.03,SPY230428P00379000,379.0,0,0.0,0.0,,0.0,normalDay
2023-04-25,4848.0,327.0,0.0,0,406.08,0.0,1,3.31,0.04,SPY230428P00379000,379.0,0,0.0,0.0,,0.0,normalDay
2023-04-26,4848.0,328.0,0.0,0,404.36,0.0,1,3.31,0.03,SPY230428P00379000,379.0,0,0.0,0.0,,0.0,normalDay
2023-04-27,4848.0,329.0,0.0,0,412.41,0.0,1,3.31,0.02,SPY230428P00379000,379.0,0,0.0,0.0,,0.0,normalDay
2023-04-28,5179.0,0.0,331.0,0,415.93,0.0,1,3.31,0.0,SPY230428P00379000,379.0,0,0.0,0.0,,0.0,expirationDay
2023-05-01,5179.0,-4.0,0.0,0,415.51,0.0,1,2.6,2.64,SPY230602P00401000,401.0,0,0.0,0.0,,0.0,normalDay
2023-05-02,5179.0,-139.0,0.0,0,410.84,0.0,1,2.6,3.99,SPY230602P00401000,401.0,0,0.0,0.0,,0.0,normalDay
2023-05-03,5179.0,-203.0,0.0,0,408.02,0.0,1,2.6,4.63,SPY230602P00401000,401.0,0,0.0,0.0,,0.0,normalDay
2023-05-04,5179.0,-362.0,0.0,0,405.13,0.0,1,2.6,6.22,SPY230602P00401000,401.0,0,0.0,0.0,,0.0,normalDay
2023-05-05,5179.0,-63.0,0.0,0,412.63,0.0,1,2.6,3.23,SPY230602P00401000,401.0,0,0.0,0.0,,0.0,normalDay
2023-05-08,5179.0,-14.0,0.0,0,412.74,0.0,1,2.6,2.74,SPY230602P00401000,401.0,0,0.0,0.0,,0.0,normalDay
2023-05-09,5179.0,-51.0,0.0,0,410.93,0.0,1,2.6,3.11,SPY230602P00401000,401.0,0,0.0,0.0,,0.0,normalDay
2023-05-10,5179.0,26.0,0.0,0,412.85,0.0,1,2.6,2.34,SPY230602P00401000,401.0,0,0.0,0.0,,0.0,normalDay
2023-05-11,5179.0,26.0,0.0,0,412.13,0.0,1,2.6,2.34,SPY230602P00401000,401.0,0,0.0,0.0,,0.0,normalDay
2023-05-12,5179.0,26.0,0.0,0,411.59,0.0,1,2.6,2.34,SPY230602P00401000,401.0,0,0.0,0.0,,0.0,normalDay
2023-05-15,5179.0,86.0,0.0,0,413.01,0.0,1,2.6,1.74,SPY230602P00401000,401.0,0,0.0,0.0,,0.0,normalDay
2023-05-16,5179.0,27.0,0.0,0,410.25,0.0,1,2.6,2.33,SPY230602P00401000,401.0,0,0.0,0.0,,0.0,normalDay
2023-05-17,5179.0,133.0,0.0,0,415.23,0.0,1,2.6,1.27,SPY230602P00401000,401.0,0,0.0,0.0,,0.0,normalDay
2023-05-18,5179.0,189.0,0.0,0,419.23,0.0,1,2.6,0.71,SPY230602P00401000,401.0,0,0.0,0.0,,0.0,normalDay
2023-05-19,5179.0,187.0,0.0,0,418.62,0.0,1,2.6,0.73,SPY230602P00401000,401.0,0,0.0,0.0,,0.0,normalDay
2023-05-22,5179.0,198.0,0.0,0,418.79,0.0,1,2.6,0.62,SPY230602P00401000,401.0,0,0.0,0.0,,0.0,normalDay
2023-05-23,5179.0,151.0,0.0,0,414.09,0.0,1,2.6,1.09,SPY230602P00401000,401.0,0,0.0,0.0,,0.0,normalDay
2023-05-24,5179.0,107.0,0.0,0,411.09,0.0,1,2.6,1.53,SPY230602P00401000,401.0,0,0.0,0.0,,0.0,normalDay
2023-05-25,5179.0,179.0,0.0,0,414.65,0.0,1,2.6,0.81,SPY230602P00401000,401.0,0,0.0,0.0,,0.0,normalDay
2023-05-26,5179.0,220.0,0.0,0,420.02,0.0,1,2.6,0.4,SPY230602P00401000,401.0,0,0.0,0.0,,0.0,normalDay
2023-05-30,5179.0,251.0,0.0,0,420.18,0.0,1,2.6,0.09,SPY230602P00401000,401.0,0,0.0,0.0,,0.0,normalDay
2023-05-31,5179.0,253.0,0.0,0,417.85,0.0,1,2.6,0.07,SPY230602P00401000,401.0,0,0.0,0.0,,0.0,normalDay
2023-06-01,5179.0,257.0,0.0,0,421.82,0.0,1,2.6,0.03,SPY230602P00401000,401.0,0,0.0,0.0,,0.0,normalDay
2023-06-02,5439.0,0.0,260.0,0,427.92,0.0,1,2.6,0.0,SPY230602P00401000,401.0,0,0.0,0.0,,0.0,expirationDay
2023-06-05,5439.0,-3.0,0.0,0,427.1,0.0,1,1.13,1.16,SPY230707P00400000,400.0,0,0.0,0.0,,0.0,normalDay
2023-06-06,5439.0,19.0,0.0,0,428.03,0.0,1,1.13,0.94,SPY230707P00400000,400.0,0,0.0,0.0,,0.0,normalDay
2023-06-07,5439.0,16.0,0.0,0,426.55,0.0,1,1.13,0.97,SPY230707P00400000,400.0,0,0.0,0.0,,0.0,normalDay
2023-06-08,5439.0,37.0,0.0,0,429.13,0.0,1,1.13,0.76,SPY230707P00400000,400.0,0,0.0,0.0,,0.0,normalDay
2023-06-09,5439.0,42.0,0.0,0,429.9,0.0,1,1.13,0.71,SPY230707P00400000,400.0,0,0.0,0.0,,0.0,normalDay
2023-06-12,5439.0,54.0,0.0,0,433.8,0.0,1,1.13,0.59,SPY230707P00400000,400.0,0,0.0,0.0,,0.0,normalDay
2023-06-13,5439.0,66.0,0.0,0,436.66,0.0,1,1.13,0.47,SPY230707P00400000,400.0,0,0.0,0.0,,0.0,normalDay
2023-06-14,5439.0,79.0,0.0,0,437.18,0.0,1,1.13,0.34,SPY230707P00400000,400.0,0,0.0,0.0,,0.0,normalDay
2023-06-15,5439.0,82.0,0.0,0,442.6,0.0,1,1.13,0.31,SPY230707P00400000,400.0,0,0.0,0.0,,0.0,normalDay
2023-06-16,5439.0,93.0,0.0,0,439.46,0.0,1,1.13,0.2,SPY230707P00400000,400.0,0,0.0,0.0,,0.0,normalDay
2023-06-20,5439.0,96.0,0.0,0,437.18,0.0,1,1.13,0.17,SPY230707P00400000,400.0,0,0.0,0.0,,0.0,normalDay
2023-06-21,5439.0,98.0,0.0,0,434.94,0.0,1,1.13,0.15,SPY230707P00400000,400.0,0,0.0,0.0,,0.0,normalDay
2023-06-22,5439.0,102.0,0.0,0,436.51,0.0,1,1.13,0.11,SPY230707P00400000,400.0,0,0.0,0.0,,0.0,normalDay
2023-06-23,5439.0,98.0,0.0,0,433.21,0.0,1,1.13,0.15,SPY230707P00400000,400.0,0,0.0,0.0,,0.0,normalDay
2023-06-26,5439.0,99.0,0.0,0,431.44,0.0,1,1.13,0.14,SPY230707P00400000,400.0,0,0.0,0.0,,0.0,normalDay
2023-06-27,5439.0,103.0,0.0,0,436.17,0.0,1,1.13,0.1,SPY230707P00400000,400.0,0,0.0,0.0,,0.0,normalDay
2023-06-28,5439.0,107.0,0.0,0,436.39,0.0,1,1.13,0.06,SPY230707P00400000,400.0,0,0.0,0.0,,0.0,normalDay
2023-06-29,5439.0,107.0,0.0,0,438.11,0.0,1,1.13,0.06,SPY230707P00400000,400.0,0,0.0,0.0,,0.0,normalDay
2023-06-30,5439.0,109.0,0.0,0,443.28,0.0,1,1.13,0.04,SPY230707P00400000,400.0,0,0.0,0.0,,0.0,normalDay
2023-07-03,5439.0,110.0,0.0,0,443.79,0.0,1,1.13,0.03,SPY230707P00400000,400.0,0,0.0,0.0,,0.0,normalDay
2023-07-05,5439.0,111.0,0.0,0,443.13,0.0,1,1.13,0.02,SPY230707P00400000,400.0,0,0.0,0.0,,0.0,normalDay
2023-07-06,5439.0,111.0,0.0,0,439.66,0.0,1,1.13,0.02,SPY230707P00400000,400.0,0,0.0,0.0,,0.0,normalDay
2023-07-07,5552.0,0.0,113.0,0,438.55,0.0,1,1.13,0.0,SPY230707P00400000,400.0,0,0.0,0.0,,0.0,expirationDay
2023-07-10,5552.0,-3.0,0.0,0,439.66,0.0,1,2.4,2.43,SPY230811P00426000,426.0,0,0.0,0.0,,0.0,normalDay
2023-07-11,5552.0,44.0,0.0,0,442.46,0.0,1,2.4,1.96,SPY230811P00426000,426.0,0,0.0,0.0,,0.0,normalDay
2023-07-12,5552.0,120.0,0.0,0,446.02,0.0,1,2.4,1.2,SPY230811P00426000,426.0,0,0.0,0.0,,0.0,normalDay
2023-07-13,5552.0,143.0,0.0,0,449.56,0.0,1,2.4,0.97,SPY230811P00426000,426.0,0,0.0,0.0,,0.0,normalDay
2023-07-14,5552.0,151.0,0.0,0,449.28,0.0,1,2.4,0.89,SPY230811P00426000,426.0,0,0.0,0.0,,0.0,normalDay
2023-07-17,5552.0,169.0,0.0,0,450.84,0.0,1,2.4,0.71,SPY230811P00426000,426.0,0,0.0,0.0,,0.0,normalDay
2023-07-18,5552.0,188.0,0.0,0,454.19,0.0,1,2.4,0.52,SPY230811P00426000,426.0,0,0.0,0.0,,0.0,normalDay
2023-07-19,5552.0,188.0,0.0,0,455.2,0.0,1,2.4,0.52,SPY230811P00426000,426.0,0,0.0,0.0,,0.0,normalDay
2023-07-20,5552.0,179.0,0.0,0,452.18,0.0,1,2.4,0.61,SPY230811P00426000,426.0,0,0.0,0.0,,0.0,normalDay
2023-07-21,5552.0,190.0,0.0,0,452.18,0.0,1,2.4,0.5,SPY230811P00426000,426.0,0,0.0,0.0,,0.0,normalDay
2023-07-24,5552.0,201.0,0.0,0,454.2,0.0,1,2.4,0.39,SPY230811P00426000,426.0,0,0.0,0.0,,0.0,normalDay
2023-07-25,5552.0,207.0,0.0,0,455.44,0.0,1,2.4,0.33,SPY230811P00426000,426.0,0,0.0,0.0,,0.0,normalDay
2023-07-26,5552.0,216.0,0.0,0,455.51,0.0,1,2.4,0.24,SPY230811P00426000,426.0,0,0.0,0.0,,0.0,normalDay
2023-07-27,5552.0,201.0,0.0,0,452.49,0.0,1,2.4,0.39,SPY230811P00426000,426.0,0,0.0,0.0,,0.0,normalDay
2023-07-28,5552.0,223.0,0.0,0,456.92,0.0,1,2.4,0.17,SPY230811P00426000,426.0,0,0.0,0.0,,0.0,normalDay
2023-07-31,5552.0,226.0,0.0,0,457.79,0.0,1,2.4,0.14,SPY230811P00426000,426.0,0,0.0,0.0,,0.0,normalDay
2023-08-01,5552.0,227.0,0.0,0,456.48,0.0,1,2.4,0.13,SPY230811P00426000,426.0,0,0.0,0.0,,0.0,normalDay
2023-08-02,5552.0,213.0,0.0,0,450.13,0.0,1,2.4,0.27,SPY230811P00426000,426.0,0,0.0,0.0,,0.0,normalDay
2023-08-03,5552.0,219.0,0.0,0,448.84,0.0,1,2.4,0.21,SPY230811P00426000,426.0,0,0.0,0.0,,0.0,normalDay
2023-08-04,5552.0,216.0,0.0,0,446.81,0.0,1,2.4,0.24,SPY230811P00426000,426.0,0,0.0,0.0,,0.0,normalDay
2023-08-07,5552.0,232.0,0.0,0,450.71,0.0,1,2.4,0.08,SPY230811P00426000,426.0,0,0.0,0.0,,0.0,normalDay
2023-08-08,5552.0,235.0,0.0,0,448.75,0.0,1,2.4,0.05,SPY230811P00426000,426.0,0,0.0,0.0,,0.0,normalDay
2023-08-09,5552.0,236.0,0.0,0,445.75,0.0,1,2.4,0.04,SPY230811P00426000,426.0,0,0.0,0.0,,0.0,normalDay
2023-08-10,5552.0,237.0,0.0,0,445.91,0.0,1,2.4,0.03,SPY230811P00426000,426.0,0,0.0,0.0,,0.0,normalDay
2023-08-11,5792.0,0.0,240.0,0,445.65,0.0,1,2.4,0.0,SPY230811P00426000,426.0,0,0.0,0.0,,0.0,expirationDay
2023-08-14,5792.0,-3.0,0.0,0,448.11,0.0,1,3.6,3.63,SPY230915P00439000,439.0,0,0.0,0.0,,0.0,normalDay
2023-08-15,5792.0,-196.0,0.0,0,442.89,0.0,1,3.6,5.56,SPY230915P00439000,439.0,0,0.0,0.0,,0.0,normalDay
2023-08-16,5792.0,-310.0,0.0,0,439.64,0.0,1,3.6,6.7,SPY230915P00439000,439.0,0,0.0,0.0,,0.0,normalDay
2023-08-17,5792.0,-498.0,0.0,0,436.29,0.0,1,3.6,8.58,SPY230915P00439000,439.0,0,0.0,0.0,,0.0,normalDay
2023-08-18,5792.0,-442.0,0.0,0,436.5,0.0,1,3.6,8.02,SPY230915P00439000,439.0,0,0.0,0.0,,0.0,normalDay
2023-08-21,5792.0,-288.0,0.0,0,439.34,0.0,1,3.6,6.48,SPY230915P00439000,439.0,0,0.0,0.0,,0.0,normalDay
2023-08-22,5792.0,-311.0,0.0,0,438.15,0.0,1,3.6,6.71,SPY230915P00439000,439.0,0,0.0,0.0,,0.0,normalDay
2023-08-23,5792.0,-79.0,0.0,0,443.03,0.0,1,3.6,4.39,SPY230915P00439000,439.0,0,0.0,0.0,,0.0,normalDay
2023-08-24,5792.0,-355.0,0.0,0,436.89,0.0,1,3.6,7.15,SPY230915P00439000,439.0,0,0.0,0.0,,0.0,normalDay
2023-08-25,5792.0,-149.0,0.0,0,439.97,0.0,1,3.6,5.09,SPY230915P00439000,439.0,0,0.0,0.0,,0.0,normalDay
2023-08-28,5792.0,8.0,0.0,0,442.76,0.0,1,3.6,3.52,SPY230915P00439000,439.0,0,0.0,0.0,,0.0,normalDay
2023-08-29,5792.0,190.0,0.0,0,449.16,0.0,1,3.6,1.7,SPY230915P00439000,439.0,0,0.0,0.0,,0.0,normalDay
2023-08-30,5792.0,242.0,0.0,0,451.01,0.0,1,3.6,1.18,SPY230915P00439000,439.0,0,0.0,0.0,,0.0,normalDay
2023-08-31,5792.0,257.0,0.0,0,450.35,0.0,1,3.6,1.03,SPY230915P00439000,439.0,0,0.0,0.0,,0.0,normalDay
2023-09-01,5792.0,279.0,0.0,0,451.19,0.0,1,3.6,0.81,SPY230915P00439000,439.0,0,0.0,0.0,,0.0,normalDay
2023-09-05,5792.0,265.0,0.0,0,449.24,0.0,1,3.6,0.95,SPY230915P00439000,439.0,0,0.0,0.0,,0.0,normalDay
2023-09-06,5792.0,221.0,0.0,0,446.22,0.0,1,3.6,1.39,SPY230915P00439000,439.0,0,0.0,0.0,,0.0,normalDay
2023-09-07,5792.0,210.0,0.0,0,444.85,0.0,1,3.6,1.5,SPY230915P00439000,439.0,0,0.0,0.0,,0.0,normalDay
2023-09-08,5792.0,270.0,0.0,0,445.52,0.0,1,3.6,0.9,SPY230915P00439000,439.0,0,0.0,0.0,,0.0,normalDay
2023-09-11,5792.0,323.0,0.0,0,448.45,0.0,1,3.6,0.37,SPY230915P00439000,439.0,0,0.0,0.0,,0.0,normalDay
2023-09-12,5792.0,300.0,0.0,0,445.99,0.0,1,3.6,0.6,SPY230915P00439000,439.0,0,0.0,0.0,,0.0,normalDay
2023-09-13,5792.0,341.0,0.0,0,446.51,0.0,1,3.6,0.19,SPY230915P00439000,439.0,0,0.0,0.0,,0.0,normalDay
2023-09-14,5792.0,355.0,0.0,0,450.36,0.0,1,3.6,0.05,SPY230915P00439000,439.0,0,0.0,0.0,,0.0,normalDay
2023-09-15,6152.0,0.0,360.0,0,443.37,0.0,1,3.6,0.0,SPY230915P00439000,439.0,0,0.0,0.0,,0.0,expirationDay
2023-09-18,6152.0,-3.0,0.0,0,443.63,0.0,1,2.49,2.52,SPY231020P00432000,432.0,0,0.0,0.0,,0.0,normalDay
2023-09-19,6152.0,-15.0,0.0,0,442.71,0.0,1,2.49,2.64,SPY231020P00432000,432.0,0,0.0,0.0,,0.0,normalDay
2023-09-20,6152.0,-136.0,0.0,0,438.64,0.0,1,2.49,3.85,SPY231020P00432000,432.0,0,0.0,0.0,,0.0,normalDay
2023-09-21,6152.0,-445.0,0.0,0,431.39,0.0,1,2.49,6.94,SPY231020P00432000,432.0,0,0.0,0.0,,0.0,normalDay
2023-09-22,6152.0,-464.0,0.0,0,430.42,0.0,1,2.49,7.13,SPY231020P00432000,432.0,0,0.0,0.0,,0.0,normalDay
2023-09-25,6152.0,-354.0,0.0,0,432.23,0.0,1,2.49,6.03,SPY231020P00432000,432.0,0,0.0,0.0,,0.0,normalDay
2023-09-26,6152.0,-695.0,0.0,0,425.88,0.0,1,2.49,9.44,SPY231020P00432000,432.0,0,0.0,0.0,,0.0,normalDay
2023-09-27,6152.0,-656.0,0.0,0,426.05,0.0,1,2.49,9.05,SPY231020P00432000,432.0,0,0.0,0.0,,0.0,normalDay
2023-09-28,6152.0,-518.0,0.0,0,428.52,0.0,1,2.49,7.67,SPY231020P00432000,432.0,0,0.0,0.0,,0.0,normalDay
2023-09-29,6152.0,-543.0,0.0,0,427.48,0.0,1,2.49,7.92,SPY231020P00432000,432.0,0,0.0,0.0,,0.0,normalDay
2023-10-02,6152.0,-521.0,0.0,0,427.31,0.0,1,2.49,7.7,SPY231020P00432000,432.0,0,0.0,0.0,,0.0,normalDay
2023-10-03,6152.0,-914.0,0.0,0,421.59,0.0,1,2.49,11.63,SPY231020P00432000,432.0,0,0.0,0.0,,0.0,normalDay
2023-10-04,6152.0,-699.0,0.0,0,424.66,0.0,1,2.49,9.48,SPY231020P00432000,432.0,0,0.0,0.0,,0.0,normalDay
2023-10-05,6152.0,-717.0,0.0,0,424.5,0.0,1,2.49,9.66,SPY231020P00432000,432.0,0,0.0,0.0,,0.0,normalDay
2023-10-06,6152.0,-325.0,0.0,0,429.54,0.0,1,2.49,5.74,SPY231020P00432000,432.0,0,0.0,0.0,,0.0,normalDay
2023-10-09,6152.0,-174.0,0.0,0,432.29,0.0,1,2.49,4.23,SPY231020P00432000,432.0,0,0.0,0.0,,0.0,normalDay
2023-10-10,6152.0,-58.0,0.0,0,434.54,0.0,1,2.49,3.07,SPY231020P00432000,432.0,0,0.0,0.0,,0.0,normalDay
2023-10-11,6152.0,60.0,0.0,0,436.32,0.0,1,2.49,1.89,SPY231020P00432000,432.0,0,0.0,0.0,,0.0,normalDay
2023-10-12,6152.0,-22.0,0.0,0,433.66,0.0,1,2.49,2.71,SPY231020P00432000,432.0,0,0.0,0.0,,0.0,normalDay
2023-10-13,6152.0,-162.0,0.0,0,431.5,0.0,1,2.49,4.11,SPY231020P00432000,432.0,0,0.0,0.0,,0.0,normalDay
2023-10-16,6152.0,109.0,0.0,0,436.04,0.0,1,2.49,1.4,SPY231020P00432000,432.0,0,0.0,0.0,,0.0,normalDay
2023-10-17,6152.0,111.0,0.0,0,436.02,0.0,1,2.49,1.38,SPY231020P00432000,432.0,0,0.0,0.0,,0.0,normalDay
2023-10-18,6152.0,-58.0,0.0,0,430.21,0.0,1,2.49,3.07,SPY231020P00432000,432.0,0,0.0,0.0,,0.0,normalDay
2023-10-19,6152.0,-398.0,0.0,0,426.43,0.0,1,2.49,6.47,SPY231020P00432000,432.0,0,0.0,0.0,,0.0,normalDay
2023-10-20,6401.0,-1081.0,249.0,100,421.19,432.0,1,2.49,0.0,SPY231020P00432000,432.0,0,0.0,0.0,,0.0,expirationDay
2023-10-23,6401.0,-1158.0,0.0,100,420.46,432.0,0,0.0,0.0,,0.0,1,3.25,3.29,SPY231124C00435000,435.0,normalDay
2023-10-24,6401.0,-886.0,0.0,100,423.63,432.0,0,0.0,0.0,,0.0,1,3.25,3.74,SPY231124C00435000,435.0,normalDay
2023-10-25,6401.0,-1331.0,0.0,100,417.55,432.0,0,0.0,0.0,,0.0,1,3.25,2.11,SPY231124C00435000,435.0,normalDay
2023-10-26,6401.0,-1735.0,0.0,100,412.55,432.0,0,0.0,0.0,,0.0,1,3.25,1.15,SPY231124C00435000,435.0,normalDay
2023-10-27,6401.0,-1890.0,0.0,100,410.68,432.0,0,0.0,0.0,,0.0,1,3.25,0.83,SPY231124C00435000,435.0,normalDay
2023-10-30,6401.0,-1430.0,0.0,100,415.59,432.0,0,0.0,0.0,,0.0,1,3.25,1.14,SPY231124C00435000,435.0,normalDay
2023-10-31,6401.0,-1173.0,0.0,100,418.2,432.0,0,0.0,0.0,,0.0,1,3.25,1.18,SPY231124C00435000,435.0,normalDay
2023-11-01,6401.0,-792.0,0.0,100,422.66,432.0,0,0.0,0.0,,0.0,1,3.25,1.83,SPY231124C00435000,435.0,normalDay
2023-11-02,6401.0,-199.0,0.0,100,430.76,432.0,0,0.0,0.0,,0.0,1,3.25,4.0,SPY231124C00435000,435.0,normalDay
2023-11-03,6401.0,4.0,0.0,100,434.69,432.0,0,0.0,0.0,,0.0,1,3.25,5.9,SPY231124C00435000,435.0,normalDay
2023-11-06,6401.0,126.0,0.0,100,435.69,432.0,0,0.0,0.0,,0.0,1,3.25,5.68,SPY231124C00435000,435.0,normalDay
2023-11-07,6401.0,175.0,0.0,100,436.93,432.0,0,0.0,0.0,,0.0,1,3.25,6.43,SPY231124C00435000,435.0,normalDay
2023-11-08,6401.0,232.0,0.0,100,437.25,432.0,0,0.0,0.0,,0.0,1,3.25,6.18,SPY231124C00435000,435.0,normalDay
2023-11-09,6401.0,77.0,0.0,100,433.84,432.0,0,0.0,0.0,,0.0,1,3.25,4.32,SPY231124C00435000,435.0,normalDay
2023-11-10,6401.0,349.0,0.0,100,440.61,432.0,0,0.0,0.0,,0.0,1,3.25,8.37,SPY231124C00435000,435.0,normalDay
2023-11-13,6401.0,362.0,0.0,100,440.19,432.0,0,0.0,0.0,,0.0,1,3.25,7.82,SPY231124C00435000,435.0,normalDay
2023-11-14,6401.0,474.0,0.0,100,448.73,432.0,0,0.0,0.0,,0.0,1,3.25,15.24,SPY231124C00435000,435.0,normalDay
2023-11-15,6401.0,550.0,0.0,100,449.68,432.0,0,0.0,0.0,,0.0,1,3.25,15.43,SPY231124C00435000,435.0,normalDay
2023-11-16,6401.0,551.0,0.0,100,450.23,432.0,0,0.0,0.0,,0.0,1,3.25,15.97,SPY231124C00435000,435.0,normalDay
2023-11-17,6401.0,584.0,0.0,100,450.79,432.0,0,0.0,0.0,,0.0,1,3.25,16.2,SPY231124C00435000,435.0,normalDay
2023-11-20,6401.0,558.0,0.0,100,454.26,432.0,0,0.0,0.0,,0.0,1,3.25,19.93,SPY231124C00435000,435.0,normalDay
2023-11-21,6401.0,599.0,0.0,100,453.27,432.0,0,0.0,0.0,,0.0,1,3.25,18.53,SPY231124C00435000,435.0,normalDay
2023-11-22,6401.0,562.0,0.0,100,455.02,432.0,0,0.0,0.0,,0.0,1,3.25,20.65,SPY231124C00435000,435.0,normalDay
2023-11-24,7026.0,562.0,625.0,0,455.3,0.0,0,0.0,0.0,,0.0,1,3.25,0.0,SPY231124C00435000,435.0,expirationDay
2023-11-27,7026.0,-3.0,0.0,0,454.48,0.0,1,0.3,0.33,SPY231229P00402000,402.0,0,0.0,0.0,,0.0,normalDay
2023-11-28,7026.0,-1.0,0.0,0,454.93,0.0,1,0.3,0.31,SPY231229P00402000,402.0,0,0.0,0.0,,0.0,normalDay
2023-11-29,7026.0,-1.0,0.0,0,454.61,0.0,1,0.3,0.31,SPY231229P00402000,402.0,0,0.0,0.0,,0.0,normalDay
2023-11-30,7026.0,2.0,0.0,0,456.4,0.0,1,0.3,0.28,SPY231229P00402000,402.0,0,0.0,0.0,,0.0,normalDay
