date,totalCapital,unrializedPnL,rializedPnL,stocksOwned,stocksPriceToday,stocksPriceBoughtAt,putOwned,putOwnedSoldAt,putPriceToday,putOwnedContract,putOwnedStrike,callOwned,callOwnedSoldAt,callPriceToday,callOwnedContract,callOwnedStrike,trackType
2018-11-01,0.0,-5.0,0.0,0,273.51,0.0,1,0.92,0.97,SPY181112P00263000,263.0,0,0.0,0.0,,0.0,normalDay
2018-11-02,0.0,-5.0,0.0,0,271.89,0.0,1,0.92,0.97,SPY181112P00263000,263.0,0,0.0,0.0,,0.0,normalDay
2018-11-05,0.0,33.0,0.0,0,273.39,0.0,1,0.92,0.59,SPY181112P00263000,263.0,0,0.0,0.0,,0.0,normalDay
2018-11-06,0.0,48.0,0.0,0,275.12,0.0,1,0.92,0.44,SPY181112P00263000,263.0,0,0.0,0.0,,0.0,normalDay
2018-11-07,0.0,87.0,0.0,0,281.01,0.0,1,0.92,0.05,SPY181112P00263000,263.0,0,0.0,0.0,,0.0,normalDay
2018-11-08,0.0,89.0,0.0,0,280.5,0.0,1,0.92,0.03,SPY181112P00263000,263.0,0,0.0,0.0,,0.0,normalDay
2018-11-09,0.0,90.0,0.0,0,277.76,0.0,1,0.92,0.02,SPY181112P00263000,263.0,0,0.0,0.0,,0.0,normalDay
2018-11-12,92.0,0.0,92.0,0,272.57,0.0,1,0.92,0.0,SPY181112P00263000,263.0,0,0.0,0.0,,0.0,expirationDay
2018-11-13,92.0,-4.0,0.0,0,272.06,0.0,1,1.1,1.14,SPY181123P00264500,264.5,0,0.0,0.0,,0.0,normalDay
2018-11-14,92.0,-50.0,0.0,0,270.2,0.0,1,1.1,1.6,SPY181123P00264500,264.5,0,0.0,0.0,,0.0,normalDay
2018-11-15,92.0,41.0,0.0,0,273.02,0.0,1,1.1,0.69,SPY181123P00264500,264.5,0,0.0,0.0,,0.0,normalDay
2018-11-16,92.0,80.0,0.0,0,273.73,0.0,1,1.1,0.3,SPY181123P00264500,264.5,0,0.0,0.0,,0.0,normalDay
2018-11-19,92.0,38.0,0.0,0,269.1,0.0,1,1.1,0.72,SPY181123P00264500,264.5,0,0.0,0.0,,0.0,normalDay
2018-11-20,92.0,-120.0,0.0,0,264.12,0.0,1,1.1,2.3,SPY181123P00264500,264.5,0,0.0,0.0,,0.0,normalDay
2018-11-21,92.0,25.0,0.0,0,265.02,0.0,1,1.1,0.85,SPY181123P00264500,264.5,0,0.0,0.0,,0.0,normalDay
2018-11-23,202.0,-125.0,110.0,100,263.25,264.5,1,1.1,0.0,SPY181123P00264500,264.5,0,0.0,0.0,,0.0,expirationDay
2018-11-26,202.0,289.0,0.0,100,267.5,264.5,0,0.0,0.0,,0.0,1,6.5,6.61,SPY190628C00284000,284.0,normalDay
2018-11-27,202.0,347.0,0.0,100,268.4,264.5,0,0.0,0.0,,0.0,1,6.5,6.93,SPY190628C00284000,284.0,normalDay
2018-11-28,202.0,713.0,0.0,100,274.58,264.5,0,0.0,0.0,,0.0,1,6.5,9.45,SPY190628C00284000,284.0,normalDay
2018-11-29,202.0,655.0,0.0,100,273.98,264.5,0,0.0,0.0,,0.0,1,6.5,9.43,SPY190628C00284000,284.0,normalDay
2018-11-30,202.0,744.0,0.0,100,275.65,264.5,0,0.0,0.0,,0.0,1,6.5,10.21,SPY190628C00284000,284.0,normalDay
2018-12-03,202.0,1011.0,0.0,100,279.3,264.5,0,0.0,0.0,,0.0,1,6.5,11.19,SPY190628C00284000,284.0,normalDay
2018-12-04,202.0,466.0,0.0,100,270.25,264.5,0,0.0,0.0,,0.0,1,6.5,7.59,SPY190628C00284000,284.0,normalDay
2018-12-06,202.0,434.0,0.0,100,269.84,264.5,0,0.0,0.0,,0.0,1,6.5,7.5,SPY190628C00284000,284.0,normalDay
2018-12-07,202.0,7.0,0.0,100,263.57,264.5,0,0.0,0.0,,0.0,1,6.5,5.5,SPY190628C00284000,284.0,normalDay
2018-12-10,202.0,36.0,0.0,100,264.07,264.5,0,0.0,0.0,,0.0,1,6.5,5.71,SPY190628C00284000,284.0,normalDay
2018-12-11,202.0,46.0,0.0,100,264.13,264.5,0,0.0,0.0,,0.0,1,6.5,5.67,SPY190628C00284000,284.0,normalDay
2018-12-12,202.0,140.0,0.0,100,265.46,264.5,0,0.0,0.0,,0.0,1,6.5,6.06,SPY190628C00284000,284.0,normalDay
2018-12-13,202.0,138.0,0.0,100,265.37,264.5,0,0.0,0.0,,0.0,1,6.5,5.99,SPY190628C00284000,284.0,normalDay
2018-12-14,202.0,-232.0,0.0,100,260.47,264.5,0,0.0,0.0,,0.0,1,6.5,4.79,SPY190628C00284000,284.0,normalDay
2018-12-17,202.0,-640.0,0.0,100,255.36,264.5,0,0.0,0.0,,0.0,1,6.5,3.76,SPY190628C00284000,284.0,normalDay
2018-12-18,202.0,-650.0,0.0,100,255.08,264.5,0,0.0,0.0,,0.0,1,6.5,3.58,SPY190628C00284000,284.0,normalDay
2018-12-19,202.0,-947.0,0.0,100,251.26,264.5,0,0.0,0.0,,0.0,1,6.5,2.73,SPY190628C00284000,284.0,normalDay
2018-12-20,202.0,-1327.0,0.0,100,247.17,264.5,0,0.0,0.0,,0.0,1,6.5,2.44,SPY190628C00284000,284.0,normalDay
2018-12-21,202.0,-1884.0,0.0,100,240.7,264.5,0,0.0,0.0,,0.0,1,6.5,1.54,SPY190628C00284000,284.0,normalDay
2018-12-24,202.0,-2529.0,0.0,100,234.34,264.5,0,0.0,0.0,,0.0,1,6.5,1.63,SPY190628C00284000,284.0,normalDay
2018-12-26,202.0,-1394.0,0.0,100,246.18,264.5,0,0.0,0.0,,0.0,1,6.5,2.12,SPY190628C00284000,284.0,normalDay
2018-12-27,202.0,-1259.0,0.0,100,248.07,264.5,0,0.0,0.0,,0.0,1,6.5,2.66,SPY190628C00284000,284.0,normalDay
2018-12-28,202.0,-1256.0,0.0,100,247.75,264.5,0,0.0,0.0,,0.0,1,6.5,2.31,SPY190628C00284000,284.0,normalDay
2018-12-31,202.0,-1031.0,0.0,100,249.92,264.5,0,0.0,0.0,,0.0,1,6.5,2.23,SPY190628C00284000,284.0,normalDay
2019-01-02,202.0,-987.0,0.0,100,250.18,264.5,0,0.0,0.0,,0.0,1,6.5,2.05,SPY190628C00284000,284.0,normalDay
2019-01-03,202.0,-1514.0,0.0,100,244.21,264.5,0,0.0,0.0,,0.0,1,6.5,1.35,SPY190628C00284000,284.0,normalDay
2019-01-04,202.0,-781.0,0.0,100,252.39,264.5,0,0.0,0.0,,0.0,1,6.5,2.2,SPY190628C00284000,284.0,normalDay
2019-01-07,202.0,-596.0,0.0,100,254.38,264.5,0,0.0,0.0,,0.0,1,6.5,2.34,SPY190628C00284000,284.0,normalDay
2019-01-08,202.0,-389.0,0.0,100,256.77,264.5,0,0.0,0.0,,0.0,1,6.5,2.66,SPY190628C00284000,284.0,normalDay
2019-01-09,202.0,-270.0,0.0,100,257.97,264.5,0,0.0,0.0,,0.0,1,6.5,2.67,SPY190628C00284000,284.0,normalDay
2019-01-10,202.0,-193.0,0.0,100,258.88,264.5,0,0.0,0.0,,0.0,1,6.5,2.81,SPY190628C00284000,284.0,normalDay
2019-01-11,202.0,-147.0,0.0,100,258.98,264.5,0,0.0,0.0,,0.0,1,6.5,2.45,SPY190628C00284000,284.0,normalDay
2019-01-14,202.0,-258.0,0.0,100,257.4,264.5,0,0.0,0.0,,0.0,1,6.5,1.98,SPY190628C00284000,284.0,normalDay
2019-01-15,202.0,15.0,0.0,100,260.35,264.5,0,0.0,0.0,,0.0,1,6.5,2.2,SPY190628C00284000,284.0,normalDay
2019-01-16,202.0,68.0,0.0,100,260.98,264.5,0,0.0,0.0,,0.0,1,6.5,2.3,SPY190628C00284000,284.0,normalDay
2019-01-17,202.0,219.0,0.0,100,262.96,264.5,0,0.0,0.0,,0.0,1,6.5,2.77,SPY190628C00284000,284.0,normalDay
2019-01-18,202.0,477.0,0.0,100,266.46,264.5,0,0.0,0.0,,0.0,1,6.5,3.69,SPY190628C00284000,284.0,normalDay
2019-01-22,202.0,182.0,0.0,100,262.86,264.5,0,0.0,0.0,,0.0,1,6.5,3.04,SPY190628C00284000,284.0,normalDay
2019-01-23,202.0,244.0,0.0,100,263.41,264.5,0,0.0,0.0,,0.0,1,6.5,2.97,SPY190628C00284000,284.0,normalDay
2019-01-24,202.0,290.0,0.0,100,263.55,264.5,0,0.0,0.0,,0.0,1,6.5,2.65,SPY190628C00284000,284.0,normalDay
2019-01-25,202.0,446.0,0.0,100,265.78,264.5,0,0.0,0.0,,0.0,1,6.5,3.32,SPY190628C00284000,284.0,normalDay
2019-01-28,202.0,297.0,0.0,100,263.76,264.5,0,0.0,0.0,,0.0,1,6.5,2.79,SPY190628C00284000,284.0,normalDay
2019-01-29,202.0,275.0,0.0,100,263.41,264.5,0,0.0,0.0,,0.0,1,6.5,2.66,SPY190628C00284000,284.0,normalDay
2019-01-30,202.0,595.0,0.0,100,267.58,264.5,0,0.0,0.0,,0.0,1,6.5,3.63,SPY190628C00284000,284.0,normalDay
2019-01-31,202.0,761.0,0.0,100,269.93,264.5,0,0.0,0.0,,0.0,1,6.5,4.32,SPY190628C00284000,284.0,normalDay
2019-02-01,202.0,793.0,0.0,100,270.06,264.5,0,0.0,0.0,,0.0,1,6.5,4.13,SPY190628C00284000,284.0,normalDay
2019-02-04,202.0,944.0,0.0,100,271.96,264.5,0,0.0,0.0,,0.0,1,6.5,4.52,SPY190628C00284000,284.0,normalDay
2019-02-05,202.0,1031.0,0.0,100,273.1,264.5,0,0.0,0.0,,0.0,1,6.5,4.79,SPY190628C00284000,284.0,normalDay
2019-02-06,202.0,1016.0,0.0,100,272.74,264.5,0,0.0,0.0,,0.0,1,6.5,4.58,SPY190628C00284000,284.0,normalDay
2019-02-07,202.0,834.0,0.0,100,270.14,264.5,0,0.0,0.0,,0.0,1,6.5,3.8,SPY190628C00284000,284.0,normalDay
2019-02-08,202.0,873.0,0.0,100,270.47,264.5,0,0.0,0.0,,0.0,1,6.5,3.74,SPY190628C00284000,284.0,normalDay
2019-02-11,202.0,891.0,0.0,100,270.62,264.5,0,0.0,0.0,,0.0,1,6.5,3.71,SPY190628C00284000,284.0,normalDay
2019-02-12,202.0,1110.0,0.0,100,274.1,264.5,0,0.0,0.0,,0.0,1,6.5,5.0,SPY190628C00284000,284.0,normalDay
2019-02-13,202.0,1171.0,0.0,100,274.99,264.5,0,0.0,0.0,,0.0,1,6.5,5.28,SPY190628C00284000,284.0,normalDay
2019-02-14,202.0,1128.0,0.0,100,274.38,264.5,0,0.0,0.0,,0.0,1,6.5,5.1,SPY190628C00284000,284.0,normalDay
2019-02-15,202.0,1320.0,0.0,100,277.37,264.5,0,0.0,0.0,,0.0,1,6.5,6.17,SPY190628C00284000,284.0,normalDay
2019-02-19,202.0,1385.0,0.0,100,277.85,264.5,0,0.0,0.0,,0.0,1,6.5,6.0,SPY190628C00284000,284.0,normalDay
2019-02-20,202.0,1434.0,0.0,100,278.41,264.5,0,0.0,0.0,,0.0,1,6.5,6.07,SPY190628C00284000,284.0,normalDay
2019-02-21,202.0,1385.0,0.0,100,277.42,264.5,0,0.0,0.0,,0.0,1,6.5,5.57,SPY190628C00284000,284.0,normalDay
2019-02-22,202.0,1501.0,0.0,100,279.14,264.5,0,0.0,0.0,,0.0,1,6.5,6.13,SPY190628C00284000,284.0,normalDay
2019-02-25,202.0,1511.0,0.0,100,279.52,264.5,0,0.0,0.0,,0.0,1,6.5,6.41,SPY190628C00284000,284.0,normalDay
2019-02-26,202.0,1504.0,0.0,100,279.32,264.5,0,0.0,0.0,,0.0,1,6.5,6.28,SPY190628C00284000,284.0,normalDay
2019-02-27,202.0,1500.0,0.0,100,279.2,264.5,0,0.0,0.0,,0.0,1,6.5,6.2,SPY190628C00284000,284.0,normalDay
2019-02-28,202.0,1489.0,0.0,100,278.68,264.5,0,0.0,0.0,,0.0,1,6.5,5.79,SPY190628C00284000,284.0,normalDay
2019-03-01,202.0,1607.0,0.0,100,280.42,264.5,0,0.0,0.0,,0.0,1,6.5,6.35,SPY190628C00284000,284.0,normalDay
2019-03-04,202.0,1560.0,0.0,100,279.4,264.5,0,0.0,0.0,,0.0,1,6.5,5.8,SPY190628C00284000,284.0,normalDay
2019-03-05,202.0,1540.0,0.0,100,279.02,264.5,0,0.0,0.0,,0.0,1,6.5,5.62,SPY190628C00284000,284.0,normalDay
2019-03-06,202.0,1434.0,0.0,100,277.33,264.5,0,0.0,0.0,,0.0,1,6.5,4.99,SPY190628C00284000,284.0,normalDay
2019-03-07,202.0,1278.0,0.0,100,275.01,264.5,0,0.0,0.0,,0.0,1,6.5,4.23,SPY190628C00284000,284.0,normalDay
2019-03-08,202.0,1246.0,0.0,100,274.46,264.5,0,0.0,0.0,,0.0,1,6.5,4.0,SPY190628C00284000,284.0,normalDay
2019-03-11,202.0,1533.0,0.0,100,278.44,264.5,0,0.0,0.0,,0.0,1,6.5,5.11,SPY190628C00284000,284.0,normalDay
2019-03-12,202.0,1617.0,0.0,100,279.49,264.5,0,0.0,0.0,,0.0,1,6.5,5.32,SPY190628C00284000,284.0,normalDay
2019-03-13,202.0,1702.0,0.0,100,281.34,264.5,0,0.0,0.0,,0.0,1,6.5,6.32,SPY190628C00284000,284.0,normalDay
2019-03-14,202.0,1713.0,0.0,100,281.16,264.5,0,0.0,0.0,,0.0,1,6.5,6.03,SPY190628C00284000,284.0,normalDay
2019-03-15,202.0,1666.0,0.0,100,281.31,264.5,0,0.0,0.0,,0.0,1,6.5,6.65,SPY190628C00284000,284.0,normalDay
2019-03-18,202.0,1689.0,0.0,100,282.33,264.5,0,0.0,0.0,,0.0,1,6.5,7.44,SPY190628C00284000,284.0,normalDay
2019-03-19,202.0,1703.0,0.0,100,282.4,264.5,0,0.0,0.0,,0.0,1,6.5,7.37,SPY190628C00284000,284.0,normalDay
2019-03-20,202.0,1665.0,0.0,100,281.55,264.5,0,0.0,0.0,,0.0,1,6.5,6.9,SPY190628C00284000,284.0,normalDay
2019-03-21,202.0,1792.0,0.0,100,284.73,264.5,0,0.0,0.0,,0.0,1,6.5,8.81,SPY190628C00284000,284.0,normalDay
2019-03-22,202.0,1450.0,0.0,100,279.25,264.5,0,0.0,0.0,,0.0,1,6.5,6.75,SPY190628C00284000,284.0,normalDay
2019-03-25,202.0,1471.0,0.0,100,279.04,264.5,0,0.0,0.0,,0.0,1,6.5,6.33,SPY190628C00284000,284.0,normalDay
2019-03-26,202.0,1627.0,0.0,100,281.12,264.5,0,0.0,0.0,,0.0,1,6.5,6.85,SPY190628C00284000,284.0,normalDay
2019-03-27,202.0,1538.0,0.0,100,279.65,264.5,0,0.0,0.0,,0.0,1,6.5,6.27,SPY190628C00284000,284.0,normalDay
2019-03-28,202.0,1615.0,0.0,100,280.71,264.5,0,0.0,0.0,,0.0,1,6.5,6.56,SPY190628C00284000,284.0,normalDay
2019-03-29,202.0,1708.0,0.0,100,282.48,264.5,0,0.0,0.0,,0.0,1,6.5,7.4,SPY190628C00284000,284.0,normalDay
2019-04-01,202.0,1885.0,0.0,100,285.83,264.5,0,0.0,0.0,,0.0,1,6.5,8.98,SPY190628C00284000,284.0,normalDay
2019-04-02,202.0,1907.0,0.0,100,285.97,264.5,0,0.0,0.0,,0.0,1,6.5,8.9,SPY190628C00284000,284.0,normalDay
2019-04-03,202.0,1893.0,0.0,100,286.42,264.5,0,0.0,0.0,,0.0,1,6.5,9.49,SPY190628C00284000,284.0,normalDay
2019-04-04,202.0,1940.0,0.0,100,287.18,264.5,0,0.0,0.0,,0.0,1,6.5,9.78,SPY190628C00284000,284.0,normalDay
2019-04-05,202.0,2009.0,0.0,100,288.57,264.5,0,0.0,0.0,,0.0,1,6.5,10.48,SPY190628C00284000,284.0,normalDay
2019-04-08,202.0,2024.0,0.0,100,288.79,264.5,0,0.0,0.0,,0.0,1,6.5,10.55,SPY190628C00284000,284.0,normalDay
2019-04-09,202.0,1971.0,0.0,100,287.31,264.5,0,0.0,0.0,,0.0,1,6.5,9.6,SPY190628C00284000,284.0,normalDay
2019-04-10,202.0,2009.0,0.0,100,288.29,264.5,0,0.0,0.0,,0.0,1,6.5,10.2,SPY190628C00284000,284.0,normalDay
2019-04-11,202.0,2034.0,0.0,100,288.21,264.5,0,0.0,0.0,,0.0,1,6.5,9.87,SPY190628C00284000,284.0,normalDay
2019-04-12,202.0,2111.0,0.0,100,290.16,264.5,0,0.0,0.0,,0.0,1,6.5,11.05,SPY190628C00284000,284.0,normalDay
2019-04-15,202.0,2122.0,0.0,100,289.97,264.5,0,0.0,0.0,,0.0,1,6.5,10.75,SPY190628C00284000,284.0,normalDay
2019-04-16,202.0,2140.0,0.0,100,290.16,264.5,0,0.0,0.0,,0.0,1,6.5,10.76,SPY190628C00284000,284.0,normalDay
2019-04-17,202.0,2129.0,0.0,100,289.45,264.5,0,0.0,0.0,,0.0,1,6.5,10.16,SPY190628C00284000,284.0,normalDay
2019-04-18,202.0,2137.0,0.0,100,290.02,264.5,0,0.0,0.0,,0.0,1,6.5,10.65,SPY190628C00284000,284.0,normalDay
2019-04-22,202.0,2151.0,0.0,100,290.27,264.5,0,0.0,0.0,,0.0,1,6.5,10.76,SPY190628C00284000,284.0,normalDay
2019-04-23,202.0,2227.0,0.0,100,292.88,264.5,0,0.0,0.0,,0.0,1,6.5,12.61,SPY190628C00284000,284.0,normalDay
2019-04-24,202.0,2193.0,0.0,100,292.23,264.5,0,0.0,0.0,,0.0,1,6.5,12.3,SPY190628C00284000,284.0,normalDay
2019-04-25,202.0,2205.0,0.0,100,292.05,264.5,0,0.0,0.0,,0.0,1,6.5,12.0,SPY190628C00284000,284.0,normalDay
2019-04-26,202.0,2241.0,0.0,100,293.41,264.5,0,0.0,0.0,,0.0,1,6.5,13.0,SPY190628C00284000,284.0,normalDay
2019-04-29,202.0,2265.0,0.0,100,293.87,264.5,0,0.0,0.0,,0.0,1,6.5,13.22,SPY190628C00284000,284.0,normalDay
2019-04-30,202.0,2246.0,0.0,100,294.02,264.5,0,0.0,0.0,,0.0,1,6.5,13.56,SPY190628C00284000,284.0,normalDay
2019-05-01,202.0,2200.0,0.0,100,291.81,264.5,0,0.0,0.0,,0.0,1,6.5,11.81,SPY190628C00284000,284.0,normalDay
2019-05-02,202.0,2203.0,0.0,100,291.18,264.5,0,0.0,0.0,,0.0,1,6.5,11.15,SPY190628C00284000,284.0,normalDay
2019-05-03,202.0,2283.0,0.0,100,294.03,264.5,0,0.0,0.0,,0.0,1,6.5,13.2,SPY190628C00284000,284.0,normalDay
2019-05-06,202.0,2230.0,0.0,100,292.82,264.5,0,0.0,0.0,,0.0,1,6.5,12.52,SPY190628C00284000,284.0,normalDay
2019-05-07,202.0,1964.0,0.0,100,287.93,264.5,0,0.0,0.0,,0.0,1,6.5,10.29,SPY190628C00284000,284.0,normalDay
2019-05-08,202.0,1967.0,0.0,100,287.53,264.5,0,0.0,0.0,,0.0,1,6.5,9.86,SPY190628C00284000,284.0,normalDay
2019-05-09,202.0,1963.0,0.0,100,286.66,264.5,0,0.0,0.0,,0.0,1,6.5,9.03,SPY190628C00284000,284.0,normalDay
2019-05-10,202.0,2121.0,0.0,100,288.1,264.5,0,0.0,0.0,,0.0,1,6.5,8.89,SPY190628C00284000,284.0,normalDay
2019-05-13,202.0,1769.0,0.0,100,280.86,264.5,0,0.0,0.0,,0.0,1,6.5,5.17,SPY190628C00284000,284.0,normalDay
2019-05-14,202.0,1930.0,0.0,100,283.4,264.5,0,0.0,0.0,,0.0,1,6.5,6.1,SPY190628C00284000,284.0,normalDay
2019-05-15,202.0,2030.0,0.0,100,285.06,264.5,0,0.0,0.0,,0.0,1,6.5,6.76,SPY190628C00284000,284.0,normalDay
2019-05-16,202.0,2170.0,0.0,100,287.7,264.5,0,0.0,0.0,,0.0,1,6.5,8.0,SPY190628C00284000,284.0,normalDay
2019-05-17,202.0,2096.0,0.0,100,285.84,264.5,0,0.0,0.0,,0.0,1,6.5,6.88,SPY190628C00284000,284.0,normalDay
2019-05-20,202.0,2025.0,0.0,100,283.95,264.5,0,0.0,0.0,,0.0,1,6.5,5.7,SPY190628C00284000,284.0,normalDay
2019-05-21,202.0,2174.0,0.0,100,286.51,264.5,0,0.0,0.0,,0.0,1,6.5,6.77,SPY190628C00284000,284.0,normalDay
2019-05-22,202.0,2164.0,0.0,100,285.63,264.5,0,0.0,0.0,,0.0,1,6.5,5.99,SPY190628C00284000,284.0,normalDay
2019-05-23,202.0,1990.0,0.0,100,282.14,264.5,0,0.0,0.0,,0.0,1,6.5,4.24,SPY190628C00284000,284.0,normalDay
2019-05-24,202.0,2035.0,0.0,100,282.78,264.5,0,0.0,0.0,,0.0,1,6.5,4.43,SPY190628C00284000,284.0,normalDay
2019-05-28,202.0,1896.0,0.0,100,280.15,264.5,0,0.0,0.0,,0.0,1,6.5,3.19,SPY190628C00284000,284.0,normalDay
2019-05-29,202.0,1801.0,0.0,100,278.27,264.5,0,0.0,0.0,,0.0,1,6.5,2.26,SPY190628C00284000,284.0,normalDay
2019-05-30,202.0,1872.0,0.0,100,279.03,264.5,0,0.0,0.0,,0.0,1,6.5,2.31,SPY190628C00284000,284.0,normalDay
2019-05-31,202.0,1600.0,0.0,100,275.27,264.5,0,0.0,0.0,,0.0,1,6.5,1.27,SPY190628C00284000,284.0,normalDay
2019-06-03,202.0,1551.0,0.0,100,274.57,264.5,0,0.0,0.0,,0.0,1,6.5,1.06,SPY190628C00284000,284.0,normalDay
2019-06-04,202.0,2009.0,0.0,100,280.53,264.5,0,0.0,0.0,,0.0,1,6.5,2.44,SPY190628C00284000,284.0,normalDay
2019-06-05,202.0,2172.0,0.0,100,282.96,264.5,0,0.0,0.0,,0.0,1,6.5,3.24,SPY190628C00284000,284.0,normalDay
2019-06-06,202.0,2271.0,0.0,100,284.8,264.5,0,0.0,0.0,,0.0,1,6.5,4.09,SPY190628C00284000,284.0,normalDay
2019-06-07,202.0,2366.0,0.0,100,287.65,264.5,0,0.0,0.0,,0.0,1,6.5,5.99,SPY190628C00284000,284.0,normalDay
2019-06-10,202.0,2423.0,0.0,100,288.97,264.5,0,0.0,0.0,,0.0,1,6.5,6.74,SPY190628C00284000,284.0,normalDay
2019-06-11,202.0,2439.0,0.0,100,288.9,264.5,0,0.0,0.0,,0.0,1,6.5,6.51,SPY190628C00284000,284.0,normalDay
2019-06-12,202.0,2438.0,0.0,100,288.39,264.5,0,0.0,0.0,,0.0,1,6.5,6.01,SPY190628C00284000,284.0,normalDay
2019-06-13,202.0,2469.0,0.0,100,289.58,264.5,0,0.0,0.0,,0.0,1,6.5,6.89,SPY190628C00284000,284.0,normalDay
2019-06-14,202.0,2479.0,0.0,100,289.26,264.5,0,0.0,0.0,,0.0,1,6.5,6.47,SPY190628C00284000,284.0,normalDay
2019-06-17,202.0,2509.0,0.0,100,289.37,264.5,0,0.0,0.0,,0.0,1,6.5,6.28,SPY190628C00284000,284.0,normalDay
2019-06-18,202.0,2559.0,0.0,100,292.4,264.5,0,0.0,0.0,,0.0,1,6.5,8.81,SPY190628C00284000,284.0,normalDay
2019-06-19,202.0,2566.0,0.0,100,293.06,264.5,0,0.0,0.0,,0.0,1,6.5,9.4,SPY190628C00284000,284.0,normalDay
2019-06-20,202.0,2578.0,0.0,100,295.86,264.5,0,0.0,0.0,,0.0,1,6.5,12.08,SPY190628C00284000,284.0,normalDay
2019-06-21,202.0,2546.0,0.0,100,294.0,264.5,0,0.0,0.0,,0.0,1,6.5,10.54,SPY190628C00284000,284.0,normalDay
2019-06-24,202.0,2561.0,0.0,100,293.64,264.5,0,0.0,0.0,,0.0,1,6.5,10.03,SPY190628C00284000,284.0,normalDay
2019-06-25,202.0,2553.0,0.0,100,290.76,264.5,0,0.0,0.0,,0.0,1,6.5,7.23,SPY190628C00284000,284.0,normalDay
2019-06-26,202.0,2591.0,0.0,100,290.47,264.5,0,0.0,0.0,,0.0,1,6.5,6.56,SPY190628C00284000,284.0,normalDay
2019-06-27,202.0,2553.0,0.0,100,291.5,264.5,0,0.0,0.0,,0.0,1,6.5,7.97,SPY190628C00284000,284.0,normalDay
2019-06-28,2802.0,2553.0,2600.0,0,293.0,0.0,0,0.0,0.0,,0.0,1,6.5,0.0,SPY190628C00284000,284.0,expirationDay
2019-07-01,2802.0,-3.0,0.0,0,295.66,0.0,1,0.26,0.29,SPY190712P00283500,283.5,0,0.0,0.0,,0.0,normalDay
2019-07-02,2802.0,11.0,0.0,0,296.43,0.0,1,0.26,0.15,SPY190712P00283500,283.5,0,0.0,0.0,,0.0,normalDay
2019-07-03,2802.0,17.0,0.0,0,298.8,0.0,1,0.26,0.09,SPY190712P00283500,283.5,0,0.0,0.0,,0.0,normalDay
2019-07-05,2802.0,20.0,0.0,0,298.46,0.0,1,0.26,0.06,SPY190712P00283500,283.5,0,0.0,0.0,,0.0,normalDay
2019-07-08,2802.0,23.0,0.0,0,296.82,0.0,1,0.26,0.03,SPY190712P00283500,283.5,0,0.0,0.0,,0.0,normalDay
2019-07-09,2802.0,24.0,0.0,0,297.19,0.0,1,0.26,0.02,SPY190712P00283500,283.5,0,0.0,0.0,,0.0,normalDay
2019-07-10,2802.0,25.0,0.0,0,298.61,0.0,1,0.26,0.01,SPY190712P00283500,283.5,0,0.0,0.0,,0.0,normalDay
2019-07-11,2802.0,25.0,0.0,0,299.31,0.0,1,0.26,0.01,SPY190712P00283500,283.5,0,0.0,0.0,,0.0,normalDay
2019-07-12,2828.0,0.0,26.0,0,300.65,0.0,1,0.26,0.0,SPY190712P00283500,283.5,0,0.0,0.0,,0.0,expirationDay
2019-07-15,2828.0,-3.0,0.0,0,300.75,0.0,1,0.25,0.28,SPY190726P00289500,289.5,0,0.0,0.0,,0.0,normalDay
2019-07-16,2828.0,-7.0,0.0,0,299.78,0.0,1,0.25,0.32,SPY190726P00289500,289.5,0,0.0,0.0,,0.0,normalDay
2019-07-17,2828.0,-22.0,0.0,0,297.74,0.0,1,0.25,0.47,SPY190726P00289500,289.5,0,0.0,0.0,,0.0,normalDay
2019-07-18,2828.0,-4.0,0.0,0,298.83,0.0,1,0.25,0.29,SPY190726P00289500,289.5,0,0.0,0.0,,0.0,normalDay
2019-07-19,2828.0,-6.0,0.0,0,297.17,0.0,1,0.25,0.31,SPY190726P00289500,289.5,0,0.0,0.0,,0.0,normalDay
2019-07-22,2828.0,14.0,0.0,0,297.9,0.0,1,0.25,0.11,SPY190726P00289500,289.5,0,0.0,0.0,,0.0,normalDay
2019-07-23,2828.0,21.0,0.0,0,300.03,0.0,1,0.25,0.04,SPY190726P00289500,289.5,0,0.0,0.0,,0.0,normalDay
2019-07-24,2828.0,23.0,0.0,0,301.44,0.0,1,0.25,0.02,SPY190726P00289500,289.5,0,0.0,0.0,,0.0,normalDay
2019-07-25,2828.0,23.0,0.0,0,300.0,0.0,1,0.25,0.02,SPY190726P00289500,289.5,0,0.0,0.0,,0.0,normalDay
2019-07-26,2853.0,0.0,25.0,0,302.01,0.0,1,0.25,0.0,SPY190726P00289500,289.5,0,0.0,0.0,,0.0,expirationDay
2019-07-29,2853.0,-3.0,0.0,0,301.46,0.0,1,0.75,0.78,SPY190809P00296000,296.0,0,0.0,0.0,,0.0,normalDay
2019-07-30,2853.0,-36.0,0.0,0,300.72,0.0,1,0.75,1.11,SPY190809P00296000,296.0,0,0.0,0.0,,0.0,normalDay
2019-07-31,2853.0,-155.0,0.0,0,297.43,0.0,1,0.75,2.3,SPY190809P00296000,296.0,0,0.0,0.0,,0.0,normalDay
2019-08-01,2853.0,-259.0,0.0,0,294.84,0.0,1,0.75,3.34,SPY190809P00296000,296.0,0,0.0,0.0,,0.0,normalDay
2019-08-02,2853.0,-353.0,0.0,0,292.62,0.0,1,0.75,4.28,SPY190809P00296000,296.0,0,0.0,0.0,,0.0,normalDay
2019-08-05,2853.0,-1205.0,0.0,0,283.82,0.0,1,0.75,12.8,SPY190809P00296000,296.0,0,0.0,0.0,,0.0,normalDay
2019-08-06,2853.0,-755.0,0.0,0,287.8,0.0,1,0.75,8.3,SPY190809P00296000,296.0,0,0.0,0.0,,0.0,normalDay
2019-08-07,2853.0,-738.0,0.0,0,287.97,0.0,1,0.75,8.13,SPY190809P00296000,296.0,0,0.0,0.0,,0.0,normalDay
2019-08-08,2853.0,-179.0,0.0,0,293.62,0.0,1,0.75,2.54,SPY190809P00296000,296.0,0,0.0,0.0,,0.0,normalDay
2019-08-09,2928.0,-438.0,75.0,100,291.62,296.0,1,0.75,0.0,SPY190809P00296000,296.0,0,0.0,0.0,,0.0,expirationDay
2019-08-12,2928.0,-804.0,0.0,100,288.07,296.0,0,0.0,0.0,,0.0,1,4.63,4.74,SPY200320C00309000,309.0,normalDay
2019-08-13,2928.0,-473.0,0.0,100,292.55,296.0,0,0.0,0.0,,0.0,1,4.63,5.91,SPY200320C00309000,309.0,normalDay
2019-08-14,2928.0,-1149.0,0.0,100,283.9,296.0,0,0.0,0.0,,0.0,1,4.63,4.02,SPY200320C00309000,309.0,normalDay
2019-08-15,2928.0,-1080.0,0.0,100,284.65,296.0,0,0.0,0.0,,0.0,1,4.63,4.08,SPY200320C00309000,309.0,normalDay
2019-08-16,2928.0,-748.0,0.0,100,288.85,296.0,0,0.0,0.0,,0.0,1,4.63,4.96,SPY200320C00309000,309.0,normalDay
2019-08-19,2928.0,-467.0,0.0,100,292.33,296.0,0,0.0,0.0,,0.0,1,4.63,5.63,SPY200320C00309000,309.0,normalDay
2019-08-20,2928.0,-620.0,0.0,100,290.09,296.0,0,0.0,0.0,,0.0,1,4.63,4.92,SPY200320C00309000,309.0,normalDay
2019-08-21,2928.0,-455.0,0.0,100,292.45,296.0,0,0.0,0.0,,0.0,1,4.63,5.63,SPY200320C00309000,309.0,normalDay
2019-08-22,2928.0,-458.0,0.0,100,292.36,296.0,0,0.0,0.0,,0.0,1,4.63,5.57,SPY200320C00309000,309.0,normalDay
2019-08-23,2928.0,-1065.0,0.0,100,284.85,296.0,0,0.0,0.0,,0.0,1,4.63,4.13,SPY200320C00309000,309.0,normalDay
2019-08-26,2928.0,-804.0,0.0,100,288.0,296.0,0,0.0,0.0,,0.0,1,4.63,4.67,SPY200320C00309000,309.0,normalDay
2019-08-27,2928.0,-894.0,0.0,100,286.87,296.0,0,0.0,0.0,,0.0,1,4.63,4.44,SPY200320C00309000,309.0,normalDay
2019-08-28,2928.0,-748.0,0.0,100,288.89,296.0,0,0.0,0.0,,0.0,1,4.63,5.0,SPY200320C00309000,309.0,normalDay
2019-08-29,2928.0,-469.0,0.0,100,292.58,296.0,0,0.0,0.0,,0.0,1,4.63,5.9,SPY200320C00309000,309.0,normalDay
2019-08-30,2928.0,-496.0,0.0,100,292.45,296.0,0,0.0,0.0,,0.0,1,4.63,6.04,SPY200320C00309000,309.0,normalDay
2019-09-03,2928.0,-609.0,0.0,100,290.74,296.0,0,0.0,0.0,,0.0,1,4.63,5.46,SPY200320C00309000,309.0,normalDay
2019-09-04,2928.0,-355.0,0.0,100,294.04,296.0,0,0.0,0.0,,0.0,1,4.63,6.22,SPY200320C00309000,309.0,normalDay
2019-09-05,2928.0,-96.0,0.0,100,297.82,296.0,0,0.0,0.0,,0.0,1,4.63,7.41,SPY200320C00309000,309.0,normalDay
2019-09-06,2928.0,-70.0,0.0,100,298.05,296.0,0,0.0,0.0,,0.0,1,4.63,7.38,SPY200320C00309000,309.0,normalDay
2019-09-09,2928.0,-43.0,0.0,100,298.2,296.0,0,0.0,0.0,,0.0,1,4.63,7.26,SPY200320C00309000,309.0,normalDay
2019-09-10,2928.0,-48.0,0.0,100,298.13,296.0,0,0.0,0.0,,0.0,1,4.63,7.24,SPY200320C00309000,309.0,normalDay
2019-09-11,2928.0,60.0,0.0,100,300.25,296.0,0,0.0,0.0,,0.0,1,4.63,8.28,SPY200320C00309000,309.0,normalDay
2019-09-12,2928.0,124.0,0.0,100,301.29,296.0,0,0.0,0.0,,0.0,1,4.63,8.68,SPY200320C00309000,309.0,normalDay
2019-09-13,2928.0,126.0,0.0,100,301.09,296.0,0,0.0,0.0,,0.0,1,4.63,8.46,SPY200320C00309000,309.0,normalDay
2019-09-16,2928.0,57.0,0.0,100,300.16,296.0,0,0.0,0.0,,0.0,1,4.63,8.22,SPY200320C00309000,309.0,normalDay
2019-09-17,2928.0,96.0,0.0,100,300.92,296.0,0,0.0,0.0,,0.0,1,4.63,8.59,SPY200320C00309000,309.0,normalDay
2019-09-18,2928.0,111.0,0.0,100,301.1,296.0,0,0.0,0.0,,0.0,1,4.63,8.62,SPY200320C00309000,309.0,normalDay
2019-09-19,2928.0,135.0,0.0,100,301.08,296.0,0,0.0,0.0,,0.0,1,4.63,8.36,SPY200320C00309000,309.0,normalDay
2019-09-20,2928.0,-104.0,0.0,100,298.28,296.0,0,0.0,0.0,,0.0,1,4.63,7.95,SPY200320C00309000,309.0,normalDay
2019-09-23,2928.0,-95.0,0.0,100,298.21,296.0,0,0.0,0.0,,0.0,1,4.63,7.79,SPY200320C00309000,309.0,normalDay
2019-09-24,2928.0,-255.0,0.0,100,295.87,296.0,0,0.0,0.0,,0.0,1,4.63,7.05,SPY200320C00309000,309.0,normalDay
2019-09-25,2928.0,-116.0,0.0,100,297.62,296.0,0,0.0,0.0,,0.0,1,4.63,7.41,SPY200320C00309000,309.0,normalDay
2019-09-26,2928.0,-157.0,0.0,100,297.0,296.0,0,0.0,0.0,,0.0,1,4.63,7.2,SPY200320C00309000,309.0,normalDay
2019-09-27,2928.0,-267.0,0.0,100,295.4,296.0,0,0.0,0.0,,0.0,1,4.63,6.7,SPY200320C00309000,309.0,normalDay
2019-09-30,2928.0,-156.0,0.0,100,296.77,296.0,0,0.0,0.0,,0.0,1,4.63,6.96,SPY200320C00309000,309.0,normalDay
2019-10-01,2928.0,-380.0,0.0,100,293.24,296.0,0,0.0,0.0,,0.0,1,4.63,5.67,SPY200320C00309000,309.0,normalDay
2019-10-02,2928.0,-734.0,0.0,100,288.06,296.0,0,0.0,0.0,,0.0,1,4.63,4.03,SPY200320C00309000,309.0,normalDay
2019-10-03,2928.0,-564.0,0.0,100,290.42,296.0,0,0.0,0.0,,0.0,1,4.63,4.69,SPY200320C00309000,309.0,normalDay
2019-10-04,2928.0,-265.0,0.0,100,294.35,296.0,0,0.0,0.0,,0.0,1,4.63,5.63,SPY200320C00309000,309.0,normalDay
2019-10-07,2928.0,-336.0,0.0,100,293.08,296.0,0,0.0,0.0,,0.0,1,4.63,5.07,SPY200320C00309000,309.0,normalDay
2019-10-08,2928.0,-682.0,0.0,100,288.53,296.0,0,0.0,0.0,,0.0,1,4.63,3.98,SPY200320C00309000,309.0,normalDay
2019-10-09,2928.0,-462.0,0.0,100,291.27,296.0,0,0.0,0.0,,0.0,1,4.63,4.52,SPY200320C00309000,309.0,normalDay
2019-10-10,2928.0,-327.0,0.0,100,293.24,296.0,0,0.0,0.0,,0.0,1,4.63,5.14,SPY200320C00309000,309.0,normalDay
2019-10-11,2928.0,-106.0,0.0,100,296.28,296.0,0,0.0,0.0,,0.0,1,4.63,5.97,SPY200320C00309000,309.0,normalDay
2019-10-14,2928.0,-76.0,0.0,100,295.95,296.0,0,0.0,0.0,,0.0,1,4.63,5.34,SPY200320C00309000,309.0,normalDay
2019-10-15,2928.0,114.0,0.0,100,298.88,296.0,0,0.0,0.0,,0.0,1,4.63,6.37,SPY200320C00309000,309.0,normalDay
2019-10-16,2928.0,95.0,0.0,100,298.4,296.0,0,0.0,0.0,,0.0,1,4.63,6.08,SPY200320C00309000,309.0,normalDay
2019-10-17,2928.0,159.0,0.0,100,299.28,296.0,0,0.0,0.0,,0.0,1,4.63,6.32,SPY200320C00309000,309.0,normalDay
2019-10-18,2928.0,65.0,0.0,100,297.97,296.0,0,0.0,0.0,,0.0,1,4.63,5.95,SPY200320C00309000,309.0,normalDay
2019-10-21,2928.0,208.0,0.0,100,299.99,296.0,0,0.0,0.0,,0.0,1,4.63,6.54,SPY200320C00309000,309.0,normalDay
2019-10-22,2928.0,157.0,0.0,100,299.01,296.0,0,0.0,0.0,,0.0,1,4.63,6.07,SPY200320C00309000,309.0,normalDay
2019-10-23,2928.0,202.0,0.0,100,299.88,296.0,0,0.0,0.0,,0.0,1,4.63,6.49,SPY200320C00309000,309.0,normalDay
2019-10-24,2928.0,253.0,0.0,100,300.37,296.0,0,0.0,0.0,,0.0,1,4.63,6.47,SPY200320C00309000,309.0,normalDay
2019-10-25,2928.0,334.0,0.0,100,301.6,296.0,0,0.0,0.0,,0.0,1,4.63,6.89,SPY200320C00309000,309.0,normalDay
2019-10-28,2928.0,421.0,0.0,100,303.3,296.0,0,0.0,0.0,,0.0,1,4.63,7.72,SPY200320C00309000,309.0,normalDay
2019-10-29,2928.0,421.0,0.0,100,303.21,296.0,0,0.0,0.0,,0.0,1,4.63,7.63,SPY200320C00309000,309.0,normalDay
2019-10-30,2928.0,465.0,0.0,100,304.14,296.0,0,0.0,0.0,,0.0,1,4.63,8.12,SPY200320C00309000,309.0,normalDay
2019-10-31,2928.0,428.0,0.0,100,303.33,296.0,0,0.0,0.0,,0.0,1,4.63,7.68,SPY200320C00309000,309.0,normalDay
2019-11-01,2928.0,577.0,0.0,100,306.14,296.0,0,0.0,0.0,,0.0,1,4.63,9.0,SPY200320C00309000,309.0,normalDay
2019-11-04,2928.0,630.0,0.0,100,307.37,296.0,0,0.0,0.0,,0.0,1,4.63,9.7,SPY200320C00309000,309.0,normalDay
2019-11-05,2928.0,609.0,0.0,100,307.03,296.0,0,0.0,0.0,,0.0,1,4.63,9.57,SPY200320C00309000,309.0,normalDay
2019-11-06,2928.0,605.0,0.0,100,307.1,296.0,0,0.0,0.0,,0.0,1,4.63,9.68,SPY200320C00309000,309.0,normalDay
2019-11-07,2928.0,655.0,0.0,100,308.18,296.0,0,0.0,0.0,,0.0,1,4.63,10.26,SPY200320C00309000,309.0,normalDay
2019-11-08,2928.0,698.0,0.0,100,308.94,296.0,0,0.0,0.0,,0.0,1,4.63,10.59,SPY200320C00309000,309.0,normalDay
2019-11-11,2928.0,679.0,0.0,100,308.35,296.0,0,0.0,0.0,,0.0,1,4.63,10.19,SPY200320C00309000,309.0,normalDay
2019-11-12,2928.0,728.0,0.0,100,309.0,296.0,0,0.0,0.0,,0.0,1,4.63,10.35,SPY200320C00309000,309.0,normalDay
2019-11-13,2928.0,719.0,0.0,100,309.1,296.0,0,0.0,0.0,,0.0,1,4.63,10.54,SPY200320C00309000,309.0,normalDay
2019-11-14,2928.0,745.0,0.0,100,309.55,296.0,0,0.0,0.0,,0.0,1,4.63,10.73,SPY200320C00309000,309.0,normalDay
2019-11-15,2928.0,862.0,0.0,100,311.79,296.0,0,0.0,0.0,,0.0,1,4.63,11.8,SPY200320C00309000,309.0,normalDay
2019-11-18,2928.0,880.0,0.0,100,312.02,296.0,0,0.0,0.0,,0.0,1,4.63,11.85,SPY200320C00309000,309.0,normalDay
2019-11-19,2928.0,879.0,0.0,100,311.93,296.0,0,0.0,0.0,,0.0,1,4.63,11.77,SPY200320C00309000,309.0,normalDay
2019-11-20,2928.0,827.0,0.0,100,310.77,296.0,0,0.0,0.0,,0.0,1,4.63,11.13,SPY200320C00309000,309.0,normalDay
2019-11-21,2928.0,798.0,0.0,100,310.27,296.0,0,0.0,0.0,,0.0,1,4.63,10.92,SPY200320C00309000,309.0,normalDay
2019-11-22,2928.0,840.0,0.0,100,310.96,296.0,0,0.0,0.0,,0.0,1,4.63,11.19,SPY200320C00309000,309.0,normalDay
2019-11-25,2928.0,974.0,0.0,100,313.37,296.0,0,0.0,0.0,,0.0,1,4.63,12.26,SPY200320C00309000,309.0,normalDay
2019-11-26,2928.0,990.0,0.0,100,314.08,296.0,0,0.0,0.0,,0.0,1,4.63,12.81,SPY200320C00309000,309.0,normalDay
2019-11-27,2928.0,1039.0,0.0,100,315.48,296.0,0,0.0,0.0,,0.0,1,4.63,13.72,SPY200320C00309000,309.0,normalDay
2019-11-29,2928.0,976.0,0.0,100,314.31,296.0,0,0.0,0.0,,0.0,1,4.63,13.18,SPY200320C00309000,309.0,normalDay
2019-12-02,2928.0,868.0,0.0,100,311.64,296.0,0,0.0,0.0,,0.0,1,4.63,11.59,SPY200320C00309000,309.0,normalDay
2019-12-03,2928.0,764.0,0.0,100,309.55,296.0,0,0.0,0.0,,0.0,1,4.63,10.54,SPY200320C00309000,309.0,normalDay
2019-12-04,2928.0,875.0,0.0,100,311.46,296.0,0,0.0,0.0,,0.0,1,4.63,11.34,SPY200320C00309000,309.0,normalDay
2019-12-05,2928.0,889.0,0.0,100,312.02,296.0,0,0.0,0.0,,0.0,1,4.63,11.76,SPY200320C00309000,309.0,normalDay
2019-12-06,2928.0,1023.0,0.0,100,314.87,296.0,0,0.0,0.0,,0.0,1,4.63,13.27,SPY200320C00309000,309.0,normalDay
2019-12-09,2928.0,973.0,0.0,100,313.88,296.0,0,0.0,0.0,,0.0,1,4.63,12.78,SPY200320C00309000,309.0,normalDay
2019-12-10,2928.0,939.0,0.0,100,313.53,296.0,0,0.0,0.0,,0.0,1,4.63,12.77,SPY200320C00309000,309.0,normalDay
2019-12-11,2928.0,989.0,0.0,100,314.42,296.0,0,0.0,0.0,,0.0,1,4.63,13.16,SPY200320C00309000,309.0,normalDay
2019-12-12,2928.0,1122.0,0.0,100,317.13,296.0,0,0.0,0.0,,0.0,1,4.63,14.54,SPY200320C00309000,309.0,normalDay
2019-12-13,2928.0,1168.0,0.0,100,317.32,296.0,0,0.0,0.0,,0.0,1,4.63,14.27,SPY200320C00309000,309.0,normalDay
2019-12-16,2928.0,1229.0,0.0,100,319.5,296.0,0,0.0,0.0,,0.0,1,4.63,15.84,SPY200320C00309000,309.0,normalDay
2019-12-17,2928.0,1253.0,0.0,100,319.57,296.0,0,0.0,0.0,,0.0,1,4.63,15.67,SPY200320C00309000,309.0,normalDay
2019-12-18,2928.0,1236.0,0.0,100,319.59,296.0,0,0.0,0.0,,0.0,1,4.63,15.86,SPY200320C00309000,309.0,normalDay
2019-12-19,2928.0,1276.0,0.0,100,320.9,296.0,0,0.0,0.0,,0.0,1,4.63,16.77,SPY200320C00309000,309.0,normalDay
2019-12-20,2928.0,1136.0,0.0,100,320.73,296.0,0,0.0,0.0,,0.0,1,4.63,18.0,SPY200320C00309000,309.0,normalDay
2019-12-23,2928.0,1184.0,0.0,100,321.22,296.0,0,0.0,0.0,,0.0,1,4.63,18.01,SPY200320C00309000,309.0,normalDay
2019-12-24,2928.0,1188.0,0.0,100,321.23,296.0,0,0.0,0.0,,0.0,1,4.63,17.98,SPY200320C00309000,309.0,normalDay
2019-12-26,2928.0,1227.0,0.0,100,322.94,296.0,0,0.0,0.0,,0.0,1,4.63,19.3,SPY200320C00309000,309.0,normalDay
2019-12-27,2928.0,1235.0,0.0,100,322.86,296.0,0,0.0,0.0,,0.0,1,4.63,19.14,SPY200320C00309000,309.0,normalDay
2019-12-30,2928.0,1156.0,0.0,100,321.08,296.0,0,0.0,0.0,,0.0,1,4.63,18.15,SPY200320C00309000,309.0,normalDay
2019-12-31,2928.0,1194.0,0.0,100,321.86,296.0,0,0.0,0.0,,0.0,1,4.63,18.55,SPY200320C00309000,309.0,normalDay
2020-01-02,2928.0,1316.0,0.0,100,324.87,296.0,0,0.0,0.0,,0.0,1,4.63,20.34,SPY200320C00309000,309.0,normalDay
2020-01-03,2928.0,1221.0,0.0,100,322.41,296.0,0,0.0,0.0,,0.0,1,4.63,18.83,SPY200320C00309000,309.0,normalDay
2020-01-06,2928.0,1273.0,0.0,100,323.64,296.0,0,0.0,0.0,,0.0,1,4.63,19.54,SPY200320C00309000,309.0,normalDay
2020-01-07,2928.0,1291.0,0.0,100,322.73,296.0,0,0.0,0.0,,0.0,1,4.63,18.45,SPY200320C00309000,309.0,normalDay
2020-01-08,2928.0,1305.0,0.0,100,324.45,296.0,0,0.0,0.0,,0.0,1,4.63,20.03,SPY200320C00309000,309.0,normalDay
2020-01-09,2928.0,1383.0,0.0,100,326.65,296.0,0,0.0,0.0,,0.0,1,4.63,21.45,SPY200320C00309000,309.0,normalDay
2020-01-10,2928.0,1390.0,0.0,100,325.71,296.0,0,0.0,0.0,,0.0,1,4.63,20.44,SPY200320C00309000,309.0,normalDay
2020-01-13,2928.0,1423.0,0.0,100,327.95,296.0,0,0.0,0.0,,0.0,1,4.63,22.35,SPY200320C00309000,309.0,normalDay
2020-01-14,2928.0,1405.0,0.0,100,327.45,296.0,0,0.0,0.0,,0.0,1,4.63,22.03,SPY200320C00309000,309.0,normalDay
2020-01-15,2928.0,1435.0,0.0,100,328.19,296.0,0,0.0,0.0,,0.0,1,4.63,22.47,SPY200320C00309000,309.0,normalDay
2020-01-16,2928.0,1492.0,0.0,100,330.92,296.0,0,0.0,0.0,,0.0,1,4.63,24.63,SPY200320C00309000,309.0,normalDay
2020-01-17,2928.0,1511.0,0.0,100,331.95,296.0,0,0.0,0.0,,0.0,1,4.63,25.47,SPY200320C00309000,309.0,normalDay
2020-01-21,2928.0,1497.0,0.0,100,331.3,296.0,0,0.0,0.0,,0.0,1,4.63,24.96,SPY200320C00309000,309.0,normalDay
2020-01-22,2928.0,1502.0,0.0,100,331.34,296.0,0,0.0,0.0,,0.0,1,4.63,24.95,SPY200320C00309000,309.0,normalDay
2020-01-23,2928.0,1494.0,0.0,100,331.72,296.0,0,0.0,0.0,,0.0,1,4.63,25.41,SPY200320C00309000,309.0,normalDay
2020-01-24,2928.0,1427.0,0.0,100,328.77,296.0,0,0.0,0.0,,0.0,1,4.63,23.13,SPY200320C00309000,309.0,normalDay
2020-01-27,2928.0,1327.0,0.0,100,323.5,296.0,0,0.0,0.0,,0.0,1,4.63,18.86,SPY200320C00309000,309.0,normalDay
2020-01-28,2928.0,1391.0,0.0,100,326.89,296.0,0,0.0,0.0,,0.0,1,4.63,21.61,SPY200320C00309000,309.0,normalDay
2020-01-29,2928.0,1407.0,0.0,100,326.62,296.0,0,0.0,0.0,,0.0,1,4.63,21.18,SPY200320C00309000,309.0,normalDay
2020-01-30,2928.0,1375.0,0.0,100,327.68,296.0,0,0.0,0.0,,0.0,1,4.63,22.56,SPY200320C00309000,309.0,normalDay
2020-01-31,2928.0,1276.0,0.0,100,321.73,296.0,0,0.0,0.0,,0.0,1,4.63,17.6,SPY200320C00309000,309.0,normalDay
2020-02-03,2928.0,1404.0,0.0,100,324.12,296.0,0,0.0,0.0,,0.0,1,4.63,18.71,SPY200320C00309000,309.0,normalDay
2020-02-04,2928.0,1488.0,0.0,100,329.06,296.0,0,0.0,0.0,,0.0,1,4.63,22.81,SPY200320C00309000,309.0,normalDay
2020-02-05,2928.0,1532.0,0.0,100,332.86,296.0,0,0.0,0.0,,0.0,1,4.63,26.17,SPY200320C00309000,309.0,normalDay
2020-02-06,2928.0,1581.0,0.0,100,333.98,296.0,0,0.0,0.0,,0.0,1,4.63,26.8,SPY200320C00309000,309.0,normalDay
2020-02-07,2928.0,1546.0,0.0,100,332.2,296.0,0,0.0,0.0,,0.0,1,4.63,25.37,SPY200320C00309000,309.0,normalDay
2020-02-10,2928.0,1569.0,0.0,100,334.68,296.0,0,0.0,0.0,,0.0,1,4.63,27.62,SPY200320C00309000,309.0,normalDay
2020-02-11,2928.0,1594.0,0.0,100,335.26,296.0,0,0.0,0.0,,0.0,1,4.63,27.95,SPY200320C00309000,309.0,normalDay
2020-02-12,2928.0,1626.0,0.0,100,337.42,296.0,0,0.0,0.0,,0.0,1,4.63,29.79,SPY200320C00309000,309.0,normalDay
2020-02-13,2928.0,1604.0,0.0,100,337.06,296.0,0,0.0,0.0,,0.0,1,4.63,29.65,SPY200320C00309000,309.0,normalDay
2020-02-14,2928.0,1623.0,0.0,100,337.6,296.0,0,0.0,0.0,,0.0,1,4.63,30.0,SPY200320C00309000,309.0,normalDay
2020-02-18,2928.0,1634.0,0.0,100,336.73,296.0,0,0.0,0.0,,0.0,1,4.63,29.02,SPY200320C00309000,309.0,normalDay
2020-02-19,2928.0,1637.0,0.0,100,338.34,296.0,0,0.0,0.0,,0.0,1,4.63,30.6,SPY200320C00309000,309.0,normalDay
2020-02-20,2928.0,1643.0,0.0,100,336.95,296.0,0,0.0,0.0,,0.0,1,4.63,29.15,SPY200320C00309000,309.0,normalDay
2020-02-21,2928.0,1597.0,0.0,100,333.48,296.0,0,0.0,0.0,,0.0,1,4.63,26.14,SPY200320C00309000,309.0,normalDay
2020-02-24,2928.0,1394.0,0.0,100,322.42,296.0,0,0.0,0.0,,0.0,1,4.63,17.11,SPY200320C00309000,309.0,normalDay
2020-02-25,2928.0,1041.0,0.0,100,312.65,296.0,0,0.0,0.0,,0.0,1,4.63,10.87,SPY200320C00309000,309.0,normalDay
2020-02-26,2928.0,1086.0,0.0,100,311.5,296.0,0,0.0,0.0,,0.0,1,4.63,9.27,SPY200320C00309000,309.0,normalDay
2020-02-27,2928.0,136.0,0.0,100,297.51,296.0,0,0.0,0.0,,0.0,1,4.63,4.78,SPY200320C00309000,309.0,normalDay
2020-02-28,2928.0,-27.0,0.0,100,296.26,296.0,0,0.0,0.0,,0.0,1,4.63,5.16,SPY200320C00309000,309.0,normalDay
2020-03-02,2928.0,980.0,0.0,100,309.09,296.0,0,0.0,0.0,,0.0,1,4.63,7.92,SPY200320C00309000,309.0,normalDay
2020-03-03,2928.0,388.0,0.0,100,300.24,296.0,0,0.0,0.0,,0.0,1,4.63,4.99,SPY200320C00309000,309.0,normalDay
2020-03-04,2928.0,1226.0,0.0,100,312.86,296.0,0,0.0,0.0,,0.0,1,4.63,9.23,SPY200320C00309000,309.0,normalDay
2020-03-05,2928.0,579.0,0.0,100,302.46,296.0,0,0.0,0.0,,0.0,1,4.63,5.3,SPY200320C00309000,309.0,normalDay
2020-03-06,2928.0,327.0,0.0,100,297.46,296.0,0,0.0,0.0,,0.0,1,4.63,2.82,SPY200320C00309000,309.0,normalDay
2020-03-09,2928.0,-1763.0,0.0,100,274.23,296.0,0,0.0,0.0,,0.0,1,4.63,0.49,SPY200320C00309000,309.0,normalDay
2020-03-10,2928.0,-399.0,0.0,100,288.42,296.0,0,0.0,0.0,,0.0,1,4.63,1.04,SPY200320C00309000,309.0,normalDay
2020-03-11,2928.0,-1736.0,0.0,100,274.36,296.0,0,0.0,0.0,,0.0,1,4.63,0.35,SPY200320C00309000,309.0,normalDay
2020-03-12,2928.0,-4335.0,0.0,100,248.11,296.0,0,0.0,0.0,,0.0,1,4.63,0.09,SPY200320C00309000,309.0,normalDay
2020-03-13,2928.0,-2218.0,0.0,100,269.32,296.0,0,0.0,0.0,,0.0,1,4.63,0.13,SPY200320C00309000,309.0,normalDay
2020-03-16,2928.0,-5158.0,0.0,100,239.85,296.0,0,0.0,0.0,,0.0,1,4.63,0.06,SPY200320C00309000,309.0,normalDay
2020-03-17,2928.0,-3860.0,0.0,100,252.8,296.0,0,0.0,0.0,,0.0,1,4.63,0.03,SPY200320C00309000,309.0,normalDay
2020-03-18,2928.0,-5140.0,0.0,100,240.0,296.0,0,0.0,0.0,,0.0,1,4.63,0.03,SPY200320C00309000,309.0,normalDay
2020-03-19,2928.0,-5087.0,0.0,100,240.51,296.0,0,0.0,0.0,,0.0,1,4.63,0.01,SPY200320C00309000,309.0,normalDay
2020-03-20,3391.0,-6720.0,463.0,100,228.8,296.0,0,0.0,0.0,,0.0,1,4.63,0.0,SPY200320C00309000,309.0,expirationDay
2020-03-23,3391.0,-7347.0,0.0,100,222.95,296.0,0,0.0,0.0,,0.0,1,0.03,0.45,SPY201016C00350000,350.0,normalDay
2020-03-24,3391.0,-5365.0,0.0,100,243.15,296.0,0,0.0,0.0,,0.0,1,0.03,0.83,SPY201016C00350000,350.0,normalDay
2020-03-25,3391.0,-5031.0,0.0,100,246.79,296.0,0,0.0,0.0,,0.0,1,0.03,1.13,SPY201016C00350000,350.0,normalDay
2020-03-26,3391.0,-3591.0,0.0,100,261.2,296.0,0,0.0,0.0,,0.0,1,0.03,1.14,SPY201016C00350000,350.0,normalDay
2020-03-27,3391.0,-4318.0,0.0,100,253.42,296.0,0,0.0,0.0,,0.0,1,0.03,0.63,SPY201016C00350000,350.0,normalDay
2020-03-30,3391.0,-3500.0,0.0,100,261.65,296.0,0,0.0,0.0,,0.0,1,0.03,0.68,SPY201016C00350000,350.0,normalDay
2020-03-31,3391.0,-3865.0,0.0,100,257.75,296.0,0,0.0,0.0,,0.0,1,0.03,0.43,SPY201016C00350000,350.0,normalDay
2020-04-01,3391.0,-5016.0,0.0,100,246.15,296.0,0,0.0,0.0,,0.0,1,0.03,0.34,SPY201016C00350000,350.0,normalDay
2020-04-02,3391.0,-4464.0,0.0,100,251.83,296.0,0,0.0,0.0,,0.0,1,0.03,0.5,SPY201016C00350000,350.0,normalDay
2020-04-03,3391.0,-4820.0,0.0,100,248.19,296.0,0,0.0,0.0,,0.0,1,0.03,0.42,SPY201016C00350000,350.0,normalDay
2020-04-06,3391.0,-3186.0,0.0,100,264.86,296.0,0,0.0,0.0,,0.0,1,0.03,0.75,SPY201016C00350000,350.0,normalDay
2020-04-07,3391.0,-3149.0,0.0,100,265.13,296.0,0,0.0,0.0,,0.0,1,0.03,0.65,SPY201016C00350000,350.0,normalDay
2020-04-08,3391.0,-2294.0,0.0,100,274.03,296.0,0,0.0,0.0,,0.0,1,0.03,1.0,SPY201016C00350000,350.0,normalDay
2020-04-09,3391.0,-1896.0,0.0,100,278.2,296.0,0,0.0,0.0,,0.0,1,0.03,1.19,SPY201016C00350000,350.0,normalDay
2020-04-13,3391.0,-2130.0,0.0,100,275.66,296.0,0,0.0,0.0,,0.0,1,0.03,0.99,SPY201016C00350000,350.0,normalDay
2020-04-14,3391.0,-1346.0,0.0,100,283.79,296.0,0,0.0,0.0,,0.0,1,0.03,1.28,SPY201016C00350000,350.0,normalDay
2020-04-15,3391.0,-1915.0,0.0,100,277.76,296.0,0,0.0,0.0,,0.0,1,0.03,0.94,SPY201016C00350000,350.0,normalDay
2020-04-16,3391.0,-1795.0,0.0,100,279.1,296.0,0,0.0,0.0,,0.0,1,0.03,1.08,SPY201016C00350000,350.0,normalDay
2020-04-17,3391.0,-1087.0,0.0,100,286.64,296.0,0,0.0,0.0,,0.0,1,0.03,1.54,SPY201016C00350000,350.0,normalDay
2020-04-20,3391.0,-1568.0,0.0,100,281.59,296.0,0,0.0,0.0,,0.0,1,0.03,1.3,SPY201016C00350000,350.0,normalDay
2020-04-21,3391.0,-2386.0,0.0,100,273.04,296.0,0,0.0,0.0,,0.0,1,0.03,0.93,SPY201016C00350000,350.0,normalDay
2020-04-22,3391.0,-1794.0,0.0,100,279.1,296.0,0,0.0,0.0,,0.0,1,0.03,1.07,SPY201016C00350000,350.0,normalDay
2020-04-23,3391.0,-1800.0,0.0,100,279.08,296.0,0,0.0,0.0,,0.0,1,0.03,1.11,SPY201016C00350000,350.0,normalDay
2020-04-24,3391.0,-1418.0,0.0,100,282.97,296.0,0,0.0,0.0,,0.0,1,0.03,1.18,SPY201016C00350000,350.0,normalDay
2020-04-27,3391.0,-1009.0,0.0,100,287.05,296.0,0,0.0,0.0,,0.0,1,0.03,1.17,SPY201016C00350000,350.0,normalDay
2020-04-28,3391.0,-1125.0,0.0,100,285.73,296.0,0,0.0,0.0,,0.0,1,0.03,1.01,SPY201016C00350000,350.0,normalDay
2020-04-29,3391.0,-416.0,0.0,100,293.21,296.0,0,0.0,0.0,,0.0,1,0.03,1.4,SPY201016C00350000,350.0,normalDay
2020-04-30,3391.0,-668.0,0.0,100,290.48,296.0,0,0.0,0.0,,0.0,1,0.03,1.19,SPY201016C00350000,350.0,normalDay
2020-05-01,3391.0,-1404.0,0.0,100,282.79,296.0,0,0.0,0.0,,0.0,1,0.03,0.86,SPY201016C00350000,350.0,normalDay
2020-05-04,3391.0,-1322.0,0.0,100,283.57,296.0,0,0.0,0.0,,0.0,1,0.03,0.82,SPY201016C00350000,350.0,normalDay
2020-05-05,3391.0,-1064.0,0.0,100,286.19,296.0,0,0.0,0.0,,0.0,1,0.03,0.86,SPY201016C00350000,350.0,normalDay
2020-05-06,3391.0,-1244.0,0.0,100,284.25,296.0,0,0.0,0.0,,0.0,1,0.03,0.72,SPY201016C00350000,350.0,normalDay
2020-05-07,3391.0,-913.0,0.0,100,287.68,296.0,0,0.0,0.0,,0.0,1,0.03,0.84,SPY201016C00350000,350.0,normalDay
2020-05-08,3391.0,-444.0,0.0,100,292.44,296.0,0,0.0,0.0,,0.0,1,0.03,0.91,SPY201016C00350000,350.0,normalDay
2020-05-11,3391.0,-418.0,0.0,100,292.5,296.0,0,0.0,0.0,,0.0,1,0.03,0.71,SPY201016C00350000,350.0,normalDay
2020-05-12,3391.0,-990.0,0.0,100,286.67,296.0,0,0.0,0.0,,0.0,1,0.03,0.6,SPY201016C00350000,350.0,normalDay
2020-05-13,3391.0,-1480.0,0.0,100,281.6,296.0,0,0.0,0.0,,0.0,1,0.03,0.43,SPY201016C00350000,350.0,normalDay
2020-05-14,3391.0,-1151.0,0.0,100,284.97,296.0,0,0.0,0.0,,0.0,1,0.03,0.51,SPY201016C00350000,350.0,normalDay
2020-05-15,3391.0,-1018.0,0.0,100,286.28,296.0,0,0.0,0.0,,0.0,1,0.03,0.49,SPY201016C00350000,350.0,normalDay
2020-05-18,3391.0,-180.0,0.0,100,295.0,296.0,0,0.0,0.0,,0.0,1,0.03,0.83,SPY201016C00350000,350.0,normalDay
2020-05-19,3391.0,-466.0,0.0,100,291.97,296.0,0,0.0,0.0,,0.0,1,0.03,0.66,SPY201016C00350000,350.0,normalDay
2020-05-20,3391.0,8.0,0.0,100,296.93,296.0,0,0.0,0.0,,0.0,1,0.03,0.88,SPY201016C00350000,350.0,normalDay
2020-05-21,3391.0,-191.0,0.0,100,294.88,296.0,0,0.0,0.0,,0.0,1,0.03,0.82,SPY201016C00350000,350.0,normalDay
2020-05-22,3391.0,-135.0,0.0,100,295.44,296.0,0,0.0,0.0,,0.0,1,0.03,0.82,SPY201016C00350000,350.0,normalDay
2020-05-26,3391.0,229.0,0.0,100,299.08,296.0,0,0.0,0.0,,0.0,1,0.03,0.82,SPY201016C00350000,350.0,normalDay
2020-05-27,3391.0,648.0,0.0,100,303.53,296.0,0,0.0,0.0,,0.0,1,0.03,1.08,SPY201016C00350000,350.0,normalDay
2020-05-28,3391.0,583.0,0.0,100,302.97,296.0,0,0.0,0.0,,0.0,1,0.03,1.17,SPY201016C00350000,350.0,normalDay
2020-05-29,3391.0,699.0,0.0,100,304.32,296.0,0,0.0,0.0,,0.0,1,0.03,1.36,SPY201016C00350000,350.0,normalDay
2020-06-01,3391.0,821.0,0.0,100,305.55,296.0,0,0.0,0.0,,0.0,1,0.03,1.37,SPY201016C00350000,350.0,normalDay
2020-06-02,3391.0,1061.0,0.0,100,308.08,296.0,0,0.0,0.0,,0.0,1,0.03,1.5,SPY201016C00350000,350.0,normalDay
2020-06-03,3391.0,1418.0,0.0,100,312.18,296.0,0,0.0,0.0,,0.0,1,0.03,2.03,SPY201016C00350000,350.0,normalDay
2020-06-04,3391.0,1361.0,0.0,100,311.36,296.0,0,0.0,0.0,,0.0,1,0.03,1.78,SPY201016C00350000,350.0,normalDay
2020-06-05,3391.0,2059.0,0.0,100,319.34,296.0,0,0.0,0.0,,0.0,1,0.03,2.78,SPY201016C00350000,350.0,normalDay
2020-06-08,3391.0,2345.0,0.0,100,323.2,296.0,0,0.0,0.0,,0.0,1,0.03,3.78,SPY201016C00350000,350.0,normalDay
2020-06-09,3391.0,2098.0,0.0,100,320.79,296.0,0,0.0,0.0,,0.0,1,0.03,3.84,SPY201016C00350000,350.0,normalDay
2020-06-10,3391.0,1985.0,0.0,100,319.0,296.0,0,0.0,0.0,,0.0,1,0.03,3.18,SPY201016C00350000,350.0,normalDay
2020-06-11,3391.0,254.0,0.0,100,300.61,296.0,0,0.0,0.0,,0.0,1,0.03,2.1,SPY201016C00350000,350.0,normalDay
2020-06-12,3391.0,624.0,0.0,100,304.21,296.0,0,0.0,0.0,,0.0,1,0.03,2.0,SPY201016C00350000,350.0,normalDay
2020-06-15,3391.0,877.0,0.0,100,307.05,296.0,0,0.0,0.0,,0.0,1,0.03,2.31,SPY201016C00350000,350.0,normalDay
2020-06-16,3391.0,1369.0,0.0,100,312.96,296.0,0,0.0,0.0,,0.0,1,0.03,3.3,SPY201016C00350000,350.0,normalDay
2020-06-17,3391.0,1262.0,0.0,100,311.66,296.0,0,0.0,0.0,,0.0,1,0.03,3.07,SPY201016C00350000,350.0,normalDay
2020-06-18,3391.0,1279.0,0.0,100,311.78,296.0,0,0.0,0.0,,0.0,1,0.03,3.02,SPY201016C00350000,350.0,normalDay
2020-06-19,3391.0,1016.0,0.0,100,308.64,296.0,0,0.0,0.0,,0.0,1,0.03,2.51,SPY201016C00350000,350.0,normalDay
2020-06-22,3391.0,1212.0,0.0,100,310.62,296.0,0,0.0,0.0,,0.0,1,0.03,2.53,SPY201016C00350000,350.0,normalDay
2020-06-23,3391.0,1354.0,0.0,100,312.05,296.0,0,0.0,0.0,,0.0,1,0.03,2.54,SPY201016C00350000,350.0,normalDay
2020-06-24,3391.0,633.0,0.0,100,304.09,296.0,0,0.0,0.0,,0.0,1,0.03,1.79,SPY201016C00350000,350.0,normalDay
2020-06-25,3391.0,945.0,0.0,100,307.35,296.0,0,0.0,0.0,,0.0,1,0.03,1.93,SPY201016C00350000,350.0,normalDay
2020-06-26,3391.0,269.0,0.0,100,300.05,296.0,0,0.0,0.0,,0.0,1,0.03,1.39,SPY201016C00350000,350.0,normalDay
2020-06-29,3391.0,710.0,0.0,100,304.46,296.0,0,0.0,0.0,,0.0,1,0.03,1.39,SPY201016C00350000,350.0,normalDay
2020-06-30,3391.0,1085.0,0.0,100,308.36,296.0,0,0.0,0.0,,0.0,1,0.03,1.54,SPY201016C00350000,350.0,normalDay
2020-07-01,3391.0,1284.0,0.0,100,310.52,296.0,0,0.0,0.0,,0.0,1,0.03,1.71,SPY201016C00350000,350.0,normalDay
2020-07-02,3391.0,1442.0,0.0,100,312.23,296.0,0,0.0,0.0,,0.0,1,0.03,1.84,SPY201016C00350000,350.0,normalDay
2020-07-06,3391.0,1860.0,0.0,100,317.05,296.0,0,0.0,0.0,,0.0,1,0.03,2.48,SPY201016C00350000,350.0,normalDay
2020-07-07,3391.0,1580.0,0.0,100,313.78,296.0,0,0.0,0.0,,0.0,1,0.03,2.01,SPY201016C00350000,350.0,normalDay
2020-07-08,3391.0,1805.0,0.0,100,316.18,296.0,0,0.0,0.0,,0.0,1,0.03,2.16,SPY201016C00350000,350.0,normalDay
2020-07-09,3391.0,1648.0,0.0,100,314.38,296.0,0,0.0,0.0,,0.0,1,0.03,1.93,SPY201016C00350000,350.0,normalDay
2020-07-10,3391.0,1930.0,0.0,100,317.59,296.0,0,0.0,0.0,,0.0,1,0.03,2.32,SPY201016C00350000,350.0,normalDay
2020-07-13,3391.0,1662.0,0.0,100,314.84,296.0,0,0.0,0.0,,0.0,1,0.03,2.25,SPY201016C00350000,350.0,normalDay
2020-07-14,3391.0,2035.0,0.0,100,318.92,296.0,0,0.0,0.0,,0.0,1,0.03,2.6,SPY201016C00350000,350.0,normalDay
2020-07-15,3391.0,2267.0,0.0,100,321.85,296.0,0,0.0,0.0,,0.0,1,0.03,3.21,SPY201016C00350000,350.0,normalDay
2020-07-16,3391.0,2215.0,0.0,100,320.79,296.0,0,0.0,0.0,,0.0,1,0.03,2.67,SPY201016C00350000,350.0,normalDay
2020-07-17,3391.0,2297.0,0.0,100,321.72,296.0,0,0.0,0.0,,0.0,1,0.03,2.78,SPY201016C00350000,350.0,normalDay
2020-07-20,3391.0,2546.0,0.0,100,324.32,296.0,0,0.0,0.0,,0.0,1,0.03,2.89,SPY201016C00350000,350.0,normalDay
2020-07-21,3391.0,2607.0,0.0,100,325.01,296.0,0,0.0,0.0,,0.0,1,0.03,2.97,SPY201016C00350000,350.0,normalDay
2020-07-22,3391.0,2779.0,0.0,100,326.86,296.0,0,0.0,0.0,,0.0,1,0.03,3.1,SPY201016C00350000,350.0,normalDay
2020-07-23,3391.0,2470.0,0.0,100,322.96,296.0,0,0.0,0.0,,0.0,1,0.03,2.29,SPY201016C00350000,350.0,normalDay
2020-07-24,3391.0,2284.0,0.0,100,320.88,296.0,0,0.0,0.0,,0.0,1,0.03,2.07,SPY201016C00350000,350.0,normalDay
2020-07-27,3391.0,2504.0,0.0,100,323.22,296.0,0,0.0,0.0,,0.0,1,0.03,2.21,SPY201016C00350000,350.0,normalDay
2020-07-28,3391.0,2335.0,0.0,100,321.17,296.0,0,0.0,0.0,,0.0,1,0.03,1.85,SPY201016C00350000,350.0,normalDay
2020-07-29,3391.0,2674.0,0.0,100,325.12,296.0,0,0.0,0.0,,0.0,1,0.03,2.41,SPY201016C00350000,350.0,normalDay
2020-07-30,3391.0,2559.0,0.0,100,323.96,296.0,0,0.0,0.0,,0.0,1,0.03,2.4,SPY201016C00350000,350.0,normalDay
2020-07-31,3391.0,2785.0,0.0,100,326.52,296.0,0,0.0,0.0,,0.0,1,0.03,2.7,SPY201016C00350000,350.0,normalDay
2020-08-03,3391.0,2980.0,0.0,100,328.79,296.0,0,0.0,0.0,,0.0,1,0.03,3.02,SPY201016C00350000,350.0,normalDay
2020-08-04,3391.0,3099.0,0.0,100,330.06,296.0,0,0.0,0.0,,0.0,1,0.03,3.1,SPY201016C00350000,350.0,normalDay
2020-08-05,3391.0,3272.0,0.0,100,332.11,296.0,0,0.0,0.0,,0.0,1,0.03,3.42,SPY201016C00350000,350.0,normalDay
2020-08-06,3391.0,3441.0,0.0,100,334.33,296.0,0,0.0,0.0,,0.0,1,0.03,3.95,SPY201016C00350000,350.0,normalDay
2020-08-07,3391.0,3474.0,0.0,100,334.57,296.0,0,0.0,0.0,,0.0,1,0.03,3.86,SPY201016C00350000,350.0,normalDay
2020-08-10,3391.0,3576.0,0.0,100,335.57,296.0,0,0.0,0.0,,0.0,1,0.03,3.84,SPY201016C00350000,350.0,normalDay
2020-08-11,3391.0,3341.0,0.0,100,332.8,296.0,0,0.0,0.0,,0.0,1,0.03,3.42,SPY201016C00350000,350.0,normalDay
2020-08-12,3391.0,3713.0,0.0,100,337.44,296.0,0,0.0,0.0,,0.0,1,0.03,4.34,SPY201016C00350000,350.0,normalDay
2020-08-13,3391.0,3678.0,0.0,100,336.83,296.0,0,0.0,0.0,,0.0,1,0.03,4.08,SPY201016C00350000,350.0,normalDay
2020-08-14,3391.0,3700.0,0.0,100,336.84,296.0,0,0.0,0.0,,0.0,1,0.03,3.87,SPY201016C00350000,350.0,normalDay
2020-08-17,3391.0,3810.0,0.0,100,337.91,296.0,0,0.0,0.0,,0.0,1,0.03,3.84,SPY201016C00350000,350.0,normalDay
2020-08-18,3391.0,3869.0,0.0,100,338.64,296.0,0,0.0,0.0,,0.0,1,0.03,3.98,SPY201016C00350000,350.0,normalDay
2020-08-19,3391.0,3769.0,0.0,100,337.23,296.0,0,0.0,0.0,,0.0,1,0.03,3.57,SPY201016C00350000,350.0,normalDay
2020-08-20,3391.0,3866.0,0.0,100,338.28,296.0,0,0.0,0.0,,0.0,1,0.03,3.65,SPY201016C00350000,350.0,normalDay
2020-08-21,3391.0,3954.0,0.0,100,339.48,296.0,0,0.0,0.0,,0.0,1,0.03,3.97,SPY201016C00350000,350.0,normalDay
2020-08-24,3391.0,4193.0,0.0,100,342.92,296.0,0,0.0,0.0,,0.0,1,0.03,5.02,SPY201016C00350000,350.0,normalDay
2020-08-25,3391.0,4262.0,0.0,100,344.12,296.0,0,0.0,0.0,,0.0,1,0.03,5.53,SPY201016C00350000,350.0,normalDay
2020-08-26,3391.0,4388.0,0.0,100,347.57,296.0,0,0.0,0.0,,0.0,1,0.03,7.72,SPY201016C00350000,350.0,normalDay
2020-08-27,3391.0,4387.0,0.0,100,348.33,296.0,0,0.0,0.0,,0.0,1,0.03,8.49,SPY201016C00350000,350.0,normalDay
2020-08-28,3391.0,4555.0,0.0,100,350.58,296.0,0,0.0,0.0,,0.0,1,0.03,9.06,SPY201016C00350000,350.0,normalDay
2020-08-31,3391.0,4408.0,0.0,100,349.31,296.0,0,0.0,0.0,,0.0,1,0.03,9.26,SPY201016C00350000,350.0,normalDay
2020-09-01,3391.0,4578.0,0.0,100,352.6,296.0,0,0.0,0.0,,0.0,1,0.03,10.85,SPY201016C00350000,350.0,normalDay
2020-09-02,3391.0,4711.0,0.0,100,357.7,296.0,0,0.0,0.0,,0.0,1,0.03,14.62,SPY201016C00350000,350.0,normalDay
2020-09-03,3391.0,4025.0,0.0,100,345.39,296.0,0,0.0,0.0,,0.0,1,0.03,9.17,SPY201016C00350000,350.0,normalDay
2020-09-04,3391.0,4029.0,0.0,100,342.57,296.0,0,0.0,0.0,,0.0,1,0.03,6.31,SPY201016C00350000,350.0,normalDay
2020-09-08,3391.0,3420.0,0.0,100,333.21,296.0,0,0.0,0.0,,0.0,1,0.03,3.04,SPY201016C00350000,350.0,normalDay
2020-09-09,3391.0,3928.0,0.0,100,339.79,296.0,0,0.0,0.0,,0.0,1,0.03,4.54,SPY201016C00350000,350.0,normalDay
2020-09-10,3391.0,3499.0,0.0,100,333.89,296.0,0,0.0,0.0,,0.0,1,0.03,2.93,SPY201016C00350000,350.0,normalDay
2020-09-11,3391.0,3593.0,0.0,100,334.06,296.0,0,0.0,0.0,,0.0,1,0.03,2.16,SPY201016C00350000,350.0,normalDay
2020-09-14,3391.0,3946.0,0.0,100,338.46,296.0,0,0.0,0.0,,0.0,1,0.03,3.03,SPY201016C00350000,350.0,normalDay
2020-09-15,3391.0,4079.0,0.0,100,340.17,296.0,0,0.0,0.0,,0.0,1,0.03,3.41,SPY201016C00350000,350.0,normalDay
2020-09-16,3391.0,4016.0,0.0,100,338.82,296.0,0,0.0,0.0,,0.0,1,0.03,2.69,SPY201016C00350000,350.0,normalDay
2020-09-17,3391.0,3791.0,0.0,100,335.84,296.0,0,0.0,0.0,,0.0,1,0.03,1.96,SPY201016C00350000,350.0,normalDay
2020-09-18,3391.0,3354.0,0.0,100,330.65,296.0,0,0.0,0.0,,0.0,1,0.03,1.14,SPY201016C00350000,350.0,normalDay
2020-09-21,3391.0,3031.0,0.0,100,326.97,296.0,0,0.0,0.0,,0.0,1,0.03,0.69,SPY201016C00350000,350.0,normalDay
2020-09-22,3391.0,3351.0,0.0,100,330.3,296.0,0,0.0,0.0,,0.0,1,0.03,0.82,SPY201016C00350000,350.0,normalDay
2020-09-23,3391.0,2633.0,0.0,100,322.64,296.0,0,0.0,0.0,,0.0,1,0.03,0.34,SPY201016C00350000,350.0,normalDay
2020-09-24,3391.0,2716.0,0.0,100,323.5,296.0,0,0.0,0.0,,0.0,1,0.03,0.37,SPY201016C00350000,350.0,normalDay
2020-09-25,3391.0,3230.0,0.0,100,328.73,296.0,0,0.0,0.0,,0.0,1,0.03,0.46,SPY201016C00350000,350.0,normalDay
2020-09-28,3391.0,3720.0,0.0,100,334.19,296.0,0,0.0,0.0,,0.0,1,0.03,1.02,SPY201016C00350000,350.0,normalDay
2020-09-29,3391.0,3550.0,0.0,100,332.37,296.0,0,0.0,0.0,,0.0,1,0.03,0.9,SPY201016C00350000,350.0,normalDay
2020-09-30,3391.0,3796.0,0.0,100,334.89,296.0,0,0.0,0.0,,0.0,1,0.03,0.96,SPY201016C00350000,350.0,normalDay
2020-10-01,3391.0,3959.0,0.0,100,337.04,296.0,0,0.0,0.0,,0.0,1,0.03,1.48,SPY201016C00350000,350.0,normalDay
2020-10-02,3391.0,3714.0,0.0,100,333.84,296.0,0,0.0,0.0,,0.0,1,0.03,0.73,SPY201016C00350000,350.0,normalDay
2020-10-05,3391.0,4259.0,0.0,100,339.76,296.0,0,0.0,0.0,,0.0,1,0.03,1.2,SPY201016C00350000,350.0,normalDay
2020-10-06,3391.0,3848.0,0.0,100,334.93,296.0,0,0.0,0.0,,0.0,1,0.03,0.48,SPY201016C00350000,350.0,normalDay
2020-10-07,3391.0,4380.0,0.0,100,340.76,296.0,0,0.0,0.0,,0.0,1,0.03,0.99,SPY201016C00350000,350.0,normalDay
2020-10-08,3391.0,4665.0,0.0,100,343.78,296.0,0,0.0,0.0,,0.0,1,0.03,1.16,SPY201016C00350000,350.0,normalDay
2020-10-09,3391.0,4905.0,0.0,100,346.85,296.0,0,0.0,0.0,,0.0,1,0.03,1.83,SPY201016C00350000,350.0,normalDay
2020-10-12,3391.0,5208.0,0.0,100,352.43,296.0,0,0.0,0.0,,0.0,1,0.03,4.38,SPY201016C00350000,350.0,normalDay
2020-10-13,3391.0,5143.0,0.0,100,350.13,296.0,0,0.0,0.0,,0.0,1,0.03,2.73,SPY201016C00350000,350.0,normalDay
2020-10-14,3391.0,5070.0,0.0,100,347.93,296.0,0,0.0,0.0,,0.0,1,0.03,1.26,SPY201016C00350000,350.0,normalDay
2020-10-15,3391.0,5101.0,0.0,100,347.5,296.0,0,0.0,0.0,,0.0,1,0.03,0.52,SPY201016C00350000,350.0,normalDay
2020-10-16,3394.0,5129.0,3.0,100,347.29,296.0,0,0.0,0.0,,0.0,1,0.03,0.0,SPY201016C00350000,350.0,expirationDay
2020-10-19,3394.0,4563.0,0.0,100,342.01,296.0,0,0.0,0.0,,0.0,1,14.75,15.13,SPY210521C00359000,359.0,normalDay
2020-10-20,3394.0,4685.0,0.0,100,343.38,296.0,0,0.0,0.0,,0.0,1,14.75,15.28,SPY210521C00359000,359.0,normalDay
2020-10-21,3394.0,4652.0,0.0,100,342.73,296.0,0,0.0,0.0,,0.0,1,14.75,14.96,SPY210521C00359000,359.0,normalDay
2020-10-22,3394.0,4808.0,0.0,100,344.61,296.0,0,0.0,0.0,,0.0,1,14.75,15.28,SPY210521C00359000,359.0,normalDay
2020-10-23,3394.0,4913.0,0.0,100,345.78,296.0,0,0.0,0.0,,0.0,1,14.75,15.4,SPY210521C00359000,359.0,normalDay
2020-10-26,3394.0,4450.0,0.0,100,339.39,296.0,0,0.0,0.0,,0.0,1,14.75,13.64,SPY210521C00359000,359.0,normalDay
2020-10-27,3394.0,4397.0,0.0,100,338.22,296.0,0,0.0,0.0,,0.0,1,14.75,13.0,SPY210521C00359000,359.0,normalDay
2020-10-28,3394.0,3549.0,0.0,100,326.66,296.0,0,0.0,0.0,,0.0,1,14.75,9.92,SPY210521C00359000,359.0,normalDay
2020-10-29,3394.0,3809.0,0.0,100,329.98,296.0,0,0.0,0.0,,0.0,1,14.75,10.64,SPY210521C00359000,359.0,normalDay
2020-10-30,3394.0,3593.0,0.0,100,326.54,296.0,0,0.0,0.0,,0.0,1,14.75,9.36,SPY210521C00359000,359.0,normalDay
2020-11-02,3394.0,3921.0,0.0,100,330.2,296.0,0,0.0,0.0,,0.0,1,14.75,9.74,SPY210521C00359000,359.0,normalDay
2020-11-03,3394.0,4365.0,0.0,100,336.03,296.0,0,0.0,0.0,,0.0,1,14.75,11.13,SPY210521C00359000,359.0,normalDay
2020-11-04,3394.0,4864.0,0.0,100,343.54,296.0,0,0.0,0.0,,0.0,1,14.75,13.65,SPY210521C00359000,359.0,normalDay
2020-11-05,3394.0,5163.0,0.0,100,350.24,296.0,0,0.0,0.0,,0.0,1,14.75,17.36,SPY210521C00359000,359.0,normalDay
2020-11-06,3394.0,5233.0,0.0,100,350.16,296.0,0,0.0,0.0,,0.0,1,14.75,16.58,SPY210521C00359000,359.0,normalDay
2020-11-09,3394.0,5436.0,0.0,100,354.56,296.0,0,0.0,0.0,,0.0,1,14.75,18.95,SPY210521C00359000,359.0,normalDay
2020-11-10,3394.0,5476.0,0.0,100,354.04,296.0,0,0.0,0.0,,0.0,1,14.75,18.03,SPY210521C00359000,359.0,normalDay
2020-11-11,3394.0,5622.0,0.0,100,356.67,296.0,0,0.0,0.0,,0.0,1,14.75,19.2,SPY210521C00359000,359.0,normalDay
2020-11-12,3394.0,5426.0,0.0,100,353.21,296.0,0,0.0,0.0,,0.0,1,14.75,17.7,SPY210521C00359000,359.0,normalDay
2020-11-13,3394.0,5702.0,0.0,100,358.1,296.0,0,0.0,0.0,,0.0,1,14.75,19.83,SPY210521C00359000,359.0,normalDay
2020-11-16,3394.0,5884.0,0.0,100,362.57,296.0,0,0.0,0.0,,0.0,1,14.75,22.48,SPY210521C00359000,359.0,normalDay
2020-11-17,3394.0,5801.0,0.0,100,360.62,296.0,0,0.0,0.0,,0.0,1,14.75,21.36,SPY210521C00359000,359.0,normalDay
2020-11-18,3394.0,5603.0,0.0,100,356.28,296.0,0,0.0,0.0,,0.0,1,14.75,19.0,SPY210521C00359000,359.0,normalDay
2020-11-19,3394.0,5709.0,0.0,100,357.78,296.0,0,0.0,0.0,,0.0,1,14.75,19.44,SPY210521C00359000,359.0,normalDay
2020-11-20,3394.0,5615.0,0.0,100,355.33,296.0,0,0.0,0.0,,0.0,1,14.75,17.93,SPY210521C00359000,359.0,normalDay
2020-11-23,3394.0,5742.0,0.0,100,357.46,296.0,0,0.0,0.0,,0.0,1,14.75,18.79,SPY210521C00359000,359.0,normalDay
2020-11-24,3394.0,5979.0,0.0,100,363.22,296.0,0,0.0,0.0,,0.0,1,14.75,22.18,SPY210521C00359000,359.0,normalDay
2020-11-25,3394.0,6000.0,0.0,100,362.66,296.0,0,0.0,0.0,,0.0,1,14.75,21.41,SPY210521C00359000,359.0,normalDay
2020-11-27,3394.0,5957.0,0.0,100,363.67,296.0,0,0.0,0.0,,0.0,1,14.75,22.85,SPY210521C00359000,359.0,normalDay
2020-11-30,3394.0,5964.0,0.0,100,362.06,296.0,0,0.0,0.0,,0.0,1,14.75,21.17,SPY210521C00359000,359.0,normalDay
2020-12-01,3394.0,6121.0,0.0,100,366.02,296.0,0,0.0,0.0,,0.0,1,14.75,23.56,SPY210521C00359000,359.0,normalDay
2020-12-02,3394.0,6136.0,0.0,100,366.79,296.0,0,0.0,0.0,,0.0,1,14.75,24.18,SPY210521C00359000,359.0,normalDay
2020-12-03,3394.0,6164.0,0.0,100,366.69,296.0,0,0.0,0.0,,0.0,1,14.75,23.8,SPY210521C00359000,359.0,normalDay
2020-12-04,3394.0,6303.0,0.0,100,369.85,296.0,0,0.0,0.0,,0.0,1,14.75,25.57,SPY210521C00359000,359.0,normalDay
2020-12-07,3394.0,6259.0,0.0,100,369.09,296.0,0,0.0,0.0,,0.0,1,14.75,25.25,SPY210521C00359000,359.0,normalDay
2020-12-08,3394.0,6313.0,0.0,100,370.17,296.0,0,0.0,0.0,,0.0,1,14.75,25.79,SPY210521C00359000,359.0,normalDay
2020-12-09,3394.0,6182.0,0.0,100,366.85,296.0,0,0.0,0.0,,0.0,1,14.75,23.78,SPY210521C00359000,359.0,normalDay
2020-12-10,3394.0,6175.0,0.0,100,366.73,296.0,0,0.0,0.0,,0.0,1,14.75,23.73,SPY210521C00359000,359.0,normalDay
2020-12-11,3394.0,6122.0,0.0,100,366.3,296.0,0,0.0,0.0,,0.0,1,14.75,23.83,SPY210521C00359000,359.0,normalDay
2020-12-14,3394.0,6010.0,0.0,100,364.66,296.0,0,0.0,0.0,,0.0,1,14.75,23.31,SPY210521C00359000,359.0,normalDay
2020-12-15,3394.0,6278.0,0.0,100,369.59,296.0,0,0.0,0.0,,0.0,1,14.75,25.56,SPY210521C00359000,359.0,normalDay
2020-12-16,3394.0,6319.0,0.0,100,370.17,296.0,0,0.0,0.0,,0.0,1,14.75,25.73,SPY210521C00359000,359.0,normalDay
2020-12-17,3394.0,6386.0,0.0,100,372.24,296.0,0,0.0,0.0,,0.0,1,14.75,27.13,SPY210521C00359000,359.0,normalDay
2020-12-18,3394.0,6133.0,0.0,100,369.18,296.0,0,0.0,0.0,,0.0,1,14.75,26.6,SPY210521C00359000,359.0,normalDay
2020-12-21,3394.0,6089.0,0.0,100,367.86,296.0,0,0.0,0.0,,0.0,1,14.75,25.72,SPY210521C00359000,359.0,normalDay
2020-12-22,3394.0,6102.0,0.0,100,367.24,296.0,0,0.0,0.0,,0.0,1,14.75,24.97,SPY210521C00359000,359.0,normalDay
2020-12-23,3394.0,6182.0,0.0,100,367.57,296.0,0,0.0,0.0,,0.0,1,14.75,24.5,SPY210521C00359000,359.0,normalDay
2020-12-24,3394.0,6268.0,0.0,100,369.0,296.0,0,0.0,0.0,,0.0,1,14.75,25.07,SPY210521C00359000,359.0,normalDay
2020-12-28,3394.0,6362.0,0.0,100,372.17,296.0,0,0.0,0.0,,0.0,1,14.75,27.3,SPY210521C00359000,359.0,normalDay
2020-12-29,3394.0,6284.0,0.0,100,371.46,296.0,0,0.0,0.0,,0.0,1,14.75,27.37,SPY210521C00359000,359.0,normalDay
2020-12-30,3394.0,6356.0,0.0,100,371.99,296.0,0,0.0,0.0,,0.0,1,14.75,27.18,SPY210521C00359000,359.0,normalDay
2020-12-31,3394.0,6377.0,0.0,100,373.88,296.0,0,0.0,0.0,,0.0,1,14.75,28.86,SPY210521C00359000,359.0,normalDay
2021-01-04,3394.0,6148.0,0.0,100,368.79,296.0,0,0.0,0.0,,0.0,1,14.75,26.06,SPY210521C00359000,359.0,normalDay
2021-01-05,3394.0,6298.0,0.0,100,371.33,296.0,0,0.0,0.0,,0.0,1,14.75,27.1,SPY210521C00359000,359.0,normalDay
2021-01-06,3394.0,6351.0,0.0,100,373.55,296.0,0,0.0,0.0,,0.0,1,14.75,28.79,SPY210521C00359000,359.0,normalDay
2021-01-07,3394.0,6605.0,0.0,100,379.1,296.0,0,0.0,0.0,,0.0,1,14.75,31.8,SPY210521C00359000,359.0,normalDay
2021-01-08,3394.0,6635.0,0.0,100,381.26,296.0,0,0.0,0.0,,0.0,1,14.75,33.66,SPY210521C00359000,359.0,normalDay
2021-01-11,3394.0,6501.0,0.0,100,378.69,296.0,0,0.0,0.0,,0.0,1,14.75,32.43,SPY210521C00359000,359.0,normalDay
2021-01-12,3394.0,6576.0,0.0,100,378.77,296.0,0,0.0,0.0,,0.0,1,14.75,31.76,SPY210521C00359000,359.0,normalDay
2021-01-13,3394.0,6599.0,0.0,100,379.79,296.0,0,0.0,0.0,,0.0,1,14.75,32.55,SPY210521C00359000,359.0,normalDay
2021-01-14,3394.0,6543.0,0.0,100,378.46,296.0,0,0.0,0.0,,0.0,1,14.75,31.78,SPY210521C00359000,359.0,normalDay
2021-01-15,3394.0,6509.0,0.0,100,375.7,296.0,0,0.0,0.0,,0.0,1,14.75,29.36,SPY210521C00359000,359.0,normalDay
2021-01-19,3394.0,6579.0,0.0,100,378.65,296.0,0,0.0,0.0,,0.0,1,14.75,31.61,SPY210521C00359000,359.0,normalDay
2021-01-20,3394.0,6747.0,0.0,100,383.89,296.0,0,0.0,0.0,,0.0,1,14.75,35.17,SPY210521C00359000,359.0,normalDay
2021-01-21,3394.0,6763.0,0.0,100,384.24,296.0,0,0.0,0.0,,0.0,1,14.75,35.36,SPY210521C00359000,359.0,normalDay
2021-01-22,3394.0,6721.0,0.0,100,382.88,296.0,0,0.0,0.0,,0.0,1,14.75,34.42,SPY210521C00359000,359.0,normalDay
2021-01-25,3394.0,6726.0,0.0,100,384.39,296.0,0,0.0,0.0,,0.0,1,14.75,35.88,SPY210521C00359000,359.0,normalDay
2021-01-26,3394.0,6647.0,0.0,100,383.79,296.0,0,0.0,0.0,,0.0,1,14.75,36.07,SPY210521C00359000,359.0,normalDay
2021-01-27,3394.0,6207.0,0.0,100,374.41,296.0,0,0.0,0.0,,0.0,1,14.75,31.09,SPY210521C00359000,359.0,normalDay
2021-01-28,3394.0,6352.0,0.0,100,377.63,296.0,0,0.0,0.0,,0.0,1,14.75,32.86,SPY210521C00359000,359.0,normalDay
2021-01-29,3394.0,6077.0,0.0,100,370.07,296.0,0,0.0,0.0,,0.0,1,14.75,28.05,SPY210521C00359000,359.0,normalDay
2021-02-01,3394.0,6391.0,0.0,100,376.23,296.0,0,0.0,0.0,,0.0,1,14.75,31.07,SPY210521C00359000,359.0,normalDay
2021-02-02,3394.0,6580.0,0.0,100,381.55,296.0,0,0.0,0.0,,0.0,1,14.75,34.5,SPY210521C00359000,359.0,normalDay
2021-02-03,3394.0,6664.0,0.0,100,381.85,296.0,0,0.0,0.0,,0.0,1,14.75,33.96,SPY210521C00359000,359.0,normalDay
2021-02-04,3394.0,6868.0,0.0,100,386.19,296.0,0,0.0,0.0,,0.0,1,14.75,36.26,SPY210521C00359000,359.0,normalDay
2021-02-05,3394.0,6902.0,0.0,100,387.71,296.0,0,0.0,0.0,,0.0,1,14.75,37.44,SPY210521C00359000,359.0,normalDay
2021-02-08,3394.0,6990.0,0.0,100,390.51,296.0,0,0.0,0.0,,0.0,1,14.75,39.36,SPY210521C00359000,359.0,normalDay
2021-02-09,3394.0,6940.0,0.0,100,390.25,296.0,0,0.0,0.0,,0.0,1,14.75,39.6,SPY210521C00359000,359.0,normalDay
2021-02-10,3394.0,6937.0,0.0,100,390.08,296.0,0,0.0,0.0,,0.0,1,14.75,39.46,SPY210521C00359000,359.0,normalDay
2021-02-11,3394.0,7006.0,0.0,100,390.71,296.0,0,0.0,0.0,,0.0,1,14.75,39.4,SPY210521C00359000,359.0,normalDay
2021-02-12,3394.0,7044.0,0.0,100,392.64,296.0,0,0.0,0.0,,0.0,1,14.75,40.95,SPY210521C00359000,359.0,normalDay
2021-02-16,3394.0,7065.0,0.0,100,392.3,296.0,0,0.0,0.0,,0.0,1,14.75,40.4,SPY210521C00359000,359.0,normalDay
2021-02-17,3394.0,7097.0,0.0,100,392.39,296.0,0,0.0,0.0,,0.0,1,14.75,40.17,SPY210521C00359000,359.0,normalDay
2021-02-18,3394.0,7040.0,0.0,100,390.72,296.0,0,0.0,0.0,,0.0,1,14.75,39.07,SPY210521C00359000,359.0,normalDay
2021-02-19,3394.0,7076.0,0.0,100,390.03,296.0,0,0.0,0.0,,0.0,1,14.75,38.02,SPY210521C00359000,359.0,normalDay
2021-02-22,3394.0,6984.0,0.0,100,387.03,296.0,0,0.0,0.0,,0.0,1,14.75,35.94,SPY210521C00359000,359.0,normalDay
2021-02-23,3394.0,7044.0,0.0,100,387.5,296.0,0,0.0,0.0,,0.0,1,14.75,35.81,SPY210521C00359000,359.0,normalDay
2021-02-24,3394.0,7155.0,0.0,100,391.77,296.0,0,0.0,0.0,,0.0,1,14.75,38.97,SPY210521C00359000,359.0,normalDay
2021-02-25,3394.0,6721.0,0.0,100,382.33,296.0,0,0.0,0.0,,0.0,1,14.75,33.87,SPY210521C00359000,359.0,normalDay
2021-02-26,3394.0,6799.0,0.0,100,380.36,296.0,0,0.0,0.0,,0.0,1,14.75,31.12,SPY210521C00359000,359.0,normalDay
2021-03-01,3394.0,7168.0,0.0,100,389.58,296.0,0,0.0,0.0,,0.0,1,14.75,36.65,SPY210521C00359000,359.0,normalDay
2021-03-02,3394.0,7094.0,0.0,100,386.54,296.0,0,0.0,0.0,,0.0,1,14.75,34.35,SPY210521C00359000,359.0,normalDay
2021-03-03,3394.0,6943.0,0.0,100,381.42,296.0,0,0.0,0.0,,0.0,1,14.75,30.74,SPY210521C00359000,359.0,normalDay
2021-03-04,3394.0,6770.0,0.0,100,376.7,296.0,0,0.0,0.0,,0.0,1,14.75,27.75,SPY210521C00359000,359.0,normalDay
2021-03-05,3394.0,7057.0,0.0,100,383.63,296.0,0,0.0,0.0,,0.0,1,14.75,31.81,SPY210521C00359000,359.0,normalDay
2021-03-08,3394.0,6989.0,0.0,100,381.72,296.0,0,0.0,0.0,,0.0,1,14.75,30.58,SPY210521C00359000,359.0,normalDay
2021-03-09,3394.0,7167.0,0.0,100,387.17,296.0,0,0.0,0.0,,0.0,1,14.75,34.25,SPY210521C00359000,359.0,normalDay
2021-03-10,3394.0,7206.0,0.0,100,389.58,296.0,0,0.0,0.0,,0.0,1,14.75,36.27,SPY210521C00359000,359.0,normalDay
2021-03-11,3394.0,7355.0,0.0,100,393.53,296.0,0,0.0,0.0,,0.0,1,14.75,38.73,SPY210521C00359000,359.0,normalDay
2021-03-12,3394.0,7356.0,0.0,100,394.06,296.0,0,0.0,0.0,,0.0,1,14.75,39.25,SPY210521C00359000,359.0,normalDay
2021-03-15,3394.0,7433.0,0.0,100,396.41,296.0,0,0.0,0.0,,0.0,1,14.75,40.83,SPY210521C00359000,359.0,normalDay
2021-03-16,3394.0,7442.0,0.0,100,395.91,296.0,0,0.0,0.0,,0.0,1,14.75,40.24,SPY210521C00359000,359.0,normalDay
2021-03-17,3394.0,7521.0,0.0,100,397.26,296.0,0,0.0,0.0,,0.0,1,14.75,40.8,SPY210521C00359000,359.0,normalDay
2021-03-18,3394.0,7339.0,0.0,100,391.48,296.0,0,0.0,0.0,,0.0,1,14.75,36.84,SPY210521C00359000,359.0,normalDay
2021-03-19,3394.0,7293.0,0.0,100,389.48,296.0,0,0.0,0.0,,0.0,1,14.75,35.3,SPY210521C00359000,359.0,normalDay
2021-03-22,3394.0,7398.0,0.0,100,392.59,296.0,0,0.0,0.0,,0.0,1,14.75,37.36,SPY210521C00359000,359.0,normalDay
2021-03-23,3394.0,7323.0,0.0,100,389.5,296.0,0,0.0,0.0,,0.0,1,14.75,35.02,SPY210521C00359000,359.0,normalDay
2021-03-24,3394.0,7304.0,0.0,100,387.52,296.0,0,0.0,0.0,,0.0,1,14.75,33.23,SPY210521C00359000,359.0,normalDay
2021-03-25,3394.0,7377.0,0.0,100,389.7,296.0,0,0.0,0.0,,0.0,1,14.75,34.68,SPY210521C00359000,359.0,normalDay
2021-03-26,3394.0,7494.0,0.0,100,395.98,296.0,0,0.0,0.0,,0.0,1,14.75,39.79,SPY210521C00359000,359.0,normalDay
2021-03-29,3394.0,7476.0,0.0,100,395.78,296.0,0,0.0,0.0,,0.0,1,14.75,39.77,SPY210521C00359000,359.0,normalDay
2021-03-30,3394.0,7520.0,0.0,100,394.73,296.0,0,0.0,0.0,,0.0,1,14.75,38.28,SPY210521C00359000,359.0,normalDay
2021-03-31,3394.0,7531.0,0.0,100,396.33,296.0,0,0.0,0.0,,0.0,1,14.75,39.77,SPY210521C00359000,359.0,normalDay
2021-04-01,3394.0,7565.0,0.0,100,400.61,296.0,0,0.0,0.0,,0.0,1,14.75,43.71,SPY210521C00359000,359.0,normalDay
2021-04-05,3394.0,7621.0,0.0,100,406.36,296.0,0,0.0,0.0,,0.0,1,14.75,48.9,SPY210521C00359000,359.0,normalDay
2021-04-06,3394.0,7633.0,0.0,100,406.12,296.0,0,0.0,0.0,,0.0,1,14.75,48.54,SPY210521C00359000,359.0,normalDay
2021-04-07,3394.0,7618.0,0.0,100,406.59,296.0,0,0.0,0.0,,0.0,1,14.75,49.16,SPY210521C00359000,359.0,normalDay
2021-04-08,3394.0,7620.0,0.0,100,408.52,296.0,0,0.0,0.0,,0.0,1,14.75,51.07,SPY210521C00359000,359.0,normalDay
2021-04-09,3394.0,7712.0,0.0,100,411.49,296.0,0,0.0,0.0,,0.0,1,14.75,53.12,SPY210521C00359000,359.0,normalDay
2021-04-12,3394.0,7693.0,0.0,100,411.64,296.0,0,0.0,0.0,,0.0,1,14.75,53.46,SPY210521C00359000,359.0,normalDay
2021-04-13,3394.0,7702.0,0.0,100,412.86,296.0,0,0.0,0.0,,0.0,1,14.75,54.59,SPY210521C00359000,359.0,normalDay
2021-04-14,3394.0,7655.0,0.0,100,411.45,296.0,0,0.0,0.0,,0.0,1,14.75,53.65,SPY210521C00359000,359.0,normalDay
2021-04-15,3394.0,7694.0,0.0,100,415.87,296.0,0,0.0,0.0,,0.0,1,14.75,57.68,SPY210521C00359000,359.0,normalDay
2021-04-16,3394.0,7721.0,0.0,100,417.26,296.0,0,0.0,0.0,,0.0,1,14.75,58.8,SPY210521C00359000,359.0,normalDay
2021-04-19,3394.0,7709.0,0.0,100,415.21,296.0,0,0.0,0.0,,0.0,1,14.75,56.87,SPY210521C00359000,359.0,normalDay
2021-04-20,3394.0,7725.0,0.0,100,412.17,296.0,0,0.0,0.0,,0.0,1,14.75,53.67,SPY210521C00359000,359.0,normalDay
2021-04-21,3394.0,7759.0,0.0,100,416.07,296.0,0,0.0,0.0,,0.0,1,14.75,57.23,SPY210521C00359000,359.0,normalDay
2021-04-22,3394.0,7728.0,0.0,100,412.27,296.0,0,0.0,0.0,,0.0,1,14.75,53.74,SPY210521C00359000,359.0,normalDay
2021-04-23,3394.0,7735.0,0.0,100,416.74,296.0,0,0.0,0.0,,0.0,1,14.75,58.14,SPY210521C00359000,359.0,normalDay
2021-04-26,3394.0,7720.0,0.0,100,417.61,296.0,0,0.0,0.0,,0.0,1,14.75,59.16,SPY210521C00359000,359.0,normalDay
2021-04-27,3394.0,7727.0,0.0,100,417.52,296.0,0,0.0,0.0,,0.0,1,14.75,59.0,SPY210521C00359000,359.0,normalDay
2021-04-28,3394.0,7688.0,0.0,100,417.4,296.0,0,0.0,0.0,,0.0,1,14.75,59.27,SPY210521C00359000,359.0,normalDay
2021-04-29,3394.0,7745.0,0.0,100,420.06,296.0,0,0.0,0.0,,0.0,1,14.75,61.36,SPY210521C00359000,359.0,normalDay
2021-04-30,3394.0,7704.0,0.0,100,417.3,296.0,0,0.0,0.0,,0.0,1,14.75,59.01,SPY210521C00359000,359.0,normalDay
2021-05-03,3394.0,7734.0,0.0,100,418.2,296.0,0,0.0,0.0,,0.0,1,14.75,59.61,SPY210521C00359000,359.0,normalDay
2021-05-04,3394.0,7744.0,0.0,100,415.62,296.0,0,0.0,0.0,,0.0,1,14.75,56.93,SPY210521C00359000,359.0,normalDay
2021-05-05,3394.0,7750.0,0.0,100,415.75,296.0,0,0.0,0.0,,0.0,1,14.75,57.0,SPY210521C00359000,359.0,normalDay
2021-05-06,3394.0,7740.0,0.0,100,419.07,296.0,0,0.0,0.0,,0.0,1,14.75,60.42,SPY210521C00359000,359.0,normalDay
2021-05-07,3394.0,7741.0,0.0,100,422.12,296.0,0,0.0,0.0,,0.0,1,14.75,63.46,SPY210521C00359000,359.0,normalDay
2021-05-10,3394.0,7777.0,0.0,100,417.94,296.0,0,0.0,0.0,,0.0,1,14.75,58.92,SPY210521C00359000,359.0,normalDay
2021-05-11,3394.0,7756.0,0.0,100,414.21,296.0,0,0.0,0.0,,0.0,1,14.75,55.4,SPY210521C00359000,359.0,normalDay
2021-05-12,3394.0,7700.0,0.0,100,405.41,296.0,0,0.0,0.0,,0.0,1,14.75,47.16,SPY210521C00359000,359.0,normalDay
2021-05-13,3394.0,7774.0,0.0,100,410.28,296.0,0,0.0,0.0,,0.0,1,14.75,51.29,SPY210521C00359000,359.0,normalDay
2021-05-14,3394.0,7709.0,0.0,100,416.58,296.0,0,0.0,0.0,,0.0,1,14.75,58.24,SPY210521C00359000,359.0,normalDay
2021-05-17,3394.0,7737.0,0.0,100,415.52,296.0,0,0.0,0.0,,0.0,1,14.75,56.9,SPY210521C00359000,359.0,normalDay
2021-05-18,3394.0,7762.0,0.0,100,411.94,296.0,0,0.0,0.0,,0.0,1,14.75,53.07,SPY210521C00359000,359.0,normalDay
2021-05-19,3394.0,7762.0,0.0,100,410.86,296.0,0,0.0,0.0,,0.0,1,14.75,51.99,SPY210521C00359000,359.0,normalDay
2021-05-20,3394.0,7792.0,0.0,100,415.28,296.0,0,0.0,0.0,,0.0,1,14.75,56.11,SPY210521C00359000,359.0,normalDay
2021-05-21,11169.0,7792.0,7775.0,0,414.94,0.0,0,0.0,0.0,,0.0,1,14.75,0.0,SPY210521C00359000,359.0,expirationDay
2021-05-24,11169.0,-3.0,0.0,0,419.17,0.0,1,1.21,1.24,SPY210604P00409000,409.0,0,0.0,0.0,,0.0,normalDay
2021-05-25,11169.0,-18.0,0.0,0,418.24,0.0,1,1.21,1.39,SPY210604P00409000,409.0,0,0.0,0.0,,0.0,normalDay
2021-05-26,11169.0,32.0,0.0,0,419.07,0.0,1,1.21,0.89,SPY210604P00409000,409.0,0,0.0,0.0,,0.0,normalDay
2021-05-27,11169.0,66.0,0.0,0,419.29,0.0,1,1.21,0.55,SPY210604P00409000,409.0,0,0.0,0.0,,0.0,normalDay
2021-05-28,11169.0,84.0,0.0,0,420.04,0.0,1,1.21,0.37,SPY210604P00409000,409.0,0,0.0,0.0,,0.0,normalDay
2021-06-01,11169.0,103.0,0.0,0,419.67,0.0,1,1.21,0.18,SPY210604P00409000,409.0,0,0.0,0.0,,0.0,normalDay
2021-06-02,11169.0,115.0,0.0,0,420.33,0.0,1,1.21,0.06,SPY210604P00409000,409.0,0,0.0,0.0,,0.0,normalDay
2021-06-03,11169.0,115.0,0.0,0,418.77,0.0,1,1.21,0.06,SPY210604P00409000,409.0,0,0.0,0.0,,0.0,normalDay
2021-06-04,11290.0,0.0,121.0,0,422.6,0.0,1,1.21,0.0,SPY210604P00409000,409.0,0,0.0,0.0,,0.0,expirationDay
2021-06-07,11290.0,-3.0,0.0,0,422.19,0.0,1,0.9,0.93,SPY210618P00409000,409.0,0,0.0,0.0,,0.0,normalDay
2021-06-08,11290.0,-16.0,0.0,0,422.28,0.0,1,0.9,1.06,SPY210618P00409000,409.0,0,0.0,0.0,,0.0,normalDay
2021-06-09,11290.0,-31.0,0.0,0,421.65,0.0,1,0.9,1.21,SPY210618P00409000,409.0,0,0.0,0.0,,0.0,normalDay
2021-06-10,11290.0,34.0,0.0,0,423.61,0.0,1,0.9,0.56,SPY210618P00409000,409.0,0,0.0,0.0,,0.0,normalDay
2021-06-11,11290.0,49.0,0.0,0,424.31,0.0,1,0.9,0.41,SPY210618P00409000,409.0,0,0.0,0.0,,0.0,normalDay
2021-06-14,11290.0,64.0,0.0,0,425.26,0.0,1,0.9,0.26,SPY210618P00409000,409.0,0,0.0,0.0,,0.0,normalDay
2021-06-15,11290.0,58.0,0.0,0,424.48,0.0,1,0.9,0.32,SPY210618P00409000,409.0,0,0.0,0.0,,0.0,normalDay
2021-06-16,11290.0,47.0,0.0,0,422.11,0.0,1,0.9,0.43,SPY210618P00409000,409.0,0,0.0,0.0,,0.0,normalDay
2021-06-17,11290.0,74.0,0.0,0,421.97,0.0,1,0.9,0.16,SPY210618P00409000,409.0,0,0.0,0.0,,0.0,normalDay
2021-06-18,11380.0,0.0,90.0,0,414.92,0.0,1,0.9,0.0,SPY210618P00409000,409.0,0,0.0,0.0,,0.0,expirationDay
2021-06-21,11380.0,-3.0,0.0,0,420.86,0.0,1,2.39,2.42,SPY210702P00417000,417.0,0,0.0,0.0,,0.0,normalDay
2021-06-22,11380.0,85.0,0.0,0,423.11,0.0,1,2.39,1.54,SPY210702P00417000,417.0,0,0.0,0.0,,0.0,normalDay
2021-06-23,11380.0,108.0,0.0,0,422.6,0.0,1,2.39,1.31,SPY210702P00417000,417.0,0,0.0,0.0,,0.0,normalDay
2021-06-24,11380.0,163.0,0.0,0,425.1,0.0,1,2.39,0.76,SPY210702P00417000,417.0,0,0.0,0.0,,0.0,normalDay
2021-06-25,11380.0,195.0,0.0,0,426.61,0.0,1,2.39,0.44,SPY210702P00417000,417.0,0,0.0,0.0,,0.0,normalDay
2021-06-28,11380.0,219.0,0.0,0,427.47,0.0,1,2.39,0.2,SPY210702P00417000,417.0,0,0.0,0.0,,0.0,normalDay
2021-06-29,11380.0,227.0,0.0,0,427.7,0.0,1,2.39,0.12,SPY210702P00417000,417.0,0,0.0,0.0,,0.0,normalDay
2021-06-30,11380.0,232.0,0.0,0,428.06,0.0,1,2.39,0.07,SPY210702P00417000,417.0,0,0.0,0.0,,0.0,normalDay
2021-07-01,11380.0,236.0,0.0,0,430.43,0.0,1,2.39,0.03,SPY210702P00417000,417.0,0,0.0,0.0,,0.0,normalDay
2021-07-02,11619.0,0.0,239.0,0,433.72,0.0,1,2.39,0.0,SPY210702P00417000,417.0,0,0.0,0.0,,0.0,expirationDay
2021-07-06,11619.0,-3.0,0.0,0,432.93,0.0,1,0.7,0.73,SPY210716P00418000,418.0,0,0.0,0.0,,0.0,normalDay
2021-07-07,11619.0,20.0,0.0,0,434.46,0.0,1,0.7,0.5,SPY210716P00418000,418.0,0,0.0,0.0,,0.0,normalDay
2021-07-08,11619.0,-44.0,0.0,0,430.92,0.0,1,0.7,1.14,SPY210716P00418000,418.0,0,0.0,0.0,,0.0,normalDay
2021-07-09,11619.0,38.0,0.0,0,435.52,0.0,1,0.7,0.32,SPY210716P00418000,418.0,0,0.0,0.0,,0.0,normalDay
2021-07-12,11619.0,57.0,0.0,0,437.08,0.0,1,0.7,0.13,SPY210716P00418000,418.0,0,0.0,0.0,,0.0,normalDay
2021-07-13,11619.0,55.0,0.0,0,435.59,0.0,1,0.7,0.15,SPY210716P00418000,418.0,0,0.0,0.0,,0.0,normalDay
2021-07-14,11619.0,64.0,0.0,0,436.24,0.0,1,0.7,0.06,SPY210716P00418000,418.0,0,0.0,0.0,,0.0,normalDay
2021-07-15,11619.0,66.0,0.0,0,434.75,0.0,1,0.7,0.04,SPY210716P00418000,418.0,0,0.0,0.0,,0.0,normalDay
2021-07-16,11689.0,0.0,70.0,0,431.34,0.0,1,0.7,0.0,SPY210716P00418000,418.0,0,0.0,0.0,,0.0,expirationDay
2021-07-19,11689.0,-5.0,0.0,0,424.97,0.0,1,4.15,4.2,SPY210730P00421000,421.0,0,0.0,0.0,,0.0,normalDay
2021-07-20,11689.0,220.0,0.0,0,431.06,0.0,1,4.15,1.95,SPY210730P00421000,421.0,0,0.0,0.0,,0.0,normalDay
2021-07-21,11689.0,334.0,0.0,0,434.55,0.0,1,4.15,0.81,SPY210730P00421000,421.0,0,0.0,0.0,,0.0,normalDay
2021-07-22,11689.0,360.0,0.0,0,435.46,0.0,1,4.15,0.55,SPY210730P00421000,421.0,0,0.0,0.0,,0.0,normalDay
2021-07-23,11689.0,396.0,0.0,0,439.94,0.0,1,4.15,0.19,SPY210730P00421000,421.0,0,0.0,0.0,,0.0,normalDay
2021-07-26,11689.0,408.0,0.0,0,441.02,0.0,1,4.15,0.07,SPY210730P00421000,421.0,0,0.0,0.0,,0.0,normalDay
2021-07-27,11689.0,399.0,0.0,0,439.01,0.0,1,4.15,0.16,SPY210730P00421000,421.0,0,0.0,0.0,,0.0,normalDay
2021-07-28,11689.0,409.0,0.0,0,438.83,0.0,1,4.15,0.06,SPY210730P00421000,421.0,0,0.0,0.0,,0.0,normalDay
2021-07-29,11689.0,413.0,0.0,0,440.65,0.0,1,4.15,0.02,SPY210730P00421000,421.0,0,0.0,0.0,,0.0,normalDay
2021-07-30,12104.0,0.0,415.0,0,438.51,0.0,1,4.15,0.0,SPY210730P00421000,421.0,0,0.0,0.0,,0.0,expirationDay
2021-08-02,12104.0,-3.0,0.0,0,437.59,0.0,1,1.88,1.91,SPY210813P00429000,429.0,0,0.0,0.0,,0.0,normalDay
2021-08-03,12104.0,96.0,0.0,0,441.15,0.0,1,1.88,0.92,SPY210813P00429000,429.0,0,0.0,0.0,,0.0,normalDay
2021-08-04,12104.0,90.0,0.0,0,438.98,0.0,1,1.88,0.98,SPY210813P00429000,429.0,0,0.0,0.0,,0.0,normalDay
2021-08-05,12104.0,131.0,0.0,0,441.76,0.0,1,1.88,0.57,SPY210813P00429000,429.0,0,0.0,0.0,,0.0,normalDay
2021-08-06,12104.0,167.0,0.0,0,442.49,0.0,1,1.88,0.21,SPY210813P00429000,429.0,0,0.0,0.0,,0.0,normalDay
2021-08-09,12104.0,174.0,0.0,0,442.13,0.0,1,1.88,0.14,SPY210813P00429000,429.0,0,0.0,0.0,,0.0,normalDay
2021-08-10,12104.0,175.0,0.0,0,442.68,0.0,1,1.88,0.13,SPY210813P00429000,429.0,0,0.0,0.0,,0.0,normalDay
2021-08-11,12104.0,182.0,0.0,0,443.78,0.0,1,1.88,0.06,SPY210813P00429000,429.0,0,0.0,0.0,,0.0,normalDay
2021-08-12,12104.0,184.0,0.0,0,445.11,0.0,1,1.88,0.04,SPY210813P00429000,429.0,0,0.0,0.0,,0.0,normalDay
2021-08-13,12292.0,0.0,188.0,0,445.92,0.0,1,1.88,0.0,SPY210813P00429000,429.0,0,0.0,0.0,,0.0,expirationDay
2021-08-16,12292.0,-3.0,0.0,0,446.97,0.0,1,0.81,0.84,SPY210827P00434000,434.0,0,0.0,0.0,,0.0,normalDay
2021-08-17,12292.0,-77.0,0.0,0,444.04,0.0,1,0.81,1.58,SPY210827P00434000,434.0,0,0.0,0.0,,0.0,normalDay
2021-08-18,12292.0,-243.0,0.0,0,439.18,0.0,1,0.81,3.24,SPY210827P00434000,434.0,0,0.0,0.0,,0.0,normalDay
2021-08-19,12292.0,-185.0,0.0,0,439.86,0.0,1,0.81,2.66,SPY210827P00434000,434.0,0,0.0,0.0,,0.0,normalDay
2021-08-20,12292.0,-11.0,0.0,0,443.36,0.0,1,0.81,0.92,SPY210827P00434000,434.0,0,0.0,0.0,,0.0,normalDay
2021-08-23,12292.0,63.0,0.0,0,447.26,0.0,1,0.81,0.18,SPY210827P00434000,434.0,0,0.0,0.0,,0.0,normalDay
2021-08-24,12292.0,69.0,0.0,0,447.97,0.0,1,0.81,0.12,SPY210827P00434000,434.0,0,0.0,0.0,,0.0,normalDay
2021-08-25,12292.0,75.0,0.0,0,448.91,0.0,1,0.81,0.06,SPY210827P00434000,434.0,0,0.0,0.0,,0.0,normalDay
2021-08-26,12292.0,73.0,0.0,0,446.26,0.0,1,0.81,0.08,SPY210827P00434000,434.0,0,0.0,0.0,,0.0,normalDay
2021-08-27,12373.0,0.0,81.0,0,450.25,0.0,1,0.81,0.0,SPY210827P00434000,434.0,0,0.0,0.0,,0.0,expirationDay
2021-08-30,12373.0,-3.0,0.0,0,452.23,0.0,1,0.58,0.61,SPY210910P00438000,438.0,0,0.0,0.0,,0.0,normalDay
2021-08-31,12373.0,-6.0,0.0,0,451.56,0.0,1,0.58,0.64,SPY210910P00438000,438.0,0,0.0,0.0,,0.0,normalDay
2021-09-01,12373.0,12.0,0.0,0,451.8,0.0,1,0.58,0.46,SPY210910P00438000,438.0,0,0.0,0.0,,0.0,normalDay
2021-09-02,12373.0,16.0,0.0,0,453.19,0.0,1,0.58,0.42,SPY210910P00438000,438.0,0,0.0,0.0,,0.0,normalDay
2021-09-03,12373.0,34.0,0.0,0,453.08,0.0,1,0.58,0.24,SPY210910P00438000,438.0,0,0.0,0.0,,0.0,normalDay
2021-09-07,12373.0,42.0,0.0,0,451.46,0.0,1,0.58,0.16,SPY210910P00438000,438.0,0,0.0,0.0,,0.0,normalDay
2021-09-08,12373.0,49.0,0.0,0,450.91,0.0,1,0.58,0.09,SPY210910P00438000,438.0,0,0.0,0.0,,0.0,normalDay
2021-09-09,12373.0,52.0,0.0,0,448.98,0.0,1,0.58,0.06,SPY210910P00438000,438.0,0,0.0,0.0,,0.0,normalDay
2021-09-10,12431.0,0.0,58.0,0,445.44,0.0,1,0.58,0.0,SPY210910P00438000,438.0,0,0.0,0.0,,0.0,expirationDay
2021-09-13,12431.0,-3.0,0.0,0,446.58,0.0,1,3.18,3.21,SPY210924P00441000,441.0,0,0.0,0.0,,0.0,normalDay
2021-09-14,12431.0,-61.0,0.0,0,444.17,0.0,1,3.18,3.79,SPY210924P00441000,441.0,0,0.0,0.0,,0.0,normalDay
2021-09-15,12431.0,119.0,0.0,0,447.88,0.0,1,3.18,1.99,SPY210924P00441000,441.0,0,0.0,0.0,,0.0,normalDay
2021-09-16,12431.0,109.0,0.0,0,447.17,0.0,1,3.18,2.09,SPY210924P00441000,441.0,0,0.0,0.0,,0.0,normalDay
2021-09-17,12431.0,-72.0,0.0,0,441.4,0.0,1,3.18,3.9,SPY210924P00441000,441.0,0,0.0,0.0,,0.0,normalDay
2021-09-20,12431.0,-517.0,0.0,0,434.04,0.0,1,3.18,8.35,SPY210924P00441000,441.0,0,0.0,0.0,,0.0,normalDay
2021-09-21,12431.0,-511.0,0.0,0,433.63,0.0,1,3.18,8.29,SPY210924P00441000,441.0,0,0.0,0.0,,0.0,normalDay
2021-09-22,12431.0,-88.0,0.0,0,437.86,0.0,1,3.18,4.06,SPY210924P00441000,441.0,0,0.0,0.0,,0.0,normalDay
2021-09-23,12431.0,257.0,0.0,0,443.18,0.0,1,3.18,0.61,SPY210924P00441000,441.0,0,0.0,0.0,,0.0,normalDay
2021-09-24,12749.0,0.0,318.0,0,443.91,0.0,1,3.18,0.0,SPY210924P00441000,441.0,0,0.0,0.0,,0.0,expirationDay
2021-09-27,12749.0,-4.0,0.0,0,442.64,0.0,1,2.35,2.39,SPY211008P00436000,436.0,0,0.0,0.0,,0.0,normalDay
2021-09-28,12749.0,-415.0,0.0,0,433.72,0.0,1,2.35,6.5,SPY211008P00436000,436.0,0,0.0,0.0,,0.0,normalDay
2021-09-29,12749.0,-323.0,0.0,0,434.45,0.0,1,2.35,5.58,SPY211008P00436000,436.0,0,0.0,0.0,,0.0,normalDay
2021-09-30,12749.0,-600.0,0.0,0,429.14,0.0,1,2.35,8.35,SPY211008P00436000,436.0,0,0.0,0.0,,0.0,normalDay
2021-10-01,12749.0,-239.0,0.0,0,434.24,0.0,1,2.35,4.74,SPY211008P00436000,436.0,0,0.0,0.0,,0.0,normalDay
2021-10-04,12749.0,-587.0,0.0,0,428.64,0.0,1,2.35,8.22,SPY211008P00436000,436.0,0,0.0,0.0,,0.0,normalDay
2021-10-05,12749.0,-213.0,0.0,0,433.1,0.0,1,2.35,4.48,SPY211008P00436000,436.0,0,0.0,0.0,,0.0,normalDay
2021-10-06,12749.0,-92.0,0.0,0,434.9,0.0,1,2.35,3.27,SPY211008P00436000,436.0,0,0.0,0.0,,0.0,normalDay
2021-10-07,12749.0,160.0,0.0,0,438.66,0.0,1,2.35,0.75,SPY211008P00436000,436.0,0,0.0,0.0,,0.0,normalDay
2021-10-08,12984.0,0.0,235.0,0,437.86,0.0,1,2.35,0.0,SPY211008P00436000,436.0,0,0.0,0.0,,0.0,expirationDay
2021-10-11,12984.0,-4.0,0.0,0,434.69,0.0,1,3.25,3.29,SPY211022P00428000,428.0,0,0.0,0.0,,0.0,normalDay
2021-10-12,12984.0,-14.0,0.0,0,433.62,0.0,1,3.25,3.39,SPY211022P00428000,428.0,0,0.0,0.0,,0.0,normalDay
2021-10-13,12984.0,118.0,0.0,0,435.18,0.0,1,3.25,2.07,SPY211022P00428000,428.0,0,0.0,0.0,,0.0,normalDay
2021-10-14,12984.0,263.0,0.0,0,442.5,0.0,1,3.25,0.62,SPY211022P00428000,428.0,0,0.0,0.0,,0.0,normalDay
2021-10-15,12984.0,298.0,0.0,0,445.87,0.0,1,3.25,0.27,SPY211022P00428000,428.0,0,0.0,0.0,,0.0,normalDay
2021-10-18,12984.0,315.0,0.0,0,447.19,0.0,1,3.25,0.1,SPY211022P00428000,428.0,0,0.0,0.0,,0.0,normalDay
2021-10-19,12984.0,320.0,0.0,0,450.64,0.0,1,3.25,0.05,SPY211022P00428000,428.0,0,0.0,0.0,,0.0,normalDay
2021-10-20,12984.0,322.0,0.0,0,452.41,0.0,1,3.25,0.03,SPY211022P00428000,428.0,0,0.0,0.0,,0.0,normalDay
2021-10-21,12984.0,324.0,0.0,0,453.59,0.0,1,3.25,0.01,SPY211022P00428000,428.0,0,0.0,0.0,,0.0,normalDay
2021-10-22,13309.0,0.0,325.0,0,453.12,0.0,1,3.25,0.0,SPY211022P00428000,428.0,0,0.0,0.0,,0.0,expirationDay
2021-10-25,13309.0,-3.0,0.0,0,455.55,0.0,1,0.23,0.26,SPY211105P00425000,425.0,0,0.0,0.0,,0.0,normalDay
2021-10-26,13309.0,-5.0,0.0,0,455.96,0.0,1,0.23,0.28,SPY211105P00425000,425.0,0,0.0,0.0,,0.0,normalDay
2021-10-27,13309.0,-6.0,0.0,0,453.94,0.0,1,0.23,0.29,SPY211105P00425000,425.0,0,0.0,0.0,,0.0,normalDay
2021-10-28,13309.0,7.0,0.0,0,458.32,0.0,1,0.23,0.16,SPY211105P00425000,425.0,0,0.0,0.0,,0.0,normalDay
2021-10-29,13309.0,14.0,0.0,0,459.25,0.0,1,0.23,0.09,SPY211105P00425000,425.0,0,0.0,0.0,,0.0,normalDay
2021-11-01,13309.0,18.0,0.0,0,460.04,0.0,1,0.23,0.05,SPY211105P00425000,425.0,0,0.0,0.0,,0.0,normalDay
2021-11-02,13309.0,19.0,0.0,0,461.9,0.0,1,0.23,0.04,SPY211105P00425000,425.0,0,0.0,0.0,,0.0,normalDay
2021-11-03,13309.0,21.0,0.0,0,464.72,0.0,1,0.23,0.02,SPY211105P00425000,425.0,0,0.0,0.0,,0.0,normalDay
2021-11-04,13309.0,22.0,0.0,0,466.91,0.0,1,0.23,0.01,SPY211105P00425000,425.0,0,0.0,0.0,,0.0,normalDay
2021-11-05,13332.0,0.0,23.0,0,468.53,0.0,1,0.23,0.0,SPY211105P00425000,425.0,0,0.0,0.0,,0.0,expirationDay
2021-11-08,13332.0,-3.0,0.0,0,468.93,0.0,1,0.35,0.38,SPY211119P00437500,437.5,0,0.0,0.0,,0.0,normalDay
2021-11-09,13332.0,-3.0,0.0,0,467.38,0.0,1,0.35,0.38,SPY211119P00437500,437.5,0,0.0,0.0,,0.0,normalDay
2021-11-10,13332.0,-8.0,0.0,0,463.62,0.0,1,0.35,0.43,SPY211119P00437500,437.5,0,0.0,0.0,,0.0,normalDay
2021-11-11,13332.0,11.0,0.0,0,463.77,0.0,1,0.35,0.24,SPY211119P00437500,437.5,0,0.0,0.0,,0.0,normalDay
2021-11-12,13332.0,24.0,0.0,0,467.27,0.0,1,0.35,0.11,SPY211119P00437500,437.5,0,0.0,0.0,,0.0,normalDay
2021-11-15,13332.0,30.0,0.0,0,467.43,0.0,1,0.35,0.05,SPY211119P00437500,437.5,0,0.0,0.0,,0.0,normalDay
2021-11-16,13332.0,30.0,0.0,0,469.28,0.0,1,0.35,0.05,SPY211119P00437500,437.5,0,0.0,0.0,,0.0,normalDay
2021-11-17,13332.0,32.0,0.0,0,468.14,0.0,1,0.35,0.03,SPY211119P00437500,437.5,0,0.0,0.0,,0.0,normalDay
2021-11-18,13332.0,33.0,0.0,0,469.73,0.0,1,0.35,0.02,SPY211119P00437500,437.5,0,0.0,0.0,,0.0,normalDay
2021-11-19,13367.0,0.0,35.0,0,468.89,0.0,1,0.35,0.0,SPY211119P00437500,437.5,0,0.0,0.0,,0.0,expirationDay
2021-11-22,13367.0,-4.0,0.0,0,467.57,0.0,1,1.53,1.57,SPY211203P00456000,456.0,0,0.0,0.0,,0.0,normalDay
2021-11-23,13367.0,13.0,0.0,0,468.19,0.0,1,1.53,1.4,SPY211203P00456000,456.0,0,0.0,0.0,,0.0,normalDay
2021-11-24,13367.0,61.0,0.0,0,469.44,0.0,1,1.53,0.92,SPY211203P00456000,456.0,0,0.0,0.0,,0.0,normalDay
2021-11-26,13367.0,-449.0,0.0,0,458.97,0.0,1,1.53,6.02,SPY211203P00456000,456.0,0,0.0,0.0,,0.0,normalDay
2021-11-29,13367.0,25.0,0.0,0,464.6,0.0,1,1.53,1.28,SPY211203P00456000,456.0,0,0.0,0.0,,0.0,normalDay
2021-11-30,13367.0,-190.0,0.0,0,455.56,0.0,1,1.53,3.43,SPY211203P00456000,456.0,0,0.0,0.0,,0.0,normalDay
2021-12-01,13367.0,-600.0,0.0,0,450.5,0.0,1,1.53,7.53,SPY211203P00456000,456.0,0,0.0,0.0,,0.0,normalDay
2021-12-02,13367.0,-39.0,0.0,0,457.4,0.0,1,1.53,1.92,SPY211203P00456000,456.0,0,0.0,0.0,,0.0,normalDay
2021-12-03,13520.0,-258.0,153.0,100,453.42,456.0,1,1.53,0.0,SPY211203P00456000,456.0,0,0.0,0.0,,0.0,expirationDay
2021-12-06,13520.0,217.0,0.0,100,458.79,456.0,0,0.0,0.0,,0.0,1,16.6,17.22,SPY220630C00478000,478.0,normalDay
2021-12-07,13520.0,847.0,0.0,100,468.28,456.0,0,0.0,0.0,,0.0,1,16.6,20.41,SPY220630C00478000,478.0,normalDay
2021-12-08,13520.0,974.0,0.0,100,469.52,456.0,0,0.0,0.0,,0.0,1,16.6,20.38,SPY220630C00478000,478.0,normalDay
2021-12-09,13520.0,805.0,0.0,100,466.35,456.0,0,0.0,0.0,,0.0,1,16.6,18.9,SPY220630C00478000,478.0,normalDay
2021-12-10,13520.0,1083.0,0.0,100,470.74,456.0,0,0.0,0.0,,0.0,1,16.6,20.51,SPY220630C00478000,478.0,normalDay
2021-12-13,13520.0,841.0,0.0,100,466.57,456.0,0,0.0,0.0,,0.0,1,16.6,18.76,SPY220630C00478000,478.0,normalDay
2021-12-14,13520.0,635.0,0.0,100,463.36,456.0,0,0.0,0.0,,0.0,1,16.6,17.61,SPY220630C00478000,478.0,normalDay
2021-12-15,13520.0,1064.0,0.0,100,470.6,456.0,0,0.0,0.0,,0.0,1,16.6,20.56,SPY220630C00478000,478.0,normalDay
2021-12-16,13520.0,790.0,0.0,100,466.45,456.0,0,0.0,0.0,,0.0,1,16.6,19.15,SPY220630C00478000,478.0,normalDay
2021-12-17,13520.0,350.0,0.0,100,459.87,456.0,0,0.0,0.0,,0.0,1,16.6,16.97,SPY220630C00478000,478.0,normalDay
2021-12-20,13520.0,111.0,0.0,100,454.98,456.0,0,0.0,0.0,,0.0,1,16.6,14.47,SPY220630C00478000,478.0,normalDay
2021-12-21,13520.0,605.0,0.0,100,463.06,456.0,0,0.0,0.0,,0.0,1,16.6,17.61,SPY220630C00478000,478.0,normalDay
2021-12-22,13520.0,903.0,0.0,100,467.69,456.0,0,0.0,0.0,,0.0,1,16.6,19.26,SPY220630C00478000,478.0,normalDay
2021-12-23,13520.0,1043.0,0.0,100,470.6,456.0,0,0.0,0.0,,0.0,1,16.6,20.77,SPY220630C00478000,478.0,normalDay
2021-12-27,13520.0,1376.0,0.0,100,477.26,456.0,0,0.0,0.0,,0.0,1,16.6,24.1,SPY220630C00478000,478.0,normalDay
2021-12-28,13520.0,1366.0,0.0,100,476.87,456.0,0,0.0,0.0,,0.0,1,16.6,23.81,SPY220630C00478000,478.0,normalDay
2021-12-29,13520.0,1440.0,0.0,100,477.48,456.0,0,0.0,0.0,,0.0,1,16.6,23.68,SPY220630C00478000,478.0,normalDay
2021-12-30,13520.0,1414.0,0.0,100,476.16,456.0,0,0.0,0.0,,0.0,1,16.6,22.62,SPY220630C00478000,478.0,normalDay
2021-12-31,13520.0,1387.0,0.0,100,474.96,456.0,0,0.0,0.0,,0.0,1,16.6,21.69,SPY220630C00478000,478.0,normalDay
2022-01-03,13520.0,1548.0,0.0,100,477.71,456.0,0,0.0,0.0,,0.0,1,16.6,22.83,SPY220630C00478000,478.0,normalDay
2022-01-04,13520.0,1545.0,0.0,100,477.55,456.0,0,0.0,0.0,,0.0,1,16.6,22.7,SPY220630C00478000,478.0,normalDay
2022-01-05,13520.0,1057.0,0.0,100,468.38,456.0,0,0.0,0.0,,0.0,1,16.6,18.41,SPY220630C00478000,478.0,normalDay
2022-01-06,13520.0,1045.0,0.0,100,467.94,456.0,0,0.0,0.0,,0.0,1,16.6,18.09,SPY220630C00478000,478.0,normalDay
2022-01-07,13520.0,993.0,0.0,100,466.09,456.0,0,0.0,0.0,,0.0,1,16.6,16.76,SPY220630C00478000,478.0,normalDay
2022-01-10,13520.0,1032.0,0.0,100,465.51,456.0,0,0.0,0.0,,0.0,1,16.6,15.79,SPY220630C00478000,478.0,normalDay
2022-01-11,13520.0,1275.0,0.0,100,469.75,456.0,0,0.0,0.0,,0.0,1,16.6,17.6,SPY220630C00478000,478.0,normalDay
2022-01-12,13520.0,1328.0,0.0,100,471.02,456.0,0,0.0,0.0,,0.0,1,16.6,18.34,SPY220630C00478000,478.0,normalDay
2022-01-13,13520.0,972.0,0.0,100,464.53,456.0,0,0.0,0.0,,0.0,1,16.6,15.41,SPY220630C00478000,478.0,normalDay
2022-01-14,13520.0,1022.0,0.0,100,464.72,456.0,0,0.0,0.0,,0.0,1,16.6,15.1,SPY220630C00478000,478.0,normalDay
2022-01-18,13520.0,508.0,0.0,100,456.49,456.0,0,0.0,0.0,,0.0,1,16.6,12.01,SPY220630C00478000,478.0,normalDay
2022-01-19,13520.0,219.0,0.0,100,451.75,456.0,0,0.0,0.0,,0.0,1,16.6,10.16,SPY220630C00478000,478.0,normalDay
2022-01-20,13520.0,-158.0,0.0,100,446.75,456.0,0,0.0,0.0,,0.0,1,16.6,8.93,SPY220630C00478000,478.0,normalDay
2022-01-21,13520.0,-844.0,0.0,100,437.98,456.0,0,0.0,0.0,,0.0,1,16.6,7.02,SPY220630C00478000,478.0,normalDay
2022-01-24,13520.0,-658.0,0.0,100,439.84,456.0,0,0.0,0.0,,0.0,1,16.6,7.02,SPY220630C00478000,478.0,normalDay
2022-01-25,13520.0,-1043.0,0.0,100,434.47,456.0,0,0.0,0.0,,0.0,1,16.6,5.5,SPY220630C00478000,478.0,normalDay
2022-01-26,13520.0,-1188.0,0.0,100,433.38,456.0,0,0.0,0.0,,0.0,1,16.6,5.86,SPY220630C00478000,478.0,normalDay
2022-01-27,13520.0,-1314.0,0.0,100,431.24,456.0,0,0.0,0.0,,0.0,1,16.6,4.98,SPY220630C00478000,478.0,normalDay
2022-01-28,13520.0,-429.0,0.0,100,441.95,456.0,0,0.0,0.0,,0.0,1,16.6,6.84,SPY220630C00478000,478.0,normalDay
2022-01-31,13520.0,208.0,0.0,100,449.91,456.0,0,0.0,0.0,,0.0,1,16.6,8.43,SPY220630C00478000,478.0,normalDay
2022-02-01,13520.0,471.0,0.0,100,452.95,456.0,0,0.0,0.0,,0.0,1,16.6,8.84,SPY220630C00478000,478.0,normalDay
2022-02-02,13520.0,818.0,0.0,100,457.35,456.0,0,0.0,0.0,,0.0,1,16.6,9.77,SPY220630C00478000,478.0,normalDay
2022-02-03,13520.0,-147.0,0.0,100,446.6,456.0,0,0.0,0.0,,0.0,1,16.6,8.67,SPY220630C00478000,478.0,normalDay
2022-02-04,13520.0,139.0,0.0,100,448.7,456.0,0,0.0,0.0,,0.0,1,16.6,7.91,SPY220630C00478000,478.0,normalDay
2022-02-07,13520.0,32.0,0.0,100,447.26,456.0,0,0.0,0.0,,0.0,1,16.6,7.54,SPY220630C00478000,478.0,normalDay
2022-02-08,13520.0,342.0,0.0,100,450.94,456.0,0,0.0,0.0,,0.0,1,16.6,8.12,SPY220630C00478000,478.0,normalDay
2022-02-09,13520.0,831.0,0.0,100,457.54,456.0,0,0.0,0.0,,0.0,1,16.6,9.83,SPY220630C00478000,478.0,normalDay
2022-02-10,13520.0,229.0,0.0,100,449.32,456.0,0,0.0,0.0,,0.0,1,16.6,7.63,SPY220630C00478000,478.0,normalDay
2022-02-11,13520.0,-493.0,0.0,100,440.46,456.0,0,0.0,0.0,,0.0,1,16.6,5.99,SPY220630C00478000,478.0,normalDay
2022-02-14,13520.0,-585.0,0.0,100,439.02,456.0,0,0.0,0.0,,0.0,1,16.6,5.47,SPY220630C00478000,478.0,normalDay
2022-02-15,13520.0,42.0,0.0,100,446.1,456.0,0,0.0,0.0,,0.0,1,16.6,6.28,SPY220630C00478000,478.0,normalDay
2022-02-16,13520.0,105.0,0.0,100,446.6,456.0,0,0.0,0.0,,0.0,1,16.6,6.15,SPY220630C00478000,478.0,normalDay
2022-02-17,13520.0,-691.0,0.0,100,437.06,456.0,0,0.0,0.0,,0.0,1,16.6,4.57,SPY220630C00478000,478.0,normalDay
2022-02-18,13520.0,-917.0,0.0,100,434.23,456.0,0,0.0,0.0,,0.0,1,16.6,4.0,SPY220630C00478000,478.0,normalDay
2022-02-22,13520.0,-1329.0,0.0,100,429.57,456.0,0,0.0,0.0,,0.0,1,16.6,3.46,SPY220630C00478000,478.0,normalDay
2022-02-23,13520.0,-1996.0,0.0,100,421.95,456.0,0,0.0,0.0,,0.0,1,16.6,2.51,SPY220630C00478000,478.0,normalDay
2022-02-24,13520.0,-1409.0,0.0,100,428.3,456.0,0,0.0,0.0,,0.0,1,16.6,2.99,SPY220630C00478000,478.0,normalDay
2022-02-25,13520.0,-603.0,0.0,100,437.75,456.0,0,0.0,0.0,,0.0,1,16.6,4.38,SPY220630C00478000,478.0,normalDay
2022-02-28,13520.0,-728.0,0.0,100,436.63,456.0,0,0.0,0.0,,0.0,1,16.6,4.51,SPY220630C00478000,478.0,normalDay
2022-03-01,13520.0,-1343.0,0.0,100,429.98,456.0,0,0.0,0.0,,0.0,1,16.6,4.01,SPY220630C00478000,478.0,normalDay
2022-03-02,13520.0,-629.0,0.0,100,437.89,456.0,0,0.0,0.0,,0.0,1,16.6,4.78,SPY220630C00478000,478.0,normalDay
2022-03-03,13520.0,-800.0,0.0,100,435.71,456.0,0,0.0,0.0,,0.0,1,16.6,4.31,SPY220630C00478000,478.0,normalDay
2022-03-04,13520.0,-1100.0,0.0,100,432.17,456.0,0,0.0,0.0,,0.0,1,16.6,3.77,SPY220630C00478000,478.0,normalDay
2022-03-07,13520.0,-2245.0,0.0,100,419.43,456.0,0,0.0,0.0,,0.0,1,16.6,2.48,SPY220630C00478000,478.0,normalDay
2022-03-08,13520.0,-2509.0,0.0,100,416.25,456.0,0,0.0,0.0,,0.0,1,16.6,1.94,SPY220630C00478000,478.0,normalDay
2022-03-09,13520.0,-1525.0,0.0,100,427.41,456.0,0,0.0,0.0,,0.0,1,16.6,3.26,SPY220630C00478000,478.0,normalDay
2022-03-10,13520.0,-1640.0,0.0,100,425.48,456.0,0,0.0,0.0,,0.0,1,16.6,2.48,SPY220630C00478000,478.0,normalDay
2022-03-11,13520.0,-2121.0,0.0,100,420.07,456.0,0,0.0,0.0,,0.0,1,16.6,1.88,SPY220630C00478000,478.0,normalDay
2022-03-14,13520.0,-2408.0,0.0,100,417.0,456.0,0,0.0,0.0,,0.0,1,16.6,1.68,SPY220630C00478000,478.0,normalDay
2022-03-15,13520.0,-1556.0,0.0,100,426.17,456.0,0,0.0,0.0,,0.0,1,16.6,2.33,SPY220630C00478000,478.0,normalDay
2022-03-16,13520.0,-676.0,0.0,100,435.62,456.0,0,0.0,0.0,,0.0,1,16.6,2.98,SPY220630C00478000,478.0,normalDay
2022-03-17,13520.0,-170.0,0.0,100,441.07,456.0,0,0.0,0.0,,0.0,1,16.6,3.37,SPY220630C00478000,478.0,normalDay
2022-03-18,13520.0,117.0,0.0,100,444.52,456.0,0,0.0,0.0,,0.0,1,16.6,3.95,SPY220630C00478000,478.0,normalDay
2022-03-21,13520.0,131.0,0.0,100,444.39,456.0,0,0.0,0.0,,0.0,1,16.6,3.68,SPY220630C00478000,478.0,normalDay
2022-03-22,13520.0,547.0,0.0,100,449.59,456.0,0,0.0,0.0,,0.0,1,16.6,4.72,SPY220630C00478000,478.0,normalDay
2022-03-23,13520.0,106.0,0.0,100,443.8,456.0,0,0.0,0.0,,0.0,1,16.6,3.34,SPY220630C00478000,478.0,normalDay
2022-03-24,13520.0,651.0,0.0,100,450.49,456.0,0,0.0,0.0,,0.0,1,16.6,4.58,SPY220630C00478000,478.0,normalDay
2022-03-25,13520.0,836.0,0.0,100,452.69,456.0,0,0.0,0.0,,0.0,1,16.6,4.93,SPY220630C00478000,478.0,normalDay
2022-03-28,13520.0,1099.0,0.0,100,455.91,456.0,0,0.0,0.0,,0.0,1,16.6,5.52,SPY220630C00478000,478.0,normalDay
2022-03-29,13520.0,1511.0,0.0,100,461.55,456.0,0,0.0,0.0,,0.0,1,16.6,7.04,SPY220630C00478000,478.0,normalDay
2022-03-30,13520.0,1288.0,0.0,100,458.7,456.0,0,0.0,0.0,,0.0,1,16.6,6.42,SPY220630C00478000,478.0,normalDay
2022-03-31,13520.0,758.0,0.0,100,451.64,456.0,0,0.0,0.0,,0.0,1,16.6,4.66,SPY220630C00478000,478.0,normalDay
2022-04-01,13520.0,931.0,0.0,100,452.92,456.0,0,0.0,0.0,,0.0,1,16.6,4.21,SPY220630C00478000,478.0,normalDay
2022-04-04,13520.0,1263.0,0.0,100,456.8,456.0,0,0.0,0.0,,0.0,1,16.6,4.77,SPY220630C00478000,478.0,normalDay
2022-04-05,13520.0,787.0,0.0,100,451.03,456.0,0,0.0,0.0,,0.0,1,16.6,3.76,SPY220630C00478000,478.0,normalDay
2022-04-06,13520.0,435.0,0.0,100,446.52,456.0,0,0.0,0.0,,0.0,1,16.6,2.77,SPY220630C00478000,478.0,normalDay
2022-04-07,13520.0,626.0,0.0,100,448.77,456.0,0,0.0,0.0,,0.0,1,16.6,3.11,SPY220630C00478000,478.0,normalDay
2022-04-08,13520.0,544.0,0.0,100,447.57,456.0,0,0.0,0.0,,0.0,1,16.6,2.73,SPY220630C00478000,478.0,normalDay
2022-04-11,13520.0,-120.0,0.0,100,439.92,456.0,0,0.0,0.0,,0.0,1,16.6,1.72,SPY220630C00478000,478.0,normalDay
2022-04-12,13520.0,-266.0,0.0,100,438.29,456.0,0,0.0,0.0,,0.0,1,16.6,1.55,SPY220630C00478000,478.0,normalDay
2022-04-13,13520.0,212.0,0.0,100,443.31,456.0,0,0.0,0.0,,0.0,1,16.6,1.79,SPY220630C00478000,478.0,normalDay
2022-04-14,13520.0,-289.0,0.0,100,437.79,456.0,0,0.0,0.0,,0.0,1,16.6,1.28,SPY220630C00478000,478.0,normalDay
2022-04-18,13520.0,-261.0,0.0,100,437.97,456.0,0,0.0,0.0,,0.0,1,16.6,1.18,SPY220630C00478000,478.0,normalDay
2022-04-19,13520.0,408.0,0.0,100,445.04,456.0,0,0.0,0.0,,0.0,1,16.6,1.56,SPY220630C00478000,478.0,normalDay
2022-04-20,13520.0,360.0,0.0,100,444.71,456.0,0,0.0,0.0,,0.0,1,16.6,1.71,SPY220630C00478000,478.0,normalDay
2022-04-21,13520.0,-237.0,0.0,100,438.06,456.0,0,0.0,0.0,,0.0,1,16.6,1.03,SPY220630C00478000,478.0,normalDay
2022-04-22,13520.0,-1389.0,0.0,100,426.04,456.0,0,0.0,0.0,,0.0,1,16.6,0.53,SPY220630C00478000,478.0,normalDay
2022-04-25,13520.0,-1141.0,0.0,100,428.51,456.0,0,0.0,0.0,,0.0,1,16.6,0.52,SPY220630C00478000,478.0,normalDay
2022-04-26,13520.0,-2359.0,0.0,100,416.1,456.0,0,0.0,0.0,,0.0,1,16.6,0.29,SPY220630C00478000,478.0,normalDay
2022-04-27,13520.0,-2244.0,0.0,100,417.27,456.0,0,0.0,0.0,,0.0,1,16.6,0.31,SPY220630C00478000,478.0,normalDay
2022-04-28,13520.0,-1212.0,0.0,100,427.81,456.0,0,0.0,0.0,,0.0,1,16.6,0.53,SPY220630C00478000,478.0,normalDay
2022-04-29,13520.0,-2768.0,0.0,100,412.0,456.0,0,0.0,0.0,,0.0,1,16.6,0.28,SPY220630C00478000,478.0,normalDay
2022-05-02,13520.0,-2524.0,0.0,100,414.48,456.0,0,0.0,0.0,,0.0,1,16.6,0.32,SPY220630C00478000,478.0,normalDay
2022-05-03,13520.0,-2326.0,0.0,100,416.38,456.0,0,0.0,0.0,,0.0,1,16.6,0.24,SPY220630C00478000,478.0,normalDay
2022-05-04,13520.0,-1075.0,0.0,100,429.06,456.0,0,0.0,0.0,,0.0,1,16.6,0.41,SPY220630C00478000,478.0,normalDay
2022-05-05,13520.0,-2581.0,0.0,100,413.81,456.0,0,0.0,0.0,,0.0,1,16.6,0.22,SPY220630C00478000,478.0,normalDay
2022-05-06,13520.0,-2822.0,0.0,100,411.34,456.0,0,0.0,0.0,,0.0,1,16.6,0.16,SPY220630C00478000,478.0,normalDay
2022-05-09,13520.0,-4136.0,0.0,100,398.17,456.0,0,0.0,0.0,,0.0,1,16.6,0.13,SPY220630C00478000,478.0,normalDay
2022-05-10,13520.0,-4040.0,0.0,100,399.09,456.0,0,0.0,0.0,,0.0,1,16.6,0.09,SPY220630C00478000,478.0,normalDay
2022-05-11,13520.0,-4673.0,0.0,100,392.75,456.0,0,0.0,0.0,,0.0,1,16.6,0.08,SPY220630C00478000,478.0,normalDay
2022-05-12,13520.0,-4714.0,0.0,100,392.34,456.0,0,0.0,0.0,,0.0,1,16.6,0.08,SPY220630C00478000,478.0,normalDay
2022-05-13,13520.0,-3775.0,0.0,100,401.72,456.0,0,0.0,0.0,,0.0,1,16.6,0.07,SPY220630C00478000,478.0,normalDay
2022-05-16,13520.0,-3936.0,0.0,100,400.09,456.0,0,0.0,0.0,,0.0,1,16.6,0.05,SPY220630C00478000,478.0,normalDay
2022-05-17,13520.0,-3113.0,0.0,100,408.32,456.0,0,0.0,0.0,,0.0,1,16.6,0.05,SPY220630C00478000,478.0,normalDay
2022-05-18,13520.0,-4757.0,0.0,100,391.86,456.0,0,0.0,0.0,,0.0,1,16.6,0.03,SPY220630C00478000,478.0,normalDay
2022-05-19,13520.0,-4997.0,0.0,100,389.46,456.0,0,0.0,0.0,,0.0,1,16.6,0.03,SPY220630C00478000,478.0,normalDay
2022-05-20,13520.0,-4981.0,0.0,100,389.63,456.0,0,0.0,0.0,,0.0,1,16.6,0.04,SPY220630C00478000,478.0,normalDay
2022-05-23,13520.0,-4253.0,0.0,100,396.92,456.0,0,0.0,0.0,,0.0,1,16.6,0.05,SPY220630C00478000,478.0,normalDay
2022-05-24,13520.0,-4556.0,0.0,100,393.89,456.0,0,0.0,0.0,,0.0,1,16.6,0.05,SPY220630C00478000,478.0,normalDay
2022-05-25,13520.0,-4208.0,0.0,100,397.37,456.0,0,0.0,0.0,,0.0,1,16.6,0.05,SPY220630C00478000,478.0,normalDay
2022-05-26,13520.0,-3415.0,0.0,100,405.31,456.0,0,0.0,0.0,,0.0,1,16.6,0.06,SPY220630C00478000,478.0,normalDay
2022-05-27,13520.0,-2423.0,0.0,100,415.26,456.0,0,0.0,0.0,,0.0,1,16.6,0.09,SPY220630C00478000,478.0,normalDay
2022-05-31,13520.0,-2653.0,0.0,100,412.93,456.0,0,0.0,0.0,,0.0,1,16.6,0.06,SPY220630C00478000,478.0,normalDay
2022-06-01,13520.0,-2985.0,0.0,100,409.59,456.0,0,0.0,0.0,,0.0,1,16.6,0.04,SPY220630C00478000,478.0,normalDay
2022-06-02,13520.0,-2206.0,0.0,100,417.39,456.0,0,0.0,0.0,,0.0,1,16.6,0.05,SPY220630C00478000,478.0,normalDay
2022-06-03,13520.0,-2890.0,0.0,100,410.54,456.0,0,0.0,0.0,,0.0,1,16.6,0.04,SPY220630C00478000,478.0,normalDay
2022-06-06,13520.0,-2764.0,0.0,100,411.79,456.0,0,0.0,0.0,,0.0,1,16.6,0.03,SPY220630C00478000,478.0,normalDay
2022-06-07,13520.0,-2369.0,0.0,100,415.74,456.0,0,0.0,0.0,,0.0,1,16.6,0.03,SPY220630C00478000,478.0,normalDay
2022-06-08,13520.0,-2821.0,0.0,100,411.22,456.0,0,0.0,0.0,,0.0,1,16.6,0.03,SPY220630C00478000,478.0,normalDay
2022-06-09,13520.0,-3798.0,0.0,100,401.44,456.0,0,0.0,0.0,,0.0,1,16.6,0.02,SPY220630C00478000,478.0,normalDay
2022-06-10,13520.0,-4962.0,0.0,100,389.8,456.0,0,0.0,0.0,,0.0,1,16.6,0.02,SPY220630C00478000,478.0,normalDay
2022-06-13,13520.0,-6442.0,0.0,100,375.0,456.0,0,0.0,0.0,,0.0,1,16.6,0.02,SPY220630C00478000,478.0,normalDay
2022-06-14,13520.0,-6555.0,0.0,100,373.87,456.0,0,0.0,0.0,,0.0,1,16.6,0.02,SPY220630C00478000,478.0,normalDay
2022-06-15,13520.0,-6022.0,0.0,100,379.2,456.0,0,0.0,0.0,,0.0,1,16.6,0.02,SPY220630C00478000,478.0,normalDay
2022-06-16,13520.0,-7276.0,0.0,100,366.65,456.0,0,0.0,0.0,,0.0,1,16.6,0.01,SPY220630C00478000,478.0,normalDay
2022-06-17,13520.0,-7355.0,0.0,100,365.86,456.0,0,0.0,0.0,,0.0,1,16.6,0.01,SPY220630C00478000,478.0,normalDay
2022-06-21,13520.0,-6434.0,0.0,100,375.07,456.0,0,0.0,0.0,,0.0,1,16.6,0.01,SPY220630C00478000,478.0,normalDay
2022-06-22,13520.0,-6502.0,0.0,100,374.39,456.0,0,0.0,0.0,,0.0,1,16.6,0.01,SPY220630C00478000,478.0,normalDay
2022-06-23,13520.0,-6135.0,0.0,100,378.06,456.0,0,0.0,0.0,,0.0,1,16.6,0.01,SPY220630C00478000,478.0,normalDay
2022-06-24,13520.0,-4933.0,0.0,100,390.08,456.0,0,0.0,0.0,,0.0,1,16.6,0.01,SPY220630C00478000,478.0,normalDay
2022-06-27,13520.0,-5082.0,0.0,100,388.59,456.0,0,0.0,0.0,,0.0,1,16.6,0.01,SPY220630C00478000,478.0,normalDay
2022-06-28,13520.0,-5876.0,0.0,100,380.65,456.0,0,0.0,0.0,,0.0,1,16.6,0.01,SPY220630C00478000,478.0,normalDay
2022-06-29,13520.0,-5907.0,0.0,100,380.34,456.0,0,0.0,0.0,,0.0,1,16.6,0.01,SPY220630C00478000,478.0,normalDay
2022-06-30,15180.0,-7875.0,1660.0,100,377.25,456.0,0,0.0,0.0,,0.0,1,16.6,0.0,SPY220630C00478000,478.0,expirationDay
2022-07-01,15180.0,-7488.0,0.0,100,381.24,456.0,0,0.0,0.0,,0.0,1,8.97,9.09,SPY230120C00425000,425.0,normalDay
2022-07-05,15180.0,-7404.0,0.0,100,381.96,456.0,0,0.0,0.0,,0.0,1,8.97,8.97,SPY230120C00425000,425.0,normalDay
2022-07-06,15180.0,-7339.0,0.0,100,383.25,456.0,0,0.0,0.0,,0.0,1,8.97,9.61,SPY230120C00425000,425.0,normalDay
2022-07-07,15180.0,-6927.0,0.0,100,388.99,456.0,0,0.0,0.0,,0.0,1,8.97,11.23,SPY230120C00425000,425.0,normalDay
2022-07-08,15180.0,-6946.0,0.0,100,388.67,456.0,0,0.0,0.0,,0.0,1,8.97,11.1,SPY230120C00425000,425.0,normalDay
2022-07-11,15180.0,-7244.0,0.0,100,384.23,456.0,0,0.0,0.0,,0.0,1,8.97,9.64,SPY230120C00425000,425.0,normalDay
2022-07-12,15180.0,-7453.0,0.0,100,380.83,456.0,0,0.0,0.0,,0.0,1,8.97,8.33,SPY230120C00425000,425.0,normalDay
2022-07-13,15180.0,-7594.0,0.0,100,378.83,456.0,0,0.0,0.0,,0.0,1,8.97,7.74,SPY230120C00425000,425.0,normalDay
2022-07-14,15180.0,-7671.0,0.0,100,377.91,456.0,0,0.0,0.0,,0.0,1,8.97,7.59,SPY230120C00425000,425.0,normalDay
2022-07-15,15180.0,-7100.0,0.0,100,385.13,456.0,0,0.0,0.0,,0.0,1,8.97,9.1,SPY230120C00425000,425.0,normalDay
2022-07-18,15180.0,-7336.0,0.0,100,381.95,456.0,0,0.0,0.0,,0.0,1,8.97,8.28,SPY230120C00425000,425.0,normalDay
2022-07-19,15180.0,-6669.0,0.0,100,392.27,456.0,0,0.0,0.0,,0.0,1,8.97,11.93,SPY230120C00425000,425.0,normalDay
2022-07-20,15180.0,-6501.0,0.0,100,394.77,456.0,0,0.0,0.0,,0.0,1,8.97,12.75,SPY230120C00425000,425.0,normalDay
2022-07-21,15180.0,-6212.0,0.0,100,398.79,456.0,0,0.0,0.0,,0.0,1,8.97,13.88,SPY230120C00425000,425.0,normalDay
2022-07-22,15180.0,-6411.0,0.0,100,395.09,456.0,0,0.0,0.0,,0.0,1,8.97,12.17,SPY230120C00425000,425.0,normalDay
2022-07-25,15180.0,-6391.0,0.0,100,395.57,456.0,0,0.0,0.0,,0.0,1,8.97,12.45,SPY230120C00425000,425.0,normalDay
2022-07-26,15180.0,-6711.0,0.0,100,390.89,456.0,0,0.0,0.0,,0.0,1,8.97,10.97,SPY230120C00425000,425.0,normalDay
2022-07-27,15180.0,-5983.0,0.0,100,401.04,456.0,0,0.0,0.0,,0.0,1,8.97,13.84,SPY230120C00425000,425.0,normalDay
2022-07-28,15180.0,-5746.0,0.0,100,406.07,456.0,0,0.0,0.0,,0.0,1,8.97,16.5,SPY230120C00425000,425.0,normalDay
2022-07-29,15180.0,-5370.0,0.0,100,411.99,456.0,0,0.0,0.0,,0.0,1,8.97,18.66,SPY230120C00425000,425.0,normalDay
2022-08-01,15180.0,-5474.0,0.0,100,410.77,456.0,0,0.0,0.0,,0.0,1,8.97,18.48,SPY230120C00425000,425.0,normalDay
2022-08-02,15180.0,-5642.0,0.0,100,408.06,456.0,0,0.0,0.0,,0.0,1,8.97,17.45,SPY230120C00425000,425.0,normalDay
2022-08-03,15180.0,-5240.0,0.0,100,414.45,456.0,0,0.0,0.0,,0.0,1,8.97,19.82,SPY230120C00425000,425.0,normalDay
2022-08-04,15180.0,-5281.0,0.0,100,414.17,456.0,0,0.0,0.0,,0.0,1,8.97,19.95,SPY230120C00425000,425.0,normalDay
2022-08-05,15180.0,-5273.0,0.0,100,413.47,456.0,0,0.0,0.0,,0.0,1,8.97,19.17,SPY230120C00425000,425.0,normalDay
2022-08-08,15180.0,-5324.0,0.0,100,412.99,456.0,0,0.0,0.0,,0.0,1,8.97,19.2,SPY230120C00425000,425.0,normalDay
2022-08-09,15180.0,-5406.0,0.0,100,411.35,456.0,0,0.0,0.0,,0.0,1,8.97,18.38,SPY230120C00425000,425.0,normalDay
2022-08-10,15180.0,-4899.0,0.0,100,419.99,456.0,0,0.0,0.0,,0.0,1,8.97,21.95,SPY230120C00425000,425.0,normalDay
2022-08-11,15180.0,-4957.0,0.0,100,419.99,456.0,0,0.0,0.0,,0.0,1,8.97,22.53,SPY230120C00425000,425.0,normalDay
2022-08-12,15180.0,-4590.0,0.0,100,427.1,456.0,0,0.0,0.0,,0.0,1,8.97,25.97,SPY230120C00425000,425.0,normalDay
2022-08-15,15180.0,-4512.0,0.0,100,428.86,456.0,0,0.0,0.0,,0.0,1,8.97,26.95,SPY230120C00425000,425.0,normalDay
2022-08-16,15180.0,-4470.0,0.0,100,429.7,456.0,0,0.0,0.0,,0.0,1,8.97,27.37,SPY230120C00425000,425.0,normalDay
2022-08-17,15180.0,-4631.0,0.0,100,426.65,456.0,0,0.0,0.0,,0.0,1,8.97,25.93,SPY230120C00425000,425.0,normalDay
2022-08-18,15180.0,-4532.0,0.0,100,427.89,456.0,0,0.0,0.0,,0.0,1,8.97,26.18,SPY230120C00425000,425.0,normalDay
2022-08-19,15180.0,-4787.0,0.0,100,422.14,456.0,0,0.0,0.0,,0.0,1,8.97,22.98,SPY230120C00425000,425.0,normalDay
2022-08-22,15180.0,-5254.0,0.0,100,413.35,456.0,0,0.0,0.0,,0.0,1,8.97,18.86,SPY230120C00425000,425.0,normalDay
2022-08-23,15180.0,-5250.0,0.0,100,412.35,456.0,0,0.0,0.0,,0.0,1,8.97,17.82,SPY230120C00425000,425.0,normalDay
2022-08-24,15180.0,-5148.0,0.0,100,413.67,456.0,0,0.0,0.0,,0.0,1,8.97,18.12,SPY230120C00425000,425.0,normalDay
2022-08-25,15180.0,-4812.0,0.0,100,419.51,456.0,0,0.0,0.0,,0.0,1,8.97,20.6,SPY230120C00425000,425.0,normalDay
2022-08-26,15180.0,-5599.0,0.0,100,405.31,456.0,0,0.0,0.0,,0.0,1,8.97,14.27,SPY230120C00425000,425.0,normalDay
2022-08-29,15180.0,-5744.0,0.0,100,402.63,456.0,0,0.0,0.0,,0.0,1,8.97,13.04,SPY230120C00425000,425.0,normalDay
2022-08-30,15180.0,-5998.0,0.0,100,398.21,456.0,0,0.0,0.0,,0.0,1,8.97,11.16,SPY230120C00425000,425.0,normalDay
2022-08-31,15180.0,-6165.0,0.0,100,395.18,456.0,0,0.0,0.0,,0.0,1,8.97,9.8,SPY230120C00425000,425.0,normalDay
2022-09-01,15180.0,-6055.0,0.0,100,396.42,456.0,0,0.0,0.0,,0.0,1,8.97,9.94,SPY230120C00425000,425.0,normalDay
2022-09-02,15180.0,-6340.0,0.0,100,392.24,456.0,0,0.0,0.0,,0.0,1,8.97,8.61,SPY230120C00425000,425.0,normalDay
2022-09-06,15180.0,-6420.0,0.0,100,390.76,456.0,0,0.0,0.0,,0.0,1,8.97,7.93,SPY230120C00425000,425.0,normalDay
2022-09-07,15180.0,-5911.0,0.0,100,397.78,456.0,0,0.0,0.0,,0.0,1,8.97,9.86,SPY230120C00425000,425.0,normalDay
2022-09-08,15180.0,-5740.0,0.0,100,400.38,456.0,0,0.0,0.0,,0.0,1,8.97,10.75,SPY230120C00425000,425.0,normalDay
2022-09-09,15180.0,-5329.0,0.0,100,406.6,456.0,0,0.0,0.0,,0.0,1,8.97,12.86,SPY230120C00425000,425.0,normalDay
2022-09-12,15180.0,-5120.0,0.0,100,410.97,456.0,0,0.0,0.0,,0.0,1,8.97,15.14,SPY230120C00425000,425.0,normalDay
2022-09-13,15180.0,-6283.0,0.0,100,393.1,456.0,0,0.0,0.0,,0.0,1,8.97,8.9,SPY230120C00425000,425.0,normalDay
2022-09-14,15180.0,-6127.0,0.0,100,394.6,456.0,0,0.0,0.0,,0.0,1,8.97,8.84,SPY230120C00425000,425.0,normalDay
2022-09-15,15180.0,-6450.0,0.0,100,390.12,456.0,0,0.0,0.0,,0.0,1,8.97,7.59,SPY230120C00425000,425.0,normalDay
2022-09-16,15180.0,-6808.0,0.0,100,385.56,456.0,0,0.0,0.0,,0.0,1,8.97,6.61,SPY230120C00425000,425.0,normalDay
2022-09-19,15180.0,-6559.0,0.0,100,388.55,456.0,0,0.0,0.0,,0.0,1,8.97,7.11,SPY230120C00425000,425.0,normalDay
2022-09-20,15180.0,-6906.0,0.0,100,384.09,456.0,0,0.0,0.0,,0.0,1,8.97,6.12,SPY230120C00425000,425.0,normalDay
2022-09-21,15180.0,-7417.0,0.0,100,377.39,456.0,0,0.0,0.0,,0.0,1,8.97,4.53,SPY230120C00425000,425.0,normalDay
2022-09-22,15180.0,-7663.0,0.0,100,374.22,456.0,0,0.0,0.0,,0.0,1,8.97,3.82,SPY230120C00425000,425.0,normalDay
2022-09-23,15180.0,-8206.0,0.0,100,367.95,456.0,0,0.0,0.0,,0.0,1,8.97,2.98,SPY230120C00425000,425.0,normalDay
2022-09-26,15180.0,-8534.0,0.0,100,364.31,456.0,0,0.0,0.0,,0.0,1,8.97,2.62,SPY230120C00425000,425.0,normalDay
2022-09-27,15180.0,-8605.0,0.0,100,363.38,456.0,0,0.0,0.0,,0.0,1,8.97,2.4,SPY230120C00425000,425.0,normalDay
2022-09-28,15180.0,-7965.0,0.0,100,370.53,456.0,0,0.0,0.0,,0.0,1,8.97,3.15,SPY230120C00425000,425.0,normalDay
2022-09-29,15180.0,-8639.0,0.0,100,362.79,456.0,0,0.0,0.0,,0.0,1,8.97,2.15,SPY230120C00425000,425.0,normalDay
2022-09-30,15180.0,-9141.0,0.0,100,357.18,456.0,0,0.0,0.0,,0.0,1,8.97,1.56,SPY230120C00425000,425.0,normalDay
2022-10-03,15180.0,-8275.0,0.0,100,366.61,456.0,0,0.0,0.0,,0.0,1,8.97,2.33,SPY230120C00425000,425.0,normalDay
2022-10-04,15180.0,-7302.0,0.0,100,377.97,456.0,0,0.0,0.0,,0.0,1,8.97,3.96,SPY230120C00425000,425.0,normalDay
2022-10-05,15180.0,-7369.0,0.0,100,377.09,456.0,0,0.0,0.0,,0.0,1,8.97,3.75,SPY230120C00425000,425.0,normalDay
2022-10-06,15180.0,-7705.0,0.0,100,373.2,456.0,0,0.0,0.0,,0.0,1,8.97,3.22,SPY230120C00425000,425.0,normalDay
2022-10-07,15180.0,-8610.0,0.0,100,362.79,456.0,0,0.0,0.0,,0.0,1,8.97,1.86,SPY230120C00425000,425.0,normalDay
2022-10-10,15180.0,-8886.0,0.0,100,360.02,456.0,0,0.0,0.0,,0.0,1,8.97,1.85,SPY230120C00425000,425.0,normalDay
2022-10-11,15180.0,-9104.0,0.0,100,357.74,456.0,0,0.0,0.0,,0.0,1,8.97,1.75,SPY230120C00425000,425.0,normalDay
2022-10-12,15180.0,-9215.0,0.0,100,356.56,456.0,0,0.0,0.0,,0.0,1,8.97,1.68,SPY230120C00425000,425.0,normalDay
2022-10-13,15180.0,-8368.0,0.0,100,365.97,456.0,0,0.0,0.0,,0.0,1,8.97,2.62,SPY230120C00425000,425.0,normalDay
2022-10-14,15180.0,-9110.0,0.0,100,357.63,456.0,0,0.0,0.0,,0.0,1,8.97,1.7,SPY230120C00425000,425.0,normalDay
2022-10-17,15180.0,-8284.0,0.0,100,366.82,456.0,0,0.0,0.0,,0.0,1,8.97,2.63,SPY230120C00425000,425.0,normalDay
2022-10-18,15180.0,-7905.0,0.0,100,371.13,456.0,0,0.0,0.0,,0.0,1,8.97,3.15,SPY230120C00425000,425.0,normalDay
2022-10-19,15180.0,-8107.0,0.0,100,368.5,456.0,0,0.0,0.0,,0.0,1,8.97,2.54,SPY230120C00425000,425.0,normalDay
2022-10-20,15180.0,-8366.0,0.0,100,365.41,456.0,0,0.0,0.0,,0.0,1,8.97,2.04,SPY230120C00425000,425.0,normalDay
2022-10-21,15180.0,-7610.0,0.0,100,374.29,456.0,0,0.0,0.0,,0.0,1,8.97,3.36,SPY230120C00425000,425.0,normalDay
2022-10-24,15180.0,-7226.0,0.0,100,378.87,456.0,0,0.0,0.0,,0.0,1,8.97,4.1,SPY230120C00425000,425.0,normalDay
2022-10-25,15180.0,-6667.0,0.0,100,384.92,456.0,0,0.0,0.0,,0.0,1,8.97,4.56,SPY230120C00425000,425.0,normalDay
2022-10-26,15180.0,-6904.0,0.0,100,382.02,456.0,0,0.0,0.0,,0.0,1,8.97,4.03,SPY230120C00425000,425.0,normalDay
2022-10-27,15180.0,-6975.0,0.0,100,379.98,456.0,0,0.0,0.0,,0.0,1,8.97,2.7,SPY230120C00425000,425.0,normalDay
2022-10-28,15180.0,-6293.0,0.0,100,389.02,456.0,0,0.0,0.0,,0.0,1,8.97,4.92,SPY230120C00425000,425.0,normalDay
2022-10-31,15180.0,-6475.0,0.0,100,386.21,456.0,0,0.0,0.0,,0.0,1,8.97,3.93,SPY230120C00425000,425.0,normalDay
2022-11-01,15180.0,-6595.0,0.0,100,384.52,456.0,0,0.0,0.0,,0.0,1,8.97,3.44,SPY230120C00425000,425.0,normalDay
2022-11-02,15180.0,-7415.0,0.0,100,374.87,456.0,0,0.0,0.0,,0.0,1,8.97,1.99,SPY230120C00425000,425.0,normalDay
2022-11-03,15180.0,-7749.0,0.0,100,371.01,456.0,0,0.0,0.0,,0.0,1,8.97,1.47,SPY230120C00425000,425.0,normalDay
2022-11-04,15180.0,-7262.0,0.0,100,376.35,456.0,0,0.0,0.0,,0.0,1,8.97,1.94,SPY230120C00425000,425.0,normalDay
2022-11-07,15180.0,-6930.0,0.0,100,379.95,456.0,0,0.0,0.0,,0.0,1,8.97,2.22,SPY230120C00425000,425.0,normalDay
2022-11-08,15180.0,-6756.0,0.0,100,382.0,456.0,0,0.0,0.0,,0.0,1,8.97,2.53,SPY230120C00425000,425.0,normalDay
2022-11-09,15180.0,-7450.0,0.0,100,374.13,456.0,0,0.0,0.0,,0.0,1,8.97,1.6,SPY230120C00425000,425.0,normalDay
2022-11-10,15180.0,-5720.0,0.0,100,394.69,456.0,0,0.0,0.0,,0.0,1,8.97,4.86,SPY230120C00425000,425.0,normalDay
2022-11-11,15180.0,-5348.0,0.0,100,398.51,456.0,0,0.0,0.0,,0.0,1,8.97,4.96,SPY230120C00425000,425.0,normalDay
2022-11-14,15180.0,-5594.0,0.0,100,395.12,456.0,0,0.0,0.0,,0.0,1,8.97,4.03,SPY230120C00425000,425.0,normalDay
2022-11-15,15180.0,-5323.0,0.0,100,398.49,456.0,0,0.0,0.0,,0.0,1,8.97,4.69,SPY230120C00425000,425.0,normalDay
2022-11-16,15180.0,-5533.0,0.0,100,395.45,456.0,0,0.0,0.0,,0.0,1,8.97,3.75,SPY230120C00425000,425.0,normalDay
2022-11-17,15180.0,-5611.0,0.0,100,394.24,456.0,0,0.0,0.0,,0.0,1,8.97,3.32,SPY230120C00425000,425.0,normalDay
2022-11-18,15180.0,-5433.0,0.0,100,396.03,456.0,0,0.0,0.0,,0.0,1,8.97,3.33,SPY230120C00425000,425.0,normalDay
2022-11-21,15180.0,-5509.0,0.0,100,394.59,456.0,0,0.0,0.0,,0.0,1,8.97,2.65,SPY230120C00425000,425.0,normalDay
2022-11-22,15180.0,-5047.0,0.0,100,399.9,456.0,0,0.0,0.0,,0.0,1,8.97,3.34,SPY230120C00425000,425.0,normalDay
2022-11-23,15180.0,-4817.0,0.0,100,402.42,456.0,0,0.0,0.0,,0.0,1,8.97,3.56,SPY230120C00425000,425.0,normalDay
2022-11-25,15180.0,-4807.0,0.0,100,402.33,456.0,0,0.0,0.0,,0.0,1,8.97,3.37,SPY230120C00425000,425.0,normalDay
2022-11-28,15180.0,-5331.0,0.0,100,395.91,456.0,0,0.0,0.0,,0.0,1,8.97,2.19,SPY230120C00425000,425.0,normalDay
2022-11-29,15180.0,-5371.0,0.0,100,395.23,456.0,0,0.0,0.0,,0.0,1,8.97,1.91,SPY230120C00425000,425.0,normalDay
2022-11-30,15180.0,-4400.0,0.0,100,407.68,456.0,0,0.0,0.0,,0.0,1,8.97,4.65,SPY230120C00425000,425.0,normalDay
2022-12-01,15180.0,-4380.0,0.0,100,407.38,456.0,0,0.0,0.0,,0.0,1,8.97,4.15,SPY230120C00425000,425.0,normalDay
2022-12-02,15180.0,-4369.0,0.0,100,406.91,456.0,0,0.0,0.0,,0.0,1,8.97,3.57,SPY230120C00425000,425.0,normalDay
2022-12-05,15180.0,-4947.0,0.0,100,399.59,456.0,0,0.0,0.0,,0.0,1,8.97,2.03,SPY230120C00425000,425.0,normalDay
2022-12-06,15180.0,-5459.0,0.0,100,393.83,456.0,0,0.0,0.0,,0.0,1,8.97,1.39,SPY230120C00425000,425.0,normalDay
2022-12-07,15180.0,-5518.0,0.0,100,393.16,456.0,0,0.0,0.0,,0.0,1,8.97,1.31,SPY230120C00425000,425.0,normalDay
2022-12-08,15180.0,-5235.0,0.0,100,396.24,456.0,0,0.0,0.0,,0.0,1,8.97,1.56,SPY230120C00425000,425.0,normalDay
2022-12-09,15180.0,-5499.0,0.0,100,393.28,456.0,0,0.0,0.0,,0.0,1,8.97,1.24,SPY230120C00425000,425.0,normalDay
2022-12-12,15180.0,-5031.0,0.0,100,398.95,456.0,0,0.0,0.0,,0.0,1,8.97,2.23,SPY230120C00425000,425.0,normalDay
2022-12-13,15180.0,-4731.0,0.0,100,401.97,456.0,0,0.0,0.0,,0.0,1,8.97,2.25,SPY230120C00425000,425.0,normalDay
2022-12-14,15180.0,-4901.0,0.0,100,399.4,456.0,0,0.0,0.0,,0.0,1,8.97,1.38,SPY230120C00425000,425.0,normalDay
2022-12-15,15180.0,-5791.0,0.0,100,389.63,456.0,0,0.0,0.0,,0.0,1,8.97,0.51,SPY230120C00425000,425.0,normalDay
2022-12-16,15180.0,-6405.0,0.0,100,383.27,456.0,0,0.0,0.0,,0.0,1,8.97,0.29,SPY230120C00425000,425.0,normalDay
2022-12-19,15180.0,-6721.0,0.0,100,380.02,456.0,0,0.0,0.0,,0.0,1,8.97,0.2,SPY230120C00425000,425.0,normalDay
2022-12-20,15180.0,-6668.0,0.0,100,380.54,456.0,0,0.0,0.0,,0.0,1,8.97,0.19,SPY230120C00425000,425.0,normalDay
2022-12-21,15180.0,-6104.0,0.0,100,386.23,456.0,0,0.0,0.0,,0.0,1,8.97,0.24,SPY230120C00425000,425.0,normalDay
2022-12-22,15180.0,-6648.0,0.0,100,380.72,456.0,0,0.0,0.0,,0.0,1,8.97,0.17,SPY230120C00425000,425.0,normalDay
2022-12-23,15180.0,-6425.0,0.0,100,382.91,456.0,0,0.0,0.0,,0.0,1,8.97,0.13,SPY230120C00425000,425.0,normalDay
2022-12-27,15180.0,-6575.0,0.0,100,381.4,456.0,0,0.0,0.0,,0.0,1,8.97,0.12,SPY230120C00425000,425.0,normalDay
2022-12-28,15180.0,-7044.0,0.0,100,376.66,456.0,0,0.0,0.0,,0.0,1,8.97,0.07,SPY230120C00425000,425.0,normalDay
2022-12-29,15180.0,-6369.0,0.0,100,383.44,456.0,0,0.0,0.0,,0.0,1,8.97,0.1,SPY230120C00425000,425.0,normalDay
2022-12-30,15180.0,-6467.0,0.0,100,382.43,456.0,0,0.0,0.0,,0.0,1,8.97,0.07,SPY230120C00425000,425.0,normalDay
2023-01-03,15180.0,-6626.0,0.0,100,380.82,456.0,0,0.0,0.0,,0.0,1,8.97,0.05,SPY230120C00425000,425.0,normalDay
2023-01-04,15180.0,-6333.0,0.0,100,383.76,456.0,0,0.0,0.0,,0.0,1,8.97,0.06,SPY230120C00425000,425.0,normalDay
2023-01-05,15180.0,-6769.0,0.0,100,379.38,456.0,0,0.0,0.0,,0.0,1,8.97,0.04,SPY230120C00425000,425.0,normalDay
2023-01-06,15180.0,-5900.0,0.0,100,388.08,456.0,0,0.0,0.0,,0.0,1,8.97,0.05,SPY230120C00425000,425.0,normalDay
2023-01-09,15180.0,-5922.0,0.0,100,387.86,456.0,0,0.0,0.0,,0.0,1,8.97,0.05,SPY230120C00425000,425.0,normalDay
2023-01-10,15180.0,-5649.0,0.0,100,390.58,456.0,0,0.0,0.0,,0.0,1,8.97,0.04,SPY230120C00425000,425.0,normalDay
2023-01-11,15180.0,-5159.0,0.0,100,395.52,456.0,0,0.0,0.0,,0.0,1,8.97,0.08,SPY230120C00425000,425.0,normalDay
2023-01-12,15180.0,-5009.0,0.0,100,396.96,456.0,0,0.0,0.0,,0.0,1,8.97,0.02,SPY230120C00425000,425.0,normalDay
2023-01-13,15180.0,-4855.0,0.0,100,398.5,456.0,0,0.0,0.0,,0.0,1,8.97,0.02,SPY230120C00425000,425.0,normalDay
2023-01-17,15180.0,-4927.0,0.0,100,397.77,456.0,0,0.0,0.0,,0.0,1,8.97,0.01,SPY230120C00425000,425.0,normalDay
2023-01-18,15180.0,-5555.0,0.0,100,391.49,456.0,0,0.0,0.0,,0.0,1,8.97,0.01,SPY230120C00425000,425.0,normalDay
2023-01-19,15180.0,-5840.0,0.0,100,388.64,456.0,0,0.0,0.0,,0.0,1,8.97,0.01,SPY230120C00425000,425.0,normalDay
2023-01-20,16077.0,-6012.0,897.0,100,395.88,456.0,0,0.0,0.0,,0.0,1,8.97,0.0,SPY230120C00425000,425.0,expirationDay
2023-01-23,16077.0,-5645.0,0.0,100,400.63,456.0,0,0.0,0.0,,0.0,1,21.37,22.45,SPY230721C00405000,405.0,normalDay
2023-01-24,16077.0,-5704.0,0.0,100,400.2,456.0,0,0.0,0.0,,0.0,1,21.37,22.61,SPY230721C00405000,405.0,normalDay
2023-01-25,16077.0,-5572.0,0.0,100,400.35,456.0,0,0.0,0.0,,0.0,1,21.37,21.44,SPY230721C00405000,405.0,normalDay
2023-01-26,16077.0,-5363.0,0.0,100,404.75,456.0,0,0.0,0.0,,0.0,1,21.37,23.75,SPY230721C00405000,405.0,normalDay
2023-01-27,16077.0,-5333.0,0.0,100,405.68,456.0,0,0.0,0.0,,0.0,1,21.37,24.38,SPY230721C00405000,405.0,normalDay
2023-01-30,16077.0,-5559.0,0.0,100,400.59,456.0,0,0.0,0.0,,0.0,1,21.37,21.55,SPY230721C00405000,405.0,normalDay
2023-01-31,16077.0,-5269.0,0.0,100,406.48,456.0,0,0.0,0.0,,0.0,1,21.37,24.54,SPY230721C00405000,405.0,normalDay
2023-02-01,16077.0,-5189.0,0.0,100,410.8,456.0,0,0.0,0.0,,0.0,1,21.37,28.06,SPY230721C00405000,405.0,normalDay
2023-02-02,16077.0,-4886.0,0.0,100,416.78,456.0,0,0.0,0.0,,0.0,1,21.37,31.01,SPY230721C00405000,405.0,normalDay
2023-02-03,16077.0,-5082.0,0.0,100,412.35,456.0,0,0.0,0.0,,0.0,1,21.37,28.54,SPY230721C00405000,405.0,normalDay
2023-02-06,16077.0,-5174.0,0.0,100,409.83,456.0,0,0.0,0.0,,0.0,1,21.37,26.94,SPY230721C00405000,405.0,normalDay
2023-02-07,16077.0,-4931.0,0.0,100,415.19,456.0,0,0.0,0.0,,0.0,1,21.37,29.87,SPY230721C00405000,405.0,normalDay
2023-02-08,16077.0,-5136.0,0.0,100,410.65,456.0,0,0.0,0.0,,0.0,1,21.37,27.38,SPY230721C00405000,405.0,normalDay
2023-02-09,16077.0,-5302.0,0.0,100,407.09,456.0,0,0.0,0.0,,0.0,1,21.37,25.48,SPY230721C00405000,405.0,normalDay
2023-02-10,16077.0,-5251.0,0.0,100,408.04,456.0,0,0.0,0.0,,0.0,1,21.37,25.92,SPY230721C00405000,405.0,normalDay
2023-02-13,16077.0,-5051.0,0.0,100,412.83,456.0,0,0.0,0.0,,0.0,1,21.37,28.71,SPY230721C00405000,405.0,normalDay
2023-02-14,16077.0,-4970.0,0.0,100,412.64,456.0,0,0.0,0.0,,0.0,1,21.37,27.71,SPY230721C00405000,405.0,normalDay
2023-02-15,16077.0,-4935.0,0.0,100,413.98,456.0,0,0.0,0.0,,0.0,1,21.37,28.7,SPY230721C00405000,405.0,normalDay
2023-02-16,16077.0,-5136.0,0.0,100,408.28,456.0,0,0.0,0.0,,0.0,1,21.37,25.01,SPY230721C00405000,405.0,normalDay
2023-02-17,16077.0,-5156.0,0.0,100,407.26,456.0,0,0.0,0.0,,0.0,1,21.37,24.19,SPY230721C00405000,405.0,normalDay
2023-02-21,16077.0,-5530.0,0.0,100,399.09,456.0,0,0.0,0.0,,0.0,1,21.37,19.76,SPY230721C00405000,405.0,normalDay
2023-02-22,16077.0,-5516.0,0.0,100,398.54,456.0,0,0.0,0.0,,0.0,1,21.37,19.07,SPY230721C00405000,405.0,normalDay
2023-02-23,16077.0,-5337.0,0.0,100,400.66,456.0,0,0.0,0.0,,0.0,1,21.37,19.4,SPY230721C00405000,405.0,normalDay
2023-02-24,16077.0,-5540.0,0.0,100,396.38,456.0,0,0.0,0.0,,0.0,1,21.37,17.15,SPY230721C00405000,405.0,normalDay
2023-02-27,16077.0,-5456.0,0.0,100,397.73,456.0,0,0.0,0.0,,0.0,1,21.37,17.66,SPY230721C00405000,405.0,normalDay
2023-02-28,16077.0,-5440.0,0.0,100,396.26,456.0,0,0.0,0.0,,0.0,1,21.37,16.03,SPY230721C00405000,405.0,normalDay
2023-03-01,16077.0,-5541.0,0.0,100,394.74,456.0,0,0.0,0.0,,0.0,1,21.37,15.52,SPY230721C00405000,405.0,normalDay
2023-03-02,16077.0,-5353.0,0.0,100,397.81,456.0,0,0.0,0.0,,0.0,1,21.37,16.71,SPY230721C00405000,405.0,normalDay
2023-03-03,16077.0,-5059.0,0.0,100,404.19,456.0,0,0.0,0.0,,0.0,1,21.37,20.15,SPY230721C00405000,405.0,normalDay
2023-03-06,16077.0,-5011.0,0.0,100,404.47,456.0,0,0.0,0.0,,0.0,1,21.37,19.95,SPY230721C00405000,405.0,normalDay
2023-03-07,16077.0,-5292.0,0.0,100,398.27,456.0,0,0.0,0.0,,0.0,1,21.37,16.56,SPY230721C00405000,405.0,normalDay
2023-03-08,16077.0,-5220.0,0.0,100,398.92,456.0,0,0.0,0.0,,0.0,1,21.37,16.49,SPY230721C00405000,405.0,normalDay
2023-03-09,16077.0,-5648.0,0.0,100,391.56,456.0,0,0.0,0.0,,0.0,1,21.37,13.41,SPY230721C00405000,405.0,normalDay
2023-03-10,16077.0,-5997.0,0.0,100,385.91,456.0,0,0.0,0.0,,0.0,1,21.37,11.25,SPY230721C00405000,405.0,normalDay
2023-03-13,16077.0,-6067.0,0.0,100,385.36,456.0,0,0.0,0.0,,0.0,1,21.37,11.4,SPY230721C00405000,405.0,normalDay
2023-03-14,16077.0,-5615.0,0.0,100,391.73,456.0,0,0.0,0.0,,0.0,1,21.37,13.25,SPY230721C00405000,405.0,normalDay
2023-03-15,16077.0,-5818.0,0.0,100,389.28,456.0,0,0.0,0.0,,0.0,1,21.37,12.83,SPY230721C00405000,405.0,normalDay
2023-03-16,16077.0,-5384.0,0.0,100,396.11,456.0,0,0.0,0.0,,0.0,1,21.37,15.32,SPY230721C00405000,405.0,normalDay
2023-03-17,16077.0,-5893.0,0.0,100,389.99,456.0,0,0.0,0.0,,0.0,1,21.37,14.29,SPY230721C00405000,405.0,normalDay
2023-03-20,16077.0,-5606.0,0.0,100,393.74,456.0,0,0.0,0.0,,0.0,1,21.37,15.17,SPY230721C00405000,405.0,normalDay
2023-03-21,16077.0,-5281.0,0.0,100,398.91,456.0,0,0.0,0.0,,0.0,1,21.37,17.09,SPY230721C00405000,405.0,normalDay
2023-03-22,16077.0,-5606.0,0.0,100,392.11,456.0,0,0.0,0.0,,0.0,1,21.37,13.54,SPY230721C00405000,405.0,normalDay
2023-03-23,16077.0,-5565.0,0.0,100,393.17,456.0,0,0.0,0.0,,0.0,1,21.37,14.19,SPY230721C00405000,405.0,normalDay
2023-03-24,16077.0,-5407.0,0.0,100,395.75,456.0,0,0.0,0.0,,0.0,1,21.37,15.19,SPY230721C00405000,405.0,normalDay
2023-03-27,16077.0,-5301.0,0.0,100,396.49,456.0,0,0.0,0.0,,0.0,1,21.37,14.87,SPY230721C00405000,405.0,normalDay
2023-03-28,16077.0,-5329.0,0.0,100,395.6,456.0,0,0.0,0.0,,0.0,1,21.37,14.26,SPY230721C00405000,405.0,normalDay
2023-03-29,16077.0,-5012.0,0.0,100,401.35,456.0,0,0.0,0.0,,0.0,1,21.37,16.84,SPY230721C00405000,405.0,normalDay
2023-03-30,16077.0,-4909.0,0.0,100,403.7,456.0,0,0.0,0.0,,0.0,1,21.37,18.16,SPY230721C00405000,405.0,normalDay
2023-03-31,16077.0,-4703.0,0.0,100,409.39,456.0,0,0.0,0.0,,0.0,1,21.37,21.79,SPY230721C00405000,405.0,normalDay
2023-04-03,16077.0,-4606.0,0.0,100,410.95,456.0,0,0.0,0.0,,0.0,1,21.37,22.38,SPY230721C00405000,405.0,normalDay
2023-04-04,16077.0,-4686.0,0.0,100,408.67,456.0,0,0.0,0.0,,0.0,1,21.37,20.9,SPY230721C00405000,405.0,normalDay
2023-04-05,16077.0,-4704.0,0.0,100,407.6,456.0,0,0.0,0.0,,0.0,1,21.37,20.01,SPY230721C00405000,405.0,normalDay
2023-04-06,16077.0,-4620.0,0.0,100,409.19,456.0,0,0.0,0.0,,0.0,1,21.37,20.76,SPY230721C00405000,405.0,normalDay
2023-04-10,16077.0,-4609.0,0.0,100,409.61,456.0,0,0.0,0.0,,0.0,1,21.37,21.07,SPY230721C00405000,405.0,normalDay
2023-04-11,16077.0,-4578.0,0.0,100,409.72,456.0,0,0.0,0.0,,0.0,1,21.37,20.87,SPY230721C00405000,405.0,normalDay
2023-04-12,16077.0,-4579.0,0.0,100,408.05,456.0,0,0.0,0.0,,0.0,1,21.37,19.21,SPY230721C00405000,405.0,normalDay
2023-04-13,16077.0,-4367.0,0.0,100,413.47,456.0,0,0.0,0.0,,0.0,1,21.37,22.51,SPY230721C00405000,405.0,normalDay
2023-04-14,16077.0,-4380.0,0.0,100,412.46,456.0,0,0.0,0.0,,0.0,1,21.37,21.63,SPY230721C00405000,405.0,normalDay
2023-04-17,16077.0,-4279.0,0.0,100,413.94,456.0,0,0.0,0.0,,0.0,1,21.37,22.1,SPY230721C00405000,405.0,normalDay
2023-04-18,16077.0,-4229.0,0.0,100,414.21,456.0,0,0.0,0.0,,0.0,1,21.37,21.87,SPY230721C00405000,405.0,normalDay
2023-04-19,16077.0,-4229.0,0.0,100,414.14,456.0,0,0.0,0.0,,0.0,1,21.37,21.8,SPY230721C00405000,405.0,normalDay
2023-04-20,16077.0,-4328.0,0.0,100,411.88,456.0,0,0.0,0.0,,0.0,1,21.37,20.53,SPY230721C00405000,405.0,normalDay
2023-04-21,16077.0,-4270.0,0.0,100,412.2,456.0,0,0.0,0.0,,0.0,1,21.37,20.27,SPY230721C00405000,405.0,normalDay
2023-04-24,16077.0,-4241.0,0.0,100,412.63,456.0,0,0.0,0.0,,0.0,1,21.37,20.41,SPY230721C00405000,405.0,normalDay
2023-04-25,16077.0,-4578.0,0.0,100,406.08,456.0,0,0.0,0.0,,0.0,1,21.37,17.23,SPY230721C00405000,405.0,normalDay
2023-04-26,16077.0,-4556.0,0.0,100,404.36,456.0,0,0.0,0.0,,0.0,1,21.37,15.29,SPY230721C00405000,405.0,normalDay
2023-04-27,16077.0,-4260.0,0.0,100,412.41,456.0,0,0.0,0.0,,0.0,1,21.37,20.38,SPY230721C00405000,405.0,normalDay
2023-04-28,16077.0,-4064.0,0.0,100,415.93,456.0,0,0.0,0.0,,0.0,1,21.37,21.94,SPY230721C00405000,405.0,normalDay
2023-05-01,16077.0,-4056.0,0.0,100,415.51,456.0,0,0.0,0.0,,0.0,1,21.37,21.44,SPY230721C00405000,405.0,normalDay
2023-05-02,16077.0,-4223.0,0.0,100,410.84,456.0,0,0.0,0.0,,0.0,1,21.37,18.44,SPY230721C00405000,405.0,normalDay
2023-05-03,16077.0,-4373.0,0.0,100,408.02,456.0,0,0.0,0.0,,0.0,1,21.37,17.12,SPY230721C00405000,405.0,normalDay
2023-05-04,16077.0,-4450.0,0.0,100,405.13,456.0,0,0.0,0.0,,0.0,1,21.37,15.0,SPY230721C00405000,405.0,normalDay
2023-05-05,16077.0,-4099.0,0.0,100,412.63,456.0,0,0.0,0.0,,0.0,1,21.37,18.99,SPY230721C00405000,405.0,normalDay
2023-05-08,16077.0,-4071.0,0.0,100,412.74,456.0,0,0.0,0.0,,0.0,1,21.37,18.82,SPY230721C00405000,405.0,normalDay
2023-05-09,16077.0,-4168.0,0.0,100,410.93,456.0,0,0.0,0.0,,0.0,1,21.37,17.98,SPY230721C00405000,405.0,normalDay
2023-05-10,16077.0,-4060.0,0.0,100,412.85,456.0,0,0.0,0.0,,0.0,1,21.37,18.82,SPY230721C00405000,405.0,normalDay
2023-05-11,16077.0,-4026.0,0.0,100,412.13,456.0,0,0.0,0.0,,0.0,1,21.37,17.76,SPY230721C00405000,405.0,normalDay
2023-05-12,16077.0,-4004.0,0.0,100,411.59,456.0,0,0.0,0.0,,0.0,1,21.37,17.0,SPY230721C00405000,405.0,normalDay
2023-05-15,16077.0,-3923.0,0.0,100,413.01,456.0,0,0.0,0.0,,0.0,1,21.37,17.61,SPY230721C00405000,405.0,normalDay
2023-05-16,16077.0,-4043.0,0.0,100,410.25,456.0,0,0.0,0.0,,0.0,1,21.37,16.05,SPY230721C00405000,405.0,normalDay
2023-05-17,16077.0,-3828.0,0.0,100,415.23,456.0,0,0.0,0.0,,0.0,1,21.37,18.88,SPY230721C00405000,405.0,normalDay
2023-05-18,16077.0,-3697.0,0.0,100,419.23,456.0,0,0.0,0.0,,0.0,1,21.37,21.57,SPY230721C00405000,405.0,normalDay
2023-05-19,16077.0,-3730.0,0.0,100,418.62,456.0,0,0.0,0.0,,0.0,1,21.37,21.29,SPY230721C00405000,405.0,normalDay
2023-05-22,16077.0,-3716.0,0.0,100,418.79,456.0,0,0.0,0.0,,0.0,1,21.37,21.32,SPY230721C00405000,405.0,normalDay
2023-05-23,16077.0,-3854.0,0.0,100,414.09,456.0,0,0.0,0.0,,0.0,1,21.37,18.0,SPY230721C00405000,405.0,normalDay
2023-05-24,16077.0,-3977.0,0.0,100,411.09,456.0,0,0.0,0.0,,0.0,1,21.37,16.23,SPY230721C00405000,405.0,normalDay
2023-05-25,16077.0,-3814.0,0.0,100,414.65,456.0,0,0.0,0.0,,0.0,1,21.37,18.16,SPY230721C00405000,405.0,normalDay
2023-05-26,16077.0,-3666.0,0.0,100,420.02,456.0,0,0.0,0.0,,0.0,1,21.37,22.05,SPY230721C00405000,405.0,normalDay
2023-05-30,16077.0,-3606.0,0.0,100,420.18,456.0,0,0.0,0.0,,0.0,1,21.37,21.61,SPY230721C00405000,405.0,normalDay
2023-05-31,16077.0,-3611.0,0.0,100,417.85,456.0,0,0.0,0.0,,0.0,1,21.37,19.33,SPY230721C00405000,405.0,normalDay
2023-06-01,16077.0,-3491.0,0.0,100,421.82,456.0,0,0.0,0.0,,0.0,1,21.37,22.1,SPY230721C00405000,405.0,normalDay
2023-06-02,16077.0,-3365.0,0.0,100,427.92,456.0,0,0.0,0.0,,0.0,1,21.37,26.94,SPY230721C00405000,405.0,normalDay
2023-06-05,16077.0,-3347.0,0.0,100,427.1,456.0,0,0.0,0.0,,0.0,1,21.37,25.94,SPY230721C00405000,405.0,normalDay
2023-06-06,16077.0,-3328.0,0.0,100,428.03,456.0,0,0.0,0.0,,0.0,1,21.37,26.68,SPY230721C00405000,405.0,normalDay
2023-06-07,16077.0,-3310.0,0.0,100,426.55,456.0,0,0.0,0.0,,0.0,1,21.37,25.02,SPY230721C00405000,405.0,normalDay
2023-06-08,16077.0,-3224.0,0.0,100,429.13,456.0,0,0.0,0.0,,0.0,1,21.37,26.74,SPY230721C00405000,405.0,normalDay
2023-06-09,16077.0,-3270.0,0.0,100,429.9,456.0,0,0.0,0.0,,0.0,1,21.37,27.97,SPY230721C00405000,405.0,normalDay
2023-06-12,16077.0,-3185.0,0.0,100,433.8,456.0,0,0.0,0.0,,0.0,1,21.37,31.02,SPY230721C00405000,405.0,normalDay
2023-06-13,16077.0,-3171.0,0.0,100,436.66,456.0,0,0.0,0.0,,0.0,1,21.37,33.74,SPY230721C00405000,405.0,normalDay
2023-06-14,16077.0,-3177.0,0.0,100,437.18,456.0,0,0.0,0.0,,0.0,1,21.37,34.32,SPY230721C00405000,405.0,normalDay
2023-06-15,16077.0,-3063.0,0.0,100,442.6,456.0,0,0.0,0.0,,0.0,1,21.37,38.6,SPY230721C00405000,405.0,normalDay
2023-06-16,16077.0,-3299.0,0.0,100,439.46,456.0,0,0.0,0.0,,0.0,1,21.37,37.82,SPY230721C00405000,405.0,normalDay
2023-06-20,16077.0,-3216.0,0.0,100,437.18,456.0,0,0.0,0.0,,0.0,1,21.37,34.71,SPY230721C00405000,405.0,normalDay
2023-06-21,16077.0,-3263.0,0.0,100,434.94,456.0,0,0.0,0.0,,0.0,1,21.37,32.94,SPY230721C00405000,405.0,normalDay
2023-06-22,16077.0,-3193.0,0.0,100,436.51,456.0,0,0.0,0.0,,0.0,1,21.37,33.81,SPY230721C00405000,405.0,normalDay
2023-06-23,16077.0,-3230.0,0.0,100,433.21,456.0,0,0.0,0.0,,0.0,1,21.37,30.88,SPY230721C00405000,405.0,normalDay
2023-06-26,16077.0,-3244.0,0.0,100,431.44,456.0,0,0.0,0.0,,0.0,1,21.37,29.25,SPY230721C00405000,405.0,normalDay
2023-06-27,16077.0,-3160.0,0.0,100,436.17,456.0,0,0.0,0.0,,0.0,1,21.37,33.14,SPY230721C00405000,405.0,normalDay
2023-06-28,16077.0,-3206.0,0.0,100,436.39,456.0,0,0.0,0.0,,0.0,1,21.37,33.82,SPY230721C00405000,405.0,normalDay
2023-06-29,16077.0,-3146.0,0.0,100,438.11,456.0,0,0.0,0.0,,0.0,1,21.37,34.94,SPY230721C00405000,405.0,normalDay
2023-06-30,16077.0,-3144.0,0.0,100,443.28,456.0,0,0.0,0.0,,0.0,1,21.37,40.09,SPY230721C00405000,405.0,normalDay
2023-07-03,16077.0,-3134.0,0.0,100,443.79,456.0,0,0.0,0.0,,0.0,1,21.37,40.5,SPY230721C00405000,405.0,normalDay
2023-07-05,16077.0,-3091.0,0.0,100,443.13,456.0,0,0.0,0.0,,0.0,1,21.37,39.41,SPY230721C00405000,405.0,normalDay
2023-07-06,16077.0,-3095.0,0.0,100,439.66,456.0,0,0.0,0.0,,0.0,1,21.37,35.98,SPY230721C00405000,405.0,normalDay
2023-07-07,16077.0,-3110.0,0.0,100,438.55,456.0,0,0.0,0.0,,0.0,1,21.37,35.02,SPY230721C00405000,405.0,normalDay
2023-07-10,16077.0,-3084.0,0.0,100,439.66,456.0,0,0.0,0.0,,0.0,1,21.37,35.87,SPY230721C00405000,405.0,normalDay
2023-07-11,16077.0,-3039.0,0.0,100,442.46,456.0,0,0.0,0.0,,0.0,1,21.37,38.22,SPY230721C00405000,405.0,normalDay
2023-07-12,16077.0,-3073.0,0.0,100,446.02,456.0,0,0.0,0.0,,0.0,1,21.37,42.12,SPY230721C00405000,405.0,normalDay
2023-07-13,16077.0,-3011.0,0.0,100,449.56,456.0,0,0.0,0.0,,0.0,1,21.37,45.04,SPY230721C00405000,405.0,normalDay
2023-07-14,16077.0,-2984.0,0.0,100,449.28,456.0,0,0.0,0.0,,0.0,1,21.37,44.49,SPY230721C00405000,405.0,normalDay
2023-07-17,16077.0,-2967.0,0.0,100,450.84,456.0,0,0.0,0.0,,0.0,1,21.37,45.88,SPY230721C00405000,405.0,normalDay
2023-07-18,16077.0,-2985.0,0.0,100,454.19,456.0,0,0.0,0.0,,0.0,1,21.37,49.41,SPY230721C00405000,405.0,normalDay
2023-07-19,16077.0,-2981.0,0.0,100,455.2,456.0,0,0.0,0.0,,0.0,1,21.37,50.38,SPY230721C00405000,405.0,normalDay
2023-07-20,16077.0,-3009.0,0.0,100,452.18,456.0,0,0.0,0.0,,0.0,1,21.37,47.64,SPY230721C00405000,405.0,normalDay
2023-07-21,13114.0,-3009.0,-2963.0,0,452.18,0.0,0,0.0,0.0,,0.0,1,21.37,0.0,SPY230721C00405000,405.0,expirationDay
2023-07-24,13114.0,-3.0,0.0,0,454.2,0.0,1,0.25,0.28,SPY230804P00433000,433.0,0,0.0,0.0,,0.0,normalDay
2023-07-25,13114.0,2.0,0.0,0,455.44,0.0,1,0.25,0.23,SPY230804P00433000,433.0,0,0.0,0.0,,0.0,normalDay
2023-07-26,13114.0,12.0,0.0,0,455.51,0.0,1,0.25,0.13,SPY230804P00433000,433.0,0,0.0,0.0,,0.0,normalDay
2023-07-27,13114.0,1.0,0.0,0,452.49,0.0,1,0.25,0.24,SPY230804P00433000,433.0,0,0.0,0.0,,0.0,normalDay
2023-07-28,13114.0,19.0,0.0,0,456.92,0.0,1,0.25,0.06,SPY230804P00433000,433.0,0,0.0,0.0,,0.0,normalDay
2023-07-31,13114.0,20.0,0.0,0,457.79,0.0,1,0.25,0.05,SPY230804P00433000,433.0,0,0.0,0.0,,0.0,normalDay
2023-08-01,13114.0,21.0,0.0,0,456.48,0.0,1,0.25,0.04,SPY230804P00433000,433.0,0,0.0,0.0,,0.0,normalDay
2023-08-02,13114.0,17.0,0.0,0,450.13,0.0,1,0.25,0.08,SPY230804P00433000,433.0,0,0.0,0.0,,0.0,normalDay
2023-08-03,13114.0,22.0,0.0,0,448.84,0.0,1,0.25,0.03,SPY230804P00433000,433.0,0,0.0,0.0,,0.0,normalDay
2023-08-04,13139.0,0.0,25.0,0,446.81,0.0,1,0.25,0.0,SPY230804P00433000,433.0,0,0.0,0.0,,0.0,expirationDay
2023-08-07,13139.0,-3.0,0.0,0,450.71,0.0,1,1.84,1.87,SPY230818P00445000,445.0,0,0.0,0.0,,0.0,normalDay
2023-08-08,13139.0,-49.0,0.0,0,448.75,0.0,1,1.84,2.33,SPY230818P00445000,445.0,0,0.0,0.0,,0.0,normalDay
2023-08-09,13139.0,-138.0,0.0,0,445.75,0.0,1,1.84,3.22,SPY230818P00445000,445.0,0,0.0,0.0,,0.0,normalDay
2023-08-10,13139.0,-130.0,0.0,0,445.91,0.0,1,1.84,3.14,SPY230818P00445000,445.0,0,0.0,0.0,,0.0,normalDay
2023-08-11,13139.0,-74.0,0.0,0,445.65,0.0,1,1.84,2.58,SPY230818P00445000,445.0,0,0.0,0.0,,0.0,normalDay
2023-08-14,13139.0,56.0,0.0,0,448.11,0.0,1,1.84,1.28,SPY230818P00445000,445.0,0,0.0,0.0,,0.0,normalDay
2023-08-15,13139.0,-168.0,0.0,0,442.89,0.0,1,1.84,3.52,SPY230818P00445000,445.0,0,0.0,0.0,,0.0,normalDay
2023-08-16,13139.0,-356.0,0.0,0,439.64,0.0,1,1.84,5.4,SPY230818P00445000,445.0,0,0.0,0.0,,0.0,normalDay
2023-08-17,13139.0,-703.0,0.0,0,436.29,0.0,1,1.84,8.87,SPY230818P00445000,445.0,0,0.0,0.0,,0.0,normalDay
2023-08-18,13323.0,-850.0,184.0,100,436.5,445.0,1,1.84,0.0,SPY230818P00445000,445.0,0,0.0,0.0,,0.0,expirationDay
2023-08-21,13323.0,-575.0,0.0,100,439.34,445.0,0,0.0,0.0,,0.0,1,13.15,13.24,SPY240328C00465000,465.0,normalDay
2023-08-22,13323.0,-642.0,0.0,100,438.15,445.0,0,0.0,0.0,,0.0,1,13.15,12.72,SPY240328C00465000,465.0,normalDay
2023-08-23,13323.0,-350.0,0.0,100,443.03,445.0,0,0.0,0.0,,0.0,1,13.15,14.68,SPY240328C00465000,465.0,normalDay
2023-08-24,13323.0,-746.0,0.0,100,436.89,445.0,0,0.0,0.0,,0.0,1,13.15,12.5,SPY240328C00465000,465.0,normalDay
2023-08-25,13323.0,-469.0,0.0,100,439.97,445.0,0,0.0,0.0,,0.0,1,13.15,12.81,SPY240328C00465000,465.0,normalDay
2023-08-28,13323.0,-288.0,0.0,100,442.76,445.0,0,0.0,0.0,,0.0,1,13.15,13.79,SPY240328C00465000,465.0,normalDay
2023-08-29,13323.0,57.0,0.0,100,449.16,445.0,0,0.0,0.0,,0.0,1,13.15,16.74,SPY240328C00465000,465.0,normalDay
2023-08-30,13323.0,173.0,0.0,100,451.01,445.0,0,0.0,0.0,,0.0,1,13.15,17.43,SPY240328C00465000,465.0,normalDay
2023-08-31,13323.0,159.0,0.0,100,450.35,445.0,0,0.0,0.0,,0.0,1,13.15,16.91,SPY240328C00465000,465.0,normalDay
2023-09-01,13323.0,251.0,0.0,100,451.19,445.0,0,0.0,0.0,,0.0,1,13.15,16.83,SPY240328C00465000,465.0,normalDay
2023-09-05,13323.0,158.0,0.0,100,449.24,445.0,0,0.0,0.0,,0.0,1,13.15,15.81,SPY240328C00465000,465.0,normalDay
2023-09-06,13323.0,17.0,0.0,100,446.22,445.0,0,0.0,0.0,,0.0,1,13.15,14.2,SPY240328C00465000,465.0,normalDay
2023-09-07,13323.0,-46.0,0.0,100,444.85,445.0,0,0.0,0.0,,0.0,1,13.15,13.46,SPY240328C00465000,465.0,normalDay
2023-09-08,13323.0,4.0,0.0,100,445.52,445.0,0,0.0,0.0,,0.0,1,13.15,13.63,SPY240328C00465000,465.0,normalDay
2023-09-11,13323.0,199.0,0.0,100,448.45,445.0,0,0.0,0.0,,0.0,1,13.15,14.61,SPY240328C00465000,465.0,normalDay
2023-09-12,13323.0,73.0,0.0,100,445.99,445.0,0,0.0,0.0,,0.0,1,13.15,13.41,SPY240328C00465000,465.0,normalDay
2023-09-13,13323.0,124.0,0.0,100,446.51,445.0,0,0.0,0.0,,0.0,1,13.15,13.42,SPY240328C00465000,465.0,normalDay
2023-09-14,13323.0,358.0,0.0,100,450.36,445.0,0,0.0,0.0,,0.0,1,13.15,14.93,SPY240328C00465000,465.0,normalDay
2023-09-15,13323.0,-76.0,0.0,100,443.37,445.0,0,0.0,0.0,,0.0,1,13.15,12.28,SPY240328C00465000,465.0,normalDay
2023-09-18,13323.0,-48.0,0.0,100,443.63,445.0,0,0.0,0.0,,0.0,1,13.15,12.26,SPY240328C00465000,465.0,normalDay
2023-09-19,13323.0,-90.0,0.0,100,442.71,445.0,0,0.0,0.0,,0.0,1,13.15,11.76,SPY240328C00465000,465.0,normalDay
2023-09-20,13323.0,-314.0,0.0,100,438.64,445.0,0,0.0,0.0,,0.0,1,13.15,9.93,SPY240328C00465000,465.0,normalDay
2023-09-21,13323.0,-822.0,0.0,100,431.39,445.0,0,0.0,0.0,,0.0,1,13.15,7.76,SPY240328C00465000,465.0,normalDay
2023-09-22,13323.0,-877.0,0.0,100,430.42,445.0,0,0.0,0.0,,0.0,1,13.15,7.34,SPY240328C00465000,465.0,normalDay
2023-09-25,13323.0,-749.0,0.0,100,432.23,445.0,0,0.0,0.0,,0.0,1,13.15,7.87,SPY240328C00465000,465.0,normalDay
2023-09-26,13323.0,-1275.0,0.0,100,425.88,445.0,0,0.0,0.0,,0.0,1,13.15,6.78,SPY240328C00465000,465.0,normalDay
2023-09-27,13323.0,-1208.0,0.0,100,426.05,445.0,0,0.0,0.0,,0.0,1,13.15,6.28,SPY240328C00465000,465.0,normalDay
2023-09-28,13323.0,-996.0,0.0,100,428.52,445.0,0,0.0,0.0,,0.0,1,13.15,6.63,SPY240328C00465000,465.0,normalDay
2023-09-29,13323.0,-1125.0,0.0,100,427.48,445.0,0,0.0,0.0,,0.0,1,13.15,6.88,SPY240328C00465000,465.0,normalDay
2023-10-02,13323.0,-1076.0,0.0,100,427.31,445.0,0,0.0,0.0,,0.0,1,13.15,6.22,SPY240328C00465000,465.0,normalDay
2023-10-03,13323.0,-1558.0,0.0,100,421.59,445.0,0,0.0,0.0,,0.0,1,13.15,5.32,SPY240328C00465000,465.0,normalDay
2023-10-04,13323.0,-1294.0,0.0,100,424.66,445.0,0,0.0,0.0,,0.0,1,13.15,5.75,SPY240328C00465000,465.0,normalDay
2023-10-05,13323.0,-1282.0,0.0,100,424.5,445.0,0,0.0,0.0,,0.0,1,13.15,5.47,SPY240328C00465000,465.0,normalDay
2023-10-06,13323.0,-920.0,0.0,100,429.54,445.0,0,0.0,0.0,,0.0,1,13.15,6.89,SPY240328C00465000,465.0,normalDay
2023-10-09,13323.0,-719.0,0.0,100,432.29,445.0,0,0.0,0.0,,0.0,1,13.15,7.63,SPY240328C00465000,465.0,normalDay
2023-10-10,13323.0,-538.0,0.0,100,434.54,445.0,0,0.0,0.0,,0.0,1,13.15,8.07,SPY240328C00465000,465.0,normalDay
2023-10-11,13323.0,-394.0,0.0,100,436.32,445.0,0,0.0,0.0,,0.0,1,13.15,8.41,SPY240328C00465000,465.0,normalDay
2023-10-12,13323.0,-541.0,0.0,100,433.66,445.0,0,0.0,0.0,,0.0,1,13.15,7.22,SPY240328C00465000,465.0,normalDay
2023-10-13,13323.0,-718.0,0.0,100,431.5,445.0,0,0.0,0.0,,0.0,1,13.15,6.83,SPY240328C00465000,465.0,normalDay
2023-10-16,13323.0,-364.0,0.0,100,436.04,445.0,0,0.0,0.0,,0.0,1,13.15,7.83,SPY240328C00465000,465.0,normalDay
2023-10-17,13323.0,-361.0,0.0,100,436.02,445.0,0,0.0,0.0,,0.0,1,13.15,7.78,SPY240328C00465000,465.0,normalDay
2023-10-18,13323.0,-808.0,0.0,100,430.21,445.0,0,0.0,0.0,,0.0,1,13.15,6.44,SPY240328C00465000,465.0,normalDay
2023-10-19,13323.0,-1070.0,0.0,100,426.43,445.0,0,0.0,0.0,,0.0,1,13.15,5.28,SPY240328C00465000,465.0,normalDay
2023-10-20,13323.0,-1488.0,0.0,100,421.19,445.0,0,0.0,0.0,,0.0,1,13.15,4.22,SPY240328C00465000,465.0,normalDay
2023-10-23,13323.0,-1521.0,0.0,100,420.46,445.0,0,0.0,0.0,,0.0,1,13.15,3.82,SPY240328C00465000,465.0,normalDay
2023-10-24,13323.0,-1279.0,0.0,100,423.63,445.0,0,0.0,0.0,,0.0,1,13.15,4.57,SPY240328C00465000,465.0,normalDay
2023-10-25,13323.0,-1774.0,0.0,100,417.55,445.0,0,0.0,0.0,,0.0,1,13.15,3.44,SPY240328C00465000,465.0,normalDay
2023-10-26,13323.0,-2167.0,0.0,100,412.55,445.0,0,0.0,0.0,,0.0,1,13.15,2.37,SPY240328C00465000,465.0,normalDay
2023-10-27,13323.0,-2333.0,0.0,100,410.68,445.0,0,0.0,0.0,,0.0,1,13.15,2.16,SPY240328C00465000,465.0,normalDay
2023-10-30,13323.0,-1885.0,0.0,100,415.59,445.0,0,0.0,0.0,,0.0,1,13.15,2.59,SPY240328C00465000,465.0,normalDay
2023-10-31,13323.0,-1613.0,0.0,100,418.2,445.0,0,0.0,0.0,,0.0,1,13.15,2.48,SPY240328C00465000,465.0,normalDay
2023-11-01,13323.0,-1230.0,0.0,100,422.66,445.0,0,0.0,0.0,,0.0,1,13.15,3.11,SPY240328C00465000,465.0,normalDay
2023-11-02,13323.0,-552.0,0.0,100,430.76,445.0,0,0.0,0.0,,0.0,1,13.15,4.43,SPY240328C00465000,465.0,normalDay
2023-11-03,13323.0,-239.0,0.0,100,434.69,445.0,0,0.0,0.0,,0.0,1,13.15,5.23,SPY240328C00465000,465.0,normalDay
2023-11-06,13323.0,-122.0,0.0,100,435.69,445.0,0,0.0,0.0,,0.0,1,13.15,5.06,SPY240328C00465000,465.0,normalDay
2023-11-07,13323.0,-36.0,0.0,100,436.93,445.0,0,0.0,0.0,,0.0,1,13.15,5.44,SPY240328C00465000,465.0,normalDay
2023-11-08,13323.0,6.0,0.0,100,437.25,445.0,0,0.0,0.0,,0.0,1,13.15,5.34,SPY240328C00465000,465.0,normalDay
2023-11-09,13323.0,-255.0,0.0,100,433.84,445.0,0,0.0,0.0,,0.0,1,13.15,4.54,SPY240328C00465000,465.0,normalDay
2023-11-10,13323.0,251.0,0.0,100,440.61,445.0,0,0.0,0.0,,0.0,1,13.15,6.25,SPY240328C00465000,465.0,normalDay
2023-11-13,13323.0,231.0,0.0,100,440.19,445.0,0,0.0,0.0,,0.0,1,13.15,6.03,SPY240328C00465000,465.0,normalDay
2023-11-14,13323.0,749.0,0.0,100,448.73,445.0,0,0.0,0.0,,0.0,1,13.15,9.39,SPY240328C00465000,465.0,normalDay
2023-11-15,13323.0,841.0,0.0,100,449.68,445.0,0,0.0,0.0,,0.0,1,13.15,9.42,SPY240328C00465000,465.0,normalDay
2023-11-16,13323.0,884.0,0.0,100,450.23,445.0,0,0.0,0.0,,0.0,1,13.15,9.54,SPY240328C00465000,465.0,normalDay
2023-11-17,13323.0,937.0,0.0,100,450.79,445.0,0,0.0,0.0,,0.0,1,13.15,9.57,SPY240328C00465000,465.0,normalDay
2023-11-20,13323.0,1130.0,0.0,100,454.26,445.0,0,0.0,0.0,,0.0,1,13.15,11.11,SPY240328C00465000,465.0,normalDay
2023-11-21,13323.0,1121.0,0.0,100,453.27,445.0,0,0.0,0.0,,0.0,1,13.15,10.21,SPY240328C00465000,465.0,normalDay
2023-11-22,13323.0,1196.0,0.0,100,455.02,445.0,0,0.0,0.0,,0.0,1,13.15,11.21,SPY240328C00465000,465.0,normalDay
2023-11-24,13323.0,1246.0,0.0,100,455.3,445.0,0,0.0,0.0,,0.0,1,13.15,10.99,SPY240328C00465000,465.0,normalDay
2023-11-27,13323.0,1212.0,0.0,100,454.48,445.0,0,0.0,0.0,,0.0,1,13.15,10.51,SPY240328C00465000,465.0,normalDay
2023-11-28,13323.0,1246.0,0.0,100,454.93,445.0,0,0.0,0.0,,0.0,1,13.15,10.62,SPY240328C00465000,465.0,normalDay
2023-11-29,13323.0,1198.0,0.0,100,454.61,445.0,0,0.0,0.0,,0.0,1,13.15,10.78,SPY240328C00465000,465.0,normalDay
2023-11-30,13323.0,1336.0,0.0,100,456.4,445.0,0,0.0,0.0,,0.0,1,13.15,11.19,SPY240328C00465000,465.0,normalDay
