date,totalCapital,unrializedPnL,rializedPnL,stocksOwned,stocksPriceToday,stocksPriceBoughtAt,putOwned,putOwnedSoldAt,putPriceToday,putOwnedContract,putOwnedStrike,callOwned,callOwnedSoldAt,callPriceToday,callOwnedContract,callOwnedStrike,trackType
2018-11-01,0.0,-9.0,0.0,0,273.51,0.0,1,4.1,4.19,SPY190315P00245000,245.0,0,0.0,0.0,,0.0,normalDay
2018-11-02,0.0,-32.0,0.0,0,271.89,0.0,1,4.1,4.42,SPY190315P00245000,245.0,0,0.0,0.0,,0.0,normalDay
2018-11-05,0.0,6.0,0.0,0,273.39,0.0,1,4.1,4.04,SPY190315P00245000,245.0,0,0.0,0.0,,0.0,normalDay
2018-11-06,0.0,43.0,0.0,0,275.12,0.0,1,4.1,3.67,SPY190315P00245000,245.0,0,0.0,0.0,,0.0,normalDay
2018-11-07,0.0,153.0,0.0,0,281.01,0.0,1,4.1,2.57,SPY190315P00245000,245.0,0,0.0,0.0,,0.0,normalDay
2018-11-08,0.0,154.0,0.0,0,280.5,0.0,1,4.1,2.56,SPY190315P00245000,245.0,0,0.0,0.0,,0.0,normalDay
2018-11-09,0.0,104.0,0.0,0,277.76,0.0,1,4.1,3.06,SPY190315P00245000,245.0,0,0.0,0.0,,0.0,normalDay
2018-11-12,0.0,8.0,0.0,0,272.57,0.0,1,4.1,4.02,SPY190315P00245000,245.0,0,0.0,0.0,,0.0,normalDay
2018-11-13,0.0,-11.0,0.0,0,272.06,0.0,1,4.1,4.21,SPY190315P00245000,245.0,0,0.0,0.0,,0.0,normalDay
2018-11-14,0.0,-62.0,0.0,0,270.2,0.0,1,4.1,4.72,SPY190315P00245000,245.0,0,0.0,0.0,,0.0,normalDay
2018-11-15,0.0,7.0,0.0,0,273.02,0.0,1,4.1,4.03,SPY190315P00245000,245.0,0,0.0,0.0,,0.0,normalDay
2018-11-16,0.0,52.0,0.0,0,273.73,0.0,1,4.1,3.58,SPY190315P00245000,245.0,0,0.0,0.0,,0.0,normalDay
2018-11-19,0.0,-40.0,0.0,0,269.1,0.0,1,4.1,4.5,SPY190315P00245000,245.0,0,0.0,0.0,,0.0,normalDay
2018-11-20,0.0,-180.0,0.0,0,264.12,0.0,1,4.1,5.9,SPY190315P00245000,245.0,0,0.0,0.0,,0.0,normalDay
2018-11-21,0.0,-124.0,0.0,0,265.02,0.0,1,4.1,5.34,SPY190315P00245000,245.0,0,0.0,0.0,,0.0,normalDay
2018-11-23,0.0,-165.0,0.0,0,263.25,0.0,1,4.1,5.75,SPY190315P00245000,245.0,0,0.0,0.0,,0.0,normalDay
2018-11-26,0.0,-7.0,0.0,0,267.5,0.0,1,4.1,4.17,SPY190315P00245000,245.0,0,0.0,0.0,,0.0,normalDay
2018-11-27,0.0,6.0,0.0,0,268.4,0.0,1,4.1,4.04,SPY190315P00245000,245.0,0,0.0,0.0,,0.0,normalDay
2018-11-28,0.0,106.0,0.0,0,274.58,0.0,1,4.1,3.04,SPY190315P00245000,245.0,0,0.0,0.0,,0.0,normalDay
2018-11-29,0.0,92.0,0.0,0,273.98,0.0,1,4.1,3.18,SPY190315P00245000,245.0,0,0.0,0.0,,0.0,normalDay
2018-11-30,0.0,128.0,0.0,0,275.65,0.0,1,4.1,2.82,SPY190315P00245000,245.0,0,0.0,0.0,,0.0,normalDay
2018-12-03,0.0,191.0,0.0,0,279.3,0.0,1,4.1,2.19,SPY190315P00245000,245.0,0,0.0,0.0,,0.0,normalDay
2018-12-04,0.0,24.0,0.0,0,270.25,0.0,1,4.1,3.86,SPY190315P00245000,245.0,0,0.0,0.0,,0.0,normalDay
2018-12-06,0.0,18.0,0.0,0,269.84,0.0,1,4.1,3.92,SPY190315P00245000,245.0,0,0.0,0.0,,0.0,normalDay
2018-12-07,0.0,-134.0,0.0,0,263.57,0.0,1,4.1,5.44,SPY190315P00245000,245.0,0,0.0,0.0,,0.0,normalDay
2018-12-10,0.0,-87.0,0.0,0,264.07,0.0,1,4.1,4.97,SPY190315P00245000,245.0,0,0.0,0.0,,0.0,normalDay
2018-12-11,0.0,-76.0,0.0,0,264.13,0.0,1,4.1,4.86,SPY190315P00245000,245.0,0,0.0,0.0,,0.0,normalDay
2018-12-12,0.0,-49.0,0.0,0,265.46,0.0,1,4.1,4.59,SPY190315P00245000,245.0,0,0.0,0.0,,0.0,normalDay
2018-12-13,0.0,-29.0,0.0,0,265.37,0.0,1,4.1,4.39,SPY190315P00245000,245.0,0,0.0,0.0,,0.0,normalDay
2018-12-14,0.0,-138.0,0.0,0,260.47,0.0,1,4.1,5.48,SPY190315P00245000,245.0,0,0.0,0.0,,0.0,normalDay
2018-12-17,0.0,-293.0,0.0,0,255.36,0.0,1,4.1,7.03,SPY190315P00245000,245.0,0,0.0,0.0,,0.0,normalDay
2018-12-18,0.0,-328.0,0.0,0,255.08,0.0,1,4.1,7.38,SPY190315P00245000,245.0,0,0.0,0.0,,0.0,normalDay
2018-12-19,0.0,-401.0,0.0,0,251.26,0.0,1,4.1,8.11,SPY190315P00245000,245.0,0,0.0,0.0,,0.0,normalDay
2018-12-20,0.0,-581.0,0.0,0,247.17,0.0,1,4.1,9.91,SPY190315P00245000,245.0,0,0.0,0.0,,0.0,normalDay
2018-12-21,0.0,-885.0,0.0,0,240.7,0.0,1,4.1,12.95,SPY190315P00245000,245.0,0,0.0,0.0,,0.0,normalDay
2018-12-24,0.0,-1361.0,0.0,0,234.34,0.0,1,4.1,17.71,SPY190315P00245000,245.0,0,0.0,0.0,,0.0,normalDay
2018-12-26,0.0,-576.0,0.0,0,246.18,0.0,1,4.1,9.86,SPY190315P00245000,245.0,0,0.0,0.0,,0.0,normalDay
2018-12-27,0.0,-524.0,0.0,0,248.07,0.0,1,4.1,9.34,SPY190315P00245000,245.0,0,0.0,0.0,,0.0,normalDay
2018-12-28,0.0,-525.0,0.0,0,247.75,0.0,1,4.1,9.35,SPY190315P00245000,245.0,0,0.0,0.0,,0.0,normalDay
2018-12-31,0.0,-368.0,0.0,0,249.92,0.0,1,4.1,7.78,SPY190315P00245000,245.0,0,0.0,0.0,,0.0,normalDay
2019-01-02,0.0,-292.0,0.0,0,250.18,0.0,1,4.1,7.02,SPY190315P00245000,245.0,0,0.0,0.0,,0.0,normalDay
2019-01-03,0.0,-583.0,0.0,0,244.21,0.0,1,4.1,9.93,SPY190315P00245000,245.0,0,0.0,0.0,,0.0,normalDay
2019-01-04,0.0,-192.0,0.0,0,252.39,0.0,1,4.1,6.02,SPY190315P00245000,245.0,0,0.0,0.0,,0.0,normalDay
2019-01-07,0.0,-123.0,0.0,0,254.38,0.0,1,4.1,5.33,SPY190315P00245000,245.0,0,0.0,0.0,,0.0,normalDay
2019-01-08,0.0,-38.0,0.0,0,256.77,0.0,1,4.1,4.48,SPY190315P00245000,245.0,0,0.0,0.0,,0.0,normalDay
2019-01-09,0.0,8.0,0.0,0,257.97,0.0,1,4.1,4.02,SPY190315P00245000,245.0,0,0.0,0.0,,0.0,normalDay
2019-01-10,0.0,42.0,0.0,0,258.88,0.0,1,4.1,3.68,SPY190315P00245000,245.0,0,0.0,0.0,,0.0,normalDay
2019-01-11,0.0,76.0,0.0,0,258.98,0.0,1,4.1,3.34,SPY190315P00245000,245.0,0,0.0,0.0,,0.0,normalDay
2019-01-14,0.0,59.0,0.0,0,257.4,0.0,1,4.1,3.51,SPY190315P00245000,245.0,0,0.0,0.0,,0.0,normalDay
2019-01-15,0.0,133.0,0.0,0,260.35,0.0,1,4.1,2.77,SPY190315P00245000,245.0,0,0.0,0.0,,0.0,normalDay
2019-01-16,0.0,147.0,0.0,0,260.98,0.0,1,4.1,2.63,SPY190315P00245000,245.0,0,0.0,0.0,,0.0,normalDay
2019-01-17,0.0,187.0,0.0,0,262.96,0.0,1,4.1,2.23,SPY190315P00245000,245.0,0,0.0,0.0,,0.0,normalDay
2019-01-18,0.0,232.0,0.0,0,266.46,0.0,1,4.1,1.78,SPY190315P00245000,245.0,0,0.0,0.0,,0.0,normalDay
2019-01-22,0.0,159.0,0.0,0,262.86,0.0,1,4.1,2.51,SPY190315P00245000,245.0,0,0.0,0.0,,0.0,normalDay
2019-01-23,0.0,174.0,0.0,0,263.41,0.0,1,4.1,2.36,SPY190315P00245000,245.0,0,0.0,0.0,,0.0,normalDay
2019-01-24,0.0,194.0,0.0,0,263.55,0.0,1,4.1,2.16,SPY190315P00245000,245.0,0,0.0,0.0,,0.0,normalDay
2019-01-25,0.0,253.0,0.0,0,265.78,0.0,1,4.1,1.57,SPY190315P00245000,245.0,0,0.0,0.0,,0.0,normalDay
2019-01-28,0.0,220.0,0.0,0,263.76,0.0,1,4.1,1.9,SPY190315P00245000,245.0,0,0.0,0.0,,0.0,normalDay
2019-01-29,0.0,216.0,0.0,0,263.41,0.0,1,4.1,1.94,SPY190315P00245000,245.0,0,0.0,0.0,,0.0,normalDay
2019-01-30,0.0,287.0,0.0,0,267.58,0.0,1,4.1,1.23,SPY190315P00245000,245.0,0,0.0,0.0,,0.0,normalDay
2019-01-31,0.0,324.0,0.0,0,269.93,0.0,1,4.1,0.86,SPY190315P00245000,245.0,0,0.0,0.0,,0.0,normalDay
2019-02-01,0.0,330.0,0.0,0,270.06,0.0,1,4.1,0.8,SPY190315P00245000,245.0,0,0.0,0.0,,0.0,normalDay
2019-02-04,0.0,350.0,0.0,0,271.96,0.0,1,4.1,0.6,SPY190315P00245000,245.0,0,0.0,0.0,,0.0,normalDay
2019-02-05,0.0,353.0,0.0,0,273.1,0.0,1,4.1,0.57,SPY190315P00245000,245.0,0,0.0,0.0,,0.0,normalDay
2019-02-06,0.0,355.0,0.0,0,272.74,0.0,1,4.1,0.55,SPY190315P00245000,245.0,0,0.0,0.0,,0.0,normalDay
2019-02-07,0.0,339.0,0.0,0,270.14,0.0,1,4.1,0.71,SPY190315P00245000,245.0,0,0.0,0.0,,0.0,normalDay
2019-02-08,0.0,349.0,0.0,0,270.47,0.0,1,4.1,0.61,SPY190315P00245000,245.0,0,0.0,0.0,,0.0,normalDay
2019-02-11,0.0,358.0,0.0,0,270.62,0.0,1,4.1,0.52,SPY190315P00245000,245.0,0,0.0,0.0,,0.0,normalDay
2019-02-12,0.0,373.0,0.0,0,274.1,0.0,1,4.1,0.37,SPY190315P00245000,245.0,0,0.0,0.0,,0.0,normalDay
2019-02-13,0.0,375.0,0.0,0,274.99,0.0,1,4.1,0.35,SPY190315P00245000,245.0,0,0.0,0.0,,0.0,normalDay
2019-02-14,0.0,371.0,0.0,0,274.38,0.0,1,4.1,0.39,SPY190315P00245000,245.0,0,0.0,0.0,,0.0,normalDay
2019-02-15,0.0,383.0,0.0,0,277.37,0.0,1,4.1,0.27,SPY190315P00245000,245.0,0,0.0,0.0,,0.0,normalDay
2019-02-19,0.0,391.0,0.0,0,277.85,0.0,1,4.1,0.19,SPY190315P00245000,245.0,0,0.0,0.0,,0.0,normalDay
2019-02-20,0.0,395.0,0.0,0,278.41,0.0,1,4.1,0.15,SPY190315P00245000,245.0,0,0.0,0.0,,0.0,normalDay
2019-02-21,0.0,395.0,0.0,0,277.42,0.0,1,4.1,0.15,SPY190315P00245000,245.0,0,0.0,0.0,,0.0,normalDay
2019-02-22,0.0,400.0,0.0,0,279.14,0.0,1,4.1,0.1,SPY190315P00245000,245.0,0,0.0,0.0,,0.0,normalDay
2019-02-25,0.0,396.0,0.0,0,279.52,0.0,1,4.1,0.14,SPY190315P00245000,245.0,0,0.0,0.0,,0.0,normalDay
2019-02-26,0.0,398.0,0.0,0,279.32,0.0,1,4.1,0.12,SPY190315P00245000,245.0,0,0.0,0.0,,0.0,normalDay
2019-02-27,0.0,399.0,0.0,0,279.2,0.0,1,4.1,0.11,SPY190315P00245000,245.0,0,0.0,0.0,,0.0,normalDay
2019-02-28,0.0,399.0,0.0,0,278.68,0.0,1,4.1,0.11,SPY190315P00245000,245.0,0,0.0,0.0,,0.0,normalDay
2019-03-01,0.0,404.0,0.0,0,280.42,0.0,1,4.1,0.06,SPY190315P00245000,245.0,0,0.0,0.0,,0.0,normalDay
2019-03-04,0.0,404.0,0.0,0,279.4,0.0,1,4.1,0.06,SPY190315P00245000,245.0,0,0.0,0.0,,0.0,normalDay
2019-03-05,0.0,405.0,0.0,0,279.02,0.0,1,4.1,0.05,SPY190315P00245000,245.0,0,0.0,0.0,,0.0,normalDay
2019-03-06,0.0,404.0,0.0,0,277.33,0.0,1,4.1,0.06,SPY190315P00245000,245.0,0,0.0,0.0,,0.0,normalDay
2019-03-07,0.0,404.0,0.0,0,275.01,0.0,1,4.1,0.06,SPY190315P00245000,245.0,0,0.0,0.0,,0.0,normalDay
2019-03-08,0.0,407.0,0.0,0,274.46,0.0,1,4.1,0.03,SPY190315P00245000,245.0,0,0.0,0.0,,0.0,normalDay
2019-03-11,0.0,408.0,0.0,0,278.44,0.0,1,4.1,0.02,SPY190315P00245000,245.0,0,0.0,0.0,,0.0,normalDay
2019-03-12,0.0,409.0,0.0,0,279.49,0.0,1,4.1,0.01,SPY190315P00245000,245.0,0,0.0,0.0,,0.0,normalDay
2019-03-13,0.0,409.0,0.0,0,281.34,0.0,1,4.1,0.01,SPY190315P00245000,245.0,0,0.0,0.0,,0.0,normalDay
2019-03-14,0.0,409.0,0.0,0,281.16,0.0,1,4.1,0.01,SPY190315P00245000,245.0,0,0.0,0.0,,0.0,normalDay
2019-03-15,410.0,0.0,410.0,0,281.31,0.0,1,4.1,0.0,SPY190315P00245000,245.0,0,0.0,0.0,,0.0,expirationDay
2019-03-18,410.0,-5.0,0.0,0,282.33,0.0,1,4.6,4.65,SPY190719P00270000,270.0,0,0.0,0.0,,0.0,normalDay
2019-03-19,410.0,-22.0,0.0,0,282.4,0.0,1,4.6,4.82,SPY190719P00270000,270.0,0,0.0,0.0,,0.0,normalDay
2019-03-20,410.0,-46.0,0.0,0,281.55,0.0,1,4.6,5.06,SPY190719P00270000,270.0,0,0.0,0.0,,0.0,normalDay
2019-03-21,410.0,29.0,0.0,0,284.73,0.0,1,4.6,4.31,SPY190719P00270000,270.0,0,0.0,0.0,,0.0,normalDay
2019-03-22,410.0,-143.0,0.0,0,279.25,0.0,1,4.6,6.03,SPY190719P00270000,270.0,0,0.0,0.0,,0.0,normalDay
2019-03-25,410.0,-161.0,0.0,0,279.04,0.0,1,4.6,6.21,SPY190719P00270000,270.0,0,0.0,0.0,,0.0,normalDay
2019-03-26,410.0,-79.0,0.0,0,281.12,0.0,1,4.6,5.39,SPY190719P00270000,270.0,0,0.0,0.0,,0.0,normalDay
2019-03-27,410.0,-118.0,0.0,0,279.65,0.0,1,4.6,5.78,SPY190719P00270000,270.0,0,0.0,0.0,,0.0,normalDay
2019-03-28,410.0,-69.0,0.0,0,280.71,0.0,1,4.6,5.29,SPY190719P00270000,270.0,0,0.0,0.0,,0.0,normalDay
2019-03-29,410.0,-8.0,0.0,0,282.48,0.0,1,4.6,4.68,SPY190719P00270000,270.0,0,0.0,0.0,,0.0,normalDay
2019-04-01,410.0,73.0,0.0,0,285.83,0.0,1,4.6,3.87,SPY190719P00270000,270.0,0,0.0,0.0,,0.0,normalDay
2019-04-02,410.0,80.0,0.0,0,285.97,0.0,1,4.6,3.8,SPY190719P00270000,270.0,0,0.0,0.0,,0.0,normalDay
2019-04-03,410.0,93.0,0.0,0,286.42,0.0,1,4.6,3.67,SPY190719P00270000,270.0,0,0.0,0.0,,0.0,normalDay
2019-04-04,410.0,110.0,0.0,0,287.18,0.0,1,4.6,3.5,SPY190719P00270000,270.0,0,0.0,0.0,,0.0,normalDay
2019-04-05,410.0,149.0,0.0,0,288.57,0.0,1,4.6,3.11,SPY190719P00270000,270.0,0,0.0,0.0,,0.0,normalDay
2019-04-08,410.0,154.0,0.0,0,288.79,0.0,1,4.6,3.06,SPY190719P00270000,270.0,0,0.0,0.0,,0.0,normalDay
2019-04-09,410.0,106.0,0.0,0,287.31,0.0,1,4.6,3.54,SPY190719P00270000,270.0,0,0.0,0.0,,0.0,normalDay
2019-04-10,410.0,150.0,0.0,0,288.29,0.0,1,4.6,3.1,SPY190719P00270000,270.0,0,0.0,0.0,,0.0,normalDay
2019-04-11,410.0,153.0,0.0,0,288.21,0.0,1,4.6,3.07,SPY190719P00270000,270.0,0,0.0,0.0,,0.0,normalDay
2019-04-12,410.0,209.0,0.0,0,290.16,0.0,1,4.6,2.51,SPY190719P00270000,270.0,0,0.0,0.0,,0.0,normalDay
2019-04-15,410.0,215.0,0.0,0,289.97,0.0,1,4.6,2.45,SPY190719P00270000,270.0,0,0.0,0.0,,0.0,normalDay
2019-04-16,410.0,219.0,0.0,0,290.16,0.0,1,4.6,2.41,SPY190719P00270000,270.0,0,0.0,0.0,,0.0,normalDay
2019-04-17,410.0,205.0,0.0,0,289.45,0.0,1,4.6,2.55,SPY190719P00270000,270.0,0,0.0,0.0,,0.0,normalDay
2019-04-18,410.0,220.0,0.0,0,290.02,0.0,1,4.6,2.4,SPY190719P00270000,270.0,0,0.0,0.0,,0.0,normalDay
2019-04-22,410.0,234.0,0.0,0,290.27,0.0,1,4.6,2.26,SPY190719P00270000,270.0,0,0.0,0.0,,0.0,normalDay
2019-04-23,410.0,264.0,0.0,0,292.88,0.0,1,4.6,1.96,SPY190719P00270000,270.0,0,0.0,0.0,,0.0,normalDay
2019-04-24,410.0,250.0,0.0,0,292.23,0.0,1,4.6,2.1,SPY190719P00270000,270.0,0,0.0,0.0,,0.0,normalDay
2019-04-25,410.0,245.0,0.0,0,292.05,0.0,1,4.6,2.15,SPY190719P00270000,270.0,0,0.0,0.0,,0.0,normalDay
2019-04-26,410.0,267.0,0.0,0,293.41,0.0,1,4.6,1.93,SPY190719P00270000,270.0,0,0.0,0.0,,0.0,normalDay
2019-04-29,410.0,273.0,0.0,0,293.87,0.0,1,4.6,1.87,SPY190719P00270000,270.0,0,0.0,0.0,,0.0,normalDay
2019-04-30,410.0,277.0,0.0,0,294.02,0.0,1,4.6,1.83,SPY190719P00270000,270.0,0,0.0,0.0,,0.0,normalDay
2019-05-01,410.0,236.0,0.0,0,291.81,0.0,1,4.6,2.24,SPY190719P00270000,270.0,0,0.0,0.0,,0.0,normalDay
2019-05-02,410.0,230.0,0.0,0,291.18,0.0,1,4.6,2.3,SPY190719P00270000,270.0,0,0.0,0.0,,0.0,normalDay
2019-05-03,410.0,287.0,0.0,0,294.03,0.0,1,4.6,1.73,SPY190719P00270000,270.0,0,0.0,0.0,,0.0,normalDay
2019-05-06,410.0,246.0,0.0,0,292.82,0.0,1,4.6,2.14,SPY190719P00270000,270.0,0,0.0,0.0,,0.0,normalDay
2019-05-07,410.0,101.0,0.0,0,287.93,0.0,1,4.6,3.59,SPY190719P00270000,270.0,0,0.0,0.0,,0.0,normalDay
2019-05-08,410.0,107.0,0.0,0,287.53,0.0,1,4.6,3.53,SPY190719P00270000,270.0,0,0.0,0.0,,0.0,normalDay
2019-05-09,410.0,108.0,0.0,0,286.66,0.0,1,4.6,3.52,SPY190719P00270000,270.0,0,0.0,0.0,,0.0,normalDay
2019-05-10,410.0,183.0,0.0,0,288.1,0.0,1,4.6,2.77,SPY190719P00270000,270.0,0,0.0,0.0,,0.0,normalDay
2019-05-13,410.0,-41.0,0.0,0,280.86,0.0,1,4.6,5.01,SPY190719P00270000,270.0,0,0.0,0.0,,0.0,normalDay
2019-05-14,410.0,70.0,0.0,0,283.4,0.0,1,4.6,3.9,SPY190719P00270000,270.0,0,0.0,0.0,,0.0,normalDay
2019-05-15,410.0,144.0,0.0,0,285.06,0.0,1,4.6,3.16,SPY190719P00270000,270.0,0,0.0,0.0,,0.0,normalDay
2019-05-16,410.0,215.0,0.0,0,287.7,0.0,1,4.6,2.45,SPY190719P00270000,270.0,0,0.0,0.0,,0.0,normalDay
2019-05-17,410.0,176.0,0.0,0,285.84,0.0,1,4.6,2.84,SPY190719P00270000,270.0,0,0.0,0.0,,0.0,normalDay
2019-05-20,410.0,153.0,0.0,0,283.95,0.0,1,4.6,3.07,SPY190719P00270000,270.0,0,0.0,0.0,,0.0,normalDay
2019-05-21,410.0,227.0,0.0,0,286.51,0.0,1,4.6,2.33,SPY190719P00270000,270.0,0,0.0,0.0,,0.0,normalDay
2019-05-22,410.0,220.0,0.0,0,285.63,0.0,1,4.6,2.4,SPY190719P00270000,270.0,0,0.0,0.0,,0.0,normalDay
2019-05-23,410.0,116.0,0.0,0,282.14,0.0,1,4.6,3.44,SPY190719P00270000,270.0,0,0.0,0.0,,0.0,normalDay
2019-05-24,410.0,158.0,0.0,0,282.78,0.0,1,4.6,3.02,SPY190719P00270000,270.0,0,0.0,0.0,,0.0,normalDay
2019-05-28,410.0,99.0,0.0,0,280.15,0.0,1,4.6,3.61,SPY190719P00270000,270.0,0,0.0,0.0,,0.0,normalDay
2019-05-29,410.0,49.0,0.0,0,278.27,0.0,1,4.6,4.11,SPY190719P00270000,270.0,0,0.0,0.0,,0.0,normalDay
2019-05-30,410.0,81.0,0.0,0,279.03,0.0,1,4.6,3.79,SPY190719P00270000,270.0,0,0.0,0.0,,0.0,normalDay
2019-05-31,410.0,-51.0,0.0,0,275.27,0.0,1,4.6,5.11,SPY190719P00270000,270.0,0,0.0,0.0,,0.0,normalDay
2019-06-03,410.0,-43.0,0.0,0,274.57,0.0,1,4.6,5.03,SPY190719P00270000,270.0,0,0.0,0.0,,0.0,normalDay
2019-06-04,410.0,158.0,0.0,0,280.53,0.0,1,4.6,3.02,SPY190719P00270000,270.0,0,0.0,0.0,,0.0,normalDay
2019-06-05,410.0,234.0,0.0,0,282.96,0.0,1,4.6,2.26,SPY190719P00270000,270.0,0,0.0,0.0,,0.0,normalDay
2019-06-06,410.0,271.0,0.0,0,284.8,0.0,1,4.6,1.89,SPY190719P00270000,270.0,0,0.0,0.0,,0.0,normalDay
2019-06-07,410.0,298.0,0.0,0,287.65,0.0,1,4.6,1.62,SPY190719P00270000,270.0,0,0.0,0.0,,0.0,normalDay
2019-06-10,410.0,329.0,0.0,0,288.97,0.0,1,4.6,1.31,SPY190719P00270000,270.0,0,0.0,0.0,,0.0,normalDay
2019-06-11,410.0,328.0,0.0,0,288.9,0.0,1,4.6,1.32,SPY190719P00270000,270.0,0,0.0,0.0,,0.0,normalDay
2019-06-12,410.0,328.0,0.0,0,288.39,0.0,1,4.6,1.32,SPY190719P00270000,270.0,0,0.0,0.0,,0.0,normalDay
2019-06-13,410.0,346.0,0.0,0,289.58,0.0,1,4.6,1.14,SPY190719P00270000,270.0,0,0.0,0.0,,0.0,normalDay
2019-06-14,410.0,356.0,0.0,0,289.26,0.0,1,4.6,1.04,SPY190719P00270000,270.0,0,0.0,0.0,,0.0,normalDay
2019-06-17,410.0,367.0,0.0,0,289.37,0.0,1,4.6,0.93,SPY190719P00270000,270.0,0,0.0,0.0,,0.0,normalDay
2019-06-18,410.0,389.0,0.0,0,292.4,0.0,1,4.6,0.71,SPY190719P00270000,270.0,0,0.0,0.0,,0.0,normalDay
2019-06-19,410.0,404.0,0.0,0,293.06,0.0,1,4.6,0.56,SPY190719P00270000,270.0,0,0.0,0.0,,0.0,normalDay
2019-06-20,410.0,414.0,0.0,0,295.86,0.0,1,4.6,0.46,SPY190719P00270000,270.0,0,0.0,0.0,,0.0,normalDay
2019-06-21,410.0,412.0,0.0,0,294.0,0.0,1,4.6,0.48,SPY190719P00270000,270.0,0,0.0,0.0,,0.0,normalDay
2019-06-24,410.0,420.0,0.0,0,293.64,0.0,1,4.6,0.4,SPY190719P00270000,270.0,0,0.0,0.0,,0.0,normalDay
2019-06-25,410.0,401.0,0.0,0,290.76,0.0,1,4.6,0.59,SPY190719P00270000,270.0,0,0.0,0.0,,0.0,normalDay
2019-06-26,410.0,403.0,0.0,0,290.47,0.0,1,4.6,0.57,SPY190719P00270000,270.0,0,0.0,0.0,,0.0,normalDay
2019-06-27,410.0,416.0,0.0,0,291.5,0.0,1,4.6,0.44,SPY190719P00270000,270.0,0,0.0,0.0,,0.0,normalDay
2019-06-28,410.0,425.0,0.0,0,293.0,0.0,1,4.6,0.35,SPY190719P00270000,270.0,0,0.0,0.0,,0.0,normalDay
2019-07-01,410.0,444.0,0.0,0,295.66,0.0,1,4.6,0.16,SPY190719P00270000,270.0,0,0.0,0.0,,0.0,normalDay
2019-07-02,410.0,449.0,0.0,0,296.43,0.0,1,4.6,0.11,SPY190719P00270000,270.0,0,0.0,0.0,,0.0,normalDay
2019-07-03,410.0,452.0,0.0,0,298.8,0.0,1,4.6,0.08,SPY190719P00270000,270.0,0,0.0,0.0,,0.0,normalDay
2019-07-05,410.0,450.0,0.0,0,298.46,0.0,1,4.6,0.1,SPY190719P00270000,270.0,0,0.0,0.0,,0.0,normalDay
2019-07-08,410.0,454.0,0.0,0,296.82,0.0,1,4.6,0.06,SPY190719P00270000,270.0,0,0.0,0.0,,0.0,normalDay
2019-07-09,410.0,455.0,0.0,0,297.19,0.0,1,4.6,0.05,SPY190719P00270000,270.0,0,0.0,0.0,,0.0,normalDay
2019-07-10,410.0,457.0,0.0,0,298.61,0.0,1,4.6,0.03,SPY190719P00270000,270.0,0,0.0,0.0,,0.0,normalDay
2019-07-11,410.0,457.0,0.0,0,299.31,0.0,1,4.6,0.03,SPY190719P00270000,270.0,0,0.0,0.0,,0.0,normalDay
2019-07-12,410.0,458.0,0.0,0,300.65,0.0,1,4.6,0.02,SPY190719P00270000,270.0,0,0.0,0.0,,0.0,normalDay
2019-07-15,410.0,458.0,0.0,0,300.75,0.0,1,4.6,0.02,SPY190719P00270000,270.0,0,0.0,0.0,,0.0,normalDay
2019-07-16,410.0,458.0,0.0,0,299.78,0.0,1,4.6,0.02,SPY190719P00270000,270.0,0,0.0,0.0,,0.0,normalDay
2019-07-17,410.0,459.0,0.0,0,297.74,0.0,1,4.6,0.01,SPY190719P00270000,270.0,0,0.0,0.0,,0.0,normalDay
2019-07-18,410.0,459.0,0.0,0,298.83,0.0,1,4.6,0.01,SPY190719P00270000,270.0,0,0.0,0.0,,0.0,normalDay
2019-07-19,870.0,0.0,460.0,0,297.17,0.0,1,4.6,0.0,SPY190719P00270000,270.0,0,0.0,0.0,,0.0,expirationDay
2019-07-22,870.0,-6.0,0.0,0,297.9,0.0,1,4.69,4.75,SPY191115P00283000,283.0,0,0.0,0.0,,0.0,normalDay
2019-07-23,870.0,57.0,0.0,0,300.03,0.0,1,4.69,4.12,SPY191115P00283000,283.0,0,0.0,0.0,,0.0,normalDay
2019-07-24,870.0,95.0,0.0,0,301.44,0.0,1,4.69,3.74,SPY191115P00283000,283.0,0,0.0,0.0,,0.0,normalDay
2019-07-25,870.0,57.0,0.0,0,300.0,0.0,1,4.69,4.12,SPY191115P00283000,283.0,0,0.0,0.0,,0.0,normalDay
2019-07-26,870.0,105.0,0.0,0,302.01,0.0,1,4.69,3.64,SPY191115P00283000,283.0,0,0.0,0.0,,0.0,normalDay
2019-07-29,870.0,102.0,0.0,0,301.46,0.0,1,4.69,3.67,SPY191115P00283000,283.0,0,0.0,0.0,,0.0,normalDay
2019-07-30,870.0,62.0,0.0,0,300.72,0.0,1,4.69,4.07,SPY191115P00283000,283.0,0,0.0,0.0,,0.0,normalDay
2019-07-31,870.0,-42.0,0.0,0,297.43,0.0,1,4.69,5.11,SPY191115P00283000,283.0,0,0.0,0.0,,0.0,normalDay
2019-08-01,870.0,-141.0,0.0,0,294.84,0.0,1,4.69,6.1,SPY191115P00283000,283.0,0,0.0,0.0,,0.0,normalDay
2019-08-02,870.0,-200.0,0.0,0,292.62,0.0,1,4.69,6.69,SPY191115P00283000,283.0,0,0.0,0.0,,0.0,normalDay
2019-08-05,870.0,-657.0,0.0,0,283.82,0.0,1,4.69,11.26,SPY191115P00283000,283.0,0,0.0,0.0,,0.0,normalDay
2019-08-06,870.0,-397.0,0.0,0,287.8,0.0,1,4.69,8.66,SPY191115P00283000,283.0,0,0.0,0.0,,0.0,normalDay
2019-08-07,870.0,-385.0,0.0,0,287.97,0.0,1,4.69,8.54,SPY191115P00283000,283.0,0,0.0,0.0,,0.0,normalDay
2019-08-08,870.0,-148.0,0.0,0,293.62,0.0,1,4.69,6.17,SPY191115P00283000,283.0,0,0.0,0.0,,0.0,normalDay
2019-08-09,870.0,-224.0,0.0,0,291.62,0.0,1,4.69,6.93,SPY191115P00283000,283.0,0,0.0,0.0,,0.0,normalDay
2019-08-12,870.0,-420.0,0.0,0,288.07,0.0,1,4.69,8.89,SPY191115P00283000,283.0,0,0.0,0.0,,0.0,normalDay
2019-08-13,870.0,-197.0,0.0,0,292.55,0.0,1,4.69,6.66,SPY191115P00283000,283.0,0,0.0,0.0,,0.0,normalDay
2019-08-14,870.0,-596.0,0.0,0,283.9,0.0,1,4.69,10.65,SPY191115P00283000,283.0,0,0.0,0.0,,0.0,normalDay
2019-08-15,870.0,-541.0,0.0,0,284.65,0.0,1,4.69,10.1,SPY191115P00283000,283.0,0,0.0,0.0,,0.0,normalDay
2019-08-16,870.0,-338.0,0.0,0,288.85,0.0,1,4.69,8.07,SPY191115P00283000,283.0,0,0.0,0.0,,0.0,normalDay
2019-08-19,870.0,-163.0,0.0,0,292.33,0.0,1,4.69,6.32,SPY191115P00283000,283.0,0,0.0,0.0,,0.0,normalDay
2019-08-20,870.0,-250.0,0.0,0,290.09,0.0,1,4.69,7.19,SPY191115P00283000,283.0,0,0.0,0.0,,0.0,normalDay
2019-08-21,870.0,-112.0,0.0,0,292.45,0.0,1,4.69,5.81,SPY191115P00283000,283.0,0,0.0,0.0,,0.0,normalDay
2019-08-22,870.0,-142.0,0.0,0,292.36,0.0,1,4.69,6.11,SPY191115P00283000,283.0,0,0.0,0.0,,0.0,normalDay
2019-08-23,870.0,-439.0,0.0,0,284.85,0.0,1,4.69,9.08,SPY191115P00283000,283.0,0,0.0,0.0,,0.0,normalDay
2019-08-26,870.0,-319.0,0.0,0,288.0,0.0,1,4.69,7.88,SPY191115P00283000,283.0,0,0.0,0.0,,0.0,normalDay
2019-08-27,870.0,-390.0,0.0,0,286.87,0.0,1,4.69,8.59,SPY191115P00283000,283.0,0,0.0,0.0,,0.0,normalDay
2019-08-28,870.0,-289.0,0.0,0,288.89,0.0,1,4.69,7.58,SPY191115P00283000,283.0,0,0.0,0.0,,0.0,normalDay
2019-08-29,870.0,-140.0,0.0,0,292.58,0.0,1,4.69,6.09,SPY191115P00283000,283.0,0,0.0,0.0,,0.0,normalDay
2019-08-30,870.0,-155.0,0.0,0,292.45,0.0,1,4.69,6.24,SPY191115P00283000,283.0,0,0.0,0.0,,0.0,normalDay
2019-09-03,870.0,-213.0,0.0,0,290.74,0.0,1,4.69,6.82,SPY191115P00283000,283.0,0,0.0,0.0,,0.0,normalDay
2019-09-04,870.0,-58.0,0.0,0,294.04,0.0,1,4.69,5.27,SPY191115P00283000,283.0,0,0.0,0.0,,0.0,normalDay
2019-09-05,870.0,54.0,0.0,0,297.82,0.0,1,4.69,4.15,SPY191115P00283000,283.0,0,0.0,0.0,,0.0,normalDay
2019-09-06,870.0,99.0,0.0,0,298.05,0.0,1,4.69,3.7,SPY191115P00283000,283.0,0,0.0,0.0,,0.0,normalDay
2019-09-09,870.0,107.0,0.0,0,298.2,0.0,1,4.69,3.62,SPY191115P00283000,283.0,0,0.0,0.0,,0.0,normalDay
2019-09-10,870.0,115.0,0.0,0,298.13,0.0,1,4.69,3.54,SPY191115P00283000,283.0,0,0.0,0.0,,0.0,normalDay
2019-09-11,870.0,174.0,0.0,0,300.25,0.0,1,4.69,2.95,SPY191115P00283000,283.0,0,0.0,0.0,,0.0,normalDay
2019-09-12,870.0,210.0,0.0,0,301.29,0.0,1,4.69,2.59,SPY191115P00283000,283.0,0,0.0,0.0,,0.0,normalDay
2019-09-13,870.0,217.0,0.0,0,301.09,0.0,1,4.69,2.52,SPY191115P00283000,283.0,0,0.0,0.0,,0.0,normalDay
2019-09-16,870.0,201.0,0.0,0,300.16,0.0,1,4.69,2.68,SPY191115P00283000,283.0,0,0.0,0.0,,0.0,normalDay
2019-09-17,870.0,213.0,0.0,0,300.92,0.0,1,4.69,2.56,SPY191115P00283000,283.0,0,0.0,0.0,,0.0,normalDay
2019-09-18,870.0,238.0,0.0,0,301.1,0.0,1,4.69,2.31,SPY191115P00283000,283.0,0,0.0,0.0,,0.0,normalDay
2019-09-19,870.0,241.0,0.0,0,301.08,0.0,1,4.69,2.28,SPY191115P00283000,283.0,0,0.0,0.0,,0.0,normalDay
2019-09-20,870.0,193.0,0.0,0,298.28,0.0,1,4.69,2.76,SPY191115P00283000,283.0,0,0.0,0.0,,0.0,normalDay
2019-09-23,870.0,217.0,0.0,0,298.21,0.0,1,4.69,2.52,SPY191115P00283000,283.0,0,0.0,0.0,,0.0,normalDay
2019-09-24,870.0,145.0,0.0,0,295.87,0.0,1,4.69,3.24,SPY191115P00283000,283.0,0,0.0,0.0,,0.0,normalDay
2019-09-25,870.0,191.0,0.0,0,297.62,0.0,1,4.69,2.78,SPY191115P00283000,283.0,0,0.0,0.0,,0.0,normalDay
2019-09-26,870.0,193.0,0.0,0,297.0,0.0,1,4.69,2.76,SPY191115P00283000,283.0,0,0.0,0.0,,0.0,normalDay
2019-09-27,870.0,142.0,0.0,0,295.4,0.0,1,4.69,3.27,SPY191115P00283000,283.0,0,0.0,0.0,,0.0,normalDay
2019-09-30,870.0,207.0,0.0,0,296.77,0.0,1,4.69,2.62,SPY191115P00283000,283.0,0,0.0,0.0,,0.0,normalDay
2019-10-01,870.0,95.0,0.0,0,293.24,0.0,1,4.69,3.74,SPY191115P00283000,283.0,0,0.0,0.0,,0.0,normalDay
2019-10-02,870.0,-110.0,0.0,0,288.06,0.0,1,4.69,5.79,SPY191115P00283000,283.0,0,0.0,0.0,,0.0,normalDay
2019-10-03,870.0,12.0,0.0,0,290.42,0.0,1,4.69,4.57,SPY191115P00283000,283.0,0,0.0,0.0,,0.0,normalDay
2019-10-04,870.0,162.0,0.0,0,294.35,0.0,1,4.69,3.07,SPY191115P00283000,283.0,0,0.0,0.0,,0.0,normalDay
2019-10-07,870.0,135.0,0.0,0,293.08,0.0,1,4.69,3.34,SPY191115P00283000,283.0,0,0.0,0.0,,0.0,normalDay
2019-10-08,870.0,-28.0,0.0,0,288.53,0.0,1,4.69,4.97,SPY191115P00283000,283.0,0,0.0,0.0,,0.0,normalDay
2019-10-09,870.0,93.0,0.0,0,291.27,0.0,1,4.69,3.76,SPY191115P00283000,283.0,0,0.0,0.0,,0.0,normalDay
2019-10-10,870.0,176.0,0.0,0,293.24,0.0,1,4.69,2.93,SPY191115P00283000,283.0,0,0.0,0.0,,0.0,normalDay
2019-10-11,870.0,288.0,0.0,0,296.28,0.0,1,4.69,1.81,SPY191115P00283000,283.0,0,0.0,0.0,,0.0,normalDay
2019-10-14,870.0,314.0,0.0,0,295.95,0.0,1,4.69,1.55,SPY191115P00283000,283.0,0,0.0,0.0,,0.0,normalDay
2019-10-15,870.0,373.0,0.0,0,298.88,0.0,1,4.69,0.96,SPY191115P00283000,283.0,0,0.0,0.0,,0.0,normalDay
2019-10-16,870.0,373.0,0.0,0,298.4,0.0,1,4.69,0.96,SPY191115P00283000,283.0,0,0.0,0.0,,0.0,normalDay
2019-10-17,870.0,382.0,0.0,0,299.28,0.0,1,4.69,0.87,SPY191115P00283000,283.0,0,0.0,0.0,,0.0,normalDay
2019-10-18,870.0,372.0,0.0,0,297.97,0.0,1,4.69,0.97,SPY191115P00283000,283.0,0,0.0,0.0,,0.0,normalDay
2019-10-21,870.0,405.0,0.0,0,299.99,0.0,1,4.69,0.64,SPY191115P00283000,283.0,0,0.0,0.0,,0.0,normalDay
2019-10-22,870.0,397.0,0.0,0,299.01,0.0,1,4.69,0.72,SPY191115P00283000,283.0,0,0.0,0.0,,0.0,normalDay
2019-10-23,870.0,414.0,0.0,0,299.88,0.0,1,4.69,0.55,SPY191115P00283000,283.0,0,0.0,0.0,,0.0,normalDay
2019-10-24,870.0,423.0,0.0,0,300.37,0.0,1,4.69,0.46,SPY191115P00283000,283.0,0,0.0,0.0,,0.0,normalDay
2019-10-25,870.0,438.0,0.0,0,301.6,0.0,1,4.69,0.31,SPY191115P00283000,283.0,0,0.0,0.0,,0.0,normalDay
2019-10-28,870.0,445.0,0.0,0,303.3,0.0,1,4.69,0.24,SPY191115P00283000,283.0,0,0.0,0.0,,0.0,normalDay
2019-10-29,870.0,448.0,0.0,0,303.21,0.0,1,4.69,0.21,SPY191115P00283000,283.0,0,0.0,0.0,,0.0,normalDay
2019-10-30,870.0,454.0,0.0,0,304.14,0.0,1,4.69,0.15,SPY191115P00283000,283.0,0,0.0,0.0,,0.0,normalDay
2019-10-31,870.0,448.0,0.0,0,303.33,0.0,1,4.69,0.21,SPY191115P00283000,283.0,0,0.0,0.0,,0.0,normalDay
2019-11-01,870.0,459.0,0.0,0,306.14,0.0,1,4.69,0.1,SPY191115P00283000,283.0,0,0.0,0.0,,0.0,normalDay
2019-11-04,870.0,461.0,0.0,0,307.37,0.0,1,4.69,0.08,SPY191115P00283000,283.0,0,0.0,0.0,,0.0,normalDay
2019-11-05,870.0,463.0,0.0,0,307.03,0.0,1,4.69,0.06,SPY191115P00283000,283.0,0,0.0,0.0,,0.0,normalDay
2019-11-06,870.0,465.0,0.0,0,307.1,0.0,1,4.69,0.04,SPY191115P00283000,283.0,0,0.0,0.0,,0.0,normalDay
2019-11-07,870.0,466.0,0.0,0,308.18,0.0,1,4.69,0.03,SPY191115P00283000,283.0,0,0.0,0.0,,0.0,normalDay
2019-11-08,870.0,467.0,0.0,0,308.94,0.0,1,4.69,0.02,SPY191115P00283000,283.0,0,0.0,0.0,,0.0,normalDay
2019-11-11,870.0,467.0,0.0,0,308.35,0.0,1,4.69,0.02,SPY191115P00283000,283.0,0,0.0,0.0,,0.0,normalDay
2019-11-12,870.0,467.0,0.0,0,309.0,0.0,1,4.69,0.02,SPY191115P00283000,283.0,0,0.0,0.0,,0.0,normalDay
2019-11-13,870.0,468.0,0.0,0,309.1,0.0,1,4.69,0.01,SPY191115P00283000,283.0,0,0.0,0.0,,0.0,normalDay
2019-11-14,870.0,468.0,0.0,0,309.55,0.0,1,4.69,0.01,SPY191115P00283000,283.0,0,0.0,0.0,,0.0,normalDay
2019-11-15,1339.0,0.0,469.0,0,311.79,0.0,1,4.69,0.0,SPY191115P00283000,283.0,0,0.0,0.0,,0.0,expirationDay
2019-11-18,1339.0,-4.0,0.0,0,312.02,0.0,1,4.74,4.78,SPY200331P00289000,289.0,0,0.0,0.0,,0.0,normalDay
2019-11-19,1339.0,-17.0,0.0,0,311.93,0.0,1,4.74,4.91,SPY200331P00289000,289.0,0,0.0,0.0,,0.0,normalDay
2019-11-20,1339.0,-49.0,0.0,0,310.77,0.0,1,4.74,5.23,SPY200331P00289000,289.0,0,0.0,0.0,,0.0,normalDay
2019-11-21,1339.0,-60.0,0.0,0,310.27,0.0,1,4.74,5.34,SPY200331P00289000,289.0,0,0.0,0.0,,0.0,normalDay
2019-11-22,1339.0,-27.0,0.0,0,310.96,0.0,1,4.74,5.01,SPY200331P00289000,289.0,0,0.0,0.0,,0.0,normalDay
2019-11-25,1339.0,40.0,0.0,0,313.37,0.0,1,4.74,4.34,SPY200331P00289000,289.0,0,0.0,0.0,,0.0,normalDay
2019-11-26,1339.0,66.0,0.0,0,314.08,0.0,1,4.74,4.08,SPY200331P00289000,289.0,0,0.0,0.0,,0.0,normalDay
2019-11-27,1339.0,85.0,0.0,0,315.48,0.0,1,4.74,3.89,SPY200331P00289000,289.0,0,0.0,0.0,,0.0,normalDay
2019-11-29,1339.0,53.0,0.0,0,314.31,0.0,1,4.74,4.21,SPY200331P00289000,289.0,0,0.0,0.0,,0.0,normalDay
2019-12-02,1339.0,-26.0,0.0,0,311.64,0.0,1,4.74,5.0,SPY200331P00289000,289.0,0,0.0,0.0,,0.0,normalDay
2019-12-03,1339.0,-96.0,0.0,0,309.55,0.0,1,4.74,5.7,SPY200331P00289000,289.0,0,0.0,0.0,,0.0,normalDay
2019-12-04,1339.0,-38.0,0.0,0,311.46,0.0,1,4.74,5.12,SPY200331P00289000,289.0,0,0.0,0.0,,0.0,normalDay
2019-12-05,1339.0,-6.0,0.0,0,312.02,0.0,1,4.74,4.8,SPY200331P00289000,289.0,0,0.0,0.0,,0.0,normalDay
2019-12-06,1339.0,63.0,0.0,0,314.87,0.0,1,4.74,4.11,SPY200331P00289000,289.0,0,0.0,0.0,,0.0,normalDay
2019-12-09,1339.0,23.0,0.0,0,313.88,0.0,1,4.74,4.51,SPY200331P00289000,289.0,0,0.0,0.0,,0.0,normalDay
2019-12-10,1339.0,34.0,0.0,0,313.53,0.0,1,4.74,4.4,SPY200331P00289000,289.0,0,0.0,0.0,,0.0,normalDay
2019-12-11,1339.0,63.0,0.0,0,314.42,0.0,1,4.74,4.11,SPY200331P00289000,289.0,0,0.0,0.0,,0.0,normalDay
2019-12-12,1339.0,126.0,0.0,0,317.13,0.0,1,4.74,3.48,SPY200331P00289000,289.0,0,0.0,0.0,,0.0,normalDay
2019-12-13,1339.0,165.0,0.0,0,317.32,0.0,1,4.74,3.09,SPY200331P00289000,289.0,0,0.0,0.0,,0.0,normalDay
2019-12-16,1339.0,212.0,0.0,0,319.5,0.0,1,4.74,2.62,SPY200331P00289000,289.0,0,0.0,0.0,,0.0,normalDay
2019-12-17,1339.0,210.0,0.0,0,319.57,0.0,1,4.74,2.64,SPY200331P00289000,289.0,0,0.0,0.0,,0.0,normalDay
2019-12-18,1339.0,211.0,0.0,0,319.59,0.0,1,4.74,2.63,SPY200331P00289000,289.0,0,0.0,0.0,,0.0,normalDay
2019-12-19,1339.0,231.0,0.0,0,320.9,0.0,1,4.74,2.43,SPY200331P00289000,289.0,0,0.0,0.0,,0.0,normalDay
2019-12-20,1339.0,239.0,0.0,0,320.73,0.0,1,4.74,2.35,SPY200331P00289000,289.0,0,0.0,0.0,,0.0,normalDay
2019-12-23,1339.0,240.0,0.0,0,321.22,0.0,1,4.74,2.34,SPY200331P00289000,289.0,0,0.0,0.0,,0.0,normalDay
2019-12-24,1339.0,247.0,0.0,0,321.23,0.0,1,4.74,2.27,SPY200331P00289000,289.0,0,0.0,0.0,,0.0,normalDay
2019-12-26,1339.0,269.0,0.0,0,322.94,0.0,1,4.74,2.05,SPY200331P00289000,289.0,0,0.0,0.0,,0.0,normalDay
2019-12-27,1339.0,259.0,0.0,0,322.86,0.0,1,4.74,2.15,SPY200331P00289000,289.0,0,0.0,0.0,,0.0,normalDay
2019-12-30,1339.0,235.0,0.0,0,321.08,0.0,1,4.74,2.39,SPY200331P00289000,289.0,0,0.0,0.0,,0.0,normalDay
2019-12-31,1339.0,264.0,0.0,0,321.86,0.0,1,4.74,2.1,SPY200331P00289000,289.0,0,0.0,0.0,,0.0,normalDay
2020-01-02,1339.0,306.0,0.0,0,324.87,0.0,1,4.74,1.68,SPY200331P00289000,289.0,0,0.0,0.0,,0.0,normalDay
2020-01-03,1339.0,267.0,0.0,0,322.41,0.0,1,4.74,2.07,SPY200331P00289000,289.0,0,0.0,0.0,,0.0,normalDay
2020-01-06,1339.0,292.0,0.0,0,323.64,0.0,1,4.74,1.82,SPY200331P00289000,289.0,0,0.0,0.0,,0.0,normalDay
2020-01-07,1339.0,285.0,0.0,0,322.73,0.0,1,4.74,1.89,SPY200331P00289000,289.0,0,0.0,0.0,,0.0,normalDay
2020-01-08,1339.0,310.0,0.0,0,324.45,0.0,1,4.74,1.64,SPY200331P00289000,289.0,0,0.0,0.0,,0.0,normalDay
2020-01-09,1339.0,338.0,0.0,0,326.65,0.0,1,4.74,1.36,SPY200331P00289000,289.0,0,0.0,0.0,,0.0,normalDay
2020-01-10,1339.0,334.0,0.0,0,325.71,0.0,1,4.74,1.4,SPY200331P00289000,289.0,0,0.0,0.0,,0.0,normalDay
2020-01-13,1339.0,360.0,0.0,0,327.95,0.0,1,4.74,1.14,SPY200331P00289000,289.0,0,0.0,0.0,,0.0,normalDay
2020-01-14,1339.0,362.0,0.0,0,327.45,0.0,1,4.74,1.12,SPY200331P00289000,289.0,0,0.0,0.0,,0.0,normalDay
2020-01-15,1339.0,368.0,0.0,0,328.19,0.0,1,4.74,1.06,SPY200331P00289000,289.0,0,0.0,0.0,,0.0,normalDay
2020-01-16,1339.0,382.0,0.0,0,330.92,0.0,1,4.74,0.92,SPY200331P00289000,289.0,0,0.0,0.0,,0.0,normalDay
2020-01-17,1339.0,389.0,0.0,0,331.95,0.0,1,4.74,0.85,SPY200331P00289000,289.0,0,0.0,0.0,,0.0,normalDay
2020-01-21,1339.0,388.0,0.0,0,331.3,0.0,1,4.74,0.86,SPY200331P00289000,289.0,0,0.0,0.0,,0.0,normalDay
2020-01-22,1339.0,388.0,0.0,0,331.34,0.0,1,4.74,0.86,SPY200331P00289000,289.0,0,0.0,0.0,,0.0,normalDay
2020-01-23,1339.0,390.0,0.0,0,331.72,0.0,1,4.74,0.84,SPY200331P00289000,289.0,0,0.0,0.0,,0.0,normalDay
2020-01-24,1339.0,364.0,0.0,0,328.77,0.0,1,4.74,1.1,SPY200331P00289000,289.0,0,0.0,0.0,,0.0,normalDay
2020-01-27,1339.0,283.0,0.0,0,323.5,0.0,1,4.74,1.91,SPY200331P00289000,289.0,0,0.0,0.0,,0.0,normalDay
2020-01-28,1339.0,341.0,0.0,0,326.89,0.0,1,4.74,1.33,SPY200331P00289000,289.0,0,0.0,0.0,,0.0,normalDay
2020-01-29,1339.0,343.0,0.0,0,326.62,0.0,1,4.74,1.31,SPY200331P00289000,289.0,0,0.0,0.0,,0.0,normalDay
2020-01-30,1339.0,366.0,0.0,0,327.68,0.0,1,4.74,1.08,SPY200331P00289000,289.0,0,0.0,0.0,,0.0,normalDay
2020-01-31,1339.0,287.0,0.0,0,321.73,0.0,1,4.74,1.87,SPY200331P00289000,289.0,0,0.0,0.0,,0.0,normalDay
2020-02-03,1339.0,320.0,0.0,0,324.12,0.0,1,4.74,1.54,SPY200331P00289000,289.0,0,0.0,0.0,,0.0,normalDay
2020-02-04,1339.0,380.0,0.0,0,329.06,0.0,1,4.74,0.94,SPY200331P00289000,289.0,0,0.0,0.0,,0.0,normalDay
2020-02-05,1339.0,403.0,0.0,0,332.86,0.0,1,4.74,0.71,SPY200331P00289000,289.0,0,0.0,0.0,,0.0,normalDay
2020-02-06,1339.0,406.0,0.0,0,333.98,0.0,1,4.74,0.68,SPY200331P00289000,289.0,0,0.0,0.0,,0.0,normalDay
2020-02-07,1339.0,400.0,0.0,0,332.2,0.0,1,4.74,0.74,SPY200331P00289000,289.0,0,0.0,0.0,,0.0,normalDay
2020-02-10,1339.0,415.0,0.0,0,334.68,0.0,1,4.74,0.59,SPY200331P00289000,289.0,0,0.0,0.0,,0.0,normalDay
2020-02-11,1339.0,416.0,0.0,0,335.26,0.0,1,4.74,0.58,SPY200331P00289000,289.0,0,0.0,0.0,,0.0,normalDay
2020-02-12,1339.0,429.0,0.0,0,337.42,0.0,1,4.74,0.45,SPY200331P00289000,289.0,0,0.0,0.0,,0.0,normalDay
2020-02-13,1339.0,428.0,0.0,0,337.06,0.0,1,4.74,0.46,SPY200331P00289000,289.0,0,0.0,0.0,,0.0,normalDay
2020-02-14,1339.0,433.0,0.0,0,337.6,0.0,1,4.74,0.41,SPY200331P00289000,289.0,0,0.0,0.0,,0.0,normalDay
2020-02-18,1339.0,431.0,0.0,0,336.73,0.0,1,4.74,0.43,SPY200331P00289000,289.0,0,0.0,0.0,,0.0,normalDay
2020-02-19,1339.0,437.0,0.0,0,338.34,0.0,1,4.74,0.37,SPY200331P00289000,289.0,0,0.0,0.0,,0.0,normalDay
2020-02-20,1339.0,430.0,0.0,0,336.95,0.0,1,4.74,0.44,SPY200331P00289000,289.0,0,0.0,0.0,,0.0,normalDay
2020-02-21,1339.0,416.0,0.0,0,333.48,0.0,1,4.74,0.58,SPY200331P00289000,289.0,0,0.0,0.0,,0.0,normalDay
2020-02-24,1339.0,278.0,0.0,0,322.42,0.0,1,4.74,1.96,SPY200331P00289000,289.0,0,0.0,0.0,,0.0,normalDay
2020-02-25,1339.0,158.0,0.0,0,312.65,0.0,1,4.74,3.16,SPY200331P00289000,289.0,0,0.0,0.0,,0.0,normalDay
2020-02-26,1339.0,156.0,0.0,0,311.5,0.0,1,4.74,3.18,SPY200331P00289000,289.0,0,0.0,0.0,,0.0,normalDay
2020-02-27,1339.0,-467.0,0.0,0,297.51,0.0,1,4.74,9.41,SPY200331P00289000,289.0,0,0.0,0.0,,0.0,normalDay
2020-02-28,1339.0,-556.0,0.0,0,296.26,0.0,1,4.74,10.3,SPY200331P00289000,289.0,0,0.0,0.0,,0.0,normalDay
2020-03-02,1339.0,21.0,0.0,0,309.09,0.0,1,4.74,4.53,SPY200331P00289000,289.0,0,0.0,0.0,,0.0,normalDay
2020-03-03,1339.0,-248.0,0.0,0,300.24,0.0,1,4.74,7.22,SPY200331P00289000,289.0,0,0.0,0.0,,0.0,normalDay
2020-03-04,1339.0,94.0,0.0,0,312.86,0.0,1,4.74,3.8,SPY200331P00289000,289.0,0,0.0,0.0,,0.0,normalDay
2020-03-05,1339.0,-290.0,0.0,0,302.46,0.0,1,4.74,7.64,SPY200331P00289000,289.0,0,0.0,0.0,,0.0,normalDay
2020-03-06,1339.0,-466.0,0.0,0,297.46,0.0,1,4.74,9.4,SPY200331P00289000,289.0,0,0.0,0.0,,0.0,normalDay
2020-03-09,1339.0,-1787.0,0.0,0,274.23,0.0,1,4.74,22.61,SPY200331P00289000,289.0,0,0.0,0.0,,0.0,normalDay
2020-03-10,1339.0,-832.0,0.0,0,288.42,0.0,1,4.74,13.06,SPY200331P00289000,289.0,0,0.0,0.0,,0.0,normalDay
2020-03-11,1339.0,-1719.0,0.0,0,274.36,0.0,1,4.74,21.93,SPY200331P00289000,289.0,0,0.0,0.0,,0.0,normalDay
2020-03-12,1339.0,-3915.0,0.0,0,248.11,0.0,1,4.74,43.89,SPY200331P00289000,289.0,0,0.0,0.0,,0.0,normalDay
2020-03-13,1339.0,-1992.0,0.0,0,269.32,0.0,1,4.74,24.66,SPY200331P00289000,289.0,0,0.0,0.0,,0.0,normalDay
2020-03-16,1339.0,-4317.0,0.0,0,239.85,0.0,1,4.74,47.91,SPY200331P00289000,289.0,0,0.0,0.0,,0.0,normalDay
2020-03-17,1339.0,-3505.0,0.0,0,252.8,0.0,1,4.74,39.79,SPY200331P00289000,289.0,0,0.0,0.0,,0.0,normalDay
2020-03-18,1339.0,-4692.0,0.0,0,240.0,0.0,1,4.74,51.66,SPY200331P00289000,289.0,0,0.0,0.0,,0.0,normalDay
2020-03-19,1339.0,-4650.0,0.0,0,240.51,0.0,1,4.74,51.24,SPY200331P00289000,289.0,0,0.0,0.0,,0.0,normalDay
2020-03-20,1339.0,-5573.0,0.0,0,228.8,0.0,1,4.74,60.47,SPY200331P00289000,289.0,0,0.0,0.0,,0.0,normalDay
2020-03-23,1339.0,-6371.0,0.0,0,222.95,0.0,1,4.74,68.45,SPY200331P00289000,289.0,0,0.0,0.0,,0.0,normalDay
2020-03-24,1339.0,-4243.0,0.0,0,243.15,0.0,1,4.74,47.17,SPY200331P00289000,289.0,0,0.0,0.0,,0.0,normalDay
2020-03-25,1339.0,-3758.0,0.0,0,246.79,0.0,1,4.74,42.32,SPY200331P00289000,289.0,0,0.0,0.0,,0.0,normalDay
2020-03-26,1339.0,-2378.0,0.0,0,261.2,0.0,1,4.74,28.52,SPY200331P00289000,289.0,0,0.0,0.0,,0.0,normalDay
2020-03-27,1339.0,-3154.0,0.0,0,253.42,0.0,1,4.74,36.28,SPY200331P00289000,289.0,0,0.0,0.0,,0.0,normalDay
2020-03-30,1339.0,-2345.0,0.0,0,261.65,0.0,1,4.74,28.19,SPY200331P00289000,289.0,0,0.0,0.0,,0.0,normalDay
2020-03-31,1813.0,-3125.0,474.0,100,257.75,289.0,1,4.74,0.0,SPY200331P00289000,289.0,0,0.0,0.0,,0.0,expirationDay
2020-04-01,1813.0,-4285.0,0.0,100,246.15,289.0,0,0.0,0.0,,0.0,0,0.0,0.0,,0.0,bidTooLow
2020-04-02,1813.0,-3717.0,0.0,100,251.83,289.0,0,0.0,0.0,,0.0,0,0.0,0.0,,0.0,bidTooLow
2020-04-03,1813.0,-4081.0,0.0,100,248.19,289.0,0,0.0,0.0,,0.0,0,0.0,0.0,,0.0,bidTooLow
2020-04-06,1813.0,-2414.0,0.0,100,264.86,289.0,0,0.0,0.0,,0.0,0,0.0,0.0,,0.0,bidTooLow
2020-04-07,1813.0,-2390.0,0.0,100,265.13,289.0,0,0.0,0.0,,0.0,1,0.01,0.04,SPY200413C00298000,298.0,normalDay
2020-04-08,1813.0,-1501.0,0.0,100,274.03,289.0,0,0.0,0.0,,0.0,1,0.01,0.05,SPY200413C00298000,298.0,normalDay
2020-04-09,1813.0,-1082.0,0.0,100,278.2,289.0,0,0.0,0.0,,0.0,1,0.01,0.03,SPY200413C00298000,298.0,normalDay
2020-04-13,1814.0,-1334.0,1.0,100,275.66,289.0,0,0.0,0.0,,0.0,1,0.01,0.0,SPY200413C00298000,298.0,expirationDay
2020-04-14,1814.0,-521.0,0.0,100,283.79,289.0,0,0.0,0.0,,0.0,0,0.0,0.0,,0.0,bidTooLow
2020-04-15,1814.0,-1124.0,0.0,100,277.76,289.0,0,0.0,0.0,,0.0,0,0.0,0.0,,0.0,bidTooLow
2020-04-16,1814.0,-990.0,0.0,100,279.1,289.0,0,0.0,0.0,,0.0,0,0.0,0.0,,0.0,bidTooLow
2020-04-17,1814.0,-236.0,0.0,100,286.64,289.0,0,0.0,0.0,,0.0,0,0.0,0.0,,0.0,bidTooLow
2020-04-20,1814.0,-741.0,0.0,100,281.59,289.0,0,0.0,0.0,,0.0,0,0.0,0.0,,0.0,bidTooLow
2020-04-21,1814.0,-1596.0,0.0,100,273.04,289.0,0,0.0,0.0,,0.0,0,0.0,0.0,,0.0,bidTooLow
2020-04-22,1814.0,-990.0,0.0,100,279.1,289.0,0,0.0,0.0,,0.0,0,0.0,0.0,,0.0,bidTooLow
2020-04-23,1814.0,-992.0,0.0,100,279.08,289.0,0,0.0,0.0,,0.0,0,0.0,0.0,,0.0,bidTooLow
2020-04-24,1814.0,-603.0,0.0,100,282.97,289.0,0,0.0,0.0,,0.0,0,0.0,0.0,,0.0,bidTooLow
2020-04-27,1814.0,-195.0,0.0,100,287.05,289.0,0,0.0,0.0,,0.0,0,0.0,0.0,,0.0,bidTooLow
2020-04-28,1814.0,-327.0,0.0,100,285.73,289.0,0,0.0,0.0,,0.0,0,0.0,0.0,,0.0,bidTooLow
2020-04-29,1814.0,421.0,0.0,100,293.21,289.0,0,0.0,0.0,,0.0,0,0.0,0.0,,0.0,bidTooLow
2020-04-30,1814.0,148.0,0.0,100,290.48,289.0,0,0.0,0.0,,0.0,0,0.0,0.0,,0.0,bidTooLow
2020-05-01,1814.0,-621.0,0.0,100,282.79,289.0,0,0.0,0.0,,0.0,0,0.0,0.0,,0.0,bidTooLow
2020-05-04,1814.0,-543.0,0.0,100,283.57,289.0,0,0.0,0.0,,0.0,0,0.0,0.0,,0.0,bidTooLow
2020-05-05,1814.0,-284.0,0.0,100,286.19,289.0,0,0.0,0.0,,0.0,1,0.01,0.04,SPY200511C00305000,305.0,normalDay
2020-05-06,1814.0,-476.0,0.0,100,284.25,289.0,0,0.0,0.0,,0.0,1,0.01,0.02,SPY200511C00305000,305.0,normalDay
2020-05-07,1814.0,-133.0,0.0,100,287.68,289.0,0,0.0,0.0,,0.0,1,0.01,0.02,SPY200511C00305000,305.0,normalDay
2020-05-08,1814.0,344.0,0.0,100,292.44,289.0,0,0.0,0.0,,0.0,1,0.01,0.01,SPY200511C00305000,305.0,normalDay
2020-05-11,1815.0,350.0,1.0,100,292.5,289.0,0,0.0,0.0,,0.0,1,0.01,0.0,SPY200511C00305000,305.0,expirationDay
2020-05-12,1815.0,-236.0,0.0,100,286.67,289.0,0,0.0,0.0,,0.0,1,0.05,0.08,SPY200518C00304000,304.0,normalDay
2020-05-13,1815.0,-738.0,0.0,100,281.6,289.0,0,0.0,0.0,,0.0,1,0.05,0.03,SPY200518C00304000,304.0,normalDay
2020-05-14,1815.0,-400.0,0.0,100,284.97,289.0,0,0.0,0.0,,0.0,1,0.05,0.02,SPY200518C00304000,304.0,normalDay
2020-05-15,1815.0,-268.0,0.0,100,286.28,289.0,0,0.0,0.0,,0.0,1,0.05,0.01,SPY200518C00304000,304.0,normalDay
2020-05-18,1820.0,600.0,5.0,100,295.0,289.0,0,0.0,0.0,,0.0,1,0.05,0.0,SPY200518C00304000,304.0,expirationDay
2020-05-19,1820.0,294.0,0.0,100,291.97,289.0,0,0.0,0.0,,0.0,1,0.17,0.2,SPY200522C00303000,303.0,normalDay
2020-05-20,1820.0,774.0,0.0,100,296.93,289.0,0,0.0,0.0,,0.0,1,0.17,0.36,SPY200522C00303000,303.0,normalDay
2020-05-21,1820.0,600.0,0.0,100,294.88,289.0,0,0.0,0.0,,0.0,1,0.17,0.05,SPY200522C00303000,303.0,normalDay
2020-05-22,1837.0,644.0,17.0,100,295.44,289.0,0,0.0,0.0,,0.0,1,0.17,0.0,SPY200522C00303000,303.0,expirationDay
2020-05-26,1837.0,1005.0,0.0,100,299.08,289.0,0,0.0,0.0,,0.0,1,0.32,0.35,SPY200601C00308000,308.0,normalDay
2020-05-27,1837.0,1390.0,0.0,100,303.53,289.0,0,0.0,0.0,,0.0,1,0.32,0.95,SPY200601C00308000,308.0,normalDay
2020-05-28,1837.0,1347.0,0.0,100,302.97,289.0,0,0.0,0.0,,0.0,1,0.32,0.82,SPY200601C00308000,308.0,normalDay
2020-05-29,1837.0,1508.0,0.0,100,304.32,289.0,0,0.0,0.0,,0.0,1,0.32,0.56,SPY200601C00308000,308.0,normalDay
2020-06-01,1869.0,1655.0,32.0,100,305.55,289.0,0,0.0,0.0,,0.0,1,0.32,0.0,SPY200601C00308000,308.0,expirationDay
2020-06-02,1869.0,1905.0,0.0,100,308.08,289.0,0,0.0,0.0,,0.0,1,0.02,0.05,SPY200608C00323000,323.0,normalDay
2020-06-03,1869.0,2302.0,0.0,100,312.18,289.0,0,0.0,0.0,,0.0,1,0.02,0.18,SPY200608C00323000,323.0,normalDay
2020-06-04,1869.0,2234.0,0.0,100,311.36,289.0,0,0.0,0.0,,0.0,1,0.02,0.04,SPY200608C00323000,323.0,normalDay
2020-06-05,1869.0,2991.0,0.0,100,319.34,289.0,0,0.0,0.0,,0.0,1,0.02,0.45,SPY200608C00323000,323.0,normalDay
2020-06-08,5271.0,2991.0,3402.0,0,323.2,0.0,0,0.0,0.0,,0.0,1,0.02,0.0,SPY200608C00323000,323.0,expirationDay
2020-06-09,5271.0,-10.0,0.0,0,320.79,0.0,1,3.97,4.07,SPY201016P00248000,248.0,0,0.0,0.0,,0.0,normalDay
2020-06-10,5271.0,-32.0,0.0,0,319.0,0.0,1,3.97,4.29,SPY201016P00248000,248.0,0,0.0,0.0,,0.0,normalDay
2020-06-11,5271.0,-525.0,0.0,0,300.61,0.0,1,3.97,9.22,SPY201016P00248000,248.0,0,0.0,0.0,,0.0,normalDay
2020-06-12,5271.0,-408.0,0.0,0,304.21,0.0,1,3.97,8.05,SPY201016P00248000,248.0,0,0.0,0.0,,0.0,normalDay
2020-06-15,5271.0,-301.0,0.0,0,307.05,0.0,1,3.97,6.98,SPY201016P00248000,248.0,0,0.0,0.0,,0.0,normalDay
2020-06-16,5271.0,-218.0,0.0,0,312.96,0.0,1,3.97,6.15,SPY201016P00248000,248.0,0,0.0,0.0,,0.0,normalDay
2020-06-17,5271.0,-220.0,0.0,0,311.66,0.0,1,3.97,6.17,SPY201016P00248000,248.0,0,0.0,0.0,,0.0,normalDay
2020-06-18,5271.0,-198.0,0.0,0,311.78,0.0,1,3.97,5.95,SPY201016P00248000,248.0,0,0.0,0.0,,0.0,normalDay
2020-06-19,5271.0,-259.0,0.0,0,308.64,0.0,1,3.97,6.56,SPY201016P00248000,248.0,0,0.0,0.0,,0.0,normalDay
2020-06-22,5271.0,-134.0,0.0,0,310.62,0.0,1,3.97,5.31,SPY201016P00248000,248.0,0,0.0,0.0,,0.0,normalDay
2020-06-23,5271.0,-104.0,0.0,0,312.05,0.0,1,3.97,5.01,SPY201016P00248000,248.0,0,0.0,0.0,,0.0,normalDay
2020-06-24,5271.0,-215.0,0.0,0,304.09,0.0,1,3.97,6.12,SPY201016P00248000,248.0,0,0.0,0.0,,0.0,normalDay
2020-06-25,5271.0,-127.0,0.0,0,307.35,0.0,1,3.97,5.24,SPY201016P00248000,248.0,0,0.0,0.0,,0.0,normalDay
2020-06-26,5271.0,-240.0,0.0,0,300.05,0.0,1,3.97,6.37,SPY201016P00248000,248.0,0,0.0,0.0,,0.0,normalDay
2020-06-29,5271.0,-129.0,0.0,0,304.46,0.0,1,3.97,5.26,SPY201016P00248000,248.0,0,0.0,0.0,,0.0,normalDay
2020-06-30,5271.0,-42.0,0.0,0,308.36,0.0,1,3.97,4.39,SPY201016P00248000,248.0,0,0.0,0.0,,0.0,normalDay
2020-07-01,5271.0,-4.0,0.0,0,310.52,0.0,1,3.97,4.01,SPY201016P00248000,248.0,0,0.0,0.0,,0.0,normalDay
2020-07-02,5271.0,30.0,0.0,0,312.23,0.0,1,3.97,3.67,SPY201016P00248000,248.0,0,0.0,0.0,,0.0,normalDay
2020-07-06,5271.0,69.0,0.0,0,317.05,0.0,1,3.97,3.28,SPY201016P00248000,248.0,0,0.0,0.0,,0.0,normalDay
2020-07-07,5271.0,29.0,0.0,0,313.78,0.0,1,3.97,3.68,SPY201016P00248000,248.0,0,0.0,0.0,,0.0,normalDay
2020-07-08,5271.0,71.0,0.0,0,316.18,0.0,1,3.97,3.26,SPY201016P00248000,248.0,0,0.0,0.0,,0.0,normalDay
2020-07-09,5271.0,42.0,0.0,0,314.38,0.0,1,3.97,3.55,SPY201016P00248000,248.0,0,0.0,0.0,,0.0,normalDay
2020-07-10,5271.0,87.0,0.0,0,317.59,0.0,1,3.97,3.1,SPY201016P00248000,248.0,0,0.0,0.0,,0.0,normalDay
2020-07-13,5271.0,-11.0,0.0,0,314.84,0.0,1,3.97,4.08,SPY201016P00248000,248.0,0,0.0,0.0,,0.0,normalDay
2020-07-14,5271.0,76.0,0.0,0,318.92,0.0,1,3.97,3.21,SPY201016P00248000,248.0,0,0.0,0.0,,0.0,normalDay
2020-07-15,5271.0,116.0,0.0,0,321.85,0.0,1,3.97,2.81,SPY201016P00248000,248.0,0,0.0,0.0,,0.0,normalDay
2020-07-16,5271.0,110.0,0.0,0,320.79,0.0,1,3.97,2.87,SPY201016P00248000,248.0,0,0.0,0.0,,0.0,normalDay
2020-07-17,5271.0,160.0,0.0,0,321.72,0.0,1,3.97,2.37,SPY201016P00248000,248.0,0,0.0,0.0,,0.0,normalDay
2020-07-20,5271.0,198.0,0.0,0,324.32,0.0,1,3.97,1.99,SPY201016P00248000,248.0,0,0.0,0.0,,0.0,normalDay
2020-07-21,5271.0,198.0,0.0,0,325.01,0.0,1,3.97,1.99,SPY201016P00248000,248.0,0,0.0,0.0,,0.0,normalDay
2020-07-22,5271.0,210.0,0.0,0,326.86,0.0,1,3.97,1.87,SPY201016P00248000,248.0,0,0.0,0.0,,0.0,normalDay
2020-07-23,5271.0,175.0,0.0,0,322.96,0.0,1,3.97,2.22,SPY201016P00248000,248.0,0,0.0,0.0,,0.0,normalDay
2020-07-24,5271.0,179.0,0.0,0,320.88,0.0,1,3.97,2.18,SPY201016P00248000,248.0,0,0.0,0.0,,0.0,normalDay
2020-07-27,5271.0,208.0,0.0,0,323.22,0.0,1,3.97,1.89,SPY201016P00248000,248.0,0,0.0,0.0,,0.0,normalDay
2020-07-28,5271.0,202.0,0.0,0,321.17,0.0,1,3.97,1.95,SPY201016P00248000,248.0,0,0.0,0.0,,0.0,normalDay
2020-07-29,5271.0,229.0,0.0,0,325.12,0.0,1,3.97,1.68,SPY201016P00248000,248.0,0,0.0,0.0,,0.0,normalDay
2020-07-30,5271.0,222.0,0.0,0,323.96,0.0,1,3.97,1.75,SPY201016P00248000,248.0,0,0.0,0.0,,0.0,normalDay
2020-07-31,5271.0,244.0,0.0,0,326.52,0.0,1,3.97,1.53,SPY201016P00248000,248.0,0,0.0,0.0,,0.0,normalDay
2020-08-03,5271.0,256.0,0.0,0,328.79,0.0,1,3.97,1.41,SPY201016P00248000,248.0,0,0.0,0.0,,0.0,normalDay
2020-08-04,5271.0,269.0,0.0,0,330.06,0.0,1,3.97,1.28,SPY201016P00248000,248.0,0,0.0,0.0,,0.0,normalDay
2020-08-05,5271.0,279.0,0.0,0,332.11,0.0,1,3.97,1.18,SPY201016P00248000,248.0,0,0.0,0.0,,0.0,normalDay
2020-08-06,5271.0,285.0,0.0,0,334.33,0.0,1,3.97,1.12,SPY201016P00248000,248.0,0,0.0,0.0,,0.0,normalDay
2020-08-07,5271.0,289.0,0.0,0,334.57,0.0,1,3.97,1.08,SPY201016P00248000,248.0,0,0.0,0.0,,0.0,normalDay
2020-08-10,5271.0,299.0,0.0,0,335.57,0.0,1,3.97,0.98,SPY201016P00248000,248.0,0,0.0,0.0,,0.0,normalDay
2020-08-11,5271.0,281.0,0.0,0,332.8,0.0,1,3.97,1.16,SPY201016P00248000,248.0,0,0.0,0.0,,0.0,normalDay
2020-08-12,5271.0,304.0,0.0,0,337.44,0.0,1,3.97,0.93,SPY201016P00248000,248.0,0,0.0,0.0,,0.0,normalDay
2020-08-13,5271.0,303.0,0.0,0,336.83,0.0,1,3.97,0.94,SPY201016P00248000,248.0,0,0.0,0.0,,0.0,normalDay
2020-08-14,5271.0,307.0,0.0,0,336.84,0.0,1,3.97,0.9,SPY201016P00248000,248.0,0,0.0,0.0,,0.0,normalDay
2020-08-17,5271.0,321.0,0.0,0,337.91,0.0,1,3.97,0.76,SPY201016P00248000,248.0,0,0.0,0.0,,0.0,normalDay
2020-08-18,5271.0,324.0,0.0,0,338.64,0.0,1,3.97,0.73,SPY201016P00248000,248.0,0,0.0,0.0,,0.0,normalDay
2020-08-19,5271.0,317.0,0.0,0,337.23,0.0,1,3.97,0.8,SPY201016P00248000,248.0,0,0.0,0.0,,0.0,normalDay
2020-08-20,5271.0,318.0,0.0,0,338.28,0.0,1,3.97,0.79,SPY201016P00248000,248.0,0,0.0,0.0,,0.0,normalDay
2020-08-21,5271.0,322.0,0.0,0,339.48,0.0,1,3.97,0.75,SPY201016P00248000,248.0,0,0.0,0.0,,0.0,normalDay
2020-08-24,5271.0,331.0,0.0,0,342.92,0.0,1,3.97,0.66,SPY201016P00248000,248.0,0,0.0,0.0,,0.0,normalDay
2020-08-25,5271.0,337.0,0.0,0,344.12,0.0,1,3.97,0.6,SPY201016P00248000,248.0,0,0.0,0.0,,0.0,normalDay
2020-08-26,5271.0,337.0,0.0,0,347.57,0.0,1,3.97,0.6,SPY201016P00248000,248.0,0,0.0,0.0,,0.0,normalDay
2020-08-27,5271.0,331.0,0.0,0,348.33,0.0,1,3.97,0.66,SPY201016P00248000,248.0,0,0.0,0.0,,0.0,normalDay
2020-08-28,5271.0,341.0,0.0,0,350.58,0.0,1,3.97,0.56,SPY201016P00248000,248.0,0,0.0,0.0,,0.0,normalDay
2020-08-31,5271.0,329.0,0.0,0,349.31,0.0,1,3.97,0.68,SPY201016P00248000,248.0,0,0.0,0.0,,0.0,normalDay
2020-09-01,5271.0,333.0,0.0,0,352.6,0.0,1,3.97,0.64,SPY201016P00248000,248.0,0,0.0,0.0,,0.0,normalDay
2020-09-02,5271.0,342.0,0.0,0,357.7,0.0,1,3.97,0.55,SPY201016P00248000,248.0,0,0.0,0.0,,0.0,normalDay
2020-09-03,5271.0,297.0,0.0,0,345.39,0.0,1,3.97,1.0,SPY201016P00248000,248.0,0,0.0,0.0,,0.0,normalDay
2020-09-04,5271.0,318.0,0.0,0,342.57,0.0,1,3.97,0.79,SPY201016P00248000,248.0,0,0.0,0.0,,0.0,normalDay
2020-09-08,5271.0,322.0,0.0,0,333.21,0.0,1,3.97,0.75,SPY201016P00248000,248.0,0,0.0,0.0,,0.0,normalDay
2020-09-09,5271.0,345.0,0.0,0,339.79,0.0,1,3.97,0.52,SPY201016P00248000,248.0,0,0.0,0.0,,0.0,normalDay
2020-09-10,5271.0,342.0,0.0,0,333.89,0.0,1,3.97,0.55,SPY201016P00248000,248.0,0,0.0,0.0,,0.0,normalDay
2020-09-11,5271.0,361.0,0.0,0,334.06,0.0,1,3.97,0.36,SPY201016P00248000,248.0,0,0.0,0.0,,0.0,normalDay
2020-09-14,5271.0,370.0,0.0,0,338.46,0.0,1,3.97,0.27,SPY201016P00248000,248.0,0,0.0,0.0,,0.0,normalDay
2020-09-15,5271.0,371.0,0.0,0,340.17,0.0,1,3.97,0.26,SPY201016P00248000,248.0,0,0.0,0.0,,0.0,normalDay
2020-09-16,5271.0,369.0,0.0,0,338.82,0.0,1,3.97,0.28,SPY201016P00248000,248.0,0,0.0,0.0,,0.0,normalDay
2020-09-17,5271.0,369.0,0.0,0,335.84,0.0,1,3.97,0.28,SPY201016P00248000,248.0,0,0.0,0.0,,0.0,normalDay
2020-09-18,5271.0,371.0,0.0,0,330.65,0.0,1,3.97,0.26,SPY201016P00248000,248.0,0,0.0,0.0,,0.0,normalDay
2020-09-21,5271.0,372.0,0.0,0,326.97,0.0,1,3.97,0.25,SPY201016P00248000,248.0,0,0.0,0.0,,0.0,normalDay
2020-09-22,5271.0,377.0,0.0,0,330.3,0.0,1,3.97,0.2,SPY201016P00248000,248.0,0,0.0,0.0,,0.0,normalDay
2020-09-23,5271.0,370.0,0.0,0,322.64,0.0,1,3.97,0.27,SPY201016P00248000,248.0,0,0.0,0.0,,0.0,normalDay
2020-09-24,5271.0,373.0,0.0,0,323.5,0.0,1,3.97,0.24,SPY201016P00248000,248.0,0,0.0,0.0,,0.0,normalDay
2020-09-25,5271.0,382.0,0.0,0,328.73,0.0,1,3.97,0.15,SPY201016P00248000,248.0,0,0.0,0.0,,0.0,normalDay
2020-09-28,5271.0,387.0,0.0,0,334.19,0.0,1,3.97,0.1,SPY201016P00248000,248.0,0,0.0,0.0,,0.0,normalDay
2020-09-29,5271.0,388.0,0.0,0,332.37,0.0,1,3.97,0.09,SPY201016P00248000,248.0,0,0.0,0.0,,0.0,normalDay
2020-09-30,5271.0,390.0,0.0,0,334.89,0.0,1,3.97,0.07,SPY201016P00248000,248.0,0,0.0,0.0,,0.0,normalDay
2020-10-01,5271.0,393.0,0.0,0,337.04,0.0,1,3.97,0.04,SPY201016P00248000,248.0,0,0.0,0.0,,0.0,normalDay
2020-10-02,5271.0,394.0,0.0,0,333.84,0.0,1,3.97,0.03,SPY201016P00248000,248.0,0,0.0,0.0,,0.0,normalDay
2020-10-05,5271.0,395.0,0.0,0,339.76,0.0,1,3.97,0.02,SPY201016P00248000,248.0,0,0.0,0.0,,0.0,normalDay
2020-10-06,5271.0,394.0,0.0,0,334.93,0.0,1,3.97,0.03,SPY201016P00248000,248.0,0,0.0,0.0,,0.0,normalDay
2020-10-07,5271.0,395.0,0.0,0,340.76,0.0,1,3.97,0.02,SPY201016P00248000,248.0,0,0.0,0.0,,0.0,normalDay
2020-10-08,5271.0,396.0,0.0,0,343.78,0.0,1,3.97,0.01,SPY201016P00248000,248.0,0,0.0,0.0,,0.0,normalDay
2020-10-09,5271.0,396.0,0.0,0,346.85,0.0,1,3.97,0.01,SPY201016P00248000,248.0,0,0.0,0.0,,0.0,normalDay
2020-10-12,5271.0,396.0,0.0,0,352.43,0.0,1,3.97,0.01,SPY201016P00248000,248.0,0,0.0,0.0,,0.0,normalDay
2020-10-13,5271.0,396.0,0.0,0,350.13,0.0,1,3.97,0.01,SPY201016P00248000,248.0,0,0.0,0.0,,0.0,normalDay
2020-10-14,5271.0,396.0,0.0,0,347.93,0.0,1,3.97,0.01,SPY201016P00248000,248.0,0,0.0,0.0,,0.0,normalDay
2020-10-15,5271.0,396.0,0.0,0,347.5,0.0,1,3.97,0.01,SPY201016P00248000,248.0,0,0.0,0.0,,0.0,normalDay
2020-10-16,5668.0,0.0,397.0,0,347.29,0.0,1,3.97,0.0,SPY201016P00248000,248.0,0,0.0,0.0,,0.0,expirationDay
2020-10-19,5668.0,-7.0,0.0,0,342.01,0.0,1,8.5,8.57,SPY210219P00300000,300.0,0,0.0,0.0,,0.0,normalDay
2020-10-20,5668.0,11.0,0.0,0,343.38,0.0,1,8.5,8.39,SPY210219P00300000,300.0,0,0.0,0.0,,0.0,normalDay
2020-10-21,5668.0,58.0,0.0,0,342.73,0.0,1,8.5,7.92,SPY210219P00300000,300.0,0,0.0,0.0,,0.0,normalDay
2020-10-22,5668.0,92.0,0.0,0,344.61,0.0,1,8.5,7.58,SPY210219P00300000,300.0,0,0.0,0.0,,0.0,normalDay
2020-10-23,5668.0,124.0,0.0,0,345.78,0.0,1,8.5,7.26,SPY210219P00300000,300.0,0,0.0,0.0,,0.0,normalDay
2020-10-26,5668.0,-50.0,0.0,0,339.39,0.0,1,8.5,9.0,SPY210219P00300000,300.0,0,0.0,0.0,,0.0,normalDay
2020-10-27,5668.0,-80.0,0.0,0,338.22,0.0,1,8.5,9.3,SPY210219P00300000,300.0,0,0.0,0.0,,0.0,normalDay
2020-10-28,5668.0,-536.0,0.0,0,326.66,0.0,1,8.5,13.86,SPY210219P00300000,300.0,0,0.0,0.0,,0.0,normalDay
2020-10-29,5668.0,-318.0,0.0,0,329.98,0.0,1,8.5,11.68,SPY210219P00300000,300.0,0,0.0,0.0,,0.0,normalDay
2020-10-30,5668.0,-432.0,0.0,0,326.54,0.0,1,8.5,12.82,SPY210219P00300000,300.0,0,0.0,0.0,,0.0,normalDay
2020-11-02,5668.0,-267.0,0.0,0,330.2,0.0,1,8.5,11.17,SPY210219P00300000,300.0,0,0.0,0.0,,0.0,normalDay
2020-11-03,5668.0,-103.0,0.0,0,336.03,0.0,1,8.5,9.53,SPY210219P00300000,300.0,0,0.0,0.0,,0.0,normalDay
2020-11-04,5668.0,143.0,0.0,0,343.54,0.0,1,8.5,7.07,SPY210219P00300000,300.0,0,0.0,0.0,,0.0,normalDay
2020-11-05,5668.0,243.0,0.0,0,350.24,0.0,1,8.5,6.07,SPY210219P00300000,300.0,0,0.0,0.0,,0.0,normalDay
2020-11-06,5668.0,305.0,0.0,0,350.16,0.0,1,8.5,5.45,SPY210219P00300000,300.0,0,0.0,0.0,,0.0,normalDay
2020-11-09,5668.0,393.0,0.0,0,354.56,0.0,1,8.5,4.57,SPY210219P00300000,300.0,0,0.0,0.0,,0.0,normalDay
2020-11-10,5668.0,403.0,0.0,0,354.04,0.0,1,8.5,4.47,SPY210219P00300000,300.0,0,0.0,0.0,,0.0,normalDay
2020-11-11,5668.0,459.0,0.0,0,356.67,0.0,1,8.5,3.91,SPY210219P00300000,300.0,0,0.0,0.0,,0.0,normalDay
2020-11-12,5668.0,381.0,0.0,0,353.21,0.0,1,8.5,4.69,SPY210219P00300000,300.0,0,0.0,0.0,,0.0,normalDay
2020-11-13,5668.0,466.0,0.0,0,358.1,0.0,1,8.5,3.84,SPY210219P00300000,300.0,0,0.0,0.0,,0.0,normalDay
2020-11-16,5668.0,519.0,0.0,0,362.57,0.0,1,8.5,3.31,SPY210219P00300000,300.0,0,0.0,0.0,,0.0,normalDay
2020-11-17,5668.0,516.0,0.0,0,360.62,0.0,1,8.5,3.34,SPY210219P00300000,300.0,0,0.0,0.0,,0.0,normalDay
2020-11-18,5668.0,466.0,0.0,0,356.28,0.0,1,8.5,3.84,SPY210219P00300000,300.0,0,0.0,0.0,,0.0,normalDay
2020-11-19,5668.0,504.0,0.0,0,357.78,0.0,1,8.5,3.46,SPY210219P00300000,300.0,0,0.0,0.0,,0.0,normalDay
2020-11-20,5668.0,477.0,0.0,0,355.33,0.0,1,8.5,3.73,SPY210219P00300000,300.0,0,0.0,0.0,,0.0,normalDay
2020-11-23,5668.0,524.0,0.0,0,357.46,0.0,1,8.5,3.26,SPY210219P00300000,300.0,0,0.0,0.0,,0.0,normalDay
2020-11-24,5668.0,580.0,0.0,0,363.22,0.0,1,8.5,2.7,SPY210219P00300000,300.0,0,0.0,0.0,,0.0,normalDay
2020-11-25,5668.0,594.0,0.0,0,362.66,0.0,1,8.5,2.56,SPY210219P00300000,300.0,0,0.0,0.0,,0.0,normalDay
2020-11-27,5668.0,612.0,0.0,0,363.67,0.0,1,8.5,2.38,SPY210219P00300000,300.0,0,0.0,0.0,,0.0,normalDay
2020-11-30,5668.0,627.0,0.0,0,362.06,0.0,1,8.5,2.23,SPY210219P00300000,300.0,0,0.0,0.0,,0.0,normalDay
2020-12-01,5668.0,638.0,0.0,0,366.02,0.0,1,8.5,2.12,SPY210219P00300000,300.0,0,0.0,0.0,,0.0,normalDay
2020-12-02,5668.0,648.0,0.0,0,366.79,0.0,1,8.5,2.02,SPY210219P00300000,300.0,0,0.0,0.0,,0.0,normalDay
2020-12-03,5668.0,643.0,0.0,0,366.69,0.0,1,8.5,2.07,SPY210219P00300000,300.0,0,0.0,0.0,,0.0,normalDay
2020-12-04,5668.0,672.0,0.0,0,369.85,0.0,1,8.5,1.78,SPY210219P00300000,300.0,0,0.0,0.0,,0.0,normalDay
2020-12-07,5668.0,671.0,0.0,0,369.09,0.0,1,8.5,1.79,SPY210219P00300000,300.0,0,0.0,0.0,,0.0,normalDay
2020-12-08,5668.0,695.0,0.0,0,370.17,0.0,1,8.5,1.55,SPY210219P00300000,300.0,0,0.0,0.0,,0.0,normalDay
2020-12-09,5668.0,667.0,0.0,0,366.85,0.0,1,8.5,1.83,SPY210219P00300000,300.0,0,0.0,0.0,,0.0,normalDay
2020-12-10,5668.0,668.0,0.0,0,366.73,0.0,1,8.5,1.82,SPY210219P00300000,300.0,0,0.0,0.0,,0.0,normalDay
2020-12-11,5668.0,650.0,0.0,0,366.3,0.0,1,8.5,2.0,SPY210219P00300000,300.0,0,0.0,0.0,,0.0,normalDay
2020-12-14,5668.0,631.0,0.0,0,364.66,0.0,1,8.5,2.19,SPY210219P00300000,300.0,0,0.0,0.0,,0.0,normalDay
2020-12-15,5668.0,672.0,0.0,0,369.59,0.0,1,8.5,1.78,SPY210219P00300000,300.0,0,0.0,0.0,,0.0,normalDay
2020-12-16,5668.0,690.0,0.0,0,370.17,0.0,1,8.5,1.6,SPY210219P00300000,300.0,0,0.0,0.0,,0.0,normalDay
2020-12-17,5668.0,710.0,0.0,0,372.24,0.0,1,8.5,1.4,SPY210219P00300000,300.0,0,0.0,0.0,,0.0,normalDay
2020-12-18,5668.0,709.0,0.0,0,369.18,0.0,1,8.5,1.41,SPY210219P00300000,300.0,0,0.0,0.0,,0.0,normalDay
2020-12-21,5668.0,667.0,0.0,0,367.86,0.0,1,8.5,1.83,SPY210219P00300000,300.0,0,0.0,0.0,,0.0,normalDay
2020-12-22,5668.0,684.0,0.0,0,367.24,0.0,1,8.5,1.66,SPY210219P00300000,300.0,0,0.0,0.0,,0.0,normalDay
2020-12-23,5668.0,703.0,0.0,0,367.57,0.0,1,8.5,1.47,SPY210219P00300000,300.0,0,0.0,0.0,,0.0,normalDay
2020-12-24,5668.0,727.0,0.0,0,369.0,0.0,1,8.5,1.23,SPY210219P00300000,300.0,0,0.0,0.0,,0.0,normalDay
2020-12-28,5668.0,747.0,0.0,0,372.17,0.0,1,8.5,1.03,SPY210219P00300000,300.0,0,0.0,0.0,,0.0,normalDay
2020-12-29,5668.0,734.0,0.0,0,371.46,0.0,1,8.5,1.16,SPY210219P00300000,300.0,0,0.0,0.0,,0.0,normalDay
2020-12-30,5668.0,753.0,0.0,0,371.99,0.0,1,8.5,0.97,SPY210219P00300000,300.0,0,0.0,0.0,,0.0,normalDay
2020-12-31,5668.0,763.0,0.0,0,373.88,0.0,1,8.5,0.87,SPY210219P00300000,300.0,0,0.0,0.0,,0.0,normalDay
2021-01-04,5668.0,728.0,0.0,0,368.79,0.0,1,8.5,1.22,SPY210219P00300000,300.0,0,0.0,0.0,,0.0,normalDay
2021-01-05,5668.0,747.0,0.0,0,371.33,0.0,1,8.5,1.03,SPY210219P00300000,300.0,0,0.0,0.0,,0.0,normalDay
2021-01-06,5668.0,752.0,0.0,0,373.55,0.0,1,8.5,0.98,SPY210219P00300000,300.0,0,0.0,0.0,,0.0,normalDay
2021-01-07,5668.0,787.0,0.0,0,379.1,0.0,1,8.5,0.63,SPY210219P00300000,300.0,0,0.0,0.0,,0.0,normalDay
2021-01-08,5668.0,793.0,0.0,0,381.26,0.0,1,8.5,0.57,SPY210219P00300000,300.0,0,0.0,0.0,,0.0,normalDay
2021-01-11,5668.0,785.0,0.0,0,378.69,0.0,1,8.5,0.65,SPY210219P00300000,300.0,0,0.0,0.0,,0.0,normalDay
2021-01-12,5668.0,793.0,0.0,0,378.77,0.0,1,8.5,0.57,SPY210219P00300000,300.0,0,0.0,0.0,,0.0,normalDay
2021-01-13,5668.0,800.0,0.0,0,379.79,0.0,1,8.5,0.5,SPY210219P00300000,300.0,0,0.0,0.0,,0.0,normalDay
2021-01-14,5668.0,793.0,0.0,0,378.46,0.0,1,8.5,0.57,SPY210219P00300000,300.0,0,0.0,0.0,,0.0,normalDay
2021-01-15,5668.0,785.0,0.0,0,375.7,0.0,1,8.5,0.65,SPY210219P00300000,300.0,0,0.0,0.0,,0.0,normalDay
2021-01-19,5668.0,803.0,0.0,0,378.65,0.0,1,8.5,0.47,SPY210219P00300000,300.0,0,0.0,0.0,,0.0,normalDay
2021-01-20,5668.0,815.0,0.0,0,383.89,0.0,1,8.5,0.35,SPY210219P00300000,300.0,0,0.0,0.0,,0.0,normalDay
2021-01-21,5668.0,820.0,0.0,0,384.24,0.0,1,8.5,0.3,SPY210219P00300000,300.0,0,0.0,0.0,,0.0,normalDay
2021-01-22,5668.0,818.0,0.0,0,382.88,0.0,1,8.5,0.32,SPY210219P00300000,300.0,0,0.0,0.0,,0.0,normalDay
2021-01-25,5668.0,821.0,0.0,0,384.39,0.0,1,8.5,0.29,SPY210219P00300000,300.0,0,0.0,0.0,,0.0,normalDay
2021-01-26,5668.0,824.0,0.0,0,383.79,0.0,1,8.5,0.26,SPY210219P00300000,300.0,0,0.0,0.0,,0.0,normalDay
2021-01-27,5668.0,772.0,0.0,0,374.41,0.0,1,8.5,0.78,SPY210219P00300000,300.0,0,0.0,0.0,,0.0,normalDay
2021-01-28,5668.0,795.0,0.0,0,377.63,0.0,1,8.5,0.55,SPY210219P00300000,300.0,0,0.0,0.0,,0.0,normalDay
2021-01-29,5668.0,769.0,0.0,0,370.07,0.0,1,8.5,0.81,SPY210219P00300000,300.0,0,0.0,0.0,,0.0,normalDay
2021-02-01,5668.0,813.0,0.0,0,376.23,0.0,1,8.5,0.37,SPY210219P00300000,300.0,0,0.0,0.0,,0.0,normalDay
2021-02-02,5668.0,832.0,0.0,0,381.55,0.0,1,8.5,0.18,SPY210219P00300000,300.0,0,0.0,0.0,,0.0,normalDay
2021-02-03,5668.0,840.0,0.0,0,381.85,0.0,1,8.5,0.1,SPY210219P00300000,300.0,0,0.0,0.0,,0.0,normalDay
2021-02-04,5668.0,843.0,0.0,0,386.19,0.0,1,8.5,0.07,SPY210219P00300000,300.0,0,0.0,0.0,,0.0,normalDay
2021-02-05,5668.0,845.0,0.0,0,387.71,0.0,1,8.5,0.05,SPY210219P00300000,300.0,0,0.0,0.0,,0.0,normalDay
2021-02-08,5668.0,847.0,0.0,0,390.51,0.0,1,8.5,0.03,SPY210219P00300000,300.0,0,0.0,0.0,,0.0,normalDay
2021-02-09,5668.0,847.0,0.0,0,390.25,0.0,1,8.5,0.03,SPY210219P00300000,300.0,0,0.0,0.0,,0.0,normalDay
2021-02-10,5668.0,846.0,0.0,0,390.08,0.0,1,8.5,0.04,SPY210219P00300000,300.0,0,0.0,0.0,,0.0,normalDay
2021-02-11,5668.0,847.0,0.0,0,390.71,0.0,1,8.5,0.03,SPY210219P00300000,300.0,0,0.0,0.0,,0.0,normalDay
2021-02-12,5668.0,848.0,0.0,0,392.64,0.0,1,8.5,0.02,SPY210219P00300000,300.0,0,0.0,0.0,,0.0,normalDay
2021-02-16,5668.0,849.0,0.0,0,392.3,0.0,1,8.5,0.01,SPY210219P00300000,300.0,0,0.0,0.0,,0.0,normalDay
2021-02-17,5668.0,849.0,0.0,0,392.39,0.0,1,8.5,0.01,SPY210219P00300000,300.0,0,0.0,0.0,,0.0,normalDay
2021-02-18,5668.0,849.0,0.0,0,390.72,0.0,1,8.5,0.01,SPY210219P00300000,300.0,0,0.0,0.0,,0.0,normalDay
2021-02-19,6518.0,0.0,850.0,0,390.03,0.0,1,8.5,0.0,SPY210219P00300000,300.0,0,0.0,0.0,,0.0,expirationDay
2021-02-22,6518.0,-9.0,0.0,0,387.03,0.0,1,11.56,11.65,SPY210630P00356000,356.0,0,0.0,0.0,,0.0,normalDay
2021-02-23,6518.0,40.0,0.0,0,387.5,0.0,1,11.56,11.16,SPY210630P00356000,356.0,0,0.0,0.0,,0.0,normalDay
2021-02-24,6518.0,189.0,0.0,0,391.77,0.0,1,11.56,9.67,SPY210630P00356000,356.0,0,0.0,0.0,,0.0,normalDay
2021-02-25,6518.0,-167.0,0.0,0,382.33,0.0,1,11.56,13.23,SPY210630P00356000,356.0,0,0.0,0.0,,0.0,normalDay
2021-02-26,6518.0,-151.0,0.0,0,380.36,0.0,1,11.56,13.07,SPY210630P00356000,356.0,0,0.0,0.0,,0.0,normalDay
2021-03-01,6518.0,171.0,0.0,0,389.58,0.0,1,11.56,9.85,SPY210630P00356000,356.0,0,0.0,0.0,,0.0,normalDay
2021-03-02,6518.0,91.0,0.0,0,386.54,0.0,1,11.56,10.65,SPY210630P00356000,356.0,0,0.0,0.0,,0.0,normalDay
2021-03-03,6518.0,-61.0,0.0,0,381.42,0.0,1,11.56,12.17,SPY210630P00356000,356.0,0,0.0,0.0,,0.0,normalDay
2021-03-04,6518.0,-208.0,0.0,0,376.7,0.0,1,11.56,13.64,SPY210630P00356000,356.0,0,0.0,0.0,,0.0,normalDay
2021-03-05,6518.0,64.0,0.0,0,383.63,0.0,1,11.56,10.92,SPY210630P00356000,356.0,0,0.0,0.0,,0.0,normalDay
2021-03-08,6518.0,36.0,0.0,0,381.72,0.0,1,11.56,11.2,SPY210630P00356000,356.0,0,0.0,0.0,,0.0,normalDay
2021-03-09,6518.0,180.0,0.0,0,387.17,0.0,1,11.56,9.76,SPY210630P00356000,356.0,0,0.0,0.0,,0.0,normalDay
2021-03-10,6518.0,259.0,0.0,0,389.58,0.0,1,11.56,8.97,SPY210630P00356000,356.0,0,0.0,0.0,,0.0,normalDay
2021-03-11,6518.0,343.0,0.0,0,393.53,0.0,1,11.56,8.13,SPY210630P00356000,356.0,0,0.0,0.0,,0.0,normalDay
2021-03-12,6518.0,389.0,0.0,0,394.06,0.0,1,11.56,7.67,SPY210630P00356000,356.0,0,0.0,0.0,,0.0,normalDay
2021-03-15,6518.0,468.0,0.0,0,396.41,0.0,1,11.56,6.88,SPY210630P00356000,356.0,0,0.0,0.0,,0.0,normalDay
2021-03-16,6518.0,464.0,0.0,0,395.91,0.0,1,11.56,6.92,SPY210630P00356000,356.0,0,0.0,0.0,,0.0,normalDay
2021-03-17,6518.0,522.0,0.0,0,397.26,0.0,1,11.56,6.34,SPY210630P00356000,356.0,0,0.0,0.0,,0.0,normalDay
2021-03-18,6518.0,406.0,0.0,0,391.48,0.0,1,11.56,7.5,SPY210630P00356000,356.0,0,0.0,0.0,,0.0,normalDay
2021-03-19,6518.0,403.0,0.0,0,389.48,0.0,1,11.56,7.53,SPY210630P00356000,356.0,0,0.0,0.0,,0.0,normalDay
2021-03-22,6518.0,561.0,0.0,0,392.59,0.0,1,11.56,5.95,SPY210630P00356000,356.0,0,0.0,0.0,,0.0,normalDay
2021-03-23,6518.0,487.0,0.0,0,389.5,0.0,1,11.56,6.69,SPY210630P00356000,356.0,0,0.0,0.0,,0.0,normalDay
2021-03-24,6518.0,441.0,0.0,0,387.52,0.0,1,11.56,7.15,SPY210630P00356000,356.0,0,0.0,0.0,,0.0,normalDay
2021-03-25,6518.0,528.0,0.0,0,389.7,0.0,1,11.56,6.28,SPY210630P00356000,356.0,0,0.0,0.0,,0.0,normalDay
2021-03-26,6518.0,644.0,0.0,0,395.98,0.0,1,11.56,5.12,SPY210630P00356000,356.0,0,0.0,0.0,,0.0,normalDay
2021-03-29,6518.0,624.0,0.0,0,395.78,0.0,1,11.56,5.32,SPY210630P00356000,356.0,0,0.0,0.0,,0.0,normalDay
2021-03-30,6518.0,649.0,0.0,0,394.73,0.0,1,11.56,5.07,SPY210630P00356000,356.0,0,0.0,0.0,,0.0,normalDay
2021-03-31,6518.0,683.0,0.0,0,396.33,0.0,1,11.56,4.73,SPY210630P00356000,356.0,0,0.0,0.0,,0.0,normalDay
2021-04-01,6518.0,774.0,0.0,0,400.61,0.0,1,11.56,3.82,SPY210630P00356000,356.0,0,0.0,0.0,,0.0,normalDay
2021-04-05,6518.0,841.0,0.0,0,406.36,0.0,1,11.56,3.15,SPY210630P00356000,356.0,0,0.0,0.0,,0.0,normalDay
2021-04-06,6518.0,837.0,0.0,0,406.12,0.0,1,11.56,3.19,SPY210630P00356000,356.0,0,0.0,0.0,,0.0,normalDay
2021-04-07,6518.0,860.0,0.0,0,406.59,0.0,1,11.56,2.96,SPY210630P00356000,356.0,0,0.0,0.0,,0.0,normalDay
2021-04-08,6518.0,877.0,0.0,0,408.52,0.0,1,11.56,2.79,SPY210630P00356000,356.0,0,0.0,0.0,,0.0,normalDay
2021-04-09,6518.0,892.0,0.0,0,411.49,0.0,1,11.56,2.64,SPY210630P00356000,356.0,0,0.0,0.0,,0.0,normalDay
2021-04-12,6518.0,904.0,0.0,0,411.64,0.0,1,11.56,2.52,SPY210630P00356000,356.0,0,0.0,0.0,,0.0,normalDay
2021-04-13,6518.0,924.0,0.0,0,412.86,0.0,1,11.56,2.32,SPY210630P00356000,356.0,0,0.0,0.0,,0.0,normalDay
2021-04-14,6518.0,911.0,0.0,0,411.45,0.0,1,11.56,2.45,SPY210630P00356000,356.0,0,0.0,0.0,,0.0,normalDay
2021-04-15,6518.0,942.0,0.0,0,415.87,0.0,1,11.56,2.14,SPY210630P00356000,356.0,0,0.0,0.0,,0.0,normalDay
2021-04-16,6518.0,954.0,0.0,0,417.26,0.0,1,11.56,2.02,SPY210630P00356000,356.0,0,0.0,0.0,,0.0,normalDay
2021-04-19,6518.0,935.0,0.0,0,415.21,0.0,1,11.56,2.21,SPY210630P00356000,356.0,0,0.0,0.0,,0.0,normalDay
2021-04-20,6518.0,898.0,0.0,0,412.17,0.0,1,11.56,2.58,SPY210630P00356000,356.0,0,0.0,0.0,,0.0,normalDay
2021-04-21,6518.0,948.0,0.0,0,416.07,0.0,1,11.56,2.08,SPY210630P00356000,356.0,0,0.0,0.0,,0.0,normalDay
2021-04-22,6518.0,900.0,0.0,0,412.27,0.0,1,11.56,2.56,SPY210630P00356000,356.0,0,0.0,0.0,,0.0,normalDay
2021-04-23,6518.0,961.0,0.0,0,416.74,0.0,1,11.56,1.95,SPY210630P00356000,356.0,0,0.0,0.0,,0.0,normalDay
2021-04-26,6518.0,976.0,0.0,0,417.61,0.0,1,11.56,1.8,SPY210630P00356000,356.0,0,0.0,0.0,,0.0,normalDay
2021-04-27,6518.0,983.0,0.0,0,417.52,0.0,1,11.56,1.73,SPY210630P00356000,356.0,0,0.0,0.0,,0.0,normalDay
2021-04-28,6518.0,996.0,0.0,0,417.4,0.0,1,11.56,1.6,SPY210630P00356000,356.0,0,0.0,0.0,,0.0,normalDay
2021-04-29,6518.0,1000.0,0.0,0,420.06,0.0,1,11.56,1.56,SPY210630P00356000,356.0,0,0.0,0.0,,0.0,normalDay
2021-04-30,6518.0,978.0,0.0,0,417.3,0.0,1,11.56,1.78,SPY210630P00356000,356.0,0,0.0,0.0,,0.0,normalDay
2021-05-03,6518.0,996.0,0.0,0,418.2,0.0,1,11.56,1.6,SPY210630P00356000,356.0,0,0.0,0.0,,0.0,normalDay
2021-05-04,6518.0,973.0,0.0,0,415.62,0.0,1,11.56,1.83,SPY210630P00356000,356.0,0,0.0,0.0,,0.0,normalDay
2021-05-05,6518.0,983.0,0.0,0,415.75,0.0,1,11.56,1.73,SPY210630P00356000,356.0,0,0.0,0.0,,0.0,normalDay
2021-05-06,6518.0,1010.0,0.0,0,419.07,0.0,1,11.56,1.46,SPY210630P00356000,356.0,0,0.0,0.0,,0.0,normalDay
2021-05-07,6518.0,1041.0,0.0,0,422.12,0.0,1,11.56,1.15,SPY210630P00356000,356.0,0,0.0,0.0,,0.0,normalDay
2021-05-10,6518.0,1010.0,0.0,0,417.94,0.0,1,11.56,1.46,SPY210630P00356000,356.0,0,0.0,0.0,,0.0,normalDay
2021-05-11,6518.0,974.0,0.0,0,414.21,0.0,1,11.56,1.82,SPY210630P00356000,356.0,0,0.0,0.0,,0.0,normalDay
2021-05-12,6518.0,813.0,0.0,0,405.41,0.0,1,11.56,3.43,SPY210630P00356000,356.0,0,0.0,0.0,,0.0,normalDay
2021-05-13,6518.0,936.0,0.0,0,410.28,0.0,1,11.56,2.2,SPY210630P00356000,356.0,0,0.0,0.0,,0.0,normalDay
2021-05-14,6518.0,1034.0,0.0,0,416.58,0.0,1,11.56,1.22,SPY210630P00356000,356.0,0,0.0,0.0,,0.0,normalDay
2021-05-17,6518.0,1027.0,0.0,0,415.52,0.0,1,11.56,1.29,SPY210630P00356000,356.0,0,0.0,0.0,,0.0,normalDay
2021-05-18,6518.0,999.0,0.0,0,411.94,0.0,1,11.56,1.57,SPY210630P00356000,356.0,0,0.0,0.0,,0.0,normalDay
2021-05-19,6518.0,987.0,0.0,0,410.86,0.0,1,11.56,1.69,SPY210630P00356000,356.0,0,0.0,0.0,,0.0,normalDay
2021-05-20,6518.0,1028.0,0.0,0,415.28,0.0,1,11.56,1.28,SPY210630P00356000,356.0,0,0.0,0.0,,0.0,normalDay
2021-05-21,6518.0,1038.0,0.0,0,414.94,0.0,1,11.56,1.18,SPY210630P00356000,356.0,0,0.0,0.0,,0.0,normalDay
2021-05-24,6518.0,1078.0,0.0,0,419.17,0.0,1,11.56,0.78,SPY210630P00356000,356.0,0,0.0,0.0,,0.0,normalDay
2021-05-25,6518.0,1078.0,0.0,0,418.24,0.0,1,11.56,0.78,SPY210630P00356000,356.0,0,0.0,0.0,,0.0,normalDay
2021-05-26,6518.0,1097.0,0.0,0,419.07,0.0,1,11.56,0.59,SPY210630P00356000,356.0,0,0.0,0.0,,0.0,normalDay
2021-05-27,6518.0,1105.0,0.0,0,419.29,0.0,1,11.56,0.51,SPY210630P00356000,356.0,0,0.0,0.0,,0.0,normalDay
2021-05-28,6518.0,1105.0,0.0,0,420.04,0.0,1,11.56,0.51,SPY210630P00356000,356.0,0,0.0,0.0,,0.0,normalDay
2021-06-01,6518.0,1108.0,0.0,0,419.67,0.0,1,11.56,0.48,SPY210630P00356000,356.0,0,0.0,0.0,,0.0,normalDay
2021-06-02,6518.0,1114.0,0.0,0,420.33,0.0,1,11.56,0.42,SPY210630P00356000,356.0,0,0.0,0.0,,0.0,normalDay
2021-06-03,6518.0,1112.0,0.0,0,418.77,0.0,1,11.56,0.44,SPY210630P00356000,356.0,0,0.0,0.0,,0.0,normalDay
2021-06-04,6518.0,1124.0,0.0,0,422.6,0.0,1,11.56,0.32,SPY210630P00356000,356.0,0,0.0,0.0,,0.0,normalDay
2021-06-07,6518.0,1130.0,0.0,0,422.19,0.0,1,11.56,0.26,SPY210630P00356000,356.0,0,0.0,0.0,,0.0,normalDay
2021-06-08,6518.0,1128.0,0.0,0,422.28,0.0,1,11.56,0.28,SPY210630P00356000,356.0,0,0.0,0.0,,0.0,normalDay
2021-06-09,6518.0,1124.0,0.0,0,421.65,0.0,1,11.56,0.32,SPY210630P00356000,356.0,0,0.0,0.0,,0.0,normalDay
2021-06-10,6518.0,1134.0,0.0,0,423.61,0.0,1,11.56,0.22,SPY210630P00356000,356.0,0,0.0,0.0,,0.0,normalDay
2021-06-11,6518.0,1137.0,0.0,0,424.31,0.0,1,11.56,0.19,SPY210630P00356000,356.0,0,0.0,0.0,,0.0,normalDay
2021-06-14,6518.0,1140.0,0.0,0,425.26,0.0,1,11.56,0.16,SPY210630P00356000,356.0,0,0.0,0.0,,0.0,normalDay
2021-06-15,6518.0,1139.0,0.0,0,424.48,0.0,1,11.56,0.17,SPY210630P00356000,356.0,0,0.0,0.0,,0.0,normalDay
2021-06-16,6518.0,1137.0,0.0,0,422.11,0.0,1,11.56,0.19,SPY210630P00356000,356.0,0,0.0,0.0,,0.0,normalDay
2021-06-17,6518.0,1139.0,0.0,0,421.97,0.0,1,11.56,0.17,SPY210630P00356000,356.0,0,0.0,0.0,,0.0,normalDay
2021-06-18,6518.0,1130.0,0.0,0,414.92,0.0,1,11.56,0.26,SPY210630P00356000,356.0,0,0.0,0.0,,0.0,normalDay
2021-06-21,6518.0,1145.0,0.0,0,420.86,0.0,1,11.56,0.11,SPY210630P00356000,356.0,0,0.0,0.0,,0.0,normalDay
2021-06-22,6518.0,1150.0,0.0,0,423.11,0.0,1,11.56,0.06,SPY210630P00356000,356.0,0,0.0,0.0,,0.0,normalDay
2021-06-23,6518.0,1153.0,0.0,0,422.6,0.0,1,11.56,0.03,SPY210630P00356000,356.0,0,0.0,0.0,,0.0,normalDay
2021-06-24,6518.0,1154.0,0.0,0,425.1,0.0,1,11.56,0.02,SPY210630P00356000,356.0,0,0.0,0.0,,0.0,normalDay
2021-06-25,6518.0,1154.0,0.0,0,426.61,0.0,1,11.56,0.02,SPY210630P00356000,356.0,0,0.0,0.0,,0.0,normalDay
2021-06-28,6518.0,1155.0,0.0,0,427.47,0.0,1,11.56,0.01,SPY210630P00356000,356.0,0,0.0,0.0,,0.0,normalDay
2021-06-29,6518.0,1155.0,0.0,0,427.7,0.0,1,11.56,0.01,SPY210630P00356000,356.0,0,0.0,0.0,,0.0,normalDay
2021-06-30,7674.0,0.0,1156.0,0,428.06,0.0,1,11.56,0.0,SPY210630P00356000,356.0,0,0.0,0.0,,0.0,expirationDay
2021-07-01,7674.0,-5.0,0.0,0,430.43,0.0,1,10.59,10.64,SPY211119P00409000,409.0,0,0.0,0.0,,0.0,normalDay
2021-07-02,7674.0,72.0,0.0,0,433.72,0.0,1,10.59,9.87,SPY211119P00409000,409.0,0,0.0,0.0,,0.0,normalDay
2021-07-06,7674.0,36.0,0.0,0,432.93,0.0,1,10.59,10.23,SPY211119P00409000,409.0,0,0.0,0.0,,0.0,normalDay
2021-07-07,7674.0,52.0,0.0,0,434.46,0.0,1,10.59,10.07,SPY211119P00409000,409.0,0,0.0,0.0,,0.0,normalDay
2021-07-08,7674.0,-87.0,0.0,0,430.92,0.0,1,10.59,11.46,SPY211119P00409000,409.0,0,0.0,0.0,,0.0,normalDay
2021-07-09,7674.0,94.0,0.0,0,435.52,0.0,1,10.59,9.65,SPY211119P00409000,409.0,0,0.0,0.0,,0.0,normalDay
2021-07-12,7674.0,122.0,0.0,0,437.08,0.0,1,10.59,9.37,SPY211119P00409000,409.0,0,0.0,0.0,,0.0,normalDay
2021-07-13,7674.0,53.0,0.0,0,435.59,0.0,1,10.59,10.06,SPY211119P00409000,409.0,0,0.0,0.0,,0.0,normalDay
2021-07-14,7674.0,89.0,0.0,0,436.24,0.0,1,10.59,9.7,SPY211119P00409000,409.0,0,0.0,0.0,,0.0,normalDay
2021-07-15,7674.0,36.0,0.0,0,434.75,0.0,1,10.59,10.23,SPY211119P00409000,409.0,0,0.0,0.0,,0.0,normalDay
2021-07-16,7674.0,-71.0,0.0,0,431.34,0.0,1,10.59,11.3,SPY211119P00409000,409.0,0,0.0,0.0,,0.0,normalDay
2021-07-19,7674.0,-323.0,0.0,0,424.97,0.0,1,10.59,13.82,SPY211119P00409000,409.0,0,0.0,0.0,,0.0,normalDay
2021-07-20,7674.0,-86.0,0.0,0,431.06,0.0,1,10.59,11.45,SPY211119P00409000,409.0,0,0.0,0.0,,0.0,normalDay
2021-07-21,7674.0,63.0,0.0,0,434.55,0.0,1,10.59,9.96,SPY211119P00409000,409.0,0,0.0,0.0,,0.0,normalDay
2021-07-22,7674.0,87.0,0.0,0,435.46,0.0,1,10.59,9.72,SPY211119P00409000,409.0,0,0.0,0.0,,0.0,normalDay
2021-07-23,7674.0,175.0,0.0,0,439.94,0.0,1,10.59,8.84,SPY211119P00409000,409.0,0,0.0,0.0,,0.0,normalDay
2021-07-26,7674.0,207.0,0.0,0,441.02,0.0,1,10.59,8.52,SPY211119P00409000,409.0,0,0.0,0.0,,0.0,normalDay
2021-07-27,7674.0,119.0,0.0,0,439.01,0.0,1,10.59,9.4,SPY211119P00409000,409.0,0,0.0,0.0,,0.0,normalDay
2021-07-28,7674.0,153.0,0.0,0,438.83,0.0,1,10.59,9.06,SPY211119P00409000,409.0,0,0.0,0.0,,0.0,normalDay
2021-07-29,7674.0,219.0,0.0,0,440.65,0.0,1,10.59,8.4,SPY211119P00409000,409.0,0,0.0,0.0,,0.0,normalDay
2021-07-30,7674.0,186.0,0.0,0,438.51,0.0,1,10.59,8.73,SPY211119P00409000,409.0,0,0.0,0.0,,0.0,normalDay
2021-08-02,7674.0,136.0,0.0,0,437.59,0.0,1,10.59,9.23,SPY211119P00409000,409.0,0,0.0,0.0,,0.0,normalDay
2021-08-03,7674.0,244.0,0.0,0,441.15,0.0,1,10.59,8.15,SPY211119P00409000,409.0,0,0.0,0.0,,0.0,normalDay
2021-08-04,7674.0,220.0,0.0,0,438.98,0.0,1,10.59,8.39,SPY211119P00409000,409.0,0,0.0,0.0,,0.0,normalDay
2021-08-05,7674.0,287.0,0.0,0,441.76,0.0,1,10.59,7.72,SPY211119P00409000,409.0,0,0.0,0.0,,0.0,normalDay
2021-08-06,7674.0,347.0,0.0,0,442.49,0.0,1,10.59,7.12,SPY211119P00409000,409.0,0,0.0,0.0,,0.0,normalDay
2021-08-09,7674.0,337.0,0.0,0,442.13,0.0,1,10.59,7.22,SPY211119P00409000,409.0,0,0.0,0.0,,0.0,normalDay
2021-08-10,7674.0,344.0,0.0,0,442.68,0.0,1,10.59,7.15,SPY211119P00409000,409.0,0,0.0,0.0,,0.0,normalDay
2021-08-11,7674.0,391.0,0.0,0,443.78,0.0,1,10.59,6.68,SPY211119P00409000,409.0,0,0.0,0.0,,0.0,normalDay
2021-08-12,7674.0,439.0,0.0,0,445.11,0.0,1,10.59,6.2,SPY211119P00409000,409.0,0,0.0,0.0,,0.0,normalDay
2021-08-13,7674.0,460.0,0.0,0,445.92,0.0,1,10.59,5.99,SPY211119P00409000,409.0,0,0.0,0.0,,0.0,normalDay
2021-08-16,7674.0,480.0,0.0,0,446.97,0.0,1,10.59,5.79,SPY211119P00409000,409.0,0,0.0,0.0,,0.0,normalDay
2021-08-17,7674.0,384.0,0.0,0,444.04,0.0,1,10.59,6.75,SPY211119P00409000,409.0,0,0.0,0.0,,0.0,normalDay
2021-08-18,7674.0,223.0,0.0,0,439.18,0.0,1,10.59,8.36,SPY211119P00409000,409.0,0,0.0,0.0,,0.0,normalDay
2021-08-19,7674.0,223.0,0.0,0,439.86,0.0,1,10.59,8.36,SPY211119P00409000,409.0,0,0.0,0.0,,0.0,normalDay
2021-08-20,7674.0,369.0,0.0,0,443.36,0.0,1,10.59,6.9,SPY211119P00409000,409.0,0,0.0,0.0,,0.0,normalDay
2021-08-23,7674.0,498.0,0.0,0,447.26,0.0,1,10.59,5.61,SPY211119P00409000,409.0,0,0.0,0.0,,0.0,normalDay
2021-08-24,7674.0,506.0,0.0,0,447.97,0.0,1,10.59,5.53,SPY211119P00409000,409.0,0,0.0,0.0,,0.0,normalDay
2021-08-25,7674.0,543.0,0.0,0,448.91,0.0,1,10.59,5.16,SPY211119P00409000,409.0,0,0.0,0.0,,0.0,normalDay
2021-08-26,7674.0,469.0,0.0,0,446.26,0.0,1,10.59,5.9,SPY211119P00409000,409.0,0,0.0,0.0,,0.0,normalDay
2021-08-27,7674.0,578.0,0.0,0,450.25,0.0,1,10.59,4.81,SPY211119P00409000,409.0,0,0.0,0.0,,0.0,normalDay
2021-08-30,7674.0,615.0,0.0,0,452.23,0.0,1,10.59,4.44,SPY211119P00409000,409.0,0,0.0,0.0,,0.0,normalDay
2021-08-31,7674.0,614.0,0.0,0,451.56,0.0,1,10.59,4.45,SPY211119P00409000,409.0,0,0.0,0.0,,0.0,normalDay
2021-09-01,7674.0,640.0,0.0,0,451.8,0.0,1,10.59,4.19,SPY211119P00409000,409.0,0,0.0,0.0,,0.0,normalDay
2021-09-02,7674.0,660.0,0.0,0,453.19,0.0,1,10.59,3.99,SPY211119P00409000,409.0,0,0.0,0.0,,0.0,normalDay
2021-09-03,7674.0,654.0,0.0,0,453.08,0.0,1,10.59,4.05,SPY211119P00409000,409.0,0,0.0,0.0,,0.0,normalDay
2021-09-07,7674.0,622.0,0.0,0,451.46,0.0,1,10.59,4.37,SPY211119P00409000,409.0,0,0.0,0.0,,0.0,normalDay
2021-09-08,7674.0,623.0,0.0,0,450.91,0.0,1,10.59,4.36,SPY211119P00409000,409.0,0,0.0,0.0,,0.0,normalDay
2021-09-09,7674.0,585.0,0.0,0,448.98,0.0,1,10.59,4.74,SPY211119P00409000,409.0,0,0.0,0.0,,0.0,normalDay
2021-09-10,7674.0,518.0,0.0,0,445.44,0.0,1,10.59,5.41,SPY211119P00409000,409.0,0,0.0,0.0,,0.0,normalDay
2021-09-13,7674.0,584.0,0.0,0,446.58,0.0,1,10.59,4.75,SPY211119P00409000,409.0,0,0.0,0.0,,0.0,normalDay
2021-09-14,7674.0,557.0,0.0,0,444.17,0.0,1,10.59,5.02,SPY211119P00409000,409.0,0,0.0,0.0,,0.0,normalDay
2021-09-15,7674.0,646.0,0.0,0,447.88,0.0,1,10.59,4.13,SPY211119P00409000,409.0,0,0.0,0.0,,0.0,normalDay
2021-09-16,7674.0,632.0,0.0,0,447.17,0.0,1,10.59,4.27,SPY211119P00409000,409.0,0,0.0,0.0,,0.0,normalDay
2021-09-17,7674.0,537.0,0.0,0,441.4,0.0,1,10.59,5.22,SPY211119P00409000,409.0,0,0.0,0.0,,0.0,normalDay
2021-09-20,7674.0,288.0,0.0,0,434.04,0.0,1,10.59,7.71,SPY211119P00409000,409.0,0,0.0,0.0,,0.0,normalDay
2021-09-21,7674.0,333.0,0.0,0,433.63,0.0,1,10.59,7.26,SPY211119P00409000,409.0,0,0.0,0.0,,0.0,normalDay
2021-09-22,7674.0,523.0,0.0,0,437.86,0.0,1,10.59,5.36,SPY211119P00409000,409.0,0,0.0,0.0,,0.0,normalDay
2021-09-23,7674.0,667.0,0.0,0,443.18,0.0,1,10.59,3.92,SPY211119P00409000,409.0,0,0.0,0.0,,0.0,normalDay
2021-09-24,7674.0,706.0,0.0,0,443.91,0.0,1,10.59,3.53,SPY211119P00409000,409.0,0,0.0,0.0,,0.0,normalDay
2021-09-27,7674.0,684.0,0.0,0,442.64,0.0,1,10.59,3.75,SPY211119P00409000,409.0,0,0.0,0.0,,0.0,normalDay
2021-09-28,7674.0,463.0,0.0,0,433.72,0.0,1,10.59,5.96,SPY211119P00409000,409.0,0,0.0,0.0,,0.0,normalDay
2021-09-29,7674.0,485.0,0.0,0,434.45,0.0,1,10.59,5.74,SPY211119P00409000,409.0,0,0.0,0.0,,0.0,normalDay
2021-09-30,7674.0,387.0,0.0,0,429.14,0.0,1,10.59,6.72,SPY211119P00409000,409.0,0,0.0,0.0,,0.0,normalDay
2021-10-01,7674.0,542.0,0.0,0,434.24,0.0,1,10.59,5.17,SPY211119P00409000,409.0,0,0.0,0.0,,0.0,normalDay
2021-10-04,7674.0,421.0,0.0,0,428.64,0.0,1,10.59,6.38,SPY211119P00409000,409.0,0,0.0,0.0,,0.0,normalDay
2021-10-05,7674.0,557.0,0.0,0,433.1,0.0,1,10.59,5.02,SPY211119P00409000,409.0,0,0.0,0.0,,0.0,normalDay
2021-10-06,7674.0,604.0,0.0,0,434.9,0.0,1,10.59,4.55,SPY211119P00409000,409.0,0,0.0,0.0,,0.0,normalDay
2021-10-07,7674.0,717.0,0.0,0,438.66,0.0,1,10.59,3.42,SPY211119P00409000,409.0,0,0.0,0.0,,0.0,normalDay
2021-10-08,7674.0,720.0,0.0,0,437.86,0.0,1,10.59,3.39,SPY211119P00409000,409.0,0,0.0,0.0,,0.0,normalDay
2021-10-11,7674.0,686.0,0.0,0,434.69,0.0,1,10.59,3.73,SPY211119P00409000,409.0,0,0.0,0.0,,0.0,normalDay
2021-10-12,7674.0,682.0,0.0,0,433.62,0.0,1,10.59,3.77,SPY211119P00409000,409.0,0,0.0,0.0,,0.0,normalDay
2021-10-13,7674.0,767.0,0.0,0,435.18,0.0,1,10.59,2.92,SPY211119P00409000,409.0,0,0.0,0.0,,0.0,normalDay
2021-10-14,7674.0,879.0,0.0,0,442.5,0.0,1,10.59,1.8,SPY211119P00409000,409.0,0,0.0,0.0,,0.0,normalDay
2021-10-15,7674.0,908.0,0.0,0,445.87,0.0,1,10.59,1.51,SPY211119P00409000,409.0,0,0.0,0.0,,0.0,normalDay
2021-10-18,7674.0,934.0,0.0,0,447.19,0.0,1,10.59,1.25,SPY211119P00409000,409.0,0,0.0,0.0,,0.0,normalDay
2021-10-19,7674.0,962.0,0.0,0,450.64,0.0,1,10.59,0.97,SPY211119P00409000,409.0,0,0.0,0.0,,0.0,normalDay
2021-10-20,7674.0,971.0,0.0,0,452.41,0.0,1,10.59,0.88,SPY211119P00409000,409.0,0,0.0,0.0,,0.0,normalDay
2021-10-21,7674.0,985.0,0.0,0,453.59,0.0,1,10.59,0.74,SPY211119P00409000,409.0,0,0.0,0.0,,0.0,normalDay
2021-10-22,7674.0,982.0,0.0,0,453.12,0.0,1,10.59,0.77,SPY211119P00409000,409.0,0,0.0,0.0,,0.0,normalDay
2021-10-25,7674.0,1003.0,0.0,0,455.55,0.0,1,10.59,0.56,SPY211119P00409000,409.0,0,0.0,0.0,,0.0,normalDay
2021-10-26,7674.0,999.0,0.0,0,455.96,0.0,1,10.59,0.6,SPY211119P00409000,409.0,0,0.0,0.0,,0.0,normalDay
2021-10-27,7674.0,988.0,0.0,0,453.94,0.0,1,10.59,0.71,SPY211119P00409000,409.0,0,0.0,0.0,,0.0,normalDay
2021-10-28,7674.0,1007.0,0.0,0,458.32,0.0,1,10.59,0.52,SPY211119P00409000,409.0,0,0.0,0.0,,0.0,normalDay
2021-10-29,7674.0,1013.0,0.0,0,459.25,0.0,1,10.59,0.46,SPY211119P00409000,409.0,0,0.0,0.0,,0.0,normalDay
2021-11-01,7674.0,1024.0,0.0,0,460.04,0.0,1,10.59,0.35,SPY211119P00409000,409.0,0,0.0,0.0,,0.0,normalDay
2021-11-02,7674.0,1028.0,0.0,0,461.9,0.0,1,10.59,0.31,SPY211119P00409000,409.0,0,0.0,0.0,,0.0,normalDay
2021-11-03,7674.0,1038.0,0.0,0,464.72,0.0,1,10.59,0.21,SPY211119P00409000,409.0,0,0.0,0.0,,0.0,normalDay
2021-11-04,7674.0,1036.0,0.0,0,466.91,0.0,1,10.59,0.23,SPY211119P00409000,409.0,0,0.0,0.0,,0.0,normalDay
2021-11-05,7674.0,1040.0,0.0,0,468.53,0.0,1,10.59,0.19,SPY211119P00409000,409.0,0,0.0,0.0,,0.0,normalDay
2021-11-08,7674.0,1043.0,0.0,0,468.93,0.0,1,10.59,0.16,SPY211119P00409000,409.0,0,0.0,0.0,,0.0,normalDay
2021-11-09,7674.0,1045.0,0.0,0,467.38,0.0,1,10.59,0.14,SPY211119P00409000,409.0,0,0.0,0.0,,0.0,normalDay
2021-11-10,7674.0,1045.0,0.0,0,463.62,0.0,1,10.59,0.14,SPY211119P00409000,409.0,0,0.0,0.0,,0.0,normalDay
2021-11-11,7674.0,1050.0,0.0,0,463.77,0.0,1,10.59,0.09,SPY211119P00409000,409.0,0,0.0,0.0,,0.0,normalDay
2021-11-12,7674.0,1055.0,0.0,0,467.27,0.0,1,10.59,0.04,SPY211119P00409000,409.0,0,0.0,0.0,,0.0,normalDay
2021-11-15,7674.0,1057.0,0.0,0,467.43,0.0,1,10.59,0.02,SPY211119P00409000,409.0,0,0.0,0.0,,0.0,normalDay
2021-11-16,7674.0,1057.0,0.0,0,469.28,0.0,1,10.59,0.02,SPY211119P00409000,409.0,0,0.0,0.0,,0.0,normalDay
2021-11-17,7674.0,1058.0,0.0,0,468.14,0.0,1,10.59,0.01,SPY211119P00409000,409.0,0,0.0,0.0,,0.0,normalDay
2021-11-18,7674.0,1058.0,0.0,0,469.73,0.0,1,10.59,0.01,SPY211119P00409000,409.0,0,0.0,0.0,,0.0,normalDay
2021-11-19,8733.0,0.0,1059.0,0,468.89,0.0,1,10.59,0.0,SPY211119P00409000,409.0,0,0.0,0.0,,0.0,expirationDay
2021-11-22,8733.0,-8.0,0.0,0,467.57,0.0,1,12.92,13.0,SPY220331P00443000,443.0,0,0.0,0.0,,0.0,normalDay
2021-11-23,8733.0,15.0,0.0,0,468.19,0.0,1,12.92,12.77,SPY220331P00443000,443.0,0,0.0,0.0,,0.0,normalDay
2021-11-24,8733.0,81.0,0.0,0,469.44,0.0,1,12.92,12.11,SPY220331P00443000,443.0,0,0.0,0.0,,0.0,normalDay
2021-11-26,8733.0,-720.0,0.0,0,458.97,0.0,1,12.92,20.12,SPY220331P00443000,443.0,0,0.0,0.0,,0.0,normalDay
2021-11-29,8733.0,-131.0,0.0,0,464.6,0.0,1,12.92,14.23,SPY220331P00443000,443.0,0,0.0,0.0,,0.0,normalDay
2021-11-30,8733.0,-470.0,0.0,0,455.56,0.0,1,12.92,17.62,SPY220331P00443000,443.0,0,0.0,0.0,,0.0,normalDay
2021-12-01,8733.0,-904.0,0.0,0,450.5,0.0,1,12.92,21.96,SPY220331P00443000,443.0,0,0.0,0.0,,0.0,normalDay
2021-12-02,8733.0,-520.0,0.0,0,457.4,0.0,1,12.92,18.12,SPY220331P00443000,443.0,0,0.0,0.0,,0.0,normalDay
2021-12-03,8733.0,-781.0,0.0,0,453.42,0.0,1,12.92,20.73,SPY220331P00443000,443.0,0,0.0,0.0,,0.0,normalDay
2021-12-06,8733.0,-444.0,0.0,0,458.79,0.0,1,12.92,17.36,SPY220331P00443000,443.0,0,0.0,0.0,,0.0,normalDay
2021-12-07,8733.0,2.0,0.0,0,468.28,0.0,1,12.92,12.9,SPY220331P00443000,443.0,0,0.0,0.0,,0.0,normalDay
2021-12-08,8733.0,101.0,0.0,0,469.52,0.0,1,12.92,11.91,SPY220331P00443000,443.0,0,0.0,0.0,,0.0,normalDay
2021-12-09,8733.0,-10.0,0.0,0,466.35,0.0,1,12.92,13.02,SPY220331P00443000,443.0,0,0.0,0.0,,0.0,normalDay
2021-12-10,8733.0,176.0,0.0,0,470.74,0.0,1,12.92,11.16,SPY220331P00443000,443.0,0,0.0,0.0,,0.0,normalDay
2021-12-13,8733.0,29.0,0.0,0,466.57,0.0,1,12.92,12.63,SPY220331P00443000,443.0,0,0.0,0.0,,0.0,normalDay
2021-12-14,8733.0,-89.0,0.0,0,463.36,0.0,1,12.92,13.81,SPY220331P00443000,443.0,0,0.0,0.0,,0.0,normalDay
2021-12-15,8733.0,206.0,0.0,0,470.6,0.0,1,12.92,10.86,SPY220331P00443000,443.0,0,0.0,0.0,,0.0,normalDay
2021-12-16,8733.0,68.0,0.0,0,466.45,0.0,1,12.92,12.24,SPY220331P00443000,443.0,0,0.0,0.0,,0.0,normalDay
2021-12-17,8733.0,-110.0,0.0,0,459.87,0.0,1,12.92,14.02,SPY220331P00443000,443.0,0,0.0,0.0,,0.0,normalDay
2021-12-20,8733.0,-257.0,0.0,0,454.98,0.0,1,12.92,15.49,SPY220331P00443000,443.0,0,0.0,0.0,,0.0,normalDay
2021-12-21,8733.0,25.0,0.0,0,463.06,0.0,1,12.92,12.67,SPY220331P00443000,443.0,0,0.0,0.0,,0.0,normalDay
2021-12-22,8733.0,221.0,0.0,0,467.69,0.0,1,12.92,10.71,SPY220331P00443000,443.0,0,0.0,0.0,,0.0,normalDay
2021-12-23,8733.0,321.0,0.0,0,470.6,0.0,1,12.92,9.71,SPY220331P00443000,443.0,0,0.0,0.0,,0.0,normalDay
2021-12-27,8733.0,496.0,0.0,0,477.26,0.0,1,12.92,7.96,SPY220331P00443000,443.0,0,0.0,0.0,,0.0,normalDay
2021-12-28,8733.0,525.0,0.0,0,476.87,0.0,1,12.92,7.67,SPY220331P00443000,443.0,0,0.0,0.0,,0.0,normalDay
2021-12-29,8733.0,569.0,0.0,0,477.48,0.0,1,12.92,7.23,SPY220331P00443000,443.0,0,0.0,0.0,,0.0,normalDay
2021-12-30,8733.0,534.0,0.0,0,476.16,0.0,1,12.92,7.58,SPY220331P00443000,443.0,0,0.0,0.0,,0.0,normalDay
2021-12-31,8733.0,545.0,0.0,0,474.96,0.0,1,12.92,7.47,SPY220331P00443000,443.0,0,0.0,0.0,,0.0,normalDay
2022-01-03,8733.0,624.0,0.0,0,477.71,0.0,1,12.92,6.68,SPY220331P00443000,443.0,0,0.0,0.0,,0.0,normalDay
2022-01-04,8733.0,613.0,0.0,0,477.55,0.0,1,12.92,6.79,SPY220331P00443000,443.0,0,0.0,0.0,,0.0,normalDay
2022-01-05,8733.0,368.0,0.0,0,468.38,0.0,1,12.92,9.24,SPY220331P00443000,443.0,0,0.0,0.0,,0.0,normalDay
2022-01-06,8733.0,372.0,0.0,0,467.94,0.0,1,12.92,9.2,SPY220331P00443000,443.0,0,0.0,0.0,,0.0,normalDay
2022-01-07,8733.0,396.0,0.0,0,466.09,0.0,1,12.92,8.96,SPY220331P00443000,443.0,0,0.0,0.0,,0.0,normalDay
2022-01-10,8733.0,404.0,0.0,0,465.51,0.0,1,12.92,8.88,SPY220331P00443000,443.0,0,0.0,0.0,,0.0,normalDay
2022-01-11,8733.0,533.0,0.0,0,469.75,0.0,1,12.92,7.59,SPY220331P00443000,443.0,0,0.0,0.0,,0.0,normalDay
2022-01-12,8733.0,591.0,0.0,0,471.02,0.0,1,12.92,7.01,SPY220331P00443000,443.0,0,0.0,0.0,,0.0,normalDay
2022-01-13,8733.0,359.0,0.0,0,464.53,0.0,1,12.92,9.33,SPY220331P00443000,443.0,0,0.0,0.0,,0.0,normalDay
2022-01-14,8733.0,420.0,0.0,0,464.72,0.0,1,12.92,8.72,SPY220331P00443000,443.0,0,0.0,0.0,,0.0,normalDay
2022-01-18,8733.0,105.0,0.0,0,456.49,0.0,1,12.92,11.87,SPY220331P00443000,443.0,0,0.0,0.0,,0.0,normalDay
2022-01-19,8733.0,-32.0,0.0,0,451.75,0.0,1,12.92,13.24,SPY220331P00443000,443.0,0,0.0,0.0,,0.0,normalDay
2022-01-20,8733.0,-284.0,0.0,0,446.75,0.0,1,12.92,15.76,SPY220331P00443000,443.0,0,0.0,0.0,,0.0,normalDay
2022-01-21,8733.0,-756.0,0.0,0,437.98,0.0,1,12.92,20.48,SPY220331P00443000,443.0,0,0.0,0.0,,0.0,normalDay
2022-01-24,8733.0,-721.0,0.0,0,439.84,0.0,1,12.92,20.13,SPY220331P00443000,443.0,0,0.0,0.0,,0.0,normalDay
2022-01-25,8733.0,-1056.0,0.0,0,434.47,0.0,1,12.92,23.48,SPY220331P00443000,443.0,0,0.0,0.0,,0.0,normalDay
2022-01-26,8733.0,-1058.0,0.0,0,433.38,0.0,1,12.92,23.5,SPY220331P00443000,443.0,0,0.0,0.0,,0.0,normalDay
2022-01-27,8733.0,-1045.0,0.0,0,431.24,0.0,1,12.92,23.37,SPY220331P00443000,443.0,0,0.0,0.0,,0.0,normalDay
2022-01-28,8733.0,-412.0,0.0,0,441.95,0.0,1,12.92,17.04,SPY220331P00443000,443.0,0,0.0,0.0,,0.0,normalDay
2022-01-31,8733.0,-18.0,0.0,0,449.91,0.0,1,12.92,13.1,SPY220331P00443000,443.0,0,0.0,0.0,,0.0,normalDay
2022-02-01,8733.0,243.0,0.0,0,452.95,0.0,1,12.92,10.49,SPY220331P00443000,443.0,0,0.0,0.0,,0.0,normalDay
2022-02-02,8733.0,310.0,0.0,0,457.35,0.0,1,12.92,9.82,SPY220331P00443000,443.0,0,0.0,0.0,,0.0,normalDay
2022-02-03,8733.0,25.0,0.0,0,446.6,0.0,1,12.92,12.67,SPY220331P00443000,443.0,0,0.0,0.0,,0.0,normalDay
2022-02-04,8733.0,0.0,0.0,0,448.7,0.0,1,12.92,12.92,SPY220331P00443000,443.0,0,0.0,0.0,,0.0,normalDay
2022-02-07,8733.0,51.0,0.0,0,447.26,0.0,1,12.92,12.41,SPY220331P00443000,443.0,0,0.0,0.0,,0.0,normalDay
2022-02-08,8733.0,263.0,0.0,0,450.94,0.0,1,12.92,10.29,SPY220331P00443000,443.0,0,0.0,0.0,,0.0,normalDay
2022-02-09,8733.0,495.0,0.0,0,457.54,0.0,1,12.92,7.97,SPY220331P00443000,443.0,0,0.0,0.0,,0.0,normalDay
2022-02-10,8733.0,107.0,0.0,0,449.32,0.0,1,12.92,11.85,SPY220331P00443000,443.0,0,0.0,0.0,,0.0,normalDay
2022-02-11,8733.0,-351.0,0.0,0,440.46,0.0,1,12.92,16.43,SPY220331P00443000,443.0,0,0.0,0.0,,0.0,normalDay
2022-02-14,8733.0,-369.0,0.0,0,439.02,0.0,1,12.92,16.61,SPY220331P00443000,443.0,0,0.0,0.0,,0.0,normalDay
2022-02-15,8733.0,-8.0,0.0,0,446.1,0.0,1,12.92,13.0,SPY220331P00443000,443.0,0,0.0,0.0,,0.0,normalDay
2022-02-16,8733.0,121.0,0.0,0,446.6,0.0,1,12.92,11.71,SPY220331P00443000,443.0,0,0.0,0.0,,0.0,normalDay
2022-02-17,8733.0,-408.0,0.0,0,437.06,0.0,1,12.92,17.0,SPY220331P00443000,443.0,0,0.0,0.0,,0.0,normalDay
2022-02-18,8733.0,-553.0,0.0,0,434.23,0.0,1,12.92,18.45,SPY220331P00443000,443.0,0,0.0,0.0,,0.0,normalDay
2022-02-22,8733.0,-721.0,0.0,0,429.57,0.0,1,12.92,20.13,SPY220331P00443000,443.0,0,0.0,0.0,,0.0,normalDay
2022-02-23,8733.0,-1365.0,0.0,0,421.95,0.0,1,12.92,26.57,SPY220331P00443000,443.0,0,0.0,0.0,,0.0,normalDay
2022-02-24,8733.0,-956.0,0.0,0,428.3,0.0,1,12.92,22.48,SPY220331P00443000,443.0,0,0.0,0.0,,0.0,normalDay
2022-02-25,8733.0,-232.0,0.0,0,437.75,0.0,1,12.92,15.24,SPY220331P00443000,443.0,0,0.0,0.0,,0.0,normalDay
2022-02-28,8733.0,-309.0,0.0,0,436.63,0.0,1,12.92,16.01,SPY220331P00443000,443.0,0,0.0,0.0,,0.0,normalDay
2022-03-01,8733.0,-784.0,0.0,0,429.98,0.0,1,12.92,20.76,SPY220331P00443000,443.0,0,0.0,0.0,,0.0,normalDay
2022-03-02,8733.0,-292.0,0.0,0,437.89,0.0,1,12.92,15.84,SPY220331P00443000,443.0,0,0.0,0.0,,0.0,normalDay
2022-03-03,8733.0,-361.0,0.0,0,435.71,0.0,1,12.92,16.53,SPY220331P00443000,443.0,0,0.0,0.0,,0.0,normalDay
2022-03-04,8733.0,-611.0,0.0,0,432.17,0.0,1,12.92,19.03,SPY220331P00443000,443.0,0,0.0,0.0,,0.0,normalDay
2022-03-07,8733.0,-1566.0,0.0,0,419.43,0.0,1,12.92,28.58,SPY220331P00443000,443.0,0,0.0,0.0,,0.0,normalDay
2022-03-08,8733.0,-1827.0,0.0,0,416.25,0.0,1,12.92,31.19,SPY220331P00443000,443.0,0,0.0,0.0,,0.0,normalDay
2022-03-09,8733.0,-780.0,0.0,0,427.41,0.0,1,12.92,20.72,SPY220331P00443000,443.0,0,0.0,0.0,,0.0,normalDay
2022-03-10,8733.0,-920.0,0.0,0,425.48,0.0,1,12.92,22.12,SPY220331P00443000,443.0,0,0.0,0.0,,0.0,normalDay
2022-03-11,8733.0,-1316.0,0.0,0,420.07,0.0,1,12.92,26.08,SPY220331P00443000,443.0,0,0.0,0.0,,0.0,normalDay
2022-03-14,8733.0,-1536.0,0.0,0,417.0,0.0,1,12.92,28.28,SPY220331P00443000,443.0,0,0.0,0.0,,0.0,normalDay
2022-03-15,8733.0,-818.0,0.0,0,426.17,0.0,1,12.92,21.1,SPY220331P00443000,443.0,0,0.0,0.0,,0.0,normalDay
2022-03-16,8733.0,-4.0,0.0,0,435.62,0.0,1,12.92,12.96,SPY220331P00443000,443.0,0,0.0,0.0,,0.0,normalDay
2022-03-17,8733.0,356.0,0.0,0,441.07,0.0,1,12.92,9.36,SPY220331P00443000,443.0,0,0.0,0.0,,0.0,normalDay
2022-03-18,8733.0,684.0,0.0,0,444.52,0.0,1,12.92,6.08,SPY220331P00443000,443.0,0,0.0,0.0,,0.0,normalDay
2022-03-21,8733.0,763.0,0.0,0,444.39,0.0,1,12.92,5.29,SPY220331P00443000,443.0,0,0.0,0.0,,0.0,normalDay
2022-03-22,8733.0,962.0,0.0,0,449.59,0.0,1,12.92,3.3,SPY220331P00443000,443.0,0,0.0,0.0,,0.0,normalDay
2022-03-23,8733.0,786.0,0.0,0,443.8,0.0,1,12.92,5.06,SPY220331P00443000,443.0,0,0.0,0.0,,0.0,normalDay
2022-03-24,8733.0,1079.0,0.0,0,450.49,0.0,1,12.92,2.13,SPY220331P00443000,443.0,0,0.0,0.0,,0.0,normalDay
2022-03-25,8733.0,1173.0,0.0,0,452.69,0.0,1,12.92,1.19,SPY220331P00443000,443.0,0,0.0,0.0,,0.0,normalDay
2022-03-28,8733.0,1263.0,0.0,0,455.91,0.0,1,12.92,0.29,SPY220331P00443000,443.0,0,0.0,0.0,,0.0,normalDay
2022-03-29,8733.0,1283.0,0.0,0,461.55,0.0,1,12.92,0.09,SPY220331P00443000,443.0,0,0.0,0.0,,0.0,normalDay
2022-03-30,8733.0,1288.0,0.0,0,458.7,0.0,1,12.92,0.04,SPY220331P00443000,443.0,0,0.0,0.0,,0.0,normalDay
2022-03-31,10025.0,0.0,1292.0,0,451.64,0.0,1,12.92,0.0,SPY220331P00443000,443.0,0,0.0,0.0,,0.0,expirationDay
2022-04-01,10025.0,-12.0,0.0,0,452.92,0.0,1,5.78,5.9,SPY220819P00375000,375.0,0,0.0,0.0,,0.0,normalDay
2022-04-04,10025.0,73.0,0.0,0,456.8,0.0,1,5.78,5.05,SPY220819P00375000,375.0,0,0.0,0.0,,0.0,normalDay
2022-04-05,10025.0,-30.0,0.0,0,451.03,0.0,1,5.78,6.08,SPY220819P00375000,375.0,0,0.0,0.0,,0.0,normalDay
2022-04-06,10025.0,-92.0,0.0,0,446.52,0.0,1,5.78,6.7,SPY220819P00375000,375.0,0,0.0,0.0,,0.0,normalDay
2022-04-07,10025.0,-54.0,0.0,0,448.77,0.0,1,5.78,6.32,SPY220819P00375000,375.0,0,0.0,0.0,,0.0,normalDay
2022-04-08,10025.0,-45.0,0.0,0,447.57,0.0,1,5.78,6.23,SPY220819P00375000,375.0,0,0.0,0.0,,0.0,normalDay
2022-04-11,10025.0,-166.0,0.0,0,439.92,0.0,1,5.78,7.44,SPY220819P00375000,375.0,0,0.0,0.0,,0.0,normalDay
2022-04-12,10025.0,-179.0,0.0,0,438.29,0.0,1,5.78,7.57,SPY220819P00375000,375.0,0,0.0,0.0,,0.0,normalDay
2022-04-13,10025.0,-56.0,0.0,0,443.31,0.0,1,5.78,6.34,SPY220819P00375000,375.0,0,0.0,0.0,,0.0,normalDay
2022-04-14,10025.0,-128.0,0.0,0,437.79,0.0,1,5.78,7.06,SPY220819P00375000,375.0,0,0.0,0.0,,0.0,normalDay
2022-04-18,10025.0,-69.0,0.0,0,437.97,0.0,1,5.78,6.47,SPY220819P00375000,375.0,0,0.0,0.0,,0.0,normalDay
2022-04-19,10025.0,-4.0,0.0,0,445.04,0.0,1,5.78,5.82,SPY220819P00375000,375.0,0,0.0,0.0,,0.0,normalDay
2022-04-20,10025.0,52.0,0.0,0,444.71,0.0,1,5.78,5.26,SPY220819P00375000,375.0,0,0.0,0.0,,0.0,normalDay
2022-04-21,10025.0,-85.0,0.0,0,438.06,0.0,1,5.78,6.63,SPY220819P00375000,375.0,0,0.0,0.0,,0.0,normalDay
2022-04-22,10025.0,-370.0,0.0,0,426.04,0.0,1,5.78,9.48,SPY220819P00375000,375.0,0,0.0,0.0,,0.0,normalDay
2022-04-25,10025.0,-265.0,0.0,0,428.51,0.0,1,5.78,8.43,SPY220819P00375000,375.0,0,0.0,0.0,,0.0,normalDay
2022-04-26,10025.0,-634.0,0.0,0,416.1,0.0,1,5.78,12.12,SPY220819P00375000,375.0,0,0.0,0.0,,0.0,normalDay
2022-04-27,10025.0,-518.0,0.0,0,417.27,0.0,1,5.78,10.96,SPY220819P00375000,375.0,0,0.0,0.0,,0.0,normalDay
2022-04-28,10025.0,-352.0,0.0,0,427.81,0.0,1,5.78,9.3,SPY220819P00375000,375.0,0,0.0,0.0,,0.0,normalDay
2022-04-29,10025.0,-635.0,0.0,0,412.0,0.0,1,5.78,12.13,SPY220819P00375000,375.0,0,0.0,0.0,,0.0,normalDay
2022-05-02,10025.0,-537.0,0.0,0,414.48,0.0,1,5.78,11.15,SPY220819P00375000,375.0,0,0.0,0.0,,0.0,normalDay
2022-05-03,10025.0,-413.0,0.0,0,416.38,0.0,1,5.78,9.91,SPY220819P00375000,375.0,0,0.0,0.0,,0.0,normalDay
2022-05-04,10025.0,-155.0,0.0,0,429.06,0.0,1,5.78,7.33,SPY220819P00375000,375.0,0,0.0,0.0,,0.0,normalDay
2022-05-05,10025.0,-557.0,0.0,0,413.81,0.0,1,5.78,11.35,SPY220819P00375000,375.0,0,0.0,0.0,,0.0,normalDay
2022-05-06,10025.0,-587.0,0.0,0,411.34,0.0,1,5.78,11.65,SPY220819P00375000,375.0,0,0.0,0.0,,0.0,normalDay
2022-05-09,10025.0,-931.0,0.0,0,398.17,0.0,1,5.78,15.09,SPY220819P00375000,375.0,0,0.0,0.0,,0.0,normalDay
2022-05-10,10025.0,-867.0,0.0,0,399.09,0.0,1,5.78,14.45,SPY220819P00375000,375.0,0,0.0,0.0,,0.0,normalDay
2022-05-11,10025.0,-1006.0,0.0,0,392.75,0.0,1,5.78,15.84,SPY220819P00375000,375.0,0,0.0,0.0,,0.0,normalDay
2022-05-12,10025.0,-1001.0,0.0,0,392.34,0.0,1,5.78,15.79,SPY220819P00375000,375.0,0,0.0,0.0,,0.0,normalDay
2022-05-13,10025.0,-664.0,0.0,0,401.72,0.0,1,5.78,12.42,SPY220819P00375000,375.0,0,0.0,0.0,,0.0,normalDay
2022-05-16,10025.0,-627.0,0.0,0,400.09,0.0,1,5.78,12.05,SPY220819P00375000,375.0,0,0.0,0.0,,0.0,normalDay
2022-05-17,10025.0,-376.0,0.0,0,408.32,0.0,1,5.78,9.54,SPY220819P00375000,375.0,0,0.0,0.0,,0.0,normalDay
2022-05-18,10025.0,-945.0,0.0,0,391.86,0.0,1,5.78,15.23,SPY220819P00375000,375.0,0,0.0,0.0,,0.0,normalDay
2022-05-19,10025.0,-909.0,0.0,0,389.46,0.0,1,5.78,14.87,SPY220819P00375000,375.0,0,0.0,0.0,,0.0,normalDay
2022-05-20,10025.0,-898.0,0.0,0,389.63,0.0,1,5.78,14.76,SPY220819P00375000,375.0,0,0.0,0.0,,0.0,normalDay
2022-05-23,10025.0,-633.0,0.0,0,396.92,0.0,1,5.78,12.11,SPY220819P00375000,375.0,0,0.0,0.0,,0.0,normalDay
2022-05-24,10025.0,-724.0,0.0,0,393.89,0.0,1,5.78,13.02,SPY220819P00375000,375.0,0,0.0,0.0,,0.0,normalDay
2022-05-25,10025.0,-607.0,0.0,0,397.37,0.0,1,5.78,11.85,SPY220819P00375000,375.0,0,0.0,0.0,,0.0,normalDay
2022-05-26,10025.0,-399.0,0.0,0,405.31,0.0,1,5.78,9.77,SPY220819P00375000,375.0,0,0.0,0.0,,0.0,normalDay
2022-05-27,10025.0,-160.0,0.0,0,415.26,0.0,1,5.78,7.38,SPY220819P00375000,375.0,0,0.0,0.0,,0.0,normalDay
2022-05-31,10025.0,-180.0,0.0,0,412.93,0.0,1,5.78,7.58,SPY220819P00375000,375.0,0,0.0,0.0,,0.0,normalDay
2022-06-01,10025.0,-205.0,0.0,0,409.59,0.0,1,5.78,7.83,SPY220819P00375000,375.0,0,0.0,0.0,,0.0,normalDay
2022-06-02,10025.0,-32.0,0.0,0,417.39,0.0,1,5.78,6.1,SPY220819P00375000,375.0,0,0.0,0.0,,0.0,normalDay
2022-06-03,10025.0,-141.0,0.0,0,410.54,0.0,1,5.78,7.19,SPY220819P00375000,375.0,0,0.0,0.0,,0.0,normalDay
2022-06-06,10025.0,-83.0,0.0,0,411.79,0.0,1,5.78,6.61,SPY220819P00375000,375.0,0,0.0,0.0,,0.0,normalDay
2022-06-07,10025.0,11.0,0.0,0,415.74,0.0,1,5.78,5.67,SPY220819P00375000,375.0,0,0.0,0.0,,0.0,normalDay
2022-06-08,10025.0,-44.0,0.0,0,411.22,0.0,1,5.78,6.22,SPY220819P00375000,375.0,0,0.0,0.0,,0.0,normalDay
2022-06-09,10025.0,-278.0,0.0,0,401.44,0.0,1,5.78,8.56,SPY220819P00375000,375.0,0,0.0,0.0,,0.0,normalDay
2022-06-10,10025.0,-615.0,0.0,0,389.8,0.0,1,5.78,11.93,SPY220819P00375000,375.0,0,0.0,0.0,,0.0,normalDay
2022-06-13,10025.0,-1321.0,0.0,0,375.0,0.0,1,5.78,18.99,SPY220819P00375000,375.0,0,0.0,0.0,,0.0,normalDay
2022-06-14,10025.0,-1301.0,0.0,0,373.87,0.0,1,5.78,18.79,SPY220819P00375000,375.0,0,0.0,0.0,,0.0,normalDay
2022-06-15,10025.0,-937.0,0.0,0,379.2,0.0,1,5.78,15.15,SPY220819P00375000,375.0,0,0.0,0.0,,0.0,normalDay
2022-06-16,10025.0,-1536.0,0.0,0,366.65,0.0,1,5.78,21.14,SPY220819P00375000,375.0,0,0.0,0.0,,0.0,normalDay
2022-06-17,10025.0,-1421.0,0.0,0,365.86,0.0,1,5.78,19.99,SPY220819P00375000,375.0,0,0.0,0.0,,0.0,normalDay
2022-06-21,10025.0,-974.0,0.0,0,375.07,0.0,1,5.78,15.52,SPY220819P00375000,375.0,0,0.0,0.0,,0.0,normalDay
2022-06-22,10025.0,-935.0,0.0,0,374.39,0.0,1,5.78,15.13,SPY220819P00375000,375.0,0,0.0,0.0,,0.0,normalDay
2022-06-23,10025.0,-832.0,0.0,0,378.06,0.0,1,5.78,14.1,SPY220819P00375000,375.0,0,0.0,0.0,,0.0,normalDay
2022-06-24,10025.0,-378.0,0.0,0,390.08,0.0,1,5.78,9.56,SPY220819P00375000,375.0,0,0.0,0.0,,0.0,normalDay
2022-06-27,10025.0,-313.0,0.0,0,388.59,0.0,1,5.78,8.91,SPY220819P00375000,375.0,0,0.0,0.0,,0.0,normalDay
2022-06-28,10025.0,-623.0,0.0,0,380.65,0.0,1,5.78,12.01,SPY220819P00375000,375.0,0,0.0,0.0,,0.0,normalDay
2022-06-29,10025.0,-598.0,0.0,0,380.34,0.0,1,5.78,11.76,SPY220819P00375000,375.0,0,0.0,0.0,,0.0,normalDay
2022-06-30,10025.0,-761.0,0.0,0,377.25,0.0,1,5.78,13.39,SPY220819P00375000,375.0,0,0.0,0.0,,0.0,normalDay
2022-07-01,10025.0,-535.0,0.0,0,381.24,0.0,1,5.78,11.13,SPY220819P00375000,375.0,0,0.0,0.0,,0.0,normalDay
2022-07-05,10025.0,-496.0,0.0,0,381.96,0.0,1,5.78,10.74,SPY220819P00375000,375.0,0,0.0,0.0,,0.0,normalDay
2022-07-06,10025.0,-392.0,0.0,0,383.25,0.0,1,5.78,9.7,SPY220819P00375000,375.0,0,0.0,0.0,,0.0,normalDay
2022-07-07,10025.0,-207.0,0.0,0,388.99,0.0,1,5.78,7.85,SPY220819P00375000,375.0,0,0.0,0.0,,0.0,normalDay
2022-07-08,10025.0,-141.0,0.0,0,388.67,0.0,1,5.78,7.19,SPY220819P00375000,375.0,0,0.0,0.0,,0.0,normalDay
2022-07-11,10025.0,-258.0,0.0,0,384.23,0.0,1,5.78,8.36,SPY220819P00375000,375.0,0,0.0,0.0,,0.0,normalDay
2022-07-12,10025.0,-397.0,0.0,0,380.83,0.0,1,5.78,9.75,SPY220819P00375000,375.0,0,0.0,0.0,,0.0,normalDay
2022-07-13,10025.0,-437.0,0.0,0,378.83,0.0,1,5.78,10.15,SPY220819P00375000,375.0,0,0.0,0.0,,0.0,normalDay
2022-07-14,10025.0,-417.0,0.0,0,377.91,0.0,1,5.78,9.95,SPY220819P00375000,375.0,0,0.0,0.0,,0.0,normalDay
2022-07-15,10025.0,-117.0,0.0,0,385.13,0.0,1,5.78,6.95,SPY220819P00375000,375.0,0,0.0,0.0,,0.0,normalDay
2022-07-18,10025.0,-202.0,0.0,0,381.95,0.0,1,5.78,7.8,SPY220819P00375000,375.0,0,0.0,0.0,,0.0,normalDay
2022-07-19,10025.0,107.0,0.0,0,392.27,0.0,1,5.78,4.71,SPY220819P00375000,375.0,0,0.0,0.0,,0.0,normalDay
2022-07-20,10025.0,189.0,0.0,0,394.77,0.0,1,5.78,3.89,SPY220819P00375000,375.0,0,0.0,0.0,,0.0,normalDay
2022-07-21,10025.0,287.0,0.0,0,398.79,0.0,1,5.78,2.91,SPY220819P00375000,375.0,0,0.0,0.0,,0.0,normalDay
2022-07-22,10025.0,244.0,0.0,0,395.09,0.0,1,5.78,3.34,SPY220819P00375000,375.0,0,0.0,0.0,,0.0,normalDay
2022-07-25,10025.0,302.0,0.0,0,395.57,0.0,1,5.78,2.76,SPY220819P00375000,375.0,0,0.0,0.0,,0.0,normalDay
2022-07-26,10025.0,205.0,0.0,0,390.89,0.0,1,5.78,3.73,SPY220819P00375000,375.0,0,0.0,0.0,,0.0,normalDay
2022-07-27,10025.0,382.0,0.0,0,401.04,0.0,1,5.78,1.96,SPY220819P00375000,375.0,0,0.0,0.0,,0.0,normalDay
2022-07-28,10025.0,468.0,0.0,0,406.07,0.0,1,5.78,1.1,SPY220819P00375000,375.0,0,0.0,0.0,,0.0,normalDay
2022-07-29,10025.0,512.0,0.0,0,411.99,0.0,1,5.78,0.66,SPY220819P00375000,375.0,0,0.0,0.0,,0.0,normalDay
2022-08-01,10025.0,507.0,0.0,0,410.77,0.0,1,5.78,0.71,SPY220819P00375000,375.0,0,0.0,0.0,,0.0,normalDay
2022-08-02,10025.0,487.0,0.0,0,408.06,0.0,1,5.78,0.91,SPY220819P00375000,375.0,0,0.0,0.0,,0.0,normalDay
2022-08-03,10025.0,540.0,0.0,0,414.45,0.0,1,5.78,0.38,SPY220819P00375000,375.0,0,0.0,0.0,,0.0,normalDay
2022-08-04,10025.0,547.0,0.0,0,414.17,0.0,1,5.78,0.31,SPY220819P00375000,375.0,0,0.0,0.0,,0.0,normalDay
2022-08-05,10025.0,548.0,0.0,0,413.47,0.0,1,5.78,0.3,SPY220819P00375000,375.0,0,0.0,0.0,,0.0,normalDay
2022-08-08,10025.0,559.0,0.0,0,412.99,0.0,1,5.78,0.19,SPY220819P00375000,375.0,0,0.0,0.0,,0.0,normalDay
2022-08-09,10025.0,557.0,0.0,0,411.35,0.0,1,5.78,0.21,SPY220819P00375000,375.0,0,0.0,0.0,,0.0,normalDay
2022-08-10,10025.0,569.0,0.0,0,419.99,0.0,1,5.78,0.09,SPY220819P00375000,375.0,0,0.0,0.0,,0.0,normalDay
2022-08-11,10025.0,571.0,0.0,0,419.99,0.0,1,5.78,0.07,SPY220819P00375000,375.0,0,0.0,0.0,,0.0,normalDay
2022-08-12,10025.0,574.0,0.0,0,427.1,0.0,1,5.78,0.04,SPY220819P00375000,375.0,0,0.0,0.0,,0.0,normalDay
2022-08-15,10025.0,576.0,0.0,0,428.86,0.0,1,5.78,0.02,SPY220819P00375000,375.0,0,0.0,0.0,,0.0,normalDay
2022-08-16,10025.0,576.0,0.0,0,429.7,0.0,1,5.78,0.02,SPY220819P00375000,375.0,0,0.0,0.0,,0.0,normalDay
2022-08-17,10025.0,576.0,0.0,0,426.65,0.0,1,5.78,0.02,SPY220819P00375000,375.0,0,0.0,0.0,,0.0,normalDay
2022-08-18,10025.0,577.0,0.0,0,427.89,0.0,1,5.78,0.01,SPY220819P00375000,375.0,0,0.0,0.0,,0.0,normalDay
2022-08-19,10603.0,0.0,578.0,0,422.14,0.0,1,5.78,0.0,SPY220819P00375000,375.0,0,0.0,0.0,,0.0,expirationDay
2022-08-22,10603.0,-8.0,0.0,0,413.35,0.0,1,9.44,9.52,SPY221230P00371000,371.0,0,0.0,0.0,,0.0,normalDay
2022-08-23,10603.0,-13.0,0.0,0,412.35,0.0,1,9.44,9.57,SPY221230P00371000,371.0,0,0.0,0.0,,0.0,normalDay
2022-08-24,10603.0,62.0,0.0,0,413.67,0.0,1,9.44,8.82,SPY221230P00371000,371.0,0,0.0,0.0,,0.0,normalDay
2022-08-25,10603.0,183.0,0.0,0,419.51,0.0,1,9.44,7.61,SPY221230P00371000,371.0,0,0.0,0.0,,0.0,normalDay
2022-08-26,10603.0,-153.0,0.0,0,405.31,0.0,1,9.44,10.97,SPY221230P00371000,371.0,0,0.0,0.0,,0.0,normalDay
2022-08-29,10603.0,-187.0,0.0,0,402.63,0.0,1,9.44,11.31,SPY221230P00371000,371.0,0,0.0,0.0,,0.0,normalDay
2022-08-30,10603.0,-284.0,0.0,0,398.21,0.0,1,9.44,12.28,SPY221230P00371000,371.0,0,0.0,0.0,,0.0,normalDay
2022-08-31,10603.0,-333.0,0.0,0,395.18,0.0,1,9.44,12.77,SPY221230P00371000,371.0,0,0.0,0.0,,0.0,normalDay
2022-09-01,10603.0,-272.0,0.0,0,396.42,0.0,1,9.44,12.16,SPY221230P00371000,371.0,0,0.0,0.0,,0.0,normalDay
2022-09-02,10603.0,-365.0,0.0,0,392.24,0.0,1,9.44,13.09,SPY221230P00371000,371.0,0,0.0,0.0,,0.0,normalDay
2022-09-06,10603.0,-442.0,0.0,0,390.76,0.0,1,9.44,13.86,SPY221230P00371000,371.0,0,0.0,0.0,,0.0,normalDay
2022-09-07,10603.0,-186.0,0.0,0,397.78,0.0,1,9.44,11.3,SPY221230P00371000,371.0,0,0.0,0.0,,0.0,normalDay
2022-09-08,10603.0,-67.0,0.0,0,400.38,0.0,1,9.44,10.11,SPY221230P00371000,371.0,0,0.0,0.0,,0.0,normalDay
2022-09-09,10603.0,61.0,0.0,0,406.6,0.0,1,9.44,8.83,SPY221230P00371000,371.0,0,0.0,0.0,,0.0,normalDay
2022-09-12,10603.0,166.0,0.0,0,410.97,0.0,1,9.44,7.78,SPY221230P00371000,371.0,0,0.0,0.0,,0.0,normalDay
2022-09-13,10603.0,-282.0,0.0,0,393.1,0.0,1,9.44,12.26,SPY221230P00371000,371.0,0,0.0,0.0,,0.0,normalDay
2022-09-14,10603.0,-237.0,0.0,0,394.6,0.0,1,9.44,11.81,SPY221230P00371000,371.0,0,0.0,0.0,,0.0,normalDay
2022-09-15,10603.0,-320.0,0.0,0,390.12,0.0,1,9.44,12.64,SPY221230P00371000,371.0,0,0.0,0.0,,0.0,normalDay
2022-09-16,10603.0,-402.0,0.0,0,385.56,0.0,1,9.44,13.46,SPY221230P00371000,371.0,0,0.0,0.0,,0.0,normalDay
2022-09-19,10603.0,-288.0,0.0,0,388.55,0.0,1,9.44,12.32,SPY221230P00371000,371.0,0,0.0,0.0,,0.0,normalDay
2022-09-20,10603.0,-438.0,0.0,0,384.09,0.0,1,9.44,13.82,SPY221230P00371000,371.0,0,0.0,0.0,,0.0,normalDay
2022-09-21,10603.0,-698.0,0.0,0,377.39,0.0,1,9.44,16.42,SPY221230P00371000,371.0,0,0.0,0.0,,0.0,normalDay
2022-09-22,10603.0,-762.0,0.0,0,374.22,0.0,1,9.44,17.06,SPY221230P00371000,371.0,0,0.0,0.0,,0.0,normalDay
2022-09-23,10603.0,-1128.0,0.0,0,367.95,0.0,1,9.44,20.72,SPY221230P00371000,371.0,0,0.0,0.0,,0.0,normalDay
2022-09-26,10603.0,-1336.0,0.0,0,364.31,0.0,1,9.44,22.8,SPY221230P00371000,371.0,0,0.0,0.0,,0.0,normalDay
2022-09-27,10603.0,-1349.0,0.0,0,363.38,0.0,1,9.44,22.93,SPY221230P00371000,371.0,0,0.0,0.0,,0.0,normalDay
2022-09-28,10603.0,-958.0,0.0,0,370.53,0.0,1,9.44,19.02,SPY221230P00371000,371.0,0,0.0,0.0,,0.0,normalDay
2022-09-29,10603.0,-1309.0,0.0,0,362.79,0.0,1,9.44,22.53,SPY221230P00371000,371.0,0,0.0,0.0,,0.0,normalDay
2022-09-30,10603.0,-1516.0,0.0,0,357.18,0.0,1,9.44,24.6,SPY221230P00371000,371.0,0,0.0,0.0,,0.0,normalDay
2022-10-03,10603.0,-1022.0,0.0,0,366.61,0.0,1,9.44,19.66,SPY221230P00371000,371.0,0,0.0,0.0,,0.0,normalDay
2022-10-04,10603.0,-566.0,0.0,0,377.97,0.0,1,9.44,15.1,SPY221230P00371000,371.0,0,0.0,0.0,,0.0,normalDay
2022-10-05,10603.0,-562.0,0.0,0,377.09,0.0,1,9.44,15.06,SPY221230P00371000,371.0,0,0.0,0.0,,0.0,normalDay
2022-10-06,10603.0,-762.0,0.0,0,373.2,0.0,1,9.44,17.06,SPY221230P00371000,371.0,0,0.0,0.0,,0.0,normalDay
2022-10-07,10603.0,-1262.0,0.0,0,362.79,0.0,1,9.44,22.06,SPY221230P00371000,371.0,0,0.0,0.0,,0.0,normalDay
2022-10-10,10603.0,-1400.0,0.0,0,360.02,0.0,1,9.44,23.44,SPY221230P00371000,371.0,0,0.0,0.0,,0.0,normalDay
2022-10-11,10603.0,-1546.0,0.0,0,357.74,0.0,1,9.44,24.9,SPY221230P00371000,371.0,0,0.0,0.0,,0.0,normalDay
2022-10-12,10603.0,-1600.0,0.0,0,356.56,0.0,1,9.44,25.44,SPY221230P00371000,371.0,0,0.0,0.0,,0.0,normalDay
2022-10-13,10603.0,-1083.0,0.0,0,365.97,0.0,1,9.44,20.27,SPY221230P00371000,371.0,0,0.0,0.0,,0.0,normalDay
2022-10-14,10603.0,-1505.0,0.0,0,357.63,0.0,1,9.44,24.49,SPY221230P00371000,371.0,0,0.0,0.0,,0.0,normalDay
2022-10-17,10603.0,-987.0,0.0,0,366.82,0.0,1,9.44,19.31,SPY221230P00371000,371.0,0,0.0,0.0,,0.0,normalDay
2022-10-18,10603.0,-738.0,0.0,0,371.13,0.0,1,9.44,16.82,SPY221230P00371000,371.0,0,0.0,0.0,,0.0,normalDay
2022-10-19,10603.0,-912.0,0.0,0,368.5,0.0,1,9.44,18.56,SPY221230P00371000,371.0,0,0.0,0.0,,0.0,normalDay
2022-10-20,10603.0,-997.0,0.0,0,365.41,0.0,1,9.44,19.41,SPY221230P00371000,371.0,0,0.0,0.0,,0.0,normalDay
2022-10-21,10603.0,-623.0,0.0,0,374.29,0.0,1,9.44,15.67,SPY221230P00371000,371.0,0,0.0,0.0,,0.0,normalDay
2022-10-24,10603.0,-442.0,0.0,0,378.87,0.0,1,9.44,13.86,SPY221230P00371000,371.0,0,0.0,0.0,,0.0,normalDay
2022-10-25,10603.0,-230.0,0.0,0,384.92,0.0,1,9.44,11.74,SPY221230P00371000,371.0,0,0.0,0.0,,0.0,normalDay
2022-10-26,10603.0,-185.0,0.0,0,382.02,0.0,1,9.44,11.29,SPY221230P00371000,371.0,0,0.0,0.0,,0.0,normalDay
2022-10-27,10603.0,-404.0,0.0,0,379.98,0.0,1,9.44,13.48,SPY221230P00371000,371.0,0,0.0,0.0,,0.0,normalDay
2022-10-28,10603.0,63.0,0.0,0,389.02,0.0,1,9.44,8.81,SPY221230P00371000,371.0,0,0.0,0.0,,0.0,normalDay
2022-10-31,10603.0,28.0,0.0,0,386.21,0.0,1,9.44,9.16,SPY221230P00371000,371.0,0,0.0,0.0,,0.0,normalDay
2022-11-01,10603.0,-18.0,0.0,0,384.52,0.0,1,9.44,9.62,SPY221230P00371000,371.0,0,0.0,0.0,,0.0,normalDay
2022-11-02,10603.0,-354.0,0.0,0,374.87,0.0,1,9.44,12.98,SPY221230P00371000,371.0,0,0.0,0.0,,0.0,normalDay
2022-11-03,10603.0,-483.0,0.0,0,371.01,0.0,1,9.44,14.27,SPY221230P00371000,371.0,0,0.0,0.0,,0.0,normalDay
2022-11-04,10603.0,-226.0,0.0,0,376.35,0.0,1,9.44,11.7,SPY221230P00371000,371.0,0,0.0,0.0,,0.0,normalDay
2022-11-07,10603.0,-43.0,0.0,0,379.95,0.0,1,9.44,9.87,SPY221230P00371000,371.0,0,0.0,0.0,,0.0,normalDay
2022-11-08,10603.0,-29.0,0.0,0,382.0,0.0,1,9.44,9.73,SPY221230P00371000,371.0,0,0.0,0.0,,0.0,normalDay
2022-11-09,10603.0,-283.0,0.0,0,374.13,0.0,1,9.44,12.27,SPY221230P00371000,371.0,0,0.0,0.0,,0.0,normalDay
2022-11-10,10603.0,411.0,0.0,0,394.69,0.0,1,9.44,5.33,SPY221230P00371000,371.0,0,0.0,0.0,,0.0,normalDay
2022-11-11,10603.0,509.0,0.0,0,398.51,0.0,1,9.44,4.35,SPY221230P00371000,371.0,0,0.0,0.0,,0.0,normalDay
2022-11-14,10603.0,480.0,0.0,0,395.12,0.0,1,9.44,4.64,SPY221230P00371000,371.0,0,0.0,0.0,,0.0,normalDay
2022-11-15,10603.0,526.0,0.0,0,398.49,0.0,1,9.44,4.18,SPY221230P00371000,371.0,0,0.0,0.0,,0.0,normalDay
2022-11-16,10603.0,502.0,0.0,0,395.45,0.0,1,9.44,4.42,SPY221230P00371000,371.0,0,0.0,0.0,,0.0,normalDay
2022-11-17,10603.0,500.0,0.0,0,394.24,0.0,1,9.44,4.44,SPY221230P00371000,371.0,0,0.0,0.0,,0.0,normalDay
2022-11-18,10603.0,554.0,0.0,0,396.03,0.0,1,9.44,3.9,SPY221230P00371000,371.0,0,0.0,0.0,,0.0,normalDay
2022-11-21,10603.0,595.0,0.0,0,394.59,0.0,1,9.44,3.49,SPY221230P00371000,371.0,0,0.0,0.0,,0.0,normalDay
2022-11-22,10603.0,703.0,0.0,0,399.9,0.0,1,9.44,2.41,SPY221230P00371000,371.0,0,0.0,0.0,,0.0,normalDay
2022-11-23,10603.0,748.0,0.0,0,402.42,0.0,1,9.44,1.96,SPY221230P00371000,371.0,0,0.0,0.0,,0.0,normalDay
2022-11-25,10603.0,756.0,0.0,0,402.33,0.0,1,9.44,1.88,SPY221230P00371000,371.0,0,0.0,0.0,,0.0,normalDay
2022-11-28,10603.0,673.0,0.0,0,395.91,0.0,1,9.44,2.71,SPY221230P00371000,371.0,0,0.0,0.0,,0.0,normalDay
2022-11-29,10603.0,685.0,0.0,0,395.23,0.0,1,9.44,2.59,SPY221230P00371000,371.0,0,0.0,0.0,,0.0,normalDay
2022-11-30,10603.0,836.0,0.0,0,407.68,0.0,1,9.44,1.08,SPY221230P00371000,371.0,0,0.0,0.0,,0.0,normalDay
2022-12-01,10603.0,849.0,0.0,0,407.38,0.0,1,9.44,0.95,SPY221230P00371000,371.0,0,0.0,0.0,,0.0,normalDay
2022-12-02,10603.0,864.0,0.0,0,406.91,0.0,1,9.44,0.8,SPY221230P00371000,371.0,0,0.0,0.0,,0.0,normalDay
2022-12-05,10603.0,812.0,0.0,0,399.59,0.0,1,9.44,1.32,SPY221230P00371000,371.0,0,0.0,0.0,,0.0,normalDay
2022-12-06,10603.0,732.0,0.0,0,393.83,0.0,1,9.44,2.12,SPY221230P00371000,371.0,0,0.0,0.0,,0.0,normalDay
2022-12-07,10603.0,721.0,0.0,0,393.16,0.0,1,9.44,2.23,SPY221230P00371000,371.0,0,0.0,0.0,,0.0,normalDay
2022-12-08,10603.0,780.0,0.0,0,396.24,0.0,1,9.44,1.64,SPY221230P00371000,371.0,0,0.0,0.0,,0.0,normalDay
2022-12-09,10603.0,759.0,0.0,0,393.28,0.0,1,9.44,1.85,SPY221230P00371000,371.0,0,0.0,0.0,,0.0,normalDay
2022-12-12,10603.0,811.0,0.0,0,398.95,0.0,1,9.44,1.33,SPY221230P00371000,371.0,0,0.0,0.0,,0.0,normalDay
2022-12-13,10603.0,886.0,0.0,0,401.97,0.0,1,9.44,0.58,SPY221230P00371000,371.0,0,0.0,0.0,,0.0,normalDay
2022-12-14,10603.0,897.0,0.0,0,399.4,0.0,1,9.44,0.47,SPY221230P00371000,371.0,0,0.0,0.0,,0.0,normalDay
2022-12-15,10603.0,821.0,0.0,0,389.63,0.0,1,9.44,1.23,SPY221230P00371000,371.0,0,0.0,0.0,,0.0,normalDay
2022-12-16,10603.0,771.0,0.0,0,383.27,0.0,1,9.44,1.73,SPY221230P00371000,371.0,0,0.0,0.0,,0.0,normalDay
2022-12-19,10603.0,752.0,0.0,0,380.02,0.0,1,9.44,1.92,SPY221230P00371000,371.0,0,0.0,0.0,,0.0,normalDay
2022-12-20,10603.0,799.0,0.0,0,380.54,0.0,1,9.44,1.45,SPY221230P00371000,371.0,0,0.0,0.0,,0.0,normalDay
2022-12-21,10603.0,897.0,0.0,0,386.23,0.0,1,9.44,0.47,SPY221230P00371000,371.0,0,0.0,0.0,,0.0,normalDay
2022-12-22,10603.0,824.0,0.0,0,380.72,0.0,1,9.44,1.2,SPY221230P00371000,371.0,0,0.0,0.0,,0.0,normalDay
2022-12-23,10603.0,891.0,0.0,0,382.91,0.0,1,9.44,0.53,SPY221230P00371000,371.0,0,0.0,0.0,,0.0,normalDay
2022-12-27,10603.0,912.0,0.0,0,381.4,0.0,1,9.44,0.32,SPY221230P00371000,371.0,0,0.0,0.0,,0.0,normalDay
2022-12-28,10603.0,873.0,0.0,0,376.66,0.0,1,9.44,0.71,SPY221230P00371000,371.0,0,0.0,0.0,,0.0,normalDay
2022-12-29,10603.0,938.0,0.0,0,383.44,0.0,1,9.44,0.06,SPY221230P00371000,371.0,0,0.0,0.0,,0.0,normalDay
2022-12-30,11547.0,0.0,944.0,0,382.43,0.0,1,9.44,0.0,SPY221230P00371000,371.0,0,0.0,0.0,,0.0,expirationDay
2023-01-03,11547.0,-6.0,0.0,0,380.82,0.0,1,8.75,8.81,SPY230421P00355000,355.0,0,0.0,0.0,,0.0,normalDay
2023-01-04,11547.0,122.0,0.0,0,383.76,0.0,1,8.75,7.53,SPY230421P00355000,355.0,0,0.0,0.0,,0.0,normalDay
2023-01-05,11547.0,26.0,0.0,0,379.38,0.0,1,8.75,8.49,SPY230421P00355000,355.0,0,0.0,0.0,,0.0,normalDay
2023-01-06,11547.0,241.0,0.0,0,388.08,0.0,1,8.75,6.34,SPY230421P00355000,355.0,0,0.0,0.0,,0.0,normalDay
2023-01-09,11547.0,227.0,0.0,0,387.86,0.0,1,8.75,6.48,SPY230421P00355000,355.0,0,0.0,0.0,,0.0,normalDay
2023-01-10,11547.0,327.0,0.0,0,390.58,0.0,1,8.75,5.48,SPY230421P00355000,355.0,0,0.0,0.0,,0.0,normalDay
2023-01-11,11547.0,393.0,0.0,0,395.52,0.0,1,8.75,4.82,SPY230421P00355000,355.0,0,0.0,0.0,,0.0,normalDay
2023-01-12,11547.0,466.0,0.0,0,396.96,0.0,1,8.75,4.09,SPY230421P00355000,355.0,0,0.0,0.0,,0.0,normalDay
2023-01-13,11547.0,498.0,0.0,0,398.5,0.0,1,8.75,3.77,SPY230421P00355000,355.0,0,0.0,0.0,,0.0,normalDay
2023-01-17,11547.0,497.0,0.0,0,397.77,0.0,1,8.75,3.78,SPY230421P00355000,355.0,0,0.0,0.0,,0.0,normalDay
2023-01-18,11547.0,398.0,0.0,0,391.49,0.0,1,8.75,4.77,SPY230421P00355000,355.0,0,0.0,0.0,,0.0,normalDay
2023-01-19,11547.0,363.0,0.0,0,388.64,0.0,1,8.75,5.12,SPY230421P00355000,355.0,0,0.0,0.0,,0.0,normalDay
2023-01-20,11547.0,480.0,0.0,0,395.88,0.0,1,8.75,3.95,SPY230421P00355000,355.0,0,0.0,0.0,,0.0,normalDay
2023-01-23,11547.0,541.0,0.0,0,400.63,0.0,1,8.75,3.34,SPY230421P00355000,355.0,0,0.0,0.0,,0.0,normalDay
2023-01-24,11547.0,572.0,0.0,0,400.2,0.0,1,8.75,3.03,SPY230421P00355000,355.0,0,0.0,0.0,,0.0,normalDay
2023-01-25,11547.0,568.0,0.0,0,400.35,0.0,1,8.75,3.07,SPY230421P00355000,355.0,0,0.0,0.0,,0.0,normalDay
2023-01-26,11547.0,608.0,0.0,0,404.75,0.0,1,8.75,2.67,SPY230421P00355000,355.0,0,0.0,0.0,,0.0,normalDay
2023-01-27,11547.0,623.0,0.0,0,405.68,0.0,1,8.75,2.52,SPY230421P00355000,355.0,0,0.0,0.0,,0.0,normalDay
2023-01-30,11547.0,582.0,0.0,0,400.59,0.0,1,8.75,2.93,SPY230421P00355000,355.0,0,0.0,0.0,,0.0,normalDay
2023-01-31,11547.0,634.0,0.0,0,406.48,0.0,1,8.75,2.41,SPY230421P00355000,355.0,0,0.0,0.0,,0.0,normalDay
2023-02-01,11547.0,684.0,0.0,0,410.8,0.0,1,8.75,1.91,SPY230421P00355000,355.0,0,0.0,0.0,,0.0,normalDay
2023-02-02,11547.0,678.0,0.0,0,416.78,0.0,1,8.75,1.97,SPY230421P00355000,355.0,0,0.0,0.0,,0.0,normalDay
2023-02-03,11547.0,676.0,0.0,0,412.35,0.0,1,8.75,1.99,SPY230421P00355000,355.0,0,0.0,0.0,,0.0,normalDay
2023-02-06,11547.0,663.0,0.0,0,409.83,0.0,1,8.75,2.12,SPY230421P00355000,355.0,0,0.0,0.0,,0.0,normalDay
2023-02-07,11547.0,704.0,0.0,0,415.19,0.0,1,8.75,1.71,SPY230421P00355000,355.0,0,0.0,0.0,,0.0,normalDay
2023-02-08,11547.0,671.0,0.0,0,410.65,0.0,1,8.75,2.04,SPY230421P00355000,355.0,0,0.0,0.0,,0.0,normalDay
2023-02-09,11547.0,640.0,0.0,0,407.09,0.0,1,8.75,2.35,SPY230421P00355000,355.0,0,0.0,0.0,,0.0,normalDay
2023-02-10,11547.0,650.0,0.0,0,408.04,0.0,1,8.75,2.25,SPY230421P00355000,355.0,0,0.0,0.0,,0.0,normalDay
2023-02-13,11547.0,701.0,0.0,0,412.83,0.0,1,8.75,1.74,SPY230421P00355000,355.0,0,0.0,0.0,,0.0,normalDay
2023-02-14,11547.0,723.0,0.0,0,412.64,0.0,1,8.75,1.52,SPY230421P00355000,355.0,0,0.0,0.0,,0.0,normalDay
2023-02-15,11547.0,744.0,0.0,0,413.98,0.0,1,8.75,1.31,SPY230421P00355000,355.0,0,0.0,0.0,,0.0,normalDay
2023-02-16,11547.0,693.0,0.0,0,408.28,0.0,1,8.75,1.82,SPY230421P00355000,355.0,0,0.0,0.0,,0.0,normalDay
2023-02-17,11547.0,698.0,0.0,0,407.26,0.0,1,8.75,1.77,SPY230421P00355000,355.0,0,0.0,0.0,,0.0,normalDay
2023-02-21,11547.0,625.0,0.0,0,399.09,0.0,1,8.75,2.5,SPY230421P00355000,355.0,0,0.0,0.0,,0.0,normalDay
2023-02-22,11547.0,644.0,0.0,0,398.54,0.0,1,8.75,2.31,SPY230421P00355000,355.0,0,0.0,0.0,,0.0,normalDay
2023-02-23,11547.0,685.0,0.0,0,400.66,0.0,1,8.75,1.9,SPY230421P00355000,355.0,0,0.0,0.0,,0.0,normalDay
2023-02-24,11547.0,650.0,0.0,0,396.38,0.0,1,8.75,2.25,SPY230421P00355000,355.0,0,0.0,0.0,,0.0,normalDay
2023-02-27,11547.0,699.0,0.0,0,397.73,0.0,1,8.75,1.76,SPY230421P00355000,355.0,0,0.0,0.0,,0.0,normalDay
2023-02-28,11547.0,703.0,0.0,0,396.26,0.0,1,8.75,1.72,SPY230421P00355000,355.0,0,0.0,0.0,,0.0,normalDay
2023-03-01,11547.0,702.0,0.0,0,394.74,0.0,1,8.75,1.73,SPY230421P00355000,355.0,0,0.0,0.0,,0.0,normalDay
2023-03-02,11547.0,746.0,0.0,0,397.81,0.0,1,8.75,1.29,SPY230421P00355000,355.0,0,0.0,0.0,,0.0,normalDay
2023-03-03,11547.0,789.0,0.0,0,404.19,0.0,1,8.75,0.86,SPY230421P00355000,355.0,0,0.0,0.0,,0.0,normalDay
2023-03-06,11547.0,799.0,0.0,0,404.47,0.0,1,8.75,0.76,SPY230421P00355000,355.0,0,0.0,0.0,,0.0,normalDay
2023-03-07,11547.0,768.0,0.0,0,398.27,0.0,1,8.75,1.07,SPY230421P00355000,355.0,0,0.0,0.0,,0.0,normalDay
2023-03-08,11547.0,781.0,0.0,0,398.92,0.0,1,8.75,0.94,SPY230421P00355000,355.0,0,0.0,0.0,,0.0,normalDay
2023-03-09,11547.0,678.0,0.0,0,391.56,0.0,1,8.75,1.97,SPY230421P00355000,355.0,0,0.0,0.0,,0.0,normalDay
2023-03-10,11547.0,571.0,0.0,0,385.91,0.0,1,8.75,3.04,SPY230421P00355000,355.0,0,0.0,0.0,,0.0,normalDay
2023-03-13,11547.0,547.0,0.0,0,385.36,0.0,1,8.75,3.28,SPY230421P00355000,355.0,0,0.0,0.0,,0.0,normalDay
2023-03-14,11547.0,673.0,0.0,0,391.73,0.0,1,8.75,2.02,SPY230421P00355000,355.0,0,0.0,0.0,,0.0,normalDay
2023-03-15,11547.0,592.0,0.0,0,389.28,0.0,1,8.75,2.83,SPY230421P00355000,355.0,0,0.0,0.0,,0.0,normalDay
2023-03-16,11547.0,712.0,0.0,0,396.11,0.0,1,8.75,1.63,SPY230421P00355000,355.0,0,0.0,0.0,,0.0,normalDay
2023-03-17,11547.0,639.0,0.0,0,389.99,0.0,1,8.75,2.36,SPY230421P00355000,355.0,0,0.0,0.0,,0.0,normalDay
2023-03-20,11547.0,701.0,0.0,0,393.74,0.0,1,8.75,1.74,SPY230421P00355000,355.0,0,0.0,0.0,,0.0,normalDay
2023-03-21,11547.0,782.0,0.0,0,398.91,0.0,1,8.75,0.93,SPY230421P00355000,355.0,0,0.0,0.0,,0.0,normalDay
2023-03-22,11547.0,740.0,0.0,0,392.11,0.0,1,8.75,1.35,SPY230421P00355000,355.0,0,0.0,0.0,,0.0,normalDay
2023-03-23,11547.0,745.0,0.0,0,393.17,0.0,1,8.75,1.3,SPY230421P00355000,355.0,0,0.0,0.0,,0.0,normalDay
2023-03-24,11547.0,777.0,0.0,0,395.75,0.0,1,8.75,0.98,SPY230421P00355000,355.0,0,0.0,0.0,,0.0,normalDay
2023-03-27,11547.0,813.0,0.0,0,396.49,0.0,1,8.75,0.62,SPY230421P00355000,355.0,0,0.0,0.0,,0.0,normalDay
2023-03-28,11547.0,826.0,0.0,0,395.6,0.0,1,8.75,0.49,SPY230421P00355000,355.0,0,0.0,0.0,,0.0,normalDay
2023-03-29,11547.0,841.0,0.0,0,401.35,0.0,1,8.75,0.34,SPY230421P00355000,355.0,0,0.0,0.0,,0.0,normalDay
2023-03-30,11547.0,842.0,0.0,0,403.7,0.0,1,8.75,0.33,SPY230421P00355000,355.0,0,0.0,0.0,,0.0,normalDay
2023-03-31,11547.0,852.0,0.0,0,409.39,0.0,1,8.75,0.23,SPY230421P00355000,355.0,0,0.0,0.0,,0.0,normalDay
2023-04-03,11547.0,861.0,0.0,0,410.95,0.0,1,8.75,0.14,SPY230421P00355000,355.0,0,0.0,0.0,,0.0,normalDay
2023-04-04,11547.0,860.0,0.0,0,408.67,0.0,1,8.75,0.15,SPY230421P00355000,355.0,0,0.0,0.0,,0.0,normalDay
2023-04-05,11547.0,862.0,0.0,0,407.6,0.0,1,8.75,0.13,SPY230421P00355000,355.0,0,0.0,0.0,,0.0,normalDay
2023-04-06,11547.0,866.0,0.0,0,409.19,0.0,1,8.75,0.09,SPY230421P00355000,355.0,0,0.0,0.0,,0.0,normalDay
2023-04-10,11547.0,868.0,0.0,0,409.61,0.0,1,8.75,0.07,SPY230421P00355000,355.0,0,0.0,0.0,,0.0,normalDay
2023-04-11,11547.0,868.0,0.0,0,409.72,0.0,1,8.75,0.07,SPY230421P00355000,355.0,0,0.0,0.0,,0.0,normalDay
2023-04-12,11547.0,869.0,0.0,0,408.05,0.0,1,8.75,0.06,SPY230421P00355000,355.0,0,0.0,0.0,,0.0,normalDay
2023-04-13,11547.0,871.0,0.0,0,413.47,0.0,1,8.75,0.04,SPY230421P00355000,355.0,0,0.0,0.0,,0.0,normalDay
2023-04-14,11547.0,872.0,0.0,0,412.46,0.0,1,8.75,0.03,SPY230421P00355000,355.0,0,0.0,0.0,,0.0,normalDay
2023-04-17,11547.0,873.0,0.0,0,413.94,0.0,1,8.75,0.02,SPY230421P00355000,355.0,0,0.0,0.0,,0.0,normalDay
2023-04-18,11547.0,873.0,0.0,0,414.21,0.0,1,8.75,0.02,SPY230421P00355000,355.0,0,0.0,0.0,,0.0,normalDay
2023-04-19,11547.0,873.0,0.0,0,414.14,0.0,1,8.75,0.02,SPY230421P00355000,355.0,0,0.0,0.0,,0.0,normalDay
2023-04-20,11547.0,874.0,0.0,0,411.88,0.0,1,8.75,0.01,SPY230421P00355000,355.0,0,0.0,0.0,,0.0,normalDay
2023-04-21,12422.0,0.0,875.0,0,412.2,0.0,1,8.75,0.0,SPY230421P00355000,355.0,0,0.0,0.0,,0.0,expirationDay
2023-04-24,12422.0,-5.0,0.0,0,412.63,0.0,1,7.18,7.23,SPY230818P00385000,385.0,0,0.0,0.0,,0.0,normalDay
2023-04-25,12422.0,-173.0,0.0,0,406.08,0.0,1,7.18,8.91,SPY230818P00385000,385.0,0,0.0,0.0,,0.0,normalDay
2023-04-26,12422.0,-228.0,0.0,0,404.36,0.0,1,7.18,9.46,SPY230818P00385000,385.0,0,0.0,0.0,,0.0,normalDay
2023-04-27,12422.0,21.0,0.0,0,412.41,0.0,1,7.18,6.97,SPY230818P00385000,385.0,0,0.0,0.0,,0.0,normalDay
2023-04-28,12422.0,102.0,0.0,0,415.93,0.0,1,7.18,6.16,SPY230818P00385000,385.0,0,0.0,0.0,,0.0,normalDay
2023-05-01,12422.0,112.0,0.0,0,415.51,0.0,1,7.18,6.06,SPY230818P00385000,385.0,0,0.0,0.0,,0.0,normalDay
2023-05-02,12422.0,-13.0,0.0,0,410.84,0.0,1,7.18,7.31,SPY230818P00385000,385.0,0,0.0,0.0,,0.0,normalDay
2023-05-03,12422.0,-77.0,0.0,0,408.02,0.0,1,7.18,7.95,SPY230818P00385000,385.0,0,0.0,0.0,,0.0,normalDay
2023-05-04,12422.0,-217.0,0.0,0,405.13,0.0,1,7.18,9.35,SPY230818P00385000,385.0,0,0.0,0.0,,0.0,normalDay
2023-05-05,12422.0,24.0,0.0,0,412.63,0.0,1,7.18,6.94,SPY230818P00385000,385.0,0,0.0,0.0,,0.0,normalDay
2023-05-08,12422.0,60.0,0.0,0,412.74,0.0,1,7.18,6.58,SPY230818P00385000,385.0,0,0.0,0.0,,0.0,normalDay
2023-05-09,12422.0,22.0,0.0,0,410.93,0.0,1,7.18,6.96,SPY230818P00385000,385.0,0,0.0,0.0,,0.0,normalDay
2023-05-10,12422.0,87.0,0.0,0,412.85,0.0,1,7.18,6.31,SPY230818P00385000,385.0,0,0.0,0.0,,0.0,normalDay
2023-05-11,12422.0,87.0,0.0,0,412.13,0.0,1,7.18,6.31,SPY230818P00385000,385.0,0,0.0,0.0,,0.0,normalDay
2023-05-12,12422.0,78.0,0.0,0,411.59,0.0,1,7.18,6.4,SPY230818P00385000,385.0,0,0.0,0.0,,0.0,normalDay
2023-05-15,12422.0,147.0,0.0,0,413.01,0.0,1,7.18,5.71,SPY230818P00385000,385.0,0,0.0,0.0,,0.0,normalDay
2023-05-16,12422.0,87.0,0.0,0,410.25,0.0,1,7.18,6.31,SPY230818P00385000,385.0,0,0.0,0.0,,0.0,normalDay
2023-05-17,12422.0,202.0,0.0,0,415.23,0.0,1,7.18,5.16,SPY230818P00385000,385.0,0,0.0,0.0,,0.0,normalDay
2023-05-18,12422.0,295.0,0.0,0,419.23,0.0,1,7.18,4.23,SPY230818P00385000,385.0,0,0.0,0.0,,0.0,normalDay
2023-05-19,12422.0,264.0,0.0,0,418.62,0.0,1,7.18,4.54,SPY230818P00385000,385.0,0,0.0,0.0,,0.0,normalDay
2023-05-22,12422.0,272.0,0.0,0,418.79,0.0,1,7.18,4.46,SPY230818P00385000,385.0,0,0.0,0.0,,0.0,normalDay
2023-05-23,12422.0,183.0,0.0,0,414.09,0.0,1,7.18,5.35,SPY230818P00385000,385.0,0,0.0,0.0,,0.0,normalDay
2023-05-24,12422.0,109.0,0.0,0,411.09,0.0,1,7.18,6.09,SPY230818P00385000,385.0,0,0.0,0.0,,0.0,normalDay
2023-05-25,12422.0,193.0,0.0,0,414.65,0.0,1,7.18,5.25,SPY230818P00385000,385.0,0,0.0,0.0,,0.0,normalDay
2023-05-26,12422.0,301.0,0.0,0,420.02,0.0,1,7.18,4.17,SPY230818P00385000,385.0,0,0.0,0.0,,0.0,normalDay
2023-05-30,12422.0,335.0,0.0,0,420.18,0.0,1,7.18,3.83,SPY230818P00385000,385.0,0,0.0,0.0,,0.0,normalDay
2023-05-31,12422.0,317.0,0.0,0,417.85,0.0,1,7.18,4.01,SPY230818P00385000,385.0,0,0.0,0.0,,0.0,normalDay
2023-06-01,12422.0,412.0,0.0,0,421.82,0.0,1,7.18,3.06,SPY230818P00385000,385.0,0,0.0,0.0,,0.0,normalDay
2023-06-02,12422.0,485.0,0.0,0,427.92,0.0,1,7.18,2.33,SPY230818P00385000,385.0,0,0.0,0.0,,0.0,normalDay
2023-06-05,12422.0,493.0,0.0,0,427.1,0.0,1,7.18,2.25,SPY230818P00385000,385.0,0,0.0,0.0,,0.0,normalDay
2023-06-06,12422.0,526.0,0.0,0,428.03,0.0,1,7.18,1.92,SPY230818P00385000,385.0,0,0.0,0.0,,0.0,normalDay
2023-06-07,12422.0,521.0,0.0,0,426.55,0.0,1,7.18,1.97,SPY230818P00385000,385.0,0,0.0,0.0,,0.0,normalDay
2023-06-08,12422.0,546.0,0.0,0,429.13,0.0,1,7.18,1.72,SPY230818P00385000,385.0,0,0.0,0.0,,0.0,normalDay
2023-06-09,12422.0,547.0,0.0,0,429.9,0.0,1,7.18,1.71,SPY230818P00385000,385.0,0,0.0,0.0,,0.0,normalDay
2023-06-12,12422.0,562.0,0.0,0,433.8,0.0,1,7.18,1.56,SPY230818P00385000,385.0,0,0.0,0.0,,0.0,normalDay
2023-06-13,12422.0,579.0,0.0,0,436.66,0.0,1,7.18,1.39,SPY230818P00385000,385.0,0,0.0,0.0,,0.0,normalDay
2023-06-14,12422.0,597.0,0.0,0,437.18,0.0,1,7.18,1.21,SPY230818P00385000,385.0,0,0.0,0.0,,0.0,normalDay
2023-06-15,12422.0,603.0,0.0,0,442.6,0.0,1,7.18,1.15,SPY230818P00385000,385.0,0,0.0,0.0,,0.0,normalDay
2023-06-16,12422.0,617.0,0.0,0,439.46,0.0,1,7.18,1.01,SPY230818P00385000,385.0,0,0.0,0.0,,0.0,normalDay
2023-06-20,12422.0,609.0,0.0,0,437.18,0.0,1,7.18,1.09,SPY230818P00385000,385.0,0,0.0,0.0,,0.0,normalDay
2023-06-21,12422.0,615.0,0.0,0,434.94,0.0,1,7.18,1.03,SPY230818P00385000,385.0,0,0.0,0.0,,0.0,normalDay
2023-06-22,12422.0,630.0,0.0,0,436.51,0.0,1,7.18,0.88,SPY230818P00385000,385.0,0,0.0,0.0,,0.0,normalDay
2023-06-23,12422.0,615.0,0.0,0,433.21,0.0,1,7.18,1.03,SPY230818P00385000,385.0,0,0.0,0.0,,0.0,normalDay
2023-06-26,12422.0,611.0,0.0,0,431.44,0.0,1,7.18,1.07,SPY230818P00385000,385.0,0,0.0,0.0,,0.0,normalDay
2023-06-27,12422.0,637.0,0.0,0,436.17,0.0,1,7.18,0.81,SPY230818P00385000,385.0,0,0.0,0.0,,0.0,normalDay
2023-06-28,12422.0,650.0,0.0,0,436.39,0.0,1,7.18,0.68,SPY230818P00385000,385.0,0,0.0,0.0,,0.0,normalDay
2023-06-29,12422.0,651.0,0.0,0,438.11,0.0,1,7.18,0.67,SPY230818P00385000,385.0,0,0.0,0.0,,0.0,normalDay
2023-06-30,12422.0,663.0,0.0,0,443.28,0.0,1,7.18,0.55,SPY230818P00385000,385.0,0,0.0,0.0,,0.0,normalDay
2023-07-03,12422.0,667.0,0.0,0,443.79,0.0,1,7.18,0.51,SPY230818P00385000,385.0,0,0.0,0.0,,0.0,normalDay
2023-07-05,12422.0,666.0,0.0,0,443.13,0.0,1,7.18,0.52,SPY230818P00385000,385.0,0,0.0,0.0,,0.0,normalDay
2023-07-06,12422.0,651.0,0.0,0,439.66,0.0,1,7.18,0.67,SPY230818P00385000,385.0,0,0.0,0.0,,0.0,normalDay
2023-07-07,12422.0,656.0,0.0,0,438.55,0.0,1,7.18,0.62,SPY230818P00385000,385.0,0,0.0,0.0,,0.0,normalDay
2023-07-10,12422.0,663.0,0.0,0,439.66,0.0,1,7.18,0.55,SPY230818P00385000,385.0,0,0.0,0.0,,0.0,normalDay
2023-07-11,12422.0,670.0,0.0,0,442.46,0.0,1,7.18,0.48,SPY230818P00385000,385.0,0,0.0,0.0,,0.0,normalDay
2023-07-12,12422.0,684.0,0.0,0,446.02,0.0,1,7.18,0.34,SPY230818P00385000,385.0,0,0.0,0.0,,0.0,normalDay
2023-07-13,12422.0,686.0,0.0,0,449.56,0.0,1,7.18,0.32,SPY230818P00385000,385.0,0,0.0,0.0,,0.0,normalDay
2023-07-14,12422.0,689.0,0.0,0,449.28,0.0,1,7.18,0.29,SPY230818P00385000,385.0,0,0.0,0.0,,0.0,normalDay
2023-07-17,12422.0,693.0,0.0,0,450.84,0.0,1,7.18,0.25,SPY230818P00385000,385.0,0,0.0,0.0,,0.0,normalDay
2023-07-18,12422.0,696.0,0.0,0,454.19,0.0,1,7.18,0.22,SPY230818P00385000,385.0,0,0.0,0.0,,0.0,normalDay
2023-07-19,12422.0,695.0,0.0,0,455.2,0.0,1,7.18,0.23,SPY230818P00385000,385.0,0,0.0,0.0,,0.0,normalDay
2023-07-20,12422.0,693.0,0.0,0,452.18,0.0,1,7.18,0.25,SPY230818P00385000,385.0,0,0.0,0.0,,0.0,normalDay
2023-07-21,12422.0,696.0,0.0,0,452.18,0.0,1,7.18,0.22,SPY230818P00385000,385.0,0,0.0,0.0,,0.0,normalDay
2023-07-24,12422.0,700.0,0.0,0,454.2,0.0,1,7.18,0.18,SPY230818P00385000,385.0,0,0.0,0.0,,0.0,normalDay
2023-07-25,12422.0,702.0,0.0,0,455.44,0.0,1,7.18,0.16,SPY230818P00385000,385.0,0,0.0,0.0,,0.0,normalDay
2023-07-26,12422.0,705.0,0.0,0,455.51,0.0,1,7.18,0.13,SPY230818P00385000,385.0,0,0.0,0.0,,0.0,normalDay
2023-07-27,12422.0,699.0,0.0,0,452.49,0.0,1,7.18,0.19,SPY230818P00385000,385.0,0,0.0,0.0,,0.0,normalDay
2023-07-28,12422.0,707.0,0.0,0,456.92,0.0,1,7.18,0.11,SPY230818P00385000,385.0,0,0.0,0.0,,0.0,normalDay
2023-07-31,12422.0,709.0,0.0,0,457.79,0.0,1,7.18,0.09,SPY230818P00385000,385.0,0,0.0,0.0,,0.0,normalDay
2023-08-01,12422.0,709.0,0.0,0,456.48,0.0,1,7.18,0.09,SPY230818P00385000,385.0,0,0.0,0.0,,0.0,normalDay
2023-08-02,12422.0,701.0,0.0,0,450.13,0.0,1,7.18,0.17,SPY230818P00385000,385.0,0,0.0,0.0,,0.0,normalDay
2023-08-03,12422.0,703.0,0.0,0,448.84,0.0,1,7.18,0.15,SPY230818P00385000,385.0,0,0.0,0.0,,0.0,normalDay
2023-08-04,12422.0,697.0,0.0,0,446.81,0.0,1,7.18,0.21,SPY230818P00385000,385.0,0,0.0,0.0,,0.0,normalDay
2023-08-07,12422.0,707.0,0.0,0,450.71,0.0,1,7.18,0.11,SPY230818P00385000,385.0,0,0.0,0.0,,0.0,normalDay
2023-08-08,12422.0,710.0,0.0,0,448.75,0.0,1,7.18,0.08,SPY230818P00385000,385.0,0,0.0,0.0,,0.0,normalDay
2023-08-09,12422.0,710.0,0.0,0,445.75,0.0,1,7.18,0.08,SPY230818P00385000,385.0,0,0.0,0.0,,0.0,normalDay
2023-08-10,12422.0,711.0,0.0,0,445.91,0.0,1,7.18,0.07,SPY230818P00385000,385.0,0,0.0,0.0,,0.0,normalDay
2023-08-11,12422.0,715.0,0.0,0,445.65,0.0,1,7.18,0.03,SPY230818P00385000,385.0,0,0.0,0.0,,0.0,normalDay
2023-08-14,12422.0,715.0,0.0,0,448.11,0.0,1,7.18,0.03,SPY230818P00385000,385.0,0,0.0,0.0,,0.0,normalDay
2023-08-15,12422.0,715.0,0.0,0,442.89,0.0,1,7.18,0.03,SPY230818P00385000,385.0,0,0.0,0.0,,0.0,normalDay
2023-08-16,12422.0,716.0,0.0,0,439.64,0.0,1,7.18,0.02,SPY230818P00385000,385.0,0,0.0,0.0,,0.0,normalDay
2023-08-17,12422.0,716.0,0.0,0,436.29,0.0,1,7.18,0.02,SPY230818P00385000,385.0,0,0.0,0.0,,0.0,normalDay
2023-08-18,13140.0,0.0,718.0,0,436.5,0.0,1,7.18,0.0,SPY230818P00385000,385.0,0,0.0,0.0,,0.0,expirationDay
2023-08-21,13140.0,-6.0,0.0,0,439.34,0.0,1,8.93,8.99,SPY231229P00420000,420.0,0,0.0,0.0,,0.0,normalDay
2023-08-22,13140.0,-12.0,0.0,0,438.15,0.0,1,8.93,9.05,SPY231229P00420000,420.0,0,0.0,0.0,,0.0,normalDay
2023-08-23,13140.0,122.0,0.0,0,443.03,0.0,1,8.93,7.71,SPY231229P00420000,420.0,0,0.0,0.0,,0.0,normalDay
2023-08-24,13140.0,-42.0,0.0,0,436.89,0.0,1,8.93,9.35,SPY231229P00420000,420.0,0,0.0,0.0,,0.0,normalDay
2023-08-25,13140.0,85.0,0.0,0,439.97,0.0,1,8.93,8.08,SPY231229P00420000,420.0,0,0.0,0.0,,0.0,normalDay
2023-08-28,13140.0,183.0,0.0,0,442.76,0.0,1,8.93,7.1,SPY231229P00420000,420.0,0,0.0,0.0,,0.0,normalDay
2023-08-29,13140.0,320.0,0.0,0,449.16,0.0,1,8.93,5.73,SPY231229P00420000,420.0,0,0.0,0.0,,0.0,normalDay
2023-08-30,13140.0,372.0,0.0,0,451.01,0.0,1,8.93,5.21,SPY231229P00420000,420.0,0,0.0,0.0,,0.0,normalDay
2023-08-31,13140.0,388.0,0.0,0,450.35,0.0,1,8.93,5.05,SPY231229P00420000,420.0,0,0.0,0.0,,0.0,normalDay
2023-09-01,13140.0,403.0,0.0,0,451.19,0.0,1,8.93,4.9,SPY231229P00420000,420.0,0,0.0,0.0,,0.0,normalDay
2023-09-05,13140.0,377.0,0.0,0,449.24,0.0,1,8.93,5.16,SPY231229P00420000,420.0,0,0.0,0.0,,0.0,normalDay
2023-09-06,13140.0,311.0,0.0,0,446.22,0.0,1,8.93,5.82,SPY231229P00420000,420.0,0,0.0,0.0,,0.0,normalDay
2023-09-07,13140.0,298.0,0.0,0,444.85,0.0,1,8.93,5.95,SPY231229P00420000,420.0,0,0.0,0.0,,0.0,normalDay
2023-09-08,13140.0,348.0,0.0,0,445.52,0.0,1,8.93,5.45,SPY231229P00420000,420.0,0,0.0,0.0,,0.0,normalDay
2023-09-11,13140.0,414.0,0.0,0,448.45,0.0,1,8.93,4.79,SPY231229P00420000,420.0,0,0.0,0.0,,0.0,normalDay
2023-09-12,13140.0,376.0,0.0,0,445.99,0.0,1,8.93,5.17,SPY231229P00420000,420.0,0,0.0,0.0,,0.0,normalDay
2023-09-13,13140.0,407.0,0.0,0,446.51,0.0,1,8.93,4.86,SPY231229P00420000,420.0,0,0.0,0.0,,0.0,normalDay
2023-09-14,13140.0,489.0,0.0,0,450.36,0.0,1,8.93,4.04,SPY231229P00420000,420.0,0,0.0,0.0,,0.0,normalDay
2023-09-15,13140.0,382.0,0.0,0,443.37,0.0,1,8.93,5.11,SPY231229P00420000,420.0,0,0.0,0.0,,0.0,normalDay
2023-09-18,13140.0,398.0,0.0,0,443.63,0.0,1,8.93,4.95,SPY231229P00420000,420.0,0,0.0,0.0,,0.0,normalDay
2023-09-19,13140.0,393.0,0.0,0,442.71,0.0,1,8.93,5.0,SPY231229P00420000,420.0,0,0.0,0.0,,0.0,normalDay
2023-09-20,13140.0,287.0,0.0,0,438.64,0.0,1,8.93,6.06,SPY231229P00420000,420.0,0,0.0,0.0,,0.0,normalDay
2023-09-21,13140.0,64.0,0.0,0,431.39,0.0,1,8.93,8.29,SPY231229P00420000,420.0,0,0.0,0.0,,0.0,normalDay
2023-09-22,13140.0,42.0,0.0,0,430.42,0.0,1,8.93,8.51,SPY231229P00420000,420.0,0,0.0,0.0,,0.0,normalDay
2023-09-25,13140.0,100.0,0.0,0,432.23,0.0,1,8.93,7.93,SPY231229P00420000,420.0,0,0.0,0.0,,0.0,normalDay
2023-09-26,13140.0,-153.0,0.0,0,425.88,0.0,1,8.93,10.46,SPY231229P00420000,420.0,0,0.0,0.0,,0.0,normalDay
2023-09-27,13140.0,-105.0,0.0,0,426.05,0.0,1,8.93,9.98,SPY231229P00420000,420.0,0,0.0,0.0,,0.0,normalDay
2023-09-28,13140.0,-7.0,0.0,0,428.52,0.0,1,8.93,9.0,SPY231229P00420000,420.0,0,0.0,0.0,,0.0,normalDay
2023-09-29,13140.0,-27.0,0.0,0,427.48,0.0,1,8.93,9.2,SPY231229P00420000,420.0,0,0.0,0.0,,0.0,normalDay
2023-10-02,13140.0,-17.0,0.0,0,427.31,0.0,1,8.93,9.1,SPY231229P00420000,420.0,0,0.0,0.0,,0.0,normalDay
2023-10-03,13140.0,-288.0,0.0,0,421.59,0.0,1,8.93,11.81,SPY231229P00420000,420.0,0,0.0,0.0,,0.0,normalDay
2023-10-04,13140.0,-152.0,0.0,0,424.66,0.0,1,8.93,10.45,SPY231229P00420000,420.0,0,0.0,0.0,,0.0,normalDay
2023-10-05,13140.0,-157.0,0.0,0,424.5,0.0,1,8.93,10.5,SPY231229P00420000,420.0,0,0.0,0.0,,0.0,normalDay
2023-10-06,13140.0,63.0,0.0,0,429.54,0.0,1,8.93,8.3,SPY231229P00420000,420.0,0,0.0,0.0,,0.0,normalDay
2023-10-09,13140.0,143.0,0.0,0,432.29,0.0,1,8.93,7.5,SPY231229P00420000,420.0,0,0.0,0.0,,0.0,normalDay
2023-10-10,13140.0,227.0,0.0,0,434.54,0.0,1,8.93,6.66,SPY231229P00420000,420.0,0,0.0,0.0,,0.0,normalDay
2023-10-11,13140.0,311.0,0.0,0,436.32,0.0,1,8.93,5.82,SPY231229P00420000,420.0,0,0.0,0.0,,0.0,normalDay
2023-10-12,13140.0,234.0,0.0,0,433.66,0.0,1,8.93,6.59,SPY231229P00420000,420.0,0,0.0,0.0,,0.0,normalDay
2023-10-13,13140.0,63.0,0.0,0,431.5,0.0,1,8.93,8.3,SPY231229P00420000,420.0,0,0.0,0.0,,0.0,normalDay
2023-10-16,13140.0,280.0,0.0,0,436.04,0.0,1,8.93,6.13,SPY231229P00420000,420.0,0,0.0,0.0,,0.0,normalDay
2023-10-17,13140.0,256.0,0.0,0,436.02,0.0,1,8.93,6.37,SPY231229P00420000,420.0,0,0.0,0.0,,0.0,normalDay
2023-10-18,13140.0,77.0,0.0,0,430.21,0.0,1,8.93,8.16,SPY231229P00420000,420.0,0,0.0,0.0,,0.0,normalDay
2023-10-19,13140.0,-146.0,0.0,0,426.43,0.0,1,8.93,10.39,SPY231229P00420000,420.0,0,0.0,0.0,,0.0,normalDay
2023-10-20,13140.0,-289.0,0.0,0,421.19,0.0,1,8.93,11.82,SPY231229P00420000,420.0,0,0.0,0.0,,0.0,normalDay
2023-10-23,13140.0,-226.0,0.0,0,420.46,0.0,1,8.93,11.19,SPY231229P00420000,420.0,0,0.0,0.0,,0.0,normalDay
2023-10-24,13140.0,-66.0,0.0,0,423.63,0.0,1,8.93,9.59,SPY231229P00420000,420.0,0,0.0,0.0,,0.0,normalDay
2023-10-25,13140.0,-359.0,0.0,0,417.55,0.0,1,8.93,12.52,SPY231229P00420000,420.0,0,0.0,0.0,,0.0,normalDay
2023-10-26,13140.0,-597.0,0.0,0,412.55,0.0,1,8.93,14.9,SPY231229P00420000,420.0,0,0.0,0.0,,0.0,normalDay
2023-10-27,13140.0,-732.0,0.0,0,410.68,0.0,1,8.93,16.25,SPY231229P00420000,420.0,0,0.0,0.0,,0.0,normalDay
2023-10-30,13140.0,-406.0,0.0,0,415.59,0.0,1,8.93,12.99,SPY231229P00420000,420.0,0,0.0,0.0,,0.0,normalDay
2023-10-31,13140.0,-213.0,0.0,0,418.2,0.0,1,8.93,11.06,SPY231229P00420000,420.0,0,0.0,0.0,,0.0,normalDay
2023-11-01,13140.0,38.0,0.0,0,422.66,0.0,1,8.93,8.55,SPY231229P00420000,420.0,0,0.0,0.0,,0.0,normalDay
2023-11-02,13140.0,327.0,0.0,0,430.76,0.0,1,8.93,5.66,SPY231229P00420000,420.0,0,0.0,0.0,,0.0,normalDay
2023-11-03,13140.0,456.0,0.0,0,434.69,0.0,1,8.93,4.37,SPY231229P00420000,420.0,0,0.0,0.0,,0.0,normalDay
2023-11-06,13140.0,494.0,0.0,0,435.69,0.0,1,8.93,3.99,SPY231229P00420000,420.0,0,0.0,0.0,,0.0,normalDay
2023-11-07,13140.0,532.0,0.0,0,436.93,0.0,1,8.93,3.61,SPY231229P00420000,420.0,0,0.0,0.0,,0.0,normalDay
2023-11-08,13140.0,559.0,0.0,0,437.25,0.0,1,8.93,3.34,SPY231229P00420000,420.0,0,0.0,0.0,,0.0,normalDay
2023-11-09,13140.0,480.0,0.0,0,433.84,0.0,1,8.93,4.13,SPY231229P00420000,420.0,0,0.0,0.0,,0.0,normalDay
2023-11-10,13140.0,635.0,0.0,0,440.61,0.0,1,8.93,2.58,SPY231229P00420000,420.0,0,0.0,0.0,,0.0,normalDay
2023-11-13,13140.0,635.0,0.0,0,440.19,0.0,1,8.93,2.58,SPY231229P00420000,420.0,0,0.0,0.0,,0.0,normalDay
2023-11-14,13140.0,742.0,0.0,0,448.73,0.0,1,8.93,1.51,SPY231229P00420000,420.0,0,0.0,0.0,,0.0,normalDay
2023-11-15,13140.0,750.0,0.0,0,449.68,0.0,1,8.93,1.43,SPY231229P00420000,420.0,0,0.0,0.0,,0.0,normalDay
2023-11-16,13140.0,762.0,0.0,0,450.23,0.0,1,8.93,1.31,SPY231229P00420000,420.0,0,0.0,0.0,,0.0,normalDay
2023-11-17,13140.0,773.0,0.0,0,450.79,0.0,1,8.93,1.2,SPY231229P00420000,420.0,0,0.0,0.0,,0.0,normalDay
2023-11-20,13140.0,805.0,0.0,0,454.26,0.0,1,8.93,0.88,SPY231229P00420000,420.0,0,0.0,0.0,,0.0,normalDay
2023-11-21,13140.0,806.0,0.0,0,453.27,0.0,1,8.93,0.87,SPY231229P00420000,420.0,0,0.0,0.0,,0.0,normalDay
2023-11-22,13140.0,817.0,0.0,0,455.02,0.0,1,8.93,0.76,SPY231229P00420000,420.0,0,0.0,0.0,,0.0,normalDay
2023-11-24,13140.0,829.0,0.0,0,455.3,0.0,1,8.93,0.64,SPY231229P00420000,420.0,0,0.0,0.0,,0.0,normalDay
2023-11-27,13140.0,832.0,0.0,0,454.48,0.0,1,8.93,0.61,SPY231229P00420000,420.0,0,0.0,0.0,,0.0,normalDay
2023-11-28,13140.0,836.0,0.0,0,454.93,0.0,1,8.93,0.57,SPY231229P00420000,420.0,0,0.0,0.0,,0.0,normalDay
2023-11-29,13140.0,835.0,0.0,0,454.61,0.0,1,8.93,0.58,SPY231229P00420000,420.0,0,0.0,0.0,,0.0,normalDay
2023-11-30,13140.0,841.0,0.0,0,456.4,0.0,1,8.93,0.52,SPY231229P00420000,420.0,0,0.0,0.0,,0.0,normalDay
