date,totalCapital,unrializedPnL,rializedPnL,stocksOwned,stocksPriceToday,stocksPriceBoughtAt,putOwned,putOwnedSoldAt,putPriceToday,putOwnedContract,putOwnedStrike,callOwned,callOwnedSoldAt,callPriceToday,callOwnedContract,callOwnedStrike,trackType
2018-11-01,0.0,-10.0,0.0,0,273.51,0.0,1,6.5,6.6,SPY190329P00256000,256.0,0,0.0,0.0,,0.0,normalDay
2018-11-02,0.0,-48.0,0.0,0,271.89,0.0,1,6.5,6.98,SPY190329P00256000,256.0,0,0.0,0.0,,0.0,normalDay
2018-11-05,0.0,9.0,0.0,0,273.39,0.0,1,6.5,6.41,SPY190329P00256000,256.0,0,0.0,0.0,,0.0,normalDay
2018-11-06,0.0,63.0,0.0,0,275.12,0.0,1,6.5,5.87,SPY190329P00256000,256.0,0,0.0,0.0,,0.0,normalDay
2018-11-07,0.0,223.0,0.0,0,281.01,0.0,1,6.5,4.27,SPY190329P00256000,256.0,0,0.0,0.0,,0.0,normalDay
2018-11-08,0.0,227.0,0.0,0,280.5,0.0,1,6.5,4.23,SPY190329P00256000,256.0,0,0.0,0.0,,0.0,normalDay
2018-11-09,0.0,152.0,0.0,0,277.76,0.0,1,6.5,4.98,SPY190329P00256000,256.0,0,0.0,0.0,,0.0,normalDay
2018-11-12,0.0,11.0,0.0,0,272.57,0.0,1,6.5,6.39,SPY190329P00256000,256.0,0,0.0,0.0,,0.0,normalDay
2018-11-13,0.0,-17.0,0.0,0,272.06,0.0,1,6.5,6.67,SPY190329P00256000,256.0,0,0.0,0.0,,0.0,normalDay
2018-11-14,0.0,-95.0,0.0,0,270.2,0.0,1,6.5,7.45,SPY190329P00256000,256.0,0,0.0,0.0,,0.0,normalDay
2018-11-15,0.0,3.0,0.0,0,273.02,0.0,1,6.5,6.47,SPY190329P00256000,256.0,0,0.0,0.0,,0.0,normalDay
2018-11-16,0.0,60.0,0.0,0,273.73,0.0,1,6.5,5.9,SPY190329P00256000,256.0,0,0.0,0.0,,0.0,normalDay
2018-11-19,0.0,-81.0,0.0,0,269.1,0.0,1,6.5,7.31,SPY190329P00256000,256.0,0,0.0,0.0,,0.0,normalDay
2018-11-20,0.0,-283.0,0.0,0,264.12,0.0,1,6.5,9.33,SPY190329P00256000,256.0,0,0.0,0.0,,0.0,normalDay
2018-11-21,0.0,-210.0,0.0,0,265.02,0.0,1,6.5,8.6,SPY190329P00256000,256.0,0,0.0,0.0,,0.0,normalDay
2018-11-23,0.0,-275.0,0.0,0,263.25,0.0,1,6.5,9.25,SPY190329P00256000,256.0,0,0.0,0.0,,0.0,normalDay
2018-11-26,0.0,-58.0,0.0,0,267.5,0.0,1,6.5,7.08,SPY190329P00256000,256.0,0,0.0,0.0,,0.0,normalDay
2018-11-27,0.0,-39.0,0.0,0,268.4,0.0,1,6.5,6.89,SPY190329P00256000,256.0,0,0.0,0.0,,0.0,normalDay
2018-11-28,0.0,117.0,0.0,0,274.58,0.0,1,6.5,5.33,SPY190329P00256000,256.0,0,0.0,0.0,,0.0,normalDay
2018-11-29,0.0,102.0,0.0,0,273.98,0.0,1,6.5,5.48,SPY190329P00256000,256.0,0,0.0,0.0,,0.0,normalDay
2018-11-30,0.0,157.0,0.0,0,275.65,0.0,1,6.5,4.93,SPY190329P00256000,256.0,0,0.0,0.0,,0.0,normalDay
2018-12-03,0.0,256.0,0.0,0,279.3,0.0,1,6.5,3.94,SPY190329P00256000,256.0,0,0.0,0.0,,0.0,normalDay
2018-12-04,0.0,-4.0,0.0,0,270.25,0.0,1,6.5,6.54,SPY190329P00256000,256.0,0,0.0,0.0,,0.0,normalDay
2018-12-06,0.0,-16.0,0.0,0,269.84,0.0,1,6.5,6.66,SPY190329P00256000,256.0,0,0.0,0.0,,0.0,normalDay
2018-12-07,0.0,-249.0,0.0,0,263.57,0.0,1,6.5,8.99,SPY190329P00256000,256.0,0,0.0,0.0,,0.0,normalDay
2018-12-10,0.0,-187.0,0.0,0,264.07,0.0,1,6.5,8.37,SPY190329P00256000,256.0,0,0.0,0.0,,0.0,normalDay
2018-12-11,0.0,-178.0,0.0,0,264.13,0.0,1,6.5,8.28,SPY190329P00256000,256.0,0,0.0,0.0,,0.0,normalDay
2018-12-12,0.0,-143.0,0.0,0,265.46,0.0,1,6.5,7.93,SPY190329P00256000,256.0,0,0.0,0.0,,0.0,normalDay
2018-12-13,0.0,-126.0,0.0,0,265.37,0.0,1,6.5,7.76,SPY190329P00256000,256.0,0,0.0,0.0,,0.0,normalDay
2018-12-14,0.0,-301.0,0.0,0,260.47,0.0,1,6.5,9.51,SPY190329P00256000,256.0,0,0.0,0.0,,0.0,normalDay
2018-12-17,0.0,-532.0,0.0,0,255.36,0.0,1,6.5,11.82,SPY190329P00256000,256.0,0,0.0,0.0,,0.0,normalDay
2018-12-18,0.0,-588.0,0.0,0,255.08,0.0,1,6.5,12.38,SPY190329P00256000,256.0,0,0.0,0.0,,0.0,normalDay
2018-12-19,0.0,-712.0,0.0,0,251.26,0.0,1,6.5,13.62,SPY190329P00256000,256.0,0,0.0,0.0,,0.0,normalDay
2018-12-20,0.0,-953.0,0.0,0,247.17,0.0,1,6.5,16.03,SPY190329P00256000,256.0,0,0.0,0.0,,0.0,normalDay
2018-12-21,0.0,-1368.0,0.0,0,240.7,0.0,1,6.5,20.18,SPY190329P00256000,256.0,0,0.0,0.0,,0.0,normalDay
2018-12-24,0.0,-2000.0,0.0,0,234.34,0.0,1,6.5,26.5,SPY190329P00256000,256.0,0,0.0,0.0,,0.0,normalDay
2018-12-26,0.0,-936.0,0.0,0,246.18,0.0,1,6.5,15.86,SPY190329P00256000,256.0,0,0.0,0.0,,0.0,normalDay
2018-12-27,0.0,-849.0,0.0,0,248.07,0.0,1,6.5,14.99,SPY190329P00256000,256.0,0,0.0,0.0,,0.0,normalDay
2018-12-28,0.0,-870.0,0.0,0,247.75,0.0,1,6.5,15.2,SPY190329P00256000,256.0,0,0.0,0.0,,0.0,normalDay
2018-12-31,0.0,-674.0,0.0,0,249.92,0.0,1,6.5,13.24,SPY190329P00256000,256.0,0,0.0,0.0,,0.0,normalDay
2019-01-02,0.0,-597.0,0.0,0,250.18,0.0,1,6.5,12.47,SPY190329P00256000,256.0,0,0.0,0.0,,0.0,normalDay
2019-01-03,0.0,-1018.0,0.0,0,244.21,0.0,1,6.5,16.68,SPY190329P00256000,256.0,0,0.0,0.0,,0.0,normalDay
2019-01-04,0.0,-465.0,0.0,0,252.39,0.0,1,6.5,11.15,SPY190329P00256000,256.0,0,0.0,0.0,,0.0,normalDay
2019-01-07,0.0,-359.0,0.0,0,254.38,0.0,1,6.5,10.09,SPY190329P00256000,256.0,0,0.0,0.0,,0.0,normalDay
2019-01-08,0.0,-230.0,0.0,0,256.77,0.0,1,6.5,8.8,SPY190329P00256000,256.0,0,0.0,0.0,,0.0,normalDay
2019-01-09,0.0,-158.0,0.0,0,257.97,0.0,1,6.5,8.08,SPY190329P00256000,256.0,0,0.0,0.0,,0.0,normalDay
2019-01-10,0.0,-104.0,0.0,0,258.88,0.0,1,6.5,7.54,SPY190329P00256000,256.0,0,0.0,0.0,,0.0,normalDay
2019-01-11,0.0,-59.0,0.0,0,258.98,0.0,1,6.5,7.09,SPY190329P00256000,256.0,0,0.0,0.0,,0.0,normalDay
2019-01-14,0.0,-98.0,0.0,0,257.4,0.0,1,6.5,7.48,SPY190329P00256000,256.0,0,0.0,0.0,,0.0,normalDay
2019-01-15,0.0,42.0,0.0,0,260.35,0.0,1,6.5,6.08,SPY190329P00256000,256.0,0,0.0,0.0,,0.0,normalDay
2019-01-16,0.0,68.0,0.0,0,260.98,0.0,1,6.5,5.82,SPY190329P00256000,256.0,0,0.0,0.0,,0.0,normalDay
2019-01-17,0.0,137.0,0.0,0,262.96,0.0,1,6.5,5.13,SPY190329P00256000,256.0,0,0.0,0.0,,0.0,normalDay
2019-01-18,0.0,233.0,0.0,0,266.46,0.0,1,6.5,4.17,SPY190329P00256000,256.0,0,0.0,0.0,,0.0,normalDay
2019-01-22,0.0,102.0,0.0,0,262.86,0.0,1,6.5,5.48,SPY190329P00256000,256.0,0,0.0,0.0,,0.0,normalDay
2019-01-23,0.0,120.0,0.0,0,263.41,0.0,1,6.5,5.3,SPY190329P00256000,256.0,0,0.0,0.0,,0.0,normalDay
2019-01-24,0.0,148.0,0.0,0,263.55,0.0,1,6.5,5.02,SPY190329P00256000,256.0,0,0.0,0.0,,0.0,normalDay
2019-01-25,0.0,248.0,0.0,0,265.78,0.0,1,6.5,4.02,SPY190329P00256000,256.0,0,0.0,0.0,,0.0,normalDay
2019-01-28,0.0,182.0,0.0,0,263.76,0.0,1,6.5,4.68,SPY190329P00256000,256.0,0,0.0,0.0,,0.0,normalDay
2019-01-29,0.0,171.0,0.0,0,263.41,0.0,1,6.5,4.79,SPY190329P00256000,256.0,0,0.0,0.0,,0.0,normalDay
2019-01-30,0.0,314.0,0.0,0,267.58,0.0,1,6.5,3.36,SPY190329P00256000,256.0,0,0.0,0.0,,0.0,normalDay
2019-01-31,0.0,401.0,0.0,0,269.93,0.0,1,6.5,2.49,SPY190329P00256000,256.0,0,0.0,0.0,,0.0,normalDay
2019-02-01,0.0,413.0,0.0,0,270.06,0.0,1,6.5,2.37,SPY190329P00256000,256.0,0,0.0,0.0,,0.0,normalDay
2019-02-04,0.0,461.0,0.0,0,271.96,0.0,1,6.5,1.89,SPY190329P00256000,256.0,0,0.0,0.0,,0.0,normalDay
2019-02-05,0.0,475.0,0.0,0,273.1,0.0,1,6.5,1.75,SPY190329P00256000,256.0,0,0.0,0.0,,0.0,normalDay
2019-02-06,0.0,478.0,0.0,0,272.74,0.0,1,6.5,1.72,SPY190329P00256000,256.0,0,0.0,0.0,,0.0,normalDay
2019-02-07,0.0,431.0,0.0,0,270.14,0.0,1,6.5,2.19,SPY190329P00256000,256.0,0,0.0,0.0,,0.0,normalDay
2019-02-08,0.0,447.0,0.0,0,270.47,0.0,1,6.5,2.03,SPY190329P00256000,256.0,0,0.0,0.0,,0.0,normalDay
2019-02-11,0.0,462.0,0.0,0,270.62,0.0,1,6.5,1.88,SPY190329P00256000,256.0,0,0.0,0.0,,0.0,normalDay
2019-02-12,0.0,519.0,0.0,0,274.1,0.0,1,6.5,1.31,SPY190329P00256000,256.0,0,0.0,0.0,,0.0,normalDay
2019-02-13,0.0,524.0,0.0,0,274.99,0.0,1,6.5,1.26,SPY190329P00256000,256.0,0,0.0,0.0,,0.0,normalDay
2019-02-14,0.0,512.0,0.0,0,274.38,0.0,1,6.5,1.38,SPY190329P00256000,256.0,0,0.0,0.0,,0.0,normalDay
2019-02-15,0.0,556.0,0.0,0,277.37,0.0,1,6.5,0.94,SPY190329P00256000,256.0,0,0.0,0.0,,0.0,normalDay
2019-02-19,0.0,568.0,0.0,0,277.85,0.0,1,6.5,0.82,SPY190329P00256000,256.0,0,0.0,0.0,,0.0,normalDay
2019-02-20,0.0,585.0,0.0,0,278.41,0.0,1,6.5,0.65,SPY190329P00256000,256.0,0,0.0,0.0,,0.0,normalDay
2019-02-21,0.0,579.0,0.0,0,277.42,0.0,1,6.5,0.71,SPY190329P00256000,256.0,0,0.0,0.0,,0.0,normalDay
2019-02-22,0.0,597.0,0.0,0,279.14,0.0,1,6.5,0.53,SPY190329P00256000,256.0,0,0.0,0.0,,0.0,normalDay
2019-02-25,0.0,593.0,0.0,0,279.52,0.0,1,6.5,0.57,SPY190329P00256000,256.0,0,0.0,0.0,,0.0,normalDay
2019-02-26,0.0,591.0,0.0,0,279.32,0.0,1,6.5,0.59,SPY190329P00256000,256.0,0,0.0,0.0,,0.0,normalDay
2019-02-27,0.0,594.0,0.0,0,279.2,0.0,1,6.5,0.56,SPY190329P00256000,256.0,0,0.0,0.0,,0.0,normalDay
2019-02-28,0.0,593.0,0.0,0,278.68,0.0,1,6.5,0.57,SPY190329P00256000,256.0,0,0.0,0.0,,0.0,normalDay
2019-03-01,0.0,611.0,0.0,0,280.42,0.0,1,6.5,0.39,SPY190329P00256000,256.0,0,0.0,0.0,,0.0,normalDay
2019-03-04,0.0,605.0,0.0,0,279.4,0.0,1,6.5,0.45,SPY190329P00256000,256.0,0,0.0,0.0,,0.0,normalDay
2019-03-05,0.0,605.0,0.0,0,279.02,0.0,1,6.5,0.45,SPY190329P00256000,256.0,0,0.0,0.0,,0.0,normalDay
2019-03-06,0.0,596.0,0.0,0,277.33,0.0,1,6.5,0.54,SPY190329P00256000,256.0,0,0.0,0.0,,0.0,normalDay
2019-03-07,0.0,583.0,0.0,0,275.01,0.0,1,6.5,0.67,SPY190329P00256000,256.0,0,0.0,0.0,,0.0,normalDay
2019-03-08,0.0,594.0,0.0,0,274.46,0.0,1,6.5,0.56,SPY190329P00256000,256.0,0,0.0,0.0,,0.0,normalDay
2019-03-11,0.0,626.0,0.0,0,278.44,0.0,1,6.5,0.24,SPY190329P00256000,256.0,0,0.0,0.0,,0.0,normalDay
2019-03-12,0.0,633.0,0.0,0,279.49,0.0,1,6.5,0.17,SPY190329P00256000,256.0,0,0.0,0.0,,0.0,normalDay
2019-03-13,0.0,638.0,0.0,0,281.34,0.0,1,6.5,0.12,SPY190329P00256000,256.0,0,0.0,0.0,,0.0,normalDay
2019-03-14,0.0,639.0,0.0,0,281.16,0.0,1,6.5,0.11,SPY190329P00256000,256.0,0,0.0,0.0,,0.0,normalDay
2019-03-15,0.0,643.0,0.0,0,281.31,0.0,1,6.5,0.07,SPY190329P00256000,256.0,0,0.0,0.0,,0.0,normalDay
2019-03-18,0.0,645.0,0.0,0,282.33,0.0,1,6.5,0.05,SPY190329P00256000,256.0,0,0.0,0.0,,0.0,normalDay
2019-03-19,0.0,645.0,0.0,0,282.4,0.0,1,6.5,0.05,SPY190329P00256000,256.0,0,0.0,0.0,,0.0,normalDay
2019-03-20,0.0,646.0,0.0,0,281.55,0.0,1,6.5,0.04,SPY190329P00256000,256.0,0,0.0,0.0,,0.0,normalDay
2019-03-21,0.0,647.0,0.0,0,284.73,0.0,1,6.5,0.03,SPY190329P00256000,256.0,0,0.0,0.0,,0.0,normalDay
2019-03-22,0.0,645.0,0.0,0,279.25,0.0,1,6.5,0.05,SPY190329P00256000,256.0,0,0.0,0.0,,0.0,normalDay
2019-03-25,0.0,648.0,0.0,0,279.04,0.0,1,6.5,0.02,SPY190329P00256000,256.0,0,0.0,0.0,,0.0,normalDay
2019-03-26,0.0,649.0,0.0,0,281.12,0.0,1,6.5,0.01,SPY190329P00256000,256.0,0,0.0,0.0,,0.0,normalDay
2019-03-27,0.0,649.0,0.0,0,279.65,0.0,1,6.5,0.01,SPY190329P00256000,256.0,0,0.0,0.0,,0.0,normalDay
2019-03-28,0.0,649.0,0.0,0,280.71,0.0,1,6.5,0.01,SPY190329P00256000,256.0,0,0.0,0.0,,0.0,normalDay
2019-03-29,650.0,0.0,650.0,0,282.48,0.0,1,6.5,0.0,SPY190329P00256000,256.0,0,0.0,0.0,,0.0,expirationDay
2019-04-01,650.0,-6.0,0.0,0,285.83,0.0,1,6.94,7.0,SPY190930P00273000,273.0,0,0.0,0.0,,0.0,normalDay
2019-04-02,650.0,1.0,0.0,0,285.97,0.0,1,6.94,6.93,SPY190930P00273000,273.0,0,0.0,0.0,,0.0,normalDay
2019-04-03,650.0,23.0,0.0,0,286.42,0.0,1,6.94,6.71,SPY190930P00273000,273.0,0,0.0,0.0,,0.0,normalDay
2019-04-04,650.0,41.0,0.0,0,287.18,0.0,1,6.94,6.53,SPY190930P00273000,273.0,0,0.0,0.0,,0.0,normalDay
2019-04-05,650.0,92.0,0.0,0,288.57,0.0,1,6.94,6.02,SPY190930P00273000,273.0,0,0.0,0.0,,0.0,normalDay
2019-04-08,650.0,100.0,0.0,0,288.79,0.0,1,6.94,5.94,SPY190930P00273000,273.0,0,0.0,0.0,,0.0,normalDay
2019-04-09,650.0,36.0,0.0,0,287.31,0.0,1,6.94,6.58,SPY190930P00273000,273.0,0,0.0,0.0,,0.0,normalDay
2019-04-10,650.0,90.0,0.0,0,288.29,0.0,1,6.94,6.04,SPY190930P00273000,273.0,0,0.0,0.0,,0.0,normalDay
2019-04-11,650.0,88.0,0.0,0,288.21,0.0,1,6.94,6.06,SPY190930P00273000,273.0,0,0.0,0.0,,0.0,normalDay
2019-04-12,650.0,157.0,0.0,0,290.16,0.0,1,6.94,5.37,SPY190930P00273000,273.0,0,0.0,0.0,,0.0,normalDay
2019-04-15,650.0,160.0,0.0,0,289.97,0.0,1,6.94,5.34,SPY190930P00273000,273.0,0,0.0,0.0,,0.0,normalDay
2019-04-16,650.0,165.0,0.0,0,290.16,0.0,1,6.94,5.29,SPY190930P00273000,273.0,0,0.0,0.0,,0.0,normalDay
2019-04-17,650.0,146.0,0.0,0,289.45,0.0,1,6.94,5.48,SPY190930P00273000,273.0,0,0.0,0.0,,0.0,normalDay
2019-04-18,650.0,163.0,0.0,0,290.02,0.0,1,6.94,5.31,SPY190930P00273000,273.0,0,0.0,0.0,,0.0,normalDay
2019-04-22,650.0,180.0,0.0,0,290.27,0.0,1,6.94,5.14,SPY190930P00273000,273.0,0,0.0,0.0,,0.0,normalDay
2019-04-23,650.0,234.0,0.0,0,292.88,0.0,1,6.94,4.6,SPY190930P00273000,273.0,0,0.0,0.0,,0.0,normalDay
2019-04-24,650.0,213.0,0.0,0,292.23,0.0,1,6.94,4.81,SPY190930P00273000,273.0,0,0.0,0.0,,0.0,normalDay
2019-04-25,650.0,201.0,0.0,0,292.05,0.0,1,6.94,4.93,SPY190930P00273000,273.0,0,0.0,0.0,,0.0,normalDay
2019-04-26,650.0,237.0,0.0,0,293.41,0.0,1,6.94,4.57,SPY190930P00273000,273.0,0,0.0,0.0,,0.0,normalDay
2019-04-29,650.0,242.0,0.0,0,293.87,0.0,1,6.94,4.52,SPY190930P00273000,273.0,0,0.0,0.0,,0.0,normalDay
2019-04-30,650.0,249.0,0.0,0,294.02,0.0,1,6.94,4.45,SPY190930P00273000,273.0,0,0.0,0.0,,0.0,normalDay
2019-05-01,650.0,180.0,0.0,0,291.81,0.0,1,6.94,5.14,SPY190930P00273000,273.0,0,0.0,0.0,,0.0,normalDay
2019-05-02,650.0,171.0,0.0,0,291.18,0.0,1,6.94,5.23,SPY190930P00273000,273.0,0,0.0,0.0,,0.0,normalDay
2019-05-03,650.0,252.0,0.0,0,294.03,0.0,1,6.94,4.42,SPY190930P00273000,273.0,0,0.0,0.0,,0.0,normalDay
2019-05-06,650.0,201.0,0.0,0,292.82,0.0,1,6.94,4.93,SPY190930P00273000,273.0,0,0.0,0.0,,0.0,normalDay
2019-05-07,650.0,11.0,0.0,0,287.93,0.0,1,6.94,6.83,SPY190930P00273000,273.0,0,0.0,0.0,,0.0,normalDay
2019-05-08,650.0,23.0,0.0,0,287.53,0.0,1,6.94,6.71,SPY190930P00273000,273.0,0,0.0,0.0,,0.0,normalDay
2019-05-09,650.0,18.0,0.0,0,286.66,0.0,1,6.94,6.76,SPY190930P00273000,273.0,0,0.0,0.0,,0.0,normalDay
2019-05-10,650.0,96.0,0.0,0,288.1,0.0,1,6.94,5.98,SPY190930P00273000,273.0,0,0.0,0.0,,0.0,normalDay
2019-05-13,650.0,-182.0,0.0,0,280.86,0.0,1,6.94,8.76,SPY190930P00273000,273.0,0,0.0,0.0,,0.0,normalDay
2019-05-14,650.0,-51.0,0.0,0,283.4,0.0,1,6.94,7.45,SPY190930P00273000,273.0,0,0.0,0.0,,0.0,normalDay
2019-05-15,650.0,33.0,0.0,0,285.06,0.0,1,6.94,6.61,SPY190930P00273000,273.0,0,0.0,0.0,,0.0,normalDay
2019-05-16,650.0,127.0,0.0,0,287.7,0.0,1,6.94,5.67,SPY190930P00273000,273.0,0,0.0,0.0,,0.0,normalDay
2019-05-17,650.0,72.0,0.0,0,285.84,0.0,1,6.94,6.22,SPY190930P00273000,273.0,0,0.0,0.0,,0.0,normalDay
2019-05-20,650.0,30.0,0.0,0,283.95,0.0,1,6.94,6.64,SPY190930P00273000,273.0,0,0.0,0.0,,0.0,normalDay
2019-05-21,650.0,126.0,0.0,0,286.51,0.0,1,6.94,5.68,SPY190930P00273000,273.0,0,0.0,0.0,,0.0,normalDay
2019-05-22,650.0,110.0,0.0,0,285.63,0.0,1,6.94,5.84,SPY190930P00273000,273.0,0,0.0,0.0,,0.0,normalDay
2019-05-23,650.0,-38.0,0.0,0,282.14,0.0,1,6.94,7.32,SPY190930P00273000,273.0,0,0.0,0.0,,0.0,normalDay
2019-05-24,650.0,7.0,0.0,0,282.78,0.0,1,6.94,6.87,SPY190930P00273000,273.0,0,0.0,0.0,,0.0,normalDay
2019-05-28,650.0,-80.0,0.0,0,280.15,0.0,1,6.94,7.74,SPY190930P00273000,273.0,0,0.0,0.0,,0.0,normalDay
2019-05-29,650.0,-160.0,0.0,0,278.27,0.0,1,6.94,8.54,SPY190930P00273000,273.0,0,0.0,0.0,,0.0,normalDay
2019-05-30,650.0,-126.0,0.0,0,279.03,0.0,1,6.94,8.2,SPY190930P00273000,273.0,0,0.0,0.0,,0.0,normalDay
2019-05-31,650.0,-296.0,0.0,0,275.27,0.0,1,6.94,9.9,SPY190930P00273000,273.0,0,0.0,0.0,,0.0,normalDay
2019-06-03,650.0,-297.0,0.0,0,274.57,0.0,1,6.94,9.91,SPY190930P00273000,273.0,0,0.0,0.0,,0.0,normalDay
2019-06-04,650.0,-48.0,0.0,0,280.53,0.0,1,6.94,7.42,SPY190930P00273000,273.0,0,0.0,0.0,,0.0,normalDay
2019-06-05,650.0,43.0,0.0,0,282.96,0.0,1,6.94,6.51,SPY190930P00273000,273.0,0,0.0,0.0,,0.0,normalDay
2019-06-06,650.0,102.0,0.0,0,284.8,0.0,1,6.94,5.92,SPY190930P00273000,273.0,0,0.0,0.0,,0.0,normalDay
2019-06-07,650.0,158.0,0.0,0,287.65,0.0,1,6.94,5.36,SPY190930P00273000,273.0,0,0.0,0.0,,0.0,normalDay
2019-06-10,650.0,207.0,0.0,0,288.97,0.0,1,6.94,4.87,SPY190930P00273000,273.0,0,0.0,0.0,,0.0,normalDay
2019-06-11,650.0,196.0,0.0,0,288.9,0.0,1,6.94,4.98,SPY190930P00273000,273.0,0,0.0,0.0,,0.0,normalDay
2019-06-12,650.0,194.0,0.0,0,288.39,0.0,1,6.94,5.0,SPY190930P00273000,273.0,0,0.0,0.0,,0.0,normalDay
2019-06-13,650.0,227.0,0.0,0,289.58,0.0,1,6.94,4.67,SPY190930P00273000,273.0,0,0.0,0.0,,0.0,normalDay
2019-06-14,650.0,236.0,0.0,0,289.26,0.0,1,6.94,4.58,SPY190930P00273000,273.0,0,0.0,0.0,,0.0,normalDay
2019-06-17,650.0,245.0,0.0,0,289.37,0.0,1,6.94,4.49,SPY190930P00273000,273.0,0,0.0,0.0,,0.0,normalDay
2019-06-18,650.0,302.0,0.0,0,292.4,0.0,1,6.94,3.92,SPY190930P00273000,273.0,0,0.0,0.0,,0.0,normalDay
2019-06-19,650.0,337.0,0.0,0,293.06,0.0,1,6.94,3.57,SPY190930P00273000,273.0,0,0.0,0.0,,0.0,normalDay
2019-06-20,650.0,375.0,0.0,0,295.86,0.0,1,6.94,3.19,SPY190930P00273000,273.0,0,0.0,0.0,,0.0,normalDay
2019-06-21,650.0,359.0,0.0,0,294.0,0.0,1,6.94,3.35,SPY190930P00273000,273.0,0,0.0,0.0,,0.0,normalDay
2019-06-24,650.0,366.0,0.0,0,293.64,0.0,1,6.94,3.28,SPY190930P00273000,273.0,0,0.0,0.0,,0.0,normalDay
2019-06-25,650.0,304.0,0.0,0,290.76,0.0,1,6.94,3.9,SPY190930P00273000,273.0,0,0.0,0.0,,0.0,normalDay
2019-06-26,650.0,300.0,0.0,0,290.47,0.0,1,6.94,3.94,SPY190930P00273000,273.0,0,0.0,0.0,,0.0,normalDay
2019-06-27,650.0,338.0,0.0,0,291.5,0.0,1,6.94,3.56,SPY190930P00273000,273.0,0,0.0,0.0,,0.0,normalDay
2019-06-28,650.0,386.0,0.0,0,293.0,0.0,1,6.94,3.08,SPY190930P00273000,273.0,0,0.0,0.0,,0.0,normalDay
2019-07-01,650.0,447.0,0.0,0,295.66,0.0,1,6.94,2.47,SPY190930P00273000,273.0,0,0.0,0.0,,0.0,normalDay
2019-07-02,650.0,478.0,0.0,0,296.43,0.0,1,6.94,2.16,SPY190930P00273000,273.0,0,0.0,0.0,,0.0,normalDay
2019-07-03,650.0,510.0,0.0,0,298.8,0.0,1,6.94,1.84,SPY190930P00273000,273.0,0,0.0,0.0,,0.0,normalDay
2019-07-05,650.0,500.0,0.0,0,298.46,0.0,1,6.94,1.94,SPY190930P00273000,273.0,0,0.0,0.0,,0.0,normalDay
2019-07-08,650.0,484.0,0.0,0,296.82,0.0,1,6.94,2.1,SPY190930P00273000,273.0,0,0.0,0.0,,0.0,normalDay
2019-07-09,650.0,483.0,0.0,0,297.19,0.0,1,6.94,2.11,SPY190930P00273000,273.0,0,0.0,0.0,,0.0,normalDay
2019-07-10,650.0,512.0,0.0,0,298.61,0.0,1,6.94,1.82,SPY190930P00273000,273.0,0,0.0,0.0,,0.0,normalDay
2019-07-11,650.0,523.0,0.0,0,299.31,0.0,1,6.94,1.71,SPY190930P00273000,273.0,0,0.0,0.0,,0.0,normalDay
2019-07-12,650.0,542.0,0.0,0,300.65,0.0,1,6.94,1.52,SPY190930P00273000,273.0,0,0.0,0.0,,0.0,normalDay
2019-07-15,650.0,543.0,0.0,0,300.75,0.0,1,6.94,1.51,SPY190930P00273000,273.0,0,0.0,0.0,,0.0,normalDay
2019-07-16,650.0,536.0,0.0,0,299.78,0.0,1,6.94,1.58,SPY190930P00273000,273.0,0,0.0,0.0,,0.0,normalDay
2019-07-17,650.0,507.0,0.0,0,297.74,0.0,1,6.94,1.87,SPY190930P00273000,273.0,0,0.0,0.0,,0.0,normalDay
2019-07-18,650.0,527.0,0.0,0,298.83,0.0,1,6.94,1.67,SPY190930P00273000,273.0,0,0.0,0.0,,0.0,normalDay
2019-07-19,650.0,508.0,0.0,0,297.17,0.0,1,6.94,1.86,SPY190930P00273000,273.0,0,0.0,0.0,,0.0,normalDay
2019-07-22,650.0,534.0,0.0,0,297.9,0.0,1,6.94,1.6,SPY190930P00273000,273.0,0,0.0,0.0,,0.0,normalDay
2019-07-23,650.0,564.0,0.0,0,300.03,0.0,1,6.94,1.3,SPY190930P00273000,273.0,0,0.0,0.0,,0.0,normalDay
2019-07-24,650.0,583.0,0.0,0,301.44,0.0,1,6.94,1.11,SPY190930P00273000,273.0,0,0.0,0.0,,0.0,normalDay
2019-07-25,650.0,566.0,0.0,0,300.0,0.0,1,6.94,1.28,SPY190930P00273000,273.0,0,0.0,0.0,,0.0,normalDay
2019-07-26,650.0,588.0,0.0,0,302.01,0.0,1,6.94,1.06,SPY190930P00273000,273.0,0,0.0,0.0,,0.0,normalDay
2019-07-29,650.0,587.0,0.0,0,301.46,0.0,1,6.94,1.07,SPY190930P00273000,273.0,0,0.0,0.0,,0.0,normalDay
2019-07-30,650.0,569.0,0.0,0,300.72,0.0,1,6.94,1.25,SPY190930P00273000,273.0,0,0.0,0.0,,0.0,normalDay
2019-07-31,650.0,520.0,0.0,0,297.43,0.0,1,6.94,1.74,SPY190930P00273000,273.0,0,0.0,0.0,,0.0,normalDay
2019-08-01,650.0,462.0,0.0,0,294.84,0.0,1,6.94,2.32,SPY190930P00273000,273.0,0,0.0,0.0,,0.0,normalDay
2019-08-02,650.0,428.0,0.0,0,292.62,0.0,1,6.94,2.66,SPY190930P00273000,273.0,0,0.0,0.0,,0.0,normalDay
2019-08-05,650.0,110.0,0.0,0,283.82,0.0,1,6.94,5.84,SPY190930P00273000,273.0,0,0.0,0.0,,0.0,normalDay
2019-08-06,650.0,308.0,0.0,0,287.8,0.0,1,6.94,3.86,SPY190930P00273000,273.0,0,0.0,0.0,,0.0,normalDay
2019-08-07,650.0,318.0,0.0,0,287.97,0.0,1,6.94,3.76,SPY190930P00273000,273.0,0,0.0,0.0,,0.0,normalDay
2019-08-08,650.0,466.0,0.0,0,293.62,0.0,1,6.94,2.28,SPY190930P00273000,273.0,0,0.0,0.0,,0.0,normalDay
2019-08-09,650.0,426.0,0.0,0,291.62,0.0,1,6.94,2.68,SPY190930P00273000,273.0,0,0.0,0.0,,0.0,normalDay
2019-08-12,650.0,307.0,0.0,0,288.07,0.0,1,6.94,3.87,SPY190930P00273000,273.0,0,0.0,0.0,,0.0,normalDay
2019-08-13,650.0,455.0,0.0,0,292.55,0.0,1,6.94,2.39,SPY190930P00273000,273.0,0,0.0,0.0,,0.0,normalDay
2019-08-14,650.0,209.0,0.0,0,283.9,0.0,1,6.94,4.85,SPY190930P00273000,273.0,0,0.0,0.0,,0.0,normalDay
2019-08-15,650.0,254.0,0.0,0,284.65,0.0,1,6.94,4.4,SPY190930P00273000,273.0,0,0.0,0.0,,0.0,normalDay
2019-08-16,650.0,404.0,0.0,0,288.85,0.0,1,6.94,2.9,SPY190930P00273000,273.0,0,0.0,0.0,,0.0,normalDay
2019-08-19,650.0,510.0,0.0,0,292.33,0.0,1,6.94,1.84,SPY190930P00273000,273.0,0,0.0,0.0,,0.0,normalDay
2019-08-20,650.0,469.0,0.0,0,290.09,0.0,1,6.94,2.25,SPY190930P00273000,273.0,0,0.0,0.0,,0.0,normalDay
2019-08-21,650.0,546.0,0.0,0,292.45,0.0,1,6.94,1.48,SPY190930P00273000,273.0,0,0.0,0.0,,0.0,normalDay
2019-08-22,650.0,528.0,0.0,0,292.36,0.0,1,6.94,1.66,SPY190930P00273000,273.0,0,0.0,0.0,,0.0,normalDay
2019-08-23,650.0,371.0,0.0,0,284.85,0.0,1,6.94,3.23,SPY190930P00273000,273.0,0,0.0,0.0,,0.0,normalDay
2019-08-26,650.0,448.0,0.0,0,288.0,0.0,1,6.94,2.46,SPY190930P00273000,273.0,0,0.0,0.0,,0.0,normalDay
2019-08-27,650.0,409.0,0.0,0,286.87,0.0,1,6.94,2.85,SPY190930P00273000,273.0,0,0.0,0.0,,0.0,normalDay
2019-08-28,650.0,472.0,0.0,0,288.89,0.0,1,6.94,2.22,SPY190930P00273000,273.0,0,0.0,0.0,,0.0,normalDay
2019-08-29,650.0,542.0,0.0,0,292.58,0.0,1,6.94,1.52,SPY190930P00273000,273.0,0,0.0,0.0,,0.0,normalDay
2019-08-30,650.0,532.0,0.0,0,292.45,0.0,1,6.94,1.62,SPY190930P00273000,273.0,0,0.0,0.0,,0.0,normalDay
2019-09-03,650.0,525.0,0.0,0,290.74,0.0,1,6.94,1.69,SPY190930P00273000,273.0,0,0.0,0.0,,0.0,normalDay
2019-09-04,650.0,601.0,0.0,0,294.04,0.0,1,6.94,0.93,SPY190930P00273000,273.0,0,0.0,0.0,,0.0,normalDay
2019-09-05,650.0,634.0,0.0,0,297.82,0.0,1,6.94,0.6,SPY190930P00273000,273.0,0,0.0,0.0,,0.0,normalDay
2019-09-06,650.0,653.0,0.0,0,298.05,0.0,1,6.94,0.41,SPY190930P00273000,273.0,0,0.0,0.0,,0.0,normalDay
2019-09-09,650.0,658.0,0.0,0,298.2,0.0,1,6.94,0.36,SPY190930P00273000,273.0,0,0.0,0.0,,0.0,normalDay
2019-09-10,650.0,662.0,0.0,0,298.13,0.0,1,6.94,0.32,SPY190930P00273000,273.0,0,0.0,0.0,,0.0,normalDay
2019-09-11,650.0,672.0,0.0,0,300.25,0.0,1,6.94,0.22,SPY190930P00273000,273.0,0,0.0,0.0,,0.0,normalDay
2019-09-12,650.0,676.0,0.0,0,301.29,0.0,1,6.94,0.18,SPY190930P00273000,273.0,0,0.0,0.0,,0.0,normalDay
2019-09-13,650.0,678.0,0.0,0,301.09,0.0,1,6.94,0.16,SPY190930P00273000,273.0,0,0.0,0.0,,0.0,normalDay
2019-09-16,650.0,679.0,0.0,0,300.16,0.0,1,6.94,0.15,SPY190930P00273000,273.0,0,0.0,0.0,,0.0,normalDay
2019-09-17,650.0,680.0,0.0,0,300.92,0.0,1,6.94,0.14,SPY190930P00273000,273.0,0,0.0,0.0,,0.0,normalDay
2019-09-18,650.0,683.0,0.0,0,301.1,0.0,1,6.94,0.11,SPY190930P00273000,273.0,0,0.0,0.0,,0.0,normalDay
2019-09-19,650.0,684.0,0.0,0,301.08,0.0,1,6.94,0.1,SPY190930P00273000,273.0,0,0.0,0.0,,0.0,normalDay
2019-09-20,650.0,685.0,0.0,0,298.28,0.0,1,6.94,0.09,SPY190930P00273000,273.0,0,0.0,0.0,,0.0,normalDay
2019-09-23,650.0,690.0,0.0,0,298.21,0.0,1,6.94,0.04,SPY190930P00273000,273.0,0,0.0,0.0,,0.0,normalDay
2019-09-24,650.0,685.0,0.0,0,295.87,0.0,1,6.94,0.09,SPY190930P00273000,273.0,0,0.0,0.0,,0.0,normalDay
2019-09-25,650.0,691.0,0.0,0,297.62,0.0,1,6.94,0.03,SPY190930P00273000,273.0,0,0.0,0.0,,0.0,normalDay
2019-09-26,650.0,692.0,0.0,0,297.0,0.0,1,6.94,0.02,SPY190930P00273000,273.0,0,0.0,0.0,,0.0,normalDay
2019-09-27,650.0,692.0,0.0,0,295.4,0.0,1,6.94,0.02,SPY190930P00273000,273.0,0,0.0,0.0,,0.0,normalDay
2019-09-30,1344.0,0.0,694.0,0,296.77,0.0,1,6.94,0.0,SPY190930P00273000,273.0,0,0.0,0.0,,0.0,expirationDay
2019-10-01,1344.0,-10.0,0.0,0,293.24,0.0,1,13.58,13.68,SPY200331P00292000,292.0,0,0.0,0.0,,0.0,normalDay
2019-10-02,1344.0,-307.0,0.0,0,288.06,0.0,1,13.58,16.65,SPY200331P00292000,292.0,0,0.0,0.0,,0.0,normalDay
2019-10-03,1344.0,-153.0,0.0,0,290.42,0.0,1,13.58,15.11,SPY200331P00292000,292.0,0,0.0,0.0,,0.0,normalDay
2019-10-04,1344.0,66.0,0.0,0,294.35,0.0,1,13.58,12.92,SPY200331P00292000,292.0,0,0.0,0.0,,0.0,normalDay
2019-10-07,1344.0,20.0,0.0,0,293.08,0.0,1,13.58,13.38,SPY200331P00292000,292.0,0,0.0,0.0,,0.0,normalDay
2019-10-08,1344.0,-223.0,0.0,0,288.53,0.0,1,13.58,15.81,SPY200331P00292000,292.0,0,0.0,0.0,,0.0,normalDay
2019-10-09,1344.0,-79.0,0.0,0,291.27,0.0,1,13.58,14.37,SPY200331P00292000,292.0,0,0.0,0.0,,0.0,normalDay
2019-10-10,1344.0,46.0,0.0,0,293.24,0.0,1,13.58,13.12,SPY200331P00292000,292.0,0,0.0,0.0,,0.0,normalDay
2019-10-11,1344.0,215.0,0.0,0,296.28,0.0,1,13.58,11.43,SPY200331P00292000,292.0,0,0.0,0.0,,0.0,normalDay
2019-10-14,1344.0,231.0,0.0,0,295.95,0.0,1,13.58,11.27,SPY200331P00292000,292.0,0,0.0,0.0,,0.0,normalDay
2019-10-15,1344.0,364.0,0.0,0,298.88,0.0,1,13.58,9.94,SPY200331P00292000,292.0,0,0.0,0.0,,0.0,normalDay
2019-10-16,1344.0,358.0,0.0,0,298.4,0.0,1,13.58,10.0,SPY200331P00292000,292.0,0,0.0,0.0,,0.0,normalDay
2019-10-17,1344.0,382.0,0.0,0,299.28,0.0,1,13.58,9.76,SPY200331P00292000,292.0,0,0.0,0.0,,0.0,normalDay
2019-10-18,1344.0,341.0,0.0,0,297.97,0.0,1,13.58,10.17,SPY200331P00292000,292.0,0,0.0,0.0,,0.0,normalDay
2019-10-21,1344.0,434.0,0.0,0,299.99,0.0,1,13.58,9.24,SPY200331P00292000,292.0,0,0.0,0.0,,0.0,normalDay
2019-10-22,1344.0,394.0,0.0,0,299.01,0.0,1,13.58,9.64,SPY200331P00292000,292.0,0,0.0,0.0,,0.0,normalDay
2019-10-23,1344.0,440.0,0.0,0,299.88,0.0,1,13.58,9.18,SPY200331P00292000,292.0,0,0.0,0.0,,0.0,normalDay
2019-10-24,1344.0,453.0,0.0,0,300.37,0.0,1,13.58,9.05,SPY200331P00292000,292.0,0,0.0,0.0,,0.0,normalDay
2019-10-25,1344.0,518.0,0.0,0,301.6,0.0,1,13.58,8.4,SPY200331P00292000,292.0,0,0.0,0.0,,0.0,normalDay
2019-10-28,1344.0,566.0,0.0,0,303.3,0.0,1,13.58,7.92,SPY200331P00292000,292.0,0,0.0,0.0,,0.0,normalDay
2019-10-29,1344.0,554.0,0.0,0,303.21,0.0,1,13.58,8.04,SPY200331P00292000,292.0,0,0.0,0.0,,0.0,normalDay
2019-10-30,1344.0,604.0,0.0,0,304.14,0.0,1,13.58,7.54,SPY200331P00292000,292.0,0,0.0,0.0,,0.0,normalDay
2019-10-31,1344.0,559.0,0.0,0,303.33,0.0,1,13.58,7.99,SPY200331P00292000,292.0,0,0.0,0.0,,0.0,normalDay
2019-11-01,1344.0,649.0,0.0,0,306.14,0.0,1,13.58,7.09,SPY200331P00292000,292.0,0,0.0,0.0,,0.0,normalDay
2019-11-04,1344.0,684.0,0.0,0,307.37,0.0,1,13.58,6.74,SPY200331P00292000,292.0,0,0.0,0.0,,0.0,normalDay
2019-11-05,1344.0,665.0,0.0,0,307.03,0.0,1,13.58,6.93,SPY200331P00292000,292.0,0,0.0,0.0,,0.0,normalDay
2019-11-06,1344.0,672.0,0.0,0,307.1,0.0,1,13.58,6.86,SPY200331P00292000,292.0,0,0.0,0.0,,0.0,normalDay
2019-11-07,1344.0,693.0,0.0,0,308.18,0.0,1,13.58,6.65,SPY200331P00292000,292.0,0,0.0,0.0,,0.0,normalDay
2019-11-08,1344.0,727.0,0.0,0,308.94,0.0,1,13.58,6.31,SPY200331P00292000,292.0,0,0.0,0.0,,0.0,normalDay
2019-11-11,1344.0,721.0,0.0,0,308.35,0.0,1,13.58,6.37,SPY200331P00292000,292.0,0,0.0,0.0,,0.0,normalDay
2019-11-12,1344.0,730.0,0.0,0,309.0,0.0,1,13.58,6.28,SPY200331P00292000,292.0,0,0.0,0.0,,0.0,normalDay
2019-11-13,1344.0,735.0,0.0,0,309.1,0.0,1,13.58,6.23,SPY200331P00292000,292.0,0,0.0,0.0,,0.0,normalDay
2019-11-14,1344.0,748.0,0.0,0,309.55,0.0,1,13.58,6.1,SPY200331P00292000,292.0,0,0.0,0.0,,0.0,normalDay
2019-11-15,1344.0,816.0,0.0,0,311.79,0.0,1,13.58,5.42,SPY200331P00292000,292.0,0,0.0,0.0,,0.0,normalDay
2019-11-18,1344.0,829.0,0.0,0,312.02,0.0,1,13.58,5.29,SPY200331P00292000,292.0,0,0.0,0.0,,0.0,normalDay
2019-11-19,1344.0,815.0,0.0,0,311.93,0.0,1,13.58,5.43,SPY200331P00292000,292.0,0,0.0,0.0,,0.0,normalDay
2019-11-20,1344.0,781.0,0.0,0,310.77,0.0,1,13.58,5.77,SPY200331P00292000,292.0,0,0.0,0.0,,0.0,normalDay
2019-11-21,1344.0,768.0,0.0,0,310.27,0.0,1,13.58,5.9,SPY200331P00292000,292.0,0,0.0,0.0,,0.0,normalDay
2019-11-22,1344.0,803.0,0.0,0,310.96,0.0,1,13.58,5.55,SPY200331P00292000,292.0,0,0.0,0.0,,0.0,normalDay
2019-11-25,1344.0,875.0,0.0,0,313.37,0.0,1,13.58,4.83,SPY200331P00292000,292.0,0,0.0,0.0,,0.0,normalDay
2019-11-26,1344.0,904.0,0.0,0,314.08,0.0,1,13.58,4.54,SPY200331P00292000,292.0,0,0.0,0.0,,0.0,normalDay
2019-11-27,1344.0,926.0,0.0,0,315.48,0.0,1,13.58,4.32,SPY200331P00292000,292.0,0,0.0,0.0,,0.0,normalDay
2019-11-29,1344.0,890.0,0.0,0,314.31,0.0,1,13.58,4.68,SPY200331P00292000,292.0,0,0.0,0.0,,0.0,normalDay
2019-12-02,1344.0,804.0,0.0,0,311.64,0.0,1,13.58,5.54,SPY200331P00292000,292.0,0,0.0,0.0,,0.0,normalDay
2019-12-03,1344.0,727.0,0.0,0,309.55,0.0,1,13.58,6.31,SPY200331P00292000,292.0,0,0.0,0.0,,0.0,normalDay
2019-12-04,1344.0,790.0,0.0,0,311.46,0.0,1,13.58,5.68,SPY200331P00292000,292.0,0,0.0,0.0,,0.0,normalDay
2019-12-05,1344.0,825.0,0.0,0,312.02,0.0,1,13.58,5.33,SPY200331P00292000,292.0,0,0.0,0.0,,0.0,normalDay
2019-12-06,1344.0,900.0,0.0,0,314.87,0.0,1,13.58,4.58,SPY200331P00292000,292.0,0,0.0,0.0,,0.0,normalDay
2019-12-09,1344.0,857.0,0.0,0,313.88,0.0,1,13.58,5.01,SPY200331P00292000,292.0,0,0.0,0.0,,0.0,normalDay
2019-12-10,1344.0,869.0,0.0,0,313.53,0.0,1,13.58,4.89,SPY200331P00292000,292.0,0,0.0,0.0,,0.0,normalDay
2019-12-11,1344.0,900.0,0.0,0,314.42,0.0,1,13.58,4.58,SPY200331P00292000,292.0,0,0.0,0.0,,0.0,normalDay
2019-12-12,1344.0,970.0,0.0,0,317.13,0.0,1,13.58,3.88,SPY200331P00292000,292.0,0,0.0,0.0,,0.0,normalDay
2019-12-13,1344.0,1011.0,0.0,0,317.32,0.0,1,13.58,3.47,SPY200331P00292000,292.0,0,0.0,0.0,,0.0,normalDay
2019-12-16,1344.0,1065.0,0.0,0,319.5,0.0,1,13.58,2.93,SPY200331P00292000,292.0,0,0.0,0.0,,0.0,normalDay
2019-12-17,1344.0,1062.0,0.0,0,319.57,0.0,1,13.58,2.96,SPY200331P00292000,292.0,0,0.0,0.0,,0.0,normalDay
2019-12-18,1344.0,1062.0,0.0,0,319.59,0.0,1,13.58,2.96,SPY200331P00292000,292.0,0,0.0,0.0,,0.0,normalDay
2019-12-19,1344.0,1085.0,0.0,0,320.9,0.0,1,13.58,2.73,SPY200331P00292000,292.0,0,0.0,0.0,,0.0,normalDay
2019-12-20,1344.0,1095.0,0.0,0,320.73,0.0,1,13.58,2.63,SPY200331P00292000,292.0,0,0.0,0.0,,0.0,normalDay
2019-12-23,1344.0,1096.0,0.0,0,321.22,0.0,1,13.58,2.62,SPY200331P00292000,292.0,0,0.0,0.0,,0.0,normalDay
2019-12-24,1344.0,1102.0,0.0,0,321.23,0.0,1,13.58,2.56,SPY200331P00292000,292.0,0,0.0,0.0,,0.0,normalDay
2019-12-26,1344.0,1127.0,0.0,0,322.94,0.0,1,13.58,2.31,SPY200331P00292000,292.0,0,0.0,0.0,,0.0,normalDay
2019-12-27,1344.0,1116.0,0.0,0,322.86,0.0,1,13.58,2.42,SPY200331P00292000,292.0,0,0.0,0.0,,0.0,normalDay
2019-12-30,1344.0,1088.0,0.0,0,321.08,0.0,1,13.58,2.7,SPY200331P00292000,292.0,0,0.0,0.0,,0.0,normalDay
2019-12-31,1344.0,1120.0,0.0,0,321.86,0.0,1,13.58,2.38,SPY200331P00292000,292.0,0,0.0,0.0,,0.0,normalDay
2020-01-02,1344.0,1167.0,0.0,0,324.87,0.0,1,13.58,1.91,SPY200331P00292000,292.0,0,0.0,0.0,,0.0,normalDay
2020-01-03,1344.0,1123.0,0.0,0,322.41,0.0,1,13.58,2.35,SPY200331P00292000,292.0,0,0.0,0.0,,0.0,normalDay
2020-01-06,1344.0,1151.0,0.0,0,323.64,0.0,1,13.58,2.07,SPY200331P00292000,292.0,0,0.0,0.0,,0.0,normalDay
2020-01-07,1344.0,1142.0,0.0,0,322.73,0.0,1,13.58,2.16,SPY200331P00292000,292.0,0,0.0,0.0,,0.0,normalDay
2020-01-08,1344.0,1172.0,0.0,0,324.45,0.0,1,13.58,1.86,SPY200331P00292000,292.0,0,0.0,0.0,,0.0,normalDay
2020-01-09,1344.0,1202.0,0.0,0,326.65,0.0,1,13.58,1.56,SPY200331P00292000,292.0,0,0.0,0.0,,0.0,normalDay
2020-01-10,1344.0,1197.0,0.0,0,325.71,0.0,1,13.58,1.61,SPY200331P00292000,292.0,0,0.0,0.0,,0.0,normalDay
2020-01-13,1344.0,1227.0,0.0,0,327.95,0.0,1,13.58,1.31,SPY200331P00292000,292.0,0,0.0,0.0,,0.0,normalDay
2020-01-14,1344.0,1229.0,0.0,0,327.45,0.0,1,13.58,1.29,SPY200331P00292000,292.0,0,0.0,0.0,,0.0,normalDay
2020-01-15,1344.0,1236.0,0.0,0,328.19,0.0,1,13.58,1.22,SPY200331P00292000,292.0,0,0.0,0.0,,0.0,normalDay
2020-01-16,1344.0,1252.0,0.0,0,330.92,0.0,1,13.58,1.06,SPY200331P00292000,292.0,0,0.0,0.0,,0.0,normalDay
2020-01-17,1344.0,1261.0,0.0,0,331.95,0.0,1,13.58,0.97,SPY200331P00292000,292.0,0,0.0,0.0,,0.0,normalDay
2020-01-21,1344.0,1259.0,0.0,0,331.3,0.0,1,13.58,0.99,SPY200331P00292000,292.0,0,0.0,0.0,,0.0,normalDay
2020-01-22,1344.0,1260.0,0.0,0,331.34,0.0,1,13.58,0.98,SPY200331P00292000,292.0,0,0.0,0.0,,0.0,normalDay
2020-01-23,1344.0,1261.0,0.0,0,331.72,0.0,1,13.58,0.97,SPY200331P00292000,292.0,0,0.0,0.0,,0.0,normalDay
2020-01-24,1344.0,1231.0,0.0,0,328.77,0.0,1,13.58,1.27,SPY200331P00292000,292.0,0,0.0,0.0,,0.0,normalDay
2020-01-27,1344.0,1140.0,0.0,0,323.5,0.0,1,13.58,2.18,SPY200331P00292000,292.0,0,0.0,0.0,,0.0,normalDay
2020-01-28,1344.0,1205.0,0.0,0,326.89,0.0,1,13.58,1.53,SPY200331P00292000,292.0,0,0.0,0.0,,0.0,normalDay
2020-01-29,1344.0,1207.0,0.0,0,326.62,0.0,1,13.58,1.51,SPY200331P00292000,292.0,0,0.0,0.0,,0.0,normalDay
2020-01-30,1344.0,1233.0,0.0,0,327.68,0.0,1,13.58,1.25,SPY200331P00292000,292.0,0,0.0,0.0,,0.0,normalDay
2020-01-31,1344.0,1143.0,0.0,0,321.73,0.0,1,13.58,2.15,SPY200331P00292000,292.0,0,0.0,0.0,,0.0,normalDay
2020-02-03,1344.0,1180.0,0.0,0,324.12,0.0,1,13.58,1.78,SPY200331P00292000,292.0,0,0.0,0.0,,0.0,normalDay
2020-02-04,1344.0,1249.0,0.0,0,329.06,0.0,1,13.58,1.09,SPY200331P00292000,292.0,0,0.0,0.0,,0.0,normalDay
2020-02-05,1344.0,1277.0,0.0,0,332.86,0.0,1,13.58,0.81,SPY200331P00292000,292.0,0,0.0,0.0,,0.0,normalDay
2020-02-06,1344.0,1280.0,0.0,0,333.98,0.0,1,13.58,0.78,SPY200331P00292000,292.0,0,0.0,0.0,,0.0,normalDay
2020-02-07,1344.0,1273.0,0.0,0,332.2,0.0,1,13.58,0.85,SPY200331P00292000,292.0,0,0.0,0.0,,0.0,normalDay
2020-02-10,1344.0,1290.0,0.0,0,334.68,0.0,1,13.58,0.68,SPY200331P00292000,292.0,0,0.0,0.0,,0.0,normalDay
2020-02-11,1344.0,1292.0,0.0,0,335.26,0.0,1,13.58,0.66,SPY200331P00292000,292.0,0,0.0,0.0,,0.0,normalDay
2020-02-12,1344.0,1306.0,0.0,0,337.42,0.0,1,13.58,0.52,SPY200331P00292000,292.0,0,0.0,0.0,,0.0,normalDay
2020-02-13,1344.0,1305.0,0.0,0,337.06,0.0,1,13.58,0.53,SPY200331P00292000,292.0,0,0.0,0.0,,0.0,normalDay
2020-02-14,1344.0,1311.0,0.0,0,337.6,0.0,1,13.58,0.47,SPY200331P00292000,292.0,0,0.0,0.0,,0.0,normalDay
2020-02-18,1344.0,1309.0,0.0,0,336.73,0.0,1,13.58,0.49,SPY200331P00292000,292.0,0,0.0,0.0,,0.0,normalDay
2020-02-19,1344.0,1316.0,0.0,0,338.34,0.0,1,13.58,0.42,SPY200331P00292000,292.0,0,0.0,0.0,,0.0,normalDay
2020-02-20,1344.0,1308.0,0.0,0,336.95,0.0,1,13.58,0.5,SPY200331P00292000,292.0,0,0.0,0.0,,0.0,normalDay
2020-02-21,1344.0,1291.0,0.0,0,333.48,0.0,1,13.58,0.67,SPY200331P00292000,292.0,0,0.0,0.0,,0.0,normalDay
2020-02-24,1344.0,1133.0,0.0,0,322.42,0.0,1,13.58,2.25,SPY200331P00292000,292.0,0,0.0,0.0,,0.0,normalDay
2020-02-25,1344.0,994.0,0.0,0,312.65,0.0,1,13.58,3.64,SPY200331P00292000,292.0,0,0.0,0.0,,0.0,normalDay
2020-02-26,1344.0,988.0,0.0,0,311.5,0.0,1,13.58,3.7,SPY200331P00292000,292.0,0,0.0,0.0,,0.0,normalDay
2020-02-27,1344.0,314.0,0.0,0,297.51,0.0,1,13.58,10.44,SPY200331P00292000,292.0,0,0.0,0.0,,0.0,normalDay
2020-02-28,1344.0,223.0,0.0,0,296.26,0.0,1,13.58,11.35,SPY200331P00292000,292.0,0,0.0,0.0,,0.0,normalDay
2020-03-02,1344.0,849.0,0.0,0,309.09,0.0,1,13.58,5.09,SPY200331P00292000,292.0,0,0.0,0.0,,0.0,normalDay
2020-03-03,1344.0,557.0,0.0,0,300.24,0.0,1,13.58,8.01,SPY200331P00292000,292.0,0,0.0,0.0,,0.0,normalDay
2020-03-04,1344.0,930.0,0.0,0,312.86,0.0,1,13.58,4.28,SPY200331P00292000,292.0,0,0.0,0.0,,0.0,normalDay
2020-03-05,1344.0,513.0,0.0,0,302.46,0.0,1,13.58,8.45,SPY200331P00292000,292.0,0,0.0,0.0,,0.0,normalDay
2020-03-06,1344.0,324.0,0.0,0,297.46,0.0,1,13.58,10.34,SPY200331P00292000,292.0,0,0.0,0.0,,0.0,normalDay
2020-03-09,1344.0,-1090.0,0.0,0,274.23,0.0,1,13.58,24.48,SPY200331P00292000,292.0,0,0.0,0.0,,0.0,normalDay
2020-03-10,1344.0,-84.0,0.0,0,288.42,0.0,1,13.58,14.42,SPY200331P00292000,292.0,0,0.0,0.0,,0.0,normalDay
2020-03-11,1344.0,-1043.0,0.0,0,274.36,0.0,1,13.58,24.01,SPY200331P00292000,292.0,0,0.0,0.0,,0.0,normalDay
2020-03-12,1344.0,-3264.0,0.0,0,248.11,0.0,1,13.58,46.22,SPY200331P00292000,292.0,0,0.0,0.0,,0.0,normalDay
2020-03-13,1344.0,-1304.0,0.0,0,269.32,0.0,1,13.58,26.62,SPY200331P00292000,292.0,0,0.0,0.0,,0.0,normalDay
2020-03-16,1344.0,-3725.0,0.0,0,239.85,0.0,1,13.58,50.83,SPY200331P00292000,292.0,0,0.0,0.0,,0.0,normalDay
2020-03-17,1344.0,-2901.0,0.0,0,252.8,0.0,1,13.58,42.59,SPY200331P00292000,292.0,0,0.0,0.0,,0.0,normalDay
2020-03-18,1344.0,-4107.0,0.0,0,240.0,0.0,1,13.58,54.65,SPY200331P00292000,292.0,0,0.0,0.0,,0.0,normalDay
2020-03-19,1344.0,-4061.0,0.0,0,240.51,0.0,1,13.58,54.19,SPY200331P00292000,292.0,0,0.0,0.0,,0.0,normalDay
2020-03-20,1344.0,-4993.0,0.0,0,228.8,0.0,1,13.58,63.51,SPY200331P00292000,292.0,0,0.0,0.0,,0.0,normalDay
2020-03-23,1344.0,-5785.0,0.0,0,222.95,0.0,1,13.58,71.43,SPY200331P00292000,292.0,0,0.0,0.0,,0.0,normalDay
2020-03-24,1344.0,-3648.0,0.0,0,243.15,0.0,1,13.58,50.06,SPY200331P00292000,292.0,0,0.0,0.0,,0.0,normalDay
2020-03-25,1344.0,-3168.0,0.0,0,246.79,0.0,1,13.58,45.26,SPY200331P00292000,292.0,0,0.0,0.0,,0.0,normalDay
2020-03-26,1344.0,-1784.0,0.0,0,261.2,0.0,1,13.58,31.42,SPY200331P00292000,292.0,0,0.0,0.0,,0.0,normalDay
2020-03-27,1344.0,-2579.0,0.0,0,253.42,0.0,1,13.58,39.37,SPY200331P00292000,292.0,0,0.0,0.0,,0.0,normalDay
2020-03-30,1344.0,-1761.0,0.0,0,261.65,0.0,1,13.58,31.19,SPY200331P00292000,292.0,0,0.0,0.0,,0.0,normalDay
2020-03-31,2702.0,-3425.0,1358.0,100,257.75,292.0,1,13.58,0.0,SPY200331P00292000,292.0,0,0.0,0.0,,0.0,expirationDay
2020-04-01,2702.0,-4675.0,0.0,100,246.15,292.0,0,0.0,0.0,,0.0,1,2.57,3.47,SPY210331C00325000,325.0,normalDay
2020-04-02,2702.0,-4209.0,0.0,100,251.83,292.0,0,0.0,0.0,,0.0,1,2.57,4.49,SPY210331C00325000,325.0,normalDay
2020-04-03,2702.0,-4478.0,0.0,100,248.19,292.0,0,0.0,0.0,,0.0,1,2.57,3.54,SPY210331C00325000,325.0,normalDay
2020-04-06,2702.0,-3207.0,0.0,100,264.86,292.0,0,0.0,0.0,,0.0,1,2.57,7.5,SPY210331C00325000,325.0,normalDay
2020-04-07,2702.0,-2981.0,0.0,100,265.13,292.0,0,0.0,0.0,,0.0,1,2.57,5.51,SPY210331C00325000,325.0,normalDay
2020-04-08,2702.0,-2331.0,0.0,100,274.03,292.0,0,0.0,0.0,,0.0,1,2.57,7.91,SPY210331C00325000,325.0,normalDay
2020-04-09,2702.0,-2048.0,0.0,100,278.2,292.0,0,0.0,0.0,,0.0,1,2.57,9.25,SPY210331C00325000,325.0,normalDay
2020-04-13,2702.0,-2176.0,0.0,100,275.66,292.0,0,0.0,0.0,,0.0,1,2.57,7.99,SPY210331C00325000,325.0,normalDay
2020-04-14,2702.0,-1556.0,0.0,100,283.79,292.0,0,0.0,0.0,,0.0,1,2.57,9.92,SPY210331C00325000,325.0,normalDay
2020-04-15,2702.0,-2035.0,0.0,100,277.76,292.0,0,0.0,0.0,,0.0,1,2.57,8.68,SPY210331C00325000,325.0,normalDay
2020-04-16,2702.0,-1967.0,0.0,100,279.1,292.0,0,0.0,0.0,,0.0,1,2.57,9.34,SPY210331C00325000,325.0,normalDay
2020-04-17,2702.0,-1451.0,0.0,100,286.64,292.0,0,0.0,0.0,,0.0,1,2.57,11.72,SPY210331C00325000,325.0,normalDay
2020-04-20,2702.0,-1871.0,0.0,100,281.59,292.0,0,0.0,0.0,,0.0,1,2.57,10.87,SPY210331C00325000,325.0,normalDay
2020-04-21,2702.0,-2541.0,0.0,100,273.04,292.0,0,0.0,0.0,,0.0,1,2.57,9.02,SPY210331C00325000,325.0,normalDay
2020-04-22,2702.0,-2062.0,0.0,100,279.1,292.0,0,0.0,0.0,,0.0,1,2.57,10.29,SPY210331C00325000,325.0,normalDay
2020-04-23,2702.0,-2057.0,0.0,100,279.08,292.0,0,0.0,0.0,,0.0,1,2.57,10.22,SPY210331C00325000,325.0,normalDay
2020-04-24,2702.0,-1707.0,0.0,100,282.97,292.0,0,0.0,0.0,,0.0,1,2.57,10.61,SPY210331C00325000,325.0,normalDay
2020-04-27,2702.0,-1333.0,0.0,100,287.05,292.0,0,0.0,0.0,,0.0,1,2.57,10.95,SPY210331C00325000,325.0,normalDay
2020-04-28,2702.0,-1400.0,0.0,100,285.73,292.0,0,0.0,0.0,,0.0,1,2.57,10.3,SPY210331C00325000,325.0,normalDay
2020-04-29,2702.0,-872.0,0.0,100,293.21,292.0,0,0.0,0.0,,0.0,1,2.57,12.5,SPY210331C00325000,325.0,normalDay
2020-04-30,2702.0,-1028.0,0.0,100,290.48,292.0,0,0.0,0.0,,0.0,1,2.57,11.33,SPY210331C00325000,325.0,normalDay
2020-05-01,2702.0,-1633.0,0.0,100,282.79,292.0,0,0.0,0.0,,0.0,1,2.57,9.69,SPY210331C00325000,325.0,normalDay
2020-05-04,2702.0,-1513.0,0.0,100,283.57,292.0,0,0.0,0.0,,0.0,1,2.57,9.27,SPY210331C00325000,325.0,normalDay
2020-05-05,2702.0,-1350.0,0.0,100,286.19,292.0,0,0.0,0.0,,0.0,1,2.57,10.26,SPY210331C00325000,325.0,normalDay
2020-05-06,2702.0,-1464.0,0.0,100,284.25,292.0,0,0.0,0.0,,0.0,1,2.57,9.46,SPY210331C00325000,325.0,normalDay
2020-05-07,2702.0,-1213.0,0.0,100,287.68,292.0,0,0.0,0.0,,0.0,1,2.57,10.38,SPY210331C00325000,325.0,normalDay
2020-05-08,2702.0,-831.0,0.0,100,292.44,292.0,0,0.0,0.0,,0.0,1,2.57,11.32,SPY210331C00325000,325.0,normalDay
2020-05-11,2702.0,-756.0,0.0,100,292.5,292.0,0,0.0,0.0,,0.0,1,2.57,10.63,SPY210331C00325000,325.0,normalDay
2020-05-12,2702.0,-1149.0,0.0,100,286.67,292.0,0,0.0,0.0,,0.0,1,2.57,8.73,SPY210331C00325000,325.0,normalDay
2020-05-13,2702.0,-1602.0,0.0,100,281.6,292.0,0,0.0,0.0,,0.0,1,2.57,8.19,SPY210331C00325000,325.0,normalDay
2020-05-14,2702.0,-1321.0,0.0,100,284.97,292.0,0,0.0,0.0,,0.0,1,2.57,8.75,SPY210331C00325000,325.0,normalDay
2020-05-15,2702.0,-1175.0,0.0,100,286.28,292.0,0,0.0,0.0,,0.0,1,2.57,8.6,SPY210331C00325000,325.0,normalDay
2020-05-18,2702.0,-536.0,0.0,100,295.0,292.0,0,0.0,0.0,,0.0,1,2.57,10.93,SPY210331C00325000,325.0,normalDay
2020-05-19,2702.0,-769.0,0.0,100,291.97,292.0,0,0.0,0.0,,0.0,1,2.57,10.23,SPY210331C00325000,325.0,normalDay
2020-05-20,2702.0,-419.0,0.0,100,296.93,292.0,0,0.0,0.0,,0.0,1,2.57,11.69,SPY210331C00325000,325.0,normalDay
2020-05-21,2702.0,-555.0,0.0,100,294.88,292.0,0,0.0,0.0,,0.0,1,2.57,11.0,SPY210331C00325000,325.0,normalDay
2020-05-22,2702.0,-535.0,0.0,100,295.44,292.0,0,0.0,0.0,,0.0,1,2.57,11.36,SPY210331C00325000,325.0,normalDay
2020-05-26,2702.0,-261.0,0.0,100,299.08,292.0,0,0.0,0.0,,0.0,1,2.57,12.26,SPY210331C00325000,325.0,normalDay
2020-05-27,2702.0,42.0,0.0,100,303.53,292.0,0,0.0,0.0,,0.0,1,2.57,13.68,SPY210331C00325000,325.0,normalDay
2020-05-28,2702.0,-49.0,0.0,100,302.97,292.0,0,0.0,0.0,,0.0,1,2.57,14.03,SPY210331C00325000,325.0,normalDay
2020-05-29,2702.0,41.0,0.0,100,304.32,292.0,0,0.0,0.0,,0.0,1,2.57,14.48,SPY210331C00325000,325.0,normalDay
2020-06-01,2702.0,160.0,0.0,100,305.55,292.0,0,0.0,0.0,,0.0,1,2.57,14.52,SPY210331C00325000,325.0,normalDay
2020-06-02,2702.0,327.0,0.0,100,308.08,292.0,0,0.0,0.0,,0.0,1,2.57,15.38,SPY210331C00325000,325.0,normalDay
2020-06-03,2702.0,502.0,0.0,100,312.18,292.0,0,0.0,0.0,,0.0,1,2.57,17.73,SPY210331C00325000,325.0,normalDay
2020-06-04,2702.0,473.0,0.0,100,311.36,292.0,0,0.0,0.0,,0.0,1,2.57,17.2,SPY210331C00325000,325.0,normalDay
2020-06-05,2702.0,931.0,0.0,100,319.34,292.0,0,0.0,0.0,,0.0,1,2.57,20.6,SPY210331C00325000,325.0,normalDay
2020-06-08,2702.0,1112.0,0.0,100,323.2,292.0,0,0.0,0.0,,0.0,1,2.57,22.65,SPY210331C00325000,325.0,normalDay
2020-06-09,2702.0,870.0,0.0,100,320.79,292.0,0,0.0,0.0,,0.0,1,2.57,22.66,SPY210331C00325000,325.0,normalDay
2020-06-10,2702.0,842.0,0.0,100,319.0,292.0,0,0.0,0.0,,0.0,1,2.57,21.15,SPY210331C00325000,325.0,normalDay
2020-06-11,2702.0,-487.0,0.0,100,300.61,292.0,0,0.0,0.0,,0.0,1,2.57,16.05,SPY210331C00325000,325.0,normalDay
2020-06-12,2702.0,-143.0,0.0,100,304.21,292.0,0,0.0,0.0,,0.0,1,2.57,16.21,SPY210331C00325000,325.0,normalDay
2020-06-15,2702.0,43.0,0.0,100,307.05,292.0,0,0.0,0.0,,0.0,1,2.57,17.19,SPY210331C00325000,325.0,normalDay
2020-06-16,2702.0,333.0,0.0,100,312.96,292.0,0,0.0,0.0,,0.0,1,2.57,20.2,SPY210331C00325000,325.0,normalDay
2020-06-17,2702.0,222.0,0.0,100,311.66,292.0,0,0.0,0.0,,0.0,1,2.57,20.01,SPY210331C00325000,325.0,normalDay
2020-06-18,2702.0,246.0,0.0,100,311.78,292.0,0,0.0,0.0,,0.0,1,2.57,19.89,SPY210331C00325000,325.0,normalDay
2020-06-19,2702.0,50.0,0.0,100,308.64,292.0,0,0.0,0.0,,0.0,1,2.57,18.71,SPY210331C00325000,325.0,normalDay
2020-06-22,2702.0,198.0,0.0,100,310.62,292.0,0,0.0,0.0,,0.0,1,2.57,19.21,SPY210331C00325000,325.0,normalDay
2020-06-23,2702.0,323.0,0.0,100,312.05,292.0,0,0.0,0.0,,0.0,1,2.57,19.39,SPY210331C00325000,325.0,normalDay
2020-06-24,2702.0,-217.0,0.0,100,304.09,292.0,0,0.0,0.0,,0.0,1,2.57,16.83,SPY210331C00325000,325.0,normalDay
2020-06-25,2702.0,52.0,0.0,100,307.35,292.0,0,0.0,0.0,,0.0,1,2.57,17.4,SPY210331C00325000,325.0,normalDay
2020-06-26,2702.0,-412.0,0.0,100,300.05,292.0,0,0.0,0.0,,0.0,1,2.57,14.74,SPY210331C00325000,325.0,normalDay
2020-06-29,2702.0,-31.0,0.0,100,304.46,292.0,0,0.0,0.0,,0.0,1,2.57,15.34,SPY210331C00325000,325.0,normalDay
2020-06-30,2702.0,223.0,0.0,100,308.36,292.0,0,0.0,0.0,,0.0,1,2.57,16.7,SPY210331C00325000,325.0,normalDay
2020-07-01,2702.0,391.0,0.0,100,310.52,292.0,0,0.0,0.0,,0.0,1,2.57,17.18,SPY210331C00325000,325.0,normalDay
2020-07-02,2702.0,478.0,0.0,100,312.23,292.0,0,0.0,0.0,,0.0,1,2.57,18.02,SPY210331C00325000,325.0,normalDay
2020-07-06,2702.0,734.0,0.0,100,317.05,292.0,0,0.0,0.0,,0.0,1,2.57,20.28,SPY210331C00325000,325.0,normalDay
2020-07-07,2702.0,557.0,0.0,100,313.78,292.0,0,0.0,0.0,,0.0,1,2.57,18.78,SPY210331C00325000,325.0,normalDay
2020-07-08,2702.0,695.0,0.0,100,316.18,292.0,0,0.0,0.0,,0.0,1,2.57,19.8,SPY210331C00325000,325.0,normalDay
2020-07-09,2702.0,575.0,0.0,100,314.38,292.0,0,0.0,0.0,,0.0,1,2.57,19.2,SPY210331C00325000,325.0,normalDay
2020-07-10,2702.0,754.0,0.0,100,317.59,292.0,0,0.0,0.0,,0.0,1,2.57,20.62,SPY210331C00325000,325.0,normalDay
2020-07-13,2702.0,492.0,0.0,100,314.84,292.0,0,0.0,0.0,,0.0,1,2.57,20.49,SPY210331C00325000,325.0,normalDay
2020-07-14,2702.0,790.0,0.0,100,318.92,292.0,0,0.0,0.0,,0.0,1,2.57,21.59,SPY210331C00325000,325.0,normalDay
2020-07-15,2702.0,922.0,0.0,100,321.85,292.0,0,0.0,0.0,,0.0,1,2.57,23.2,SPY210331C00325000,325.0,normalDay
2020-07-16,2702.0,952.0,0.0,100,320.79,292.0,0,0.0,0.0,,0.0,1,2.57,21.84,SPY210331C00325000,325.0,normalDay
2020-07-17,2702.0,974.0,0.0,100,321.72,292.0,0,0.0,0.0,,0.0,1,2.57,22.55,SPY210331C00325000,325.0,normalDay
2020-07-20,2702.0,1166.0,0.0,100,324.32,292.0,0,0.0,0.0,,0.0,1,2.57,23.23,SPY210331C00325000,325.0,normalDay
2020-07-21,2702.0,1181.0,0.0,100,325.01,292.0,0,0.0,0.0,,0.0,1,2.57,23.77,SPY210331C00325000,325.0,normalDay
2020-07-22,2702.0,1289.0,0.0,100,326.86,292.0,0,0.0,0.0,,0.0,1,2.57,24.54,SPY210331C00325000,325.0,normalDay
2020-07-23,2702.0,1124.0,0.0,100,322.96,292.0,0,0.0,0.0,,0.0,1,2.57,22.29,SPY210331C00325000,325.0,normalDay
2020-07-24,2702.0,988.0,0.0,100,320.88,292.0,0,0.0,0.0,,0.0,1,2.57,21.57,SPY210331C00325000,325.0,normalDay
2020-07-27,2702.0,1130.0,0.0,100,323.22,292.0,0,0.0,0.0,,0.0,1,2.57,22.49,SPY210331C00325000,325.0,normalDay
2020-07-28,2702.0,1010.0,0.0,100,321.17,292.0,0,0.0,0.0,,0.0,1,2.57,21.64,SPY210331C00325000,325.0,normalDay
2020-07-29,2702.0,1205.0,0.0,100,325.12,292.0,0,0.0,0.0,,0.0,1,2.57,23.64,SPY210331C00325000,325.0,normalDay
2020-07-30,2702.0,1078.0,0.0,100,323.96,292.0,0,0.0,0.0,,0.0,1,2.57,23.75,SPY210331C00325000,325.0,normalDay
2020-07-31,2702.0,1218.0,0.0,100,326.52,292.0,0,0.0,0.0,,0.0,1,2.57,24.91,SPY210331C00325000,325.0,normalDay
2020-08-03,2702.0,1351.0,0.0,100,328.79,292.0,0,0.0,0.0,,0.0,1,2.57,25.85,SPY210331C00325000,325.0,normalDay
2020-08-04,2702.0,1433.0,0.0,100,330.06,292.0,0,0.0,0.0,,0.0,1,2.57,26.3,SPY210331C00325000,325.0,normalDay
2020-08-05,2702.0,1527.0,0.0,100,332.11,292.0,0,0.0,0.0,,0.0,1,2.57,27.41,SPY210331C00325000,325.0,normalDay
2020-08-06,2702.0,1600.0,0.0,100,334.33,292.0,0,0.0,0.0,,0.0,1,2.57,28.9,SPY210331C00325000,325.0,normalDay
2020-08-07,2702.0,1611.0,0.0,100,334.57,292.0,0,0.0,0.0,,0.0,1,2.57,29.03,SPY210331C00325000,325.0,normalDay
2020-08-10,2702.0,1673.0,0.0,100,335.57,292.0,0,0.0,0.0,,0.0,1,2.57,29.41,SPY210331C00325000,325.0,normalDay
2020-08-11,2702.0,1514.0,0.0,100,332.8,292.0,0,0.0,0.0,,0.0,1,2.57,28.23,SPY210331C00325000,325.0,normalDay
2020-08-12,2702.0,1735.0,0.0,100,337.44,292.0,0,0.0,0.0,,0.0,1,2.57,30.66,SPY210331C00325000,325.0,normalDay
2020-08-13,2702.0,1710.0,0.0,100,336.83,292.0,0,0.0,0.0,,0.0,1,2.57,30.3,SPY210331C00325000,325.0,normalDay
2020-08-14,2702.0,1687.0,0.0,100,336.84,292.0,0,0.0,0.0,,0.0,1,2.57,30.54,SPY210331C00325000,325.0,normalDay
2020-08-17,2702.0,1775.0,0.0,100,337.91,292.0,0,0.0,0.0,,0.0,1,2.57,30.73,SPY210331C00325000,325.0,normalDay
2020-08-18,2702.0,1817.0,0.0,100,338.64,292.0,0,0.0,0.0,,0.0,1,2.57,31.04,SPY210331C00325000,325.0,normalDay
2020-08-19,2702.0,1730.0,0.0,100,337.23,292.0,0,0.0,0.0,,0.0,1,2.57,30.5,SPY210331C00325000,325.0,normalDay
2020-08-20,2702.0,1794.0,0.0,100,338.28,292.0,0,0.0,0.0,,0.0,1,2.57,30.91,SPY210331C00325000,325.0,normalDay
2020-08-21,2702.0,1808.0,0.0,100,339.48,292.0,0,0.0,0.0,,0.0,1,2.57,31.97,SPY210331C00325000,325.0,normalDay
2020-08-24,2702.0,1928.0,0.0,100,342.92,292.0,0,0.0,0.0,,0.0,1,2.57,34.21,SPY210331C00325000,325.0,normalDay
2020-08-25,2702.0,1949.0,0.0,100,344.12,292.0,0,0.0,0.0,,0.0,1,2.57,35.2,SPY210331C00325000,325.0,normalDay
2020-08-26,2702.0,1974.0,0.0,100,347.57,292.0,0,0.0,0.0,,0.0,1,2.57,38.4,SPY210331C00325000,325.0,normalDay
2020-08-27,2702.0,1970.0,0.0,100,348.33,292.0,0,0.0,0.0,,0.0,1,2.57,39.2,SPY210331C00325000,325.0,normalDay
2020-08-28,2702.0,2055.0,0.0,100,350.58,292.0,0,0.0,0.0,,0.0,1,2.57,40.6,SPY210331C00325000,325.0,normalDay
2020-08-31,2702.0,1884.0,0.0,100,349.31,292.0,0,0.0,0.0,,0.0,1,2.57,41.04,SPY210331C00325000,325.0,normalDay
2020-09-01,2702.0,2002.0,0.0,100,352.6,292.0,0,0.0,0.0,,0.0,1,2.57,43.15,SPY210331C00325000,325.0,normalDay
2020-09-02,2702.0,2008.0,0.0,100,357.7,292.0,0,0.0,0.0,,0.0,1,2.57,48.19,SPY210331C00325000,325.0,normalDay
2020-09-03,2702.0,1522.0,0.0,100,345.39,292.0,0,0.0,0.0,,0.0,1,2.57,40.74,SPY210331C00325000,325.0,normalDay
2020-09-04,2702.0,1623.0,0.0,100,342.57,292.0,0,0.0,0.0,,0.0,1,2.57,36.91,SPY210331C00325000,325.0,normalDay
2020-09-08,2702.0,1377.0,0.0,100,333.21,292.0,0,0.0,0.0,,0.0,1,2.57,30.01,SPY210331C00325000,325.0,normalDay
2020-09-09,2702.0,1718.0,0.0,100,339.79,292.0,0,0.0,0.0,,0.0,1,2.57,33.18,SPY210331C00325000,325.0,normalDay
2020-09-10,2702.0,1478.0,0.0,100,333.89,292.0,0,0.0,0.0,,0.0,1,2.57,29.68,SPY210331C00325000,325.0,normalDay
2020-09-11,2702.0,1616.0,0.0,100,334.06,292.0,0,0.0,0.0,,0.0,1,2.57,28.47,SPY210331C00325000,325.0,normalDay
2020-09-14,2702.0,1756.0,0.0,100,338.46,292.0,0,0.0,0.0,,0.0,1,2.57,31.47,SPY210331C00325000,325.0,normalDay
2020-09-15,2702.0,1795.0,0.0,100,340.17,292.0,0,0.0,0.0,,0.0,1,2.57,32.79,SPY210331C00325000,325.0,normalDay
2020-09-16,2702.0,1775.0,0.0,100,338.82,292.0,0,0.0,0.0,,0.0,1,2.57,31.64,SPY210331C00325000,325.0,normalDay
2020-09-17,2702.0,1634.0,0.0,100,335.84,292.0,0,0.0,0.0,,0.0,1,2.57,30.07,SPY210331C00325000,325.0,normalDay
2020-09-18,2702.0,1404.0,0.0,100,330.65,292.0,0,0.0,0.0,,0.0,1,2.57,27.18,SPY210331C00325000,325.0,normalDay
2020-09-21,2702.0,1226.0,0.0,100,326.97,292.0,0,0.0,0.0,,0.0,1,2.57,25.28,SPY210331C00325000,325.0,normalDay
2020-09-22,2702.0,1372.0,0.0,100,330.3,292.0,0,0.0,0.0,,0.0,1,2.57,27.15,SPY210331C00325000,325.0,normalDay
2020-09-23,2702.0,1018.0,0.0,100,322.64,292.0,0,0.0,0.0,,0.0,1,2.57,23.03,SPY210331C00325000,325.0,normalDay
2020-09-24,2702.0,1059.0,0.0,100,323.5,292.0,0,0.0,0.0,,0.0,1,2.57,23.48,SPY210331C00325000,325.0,normalDay
2020-09-25,2702.0,1329.0,0.0,100,328.73,292.0,0,0.0,0.0,,0.0,1,2.57,26.01,SPY210331C00325000,325.0,normalDay
2020-09-28,2702.0,1528.0,0.0,100,334.19,292.0,0,0.0,0.0,,0.0,1,2.57,29.48,SPY210331C00325000,325.0,normalDay
2020-09-29,2702.0,1444.0,0.0,100,332.37,292.0,0,0.0,0.0,,0.0,1,2.57,28.5,SPY210331C00325000,325.0,normalDay
2020-09-30,2702.0,1651.0,0.0,100,334.89,292.0,0,0.0,0.0,,0.0,1,2.57,28.95,SPY210331C00325000,325.0,normalDay
2020-10-01,2702.0,1622.0,0.0,100,337.04,292.0,0,0.0,0.0,,0.0,1,2.57,31.39,SPY210331C00325000,325.0,normalDay
2020-10-02,2702.0,1489.0,0.0,100,333.84,292.0,0,0.0,0.0,,0.0,1,2.57,29.52,SPY210331C00325000,325.0,normalDay
2020-10-05,2702.0,1775.0,0.0,100,339.76,292.0,0,0.0,0.0,,0.0,1,2.57,32.58,SPY210331C00325000,325.0,normalDay
2020-10-06,2702.0,1568.0,0.0,100,334.93,292.0,0,0.0,0.0,,0.0,1,2.57,29.82,SPY210331C00325000,325.0,normalDay
2020-10-07,2702.0,1859.0,0.0,100,340.76,292.0,0,0.0,0.0,,0.0,1,2.57,32.74,SPY210331C00325000,325.0,normalDay
2020-10-08,2702.0,1987.0,0.0,100,343.78,292.0,0,0.0,0.0,,0.0,1,2.57,34.48,SPY210331C00325000,325.0,normalDay
2020-10-09,2702.0,2150.0,0.0,100,346.85,292.0,0,0.0,0.0,,0.0,1,2.57,35.92,SPY210331C00325000,325.0,normalDay
2020-10-12,2702.0,2295.0,0.0,100,352.43,292.0,0,0.0,0.0,,0.0,1,2.57,40.05,SPY210331C00325000,325.0,normalDay
2020-10-13,2702.0,2252.0,0.0,100,350.13,292.0,0,0.0,0.0,,0.0,1,2.57,38.18,SPY210331C00325000,325.0,normalDay
2020-10-14,2702.0,2223.0,0.0,100,347.93,292.0,0,0.0,0.0,,0.0,1,2.57,36.27,SPY210331C00325000,325.0,normalDay
2020-10-15,2702.0,2199.0,0.0,100,347.5,292.0,0,0.0,0.0,,0.0,1,2.57,36.08,SPY210331C00325000,325.0,normalDay
2020-10-16,2702.0,2229.0,0.0,100,347.29,292.0,0,0.0,0.0,,0.0,1,2.57,35.57,SPY210331C00325000,325.0,normalDay
2020-10-19,2702.0,1972.0,0.0,100,342.01,292.0,0,0.0,0.0,,0.0,1,2.57,32.86,SPY210331C00325000,325.0,normalDay
2020-10-20,2702.0,2069.0,0.0,100,343.38,292.0,0,0.0,0.0,,0.0,1,2.57,33.26,SPY210331C00325000,325.0,normalDay
2020-10-21,2702.0,2035.0,0.0,100,342.73,292.0,0,0.0,0.0,,0.0,1,2.57,32.95,SPY210331C00325000,325.0,normalDay
2020-10-22,2702.0,2156.0,0.0,100,344.61,292.0,0,0.0,0.0,,0.0,1,2.57,33.62,SPY210331C00325000,325.0,normalDay
2020-10-23,2702.0,2238.0,0.0,100,345.78,292.0,0,0.0,0.0,,0.0,1,2.57,33.97,SPY210331C00325000,325.0,normalDay
2020-10-26,2702.0,1900.0,0.0,100,339.39,292.0,0,0.0,0.0,,0.0,1,2.57,30.96,SPY210331C00325000,325.0,normalDay
2020-10-27,2702.0,1880.0,0.0,100,338.22,292.0,0,0.0,0.0,,0.0,1,2.57,29.99,SPY210331C00325000,325.0,normalDay
2020-10-28,2702.0,1270.0,0.0,100,326.66,292.0,0,0.0,0.0,,0.0,1,2.57,24.53,SPY210331C00325000,325.0,normalDay
2020-10-29,2702.0,1458.0,0.0,100,329.98,292.0,0,0.0,0.0,,0.0,1,2.57,25.97,SPY210331C00325000,325.0,normalDay
2020-10-30,2702.0,1317.0,0.0,100,326.54,292.0,0,0.0,0.0,,0.0,1,2.57,23.94,SPY210331C00325000,325.0,normalDay
2020-11-02,2702.0,1585.0,0.0,100,330.2,292.0,0,0.0,0.0,,0.0,1,2.57,24.92,SPY210331C00325000,325.0,normalDay
2020-11-03,2702.0,1934.0,0.0,100,336.03,292.0,0,0.0,0.0,,0.0,1,2.57,27.26,SPY210331C00325000,325.0,normalDay
2020-11-04,2702.0,2210.0,0.0,100,343.54,292.0,0,0.0,0.0,,0.0,1,2.57,32.01,SPY210331C00325000,325.0,normalDay
2020-11-05,2702.0,2357.0,0.0,100,350.24,292.0,0,0.0,0.0,,0.0,1,2.57,37.24,SPY210331C00325000,325.0,normalDay
2020-11-06,2702.0,2445.0,0.0,100,350.16,292.0,0,0.0,0.0,,0.0,1,2.57,36.28,SPY210331C00325000,325.0,normalDay
2020-11-09,2702.0,2512.0,0.0,100,354.56,292.0,0,0.0,0.0,,0.0,1,2.57,40.01,SPY210331C00325000,325.0,normalDay
2020-11-10,2702.0,2567.0,0.0,100,354.04,292.0,0,0.0,0.0,,0.0,1,2.57,38.94,SPY210331C00325000,325.0,normalDay
2020-11-11,2702.0,2662.0,0.0,100,356.67,292.0,0,0.0,0.0,,0.0,1,2.57,40.62,SPY210331C00325000,325.0,normalDay
2020-11-12,2702.0,2533.0,0.0,100,353.21,292.0,0,0.0,0.0,,0.0,1,2.57,38.45,SPY210331C00325000,325.0,normalDay
2020-11-13,2702.0,2714.0,0.0,100,358.1,292.0,0,0.0,0.0,,0.0,1,2.57,41.53,SPY210331C00325000,325.0,normalDay
2020-11-16,2702.0,2826.0,0.0,100,362.57,292.0,0,0.0,0.0,,0.0,1,2.57,44.88,SPY210331C00325000,325.0,normalDay
2020-11-17,2702.0,2783.0,0.0,100,360.62,292.0,0,0.0,0.0,,0.0,1,2.57,43.36,SPY210331C00325000,325.0,normalDay
2020-11-18,2702.0,2678.0,0.0,100,356.28,292.0,0,0.0,0.0,,0.0,1,2.57,40.07,SPY210331C00325000,325.0,normalDay
2020-11-19,2702.0,2741.0,0.0,100,357.78,292.0,0,0.0,0.0,,0.0,1,2.57,40.94,SPY210331C00325000,325.0,normalDay
2020-11-20,2702.0,2711.0,0.0,100,355.33,292.0,0,0.0,0.0,,0.0,1,2.57,38.79,SPY210331C00325000,325.0,normalDay
2020-11-23,2702.0,2785.0,0.0,100,357.46,292.0,0,0.0,0.0,,0.0,1,2.57,40.18,SPY210331C00325000,325.0,normalDay
2020-11-24,2702.0,2889.0,0.0,100,363.22,292.0,0,0.0,0.0,,0.0,1,2.57,44.9,SPY210331C00325000,325.0,normalDay
2020-11-25,2702.0,2922.0,0.0,100,362.66,292.0,0,0.0,0.0,,0.0,1,2.57,44.01,SPY210331C00325000,325.0,normalDay
2020-11-27,2702.0,2893.0,0.0,100,363.67,292.0,0,0.0,0.0,,0.0,1,2.57,45.31,SPY210331C00325000,325.0,normalDay
2020-11-30,2702.0,2865.0,0.0,100,362.06,292.0,0,0.0,0.0,,0.0,1,2.57,43.98,SPY210331C00325000,325.0,normalDay
2020-12-01,2702.0,2981.0,0.0,100,366.02,292.0,0,0.0,0.0,,0.0,1,2.57,46.78,SPY210331C00325000,325.0,normalDay
2020-12-02,2702.0,2991.0,0.0,100,366.79,292.0,0,0.0,0.0,,0.0,1,2.57,47.45,SPY210331C00325000,325.0,normalDay
2020-12-03,2702.0,3010.0,0.0,100,366.69,292.0,0,0.0,0.0,,0.0,1,2.57,47.16,SPY210331C00325000,325.0,normalDay
2020-12-04,2702.0,3092.0,0.0,100,369.85,292.0,0,0.0,0.0,,0.0,1,2.57,49.5,SPY210331C00325000,325.0,normalDay
2020-12-07,2702.0,3079.0,0.0,100,369.09,292.0,0,0.0,0.0,,0.0,1,2.57,48.87,SPY210331C00325000,325.0,normalDay
2020-12-08,2702.0,3084.0,0.0,100,370.17,292.0,0,0.0,0.0,,0.0,1,2.57,49.9,SPY210331C00325000,325.0,normalDay
2020-12-09,2702.0,3045.0,0.0,100,366.85,292.0,0,0.0,0.0,,0.0,1,2.57,46.97,SPY210331C00325000,325.0,normalDay
2020-12-10,2702.0,3040.0,0.0,100,366.73,292.0,0,0.0,0.0,,0.0,1,2.57,46.9,SPY210331C00325000,325.0,normalDay
2020-12-11,2702.0,3002.0,0.0,100,366.3,292.0,0,0.0,0.0,,0.0,1,2.57,46.85,SPY210331C00325000,325.0,normalDay
2020-12-14,2702.0,2909.0,0.0,100,364.66,292.0,0,0.0,0.0,,0.0,1,2.57,46.14,SPY210331C00325000,325.0,normalDay
2020-12-15,2702.0,3075.0,0.0,100,369.59,292.0,0,0.0,0.0,,0.0,1,2.57,49.41,SPY210331C00325000,325.0,normalDay
2020-12-16,2702.0,3083.0,0.0,100,370.17,292.0,0,0.0,0.0,,0.0,1,2.57,49.91,SPY210331C00325000,325.0,normalDay
2020-12-17,2702.0,3107.0,0.0,100,372.24,292.0,0,0.0,0.0,,0.0,1,2.57,51.74,SPY210331C00325000,325.0,normalDay
2020-12-18,2702.0,2887.0,0.0,100,369.18,292.0,0,0.0,0.0,,0.0,1,2.57,50.88,SPY210331C00325000,325.0,normalDay
2020-12-21,2702.0,2914.0,0.0,100,367.86,292.0,0,0.0,0.0,,0.0,1,2.57,49.29,SPY210331C00325000,325.0,normalDay
2020-12-22,2702.0,2936.0,0.0,100,367.24,292.0,0,0.0,0.0,,0.0,1,2.57,48.45,SPY210331C00325000,325.0,normalDay
2020-12-23,2702.0,2993.0,0.0,100,367.57,292.0,0,0.0,0.0,,0.0,1,2.57,48.21,SPY210331C00325000,325.0,normalDay
2020-12-24,2702.0,3036.0,0.0,100,369.0,292.0,0,0.0,0.0,,0.0,1,2.57,49.21,SPY210331C00325000,325.0,normalDay
2020-12-28,2702.0,3062.0,0.0,100,372.17,292.0,0,0.0,0.0,,0.0,1,2.57,52.12,SPY210331C00325000,325.0,normalDay
2020-12-29,2702.0,3024.0,0.0,100,371.46,292.0,0,0.0,0.0,,0.0,1,2.57,51.79,SPY210331C00325000,325.0,normalDay
2020-12-30,2702.0,3089.0,0.0,100,371.99,292.0,0,0.0,0.0,,0.0,1,2.57,51.67,SPY210331C00325000,325.0,normalDay
2020-12-31,2702.0,3061.0,0.0,100,373.88,292.0,0,0.0,0.0,,0.0,1,2.57,53.84,SPY210331C00325000,325.0,normalDay
2021-01-04,2702.0,2987.0,0.0,100,368.79,292.0,0,0.0,0.0,,0.0,1,2.57,49.49,SPY210331C00325000,325.0,normalDay
2021-01-05,2702.0,3069.0,0.0,100,371.33,292.0,0,0.0,0.0,,0.0,1,2.57,51.21,SPY210331C00325000,325.0,normalDay
2021-01-06,2702.0,3071.0,0.0,100,373.55,292.0,0,0.0,0.0,,0.0,1,2.57,53.41,SPY210331C00325000,325.0,normalDay
2021-01-07,2702.0,3214.0,0.0,100,379.1,292.0,0,0.0,0.0,,0.0,1,2.57,57.53,SPY210331C00325000,325.0,normalDay
2021-01-08,2702.0,3201.0,0.0,100,381.26,292.0,0,0.0,0.0,,0.0,1,2.57,59.82,SPY210331C00325000,325.0,normalDay
2021-01-11,2702.0,3141.0,0.0,100,378.69,292.0,0,0.0,0.0,,0.0,1,2.57,57.85,SPY210331C00325000,325.0,normalDay
2021-01-12,2702.0,3208.0,0.0,100,378.77,292.0,0,0.0,0.0,,0.0,1,2.57,57.26,SPY210331C00325000,325.0,normalDay
2021-01-13,2702.0,3210.0,0.0,100,379.79,292.0,0,0.0,0.0,,0.0,1,2.57,58.26,SPY210331C00325000,325.0,normalDay
2021-01-14,2702.0,3191.0,0.0,100,378.46,292.0,0,0.0,0.0,,0.0,1,2.57,57.12,SPY210331C00325000,325.0,normalDay
2021-01-15,2702.0,3236.0,0.0,100,375.7,292.0,0,0.0,0.0,,0.0,1,2.57,53.91,SPY210331C00325000,325.0,normalDay
2021-01-19,2702.0,3234.0,0.0,100,378.65,292.0,0,0.0,0.0,,0.0,1,2.57,56.88,SPY210331C00325000,325.0,normalDay
2021-01-20,2702.0,3297.0,0.0,100,383.89,292.0,0,0.0,0.0,,0.0,1,2.57,61.49,SPY210331C00325000,325.0,normalDay
2021-01-21,2702.0,3311.0,0.0,100,384.24,292.0,0,0.0,0.0,,0.0,1,2.57,61.7,SPY210331C00325000,325.0,normalDay
2021-01-22,2702.0,3297.0,0.0,100,382.88,292.0,0,0.0,0.0,,0.0,1,2.57,60.48,SPY210331C00325000,325.0,normalDay
2021-01-25,2702.0,3301.0,0.0,100,384.39,292.0,0,0.0,0.0,,0.0,1,2.57,61.95,SPY210331C00325000,325.0,normalDay
2021-01-26,2702.0,3241.0,0.0,100,383.79,292.0,0,0.0,0.0,,0.0,1,2.57,61.95,SPY210331C00325000,325.0,normalDay
2021-01-27,2702.0,3089.0,0.0,100,374.41,292.0,0,0.0,0.0,,0.0,1,2.57,54.09,SPY210331C00325000,325.0,normalDay
2021-01-28,2702.0,3117.0,0.0,100,377.63,292.0,0,0.0,0.0,,0.0,1,2.57,57.03,SPY210331C00325000,325.0,normalDay
2021-01-29,2702.0,3028.0,0.0,100,370.07,292.0,0,0.0,0.0,,0.0,1,2.57,50.36,SPY210331C00325000,325.0,normalDay
2021-02-01,2702.0,3213.0,0.0,100,376.23,292.0,0,0.0,0.0,,0.0,1,2.57,54.67,SPY210331C00325000,325.0,normalDay
2021-02-02,2702.0,3218.0,0.0,100,381.55,292.0,0,0.0,0.0,,0.0,1,2.57,59.94,SPY210331C00325000,325.0,normalDay
2021-02-03,2702.0,3281.0,0.0,100,381.85,292.0,0,0.0,0.0,,0.0,1,2.57,59.61,SPY210331C00325000,325.0,normalDay
2021-02-04,2702.0,3390.0,0.0,100,386.19,292.0,0,0.0,0.0,,0.0,1,2.57,62.86,SPY210331C00325000,325.0,normalDay
2021-02-05,2702.0,3393.0,0.0,100,387.71,292.0,0,0.0,0.0,,0.0,1,2.57,64.35,SPY210331C00325000,325.0,normalDay
2021-02-08,2702.0,3417.0,0.0,100,390.51,292.0,0,0.0,0.0,,0.0,1,2.57,66.91,SPY210331C00325000,325.0,normalDay
2021-02-09,2702.0,3374.0,0.0,100,390.25,292.0,0,0.0,0.0,,0.0,1,2.57,67.08,SPY210331C00325000,325.0,normalDay
2021-02-10,2702.0,3403.0,0.0,100,390.08,292.0,0,0.0,0.0,,0.0,1,2.57,66.62,SPY210331C00325000,325.0,normalDay
2021-02-11,2702.0,3456.0,0.0,100,390.71,292.0,0,0.0,0.0,,0.0,1,2.57,66.72,SPY210331C00325000,325.0,normalDay
2021-02-12,2702.0,3416.0,0.0,100,392.64,292.0,0,0.0,0.0,,0.0,1,2.57,69.05,SPY210331C00325000,325.0,normalDay
2021-02-16,2702.0,3460.0,0.0,100,392.3,292.0,0,0.0,0.0,,0.0,1,2.57,68.27,SPY210331C00325000,325.0,normalDay
2021-02-17,2702.0,3459.0,0.0,100,392.39,292.0,0,0.0,0.0,,0.0,1,2.57,68.37,SPY210331C00325000,325.0,normalDay
2021-02-18,2702.0,3458.0,0.0,100,390.72,292.0,0,0.0,0.0,,0.0,1,2.57,66.71,SPY210331C00325000,325.0,normalDay
2021-02-19,2702.0,3483.0,0.0,100,390.03,292.0,0,0.0,0.0,,0.0,1,2.57,65.77,SPY210331C00325000,325.0,normalDay
2021-02-22,2702.0,3446.0,0.0,100,387.03,292.0,0,0.0,0.0,,0.0,1,2.57,63.14,SPY210331C00325000,325.0,normalDay
2021-02-23,2702.0,3477.0,0.0,100,387.5,292.0,0,0.0,0.0,,0.0,1,2.57,63.3,SPY210331C00325000,325.0,normalDay
2021-02-24,2702.0,3464.0,0.0,100,391.77,292.0,0,0.0,0.0,,0.0,1,2.57,67.7,SPY210331C00325000,325.0,normalDay
2021-02-25,2702.0,3300.0,0.0,100,382.33,292.0,0,0.0,0.0,,0.0,1,2.57,59.9,SPY210331C00325000,325.0,normalDay
2021-02-26,2702.0,3382.0,0.0,100,380.36,292.0,0,0.0,0.0,,0.0,1,2.57,57.11,SPY210331C00325000,325.0,normalDay
2021-03-01,2702.0,3508.0,0.0,100,389.58,292.0,0,0.0,0.0,,0.0,1,2.57,65.07,SPY210331C00325000,325.0,normalDay
2021-03-02,2702.0,3495.0,0.0,100,386.54,292.0,0,0.0,0.0,,0.0,1,2.57,62.16,SPY210331C00325000,325.0,normalDay
2021-03-03,2702.0,3468.0,0.0,100,381.42,292.0,0,0.0,0.0,,0.0,1,2.57,57.31,SPY210331C00325000,325.0,normalDay
2021-03-04,2702.0,3424.0,0.0,100,376.7,292.0,0,0.0,0.0,,0.0,1,2.57,53.03,SPY210331C00325000,325.0,normalDay
2021-03-05,2702.0,3480.0,0.0,100,383.63,292.0,0,0.0,0.0,,0.0,1,2.57,59.4,SPY210331C00325000,325.0,normalDay
2021-03-08,2702.0,3453.0,0.0,100,381.72,292.0,0,0.0,0.0,,0.0,1,2.57,57.76,SPY210331C00325000,325.0,normalDay
2021-03-09,2702.0,3509.0,0.0,100,387.17,292.0,0,0.0,0.0,,0.0,1,2.57,62.65,SPY210331C00325000,325.0,normalDay
2021-03-10,2702.0,3469.0,0.0,100,389.58,292.0,0,0.0,0.0,,0.0,1,2.57,65.46,SPY210331C00325000,325.0,normalDay
2021-03-11,2702.0,3540.0,0.0,100,393.53,292.0,0,0.0,0.0,,0.0,1,2.57,68.7,SPY210331C00325000,325.0,normalDay
2021-03-12,2702.0,3499.0,0.0,100,394.06,292.0,0,0.0,0.0,,0.0,1,2.57,69.64,SPY210331C00325000,325.0,normalDay
2021-03-15,2702.0,3510.0,0.0,100,396.41,292.0,0,0.0,0.0,,0.0,1,2.57,71.88,SPY210331C00325000,325.0,normalDay
2021-03-16,2702.0,3536.0,0.0,100,395.91,292.0,0,0.0,0.0,,0.0,1,2.57,71.12,SPY210331C00325000,325.0,normalDay
2021-03-17,2702.0,3551.0,0.0,100,397.26,292.0,0,0.0,0.0,,0.0,1,2.57,72.32,SPY210331C00325000,325.0,normalDay
2021-03-18,2702.0,3460.0,0.0,100,391.48,292.0,0,0.0,0.0,,0.0,1,2.57,67.45,SPY210331C00325000,325.0,normalDay
2021-03-19,2702.0,3545.0,0.0,100,389.48,292.0,0,0.0,0.0,,0.0,1,2.57,64.6,SPY210331C00325000,325.0,normalDay
2021-03-22,2702.0,3524.0,0.0,100,392.59,292.0,0,0.0,0.0,,0.0,1,2.57,67.92,SPY210331C00325000,325.0,normalDay
2021-03-23,2702.0,3511.0,0.0,100,389.5,292.0,0,0.0,0.0,,0.0,1,2.57,64.96,SPY210331C00325000,325.0,normalDay
2021-03-24,2702.0,3528.0,0.0,100,387.52,292.0,0,0.0,0.0,,0.0,1,2.57,62.81,SPY210331C00325000,325.0,normalDay
2021-03-25,2702.0,3530.0,0.0,100,389.7,292.0,0,0.0,0.0,,0.0,1,2.57,64.97,SPY210331C00325000,325.0,normalDay
2021-03-26,2702.0,3565.0,0.0,100,395.98,292.0,0,0.0,0.0,,0.0,1,2.57,70.9,SPY210331C00325000,325.0,normalDay
2021-03-29,2702.0,3560.0,0.0,100,395.78,292.0,0,0.0,0.0,,0.0,1,2.57,70.75,SPY210331C00325000,325.0,normalDay
2021-03-30,2702.0,3581.0,0.0,100,394.73,292.0,0,0.0,0.0,,0.0,1,2.57,69.49,SPY210331C00325000,325.0,normalDay
2021-03-31,6259.0,3581.0,3557.0,0,396.33,0.0,0,0.0,0.0,,0.0,1,2.57,0.0,SPY210331C00325000,325.0,expirationDay
2021-04-01,6259.0,-17.0,0.0,0,400.61,0.0,1,14.28,14.45,SPY211015P00379000,379.0,0,0.0,0.0,,0.0,normalDay
2021-04-05,6259.0,136.0,0.0,0,406.36,0.0,1,14.28,12.92,SPY211015P00379000,379.0,0,0.0,0.0,,0.0,normalDay
2021-04-06,6259.0,115.0,0.0,0,406.12,0.0,1,14.28,13.13,SPY211015P00379000,379.0,0,0.0,0.0,,0.0,normalDay
2021-04-07,6259.0,157.0,0.0,0,406.59,0.0,1,14.28,12.71,SPY211015P00379000,379.0,0,0.0,0.0,,0.0,normalDay
2021-04-08,6259.0,190.0,0.0,0,408.52,0.0,1,14.28,12.38,SPY211015P00379000,379.0,0,0.0,0.0,,0.0,normalDay
2021-04-09,6259.0,230.0,0.0,0,411.49,0.0,1,14.28,11.98,SPY211015P00379000,379.0,0,0.0,0.0,,0.0,normalDay
2021-04-12,6259.0,248.0,0.0,0,411.64,0.0,1,14.28,11.8,SPY211015P00379000,379.0,0,0.0,0.0,,0.0,normalDay
2021-04-13,6259.0,291.0,0.0,0,412.86,0.0,1,14.28,11.37,SPY211015P00379000,379.0,0,0.0,0.0,,0.0,normalDay
2021-04-14,6259.0,255.0,0.0,0,411.45,0.0,1,14.28,11.73,SPY211015P00379000,379.0,0,0.0,0.0,,0.0,normalDay
2021-04-15,6259.0,354.0,0.0,0,415.87,0.0,1,14.28,10.74,SPY211015P00379000,379.0,0,0.0,0.0,,0.0,normalDay
2021-04-16,6259.0,383.0,0.0,0,417.26,0.0,1,14.28,10.45,SPY211015P00379000,379.0,0,0.0,0.0,,0.0,normalDay
2021-04-19,6259.0,314.0,0.0,0,415.21,0.0,1,14.28,11.14,SPY211015P00379000,379.0,0,0.0,0.0,,0.0,normalDay
2021-04-20,6259.0,215.0,0.0,0,412.17,0.0,1,14.28,12.13,SPY211015P00379000,379.0,0,0.0,0.0,,0.0,normalDay
2021-04-21,6259.0,337.0,0.0,0,416.07,0.0,1,14.28,10.91,SPY211015P00379000,379.0,0,0.0,0.0,,0.0,normalDay
2021-04-22,6259.0,206.0,0.0,0,412.27,0.0,1,14.28,12.22,SPY211015P00379000,379.0,0,0.0,0.0,,0.0,normalDay
2021-04-23,6259.0,350.0,0.0,0,416.74,0.0,1,14.28,10.78,SPY211015P00379000,379.0,0,0.0,0.0,,0.0,normalDay
2021-04-26,6259.0,385.0,0.0,0,417.61,0.0,1,14.28,10.43,SPY211015P00379000,379.0,0,0.0,0.0,,0.0,normalDay
2021-04-27,6259.0,396.0,0.0,0,417.52,0.0,1,14.28,10.32,SPY211015P00379000,379.0,0,0.0,0.0,,0.0,normalDay
2021-04-28,6259.0,413.0,0.0,0,417.4,0.0,1,14.28,10.15,SPY211015P00379000,379.0,0,0.0,0.0,,0.0,normalDay
2021-04-29,6259.0,440.0,0.0,0,420.06,0.0,1,14.28,9.88,SPY211015P00379000,379.0,0,0.0,0.0,,0.0,normalDay
2021-04-30,6259.0,375.0,0.0,0,417.3,0.0,1,14.28,10.53,SPY211015P00379000,379.0,0,0.0,0.0,,0.0,normalDay
2021-05-03,6259.0,416.0,0.0,0,418.2,0.0,1,14.28,10.12,SPY211015P00379000,379.0,0,0.0,0.0,,0.0,normalDay
2021-05-04,6259.0,327.0,0.0,0,415.62,0.0,1,14.28,11.01,SPY211015P00379000,379.0,0,0.0,0.0,,0.0,normalDay
2021-05-05,6259.0,352.0,0.0,0,415.75,0.0,1,14.28,10.76,SPY211015P00379000,379.0,0,0.0,0.0,,0.0,normalDay
2021-05-06,6259.0,449.0,0.0,0,419.07,0.0,1,14.28,9.79,SPY211015P00379000,379.0,0,0.0,0.0,,0.0,normalDay
2021-05-07,6259.0,542.0,0.0,0,422.12,0.0,1,14.28,8.86,SPY211015P00379000,379.0,0,0.0,0.0,,0.0,normalDay
2021-05-10,6259.0,406.0,0.0,0,417.94,0.0,1,14.28,10.22,SPY211015P00379000,379.0,0,0.0,0.0,,0.0,normalDay
2021-05-11,6259.0,282.0,0.0,0,414.21,0.0,1,14.28,11.46,SPY211015P00379000,379.0,0,0.0,0.0,,0.0,normalDay
2021-05-12,6259.0,-97.0,0.0,0,405.41,0.0,1,14.28,15.25,SPY211015P00379000,379.0,0,0.0,0.0,,0.0,normalDay
2021-05-13,6259.0,155.0,0.0,0,410.28,0.0,1,14.28,12.73,SPY211015P00379000,379.0,0,0.0,0.0,,0.0,normalDay
2021-05-14,6259.0,434.0,0.0,0,416.58,0.0,1,14.28,9.94,SPY211015P00379000,379.0,0,0.0,0.0,,0.0,normalDay
2021-05-17,6259.0,376.0,0.0,0,415.52,0.0,1,14.28,10.52,SPY211015P00379000,379.0,0,0.0,0.0,,0.0,normalDay
2021-05-18,6259.0,249.0,0.0,0,411.94,0.0,1,14.28,11.79,SPY211015P00379000,379.0,0,0.0,0.0,,0.0,normalDay
2021-05-19,6259.0,209.0,0.0,0,410.86,0.0,1,14.28,12.19,SPY211015P00379000,379.0,0,0.0,0.0,,0.0,normalDay
2021-05-20,6259.0,352.0,0.0,0,415.28,0.0,1,14.28,10.76,SPY211015P00379000,379.0,0,0.0,0.0,,0.0,normalDay
2021-05-21,6259.0,382.0,0.0,0,414.94,0.0,1,14.28,10.46,SPY211015P00379000,379.0,0,0.0,0.0,,0.0,normalDay
2021-05-24,6259.0,534.0,0.0,0,419.17,0.0,1,14.28,8.94,SPY211015P00379000,379.0,0,0.0,0.0,,0.0,normalDay
2021-05-25,6259.0,515.0,0.0,0,418.24,0.0,1,14.28,9.13,SPY211015P00379000,379.0,0,0.0,0.0,,0.0,normalDay
2021-05-26,6259.0,585.0,0.0,0,419.07,0.0,1,14.28,8.43,SPY211015P00379000,379.0,0,0.0,0.0,,0.0,normalDay
2021-05-27,6259.0,652.0,0.0,0,419.29,0.0,1,14.28,7.76,SPY211015P00379000,379.0,0,0.0,0.0,,0.0,normalDay
2021-05-28,6259.0,671.0,0.0,0,420.04,0.0,1,14.28,7.57,SPY211015P00379000,379.0,0,0.0,0.0,,0.0,normalDay
2021-06-01,6259.0,641.0,0.0,0,419.67,0.0,1,14.28,7.87,SPY211015P00379000,379.0,0,0.0,0.0,,0.0,normalDay
2021-06-02,6259.0,658.0,0.0,0,420.33,0.0,1,14.28,7.7,SPY211015P00379000,379.0,0,0.0,0.0,,0.0,normalDay
2021-06-03,6259.0,615.0,0.0,0,418.77,0.0,1,14.28,8.13,SPY211015P00379000,379.0,0,0.0,0.0,,0.0,normalDay
2021-06-04,6259.0,718.0,0.0,0,422.6,0.0,1,14.28,7.1,SPY211015P00379000,379.0,0,0.0,0.0,,0.0,normalDay
2021-06-07,6259.0,744.0,0.0,0,422.19,0.0,1,14.28,6.84,SPY211015P00379000,379.0,0,0.0,0.0,,0.0,normalDay
2021-06-08,6259.0,739.0,0.0,0,422.28,0.0,1,14.28,6.89,SPY211015P00379000,379.0,0,0.0,0.0,,0.0,normalDay
2021-06-09,6259.0,717.0,0.0,0,421.65,0.0,1,14.28,7.11,SPY211015P00379000,379.0,0,0.0,0.0,,0.0,normalDay
2021-06-10,6259.0,810.0,0.0,0,423.61,0.0,1,14.28,6.18,SPY211015P00379000,379.0,0,0.0,0.0,,0.0,normalDay
2021-06-11,6259.0,838.0,0.0,0,424.31,0.0,1,14.28,5.9,SPY211015P00379000,379.0,0,0.0,0.0,,0.0,normalDay
2021-06-14,6259.0,843.0,0.0,0,425.26,0.0,1,14.28,5.85,SPY211015P00379000,379.0,0,0.0,0.0,,0.0,normalDay
2021-06-15,6259.0,816.0,0.0,0,424.48,0.0,1,14.28,6.12,SPY211015P00379000,379.0,0,0.0,0.0,,0.0,normalDay
2021-06-16,6259.0,763.0,0.0,0,422.11,0.0,1,14.28,6.65,SPY211015P00379000,379.0,0,0.0,0.0,,0.0,normalDay
2021-06-17,6259.0,787.0,0.0,0,421.97,0.0,1,14.28,6.41,SPY211015P00379000,379.0,0,0.0,0.0,,0.0,normalDay
2021-06-18,6259.0,612.0,0.0,0,414.92,0.0,1,14.28,8.16,SPY211015P00379000,379.0,0,0.0,0.0,,0.0,normalDay
2021-06-21,6259.0,803.0,0.0,0,420.86,0.0,1,14.28,6.25,SPY211015P00379000,379.0,0,0.0,0.0,,0.0,normalDay
2021-06-22,6259.0,864.0,0.0,0,423.11,0.0,1,14.28,5.64,SPY211015P00379000,379.0,0,0.0,0.0,,0.0,normalDay
2021-06-23,6259.0,884.0,0.0,0,422.6,0.0,1,14.28,5.44,SPY211015P00379000,379.0,0,0.0,0.0,,0.0,normalDay
2021-06-24,6259.0,929.0,0.0,0,425.1,0.0,1,14.28,4.99,SPY211015P00379000,379.0,0,0.0,0.0,,0.0,normalDay
2021-06-25,6259.0,964.0,0.0,0,426.61,0.0,1,14.28,4.64,SPY211015P00379000,379.0,0,0.0,0.0,,0.0,normalDay
2021-06-28,6259.0,981.0,0.0,0,427.47,0.0,1,14.28,4.47,SPY211015P00379000,379.0,0,0.0,0.0,,0.0,normalDay
2021-06-29,6259.0,974.0,0.0,0,427.7,0.0,1,14.28,4.54,SPY211015P00379000,379.0,0,0.0,0.0,,0.0,normalDay
2021-06-30,6259.0,985.0,0.0,0,428.06,0.0,1,14.28,4.43,SPY211015P00379000,379.0,0,0.0,0.0,,0.0,normalDay
2021-07-01,6259.0,1008.0,0.0,0,430.43,0.0,1,14.28,4.2,SPY211015P00379000,379.0,0,0.0,0.0,,0.0,normalDay
2021-07-02,6259.0,1044.0,0.0,0,433.72,0.0,1,14.28,3.84,SPY211015P00379000,379.0,0,0.0,0.0,,0.0,normalDay
2021-07-06,6259.0,1026.0,0.0,0,432.93,0.0,1,14.28,4.02,SPY211015P00379000,379.0,0,0.0,0.0,,0.0,normalDay
2021-07-07,6259.0,1036.0,0.0,0,434.46,0.0,1,14.28,3.92,SPY211015P00379000,379.0,0,0.0,0.0,,0.0,normalDay
2021-07-08,6259.0,957.0,0.0,0,430.92,0.0,1,14.28,4.71,SPY211015P00379000,379.0,0,0.0,0.0,,0.0,normalDay
2021-07-09,6259.0,1051.0,0.0,0,435.52,0.0,1,14.28,3.77,SPY211015P00379000,379.0,0,0.0,0.0,,0.0,normalDay
2021-07-12,6259.0,1070.0,0.0,0,437.08,0.0,1,14.28,3.58,SPY211015P00379000,379.0,0,0.0,0.0,,0.0,normalDay
2021-07-13,6259.0,1035.0,0.0,0,435.59,0.0,1,14.28,3.93,SPY211015P00379000,379.0,0,0.0,0.0,,0.0,normalDay
2021-07-14,6259.0,1063.0,0.0,0,436.24,0.0,1,14.28,3.65,SPY211015P00379000,379.0,0,0.0,0.0,,0.0,normalDay
2021-07-15,6259.0,1040.0,0.0,0,434.75,0.0,1,14.28,3.88,SPY211015P00379000,379.0,0,0.0,0.0,,0.0,normalDay
2021-07-16,6259.0,992.0,0.0,0,431.34,0.0,1,14.28,4.36,SPY211015P00379000,379.0,0,0.0,0.0,,0.0,normalDay
2021-07-19,6259.0,844.0,0.0,0,424.97,0.0,1,14.28,5.84,SPY211015P00379000,379.0,0,0.0,0.0,,0.0,normalDay
2021-07-20,6259.0,974.0,0.0,0,431.06,0.0,1,14.28,4.54,SPY211015P00379000,379.0,0,0.0,0.0,,0.0,normalDay
2021-07-21,6259.0,1058.0,0.0,0,434.55,0.0,1,14.28,3.7,SPY211015P00379000,379.0,0,0.0,0.0,,0.0,normalDay
2021-07-22,6259.0,1070.0,0.0,0,435.46,0.0,1,14.28,3.58,SPY211015P00379000,379.0,0,0.0,0.0,,0.0,normalDay
2021-07-23,6259.0,1110.0,0.0,0,439.94,0.0,1,14.28,3.18,SPY211015P00379000,379.0,0,0.0,0.0,,0.0,normalDay
2021-07-26,6259.0,1132.0,0.0,0,441.02,0.0,1,14.28,2.96,SPY211015P00379000,379.0,0,0.0,0.0,,0.0,normalDay
2021-07-27,6259.0,1086.0,0.0,0,439.01,0.0,1,14.28,3.42,SPY211015P00379000,379.0,0,0.0,0.0,,0.0,normalDay
2021-07-28,6259.0,1112.0,0.0,0,438.83,0.0,1,14.28,3.16,SPY211015P00379000,379.0,0,0.0,0.0,,0.0,normalDay
2021-07-29,6259.0,1145.0,0.0,0,440.65,0.0,1,14.28,2.83,SPY211015P00379000,379.0,0,0.0,0.0,,0.0,normalDay
2021-07-30,6259.0,1131.0,0.0,0,438.51,0.0,1,14.28,2.97,SPY211015P00379000,379.0,0,0.0,0.0,,0.0,normalDay
2021-08-02,6259.0,1108.0,0.0,0,437.59,0.0,1,14.28,3.2,SPY211015P00379000,379.0,0,0.0,0.0,,0.0,normalDay
2021-08-03,6259.0,1160.0,0.0,0,441.15,0.0,1,14.28,2.68,SPY211015P00379000,379.0,0,0.0,0.0,,0.0,normalDay
2021-08-04,6259.0,1155.0,0.0,0,438.98,0.0,1,14.28,2.73,SPY211015P00379000,379.0,0,0.0,0.0,,0.0,normalDay
2021-08-05,6259.0,1187.0,0.0,0,441.76,0.0,1,14.28,2.41,SPY211015P00379000,379.0,0,0.0,0.0,,0.0,normalDay
2021-08-06,6259.0,1216.0,0.0,0,442.49,0.0,1,14.28,2.12,SPY211015P00379000,379.0,0,0.0,0.0,,0.0,normalDay
2021-08-09,6259.0,1217.0,0.0,0,442.13,0.0,1,14.28,2.11,SPY211015P00379000,379.0,0,0.0,0.0,,0.0,normalDay
2021-08-10,6259.0,1222.0,0.0,0,442.68,0.0,1,14.28,2.06,SPY211015P00379000,379.0,0,0.0,0.0,,0.0,normalDay
2021-08-11,6259.0,1243.0,0.0,0,443.78,0.0,1,14.28,1.85,SPY211015P00379000,379.0,0,0.0,0.0,,0.0,normalDay
2021-08-12,6259.0,1261.0,0.0,0,445.11,0.0,1,14.28,1.67,SPY211015P00379000,379.0,0,0.0,0.0,,0.0,normalDay
2021-08-13,6259.0,1268.0,0.0,0,445.92,0.0,1,14.28,1.6,SPY211015P00379000,379.0,0,0.0,0.0,,0.0,normalDay
2021-08-16,6259.0,1276.0,0.0,0,446.97,0.0,1,14.28,1.52,SPY211015P00379000,379.0,0,0.0,0.0,,0.0,normalDay
2021-08-17,6259.0,1240.0,0.0,0,444.04,0.0,1,14.28,1.88,SPY211015P00379000,379.0,0,0.0,0.0,,0.0,normalDay
2021-08-18,6259.0,1167.0,0.0,0,439.18,0.0,1,14.28,2.61,SPY211015P00379000,379.0,0,0.0,0.0,,0.0,normalDay
2021-08-19,6259.0,1162.0,0.0,0,439.86,0.0,1,14.28,2.66,SPY211015P00379000,379.0,0,0.0,0.0,,0.0,normalDay
2021-08-20,6259.0,1241.0,0.0,0,443.36,0.0,1,14.28,1.87,SPY211015P00379000,379.0,0,0.0,0.0,,0.0,normalDay
2021-08-23,6259.0,1288.0,0.0,0,447.26,0.0,1,14.28,1.4,SPY211015P00379000,379.0,0,0.0,0.0,,0.0,normalDay
2021-08-24,6259.0,1293.0,0.0,0,447.97,0.0,1,14.28,1.35,SPY211015P00379000,379.0,0,0.0,0.0,,0.0,normalDay
2021-08-25,6259.0,1307.0,0.0,0,448.91,0.0,1,14.28,1.21,SPY211015P00379000,379.0,0,0.0,0.0,,0.0,normalDay
2021-08-26,6259.0,1280.0,0.0,0,446.26,0.0,1,14.28,1.48,SPY211015P00379000,379.0,0,0.0,0.0,,0.0,normalDay
2021-08-27,6259.0,1320.0,0.0,0,450.25,0.0,1,14.28,1.08,SPY211015P00379000,379.0,0,0.0,0.0,,0.0,normalDay
2021-08-30,6259.0,1335.0,0.0,0,452.23,0.0,1,14.28,0.93,SPY211015P00379000,379.0,0,0.0,0.0,,0.0,normalDay
2021-08-31,6259.0,1334.0,0.0,0,451.56,0.0,1,14.28,0.94,SPY211015P00379000,379.0,0,0.0,0.0,,0.0,normalDay
2021-09-01,6259.0,1344.0,0.0,0,451.8,0.0,1,14.28,0.84,SPY211015P00379000,379.0,0,0.0,0.0,,0.0,normalDay
2021-09-02,6259.0,1346.0,0.0,0,453.19,0.0,1,14.28,0.82,SPY211015P00379000,379.0,0,0.0,0.0,,0.0,normalDay
2021-09-03,6259.0,1342.0,0.0,0,453.08,0.0,1,14.28,0.86,SPY211015P00379000,379.0,0,0.0,0.0,,0.0,normalDay
2021-09-07,6259.0,1338.0,0.0,0,451.46,0.0,1,14.28,0.9,SPY211015P00379000,379.0,0,0.0,0.0,,0.0,normalDay
2021-09-08,6259.0,1345.0,0.0,0,450.91,0.0,1,14.28,0.83,SPY211015P00379000,379.0,0,0.0,0.0,,0.0,normalDay
2021-09-09,6259.0,1338.0,0.0,0,448.98,0.0,1,14.28,0.9,SPY211015P00379000,379.0,0,0.0,0.0,,0.0,normalDay
2021-09-10,6259.0,1314.0,0.0,0,445.44,0.0,1,14.28,1.14,SPY211015P00379000,379.0,0,0.0,0.0,,0.0,normalDay
2021-09-13,6259.0,1345.0,0.0,0,446.58,0.0,1,14.28,0.83,SPY211015P00379000,379.0,0,0.0,0.0,,0.0,normalDay
2021-09-14,6259.0,1345.0,0.0,0,444.17,0.0,1,14.28,0.83,SPY211015P00379000,379.0,0,0.0,0.0,,0.0,normalDay
2021-09-15,6259.0,1367.0,0.0,0,447.88,0.0,1,14.28,0.61,SPY211015P00379000,379.0,0,0.0,0.0,,0.0,normalDay
2021-09-16,6259.0,1363.0,0.0,0,447.17,0.0,1,14.28,0.65,SPY211015P00379000,379.0,0,0.0,0.0,,0.0,normalDay
2021-09-17,6259.0,1344.0,0.0,0,441.4,0.0,1,14.28,0.84,SPY211015P00379000,379.0,0,0.0,0.0,,0.0,normalDay
2021-09-20,6259.0,1302.0,0.0,0,434.04,0.0,1,14.28,1.26,SPY211015P00379000,379.0,0,0.0,0.0,,0.0,normalDay
2021-09-21,6259.0,1330.0,0.0,0,433.63,0.0,1,14.28,0.98,SPY211015P00379000,379.0,0,0.0,0.0,,0.0,normalDay
2021-09-22,6259.0,1371.0,0.0,0,437.86,0.0,1,14.28,0.57,SPY211015P00379000,379.0,0,0.0,0.0,,0.0,normalDay
2021-09-23,6259.0,1390.0,0.0,0,443.18,0.0,1,14.28,0.38,SPY211015P00379000,379.0,0,0.0,0.0,,0.0,normalDay
2021-09-24,6259.0,1396.0,0.0,0,443.91,0.0,1,14.28,0.32,SPY211015P00379000,379.0,0,0.0,0.0,,0.0,normalDay
2021-09-27,6259.0,1398.0,0.0,0,442.64,0.0,1,14.28,0.3,SPY211015P00379000,379.0,0,0.0,0.0,,0.0,normalDay
2021-09-28,6259.0,1374.0,0.0,0,433.72,0.0,1,14.28,0.54,SPY211015P00379000,379.0,0,0.0,0.0,,0.0,normalDay
2021-09-29,6259.0,1389.0,0.0,0,434.45,0.0,1,14.28,0.39,SPY211015P00379000,379.0,0,0.0,0.0,,0.0,normalDay
2021-09-30,6259.0,1384.0,0.0,0,429.14,0.0,1,14.28,0.44,SPY211015P00379000,379.0,0,0.0,0.0,,0.0,normalDay
2021-10-01,6259.0,1403.0,0.0,0,434.24,0.0,1,14.28,0.25,SPY211015P00379000,379.0,0,0.0,0.0,,0.0,normalDay
2021-10-04,6259.0,1401.0,0.0,0,428.64,0.0,1,14.28,0.27,SPY211015P00379000,379.0,0,0.0,0.0,,0.0,normalDay
2021-10-05,6259.0,1413.0,0.0,0,433.1,0.0,1,14.28,0.15,SPY211015P00379000,379.0,0,0.0,0.0,,0.0,normalDay
2021-10-06,6259.0,1417.0,0.0,0,434.9,0.0,1,14.28,0.11,SPY211015P00379000,379.0,0,0.0,0.0,,0.0,normalDay
2021-10-07,6259.0,1421.0,0.0,0,438.66,0.0,1,14.28,0.07,SPY211015P00379000,379.0,0,0.0,0.0,,0.0,normalDay
2021-10-08,6259.0,1423.0,0.0,0,437.86,0.0,1,14.28,0.05,SPY211015P00379000,379.0,0,0.0,0.0,,0.0,normalDay
2021-10-11,6259.0,1422.0,0.0,0,434.69,0.0,1,14.28,0.06,SPY211015P00379000,379.0,0,0.0,0.0,,0.0,normalDay
2021-10-12,6259.0,1424.0,0.0,0,433.62,0.0,1,14.28,0.04,SPY211015P00379000,379.0,0,0.0,0.0,,0.0,normalDay
2021-10-13,6259.0,1425.0,0.0,0,435.18,0.0,1,14.28,0.03,SPY211015P00379000,379.0,0,0.0,0.0,,0.0,normalDay
2021-10-14,6259.0,1427.0,0.0,0,442.5,0.0,1,14.28,0.01,SPY211015P00379000,379.0,0,0.0,0.0,,0.0,normalDay
2021-10-15,7687.0,0.0,1428.0,0,445.87,0.0,1,14.28,0.0,SPY211015P00379000,379.0,0,0.0,0.0,,0.0,expirationDay
2021-10-18,7687.0,-7.0,0.0,0,447.19,0.0,1,14.1,14.17,SPY220331P00423000,423.0,0,0.0,0.0,,0.0,normalDay
2021-10-19,7687.0,119.0,0.0,0,450.64,0.0,1,14.1,12.91,SPY220331P00423000,423.0,0,0.0,0.0,,0.0,normalDay
2021-10-20,7687.0,154.0,0.0,0,452.41,0.0,1,14.1,12.56,SPY220331P00423000,423.0,0,0.0,0.0,,0.0,normalDay
2021-10-21,7687.0,203.0,0.0,0,453.59,0.0,1,14.1,12.07,SPY220331P00423000,423.0,0,0.0,0.0,,0.0,normalDay
2021-10-22,7687.0,156.0,0.0,0,453.12,0.0,1,14.1,12.54,SPY220331P00423000,423.0,0,0.0,0.0,,0.0,normalDay
2021-10-25,7687.0,245.0,0.0,0,455.55,0.0,1,14.1,11.65,SPY220331P00423000,423.0,0,0.0,0.0,,0.0,normalDay
2021-10-26,7687.0,260.0,0.0,0,455.96,0.0,1,14.1,11.5,SPY220331P00423000,423.0,0,0.0,0.0,,0.0,normalDay
2021-10-27,7687.0,172.0,0.0,0,453.94,0.0,1,14.1,12.38,SPY220331P00423000,423.0,0,0.0,0.0,,0.0,normalDay
2021-10-28,7687.0,271.0,0.0,0,458.32,0.0,1,14.1,11.39,SPY220331P00423000,423.0,0,0.0,0.0,,0.0,normalDay
2021-10-29,7687.0,302.0,0.0,0,459.25,0.0,1,14.1,11.08,SPY220331P00423000,423.0,0,0.0,0.0,,0.0,normalDay
2021-11-01,7687.0,329.0,0.0,0,460.04,0.0,1,14.1,10.81,SPY220331P00423000,423.0,0,0.0,0.0,,0.0,normalDay
2021-11-02,7687.0,378.0,0.0,0,461.9,0.0,1,14.1,10.32,SPY220331P00423000,423.0,0,0.0,0.0,,0.0,normalDay
2021-11-03,7687.0,459.0,0.0,0,464.72,0.0,1,14.1,9.51,SPY220331P00423000,423.0,0,0.0,0.0,,0.0,normalDay
2021-11-04,7687.0,496.0,0.0,0,466.91,0.0,1,14.1,9.14,SPY220331P00423000,423.0,0,0.0,0.0,,0.0,normalDay
2021-11-05,7687.0,487.0,0.0,0,468.53,0.0,1,14.1,9.23,SPY220331P00423000,423.0,0,0.0,0.0,,0.0,normalDay
2021-11-08,7687.0,476.0,0.0,0,468.93,0.0,1,14.1,9.34,SPY220331P00423000,423.0,0,0.0,0.0,,0.0,normalDay
2021-11-09,7687.0,449.0,0.0,0,467.38,0.0,1,14.1,9.61,SPY220331P00423000,423.0,0,0.0,0.0,,0.0,normalDay
2021-11-10,7687.0,379.0,0.0,0,463.62,0.0,1,14.1,10.31,SPY220331P00423000,423.0,0,0.0,0.0,,0.0,normalDay
2021-11-11,7687.0,435.0,0.0,0,463.77,0.0,1,14.1,9.75,SPY220331P00423000,423.0,0,0.0,0.0,,0.0,normalDay
2021-11-12,7687.0,525.0,0.0,0,467.27,0.0,1,14.1,8.85,SPY220331P00423000,423.0,0,0.0,0.0,,0.0,normalDay
2021-11-15,7687.0,534.0,0.0,0,467.43,0.0,1,14.1,8.76,SPY220331P00423000,423.0,0,0.0,0.0,,0.0,normalDay
2021-11-16,7687.0,570.0,0.0,0,469.28,0.0,1,14.1,8.4,SPY220331P00423000,423.0,0,0.0,0.0,,0.0,normalDay
2021-11-17,7687.0,510.0,0.0,0,468.14,0.0,1,14.1,9.0,SPY220331P00423000,423.0,0,0.0,0.0,,0.0,normalDay
2021-11-18,7687.0,535.0,0.0,0,469.73,0.0,1,14.1,8.75,SPY220331P00423000,423.0,0,0.0,0.0,,0.0,normalDay
2021-11-19,7687.0,518.0,0.0,0,468.89,0.0,1,14.1,8.92,SPY220331P00423000,423.0,0,0.0,0.0,,0.0,normalDay
2021-11-22,7687.0,478.0,0.0,0,467.57,0.0,1,14.1,9.32,SPY220331P00423000,423.0,0,0.0,0.0,,0.0,normalDay
2021-11-23,7687.0,498.0,0.0,0,468.19,0.0,1,14.1,9.12,SPY220331P00423000,423.0,0,0.0,0.0,,0.0,normalDay
2021-11-24,7687.0,550.0,0.0,0,469.44,0.0,1,14.1,8.6,SPY220331P00423000,423.0,0,0.0,0.0,,0.0,normalDay
2021-11-26,7687.0,-100.0,0.0,0,458.97,0.0,1,14.1,15.1,SPY220331P00423000,423.0,0,0.0,0.0,,0.0,normalDay
2021-11-29,7687.0,385.0,0.0,0,464.6,0.0,1,14.1,10.25,SPY220331P00423000,423.0,0,0.0,0.0,,0.0,normalDay
2021-11-30,7687.0,118.0,0.0,0,455.56,0.0,1,14.1,12.92,SPY220331P00423000,423.0,0,0.0,0.0,,0.0,normalDay
2021-12-01,7687.0,-196.0,0.0,0,450.5,0.0,1,14.1,16.06,SPY220331P00423000,423.0,0,0.0,0.0,,0.0,normalDay
2021-12-02,7687.0,75.0,0.0,0,457.4,0.0,1,14.1,13.35,SPY220331P00423000,423.0,0,0.0,0.0,,0.0,normalDay
2021-12-03,7687.0,-129.0,0.0,0,453.42,0.0,1,14.1,15.39,SPY220331P00423000,423.0,0,0.0,0.0,,0.0,normalDay
2021-12-06,7687.0,132.0,0.0,0,458.79,0.0,1,14.1,12.78,SPY220331P00423000,423.0,0,0.0,0.0,,0.0,normalDay
2021-12-07,7687.0,483.0,0.0,0,468.28,0.0,1,14.1,9.27,SPY220331P00423000,423.0,0,0.0,0.0,,0.0,normalDay
2021-12-08,7687.0,570.0,0.0,0,469.52,0.0,1,14.1,8.4,SPY220331P00423000,423.0,0,0.0,0.0,,0.0,normalDay
2021-12-09,7687.0,488.0,0.0,0,466.35,0.0,1,14.1,9.22,SPY220331P00423000,423.0,0,0.0,0.0,,0.0,normalDay
2021-12-10,7687.0,623.0,0.0,0,470.74,0.0,1,14.1,7.87,SPY220331P00423000,423.0,0,0.0,0.0,,0.0,normalDay
2021-12-13,7687.0,526.0,0.0,0,466.57,0.0,1,14.1,8.84,SPY220331P00423000,423.0,0,0.0,0.0,,0.0,normalDay
2021-12-14,7687.0,441.0,0.0,0,463.36,0.0,1,14.1,9.69,SPY220331P00423000,423.0,0,0.0,0.0,,0.0,normalDay
2021-12-15,7687.0,657.0,0.0,0,470.6,0.0,1,14.1,7.53,SPY220331P00423000,423.0,0,0.0,0.0,,0.0,normalDay
2021-12-16,7687.0,555.0,0.0,0,466.45,0.0,1,14.1,8.55,SPY220331P00423000,423.0,0,0.0,0.0,,0.0,normalDay
2021-12-17,7687.0,429.0,0.0,0,459.87,0.0,1,14.1,9.81,SPY220331P00423000,423.0,0,0.0,0.0,,0.0,normalDay
2021-12-20,7687.0,330.0,0.0,0,454.98,0.0,1,14.1,10.8,SPY220331P00423000,423.0,0,0.0,0.0,,0.0,normalDay
2021-12-21,7687.0,536.0,0.0,0,463.06,0.0,1,14.1,8.74,SPY220331P00423000,423.0,0,0.0,0.0,,0.0,normalDay
2021-12-22,7687.0,680.0,0.0,0,467.69,0.0,1,14.1,7.3,SPY220331P00423000,423.0,0,0.0,0.0,,0.0,normalDay
2021-12-23,7687.0,748.0,0.0,0,470.6,0.0,1,14.1,6.62,SPY220331P00423000,423.0,0,0.0,0.0,,0.0,normalDay
2021-12-27,7687.0,870.0,0.0,0,477.26,0.0,1,14.1,5.4,SPY220331P00423000,423.0,0,0.0,0.0,,0.0,normalDay
2021-12-28,7687.0,890.0,0.0,0,476.87,0.0,1,14.1,5.2,SPY220331P00423000,423.0,0,0.0,0.0,,0.0,normalDay
2021-12-29,7687.0,927.0,0.0,0,477.48,0.0,1,14.1,4.83,SPY220331P00423000,423.0,0,0.0,0.0,,0.0,normalDay
2021-12-30,7687.0,907.0,0.0,0,476.16,0.0,1,14.1,5.03,SPY220331P00423000,423.0,0,0.0,0.0,,0.0,normalDay
2021-12-31,7687.0,915.0,0.0,0,474.96,0.0,1,14.1,4.95,SPY220331P00423000,423.0,0,0.0,0.0,,0.0,normalDay
2022-01-03,7687.0,974.0,0.0,0,477.71,0.0,1,14.1,4.36,SPY220331P00423000,423.0,0,0.0,0.0,,0.0,normalDay
2022-01-04,7687.0,969.0,0.0,0,477.55,0.0,1,14.1,4.41,SPY220331P00423000,423.0,0,0.0,0.0,,0.0,normalDay
2022-01-05,7687.0,802.0,0.0,0,468.38,0.0,1,14.1,6.08,SPY220331P00423000,423.0,0,0.0,0.0,,0.0,normalDay
2022-01-06,7687.0,809.0,0.0,0,467.94,0.0,1,14.1,6.01,SPY220331P00423000,423.0,0,0.0,0.0,,0.0,normalDay
2022-01-07,7687.0,837.0,0.0,0,466.09,0.0,1,14.1,5.73,SPY220331P00423000,423.0,0,0.0,0.0,,0.0,normalDay
2022-01-10,7687.0,846.0,0.0,0,465.51,0.0,1,14.1,5.64,SPY220331P00423000,423.0,0,0.0,0.0,,0.0,normalDay
2022-01-11,7687.0,932.0,0.0,0,469.75,0.0,1,14.1,4.78,SPY220331P00423000,423.0,0,0.0,0.0,,0.0,normalDay
2022-01-12,7687.0,972.0,0.0,0,471.02,0.0,1,14.1,4.38,SPY220331P00423000,423.0,0,0.0,0.0,,0.0,normalDay
2022-01-13,7687.0,820.0,0.0,0,464.53,0.0,1,14.1,5.9,SPY220331P00423000,423.0,0,0.0,0.0,,0.0,normalDay
2022-01-14,7687.0,867.0,0.0,0,464.72,0.0,1,14.1,5.43,SPY220331P00423000,423.0,0,0.0,0.0,,0.0,normalDay
2022-01-18,7687.0,666.0,0.0,0,456.49,0.0,1,14.1,7.44,SPY220331P00423000,423.0,0,0.0,0.0,,0.0,normalDay
2022-01-19,7687.0,583.0,0.0,0,451.75,0.0,1,14.1,8.27,SPY220331P00423000,423.0,0,0.0,0.0,,0.0,normalDay
2022-01-20,7687.0,412.0,0.0,0,446.75,0.0,1,14.1,9.98,SPY220331P00423000,423.0,0,0.0,0.0,,0.0,normalDay
2022-01-21,7687.0,98.0,0.0,0,437.98,0.0,1,14.1,13.12,SPY220331P00423000,423.0,0,0.0,0.0,,0.0,normalDay
2022-01-24,7687.0,92.0,0.0,0,439.84,0.0,1,14.1,13.18,SPY220331P00423000,423.0,0,0.0,0.0,,0.0,normalDay
2022-01-25,7687.0,-109.0,0.0,0,434.47,0.0,1,14.1,15.19,SPY220331P00423000,423.0,0,0.0,0.0,,0.0,normalDay
2022-01-26,7687.0,-91.0,0.0,0,433.38,0.0,1,14.1,15.01,SPY220331P00423000,423.0,0,0.0,0.0,,0.0,normalDay
2022-01-27,7687.0,-73.0,0.0,0,431.24,0.0,1,14.1,14.83,SPY220331P00423000,423.0,0,0.0,0.0,,0.0,normalDay
2022-01-28,7687.0,337.0,0.0,0,441.95,0.0,1,14.1,10.73,SPY220331P00423000,423.0,0,0.0,0.0,,0.0,normalDay
2022-01-31,7687.0,608.0,0.0,0,449.91,0.0,1,14.1,8.02,SPY220331P00423000,423.0,0,0.0,0.0,,0.0,normalDay
2022-02-01,7687.0,789.0,0.0,0,452.95,0.0,1,14.1,6.21,SPY220331P00423000,423.0,0,0.0,0.0,,0.0,normalDay
2022-02-02,7687.0,830.0,0.0,0,457.35,0.0,1,14.1,5.8,SPY220331P00423000,423.0,0,0.0,0.0,,0.0,normalDay
2022-02-03,7687.0,643.0,0.0,0,446.6,0.0,1,14.1,7.67,SPY220331P00423000,423.0,0,0.0,0.0,,0.0,normalDay
2022-02-04,7687.0,641.0,0.0,0,448.7,0.0,1,14.1,7.69,SPY220331P00423000,423.0,0,0.0,0.0,,0.0,normalDay
2022-02-07,7687.0,695.0,0.0,0,447.26,0.0,1,14.1,7.15,SPY220331P00423000,423.0,0,0.0,0.0,,0.0,normalDay
2022-02-08,7687.0,834.0,0.0,0,450.94,0.0,1,14.1,5.76,SPY220331P00423000,423.0,0,0.0,0.0,,0.0,normalDay
2022-02-09,7687.0,971.0,0.0,0,457.54,0.0,1,14.1,4.39,SPY220331P00423000,423.0,0,0.0,0.0,,0.0,normalDay
2022-02-10,7687.0,731.0,0.0,0,449.32,0.0,1,14.1,6.79,SPY220331P00423000,423.0,0,0.0,0.0,,0.0,normalDay
2022-02-11,7687.0,415.0,0.0,0,440.46,0.0,1,14.1,9.95,SPY220331P00423000,423.0,0,0.0,0.0,,0.0,normalDay
2022-02-14,7687.0,414.0,0.0,0,439.02,0.0,1,14.1,9.96,SPY220331P00423000,423.0,0,0.0,0.0,,0.0,normalDay
2022-02-15,7687.0,668.0,0.0,0,446.1,0.0,1,14.1,7.42,SPY220331P00423000,423.0,0,0.0,0.0,,0.0,normalDay
2022-02-16,7687.0,762.0,0.0,0,446.6,0.0,1,14.1,6.48,SPY220331P00423000,423.0,0,0.0,0.0,,0.0,normalDay
2022-02-17,7687.0,425.0,0.0,0,437.06,0.0,1,14.1,9.85,SPY220331P00423000,423.0,0,0.0,0.0,,0.0,normalDay
2022-02-18,7687.0,371.0,0.0,0,434.23,0.0,1,14.1,10.39,SPY220331P00423000,423.0,0,0.0,0.0,,0.0,normalDay
2022-02-22,7687.0,298.0,0.0,0,429.57,0.0,1,14.1,11.12,SPY220331P00423000,423.0,0,0.0,0.0,,0.0,normalDay
2022-02-23,7687.0,-80.0,0.0,0,421.95,0.0,1,14.1,14.9,SPY220331P00423000,423.0,0,0.0,0.0,,0.0,normalDay
2022-02-24,7687.0,200.0,0.0,0,428.3,0.0,1,14.1,12.1,SPY220331P00423000,423.0,0,0.0,0.0,,0.0,normalDay
2022-02-25,7687.0,604.0,0.0,0,437.75,0.0,1,14.1,8.06,SPY220331P00423000,423.0,0,0.0,0.0,,0.0,normalDay
2022-02-28,7687.0,550.0,0.0,0,436.63,0.0,1,14.1,8.6,SPY220331P00423000,423.0,0,0.0,0.0,,0.0,normalDay
2022-03-01,7687.0,238.0,0.0,0,429.98,0.0,1,14.1,11.72,SPY220331P00423000,423.0,0,0.0,0.0,,0.0,normalDay
2022-03-02,7687.0,565.0,0.0,0,437.89,0.0,1,14.1,8.45,SPY220331P00423000,423.0,0,0.0,0.0,,0.0,normalDay
2022-03-03,7687.0,529.0,0.0,0,435.71,0.0,1,14.1,8.81,SPY220331P00423000,423.0,0,0.0,0.0,,0.0,normalDay
2022-03-04,7687.0,387.0,0.0,0,432.17,0.0,1,14.1,10.23,SPY220331P00423000,423.0,0,0.0,0.0,,0.0,normalDay
2022-03-07,7687.0,-213.0,0.0,0,419.43,0.0,1,14.1,16.23,SPY220331P00423000,423.0,0,0.0,0.0,,0.0,normalDay
2022-03-08,7687.0,-317.0,0.0,0,416.25,0.0,1,14.1,17.27,SPY220331P00423000,423.0,0,0.0,0.0,,0.0,normalDay
2022-03-09,7687.0,366.0,0.0,0,427.41,0.0,1,14.1,10.44,SPY220331P00423000,423.0,0,0.0,0.0,,0.0,normalDay
2022-03-10,7687.0,352.0,0.0,0,425.48,0.0,1,14.1,10.58,SPY220331P00423000,423.0,0,0.0,0.0,,0.0,normalDay
2022-03-11,7687.0,128.0,0.0,0,420.07,0.0,1,14.1,12.82,SPY220331P00423000,423.0,0,0.0,0.0,,0.0,normalDay
2022-03-14,7687.0,20.0,0.0,0,417.0,0.0,1,14.1,13.9,SPY220331P00423000,423.0,0,0.0,0.0,,0.0,normalDay
2022-03-15,7687.0,482.0,0.0,0,426.17,0.0,1,14.1,9.28,SPY220331P00423000,423.0,0,0.0,0.0,,0.0,normalDay
2022-03-16,7687.0,926.0,0.0,0,435.62,0.0,1,14.1,4.84,SPY220331P00423000,423.0,0,0.0,0.0,,0.0,normalDay
2022-03-17,7687.0,1095.0,0.0,0,441.07,0.0,1,14.1,3.15,SPY220331P00423000,423.0,0,0.0,0.0,,0.0,normalDay
2022-03-18,7687.0,1219.0,0.0,0,444.52,0.0,1,14.1,1.91,SPY220331P00423000,423.0,0,0.0,0.0,,0.0,normalDay
2022-03-21,7687.0,1284.0,0.0,0,444.39,0.0,1,14.1,1.26,SPY220331P00423000,423.0,0,0.0,0.0,,0.0,normalDay
2022-03-22,7687.0,1329.0,0.0,0,449.59,0.0,1,14.1,0.81,SPY220331P00423000,423.0,0,0.0,0.0,,0.0,normalDay
2022-03-23,7687.0,1312.0,0.0,0,443.8,0.0,1,14.1,0.98,SPY220331P00423000,423.0,0,0.0,0.0,,0.0,normalDay
2022-03-24,7687.0,1377.0,0.0,0,450.49,0.0,1,14.1,0.33,SPY220331P00423000,423.0,0,0.0,0.0,,0.0,normalDay
2022-03-25,7687.0,1395.0,0.0,0,452.69,0.0,1,14.1,0.15,SPY220331P00423000,423.0,0,0.0,0.0,,0.0,normalDay
2022-03-28,7687.0,1406.0,0.0,0,455.91,0.0,1,14.1,0.04,SPY220331P00423000,423.0,0,0.0,0.0,,0.0,normalDay
2022-03-29,7687.0,1407.0,0.0,0,461.55,0.0,1,14.1,0.03,SPY220331P00423000,423.0,0,0.0,0.0,,0.0,normalDay
2022-03-30,7687.0,1408.0,0.0,0,458.7,0.0,1,14.1,0.02,SPY220331P00423000,423.0,0,0.0,0.0,,0.0,normalDay
2022-03-31,9097.0,0.0,1410.0,0,451.64,0.0,1,14.1,0.0,SPY220331P00423000,423.0,0,0.0,0.0,,0.0,expirationDay
2022-04-01,9097.0,-51.0,0.0,0,452.92,0.0,1,11.39,11.9,SPY220930P00399000,399.0,0,0.0,0.0,,0.0,normalDay
2022-04-04,9097.0,72.0,0.0,0,456.8,0.0,1,11.39,10.67,SPY220930P00399000,399.0,0,0.0,0.0,,0.0,normalDay
2022-04-05,9097.0,-121.0,0.0,0,451.03,0.0,1,11.39,12.6,SPY220930P00399000,399.0,0,0.0,0.0,,0.0,normalDay
2022-04-06,9097.0,-197.0,0.0,0,446.52,0.0,1,11.39,13.36,SPY220930P00399000,399.0,0,0.0,0.0,,0.0,normalDay
2022-04-07,9097.0,-142.0,0.0,0,448.77,0.0,1,11.39,12.81,SPY220930P00399000,399.0,0,0.0,0.0,,0.0,normalDay
2022-04-08,9097.0,-142.0,0.0,0,447.57,0.0,1,11.39,12.81,SPY220930P00399000,399.0,0,0.0,0.0,,0.0,normalDay
2022-04-11,9097.0,-334.0,0.0,0,439.92,0.0,1,11.39,14.73,SPY220930P00399000,399.0,0,0.0,0.0,,0.0,normalDay
2022-04-12,9097.0,-368.0,0.0,0,438.29,0.0,1,11.39,15.07,SPY220930P00399000,399.0,0,0.0,0.0,,0.0,normalDay
2022-04-13,9097.0,-182.0,0.0,0,443.31,0.0,1,11.39,13.21,SPY220930P00399000,399.0,0,0.0,0.0,,0.0,normalDay
2022-04-14,9097.0,-316.0,0.0,0,437.79,0.0,1,11.39,14.55,SPY220930P00399000,399.0,0,0.0,0.0,,0.0,normalDay
2022-04-18,9097.0,-238.0,0.0,0,437.97,0.0,1,11.39,13.77,SPY220930P00399000,399.0,0,0.0,0.0,,0.0,normalDay
2022-04-19,9097.0,-123.0,0.0,0,445.04,0.0,1,11.39,12.62,SPY220930P00399000,399.0,0,0.0,0.0,,0.0,normalDay
2022-04-20,9097.0,-38.0,0.0,0,444.71,0.0,1,11.39,11.77,SPY220930P00399000,399.0,0,0.0,0.0,,0.0,normalDay
2022-04-21,9097.0,-256.0,0.0,0,438.06,0.0,1,11.39,13.95,SPY220930P00399000,399.0,0,0.0,0.0,,0.0,normalDay
2022-04-22,9097.0,-692.0,0.0,0,426.04,0.0,1,11.39,18.31,SPY220930P00399000,399.0,0,0.0,0.0,,0.0,normalDay
2022-04-25,9097.0,-540.0,0.0,0,428.51,0.0,1,11.39,16.79,SPY220930P00399000,399.0,0,0.0,0.0,,0.0,normalDay
2022-04-26,9097.0,-1087.0,0.0,0,416.1,0.0,1,11.39,22.26,SPY220930P00399000,399.0,0,0.0,0.0,,0.0,normalDay
2022-04-27,9097.0,-910.0,0.0,0,417.27,0.0,1,11.39,20.49,SPY220930P00399000,399.0,0,0.0,0.0,,0.0,normalDay
2022-04-28,9097.0,-641.0,0.0,0,427.81,0.0,1,11.39,17.8,SPY220930P00399000,399.0,0,0.0,0.0,,0.0,normalDay
2022-04-29,9097.0,-1082.0,0.0,0,412.0,0.0,1,11.39,22.21,SPY220930P00399000,399.0,0,0.0,0.0,,0.0,normalDay
2022-05-02,9097.0,-960.0,0.0,0,414.48,0.0,1,11.39,20.99,SPY220930P00399000,399.0,0,0.0,0.0,,0.0,normalDay
2022-05-03,9097.0,-793.0,0.0,0,416.38,0.0,1,11.39,19.32,SPY220930P00399000,399.0,0,0.0,0.0,,0.0,normalDay
2022-05-04,9097.0,-384.0,0.0,0,429.06,0.0,1,11.39,15.23,SPY220930P00399000,399.0,0,0.0,0.0,,0.0,normalDay
2022-05-05,9097.0,-994.0,0.0,0,413.81,0.0,1,11.39,21.33,SPY220930P00399000,399.0,0,0.0,0.0,,0.0,normalDay
2022-05-06,9097.0,-1086.0,0.0,0,411.34,0.0,1,11.39,22.25,SPY220930P00399000,399.0,0,0.0,0.0,,0.0,normalDay
2022-05-09,9097.0,-1601.0,0.0,0,398.17,0.0,1,11.39,27.4,SPY220930P00399000,399.0,0,0.0,0.0,,0.0,normalDay
2022-05-10,9097.0,-1532.0,0.0,0,399.09,0.0,1,11.39,26.71,SPY220930P00399000,399.0,0,0.0,0.0,,0.0,normalDay
2022-05-11,9097.0,-1785.0,0.0,0,392.75,0.0,1,11.39,29.24,SPY220930P00399000,399.0,0,0.0,0.0,,0.0,normalDay
2022-05-12,9097.0,-1781.0,0.0,0,392.34,0.0,1,11.39,29.2,SPY220930P00399000,399.0,0,0.0,0.0,,0.0,normalDay
2022-05-13,9097.0,-1309.0,0.0,0,401.72,0.0,1,11.39,24.48,SPY220930P00399000,399.0,0,0.0,0.0,,0.0,normalDay
2022-05-16,9097.0,-1311.0,0.0,0,400.09,0.0,1,11.39,24.5,SPY220930P00399000,399.0,0,0.0,0.0,,0.0,normalDay
2022-05-17,9097.0,-919.0,0.0,0,408.32,0.0,1,11.39,20.58,SPY220930P00399000,399.0,0,0.0,0.0,,0.0,normalDay
2022-05-18,9097.0,-1785.0,0.0,0,391.86,0.0,1,11.39,29.24,SPY220930P00399000,399.0,0,0.0,0.0,,0.0,normalDay
2022-05-19,9097.0,-1773.0,0.0,0,389.46,0.0,1,11.39,29.12,SPY220930P00399000,399.0,0,0.0,0.0,,0.0,normalDay
2022-05-20,9097.0,-1755.0,0.0,0,389.63,0.0,1,11.39,28.94,SPY220930P00399000,399.0,0,0.0,0.0,,0.0,normalDay
2022-05-23,9097.0,-1355.0,0.0,0,396.92,0.0,1,11.39,24.94,SPY220930P00399000,399.0,0,0.0,0.0,,0.0,normalDay
2022-05-24,9097.0,-1496.0,0.0,0,393.89,0.0,1,11.39,26.35,SPY220930P00399000,399.0,0,0.0,0.0,,0.0,normalDay
2022-05-25,9097.0,-1328.0,0.0,0,397.37,0.0,1,11.39,24.67,SPY220930P00399000,399.0,0,0.0,0.0,,0.0,normalDay
2022-05-26,9097.0,-1004.0,0.0,0,405.31,0.0,1,11.39,21.43,SPY220930P00399000,399.0,0,0.0,0.0,,0.0,normalDay
2022-05-27,9097.0,-577.0,0.0,0,415.26,0.0,1,11.39,17.16,SPY220930P00399000,399.0,0,0.0,0.0,,0.0,normalDay
2022-05-31,9097.0,-642.0,0.0,0,412.93,0.0,1,11.39,17.81,SPY220930P00399000,399.0,0,0.0,0.0,,0.0,normalDay
2022-06-01,9097.0,-722.0,0.0,0,409.59,0.0,1,11.39,18.61,SPY220930P00399000,399.0,0,0.0,0.0,,0.0,normalDay
2022-06-02,9097.0,-418.0,0.0,0,417.39,0.0,1,11.39,15.57,SPY220930P00399000,399.0,0,0.0,0.0,,0.0,normalDay
2022-06-03,9097.0,-647.0,0.0,0,410.54,0.0,1,11.39,17.86,SPY220930P00399000,399.0,0,0.0,0.0,,0.0,normalDay
2022-06-06,9097.0,-575.0,0.0,0,411.79,0.0,1,11.39,17.14,SPY220930P00399000,399.0,0,0.0,0.0,,0.0,normalDay
2022-06-07,9097.0,-421.0,0.0,0,415.74,0.0,1,11.39,15.6,SPY220930P00399000,399.0,0,0.0,0.0,,0.0,normalDay
2022-06-08,9097.0,-543.0,0.0,0,411.22,0.0,1,11.39,16.82,SPY220930P00399000,399.0,0,0.0,0.0,,0.0,normalDay
2022-06-09,9097.0,-952.0,0.0,0,401.44,0.0,1,11.39,20.91,SPY220930P00399000,399.0,0,0.0,0.0,,0.0,normalDay
2022-06-10,9097.0,-1512.0,0.0,0,389.8,0.0,1,11.39,26.51,SPY220930P00399000,399.0,0,0.0,0.0,,0.0,normalDay
2022-06-13,9097.0,-2496.0,0.0,0,375.0,0.0,1,11.39,36.35,SPY220930P00399000,399.0,0,0.0,0.0,,0.0,normalDay
2022-06-14,9097.0,-2538.0,0.0,0,373.87,0.0,1,11.39,36.77,SPY220930P00399000,399.0,0,0.0,0.0,,0.0,normalDay
2022-06-15,9097.0,-2071.0,0.0,0,379.2,0.0,1,11.39,32.1,SPY220930P00399000,399.0,0,0.0,0.0,,0.0,normalDay
2022-06-16,9097.0,-2905.0,0.0,0,366.65,0.0,1,11.39,40.44,SPY220930P00399000,399.0,0,0.0,0.0,,0.0,normalDay
2022-06-17,9097.0,-2782.0,0.0,0,365.86,0.0,1,11.39,39.21,SPY220930P00399000,399.0,0,0.0,0.0,,0.0,normalDay
2022-06-21,9097.0,-2159.0,0.0,0,375.07,0.0,1,11.39,32.98,SPY220930P00399000,399.0,0,0.0,0.0,,0.0,normalDay
2022-06-22,9097.0,-2140.0,0.0,0,374.39,0.0,1,11.39,32.79,SPY220930P00399000,399.0,0,0.0,0.0,,0.0,normalDay
2022-06-23,9097.0,-1992.0,0.0,0,378.06,0.0,1,11.39,31.31,SPY220930P00399000,399.0,0,0.0,0.0,,0.0,normalDay
2022-06-24,9097.0,-1271.0,0.0,0,390.08,0.0,1,11.39,24.1,SPY220930P00399000,399.0,0,0.0,0.0,,0.0,normalDay
2022-06-27,9097.0,-1202.0,0.0,0,388.59,0.0,1,11.39,23.41,SPY220930P00399000,399.0,0,0.0,0.0,,0.0,normalDay
2022-06-28,9097.0,-1678.0,0.0,0,380.65,0.0,1,11.39,28.17,SPY220930P00399000,399.0,0,0.0,0.0,,0.0,normalDay
2022-06-29,9097.0,-1661.0,0.0,0,380.34,0.0,1,11.39,28.0,SPY220930P00399000,399.0,0,0.0,0.0,,0.0,normalDay
2022-06-30,9097.0,-1960.0,0.0,0,377.25,0.0,1,11.39,30.99,SPY220930P00399000,399.0,0,0.0,0.0,,0.0,normalDay
2022-07-01,9097.0,-1641.0,0.0,0,381.24,0.0,1,11.39,27.8,SPY220930P00399000,399.0,0,0.0,0.0,,0.0,normalDay
2022-07-05,9097.0,-1586.0,0.0,0,381.96,0.0,1,11.39,27.25,SPY220930P00399000,399.0,0,0.0,0.0,,0.0,normalDay
2022-07-06,9097.0,-1440.0,0.0,0,383.25,0.0,1,11.39,25.79,SPY220930P00399000,399.0,0,0.0,0.0,,0.0,normalDay
2022-07-07,9097.0,-1126.0,0.0,0,388.99,0.0,1,11.39,22.65,SPY220930P00399000,399.0,0,0.0,0.0,,0.0,normalDay
2022-07-08,9097.0,-1061.0,0.0,0,388.67,0.0,1,11.39,22.0,SPY220930P00399000,399.0,0,0.0,0.0,,0.0,normalDay
2022-07-11,9097.0,-1302.0,0.0,0,384.23,0.0,1,11.39,24.41,SPY220930P00399000,399.0,0,0.0,0.0,,0.0,normalDay
2022-07-12,9097.0,-1546.0,0.0,0,380.83,0.0,1,11.39,26.85,SPY220930P00399000,399.0,0,0.0,0.0,,0.0,normalDay
2022-07-13,9097.0,-1651.0,0.0,0,378.83,0.0,1,11.39,27.9,SPY220930P00399000,399.0,0,0.0,0.0,,0.0,normalDay
2022-07-14,9097.0,-1664.0,0.0,0,377.91,0.0,1,11.39,28.03,SPY220930P00399000,399.0,0,0.0,0.0,,0.0,normalDay
2022-07-15,9097.0,-1151.0,0.0,0,385.13,0.0,1,11.39,22.9,SPY220930P00399000,399.0,0,0.0,0.0,,0.0,normalDay
2022-07-18,9097.0,-1323.0,0.0,0,381.95,0.0,1,11.39,24.62,SPY220930P00399000,399.0,0,0.0,0.0,,0.0,normalDay
2022-07-19,9097.0,-734.0,0.0,0,392.27,0.0,1,11.39,18.73,SPY220930P00399000,399.0,0,0.0,0.0,,0.0,normalDay
2022-07-20,9097.0,-599.0,0.0,0,394.77,0.0,1,11.39,17.38,SPY220930P00399000,399.0,0,0.0,0.0,,0.0,normalDay
2022-07-21,9097.0,-402.0,0.0,0,398.79,0.0,1,11.39,15.41,SPY220930P00399000,399.0,0,0.0,0.0,,0.0,normalDay
2022-07-22,9097.0,-560.0,0.0,0,395.09,0.0,1,11.39,16.99,SPY220930P00399000,399.0,0,0.0,0.0,,0.0,normalDay
2022-07-25,9097.0,-458.0,0.0,0,395.57,0.0,1,11.39,15.97,SPY220930P00399000,399.0,0,0.0,0.0,,0.0,normalDay
2022-07-26,9097.0,-687.0,0.0,0,390.89,0.0,1,11.39,18.26,SPY220930P00399000,399.0,0,0.0,0.0,,0.0,normalDay
2022-07-27,9097.0,-246.0,0.0,0,401.04,0.0,1,11.39,13.85,SPY220930P00399000,399.0,0,0.0,0.0,,0.0,normalDay
2022-07-28,9097.0,63.0,0.0,0,406.07,0.0,1,11.39,10.76,SPY220930P00399000,399.0,0,0.0,0.0,,0.0,normalDay
2022-07-29,9097.0,237.0,0.0,0,411.99,0.0,1,11.39,9.02,SPY220930P00399000,399.0,0,0.0,0.0,,0.0,normalDay
2022-08-01,9097.0,163.0,0.0,0,410.77,0.0,1,11.39,9.76,SPY220930P00399000,399.0,0,0.0,0.0,,0.0,normalDay
2022-08-02,9097.0,15.0,0.0,0,408.06,0.0,1,11.39,11.24,SPY220930P00399000,399.0,0,0.0,0.0,,0.0,normalDay
2022-08-03,9097.0,292.0,0.0,0,414.45,0.0,1,11.39,8.47,SPY220930P00399000,399.0,0,0.0,0.0,,0.0,normalDay
2022-08-04,9097.0,315.0,0.0,0,414.17,0.0,1,11.39,8.24,SPY220930P00399000,399.0,0,0.0,0.0,,0.0,normalDay
2022-08-05,9097.0,304.0,0.0,0,413.47,0.0,1,11.39,8.35,SPY220930P00399000,399.0,0,0.0,0.0,,0.0,normalDay
2022-08-08,9097.0,328.0,0.0,0,412.99,0.0,1,11.39,8.11,SPY220930P00399000,399.0,0,0.0,0.0,,0.0,normalDay
2022-08-09,9097.0,286.0,0.0,0,411.35,0.0,1,11.39,8.53,SPY220930P00399000,399.0,0,0.0,0.0,,0.0,normalDay
2022-08-10,9097.0,563.0,0.0,0,419.99,0.0,1,11.39,5.76,SPY220930P00399000,399.0,0,0.0,0.0,,0.0,normalDay
2022-08-11,9097.0,581.0,0.0,0,419.99,0.0,1,11.39,5.58,SPY220930P00399000,399.0,0,0.0,0.0,,0.0,normalDay
2022-08-12,9097.0,724.0,0.0,0,427.1,0.0,1,11.39,4.15,SPY220930P00399000,399.0,0,0.0,0.0,,0.0,normalDay
2022-08-15,9097.0,773.0,0.0,0,428.86,0.0,1,11.39,3.66,SPY220930P00399000,399.0,0,0.0,0.0,,0.0,normalDay
2022-08-16,9097.0,794.0,0.0,0,429.7,0.0,1,11.39,3.45,SPY220930P00399000,399.0,0,0.0,0.0,,0.0,normalDay
2022-08-17,9097.0,750.0,0.0,0,426.65,0.0,1,11.39,3.89,SPY220930P00399000,399.0,0,0.0,0.0,,0.0,normalDay
2022-08-18,9097.0,798.0,0.0,0,427.89,0.0,1,11.39,3.41,SPY220930P00399000,399.0,0,0.0,0.0,,0.0,normalDay
2022-08-19,9097.0,687.0,0.0,0,422.14,0.0,1,11.39,4.52,SPY220930P00399000,399.0,0,0.0,0.0,,0.0,normalDay
2022-08-22,9097.0,450.0,0.0,0,413.35,0.0,1,11.39,6.89,SPY220930P00399000,399.0,0,0.0,0.0,,0.0,normalDay
2022-08-23,9097.0,423.0,0.0,0,412.35,0.0,1,11.39,7.16,SPY220930P00399000,399.0,0,0.0,0.0,,0.0,normalDay
2022-08-24,9097.0,523.0,0.0,0,413.67,0.0,1,11.39,6.16,SPY220930P00399000,399.0,0,0.0,0.0,,0.0,normalDay
2022-08-25,9097.0,693.0,0.0,0,419.51,0.0,1,11.39,4.46,SPY220930P00399000,399.0,0,0.0,0.0,,0.0,normalDay
2022-08-26,9097.0,205.0,0.0,0,405.31,0.0,1,11.39,9.34,SPY220930P00399000,399.0,0,0.0,0.0,,0.0,normalDay
2022-08-29,9097.0,136.0,0.0,0,402.63,0.0,1,11.39,10.03,SPY220930P00399000,399.0,0,0.0,0.0,,0.0,normalDay
2022-08-30,9097.0,-38.0,0.0,0,398.21,0.0,1,11.39,11.77,SPY220930P00399000,399.0,0,0.0,0.0,,0.0,normalDay
2022-08-31,9097.0,-142.0,0.0,0,395.18,0.0,1,11.39,12.81,SPY220930P00399000,399.0,0,0.0,0.0,,0.0,normalDay
2022-09-01,9097.0,-43.0,0.0,0,396.42,0.0,1,11.39,11.82,SPY220930P00399000,399.0,0,0.0,0.0,,0.0,normalDay
2022-09-02,9097.0,-234.0,0.0,0,392.24,0.0,1,11.39,13.73,SPY220930P00399000,399.0,0,0.0,0.0,,0.0,normalDay
2022-09-06,9097.0,-362.0,0.0,0,390.76,0.0,1,11.39,15.01,SPY220930P00399000,399.0,0,0.0,0.0,,0.0,normalDay
2022-09-07,9097.0,111.0,0.0,0,397.78,0.0,1,11.39,10.28,SPY220930P00399000,399.0,0,0.0,0.0,,0.0,normalDay
2022-09-08,9097.0,317.0,0.0,0,400.38,0.0,1,11.39,8.22,SPY220930P00399000,399.0,0,0.0,0.0,,0.0,normalDay
2022-09-09,9097.0,567.0,0.0,0,406.6,0.0,1,11.39,5.72,SPY220930P00399000,399.0,0,0.0,0.0,,0.0,normalDay
2022-09-12,9097.0,722.0,0.0,0,410.97,0.0,1,11.39,4.17,SPY220930P00399000,399.0,0,0.0,0.0,,0.0,normalDay
2022-09-13,9097.0,-38.0,0.0,0,393.1,0.0,1,11.39,11.77,SPY220930P00399000,399.0,0,0.0,0.0,,0.0,normalDay
2022-09-14,9097.0,53.0,0.0,0,394.6,0.0,1,11.39,10.86,SPY220930P00399000,399.0,0,0.0,0.0,,0.0,normalDay
2022-09-15,9097.0,-152.0,0.0,0,390.12,0.0,1,11.39,12.91,SPY220930P00399000,399.0,0,0.0,0.0,,0.0,normalDay
2022-09-16,9097.0,-365.0,0.0,0,385.56,0.0,1,11.39,15.04,SPY220930P00399000,399.0,0,0.0,0.0,,0.0,normalDay
2022-09-19,9097.0,-143.0,0.0,0,388.55,0.0,1,11.39,12.82,SPY220930P00399000,399.0,0,0.0,0.0,,0.0,normalDay
2022-09-20,9097.0,-460.0,0.0,0,384.09,0.0,1,11.39,15.99,SPY220930P00399000,399.0,0,0.0,0.0,,0.0,normalDay
2022-09-21,9097.0,-1082.0,0.0,0,377.39,0.0,1,11.39,22.21,SPY220930P00399000,399.0,0,0.0,0.0,,0.0,normalDay
2022-09-22,9097.0,-1329.0,0.0,0,374.22,0.0,1,11.39,24.68,SPY220930P00399000,399.0,0,0.0,0.0,,0.0,normalDay
2022-09-23,9097.0,-2014.0,0.0,0,367.95,0.0,1,11.39,31.53,SPY220930P00399000,399.0,0,0.0,0.0,,0.0,normalDay
2022-09-26,9097.0,-2405.0,0.0,0,364.31,0.0,1,11.39,35.44,SPY220930P00399000,399.0,0,0.0,0.0,,0.0,normalDay
2022-09-27,9097.0,-2441.0,0.0,0,363.38,0.0,1,11.39,35.8,SPY220930P00399000,399.0,0,0.0,0.0,,0.0,normalDay
2022-09-28,9097.0,-1728.0,0.0,0,370.53,0.0,1,11.39,28.67,SPY220930P00399000,399.0,0,0.0,0.0,,0.0,normalDay
2022-09-29,9097.0,-2481.0,0.0,0,362.79,0.0,1,11.39,36.2,SPY220930P00399000,399.0,0,0.0,0.0,,0.0,normalDay
2022-09-30,10236.0,-4182.0,1139.0,100,357.18,399.0,1,11.39,0.0,SPY220930P00399000,399.0,0,0.0,0.0,,0.0,expirationDay
2022-10-03,10236.0,-3741.0,0.0,100,366.61,399.0,0,0.0,0.0,,0.0,1,9.48,14.5,SPY230929C00435000,435.0,normalDay
2022-10-04,10236.0,-3208.0,0.0,100,377.97,399.0,0,0.0,0.0,,0.0,1,9.48,20.53,SPY230929C00435000,435.0,normalDay
2022-10-05,10236.0,-3043.0,0.0,100,377.09,399.0,0,0.0,0.0,,0.0,1,9.48,18.0,SPY230929C00435000,435.0,normalDay
2022-10-06,10236.0,-3332.0,0.0,100,373.2,399.0,0,0.0,0.0,,0.0,1,9.48,17.0,SPY230929C00435000,435.0,normalDay
2022-10-07,10236.0,-4273.0,0.0,100,362.79,399.0,0,0.0,0.0,,0.0,1,9.48,16.0,SPY230929C00435000,435.0,normalDay
2022-10-10,10236.0,-4290.0,0.0,100,360.02,399.0,0,0.0,0.0,,0.0,1,9.48,13.4,SPY230929C00435000,435.0,normalDay
2022-10-11,10236.0,-4345.0,0.0,100,357.74,399.0,0,0.0,0.0,,0.0,1,9.48,11.67,SPY230929C00435000,435.0,normalDay
2022-10-12,10236.0,-4546.0,0.0,100,356.56,399.0,0,0.0,0.0,,0.0,1,9.48,12.5,SPY230929C00435000,435.0,normalDay
2022-10-13,10236.0,-3892.0,0.0,100,365.97,399.0,0,0.0,0.0,,0.0,1,9.48,15.37,SPY230929C00435000,435.0,normalDay
2022-10-14,10236.0,-4489.0,0.0,100,357.63,399.0,0,0.0,0.0,,0.0,1,9.48,13.0,SPY230929C00435000,435.0,normalDay
2022-10-17,10236.0,-3768.0,0.0,100,366.82,399.0,0,0.0,0.0,,0.0,1,9.48,14.98,SPY230929C00435000,435.0,normalDay
2022-10-18,10236.0,-3483.0,0.0,100,371.13,399.0,0,0.0,0.0,,0.0,1,9.48,16.44,SPY230929C00435000,435.0,normalDay
2022-10-19,10236.0,-3682.0,0.0,100,368.5,399.0,0,0.0,0.0,,0.0,1,9.48,15.8,SPY230929C00435000,435.0,normalDay
2022-10-20,10236.0,-3855.0,0.0,100,365.41,399.0,0,0.0,0.0,,0.0,1,9.48,14.44,SPY230929C00435000,435.0,normalDay
2022-10-21,10236.0,-3265.0,0.0,100,374.29,399.0,0,0.0,0.0,,0.0,1,9.48,17.42,SPY230929C00435000,435.0,normalDay
2022-10-24,10236.0,-2962.0,0.0,100,378.87,399.0,0,0.0,0.0,,0.0,1,9.48,18.97,SPY230929C00435000,435.0,normalDay
2022-10-25,10236.0,-2400.0,0.0,100,384.92,399.0,0,0.0,0.0,,0.0,1,9.48,19.4,SPY230929C00435000,435.0,normalDay
2022-10-26,10236.0,-2800.0,0.0,100,382.02,399.0,0,0.0,0.0,,0.0,1,9.48,20.5,SPY230929C00435000,435.0,normalDay
2022-10-27,10236.0,-2585.0,0.0,100,379.98,399.0,0,0.0,0.0,,0.0,1,9.48,16.31,SPY230929C00435000,435.0,normalDay
2022-10-28,10236.0,-2075.0,0.0,100,389.02,399.0,0,0.0,0.0,,0.0,1,9.48,20.25,SPY230929C00435000,435.0,normalDay
2022-10-31,10236.0,-2222.0,0.0,100,386.21,399.0,0,0.0,0.0,,0.0,1,9.48,18.91,SPY230929C00435000,435.0,normalDay
2022-11-01,10236.0,-2300.0,0.0,100,384.52,399.0,0,0.0,0.0,,0.0,1,9.48,18.0,SPY230929C00435000,435.0,normalDay
2022-11-02,10236.0,-2994.0,0.0,100,374.87,399.0,0,0.0,0.0,,0.0,1,9.48,15.29,SPY230929C00435000,435.0,normalDay
2022-11-03,10236.0,-3147.0,0.0,100,371.01,399.0,0,0.0,0.0,,0.0,1,9.48,12.96,SPY230929C00435000,435.0,normalDay
2022-11-04,10236.0,-2796.0,0.0,100,376.35,399.0,0,0.0,0.0,,0.0,1,9.48,14.79,SPY230929C00435000,435.0,normalDay
2022-11-07,10236.0,-2533.0,0.0,100,379.95,399.0,0,0.0,0.0,,0.0,1,9.48,15.76,SPY230929C00435000,435.0,normalDay
2022-11-08,10236.0,-2383.0,0.0,100,382.0,399.0,0,0.0,0.0,,0.0,1,9.48,16.31,SPY230929C00435000,435.0,normalDay
2022-11-09,10236.0,-2910.0,0.0,100,374.13,399.0,0,0.0,0.0,,0.0,1,9.48,13.71,SPY230929C00435000,435.0,normalDay
2022-11-10,10236.0,-1634.0,0.0,100,394.69,399.0,0,0.0,0.0,,0.0,1,9.48,21.51,SPY230929C00435000,435.0,normalDay
2022-11-11,10236.0,-1366.0,0.0,100,398.51,399.0,0,0.0,0.0,,0.0,1,9.48,22.65,SPY230929C00435000,435.0,normalDay
2022-11-14,10236.0,-1579.0,0.0,100,395.12,399.0,0,0.0,0.0,,0.0,1,9.48,21.39,SPY230929C00435000,435.0,normalDay
2022-11-15,10236.0,-1361.0,0.0,100,398.49,399.0,0,0.0,0.0,,0.0,1,9.48,22.58,SPY230929C00435000,435.0,normalDay
2022-11-16,10236.0,-1489.0,0.0,100,395.45,399.0,0,0.0,0.0,,0.0,1,9.48,20.82,SPY230929C00435000,435.0,normalDay
2022-11-17,10236.0,-1517.0,0.0,100,394.24,399.0,0,0.0,0.0,,0.0,1,9.48,19.89,SPY230929C00435000,435.0,normalDay
2022-11-18,10236.0,-1419.0,0.0,100,396.03,399.0,0,0.0,0.0,,0.0,1,9.48,20.7,SPY230929C00435000,435.0,normalDay
2022-11-21,10236.0,-1442.0,0.0,100,394.59,399.0,0,0.0,0.0,,0.0,1,9.48,19.49,SPY230929C00435000,435.0,normalDay
2022-11-22,10236.0,-1099.0,0.0,100,399.9,399.0,0,0.0,0.0,,0.0,1,9.48,21.37,SPY230929C00435000,435.0,normalDay
2022-11-23,10236.0,-899.0,0.0,100,402.42,399.0,0,0.0,0.0,,0.0,1,9.48,21.89,SPY230929C00435000,435.0,normalDay
2022-11-25,10236.0,-931.0,0.0,100,402.33,399.0,0,0.0,0.0,,0.0,1,9.48,22.12,SPY230929C00435000,435.0,normalDay
2022-11-28,10236.0,-1298.0,0.0,100,395.91,399.0,0,0.0,0.0,,0.0,1,9.48,19.37,SPY230929C00435000,435.0,normalDay
2022-11-29,10236.0,-1305.0,0.0,100,395.23,399.0,0,0.0,0.0,,0.0,1,9.48,18.76,SPY230929C00435000,435.0,normalDay
2022-11-30,10236.0,-782.0,0.0,100,407.68,399.0,0,0.0,0.0,,0.0,1,9.48,25.98,SPY230929C00435000,435.0,normalDay
2022-12-01,10236.0,-550.0,0.0,100,407.38,399.0,0,0.0,0.0,,0.0,1,9.48,23.36,SPY230929C00435000,435.0,normalDay
2022-12-02,10236.0,-522.0,0.0,100,406.91,399.0,0,0.0,0.0,,0.0,1,9.48,22.61,SPY230929C00435000,435.0,normalDay
2022-12-05,10236.0,-929.0,0.0,100,399.59,399.0,0,0.0,0.0,,0.0,1,9.48,19.36,SPY230929C00435000,435.0,normalDay
2022-12-06,10236.0,-1260.0,0.0,100,393.83,399.0,0,0.0,0.0,,0.0,1,9.48,16.91,SPY230929C00435000,435.0,normalDay
2022-12-07,10236.0,-1327.0,0.0,100,393.16,399.0,0,0.0,0.0,,0.0,1,9.48,16.91,SPY230929C00435000,435.0,normalDay
2022-12-08,10236.0,-1127.0,0.0,100,396.24,399.0,0,0.0,0.0,,0.0,1,9.48,17.99,SPY230929C00435000,435.0,normalDay
2022-12-09,10236.0,-1318.0,0.0,100,393.28,399.0,0,0.0,0.0,,0.0,1,9.48,16.94,SPY230929C00435000,435.0,normalDay
2022-12-12,10236.0,-996.0,0.0,100,398.95,399.0,0,0.0,0.0,,0.0,1,9.48,19.39,SPY230929C00435000,435.0,normalDay
2022-12-13,10236.0,-781.0,0.0,100,401.97,399.0,0,0.0,0.0,,0.0,1,9.48,20.26,SPY230929C00435000,435.0,normalDay
2022-12-14,10236.0,-945.0,0.0,100,399.4,399.0,0,0.0,0.0,,0.0,1,9.48,19.33,SPY230929C00435000,435.0,normalDay
2022-12-15,10236.0,-1478.0,0.0,100,389.63,399.0,0,0.0,0.0,,0.0,1,9.48,14.89,SPY230929C00435000,435.0,normalDay
2022-12-16,10236.0,-1934.0,0.0,100,383.27,399.0,0,0.0,0.0,,0.0,1,9.48,13.09,SPY230929C00435000,435.0,normalDay
2022-12-19,10236.0,-2120.0,0.0,100,380.02,399.0,0,0.0,0.0,,0.0,1,9.48,11.7,SPY230929C00435000,435.0,normalDay
2022-12-20,10236.0,-2053.0,0.0,100,380.54,399.0,0,0.0,0.0,,0.0,1,9.48,11.55,SPY230929C00435000,435.0,normalDay
2022-12-21,10236.0,-1632.0,0.0,100,386.23,399.0,0,0.0,0.0,,0.0,1,9.48,13.03,SPY230929C00435000,435.0,normalDay
2022-12-22,10236.0,-2021.0,0.0,100,380.72,399.0,0,0.0,0.0,,0.0,1,9.48,11.41,SPY230929C00435000,435.0,normalDay
2022-12-23,10236.0,-1842.0,0.0,100,382.91,399.0,0,0.0,0.0,,0.0,1,9.48,11.81,SPY230929C00435000,435.0,normalDay
2022-12-27,10236.0,-1945.0,0.0,100,381.4,399.0,0,0.0,0.0,,0.0,1,9.48,11.33,SPY230929C00435000,435.0,normalDay
2022-12-28,10236.0,-2261.0,0.0,100,376.66,399.0,0,0.0,0.0,,0.0,1,9.48,9.75,SPY230929C00435000,435.0,normalDay
2022-12-29,10236.0,-1756.0,0.0,100,383.44,399.0,0,0.0,0.0,,0.0,1,9.48,11.48,SPY230929C00435000,435.0,normalDay
2022-12-30,10236.0,-1843.0,0.0,100,382.43,399.0,0,0.0,0.0,,0.0,1,9.48,11.34,SPY230929C00435000,435.0,normalDay
2023-01-03,10236.0,-1890.0,0.0,100,380.82,399.0,0,0.0,0.0,,0.0,1,9.48,10.2,SPY230929C00435000,435.0,normalDay
2023-01-04,10236.0,-1660.0,0.0,100,383.76,399.0,0,0.0,0.0,,0.0,1,9.48,10.84,SPY230929C00435000,435.0,normalDay
2023-01-05,10236.0,-1940.0,0.0,100,379.38,399.0,0,0.0,0.0,,0.0,1,9.48,9.26,SPY230929C00435000,435.0,normalDay
2023-01-06,10236.0,-1295.0,0.0,100,388.08,399.0,0,0.0,0.0,,0.0,1,9.48,11.51,SPY230929C00435000,435.0,normalDay
2023-01-09,10236.0,-1293.0,0.0,100,387.86,399.0,0,0.0,0.0,,0.0,1,9.48,11.27,SPY230929C00435000,435.0,normalDay
2023-01-10,10236.0,-1053.0,0.0,100,390.58,399.0,0,0.0,0.0,,0.0,1,9.48,11.59,SPY230929C00435000,435.0,normalDay
2023-01-11,10236.0,-763.0,0.0,100,395.52,399.0,0,0.0,0.0,,0.0,1,9.48,13.63,SPY230929C00435000,435.0,normalDay
2023-01-12,10236.0,-564.0,0.0,100,396.96,399.0,0,0.0,0.0,,0.0,1,9.48,13.08,SPY230929C00435000,435.0,normalDay
2023-01-13,10236.0,-401.0,0.0,100,398.5,399.0,0,0.0,0.0,,0.0,1,9.48,12.99,SPY230929C00435000,435.0,normalDay
2023-01-17,10236.0,-418.0,0.0,100,397.77,399.0,0,0.0,0.0,,0.0,1,9.48,12.43,SPY230929C00435000,435.0,normalDay
2023-01-18,10236.0,-793.0,0.0,100,391.49,399.0,0,0.0,0.0,,0.0,1,9.48,9.9,SPY230929C00435000,435.0,normalDay
2023-01-19,10236.0,-956.0,0.0,100,388.64,399.0,0,0.0,0.0,,0.0,1,9.48,8.68,SPY230929C00435000,435.0,normalDay
2023-01-20,10236.0,-448.0,0.0,100,395.88,399.0,0,0.0,0.0,,0.0,1,9.48,10.84,SPY230929C00435000,435.0,normalDay
2023-01-23,10236.0,-122.0,0.0,100,400.63,399.0,0,0.0,0.0,,0.0,1,9.48,12.33,SPY230929C00435000,435.0,normalDay
2023-01-24,10236.0,-184.0,0.0,100,400.2,399.0,0,0.0,0.0,,0.0,1,9.48,12.52,SPY230929C00435000,435.0,normalDay
2023-01-25,10236.0,-39.0,0.0,100,400.35,399.0,0,0.0,0.0,,0.0,1,9.48,11.22,SPY230929C00435000,435.0,normalDay
2023-01-26,10236.0,224.0,0.0,100,404.75,399.0,0,0.0,0.0,,0.0,1,9.48,12.99,SPY230929C00435000,435.0,normalDay
2023-01-27,10236.0,275.0,0.0,100,405.68,399.0,0,0.0,0.0,,0.0,1,9.48,13.41,SPY230929C00435000,435.0,normalDay
2023-01-30,10236.0,-48.0,0.0,100,400.59,399.0,0,0.0,0.0,,0.0,1,9.48,11.55,SPY230929C00435000,435.0,normalDay
2023-01-31,10236.0,346.0,0.0,100,406.48,399.0,0,0.0,0.0,,0.0,1,9.48,13.5,SPY230929C00435000,435.0,normalDay
2023-02-01,10236.0,544.0,0.0,100,410.8,399.0,0,0.0,0.0,,0.0,1,9.48,15.84,SPY230929C00435000,435.0,normalDay
2023-02-02,10236.0,921.0,0.0,100,416.78,399.0,0,0.0,0.0,,0.0,1,9.48,18.05,SPY230929C00435000,435.0,normalDay
2023-02-03,10236.0,646.0,0.0,100,412.35,399.0,0,0.0,0.0,,0.0,1,9.48,16.37,SPY230929C00435000,435.0,normalDay
2023-02-06,10236.0,493.0,0.0,100,409.83,399.0,0,0.0,0.0,,0.0,1,9.48,15.38,SPY230929C00435000,435.0,normalDay
2023-02-07,10236.0,841.0,0.0,100,415.19,399.0,0,0.0,0.0,,0.0,1,9.48,17.26,SPY230929C00435000,435.0,normalDay
2023-02-08,10236.0,523.0,0.0,100,410.65,399.0,0,0.0,0.0,,0.0,1,9.48,15.9,SPY230929C00435000,435.0,normalDay
2023-02-09,10236.0,303.0,0.0,100,407.09,399.0,0,0.0,0.0,,0.0,1,9.48,14.54,SPY230929C00435000,435.0,normalDay
2023-02-10,10236.0,353.0,0.0,100,408.04,399.0,0,0.0,0.0,,0.0,1,9.48,14.99,SPY230929C00435000,435.0,normalDay
2023-02-13,10236.0,624.0,0.0,100,412.83,399.0,0,0.0,0.0,,0.0,1,9.48,17.07,SPY230929C00435000,435.0,normalDay
2023-02-14,10236.0,697.0,0.0,100,412.64,399.0,0,0.0,0.0,,0.0,1,9.48,16.15,SPY230929C00435000,435.0,normalDay
2023-02-15,10236.0,774.0,0.0,100,413.98,399.0,0,0.0,0.0,,0.0,1,9.48,16.72,SPY230929C00435000,435.0,normalDay
2023-02-16,10236.0,452.0,0.0,100,408.28,399.0,0,0.0,0.0,,0.0,1,9.48,14.24,SPY230929C00435000,435.0,normalDay
2023-02-17,10236.0,404.0,0.0,100,407.26,399.0,0,0.0,0.0,,0.0,1,9.48,13.7,SPY230929C00435000,435.0,normalDay
2023-02-21,10236.0,-126.0,0.0,100,399.09,399.0,0,0.0,0.0,,0.0,1,9.48,10.83,SPY230929C00435000,435.0,normalDay
2023-02-22,10236.0,-124.0,0.0,100,398.54,399.0,0,0.0,0.0,,0.0,1,9.48,10.26,SPY230929C00435000,435.0,normalDay
2023-02-23,10236.0,77.0,0.0,100,400.66,399.0,0,0.0,0.0,,0.0,1,9.48,10.37,SPY230929C00435000,435.0,normalDay
2023-02-24,10236.0,-232.0,0.0,100,396.38,399.0,0,0.0,0.0,,0.0,1,9.48,9.18,SPY230929C00435000,435.0,normalDay
2023-02-27,10236.0,-105.0,0.0,100,397.73,399.0,0,0.0,0.0,,0.0,1,9.48,9.26,SPY230929C00435000,435.0,normalDay
2023-02-28,10236.0,-148.0,0.0,100,396.26,399.0,0,0.0,0.0,,0.0,1,9.48,8.22,SPY230929C00435000,435.0,normalDay
2023-03-01,10236.0,-274.0,0.0,100,394.74,399.0,0,0.0,0.0,,0.0,1,9.48,7.96,SPY230929C00435000,435.0,normalDay
2023-03-02,10236.0,-48.0,0.0,100,397.81,399.0,0,0.0,0.0,,0.0,1,9.48,8.77,SPY230929C00435000,435.0,normalDay
2023-03-03,10236.0,353.0,0.0,100,404.19,399.0,0,0.0,0.0,,0.0,1,9.48,11.14,SPY230929C00435000,435.0,normalDay
2023-03-06,10236.0,395.0,0.0,100,404.47,399.0,0,0.0,0.0,,0.0,1,9.48,11.0,SPY230929C00435000,435.0,normalDay
2023-03-07,10236.0,-6.0,0.0,100,398.27,399.0,0,0.0,0.0,,0.0,1,9.48,8.81,SPY230929C00435000,435.0,normalDay
2023-03-08,10236.0,68.0,0.0,100,398.92,399.0,0,0.0,0.0,,0.0,1,9.48,8.72,SPY230929C00435000,435.0,normalDay
2023-03-09,10236.0,-494.0,0.0,100,391.56,399.0,0,0.0,0.0,,0.0,1,9.48,6.98,SPY230929C00435000,435.0,normalDay
2023-03-10,10236.0,-914.0,0.0,100,385.91,399.0,0,0.0,0.0,,0.0,1,9.48,5.53,SPY230929C00435000,435.0,normalDay
2023-03-13,10236.0,-972.0,0.0,100,385.36,399.0,0,0.0,0.0,,0.0,1,9.48,5.56,SPY230929C00435000,435.0,normalDay
2023-03-14,10236.0,-436.0,0.0,100,391.73,399.0,0,0.0,0.0,,0.0,1,9.48,6.57,SPY230929C00435000,435.0,normalDay
2023-03-15,10236.0,-668.0,0.0,100,389.28,399.0,0,0.0,0.0,,0.0,1,9.48,6.44,SPY230929C00435000,435.0,normalDay
2023-03-16,10236.0,-141.0,0.0,100,396.11,399.0,0,0.0,0.0,,0.0,1,9.48,8.0,SPY230929C00435000,435.0,normalDay
2023-03-17,10236.0,-703.0,0.0,100,389.99,399.0,0,0.0,0.0,,0.0,1,9.48,7.5,SPY230929C00435000,435.0,normalDay
2023-03-20,10236.0,-356.0,0.0,100,393.74,399.0,0,0.0,0.0,,0.0,1,9.48,7.78,SPY230929C00435000,435.0,normalDay
2023-03-21,10236.0,49.0,0.0,100,398.91,399.0,0,0.0,0.0,,0.0,1,9.48,8.9,SPY230929C00435000,435.0,normalDay
2023-03-22,10236.0,-420.0,0.0,100,392.11,399.0,0,0.0,0.0,,0.0,1,9.48,6.79,SPY230929C00435000,435.0,normalDay
2023-03-23,10236.0,-369.0,0.0,100,393.17,399.0,0,0.0,0.0,,0.0,1,9.48,7.34,SPY230929C00435000,435.0,normalDay
2023-03-24,10236.0,-146.0,0.0,100,395.75,399.0,0,0.0,0.0,,0.0,1,9.48,7.69,SPY230929C00435000,435.0,normalDay
2023-03-27,10236.0,-37.0,0.0,100,396.49,399.0,0,0.0,0.0,,0.0,1,9.48,7.34,SPY230929C00435000,435.0,normalDay
2023-03-28,10236.0,-102.0,0.0,100,395.6,399.0,0,0.0,0.0,,0.0,1,9.48,7.1,SPY230929C00435000,435.0,normalDay
2023-03-29,10236.0,320.0,0.0,100,401.35,399.0,0,0.0,0.0,,0.0,1,9.48,8.63,SPY230929C00435000,435.0,normalDay
2023-03-30,10236.0,468.0,0.0,100,403.7,399.0,0,0.0,0.0,,0.0,1,9.48,9.5,SPY230929C00435000,435.0,normalDay
2023-03-31,10236.0,822.0,0.0,100,409.39,399.0,0,0.0,0.0,,0.0,1,9.48,11.65,SPY230929C00435000,435.0,normalDay
2023-04-03,10236.0,961.0,0.0,100,410.95,399.0,0,0.0,0.0,,0.0,1,9.48,11.82,SPY230929C00435000,435.0,normalDay
2023-04-04,10236.0,835.0,0.0,100,408.67,399.0,0,0.0,0.0,,0.0,1,9.48,10.8,SPY230929C00435000,435.0,normalDay
2023-04-05,10236.0,774.0,0.0,100,407.6,399.0,0,0.0,0.0,,0.0,1,9.48,10.34,SPY230929C00435000,435.0,normalDay
2023-04-06,10236.0,898.0,0.0,100,409.19,399.0,0,0.0,0.0,,0.0,1,9.48,10.69,SPY230929C00435000,435.0,normalDay
2023-04-10,10236.0,922.0,0.0,100,409.61,399.0,0,0.0,0.0,,0.0,1,9.48,10.87,SPY230929C00435000,435.0,normalDay
2023-04-11,10236.0,947.0,0.0,100,409.72,399.0,0,0.0,0.0,,0.0,1,9.48,10.73,SPY230929C00435000,435.0,normalDay
2023-04-12,10236.0,885.0,0.0,100,408.05,399.0,0,0.0,0.0,,0.0,1,9.48,9.68,SPY230929C00435000,435.0,normalDay
2023-04-13,10236.0,1224.0,0.0,100,413.47,399.0,0,0.0,0.0,,0.0,1,9.48,11.71,SPY230929C00435000,435.0,normalDay
2023-04-14,10236.0,1188.0,0.0,100,412.46,399.0,0,0.0,0.0,,0.0,1,9.48,11.06,SPY230929C00435000,435.0,normalDay
2023-04-17,10236.0,1327.0,0.0,100,413.94,399.0,0,0.0,0.0,,0.0,1,9.48,11.15,SPY230929C00435000,435.0,normalDay
2023-04-18,10236.0,1374.0,0.0,100,414.21,399.0,0,0.0,0.0,,0.0,1,9.48,10.95,SPY230929C00435000,435.0,normalDay
2023-04-19,10236.0,1383.0,0.0,100,414.14,399.0,0,0.0,0.0,,0.0,1,9.48,10.79,SPY230929C00435000,435.0,normalDay
2023-04-20,10236.0,1243.0,0.0,100,411.88,399.0,0,0.0,0.0,,0.0,1,9.48,9.93,SPY230929C00435000,435.0,normalDay
2023-04-21,10236.0,1291.0,0.0,100,412.2,399.0,0,0.0,0.0,,0.0,1,9.48,9.77,SPY230929C00435000,435.0,normalDay
2023-04-24,10236.0,1331.0,0.0,100,412.63,399.0,0,0.0,0.0,,0.0,1,9.48,9.8,SPY230929C00435000,435.0,normalDay
2023-04-25,10236.0,842.0,0.0,100,406.08,399.0,0,0.0,0.0,,0.0,1,9.48,8.14,SPY230929C00435000,435.0,normalDay
2023-04-26,10236.0,789.0,0.0,100,404.36,399.0,0,0.0,0.0,,0.0,1,9.48,6.95,SPY230929C00435000,435.0,normalDay
2023-04-27,10236.0,1313.0,0.0,100,412.41,399.0,0,0.0,0.0,,0.0,1,9.48,9.76,SPY230929C00435000,435.0,normalDay
2023-04-28,10236.0,1576.0,0.0,100,415.93,399.0,0,0.0,0.0,,0.0,1,9.48,10.65,SPY230929C00435000,435.0,normalDay
2023-05-01,10236.0,1584.0,0.0,100,415.51,399.0,0,0.0,0.0,,0.0,1,9.48,10.15,SPY230929C00435000,435.0,normalDay
2023-05-02,10236.0,1284.0,0.0,100,410.84,399.0,0,0.0,0.0,,0.0,1,9.48,8.48,SPY230929C00435000,435.0,normalDay
2023-05-03,10236.0,1082.0,0.0,100,408.02,399.0,0,0.0,0.0,,0.0,1,9.48,7.68,SPY230929C00435000,435.0,normalDay
2023-05-04,10236.0,894.0,0.0,100,405.13,399.0,0,0.0,0.0,,0.0,1,9.48,6.67,SPY230929C00435000,435.0,normalDay
2023-05-05,10236.0,1439.0,0.0,100,412.63,399.0,0,0.0,0.0,,0.0,1,9.48,8.72,SPY230929C00435000,435.0,normalDay
2023-05-08,10236.0,1467.0,0.0,100,412.74,399.0,0,0.0,0.0,,0.0,1,9.48,8.55,SPY230929C00435000,435.0,normalDay
2023-05-09,10236.0,1337.0,0.0,100,410.93,399.0,0,0.0,0.0,,0.0,1,9.48,8.04,SPY230929C00435000,435.0,normalDay
2023-05-10,10236.0,1495.0,0.0,100,412.85,399.0,0,0.0,0.0,,0.0,1,9.48,8.38,SPY230929C00435000,435.0,normalDay
2023-05-11,10236.0,1496.0,0.0,100,412.13,399.0,0,0.0,0.0,,0.0,1,9.48,7.65,SPY230929C00435000,435.0,normalDay
2023-05-12,10236.0,1484.0,0.0,100,411.59,399.0,0,0.0,0.0,,0.0,1,9.48,7.23,SPY230929C00435000,435.0,normalDay
2023-05-15,10236.0,1609.0,0.0,100,413.01,399.0,0,0.0,0.0,,0.0,1,9.48,7.4,SPY230929C00435000,435.0,normalDay
2023-05-16,10236.0,1420.0,0.0,100,410.25,399.0,0,0.0,0.0,,0.0,1,9.48,6.53,SPY230929C00435000,435.0,normalDay
2023-05-17,10236.0,1774.0,0.0,100,415.23,399.0,0,0.0,0.0,,0.0,1,9.48,7.97,SPY230929C00435000,435.0,normalDay
2023-05-18,10236.0,2019.0,0.0,100,419.23,399.0,0,0.0,0.0,,0.0,1,9.48,9.52,SPY230929C00435000,435.0,normalDay
2023-05-19,10236.0,1977.0,0.0,100,418.62,399.0,0,0.0,0.0,,0.0,1,9.48,9.33,SPY230929C00435000,435.0,normalDay
2023-05-22,10236.0,1987.0,0.0,100,418.79,399.0,0,0.0,0.0,,0.0,1,9.48,9.4,SPY230929C00435000,435.0,normalDay
2023-05-23,10236.0,1710.0,0.0,100,414.09,399.0,0,0.0,0.0,,0.0,1,9.48,7.47,SPY230929C00435000,435.0,normalDay
2023-05-24,10236.0,1502.0,0.0,100,411.09,399.0,0,0.0,0.0,,0.0,1,9.48,6.55,SPY230929C00435000,435.0,normalDay
2023-05-25,10236.0,1766.0,0.0,100,414.65,399.0,0,0.0,0.0,,0.0,1,9.48,7.47,SPY230929C00435000,435.0,normalDay
2023-05-26,10236.0,2082.0,0.0,100,420.02,399.0,0,0.0,0.0,,0.0,1,9.48,9.68,SPY230929C00435000,435.0,normalDay
2023-05-30,10236.0,2129.0,0.0,100,420.18,399.0,0,0.0,0.0,,0.0,1,9.48,9.37,SPY230929C00435000,435.0,normalDay
2023-05-31,10236.0,2036.0,0.0,100,417.85,399.0,0,0.0,0.0,,0.0,1,9.48,7.97,SPY230929C00435000,435.0,normalDay
2023-06-01,10236.0,2303.0,0.0,100,421.82,399.0,0,0.0,0.0,,0.0,1,9.48,9.27,SPY230929C00435000,435.0,normalDay
2023-06-02,10236.0,2631.0,0.0,100,427.92,399.0,0,0.0,0.0,,0.0,1,9.48,12.09,SPY230929C00435000,435.0,normalDay
2023-06-05,10236.0,2617.0,0.0,100,427.1,399.0,0,0.0,0.0,,0.0,1,9.48,11.41,SPY230929C00435000,435.0,normalDay
2023-06-06,10236.0,2706.0,0.0,100,428.03,399.0,0,0.0,0.0,,0.0,1,9.48,11.45,SPY230929C00435000,435.0,normalDay
2023-06-07,10236.0,2668.0,0.0,100,426.55,399.0,0,0.0,0.0,,0.0,1,9.48,10.35,SPY230929C00435000,435.0,normalDay
2023-06-08,10236.0,2829.0,0.0,100,429.13,399.0,0,0.0,0.0,,0.0,1,9.48,11.32,SPY230929C00435000,435.0,normalDay
2023-06-09,10236.0,2832.0,0.0,100,429.9,399.0,0,0.0,0.0,,0.0,1,9.48,12.06,SPY230929C00435000,435.0,normalDay
2023-06-12,10236.0,3004.0,0.0,100,433.8,399.0,0,0.0,0.0,,0.0,1,9.48,14.24,SPY230929C00435000,435.0,normalDay
2023-06-13,10236.0,3090.0,0.0,100,436.66,399.0,0,0.0,0.0,,0.0,1,9.48,16.24,SPY230929C00435000,435.0,normalDay
2023-06-14,10236.0,3107.0,0.0,100,437.18,399.0,0,0.0,0.0,,0.0,1,9.48,16.59,SPY230929C00435000,435.0,normalDay
2023-06-15,10236.0,3313.0,0.0,100,442.6,399.0,0,0.0,0.0,,0.0,1,9.48,19.95,SPY230929C00435000,435.0,normalDay
2023-06-16,10236.0,3067.0,0.0,100,439.46,399.0,0,0.0,0.0,,0.0,1,9.48,19.27,SPY230929C00435000,435.0,normalDay
2023-06-20,10236.0,3058.0,0.0,100,437.18,399.0,0,0.0,0.0,,0.0,1,9.48,17.08,SPY230929C00435000,435.0,normalDay
2023-06-21,10236.0,2992.0,0.0,100,434.94,399.0,0,0.0,0.0,,0.0,1,9.48,15.5,SPY230929C00435000,435.0,normalDay
2023-06-22,10236.0,3118.0,0.0,100,436.51,399.0,0,0.0,0.0,,0.0,1,9.48,15.81,SPY230929C00435000,435.0,normalDay
2023-06-23,10236.0,2980.0,0.0,100,433.21,399.0,0,0.0,0.0,,0.0,1,9.48,13.89,SPY230929C00435000,435.0,normalDay
2023-06-26,10236.0,2947.0,0.0,100,431.44,399.0,0,0.0,0.0,,0.0,1,9.48,12.45,SPY230929C00435000,435.0,normalDay
2023-06-27,10236.0,3168.0,0.0,100,436.17,399.0,0,0.0,0.0,,0.0,1,9.48,14.97,SPY230929C00435000,435.0,normalDay
2023-06-28,10236.0,3171.0,0.0,100,436.39,399.0,0,0.0,0.0,,0.0,1,9.48,15.16,SPY230929C00435000,435.0,normalDay
2023-06-29,10236.0,3245.0,0.0,100,438.11,399.0,0,0.0,0.0,,0.0,1,9.48,16.14,SPY230929C00435000,435.0,normalDay
2023-06-30,10236.0,3388.0,0.0,100,443.28,399.0,0,0.0,0.0,,0.0,1,9.48,19.88,SPY230929C00435000,435.0,normalDay
2023-07-03,10236.0,3422.0,0.0,100,443.79,399.0,0,0.0,0.0,,0.0,1,9.48,20.05,SPY230929C00435000,435.0,normalDay
2023-07-05,10236.0,3398.0,0.0,100,443.13,399.0,0,0.0,0.0,,0.0,1,9.48,19.63,SPY230929C00435000,435.0,normalDay
2023-07-06,10236.0,3276.0,0.0,100,439.66,399.0,0,0.0,0.0,,0.0,1,9.48,17.38,SPY230929C00435000,435.0,normalDay
2023-07-07,10236.0,3249.0,0.0,100,438.55,399.0,0,0.0,0.0,,0.0,1,9.48,16.54,SPY230929C00435000,435.0,normalDay
2023-07-10,10236.0,3316.0,0.0,100,439.66,399.0,0,0.0,0.0,,0.0,1,9.48,16.98,SPY230929C00435000,435.0,normalDay
2023-07-11,10236.0,3455.0,0.0,100,442.46,399.0,0,0.0,0.0,,0.0,1,9.48,18.39,SPY230929C00435000,435.0,normalDay
2023-07-12,10236.0,3554.0,0.0,100,446.02,399.0,0,0.0,0.0,,0.0,1,9.48,20.96,SPY230929C00435000,435.0,normalDay
2023-07-13,10236.0,3657.0,0.0,100,449.56,399.0,0,0.0,0.0,,0.0,1,9.48,23.47,SPY230929C00435000,435.0,normalDay
2023-07-14,10236.0,3684.0,0.0,100,449.28,399.0,0,0.0,0.0,,0.0,1,9.48,22.92,SPY230929C00435000,435.0,normalDay
2023-07-17,10236.0,3734.0,0.0,100,450.84,399.0,0,0.0,0.0,,0.0,1,9.48,23.98,SPY230929C00435000,435.0,normalDay
2023-07-18,10236.0,3782.0,0.0,100,454.19,399.0,0,0.0,0.0,,0.0,1,9.48,26.85,SPY230929C00435000,435.0,normalDay
2023-07-19,10236.0,3777.0,0.0,100,455.2,399.0,0,0.0,0.0,,0.0,1,9.48,27.91,SPY230929C00435000,435.0,normalDay
2023-07-20,10236.0,3719.0,0.0,100,452.18,399.0,0,0.0,0.0,,0.0,1,9.48,25.47,SPY230929C00435000,435.0,normalDay
2023-07-21,10236.0,3770.0,0.0,100,452.18,399.0,0,0.0,0.0,,0.0,1,9.48,24.96,SPY230929C00435000,435.0,normalDay
2023-07-24,10236.0,3806.0,0.0,100,454.2,399.0,0,0.0,0.0,,0.0,1,9.48,26.62,SPY230929C00435000,435.0,normalDay
2023-07-25,10236.0,3781.0,0.0,100,455.44,399.0,0,0.0,0.0,,0.0,1,9.48,28.11,SPY230929C00435000,435.0,normalDay
2023-07-26,10236.0,3785.0,0.0,100,455.51,399.0,0,0.0,0.0,,0.0,1,9.48,28.14,SPY230929C00435000,435.0,normalDay
2023-07-27,10236.0,3781.0,0.0,100,452.49,399.0,0,0.0,0.0,,0.0,1,9.48,25.16,SPY230929C00435000,435.0,normalDay
2023-07-28,10236.0,3914.0,0.0,100,456.92,399.0,0,0.0,0.0,,0.0,1,9.48,28.26,SPY230929C00435000,435.0,normalDay
2023-07-31,10236.0,3938.0,0.0,100,457.79,399.0,0,0.0,0.0,,0.0,1,9.48,28.89,SPY230929C00435000,435.0,normalDay
2023-08-01,10236.0,3947.0,0.0,100,456.48,399.0,0,0.0,0.0,,0.0,1,9.48,27.49,SPY230929C00435000,435.0,normalDay
2023-08-02,10236.0,3774.0,0.0,100,450.13,399.0,0,0.0,0.0,,0.0,1,9.48,22.87,SPY230929C00435000,435.0,normalDay
2023-08-03,10236.0,3692.0,0.0,100,448.84,399.0,0,0.0,0.0,,0.0,1,9.48,22.4,SPY230929C00435000,435.0,normalDay
2023-08-04,10236.0,3732.0,0.0,100,446.81,399.0,0,0.0,0.0,,0.0,1,9.48,19.97,SPY230929C00435000,435.0,normalDay
2023-08-07,10236.0,3856.0,0.0,100,450.71,399.0,0,0.0,0.0,,0.0,1,9.48,22.63,SPY230929C00435000,435.0,normalDay
2023-08-08,10236.0,3841.0,0.0,100,448.75,399.0,0,0.0,0.0,,0.0,1,9.48,20.82,SPY230929C00435000,435.0,normalDay
2023-08-09,10236.0,3751.0,0.0,100,445.75,399.0,0,0.0,0.0,,0.0,1,9.48,18.72,SPY230929C00435000,435.0,normalDay
2023-08-10,10236.0,3831.0,0.0,100,445.91,399.0,0,0.0,0.0,,0.0,1,9.48,18.08,SPY230929C00435000,435.0,normalDay
2023-08-11,10236.0,3845.0,0.0,100,445.65,399.0,0,0.0,0.0,,0.0,1,9.48,17.68,SPY230929C00435000,435.0,normalDay
2023-08-14,10236.0,3945.0,0.0,100,448.11,399.0,0,0.0,0.0,,0.0,1,9.48,19.14,SPY230929C00435000,435.0,normalDay
2023-08-15,10236.0,3798.0,0.0,100,442.89,399.0,0,0.0,0.0,,0.0,1,9.48,15.39,SPY230929C00435000,435.0,normalDay
2023-08-16,10236.0,3686.0,0.0,100,439.64,399.0,0,0.0,0.0,,0.0,1,9.48,13.26,SPY230929C00435000,435.0,normalDay
2023-08-17,10236.0,3584.0,0.0,100,436.29,399.0,0,0.0,0.0,,0.0,1,9.48,10.93,SPY230929C00435000,435.0,normalDay
2023-08-18,10236.0,3632.0,0.0,100,436.5,399.0,0,0.0,0.0,,0.0,1,9.48,10.66,SPY230929C00435000,435.0,normalDay
2023-08-21,10236.0,3809.0,0.0,100,439.34,399.0,0,0.0,0.0,,0.0,1,9.48,11.73,SPY230929C00435000,435.0,normalDay
2023-08-22,10236.0,3770.0,0.0,100,438.15,399.0,0,0.0,0.0,,0.0,1,9.48,10.93,SPY230929C00435000,435.0,normalDay
2023-08-23,10236.0,3960.0,0.0,100,443.03,399.0,0,0.0,0.0,,0.0,1,9.48,13.91,SPY230929C00435000,435.0,normalDay
2023-08-24,10236.0,3755.0,0.0,100,436.89,399.0,0,0.0,0.0,,0.0,1,9.48,9.82,SPY230929C00435000,435.0,normalDay
2023-08-25,10236.0,3928.0,0.0,100,439.97,399.0,0,0.0,0.0,,0.0,1,9.48,11.17,SPY230929C00435000,435.0,normalDay
2023-08-28,10236.0,4051.0,0.0,100,442.76,399.0,0,0.0,0.0,,0.0,1,9.48,12.73,SPY230929C00435000,435.0,normalDay
2023-08-29,10236.0,4199.0,0.0,100,449.16,399.0,0,0.0,0.0,,0.0,1,9.48,17.65,SPY230929C00435000,435.0,normalDay
2023-08-30,10236.0,4261.0,0.0,100,451.01,399.0,0,0.0,0.0,,0.0,1,9.48,18.88,SPY230929C00435000,435.0,normalDay
2023-08-31,10236.0,4262.0,0.0,100,450.35,399.0,0,0.0,0.0,,0.0,1,9.48,18.21,SPY230929C00435000,435.0,normalDay
2023-09-01,10236.0,4356.0,0.0,100,451.19,399.0,0,0.0,0.0,,0.0,1,9.48,18.11,SPY230929C00435000,435.0,normalDay
2023-09-05,10236.0,4326.0,0.0,100,449.24,399.0,0,0.0,0.0,,0.0,1,9.48,16.46,SPY230929C00435000,435.0,normalDay
2023-09-06,10236.0,4307.0,0.0,100,446.22,399.0,0,0.0,0.0,,0.0,1,9.48,13.63,SPY230929C00435000,435.0,normalDay
2023-09-07,10236.0,4299.0,0.0,100,444.85,399.0,0,0.0,0.0,,0.0,1,9.48,12.34,SPY230929C00435000,435.0,normalDay
2023-09-08,10236.0,4317.0,0.0,100,445.52,399.0,0,0.0,0.0,,0.0,1,9.48,12.83,SPY230929C00435000,435.0,normalDay
2023-09-11,10236.0,4407.0,0.0,100,448.45,399.0,0,0.0,0.0,,0.0,1,9.48,14.86,SPY230929C00435000,435.0,normalDay
2023-09-12,10236.0,4376.0,0.0,100,445.99,399.0,0,0.0,0.0,,0.0,1,9.48,12.71,SPY230929C00435000,435.0,normalDay
2023-09-13,10236.0,4417.0,0.0,100,446.51,399.0,0,0.0,0.0,,0.0,1,9.48,12.82,SPY230929C00435000,435.0,normalDay
2023-09-14,10236.0,4502.0,0.0,100,450.36,399.0,0,0.0,0.0,,0.0,1,9.48,15.82,SPY230929C00435000,435.0,normalDay
2023-09-15,10236.0,4321.0,0.0,100,443.37,399.0,0,0.0,0.0,,0.0,1,9.48,10.64,SPY230929C00435000,435.0,normalDay
2023-09-18,10236.0,4337.0,0.0,100,443.63,399.0,0,0.0,0.0,,0.0,1,9.48,10.74,SPY230929C00435000,435.0,normalDay
2023-09-19,10236.0,4330.0,0.0,100,442.71,399.0,0,0.0,0.0,,0.0,1,9.48,9.89,SPY230929C00435000,435.0,normalDay
2023-09-20,10236.0,4286.0,0.0,100,438.64,399.0,0,0.0,0.0,,0.0,1,9.48,6.26,SPY230929C00435000,435.0,normalDay
2023-09-21,10236.0,3941.0,0.0,100,431.39,399.0,0,0.0,0.0,,0.0,1,9.48,2.46,SPY230929C00435000,435.0,normalDay
2023-09-22,10236.0,3922.0,0.0,100,430.42,399.0,0,0.0,0.0,,0.0,1,9.48,1.68,SPY230929C00435000,435.0,normalDay
2023-09-25,10236.0,4086.0,0.0,100,432.23,399.0,0,0.0,0.0,,0.0,1,9.48,1.85,SPY230929C00435000,435.0,normalDay
2023-09-26,10236.0,3603.0,0.0,100,425.88,399.0,0,0.0,0.0,,0.0,1,9.48,0.33,SPY230929C00435000,435.0,normalDay
2023-09-27,10236.0,3633.0,0.0,100,426.05,399.0,0,0.0,0.0,,0.0,1,9.48,0.2,SPY230929C00435000,435.0,normalDay
2023-09-28,10236.0,3888.0,0.0,100,428.52,399.0,0,0.0,0.0,,0.0,1,9.48,0.12,SPY230929C00435000,435.0,normalDay
2023-09-29,11184.0,2848.0,948.0,100,427.48,399.0,0,0.0,0.0,,0.0,1,9.48,0.0,SPY230929C00435000,435.0,expirationDay
2023-10-02,11184.0,2720.0,0.0,100,427.31,399.0,0,0.0,0.0,,0.0,1,17.26,18.37,SPY240930C00467000,467.0,normalDay
2023-10-03,11184.0,2321.0,0.0,100,421.59,399.0,0,0.0,0.0,,0.0,1,17.26,16.64,SPY240930C00467000,467.0,normalDay
2023-10-04,11184.0,2555.0,0.0,100,424.66,399.0,0,0.0,0.0,,0.0,1,17.26,17.37,SPY240930C00467000,467.0,normalDay
2023-10-05,11184.0,2562.0,0.0,100,424.5,399.0,0,0.0,0.0,,0.0,1,17.26,17.14,SPY240930C00467000,467.0,normalDay
2023-10-06,11184.0,2830.0,0.0,100,429.54,399.0,0,0.0,0.0,,0.0,1,17.26,19.5,SPY240930C00467000,467.0,normalDay
2023-10-09,11184.0,3019.0,0.0,100,432.29,399.0,0,0.0,0.0,,0.0,1,17.26,20.36,SPY240930C00467000,467.0,normalDay
2023-10-10,11184.0,3174.0,0.0,100,434.54,399.0,0,0.0,0.0,,0.0,1,17.26,21.06,SPY240930C00467000,467.0,normalDay
2023-10-11,11184.0,3261.0,0.0,100,436.32,399.0,0,0.0,0.0,,0.0,1,17.26,21.97,SPY240930C00467000,467.0,normalDay
2023-10-12,11184.0,3141.0,0.0,100,433.66,399.0,0,0.0,0.0,,0.0,1,17.26,20.51,SPY240930C00467000,467.0,normalDay
2023-10-13,11184.0,3007.0,0.0,100,431.5,399.0,0,0.0,0.0,,0.0,1,17.26,19.69,SPY240930C00467000,467.0,normalDay
2023-10-16,11184.0,3297.0,0.0,100,436.04,399.0,0,0.0,0.0,,0.0,1,17.26,21.33,SPY240930C00467000,467.0,normalDay
2023-10-17,11184.0,3329.0,0.0,100,436.02,399.0,0,0.0,0.0,,0.0,1,17.26,20.99,SPY240930C00467000,467.0,normalDay
2023-10-18,11184.0,2910.0,0.0,100,430.21,399.0,0,0.0,0.0,,0.0,1,17.26,19.37,SPY240930C00467000,467.0,normalDay
2023-10-19,11184.0,2717.0,0.0,100,426.43,399.0,0,0.0,0.0,,0.0,1,17.26,17.52,SPY240930C00467000,467.0,normalDay
2023-10-20,11184.0,2405.0,0.0,100,421.19,399.0,0,0.0,0.0,,0.0,1,17.26,15.4,SPY240930C00467000,467.0,normalDay
2023-10-23,11184.0,2384.0,0.0,100,420.46,399.0,0,0.0,0.0,,0.0,1,17.26,14.88,SPY240930C00467000,467.0,normalDay
2023-10-24,11184.0,2441.0,0.0,100,423.63,399.0,0,0.0,0.0,,0.0,1,17.26,17.48,SPY240930C00467000,467.0,normalDay
2023-10-25,11184.0,2031.0,0.0,100,417.55,399.0,0,0.0,0.0,,0.0,1,17.26,15.5,SPY240930C00467000,467.0,normalDay
2023-10-26,11184.0,1796.0,0.0,100,412.55,399.0,0,0.0,0.0,,0.0,1,17.26,12.85,SPY240930C00467000,467.0,normalDay
2023-10-27,11184.0,1777.0,0.0,100,410.68,399.0,0,0.0,0.0,,0.0,1,17.26,11.17,SPY240930C00467000,467.0,normalDay
2023-10-30,11184.0,2174.0,0.0,100,415.59,399.0,0,0.0,0.0,,0.0,1,17.26,12.11,SPY240930C00467000,467.0,normalDay
2023-10-31,11184.0,2425.0,0.0,100,418.2,399.0,0,0.0,0.0,,0.0,1,17.26,12.21,SPY240930C00467000,467.0,normalDay
2023-11-01,11184.0,2732.0,0.0,100,422.66,399.0,0,0.0,0.0,,0.0,1,17.26,13.6,SPY240930C00467000,467.0,normalDay
2023-11-02,11184.0,3275.0,0.0,100,430.76,399.0,0,0.0,0.0,,0.0,1,17.26,16.27,SPY240930C00467000,467.0,normalDay
2023-11-03,11184.0,3524.0,0.0,100,434.69,399.0,0,0.0,0.0,,0.0,1,17.26,17.71,SPY240930C00467000,467.0,normalDay
2023-11-06,11184.0,3643.0,0.0,100,435.69,399.0,0,0.0,0.0,,0.0,1,17.26,17.52,SPY240930C00467000,467.0,normalDay
2023-11-07,11184.0,3696.0,0.0,100,436.93,399.0,0,0.0,0.0,,0.0,1,17.26,18.23,SPY240930C00467000,467.0,normalDay
2023-11-08,11184.0,3750.0,0.0,100,437.25,399.0,0,0.0,0.0,,0.0,1,17.26,18.01,SPY240930C00467000,467.0,normalDay
2023-11-09,11184.0,3500.0,0.0,100,433.84,399.0,0,0.0,0.0,,0.0,1,17.26,17.1,SPY240930C00467000,467.0,normalDay
2023-11-10,11184.0,3904.0,0.0,100,440.61,399.0,0,0.0,0.0,,0.0,1,17.26,19.83,SPY240930C00467000,467.0,normalDay
2023-11-13,11184.0,3919.0,0.0,100,440.19,399.0,0,0.0,0.0,,0.0,1,17.26,19.26,SPY240930C00467000,467.0,normalDay
2023-11-14,11184.0,4336.0,0.0,100,448.73,399.0,0,0.0,0.0,,0.0,1,17.26,23.63,SPY240930C00467000,467.0,normalDay
2023-11-15,11184.0,4405.0,0.0,100,449.68,399.0,0,0.0,0.0,,0.0,1,17.26,23.89,SPY240930C00467000,467.0,normalDay
2023-11-16,11184.0,4413.0,0.0,100,450.23,399.0,0,0.0,0.0,,0.0,1,17.26,24.36,SPY240930C00467000,467.0,normalDay
2023-11-17,11184.0,4456.0,0.0,100,450.79,399.0,0,0.0,0.0,,0.0,1,17.26,24.49,SPY240930C00467000,467.0,normalDay
2023-11-20,11184.0,4599.0,0.0,100,454.26,399.0,0,0.0,0.0,,0.0,1,17.26,26.53,SPY240930C00467000,467.0,normalDay
2023-11-21,11184.0,4602.0,0.0,100,453.27,399.0,0,0.0,0.0,,0.0,1,17.26,25.51,SPY240930C00467000,467.0,normalDay
2023-11-22,11184.0,4669.0,0.0,100,455.02,399.0,0,0.0,0.0,,0.0,1,17.26,26.59,SPY240930C00467000,467.0,normalDay
2023-11-24,11184.0,4688.0,0.0,100,455.3,399.0,0,0.0,0.0,,0.0,1,17.26,26.68,SPY240930C00467000,467.0,normalDay
2023-11-27,11184.0,4651.0,0.0,100,454.48,399.0,0,0.0,0.0,,0.0,1,17.26,26.23,SPY240930C00467000,467.0,normalDay
2023-11-28,11184.0,4699.0,0.0,100,454.93,399.0,0,0.0,0.0,,0.0,1,17.26,26.2,SPY240930C00467000,467.0,normalDay
2023-11-29,11184.0,4708.0,0.0,100,454.61,399.0,0,0.0,0.0,,0.0,1,17.26,25.79,SPY240930C00467000,467.0,normalDay
2023-11-30,11184.0,4825.0,0.0,100,456.4,399.0,0,0.0,0.0,,0.0,1,17.26,26.41,SPY240930C00467000,467.0,normalDay
