date,totalCapital,unrializedPnL,rializedPnL,stocksOwned,stocksPriceToday,stocksPriceBoughtAt,putOwned,putOwnedSoldAt,putPriceToday,putOwnedContract,putOwnedStrike,callOwned,callOwnedSoldAt,callPriceToday,callOwnedContract,callOwnedStrike,trackType
2018-11-01,0.0,-9.0,0.0,0,273.51,0.0,1,5.7,5.79,SPY190329P00252000,252.0,0,0.0,0.0,,0.0,normalDay
2018-11-02,0.0,-42.0,0.0,0,271.89,0.0,1,5.7,6.12,SPY190329P00252000,252.0,0,0.0,0.0,,0.0,normalDay
2018-11-05,0.0,8.0,0.0,0,273.39,0.0,1,5.7,5.62,SPY190329P00252000,252.0,0,0.0,0.0,,0.0,normalDay
2018-11-06,0.0,56.0,0.0,0,275.12,0.0,1,5.7,5.14,SPY190329P00252000,252.0,0,0.0,0.0,,0.0,normalDay
2018-11-07,0.0,198.0,0.0,0,281.01,0.0,1,5.7,3.72,SPY190329P00252000,252.0,0,0.0,0.0,,0.0,normalDay
2018-11-08,0.0,201.0,0.0,0,280.5,0.0,1,5.7,3.69,SPY190329P00252000,252.0,0,0.0,0.0,,0.0,normalDay
2018-11-09,0.0,134.0,0.0,0,277.76,0.0,1,5.7,4.36,SPY190329P00252000,252.0,0,0.0,0.0,,0.0,normalDay
2018-11-12,0.0,10.0,0.0,0,272.57,0.0,1,5.7,5.6,SPY190329P00252000,252.0,0,0.0,0.0,,0.0,normalDay
2018-11-13,0.0,-15.0,0.0,0,272.06,0.0,1,5.7,5.85,SPY190329P00252000,252.0,0,0.0,0.0,,0.0,normalDay
2018-11-14,0.0,-84.0,0.0,0,270.2,0.0,1,5.7,6.54,SPY190329P00252000,252.0,0,0.0,0.0,,0.0,normalDay
2018-11-15,0.0,4.0,0.0,0,273.02,0.0,1,5.7,5.66,SPY190329P00252000,252.0,0,0.0,0.0,,0.0,normalDay
2018-11-16,0.0,56.0,0.0,0,273.73,0.0,1,5.7,5.14,SPY190329P00252000,252.0,0,0.0,0.0,,0.0,normalDay
2018-11-19,0.0,-68.0,0.0,0,269.1,0.0,1,5.7,6.38,SPY190329P00252000,252.0,0,0.0,0.0,,0.0,normalDay
2018-11-20,0.0,-248.0,0.0,0,264.12,0.0,1,5.7,8.18,SPY190329P00252000,252.0,0,0.0,0.0,,0.0,normalDay
2018-11-21,0.0,-181.0,0.0,0,265.02,0.0,1,5.7,7.51,SPY190329P00252000,252.0,0,0.0,0.0,,0.0,normalDay
2018-11-23,0.0,-237.0,0.0,0,263.25,0.0,1,5.7,8.07,SPY190329P00252000,252.0,0,0.0,0.0,,0.0,normalDay
2018-11-26,0.0,-41.0,0.0,0,267.5,0.0,1,5.7,6.11,SPY190329P00252000,252.0,0,0.0,0.0,,0.0,normalDay
2018-11-27,0.0,-24.0,0.0,0,268.4,0.0,1,5.7,5.94,SPY190329P00252000,252.0,0,0.0,0.0,,0.0,normalDay
2018-11-28,0.0,112.0,0.0,0,274.58,0.0,1,5.7,4.58,SPY190329P00252000,252.0,0,0.0,0.0,,0.0,normalDay
2018-11-29,0.0,97.0,0.0,0,273.98,0.0,1,5.7,4.73,SPY190329P00252000,252.0,0,0.0,0.0,,0.0,normalDay
2018-11-30,0.0,145.0,0.0,0,275.65,0.0,1,5.7,4.25,SPY190329P00252000,252.0,0,0.0,0.0,,0.0,normalDay
2018-12-03,0.0,232.0,0.0,0,279.3,0.0,1,5.7,3.38,SPY190329P00252000,252.0,0,0.0,0.0,,0.0,normalDay
2018-12-04,0.0,5.0,0.0,0,270.25,0.0,1,5.7,5.65,SPY190329P00252000,252.0,0,0.0,0.0,,0.0,normalDay
2018-12-06,0.0,-5.0,0.0,0,269.84,0.0,1,5.7,5.75,SPY190329P00252000,252.0,0,0.0,0.0,,0.0,normalDay
2018-12-07,0.0,-210.0,0.0,0,263.57,0.0,1,5.7,7.8,SPY190329P00252000,252.0,0,0.0,0.0,,0.0,normalDay
2018-12-10,0.0,-152.0,0.0,0,264.07,0.0,1,5.7,7.22,SPY190329P00252000,252.0,0,0.0,0.0,,0.0,normalDay
2018-12-11,0.0,-144.0,0.0,0,264.13,0.0,1,5.7,7.14,SPY190329P00252000,252.0,0,0.0,0.0,,0.0,normalDay
2018-12-12,0.0,-112.0,0.0,0,265.46,0.0,1,5.7,6.82,SPY190329P00252000,252.0,0,0.0,0.0,,0.0,normalDay
2018-12-13,0.0,-94.0,0.0,0,265.37,0.0,1,5.7,6.64,SPY190329P00252000,252.0,0,0.0,0.0,,0.0,normalDay
2018-12-14,0.0,-244.0,0.0,0,260.47,0.0,1,5.7,8.14,SPY190329P00252000,252.0,0,0.0,0.0,,0.0,normalDay
2018-12-17,0.0,-448.0,0.0,0,255.36,0.0,1,5.7,10.18,SPY190329P00252000,252.0,0,0.0,0.0,,0.0,normalDay
2018-12-18,0.0,-497.0,0.0,0,255.08,0.0,1,5.7,10.67,SPY190329P00252000,252.0,0,0.0,0.0,,0.0,normalDay
2018-12-19,0.0,-601.0,0.0,0,251.26,0.0,1,5.7,11.71,SPY190329P00252000,252.0,0,0.0,0.0,,0.0,normalDay
2018-12-20,0.0,-815.0,0.0,0,247.17,0.0,1,5.7,13.85,SPY190329P00252000,252.0,0,0.0,0.0,,0.0,normalDay
2018-12-21,0.0,-1193.0,0.0,0,240.7,0.0,1,5.7,17.63,SPY190329P00252000,252.0,0,0.0,0.0,,0.0,normalDay
2018-12-24,0.0,-1780.0,0.0,0,234.34,0.0,1,5.7,23.5,SPY190329P00252000,252.0,0,0.0,0.0,,0.0,normalDay
2018-12-26,0.0,-800.0,0.0,0,246.18,0.0,1,5.7,13.7,SPY190329P00252000,252.0,0,0.0,0.0,,0.0,normalDay
2018-12-27,0.0,-729.0,0.0,0,248.07,0.0,1,5.7,12.99,SPY190329P00252000,252.0,0,0.0,0.0,,0.0,normalDay
2018-12-28,0.0,-743.0,0.0,0,247.75,0.0,1,5.7,13.13,SPY190329P00252000,252.0,0,0.0,0.0,,0.0,normalDay
2018-12-31,0.0,-557.0,0.0,0,249.92,0.0,1,5.7,11.27,SPY190329P00252000,252.0,0,0.0,0.0,,0.0,normalDay
2019-01-02,0.0,-485.0,0.0,0,250.18,0.0,1,5.7,10.55,SPY190329P00252000,252.0,0,0.0,0.0,,0.0,normalDay
2019-01-03,0.0,-860.0,0.0,0,244.21,0.0,1,5.7,14.3,SPY190329P00252000,252.0,0,0.0,0.0,,0.0,normalDay
2019-01-04,0.0,-366.0,0.0,0,252.39,0.0,1,5.7,9.36,SPY190329P00252000,252.0,0,0.0,0.0,,0.0,normalDay
2019-01-07,0.0,-274.0,0.0,0,254.38,0.0,1,5.7,8.44,SPY190329P00252000,252.0,0,0.0,0.0,,0.0,normalDay
2019-01-08,0.0,-162.0,0.0,0,256.77,0.0,1,5.7,7.32,SPY190329P00252000,252.0,0,0.0,0.0,,0.0,normalDay
2019-01-09,0.0,-100.0,0.0,0,257.97,0.0,1,5.7,6.7,SPY190329P00252000,252.0,0,0.0,0.0,,0.0,normalDay
2019-01-10,0.0,-54.0,0.0,0,258.88,0.0,1,5.7,6.24,SPY190329P00252000,252.0,0,0.0,0.0,,0.0,normalDay
2019-01-11,0.0,-14.0,0.0,0,258.98,0.0,1,5.7,5.84,SPY190329P00252000,252.0,0,0.0,0.0,,0.0,normalDay
2019-01-14,0.0,-41.0,0.0,0,257.4,0.0,1,5.7,6.11,SPY190329P00252000,252.0,0,0.0,0.0,,0.0,normalDay
2019-01-15,0.0,75.0,0.0,0,260.35,0.0,1,5.7,4.95,SPY190329P00252000,252.0,0,0.0,0.0,,0.0,normalDay
2019-01-16,0.0,97.0,0.0,0,260.98,0.0,1,5.7,4.73,SPY190329P00252000,252.0,0,0.0,0.0,,0.0,normalDay
2019-01-17,0.0,154.0,0.0,0,262.96,0.0,1,5.7,4.16,SPY190329P00252000,252.0,0,0.0,0.0,,0.0,normalDay
2019-01-18,0.0,232.0,0.0,0,266.46,0.0,1,5.7,3.38,SPY190329P00252000,252.0,0,0.0,0.0,,0.0,normalDay
2019-01-22,0.0,121.0,0.0,0,262.86,0.0,1,5.7,4.49,SPY190329P00252000,252.0,0,0.0,0.0,,0.0,normalDay
2019-01-23,0.0,138.0,0.0,0,263.41,0.0,1,5.7,4.32,SPY190329P00252000,252.0,0,0.0,0.0,,0.0,normalDay
2019-01-24,0.0,165.0,0.0,0,263.55,0.0,1,5.7,4.05,SPY190329P00252000,252.0,0,0.0,0.0,,0.0,normalDay
2019-01-25,0.0,250.0,0.0,0,265.78,0.0,1,5.7,3.2,SPY190329P00252000,252.0,0,0.0,0.0,,0.0,normalDay
2019-01-28,0.0,195.0,0.0,0,263.76,0.0,1,5.7,3.75,SPY190329P00252000,252.0,0,0.0,0.0,,0.0,normalDay
2019-01-29,0.0,187.0,0.0,0,263.41,0.0,1,5.7,3.83,SPY190329P00252000,252.0,0,0.0,0.0,,0.0,normalDay
2019-01-30,0.0,305.0,0.0,0,267.58,0.0,1,5.7,2.65,SPY190329P00252000,252.0,0,0.0,0.0,,0.0,normalDay
2019-01-31,0.0,376.0,0.0,0,269.93,0.0,1,5.7,1.94,SPY190329P00252000,252.0,0,0.0,0.0,,0.0,normalDay
2019-02-01,0.0,386.0,0.0,0,270.06,0.0,1,5.7,1.84,SPY190329P00252000,252.0,0,0.0,0.0,,0.0,normalDay
2019-02-04,0.0,425.0,0.0,0,271.96,0.0,1,5.7,1.45,SPY190329P00252000,252.0,0,0.0,0.0,,0.0,normalDay
2019-02-05,0.0,435.0,0.0,0,273.1,0.0,1,5.7,1.35,SPY190329P00252000,252.0,0,0.0,0.0,,0.0,normalDay
2019-02-06,0.0,437.0,0.0,0,272.74,0.0,1,5.7,1.33,SPY190329P00252000,252.0,0,0.0,0.0,,0.0,normalDay
2019-02-07,0.0,401.0,0.0,0,270.14,0.0,1,5.7,1.69,SPY190329P00252000,252.0,0,0.0,0.0,,0.0,normalDay
2019-02-08,0.0,415.0,0.0,0,270.47,0.0,1,5.7,1.55,SPY190329P00252000,252.0,0,0.0,0.0,,0.0,normalDay
2019-02-11,0.0,429.0,0.0,0,270.62,0.0,1,5.7,1.41,SPY190329P00252000,252.0,0,0.0,0.0,,0.0,normalDay
2019-02-12,0.0,470.0,0.0,0,274.1,0.0,1,5.7,1.0,SPY190329P00252000,252.0,0,0.0,0.0,,0.0,normalDay
2019-02-13,0.0,474.0,0.0,0,274.99,0.0,1,5.7,0.96,SPY190329P00252000,252.0,0,0.0,0.0,,0.0,normalDay
2019-02-14,0.0,465.0,0.0,0,274.38,0.0,1,5.7,1.05,SPY190329P00252000,252.0,0,0.0,0.0,,0.0,normalDay
2019-02-15,0.0,498.0,0.0,0,277.37,0.0,1,5.7,0.72,SPY190329P00252000,252.0,0,0.0,0.0,,0.0,normalDay
2019-02-19,0.0,508.0,0.0,0,277.85,0.0,1,5.7,0.62,SPY190329P00252000,252.0,0,0.0,0.0,,0.0,normalDay
2019-02-20,0.0,522.0,0.0,0,278.41,0.0,1,5.7,0.48,SPY190329P00252000,252.0,0,0.0,0.0,,0.0,normalDay
2019-02-21,0.0,518.0,0.0,0,277.42,0.0,1,5.7,0.52,SPY190329P00252000,252.0,0,0.0,0.0,,0.0,normalDay
2019-02-22,0.0,530.0,0.0,0,279.14,0.0,1,5.7,0.4,SPY190329P00252000,252.0,0,0.0,0.0,,0.0,normalDay
2019-02-25,0.0,526.0,0.0,0,279.52,0.0,1,5.7,0.44,SPY190329P00252000,252.0,0,0.0,0.0,,0.0,normalDay
2019-02-26,0.0,525.0,0.0,0,279.32,0.0,1,5.7,0.45,SPY190329P00252000,252.0,0,0.0,0.0,,0.0,normalDay
2019-02-27,0.0,527.0,0.0,0,279.2,0.0,1,5.7,0.43,SPY190329P00252000,252.0,0,0.0,0.0,,0.0,normalDay
2019-02-28,0.0,526.0,0.0,0,278.68,0.0,1,5.7,0.44,SPY190329P00252000,252.0,0,0.0,0.0,,0.0,normalDay
2019-03-01,0.0,540.0,0.0,0,280.42,0.0,1,5.7,0.3,SPY190329P00252000,252.0,0,0.0,0.0,,0.0,normalDay
2019-03-04,0.0,536.0,0.0,0,279.4,0.0,1,5.7,0.34,SPY190329P00252000,252.0,0,0.0,0.0,,0.0,normalDay
2019-03-05,0.0,536.0,0.0,0,279.02,0.0,1,5.7,0.34,SPY190329P00252000,252.0,0,0.0,0.0,,0.0,normalDay
2019-03-06,0.0,530.0,0.0,0,277.33,0.0,1,5.7,0.4,SPY190329P00252000,252.0,0,0.0,0.0,,0.0,normalDay
2019-03-07,0.0,522.0,0.0,0,275.01,0.0,1,5.7,0.48,SPY190329P00252000,252.0,0,0.0,0.0,,0.0,normalDay
2019-03-08,0.0,531.0,0.0,0,274.46,0.0,1,5.7,0.39,SPY190329P00252000,252.0,0,0.0,0.0,,0.0,normalDay
2019-03-11,0.0,554.0,0.0,0,278.44,0.0,1,5.7,0.16,SPY190329P00252000,252.0,0,0.0,0.0,,0.0,normalDay
2019-03-12,0.0,559.0,0.0,0,279.49,0.0,1,5.7,0.11,SPY190329P00252000,252.0,0,0.0,0.0,,0.0,normalDay
2019-03-13,0.0,561.0,0.0,0,281.34,0.0,1,5.7,0.09,SPY190329P00252000,252.0,0,0.0,0.0,,0.0,normalDay
2019-03-14,0.0,562.0,0.0,0,281.16,0.0,1,5.7,0.08,SPY190329P00252000,252.0,0,0.0,0.0,,0.0,normalDay
2019-03-15,0.0,565.0,0.0,0,281.31,0.0,1,5.7,0.05,SPY190329P00252000,252.0,0,0.0,0.0,,0.0,normalDay
2019-03-18,0.0,566.0,0.0,0,282.33,0.0,1,5.7,0.04,SPY190329P00252000,252.0,0,0.0,0.0,,0.0,normalDay
2019-03-19,0.0,566.0,0.0,0,282.4,0.0,1,5.7,0.04,SPY190329P00252000,252.0,0,0.0,0.0,,0.0,normalDay
2019-03-20,0.0,567.0,0.0,0,281.55,0.0,1,5.7,0.03,SPY190329P00252000,252.0,0,0.0,0.0,,0.0,normalDay
2019-03-21,0.0,568.0,0.0,0,284.73,0.0,1,5.7,0.02,SPY190329P00252000,252.0,0,0.0,0.0,,0.0,normalDay
2019-03-22,0.0,566.0,0.0,0,279.25,0.0,1,5.7,0.04,SPY190329P00252000,252.0,0,0.0,0.0,,0.0,normalDay
2019-03-25,0.0,568.0,0.0,0,279.04,0.0,1,5.7,0.02,SPY190329P00252000,252.0,0,0.0,0.0,,0.0,normalDay
2019-03-26,0.0,569.0,0.0,0,281.12,0.0,1,5.7,0.01,SPY190329P00252000,252.0,0,0.0,0.0,,0.0,normalDay
2019-03-27,0.0,569.0,0.0,0,279.65,0.0,1,5.7,0.01,SPY190329P00252000,252.0,0,0.0,0.0,,0.0,normalDay
2019-03-28,0.0,569.0,0.0,0,280.71,0.0,1,5.7,0.01,SPY190329P00252000,252.0,0,0.0,0.0,,0.0,normalDay
2019-03-29,570.0,0.0,570.0,0,282.48,0.0,1,5.7,0.0,SPY190329P00252000,252.0,0,0.0,0.0,,0.0,expirationDay
2019-04-01,570.0,-6.0,0.0,0,285.83,0.0,1,6.49,6.55,SPY190930P00271000,271.0,0,0.0,0.0,,0.0,normalDay
2019-04-02,570.0,1.0,0.0,0,285.97,0.0,1,6.49,6.48,SPY190930P00271000,271.0,0,0.0,0.0,,0.0,normalDay
2019-04-03,570.0,21.0,0.0,0,286.42,0.0,1,6.49,6.28,SPY190930P00271000,271.0,0,0.0,0.0,,0.0,normalDay
2019-04-04,570.0,39.0,0.0,0,287.18,0.0,1,6.49,6.1,SPY190930P00271000,271.0,0,0.0,0.0,,0.0,normalDay
2019-04-05,570.0,86.0,0.0,0,288.57,0.0,1,6.49,5.63,SPY190930P00271000,271.0,0,0.0,0.0,,0.0,normalDay
2019-04-08,570.0,93.0,0.0,0,288.79,0.0,1,6.49,5.56,SPY190930P00271000,271.0,0,0.0,0.0,,0.0,normalDay
2019-04-09,570.0,33.0,0.0,0,287.31,0.0,1,6.49,6.16,SPY190930P00271000,271.0,0,0.0,0.0,,0.0,normalDay
2019-04-10,570.0,84.0,0.0,0,288.29,0.0,1,6.49,5.65,SPY190930P00271000,271.0,0,0.0,0.0,,0.0,normalDay
2019-04-11,570.0,83.0,0.0,0,288.21,0.0,1,6.49,5.66,SPY190930P00271000,271.0,0,0.0,0.0,,0.0,normalDay
2019-04-12,570.0,148.0,0.0,0,290.16,0.0,1,6.49,5.01,SPY190930P00271000,271.0,0,0.0,0.0,,0.0,normalDay
2019-04-15,570.0,151.0,0.0,0,289.97,0.0,1,6.49,4.98,SPY190930P00271000,271.0,0,0.0,0.0,,0.0,normalDay
2019-04-16,570.0,156.0,0.0,0,290.16,0.0,1,6.49,4.93,SPY190930P00271000,271.0,0,0.0,0.0,,0.0,normalDay
2019-04-17,570.0,136.0,0.0,0,289.45,0.0,1,6.49,5.13,SPY190930P00271000,271.0,0,0.0,0.0,,0.0,normalDay
2019-04-18,570.0,155.0,0.0,0,290.02,0.0,1,6.49,4.94,SPY190930P00271000,271.0,0,0.0,0.0,,0.0,normalDay
2019-04-22,570.0,169.0,0.0,0,290.27,0.0,1,6.49,4.8,SPY190930P00271000,271.0,0,0.0,0.0,,0.0,normalDay
2019-04-23,570.0,219.0,0.0,0,292.88,0.0,1,6.49,4.3,SPY190930P00271000,271.0,0,0.0,0.0,,0.0,normalDay
2019-04-24,570.0,200.0,0.0,0,292.23,0.0,1,6.49,4.49,SPY190930P00271000,271.0,0,0.0,0.0,,0.0,normalDay
2019-04-25,570.0,189.0,0.0,0,292.05,0.0,1,6.49,4.6,SPY190930P00271000,271.0,0,0.0,0.0,,0.0,normalDay
2019-04-26,570.0,222.0,0.0,0,293.41,0.0,1,6.49,4.27,SPY190930P00271000,271.0,0,0.0,0.0,,0.0,normalDay
2019-04-29,570.0,227.0,0.0,0,293.87,0.0,1,6.49,4.22,SPY190930P00271000,271.0,0,0.0,0.0,,0.0,normalDay
2019-04-30,570.0,234.0,0.0,0,294.02,0.0,1,6.49,4.15,SPY190930P00271000,271.0,0,0.0,0.0,,0.0,normalDay
2019-05-01,570.0,169.0,0.0,0,291.81,0.0,1,6.49,4.8,SPY190930P00271000,271.0,0,0.0,0.0,,0.0,normalDay
2019-05-02,570.0,161.0,0.0,0,291.18,0.0,1,6.49,4.88,SPY190930P00271000,271.0,0,0.0,0.0,,0.0,normalDay
2019-05-03,570.0,237.0,0.0,0,294.03,0.0,1,6.49,4.12,SPY190930P00271000,271.0,0,0.0,0.0,,0.0,normalDay
2019-05-06,570.0,189.0,0.0,0,292.82,0.0,1,6.49,4.6,SPY190930P00271000,271.0,0,0.0,0.0,,0.0,normalDay
2019-05-07,570.0,9.0,0.0,0,287.93,0.0,1,6.49,6.4,SPY190930P00271000,271.0,0,0.0,0.0,,0.0,normalDay
2019-05-08,570.0,22.0,0.0,0,287.53,0.0,1,6.49,6.27,SPY190930P00271000,271.0,0,0.0,0.0,,0.0,normalDay
2019-05-09,570.0,17.0,0.0,0,286.66,0.0,1,6.49,6.32,SPY190930P00271000,271.0,0,0.0,0.0,,0.0,normalDay
2019-05-10,570.0,92.0,0.0,0,288.1,0.0,1,6.49,5.57,SPY190930P00271000,271.0,0,0.0,0.0,,0.0,normalDay
2019-05-13,570.0,-170.0,0.0,0,280.86,0.0,1,6.49,8.19,SPY190930P00271000,271.0,0,0.0,0.0,,0.0,normalDay
2019-05-14,570.0,-45.0,0.0,0,283.4,0.0,1,6.49,6.94,SPY190930P00271000,271.0,0,0.0,0.0,,0.0,normalDay
2019-05-15,570.0,35.0,0.0,0,285.06,0.0,1,6.49,6.14,SPY190930P00271000,271.0,0,0.0,0.0,,0.0,normalDay
2019-05-16,570.0,124.0,0.0,0,287.7,0.0,1,6.49,5.25,SPY190930P00271000,271.0,0,0.0,0.0,,0.0,normalDay
2019-05-17,570.0,72.0,0.0,0,285.84,0.0,1,6.49,5.77,SPY190930P00271000,271.0,0,0.0,0.0,,0.0,normalDay
2019-05-20,570.0,34.0,0.0,0,283.95,0.0,1,6.49,6.15,SPY190930P00271000,271.0,0,0.0,0.0,,0.0,normalDay
2019-05-21,570.0,123.0,0.0,0,286.51,0.0,1,6.49,5.26,SPY190930P00271000,271.0,0,0.0,0.0,,0.0,normalDay
2019-05-22,570.0,109.0,0.0,0,285.63,0.0,1,6.49,5.4,SPY190930P00271000,271.0,0,0.0,0.0,,0.0,normalDay
2019-05-23,570.0,-29.0,0.0,0,282.14,0.0,1,6.49,6.78,SPY190930P00271000,271.0,0,0.0,0.0,,0.0,normalDay
2019-05-24,570.0,13.0,0.0,0,282.78,0.0,1,6.49,6.36,SPY190930P00271000,271.0,0,0.0,0.0,,0.0,normalDay
2019-05-28,570.0,-67.0,0.0,0,280.15,0.0,1,6.49,7.16,SPY190930P00271000,271.0,0,0.0,0.0,,0.0,normalDay
2019-05-29,570.0,-142.0,0.0,0,278.27,0.0,1,6.49,7.91,SPY190930P00271000,271.0,0,0.0,0.0,,0.0,normalDay
2019-05-30,570.0,-109.0,0.0,0,279.03,0.0,1,6.49,7.58,SPY190930P00271000,271.0,0,0.0,0.0,,0.0,normalDay
2019-05-31,570.0,-269.0,0.0,0,275.27,0.0,1,6.49,9.18,SPY190930P00271000,271.0,0,0.0,0.0,,0.0,normalDay
2019-06-03,570.0,-268.0,0.0,0,274.57,0.0,1,6.49,9.17,SPY190930P00271000,271.0,0,0.0,0.0,,0.0,normalDay
2019-06-04,570.0,-35.0,0.0,0,280.53,0.0,1,6.49,6.84,SPY190930P00271000,271.0,0,0.0,0.0,,0.0,normalDay
2019-06-05,570.0,50.0,0.0,0,282.96,0.0,1,6.49,5.99,SPY190930P00271000,271.0,0,0.0,0.0,,0.0,normalDay
2019-06-06,570.0,104.0,0.0,0,284.8,0.0,1,6.49,5.45,SPY190930P00271000,271.0,0,0.0,0.0,,0.0,normalDay
2019-06-07,570.0,155.0,0.0,0,287.65,0.0,1,6.49,4.94,SPY190930P00271000,271.0,0,0.0,0.0,,0.0,normalDay
2019-06-10,570.0,201.0,0.0,0,288.97,0.0,1,6.49,4.48,SPY190930P00271000,271.0,0,0.0,0.0,,0.0,normalDay
2019-06-11,570.0,190.0,0.0,0,288.9,0.0,1,6.49,4.59,SPY190930P00271000,271.0,0,0.0,0.0,,0.0,normalDay
2019-06-12,570.0,189.0,0.0,0,288.39,0.0,1,6.49,4.6,SPY190930P00271000,271.0,0,0.0,0.0,,0.0,normalDay
2019-06-13,570.0,220.0,0.0,0,289.58,0.0,1,6.49,4.29,SPY190930P00271000,271.0,0,0.0,0.0,,0.0,normalDay
2019-06-14,570.0,229.0,0.0,0,289.26,0.0,1,6.49,4.2,SPY190930P00271000,271.0,0,0.0,0.0,,0.0,normalDay
2019-06-17,570.0,237.0,0.0,0,289.37,0.0,1,6.49,4.12,SPY190930P00271000,271.0,0,0.0,0.0,,0.0,normalDay
2019-06-18,570.0,289.0,0.0,0,292.4,0.0,1,6.49,3.6,SPY190930P00271000,271.0,0,0.0,0.0,,0.0,normalDay
2019-06-19,570.0,322.0,0.0,0,293.06,0.0,1,6.49,3.27,SPY190930P00271000,271.0,0,0.0,0.0,,0.0,normalDay
2019-06-20,570.0,357.0,0.0,0,295.86,0.0,1,6.49,2.92,SPY190930P00271000,271.0,0,0.0,0.0,,0.0,normalDay
2019-06-21,570.0,342.0,0.0,0,294.0,0.0,1,6.49,3.07,SPY190930P00271000,271.0,0,0.0,0.0,,0.0,normalDay
2019-06-24,570.0,349.0,0.0,0,293.64,0.0,1,6.49,3.0,SPY190930P00271000,271.0,0,0.0,0.0,,0.0,normalDay
2019-06-25,570.0,292.0,0.0,0,290.76,0.0,1,6.49,3.57,SPY190930P00271000,271.0,0,0.0,0.0,,0.0,normalDay
2019-06-26,570.0,288.0,0.0,0,290.47,0.0,1,6.49,3.61,SPY190930P00271000,271.0,0,0.0,0.0,,0.0,normalDay
2019-06-27,570.0,323.0,0.0,0,291.5,0.0,1,6.49,3.26,SPY190930P00271000,271.0,0,0.0,0.0,,0.0,normalDay
2019-06-28,570.0,368.0,0.0,0,293.0,0.0,1,6.49,2.81,SPY190930P00271000,271.0,0,0.0,0.0,,0.0,normalDay
2019-07-01,570.0,424.0,0.0,0,295.66,0.0,1,6.49,2.25,SPY190930P00271000,271.0,0,0.0,0.0,,0.0,normalDay
2019-07-02,570.0,453.0,0.0,0,296.43,0.0,1,6.49,1.96,SPY190930P00271000,271.0,0,0.0,0.0,,0.0,normalDay
2019-07-03,570.0,482.0,0.0,0,298.8,0.0,1,6.49,1.67,SPY190930P00271000,271.0,0,0.0,0.0,,0.0,normalDay
2019-07-05,570.0,473.0,0.0,0,298.46,0.0,1,6.49,1.76,SPY190930P00271000,271.0,0,0.0,0.0,,0.0,normalDay
2019-07-08,570.0,459.0,0.0,0,296.82,0.0,1,6.49,1.9,SPY190930P00271000,271.0,0,0.0,0.0,,0.0,normalDay
2019-07-09,570.0,457.0,0.0,0,297.19,0.0,1,6.49,1.92,SPY190930P00271000,271.0,0,0.0,0.0,,0.0,normalDay
2019-07-10,570.0,484.0,0.0,0,298.61,0.0,1,6.49,1.65,SPY190930P00271000,271.0,0,0.0,0.0,,0.0,normalDay
2019-07-11,570.0,494.0,0.0,0,299.31,0.0,1,6.49,1.55,SPY190930P00271000,271.0,0,0.0,0.0,,0.0,normalDay
2019-07-12,570.0,510.0,0.0,0,300.65,0.0,1,6.49,1.39,SPY190930P00271000,271.0,0,0.0,0.0,,0.0,normalDay
2019-07-15,570.0,511.0,0.0,0,300.75,0.0,1,6.49,1.38,SPY190930P00271000,271.0,0,0.0,0.0,,0.0,normalDay
2019-07-16,570.0,505.0,0.0,0,299.78,0.0,1,6.49,1.44,SPY190930P00271000,271.0,0,0.0,0.0,,0.0,normalDay
2019-07-17,570.0,479.0,0.0,0,297.74,0.0,1,6.49,1.7,SPY190930P00271000,271.0,0,0.0,0.0,,0.0,normalDay
2019-07-18,570.0,497.0,0.0,0,298.83,0.0,1,6.49,1.52,SPY190930P00271000,271.0,0,0.0,0.0,,0.0,normalDay
2019-07-19,570.0,480.0,0.0,0,297.17,0.0,1,6.49,1.69,SPY190930P00271000,271.0,0,0.0,0.0,,0.0,normalDay
2019-07-22,570.0,505.0,0.0,0,297.9,0.0,1,6.49,1.44,SPY190930P00271000,271.0,0,0.0,0.0,,0.0,normalDay
2019-07-23,570.0,532.0,0.0,0,300.03,0.0,1,6.49,1.17,SPY190930P00271000,271.0,0,0.0,0.0,,0.0,normalDay
2019-07-24,570.0,549.0,0.0,0,301.44,0.0,1,6.49,1.0,SPY190930P00271000,271.0,0,0.0,0.0,,0.0,normalDay
2019-07-25,570.0,534.0,0.0,0,300.0,0.0,1,6.49,1.15,SPY190930P00271000,271.0,0,0.0,0.0,,0.0,normalDay
2019-07-26,570.0,553.0,0.0,0,302.01,0.0,1,6.49,0.96,SPY190930P00271000,271.0,0,0.0,0.0,,0.0,normalDay
2019-07-29,570.0,552.0,0.0,0,301.46,0.0,1,6.49,0.97,SPY190930P00271000,271.0,0,0.0,0.0,,0.0,normalDay
2019-07-30,570.0,536.0,0.0,0,300.72,0.0,1,6.49,1.13,SPY190930P00271000,271.0,0,0.0,0.0,,0.0,normalDay
2019-07-31,570.0,492.0,0.0,0,297.43,0.0,1,6.49,1.57,SPY190930P00271000,271.0,0,0.0,0.0,,0.0,normalDay
2019-08-01,570.0,439.0,0.0,0,294.84,0.0,1,6.49,2.1,SPY190930P00271000,271.0,0,0.0,0.0,,0.0,normalDay
2019-08-02,570.0,409.0,0.0,0,292.62,0.0,1,6.49,2.4,SPY190930P00271000,271.0,0,0.0,0.0,,0.0,normalDay
2019-08-05,570.0,115.0,0.0,0,283.82,0.0,1,6.49,5.34,SPY190930P00271000,271.0,0,0.0,0.0,,0.0,normalDay
2019-08-06,570.0,300.0,0.0,0,287.8,0.0,1,6.49,3.49,SPY190930P00271000,271.0,0,0.0,0.0,,0.0,normalDay
2019-08-07,570.0,311.0,0.0,0,287.97,0.0,1,6.49,3.38,SPY190930P00271000,271.0,0,0.0,0.0,,0.0,normalDay
2019-08-08,570.0,444.0,0.0,0,293.62,0.0,1,6.49,2.05,SPY190930P00271000,271.0,0,0.0,0.0,,0.0,normalDay
2019-08-09,570.0,408.0,0.0,0,291.62,0.0,1,6.49,2.41,SPY190930P00271000,271.0,0,0.0,0.0,,0.0,normalDay
2019-08-12,570.0,300.0,0.0,0,288.07,0.0,1,6.49,3.49,SPY190930P00271000,271.0,0,0.0,0.0,,0.0,normalDay
2019-08-13,570.0,436.0,0.0,0,292.55,0.0,1,6.49,2.13,SPY190930P00271000,271.0,0,0.0,0.0,,0.0,normalDay
2019-08-14,570.0,213.0,0.0,0,283.9,0.0,1,6.49,4.36,SPY190930P00271000,271.0,0,0.0,0.0,,0.0,normalDay
2019-08-15,570.0,255.0,0.0,0,284.65,0.0,1,6.49,3.94,SPY190930P00271000,271.0,0,0.0,0.0,,0.0,normalDay
2019-08-16,570.0,392.0,0.0,0,288.85,0.0,1,6.49,2.57,SPY190930P00271000,271.0,0,0.0,0.0,,0.0,normalDay
2019-08-19,570.0,488.0,0.0,0,292.33,0.0,1,6.49,1.61,SPY190930P00271000,271.0,0,0.0,0.0,,0.0,normalDay
2019-08-20,570.0,452.0,0.0,0,290.09,0.0,1,6.49,1.97,SPY190930P00271000,271.0,0,0.0,0.0,,0.0,normalDay
2019-08-21,570.0,522.0,0.0,0,292.45,0.0,1,6.49,1.27,SPY190930P00271000,271.0,0,0.0,0.0,,0.0,normalDay
2019-08-22,570.0,506.0,0.0,0,292.36,0.0,1,6.49,1.43,SPY190930P00271000,271.0,0,0.0,0.0,,0.0,normalDay
2019-08-23,570.0,366.0,0.0,0,284.85,0.0,1,6.49,2.83,SPY190930P00271000,271.0,0,0.0,0.0,,0.0,normalDay
2019-08-26,570.0,436.0,0.0,0,288.0,0.0,1,6.49,2.13,SPY190930P00271000,271.0,0,0.0,0.0,,0.0,normalDay
2019-08-27,570.0,401.0,0.0,0,286.87,0.0,1,6.49,2.48,SPY190930P00271000,271.0,0,0.0,0.0,,0.0,normalDay
2019-08-28,570.0,457.0,0.0,0,288.89,0.0,1,6.49,1.92,SPY190930P00271000,271.0,0,0.0,0.0,,0.0,normalDay
2019-08-29,570.0,517.0,0.0,0,292.58,0.0,1,6.49,1.32,SPY190930P00271000,271.0,0,0.0,0.0,,0.0,normalDay
2019-08-30,570.0,508.0,0.0,0,292.45,0.0,1,6.49,1.41,SPY190930P00271000,271.0,0,0.0,0.0,,0.0,normalDay
2019-09-03,570.0,503.0,0.0,0,290.74,0.0,1,6.49,1.46,SPY190930P00271000,271.0,0,0.0,0.0,,0.0,normalDay
2019-09-04,570.0,570.0,0.0,0,294.04,0.0,1,6.49,0.79,SPY190930P00271000,271.0,0,0.0,0.0,,0.0,normalDay
2019-09-05,570.0,597.0,0.0,0,297.82,0.0,1,6.49,0.52,SPY190930P00271000,271.0,0,0.0,0.0,,0.0,normalDay
2019-09-06,570.0,614.0,0.0,0,298.05,0.0,1,6.49,0.35,SPY190930P00271000,271.0,0,0.0,0.0,,0.0,normalDay
2019-09-09,570.0,618.0,0.0,0,298.2,0.0,1,6.49,0.31,SPY190930P00271000,271.0,0,0.0,0.0,,0.0,normalDay
2019-09-10,570.0,622.0,0.0,0,298.13,0.0,1,6.49,0.27,SPY190930P00271000,271.0,0,0.0,0.0,,0.0,normalDay
2019-09-11,570.0,630.0,0.0,0,300.25,0.0,1,6.49,0.19,SPY190930P00271000,271.0,0,0.0,0.0,,0.0,normalDay
2019-09-12,570.0,633.0,0.0,0,301.29,0.0,1,6.49,0.16,SPY190930P00271000,271.0,0,0.0,0.0,,0.0,normalDay
2019-09-13,570.0,635.0,0.0,0,301.09,0.0,1,6.49,0.14,SPY190930P00271000,271.0,0,0.0,0.0,,0.0,normalDay
2019-09-16,570.0,636.0,0.0,0,300.16,0.0,1,6.49,0.13,SPY190930P00271000,271.0,0,0.0,0.0,,0.0,normalDay
2019-09-17,570.0,637.0,0.0,0,300.92,0.0,1,6.49,0.12,SPY190930P00271000,271.0,0,0.0,0.0,,0.0,normalDay
2019-09-18,570.0,639.0,0.0,0,301.1,0.0,1,6.49,0.1,SPY190930P00271000,271.0,0,0.0,0.0,,0.0,normalDay
2019-09-19,570.0,640.0,0.0,0,301.08,0.0,1,6.49,0.09,SPY190930P00271000,271.0,0,0.0,0.0,,0.0,normalDay
2019-09-20,570.0,641.0,0.0,0,298.28,0.0,1,6.49,0.08,SPY190930P00271000,271.0,0,0.0,0.0,,0.0,normalDay
2019-09-23,570.0,645.0,0.0,0,298.21,0.0,1,6.49,0.04,SPY190930P00271000,271.0,0,0.0,0.0,,0.0,normalDay
2019-09-24,570.0,641.0,0.0,0,295.87,0.0,1,6.49,0.08,SPY190930P00271000,271.0,0,0.0,0.0,,0.0,normalDay
2019-09-25,570.0,646.0,0.0,0,297.62,0.0,1,6.49,0.03,SPY190930P00271000,271.0,0,0.0,0.0,,0.0,normalDay
2019-09-26,570.0,647.0,0.0,0,297.0,0.0,1,6.49,0.02,SPY190930P00271000,271.0,0,0.0,0.0,,0.0,normalDay
2019-09-27,570.0,647.0,0.0,0,295.4,0.0,1,6.49,0.02,SPY190930P00271000,271.0,0,0.0,0.0,,0.0,normalDay
2019-09-30,1219.0,0.0,649.0,0,296.77,0.0,1,6.49,0.0,SPY190930P00271000,271.0,0,0.0,0.0,,0.0,expirationDay
2019-10-01,1219.0,-10.0,0.0,0,293.24,0.0,1,13.24,13.34,SPY200331P00291000,291.0,0,0.0,0.0,,0.0,normalDay
2019-10-02,1219.0,-302.0,0.0,0,288.06,0.0,1,13.24,16.26,SPY200331P00291000,291.0,0,0.0,0.0,,0.0,normalDay
2019-10-03,1219.0,-151.0,0.0,0,290.42,0.0,1,13.24,14.75,SPY200331P00291000,291.0,0,0.0,0.0,,0.0,normalDay
2019-10-04,1219.0,65.0,0.0,0,294.35,0.0,1,13.24,12.59,SPY200331P00291000,291.0,0,0.0,0.0,,0.0,normalDay
2019-10-07,1219.0,20.0,0.0,0,293.08,0.0,1,13.24,13.04,SPY200331P00291000,291.0,0,0.0,0.0,,0.0,normalDay
2019-10-08,1219.0,-218.0,0.0,0,288.53,0.0,1,13.24,15.42,SPY200331P00291000,291.0,0,0.0,0.0,,0.0,normalDay
2019-10-09,1219.0,-77.0,0.0,0,291.27,0.0,1,13.24,14.01,SPY200331P00291000,291.0,0,0.0,0.0,,0.0,normalDay
2019-10-10,1219.0,46.0,0.0,0,293.24,0.0,1,13.24,12.78,SPY200331P00291000,291.0,0,0.0,0.0,,0.0,normalDay
2019-10-11,1219.0,211.0,0.0,0,296.28,0.0,1,13.24,11.13,SPY200331P00291000,291.0,0,0.0,0.0,,0.0,normalDay
2019-10-14,1219.0,228.0,0.0,0,295.95,0.0,1,13.24,10.96,SPY200331P00291000,291.0,0,0.0,0.0,,0.0,normalDay
2019-10-15,1219.0,358.0,0.0,0,298.88,0.0,1,13.24,9.66,SPY200331P00291000,291.0,0,0.0,0.0,,0.0,normalDay
2019-10-16,1219.0,353.0,0.0,0,298.4,0.0,1,13.24,9.71,SPY200331P00291000,291.0,0,0.0,0.0,,0.0,normalDay
2019-10-17,1219.0,376.0,0.0,0,299.28,0.0,1,13.24,9.48,SPY200331P00291000,291.0,0,0.0,0.0,,0.0,normalDay
2019-10-18,1219.0,336.0,0.0,0,297.97,0.0,1,13.24,9.88,SPY200331P00291000,291.0,0,0.0,0.0,,0.0,normalDay
2019-10-21,1219.0,428.0,0.0,0,299.99,0.0,1,13.24,8.96,SPY200331P00291000,291.0,0,0.0,0.0,,0.0,normalDay
2019-10-22,1219.0,388.0,0.0,0,299.01,0.0,1,13.24,9.36,SPY200331P00291000,291.0,0,0.0,0.0,,0.0,normalDay
2019-10-23,1219.0,433.0,0.0,0,299.88,0.0,1,13.24,8.91,SPY200331P00291000,291.0,0,0.0,0.0,,0.0,normalDay
2019-10-24,1219.0,447.0,0.0,0,300.37,0.0,1,13.24,8.77,SPY200331P00291000,291.0,0,0.0,0.0,,0.0,normalDay
2019-10-25,1219.0,509.0,0.0,0,301.6,0.0,1,13.24,8.15,SPY200331P00291000,291.0,0,0.0,0.0,,0.0,normalDay
2019-10-28,1219.0,556.0,0.0,0,303.3,0.0,1,13.24,7.68,SPY200331P00291000,291.0,0,0.0,0.0,,0.0,normalDay
2019-10-29,1219.0,544.0,0.0,0,303.21,0.0,1,13.24,7.8,SPY200331P00291000,291.0,0,0.0,0.0,,0.0,normalDay
2019-10-30,1219.0,593.0,0.0,0,304.14,0.0,1,13.24,7.31,SPY200331P00291000,291.0,0,0.0,0.0,,0.0,normalDay
2019-10-31,1219.0,549.0,0.0,0,303.33,0.0,1,13.24,7.75,SPY200331P00291000,291.0,0,0.0,0.0,,0.0,normalDay
2019-11-01,1219.0,637.0,0.0,0,306.14,0.0,1,13.24,6.87,SPY200331P00291000,291.0,0,0.0,0.0,,0.0,normalDay
2019-11-04,1219.0,671.0,0.0,0,307.37,0.0,1,13.24,6.53,SPY200331P00291000,291.0,0,0.0,0.0,,0.0,normalDay
2019-11-05,1219.0,653.0,0.0,0,307.03,0.0,1,13.24,6.71,SPY200331P00291000,291.0,0,0.0,0.0,,0.0,normalDay
2019-11-06,1219.0,659.0,0.0,0,307.1,0.0,1,13.24,6.65,SPY200331P00291000,291.0,0,0.0,0.0,,0.0,normalDay
2019-11-07,1219.0,679.0,0.0,0,308.18,0.0,1,13.24,6.45,SPY200331P00291000,291.0,0,0.0,0.0,,0.0,normalDay
2019-11-08,1219.0,713.0,0.0,0,308.94,0.0,1,13.24,6.11,SPY200331P00291000,291.0,0,0.0,0.0,,0.0,normalDay
2019-11-11,1219.0,707.0,0.0,0,308.35,0.0,1,13.24,6.17,SPY200331P00291000,291.0,0,0.0,0.0,,0.0,normalDay
2019-11-12,1219.0,716.0,0.0,0,309.0,0.0,1,13.24,6.08,SPY200331P00291000,291.0,0,0.0,0.0,,0.0,normalDay
2019-11-13,1219.0,720.0,0.0,0,309.1,0.0,1,13.24,6.04,SPY200331P00291000,291.0,0,0.0,0.0,,0.0,normalDay
2019-11-14,1219.0,734.0,0.0,0,309.55,0.0,1,13.24,5.9,SPY200331P00291000,291.0,0,0.0,0.0,,0.0,normalDay
2019-11-15,1219.0,800.0,0.0,0,311.79,0.0,1,13.24,5.24,SPY200331P00291000,291.0,0,0.0,0.0,,0.0,normalDay
2019-11-18,1219.0,812.0,0.0,0,312.02,0.0,1,13.24,5.12,SPY200331P00291000,291.0,0,0.0,0.0,,0.0,normalDay
2019-11-19,1219.0,799.0,0.0,0,311.93,0.0,1,13.24,5.25,SPY200331P00291000,291.0,0,0.0,0.0,,0.0,normalDay
2019-11-20,1219.0,766.0,0.0,0,310.77,0.0,1,13.24,5.58,SPY200331P00291000,291.0,0,0.0,0.0,,0.0,normalDay
2019-11-21,1219.0,754.0,0.0,0,310.27,0.0,1,13.24,5.7,SPY200331P00291000,291.0,0,0.0,0.0,,0.0,normalDay
2019-11-22,1219.0,788.0,0.0,0,310.96,0.0,1,13.24,5.36,SPY200331P00291000,291.0,0,0.0,0.0,,0.0,normalDay
2019-11-25,1219.0,858.0,0.0,0,313.37,0.0,1,13.24,4.66,SPY200331P00291000,291.0,0,0.0,0.0,,0.0,normalDay
2019-11-26,1219.0,886.0,0.0,0,314.08,0.0,1,13.24,4.38,SPY200331P00291000,291.0,0,0.0,0.0,,0.0,normalDay
2019-11-27,1219.0,907.0,0.0,0,315.48,0.0,1,13.24,4.17,SPY200331P00291000,291.0,0,0.0,0.0,,0.0,normalDay
2019-11-29,1219.0,872.0,0.0,0,314.31,0.0,1,13.24,4.52,SPY200331P00291000,291.0,0,0.0,0.0,,0.0,normalDay
2019-12-02,1219.0,788.0,0.0,0,311.64,0.0,1,13.24,5.36,SPY200331P00291000,291.0,0,0.0,0.0,,0.0,normalDay
2019-12-03,1219.0,714.0,0.0,0,309.55,0.0,1,13.24,6.1,SPY200331P00291000,291.0,0,0.0,0.0,,0.0,normalDay
2019-12-04,1219.0,775.0,0.0,0,311.46,0.0,1,13.24,5.49,SPY200331P00291000,291.0,0,0.0,0.0,,0.0,normalDay
2019-12-05,1219.0,809.0,0.0,0,312.02,0.0,1,13.24,5.15,SPY200331P00291000,291.0,0,0.0,0.0,,0.0,normalDay
2019-12-06,1219.0,882.0,0.0,0,314.87,0.0,1,13.24,4.42,SPY200331P00291000,291.0,0,0.0,0.0,,0.0,normalDay
2019-12-09,1219.0,840.0,0.0,0,313.88,0.0,1,13.24,4.84,SPY200331P00291000,291.0,0,0.0,0.0,,0.0,normalDay
2019-12-10,1219.0,852.0,0.0,0,313.53,0.0,1,13.24,4.72,SPY200331P00291000,291.0,0,0.0,0.0,,0.0,normalDay
2019-12-11,1219.0,882.0,0.0,0,314.42,0.0,1,13.24,4.42,SPY200331P00291000,291.0,0,0.0,0.0,,0.0,normalDay
2019-12-12,1219.0,950.0,0.0,0,317.13,0.0,1,13.24,3.74,SPY200331P00291000,291.0,0,0.0,0.0,,0.0,normalDay
2019-12-13,1219.0,990.0,0.0,0,317.32,0.0,1,13.24,3.34,SPY200331P00291000,291.0,0,0.0,0.0,,0.0,normalDay
2019-12-16,1219.0,1041.0,0.0,0,319.5,0.0,1,13.24,2.83,SPY200331P00291000,291.0,0,0.0,0.0,,0.0,normalDay
2019-12-17,1219.0,1039.0,0.0,0,319.57,0.0,1,13.24,2.85,SPY200331P00291000,291.0,0,0.0,0.0,,0.0,normalDay
2019-12-18,1219.0,1039.0,0.0,0,319.59,0.0,1,13.24,2.85,SPY200331P00291000,291.0,0,0.0,0.0,,0.0,normalDay
2019-12-19,1219.0,1061.0,0.0,0,320.9,0.0,1,13.24,2.63,SPY200331P00291000,291.0,0,0.0,0.0,,0.0,normalDay
2019-12-20,1219.0,1070.0,0.0,0,320.73,0.0,1,13.24,2.54,SPY200331P00291000,291.0,0,0.0,0.0,,0.0,normalDay
2019-12-23,1219.0,1072.0,0.0,0,321.22,0.0,1,13.24,2.52,SPY200331P00291000,291.0,0,0.0,0.0,,0.0,normalDay
2019-12-24,1219.0,1078.0,0.0,0,321.23,0.0,1,13.24,2.46,SPY200331P00291000,291.0,0,0.0,0.0,,0.0,normalDay
2019-12-26,1219.0,1102.0,0.0,0,322.94,0.0,1,13.24,2.22,SPY200331P00291000,291.0,0,0.0,0.0,,0.0,normalDay
2019-12-27,1219.0,1091.0,0.0,0,322.86,0.0,1,13.24,2.33,SPY200331P00291000,291.0,0,0.0,0.0,,0.0,normalDay
2019-12-30,1219.0,1065.0,0.0,0,321.08,0.0,1,13.24,2.59,SPY200331P00291000,291.0,0,0.0,0.0,,0.0,normalDay
2019-12-31,1219.0,1095.0,0.0,0,321.86,0.0,1,13.24,2.29,SPY200331P00291000,291.0,0,0.0,0.0,,0.0,normalDay
2020-01-02,1219.0,1141.0,0.0,0,324.87,0.0,1,13.24,1.83,SPY200331P00291000,291.0,0,0.0,0.0,,0.0,normalDay
2020-01-03,1219.0,1099.0,0.0,0,322.41,0.0,1,13.24,2.25,SPY200331P00291000,291.0,0,0.0,0.0,,0.0,normalDay
2020-01-06,1219.0,1126.0,0.0,0,323.64,0.0,1,13.24,1.98,SPY200331P00291000,291.0,0,0.0,0.0,,0.0,normalDay
2020-01-07,1219.0,1117.0,0.0,0,322.73,0.0,1,13.24,2.07,SPY200331P00291000,291.0,0,0.0,0.0,,0.0,normalDay
2020-01-08,1219.0,1145.0,0.0,0,324.45,0.0,1,13.24,1.79,SPY200331P00291000,291.0,0,0.0,0.0,,0.0,normalDay
2020-01-09,1219.0,1175.0,0.0,0,326.65,0.0,1,13.24,1.49,SPY200331P00291000,291.0,0,0.0,0.0,,0.0,normalDay
2020-01-10,1219.0,1170.0,0.0,0,325.71,0.0,1,13.24,1.54,SPY200331P00291000,291.0,0,0.0,0.0,,0.0,normalDay
2020-01-13,1219.0,1199.0,0.0,0,327.95,0.0,1,13.24,1.25,SPY200331P00291000,291.0,0,0.0,0.0,,0.0,normalDay
2020-01-14,1219.0,1201.0,0.0,0,327.45,0.0,1,13.24,1.23,SPY200331P00291000,291.0,0,0.0,0.0,,0.0,normalDay
2020-01-15,1219.0,1207.0,0.0,0,328.19,0.0,1,13.24,1.17,SPY200331P00291000,291.0,0,0.0,0.0,,0.0,normalDay
2020-01-16,1219.0,1223.0,0.0,0,330.92,0.0,1,13.24,1.01,SPY200331P00291000,291.0,0,0.0,0.0,,0.0,normalDay
2020-01-17,1219.0,1231.0,0.0,0,331.95,0.0,1,13.24,0.93,SPY200331P00291000,291.0,0,0.0,0.0,,0.0,normalDay
2020-01-21,1219.0,1229.0,0.0,0,331.3,0.0,1,13.24,0.95,SPY200331P00291000,291.0,0,0.0,0.0,,0.0,normalDay
2020-01-22,1219.0,1230.0,0.0,0,331.34,0.0,1,13.24,0.94,SPY200331P00291000,291.0,0,0.0,0.0,,0.0,normalDay
2020-01-23,1219.0,1232.0,0.0,0,331.72,0.0,1,13.24,0.92,SPY200331P00291000,291.0,0,0.0,0.0,,0.0,normalDay
2020-01-24,1219.0,1203.0,0.0,0,328.77,0.0,1,13.24,1.21,SPY200331P00291000,291.0,0,0.0,0.0,,0.0,normalDay
2020-01-27,1219.0,1115.0,0.0,0,323.5,0.0,1,13.24,2.09,SPY200331P00291000,291.0,0,0.0,0.0,,0.0,normalDay
2020-01-28,1219.0,1178.0,0.0,0,326.89,0.0,1,13.24,1.46,SPY200331P00291000,291.0,0,0.0,0.0,,0.0,normalDay
2020-01-29,1219.0,1180.0,0.0,0,326.62,0.0,1,13.24,1.44,SPY200331P00291000,291.0,0,0.0,0.0,,0.0,normalDay
2020-01-30,1219.0,1205.0,0.0,0,327.68,0.0,1,13.24,1.19,SPY200331P00291000,291.0,0,0.0,0.0,,0.0,normalDay
2020-01-31,1219.0,1119.0,0.0,0,321.73,0.0,1,13.24,2.05,SPY200331P00291000,291.0,0,0.0,0.0,,0.0,normalDay
2020-02-03,1219.0,1154.0,0.0,0,324.12,0.0,1,13.24,1.7,SPY200331P00291000,291.0,0,0.0,0.0,,0.0,normalDay
2020-02-04,1219.0,1221.0,0.0,0,329.06,0.0,1,13.24,1.03,SPY200331P00291000,291.0,0,0.0,0.0,,0.0,normalDay
2020-02-05,1219.0,1247.0,0.0,0,332.86,0.0,1,13.24,0.77,SPY200331P00291000,291.0,0,0.0,0.0,,0.0,normalDay
2020-02-06,1219.0,1250.0,0.0,0,333.98,0.0,1,13.24,0.74,SPY200331P00291000,291.0,0,0.0,0.0,,0.0,normalDay
2020-02-07,1219.0,1243.0,0.0,0,332.2,0.0,1,13.24,0.81,SPY200331P00291000,291.0,0,0.0,0.0,,0.0,normalDay
2020-02-10,1219.0,1259.0,0.0,0,334.68,0.0,1,13.24,0.65,SPY200331P00291000,291.0,0,0.0,0.0,,0.0,normalDay
2020-02-11,1219.0,1261.0,0.0,0,335.26,0.0,1,13.24,0.63,SPY200331P00291000,291.0,0,0.0,0.0,,0.0,normalDay
2020-02-12,1219.0,1275.0,0.0,0,337.42,0.0,1,13.24,0.49,SPY200331P00291000,291.0,0,0.0,0.0,,0.0,normalDay
2020-02-13,1219.0,1274.0,0.0,0,337.06,0.0,1,13.24,0.5,SPY200331P00291000,291.0,0,0.0,0.0,,0.0,normalDay
2020-02-14,1219.0,1279.0,0.0,0,337.6,0.0,1,13.24,0.45,SPY200331P00291000,291.0,0,0.0,0.0,,0.0,normalDay
2020-02-18,1219.0,1277.0,0.0,0,336.73,0.0,1,13.24,0.47,SPY200331P00291000,291.0,0,0.0,0.0,,0.0,normalDay
2020-02-19,1219.0,1284.0,0.0,0,338.34,0.0,1,13.24,0.4,SPY200331P00291000,291.0,0,0.0,0.0,,0.0,normalDay
2020-02-20,1219.0,1276.0,0.0,0,336.95,0.0,1,13.24,0.48,SPY200331P00291000,291.0,0,0.0,0.0,,0.0,normalDay
2020-02-21,1219.0,1260.0,0.0,0,333.48,0.0,1,13.24,0.64,SPY200331P00291000,291.0,0,0.0,0.0,,0.0,normalDay
2020-02-24,1219.0,1109.0,0.0,0,322.42,0.0,1,13.24,2.15,SPY200331P00291000,291.0,0,0.0,0.0,,0.0,normalDay
2020-02-25,1219.0,977.0,0.0,0,312.65,0.0,1,13.24,3.47,SPY200331P00291000,291.0,0,0.0,0.0,,0.0,normalDay
2020-02-26,1219.0,972.0,0.0,0,311.5,0.0,1,13.24,3.52,SPY200331P00291000,291.0,0,0.0,0.0,,0.0,normalDay
2020-02-27,1219.0,316.0,0.0,0,297.51,0.0,1,13.24,10.08,SPY200331P00291000,291.0,0,0.0,0.0,,0.0,normalDay
2020-02-28,1219.0,230.0,0.0,0,296.26,0.0,1,13.24,10.94,SPY200331P00291000,291.0,0,0.0,0.0,,0.0,normalDay
2020-03-02,1219.0,834.0,0.0,0,309.09,0.0,1,13.24,4.9,SPY200331P00291000,291.0,0,0.0,0.0,,0.0,normalDay
2020-03-03,1219.0,550.0,0.0,0,300.24,0.0,1,13.24,7.74,SPY200331P00291000,291.0,0,0.0,0.0,,0.0,normalDay
2020-03-04,1219.0,913.0,0.0,0,312.86,0.0,1,13.24,4.11,SPY200331P00291000,291.0,0,0.0,0.0,,0.0,normalDay
2020-03-05,1219.0,507.0,0.0,0,302.46,0.0,1,13.24,8.17,SPY200331P00291000,291.0,0,0.0,0.0,,0.0,normalDay
2020-03-06,1219.0,322.0,0.0,0,297.46,0.0,1,13.24,10.02,SPY200331P00291000,291.0,0,0.0,0.0,,0.0,normalDay
2020-03-09,1219.0,-1065.0,0.0,0,274.23,0.0,1,13.24,23.89,SPY200331P00291000,291.0,0,0.0,0.0,,0.0,normalDay
2020-03-10,1219.0,-74.0,0.0,0,288.42,0.0,1,13.24,13.98,SPY200331P00291000,291.0,0,0.0,0.0,,0.0,normalDay
2020-03-11,1219.0,-1005.0,0.0,0,274.36,0.0,1,13.24,23.29,SPY200331P00291000,291.0,0,0.0,0.0,,0.0,normalDay
2020-03-12,1219.0,-3207.0,0.0,0,248.11,0.0,1,13.24,45.31,SPY200331P00291000,291.0,0,0.0,0.0,,0.0,normalDay
2020-03-13,1219.0,-1282.0,0.0,0,269.32,0.0,1,13.24,26.06,SPY200331P00291000,291.0,0,0.0,0.0,,0.0,normalDay
2020-03-16,1219.0,-3662.0,0.0,0,239.85,0.0,1,13.24,49.86,SPY200331P00291000,291.0,0,0.0,0.0,,0.0,normalDay
2020-03-17,1219.0,-2844.0,0.0,0,252.8,0.0,1,13.24,41.68,SPY200331P00291000,291.0,0,0.0,0.0,,0.0,normalDay
2020-03-18,1219.0,-4040.0,0.0,0,240.0,0.0,1,13.24,53.64,SPY200331P00291000,291.0,0,0.0,0.0,,0.0,normalDay
2020-03-19,1219.0,-3997.0,0.0,0,240.51,0.0,1,13.24,53.21,SPY200331P00291000,291.0,0,0.0,0.0,,0.0,normalDay
2020-03-20,1219.0,-4927.0,0.0,0,228.8,0.0,1,13.24,62.51,SPY200331P00291000,291.0,0,0.0,0.0,,0.0,normalDay
2020-03-23,1219.0,-5720.0,0.0,0,222.95,0.0,1,13.24,70.44,SPY200331P00291000,291.0,0,0.0,0.0,,0.0,normalDay
2020-03-24,1219.0,-3584.0,0.0,0,243.15,0.0,1,13.24,49.08,SPY200331P00291000,291.0,0,0.0,0.0,,0.0,normalDay
2020-03-25,1219.0,-3106.0,0.0,0,246.79,0.0,1,13.24,44.3,SPY200331P00291000,291.0,0,0.0,0.0,,0.0,normalDay
2020-03-26,1219.0,-1721.0,0.0,0,261.2,0.0,1,13.24,30.45,SPY200331P00291000,291.0,0,0.0,0.0,,0.0,normalDay
2020-03-27,1219.0,-2500.0,0.0,0,253.42,0.0,1,13.24,38.24,SPY200331P00291000,291.0,0,0.0,0.0,,0.0,normalDay
2020-03-30,1219.0,-1694.0,0.0,0,261.65,0.0,1,13.24,30.18,SPY200331P00291000,291.0,0,0.0,0.0,,0.0,normalDay
2020-03-31,2543.0,-3325.0,1324.0,100,257.75,291.0,1,13.24,0.0,SPY200331P00291000,291.0,0,0.0,0.0,,0.0,expirationDay
2020-04-01,2543.0,-4489.0,0.0,100,246.15,291.0,0,0.0,0.0,,0.0,1,0.01,0.05,SPY200515C00344000,344.0,normalDay
2020-04-02,2543.0,-3921.0,0.0,100,251.83,291.0,0,0.0,0.0,,0.0,1,0.01,0.05,SPY200515C00344000,344.0,normalDay
2020-04-03,2543.0,-4284.0,0.0,100,248.19,291.0,0,0.0,0.0,,0.0,1,0.01,0.04,SPY200515C00344000,344.0,normalDay
2020-04-06,2543.0,-2617.0,0.0,100,264.86,291.0,0,0.0,0.0,,0.0,1,0.01,0.04,SPY200515C00344000,344.0,normalDay
2020-04-07,2543.0,-2591.0,0.0,100,265.13,291.0,0,0.0,0.0,,0.0,1,0.01,0.05,SPY200515C00344000,344.0,normalDay
2020-04-08,2543.0,-1703.0,0.0,100,274.03,291.0,0,0.0,0.0,,0.0,1,0.01,0.07,SPY200515C00344000,344.0,normalDay
2020-04-09,2543.0,-1288.0,0.0,100,278.2,291.0,0,0.0,0.0,,0.0,1,0.01,0.09,SPY200515C00344000,344.0,normalDay
2020-04-13,2543.0,-1538.0,0.0,100,275.66,291.0,0,0.0,0.0,,0.0,1,0.01,0.05,SPY200515C00344000,344.0,normalDay
2020-04-14,2543.0,-727.0,0.0,100,283.79,291.0,0,0.0,0.0,,0.0,1,0.01,0.07,SPY200515C00344000,344.0,normalDay
2020-04-15,2543.0,-1328.0,0.0,100,277.76,291.0,0,0.0,0.0,,0.0,1,0.01,0.05,SPY200515C00344000,344.0,normalDay
2020-04-16,2543.0,-1193.0,0.0,100,279.1,291.0,0,0.0,0.0,,0.0,1,0.01,0.04,SPY200515C00344000,344.0,normalDay
2020-04-17,2543.0,-440.0,0.0,100,286.64,291.0,0,0.0,0.0,,0.0,1,0.01,0.05,SPY200515C00344000,344.0,normalDay
2020-04-20,2543.0,-944.0,0.0,100,281.59,291.0,0,0.0,0.0,,0.0,1,0.01,0.04,SPY200515C00344000,344.0,normalDay
2020-04-21,2543.0,-1798.0,0.0,100,273.04,291.0,0,0.0,0.0,,0.0,1,0.01,0.03,SPY200515C00344000,344.0,normalDay
2020-04-22,2543.0,-1191.0,0.0,100,279.1,291.0,0,0.0,0.0,,0.0,1,0.01,0.02,SPY200515C00344000,344.0,normalDay
2020-04-23,2543.0,-1193.0,0.0,100,279.08,291.0,0,0.0,0.0,,0.0,1,0.01,0.02,SPY200515C00344000,344.0,normalDay
2020-04-24,2543.0,-804.0,0.0,100,282.97,291.0,0,0.0,0.0,,0.0,1,0.01,0.02,SPY200515C00344000,344.0,normalDay
2020-04-27,2543.0,-396.0,0.0,100,287.05,291.0,0,0.0,0.0,,0.0,1,0.01,0.02,SPY200515C00344000,344.0,normalDay
2020-04-28,2543.0,-528.0,0.0,100,285.73,291.0,0,0.0,0.0,,0.0,1,0.01,0.02,SPY200515C00344000,344.0,normalDay
2020-04-29,2543.0,218.0,0.0,100,293.21,291.0,0,0.0,0.0,,0.0,1,0.01,0.04,SPY200515C00344000,344.0,normalDay
2020-04-30,2543.0,-54.0,0.0,100,290.48,291.0,0,0.0,0.0,,0.0,1,0.01,0.03,SPY200515C00344000,344.0,normalDay
2020-05-01,2543.0,-821.0,0.0,100,282.79,291.0,0,0.0,0.0,,0.0,1,0.01,0.01,SPY200515C00344000,344.0,normalDay
2020-05-04,2543.0,-743.0,0.0,100,283.57,291.0,0,0.0,0.0,,0.0,1,0.01,0.01,SPY200515C00344000,344.0,normalDay
2020-05-05,2543.0,-481.0,0.0,100,286.19,291.0,0,0.0,0.0,,0.0,1,0.01,0.01,SPY200515C00344000,344.0,normalDay
2020-05-06,2543.0,-675.0,0.0,100,284.25,291.0,0,0.0,0.0,,0.0,1,0.01,0.01,SPY200515C00344000,344.0,normalDay
2020-05-07,2543.0,-332.0,0.0,100,287.68,291.0,0,0.0,0.0,,0.0,1,0.01,0.01,SPY200515C00344000,344.0,normalDay
2020-05-08,2543.0,144.0,0.0,100,292.44,291.0,0,0.0,0.0,,0.0,1,0.01,0.01,SPY200515C00344000,344.0,normalDay
2020-05-11,2543.0,150.0,0.0,100,292.5,291.0,0,0.0,0.0,,0.0,1,0.01,0.01,SPY200515C00344000,344.0,normalDay
2020-05-12,2543.0,-433.0,0.0,100,286.67,291.0,0,0.0,0.0,,0.0,1,0.01,0.01,SPY200515C00344000,344.0,normalDay
2020-05-13,2543.0,-940.0,0.0,100,281.6,291.0,0,0.0,0.0,,0.0,1,0.01,0.01,SPY200515C00344000,344.0,normalDay
2020-05-14,2543.0,-603.0,0.0,100,284.97,291.0,0,0.0,0.0,,0.0,1,0.01,0.01,SPY200515C00344000,344.0,normalDay
2020-05-15,2544.0,-472.0,1.0,100,286.28,291.0,0,0.0,0.0,,0.0,1,0.01,0.0,SPY200515C00344000,344.0,expirationDay
2020-05-18,2544.0,393.0,0.0,100,295.0,291.0,0,0.0,0.0,,0.0,1,3.44,3.51,SPY200630C00307000,307.0,normalDay
2020-05-19,2544.0,156.0,0.0,100,291.97,291.0,0,0.0,0.0,,0.0,1,3.44,2.85,SPY200630C00307000,307.0,normalDay
2020-05-20,2544.0,527.0,0.0,100,296.93,291.0,0,0.0,0.0,,0.0,1,3.44,4.1,SPY200630C00307000,307.0,normalDay
2020-05-21,2544.0,398.0,0.0,100,294.88,291.0,0,0.0,0.0,,0.0,1,3.44,3.34,SPY200630C00307000,307.0,normalDay
2020-05-22,2544.0,455.0,0.0,100,295.44,291.0,0,0.0,0.0,,0.0,1,3.44,3.33,SPY200630C00307000,307.0,normalDay
2020-05-26,2544.0,741.0,0.0,100,299.08,291.0,0,0.0,0.0,,0.0,1,3.44,4.11,SPY200630C00307000,307.0,normalDay
2020-05-27,2544.0,1013.0,0.0,100,303.53,291.0,0,0.0,0.0,,0.0,1,3.44,5.84,SPY200630C00307000,307.0,normalDay
2020-05-28,2544.0,933.0,0.0,100,302.97,291.0,0,0.0,0.0,,0.0,1,3.44,6.08,SPY200630C00307000,307.0,normalDay
2020-05-29,2544.0,1033.0,0.0,100,304.32,291.0,0,0.0,0.0,,0.0,1,3.44,6.43,SPY200630C00307000,307.0,normalDay
2020-06-01,2544.0,1160.0,0.0,100,305.55,291.0,0,0.0,0.0,,0.0,1,3.44,6.39,SPY200630C00307000,307.0,normalDay
2020-06-02,2544.0,1324.0,0.0,100,308.08,291.0,0,0.0,0.0,,0.0,1,3.44,7.28,SPY200630C00307000,307.0,normalDay
2020-06-03,2544.0,1484.0,0.0,100,312.18,291.0,0,0.0,0.0,,0.0,1,3.44,9.78,SPY200630C00307000,307.0,normalDay
2020-06-04,2544.0,1460.0,0.0,100,311.36,291.0,0,0.0,0.0,,0.0,1,3.44,9.2,SPY200630C00307000,307.0,normalDay
2020-06-05,2544.0,1704.0,0.0,100,319.34,291.0,0,0.0,0.0,,0.0,1,3.44,14.74,SPY200630C00307000,307.0,normalDay
2020-06-08,2544.0,1797.0,0.0,100,323.2,291.0,0,0.0,0.0,,0.0,1,3.44,17.67,SPY200630C00307000,307.0,normalDay
2020-06-09,2544.0,1642.0,0.0,100,320.79,291.0,0,0.0,0.0,,0.0,1,3.44,16.81,SPY200630C00307000,307.0,normalDay
2020-06-10,2544.0,1704.0,0.0,100,319.0,291.0,0,0.0,0.0,,0.0,1,3.44,14.4,SPY200630C00307000,307.0,normalDay
2020-06-11,2544.0,712.0,0.0,100,300.61,291.0,0,0.0,0.0,,0.0,1,3.44,5.93,SPY200630C00307000,307.0,normalDay
2020-06-12,2544.0,1072.0,0.0,100,304.21,291.0,0,0.0,0.0,,0.0,1,3.44,5.93,SPY200630C00307000,307.0,normalDay
2020-06-15,2544.0,1247.0,0.0,100,307.05,291.0,0,0.0,0.0,,0.0,1,3.44,7.02,SPY200630C00307000,307.0,normalDay
2020-06-16,2544.0,1524.0,0.0,100,312.96,291.0,0,0.0,0.0,,0.0,1,3.44,10.16,SPY200630C00307000,307.0,normalDay
2020-06-17,2544.0,1495.0,0.0,100,311.66,291.0,0,0.0,0.0,,0.0,1,3.44,9.15,SPY200630C00307000,307.0,normalDay
2020-06-18,2544.0,1593.0,0.0,100,311.78,291.0,0,0.0,0.0,,0.0,1,3.44,8.29,SPY200630C00307000,307.0,normalDay
2020-06-19,2544.0,1474.0,0.0,100,308.64,291.0,0,0.0,0.0,,0.0,1,3.44,6.34,SPY200630C00307000,307.0,normalDay
2020-06-22,2544.0,1570.0,0.0,100,310.62,291.0,0,0.0,0.0,,0.0,1,3.44,7.36,SPY200630C00307000,307.0,normalDay
2020-06-23,2544.0,1676.0,0.0,100,312.05,291.0,0,0.0,0.0,,0.0,1,3.44,7.73,SPY200630C00307000,307.0,normalDay
2020-06-24,2544.0,1324.0,0.0,100,304.09,291.0,0,0.0,0.0,,0.0,1,3.44,3.29,SPY200630C00307000,307.0,normalDay
2020-06-25,2544.0,1570.0,0.0,100,307.35,291.0,0,0.0,0.0,,0.0,1,3.44,4.09,SPY200630C00307000,307.0,normalDay
2020-06-26,2544.0,1168.0,0.0,100,300.05,291.0,0,0.0,0.0,,0.0,1,3.44,0.81,SPY200630C00307000,307.0,normalDay
2020-06-29,2544.0,1630.0,0.0,100,304.46,291.0,0,0.0,0.0,,0.0,1,3.44,0.6,SPY200630C00307000,307.0,normalDay
2020-06-30,4488.0,1630.0,1944.0,0,308.36,0.0,0,0.0,0.0,,0.0,1,3.44,0.0,SPY200630C00307000,307.0,expirationDay
2020-07-01,4488.0,-65.0,0.0,0,310.52,0.0,1,17.1,17.75,SPY210115P00290000,290.0,0,0.0,0.0,,0.0,normalDay
2020-07-02,4488.0,27.0,0.0,0,312.23,0.0,1,17.1,16.83,SPY210115P00290000,290.0,0,0.0,0.0,,0.0,normalDay
2020-07-06,4488.0,160.0,0.0,0,317.05,0.0,1,17.1,15.5,SPY210115P00290000,290.0,0,0.0,0.0,,0.0,normalDay
2020-07-07,4488.0,35.0,0.0,0,313.78,0.0,1,17.1,16.75,SPY210115P00290000,290.0,0,0.0,0.0,,0.0,normalDay
2020-07-08,4488.0,133.0,0.0,0,316.18,0.0,1,17.1,15.77,SPY210115P00290000,290.0,0,0.0,0.0,,0.0,normalDay
2020-07-09,4488.0,36.0,0.0,0,314.38,0.0,1,17.1,16.74,SPY210115P00290000,290.0,0,0.0,0.0,,0.0,normalDay
2020-07-10,4488.0,171.0,0.0,0,317.59,0.0,1,17.1,15.39,SPY210115P00290000,290.0,0,0.0,0.0,,0.0,normalDay
2020-07-13,4488.0,-50.0,0.0,0,314.84,0.0,1,17.1,17.6,SPY210115P00290000,290.0,0,0.0,0.0,,0.0,normalDay
2020-07-14,4488.0,145.0,0.0,0,318.92,0.0,1,17.1,15.65,SPY210115P00290000,290.0,0,0.0,0.0,,0.0,normalDay
2020-07-15,4488.0,260.0,0.0,0,321.85,0.0,1,17.1,14.5,SPY210115P00290000,290.0,0,0.0,0.0,,0.0,normalDay
2020-07-16,4488.0,220.0,0.0,0,320.79,0.0,1,17.1,14.9,SPY210115P00290000,290.0,0,0.0,0.0,,0.0,normalDay
2020-07-17,4488.0,340.0,0.0,0,321.72,0.0,1,17.1,13.7,SPY210115P00290000,290.0,0,0.0,0.0,,0.0,normalDay
2020-07-20,4488.0,472.0,0.0,0,324.32,0.0,1,17.1,12.38,SPY210115P00290000,290.0,0,0.0,0.0,,0.0,normalDay
2020-07-21,4488.0,475.0,0.0,0,325.01,0.0,1,17.1,12.35,SPY210115P00290000,290.0,0,0.0,0.0,,0.0,normalDay
2020-07-22,4488.0,521.0,0.0,0,326.86,0.0,1,17.1,11.89,SPY210115P00290000,290.0,0,0.0,0.0,,0.0,normalDay
2020-07-23,4488.0,388.0,0.0,0,322.96,0.0,1,17.1,13.22,SPY210115P00290000,290.0,0,0.0,0.0,,0.0,normalDay
2020-07-24,4488.0,357.0,0.0,0,320.88,0.0,1,17.1,13.53,SPY210115P00290000,290.0,0,0.0,0.0,,0.0,normalDay
2020-07-27,4488.0,454.0,0.0,0,323.22,0.0,1,17.1,12.56,SPY210115P00290000,290.0,0,0.0,0.0,,0.0,normalDay
2020-07-28,4488.0,400.0,0.0,0,321.17,0.0,1,17.1,13.1,SPY210115P00290000,290.0,0,0.0,0.0,,0.0,normalDay
2020-07-29,4488.0,500.0,0.0,0,325.12,0.0,1,17.1,12.1,SPY210115P00290000,290.0,0,0.0,0.0,,0.0,normalDay
2020-07-30,4488.0,447.0,0.0,0,323.96,0.0,1,17.1,12.63,SPY210115P00290000,290.0,0,0.0,0.0,,0.0,normalDay
2020-07-31,4488.0,526.0,0.0,0,326.52,0.0,1,17.1,11.84,SPY210115P00290000,290.0,0,0.0,0.0,,0.0,normalDay
2020-08-03,4488.0,585.0,0.0,0,328.79,0.0,1,17.1,11.25,SPY210115P00290000,290.0,0,0.0,0.0,,0.0,normalDay
2020-08-04,4488.0,647.0,0.0,0,330.06,0.0,1,17.1,10.63,SPY210115P00290000,290.0,0,0.0,0.0,,0.0,normalDay
2020-08-05,4488.0,704.0,0.0,0,332.11,0.0,1,17.1,10.06,SPY210115P00290000,290.0,0,0.0,0.0,,0.0,normalDay
2020-08-06,4488.0,753.0,0.0,0,334.33,0.0,1,17.1,9.57,SPY210115P00290000,290.0,0,0.0,0.0,,0.0,normalDay
2020-08-07,4488.0,751.0,0.0,0,334.57,0.0,1,17.1,9.59,SPY210115P00290000,290.0,0,0.0,0.0,,0.0,normalDay
2020-08-10,4488.0,783.0,0.0,0,335.57,0.0,1,17.1,9.27,SPY210115P00290000,290.0,0,0.0,0.0,,0.0,normalDay
2020-08-11,4488.0,685.0,0.0,0,332.8,0.0,1,17.1,10.25,SPY210115P00290000,290.0,0,0.0,0.0,,0.0,normalDay
2020-08-12,4488.0,817.0,0.0,0,337.44,0.0,1,17.1,8.93,SPY210115P00290000,290.0,0,0.0,0.0,,0.0,normalDay
2020-08-13,4488.0,805.0,0.0,0,336.83,0.0,1,17.1,9.05,SPY210115P00290000,290.0,0,0.0,0.0,,0.0,normalDay
2020-08-14,4488.0,804.0,0.0,0,336.84,0.0,1,17.1,9.06,SPY210115P00290000,290.0,0,0.0,0.0,,0.0,normalDay
2020-08-17,4488.0,864.0,0.0,0,337.91,0.0,1,17.1,8.46,SPY210115P00290000,290.0,0,0.0,0.0,,0.0,normalDay
2020-08-18,4488.0,900.0,0.0,0,338.64,0.0,1,17.1,8.1,SPY210115P00290000,290.0,0,0.0,0.0,,0.0,normalDay
2020-08-19,4488.0,856.0,0.0,0,337.23,0.0,1,17.1,8.54,SPY210115P00290000,290.0,0,0.0,0.0,,0.0,normalDay
2020-08-20,4488.0,883.0,0.0,0,338.28,0.0,1,17.1,8.27,SPY210115P00290000,290.0,0,0.0,0.0,,0.0,normalDay
2020-08-21,4488.0,912.0,0.0,0,339.48,0.0,1,17.1,7.98,SPY210115P00290000,290.0,0,0.0,0.0,,0.0,normalDay
2020-08-24,4488.0,966.0,0.0,0,342.92,0.0,1,17.1,7.44,SPY210115P00290000,290.0,0,0.0,0.0,,0.0,normalDay
2020-08-25,4488.0,995.0,0.0,0,344.12,0.0,1,17.1,7.15,SPY210115P00290000,290.0,0,0.0,0.0,,0.0,normalDay
2020-08-26,4488.0,1008.0,0.0,0,347.57,0.0,1,17.1,7.02,SPY210115P00290000,290.0,0,0.0,0.0,,0.0,normalDay
2020-08-27,4488.0,988.0,0.0,0,348.33,0.0,1,17.1,7.22,SPY210115P00290000,290.0,0,0.0,0.0,,0.0,normalDay
2020-08-28,4488.0,1033.0,0.0,0,350.58,0.0,1,17.1,6.77,SPY210115P00290000,290.0,0,0.0,0.0,,0.0,normalDay
2020-08-31,4488.0,951.0,0.0,0,349.31,0.0,1,17.1,7.59,SPY210115P00290000,290.0,0,0.0,0.0,,0.0,normalDay
2020-09-01,4488.0,974.0,0.0,0,352.6,0.0,1,17.1,7.36,SPY210115P00290000,290.0,0,0.0,0.0,,0.0,normalDay
2020-09-02,4488.0,988.0,0.0,0,357.7,0.0,1,17.1,7.22,SPY210115P00290000,290.0,0,0.0,0.0,,0.0,normalDay
2020-09-03,4488.0,753.0,0.0,0,345.39,0.0,1,17.1,9.57,SPY210115P00290000,290.0,0,0.0,0.0,,0.0,normalDay
2020-09-04,4488.0,783.0,0.0,0,342.57,0.0,1,17.1,9.27,SPY210115P00290000,290.0,0,0.0,0.0,,0.0,normalDay
2020-09-08,4488.0,715.0,0.0,0,333.21,0.0,1,17.1,9.95,SPY210115P00290000,290.0,0,0.0,0.0,,0.0,normalDay
2020-09-09,4488.0,891.0,0.0,0,339.79,0.0,1,17.1,8.19,SPY210115P00290000,290.0,0,0.0,0.0,,0.0,normalDay
2020-09-10,4488.0,789.0,0.0,0,333.89,0.0,1,17.1,9.21,SPY210115P00290000,290.0,0,0.0,0.0,,0.0,normalDay
2020-09-11,4488.0,850.0,0.0,0,334.06,0.0,1,17.1,8.6,SPY210115P00290000,290.0,0,0.0,0.0,,0.0,normalDay
2020-09-14,4488.0,984.0,0.0,0,338.46,0.0,1,17.1,7.26,SPY210115P00290000,290.0,0,0.0,0.0,,0.0,normalDay
2020-09-15,4488.0,1010.0,0.0,0,340.17,0.0,1,17.1,7.0,SPY210115P00290000,290.0,0,0.0,0.0,,0.0,normalDay
2020-09-16,4488.0,979.0,0.0,0,338.82,0.0,1,17.1,7.31,SPY210115P00290000,290.0,0,0.0,0.0,,0.0,normalDay
2020-09-17,4488.0,942.0,0.0,0,335.84,0.0,1,17.1,7.68,SPY210115P00290000,290.0,0,0.0,0.0,,0.0,normalDay
2020-09-18,4488.0,900.0,0.0,0,330.65,0.0,1,17.1,8.1,SPY210115P00290000,290.0,0,0.0,0.0,,0.0,normalDay
2020-09-21,4488.0,827.0,0.0,0,326.97,0.0,1,17.1,8.83,SPY210115P00290000,290.0,0,0.0,0.0,,0.0,normalDay
2020-09-22,4488.0,859.0,0.0,0,330.3,0.0,1,17.1,8.51,SPY210115P00290000,290.0,0,0.0,0.0,,0.0,normalDay
2020-09-23,4488.0,669.0,0.0,0,322.64,0.0,1,17.1,10.41,SPY210115P00290000,290.0,0,0.0,0.0,,0.0,normalDay
2020-09-24,4488.0,719.0,0.0,0,323.5,0.0,1,17.1,9.91,SPY210115P00290000,290.0,0,0.0,0.0,,0.0,normalDay
2020-09-25,4488.0,854.0,0.0,0,328.73,0.0,1,17.1,8.56,SPY210115P00290000,290.0,0,0.0,0.0,,0.0,normalDay
2020-09-28,4488.0,970.0,0.0,0,334.19,0.0,1,17.1,7.4,SPY210115P00290000,290.0,0,0.0,0.0,,0.0,normalDay
2020-09-29,4488.0,964.0,0.0,0,332.37,0.0,1,17.1,7.46,SPY210115P00290000,290.0,0,0.0,0.0,,0.0,normalDay
2020-09-30,4488.0,966.0,0.0,0,334.89,0.0,1,17.1,7.44,SPY210115P00290000,290.0,0,0.0,0.0,,0.0,normalDay
2020-10-01,4488.0,1007.0,0.0,0,337.04,0.0,1,17.1,7.03,SPY210115P00290000,290.0,0,0.0,0.0,,0.0,normalDay
2020-10-02,4488.0,942.0,0.0,0,333.84,0.0,1,17.1,7.68,SPY210115P00290000,290.0,0,0.0,0.0,,0.0,normalDay
2020-10-05,4488.0,1078.0,0.0,0,339.76,0.0,1,17.1,6.32,SPY210115P00290000,290.0,0,0.0,0.0,,0.0,normalDay
2020-10-06,4488.0,1004.0,0.0,0,334.93,0.0,1,17.1,7.06,SPY210115P00290000,290.0,0,0.0,0.0,,0.0,normalDay
2020-10-07,4488.0,1132.0,0.0,0,340.76,0.0,1,17.1,5.78,SPY210115P00290000,290.0,0,0.0,0.0,,0.0,normalDay
2020-10-08,4488.0,1220.0,0.0,0,343.78,0.0,1,17.1,4.9,SPY210115P00290000,290.0,0,0.0,0.0,,0.0,normalDay
2020-10-09,4488.0,1295.0,0.0,0,346.85,0.0,1,17.1,4.15,SPY210115P00290000,290.0,0,0.0,0.0,,0.0,normalDay
2020-10-12,4488.0,1349.0,0.0,0,352.43,0.0,1,17.1,3.61,SPY210115P00290000,290.0,0,0.0,0.0,,0.0,normalDay
2020-10-13,4488.0,1326.0,0.0,0,350.13,0.0,1,17.1,3.84,SPY210115P00290000,290.0,0,0.0,0.0,,0.0,normalDay
2020-10-14,4488.0,1318.0,0.0,0,347.93,0.0,1,17.1,3.92,SPY210115P00290000,290.0,0,0.0,0.0,,0.0,normalDay
2020-10-15,4488.0,1309.0,0.0,0,347.5,0.0,1,17.1,4.01,SPY210115P00290000,290.0,0,0.0,0.0,,0.0,normalDay
2020-10-16,4488.0,1291.0,0.0,0,347.29,0.0,1,17.1,4.19,SPY210115P00290000,290.0,0,0.0,0.0,,0.0,normalDay
2020-10-19,4488.0,1222.0,0.0,0,342.01,0.0,1,17.1,4.88,SPY210115P00290000,290.0,0,0.0,0.0,,0.0,normalDay
2020-10-20,4488.0,1235.0,0.0,0,343.38,0.0,1,17.1,4.75,SPY210115P00290000,290.0,0,0.0,0.0,,0.0,normalDay
2020-10-21,4488.0,1269.0,0.0,0,342.73,0.0,1,17.1,4.41,SPY210115P00290000,290.0,0,0.0,0.0,,0.0,normalDay
2020-10-22,4488.0,1293.0,0.0,0,344.61,0.0,1,17.1,4.17,SPY210115P00290000,290.0,0,0.0,0.0,,0.0,normalDay
2020-10-23,4488.0,1313.0,0.0,0,345.78,0.0,1,17.1,3.97,SPY210115P00290000,290.0,0,0.0,0.0,,0.0,normalDay
2020-10-26,4488.0,1180.0,0.0,0,339.39,0.0,1,17.1,5.3,SPY210115P00290000,290.0,0,0.0,0.0,,0.0,normalDay
2020-10-27,4488.0,1156.0,0.0,0,338.22,0.0,1,17.1,5.54,SPY210115P00290000,290.0,0,0.0,0.0,,0.0,normalDay
2020-10-28,4488.0,800.0,0.0,0,326.66,0.0,1,17.1,9.1,SPY210115P00290000,290.0,0,0.0,0.0,,0.0,normalDay
2020-10-29,4488.0,985.0,0.0,0,329.98,0.0,1,17.1,7.25,SPY210115P00290000,290.0,0,0.0,0.0,,0.0,normalDay
2020-10-30,4488.0,902.0,0.0,0,326.54,0.0,1,17.1,8.08,SPY210115P00290000,290.0,0,0.0,0.0,,0.0,normalDay
2020-11-02,4488.0,1029.0,0.0,0,330.2,0.0,1,17.1,6.81,SPY210115P00290000,290.0,0,0.0,0.0,,0.0,normalDay
2020-11-03,4488.0,1155.0,0.0,0,336.03,0.0,1,17.1,5.55,SPY210115P00290000,290.0,0,0.0,0.0,,0.0,normalDay
2020-11-04,4488.0,1337.0,0.0,0,343.54,0.0,1,17.1,3.73,SPY210115P00290000,290.0,0,0.0,0.0,,0.0,normalDay
2020-11-05,4488.0,1403.0,0.0,0,350.24,0.0,1,17.1,3.07,SPY210115P00290000,290.0,0,0.0,0.0,,0.0,normalDay
2020-11-06,4488.0,1453.0,0.0,0,350.16,0.0,1,17.1,2.57,SPY210115P00290000,290.0,0,0.0,0.0,,0.0,normalDay
2020-11-09,4488.0,1502.0,0.0,0,354.56,0.0,1,17.1,2.08,SPY210115P00290000,290.0,0,0.0,0.0,,0.0,normalDay
2020-11-10,4488.0,1514.0,0.0,0,354.04,0.0,1,17.1,1.96,SPY210115P00290000,290.0,0,0.0,0.0,,0.0,normalDay
2020-11-11,4488.0,1540.0,0.0,0,356.67,0.0,1,17.1,1.7,SPY210115P00290000,290.0,0,0.0,0.0,,0.0,normalDay
2020-11-12,4488.0,1495.0,0.0,0,353.21,0.0,1,17.1,2.15,SPY210115P00290000,290.0,0,0.0,0.0,,0.0,normalDay
2020-11-13,4488.0,1552.0,0.0,0,358.1,0.0,1,17.1,1.58,SPY210115P00290000,290.0,0,0.0,0.0,,0.0,normalDay
2020-11-16,4488.0,1583.0,0.0,0,362.57,0.0,1,17.1,1.27,SPY210115P00290000,290.0,0,0.0,0.0,,0.0,normalDay
2020-11-17,4488.0,1583.0,0.0,0,360.62,0.0,1,17.1,1.27,SPY210115P00290000,290.0,0,0.0,0.0,,0.0,normalDay
2020-11-18,4488.0,1560.0,0.0,0,356.28,0.0,1,17.1,1.5,SPY210115P00290000,290.0,0,0.0,0.0,,0.0,normalDay
2020-11-19,4488.0,1581.0,0.0,0,357.78,0.0,1,17.1,1.29,SPY210115P00290000,290.0,0,0.0,0.0,,0.0,normalDay
2020-11-20,4488.0,1573.0,0.0,0,355.33,0.0,1,17.1,1.37,SPY210115P00290000,290.0,0,0.0,0.0,,0.0,normalDay
2020-11-23,4488.0,1596.0,0.0,0,357.46,0.0,1,17.1,1.14,SPY210115P00290000,290.0,0,0.0,0.0,,0.0,normalDay
2020-11-24,4488.0,1621.0,0.0,0,363.22,0.0,1,17.1,0.89,SPY210115P00290000,290.0,0,0.0,0.0,,0.0,normalDay
2020-11-25,4488.0,1631.0,0.0,0,362.66,0.0,1,17.1,0.79,SPY210115P00290000,290.0,0,0.0,0.0,,0.0,normalDay
2020-11-27,4488.0,1641.0,0.0,0,363.67,0.0,1,17.1,0.69,SPY210115P00290000,290.0,0,0.0,0.0,,0.0,normalDay
2020-11-30,4488.0,1648.0,0.0,0,362.06,0.0,1,17.1,0.62,SPY210115P00290000,290.0,0,0.0,0.0,,0.0,normalDay
2020-12-01,4488.0,1650.0,0.0,0,366.02,0.0,1,17.1,0.6,SPY210115P00290000,290.0,0,0.0,0.0,,0.0,normalDay
2020-12-02,4488.0,1651.0,0.0,0,366.79,0.0,1,17.1,0.59,SPY210115P00290000,290.0,0,0.0,0.0,,0.0,normalDay
2020-12-03,4488.0,1650.0,0.0,0,366.69,0.0,1,17.1,0.6,SPY210115P00290000,290.0,0,0.0,0.0,,0.0,normalDay
2020-12-04,4488.0,1663.0,0.0,0,369.85,0.0,1,17.1,0.47,SPY210115P00290000,290.0,0,0.0,0.0,,0.0,normalDay
2020-12-07,4488.0,1667.0,0.0,0,369.09,0.0,1,17.1,0.43,SPY210115P00290000,290.0,0,0.0,0.0,,0.0,normalDay
2020-12-08,4488.0,1675.0,0.0,0,370.17,0.0,1,17.1,0.35,SPY210115P00290000,290.0,0,0.0,0.0,,0.0,normalDay
2020-12-09,4488.0,1668.0,0.0,0,366.85,0.0,1,17.1,0.42,SPY210115P00290000,290.0,0,0.0,0.0,,0.0,normalDay
2020-12-10,4488.0,1668.0,0.0,0,366.73,0.0,1,17.1,0.42,SPY210115P00290000,290.0,0,0.0,0.0,,0.0,normalDay
2020-12-11,4488.0,1662.0,0.0,0,366.3,0.0,1,17.1,0.48,SPY210115P00290000,290.0,0,0.0,0.0,,0.0,normalDay
2020-12-14,4488.0,1658.0,0.0,0,364.66,0.0,1,17.1,0.52,SPY210115P00290000,290.0,0,0.0,0.0,,0.0,normalDay
2020-12-15,4488.0,1672.0,0.0,0,369.59,0.0,1,17.1,0.38,SPY210115P00290000,290.0,0,0.0,0.0,,0.0,normalDay
2020-12-16,4488.0,1674.0,0.0,0,370.17,0.0,1,17.1,0.36,SPY210115P00290000,290.0,0,0.0,0.0,,0.0,normalDay
2020-12-17,4488.0,1679.0,0.0,0,372.24,0.0,1,17.1,0.31,SPY210115P00290000,290.0,0,0.0,0.0,,0.0,normalDay
2020-12-18,4488.0,1681.0,0.0,0,369.18,0.0,1,17.1,0.29,SPY210115P00290000,290.0,0,0.0,0.0,,0.0,normalDay
2020-12-21,4488.0,1672.0,0.0,0,367.86,0.0,1,17.1,0.38,SPY210115P00290000,290.0,0,0.0,0.0,,0.0,normalDay
2020-12-22,4488.0,1677.0,0.0,0,367.24,0.0,1,17.1,0.33,SPY210115P00290000,290.0,0,0.0,0.0,,0.0,normalDay
2020-12-23,4488.0,1682.0,0.0,0,367.57,0.0,1,17.1,0.28,SPY210115P00290000,290.0,0,0.0,0.0,,0.0,normalDay
2020-12-24,4488.0,1689.0,0.0,0,369.0,0.0,1,17.1,0.21,SPY210115P00290000,290.0,0,0.0,0.0,,0.0,normalDay
2020-12-28,4488.0,1695.0,0.0,0,372.17,0.0,1,17.1,0.15,SPY210115P00290000,290.0,0,0.0,0.0,,0.0,normalDay
2020-12-29,4488.0,1693.0,0.0,0,371.46,0.0,1,17.1,0.17,SPY210115P00290000,290.0,0,0.0,0.0,,0.0,normalDay
2020-12-30,4488.0,1696.0,0.0,0,371.99,0.0,1,17.1,0.14,SPY210115P00290000,290.0,0,0.0,0.0,,0.0,normalDay
2020-12-31,4488.0,1696.0,0.0,0,373.88,0.0,1,17.1,0.14,SPY210115P00290000,290.0,0,0.0,0.0,,0.0,normalDay
2021-01-04,4488.0,1697.0,0.0,0,368.79,0.0,1,17.1,0.13,SPY210115P00290000,290.0,0,0.0,0.0,,0.0,normalDay
2021-01-05,4488.0,1702.0,0.0,0,371.33,0.0,1,17.1,0.08,SPY210115P00290000,290.0,0,0.0,0.0,,0.0,normalDay
2021-01-06,4488.0,1699.0,0.0,0,373.55,0.0,1,17.1,0.11,SPY210115P00290000,290.0,0,0.0,0.0,,0.0,normalDay
2021-01-07,4488.0,1706.0,0.0,0,379.1,0.0,1,17.1,0.04,SPY210115P00290000,290.0,0,0.0,0.0,,0.0,normalDay
2021-01-08,4488.0,1708.0,0.0,0,381.26,0.0,1,17.1,0.02,SPY210115P00290000,290.0,0,0.0,0.0,,0.0,normalDay
2021-01-11,4488.0,1708.0,0.0,0,378.69,0.0,1,17.1,0.02,SPY210115P00290000,290.0,0,0.0,0.0,,0.0,normalDay
2021-01-12,4488.0,1709.0,0.0,0,378.77,0.0,1,17.1,0.01,SPY210115P00290000,290.0,0,0.0,0.0,,0.0,normalDay
2021-01-13,4488.0,1709.0,0.0,0,379.79,0.0,1,17.1,0.01,SPY210115P00290000,290.0,0,0.0,0.0,,0.0,normalDay
2021-01-14,4488.0,1709.0,0.0,0,378.46,0.0,1,17.1,0.01,SPY210115P00290000,290.0,0,0.0,0.0,,0.0,normalDay
2021-01-15,6198.0,0.0,1710.0,0,375.7,0.0,1,17.1,0.0,SPY210115P00290000,290.0,0,0.0,0.0,,0.0,expirationDay
2021-01-19,6198.0,-23.0,0.0,0,378.65,0.0,1,16.87,17.1,SPY210716P00360000,360.0,0,0.0,0.0,,0.0,normalDay
2021-01-20,6198.0,153.0,0.0,0,383.89,0.0,1,16.87,15.34,SPY210716P00360000,360.0,0,0.0,0.0,,0.0,normalDay
2021-01-21,6198.0,160.0,0.0,0,384.24,0.0,1,16.87,15.27,SPY210716P00360000,360.0,0,0.0,0.0,,0.0,normalDay
2021-01-22,6198.0,114.0,0.0,0,382.88,0.0,1,16.87,15.73,SPY210716P00360000,360.0,0,0.0,0.0,,0.0,normalDay
2021-01-25,6198.0,114.0,0.0,0,384.39,0.0,1,16.87,15.73,SPY210716P00360000,360.0,0,0.0,0.0,,0.0,normalDay
2021-01-26,6198.0,103.0,0.0,0,383.79,0.0,1,16.87,15.84,SPY210716P00360000,360.0,0,0.0,0.0,,0.0,normalDay
2021-01-27,6198.0,-546.0,0.0,0,374.41,0.0,1,16.87,22.33,SPY210716P00360000,360.0,0,0.0,0.0,,0.0,normalDay
2021-01-28,6198.0,-285.0,0.0,0,377.63,0.0,1,16.87,19.72,SPY210716P00360000,360.0,0,0.0,0.0,,0.0,normalDay
2021-01-29,6198.0,-657.0,0.0,0,370.07,0.0,1,16.87,23.44,SPY210716P00360000,360.0,0,0.0,0.0,,0.0,normalDay
2021-02-01,6198.0,-326.0,0.0,0,376.23,0.0,1,16.87,20.13,SPY210716P00360000,360.0,0,0.0,0.0,,0.0,normalDay
2021-02-02,6198.0,3.0,0.0,0,381.55,0.0,1,16.87,16.84,SPY210716P00360000,360.0,0,0.0,0.0,,0.0,normalDay
2021-02-03,6198.0,85.0,0.0,0,381.85,0.0,1,16.87,16.02,SPY210716P00360000,360.0,0,0.0,0.0,,0.0,normalDay
2021-02-04,6198.0,227.0,0.0,0,386.19,0.0,1,16.87,14.6,SPY210716P00360000,360.0,0,0.0,0.0,,0.0,normalDay
2021-02-05,6198.0,268.0,0.0,0,387.71,0.0,1,16.87,14.19,SPY210716P00360000,360.0,0,0.0,0.0,,0.0,normalDay
2021-02-08,6198.0,345.0,0.0,0,390.51,0.0,1,16.87,13.42,SPY210716P00360000,360.0,0,0.0,0.0,,0.0,normalDay
2021-02-09,6198.0,340.0,0.0,0,390.25,0.0,1,16.87,13.47,SPY210716P00360000,360.0,0,0.0,0.0,,0.0,normalDay
2021-02-10,6198.0,305.0,0.0,0,390.08,0.0,1,16.87,13.82,SPY210716P00360000,360.0,0,0.0,0.0,,0.0,normalDay
2021-02-11,6198.0,332.0,0.0,0,390.71,0.0,1,16.87,13.55,SPY210716P00360000,360.0,0,0.0,0.0,,0.0,normalDay
2021-02-12,6198.0,426.0,0.0,0,392.64,0.0,1,16.87,12.61,SPY210716P00360000,360.0,0,0.0,0.0,,0.0,normalDay
2021-02-16,6198.0,400.0,0.0,0,392.3,0.0,1,16.87,12.87,SPY210716P00360000,360.0,0,0.0,0.0,,0.0,normalDay
2021-02-17,6198.0,416.0,0.0,0,392.39,0.0,1,16.87,12.71,SPY210716P00360000,360.0,0,0.0,0.0,,0.0,normalDay
2021-02-18,6198.0,366.0,0.0,0,390.72,0.0,1,16.87,13.21,SPY210716P00360000,360.0,0,0.0,0.0,,0.0,normalDay
2021-02-19,6198.0,378.0,0.0,0,390.03,0.0,1,16.87,13.09,SPY210716P00360000,360.0,0,0.0,0.0,,0.0,normalDay
2021-02-22,6198.0,298.0,0.0,0,387.03,0.0,1,16.87,13.89,SPY210716P00360000,360.0,0,0.0,0.0,,0.0,normalDay
2021-02-23,6198.0,353.0,0.0,0,387.5,0.0,1,16.87,13.34,SPY210716P00360000,360.0,0,0.0,0.0,,0.0,normalDay
2021-02-24,6198.0,509.0,0.0,0,391.77,0.0,1,16.87,11.78,SPY210716P00360000,360.0,0,0.0,0.0,,0.0,normalDay
2021-02-25,6198.0,135.0,0.0,0,382.33,0.0,1,16.87,15.52,SPY210716P00360000,360.0,0,0.0,0.0,,0.0,normalDay
2021-02-26,6198.0,147.0,0.0,0,380.36,0.0,1,16.87,15.4,SPY210716P00360000,360.0,0,0.0,0.0,,0.0,normalDay
2021-03-01,6198.0,498.0,0.0,0,389.58,0.0,1,16.87,11.89,SPY210716P00360000,360.0,0,0.0,0.0,,0.0,normalDay
2021-03-02,6198.0,408.0,0.0,0,386.54,0.0,1,16.87,12.79,SPY210716P00360000,360.0,0,0.0,0.0,,0.0,normalDay
2021-03-03,6198.0,243.0,0.0,0,381.42,0.0,1,16.87,14.44,SPY210716P00360000,360.0,0,0.0,0.0,,0.0,normalDay
2021-03-04,6198.0,88.0,0.0,0,376.7,0.0,1,16.87,15.99,SPY210716P00360000,360.0,0,0.0,0.0,,0.0,normalDay
2021-03-05,6198.0,384.0,0.0,0,383.63,0.0,1,16.87,13.03,SPY210716P00360000,360.0,0,0.0,0.0,,0.0,normalDay
2021-03-08,6198.0,349.0,0.0,0,381.72,0.0,1,16.87,13.38,SPY210716P00360000,360.0,0,0.0,0.0,,0.0,normalDay
2021-03-09,6198.0,504.0,0.0,0,387.17,0.0,1,16.87,11.83,SPY210716P00360000,360.0,0,0.0,0.0,,0.0,normalDay
2021-03-10,6198.0,593.0,0.0,0,389.58,0.0,1,16.87,10.94,SPY210716P00360000,360.0,0,0.0,0.0,,0.0,normalDay
2021-03-11,6198.0,686.0,0.0,0,393.53,0.0,1,16.87,10.01,SPY210716P00360000,360.0,0,0.0,0.0,,0.0,normalDay
2021-03-12,6198.0,734.0,0.0,0,394.06,0.0,1,16.87,9.53,SPY210716P00360000,360.0,0,0.0,0.0,,0.0,normalDay
2021-03-15,6198.0,822.0,0.0,0,396.41,0.0,1,16.87,8.65,SPY210716P00360000,360.0,0,0.0,0.0,,0.0,normalDay
2021-03-16,6198.0,817.0,0.0,0,395.91,0.0,1,16.87,8.7,SPY210716P00360000,360.0,0,0.0,0.0,,0.0,normalDay
2021-03-17,6198.0,882.0,0.0,0,397.26,0.0,1,16.87,8.05,SPY210716P00360000,360.0,0,0.0,0.0,,0.0,normalDay
2021-03-18,6198.0,751.0,0.0,0,391.48,0.0,1,16.87,9.36,SPY210716P00360000,360.0,0,0.0,0.0,,0.0,normalDay
2021-03-19,6198.0,747.0,0.0,0,389.48,0.0,1,16.87,9.4,SPY210716P00360000,360.0,0,0.0,0.0,,0.0,normalDay
2021-03-22,6198.0,920.0,0.0,0,392.59,0.0,1,16.87,7.67,SPY210716P00360000,360.0,0,0.0,0.0,,0.0,normalDay
2021-03-23,6198.0,836.0,0.0,0,389.5,0.0,1,16.87,8.51,SPY210716P00360000,360.0,0,0.0,0.0,,0.0,normalDay
2021-03-24,6198.0,781.0,0.0,0,387.52,0.0,1,16.87,9.06,SPY210716P00360000,360.0,0,0.0,0.0,,0.0,normalDay
2021-03-25,6198.0,876.0,0.0,0,389.7,0.0,1,16.87,8.11,SPY210716P00360000,360.0,0,0.0,0.0,,0.0,normalDay
2021-03-26,6198.0,1009.0,0.0,0,395.98,0.0,1,16.87,6.78,SPY210716P00360000,360.0,0,0.0,0.0,,0.0,normalDay
2021-03-29,6198.0,990.0,0.0,0,395.78,0.0,1,16.87,6.97,SPY210716P00360000,360.0,0,0.0,0.0,,0.0,normalDay
2021-03-30,6198.0,1012.0,0.0,0,394.73,0.0,1,16.87,6.75,SPY210716P00360000,360.0,0,0.0,0.0,,0.0,normalDay
2021-03-31,6198.0,1056.0,0.0,0,396.33,0.0,1,16.87,6.31,SPY210716P00360000,360.0,0,0.0,0.0,,0.0,normalDay
2021-04-01,6198.0,1164.0,0.0,0,400.61,0.0,1,16.87,5.23,SPY210716P00360000,360.0,0,0.0,0.0,,0.0,normalDay
2021-04-05,6198.0,1248.0,0.0,0,406.36,0.0,1,16.87,4.39,SPY210716P00360000,360.0,0,0.0,0.0,,0.0,normalDay
2021-04-06,6198.0,1241.0,0.0,0,406.12,0.0,1,16.87,4.46,SPY210716P00360000,360.0,0,0.0,0.0,,0.0,normalDay
2021-04-07,6198.0,1266.0,0.0,0,406.59,0.0,1,16.87,4.21,SPY210716P00360000,360.0,0,0.0,0.0,,0.0,normalDay
2021-04-08,6198.0,1284.0,0.0,0,408.52,0.0,1,16.87,4.03,SPY210716P00360000,360.0,0,0.0,0.0,,0.0,normalDay
2021-04-09,6198.0,1303.0,0.0,0,411.49,0.0,1,16.87,3.84,SPY210716P00360000,360.0,0,0.0,0.0,,0.0,normalDay
2021-04-12,6198.0,1316.0,0.0,0,411.64,0.0,1,16.87,3.71,SPY210716P00360000,360.0,0,0.0,0.0,,0.0,normalDay
2021-04-13,6198.0,1340.0,0.0,0,412.86,0.0,1,16.87,3.47,SPY210716P00360000,360.0,0,0.0,0.0,,0.0,normalDay
2021-04-14,6198.0,1323.0,0.0,0,411.45,0.0,1,16.87,3.64,SPY210716P00360000,360.0,0,0.0,0.0,,0.0,normalDay
2021-04-15,6198.0,1365.0,0.0,0,415.87,0.0,1,16.87,3.22,SPY210716P00360000,360.0,0,0.0,0.0,,0.0,normalDay
2021-04-16,6198.0,1380.0,0.0,0,417.26,0.0,1,16.87,3.07,SPY210716P00360000,360.0,0,0.0,0.0,,0.0,normalDay
2021-04-19,6198.0,1352.0,0.0,0,415.21,0.0,1,16.87,3.35,SPY210716P00360000,360.0,0,0.0,0.0,,0.0,normalDay
2021-04-20,6198.0,1300.0,0.0,0,412.17,0.0,1,16.87,3.87,SPY210716P00360000,360.0,0,0.0,0.0,,0.0,normalDay
2021-04-21,6198.0,1364.0,0.0,0,416.07,0.0,1,16.87,3.23,SPY210716P00360000,360.0,0,0.0,0.0,,0.0,normalDay
2021-04-22,6198.0,1301.0,0.0,0,412.27,0.0,1,16.87,3.86,SPY210716P00360000,360.0,0,0.0,0.0,,0.0,normalDay
2021-04-23,6198.0,1377.0,0.0,0,416.74,0.0,1,16.87,3.1,SPY210716P00360000,360.0,0,0.0,0.0,,0.0,normalDay
2021-04-26,6198.0,1395.0,0.0,0,417.61,0.0,1,16.87,2.92,SPY210716P00360000,360.0,0,0.0,0.0,,0.0,normalDay
2021-04-27,6198.0,1406.0,0.0,0,417.52,0.0,1,16.87,2.81,SPY210716P00360000,360.0,0,0.0,0.0,,0.0,normalDay
2021-04-28,6198.0,1422.0,0.0,0,417.4,0.0,1,16.87,2.65,SPY210716P00360000,360.0,0,0.0,0.0,,0.0,normalDay
2021-04-29,6198.0,1431.0,0.0,0,420.06,0.0,1,16.87,2.56,SPY210716P00360000,360.0,0,0.0,0.0,,0.0,normalDay
2021-04-30,6198.0,1402.0,0.0,0,417.3,0.0,1,16.87,2.85,SPY210716P00360000,360.0,0,0.0,0.0,,0.0,normalDay
2021-05-03,6198.0,1424.0,0.0,0,418.2,0.0,1,16.87,2.63,SPY210716P00360000,360.0,0,0.0,0.0,,0.0,normalDay
2021-05-04,6198.0,1389.0,0.0,0,415.62,0.0,1,16.87,2.98,SPY210716P00360000,360.0,0,0.0,0.0,,0.0,normalDay
2021-05-05,6198.0,1403.0,0.0,0,415.75,0.0,1,16.87,2.84,SPY210716P00360000,360.0,0,0.0,0.0,,0.0,normalDay
2021-05-06,6198.0,1440.0,0.0,0,419.07,0.0,1,16.87,2.47,SPY210716P00360000,360.0,0,0.0,0.0,,0.0,normalDay
2021-05-07,6198.0,1483.0,0.0,0,422.12,0.0,1,16.87,2.04,SPY210716P00360000,360.0,0,0.0,0.0,,0.0,normalDay
2021-05-10,6198.0,1434.0,0.0,0,417.94,0.0,1,16.87,2.53,SPY210716P00360000,360.0,0,0.0,0.0,,0.0,normalDay
2021-05-11,6198.0,1378.0,0.0,0,414.21,0.0,1,16.87,3.09,SPY210716P00360000,360.0,0,0.0,0.0,,0.0,normalDay
2021-05-12,6198.0,1172.0,0.0,0,405.41,0.0,1,16.87,5.15,SPY210716P00360000,360.0,0,0.0,0.0,,0.0,normalDay
2021-05-13,6198.0,1323.0,0.0,0,410.28,0.0,1,16.87,3.64,SPY210716P00360000,360.0,0,0.0,0.0,,0.0,normalDay
2021-05-14,6198.0,1459.0,0.0,0,416.58,0.0,1,16.87,2.28,SPY210716P00360000,360.0,0,0.0,0.0,,0.0,normalDay
2021-05-17,6198.0,1446.0,0.0,0,415.52,0.0,1,16.87,2.41,SPY210716P00360000,360.0,0,0.0,0.0,,0.0,normalDay
2021-05-18,6198.0,1404.0,0.0,0,411.94,0.0,1,16.87,2.83,SPY210716P00360000,360.0,0,0.0,0.0,,0.0,normalDay
2021-05-19,6198.0,1382.0,0.0,0,410.86,0.0,1,16.87,3.05,SPY210716P00360000,360.0,0,0.0,0.0,,0.0,normalDay
2021-05-20,6198.0,1443.0,0.0,0,415.28,0.0,1,16.87,2.44,SPY210716P00360000,360.0,0,0.0,0.0,,0.0,normalDay
2021-05-21,6198.0,1458.0,0.0,0,414.94,0.0,1,16.87,2.29,SPY210716P00360000,360.0,0,0.0,0.0,,0.0,normalDay
2021-05-24,6198.0,1520.0,0.0,0,419.17,0.0,1,16.87,1.67,SPY210716P00360000,360.0,0,0.0,0.0,,0.0,normalDay
2021-05-25,6198.0,1520.0,0.0,0,418.24,0.0,1,16.87,1.67,SPY210716P00360000,360.0,0,0.0,0.0,,0.0,normalDay
2021-05-26,6198.0,1555.0,0.0,0,419.07,0.0,1,16.87,1.32,SPY210716P00360000,360.0,0,0.0,0.0,,0.0,normalDay
2021-05-27,6198.0,1574.0,0.0,0,419.29,0.0,1,16.87,1.13,SPY210716P00360000,360.0,0,0.0,0.0,,0.0,normalDay
2021-05-28,6198.0,1575.0,0.0,0,420.04,0.0,1,16.87,1.12,SPY210716P00360000,360.0,0,0.0,0.0,,0.0,normalDay
2021-06-01,6198.0,1575.0,0.0,0,419.67,0.0,1,16.87,1.12,SPY210716P00360000,360.0,0,0.0,0.0,,0.0,normalDay
2021-06-02,6198.0,1585.0,0.0,0,420.33,0.0,1,16.87,1.02,SPY210716P00360000,360.0,0,0.0,0.0,,0.0,normalDay
2021-06-03,6198.0,1578.0,0.0,0,418.77,0.0,1,16.87,1.09,SPY210716P00360000,360.0,0,0.0,0.0,,0.0,normalDay
2021-06-04,6198.0,1606.0,0.0,0,422.6,0.0,1,16.87,0.81,SPY210716P00360000,360.0,0,0.0,0.0,,0.0,normalDay
2021-06-07,6198.0,1616.0,0.0,0,422.19,0.0,1,16.87,0.71,SPY210716P00360000,360.0,0,0.0,0.0,,0.0,normalDay
2021-06-08,6198.0,1612.0,0.0,0,422.28,0.0,1,16.87,0.75,SPY210716P00360000,360.0,0,0.0,0.0,,0.0,normalDay
2021-06-09,6198.0,1607.0,0.0,0,421.65,0.0,1,16.87,0.8,SPY210716P00360000,360.0,0,0.0,0.0,,0.0,normalDay
2021-06-10,6198.0,1626.0,0.0,0,423.61,0.0,1,16.87,0.61,SPY210716P00360000,360.0,0,0.0,0.0,,0.0,normalDay
2021-06-11,6198.0,1630.0,0.0,0,424.31,0.0,1,16.87,0.57,SPY210716P00360000,360.0,0,0.0,0.0,,0.0,normalDay
2021-06-14,6198.0,1636.0,0.0,0,425.26,0.0,1,16.87,0.51,SPY210716P00360000,360.0,0,0.0,0.0,,0.0,normalDay
2021-06-15,6198.0,1631.0,0.0,0,424.48,0.0,1,16.87,0.56,SPY210716P00360000,360.0,0,0.0,0.0,,0.0,normalDay
2021-06-16,6198.0,1624.0,0.0,0,422.11,0.0,1,16.87,0.63,SPY210716P00360000,360.0,0,0.0,0.0,,0.0,normalDay
2021-06-17,6198.0,1630.0,0.0,0,421.97,0.0,1,16.87,0.57,SPY210716P00360000,360.0,0,0.0,0.0,,0.0,normalDay
2021-06-18,6198.0,1601.0,0.0,0,414.92,0.0,1,16.87,0.86,SPY210716P00360000,360.0,0,0.0,0.0,,0.0,normalDay
2021-06-21,6198.0,1643.0,0.0,0,420.86,0.0,1,16.87,0.44,SPY210716P00360000,360.0,0,0.0,0.0,,0.0,normalDay
2021-06-22,6198.0,1651.0,0.0,0,423.11,0.0,1,16.87,0.36,SPY210716P00360000,360.0,0,0.0,0.0,,0.0,normalDay
2021-06-23,6198.0,1657.0,0.0,0,422.6,0.0,1,16.87,0.3,SPY210716P00360000,360.0,0,0.0,0.0,,0.0,normalDay
2021-06-24,6198.0,1661.0,0.0,0,425.1,0.0,1,16.87,0.26,SPY210716P00360000,360.0,0,0.0,0.0,,0.0,normalDay
2021-06-25,6198.0,1665.0,0.0,0,426.61,0.0,1,16.87,0.22,SPY210716P00360000,360.0,0,0.0,0.0,,0.0,normalDay
2021-06-28,6198.0,1671.0,0.0,0,427.47,0.0,1,16.87,0.16,SPY210716P00360000,360.0,0,0.0,0.0,,0.0,normalDay
2021-06-29,6198.0,1671.0,0.0,0,427.7,0.0,1,16.87,0.16,SPY210716P00360000,360.0,0,0.0,0.0,,0.0,normalDay
2021-06-30,6198.0,1674.0,0.0,0,428.06,0.0,1,16.87,0.13,SPY210716P00360000,360.0,0,0.0,0.0,,0.0,normalDay
2021-07-01,6198.0,1677.0,0.0,0,430.43,0.0,1,16.87,0.1,SPY210716P00360000,360.0,0,0.0,0.0,,0.0,normalDay
2021-07-02,6198.0,1680.0,0.0,0,433.72,0.0,1,16.87,0.07,SPY210716P00360000,360.0,0,0.0,0.0,,0.0,normalDay
2021-07-06,6198.0,1681.0,0.0,0,432.93,0.0,1,16.87,0.06,SPY210716P00360000,360.0,0,0.0,0.0,,0.0,normalDay
2021-07-07,6198.0,1683.0,0.0,0,434.46,0.0,1,16.87,0.04,SPY210716P00360000,360.0,0,0.0,0.0,,0.0,normalDay
2021-07-08,6198.0,1680.0,0.0,0,430.92,0.0,1,16.87,0.07,SPY210716P00360000,360.0,0,0.0,0.0,,0.0,normalDay
2021-07-09,6198.0,1684.0,0.0,0,435.52,0.0,1,16.87,0.03,SPY210716P00360000,360.0,0,0.0,0.0,,0.0,normalDay
2021-07-12,6198.0,1685.0,0.0,0,437.08,0.0,1,16.87,0.02,SPY210716P00360000,360.0,0,0.0,0.0,,0.0,normalDay
2021-07-13,6198.0,1685.0,0.0,0,435.59,0.0,1,16.87,0.02,SPY210716P00360000,360.0,0,0.0,0.0,,0.0,normalDay
2021-07-14,6198.0,1686.0,0.0,0,436.24,0.0,1,16.87,0.01,SPY210716P00360000,360.0,0,0.0,0.0,,0.0,normalDay
2021-07-15,6198.0,1686.0,0.0,0,434.75,0.0,1,16.87,0.01,SPY210716P00360000,360.0,0,0.0,0.0,,0.0,normalDay
2021-07-16,7885.0,0.0,1687.0,0,431.34,0.0,1,16.87,0.0,SPY210716P00360000,360.0,0,0.0,0.0,,0.0,expirationDay
2021-07-19,7885.0,-27.0,0.0,0,424.97,0.0,1,21.27,21.54,SPY220218P00414000,414.0,0,0.0,0.0,,0.0,normalDay
2021-07-20,7885.0,237.0,0.0,0,431.06,0.0,1,21.27,18.9,SPY220218P00414000,414.0,0,0.0,0.0,,0.0,normalDay
2021-07-21,7885.0,402.0,0.0,0,434.55,0.0,1,21.27,17.25,SPY220218P00414000,414.0,0,0.0,0.0,,0.0,normalDay
2021-07-22,7885.0,433.0,0.0,0,435.46,0.0,1,21.27,16.94,SPY220218P00414000,414.0,0,0.0,0.0,,0.0,normalDay
2021-07-23,7885.0,538.0,0.0,0,439.94,0.0,1,21.27,15.89,SPY220218P00414000,414.0,0,0.0,0.0,,0.0,normalDay
2021-07-26,7885.0,570.0,0.0,0,441.02,0.0,1,21.27,15.57,SPY220218P00414000,414.0,0,0.0,0.0,,0.0,normalDay
2021-07-27,7885.0,469.0,0.0,0,439.01,0.0,1,21.27,16.58,SPY220218P00414000,414.0,0,0.0,0.0,,0.0,normalDay
2021-07-28,7885.0,495.0,0.0,0,438.83,0.0,1,21.27,16.32,SPY220218P00414000,414.0,0,0.0,0.0,,0.0,normalDay
2021-07-29,7885.0,577.0,0.0,0,440.65,0.0,1,21.27,15.5,SPY220218P00414000,414.0,0,0.0,0.0,,0.0,normalDay
2021-07-30,7885.0,533.0,0.0,0,438.51,0.0,1,21.27,15.94,SPY220218P00414000,414.0,0,0.0,0.0,,0.0,normalDay
2021-08-02,7885.0,475.0,0.0,0,437.59,0.0,1,21.27,16.52,SPY220218P00414000,414.0,0,0.0,0.0,,0.0,normalDay
2021-08-03,7885.0,601.0,0.0,0,441.15,0.0,1,21.27,15.26,SPY220218P00414000,414.0,0,0.0,0.0,,0.0,normalDay
2021-08-04,7885.0,561.0,0.0,0,438.98,0.0,1,21.27,15.66,SPY220218P00414000,414.0,0,0.0,0.0,,0.0,normalDay
2021-08-05,7885.0,649.0,0.0,0,441.76,0.0,1,21.27,14.78,SPY220218P00414000,414.0,0,0.0,0.0,,0.0,normalDay
2021-08-06,7885.0,713.0,0.0,0,442.49,0.0,1,21.27,14.14,SPY220218P00414000,414.0,0,0.0,0.0,,0.0,normalDay
2021-08-09,7885.0,689.0,0.0,0,442.13,0.0,1,21.27,14.38,SPY220218P00414000,414.0,0,0.0,0.0,,0.0,normalDay
2021-08-10,7885.0,689.0,0.0,0,442.68,0.0,1,21.27,14.38,SPY220218P00414000,414.0,0,0.0,0.0,,0.0,normalDay
2021-08-11,7885.0,744.0,0.0,0,443.78,0.0,1,21.27,13.83,SPY220218P00414000,414.0,0,0.0,0.0,,0.0,normalDay
2021-08-12,7885.0,797.0,0.0,0,445.11,0.0,1,21.27,13.3,SPY220218P00414000,414.0,0,0.0,0.0,,0.0,normalDay
2021-08-13,7885.0,817.0,0.0,0,445.92,0.0,1,21.27,13.1,SPY220218P00414000,414.0,0,0.0,0.0,,0.0,normalDay
2021-08-16,7885.0,844.0,0.0,0,446.97,0.0,1,21.27,12.83,SPY220218P00414000,414.0,0,0.0,0.0,,0.0,normalDay
2021-08-17,7885.0,711.0,0.0,0,444.04,0.0,1,21.27,14.16,SPY220218P00414000,414.0,0,0.0,0.0,,0.0,normalDay
2021-08-18,7885.0,508.0,0.0,0,439.18,0.0,1,21.27,16.19,SPY220218P00414000,414.0,0,0.0,0.0,,0.0,normalDay
2021-08-19,7885.0,526.0,0.0,0,439.86,0.0,1,21.27,16.01,SPY220218P00414000,414.0,0,0.0,0.0,,0.0,normalDay
2021-08-20,7885.0,675.0,0.0,0,443.36,0.0,1,21.27,14.52,SPY220218P00414000,414.0,0,0.0,0.0,,0.0,normalDay
2021-08-23,7885.0,836.0,0.0,0,447.26,0.0,1,21.27,12.91,SPY220218P00414000,414.0,0,0.0,0.0,,0.0,normalDay
2021-08-24,7885.0,830.0,0.0,0,447.97,0.0,1,21.27,12.97,SPY220218P00414000,414.0,0,0.0,0.0,,0.0,normalDay
2021-08-25,7885.0,883.0,0.0,0,448.91,0.0,1,21.27,12.44,SPY220218P00414000,414.0,0,0.0,0.0,,0.0,normalDay
2021-08-26,7885.0,783.0,0.0,0,446.26,0.0,1,21.27,13.44,SPY220218P00414000,414.0,0,0.0,0.0,,0.0,normalDay
2021-08-27,7885.0,927.0,0.0,0,450.25,0.0,1,21.27,12.0,SPY220218P00414000,414.0,0,0.0,0.0,,0.0,normalDay
2021-08-30,7885.0,976.0,0.0,0,452.23,0.0,1,21.27,11.51,SPY220218P00414000,414.0,0,0.0,0.0,,0.0,normalDay
2021-08-31,7885.0,968.0,0.0,0,451.56,0.0,1,21.27,11.59,SPY220218P00414000,414.0,0,0.0,0.0,,0.0,normalDay
2021-09-01,7885.0,994.0,0.0,0,451.8,0.0,1,21.27,11.33,SPY220218P00414000,414.0,0,0.0,0.0,,0.0,normalDay
2021-09-02,7885.0,1026.0,0.0,0,453.19,0.0,1,21.27,11.01,SPY220218P00414000,414.0,0,0.0,0.0,,0.0,normalDay
2021-09-03,7885.0,1011.0,0.0,0,453.08,0.0,1,21.27,11.16,SPY220218P00414000,414.0,0,0.0,0.0,,0.0,normalDay
2021-09-07,7885.0,948.0,0.0,0,451.46,0.0,1,21.27,11.79,SPY220218P00414000,414.0,0,0.0,0.0,,0.0,normalDay
2021-09-08,7885.0,938.0,0.0,0,450.91,0.0,1,21.27,11.89,SPY220218P00414000,414.0,0,0.0,0.0,,0.0,normalDay
2021-09-09,7885.0,874.0,0.0,0,448.98,0.0,1,21.27,12.53,SPY220218P00414000,414.0,0,0.0,0.0,,0.0,normalDay
2021-09-10,7885.0,789.0,0.0,0,445.44,0.0,1,21.27,13.38,SPY220218P00414000,414.0,0,0.0,0.0,,0.0,normalDay
2021-09-13,7885.0,864.0,0.0,0,446.58,0.0,1,21.27,12.63,SPY220218P00414000,414.0,0,0.0,0.0,,0.0,normalDay
2021-09-14,7885.0,806.0,0.0,0,444.17,0.0,1,21.27,13.21,SPY220218P00414000,414.0,0,0.0,0.0,,0.0,normalDay
2021-09-15,7885.0,927.0,0.0,0,447.88,0.0,1,21.27,12.0,SPY220218P00414000,414.0,0,0.0,0.0,,0.0,normalDay
2021-09-16,7885.0,903.0,0.0,0,447.17,0.0,1,21.27,12.24,SPY220218P00414000,414.0,0,0.0,0.0,,0.0,normalDay
2021-09-17,7885.0,763.0,0.0,0,441.4,0.0,1,21.27,13.64,SPY220218P00414000,414.0,0,0.0,0.0,,0.0,normalDay
2021-09-20,7885.0,451.0,0.0,0,434.04,0.0,1,21.27,16.76,SPY220218P00414000,414.0,0,0.0,0.0,,0.0,normalDay
2021-09-21,7885.0,485.0,0.0,0,433.63,0.0,1,21.27,16.42,SPY220218P00414000,414.0,0,0.0,0.0,,0.0,normalDay
2021-09-22,7885.0,715.0,0.0,0,437.86,0.0,1,21.27,14.12,SPY220218P00414000,414.0,0,0.0,0.0,,0.0,normalDay
2021-09-23,7885.0,916.0,0.0,0,443.18,0.0,1,21.27,12.11,SPY220218P00414000,414.0,0,0.0,0.0,,0.0,normalDay
2021-09-24,7885.0,956.0,0.0,0,443.91,0.0,1,21.27,11.71,SPY220218P00414000,414.0,0,0.0,0.0,,0.0,normalDay
2021-09-27,7885.0,917.0,0.0,0,442.64,0.0,1,21.27,12.1,SPY220218P00414000,414.0,0,0.0,0.0,,0.0,normalDay
2021-09-28,7885.0,601.0,0.0,0,433.72,0.0,1,21.27,15.26,SPY220218P00414000,414.0,0,0.0,0.0,,0.0,normalDay
2021-09-29,7885.0,636.0,0.0,0,434.45,0.0,1,21.27,14.91,SPY220218P00414000,414.0,0,0.0,0.0,,0.0,normalDay
2021-09-30,7885.0,494.0,0.0,0,429.14,0.0,1,21.27,16.33,SPY220218P00414000,414.0,0,0.0,0.0,,0.0,normalDay
2021-10-01,7885.0,686.0,0.0,0,434.24,0.0,1,21.27,14.41,SPY220218P00414000,414.0,0,0.0,0.0,,0.0,normalDay
2021-10-04,7885.0,498.0,0.0,0,428.64,0.0,1,21.27,16.29,SPY220218P00414000,414.0,0,0.0,0.0,,0.0,normalDay
2021-10-05,7885.0,677.0,0.0,0,433.1,0.0,1,21.27,14.5,SPY220218P00414000,414.0,0,0.0,0.0,,0.0,normalDay
2021-10-06,7885.0,736.0,0.0,0,434.9,0.0,1,21.27,13.91,SPY220218P00414000,414.0,0,0.0,0.0,,0.0,normalDay
2021-10-07,7885.0,888.0,0.0,0,438.66,0.0,1,21.27,12.39,SPY220218P00414000,414.0,0,0.0,0.0,,0.0,normalDay
2021-10-08,7885.0,874.0,0.0,0,437.86,0.0,1,21.27,12.53,SPY220218P00414000,414.0,0,0.0,0.0,,0.0,normalDay
2021-10-11,7885.0,805.0,0.0,0,434.69,0.0,1,21.27,13.22,SPY220218P00414000,414.0,0,0.0,0.0,,0.0,normalDay
2021-10-12,7885.0,791.0,0.0,0,433.62,0.0,1,21.27,13.36,SPY220218P00414000,414.0,0,0.0,0.0,,0.0,normalDay
2021-10-13,7885.0,920.0,0.0,0,435.18,0.0,1,21.27,12.07,SPY220218P00414000,414.0,0,0.0,0.0,,0.0,normalDay
2021-10-14,7885.0,1136.0,0.0,0,442.5,0.0,1,21.27,9.91,SPY220218P00414000,414.0,0,0.0,0.0,,0.0,normalDay
2021-10-15,7885.0,1202.0,0.0,0,445.87,0.0,1,21.27,9.25,SPY220218P00414000,414.0,0,0.0,0.0,,0.0,normalDay
2021-10-18,7885.0,1236.0,0.0,0,447.19,0.0,1,21.27,8.91,SPY220218P00414000,414.0,0,0.0,0.0,,0.0,normalDay
2021-10-19,7885.0,1328.0,0.0,0,450.64,0.0,1,21.27,7.99,SPY220218P00414000,414.0,0,0.0,0.0,,0.0,normalDay
2021-10-20,7885.0,1353.0,0.0,0,452.41,0.0,1,21.27,7.74,SPY220218P00414000,414.0,0,0.0,0.0,,0.0,normalDay
2021-10-21,7885.0,1390.0,0.0,0,453.59,0.0,1,21.27,7.37,SPY220218P00414000,414.0,0,0.0,0.0,,0.0,normalDay
2021-10-22,7885.0,1353.0,0.0,0,453.12,0.0,1,21.27,7.74,SPY220218P00414000,414.0,0,0.0,0.0,,0.0,normalDay
2021-10-25,7885.0,1426.0,0.0,0,455.55,0.0,1,21.27,7.01,SPY220218P00414000,414.0,0,0.0,0.0,,0.0,normalDay
2021-10-26,7885.0,1432.0,0.0,0,455.96,0.0,1,21.27,6.95,SPY220218P00414000,414.0,0,0.0,0.0,,0.0,normalDay
2021-10-27,7885.0,1365.0,0.0,0,453.94,0.0,1,21.27,7.62,SPY220218P00414000,414.0,0,0.0,0.0,,0.0,normalDay
2021-10-28,7885.0,1444.0,0.0,0,458.32,0.0,1,21.27,6.83,SPY220218P00414000,414.0,0,0.0,0.0,,0.0,normalDay
2021-10-29,7885.0,1467.0,0.0,0,459.25,0.0,1,21.27,6.6,SPY220218P00414000,414.0,0,0.0,0.0,,0.0,normalDay
2021-11-01,7885.0,1491.0,0.0,0,460.04,0.0,1,21.27,6.36,SPY220218P00414000,414.0,0,0.0,0.0,,0.0,normalDay
2021-11-02,7885.0,1528.0,0.0,0,461.9,0.0,1,21.27,5.99,SPY220218P00414000,414.0,0,0.0,0.0,,0.0,normalDay
2021-11-03,7885.0,1594.0,0.0,0,464.72,0.0,1,21.27,5.33,SPY220218P00414000,414.0,0,0.0,0.0,,0.0,normalDay
2021-11-04,7885.0,1619.0,0.0,0,466.91,0.0,1,21.27,5.08,SPY220218P00414000,414.0,0,0.0,0.0,,0.0,normalDay
2021-11-05,7885.0,1608.0,0.0,0,468.53,0.0,1,21.27,5.19,SPY220218P00414000,414.0,0,0.0,0.0,,0.0,normalDay
2021-11-08,7885.0,1604.0,0.0,0,468.93,0.0,1,21.27,5.23,SPY220218P00414000,414.0,0,0.0,0.0,,0.0,normalDay
2021-11-09,7885.0,1583.0,0.0,0,467.38,0.0,1,21.27,5.44,SPY220218P00414000,414.0,0,0.0,0.0,,0.0,normalDay
2021-11-10,7885.0,1535.0,0.0,0,463.62,0.0,1,21.27,5.92,SPY220218P00414000,414.0,0,0.0,0.0,,0.0,normalDay
2021-11-11,7885.0,1581.0,0.0,0,463.77,0.0,1,21.27,5.46,SPY220218P00414000,414.0,0,0.0,0.0,,0.0,normalDay
2021-11-12,7885.0,1646.0,0.0,0,467.27,0.0,1,21.27,4.81,SPY220218P00414000,414.0,0,0.0,0.0,,0.0,normalDay
2021-11-15,7885.0,1658.0,0.0,0,467.43,0.0,1,21.27,4.69,SPY220218P00414000,414.0,0,0.0,0.0,,0.0,normalDay
2021-11-16,7885.0,1683.0,0.0,0,469.28,0.0,1,21.27,4.44,SPY220218P00414000,414.0,0,0.0,0.0,,0.0,normalDay
2021-11-17,7885.0,1647.0,0.0,0,468.14,0.0,1,21.27,4.8,SPY220218P00414000,414.0,0,0.0,0.0,,0.0,normalDay
2021-11-18,7885.0,1660.0,0.0,0,469.73,0.0,1,21.27,4.67,SPY220218P00414000,414.0,0,0.0,0.0,,0.0,normalDay
2021-11-19,7885.0,1650.0,0.0,0,468.89,0.0,1,21.27,4.77,SPY220218P00414000,414.0,0,0.0,0.0,,0.0,normalDay
2021-11-22,7885.0,1625.0,0.0,0,467.57,0.0,1,21.27,5.02,SPY220218P00414000,414.0,0,0.0,0.0,,0.0,normalDay
2021-11-23,7885.0,1645.0,0.0,0,468.19,0.0,1,21.27,4.82,SPY220218P00414000,414.0,0,0.0,0.0,,0.0,normalDay
2021-11-24,7885.0,1686.0,0.0,0,469.44,0.0,1,21.27,4.41,SPY220218P00414000,414.0,0,0.0,0.0,,0.0,normalDay
2021-11-26,7885.0,1165.0,0.0,0,458.97,0.0,1,21.27,9.62,SPY220218P00414000,414.0,0,0.0,0.0,,0.0,normalDay
2021-11-29,7885.0,1567.0,0.0,0,464.6,0.0,1,21.27,5.6,SPY220218P00414000,414.0,0,0.0,0.0,,0.0,normalDay
2021-11-30,7885.0,1362.0,0.0,0,455.56,0.0,1,21.27,7.65,SPY220218P00414000,414.0,0,0.0,0.0,,0.0,normalDay
2021-12-01,7885.0,1113.0,0.0,0,450.5,0.0,1,21.27,10.14,SPY220218P00414000,414.0,0,0.0,0.0,,0.0,normalDay
2021-12-02,7885.0,1324.0,0.0,0,457.4,0.0,1,21.27,8.03,SPY220218P00414000,414.0,0,0.0,0.0,,0.0,normalDay
2021-12-03,7885.0,1173.0,0.0,0,453.42,0.0,1,21.27,9.54,SPY220218P00414000,414.0,0,0.0,0.0,,0.0,normalDay
2021-12-06,7885.0,1388.0,0.0,0,458.79,0.0,1,21.27,7.39,SPY220218P00414000,414.0,0,0.0,0.0,,0.0,normalDay
2021-12-07,7885.0,1653.0,0.0,0,468.28,0.0,1,21.27,4.74,SPY220218P00414000,414.0,0,0.0,0.0,,0.0,normalDay
2021-12-08,7885.0,1729.0,0.0,0,469.52,0.0,1,21.27,3.98,SPY220218P00414000,414.0,0,0.0,0.0,,0.0,normalDay
2021-12-09,7885.0,1674.0,0.0,0,466.35,0.0,1,21.27,4.53,SPY220218P00414000,414.0,0,0.0,0.0,,0.0,normalDay
2021-12-10,7885.0,1765.0,0.0,0,470.74,0.0,1,21.27,3.62,SPY220218P00414000,414.0,0,0.0,0.0,,0.0,normalDay
2021-12-13,7885.0,1713.0,0.0,0,466.57,0.0,1,21.27,4.14,SPY220218P00414000,414.0,0,0.0,0.0,,0.0,normalDay
2021-12-14,7885.0,1660.0,0.0,0,463.36,0.0,1,21.27,4.67,SPY220218P00414000,414.0,0,0.0,0.0,,0.0,normalDay
2021-12-15,7885.0,1799.0,0.0,0,470.6,0.0,1,21.27,3.28,SPY220218P00414000,414.0,0,0.0,0.0,,0.0,normalDay
2021-12-16,7885.0,1739.0,0.0,0,466.45,0.0,1,21.27,3.88,SPY220218P00414000,414.0,0,0.0,0.0,,0.0,normalDay
2021-12-17,7885.0,1662.0,0.0,0,459.87,0.0,1,21.27,4.65,SPY220218P00414000,414.0,0,0.0,0.0,,0.0,normalDay
2021-12-20,7885.0,1605.0,0.0,0,454.98,0.0,1,21.27,5.22,SPY220218P00414000,414.0,0,0.0,0.0,,0.0,normalDay
2021-12-21,7885.0,1746.0,0.0,0,463.06,0.0,1,21.27,3.81,SPY220218P00414000,414.0,0,0.0,0.0,,0.0,normalDay
2021-12-22,7885.0,1841.0,0.0,0,467.69,0.0,1,21.27,2.86,SPY220218P00414000,414.0,0,0.0,0.0,,0.0,normalDay
2021-12-23,7885.0,1880.0,0.0,0,470.6,0.0,1,21.27,2.47,SPY220218P00414000,414.0,0,0.0,0.0,,0.0,normalDay
2021-12-27,7885.0,1945.0,0.0,0,477.26,0.0,1,21.27,1.82,SPY220218P00414000,414.0,0,0.0,0.0,,0.0,normalDay
2021-12-28,7885.0,1954.0,0.0,0,476.87,0.0,1,21.27,1.73,SPY220218P00414000,414.0,0,0.0,0.0,,0.0,normalDay
2021-12-29,7885.0,1979.0,0.0,0,477.48,0.0,1,21.27,1.48,SPY220218P00414000,414.0,0,0.0,0.0,,0.0,normalDay
2021-12-30,7885.0,1971.0,0.0,0,476.16,0.0,1,21.27,1.56,SPY220218P00414000,414.0,0,0.0,0.0,,0.0,normalDay
2021-12-31,7885.0,1980.0,0.0,0,474.96,0.0,1,21.27,1.47,SPY220218P00414000,414.0,0,0.0,0.0,,0.0,normalDay
2022-01-03,7885.0,2011.0,0.0,0,477.71,0.0,1,21.27,1.16,SPY220218P00414000,414.0,0,0.0,0.0,,0.0,normalDay
2022-01-04,7885.0,2010.0,0.0,0,477.55,0.0,1,21.27,1.17,SPY220218P00414000,414.0,0,0.0,0.0,,0.0,normalDay
2022-01-05,7885.0,1932.0,0.0,0,468.38,0.0,1,21.27,1.95,SPY220218P00414000,414.0,0,0.0,0.0,,0.0,normalDay
2022-01-06,7885.0,1944.0,0.0,0,467.94,0.0,1,21.27,1.83,SPY220218P00414000,414.0,0,0.0,0.0,,0.0,normalDay
2022-01-07,7885.0,1964.0,0.0,0,466.09,0.0,1,21.27,1.63,SPY220218P00414000,414.0,0,0.0,0.0,,0.0,normalDay
2022-01-10,7885.0,1967.0,0.0,0,465.51,0.0,1,21.27,1.6,SPY220218P00414000,414.0,0,0.0,0.0,,0.0,normalDay
2022-01-11,7885.0,2003.0,0.0,0,469.75,0.0,1,21.27,1.24,SPY220218P00414000,414.0,0,0.0,0.0,,0.0,normalDay
2022-01-12,7885.0,2023.0,0.0,0,471.02,0.0,1,21.27,1.04,SPY220218P00414000,414.0,0,0.0,0.0,,0.0,normalDay
2022-01-13,7885.0,1967.0,0.0,0,464.53,0.0,1,21.27,1.6,SPY220218P00414000,414.0,0,0.0,0.0,,0.0,normalDay
2022-01-14,7885.0,1997.0,0.0,0,464.72,0.0,1,21.27,1.3,SPY220218P00414000,414.0,0,0.0,0.0,,0.0,normalDay
2022-01-18,7885.0,1912.0,0.0,0,456.49,0.0,1,21.27,2.15,SPY220218P00414000,414.0,0,0.0,0.0,,0.0,normalDay
2022-01-19,7885.0,1878.0,0.0,0,451.75,0.0,1,21.27,2.49,SPY220218P00414000,414.0,0,0.0,0.0,,0.0,normalDay
2022-01-20,7885.0,1794.0,0.0,0,446.75,0.0,1,21.27,3.33,SPY220218P00414000,414.0,0,0.0,0.0,,0.0,normalDay
2022-01-21,7885.0,1603.0,0.0,0,437.98,0.0,1,21.27,5.24,SPY220218P00414000,414.0,0,0.0,0.0,,0.0,normalDay
2022-01-24,7885.0,1596.0,0.0,0,439.84,0.0,1,21.27,5.31,SPY220218P00414000,414.0,0,0.0,0.0,,0.0,normalDay
2022-01-25,7885.0,1459.0,0.0,0,434.47,0.0,1,21.27,6.68,SPY220218P00414000,414.0,0,0.0,0.0,,0.0,normalDay
2022-01-26,7885.0,1471.0,0.0,0,433.38,0.0,1,21.27,6.56,SPY220218P00414000,414.0,0,0.0,0.0,,0.0,normalDay
2022-01-27,7885.0,1514.0,0.0,0,431.24,0.0,1,21.27,6.13,SPY220218P00414000,414.0,0,0.0,0.0,,0.0,normalDay
2022-01-28,7885.0,1783.0,0.0,0,441.95,0.0,1,21.27,3.44,SPY220218P00414000,414.0,0,0.0,0.0,,0.0,normalDay
2022-01-31,7885.0,1948.0,0.0,0,449.91,0.0,1,21.27,1.79,SPY220218P00414000,414.0,0,0.0,0.0,,0.0,normalDay
2022-02-01,7885.0,2027.0,0.0,0,452.95,0.0,1,21.27,1.0,SPY220218P00414000,414.0,0,0.0,0.0,,0.0,normalDay
2022-02-02,7885.0,2051.0,0.0,0,457.35,0.0,1,21.27,0.76,SPY220218P00414000,414.0,0,0.0,0.0,,0.0,normalDay
2022-02-03,7885.0,2001.0,0.0,0,446.6,0.0,1,21.27,1.26,SPY220218P00414000,414.0,0,0.0,0.0,,0.0,normalDay
2022-02-04,7885.0,2031.0,0.0,0,448.7,0.0,1,21.27,0.96,SPY220218P00414000,414.0,0,0.0,0.0,,0.0,normalDay
2022-02-07,7885.0,2070.0,0.0,0,447.26,0.0,1,21.27,0.57,SPY220218P00414000,414.0,0,0.0,0.0,,0.0,normalDay
2022-02-08,7885.0,2091.0,0.0,0,450.94,0.0,1,21.27,0.36,SPY220218P00414000,414.0,0,0.0,0.0,,0.0,normalDay
2022-02-09,7885.0,2110.0,0.0,0,457.54,0.0,1,21.27,0.17,SPY220218P00414000,414.0,0,0.0,0.0,,0.0,normalDay
2022-02-10,7885.0,2081.0,0.0,0,449.32,0.0,1,21.27,0.46,SPY220218P00414000,414.0,0,0.0,0.0,,0.0,normalDay
2022-02-11,7885.0,2041.0,0.0,0,440.46,0.0,1,21.27,0.86,SPY220218P00414000,414.0,0,0.0,0.0,,0.0,normalDay
2022-02-14,7885.0,2083.0,0.0,0,439.02,0.0,1,21.27,0.44,SPY220218P00414000,414.0,0,0.0,0.0,,0.0,normalDay
2022-02-15,7885.0,2107.0,0.0,0,446.1,0.0,1,21.27,0.2,SPY220218P00414000,414.0,0,0.0,0.0,,0.0,normalDay
2022-02-16,7885.0,2122.0,0.0,0,446.6,0.0,1,21.27,0.05,SPY220218P00414000,414.0,0,0.0,0.0,,0.0,normalDay
2022-02-17,7885.0,2121.0,0.0,0,437.06,0.0,1,21.27,0.06,SPY220218P00414000,414.0,0,0.0,0.0,,0.0,normalDay
2022-02-18,10012.0,0.0,2127.0,0,434.23,0.0,1,21.27,0.0,SPY220218P00414000,414.0,0,0.0,0.0,,0.0,expirationDay
2022-02-22,10012.0,-107.0,0.0,0,429.57,0.0,1,25.15,26.22,SPY220930P00417000,417.0,0,0.0,0.0,,0.0,normalDay
2022-02-23,10012.0,-476.0,0.0,0,421.95,0.0,1,25.15,29.91,SPY220930P00417000,417.0,0,0.0,0.0,,0.0,normalDay
2022-02-24,10012.0,-238.0,0.0,0,428.3,0.0,1,25.15,27.53,SPY220930P00417000,417.0,0,0.0,0.0,,0.0,normalDay
2022-02-25,10012.0,178.0,0.0,0,437.75,0.0,1,25.15,23.37,SPY220930P00417000,417.0,0,0.0,0.0,,0.0,normalDay
2022-02-28,10012.0,93.0,0.0,0,436.63,0.0,1,25.15,24.22,SPY220930P00417000,417.0,0,0.0,0.0,,0.0,normalDay
2022-03-01,10012.0,-285.0,0.0,0,429.98,0.0,1,25.15,28.0,SPY220930P00417000,417.0,0,0.0,0.0,,0.0,normalDay
2022-03-02,10012.0,43.0,0.0,0,437.89,0.0,1,25.15,24.72,SPY220930P00417000,417.0,0,0.0,0.0,,0.0,normalDay
2022-03-03,10012.0,-14.0,0.0,0,435.71,0.0,1,25.15,25.29,SPY220930P00417000,417.0,0,0.0,0.0,,0.0,normalDay
2022-03-04,10012.0,-223.0,0.0,0,432.17,0.0,1,25.15,27.38,SPY220930P00417000,417.0,0,0.0,0.0,,0.0,normalDay
2022-03-07,10012.0,-844.0,0.0,0,419.43,0.0,1,25.15,33.59,SPY220930P00417000,417.0,0,0.0,0.0,,0.0,normalDay
2022-03-08,10012.0,-947.0,0.0,0,416.25,0.0,1,25.15,34.62,SPY220930P00417000,417.0,0,0.0,0.0,,0.0,normalDay
2022-03-09,10012.0,-439.0,0.0,0,427.41,0.0,1,25.15,29.54,SPY220930P00417000,417.0,0,0.0,0.0,,0.0,normalDay
2022-03-10,10012.0,-395.0,0.0,0,425.48,0.0,1,25.15,29.1,SPY220930P00417000,417.0,0,0.0,0.0,,0.0,normalDay
2022-03-11,10012.0,-637.0,0.0,0,420.07,0.0,1,25.15,31.52,SPY220930P00417000,417.0,0,0.0,0.0,,0.0,normalDay
2022-03-14,10012.0,-745.0,0.0,0,417.0,0.0,1,25.15,32.6,SPY220930P00417000,417.0,0,0.0,0.0,,0.0,normalDay
2022-03-15,10012.0,-369.0,0.0,0,426.17,0.0,1,25.15,28.84,SPY220930P00417000,417.0,0,0.0,0.0,,0.0,normalDay
2022-03-16,10012.0,116.0,0.0,0,435.62,0.0,1,25.15,23.99,SPY220930P00417000,417.0,0,0.0,0.0,,0.0,normalDay
2022-03-17,10012.0,340.0,0.0,0,441.07,0.0,1,25.15,21.75,SPY220930P00417000,417.0,0,0.0,0.0,,0.0,normalDay
2022-03-18,10012.0,585.0,0.0,0,444.52,0.0,1,25.15,19.3,SPY220930P00417000,417.0,0,0.0,0.0,,0.0,normalDay
2022-03-21,10012.0,608.0,0.0,0,444.39,0.0,1,25.15,19.07,SPY220930P00417000,417.0,0,0.0,0.0,,0.0,normalDay
2022-03-22,10012.0,789.0,0.0,0,449.59,0.0,1,25.15,17.26,SPY220930P00417000,417.0,0,0.0,0.0,,0.0,normalDay
2022-03-23,10012.0,616.0,0.0,0,443.8,0.0,1,25.15,18.99,SPY220930P00417000,417.0,0,0.0,0.0,,0.0,normalDay
2022-03-24,10012.0,823.0,0.0,0,450.49,0.0,1,25.15,16.92,SPY220930P00417000,417.0,0,0.0,0.0,,0.0,normalDay
2022-03-25,10012.0,897.0,0.0,0,452.69,0.0,1,25.15,16.18,SPY220930P00417000,417.0,0,0.0,0.0,,0.0,normalDay
2022-03-28,10012.0,1014.0,0.0,0,455.91,0.0,1,25.15,15.01,SPY220930P00417000,417.0,0,0.0,0.0,,0.0,normalDay
2022-03-29,10012.0,1153.0,0.0,0,461.55,0.0,1,25.15,13.62,SPY220930P00417000,417.0,0,0.0,0.0,,0.0,normalDay
2022-03-30,10012.0,1089.0,0.0,0,458.7,0.0,1,25.15,14.26,SPY220930P00417000,417.0,0,0.0,0.0,,0.0,normalDay
2022-03-31,10012.0,898.0,0.0,0,451.64,0.0,1,25.15,16.17,SPY220930P00417000,417.0,0,0.0,0.0,,0.0,normalDay
2022-04-01,10012.0,963.0,0.0,0,452.92,0.0,1,25.15,15.52,SPY220930P00417000,417.0,0,0.0,0.0,,0.0,normalDay
2022-04-04,10012.0,1116.0,0.0,0,456.8,0.0,1,25.15,13.99,SPY220930P00417000,417.0,0,0.0,0.0,,0.0,normalDay
2022-04-05,10012.0,885.0,0.0,0,451.03,0.0,1,25.15,16.3,SPY220930P00417000,417.0,0,0.0,0.0,,0.0,normalDay
2022-04-06,10012.0,778.0,0.0,0,446.52,0.0,1,25.15,17.37,SPY220930P00417000,417.0,0,0.0,0.0,,0.0,normalDay
2022-04-07,10012.0,847.0,0.0,0,448.77,0.0,1,25.15,16.68,SPY220930P00417000,417.0,0,0.0,0.0,,0.0,normalDay
2022-04-08,10012.0,840.0,0.0,0,447.57,0.0,1,25.15,16.75,SPY220930P00417000,417.0,0,0.0,0.0,,0.0,normalDay
2022-04-11,10012.0,588.0,0.0,0,439.92,0.0,1,25.15,19.27,SPY220930P00417000,417.0,0,0.0,0.0,,0.0,normalDay
2022-04-12,10012.0,543.0,0.0,0,438.29,0.0,1,25.15,19.72,SPY220930P00417000,417.0,0,0.0,0.0,,0.0,normalDay
2022-04-13,10012.0,770.0,0.0,0,443.31,0.0,1,25.15,17.45,SPY220930P00417000,417.0,0,0.0,0.0,,0.0,normalDay
2022-04-14,10012.0,594.0,0.0,0,437.79,0.0,1,25.15,19.21,SPY220930P00417000,417.0,0,0.0,0.0,,0.0,normalDay
2022-04-18,10012.0,686.0,0.0,0,437.97,0.0,1,25.15,18.29,SPY220930P00417000,417.0,0,0.0,0.0,,0.0,normalDay
2022-04-19,10012.0,834.0,0.0,0,445.04,0.0,1,25.15,16.81,SPY220930P00417000,417.0,0,0.0,0.0,,0.0,normalDay
2022-04-20,10012.0,943.0,0.0,0,444.71,0.0,1,25.15,15.72,SPY220930P00417000,417.0,0,0.0,0.0,,0.0,normalDay
2022-04-21,10012.0,657.0,0.0,0,438.06,0.0,1,25.15,18.58,SPY220930P00417000,417.0,0,0.0,0.0,,0.0,normalDay
2022-04-22,10012.0,95.0,0.0,0,426.04,0.0,1,25.15,24.2,SPY220930P00417000,417.0,0,0.0,0.0,,0.0,normalDay
2022-04-25,10012.0,291.0,0.0,0,428.51,0.0,1,25.15,22.24,SPY220930P00417000,417.0,0,0.0,0.0,,0.0,normalDay
2022-04-26,10012.0,-395.0,0.0,0,416.1,0.0,1,25.15,29.1,SPY220930P00417000,417.0,0,0.0,0.0,,0.0,normalDay
2022-04-27,10012.0,-182.0,0.0,0,417.27,0.0,1,25.15,26.97,SPY220930P00417000,417.0,0,0.0,0.0,,0.0,normalDay
2022-04-28,10012.0,161.0,0.0,0,427.81,0.0,1,25.15,23.54,SPY220930P00417000,417.0,0,0.0,0.0,,0.0,normalDay
2022-04-29,10012.0,-438.0,0.0,0,412.0,0.0,1,25.15,29.53,SPY220930P00417000,417.0,0,0.0,0.0,,0.0,normalDay
2022-05-02,10012.0,-268.0,0.0,0,414.48,0.0,1,25.15,27.83,SPY220930P00417000,417.0,0,0.0,0.0,,0.0,normalDay
2022-05-03,10012.0,-70.0,0.0,0,416.38,0.0,1,25.15,25.85,SPY220930P00417000,417.0,0,0.0,0.0,,0.0,normalDay
2022-05-04,10012.0,451.0,0.0,0,429.06,0.0,1,25.15,20.64,SPY220930P00417000,417.0,0,0.0,0.0,,0.0,normalDay
2022-05-05,10012.0,-301.0,0.0,0,413.81,0.0,1,25.15,28.16,SPY220930P00417000,417.0,0,0.0,0.0,,0.0,normalDay
2022-05-06,10012.0,-472.0,0.0,0,411.34,0.0,1,25.15,29.87,SPY220930P00417000,417.0,0,0.0,0.0,,0.0,normalDay
2022-05-09,10012.0,-1085.0,0.0,0,398.17,0.0,1,25.15,36.0,SPY220930P00417000,417.0,0,0.0,0.0,,0.0,normalDay
2022-05-10,10012.0,-1021.0,0.0,0,399.09,0.0,1,25.15,35.36,SPY220930P00417000,417.0,0,0.0,0.0,,0.0,normalDay
2022-05-11,10012.0,-1356.0,0.0,0,392.75,0.0,1,25.15,38.71,SPY220930P00417000,417.0,0,0.0,0.0,,0.0,normalDay
2022-05-12,10012.0,-1366.0,0.0,0,392.34,0.0,1,25.15,38.81,SPY220930P00417000,417.0,0,0.0,0.0,,0.0,normalDay
2022-05-13,10012.0,-787.0,0.0,0,401.72,0.0,1,25.15,33.02,SPY220930P00417000,417.0,0,0.0,0.0,,0.0,normalDay
2022-05-16,10012.0,-803.0,0.0,0,400.09,0.0,1,25.15,33.18,SPY220930P00417000,417.0,0,0.0,0.0,,0.0,normalDay
2022-05-17,10012.0,-296.0,0.0,0,408.32,0.0,1,25.15,28.11,SPY220930P00417000,417.0,0,0.0,0.0,,0.0,normalDay
2022-05-18,10012.0,-1380.0,0.0,0,391.86,0.0,1,25.15,38.95,SPY220930P00417000,417.0,0,0.0,0.0,,0.0,normalDay
2022-05-19,10012.0,-1415.0,0.0,0,389.46,0.0,1,25.15,39.3,SPY220930P00417000,417.0,0,0.0,0.0,,0.0,normalDay
2022-05-20,10012.0,-1407.0,0.0,0,389.63,0.0,1,25.15,39.22,SPY220930P00417000,417.0,0,0.0,0.0,,0.0,normalDay
2022-05-23,10012.0,-900.0,0.0,0,396.92,0.0,1,25.15,34.15,SPY220930P00417000,417.0,0,0.0,0.0,,0.0,normalDay
2022-05-24,10012.0,-1096.0,0.0,0,393.89,0.0,1,25.15,36.11,SPY220930P00417000,417.0,0,0.0,0.0,,0.0,normalDay
2022-05-25,10012.0,-887.0,0.0,0,397.37,0.0,1,25.15,34.02,SPY220930P00417000,417.0,0,0.0,0.0,,0.0,normalDay
2022-05-26,10012.0,-463.0,0.0,0,405.31,0.0,1,25.15,29.78,SPY220930P00417000,417.0,0,0.0,0.0,,0.0,normalDay
2022-05-27,10012.0,133.0,0.0,0,415.26,0.0,1,25.15,23.82,SPY220930P00417000,417.0,0,0.0,0.0,,0.0,normalDay
2022-05-31,10012.0,34.0,0.0,0,412.93,0.0,1,25.15,24.81,SPY220930P00417000,417.0,0,0.0,0.0,,0.0,normalDay
2022-06-01,10012.0,-86.0,0.0,0,409.59,0.0,1,25.15,26.01,SPY220930P00417000,417.0,0,0.0,0.0,,0.0,normalDay
2022-06-02,10012.0,318.0,0.0,0,417.39,0.0,1,25.15,21.97,SPY220930P00417000,417.0,0,0.0,0.0,,0.0,normalDay
2022-06-03,10012.0,2.0,0.0,0,410.54,0.0,1,25.15,25.13,SPY220930P00417000,417.0,0,0.0,0.0,,0.0,normalDay
2022-06-06,10012.0,84.0,0.0,0,411.79,0.0,1,25.15,24.31,SPY220930P00417000,417.0,0,0.0,0.0,,0.0,normalDay
2022-06-07,10012.0,285.0,0.0,0,415.74,0.0,1,25.15,22.3,SPY220930P00417000,417.0,0,0.0,0.0,,0.0,normalDay
2022-06-08,10012.0,110.0,0.0,0,411.22,0.0,1,25.15,24.05,SPY220930P00417000,417.0,0,0.0,0.0,,0.0,normalDay
2022-06-09,10012.0,-472.0,0.0,0,401.44,0.0,1,25.15,29.87,SPY220930P00417000,417.0,0,0.0,0.0,,0.0,normalDay
2022-06-10,10012.0,-1204.0,0.0,0,389.8,0.0,1,25.15,37.19,SPY220930P00417000,417.0,0,0.0,0.0,,0.0,normalDay
2022-06-13,10012.0,-2368.0,0.0,0,375.0,0.0,1,25.15,48.83,SPY220930P00417000,417.0,0,0.0,0.0,,0.0,normalDay
2022-06-14,10012.0,-2473.0,0.0,0,373.87,0.0,1,25.15,49.88,SPY220930P00417000,417.0,0,0.0,0.0,,0.0,normalDay
2022-06-15,10012.0,-1949.0,0.0,0,379.2,0.0,1,25.15,44.64,SPY220930P00417000,417.0,0,0.0,0.0,,0.0,normalDay
2022-06-16,10012.0,-2941.0,0.0,0,366.65,0.0,1,25.15,54.56,SPY220930P00417000,417.0,0,0.0,0.0,,0.0,normalDay
2022-06-17,10012.0,-2829.0,0.0,0,365.86,0.0,1,25.15,53.44,SPY220930P00417000,417.0,0,0.0,0.0,,0.0,normalDay
2022-06-21,10012.0,-2087.0,0.0,0,375.07,0.0,1,25.15,46.02,SPY220930P00417000,417.0,0,0.0,0.0,,0.0,normalDay
2022-06-22,10012.0,-2090.0,0.0,0,374.39,0.0,1,25.15,46.05,SPY220930P00417000,417.0,0,0.0,0.0,,0.0,normalDay
2022-06-23,10012.0,-1903.0,0.0,0,378.06,0.0,1,25.15,44.18,SPY220930P00417000,417.0,0,0.0,0.0,,0.0,normalDay
2022-06-24,10012.0,-982.0,0.0,0,390.08,0.0,1,25.15,34.97,SPY220930P00417000,417.0,0,0.0,0.0,,0.0,normalDay
2022-06-27,10012.0,-922.0,0.0,0,388.59,0.0,1,25.15,34.37,SPY220930P00417000,417.0,0,0.0,0.0,,0.0,normalDay
2022-06-28,10012.0,-1568.0,0.0,0,380.65,0.0,1,25.15,40.83,SPY220930P00417000,417.0,0,0.0,0.0,,0.0,normalDay
2022-06-29,10012.0,-1553.0,0.0,0,380.34,0.0,1,25.15,40.68,SPY220930P00417000,417.0,0,0.0,0.0,,0.0,normalDay
2022-06-30,10012.0,-1902.0,0.0,0,377.25,0.0,1,25.15,44.17,SPY220930P00417000,417.0,0,0.0,0.0,,0.0,normalDay
2022-07-01,10012.0,-1511.0,0.0,0,381.24,0.0,1,25.15,40.26,SPY220930P00417000,417.0,0,0.0,0.0,,0.0,normalDay
2022-07-05,10012.0,-1454.0,0.0,0,381.96,0.0,1,25.15,39.69,SPY220930P00417000,417.0,0,0.0,0.0,,0.0,normalDay
2022-07-06,10012.0,-1275.0,0.0,0,383.25,0.0,1,25.15,37.9,SPY220930P00417000,417.0,0,0.0,0.0,,0.0,normalDay
2022-07-07,10012.0,-870.0,0.0,0,388.99,0.0,1,25.15,33.85,SPY220930P00417000,417.0,0,0.0,0.0,,0.0,normalDay
2022-07-08,10012.0,-811.0,0.0,0,388.67,0.0,1,25.15,33.26,SPY220930P00417000,417.0,0,0.0,0.0,,0.0,normalDay
2022-07-11,10012.0,-1143.0,0.0,0,384.23,0.0,1,25.15,36.58,SPY220930P00417000,417.0,0,0.0,0.0,,0.0,normalDay
2022-07-12,10012.0,-1465.0,0.0,0,380.83,0.0,1,25.15,39.8,SPY220930P00417000,417.0,0,0.0,0.0,,0.0,normalDay
2022-07-13,10012.0,-1618.0,0.0,0,378.83,0.0,1,25.15,41.33,SPY220930P00417000,417.0,0,0.0,0.0,,0.0,normalDay
2022-07-14,10012.0,-1652.0,0.0,0,377.91,0.0,1,25.15,41.67,SPY220930P00417000,417.0,0,0.0,0.0,,0.0,normalDay
2022-07-15,10012.0,-1034.0,0.0,0,385.13,0.0,1,25.15,35.49,SPY220930P00417000,417.0,0,0.0,0.0,,0.0,normalDay
2022-07-18,10012.0,-1291.0,0.0,0,381.95,0.0,1,25.15,38.06,SPY220930P00417000,417.0,0,0.0,0.0,,0.0,normalDay
2022-07-19,10012.0,-466.0,0.0,0,392.27,0.0,1,25.15,29.81,SPY220930P00417000,417.0,0,0.0,0.0,,0.0,normalDay
2022-07-20,10012.0,-294.0,0.0,0,394.77,0.0,1,25.15,28.09,SPY220930P00417000,417.0,0,0.0,0.0,,0.0,normalDay
2022-07-21,10012.0,-32.0,0.0,0,398.79,0.0,1,25.15,25.47,SPY220930P00417000,417.0,0,0.0,0.0,,0.0,normalDay
2022-07-22,10012.0,-285.0,0.0,0,395.09,0.0,1,25.15,28.0,SPY220930P00417000,417.0,0,0.0,0.0,,0.0,normalDay
2022-07-25,10012.0,-154.0,0.0,0,395.57,0.0,1,25.15,26.69,SPY220930P00417000,417.0,0,0.0,0.0,,0.0,normalDay
2022-07-26,10012.0,-494.0,0.0,0,390.89,0.0,1,25.15,30.09,SPY220930P00417000,417.0,0,0.0,0.0,,0.0,normalDay
2022-07-27,10012.0,167.0,0.0,0,401.04,0.0,1,25.15,23.48,SPY220930P00417000,417.0,0,0.0,0.0,,0.0,normalDay
2022-07-28,10012.0,643.0,0.0,0,406.07,0.0,1,25.15,18.72,SPY220930P00417000,417.0,0,0.0,0.0,,0.0,normalDay
2022-07-29,10012.0,923.0,0.0,0,411.99,0.0,1,25.15,15.92,SPY220930P00417000,417.0,0,0.0,0.0,,0.0,normalDay
2022-08-01,10012.0,833.0,0.0,0,410.77,0.0,1,25.15,16.82,SPY220930P00417000,417.0,0,0.0,0.0,,0.0,normalDay
2022-08-02,10012.0,631.0,0.0,0,408.06,0.0,1,25.15,18.84,SPY220930P00417000,417.0,0,0.0,0.0,,0.0,normalDay
2022-08-03,10012.0,1027.0,0.0,0,414.45,0.0,1,25.15,14.88,SPY220930P00417000,417.0,0,0.0,0.0,,0.0,normalDay
2022-08-04,10012.0,1054.0,0.0,0,414.17,0.0,1,25.15,14.61,SPY220930P00417000,417.0,0,0.0,0.0,,0.0,normalDay
2022-08-05,10012.0,1022.0,0.0,0,413.47,0.0,1,25.15,14.93,SPY220930P00417000,417.0,0,0.0,0.0,,0.0,normalDay
2022-08-08,10012.0,1050.0,0.0,0,412.99,0.0,1,25.15,14.65,SPY220930P00417000,417.0,0,0.0,0.0,,0.0,normalDay
2022-08-09,10012.0,973.0,0.0,0,411.35,0.0,1,25.15,15.42,SPY220930P00417000,417.0,0,0.0,0.0,,0.0,normalDay
2022-08-10,10012.0,1420.0,0.0,0,419.99,0.0,1,25.15,10.95,SPY220930P00417000,417.0,0,0.0,0.0,,0.0,normalDay
2022-08-11,10012.0,1450.0,0.0,0,419.99,0.0,1,25.15,10.65,SPY220930P00417000,417.0,0,0.0,0.0,,0.0,normalDay
2022-08-12,10012.0,1697.0,0.0,0,427.1,0.0,1,25.15,8.18,SPY220930P00417000,417.0,0,0.0,0.0,,0.0,normalDay
2022-08-15,10012.0,1776.0,0.0,0,428.86,0.0,1,25.15,7.39,SPY220930P00417000,417.0,0,0.0,0.0,,0.0,normalDay
2022-08-16,10012.0,1809.0,0.0,0,429.7,0.0,1,25.15,7.06,SPY220930P00417000,417.0,0,0.0,0.0,,0.0,normalDay
2022-08-17,10012.0,1716.0,0.0,0,426.65,0.0,1,25.15,7.99,SPY220930P00417000,417.0,0,0.0,0.0,,0.0,normalDay
2022-08-18,10012.0,1788.0,0.0,0,427.89,0.0,1,25.15,7.27,SPY220930P00417000,417.0,0,0.0,0.0,,0.0,normalDay
2022-08-19,10012.0,1579.0,0.0,0,422.14,0.0,1,25.15,9.36,SPY220930P00417000,417.0,0,0.0,0.0,,0.0,normalDay
2022-08-22,10012.0,1152.0,0.0,0,413.35,0.0,1,25.15,13.63,SPY220930P00417000,417.0,0,0.0,0.0,,0.0,normalDay
2022-08-23,10012.0,1084.0,0.0,0,412.35,0.0,1,25.15,14.31,SPY220930P00417000,417.0,0,0.0,0.0,,0.0,normalDay
2022-08-24,10012.0,1241.0,0.0,0,413.67,0.0,1,25.15,12.74,SPY220930P00417000,417.0,0,0.0,0.0,,0.0,normalDay
2022-08-25,10012.0,1533.0,0.0,0,419.51,0.0,1,25.15,9.82,SPY220930P00417000,417.0,0,0.0,0.0,,0.0,normalDay
2022-08-26,10012.0,683.0,0.0,0,405.31,0.0,1,25.15,18.32,SPY220930P00417000,417.0,0,0.0,0.0,,0.0,normalDay
2022-08-29,10012.0,548.0,0.0,0,402.63,0.0,1,25.15,19.67,SPY220930P00417000,417.0,0,0.0,0.0,,0.0,normalDay
2022-08-30,10012.0,246.0,0.0,0,398.21,0.0,1,25.15,22.69,SPY220930P00417000,417.0,0,0.0,0.0,,0.0,normalDay
2022-08-31,10012.0,44.0,0.0,0,395.18,0.0,1,25.15,24.71,SPY220930P00417000,417.0,0,0.0,0.0,,0.0,normalDay
2022-09-01,10012.0,143.0,0.0,0,396.42,0.0,1,25.15,23.72,SPY220930P00417000,417.0,0,0.0,0.0,,0.0,normalDay
2022-09-02,10012.0,-171.0,0.0,0,392.24,0.0,1,25.15,26.86,SPY220930P00417000,417.0,0,0.0,0.0,,0.0,normalDay
2022-09-06,10012.0,-392.0,0.0,0,390.76,0.0,1,25.15,29.07,SPY220930P00417000,417.0,0,0.0,0.0,,0.0,normalDay
2022-09-07,10012.0,269.0,0.0,0,397.78,0.0,1,25.15,22.46,SPY220930P00417000,417.0,0,0.0,0.0,,0.0,normalDay
2022-09-08,10012.0,562.0,0.0,0,400.38,0.0,1,25.15,19.53,SPY220930P00417000,417.0,0,0.0,0.0,,0.0,normalDay
2022-09-09,10012.0,999.0,0.0,0,406.6,0.0,1,25.15,15.16,SPY220930P00417000,417.0,0,0.0,0.0,,0.0,normalDay
2022-09-12,10012.0,1318.0,0.0,0,410.97,0.0,1,25.15,11.97,SPY220930P00417000,417.0,0,0.0,0.0,,0.0,normalDay
2022-09-13,10012.0,-70.0,0.0,0,393.1,0.0,1,25.15,25.85,SPY220930P00417000,417.0,0,0.0,0.0,,0.0,normalDay
2022-09-14,10012.0,59.0,0.0,0,394.6,0.0,1,25.15,24.56,SPY220930P00417000,417.0,0,0.0,0.0,,0.0,normalDay
2022-09-15,10012.0,-277.0,0.0,0,390.12,0.0,1,25.15,27.92,SPY220930P00417000,417.0,0,0.0,0.0,,0.0,normalDay
2022-09-16,10012.0,-608.0,0.0,0,385.56,0.0,1,25.15,31.23,SPY220930P00417000,417.0,0,0.0,0.0,,0.0,normalDay
2022-09-19,10012.0,-337.0,0.0,0,388.55,0.0,1,25.15,28.52,SPY220930P00417000,417.0,0,0.0,0.0,,0.0,normalDay
2022-09-20,10012.0,-738.0,0.0,0,384.09,0.0,1,25.15,32.53,SPY220930P00417000,417.0,0,0.0,0.0,,0.0,normalDay
2022-09-21,10012.0,-1459.0,0.0,0,377.39,0.0,1,25.15,39.74,SPY220930P00417000,417.0,0,0.0,0.0,,0.0,normalDay
2022-09-22,10012.0,-1734.0,0.0,0,374.22,0.0,1,25.15,42.49,SPY220930P00417000,417.0,0,0.0,0.0,,0.0,normalDay
2022-09-23,10012.0,-2438.0,0.0,0,367.95,0.0,1,25.15,49.53,SPY220930P00417000,417.0,0,0.0,0.0,,0.0,normalDay
2022-09-26,10012.0,-2829.0,0.0,0,364.31,0.0,1,25.15,53.44,SPY220930P00417000,417.0,0,0.0,0.0,,0.0,normalDay
2022-09-27,10012.0,-2865.0,0.0,0,363.38,0.0,1,25.15,53.8,SPY220930P00417000,417.0,0,0.0,0.0,,0.0,normalDay
2022-09-28,10012.0,-2152.0,0.0,0,370.53,0.0,1,25.15,46.67,SPY220930P00417000,417.0,0,0.0,0.0,,0.0,normalDay
2022-09-29,10012.0,-2904.0,0.0,0,362.79,0.0,1,25.15,54.19,SPY220930P00417000,417.0,0,0.0,0.0,,0.0,normalDay
2022-09-30,12527.0,-5982.0,2515.0,100,357.18,417.0,1,25.15,0.0,SPY220930P00417000,417.0,0,0.0,0.0,,0.0,expirationDay
2022-10-03,12527.0,-5042.0,0.0,100,366.61,417.0,0,0.0,0.0,,0.0,1,0.1,0.13,SPY221118C00446000,446.0,normalDay
2022-10-04,12527.0,-3922.0,0.0,100,377.97,417.0,0,0.0,0.0,,0.0,1,0.1,0.29,SPY221118C00446000,446.0,normalDay
2022-10-05,12527.0,-4001.0,0.0,100,377.09,417.0,0,0.0,0.0,,0.0,1,0.1,0.2,SPY221118C00446000,446.0,normalDay
2022-10-06,12527.0,-4386.0,0.0,100,373.2,417.0,0,0.0,0.0,,0.0,1,0.1,0.16,SPY221118C00446000,446.0,normalDay
2022-10-07,12527.0,-5419.0,0.0,100,362.79,417.0,0,0.0,0.0,,0.0,1,0.1,0.08,SPY221118C00446000,446.0,normalDay
2022-10-10,12527.0,-5696.0,0.0,100,360.02,417.0,0,0.0,0.0,,0.0,1,0.1,0.08,SPY221118C00446000,446.0,normalDay
2022-10-11,12527.0,-5924.0,0.0,100,357.74,417.0,0,0.0,0.0,,0.0,1,0.1,0.08,SPY221118C00446000,446.0,normalDay
2022-10-12,12527.0,-6042.0,0.0,100,356.56,417.0,0,0.0,0.0,,0.0,1,0.1,0.08,SPY221118C00446000,446.0,normalDay
2022-10-13,12527.0,-5106.0,0.0,100,365.97,417.0,0,0.0,0.0,,0.0,1,0.1,0.13,SPY221118C00446000,446.0,normalDay
2022-10-14,12527.0,-5935.0,0.0,100,357.63,417.0,0,0.0,0.0,,0.0,1,0.1,0.08,SPY221118C00446000,446.0,normalDay
2022-10-17,12527.0,-5018.0,0.0,100,366.82,417.0,0,0.0,0.0,,0.0,1,0.1,0.1,SPY221118C00446000,446.0,normalDay
2022-10-18,12527.0,-4590.0,0.0,100,371.13,417.0,0,0.0,0.0,,0.0,1,0.1,0.13,SPY221118C00446000,446.0,normalDay
2022-10-19,12527.0,-4850.0,0.0,100,368.5,417.0,0,0.0,0.0,,0.0,1,0.1,0.1,SPY221118C00446000,446.0,normalDay
2022-10-20,12527.0,-5155.0,0.0,100,365.41,417.0,0,0.0,0.0,,0.0,1,0.1,0.06,SPY221118C00446000,446.0,normalDay
2022-10-21,12527.0,-4273.0,0.0,100,374.29,417.0,0,0.0,0.0,,0.0,1,0.1,0.12,SPY221118C00446000,446.0,normalDay
2022-10-24,12527.0,-3817.0,0.0,100,378.87,417.0,0,0.0,0.0,,0.0,1,0.1,0.14,SPY221118C00446000,446.0,normalDay
2022-10-25,12527.0,-3210.0,0.0,100,384.92,417.0,0,0.0,0.0,,0.0,1,0.1,0.12,SPY221118C00446000,446.0,normalDay
2022-10-26,12527.0,-3495.0,0.0,100,382.02,417.0,0,0.0,0.0,,0.0,1,0.1,0.07,SPY221118C00446000,446.0,normalDay
2022-10-27,12527.0,-3696.0,0.0,100,379.98,417.0,0,0.0,0.0,,0.0,1,0.1,0.04,SPY221118C00446000,446.0,normalDay
2022-10-28,12527.0,-2797.0,0.0,100,389.02,417.0,0,0.0,0.0,,0.0,1,0.1,0.09,SPY221118C00446000,446.0,normalDay
2022-10-31,12527.0,-3075.0,0.0,100,386.21,417.0,0,0.0,0.0,,0.0,1,0.1,0.06,SPY221118C00446000,446.0,normalDay
2022-11-01,12527.0,-3243.0,0.0,100,384.52,417.0,0,0.0,0.0,,0.0,1,0.1,0.05,SPY221118C00446000,446.0,normalDay
2022-11-02,12527.0,-4205.0,0.0,100,374.87,417.0,0,0.0,0.0,,0.0,1,0.1,0.02,SPY221118C00446000,446.0,normalDay
2022-11-03,12527.0,-4591.0,0.0,100,371.01,417.0,0,0.0,0.0,,0.0,1,0.1,0.02,SPY221118C00446000,446.0,normalDay
2022-11-04,12527.0,-4057.0,0.0,100,376.35,417.0,0,0.0,0.0,,0.0,1,0.1,0.02,SPY221118C00446000,446.0,normalDay
2022-11-07,12527.0,-3696.0,0.0,100,379.95,417.0,0,0.0,0.0,,0.0,1,0.1,0.01,SPY221118C00446000,446.0,normalDay
2022-11-08,12527.0,-3492.0,0.0,100,382.0,417.0,0,0.0,0.0,,0.0,1,0.1,0.02,SPY221118C00446000,446.0,normalDay
2022-11-09,12527.0,-4278.0,0.0,100,374.13,417.0,0,0.0,0.0,,0.0,1,0.1,0.01,SPY221118C00446000,446.0,normalDay
2022-11-10,12527.0,-2223.0,0.0,100,394.69,417.0,0,0.0,0.0,,0.0,1,0.1,0.02,SPY221118C00446000,446.0,normalDay
2022-11-11,12527.0,-1841.0,0.0,100,398.51,417.0,0,0.0,0.0,,0.0,1,0.1,0.02,SPY221118C00446000,446.0,normalDay
2022-11-14,12527.0,-2179.0,0.0,100,395.12,417.0,0,0.0,0.0,,0.0,1,0.1,0.01,SPY221118C00446000,446.0,normalDay
2022-11-15,12527.0,-1842.0,0.0,100,398.49,417.0,0,0.0,0.0,,0.0,1,0.1,0.01,SPY221118C00446000,446.0,normalDay
2022-11-16,12527.0,-2146.0,0.0,100,395.45,417.0,0,0.0,0.0,,0.0,1,0.1,0.01,SPY221118C00446000,446.0,normalDay
2022-11-17,12527.0,-2267.0,0.0,100,394.24,417.0,0,0.0,0.0,,0.0,1,0.1,0.01,SPY221118C00446000,446.0,normalDay
2022-11-18,12537.0,-2097.0,10.0,100,396.03,417.0,0,0.0,0.0,,0.0,1,0.1,0.0,SPY221118C00446000,446.0,expirationDay
2022-11-21,12537.0,-2244.0,0.0,100,394.59,417.0,0,0.0,0.0,,0.0,1,1.38,1.41,SPY221230C00422000,422.0,normalDay
2022-11-22,12537.0,-1761.0,0.0,100,399.9,417.0,0,0.0,0.0,,0.0,1,1.38,1.89,SPY221230C00422000,422.0,normalDay
2022-11-23,12537.0,-1521.0,0.0,100,402.42,417.0,0,0.0,0.0,,0.0,1,1.38,2.01,SPY221230C00422000,422.0,normalDay
2022-11-25,12537.0,-1512.0,0.0,100,402.33,417.0,0,0.0,0.0,,0.0,1,1.38,1.83,SPY221230C00422000,422.0,normalDay
2022-11-28,12537.0,-2067.0,0.0,100,395.91,417.0,0,0.0,0.0,,0.0,1,1.38,0.96,SPY221230C00422000,422.0,normalDay
2022-11-29,12537.0,-2119.0,0.0,100,395.23,417.0,0,0.0,0.0,,0.0,1,1.38,0.8,SPY221230C00422000,422.0,normalDay
2022-11-30,12537.0,-1086.0,0.0,100,407.68,417.0,0,0.0,0.0,,0.0,1,1.38,2.92,SPY221230C00422000,422.0,normalDay
2022-12-01,12537.0,-1069.0,0.0,100,407.38,417.0,0,0.0,0.0,,0.0,1,1.38,2.45,SPY221230C00422000,422.0,normalDay
2022-12-02,12537.0,-1052.0,0.0,100,406.91,417.0,0,0.0,0.0,,0.0,1,1.38,1.81,SPY221230C00422000,422.0,normalDay
2022-12-05,12537.0,-1679.0,0.0,100,399.59,417.0,0,0.0,0.0,,0.0,1,1.38,0.76,SPY221230C00422000,422.0,normalDay
2022-12-06,12537.0,-2226.0,0.0,100,393.83,417.0,0,0.0,0.0,,0.0,1,1.38,0.47,SPY221230C00422000,422.0,normalDay
2022-12-07,12537.0,-2285.0,0.0,100,393.16,417.0,0,0.0,0.0,,0.0,1,1.38,0.39,SPY221230C00422000,422.0,normalDay
2022-12-08,12537.0,-1989.0,0.0,100,396.24,417.0,0,0.0,0.0,,0.0,1,1.38,0.51,SPY221230C00422000,422.0,normalDay
2022-12-09,12537.0,-2266.0,0.0,100,393.28,417.0,0,0.0,0.0,,0.0,1,1.38,0.32,SPY221230C00422000,422.0,normalDay
2022-12-12,12537.0,-1761.0,0.0,100,398.95,417.0,0,0.0,0.0,,0.0,1,1.38,0.94,SPY221230C00422000,422.0,normalDay
2022-12-13,12537.0,-1444.0,0.0,100,401.97,417.0,0,0.0,0.0,,0.0,1,1.38,0.79,SPY221230C00422000,422.0,normalDay
2022-12-14,12537.0,-1650.0,0.0,100,399.4,417.0,0,0.0,0.0,,0.0,1,1.38,0.28,SPY221230C00422000,422.0,normalDay
2022-12-15,12537.0,-2608.0,0.0,100,389.63,417.0,0,0.0,0.0,,0.0,1,1.38,0.09,SPY221230C00422000,422.0,normalDay
2022-12-16,12537.0,-3240.0,0.0,100,383.27,417.0,0,0.0,0.0,,0.0,1,1.38,0.05,SPY221230C00422000,422.0,normalDay
2022-12-19,12537.0,-3563.0,0.0,100,380.02,417.0,0,0.0,0.0,,0.0,1,1.38,0.03,SPY221230C00422000,422.0,normalDay
2022-12-20,12537.0,-3510.0,0.0,100,380.54,417.0,0,0.0,0.0,,0.0,1,1.38,0.02,SPY221230C00422000,422.0,normalDay
2022-12-21,12537.0,-2941.0,0.0,100,386.23,417.0,0,0.0,0.0,,0.0,1,1.38,0.02,SPY221230C00422000,422.0,normalDay
2022-12-22,12537.0,-3492.0,0.0,100,380.72,417.0,0,0.0,0.0,,0.0,1,1.38,0.02,SPY221230C00422000,422.0,normalDay
2022-12-23,12537.0,-3272.0,0.0,100,382.91,417.0,0,0.0,0.0,,0.0,1,1.38,0.01,SPY221230C00422000,422.0,normalDay
2022-12-27,12537.0,-3423.0,0.0,100,381.4,417.0,0,0.0,0.0,,0.0,1,1.38,0.01,SPY221230C00422000,422.0,normalDay
2022-12-28,12537.0,-3897.0,0.0,100,376.66,417.0,0,0.0,0.0,,0.0,1,1.38,0.01,SPY221230C00422000,422.0,normalDay
2022-12-29,12537.0,-3219.0,0.0,100,383.44,417.0,0,0.0,0.0,,0.0,1,1.38,0.01,SPY221230C00422000,422.0,normalDay
2022-12-30,12675.0,-3457.0,138.0,100,382.43,417.0,0,0.0,0.0,,0.0,1,1.38,0.0,SPY221230C00422000,422.0,expirationDay
2023-01-03,12675.0,-3621.0,0.0,100,380.82,417.0,0,0.0,0.0,,0.0,1,0.85,0.88,SPY230217C00420000,420.0,normalDay
2023-01-04,12675.0,-3340.0,0.0,100,383.76,417.0,0,0.0,0.0,,0.0,1,0.85,1.01,SPY230217C00420000,420.0,normalDay
2023-01-05,12675.0,-3743.0,0.0,100,379.38,417.0,0,0.0,0.0,,0.0,1,0.85,0.66,SPY230217C00420000,420.0,normalDay
2023-01-06,12675.0,-2928.0,0.0,100,388.08,417.0,0,0.0,0.0,,0.0,1,0.85,1.21,SPY230217C00420000,420.0,normalDay
2023-01-09,12675.0,-2945.0,0.0,100,387.86,417.0,0,0.0,0.0,,0.0,1,0.85,1.16,SPY230217C00420000,420.0,normalDay
2023-01-10,12675.0,-2678.0,0.0,100,390.58,417.0,0,0.0,0.0,,0.0,1,0.85,1.21,SPY230217C00420000,420.0,normalDay
2023-01-11,12675.0,-2266.0,0.0,100,395.52,417.0,0,0.0,0.0,,0.0,1,0.85,2.03,SPY230217C00420000,420.0,normalDay
2023-01-12,12675.0,-2082.0,0.0,100,396.96,417.0,0,0.0,0.0,,0.0,1,0.85,1.63,SPY230217C00420000,420.0,normalDay
2023-01-13,12675.0,-1913.0,0.0,100,398.5,417.0,0,0.0,0.0,,0.0,1,0.85,1.48,SPY230217C00420000,420.0,normalDay
2023-01-17,12675.0,-1960.0,0.0,100,397.77,417.0,0,0.0,0.0,,0.0,1,0.85,1.22,SPY230217C00420000,420.0,normalDay
2023-01-18,12675.0,-2525.0,0.0,100,391.49,417.0,0,0.0,0.0,,0.0,1,0.85,0.59,SPY230217C00420000,420.0,normalDay
2023-01-19,12675.0,-2787.0,0.0,100,388.64,417.0,0,0.0,0.0,,0.0,1,0.85,0.36,SPY230217C00420000,420.0,normalDay
2023-01-20,12675.0,-2105.0,0.0,100,395.88,417.0,0,0.0,0.0,,0.0,1,0.85,0.78,SPY230217C00420000,420.0,normalDay
2023-01-23,12675.0,-1683.0,0.0,100,400.63,417.0,0,0.0,0.0,,0.0,1,0.85,1.31,SPY230217C00420000,420.0,normalDay
2023-01-24,12675.0,-1724.0,0.0,100,400.2,417.0,0,0.0,0.0,,0.0,1,0.85,1.29,SPY230217C00420000,420.0,normalDay
2023-01-25,12675.0,-1685.0,0.0,100,400.35,417.0,0,0.0,0.0,,0.0,1,0.85,1.05,SPY230217C00420000,420.0,normalDay
2023-01-26,12675.0,-1304.0,0.0,100,404.75,417.0,0,0.0,0.0,,0.0,1,0.85,1.64,SPY230217C00420000,420.0,normalDay
2023-01-27,12675.0,-1221.0,0.0,100,405.68,417.0,0,0.0,0.0,,0.0,1,0.85,1.74,SPY230217C00420000,420.0,normalDay
2023-01-30,12675.0,-1659.0,0.0,100,400.59,417.0,0,0.0,0.0,,0.0,1,0.85,1.03,SPY230217C00420000,420.0,normalDay
2023-01-31,12675.0,-1137.0,0.0,100,406.48,417.0,0,0.0,0.0,,0.0,1,0.85,1.7,SPY230217C00420000,420.0,normalDay
2023-02-01,12675.0,-804.0,0.0,100,410.8,417.0,0,0.0,0.0,,0.0,1,0.85,2.69,SPY230217C00420000,420.0,normalDay
2023-02-02,12675.0,-354.0,0.0,100,416.78,417.0,0,0.0,0.0,,0.0,1,0.85,4.17,SPY230217C00420000,420.0,normalDay
2023-02-03,12675.0,-649.0,0.0,100,412.35,417.0,0,0.0,0.0,,0.0,1,0.85,2.69,SPY230217C00420000,420.0,normalDay
2023-02-06,12675.0,-817.0,0.0,100,409.83,417.0,0,0.0,0.0,,0.0,1,0.85,1.85,SPY230217C00420000,420.0,normalDay
2023-02-07,12675.0,-387.0,0.0,100,415.19,417.0,0,0.0,0.0,,0.0,1,0.85,2.91,SPY230217C00420000,420.0,normalDay
2023-02-08,12675.0,-726.0,0.0,100,410.65,417.0,0,0.0,0.0,,0.0,1,0.85,1.76,SPY230217C00420000,420.0,normalDay
2023-02-09,12675.0,-1017.0,0.0,100,407.09,417.0,0,0.0,0.0,,0.0,1,0.85,1.11,SPY230217C00420000,420.0,normalDay
2023-02-10,12675.0,-898.0,0.0,100,408.04,417.0,0,0.0,0.0,,0.0,1,0.85,0.87,SPY230217C00420000,420.0,normalDay
2023-02-13,12675.0,-497.0,0.0,100,412.83,417.0,0,0.0,0.0,,0.0,1,0.85,1.65,SPY230217C00420000,420.0,normalDay
2023-02-14,12675.0,-395.0,0.0,100,412.64,417.0,0,0.0,0.0,,0.0,1,0.85,0.44,SPY230217C00420000,420.0,normalDay
2023-02-15,12675.0,-252.0,0.0,100,413.98,417.0,0,0.0,0.0,,0.0,1,0.85,0.35,SPY230217C00420000,420.0,normalDay
2023-02-16,12675.0,-789.0,0.0,100,408.28,417.0,0,0.0,0.0,,0.0,1,0.85,0.02,SPY230217C00420000,420.0,normalDay
2023-02-17,12760.0,-974.0,85.0,100,407.26,417.0,0,0.0,0.0,,0.0,1,0.85,0.0,SPY230217C00420000,420.0,expirationDay
2023-02-21,12760.0,-1794.0,0.0,100,399.09,417.0,0,0.0,0.0,,0.0,1,0.78,0.81,SPY230331C00429000,429.0,normalDay
2023-02-22,12760.0,-1827.0,0.0,100,398.54,417.0,0,0.0,0.0,,0.0,1,0.78,0.59,SPY230331C00429000,429.0,normalDay
2023-02-23,12760.0,-1619.0,0.0,100,400.66,417.0,0,0.0,0.0,,0.0,1,0.78,0.63,SPY230331C00429000,429.0,normalDay
2023-02-24,12760.0,-2024.0,0.0,100,396.38,417.0,0,0.0,0.0,,0.0,1,0.78,0.4,SPY230331C00429000,429.0,normalDay
2023-02-27,12760.0,-1886.0,0.0,100,397.73,417.0,0,0.0,0.0,,0.0,1,0.78,0.37,SPY230331C00429000,429.0,normalDay
2023-02-28,12760.0,-2021.0,0.0,100,396.26,417.0,0,0.0,0.0,,0.0,1,0.78,0.25,SPY230331C00429000,429.0,normalDay
2023-03-01,12760.0,-2168.0,0.0,100,394.74,417.0,0,0.0,0.0,,0.0,1,0.78,0.2,SPY230331C00429000,429.0,normalDay
2023-03-02,12760.0,-1866.0,0.0,100,397.81,417.0,0,0.0,0.0,,0.0,1,0.78,0.25,SPY230331C00429000,429.0,normalDay
2023-03-03,12760.0,-1257.0,0.0,100,404.19,417.0,0,0.0,0.0,,0.0,1,0.78,0.54,SPY230331C00429000,429.0,normalDay
2023-03-06,12760.0,-1225.0,0.0,100,404.47,417.0,0,0.0,0.0,,0.0,1,0.78,0.5,SPY230331C00429000,429.0,normalDay
2023-03-07,12760.0,-1818.0,0.0,100,398.27,417.0,0,0.0,0.0,,0.0,1,0.78,0.23,SPY230331C00429000,429.0,normalDay
2023-03-08,12760.0,-1750.0,0.0,100,398.92,417.0,0,0.0,0.0,,0.0,1,0.78,0.2,SPY230331C00429000,429.0,normalDay
2023-03-09,12760.0,-2478.0,0.0,100,391.56,417.0,0,0.0,0.0,,0.0,1,0.78,0.12,SPY230331C00429000,429.0,normalDay
2023-03-10,12760.0,-3036.0,0.0,100,385.91,417.0,0,0.0,0.0,,0.0,1,0.78,0.05,SPY230331C00429000,429.0,normalDay
2023-03-13,12760.0,-3093.0,0.0,100,385.36,417.0,0,0.0,0.0,,0.0,1,0.78,0.07,SPY230331C00429000,429.0,normalDay
2023-03-14,12760.0,-2453.0,0.0,100,391.73,417.0,0,0.0,0.0,,0.0,1,0.78,0.04,SPY230331C00429000,429.0,normalDay
2023-03-15,12760.0,-2698.0,0.0,100,389.28,417.0,0,0.0,0.0,,0.0,1,0.78,0.04,SPY230331C00429000,429.0,normalDay
2023-03-16,12760.0,-2018.0,0.0,100,396.11,417.0,0,0.0,0.0,,0.0,1,0.78,0.07,SPY230331C00429000,429.0,normalDay
2023-03-17,12760.0,-2627.0,0.0,100,389.99,417.0,0,0.0,0.0,,0.0,1,0.78,0.04,SPY230331C00429000,429.0,normalDay
2023-03-20,12760.0,-2251.0,0.0,100,393.74,417.0,0,0.0,0.0,,0.0,1,0.78,0.03,SPY230331C00429000,429.0,normalDay
2023-03-21,12760.0,-1737.0,0.0,100,398.91,417.0,0,0.0,0.0,,0.0,1,0.78,0.06,SPY230331C00429000,429.0,normalDay
2023-03-22,12760.0,-2413.0,0.0,100,392.11,417.0,0,0.0,0.0,,0.0,1,0.78,0.02,SPY230331C00429000,429.0,normalDay
2023-03-23,12760.0,-2307.0,0.0,100,393.17,417.0,0,0.0,0.0,,0.0,1,0.78,0.02,SPY230331C00429000,429.0,normalDay
2023-03-24,12760.0,-2048.0,0.0,100,395.75,417.0,0,0.0,0.0,,0.0,1,0.78,0.01,SPY230331C00429000,429.0,normalDay
2023-03-27,12760.0,-1974.0,0.0,100,396.49,417.0,0,0.0,0.0,,0.0,1,0.78,0.01,SPY230331C00429000,429.0,normalDay
2023-03-28,12760.0,-2063.0,0.0,100,395.6,417.0,0,0.0,0.0,,0.0,1,0.78,0.01,SPY230331C00429000,429.0,normalDay
2023-03-29,12760.0,-1488.0,0.0,100,401.35,417.0,0,0.0,0.0,,0.0,1,0.78,0.01,SPY230331C00429000,429.0,normalDay
2023-03-30,12760.0,-1253.0,0.0,100,403.7,417.0,0,0.0,0.0,,0.0,1,0.78,0.01,SPY230331C00429000,429.0,normalDay
2023-03-31,12838.0,-761.0,78.0,100,409.39,417.0,0,0.0,0.0,,0.0,1,0.78,0.0,SPY230331C00429000,429.0,expirationDay
2023-04-03,12838.0,-610.0,0.0,100,410.95,417.0,0,0.0,0.0,,0.0,1,4.98,5.03,SPY230519C00423000,423.0,normalDay
2023-04-04,12838.0,-746.0,0.0,100,408.67,417.0,0,0.0,0.0,,0.0,1,4.98,4.11,SPY230519C00423000,423.0,normalDay
2023-04-05,12838.0,-802.0,0.0,100,407.6,417.0,0,0.0,0.0,,0.0,1,4.98,3.6,SPY230519C00423000,423.0,normalDay
2023-04-06,12838.0,-663.0,0.0,100,409.19,417.0,0,0.0,0.0,,0.0,1,4.98,3.8,SPY230519C00423000,423.0,normalDay
2023-04-10,12838.0,-620.0,0.0,100,409.61,417.0,0,0.0,0.0,,0.0,1,4.98,3.79,SPY230519C00423000,423.0,normalDay
2023-04-11,12838.0,-598.0,0.0,100,409.72,417.0,0,0.0,0.0,,0.0,1,4.98,3.68,SPY230519C00423000,423.0,normalDay
2023-04-12,12838.0,-673.0,0.0,100,408.05,417.0,0,0.0,0.0,,0.0,1,4.98,2.76,SPY230519C00423000,423.0,normalDay
2023-04-13,12838.0,-279.0,0.0,100,413.47,417.0,0,0.0,0.0,,0.0,1,4.98,4.24,SPY230519C00423000,423.0,normalDay
2023-04-14,12838.0,-309.0,0.0,100,412.46,417.0,0,0.0,0.0,,0.0,1,4.98,3.53,SPY230519C00423000,423.0,normalDay
2023-04-17,12838.0,-171.0,0.0,100,413.94,417.0,0,0.0,0.0,,0.0,1,4.98,3.63,SPY230519C00423000,423.0,normalDay
2023-04-18,12838.0,-115.0,0.0,100,414.21,417.0,0,0.0,0.0,,0.0,1,4.98,3.34,SPY230519C00423000,423.0,normalDay
2023-04-19,12838.0,-98.0,0.0,100,414.14,417.0,0,0.0,0.0,,0.0,1,4.98,3.1,SPY230519C00423000,423.0,normalDay
2023-04-20,12838.0,-251.0,0.0,100,411.88,417.0,0,0.0,0.0,,0.0,1,4.98,2.37,SPY230519C00423000,423.0,normalDay
2023-04-21,12838.0,-195.0,0.0,100,412.2,417.0,0,0.0,0.0,,0.0,1,4.98,2.13,SPY230519C00423000,423.0,normalDay
2023-04-24,12838.0,-140.0,0.0,100,412.63,417.0,0,0.0,0.0,,0.0,1,4.98,2.01,SPY230519C00423000,423.0,normalDay
2023-04-25,12838.0,-697.0,0.0,100,406.08,417.0,0,0.0,0.0,,0.0,1,4.98,1.03,SPY230519C00423000,423.0,normalDay
2023-04-26,12838.0,-823.0,0.0,100,404.36,417.0,0,0.0,0.0,,0.0,1,4.98,0.57,SPY230519C00423000,423.0,normalDay
2023-04-27,12838.0,-145.0,0.0,100,412.41,417.0,0,0.0,0.0,,0.0,1,4.98,1.84,SPY230519C00423000,423.0,normalDay
2023-04-28,12838.0,153.0,0.0,100,415.93,417.0,0,0.0,0.0,,0.0,1,4.98,2.38,SPY230519C00423000,423.0,normalDay
2023-05-01,12838.0,149.0,0.0,100,415.51,417.0,0,0.0,0.0,,0.0,1,4.98,2.0,SPY230519C00423000,423.0,normalDay
2023-05-02,12838.0,-218.0,0.0,100,410.84,417.0,0,0.0,0.0,,0.0,1,4.98,1.0,SPY230519C00423000,423.0,normalDay
2023-05-03,12838.0,-466.0,0.0,100,408.02,417.0,0,0.0,0.0,,0.0,1,4.98,0.66,SPY230519C00423000,423.0,normalDay
2023-05-04,12838.0,-719.0,0.0,100,405.13,417.0,0,0.0,0.0,,0.0,1,4.98,0.3,SPY230519C00423000,423.0,normalDay
2023-05-05,12838.0,-5.0,0.0,100,412.63,417.0,0,0.0,0.0,,0.0,1,4.98,0.66,SPY230519C00423000,423.0,normalDay
2023-05-08,12838.0,26.0,0.0,100,412.74,417.0,0,0.0,0.0,,0.0,1,4.98,0.46,SPY230519C00423000,423.0,normalDay
2023-05-09,12838.0,-143.0,0.0,100,410.93,417.0,0,0.0,0.0,,0.0,1,4.98,0.34,SPY230519C00423000,423.0,normalDay
2023-05-10,12838.0,52.0,0.0,100,412.85,417.0,0,0.0,0.0,,0.0,1,4.98,0.31,SPY230519C00423000,423.0,normalDay
2023-05-11,12838.0,-3.0,0.0,100,412.13,417.0,0,0.0,0.0,,0.0,1,4.98,0.14,SPY230519C00423000,423.0,normalDay
2023-05-12,12838.0,-48.0,0.0,100,411.59,417.0,0,0.0,0.0,,0.0,1,4.98,0.05,SPY230519C00423000,423.0,normalDay
2023-05-15,12838.0,94.0,0.0,100,413.01,417.0,0,0.0,0.0,,0.0,1,4.98,0.05,SPY230519C00423000,423.0,normalDay
2023-05-16,12838.0,-180.0,0.0,100,410.25,417.0,0,0.0,0.0,,0.0,1,4.98,0.03,SPY230519C00423000,423.0,normalDay
2023-05-17,12838.0,314.0,0.0,100,415.23,417.0,0,0.0,0.0,,0.0,1,4.98,0.07,SPY230519C00423000,423.0,normalDay
2023-05-18,12838.0,705.0,0.0,100,419.23,417.0,0,0.0,0.0,,0.0,1,4.98,0.16,SPY230519C00423000,423.0,normalDay
2023-05-19,13336.0,162.0,498.0,100,418.62,417.0,0,0.0,0.0,,0.0,1,4.98,0.0,SPY230519C00423000,423.0,expirationDay
2023-05-22,13336.0,175.0,0.0,100,418.79,417.0,0,0.0,0.0,,0.0,1,2.55,2.59,SPY230630C00430000,430.0,normalDay
2023-05-23,13336.0,-182.0,0.0,100,414.09,417.0,0,0.0,0.0,,0.0,1,2.55,1.46,SPY230630C00430000,430.0,normalDay
2023-05-24,13336.0,-443.0,0.0,100,411.09,417.0,0,0.0,0.0,,0.0,1,2.55,1.07,SPY230630C00430000,430.0,normalDay
2023-05-25,13336.0,-123.0,0.0,100,414.65,417.0,0,0.0,0.0,,0.0,1,2.55,1.43,SPY230630C00430000,430.0,normalDay
2023-05-26,13336.0,287.0,0.0,100,420.02,417.0,0,0.0,0.0,,0.0,1,2.55,2.7,SPY230630C00430000,430.0,normalDay
2023-05-30,13336.0,337.0,0.0,100,420.18,417.0,0,0.0,0.0,,0.0,1,2.55,2.36,SPY230630C00430000,430.0,normalDay
2023-05-31,13336.0,194.0,0.0,100,417.85,417.0,0,0.0,0.0,,0.0,1,2.55,1.46,SPY230630C00430000,430.0,normalDay
2023-06-01,13336.0,519.0,0.0,100,421.82,417.0,0,0.0,0.0,,0.0,1,2.55,2.18,SPY230630C00430000,430.0,normalDay
2023-06-02,13336.0,896.0,0.0,100,427.92,417.0,0,0.0,0.0,,0.0,1,2.55,4.51,SPY230630C00430000,430.0,normalDay
2023-06-05,13336.0,878.0,0.0,100,427.1,417.0,0,0.0,0.0,,0.0,1,2.55,3.87,SPY230630C00430000,430.0,normalDay
2023-06-06,13336.0,958.0,0.0,100,428.03,417.0,0,0.0,0.0,,0.0,1,2.55,4.0,SPY230630C00430000,430.0,normalDay
2023-06-07,13336.0,909.0,0.0,100,426.55,417.0,0,0.0,0.0,,0.0,1,2.55,3.01,SPY230630C00430000,430.0,normalDay
2023-06-08,13336.0,1087.0,0.0,100,429.13,417.0,0,0.0,0.0,,0.0,1,2.55,3.81,SPY230630C00430000,430.0,normalDay
2023-06-09,13336.0,1106.0,0.0,100,429.9,417.0,0,0.0,0.0,,0.0,1,2.55,4.39,SPY230630C00430000,430.0,normalDay
2023-06-12,13336.0,1264.0,0.0,100,433.8,417.0,0,0.0,0.0,,0.0,1,2.55,6.71,SPY230630C00430000,430.0,normalDay
2023-06-13,13336.0,1354.0,0.0,100,436.66,417.0,0,0.0,0.0,,0.0,1,2.55,8.67,SPY230630C00430000,430.0,normalDay
2023-06-14,13336.0,1374.0,0.0,100,437.18,417.0,0,0.0,0.0,,0.0,1,2.55,8.99,SPY230630C00430000,430.0,normalDay
2023-06-15,13336.0,1539.0,0.0,100,442.6,417.0,0,0.0,0.0,,0.0,1,2.55,12.76,SPY230630C00430000,430.0,normalDay
2023-06-16,13336.0,1329.0,0.0,100,439.46,417.0,0,0.0,0.0,,0.0,1,2.55,11.72,SPY230630C00430000,430.0,normalDay
2023-06-20,13336.0,1404.0,0.0,100,437.18,417.0,0,0.0,0.0,,0.0,1,2.55,8.69,SPY230630C00430000,430.0,normalDay
2023-06-21,13336.0,1351.0,0.0,100,434.94,417.0,0,0.0,0.0,,0.0,1,2.55,6.98,SPY230630C00430000,430.0,normalDay
2023-06-22,13336.0,1453.0,0.0,100,436.51,417.0,0,0.0,0.0,,0.0,1,2.55,7.53,SPY230630C00430000,430.0,normalDay
2023-06-23,13336.0,1392.0,0.0,100,433.21,417.0,0,0.0,0.0,,0.0,1,2.55,4.84,SPY230630C00430000,430.0,normalDay
2023-06-26,13336.0,1369.0,0.0,100,431.44,417.0,0,0.0,0.0,,0.0,1,2.55,3.3,SPY230630C00430000,430.0,normalDay
2023-06-27,13336.0,1504.0,0.0,100,436.17,417.0,0,0.0,0.0,,0.0,1,2.55,6.68,SPY230630C00430000,430.0,normalDay
2023-06-28,13336.0,1460.0,0.0,100,436.39,417.0,0,0.0,0.0,,0.0,1,2.55,7.34,SPY230630C00430000,430.0,normalDay
2023-06-29,13336.0,1519.0,0.0,100,438.11,417.0,0,0.0,0.0,,0.0,1,2.55,8.47,SPY230630C00430000,430.0,normalDay
2023-06-30,14891.0,1519.0,1555.0,0,443.28,0.0,0,0.0,0.0,,0.0,1,2.55,0.0,SPY230630C00430000,430.0,expirationDay
2023-07-03,14891.0,-29.0,0.0,0,443.79,0.0,1,8.98,9.27,SPY240119P00420000,420.0,0,0.0,0.0,,0.0,normalDay
2023-07-05,14891.0,-57.0,0.0,0,443.13,0.0,1,8.98,9.55,SPY240119P00420000,420.0,0,0.0,0.0,,0.0,normalDay
2023-07-06,14891.0,-167.0,0.0,0,439.66,0.0,1,8.98,10.65,SPY240119P00420000,420.0,0,0.0,0.0,,0.0,normalDay
2023-07-07,14891.0,-161.0,0.0,0,438.55,0.0,1,8.98,10.59,SPY240119P00420000,420.0,0,0.0,0.0,,0.0,normalDay
2023-07-10,14891.0,-138.0,0.0,0,439.66,0.0,1,8.98,10.36,SPY240119P00420000,420.0,0,0.0,0.0,,0.0,normalDay
2023-07-11,14891.0,-52.0,0.0,0,442.46,0.0,1,8.98,9.5,SPY240119P00420000,420.0,0,0.0,0.0,,0.0,normalDay
2023-07-12,14891.0,66.0,0.0,0,446.02,0.0,1,8.98,8.32,SPY240119P00420000,420.0,0,0.0,0.0,,0.0,normalDay
2023-07-13,14891.0,124.0,0.0,0,449.56,0.0,1,8.98,7.74,SPY240119P00420000,420.0,0,0.0,0.0,,0.0,normalDay
2023-07-14,14891.0,116.0,0.0,0,449.28,0.0,1,8.98,7.82,SPY240119P00420000,420.0,0,0.0,0.0,,0.0,normalDay
2023-07-17,14891.0,140.0,0.0,0,450.84,0.0,1,8.98,7.58,SPY240119P00420000,420.0,0,0.0,0.0,,0.0,normalDay
2023-07-18,14891.0,199.0,0.0,0,454.19,0.0,1,8.98,6.99,SPY240119P00420000,420.0,0,0.0,0.0,,0.0,normalDay
2023-07-19,14891.0,183.0,0.0,0,455.2,0.0,1,8.98,7.15,SPY240119P00420000,420.0,0,0.0,0.0,,0.0,normalDay
2023-07-20,14891.0,149.0,0.0,0,452.18,0.0,1,8.98,7.49,SPY240119P00420000,420.0,0,0.0,0.0,,0.0,normalDay
2023-07-21,14891.0,173.0,0.0,0,452.18,0.0,1,8.98,7.25,SPY240119P00420000,420.0,0,0.0,0.0,,0.0,normalDay
2023-07-24,14891.0,217.0,0.0,0,454.2,0.0,1,8.98,6.81,SPY240119P00420000,420.0,0,0.0,0.0,,0.0,normalDay
2023-07-25,14891.0,233.0,0.0,0,455.44,0.0,1,8.98,6.65,SPY240119P00420000,420.0,0,0.0,0.0,,0.0,normalDay
2023-07-26,14891.0,251.0,0.0,0,455.51,0.0,1,8.98,6.47,SPY240119P00420000,420.0,0,0.0,0.0,,0.0,normalDay
2023-07-27,14891.0,175.0,0.0,0,452.49,0.0,1,8.98,7.23,SPY240119P00420000,420.0,0,0.0,0.0,,0.0,normalDay
2023-07-28,14891.0,256.0,0.0,0,456.92,0.0,1,8.98,6.42,SPY240119P00420000,420.0,0,0.0,0.0,,0.0,normalDay
2023-07-31,14891.0,267.0,0.0,0,457.79,0.0,1,8.98,6.31,SPY240119P00420000,420.0,0,0.0,0.0,,0.0,normalDay
2023-08-01,14891.0,237.0,0.0,0,456.48,0.0,1,8.98,6.61,SPY240119P00420000,420.0,0,0.0,0.0,,0.0,normalDay
2023-08-02,14891.0,77.0,0.0,0,450.13,0.0,1,8.98,8.21,SPY240119P00420000,420.0,0,0.0,0.0,,0.0,normalDay
2023-08-03,14891.0,83.0,0.0,0,448.84,0.0,1,8.98,8.15,SPY240119P00420000,420.0,0,0.0,0.0,,0.0,normalDay
2023-08-04,14891.0,-8.0,0.0,0,446.81,0.0,1,8.98,9.06,SPY240119P00420000,420.0,0,0.0,0.0,,0.0,normalDay
2023-08-07,14891.0,123.0,0.0,0,450.71,0.0,1,8.98,7.75,SPY240119P00420000,420.0,0,0.0,0.0,,0.0,normalDay
2023-08-08,14891.0,69.0,0.0,0,448.75,0.0,1,8.98,8.29,SPY240119P00420000,420.0,0,0.0,0.0,,0.0,normalDay
2023-08-09,14891.0,34.0,0.0,0,445.75,0.0,1,8.98,8.64,SPY240119P00420000,420.0,0,0.0,0.0,,0.0,normalDay
2023-08-10,14891.0,27.0,0.0,0,445.91,0.0,1,8.98,8.71,SPY240119P00420000,420.0,0,0.0,0.0,,0.0,normalDay
2023-08-11,14891.0,53.0,0.0,0,445.65,0.0,1,8.98,8.45,SPY240119P00420000,420.0,0,0.0,0.0,,0.0,normalDay
2023-08-14,14891.0,124.0,0.0,0,448.11,0.0,1,8.98,7.74,SPY240119P00420000,420.0,0,0.0,0.0,,0.0,normalDay
2023-08-15,14891.0,-24.0,0.0,0,442.89,0.0,1,8.98,9.22,SPY240119P00420000,420.0,0,0.0,0.0,,0.0,normalDay
2023-08-16,14891.0,-104.0,0.0,0,439.64,0.0,1,8.98,10.02,SPY240119P00420000,420.0,0,0.0,0.0,,0.0,normalDay
2023-08-17,14891.0,-226.0,0.0,0,436.29,0.0,1,8.98,11.24,SPY240119P00420000,420.0,0,0.0,0.0,,0.0,normalDay
2023-08-18,14891.0,-185.0,0.0,0,436.5,0.0,1,8.98,10.83,SPY240119P00420000,420.0,0,0.0,0.0,,0.0,normalDay
2023-08-21,14891.0,-98.0,0.0,0,439.34,0.0,1,8.98,9.96,SPY240119P00420000,420.0,0,0.0,0.0,,0.0,normalDay
2023-08-22,14891.0,-107.0,0.0,0,438.15,0.0,1,8.98,10.05,SPY240119P00420000,420.0,0,0.0,0.0,,0.0,normalDay
2023-08-23,14891.0,28.0,0.0,0,443.03,0.0,1,8.98,8.7,SPY240119P00420000,420.0,0,0.0,0.0,,0.0,normalDay
2023-08-24,14891.0,-138.0,0.0,0,436.89,0.0,1,8.98,10.36,SPY240119P00420000,420.0,0,0.0,0.0,,0.0,normalDay
2023-08-25,14891.0,-7.0,0.0,0,439.97,0.0,1,8.98,9.05,SPY240119P00420000,420.0,0,0.0,0.0,,0.0,normalDay
2023-08-28,14891.0,92.0,0.0,0,442.76,0.0,1,8.98,8.06,SPY240119P00420000,420.0,0,0.0,0.0,,0.0,normalDay
2023-08-29,14891.0,237.0,0.0,0,449.16,0.0,1,8.98,6.61,SPY240119P00420000,420.0,0,0.0,0.0,,0.0,normalDay
2023-08-30,14891.0,290.0,0.0,0,451.01,0.0,1,8.98,6.08,SPY240119P00420000,420.0,0,0.0,0.0,,0.0,normalDay
2023-08-31,14891.0,305.0,0.0,0,450.35,0.0,1,8.98,5.93,SPY240119P00420000,420.0,0,0.0,0.0,,0.0,normalDay
2023-09-01,14891.0,321.0,0.0,0,451.19,0.0,1,8.98,5.77,SPY240119P00420000,420.0,0,0.0,0.0,,0.0,normalDay
2023-09-05,14891.0,295.0,0.0,0,449.24,0.0,1,8.98,6.03,SPY240119P00420000,420.0,0,0.0,0.0,,0.0,normalDay
2023-09-06,14891.0,226.0,0.0,0,446.22,0.0,1,8.98,6.72,SPY240119P00420000,420.0,0,0.0,0.0,,0.0,normalDay
2023-09-07,14891.0,209.0,0.0,0,444.85,0.0,1,8.98,6.89,SPY240119P00420000,420.0,0,0.0,0.0,,0.0,normalDay
2023-09-08,14891.0,259.0,0.0,0,445.52,0.0,1,8.98,6.39,SPY240119P00420000,420.0,0,0.0,0.0,,0.0,normalDay
2023-09-11,14891.0,329.0,0.0,0,448.45,0.0,1,8.98,5.69,SPY240119P00420000,420.0,0,0.0,0.0,,0.0,normalDay
2023-09-12,14891.0,289.0,0.0,0,445.99,0.0,1,8.98,6.09,SPY240119P00420000,420.0,0,0.0,0.0,,0.0,normalDay
2023-09-13,14891.0,321.0,0.0,0,446.51,0.0,1,8.98,5.77,SPY240119P00420000,420.0,0,0.0,0.0,,0.0,normalDay
2023-09-14,14891.0,407.0,0.0,0,450.36,0.0,1,8.98,4.91,SPY240119P00420000,420.0,0,0.0,0.0,,0.0,normalDay
2023-09-15,14891.0,293.0,0.0,0,443.37,0.0,1,8.98,6.05,SPY240119P00420000,420.0,0,0.0,0.0,,0.0,normalDay
2023-09-18,14891.0,309.0,0.0,0,443.63,0.0,1,8.98,5.89,SPY240119P00420000,420.0,0,0.0,0.0,,0.0,normalDay
2023-09-19,14891.0,304.0,0.0,0,442.71,0.0,1,8.98,5.94,SPY240119P00420000,420.0,0,0.0,0.0,,0.0,normalDay
2023-09-20,14891.0,195.0,0.0,0,438.64,0.0,1,8.98,7.03,SPY240119P00420000,420.0,0,0.0,0.0,,0.0,normalDay
2023-09-21,14891.0,-34.0,0.0,0,431.39,0.0,1,8.98,9.32,SPY240119P00420000,420.0,0,0.0,0.0,,0.0,normalDay
2023-09-22,14891.0,-60.0,0.0,0,430.42,0.0,1,8.98,9.58,SPY240119P00420000,420.0,0,0.0,0.0,,0.0,normalDay
2023-09-25,14891.0,-4.0,0.0,0,432.23,0.0,1,8.98,9.02,SPY240119P00420000,420.0,0,0.0,0.0,,0.0,normalDay
2023-09-26,14891.0,-263.0,0.0,0,425.88,0.0,1,8.98,11.61,SPY240119P00420000,420.0,0,0.0,0.0,,0.0,normalDay
2023-09-27,14891.0,-215.0,0.0,0,426.05,0.0,1,8.98,11.13,SPY240119P00420000,420.0,0,0.0,0.0,,0.0,normalDay
2023-09-28,14891.0,-115.0,0.0,0,428.52,0.0,1,8.98,10.13,SPY240119P00420000,420.0,0,0.0,0.0,,0.0,normalDay
2023-09-29,14891.0,-135.0,0.0,0,427.48,0.0,1,8.98,10.33,SPY240119P00420000,420.0,0,0.0,0.0,,0.0,normalDay
2023-10-02,14891.0,-126.0,0.0,0,427.31,0.0,1,8.98,10.24,SPY240119P00420000,420.0,0,0.0,0.0,,0.0,normalDay
2023-10-03,14891.0,-402.0,0.0,0,421.59,0.0,1,8.98,13.0,SPY240119P00420000,420.0,0,0.0,0.0,,0.0,normalDay
2023-10-04,14891.0,-267.0,0.0,0,424.66,0.0,1,8.98,11.65,SPY240119P00420000,420.0,0,0.0,0.0,,0.0,normalDay
2023-10-05,14891.0,-273.0,0.0,0,424.5,0.0,1,8.98,11.71,SPY240119P00420000,420.0,0,0.0,0.0,,0.0,normalDay
2023-10-06,14891.0,-51.0,0.0,0,429.54,0.0,1,8.98,9.49,SPY240119P00420000,420.0,0,0.0,0.0,,0.0,normalDay
2023-10-09,14891.0,30.0,0.0,0,432.29,0.0,1,8.98,8.68,SPY240119P00420000,420.0,0,0.0,0.0,,0.0,normalDay
2023-10-10,14891.0,117.0,0.0,0,434.54,0.0,1,8.98,7.81,SPY240119P00420000,420.0,0,0.0,0.0,,0.0,normalDay
2023-10-11,14891.0,204.0,0.0,0,436.32,0.0,1,8.98,6.94,SPY240119P00420000,420.0,0,0.0,0.0,,0.0,normalDay
2023-10-12,14891.0,124.0,0.0,0,433.66,0.0,1,8.98,7.74,SPY240119P00420000,420.0,0,0.0,0.0,,0.0,normalDay
2023-10-13,14891.0,-54.0,0.0,0,431.5,0.0,1,8.98,9.52,SPY240119P00420000,420.0,0,0.0,0.0,,0.0,normalDay
2023-10-16,14891.0,169.0,0.0,0,436.04,0.0,1,8.98,7.29,SPY240119P00420000,420.0,0,0.0,0.0,,0.0,normalDay
2023-10-17,14891.0,144.0,0.0,0,436.02,0.0,1,8.98,7.54,SPY240119P00420000,420.0,0,0.0,0.0,,0.0,normalDay
2023-10-18,14891.0,-43.0,0.0,0,430.21,0.0,1,8.98,9.41,SPY240119P00420000,420.0,0,0.0,0.0,,0.0,normalDay
2023-10-19,14891.0,-273.0,0.0,0,426.43,0.0,1,8.98,11.71,SPY240119P00420000,420.0,0,0.0,0.0,,0.0,normalDay
2023-10-20,14891.0,-420.0,0.0,0,421.19,0.0,1,8.98,13.18,SPY240119P00420000,420.0,0,0.0,0.0,,0.0,normalDay
2023-10-23,14891.0,-354.0,0.0,0,420.46,0.0,1,8.98,12.52,SPY240119P00420000,420.0,0,0.0,0.0,,0.0,normalDay
2023-10-24,14891.0,-192.0,0.0,0,423.63,0.0,1,8.98,10.9,SPY240119P00420000,420.0,0,0.0,0.0,,0.0,normalDay
2023-10-25,14891.0,-485.0,0.0,0,417.55,0.0,1,8.98,13.83,SPY240119P00420000,420.0,0,0.0,0.0,,0.0,normalDay
2023-10-26,14891.0,-719.0,0.0,0,412.55,0.0,1,8.98,16.17,SPY240119P00420000,420.0,0,0.0,0.0,,0.0,normalDay
2023-10-27,14891.0,-847.0,0.0,0,410.68,0.0,1,8.98,17.45,SPY240119P00420000,420.0,0,0.0,0.0,,0.0,normalDay
2023-10-30,14891.0,-535.0,0.0,0,415.59,0.0,1,8.98,14.33,SPY240119P00420000,420.0,0,0.0,0.0,,0.0,normalDay
2023-10-31,14891.0,-341.0,0.0,0,418.2,0.0,1,8.98,12.39,SPY240119P00420000,420.0,0,0.0,0.0,,0.0,normalDay
2023-11-01,14891.0,-98.0,0.0,0,422.66,0.0,1,8.98,9.96,SPY240119P00420000,420.0,0,0.0,0.0,,0.0,normalDay
2023-11-02,14891.0,197.0,0.0,0,430.76,0.0,1,8.98,7.01,SPY240119P00420000,420.0,0,0.0,0.0,,0.0,normalDay
2023-11-03,14891.0,333.0,0.0,0,434.69,0.0,1,8.98,5.65,SPY240119P00420000,420.0,0,0.0,0.0,,0.0,normalDay
2023-11-06,14891.0,375.0,0.0,0,435.69,0.0,1,8.98,5.23,SPY240119P00420000,420.0,0,0.0,0.0,,0.0,normalDay
2023-11-07,14891.0,413.0,0.0,0,436.93,0.0,1,8.98,4.85,SPY240119P00420000,420.0,0,0.0,0.0,,0.0,normalDay
2023-11-08,14891.0,444.0,0.0,0,437.25,0.0,1,8.98,4.54,SPY240119P00420000,420.0,0,0.0,0.0,,0.0,normalDay
2023-11-09,14891.0,355.0,0.0,0,433.84,0.0,1,8.98,5.43,SPY240119P00420000,420.0,0,0.0,0.0,,0.0,normalDay
2023-11-10,14891.0,526.0,0.0,0,440.61,0.0,1,8.98,3.72,SPY240119P00420000,420.0,0,0.0,0.0,,0.0,normalDay
2023-11-13,14891.0,525.0,0.0,0,440.19,0.0,1,8.98,3.73,SPY240119P00420000,420.0,0,0.0,0.0,,0.0,normalDay
2023-11-14,14891.0,652.0,0.0,0,448.73,0.0,1,8.98,2.46,SPY240119P00420000,420.0,0,0.0,0.0,,0.0,normalDay
2023-11-15,14891.0,661.0,0.0,0,449.68,0.0,1,8.98,2.37,SPY240119P00420000,420.0,0,0.0,0.0,,0.0,normalDay
2023-11-16,14891.0,678.0,0.0,0,450.23,0.0,1,8.98,2.2,SPY240119P00420000,420.0,0,0.0,0.0,,0.0,normalDay
2023-11-17,14891.0,693.0,0.0,0,450.79,0.0,1,8.98,2.05,SPY240119P00420000,420.0,0,0.0,0.0,,0.0,normalDay
2023-11-20,14891.0,733.0,0.0,0,454.26,0.0,1,8.98,1.65,SPY240119P00420000,420.0,0,0.0,0.0,,0.0,normalDay
2023-11-21,14891.0,733.0,0.0,0,453.27,0.0,1,8.98,1.65,SPY240119P00420000,420.0,0,0.0,0.0,,0.0,normalDay
2023-11-22,14891.0,750.0,0.0,0,455.02,0.0,1,8.98,1.48,SPY240119P00420000,420.0,0,0.0,0.0,,0.0,normalDay
2023-11-24,14891.0,767.0,0.0,0,455.3,0.0,1,8.98,1.31,SPY240119P00420000,420.0,0,0.0,0.0,,0.0,normalDay
2023-11-27,14891.0,768.0,0.0,0,454.48,0.0,1,8.98,1.3,SPY240119P00420000,420.0,0,0.0,0.0,,0.0,normalDay
2023-11-28,14891.0,774.0,0.0,0,454.93,0.0,1,8.98,1.24,SPY240119P00420000,420.0,0,0.0,0.0,,0.0,normalDay
2023-11-29,14891.0,771.0,0.0,0,454.61,0.0,1,8.98,1.27,SPY240119P00420000,420.0,0,0.0,0.0,,0.0,normalDay
2023-11-30,14891.0,780.0,0.0,0,456.4,0.0,1,8.98,1.18,SPY240119P00420000,420.0,0,0.0,0.0,,0.0,normalDay
