date,totalCapital,unrializedPnL,rializedPnL,stocksOwned,stocksPriceToday,stocksPriceBoughtAt,putOwned,putOwnedSoldAt,putPriceToday,putOwnedContract,putOwnedStrike,callOwned,callOwnedSoldAt,callPriceToday,callOwnedContract,callOwnedStrike,trackType
2018-11-01,0.0,0.0,0.0,0,273.51,0.0,0,0.0,0.0,,0.0,0,0.0,0.0,,0.0,bidTooLow
2018-11-02,0.0,0.0,0.0,0,271.89,0.0,0,0.0,0.0,,0.0,0,0.0,0.0,,0.0,bidTooLow
2018-11-05,0.0,0.0,0.0,0,273.39,0.0,0,0.0,0.0,,0.0,0,0.0,0.0,,0.0,bidTooLow
2018-11-06,0.0,-3.0,0.0,0,275.12,0.0,1,0.08,0.11,SPY181109P00257500,257.5,0,0.0,0.0,,0.0,normalDay
2018-11-07,0.0,6.0,0.0,0,281.01,0.0,1,0.08,0.02,SPY181109P00257500,257.5,0,0.0,0.0,,0.0,normalDay
2018-11-08,0.0,7.0,0.0,0,280.5,0.0,1,0.08,0.01,SPY181109P00257500,257.5,0,0.0,0.0,,0.0,normalDay
2018-11-09,8.0,0.0,8.0,0,277.76,0.0,1,0.08,0.0,SPY181109P00257500,257.5,0,0.0,0.0,,0.0,expirationDay
2018-11-12,8.0,-3.0,0.0,0,272.57,0.0,1,0.02,0.05,SPY181114P00256000,256.0,0,0.0,0.0,,0.0,normalDay
2018-11-13,8.0,1.0,0.0,0,272.06,0.0,1,0.02,0.01,SPY181114P00256000,256.0,0,0.0,0.0,,0.0,normalDay
2018-11-14,10.0,0.0,2.0,0,270.2,0.0,1,0.02,0.0,SPY181114P00256000,256.0,0,0.0,0.0,,0.0,expirationDay
2018-11-15,10.0,0.0,0.0,0,273.02,0.0,0,0.0,0.0,,0.0,0,0.0,0.0,,0.0,bidTooLow
2018-11-16,10.0,0.0,0.0,0,273.73,0.0,0,0.0,0.0,,0.0,0,0.0,0.0,,0.0,bidTooLow
2018-11-19,10.0,-3.0,0.0,0,269.1,0.0,1,0.04,0.07,SPY181121P00257000,257.0,0,0.0,0.0,,0.0,normalDay
2018-11-20,10.0,-7.0,0.0,0,264.12,0.0,1,0.04,0.11,SPY181121P00257000,257.0,0,0.0,0.0,,0.0,normalDay
2018-11-21,14.0,0.0,4.0,0,265.02,0.0,1,0.04,0.0,SPY181121P00257000,257.0,0,0.0,0.0,,0.0,expirationDay
2018-11-23,14.0,-3.0,0.0,0,263.25,0.0,1,0.07,0.1,SPY181126P00254000,254.0,0,0.0,0.0,,0.0,normalDay
2018-11-26,21.0,0.0,7.0,0,267.5,0.0,1,0.07,0.0,SPY181126P00254000,254.0,0,0.0,0.0,,0.0,expirationDay
2018-11-27,21.0,-3.0,0.0,0,268.4,0.0,1,0.04,0.07,SPY181130P00255500,255.5,0,0.0,0.0,,0.0,normalDay
2018-11-28,21.0,2.0,0.0,0,274.58,0.0,1,0.04,0.02,SPY181130P00255500,255.5,0,0.0,0.0,,0.0,normalDay
2018-11-29,21.0,3.0,0.0,0,273.98,0.0,1,0.04,0.01,SPY181130P00255500,255.5,0,0.0,0.0,,0.0,normalDay
2018-11-30,25.0,0.0,4.0,0,275.65,0.0,1,0.04,0.0,SPY181130P00255500,255.5,0,0.0,0.0,,0.0,expirationDay
2018-12-03,25.0,0.0,0.0,0,279.3,0.0,0,0.0,0.0,,0.0,0,0.0,0.0,,0.0,bidTooLow
2018-12-04,25.0,-3.0,0.0,0,270.25,0.0,1,0.12,0.15,SPY181207P00255000,255.0,0,0.0,0.0,,0.0,normalDay
2018-12-06,25.0,10.0,0.0,0,269.84,0.0,1,0.12,0.02,SPY181207P00255000,255.0,0,0.0,0.0,,0.0,normalDay
2018-12-07,37.0,0.0,12.0,0,263.57,0.0,1,0.12,0.0,SPY181207P00255000,255.0,0,0.0,0.0,,0.0,expirationDay
2018-12-10,37.0,-3.0,0.0,0,264.07,0.0,1,0.2,0.23,SPY181212P00254500,254.5,0,0.0,0.0,,0.0,normalDay
2018-12-11,37.0,13.0,0.0,0,264.13,0.0,1,0.2,0.07,SPY181212P00254500,254.5,0,0.0,0.0,,0.0,normalDay
2018-12-12,57.0,0.0,20.0,0,265.46,0.0,1,0.2,0.0,SPY181212P00254500,254.5,0,0.0,0.0,,0.0,expirationDay
2018-12-13,57.0,0.0,0.0,0,265.37,0.0,0,0.0,0.0,,0.0,0,0.0,0.0,,0.0,bidTooLow
2018-12-14,57.0,-4.0,0.0,0,260.47,0.0,1,0.05,0.09,SPY181217P00251500,251.5,0,0.0,0.0,,0.0,normalDay
2018-12-17,62.0,0.0,5.0,0,255.36,0.0,1,0.05,0.0,SPY181217P00251500,251.5,0,0.0,0.0,,0.0,expirationDay
2018-12-18,62.0,-5.0,0.0,0,255.08,0.0,1,0.9,0.95,SPY181221P00246000,246.0,0,0.0,0.0,,0.0,normalDay
2018-12-19,62.0,-17.0,0.0,0,251.26,0.0,1,0.9,1.07,SPY181221P00246000,246.0,0,0.0,0.0,,0.0,normalDay
2018-12-20,62.0,-60.0,0.0,0,247.17,0.0,1,0.9,1.5,SPY181221P00246000,246.0,0,0.0,0.0,,0.0,normalDay
2018-12-21,152.0,-530.0,90.0,100,240.7,246.0,1,0.9,0.0,SPY181221P00246000,246.0,0,0.0,0.0,,0.0,expirationDay
2018-12-24,152.0,-1174.0,0.0,100,234.34,246.0,0,0.0,0.0,,0.0,1,0.15,0.23,SPY190329C00287000,287.0,normalDay
2018-12-26,152.0,-14.0,0.0,100,246.18,246.0,0,0.0,0.0,,0.0,1,0.15,0.47,SPY190329C00287000,287.0,normalDay
2018-12-27,152.0,160.0,0.0,100,248.07,246.0,0,0.0,0.0,,0.0,1,0.15,0.62,SPY190329C00287000,287.0,normalDay
2018-12-28,152.0,134.0,0.0,100,247.75,246.0,0,0.0,0.0,,0.0,1,0.15,0.56,SPY190329C00287000,287.0,normalDay
2018-12-31,152.0,361.0,0.0,100,249.92,246.0,0,0.0,0.0,,0.0,1,0.15,0.46,SPY190329C00287000,287.0,normalDay
2019-01-02,152.0,397.0,0.0,100,250.18,246.0,0,0.0,0.0,,0.0,1,0.15,0.36,SPY190329C00287000,287.0,normalDay
2019-01-03,152.0,-183.0,0.0,100,244.21,246.0,0,0.0,0.0,,0.0,1,0.15,0.19,SPY190329C00287000,287.0,normalDay
2019-01-04,152.0,620.0,0.0,100,252.39,246.0,0,0.0,0.0,,0.0,1,0.15,0.34,SPY190329C00287000,287.0,normalDay
2019-01-07,152.0,816.0,0.0,100,254.38,246.0,0,0.0,0.0,,0.0,1,0.15,0.37,SPY190329C00287000,287.0,normalDay
2019-01-08,152.0,1052.0,0.0,100,256.77,246.0,0,0.0,0.0,,0.0,1,0.15,0.4,SPY190329C00287000,287.0,normalDay
2019-01-09,152.0,1175.0,0.0,100,257.97,246.0,0,0.0,0.0,,0.0,1,0.15,0.37,SPY190329C00287000,287.0,normalDay
2019-01-10,152.0,1264.0,0.0,100,258.88,246.0,0,0.0,0.0,,0.0,1,0.15,0.39,SPY190329C00287000,287.0,normalDay
2019-01-11,152.0,1285.0,0.0,100,258.98,246.0,0,0.0,0.0,,0.0,1,0.15,0.28,SPY190329C00287000,287.0,normalDay
2019-01-14,152.0,1134.0,0.0,100,257.4,246.0,0,0.0,0.0,,0.0,1,0.15,0.21,SPY190329C00287000,287.0,normalDay
2019-01-15,152.0,1425.0,0.0,100,260.35,246.0,0,0.0,0.0,,0.0,1,0.15,0.25,SPY190329C00287000,287.0,normalDay
2019-01-16,152.0,1484.0,0.0,100,260.98,246.0,0,0.0,0.0,,0.0,1,0.15,0.29,SPY190329C00287000,287.0,normalDay
2019-01-17,152.0,1676.0,0.0,100,262.96,246.0,0,0.0,0.0,,0.0,1,0.15,0.35,SPY190329C00287000,287.0,normalDay
2019-01-18,152.0,1997.0,0.0,100,266.46,246.0,0,0.0,0.0,,0.0,1,0.15,0.64,SPY190329C00287000,287.0,normalDay
2019-01-22,152.0,1659.0,0.0,100,262.86,246.0,0,0.0,0.0,,0.0,1,0.15,0.42,SPY190329C00287000,287.0,normalDay
2019-01-23,152.0,1718.0,0.0,100,263.41,246.0,0,0.0,0.0,,0.0,1,0.15,0.38,SPY190329C00287000,287.0,normalDay
2019-01-24,152.0,1739.0,0.0,100,263.55,246.0,0,0.0,0.0,,0.0,1,0.15,0.31,SPY190329C00287000,287.0,normalDay
2019-01-25,152.0,1950.0,0.0,100,265.78,246.0,0,0.0,0.0,,0.0,1,0.15,0.43,SPY190329C00287000,287.0,normalDay
2019-01-28,152.0,1761.0,0.0,100,263.76,246.0,0,0.0,0.0,,0.0,1,0.15,0.3,SPY190329C00287000,287.0,normalDay
2019-01-29,152.0,1727.0,0.0,100,263.41,246.0,0,0.0,0.0,,0.0,1,0.15,0.29,SPY190329C00287000,287.0,normalDay
2019-01-30,152.0,2127.0,0.0,100,267.58,246.0,0,0.0,0.0,,0.0,1,0.15,0.46,SPY190329C00287000,287.0,normalDay
2019-01-31,152.0,2345.0,0.0,100,269.93,246.0,0,0.0,0.0,,0.0,1,0.15,0.63,SPY190329C00287000,287.0,normalDay
2019-02-01,152.0,2369.0,0.0,100,270.06,246.0,0,0.0,0.0,,0.0,1,0.15,0.52,SPY190329C00287000,287.0,normalDay
2019-02-04,152.0,2551.0,0.0,100,271.96,246.0,0,0.0,0.0,,0.0,1,0.15,0.6,SPY190329C00287000,287.0,normalDay
2019-02-05,152.0,2656.0,0.0,100,273.1,246.0,0,0.0,0.0,,0.0,1,0.15,0.69,SPY190329C00287000,287.0,normalDay
2019-02-06,152.0,2631.0,0.0,100,272.74,246.0,0,0.0,0.0,,0.0,1,0.15,0.58,SPY190329C00287000,287.0,normalDay
2019-02-07,152.0,2395.0,0.0,100,270.14,246.0,0,0.0,0.0,,0.0,1,0.15,0.34,SPY190329C00287000,287.0,normalDay
2019-02-08,152.0,2433.0,0.0,100,270.47,246.0,0,0.0,0.0,,0.0,1,0.15,0.29,SPY190329C00287000,287.0,normalDay
2019-02-11,152.0,2449.0,0.0,100,270.62,246.0,0,0.0,0.0,,0.0,1,0.15,0.28,SPY190329C00287000,287.0,normalDay
2019-02-12,152.0,2762.0,0.0,100,274.1,246.0,0,0.0,0.0,,0.0,1,0.15,0.63,SPY190329C00287000,287.0,normalDay
2019-02-13,152.0,2845.0,0.0,100,274.99,246.0,0,0.0,0.0,,0.0,1,0.15,0.69,SPY190329C00287000,287.0,normalDay
2019-02-14,152.0,2792.0,0.0,100,274.38,246.0,0,0.0,0.0,,0.0,1,0.15,0.61,SPY190329C00287000,287.0,normalDay
2019-02-15,152.0,3064.0,0.0,100,277.37,246.0,0,0.0,0.0,,0.0,1,0.15,0.88,SPY190329C00287000,287.0,normalDay
2019-02-19,152.0,3124.0,0.0,100,277.85,246.0,0,0.0,0.0,,0.0,1,0.15,0.76,SPY190329C00287000,287.0,normalDay
2019-02-20,152.0,3181.0,0.0,100,278.41,246.0,0,0.0,0.0,,0.0,1,0.15,0.75,SPY190329C00287000,287.0,normalDay
2019-02-21,152.0,3102.0,0.0,100,277.42,246.0,0,0.0,0.0,,0.0,1,0.15,0.55,SPY190329C00287000,287.0,normalDay
2019-02-22,152.0,3256.0,0.0,100,279.14,246.0,0,0.0,0.0,,0.0,1,0.15,0.73,SPY190329C00287000,287.0,normalDay
2019-02-25,152.0,3285.0,0.0,100,279.52,246.0,0,0.0,0.0,,0.0,1,0.15,0.82,SPY190329C00287000,287.0,normalDay
2019-02-26,152.0,3274.0,0.0,100,279.32,246.0,0,0.0,0.0,,0.0,1,0.15,0.73,SPY190329C00287000,287.0,normalDay
2019-02-27,152.0,3275.0,0.0,100,279.2,246.0,0,0.0,0.0,,0.0,1,0.15,0.6,SPY190329C00287000,287.0,normalDay
2019-02-28,152.0,3240.0,0.0,100,278.68,246.0,0,0.0,0.0,,0.0,1,0.15,0.43,SPY190329C00287000,287.0,normalDay
2019-03-01,152.0,3405.0,0.0,100,280.42,246.0,0,0.0,0.0,,0.0,1,0.15,0.52,SPY190329C00287000,287.0,normalDay
2019-03-04,152.0,3322.0,0.0,100,279.4,246.0,0,0.0,0.0,,0.0,1,0.15,0.33,SPY190329C00287000,287.0,normalDay
2019-03-05,152.0,3286.0,0.0,100,279.02,246.0,0,0.0,0.0,,0.0,1,0.15,0.31,SPY190329C00287000,287.0,normalDay
2019-03-06,152.0,3129.0,0.0,100,277.33,246.0,0,0.0,0.0,,0.0,1,0.15,0.19,SPY190329C00287000,287.0,normalDay
2019-03-07,152.0,2906.0,0.0,100,275.01,246.0,0,0.0,0.0,,0.0,1,0.15,0.1,SPY190329C00287000,287.0,normalDay
2019-03-08,152.0,2854.0,0.0,100,274.46,246.0,0,0.0,0.0,,0.0,1,0.15,0.07,SPY190329C00287000,287.0,normalDay
2019-03-11,152.0,3245.0,0.0,100,278.44,246.0,0,0.0,0.0,,0.0,1,0.15,0.14,SPY190329C00287000,287.0,normalDay
2019-03-12,152.0,3349.0,0.0,100,279.49,246.0,0,0.0,0.0,,0.0,1,0.15,0.15,SPY190329C00287000,287.0,normalDay
2019-03-13,152.0,3512.0,0.0,100,281.34,246.0,0,0.0,0.0,,0.0,1,0.15,0.37,SPY190329C00287000,287.0,normalDay
2019-03-14,152.0,3504.0,0.0,100,281.16,246.0,0,0.0,0.0,,0.0,1,0.15,0.27,SPY190329C00287000,287.0,normalDay
2019-03-15,152.0,3510.0,0.0,100,281.31,246.0,0,0.0,0.0,,0.0,1,0.15,0.36,SPY190329C00287000,287.0,normalDay
2019-03-18,152.0,3594.0,0.0,100,282.33,246.0,0,0.0,0.0,,0.0,1,0.15,0.54,SPY190329C00287000,287.0,normalDay
2019-03-19,152.0,3605.0,0.0,100,282.4,246.0,0,0.0,0.0,,0.0,1,0.15,0.5,SPY190329C00287000,287.0,normalDay
2019-03-20,152.0,3540.0,0.0,100,281.55,246.0,0,0.0,0.0,,0.0,1,0.15,0.3,SPY190329C00287000,287.0,normalDay
2019-03-21,152.0,3790.0,0.0,100,284.73,246.0,0,0.0,0.0,,0.0,1,0.15,0.98,SPY190329C00287000,287.0,normalDay
2019-03-22,152.0,3320.0,0.0,100,279.25,246.0,0,0.0,0.0,,0.0,1,0.15,0.2,SPY190329C00287000,287.0,normalDay
2019-03-25,152.0,3313.0,0.0,100,279.04,246.0,0,0.0,0.0,,0.0,1,0.15,0.06,SPY190329C00287000,287.0,normalDay
2019-03-26,152.0,3522.0,0.0,100,281.12,246.0,0,0.0,0.0,,0.0,1,0.15,0.05,SPY190329C00287000,287.0,normalDay
2019-03-27,152.0,3378.0,0.0,100,279.65,246.0,0,0.0,0.0,,0.0,1,0.15,0.02,SPY190329C00287000,287.0,normalDay
2019-03-28,152.0,3485.0,0.0,100,280.71,246.0,0,0.0,0.0,,0.0,1,0.15,0.01,SPY190329C00287000,287.0,normalDay
2019-03-29,167.0,3648.0,15.0,100,282.48,246.0,0,0.0,0.0,,0.0,1,0.15,0.0,SPY190329C00287000,287.0,expirationDay
2019-04-01,167.0,3976.0,0.0,100,285.83,246.0,0,0.0,0.0,,0.0,1,9.95,10.02,SPY190816C00286000,286.0,normalDay
2019-04-02,167.0,3996.0,0.0,100,285.97,246.0,0,0.0,0.0,,0.0,1,9.95,9.96,SPY190816C00286000,286.0,normalDay
2019-04-03,167.0,3989.0,0.0,100,286.42,246.0,0,0.0,0.0,,0.0,1,9.95,10.48,SPY190816C00286000,286.0,normalDay
2019-04-04,167.0,4036.0,0.0,100,287.18,246.0,0,0.0,0.0,,0.0,1,9.95,10.77,SPY190816C00286000,286.0,normalDay
2019-04-05,167.0,4112.0,0.0,100,288.57,246.0,0,0.0,0.0,,0.0,1,9.95,11.4,SPY190816C00286000,286.0,normalDay
2019-04-08,167.0,4129.0,0.0,100,288.79,246.0,0,0.0,0.0,,0.0,1,9.95,11.45,SPY190816C00286000,286.0,normalDay
2019-04-09,167.0,4065.0,0.0,100,287.31,246.0,0,0.0,0.0,,0.0,1,9.95,10.61,SPY190816C00286000,286.0,normalDay
2019-04-10,167.0,4108.0,0.0,100,288.29,246.0,0,0.0,0.0,,0.0,1,9.95,11.16,SPY190816C00286000,286.0,normalDay
2019-04-11,167.0,4129.0,0.0,100,288.21,246.0,0,0.0,0.0,,0.0,1,9.95,10.87,SPY190816C00286000,286.0,normalDay
2019-04-12,167.0,4213.0,0.0,100,290.16,246.0,0,0.0,0.0,,0.0,1,9.95,11.98,SPY190816C00286000,286.0,normalDay
2019-04-15,167.0,4220.0,0.0,100,289.97,246.0,0,0.0,0.0,,0.0,1,9.95,11.72,SPY190816C00286000,286.0,normalDay
2019-04-16,167.0,4242.0,0.0,100,290.16,246.0,0,0.0,0.0,,0.0,1,9.95,11.69,SPY190816C00286000,286.0,normalDay
2019-04-17,167.0,4225.0,0.0,100,289.45,246.0,0,0.0,0.0,,0.0,1,9.95,11.15,SPY190816C00286000,286.0,normalDay
2019-04-18,167.0,4237.0,0.0,100,290.02,246.0,0,0.0,0.0,,0.0,1,9.95,11.6,SPY190816C00286000,286.0,normalDay
2019-04-22,167.0,4253.0,0.0,100,290.27,246.0,0,0.0,0.0,,0.0,1,9.95,11.69,SPY190816C00286000,286.0,normalDay
2019-04-23,167.0,4351.0,0.0,100,292.88,246.0,0,0.0,0.0,,0.0,1,9.95,13.32,SPY190816C00286000,286.0,normalDay
2019-04-24,167.0,4313.0,0.0,100,292.23,246.0,0,0.0,0.0,,0.0,1,9.95,13.05,SPY190816C00286000,286.0,normalDay
2019-04-25,167.0,4318.0,0.0,100,292.05,246.0,0,0.0,0.0,,0.0,1,9.95,12.82,SPY190816C00286000,286.0,normalDay
2019-04-26,167.0,4366.0,0.0,100,293.41,246.0,0,0.0,0.0,,0.0,1,9.95,13.7,SPY190816C00286000,286.0,normalDay
2019-04-29,167.0,4392.0,0.0,100,293.87,246.0,0,0.0,0.0,,0.0,1,9.95,13.9,SPY190816C00286000,286.0,normalDay
2019-04-30,167.0,4374.0,0.0,100,294.02,246.0,0,0.0,0.0,,0.0,1,9.95,14.23,SPY190816C00286000,286.0,normalDay
2019-05-01,167.0,4312.0,0.0,100,291.81,246.0,0,0.0,0.0,,0.0,1,9.95,12.64,SPY190816C00286000,286.0,normalDay
2019-05-02,167.0,4302.0,0.0,100,291.18,246.0,0,0.0,0.0,,0.0,1,9.95,12.11,SPY190816C00286000,286.0,normalDay
2019-05-03,167.0,4410.0,0.0,100,294.03,246.0,0,0.0,0.0,,0.0,1,9.95,13.88,SPY190816C00286000,286.0,normalDay
2019-05-06,167.0,4345.0,0.0,100,292.82,246.0,0,0.0,0.0,,0.0,1,9.95,13.32,SPY190816C00286000,286.0,normalDay
2019-05-07,167.0,4044.0,0.0,100,287.93,246.0,0,0.0,0.0,,0.0,1,9.95,11.44,SPY190816C00286000,286.0,normalDay
2019-05-08,167.0,4052.0,0.0,100,287.53,246.0,0,0.0,0.0,,0.0,1,9.95,10.96,SPY190816C00286000,286.0,normalDay
2019-05-09,167.0,4043.0,0.0,100,286.66,246.0,0,0.0,0.0,,0.0,1,9.95,10.18,SPY190816C00286000,286.0,normalDay
2019-05-10,167.0,4199.0,0.0,100,288.1,246.0,0,0.0,0.0,,0.0,1,9.95,10.06,SPY190816C00286000,286.0,normalDay
2019-05-13,167.0,3805.0,0.0,100,280.86,246.0,0,0.0,0.0,,0.0,1,9.95,6.76,SPY190816C00286000,286.0,normalDay
2019-05-14,167.0,3971.0,0.0,100,283.4,246.0,0,0.0,0.0,,0.0,1,9.95,7.64,SPY190816C00286000,286.0,normalDay
2019-05-15,167.0,4072.0,0.0,100,285.06,246.0,0,0.0,0.0,,0.0,1,9.95,8.29,SPY190816C00286000,286.0,normalDay
2019-05-16,167.0,4229.0,0.0,100,287.7,246.0,0,0.0,0.0,,0.0,1,9.95,9.36,SPY190816C00286000,286.0,normalDay
2019-05-17,167.0,4142.0,0.0,100,285.84,246.0,0,0.0,0.0,,0.0,1,9.95,8.37,SPY190816C00286000,286.0,normalDay
2019-05-20,167.0,4056.0,0.0,100,283.95,246.0,0,0.0,0.0,,0.0,1,9.95,7.34,SPY190816C00286000,286.0,normalDay
2019-05-21,167.0,4218.0,0.0,100,286.51,246.0,0,0.0,0.0,,0.0,1,9.95,8.28,SPY190816C00286000,286.0,normalDay
2019-05-22,167.0,4197.0,0.0,100,285.63,246.0,0,0.0,0.0,,0.0,1,9.95,7.61,SPY190816C00286000,286.0,normalDay
2019-05-23,167.0,4000.0,0.0,100,282.14,246.0,0,0.0,0.0,,0.0,1,9.95,6.09,SPY190816C00286000,286.0,normalDay
2019-05-24,167.0,4037.0,0.0,100,282.78,246.0,0,0.0,0.0,,0.0,1,9.95,6.36,SPY190816C00286000,286.0,normalDay
2019-05-28,167.0,3886.0,0.0,100,280.15,246.0,0,0.0,0.0,,0.0,1,9.95,5.24,SPY190816C00286000,286.0,normalDay
2019-05-29,167.0,3788.0,0.0,100,278.27,246.0,0,0.0,0.0,,0.0,1,9.95,4.34,SPY190816C00286000,286.0,normalDay
2019-05-30,167.0,3848.0,0.0,100,279.03,246.0,0,0.0,0.0,,0.0,1,9.95,4.5,SPY190816C00286000,286.0,normalDay
2019-05-31,167.0,3591.0,0.0,100,275.27,246.0,0,0.0,0.0,,0.0,1,9.95,3.31,SPY190816C00286000,286.0,normalDay
2019-06-03,167.0,3554.0,0.0,100,274.57,246.0,0,0.0,0.0,,0.0,1,9.95,2.98,SPY190816C00286000,286.0,normalDay
2019-06-04,167.0,3972.0,0.0,100,280.53,246.0,0,0.0,0.0,,0.0,1,9.95,4.76,SPY190816C00286000,286.0,normalDay
2019-06-05,167.0,4123.0,0.0,100,282.96,246.0,0,0.0,0.0,,0.0,1,9.95,5.68,SPY190816C00286000,286.0,normalDay
2019-06-06,167.0,4231.0,0.0,100,284.8,246.0,0,0.0,0.0,,0.0,1,9.95,6.44,SPY190816C00286000,286.0,normalDay
2019-06-07,167.0,4349.0,0.0,100,287.65,246.0,0,0.0,0.0,,0.0,1,9.95,8.11,SPY190816C00286000,286.0,normalDay
2019-06-10,167.0,4413.0,0.0,100,288.97,246.0,0,0.0,0.0,,0.0,1,9.95,8.79,SPY190816C00286000,286.0,normalDay
2019-06-11,167.0,4413.0,0.0,100,288.9,246.0,0,0.0,0.0,,0.0,1,9.95,8.72,SPY190816C00286000,286.0,normalDay
2019-06-12,167.0,4397.0,0.0,100,288.39,246.0,0,0.0,0.0,,0.0,1,9.95,8.37,SPY190816C00286000,286.0,normalDay
2019-06-13,167.0,4443.0,0.0,100,289.58,246.0,0,0.0,0.0,,0.0,1,9.95,9.1,SPY190816C00286000,286.0,normalDay
2019-06-14,167.0,4439.0,0.0,100,289.26,246.0,0,0.0,0.0,,0.0,1,9.95,8.82,SPY190816C00286000,286.0,normalDay
2019-06-17,167.0,4466.0,0.0,100,289.37,246.0,0,0.0,0.0,,0.0,1,9.95,8.66,SPY190816C00286000,286.0,normalDay
2019-06-18,167.0,4572.0,0.0,100,292.4,246.0,0,0.0,0.0,,0.0,1,9.95,10.63,SPY190816C00286000,286.0,normalDay
2019-06-19,167.0,4609.0,0.0,100,293.06,246.0,0,0.0,0.0,,0.0,1,9.95,10.92,SPY190816C00286000,286.0,normalDay
2019-06-20,167.0,4689.0,0.0,100,295.86,246.0,0,0.0,0.0,,0.0,1,9.95,12.92,SPY190816C00286000,286.0,normalDay
2019-06-21,167.0,4522.0,0.0,100,294.0,246.0,0,0.0,0.0,,0.0,1,9.95,12.73,SPY190816C00286000,286.0,normalDay
2019-06-24,167.0,4533.0,0.0,100,293.64,246.0,0,0.0,0.0,,0.0,1,9.95,12.26,SPY190816C00286000,286.0,normalDay
2019-06-25,167.0,4440.0,0.0,100,290.76,246.0,0,0.0,0.0,,0.0,1,9.95,10.31,SPY190816C00286000,286.0,normalDay
2019-06-26,167.0,4460.0,0.0,100,290.47,246.0,0,0.0,0.0,,0.0,1,9.95,9.82,SPY190816C00286000,286.0,normalDay
2019-06-27,167.0,4480.0,0.0,100,291.5,246.0,0,0.0,0.0,,0.0,1,9.95,10.65,SPY190816C00286000,286.0,normalDay
2019-06-28,167.0,4508.0,0.0,100,293.0,246.0,0,0.0,0.0,,0.0,1,9.95,11.87,SPY190816C00286000,286.0,normalDay
2019-07-01,167.0,4673.0,0.0,100,295.66,246.0,0,0.0,0.0,,0.0,1,9.95,12.88,SPY190816C00286000,286.0,normalDay
2019-07-02,167.0,4705.0,0.0,100,296.43,246.0,0,0.0,0.0,,0.0,1,9.95,13.33,SPY190816C00286000,286.0,normalDay
2019-07-03,167.0,4747.0,0.0,100,298.8,246.0,0,0.0,0.0,,0.0,1,9.95,15.28,SPY190816C00286000,286.0,normalDay
2019-07-05,167.0,4792.0,0.0,100,298.46,246.0,0,0.0,0.0,,0.0,1,9.95,14.49,SPY190816C00286000,286.0,normalDay
2019-07-08,167.0,4729.0,0.0,100,296.82,246.0,0,0.0,0.0,,0.0,1,9.95,13.48,SPY190816C00286000,286.0,normalDay
2019-07-09,167.0,4749.0,0.0,100,297.19,246.0,0,0.0,0.0,,0.0,1,9.95,13.65,SPY190816C00286000,286.0,normalDay
2019-07-10,167.0,4779.0,0.0,100,298.61,246.0,0,0.0,0.0,,0.0,1,9.95,14.77,SPY190816C00286000,286.0,normalDay
2019-07-11,167.0,4796.0,0.0,100,299.31,246.0,0,0.0,0.0,,0.0,1,9.95,15.3,SPY190816C00286000,286.0,normalDay
2019-07-12,167.0,4833.0,0.0,100,300.65,246.0,0,0.0,0.0,,0.0,1,9.95,16.27,SPY190816C00286000,286.0,normalDay
2019-07-15,167.0,4841.0,0.0,100,300.75,246.0,0,0.0,0.0,,0.0,1,9.95,16.29,SPY190816C00286000,286.0,normalDay
2019-07-16,167.0,4824.0,0.0,100,299.78,246.0,0,0.0,0.0,,0.0,1,9.95,15.49,SPY190816C00286000,286.0,normalDay
2019-07-17,167.0,4797.0,0.0,100,297.74,246.0,0,0.0,0.0,,0.0,1,9.95,13.72,SPY190816C00286000,286.0,normalDay
2019-07-18,167.0,4822.0,0.0,100,298.83,246.0,0,0.0,0.0,,0.0,1,9.95,14.56,SPY190816C00286000,286.0,normalDay
2019-07-19,167.0,4809.0,0.0,100,297.17,246.0,0,0.0,0.0,,0.0,1,9.95,13.03,SPY190816C00286000,286.0,normalDay
2019-07-22,167.0,4851.0,0.0,100,297.9,246.0,0,0.0,0.0,,0.0,1,9.95,13.34,SPY190816C00286000,286.0,normalDay
2019-07-23,167.0,4898.0,0.0,100,300.03,246.0,0,0.0,0.0,,0.0,1,9.95,15.0,SPY190816C00286000,286.0,normalDay
2019-07-24,167.0,4911.0,0.0,100,301.44,246.0,0,0.0,0.0,,0.0,1,9.95,16.28,SPY190816C00286000,286.0,normalDay
2019-07-25,167.0,4899.0,0.0,100,300.0,246.0,0,0.0,0.0,,0.0,1,9.95,14.96,SPY190816C00286000,286.0,normalDay
2019-07-26,167.0,4928.0,0.0,100,302.01,246.0,0,0.0,0.0,,0.0,1,9.95,16.68,SPY190816C00286000,286.0,normalDay
2019-07-29,167.0,4905.0,0.0,100,301.46,246.0,0,0.0,0.0,,0.0,1,9.95,16.36,SPY190816C00286000,286.0,normalDay
2019-07-30,167.0,4916.0,0.0,100,300.72,246.0,0,0.0,0.0,,0.0,1,9.95,15.51,SPY190816C00286000,286.0,normalDay
2019-07-31,167.0,4880.0,0.0,100,297.43,246.0,0,0.0,0.0,,0.0,1,9.95,12.58,SPY190816C00286000,286.0,normalDay
2019-08-01,167.0,4792.0,0.0,100,294.84,246.0,0,0.0,0.0,,0.0,1,9.95,10.87,SPY190816C00286000,286.0,normalDay
2019-08-02,167.0,4776.0,0.0,100,292.62,246.0,0,0.0,0.0,,0.0,1,9.95,8.81,SPY190816C00286000,286.0,normalDay
2019-08-05,167.0,4400.0,0.0,100,283.82,246.0,0,0.0,0.0,,0.0,1,9.95,3.77,SPY190816C00286000,286.0,normalDay
2019-08-06,167.0,4662.0,0.0,100,287.8,246.0,0,0.0,0.0,,0.0,1,9.95,5.13,SPY190816C00286000,286.0,normalDay
2019-08-07,167.0,4695.0,0.0,100,287.97,246.0,0,0.0,0.0,,0.0,1,9.95,4.97,SPY190816C00286000,286.0,normalDay
2019-08-08,167.0,4891.0,0.0,100,293.62,246.0,0,0.0,0.0,,0.0,1,9.95,8.66,SPY190816C00286000,286.0,normalDay
2019-08-09,167.0,4854.0,0.0,100,291.62,246.0,0,0.0,0.0,,0.0,1,9.95,7.03,SPY190816C00286000,286.0,normalDay
2019-08-12,167.0,4796.0,0.0,100,288.07,246.0,0,0.0,0.0,,0.0,1,9.95,4.06,SPY190816C00286000,286.0,normalDay
2019-08-13,167.0,4942.0,0.0,100,292.55,246.0,0,0.0,0.0,,0.0,1,9.95,7.08,SPY190816C00286000,286.0,normalDay
2019-08-14,167.0,4626.0,0.0,100,283.9,246.0,0,0.0,0.0,,0.0,1,9.95,1.59,SPY190816C00286000,286.0,normalDay
2019-08-15,167.0,4763.0,0.0,100,284.65,246.0,0,0.0,0.0,,0.0,1,9.95,0.97,SPY190816C00286000,286.0,normalDay
2019-08-16,5162.0,4763.0,4995.0,0,288.85,0.0,0,0.0,0.0,,0.0,1,9.95,0.0,SPY190816C00286000,286.0,expirationDay
2019-08-19,5162.0,0.0,0.0,0,292.33,0.0,0,0.0,0.0,,0.0,0,0.0,0.0,,0.0,bidTooLow
2019-08-20,5162.0,-3.0,0.0,0,290.09,0.0,1,0.01,0.04,SPY190823P00273000,273.0,0,0.0,0.0,,0.0,normalDay
2019-08-21,5162.0,-1.0,0.0,0,292.45,0.0,1,0.01,0.02,SPY190823P00273000,273.0,0,0.0,0.0,,0.0,normalDay
2019-08-22,5162.0,0.0,0.0,0,292.36,0.0,1,0.01,0.01,SPY190823P00273000,273.0,0,0.0,0.0,,0.0,normalDay
2019-08-23,5163.0,0.0,1.0,0,284.85,0.0,1,0.01,0.0,SPY190823P00273000,273.0,0,0.0,0.0,,0.0,expirationDay
2019-08-26,5163.0,-3.0,0.0,0,288.0,0.0,1,0.02,0.05,SPY190828P00276000,276.0,0,0.0,0.0,,0.0,normalDay
2019-08-27,5163.0,0.0,0.0,0,286.87,0.0,1,0.02,0.02,SPY190828P00276000,276.0,0,0.0,0.0,,0.0,normalDay
2019-08-28,5165.0,0.0,2.0,0,288.89,0.0,1,0.02,0.0,SPY190828P00276000,276.0,0,0.0,0.0,,0.0,expirationDay
2019-08-29,5165.0,0.0,0.0,0,292.58,0.0,0,0.0,0.0,,0.0,0,0.0,0.0,,0.0,bidTooLow
2019-08-30,5165.0,0.0,0.0,0,292.45,0.0,0,0.0,0.0,,0.0,0,0.0,0.0,,0.0,bidTooLow
2019-09-03,5165.0,-3.0,0.0,0,290.74,0.0,1,0.14,0.17,SPY190906P00279500,279.5,0,0.0,0.0,,0.0,normalDay
2019-09-04,5165.0,11.0,0.0,0,294.04,0.0,1,0.14,0.03,SPY190906P00279500,279.5,0,0.0,0.0,,0.0,normalDay
2019-09-05,5165.0,12.0,0.0,0,297.82,0.0,1,0.14,0.02,SPY190906P00279500,279.5,0,0.0,0.0,,0.0,normalDay
2019-09-06,5179.0,0.0,14.0,0,298.05,0.0,1,0.14,0.0,SPY190906P00279500,279.5,0,0.0,0.0,,0.0,expirationDay
2019-09-09,5179.0,0.0,0.0,0,298.2,0.0,0,0.0,0.0,,0.0,0,0.0,0.0,,0.0,bidTooLow
2019-09-10,5179.0,0.0,0.0,0,298.13,0.0,0,0.0,0.0,,0.0,0,0.0,0.0,,0.0,bidTooLow
2019-09-11,5179.0,0.0,0.0,0,300.25,0.0,0,0.0,0.0,,0.0,0,0.0,0.0,,0.0,bidTooLow
2019-09-12,5179.0,0.0,0.0,0,301.29,0.0,0,0.0,0.0,,0.0,0,0.0,0.0,,0.0,bidTooLow
2019-09-13,5179.0,0.0,0.0,0,301.09,0.0,0,0.0,0.0,,0.0,0,0.0,0.0,,0.0,bidTooLow
2019-09-16,5179.0,0.0,0.0,0,300.16,0.0,0,0.0,0.0,,0.0,0,0.0,0.0,,0.0,bidTooLow
2019-09-17,5179.0,-3.0,0.0,0,300.92,0.0,1,0.02,0.05,SPY190920P00277000,277.0,0,0.0,0.0,,0.0,normalDay
2019-09-18,5179.0,-2.0,0.0,0,301.1,0.0,1,0.02,0.04,SPY190920P00277000,277.0,0,0.0,0.0,,0.0,normalDay
2019-09-19,5179.0,0.0,0.0,0,301.08,0.0,1,0.02,0.02,SPY190920P00277000,277.0,0,0.0,0.0,,0.0,normalDay
2019-09-20,5181.0,0.0,2.0,0,298.28,0.0,1,0.02,0.0,SPY190920P00277000,277.0,0,0.0,0.0,,0.0,expirationDay
2019-09-23,5181.0,0.0,0.0,0,298.21,0.0,0,0.0,0.0,,0.0,0,0.0,0.0,,0.0,bidTooLow
2019-09-24,5181.0,-3.0,0.0,0,295.87,0.0,1,0.08,0.11,SPY190927P00282500,282.5,0,0.0,0.0,,0.0,normalDay
2019-09-25,5181.0,4.0,0.0,0,297.62,0.0,1,0.08,0.04,SPY190927P00282500,282.5,0,0.0,0.0,,0.0,normalDay
2019-09-26,5181.0,7.0,0.0,0,297.0,0.0,1,0.08,0.01,SPY190927P00282500,282.5,0,0.0,0.0,,0.0,normalDay
2019-09-27,5189.0,0.0,8.0,0,295.4,0.0,1,0.08,0.0,SPY190927P00282500,282.5,0,0.0,0.0,,0.0,expirationDay
2019-09-30,5189.0,-3.0,0.0,0,296.77,0.0,1,0.04,0.07,SPY191002P00289000,289.0,0,0.0,0.0,,0.0,normalDay
2019-10-01,5189.0,-10.0,0.0,0,293.24,0.0,1,0.04,0.14,SPY191002P00289000,289.0,0,0.0,0.0,,0.0,normalDay
2019-10-02,5193.0,-94.0,4.0,100,288.06,289.0,1,0.04,0.0,SPY191002P00289000,289.0,0,0.0,0.0,,0.0,expirationDay
2019-10-03,5193.0,131.0,0.0,100,290.42,289.0,0,0.0,0.0,,0.0,1,5.06,5.17,SPY200221C00305000,305.0,normalDay
2019-10-04,5193.0,420.0,0.0,100,294.35,289.0,0,0.0,0.0,,0.0,1,5.06,6.21,SPY200221C00305000,305.0,normalDay
2019-10-07,5193.0,358.0,0.0,100,293.08,289.0,0,0.0,0.0,,0.0,1,5.06,5.56,SPY200221C00305000,305.0,normalDay
2019-10-08,5193.0,25.0,0.0,100,288.53,289.0,0,0.0,0.0,,0.0,1,5.06,4.34,SPY200221C00305000,305.0,normalDay
2019-10-09,5193.0,238.0,0.0,100,291.27,289.0,0,0.0,0.0,,0.0,1,5.06,4.95,SPY200221C00305000,305.0,normalDay
2019-10-10,5193.0,365.0,0.0,100,293.24,289.0,0,0.0,0.0,,0.0,1,5.06,5.65,SPY200221C00305000,305.0,normalDay
2019-10-11,5193.0,580.0,0.0,100,296.28,289.0,0,0.0,0.0,,0.0,1,5.06,6.54,SPY200221C00305000,305.0,normalDay
2019-10-14,5193.0,617.0,0.0,100,295.95,289.0,0,0.0,0.0,,0.0,1,5.06,5.84,SPY200221C00305000,305.0,normalDay
2019-10-15,5193.0,793.0,0.0,100,298.88,289.0,0,0.0,0.0,,0.0,1,5.06,7.01,SPY200221C00305000,305.0,normalDay
2019-10-16,5193.0,778.0,0.0,100,298.4,289.0,0,0.0,0.0,,0.0,1,5.06,6.68,SPY200221C00305000,305.0,normalDay
2019-10-17,5193.0,837.0,0.0,100,299.28,289.0,0,0.0,0.0,,0.0,1,5.06,6.97,SPY200221C00305000,305.0,normalDay
2019-10-18,5193.0,756.0,0.0,100,297.97,289.0,0,0.0,0.0,,0.0,1,5.06,6.47,SPY200221C00305000,305.0,normalDay
2019-10-21,5193.0,889.0,0.0,100,299.99,289.0,0,0.0,0.0,,0.0,1,5.06,7.16,SPY200221C00305000,305.0,normalDay
2019-10-22,5193.0,843.0,0.0,100,299.01,289.0,0,0.0,0.0,,0.0,1,5.06,6.64,SPY200221C00305000,305.0,normalDay
2019-10-23,5193.0,889.0,0.0,100,299.88,289.0,0,0.0,0.0,,0.0,1,5.06,7.05,SPY200221C00305000,305.0,normalDay
2019-10-24,5193.0,941.0,0.0,100,300.37,289.0,0,0.0,0.0,,0.0,1,5.06,7.02,SPY200221C00305000,305.0,normalDay
2019-10-25,5193.0,1021.0,0.0,100,301.6,289.0,0,0.0,0.0,,0.0,1,5.06,7.45,SPY200221C00305000,305.0,normalDay
2019-10-28,5193.0,1095.0,0.0,100,303.3,289.0,0,0.0,0.0,,0.0,1,5.06,8.41,SPY200221C00305000,305.0,normalDay
2019-10-29,5193.0,1094.0,0.0,100,303.21,289.0,0,0.0,0.0,,0.0,1,5.06,8.33,SPY200221C00305000,305.0,normalDay
2019-10-30,5193.0,1135.0,0.0,100,304.14,289.0,0,0.0,0.0,,0.0,1,5.06,8.85,SPY200221C00305000,305.0,normalDay
2019-10-31,5193.0,1114.0,0.0,100,303.33,289.0,0,0.0,0.0,,0.0,1,5.06,8.25,SPY200221C00305000,305.0,normalDay
2019-11-01,5193.0,1254.0,0.0,100,306.14,289.0,0,0.0,0.0,,0.0,1,5.06,9.66,SPY200221C00305000,305.0,normalDay
2019-11-04,5193.0,1302.0,0.0,100,307.37,289.0,0,0.0,0.0,,0.0,1,5.06,10.41,SPY200221C00305000,305.0,normalDay
2019-11-05,5193.0,1280.0,0.0,100,307.03,289.0,0,0.0,0.0,,0.0,1,5.06,10.29,SPY200221C00305000,305.0,normalDay
2019-11-06,5193.0,1275.0,0.0,100,307.1,289.0,0,0.0,0.0,,0.0,1,5.06,10.41,SPY200221C00305000,305.0,normalDay
2019-11-07,5193.0,1322.0,0.0,100,308.18,289.0,0,0.0,0.0,,0.0,1,5.06,11.02,SPY200221C00305000,305.0,normalDay
2019-11-08,5193.0,1359.0,0.0,100,308.94,289.0,0,0.0,0.0,,0.0,1,5.06,11.41,SPY200221C00305000,305.0,normalDay
2019-11-11,5193.0,1341.0,0.0,100,308.35,289.0,0,0.0,0.0,,0.0,1,5.06,11.0,SPY200221C00305000,305.0,normalDay
2019-11-12,5193.0,1393.0,0.0,100,309.0,289.0,0,0.0,0.0,,0.0,1,5.06,11.13,SPY200221C00305000,305.0,normalDay
2019-11-13,5193.0,1379.0,0.0,100,309.1,289.0,0,0.0,0.0,,0.0,1,5.06,11.37,SPY200221C00305000,305.0,normalDay
2019-11-14,5193.0,1401.0,0.0,100,309.55,289.0,0,0.0,0.0,,0.0,1,5.06,11.6,SPY200221C00305000,305.0,normalDay
2019-11-15,5193.0,1511.0,0.0,100,311.79,289.0,0,0.0,0.0,,0.0,1,5.06,12.74,SPY200221C00305000,305.0,normalDay
2019-11-18,5193.0,1521.0,0.0,100,312.02,289.0,0,0.0,0.0,,0.0,1,5.06,12.87,SPY200221C00305000,305.0,normalDay
2019-11-19,5193.0,1523.0,0.0,100,311.93,289.0,0,0.0,0.0,,0.0,1,5.06,12.76,SPY200221C00305000,305.0,normalDay
2019-11-20,5193.0,1481.0,0.0,100,310.77,289.0,0,0.0,0.0,,0.0,1,5.06,12.02,SPY200221C00305000,305.0,normalDay
2019-11-21,5193.0,1452.0,0.0,100,310.27,289.0,0,0.0,0.0,,0.0,1,5.06,11.81,SPY200221C00305000,305.0,normalDay
2019-11-22,5193.0,1490.0,0.0,100,310.96,289.0,0,0.0,0.0,,0.0,1,5.06,12.12,SPY200221C00305000,305.0,normalDay
2019-11-25,5193.0,1616.0,0.0,100,313.37,289.0,0,0.0,0.0,,0.0,1,5.06,13.27,SPY200221C00305000,305.0,normalDay
2019-11-26,5193.0,1622.0,0.0,100,314.08,289.0,0,0.0,0.0,,0.0,1,5.06,13.92,SPY200221C00305000,305.0,normalDay
2019-11-27,5193.0,1664.0,0.0,100,315.48,289.0,0,0.0,0.0,,0.0,1,5.06,14.9,SPY200221C00305000,305.0,normalDay
2019-11-29,5193.0,1606.0,0.0,100,314.31,289.0,0,0.0,0.0,,0.0,1,5.06,14.31,SPY200221C00305000,305.0,normalDay
2019-12-02,5193.0,1514.0,0.0,100,311.64,289.0,0,0.0,0.0,,0.0,1,5.06,12.56,SPY200221C00305000,305.0,normalDay
2019-12-03,5193.0,1422.0,0.0,100,309.55,289.0,0,0.0,0.0,,0.0,1,5.06,11.39,SPY200221C00305000,305.0,normalDay
2019-12-04,5193.0,1527.0,0.0,100,311.46,289.0,0,0.0,0.0,,0.0,1,5.06,12.25,SPY200221C00305000,305.0,normalDay
2019-12-05,5193.0,1540.0,0.0,100,312.02,289.0,0,0.0,0.0,,0.0,1,5.06,12.68,SPY200221C00305000,305.0,normalDay
2019-12-06,5193.0,1658.0,0.0,100,314.87,289.0,0,0.0,0.0,,0.0,1,5.06,14.35,SPY200221C00305000,305.0,normalDay
2019-12-09,5193.0,1612.0,0.0,100,313.88,289.0,0,0.0,0.0,,0.0,1,5.06,13.82,SPY200221C00305000,305.0,normalDay
2019-12-10,5193.0,1578.0,0.0,100,313.53,289.0,0,0.0,0.0,,0.0,1,5.06,13.81,SPY200221C00305000,305.0,normalDay
2019-12-11,5193.0,1625.0,0.0,100,314.42,289.0,0,0.0,0.0,,0.0,1,5.06,14.23,SPY200221C00305000,305.0,normalDay
2019-12-12,5193.0,1744.0,0.0,100,317.13,289.0,0,0.0,0.0,,0.0,1,5.06,15.75,SPY200221C00305000,305.0,normalDay
2019-12-13,5193.0,1786.0,0.0,100,317.32,289.0,0,0.0,0.0,,0.0,1,5.06,15.52,SPY200221C00305000,305.0,normalDay
2019-12-16,5193.0,1832.0,0.0,100,319.5,289.0,0,0.0,0.0,,0.0,1,5.06,17.24,SPY200221C00305000,305.0,normalDay
2019-12-17,5193.0,1857.0,0.0,100,319.57,289.0,0,0.0,0.0,,0.0,1,5.06,17.06,SPY200221C00305000,305.0,normalDay
2019-12-18,5193.0,1839.0,0.0,100,319.59,289.0,0,0.0,0.0,,0.0,1,5.06,17.26,SPY200221C00305000,305.0,normalDay
2019-12-19,5193.0,1866.0,0.0,100,320.9,289.0,0,0.0,0.0,,0.0,1,5.06,18.3,SPY200221C00305000,305.0,normalDay
2019-12-20,5193.0,1715.0,0.0,100,320.73,289.0,0,0.0,0.0,,0.0,1,5.06,19.64,SPY200221C00305000,305.0,normalDay
2019-12-23,5193.0,1764.0,0.0,100,321.22,289.0,0,0.0,0.0,,0.0,1,5.06,19.64,SPY200221C00305000,305.0,normalDay
2019-12-24,5193.0,1766.0,0.0,100,321.23,289.0,0,0.0,0.0,,0.0,1,5.06,19.63,SPY200221C00305000,305.0,normalDay
2019-12-26,5193.0,1803.0,0.0,100,322.94,289.0,0,0.0,0.0,,0.0,1,5.06,20.97,SPY200221C00305000,305.0,normalDay
2019-12-27,5193.0,1814.0,0.0,100,322.86,289.0,0,0.0,0.0,,0.0,1,5.06,20.78,SPY200221C00305000,305.0,normalDay
2019-12-30,5193.0,1751.0,0.0,100,321.08,289.0,0,0.0,0.0,,0.0,1,5.06,19.63,SPY200221C00305000,305.0,normalDay
2019-12-31,5193.0,1775.0,0.0,100,321.86,289.0,0,0.0,0.0,,0.0,1,5.06,20.17,SPY200221C00305000,305.0,normalDay
2020-01-02,5193.0,1876.0,0.0,100,324.87,289.0,0,0.0,0.0,,0.0,1,5.06,22.17,SPY200221C00305000,305.0,normalDay
2020-01-03,5193.0,1802.0,0.0,100,322.41,289.0,0,0.0,0.0,,0.0,1,5.06,20.45,SPY200221C00305000,305.0,normalDay
2020-01-06,5193.0,1849.0,0.0,100,323.64,289.0,0,0.0,0.0,,0.0,1,5.06,21.21,SPY200221C00305000,305.0,normalDay
2020-01-07,5193.0,1875.0,0.0,100,322.73,289.0,0,0.0,0.0,,0.0,1,5.06,20.04,SPY200221C00305000,305.0,normalDay
2020-01-08,5193.0,1863.0,0.0,100,324.45,289.0,0,0.0,0.0,,0.0,1,5.06,21.88,SPY200221C00305000,305.0,normalDay
2020-01-09,5193.0,1925.0,0.0,100,326.65,289.0,0,0.0,0.0,,0.0,1,5.06,23.46,SPY200221C00305000,305.0,normalDay
2020-01-10,5193.0,1936.0,0.0,100,325.71,289.0,0,0.0,0.0,,0.0,1,5.06,22.41,SPY200221C00305000,305.0,normalDay
2020-01-13,5193.0,1954.0,0.0,100,327.95,289.0,0,0.0,0.0,,0.0,1,5.06,24.47,SPY200221C00305000,305.0,normalDay
2020-01-14,5193.0,1934.0,0.0,100,327.45,289.0,0,0.0,0.0,,0.0,1,5.06,24.17,SPY200221C00305000,305.0,normalDay
2020-01-15,5193.0,1956.0,0.0,100,328.19,289.0,0,0.0,0.0,,0.0,1,5.06,24.69,SPY200221C00305000,305.0,normalDay
2020-01-16,5193.0,1996.0,0.0,100,330.92,289.0,0,0.0,0.0,,0.0,1,5.06,27.02,SPY200221C00305000,305.0,normalDay
2020-01-17,5193.0,2008.0,0.0,100,331.95,289.0,0,0.0,0.0,,0.0,1,5.06,27.93,SPY200221C00305000,305.0,normalDay
2020-01-21,5193.0,2001.0,0.0,100,331.3,289.0,0,0.0,0.0,,0.0,1,5.06,27.35,SPY200221C00305000,305.0,normalDay
2020-01-22,5193.0,2002.0,0.0,100,331.34,289.0,0,0.0,0.0,,0.0,1,5.06,27.38,SPY200221C00305000,305.0,normalDay
2020-01-23,5193.0,1997.0,0.0,100,331.72,289.0,0,0.0,0.0,,0.0,1,5.06,27.81,SPY200221C00305000,305.0,normalDay
2020-01-24,5193.0,1962.0,0.0,100,328.77,289.0,0,0.0,0.0,,0.0,1,5.06,25.21,SPY200221C00305000,305.0,normalDay
2020-01-27,5193.0,1939.0,0.0,100,323.5,289.0,0,0.0,0.0,,0.0,1,5.06,20.17,SPY200221C00305000,305.0,normalDay
2020-01-28,5193.0,1958.0,0.0,100,326.89,289.0,0,0.0,0.0,,0.0,1,5.06,23.37,SPY200221C00305000,305.0,normalDay
2020-01-29,5193.0,1975.0,0.0,100,326.62,289.0,0,0.0,0.0,,0.0,1,5.06,22.93,SPY200221C00305000,305.0,normalDay
2020-01-30,5193.0,1920.0,0.0,100,327.68,289.0,0,0.0,0.0,,0.0,1,5.06,24.54,SPY200221C00305000,305.0,normalDay
2020-01-31,5193.0,1897.0,0.0,100,321.73,289.0,0,0.0,0.0,,0.0,1,5.06,18.82,SPY200221C00305000,305.0,normalDay
2020-02-03,5193.0,2012.0,0.0,100,324.12,289.0,0,0.0,0.0,,0.0,1,5.06,20.06,SPY200221C00305000,305.0,normalDay
2020-02-04,5193.0,2026.0,0.0,100,329.06,289.0,0,0.0,0.0,,0.0,1,5.06,24.86,SPY200221C00305000,305.0,normalDay
2020-02-05,5193.0,2032.0,0.0,100,332.86,289.0,0,0.0,0.0,,0.0,1,5.06,28.6,SPY200221C00305000,305.0,normalDay
2020-02-06,5193.0,2073.0,0.0,100,333.98,289.0,0,0.0,0.0,,0.0,1,5.06,29.31,SPY200221C00305000,305.0,normalDay
2020-02-07,5193.0,2060.0,0.0,100,332.2,289.0,0,0.0,0.0,,0.0,1,5.06,27.66,SPY200221C00305000,305.0,normalDay
2020-02-10,5193.0,2048.0,0.0,100,334.68,289.0,0,0.0,0.0,,0.0,1,5.06,30.26,SPY200221C00305000,305.0,normalDay
2020-02-11,5193.0,2062.0,0.0,100,335.26,289.0,0,0.0,0.0,,0.0,1,5.06,30.7,SPY200221C00305000,305.0,normalDay
2020-02-12,5193.0,2079.0,0.0,100,337.42,289.0,0,0.0,0.0,,0.0,1,5.06,32.69,SPY200221C00305000,305.0,normalDay
2020-02-13,5193.0,2064.0,0.0,100,337.06,289.0,0,0.0,0.0,,0.0,1,5.06,32.48,SPY200221C00305000,305.0,normalDay
2020-02-14,5193.0,2072.0,0.0,100,337.6,289.0,0,0.0,0.0,,0.0,1,5.06,32.94,SPY200221C00305000,305.0,normalDay
2020-02-18,5193.0,2093.0,0.0,100,336.73,289.0,0,0.0,0.0,,0.0,1,5.06,31.86,SPY200221C00305000,305.0,normalDay
2020-02-19,5193.0,2071.0,0.0,100,338.34,289.0,0,0.0,0.0,,0.0,1,5.06,33.69,SPY200221C00305000,305.0,normalDay
2020-02-20,5193.0,2084.0,0.0,100,336.95,289.0,0,0.0,0.0,,0.0,1,5.06,32.17,SPY200221C00305000,305.0,normalDay
2020-02-21,7299.0,2084.0,2106.0,0,333.48,0.0,0,0.0,0.0,,0.0,1,5.06,0.0,SPY200221C00305000,305.0,expirationDay
2020-02-24,7299.0,-4.0,0.0,0,322.42,0.0,1,1.09,1.13,SPY200226P00313000,313.0,0,0.0,0.0,,0.0,normalDay
2020-02-25,7299.0,-137.0,0.0,0,312.65,0.0,1,1.09,2.46,SPY200226P00313000,313.0,0,0.0,0.0,,0.0,normalDay
2020-02-26,7408.0,-150.0,109.0,100,311.5,313.0,1,1.09,0.0,SPY200226P00313000,313.0,0,0.0,0.0,,0.0,expirationDay
2020-02-27,7408.0,-1624.0,0.0,100,297.51,313.0,0,0.0,0.0,,0.0,1,0.1,0.85,SPY200717C00351000,351.0,normalDay
2020-02-28,7408.0,-1734.0,0.0,100,296.26,313.0,0,0.0,0.0,,0.0,1,0.1,0.7,SPY200717C00351000,351.0,normalDay
2020-03-02,7408.0,-494.0,0.0,100,309.09,313.0,0,0.0,0.0,,0.0,1,0.1,1.13,SPY200717C00351000,351.0,normalDay
2020-03-03,7408.0,-1375.0,0.0,100,300.24,313.0,0,0.0,0.0,,0.0,1,0.1,1.09,SPY200717C00351000,351.0,normalDay
2020-03-04,7408.0,-143.0,0.0,100,312.86,313.0,0,0.0,0.0,,0.0,1,0.1,1.39,SPY200717C00351000,351.0,normalDay
2020-03-05,7408.0,-1170.0,0.0,100,302.46,313.0,0,0.0,0.0,,0.0,1,0.1,1.26,SPY200717C00351000,351.0,normalDay
2020-03-06,7408.0,-1689.0,0.0,100,297.46,313.0,0,0.0,0.0,,0.0,1,0.1,1.45,SPY200717C00351000,351.0,normalDay
2020-03-09,7408.0,-3970.0,0.0,100,274.23,313.0,0,0.0,0.0,,0.0,1,0.1,1.03,SPY200717C00351000,351.0,normalDay
2020-03-10,7408.0,-2550.0,0.0,100,288.42,313.0,0,0.0,0.0,,0.0,1,0.1,1.02,SPY200717C00351000,351.0,normalDay
2020-03-11,7408.0,-3913.0,0.0,100,274.36,313.0,0,0.0,0.0,,0.0,1,0.1,0.59,SPY200717C00351000,351.0,normalDay
2020-03-12,7408.0,-6547.0,0.0,100,248.11,313.0,0,0.0,0.0,,0.0,1,0.1,0.68,SPY200717C00351000,351.0,normalDay
2020-03-13,7408.0,-4413.0,0.0,100,269.32,313.0,0,0.0,0.0,,0.0,1,0.1,0.55,SPY200717C00351000,351.0,normalDay
2020-03-16,7408.0,-7339.0,0.0,100,239.85,313.0,0,0.0,0.0,,0.0,1,0.1,0.34,SPY200717C00351000,351.0,normalDay
2020-03-17,7408.0,-6063.0,0.0,100,252.8,313.0,0,0.0,0.0,,0.0,1,0.1,0.53,SPY200717C00351000,351.0,normalDay
2020-03-18,7408.0,-7343.0,0.0,100,240.0,313.0,0,0.0,0.0,,0.0,1,0.1,0.53,SPY200717C00351000,351.0,normalDay
2020-03-19,7408.0,-7284.0,0.0,100,240.51,313.0,0,0.0,0.0,,0.0,1,0.1,0.45,SPY200717C00351000,351.0,normalDay
2020-03-20,7408.0,-8435.0,0.0,100,228.8,313.0,0,0.0,0.0,,0.0,1,0.1,0.25,SPY200717C00351000,351.0,normalDay
2020-03-23,7408.0,-9021.0,0.0,100,222.95,313.0,0,0.0,0.0,,0.0,1,0.1,0.26,SPY200717C00351000,351.0,normalDay
2020-03-24,7408.0,-7007.0,0.0,100,243.15,313.0,0,0.0,0.0,,0.0,1,0.1,0.32,SPY200717C00351000,351.0,normalDay
2020-03-25,7408.0,-6646.0,0.0,100,246.79,313.0,0,0.0,0.0,,0.0,1,0.1,0.35,SPY200717C00351000,351.0,normalDay
2020-03-26,7408.0,-5207.0,0.0,100,261.2,313.0,0,0.0,0.0,,0.0,1,0.1,0.37,SPY200717C00351000,351.0,normalDay
2020-03-27,7408.0,-5970.0,0.0,100,253.42,313.0,0,0.0,0.0,,0.0,1,0.1,0.22,SPY200717C00351000,351.0,normalDay
2020-03-30,7408.0,-5150.0,0.0,100,261.65,313.0,0,0.0,0.0,,0.0,1,0.1,0.25,SPY200717C00351000,351.0,normalDay
2020-03-31,7408.0,-5528.0,0.0,100,257.75,313.0,0,0.0,0.0,,0.0,1,0.1,0.13,SPY200717C00351000,351.0,normalDay
2020-04-01,7408.0,-6687.0,0.0,100,246.15,313.0,0,0.0,0.0,,0.0,1,0.1,0.12,SPY200717C00351000,351.0,normalDay
2020-04-02,7408.0,-6121.0,0.0,100,251.83,313.0,0,0.0,0.0,,0.0,1,0.1,0.14,SPY200717C00351000,351.0,normalDay
2020-04-03,7408.0,-6483.0,0.0,100,248.19,313.0,0,0.0,0.0,,0.0,1,0.1,0.12,SPY200717C00351000,351.0,normalDay
2020-04-06,7408.0,-4825.0,0.0,100,264.86,313.0,0,0.0,0.0,,0.0,1,0.1,0.21,SPY200717C00351000,351.0,normalDay
2020-04-07,7408.0,-4797.0,0.0,100,265.13,313.0,0,0.0,0.0,,0.0,1,0.1,0.2,SPY200717C00351000,351.0,normalDay
2020-04-08,7408.0,-3916.0,0.0,100,274.03,313.0,0,0.0,0.0,,0.0,1,0.1,0.29,SPY200717C00351000,351.0,normalDay
2020-04-09,7408.0,-3505.0,0.0,100,278.2,313.0,0,0.0,0.0,,0.0,1,0.1,0.35,SPY200717C00351000,351.0,normalDay
2020-04-13,7408.0,-3752.0,0.0,100,275.66,313.0,0,0.0,0.0,,0.0,1,0.1,0.28,SPY200717C00351000,351.0,normalDay
2020-04-14,7408.0,-2948.0,0.0,100,283.79,313.0,0,0.0,0.0,,0.0,1,0.1,0.37,SPY200717C00351000,351.0,normalDay
2020-04-15,7408.0,-3541.0,0.0,100,277.76,313.0,0,0.0,0.0,,0.0,1,0.1,0.27,SPY200717C00351000,351.0,normalDay
2020-04-16,7408.0,-3407.0,0.0,100,279.1,313.0,0,0.0,0.0,,0.0,1,0.1,0.27,SPY200717C00351000,351.0,normalDay
2020-04-17,7408.0,-2664.0,0.0,100,286.64,313.0,0,0.0,0.0,,0.0,1,0.1,0.38,SPY200717C00351000,351.0,normalDay
2020-04-20,7408.0,-3162.0,0.0,100,281.59,313.0,0,0.0,0.0,,0.0,1,0.1,0.31,SPY200717C00351000,351.0,normalDay
2020-04-21,7408.0,-4008.0,0.0,100,273.04,313.0,0,0.0,0.0,,0.0,1,0.1,0.22,SPY200717C00351000,351.0,normalDay
2020-04-22,7408.0,-3402.0,0.0,100,279.1,313.0,0,0.0,0.0,,0.0,1,0.1,0.22,SPY200717C00351000,351.0,normalDay
2020-04-23,7408.0,-3404.0,0.0,100,279.08,313.0,0,0.0,0.0,,0.0,1,0.1,0.22,SPY200717C00351000,351.0,normalDay
2020-04-24,7408.0,-3018.0,0.0,100,282.97,313.0,0,0.0,0.0,,0.0,1,0.1,0.25,SPY200717C00351000,351.0,normalDay
2020-04-27,7408.0,-2610.0,0.0,100,287.05,313.0,0,0.0,0.0,,0.0,1,0.1,0.25,SPY200717C00351000,351.0,normalDay
2020-04-28,7408.0,-2736.0,0.0,100,285.73,313.0,0,0.0,0.0,,0.0,1,0.1,0.19,SPY200717C00351000,351.0,normalDay
2020-04-29,7408.0,-1995.0,0.0,100,293.21,313.0,0,0.0,0.0,,0.0,1,0.1,0.26,SPY200717C00351000,351.0,normalDay
2020-04-30,7408.0,-2264.0,0.0,100,290.48,313.0,0,0.0,0.0,,0.0,1,0.1,0.22,SPY200717C00351000,351.0,normalDay
2020-05-01,7408.0,-3026.0,0.0,100,282.79,313.0,0,0.0,0.0,,0.0,1,0.1,0.15,SPY200717C00351000,351.0,normalDay
2020-05-04,7408.0,-2948.0,0.0,100,283.57,313.0,0,0.0,0.0,,0.0,1,0.1,0.15,SPY200717C00351000,351.0,normalDay
2020-05-05,7408.0,-2685.0,0.0,100,286.19,313.0,0,0.0,0.0,,0.0,1,0.1,0.14,SPY200717C00351000,351.0,normalDay
2020-05-06,7408.0,-2877.0,0.0,100,284.25,313.0,0,0.0,0.0,,0.0,1,0.1,0.12,SPY200717C00351000,351.0,normalDay
2020-05-07,7408.0,-2536.0,0.0,100,287.68,313.0,0,0.0,0.0,,0.0,1,0.1,0.14,SPY200717C00351000,351.0,normalDay
2020-05-08,7408.0,-2061.0,0.0,100,292.44,313.0,0,0.0,0.0,,0.0,1,0.1,0.15,SPY200717C00351000,351.0,normalDay
2020-05-11,7408.0,-2052.0,0.0,100,292.5,313.0,0,0.0,0.0,,0.0,1,0.1,0.12,SPY200717C00351000,351.0,normalDay
2020-05-12,7408.0,-2632.0,0.0,100,286.67,313.0,0,0.0,0.0,,0.0,1,0.1,0.09,SPY200717C00351000,351.0,normalDay
2020-05-13,7408.0,-3137.0,0.0,100,281.6,313.0,0,0.0,0.0,,0.0,1,0.1,0.07,SPY200717C00351000,351.0,normalDay
2020-05-14,7408.0,-2800.0,0.0,100,284.97,313.0,0,0.0,0.0,,0.0,1,0.1,0.07,SPY200717C00351000,351.0,normalDay
2020-05-15,7408.0,-2669.0,0.0,100,286.28,313.0,0,0.0,0.0,,0.0,1,0.1,0.07,SPY200717C00351000,351.0,normalDay
2020-05-18,7408.0,-1803.0,0.0,100,295.0,313.0,0,0.0,0.0,,0.0,1,0.1,0.13,SPY200717C00351000,351.0,normalDay
2020-05-19,7408.0,-2103.0,0.0,100,291.97,313.0,0,0.0,0.0,,0.0,1,0.1,0.1,SPY200717C00351000,351.0,normalDay
2020-05-20,7408.0,-1610.0,0.0,100,296.93,313.0,0,0.0,0.0,,0.0,1,0.1,0.13,SPY200717C00351000,351.0,normalDay
2020-05-21,7408.0,-1814.0,0.0,100,294.88,313.0,0,0.0,0.0,,0.0,1,0.1,0.12,SPY200717C00351000,351.0,normalDay
2020-05-22,7408.0,-1758.0,0.0,100,295.44,313.0,0,0.0,0.0,,0.0,1,0.1,0.12,SPY200717C00351000,351.0,normalDay
2020-05-26,7408.0,-1394.0,0.0,100,299.08,313.0,0,0.0,0.0,,0.0,1,0.1,0.12,SPY200717C00351000,351.0,normalDay
2020-05-27,7408.0,-949.0,0.0,100,303.53,313.0,0,0.0,0.0,,0.0,1,0.1,0.12,SPY200717C00351000,351.0,normalDay
2020-05-28,7408.0,-1007.0,0.0,100,302.97,313.0,0,0.0,0.0,,0.0,1,0.1,0.14,SPY200717C00351000,351.0,normalDay
2020-05-29,7408.0,-873.0,0.0,100,304.32,313.0,0,0.0,0.0,,0.0,1,0.1,0.15,SPY200717C00351000,351.0,normalDay
2020-06-01,7408.0,-748.0,0.0,100,305.55,313.0,0,0.0,0.0,,0.0,1,0.1,0.13,SPY200717C00351000,351.0,normalDay
2020-06-02,7408.0,-496.0,0.0,100,308.08,313.0,0,0.0,0.0,,0.0,1,0.1,0.14,SPY200717C00351000,351.0,normalDay
2020-06-03,7408.0,-94.0,0.0,100,312.18,313.0,0,0.0,0.0,,0.0,1,0.1,0.22,SPY200717C00351000,351.0,normalDay
2020-06-04,7408.0,-172.0,0.0,100,311.36,313.0,0,0.0,0.0,,0.0,1,0.1,0.18,SPY200717C00351000,351.0,normalDay
2020-06-05,7408.0,603.0,0.0,100,319.34,313.0,0,0.0,0.0,,0.0,1,0.1,0.41,SPY200717C00351000,351.0,normalDay
2020-06-08,7408.0,968.0,0.0,100,323.2,313.0,0,0.0,0.0,,0.0,1,0.1,0.62,SPY200717C00351000,351.0,normalDay
2020-06-09,7408.0,730.0,0.0,100,320.79,313.0,0,0.0,0.0,,0.0,1,0.1,0.59,SPY200717C00351000,351.0,normalDay
2020-06-10,7408.0,570.0,0.0,100,319.0,313.0,0,0.0,0.0,,0.0,1,0.1,0.4,SPY200717C00351000,351.0,normalDay
2020-06-11,7408.0,-1249.0,0.0,100,300.61,313.0,0,0.0,0.0,,0.0,1,0.1,0.2,SPY200717C00351000,351.0,normalDay
2020-06-12,7408.0,-887.0,0.0,100,304.21,313.0,0,0.0,0.0,,0.0,1,0.1,0.18,SPY200717C00351000,351.0,normalDay
2020-06-15,7408.0,-607.0,0.0,100,307.05,313.0,0,0.0,0.0,,0.0,1,0.1,0.22,SPY200717C00351000,351.0,normalDay
2020-06-16,7408.0,-27.0,0.0,100,312.96,313.0,0,0.0,0.0,,0.0,1,0.1,0.33,SPY200717C00351000,351.0,normalDay
2020-06-17,7408.0,-150.0,0.0,100,311.66,313.0,0,0.0,0.0,,0.0,1,0.1,0.26,SPY200717C00351000,351.0,normalDay
2020-06-18,7408.0,-133.0,0.0,100,311.78,313.0,0,0.0,0.0,,0.0,1,0.1,0.21,SPY200717C00351000,351.0,normalDay
2020-06-19,7408.0,-439.0,0.0,100,308.64,313.0,0,0.0,0.0,,0.0,1,0.1,0.13,SPY200717C00351000,351.0,normalDay
2020-06-22,7408.0,-239.0,0.0,100,310.62,313.0,0,0.0,0.0,,0.0,1,0.1,0.11,SPY200717C00351000,351.0,normalDay
2020-06-23,7408.0,-97.0,0.0,100,312.05,313.0,0,0.0,0.0,,0.0,1,0.1,0.12,SPY200717C00351000,351.0,normalDay
2020-06-24,7408.0,-888.0,0.0,100,304.09,313.0,0,0.0,0.0,,0.0,1,0.1,0.07,SPY200717C00351000,351.0,normalDay
2020-06-25,7408.0,-562.0,0.0,100,307.35,313.0,0,0.0,0.0,,0.0,1,0.1,0.07,SPY200717C00351000,351.0,normalDay
2020-06-26,7408.0,-1289.0,0.0,100,300.05,313.0,0,0.0,0.0,,0.0,1,0.1,0.04,SPY200717C00351000,351.0,normalDay
2020-06-29,7408.0,-848.0,0.0,100,304.46,313.0,0,0.0,0.0,,0.0,1,0.1,0.04,SPY200717C00351000,351.0,normalDay
2020-06-30,7408.0,-459.0,0.0,100,308.36,313.0,0,0.0,0.0,,0.0,1,0.1,0.05,SPY200717C00351000,351.0,normalDay
2020-07-01,7408.0,-242.0,0.0,100,310.52,313.0,0,0.0,0.0,,0.0,1,0.1,0.04,SPY200717C00351000,351.0,normalDay
2020-07-02,7408.0,-70.0,0.0,100,312.23,313.0,0,0.0,0.0,,0.0,1,0.1,0.03,SPY200717C00351000,351.0,normalDay
2020-07-06,7408.0,412.0,0.0,100,317.05,313.0,0,0.0,0.0,,0.0,1,0.1,0.03,SPY200717C00351000,351.0,normalDay
2020-07-07,7408.0,86.0,0.0,100,313.78,313.0,0,0.0,0.0,,0.0,1,0.1,0.02,SPY200717C00351000,351.0,normalDay
2020-07-08,7408.0,327.0,0.0,100,316.18,313.0,0,0.0,0.0,,0.0,1,0.1,0.01,SPY200717C00351000,351.0,normalDay
2020-07-09,7408.0,147.0,0.0,100,314.38,313.0,0,0.0,0.0,,0.0,1,0.1,0.01,SPY200717C00351000,351.0,normalDay
2020-07-10,7408.0,468.0,0.0,100,317.59,313.0,0,0.0,0.0,,0.0,1,0.1,0.01,SPY200717C00351000,351.0,normalDay
2020-07-13,7408.0,193.0,0.0,100,314.84,313.0,0,0.0,0.0,,0.0,1,0.1,0.01,SPY200717C00351000,351.0,normalDay
2020-07-14,7408.0,601.0,0.0,100,318.92,313.0,0,0.0,0.0,,0.0,1,0.1,0.01,SPY200717C00351000,351.0,normalDay
2020-07-15,7408.0,894.0,0.0,100,321.85,313.0,0,0.0,0.0,,0.0,1,0.1,0.01,SPY200717C00351000,351.0,normalDay
2020-07-16,7408.0,788.0,0.0,100,320.79,313.0,0,0.0,0.0,,0.0,1,0.1,0.01,SPY200717C00351000,351.0,normalDay
2020-07-17,7418.0,872.0,10.0,100,321.72,313.0,0,0.0,0.0,,0.0,1,0.1,0.0,SPY200717C00351000,351.0,expirationDay
2020-07-20,7418.0,1120.0,0.0,100,324.32,313.0,0,0.0,0.0,,0.0,1,15.78,15.9,SPY201120C00327000,327.0,normalDay
2020-07-21,7418.0,1144.0,0.0,100,325.01,313.0,0,0.0,0.0,,0.0,1,15.78,16.35,SPY201120C00327000,327.0,normalDay
2020-07-22,7418.0,1270.0,0.0,100,326.86,313.0,0,0.0,0.0,,0.0,1,15.78,16.94,SPY201120C00327000,327.0,normalDay
2020-07-23,7418.0,1092.0,0.0,100,322.96,313.0,0,0.0,0.0,,0.0,1,15.78,14.82,SPY201120C00327000,327.0,normalDay
2020-07-24,7418.0,963.0,0.0,100,320.88,313.0,0,0.0,0.0,,0.0,1,15.78,14.03,SPY201120C00327000,327.0,normalDay
2020-07-27,7418.0,1118.0,0.0,100,323.22,313.0,0,0.0,0.0,,0.0,1,15.78,14.82,SPY201120C00327000,327.0,normalDay
2020-07-28,7418.0,1015.0,0.0,100,321.17,313.0,0,0.0,0.0,,0.0,1,15.78,13.8,SPY201120C00327000,327.0,normalDay
2020-07-29,7418.0,1226.0,0.0,100,325.12,313.0,0,0.0,0.0,,0.0,1,15.78,15.64,SPY201120C00327000,327.0,normalDay
2020-07-30,7418.0,1121.0,0.0,100,323.96,313.0,0,0.0,0.0,,0.0,1,15.78,15.53,SPY201120C00327000,327.0,normalDay
2020-07-31,7418.0,1251.0,0.0,100,326.52,313.0,0,0.0,0.0,,0.0,1,15.78,16.79,SPY201120C00327000,327.0,normalDay
2020-08-03,7418.0,1378.0,0.0,100,328.79,313.0,0,0.0,0.0,,0.0,1,15.78,17.79,SPY201120C00327000,327.0,normalDay
2020-08-04,7418.0,1471.0,0.0,100,330.06,313.0,0,0.0,0.0,,0.0,1,15.78,18.13,SPY201120C00327000,327.0,normalDay
2020-08-05,7418.0,1577.0,0.0,100,332.11,313.0,0,0.0,0.0,,0.0,1,15.78,19.12,SPY201120C00327000,327.0,normalDay
2020-08-06,7418.0,1656.0,0.0,100,334.33,313.0,0,0.0,0.0,,0.0,1,15.78,20.55,SPY201120C00327000,327.0,normalDay
2020-08-07,7418.0,1677.0,0.0,100,334.57,313.0,0,0.0,0.0,,0.0,1,15.78,20.58,SPY201120C00327000,327.0,normalDay
2020-08-10,7418.0,1750.0,0.0,100,335.57,313.0,0,0.0,0.0,,0.0,1,15.78,20.85,SPY201120C00327000,327.0,normalDay
2020-08-11,7418.0,1592.0,0.0,100,332.8,313.0,0,0.0,0.0,,0.0,1,15.78,19.66,SPY201120C00327000,327.0,normalDay
2020-08-12,7418.0,1815.0,0.0,100,337.44,313.0,0,0.0,0.0,,0.0,1,15.78,22.07,SPY201120C00327000,327.0,normalDay
2020-08-13,7418.0,1806.0,0.0,100,336.83,313.0,0,0.0,0.0,,0.0,1,15.78,21.55,SPY201120C00327000,327.0,normalDay
2020-08-14,7418.0,1813.0,0.0,100,336.84,313.0,0,0.0,0.0,,0.0,1,15.78,21.49,SPY201120C00327000,327.0,normalDay
2020-08-17,7418.0,1902.0,0.0,100,337.91,313.0,0,0.0,0.0,,0.0,1,15.78,21.67,SPY201120C00327000,327.0,normalDay
2020-08-18,7418.0,1939.0,0.0,100,338.64,313.0,0,0.0,0.0,,0.0,1,15.78,22.03,SPY201120C00327000,327.0,normalDay
2020-08-19,7418.0,1879.0,0.0,100,337.23,313.0,0,0.0,0.0,,0.0,1,15.78,21.22,SPY201120C00327000,327.0,normalDay
2020-08-20,7418.0,1939.0,0.0,100,338.28,313.0,0,0.0,0.0,,0.0,1,15.78,21.67,SPY201120C00327000,327.0,normalDay
2020-08-21,7418.0,1972.0,0.0,100,339.48,313.0,0,0.0,0.0,,0.0,1,15.78,22.54,SPY201120C00327000,327.0,normalDay
2020-08-24,7418.0,2091.0,0.0,100,342.92,313.0,0,0.0,0.0,,0.0,1,15.78,24.79,SPY201120C00327000,327.0,normalDay
2020-08-25,7418.0,2113.0,0.0,100,344.12,313.0,0,0.0,0.0,,0.0,1,15.78,25.77,SPY201120C00327000,327.0,normalDay
2020-08-26,7418.0,2155.0,0.0,100,347.57,313.0,0,0.0,0.0,,0.0,1,15.78,28.8,SPY201120C00327000,327.0,normalDay
2020-08-27,7418.0,2125.0,0.0,100,348.33,313.0,0,0.0,0.0,,0.0,1,15.78,29.86,SPY201120C00327000,327.0,normalDay
2020-08-28,7418.0,2231.0,0.0,100,350.58,313.0,0,0.0,0.0,,0.0,1,15.78,31.05,SPY201120C00327000,327.0,normalDay
2020-08-31,7418.0,2073.0,0.0,100,349.31,313.0,0,0.0,0.0,,0.0,1,15.78,31.36,SPY201120C00327000,327.0,normalDay
2020-09-01,7418.0,2173.0,0.0,100,352.6,313.0,0,0.0,0.0,,0.0,1,15.78,33.65,SPY201120C00327000,327.0,normalDay
2020-09-02,7418.0,2215.0,0.0,100,357.7,313.0,0,0.0,0.0,,0.0,1,15.78,38.33,SPY201120C00327000,327.0,normalDay
2020-09-03,7418.0,1743.0,0.0,100,345.39,313.0,0,0.0,0.0,,0.0,1,15.78,30.74,SPY201120C00327000,327.0,normalDay
2020-09-04,7418.0,1856.0,0.0,100,342.57,313.0,0,0.0,0.0,,0.0,1,15.78,26.79,SPY201120C00327000,327.0,normalDay
2020-09-08,7418.0,1603.0,0.0,100,333.21,313.0,0,0.0,0.0,,0.0,1,15.78,19.96,SPY201120C00327000,327.0,normalDay
2020-09-09,7418.0,1928.0,0.0,100,339.79,313.0,0,0.0,0.0,,0.0,1,15.78,23.29,SPY201120C00327000,327.0,normalDay
2020-09-10,7418.0,1700.0,0.0,100,333.89,313.0,0,0.0,0.0,,0.0,1,15.78,19.67,SPY201120C00327000,327.0,normalDay
2020-09-11,7418.0,1852.0,0.0,100,334.06,313.0,0,0.0,0.0,,0.0,1,15.78,18.32,SPY201120C00327000,327.0,normalDay
2020-09-14,7418.0,2000.0,0.0,100,338.46,313.0,0,0.0,0.0,,0.0,1,15.78,21.24,SPY201120C00327000,327.0,normalDay
2020-09-15,7418.0,2055.0,0.0,100,340.17,313.0,0,0.0,0.0,,0.0,1,15.78,22.4,SPY201120C00327000,327.0,normalDay
2020-09-16,7418.0,2052.0,0.0,100,338.82,313.0,0,0.0,0.0,,0.0,1,15.78,21.08,SPY201120C00327000,327.0,normalDay
2020-09-17,7418.0,1944.0,0.0,100,335.84,313.0,0,0.0,0.0,,0.0,1,15.78,19.18,SPY201120C00327000,327.0,normalDay
2020-09-18,7418.0,1720.0,0.0,100,330.65,313.0,0,0.0,0.0,,0.0,1,15.78,16.23,SPY201120C00327000,327.0,normalDay
2020-09-21,7418.0,1525.0,0.0,100,326.97,313.0,0,0.0,0.0,,0.0,1,15.78,14.5,SPY201120C00327000,327.0,normalDay
2020-09-22,7418.0,1706.0,0.0,100,330.3,313.0,0,0.0,0.0,,0.0,1,15.78,16.02,SPY201120C00327000,327.0,normalDay
2020-09-23,7418.0,1318.0,0.0,100,322.64,313.0,0,0.0,0.0,,0.0,1,15.78,12.24,SPY201120C00327000,327.0,normalDay
2020-09-24,7418.0,1384.0,0.0,100,323.5,313.0,0,0.0,0.0,,0.0,1,15.78,12.44,SPY201120C00327000,327.0,normalDay
2020-09-25,7418.0,1678.0,0.0,100,328.73,313.0,0,0.0,0.0,,0.0,1,15.78,14.73,SPY201120C00327000,327.0,normalDay
2020-09-28,7418.0,1886.0,0.0,100,334.19,313.0,0,0.0,0.0,,0.0,1,15.78,18.11,SPY201120C00327000,327.0,normalDay
2020-09-29,7418.0,1794.0,0.0,100,332.37,313.0,0,0.0,0.0,,0.0,1,15.78,17.21,SPY201120C00327000,327.0,normalDay
2020-09-30,7418.0,2012.0,0.0,100,334.89,313.0,0,0.0,0.0,,0.0,1,15.78,17.55,SPY201120C00327000,327.0,normalDay
2020-10-01,7418.0,2000.0,0.0,100,337.04,313.0,0,0.0,0.0,,0.0,1,15.78,19.82,SPY201120C00327000,327.0,normalDay
2020-10-02,7418.0,1883.0,0.0,100,333.84,313.0,0,0.0,0.0,,0.0,1,15.78,17.79,SPY201120C00327000,327.0,normalDay
2020-10-05,7418.0,2155.0,0.0,100,339.76,313.0,0,0.0,0.0,,0.0,1,15.78,20.99,SPY201120C00327000,327.0,normalDay
2020-10-06,7418.0,1968.0,0.0,100,334.93,313.0,0,0.0,0.0,,0.0,1,15.78,18.03,SPY201120C00327000,327.0,normalDay
2020-10-07,7418.0,2234.0,0.0,100,340.76,313.0,0,0.0,0.0,,0.0,1,15.78,21.2,SPY201120C00327000,327.0,normalDay
2020-10-08,7418.0,2376.0,0.0,100,343.78,313.0,0,0.0,0.0,,0.0,1,15.78,22.8,SPY201120C00327000,327.0,normalDay
2020-10-09,7418.0,2478.0,0.0,100,346.85,313.0,0,0.0,0.0,,0.0,1,15.78,24.85,SPY201120C00327000,327.0,normalDay
2020-10-12,7418.0,2585.0,0.0,100,352.43,313.0,0,0.0,0.0,,0.0,1,15.78,29.36,SPY201120C00327000,327.0,normalDay
2020-10-13,7418.0,2541.0,0.0,100,350.13,313.0,0,0.0,0.0,,0.0,1,15.78,27.5,SPY201120C00327000,327.0,normalDay
2020-10-14,7418.0,2516.0,0.0,100,347.93,313.0,0,0.0,0.0,,0.0,1,15.78,25.55,SPY201120C00327000,327.0,normalDay
2020-10-15,7418.0,2502.0,0.0,100,347.5,313.0,0,0.0,0.0,,0.0,1,15.78,25.26,SPY201120C00327000,327.0,normalDay
2020-10-16,7418.0,2555.0,0.0,100,347.29,313.0,0,0.0,0.0,,0.0,1,15.78,24.52,SPY201120C00327000,327.0,normalDay
2020-10-19,7418.0,2362.0,0.0,100,342.01,313.0,0,0.0,0.0,,0.0,1,15.78,21.17,SPY201120C00327000,327.0,normalDay
2020-10-20,7418.0,2454.0,0.0,100,343.38,313.0,0,0.0,0.0,,0.0,1,15.78,21.62,SPY201120C00327000,327.0,normalDay
2020-10-21,7418.0,2410.0,0.0,100,342.73,313.0,0,0.0,0.0,,0.0,1,15.78,21.41,SPY201120C00327000,327.0,normalDay
2020-10-22,7418.0,2524.0,0.0,100,344.61,313.0,0,0.0,0.0,,0.0,1,15.78,22.15,SPY201120C00327000,327.0,normalDay
2020-10-23,7418.0,2601.0,0.0,100,345.78,313.0,0,0.0,0.0,,0.0,1,15.78,22.55,SPY201120C00327000,327.0,normalDay
2020-10-26,7418.0,2321.0,0.0,100,339.39,313.0,0,0.0,0.0,,0.0,1,15.78,18.96,SPY201120C00327000,327.0,normalDay
2020-10-27,7418.0,2295.0,0.0,100,338.22,313.0,0,0.0,0.0,,0.0,1,15.78,18.05,SPY201120C00327000,327.0,normalDay
2020-10-28,7418.0,1740.0,0.0,100,326.66,313.0,0,0.0,0.0,,0.0,1,15.78,12.04,SPY201120C00327000,327.0,normalDay
2020-10-29,7418.0,1940.0,0.0,100,329.98,313.0,0,0.0,0.0,,0.0,1,15.78,13.36,SPY201120C00327000,327.0,normalDay
2020-10-30,7418.0,1805.0,0.0,100,326.54,313.0,0,0.0,0.0,,0.0,1,15.78,11.27,SPY201120C00327000,327.0,normalDay
2020-11-02,7418.0,2061.0,0.0,100,330.2,313.0,0,0.0,0.0,,0.0,1,15.78,12.37,SPY201120C00327000,327.0,normalDay
2020-11-03,7418.0,2385.0,0.0,100,336.03,313.0,0,0.0,0.0,,0.0,1,15.78,14.96,SPY201120C00327000,327.0,normalDay
2020-11-04,7418.0,2647.0,0.0,100,343.54,313.0,0,0.0,0.0,,0.0,1,15.78,19.85,SPY201120C00327000,327.0,normalDay
2020-11-05,7418.0,2775.0,0.0,100,350.24,313.0,0,0.0,0.0,,0.0,1,15.78,25.27,SPY201120C00327000,327.0,normalDay
2020-11-06,7418.0,2849.0,0.0,100,350.16,313.0,0,0.0,0.0,,0.0,1,15.78,24.45,SPY201120C00327000,327.0,normalDay
2020-11-09,7418.0,2796.0,0.0,100,354.56,313.0,0,0.0,0.0,,0.0,1,15.78,29.38,SPY201120C00327000,327.0,normalDay
2020-11-10,7418.0,2851.0,0.0,100,354.04,313.0,0,0.0,0.0,,0.0,1,15.78,28.31,SPY201120C00327000,327.0,normalDay
2020-11-11,7418.0,2861.0,0.0,100,356.67,313.0,0,0.0,0.0,,0.0,1,15.78,30.84,SPY201120C00327000,327.0,normalDay
2020-11-12,7418.0,2872.0,0.0,100,353.21,313.0,0,0.0,0.0,,0.0,1,15.78,27.27,SPY201120C00327000,327.0,normalDay
2020-11-13,7418.0,2944.0,0.0,100,358.1,313.0,0,0.0,0.0,,0.0,1,15.78,31.44,SPY201120C00327000,327.0,normalDay
2020-11-16,7418.0,2980.0,0.0,100,362.57,313.0,0,0.0,0.0,,0.0,1,15.78,35.55,SPY201120C00327000,327.0,normalDay
2020-11-17,7418.0,2943.0,0.0,100,360.62,313.0,0,0.0,0.0,,0.0,1,15.78,33.97,SPY201120C00327000,327.0,normalDay
2020-11-18,7418.0,2929.0,0.0,100,356.28,313.0,0,0.0,0.0,,0.0,1,15.78,29.77,SPY201120C00327000,327.0,normalDay
2020-11-19,7418.0,2955.0,0.0,100,357.78,313.0,0,0.0,0.0,,0.0,1,15.78,31.01,SPY201120C00327000,327.0,normalDay
2020-11-20,10396.0,2955.0,2978.0,0,355.33,0.0,0,0.0,0.0,,0.0,1,15.78,0.0,SPY201120C00327000,327.0,expirationDay
2020-11-23,10396.0,0.0,0.0,0,357.46,0.0,0,0.0,0.0,,0.0,0,0.0,0.0,,0.0,bidTooLow
2020-11-24,10396.0,0.0,0.0,0,363.22,0.0,0,0.0,0.0,,0.0,0,0.0,0.0,,0.0,bidTooLow
2020-11-25,10396.0,0.0,0.0,0,362.66,0.0,0,0.0,0.0,,0.0,0,0.0,0.0,,0.0,bidTooLow
2020-11-27,10396.0,0.0,0.0,0,363.67,0.0,0,0.0,0.0,,0.0,0,0.0,0.0,,0.0,bidTooLow
2020-11-30,10396.0,0.0,0.0,0,362.06,0.0,0,0.0,0.0,,0.0,0,0.0,0.0,,0.0,bidTooLow
2020-12-01,10396.0,0.0,0.0,0,366.02,0.0,0,0.0,0.0,,0.0,0,0.0,0.0,,0.0,bidTooLow
2020-12-02,10396.0,0.0,0.0,0,366.79,0.0,0,0.0,0.0,,0.0,0,0.0,0.0,,0.0,bidTooLow
2020-12-03,10396.0,0.0,0.0,0,366.69,0.0,0,0.0,0.0,,0.0,0,0.0,0.0,,0.0,bidTooLow
2020-12-04,10396.0,0.0,0.0,0,369.85,0.0,0,0.0,0.0,,0.0,0,0.0,0.0,,0.0,bidTooLow
2020-12-07,10396.0,0.0,0.0,0,369.09,0.0,0,0.0,0.0,,0.0,0,0.0,0.0,,0.0,bidTooLow
2020-12-08,10396.0,-3.0,0.0,0,370.17,0.0,1,0.01,0.04,SPY201211P00344000,344.0,0,0.0,0.0,,0.0,normalDay
2020-12-09,10396.0,-5.0,0.0,0,366.85,0.0,1,0.01,0.06,SPY201211P00344000,344.0,0,0.0,0.0,,0.0,normalDay
2020-12-10,10396.0,-1.0,0.0,0,366.73,0.0,1,0.01,0.02,SPY201211P00344000,344.0,0,0.0,0.0,,0.0,normalDay
2020-12-11,10397.0,0.0,1.0,0,366.3,0.0,1,0.01,0.0,SPY201211P00344000,344.0,0,0.0,0.0,,0.0,expirationDay
2020-12-14,10397.0,-4.0,0.0,0,364.66,0.0,1,0.24,0.28,SPY201216P00349000,349.0,0,0.0,0.0,,0.0,normalDay
2020-12-15,10397.0,17.0,0.0,0,369.59,0.0,1,0.24,0.07,SPY201216P00349000,349.0,0,0.0,0.0,,0.0,normalDay
2020-12-16,10421.0,0.0,24.0,0,370.17,0.0,1,0.24,0.0,SPY201216P00349000,349.0,0,0.0,0.0,,0.0,expirationDay
2020-12-17,10421.0,-3.0,0.0,0,372.24,0.0,1,0.05,0.08,SPY201218P00350000,350.0,0,0.0,0.0,,0.0,normalDay
2020-12-18,10426.0,0.0,5.0,0,369.18,0.0,1,0.05,0.0,SPY201218P00350000,350.0,0,0.0,0.0,,0.0,expirationDay
2020-12-21,10426.0,-3.0,0.0,0,367.86,0.0,1,0.28,0.31,SPY201224P00355000,355.0,0,0.0,0.0,,0.0,normalDay
2020-12-22,10426.0,18.0,0.0,0,367.24,0.0,1,0.28,0.1,SPY201224P00355000,355.0,0,0.0,0.0,,0.0,normalDay
2020-12-23,10426.0,25.0,0.0,0,367.57,0.0,1,0.28,0.03,SPY201224P00355000,355.0,0,0.0,0.0,,0.0,normalDay
2020-12-24,10454.0,0.0,28.0,0,369.0,0.0,1,0.28,0.0,SPY201224P00355000,355.0,0,0.0,0.0,,0.0,expirationDay
2020-12-28,10454.0,-3.0,0.0,0,372.17,0.0,1,0.12,0.15,SPY201231P00360000,360.0,0,0.0,0.0,,0.0,normalDay
2020-12-29,10454.0,-2.0,0.0,0,371.46,0.0,1,0.12,0.14,SPY201231P00360000,360.0,0,0.0,0.0,,0.0,normalDay
2020-12-30,10454.0,5.0,0.0,0,371.99,0.0,1,0.12,0.07,SPY201231P00360000,360.0,0,0.0,0.0,,0.0,normalDay
2020-12-31,10466.0,0.0,12.0,0,373.88,0.0,1,0.12,0.0,SPY201231P00360000,360.0,0,0.0,0.0,,0.0,expirationDay
2021-01-04,10466.0,-3.0,0.0,0,368.79,0.0,1,1.02,1.05,SPY210106P00362000,362.0,0,0.0,0.0,,0.0,normalDay
2021-01-05,10466.0,71.0,0.0,0,371.33,0.0,1,1.02,0.31,SPY210106P00362000,362.0,0,0.0,0.0,,0.0,normalDay
2021-01-06,10568.0,0.0,102.0,0,373.55,0.0,1,1.02,0.0,SPY210106P00362000,362.0,0,0.0,0.0,,0.0,expirationDay
2021-01-07,10568.0,0.0,0.0,0,379.1,0.0,0,0.0,0.0,,0.0,0,0.0,0.0,,0.0,bidTooLow
2021-01-08,10568.0,0.0,0.0,0,381.26,0.0,0,0.0,0.0,,0.0,0,0.0,0.0,,0.0,bidTooLow
2021-01-11,10568.0,-3.0,0.0,0,378.69,0.0,1,0.04,0.07,SPY210113P00357000,357.0,0,0.0,0.0,,0.0,normalDay
2021-01-12,10568.0,1.0,0.0,0,378.77,0.0,1,0.04,0.03,SPY210113P00357000,357.0,0,0.0,0.0,,0.0,normalDay
2021-01-13,10572.0,0.0,4.0,0,379.79,0.0,1,0.04,0.0,SPY210113P00357000,357.0,0,0.0,0.0,,0.0,expirationDay
2021-01-14,10572.0,-3.0,0.0,0,378.46,0.0,1,0.03,0.06,SPY210115P00358000,358.0,0,0.0,0.0,,0.0,normalDay
2021-01-15,10575.0,0.0,3.0,0,375.7,0.0,1,0.03,0.0,SPY210115P00358000,358.0,0,0.0,0.0,,0.0,expirationDay
2021-01-19,10575.0,-3.0,0.0,0,378.65,0.0,1,0.09,0.12,SPY210122P00358000,358.0,0,0.0,0.0,,0.0,normalDay
2021-01-20,10575.0,5.0,0.0,0,383.89,0.0,1,0.09,0.04,SPY210122P00358000,358.0,0,0.0,0.0,,0.0,normalDay
2021-01-21,10575.0,7.0,0.0,0,384.24,0.0,1,0.09,0.02,SPY210122P00358000,358.0,0,0.0,0.0,,0.0,normalDay
2021-01-22,10584.0,0.0,9.0,0,382.88,0.0,1,0.09,0.0,SPY210122P00358000,358.0,0,0.0,0.0,,0.0,expirationDay
2021-01-25,10584.0,-3.0,0.0,0,384.39,0.0,1,0.02,0.05,SPY210127P00360000,360.0,0,0.0,0.0,,0.0,normalDay
2021-01-26,10584.0,0.0,0.0,0,383.79,0.0,1,0.02,0.02,SPY210127P00360000,360.0,0,0.0,0.0,,0.0,normalDay
2021-01-27,10586.0,0.0,2.0,0,374.41,0.0,1,0.02,0.0,SPY210127P00360000,360.0,0,0.0,0.0,,0.0,expirationDay
2021-01-28,10586.0,-3.0,0.0,0,377.63,0.0,1,0.07,0.1,SPY210129P00362500,362.5,0,0.0,0.0,,0.0,normalDay
2021-01-29,10593.0,0.0,7.0,0,370.07,0.0,1,0.07,0.0,SPY210129P00362500,362.5,0,0.0,0.0,,0.0,expirationDay
2021-02-01,10593.0,-3.0,0.0,0,376.23,0.0,1,0.46,0.49,SPY210203P00363000,363.0,0,0.0,0.0,,0.0,normalDay
2021-02-02,10593.0,42.0,0.0,0,381.55,0.0,1,0.46,0.04,SPY210203P00363000,363.0,0,0.0,0.0,,0.0,normalDay
2021-02-03,10639.0,0.0,46.0,0,381.85,0.0,1,0.46,0.0,SPY210203P00363000,363.0,0,0.0,0.0,,0.0,expirationDay
2021-02-04,10639.0,0.0,0.0,0,386.19,0.0,0,0.0,0.0,,0.0,0,0.0,0.0,,0.0,bidTooLow
2021-02-05,10639.0,0.0,0.0,0,387.71,0.0,0,0.0,0.0,,0.0,0,0.0,0.0,,0.0,bidTooLow
2021-02-08,10639.0,-3.0,0.0,0,390.51,0.0,1,0.01,0.04,SPY210210P00365000,365.0,0,0.0,0.0,,0.0,normalDay
2021-02-09,10639.0,-1.0,0.0,0,390.25,0.0,1,0.01,0.02,SPY210210P00365000,365.0,0,0.0,0.0,,0.0,normalDay
2021-02-10,10640.0,0.0,1.0,0,390.08,0.0,1,0.01,0.0,SPY210210P00365000,365.0,0,0.0,0.0,,0.0,expirationDay
2021-02-11,10640.0,0.0,0.0,0,390.71,0.0,0,0.0,0.0,,0.0,0,0.0,0.0,,0.0,bidTooLow
2021-02-12,10640.0,0.0,0.0,0,392.64,0.0,0,0.0,0.0,,0.0,0,0.0,0.0,,0.0,bidTooLow
2021-02-16,10640.0,-3.0,0.0,0,392.3,0.0,1,0.07,0.1,SPY210219P00363000,363.0,0,0.0,0.0,,0.0,normalDay
2021-02-17,10640.0,2.0,0.0,0,392.39,0.0,1,0.07,0.05,SPY210219P00363000,363.0,0,0.0,0.0,,0.0,normalDay
2021-02-18,10640.0,4.0,0.0,0,390.72,0.0,1,0.07,0.03,SPY210219P00363000,363.0,0,0.0,0.0,,0.0,normalDay
2021-02-19,10647.0,0.0,7.0,0,390.03,0.0,1,0.07,0.0,SPY210219P00363000,363.0,0,0.0,0.0,,0.0,expirationDay
2021-02-22,10647.0,-3.0,0.0,0,387.03,0.0,1,0.02,0.05,SPY210224P00364000,364.0,0,0.0,0.0,,0.0,normalDay
2021-02-23,10647.0,0.0,0.0,0,387.5,0.0,1,0.02,0.02,SPY210224P00364000,364.0,0,0.0,0.0,,0.0,normalDay
2021-02-24,10649.0,0.0,2.0,0,391.77,0.0,1,0.02,0.0,SPY210224P00364000,364.0,0,0.0,0.0,,0.0,expirationDay
2021-02-25,10649.0,-4.0,0.0,0,382.33,0.0,1,0.08,0.12,SPY210226P00366000,366.0,0,0.0,0.0,,0.0,normalDay
2021-02-26,10657.0,0.0,8.0,0,380.36,0.0,1,0.08,0.0,SPY210226P00366000,366.0,0,0.0,0.0,,0.0,expirationDay
2021-03-01,10657.0,-3.0,0.0,0,389.58,0.0,1,0.12,0.15,SPY210303P00372000,372.0,0,0.0,0.0,,0.0,normalDay
2021-03-02,10657.0,3.0,0.0,0,386.54,0.0,1,0.12,0.09,SPY210303P00372000,372.0,0,0.0,0.0,,0.0,normalDay
2021-03-03,10669.0,0.0,12.0,0,381.42,0.0,1,0.12,0.0,SPY210303P00372000,372.0,0,0.0,0.0,,0.0,expirationDay
2021-03-04,10669.0,-5.0,0.0,0,376.7,0.0,1,1.26,1.31,SPY210305P00373000,373.0,0,0.0,0.0,,0.0,normalDay
2021-03-05,10795.0,0.0,126.0,0,383.63,0.0,1,1.26,0.0,SPY210305P00373000,373.0,0,0.0,0.0,,0.0,expirationDay
2021-03-08,10795.0,-3.0,0.0,0,381.72,0.0,1,0.67,0.7,SPY210310P00372000,372.0,0,0.0,0.0,,0.0,normalDay
2021-03-09,10795.0,61.0,0.0,0,387.17,0.0,1,0.67,0.06,SPY210310P00372000,372.0,0,0.0,0.0,,0.0,normalDay
2021-03-10,10862.0,0.0,67.0,0,389.58,0.0,1,0.67,0.0,SPY210310P00372000,372.0,0,0.0,0.0,,0.0,expirationDay
2021-03-11,10862.0,0.0,0.0,0,393.53,0.0,0,0.0,0.0,,0.0,0,0.0,0.0,,0.0,bidTooLow
2021-03-12,10862.0,0.0,0.0,0,394.06,0.0,0,0.0,0.0,,0.0,0,0.0,0.0,,0.0,bidTooLow
2021-03-15,10862.0,0.0,0.0,0,396.41,0.0,0,0.0,0.0,,0.0,0,0.0,0.0,,0.0,bidTooLow
2021-03-16,10862.0,-3.0,0.0,0,395.91,0.0,1,0.08,0.11,SPY210319P00370000,370.0,0,0.0,0.0,,0.0,normalDay
2021-03-17,10862.0,5.0,0.0,0,397.26,0.0,1,0.08,0.03,SPY210319P00370000,370.0,0,0.0,0.0,,0.0,normalDay
2021-03-18,10862.0,-2.0,0.0,0,391.48,0.0,1,0.08,0.1,SPY210319P00370000,370.0,0,0.0,0.0,,0.0,normalDay
2021-03-19,10870.0,0.0,8.0,0,389.48,0.0,1,0.08,0.0,SPY210319P00370000,370.0,0,0.0,0.0,,0.0,expirationDay
2021-03-22,10870.0,0.0,0.0,0,392.59,0.0,0,0.0,0.0,,0.0,0,0.0,0.0,,0.0,bidTooLow
2021-03-23,10870.0,-3.0,0.0,0,389.5,0.0,1,0.07,0.1,SPY210326P00369000,369.0,0,0.0,0.0,,0.0,normalDay
2021-03-24,10870.0,-1.0,0.0,0,387.52,0.0,1,0.07,0.08,SPY210326P00369000,369.0,0,0.0,0.0,,0.0,normalDay
2021-03-25,10870.0,5.0,0.0,0,389.7,0.0,1,0.07,0.02,SPY210326P00369000,369.0,0,0.0,0.0,,0.0,normalDay
2021-03-26,10877.0,0.0,7.0,0,395.98,0.0,1,0.07,0.0,SPY210326P00369000,369.0,0,0.0,0.0,,0.0,expirationDay
2021-03-29,10877.0,-3.0,0.0,0,395.78,0.0,1,0.06,0.09,SPY210401P00371000,371.0,0,0.0,0.0,,0.0,normalDay
2021-03-30,10877.0,3.0,0.0,0,394.73,0.0,1,0.06,0.03,SPY210401P00371000,371.0,0,0.0,0.0,,0.0,normalDay
2021-03-31,10877.0,4.0,0.0,0,396.33,0.0,1,0.06,0.02,SPY210401P00371000,371.0,0,0.0,0.0,,0.0,normalDay
2021-04-01,10883.0,0.0,6.0,0,400.61,0.0,1,0.06,0.0,SPY210401P00371000,371.0,0,0.0,0.0,,0.0,expirationDay
2021-04-05,10883.0,0.0,0.0,0,406.36,0.0,0,0.0,0.0,,0.0,0,0.0,0.0,,0.0,bidTooLow
2021-04-06,10883.0,-3.0,0.0,0,406.12,0.0,1,0.01,0.04,SPY210409P00377000,377.0,0,0.0,0.0,,0.0,normalDay
2021-04-07,10883.0,-1.0,0.0,0,406.59,0.0,1,0.01,0.02,SPY210409P00377000,377.0,0,0.0,0.0,,0.0,normalDay
2021-04-08,10883.0,0.0,0.0,0,408.52,0.0,1,0.01,0.01,SPY210409P00377000,377.0,0,0.0,0.0,,0.0,normalDay
2021-04-09,10884.0,0.0,1.0,0,411.49,0.0,1,0.01,0.0,SPY210409P00377000,377.0,0,0.0,0.0,,0.0,expirationDay
2021-04-12,10884.0,0.0,0.0,0,411.64,0.0,0,0.0,0.0,,0.0,0,0.0,0.0,,0.0,bidTooLow
2021-04-13,10884.0,0.0,0.0,0,412.86,0.0,0,0.0,0.0,,0.0,0,0.0,0.0,,0.0,bidTooLow
2021-04-14,10884.0,0.0,0.0,0,411.45,0.0,0,0.0,0.0,,0.0,0,0.0,0.0,,0.0,bidTooLow
2021-04-15,10884.0,0.0,0.0,0,415.87,0.0,0,0.0,0.0,,0.0,0,0.0,0.0,,0.0,bidTooLow
2021-04-16,10884.0,0.0,0.0,0,417.26,0.0,0,0.0,0.0,,0.0,0,0.0,0.0,,0.0,bidTooLow
2021-04-19,10884.0,0.0,0.0,0,415.21,0.0,0,0.0,0.0,,0.0,0,0.0,0.0,,0.0,bidTooLow
2021-04-20,10884.0,0.0,0.0,0,412.17,0.0,0,0.0,0.0,,0.0,0,0.0,0.0,,0.0,bidTooLow
2021-04-21,10884.0,0.0,0.0,0,416.07,0.0,0,0.0,0.0,,0.0,0,0.0,0.0,,0.0,bidTooLow
2021-04-22,10884.0,0.0,0.0,0,412.27,0.0,0,0.0,0.0,,0.0,0,0.0,0.0,,0.0,bidTooLow
2021-04-23,10884.0,0.0,0.0,0,416.74,0.0,0,0.0,0.0,,0.0,0,0.0,0.0,,0.0,bidTooLow
2021-04-26,10884.0,0.0,0.0,0,417.61,0.0,0,0.0,0.0,,0.0,0,0.0,0.0,,0.0,bidTooLow
2021-04-27,10884.0,0.0,0.0,0,417.52,0.0,0,0.0,0.0,,0.0,0,0.0,0.0,,0.0,bidTooLow
2021-04-28,10884.0,0.0,0.0,0,417.4,0.0,0,0.0,0.0,,0.0,0,0.0,0.0,,0.0,bidTooLow
2021-04-29,10884.0,0.0,0.0,0,420.06,0.0,0,0.0,0.0,,0.0,0,0.0,0.0,,0.0,bidTooLow
2021-04-30,10884.0,-3.0,0.0,0,417.3,0.0,1,0.03,0.06,SPY210503P00400000,400.0,0,0.0,0.0,,0.0,normalDay
2021-05-03,10887.0,0.0,3.0,0,418.2,0.0,1,0.03,0.0,SPY210503P00400000,400.0,0,0.0,0.0,,0.0,expirationDay
2021-05-04,10887.0,-3.0,0.0,0,415.62,0.0,1,0.18,0.21,SPY210507P00403000,403.0,0,0.0,0.0,,0.0,normalDay
2021-05-05,10887.0,7.0,0.0,0,415.75,0.0,1,0.18,0.11,SPY210507P00403000,403.0,0,0.0,0.0,,0.0,normalDay
2021-05-06,10887.0,14.0,0.0,0,419.07,0.0,1,0.18,0.04,SPY210507P00403000,403.0,0,0.0,0.0,,0.0,normalDay
2021-05-07,10905.0,0.0,18.0,0,422.12,0.0,1,0.18,0.0,SPY210507P00403000,403.0,0,0.0,0.0,,0.0,expirationDay
2021-05-10,10905.0,-3.0,0.0,0,417.94,0.0,1,0.26,0.29,SPY210512P00407000,407.0,0,0.0,0.0,,0.0,normalDay
2021-05-11,10905.0,-7.0,0.0,0,414.21,0.0,1,0.26,0.33,SPY210512P00407000,407.0,0,0.0,0.0,,0.0,normalDay
2021-05-12,10931.0,-159.0,26.0,100,405.41,407.0,1,0.26,0.0,SPY210512P00407000,407.0,0,0.0,0.0,,0.0,expirationDay
2021-05-13,10931.0,318.0,0.0,100,410.28,407.0,0,0.0,0.0,,0.0,1,10.73,10.83,SPY210930C00424000,424.0,normalDay
2021-05-14,10931.0,760.0,0.0,100,416.58,407.0,0,0.0,0.0,,0.0,1,10.73,12.71,SPY210930C00424000,424.0,normalDay
2021-05-17,10931.0,702.0,0.0,100,415.52,407.0,0,0.0,0.0,,0.0,1,10.73,12.23,SPY210930C00424000,424.0,normalDay
2021-05-18,10931.0,473.0,0.0,100,411.94,407.0,0,0.0,0.0,,0.0,1,10.73,10.94,SPY210930C00424000,424.0,normalDay
2021-05-19,10931.0,406.0,0.0,100,410.86,407.0,0,0.0,0.0,,0.0,1,10.73,10.53,SPY210930C00424000,424.0,normalDay
2021-05-20,10931.0,691.0,0.0,100,415.28,407.0,0,0.0,0.0,,0.0,1,10.73,12.1,SPY210930C00424000,424.0,normalDay
2021-05-21,10931.0,693.0,0.0,100,414.94,407.0,0,0.0,0.0,,0.0,1,10.73,11.74,SPY210930C00424000,424.0,normalDay
2021-05-24,10931.0,1001.0,0.0,100,419.17,407.0,0,0.0,0.0,,0.0,1,10.73,12.89,SPY210930C00424000,424.0,normalDay
2021-05-25,10931.0,955.0,0.0,100,418.24,407.0,0,0.0,0.0,,0.0,1,10.73,12.42,SPY210930C00424000,424.0,normalDay
2021-05-26,10931.0,1062.0,0.0,100,419.07,407.0,0,0.0,0.0,,0.0,1,10.73,12.18,SPY210930C00424000,424.0,normalDay
2021-05-27,10931.0,1094.0,0.0,100,419.29,407.0,0,0.0,0.0,,0.0,1,10.73,12.08,SPY210930C00424000,424.0,normalDay
2021-05-28,10931.0,1192.0,0.0,100,420.04,407.0,0,0.0,0.0,,0.0,1,10.73,11.85,SPY210930C00424000,424.0,normalDay
2021-06-01,10931.0,1150.0,0.0,100,419.67,407.0,0,0.0,0.0,,0.0,1,10.73,11.9,SPY210930C00424000,424.0,normalDay
2021-06-02,10931.0,1195.0,0.0,100,420.33,407.0,0,0.0,0.0,,0.0,1,10.73,12.11,SPY210930C00424000,424.0,normalDay
2021-06-03,10931.0,1101.0,0.0,100,418.77,407.0,0,0.0,0.0,,0.0,1,10.73,11.49,SPY210930C00424000,424.0,normalDay
2021-06-04,10931.0,1353.0,0.0,100,422.6,407.0,0,0.0,0.0,,0.0,1,10.73,12.8,SPY210930C00424000,424.0,normalDay
2021-06-07,10931.0,1345.0,0.0,100,422.19,407.0,0,0.0,0.0,,0.0,1,10.73,12.47,SPY210930C00424000,424.0,normalDay
2021-06-08,10931.0,1346.0,0.0,100,422.28,407.0,0,0.0,0.0,,0.0,1,10.73,12.55,SPY210930C00424000,424.0,normalDay
2021-06-09,10931.0,1290.0,0.0,100,421.65,407.0,0,0.0,0.0,,0.0,1,10.73,12.48,SPY210930C00424000,424.0,normalDay
2021-06-10,10931.0,1475.0,0.0,100,423.61,407.0,0,0.0,0.0,,0.0,1,10.73,12.59,SPY210930C00424000,424.0,normalDay
2021-06-11,10931.0,1539.0,0.0,100,424.31,407.0,0,0.0,0.0,,0.0,1,10.73,12.65,SPY210930C00424000,424.0,normalDay
2021-06-14,10931.0,1560.0,0.0,100,425.26,407.0,0,0.0,0.0,,0.0,1,10.73,13.39,SPY210930C00424000,424.0,normalDay
2021-06-15,10931.0,1525.0,0.0,100,424.48,407.0,0,0.0,0.0,,0.0,1,10.73,12.96,SPY210930C00424000,424.0,normalDay
2021-06-16,10931.0,1387.0,0.0,100,422.11,407.0,0,0.0,0.0,,0.0,1,10.73,11.97,SPY210930C00424000,424.0,normalDay
2021-06-17,10931.0,1408.0,0.0,100,421.97,407.0,0,0.0,0.0,,0.0,1,10.73,11.62,SPY210930C00424000,424.0,normalDay
2021-06-18,10931.0,926.0,0.0,100,414.92,407.0,0,0.0,0.0,,0.0,1,10.73,9.39,SPY210930C00424000,424.0,normalDay
2021-06-21,10931.0,1294.0,0.0,100,420.86,407.0,0,0.0,0.0,,0.0,1,10.73,11.65,SPY210930C00424000,424.0,normalDay
2021-06-22,10931.0,1481.0,0.0,100,423.11,407.0,0,0.0,0.0,,0.0,1,10.73,12.03,SPY210930C00424000,424.0,normalDay
2021-06-23,10931.0,1481.0,0.0,100,422.6,407.0,0,0.0,0.0,,0.0,1,10.73,11.52,SPY210930C00424000,424.0,normalDay
2021-06-24,10931.0,1606.0,0.0,100,425.1,407.0,0,0.0,0.0,,0.0,1,10.73,12.77,SPY210930C00424000,424.0,normalDay
2021-06-25,10931.0,1686.0,0.0,100,426.61,407.0,0,0.0,0.0,,0.0,1,10.73,13.48,SPY210930C00424000,424.0,normalDay
2021-06-28,10931.0,1738.0,0.0,100,427.47,407.0,0,0.0,0.0,,0.0,1,10.73,13.82,SPY210930C00424000,424.0,normalDay
2021-06-29,10931.0,1712.0,0.0,100,427.7,407.0,0,0.0,0.0,,0.0,1,10.73,14.31,SPY210930C00424000,424.0,normalDay
2021-06-30,10931.0,1704.0,0.0,100,428.06,407.0,0,0.0,0.0,,0.0,1,10.73,14.75,SPY210930C00424000,424.0,normalDay
2021-07-01,10931.0,1820.0,0.0,100,430.43,407.0,0,0.0,0.0,,0.0,1,10.73,15.96,SPY210930C00424000,424.0,normalDay
2021-07-02,10931.0,1922.0,0.0,100,433.72,407.0,0,0.0,0.0,,0.0,1,10.73,18.23,SPY210930C00424000,424.0,normalDay
2021-07-06,10931.0,1892.0,0.0,100,432.93,407.0,0,0.0,0.0,,0.0,1,10.73,17.74,SPY210930C00424000,424.0,normalDay
2021-07-07,10931.0,1917.0,0.0,100,434.46,407.0,0,0.0,0.0,,0.0,1,10.73,19.02,SPY210930C00424000,424.0,normalDay
2021-07-08,10931.0,1768.0,0.0,100,430.92,407.0,0,0.0,0.0,,0.0,1,10.73,16.97,SPY210930C00424000,424.0,normalDay
2021-07-09,10931.0,1967.0,0.0,100,435.52,407.0,0,0.0,0.0,,0.0,1,10.73,19.58,SPY210930C00424000,424.0,normalDay
2021-07-12,10931.0,2005.0,0.0,100,437.08,407.0,0,0.0,0.0,,0.0,1,10.73,20.76,SPY210930C00424000,424.0,normalDay
2021-07-13,10931.0,1943.0,0.0,100,435.59,407.0,0,0.0,0.0,,0.0,1,10.73,19.89,SPY210930C00424000,424.0,normalDay
2021-07-14,10931.0,1965.0,0.0,100,436.24,407.0,0,0.0,0.0,,0.0,1,10.73,20.32,SPY210930C00424000,424.0,normalDay
2021-07-15,10931.0,1952.0,0.0,100,434.75,407.0,0,0.0,0.0,,0.0,1,10.73,18.96,SPY210930C00424000,424.0,normalDay
2021-07-16,10931.0,1805.0,0.0,100,431.34,407.0,0,0.0,0.0,,0.0,1,10.73,17.02,SPY210930C00424000,424.0,normalDay
2021-07-19,10931.0,1494.0,0.0,100,424.97,407.0,0,0.0,0.0,,0.0,1,10.73,13.76,SPY210930C00424000,424.0,normalDay
2021-07-20,10931.0,1798.0,0.0,100,431.06,407.0,0,0.0,0.0,,0.0,1,10.73,16.81,SPY210930C00424000,424.0,normalDay
2021-07-21,10931.0,1943.0,0.0,100,434.55,407.0,0,0.0,0.0,,0.0,1,10.73,18.85,SPY210930C00424000,424.0,normalDay
2021-07-22,10931.0,1968.0,0.0,100,435.46,407.0,0,0.0,0.0,,0.0,1,10.73,19.51,SPY210930C00424000,424.0,normalDay
2021-07-23,10931.0,2127.0,0.0,100,439.94,407.0,0,0.0,0.0,,0.0,1,10.73,22.4,SPY210930C00424000,424.0,normalDay
2021-07-26,10931.0,2153.0,0.0,100,441.02,407.0,0,0.0,0.0,,0.0,1,10.73,23.22,SPY210930C00424000,424.0,normalDay
2021-07-27,10931.0,2112.0,0.0,100,439.01,407.0,0,0.0,0.0,,0.0,1,10.73,21.62,SPY210930C00424000,424.0,normalDay
2021-07-28,10931.0,2117.0,0.0,100,438.83,407.0,0,0.0,0.0,,0.0,1,10.73,21.39,SPY210930C00424000,424.0,normalDay
2021-07-29,10931.0,2191.0,0.0,100,440.65,407.0,0,0.0,0.0,,0.0,1,10.73,22.47,SPY210930C00424000,424.0,normalDay
2021-07-30,10931.0,2084.0,0.0,100,438.51,407.0,0,0.0,0.0,,0.0,1,10.73,21.4,SPY210930C00424000,424.0,normalDay
2021-08-02,10931.0,2078.0,0.0,100,437.59,407.0,0,0.0,0.0,,0.0,1,10.73,20.54,SPY210930C00424000,424.0,normalDay
2021-08-03,10931.0,2243.0,0.0,100,441.15,407.0,0,0.0,0.0,,0.0,1,10.73,22.45,SPY210930C00424000,424.0,normalDay
2021-08-04,10931.0,2170.0,0.0,100,438.98,407.0,0,0.0,0.0,,0.0,1,10.73,21.01,SPY210930C00424000,424.0,normalDay
2021-08-05,10931.0,2284.0,0.0,100,441.76,407.0,0,0.0,0.0,,0.0,1,10.73,22.65,SPY210930C00424000,424.0,normalDay
2021-08-06,10931.0,2325.0,0.0,100,442.49,407.0,0,0.0,0.0,,0.0,1,10.73,22.97,SPY210930C00424000,424.0,normalDay
2021-08-09,10931.0,2313.0,0.0,100,442.13,407.0,0,0.0,0.0,,0.0,1,10.73,22.73,SPY210930C00424000,424.0,normalDay
2021-08-10,10931.0,2371.0,0.0,100,442.68,407.0,0,0.0,0.0,,0.0,1,10.73,22.7,SPY210930C00424000,424.0,normalDay
2021-08-11,10931.0,2397.0,0.0,100,443.78,407.0,0,0.0,0.0,,0.0,1,10.73,23.54,SPY210930C00424000,424.0,normalDay
2021-08-12,10931.0,2441.0,0.0,100,445.11,407.0,0,0.0,0.0,,0.0,1,10.73,24.43,SPY210930C00424000,424.0,normalDay
2021-08-13,10931.0,2440.0,0.0,100,445.92,407.0,0,0.0,0.0,,0.0,1,10.73,25.25,SPY210930C00424000,424.0,normalDay
2021-08-16,10931.0,2454.0,0.0,100,446.97,407.0,0,0.0,0.0,,0.0,1,10.73,26.16,SPY210930C00424000,424.0,normalDay
2021-08-17,10931.0,2432.0,0.0,100,444.04,407.0,0,0.0,0.0,,0.0,1,10.73,23.45,SPY210930C00424000,424.0,normalDay
2021-08-18,10931.0,2235.0,0.0,100,439.18,407.0,0,0.0,0.0,,0.0,1,10.73,20.56,SPY210930C00424000,424.0,normalDay
2021-08-19,10931.0,2227.0,0.0,100,439.86,407.0,0,0.0,0.0,,0.0,1,10.73,21.32,SPY210930C00424000,424.0,normalDay
2021-08-20,10931.0,2411.0,0.0,100,443.36,407.0,0,0.0,0.0,,0.0,1,10.73,22.98,SPY210930C00424000,424.0,normalDay
2021-08-23,10931.0,2490.0,0.0,100,447.26,407.0,0,0.0,0.0,,0.0,1,10.73,26.09,SPY210930C00424000,424.0,normalDay
2021-08-24,10931.0,2540.0,0.0,100,447.97,407.0,0,0.0,0.0,,0.0,1,10.73,26.3,SPY210930C00424000,424.0,normalDay
2021-08-25,10931.0,2570.0,0.0,100,448.91,407.0,0,0.0,0.0,,0.0,1,10.73,26.94,SPY210930C00424000,424.0,normalDay
2021-08-26,10931.0,2483.0,0.0,100,446.26,407.0,0,0.0,0.0,,0.0,1,10.73,25.16,SPY210930C00424000,424.0,normalDay
2021-08-27,10931.0,2600.0,0.0,100,450.25,407.0,0,0.0,0.0,,0.0,1,10.73,27.98,SPY210930C00424000,424.0,normalDay
2021-08-30,10931.0,2642.0,0.0,100,452.23,407.0,0,0.0,0.0,,0.0,1,10.73,29.54,SPY210930C00424000,424.0,normalDay
2021-08-31,10931.0,2596.0,0.0,100,451.56,407.0,0,0.0,0.0,,0.0,1,10.73,29.33,SPY210930C00424000,424.0,normalDay
2021-09-01,10931.0,2632.0,0.0,100,451.8,407.0,0,0.0,0.0,,0.0,1,10.73,29.21,SPY210930C00424000,424.0,normalDay
2021-09-02,10931.0,2660.0,0.0,100,453.19,407.0,0,0.0,0.0,,0.0,1,10.73,30.32,SPY210930C00424000,424.0,normalDay
2021-09-03,10931.0,2683.0,0.0,100,453.08,407.0,0,0.0,0.0,,0.0,1,10.73,29.98,SPY210930C00424000,424.0,normalDay
2021-09-07,10931.0,2682.0,0.0,100,451.46,407.0,0,0.0,0.0,,0.0,1,10.73,28.37,SPY210930C00424000,424.0,normalDay
2021-09-08,10931.0,2690.0,0.0,100,450.91,407.0,0,0.0,0.0,,0.0,1,10.73,27.74,SPY210930C00424000,424.0,normalDay
2021-09-09,10931.0,2675.0,0.0,100,448.98,407.0,0,0.0,0.0,,0.0,1,10.73,25.96,SPY210930C00424000,424.0,normalDay
2021-09-10,10931.0,2553.0,0.0,100,445.44,407.0,0,0.0,0.0,,0.0,1,10.73,23.64,SPY210930C00424000,424.0,normalDay
2021-09-13,10931.0,2624.0,0.0,100,446.58,407.0,0,0.0,0.0,,0.0,1,10.73,24.07,SPY210930C00424000,424.0,normalDay
2021-09-14,10931.0,2653.0,0.0,100,444.17,407.0,0,0.0,0.0,,0.0,1,10.73,21.37,SPY210930C00424000,424.0,normalDay
2021-09-15,10931.0,2740.0,0.0,100,447.88,407.0,0,0.0,0.0,,0.0,1,10.73,24.21,SPY210930C00424000,424.0,normalDay
2021-09-16,10931.0,2788.0,0.0,100,447.17,407.0,0,0.0,0.0,,0.0,1,10.73,23.02,SPY210930C00424000,424.0,normalDay
2021-09-17,10931.0,2610.0,0.0,100,441.4,407.0,0,0.0,0.0,,0.0,1,10.73,19.03,SPY210930C00424000,424.0,normalDay
2021-09-20,10931.0,2410.0,0.0,100,434.04,407.0,0,0.0,0.0,,0.0,1,10.73,13.67,SPY210930C00424000,424.0,normalDay
2021-09-21,10931.0,2483.0,0.0,100,433.63,407.0,0,0.0,0.0,,0.0,1,10.73,12.53,SPY210930C00424000,424.0,normalDay
2021-09-22,10931.0,2635.0,0.0,100,437.86,407.0,0,0.0,0.0,,0.0,1,10.73,15.24,SPY210930C00424000,424.0,normalDay
2021-09-23,10931.0,2723.0,0.0,100,443.18,407.0,0,0.0,0.0,,0.0,1,10.73,19.68,SPY210930C00424000,424.0,normalDay
2021-09-24,10931.0,2739.0,0.0,100,443.91,407.0,0,0.0,0.0,,0.0,1,10.73,20.25,SPY210930C00424000,424.0,normalDay
2021-09-27,10931.0,2779.0,0.0,100,442.64,407.0,0,0.0,0.0,,0.0,1,10.73,18.58,SPY210930C00424000,424.0,normalDay
2021-09-28,10931.0,2634.0,0.0,100,433.72,407.0,0,0.0,0.0,,0.0,1,10.73,11.11,SPY210930C00424000,424.0,normalDay
2021-09-29,10931.0,2682.0,0.0,100,434.45,407.0,0,0.0,0.0,,0.0,1,10.73,11.36,SPY210930C00424000,424.0,normalDay
2021-09-30,13704.0,2682.0,2773.0,0,429.14,0.0,0,0.0,0.0,,0.0,1,10.73,0.0,SPY210930C00424000,424.0,expirationDay
2021-10-01,13704.0,-3.0,0.0,0,434.24,0.0,1,0.05,0.08,SPY211004P00419000,419.0,0,0.0,0.0,,0.0,normalDay
2021-10-04,13709.0,0.0,5.0,0,428.64,0.0,1,0.05,0.0,SPY211004P00419000,419.0,0,0.0,0.0,,0.0,expirationDay
2021-10-05,13709.0,-3.0,0.0,0,433.1,0.0,1,0.21,0.24,SPY211008P00417000,417.0,0,0.0,0.0,,0.0,normalDay
2021-10-06,13709.0,10.0,0.0,0,434.9,0.0,1,0.21,0.11,SPY211008P00417000,417.0,0,0.0,0.0,,0.0,normalDay
2021-10-07,13709.0,19.0,0.0,0,438.66,0.0,1,0.21,0.02,SPY211008P00417000,417.0,0,0.0,0.0,,0.0,normalDay
2021-10-08,13730.0,0.0,21.0,0,437.86,0.0,1,0.21,0.0,SPY211008P00417000,417.0,0,0.0,0.0,,0.0,expirationDay
2021-10-11,13730.0,-3.0,0.0,0,434.69,0.0,1,0.12,0.15,SPY211013P00419000,419.0,0,0.0,0.0,,0.0,normalDay
2021-10-12,13730.0,7.0,0.0,0,433.62,0.0,1,0.12,0.05,SPY211013P00419000,419.0,0,0.0,0.0,,0.0,normalDay
2021-10-13,13742.0,0.0,12.0,0,435.18,0.0,1,0.12,0.0,SPY211013P00419000,419.0,0,0.0,0.0,,0.0,expirationDay
2021-10-14,13742.0,-3.0,0.0,0,442.5,0.0,1,0.02,0.05,SPY211015P00422000,422.0,0,0.0,0.0,,0.0,normalDay
2021-10-15,13744.0,0.0,2.0,0,445.87,0.0,1,0.02,0.0,SPY211015P00422000,422.0,0,0.0,0.0,,0.0,expirationDay
2021-10-18,13744.0,0.0,0.0,0,447.19,0.0,0,0.0,0.0,,0.0,0,0.0,0.0,,0.0,bidTooLow
2021-10-19,13744.0,0.0,0.0,0,450.64,0.0,0,0.0,0.0,,0.0,0,0.0,0.0,,0.0,bidTooLow
2021-10-20,13744.0,0.0,0.0,0,452.41,0.0,0,0.0,0.0,,0.0,0,0.0,0.0,,0.0,bidTooLow
2021-10-21,13744.0,0.0,0.0,0,453.59,0.0,0,0.0,0.0,,0.0,0,0.0,0.0,,0.0,bidTooLow
2021-10-22,13744.0,0.0,0.0,0,453.12,0.0,0,0.0,0.0,,0.0,0,0.0,0.0,,0.0,bidTooLow
2021-10-25,13744.0,0.0,0.0,0,455.55,0.0,0,0.0,0.0,,0.0,0,0.0,0.0,,0.0,bidTooLow
2021-10-26,13744.0,0.0,0.0,0,455.96,0.0,0,0.0,0.0,,0.0,0,0.0,0.0,,0.0,bidTooLow
2021-10-27,13744.0,0.0,0.0,0,453.94,0.0,0,0.0,0.0,,0.0,0,0.0,0.0,,0.0,bidTooLow
2021-10-28,13744.0,0.0,0.0,0,458.32,0.0,0,0.0,0.0,,0.0,0,0.0,0.0,,0.0,bidTooLow
2021-10-29,13744.0,0.0,0.0,0,459.25,0.0,0,0.0,0.0,,0.0,0,0.0,0.0,,0.0,bidTooLow
2021-11-01,13744.0,0.0,0.0,0,460.04,0.0,0,0.0,0.0,,0.0,0,0.0,0.0,,0.0,bidTooLow
2021-11-02,13744.0,0.0,0.0,0,461.9,0.0,0,0.0,0.0,,0.0,0,0.0,0.0,,0.0,bidTooLow
2021-11-03,13744.0,0.0,0.0,0,464.72,0.0,0,0.0,0.0,,0.0,0,0.0,0.0,,0.0,bidTooLow
2021-11-04,13744.0,0.0,0.0,0,466.91,0.0,0,0.0,0.0,,0.0,0,0.0,0.0,,0.0,bidTooLow
2021-11-05,13744.0,0.0,0.0,0,468.53,0.0,0,0.0,0.0,,0.0,0,0.0,0.0,,0.0,bidTooLow
2021-11-08,13744.0,0.0,0.0,0,468.93,0.0,0,0.0,0.0,,0.0,0,0.0,0.0,,0.0,bidTooLow
2021-11-09,13744.0,0.0,0.0,0,467.38,0.0,0,0.0,0.0,,0.0,0,0.0,0.0,,0.0,bidTooLow
2021-11-10,13744.0,0.0,0.0,0,463.62,0.0,0,0.0,0.0,,0.0,0,0.0,0.0,,0.0,bidTooLow
2021-11-11,13744.0,0.0,0.0,0,463.77,0.0,0,0.0,0.0,,0.0,0,0.0,0.0,,0.0,bidTooLow
2021-11-12,13744.0,0.0,0.0,0,467.27,0.0,0,0.0,0.0,,0.0,0,0.0,0.0,,0.0,bidTooLow
2021-11-15,13744.0,0.0,0.0,0,467.43,0.0,0,0.0,0.0,,0.0,0,0.0,0.0,,0.0,bidTooLow
2021-11-16,13744.0,-3.0,0.0,0,469.28,0.0,1,0.03,0.06,SPY211119P00442000,442.0,0,0.0,0.0,,0.0,normalDay
2021-11-17,13744.0,0.0,0.0,0,468.14,0.0,1,0.03,0.03,SPY211119P00442000,442.0,0,0.0,0.0,,0.0,normalDay
2021-11-18,13744.0,1.0,0.0,0,469.73,0.0,1,0.03,0.02,SPY211119P00442000,442.0,0,0.0,0.0,,0.0,normalDay
2021-11-19,13747.0,0.0,3.0,0,468.89,0.0,1,0.03,0.0,SPY211119P00442000,442.0,0,0.0,0.0,,0.0,expirationDay
2021-11-22,13747.0,-3.0,0.0,0,467.57,0.0,1,0.05,0.08,SPY211124P00449000,449.0,0,0.0,0.0,,0.0,normalDay
2021-11-23,13747.0,2.0,0.0,0,468.19,0.0,1,0.05,0.03,SPY211124P00449000,449.0,0,0.0,0.0,,0.0,normalDay
2021-11-24,13752.0,0.0,5.0,0,469.44,0.0,1,0.05,0.0,SPY211124P00449000,449.0,0,0.0,0.0,,0.0,expirationDay
2021-11-26,13752.0,-50.0,0.0,0,458.97,0.0,1,2.0,2.5,SPY211129P00454000,454.0,0,0.0,0.0,,0.0,normalDay
2021-11-29,13952.0,0.0,200.0,0,464.6,0.0,1,2.0,0.0,SPY211129P00454000,454.0,0,0.0,0.0,,0.0,expirationDay
2021-11-30,13952.0,-7.0,0.0,0,455.56,0.0,1,2.73,2.8,SPY211203P00454000,454.0,0,0.0,0.0,,0.0,normalDay
2021-12-01,13952.0,-357.0,0.0,0,450.5,0.0,1,2.73,6.3,SPY211203P00454000,454.0,0,0.0,0.0,,0.0,normalDay
2021-12-02,13952.0,141.0,0.0,0,457.4,0.0,1,2.73,1.32,SPY211203P00454000,454.0,0,0.0,0.0,,0.0,normalDay
2021-12-03,14225.0,-58.0,273.0,100,453.42,454.0,1,2.73,0.0,SPY211203P00454000,454.0,0,0.0,0.0,,0.0,expirationDay
2021-12-06,14225.0,437.0,0.0,100,458.79,454.0,0,0.0,0.0,,0.0,1,11.45,11.87,SPY220414C00477000,477.0,normalDay
2021-12-07,14225.0,1099.0,0.0,100,468.28,454.0,0,0.0,0.0,,0.0,1,11.45,14.74,SPY220414C00477000,477.0,normalDay
2021-12-08,14225.0,1238.0,0.0,100,469.52,454.0,0,0.0,0.0,,0.0,1,11.45,14.59,SPY220414C00477000,477.0,normalDay
2021-12-09,14225.0,1065.0,0.0,100,466.35,454.0,0,0.0,0.0,,0.0,1,11.45,13.15,SPY220414C00477000,477.0,normalDay
2021-12-10,14225.0,1364.0,0.0,100,470.74,454.0,0,0.0,0.0,,0.0,1,11.45,14.55,SPY220414C00477000,477.0,normalDay
2021-12-13,14225.0,1113.0,0.0,100,466.57,454.0,0,0.0,0.0,,0.0,1,11.45,12.89,SPY220414C00477000,477.0,normalDay
2021-12-14,14225.0,902.0,0.0,100,463.36,454.0,0,0.0,0.0,,0.0,1,11.45,11.79,SPY220414C00477000,477.0,normalDay
2021-12-15,14225.0,1360.0,0.0,100,470.6,454.0,0,0.0,0.0,,0.0,1,11.45,14.45,SPY220414C00477000,477.0,normalDay
2021-12-16,14225.0,1078.0,0.0,100,466.45,454.0,0,0.0,0.0,,0.0,1,11.45,13.12,SPY220414C00477000,477.0,normalDay
2021-12-17,14225.0,637.0,0.0,100,459.87,454.0,0,0.0,0.0,,0.0,1,11.45,10.95,SPY220414C00477000,477.0,normalDay
2021-12-20,14225.0,359.0,0.0,100,454.98,454.0,0,0.0,0.0,,0.0,1,11.45,8.84,SPY220414C00477000,477.0,normalDay
2021-12-21,14225.0,904.0,0.0,100,463.06,454.0,0,0.0,0.0,,0.0,1,11.45,11.47,SPY220414C00477000,477.0,normalDay
2021-12-22,14225.0,1221.0,0.0,100,467.69,454.0,0,0.0,0.0,,0.0,1,11.45,12.93,SPY220414C00477000,477.0,normalDay
2021-12-23,14225.0,1380.0,0.0,100,470.6,454.0,0,0.0,0.0,,0.0,1,11.45,14.25,SPY220414C00477000,477.0,normalDay
2021-12-27,14225.0,1733.0,0.0,100,477.26,454.0,0,0.0,0.0,,0.0,1,11.45,17.38,SPY220414C00477000,477.0,normalDay
2021-12-28,14225.0,1725.0,0.0,100,476.87,454.0,0,0.0,0.0,,0.0,1,11.45,17.07,SPY220414C00477000,477.0,normalDay
2021-12-29,14225.0,1815.0,0.0,100,477.48,454.0,0,0.0,0.0,,0.0,1,11.45,16.78,SPY220414C00477000,477.0,normalDay
2021-12-30,14225.0,1786.0,0.0,100,476.16,454.0,0,0.0,0.0,,0.0,1,11.45,15.75,SPY220414C00477000,477.0,normalDay
2021-12-31,14225.0,1745.0,0.0,100,474.96,454.0,0,0.0,0.0,,0.0,1,11.45,14.96,SPY220414C00477000,477.0,normalDay
2022-01-03,14225.0,1911.0,0.0,100,477.71,454.0,0,0.0,0.0,,0.0,1,11.45,16.05,SPY220414C00477000,477.0,normalDay
2022-01-04,14225.0,1910.0,0.0,100,477.55,454.0,0,0.0,0.0,,0.0,1,11.45,15.9,SPY220414C00477000,477.0,normalDay
2022-01-05,14225.0,1399.0,0.0,100,468.38,454.0,0,0.0,0.0,,0.0,1,11.45,11.84,SPY220414C00477000,477.0,normalDay
2022-01-06,14225.0,1394.0,0.0,100,467.94,454.0,0,0.0,0.0,,0.0,1,11.45,11.45,SPY220414C00477000,477.0,normalDay
2022-01-07,14225.0,1341.0,0.0,100,466.09,454.0,0,0.0,0.0,,0.0,1,11.45,10.13,SPY220414C00477000,477.0,normalDay
2022-01-10,14225.0,1375.0,0.0,100,465.51,454.0,0,0.0,0.0,,0.0,1,11.45,9.21,SPY220414C00477000,477.0,normalDay
2022-01-11,14225.0,1629.0,0.0,100,469.75,454.0,0,0.0,0.0,,0.0,1,11.45,10.91,SPY220414C00477000,477.0,normalDay
2022-01-12,14225.0,1694.0,0.0,100,471.02,454.0,0,0.0,0.0,,0.0,1,11.45,11.53,SPY220414C00477000,477.0,normalDay
2022-01-13,14225.0,1299.0,0.0,100,464.53,454.0,0,0.0,0.0,,0.0,1,11.45,8.99,SPY220414C00477000,477.0,normalDay
2022-01-14,14225.0,1346.0,0.0,100,464.72,454.0,0,0.0,0.0,,0.0,1,11.45,8.71,SPY220414C00477000,477.0,normalDay
2022-01-18,14225.0,775.0,0.0,100,456.49,454.0,0,0.0,0.0,,0.0,1,11.45,6.19,SPY220414C00477000,477.0,normalDay
2022-01-19,14225.0,438.0,0.0,100,451.75,454.0,0,0.0,0.0,,0.0,1,11.45,4.82,SPY220414C00477000,477.0,normalDay
2022-01-20,14225.0,54.0,0.0,100,446.75,454.0,0,0.0,0.0,,0.0,1,11.45,3.66,SPY220414C00477000,477.0,normalDay
2022-01-21,14225.0,-728.0,0.0,100,437.98,454.0,0,0.0,0.0,,0.0,1,11.45,2.71,SPY220414C00477000,477.0,normalDay
2022-01-24,14225.0,-554.0,0.0,100,439.84,454.0,0,0.0,0.0,,0.0,1,11.45,2.83,SPY220414C00477000,477.0,normalDay
2022-01-25,14225.0,-1007.0,0.0,100,434.47,454.0,0,0.0,0.0,,0.0,1,11.45,1.99,SPY220414C00477000,477.0,normalDay
2022-01-26,14225.0,-1117.0,0.0,100,433.38,454.0,0,0.0,0.0,,0.0,1,11.45,2.0,SPY220414C00477000,477.0,normalDay
2022-01-27,14225.0,-1307.0,0.0,100,431.24,454.0,0,0.0,0.0,,0.0,1,11.45,1.76,SPY220414C00477000,477.0,normalDay
2022-01-28,14225.0,-333.0,0.0,100,441.95,454.0,0,0.0,0.0,,0.0,1,11.45,2.73,SPY220414C00477000,477.0,normalDay
2022-01-31,14225.0,377.0,0.0,100,449.91,454.0,0,0.0,0.0,,0.0,1,11.45,3.59,SPY220414C00477000,477.0,normalDay
2022-02-01,14225.0,668.0,0.0,100,452.95,454.0,0,0.0,0.0,,0.0,1,11.45,3.72,SPY220414C00477000,477.0,normalDay
2022-02-02,14225.0,1058.0,0.0,100,457.35,454.0,0,0.0,0.0,,0.0,1,11.45,4.22,SPY220414C00477000,477.0,normalDay
2022-02-03,14225.0,63.0,0.0,100,446.6,454.0,0,0.0,0.0,,0.0,1,11.45,3.42,SPY220414C00477000,477.0,normalDay
2022-02-04,14225.0,330.0,0.0,100,448.7,454.0,0,0.0,0.0,,0.0,1,11.45,2.85,SPY220414C00477000,477.0,normalDay
2022-02-07,14225.0,215.0,0.0,100,447.26,454.0,0,0.0,0.0,,0.0,1,11.45,2.56,SPY220414C00477000,477.0,normalDay
2022-02-08,14225.0,554.0,0.0,100,450.94,454.0,0,0.0,0.0,,0.0,1,11.45,2.85,SPY220414C00477000,477.0,normalDay
2022-02-09,14225.0,1105.0,0.0,100,457.54,454.0,0,0.0,0.0,,0.0,1,11.45,3.94,SPY220414C00477000,477.0,normalDay
2022-02-10,14225.0,409.0,0.0,100,449.32,454.0,0,0.0,0.0,,0.0,1,11.45,2.68,SPY220414C00477000,477.0,normalDay
2022-02-11,14225.0,-388.0,0.0,100,440.46,454.0,0,0.0,0.0,,0.0,1,11.45,1.79,SPY220414C00477000,477.0,normalDay
2022-02-14,14225.0,-506.0,0.0,100,439.02,454.0,0,0.0,0.0,,0.0,1,11.45,1.53,SPY220414C00477000,477.0,normalDay
2022-02-15,14225.0,172.0,0.0,100,446.1,454.0,0,0.0,0.0,,0.0,1,11.45,1.83,SPY220414C00477000,477.0,normalDay
2022-02-16,14225.0,239.0,0.0,100,446.6,454.0,0,0.0,0.0,,0.0,1,11.45,1.66,SPY220414C00477000,477.0,normalDay
2022-02-17,14225.0,-650.0,0.0,100,437.06,454.0,0,0.0,0.0,,0.0,1,11.45,1.01,SPY220414C00477000,477.0,normalDay
2022-02-18,14225.0,-916.0,0.0,100,434.23,454.0,0,0.0,0.0,,0.0,1,11.45,0.84,SPY220414C00477000,477.0,normalDay
2022-02-22,14225.0,-1360.0,0.0,100,429.57,454.0,0,0.0,0.0,,0.0,1,11.45,0.62,SPY220414C00477000,477.0,normalDay
2022-02-23,14225.0,-2099.0,0.0,100,421.95,454.0,0,0.0,0.0,,0.0,1,11.45,0.39,SPY220414C00477000,477.0,normalDay
2022-02-24,14225.0,-1475.0,0.0,100,428.3,454.0,0,0.0,0.0,,0.0,1,11.45,0.5,SPY220414C00477000,477.0,normalDay
2022-02-25,14225.0,-563.0,0.0,100,437.75,454.0,0,0.0,0.0,,0.0,1,11.45,0.83,SPY220414C00477000,477.0,normalDay
2022-02-28,14225.0,-678.0,0.0,100,436.63,454.0,0,0.0,0.0,,0.0,1,11.45,0.86,SPY220414C00477000,477.0,normalDay
2022-03-01,14225.0,-1326.0,0.0,100,429.98,454.0,0,0.0,0.0,,0.0,1,11.45,0.69,SPY220414C00477000,477.0,normalDay
2022-03-02,14225.0,-551.0,0.0,100,437.89,454.0,0,0.0,0.0,,0.0,1,11.45,0.85,SPY220414C00477000,477.0,normalDay
2022-03-03,14225.0,-747.0,0.0,100,435.71,454.0,0,0.0,0.0,,0.0,1,11.45,0.63,SPY220414C00477000,477.0,normalDay
2022-03-04,14225.0,-1081.0,0.0,100,432.17,454.0,0,0.0,0.0,,0.0,1,11.45,0.43,SPY220414C00477000,477.0,normalDay
2022-03-07,14225.0,-2332.0,0.0,100,419.43,454.0,0,0.0,0.0,,0.0,1,11.45,0.2,SPY220414C00477000,477.0,normalDay
2022-03-08,14225.0,-2649.0,0.0,100,416.25,454.0,0,0.0,0.0,,0.0,1,11.45,0.19,SPY220414C00477000,477.0,normalDay
2022-03-09,14225.0,-1545.0,0.0,100,427.41,454.0,0,0.0,0.0,,0.0,1,11.45,0.31,SPY220414C00477000,477.0,normalDay
2022-03-10,14225.0,-1728.0,0.0,100,425.48,454.0,0,0.0,0.0,,0.0,1,11.45,0.21,SPY220414C00477000,477.0,normalDay
2022-03-11,14225.0,-2264.0,0.0,100,420.07,454.0,0,0.0,0.0,,0.0,1,11.45,0.16,SPY220414C00477000,477.0,normalDay
2022-03-14,14225.0,-2567.0,0.0,100,417.0,454.0,0,0.0,0.0,,0.0,1,11.45,0.12,SPY220414C00477000,477.0,normalDay
2022-03-15,14225.0,-1655.0,0.0,100,426.17,454.0,0,0.0,0.0,,0.0,1,11.45,0.17,SPY220414C00477000,477.0,normalDay
2022-03-16,14225.0,-719.0,0.0,100,435.62,454.0,0,0.0,0.0,,0.0,1,11.45,0.26,SPY220414C00477000,477.0,normalDay
2022-03-17,14225.0,-180.0,0.0,100,441.07,454.0,0,0.0,0.0,,0.0,1,11.45,0.32,SPY220414C00477000,477.0,normalDay
2022-03-18,14225.0,159.0,0.0,100,444.52,454.0,0,0.0,0.0,,0.0,1,11.45,0.38,SPY220414C00477000,477.0,normalDay
2022-03-21,14225.0,158.0,0.0,100,444.39,454.0,0,0.0,0.0,,0.0,1,11.45,0.26,SPY220414C00477000,477.0,normalDay
2022-03-22,14225.0,665.0,0.0,100,449.59,454.0,0,0.0,0.0,,0.0,1,11.45,0.39,SPY220414C00477000,477.0,normalDay
2022-03-23,14225.0,108.0,0.0,100,443.8,454.0,0,0.0,0.0,,0.0,1,11.45,0.17,SPY220414C00477000,477.0,normalDay
2022-03-24,14225.0,767.0,0.0,100,450.49,454.0,0,0.0,0.0,,0.0,1,11.45,0.27,SPY220414C00477000,477.0,normalDay
2022-03-25,14225.0,991.0,0.0,100,452.69,454.0,0,0.0,0.0,,0.0,1,11.45,0.23,SPY220414C00477000,477.0,normalDay
2022-03-28,14225.0,1312.0,0.0,100,455.91,454.0,0,0.0,0.0,,0.0,1,11.45,0.24,SPY220414C00477000,477.0,normalDay
2022-03-29,14225.0,1834.0,0.0,100,461.55,454.0,0,0.0,0.0,,0.0,1,11.45,0.66,SPY220414C00477000,477.0,normalDay
2022-03-30,14225.0,1572.0,0.0,100,458.7,454.0,0,0.0,0.0,,0.0,1,11.45,0.43,SPY220414C00477000,477.0,normalDay
2022-03-31,14225.0,897.0,0.0,100,451.64,454.0,0,0.0,0.0,,0.0,1,11.45,0.12,SPY220414C00477000,477.0,normalDay
2022-04-01,14225.0,1032.0,0.0,100,452.92,454.0,0,0.0,0.0,,0.0,1,11.45,0.05,SPY220414C00477000,477.0,normalDay
2022-04-04,14225.0,1420.0,0.0,100,456.8,454.0,0,0.0,0.0,,0.0,1,11.45,0.05,SPY220414C00477000,477.0,normalDay
2022-04-05,14225.0,845.0,0.0,100,451.03,454.0,0,0.0,0.0,,0.0,1,11.45,0.03,SPY220414C00477000,477.0,normalDay
2022-04-06,14225.0,395.0,0.0,100,446.52,454.0,0,0.0,0.0,,0.0,1,11.45,0.02,SPY220414C00477000,477.0,normalDay
2022-04-07,14225.0,621.0,0.0,100,448.77,454.0,0,0.0,0.0,,0.0,1,11.45,0.01,SPY220414C00477000,477.0,normalDay
2022-04-08,14225.0,501.0,0.0,100,447.57,454.0,0,0.0,0.0,,0.0,1,11.45,0.01,SPY220414C00477000,477.0,normalDay
2022-04-11,14225.0,-264.0,0.0,100,439.92,454.0,0,0.0,0.0,,0.0,1,11.45,0.01,SPY220414C00477000,477.0,normalDay
2022-04-12,14225.0,-427.0,0.0,100,438.29,454.0,0,0.0,0.0,,0.0,1,11.45,0.01,SPY220414C00477000,477.0,normalDay
2022-04-13,14225.0,75.0,0.0,100,443.31,454.0,0,0.0,0.0,,0.0,1,11.45,0.01,SPY220414C00477000,477.0,normalDay
2022-04-14,15370.0,-1621.0,1145.0,100,437.79,454.0,0,0.0,0.0,,0.0,1,11.45,0.0,SPY220414C00477000,477.0,expirationDay
2022-04-18,15370.0,-1611.0,0.0,100,437.97,454.0,0,0.0,0.0,,0.0,1,7.83,7.91,SPY220819C00465000,465.0,normalDay
2022-04-19,15370.0,-1038.0,0.0,100,445.04,454.0,0,0.0,0.0,,0.0,1,7.83,9.25,SPY220819C00465000,465.0,normalDay
2022-04-20,15370.0,-1136.0,0.0,100,444.71,454.0,0,0.0,0.0,,0.0,1,7.83,9.9,SPY220819C00465000,465.0,normalDay
2022-04-21,15370.0,-1557.0,0.0,100,438.06,454.0,0,0.0,0.0,,0.0,1,7.83,7.46,SPY220819C00465000,465.0,normalDay
2022-04-22,15370.0,-2500.0,0.0,100,426.04,454.0,0,0.0,0.0,,0.0,1,7.83,4.87,SPY220819C00465000,465.0,normalDay
2022-04-25,15370.0,-2306.0,0.0,100,428.51,454.0,0,0.0,0.0,,0.0,1,7.83,5.4,SPY220819C00465000,465.0,normalDay
2022-04-26,15370.0,-3344.0,0.0,100,416.1,454.0,0,0.0,0.0,,0.0,1,7.83,3.37,SPY220819C00465000,465.0,normalDay
2022-04-27,15370.0,-3262.0,0.0,100,417.27,454.0,0,0.0,0.0,,0.0,1,7.83,3.72,SPY220819C00465000,465.0,normalDay
2022-04-28,15370.0,-2345.0,0.0,100,427.81,454.0,0,0.0,0.0,,0.0,1,7.83,5.09,SPY220819C00465000,465.0,normalDay
2022-04-29,15370.0,-3717.0,0.0,100,412.0,454.0,0,0.0,0.0,,0.0,1,7.83,3.0,SPY220819C00465000,465.0,normalDay
2022-05-02,15370.0,-3494.0,0.0,100,414.48,454.0,0,0.0,0.0,,0.0,1,7.83,3.25,SPY220819C00465000,465.0,normalDay
2022-05-03,15370.0,-3283.0,0.0,100,416.38,454.0,0,0.0,0.0,,0.0,1,7.83,3.04,SPY220819C00465000,465.0,normalDay
2022-05-04,15370.0,-2187.0,0.0,100,429.06,454.0,0,0.0,0.0,,0.0,1,7.83,4.76,SPY220819C00465000,465.0,normalDay
2022-05-05,15370.0,-3530.0,0.0,100,413.81,454.0,0,0.0,0.0,,0.0,1,7.83,2.94,SPY220819C00465000,465.0,normalDay
2022-05-06,15370.0,-3728.0,0.0,100,411.34,454.0,0,0.0,0.0,,0.0,1,7.83,2.45,SPY220819C00465000,465.0,normalDay
2022-05-09,15370.0,-4964.0,0.0,100,398.17,454.0,0,0.0,0.0,,0.0,1,7.83,1.64,SPY220819C00465000,465.0,normalDay
2022-05-10,15370.0,-4852.0,0.0,100,399.09,454.0,0,0.0,0.0,,0.0,1,7.83,1.44,SPY220819C00465000,465.0,normalDay
2022-05-11,15370.0,-5459.0,0.0,100,392.75,454.0,0,0.0,0.0,,0.0,1,7.83,1.17,SPY220819C00465000,465.0,normalDay
2022-05-12,15370.0,-5479.0,0.0,100,392.34,454.0,0,0.0,0.0,,0.0,1,7.83,0.96,SPY220819C00465000,465.0,normalDay
2022-05-13,15370.0,-4553.0,0.0,100,401.72,454.0,0,0.0,0.0,,0.0,1,7.83,1.08,SPY220819C00465000,465.0,normalDay
2022-05-16,15370.0,-4694.0,0.0,100,400.09,454.0,0,0.0,0.0,,0.0,1,7.83,0.86,SPY220819C00465000,465.0,normalDay
2022-05-17,15370.0,-3917.0,0.0,100,408.32,454.0,0,0.0,0.0,,0.0,1,7.83,1.32,SPY220819C00465000,465.0,normalDay
2022-05-18,15370.0,-5487.0,0.0,100,391.86,454.0,0,0.0,0.0,,0.0,1,7.83,0.56,SPY220819C00465000,465.0,normalDay
2022-05-19,15370.0,-5717.0,0.0,100,389.46,454.0,0,0.0,0.0,,0.0,1,7.83,0.46,SPY220819C00465000,465.0,normalDay
2022-05-20,15370.0,-5704.0,0.0,100,389.63,454.0,0,0.0,0.0,,0.0,1,7.83,0.5,SPY220819C00465000,465.0,normalDay
2022-05-23,15370.0,-5006.0,0.0,100,396.92,454.0,0,0.0,0.0,,0.0,1,7.83,0.81,SPY220819C00465000,465.0,normalDay
2022-05-24,15370.0,-5302.0,0.0,100,393.89,454.0,0,0.0,0.0,,0.0,1,7.83,0.74,SPY220819C00465000,465.0,normalDay
2022-05-25,15370.0,-4959.0,0.0,100,397.37,454.0,0,0.0,0.0,,0.0,1,7.83,0.79,SPY220819C00465000,465.0,normalDay
2022-05-26,15370.0,-4202.0,0.0,100,405.31,454.0,0,0.0,0.0,,0.0,1,7.83,1.16,SPY220819C00465000,465.0,normalDay
2022-05-27,15370.0,-3270.0,0.0,100,415.26,454.0,0,0.0,0.0,,0.0,1,7.83,1.79,SPY220819C00465000,465.0,normalDay
2022-05-31,15370.0,-3449.0,0.0,100,412.93,454.0,0,0.0,0.0,,0.0,1,7.83,1.25,SPY220819C00465000,465.0,normalDay
2022-06-01,15370.0,-3747.0,0.0,100,409.59,454.0,0,0.0,0.0,,0.0,1,7.83,0.89,SPY220819C00465000,465.0,normalDay
2022-06-02,15370.0,-3016.0,0.0,100,417.39,454.0,0,0.0,0.0,,0.0,1,7.83,1.38,SPY220819C00465000,465.0,normalDay
2022-06-03,15370.0,-3651.0,0.0,100,410.54,454.0,0,0.0,0.0,,0.0,1,7.83,0.88,SPY220819C00465000,465.0,normalDay
2022-06-06,15370.0,-3524.0,0.0,100,411.79,454.0,0,0.0,0.0,,0.0,1,7.83,0.86,SPY220819C00465000,465.0,normalDay
2022-06-07,15370.0,-3141.0,0.0,100,415.74,454.0,0,0.0,0.0,,0.0,1,7.83,0.98,SPY220819C00465000,465.0,normalDay
2022-06-08,15370.0,-3566.0,0.0,100,411.22,454.0,0,0.0,0.0,,0.0,1,7.83,0.71,SPY220819C00465000,465.0,normalDay
2022-06-09,15370.0,-4519.0,0.0,100,401.44,454.0,0,0.0,0.0,,0.0,1,7.83,0.46,SPY220819C00465000,465.0,normalDay
2022-06-10,15370.0,-5661.0,0.0,100,389.8,454.0,0,0.0,0.0,,0.0,1,7.83,0.24,SPY220819C00465000,465.0,normalDay
2022-06-13,15370.0,-7134.0,0.0,100,375.0,454.0,0,0.0,0.0,,0.0,1,7.83,0.17,SPY220819C00465000,465.0,normalDay
2022-06-14,15370.0,-7244.0,0.0,100,373.87,454.0,0,0.0,0.0,,0.0,1,7.83,0.14,SPY220819C00465000,465.0,normalDay
2022-06-15,15370.0,-6713.0,0.0,100,379.2,454.0,0,0.0,0.0,,0.0,1,7.83,0.16,SPY220819C00465000,465.0,normalDay
2022-06-16,15370.0,-7963.0,0.0,100,366.65,454.0,0,0.0,0.0,,0.0,1,7.83,0.11,SPY220819C00465000,465.0,normalDay
2022-06-17,15370.0,-8043.0,0.0,100,365.86,454.0,0,0.0,0.0,,0.0,1,7.83,0.12,SPY220819C00465000,465.0,normalDay
2022-06-21,15370.0,-7123.0,0.0,100,375.07,454.0,0,0.0,0.0,,0.0,1,7.83,0.13,SPY220819C00465000,465.0,normalDay
2022-06-22,15370.0,-7190.0,0.0,100,374.39,454.0,0,0.0,0.0,,0.0,1,7.83,0.12,SPY220819C00465000,465.0,normalDay
2022-06-23,15370.0,-6823.0,0.0,100,378.06,454.0,0,0.0,0.0,,0.0,1,7.83,0.12,SPY220819C00465000,465.0,normalDay
2022-06-24,15370.0,-5628.0,0.0,100,390.08,454.0,0,0.0,0.0,,0.0,1,7.83,0.19,SPY220819C00465000,465.0,normalDay
2022-06-27,15370.0,-5774.0,0.0,100,388.59,454.0,0,0.0,0.0,,0.0,1,7.83,0.16,SPY220819C00465000,465.0,normalDay
2022-06-28,15370.0,-6562.0,0.0,100,380.65,454.0,0,0.0,0.0,,0.0,1,7.83,0.1,SPY220819C00465000,465.0,normalDay
2022-06-29,15370.0,-6593.0,0.0,100,380.34,454.0,0,0.0,0.0,,0.0,1,7.83,0.1,SPY220819C00465000,465.0,normalDay
2022-06-30,15370.0,-6899.0,0.0,100,377.25,454.0,0,0.0,0.0,,0.0,1,7.83,0.07,SPY220819C00465000,465.0,normalDay
2022-07-01,15370.0,-6499.0,0.0,100,381.24,454.0,0,0.0,0.0,,0.0,1,7.83,0.06,SPY220819C00465000,465.0,normalDay
2022-07-05,15370.0,-6426.0,0.0,100,381.96,454.0,0,0.0,0.0,,0.0,1,7.83,0.05,SPY220819C00465000,465.0,normalDay
2022-07-06,15370.0,-6297.0,0.0,100,383.25,454.0,0,0.0,0.0,,0.0,1,7.83,0.05,SPY220819C00465000,465.0,normalDay
2022-07-07,15370.0,-5724.0,0.0,100,388.99,454.0,0,0.0,0.0,,0.0,1,7.83,0.06,SPY220819C00465000,465.0,normalDay
2022-07-08,15370.0,-5755.0,0.0,100,388.67,454.0,0,0.0,0.0,,0.0,1,7.83,0.05,SPY220819C00465000,465.0,normalDay
2022-07-11,15370.0,-6198.0,0.0,100,384.23,454.0,0,0.0,0.0,,0.0,1,7.83,0.04,SPY220819C00465000,465.0,normalDay
2022-07-12,15370.0,-6537.0,0.0,100,380.83,454.0,0,0.0,0.0,,0.0,1,7.83,0.03,SPY220819C00465000,465.0,normalDay
2022-07-13,15370.0,-6737.0,0.0,100,378.83,454.0,0,0.0,0.0,,0.0,1,7.83,0.03,SPY220819C00465000,465.0,normalDay
2022-07-14,15370.0,-6828.0,0.0,100,377.91,454.0,0,0.0,0.0,,0.0,1,7.83,0.02,SPY220819C00465000,465.0,normalDay
2022-07-15,15370.0,-6107.0,0.0,100,385.13,454.0,0,0.0,0.0,,0.0,1,7.83,0.03,SPY220819C00465000,465.0,normalDay
2022-07-18,15370.0,-6424.0,0.0,100,381.95,454.0,0,0.0,0.0,,0.0,1,7.83,0.02,SPY220819C00465000,465.0,normalDay
2022-07-19,15370.0,-5394.0,0.0,100,392.27,454.0,0,0.0,0.0,,0.0,1,7.83,0.04,SPY220819C00465000,465.0,normalDay
2022-07-20,15370.0,-5144.0,0.0,100,394.77,454.0,0,0.0,0.0,,0.0,1,7.83,0.04,SPY220819C00465000,465.0,normalDay
2022-07-21,15370.0,-4742.0,0.0,100,398.79,454.0,0,0.0,0.0,,0.0,1,7.83,0.04,SPY220819C00465000,465.0,normalDay
2022-07-22,15370.0,-5111.0,0.0,100,395.09,454.0,0,0.0,0.0,,0.0,1,7.83,0.03,SPY220819C00465000,465.0,normalDay
2022-07-25,15370.0,-5062.0,0.0,100,395.57,454.0,0,0.0,0.0,,0.0,1,7.83,0.02,SPY220819C00465000,465.0,normalDay
2022-07-26,15370.0,-5530.0,0.0,100,390.89,454.0,0,0.0,0.0,,0.0,1,7.83,0.02,SPY220819C00465000,465.0,normalDay
2022-07-27,15370.0,-4516.0,0.0,100,401.04,454.0,0,0.0,0.0,,0.0,1,7.83,0.03,SPY220819C00465000,465.0,normalDay
2022-07-28,15370.0,-4013.0,0.0,100,406.07,454.0,0,0.0,0.0,,0.0,1,7.83,0.03,SPY220819C00465000,465.0,normalDay
2022-07-29,15370.0,-3421.0,0.0,100,411.99,454.0,0,0.0,0.0,,0.0,1,7.83,0.03,SPY220819C00465000,465.0,normalDay
2022-08-01,15370.0,-3542.0,0.0,100,410.77,454.0,0,0.0,0.0,,0.0,1,7.83,0.02,SPY220819C00465000,465.0,normalDay
2022-08-02,15370.0,-3813.0,0.0,100,408.06,454.0,0,0.0,0.0,,0.0,1,7.83,0.02,SPY220819C00465000,465.0,normalDay
2022-08-03,15370.0,-3174.0,0.0,100,414.45,454.0,0,0.0,0.0,,0.0,1,7.83,0.02,SPY220819C00465000,465.0,normalDay
2022-08-04,15370.0,-3201.0,0.0,100,414.17,454.0,0,0.0,0.0,,0.0,1,7.83,0.01,SPY220819C00465000,465.0,normalDay
2022-08-05,15370.0,-3271.0,0.0,100,413.47,454.0,0,0.0,0.0,,0.0,1,7.83,0.01,SPY220819C00465000,465.0,normalDay
2022-08-08,15370.0,-3319.0,0.0,100,412.99,454.0,0,0.0,0.0,,0.0,1,7.83,0.01,SPY220819C00465000,465.0,normalDay
2022-08-09,15370.0,-3483.0,0.0,100,411.35,454.0,0,0.0,0.0,,0.0,1,7.83,0.01,SPY220819C00465000,465.0,normalDay
2022-08-10,15370.0,-2619.0,0.0,100,419.99,454.0,0,0.0,0.0,,0.0,1,7.83,0.01,SPY220819C00465000,465.0,normalDay
2022-08-11,15370.0,-2619.0,0.0,100,419.99,454.0,0,0.0,0.0,,0.0,1,7.83,0.01,SPY220819C00465000,465.0,normalDay
2022-08-12,15370.0,-1908.0,0.0,100,427.1,454.0,0,0.0,0.0,,0.0,1,7.83,0.01,SPY220819C00465000,465.0,normalDay
2022-08-15,15370.0,-1732.0,0.0,100,428.86,454.0,0,0.0,0.0,,0.0,1,7.83,0.01,SPY220819C00465000,465.0,normalDay
2022-08-16,15370.0,-1648.0,0.0,100,429.7,454.0,0,0.0,0.0,,0.0,1,7.83,0.01,SPY220819C00465000,465.0,normalDay
2022-08-17,15370.0,-1953.0,0.0,100,426.65,454.0,0,0.0,0.0,,0.0,1,7.83,0.01,SPY220819C00465000,465.0,normalDay
2022-08-18,15370.0,-1829.0,0.0,100,427.89,454.0,0,0.0,0.0,,0.0,1,7.83,0.01,SPY220819C00465000,465.0,normalDay
2022-08-19,16153.0,-3186.0,783.0,100,422.14,454.0,0,0.0,0.0,,0.0,1,7.83,0.0,SPY220819C00465000,465.0,expirationDay
2022-08-22,16153.0,-4082.0,0.0,100,413.35,454.0,0,0.0,0.0,,0.0,1,11.0,11.17,SPY221230C00437000,437.0,normalDay
2022-08-23,16153.0,-4105.0,0.0,100,412.35,454.0,0,0.0,0.0,,0.0,1,11.0,10.4,SPY221230C00437000,437.0,normalDay
2022-08-24,16153.0,-3983.0,0.0,100,413.67,454.0,0,0.0,0.0,,0.0,1,11.0,10.5,SPY221230C00437000,437.0,normalDay
2022-08-25,16153.0,-3581.0,0.0,100,419.51,454.0,0,0.0,0.0,,0.0,1,11.0,12.32,SPY221230C00437000,437.0,normalDay
2022-08-26,16153.0,-4537.0,0.0,100,405.31,454.0,0,0.0,0.0,,0.0,1,11.0,7.68,SPY221230C00437000,437.0,normalDay
2022-08-29,16153.0,-4718.0,0.0,100,402.63,454.0,0,0.0,0.0,,0.0,1,11.0,6.81,SPY221230C00437000,437.0,normalDay
2022-08-30,16153.0,-5032.0,0.0,100,398.21,454.0,0,0.0,0.0,,0.0,1,11.0,5.53,SPY221230C00437000,437.0,normalDay
2022-08-31,16153.0,-5244.0,0.0,100,395.18,454.0,0,0.0,0.0,,0.0,1,11.0,4.62,SPY221230C00437000,437.0,normalDay
2022-09-01,16153.0,-5132.0,0.0,100,396.42,454.0,0,0.0,0.0,,0.0,1,11.0,4.74,SPY221230C00437000,437.0,normalDay
2022-09-02,16153.0,-5472.0,0.0,100,392.24,454.0,0,0.0,0.0,,0.0,1,11.0,3.96,SPY221230C00437000,437.0,normalDay
2022-09-06,16153.0,-5583.0,0.0,100,390.76,454.0,0,0.0,0.0,,0.0,1,11.0,3.59,SPY221230C00437000,437.0,normalDay
2022-09-07,16153.0,-4992.0,0.0,100,397.78,454.0,0,0.0,0.0,,0.0,1,11.0,4.7,SPY221230C00437000,437.0,normalDay
2022-09-08,16153.0,-4788.0,0.0,100,400.38,454.0,0,0.0,0.0,,0.0,1,11.0,5.26,SPY221230C00437000,437.0,normalDay
2022-09-09,16153.0,-4299.0,0.0,100,406.6,454.0,0,0.0,0.0,,0.0,1,11.0,6.59,SPY221230C00437000,437.0,normalDay
2022-09-12,16153.0,-4027.0,0.0,100,410.97,454.0,0,0.0,0.0,,0.0,1,11.0,8.24,SPY221230C00437000,437.0,normalDay
2022-09-13,16153.0,-5404.0,0.0,100,393.1,454.0,0,0.0,0.0,,0.0,1,11.0,4.14,SPY221230C00437000,437.0,normalDay
2022-09-14,16153.0,-5249.0,0.0,100,394.6,454.0,0,0.0,0.0,,0.0,1,11.0,4.09,SPY221230C00437000,437.0,normalDay
2022-09-15,16153.0,-5620.0,0.0,100,390.12,454.0,0,0.0,0.0,,0.0,1,11.0,3.32,SPY221230C00437000,437.0,normalDay
2022-09-16,16153.0,-6027.0,0.0,100,385.56,454.0,0,0.0,0.0,,0.0,1,11.0,2.83,SPY221230C00437000,437.0,normalDay
2022-09-19,16153.0,-5750.0,0.0,100,388.55,454.0,0,0.0,0.0,,0.0,1,11.0,3.05,SPY221230C00437000,437.0,normalDay
2022-09-20,16153.0,-6144.0,0.0,100,384.09,454.0,0,0.0,0.0,,0.0,1,11.0,2.53,SPY221230C00437000,437.0,normalDay
2022-09-21,16153.0,-6736.0,0.0,100,377.39,454.0,0,0.0,0.0,,0.0,1,11.0,1.75,SPY221230C00437000,437.0,normalDay
2022-09-22,16153.0,-7022.0,0.0,100,374.22,454.0,0,0.0,0.0,,0.0,1,11.0,1.44,SPY221230C00437000,437.0,normalDay
2022-09-23,16153.0,-7615.0,0.0,100,367.95,454.0,0,0.0,0.0,,0.0,1,11.0,1.1,SPY221230C00437000,437.0,normalDay
2022-09-26,16153.0,-7964.0,0.0,100,364.31,454.0,0,0.0,0.0,,0.0,1,11.0,0.95,SPY221230C00437000,437.0,normalDay
2022-09-27,16153.0,-8045.0,0.0,100,363.38,454.0,0,0.0,0.0,,0.0,1,11.0,0.83,SPY221230C00437000,437.0,normalDay
2022-09-28,16153.0,-7362.0,0.0,100,370.53,454.0,0,0.0,0.0,,0.0,1,11.0,1.15,SPY221230C00437000,437.0,normalDay
2022-09-29,16153.0,-8093.0,0.0,100,362.79,454.0,0,0.0,0.0,,0.0,1,11.0,0.72,SPY221230C00437000,437.0,normalDay
2022-09-30,16153.0,-8633.0,0.0,100,357.18,454.0,0,0.0,0.0,,0.0,1,11.0,0.51,SPY221230C00437000,437.0,normalDay
2022-10-03,16153.0,-7720.0,0.0,100,366.61,454.0,0,0.0,0.0,,0.0,1,11.0,0.81,SPY221230C00437000,437.0,normalDay
2022-10-04,16153.0,-6652.0,0.0,100,377.97,454.0,0,0.0,0.0,,0.0,1,11.0,1.49,SPY221230C00437000,437.0,normalDay
2022-10-05,16153.0,-6723.0,0.0,100,377.09,454.0,0,0.0,0.0,,0.0,1,11.0,1.32,SPY221230C00437000,437.0,normalDay
2022-10-06,16153.0,-7089.0,0.0,100,373.2,454.0,0,0.0,0.0,,0.0,1,11.0,1.09,SPY221230C00437000,437.0,normalDay
2022-10-07,16153.0,-8081.0,0.0,100,362.79,454.0,0,0.0,0.0,,0.0,1,11.0,0.6,SPY221230C00437000,437.0,normalDay
2022-10-10,16153.0,-8359.0,0.0,100,360.02,454.0,0,0.0,0.0,,0.0,1,11.0,0.61,SPY221230C00437000,437.0,normalDay
2022-10-11,16153.0,-8584.0,0.0,100,357.74,454.0,0,0.0,0.0,,0.0,1,11.0,0.58,SPY221230C00437000,437.0,normalDay
2022-10-12,16153.0,-8699.0,0.0,100,356.56,454.0,0,0.0,0.0,,0.0,1,11.0,0.55,SPY221230C00437000,437.0,normalDay
2022-10-13,16153.0,-7795.0,0.0,100,365.97,454.0,0,0.0,0.0,,0.0,1,11.0,0.92,SPY221230C00437000,437.0,normalDay
2022-10-14,16153.0,-8593.0,0.0,100,357.63,454.0,0,0.0,0.0,,0.0,1,11.0,0.56,SPY221230C00437000,437.0,normalDay
2022-10-17,16153.0,-7705.0,0.0,100,366.82,454.0,0,0.0,0.0,,0.0,1,11.0,0.87,SPY221230C00437000,437.0,normalDay
2022-10-18,16153.0,-7294.0,0.0,100,371.13,454.0,0,0.0,0.0,,0.0,1,11.0,1.07,SPY221230C00437000,437.0,normalDay
2022-10-19,16153.0,-7533.0,0.0,100,368.5,454.0,0,0.0,0.0,,0.0,1,11.0,0.83,SPY221230C00437000,437.0,normalDay
2022-10-20,16153.0,-7820.0,0.0,100,365.41,454.0,0,0.0,0.0,,0.0,1,11.0,0.61,SPY221230C00437000,437.0,normalDay
2022-10-21,16153.0,-6988.0,0.0,100,374.29,454.0,0,0.0,0.0,,0.0,1,11.0,1.17,SPY221230C00437000,437.0,normalDay
2022-10-24,16153.0,-6560.0,0.0,100,378.87,454.0,0,0.0,0.0,,0.0,1,11.0,1.47,SPY221230C00437000,437.0,normalDay
2022-10-25,16153.0,-5969.0,0.0,100,384.92,454.0,0,0.0,0.0,,0.0,1,11.0,1.61,SPY221230C00437000,437.0,normalDay
2022-10-26,16153.0,-6229.0,0.0,100,382.02,454.0,0,0.0,0.0,,0.0,1,11.0,1.31,SPY221230C00437000,437.0,normalDay
2022-10-27,16153.0,-6380.0,0.0,100,379.98,454.0,0,0.0,0.0,,0.0,1,11.0,0.78,SPY221230C00437000,437.0,normalDay
2022-10-28,16153.0,-5561.0,0.0,100,389.02,454.0,0,0.0,0.0,,0.0,1,11.0,1.63,SPY221230C00437000,437.0,normalDay
2022-10-31,16153.0,-5795.0,0.0,100,386.21,454.0,0,0.0,0.0,,0.0,1,11.0,1.16,SPY221230C00437000,437.0,normalDay
2022-11-01,16153.0,-5946.0,0.0,100,384.52,454.0,0,0.0,0.0,,0.0,1,11.0,0.98,SPY221230C00437000,437.0,normalDay
2022-11-02,16153.0,-6859.0,0.0,100,374.87,454.0,0,0.0,0.0,,0.0,1,11.0,0.46,SPY221230C00437000,437.0,normalDay
2022-11-03,16153.0,-7231.0,0.0,100,371.01,454.0,0,0.0,0.0,,0.0,1,11.0,0.32,SPY221230C00437000,437.0,normalDay
2022-11-04,16153.0,-6705.0,0.0,100,376.35,454.0,0,0.0,0.0,,0.0,1,11.0,0.4,SPY221230C00437000,437.0,normalDay
2022-11-07,16153.0,-6350.0,0.0,100,379.95,454.0,0,0.0,0.0,,0.0,1,11.0,0.45,SPY221230C00437000,437.0,normalDay
2022-11-08,16153.0,-6153.0,0.0,100,382.0,454.0,0,0.0,0.0,,0.0,1,11.0,0.53,SPY221230C00437000,437.0,normalDay
2022-11-09,16153.0,-6917.0,0.0,100,374.13,454.0,0,0.0,0.0,,0.0,1,11.0,0.3,SPY221230C00437000,437.0,normalDay
2022-11-10,16153.0,-4956.0,0.0,100,394.69,454.0,0,0.0,0.0,,0.0,1,11.0,1.25,SPY221230C00437000,437.0,normalDay
2022-11-11,16153.0,-4567.0,0.0,100,398.51,454.0,0,0.0,0.0,,0.0,1,11.0,1.18,SPY221230C00437000,437.0,normalDay
2022-11-14,16153.0,-4870.0,0.0,100,395.12,454.0,0,0.0,0.0,,0.0,1,11.0,0.82,SPY221230C00437000,437.0,normalDay
2022-11-15,16153.0,-4550.0,0.0,100,398.49,454.0,0,0.0,0.0,,0.0,1,11.0,0.99,SPY221230C00437000,437.0,normalDay
2022-11-16,16153.0,-4823.0,0.0,100,395.45,454.0,0,0.0,0.0,,0.0,1,11.0,0.68,SPY221230C00437000,437.0,normalDay
2022-11-17,16153.0,-4931.0,0.0,100,394.24,454.0,0,0.0,0.0,,0.0,1,11.0,0.55,SPY221230C00437000,437.0,normalDay
2022-11-18,16153.0,-4746.0,0.0,100,396.03,454.0,0,0.0,0.0,,0.0,1,11.0,0.49,SPY221230C00437000,437.0,normalDay
2022-11-21,16153.0,-4874.0,0.0,100,394.59,454.0,0,0.0,0.0,,0.0,1,11.0,0.33,SPY221230C00437000,437.0,normalDay
2022-11-22,16153.0,-4350.0,0.0,100,399.9,454.0,0,0.0,0.0,,0.0,1,11.0,0.4,SPY221230C00437000,437.0,normalDay
2022-11-23,16153.0,-4095.0,0.0,100,402.42,454.0,0,0.0,0.0,,0.0,1,11.0,0.37,SPY221230C00437000,437.0,normalDay
2022-11-25,16153.0,-4098.0,0.0,100,402.33,454.0,0,0.0,0.0,,0.0,1,11.0,0.31,SPY221230C00437000,437.0,normalDay
2022-11-28,16153.0,-4726.0,0.0,100,395.91,454.0,0,0.0,0.0,,0.0,1,11.0,0.17,SPY221230C00437000,437.0,normalDay
2022-11-29,16153.0,-4790.0,0.0,100,395.23,454.0,0,0.0,0.0,,0.0,1,11.0,0.13,SPY221230C00437000,437.0,normalDay
2022-11-30,16153.0,-3590.0,0.0,100,407.68,454.0,0,0.0,0.0,,0.0,1,11.0,0.58,SPY221230C00437000,437.0,normalDay
2022-12-01,16153.0,-3608.0,0.0,100,407.38,454.0,0,0.0,0.0,,0.0,1,11.0,0.46,SPY221230C00437000,437.0,normalDay
2022-12-02,16153.0,-3635.0,0.0,100,406.91,454.0,0,0.0,0.0,,0.0,1,11.0,0.26,SPY221230C00437000,437.0,normalDay
2022-12-05,16153.0,-4353.0,0.0,100,399.59,454.0,0,0.0,0.0,,0.0,1,11.0,0.12,SPY221230C00437000,437.0,normalDay
2022-12-06,16153.0,-4927.0,0.0,100,393.83,454.0,0,0.0,0.0,,0.0,1,11.0,0.1,SPY221230C00437000,437.0,normalDay
2022-12-07,16153.0,-4991.0,0.0,100,393.16,454.0,0,0.0,0.0,,0.0,1,11.0,0.07,SPY221230C00437000,437.0,normalDay
2022-12-08,16153.0,-4685.0,0.0,100,396.24,454.0,0,0.0,0.0,,0.0,1,11.0,0.09,SPY221230C00437000,437.0,normalDay
2022-12-09,16153.0,-4978.0,0.0,100,393.28,454.0,0,0.0,0.0,,0.0,1,11.0,0.06,SPY221230C00437000,437.0,normalDay
2022-12-12,16153.0,-4424.0,0.0,100,398.95,454.0,0,0.0,0.0,,0.0,1,11.0,0.19,SPY221230C00437000,437.0,normalDay
2022-12-13,16153.0,-4115.0,0.0,100,401.97,454.0,0,0.0,0.0,,0.0,1,11.0,0.12,SPY221230C00437000,437.0,normalDay
2022-12-14,16153.0,-4364.0,0.0,100,399.4,454.0,0,0.0,0.0,,0.0,1,11.0,0.04,SPY221230C00437000,437.0,normalDay
2022-12-15,16153.0,-5340.0,0.0,100,389.63,454.0,0,0.0,0.0,,0.0,1,11.0,0.03,SPY221230C00437000,437.0,normalDay
2022-12-16,16153.0,-5975.0,0.0,100,383.27,454.0,0,0.0,0.0,,0.0,1,11.0,0.02,SPY221230C00437000,437.0,normalDay
2022-12-19,16153.0,-6299.0,0.0,100,380.02,454.0,0,0.0,0.0,,0.0,1,11.0,0.01,SPY221230C00437000,437.0,normalDay
2022-12-20,16153.0,-6247.0,0.0,100,380.54,454.0,0,0.0,0.0,,0.0,1,11.0,0.01,SPY221230C00437000,437.0,normalDay
2022-12-21,16153.0,-5678.0,0.0,100,386.23,454.0,0,0.0,0.0,,0.0,1,11.0,0.01,SPY221230C00437000,437.0,normalDay
2022-12-22,16153.0,-6229.0,0.0,100,380.72,454.0,0,0.0,0.0,,0.0,1,11.0,0.01,SPY221230C00437000,437.0,normalDay
2022-12-23,16153.0,-6010.0,0.0,100,382.91,454.0,0,0.0,0.0,,0.0,1,11.0,0.01,SPY221230C00437000,437.0,normalDay
2022-12-27,16153.0,-6161.0,0.0,100,381.4,454.0,0,0.0,0.0,,0.0,1,11.0,0.01,SPY221230C00437000,437.0,normalDay
2022-12-28,16153.0,-6635.0,0.0,100,376.66,454.0,0,0.0,0.0,,0.0,1,11.0,0.01,SPY221230C00437000,437.0,normalDay
2022-12-29,16153.0,-5957.0,0.0,100,383.44,454.0,0,0.0,0.0,,0.0,1,11.0,0.01,SPY221230C00437000,437.0,normalDay
2022-12-30,17253.0,-7157.0,1100.0,100,382.43,454.0,0,0.0,0.0,,0.0,1,11.0,0.0,SPY221230C00437000,437.0,expirationDay
2023-01-03,17253.0,-7328.0,0.0,100,380.82,454.0,0,0.0,0.0,,0.0,1,8.61,8.71,SPY230421C00405000,405.0,normalDay
2023-01-04,17253.0,-7115.0,0.0,100,383.76,454.0,0,0.0,0.0,,0.0,1,8.61,9.52,SPY230421C00405000,405.0,normalDay
2023-01-05,17253.0,-7371.0,0.0,100,379.38,454.0,0,0.0,0.0,,0.0,1,8.61,7.7,SPY230421C00405000,405.0,normalDay
2023-01-06,17253.0,-6780.0,0.0,100,388.08,454.0,0,0.0,0.0,,0.0,1,8.61,10.49,SPY230421C00405000,405.0,normalDay
2023-01-09,17253.0,-6785.0,0.0,100,387.86,454.0,0,0.0,0.0,,0.0,1,8.61,10.32,SPY230421C00405000,405.0,normalDay
2023-01-10,17253.0,-6573.0,0.0,100,390.58,454.0,0,0.0,0.0,,0.0,1,8.61,10.92,SPY230421C00405000,405.0,normalDay
2023-01-11,17253.0,-6325.0,0.0,100,395.52,454.0,0,0.0,0.0,,0.0,1,8.61,13.38,SPY230421C00405000,405.0,normalDay
2023-01-12,17253.0,-6149.0,0.0,100,396.96,454.0,0,0.0,0.0,,0.0,1,8.61,13.06,SPY230421C00405000,405.0,normalDay
2023-01-13,17253.0,-5993.0,0.0,100,398.5,454.0,0,0.0,0.0,,0.0,1,8.61,13.04,SPY230421C00405000,405.0,normalDay
2023-01-17,17253.0,-6021.0,0.0,100,397.77,454.0,0,0.0,0.0,,0.0,1,8.61,12.59,SPY230421C00405000,405.0,normalDay
2023-01-18,17253.0,-6361.0,0.0,100,391.49,454.0,0,0.0,0.0,,0.0,1,8.61,9.71,SPY230421C00405000,405.0,normalDay
2023-01-19,17253.0,-6510.0,0.0,100,388.64,454.0,0,0.0,0.0,,0.0,1,8.61,8.35,SPY230421C00405000,405.0,normalDay
2023-01-20,17253.0,-6062.0,0.0,100,395.88,454.0,0,0.0,0.0,,0.0,1,8.61,11.11,SPY230421C00405000,405.0,normalDay
2023-01-23,17253.0,-5808.0,0.0,100,400.63,454.0,0,0.0,0.0,,0.0,1,8.61,13.32,SPY230421C00405000,405.0,normalDay
2023-01-24,17253.0,-5855.0,0.0,100,400.2,454.0,0,0.0,0.0,,0.0,1,8.61,13.36,SPY230421C00405000,405.0,normalDay
2023-01-25,17253.0,-5794.0,0.0,100,400.35,454.0,0,0.0,0.0,,0.0,1,8.61,12.9,SPY230421C00405000,405.0,normalDay
2023-01-26,17253.0,-5546.0,0.0,100,404.75,454.0,0,0.0,0.0,,0.0,1,8.61,14.82,SPY230421C00405000,405.0,normalDay
2023-01-27,17253.0,-5496.0,0.0,100,405.68,454.0,0,0.0,0.0,,0.0,1,8.61,15.25,SPY230421C00405000,405.0,normalDay
2023-01-30,17253.0,-5767.0,0.0,100,400.59,454.0,0,0.0,0.0,,0.0,1,8.61,12.87,SPY230421C00405000,405.0,normalDay
2023-01-31,17253.0,-5440.0,0.0,100,406.48,454.0,0,0.0,0.0,,0.0,1,8.61,15.49,SPY230421C00405000,405.0,normalDay
2023-02-01,17253.0,-5330.0,0.0,100,410.8,454.0,0,0.0,0.0,,0.0,1,8.61,18.71,SPY230421C00405000,405.0,normalDay
2023-02-02,17253.0,-5035.0,0.0,100,416.78,454.0,0,0.0,0.0,,0.0,1,8.61,21.74,SPY230421C00405000,405.0,normalDay
2023-02-03,17253.0,-5220.0,0.0,100,412.35,454.0,0,0.0,0.0,,0.0,1,8.61,19.16,SPY230421C00405000,405.0,normalDay
2023-02-06,17253.0,-5321.0,0.0,100,409.83,454.0,0,0.0,0.0,,0.0,1,8.61,17.65,SPY230421C00405000,405.0,normalDay
2023-02-07,17253.0,-5063.0,0.0,100,415.19,454.0,0,0.0,0.0,,0.0,1,8.61,20.43,SPY230421C00405000,405.0,normalDay
2023-02-08,17253.0,-5304.0,0.0,100,410.65,454.0,0,0.0,0.0,,0.0,1,8.61,18.3,SPY230421C00405000,405.0,normalDay
2023-02-09,17253.0,-5460.0,0.0,100,407.09,454.0,0,0.0,0.0,,0.0,1,8.61,16.3,SPY230421C00405000,405.0,normalDay
2023-02-10,17253.0,-5376.0,0.0,100,408.04,454.0,0,0.0,0.0,,0.0,1,8.61,16.41,SPY230421C00405000,405.0,normalDay
2023-02-13,17253.0,-5182.0,0.0,100,412.83,454.0,0,0.0,0.0,,0.0,1,8.61,19.26,SPY230421C00405000,405.0,normalDay
2023-02-14,17253.0,-5076.0,0.0,100,412.64,454.0,0,0.0,0.0,,0.0,1,8.61,18.01,SPY230421C00405000,405.0,normalDay
2023-02-15,17253.0,-5041.0,0.0,100,413.98,454.0,0,0.0,0.0,,0.0,1,8.61,19.0,SPY230421C00405000,405.0,normalDay
2023-02-16,17253.0,-5247.0,0.0,100,408.28,454.0,0,0.0,0.0,,0.0,1,8.61,15.36,SPY230421C00405000,405.0,normalDay
2023-02-17,17253.0,-5259.0,0.0,100,407.26,454.0,0,0.0,0.0,,0.0,1,8.61,14.46,SPY230421C00405000,405.0,normalDay
2023-02-21,17253.0,-5672.0,0.0,100,399.09,454.0,0,0.0,0.0,,0.0,1,8.61,10.42,SPY230421C00405000,405.0,normalDay
2023-02-22,17253.0,-5649.0,0.0,100,398.54,454.0,0,0.0,0.0,,0.0,1,8.61,9.64,SPY230421C00405000,405.0,normalDay
2023-02-23,17253.0,-5464.0,0.0,100,400.66,454.0,0,0.0,0.0,,0.0,1,8.61,9.91,SPY230421C00405000,405.0,normalDay
2023-02-24,17253.0,-5698.0,0.0,100,396.38,454.0,0,0.0,0.0,,0.0,1,8.61,7.97,SPY230421C00405000,405.0,normalDay
2023-02-27,17253.0,-5583.0,0.0,100,397.73,454.0,0,0.0,0.0,,0.0,1,8.61,8.17,SPY230421C00405000,405.0,normalDay
2023-02-28,17253.0,-5611.0,0.0,100,396.26,454.0,0,0.0,0.0,,0.0,1,8.61,6.98,SPY230421C00405000,405.0,normalDay
2023-03-01,17253.0,-5713.0,0.0,100,394.74,454.0,0,0.0,0.0,,0.0,1,8.61,6.48,SPY230421C00405000,405.0,normalDay
2023-03-02,17253.0,-5496.0,0.0,100,397.81,454.0,0,0.0,0.0,,0.0,1,8.61,7.38,SPY230421C00405000,405.0,normalDay
2023-03-03,17253.0,-5147.0,0.0,100,404.19,454.0,0,0.0,0.0,,0.0,1,8.61,10.27,SPY230421C00405000,405.0,normalDay
2023-03-06,17253.0,-5094.0,0.0,100,404.47,454.0,0,0.0,0.0,,0.0,1,8.61,10.02,SPY230421C00405000,405.0,normalDay
2023-03-07,17253.0,-5422.0,0.0,100,398.27,454.0,0,0.0,0.0,,0.0,1,8.61,7.1,SPY230421C00405000,405.0,normalDay
2023-03-08,17253.0,-5344.0,0.0,100,398.92,454.0,0,0.0,0.0,,0.0,1,8.61,6.97,SPY230421C00405000,405.0,normalDay
2023-03-09,17253.0,-5857.0,0.0,100,391.56,454.0,0,0.0,0.0,,0.0,1,8.61,4.74,SPY230421C00405000,405.0,normalDay
2023-03-10,17253.0,-6263.0,0.0,100,385.91,454.0,0,0.0,0.0,,0.0,1,8.61,3.15,SPY230421C00405000,405.0,normalDay
2023-03-13,17253.0,-6343.0,0.0,100,385.36,454.0,0,0.0,0.0,,0.0,1,8.61,3.4,SPY230421C00405000,405.0,normalDay
2023-03-14,17253.0,-5785.0,0.0,100,391.73,454.0,0,0.0,0.0,,0.0,1,8.61,4.19,SPY230421C00405000,405.0,normalDay
2023-03-15,17253.0,-5972.0,0.0,100,389.28,454.0,0,0.0,0.0,,0.0,1,8.61,3.61,SPY230421C00405000,405.0,normalDay
2023-03-16,17253.0,-5456.0,0.0,100,396.11,454.0,0,0.0,0.0,,0.0,1,8.61,5.28,SPY230421C00405000,405.0,normalDay
2023-03-17,17253.0,-5987.0,0.0,100,389.99,454.0,0,0.0,0.0,,0.0,1,8.61,4.47,SPY230421C00405000,405.0,normalDay
2023-03-20,17253.0,-5660.0,0.0,100,393.74,454.0,0,0.0,0.0,,0.0,1,8.61,4.95,SPY230421C00405000,405.0,normalDay
2023-03-21,17253.0,-5294.0,0.0,100,398.91,454.0,0,0.0,0.0,,0.0,1,8.61,6.46,SPY230421C00405000,405.0,normalDay
2023-03-22,17253.0,-5701.0,0.0,100,392.11,454.0,0,0.0,0.0,,0.0,1,8.61,3.73,SPY230421C00405000,405.0,normalDay
2023-03-23,17253.0,-5615.0,0.0,100,393.17,454.0,0,0.0,0.0,,0.0,1,8.61,3.93,SPY230421C00405000,405.0,normalDay
2023-03-24,17253.0,-5418.0,0.0,100,395.75,454.0,0,0.0,0.0,,0.0,1,8.61,4.54,SPY230421C00405000,405.0,normalDay
2023-03-27,17253.0,-5306.0,0.0,100,396.49,454.0,0,0.0,0.0,,0.0,1,8.61,4.16,SPY230421C00405000,405.0,normalDay
2023-03-28,17253.0,-5339.0,0.0,100,395.6,454.0,0,0.0,0.0,,0.0,1,8.61,3.6,SPY230421C00405000,405.0,normalDay
2023-03-29,17253.0,-4955.0,0.0,100,401.35,454.0,0,0.0,0.0,,0.0,1,8.61,5.51,SPY230421C00405000,405.0,normalDay
2023-03-30,17253.0,-4814.0,0.0,100,403.7,454.0,0,0.0,0.0,,0.0,1,8.61,6.45,SPY230421C00405000,405.0,normalDay
2023-03-31,17253.0,-4585.0,0.0,100,409.39,454.0,0,0.0,0.0,,0.0,1,8.61,9.85,SPY230421C00405000,405.0,normalDay
2023-04-03,17253.0,-4473.0,0.0,100,410.95,454.0,0,0.0,0.0,,0.0,1,8.61,10.29,SPY230421C00405000,405.0,normalDay
2023-04-04,17253.0,-4525.0,0.0,100,408.67,454.0,0,0.0,0.0,,0.0,1,8.61,8.53,SPY230421C00405000,405.0,normalDay
2023-04-05,17253.0,-4522.0,0.0,100,407.6,454.0,0,0.0,0.0,,0.0,1,8.61,7.43,SPY230421C00405000,405.0,normalDay
2023-04-06,17253.0,-4420.0,0.0,100,409.19,454.0,0,0.0,0.0,,0.0,1,8.61,8.0,SPY230421C00405000,405.0,normalDay
2023-04-10,17253.0,-4392.0,0.0,100,409.61,454.0,0,0.0,0.0,,0.0,1,8.61,8.14,SPY230421C00405000,405.0,normalDay
2023-04-11,17253.0,-4354.0,0.0,100,409.72,454.0,0,0.0,0.0,,0.0,1,8.61,7.87,SPY230421C00405000,405.0,normalDay
2023-04-12,17253.0,-4336.0,0.0,100,408.05,454.0,0,0.0,0.0,,0.0,1,8.61,6.02,SPY230421C00405000,405.0,normalDay
2023-04-13,17253.0,-4172.0,0.0,100,413.47,454.0,0,0.0,0.0,,0.0,1,8.61,9.8,SPY230421C00405000,405.0,normalDay
2023-04-14,17253.0,-4163.0,0.0,100,412.46,454.0,0,0.0,0.0,,0.0,1,8.61,8.7,SPY230421C00405000,405.0,normalDay
2023-04-17,17253.0,-4118.0,0.0,100,413.94,454.0,0,0.0,0.0,,0.0,1,8.61,9.73,SPY230421C00405000,405.0,normalDay
2023-04-18,17253.0,-4078.0,0.0,100,414.21,454.0,0,0.0,0.0,,0.0,1,8.61,9.6,SPY230421C00405000,405.0,normalDay
2023-04-19,17253.0,-4088.0,0.0,100,414.14,454.0,0,0.0,0.0,,0.0,1,8.61,9.63,SPY230421C00405000,405.0,normalDay
2023-04-20,17253.0,-4088.0,0.0,100,411.88,454.0,0,0.0,0.0,,0.0,1,8.61,7.37,SPY230421C00405000,405.0,normalDay
2023-04-21,13214.0,-4088.0,-4039.0,0,412.2,0.0,0,0.0,0.0,,0.0,1,8.61,0.0,SPY230421C00405000,405.0,expirationDay
2023-04-24,13214.0,0.0,0.0,0,412.63,0.0,0,0.0,0.0,,0.0,0,0.0,0.0,,0.0,bidTooLow
2023-04-25,13214.0,-3.0,0.0,0,406.08,0.0,1,0.12,0.15,SPY230428P00394000,394.0,0,0.0,0.0,,0.0,normalDay
2023-04-26,13214.0,-1.0,0.0,0,404.36,0.0,1,0.12,0.13,SPY230428P00394000,394.0,0,0.0,0.0,,0.0,normalDay
2023-04-27,13214.0,10.0,0.0,0,412.41,0.0,1,0.12,0.02,SPY230428P00394000,394.0,0,0.0,0.0,,0.0,normalDay
2023-04-28,13226.0,0.0,12.0,0,415.93,0.0,1,0.12,0.0,SPY230428P00394000,394.0,0,0.0,0.0,,0.0,expirationDay
2023-05-01,13226.0,-3.0,0.0,0,415.51,0.0,1,0.07,0.1,SPY230504P00401000,401.0,0,0.0,0.0,,0.0,normalDay
2023-05-02,13226.0,-19.0,0.0,0,410.84,0.0,1,0.07,0.26,SPY230504P00401000,401.0,0,0.0,0.0,,0.0,normalDay
2023-05-03,13226.0,-13.0,0.0,0,408.02,0.0,1,0.07,0.2,SPY230504P00401000,401.0,0,0.0,0.0,,0.0,normalDay
2023-05-04,13233.0,0.0,7.0,0,405.13,0.0,1,0.07,0.0,SPY230504P00401000,401.0,0,0.0,0.0,,0.0,expirationDay
2023-05-05,13233.0,-3.0,0.0,0,412.63,0.0,1,0.03,0.06,SPY230508P00400000,400.0,0,0.0,0.0,,0.0,normalDay
2023-05-08,13236.0,0.0,3.0,0,412.74,0.0,1,0.03,0.0,SPY230508P00400000,400.0,0,0.0,0.0,,0.0,expirationDay
2023-05-09,13236.0,-3.0,0.0,0,410.93,0.0,1,0.22,0.25,SPY230512P00400000,400.0,0,0.0,0.0,,0.0,normalDay
2023-05-10,13236.0,14.0,0.0,0,412.85,0.0,1,0.22,0.08,SPY230512P00400000,400.0,0,0.0,0.0,,0.0,normalDay
2023-05-11,13236.0,18.0,0.0,0,412.13,0.0,1,0.22,0.04,SPY230512P00400000,400.0,0,0.0,0.0,,0.0,normalDay
2023-05-12,13258.0,0.0,22.0,0,411.59,0.0,1,0.22,0.0,SPY230512P00400000,400.0,0,0.0,0.0,,0.0,expirationDay
2023-05-15,13258.0,-3.0,0.0,0,413.01,0.0,1,0.12,0.15,SPY230518P00401000,401.0,0,0.0,0.0,,0.0,normalDay
2023-05-16,13258.0,-6.0,0.0,0,410.25,0.0,1,0.12,0.18,SPY230518P00401000,401.0,0,0.0,0.0,,0.0,normalDay
2023-05-17,13258.0,8.0,0.0,0,415.23,0.0,1,0.12,0.04,SPY230518P00401000,401.0,0,0.0,0.0,,0.0,normalDay
2023-05-18,13270.0,0.0,12.0,0,419.23,0.0,1,0.12,0.0,SPY230518P00401000,401.0,0,0.0,0.0,,0.0,expirationDay
2023-05-19,13270.0,0.0,0.0,0,418.62,0.0,0,0.0,0.0,,0.0,0,0.0,0.0,,0.0,bidTooLow
2023-05-22,13270.0,-3.0,0.0,0,418.79,0.0,1,0.01,0.04,SPY230525P00398000,398.0,0,0.0,0.0,,0.0,normalDay
2023-05-23,13270.0,-4.0,0.0,0,414.09,0.0,1,0.01,0.05,SPY230525P00398000,398.0,0,0.0,0.0,,0.0,normalDay
2023-05-24,13270.0,-5.0,0.0,0,411.09,0.0,1,0.01,0.06,SPY230525P00398000,398.0,0,0.0,0.0,,0.0,normalDay
2023-05-25,13271.0,0.0,1.0,0,414.65,0.0,1,0.01,0.0,SPY230525P00398000,398.0,0,0.0,0.0,,0.0,expirationDay
2023-05-26,13271.0,0.0,0.0,0,420.02,0.0,0,0.0,0.0,,0.0,0,0.0,0.0,,0.0,bidTooLow
2023-05-30,13271.0,-3.0,0.0,0,420.18,0.0,1,0.06,0.09,SPY230602P00400000,400.0,0,0.0,0.0,,0.0,normalDay
2023-05-31,13271.0,-1.0,0.0,0,417.85,0.0,1,0.06,0.07,SPY230602P00400000,400.0,0,0.0,0.0,,0.0,normalDay
2023-06-01,13271.0,3.0,0.0,0,421.82,0.0,1,0.06,0.03,SPY230602P00400000,400.0,0,0.0,0.0,,0.0,normalDay
2023-06-02,13277.0,0.0,6.0,0,427.92,0.0,1,0.06,0.0,SPY230602P00400000,400.0,0,0.0,0.0,,0.0,expirationDay
2023-06-05,13277.0,0.0,0.0,0,427.1,0.0,0,0.0,0.0,,0.0,0,0.0,0.0,,0.0,bidTooLow
2023-06-06,13277.0,0.0,0.0,0,428.03,0.0,0,0.0,0.0,,0.0,0,0.0,0.0,,0.0,bidTooLow
2023-06-07,13277.0,0.0,0.0,0,426.55,0.0,0,0.0,0.0,,0.0,0,0.0,0.0,,0.0,bidTooLow
2023-06-08,13277.0,0.0,0.0,0,429.13,0.0,0,0.0,0.0,,0.0,0,0.0,0.0,,0.0,bidTooLow
2023-06-09,13277.0,0.0,0.0,0,429.9,0.0,0,0.0,0.0,,0.0,0,0.0,0.0,,0.0,bidTooLow
2023-06-12,13277.0,-3.0,0.0,0,433.8,0.0,1,0.03,0.06,SPY230615P00398000,398.0,0,0.0,0.0,,0.0,normalDay
2023-06-13,13277.0,-1.0,0.0,0,436.66,0.0,1,0.03,0.04,SPY230615P00398000,398.0,0,0.0,0.0,,0.0,normalDay
2023-06-14,13277.0,1.0,0.0,0,437.18,0.0,1,0.03,0.02,SPY230615P00398000,398.0,0,0.0,0.0,,0.0,normalDay
2023-06-15,13280.0,0.0,3.0,0,442.6,0.0,1,0.03,0.0,SPY230615P00398000,398.0,0,0.0,0.0,,0.0,expirationDay
2023-06-16,13280.0,0.0,0.0,0,439.46,0.0,0,0.0,0.0,,0.0,0,0.0,0.0,,0.0,bidTooLow
2023-06-20,13280.0,0.0,0.0,0,437.18,0.0,0,0.0,0.0,,0.0,0,0.0,0.0,,0.0,bidTooLow
2023-06-21,13280.0,0.0,0.0,0,434.94,0.0,0,0.0,0.0,,0.0,0,0.0,0.0,,0.0,bidTooLow
2023-06-22,13280.0,0.0,0.0,0,436.51,0.0,0,0.0,0.0,,0.0,0,0.0,0.0,,0.0,bidTooLow
2023-06-23,13280.0,0.0,0.0,0,433.21,0.0,0,0.0,0.0,,0.0,0,0.0,0.0,,0.0,bidTooLow
2023-06-26,13280.0,-3.0,0.0,0,431.44,0.0,1,0.02,0.05,SPY230629P00408000,408.0,0,0.0,0.0,,0.0,normalDay
2023-06-27,13280.0,-1.0,0.0,0,436.17,0.0,1,0.02,0.03,SPY230629P00408000,408.0,0,0.0,0.0,,0.0,normalDay
2023-06-28,13280.0,0.0,0.0,0,436.39,0.0,1,0.02,0.02,SPY230629P00408000,408.0,0,0.0,0.0,,0.0,normalDay
2023-06-29,13282.0,0.0,2.0,0,438.11,0.0,1,0.02,0.0,SPY230629P00408000,408.0,0,0.0,0.0,,0.0,expirationDay
2023-06-30,13282.0,0.0,0.0,0,443.28,0.0,0,0.0,0.0,,0.0,0,0.0,0.0,,0.0,bidTooLow
2023-07-03,13282.0,-3.0,0.0,0,443.79,0.0,1,0.01,0.04,SPY230706P00418000,418.0,0,0.0,0.0,,0.0,normalDay
2023-07-05,13282.0,-1.0,0.0,0,443.13,0.0,1,0.01,0.02,SPY230706P00418000,418.0,0,0.0,0.0,,0.0,normalDay
2023-07-06,13283.0,0.0,1.0,0,439.66,0.0,1,0.01,0.0,SPY230706P00418000,418.0,0,0.0,0.0,,0.0,expirationDay
2023-07-07,13283.0,0.0,0.0,0,438.55,0.0,0,0.0,0.0,,0.0,0,0.0,0.0,,0.0,bidTooLow
2023-07-10,13283.0,-3.0,0.0,0,439.66,0.0,1,0.03,0.06,SPY230713P00425000,425.0,0,0.0,0.0,,0.0,normalDay
2023-07-11,13283.0,-3.0,0.0,0,442.46,0.0,1,0.03,0.06,SPY230713P00425000,425.0,0,0.0,0.0,,0.0,normalDay
2023-07-12,13283.0,0.0,0.0,0,446.02,0.0,1,0.03,0.03,SPY230713P00425000,425.0,0,0.0,0.0,,0.0,normalDay
2023-07-13,13286.0,0.0,3.0,0,449.56,0.0,1,0.03,0.0,SPY230713P00425000,425.0,0,0.0,0.0,,0.0,expirationDay
2023-07-14,13286.0,0.0,0.0,0,449.28,0.0,0,0.0,0.0,,0.0,0,0.0,0.0,,0.0,bidTooLow
2023-07-17,13286.0,-3.0,0.0,0,450.84,0.0,1,0.01,0.04,SPY230720P00422000,422.0,0,0.0,0.0,,0.0,normalDay
2023-07-18,13286.0,-2.0,0.0,0,454.19,0.0,1,0.01,0.03,SPY230720P00422000,422.0,0,0.0,0.0,,0.0,normalDay
2023-07-19,13286.0,-1.0,0.0,0,455.2,0.0,1,0.01,0.02,SPY230720P00422000,422.0,0,0.0,0.0,,0.0,normalDay
2023-07-20,13287.0,0.0,1.0,0,452.18,0.0,1,0.01,0.0,SPY230720P00422000,422.0,0,0.0,0.0,,0.0,expirationDay
2023-07-21,13287.0,0.0,0.0,0,452.18,0.0,0,0.0,0.0,,0.0,0,0.0,0.0,,0.0,bidTooLow
2023-07-24,13287.0,0.0,0.0,0,454.2,0.0,0,0.0,0.0,,0.0,0,0.0,0.0,,0.0,bidTooLow
2023-07-25,13287.0,0.0,0.0,0,455.44,0.0,0,0.0,0.0,,0.0,0,0.0,0.0,,0.0,bidTooLow
2023-07-26,13287.0,0.0,0.0,0,455.51,0.0,0,0.0,0.0,,0.0,0,0.0,0.0,,0.0,bidTooLow
2023-07-27,13287.0,-3.0,0.0,0,452.49,0.0,1,0.01,0.04,SPY230728P00427000,427.0,0,0.0,0.0,,0.0,normalDay
2023-07-28,13288.0,0.0,1.0,0,456.92,0.0,1,0.01,0.0,SPY230728P00427000,427.0,0,0.0,0.0,,0.0,expirationDay
2023-07-31,13288.0,0.0,0.0,0,457.79,0.0,0,0.0,0.0,,0.0,0,0.0,0.0,,0.0,bidTooLow
2023-08-01,13288.0,-3.0,0.0,0,456.48,0.0,1,0.01,0.04,SPY230804P00429000,429.0,0,0.0,0.0,,0.0,normalDay
2023-08-02,13288.0,-5.0,0.0,0,450.13,0.0,1,0.01,0.06,SPY230804P00429000,429.0,0,0.0,0.0,,0.0,normalDay
2023-08-03,13288.0,-1.0,0.0,0,448.84,0.0,1,0.01,0.02,SPY230804P00429000,429.0,0,0.0,0.0,,0.0,normalDay
2023-08-04,13289.0,0.0,1.0,0,446.81,0.0,1,0.01,0.0,SPY230804P00429000,429.0,0,0.0,0.0,,0.0,expirationDay
2023-08-07,13289.0,-3.0,0.0,0,450.71,0.0,1,0.12,0.15,SPY230810P00439000,439.0,0,0.0,0.0,,0.0,normalDay
2023-08-08,13289.0,-1.0,0.0,0,448.75,0.0,1,0.12,0.13,SPY230810P00439000,439.0,0,0.0,0.0,,0.0,normalDay
2023-08-09,13289.0,-2.0,0.0,0,445.75,0.0,1,0.12,0.14,SPY230810P00439000,439.0,0,0.0,0.0,,0.0,normalDay
2023-08-10,13301.0,0.0,12.0,0,445.91,0.0,1,0.12,0.0,SPY230810P00439000,439.0,0,0.0,0.0,,0.0,expirationDay
2023-08-11,13301.0,-3.0,0.0,0,445.65,0.0,1,0.06,0.09,SPY230814P00439000,439.0,0,0.0,0.0,,0.0,normalDay
2023-08-14,13307.0,0.0,6.0,0,448.11,0.0,1,0.06,0.0,SPY230814P00439000,439.0,0,0.0,0.0,,0.0,expirationDay
2023-08-15,13307.0,-3.0,0.0,0,442.89,0.0,1,0.69,0.72,SPY230818P00437000,437.0,0,0.0,0.0,,0.0,normalDay
2023-08-16,13307.0,-32.0,0.0,0,439.64,0.0,1,0.69,1.01,SPY230818P00437000,437.0,0,0.0,0.0,,0.0,normalDay
2023-08-17,13307.0,-124.0,0.0,0,436.29,0.0,1,0.69,1.93,SPY230818P00437000,437.0,0,0.0,0.0,,0.0,normalDay
2023-08-18,13376.0,-50.0,69.0,100,436.5,437.0,1,0.69,0.0,SPY230818P00437000,437.0,0,0.0,0.0,,0.0,expirationDay
2023-08-21,13376.0,228.0,0.0,100,439.34,437.0,0,0.0,0.0,,0.0,1,7.98,8.04,SPY231229C00460000,460.0,normalDay
2023-08-22,13376.0,160.0,0.0,100,438.15,437.0,0,0.0,0.0,,0.0,1,7.98,7.53,SPY231229C00460000,460.0,normalDay
2023-08-23,13376.0,477.0,0.0,100,443.03,437.0,0,0.0,0.0,,0.0,1,7.98,9.24,SPY231229C00460000,460.0,normalDay
2023-08-24,13376.0,100.0,0.0,100,436.89,437.0,0,0.0,0.0,,0.0,1,7.98,6.87,SPY231229C00460000,460.0,normalDay
2023-08-25,13376.0,342.0,0.0,100,439.97,437.0,0,0.0,0.0,,0.0,1,7.98,7.53,SPY231229C00460000,460.0,normalDay
2023-08-28,13376.0,540.0,0.0,100,442.76,437.0,0,0.0,0.0,,0.0,1,7.98,8.34,SPY231229C00460000,460.0,normalDay
2023-08-29,13376.0,911.0,0.0,100,449.16,437.0,0,0.0,0.0,,0.0,1,7.98,11.03,SPY231229C00460000,460.0,normalDay
2023-08-30,13376.0,1032.0,0.0,100,451.01,437.0,0,0.0,0.0,,0.0,1,7.98,11.67,SPY231229C00460000,460.0,normalDay
2023-08-31,13376.0,1016.0,0.0,100,450.35,437.0,0,0.0,0.0,,0.0,1,7.98,11.17,SPY231229C00460000,460.0,normalDay
2023-09-01,13376.0,1112.0,0.0,100,451.19,437.0,0,0.0,0.0,,0.0,1,7.98,11.05,SPY231229C00460000,460.0,normalDay
2023-09-05,13376.0,1024.0,0.0,100,449.24,437.0,0,0.0,0.0,,0.0,1,7.98,9.98,SPY231229C00460000,460.0,normalDay
2023-09-06,13376.0,863.0,0.0,100,446.22,437.0,0,0.0,0.0,,0.0,1,7.98,8.57,SPY231229C00460000,460.0,normalDay
2023-09-07,13376.0,796.0,0.0,100,444.85,437.0,0,0.0,0.0,,0.0,1,7.98,7.87,SPY231229C00460000,460.0,normalDay
2023-09-08,13376.0,852.0,0.0,100,445.52,437.0,0,0.0,0.0,,0.0,1,7.98,7.98,SPY231229C00460000,460.0,normalDay
2023-09-11,13376.0,1060.0,0.0,100,448.45,437.0,0,0.0,0.0,,0.0,1,7.98,8.83,SPY231229C00460000,460.0,normalDay
2023-09-12,13376.0,922.0,0.0,100,445.99,437.0,0,0.0,0.0,,0.0,1,7.98,7.75,SPY231229C00460000,460.0,normalDay
2023-09-13,13376.0,979.0,0.0,100,446.51,437.0,0,0.0,0.0,,0.0,1,7.98,7.7,SPY231229C00460000,460.0,normalDay
2023-09-14,13376.0,1232.0,0.0,100,450.36,437.0,0,0.0,0.0,,0.0,1,7.98,9.02,SPY231229C00460000,460.0,normalDay
2023-09-15,13376.0,771.0,0.0,100,443.37,437.0,0,0.0,0.0,,0.0,1,7.98,6.64,SPY231229C00460000,460.0,normalDay
2023-09-18,13376.0,799.0,0.0,100,443.63,437.0,0,0.0,0.0,,0.0,1,7.98,6.62,SPY231229C00460000,460.0,normalDay
2023-09-19,13376.0,749.0,0.0,100,442.71,437.0,0,0.0,0.0,,0.0,1,7.98,6.2,SPY231229C00460000,460.0,normalDay
2023-09-20,13376.0,483.0,0.0,100,438.64,437.0,0,0.0,0.0,,0.0,1,7.98,4.79,SPY231229C00460000,460.0,normalDay
2023-09-21,13376.0,-83.0,0.0,100,431.39,437.0,0,0.0,0.0,,0.0,1,7.98,3.2,SPY231229C00460000,460.0,normalDay
2023-09-22,13376.0,-155.0,0.0,100,430.42,437.0,0,0.0,0.0,,0.0,1,7.98,2.95,SPY231229C00460000,460.0,normalDay
2023-09-25,13376.0,0.0,0.0,100,432.23,437.0,0,0.0,0.0,,0.0,1,7.98,3.21,SPY231229C00460000,460.0,normalDay
2023-09-26,13376.0,-553.0,0.0,100,425.88,437.0,0,0.0,0.0,,0.0,1,7.98,2.39,SPY231229C00460000,460.0,normalDay
2023-09-27,13376.0,-515.0,0.0,100,426.05,437.0,0,0.0,0.0,,0.0,1,7.98,2.18,SPY231229C00460000,460.0,normalDay
2023-09-28,13376.0,-281.0,0.0,100,428.52,437.0,0,0.0,0.0,,0.0,1,7.98,2.31,SPY231229C00460000,460.0,normalDay
2023-09-29,13376.0,-372.0,0.0,100,427.48,437.0,0,0.0,0.0,,0.0,1,7.98,2.18,SPY231229C00460000,460.0,normalDay
2023-10-02,13376.0,-376.0,0.0,100,427.31,437.0,0,0.0,0.0,,0.0,1,7.98,2.05,SPY231229C00460000,460.0,normalDay
2023-10-03,13376.0,-907.0,0.0,100,421.59,437.0,0,0.0,0.0,,0.0,1,7.98,1.64,SPY231229C00460000,460.0,normalDay
2023-10-04,13376.0,-616.0,0.0,100,424.66,437.0,0,0.0,0.0,,0.0,1,7.98,1.8,SPY231229C00460000,460.0,normalDay
2023-10-05,13376.0,-619.0,0.0,100,424.5,437.0,0,0.0,0.0,,0.0,1,7.98,1.67,SPY231229C00460000,460.0,normalDay
2023-10-06,13376.0,-193.0,0.0,100,429.54,437.0,0,0.0,0.0,,0.0,1,7.98,2.45,SPY231229C00460000,460.0,normalDay
2023-10-09,13376.0,41.0,0.0,100,432.29,437.0,0,0.0,0.0,,0.0,1,7.98,2.86,SPY231229C00460000,460.0,normalDay
2023-10-10,13376.0,246.0,0.0,100,434.54,437.0,0,0.0,0.0,,0.0,1,7.98,3.06,SPY231229C00460000,460.0,normalDay
2023-10-11,13376.0,399.0,0.0,100,436.32,437.0,0,0.0,0.0,,0.0,1,7.98,3.31,SPY231229C00460000,460.0,normalDay
2023-10-12,13376.0,217.0,0.0,100,433.66,437.0,0,0.0,0.0,,0.0,1,7.98,2.47,SPY231229C00460000,460.0,normalDay
2023-10-13,13376.0,23.0,0.0,100,431.5,437.0,0,0.0,0.0,,0.0,1,7.98,2.25,SPY231229C00460000,460.0,normalDay
2023-10-16,13376.0,424.0,0.0,100,436.04,437.0,0,0.0,0.0,,0.0,1,7.98,2.78,SPY231229C00460000,460.0,normalDay
2023-10-17,13376.0,427.0,0.0,100,436.02,437.0,0,0.0,0.0,,0.0,1,7.98,2.73,SPY231229C00460000,460.0,normalDay
2023-10-18,13376.0,-73.0,0.0,100,430.21,437.0,0,0.0,0.0,,0.0,1,7.98,1.92,SPY231229C00460000,460.0,normalDay
2023-10-19,13376.0,-396.0,0.0,100,426.43,437.0,0,0.0,0.0,,0.0,1,7.98,1.37,SPY231229C00460000,460.0,normalDay
2023-10-20,13376.0,-879.0,0.0,100,421.19,437.0,0,0.0,0.0,,0.0,1,7.98,0.96,SPY231229C00460000,460.0,normalDay
2023-10-23,13376.0,-934.0,0.0,100,420.46,437.0,0,0.0,0.0,,0.0,1,7.98,0.78,SPY231229C00460000,460.0,normalDay
2023-10-24,13376.0,-627.0,0.0,100,423.63,437.0,0,0.0,0.0,,0.0,1,7.98,0.88,SPY231229C00460000,460.0,normalDay
2023-10-25,13376.0,-1200.0,0.0,100,417.55,437.0,0,0.0,0.0,,0.0,1,7.98,0.53,SPY231229C00460000,460.0,normalDay
2023-10-26,13376.0,-1683.0,0.0,100,412.55,437.0,0,0.0,0.0,,0.0,1,7.98,0.36,SPY231229C00460000,460.0,normalDay
2023-10-27,13376.0,-1865.0,0.0,100,410.68,437.0,0,0.0,0.0,,0.0,1,7.98,0.31,SPY231229C00460000,460.0,normalDay
2023-10-30,13376.0,-1379.0,0.0,100,415.59,437.0,0,0.0,0.0,,0.0,1,7.98,0.36,SPY231229C00460000,460.0,normalDay
2023-10-31,13376.0,-1112.0,0.0,100,418.2,437.0,0,0.0,0.0,,0.0,1,7.98,0.3,SPY231229C00460000,460.0,normalDay
2023-11-01,13376.0,-679.0,0.0,100,422.66,437.0,0,0.0,0.0,,0.0,1,7.98,0.43,SPY231229C00460000,460.0,normalDay
2023-11-02,13376.0,92.0,0.0,100,430.76,437.0,0,0.0,0.0,,0.0,1,7.98,0.82,SPY231229C00460000,460.0,normalDay
2023-11-03,13376.0,455.0,0.0,100,434.69,437.0,0,0.0,0.0,,0.0,1,7.98,1.12,SPY231229C00460000,460.0,normalDay
2023-11-06,13376.0,566.0,0.0,100,435.69,437.0,0,0.0,0.0,,0.0,1,7.98,1.01,SPY231229C00460000,460.0,normalDay
2023-11-07,13376.0,678.0,0.0,100,436.93,437.0,0,0.0,0.0,,0.0,1,7.98,1.13,SPY231229C00460000,460.0,normalDay
2023-11-08,13376.0,718.0,0.0,100,437.25,437.0,0,0.0,0.0,,0.0,1,7.98,1.05,SPY231229C00460000,460.0,normalDay
2023-11-09,13376.0,408.0,0.0,100,433.84,437.0,0,0.0,0.0,,0.0,1,7.98,0.74,SPY231229C00460000,460.0,normalDay
2023-11-10,13376.0,1017.0,0.0,100,440.61,437.0,0,0.0,0.0,,0.0,1,7.98,1.42,SPY231229C00460000,460.0,normalDay
2023-11-13,13376.0,986.0,0.0,100,440.19,437.0,0,0.0,0.0,,0.0,1,7.98,1.31,SPY231229C00460000,460.0,normalDay
2023-11-14,13376.0,1640.0,0.0,100,448.73,437.0,0,0.0,0.0,,0.0,1,7.98,3.31,SPY231229C00460000,460.0,normalDay
2023-11-15,13376.0,1748.0,0.0,100,449.68,437.0,0,0.0,0.0,,0.0,1,7.98,3.18,SPY231229C00460000,460.0,normalDay
2023-11-16,13376.0,1802.0,0.0,100,450.23,437.0,0,0.0,0.0,,0.0,1,7.98,3.19,SPY231229C00460000,460.0,normalDay
2023-11-17,13376.0,1860.0,0.0,100,450.79,437.0,0,0.0,0.0,,0.0,1,7.98,3.17,SPY231229C00460000,460.0,normalDay
2023-11-20,13376.0,2104.0,0.0,100,454.26,437.0,0,0.0,0.0,,0.0,1,7.98,4.2,SPY231229C00460000,460.0,normalDay
2023-11-21,13376.0,2074.0,0.0,100,453.27,437.0,0,0.0,0.0,,0.0,1,7.98,3.51,SPY231229C00460000,460.0,normalDay
2023-11-22,13376.0,2193.0,0.0,100,455.02,437.0,0,0.0,0.0,,0.0,1,7.98,4.07,SPY231229C00460000,460.0,normalDay
2023-11-24,13376.0,2249.0,0.0,100,455.3,437.0,0,0.0,0.0,,0.0,1,7.98,3.79,SPY231229C00460000,460.0,normalDay
2023-11-27,13376.0,2212.0,0.0,100,454.48,437.0,0,0.0,0.0,,0.0,1,7.98,3.34,SPY231229C00460000,460.0,normalDay
2023-11-28,13376.0,2254.0,0.0,100,454.93,437.0,0,0.0,0.0,,0.0,1,7.98,3.37,SPY231229C00460000,460.0,normalDay
2023-11-29,13376.0,2212.0,0.0,100,454.61,437.0,0,0.0,0.0,,0.0,1,7.98,3.47,SPY231229C00460000,460.0,normalDay
2023-11-30,13376.0,2360.0,0.0,100,456.4,437.0,0,0.0,0.0,,0.0,1,7.98,3.78,SPY231229C00460000,460.0,normalDay
