date,totalCapital,unrializedPnL,rializedPnL,stocksOwned,stocksPriceToday,stocksPriceBoughtAt,putOwned,putOwnedSoldAt,putPriceToday,putOwnedContract,putOwnedStrike,callOwned,callOwnedSoldAt,callPriceToday,callOwnedContract,callOwnedStrike,trackType
2018-11-01,0.0,-7.0,0.0,0,273.51,0.0,1,1.84,1.91,SPY181112P00268500,268.5,0,0.0,0.0,,0.0,normalDay
2018-11-02,0.0,-22.0,0.0,0,271.89,0.0,1,1.84,2.06,SPY181112P00268500,268.5,0,0.0,0.0,,0.0,normalDay
2018-11-05,0.0,49.0,0.0,0,273.39,0.0,1,1.84,1.35,SPY181112P00268500,268.5,0,0.0,0.0,,0.0,normalDay
2018-11-06,0.0,88.0,0.0,0,275.12,0.0,1,1.84,0.96,SPY181112P00268500,268.5,0,0.0,0.0,,0.0,normalDay
2018-11-07,0.0,175.0,0.0,0,281.01,0.0,1,1.84,0.09,SPY181112P00268500,268.5,0,0.0,0.0,,0.0,normalDay
2018-11-08,0.0,178.0,0.0,0,280.5,0.0,1,1.84,0.06,SPY181112P00268500,268.5,0,0.0,0.0,,0.0,normalDay
2018-11-09,0.0,181.0,0.0,0,277.76,0.0,1,1.84,0.03,SPY181112P00268500,268.5,0,0.0,0.0,,0.0,normalDay
2018-11-12,184.0,0.0,184.0,0,272.57,0.0,1,1.84,0.0,SPY181112P00268500,268.5,0,0.0,0.0,,0.0,expirationDay
2018-11-13,184.0,-4.0,0.0,0,272.06,0.0,1,1.92,1.96,SPY181123P00268500,268.5,0,0.0,0.0,,0.0,normalDay
2018-11-14,184.0,-84.0,0.0,0,270.2,0.0,1,1.92,2.76,SPY181123P00268500,268.5,0,0.0,0.0,,0.0,normalDay
2018-11-15,184.0,61.0,0.0,0,273.02,0.0,1,1.92,1.31,SPY181123P00268500,268.5,0,0.0,0.0,,0.0,normalDay
2018-11-16,184.0,123.0,0.0,0,273.73,0.0,1,1.92,0.69,SPY181123P00268500,268.5,0,0.0,0.0,,0.0,normalDay
2018-11-19,184.0,15.0,0.0,0,269.1,0.0,1,1.92,1.77,SPY181123P00268500,268.5,0,0.0,0.0,,0.0,normalDay
2018-11-20,184.0,-322.0,0.0,0,264.12,0.0,1,1.92,5.14,SPY181123P00268500,268.5,0,0.0,0.0,,0.0,normalDay
2018-11-21,184.0,-204.0,0.0,0,265.02,0.0,1,1.92,3.96,SPY181123P00268500,268.5,0,0.0,0.0,,0.0,normalDay
2018-11-23,376.0,-525.0,192.0,100,263.25,268.5,1,1.92,0.0,SPY181123P00268500,268.5,0,0.0,0.0,,0.0,expirationDay
2018-11-26,376.0,-105.0,0.0,100,267.5,268.5,0,0.0,0.0,,0.0,1,3.47,3.52,SPY190118C00274000,274.0,normalDay
2018-11-27,376.0,-42.0,0.0,100,268.4,268.5,0,0.0,0.0,,0.0,1,3.47,3.79,SPY190118C00274000,274.0,normalDay
2018-11-28,376.0,291.0,0.0,100,274.58,268.5,0,0.0,0.0,,0.0,1,3.47,6.64,SPY190118C00274000,274.0,normalDay
2018-11-29,376.0,231.0,0.0,100,273.98,268.5,0,0.0,0.0,,0.0,1,3.47,6.64,SPY190118C00274000,274.0,normalDay
2018-11-30,376.0,297.0,0.0,100,275.65,268.5,0,0.0,0.0,,0.0,1,3.47,7.65,SPY190118C00274000,274.0,normalDay
2018-12-03,376.0,526.0,0.0,100,279.3,268.5,0,0.0,0.0,,0.0,1,3.47,9.01,SPY190118C00274000,274.0,normalDay
2018-12-04,376.0,60.0,0.0,100,270.25,268.5,0,0.0,0.0,,0.0,1,3.47,4.62,SPY190118C00274000,274.0,normalDay
2018-12-06,376.0,33.0,0.0,100,269.84,268.5,0,0.0,0.0,,0.0,1,3.47,4.48,SPY190118C00274000,274.0,normalDay
2018-12-07,376.0,-399.0,0.0,100,263.57,268.5,0,0.0,0.0,,0.0,1,3.47,2.53,SPY190118C00274000,274.0,normalDay
2018-12-10,376.0,-337.0,0.0,100,264.07,268.5,0,0.0,0.0,,0.0,1,3.47,2.41,SPY190118C00274000,274.0,normalDay
2018-12-11,376.0,-310.0,0.0,100,264.13,268.5,0,0.0,0.0,,0.0,1,3.47,2.2,SPY190118C00274000,274.0,normalDay
2018-12-12,376.0,-192.0,0.0,100,265.46,268.5,0,0.0,0.0,,0.0,1,3.47,2.35,SPY190118C00274000,274.0,normalDay
2018-12-13,376.0,-173.0,0.0,100,265.37,268.5,0,0.0,0.0,,0.0,1,3.47,2.07,SPY190118C00274000,274.0,normalDay
2018-12-14,376.0,-571.0,0.0,100,260.47,268.5,0,0.0,0.0,,0.0,1,3.47,1.15,SPY190118C00274000,274.0,normalDay
2018-12-17,376.0,-1023.0,0.0,100,255.36,268.5,0,0.0,0.0,,0.0,1,3.47,0.56,SPY190118C00274000,274.0,normalDay
2018-12-18,376.0,-1050.0,0.0,100,255.08,268.5,0,0.0,0.0,,0.0,1,3.47,0.55,SPY190118C00274000,274.0,normalDay
2018-12-19,376.0,-1403.0,0.0,100,251.26,268.5,0,0.0,0.0,,0.0,1,3.47,0.26,SPY190118C00274000,274.0,normalDay
2018-12-20,376.0,-1808.0,0.0,100,247.17,268.5,0,0.0,0.0,,0.0,1,3.47,0.22,SPY190118C00274000,274.0,normalDay
2018-12-21,376.0,-2444.0,0.0,100,240.7,268.5,0,0.0,0.0,,0.0,1,3.47,0.11,SPY190118C00274000,274.0,normalDay
2018-12-24,376.0,-3076.0,0.0,100,234.34,268.5,0,0.0,0.0,,0.0,1,3.47,0.07,SPY190118C00274000,274.0,normalDay
2018-12-26,376.0,-1903.0,0.0,100,246.18,268.5,0,0.0,0.0,,0.0,1,3.47,0.18,SPY190118C00274000,274.0,normalDay
2018-12-27,376.0,-1719.0,0.0,100,248.07,268.5,0,0.0,0.0,,0.0,1,3.47,0.23,SPY190118C00274000,274.0,normalDay
2018-12-28,376.0,-1741.0,0.0,100,247.75,268.5,0,0.0,0.0,,0.0,1,3.47,0.13,SPY190118C00274000,274.0,normalDay
2018-12-31,376.0,-1519.0,0.0,100,249.92,268.5,0,0.0,0.0,,0.0,1,3.47,0.08,SPY190118C00274000,274.0,normalDay
2019-01-02,376.0,-1488.0,0.0,100,250.18,268.5,0,0.0,0.0,,0.0,1,3.47,0.03,SPY190118C00274000,274.0,normalDay
2019-01-03,376.0,-2085.0,0.0,100,244.21,268.5,0,0.0,0.0,,0.0,1,3.47,0.03,SPY190118C00274000,274.0,normalDay
2019-01-04,376.0,-1268.0,0.0,100,252.39,268.5,0,0.0,0.0,,0.0,1,3.47,0.04,SPY190118C00274000,274.0,normalDay
2019-01-07,376.0,-1069.0,0.0,100,254.38,268.5,0,0.0,0.0,,0.0,1,3.47,0.04,SPY190118C00274000,274.0,normalDay
2019-01-08,376.0,-831.0,0.0,100,256.77,268.5,0,0.0,0.0,,0.0,1,3.47,0.05,SPY190118C00274000,274.0,normalDay
2019-01-09,376.0,-711.0,0.0,100,257.97,268.5,0,0.0,0.0,,0.0,1,3.47,0.05,SPY190118C00274000,274.0,normalDay
2019-01-10,376.0,-619.0,0.0,100,258.88,268.5,0,0.0,0.0,,0.0,1,3.47,0.04,SPY190118C00274000,274.0,normalDay
2019-01-11,376.0,-608.0,0.0,100,258.98,268.5,0,0.0,0.0,,0.0,1,3.47,0.03,SPY190118C00274000,274.0,normalDay
2019-01-14,376.0,-765.0,0.0,100,257.4,268.5,0,0.0,0.0,,0.0,1,3.47,0.02,SPY190118C00274000,274.0,normalDay
2019-01-15,376.0,-470.0,0.0,100,260.35,268.5,0,0.0,0.0,,0.0,1,3.47,0.02,SPY190118C00274000,274.0,normalDay
2019-01-16,376.0,-407.0,0.0,100,260.98,268.5,0,0.0,0.0,,0.0,1,3.47,0.02,SPY190118C00274000,274.0,normalDay
2019-01-17,376.0,-209.0,0.0,100,262.96,268.5,0,0.0,0.0,,0.0,1,3.47,0.02,SPY190118C00274000,274.0,normalDay
2019-01-18,723.0,-204.0,347.0,100,266.46,268.5,0,0.0,0.0,,0.0,1,3.47,0.0,SPY190118C00274000,274.0,expirationDay
2019-01-22,723.0,-579.0,0.0,100,262.86,268.5,0,0.0,0.0,,0.0,1,9.84,9.99,SPY190315C00259000,259.0,normalDay
2019-01-23,723.0,-525.0,0.0,100,263.41,268.5,0,0.0,0.0,,0.0,1,9.84,10.0,SPY190315C00259000,259.0,normalDay
2019-01-24,723.0,-449.0,0.0,100,263.55,268.5,0,0.0,0.0,,0.0,1,9.84,9.38,SPY190315C00259000,259.0,normalDay
2019-01-25,723.0,-412.0,0.0,100,265.78,268.5,0,0.0,0.0,,0.0,1,9.84,11.24,SPY190315C00259000,259.0,normalDay
2019-01-28,723.0,-472.0,0.0,100,263.76,268.5,0,0.0,0.0,,0.0,1,9.84,9.82,SPY190315C00259000,259.0,normalDay
2019-01-29,723.0,-470.0,0.0,100,263.41,268.5,0,0.0,0.0,,0.0,1,9.84,9.45,SPY190315C00259000,259.0,normalDay
2019-01-30,723.0,-317.0,0.0,100,267.58,268.5,0,0.0,0.0,,0.0,1,9.84,12.09,SPY190315C00259000,259.0,normalDay
2019-01-31,723.0,-272.0,0.0,100,269.93,268.5,0,0.0,0.0,,0.0,1,9.84,13.99,SPY190315C00259000,259.0,normalDay
2019-02-01,723.0,-232.0,0.0,100,270.06,268.5,0,0.0,0.0,,0.0,1,9.84,13.72,SPY190315C00259000,259.0,normalDay
2019-02-04,723.0,-164.0,0.0,100,271.96,268.5,0,0.0,0.0,,0.0,1,9.84,14.94,SPY190315C00259000,259.0,normalDay
2019-02-05,723.0,-147.0,0.0,100,273.1,268.5,0,0.0,0.0,,0.0,1,9.84,15.91,SPY190315C00259000,259.0,normalDay
2019-02-06,723.0,-142.0,0.0,100,272.74,268.5,0,0.0,0.0,,0.0,1,9.84,15.5,SPY190315C00259000,259.0,normalDay
2019-02-07,723.0,-212.0,0.0,100,270.14,268.5,0,0.0,0.0,,0.0,1,9.84,13.6,SPY190315C00259000,259.0,normalDay
2019-02-08,723.0,-177.0,0.0,100,270.47,268.5,0,0.0,0.0,,0.0,1,9.84,13.58,SPY190315C00259000,259.0,normalDay
2019-02-11,723.0,-162.0,0.0,100,270.62,268.5,0,0.0,0.0,,0.0,1,9.84,13.58,SPY190315C00259000,259.0,normalDay
2019-02-12,723.0,-128.0,0.0,100,274.1,268.5,0,0.0,0.0,,0.0,1,9.84,16.72,SPY190315C00259000,259.0,normalDay
2019-02-13,723.0,-93.0,0.0,100,274.99,268.5,0,0.0,0.0,,0.0,1,9.84,17.26,SPY190315C00259000,259.0,normalDay
2019-02-14,723.0,-87.0,0.0,100,274.38,268.5,0,0.0,0.0,,0.0,1,9.84,16.59,SPY190315C00259000,259.0,normalDay
2019-02-15,723.0,-66.0,0.0,100,277.37,268.5,0,0.0,0.0,,0.0,1,9.84,19.37,SPY190315C00259000,259.0,normalDay
2019-02-19,723.0,-28.0,0.0,100,277.85,268.5,0,0.0,0.0,,0.0,1,9.84,19.47,SPY190315C00259000,259.0,normalDay
2019-02-20,723.0,-47.0,0.0,100,278.41,268.5,0,0.0,0.0,,0.0,1,9.84,20.22,SPY190315C00259000,259.0,normalDay
2019-02-21,723.0,-52.0,0.0,100,277.42,268.5,0,0.0,0.0,,0.0,1,9.84,19.28,SPY190315C00259000,259.0,normalDay
2019-02-22,723.0,-31.0,0.0,100,279.14,268.5,0,0.0,0.0,,0.0,1,9.84,20.79,SPY190315C00259000,259.0,normalDay
2019-02-25,723.0,-42.0,0.0,100,279.52,268.5,0,0.0,0.0,,0.0,1,9.84,21.28,SPY190315C00259000,259.0,normalDay
2019-02-26,723.0,-23.0,0.0,100,279.32,268.5,0,0.0,0.0,,0.0,1,9.84,20.89,SPY190315C00259000,259.0,normalDay
2019-02-27,723.0,-41.0,0.0,100,279.2,268.5,0,0.0,0.0,,0.0,1,9.84,20.95,SPY190315C00259000,259.0,normalDay
2019-02-28,723.0,-28.0,0.0,100,278.68,268.5,0,0.0,0.0,,0.0,1,9.84,20.3,SPY190315C00259000,259.0,normalDay
2019-03-01,723.0,-23.0,0.0,100,280.42,268.5,0,0.0,0.0,,0.0,1,9.84,21.99,SPY190315C00259000,259.0,normalDay
2019-03-04,723.0,1.0,0.0,100,279.4,268.5,0,0.0,0.0,,0.0,1,9.84,20.73,SPY190315C00259000,259.0,normalDay
2019-03-05,723.0,-0.0,0.0,100,279.02,268.5,0,0.0,0.0,,0.0,1,9.84,20.36,SPY190315C00259000,259.0,normalDay
2019-03-06,723.0,-12.0,0.0,100,277.33,268.5,0,0.0,0.0,,0.0,1,9.84,18.79,SPY190315C00259000,259.0,normalDay
2019-03-07,723.0,-34.0,0.0,100,275.01,268.5,0,0.0,0.0,,0.0,1,9.84,16.69,SPY190315C00259000,259.0,normalDay
2019-03-08,723.0,-24.0,0.0,100,274.46,268.5,0,0.0,0.0,,0.0,1,9.84,16.04,SPY190315C00259000,259.0,normalDay
2019-03-11,723.0,18.0,0.0,100,278.44,268.5,0,0.0,0.0,,0.0,1,9.84,19.6,SPY190315C00259000,259.0,normalDay
2019-03-12,723.0,35.0,0.0,100,279.49,268.5,0,0.0,0.0,,0.0,1,9.84,20.48,SPY190315C00259000,259.0,normalDay
2019-03-13,723.0,-1.0,0.0,100,281.34,268.5,0,0.0,0.0,,0.0,1,9.84,22.69,SPY190315C00259000,259.0,normalDay
2019-03-14,723.0,32.0,0.0,100,281.16,268.5,0,0.0,0.0,,0.0,1,9.84,22.18,SPY190315C00259000,259.0,normalDay
2019-03-15,757.0,32.0,34.0,0,281.31,0.0,0,0.0,0.0,,0.0,1,9.84,0.0,SPY190315C00259000,259.0,expirationDay
2019-03-18,757.0,-3.0,0.0,0,282.33,0.0,1,0.69,0.72,SPY190329P00277000,277.0,0,0.0,0.0,,0.0,normalDay
2019-03-19,757.0,-14.0,0.0,0,282.4,0.0,1,0.69,0.83,SPY190329P00277000,277.0,0,0.0,0.0,,0.0,normalDay
2019-03-20,757.0,-16.0,0.0,0,281.55,0.0,1,0.69,0.85,SPY190329P00277000,277.0,0,0.0,0.0,,0.0,normalDay
2019-03-21,757.0,33.0,0.0,0,284.73,0.0,1,0.69,0.36,SPY190329P00277000,277.0,0,0.0,0.0,,0.0,normalDay
2019-03-22,757.0,-74.0,0.0,0,279.25,0.0,1,0.69,1.43,SPY190329P00277000,277.0,0,0.0,0.0,,0.0,normalDay
2019-03-25,757.0,-45.0,0.0,0,279.04,0.0,1,0.69,1.14,SPY190329P00277000,277.0,0,0.0,0.0,,0.0,normalDay
2019-03-26,757.0,25.0,0.0,0,281.12,0.0,1,0.69,0.44,SPY190329P00277000,277.0,0,0.0,0.0,,0.0,normalDay
2019-03-27,757.0,15.0,0.0,0,279.65,0.0,1,0.69,0.54,SPY190329P00277000,277.0,0,0.0,0.0,,0.0,normalDay
2019-03-28,757.0,59.0,0.0,0,280.71,0.0,1,0.69,0.1,SPY190329P00277000,277.0,0,0.0,0.0,,0.0,normalDay
2019-03-29,826.0,0.0,69.0,0,282.48,0.0,1,0.69,0.0,SPY190329P00277000,277.0,0,0.0,0.0,,0.0,expirationDay
2019-04-01,826.0,-4.0,0.0,0,285.83,0.0,1,0.43,0.47,SPY190412P00278000,278.0,0,0.0,0.0,,0.0,normalDay
2019-04-02,826.0,5.0,0.0,0,285.97,0.0,1,0.43,0.38,SPY190412P00278000,278.0,0,0.0,0.0,,0.0,normalDay
2019-04-03,826.0,12.0,0.0,0,286.42,0.0,1,0.43,0.31,SPY190412P00278000,278.0,0,0.0,0.0,,0.0,normalDay
2019-04-04,826.0,24.0,0.0,0,287.18,0.0,1,0.43,0.19,SPY190412P00278000,278.0,0,0.0,0.0,,0.0,normalDay
2019-04-05,826.0,36.0,0.0,0,288.57,0.0,1,0.43,0.07,SPY190412P00278000,278.0,0,0.0,0.0,,0.0,normalDay
2019-04-08,826.0,40.0,0.0,0,288.79,0.0,1,0.43,0.03,SPY190412P00278000,278.0,0,0.0,0.0,,0.0,normalDay
2019-04-09,826.0,38.0,0.0,0,287.31,0.0,1,0.43,0.05,SPY190412P00278000,278.0,0,0.0,0.0,,0.0,normalDay
2019-04-10,826.0,41.0,0.0,0,288.29,0.0,1,0.43,0.02,SPY190412P00278000,278.0,0,0.0,0.0,,0.0,normalDay
2019-04-11,826.0,42.0,0.0,0,288.21,0.0,1,0.43,0.01,SPY190412P00278000,278.0,0,0.0,0.0,,0.0,normalDay
2019-04-12,869.0,0.0,43.0,0,290.16,0.0,1,0.43,0.0,SPY190412P00278000,278.0,0,0.0,0.0,,0.0,expirationDay
2019-04-15,869.0,-3.0,0.0,0,289.97,0.0,1,0.29,0.32,SPY190426P00281500,281.5,0,0.0,0.0,,0.0,normalDay
2019-04-16,869.0,1.0,0.0,0,290.16,0.0,1,0.29,0.28,SPY190426P00281500,281.5,0,0.0,0.0,,0.0,normalDay
2019-04-17,869.0,0.0,0.0,0,289.45,0.0,1,0.29,0.29,SPY190426P00281500,281.5,0,0.0,0.0,,0.0,normalDay
2019-04-18,869.0,16.0,0.0,0,290.02,0.0,1,0.29,0.13,SPY190426P00281500,281.5,0,0.0,0.0,,0.0,normalDay
2019-04-22,869.0,23.0,0.0,0,290.27,0.0,1,0.29,0.06,SPY190426P00281500,281.5,0,0.0,0.0,,0.0,normalDay
2019-04-23,869.0,27.0,0.0,0,292.88,0.0,1,0.29,0.02,SPY190426P00281500,281.5,0,0.0,0.0,,0.0,normalDay
2019-04-24,869.0,26.0,0.0,0,292.23,0.0,1,0.29,0.03,SPY190426P00281500,281.5,0,0.0,0.0,,0.0,normalDay
2019-04-25,869.0,27.0,0.0,0,292.05,0.0,1,0.29,0.02,SPY190426P00281500,281.5,0,0.0,0.0,,0.0,normalDay
2019-04-26,898.0,0.0,29.0,0,293.41,0.0,1,0.29,0.0,SPY190426P00281500,281.5,0,0.0,0.0,,0.0,expirationDay
2019-04-29,898.0,-3.0,0.0,0,293.87,0.0,1,0.61,0.64,SPY190510P00287500,287.5,0,0.0,0.0,,0.0,normalDay
2019-04-30,898.0,6.0,0.0,0,294.02,0.0,1,0.61,0.55,SPY190510P00287500,287.5,0,0.0,0.0,,0.0,normalDay
2019-05-01,898.0,-41.0,0.0,0,291.81,0.0,1,0.61,1.02,SPY190510P00287500,287.5,0,0.0,0.0,,0.0,normalDay
2019-05-02,898.0,-36.0,0.0,0,291.18,0.0,1,0.61,0.97,SPY190510P00287500,287.5,0,0.0,0.0,,0.0,normalDay
2019-05-03,898.0,34.0,0.0,0,294.03,0.0,1,0.61,0.27,SPY190510P00287500,287.5,0,0.0,0.0,,0.0,normalDay
2019-05-06,898.0,8.0,0.0,0,292.82,0.0,1,0.61,0.53,SPY190510P00287500,287.5,0,0.0,0.0,,0.0,normalDay
2019-05-07,898.0,-153.0,0.0,0,287.93,0.0,1,0.61,2.14,SPY190510P00287500,287.5,0,0.0,0.0,,0.0,normalDay
2019-05-08,898.0,-138.0,0.0,0,287.53,0.0,1,0.61,1.99,SPY190510P00287500,287.5,0,0.0,0.0,,0.0,normalDay
2019-05-09,898.0,-162.0,0.0,0,286.66,0.0,1,0.61,2.23,SPY190510P00287500,287.5,0,0.0,0.0,,0.0,normalDay
2019-05-10,959.0,0.0,61.0,0,288.1,0.0,1,0.61,0.0,SPY190510P00287500,287.5,0,0.0,0.0,,0.0,expirationDay
2019-05-13,959.0,-7.0,0.0,0,280.86,0.0,1,7.6,7.67,SPY190524P00287500,287.5,0,0.0,0.0,,0.0,normalDay
2019-05-14,959.0,230.0,0.0,0,283.4,0.0,1,7.6,5.3,SPY190524P00287500,287.5,0,0.0,0.0,,0.0,normalDay
2019-05-15,959.0,388.0,0.0,0,285.06,0.0,1,7.6,3.72,SPY190524P00287500,287.5,0,0.0,0.0,,0.0,normalDay
2019-05-16,959.0,536.0,0.0,0,287.7,0.0,1,7.6,2.24,SPY190524P00287500,287.5,0,0.0,0.0,,0.0,normalDay
2019-05-17,959.0,448.0,0.0,0,285.84,0.0,1,7.6,3.12,SPY190524P00287500,287.5,0,0.0,0.0,,0.0,normalDay
2019-05-20,959.0,370.0,0.0,0,283.95,0.0,1,7.6,3.9,SPY190524P00287500,287.5,0,0.0,0.0,,0.0,normalDay
2019-05-21,959.0,563.0,0.0,0,286.51,0.0,1,7.6,1.97,SPY190524P00287500,287.5,0,0.0,0.0,,0.0,normalDay
2019-05-22,959.0,536.0,0.0,0,285.63,0.0,1,7.6,2.24,SPY190524P00287500,287.5,0,0.0,0.0,,0.0,normalDay
2019-05-23,959.0,204.0,0.0,0,282.14,0.0,1,7.6,5.56,SPY190524P00287500,287.5,0,0.0,0.0,,0.0,normalDay
2019-05-24,1719.0,-472.0,760.0,100,282.78,287.5,1,7.6,0.0,SPY190524P00287500,287.5,0,0.0,0.0,,0.0,expirationDay
2019-05-28,1719.0,-739.0,0.0,100,280.15,287.5,0,0.0,0.0,,0.0,1,2.25,2.29,SPY190719C00289000,289.0,normalDay
2019-05-29,1719.0,-870.0,0.0,100,278.27,287.5,0,0.0,0.0,,0.0,1,2.25,1.72,SPY190719C00289000,289.0,normalDay
2019-05-30,1719.0,-801.0,0.0,100,279.03,287.5,0,0.0,0.0,,0.0,1,2.25,1.79,SPY190719C00289000,289.0,normalDay
2019-05-31,1719.0,-1107.0,0.0,100,275.27,287.5,0,0.0,0.0,,0.0,1,2.25,1.09,SPY190719C00289000,289.0,normalDay
2019-06-03,1719.0,-1161.0,0.0,100,274.57,287.5,0,0.0,0.0,,0.0,1,2.25,0.93,SPY190719C00289000,289.0,normalDay
2019-06-04,1719.0,-663.0,0.0,100,280.53,287.5,0,0.0,0.0,,0.0,1,2.25,1.91,SPY190719C00289000,289.0,normalDay
2019-06-05,1719.0,-475.0,0.0,100,282.96,287.5,0,0.0,0.0,,0.0,1,2.25,2.46,SPY190719C00289000,289.0,normalDay
2019-06-06,1719.0,-344.0,0.0,100,284.8,287.5,0,0.0,0.0,,0.0,1,2.25,2.99,SPY190719C00289000,289.0,normalDay
2019-06-07,1719.0,-193.0,0.0,100,287.65,287.5,0,0.0,0.0,,0.0,1,2.25,4.33,SPY190719C00289000,289.0,normalDay
2019-06-10,1719.0,-117.0,0.0,100,288.97,287.5,0,0.0,0.0,,0.0,1,2.25,4.89,SPY190719C00289000,289.0,normalDay
2019-06-11,1719.0,-115.0,0.0,100,288.9,287.5,0,0.0,0.0,,0.0,1,2.25,4.8,SPY190719C00289000,289.0,normalDay
2019-06-12,1719.0,-129.0,0.0,100,288.39,287.5,0,0.0,0.0,,0.0,1,2.25,4.43,SPY190719C00289000,289.0,normalDay
2019-06-13,1719.0,-71.0,0.0,100,289.58,287.5,0,0.0,0.0,,0.0,1,2.25,5.04,SPY190719C00289000,289.0,normalDay
2019-06-14,1719.0,-73.0,0.0,100,289.26,287.5,0,0.0,0.0,,0.0,1,2.25,4.74,SPY190719C00289000,289.0,normalDay
2019-06-17,1719.0,-43.0,0.0,100,289.37,287.5,0,0.0,0.0,,0.0,1,2.25,4.55,SPY190719C00289000,289.0,normalDay
2019-06-18,1719.0,95.0,0.0,100,292.4,287.5,0,0.0,0.0,,0.0,1,2.25,6.2,SPY190719C00289000,289.0,normalDay
2019-06-19,1719.0,136.0,0.0,100,293.06,287.5,0,0.0,0.0,,0.0,1,2.25,6.45,SPY190719C00289000,289.0,normalDay
2019-06-20,1719.0,215.0,0.0,100,295.86,287.5,0,0.0,0.0,,0.0,1,2.25,8.46,SPY190719C00289000,289.0,normalDay
2019-06-21,1719.0,61.0,0.0,100,294.0,287.5,0,0.0,0.0,,0.0,1,2.25,8.14,SPY190719C00289000,289.0,normalDay
2019-06-24,1719.0,70.0,0.0,100,293.64,287.5,0,0.0,0.0,,0.0,1,2.25,7.69,SPY190719C00289000,289.0,normalDay
2019-06-25,1719.0,-28.0,0.0,100,290.76,287.5,0,0.0,0.0,,0.0,1,2.25,5.79,SPY190719C00289000,289.0,normalDay
2019-06-26,1719.0,-13.0,0.0,100,290.47,287.5,0,0.0,0.0,,0.0,1,2.25,5.35,SPY190719C00289000,289.0,normalDay
2019-06-27,1719.0,17.0,0.0,100,291.5,287.5,0,0.0,0.0,,0.0,1,2.25,6.08,SPY190719C00289000,289.0,normalDay
2019-06-28,1719.0,49.0,0.0,100,293.0,287.5,0,0.0,0.0,,0.0,1,2.25,7.26,SPY190719C00289000,289.0,normalDay
2019-07-01,1719.0,230.0,0.0,100,295.66,287.5,0,0.0,0.0,,0.0,1,2.25,8.11,SPY190719C00289000,289.0,normalDay
2019-07-02,1719.0,256.0,0.0,100,296.43,287.5,0,0.0,0.0,,0.0,1,2.25,8.62,SPY190719C00289000,289.0,normalDay
2019-07-03,1719.0,285.0,0.0,100,298.8,287.5,0,0.0,0.0,,0.0,1,2.25,10.7,SPY190719C00289000,289.0,normalDay
2019-07-05,1719.0,342.0,0.0,100,298.46,287.5,0,0.0,0.0,,0.0,1,2.25,9.79,SPY190719C00289000,289.0,normalDay
2019-07-08,1719.0,295.0,0.0,100,296.82,287.5,0,0.0,0.0,,0.0,1,2.25,8.62,SPY190719C00289000,289.0,normalDay
2019-07-09,1719.0,322.0,0.0,100,297.19,287.5,0,0.0,0.0,,0.0,1,2.25,8.72,SPY190719C00289000,289.0,normalDay
2019-07-10,1719.0,327.0,0.0,100,298.61,287.5,0,0.0,0.0,,0.0,1,2.25,10.09,SPY190719C00289000,289.0,normalDay
2019-07-11,1719.0,336.0,0.0,100,299.31,287.5,0,0.0,0.0,,0.0,1,2.25,10.7,SPY190719C00289000,289.0,normalDay
2019-07-12,1719.0,355.0,0.0,100,300.65,287.5,0,0.0,0.0,,0.0,1,2.25,11.85,SPY190719C00289000,289.0,normalDay
2019-07-15,1719.0,356.0,0.0,100,300.75,287.5,0,0.0,0.0,,0.0,1,2.25,11.94,SPY190719C00289000,289.0,normalDay
2019-07-16,1719.0,345.0,0.0,100,299.78,287.5,0,0.0,0.0,,0.0,1,2.25,11.08,SPY190719C00289000,289.0,normalDay
2019-07-17,1719.0,353.0,0.0,100,297.74,287.5,0,0.0,0.0,,0.0,1,2.25,8.96,SPY190719C00289000,289.0,normalDay
2019-07-18,1719.0,358.0,0.0,100,298.83,287.5,0,0.0,0.0,,0.0,1,2.25,10.0,SPY190719C00289000,289.0,normalDay
2019-07-19,2094.0,358.0,375.0,0,297.17,0.0,0,0.0,0.0,,0.0,1,2.25,0.0,SPY190719C00289000,289.0,expirationDay
2019-07-22,2094.0,-4.0,0.0,0,297.9,0.0,1,1.28,1.32,SPY190802P00294000,294.0,0,0.0,0.0,,0.0,normalDay
2019-07-23,2094.0,51.0,0.0,0,300.03,0.0,1,1.28,0.77,SPY190802P00294000,294.0,0,0.0,0.0,,0.0,normalDay
2019-07-24,2094.0,80.0,0.0,0,301.44,0.0,1,1.28,0.48,SPY190802P00294000,294.0,0,0.0,0.0,,0.0,normalDay
2019-07-25,2094.0,70.0,0.0,0,300.0,0.0,1,1.28,0.58,SPY190802P00294000,294.0,0,0.0,0.0,,0.0,normalDay
2019-07-26,2094.0,104.0,0.0,0,302.01,0.0,1,1.28,0.24,SPY190802P00294000,294.0,0,0.0,0.0,,0.0,normalDay
2019-07-29,2094.0,109.0,0.0,0,301.46,0.0,1,1.28,0.19,SPY190802P00294000,294.0,0,0.0,0.0,,0.0,normalDay
2019-07-30,2094.0,98.0,0.0,0,300.72,0.0,1,1.28,0.3,SPY190802P00294000,294.0,0,0.0,0.0,,0.0,normalDay
2019-07-31,2094.0,40.0,0.0,0,297.43,0.0,1,1.28,0.88,SPY190802P00294000,294.0,0,0.0,0.0,,0.0,normalDay
2019-08-01,2094.0,35.0,0.0,0,294.84,0.0,1,1.28,0.93,SPY190802P00294000,294.0,0,0.0,0.0,,0.0,normalDay
2019-08-02,2222.0,-138.0,128.0,100,292.62,294.0,1,1.28,0.0,SPY190802P00294000,294.0,0,0.0,0.0,,0.0,expirationDay
2019-08-05,2222.0,-1022.0,0.0,100,283.82,294.0,0,0.0,0.0,,0.0,1,1.01,1.05,SPY190920C00301000,301.0,normalDay
2019-08-06,2222.0,-640.0,0.0,100,287.8,294.0,0,0.0,0.0,,0.0,1,1.01,1.21,SPY190920C00301000,301.0,normalDay
2019-08-07,2222.0,-611.0,0.0,100,287.97,294.0,0,0.0,0.0,,0.0,1,1.01,1.09,SPY190920C00301000,301.0,normalDay
2019-08-08,2222.0,-163.0,0.0,100,293.62,294.0,0,0.0,0.0,,0.0,1,1.01,2.26,SPY190920C00301000,301.0,normalDay
2019-08-09,2222.0,-319.0,0.0,100,291.62,294.0,0,0.0,0.0,,0.0,1,1.01,1.82,SPY190920C00301000,301.0,normalDay
2019-08-12,2222.0,-613.0,0.0,100,288.07,294.0,0,0.0,0.0,,0.0,1,1.01,1.21,SPY190920C00301000,301.0,normalDay
2019-08-13,2222.0,-225.0,0.0,100,292.55,294.0,0,0.0,0.0,,0.0,1,1.01,1.81,SPY190920C00301000,301.0,normalDay
2019-08-14,2222.0,-979.0,0.0,100,283.9,294.0,0,0.0,0.0,,0.0,1,1.01,0.7,SPY190920C00301000,301.0,normalDay
2019-08-15,2222.0,-900.0,0.0,100,284.65,294.0,0,0.0,0.0,,0.0,1,1.01,0.66,SPY190920C00301000,301.0,normalDay
2019-08-16,2222.0,-498.0,0.0,100,288.85,294.0,0,0.0,0.0,,0.0,1,1.01,0.84,SPY190920C00301000,301.0,normalDay
2019-08-19,2222.0,-179.0,0.0,100,292.33,294.0,0,0.0,0.0,,0.0,1,1.01,1.13,SPY190920C00301000,301.0,normalDay
2019-08-20,2222.0,-363.0,0.0,100,290.09,294.0,0,0.0,0.0,,0.0,1,1.01,0.73,SPY190920C00301000,301.0,normalDay
2019-08-21,2222.0,-159.0,0.0,100,292.45,294.0,0,0.0,0.0,,0.0,1,1.01,1.05,SPY190920C00301000,301.0,normalDay
2019-08-22,2222.0,-159.0,0.0,100,292.36,294.0,0,0.0,0.0,,0.0,1,1.01,0.96,SPY190920C00301000,301.0,normalDay
2019-08-23,2222.0,-844.0,0.0,100,284.85,294.0,0,0.0,0.0,,0.0,1,1.01,0.3,SPY190920C00301000,301.0,normalDay
2019-08-26,2222.0,-543.0,0.0,100,288.0,294.0,0,0.0,0.0,,0.0,1,1.01,0.44,SPY190920C00301000,301.0,normalDay
2019-08-27,2222.0,-646.0,0.0,100,286.87,294.0,0,0.0,0.0,,0.0,1,1.01,0.34,SPY190920C00301000,301.0,normalDay
2019-08-28,2222.0,-456.0,0.0,100,288.89,294.0,0,0.0,0.0,,0.0,1,1.01,0.46,SPY190920C00301000,301.0,normalDay
2019-08-29,2222.0,-120.0,0.0,100,292.58,294.0,0,0.0,0.0,,0.0,1,1.01,0.79,SPY190920C00301000,301.0,normalDay
2019-08-30,2222.0,-130.0,0.0,100,292.45,294.0,0,0.0,0.0,,0.0,1,1.01,0.76,SPY190920C00301000,301.0,normalDay
2019-09-03,2222.0,-259.0,0.0,100,290.74,294.0,0,0.0,0.0,,0.0,1,1.01,0.34,SPY190920C00301000,301.0,normalDay
2019-09-04,2222.0,45.0,0.0,100,294.04,294.0,0,0.0,0.0,,0.0,1,1.01,0.6,SPY190920C00301000,301.0,normalDay
2019-09-05,2222.0,349.0,0.0,100,297.82,294.0,0,0.0,0.0,,0.0,1,1.01,1.34,SPY190920C00301000,301.0,normalDay
2019-09-06,2222.0,379.0,0.0,100,298.05,294.0,0,0.0,0.0,,0.0,1,1.01,1.27,SPY190920C00301000,301.0,normalDay
2019-09-09,2222.0,416.0,0.0,100,298.2,294.0,0,0.0,0.0,,0.0,1,1.01,1.05,SPY190920C00301000,301.0,normalDay
2019-09-10,2222.0,423.0,0.0,100,298.13,294.0,0,0.0,0.0,,0.0,1,1.01,0.91,SPY190920C00301000,301.0,normalDay
2019-09-11,2222.0,550.0,0.0,100,300.25,294.0,0,0.0,0.0,,0.0,1,1.01,1.76,SPY190920C00301000,301.0,normalDay
2019-09-12,2222.0,606.0,0.0,100,301.29,294.0,0,0.0,0.0,,0.0,1,1.01,2.24,SPY190920C00301000,301.0,normalDay
2019-09-13,2222.0,624.0,0.0,100,301.09,294.0,0,0.0,0.0,,0.0,1,1.01,1.86,SPY190920C00301000,301.0,normalDay
2019-09-16,2222.0,586.0,0.0,100,300.16,294.0,0,0.0,0.0,,0.0,1,1.01,1.31,SPY190920C00301000,301.0,normalDay
2019-09-17,2222.0,655.0,0.0,100,300.92,294.0,0,0.0,0.0,,0.0,1,1.01,1.38,SPY190920C00301000,301.0,normalDay
2019-09-18,2222.0,686.0,0.0,100,301.1,294.0,0,0.0,0.0,,0.0,1,1.01,1.25,SPY190920C00301000,301.0,normalDay
2019-09-19,2222.0,777.0,0.0,100,301.08,294.0,0,0.0,0.0,,0.0,1,1.01,0.32,SPY190920C00301000,301.0,normalDay
2019-09-20,2323.0,428.0,101.0,100,298.28,294.0,0,0.0,0.0,,0.0,1,1.01,0.0,SPY190920C00301000,301.0,expirationDay
2019-09-23,2323.0,417.0,0.0,100,298.21,294.0,0,0.0,0.0,,0.0,1,6.47,6.51,SPY191115C00299000,299.0,normalDay
2019-09-24,2323.0,268.0,0.0,100,295.87,294.0,0,0.0,0.0,,0.0,1,6.47,5.66,SPY191115C00299000,299.0,normalDay
2019-09-25,2323.0,402.0,0.0,100,297.62,294.0,0,0.0,0.0,,0.0,1,6.47,6.07,SPY191115C00299000,299.0,normalDay
2019-09-26,2323.0,372.0,0.0,100,297.0,294.0,0,0.0,0.0,,0.0,1,6.47,5.75,SPY191115C00299000,299.0,normalDay
2019-09-27,2323.0,280.0,0.0,100,295.4,294.0,0,0.0,0.0,,0.0,1,6.47,5.07,SPY191115C00299000,299.0,normalDay
2019-09-30,2323.0,378.0,0.0,100,296.77,294.0,0,0.0,0.0,,0.0,1,6.47,5.46,SPY191115C00299000,299.0,normalDay
2019-10-01,2323.0,185.0,0.0,100,293.24,294.0,0,0.0,0.0,,0.0,1,6.47,3.86,SPY191115C00299000,299.0,normalDay
2019-10-02,2323.0,-162.0,0.0,100,288.06,294.0,0,0.0,0.0,,0.0,1,6.47,2.15,SPY191115C00299000,299.0,normalDay
2019-10-03,2323.0,17.0,0.0,100,290.42,294.0,0,0.0,0.0,,0.0,1,6.47,2.72,SPY191115C00299000,299.0,normalDay
2019-10-04,2323.0,305.0,0.0,100,294.35,294.0,0,0.0,0.0,,0.0,1,6.47,3.77,SPY191115C00299000,299.0,normalDay
2019-10-07,2323.0,246.0,0.0,100,293.08,294.0,0,0.0,0.0,,0.0,1,6.47,3.09,SPY191115C00299000,299.0,normalDay
2019-10-08,2323.0,-91.0,0.0,100,288.53,294.0,0,0.0,0.0,,0.0,1,6.47,1.91,SPY191115C00299000,299.0,normalDay
2019-10-09,2323.0,136.0,0.0,100,291.27,294.0,0,0.0,0.0,,0.0,1,6.47,2.38,SPY191115C00299000,299.0,normalDay
2019-10-10,2323.0,266.0,0.0,100,293.24,294.0,0,0.0,0.0,,0.0,1,6.47,3.05,SPY191115C00299000,299.0,normalDay
2019-10-11,2323.0,476.0,0.0,100,296.28,294.0,0,0.0,0.0,,0.0,1,6.47,3.99,SPY191115C00299000,299.0,normalDay
2019-10-14,2323.0,523.0,0.0,100,295.95,294.0,0,0.0,0.0,,0.0,1,6.47,3.19,SPY191115C00299000,299.0,normalDay
2019-10-15,2323.0,693.0,0.0,100,298.88,294.0,0,0.0,0.0,,0.0,1,6.47,4.42,SPY191115C00299000,299.0,normalDay
2019-10-16,2323.0,674.0,0.0,100,298.4,294.0,0,0.0,0.0,,0.0,1,6.47,4.13,SPY191115C00299000,299.0,normalDay
2019-10-17,2323.0,732.0,0.0,100,299.28,294.0,0,0.0,0.0,,0.0,1,6.47,4.43,SPY191115C00299000,299.0,normalDay
2019-10-18,2323.0,662.0,0.0,100,297.97,294.0,0,0.0,0.0,,0.0,1,6.47,3.82,SPY191115C00299000,299.0,normalDay
2019-10-21,2323.0,789.0,0.0,100,299.99,294.0,0,0.0,0.0,,0.0,1,6.47,4.57,SPY191115C00299000,299.0,normalDay
2019-10-22,2323.0,759.0,0.0,100,299.01,294.0,0,0.0,0.0,,0.0,1,6.47,3.89,SPY191115C00299000,299.0,normalDay
2019-10-23,2323.0,800.0,0.0,100,299.88,294.0,0,0.0,0.0,,0.0,1,6.47,4.35,SPY191115C00299000,299.0,normalDay
2019-10-24,2323.0,860.0,0.0,100,300.37,294.0,0,0.0,0.0,,0.0,1,6.47,4.24,SPY191115C00299000,299.0,normalDay
2019-10-25,2323.0,925.0,0.0,100,301.6,294.0,0,0.0,0.0,,0.0,1,6.47,4.82,SPY191115C00299000,299.0,normalDay
2019-10-28,2323.0,974.0,0.0,100,303.3,294.0,0,0.0,0.0,,0.0,1,6.47,6.03,SPY191115C00299000,299.0,normalDay
2019-10-29,2323.0,978.0,0.0,100,303.21,294.0,0,0.0,0.0,,0.0,1,6.47,5.9,SPY191115C00299000,299.0,normalDay
2019-10-30,2323.0,996.0,0.0,100,304.14,294.0,0,0.0,0.0,,0.0,1,6.47,6.65,SPY191115C00299000,299.0,normalDay
2019-10-31,2323.0,995.0,0.0,100,303.33,294.0,0,0.0,0.0,,0.0,1,6.47,5.85,SPY191115C00299000,299.0,normalDay
2019-11-01,2323.0,1068.0,0.0,100,306.14,294.0,0,0.0,0.0,,0.0,1,6.47,7.93,SPY191115C00299000,299.0,normalDay
2019-11-04,2323.0,1088.0,0.0,100,307.37,294.0,0,0.0,0.0,,0.0,1,6.47,8.96,SPY191115C00299000,299.0,normalDay
2019-11-05,2323.0,1091.0,0.0,100,307.03,294.0,0,0.0,0.0,,0.0,1,6.47,8.59,SPY191115C00299000,299.0,normalDay
2019-11-06,2323.0,1088.0,0.0,100,307.1,294.0,0,0.0,0.0,,0.0,1,6.47,8.69,SPY191115C00299000,299.0,normalDay
2019-11-07,2323.0,1115.0,0.0,100,308.18,294.0,0,0.0,0.0,,0.0,1,6.47,9.5,SPY191115C00299000,299.0,normalDay
2019-11-08,2323.0,1123.0,0.0,100,308.94,294.0,0,0.0,0.0,,0.0,1,6.47,10.18,SPY191115C00299000,299.0,normalDay
2019-11-11,2323.0,1113.0,0.0,100,308.35,294.0,0,0.0,0.0,,0.0,1,6.47,9.69,SPY191115C00299000,299.0,normalDay
2019-11-12,2323.0,1153.0,0.0,100,309.0,294.0,0,0.0,0.0,,0.0,1,6.47,9.94,SPY191115C00299000,299.0,normalDay
2019-11-13,2323.0,1131.0,0.0,100,309.1,294.0,0,0.0,0.0,,0.0,1,6.47,10.26,SPY191115C00299000,299.0,normalDay
2019-11-14,2323.0,1135.0,0.0,100,309.55,294.0,0,0.0,0.0,,0.0,1,6.47,10.67,SPY191115C00299000,299.0,normalDay
2019-11-15,3470.0,1135.0,1147.0,0,311.79,0.0,0,0.0,0.0,,0.0,1,6.47,0.0,SPY191115C00299000,299.0,expirationDay
2019-11-18,3470.0,-3.0,0.0,0,312.02,0.0,1,0.29,0.32,SPY191129P00302500,302.5,0,0.0,0.0,,0.0,normalDay
2019-11-19,3470.0,0.0,0.0,0,311.93,0.0,1,0.29,0.29,SPY191129P00302500,302.5,0,0.0,0.0,,0.0,normalDay
2019-11-20,3470.0,-5.0,0.0,0,310.77,0.0,1,0.29,0.34,SPY191129P00302500,302.5,0,0.0,0.0,,0.0,normalDay
2019-11-21,3470.0,2.0,0.0,0,310.27,0.0,1,0.29,0.27,SPY191129P00302500,302.5,0,0.0,0.0,,0.0,normalDay
2019-11-22,3470.0,18.0,0.0,0,310.96,0.0,1,0.29,0.11,SPY191129P00302500,302.5,0,0.0,0.0,,0.0,normalDay
2019-11-25,3470.0,24.0,0.0,0,313.37,0.0,1,0.29,0.05,SPY191129P00302500,302.5,0,0.0,0.0,,0.0,normalDay
2019-11-26,3470.0,25.0,0.0,0,314.08,0.0,1,0.29,0.04,SPY191129P00302500,302.5,0,0.0,0.0,,0.0,normalDay
2019-11-27,3470.0,27.0,0.0,0,315.48,0.0,1,0.29,0.02,SPY191129P00302500,302.5,0,0.0,0.0,,0.0,normalDay
2019-11-29,3499.0,0.0,29.0,0,314.31,0.0,1,0.29,0.0,SPY191129P00302500,302.5,0,0.0,0.0,,0.0,expirationDay
2019-12-02,3499.0,-3.0,0.0,0,311.64,0.0,1,1.65,1.68,SPY191213P00308000,308.0,0,0.0,0.0,,0.0,normalDay
2019-12-03,3499.0,-84.0,0.0,0,309.55,0.0,1,1.65,2.49,SPY191213P00308000,308.0,0,0.0,0.0,,0.0,normalDay
2019-12-04,3499.0,2.0,0.0,0,311.46,0.0,1,1.65,1.63,SPY191213P00308000,308.0,0,0.0,0.0,,0.0,normalDay
2019-12-05,3499.0,55.0,0.0,0,312.02,0.0,1,1.65,1.1,SPY191213P00308000,308.0,0,0.0,0.0,,0.0,normalDay
2019-12-06,3499.0,125.0,0.0,0,314.87,0.0,1,1.65,0.4,SPY191213P00308000,308.0,0,0.0,0.0,,0.0,normalDay
2019-12-09,3499.0,116.0,0.0,0,313.88,0.0,1,1.65,0.49,SPY191213P00308000,308.0,0,0.0,0.0,,0.0,normalDay
2019-12-10,3499.0,134.0,0.0,0,313.53,0.0,1,1.65,0.31,SPY191213P00308000,308.0,0,0.0,0.0,,0.0,normalDay
2019-12-11,3499.0,153.0,0.0,0,314.42,0.0,1,1.65,0.12,SPY191213P00308000,308.0,0,0.0,0.0,,0.0,normalDay
2019-12-12,3499.0,160.0,0.0,0,317.13,0.0,1,1.65,0.05,SPY191213P00308000,308.0,0,0.0,0.0,,0.0,normalDay
2019-12-13,3664.0,0.0,165.0,0,317.32,0.0,1,1.65,0.0,SPY191213P00308000,308.0,0,0.0,0.0,,0.0,expirationDay
2019-12-16,3664.0,-3.0,0.0,0,319.5,0.0,1,0.51,0.54,SPY191227P00311000,311.0,0,0.0,0.0,,0.0,normalDay
2019-12-17,3664.0,7.0,0.0,0,319.57,0.0,1,0.51,0.44,SPY191227P00311000,311.0,0,0.0,0.0,,0.0,normalDay
2019-12-18,3664.0,19.0,0.0,0,319.59,0.0,1,0.51,0.32,SPY191227P00311000,311.0,0,0.0,0.0,,0.0,normalDay
2019-12-19,3664.0,36.0,0.0,0,320.9,0.0,1,0.51,0.15,SPY191227P00311000,311.0,0,0.0,0.0,,0.0,normalDay
2019-12-20,3664.0,43.0,0.0,0,320.73,0.0,1,0.51,0.08,SPY191227P00311000,311.0,0,0.0,0.0,,0.0,normalDay
2019-12-23,3664.0,47.0,0.0,0,321.22,0.0,1,0.51,0.04,SPY191227P00311000,311.0,0,0.0,0.0,,0.0,normalDay
2019-12-24,3664.0,49.0,0.0,0,321.23,0.0,1,0.51,0.02,SPY191227P00311000,311.0,0,0.0,0.0,,0.0,normalDay
2019-12-26,3664.0,50.0,0.0,0,322.94,0.0,1,0.51,0.01,SPY191227P00311000,311.0,0,0.0,0.0,,0.0,normalDay
2019-12-27,3715.0,0.0,51.0,0,322.86,0.0,1,0.51,0.0,SPY191227P00311000,311.0,0,0.0,0.0,,0.0,expirationDay
2019-12-30,3715.0,-3.0,0.0,0,321.08,0.0,1,0.76,0.79,SPY200110P00313000,313.0,0,0.0,0.0,,0.0,normalDay
2019-12-31,3715.0,21.0,0.0,0,321.86,0.0,1,0.76,0.55,SPY200110P00313000,313.0,0,0.0,0.0,,0.0,normalDay
2020-01-02,3715.0,60.0,0.0,0,324.87,0.0,1,0.76,0.16,SPY200110P00313000,313.0,0,0.0,0.0,,0.0,normalDay
2020-01-03,3715.0,46.0,0.0,0,322.41,0.0,1,0.76,0.3,SPY200110P00313000,313.0,0,0.0,0.0,,0.0,normalDay
2020-01-06,3715.0,68.0,0.0,0,323.64,0.0,1,0.76,0.08,SPY200110P00313000,313.0,0,0.0,0.0,,0.0,normalDay
2020-01-07,3715.0,69.0,0.0,0,322.73,0.0,1,0.76,0.07,SPY200110P00313000,313.0,0,0.0,0.0,,0.0,normalDay
2020-01-08,3715.0,69.0,0.0,0,324.45,0.0,1,0.76,0.07,SPY200110P00313000,313.0,0,0.0,0.0,,0.0,normalDay
2020-01-09,3715.0,74.0,0.0,0,326.65,0.0,1,0.76,0.02,SPY200110P00313000,313.0,0,0.0,0.0,,0.0,normalDay
2020-01-10,3791.0,0.0,76.0,0,325.71,0.0,1,0.76,0.0,SPY200110P00313000,313.0,0,0.0,0.0,,0.0,expirationDay
2020-01-13,3791.0,-3.0,0.0,0,327.95,0.0,1,0.41,0.44,SPY200124P00320000,320.0,0,0.0,0.0,,0.0,normalDay
2020-01-14,3791.0,-1.0,0.0,0,327.45,0.0,1,0.41,0.42,SPY200124P00320000,320.0,0,0.0,0.0,,0.0,normalDay
2020-01-15,3791.0,12.0,0.0,0,328.19,0.0,1,0.41,0.29,SPY200124P00320000,320.0,0,0.0,0.0,,0.0,normalDay
2020-01-16,3791.0,26.0,0.0,0,330.92,0.0,1,0.41,0.15,SPY200124P00320000,320.0,0,0.0,0.0,,0.0,normalDay
2020-01-17,3791.0,35.0,0.0,0,331.95,0.0,1,0.41,0.06,SPY200124P00320000,320.0,0,0.0,0.0,,0.0,normalDay
2020-01-21,3791.0,37.0,0.0,0,331.3,0.0,1,0.41,0.04,SPY200124P00320000,320.0,0,0.0,0.0,,0.0,normalDay
2020-01-22,3791.0,39.0,0.0,0,331.34,0.0,1,0.41,0.02,SPY200124P00320000,320.0,0,0.0,0.0,,0.0,normalDay
2020-01-23,3791.0,39.0,0.0,0,331.72,0.0,1,0.41,0.02,SPY200124P00320000,320.0,0,0.0,0.0,,0.0,normalDay
2020-01-24,3832.0,0.0,41.0,0,328.77,0.0,1,0.41,0.0,SPY200124P00320000,320.0,0,0.0,0.0,,0.0,expirationDay
2020-01-27,3832.0,-4.0,0.0,0,323.5,0.0,1,3.96,4.0,SPY200207P00323000,323.0,0,0.0,0.0,,0.0,normalDay
2020-01-28,3832.0,173.0,0.0,0,326.89,0.0,1,3.96,2.23,SPY200207P00323000,323.0,0,0.0,0.0,,0.0,normalDay
2020-01-29,3832.0,179.0,0.0,0,326.62,0.0,1,3.96,2.17,SPY200207P00323000,323.0,0,0.0,0.0,,0.0,normalDay
2020-01-30,3832.0,262.0,0.0,0,327.68,0.0,1,3.96,1.34,SPY200207P00323000,323.0,0,0.0,0.0,,0.0,normalDay
2020-01-31,3832.0,-5.0,0.0,0,321.73,0.0,1,3.96,4.01,SPY200207P00323000,323.0,0,0.0,0.0,,0.0,normalDay
2020-02-03,3832.0,151.0,0.0,0,324.12,0.0,1,3.96,2.45,SPY200207P00323000,323.0,0,0.0,0.0,,0.0,normalDay
2020-02-04,3832.0,350.0,0.0,0,329.06,0.0,1,3.96,0.46,SPY200207P00323000,323.0,0,0.0,0.0,,0.0,normalDay
2020-02-05,3832.0,388.0,0.0,0,332.86,0.0,1,3.96,0.08,SPY200207P00323000,323.0,0,0.0,0.0,,0.0,normalDay
2020-02-06,3832.0,394.0,0.0,0,333.98,0.0,1,3.96,0.02,SPY200207P00323000,323.0,0,0.0,0.0,,0.0,normalDay
2020-02-07,4228.0,0.0,396.0,0,332.2,0.0,1,3.96,0.0,SPY200207P00323000,323.0,0,0.0,0.0,,0.0,expirationDay
2020-02-10,4228.0,-3.0,0.0,0,334.68,0.0,1,0.73,0.76,SPY200221P00326000,326.0,0,0.0,0.0,,0.0,normalDay
2020-02-11,4228.0,10.0,0.0,0,335.26,0.0,1,0.73,0.63,SPY200221P00326000,326.0,0,0.0,0.0,,0.0,normalDay
2020-02-12,4228.0,45.0,0.0,0,337.42,0.0,1,0.73,0.28,SPY200221P00326000,326.0,0,0.0,0.0,,0.0,normalDay
2020-02-13,4228.0,44.0,0.0,0,337.06,0.0,1,0.73,0.29,SPY200221P00326000,326.0,0,0.0,0.0,,0.0,normalDay
2020-02-14,4228.0,57.0,0.0,0,337.6,0.0,1,0.73,0.16,SPY200221P00326000,326.0,0,0.0,0.0,,0.0,normalDay
2020-02-18,4228.0,64.0,0.0,0,336.73,0.0,1,0.73,0.09,SPY200221P00326000,326.0,0,0.0,0.0,,0.0,normalDay
2020-02-19,4228.0,69.0,0.0,0,338.34,0.0,1,0.73,0.04,SPY200221P00326000,326.0,0,0.0,0.0,,0.0,normalDay
2020-02-20,4228.0,70.0,0.0,0,336.95,0.0,1,0.73,0.03,SPY200221P00326000,326.0,0,0.0,0.0,,0.0,normalDay
2020-02-21,4301.0,0.0,73.0,0,333.48,0.0,1,0.73,0.0,SPY200221P00326000,326.0,0,0.0,0.0,,0.0,expirationDay
2020-02-24,4301.0,-8.0,0.0,0,322.42,0.0,1,7.52,7.6,SPY200306P00326000,326.0,0,0.0,0.0,,0.0,normalDay
2020-02-25,4301.0,-641.0,0.0,0,312.65,0.0,1,7.52,13.93,SPY200306P00326000,326.0,0,0.0,0.0,,0.0,normalDay
2020-02-26,4301.0,-822.0,0.0,0,311.5,0.0,1,7.52,15.74,SPY200306P00326000,326.0,0,0.0,0.0,,0.0,normalDay
2020-02-27,4301.0,-2134.0,0.0,0,297.51,0.0,1,7.52,28.86,SPY200306P00326000,326.0,0,0.0,0.0,,0.0,normalDay
2020-02-28,4301.0,-2213.0,0.0,0,296.26,0.0,1,7.52,29.65,SPY200306P00326000,326.0,0,0.0,0.0,,0.0,normalDay
2020-03-02,4301.0,-968.0,0.0,0,309.09,0.0,1,7.52,17.2,SPY200306P00326000,326.0,0,0.0,0.0,,0.0,normalDay
2020-03-03,4301.0,-1716.0,0.0,0,300.24,0.0,1,7.52,24.68,SPY200306P00326000,326.0,0,0.0,0.0,,0.0,normalDay
2020-03-04,4301.0,-679.0,0.0,0,312.86,0.0,1,7.52,14.31,SPY200306P00326000,326.0,0,0.0,0.0,,0.0,normalDay
2020-03-05,4301.0,-1651.0,0.0,0,302.46,0.0,1,7.52,24.03,SPY200306P00326000,326.0,0,0.0,0.0,,0.0,normalDay
2020-03-06,5053.0,-2854.0,752.0,100,297.46,326.0,1,7.52,0.0,SPY200306P00326000,326.0,0,0.0,0.0,,0.0,expirationDay
2020-03-09,5053.0,-5206.0,0.0,100,274.23,326.0,0,0.0,0.0,,0.0,1,0.47,0.76,SPY200424C00330000,330.0,normalDay
2020-03-10,5053.0,-3786.0,0.0,100,288.42,326.0,0,0.0,0.0,,0.0,1,0.47,0.75,SPY200424C00330000,330.0,normalDay
2020-03-11,5053.0,-5158.0,0.0,100,274.36,326.0,0,0.0,0.0,,0.0,1,0.47,0.41,SPY200424C00330000,330.0,normalDay
2020-03-12,5053.0,-7763.0,0.0,100,248.11,326.0,0,0.0,0.0,,0.0,1,0.47,0.21,SPY200424C00330000,330.0,normalDay
2020-03-13,5053.0,-5647.0,0.0,100,269.32,326.0,0,0.0,0.0,,0.0,1,0.47,0.26,SPY200424C00330000,330.0,normalDay
2020-03-16,5053.0,-8593.0,0.0,100,239.85,326.0,0,0.0,0.0,,0.0,1,0.47,0.25,SPY200424C00330000,330.0,normalDay
2020-03-17,5053.0,-7303.0,0.0,100,252.8,326.0,0,0.0,0.0,,0.0,1,0.47,0.3,SPY200424C00330000,330.0,normalDay
2020-03-18,5053.0,-8571.0,0.0,100,240.0,326.0,0,0.0,0.0,,0.0,1,0.47,0.18,SPY200424C00330000,330.0,normalDay
2020-03-19,5053.0,-8516.0,0.0,100,240.51,326.0,0,0.0,0.0,,0.0,1,0.47,0.14,SPY200424C00330000,330.0,normalDay
2020-03-20,5053.0,-9681.0,0.0,100,228.8,326.0,0,0.0,0.0,,0.0,1,0.47,0.08,SPY200424C00330000,330.0,normalDay
2020-03-23,5053.0,-10267.0,0.0,100,222.95,326.0,0,0.0,0.0,,0.0,1,0.47,0.09,SPY200424C00330000,330.0,normalDay
2020-03-24,5053.0,-8259.0,0.0,100,243.15,326.0,0,0.0,0.0,,0.0,1,0.47,0.21,SPY200424C00330000,330.0,normalDay
2020-03-25,5053.0,-7892.0,0.0,100,246.79,326.0,0,0.0,0.0,,0.0,1,0.47,0.18,SPY200424C00330000,330.0,normalDay
2020-03-26,5053.0,-6452.0,0.0,100,261.2,326.0,0,0.0,0.0,,0.0,1,0.47,0.19,SPY200424C00330000,330.0,normalDay
2020-03-27,5053.0,-7223.0,0.0,100,253.42,326.0,0,0.0,0.0,,0.0,1,0.47,0.12,SPY200424C00330000,330.0,normalDay
2020-03-30,5053.0,-6399.0,0.0,100,261.65,326.0,0,0.0,0.0,,0.0,1,0.47,0.11,SPY200424C00330000,330.0,normalDay
2020-03-31,5053.0,-6783.0,0.0,100,257.75,326.0,0,0.0,0.0,,0.0,1,0.47,0.05,SPY200424C00330000,330.0,normalDay
2020-04-01,5053.0,-7942.0,0.0,100,246.15,326.0,0,0.0,0.0,,0.0,1,0.47,0.04,SPY200424C00330000,330.0,normalDay
2020-04-02,5053.0,-7374.0,0.0,100,251.83,326.0,0,0.0,0.0,,0.0,1,0.47,0.04,SPY200424C00330000,330.0,normalDay
2020-04-03,5053.0,-7737.0,0.0,100,248.19,326.0,0,0.0,0.0,,0.0,1,0.47,0.03,SPY200424C00330000,330.0,normalDay
2020-04-06,5053.0,-6070.0,0.0,100,264.86,326.0,0,0.0,0.0,,0.0,1,0.47,0.03,SPY200424C00330000,330.0,normalDay
2020-04-07,5053.0,-6044.0,0.0,100,265.13,326.0,0,0.0,0.0,,0.0,1,0.47,0.04,SPY200424C00330000,330.0,normalDay
2020-04-08,5053.0,-5154.0,0.0,100,274.03,326.0,0,0.0,0.0,,0.0,1,0.47,0.04,SPY200424C00330000,330.0,normalDay
2020-04-09,5053.0,-4738.0,0.0,100,278.2,326.0,0,0.0,0.0,,0.0,1,0.47,0.05,SPY200424C00330000,330.0,normalDay
2020-04-13,5053.0,-4989.0,0.0,100,275.66,326.0,0,0.0,0.0,,0.0,1,0.47,0.02,SPY200424C00330000,330.0,normalDay
2020-04-14,5053.0,-4177.0,0.0,100,283.79,326.0,0,0.0,0.0,,0.0,1,0.47,0.03,SPY200424C00330000,330.0,normalDay
2020-04-15,5053.0,-4779.0,0.0,100,277.76,326.0,0,0.0,0.0,,0.0,1,0.47,0.02,SPY200424C00330000,330.0,normalDay
2020-04-16,5053.0,-4645.0,0.0,100,279.1,326.0,0,0.0,0.0,,0.0,1,0.47,0.02,SPY200424C00330000,330.0,normalDay
2020-04-17,5053.0,-3891.0,0.0,100,286.64,326.0,0,0.0,0.0,,0.0,1,0.47,0.02,SPY200424C00330000,330.0,normalDay
2020-04-20,5053.0,-4395.0,0.0,100,281.59,326.0,0,0.0,0.0,,0.0,1,0.47,0.01,SPY200424C00330000,330.0,normalDay
2020-04-21,5053.0,-5250.0,0.0,100,273.04,326.0,0,0.0,0.0,,0.0,1,0.47,0.01,SPY200424C00330000,330.0,normalDay
2020-04-22,5053.0,-4644.0,0.0,100,279.1,326.0,0,0.0,0.0,,0.0,1,0.47,0.01,SPY200424C00330000,330.0,normalDay
2020-04-23,5053.0,-4646.0,0.0,100,279.08,326.0,0,0.0,0.0,,0.0,1,0.47,0.01,SPY200424C00330000,330.0,normalDay
2020-04-24,5100.0,-4303.0,47.0,100,282.97,326.0,0,0.0,0.0,,0.0,1,0.47,0.0,SPY200424C00330000,330.0,expirationDay
2020-04-27,5100.0,-3906.0,0.0,100,287.05,326.0,0,0.0,0.0,,0.0,1,17.94,18.05,SPY200619C00279000,279.0,normalDay
2020-04-28,5100.0,-3972.0,0.0,100,285.73,326.0,0,0.0,0.0,,0.0,1,17.94,17.39,SPY200619C00279000,279.0,normalDay
2020-04-29,5100.0,-3670.0,0.0,100,293.21,326.0,0,0.0,0.0,,0.0,1,17.94,21.85,SPY200619C00279000,279.0,normalDay
2020-04-30,5100.0,-3725.0,0.0,100,290.48,326.0,0,0.0,0.0,,0.0,1,17.94,19.67,SPY200619C00279000,279.0,normalDay
2020-05-01,5100.0,-4089.0,0.0,100,282.79,326.0,0,0.0,0.0,,0.0,1,17.94,15.62,SPY200619C00279000,279.0,normalDay
2020-05-04,5100.0,-3956.0,0.0,100,283.57,326.0,0,0.0,0.0,,0.0,1,17.94,15.07,SPY200619C00279000,279.0,normalDay
2020-05-05,5100.0,-3833.0,0.0,100,286.19,326.0,0,0.0,0.0,,0.0,1,17.94,16.46,SPY200619C00279000,279.0,normalDay
2020-05-06,5100.0,-3880.0,0.0,100,284.25,326.0,0,0.0,0.0,,0.0,1,17.94,14.99,SPY200619C00279000,279.0,normalDay
2020-05-07,5100.0,-3750.0,0.0,100,287.68,326.0,0,0.0,0.0,,0.0,1,17.94,17.12,SPY200619C00279000,279.0,normalDay
2020-05-08,5100.0,-3523.0,0.0,100,292.44,326.0,0,0.0,0.0,,0.0,1,17.94,19.61,SPY200619C00279000,279.0,normalDay
2020-05-11,5100.0,-3399.0,0.0,100,292.5,326.0,0,0.0,0.0,,0.0,1,17.94,18.43,SPY200619C00279000,279.0,normalDay
2020-05-12,5100.0,-3625.0,0.0,100,286.67,326.0,0,0.0,0.0,,0.0,1,17.94,14.86,SPY200619C00279000,279.0,normalDay
2020-05-13,5100.0,-3934.0,0.0,100,281.6,326.0,0,0.0,0.0,,0.0,1,17.94,12.88,SPY200619C00279000,279.0,normalDay
2020-05-14,5100.0,-3734.0,0.0,100,284.97,326.0,0,0.0,0.0,,0.0,1,17.94,14.25,SPY200619C00279000,279.0,normalDay
2020-05-15,5100.0,-3578.0,0.0,100,286.28,326.0,0,0.0,0.0,,0.0,1,17.94,14.0,SPY200619C00279000,279.0,normalDay
2020-05-18,5100.0,-3316.0,0.0,100,295.0,326.0,0,0.0,0.0,,0.0,1,17.94,20.1,SPY200619C00279000,279.0,normalDay
2020-05-19,5100.0,-3424.0,0.0,100,291.97,326.0,0,0.0,0.0,,0.0,1,17.94,18.15,SPY200619C00279000,279.0,normalDay
2020-05-20,5100.0,-3284.0,0.0,100,296.93,326.0,0,0.0,0.0,,0.0,1,17.94,21.71,SPY200619C00279000,279.0,normalDay
2020-05-21,5100.0,-3277.0,0.0,100,294.88,326.0,0,0.0,0.0,,0.0,1,17.94,19.59,SPY200619C00279000,279.0,normalDay
2020-05-22,5100.0,-3259.0,0.0,100,295.44,326.0,0,0.0,0.0,,0.0,1,17.94,19.97,SPY200619C00279000,279.0,normalDay
2020-05-26,5100.0,-3172.0,0.0,100,299.08,326.0,0,0.0,0.0,,0.0,1,17.94,22.74,SPY200619C00279000,279.0,normalDay
2020-05-27,5100.0,-3117.0,0.0,100,303.53,326.0,0,0.0,0.0,,0.0,1,17.94,26.64,SPY200619C00279000,279.0,normalDay
2020-05-28,5100.0,-3182.0,0.0,100,302.97,326.0,0,0.0,0.0,,0.0,1,17.94,26.73,SPY200619C00279000,279.0,normalDay
2020-05-29,5100.0,-3149.0,0.0,100,304.32,326.0,0,0.0,0.0,,0.0,1,17.94,27.75,SPY200619C00279000,279.0,normalDay
2020-06-01,5100.0,-3012.0,0.0,100,305.55,326.0,0,0.0,0.0,,0.0,1,17.94,27.61,SPY200619C00279000,279.0,normalDay
2020-06-02,5100.0,-2972.0,0.0,100,308.08,326.0,0,0.0,0.0,,0.0,1,17.94,29.74,SPY200619C00279000,279.0,normalDay
2020-06-03,5100.0,-2966.0,0.0,100,312.18,326.0,0,0.0,0.0,,0.0,1,17.94,33.78,SPY200619C00279000,279.0,normalDay
2020-06-04,5100.0,-2965.0,0.0,100,311.36,326.0,0,0.0,0.0,,0.0,1,17.94,32.95,SPY200619C00279000,279.0,normalDay
2020-06-05,5100.0,-2936.0,0.0,100,319.34,326.0,0,0.0,0.0,,0.0,1,17.94,40.64,SPY200619C00279000,279.0,normalDay
2020-06-08,5100.0,-2881.0,0.0,100,323.2,326.0,0,0.0,0.0,,0.0,1,17.94,43.95,SPY200619C00279000,279.0,normalDay
2020-06-09,5100.0,-2994.0,0.0,100,320.79,326.0,0,0.0,0.0,,0.0,1,17.94,42.67,SPY200619C00279000,279.0,normalDay
2020-06-10,5100.0,-2892.0,0.0,100,319.0,326.0,0,0.0,0.0,,0.0,1,17.94,39.86,SPY200619C00279000,279.0,normalDay
2020-06-11,5100.0,-3128.0,0.0,100,300.61,326.0,0,0.0,0.0,,0.0,1,17.94,23.83,SPY200619C00279000,279.0,normalDay
2020-06-12,5100.0,-2941.0,0.0,100,304.21,326.0,0,0.0,0.0,,0.0,1,17.94,25.56,SPY200619C00279000,279.0,normalDay
2020-06-15,5100.0,-2960.0,0.0,100,307.05,326.0,0,0.0,0.0,,0.0,1,17.94,28.59,SPY200619C00279000,279.0,normalDay
2020-06-16,5100.0,-2902.0,0.0,100,312.96,326.0,0,0.0,0.0,,0.0,1,17.94,33.92,SPY200619C00279000,279.0,normalDay
2020-06-17,5100.0,-2966.0,0.0,100,311.66,326.0,0,0.0,0.0,,0.0,1,17.94,33.26,SPY200619C00279000,279.0,normalDay
2020-06-18,5100.0,-2933.0,0.0,100,311.78,326.0,0,0.0,0.0,,0.0,1,17.94,33.05,SPY200619C00279000,279.0,normalDay
2020-06-19,2194.0,-2933.0,-2906.0,0,308.64,0.0,0,0.0,0.0,,0.0,1,17.94,0.0,SPY200619C00279000,279.0,expirationDay
2020-06-22,2194.0,-6.0,0.0,0,310.62,0.0,1,3.5,3.56,SPY200702P00304000,304.0,0,0.0,0.0,,0.0,normalDay
2020-06-23,2194.0,56.0,0.0,0,312.05,0.0,1,3.5,2.94,SPY200702P00304000,304.0,0,0.0,0.0,,0.0,normalDay
2020-06-24,2194.0,-193.0,0.0,0,304.09,0.0,1,3.5,5.43,SPY200702P00304000,304.0,0,0.0,0.0,,0.0,normalDay
2020-06-25,2194.0,9.0,0.0,0,307.35,0.0,1,3.5,3.41,SPY200702P00304000,304.0,0,0.0,0.0,,0.0,normalDay
2020-06-26,2194.0,-247.0,0.0,0,300.05,0.0,1,3.5,5.97,SPY200702P00304000,304.0,0,0.0,0.0,,0.0,normalDay
2020-06-29,2194.0,41.0,0.0,0,304.46,0.0,1,3.5,3.09,SPY200702P00304000,304.0,0,0.0,0.0,,0.0,normalDay
2020-06-30,2194.0,225.0,0.0,0,308.36,0.0,1,3.5,1.25,SPY200702P00304000,304.0,0,0.0,0.0,,0.0,normalDay
2020-07-01,2194.0,317.0,0.0,0,310.52,0.0,1,3.5,0.33,SPY200702P00304000,304.0,0,0.0,0.0,,0.0,normalDay
2020-07-02,2544.0,0.0,350.0,0,312.23,0.0,1,3.5,0.0,SPY200702P00304000,304.0,0,0.0,0.0,,0.0,expirationDay
2020-07-06,2544.0,-3.0,0.0,0,317.05,0.0,1,1.81,1.84,SPY200717P00305000,305.0,0,0.0,0.0,,0.0,normalDay
2020-07-07,2544.0,-63.0,0.0,0,313.78,0.0,1,1.81,2.44,SPY200717P00305000,305.0,0,0.0,0.0,,0.0,normalDay
2020-07-08,2544.0,35.0,0.0,0,316.18,0.0,1,1.81,1.46,SPY200717P00305000,305.0,0,0.0,0.0,,0.0,normalDay
2020-07-09,2544.0,7.0,0.0,0,314.38,0.0,1,1.81,1.74,SPY200717P00305000,305.0,0,0.0,0.0,,0.0,normalDay
2020-07-10,2544.0,112.0,0.0,0,317.59,0.0,1,1.81,0.69,SPY200717P00305000,305.0,0,0.0,0.0,,0.0,normalDay
2020-07-13,2544.0,55.0,0.0,0,314.84,0.0,1,1.81,1.26,SPY200717P00305000,305.0,0,0.0,0.0,,0.0,normalDay
2020-07-14,2544.0,138.0,0.0,0,318.92,0.0,1,1.81,0.43,SPY200717P00305000,305.0,0,0.0,0.0,,0.0,normalDay
2020-07-15,2544.0,174.0,0.0,0,321.85,0.0,1,1.81,0.07,SPY200717P00305000,305.0,0,0.0,0.0,,0.0,normalDay
2020-07-16,2544.0,176.0,0.0,0,320.79,0.0,1,1.81,0.05,SPY200717P00305000,305.0,0,0.0,0.0,,0.0,normalDay
2020-07-17,2725.0,0.0,181.0,0,321.72,0.0,1,1.81,0.0,SPY200717P00305000,305.0,0,0.0,0.0,,0.0,expirationDay
2020-07-20,2725.0,-4.0,0.0,0,324.32,0.0,1,0.96,1.0,SPY200731P00308000,308.0,0,0.0,0.0,,0.0,normalDay
2020-07-21,2725.0,7.0,0.0,0,325.01,0.0,1,0.96,0.89,SPY200731P00308000,308.0,0,0.0,0.0,,0.0,normalDay
2020-07-22,2725.0,38.0,0.0,0,326.86,0.0,1,0.96,0.58,SPY200731P00308000,308.0,0,0.0,0.0,,0.0,normalDay
2020-07-23,2725.0,0.0,0.0,0,322.96,0.0,1,0.96,0.96,SPY200731P00308000,308.0,0,0.0,0.0,,0.0,normalDay
2020-07-24,2725.0,32.0,0.0,0,320.88,0.0,1,0.96,0.64,SPY200731P00308000,308.0,0,0.0,0.0,,0.0,normalDay
2020-07-27,2725.0,75.0,0.0,0,323.22,0.0,1,0.96,0.21,SPY200731P00308000,308.0,0,0.0,0.0,,0.0,normalDay
2020-07-28,2725.0,71.0,0.0,0,321.17,0.0,1,0.96,0.25,SPY200731P00308000,308.0,0,0.0,0.0,,0.0,normalDay
2020-07-29,2725.0,90.0,0.0,0,325.12,0.0,1,0.96,0.06,SPY200731P00308000,308.0,0,0.0,0.0,,0.0,normalDay
2020-07-30,2725.0,91.0,0.0,0,323.96,0.0,1,0.96,0.05,SPY200731P00308000,308.0,0,0.0,0.0,,0.0,normalDay
2020-07-31,2821.0,0.0,96.0,0,326.52,0.0,1,0.96,0.0,SPY200731P00308000,308.0,0,0.0,0.0,,0.0,expirationDay
2020-08-03,2821.0,-3.0,0.0,0,328.79,0.0,1,1.48,1.51,SPY200814P00318000,318.0,0,0.0,0.0,,0.0,normalDay
2020-08-04,2821.0,33.0,0.0,0,330.06,0.0,1,1.48,1.15,SPY200814P00318000,318.0,0,0.0,0.0,,0.0,normalDay
2020-08-05,2821.0,79.0,0.0,0,332.11,0.0,1,1.48,0.69,SPY200814P00318000,318.0,0,0.0,0.0,,0.0,normalDay
2020-08-06,2821.0,99.0,0.0,0,334.33,0.0,1,1.48,0.49,SPY200814P00318000,318.0,0,0.0,0.0,,0.0,normalDay
2020-08-07,2821.0,120.0,0.0,0,334.57,0.0,1,1.48,0.28,SPY200814P00318000,318.0,0,0.0,0.0,,0.0,normalDay
2020-08-10,2821.0,136.0,0.0,0,335.57,0.0,1,1.48,0.12,SPY200814P00318000,318.0,0,0.0,0.0,,0.0,normalDay
2020-08-11,2821.0,123.0,0.0,0,332.8,0.0,1,1.48,0.25,SPY200814P00318000,318.0,0,0.0,0.0,,0.0,normalDay
2020-08-12,2821.0,144.0,0.0,0,337.44,0.0,1,1.48,0.04,SPY200814P00318000,318.0,0,0.0,0.0,,0.0,normalDay
2020-08-13,2821.0,145.0,0.0,0,336.83,0.0,1,1.48,0.03,SPY200814P00318000,318.0,0,0.0,0.0,,0.0,normalDay
2020-08-14,2969.0,0.0,148.0,0,336.84,0.0,1,1.48,0.0,SPY200814P00318000,318.0,0,0.0,0.0,,0.0,expirationDay
2020-08-17,2969.0,-4.0,0.0,0,337.91,0.0,1,0.81,0.85,SPY200828P00324000,324.0,0,0.0,0.0,,0.0,normalDay
2020-08-18,2969.0,10.0,0.0,0,338.64,0.0,1,0.81,0.71,SPY200828P00324000,324.0,0,0.0,0.0,,0.0,normalDay
2020-08-19,2969.0,-3.0,0.0,0,337.23,0.0,1,0.81,0.84,SPY200828P00324000,324.0,0,0.0,0.0,,0.0,normalDay
2020-08-20,2969.0,23.0,0.0,0,338.28,0.0,1,0.81,0.58,SPY200828P00324000,324.0,0,0.0,0.0,,0.0,normalDay
2020-08-21,2969.0,50.0,0.0,0,339.48,0.0,1,0.81,0.31,SPY200828P00324000,324.0,0,0.0,0.0,,0.0,normalDay
2020-08-24,2969.0,70.0,0.0,0,342.92,0.0,1,0.81,0.11,SPY200828P00324000,324.0,0,0.0,0.0,,0.0,normalDay
2020-08-25,2969.0,75.0,0.0,0,344.12,0.0,1,0.81,0.06,SPY200828P00324000,324.0,0,0.0,0.0,,0.0,normalDay
2020-08-26,2969.0,75.0,0.0,0,347.57,0.0,1,0.81,0.06,SPY200828P00324000,324.0,0,0.0,0.0,,0.0,normalDay
2020-08-27,2969.0,79.0,0.0,0,348.33,0.0,1,0.81,0.02,SPY200828P00324000,324.0,0,0.0,0.0,,0.0,normalDay
2020-08-28,3050.0,0.0,81.0,0,350.58,0.0,1,0.81,0.0,SPY200828P00324000,324.0,0,0.0,0.0,,0.0,expirationDay
2020-08-31,3050.0,-3.0,0.0,0,349.31,0.0,1,1.01,1.04,SPY200911P00334000,334.0,0,0.0,0.0,,0.0,normalDay
2020-09-01,3050.0,36.0,0.0,0,352.6,0.0,1,1.01,0.65,SPY200911P00334000,334.0,0,0.0,0.0,,0.0,normalDay
2020-09-02,3050.0,61.0,0.0,0,357.7,0.0,1,1.01,0.4,SPY200911P00334000,334.0,0,0.0,0.0,,0.0,normalDay
2020-09-03,3050.0,-85.0,0.0,0,345.39,0.0,1,1.01,1.86,SPY200911P00334000,334.0,0,0.0,0.0,,0.0,normalDay
2020-09-04,3050.0,-128.0,0.0,0,342.57,0.0,1,1.01,2.29,SPY200911P00334000,334.0,0,0.0,0.0,,0.0,normalDay
2020-09-08,3050.0,-344.0,0.0,0,333.21,0.0,1,1.01,4.45,SPY200911P00334000,334.0,0,0.0,0.0,,0.0,normalDay
2020-09-09,3050.0,-39.0,0.0,0,339.79,0.0,1,1.01,1.4,SPY200911P00334000,334.0,0,0.0,0.0,,0.0,normalDay
2020-09-10,3050.0,-122.0,0.0,0,333.89,0.0,1,1.01,2.23,SPY200911P00334000,334.0,0,0.0,0.0,,0.0,normalDay
2020-09-11,3151.0,0.0,101.0,0,334.06,0.0,1,1.01,0.0,SPY200911P00334000,334.0,0,0.0,0.0,,0.0,expirationDay
2020-09-14,3151.0,-6.0,0.0,0,338.46,0.0,1,4.96,5.02,SPY200925P00337000,337.0,0,0.0,0.0,,0.0,normalDay
2020-09-15,3151.0,101.0,0.0,0,340.17,0.0,1,4.96,3.95,SPY200925P00337000,337.0,0,0.0,0.0,,0.0,normalDay
2020-09-16,3151.0,66.0,0.0,0,338.82,0.0,1,4.96,4.3,SPY200925P00337000,337.0,0,0.0,0.0,,0.0,normalDay
2020-09-17,3151.0,-50.0,0.0,0,335.84,0.0,1,4.96,5.46,SPY200925P00337000,337.0,0,0.0,0.0,,0.0,normalDay
2020-09-18,3151.0,-268.0,0.0,0,330.65,0.0,1,4.96,7.64,SPY200925P00337000,337.0,0,0.0,0.0,,0.0,normalDay
2020-09-21,3151.0,-508.0,0.0,0,326.97,0.0,1,4.96,10.04,SPY200925P00337000,337.0,0,0.0,0.0,,0.0,normalDay
2020-09-22,3151.0,-242.0,0.0,0,330.3,0.0,1,4.96,7.38,SPY200925P00337000,337.0,0,0.0,0.0,,0.0,normalDay
2020-09-23,3151.0,-936.0,0.0,0,322.64,0.0,1,4.96,14.32,SPY200925P00337000,337.0,0,0.0,0.0,,0.0,normalDay
2020-09-24,3151.0,-839.0,0.0,0,323.5,0.0,1,4.96,13.35,SPY200925P00337000,337.0,0,0.0,0.0,,0.0,normalDay
2020-09-25,3647.0,-827.0,496.0,100,328.73,337.0,1,4.96,0.0,SPY200925P00337000,337.0,0,0.0,0.0,,0.0,expirationDay
2020-09-28,3647.0,-287.0,0.0,100,334.19,337.0,0,0.0,0.0,,0.0,1,8.71,8.77,SPY201120C00343000,343.0,normalDay
2020-09-29,3647.0,-395.0,0.0,100,332.37,337.0,0,0.0,0.0,,0.0,1,8.71,8.03,SPY201120C00343000,343.0,normalDay
2020-09-30,3647.0,-162.0,0.0,100,334.89,337.0,0,0.0,0.0,,0.0,1,8.71,8.22,SPY201120C00343000,343.0,normalDay
2020-10-01,3647.0,-116.0,0.0,100,337.04,337.0,0,0.0,0.0,,0.0,1,8.71,9.91,SPY201120C00343000,343.0,normalDay
2020-10-02,3647.0,-288.0,0.0,100,333.84,337.0,0,0.0,0.0,,0.0,1,8.71,8.43,SPY201120C00343000,343.0,normalDay
2020-10-05,3647.0,87.0,0.0,100,339.76,337.0,0,0.0,0.0,,0.0,1,8.71,10.6,SPY201120C00343000,343.0,normalDay
2020-10-06,3647.0,-167.0,0.0,100,334.93,337.0,0,0.0,0.0,,0.0,1,8.71,8.31,SPY201120C00343000,343.0,normalDay
2020-10-07,3647.0,195.0,0.0,100,340.76,337.0,0,0.0,0.0,,0.0,1,8.71,10.52,SPY201120C00343000,343.0,normalDay
2020-10-08,3647.0,399.0,0.0,100,343.78,337.0,0,0.0,0.0,,0.0,1,8.71,11.5,SPY201120C00343000,343.0,normalDay
2020-10-09,3647.0,580.0,0.0,100,346.85,337.0,0,0.0,0.0,,0.0,1,8.71,12.76,SPY201120C00343000,343.0,normalDay
2020-10-12,3647.0,771.0,0.0,100,352.43,337.0,0,0.0,0.0,,0.0,1,8.71,16.43,SPY201120C00343000,343.0,normalDay
2020-10-13,3647.0,685.0,0.0,100,350.13,337.0,0,0.0,0.0,,0.0,1,8.71,14.99,SPY201120C00343000,343.0,normalDay
2020-10-14,3647.0,629.0,0.0,100,347.93,337.0,0,0.0,0.0,,0.0,1,8.71,13.35,SPY201120C00343000,343.0,normalDay
2020-10-15,3647.0,606.0,0.0,100,347.5,337.0,0,0.0,0.0,,0.0,1,8.71,13.15,SPY201120C00343000,343.0,normalDay
2020-10-16,3647.0,640.0,0.0,100,347.29,337.0,0,0.0,0.0,,0.0,1,8.71,12.6,SPY201120C00343000,343.0,normalDay
2020-10-19,3647.0,369.0,0.0,100,342.01,337.0,0,0.0,0.0,,0.0,1,8.71,10.03,SPY201120C00343000,343.0,normalDay
2020-10-20,3647.0,467.0,0.0,100,343.38,337.0,0,0.0,0.0,,0.0,1,8.71,10.42,SPY201120C00343000,343.0,normalDay
2020-10-21,3647.0,428.0,0.0,100,342.73,337.0,0,0.0,0.0,,0.0,1,8.71,10.16,SPY201120C00343000,343.0,normalDay
2020-10-22,3647.0,574.0,0.0,100,344.61,337.0,0,0.0,0.0,,0.0,1,8.71,10.58,SPY201120C00343000,343.0,normalDay
2020-10-23,3647.0,672.0,0.0,100,345.78,337.0,0,0.0,0.0,,0.0,1,8.71,10.77,SPY201120C00343000,343.0,normalDay
2020-10-26,3647.0,261.0,0.0,100,339.39,337.0,0,0.0,0.0,,0.0,1,8.71,8.49,SPY201120C00343000,343.0,normalDay
2020-10-27,3647.0,215.0,0.0,100,338.22,337.0,0,0.0,0.0,,0.0,1,8.71,7.78,SPY201120C00343000,343.0,normalDay
2020-10-28,3647.0,-605.0,0.0,100,326.66,337.0,0,0.0,0.0,,0.0,1,8.71,4.42,SPY201120C00343000,343.0,normalDay
2020-10-29,3647.0,-310.0,0.0,100,329.98,337.0,0,0.0,0.0,,0.0,1,8.71,4.79,SPY201120C00343000,343.0,normalDay
2020-10-30,3647.0,-523.0,0.0,100,326.54,337.0,0,0.0,0.0,,0.0,1,8.71,3.48,SPY201120C00343000,343.0,normalDay
2020-11-02,3647.0,-198.0,0.0,100,330.2,337.0,0,0.0,0.0,,0.0,1,8.71,3.89,SPY201120C00343000,343.0,normalDay
2020-11-03,3647.0,233.0,0.0,100,336.03,337.0,0,0.0,0.0,,0.0,1,8.71,5.41,SPY201120C00343000,343.0,normalDay
2020-11-04,3647.0,722.0,0.0,100,343.54,337.0,0,0.0,0.0,,0.0,1,8.71,8.03,SPY201120C00343000,343.0,normalDay
2020-11-05,3647.0,1005.0,0.0,100,350.24,337.0,0,0.0,0.0,,0.0,1,8.71,11.9,SPY201120C00343000,343.0,normalDay
2020-11-06,3647.0,1101.0,0.0,100,350.16,337.0,0,0.0,0.0,,0.0,1,8.71,10.86,SPY201120C00343000,343.0,normalDay
2020-11-09,3647.0,1150.0,0.0,100,354.56,337.0,0,0.0,0.0,,0.0,1,8.71,14.77,SPY201120C00343000,343.0,normalDay
2020-11-10,3647.0,1226.0,0.0,100,354.04,337.0,0,0.0,0.0,,0.0,1,8.71,13.49,SPY201120C00343000,343.0,normalDay
2020-11-11,3647.0,1310.0,0.0,100,356.67,337.0,0,0.0,0.0,,0.0,1,8.71,15.28,SPY201120C00343000,343.0,normalDay
2020-11-12,3647.0,1256.0,0.0,100,353.21,337.0,0,0.0,0.0,,0.0,1,8.71,12.36,SPY201120C00343000,343.0,normalDay
2020-11-13,3647.0,1389.0,0.0,100,358.1,337.0,0,0.0,0.0,,0.0,1,8.71,15.92,SPY201120C00343000,343.0,normalDay
2020-11-16,3647.0,1464.0,0.0,100,362.57,337.0,0,0.0,0.0,,0.0,1,8.71,19.64,SPY201120C00343000,343.0,normalDay
2020-11-17,3647.0,1447.0,0.0,100,360.62,337.0,0,0.0,0.0,,0.0,1,8.71,17.86,SPY201120C00343000,343.0,normalDay
2020-11-18,3647.0,1430.0,0.0,100,356.28,337.0,0,0.0,0.0,,0.0,1,8.71,13.69,SPY201120C00343000,343.0,normalDay
2020-11-19,3647.0,1449.0,0.0,100,357.78,337.0,0,0.0,0.0,,0.0,1,8.71,15.0,SPY201120C00343000,343.0,normalDay
2020-11-20,5118.0,1449.0,1471.0,0,355.33,0.0,0,0.0,0.0,,0.0,1,8.71,0.0,SPY201120C00343000,343.0,expirationDay
2020-11-23,5118.0,-3.0,0.0,0,357.46,0.0,1,0.62,0.65,SPY201204P00337000,337.0,0,0.0,0.0,,0.0,normalDay
2020-11-24,5118.0,35.0,0.0,0,363.22,0.0,1,0.62,0.27,SPY201204P00337000,337.0,0,0.0,0.0,,0.0,normalDay
2020-11-25,5118.0,41.0,0.0,0,362.66,0.0,1,0.62,0.21,SPY201204P00337000,337.0,0,0.0,0.0,,0.0,normalDay
2020-11-27,5118.0,51.0,0.0,0,363.67,0.0,1,0.62,0.11,SPY201204P00337000,337.0,0,0.0,0.0,,0.0,normalDay
2020-11-30,5118.0,55.0,0.0,0,362.06,0.0,1,0.62,0.07,SPY201204P00337000,337.0,0,0.0,0.0,,0.0,normalDay
2020-12-01,5118.0,58.0,0.0,0,366.02,0.0,1,0.62,0.04,SPY201204P00337000,337.0,0,0.0,0.0,,0.0,normalDay
2020-12-02,5118.0,59.0,0.0,0,366.79,0.0,1,0.62,0.03,SPY201204P00337000,337.0,0,0.0,0.0,,0.0,normalDay
2020-12-03,5118.0,59.0,0.0,0,366.69,0.0,1,0.62,0.03,SPY201204P00337000,337.0,0,0.0,0.0,,0.0,normalDay
2020-12-04,5180.0,0.0,62.0,0,369.85,0.0,1,0.62,0.0,SPY201204P00337000,337.0,0,0.0,0.0,,0.0,expirationDay
2020-12-07,5180.0,-4.0,0.0,0,369.09,0.0,1,1.38,1.42,SPY201218P00356000,356.0,0,0.0,0.0,,0.0,normalDay
2020-12-08,5180.0,40.0,0.0,0,370.17,0.0,1,1.38,0.98,SPY201218P00356000,356.0,0,0.0,0.0,,0.0,normalDay
2020-12-09,5180.0,-15.0,0.0,0,366.85,0.0,1,1.38,1.53,SPY201218P00356000,356.0,0,0.0,0.0,,0.0,normalDay
2020-12-10,5180.0,7.0,0.0,0,366.73,0.0,1,1.38,1.31,SPY201218P00356000,356.0,0,0.0,0.0,,0.0,normalDay
2020-12-11,5180.0,10.0,0.0,0,366.3,0.0,1,1.38,1.28,SPY201218P00356000,356.0,0,0.0,0.0,,0.0,normalDay
2020-12-14,5180.0,12.0,0.0,0,364.66,0.0,1,1.38,1.26,SPY201218P00356000,356.0,0,0.0,0.0,,0.0,normalDay
2020-12-15,5180.0,91.0,0.0,0,369.59,0.0,1,1.38,0.47,SPY201218P00356000,356.0,0,0.0,0.0,,0.0,normalDay
2020-12-16,5180.0,117.0,0.0,0,370.17,0.0,1,1.38,0.21,SPY201218P00356000,356.0,0,0.0,0.0,,0.0,normalDay
2020-12-17,5180.0,127.0,0.0,0,372.24,0.0,1,1.38,0.11,SPY201218P00356000,356.0,0,0.0,0.0,,0.0,normalDay
2020-12-18,5318.0,0.0,138.0,0,369.18,0.0,1,1.38,0.0,SPY201218P00356000,356.0,0,0.0,0.0,,0.0,expirationDay
2020-12-21,5318.0,-5.0,0.0,0,367.86,0.0,1,2.83,2.88,SPY201231P00363000,363.0,0,0.0,0.0,,0.0,normalDay
2020-12-22,5318.0,26.0,0.0,0,367.24,0.0,1,2.83,2.57,SPY201231P00363000,363.0,0,0.0,0.0,,0.0,normalDay
2020-12-23,5318.0,92.0,0.0,0,367.57,0.0,1,2.83,1.91,SPY201231P00363000,363.0,0,0.0,0.0,,0.0,normalDay
2020-12-24,5318.0,174.0,0.0,0,369.0,0.0,1,2.83,1.09,SPY201231P00363000,363.0,0,0.0,0.0,,0.0,normalDay
2020-12-28,5318.0,260.0,0.0,0,372.17,0.0,1,2.83,0.23,SPY201231P00363000,363.0,0,0.0,0.0,,0.0,normalDay
2020-12-29,5318.0,260.0,0.0,0,371.46,0.0,1,2.83,0.23,SPY201231P00363000,363.0,0,0.0,0.0,,0.0,normalDay
2020-12-30,5318.0,274.0,0.0,0,371.99,0.0,1,2.83,0.09,SPY201231P00363000,363.0,0,0.0,0.0,,0.0,normalDay
2020-12-31,5601.0,0.0,283.0,0,373.88,0.0,1,2.83,0.0,SPY201231P00363000,363.0,0,0.0,0.0,,0.0,expirationDay
2021-01-04,5601.0,-4.0,0.0,0,368.79,0.0,1,4.8,4.84,SPY210115P00367000,367.0,0,0.0,0.0,,0.0,normalDay
2021-01-05,5601.0,124.0,0.0,0,371.33,0.0,1,4.8,3.56,SPY210115P00367000,367.0,0,0.0,0.0,,0.0,normalDay
2021-01-06,5601.0,195.0,0.0,0,373.55,0.0,1,4.8,2.85,SPY210115P00367000,367.0,0,0.0,0.0,,0.0,normalDay
2021-01-07,5601.0,381.0,0.0,0,379.1,0.0,1,4.8,0.99,SPY210115P00367000,367.0,0,0.0,0.0,,0.0,normalDay
2021-01-08,5601.0,420.0,0.0,0,381.26,0.0,1,4.8,0.6,SPY210115P00367000,367.0,0,0.0,0.0,,0.0,normalDay
2021-01-11,5601.0,416.0,0.0,0,378.69,0.0,1,4.8,0.64,SPY210115P00367000,367.0,0,0.0,0.0,,0.0,normalDay
2021-01-12,5601.0,443.0,0.0,0,378.77,0.0,1,4.8,0.37,SPY210115P00367000,367.0,0,0.0,0.0,,0.0,normalDay
2021-01-13,5601.0,466.0,0.0,0,379.79,0.0,1,4.8,0.14,SPY210115P00367000,367.0,0,0.0,0.0,,0.0,normalDay
2021-01-14,5601.0,470.0,0.0,0,378.46,0.0,1,4.8,0.1,SPY210115P00367000,367.0,0,0.0,0.0,,0.0,normalDay
2021-01-15,6081.0,0.0,480.0,0,375.7,0.0,1,4.8,0.0,SPY210115P00367000,367.0,0,0.0,0.0,,0.0,expirationDay
2021-01-19,6081.0,-4.0,0.0,0,378.65,0.0,1,2.04,2.08,SPY210129P00369000,369.0,0,0.0,0.0,,0.0,normalDay
2021-01-20,6081.0,113.0,0.0,0,383.89,0.0,1,2.04,0.91,SPY210129P00369000,369.0,0,0.0,0.0,,0.0,normalDay
2021-01-21,6081.0,137.0,0.0,0,384.24,0.0,1,2.04,0.67,SPY210129P00369000,369.0,0,0.0,0.0,,0.0,normalDay
2021-01-22,6081.0,148.0,0.0,0,382.88,0.0,1,2.04,0.56,SPY210129P00369000,369.0,0,0.0,0.0,,0.0,normalDay
2021-01-25,6081.0,172.0,0.0,0,384.39,0.0,1,2.04,0.32,SPY210129P00369000,369.0,0,0.0,0.0,,0.0,normalDay
2021-01-26,6081.0,184.0,0.0,0,383.79,0.0,1,2.04,0.2,SPY210129P00369000,369.0,0,0.0,0.0,,0.0,normalDay
2021-01-27,6081.0,-34.0,0.0,0,374.41,0.0,1,2.04,2.38,SPY210129P00369000,369.0,0,0.0,0.0,,0.0,normalDay
2021-01-28,6081.0,170.0,0.0,0,377.63,0.0,1,2.04,0.34,SPY210129P00369000,369.0,0,0.0,0.0,,0.0,normalDay
2021-01-29,6285.0,0.0,204.0,0,370.07,0.0,1,2.04,0.0,SPY210129P00369000,369.0,0,0.0,0.0,,0.0,expirationDay
2021-02-01,6285.0,-7.0,0.0,0,376.23,0.0,1,5.56,5.63,SPY210212P00374000,374.0,0,0.0,0.0,,0.0,normalDay
2021-02-02,6285.0,308.0,0.0,0,381.55,0.0,1,5.56,2.48,SPY210212P00374000,374.0,0,0.0,0.0,,0.0,normalDay
2021-02-03,6285.0,381.0,0.0,0,381.85,0.0,1,5.56,1.75,SPY210212P00374000,374.0,0,0.0,0.0,,0.0,normalDay
2021-02-04,6285.0,469.0,0.0,0,386.19,0.0,1,5.56,0.87,SPY210212P00374000,374.0,0,0.0,0.0,,0.0,normalDay
2021-02-05,6285.0,515.0,0.0,0,387.71,0.0,1,5.56,0.41,SPY210212P00374000,374.0,0,0.0,0.0,,0.0,normalDay
2021-02-08,6285.0,541.0,0.0,0,390.51,0.0,1,5.56,0.15,SPY210212P00374000,374.0,0,0.0,0.0,,0.0,normalDay
2021-02-09,6285.0,546.0,0.0,0,390.25,0.0,1,5.56,0.1,SPY210212P00374000,374.0,0,0.0,0.0,,0.0,normalDay
2021-02-10,6285.0,547.0,0.0,0,390.08,0.0,1,5.56,0.09,SPY210212P00374000,374.0,0,0.0,0.0,,0.0,normalDay
2021-02-11,6285.0,554.0,0.0,0,390.71,0.0,1,5.56,0.02,SPY210212P00374000,374.0,0,0.0,0.0,,0.0,normalDay
2021-02-12,6841.0,0.0,556.0,0,392.64,0.0,1,5.56,0.0,SPY210212P00374000,374.0,0,0.0,0.0,,0.0,expirationDay
2021-02-16,6841.0,-3.0,0.0,0,392.3,0.0,1,1.14,1.17,SPY210226P00378000,378.0,0,0.0,0.0,,0.0,normalDay
2021-02-17,6841.0,23.0,0.0,0,392.39,0.0,1,1.14,0.91,SPY210226P00378000,378.0,0,0.0,0.0,,0.0,normalDay
2021-02-18,6841.0,11.0,0.0,0,390.72,0.0,1,1.14,1.03,SPY210226P00378000,378.0,0,0.0,0.0,,0.0,normalDay
2021-02-19,6841.0,42.0,0.0,0,390.03,0.0,1,1.14,0.72,SPY210226P00378000,378.0,0,0.0,0.0,,0.0,normalDay
2021-02-22,6841.0,31.0,0.0,0,387.03,0.0,1,1.14,0.83,SPY210226P00378000,378.0,0,0.0,0.0,,0.0,normalDay
2021-02-23,6841.0,52.0,0.0,0,387.5,0.0,1,1.14,0.62,SPY210226P00378000,378.0,0,0.0,0.0,,0.0,normalDay
2021-02-24,6841.0,103.0,0.0,0,391.77,0.0,1,1.14,0.11,SPY210226P00378000,378.0,0,0.0,0.0,,0.0,normalDay
2021-02-25,6841.0,18.0,0.0,0,382.33,0.0,1,1.14,0.96,SPY210226P00378000,378.0,0,0.0,0.0,,0.0,normalDay
2021-02-26,6955.0,0.0,114.0,0,380.36,0.0,1,1.14,0.0,SPY210226P00378000,378.0,0,0.0,0.0,,0.0,expirationDay
2021-03-01,6955.0,-5.0,0.0,0,389.58,0.0,1,2.96,3.01,SPY210312P00383000,383.0,0,0.0,0.0,,0.0,normalDay
2021-03-02,6955.0,-96.0,0.0,0,386.54,0.0,1,2.96,3.92,SPY210312P00383000,383.0,0,0.0,0.0,,0.0,normalDay
2021-03-03,6955.0,-319.0,0.0,0,381.42,0.0,1,2.96,6.15,SPY210312P00383000,383.0,0,0.0,0.0,,0.0,normalDay
2021-03-04,6955.0,-581.0,0.0,0,376.7,0.0,1,2.96,8.77,SPY210312P00383000,383.0,0,0.0,0.0,,0.0,normalDay
2021-03-05,6955.0,-130.0,0.0,0,383.63,0.0,1,2.96,4.26,SPY210312P00383000,383.0,0,0.0,0.0,,0.0,normalDay
2021-03-08,6955.0,-157.0,0.0,0,381.72,0.0,1,2.96,4.53,SPY210312P00383000,383.0,0,0.0,0.0,,0.0,normalDay
2021-03-09,6955.0,113.0,0.0,0,387.17,0.0,1,2.96,1.83,SPY210312P00383000,383.0,0,0.0,0.0,,0.0,normalDay
2021-03-10,6955.0,244.0,0.0,0,389.58,0.0,1,2.96,0.52,SPY210312P00383000,383.0,0,0.0,0.0,,0.0,normalDay
2021-03-11,6955.0,290.0,0.0,0,393.53,0.0,1,2.96,0.06,SPY210312P00383000,383.0,0,0.0,0.0,,0.0,normalDay
2021-03-12,7251.0,0.0,296.0,0,394.06,0.0,1,2.96,0.0,SPY210312P00383000,383.0,0,0.0,0.0,,0.0,expirationDay
2021-03-15,7251.0,-4.0,0.0,0,396.41,0.0,1,1.26,1.3,SPY210326P00383000,383.0,0,0.0,0.0,,0.0,normalDay
2021-03-16,7251.0,-3.0,0.0,0,395.91,0.0,1,1.26,1.29,SPY210326P00383000,383.0,0,0.0,0.0,,0.0,normalDay
2021-03-17,7251.0,38.0,0.0,0,397.26,0.0,1,1.26,0.88,SPY210326P00383000,383.0,0,0.0,0.0,,0.0,normalDay
2021-03-18,7251.0,-46.0,0.0,0,391.48,0.0,1,1.26,1.72,SPY210326P00383000,383.0,0,0.0,0.0,,0.0,normalDay
2021-03-19,7251.0,-25.0,0.0,0,389.48,0.0,1,1.26,1.51,SPY210326P00383000,383.0,0,0.0,0.0,,0.0,normalDay
2021-03-22,7251.0,85.0,0.0,0,392.59,0.0,1,1.26,0.41,SPY210326P00383000,383.0,0,0.0,0.0,,0.0,normalDay
2021-03-23,7251.0,57.0,0.0,0,389.5,0.0,1,1.26,0.69,SPY210326P00383000,383.0,0,0.0,0.0,,0.0,normalDay
2021-03-24,7251.0,54.0,0.0,0,387.52,0.0,1,1.26,0.72,SPY210326P00383000,383.0,0,0.0,0.0,,0.0,normalDay
2021-03-25,7251.0,112.0,0.0,0,389.7,0.0,1,1.26,0.14,SPY210326P00383000,383.0,0,0.0,0.0,,0.0,normalDay
2021-03-26,7377.0,0.0,126.0,0,395.98,0.0,1,1.26,0.0,SPY210326P00383000,383.0,0,0.0,0.0,,0.0,expirationDay
2021-03-29,7377.0,-4.0,0.0,0,395.78,0.0,1,1.62,1.66,SPY210409P00385000,385.0,0,0.0,0.0,,0.0,normalDay
2021-03-30,7377.0,11.0,0.0,0,394.73,0.0,1,1.62,1.51,SPY210409P00385000,385.0,0,0.0,0.0,,0.0,normalDay
2021-03-31,7377.0,73.0,0.0,0,396.33,0.0,1,1.62,0.89,SPY210409P00385000,385.0,0,0.0,0.0,,0.0,normalDay
2021-04-01,7377.0,137.0,0.0,0,400.61,0.0,1,1.62,0.25,SPY210409P00385000,385.0,0,0.0,0.0,,0.0,normalDay
2021-04-05,7377.0,153.0,0.0,0,406.36,0.0,1,1.62,0.09,SPY210409P00385000,385.0,0,0.0,0.0,,0.0,normalDay
2021-04-06,7377.0,156.0,0.0,0,406.12,0.0,1,1.62,0.06,SPY210409P00385000,385.0,0,0.0,0.0,,0.0,normalDay
2021-04-07,7377.0,160.0,0.0,0,406.59,0.0,1,1.62,0.02,SPY210409P00385000,385.0,0,0.0,0.0,,0.0,normalDay
2021-04-08,7377.0,161.0,0.0,0,408.52,0.0,1,1.62,0.01,SPY210409P00385000,385.0,0,0.0,0.0,,0.0,normalDay
2021-04-09,7539.0,0.0,162.0,0,411.49,0.0,1,1.62,0.0,SPY210409P00385000,385.0,0,0.0,0.0,,0.0,expirationDay
2021-04-12,7539.0,-3.0,0.0,0,411.64,0.0,1,0.33,0.36,SPY210423P00391000,391.0,0,0.0,0.0,,0.0,normalDay
2021-04-13,7539.0,7.0,0.0,0,412.86,0.0,1,0.33,0.26,SPY210423P00391000,391.0,0,0.0,0.0,,0.0,normalDay
2021-04-14,7539.0,6.0,0.0,0,411.45,0.0,1,0.33,0.27,SPY210423P00391000,391.0,0,0.0,0.0,,0.0,normalDay
2021-04-15,7539.0,16.0,0.0,0,415.87,0.0,1,0.33,0.17,SPY210423P00391000,391.0,0,0.0,0.0,,0.0,normalDay
2021-04-16,7539.0,26.0,0.0,0,417.26,0.0,1,0.33,0.07,SPY210423P00391000,391.0,0,0.0,0.0,,0.0,normalDay
2021-04-19,7539.0,29.0,0.0,0,415.21,0.0,1,0.33,0.04,SPY210423P00391000,391.0,0,0.0,0.0,,0.0,normalDay
2021-04-20,7539.0,28.0,0.0,0,412.17,0.0,1,0.33,0.05,SPY210423P00391000,391.0,0,0.0,0.0,,0.0,normalDay
2021-04-21,7539.0,31.0,0.0,0,416.07,0.0,1,0.33,0.02,SPY210423P00391000,391.0,0,0.0,0.0,,0.0,normalDay
2021-04-22,7539.0,31.0,0.0,0,412.27,0.0,1,0.33,0.02,SPY210423P00391000,391.0,0,0.0,0.0,,0.0,normalDay
2021-04-23,7572.0,0.0,33.0,0,416.74,0.0,1,0.33,0.0,SPY210423P00391000,391.0,0,0.0,0.0,,0.0,expirationDay
2021-04-26,7572.0,-4.0,0.0,0,417.61,0.0,1,0.73,0.77,SPY210507P00402500,402.5,0,0.0,0.0,,0.0,normalDay
2021-04-27,7572.0,4.0,0.0,0,417.52,0.0,1,0.73,0.69,SPY210507P00402500,402.5,0,0.0,0.0,,0.0,normalDay
2021-04-28,7572.0,27.0,0.0,0,417.4,0.0,1,0.73,0.46,SPY210507P00402500,402.5,0,0.0,0.0,,0.0,normalDay
2021-04-29,7572.0,43.0,0.0,0,420.06,0.0,1,0.73,0.3,SPY210507P00402500,402.5,0,0.0,0.0,,0.0,normalDay
2021-04-30,7572.0,38.0,0.0,0,417.3,0.0,1,0.73,0.35,SPY210507P00402500,402.5,0,0.0,0.0,,0.0,normalDay
2021-05-03,7572.0,58.0,0.0,0,418.2,0.0,1,0.73,0.15,SPY210507P00402500,402.5,0,0.0,0.0,,0.0,normalDay
2021-05-04,7572.0,53.0,0.0,0,415.62,0.0,1,0.73,0.2,SPY210507P00402500,402.5,0,0.0,0.0,,0.0,normalDay
2021-05-05,7572.0,62.0,0.0,0,415.75,0.0,1,0.73,0.11,SPY210507P00402500,402.5,0,0.0,0.0,,0.0,normalDay
2021-05-06,7572.0,69.0,0.0,0,419.07,0.0,1,0.73,0.04,SPY210507P00402500,402.5,0,0.0,0.0,,0.0,normalDay
2021-05-07,7645.0,0.0,73.0,0,422.12,0.0,1,0.73,0.0,SPY210507P00402500,402.5,0,0.0,0.0,,0.0,expirationDay
2021-05-10,7645.0,-4.0,0.0,0,417.94,0.0,1,3.29,3.33,SPY210521P00414000,414.0,0,0.0,0.0,,0.0,normalDay
2021-05-11,7645.0,-158.0,0.0,0,414.21,0.0,1,3.29,4.87,SPY210521P00414000,414.0,0,0.0,0.0,,0.0,normalDay
2021-05-12,7645.0,-737.0,0.0,0,405.41,0.0,1,3.29,10.66,SPY210521P00414000,414.0,0,0.0,0.0,,0.0,normalDay
2021-05-13,7645.0,-336.0,0.0,0,410.28,0.0,1,3.29,6.65,SPY210521P00414000,414.0,0,0.0,0.0,,0.0,normalDay
2021-05-14,7645.0,101.0,0.0,0,416.58,0.0,1,3.29,2.28,SPY210521P00414000,414.0,0,0.0,0.0,,0.0,normalDay
2021-05-17,7645.0,107.0,0.0,0,415.52,0.0,1,3.29,2.22,SPY210521P00414000,414.0,0,0.0,0.0,,0.0,normalDay
2021-05-18,7645.0,-54.0,0.0,0,411.94,0.0,1,3.29,3.83,SPY210521P00414000,414.0,0,0.0,0.0,,0.0,normalDay
2021-05-19,7645.0,-96.0,0.0,0,410.86,0.0,1,3.29,4.25,SPY210521P00414000,414.0,0,0.0,0.0,,0.0,normalDay
2021-05-20,7645.0,233.0,0.0,0,415.28,0.0,1,3.29,0.96,SPY210521P00414000,414.0,0,0.0,0.0,,0.0,normalDay
2021-05-21,7974.0,0.0,329.0,0,414.94,0.0,1,3.29,0.0,SPY210521P00414000,414.0,0,0.0,0.0,,0.0,expirationDay
2021-05-24,7974.0,-3.0,0.0,0,419.17,0.0,1,1.66,1.69,SPY210604P00412500,412.5,0,0.0,0.0,,0.0,normalDay
2021-05-25,7974.0,-25.0,0.0,0,418.24,0.0,1,1.66,1.91,SPY210604P00412500,412.5,0,0.0,0.0,,0.0,normalDay
2021-05-26,7974.0,37.0,0.0,0,419.07,0.0,1,1.66,1.29,SPY210604P00412500,412.5,0,0.0,0.0,,0.0,normalDay
2021-05-27,7974.0,84.0,0.0,0,419.29,0.0,1,1.66,0.82,SPY210604P00412500,412.5,0,0.0,0.0,,0.0,normalDay
2021-05-28,7974.0,109.0,0.0,0,420.04,0.0,1,1.66,0.57,SPY210604P00412500,412.5,0,0.0,0.0,,0.0,normalDay
2021-06-01,7974.0,131.0,0.0,0,419.67,0.0,1,1.66,0.35,SPY210604P00412500,412.5,0,0.0,0.0,,0.0,normalDay
2021-06-02,7974.0,154.0,0.0,0,420.33,0.0,1,1.66,0.12,SPY210604P00412500,412.5,0,0.0,0.0,,0.0,normalDay
2021-06-03,7974.0,152.0,0.0,0,418.77,0.0,1,1.66,0.14,SPY210604P00412500,412.5,0,0.0,0.0,,0.0,normalDay
2021-06-04,8140.0,0.0,166.0,0,422.6,0.0,1,1.66,0.0,SPY210604P00412500,412.5,0,0.0,0.0,,0.0,expirationDay
2021-06-07,8140.0,-3.0,0.0,0,422.19,0.0,1,1.33,1.36,SPY210618P00413000,413.0,0,0.0,0.0,,0.0,normalDay
2021-06-08,8140.0,-16.0,0.0,0,422.28,0.0,1,1.33,1.49,SPY210618P00413000,413.0,0,0.0,0.0,,0.0,normalDay
2021-06-09,8140.0,-36.0,0.0,0,421.65,0.0,1,1.33,1.69,SPY210618P00413000,413.0,0,0.0,0.0,,0.0,normalDay
2021-06-10,8140.0,53.0,0.0,0,423.61,0.0,1,1.33,0.8,SPY210618P00413000,413.0,0,0.0,0.0,,0.0,normalDay
2021-06-11,8140.0,75.0,0.0,0,424.31,0.0,1,1.33,0.58,SPY210618P00413000,413.0,0,0.0,0.0,,0.0,normalDay
2021-06-14,8140.0,94.0,0.0,0,425.26,0.0,1,1.33,0.39,SPY210618P00413000,413.0,0,0.0,0.0,,0.0,normalDay
2021-06-15,8140.0,84.0,0.0,0,424.48,0.0,1,1.33,0.49,SPY210618P00413000,413.0,0,0.0,0.0,,0.0,normalDay
2021-06-16,8140.0,65.0,0.0,0,422.11,0.0,1,1.33,0.68,SPY210618P00413000,413.0,0,0.0,0.0,,0.0,normalDay
2021-06-17,8140.0,109.0,0.0,0,421.97,0.0,1,1.33,0.24,SPY210618P00413000,413.0,0,0.0,0.0,,0.0,normalDay
2021-06-18,8273.0,0.0,133.0,0,414.92,0.0,1,1.33,0.0,SPY210618P00413000,413.0,0,0.0,0.0,,0.0,expirationDay
2021-06-21,8273.0,-4.0,0.0,0,420.86,0.0,1,2.83,2.87,SPY210702P00419000,419.0,0,0.0,0.0,,0.0,normalDay
2021-06-22,8273.0,94.0,0.0,0,423.11,0.0,1,2.83,1.89,SPY210702P00419000,419.0,0,0.0,0.0,,0.0,normalDay
2021-06-23,8273.0,117.0,0.0,0,422.6,0.0,1,2.83,1.66,SPY210702P00419000,419.0,0,0.0,0.0,,0.0,normalDay
2021-06-24,8273.0,187.0,0.0,0,425.1,0.0,1,2.83,0.96,SPY210702P00419000,419.0,0,0.0,0.0,,0.0,normalDay
2021-06-25,8273.0,226.0,0.0,0,426.61,0.0,1,2.83,0.57,SPY210702P00419000,419.0,0,0.0,0.0,,0.0,normalDay
2021-06-28,8273.0,256.0,0.0,0,427.47,0.0,1,2.83,0.27,SPY210702P00419000,419.0,0,0.0,0.0,,0.0,normalDay
2021-06-29,8273.0,266.0,0.0,0,427.7,0.0,1,2.83,0.17,SPY210702P00419000,419.0,0,0.0,0.0,,0.0,normalDay
2021-06-30,8273.0,275.0,0.0,0,428.06,0.0,1,2.83,0.08,SPY210702P00419000,419.0,0,0.0,0.0,,0.0,normalDay
2021-07-01,8273.0,279.0,0.0,0,430.43,0.0,1,2.83,0.04,SPY210702P00419000,419.0,0,0.0,0.0,,0.0,normalDay
2021-07-02,8556.0,0.0,283.0,0,433.72,0.0,1,2.83,0.0,SPY210702P00419000,419.0,0,0.0,0.0,,0.0,expirationDay
2021-07-06,8556.0,-3.0,0.0,0,432.93,0.0,1,0.89,0.92,SPY210716P00421000,421.0,0,0.0,0.0,,0.0,normalDay
2021-07-07,8556.0,25.0,0.0,0,434.46,0.0,1,0.89,0.64,SPY210716P00421000,421.0,0,0.0,0.0,,0.0,normalDay
2021-07-08,8556.0,-56.0,0.0,0,430.92,0.0,1,0.89,1.45,SPY210716P00421000,421.0,0,0.0,0.0,,0.0,normalDay
2021-07-09,8556.0,48.0,0.0,0,435.52,0.0,1,0.89,0.41,SPY210716P00421000,421.0,0,0.0,0.0,,0.0,normalDay
2021-07-12,8556.0,72.0,0.0,0,437.08,0.0,1,0.89,0.17,SPY210716P00421000,421.0,0,0.0,0.0,,0.0,normalDay
2021-07-13,8556.0,70.0,0.0,0,435.59,0.0,1,0.89,0.19,SPY210716P00421000,421.0,0,0.0,0.0,,0.0,normalDay
2021-07-14,8556.0,82.0,0.0,0,436.24,0.0,1,0.89,0.07,SPY210716P00421000,421.0,0,0.0,0.0,,0.0,normalDay
2021-07-15,8556.0,84.0,0.0,0,434.75,0.0,1,0.89,0.05,SPY210716P00421000,421.0,0,0.0,0.0,,0.0,normalDay
2021-07-16,8645.0,0.0,89.0,0,431.34,0.0,1,0.89,0.0,SPY210716P00421000,421.0,0,0.0,0.0,,0.0,expirationDay
2021-07-19,8645.0,-6.0,0.0,0,424.97,0.0,1,5.41,5.47,SPY210730P00425000,425.0,0,0.0,0.0,,0.0,normalDay
2021-07-20,8645.0,277.0,0.0,0,431.06,0.0,1,5.41,2.64,SPY210730P00425000,425.0,0,0.0,0.0,,0.0,normalDay
2021-07-21,8645.0,422.0,0.0,0,434.55,0.0,1,5.41,1.19,SPY210730P00425000,425.0,0,0.0,0.0,,0.0,normalDay
2021-07-22,8645.0,457.0,0.0,0,435.46,0.0,1,5.41,0.84,SPY210730P00425000,425.0,0,0.0,0.0,,0.0,normalDay
2021-07-23,8645.0,511.0,0.0,0,439.94,0.0,1,5.41,0.3,SPY210730P00425000,425.0,0,0.0,0.0,,0.0,normalDay
2021-07-26,8645.0,529.0,0.0,0,441.02,0.0,1,5.41,0.12,SPY210730P00425000,425.0,0,0.0,0.0,,0.0,normalDay
2021-07-27,8645.0,515.0,0.0,0,439.01,0.0,1,5.41,0.26,SPY210730P00425000,425.0,0,0.0,0.0,,0.0,normalDay
2021-07-28,8645.0,533.0,0.0,0,438.83,0.0,1,5.41,0.08,SPY210730P00425000,425.0,0,0.0,0.0,,0.0,normalDay
2021-07-29,8645.0,539.0,0.0,0,440.65,0.0,1,5.41,0.02,SPY210730P00425000,425.0,0,0.0,0.0,,0.0,normalDay
2021-07-30,9186.0,0.0,541.0,0,438.51,0.0,1,5.41,0.0,SPY210730P00425000,425.0,0,0.0,0.0,,0.0,expirationDay
2021-08-02,9186.0,-4.0,0.0,0,437.59,0.0,1,2.38,2.42,SPY210813P00432000,432.0,0,0.0,0.0,,0.0,normalDay
2021-08-03,9186.0,117.0,0.0,0,441.15,0.0,1,2.38,1.21,SPY210813P00432000,432.0,0,0.0,0.0,,0.0,normalDay
2021-08-04,9186.0,105.0,0.0,0,438.98,0.0,1,2.38,1.33,SPY210813P00432000,432.0,0,0.0,0.0,,0.0,normalDay
2021-08-05,9186.0,159.0,0.0,0,441.76,0.0,1,2.38,0.79,SPY210813P00432000,432.0,0,0.0,0.0,,0.0,normalDay
2021-08-06,9186.0,207.0,0.0,0,442.49,0.0,1,2.38,0.31,SPY210813P00432000,432.0,0,0.0,0.0,,0.0,normalDay
2021-08-09,9186.0,216.0,0.0,0,442.13,0.0,1,2.38,0.22,SPY210813P00432000,432.0,0,0.0,0.0,,0.0,normalDay
2021-08-10,9186.0,219.0,0.0,0,442.68,0.0,1,2.38,0.19,SPY210813P00432000,432.0,0,0.0,0.0,,0.0,normalDay
2021-08-11,9186.0,230.0,0.0,0,443.78,0.0,1,2.38,0.08,SPY210813P00432000,432.0,0,0.0,0.0,,0.0,normalDay
2021-08-12,9186.0,233.0,0.0,0,445.11,0.0,1,2.38,0.05,SPY210813P00432000,432.0,0,0.0,0.0,,0.0,normalDay
2021-08-13,9424.0,0.0,238.0,0,445.92,0.0,1,2.38,0.0,SPY210813P00432000,432.0,0,0.0,0.0,,0.0,expirationDay
2021-08-16,9424.0,-3.0,0.0,0,446.97,0.0,1,1.02,1.05,SPY210827P00437000,437.0,0,0.0,0.0,,0.0,normalDay
2021-08-17,9424.0,-98.0,0.0,0,444.04,0.0,1,1.02,2.0,SPY210827P00437000,437.0,0,0.0,0.0,,0.0,normalDay
2021-08-18,9424.0,-299.0,0.0,0,439.18,0.0,1,1.02,4.01,SPY210827P00437000,437.0,0,0.0,0.0,,0.0,normalDay
2021-08-19,9424.0,-231.0,0.0,0,439.86,0.0,1,1.02,3.33,SPY210827P00437000,437.0,0,0.0,0.0,,0.0,normalDay
2021-08-20,9424.0,-27.0,0.0,0,443.36,0.0,1,1.02,1.29,SPY210827P00437000,437.0,0,0.0,0.0,,0.0,normalDay
2021-08-23,9424.0,75.0,0.0,0,447.26,0.0,1,1.02,0.27,SPY210827P00437000,437.0,0,0.0,0.0,,0.0,normalDay
2021-08-24,9424.0,85.0,0.0,0,447.97,0.0,1,1.02,0.17,SPY210827P00437000,437.0,0,0.0,0.0,,0.0,normalDay
2021-08-25,9424.0,94.0,0.0,0,448.91,0.0,1,1.02,0.08,SPY210827P00437000,437.0,0,0.0,0.0,,0.0,normalDay
2021-08-26,9424.0,91.0,0.0,0,446.26,0.0,1,1.02,0.11,SPY210827P00437000,437.0,0,0.0,0.0,,0.0,normalDay
2021-08-27,9526.0,0.0,102.0,0,450.25,0.0,1,1.02,0.0,SPY210827P00437000,437.0,0,0.0,0.0,,0.0,expirationDay
2021-08-30,9526.0,-3.0,0.0,0,452.23,0.0,1,0.75,0.78,SPY210910P00441000,441.0,0,0.0,0.0,,0.0,normalDay
2021-08-31,9526.0,-5.0,0.0,0,451.56,0.0,1,0.75,0.8,SPY210910P00441000,441.0,0,0.0,0.0,,0.0,normalDay
2021-09-01,9526.0,14.0,0.0,0,451.8,0.0,1,0.75,0.61,SPY210910P00441000,441.0,0,0.0,0.0,,0.0,normalDay
2021-09-02,9526.0,22.0,0.0,0,453.19,0.0,1,0.75,0.53,SPY210910P00441000,441.0,0,0.0,0.0,,0.0,normalDay
2021-09-03,9526.0,45.0,0.0,0,453.08,0.0,1,0.75,0.3,SPY210910P00441000,441.0,0,0.0,0.0,,0.0,normalDay
2021-09-07,9526.0,50.0,0.0,0,451.46,0.0,1,0.75,0.25,SPY210910P00441000,441.0,0,0.0,0.0,,0.0,normalDay
2021-09-08,9526.0,62.0,0.0,0,450.91,0.0,1,0.75,0.13,SPY210910P00441000,441.0,0,0.0,0.0,,0.0,normalDay
2021-09-09,9526.0,65.0,0.0,0,448.98,0.0,1,0.75,0.1,SPY210910P00441000,441.0,0,0.0,0.0,,0.0,normalDay
2021-09-10,9601.0,0.0,75.0,0,445.44,0.0,1,0.75,0.0,SPY210910P00441000,441.0,0,0.0,0.0,,0.0,expirationDay
2021-09-13,9601.0,-4.0,0.0,0,446.58,0.0,1,3.94,3.98,SPY210924P00444000,444.0,0,0.0,0.0,,0.0,normalDay
2021-09-14,9601.0,-90.0,0.0,0,444.17,0.0,1,3.94,4.84,SPY210924P00444000,444.0,0,0.0,0.0,,0.0,normalDay
2021-09-15,9601.0,128.0,0.0,0,447.88,0.0,1,3.94,2.66,SPY210924P00444000,444.0,0,0.0,0.0,,0.0,normalDay
2021-09-16,9601.0,108.0,0.0,0,447.17,0.0,1,3.94,2.86,SPY210924P00444000,444.0,0,0.0,0.0,,0.0,normalDay
2021-09-17,9601.0,-150.0,0.0,0,441.4,0.0,1,3.94,5.44,SPY210924P00444000,444.0,0,0.0,0.0,,0.0,normalDay
2021-09-20,9601.0,-666.0,0.0,0,434.04,0.0,1,3.94,10.6,SPY210924P00444000,444.0,0,0.0,0.0,,0.0,normalDay
2021-09-21,9601.0,-695.0,0.0,0,433.63,0.0,1,3.94,10.89,SPY210924P00444000,444.0,0,0.0,0.0,,0.0,normalDay
2021-09-22,9601.0,-247.0,0.0,0,437.86,0.0,1,3.94,6.41,SPY210924P00444000,444.0,0,0.0,0.0,,0.0,normalDay
2021-09-23,9601.0,219.0,0.0,0,443.18,0.0,1,3.94,1.75,SPY210924P00444000,444.0,0,0.0,0.0,,0.0,normalDay
2021-09-24,9995.0,-9.0,394.0,100,443.91,444.0,1,3.94,0.0,SPY210924P00444000,444.0,0,0.0,0.0,,0.0,expirationDay
2021-09-27,9995.0,-140.0,0.0,100,442.64,444.0,0,0.0,0.0,,0.0,1,5.81,5.85,SPY211119C00450000,450.0,normalDay
2021-09-28,9995.0,-838.0,0.0,100,433.72,444.0,0,0.0,0.0,,0.0,1,5.81,3.91,SPY211119C00450000,450.0,normalDay
2021-09-29,9995.0,-770.0,0.0,100,434.45,444.0,0,0.0,0.0,,0.0,1,5.81,3.96,SPY211119C00450000,450.0,normalDay
2021-09-30,9995.0,-1148.0,0.0,100,429.14,444.0,0,0.0,0.0,,0.0,1,5.81,2.43,SPY211119C00450000,450.0,normalDay
2021-10-01,9995.0,-734.0,0.0,100,434.24,444.0,0,0.0,0.0,,0.0,1,5.81,3.39,SPY211119C00450000,450.0,normalDay
2021-10-04,9995.0,-1171.0,0.0,100,428.64,444.0,0,0.0,0.0,,0.0,1,5.81,2.16,SPY211119C00450000,450.0,normalDay
2021-10-05,9995.0,-781.0,0.0,100,433.1,444.0,0,0.0,0.0,,0.0,1,5.81,2.72,SPY211119C00450000,450.0,normalDay
2021-10-06,9995.0,-638.0,0.0,100,434.9,444.0,0,0.0,0.0,,0.0,1,5.81,3.09,SPY211119C00450000,450.0,normalDay
2021-10-07,9995.0,-341.0,0.0,100,438.66,444.0,0,0.0,0.0,,0.0,1,5.81,3.88,SPY211119C00450000,450.0,normalDay
2021-10-08,9995.0,-347.0,0.0,100,437.86,444.0,0,0.0,0.0,,0.0,1,5.81,3.14,SPY211119C00450000,450.0,normalDay
2021-10-11,9995.0,-570.0,0.0,100,434.69,444.0,0,0.0,0.0,,0.0,1,5.81,2.2,SPY211119C00450000,450.0,normalDay
2021-10-12,9995.0,-618.0,0.0,100,433.62,444.0,0,0.0,0.0,,0.0,1,5.81,1.61,SPY211119C00450000,450.0,normalDay
2021-10-13,9995.0,-486.0,0.0,100,435.18,444.0,0,0.0,0.0,,0.0,1,5.81,1.85,SPY211119C00450000,450.0,normalDay
2021-10-14,9995.0,81.0,0.0,100,442.5,444.0,0,0.0,0.0,,0.0,1,5.81,3.5,SPY211119C00450000,450.0,normalDay
2021-10-15,9995.0,297.0,0.0,100,445.87,444.0,0,0.0,0.0,,0.0,1,5.81,4.71,SPY211119C00450000,450.0,normalDay
2021-10-18,9995.0,389.0,0.0,100,447.19,444.0,0,0.0,0.0,,0.0,1,5.81,5.11,SPY211119C00450000,450.0,normalDay
2021-10-19,9995.0,541.0,0.0,100,450.64,444.0,0,0.0,0.0,,0.0,1,5.81,7.04,SPY211119C00450000,450.0,normalDay
2021-10-20,9995.0,660.0,0.0,100,452.41,444.0,0,0.0,0.0,,0.0,1,5.81,7.62,SPY211119C00450000,450.0,normalDay
2021-10-21,9995.0,706.0,0.0,100,453.59,444.0,0,0.0,0.0,,0.0,1,5.81,8.34,SPY211119C00450000,450.0,normalDay
2021-10-22,9995.0,699.0,0.0,100,453.12,444.0,0,0.0,0.0,,0.0,1,5.81,7.94,SPY211119C00450000,450.0,normalDay
2021-10-25,9995.0,830.0,0.0,100,455.55,444.0,0,0.0,0.0,,0.0,1,5.81,9.06,SPY211119C00450000,450.0,normalDay
2021-10-26,9995.0,763.0,0.0,100,455.96,444.0,0,0.0,0.0,,0.0,1,5.81,10.14,SPY211119C00450000,450.0,normalDay
2021-10-27,9995.0,683.0,0.0,100,453.94,444.0,0,0.0,0.0,,0.0,1,5.81,8.92,SPY211119C00450000,450.0,normalDay
2021-10-28,9995.0,872.0,0.0,100,458.32,444.0,0,0.0,0.0,,0.0,1,5.81,11.41,SPY211119C00450000,450.0,normalDay
2021-10-29,9995.0,861.0,0.0,100,459.25,444.0,0,0.0,0.0,,0.0,1,5.81,12.45,SPY211119C00450000,450.0,normalDay
2021-11-01,9995.0,923.0,0.0,100,460.04,444.0,0,0.0,0.0,,0.0,1,5.81,12.62,SPY211119C00450000,450.0,normalDay
2021-11-02,9995.0,991.0,0.0,100,461.9,444.0,0,0.0,0.0,,0.0,1,5.81,13.8,SPY211119C00450000,450.0,normalDay
2021-11-03,9995.0,1049.0,0.0,100,464.72,444.0,0,0.0,0.0,,0.0,1,5.81,16.04,SPY211119C00450000,450.0,normalDay
2021-11-04,9995.0,1094.0,0.0,100,466.91,444.0,0,0.0,0.0,,0.0,1,5.81,17.78,SPY211119C00450000,450.0,normalDay
2021-11-05,9995.0,1096.0,0.0,100,468.53,444.0,0,0.0,0.0,,0.0,1,5.81,19.38,SPY211119C00450000,450.0,normalDay
2021-11-08,9995.0,1126.0,0.0,100,468.93,444.0,0,0.0,0.0,,0.0,1,5.81,19.48,SPY211119C00450000,450.0,normalDay
2021-11-09,9995.0,1119.0,0.0,100,467.38,444.0,0,0.0,0.0,,0.0,1,5.81,18.0,SPY211119C00450000,450.0,normalDay
2021-11-10,9995.0,1065.0,0.0,100,463.62,444.0,0,0.0,0.0,,0.0,1,5.81,14.78,SPY211119C00450000,450.0,normalDay
2021-11-11,9995.0,1075.0,0.0,100,463.77,444.0,0,0.0,0.0,,0.0,1,5.81,14.83,SPY211119C00450000,450.0,normalDay
2021-11-12,9995.0,1120.0,0.0,100,467.27,444.0,0,0.0,0.0,,0.0,1,5.81,17.88,SPY211119C00450000,450.0,normalDay
2021-11-15,9995.0,1169.0,0.0,100,467.43,444.0,0,0.0,0.0,,0.0,1,5.81,17.55,SPY211119C00450000,450.0,normalDay
2021-11-16,9995.0,1159.0,0.0,100,469.28,444.0,0,0.0,0.0,,0.0,1,5.81,19.5,SPY211119C00450000,450.0,normalDay
2021-11-17,9995.0,1188.0,0.0,100,468.14,444.0,0,0.0,0.0,,0.0,1,5.81,18.07,SPY211119C00450000,450.0,normalDay
2021-11-18,9995.0,1165.0,0.0,100,469.73,444.0,0,0.0,0.0,,0.0,1,5.81,19.89,SPY211119C00450000,450.0,normalDay
2021-11-19,11176.0,1165.0,1181.0,0,468.89,0.0,0,0.0,0.0,,0.0,1,5.81,0.0,SPY211119C00450000,450.0,expirationDay
2021-11-22,11176.0,-5.0,0.0,0,467.57,0.0,1,2.11,2.16,SPY211203P00460000,460.0,0,0.0,0.0,,0.0,normalDay
2021-11-23,11176.0,18.0,0.0,0,468.19,0.0,1,2.11,1.93,SPY211203P00460000,460.0,0,0.0,0.0,,0.0,normalDay
2021-11-24,11176.0,82.0,0.0,0,469.44,0.0,1,2.11,1.29,SPY211203P00460000,460.0,0,0.0,0.0,,0.0,normalDay
2021-11-26,11176.0,-539.0,0.0,0,458.97,0.0,1,2.11,7.5,SPY211203P00460000,460.0,0,0.0,0.0,,0.0,normalDay
2021-11-29,11176.0,13.0,0.0,0,464.6,0.0,1,2.11,1.98,SPY211203P00460000,460.0,0,0.0,0.0,,0.0,normalDay
2021-11-30,11176.0,-302.0,0.0,0,455.56,0.0,1,2.11,5.13,SPY211203P00460000,460.0,0,0.0,0.0,,0.0,normalDay
2021-12-01,11176.0,-830.0,0.0,0,450.5,0.0,1,2.11,10.41,SPY211203P00460000,460.0,0,0.0,0.0,,0.0,normalDay
2021-12-02,11176.0,-176.0,0.0,0,457.4,0.0,1,2.11,3.87,SPY211203P00460000,460.0,0,0.0,0.0,,0.0,normalDay
2021-12-03,11387.0,-658.0,211.0,100,453.42,460.0,1,2.11,0.0,SPY211203P00460000,460.0,0,0.0,0.0,,0.0,expirationDay
2021-12-06,11387.0,-129.0,0.0,100,458.79,460.0,0,0.0,0.0,,0.0,1,7.0,7.08,SPY220121C00468000,468.0,normalDay
2021-12-07,11387.0,472.0,0.0,100,468.28,460.0,0,0.0,0.0,,0.0,1,7.0,10.56,SPY220121C00468000,468.0,normalDay
2021-12-08,11387.0,613.0,0.0,100,469.52,460.0,0,0.0,0.0,,0.0,1,7.0,10.39,SPY220121C00468000,468.0,normalDay
2021-12-09,11387.0,456.0,0.0,100,466.35,460.0,0,0.0,0.0,,0.0,1,7.0,8.79,SPY220121C00468000,468.0,normalDay
2021-12-10,11387.0,737.0,0.0,100,470.74,460.0,0,0.0,0.0,,0.0,1,7.0,10.37,SPY220121C00468000,468.0,normalDay
2021-12-13,11387.0,545.0,0.0,100,466.57,460.0,0,0.0,0.0,,0.0,1,7.0,8.12,SPY220121C00468000,468.0,normalDay
2021-12-14,11387.0,342.0,0.0,100,463.36,460.0,0,0.0,0.0,,0.0,1,7.0,6.94,SPY220121C00468000,468.0,normalDay
2021-12-15,11387.0,755.0,0.0,100,470.6,460.0,0,0.0,0.0,,0.0,1,7.0,10.05,SPY220121C00468000,468.0,normalDay
2021-12-16,11387.0,549.0,0.0,100,466.45,460.0,0,0.0,0.0,,0.0,1,7.0,7.96,SPY220121C00468000,468.0,normalDay
2021-12-17,11387.0,95.0,0.0,100,459.87,460.0,0,0.0,0.0,,0.0,1,7.0,5.92,SPY220121C00468000,468.0,normalDay
2021-12-20,11387.0,-200.0,0.0,100,454.98,460.0,0,0.0,0.0,,0.0,1,7.0,3.98,SPY220121C00468000,468.0,normalDay
2021-12-21,11387.0,366.0,0.0,100,463.06,460.0,0,0.0,0.0,,0.0,1,7.0,6.4,SPY220121C00468000,468.0,normalDay
2021-12-22,11387.0,686.0,0.0,100,467.69,460.0,0,0.0,0.0,,0.0,1,7.0,7.83,SPY220121C00468000,468.0,normalDay
2021-12-23,11387.0,832.0,0.0,100,470.6,460.0,0,0.0,0.0,,0.0,1,7.0,9.28,SPY220121C00468000,468.0,normalDay
2021-12-27,11387.0,1099.0,0.0,100,477.26,460.0,0,0.0,0.0,,0.0,1,7.0,13.27,SPY220121C00468000,468.0,normalDay
2021-12-28,11387.0,1075.0,0.0,100,476.87,460.0,0,0.0,0.0,,0.0,1,7.0,13.12,SPY220121C00468000,468.0,normalDay
2021-12-29,11387.0,1149.0,0.0,100,477.48,460.0,0,0.0,0.0,,0.0,1,7.0,12.99,SPY220121C00468000,468.0,normalDay
2021-12-30,11387.0,1149.0,0.0,100,476.16,460.0,0,0.0,0.0,,0.0,1,7.0,11.67,SPY220121C00468000,468.0,normalDay
2021-12-31,11387.0,1110.0,0.0,100,474.96,460.0,0,0.0,0.0,,0.0,1,7.0,10.86,SPY220121C00468000,468.0,normalDay
2022-01-03,11387.0,1252.0,0.0,100,477.71,460.0,0,0.0,0.0,,0.0,1,7.0,12.19,SPY220121C00468000,468.0,normalDay
2022-01-04,11387.0,1266.0,0.0,100,477.55,460.0,0,0.0,0.0,,0.0,1,7.0,11.89,SPY220121C00468000,468.0,normalDay
2022-01-05,11387.0,885.0,0.0,100,468.38,460.0,0,0.0,0.0,,0.0,1,7.0,6.53,SPY220121C00468000,468.0,normalDay
2022-01-06,11387.0,906.0,0.0,100,467.94,460.0,0,0.0,0.0,,0.0,1,7.0,5.88,SPY220121C00468000,468.0,normalDay
2022-01-07,11387.0,874.0,0.0,100,466.09,460.0,0,0.0,0.0,,0.0,1,7.0,4.35,SPY220121C00468000,468.0,normalDay
2022-01-10,11387.0,895.0,0.0,100,465.51,460.0,0,0.0,0.0,,0.0,1,7.0,3.56,SPY220121C00468000,468.0,normalDay
2022-01-11,11387.0,1115.0,0.0,100,469.75,460.0,0,0.0,0.0,,0.0,1,7.0,5.6,SPY220121C00468000,468.0,normalDay
2022-01-12,11387.0,1174.0,0.0,100,471.02,460.0,0,0.0,0.0,,0.0,1,7.0,6.28,SPY220121C00468000,468.0,normalDay
2022-01-13,11387.0,873.0,0.0,100,464.53,460.0,0,0.0,0.0,,0.0,1,7.0,2.8,SPY220121C00468000,468.0,normalDay
2022-01-14,11387.0,934.0,0.0,100,464.72,460.0,0,0.0,0.0,,0.0,1,7.0,2.38,SPY220121C00468000,468.0,normalDay
2022-01-18,11387.0,315.0,0.0,100,456.49,460.0,0,0.0,0.0,,0.0,1,7.0,0.34,SPY220121C00468000,468.0,normalDay
2022-01-19,11387.0,-131.0,0.0,100,451.75,460.0,0,0.0,0.0,,0.0,1,7.0,0.06,SPY220121C00468000,468.0,normalDay
2022-01-20,11387.0,-627.0,0.0,100,446.75,460.0,0,0.0,0.0,,0.0,1,7.0,0.02,SPY220121C00468000,468.0,normalDay
2022-01-21,12087.0,-2202.0,700.0,100,437.98,460.0,0,0.0,0.0,,0.0,1,7.0,0.0,SPY220121C00468000,468.0,expirationDay
2022-01-24,12087.0,-2021.0,0.0,100,439.84,460.0,0,0.0,0.0,,0.0,1,2.08,2.13,SPY220318C00473000,473.0,normalDay
2022-01-25,12087.0,-2484.0,0.0,100,434.47,460.0,0,0.0,0.0,,0.0,1,2.08,1.39,SPY220318C00473000,473.0,normalDay
2022-01-26,12087.0,-2599.0,0.0,100,433.38,460.0,0,0.0,0.0,,0.0,1,2.08,1.45,SPY220318C00473000,473.0,normalDay
2022-01-27,12087.0,-2789.0,0.0,100,431.24,460.0,0,0.0,0.0,,0.0,1,2.08,1.21,SPY220318C00473000,473.0,normalDay
2022-01-28,12087.0,-1804.0,0.0,100,441.95,460.0,0,0.0,0.0,,0.0,1,2.08,2.07,SPY220318C00473000,473.0,normalDay
2022-01-31,12087.0,-1077.0,0.0,100,449.91,460.0,0,0.0,0.0,,0.0,1,2.08,2.76,SPY220318C00473000,473.0,normalDay
2022-02-01,12087.0,-782.0,0.0,100,452.95,460.0,0,0.0,0.0,,0.0,1,2.08,2.85,SPY220318C00473000,473.0,normalDay
2022-02-02,12087.0,-376.0,0.0,100,457.35,460.0,0,0.0,0.0,,0.0,1,2.08,3.19,SPY220318C00473000,473.0,normalDay
2022-02-03,12087.0,-1374.0,0.0,100,446.6,460.0,0,0.0,0.0,,0.0,1,2.08,2.42,SPY220318C00473000,473.0,normalDay
2022-02-04,12087.0,-1110.0,0.0,100,448.7,460.0,0,0.0,0.0,,0.0,1,2.08,1.88,SPY220318C00473000,473.0,normalDay
2022-02-07,12087.0,-1226.0,0.0,100,447.26,460.0,0,0.0,0.0,,0.0,1,2.08,1.6,SPY220318C00473000,473.0,normalDay
2022-02-08,12087.0,-880.0,0.0,100,450.94,460.0,0,0.0,0.0,,0.0,1,2.08,1.82,SPY220318C00473000,473.0,normalDay
2022-02-09,12087.0,-322.0,0.0,100,457.54,460.0,0,0.0,0.0,,0.0,1,2.08,2.84,SPY220318C00473000,473.0,normalDay
2022-02-10,12087.0,-1035.0,0.0,100,449.32,460.0,0,0.0,0.0,,0.0,1,2.08,1.75,SPY220318C00473000,473.0,normalDay
2022-02-11,12087.0,-1846.0,0.0,100,440.46,460.0,0,0.0,0.0,,0.0,1,2.08,1.0,SPY220318C00473000,473.0,normalDay
2022-02-14,12087.0,-1968.0,0.0,100,439.02,460.0,0,0.0,0.0,,0.0,1,2.08,0.78,SPY220318C00473000,473.0,normalDay
2022-02-15,12087.0,-1278.0,0.0,100,446.1,460.0,0,0.0,0.0,,0.0,1,2.08,0.96,SPY220318C00473000,473.0,normalDay
2022-02-16,12087.0,-1215.0,0.0,100,446.6,460.0,0,0.0,0.0,,0.0,1,2.08,0.83,SPY220318C00473000,473.0,normalDay
2022-02-17,12087.0,-2124.0,0.0,100,437.06,460.0,0,0.0,0.0,,0.0,1,2.08,0.38,SPY220318C00473000,473.0,normalDay
2022-02-18,12087.0,-2396.0,0.0,100,434.23,460.0,0,0.0,0.0,,0.0,1,2.08,0.27,SPY220318C00473000,473.0,normalDay
2022-02-22,12087.0,-2855.0,0.0,100,429.57,460.0,0,0.0,0.0,,0.0,1,2.08,0.2,SPY220318C00473000,473.0,normalDay
2022-02-23,12087.0,-3608.0,0.0,100,421.95,460.0,0,0.0,0.0,,0.0,1,2.08,0.11,SPY220318C00473000,473.0,normalDay
2022-02-24,12087.0,-2977.0,0.0,100,428.3,460.0,0,0.0,0.0,,0.0,1,2.08,0.15,SPY220318C00473000,473.0,normalDay
2022-02-25,12087.0,-2040.0,0.0,100,437.75,460.0,0,0.0,0.0,,0.0,1,2.08,0.23,SPY220318C00473000,473.0,normalDay
2022-02-28,12087.0,-2149.0,0.0,100,436.63,460.0,0,0.0,0.0,,0.0,1,2.08,0.2,SPY220318C00473000,473.0,normalDay
2022-03-01,12087.0,-2807.0,0.0,100,429.98,460.0,0,0.0,0.0,,0.0,1,2.08,0.13,SPY220318C00473000,473.0,normalDay
2022-03-02,12087.0,-2017.0,0.0,100,437.89,460.0,0,0.0,0.0,,0.0,1,2.08,0.14,SPY220318C00473000,473.0,normalDay
2022-03-03,12087.0,-2229.0,0.0,100,435.71,460.0,0,0.0,0.0,,0.0,1,2.08,0.08,SPY220318C00473000,473.0,normalDay
2022-03-04,12087.0,-2579.0,0.0,100,432.17,460.0,0,0.0,0.0,,0.0,1,2.08,0.04,SPY220318C00473000,473.0,normalDay
2022-03-07,12087.0,-3852.0,0.0,100,419.43,460.0,0,0.0,0.0,,0.0,1,2.08,0.03,SPY220318C00473000,473.0,normalDay
2022-03-08,12087.0,-4170.0,0.0,100,416.25,460.0,0,0.0,0.0,,0.0,1,2.08,0.03,SPY220318C00473000,473.0,normalDay
2022-03-09,12087.0,-3055.0,0.0,100,427.41,460.0,0,0.0,0.0,,0.0,1,2.08,0.04,SPY220318C00473000,473.0,normalDay
2022-03-10,12087.0,-3246.0,0.0,100,425.48,460.0,0,0.0,0.0,,0.0,1,2.08,0.02,SPY220318C00473000,473.0,normalDay
2022-03-11,12087.0,-3787.0,0.0,100,420.07,460.0,0,0.0,0.0,,0.0,1,2.08,0.02,SPY220318C00473000,473.0,normalDay
2022-03-14,12087.0,-4093.0,0.0,100,417.0,460.0,0,0.0,0.0,,0.0,1,2.08,0.01,SPY220318C00473000,473.0,normalDay
2022-03-15,12087.0,-3176.0,0.0,100,426.17,460.0,0,0.0,0.0,,0.0,1,2.08,0.01,SPY220318C00473000,473.0,normalDay
2022-03-16,12087.0,-2231.0,0.0,100,435.62,460.0,0,0.0,0.0,,0.0,1,2.08,0.01,SPY220318C00473000,473.0,normalDay
2022-03-17,12087.0,-1686.0,0.0,100,441.07,460.0,0,0.0,0.0,,0.0,1,2.08,0.01,SPY220318C00473000,473.0,normalDay
2022-03-18,12295.0,-1548.0,208.0,100,444.52,460.0,0,0.0,0.0,,0.0,1,2.08,0.0,SPY220318C00473000,473.0,expirationDay
2022-03-21,12295.0,-1599.0,0.0,100,444.39,460.0,0,0.0,0.0,,0.0,1,17.17,17.55,SPY220429C00436000,436.0,normalDay
2022-03-22,12295.0,-1390.0,0.0,100,449.59,460.0,0,0.0,0.0,,0.0,1,17.17,20.66,SPY220429C00436000,436.0,normalDay
2022-03-23,12295.0,-1548.0,0.0,100,443.8,460.0,0,0.0,0.0,,0.0,1,17.17,16.45,SPY220429C00436000,436.0,normalDay
2022-03-24,12295.0,-1307.0,0.0,100,450.49,460.0,0,0.0,0.0,,0.0,1,17.17,20.73,SPY220429C00436000,436.0,normalDay
2022-03-25,12295.0,-1218.0,0.0,100,452.69,460.0,0,0.0,0.0,,0.0,1,17.17,22.04,SPY220429C00436000,436.0,normalDay
2022-03-28,12295.0,-1100.0,0.0,100,455.91,460.0,0,0.0,0.0,,0.0,1,17.17,24.08,SPY220429C00436000,436.0,normalDay
2022-03-29,12295.0,-954.0,0.0,100,461.55,460.0,0,0.0,0.0,,0.0,1,17.17,28.26,SPY220429C00436000,436.0,normalDay
2022-03-30,12295.0,-1056.0,0.0,100,458.7,460.0,0,0.0,0.0,,0.0,1,17.17,26.43,SPY220429C00436000,436.0,normalDay
2022-03-31,12295.0,-1342.0,0.0,100,451.64,460.0,0,0.0,0.0,,0.0,1,17.17,22.23,SPY220429C00436000,436.0,normalDay
2022-04-01,12295.0,-1049.0,0.0,100,452.92,460.0,0,0.0,0.0,,0.0,1,17.17,20.58,SPY220429C00436000,436.0,normalDay
2022-04-04,12295.0,-922.0,0.0,100,456.8,460.0,0,0.0,0.0,,0.0,1,17.17,23.19,SPY220429C00436000,436.0,normalDay
2022-04-05,12295.0,-1101.0,0.0,100,451.03,460.0,0,0.0,0.0,,0.0,1,17.17,19.21,SPY220429C00436000,436.0,normalDay
2022-04-06,12295.0,-1182.0,0.0,100,446.52,460.0,0,0.0,0.0,,0.0,1,17.17,15.51,SPY220429C00436000,436.0,normalDay
2022-04-07,12295.0,-1096.0,0.0,100,448.77,460.0,0,0.0,0.0,,0.0,1,17.17,16.9,SPY220429C00436000,436.0,normalDay
2022-04-08,12295.0,-1103.0,0.0,100,447.57,460.0,0,0.0,0.0,,0.0,1,17.17,15.77,SPY220429C00436000,436.0,normalDay
2022-04-11,12295.0,-1350.0,0.0,100,439.92,460.0,0,0.0,0.0,,0.0,1,17.17,10.59,SPY220429C00436000,436.0,normalDay
2022-04-12,12295.0,-1395.0,0.0,100,438.29,460.0,0,0.0,0.0,,0.0,1,17.17,9.41,SPY220429C00436000,436.0,normalDay
2022-04-13,12295.0,-1101.0,0.0,100,443.31,460.0,0,0.0,0.0,,0.0,1,17.17,11.49,SPY220429C00436000,436.0,normalDay
2022-04-14,12295.0,-1285.0,0.0,100,437.79,460.0,0,0.0,0.0,,0.0,1,17.17,7.81,SPY220429C00436000,436.0,normalDay
2022-04-18,12295.0,-1275.0,0.0,100,437.97,460.0,0,0.0,0.0,,0.0,1,17.17,7.89,SPY220429C00436000,436.0,normalDay
2022-04-19,12295.0,-825.0,0.0,100,445.04,460.0,0,0.0,0.0,,0.0,1,17.17,10.46,SPY220429C00436000,436.0,normalDay
2022-04-20,12295.0,-1009.0,0.0,100,444.71,460.0,0,0.0,0.0,,0.0,1,17.17,11.97,SPY220429C00436000,436.0,normalDay
2022-04-21,12295.0,-1111.0,0.0,100,438.06,460.0,0,0.0,0.0,,0.0,1,17.17,6.34,SPY220429C00436000,436.0,normalDay
2022-04-22,12295.0,-1835.0,0.0,100,426.04,460.0,0,0.0,0.0,,0.0,1,17.17,1.56,SPY220429C00436000,436.0,normalDay
2022-04-25,12295.0,-1614.0,0.0,100,428.51,460.0,0,0.0,0.0,,0.0,1,17.17,1.82,SPY220429C00436000,436.0,normalDay
2022-04-26,12295.0,-2696.0,0.0,100,416.1,460.0,0,0.0,0.0,,0.0,1,17.17,0.23,SPY220429C00436000,436.0,normalDay
2022-04-27,12295.0,-2573.0,0.0,100,417.27,460.0,0,0.0,0.0,,0.0,1,17.17,0.17,SPY220429C00436000,436.0,normalDay
2022-04-28,12295.0,-1522.0,0.0,100,427.81,460.0,0,0.0,0.0,,0.0,1,17.17,0.2,SPY220429C00436000,436.0,normalDay
2022-04-29,14012.0,-4800.0,1717.0,100,412.0,460.0,0,0.0,0.0,,0.0,1,17.17,0.0,SPY220429C00436000,436.0,expirationDay
2022-05-02,14012.0,-4557.0,0.0,100,414.48,460.0,0,0.0,0.0,,0.0,1,3.23,3.28,SPY220617C00444000,444.0,normalDay
2022-05-03,14012.0,-4353.0,0.0,100,416.38,460.0,0,0.0,0.0,,0.0,1,3.23,3.14,SPY220617C00444000,444.0,normalDay
2022-05-04,14012.0,-3342.0,0.0,100,429.06,460.0,0,0.0,0.0,,0.0,1,3.23,5.71,SPY220617C00444000,444.0,normalDay
2022-05-05,14012.0,-4583.0,0.0,100,413.81,460.0,0,0.0,0.0,,0.0,1,3.23,2.87,SPY220617C00444000,444.0,normalDay
2022-05-06,14012.0,-4749.0,0.0,100,411.34,460.0,0,0.0,0.0,,0.0,1,3.23,2.06,SPY220617C00444000,444.0,normalDay
2022-05-09,14012.0,-5979.0,0.0,100,398.17,460.0,0,0.0,0.0,,0.0,1,3.23,1.19,SPY220617C00444000,444.0,normalDay
2022-05-10,14012.0,-5856.0,0.0,100,399.09,460.0,0,0.0,0.0,,0.0,1,3.23,0.88,SPY220617C00444000,444.0,normalDay
2022-05-11,14012.0,-6465.0,0.0,100,392.75,460.0,0,0.0,0.0,,0.0,1,3.23,0.63,SPY220617C00444000,444.0,normalDay
2022-05-12,14012.0,-6494.0,0.0,100,392.34,460.0,0,0.0,0.0,,0.0,1,3.23,0.51,SPY220617C00444000,444.0,normalDay
2022-05-13,14012.0,-5560.0,0.0,100,401.72,460.0,0,0.0,0.0,,0.0,1,3.23,0.55,SPY220617C00444000,444.0,normalDay
2022-05-16,14012.0,-5701.0,0.0,100,400.09,460.0,0,0.0,0.0,,0.0,1,3.23,0.33,SPY220617C00444000,444.0,normalDay
2022-05-17,14012.0,-4907.0,0.0,100,408.32,460.0,0,0.0,0.0,,0.0,1,3.23,0.62,SPY220617C00444000,444.0,normalDay
2022-05-18,14012.0,-6510.0,0.0,100,391.86,460.0,0,0.0,0.0,,0.0,1,3.23,0.19,SPY220617C00444000,444.0,normalDay
2022-05-19,14012.0,-6747.0,0.0,100,389.46,460.0,0,0.0,0.0,,0.0,1,3.23,0.16,SPY220617C00444000,444.0,normalDay
2022-05-20,14012.0,-6729.0,0.0,100,389.63,460.0,0,0.0,0.0,,0.0,1,3.23,0.15,SPY220617C00444000,444.0,normalDay
2022-05-23,14012.0,-6006.0,0.0,100,396.92,460.0,0,0.0,0.0,,0.0,1,3.23,0.21,SPY220617C00444000,444.0,normalDay
2022-05-24,14012.0,-6307.0,0.0,100,393.89,460.0,0,0.0,0.0,,0.0,1,3.23,0.19,SPY220617C00444000,444.0,normalDay
2022-05-25,14012.0,-5959.0,0.0,100,397.37,460.0,0,0.0,0.0,,0.0,1,3.23,0.19,SPY220617C00444000,444.0,normalDay
2022-05-26,14012.0,-5178.0,0.0,100,405.31,460.0,0,0.0,0.0,,0.0,1,3.23,0.32,SPY220617C00444000,444.0,normalDay
2022-05-27,14012.0,-4224.0,0.0,100,415.26,460.0,0,0.0,0.0,,0.0,1,3.23,0.73,SPY220617C00444000,444.0,normalDay
2022-05-31,14012.0,-4429.0,0.0,100,412.93,460.0,0,0.0,0.0,,0.0,1,3.23,0.45,SPY220617C00444000,444.0,normalDay
2022-06-01,14012.0,-4735.0,0.0,100,409.59,460.0,0,0.0,0.0,,0.0,1,3.23,0.17,SPY220617C00444000,444.0,normalDay
2022-06-02,14012.0,-3971.0,0.0,100,417.39,460.0,0,0.0,0.0,,0.0,1,3.23,0.33,SPY220617C00444000,444.0,normalDay
2022-06-03,14012.0,-4634.0,0.0,100,410.54,460.0,0,0.0,0.0,,0.0,1,3.23,0.11,SPY220617C00444000,444.0,normalDay
2022-06-06,14012.0,-4508.0,0.0,100,411.79,460.0,0,0.0,0.0,,0.0,1,3.23,0.1,SPY220617C00444000,444.0,normalDay
2022-06-07,14012.0,-4112.0,0.0,100,415.74,460.0,0,0.0,0.0,,0.0,1,3.23,0.09,SPY220617C00444000,444.0,normalDay
2022-06-08,14012.0,-4560.0,0.0,100,411.22,460.0,0,0.0,0.0,,0.0,1,3.23,0.05,SPY220617C00444000,444.0,normalDay
2022-06-09,14012.0,-5536.0,0.0,100,401.44,460.0,0,0.0,0.0,,0.0,1,3.23,0.03,SPY220617C00444000,444.0,normalDay
2022-06-10,14012.0,-6699.0,0.0,100,389.8,460.0,0,0.0,0.0,,0.0,1,3.23,0.02,SPY220617C00444000,444.0,normalDay
2022-06-13,14012.0,-8179.0,0.0,100,375.0,460.0,0,0.0,0.0,,0.0,1,3.23,0.02,SPY220617C00444000,444.0,normalDay
2022-06-14,14012.0,-8291.0,0.0,100,373.87,460.0,0,0.0,0.0,,0.0,1,3.23,0.01,SPY220617C00444000,444.0,normalDay
2022-06-15,14012.0,-7758.0,0.0,100,379.2,460.0,0,0.0,0.0,,0.0,1,3.23,0.01,SPY220617C00444000,444.0,normalDay
2022-06-16,14012.0,-9013.0,0.0,100,366.65,460.0,0,0.0,0.0,,0.0,1,3.23,0.01,SPY220617C00444000,444.0,normalDay
2022-06-17,14335.0,-9414.0,323.0,100,365.86,460.0,0,0.0,0.0,,0.0,1,3.23,0.0,SPY220617C00444000,444.0,expirationDay
2022-06-21,14335.0,-8498.0,0.0,100,375.07,460.0,0,0.0,0.0,,0.0,1,2.21,2.26,SPY220729C00407000,407.0,normalDay
2022-06-22,14335.0,-8542.0,0.0,100,374.39,460.0,0,0.0,0.0,,0.0,1,2.21,2.02,SPY220729C00407000,407.0,normalDay
2022-06-23,14335.0,-8196.0,0.0,100,378.06,460.0,0,0.0,0.0,,0.0,1,2.21,2.23,SPY220729C00407000,407.0,normalDay
2022-06-24,14335.0,-7225.0,0.0,100,390.08,460.0,0,0.0,0.0,,0.0,1,2.21,4.54,SPY220729C00407000,407.0,normalDay
2022-06-27,14335.0,-7319.0,0.0,100,388.59,460.0,0,0.0,0.0,,0.0,1,2.21,3.99,SPY220729C00407000,407.0,normalDay
2022-06-28,14335.0,-7920.0,0.0,100,380.65,460.0,0,0.0,0.0,,0.0,1,2.21,2.06,SPY220729C00407000,407.0,normalDay
2022-06-29,14335.0,-7943.0,0.0,100,380.34,460.0,0,0.0,0.0,,0.0,1,2.21,1.98,SPY220729C00407000,407.0,normalDay
2022-06-30,14335.0,-8183.0,0.0,100,377.25,460.0,0,0.0,0.0,,0.0,1,2.21,1.29,SPY220729C00407000,407.0,normalDay
2022-07-01,14335.0,-7813.0,0.0,100,381.24,460.0,0,0.0,0.0,,0.0,1,2.21,1.58,SPY220729C00407000,407.0,normalDay
2022-07-05,14335.0,-7723.0,0.0,100,381.96,460.0,0,0.0,0.0,,0.0,1,2.21,1.4,SPY220729C00407000,407.0,normalDay
2022-07-06,14335.0,-7606.0,0.0,100,383.25,460.0,0,0.0,0.0,,0.0,1,2.21,1.52,SPY220729C00407000,407.0,normalDay
2022-07-07,14335.0,-7100.0,0.0,100,388.99,460.0,0,0.0,0.0,,0.0,1,2.21,2.2,SPY220729C00407000,407.0,normalDay
2022-07-08,14335.0,-7095.0,0.0,100,388.67,460.0,0,0.0,0.0,,0.0,1,2.21,1.83,SPY220729C00407000,407.0,normalDay
2022-07-11,14335.0,-7458.0,0.0,100,384.23,460.0,0,0.0,0.0,,0.0,1,2.21,1.02,SPY220729C00407000,407.0,normalDay
2022-07-12,14335.0,-7759.0,0.0,100,380.83,460.0,0,0.0,0.0,,0.0,1,2.21,0.63,SPY220729C00407000,407.0,normalDay
2022-07-13,14335.0,-7936.0,0.0,100,378.83,460.0,0,0.0,0.0,,0.0,1,2.21,0.4,SPY220729C00407000,407.0,normalDay
2022-07-14,14335.0,-8018.0,0.0,100,377.91,460.0,0,0.0,0.0,,0.0,1,2.21,0.3,SPY220729C00407000,407.0,normalDay
2022-07-15,14335.0,-7312.0,0.0,100,385.13,460.0,0,0.0,0.0,,0.0,1,2.21,0.46,SPY220729C00407000,407.0,normalDay
2022-07-18,14335.0,-7607.0,0.0,100,381.95,460.0,0,0.0,0.0,,0.0,1,2.21,0.23,SPY220729C00407000,407.0,normalDay
2022-07-19,14335.0,-6674.0,0.0,100,392.27,460.0,0,0.0,0.0,,0.0,1,2.21,1.22,SPY220729C00407000,407.0,normalDay
2022-07-20,14335.0,-6449.0,0.0,100,394.77,460.0,0,0.0,0.0,,0.0,1,2.21,1.47,SPY220729C00407000,407.0,normalDay
2022-07-21,14335.0,-6080.0,0.0,100,398.79,460.0,0,0.0,0.0,,0.0,1,2.21,1.8,SPY220729C00407000,407.0,normalDay
2022-07-22,14335.0,-6340.0,0.0,100,395.09,460.0,0,0.0,0.0,,0.0,1,2.21,0.7,SPY220729C00407000,407.0,normalDay
2022-07-25,14335.0,-6282.0,0.0,100,395.57,460.0,0,0.0,0.0,,0.0,1,2.21,0.6,SPY220729C00407000,407.0,normalDay
2022-07-26,14335.0,-6711.0,0.0,100,390.89,460.0,0,0.0,0.0,,0.0,1,2.21,0.21,SPY220729C00407000,407.0,normalDay
2022-07-27,14335.0,-5743.0,0.0,100,401.04,460.0,0,0.0,0.0,,0.0,1,2.21,0.68,SPY220729C00407000,407.0,normalDay
2022-07-28,14335.0,-5374.0,0.0,100,406.07,460.0,0,0.0,0.0,,0.0,1,2.21,2.02,SPY220729C00407000,407.0,normalDay
2022-07-29,9256.0,-5374.0,-5079.0,0,411.99,0.0,0,0.0,0.0,,0.0,1,2.21,0.0,SPY220729C00407000,407.0,expirationDay
2022-08-01,9256.0,-3.0,0.0,0,410.77,0.0,1,0.47,0.5,SPY220812P00382000,382.0,0,0.0,0.0,,0.0,normalDay
2022-08-02,9256.0,-16.0,0.0,0,408.06,0.0,1,0.47,0.63,SPY220812P00382000,382.0,0,0.0,0.0,,0.0,normalDay
2022-08-03,9256.0,29.0,0.0,0,414.45,0.0,1,0.47,0.18,SPY220812P00382000,382.0,0,0.0,0.0,,0.0,normalDay
2022-08-04,9256.0,36.0,0.0,0,414.17,0.0,1,0.47,0.11,SPY220812P00382000,382.0,0,0.0,0.0,,0.0,normalDay
2022-08-05,9256.0,39.0,0.0,0,413.47,0.0,1,0.47,0.08,SPY220812P00382000,382.0,0,0.0,0.0,,0.0,normalDay
2022-08-08,9256.0,43.0,0.0,0,412.99,0.0,1,0.47,0.04,SPY220812P00382000,382.0,0,0.0,0.0,,0.0,normalDay
2022-08-09,9256.0,43.0,0.0,0,411.35,0.0,1,0.47,0.04,SPY220812P00382000,382.0,0,0.0,0.0,,0.0,normalDay
2022-08-10,9256.0,45.0,0.0,0,419.99,0.0,1,0.47,0.02,SPY220812P00382000,382.0,0,0.0,0.0,,0.0,normalDay
2022-08-11,9256.0,46.0,0.0,0,419.99,0.0,1,0.47,0.01,SPY220812P00382000,382.0,0,0.0,0.0,,0.0,normalDay
2022-08-12,9303.0,0.0,47.0,0,427.1,0.0,1,0.47,0.0,SPY220812P00382000,382.0,0,0.0,0.0,,0.0,expirationDay
2022-08-15,9303.0,-3.0,0.0,0,428.86,0.0,1,0.24,0.27,SPY220826P00398000,398.0,0,0.0,0.0,,0.0,normalDay
2022-08-16,9303.0,0.0,0.0,0,429.7,0.0,1,0.24,0.24,SPY220826P00398000,398.0,0,0.0,0.0,,0.0,normalDay
2022-08-17,9303.0,5.0,0.0,0,426.65,0.0,1,0.24,0.19,SPY220826P00398000,398.0,0,0.0,0.0,,0.0,normalDay
2022-08-18,9303.0,12.0,0.0,0,427.89,0.0,1,0.24,0.12,SPY220826P00398000,398.0,0,0.0,0.0,,0.0,normalDay
2022-08-19,9303.0,11.0,0.0,0,422.14,0.0,1,0.24,0.13,SPY220826P00398000,398.0,0,0.0,0.0,,0.0,normalDay
2022-08-22,9303.0,-16.0,0.0,0,413.35,0.0,1,0.24,0.4,SPY220826P00398000,398.0,0,0.0,0.0,,0.0,normalDay
2022-08-23,9303.0,-12.0,0.0,0,412.35,0.0,1,0.24,0.36,SPY220826P00398000,398.0,0,0.0,0.0,,0.0,normalDay
2022-08-24,9303.0,15.0,0.0,0,413.67,0.0,1,0.24,0.09,SPY220826P00398000,398.0,0,0.0,0.0,,0.0,normalDay
2022-08-25,9303.0,20.0,0.0,0,419.51,0.0,1,0.24,0.04,SPY220826P00398000,398.0,0,0.0,0.0,,0.0,normalDay
2022-08-26,9327.0,0.0,24.0,0,405.31,0.0,1,0.24,0.0,SPY220826P00398000,398.0,0,0.0,0.0,,0.0,expirationDay
2022-08-29,9327.0,-6.0,0.0,0,402.63,0.0,1,10.22,10.28,SPY220909P00410000,410.0,0,0.0,0.0,,0.0,normalDay
2022-08-30,9327.0,-300.0,0.0,0,398.21,0.0,1,10.22,13.22,SPY220909P00410000,410.0,0,0.0,0.0,,0.0,normalDay
2022-08-31,9327.0,-513.0,0.0,0,395.18,0.0,1,10.22,15.35,SPY220909P00410000,410.0,0,0.0,0.0,,0.0,normalDay
2022-09-01,9327.0,-406.0,0.0,0,396.42,0.0,1,10.22,14.28,SPY220909P00410000,410.0,0,0.0,0.0,,0.0,normalDay
2022-09-02,9327.0,-735.0,0.0,0,392.24,0.0,1,10.22,17.57,SPY220909P00410000,410.0,0,0.0,0.0,,0.0,normalDay
2022-09-06,9327.0,-956.0,0.0,0,390.76,0.0,1,10.22,19.78,SPY220909P00410000,410.0,0,0.0,0.0,,0.0,normalDay
2022-09-07,9327.0,-249.0,0.0,0,397.78,0.0,1,10.22,12.71,SPY220909P00410000,410.0,0,0.0,0.0,,0.0,normalDay
2022-09-08,9327.0,86.0,0.0,0,400.38,0.0,1,10.22,9.36,SPY220909P00410000,410.0,0,0.0,0.0,,0.0,normalDay
2022-09-09,10349.0,-340.0,1022.0,100,406.6,410.0,1,10.22,0.0,SPY220909P00410000,410.0,0,0.0,0.0,,0.0,expirationDay
2022-09-12,10349.0,90.0,0.0,100,410.97,410.0,0,0.0,0.0,,0.0,1,9.23,9.3,SPY221028C00417000,417.0,normalDay
2022-09-13,10349.0,-1128.0,0.0,100,393.1,410.0,0,0.0,0.0,,0.0,1,9.23,3.61,SPY221028C00417000,417.0,normalDay
2022-09-14,10349.0,-975.0,0.0,100,394.6,410.0,0,0.0,0.0,,0.0,1,9.23,3.58,SPY221028C00417000,417.0,normalDay
2022-09-15,10349.0,-1328.0,0.0,100,390.12,410.0,0,0.0,0.0,,0.0,1,9.23,2.63,SPY221028C00417000,417.0,normalDay
2022-09-16,10349.0,-1721.0,0.0,100,385.56,410.0,0,0.0,0.0,,0.0,1,9.23,2.0,SPY221028C00417000,417.0,normalDay
2022-09-19,10349.0,-1445.0,0.0,100,388.55,410.0,0,0.0,0.0,,0.0,1,9.23,2.23,SPY221028C00417000,417.0,normalDay
2022-09-20,10349.0,-1835.0,0.0,100,384.09,410.0,0,0.0,0.0,,0.0,1,9.23,1.67,SPY221028C00417000,417.0,normalDay
2022-09-21,10349.0,-2436.0,0.0,100,377.39,410.0,0,0.0,0.0,,0.0,1,9.23,0.98,SPY221028C00417000,417.0,normalDay
2022-09-22,10349.0,-2722.0,0.0,100,374.22,410.0,0,0.0,0.0,,0.0,1,9.23,0.67,SPY221028C00417000,417.0,normalDay
2022-09-23,10349.0,-3323.0,0.0,100,367.95,410.0,0,0.0,0.0,,0.0,1,9.23,0.41,SPY221028C00417000,417.0,normalDay
2022-09-26,10349.0,-3679.0,0.0,100,364.31,410.0,0,0.0,0.0,,0.0,1,9.23,0.33,SPY221028C00417000,417.0,normalDay
2022-09-27,10349.0,-3764.0,0.0,100,363.38,410.0,0,0.0,0.0,,0.0,1,9.23,0.25,SPY221028C00417000,417.0,normalDay
2022-09-28,10349.0,-3064.0,0.0,100,370.53,410.0,0,0.0,0.0,,0.0,1,9.23,0.4,SPY221028C00417000,417.0,normalDay
2022-09-29,10349.0,-3817.0,0.0,100,362.79,410.0,0,0.0,0.0,,0.0,1,9.23,0.19,SPY221028C00417000,417.0,normalDay
2022-09-30,10349.0,-4371.0,0.0,100,357.18,410.0,0,0.0,0.0,,0.0,1,9.23,0.12,SPY221028C00417000,417.0,normalDay
2022-10-03,10349.0,-3433.0,0.0,100,366.61,410.0,0,0.0,0.0,,0.0,1,9.23,0.17,SPY221028C00417000,417.0,normalDay
2022-10-04,10349.0,-2325.0,0.0,100,377.97,410.0,0,0.0,0.0,,0.0,1,9.23,0.45,SPY221028C00417000,417.0,normalDay
2022-10-05,10349.0,-2401.0,0.0,100,377.09,410.0,0,0.0,0.0,,0.0,1,9.23,0.33,SPY221028C00417000,417.0,normalDay
2022-10-06,10349.0,-2781.0,0.0,100,373.2,410.0,0,0.0,0.0,,0.0,1,9.23,0.24,SPY221028C00417000,417.0,normalDay
2022-10-07,10349.0,-3807.0,0.0,100,362.79,410.0,0,0.0,0.0,,0.0,1,9.23,0.09,SPY221028C00417000,417.0,normalDay
2022-10-10,10349.0,-4081.0,0.0,100,360.02,410.0,0,0.0,0.0,,0.0,1,9.23,0.06,SPY221028C00417000,417.0,normalDay
2022-10-11,10349.0,-4309.0,0.0,100,357.74,410.0,0,0.0,0.0,,0.0,1,9.23,0.06,SPY221028C00417000,417.0,normalDay
2022-10-12,10349.0,-4427.0,0.0,100,356.56,410.0,0,0.0,0.0,,0.0,1,9.23,0.06,SPY221028C00417000,417.0,normalDay
2022-10-13,10349.0,-3491.0,0.0,100,365.97,410.0,0,0.0,0.0,,0.0,1,9.23,0.11,SPY221028C00417000,417.0,normalDay
2022-10-14,10349.0,-4318.0,0.0,100,357.63,410.0,0,0.0,0.0,,0.0,1,9.23,0.04,SPY221028C00417000,417.0,normalDay
2022-10-17,10349.0,-3400.0,0.0,100,366.82,410.0,0,0.0,0.0,,0.0,1,9.23,0.05,SPY221028C00417000,417.0,normalDay
2022-10-18,10349.0,-2970.0,0.0,100,371.13,410.0,0,0.0,0.0,,0.0,1,9.23,0.06,SPY221028C00417000,417.0,normalDay
2022-10-19,10349.0,-3230.0,0.0,100,368.5,410.0,0,0.0,0.0,,0.0,1,9.23,0.03,SPY221028C00417000,417.0,normalDay
2022-10-20,10349.0,-3538.0,0.0,100,365.41,410.0,0,0.0,0.0,,0.0,1,9.23,0.02,SPY221028C00417000,417.0,normalDay
2022-10-21,10349.0,-2651.0,0.0,100,374.29,410.0,0,0.0,0.0,,0.0,1,9.23,0.03,SPY221028C00417000,417.0,normalDay
2022-10-24,10349.0,-2192.0,0.0,100,378.87,410.0,0,0.0,0.0,,0.0,1,9.23,0.02,SPY221028C00417000,417.0,normalDay
2022-10-25,10349.0,-1587.0,0.0,100,384.92,410.0,0,0.0,0.0,,0.0,1,9.23,0.02,SPY221028C00417000,417.0,normalDay
2022-10-26,10349.0,-1876.0,0.0,100,382.02,410.0,0,0.0,0.0,,0.0,1,9.23,0.01,SPY221028C00417000,417.0,normalDay
2022-10-27,10349.0,-2080.0,0.0,100,379.98,410.0,0,0.0,0.0,,0.0,1,9.23,0.01,SPY221028C00417000,417.0,normalDay
2022-10-28,11272.0,-2098.0,923.0,100,389.02,410.0,0,0.0,0.0,,0.0,1,9.23,0.0,SPY221028C00417000,417.0,expirationDay
2022-10-31,11272.0,-2404.0,0.0,100,386.21,410.0,0,0.0,0.0,,0.0,1,19.4,19.65,SPY221216C00378000,378.0,normalDay
2022-11-01,11272.0,-2411.0,0.0,100,384.52,410.0,0,0.0,0.0,,0.0,1,19.4,18.03,SPY221216C00378000,378.0,normalDay
2022-11-02,11272.0,-2787.0,0.0,100,374.87,410.0,0,0.0,0.0,,0.0,1,19.4,12.14,SPY221216C00378000,378.0,normalDay
2022-11-03,11272.0,-2959.0,0.0,100,371.01,410.0,0,0.0,0.0,,0.0,1,19.4,10.0,SPY221216C00378000,378.0,normalDay
2022-11-04,11272.0,-2655.0,0.0,100,376.35,410.0,0,0.0,0.0,,0.0,1,19.4,12.3,SPY221216C00378000,378.0,normalDay
2022-11-07,11272.0,-2451.0,0.0,100,379.95,410.0,0,0.0,0.0,,0.0,1,19.4,13.86,SPY221216C00378000,378.0,normalDay
2022-11-08,11272.0,-2352.0,0.0,100,382.0,410.0,0,0.0,0.0,,0.0,1,19.4,14.92,SPY221216C00378000,378.0,normalDay
2022-11-09,11272.0,-2730.0,0.0,100,374.13,410.0,0,0.0,0.0,,0.0,1,19.4,10.83,SPY221216C00378000,378.0,normalDay
2022-11-10,11272.0,-1942.0,0.0,100,394.69,410.0,0,0.0,0.0,,0.0,1,19.4,23.51,SPY221216C00378000,378.0,normalDay
2022-11-11,11272.0,-1776.0,0.0,100,398.51,410.0,0,0.0,0.0,,0.0,1,19.4,25.67,SPY221216C00378000,378.0,normalDay
2022-11-14,11272.0,-1883.0,0.0,100,395.12,410.0,0,0.0,0.0,,0.0,1,19.4,23.35,SPY221216C00378000,378.0,normalDay
2022-11-15,11272.0,-1778.0,0.0,100,398.49,410.0,0,0.0,0.0,,0.0,1,19.4,25.67,SPY221216C00378000,378.0,normalDay
2022-11-16,11272.0,-1813.0,0.0,100,395.45,410.0,0,0.0,0.0,,0.0,1,19.4,22.98,SPY221216C00378000,378.0,normalDay
2022-11-17,11272.0,-1791.0,0.0,100,394.24,410.0,0,0.0,0.0,,0.0,1,19.4,21.55,SPY221216C00378000,378.0,normalDay
2022-11-18,11272.0,-1680.0,0.0,100,396.03,410.0,0,0.0,0.0,,0.0,1,19.4,22.23,SPY221216C00378000,378.0,normalDay
2022-11-21,11272.0,-1686.0,0.0,100,394.59,410.0,0,0.0,0.0,,0.0,1,19.4,20.85,SPY221216C00378000,378.0,normalDay
2022-11-22,11272.0,-1539.0,0.0,100,399.9,410.0,0,0.0,0.0,,0.0,1,19.4,24.69,SPY221216C00378000,378.0,normalDay
2022-11-23,11272.0,-1491.0,0.0,100,402.42,410.0,0,0.0,0.0,,0.0,1,19.4,26.73,SPY221216C00378000,378.0,normalDay
2022-11-25,11272.0,-1681.0,0.0,100,402.33,410.0,0,0.0,0.0,,0.0,1,19.4,28.54,SPY221216C00378000,378.0,normalDay
2022-11-28,11272.0,-1568.0,0.0,100,395.91,410.0,0,0.0,0.0,,0.0,1,19.4,20.99,SPY221216C00378000,378.0,normalDay
2022-11-29,11272.0,-1543.0,0.0,100,395.23,410.0,0,0.0,0.0,,0.0,1,19.4,20.06,SPY221216C00378000,378.0,normalDay
2022-11-30,11272.0,-1407.0,0.0,100,407.68,410.0,0,0.0,0.0,,0.0,1,19.4,31.15,SPY221216C00378000,378.0,normalDay
2022-12-01,11272.0,-1345.0,0.0,100,407.38,410.0,0,0.0,0.0,,0.0,1,19.4,30.23,SPY221216C00378000,378.0,normalDay
2022-12-02,11272.0,-1317.0,0.0,100,406.91,410.0,0,0.0,0.0,,0.0,1,19.4,29.48,SPY221216C00378000,378.0,normalDay
2022-12-05,11272.0,-1408.0,0.0,100,399.59,410.0,0,0.0,0.0,,0.0,1,19.4,23.07,SPY221216C00378000,378.0,normalDay
2022-12-06,11272.0,-1493.0,0.0,100,393.83,410.0,0,0.0,0.0,,0.0,1,19.4,18.16,SPY221216C00378000,378.0,normalDay
2022-12-07,11272.0,-1476.0,0.0,100,393.16,410.0,0,0.0,0.0,,0.0,1,19.4,17.32,SPY221216C00378000,378.0,normalDay
2022-12-08,11272.0,-1394.0,0.0,100,396.24,410.0,0,0.0,0.0,,0.0,1,19.4,19.58,SPY221216C00378000,378.0,normalDay
2022-12-09,11272.0,-1421.0,0.0,100,393.28,410.0,0,0.0,0.0,,0.0,1,19.4,16.89,SPY221216C00378000,378.0,normalDay
2022-12-12,11272.0,-1311.0,0.0,100,398.95,410.0,0,0.0,0.0,,0.0,1,19.4,21.46,SPY221216C00378000,378.0,normalDay
2022-12-13,11272.0,-1309.0,0.0,100,401.97,410.0,0,0.0,0.0,,0.0,1,19.4,24.46,SPY221216C00378000,378.0,normalDay
2022-12-14,11272.0,-1354.0,0.0,100,399.4,410.0,0,0.0,0.0,,0.0,1,19.4,22.34,SPY221216C00378000,378.0,normalDay
2022-12-15,11272.0,-1278.0,0.0,100,389.63,410.0,0,0.0,0.0,,0.0,1,19.4,11.81,SPY221216C00378000,378.0,normalDay
2022-12-16,10012.0,-1278.0,-1260.0,0,383.27,0.0,0,0.0,0.0,,0.0,1,19.4,0.0,SPY221216C00378000,378.0,expirationDay
2022-12-19,10012.0,-21.0,0.0,0,380.02,0.0,1,11.84,12.05,SPY221230P00391000,391.0,0,0.0,0.0,,0.0,normalDay
2022-12-20,10012.0,78.0,0.0,0,380.54,0.0,1,11.84,11.06,SPY221230P00391000,391.0,0,0.0,0.0,,0.0,normalDay
2022-12-21,10012.0,541.0,0.0,0,386.23,0.0,1,11.84,6.43,SPY221230P00391000,391.0,0,0.0,0.0,,0.0,normalDay
2022-12-22,10012.0,101.0,0.0,0,380.72,0.0,1,11.84,10.83,SPY221230P00391000,391.0,0,0.0,0.0,,0.0,normalDay
2022-12-23,10012.0,312.0,0.0,0,382.91,0.0,1,11.84,8.72,SPY221230P00391000,391.0,0,0.0,0.0,,0.0,normalDay
2022-12-27,10012.0,213.0,0.0,0,381.4,0.0,1,11.84,9.71,SPY221230P00391000,391.0,0,0.0,0.0,,0.0,normalDay
2022-12-28,10012.0,-248.0,0.0,0,376.66,0.0,1,11.84,14.32,SPY221230P00391000,391.0,0,0.0,0.0,,0.0,normalDay
2022-12-29,10012.0,403.0,0.0,0,383.44,0.0,1,11.84,7.81,SPY221230P00391000,391.0,0,0.0,0.0,,0.0,normalDay
2022-12-30,11196.0,-857.0,1184.0,100,382.43,391.0,1,11.84,0.0,SPY221230P00391000,391.0,0,0.0,0.0,,0.0,expirationDay
2023-01-03,11196.0,-1023.0,0.0,100,380.82,391.0,0,0.0,0.0,,0.0,1,6.74,6.79,SPY230217C00393000,393.0,normalDay
2023-01-04,11196.0,-829.0,0.0,100,383.76,391.0,0,0.0,0.0,,0.0,1,6.74,7.79,SPY230217C00393000,393.0,normalDay
2023-01-05,11196.0,-1074.0,0.0,100,379.38,391.0,0,0.0,0.0,,0.0,1,6.74,5.86,SPY230217C00393000,393.0,normalDay
2023-01-06,11196.0,-527.0,0.0,100,388.08,391.0,0,0.0,0.0,,0.0,1,6.74,9.09,SPY230217C00393000,393.0,normalDay
2023-01-09,11196.0,-529.0,0.0,100,387.86,391.0,0,0.0,0.0,,0.0,1,6.74,8.89,SPY230217C00393000,393.0,normalDay
2023-01-10,11196.0,-347.0,0.0,100,390.58,391.0,0,0.0,0.0,,0.0,1,6.74,9.79,SPY230217C00393000,393.0,normalDay
2023-01-11,11196.0,-145.0,0.0,100,395.52,391.0,0,0.0,0.0,,0.0,1,6.74,12.71,SPY230217C00393000,393.0,normalDay
2023-01-12,11196.0,24.0,0.0,100,396.96,391.0,0,0.0,0.0,,0.0,1,6.74,12.46,SPY230217C00393000,393.0,normalDay
2023-01-13,11196.0,154.0,0.0,100,398.5,391.0,0,0.0,0.0,,0.0,1,6.74,12.7,SPY230217C00393000,393.0,normalDay
2023-01-17,11196.0,130.0,0.0,100,397.77,391.0,0,0.0,0.0,,0.0,1,6.74,12.21,SPY230217C00393000,393.0,normalDay
2023-01-18,11196.0,-119.0,0.0,100,391.49,391.0,0,0.0,0.0,,0.0,1,6.74,8.42,SPY230217C00393000,393.0,normalDay
2023-01-19,11196.0,-247.0,0.0,100,388.64,391.0,0,0.0,0.0,,0.0,1,6.74,6.85,SPY230217C00393000,393.0,normalDay
2023-01-20,11196.0,121.0,0.0,100,395.88,391.0,0,0.0,0.0,,0.0,1,6.74,10.41,SPY230217C00393000,393.0,normalDay
2023-01-23,11196.0,309.0,0.0,100,400.63,391.0,0,0.0,0.0,,0.0,1,6.74,13.28,SPY230217C00393000,393.0,normalDay
2023-01-24,11196.0,231.0,0.0,100,400.2,391.0,0,0.0,0.0,,0.0,1,6.74,13.63,SPY230217C00393000,393.0,normalDay
2023-01-25,11196.0,324.0,0.0,100,400.35,391.0,0,0.0,0.0,,0.0,1,6.74,12.85,SPY230217C00393000,393.0,normalDay
2023-01-26,11196.0,458.0,0.0,100,404.75,391.0,0,0.0,0.0,,0.0,1,6.74,15.91,SPY230217C00393000,393.0,normalDay
2023-01-27,11196.0,506.0,0.0,100,405.68,391.0,0,0.0,0.0,,0.0,1,6.74,16.36,SPY230217C00393000,393.0,normalDay
2023-01-30,11196.0,318.0,0.0,100,400.59,391.0,0,0.0,0.0,,0.0,1,6.74,13.15,SPY230217C00393000,393.0,normalDay
2023-01-31,11196.0,545.0,0.0,100,406.48,391.0,0,0.0,0.0,,0.0,1,6.74,16.77,SPY230217C00393000,393.0,normalDay
2023-02-01,11196.0,570.0,0.0,100,410.8,391.0,0,0.0,0.0,,0.0,1,6.74,20.84,SPY230217C00393000,393.0,normalDay
2023-02-02,11196.0,793.0,0.0,100,416.78,391.0,0,0.0,0.0,,0.0,1,6.74,24.59,SPY230217C00393000,393.0,normalDay
2023-02-03,11196.0,704.0,0.0,100,412.35,391.0,0,0.0,0.0,,0.0,1,6.74,21.05,SPY230217C00393000,393.0,normalDay
2023-02-06,11196.0,683.0,0.0,100,409.83,391.0,0,0.0,0.0,,0.0,1,6.74,18.74,SPY230217C00393000,393.0,normalDay
2023-02-07,11196.0,827.0,0.0,100,415.19,391.0,0,0.0,0.0,,0.0,1,6.74,22.66,SPY230217C00393000,393.0,normalDay
2023-02-08,11196.0,721.0,0.0,100,410.65,391.0,0,0.0,0.0,,0.0,1,6.74,19.18,SPY230217C00393000,393.0,normalDay
2023-02-09,11196.0,667.0,0.0,100,407.09,391.0,0,0.0,0.0,,0.0,1,6.74,16.16,SPY230217C00393000,393.0,normalDay
2023-02-10,11196.0,757.0,0.0,100,408.04,391.0,0,0.0,0.0,,0.0,1,6.74,16.21,SPY230217C00393000,393.0,normalDay
2023-02-13,11196.0,795.0,0.0,100,412.83,391.0,0,0.0,0.0,,0.0,1,6.74,20.62,SPY230217C00393000,393.0,normalDay
2023-02-14,11196.0,884.0,0.0,100,412.64,391.0,0,0.0,0.0,,0.0,1,6.74,19.54,SPY230217C00393000,393.0,normalDay
2023-02-15,11196.0,828.0,0.0,100,413.98,391.0,0,0.0,0.0,,0.0,1,6.74,21.44,SPY230217C00393000,393.0,normalDay
2023-02-16,11196.0,854.0,0.0,100,408.28,391.0,0,0.0,0.0,,0.0,1,6.74,15.48,SPY230217C00393000,393.0,normalDay
2023-02-17,12070.0,854.0,874.0,0,407.26,0.0,0,0.0,0.0,,0.0,1,6.74,0.0,SPY230217C00393000,393.0,expirationDay
2023-02-21,12070.0,-7.0,0.0,0,399.09,0.0,1,6.68,6.75,SPY230303P00403000,403.0,0,0.0,0.0,,0.0,normalDay
2023-02-22,12070.0,13.0,0.0,0,398.54,0.0,1,6.68,6.55,SPY230303P00403000,403.0,0,0.0,0.0,,0.0,normalDay
2023-02-23,12070.0,159.0,0.0,0,400.66,0.0,1,6.68,5.09,SPY230303P00403000,403.0,0,0.0,0.0,,0.0,normalDay
2023-02-24,12070.0,-107.0,0.0,0,396.38,0.0,1,6.68,7.75,SPY230303P00403000,403.0,0,0.0,0.0,,0.0,normalDay
2023-02-27,12070.0,67.0,0.0,0,397.73,0.0,1,6.68,6.01,SPY230303P00403000,403.0,0,0.0,0.0,,0.0,normalDay
2023-02-28,12070.0,-72.0,0.0,0,396.26,0.0,1,6.68,7.4,SPY230303P00403000,403.0,0,0.0,0.0,,0.0,normalDay
2023-03-01,12070.0,-171.0,0.0,0,394.74,0.0,1,6.68,8.39,SPY230303P00403000,403.0,0,0.0,0.0,,0.0,normalDay
2023-03-02,12070.0,124.0,0.0,0,397.81,0.0,1,6.68,5.44,SPY230303P00403000,403.0,0,0.0,0.0,,0.0,normalDay
2023-03-03,12738.0,0.0,668.0,0,404.19,0.0,1,6.68,0.0,SPY230303P00403000,403.0,0,0.0,0.0,,0.0,expirationDay
2023-03-06,12738.0,-4.0,0.0,0,404.47,0.0,1,3.39,3.43,SPY230317P00399000,399.0,0,0.0,0.0,,0.0,normalDay
2023-03-07,12738.0,-267.0,0.0,0,398.27,0.0,1,3.39,6.06,SPY230317P00399000,399.0,0,0.0,0.0,,0.0,normalDay
2023-03-08,12738.0,-213.0,0.0,0,398.92,0.0,1,3.39,5.52,SPY230317P00399000,399.0,0,0.0,0.0,,0.0,normalDay
2023-03-09,12738.0,-749.0,0.0,0,391.56,0.0,1,3.39,10.88,SPY230317P00399000,399.0,0,0.0,0.0,,0.0,normalDay
2023-03-10,12738.0,-1166.0,0.0,0,385.91,0.0,1,3.39,15.05,SPY230317P00399000,399.0,0,0.0,0.0,,0.0,normalDay
2023-03-13,12738.0,-1181.0,0.0,0,385.36,0.0,1,3.39,15.2,SPY230317P00399000,399.0,0,0.0,0.0,,0.0,normalDay
2023-03-14,12738.0,-605.0,0.0,0,391.73,0.0,1,3.39,9.44,SPY230317P00399000,399.0,0,0.0,0.0,,0.0,normalDay
2023-03-15,12738.0,-804.0,0.0,0,389.28,0.0,1,3.39,11.43,SPY230317P00399000,399.0,0,0.0,0.0,,0.0,normalDay
2023-03-16,12738.0,-162.0,0.0,0,396.11,0.0,1,3.39,5.01,SPY230317P00399000,399.0,0,0.0,0.0,,0.0,normalDay
2023-03-17,13077.0,-901.0,339.0,100,389.99,399.0,1,3.39,0.0,SPY230317P00399000,399.0,0,0.0,0.0,,0.0,expirationDay
2023-03-20,13077.0,-535.0,0.0,100,393.74,399.0,0,0.0,0.0,,0.0,1,8.83,8.92,SPY230428C00399000,399.0,normalDay
2023-03-21,13077.0,-218.0,0.0,100,398.91,399.0,0,0.0,0.0,,0.0,1,8.83,10.92,SPY230428C00399000,399.0,normalDay
2023-03-22,13077.0,-540.0,0.0,100,392.11,399.0,0,0.0,0.0,,0.0,1,8.83,7.34,SPY230428C00399000,399.0,normalDay
2023-03-23,13077.0,-480.0,0.0,100,393.17,399.0,0,0.0,0.0,,0.0,1,8.83,7.8,SPY230428C00399000,399.0,normalDay
2023-03-24,13077.0,-315.0,0.0,100,395.75,399.0,0,0.0,0.0,,0.0,1,8.83,8.73,SPY230428C00399000,399.0,normalDay
2023-03-27,13077.0,-205.0,0.0,100,396.49,399.0,0,0.0,0.0,,0.0,1,8.83,8.37,SPY230428C00399000,399.0,normalDay
2023-03-28,13077.0,-223.0,0.0,100,395.6,399.0,0,0.0,0.0,,0.0,1,8.83,7.66,SPY230428C00399000,399.0,normalDay
2023-03-29,13077.0,83.0,0.0,100,401.35,399.0,0,0.0,0.0,,0.0,1,8.83,10.35,SPY230428C00399000,399.0,normalDay
2023-03-30,13077.0,193.0,0.0,100,403.7,399.0,0,0.0,0.0,,0.0,1,8.83,11.6,SPY230428C00399000,399.0,normalDay
2023-03-31,13077.0,350.0,0.0,100,409.39,399.0,0,0.0,0.0,,0.0,1,8.83,15.72,SPY230428C00399000,399.0,normalDay
2023-04-03,13077.0,450.0,0.0,100,410.95,399.0,0,0.0,0.0,,0.0,1,8.83,16.28,SPY230428C00399000,399.0,normalDay
2023-04-04,13077.0,404.0,0.0,100,408.67,399.0,0,0.0,0.0,,0.0,1,8.83,14.46,SPY230428C00399000,399.0,normalDay
2023-04-05,13077.0,417.0,0.0,100,407.6,399.0,0,0.0,0.0,,0.0,1,8.83,13.26,SPY230428C00399000,399.0,normalDay
2023-04-06,13077.0,500.0,0.0,100,409.19,399.0,0,0.0,0.0,,0.0,1,8.83,14.02,SPY230428C00399000,399.0,normalDay
2023-04-10,13077.0,512.0,0.0,100,409.61,399.0,0,0.0,0.0,,0.0,1,8.83,14.32,SPY230428C00399000,399.0,normalDay
2023-04-11,13077.0,542.0,0.0,100,409.72,399.0,0,0.0,0.0,,0.0,1,8.83,14.13,SPY230428C00399000,399.0,normalDay
2023-04-12,13077.0,567.0,0.0,100,408.05,399.0,0,0.0,0.0,,0.0,1,8.83,12.21,SPY230428C00399000,399.0,normalDay
2023-04-13,13077.0,692.0,0.0,100,413.47,399.0,0,0.0,0.0,,0.0,1,8.83,16.38,SPY230428C00399000,399.0,normalDay
2023-04-14,13077.0,697.0,0.0,100,412.46,399.0,0,0.0,0.0,,0.0,1,8.83,15.32,SPY230428C00399000,399.0,normalDay
2023-04-17,13077.0,739.0,0.0,100,413.94,399.0,0,0.0,0.0,,0.0,1,8.83,16.38,SPY230428C00399000,399.0,normalDay
2023-04-18,13077.0,776.0,0.0,100,414.21,399.0,0,0.0,0.0,,0.0,1,8.83,16.28,SPY230428C00399000,399.0,normalDay
2023-04-19,13077.0,772.0,0.0,100,414.14,399.0,0,0.0,0.0,,0.0,1,8.83,16.25,SPY230428C00399000,399.0,normalDay
2023-04-20,13077.0,754.0,0.0,100,411.88,399.0,0,0.0,0.0,,0.0,1,8.83,14.17,SPY230428C00399000,399.0,normalDay
2023-04-21,13077.0,815.0,0.0,100,412.2,399.0,0,0.0,0.0,,0.0,1,8.83,13.88,SPY230428C00399000,399.0,normalDay
2023-04-24,13077.0,833.0,0.0,100,412.63,399.0,0,0.0,0.0,,0.0,1,8.83,14.13,SPY230428C00399000,399.0,normalDay
2023-04-25,13077.0,689.0,0.0,100,406.08,399.0,0,0.0,0.0,,0.0,1,8.83,9.02,SPY230428C00399000,399.0,normalDay
2023-04-26,13077.0,775.0,0.0,100,404.36,399.0,0,0.0,0.0,,0.0,1,8.83,6.44,SPY230428C00399000,399.0,normalDay
2023-04-27,13077.0,790.0,0.0,100,412.41,399.0,0,0.0,0.0,,0.0,1,8.83,14.34,SPY230428C00399000,399.0,normalDay
2023-04-28,13960.0,790.0,883.0,0,415.93,0.0,0,0.0,0.0,,0.0,1,8.83,0.0,SPY230428C00399000,399.0,expirationDay
2023-05-01,13960.0,-3.0,0.0,0,415.51,0.0,1,1.62,1.65,SPY230512P00408000,408.0,0,0.0,0.0,,0.0,normalDay
2023-05-02,13960.0,-161.0,0.0,0,410.84,0.0,1,1.62,3.23,SPY230512P00408000,408.0,0,0.0,0.0,,0.0,normalDay
2023-05-03,13960.0,-225.0,0.0,0,408.02,0.0,1,1.62,3.87,SPY230512P00408000,408.0,0,0.0,0.0,,0.0,normalDay
2023-05-04,13960.0,-421.0,0.0,0,405.13,0.0,1,1.62,5.83,SPY230512P00408000,408.0,0,0.0,0.0,,0.0,normalDay
2023-05-05,13960.0,-4.0,0.0,0,412.63,0.0,1,1.62,1.66,SPY230512P00408000,408.0,0,0.0,0.0,,0.0,normalDay
2023-05-08,13960.0,55.0,0.0,0,412.74,0.0,1,1.62,1.07,SPY230512P00408000,408.0,0,0.0,0.0,,0.0,normalDay
2023-05-09,13960.0,21.0,0.0,0,410.93,0.0,1,1.62,1.41,SPY230512P00408000,408.0,0,0.0,0.0,,0.0,normalDay
2023-05-10,13960.0,122.0,0.0,0,412.85,0.0,1,1.62,0.4,SPY230512P00408000,408.0,0,0.0,0.0,,0.0,normalDay
2023-05-11,13960.0,138.0,0.0,0,412.13,0.0,1,1.62,0.24,SPY230512P00408000,408.0,0,0.0,0.0,,0.0,normalDay
2023-05-12,14122.0,0.0,162.0,0,411.59,0.0,1,1.62,0.0,SPY230512P00408000,408.0,0,0.0,0.0,,0.0,expirationDay
2023-05-15,14122.0,-3.0,0.0,0,413.01,0.0,1,2.09,2.12,SPY230526P00409000,409.0,0,0.0,0.0,,0.0,normalDay
2023-05-16,14122.0,-99.0,0.0,0,410.25,0.0,1,2.09,3.08,SPY230526P00409000,409.0,0,0.0,0.0,,0.0,normalDay
2023-05-17,14122.0,69.0,0.0,0,415.23,0.0,1,2.09,1.4,SPY230526P00409000,409.0,0,0.0,0.0,,0.0,normalDay
2023-05-18,14122.0,147.0,0.0,0,419.23,0.0,1,2.09,0.62,SPY230526P00409000,409.0,0,0.0,0.0,,0.0,normalDay
2023-05-19,14122.0,156.0,0.0,0,418.62,0.0,1,2.09,0.53,SPY230526P00409000,409.0,0,0.0,0.0,,0.0,normalDay
2023-05-22,14122.0,177.0,0.0,0,418.79,0.0,1,2.09,0.32,SPY230526P00409000,409.0,0,0.0,0.0,,0.0,normalDay
2023-05-23,14122.0,131.0,0.0,0,414.09,0.0,1,2.09,0.78,SPY230526P00409000,409.0,0,0.0,0.0,,0.0,normalDay
2023-05-24,14122.0,84.0,0.0,0,411.09,0.0,1,2.09,1.25,SPY230526P00409000,409.0,0,0.0,0.0,,0.0,normalDay
2023-05-25,14122.0,187.0,0.0,0,414.65,0.0,1,2.09,0.22,SPY230526P00409000,409.0,0,0.0,0.0,,0.0,normalDay
2023-05-26,14331.0,0.0,209.0,0,420.02,0.0,1,2.09,0.0,SPY230526P00409000,409.0,0,0.0,0.0,,0.0,expirationDay
2023-05-30,14331.0,-3.0,0.0,0,420.18,0.0,1,1.11,1.14,SPY230609P00410000,410.0,0,0.0,0.0,,0.0,normalDay
2023-05-31,14331.0,-15.0,0.0,0,417.85,0.0,1,1.11,1.26,SPY230609P00410000,410.0,0,0.0,0.0,,0.0,normalDay
2023-06-01,14331.0,69.0,0.0,0,421.82,0.0,1,1.11,0.42,SPY230609P00410000,410.0,0,0.0,0.0,,0.0,normalDay
2023-06-02,14331.0,100.0,0.0,0,427.92,0.0,1,1.11,0.11,SPY230609P00410000,410.0,0,0.0,0.0,,0.0,normalDay
2023-06-05,14331.0,105.0,0.0,0,427.1,0.0,1,1.11,0.06,SPY230609P00410000,410.0,0,0.0,0.0,,0.0,normalDay
2023-06-06,14331.0,105.0,0.0,0,428.03,0.0,1,1.11,0.06,SPY230609P00410000,410.0,0,0.0,0.0,,0.0,normalDay
2023-06-07,14331.0,107.0,0.0,0,426.55,0.0,1,1.11,0.04,SPY230609P00410000,410.0,0,0.0,0.0,,0.0,normalDay
2023-06-08,14331.0,108.0,0.0,0,429.13,0.0,1,1.11,0.03,SPY230609P00410000,410.0,0,0.0,0.0,,0.0,normalDay
2023-06-09,14442.0,0.0,111.0,0,429.9,0.0,1,1.11,0.0,SPY230609P00410000,410.0,0,0.0,0.0,,0.0,expirationDay
2023-06-12,14442.0,-3.0,0.0,0,433.8,0.0,1,0.46,0.49,SPY230623P00415000,415.0,0,0.0,0.0,,0.0,normalDay
2023-06-13,14442.0,16.0,0.0,0,436.66,0.0,1,0.46,0.3,SPY230623P00415000,415.0,0,0.0,0.0,,0.0,normalDay
2023-06-14,14442.0,29.0,0.0,0,437.18,0.0,1,0.46,0.17,SPY230623P00415000,415.0,0,0.0,0.0,,0.0,normalDay
2023-06-15,14442.0,32.0,0.0,0,442.6,0.0,1,0.46,0.14,SPY230623P00415000,415.0,0,0.0,0.0,,0.0,normalDay
2023-06-16,14442.0,41.0,0.0,0,439.46,0.0,1,0.46,0.05,SPY230623P00415000,415.0,0,0.0,0.0,,0.0,normalDay
2023-06-20,14442.0,43.0,0.0,0,437.18,0.0,1,0.46,0.03,SPY230623P00415000,415.0,0,0.0,0.0,,0.0,normalDay
2023-06-21,14442.0,44.0,0.0,0,434.94,0.0,1,0.46,0.02,SPY230623P00415000,415.0,0,0.0,0.0,,0.0,normalDay
2023-06-22,14442.0,44.0,0.0,0,436.51,0.0,1,0.46,0.02,SPY230623P00415000,415.0,0,0.0,0.0,,0.0,normalDay
2023-06-23,14488.0,0.0,46.0,0,433.21,0.0,1,0.46,0.0,SPY230623P00415000,415.0,0,0.0,0.0,,0.0,expirationDay
2023-06-26,14488.0,-3.0,0.0,0,431.44,0.0,1,0.93,0.96,SPY230707P00424000,424.0,0,0.0,0.0,,0.0,normalDay
2023-06-27,14488.0,51.0,0.0,0,436.17,0.0,1,0.93,0.42,SPY230707P00424000,424.0,0,0.0,0.0,,0.0,normalDay
2023-06-28,14488.0,65.0,0.0,0,436.39,0.0,1,0.93,0.28,SPY230707P00424000,424.0,0,0.0,0.0,,0.0,normalDay
2023-06-29,14488.0,73.0,0.0,0,438.11,0.0,1,0.93,0.2,SPY230707P00424000,424.0,0,0.0,0.0,,0.0,normalDay
2023-06-30,14488.0,85.0,0.0,0,443.28,0.0,1,0.93,0.08,SPY230707P00424000,424.0,0,0.0,0.0,,0.0,normalDay
2023-07-03,14488.0,86.0,0.0,0,443.79,0.0,1,0.93,0.07,SPY230707P00424000,424.0,0,0.0,0.0,,0.0,normalDay
2023-07-05,14488.0,89.0,0.0,0,443.13,0.0,1,0.93,0.04,SPY230707P00424000,424.0,0,0.0,0.0,,0.0,normalDay
2023-07-06,14488.0,90.0,0.0,0,439.66,0.0,1,0.93,0.03,SPY230707P00424000,424.0,0,0.0,0.0,,0.0,normalDay
2023-07-07,14581.0,0.0,93.0,0,438.55,0.0,1,0.93,0.0,SPY230707P00424000,424.0,0,0.0,0.0,,0.0,expirationDay
2023-07-10,14581.0,-3.0,0.0,0,439.66,0.0,1,1.49,1.52,SPY230721P00434000,434.0,0,0.0,0.0,,0.0,normalDay
2023-07-11,14581.0,45.0,0.0,0,442.46,0.0,1,1.49,1.04,SPY230721P00434000,434.0,0,0.0,0.0,,0.0,normalDay
2023-07-12,14581.0,117.0,0.0,0,446.02,0.0,1,1.49,0.32,SPY230721P00434000,434.0,0,0.0,0.0,,0.0,normalDay
2023-07-13,14581.0,127.0,0.0,0,449.56,0.0,1,1.49,0.22,SPY230721P00434000,434.0,0,0.0,0.0,,0.0,normalDay
2023-07-14,14581.0,135.0,0.0,0,449.28,0.0,1,1.49,0.14,SPY230721P00434000,434.0,0,0.0,0.0,,0.0,normalDay
2023-07-17,14581.0,142.0,0.0,0,450.84,0.0,1,1.49,0.07,SPY230721P00434000,434.0,0,0.0,0.0,,0.0,normalDay
2023-07-18,14581.0,143.0,0.0,0,454.19,0.0,1,1.49,0.06,SPY230721P00434000,434.0,0,0.0,0.0,,0.0,normalDay
2023-07-19,14581.0,145.0,0.0,0,455.2,0.0,1,1.49,0.04,SPY230721P00434000,434.0,0,0.0,0.0,,0.0,normalDay
2023-07-20,14581.0,145.0,0.0,0,452.18,0.0,1,1.49,0.04,SPY230721P00434000,434.0,0,0.0,0.0,,0.0,normalDay
2023-07-21,14730.0,0.0,149.0,0,452.18,0.0,1,1.49,0.0,SPY230721P00434000,434.0,0,0.0,0.0,,0.0,expirationDay
2023-07-24,14730.0,-3.0,0.0,0,454.2,0.0,1,0.4,0.43,SPY230804P00438000,438.0,0,0.0,0.0,,0.0,normalDay
2023-07-25,14730.0,5.0,0.0,0,455.44,0.0,1,0.4,0.35,SPY230804P00438000,438.0,0,0.0,0.0,,0.0,normalDay
2023-07-26,14730.0,20.0,0.0,0,455.51,0.0,1,0.4,0.2,SPY230804P00438000,438.0,0,0.0,0.0,,0.0,normalDay
2023-07-27,14730.0,3.0,0.0,0,452.49,0.0,1,0.4,0.37,SPY230804P00438000,438.0,0,0.0,0.0,,0.0,normalDay
2023-07-28,14730.0,32.0,0.0,0,456.92,0.0,1,0.4,0.08,SPY230804P00438000,438.0,0,0.0,0.0,,0.0,normalDay
2023-07-31,14730.0,33.0,0.0,0,457.79,0.0,1,0.4,0.07,SPY230804P00438000,438.0,0,0.0,0.0,,0.0,normalDay
2023-08-01,14730.0,34.0,0.0,0,456.48,0.0,1,0.4,0.06,SPY230804P00438000,438.0,0,0.0,0.0,,0.0,normalDay
2023-08-02,14730.0,27.0,0.0,0,450.13,0.0,1,0.4,0.13,SPY230804P00438000,438.0,0,0.0,0.0,,0.0,normalDay
2023-08-03,14730.0,36.0,0.0,0,448.84,0.0,1,0.4,0.04,SPY230804P00438000,438.0,0,0.0,0.0,,0.0,normalDay
2023-08-04,14770.0,0.0,40.0,0,446.81,0.0,1,0.4,0.0,SPY230804P00438000,438.0,0,0.0,0.0,,0.0,expirationDay
2023-08-07,14770.0,-3.0,0.0,0,450.71,0.0,1,2.57,2.6,SPY230818P00448000,448.0,0,0.0,0.0,,0.0,normalDay
2023-08-08,14770.0,-74.0,0.0,0,448.75,0.0,1,2.57,3.31,SPY230818P00448000,448.0,0,0.0,0.0,,0.0,normalDay
2023-08-09,14770.0,-194.0,0.0,0,445.75,0.0,1,2.57,4.51,SPY230818P00448000,448.0,0,0.0,0.0,,0.0,normalDay
2023-08-10,14770.0,-193.0,0.0,0,445.91,0.0,1,2.57,4.5,SPY230818P00448000,448.0,0,0.0,0.0,,0.0,normalDay
2023-08-11,14770.0,-140.0,0.0,0,445.65,0.0,1,2.57,3.97,SPY230818P00448000,448.0,0,0.0,0.0,,0.0,normalDay
2023-08-14,14770.0,31.0,0.0,0,448.11,0.0,1,2.57,2.26,SPY230818P00448000,448.0,0,0.0,0.0,,0.0,normalDay
2023-08-15,14770.0,-307.0,0.0,0,442.89,0.0,1,2.57,5.64,SPY230818P00448000,448.0,0,0.0,0.0,,0.0,normalDay
2023-08-16,14770.0,-570.0,0.0,0,439.64,0.0,1,2.57,8.27,SPY230818P00448000,448.0,0,0.0,0.0,,0.0,normalDay
2023-08-17,14770.0,-930.0,0.0,0,436.29,0.0,1,2.57,11.87,SPY230818P00448000,448.0,0,0.0,0.0,,0.0,normalDay
2023-08-18,15027.0,-1150.0,257.0,100,436.5,448.0,1,2.57,0.0,SPY230818P00448000,448.0,0,0.0,0.0,,0.0,expirationDay
2023-08-21,15027.0,-870.0,0.0,100,439.34,448.0,0,0.0,0.0,,0.0,1,2.84,2.88,SPY230929C00452000,452.0,normalDay
2023-08-22,15027.0,-951.0,0.0,100,438.15,448.0,0,0.0,0.0,,0.0,1,2.84,2.5,SPY230929C00452000,452.0,normalDay
2023-08-23,15027.0,-583.0,0.0,100,443.03,448.0,0,0.0,0.0,,0.0,1,2.84,3.7,SPY230929C00452000,452.0,normalDay
2023-08-24,15027.0,-1022.0,0.0,100,436.89,448.0,0,0.0,0.0,,0.0,1,2.84,1.95,SPY230929C00452000,452.0,normalDay
2023-08-25,15027.0,-751.0,0.0,100,439.97,448.0,0,0.0,0.0,,0.0,1,2.84,2.32,SPY230929C00452000,452.0,normalDay
2023-08-28,15027.0,-521.0,0.0,100,442.76,448.0,0,0.0,0.0,,0.0,1,2.84,2.81,SPY230929C00452000,452.0,normalDay
2023-08-29,15027.0,-118.0,0.0,100,449.16,448.0,0,0.0,0.0,,0.0,1,2.84,5.18,SPY230929C00452000,452.0,normalDay
2023-08-30,15027.0,13.0,0.0,100,451.01,448.0,0,0.0,0.0,,0.0,1,2.84,5.72,SPY230929C00452000,452.0,normalDay
2023-08-31,15027.0,-1.0,0.0,100,450.35,448.0,0,0.0,0.0,,0.0,1,2.84,5.2,SPY230929C00452000,452.0,normalDay
2023-09-01,15027.0,108.0,0.0,100,451.19,448.0,0,0.0,0.0,,0.0,1,2.84,4.95,SPY230929C00452000,452.0,normalDay
2023-09-05,15027.0,14.0,0.0,100,449.24,448.0,0,0.0,0.0,,0.0,1,2.84,3.94,SPY230929C00452000,452.0,normalDay
2023-09-06,15027.0,-150.0,0.0,100,446.22,448.0,0,0.0,0.0,,0.0,1,2.84,2.56,SPY230929C00452000,452.0,normalDay
2023-09-07,15027.0,-232.0,0.0,100,444.85,448.0,0,0.0,0.0,,0.0,1,2.84,2.01,SPY230929C00452000,452.0,normalDay
2023-09-08,15027.0,-163.0,0.0,100,445.52,448.0,0,0.0,0.0,,0.0,1,2.84,1.99,SPY230929C00452000,452.0,normalDay
2023-09-11,15027.0,63.0,0.0,100,448.45,448.0,0,0.0,0.0,,0.0,1,2.84,2.66,SPY230929C00452000,452.0,normalDay
2023-09-12,15027.0,-102.0,0.0,100,445.99,448.0,0,0.0,0.0,,0.0,1,2.84,1.85,SPY230929C00452000,452.0,normalDay
2023-09-13,15027.0,-27.0,0.0,100,446.51,448.0,0,0.0,0.0,,0.0,1,2.84,1.62,SPY230929C00452000,452.0,normalDay
2023-09-14,15027.0,260.0,0.0,100,450.36,448.0,0,0.0,0.0,,0.0,1,2.84,2.6,SPY230929C00452000,452.0,normalDay
2023-09-15,15027.0,-268.0,0.0,100,443.37,448.0,0,0.0,0.0,,0.0,1,2.84,0.89,SPY230929C00452000,452.0,normalDay
2023-09-18,15027.0,-235.0,0.0,100,443.63,448.0,0,0.0,0.0,,0.0,1,2.84,0.82,SPY230929C00452000,452.0,normalDay
2023-09-19,15027.0,-306.0,0.0,100,442.71,448.0,0,0.0,0.0,,0.0,1,2.84,0.61,SPY230929C00452000,452.0,normalDay
2023-09-20,15027.0,-669.0,0.0,100,438.64,448.0,0,0.0,0.0,,0.0,1,2.84,0.17,SPY230929C00452000,452.0,normalDay
2023-09-21,15027.0,-1381.0,0.0,100,431.39,448.0,0,0.0,0.0,,0.0,1,2.84,0.04,SPY230929C00452000,452.0,normalDay
2023-09-22,15027.0,-1476.0,0.0,100,430.42,448.0,0,0.0,0.0,,0.0,1,2.84,0.02,SPY230929C00452000,452.0,normalDay
2023-09-25,15027.0,-1295.0,0.0,100,432.23,448.0,0,0.0,0.0,,0.0,1,2.84,0.02,SPY230929C00452000,452.0,normalDay
2023-09-26,15027.0,-1929.0,0.0,100,425.88,448.0,0,0.0,0.0,,0.0,1,2.84,0.01,SPY230929C00452000,452.0,normalDay
2023-09-27,15027.0,-1912.0,0.0,100,426.05,448.0,0,0.0,0.0,,0.0,1,2.84,0.01,SPY230929C00452000,452.0,normalDay
2023-09-28,15027.0,-1665.0,0.0,100,428.52,448.0,0,0.0,0.0,,0.0,1,2.84,0.01,SPY230929C00452000,452.0,normalDay
2023-09-29,15311.0,-2052.0,284.0,100,427.48,448.0,0,0.0,0.0,,0.0,1,2.84,0.0,SPY230929C00452000,452.0,expirationDay
2023-10-02,15311.0,-2072.0,0.0,100,427.31,448.0,0,0.0,0.0,,0.0,1,3.38,3.41,SPY231117C00444000,444.0,normalDay
2023-10-03,15311.0,-2544.0,0.0,100,421.59,448.0,0,0.0,0.0,,0.0,1,3.38,2.41,SPY231117C00444000,444.0,normalDay
2023-10-04,15311.0,-2266.0,0.0,100,424.66,448.0,0,0.0,0.0,,0.0,1,3.38,2.7,SPY231117C00444000,444.0,normalDay
2023-10-05,15311.0,-2255.0,0.0,100,424.5,448.0,0,0.0,0.0,,0.0,1,3.38,2.43,SPY231117C00444000,444.0,normalDay
2023-10-06,15311.0,-1884.0,0.0,100,429.54,448.0,0,0.0,0.0,,0.0,1,3.38,3.76,SPY231117C00444000,444.0,normalDay
2023-10-09,15311.0,-1678.0,0.0,100,432.29,448.0,0,0.0,0.0,,0.0,1,3.38,4.45,SPY231117C00444000,444.0,normalDay
2023-10-10,15311.0,-1495.0,0.0,100,434.54,448.0,0,0.0,0.0,,0.0,1,3.38,4.87,SPY231117C00444000,444.0,normalDay
2023-10-11,15311.0,-1369.0,0.0,100,436.32,448.0,0,0.0,0.0,,0.0,1,3.38,5.39,SPY231117C00444000,444.0,normalDay
2023-10-12,15311.0,-1494.0,0.0,100,433.66,448.0,0,0.0,0.0,,0.0,1,3.38,3.98,SPY231117C00444000,444.0,normalDay
2023-10-13,15311.0,-1647.0,0.0,100,431.5,448.0,0,0.0,0.0,,0.0,1,3.38,3.35,SPY231117C00444000,444.0,normalDay
2023-10-16,15311.0,-1313.0,0.0,100,436.04,448.0,0,0.0,0.0,,0.0,1,3.38,4.55,SPY231117C00444000,444.0,normalDay
2023-10-17,15311.0,-1301.0,0.0,100,436.02,448.0,0,0.0,0.0,,0.0,1,3.38,4.41,SPY231117C00444000,444.0,normalDay
2023-10-18,15311.0,-1723.0,0.0,100,430.21,448.0,0,0.0,0.0,,0.0,1,3.38,2.82,SPY231117C00444000,444.0,normalDay
2023-10-19,15311.0,-1999.0,0.0,100,426.43,448.0,0,0.0,0.0,,0.0,1,3.38,1.8,SPY231117C00444000,444.0,normalDay
2023-10-20,15311.0,-2442.0,0.0,100,421.19,448.0,0,0.0,0.0,,0.0,1,3.38,0.99,SPY231117C00444000,444.0,normalDay
2023-10-23,15311.0,-2489.0,0.0,100,420.46,448.0,0,0.0,0.0,,0.0,1,3.38,0.73,SPY231117C00444000,444.0,normalDay
2023-10-24,15311.0,-2184.0,0.0,100,423.63,448.0,0,0.0,0.0,,0.0,1,3.38,0.85,SPY231117C00444000,444.0,normalDay
2023-10-25,15311.0,-2742.0,0.0,100,417.55,448.0,0,0.0,0.0,,0.0,1,3.38,0.35,SPY231117C00444000,444.0,normalDay
2023-10-26,15311.0,-3225.0,0.0,100,412.55,448.0,0,0.0,0.0,,0.0,1,3.38,0.18,SPY231117C00444000,444.0,normalDay
2023-10-27,15311.0,-3405.0,0.0,100,410.68,448.0,0,0.0,0.0,,0.0,1,3.38,0.11,SPY231117C00444000,444.0,normalDay
2023-10-30,15311.0,-2917.0,0.0,100,415.59,448.0,0,0.0,0.0,,0.0,1,3.38,0.14,SPY231117C00444000,444.0,normalDay
2023-10-31,15311.0,-2654.0,0.0,100,418.2,448.0,0,0.0,0.0,,0.0,1,3.38,0.12,SPY231117C00444000,444.0,normalDay
2023-11-01,15311.0,-2217.0,0.0,100,422.66,448.0,0,0.0,0.0,,0.0,1,3.38,0.21,SPY231117C00444000,444.0,normalDay
2023-11-02,15311.0,-1449.0,0.0,100,430.76,448.0,0,0.0,0.0,,0.0,1,3.38,0.63,SPY231117C00444000,444.0,normalDay
2023-11-03,15311.0,-1108.0,0.0,100,434.69,448.0,0,0.0,0.0,,0.0,1,3.38,1.15,SPY231117C00444000,444.0,normalDay
2023-11-06,15311.0,-986.0,0.0,100,435.69,448.0,0,0.0,0.0,,0.0,1,3.38,0.93,SPY231117C00444000,444.0,normalDay
2023-11-07,15311.0,-883.0,0.0,100,436.93,448.0,0,0.0,0.0,,0.0,1,3.38,1.14,SPY231117C00444000,444.0,normalDay
2023-11-08,15311.0,-833.0,0.0,100,437.25,448.0,0,0.0,0.0,,0.0,1,3.38,0.96,SPY231117C00444000,444.0,normalDay
2023-11-09,15311.0,-1118.0,0.0,100,433.84,448.0,0,0.0,0.0,,0.0,1,3.38,0.4,SPY231117C00444000,444.0,normalDay
2023-11-10,15311.0,-560.0,0.0,100,440.61,448.0,0,0.0,0.0,,0.0,1,3.38,1.59,SPY231117C00444000,444.0,normalDay
2023-11-13,15311.0,-579.0,0.0,100,440.19,448.0,0,0.0,0.0,,0.0,1,3.38,1.36,SPY231117C00444000,444.0,normalDay
2023-11-14,15311.0,-189.0,0.0,100,448.73,448.0,0,0.0,0.0,,0.0,1,3.38,6.0,SPY231117C00444000,444.0,normalDay
2023-11-15,15311.0,-79.0,0.0,100,449.68,448.0,0,0.0,0.0,,0.0,1,3.38,5.85,SPY231117C00444000,444.0,normalDay
2023-11-16,15311.0,-82.0,0.0,100,450.23,448.0,0,0.0,0.0,,0.0,1,3.38,6.43,SPY231117C00444000,444.0,normalDay
2023-11-17,15249.0,-82.0,-62.0,0,450.79,0.0,0,0.0,0.0,,0.0,1,3.38,0.0,SPY231117C00444000,444.0,expirationDay
2023-11-20,15249.0,-3.0,0.0,0,454.26,0.0,1,0.07,0.1,SPY231201P00421000,421.0,0,0.0,0.0,,0.0,normalDay
2023-11-21,15249.0,-3.0,0.0,0,453.27,0.0,1,0.07,0.1,SPY231201P00421000,421.0,0,0.0,0.0,,0.0,normalDay
2023-11-22,15249.0,1.0,0.0,0,455.02,0.0,1,0.07,0.06,SPY231201P00421000,421.0,0,0.0,0.0,,0.0,normalDay
2023-11-24,15249.0,3.0,0.0,0,455.3,0.0,1,0.07,0.04,SPY231201P00421000,421.0,0,0.0,0.0,,0.0,normalDay
2023-11-27,15249.0,4.0,0.0,0,454.48,0.0,1,0.07,0.03,SPY231201P00421000,421.0,0,0.0,0.0,,0.0,normalDay
2023-11-28,15249.0,4.0,0.0,0,454.93,0.0,1,0.07,0.03,SPY231201P00421000,421.0,0,0.0,0.0,,0.0,normalDay
2023-11-29,15249.0,5.0,0.0,0,454.61,0.0,1,0.07,0.02,SPY231201P00421000,421.0,0,0.0,0.0,,0.0,normalDay
2023-11-30,15249.0,6.0,0.0,0,456.4,0.0,1,0.07,0.01,SPY231201P00421000,421.0,0,0.0,0.0,,0.0,normalDay
