date,totalCapital,unrializedPnL,rializedPnL,stocksOwned,stocksPriceToday,stocksPriceBoughtAt,putOwned,putOwnedSoldAt,putPriceToday,putOwnedContract,putOwnedStrike,callOwned,callOwnedSoldAt,callPriceToday,callOwnedContract,callOwnedStrike,trackType
2018-11-01,0.0,-9.0,0.0,0,273.51,0.0,1,4.1,4.19,SPY190315P00245000,245.0,0,0.0,0.0,,0.0,normalDay
2018-11-02,0.0,-32.0,0.0,0,271.89,0.0,1,4.1,4.42,SPY190315P00245000,245.0,0,0.0,0.0,,0.0,normalDay
2018-11-05,0.0,6.0,0.0,0,273.39,0.0,1,4.1,4.04,SPY190315P00245000,245.0,0,0.0,0.0,,0.0,normalDay
2018-11-06,0.0,43.0,0.0,0,275.12,0.0,1,4.1,3.67,SPY190315P00245000,245.0,0,0.0,0.0,,0.0,normalDay
2018-11-07,0.0,153.0,0.0,0,281.01,0.0,1,4.1,2.57,SPY190315P00245000,245.0,0,0.0,0.0,,0.0,normalDay
2018-11-08,0.0,154.0,0.0,0,280.5,0.0,1,4.1,2.56,SPY190315P00245000,245.0,0,0.0,0.0,,0.0,normalDay
2018-11-09,0.0,104.0,0.0,0,277.76,0.0,1,4.1,3.06,SPY190315P00245000,245.0,0,0.0,0.0,,0.0,normalDay
2018-11-12,0.0,8.0,0.0,0,272.57,0.0,1,4.1,4.02,SPY190315P00245000,245.0,0,0.0,0.0,,0.0,normalDay
2018-11-13,0.0,-11.0,0.0,0,272.06,0.0,1,4.1,4.21,SPY190315P00245000,245.0,0,0.0,0.0,,0.0,normalDay
2018-11-14,0.0,-62.0,0.0,0,270.2,0.0,1,4.1,4.72,SPY190315P00245000,245.0,0,0.0,0.0,,0.0,normalDay
2018-11-15,0.0,7.0,0.0,0,273.02,0.0,1,4.1,4.03,SPY190315P00245000,245.0,0,0.0,0.0,,0.0,normalDay
2018-11-16,0.0,52.0,0.0,0,273.73,0.0,1,4.1,3.58,SPY190315P00245000,245.0,0,0.0,0.0,,0.0,normalDay
2018-11-19,0.0,-40.0,0.0,0,269.1,0.0,1,4.1,4.5,SPY190315P00245000,245.0,0,0.0,0.0,,0.0,normalDay
2018-11-20,0.0,-180.0,0.0,0,264.12,0.0,1,4.1,5.9,SPY190315P00245000,245.0,0,0.0,0.0,,0.0,normalDay
2018-11-21,0.0,-124.0,0.0,0,265.02,0.0,1,4.1,5.34,SPY190315P00245000,245.0,0,0.0,0.0,,0.0,normalDay
2018-11-23,0.0,-165.0,0.0,0,263.25,0.0,1,4.1,5.75,SPY190315P00245000,245.0,0,0.0,0.0,,0.0,normalDay
2018-11-26,0.0,-7.0,0.0,0,267.5,0.0,1,4.1,4.17,SPY190315P00245000,245.0,0,0.0,0.0,,0.0,normalDay
2018-11-27,0.0,6.0,0.0,0,268.4,0.0,1,4.1,4.04,SPY190315P00245000,245.0,0,0.0,0.0,,0.0,normalDay
2018-11-28,0.0,106.0,0.0,0,274.58,0.0,1,4.1,3.04,SPY190315P00245000,245.0,0,0.0,0.0,,0.0,normalDay
2018-11-29,0.0,92.0,0.0,0,273.98,0.0,1,4.1,3.18,SPY190315P00245000,245.0,0,0.0,0.0,,0.0,normalDay
2018-11-30,0.0,128.0,0.0,0,275.65,0.0,1,4.1,2.82,SPY190315P00245000,245.0,0,0.0,0.0,,0.0,normalDay
2018-12-03,0.0,191.0,0.0,0,279.3,0.0,1,4.1,2.19,SPY190315P00245000,245.0,0,0.0,0.0,,0.0,normalDay
2018-12-04,0.0,24.0,0.0,0,270.25,0.0,1,4.1,3.86,SPY190315P00245000,245.0,0,0.0,0.0,,0.0,normalDay
2018-12-06,0.0,18.0,0.0,0,269.84,0.0,1,4.1,3.92,SPY190315P00245000,245.0,0,0.0,0.0,,0.0,normalDay
2018-12-07,0.0,-134.0,0.0,0,263.57,0.0,1,4.1,5.44,SPY190315P00245000,245.0,0,0.0,0.0,,0.0,normalDay
2018-12-10,0.0,-87.0,0.0,0,264.07,0.0,1,4.1,4.97,SPY190315P00245000,245.0,0,0.0,0.0,,0.0,normalDay
2018-12-11,0.0,-76.0,0.0,0,264.13,0.0,1,4.1,4.86,SPY190315P00245000,245.0,0,0.0,0.0,,0.0,normalDay
2018-12-12,0.0,-49.0,0.0,0,265.46,0.0,1,4.1,4.59,SPY190315P00245000,245.0,0,0.0,0.0,,0.0,normalDay
2018-12-13,0.0,-29.0,0.0,0,265.37,0.0,1,4.1,4.39,SPY190315P00245000,245.0,0,0.0,0.0,,0.0,normalDay
2018-12-14,0.0,-138.0,0.0,0,260.47,0.0,1,4.1,5.48,SPY190315P00245000,245.0,0,0.0,0.0,,0.0,normalDay
2018-12-17,0.0,-293.0,0.0,0,255.36,0.0,1,4.1,7.03,SPY190315P00245000,245.0,0,0.0,0.0,,0.0,normalDay
2018-12-18,0.0,-328.0,0.0,0,255.08,0.0,1,4.1,7.38,SPY190315P00245000,245.0,0,0.0,0.0,,0.0,normalDay
2018-12-19,0.0,-401.0,0.0,0,251.26,0.0,1,4.1,8.11,SPY190315P00245000,245.0,0,0.0,0.0,,0.0,normalDay
2018-12-20,0.0,-581.0,0.0,0,247.17,0.0,1,4.1,9.91,SPY190315P00245000,245.0,0,0.0,0.0,,0.0,normalDay
2018-12-21,0.0,-885.0,0.0,0,240.7,0.0,1,4.1,12.95,SPY190315P00245000,245.0,0,0.0,0.0,,0.0,normalDay
2018-12-24,0.0,-1361.0,0.0,0,234.34,0.0,1,4.1,17.71,SPY190315P00245000,245.0,0,0.0,0.0,,0.0,normalDay
2018-12-26,0.0,-576.0,0.0,0,246.18,0.0,1,4.1,9.86,SPY190315P00245000,245.0,0,0.0,0.0,,0.0,normalDay
2018-12-27,0.0,-524.0,0.0,0,248.07,0.0,1,4.1,9.34,SPY190315P00245000,245.0,0,0.0,0.0,,0.0,normalDay
2018-12-28,0.0,-525.0,0.0,0,247.75,0.0,1,4.1,9.35,SPY190315P00245000,245.0,0,0.0,0.0,,0.0,normalDay
2018-12-31,0.0,-368.0,0.0,0,249.92,0.0,1,4.1,7.78,SPY190315P00245000,245.0,0,0.0,0.0,,0.0,normalDay
2019-01-02,0.0,-292.0,0.0,0,250.18,0.0,1,4.1,7.02,SPY190315P00245000,245.0,0,0.0,0.0,,0.0,normalDay
2019-01-03,0.0,-583.0,0.0,0,244.21,0.0,1,4.1,9.93,SPY190315P00245000,245.0,0,0.0,0.0,,0.0,normalDay
2019-01-04,0.0,-192.0,0.0,0,252.39,0.0,1,4.1,6.02,SPY190315P00245000,245.0,0,0.0,0.0,,0.0,normalDay
2019-01-07,0.0,-123.0,0.0,0,254.38,0.0,1,4.1,5.33,SPY190315P00245000,245.0,0,0.0,0.0,,0.0,normalDay
2019-01-08,0.0,-38.0,0.0,0,256.77,0.0,1,4.1,4.48,SPY190315P00245000,245.0,0,0.0,0.0,,0.0,normalDay
2019-01-09,0.0,8.0,0.0,0,257.97,0.0,1,4.1,4.02,SPY190315P00245000,245.0,0,0.0,0.0,,0.0,normalDay
2019-01-10,0.0,42.0,0.0,0,258.88,0.0,1,4.1,3.68,SPY190315P00245000,245.0,0,0.0,0.0,,0.0,normalDay
2019-01-11,0.0,76.0,0.0,0,258.98,0.0,1,4.1,3.34,SPY190315P00245000,245.0,0,0.0,0.0,,0.0,normalDay
2019-01-14,0.0,59.0,0.0,0,257.4,0.0,1,4.1,3.51,SPY190315P00245000,245.0,0,0.0,0.0,,0.0,normalDay
2019-01-15,0.0,133.0,0.0,0,260.35,0.0,1,4.1,2.77,SPY190315P00245000,245.0,0,0.0,0.0,,0.0,normalDay
2019-01-16,0.0,147.0,0.0,0,260.98,0.0,1,4.1,2.63,SPY190315P00245000,245.0,0,0.0,0.0,,0.0,normalDay
2019-01-17,0.0,187.0,0.0,0,262.96,0.0,1,4.1,2.23,SPY190315P00245000,245.0,0,0.0,0.0,,0.0,normalDay
2019-01-18,0.0,232.0,0.0,0,266.46,0.0,1,4.1,1.78,SPY190315P00245000,245.0,0,0.0,0.0,,0.0,normalDay
2019-01-22,0.0,159.0,0.0,0,262.86,0.0,1,4.1,2.51,SPY190315P00245000,245.0,0,0.0,0.0,,0.0,normalDay
2019-01-23,0.0,174.0,0.0,0,263.41,0.0,1,4.1,2.36,SPY190315P00245000,245.0,0,0.0,0.0,,0.0,normalDay
2019-01-24,0.0,194.0,0.0,0,263.55,0.0,1,4.1,2.16,SPY190315P00245000,245.0,0,0.0,0.0,,0.0,normalDay
2019-01-25,0.0,253.0,0.0,0,265.78,0.0,1,4.1,1.57,SPY190315P00245000,245.0,0,0.0,0.0,,0.0,normalDay
2019-01-28,0.0,220.0,0.0,0,263.76,0.0,1,4.1,1.9,SPY190315P00245000,245.0,0,0.0,0.0,,0.0,normalDay
2019-01-29,0.0,216.0,0.0,0,263.41,0.0,1,4.1,1.94,SPY190315P00245000,245.0,0,0.0,0.0,,0.0,normalDay
2019-01-30,0.0,287.0,0.0,0,267.58,0.0,1,4.1,1.23,SPY190315P00245000,245.0,0,0.0,0.0,,0.0,normalDay
2019-01-31,0.0,324.0,0.0,0,269.93,0.0,1,4.1,0.86,SPY190315P00245000,245.0,0,0.0,0.0,,0.0,normalDay
2019-02-01,0.0,330.0,0.0,0,270.06,0.0,1,4.1,0.8,SPY190315P00245000,245.0,0,0.0,0.0,,0.0,normalDay
2019-02-04,0.0,350.0,0.0,0,271.96,0.0,1,4.1,0.6,SPY190315P00245000,245.0,0,0.0,0.0,,0.0,normalDay
2019-02-05,0.0,353.0,0.0,0,273.1,0.0,1,4.1,0.57,SPY190315P00245000,245.0,0,0.0,0.0,,0.0,normalDay
2019-02-06,0.0,355.0,0.0,0,272.74,0.0,1,4.1,0.55,SPY190315P00245000,245.0,0,0.0,0.0,,0.0,normalDay
2019-02-07,0.0,339.0,0.0,0,270.14,0.0,1,4.1,0.71,SPY190315P00245000,245.0,0,0.0,0.0,,0.0,normalDay
2019-02-08,0.0,349.0,0.0,0,270.47,0.0,1,4.1,0.61,SPY190315P00245000,245.0,0,0.0,0.0,,0.0,normalDay
2019-02-11,0.0,358.0,0.0,0,270.62,0.0,1,4.1,0.52,SPY190315P00245000,245.0,0,0.0,0.0,,0.0,normalDay
2019-02-12,0.0,373.0,0.0,0,274.1,0.0,1,4.1,0.37,SPY190315P00245000,245.0,0,0.0,0.0,,0.0,normalDay
2019-02-13,0.0,375.0,0.0,0,274.99,0.0,1,4.1,0.35,SPY190315P00245000,245.0,0,0.0,0.0,,0.0,normalDay
2019-02-14,0.0,371.0,0.0,0,274.38,0.0,1,4.1,0.39,SPY190315P00245000,245.0,0,0.0,0.0,,0.0,normalDay
2019-02-15,0.0,383.0,0.0,0,277.37,0.0,1,4.1,0.27,SPY190315P00245000,245.0,0,0.0,0.0,,0.0,normalDay
2019-02-19,0.0,391.0,0.0,0,277.85,0.0,1,4.1,0.19,SPY190315P00245000,245.0,0,0.0,0.0,,0.0,normalDay
2019-02-20,0.0,395.0,0.0,0,278.41,0.0,1,4.1,0.15,SPY190315P00245000,245.0,0,0.0,0.0,,0.0,normalDay
2019-02-21,0.0,395.0,0.0,0,277.42,0.0,1,4.1,0.15,SPY190315P00245000,245.0,0,0.0,0.0,,0.0,normalDay
2019-02-22,0.0,400.0,0.0,0,279.14,0.0,1,4.1,0.1,SPY190315P00245000,245.0,0,0.0,0.0,,0.0,normalDay
2019-02-25,0.0,396.0,0.0,0,279.52,0.0,1,4.1,0.14,SPY190315P00245000,245.0,0,0.0,0.0,,0.0,normalDay
2019-02-26,0.0,398.0,0.0,0,279.32,0.0,1,4.1,0.12,SPY190315P00245000,245.0,0,0.0,0.0,,0.0,normalDay
2019-02-27,0.0,399.0,0.0,0,279.2,0.0,1,4.1,0.11,SPY190315P00245000,245.0,0,0.0,0.0,,0.0,normalDay
2019-02-28,0.0,399.0,0.0,0,278.68,0.0,1,4.1,0.11,SPY190315P00245000,245.0,0,0.0,0.0,,0.0,normalDay
2019-03-01,0.0,404.0,0.0,0,280.42,0.0,1,4.1,0.06,SPY190315P00245000,245.0,0,0.0,0.0,,0.0,normalDay
2019-03-04,0.0,404.0,0.0,0,279.4,0.0,1,4.1,0.06,SPY190315P00245000,245.0,0,0.0,0.0,,0.0,normalDay
2019-03-05,0.0,405.0,0.0,0,279.02,0.0,1,4.1,0.05,SPY190315P00245000,245.0,0,0.0,0.0,,0.0,normalDay
2019-03-06,0.0,404.0,0.0,0,277.33,0.0,1,4.1,0.06,SPY190315P00245000,245.0,0,0.0,0.0,,0.0,normalDay
2019-03-07,0.0,404.0,0.0,0,275.01,0.0,1,4.1,0.06,SPY190315P00245000,245.0,0,0.0,0.0,,0.0,normalDay
2019-03-08,0.0,407.0,0.0,0,274.46,0.0,1,4.1,0.03,SPY190315P00245000,245.0,0,0.0,0.0,,0.0,normalDay
2019-03-11,0.0,408.0,0.0,0,278.44,0.0,1,4.1,0.02,SPY190315P00245000,245.0,0,0.0,0.0,,0.0,normalDay
2019-03-12,0.0,409.0,0.0,0,279.49,0.0,1,4.1,0.01,SPY190315P00245000,245.0,0,0.0,0.0,,0.0,normalDay
2019-03-13,0.0,409.0,0.0,0,281.34,0.0,1,4.1,0.01,SPY190315P00245000,245.0,0,0.0,0.0,,0.0,normalDay
2019-03-14,0.0,409.0,0.0,0,281.16,0.0,1,4.1,0.01,SPY190315P00245000,245.0,0,0.0,0.0,,0.0,normalDay
2019-03-15,410.0,0.0,410.0,0,281.31,0.0,1,4.1,0.0,SPY190315P00245000,245.0,0,0.0,0.0,,0.0,expirationDay
2019-03-18,410.0,-4.0,0.0,0,282.33,0.0,1,4.81,4.85,SPY190719P00271000,271.0,0,0.0,0.0,,0.0,normalDay
2019-03-19,410.0,-22.0,0.0,0,282.4,0.0,1,4.81,5.03,SPY190719P00271000,271.0,0,0.0,0.0,,0.0,normalDay
2019-03-20,410.0,-47.0,0.0,0,281.55,0.0,1,4.81,5.28,SPY190719P00271000,271.0,0,0.0,0.0,,0.0,normalDay
2019-03-21,410.0,31.0,0.0,0,284.73,0.0,1,4.81,4.5,SPY190719P00271000,271.0,0,0.0,0.0,,0.0,normalDay
2019-03-22,410.0,-147.0,0.0,0,279.25,0.0,1,4.81,6.28,SPY190719P00271000,271.0,0,0.0,0.0,,0.0,normalDay
2019-03-25,410.0,-167.0,0.0,0,279.04,0.0,1,4.81,6.48,SPY190719P00271000,271.0,0,0.0,0.0,,0.0,normalDay
2019-03-26,410.0,-81.0,0.0,0,281.12,0.0,1,4.81,5.62,SPY190719P00271000,271.0,0,0.0,0.0,,0.0,normalDay
2019-03-27,410.0,-122.0,0.0,0,279.65,0.0,1,4.81,6.03,SPY190719P00271000,271.0,0,0.0,0.0,,0.0,normalDay
2019-03-28,410.0,-71.0,0.0,0,280.71,0.0,1,4.81,5.52,SPY190719P00271000,271.0,0,0.0,0.0,,0.0,normalDay
2019-03-29,410.0,-7.0,0.0,0,282.48,0.0,1,4.81,4.88,SPY190719P00271000,271.0,0,0.0,0.0,,0.0,normalDay
2019-04-01,410.0,76.0,0.0,0,285.83,0.0,1,4.81,4.05,SPY190719P00271000,271.0,0,0.0,0.0,,0.0,normalDay
2019-04-02,410.0,84.0,0.0,0,285.97,0.0,1,4.81,3.97,SPY190719P00271000,271.0,0,0.0,0.0,,0.0,normalDay
2019-04-03,410.0,97.0,0.0,0,286.42,0.0,1,4.81,3.84,SPY190719P00271000,271.0,0,0.0,0.0,,0.0,normalDay
2019-04-04,410.0,115.0,0.0,0,287.18,0.0,1,4.81,3.66,SPY190719P00271000,271.0,0,0.0,0.0,,0.0,normalDay
2019-04-05,410.0,156.0,0.0,0,288.57,0.0,1,4.81,3.25,SPY190719P00271000,271.0,0,0.0,0.0,,0.0,normalDay
2019-04-08,410.0,161.0,0.0,0,288.79,0.0,1,4.81,3.2,SPY190719P00271000,271.0,0,0.0,0.0,,0.0,normalDay
2019-04-09,410.0,110.0,0.0,0,287.31,0.0,1,4.81,3.71,SPY190719P00271000,271.0,0,0.0,0.0,,0.0,normalDay
2019-04-10,410.0,156.0,0.0,0,288.29,0.0,1,4.81,3.25,SPY190719P00271000,271.0,0,0.0,0.0,,0.0,normalDay
2019-04-11,410.0,160.0,0.0,0,288.21,0.0,1,4.81,3.21,SPY190719P00271000,271.0,0,0.0,0.0,,0.0,normalDay
2019-04-12,410.0,218.0,0.0,0,290.16,0.0,1,4.81,2.63,SPY190719P00271000,271.0,0,0.0,0.0,,0.0,normalDay
2019-04-15,410.0,224.0,0.0,0,289.97,0.0,1,4.81,2.57,SPY190719P00271000,271.0,0,0.0,0.0,,0.0,normalDay
2019-04-16,410.0,228.0,0.0,0,290.16,0.0,1,4.81,2.53,SPY190719P00271000,271.0,0,0.0,0.0,,0.0,normalDay
2019-04-17,410.0,213.0,0.0,0,289.45,0.0,1,4.81,2.68,SPY190719P00271000,271.0,0,0.0,0.0,,0.0,normalDay
2019-04-18,410.0,229.0,0.0,0,290.02,0.0,1,4.81,2.52,SPY190719P00271000,271.0,0,0.0,0.0,,0.0,normalDay
2019-04-22,410.0,244.0,0.0,0,290.27,0.0,1,4.81,2.37,SPY190719P00271000,271.0,0,0.0,0.0,,0.0,normalDay
2019-04-23,410.0,276.0,0.0,0,292.88,0.0,1,4.81,2.05,SPY190719P00271000,271.0,0,0.0,0.0,,0.0,normalDay
2019-04-24,410.0,261.0,0.0,0,292.23,0.0,1,4.81,2.2,SPY190719P00271000,271.0,0,0.0,0.0,,0.0,normalDay
2019-04-25,410.0,255.0,0.0,0,292.05,0.0,1,4.81,2.26,SPY190719P00271000,271.0,0,0.0,0.0,,0.0,normalDay
2019-04-26,410.0,279.0,0.0,0,293.41,0.0,1,4.81,2.02,SPY190719P00271000,271.0,0,0.0,0.0,,0.0,normalDay
2019-04-29,410.0,285.0,0.0,0,293.87,0.0,1,4.81,1.96,SPY190719P00271000,271.0,0,0.0,0.0,,0.0,normalDay
2019-04-30,410.0,290.0,0.0,0,294.02,0.0,1,4.81,1.91,SPY190719P00271000,271.0,0,0.0,0.0,,0.0,normalDay
2019-05-01,410.0,246.0,0.0,0,291.81,0.0,1,4.81,2.35,SPY190719P00271000,271.0,0,0.0,0.0,,0.0,normalDay
2019-05-02,410.0,240.0,0.0,0,291.18,0.0,1,4.81,2.41,SPY190719P00271000,271.0,0,0.0,0.0,,0.0,normalDay
2019-05-03,410.0,300.0,0.0,0,294.03,0.0,1,4.81,1.81,SPY190719P00271000,271.0,0,0.0,0.0,,0.0,normalDay
2019-05-06,410.0,257.0,0.0,0,292.82,0.0,1,4.81,2.24,SPY190719P00271000,271.0,0,0.0,0.0,,0.0,normalDay
2019-05-07,410.0,106.0,0.0,0,287.93,0.0,1,4.81,3.75,SPY190719P00271000,271.0,0,0.0,0.0,,0.0,normalDay
2019-05-08,410.0,112.0,0.0,0,287.53,0.0,1,4.81,3.69,SPY190719P00271000,271.0,0,0.0,0.0,,0.0,normalDay
2019-05-09,410.0,112.0,0.0,0,286.66,0.0,1,4.81,3.69,SPY190719P00271000,271.0,0,0.0,0.0,,0.0,normalDay
2019-05-10,410.0,189.0,0.0,0,288.1,0.0,1,4.81,2.92,SPY190719P00271000,271.0,0,0.0,0.0,,0.0,normalDay
2019-05-13,410.0,-44.0,0.0,0,280.86,0.0,1,4.81,5.25,SPY190719P00271000,271.0,0,0.0,0.0,,0.0,normalDay
2019-05-14,410.0,70.0,0.0,0,283.4,0.0,1,4.81,4.11,SPY190719P00271000,271.0,0,0.0,0.0,,0.0,normalDay
2019-05-15,410.0,148.0,0.0,0,285.06,0.0,1,4.81,3.33,SPY190719P00271000,271.0,0,0.0,0.0,,0.0,normalDay
2019-05-16,410.0,221.0,0.0,0,287.7,0.0,1,4.81,2.6,SPY190719P00271000,271.0,0,0.0,0.0,,0.0,normalDay
2019-05-17,410.0,181.0,0.0,0,285.84,0.0,1,4.81,3.0,SPY190719P00271000,271.0,0,0.0,0.0,,0.0,normalDay
2019-05-20,410.0,157.0,0.0,0,283.95,0.0,1,4.81,3.24,SPY190719P00271000,271.0,0,0.0,0.0,,0.0,normalDay
2019-05-21,410.0,233.0,0.0,0,286.51,0.0,1,4.81,2.48,SPY190719P00271000,271.0,0,0.0,0.0,,0.0,normalDay
2019-05-22,410.0,225.0,0.0,0,285.63,0.0,1,4.81,2.56,SPY190719P00271000,271.0,0,0.0,0.0,,0.0,normalDay
2019-05-23,410.0,116.0,0.0,0,282.14,0.0,1,4.81,3.65,SPY190719P00271000,271.0,0,0.0,0.0,,0.0,normalDay
2019-05-24,410.0,159.0,0.0,0,282.78,0.0,1,4.81,3.22,SPY190719P00271000,271.0,0,0.0,0.0,,0.0,normalDay
2019-05-28,410.0,97.0,0.0,0,280.15,0.0,1,4.81,3.84,SPY190719P00271000,271.0,0,0.0,0.0,,0.0,normalDay
2019-05-29,410.0,42.0,0.0,0,278.27,0.0,1,4.81,4.39,SPY190719P00271000,271.0,0,0.0,0.0,,0.0,normalDay
2019-05-30,410.0,76.0,0.0,0,279.03,0.0,1,4.81,4.05,SPY190719P00271000,271.0,0,0.0,0.0,,0.0,normalDay
2019-05-31,410.0,-63.0,0.0,0,275.27,0.0,1,4.81,5.44,SPY190719P00271000,271.0,0,0.0,0.0,,0.0,normalDay
2019-06-03,410.0,-55.0,0.0,0,274.57,0.0,1,4.81,5.36,SPY190719P00271000,271.0,0,0.0,0.0,,0.0,normalDay
2019-06-04,410.0,155.0,0.0,0,280.53,0.0,1,4.81,3.26,SPY190719P00271000,271.0,0,0.0,0.0,,0.0,normalDay
2019-06-05,410.0,236.0,0.0,0,282.96,0.0,1,4.81,2.45,SPY190719P00271000,271.0,0,0.0,0.0,,0.0,normalDay
2019-06-06,410.0,276.0,0.0,0,284.8,0.0,1,4.81,2.05,SPY190719P00271000,271.0,0,0.0,0.0,,0.0,normalDay
2019-06-07,410.0,307.0,0.0,0,287.65,0.0,1,4.81,1.74,SPY190719P00271000,271.0,0,0.0,0.0,,0.0,normalDay
2019-06-10,410.0,339.0,0.0,0,288.97,0.0,1,4.81,1.42,SPY190719P00271000,271.0,0,0.0,0.0,,0.0,normalDay
2019-06-11,410.0,338.0,0.0,0,288.9,0.0,1,4.81,1.43,SPY190719P00271000,271.0,0,0.0,0.0,,0.0,normalDay
2019-06-12,410.0,339.0,0.0,0,288.39,0.0,1,4.81,1.42,SPY190719P00271000,271.0,0,0.0,0.0,,0.0,normalDay
2019-06-13,410.0,357.0,0.0,0,289.58,0.0,1,4.81,1.24,SPY190719P00271000,271.0,0,0.0,0.0,,0.0,normalDay
2019-06-14,410.0,369.0,0.0,0,289.26,0.0,1,4.81,1.12,SPY190719P00271000,271.0,0,0.0,0.0,,0.0,normalDay
2019-06-17,410.0,380.0,0.0,0,289.37,0.0,1,4.81,1.01,SPY190719P00271000,271.0,0,0.0,0.0,,0.0,normalDay
2019-06-18,410.0,404.0,0.0,0,292.4,0.0,1,4.81,0.77,SPY190719P00271000,271.0,0,0.0,0.0,,0.0,normalDay
2019-06-19,410.0,421.0,0.0,0,293.06,0.0,1,4.81,0.6,SPY190719P00271000,271.0,0,0.0,0.0,,0.0,normalDay
2019-06-20,410.0,432.0,0.0,0,295.86,0.0,1,4.81,0.49,SPY190719P00271000,271.0,0,0.0,0.0,,0.0,normalDay
2019-06-21,410.0,429.0,0.0,0,294.0,0.0,1,4.81,0.52,SPY190719P00271000,271.0,0,0.0,0.0,,0.0,normalDay
2019-06-24,410.0,437.0,0.0,0,293.64,0.0,1,4.81,0.44,SPY190719P00271000,271.0,0,0.0,0.0,,0.0,normalDay
2019-06-25,410.0,417.0,0.0,0,290.76,0.0,1,4.81,0.64,SPY190719P00271000,271.0,0,0.0,0.0,,0.0,normalDay
2019-06-26,410.0,419.0,0.0,0,290.47,0.0,1,4.81,0.62,SPY190719P00271000,271.0,0,0.0,0.0,,0.0,normalDay
2019-06-27,410.0,433.0,0.0,0,291.5,0.0,1,4.81,0.48,SPY190719P00271000,271.0,0,0.0,0.0,,0.0,normalDay
2019-06-28,410.0,443.0,0.0,0,293.0,0.0,1,4.81,0.38,SPY190719P00271000,271.0,0,0.0,0.0,,0.0,normalDay
2019-07-01,410.0,463.0,0.0,0,295.66,0.0,1,4.81,0.18,SPY190719P00271000,271.0,0,0.0,0.0,,0.0,normalDay
2019-07-02,410.0,469.0,0.0,0,296.43,0.0,1,4.81,0.12,SPY190719P00271000,271.0,0,0.0,0.0,,0.0,normalDay
2019-07-03,410.0,473.0,0.0,0,298.8,0.0,1,4.81,0.08,SPY190719P00271000,271.0,0,0.0,0.0,,0.0,normalDay
2019-07-05,410.0,471.0,0.0,0,298.46,0.0,1,4.81,0.1,SPY190719P00271000,271.0,0,0.0,0.0,,0.0,normalDay
2019-07-08,410.0,475.0,0.0,0,296.82,0.0,1,4.81,0.06,SPY190719P00271000,271.0,0,0.0,0.0,,0.0,normalDay
2019-07-09,410.0,476.0,0.0,0,297.19,0.0,1,4.81,0.05,SPY190719P00271000,271.0,0,0.0,0.0,,0.0,normalDay
2019-07-10,410.0,478.0,0.0,0,298.61,0.0,1,4.81,0.03,SPY190719P00271000,271.0,0,0.0,0.0,,0.0,normalDay
2019-07-11,410.0,478.0,0.0,0,299.31,0.0,1,4.81,0.03,SPY190719P00271000,271.0,0,0.0,0.0,,0.0,normalDay
2019-07-12,410.0,479.0,0.0,0,300.65,0.0,1,4.81,0.02,SPY190719P00271000,271.0,0,0.0,0.0,,0.0,normalDay
2019-07-15,410.0,479.0,0.0,0,300.75,0.0,1,4.81,0.02,SPY190719P00271000,271.0,0,0.0,0.0,,0.0,normalDay
2019-07-16,410.0,479.0,0.0,0,299.78,0.0,1,4.81,0.02,SPY190719P00271000,271.0,0,0.0,0.0,,0.0,normalDay
2019-07-17,410.0,480.0,0.0,0,297.74,0.0,1,4.81,0.01,SPY190719P00271000,271.0,0,0.0,0.0,,0.0,normalDay
2019-07-18,410.0,480.0,0.0,0,298.83,0.0,1,4.81,0.01,SPY190719P00271000,271.0,0,0.0,0.0,,0.0,normalDay
2019-07-19,891.0,0.0,481.0,0,297.17,0.0,1,4.81,0.0,SPY190719P00271000,271.0,0,0.0,0.0,,0.0,expirationDay
2019-07-22,891.0,-6.0,0.0,0,297.9,0.0,1,4.88,4.94,SPY191115P00284000,284.0,0,0.0,0.0,,0.0,normalDay
2019-07-23,891.0,59.0,0.0,0,300.03,0.0,1,4.88,4.29,SPY191115P00284000,284.0,0,0.0,0.0,,0.0,normalDay
2019-07-24,891.0,98.0,0.0,0,301.44,0.0,1,4.88,3.9,SPY191115P00284000,284.0,0,0.0,0.0,,0.0,normalDay
2019-07-25,891.0,59.0,0.0,0,300.0,0.0,1,4.88,4.29,SPY191115P00284000,284.0,0,0.0,0.0,,0.0,normalDay
2019-07-26,891.0,108.0,0.0,0,302.01,0.0,1,4.88,3.8,SPY191115P00284000,284.0,0,0.0,0.0,,0.0,normalDay
2019-07-29,891.0,106.0,0.0,0,301.46,0.0,1,4.88,3.82,SPY191115P00284000,284.0,0,0.0,0.0,,0.0,normalDay
2019-07-30,891.0,65.0,0.0,0,300.72,0.0,1,4.88,4.23,SPY191115P00284000,284.0,0,0.0,0.0,,0.0,normalDay
2019-07-31,891.0,-43.0,0.0,0,297.43,0.0,1,4.88,5.31,SPY191115P00284000,284.0,0,0.0,0.0,,0.0,normalDay
2019-08-01,891.0,-144.0,0.0,0,294.84,0.0,1,4.88,6.32,SPY191115P00284000,284.0,0,0.0,0.0,,0.0,normalDay
2019-08-02,891.0,-207.0,0.0,0,292.62,0.0,1,4.88,6.95,SPY191115P00284000,284.0,0,0.0,0.0,,0.0,normalDay
2019-08-05,891.0,-676.0,0.0,0,283.82,0.0,1,4.88,11.64,SPY191115P00284000,284.0,0,0.0,0.0,,0.0,normalDay
2019-08-06,891.0,-410.0,0.0,0,287.8,0.0,1,4.88,8.98,SPY191115P00284000,284.0,0,0.0,0.0,,0.0,normalDay
2019-08-07,891.0,-399.0,0.0,0,287.97,0.0,1,4.88,8.87,SPY191115P00284000,284.0,0,0.0,0.0,,0.0,normalDay
2019-08-08,891.0,-152.0,0.0,0,293.62,0.0,1,4.88,6.4,SPY191115P00284000,284.0,0,0.0,0.0,,0.0,normalDay
2019-08-09,891.0,-231.0,0.0,0,291.62,0.0,1,4.88,7.19,SPY191115P00284000,284.0,0,0.0,0.0,,0.0,normalDay
2019-08-12,891.0,-433.0,0.0,0,288.07,0.0,1,4.88,9.21,SPY191115P00284000,284.0,0,0.0,0.0,,0.0,normalDay
2019-08-13,891.0,-204.0,0.0,0,292.55,0.0,1,4.88,6.92,SPY191115P00284000,284.0,0,0.0,0.0,,0.0,normalDay
2019-08-14,891.0,-614.0,0.0,0,283.9,0.0,1,4.88,11.02,SPY191115P00284000,284.0,0,0.0,0.0,,0.0,normalDay
2019-08-15,891.0,-559.0,0.0,0,284.65,0.0,1,4.88,10.47,SPY191115P00284000,284.0,0,0.0,0.0,,0.0,normalDay
2019-08-16,891.0,-350.0,0.0,0,288.85,0.0,1,4.88,8.38,SPY191115P00284000,284.0,0,0.0,0.0,,0.0,normalDay
2019-08-19,891.0,-170.0,0.0,0,292.33,0.0,1,4.88,6.58,SPY191115P00284000,284.0,0,0.0,0.0,,0.0,normalDay
2019-08-20,891.0,-260.0,0.0,0,290.09,0.0,1,4.88,7.48,SPY191115P00284000,284.0,0,0.0,0.0,,0.0,normalDay
2019-08-21,891.0,-119.0,0.0,0,292.45,0.0,1,4.88,6.07,SPY191115P00284000,284.0,0,0.0,0.0,,0.0,normalDay
2019-08-22,891.0,-149.0,0.0,0,292.36,0.0,1,4.88,6.37,SPY191115P00284000,284.0,0,0.0,0.0,,0.0,normalDay
2019-08-23,891.0,-456.0,0.0,0,284.85,0.0,1,4.88,9.44,SPY191115P00284000,284.0,0,0.0,0.0,,0.0,normalDay
2019-08-26,891.0,-331.0,0.0,0,288.0,0.0,1,4.88,8.19,SPY191115P00284000,284.0,0,0.0,0.0,,0.0,normalDay
2019-08-27,891.0,-404.0,0.0,0,286.87,0.0,1,4.88,8.92,SPY191115P00284000,284.0,0,0.0,0.0,,0.0,normalDay
2019-08-28,891.0,-300.0,0.0,0,288.89,0.0,1,4.88,7.88,SPY191115P00284000,284.0,0,0.0,0.0,,0.0,normalDay
2019-08-29,891.0,-147.0,0.0,0,292.58,0.0,1,4.88,6.35,SPY191115P00284000,284.0,0,0.0,0.0,,0.0,normalDay
2019-08-30,891.0,-161.0,0.0,0,292.45,0.0,1,4.88,6.49,SPY191115P00284000,284.0,0,0.0,0.0,,0.0,normalDay
2019-09-03,891.0,-222.0,0.0,0,290.74,0.0,1,4.88,7.1,SPY191115P00284000,284.0,0,0.0,0.0,,0.0,normalDay
2019-09-04,891.0,-63.0,0.0,0,294.04,0.0,1,4.88,5.51,SPY191115P00284000,284.0,0,0.0,0.0,,0.0,normalDay
2019-09-05,891.0,55.0,0.0,0,297.82,0.0,1,4.88,4.33,SPY191115P00284000,284.0,0,0.0,0.0,,0.0,normalDay
2019-09-06,891.0,100.0,0.0,0,298.05,0.0,1,4.88,3.88,SPY191115P00284000,284.0,0,0.0,0.0,,0.0,normalDay
2019-09-09,891.0,109.0,0.0,0,298.2,0.0,1,4.88,3.79,SPY191115P00284000,284.0,0,0.0,0.0,,0.0,normalDay
2019-09-10,891.0,117.0,0.0,0,298.13,0.0,1,4.88,3.71,SPY191115P00284000,284.0,0,0.0,0.0,,0.0,normalDay
2019-09-11,891.0,178.0,0.0,0,300.25,0.0,1,4.88,3.1,SPY191115P00284000,284.0,0,0.0,0.0,,0.0,normalDay
2019-09-12,891.0,216.0,0.0,0,301.29,0.0,1,4.88,2.72,SPY191115P00284000,284.0,0,0.0,0.0,,0.0,normalDay
2019-09-13,891.0,222.0,0.0,0,301.09,0.0,1,4.88,2.66,SPY191115P00284000,284.0,0,0.0,0.0,,0.0,normalDay
2019-09-16,891.0,206.0,0.0,0,300.16,0.0,1,4.88,2.82,SPY191115P00284000,284.0,0,0.0,0.0,,0.0,normalDay
2019-09-17,891.0,218.0,0.0,0,300.92,0.0,1,4.88,2.7,SPY191115P00284000,284.0,0,0.0,0.0,,0.0,normalDay
2019-09-18,891.0,243.0,0.0,0,301.1,0.0,1,4.88,2.45,SPY191115P00284000,284.0,0,0.0,0.0,,0.0,normalDay
2019-09-19,891.0,246.0,0.0,0,301.08,0.0,1,4.88,2.42,SPY191115P00284000,284.0,0,0.0,0.0,,0.0,normalDay
2019-09-20,891.0,197.0,0.0,0,298.28,0.0,1,4.88,2.91,SPY191115P00284000,284.0,0,0.0,0.0,,0.0,normalDay
2019-09-23,891.0,222.0,0.0,0,298.21,0.0,1,4.88,2.66,SPY191115P00284000,284.0,0,0.0,0.0,,0.0,normalDay
2019-09-24,891.0,146.0,0.0,0,295.87,0.0,1,4.88,3.42,SPY191115P00284000,284.0,0,0.0,0.0,,0.0,normalDay
2019-09-25,891.0,195.0,0.0,0,297.62,0.0,1,4.88,2.93,SPY191115P00284000,284.0,0,0.0,0.0,,0.0,normalDay
2019-09-26,891.0,196.0,0.0,0,297.0,0.0,1,4.88,2.92,SPY191115P00284000,284.0,0,0.0,0.0,,0.0,normalDay
2019-09-27,891.0,142.0,0.0,0,295.4,0.0,1,4.88,3.46,SPY191115P00284000,284.0,0,0.0,0.0,,0.0,normalDay
2019-09-30,891.0,211.0,0.0,0,296.77,0.0,1,4.88,2.77,SPY191115P00284000,284.0,0,0.0,0.0,,0.0,normalDay
2019-10-01,891.0,92.0,0.0,0,293.24,0.0,1,4.88,3.96,SPY191115P00284000,284.0,0,0.0,0.0,,0.0,normalDay
2019-10-02,891.0,-122.0,0.0,0,288.06,0.0,1,4.88,6.1,SPY191115P00284000,284.0,0,0.0,0.0,,0.0,normalDay
2019-10-03,891.0,5.0,0.0,0,290.42,0.0,1,4.88,4.83,SPY191115P00284000,284.0,0,0.0,0.0,,0.0,normalDay
2019-10-04,891.0,162.0,0.0,0,294.35,0.0,1,4.88,3.26,SPY191115P00284000,284.0,0,0.0,0.0,,0.0,normalDay
2019-10-07,891.0,133.0,0.0,0,293.08,0.0,1,4.88,3.55,SPY191115P00284000,284.0,0,0.0,0.0,,0.0,normalDay
2019-10-08,891.0,-37.0,0.0,0,288.53,0.0,1,4.88,5.25,SPY191115P00284000,284.0,0,0.0,0.0,,0.0,normalDay
2019-10-09,891.0,87.0,0.0,0,291.27,0.0,1,4.88,4.01,SPY191115P00284000,284.0,0,0.0,0.0,,0.0,normalDay
2019-10-10,891.0,175.0,0.0,0,293.24,0.0,1,4.88,3.13,SPY191115P00284000,284.0,0,0.0,0.0,,0.0,normalDay
2019-10-11,891.0,292.0,0.0,0,296.28,0.0,1,4.88,1.96,SPY191115P00284000,284.0,0,0.0,0.0,,0.0,normalDay
2019-10-14,891.0,319.0,0.0,0,295.95,0.0,1,4.88,1.69,SPY191115P00284000,284.0,0,0.0,0.0,,0.0,normalDay
2019-10-15,891.0,383.0,0.0,0,298.88,0.0,1,4.88,1.05,SPY191115P00284000,284.0,0,0.0,0.0,,0.0,normalDay
2019-10-16,891.0,383.0,0.0,0,298.4,0.0,1,4.88,1.05,SPY191115P00284000,284.0,0,0.0,0.0,,0.0,normalDay
2019-10-17,891.0,393.0,0.0,0,299.28,0.0,1,4.88,0.95,SPY191115P00284000,284.0,0,0.0,0.0,,0.0,normalDay
2019-10-18,891.0,382.0,0.0,0,297.97,0.0,1,4.88,1.06,SPY191115P00284000,284.0,0,0.0,0.0,,0.0,normalDay
2019-10-21,891.0,417.0,0.0,0,299.99,0.0,1,4.88,0.71,SPY191115P00284000,284.0,0,0.0,0.0,,0.0,normalDay
2019-10-22,891.0,409.0,0.0,0,299.01,0.0,1,4.88,0.79,SPY191115P00284000,284.0,0,0.0,0.0,,0.0,normalDay
2019-10-23,891.0,427.0,0.0,0,299.88,0.0,1,4.88,0.61,SPY191115P00284000,284.0,0,0.0,0.0,,0.0,normalDay
2019-10-24,891.0,437.0,0.0,0,300.37,0.0,1,4.88,0.51,SPY191115P00284000,284.0,0,0.0,0.0,,0.0,normalDay
2019-10-25,891.0,454.0,0.0,0,301.6,0.0,1,4.88,0.34,SPY191115P00284000,284.0,0,0.0,0.0,,0.0,normalDay
2019-10-28,891.0,462.0,0.0,0,303.3,0.0,1,4.88,0.26,SPY191115P00284000,284.0,0,0.0,0.0,,0.0,normalDay
2019-10-29,891.0,464.0,0.0,0,303.21,0.0,1,4.88,0.24,SPY191115P00284000,284.0,0,0.0,0.0,,0.0,normalDay
2019-10-30,891.0,471.0,0.0,0,304.14,0.0,1,4.88,0.17,SPY191115P00284000,284.0,0,0.0,0.0,,0.0,normalDay
2019-10-31,891.0,465.0,0.0,0,303.33,0.0,1,4.88,0.23,SPY191115P00284000,284.0,0,0.0,0.0,,0.0,normalDay
2019-11-01,891.0,478.0,0.0,0,306.14,0.0,1,4.88,0.1,SPY191115P00284000,284.0,0,0.0,0.0,,0.0,normalDay
2019-11-04,891.0,479.0,0.0,0,307.37,0.0,1,4.88,0.09,SPY191115P00284000,284.0,0,0.0,0.0,,0.0,normalDay
2019-11-05,891.0,481.0,0.0,0,307.03,0.0,1,4.88,0.07,SPY191115P00284000,284.0,0,0.0,0.0,,0.0,normalDay
2019-11-06,891.0,484.0,0.0,0,307.1,0.0,1,4.88,0.04,SPY191115P00284000,284.0,0,0.0,0.0,,0.0,normalDay
2019-11-07,891.0,485.0,0.0,0,308.18,0.0,1,4.88,0.03,SPY191115P00284000,284.0,0,0.0,0.0,,0.0,normalDay
2019-11-08,891.0,486.0,0.0,0,308.94,0.0,1,4.88,0.02,SPY191115P00284000,284.0,0,0.0,0.0,,0.0,normalDay
2019-11-11,891.0,486.0,0.0,0,308.35,0.0,1,4.88,0.02,SPY191115P00284000,284.0,0,0.0,0.0,,0.0,normalDay
2019-11-12,891.0,486.0,0.0,0,309.0,0.0,1,4.88,0.02,SPY191115P00284000,284.0,0,0.0,0.0,,0.0,normalDay
2019-11-13,891.0,487.0,0.0,0,309.1,0.0,1,4.88,0.01,SPY191115P00284000,284.0,0,0.0,0.0,,0.0,normalDay
2019-11-14,891.0,487.0,0.0,0,309.55,0.0,1,4.88,0.01,SPY191115P00284000,284.0,0,0.0,0.0,,0.0,normalDay
2019-11-15,1379.0,0.0,488.0,0,311.79,0.0,1,4.88,0.0,SPY191115P00284000,284.0,0,0.0,0.0,,0.0,expirationDay
2019-11-18,1379.0,-6.0,0.0,0,312.02,0.0,1,4.89,4.95,SPY200331P00290000,290.0,0,0.0,0.0,,0.0,normalDay
2019-11-19,1379.0,-19.0,0.0,0,311.93,0.0,1,4.89,5.08,SPY200331P00290000,290.0,0,0.0,0.0,,0.0,normalDay
2019-11-20,1379.0,-51.0,0.0,0,310.77,0.0,1,4.89,5.4,SPY200331P00290000,290.0,0,0.0,0.0,,0.0,normalDay
2019-11-21,1379.0,-63.0,0.0,0,310.27,0.0,1,4.89,5.52,SPY200331P00290000,290.0,0,0.0,0.0,,0.0,normalDay
2019-11-22,1379.0,-30.0,0.0,0,310.96,0.0,1,4.89,5.19,SPY200331P00290000,290.0,0,0.0,0.0,,0.0,normalDay
2019-11-25,1379.0,39.0,0.0,0,313.37,0.0,1,4.89,4.5,SPY200331P00290000,290.0,0,0.0,0.0,,0.0,normalDay
2019-11-26,1379.0,66.0,0.0,0,314.08,0.0,1,4.89,4.23,SPY200331P00290000,290.0,0,0.0,0.0,,0.0,normalDay
2019-11-27,1379.0,86.0,0.0,0,315.48,0.0,1,4.89,4.03,SPY200331P00290000,290.0,0,0.0,0.0,,0.0,normalDay
2019-11-29,1379.0,53.0,0.0,0,314.31,0.0,1,4.89,4.36,SPY200331P00290000,290.0,0,0.0,0.0,,0.0,normalDay
2019-12-02,1379.0,-28.0,0.0,0,311.64,0.0,1,4.89,5.17,SPY200331P00290000,290.0,0,0.0,0.0,,0.0,normalDay
2019-12-03,1379.0,-101.0,0.0,0,309.55,0.0,1,4.89,5.9,SPY200331P00290000,290.0,0,0.0,0.0,,0.0,normalDay
2019-12-04,1379.0,-41.0,0.0,0,311.46,0.0,1,4.89,5.3,SPY200331P00290000,290.0,0,0.0,0.0,,0.0,normalDay
2019-12-05,1379.0,-8.0,0.0,0,312.02,0.0,1,4.89,4.97,SPY200331P00290000,290.0,0,0.0,0.0,,0.0,normalDay
2019-12-06,1379.0,63.0,0.0,0,314.87,0.0,1,4.89,4.26,SPY200331P00290000,290.0,0,0.0,0.0,,0.0,normalDay
2019-12-09,1379.0,22.0,0.0,0,313.88,0.0,1,4.89,4.67,SPY200331P00290000,290.0,0,0.0,0.0,,0.0,normalDay
2019-12-10,1379.0,33.0,0.0,0,313.53,0.0,1,4.89,4.56,SPY200331P00290000,290.0,0,0.0,0.0,,0.0,normalDay
2019-12-11,1379.0,63.0,0.0,0,314.42,0.0,1,4.89,4.26,SPY200331P00290000,290.0,0,0.0,0.0,,0.0,normalDay
2019-12-12,1379.0,128.0,0.0,0,317.13,0.0,1,4.89,3.61,SPY200331P00290000,290.0,0,0.0,0.0,,0.0,normalDay
2019-12-13,1379.0,168.0,0.0,0,317.32,0.0,1,4.89,3.21,SPY200331P00290000,290.0,0,0.0,0.0,,0.0,normalDay
2019-12-16,1379.0,217.0,0.0,0,319.5,0.0,1,4.89,2.72,SPY200331P00290000,290.0,0,0.0,0.0,,0.0,normalDay
2019-12-17,1379.0,215.0,0.0,0,319.57,0.0,1,4.89,2.74,SPY200331P00290000,290.0,0,0.0,0.0,,0.0,normalDay
2019-12-18,1379.0,217.0,0.0,0,319.59,0.0,1,4.89,2.72,SPY200331P00290000,290.0,0,0.0,0.0,,0.0,normalDay
2019-12-19,1379.0,236.0,0.0,0,320.9,0.0,1,4.89,2.53,SPY200331P00290000,290.0,0,0.0,0.0,,0.0,normalDay
2019-12-20,1379.0,245.0,0.0,0,320.73,0.0,1,4.89,2.44,SPY200331P00290000,290.0,0,0.0,0.0,,0.0,normalDay
2019-12-23,1379.0,246.0,0.0,0,321.22,0.0,1,4.89,2.43,SPY200331P00290000,290.0,0,0.0,0.0,,0.0,normalDay
2019-12-24,1379.0,253.0,0.0,0,321.23,0.0,1,4.89,2.36,SPY200331P00290000,290.0,0,0.0,0.0,,0.0,normalDay
2019-12-26,1379.0,276.0,0.0,0,322.94,0.0,1,4.89,2.13,SPY200331P00290000,290.0,0,0.0,0.0,,0.0,normalDay
2019-12-27,1379.0,266.0,0.0,0,322.86,0.0,1,4.89,2.23,SPY200331P00290000,290.0,0,0.0,0.0,,0.0,normalDay
2019-12-30,1379.0,240.0,0.0,0,321.08,0.0,1,4.89,2.49,SPY200331P00290000,290.0,0,0.0,0.0,,0.0,normalDay
2019-12-31,1379.0,270.0,0.0,0,321.86,0.0,1,4.89,2.19,SPY200331P00290000,290.0,0,0.0,0.0,,0.0,normalDay
2020-01-02,1379.0,313.0,0.0,0,324.87,0.0,1,4.89,1.76,SPY200331P00290000,290.0,0,0.0,0.0,,0.0,normalDay
2020-01-03,1379.0,273.0,0.0,0,322.41,0.0,1,4.89,2.16,SPY200331P00290000,290.0,0,0.0,0.0,,0.0,normalDay
2020-01-06,1379.0,299.0,0.0,0,323.64,0.0,1,4.89,1.9,SPY200331P00290000,290.0,0,0.0,0.0,,0.0,normalDay
2020-01-07,1379.0,291.0,0.0,0,322.73,0.0,1,4.89,1.98,SPY200331P00290000,290.0,0,0.0,0.0,,0.0,normalDay
2020-01-08,1379.0,318.0,0.0,0,324.45,0.0,1,4.89,1.71,SPY200331P00290000,290.0,0,0.0,0.0,,0.0,normalDay
2020-01-09,1379.0,346.0,0.0,0,326.65,0.0,1,4.89,1.43,SPY200331P00290000,290.0,0,0.0,0.0,,0.0,normalDay
2020-01-10,1379.0,342.0,0.0,0,325.71,0.0,1,4.89,1.47,SPY200331P00290000,290.0,0,0.0,0.0,,0.0,normalDay
2020-01-13,1379.0,370.0,0.0,0,327.95,0.0,1,4.89,1.19,SPY200331P00290000,290.0,0,0.0,0.0,,0.0,normalDay
2020-01-14,1379.0,371.0,0.0,0,327.45,0.0,1,4.89,1.18,SPY200331P00290000,290.0,0,0.0,0.0,,0.0,normalDay
2020-01-15,1379.0,377.0,0.0,0,328.19,0.0,1,4.89,1.12,SPY200331P00290000,290.0,0,0.0,0.0,,0.0,normalDay
2020-01-16,1379.0,393.0,0.0,0,330.92,0.0,1,4.89,0.96,SPY200331P00290000,290.0,0,0.0,0.0,,0.0,normalDay
2020-01-17,1379.0,400.0,0.0,0,331.95,0.0,1,4.89,0.89,SPY200331P00290000,290.0,0,0.0,0.0,,0.0,normalDay
2020-01-21,1379.0,399.0,0.0,0,331.3,0.0,1,4.89,0.9,SPY200331P00290000,290.0,0,0.0,0.0,,0.0,normalDay
2020-01-22,1379.0,399.0,0.0,0,331.34,0.0,1,4.89,0.9,SPY200331P00290000,290.0,0,0.0,0.0,,0.0,normalDay
2020-01-23,1379.0,401.0,0.0,0,331.72,0.0,1,4.89,0.88,SPY200331P00290000,290.0,0,0.0,0.0,,0.0,normalDay
2020-01-24,1379.0,374.0,0.0,0,328.77,0.0,1,4.89,1.15,SPY200331P00290000,290.0,0,0.0,0.0,,0.0,normalDay
2020-01-27,1379.0,289.0,0.0,0,323.5,0.0,1,4.89,2.0,SPY200331P00290000,290.0,0,0.0,0.0,,0.0,normalDay
2020-01-28,1379.0,350.0,0.0,0,326.89,0.0,1,4.89,1.39,SPY200331P00290000,290.0,0,0.0,0.0,,0.0,normalDay
2020-01-29,1379.0,351.0,0.0,0,326.62,0.0,1,4.89,1.38,SPY200331P00290000,290.0,0,0.0,0.0,,0.0,normalDay
2020-01-30,1379.0,375.0,0.0,0,327.68,0.0,1,4.89,1.14,SPY200331P00290000,290.0,0,0.0,0.0,,0.0,normalDay
2020-01-31,1379.0,293.0,0.0,0,321.73,0.0,1,4.89,1.96,SPY200331P00290000,290.0,0,0.0,0.0,,0.0,normalDay
2020-02-03,1379.0,327.0,0.0,0,324.12,0.0,1,4.89,1.62,SPY200331P00290000,290.0,0,0.0,0.0,,0.0,normalDay
2020-02-04,1379.0,390.0,0.0,0,329.06,0.0,1,4.89,0.99,SPY200331P00290000,290.0,0,0.0,0.0,,0.0,normalDay
2020-02-05,1379.0,415.0,0.0,0,332.86,0.0,1,4.89,0.74,SPY200331P00290000,290.0,0,0.0,0.0,,0.0,normalDay
2020-02-06,1379.0,418.0,0.0,0,333.98,0.0,1,4.89,0.71,SPY200331P00290000,290.0,0,0.0,0.0,,0.0,normalDay
2020-02-07,1379.0,412.0,0.0,0,332.2,0.0,1,4.89,0.77,SPY200331P00290000,290.0,0,0.0,0.0,,0.0,normalDay
2020-02-10,1379.0,427.0,0.0,0,334.68,0.0,1,4.89,0.62,SPY200331P00290000,290.0,0,0.0,0.0,,0.0,normalDay
2020-02-11,1379.0,429.0,0.0,0,335.26,0.0,1,4.89,0.6,SPY200331P00290000,290.0,0,0.0,0.0,,0.0,normalDay
2020-02-12,1379.0,442.0,0.0,0,337.42,0.0,1,4.89,0.47,SPY200331P00290000,290.0,0,0.0,0.0,,0.0,normalDay
2020-02-13,1379.0,441.0,0.0,0,337.06,0.0,1,4.89,0.48,SPY200331P00290000,290.0,0,0.0,0.0,,0.0,normalDay
2020-02-14,1379.0,446.0,0.0,0,337.6,0.0,1,4.89,0.43,SPY200331P00290000,290.0,0,0.0,0.0,,0.0,normalDay
2020-02-18,1379.0,444.0,0.0,0,336.73,0.0,1,4.89,0.45,SPY200331P00290000,290.0,0,0.0,0.0,,0.0,normalDay
2020-02-19,1379.0,451.0,0.0,0,338.34,0.0,1,4.89,0.38,SPY200331P00290000,290.0,0,0.0,0.0,,0.0,normalDay
2020-02-20,1379.0,443.0,0.0,0,336.95,0.0,1,4.89,0.46,SPY200331P00290000,290.0,0,0.0,0.0,,0.0,normalDay
2020-02-21,1379.0,427.0,0.0,0,333.48,0.0,1,4.89,0.62,SPY200331P00290000,290.0,0,0.0,0.0,,0.0,normalDay
2020-02-24,1379.0,284.0,0.0,0,322.42,0.0,1,4.89,2.05,SPY200331P00290000,290.0,0,0.0,0.0,,0.0,normalDay
2020-02-25,1379.0,158.0,0.0,0,312.65,0.0,1,4.89,3.31,SPY200331P00290000,290.0,0,0.0,0.0,,0.0,normalDay
2020-02-26,1379.0,155.0,0.0,0,311.5,0.0,1,4.89,3.34,SPY200331P00290000,290.0,0,0.0,0.0,,0.0,normalDay
2020-02-27,1379.0,-486.0,0.0,0,297.51,0.0,1,4.89,9.75,SPY200331P00290000,290.0,0,0.0,0.0,,0.0,normalDay
2020-02-28,1379.0,-573.0,0.0,0,296.26,0.0,1,4.89,10.62,SPY200331P00290000,290.0,0,0.0,0.0,,0.0,normalDay
2020-03-02,1379.0,19.0,0.0,0,309.09,0.0,1,4.89,4.7,SPY200331P00290000,290.0,0,0.0,0.0,,0.0,normalDay
2020-03-03,1379.0,-258.0,0.0,0,300.24,0.0,1,4.89,7.47,SPY200331P00290000,290.0,0,0.0,0.0,,0.0,normalDay
2020-03-04,1379.0,93.0,0.0,0,312.86,0.0,1,4.89,3.96,SPY200331P00290000,290.0,0,0.0,0.0,,0.0,normalDay
2020-03-05,1379.0,-301.0,0.0,0,302.46,0.0,1,4.89,7.9,SPY200331P00290000,290.0,0,0.0,0.0,,0.0,normalDay
2020-03-06,1379.0,-481.0,0.0,0,297.46,0.0,1,4.89,9.7,SPY200331P00290000,290.0,0,0.0,0.0,,0.0,normalDay
2020-03-09,1379.0,-1838.0,0.0,0,274.23,0.0,1,4.89,23.27,SPY200331P00290000,290.0,0,0.0,0.0,,0.0,normalDay
2020-03-10,1379.0,-858.0,0.0,0,288.42,0.0,1,4.89,13.47,SPY200331P00290000,290.0,0,0.0,0.0,,0.0,normalDay
2020-03-11,1379.0,-1764.0,0.0,0,274.36,0.0,1,4.89,22.53,SPY200331P00290000,290.0,0,0.0,0.0,,0.0,normalDay
2020-03-12,1379.0,-3953.0,0.0,0,248.11,0.0,1,4.89,44.42,SPY200331P00290000,290.0,0,0.0,0.0,,0.0,normalDay
2020-03-13,1379.0,-1982.0,0.0,0,269.32,0.0,1,4.89,24.71,SPY200331P00290000,290.0,0,0.0,0.0,,0.0,normalDay
2020-03-16,1379.0,-4399.0,0.0,0,239.85,0.0,1,4.89,48.88,SPY200331P00290000,290.0,0,0.0,0.0,,0.0,normalDay
2020-03-17,1379.0,-3588.0,0.0,0,252.8,0.0,1,4.89,40.77,SPY200331P00290000,290.0,0,0.0,0.0,,0.0,normalDay
2020-03-18,1379.0,-4775.0,0.0,0,240.0,0.0,1,4.89,52.64,SPY200331P00290000,290.0,0,0.0,0.0,,0.0,normalDay
2020-03-19,1379.0,-4734.0,0.0,0,240.51,0.0,1,4.89,52.23,SPY200331P00290000,290.0,0,0.0,0.0,,0.0,normalDay
2020-03-20,1379.0,-5657.0,0.0,0,228.8,0.0,1,4.89,61.46,SPY200331P00290000,290.0,0,0.0,0.0,,0.0,normalDay
2020-03-23,1379.0,-6445.0,0.0,0,222.95,0.0,1,4.89,69.34,SPY200331P00290000,290.0,0,0.0,0.0,,0.0,normalDay
2020-03-24,1379.0,-4322.0,0.0,0,243.15,0.0,1,4.89,48.11,SPY200331P00290000,290.0,0,0.0,0.0,,0.0,normalDay
2020-03-25,1379.0,-3842.0,0.0,0,246.79,0.0,1,4.89,43.31,SPY200331P00290000,290.0,0,0.0,0.0,,0.0,normalDay
2020-03-26,1379.0,-2459.0,0.0,0,261.2,0.0,1,4.89,29.48,SPY200331P00290000,290.0,0,0.0,0.0,,0.0,normalDay
2020-03-27,1379.0,-3236.0,0.0,0,253.42,0.0,1,4.89,37.25,SPY200331P00290000,290.0,0,0.0,0.0,,0.0,normalDay
2020-03-30,1379.0,-2429.0,0.0,0,261.65,0.0,1,4.89,29.18,SPY200331P00290000,290.0,0,0.0,0.0,,0.0,normalDay
2020-03-31,1868.0,-3225.0,489.0,100,257.75,290.0,1,4.89,0.0,SPY200331P00290000,290.0,0,0.0,0.0,,0.0,expirationDay
2020-04-01,1868.0,-4397.0,0.0,100,246.15,290.0,0,0.0,0.0,,0.0,1,2.82,2.94,SPY200501C00272500,272.5,normalDay
2020-04-02,1868.0,-3883.0,0.0,100,251.83,290.0,0,0.0,0.0,,0.0,1,2.82,3.48,SPY200501C00272500,272.5,normalDay
2020-04-03,1868.0,-4072.0,0.0,100,248.19,290.0,0,0.0,0.0,,0.0,1,2.82,1.73,SPY200501C00272500,272.5,normalDay
2020-04-06,1868.0,-2910.0,0.0,100,264.86,290.0,0,0.0,0.0,,0.0,1,2.82,6.78,SPY200501C00272500,272.5,normalDay
2020-04-07,1868.0,-2902.0,0.0,100,265.13,290.0,0,0.0,0.0,,0.0,1,2.82,6.97,SPY200501C00272500,272.5,normalDay
2020-04-08,1868.0,-2466.0,0.0,100,274.03,290.0,0,0.0,0.0,,0.0,1,2.82,11.51,SPY200501C00272500,272.5,normalDay
2020-04-09,1868.0,-2308.0,0.0,100,278.2,290.0,0,0.0,0.0,,0.0,1,2.82,14.1,SPY200501C00272500,272.5,normalDay
2020-04-13,1868.0,-2293.0,0.0,100,275.66,290.0,0,0.0,0.0,,0.0,1,2.82,11.41,SPY200501C00272500,272.5,normalDay
2020-04-14,1868.0,-1980.0,0.0,100,283.79,290.0,0,0.0,0.0,,0.0,1,2.82,16.41,SPY200501C00272500,272.5,normalDay
2020-04-15,1868.0,-2147.0,0.0,100,277.76,290.0,0,0.0,0.0,,0.0,1,2.82,12.05,SPY200501C00272500,272.5,normalDay
2020-04-16,1868.0,-2071.0,0.0,100,279.1,290.0,0,0.0,0.0,,0.0,1,2.82,12.63,SPY200501C00272500,272.5,normalDay
2020-04-17,1868.0,-1845.0,0.0,100,286.64,290.0,0,0.0,0.0,,0.0,1,2.82,17.91,SPY200501C00272500,272.5,normalDay
2020-04-20,1868.0,-1943.0,0.0,100,281.59,290.0,0,0.0,0.0,,0.0,1,2.82,13.84,SPY200501C00272500,272.5,normalDay
2020-04-21,1868.0,-2247.0,0.0,100,273.04,290.0,0,0.0,0.0,,0.0,1,2.82,8.33,SPY200501C00272500,272.5,normalDay
2020-04-22,1868.0,-1866.0,0.0,100,279.1,290.0,0,0.0,0.0,,0.0,1,2.82,10.58,SPY200501C00272500,272.5,normalDay
2020-04-23,1868.0,-1815.0,0.0,100,279.08,290.0,0,0.0,0.0,,0.0,1,2.82,10.05,SPY200501C00272500,272.5,normalDay
2020-04-24,1868.0,-1615.0,0.0,100,282.97,290.0,0,0.0,0.0,,0.0,1,2.82,11.94,SPY200501C00272500,272.5,normalDay
2020-04-27,1868.0,-1518.0,0.0,100,287.05,290.0,0,0.0,0.0,,0.0,1,2.82,15.05,SPY200501C00272500,272.5,normalDay
2020-04-28,1868.0,-1552.0,0.0,100,285.73,290.0,0,0.0,0.0,,0.0,1,2.82,14.07,SPY200501C00272500,272.5,normalDay
2020-04-29,1868.0,-1486.0,0.0,100,293.21,290.0,0,0.0,0.0,,0.0,1,2.82,20.89,SPY200501C00272500,272.5,normalDay
2020-04-30,1868.0,-1372.0,0.0,100,290.48,290.0,0,0.0,0.0,,0.0,1,2.82,17.02,SPY200501C00272500,272.5,normalDay
2020-05-01,400.0,-1372.0,-1468.0,0,282.79,0.0,0,0.0,0.0,,0.0,1,2.82,0.0,SPY200501C00272500,272.5,expirationDay
2020-05-04,400.0,-13.0,0.0,0,283.57,0.0,1,12.28,12.41,SPY200918P00251000,251.0,0,0.0,0.0,,0.0,normalDay
2020-05-05,400.0,106.0,0.0,0,286.19,0.0,1,12.28,11.22,SPY200918P00251000,251.0,0,0.0,0.0,,0.0,normalDay
2020-05-06,400.0,69.0,0.0,0,284.25,0.0,1,12.28,11.59,SPY200918P00251000,251.0,0,0.0,0.0,,0.0,normalDay
2020-05-07,400.0,205.0,0.0,0,287.68,0.0,1,12.28,10.23,SPY200918P00251000,251.0,0,0.0,0.0,,0.0,normalDay
2020-05-08,400.0,393.0,0.0,0,292.44,0.0,1,12.28,8.35,SPY200918P00251000,251.0,0,0.0,0.0,,0.0,normalDay
2020-05-11,400.0,444.0,0.0,0,292.5,0.0,1,12.28,7.84,SPY200918P00251000,251.0,0,0.0,0.0,,0.0,normalDay
2020-05-12,400.0,232.0,0.0,0,286.67,0.0,1,12.28,9.96,SPY200918P00251000,251.0,0,0.0,0.0,,0.0,normalDay
2020-05-13,400.0,100.0,0.0,0,281.6,0.0,1,12.28,11.28,SPY200918P00251000,251.0,0,0.0,0.0,,0.0,normalDay
2020-05-14,400.0,214.0,0.0,0,284.97,0.0,1,12.28,10.14,SPY200918P00251000,251.0,0,0.0,0.0,,0.0,normalDay
2020-05-15,400.0,252.0,0.0,0,286.28,0.0,1,12.28,9.76,SPY200918P00251000,251.0,0,0.0,0.0,,0.0,normalDay
2020-05-18,400.0,492.0,0.0,0,295.0,0.0,1,12.28,7.36,SPY200918P00251000,251.0,0,0.0,0.0,,0.0,normalDay
2020-05-19,400.0,432.0,0.0,0,291.97,0.0,1,12.28,7.96,SPY200918P00251000,251.0,0,0.0,0.0,,0.0,normalDay
2020-05-20,400.0,578.0,0.0,0,296.93,0.0,1,12.28,6.5,SPY200918P00251000,251.0,0,0.0,0.0,,0.0,normalDay
2020-05-21,400.0,511.0,0.0,0,294.88,0.0,1,12.28,7.17,SPY200918P00251000,251.0,0,0.0,0.0,,0.0,normalDay
2020-05-22,400.0,542.0,0.0,0,295.44,0.0,1,12.28,6.86,SPY200918P00251000,251.0,0,0.0,0.0,,0.0,normalDay
2020-05-26,400.0,628.0,0.0,0,299.08,0.0,1,12.28,6.0,SPY200918P00251000,251.0,0,0.0,0.0,,0.0,normalDay
2020-05-27,400.0,707.0,0.0,0,303.53,0.0,1,12.28,5.21,SPY200918P00251000,251.0,0,0.0,0.0,,0.0,normalDay
2020-05-28,400.0,686.0,0.0,0,302.97,0.0,1,12.28,5.42,SPY200918P00251000,251.0,0,0.0,0.0,,0.0,normalDay
2020-05-29,400.0,730.0,0.0,0,304.32,0.0,1,12.28,4.98,SPY200918P00251000,251.0,0,0.0,0.0,,0.0,normalDay
2020-06-01,400.0,728.0,0.0,0,305.55,0.0,1,12.28,5.0,SPY200918P00251000,251.0,0,0.0,0.0,,0.0,normalDay
2020-06-02,400.0,784.0,0.0,0,308.08,0.0,1,12.28,4.44,SPY200918P00251000,251.0,0,0.0,0.0,,0.0,normalDay
2020-06-03,400.0,847.0,0.0,0,312.18,0.0,1,12.28,3.81,SPY200918P00251000,251.0,0,0.0,0.0,,0.0,normalDay
2020-06-04,400.0,855.0,0.0,0,311.36,0.0,1,12.28,3.73,SPY200918P00251000,251.0,0,0.0,0.0,,0.0,normalDay
2020-06-05,400.0,941.0,0.0,0,319.34,0.0,1,12.28,2.87,SPY200918P00251000,251.0,0,0.0,0.0,,0.0,normalDay
2020-06-08,400.0,956.0,0.0,0,323.2,0.0,1,12.28,2.72,SPY200918P00251000,251.0,0,0.0,0.0,,0.0,normalDay
2020-06-09,400.0,909.0,0.0,0,320.79,0.0,1,12.28,3.19,SPY200918P00251000,251.0,0,0.0,0.0,,0.0,normalDay
2020-06-10,400.0,891.0,0.0,0,319.0,0.0,1,12.28,3.37,SPY200918P00251000,251.0,0,0.0,0.0,,0.0,normalDay
2020-06-11,400.0,437.0,0.0,0,300.61,0.0,1,12.28,7.91,SPY200918P00251000,251.0,0,0.0,0.0,,0.0,normalDay
2020-06-12,400.0,565.0,0.0,0,304.21,0.0,1,12.28,6.63,SPY200918P00251000,251.0,0,0.0,0.0,,0.0,normalDay
2020-06-15,400.0,653.0,0.0,0,307.05,0.0,1,12.28,5.75,SPY200918P00251000,251.0,0,0.0,0.0,,0.0,normalDay
2020-06-16,400.0,727.0,0.0,0,312.96,0.0,1,12.28,5.01,SPY200918P00251000,251.0,0,0.0,0.0,,0.0,normalDay
2020-06-17,400.0,730.0,0.0,0,311.66,0.0,1,12.28,4.98,SPY200918P00251000,251.0,0,0.0,0.0,,0.0,normalDay
2020-06-18,400.0,753.0,0.0,0,311.78,0.0,1,12.28,4.75,SPY200918P00251000,251.0,0,0.0,0.0,,0.0,normalDay
2020-06-19,400.0,701.0,0.0,0,308.64,0.0,1,12.28,5.27,SPY200918P00251000,251.0,0,0.0,0.0,,0.0,normalDay
2020-06-22,400.0,817.0,0.0,0,310.62,0.0,1,12.28,4.11,SPY200918P00251000,251.0,0,0.0,0.0,,0.0,normalDay
2020-06-23,400.0,841.0,0.0,0,312.05,0.0,1,12.28,3.87,SPY200918P00251000,251.0,0,0.0,0.0,,0.0,normalDay
2020-06-24,400.0,745.0,0.0,0,304.09,0.0,1,12.28,4.83,SPY200918P00251000,251.0,0,0.0,0.0,,0.0,normalDay
2020-06-25,400.0,826.0,0.0,0,307.35,0.0,1,12.28,4.02,SPY200918P00251000,251.0,0,0.0,0.0,,0.0,normalDay
2020-06-26,400.0,727.0,0.0,0,300.05,0.0,1,12.28,5.01,SPY200918P00251000,251.0,0,0.0,0.0,,0.0,normalDay
2020-06-29,400.0,829.0,0.0,0,304.46,0.0,1,12.28,3.99,SPY200918P00251000,251.0,0,0.0,0.0,,0.0,normalDay
2020-06-30,400.0,906.0,0.0,0,308.36,0.0,1,12.28,3.22,SPY200918P00251000,251.0,0,0.0,0.0,,0.0,normalDay
2020-07-01,400.0,942.0,0.0,0,310.52,0.0,1,12.28,2.86,SPY200918P00251000,251.0,0,0.0,0.0,,0.0,normalDay
2020-07-02,400.0,972.0,0.0,0,312.23,0.0,1,12.28,2.56,SPY200918P00251000,251.0,0,0.0,0.0,,0.0,normalDay
2020-07-06,400.0,1007.0,0.0,0,317.05,0.0,1,12.28,2.21,SPY200918P00251000,251.0,0,0.0,0.0,,0.0,normalDay
2020-07-07,400.0,975.0,0.0,0,313.78,0.0,1,12.28,2.53,SPY200918P00251000,251.0,0,0.0,0.0,,0.0,normalDay
2020-07-08,400.0,1013.0,0.0,0,316.18,0.0,1,12.28,2.15,SPY200918P00251000,251.0,0,0.0,0.0,,0.0,normalDay
2020-07-09,400.0,991.0,0.0,0,314.38,0.0,1,12.28,2.37,SPY200918P00251000,251.0,0,0.0,0.0,,0.0,normalDay
2020-07-10,400.0,1028.0,0.0,0,317.59,0.0,1,12.28,2.0,SPY200918P00251000,251.0,0,0.0,0.0,,0.0,normalDay
2020-07-13,400.0,951.0,0.0,0,314.84,0.0,1,12.28,2.77,SPY200918P00251000,251.0,0,0.0,0.0,,0.0,normalDay
2020-07-14,400.0,1020.0,0.0,0,318.92,0.0,1,12.28,2.08,SPY200918P00251000,251.0,0,0.0,0.0,,0.0,normalDay
2020-07-15,400.0,1058.0,0.0,0,321.85,0.0,1,12.28,1.7,SPY200918P00251000,251.0,0,0.0,0.0,,0.0,normalDay
2020-07-16,400.0,1054.0,0.0,0,320.79,0.0,1,12.28,1.74,SPY200918P00251000,251.0,0,0.0,0.0,,0.0,normalDay
2020-07-17,400.0,1094.0,0.0,0,321.72,0.0,1,12.28,1.34,SPY200918P00251000,251.0,0,0.0,0.0,,0.0,normalDay
2020-07-20,400.0,1117.0,0.0,0,324.32,0.0,1,12.28,1.11,SPY200918P00251000,251.0,0,0.0,0.0,,0.0,normalDay
2020-07-21,400.0,1117.0,0.0,0,325.01,0.0,1,12.28,1.11,SPY200918P00251000,251.0,0,0.0,0.0,,0.0,normalDay
2020-07-22,400.0,1126.0,0.0,0,326.86,0.0,1,12.28,1.02,SPY200918P00251000,251.0,0,0.0,0.0,,0.0,normalDay
2020-07-23,400.0,1103.0,0.0,0,322.96,0.0,1,12.28,1.25,SPY200918P00251000,251.0,0,0.0,0.0,,0.0,normalDay
2020-07-24,400.0,1110.0,0.0,0,320.88,0.0,1,12.28,1.18,SPY200918P00251000,251.0,0,0.0,0.0,,0.0,normalDay
2020-07-27,400.0,1132.0,0.0,0,323.22,0.0,1,12.28,0.96,SPY200918P00251000,251.0,0,0.0,0.0,,0.0,normalDay
2020-07-28,400.0,1130.0,0.0,0,321.17,0.0,1,12.28,0.98,SPY200918P00251000,251.0,0,0.0,0.0,,0.0,normalDay
2020-07-29,400.0,1148.0,0.0,0,325.12,0.0,1,12.28,0.8,SPY200918P00251000,251.0,0,0.0,0.0,,0.0,normalDay
2020-07-30,400.0,1146.0,0.0,0,323.96,0.0,1,12.28,0.82,SPY200918P00251000,251.0,0,0.0,0.0,,0.0,normalDay
2020-07-31,400.0,1160.0,0.0,0,326.52,0.0,1,12.28,0.68,SPY200918P00251000,251.0,0,0.0,0.0,,0.0,normalDay
2020-08-03,400.0,1166.0,0.0,0,328.79,0.0,1,12.28,0.62,SPY200918P00251000,251.0,0,0.0,0.0,,0.0,normalDay
2020-08-04,400.0,1174.0,0.0,0,330.06,0.0,1,12.28,0.54,SPY200918P00251000,251.0,0,0.0,0.0,,0.0,normalDay
2020-08-05,400.0,1180.0,0.0,0,332.11,0.0,1,12.28,0.48,SPY200918P00251000,251.0,0,0.0,0.0,,0.0,normalDay
2020-08-06,400.0,1182.0,0.0,0,334.33,0.0,1,12.28,0.46,SPY200918P00251000,251.0,0,0.0,0.0,,0.0,normalDay
2020-08-07,400.0,1187.0,0.0,0,334.57,0.0,1,12.28,0.41,SPY200918P00251000,251.0,0,0.0,0.0,,0.0,normalDay
2020-08-10,400.0,1193.0,0.0,0,335.57,0.0,1,12.28,0.35,SPY200918P00251000,251.0,0,0.0,0.0,,0.0,normalDay
2020-08-11,400.0,1183.0,0.0,0,332.8,0.0,1,12.28,0.45,SPY200918P00251000,251.0,0,0.0,0.0,,0.0,normalDay
2020-08-12,400.0,1195.0,0.0,0,337.44,0.0,1,12.28,0.33,SPY200918P00251000,251.0,0,0.0,0.0,,0.0,normalDay
2020-08-13,400.0,1196.0,0.0,0,336.83,0.0,1,12.28,0.32,SPY200918P00251000,251.0,0,0.0,0.0,,0.0,normalDay
2020-08-14,400.0,1199.0,0.0,0,336.84,0.0,1,12.28,0.29,SPY200918P00251000,251.0,0,0.0,0.0,,0.0,normalDay
2020-08-17,400.0,1205.0,0.0,0,337.91,0.0,1,12.28,0.23,SPY200918P00251000,251.0,0,0.0,0.0,,0.0,normalDay
2020-08-18,400.0,1206.0,0.0,0,338.64,0.0,1,12.28,0.22,SPY200918P00251000,251.0,0,0.0,0.0,,0.0,normalDay
2020-08-19,400.0,1203.0,0.0,0,337.23,0.0,1,12.28,0.25,SPY200918P00251000,251.0,0,0.0,0.0,,0.0,normalDay
2020-08-20,400.0,1202.0,0.0,0,338.28,0.0,1,12.28,0.26,SPY200918P00251000,251.0,0,0.0,0.0,,0.0,normalDay
2020-08-21,400.0,1205.0,0.0,0,339.48,0.0,1,12.28,0.23,SPY200918P00251000,251.0,0,0.0,0.0,,0.0,normalDay
2020-08-24,400.0,1209.0,0.0,0,342.92,0.0,1,12.28,0.19,SPY200918P00251000,251.0,0,0.0,0.0,,0.0,normalDay
2020-08-25,400.0,1212.0,0.0,0,344.12,0.0,1,12.28,0.16,SPY200918P00251000,251.0,0,0.0,0.0,,0.0,normalDay
2020-08-26,400.0,1212.0,0.0,0,347.57,0.0,1,12.28,0.16,SPY200918P00251000,251.0,0,0.0,0.0,,0.0,normalDay
2020-08-27,400.0,1212.0,0.0,0,348.33,0.0,1,12.28,0.16,SPY200918P00251000,251.0,0,0.0,0.0,,0.0,normalDay
2020-08-28,400.0,1218.0,0.0,0,350.58,0.0,1,12.28,0.1,SPY200918P00251000,251.0,0,0.0,0.0,,0.0,normalDay
2020-08-31,400.0,1215.0,0.0,0,349.31,0.0,1,12.28,0.13,SPY200918P00251000,251.0,0,0.0,0.0,,0.0,normalDay
2020-09-01,400.0,1220.0,0.0,0,352.6,0.0,1,12.28,0.08,SPY200918P00251000,251.0,0,0.0,0.0,,0.0,normalDay
2020-09-02,400.0,1219.0,0.0,0,357.7,0.0,1,12.28,0.09,SPY200918P00251000,251.0,0,0.0,0.0,,0.0,normalDay
2020-09-03,400.0,1208.0,0.0,0,345.39,0.0,1,12.28,0.2,SPY200918P00251000,251.0,0,0.0,0.0,,0.0,normalDay
2020-09-04,400.0,1215.0,0.0,0,342.57,0.0,1,12.28,0.13,SPY200918P00251000,251.0,0,0.0,0.0,,0.0,normalDay
2020-09-08,400.0,1220.0,0.0,0,333.21,0.0,1,12.28,0.08,SPY200918P00251000,251.0,0,0.0,0.0,,0.0,normalDay
2020-09-09,400.0,1222.0,0.0,0,339.79,0.0,1,12.28,0.06,SPY200918P00251000,251.0,0,0.0,0.0,,0.0,normalDay
2020-09-10,400.0,1224.0,0.0,0,333.89,0.0,1,12.28,0.04,SPY200918P00251000,251.0,0,0.0,0.0,,0.0,normalDay
2020-09-11,400.0,1226.0,0.0,0,334.06,0.0,1,12.28,0.02,SPY200918P00251000,251.0,0,0.0,0.0,,0.0,normalDay
2020-09-14,400.0,1227.0,0.0,0,338.46,0.0,1,12.28,0.01,SPY200918P00251000,251.0,0,0.0,0.0,,0.0,normalDay
2020-09-15,400.0,1227.0,0.0,0,340.17,0.0,1,12.28,0.01,SPY200918P00251000,251.0,0,0.0,0.0,,0.0,normalDay
2020-09-16,400.0,1227.0,0.0,0,338.82,0.0,1,12.28,0.01,SPY200918P00251000,251.0,0,0.0,0.0,,0.0,normalDay
2020-09-17,400.0,1227.0,0.0,0,335.84,0.0,1,12.28,0.01,SPY200918P00251000,251.0,0,0.0,0.0,,0.0,normalDay
2020-09-18,1628.0,0.0,1228.0,0,330.65,0.0,1,12.28,0.0,SPY200918P00251000,251.0,0,0.0,0.0,,0.0,expirationDay
2020-09-21,1628.0,-8.0,0.0,0,326.97,0.0,1,13.84,13.92,SPY210115P00310000,310.0,0,0.0,0.0,,0.0,normalDay
2020-09-22,1628.0,47.0,0.0,0,330.3,0.0,1,13.84,13.37,SPY210115P00310000,310.0,0,0.0,0.0,,0.0,normalDay
2020-09-23,1628.0,-224.0,0.0,0,322.64,0.0,1,13.84,16.08,SPY210115P00310000,310.0,0,0.0,0.0,,0.0,normalDay
2020-09-24,1628.0,-160.0,0.0,0,323.5,0.0,1,13.84,15.44,SPY210115P00310000,310.0,0,0.0,0.0,,0.0,normalDay
2020-09-25,1628.0,26.0,0.0,0,328.73,0.0,1,13.84,13.58,SPY210115P00310000,310.0,0,0.0,0.0,,0.0,normalDay
2020-09-28,1628.0,194.0,0.0,0,334.19,0.0,1,13.84,11.9,SPY210115P00310000,310.0,0,0.0,0.0,,0.0,normalDay
2020-09-29,1628.0,182.0,0.0,0,332.37,0.0,1,13.84,12.02,SPY210115P00310000,310.0,0,0.0,0.0,,0.0,normalDay
2020-09-30,1628.0,191.0,0.0,0,334.89,0.0,1,13.84,11.93,SPY210115P00310000,310.0,0,0.0,0.0,,0.0,normalDay
2020-10-01,1628.0,256.0,0.0,0,337.04,0.0,1,13.84,11.28,SPY210115P00310000,310.0,0,0.0,0.0,,0.0,normalDay
2020-10-02,1628.0,160.0,0.0,0,333.84,0.0,1,13.84,12.24,SPY210115P00310000,310.0,0,0.0,0.0,,0.0,normalDay
2020-10-05,1628.0,355.0,0.0,0,339.76,0.0,1,13.84,10.29,SPY210115P00310000,310.0,0,0.0,0.0,,0.0,normalDay
2020-10-06,1628.0,245.0,0.0,0,334.93,0.0,1,13.84,11.39,SPY210115P00310000,310.0,0,0.0,0.0,,0.0,normalDay
2020-10-07,1628.0,437.0,0.0,0,340.76,0.0,1,13.84,9.47,SPY210115P00310000,310.0,0,0.0,0.0,,0.0,normalDay
2020-10-08,1628.0,558.0,0.0,0,343.78,0.0,1,13.84,8.26,SPY210115P00310000,310.0,0,0.0,0.0,,0.0,normalDay
2020-10-09,1628.0,683.0,0.0,0,346.85,0.0,1,13.84,7.01,SPY210115P00310000,310.0,0,0.0,0.0,,0.0,normalDay
2020-10-12,1628.0,785.0,0.0,0,352.43,0.0,1,13.84,5.99,SPY210115P00310000,310.0,0,0.0,0.0,,0.0,normalDay
2020-10-13,1628.0,741.0,0.0,0,350.13,0.0,1,13.84,6.43,SPY210115P00310000,310.0,0,0.0,0.0,,0.0,normalDay
2020-10-14,1628.0,720.0,0.0,0,347.93,0.0,1,13.84,6.64,SPY210115P00310000,310.0,0,0.0,0.0,,0.0,normalDay
2020-10-15,1628.0,708.0,0.0,0,347.5,0.0,1,13.84,6.76,SPY210115P00310000,310.0,0,0.0,0.0,,0.0,normalDay
2020-10-16,1628.0,678.0,0.0,0,347.29,0.0,1,13.84,7.06,SPY210115P00310000,310.0,0,0.0,0.0,,0.0,normalDay
2020-10-19,1628.0,570.0,0.0,0,342.01,0.0,1,13.84,8.14,SPY210115P00310000,310.0,0,0.0,0.0,,0.0,normalDay
2020-10-20,1628.0,588.0,0.0,0,343.38,0.0,1,13.84,7.96,SPY210115P00310000,310.0,0,0.0,0.0,,0.0,normalDay
2020-10-21,1628.0,632.0,0.0,0,342.73,0.0,1,13.84,7.52,SPY210115P00310000,310.0,0,0.0,0.0,,0.0,normalDay
2020-10-22,1628.0,671.0,0.0,0,344.61,0.0,1,13.84,7.13,SPY210115P00310000,310.0,0,0.0,0.0,,0.0,normalDay
2020-10-23,1628.0,701.0,0.0,0,345.78,0.0,1,13.84,6.83,SPY210115P00310000,310.0,0,0.0,0.0,,0.0,normalDay
2020-10-26,1628.0,505.0,0.0,0,339.39,0.0,1,13.84,8.79,SPY210115P00310000,310.0,0,0.0,0.0,,0.0,normalDay
2020-10-27,1628.0,471.0,0.0,0,338.22,0.0,1,13.84,9.13,SPY210115P00310000,310.0,0,0.0,0.0,,0.0,normalDay
2020-10-28,1628.0,-34.0,0.0,0,326.66,0.0,1,13.84,14.18,SPY210115P00310000,310.0,0,0.0,0.0,,0.0,normalDay
2020-10-29,1628.0,216.0,0.0,0,329.98,0.0,1,13.84,11.68,SPY210115P00310000,310.0,0,0.0,0.0,,0.0,normalDay
2020-10-30,1628.0,95.0,0.0,0,326.54,0.0,1,13.84,12.89,SPY210115P00310000,310.0,0,0.0,0.0,,0.0,normalDay
2020-11-02,1628.0,275.0,0.0,0,330.2,0.0,1,13.84,11.09,SPY210115P00310000,310.0,0,0.0,0.0,,0.0,normalDay
2020-11-03,1628.0,458.0,0.0,0,336.03,0.0,1,13.84,9.26,SPY210115P00310000,310.0,0,0.0,0.0,,0.0,normalDay
2020-11-04,1628.0,747.0,0.0,0,343.54,0.0,1,13.84,6.37,SPY210115P00310000,310.0,0,0.0,0.0,,0.0,normalDay
2020-11-05,1628.0,858.0,0.0,0,350.24,0.0,1,13.84,5.26,SPY210115P00310000,310.0,0,0.0,0.0,,0.0,normalDay
2020-11-06,1628.0,922.0,0.0,0,350.16,0.0,1,13.84,4.62,SPY210115P00310000,310.0,0,0.0,0.0,,0.0,normalDay
2020-11-09,1628.0,1013.0,0.0,0,354.56,0.0,1,13.84,3.71,SPY210115P00310000,310.0,0,0.0,0.0,,0.0,normalDay
2020-11-10,1628.0,1024.0,0.0,0,354.04,0.0,1,13.84,3.6,SPY210115P00310000,310.0,0,0.0,0.0,,0.0,normalDay
2020-11-11,1628.0,1075.0,0.0,0,356.67,0.0,1,13.84,3.09,SPY210115P00310000,310.0,0,0.0,0.0,,0.0,normalDay
2020-11-12,1628.0,1001.0,0.0,0,353.21,0.0,1,13.84,3.83,SPY210115P00310000,310.0,0,0.0,0.0,,0.0,normalDay
2020-11-13,1628.0,1092.0,0.0,0,358.1,0.0,1,13.84,2.92,SPY210115P00310000,310.0,0,0.0,0.0,,0.0,normalDay
2020-11-16,1628.0,1148.0,0.0,0,362.57,0.0,1,13.84,2.36,SPY210115P00310000,310.0,0,0.0,0.0,,0.0,normalDay
2020-11-17,1628.0,1144.0,0.0,0,360.62,0.0,1,13.84,2.4,SPY210115P00310000,310.0,0,0.0,0.0,,0.0,normalDay
2020-11-18,1628.0,1104.0,0.0,0,356.28,0.0,1,13.84,2.8,SPY210115P00310000,310.0,0,0.0,0.0,,0.0,normalDay
2020-11-19,1628.0,1139.0,0.0,0,357.78,0.0,1,13.84,2.45,SPY210115P00310000,310.0,0,0.0,0.0,,0.0,normalDay
2020-11-20,1628.0,1117.0,0.0,0,355.33,0.0,1,13.84,2.67,SPY210115P00310000,310.0,0,0.0,0.0,,0.0,normalDay
2020-11-23,1628.0,1161.0,0.0,0,357.46,0.0,1,13.84,2.23,SPY210115P00310000,310.0,0,0.0,0.0,,0.0,normalDay
2020-11-24,1628.0,1215.0,0.0,0,363.22,0.0,1,13.84,1.69,SPY210115P00310000,310.0,0,0.0,0.0,,0.0,normalDay
2020-11-25,1628.0,1228.0,0.0,0,362.66,0.0,1,13.84,1.56,SPY210115P00310000,310.0,0,0.0,0.0,,0.0,normalDay
2020-11-27,1628.0,1247.0,0.0,0,363.67,0.0,1,13.84,1.37,SPY210115P00310000,310.0,0,0.0,0.0,,0.0,normalDay
2020-11-30,1628.0,1259.0,0.0,0,362.06,0.0,1,13.84,1.25,SPY210115P00310000,310.0,0,0.0,0.0,,0.0,normalDay
2020-12-01,1628.0,1268.0,0.0,0,366.02,0.0,1,13.84,1.16,SPY210115P00310000,310.0,0,0.0,0.0,,0.0,normalDay
2020-12-02,1628.0,1272.0,0.0,0,366.79,0.0,1,13.84,1.12,SPY210115P00310000,310.0,0,0.0,0.0,,0.0,normalDay
2020-12-03,1628.0,1269.0,0.0,0,366.69,0.0,1,13.84,1.15,SPY210115P00310000,310.0,0,0.0,0.0,,0.0,normalDay
2020-12-04,1628.0,1297.0,0.0,0,369.85,0.0,1,13.84,0.87,SPY210115P00310000,310.0,0,0.0,0.0,,0.0,normalDay
2020-12-07,1628.0,1301.0,0.0,0,369.09,0.0,1,13.84,0.83,SPY210115P00310000,310.0,0,0.0,0.0,,0.0,normalDay
2020-12-08,1628.0,1317.0,0.0,0,370.17,0.0,1,13.84,0.67,SPY210115P00310000,310.0,0,0.0,0.0,,0.0,normalDay
2020-12-09,1628.0,1303.0,0.0,0,366.85,0.0,1,13.84,0.81,SPY210115P00310000,310.0,0,0.0,0.0,,0.0,normalDay
2020-12-10,1628.0,1304.0,0.0,0,366.73,0.0,1,13.84,0.8,SPY210115P00310000,310.0,0,0.0,0.0,,0.0,normalDay
2020-12-11,1628.0,1296.0,0.0,0,366.3,0.0,1,13.84,0.88,SPY210115P00310000,310.0,0,0.0,0.0,,0.0,normalDay
2020-12-14,1628.0,1287.0,0.0,0,364.66,0.0,1,13.84,0.97,SPY210115P00310000,310.0,0,0.0,0.0,,0.0,normalDay
2020-12-15,1628.0,1314.0,0.0,0,369.59,0.0,1,13.84,0.7,SPY210115P00310000,310.0,0,0.0,0.0,,0.0,normalDay
2020-12-16,1628.0,1322.0,0.0,0,370.17,0.0,1,13.84,0.62,SPY210115P00310000,310.0,0,0.0,0.0,,0.0,normalDay
2020-12-17,1628.0,1332.0,0.0,0,372.24,0.0,1,13.84,0.52,SPY210115P00310000,310.0,0,0.0,0.0,,0.0,normalDay
2020-12-18,1628.0,1336.0,0.0,0,369.18,0.0,1,13.84,0.48,SPY210115P00310000,310.0,0,0.0,0.0,,0.0,normalDay
2020-12-21,1628.0,1318.0,0.0,0,367.86,0.0,1,13.84,0.66,SPY210115P00310000,310.0,0,0.0,0.0,,0.0,normalDay
2020-12-22,1628.0,1327.0,0.0,0,367.24,0.0,1,13.84,0.57,SPY210115P00310000,310.0,0,0.0,0.0,,0.0,normalDay
2020-12-23,1628.0,1336.0,0.0,0,367.57,0.0,1,13.84,0.48,SPY210115P00310000,310.0,0,0.0,0.0,,0.0,normalDay
2020-12-24,1628.0,1348.0,0.0,0,369.0,0.0,1,13.84,0.36,SPY210115P00310000,310.0,0,0.0,0.0,,0.0,normalDay
2020-12-28,1628.0,1359.0,0.0,0,372.17,0.0,1,13.84,0.25,SPY210115P00310000,310.0,0,0.0,0.0,,0.0,normalDay
2020-12-29,1628.0,1355.0,0.0,0,371.46,0.0,1,13.84,0.29,SPY210115P00310000,310.0,0,0.0,0.0,,0.0,normalDay
2020-12-30,1628.0,1359.0,0.0,0,371.99,0.0,1,13.84,0.25,SPY210115P00310000,310.0,0,0.0,0.0,,0.0,normalDay
2020-12-31,1628.0,1360.0,0.0,0,373.88,0.0,1,13.84,0.24,SPY210115P00310000,310.0,0,0.0,0.0,,0.0,normalDay
2021-01-04,1628.0,1359.0,0.0,0,368.79,0.0,1,13.84,0.25,SPY210115P00310000,310.0,0,0.0,0.0,,0.0,normalDay
2021-01-05,1628.0,1368.0,0.0,0,371.33,0.0,1,13.84,0.16,SPY210115P00310000,310.0,0,0.0,0.0,,0.0,normalDay
2021-01-06,1628.0,1364.0,0.0,0,373.55,0.0,1,13.84,0.2,SPY210115P00310000,310.0,0,0.0,0.0,,0.0,normalDay
2021-01-07,1628.0,1376.0,0.0,0,379.1,0.0,1,13.84,0.08,SPY210115P00310000,310.0,0,0.0,0.0,,0.0,normalDay
2021-01-08,1628.0,1380.0,0.0,0,381.26,0.0,1,13.84,0.04,SPY210115P00310000,310.0,0,0.0,0.0,,0.0,normalDay
2021-01-11,1628.0,1380.0,0.0,0,378.69,0.0,1,13.84,0.04,SPY210115P00310000,310.0,0,0.0,0.0,,0.0,normalDay
2021-01-12,1628.0,1382.0,0.0,0,378.77,0.0,1,13.84,0.02,SPY210115P00310000,310.0,0,0.0,0.0,,0.0,normalDay
2021-01-13,1628.0,1383.0,0.0,0,379.79,0.0,1,13.84,0.01,SPY210115P00310000,310.0,0,0.0,0.0,,0.0,normalDay
2021-01-14,1628.0,1383.0,0.0,0,378.46,0.0,1,13.84,0.01,SPY210115P00310000,310.0,0,0.0,0.0,,0.0,normalDay
2021-01-15,3012.0,0.0,1384.0,0,375.7,0.0,1,13.84,0.0,SPY210115P00310000,310.0,0,0.0,0.0,,0.0,expirationDay
2021-01-19,3012.0,-8.0,0.0,0,378.65,0.0,1,11.65,11.73,SPY210521P00355000,355.0,0,0.0,0.0,,0.0,normalDay
2021-01-20,3012.0,152.0,0.0,0,383.89,0.0,1,11.65,10.13,SPY210521P00355000,355.0,0,0.0,0.0,,0.0,normalDay
2021-01-21,3012.0,165.0,0.0,0,384.24,0.0,1,11.65,10.0,SPY210521P00355000,355.0,0,0.0,0.0,,0.0,normalDay
2021-01-22,3012.0,127.0,0.0,0,382.88,0.0,1,11.65,10.38,SPY210521P00355000,355.0,0,0.0,0.0,,0.0,normalDay
2021-01-25,3012.0,130.0,0.0,0,384.39,0.0,1,11.65,10.35,SPY210521P00355000,355.0,0,0.0,0.0,,0.0,normalDay
2021-01-26,3012.0,122.0,0.0,0,383.79,0.0,1,11.65,10.43,SPY210521P00355000,355.0,0,0.0,0.0,,0.0,normalDay
2021-01-27,3012.0,-414.0,0.0,0,374.41,0.0,1,11.65,15.79,SPY210521P00355000,355.0,0,0.0,0.0,,0.0,normalDay
2021-01-28,3012.0,-207.0,0.0,0,377.63,0.0,1,11.65,13.72,SPY210521P00355000,355.0,0,0.0,0.0,,0.0,normalDay
2021-01-29,3012.0,-560.0,0.0,0,370.07,0.0,1,11.65,17.25,SPY210521P00355000,355.0,0,0.0,0.0,,0.0,normalDay
2021-02-01,3012.0,-257.0,0.0,0,376.23,0.0,1,11.65,14.22,SPY210521P00355000,355.0,0,0.0,0.0,,0.0,normalDay
2021-02-02,3012.0,46.0,0.0,0,381.55,0.0,1,11.65,11.19,SPY210521P00355000,355.0,0,0.0,0.0,,0.0,normalDay
2021-02-03,3012.0,131.0,0.0,0,381.85,0.0,1,11.65,10.34,SPY210521P00355000,355.0,0,0.0,0.0,,0.0,normalDay
2021-02-04,3012.0,256.0,0.0,0,386.19,0.0,1,11.65,9.09,SPY210521P00355000,355.0,0,0.0,0.0,,0.0,normalDay
2021-02-05,3012.0,295.0,0.0,0,387.71,0.0,1,11.65,8.7,SPY210521P00355000,355.0,0,0.0,0.0,,0.0,normalDay
2021-02-08,3012.0,360.0,0.0,0,390.51,0.0,1,11.65,8.05,SPY210521P00355000,355.0,0,0.0,0.0,,0.0,normalDay
2021-02-09,3012.0,355.0,0.0,0,390.25,0.0,1,11.65,8.1,SPY210521P00355000,355.0,0,0.0,0.0,,0.0,normalDay
2021-02-10,3012.0,335.0,0.0,0,390.08,0.0,1,11.65,8.3,SPY210521P00355000,355.0,0,0.0,0.0,,0.0,normalDay
2021-02-11,3012.0,368.0,0.0,0,390.71,0.0,1,11.65,7.97,SPY210521P00355000,355.0,0,0.0,0.0,,0.0,normalDay
2021-02-12,3012.0,444.0,0.0,0,392.64,0.0,1,11.65,7.21,SPY210521P00355000,355.0,0,0.0,0.0,,0.0,normalDay
2021-02-16,3012.0,434.0,0.0,0,392.3,0.0,1,11.65,7.31,SPY210521P00355000,355.0,0,0.0,0.0,,0.0,normalDay
2021-02-17,3012.0,452.0,0.0,0,392.39,0.0,1,11.65,7.13,SPY210521P00355000,355.0,0,0.0,0.0,,0.0,normalDay
2021-02-18,3012.0,413.0,0.0,0,390.72,0.0,1,11.65,7.52,SPY210521P00355000,355.0,0,0.0,0.0,,0.0,normalDay
2021-02-19,3012.0,429.0,0.0,0,390.03,0.0,1,11.65,7.36,SPY210521P00355000,355.0,0,0.0,0.0,,0.0,normalDay
2021-02-22,3012.0,371.0,0.0,0,387.03,0.0,1,11.65,7.94,SPY210521P00355000,355.0,0,0.0,0.0,,0.0,normalDay
2021-02-23,3012.0,417.0,0.0,0,387.5,0.0,1,11.65,7.48,SPY210521P00355000,355.0,0,0.0,0.0,,0.0,normalDay
2021-02-24,3012.0,541.0,0.0,0,391.77,0.0,1,11.65,6.24,SPY210521P00355000,355.0,0,0.0,0.0,,0.0,normalDay
2021-02-25,3012.0,222.0,0.0,0,382.33,0.0,1,11.65,9.43,SPY210521P00355000,355.0,0,0.0,0.0,,0.0,normalDay
2021-02-26,3012.0,237.0,0.0,0,380.36,0.0,1,11.65,9.28,SPY210521P00355000,355.0,0,0.0,0.0,,0.0,normalDay
2021-03-01,3012.0,521.0,0.0,0,389.58,0.0,1,11.65,6.44,SPY210521P00355000,355.0,0,0.0,0.0,,0.0,normalDay
2021-03-02,3012.0,459.0,0.0,0,386.54,0.0,1,11.65,7.06,SPY210521P00355000,355.0,0,0.0,0.0,,0.0,normalDay
2021-03-03,3012.0,330.0,0.0,0,381.42,0.0,1,11.65,8.35,SPY210521P00355000,355.0,0,0.0,0.0,,0.0,normalDay
2021-03-04,3012.0,192.0,0.0,0,376.7,0.0,1,11.65,9.73,SPY210521P00355000,355.0,0,0.0,0.0,,0.0,normalDay
2021-03-05,3012.0,432.0,0.0,0,383.63,0.0,1,11.65,7.33,SPY210521P00355000,355.0,0,0.0,0.0,,0.0,normalDay
2021-03-08,3012.0,407.0,0.0,0,381.72,0.0,1,11.65,7.58,SPY210521P00355000,355.0,0,0.0,0.0,,0.0,normalDay
2021-03-09,3012.0,541.0,0.0,0,387.17,0.0,1,11.65,6.24,SPY210521P00355000,355.0,0,0.0,0.0,,0.0,normalDay
2021-03-10,3012.0,611.0,0.0,0,389.58,0.0,1,11.65,5.54,SPY210521P00355000,355.0,0,0.0,0.0,,0.0,normalDay
2021-03-11,3012.0,680.0,0.0,0,393.53,0.0,1,11.65,4.85,SPY210521P00355000,355.0,0,0.0,0.0,,0.0,normalDay
2021-03-12,3012.0,724.0,0.0,0,394.06,0.0,1,11.65,4.41,SPY210521P00355000,355.0,0,0.0,0.0,,0.0,normalDay
2021-03-15,3012.0,791.0,0.0,0,396.41,0.0,1,11.65,3.74,SPY210521P00355000,355.0,0,0.0,0.0,,0.0,normalDay
2021-03-16,3012.0,791.0,0.0,0,395.91,0.0,1,11.65,3.74,SPY210521P00355000,355.0,0,0.0,0.0,,0.0,normalDay
2021-03-17,3012.0,834.0,0.0,0,397.26,0.0,1,11.65,3.31,SPY210521P00355000,355.0,0,0.0,0.0,,0.0,normalDay
2021-03-18,3012.0,752.0,0.0,0,391.48,0.0,1,11.65,4.13,SPY210521P00355000,355.0,0,0.0,0.0,,0.0,normalDay
2021-03-19,3012.0,755.0,0.0,0,389.48,0.0,1,11.65,4.1,SPY210521P00355000,355.0,0,0.0,0.0,,0.0,normalDay
2021-03-22,3012.0,871.0,0.0,0,392.59,0.0,1,11.65,2.94,SPY210521P00355000,355.0,0,0.0,0.0,,0.0,normalDay
2021-03-23,3012.0,816.0,0.0,0,389.5,0.0,1,11.65,3.49,SPY210521P00355000,355.0,0,0.0,0.0,,0.0,normalDay
2021-03-24,3012.0,787.0,0.0,0,387.52,0.0,1,11.65,3.78,SPY210521P00355000,355.0,0,0.0,0.0,,0.0,normalDay
2021-03-25,3012.0,850.0,0.0,0,389.7,0.0,1,11.65,3.15,SPY210521P00355000,355.0,0,0.0,0.0,,0.0,normalDay
2021-03-26,3012.0,926.0,0.0,0,395.98,0.0,1,11.65,2.39,SPY210521P00355000,355.0,0,0.0,0.0,,0.0,normalDay
2021-03-29,3012.0,908.0,0.0,0,395.78,0.0,1,11.65,2.57,SPY210521P00355000,355.0,0,0.0,0.0,,0.0,normalDay
2021-03-30,3012.0,931.0,0.0,0,394.73,0.0,1,11.65,2.34,SPY210521P00355000,355.0,0,0.0,0.0,,0.0,normalDay
2021-03-31,3012.0,960.0,0.0,0,396.33,0.0,1,11.65,2.05,SPY210521P00355000,355.0,0,0.0,0.0,,0.0,normalDay
2021-04-01,3012.0,1014.0,0.0,0,400.61,0.0,1,11.65,1.51,SPY210521P00355000,355.0,0,0.0,0.0,,0.0,normalDay
2021-04-05,3012.0,1052.0,0.0,0,406.36,0.0,1,11.65,1.13,SPY210521P00355000,355.0,0,0.0,0.0,,0.0,normalDay
2021-04-06,3012.0,1051.0,0.0,0,406.12,0.0,1,11.65,1.14,SPY210521P00355000,355.0,0,0.0,0.0,,0.0,normalDay
2021-04-07,3012.0,1066.0,0.0,0,406.59,0.0,1,11.65,0.99,SPY210521P00355000,355.0,0,0.0,0.0,,0.0,normalDay
2021-04-08,3012.0,1079.0,0.0,0,408.52,0.0,1,11.65,0.86,SPY210521P00355000,355.0,0,0.0,0.0,,0.0,normalDay
2021-04-09,3012.0,1086.0,0.0,0,411.49,0.0,1,11.65,0.79,SPY210521P00355000,355.0,0,0.0,0.0,,0.0,normalDay
2021-04-12,3012.0,1097.0,0.0,0,411.64,0.0,1,11.65,0.68,SPY210521P00355000,355.0,0,0.0,0.0,,0.0,normalDay
2021-04-13,3012.0,1106.0,0.0,0,412.86,0.0,1,11.65,0.59,SPY210521P00355000,355.0,0,0.0,0.0,,0.0,normalDay
2021-04-14,3012.0,1102.0,0.0,0,411.45,0.0,1,11.65,0.63,SPY210521P00355000,355.0,0,0.0,0.0,,0.0,normalDay
2021-04-15,3012.0,1114.0,0.0,0,415.87,0.0,1,11.65,0.51,SPY210521P00355000,355.0,0,0.0,0.0,,0.0,normalDay
2021-04-16,3012.0,1118.0,0.0,0,417.26,0.0,1,11.65,0.47,SPY210521P00355000,355.0,0,0.0,0.0,,0.0,normalDay
2021-04-19,3012.0,1117.0,0.0,0,415.21,0.0,1,11.65,0.48,SPY210521P00355000,355.0,0,0.0,0.0,,0.0,normalDay
2021-04-20,3012.0,1106.0,0.0,0,412.17,0.0,1,11.65,0.59,SPY210521P00355000,355.0,0,0.0,0.0,,0.0,normalDay
2021-04-21,3012.0,1123.0,0.0,0,416.07,0.0,1,11.65,0.42,SPY210521P00355000,355.0,0,0.0,0.0,,0.0,normalDay
2021-04-22,3012.0,1111.0,0.0,0,412.27,0.0,1,11.65,0.54,SPY210521P00355000,355.0,0,0.0,0.0,,0.0,normalDay
2021-04-23,3012.0,1133.0,0.0,0,416.74,0.0,1,11.65,0.32,SPY210521P00355000,355.0,0,0.0,0.0,,0.0,normalDay
2021-04-26,3012.0,1138.0,0.0,0,417.61,0.0,1,11.65,0.27,SPY210521P00355000,355.0,0,0.0,0.0,,0.0,normalDay
2021-04-27,3012.0,1141.0,0.0,0,417.52,0.0,1,11.65,0.24,SPY210521P00355000,355.0,0,0.0,0.0,,0.0,normalDay
2021-04-28,3012.0,1144.0,0.0,0,417.4,0.0,1,11.65,0.21,SPY210521P00355000,355.0,0,0.0,0.0,,0.0,normalDay
2021-04-29,3012.0,1144.0,0.0,0,420.06,0.0,1,11.65,0.21,SPY210521P00355000,355.0,0,0.0,0.0,,0.0,normalDay
2021-04-30,3012.0,1137.0,0.0,0,417.3,0.0,1,11.65,0.28,SPY210521P00355000,355.0,0,0.0,0.0,,0.0,normalDay
2021-05-03,3012.0,1141.0,0.0,0,418.2,0.0,1,11.65,0.24,SPY210521P00355000,355.0,0,0.0,0.0,,0.0,normalDay
2021-05-04,3012.0,1140.0,0.0,0,415.62,0.0,1,11.65,0.25,SPY210521P00355000,355.0,0,0.0,0.0,,0.0,normalDay
2021-05-05,3012.0,1141.0,0.0,0,415.75,0.0,1,11.65,0.24,SPY210521P00355000,355.0,0,0.0,0.0,,0.0,normalDay
2021-05-06,3012.0,1146.0,0.0,0,419.07,0.0,1,11.65,0.19,SPY210521P00355000,355.0,0,0.0,0.0,,0.0,normalDay
2021-05-07,3012.0,1150.0,0.0,0,422.12,0.0,1,11.65,0.15,SPY210521P00355000,355.0,0,0.0,0.0,,0.0,normalDay
2021-05-10,3012.0,1146.0,0.0,0,417.94,0.0,1,11.65,0.19,SPY210521P00355000,355.0,0,0.0,0.0,,0.0,normalDay
2021-05-11,3012.0,1145.0,0.0,0,414.21,0.0,1,11.65,0.2,SPY210521P00355000,355.0,0,0.0,0.0,,0.0,normalDay
2021-05-12,3012.0,1114.0,0.0,0,405.41,0.0,1,11.65,0.51,SPY210521P00355000,355.0,0,0.0,0.0,,0.0,normalDay
2021-05-13,3012.0,1145.0,0.0,0,410.28,0.0,1,11.65,0.2,SPY210521P00355000,355.0,0,0.0,0.0,,0.0,normalDay
2021-05-14,3012.0,1158.0,0.0,0,416.58,0.0,1,11.65,0.07,SPY210521P00355000,355.0,0,0.0,0.0,,0.0,normalDay
2021-05-17,3012.0,1161.0,0.0,0,415.52,0.0,1,11.65,0.04,SPY210521P00355000,355.0,0,0.0,0.0,,0.0,normalDay
2021-05-18,3012.0,1162.0,0.0,0,411.94,0.0,1,11.65,0.03,SPY210521P00355000,355.0,0,0.0,0.0,,0.0,normalDay
2021-05-19,3012.0,1163.0,0.0,0,410.86,0.0,1,11.65,0.02,SPY210521P00355000,355.0,0,0.0,0.0,,0.0,normalDay
2021-05-20,3012.0,1164.0,0.0,0,415.28,0.0,1,11.65,0.01,SPY210521P00355000,355.0,0,0.0,0.0,,0.0,normalDay
2021-05-21,4177.0,0.0,1165.0,0,414.94,0.0,1,11.65,0.0,SPY210521P00355000,355.0,0,0.0,0.0,,0.0,expirationDay
2021-05-24,4177.0,-6.0,0.0,0,419.17,0.0,1,11.79,11.85,SPY210930P00400000,400.0,0,0.0,0.0,,0.0,normalDay
2021-05-25,4177.0,-37.0,0.0,0,418.24,0.0,1,11.79,12.16,SPY210930P00400000,400.0,0,0.0,0.0,,0.0,normalDay
2021-05-26,4177.0,48.0,0.0,0,419.07,0.0,1,11.79,11.31,SPY210930P00400000,400.0,0,0.0,0.0,,0.0,normalDay
2021-05-27,4177.0,135.0,0.0,0,419.29,0.0,1,11.79,10.44,SPY210930P00400000,400.0,0,0.0,0.0,,0.0,normalDay
2021-05-28,4177.0,158.0,0.0,0,420.04,0.0,1,11.79,10.21,SPY210930P00400000,400.0,0,0.0,0.0,,0.0,normalDay
2021-06-01,4177.0,122.0,0.0,0,419.67,0.0,1,11.79,10.57,SPY210930P00400000,400.0,0,0.0,0.0,,0.0,normalDay
2021-06-02,4177.0,148.0,0.0,0,420.33,0.0,1,11.79,10.31,SPY210930P00400000,400.0,0,0.0,0.0,,0.0,normalDay
2021-06-03,4177.0,88.0,0.0,0,418.77,0.0,1,11.79,10.91,SPY210930P00400000,400.0,0,0.0,0.0,,0.0,normalDay
2021-06-04,4177.0,230.0,0.0,0,422.6,0.0,1,11.79,9.49,SPY210930P00400000,400.0,0,0.0,0.0,,0.0,normalDay
2021-06-07,4177.0,264.0,0.0,0,422.19,0.0,1,11.79,9.15,SPY210930P00400000,400.0,0,0.0,0.0,,0.0,normalDay
2021-06-08,4177.0,255.0,0.0,0,422.28,0.0,1,11.79,9.24,SPY210930P00400000,400.0,0,0.0,0.0,,0.0,normalDay
2021-06-09,4177.0,223.0,0.0,0,421.65,0.0,1,11.79,9.56,SPY210930P00400000,400.0,0,0.0,0.0,,0.0,normalDay
2021-06-10,4177.0,347.0,0.0,0,423.61,0.0,1,11.79,8.32,SPY210930P00400000,400.0,0,0.0,0.0,,0.0,normalDay
2021-06-11,4177.0,385.0,0.0,0,424.31,0.0,1,11.79,7.94,SPY210930P00400000,400.0,0,0.0,0.0,,0.0,normalDay
2021-06-14,4177.0,397.0,0.0,0,425.26,0.0,1,11.79,7.82,SPY210930P00400000,400.0,0,0.0,0.0,,0.0,normalDay
2021-06-15,4177.0,362.0,0.0,0,424.48,0.0,1,11.79,8.17,SPY210930P00400000,400.0,0,0.0,0.0,,0.0,normalDay
2021-06-16,4177.0,290.0,0.0,0,422.11,0.0,1,11.79,8.89,SPY210930P00400000,400.0,0,0.0,0.0,,0.0,normalDay
2021-06-17,4177.0,311.0,0.0,0,421.97,0.0,1,11.79,8.68,SPY210930P00400000,400.0,0,0.0,0.0,,0.0,normalDay
2021-06-18,4177.0,60.0,0.0,0,414.92,0.0,1,11.79,11.19,SPY210930P00400000,400.0,0,0.0,0.0,,0.0,normalDay
2021-06-21,4177.0,328.0,0.0,0,420.86,0.0,1,11.79,8.51,SPY210930P00400000,400.0,0,0.0,0.0,,0.0,normalDay
2021-06-22,4177.0,414.0,0.0,0,423.11,0.0,1,11.79,7.65,SPY210930P00400000,400.0,0,0.0,0.0,,0.0,normalDay
2021-06-23,4177.0,437.0,0.0,0,422.6,0.0,1,11.79,7.42,SPY210930P00400000,400.0,0,0.0,0.0,,0.0,normalDay
2021-06-24,4177.0,504.0,0.0,0,425.1,0.0,1,11.79,6.75,SPY210930P00400000,400.0,0,0.0,0.0,,0.0,normalDay
2021-06-25,4177.0,556.0,0.0,0,426.61,0.0,1,11.79,6.23,SPY210930P00400000,400.0,0,0.0,0.0,,0.0,normalDay
2021-06-28,4177.0,582.0,0.0,0,427.47,0.0,1,11.79,5.97,SPY210930P00400000,400.0,0,0.0,0.0,,0.0,normalDay
2021-06-29,4177.0,579.0,0.0,0,427.7,0.0,1,11.79,6.0,SPY210930P00400000,400.0,0,0.0,0.0,,0.0,normalDay
2021-06-30,4177.0,589.0,0.0,0,428.06,0.0,1,11.79,5.9,SPY210930P00400000,400.0,0,0.0,0.0,,0.0,normalDay
2021-07-01,4177.0,620.0,0.0,0,430.43,0.0,1,11.79,5.59,SPY210930P00400000,400.0,0,0.0,0.0,,0.0,normalDay
2021-07-02,4177.0,674.0,0.0,0,433.72,0.0,1,11.79,5.05,SPY210930P00400000,400.0,0,0.0,0.0,,0.0,normalDay
2021-07-06,4177.0,648.0,0.0,0,432.93,0.0,1,11.79,5.31,SPY210930P00400000,400.0,0,0.0,0.0,,0.0,normalDay
2021-07-07,4177.0,665.0,0.0,0,434.46,0.0,1,11.79,5.14,SPY210930P00400000,400.0,0,0.0,0.0,,0.0,normalDay
2021-07-08,4177.0,554.0,0.0,0,430.92,0.0,1,11.79,6.25,SPY210930P00400000,400.0,0,0.0,0.0,,0.0,normalDay
2021-07-09,4177.0,693.0,0.0,0,435.52,0.0,1,11.79,4.86,SPY210930P00400000,400.0,0,0.0,0.0,,0.0,normalDay
2021-07-12,4177.0,722.0,0.0,0,437.08,0.0,1,11.79,4.57,SPY210930P00400000,400.0,0,0.0,0.0,,0.0,normalDay
2021-07-13,4177.0,672.0,0.0,0,435.59,0.0,1,11.79,5.07,SPY210930P00400000,400.0,0,0.0,0.0,,0.0,normalDay
2021-07-14,4177.0,709.0,0.0,0,436.24,0.0,1,11.79,4.7,SPY210930P00400000,400.0,0,0.0,0.0,,0.0,normalDay
2021-07-15,4177.0,672.0,0.0,0,434.75,0.0,1,11.79,5.07,SPY210930P00400000,400.0,0,0.0,0.0,,0.0,normalDay
2021-07-16,4177.0,598.0,0.0,0,431.34,0.0,1,11.79,5.81,SPY210930P00400000,400.0,0,0.0,0.0,,0.0,normalDay
2021-07-19,4177.0,395.0,0.0,0,424.97,0.0,1,11.79,7.84,SPY210930P00400000,400.0,0,0.0,0.0,,0.0,normalDay
2021-07-20,4177.0,584.0,0.0,0,431.06,0.0,1,11.79,5.95,SPY210930P00400000,400.0,0,0.0,0.0,,0.0,normalDay
2021-07-21,4177.0,701.0,0.0,0,434.55,0.0,1,11.79,4.78,SPY210930P00400000,400.0,0,0.0,0.0,,0.0,normalDay
2021-07-22,4177.0,716.0,0.0,0,435.46,0.0,1,11.79,4.63,SPY210930P00400000,400.0,0,0.0,0.0,,0.0,normalDay
2021-07-23,4177.0,779.0,0.0,0,439.94,0.0,1,11.79,4.0,SPY210930P00400000,400.0,0,0.0,0.0,,0.0,normalDay
2021-07-26,4177.0,809.0,0.0,0,441.02,0.0,1,11.79,3.7,SPY210930P00400000,400.0,0,0.0,0.0,,0.0,normalDay
2021-07-27,4177.0,745.0,0.0,0,439.01,0.0,1,11.79,4.34,SPY210930P00400000,400.0,0,0.0,0.0,,0.0,normalDay
2021-07-28,4177.0,778.0,0.0,0,438.83,0.0,1,11.79,4.01,SPY210930P00400000,400.0,0,0.0,0.0,,0.0,normalDay
2021-07-29,4177.0,827.0,0.0,0,440.65,0.0,1,11.79,3.52,SPY210930P00400000,400.0,0,0.0,0.0,,0.0,normalDay
2021-07-30,4177.0,806.0,0.0,0,438.51,0.0,1,11.79,3.73,SPY210930P00400000,400.0,0,0.0,0.0,,0.0,normalDay
2021-08-02,4177.0,776.0,0.0,0,437.59,0.0,1,11.79,4.03,SPY210930P00400000,400.0,0,0.0,0.0,,0.0,normalDay
2021-08-03,4177.0,852.0,0.0,0,441.15,0.0,1,11.79,3.27,SPY210930P00400000,400.0,0,0.0,0.0,,0.0,normalDay
2021-08-04,4177.0,842.0,0.0,0,438.98,0.0,1,11.79,3.37,SPY210930P00400000,400.0,0,0.0,0.0,,0.0,normalDay
2021-08-05,4177.0,886.0,0.0,0,441.76,0.0,1,11.79,2.93,SPY210930P00400000,400.0,0,0.0,0.0,,0.0,normalDay
2021-08-06,4177.0,923.0,0.0,0,442.49,0.0,1,11.79,2.56,SPY210930P00400000,400.0,0,0.0,0.0,,0.0,normalDay
2021-08-09,4177.0,927.0,0.0,0,442.13,0.0,1,11.79,2.52,SPY210930P00400000,400.0,0,0.0,0.0,,0.0,normalDay
2021-08-10,4177.0,933.0,0.0,0,442.68,0.0,1,11.79,2.46,SPY210930P00400000,400.0,0,0.0,0.0,,0.0,normalDay
2021-08-11,4177.0,960.0,0.0,0,443.78,0.0,1,11.79,2.19,SPY210930P00400000,400.0,0,0.0,0.0,,0.0,normalDay
2021-08-12,4177.0,986.0,0.0,0,445.11,0.0,1,11.79,1.93,SPY210930P00400000,400.0,0,0.0,0.0,,0.0,normalDay
2021-08-13,4177.0,998.0,0.0,0,445.92,0.0,1,11.79,1.81,SPY210930P00400000,400.0,0,0.0,0.0,,0.0,normalDay
2021-08-16,4177.0,1009.0,0.0,0,446.97,0.0,1,11.79,1.7,SPY210930P00400000,400.0,0,0.0,0.0,,0.0,normalDay
2021-08-17,4177.0,959.0,0.0,0,444.04,0.0,1,11.79,2.2,SPY210930P00400000,400.0,0,0.0,0.0,,0.0,normalDay
2021-08-18,4177.0,861.0,0.0,0,439.18,0.0,1,11.79,3.18,SPY210930P00400000,400.0,0,0.0,0.0,,0.0,normalDay
2021-08-19,4177.0,865.0,0.0,0,439.86,0.0,1,11.79,3.14,SPY210930P00400000,400.0,0,0.0,0.0,,0.0,normalDay
2021-08-20,4177.0,965.0,0.0,0,443.36,0.0,1,11.79,2.14,SPY210930P00400000,400.0,0,0.0,0.0,,0.0,normalDay
2021-08-23,4177.0,1031.0,0.0,0,447.26,0.0,1,11.79,1.48,SPY210930P00400000,400.0,0,0.0,0.0,,0.0,normalDay
2021-08-24,4177.0,1038.0,0.0,0,447.97,0.0,1,11.79,1.41,SPY210930P00400000,400.0,0,0.0,0.0,,0.0,normalDay
2021-08-25,4177.0,1054.0,0.0,0,448.91,0.0,1,11.79,1.25,SPY210930P00400000,400.0,0,0.0,0.0,,0.0,normalDay
2021-08-26,4177.0,1016.0,0.0,0,446.26,0.0,1,11.79,1.63,SPY210930P00400000,400.0,0,0.0,0.0,,0.0,normalDay
2021-08-27,4177.0,1069.0,0.0,0,450.25,0.0,1,11.79,1.1,SPY210930P00400000,400.0,0,0.0,0.0,,0.0,normalDay
2021-08-30,4177.0,1091.0,0.0,0,452.23,0.0,1,11.79,0.88,SPY210930P00400000,400.0,0,0.0,0.0,,0.0,normalDay
2021-08-31,4177.0,1088.0,0.0,0,451.56,0.0,1,11.79,0.91,SPY210930P00400000,400.0,0,0.0,0.0,,0.0,normalDay
2021-09-01,4177.0,1099.0,0.0,0,451.8,0.0,1,11.79,0.8,SPY210930P00400000,400.0,0,0.0,0.0,,0.0,normalDay
2021-09-02,4177.0,1100.0,0.0,0,453.19,0.0,1,11.79,0.79,SPY210930P00400000,400.0,0,0.0,0.0,,0.0,normalDay
2021-09-03,4177.0,1102.0,0.0,0,453.08,0.0,1,11.79,0.77,SPY210930P00400000,400.0,0,0.0,0.0,,0.0,normalDay
2021-09-07,4177.0,1101.0,0.0,0,451.46,0.0,1,11.79,0.78,SPY210930P00400000,400.0,0,0.0,0.0,,0.0,normalDay
2021-09-08,4177.0,1108.0,0.0,0,450.91,0.0,1,11.79,0.71,SPY210930P00400000,400.0,0,0.0,0.0,,0.0,normalDay
2021-09-09,4177.0,1099.0,0.0,0,448.98,0.0,1,11.79,0.8,SPY210930P00400000,400.0,0,0.0,0.0,,0.0,normalDay
2021-09-10,4177.0,1064.0,0.0,0,445.44,0.0,1,11.79,1.15,SPY210930P00400000,400.0,0,0.0,0.0,,0.0,normalDay
2021-09-13,4177.0,1105.0,0.0,0,446.58,0.0,1,11.79,0.74,SPY210930P00400000,400.0,0,0.0,0.0,,0.0,normalDay
2021-09-14,4177.0,1107.0,0.0,0,444.17,0.0,1,11.79,0.72,SPY210930P00400000,400.0,0,0.0,0.0,,0.0,normalDay
2021-09-15,4177.0,1140.0,0.0,0,447.88,0.0,1,11.79,0.39,SPY210930P00400000,400.0,0,0.0,0.0,,0.0,normalDay
2021-09-16,4177.0,1139.0,0.0,0,447.17,0.0,1,11.79,0.4,SPY210930P00400000,400.0,0,0.0,0.0,,0.0,normalDay
2021-09-17,4177.0,1118.0,0.0,0,441.4,0.0,1,11.79,0.61,SPY210930P00400000,400.0,0,0.0,0.0,,0.0,normalDay
2021-09-20,4177.0,1079.0,0.0,0,434.04,0.0,1,11.79,1.0,SPY210930P00400000,400.0,0,0.0,0.0,,0.0,normalDay
2021-09-21,4177.0,1112.0,0.0,0,433.63,0.0,1,11.79,0.67,SPY210930P00400000,400.0,0,0.0,0.0,,0.0,normalDay
2021-09-22,4177.0,1157.0,0.0,0,437.86,0.0,1,11.79,0.22,SPY210930P00400000,400.0,0,0.0,0.0,,0.0,normalDay
2021-09-23,4177.0,1165.0,0.0,0,443.18,0.0,1,11.79,0.14,SPY210930P00400000,400.0,0,0.0,0.0,,0.0,normalDay
2021-09-24,4177.0,1169.0,0.0,0,443.91,0.0,1,11.79,0.1,SPY210930P00400000,400.0,0,0.0,0.0,,0.0,normalDay
2021-09-27,4177.0,1173.0,0.0,0,442.64,0.0,1,11.79,0.06,SPY210930P00400000,400.0,0,0.0,0.0,,0.0,normalDay
2021-09-28,4177.0,1166.0,0.0,0,433.72,0.0,1,11.79,0.13,SPY210930P00400000,400.0,0,0.0,0.0,,0.0,normalDay
2021-09-29,4177.0,1177.0,0.0,0,434.45,0.0,1,11.79,0.02,SPY210930P00400000,400.0,0,0.0,0.0,,0.0,normalDay
2021-09-30,5356.0,0.0,1179.0,0,429.14,0.0,1,11.79,0.0,SPY210930P00400000,400.0,0,0.0,0.0,,0.0,expirationDay
2021-10-01,5356.0,-8.0,0.0,0,434.24,0.0,1,14.33,14.41,SPY220218P00414000,414.0,0,0.0,0.0,,0.0,normalDay
2021-10-04,5356.0,-196.0,0.0,0,428.64,0.0,1,14.33,16.29,SPY220218P00414000,414.0,0,0.0,0.0,,0.0,normalDay
2021-10-05,5356.0,-17.0,0.0,0,433.1,0.0,1,14.33,14.5,SPY220218P00414000,414.0,0,0.0,0.0,,0.0,normalDay
2021-10-06,5356.0,42.0,0.0,0,434.9,0.0,1,14.33,13.91,SPY220218P00414000,414.0,0,0.0,0.0,,0.0,normalDay
2021-10-07,5356.0,194.0,0.0,0,438.66,0.0,1,14.33,12.39,SPY220218P00414000,414.0,0,0.0,0.0,,0.0,normalDay
2021-10-08,5356.0,180.0,0.0,0,437.86,0.0,1,14.33,12.53,SPY220218P00414000,414.0,0,0.0,0.0,,0.0,normalDay
2021-10-11,5356.0,111.0,0.0,0,434.69,0.0,1,14.33,13.22,SPY220218P00414000,414.0,0,0.0,0.0,,0.0,normalDay
2021-10-12,5356.0,97.0,0.0,0,433.62,0.0,1,14.33,13.36,SPY220218P00414000,414.0,0,0.0,0.0,,0.0,normalDay
2021-10-13,5356.0,226.0,0.0,0,435.18,0.0,1,14.33,12.07,SPY220218P00414000,414.0,0,0.0,0.0,,0.0,normalDay
2021-10-14,5356.0,442.0,0.0,0,442.5,0.0,1,14.33,9.91,SPY220218P00414000,414.0,0,0.0,0.0,,0.0,normalDay
2021-10-15,5356.0,508.0,0.0,0,445.87,0.0,1,14.33,9.25,SPY220218P00414000,414.0,0,0.0,0.0,,0.0,normalDay
2021-10-18,5356.0,542.0,0.0,0,447.19,0.0,1,14.33,8.91,SPY220218P00414000,414.0,0,0.0,0.0,,0.0,normalDay
2021-10-19,5356.0,634.0,0.0,0,450.64,0.0,1,14.33,7.99,SPY220218P00414000,414.0,0,0.0,0.0,,0.0,normalDay
2021-10-20,5356.0,659.0,0.0,0,452.41,0.0,1,14.33,7.74,SPY220218P00414000,414.0,0,0.0,0.0,,0.0,normalDay
2021-10-21,5356.0,696.0,0.0,0,453.59,0.0,1,14.33,7.37,SPY220218P00414000,414.0,0,0.0,0.0,,0.0,normalDay
2021-10-22,5356.0,659.0,0.0,0,453.12,0.0,1,14.33,7.74,SPY220218P00414000,414.0,0,0.0,0.0,,0.0,normalDay
2021-10-25,5356.0,732.0,0.0,0,455.55,0.0,1,14.33,7.01,SPY220218P00414000,414.0,0,0.0,0.0,,0.0,normalDay
2021-10-26,5356.0,738.0,0.0,0,455.96,0.0,1,14.33,6.95,SPY220218P00414000,414.0,0,0.0,0.0,,0.0,normalDay
2021-10-27,5356.0,671.0,0.0,0,453.94,0.0,1,14.33,7.62,SPY220218P00414000,414.0,0,0.0,0.0,,0.0,normalDay
2021-10-28,5356.0,750.0,0.0,0,458.32,0.0,1,14.33,6.83,SPY220218P00414000,414.0,0,0.0,0.0,,0.0,normalDay
2021-10-29,5356.0,773.0,0.0,0,459.25,0.0,1,14.33,6.6,SPY220218P00414000,414.0,0,0.0,0.0,,0.0,normalDay
2021-11-01,5356.0,797.0,0.0,0,460.04,0.0,1,14.33,6.36,SPY220218P00414000,414.0,0,0.0,0.0,,0.0,normalDay
2021-11-02,5356.0,834.0,0.0,0,461.9,0.0,1,14.33,5.99,SPY220218P00414000,414.0,0,0.0,0.0,,0.0,normalDay
2021-11-03,5356.0,900.0,0.0,0,464.72,0.0,1,14.33,5.33,SPY220218P00414000,414.0,0,0.0,0.0,,0.0,normalDay
2021-11-04,5356.0,925.0,0.0,0,466.91,0.0,1,14.33,5.08,SPY220218P00414000,414.0,0,0.0,0.0,,0.0,normalDay
2021-11-05,5356.0,914.0,0.0,0,468.53,0.0,1,14.33,5.19,SPY220218P00414000,414.0,0,0.0,0.0,,0.0,normalDay
2021-11-08,5356.0,910.0,0.0,0,468.93,0.0,1,14.33,5.23,SPY220218P00414000,414.0,0,0.0,0.0,,0.0,normalDay
2021-11-09,5356.0,889.0,0.0,0,467.38,0.0,1,14.33,5.44,SPY220218P00414000,414.0,0,0.0,0.0,,0.0,normalDay
2021-11-10,5356.0,841.0,0.0,0,463.62,0.0,1,14.33,5.92,SPY220218P00414000,414.0,0,0.0,0.0,,0.0,normalDay
2021-11-11,5356.0,887.0,0.0,0,463.77,0.0,1,14.33,5.46,SPY220218P00414000,414.0,0,0.0,0.0,,0.0,normalDay
2021-11-12,5356.0,952.0,0.0,0,467.27,0.0,1,14.33,4.81,SPY220218P00414000,414.0,0,0.0,0.0,,0.0,normalDay
2021-11-15,5356.0,964.0,0.0,0,467.43,0.0,1,14.33,4.69,SPY220218P00414000,414.0,0,0.0,0.0,,0.0,normalDay
2021-11-16,5356.0,989.0,0.0,0,469.28,0.0,1,14.33,4.44,SPY220218P00414000,414.0,0,0.0,0.0,,0.0,normalDay
2021-11-17,5356.0,953.0,0.0,0,468.14,0.0,1,14.33,4.8,SPY220218P00414000,414.0,0,0.0,0.0,,0.0,normalDay
2021-11-18,5356.0,966.0,0.0,0,469.73,0.0,1,14.33,4.67,SPY220218P00414000,414.0,0,0.0,0.0,,0.0,normalDay
2021-11-19,5356.0,956.0,0.0,0,468.89,0.0,1,14.33,4.77,SPY220218P00414000,414.0,0,0.0,0.0,,0.0,normalDay
2021-11-22,5356.0,931.0,0.0,0,467.57,0.0,1,14.33,5.02,SPY220218P00414000,414.0,0,0.0,0.0,,0.0,normalDay
2021-11-23,5356.0,951.0,0.0,0,468.19,0.0,1,14.33,4.82,SPY220218P00414000,414.0,0,0.0,0.0,,0.0,normalDay
2021-11-24,5356.0,992.0,0.0,0,469.44,0.0,1,14.33,4.41,SPY220218P00414000,414.0,0,0.0,0.0,,0.0,normalDay
2021-11-26,5356.0,471.0,0.0,0,458.97,0.0,1,14.33,9.62,SPY220218P00414000,414.0,0,0.0,0.0,,0.0,normalDay
2021-11-29,5356.0,873.0,0.0,0,464.6,0.0,1,14.33,5.6,SPY220218P00414000,414.0,0,0.0,0.0,,0.0,normalDay
2021-11-30,5356.0,668.0,0.0,0,455.56,0.0,1,14.33,7.65,SPY220218P00414000,414.0,0,0.0,0.0,,0.0,normalDay
2021-12-01,5356.0,419.0,0.0,0,450.5,0.0,1,14.33,10.14,SPY220218P00414000,414.0,0,0.0,0.0,,0.0,normalDay
2021-12-02,5356.0,630.0,0.0,0,457.4,0.0,1,14.33,8.03,SPY220218P00414000,414.0,0,0.0,0.0,,0.0,normalDay
2021-12-03,5356.0,479.0,0.0,0,453.42,0.0,1,14.33,9.54,SPY220218P00414000,414.0,0,0.0,0.0,,0.0,normalDay
2021-12-06,5356.0,694.0,0.0,0,458.79,0.0,1,14.33,7.39,SPY220218P00414000,414.0,0,0.0,0.0,,0.0,normalDay
2021-12-07,5356.0,959.0,0.0,0,468.28,0.0,1,14.33,4.74,SPY220218P00414000,414.0,0,0.0,0.0,,0.0,normalDay
2021-12-08,5356.0,1035.0,0.0,0,469.52,0.0,1,14.33,3.98,SPY220218P00414000,414.0,0,0.0,0.0,,0.0,normalDay
2021-12-09,5356.0,980.0,0.0,0,466.35,0.0,1,14.33,4.53,SPY220218P00414000,414.0,0,0.0,0.0,,0.0,normalDay
2021-12-10,5356.0,1071.0,0.0,0,470.74,0.0,1,14.33,3.62,SPY220218P00414000,414.0,0,0.0,0.0,,0.0,normalDay
2021-12-13,5356.0,1019.0,0.0,0,466.57,0.0,1,14.33,4.14,SPY220218P00414000,414.0,0,0.0,0.0,,0.0,normalDay
2021-12-14,5356.0,966.0,0.0,0,463.36,0.0,1,14.33,4.67,SPY220218P00414000,414.0,0,0.0,0.0,,0.0,normalDay
2021-12-15,5356.0,1105.0,0.0,0,470.6,0.0,1,14.33,3.28,SPY220218P00414000,414.0,0,0.0,0.0,,0.0,normalDay
2021-12-16,5356.0,1045.0,0.0,0,466.45,0.0,1,14.33,3.88,SPY220218P00414000,414.0,0,0.0,0.0,,0.0,normalDay
2021-12-17,5356.0,968.0,0.0,0,459.87,0.0,1,14.33,4.65,SPY220218P00414000,414.0,0,0.0,0.0,,0.0,normalDay
2021-12-20,5356.0,911.0,0.0,0,454.98,0.0,1,14.33,5.22,SPY220218P00414000,414.0,0,0.0,0.0,,0.0,normalDay
2021-12-21,5356.0,1052.0,0.0,0,463.06,0.0,1,14.33,3.81,SPY220218P00414000,414.0,0,0.0,0.0,,0.0,normalDay
2021-12-22,5356.0,1147.0,0.0,0,467.69,0.0,1,14.33,2.86,SPY220218P00414000,414.0,0,0.0,0.0,,0.0,normalDay
2021-12-23,5356.0,1186.0,0.0,0,470.6,0.0,1,14.33,2.47,SPY220218P00414000,414.0,0,0.0,0.0,,0.0,normalDay
2021-12-27,5356.0,1251.0,0.0,0,477.26,0.0,1,14.33,1.82,SPY220218P00414000,414.0,0,0.0,0.0,,0.0,normalDay
2021-12-28,5356.0,1260.0,0.0,0,476.87,0.0,1,14.33,1.73,SPY220218P00414000,414.0,0,0.0,0.0,,0.0,normalDay
2021-12-29,5356.0,1285.0,0.0,0,477.48,0.0,1,14.33,1.48,SPY220218P00414000,414.0,0,0.0,0.0,,0.0,normalDay
2021-12-30,5356.0,1277.0,0.0,0,476.16,0.0,1,14.33,1.56,SPY220218P00414000,414.0,0,0.0,0.0,,0.0,normalDay
2021-12-31,5356.0,1286.0,0.0,0,474.96,0.0,1,14.33,1.47,SPY220218P00414000,414.0,0,0.0,0.0,,0.0,normalDay
2022-01-03,5356.0,1317.0,0.0,0,477.71,0.0,1,14.33,1.16,SPY220218P00414000,414.0,0,0.0,0.0,,0.0,normalDay
2022-01-04,5356.0,1316.0,0.0,0,477.55,0.0,1,14.33,1.17,SPY220218P00414000,414.0,0,0.0,0.0,,0.0,normalDay
2022-01-05,5356.0,1238.0,0.0,0,468.38,0.0,1,14.33,1.95,SPY220218P00414000,414.0,0,0.0,0.0,,0.0,normalDay
2022-01-06,5356.0,1250.0,0.0,0,467.94,0.0,1,14.33,1.83,SPY220218P00414000,414.0,0,0.0,0.0,,0.0,normalDay
2022-01-07,5356.0,1270.0,0.0,0,466.09,0.0,1,14.33,1.63,SPY220218P00414000,414.0,0,0.0,0.0,,0.0,normalDay
2022-01-10,5356.0,1273.0,0.0,0,465.51,0.0,1,14.33,1.6,SPY220218P00414000,414.0,0,0.0,0.0,,0.0,normalDay
2022-01-11,5356.0,1309.0,0.0,0,469.75,0.0,1,14.33,1.24,SPY220218P00414000,414.0,0,0.0,0.0,,0.0,normalDay
2022-01-12,5356.0,1329.0,0.0,0,471.02,0.0,1,14.33,1.04,SPY220218P00414000,414.0,0,0.0,0.0,,0.0,normalDay
2022-01-13,5356.0,1273.0,0.0,0,464.53,0.0,1,14.33,1.6,SPY220218P00414000,414.0,0,0.0,0.0,,0.0,normalDay
2022-01-14,5356.0,1303.0,0.0,0,464.72,0.0,1,14.33,1.3,SPY220218P00414000,414.0,0,0.0,0.0,,0.0,normalDay
2022-01-18,5356.0,1218.0,0.0,0,456.49,0.0,1,14.33,2.15,SPY220218P00414000,414.0,0,0.0,0.0,,0.0,normalDay
2022-01-19,5356.0,1184.0,0.0,0,451.75,0.0,1,14.33,2.49,SPY220218P00414000,414.0,0,0.0,0.0,,0.0,normalDay
2022-01-20,5356.0,1100.0,0.0,0,446.75,0.0,1,14.33,3.33,SPY220218P00414000,414.0,0,0.0,0.0,,0.0,normalDay
2022-01-21,5356.0,909.0,0.0,0,437.98,0.0,1,14.33,5.24,SPY220218P00414000,414.0,0,0.0,0.0,,0.0,normalDay
2022-01-24,5356.0,902.0,0.0,0,439.84,0.0,1,14.33,5.31,SPY220218P00414000,414.0,0,0.0,0.0,,0.0,normalDay
2022-01-25,5356.0,765.0,0.0,0,434.47,0.0,1,14.33,6.68,SPY220218P00414000,414.0,0,0.0,0.0,,0.0,normalDay
2022-01-26,5356.0,777.0,0.0,0,433.38,0.0,1,14.33,6.56,SPY220218P00414000,414.0,0,0.0,0.0,,0.0,normalDay
2022-01-27,5356.0,820.0,0.0,0,431.24,0.0,1,14.33,6.13,SPY220218P00414000,414.0,0,0.0,0.0,,0.0,normalDay
2022-01-28,5356.0,1089.0,0.0,0,441.95,0.0,1,14.33,3.44,SPY220218P00414000,414.0,0,0.0,0.0,,0.0,normalDay
2022-01-31,5356.0,1254.0,0.0,0,449.91,0.0,1,14.33,1.79,SPY220218P00414000,414.0,0,0.0,0.0,,0.0,normalDay
2022-02-01,5356.0,1333.0,0.0,0,452.95,0.0,1,14.33,1.0,SPY220218P00414000,414.0,0,0.0,0.0,,0.0,normalDay
2022-02-02,5356.0,1357.0,0.0,0,457.35,0.0,1,14.33,0.76,SPY220218P00414000,414.0,0,0.0,0.0,,0.0,normalDay
2022-02-03,5356.0,1307.0,0.0,0,446.6,0.0,1,14.33,1.26,SPY220218P00414000,414.0,0,0.0,0.0,,0.0,normalDay
2022-02-04,5356.0,1337.0,0.0,0,448.7,0.0,1,14.33,0.96,SPY220218P00414000,414.0,0,0.0,0.0,,0.0,normalDay
2022-02-07,5356.0,1376.0,0.0,0,447.26,0.0,1,14.33,0.57,SPY220218P00414000,414.0,0,0.0,0.0,,0.0,normalDay
2022-02-08,5356.0,1397.0,0.0,0,450.94,0.0,1,14.33,0.36,SPY220218P00414000,414.0,0,0.0,0.0,,0.0,normalDay
2022-02-09,5356.0,1416.0,0.0,0,457.54,0.0,1,14.33,0.17,SPY220218P00414000,414.0,0,0.0,0.0,,0.0,normalDay
2022-02-10,5356.0,1387.0,0.0,0,449.32,0.0,1,14.33,0.46,SPY220218P00414000,414.0,0,0.0,0.0,,0.0,normalDay
2022-02-11,5356.0,1347.0,0.0,0,440.46,0.0,1,14.33,0.86,SPY220218P00414000,414.0,0,0.0,0.0,,0.0,normalDay
2022-02-14,5356.0,1389.0,0.0,0,439.02,0.0,1,14.33,0.44,SPY220218P00414000,414.0,0,0.0,0.0,,0.0,normalDay
2022-02-15,5356.0,1413.0,0.0,0,446.1,0.0,1,14.33,0.2,SPY220218P00414000,414.0,0,0.0,0.0,,0.0,normalDay
2022-02-16,5356.0,1428.0,0.0,0,446.6,0.0,1,14.33,0.05,SPY220218P00414000,414.0,0,0.0,0.0,,0.0,normalDay
2022-02-17,5356.0,1427.0,0.0,0,437.06,0.0,1,14.33,0.06,SPY220218P00414000,414.0,0,0.0,0.0,,0.0,normalDay
2022-02-18,6789.0,0.0,1433.0,0,434.23,0.0,1,14.33,0.0,SPY220218P00414000,414.0,0,0.0,0.0,,0.0,expirationDay
2022-02-22,6789.0,-12.0,0.0,0,429.57,0.0,1,16.83,16.95,SPY220630P00410000,410.0,0,0.0,0.0,,0.0,normalDay
2022-02-23,6789.0,-370.0,0.0,0,421.95,0.0,1,16.83,20.53,SPY220630P00410000,410.0,0,0.0,0.0,,0.0,normalDay
2022-02-24,6789.0,-120.0,0.0,0,428.3,0.0,1,16.83,18.03,SPY220630P00410000,410.0,0,0.0,0.0,,0.0,normalDay
2022-02-25,6789.0,231.0,0.0,0,437.75,0.0,1,16.83,14.52,SPY220630P00410000,410.0,0,0.0,0.0,,0.0,normalDay
2022-02-28,6789.0,161.0,0.0,0,436.63,0.0,1,16.83,15.22,SPY220630P00410000,410.0,0,0.0,0.0,,0.0,normalDay
2022-03-01,6789.0,-166.0,0.0,0,429.98,0.0,1,16.83,18.49,SPY220630P00410000,410.0,0,0.0,0.0,,0.0,normalDay
2022-03-02,6789.0,93.0,0.0,0,437.89,0.0,1,16.83,15.9,SPY220630P00410000,410.0,0,0.0,0.0,,0.0,normalDay
2022-03-03,6789.0,66.0,0.0,0,435.71,0.0,1,16.83,16.17,SPY220630P00410000,410.0,0,0.0,0.0,,0.0,normalDay
2022-03-04,6789.0,-113.0,0.0,0,432.17,0.0,1,16.83,17.96,SPY220630P00410000,410.0,0,0.0,0.0,,0.0,normalDay
2022-03-07,6789.0,-683.0,0.0,0,419.43,0.0,1,16.83,23.66,SPY220630P00410000,410.0,0,0.0,0.0,,0.0,normalDay
2022-03-08,6789.0,-753.0,0.0,0,416.25,0.0,1,16.83,24.36,SPY220630P00410000,410.0,0,0.0,0.0,,0.0,normalDay
2022-03-09,6789.0,-196.0,0.0,0,427.41,0.0,1,16.83,18.79,SPY220630P00410000,410.0,0,0.0,0.0,,0.0,normalDay
2022-03-10,6789.0,-197.0,0.0,0,425.48,0.0,1,16.83,18.8,SPY220630P00410000,410.0,0,0.0,0.0,,0.0,normalDay
2022-03-11,6789.0,-407.0,0.0,0,420.07,0.0,1,16.83,20.9,SPY220630P00410000,410.0,0,0.0,0.0,,0.0,normalDay
2022-03-14,6789.0,-503.0,0.0,0,417.0,0.0,1,16.83,21.86,SPY220630P00410000,410.0,0,0.0,0.0,,0.0,normalDay
2022-03-15,6789.0,-146.0,0.0,0,426.17,0.0,1,16.83,18.29,SPY220630P00410000,410.0,0,0.0,0.0,,0.0,normalDay
2022-03-16,6789.0,278.0,0.0,0,435.62,0.0,1,16.83,14.05,SPY220630P00410000,410.0,0,0.0,0.0,,0.0,normalDay
2022-03-17,6789.0,470.0,0.0,0,441.07,0.0,1,16.83,12.13,SPY220630P00410000,410.0,0,0.0,0.0,,0.0,normalDay
2022-03-18,6789.0,670.0,0.0,0,444.52,0.0,1,16.83,10.13,SPY220630P00410000,410.0,0,0.0,0.0,,0.0,normalDay
2022-03-21,6789.0,690.0,0.0,0,444.39,0.0,1,16.83,9.93,SPY220630P00410000,410.0,0,0.0,0.0,,0.0,normalDay
2022-03-22,6789.0,823.0,0.0,0,449.59,0.0,1,16.83,8.6,SPY220630P00410000,410.0,0,0.0,0.0,,0.0,normalDay
2022-03-23,6789.0,703.0,0.0,0,443.8,0.0,1,16.83,9.8,SPY220630P00410000,410.0,0,0.0,0.0,,0.0,normalDay
2022-03-24,6789.0,870.0,0.0,0,450.49,0.0,1,16.83,8.13,SPY220630P00410000,410.0,0,0.0,0.0,,0.0,normalDay
2022-03-25,6789.0,929.0,0.0,0,452.69,0.0,1,16.83,7.54,SPY220630P00410000,410.0,0,0.0,0.0,,0.0,normalDay
2022-03-28,6789.0,1017.0,0.0,0,455.91,0.0,1,16.83,6.66,SPY220630P00410000,410.0,0,0.0,0.0,,0.0,normalDay
2022-03-29,6789.0,1119.0,0.0,0,461.55,0.0,1,16.83,5.64,SPY220630P00410000,410.0,0,0.0,0.0,,0.0,normalDay
2022-03-30,6789.0,1084.0,0.0,0,458.7,0.0,1,16.83,5.99,SPY220630P00410000,410.0,0,0.0,0.0,,0.0,normalDay
2022-03-31,6789.0,957.0,0.0,0,451.64,0.0,1,16.83,7.26,SPY220630P00410000,410.0,0,0.0,0.0,,0.0,normalDay
2022-04-01,6789.0,1012.0,0.0,0,452.92,0.0,1,16.83,6.71,SPY220630P00410000,410.0,0,0.0,0.0,,0.0,normalDay
2022-04-04,6789.0,1141.0,0.0,0,456.8,0.0,1,16.83,5.42,SPY220630P00410000,410.0,0,0.0,0.0,,0.0,normalDay
2022-04-05,6789.0,997.0,0.0,0,451.03,0.0,1,16.83,6.86,SPY220630P00410000,410.0,0,0.0,0.0,,0.0,normalDay
2022-04-06,6789.0,899.0,0.0,0,446.52,0.0,1,16.83,7.84,SPY220630P00410000,410.0,0,0.0,0.0,,0.0,normalDay
2022-04-07,6789.0,955.0,0.0,0,448.77,0.0,1,16.83,7.28,SPY220630P00410000,410.0,0,0.0,0.0,,0.0,normalDay
2022-04-08,6789.0,964.0,0.0,0,447.57,0.0,1,16.83,7.19,SPY220630P00410000,410.0,0,0.0,0.0,,0.0,normalDay
2022-04-11,6789.0,768.0,0.0,0,439.92,0.0,1,16.83,9.15,SPY220630P00410000,410.0,0,0.0,0.0,,0.0,normalDay
2022-04-12,6789.0,748.0,0.0,0,438.29,0.0,1,16.83,9.35,SPY220630P00410000,410.0,0,0.0,0.0,,0.0,normalDay
2022-04-13,6789.0,935.0,0.0,0,443.31,0.0,1,16.83,7.48,SPY220630P00410000,410.0,0,0.0,0.0,,0.0,normalDay
2022-04-14,6789.0,815.0,0.0,0,437.79,0.0,1,16.83,8.68,SPY220630P00410000,410.0,0,0.0,0.0,,0.0,normalDay
2022-04-18,6789.0,900.0,0.0,0,437.97,0.0,1,16.83,7.83,SPY220630P00410000,410.0,0,0.0,0.0,,0.0,normalDay
2022-04-19,6789.0,1007.0,0.0,0,445.04,0.0,1,16.83,6.76,SPY220630P00410000,410.0,0,0.0,0.0,,0.0,normalDay
2022-04-20,6789.0,1087.0,0.0,0,444.71,0.0,1,16.83,5.96,SPY220630P00410000,410.0,0,0.0,0.0,,0.0,normalDay
2022-04-21,6789.0,873.0,0.0,0,438.06,0.0,1,16.83,8.1,SPY220630P00410000,410.0,0,0.0,0.0,,0.0,normalDay
2022-04-22,6789.0,407.0,0.0,0,426.04,0.0,1,16.83,12.76,SPY220630P00410000,410.0,0,0.0,0.0,,0.0,normalDay
2022-04-25,6789.0,581.0,0.0,0,428.51,0.0,1,16.83,11.02,SPY220630P00410000,410.0,0,0.0,0.0,,0.0,normalDay
2022-04-26,6789.0,-22.0,0.0,0,416.1,0.0,1,16.83,17.05,SPY220630P00410000,410.0,0,0.0,0.0,,0.0,normalDay
2022-04-27,6789.0,177.0,0.0,0,417.27,0.0,1,16.83,15.06,SPY220630P00410000,410.0,0,0.0,0.0,,0.0,normalDay
2022-04-28,6789.0,476.0,0.0,0,427.81,0.0,1,16.83,12.07,SPY220630P00410000,410.0,0,0.0,0.0,,0.0,normalDay
2022-04-29,6789.0,-38.0,0.0,0,412.0,0.0,1,16.83,17.21,SPY220630P00410000,410.0,0,0.0,0.0,,0.0,normalDay
2022-05-02,6789.0,105.0,0.0,0,414.48,0.0,1,16.83,15.78,SPY220630P00410000,410.0,0,0.0,0.0,,0.0,normalDay
2022-05-03,6789.0,287.0,0.0,0,416.38,0.0,1,16.83,13.96,SPY220630P00410000,410.0,0,0.0,0.0,,0.0,normalDay
2022-05-04,6789.0,748.0,0.0,0,429.06,0.0,1,16.83,9.35,SPY220630P00410000,410.0,0,0.0,0.0,,0.0,normalDay
2022-05-05,6789.0,86.0,0.0,0,413.81,0.0,1,16.83,15.97,SPY220630P00410000,410.0,0,0.0,0.0,,0.0,normalDay
2022-05-06,6789.0,-17.0,0.0,0,411.34,0.0,1,16.83,17.0,SPY220630P00410000,410.0,0,0.0,0.0,,0.0,normalDay
2022-05-09,6789.0,-669.0,0.0,0,398.17,0.0,1,16.83,23.52,SPY220630P00410000,410.0,0,0.0,0.0,,0.0,normalDay
2022-05-10,6789.0,-602.0,0.0,0,399.09,0.0,1,16.83,22.85,SPY220630P00410000,410.0,0,0.0,0.0,,0.0,normalDay
2022-05-11,6789.0,-929.0,0.0,0,392.75,0.0,1,16.83,26.12,SPY220630P00410000,410.0,0,0.0,0.0,,0.0,normalDay
2022-05-12,6789.0,-956.0,0.0,0,392.34,0.0,1,16.83,26.39,SPY220630P00410000,410.0,0,0.0,0.0,,0.0,normalDay
2022-05-13,6789.0,-336.0,0.0,0,401.72,0.0,1,16.83,20.19,SPY220630P00410000,410.0,0,0.0,0.0,,0.0,normalDay
2022-05-16,6789.0,-330.0,0.0,0,400.09,0.0,1,16.83,20.13,SPY220630P00410000,410.0,0,0.0,0.0,,0.0,normalDay
2022-05-17,6789.0,189.0,0.0,0,408.32,0.0,1,16.83,14.94,SPY220630P00410000,410.0,0,0.0,0.0,,0.0,normalDay
2022-05-18,6789.0,-934.0,0.0,0,391.86,0.0,1,16.83,26.17,SPY220630P00410000,410.0,0,0.0,0.0,,0.0,normalDay
2022-05-19,6789.0,-1002.0,0.0,0,389.46,0.0,1,16.83,26.85,SPY220630P00410000,410.0,0,0.0,0.0,,0.0,normalDay
2022-05-20,6789.0,-972.0,0.0,0,389.63,0.0,1,16.83,26.55,SPY220630P00410000,410.0,0,0.0,0.0,,0.0,normalDay
2022-05-23,6789.0,-396.0,0.0,0,396.92,0.0,1,16.83,20.79,SPY220630P00410000,410.0,0,0.0,0.0,,0.0,normalDay
2022-05-24,6789.0,-625.0,0.0,0,393.89,0.0,1,16.83,23.08,SPY220630P00410000,410.0,0,0.0,0.0,,0.0,normalDay
2022-05-25,6789.0,-380.0,0.0,0,397.37,0.0,1,16.83,20.63,SPY220630P00410000,410.0,0,0.0,0.0,,0.0,normalDay
2022-05-26,6789.0,108.0,0.0,0,405.31,0.0,1,16.83,15.75,SPY220630P00410000,410.0,0,0.0,0.0,,0.0,normalDay
2022-05-27,6789.0,666.0,0.0,0,415.26,0.0,1,16.83,10.17,SPY220630P00410000,410.0,0,0.0,0.0,,0.0,normalDay
2022-05-31,6789.0,591.0,0.0,0,412.93,0.0,1,16.83,10.92,SPY220630P00410000,410.0,0,0.0,0.0,,0.0,normalDay
2022-06-01,6789.0,503.0,0.0,0,409.59,0.0,1,16.83,11.8,SPY220630P00410000,410.0,0,0.0,0.0,,0.0,normalDay
2022-06-02,6789.0,888.0,0.0,0,417.39,0.0,1,16.83,7.95,SPY220630P00410000,410.0,0,0.0,0.0,,0.0,normalDay
2022-06-03,6789.0,623.0,0.0,0,410.54,0.0,1,16.83,10.6,SPY220630P00410000,410.0,0,0.0,0.0,,0.0,normalDay
2022-06-06,6789.0,714.0,0.0,0,411.79,0.0,1,16.83,9.69,SPY220630P00410000,410.0,0,0.0,0.0,,0.0,normalDay
2022-06-07,6789.0,911.0,0.0,0,415.74,0.0,1,16.83,7.72,SPY220630P00410000,410.0,0,0.0,0.0,,0.0,normalDay
2022-06-08,6789.0,771.0,0.0,0,411.22,0.0,1,16.83,9.12,SPY220630P00410000,410.0,0,0.0,0.0,,0.0,normalDay
2022-06-09,6789.0,210.0,0.0,0,401.44,0.0,1,16.83,14.73,SPY220630P00410000,410.0,0,0.0,0.0,,0.0,normalDay
2022-06-10,6789.0,-623.0,0.0,0,389.8,0.0,1,16.83,23.06,SPY220630P00410000,410.0,0,0.0,0.0,,0.0,normalDay
2022-06-13,6789.0,-2039.0,0.0,0,375.0,0.0,1,16.83,37.22,SPY220630P00410000,410.0,0,0.0,0.0,,0.0,normalDay
2022-06-14,6789.0,-2216.0,0.0,0,373.87,0.0,1,16.83,38.99,SPY220630P00410000,410.0,0,0.0,0.0,,0.0,normalDay
2022-06-15,6789.0,-1612.0,0.0,0,379.2,0.0,1,16.83,32.95,SPY220630P00410000,410.0,0,0.0,0.0,,0.0,normalDay
2022-06-16,6789.0,-2766.0,0.0,0,366.65,0.0,1,16.83,44.49,SPY220630P00410000,410.0,0,0.0,0.0,,0.0,normalDay
2022-06-17,6789.0,-2671.0,0.0,0,365.86,0.0,1,16.83,43.54,SPY220630P00410000,410.0,0,0.0,0.0,,0.0,normalDay
2022-06-21,6789.0,-1830.0,0.0,0,375.07,0.0,1,16.83,35.13,SPY220630P00410000,410.0,0,0.0,0.0,,0.0,normalDay
2022-06-22,6789.0,-1845.0,0.0,0,374.39,0.0,1,16.83,35.28,SPY220630P00410000,410.0,0,0.0,0.0,,0.0,normalDay
2022-06-23,6789.0,-1623.0,0.0,0,378.06,0.0,1,16.83,33.06,SPY220630P00410000,410.0,0,0.0,0.0,,0.0,normalDay
2022-06-24,6789.0,-456.0,0.0,0,390.08,0.0,1,16.83,21.39,SPY220630P00410000,410.0,0,0.0,0.0,,0.0,normalDay
2022-06-27,6789.0,-449.0,0.0,0,388.59,0.0,1,16.83,21.32,SPY220630P00410000,410.0,0,0.0,0.0,,0.0,normalDay
2022-06-28,6789.0,-1289.0,0.0,0,380.65,0.0,1,16.83,29.72,SPY220630P00410000,410.0,0,0.0,0.0,,0.0,normalDay
2022-06-29,6789.0,-1286.0,0.0,0,380.34,0.0,1,16.83,29.69,SPY220630P00410000,410.0,0,0.0,0.0,,0.0,normalDay
2022-06-30,8472.0,-3275.0,1683.0,100,377.25,410.0,1,16.83,0.0,SPY220630P00410000,410.0,0,0.0,0.0,,0.0,expirationDay
2022-07-01,8472.0,-2884.0,0.0,100,381.24,410.0,0,0.0,0.0,,0.0,1,3.99,4.07,SPY220801C00397000,397.0,normalDay
2022-07-05,8472.0,-2789.0,0.0,100,381.96,410.0,0,0.0,0.0,,0.0,1,3.99,3.84,SPY220801C00397000,397.0,normalDay
2022-07-06,8472.0,-2695.0,0.0,100,383.25,410.0,0,0.0,0.0,,0.0,1,3.99,4.19,SPY220801C00397000,397.0,normalDay
2022-07-07,8472.0,-2268.0,0.0,100,388.99,410.0,0,0.0,0.0,,0.0,1,3.99,5.66,SPY220801C00397000,397.0,normalDay
2022-07-08,8472.0,-2249.0,0.0,100,388.67,410.0,0,0.0,0.0,,0.0,1,3.99,5.15,SPY220801C00397000,397.0,normalDay
2022-07-11,8472.0,-2528.0,0.0,100,384.23,410.0,0,0.0,0.0,,0.0,1,3.99,3.5,SPY220801C00397000,397.0,normalDay
2022-07-12,8472.0,-2757.0,0.0,100,380.83,410.0,0,0.0,0.0,,0.0,1,3.99,2.39,SPY220801C00397000,397.0,normalDay
2022-07-13,8472.0,-2893.0,0.0,100,378.83,410.0,0,0.0,0.0,,0.0,1,3.99,1.75,SPY220801C00397000,397.0,normalDay
2022-07-14,8472.0,-2948.0,0.0,100,377.91,410.0,0,0.0,0.0,,0.0,1,3.99,1.38,SPY220801C00397000,397.0,normalDay
2022-07-15,8472.0,-2319.0,0.0,100,385.13,410.0,0,0.0,0.0,,0.0,1,3.99,2.31,SPY220801C00397000,397.0,normalDay
2022-07-18,8472.0,-2552.0,0.0,100,381.95,410.0,0,0.0,0.0,,0.0,1,3.99,1.46,SPY220801C00397000,397.0,normalDay
2022-07-19,8472.0,-1855.0,0.0,100,392.27,410.0,0,0.0,0.0,,0.0,1,3.99,4.81,SPY220801C00397000,397.0,normalDay
2022-07-20,8472.0,-1674.0,0.0,100,394.77,410.0,0,0.0,0.0,,0.0,1,3.99,5.5,SPY220801C00397000,397.0,normalDay
2022-07-21,8472.0,-1384.0,0.0,100,398.79,410.0,0,0.0,0.0,,0.0,1,3.99,6.62,SPY220801C00397000,397.0,normalDay
2022-07-22,8472.0,-1506.0,0.0,100,395.09,410.0,0,0.0,0.0,,0.0,1,3.99,4.14,SPY220801C00397000,397.0,normalDay
2022-07-25,8472.0,-1470.0,0.0,100,395.57,410.0,0,0.0,0.0,,0.0,1,3.99,4.26,SPY220801C00397000,397.0,normalDay
2022-07-26,8472.0,-1761.0,0.0,100,390.89,410.0,0,0.0,0.0,,0.0,1,3.99,2.49,SPY220801C00397000,397.0,normalDay
2022-07-27,8472.0,-1076.0,0.0,100,401.04,410.0,0,0.0,0.0,,0.0,1,3.99,5.79,SPY220801C00397000,397.0,normalDay
2022-07-28,8472.0,-1070.0,0.0,100,406.07,410.0,0,0.0,0.0,,0.0,1,3.99,10.76,SPY220801C00397000,397.0,normalDay
2022-07-29,8472.0,-928.0,0.0,100,411.99,410.0,0,0.0,0.0,,0.0,1,3.99,15.26,SPY220801C00397000,397.0,normalDay
2022-08-01,7571.0,-928.0,-901.0,0,410.77,0.0,0,0.0,0.0,,0.0,1,3.99,0.0,SPY220801C00397000,397.0,expirationDay
2022-08-02,7571.0,-6.0,0.0,0,408.06,0.0,1,7.15,7.21,SPY221216P00350000,350.0,0,0.0,0.0,,0.0,normalDay
2022-08-03,7571.0,128.0,0.0,0,414.45,0.0,1,7.15,5.87,SPY221216P00350000,350.0,0,0.0,0.0,,0.0,normalDay
2022-08-04,7571.0,138.0,0.0,0,414.17,0.0,1,7.15,5.77,SPY221216P00350000,350.0,0,0.0,0.0,,0.0,normalDay
2022-08-05,7571.0,131.0,0.0,0,413.47,0.0,1,7.15,5.84,SPY221216P00350000,350.0,0,0.0,0.0,,0.0,normalDay
2022-08-08,7571.0,137.0,0.0,0,412.99,0.0,1,7.15,5.78,SPY221216P00350000,350.0,0,0.0,0.0,,0.0,normalDay
2022-08-09,7571.0,121.0,0.0,0,411.35,0.0,1,7.15,5.94,SPY221216P00350000,350.0,0,0.0,0.0,,0.0,normalDay
2022-08-10,7571.0,241.0,0.0,0,419.99,0.0,1,7.15,4.74,SPY221216P00350000,350.0,0,0.0,0.0,,0.0,normalDay
2022-08-11,7571.0,243.0,0.0,0,419.99,0.0,1,7.15,4.72,SPY221216P00350000,350.0,0,0.0,0.0,,0.0,normalDay
2022-08-12,7571.0,308.0,0.0,0,427.1,0.0,1,7.15,4.07,SPY221216P00350000,350.0,0,0.0,0.0,,0.0,normalDay
2022-08-15,7571.0,339.0,0.0,0,428.86,0.0,1,7.15,3.76,SPY221216P00350000,350.0,0,0.0,0.0,,0.0,normalDay
2022-08-16,7571.0,349.0,0.0,0,429.7,0.0,1,7.15,3.66,SPY221216P00350000,350.0,0,0.0,0.0,,0.0,normalDay
2022-08-17,7571.0,321.0,0.0,0,426.65,0.0,1,7.15,3.94,SPY221216P00350000,350.0,0,0.0,0.0,,0.0,normalDay
2022-08-18,7571.0,345.0,0.0,0,427.89,0.0,1,7.15,3.7,SPY221216P00350000,350.0,0,0.0,0.0,,0.0,normalDay
2022-08-19,7571.0,279.0,0.0,0,422.14,0.0,1,7.15,4.36,SPY221216P00350000,350.0,0,0.0,0.0,,0.0,normalDay
2022-08-22,7571.0,174.0,0.0,0,413.35,0.0,1,7.15,5.41,SPY221216P00350000,350.0,0,0.0,0.0,,0.0,normalDay
2022-08-23,7571.0,177.0,0.0,0,412.35,0.0,1,7.15,5.38,SPY221216P00350000,350.0,0,0.0,0.0,,0.0,normalDay
2022-08-24,7571.0,229.0,0.0,0,413.67,0.0,1,7.15,4.86,SPY221216P00350000,350.0,0,0.0,0.0,,0.0,normalDay
2022-08-25,7571.0,301.0,0.0,0,419.51,0.0,1,7.15,4.14,SPY221216P00350000,350.0,0,0.0,0.0,,0.0,normalDay
2022-08-26,7571.0,96.0,0.0,0,405.31,0.0,1,7.15,6.19,SPY221216P00350000,350.0,0,0.0,0.0,,0.0,normalDay
2022-08-29,7571.0,81.0,0.0,0,402.63,0.0,1,7.15,6.34,SPY221216P00350000,350.0,0,0.0,0.0,,0.0,normalDay
2022-08-30,7571.0,22.0,0.0,0,398.21,0.0,1,7.15,6.93,SPY221216P00350000,350.0,0,0.0,0.0,,0.0,normalDay
2022-08-31,7571.0,0.0,0.0,0,395.18,0.0,1,7.15,7.15,SPY221216P00350000,350.0,0,0.0,0.0,,0.0,normalDay
2022-09-01,7571.0,43.0,0.0,0,396.42,0.0,1,7.15,6.72,SPY221216P00350000,350.0,0,0.0,0.0,,0.0,normalDay
2022-09-02,7571.0,-5.0,0.0,0,392.24,0.0,1,7.15,7.2,SPY221216P00350000,350.0,0,0.0,0.0,,0.0,normalDay
2022-09-06,7571.0,-54.0,0.0,0,390.76,0.0,1,7.15,7.69,SPY221216P00350000,350.0,0,0.0,0.0,,0.0,normalDay
2022-09-07,7571.0,114.0,0.0,0,397.78,0.0,1,7.15,6.01,SPY221216P00350000,350.0,0,0.0,0.0,,0.0,normalDay
2022-09-08,7571.0,191.0,0.0,0,400.38,0.0,1,7.15,5.24,SPY221216P00350000,350.0,0,0.0,0.0,,0.0,normalDay
2022-09-09,7571.0,262.0,0.0,0,406.6,0.0,1,7.15,4.53,SPY221216P00350000,350.0,0,0.0,0.0,,0.0,normalDay
2022-09-12,7571.0,322.0,0.0,0,410.97,0.0,1,7.15,3.93,SPY221216P00350000,350.0,0,0.0,0.0,,0.0,normalDay
2022-09-13,7571.0,59.0,0.0,0,393.1,0.0,1,7.15,6.56,SPY221216P00350000,350.0,0,0.0,0.0,,0.0,normalDay
2022-09-14,7571.0,92.0,0.0,0,394.6,0.0,1,7.15,6.23,SPY221216P00350000,350.0,0,0.0,0.0,,0.0,normalDay
2022-09-15,7571.0,49.0,0.0,0,390.12,0.0,1,7.15,6.66,SPY221216P00350000,350.0,0,0.0,0.0,,0.0,normalDay
2022-09-16,7571.0,11.0,0.0,0,385.56,0.0,1,7.15,7.04,SPY221216P00350000,350.0,0,0.0,0.0,,0.0,normalDay
2022-09-19,7571.0,87.0,0.0,0,388.55,0.0,1,7.15,6.28,SPY221216P00350000,350.0,0,0.0,0.0,,0.0,normalDay
2022-09-20,7571.0,-8.0,0.0,0,384.09,0.0,1,7.15,7.23,SPY221216P00350000,350.0,0,0.0,0.0,,0.0,normalDay
2022-09-21,7571.0,-161.0,0.0,0,377.39,0.0,1,7.15,8.76,SPY221216P00350000,350.0,0,0.0,0.0,,0.0,normalDay
2022-09-22,7571.0,-189.0,0.0,0,374.22,0.0,1,7.15,9.04,SPY221216P00350000,350.0,0,0.0,0.0,,0.0,normalDay
2022-09-23,7571.0,-430.0,0.0,0,367.95,0.0,1,7.15,11.45,SPY221216P00350000,350.0,0,0.0,0.0,,0.0,normalDay
2022-09-26,7571.0,-604.0,0.0,0,364.31,0.0,1,7.15,13.19,SPY221216P00350000,350.0,0,0.0,0.0,,0.0,normalDay
2022-09-27,7571.0,-621.0,0.0,0,363.38,0.0,1,7.15,13.36,SPY221216P00350000,350.0,0,0.0,0.0,,0.0,normalDay
2022-09-28,7571.0,-350.0,0.0,0,370.53,0.0,1,7.15,10.65,SPY221216P00350000,350.0,0,0.0,0.0,,0.0,normalDay
2022-09-29,7571.0,-583.0,0.0,0,362.79,0.0,1,7.15,12.98,SPY221216P00350000,350.0,0,0.0,0.0,,0.0,normalDay
2022-09-30,7571.0,-711.0,0.0,0,357.18,0.0,1,7.15,14.26,SPY221216P00350000,350.0,0,0.0,0.0,,0.0,normalDay
2022-10-03,7571.0,-365.0,0.0,0,366.61,0.0,1,7.15,10.8,SPY221216P00350000,350.0,0,0.0,0.0,,0.0,normalDay
2022-10-04,7571.0,-76.0,0.0,0,377.97,0.0,1,7.15,7.91,SPY221216P00350000,350.0,0,0.0,0.0,,0.0,normalDay
2022-10-05,7571.0,-73.0,0.0,0,377.09,0.0,1,7.15,7.88,SPY221216P00350000,350.0,0,0.0,0.0,,0.0,normalDay
2022-10-06,7571.0,-199.0,0.0,0,373.2,0.0,1,7.15,9.14,SPY221216P00350000,350.0,0,0.0,0.0,,0.0,normalDay
2022-10-07,7571.0,-511.0,0.0,0,362.79,0.0,1,7.15,12.26,SPY221216P00350000,350.0,0,0.0,0.0,,0.0,normalDay
2022-10-10,7571.0,-591.0,0.0,0,360.02,0.0,1,7.15,13.06,SPY221216P00350000,350.0,0,0.0,0.0,,0.0,normalDay
2022-10-11,7571.0,-688.0,0.0,0,357.74,0.0,1,7.15,14.03,SPY221216P00350000,350.0,0,0.0,0.0,,0.0,normalDay
2022-10-12,7571.0,-710.0,0.0,0,356.56,0.0,1,7.15,14.25,SPY221216P00350000,350.0,0,0.0,0.0,,0.0,normalDay
2022-10-13,7571.0,-357.0,0.0,0,365.97,0.0,1,7.15,10.72,SPY221216P00350000,350.0,0,0.0,0.0,,0.0,normalDay
2022-10-14,7571.0,-617.0,0.0,0,357.63,0.0,1,7.15,13.32,SPY221216P00350000,350.0,0,0.0,0.0,,0.0,normalDay
2022-10-17,7571.0,-279.0,0.0,0,366.82,0.0,1,7.15,9.94,SPY221216P00350000,350.0,0,0.0,0.0,,0.0,normalDay
2022-10-18,7571.0,-112.0,0.0,0,371.13,0.0,1,7.15,8.27,SPY221216P00350000,350.0,0,0.0,0.0,,0.0,normalDay
2022-10-19,7571.0,-216.0,0.0,0,368.5,0.0,1,7.15,9.31,SPY221216P00350000,350.0,0,0.0,0.0,,0.0,normalDay
2022-10-20,7571.0,-250.0,0.0,0,365.41,0.0,1,7.15,9.65,SPY221216P00350000,350.0,0,0.0,0.0,,0.0,normalDay
2022-10-21,7571.0,-24.0,0.0,0,374.29,0.0,1,7.15,7.39,SPY221216P00350000,350.0,0,0.0,0.0,,0.0,normalDay
2022-10-24,7571.0,91.0,0.0,0,378.87,0.0,1,7.15,6.24,SPY221216P00350000,350.0,0,0.0,0.0,,0.0,normalDay
2022-10-25,7571.0,217.0,0.0,0,384.92,0.0,1,7.15,4.98,SPY221216P00350000,350.0,0,0.0,0.0,,0.0,normalDay
2022-10-26,7571.0,252.0,0.0,0,382.02,0.0,1,7.15,4.63,SPY221216P00350000,350.0,0,0.0,0.0,,0.0,normalDay
2022-10-27,7571.0,147.0,0.0,0,379.98,0.0,1,7.15,5.68,SPY221216P00350000,350.0,0,0.0,0.0,,0.0,normalDay
2022-10-28,7571.0,382.0,0.0,0,389.02,0.0,1,7.15,3.33,SPY221216P00350000,350.0,0,0.0,0.0,,0.0,normalDay
2022-10-31,7571.0,381.0,0.0,0,386.21,0.0,1,7.15,3.34,SPY221216P00350000,350.0,0,0.0,0.0,,0.0,normalDay
2022-11-01,7571.0,368.0,0.0,0,384.52,0.0,1,7.15,3.47,SPY221216P00350000,350.0,0,0.0,0.0,,0.0,normalDay
2022-11-02,7571.0,214.0,0.0,0,374.87,0.0,1,7.15,5.01,SPY221216P00350000,350.0,0,0.0,0.0,,0.0,normalDay
2022-11-03,7571.0,173.0,0.0,0,371.01,0.0,1,7.15,5.42,SPY221216P00350000,350.0,0,0.0,0.0,,0.0,normalDay
2022-11-04,7571.0,303.0,0.0,0,376.35,0.0,1,7.15,4.12,SPY221216P00350000,350.0,0,0.0,0.0,,0.0,normalDay
2022-11-07,7571.0,399.0,0.0,0,379.95,0.0,1,7.15,3.16,SPY221216P00350000,350.0,0,0.0,0.0,,0.0,normalDay
2022-11-08,7571.0,386.0,0.0,0,382.0,0.0,1,7.15,3.29,SPY221216P00350000,350.0,0,0.0,0.0,,0.0,normalDay
2022-11-09,7571.0,278.0,0.0,0,374.13,0.0,1,7.15,4.37,SPY221216P00350000,350.0,0,0.0,0.0,,0.0,normalDay
2022-11-10,7571.0,572.0,0.0,0,394.69,0.0,1,7.15,1.43,SPY221216P00350000,350.0,0,0.0,0.0,,0.0,normalDay
2022-11-11,7571.0,599.0,0.0,0,398.51,0.0,1,7.15,1.16,SPY221216P00350000,350.0,0,0.0,0.0,,0.0,normalDay
2022-11-14,7571.0,594.0,0.0,0,395.12,0.0,1,7.15,1.21,SPY221216P00350000,350.0,0,0.0,0.0,,0.0,normalDay
2022-11-15,7571.0,606.0,0.0,0,398.49,0.0,1,7.15,1.09,SPY221216P00350000,350.0,0,0.0,0.0,,0.0,normalDay
2022-11-16,7571.0,605.0,0.0,0,395.45,0.0,1,7.15,1.1,SPY221216P00350000,350.0,0,0.0,0.0,,0.0,normalDay
2022-11-17,7571.0,614.0,0.0,0,394.24,0.0,1,7.15,1.01,SPY221216P00350000,350.0,0,0.0,0.0,,0.0,normalDay
2022-11-18,7571.0,635.0,0.0,0,396.03,0.0,1,7.15,0.8,SPY221216P00350000,350.0,0,0.0,0.0,,0.0,normalDay
2022-11-21,7571.0,653.0,0.0,0,394.59,0.0,1,7.15,0.62,SPY221216P00350000,350.0,0,0.0,0.0,,0.0,normalDay
2022-11-22,7571.0,673.0,0.0,0,399.9,0.0,1,7.15,0.42,SPY221216P00350000,350.0,0,0.0,0.0,,0.0,normalDay
2022-11-23,7571.0,683.0,0.0,0,402.42,0.0,1,7.15,0.32,SPY221216P00350000,350.0,0,0.0,0.0,,0.0,normalDay
2022-11-25,7571.0,684.0,0.0,0,402.33,0.0,1,7.15,0.31,SPY221216P00350000,350.0,0,0.0,0.0,,0.0,normalDay
2022-11-28,7571.0,677.0,0.0,0,395.91,0.0,1,7.15,0.38,SPY221216P00350000,350.0,0,0.0,0.0,,0.0,normalDay
2022-11-29,7571.0,681.0,0.0,0,395.23,0.0,1,7.15,0.34,SPY221216P00350000,350.0,0,0.0,0.0,,0.0,normalDay
2022-11-30,7571.0,698.0,0.0,0,407.68,0.0,1,7.15,0.17,SPY221216P00350000,350.0,0,0.0,0.0,,0.0,normalDay
2022-12-01,7571.0,702.0,0.0,0,407.38,0.0,1,7.15,0.13,SPY221216P00350000,350.0,0,0.0,0.0,,0.0,normalDay
2022-12-02,7571.0,703.0,0.0,0,406.91,0.0,1,7.15,0.12,SPY221216P00350000,350.0,0,0.0,0.0,,0.0,normalDay
2022-12-05,7571.0,700.0,0.0,0,399.59,0.0,1,7.15,0.15,SPY221216P00350000,350.0,0,0.0,0.0,,0.0,normalDay
2022-12-06,7571.0,692.0,0.0,0,393.83,0.0,1,7.15,0.23,SPY221216P00350000,350.0,0,0.0,0.0,,0.0,normalDay
2022-12-07,7571.0,695.0,0.0,0,393.16,0.0,1,7.15,0.2,SPY221216P00350000,350.0,0,0.0,0.0,,0.0,normalDay
2022-12-08,7571.0,701.0,0.0,0,396.24,0.0,1,7.15,0.14,SPY221216P00350000,350.0,0,0.0,0.0,,0.0,normalDay
2022-12-09,7571.0,702.0,0.0,0,393.28,0.0,1,7.15,0.13,SPY221216P00350000,350.0,0,0.0,0.0,,0.0,normalDay
2022-12-12,7571.0,706.0,0.0,0,398.95,0.0,1,7.15,0.09,SPY221216P00350000,350.0,0,0.0,0.0,,0.0,normalDay
2022-12-13,7571.0,710.0,0.0,0,401.97,0.0,1,7.15,0.05,SPY221216P00350000,350.0,0,0.0,0.0,,0.0,normalDay
2022-12-14,7571.0,712.0,0.0,0,399.4,0.0,1,7.15,0.03,SPY221216P00350000,350.0,0,0.0,0.0,,0.0,normalDay
2022-12-15,7571.0,712.0,0.0,0,389.63,0.0,1,7.15,0.03,SPY221216P00350000,350.0,0,0.0,0.0,,0.0,normalDay
2022-12-16,8286.0,0.0,715.0,0,383.27,0.0,1,7.15,0.0,SPY221216P00350000,350.0,0,0.0,0.0,,0.0,expirationDay
2022-12-19,8286.0,-6.0,0.0,0,380.02,0.0,1,14.69,14.75,SPY230421P00370000,370.0,0,0.0,0.0,,0.0,normalDay
2022-12-20,8286.0,59.0,0.0,0,380.54,0.0,1,14.69,14.1,SPY230421P00370000,370.0,0,0.0,0.0,,0.0,normalDay
2022-12-21,8286.0,279.0,0.0,0,386.23,0.0,1,14.69,11.9,SPY230421P00370000,370.0,0,0.0,0.0,,0.0,normalDay
2022-12-22,8286.0,58.0,0.0,0,380.72,0.0,1,14.69,14.11,SPY230421P00370000,370.0,0,0.0,0.0,,0.0,normalDay
2022-12-23,8286.0,149.0,0.0,0,382.91,0.0,1,14.69,13.2,SPY230421P00370000,370.0,0,0.0,0.0,,0.0,normalDay
2022-12-27,8286.0,125.0,0.0,0,381.4,0.0,1,14.69,13.44,SPY230421P00370000,370.0,0,0.0,0.0,,0.0,normalDay
2022-12-28,8286.0,-29.0,0.0,0,376.66,0.0,1,14.69,14.98,SPY230421P00370000,370.0,0,0.0,0.0,,0.0,normalDay
2022-12-29,8286.0,213.0,0.0,0,383.44,0.0,1,14.69,12.56,SPY230421P00370000,370.0,0,0.0,0.0,,0.0,normalDay
2022-12-30,8286.0,193.0,0.0,0,382.43,0.0,1,14.69,12.76,SPY230421P00370000,370.0,0,0.0,0.0,,0.0,normalDay
2023-01-03,8286.0,149.0,0.0,0,380.82,0.0,1,14.69,13.2,SPY230421P00370000,370.0,0,0.0,0.0,,0.0,normalDay
2023-01-04,8286.0,316.0,0.0,0,383.76,0.0,1,14.69,11.53,SPY230421P00370000,370.0,0,0.0,0.0,,0.0,normalDay
2023-01-05,8286.0,178.0,0.0,0,379.38,0.0,1,14.69,12.91,SPY230421P00370000,370.0,0,0.0,0.0,,0.0,normalDay
2023-01-06,8286.0,484.0,0.0,0,388.08,0.0,1,14.69,9.85,SPY230421P00370000,370.0,0,0.0,0.0,,0.0,normalDay
2023-01-09,8286.0,467.0,0.0,0,387.86,0.0,1,14.69,10.02,SPY230421P00370000,370.0,0,0.0,0.0,,0.0,normalDay
2023-01-10,8286.0,603.0,0.0,0,390.58,0.0,1,14.69,8.66,SPY230421P00370000,370.0,0,0.0,0.0,,0.0,normalDay
2023-01-11,8286.0,708.0,0.0,0,395.52,0.0,1,14.69,7.61,SPY230421P00370000,370.0,0,0.0,0.0,,0.0,normalDay
2023-01-12,8286.0,816.0,0.0,0,396.96,0.0,1,14.69,6.53,SPY230421P00370000,370.0,0,0.0,0.0,,0.0,normalDay
2023-01-13,8286.0,867.0,0.0,0,398.5,0.0,1,14.69,6.02,SPY230421P00370000,370.0,0,0.0,0.0,,0.0,normalDay
2023-01-17,8286.0,867.0,0.0,0,397.77,0.0,1,14.69,6.02,SPY230421P00370000,370.0,0,0.0,0.0,,0.0,normalDay
2023-01-18,8286.0,709.0,0.0,0,391.49,0.0,1,14.69,7.6,SPY230421P00370000,370.0,0,0.0,0.0,,0.0,normalDay
2023-01-19,8286.0,654.0,0.0,0,388.64,0.0,1,14.69,8.15,SPY230421P00370000,370.0,0,0.0,0.0,,0.0,normalDay
2023-01-20,8286.0,837.0,0.0,0,395.88,0.0,1,14.69,6.32,SPY230421P00370000,370.0,0,0.0,0.0,,0.0,normalDay
2023-01-23,8286.0,938.0,0.0,0,400.63,0.0,1,14.69,5.31,SPY230421P00370000,370.0,0,0.0,0.0,,0.0,normalDay
2023-01-24,8286.0,984.0,0.0,0,400.2,0.0,1,14.69,4.85,SPY230421P00370000,370.0,0,0.0,0.0,,0.0,normalDay
2023-01-25,8286.0,974.0,0.0,0,400.35,0.0,1,14.69,4.95,SPY230421P00370000,370.0,0,0.0,0.0,,0.0,normalDay
2023-01-26,8286.0,1045.0,0.0,0,404.75,0.0,1,14.69,4.24,SPY230421P00370000,370.0,0,0.0,0.0,,0.0,normalDay
2023-01-27,8286.0,1068.0,0.0,0,405.68,0.0,1,14.69,4.01,SPY230421P00370000,370.0,0,0.0,0.0,,0.0,normalDay
2023-01-30,8286.0,998.0,0.0,0,400.59,0.0,1,14.69,4.71,SPY230421P00370000,370.0,0,0.0,0.0,,0.0,normalDay
2023-01-31,8286.0,1082.0,0.0,0,406.48,0.0,1,14.69,3.87,SPY230421P00370000,370.0,0,0.0,0.0,,0.0,normalDay
2023-02-01,8286.0,1163.0,0.0,0,410.8,0.0,1,14.69,3.06,SPY230421P00370000,370.0,0,0.0,0.0,,0.0,normalDay
2023-02-02,8286.0,1167.0,0.0,0,416.78,0.0,1,14.69,3.02,SPY230421P00370000,370.0,0,0.0,0.0,,0.0,normalDay
2023-02-03,8286.0,1156.0,0.0,0,412.35,0.0,1,14.69,3.13,SPY230421P00370000,370.0,0,0.0,0.0,,0.0,normalDay
2023-02-06,8286.0,1132.0,0.0,0,409.83,0.0,1,14.69,3.37,SPY230421P00370000,370.0,0,0.0,0.0,,0.0,normalDay
2023-02-07,8286.0,1197.0,0.0,0,415.19,0.0,1,14.69,2.72,SPY230421P00370000,370.0,0,0.0,0.0,,0.0,normalDay
2023-02-08,8286.0,1141.0,0.0,0,410.65,0.0,1,14.69,3.28,SPY230421P00370000,370.0,0,0.0,0.0,,0.0,normalDay
2023-02-09,8286.0,1088.0,0.0,0,407.09,0.0,1,14.69,3.81,SPY230421P00370000,370.0,0,0.0,0.0,,0.0,normalDay
2023-02-10,8286.0,1102.0,0.0,0,408.04,0.0,1,14.69,3.67,SPY230421P00370000,370.0,0,0.0,0.0,,0.0,normalDay
2023-02-13,8286.0,1184.0,0.0,0,412.83,0.0,1,14.69,2.85,SPY230421P00370000,370.0,0,0.0,0.0,,0.0,normalDay
2023-02-14,8286.0,1214.0,0.0,0,412.64,0.0,1,14.69,2.55,SPY230421P00370000,370.0,0,0.0,0.0,,0.0,normalDay
2023-02-15,8286.0,1249.0,0.0,0,413.98,0.0,1,14.69,2.2,SPY230421P00370000,370.0,0,0.0,0.0,,0.0,normalDay
2023-02-16,8286.0,1164.0,0.0,0,408.28,0.0,1,14.69,3.05,SPY230421P00370000,370.0,0,0.0,0.0,,0.0,normalDay
2023-02-17,8286.0,1168.0,0.0,0,407.26,0.0,1,14.69,3.01,SPY230421P00370000,370.0,0,0.0,0.0,,0.0,normalDay
2023-02-21,8286.0,1037.0,0.0,0,399.09,0.0,1,14.69,4.32,SPY230421P00370000,370.0,0,0.0,0.0,,0.0,normalDay
2023-02-22,8286.0,1058.0,0.0,0,398.54,0.0,1,14.69,4.11,SPY230421P00370000,370.0,0,0.0,0.0,,0.0,normalDay
2023-02-23,8286.0,1120.0,0.0,0,400.66,0.0,1,14.69,3.49,SPY230421P00370000,370.0,0,0.0,0.0,,0.0,normalDay
2023-02-24,8286.0,1047.0,0.0,0,396.38,0.0,1,14.69,4.22,SPY230421P00370000,370.0,0,0.0,0.0,,0.0,normalDay
2023-02-27,8286.0,1124.0,0.0,0,397.73,0.0,1,14.69,3.45,SPY230421P00370000,370.0,0,0.0,0.0,,0.0,normalDay
2023-02-28,8286.0,1119.0,0.0,0,396.26,0.0,1,14.69,3.5,SPY230421P00370000,370.0,0,0.0,0.0,,0.0,normalDay
2023-03-01,8286.0,1105.0,0.0,0,394.74,0.0,1,14.69,3.64,SPY230421P00370000,370.0,0,0.0,0.0,,0.0,normalDay
2023-03-02,8286.0,1184.0,0.0,0,397.81,0.0,1,14.69,2.85,SPY230421P00370000,370.0,0,0.0,0.0,,0.0,normalDay
2023-03-03,8286.0,1281.0,0.0,0,404.19,0.0,1,14.69,1.88,SPY230421P00370000,370.0,0,0.0,0.0,,0.0,normalDay
2023-03-06,8286.0,1301.0,0.0,0,404.47,0.0,1,14.69,1.68,SPY230421P00370000,370.0,0,0.0,0.0,,0.0,normalDay
2023-03-07,8286.0,1228.0,0.0,0,398.27,0.0,1,14.69,2.41,SPY230421P00370000,370.0,0,0.0,0.0,,0.0,normalDay
2023-03-08,8286.0,1254.0,0.0,0,398.92,0.0,1,14.69,2.15,SPY230421P00370000,370.0,0,0.0,0.0,,0.0,normalDay
2023-03-09,8286.0,1055.0,0.0,0,391.56,0.0,1,14.69,4.14,SPY230421P00370000,370.0,0,0.0,0.0,,0.0,normalDay
2023-03-10,8286.0,886.0,0.0,0,385.91,0.0,1,14.69,5.83,SPY230421P00370000,370.0,0,0.0,0.0,,0.0,normalDay
2023-03-13,8286.0,852.0,0.0,0,385.36,0.0,1,14.69,6.17,SPY230421P00370000,370.0,0,0.0,0.0,,0.0,normalDay
2023-03-14,8286.0,1068.0,0.0,0,391.73,0.0,1,14.69,4.01,SPY230421P00370000,370.0,0,0.0,0.0,,0.0,normalDay
2023-03-15,8286.0,955.0,0.0,0,389.28,0.0,1,14.69,5.14,SPY230421P00370000,370.0,0,0.0,0.0,,0.0,normalDay
2023-03-16,8286.0,1159.0,0.0,0,396.11,0.0,1,14.69,3.1,SPY230421P00370000,370.0,0,0.0,0.0,,0.0,normalDay
2023-03-17,8286.0,1029.0,0.0,0,389.99,0.0,1,14.69,4.4,SPY230421P00370000,370.0,0,0.0,0.0,,0.0,normalDay
2023-03-20,8286.0,1133.0,0.0,0,393.74,0.0,1,14.69,3.36,SPY230421P00370000,370.0,0,0.0,0.0,,0.0,normalDay
2023-03-21,8286.0,1272.0,0.0,0,398.91,0.0,1,14.69,1.97,SPY230421P00370000,370.0,0,0.0,0.0,,0.0,normalDay
2023-03-22,8286.0,1179.0,0.0,0,392.11,0.0,1,14.69,2.9,SPY230421P00370000,370.0,0,0.0,0.0,,0.0,normalDay
2023-03-23,8286.0,1189.0,0.0,0,393.17,0.0,1,14.69,2.8,SPY230421P00370000,370.0,0,0.0,0.0,,0.0,normalDay
2023-03-24,8286.0,1250.0,0.0,0,395.75,0.0,1,14.69,2.19,SPY230421P00370000,370.0,0,0.0,0.0,,0.0,normalDay
2023-03-27,8286.0,1319.0,0.0,0,396.49,0.0,1,14.69,1.5,SPY230421P00370000,370.0,0,0.0,0.0,,0.0,normalDay
2023-03-28,8286.0,1342.0,0.0,0,395.6,0.0,1,14.69,1.27,SPY230421P00370000,370.0,0,0.0,0.0,,0.0,normalDay
2023-03-29,8286.0,1387.0,0.0,0,401.35,0.0,1,14.69,0.82,SPY230421P00370000,370.0,0,0.0,0.0,,0.0,normalDay
2023-03-30,8286.0,1399.0,0.0,0,403.7,0.0,1,14.69,0.7,SPY230421P00370000,370.0,0,0.0,0.0,,0.0,normalDay
2023-03-31,8286.0,1425.0,0.0,0,409.39,0.0,1,14.69,0.44,SPY230421P00370000,370.0,0,0.0,0.0,,0.0,normalDay
2023-04-03,8286.0,1441.0,0.0,0,410.95,0.0,1,14.69,0.28,SPY230421P00370000,370.0,0,0.0,0.0,,0.0,normalDay
2023-04-04,8286.0,1441.0,0.0,0,408.67,0.0,1,14.69,0.28,SPY230421P00370000,370.0,0,0.0,0.0,,0.0,normalDay
2023-04-05,8286.0,1444.0,0.0,0,407.6,0.0,1,14.69,0.25,SPY230421P00370000,370.0,0,0.0,0.0,,0.0,normalDay
2023-04-06,8286.0,1452.0,0.0,0,409.19,0.0,1,14.69,0.17,SPY230421P00370000,370.0,0,0.0,0.0,,0.0,normalDay
2023-04-10,8286.0,1457.0,0.0,0,409.61,0.0,1,14.69,0.12,SPY230421P00370000,370.0,0,0.0,0.0,,0.0,normalDay
2023-04-11,8286.0,1457.0,0.0,0,409.72,0.0,1,14.69,0.12,SPY230421P00370000,370.0,0,0.0,0.0,,0.0,normalDay
2023-04-12,8286.0,1458.0,0.0,0,408.05,0.0,1,14.69,0.11,SPY230421P00370000,370.0,0,0.0,0.0,,0.0,normalDay
2023-04-13,8286.0,1463.0,0.0,0,413.47,0.0,1,14.69,0.06,SPY230421P00370000,370.0,0,0.0,0.0,,0.0,normalDay
2023-04-14,8286.0,1465.0,0.0,0,412.46,0.0,1,14.69,0.04,SPY230421P00370000,370.0,0,0.0,0.0,,0.0,normalDay
2023-04-17,8286.0,1466.0,0.0,0,413.94,0.0,1,14.69,0.03,SPY230421P00370000,370.0,0,0.0,0.0,,0.0,normalDay
2023-04-18,8286.0,1466.0,0.0,0,414.21,0.0,1,14.69,0.03,SPY230421P00370000,370.0,0,0.0,0.0,,0.0,normalDay
2023-04-19,8286.0,1467.0,0.0,0,414.14,0.0,1,14.69,0.02,SPY230421P00370000,370.0,0,0.0,0.0,,0.0,normalDay
2023-04-20,8286.0,1468.0,0.0,0,411.88,0.0,1,14.69,0.01,SPY230421P00370000,370.0,0,0.0,0.0,,0.0,normalDay
2023-04-21,9755.0,0.0,1469.0,0,412.2,0.0,1,14.69,0.0,SPY230421P00370000,370.0,0,0.0,0.0,,0.0,expirationDay
2023-04-24,9755.0,-5.0,0.0,0,412.63,0.0,1,7.53,7.58,SPY230818P00387000,387.0,0,0.0,0.0,,0.0,normalDay
2023-04-25,9755.0,-180.0,0.0,0,406.08,0.0,1,7.53,9.33,SPY230818P00387000,387.0,0,0.0,0.0,,0.0,normalDay
2023-04-26,9755.0,-238.0,0.0,0,404.36,0.0,1,7.53,9.91,SPY230818P00387000,387.0,0,0.0,0.0,,0.0,normalDay
2023-04-27,9755.0,21.0,0.0,0,412.41,0.0,1,7.53,7.32,SPY230818P00387000,387.0,0,0.0,0.0,,0.0,normalDay
2023-04-28,9755.0,106.0,0.0,0,415.93,0.0,1,7.53,6.47,SPY230818P00387000,387.0,0,0.0,0.0,,0.0,normalDay
2023-05-01,9755.0,116.0,0.0,0,415.51,0.0,1,7.53,6.37,SPY230818P00387000,387.0,0,0.0,0.0,,0.0,normalDay
2023-05-02,9755.0,-15.0,0.0,0,410.84,0.0,1,7.53,7.68,SPY230818P00387000,387.0,0,0.0,0.0,,0.0,normalDay
2023-05-03,9755.0,-82.0,0.0,0,408.02,0.0,1,7.53,8.35,SPY230818P00387000,387.0,0,0.0,0.0,,0.0,normalDay
2023-05-04,9755.0,-228.0,0.0,0,405.13,0.0,1,7.53,9.81,SPY230818P00387000,387.0,0,0.0,0.0,,0.0,normalDay
2023-05-05,9755.0,24.0,0.0,0,412.63,0.0,1,7.53,7.29,SPY230818P00387000,387.0,0,0.0,0.0,,0.0,normalDay
2023-05-08,9755.0,61.0,0.0,0,412.74,0.0,1,7.53,6.92,SPY230818P00387000,387.0,0,0.0,0.0,,0.0,normalDay
2023-05-09,9755.0,21.0,0.0,0,410.93,0.0,1,7.53,7.32,SPY230818P00387000,387.0,0,0.0,0.0,,0.0,normalDay
2023-05-10,9755.0,89.0,0.0,0,412.85,0.0,1,7.53,6.64,SPY230818P00387000,387.0,0,0.0,0.0,,0.0,normalDay
2023-05-11,9755.0,89.0,0.0,0,412.13,0.0,1,7.53,6.64,SPY230818P00387000,387.0,0,0.0,0.0,,0.0,normalDay
2023-05-12,9755.0,79.0,0.0,0,411.59,0.0,1,7.53,6.74,SPY230818P00387000,387.0,0,0.0,0.0,,0.0,normalDay
2023-05-15,9755.0,151.0,0.0,0,413.01,0.0,1,7.53,6.02,SPY230818P00387000,387.0,0,0.0,0.0,,0.0,normalDay
2023-05-16,9755.0,88.0,0.0,0,410.25,0.0,1,7.53,6.65,SPY230818P00387000,387.0,0,0.0,0.0,,0.0,normalDay
2023-05-17,9755.0,210.0,0.0,0,415.23,0.0,1,7.53,5.43,SPY230818P00387000,387.0,0,0.0,0.0,,0.0,normalDay
2023-05-18,9755.0,306.0,0.0,0,419.23,0.0,1,7.53,4.47,SPY230818P00387000,387.0,0,0.0,0.0,,0.0,normalDay
2023-05-19,9755.0,275.0,0.0,0,418.62,0.0,1,7.53,4.78,SPY230818P00387000,387.0,0,0.0,0.0,,0.0,normalDay
2023-05-22,9755.0,283.0,0.0,0,418.79,0.0,1,7.53,4.7,SPY230818P00387000,387.0,0,0.0,0.0,,0.0,normalDay
2023-05-23,9755.0,189.0,0.0,0,414.09,0.0,1,7.53,5.64,SPY230818P00387000,387.0,0,0.0,0.0,,0.0,normalDay
2023-05-24,9755.0,112.0,0.0,0,411.09,0.0,1,7.53,6.41,SPY230818P00387000,387.0,0,0.0,0.0,,0.0,normalDay
2023-05-25,9755.0,200.0,0.0,0,414.65,0.0,1,7.53,5.53,SPY230818P00387000,387.0,0,0.0,0.0,,0.0,normalDay
2023-05-26,9755.0,313.0,0.0,0,420.02,0.0,1,7.53,4.4,SPY230818P00387000,387.0,0,0.0,0.0,,0.0,normalDay
2023-05-30,9755.0,348.0,0.0,0,420.18,0.0,1,7.53,4.05,SPY230818P00387000,387.0,0,0.0,0.0,,0.0,normalDay
2023-05-31,9755.0,329.0,0.0,0,417.85,0.0,1,7.53,4.24,SPY230818P00387000,387.0,0,0.0,0.0,,0.0,normalDay
2023-06-01,9755.0,429.0,0.0,0,421.82,0.0,1,7.53,3.24,SPY230818P00387000,387.0,0,0.0,0.0,,0.0,normalDay
2023-06-02,9755.0,506.0,0.0,0,427.92,0.0,1,7.53,2.47,SPY230818P00387000,387.0,0,0.0,0.0,,0.0,normalDay
2023-06-05,9755.0,514.0,0.0,0,427.1,0.0,1,7.53,2.39,SPY230818P00387000,387.0,0,0.0,0.0,,0.0,normalDay
2023-06-06,9755.0,549.0,0.0,0,428.03,0.0,1,7.53,2.04,SPY230818P00387000,387.0,0,0.0,0.0,,0.0,normalDay
2023-06-07,9755.0,543.0,0.0,0,426.55,0.0,1,7.53,2.1,SPY230818P00387000,387.0,0,0.0,0.0,,0.0,normalDay
2023-06-08,9755.0,570.0,0.0,0,429.13,0.0,1,7.53,1.83,SPY230818P00387000,387.0,0,0.0,0.0,,0.0,normalDay
2023-06-09,9755.0,571.0,0.0,0,429.9,0.0,1,7.53,1.82,SPY230818P00387000,387.0,0,0.0,0.0,,0.0,normalDay
2023-06-12,9755.0,588.0,0.0,0,433.8,0.0,1,7.53,1.65,SPY230818P00387000,387.0,0,0.0,0.0,,0.0,normalDay
2023-06-13,9755.0,606.0,0.0,0,436.66,0.0,1,7.53,1.47,SPY230818P00387000,387.0,0,0.0,0.0,,0.0,normalDay
2023-06-14,9755.0,626.0,0.0,0,437.18,0.0,1,7.53,1.27,SPY230818P00387000,387.0,0,0.0,0.0,,0.0,normalDay
2023-06-15,9755.0,632.0,0.0,0,442.6,0.0,1,7.53,1.21,SPY230818P00387000,387.0,0,0.0,0.0,,0.0,normalDay
2023-06-16,9755.0,646.0,0.0,0,439.46,0.0,1,7.53,1.07,SPY230818P00387000,387.0,0,0.0,0.0,,0.0,normalDay
2023-06-20,9755.0,637.0,0.0,0,437.18,0.0,1,7.53,1.16,SPY230818P00387000,387.0,0,0.0,0.0,,0.0,normalDay
2023-06-21,9755.0,643.0,0.0,0,434.94,0.0,1,7.53,1.1,SPY230818P00387000,387.0,0,0.0,0.0,,0.0,normalDay
2023-06-22,9755.0,659.0,0.0,0,436.51,0.0,1,7.53,0.94,SPY230818P00387000,387.0,0,0.0,0.0,,0.0,normalDay
2023-06-23,9755.0,643.0,0.0,0,433.21,0.0,1,7.53,1.1,SPY230818P00387000,387.0,0,0.0,0.0,,0.0,normalDay
2023-06-26,9755.0,639.0,0.0,0,431.44,0.0,1,7.53,1.14,SPY230818P00387000,387.0,0,0.0,0.0,,0.0,normalDay
2023-06-27,9755.0,667.0,0.0,0,436.17,0.0,1,7.53,0.86,SPY230818P00387000,387.0,0,0.0,0.0,,0.0,normalDay
2023-06-28,9755.0,680.0,0.0,0,436.39,0.0,1,7.53,0.73,SPY230818P00387000,387.0,0,0.0,0.0,,0.0,normalDay
2023-06-29,9755.0,682.0,0.0,0,438.11,0.0,1,7.53,0.71,SPY230818P00387000,387.0,0,0.0,0.0,,0.0,normalDay
2023-06-30,9755.0,695.0,0.0,0,443.28,0.0,1,7.53,0.58,SPY230818P00387000,387.0,0,0.0,0.0,,0.0,normalDay
2023-07-03,9755.0,699.0,0.0,0,443.79,0.0,1,7.53,0.54,SPY230818P00387000,387.0,0,0.0,0.0,,0.0,normalDay
2023-07-05,9755.0,697.0,0.0,0,443.13,0.0,1,7.53,0.56,SPY230818P00387000,387.0,0,0.0,0.0,,0.0,normalDay
2023-07-06,9755.0,681.0,0.0,0,439.66,0.0,1,7.53,0.72,SPY230818P00387000,387.0,0,0.0,0.0,,0.0,normalDay
2023-07-07,9755.0,688.0,0.0,0,438.55,0.0,1,7.53,0.65,SPY230818P00387000,387.0,0,0.0,0.0,,0.0,normalDay
2023-07-10,9755.0,695.0,0.0,0,439.66,0.0,1,7.53,0.58,SPY230818P00387000,387.0,0,0.0,0.0,,0.0,normalDay
2023-07-11,9755.0,702.0,0.0,0,442.46,0.0,1,7.53,0.51,SPY230818P00387000,387.0,0,0.0,0.0,,0.0,normalDay
2023-07-12,9755.0,717.0,0.0,0,446.02,0.0,1,7.53,0.36,SPY230818P00387000,387.0,0,0.0,0.0,,0.0,normalDay
2023-07-13,9755.0,719.0,0.0,0,449.56,0.0,1,7.53,0.34,SPY230818P00387000,387.0,0,0.0,0.0,,0.0,normalDay
2023-07-14,9755.0,723.0,0.0,0,449.28,0.0,1,7.53,0.3,SPY230818P00387000,387.0,0,0.0,0.0,,0.0,normalDay
2023-07-17,9755.0,727.0,0.0,0,450.84,0.0,1,7.53,0.26,SPY230818P00387000,387.0,0,0.0,0.0,,0.0,normalDay
2023-07-18,9755.0,730.0,0.0,0,454.19,0.0,1,7.53,0.23,SPY230818P00387000,387.0,0,0.0,0.0,,0.0,normalDay
2023-07-19,9755.0,729.0,0.0,0,455.2,0.0,1,7.53,0.24,SPY230818P00387000,387.0,0,0.0,0.0,,0.0,normalDay
2023-07-20,9755.0,727.0,0.0,0,452.18,0.0,1,7.53,0.26,SPY230818P00387000,387.0,0,0.0,0.0,,0.0,normalDay
2023-07-21,9755.0,730.0,0.0,0,452.18,0.0,1,7.53,0.23,SPY230818P00387000,387.0,0,0.0,0.0,,0.0,normalDay
2023-07-24,9755.0,734.0,0.0,0,454.2,0.0,1,7.53,0.19,SPY230818P00387000,387.0,0,0.0,0.0,,0.0,normalDay
2023-07-25,9755.0,737.0,0.0,0,455.44,0.0,1,7.53,0.16,SPY230818P00387000,387.0,0,0.0,0.0,,0.0,normalDay
2023-07-26,9755.0,739.0,0.0,0,455.51,0.0,1,7.53,0.14,SPY230818P00387000,387.0,0,0.0,0.0,,0.0,normalDay
2023-07-27,9755.0,733.0,0.0,0,452.49,0.0,1,7.53,0.2,SPY230818P00387000,387.0,0,0.0,0.0,,0.0,normalDay
2023-07-28,9755.0,742.0,0.0,0,456.92,0.0,1,7.53,0.11,SPY230818P00387000,387.0,0,0.0,0.0,,0.0,normalDay
2023-07-31,9755.0,743.0,0.0,0,457.79,0.0,1,7.53,0.1,SPY230818P00387000,387.0,0,0.0,0.0,,0.0,normalDay
2023-08-01,9755.0,743.0,0.0,0,456.48,0.0,1,7.53,0.1,SPY230818P00387000,387.0,0,0.0,0.0,,0.0,normalDay
2023-08-02,9755.0,736.0,0.0,0,450.13,0.0,1,7.53,0.17,SPY230818P00387000,387.0,0,0.0,0.0,,0.0,normalDay
2023-08-03,9755.0,737.0,0.0,0,448.84,0.0,1,7.53,0.16,SPY230818P00387000,387.0,0,0.0,0.0,,0.0,normalDay
2023-08-04,9755.0,731.0,0.0,0,446.81,0.0,1,7.53,0.22,SPY230818P00387000,387.0,0,0.0,0.0,,0.0,normalDay
2023-08-07,9755.0,742.0,0.0,0,450.71,0.0,1,7.53,0.11,SPY230818P00387000,387.0,0,0.0,0.0,,0.0,normalDay
2023-08-08,9755.0,744.0,0.0,0,448.75,0.0,1,7.53,0.09,SPY230818P00387000,387.0,0,0.0,0.0,,0.0,normalDay
2023-08-09,9755.0,745.0,0.0,0,445.75,0.0,1,7.53,0.08,SPY230818P00387000,387.0,0,0.0,0.0,,0.0,normalDay
2023-08-10,9755.0,746.0,0.0,0,445.91,0.0,1,7.53,0.07,SPY230818P00387000,387.0,0,0.0,0.0,,0.0,normalDay
2023-08-11,9755.0,749.0,0.0,0,445.65,0.0,1,7.53,0.04,SPY230818P00387000,387.0,0,0.0,0.0,,0.0,normalDay
2023-08-14,9755.0,750.0,0.0,0,448.11,0.0,1,7.53,0.03,SPY230818P00387000,387.0,0,0.0,0.0,,0.0,normalDay
2023-08-15,9755.0,750.0,0.0,0,442.89,0.0,1,7.53,0.03,SPY230818P00387000,387.0,0,0.0,0.0,,0.0,normalDay
2023-08-16,9755.0,751.0,0.0,0,439.64,0.0,1,7.53,0.02,SPY230818P00387000,387.0,0,0.0,0.0,,0.0,normalDay
2023-08-17,9755.0,751.0,0.0,0,436.29,0.0,1,7.53,0.02,SPY230818P00387000,387.0,0,0.0,0.0,,0.0,normalDay
2023-08-18,10508.0,0.0,753.0,0,436.5,0.0,1,7.53,0.0,SPY230818P00387000,387.0,0,0.0,0.0,,0.0,expirationDay
2023-08-21,10508.0,-6.0,0.0,0,439.34,0.0,1,8.93,8.99,SPY231229P00420000,420.0,0,0.0,0.0,,0.0,normalDay
2023-08-22,10508.0,-12.0,0.0,0,438.15,0.0,1,8.93,9.05,SPY231229P00420000,420.0,0,0.0,0.0,,0.0,normalDay
2023-08-23,10508.0,122.0,0.0,0,443.03,0.0,1,8.93,7.71,SPY231229P00420000,420.0,0,0.0,0.0,,0.0,normalDay
2023-08-24,10508.0,-42.0,0.0,0,436.89,0.0,1,8.93,9.35,SPY231229P00420000,420.0,0,0.0,0.0,,0.0,normalDay
2023-08-25,10508.0,85.0,0.0,0,439.97,0.0,1,8.93,8.08,SPY231229P00420000,420.0,0,0.0,0.0,,0.0,normalDay
2023-08-28,10508.0,183.0,0.0,0,442.76,0.0,1,8.93,7.1,SPY231229P00420000,420.0,0,0.0,0.0,,0.0,normalDay
2023-08-29,10508.0,320.0,0.0,0,449.16,0.0,1,8.93,5.73,SPY231229P00420000,420.0,0,0.0,0.0,,0.0,normalDay
2023-08-30,10508.0,372.0,0.0,0,451.01,0.0,1,8.93,5.21,SPY231229P00420000,420.0,0,0.0,0.0,,0.0,normalDay
2023-08-31,10508.0,388.0,0.0,0,450.35,0.0,1,8.93,5.05,SPY231229P00420000,420.0,0,0.0,0.0,,0.0,normalDay
2023-09-01,10508.0,403.0,0.0,0,451.19,0.0,1,8.93,4.9,SPY231229P00420000,420.0,0,0.0,0.0,,0.0,normalDay
2023-09-05,10508.0,377.0,0.0,0,449.24,0.0,1,8.93,5.16,SPY231229P00420000,420.0,0,0.0,0.0,,0.0,normalDay
2023-09-06,10508.0,311.0,0.0,0,446.22,0.0,1,8.93,5.82,SPY231229P00420000,420.0,0,0.0,0.0,,0.0,normalDay
2023-09-07,10508.0,298.0,0.0,0,444.85,0.0,1,8.93,5.95,SPY231229P00420000,420.0,0,0.0,0.0,,0.0,normalDay
2023-09-08,10508.0,348.0,0.0,0,445.52,0.0,1,8.93,5.45,SPY231229P00420000,420.0,0,0.0,0.0,,0.0,normalDay
2023-09-11,10508.0,414.0,0.0,0,448.45,0.0,1,8.93,4.79,SPY231229P00420000,420.0,0,0.0,0.0,,0.0,normalDay
2023-09-12,10508.0,376.0,0.0,0,445.99,0.0,1,8.93,5.17,SPY231229P00420000,420.0,0,0.0,0.0,,0.0,normalDay
2023-09-13,10508.0,407.0,0.0,0,446.51,0.0,1,8.93,4.86,SPY231229P00420000,420.0,0,0.0,0.0,,0.0,normalDay
2023-09-14,10508.0,489.0,0.0,0,450.36,0.0,1,8.93,4.04,SPY231229P00420000,420.0,0,0.0,0.0,,0.0,normalDay
2023-09-15,10508.0,382.0,0.0,0,443.37,0.0,1,8.93,5.11,SPY231229P00420000,420.0,0,0.0,0.0,,0.0,normalDay
2023-09-18,10508.0,398.0,0.0,0,443.63,0.0,1,8.93,4.95,SPY231229P00420000,420.0,0,0.0,0.0,,0.0,normalDay
2023-09-19,10508.0,393.0,0.0,0,442.71,0.0,1,8.93,5.0,SPY231229P00420000,420.0,0,0.0,0.0,,0.0,normalDay
2023-09-20,10508.0,287.0,0.0,0,438.64,0.0,1,8.93,6.06,SPY231229P00420000,420.0,0,0.0,0.0,,0.0,normalDay
2023-09-21,10508.0,64.0,0.0,0,431.39,0.0,1,8.93,8.29,SPY231229P00420000,420.0,0,0.0,0.0,,0.0,normalDay
2023-09-22,10508.0,42.0,0.0,0,430.42,0.0,1,8.93,8.51,SPY231229P00420000,420.0,0,0.0,0.0,,0.0,normalDay
2023-09-25,10508.0,100.0,0.0,0,432.23,0.0,1,8.93,7.93,SPY231229P00420000,420.0,0,0.0,0.0,,0.0,normalDay
2023-09-26,10508.0,-153.0,0.0,0,425.88,0.0,1,8.93,10.46,SPY231229P00420000,420.0,0,0.0,0.0,,0.0,normalDay
2023-09-27,10508.0,-105.0,0.0,0,426.05,0.0,1,8.93,9.98,SPY231229P00420000,420.0,0,0.0,0.0,,0.0,normalDay
2023-09-28,10508.0,-7.0,0.0,0,428.52,0.0,1,8.93,9.0,SPY231229P00420000,420.0,0,0.0,0.0,,0.0,normalDay
2023-09-29,10508.0,-27.0,0.0,0,427.48,0.0,1,8.93,9.2,SPY231229P00420000,420.0,0,0.0,0.0,,0.0,normalDay
2023-10-02,10508.0,-17.0,0.0,0,427.31,0.0,1,8.93,9.1,SPY231229P00420000,420.0,0,0.0,0.0,,0.0,normalDay
2023-10-03,10508.0,-288.0,0.0,0,421.59,0.0,1,8.93,11.81,SPY231229P00420000,420.0,0,0.0,0.0,,0.0,normalDay
2023-10-04,10508.0,-152.0,0.0,0,424.66,0.0,1,8.93,10.45,SPY231229P00420000,420.0,0,0.0,0.0,,0.0,normalDay
2023-10-05,10508.0,-157.0,0.0,0,424.5,0.0,1,8.93,10.5,SPY231229P00420000,420.0,0,0.0,0.0,,0.0,normalDay
2023-10-06,10508.0,63.0,0.0,0,429.54,0.0,1,8.93,8.3,SPY231229P00420000,420.0,0,0.0,0.0,,0.0,normalDay
2023-10-09,10508.0,143.0,0.0,0,432.29,0.0,1,8.93,7.5,SPY231229P00420000,420.0,0,0.0,0.0,,0.0,normalDay
2023-10-10,10508.0,227.0,0.0,0,434.54,0.0,1,8.93,6.66,SPY231229P00420000,420.0,0,0.0,0.0,,0.0,normalDay
2023-10-11,10508.0,311.0,0.0,0,436.32,0.0,1,8.93,5.82,SPY231229P00420000,420.0,0,0.0,0.0,,0.0,normalDay
2023-10-12,10508.0,234.0,0.0,0,433.66,0.0,1,8.93,6.59,SPY231229P00420000,420.0,0,0.0,0.0,,0.0,normalDay
2023-10-13,10508.0,63.0,0.0,0,431.5,0.0,1,8.93,8.3,SPY231229P00420000,420.0,0,0.0,0.0,,0.0,normalDay
2023-10-16,10508.0,280.0,0.0,0,436.04,0.0,1,8.93,6.13,SPY231229P00420000,420.0,0,0.0,0.0,,0.0,normalDay
2023-10-17,10508.0,256.0,0.0,0,436.02,0.0,1,8.93,6.37,SPY231229P00420000,420.0,0,0.0,0.0,,0.0,normalDay
2023-10-18,10508.0,77.0,0.0,0,430.21,0.0,1,8.93,8.16,SPY231229P00420000,420.0,0,0.0,0.0,,0.0,normalDay
2023-10-19,10508.0,-146.0,0.0,0,426.43,0.0,1,8.93,10.39,SPY231229P00420000,420.0,0,0.0,0.0,,0.0,normalDay
2023-10-20,10508.0,-289.0,0.0,0,421.19,0.0,1,8.93,11.82,SPY231229P00420000,420.0,0,0.0,0.0,,0.0,normalDay
2023-10-23,10508.0,-226.0,0.0,0,420.46,0.0,1,8.93,11.19,SPY231229P00420000,420.0,0,0.0,0.0,,0.0,normalDay
2023-10-24,10508.0,-66.0,0.0,0,423.63,0.0,1,8.93,9.59,SPY231229P00420000,420.0,0,0.0,0.0,,0.0,normalDay
2023-10-25,10508.0,-359.0,0.0,0,417.55,0.0,1,8.93,12.52,SPY231229P00420000,420.0,0,0.0,0.0,,0.0,normalDay
2023-10-26,10508.0,-597.0,0.0,0,412.55,0.0,1,8.93,14.9,SPY231229P00420000,420.0,0,0.0,0.0,,0.0,normalDay
2023-10-27,10508.0,-732.0,0.0,0,410.68,0.0,1,8.93,16.25,SPY231229P00420000,420.0,0,0.0,0.0,,0.0,normalDay
2023-10-30,10508.0,-406.0,0.0,0,415.59,0.0,1,8.93,12.99,SPY231229P00420000,420.0,0,0.0,0.0,,0.0,normalDay
2023-10-31,10508.0,-213.0,0.0,0,418.2,0.0,1,8.93,11.06,SPY231229P00420000,420.0,0,0.0,0.0,,0.0,normalDay
2023-11-01,10508.0,38.0,0.0,0,422.66,0.0,1,8.93,8.55,SPY231229P00420000,420.0,0,0.0,0.0,,0.0,normalDay
2023-11-02,10508.0,327.0,0.0,0,430.76,0.0,1,8.93,5.66,SPY231229P00420000,420.0,0,0.0,0.0,,0.0,normalDay
2023-11-03,10508.0,456.0,0.0,0,434.69,0.0,1,8.93,4.37,SPY231229P00420000,420.0,0,0.0,0.0,,0.0,normalDay
2023-11-06,10508.0,494.0,0.0,0,435.69,0.0,1,8.93,3.99,SPY231229P00420000,420.0,0,0.0,0.0,,0.0,normalDay
2023-11-07,10508.0,532.0,0.0,0,436.93,0.0,1,8.93,3.61,SPY231229P00420000,420.0,0,0.0,0.0,,0.0,normalDay
2023-11-08,10508.0,559.0,0.0,0,437.25,0.0,1,8.93,3.34,SPY231229P00420000,420.0,0,0.0,0.0,,0.0,normalDay
2023-11-09,10508.0,480.0,0.0,0,433.84,0.0,1,8.93,4.13,SPY231229P00420000,420.0,0,0.0,0.0,,0.0,normalDay
2023-11-10,10508.0,635.0,0.0,0,440.61,0.0,1,8.93,2.58,SPY231229P00420000,420.0,0,0.0,0.0,,0.0,normalDay
2023-11-13,10508.0,635.0,0.0,0,440.19,0.0,1,8.93,2.58,SPY231229P00420000,420.0,0,0.0,0.0,,0.0,normalDay
2023-11-14,10508.0,742.0,0.0,0,448.73,0.0,1,8.93,1.51,SPY231229P00420000,420.0,0,0.0,0.0,,0.0,normalDay
2023-11-15,10508.0,750.0,0.0,0,449.68,0.0,1,8.93,1.43,SPY231229P00420000,420.0,0,0.0,0.0,,0.0,normalDay
2023-11-16,10508.0,762.0,0.0,0,450.23,0.0,1,8.93,1.31,SPY231229P00420000,420.0,0,0.0,0.0,,0.0,normalDay
2023-11-17,10508.0,773.0,0.0,0,450.79,0.0,1,8.93,1.2,SPY231229P00420000,420.0,0,0.0,0.0,,0.0,normalDay
2023-11-20,10508.0,805.0,0.0,0,454.26,0.0,1,8.93,0.88,SPY231229P00420000,420.0,0,0.0,0.0,,0.0,normalDay
2023-11-21,10508.0,806.0,0.0,0,453.27,0.0,1,8.93,0.87,SPY231229P00420000,420.0,0,0.0,0.0,,0.0,normalDay
2023-11-22,10508.0,817.0,0.0,0,455.02,0.0,1,8.93,0.76,SPY231229P00420000,420.0,0,0.0,0.0,,0.0,normalDay
2023-11-24,10508.0,829.0,0.0,0,455.3,0.0,1,8.93,0.64,SPY231229P00420000,420.0,0,0.0,0.0,,0.0,normalDay
2023-11-27,10508.0,832.0,0.0,0,454.48,0.0,1,8.93,0.61,SPY231229P00420000,420.0,0,0.0,0.0,,0.0,normalDay
2023-11-28,10508.0,836.0,0.0,0,454.93,0.0,1,8.93,0.57,SPY231229P00420000,420.0,0,0.0,0.0,,0.0,normalDay
2023-11-29,10508.0,835.0,0.0,0,454.61,0.0,1,8.93,0.58,SPY231229P00420000,420.0,0,0.0,0.0,,0.0,normalDay
2023-11-30,10508.0,841.0,0.0,0,456.4,0.0,1,8.93,0.52,SPY231229P00420000,420.0,0,0.0,0.0,,0.0,normalDay
