date,totalCapital,unrializedPnL,rializedPnL,stocksOwned,stocksPriceToday,stocksPriceBoughtAt,putOwned,putOwnedSoldAt,putPriceToday,putOwnedContract,putOwnedStrike,callOwned,callOwnedSoldAt,callPriceToday,callOwnedContract,callOwnedStrike,trackType
2018-11-01,0.0,-5.0,0.0,0,273.51,0.0,1,2.13,2.18,SPY190118P00244000,244.0,0,0.0,0.0,,0.0,normalDay
2018-11-02,0.0,-19.0,0.0,0,271.89,0.0,1,2.13,2.32,SPY190118P00244000,244.0,0,0.0,0.0,,0.0,normalDay
2018-11-05,0.0,7.0,0.0,0,273.39,0.0,1,2.13,2.06,SPY190118P00244000,244.0,0,0.0,0.0,,0.0,normalDay
2018-11-06,0.0,32.0,0.0,0,275.12,0.0,1,2.13,1.81,SPY190118P00244000,244.0,0,0.0,0.0,,0.0,normalDay
2018-11-07,0.0,104.0,0.0,0,281.01,0.0,1,2.13,1.09,SPY190118P00244000,244.0,0,0.0,0.0,,0.0,normalDay
2018-11-08,0.0,104.0,0.0,0,280.5,0.0,1,2.13,1.09,SPY190118P00244000,244.0,0,0.0,0.0,,0.0,normalDay
2018-11-09,0.0,76.0,0.0,0,277.76,0.0,1,2.13,1.37,SPY190118P00244000,244.0,0,0.0,0.0,,0.0,normalDay
2018-11-12,0.0,16.0,0.0,0,272.57,0.0,1,2.13,1.97,SPY190118P00244000,244.0,0,0.0,0.0,,0.0,normalDay
2018-11-13,0.0,12.0,0.0,0,272.06,0.0,1,2.13,2.01,SPY190118P00244000,244.0,0,0.0,0.0,,0.0,normalDay
2018-11-14,0.0,-20.0,0.0,0,270.2,0.0,1,2.13,2.33,SPY190118P00244000,244.0,0,0.0,0.0,,0.0,normalDay
2018-11-15,0.0,31.0,0.0,0,273.02,0.0,1,2.13,1.82,SPY190118P00244000,244.0,0,0.0,0.0,,0.0,normalDay
2018-11-16,0.0,65.0,0.0,0,273.73,0.0,1,2.13,1.48,SPY190118P00244000,244.0,0,0.0,0.0,,0.0,normalDay
2018-11-19,0.0,7.0,0.0,0,269.1,0.0,1,2.13,2.06,SPY190118P00244000,244.0,0,0.0,0.0,,0.0,normalDay
2018-11-20,0.0,-90.0,0.0,0,264.12,0.0,1,2.13,3.03,SPY190118P00244000,244.0,0,0.0,0.0,,0.0,normalDay
2018-11-21,0.0,-41.0,0.0,0,265.02,0.0,1,2.13,2.54,SPY190118P00244000,244.0,0,0.0,0.0,,0.0,normalDay
2018-11-23,0.0,-68.0,0.0,0,263.25,0.0,1,2.13,2.81,SPY190118P00244000,244.0,0,0.0,0.0,,0.0,normalDay
2018-11-26,0.0,48.0,0.0,0,267.5,0.0,1,2.13,1.65,SPY190118P00244000,244.0,0,0.0,0.0,,0.0,normalDay
2018-11-27,0.0,56.0,0.0,0,268.4,0.0,1,2.13,1.57,SPY190118P00244000,244.0,0,0.0,0.0,,0.0,normalDay
2018-11-28,0.0,112.0,0.0,0,274.58,0.0,1,2.13,1.01,SPY190118P00244000,244.0,0,0.0,0.0,,0.0,normalDay
2018-11-29,0.0,103.0,0.0,0,273.98,0.0,1,2.13,1.1,SPY190118P00244000,244.0,0,0.0,0.0,,0.0,normalDay
2018-11-30,0.0,124.0,0.0,0,275.65,0.0,1,2.13,0.89,SPY190118P00244000,244.0,0,0.0,0.0,,0.0,normalDay
2018-12-03,0.0,155.0,0.0,0,279.3,0.0,1,2.13,0.58,SPY190118P00244000,244.0,0,0.0,0.0,,0.0,normalDay
2018-12-04,0.0,69.0,0.0,0,270.25,0.0,1,2.13,1.44,SPY190118P00244000,244.0,0,0.0,0.0,,0.0,normalDay
2018-12-06,0.0,65.0,0.0,0,269.84,0.0,1,2.13,1.48,SPY190118P00244000,244.0,0,0.0,0.0,,0.0,normalDay
2018-12-07,0.0,-35.0,0.0,0,263.57,0.0,1,2.13,2.48,SPY190118P00244000,244.0,0,0.0,0.0,,0.0,normalDay
2018-12-10,0.0,14.0,0.0,0,264.07,0.0,1,2.13,1.99,SPY190118P00244000,244.0,0,0.0,0.0,,0.0,normalDay
2018-12-11,0.0,32.0,0.0,0,264.13,0.0,1,2.13,1.81,SPY190118P00244000,244.0,0,0.0,0.0,,0.0,normalDay
2018-12-12,0.0,51.0,0.0,0,265.46,0.0,1,2.13,1.62,SPY190118P00244000,244.0,0,0.0,0.0,,0.0,normalDay
2018-12-13,0.0,74.0,0.0,0,265.37,0.0,1,2.13,1.39,SPY190118P00244000,244.0,0,0.0,0.0,,0.0,normalDay
2018-12-14,0.0,13.0,0.0,0,260.47,0.0,1,2.13,2.0,SPY190118P00244000,244.0,0,0.0,0.0,,0.0,normalDay
2018-12-17,0.0,-92.0,0.0,0,255.36,0.0,1,2.13,3.05,SPY190118P00244000,244.0,0,0.0,0.0,,0.0,normalDay
2018-12-18,0.0,-124.0,0.0,0,255.08,0.0,1,2.13,3.37,SPY190118P00244000,244.0,0,0.0,0.0,,0.0,normalDay
2018-12-19,0.0,-177.0,0.0,0,251.26,0.0,1,2.13,3.9,SPY190118P00244000,244.0,0,0.0,0.0,,0.0,normalDay
2018-12-20,0.0,-348.0,0.0,0,247.17,0.0,1,2.13,5.61,SPY190118P00244000,244.0,0,0.0,0.0,,0.0,normalDay
2018-12-21,0.0,-662.0,0.0,0,240.7,0.0,1,2.13,8.75,SPY190118P00244000,244.0,0,0.0,0.0,,0.0,normalDay
2018-12-24,0.0,-1157.0,0.0,0,234.34,0.0,1,2.13,13.7,SPY190118P00244000,244.0,0,0.0,0.0,,0.0,normalDay
2018-12-26,0.0,-364.0,0.0,0,246.18,0.0,1,2.13,5.77,SPY190118P00244000,244.0,0,0.0,0.0,,0.0,normalDay
2018-12-27,0.0,-294.0,0.0,0,248.07,0.0,1,2.13,5.07,SPY190118P00244000,244.0,0,0.0,0.0,,0.0,normalDay
2018-12-28,0.0,-272.0,0.0,0,247.75,0.0,1,2.13,4.85,SPY190118P00244000,244.0,0,0.0,0.0,,0.0,normalDay
2018-12-31,0.0,-106.0,0.0,0,249.92,0.0,1,2.13,3.19,SPY190118P00244000,244.0,0,0.0,0.0,,0.0,normalDay
2019-01-02,0.0,-16.0,0.0,0,250.18,0.0,1,2.13,2.29,SPY190118P00244000,244.0,0,0.0,0.0,,0.0,normalDay
2019-01-03,0.0,-252.0,0.0,0,244.21,0.0,1,2.13,4.65,SPY190118P00244000,244.0,0,0.0,0.0,,0.0,normalDay
2019-01-04,0.0,75.0,0.0,0,252.39,0.0,1,2.13,1.38,SPY190118P00244000,244.0,0,0.0,0.0,,0.0,normalDay
2019-01-07,0.0,119.0,0.0,0,254.38,0.0,1,2.13,0.94,SPY190118P00244000,244.0,0,0.0,0.0,,0.0,normalDay
2019-01-08,0.0,158.0,0.0,0,256.77,0.0,1,2.13,0.55,SPY190118P00244000,244.0,0,0.0,0.0,,0.0,normalDay
2019-01-09,0.0,179.0,0.0,0,257.97,0.0,1,2.13,0.34,SPY190118P00244000,244.0,0,0.0,0.0,,0.0,normalDay
2019-01-10,0.0,194.0,0.0,0,258.88,0.0,1,2.13,0.19,SPY190118P00244000,244.0,0,0.0,0.0,,0.0,normalDay
2019-01-11,0.0,206.0,0.0,0,258.98,0.0,1,2.13,0.07,SPY190118P00244000,244.0,0,0.0,0.0,,0.0,normalDay
2019-01-14,0.0,206.0,0.0,0,257.4,0.0,1,2.13,0.07,SPY190118P00244000,244.0,0,0.0,0.0,,0.0,normalDay
2019-01-15,0.0,209.0,0.0,0,260.35,0.0,1,2.13,0.04,SPY190118P00244000,244.0,0,0.0,0.0,,0.0,normalDay
2019-01-16,0.0,212.0,0.0,0,260.98,0.0,1,2.13,0.01,SPY190118P00244000,244.0,0,0.0,0.0,,0.0,normalDay
2019-01-17,0.0,212.0,0.0,0,262.96,0.0,1,2.13,0.01,SPY190118P00244000,244.0,0,0.0,0.0,,0.0,normalDay
2019-01-18,213.0,0.0,213.0,0,266.46,0.0,1,2.13,0.0,SPY190118P00244000,244.0,0,0.0,0.0,,0.0,expirationDay
2019-01-22,213.0,-5.0,0.0,0,262.86,0.0,1,1.17,1.22,SPY190418P00218000,218.0,0,0.0,0.0,,0.0,normalDay
2019-01-23,213.0,5.0,0.0,0,263.41,0.0,1,1.17,1.12,SPY190418P00218000,218.0,0,0.0,0.0,,0.0,normalDay
2019-01-24,213.0,12.0,0.0,0,263.55,0.0,1,1.17,1.05,SPY190418P00218000,218.0,0,0.0,0.0,,0.0,normalDay
2019-01-25,213.0,38.0,0.0,0,265.78,0.0,1,1.17,0.79,SPY190418P00218000,218.0,0,0.0,0.0,,0.0,normalDay
2019-01-28,213.0,27.0,0.0,0,263.76,0.0,1,1.17,0.9,SPY190418P00218000,218.0,0,0.0,0.0,,0.0,normalDay
2019-01-29,213.0,25.0,0.0,0,263.41,0.0,1,1.17,0.92,SPY190418P00218000,218.0,0,0.0,0.0,,0.0,normalDay
2019-01-30,213.0,51.0,0.0,0,267.58,0.0,1,1.17,0.66,SPY190418P00218000,218.0,0,0.0,0.0,,0.0,normalDay
2019-01-31,213.0,65.0,0.0,0,269.93,0.0,1,1.17,0.52,SPY190418P00218000,218.0,0,0.0,0.0,,0.0,normalDay
2019-02-01,213.0,69.0,0.0,0,270.06,0.0,1,1.17,0.48,SPY190418P00218000,218.0,0,0.0,0.0,,0.0,normalDay
2019-02-04,213.0,77.0,0.0,0,271.96,0.0,1,1.17,0.4,SPY190418P00218000,218.0,0,0.0,0.0,,0.0,normalDay
2019-02-05,213.0,78.0,0.0,0,273.1,0.0,1,1.17,0.39,SPY190418P00218000,218.0,0,0.0,0.0,,0.0,normalDay
2019-02-06,213.0,79.0,0.0,0,272.74,0.0,1,1.17,0.38,SPY190418P00218000,218.0,0,0.0,0.0,,0.0,normalDay
2019-02-07,213.0,73.0,0.0,0,270.14,0.0,1,1.17,0.44,SPY190418P00218000,218.0,0,0.0,0.0,,0.0,normalDay
2019-02-08,213.0,77.0,0.0,0,270.47,0.0,1,1.17,0.4,SPY190418P00218000,218.0,0,0.0,0.0,,0.0,normalDay
2019-02-11,213.0,81.0,0.0,0,270.62,0.0,1,1.17,0.36,SPY190418P00218000,218.0,0,0.0,0.0,,0.0,normalDay
2019-02-12,213.0,86.0,0.0,0,274.1,0.0,1,1.17,0.31,SPY190418P00218000,218.0,0,0.0,0.0,,0.0,normalDay
2019-02-13,213.0,87.0,0.0,0,274.99,0.0,1,1.17,0.3,SPY190418P00218000,218.0,0,0.0,0.0,,0.0,normalDay
2019-02-14,213.0,85.0,0.0,0,274.38,0.0,1,1.17,0.32,SPY190418P00218000,218.0,0,0.0,0.0,,0.0,normalDay
2019-02-15,213.0,91.0,0.0,0,277.37,0.0,1,1.17,0.26,SPY190418P00218000,218.0,0,0.0,0.0,,0.0,normalDay
2019-02-19,213.0,94.0,0.0,0,277.85,0.0,1,1.17,0.23,SPY190418P00218000,218.0,0,0.0,0.0,,0.0,normalDay
2019-02-20,213.0,98.0,0.0,0,278.41,0.0,1,1.17,0.19,SPY190418P00218000,218.0,0,0.0,0.0,,0.0,normalDay
2019-02-21,213.0,97.0,0.0,0,277.42,0.0,1,1.17,0.2,SPY190418P00218000,218.0,0,0.0,0.0,,0.0,normalDay
2019-02-22,213.0,100.0,0.0,0,279.14,0.0,1,1.17,0.17,SPY190418P00218000,218.0,0,0.0,0.0,,0.0,normalDay
2019-02-25,213.0,97.0,0.0,0,279.52,0.0,1,1.17,0.2,SPY190418P00218000,218.0,0,0.0,0.0,,0.0,normalDay
2019-02-26,213.0,99.0,0.0,0,279.32,0.0,1,1.17,0.18,SPY190418P00218000,218.0,0,0.0,0.0,,0.0,normalDay
2019-02-27,213.0,100.0,0.0,0,279.2,0.0,1,1.17,0.17,SPY190418P00218000,218.0,0,0.0,0.0,,0.0,normalDay
2019-02-28,213.0,98.0,0.0,0,278.68,0.0,1,1.17,0.19,SPY190418P00218000,218.0,0,0.0,0.0,,0.0,normalDay
2019-03-01,213.0,103.0,0.0,0,280.42,0.0,1,1.17,0.14,SPY190418P00218000,218.0,0,0.0,0.0,,0.0,normalDay
2019-03-04,213.0,103.0,0.0,0,279.4,0.0,1,1.17,0.14,SPY190418P00218000,218.0,0,0.0,0.0,,0.0,normalDay
2019-03-05,213.0,102.0,0.0,0,279.02,0.0,1,1.17,0.15,SPY190418P00218000,218.0,0,0.0,0.0,,0.0,normalDay
2019-03-06,213.0,101.0,0.0,0,277.33,0.0,1,1.17,0.16,SPY190418P00218000,218.0,0,0.0,0.0,,0.0,normalDay
2019-03-07,213.0,99.0,0.0,0,275.01,0.0,1,1.17,0.18,SPY190418P00218000,218.0,0,0.0,0.0,,0.0,normalDay
2019-03-08,213.0,100.0,0.0,0,274.46,0.0,1,1.17,0.17,SPY190418P00218000,218.0,0,0.0,0.0,,0.0,normalDay
2019-03-11,213.0,107.0,0.0,0,278.44,0.0,1,1.17,0.1,SPY190418P00218000,218.0,0,0.0,0.0,,0.0,normalDay
2019-03-12,213.0,108.0,0.0,0,279.49,0.0,1,1.17,0.09,SPY190418P00218000,218.0,0,0.0,0.0,,0.0,normalDay
2019-03-13,213.0,109.0,0.0,0,281.34,0.0,1,1.17,0.08,SPY190418P00218000,218.0,0,0.0,0.0,,0.0,normalDay
2019-03-14,213.0,110.0,0.0,0,281.16,0.0,1,1.17,0.07,SPY190418P00218000,218.0,0,0.0,0.0,,0.0,normalDay
2019-03-15,213.0,111.0,0.0,0,281.31,0.0,1,1.17,0.06,SPY190418P00218000,218.0,0,0.0,0.0,,0.0,normalDay
2019-03-18,213.0,112.0,0.0,0,282.33,0.0,1,1.17,0.05,SPY190418P00218000,218.0,0,0.0,0.0,,0.0,normalDay
2019-03-19,213.0,112.0,0.0,0,282.4,0.0,1,1.17,0.05,SPY190418P00218000,218.0,0,0.0,0.0,,0.0,normalDay
2019-03-20,213.0,112.0,0.0,0,281.55,0.0,1,1.17,0.05,SPY190418P00218000,218.0,0,0.0,0.0,,0.0,normalDay
2019-03-21,213.0,113.0,0.0,0,284.73,0.0,1,1.17,0.04,SPY190418P00218000,218.0,0,0.0,0.0,,0.0,normalDay
2019-03-22,213.0,112.0,0.0,0,279.25,0.0,1,1.17,0.05,SPY190418P00218000,218.0,0,0.0,0.0,,0.0,normalDay
2019-03-25,213.0,113.0,0.0,0,279.04,0.0,1,1.17,0.04,SPY190418P00218000,218.0,0,0.0,0.0,,0.0,normalDay
2019-03-26,213.0,114.0,0.0,0,281.12,0.0,1,1.17,0.03,SPY190418P00218000,218.0,0,0.0,0.0,,0.0,normalDay
2019-03-27,213.0,114.0,0.0,0,279.65,0.0,1,1.17,0.03,SPY190418P00218000,218.0,0,0.0,0.0,,0.0,normalDay
2019-03-28,213.0,114.0,0.0,0,280.71,0.0,1,1.17,0.03,SPY190418P00218000,218.0,0,0.0,0.0,,0.0,normalDay
2019-03-29,213.0,114.0,0.0,0,282.48,0.0,1,1.17,0.03,SPY190418P00218000,218.0,0,0.0,0.0,,0.0,normalDay
2019-04-01,213.0,115.0,0.0,0,285.83,0.0,1,1.17,0.02,SPY190418P00218000,218.0,0,0.0,0.0,,0.0,normalDay
2019-04-02,213.0,115.0,0.0,0,285.97,0.0,1,1.17,0.02,SPY190418P00218000,218.0,0,0.0,0.0,,0.0,normalDay
2019-04-03,213.0,115.0,0.0,0,286.42,0.0,1,1.17,0.02,SPY190418P00218000,218.0,0,0.0,0.0,,0.0,normalDay
2019-04-04,213.0,116.0,0.0,0,287.18,0.0,1,1.17,0.01,SPY190418P00218000,218.0,0,0.0,0.0,,0.0,normalDay
2019-04-05,213.0,116.0,0.0,0,288.57,0.0,1,1.17,0.01,SPY190418P00218000,218.0,0,0.0,0.0,,0.0,normalDay
2019-04-08,213.0,116.0,0.0,0,288.79,0.0,1,1.17,0.01,SPY190418P00218000,218.0,0,0.0,0.0,,0.0,normalDay
2019-04-09,213.0,116.0,0.0,0,287.31,0.0,1,1.17,0.01,SPY190418P00218000,218.0,0,0.0,0.0,,0.0,normalDay
2019-04-10,213.0,116.0,0.0,0,288.29,0.0,1,1.17,0.01,SPY190418P00218000,218.0,0,0.0,0.0,,0.0,normalDay
2019-04-11,213.0,116.0,0.0,0,288.21,0.0,1,1.17,0.01,SPY190418P00218000,218.0,0,0.0,0.0,,0.0,normalDay
2019-04-12,213.0,116.0,0.0,0,290.16,0.0,1,1.17,0.01,SPY190418P00218000,218.0,0,0.0,0.0,,0.0,normalDay
2019-04-15,213.0,116.0,0.0,0,289.97,0.0,1,1.17,0.01,SPY190418P00218000,218.0,0,0.0,0.0,,0.0,normalDay
2019-04-16,213.0,116.0,0.0,0,290.16,0.0,1,1.17,0.01,SPY190418P00218000,218.0,0,0.0,0.0,,0.0,normalDay
2019-04-17,213.0,116.0,0.0,0,289.45,0.0,1,1.17,0.01,SPY190418P00218000,218.0,0,0.0,0.0,,0.0,normalDay
2019-04-18,330.0,0.0,117.0,0,290.02,0.0,1,1.17,0.0,SPY190418P00218000,218.0,0,0.0,0.0,,0.0,expirationDay
2019-04-22,330.0,-3.0,0.0,0,290.27,0.0,1,1.57,1.6,SPY190628P00270000,270.0,0,0.0,0.0,,0.0,normalDay
2019-04-23,330.0,20.0,0.0,0,292.88,0.0,1,1.57,1.37,SPY190628P00270000,270.0,0,0.0,0.0,,0.0,normalDay
2019-04-24,330.0,7.0,0.0,0,292.23,0.0,1,1.57,1.5,SPY190628P00270000,270.0,0,0.0,0.0,,0.0,normalDay
2019-04-25,330.0,2.0,0.0,0,292.05,0.0,1,1.57,1.55,SPY190628P00270000,270.0,0,0.0,0.0,,0.0,normalDay
2019-04-26,330.0,22.0,0.0,0,293.41,0.0,1,1.57,1.35,SPY190628P00270000,270.0,0,0.0,0.0,,0.0,normalDay
2019-04-29,330.0,28.0,0.0,0,293.87,0.0,1,1.57,1.29,SPY190628P00270000,270.0,0,0.0,0.0,,0.0,normalDay
2019-04-30,330.0,31.0,0.0,0,294.02,0.0,1,1.57,1.26,SPY190628P00270000,270.0,0,0.0,0.0,,0.0,normalDay
2019-05-01,330.0,-4.0,0.0,0,291.81,0.0,1,1.57,1.61,SPY190628P00270000,270.0,0,0.0,0.0,,0.0,normalDay
2019-05-02,330.0,-6.0,0.0,0,291.18,0.0,1,1.57,1.63,SPY190628P00270000,270.0,0,0.0,0.0,,0.0,normalDay
2019-05-03,330.0,41.0,0.0,0,294.03,0.0,1,1.57,1.16,SPY190628P00270000,270.0,0,0.0,0.0,,0.0,normalDay
2019-05-06,330.0,5.0,0.0,0,292.82,0.0,1,1.57,1.52,SPY190628P00270000,270.0,0,0.0,0.0,,0.0,normalDay
2019-05-07,330.0,-122.0,0.0,0,287.93,0.0,1,1.57,2.79,SPY190628P00270000,270.0,0,0.0,0.0,,0.0,normalDay
2019-05-08,330.0,-121.0,0.0,0,287.53,0.0,1,1.57,2.78,SPY190628P00270000,270.0,0,0.0,0.0,,0.0,normalDay
2019-05-09,330.0,-117.0,0.0,0,286.66,0.0,1,1.57,2.74,SPY190628P00270000,270.0,0,0.0,0.0,,0.0,normalDay
2019-05-10,330.0,-45.0,0.0,0,288.1,0.0,1,1.57,2.02,SPY190628P00270000,270.0,0,0.0,0.0,,0.0,normalDay
2019-05-13,330.0,-244.0,0.0,0,280.86,0.0,1,1.57,4.01,SPY190628P00270000,270.0,0,0.0,0.0,,0.0,normalDay
2019-05-14,330.0,-140.0,0.0,0,283.4,0.0,1,1.57,2.97,SPY190628P00270000,270.0,0,0.0,0.0,,0.0,normalDay
2019-05-15,330.0,-65.0,0.0,0,285.06,0.0,1,1.57,2.22,SPY190628P00270000,270.0,0,0.0,0.0,,0.0,normalDay
2019-05-16,330.0,-7.0,0.0,0,287.7,0.0,1,1.57,1.64,SPY190628P00270000,270.0,0,0.0,0.0,,0.0,normalDay
2019-05-17,330.0,-39.0,0.0,0,285.84,0.0,1,1.57,1.96,SPY190628P00270000,270.0,0,0.0,0.0,,0.0,normalDay
2019-05-20,330.0,-54.0,0.0,0,283.95,0.0,1,1.57,2.11,SPY190628P00270000,270.0,0,0.0,0.0,,0.0,normalDay
2019-05-21,330.0,10.0,0.0,0,286.51,0.0,1,1.57,1.47,SPY190628P00270000,270.0,0,0.0,0.0,,0.0,normalDay
2019-05-22,330.0,4.0,0.0,0,285.63,0.0,1,1.57,1.53,SPY190628P00270000,270.0,0,0.0,0.0,,0.0,normalDay
2019-05-23,330.0,-83.0,0.0,0,282.14,0.0,1,1.57,2.4,SPY190628P00270000,270.0,0,0.0,0.0,,0.0,normalDay
2019-05-24,330.0,-43.0,0.0,0,282.78,0.0,1,1.57,2.0,SPY190628P00270000,270.0,0,0.0,0.0,,0.0,normalDay
2019-05-28,330.0,-87.0,0.0,0,280.15,0.0,1,1.57,2.44,SPY190628P00270000,270.0,0,0.0,0.0,,0.0,normalDay
2019-05-29,330.0,-130.0,0.0,0,278.27,0.0,1,1.57,2.87,SPY190628P00270000,270.0,0,0.0,0.0,,0.0,normalDay
2019-05-30,330.0,-93.0,0.0,0,279.03,0.0,1,1.57,2.5,SPY190628P00270000,270.0,0,0.0,0.0,,0.0,normalDay
2019-05-31,330.0,-214.0,0.0,0,275.27,0.0,1,1.57,3.71,SPY190628P00270000,270.0,0,0.0,0.0,,0.0,normalDay
2019-06-03,330.0,-203.0,0.0,0,274.57,0.0,1,1.57,3.6,SPY190628P00270000,270.0,0,0.0,0.0,,0.0,normalDay
2019-06-04,330.0,-17.0,0.0,0,280.53,0.0,1,1.57,1.74,SPY190628P00270000,270.0,0,0.0,0.0,,0.0,normalDay
2019-06-05,330.0,47.0,0.0,0,282.96,0.0,1,1.57,1.1,SPY190628P00270000,270.0,0,0.0,0.0,,0.0,normalDay
2019-06-06,330.0,70.0,0.0,0,284.8,0.0,1,1.57,0.87,SPY190628P00270000,270.0,0,0.0,0.0,,0.0,normalDay
2019-06-07,330.0,88.0,0.0,0,287.65,0.0,1,1.57,0.69,SPY190628P00270000,270.0,0,0.0,0.0,,0.0,normalDay
2019-06-10,330.0,111.0,0.0,0,288.97,0.0,1,1.57,0.46,SPY190628P00270000,270.0,0,0.0,0.0,,0.0,normalDay
2019-06-11,330.0,113.0,0.0,0,288.9,0.0,1,1.57,0.44,SPY190628P00270000,270.0,0,0.0,0.0,,0.0,normalDay
2019-06-12,330.0,115.0,0.0,0,288.39,0.0,1,1.57,0.42,SPY190628P00270000,270.0,0,0.0,0.0,,0.0,normalDay
2019-06-13,330.0,126.0,0.0,0,289.58,0.0,1,1.57,0.31,SPY190628P00270000,270.0,0,0.0,0.0,,0.0,normalDay
2019-06-14,330.0,135.0,0.0,0,289.26,0.0,1,1.57,0.22,SPY190628P00270000,270.0,0,0.0,0.0,,0.0,normalDay
2019-06-17,330.0,139.0,0.0,0,289.37,0.0,1,1.57,0.18,SPY190628P00270000,270.0,0,0.0,0.0,,0.0,normalDay
2019-06-18,330.0,146.0,0.0,0,292.4,0.0,1,1.57,0.11,SPY190628P00270000,270.0,0,0.0,0.0,,0.0,normalDay
2019-06-19,330.0,150.0,0.0,0,293.06,0.0,1,1.57,0.07,SPY190628P00270000,270.0,0,0.0,0.0,,0.0,normalDay
2019-06-20,330.0,150.0,0.0,0,295.86,0.0,1,1.57,0.07,SPY190628P00270000,270.0,0,0.0,0.0,,0.0,normalDay
2019-06-21,330.0,151.0,0.0,0,294.0,0.0,1,1.57,0.06,SPY190628P00270000,270.0,0,0.0,0.0,,0.0,normalDay
2019-06-24,330.0,155.0,0.0,0,293.64,0.0,1,1.57,0.02,SPY190628P00270000,270.0,0,0.0,0.0,,0.0,normalDay
2019-06-25,330.0,155.0,0.0,0,290.76,0.0,1,1.57,0.02,SPY190628P00270000,270.0,0,0.0,0.0,,0.0,normalDay
2019-06-26,330.0,155.0,0.0,0,290.47,0.0,1,1.57,0.02,SPY190628P00270000,270.0,0,0.0,0.0,,0.0,normalDay
2019-06-27,330.0,156.0,0.0,0,291.5,0.0,1,1.57,0.01,SPY190628P00270000,270.0,0,0.0,0.0,,0.0,normalDay
2019-06-28,487.0,0.0,157.0,0,293.0,0.0,1,1.57,0.0,SPY190628P00270000,270.0,0,0.0,0.0,,0.0,expirationDay
2019-07-01,487.0,-4.0,0.0,0,295.66,0.0,1,2.17,2.21,SPY190920P00273000,273.0,0,0.0,0.0,,0.0,normalDay
2019-07-02,487.0,28.0,0.0,0,296.43,0.0,1,2.17,1.89,SPY190920P00273000,273.0,0,0.0,0.0,,0.0,normalDay
2019-07-03,487.0,58.0,0.0,0,298.8,0.0,1,2.17,1.59,SPY190920P00273000,273.0,0,0.0,0.0,,0.0,normalDay
2019-07-05,487.0,48.0,0.0,0,298.46,0.0,1,2.17,1.69,SPY190920P00273000,273.0,0,0.0,0.0,,0.0,normalDay
2019-07-08,487.0,35.0,0.0,0,296.82,0.0,1,2.17,1.82,SPY190920P00273000,273.0,0,0.0,0.0,,0.0,normalDay
2019-07-09,487.0,33.0,0.0,0,297.19,0.0,1,2.17,1.84,SPY190920P00273000,273.0,0,0.0,0.0,,0.0,normalDay
2019-07-10,487.0,62.0,0.0,0,298.61,0.0,1,2.17,1.55,SPY190920P00273000,273.0,0,0.0,0.0,,0.0,normalDay
2019-07-11,487.0,71.0,0.0,0,299.31,0.0,1,2.17,1.46,SPY190920P00273000,273.0,0,0.0,0.0,,0.0,normalDay
2019-07-12,487.0,89.0,0.0,0,300.65,0.0,1,2.17,1.28,SPY190920P00273000,273.0,0,0.0,0.0,,0.0,normalDay
2019-07-15,487.0,91.0,0.0,0,300.75,0.0,1,2.17,1.26,SPY190920P00273000,273.0,0,0.0,0.0,,0.0,normalDay
2019-07-16,487.0,84.0,0.0,0,299.78,0.0,1,2.17,1.33,SPY190920P00273000,273.0,0,0.0,0.0,,0.0,normalDay
2019-07-17,487.0,58.0,0.0,0,297.74,0.0,1,2.17,1.59,SPY190920P00273000,273.0,0,0.0,0.0,,0.0,normalDay
2019-07-18,487.0,76.0,0.0,0,298.83,0.0,1,2.17,1.41,SPY190920P00273000,273.0,0,0.0,0.0,,0.0,normalDay
2019-07-19,487.0,59.0,0.0,0,297.17,0.0,1,2.17,1.58,SPY190920P00273000,273.0,0,0.0,0.0,,0.0,normalDay
2019-07-22,487.0,84.0,0.0,0,297.9,0.0,1,2.17,1.33,SPY190920P00273000,273.0,0,0.0,0.0,,0.0,normalDay
2019-07-23,487.0,112.0,0.0,0,300.03,0.0,1,2.17,1.05,SPY190920P00273000,273.0,0,0.0,0.0,,0.0,normalDay
2019-07-24,487.0,128.0,0.0,0,301.44,0.0,1,2.17,0.89,SPY190920P00273000,273.0,0,0.0,0.0,,0.0,normalDay
2019-07-25,487.0,114.0,0.0,0,300.0,0.0,1,2.17,1.03,SPY190920P00273000,273.0,0,0.0,0.0,,0.0,normalDay
2019-07-26,487.0,132.0,0.0,0,302.01,0.0,1,2.17,0.85,SPY190920P00273000,273.0,0,0.0,0.0,,0.0,normalDay
2019-07-29,487.0,132.0,0.0,0,301.46,0.0,1,2.17,0.85,SPY190920P00273000,273.0,0,0.0,0.0,,0.0,normalDay
2019-07-30,487.0,116.0,0.0,0,300.72,0.0,1,2.17,1.01,SPY190920P00273000,273.0,0,0.0,0.0,,0.0,normalDay
2019-07-31,487.0,73.0,0.0,0,297.43,0.0,1,2.17,1.44,SPY190920P00273000,273.0,0,0.0,0.0,,0.0,normalDay
2019-08-01,487.0,18.0,0.0,0,294.84,0.0,1,2.17,1.99,SPY190920P00273000,273.0,0,0.0,0.0,,0.0,normalDay
2019-08-02,487.0,-11.0,0.0,0,292.62,0.0,1,2.17,2.28,SPY190920P00273000,273.0,0,0.0,0.0,,0.0,normalDay
2019-08-05,487.0,-316.0,0.0,0,283.82,0.0,1,2.17,5.33,SPY190920P00273000,273.0,0,0.0,0.0,,0.0,normalDay
2019-08-06,487.0,-121.0,0.0,0,287.8,0.0,1,2.17,3.38,SPY190920P00273000,273.0,0,0.0,0.0,,0.0,normalDay
2019-08-07,487.0,-108.0,0.0,0,287.97,0.0,1,2.17,3.25,SPY190920P00273000,273.0,0,0.0,0.0,,0.0,normalDay
2019-08-08,487.0,28.0,0.0,0,293.62,0.0,1,2.17,1.89,SPY190920P00273000,273.0,0,0.0,0.0,,0.0,normalDay
2019-08-09,487.0,-7.0,0.0,0,291.62,0.0,1,2.17,2.24,SPY190920P00273000,273.0,0,0.0,0.0,,0.0,normalDay
2019-08-12,487.0,-116.0,0.0,0,288.07,0.0,1,2.17,3.33,SPY190920P00273000,273.0,0,0.0,0.0,,0.0,normalDay
2019-08-13,487.0,26.0,0.0,0,292.55,0.0,1,2.17,1.91,SPY190920P00273000,273.0,0,0.0,0.0,,0.0,normalDay
2019-08-14,487.0,-200.0,0.0,0,283.9,0.0,1,2.17,4.17,SPY190920P00273000,273.0,0,0.0,0.0,,0.0,normalDay
2019-08-15,487.0,-156.0,0.0,0,284.65,0.0,1,2.17,3.73,SPY190920P00273000,273.0,0,0.0,0.0,,0.0,normalDay
2019-08-16,487.0,-13.0,0.0,0,288.85,0.0,1,2.17,2.3,SPY190920P00273000,273.0,0,0.0,0.0,,0.0,normalDay
2019-08-19,487.0,80.0,0.0,0,292.33,0.0,1,2.17,1.37,SPY190920P00273000,273.0,0,0.0,0.0,,0.0,normalDay
2019-08-20,487.0,48.0,0.0,0,290.09,0.0,1,2.17,1.69,SPY190920P00273000,273.0,0,0.0,0.0,,0.0,normalDay
2019-08-21,487.0,115.0,0.0,0,292.45,0.0,1,2.17,1.02,SPY190920P00273000,273.0,0,0.0,0.0,,0.0,normalDay
2019-08-22,487.0,102.0,0.0,0,292.36,0.0,1,2.17,1.15,SPY190920P00273000,273.0,0,0.0,0.0,,0.0,normalDay
2019-08-23,487.0,-31.0,0.0,0,284.85,0.0,1,2.17,2.48,SPY190920P00273000,273.0,0,0.0,0.0,,0.0,normalDay
2019-08-26,487.0,38.0,0.0,0,288.0,0.0,1,2.17,1.79,SPY190920P00273000,273.0,0,0.0,0.0,,0.0,normalDay
2019-08-27,487.0,8.0,0.0,0,286.87,0.0,1,2.17,2.09,SPY190920P00273000,273.0,0,0.0,0.0,,0.0,normalDay
2019-08-28,487.0,62.0,0.0,0,288.89,0.0,1,2.17,1.55,SPY190920P00273000,273.0,0,0.0,0.0,,0.0,normalDay
2019-08-29,487.0,117.0,0.0,0,292.58,0.0,1,2.17,1.0,SPY190920P00273000,273.0,0,0.0,0.0,,0.0,normalDay
2019-08-30,487.0,112.0,0.0,0,292.45,0.0,1,2.17,1.05,SPY190920P00273000,273.0,0,0.0,0.0,,0.0,normalDay
2019-09-03,487.0,115.0,0.0,0,290.74,0.0,1,2.17,1.02,SPY190920P00273000,273.0,0,0.0,0.0,,0.0,normalDay
2019-09-04,487.0,170.0,0.0,0,294.04,0.0,1,2.17,0.47,SPY190920P00273000,273.0,0,0.0,0.0,,0.0,normalDay
2019-09-05,487.0,189.0,0.0,0,297.82,0.0,1,2.17,0.28,SPY190920P00273000,273.0,0,0.0,0.0,,0.0,normalDay
2019-09-06,487.0,201.0,0.0,0,298.05,0.0,1,2.17,0.16,SPY190920P00273000,273.0,0,0.0,0.0,,0.0,normalDay
2019-09-09,487.0,204.0,0.0,0,298.2,0.0,1,2.17,0.13,SPY190920P00273000,273.0,0,0.0,0.0,,0.0,normalDay
2019-09-10,487.0,205.0,0.0,0,298.13,0.0,1,2.17,0.12,SPY190920P00273000,273.0,0,0.0,0.0,,0.0,normalDay
2019-09-11,487.0,209.0,0.0,0,300.25,0.0,1,2.17,0.08,SPY190920P00273000,273.0,0,0.0,0.0,,0.0,normalDay
2019-09-12,487.0,210.0,0.0,0,301.29,0.0,1,2.17,0.07,SPY190920P00273000,273.0,0,0.0,0.0,,0.0,normalDay
2019-09-13,487.0,211.0,0.0,0,301.09,0.0,1,2.17,0.06,SPY190920P00273000,273.0,0,0.0,0.0,,0.0,normalDay
2019-09-16,487.0,212.0,0.0,0,300.16,0.0,1,2.17,0.05,SPY190920P00273000,273.0,0,0.0,0.0,,0.0,normalDay
2019-09-17,487.0,213.0,0.0,0,300.92,0.0,1,2.17,0.04,SPY190920P00273000,273.0,0,0.0,0.0,,0.0,normalDay
2019-09-18,487.0,214.0,0.0,0,301.1,0.0,1,2.17,0.03,SPY190920P00273000,273.0,0,0.0,0.0,,0.0,normalDay
2019-09-19,487.0,215.0,0.0,0,301.08,0.0,1,2.17,0.02,SPY190920P00273000,273.0,0,0.0,0.0,,0.0,normalDay
2019-09-20,704.0,0.0,217.0,0,298.28,0.0,1,2.17,0.0,SPY190920P00273000,273.0,0,0.0,0.0,,0.0,expirationDay
2019-09-23,704.0,-4.0,0.0,0,298.21,0.0,1,1.66,1.7,SPY191115P00276000,276.0,0,0.0,0.0,,0.0,normalDay
2019-09-24,704.0,-55.0,0.0,0,295.87,0.0,1,1.66,2.21,SPY191115P00276000,276.0,0,0.0,0.0,,0.0,normalDay
2019-09-25,704.0,-21.0,0.0,0,297.62,0.0,1,1.66,1.87,SPY191115P00276000,276.0,0,0.0,0.0,,0.0,normalDay
2019-09-26,704.0,-19.0,0.0,0,297.0,0.0,1,1.66,1.85,SPY191115P00276000,276.0,0,0.0,0.0,,0.0,normalDay
2019-09-27,704.0,-55.0,0.0,0,295.4,0.0,1,1.66,2.21,SPY191115P00276000,276.0,0,0.0,0.0,,0.0,normalDay
2019-09-30,704.0,-7.0,0.0,0,296.77,0.0,1,1.66,1.73,SPY191115P00276000,276.0,0,0.0,0.0,,0.0,normalDay
2019-10-01,704.0,-84.0,0.0,0,293.24,0.0,1,1.66,2.5,SPY191115P00276000,276.0,0,0.0,0.0,,0.0,normalDay
2019-10-02,704.0,-229.0,0.0,0,288.06,0.0,1,1.66,3.95,SPY191115P00276000,276.0,0,0.0,0.0,,0.0,normalDay
2019-10-03,704.0,-138.0,0.0,0,290.42,0.0,1,1.66,3.04,SPY191115P00276000,276.0,0,0.0,0.0,,0.0,normalDay
2019-10-04,704.0,-33.0,0.0,0,294.35,0.0,1,1.66,1.99,SPY191115P00276000,276.0,0,0.0,0.0,,0.0,normalDay
2019-10-07,704.0,-49.0,0.0,0,293.08,0.0,1,1.66,2.15,SPY191115P00276000,276.0,0,0.0,0.0,,0.0,normalDay
2019-10-08,704.0,-165.0,0.0,0,288.53,0.0,1,1.66,3.31,SPY191115P00276000,276.0,0,0.0,0.0,,0.0,normalDay
2019-10-09,704.0,-73.0,0.0,0,291.27,0.0,1,1.66,2.39,SPY191115P00276000,276.0,0,0.0,0.0,,0.0,normalDay
2019-10-10,704.0,-13.0,0.0,0,293.24,0.0,1,1.66,1.79,SPY191115P00276000,276.0,0,0.0,0.0,,0.0,normalDay
2019-10-11,704.0,63.0,0.0,0,296.28,0.0,1,1.66,1.03,SPY191115P00276000,276.0,0,0.0,0.0,,0.0,normalDay
2019-10-14,704.0,83.0,0.0,0,295.95,0.0,1,1.66,0.83,SPY191115P00276000,276.0,0,0.0,0.0,,0.0,normalDay
2019-10-15,704.0,116.0,0.0,0,298.88,0.0,1,1.66,0.5,SPY191115P00276000,276.0,0,0.0,0.0,,0.0,normalDay
2019-10-16,704.0,116.0,0.0,0,298.4,0.0,1,1.66,0.5,SPY191115P00276000,276.0,0,0.0,0.0,,0.0,normalDay
2019-10-17,704.0,121.0,0.0,0,299.28,0.0,1,1.66,0.45,SPY191115P00276000,276.0,0,0.0,0.0,,0.0,normalDay
2019-10-18,704.0,115.0,0.0,0,297.97,0.0,1,1.66,0.51,SPY191115P00276000,276.0,0,0.0,0.0,,0.0,normalDay
2019-10-21,704.0,133.0,0.0,0,299.99,0.0,1,1.66,0.33,SPY191115P00276000,276.0,0,0.0,0.0,,0.0,normalDay
2019-10-22,704.0,130.0,0.0,0,299.01,0.0,1,1.66,0.36,SPY191115P00276000,276.0,0,0.0,0.0,,0.0,normalDay
2019-10-23,704.0,138.0,0.0,0,299.88,0.0,1,1.66,0.28,SPY191115P00276000,276.0,0,0.0,0.0,,0.0,normalDay
2019-10-24,704.0,143.0,0.0,0,300.37,0.0,1,1.66,0.23,SPY191115P00276000,276.0,0,0.0,0.0,,0.0,normalDay
2019-10-25,704.0,150.0,0.0,0,301.6,0.0,1,1.66,0.16,SPY191115P00276000,276.0,0,0.0,0.0,,0.0,normalDay
2019-10-28,704.0,153.0,0.0,0,303.3,0.0,1,1.66,0.13,SPY191115P00276000,276.0,0,0.0,0.0,,0.0,normalDay
2019-10-29,704.0,154.0,0.0,0,303.21,0.0,1,1.66,0.12,SPY191115P00276000,276.0,0,0.0,0.0,,0.0,normalDay
2019-10-30,704.0,157.0,0.0,0,304.14,0.0,1,1.66,0.09,SPY191115P00276000,276.0,0,0.0,0.0,,0.0,normalDay
2019-10-31,704.0,154.0,0.0,0,303.33,0.0,1,1.66,0.12,SPY191115P00276000,276.0,0,0.0,0.0,,0.0,normalDay
2019-11-01,704.0,160.0,0.0,0,306.14,0.0,1,1.66,0.06,SPY191115P00276000,276.0,0,0.0,0.0,,0.0,normalDay
2019-11-04,704.0,161.0,0.0,0,307.37,0.0,1,1.66,0.05,SPY191115P00276000,276.0,0,0.0,0.0,,0.0,normalDay
2019-11-05,704.0,162.0,0.0,0,307.03,0.0,1,1.66,0.04,SPY191115P00276000,276.0,0,0.0,0.0,,0.0,normalDay
2019-11-06,704.0,163.0,0.0,0,307.1,0.0,1,1.66,0.03,SPY191115P00276000,276.0,0,0.0,0.0,,0.0,normalDay
2019-11-07,704.0,164.0,0.0,0,308.18,0.0,1,1.66,0.02,SPY191115P00276000,276.0,0,0.0,0.0,,0.0,normalDay
2019-11-08,704.0,164.0,0.0,0,308.94,0.0,1,1.66,0.02,SPY191115P00276000,276.0,0,0.0,0.0,,0.0,normalDay
2019-11-11,704.0,165.0,0.0,0,308.35,0.0,1,1.66,0.01,SPY191115P00276000,276.0,0,0.0,0.0,,0.0,normalDay
2019-11-12,704.0,165.0,0.0,0,309.0,0.0,1,1.66,0.01,SPY191115P00276000,276.0,0,0.0,0.0,,0.0,normalDay
2019-11-13,704.0,165.0,0.0,0,309.1,0.0,1,1.66,0.01,SPY191115P00276000,276.0,0,0.0,0.0,,0.0,normalDay
2019-11-14,704.0,165.0,0.0,0,309.55,0.0,1,1.66,0.01,SPY191115P00276000,276.0,0,0.0,0.0,,0.0,normalDay
2019-11-15,870.0,0.0,166.0,0,311.79,0.0,1,1.66,0.0,SPY191115P00276000,276.0,0,0.0,0.0,,0.0,expirationDay
2019-11-18,870.0,-4.0,0.0,0,312.02,0.0,1,1.57,1.61,SPY200117P00289000,289.0,0,0.0,0.0,,0.0,normalDay
2019-11-19,870.0,-12.0,0.0,0,311.93,0.0,1,1.57,1.69,SPY200117P00289000,289.0,0,0.0,0.0,,0.0,normalDay
2019-11-20,870.0,-26.0,0.0,0,310.77,0.0,1,1.57,1.83,SPY200117P00289000,289.0,0,0.0,0.0,,0.0,normalDay
2019-11-21,870.0,-30.0,0.0,0,310.27,0.0,1,1.57,1.87,SPY200117P00289000,289.0,0,0.0,0.0,,0.0,normalDay
2019-11-22,870.0,-7.0,0.0,0,310.96,0.0,1,1.57,1.64,SPY200117P00289000,289.0,0,0.0,0.0,,0.0,normalDay
2019-11-25,870.0,35.0,0.0,0,313.37,0.0,1,1.57,1.22,SPY200117P00289000,289.0,0,0.0,0.0,,0.0,normalDay
2019-11-26,870.0,48.0,0.0,0,314.08,0.0,1,1.57,1.09,SPY200117P00289000,289.0,0,0.0,0.0,,0.0,normalDay
2019-11-27,870.0,58.0,0.0,0,315.48,0.0,1,1.57,0.99,SPY200117P00289000,289.0,0,0.0,0.0,,0.0,normalDay
2019-11-29,870.0,43.0,0.0,0,314.31,0.0,1,1.57,1.14,SPY200117P00289000,289.0,0,0.0,0.0,,0.0,normalDay
2019-12-02,870.0,-3.0,0.0,0,311.64,0.0,1,1.57,1.6,SPY200117P00289000,289.0,0,0.0,0.0,,0.0,normalDay
2019-12-03,870.0,-43.0,0.0,0,309.55,0.0,1,1.57,2.0,SPY200117P00289000,289.0,0,0.0,0.0,,0.0,normalDay
2019-12-04,870.0,-4.0,0.0,0,311.46,0.0,1,1.57,1.61,SPY200117P00289000,289.0,0,0.0,0.0,,0.0,normalDay
2019-12-05,870.0,18.0,0.0,0,312.02,0.0,1,1.57,1.39,SPY200117P00289000,289.0,0,0.0,0.0,,0.0,normalDay
2019-12-06,870.0,53.0,0.0,0,314.87,0.0,1,1.57,1.04,SPY200117P00289000,289.0,0,0.0,0.0,,0.0,normalDay
2019-12-09,870.0,29.0,0.0,0,313.88,0.0,1,1.57,1.28,SPY200117P00289000,289.0,0,0.0,0.0,,0.0,normalDay
2019-12-10,870.0,38.0,0.0,0,313.53,0.0,1,1.57,1.19,SPY200117P00289000,289.0,0,0.0,0.0,,0.0,normalDay
2019-12-11,870.0,57.0,0.0,0,314.42,0.0,1,1.57,1.0,SPY200117P00289000,289.0,0,0.0,0.0,,0.0,normalDay
2019-12-12,870.0,87.0,0.0,0,317.13,0.0,1,1.57,0.7,SPY200117P00289000,289.0,0,0.0,0.0,,0.0,normalDay
2019-12-13,870.0,104.0,0.0,0,317.32,0.0,1,1.57,0.53,SPY200117P00289000,289.0,0,0.0,0.0,,0.0,normalDay
2019-12-16,870.0,119.0,0.0,0,319.5,0.0,1,1.57,0.38,SPY200117P00289000,289.0,0,0.0,0.0,,0.0,normalDay
2019-12-17,870.0,119.0,0.0,0,319.57,0.0,1,1.57,0.38,SPY200117P00289000,289.0,0,0.0,0.0,,0.0,normalDay
2019-12-18,870.0,120.0,0.0,0,319.59,0.0,1,1.57,0.37,SPY200117P00289000,289.0,0,0.0,0.0,,0.0,normalDay
2019-12-19,870.0,124.0,0.0,0,320.9,0.0,1,1.57,0.33,SPY200117P00289000,289.0,0,0.0,0.0,,0.0,normalDay
2019-12-20,870.0,125.0,0.0,0,320.73,0.0,1,1.57,0.32,SPY200117P00289000,289.0,0,0.0,0.0,,0.0,normalDay
2019-12-23,870.0,129.0,0.0,0,321.22,0.0,1,1.57,0.28,SPY200117P00289000,289.0,0,0.0,0.0,,0.0,normalDay
2019-12-24,870.0,131.0,0.0,0,321.23,0.0,1,1.57,0.26,SPY200117P00289000,289.0,0,0.0,0.0,,0.0,normalDay
2019-12-26,870.0,138.0,0.0,0,322.94,0.0,1,1.57,0.19,SPY200117P00289000,289.0,0,0.0,0.0,,0.0,normalDay
2019-12-27,870.0,138.0,0.0,0,322.86,0.0,1,1.57,0.19,SPY200117P00289000,289.0,0,0.0,0.0,,0.0,normalDay
2019-12-30,870.0,136.0,0.0,0,321.08,0.0,1,1.57,0.21,SPY200117P00289000,289.0,0,0.0,0.0,,0.0,normalDay
2019-12-31,870.0,139.0,0.0,0,321.86,0.0,1,1.57,0.18,SPY200117P00289000,289.0,0,0.0,0.0,,0.0,normalDay
2020-01-02,870.0,150.0,0.0,0,324.87,0.0,1,1.57,0.07,SPY200117P00289000,289.0,0,0.0,0.0,,0.0,normalDay
2020-01-03,870.0,147.0,0.0,0,322.41,0.0,1,1.57,0.1,SPY200117P00289000,289.0,0,0.0,0.0,,0.0,normalDay
2020-01-06,870.0,152.0,0.0,0,323.64,0.0,1,1.57,0.05,SPY200117P00289000,289.0,0,0.0,0.0,,0.0,normalDay
2020-01-07,870.0,153.0,0.0,0,322.73,0.0,1,1.57,0.04,SPY200117P00289000,289.0,0,0.0,0.0,,0.0,normalDay
2020-01-08,870.0,152.0,0.0,0,324.45,0.0,1,1.57,0.05,SPY200117P00289000,289.0,0,0.0,0.0,,0.0,normalDay
2020-01-09,870.0,154.0,0.0,0,326.65,0.0,1,1.57,0.03,SPY200117P00289000,289.0,0,0.0,0.0,,0.0,normalDay
2020-01-10,870.0,155.0,0.0,0,325.71,0.0,1,1.57,0.02,SPY200117P00289000,289.0,0,0.0,0.0,,0.0,normalDay
2020-01-13,870.0,156.0,0.0,0,327.95,0.0,1,1.57,0.01,SPY200117P00289000,289.0,0,0.0,0.0,,0.0,normalDay
2020-01-14,870.0,156.0,0.0,0,327.45,0.0,1,1.57,0.01,SPY200117P00289000,289.0,0,0.0,0.0,,0.0,normalDay
2020-01-15,870.0,156.0,0.0,0,328.19,0.0,1,1.57,0.01,SPY200117P00289000,289.0,0,0.0,0.0,,0.0,normalDay
2020-01-16,870.0,156.0,0.0,0,330.92,0.0,1,1.57,0.01,SPY200117P00289000,289.0,0,0.0,0.0,,0.0,normalDay
2020-01-17,1027.0,0.0,157.0,0,331.95,0.0,1,1.57,0.0,SPY200117P00289000,289.0,0,0.0,0.0,,0.0,expirationDay
2020-01-21,1027.0,-4.0,0.0,0,331.3,0.0,1,2.98,3.02,SPY200417P00310000,310.0,0,0.0,0.0,,0.0,normalDay
2020-01-22,1027.0,-5.0,0.0,0,331.34,0.0,1,2.98,3.03,SPY200417P00310000,310.0,0,0.0,0.0,,0.0,normalDay
2020-01-23,1027.0,0.0,0.0,0,331.72,0.0,1,2.98,2.98,SPY200417P00310000,310.0,0,0.0,0.0,,0.0,normalDay
2020-01-24,1027.0,-77.0,0.0,0,328.77,0.0,1,2.98,3.75,SPY200417P00310000,310.0,0,0.0,0.0,,0.0,normalDay
2020-01-27,1027.0,-269.0,0.0,0,323.5,0.0,1,2.98,5.67,SPY200417P00310000,310.0,0,0.0,0.0,,0.0,normalDay
2020-01-28,1027.0,-135.0,0.0,0,326.89,0.0,1,2.98,4.33,SPY200417P00310000,310.0,0,0.0,0.0,,0.0,normalDay
2020-01-29,1027.0,-137.0,0.0,0,326.62,0.0,1,2.98,4.35,SPY200417P00310000,310.0,0,0.0,0.0,,0.0,normalDay
2020-01-30,1027.0,-80.0,0.0,0,327.68,0.0,1,2.98,3.78,SPY200417P00310000,310.0,0,0.0,0.0,,0.0,normalDay
2020-01-31,1027.0,-280.0,0.0,0,321.73,0.0,1,2.98,5.78,SPY200417P00310000,310.0,0,0.0,0.0,,0.0,normalDay
2020-02-03,1027.0,-204.0,0.0,0,324.12,0.0,1,2.98,5.02,SPY200417P00310000,310.0,0,0.0,0.0,,0.0,normalDay
2020-02-04,1027.0,-43.0,0.0,0,329.06,0.0,1,2.98,3.41,SPY200417P00310000,310.0,0,0.0,0.0,,0.0,normalDay
2020-02-05,1027.0,34.0,0.0,0,332.86,0.0,1,2.98,2.64,SPY200417P00310000,310.0,0,0.0,0.0,,0.0,normalDay
2020-02-06,1027.0,50.0,0.0,0,333.98,0.0,1,2.98,2.48,SPY200417P00310000,310.0,0,0.0,0.0,,0.0,normalDay
2020-02-07,1027.0,21.0,0.0,0,332.2,0.0,1,2.98,2.77,SPY200417P00310000,310.0,0,0.0,0.0,,0.0,normalDay
2020-02-10,1027.0,65.0,0.0,0,334.68,0.0,1,2.98,2.33,SPY200417P00310000,310.0,0,0.0,0.0,,0.0,normalDay
2020-02-11,1027.0,75.0,0.0,0,335.26,0.0,1,2.98,2.23,SPY200417P00310000,310.0,0,0.0,0.0,,0.0,normalDay
2020-02-12,1027.0,118.0,0.0,0,337.42,0.0,1,2.98,1.8,SPY200417P00310000,310.0,0,0.0,0.0,,0.0,normalDay
2020-02-13,1027.0,111.0,0.0,0,337.06,0.0,1,2.98,1.87,SPY200417P00310000,310.0,0,0.0,0.0,,0.0,normalDay
2020-02-14,1027.0,125.0,0.0,0,337.6,0.0,1,2.98,1.73,SPY200417P00310000,310.0,0,0.0,0.0,,0.0,normalDay
2020-02-18,1027.0,116.0,0.0,0,336.73,0.0,1,2.98,1.82,SPY200417P00310000,310.0,0,0.0,0.0,,0.0,normalDay
2020-02-19,1027.0,141.0,0.0,0,338.34,0.0,1,2.98,1.57,SPY200417P00310000,310.0,0,0.0,0.0,,0.0,normalDay
2020-02-20,1027.0,113.0,0.0,0,336.95,0.0,1,2.98,1.85,SPY200417P00310000,310.0,0,0.0,0.0,,0.0,normalDay
2020-02-21,1027.0,44.0,0.0,0,333.48,0.0,1,2.98,2.54,SPY200417P00310000,310.0,0,0.0,0.0,,0.0,normalDay
2020-02-24,1027.0,-323.0,0.0,0,322.42,0.0,1,2.98,6.21,SPY200417P00310000,310.0,0,0.0,0.0,,0.0,normalDay
2020-02-25,1027.0,-658.0,0.0,0,312.65,0.0,1,2.98,9.56,SPY200417P00310000,310.0,0,0.0,0.0,,0.0,normalDay
2020-02-26,1027.0,-721.0,0.0,0,311.5,0.0,1,2.98,10.19,SPY200417P00310000,310.0,0,0.0,0.0,,0.0,normalDay
2020-02-27,1027.0,-1702.0,0.0,0,297.51,0.0,1,2.98,20.0,SPY200417P00310000,310.0,0,0.0,0.0,,0.0,normalDay
2020-02-28,1027.0,-1786.0,0.0,0,296.26,0.0,1,2.98,20.84,SPY200417P00310000,310.0,0,0.0,0.0,,0.0,normalDay
2020-03-02,1027.0,-900.0,0.0,0,309.09,0.0,1,2.98,11.98,SPY200417P00310000,310.0,0,0.0,0.0,,0.0,normalDay
2020-03-03,1027.0,-1373.0,0.0,0,300.24,0.0,1,2.98,16.71,SPY200417P00310000,310.0,0,0.0,0.0,,0.0,normalDay
2020-03-04,1027.0,-777.0,0.0,0,312.86,0.0,1,2.98,10.75,SPY200417P00310000,310.0,0,0.0,0.0,,0.0,normalDay
2020-03-05,1027.0,-1450.0,0.0,0,302.46,0.0,1,2.98,17.48,SPY200417P00310000,310.0,0,0.0,0.0,,0.0,normalDay
2020-03-06,1027.0,-1806.0,0.0,0,297.46,0.0,1,2.98,21.04,SPY200417P00310000,310.0,0,0.0,0.0,,0.0,normalDay
2020-03-09,1027.0,-3698.0,0.0,0,274.23,0.0,1,2.98,39.96,SPY200417P00310000,310.0,0,0.0,0.0,,0.0,normalDay
2020-03-10,1027.0,-2443.0,0.0,0,288.42,0.0,1,2.98,27.41,SPY200417P00310000,310.0,0,0.0,0.0,,0.0,normalDay
2020-03-11,1027.0,-3616.0,0.0,0,274.36,0.0,1,2.98,39.14,SPY200417P00310000,310.0,0,0.0,0.0,,0.0,normalDay
2020-03-12,1027.0,-6078.0,0.0,0,248.11,0.0,1,2.98,63.76,SPY200417P00310000,310.0,0,0.0,0.0,,0.0,normalDay
2020-03-13,1027.0,-3991.0,0.0,0,269.32,0.0,1,2.98,42.89,SPY200417P00310000,310.0,0,0.0,0.0,,0.0,normalDay
2020-03-16,1027.0,-6609.0,0.0,0,239.85,0.0,1,2.98,69.07,SPY200417P00310000,310.0,0,0.0,0.0,,0.0,normalDay
2020-03-17,1027.0,-5771.0,0.0,0,252.8,0.0,1,2.98,60.69,SPY200417P00310000,310.0,0,0.0,0.0,,0.0,normalDay
2020-03-18,1027.0,-6857.0,0.0,0,240.0,0.0,1,2.98,71.55,SPY200417P00310000,310.0,0,0.0,0.0,,0.0,normalDay
2020-03-19,1027.0,-6864.0,0.0,0,240.51,0.0,1,2.98,71.62,SPY200417P00310000,310.0,0,0.0,0.0,,0.0,normalDay
2020-03-20,1027.0,-7817.0,0.0,0,228.8,0.0,1,2.98,81.15,SPY200417P00310000,310.0,0,0.0,0.0,,0.0,normalDay
2020-03-23,1027.0,-8614.0,0.0,0,222.95,0.0,1,2.98,89.12,SPY200417P00310000,310.0,0,0.0,0.0,,0.0,normalDay
2020-03-24,1027.0,-6500.0,0.0,0,243.15,0.0,1,2.98,67.98,SPY200417P00310000,310.0,0,0.0,0.0,,0.0,normalDay
2020-03-25,1027.0,-6032.0,0.0,0,246.79,0.0,1,2.98,63.3,SPY200417P00310000,310.0,0,0.0,0.0,,0.0,normalDay
2020-03-26,1027.0,-4680.0,0.0,0,261.2,0.0,1,2.98,49.78,SPY200417P00310000,310.0,0,0.0,0.0,,0.0,normalDay
2020-03-27,1027.0,-5456.0,0.0,0,253.42,0.0,1,2.98,57.54,SPY200417P00310000,310.0,0,0.0,0.0,,0.0,normalDay
2020-03-30,1027.0,-4658.0,0.0,0,261.65,0.0,1,2.98,49.56,SPY200417P00310000,310.0,0,0.0,0.0,,0.0,normalDay
2020-03-31,1027.0,-5058.0,0.0,0,257.75,0.0,1,2.98,53.56,SPY200417P00310000,310.0,0,0.0,0.0,,0.0,normalDay
2020-04-01,1027.0,-6138.0,0.0,0,246.15,0.0,1,2.98,64.36,SPY200417P00310000,310.0,0,0.0,0.0,,0.0,normalDay
2020-04-02,1027.0,-5474.0,0.0,0,251.83,0.0,1,2.98,57.72,SPY200417P00310000,310.0,0,0.0,0.0,,0.0,normalDay
2020-04-03,1027.0,-5879.0,0.0,0,248.19,0.0,1,2.98,61.77,SPY200417P00310000,310.0,0,0.0,0.0,,0.0,normalDay
2020-04-06,1027.0,-4212.0,0.0,0,264.86,0.0,1,2.98,45.1,SPY200417P00310000,310.0,0,0.0,0.0,,0.0,normalDay
2020-04-07,1027.0,-4309.0,0.0,0,265.13,0.0,1,2.98,46.07,SPY200417P00310000,310.0,0,0.0,0.0,,0.0,normalDay
2020-04-08,1027.0,-3325.0,0.0,0,274.03,0.0,1,2.98,36.23,SPY200417P00310000,310.0,0,0.0,0.0,,0.0,normalDay
2020-04-09,1027.0,-2915.0,0.0,0,278.2,0.0,1,2.98,32.13,SPY200417P00310000,310.0,0,0.0,0.0,,0.0,normalDay
2020-04-13,1027.0,-3165.0,0.0,0,275.66,0.0,1,2.98,34.63,SPY200417P00310000,310.0,0,0.0,0.0,,0.0,normalDay
2020-04-14,1027.0,-2315.0,0.0,0,283.79,0.0,1,2.98,26.13,SPY200417P00310000,310.0,0,0.0,0.0,,0.0,normalDay
2020-04-15,1027.0,-2948.0,0.0,0,277.76,0.0,1,2.98,32.46,SPY200417P00310000,310.0,0,0.0,0.0,,0.0,normalDay
2020-04-16,1027.0,-2795.0,0.0,0,279.1,0.0,1,2.98,30.93,SPY200417P00310000,310.0,0,0.0,0.0,,0.0,normalDay
2020-04-17,1325.0,-2336.0,298.0,100,286.64,310.0,1,2.98,0.0,SPY200417P00310000,310.0,0,0.0,0.0,,0.0,expirationDay
2020-04-20,1325.0,-2841.0,0.0,100,281.59,310.0,0,0.0,0.0,,0.0,0,0.0,0.0,,0.0,bidTooLow
2020-04-21,1325.0,-3696.0,0.0,100,273.04,310.0,0,0.0,0.0,,0.0,0,0.0,0.0,,0.0,bidTooLow
2020-04-22,1325.0,-3090.0,0.0,100,279.1,310.0,0,0.0,0.0,,0.0,0,0.0,0.0,,0.0,bidTooLow
2020-04-23,1325.0,-3092.0,0.0,100,279.08,310.0,0,0.0,0.0,,0.0,0,0.0,0.0,,0.0,bidTooLow
2020-04-24,1325.0,-2703.0,0.0,100,282.97,310.0,0,0.0,0.0,,0.0,0,0.0,0.0,,0.0,bidTooLow
2020-04-27,1325.0,-2295.0,0.0,100,287.05,310.0,0,0.0,0.0,,0.0,0,0.0,0.0,,0.0,bidTooLow
2020-04-28,1325.0,-2427.0,0.0,100,285.73,310.0,0,0.0,0.0,,0.0,0,0.0,0.0,,0.0,bidTooLow
2020-04-29,1325.0,-1679.0,0.0,100,293.21,310.0,0,0.0,0.0,,0.0,0,0.0,0.0,,0.0,bidTooLow
2020-04-30,1325.0,-1952.0,0.0,100,290.48,310.0,0,0.0,0.0,,0.0,0,0.0,0.0,,0.0,bidTooLow
2020-05-01,1325.0,-2721.0,0.0,100,282.79,310.0,0,0.0,0.0,,0.0,0,0.0,0.0,,0.0,bidTooLow
2020-05-04,1325.0,-2646.0,0.0,100,283.57,310.0,0,0.0,0.0,,0.0,1,0.04,0.07,SPY200515C00312000,312.0,normalDay
2020-05-05,1325.0,-2383.0,0.0,100,286.19,310.0,0,0.0,0.0,,0.0,1,0.04,0.06,SPY200515C00312000,312.0,normalDay
2020-05-06,1325.0,-2575.0,0.0,100,284.25,310.0,0,0.0,0.0,,0.0,1,0.04,0.04,SPY200515C00312000,312.0,normalDay
2020-05-07,1325.0,-2232.0,0.0,100,287.68,310.0,0,0.0,0.0,,0.0,1,0.04,0.04,SPY200515C00312000,312.0,normalDay
2020-05-08,1325.0,-1756.0,0.0,100,292.44,310.0,0,0.0,0.0,,0.0,1,0.04,0.04,SPY200515C00312000,312.0,normalDay
2020-05-11,1325.0,-1750.0,0.0,100,292.5,310.0,0,0.0,0.0,,0.0,1,0.04,0.04,SPY200515C00312000,312.0,normalDay
2020-05-12,1325.0,-2331.0,0.0,100,286.67,310.0,0,0.0,0.0,,0.0,1,0.04,0.02,SPY200515C00312000,312.0,normalDay
2020-05-13,1325.0,-2837.0,0.0,100,281.6,310.0,0,0.0,0.0,,0.0,1,0.04,0.01,SPY200515C00312000,312.0,normalDay
2020-05-14,1325.0,-2500.0,0.0,100,284.97,310.0,0,0.0,0.0,,0.0,1,0.04,0.01,SPY200515C00312000,312.0,normalDay
2020-05-15,1329.0,-2372.0,4.0,100,286.28,310.0,0,0.0,0.0,,0.0,1,0.04,0.0,SPY200515C00312000,312.0,expirationDay
2020-05-18,1329.0,-1503.0,0.0,100,295.0,310.0,0,0.0,0.0,,0.0,1,0.45,0.48,SPY200529C00309000,309.0,normalDay
2020-05-19,1329.0,-1787.0,0.0,100,291.97,310.0,0,0.0,0.0,,0.0,1,0.45,0.29,SPY200529C00309000,309.0,normalDay
2020-05-20,1329.0,-1309.0,0.0,100,296.93,310.0,0,0.0,0.0,,0.0,1,0.45,0.47,SPY200529C00309000,309.0,normalDay
2020-05-21,1329.0,-1488.0,0.0,100,294.88,310.0,0,0.0,0.0,,0.0,1,0.45,0.21,SPY200529C00309000,309.0,normalDay
2020-05-22,1329.0,-1420.0,0.0,100,295.44,310.0,0,0.0,0.0,,0.0,1,0.45,0.09,SPY200529C00309000,309.0,normalDay
2020-05-26,1329.0,-1060.0,0.0,100,299.08,310.0,0,0.0,0.0,,0.0,1,0.45,0.13,SPY200529C00309000,309.0,normalDay
2020-05-27,1329.0,-638.0,0.0,100,303.53,310.0,0,0.0,0.0,,0.0,1,0.45,0.36,SPY200529C00309000,309.0,normalDay
2020-05-28,1329.0,-673.0,0.0,100,302.97,310.0,0,0.0,0.0,,0.0,1,0.45,0.15,SPY200529C00309000,309.0,normalDay
2020-05-29,1374.0,-568.0,45.0,100,304.32,310.0,0,0.0,0.0,,0.0,1,0.45,0.0,SPY200529C00309000,309.0,expirationDay
2020-06-01,1374.0,-448.0,0.0,100,305.55,310.0,0,0.0,0.0,,0.0,1,0.08,0.11,SPY200612C00326000,326.0,normalDay
2020-06-02,1374.0,-195.0,0.0,100,308.08,310.0,0,0.0,0.0,,0.0,1,0.08,0.11,SPY200612C00326000,326.0,normalDay
2020-06-03,1374.0,196.0,0.0,100,312.18,310.0,0,0.0,0.0,,0.0,1,0.08,0.3,SPY200612C00326000,326.0,normalDay
2020-06-04,1374.0,127.0,0.0,100,311.36,310.0,0,0.0,0.0,,0.0,1,0.08,0.17,SPY200612C00326000,326.0,normalDay
2020-06-05,1374.0,843.0,0.0,100,319.34,310.0,0,0.0,0.0,,0.0,1,0.08,0.99,SPY200612C00326000,326.0,normalDay
2020-06-08,1374.0,1162.0,0.0,100,323.2,310.0,0,0.0,0.0,,0.0,1,0.08,1.66,SPY200612C00326000,326.0,normalDay
2020-06-09,1374.0,968.0,0.0,100,320.79,310.0,0,0.0,0.0,,0.0,1,0.08,1.19,SPY200612C00326000,326.0,normalDay
2020-06-10,1374.0,865.0,0.0,100,319.0,310.0,0,0.0,0.0,,0.0,1,0.08,0.43,SPY200612C00326000,326.0,normalDay
2020-06-11,1374.0,-933.0,0.0,100,300.61,310.0,0,0.0,0.0,,0.0,1,0.08,0.02,SPY200612C00326000,326.0,normalDay
2020-06-12,1382.0,-579.0,8.0,100,304.21,310.0,0,0.0,0.0,,0.0,1,0.08,0.0,SPY200612C00326000,326.0,expirationDay
2020-06-15,1382.0,-298.0,0.0,100,307.05,310.0,0,0.0,0.0,,0.0,1,0.02,0.05,SPY200626C00347000,347.0,normalDay
2020-06-16,1382.0,292.0,0.0,100,312.96,310.0,0,0.0,0.0,,0.0,1,0.02,0.06,SPY200626C00347000,347.0,normalDay
2020-06-17,1382.0,164.0,0.0,100,311.66,310.0,0,0.0,0.0,,0.0,1,0.02,0.04,SPY200626C00347000,347.0,normalDay
2020-06-18,1382.0,178.0,0.0,100,311.78,310.0,0,0.0,0.0,,0.0,1,0.02,0.02,SPY200626C00347000,347.0,normalDay
2020-06-19,1382.0,-135.0,0.0,100,308.64,310.0,0,0.0,0.0,,0.0,1,0.02,0.01,SPY200626C00347000,347.0,normalDay
2020-06-22,1382.0,63.0,0.0,100,310.62,310.0,0,0.0,0.0,,0.0,1,0.02,0.01,SPY200626C00347000,347.0,normalDay
2020-06-23,1382.0,206.0,0.0,100,312.05,310.0,0,0.0,0.0,,0.0,1,0.02,0.01,SPY200626C00347000,347.0,normalDay
2020-06-24,1382.0,-590.0,0.0,100,304.09,310.0,0,0.0,0.0,,0.0,1,0.02,0.01,SPY200626C00347000,347.0,normalDay
2020-06-25,1382.0,-264.0,0.0,100,307.35,310.0,0,0.0,0.0,,0.0,1,0.02,0.01,SPY200626C00347000,347.0,normalDay
2020-06-26,1384.0,-995.0,2.0,100,300.05,310.0,0,0.0,0.0,,0.0,1,0.02,0.0,SPY200626C00347000,347.0,expirationDay
2020-06-29,1384.0,-557.0,0.0,100,304.46,310.0,0,0.0,0.0,,0.0,1,0.01,0.04,SPY200710C00339000,339.0,normalDay
2020-06-30,1384.0,-168.0,0.0,100,308.36,310.0,0,0.0,0.0,,0.0,1,0.01,0.05,SPY200710C00339000,339.0,normalDay
2020-07-01,1384.0,50.0,0.0,100,310.52,310.0,0,0.0,0.0,,0.0,1,0.01,0.03,SPY200710C00339000,339.0,normalDay
2020-07-02,1384.0,223.0,0.0,100,312.23,310.0,0,0.0,0.0,,0.0,1,0.01,0.01,SPY200710C00339000,339.0,normalDay
2020-07-06,1384.0,705.0,0.0,100,317.05,310.0,0,0.0,0.0,,0.0,1,0.01,0.01,SPY200710C00339000,339.0,normalDay
2020-07-07,1384.0,378.0,0.0,100,313.78,310.0,0,0.0,0.0,,0.0,1,0.01,0.01,SPY200710C00339000,339.0,normalDay
2020-07-08,1384.0,618.0,0.0,100,316.18,310.0,0,0.0,0.0,,0.0,1,0.01,0.01,SPY200710C00339000,339.0,normalDay
2020-07-09,1384.0,438.0,0.0,100,314.38,310.0,0,0.0,0.0,,0.0,1,0.01,0.01,SPY200710C00339000,339.0,normalDay
2020-07-10,1385.0,759.0,1.0,100,317.59,310.0,0,0.0,0.0,,0.0,1,0.01,0.0,SPY200710C00339000,339.0,expirationDay
2020-07-13,1385.0,480.0,0.0,100,314.84,310.0,0,0.0,0.0,,0.0,1,0.44,0.48,SPY200724C00331000,331.0,normalDay
2020-07-14,1385.0,872.0,0.0,100,318.92,310.0,0,0.0,0.0,,0.0,1,0.44,0.64,SPY200724C00331000,331.0,normalDay
2020-07-15,1385.0,1132.0,0.0,100,321.85,310.0,0,0.0,0.0,,0.0,1,0.44,0.97,SPY200724C00331000,331.0,normalDay
2020-07-16,1385.0,1076.0,0.0,100,320.79,310.0,0,0.0,0.0,,0.0,1,0.44,0.47,SPY200724C00331000,331.0,normalDay
2020-07-17,1385.0,1174.0,0.0,100,321.72,310.0,0,0.0,0.0,,0.0,1,0.44,0.42,SPY200724C00331000,331.0,normalDay
2020-07-20,1385.0,1429.0,0.0,100,324.32,310.0,0,0.0,0.0,,0.0,1,0.44,0.47,SPY200724C00331000,331.0,normalDay
2020-07-21,1385.0,1505.0,0.0,100,325.01,310.0,0,0.0,0.0,,0.0,1,0.44,0.4,SPY200724C00331000,331.0,normalDay
2020-07-22,1385.0,1696.0,0.0,100,326.86,310.0,0,0.0,0.0,,0.0,1,0.44,0.34,SPY200724C00331000,331.0,normalDay
2020-07-23,1385.0,1337.0,0.0,100,322.96,310.0,0,0.0,0.0,,0.0,1,0.44,0.03,SPY200724C00331000,331.0,normalDay
2020-07-24,1429.0,1088.0,44.0,100,320.88,310.0,0,0.0,0.0,,0.0,1,0.44,0.0,SPY200724C00331000,331.0,expirationDay
2020-07-27,1429.0,1319.0,0.0,100,323.22,310.0,0,0.0,0.0,,0.0,1,0.03,0.06,SPY200807C00344000,344.0,normalDay
2020-07-28,1429.0,1116.0,0.0,100,321.17,310.0,0,0.0,0.0,,0.0,1,0.03,0.04,SPY200807C00344000,344.0,normalDay
2020-07-29,1429.0,1509.0,0.0,100,325.12,310.0,0,0.0,0.0,,0.0,1,0.03,0.06,SPY200807C00344000,344.0,normalDay
2020-07-30,1429.0,1394.0,0.0,100,323.96,310.0,0,0.0,0.0,,0.0,1,0.03,0.05,SPY200807C00344000,344.0,normalDay
2020-07-31,1429.0,1653.0,0.0,100,326.52,310.0,0,0.0,0.0,,0.0,1,0.03,0.02,SPY200807C00344000,344.0,normalDay
2020-08-03,1429.0,1880.0,0.0,100,328.79,310.0,0,0.0,0.0,,0.0,1,0.03,0.02,SPY200807C00344000,344.0,normalDay
2020-08-04,1429.0,2008.0,0.0,100,330.06,310.0,0,0.0,0.0,,0.0,1,0.03,0.01,SPY200807C00344000,344.0,normalDay
2020-08-05,1429.0,2213.0,0.0,100,332.11,310.0,0,0.0,0.0,,0.0,1,0.03,0.01,SPY200807C00344000,344.0,normalDay
2020-08-06,1429.0,2434.0,0.0,100,334.33,310.0,0,0.0,0.0,,0.0,1,0.03,0.02,SPY200807C00344000,344.0,normalDay
2020-08-07,1432.0,2457.0,3.0,100,334.57,310.0,0,0.0,0.0,,0.0,1,0.03,0.0,SPY200807C00344000,344.0,expirationDay
2020-08-10,1432.0,2554.0,0.0,100,335.57,310.0,0,0.0,0.0,,0.0,1,0.2,0.23,SPY200821C00348000,348.0,normalDay
2020-08-11,1432.0,2284.0,0.0,100,332.8,310.0,0,0.0,0.0,,0.0,1,0.2,0.16,SPY200821C00348000,348.0,normalDay
2020-08-12,1432.0,2736.0,0.0,100,337.44,310.0,0,0.0,0.0,,0.0,1,0.2,0.28,SPY200821C00348000,348.0,normalDay
2020-08-13,1432.0,2689.0,0.0,100,336.83,310.0,0,0.0,0.0,,0.0,1,0.2,0.14,SPY200821C00348000,348.0,normalDay
2020-08-14,1432.0,2697.0,0.0,100,336.84,310.0,0,0.0,0.0,,0.0,1,0.2,0.07,SPY200821C00348000,348.0,normalDay
2020-08-17,1432.0,2806.0,0.0,100,337.91,310.0,0,0.0,0.0,,0.0,1,0.2,0.05,SPY200821C00348000,348.0,normalDay
2020-08-18,1432.0,2881.0,0.0,100,338.64,310.0,0,0.0,0.0,,0.0,1,0.2,0.03,SPY200821C00348000,348.0,normalDay
2020-08-19,1432.0,2741.0,0.0,100,337.23,310.0,0,0.0,0.0,,0.0,1,0.2,0.02,SPY200821C00348000,348.0,normalDay
2020-08-20,1432.0,2847.0,0.0,100,338.28,310.0,0,0.0,0.0,,0.0,1,0.2,0.01,SPY200821C00348000,348.0,normalDay
2020-08-21,1452.0,2948.0,20.0,100,339.48,310.0,0,0.0,0.0,,0.0,1,0.2,0.0,SPY200821C00348000,348.0,expirationDay
2020-08-24,1452.0,3289.0,0.0,100,342.92,310.0,0,0.0,0.0,,0.0,1,0.05,0.08,SPY200904C00359000,359.0,normalDay
2020-08-25,1452.0,3407.0,0.0,100,344.12,310.0,0,0.0,0.0,,0.0,1,0.05,0.1,SPY200904C00359000,359.0,normalDay
2020-08-26,1452.0,3731.0,0.0,100,347.57,310.0,0,0.0,0.0,,0.0,1,0.05,0.31,SPY200904C00359000,359.0,normalDay
2020-08-27,1452.0,3802.0,0.0,100,348.33,310.0,0,0.0,0.0,,0.0,1,0.05,0.36,SPY200904C00359000,359.0,normalDay
2020-08-28,1452.0,4033.0,0.0,100,350.58,310.0,0,0.0,0.0,,0.0,1,0.05,0.3,SPY200904C00359000,359.0,normalDay
2020-08-31,1452.0,3918.0,0.0,100,349.31,310.0,0,0.0,0.0,,0.0,1,0.05,0.18,SPY200904C00359000,359.0,normalDay
2020-09-01,1452.0,4243.0,0.0,100,352.6,310.0,0,0.0,0.0,,0.0,1,0.05,0.22,SPY200904C00359000,359.0,normalDay
2020-09-02,1452.0,4623.0,0.0,100,357.7,310.0,0,0.0,0.0,,0.0,1,0.05,1.52,SPY200904C00359000,359.0,normalDay
2020-09-03,1452.0,3540.0,0.0,100,345.39,310.0,0,0.0,0.0,,0.0,1,0.05,0.04,SPY200904C00359000,359.0,normalDay
2020-09-04,1457.0,3257.0,5.0,100,342.57,310.0,0,0.0,0.0,,0.0,1,0.05,0.0,SPY200904C00359000,359.0,expirationDay
2020-09-08,1457.0,2317.0,0.0,100,333.21,310.0,0,0.0,0.0,,0.0,1,0.02,0.06,SPY200918C00372000,372.0,normalDay
2020-09-09,1457.0,2976.0,0.0,100,339.79,310.0,0,0.0,0.0,,0.0,1,0.02,0.05,SPY200918C00372000,372.0,normalDay
2020-09-10,1457.0,2389.0,0.0,100,333.89,310.0,0,0.0,0.0,,0.0,1,0.02,0.02,SPY200918C00372000,372.0,normalDay
2020-09-11,1457.0,2406.0,0.0,100,334.06,310.0,0,0.0,0.0,,0.0,1,0.02,0.02,SPY200918C00372000,372.0,normalDay
2020-09-14,1457.0,2847.0,0.0,100,338.46,310.0,0,0.0,0.0,,0.0,1,0.02,0.01,SPY200918C00372000,372.0,normalDay
2020-09-15,1457.0,3018.0,0.0,100,340.17,310.0,0,0.0,0.0,,0.0,1,0.02,0.01,SPY200918C00372000,372.0,normalDay
2020-09-16,1457.0,2883.0,0.0,100,338.82,310.0,0,0.0,0.0,,0.0,1,0.02,0.01,SPY200918C00372000,372.0,normalDay
2020-09-17,1457.0,2585.0,0.0,100,335.84,310.0,0,0.0,0.0,,0.0,1,0.02,0.01,SPY200918C00372000,372.0,normalDay
2020-09-18,1459.0,2065.0,2.0,100,330.65,310.0,0,0.0,0.0,,0.0,1,0.02,0.0,SPY200918C00372000,372.0,expirationDay
2020-09-21,1459.0,1697.0,0.0,100,326.97,310.0,0,0.0,0.0,,0.0,0,0.0,0.0,,0.0,bidTooLow
2020-09-22,1459.0,2030.0,0.0,100,330.3,310.0,0,0.0,0.0,,0.0,0,0.0,0.0,,0.0,bidTooLow
2020-09-23,1459.0,1264.0,0.0,100,322.64,310.0,0,0.0,0.0,,0.0,0,0.0,0.0,,0.0,bidTooLow
2020-09-24,1459.0,1350.0,0.0,100,323.5,310.0,0,0.0,0.0,,0.0,0,0.0,0.0,,0.0,bidTooLow
2020-09-25,1459.0,1873.0,0.0,100,328.73,310.0,0,0.0,0.0,,0.0,0,0.0,0.0,,0.0,bidTooLow
2020-09-28,1459.0,2419.0,0.0,100,334.19,310.0,0,0.0,0.0,,0.0,0,0.0,0.0,,0.0,bidTooLow
2020-09-29,1459.0,2237.0,0.0,100,332.37,310.0,0,0.0,0.0,,0.0,0,0.0,0.0,,0.0,bidTooLow
2020-09-30,1459.0,2489.0,0.0,100,334.89,310.0,0,0.0,0.0,,0.0,0,0.0,0.0,,0.0,bidTooLow
2020-10-01,1459.0,2701.0,0.0,100,337.04,310.0,0,0.0,0.0,,0.0,1,0.15,0.18,SPY201012C00360000,360.0,normalDay
2020-10-02,1459.0,2394.0,0.0,100,333.84,310.0,0,0.0,0.0,,0.0,1,0.15,0.05,SPY201012C00360000,360.0,normalDay
2020-10-05,1459.0,2987.0,0.0,100,339.76,310.0,0,0.0,0.0,,0.0,1,0.15,0.04,SPY201012C00360000,360.0,normalDay
2020-10-06,1459.0,2506.0,0.0,100,334.93,310.0,0,0.0,0.0,,0.0,1,0.15,0.02,SPY201012C00360000,360.0,normalDay
2020-10-07,1459.0,3089.0,0.0,100,340.76,310.0,0,0.0,0.0,,0.0,1,0.15,0.02,SPY201012C00360000,360.0,normalDay
2020-10-08,1459.0,3392.0,0.0,100,343.78,310.0,0,0.0,0.0,,0.0,1,0.15,0.01,SPY201012C00360000,360.0,normalDay
2020-10-09,1459.0,3699.0,0.0,100,346.85,310.0,0,0.0,0.0,,0.0,1,0.15,0.01,SPY201012C00360000,360.0,normalDay
2020-10-12,1474.0,4243.0,15.0,100,352.43,310.0,0,0.0,0.0,,0.0,1,0.15,0.0,SPY201012C00360000,360.0,expirationDay
2020-10-13,1474.0,4010.0,0.0,100,350.13,310.0,0,0.0,0.0,,0.0,1,0.06,0.09,SPY201023C00372000,372.0,normalDay
2020-10-14,1474.0,3795.0,0.0,100,347.93,310.0,0,0.0,0.0,,0.0,1,0.06,0.04,SPY201023C00372000,372.0,normalDay
2020-10-15,1474.0,3752.0,0.0,100,347.5,310.0,0,0.0,0.0,,0.0,1,0.06,0.04,SPY201023C00372000,372.0,normalDay
2020-10-16,1474.0,3733.0,0.0,100,347.29,310.0,0,0.0,0.0,,0.0,1,0.06,0.02,SPY201023C00372000,372.0,normalDay
2020-10-19,1474.0,3206.0,0.0,100,342.01,310.0,0,0.0,0.0,,0.0,1,0.06,0.01,SPY201023C00372000,372.0,normalDay
2020-10-20,1474.0,3343.0,0.0,100,343.38,310.0,0,0.0,0.0,,0.0,1,0.06,0.01,SPY201023C00372000,372.0,normalDay
2020-10-21,1474.0,3278.0,0.0,100,342.73,310.0,0,0.0,0.0,,0.0,1,0.06,0.01,SPY201023C00372000,372.0,normalDay
2020-10-22,1474.0,3466.0,0.0,100,344.61,310.0,0,0.0,0.0,,0.0,1,0.06,0.01,SPY201023C00372000,372.0,normalDay
2020-10-23,1480.0,3578.0,6.0,100,345.78,310.0,0,0.0,0.0,,0.0,1,0.06,0.0,SPY201023C00372000,372.0,expirationDay
2020-10-26,1480.0,2934.0,0.0,100,339.39,310.0,0,0.0,0.0,,0.0,1,0.21,0.26,SPY201106C00367000,367.0,normalDay
2020-10-27,1480.0,2829.0,0.0,100,338.22,310.0,0,0.0,0.0,,0.0,1,0.21,0.14,SPY201106C00367000,367.0,normalDay
2020-10-28,1480.0,1684.0,0.0,100,326.66,310.0,0,0.0,0.0,,0.0,1,0.21,0.03,SPY201106C00367000,367.0,normalDay
2020-10-29,1480.0,2015.0,0.0,100,329.98,310.0,0,0.0,0.0,,0.0,1,0.21,0.04,SPY201106C00367000,367.0,normalDay
2020-10-30,1480.0,1672.0,0.0,100,326.54,310.0,0,0.0,0.0,,0.0,1,0.21,0.03,SPY201106C00367000,367.0,normalDay
2020-11-02,1480.0,2037.0,0.0,100,330.2,310.0,0,0.0,0.0,,0.0,1,0.21,0.04,SPY201106C00367000,367.0,normalDay
2020-11-03,1480.0,2615.0,0.0,100,336.03,310.0,0,0.0,0.0,,0.0,1,0.21,0.09,SPY201106C00367000,367.0,normalDay
2020-11-04,1480.0,3373.0,0.0,100,343.54,310.0,0,0.0,0.0,,0.0,1,0.21,0.02,SPY201106C00367000,367.0,normalDay
2020-11-05,1480.0,4044.0,0.0,100,350.24,310.0,0,0.0,0.0,,0.0,1,0.21,0.01,SPY201106C00367000,367.0,normalDay
2020-11-06,1501.0,4016.0,21.0,100,350.16,310.0,0,0.0,0.0,,0.0,1,0.21,0.0,SPY201106C00367000,367.0,expirationDay
2020-11-09,1501.0,4453.0,0.0,100,354.56,310.0,0,0.0,0.0,,0.0,1,0.18,0.21,SPY201120C00378000,378.0,normalDay
2020-11-10,1501.0,4411.0,0.0,100,354.04,310.0,0,0.0,0.0,,0.0,1,0.18,0.11,SPY201120C00378000,378.0,normalDay
2020-11-11,1501.0,4676.0,0.0,100,356.67,310.0,0,0.0,0.0,,0.0,1,0.18,0.09,SPY201120C00378000,378.0,normalDay
2020-11-12,1501.0,4336.0,0.0,100,353.21,310.0,0,0.0,0.0,,0.0,1,0.18,0.03,SPY201120C00378000,378.0,normalDay
2020-11-13,1501.0,4822.0,0.0,100,358.1,310.0,0,0.0,0.0,,0.0,1,0.18,0.06,SPY201120C00378000,378.0,normalDay
2020-11-16,1501.0,5271.0,0.0,100,362.57,310.0,0,0.0,0.0,,0.0,1,0.18,0.04,SPY201120C00378000,378.0,normalDay
2020-11-17,1501.0,5079.0,0.0,100,360.62,310.0,0,0.0,0.0,,0.0,1,0.18,0.01,SPY201120C00378000,378.0,normalDay
2020-11-18,1501.0,4645.0,0.0,100,356.28,310.0,0,0.0,0.0,,0.0,1,0.18,0.01,SPY201120C00378000,378.0,normalDay
2020-11-19,1501.0,4795.0,0.0,100,357.78,310.0,0,0.0,0.0,,0.0,1,0.18,0.01,SPY201120C00378000,378.0,normalDay
2020-11-20,1519.0,4533.0,18.0,100,355.33,310.0,0,0.0,0.0,,0.0,1,0.18,0.0,SPY201120C00378000,378.0,expirationDay
2020-11-23,1519.0,4746.0,0.0,100,357.46,310.0,0,0.0,0.0,,0.0,0,0.0,0.0,,0.0,bidTooLow
2020-11-24,1519.0,5322.0,0.0,100,363.22,310.0,0,0.0,0.0,,0.0,0,0.0,0.0,,0.0,bidTooLow
2020-11-25,1519.0,5266.0,0.0,100,362.66,310.0,0,0.0,0.0,,0.0,0,0.0,0.0,,0.0,bidTooLow
2020-11-27,1519.0,5367.0,0.0,100,363.67,310.0,0,0.0,0.0,,0.0,0,0.0,0.0,,0.0,bidTooLow
2020-11-30,1519.0,5206.0,0.0,100,362.06,310.0,0,0.0,0.0,,0.0,0,0.0,0.0,,0.0,bidTooLow
2020-12-01,1519.0,5599.0,0.0,100,366.02,310.0,0,0.0,0.0,,0.0,1,0.05,0.08,SPY201211C00388000,388.0,normalDay
2020-12-02,1519.0,5677.0,0.0,100,366.79,310.0,0,0.0,0.0,,0.0,1,0.05,0.07,SPY201211C00388000,388.0,normalDay
2020-12-03,1519.0,5669.0,0.0,100,366.69,310.0,0,0.0,0.0,,0.0,1,0.05,0.05,SPY201211C00388000,388.0,normalDay
2020-12-04,1519.0,5985.0,0.0,100,369.85,310.0,0,0.0,0.0,,0.0,1,0.05,0.05,SPY201211C00388000,388.0,normalDay
2020-12-07,1519.0,5912.0,0.0,100,369.09,310.0,0,0.0,0.0,,0.0,1,0.05,0.02,SPY201211C00388000,388.0,normalDay
2020-12-08,1519.0,6021.0,0.0,100,370.17,310.0,0,0.0,0.0,,0.0,1,0.05,0.01,SPY201211C00388000,388.0,normalDay
2020-12-09,1519.0,5689.0,0.0,100,366.85,310.0,0,0.0,0.0,,0.0,1,0.05,0.01,SPY201211C00388000,388.0,normalDay
2020-12-10,1519.0,5677.0,0.0,100,366.73,310.0,0,0.0,0.0,,0.0,1,0.05,0.01,SPY201211C00388000,388.0,normalDay
2020-12-11,1524.0,5630.0,5.0,100,366.3,310.0,0,0.0,0.0,,0.0,1,0.05,0.0,SPY201211C00388000,388.0,expirationDay
2020-12-14,1524.0,5463.0,0.0,100,364.66,310.0,0,0.0,0.0,,0.0,1,0.05,0.08,SPY201224C00383000,383.0,normalDay
2020-12-15,1524.0,5954.0,0.0,100,369.59,310.0,0,0.0,0.0,,0.0,1,0.05,0.1,SPY201224C00383000,383.0,normalDay
2020-12-16,1524.0,6010.0,0.0,100,370.17,310.0,0,0.0,0.0,,0.0,1,0.05,0.12,SPY201224C00383000,383.0,normalDay
2020-12-17,1524.0,6217.0,0.0,100,372.24,310.0,0,0.0,0.0,,0.0,1,0.05,0.12,SPY201224C00383000,383.0,normalDay
2020-12-18,1524.0,5918.0,0.0,100,369.18,310.0,0,0.0,0.0,,0.0,1,0.05,0.05,SPY201224C00383000,383.0,normalDay
2020-12-21,1524.0,5788.0,0.0,100,367.86,310.0,0,0.0,0.0,,0.0,1,0.05,0.03,SPY201224C00383000,383.0,normalDay
2020-12-22,1524.0,5728.0,0.0,100,367.24,310.0,0,0.0,0.0,,0.0,1,0.05,0.01,SPY201224C00383000,383.0,normalDay
2020-12-23,1524.0,5761.0,0.0,100,367.57,310.0,0,0.0,0.0,,0.0,1,0.05,0.01,SPY201224C00383000,383.0,normalDay
2020-12-24,1529.0,5900.0,5.0,100,369.0,310.0,0,0.0,0.0,,0.0,1,0.05,0.0,SPY201224C00383000,383.0,expirationDay
2020-12-28,1529.0,6213.0,0.0,100,372.17,310.0,0,0.0,0.0,,0.0,1,1.22,1.26,SPY210108C00379000,379.0,normalDay
2020-12-29,1529.0,6158.0,0.0,100,371.46,310.0,0,0.0,0.0,,0.0,1,1.22,1.1,SPY210108C00379000,379.0,normalDay
2020-12-30,1529.0,6223.0,0.0,100,371.99,310.0,0,0.0,0.0,,0.0,1,1.22,0.98,SPY210108C00379000,379.0,normalDay
2020-12-31,1529.0,6374.0,0.0,100,373.88,310.0,0,0.0,0.0,,0.0,1,1.22,1.36,SPY210108C00379000,379.0,normalDay
2021-01-04,1529.0,5956.0,0.0,100,368.79,310.0,0,0.0,0.0,,0.0,1,1.22,0.45,SPY210108C00379000,379.0,normalDay
2021-01-05,1529.0,6209.0,0.0,100,371.33,310.0,0,0.0,0.0,,0.0,1,1.22,0.46,SPY210108C00379000,379.0,normalDay
2021-01-06,1529.0,6421.0,0.0,100,373.55,310.0,0,0.0,0.0,,0.0,1,1.22,0.56,SPY210108C00379000,379.0,normalDay
2021-01-07,1529.0,6911.0,0.0,100,379.1,310.0,0,0.0,0.0,,0.0,1,1.22,1.21,SPY210108C00379000,379.0,normalDay
2021-01-08,8551.0,6911.0,7022.0,0,381.26,0.0,0,0.0,0.0,,0.0,1,1.22,0.0,SPY210108C00379000,379.0,expirationDay
2021-01-11,8551.0,-8.0,0.0,0,378.69,0.0,1,7.65,7.73,SPY210331P00353000,353.0,0,0.0,0.0,,0.0,normalDay
2021-01-12,8551.0,25.0,0.0,0,378.77,0.0,1,7.65,7.4,SPY210331P00353000,353.0,0,0.0,0.0,,0.0,normalDay
2021-01-13,8551.0,83.0,0.0,0,379.79,0.0,1,7.65,6.82,SPY210331P00353000,353.0,0,0.0,0.0,,0.0,normalDay
2021-01-14,8551.0,37.0,0.0,0,378.46,0.0,1,7.65,7.28,SPY210331P00353000,353.0,0,0.0,0.0,,0.0,normalDay
2021-01-15,8551.0,-61.0,0.0,0,375.7,0.0,1,7.65,8.26,SPY210331P00353000,353.0,0,0.0,0.0,,0.0,normalDay
2021-01-19,8551.0,67.0,0.0,0,378.65,0.0,1,7.65,6.98,SPY210331P00353000,353.0,0,0.0,0.0,,0.0,normalDay
2021-01-20,8551.0,202.0,0.0,0,383.89,0.0,1,7.65,5.63,SPY210331P00353000,353.0,0,0.0,0.0,,0.0,normalDay
2021-01-21,8551.0,222.0,0.0,0,384.24,0.0,1,7.65,5.43,SPY210331P00353000,353.0,0,0.0,0.0,,0.0,normalDay
2021-01-22,8551.0,195.0,0.0,0,382.88,0.0,1,7.65,5.7,SPY210331P00353000,353.0,0,0.0,0.0,,0.0,normalDay
2021-01-25,8551.0,201.0,0.0,0,384.39,0.0,1,7.65,5.64,SPY210331P00353000,353.0,0,0.0,0.0,,0.0,normalDay
2021-01-26,8551.0,206.0,0.0,0,383.79,0.0,1,7.65,5.59,SPY210331P00353000,353.0,0,0.0,0.0,,0.0,normalDay
2021-01-27,8551.0,-262.0,0.0,0,374.41,0.0,1,7.65,10.27,SPY210331P00353000,353.0,0,0.0,0.0,,0.0,normalDay
2021-01-28,8551.0,-76.0,0.0,0,377.63,0.0,1,7.65,8.41,SPY210331P00353000,353.0,0,0.0,0.0,,0.0,normalDay
2021-01-29,8551.0,-397.0,0.0,0,370.07,0.0,1,7.65,11.62,SPY210331P00353000,353.0,0,0.0,0.0,,0.0,normalDay
2021-02-01,8551.0,-94.0,0.0,0,376.23,0.0,1,7.65,8.59,SPY210331P00353000,353.0,0,0.0,0.0,,0.0,normalDay
2021-02-02,8551.0,167.0,0.0,0,381.55,0.0,1,7.65,5.98,SPY210331P00353000,353.0,0,0.0,0.0,,0.0,normalDay
2021-02-03,8551.0,240.0,0.0,0,381.85,0.0,1,7.65,5.25,SPY210331P00353000,353.0,0,0.0,0.0,,0.0,normalDay
2021-02-04,8551.0,340.0,0.0,0,386.19,0.0,1,7.65,4.25,SPY210331P00353000,353.0,0,0.0,0.0,,0.0,normalDay
2021-02-05,8551.0,374.0,0.0,0,387.71,0.0,1,7.65,3.91,SPY210331P00353000,353.0,0,0.0,0.0,,0.0,normalDay
2021-02-08,8551.0,423.0,0.0,0,390.51,0.0,1,7.65,3.42,SPY210331P00353000,353.0,0,0.0,0.0,,0.0,normalDay
2021-02-09,8551.0,426.0,0.0,0,390.25,0.0,1,7.65,3.39,SPY210331P00353000,353.0,0,0.0,0.0,,0.0,normalDay
2021-02-10,8551.0,422.0,0.0,0,390.08,0.0,1,7.65,3.43,SPY210331P00353000,353.0,0,0.0,0.0,,0.0,normalDay
2021-02-11,8551.0,450.0,0.0,0,390.71,0.0,1,7.65,3.15,SPY210331P00353000,353.0,0,0.0,0.0,,0.0,normalDay
2021-02-12,8551.0,506.0,0.0,0,392.64,0.0,1,7.65,2.59,SPY210331P00353000,353.0,0,0.0,0.0,,0.0,normalDay
2021-02-16,8551.0,505.0,0.0,0,392.3,0.0,1,7.65,2.6,SPY210331P00353000,353.0,0,0.0,0.0,,0.0,normalDay
2021-02-17,8551.0,519.0,0.0,0,392.39,0.0,1,7.65,2.46,SPY210331P00353000,353.0,0,0.0,0.0,,0.0,normalDay
2021-02-18,8551.0,495.0,0.0,0,390.72,0.0,1,7.65,2.7,SPY210331P00353000,353.0,0,0.0,0.0,,0.0,normalDay
2021-02-19,8551.0,505.0,0.0,0,390.03,0.0,1,7.65,2.6,SPY210331P00353000,353.0,0,0.0,0.0,,0.0,normalDay
2021-02-22,8551.0,475.0,0.0,0,387.03,0.0,1,7.65,2.9,SPY210331P00353000,353.0,0,0.0,0.0,,0.0,normalDay
2021-02-23,8551.0,504.0,0.0,0,387.5,0.0,1,7.65,2.61,SPY210331P00353000,353.0,0,0.0,0.0,,0.0,normalDay
2021-02-24,8551.0,579.0,0.0,0,391.77,0.0,1,7.65,1.86,SPY210331P00353000,353.0,0,0.0,0.0,,0.0,normalDay
2021-02-25,8551.0,364.0,0.0,0,382.33,0.0,1,7.65,4.01,SPY210331P00353000,353.0,0,0.0,0.0,,0.0,normalDay
2021-02-26,8551.0,368.0,0.0,0,380.36,0.0,1,7.65,3.97,SPY210331P00353000,353.0,0,0.0,0.0,,0.0,normalDay
2021-03-01,8551.0,570.0,0.0,0,389.58,0.0,1,7.65,1.95,SPY210331P00353000,353.0,0,0.0,0.0,,0.0,normalDay
2021-03-02,8551.0,536.0,0.0,0,386.54,0.0,1,7.65,2.29,SPY210331P00353000,353.0,0,0.0,0.0,,0.0,normalDay
2021-03-03,8551.0,461.0,0.0,0,381.42,0.0,1,7.65,3.04,SPY210331P00353000,353.0,0,0.0,0.0,,0.0,normalDay
2021-03-04,8551.0,362.0,0.0,0,376.7,0.0,1,7.65,4.03,SPY210331P00353000,353.0,0,0.0,0.0,,0.0,normalDay
2021-03-05,8551.0,533.0,0.0,0,383.63,0.0,1,7.65,2.32,SPY210331P00353000,353.0,0,0.0,0.0,,0.0,normalDay
2021-03-08,8551.0,519.0,0.0,0,381.72,0.0,1,7.65,2.46,SPY210331P00353000,353.0,0,0.0,0.0,,0.0,normalDay
2021-03-09,8551.0,604.0,0.0,0,387.17,0.0,1,7.65,1.61,SPY210331P00353000,353.0,0,0.0,0.0,,0.0,normalDay
2021-03-10,8551.0,652.0,0.0,0,389.58,0.0,1,7.65,1.13,SPY210331P00353000,353.0,0,0.0,0.0,,0.0,normalDay
2021-03-11,8551.0,680.0,0.0,0,393.53,0.0,1,7.65,0.85,SPY210331P00353000,353.0,0,0.0,0.0,,0.0,normalDay
2021-03-12,8551.0,709.0,0.0,0,394.06,0.0,1,7.65,0.56,SPY210331P00353000,353.0,0,0.0,0.0,,0.0,normalDay
2021-03-15,8551.0,728.0,0.0,0,396.41,0.0,1,7.65,0.37,SPY210331P00353000,353.0,0,0.0,0.0,,0.0,normalDay
2021-03-16,8551.0,729.0,0.0,0,395.91,0.0,1,7.65,0.36,SPY210331P00353000,353.0,0,0.0,0.0,,0.0,normalDay
2021-03-17,8551.0,741.0,0.0,0,397.26,0.0,1,7.65,0.24,SPY210331P00353000,353.0,0,0.0,0.0,,0.0,normalDay
2021-03-18,8551.0,723.0,0.0,0,391.48,0.0,1,7.65,0.42,SPY210331P00353000,353.0,0,0.0,0.0,,0.0,normalDay
2021-03-19,8551.0,732.0,0.0,0,389.48,0.0,1,7.65,0.33,SPY210331P00353000,353.0,0,0.0,0.0,,0.0,normalDay
2021-03-22,8551.0,755.0,0.0,0,392.59,0.0,1,7.65,0.1,SPY210331P00353000,353.0,0,0.0,0.0,,0.0,normalDay
2021-03-23,8551.0,748.0,0.0,0,389.5,0.0,1,7.65,0.17,SPY210331P00353000,353.0,0,0.0,0.0,,0.0,normalDay
2021-03-24,8551.0,750.0,0.0,0,387.52,0.0,1,7.65,0.15,SPY210331P00353000,353.0,0,0.0,0.0,,0.0,normalDay
2021-03-25,8551.0,758.0,0.0,0,389.7,0.0,1,7.65,0.07,SPY210331P00353000,353.0,0,0.0,0.0,,0.0,normalDay
2021-03-26,8551.0,762.0,0.0,0,395.98,0.0,1,7.65,0.03,SPY210331P00353000,353.0,0,0.0,0.0,,0.0,normalDay
2021-03-29,8551.0,763.0,0.0,0,395.78,0.0,1,7.65,0.02,SPY210331P00353000,353.0,0,0.0,0.0,,0.0,normalDay
2021-03-30,8551.0,764.0,0.0,0,394.73,0.0,1,7.65,0.01,SPY210331P00353000,353.0,0,0.0,0.0,,0.0,normalDay
2021-03-31,9316.0,0.0,765.0,0,396.33,0.0,1,7.65,0.0,SPY210331P00353000,353.0,0,0.0,0.0,,0.0,expirationDay
2021-04-01,9316.0,-4.0,0.0,0,400.61,0.0,1,4.76,4.8,SPY210618P00371000,371.0,0,0.0,0.0,,0.0,normalDay
2021-04-05,9316.0,87.0,0.0,0,406.36,0.0,1,4.76,3.89,SPY210618P00371000,371.0,0,0.0,0.0,,0.0,normalDay
2021-04-06,9316.0,80.0,0.0,0,406.12,0.0,1,4.76,3.96,SPY210618P00371000,371.0,0,0.0,0.0,,0.0,normalDay
2021-04-07,9316.0,110.0,0.0,0,406.59,0.0,1,4.76,3.66,SPY210618P00371000,371.0,0,0.0,0.0,,0.0,normalDay
2021-04-08,9316.0,133.0,0.0,0,408.52,0.0,1,4.76,3.43,SPY210618P00371000,371.0,0,0.0,0.0,,0.0,normalDay
2021-04-09,9316.0,155.0,0.0,0,411.49,0.0,1,4.76,3.21,SPY210618P00371000,371.0,0,0.0,0.0,,0.0,normalDay
2021-04-12,9316.0,173.0,0.0,0,411.64,0.0,1,4.76,3.03,SPY210618P00371000,371.0,0,0.0,0.0,,0.0,normalDay
2021-04-13,9316.0,198.0,0.0,0,412.86,0.0,1,4.76,2.78,SPY210618P00371000,371.0,0,0.0,0.0,,0.0,normalDay
2021-04-14,9316.0,184.0,0.0,0,411.45,0.0,1,4.76,2.92,SPY210618P00371000,371.0,0,0.0,0.0,,0.0,normalDay
2021-04-15,9316.0,228.0,0.0,0,415.87,0.0,1,4.76,2.48,SPY210618P00371000,371.0,0,0.0,0.0,,0.0,normalDay
2021-04-16,9316.0,244.0,0.0,0,417.26,0.0,1,4.76,2.32,SPY210618P00371000,371.0,0,0.0,0.0,,0.0,normalDay
2021-04-19,9316.0,219.0,0.0,0,415.21,0.0,1,4.76,2.57,SPY210618P00371000,371.0,0,0.0,0.0,,0.0,normalDay
2021-04-20,9316.0,169.0,0.0,0,412.17,0.0,1,4.76,3.07,SPY210618P00371000,371.0,0,0.0,0.0,,0.0,normalDay
2021-04-21,9316.0,236.0,0.0,0,416.07,0.0,1,4.76,2.4,SPY210618P00371000,371.0,0,0.0,0.0,,0.0,normalDay
2021-04-22,9316.0,179.0,0.0,0,412.27,0.0,1,4.76,2.97,SPY210618P00371000,371.0,0,0.0,0.0,,0.0,normalDay
2021-04-23,9316.0,254.0,0.0,0,416.74,0.0,1,4.76,2.22,SPY210618P00371000,371.0,0,0.0,0.0,,0.0,normalDay
2021-04-26,9316.0,275.0,0.0,0,417.61,0.0,1,4.76,2.01,SPY210618P00371000,371.0,0,0.0,0.0,,0.0,normalDay
2021-04-27,9316.0,283.0,0.0,0,417.52,0.0,1,4.76,1.93,SPY210618P00371000,371.0,0,0.0,0.0,,0.0,normalDay
2021-04-28,9316.0,299.0,0.0,0,417.4,0.0,1,4.76,1.77,SPY210618P00371000,371.0,0,0.0,0.0,,0.0,normalDay
2021-04-29,9316.0,308.0,0.0,0,420.06,0.0,1,4.76,1.68,SPY210618P00371000,371.0,0,0.0,0.0,,0.0,normalDay
2021-04-30,9316.0,282.0,0.0,0,417.3,0.0,1,4.76,1.94,SPY210618P00371000,371.0,0,0.0,0.0,,0.0,normalDay
2021-05-03,9316.0,305.0,0.0,0,418.2,0.0,1,4.76,1.71,SPY210618P00371000,371.0,0,0.0,0.0,,0.0,normalDay
2021-05-04,9316.0,275.0,0.0,0,415.62,0.0,1,4.76,2.01,SPY210618P00371000,371.0,0,0.0,0.0,,0.0,normalDay
2021-05-05,9316.0,288.0,0.0,0,415.75,0.0,1,4.76,1.88,SPY210618P00371000,371.0,0,0.0,0.0,,0.0,normalDay
2021-05-06,9316.0,322.0,0.0,0,419.07,0.0,1,4.76,1.54,SPY210618P00371000,371.0,0,0.0,0.0,,0.0,normalDay
2021-05-07,9316.0,360.0,0.0,0,422.12,0.0,1,4.76,1.16,SPY210618P00371000,371.0,0,0.0,0.0,,0.0,normalDay
2021-05-10,9316.0,321.0,0.0,0,417.94,0.0,1,4.76,1.55,SPY210618P00371000,371.0,0,0.0,0.0,,0.0,normalDay
2021-05-11,9316.0,277.0,0.0,0,414.21,0.0,1,4.76,1.99,SPY210618P00371000,371.0,0,0.0,0.0,,0.0,normalDay
2021-05-12,9316.0,83.0,0.0,0,405.41,0.0,1,4.76,3.93,SPY210618P00371000,371.0,0,0.0,0.0,,0.0,normalDay
2021-05-13,9316.0,227.0,0.0,0,410.28,0.0,1,4.76,2.49,SPY210618P00371000,371.0,0,0.0,0.0,,0.0,normalDay
2021-05-14,9316.0,350.0,0.0,0,416.58,0.0,1,4.76,1.26,SPY210618P00371000,371.0,0,0.0,0.0,,0.0,normalDay
2021-05-17,9316.0,346.0,0.0,0,415.52,0.0,1,4.76,1.3,SPY210618P00371000,371.0,0,0.0,0.0,,0.0,normalDay
2021-05-18,9316.0,311.0,0.0,0,411.94,0.0,1,4.76,1.65,SPY210618P00371000,371.0,0,0.0,0.0,,0.0,normalDay
2021-05-19,9316.0,302.0,0.0,0,410.86,0.0,1,4.76,1.74,SPY210618P00371000,371.0,0,0.0,0.0,,0.0,normalDay
2021-05-20,9316.0,348.0,0.0,0,415.28,0.0,1,4.76,1.28,SPY210618P00371000,371.0,0,0.0,0.0,,0.0,normalDay
2021-05-21,9316.0,360.0,0.0,0,414.94,0.0,1,4.76,1.16,SPY210618P00371000,371.0,0,0.0,0.0,,0.0,normalDay
2021-05-24,9316.0,407.0,0.0,0,419.17,0.0,1,4.76,0.69,SPY210618P00371000,371.0,0,0.0,0.0,,0.0,normalDay
2021-05-25,9316.0,406.0,0.0,0,418.24,0.0,1,4.76,0.7,SPY210618P00371000,371.0,0,0.0,0.0,,0.0,normalDay
2021-05-26,9316.0,426.0,0.0,0,419.07,0.0,1,4.76,0.5,SPY210618P00371000,371.0,0,0.0,0.0,,0.0,normalDay
2021-05-27,9316.0,433.0,0.0,0,419.29,0.0,1,4.76,0.43,SPY210618P00371000,371.0,0,0.0,0.0,,0.0,normalDay
2021-05-28,9316.0,435.0,0.0,0,420.04,0.0,1,4.76,0.41,SPY210618P00371000,371.0,0,0.0,0.0,,0.0,normalDay
2021-06-01,9316.0,441.0,0.0,0,419.67,0.0,1,4.76,0.35,SPY210618P00371000,371.0,0,0.0,0.0,,0.0,normalDay
2021-06-02,9316.0,450.0,0.0,0,420.33,0.0,1,4.76,0.26,SPY210618P00371000,371.0,0,0.0,0.0,,0.0,normalDay
2021-06-03,9316.0,450.0,0.0,0,418.77,0.0,1,4.76,0.26,SPY210618P00371000,371.0,0,0.0,0.0,,0.0,normalDay
2021-06-04,9316.0,459.0,0.0,0,422.6,0.0,1,4.76,0.17,SPY210618P00371000,371.0,0,0.0,0.0,,0.0,normalDay
2021-06-07,9316.0,463.0,0.0,0,422.19,0.0,1,4.76,0.13,SPY210618P00371000,371.0,0,0.0,0.0,,0.0,normalDay
2021-06-08,9316.0,461.0,0.0,0,422.28,0.0,1,4.76,0.15,SPY210618P00371000,371.0,0,0.0,0.0,,0.0,normalDay
2021-06-09,9316.0,459.0,0.0,0,421.65,0.0,1,4.76,0.17,SPY210618P00371000,371.0,0,0.0,0.0,,0.0,normalDay
2021-06-10,9316.0,466.0,0.0,0,423.61,0.0,1,4.76,0.1,SPY210618P00371000,371.0,0,0.0,0.0,,0.0,normalDay
2021-06-11,9316.0,468.0,0.0,0,424.31,0.0,1,4.76,0.08,SPY210618P00371000,371.0,0,0.0,0.0,,0.0,normalDay
2021-06-14,9316.0,471.0,0.0,0,425.26,0.0,1,4.76,0.05,SPY210618P00371000,371.0,0,0.0,0.0,,0.0,normalDay
2021-06-15,9316.0,471.0,0.0,0,424.48,0.0,1,4.76,0.05,SPY210618P00371000,371.0,0,0.0,0.0,,0.0,normalDay
2021-06-16,9316.0,471.0,0.0,0,422.11,0.0,1,4.76,0.05,SPY210618P00371000,371.0,0,0.0,0.0,,0.0,normalDay
2021-06-17,9316.0,474.0,0.0,0,421.97,0.0,1,4.76,0.02,SPY210618P00371000,371.0,0,0.0,0.0,,0.0,normalDay
2021-06-18,9792.0,0.0,476.0,0,414.92,0.0,1,4.76,0.0,SPY210618P00371000,371.0,0,0.0,0.0,,0.0,expirationDay
2021-06-21,9792.0,-3.0,0.0,0,420.86,0.0,1,6.63,6.66,SPY210820P00410000,410.0,0,0.0,0.0,,0.0,normalDay
2021-06-22,9792.0,91.0,0.0,0,423.11,0.0,1,6.63,5.72,SPY210820P00410000,410.0,0,0.0,0.0,,0.0,normalDay
2021-06-23,9792.0,110.0,0.0,0,422.6,0.0,1,6.63,5.53,SPY210820P00410000,410.0,0,0.0,0.0,,0.0,normalDay
2021-06-24,9792.0,181.0,0.0,0,425.1,0.0,1,6.63,4.82,SPY210820P00410000,410.0,0,0.0,0.0,,0.0,normalDay
2021-06-25,9792.0,237.0,0.0,0,426.61,0.0,1,6.63,4.26,SPY210820P00410000,410.0,0,0.0,0.0,,0.0,normalDay
2021-06-28,9792.0,265.0,0.0,0,427.47,0.0,1,6.63,3.98,SPY210820P00410000,410.0,0,0.0,0.0,,0.0,normalDay
2021-06-29,9792.0,271.0,0.0,0,427.7,0.0,1,6.63,3.92,SPY210820P00410000,410.0,0,0.0,0.0,,0.0,normalDay
2021-06-30,9792.0,289.0,0.0,0,428.06,0.0,1,6.63,3.74,SPY210820P00410000,410.0,0,0.0,0.0,,0.0,normalDay
2021-07-01,9792.0,325.0,0.0,0,430.43,0.0,1,6.63,3.38,SPY210820P00410000,410.0,0,0.0,0.0,,0.0,normalDay
2021-07-02,9792.0,376.0,0.0,0,433.72,0.0,1,6.63,2.87,SPY210820P00410000,410.0,0,0.0,0.0,,0.0,normalDay
2021-07-06,9792.0,356.0,0.0,0,432.93,0.0,1,6.63,3.07,SPY210820P00410000,410.0,0,0.0,0.0,,0.0,normalDay
2021-07-07,9792.0,380.0,0.0,0,434.46,0.0,1,6.63,2.83,SPY210820P00410000,410.0,0,0.0,0.0,,0.0,normalDay
2021-07-08,9792.0,271.0,0.0,0,430.92,0.0,1,6.63,3.92,SPY210820P00410000,410.0,0,0.0,0.0,,0.0,normalDay
2021-07-09,9792.0,405.0,0.0,0,435.52,0.0,1,6.63,2.58,SPY210820P00410000,410.0,0,0.0,0.0,,0.0,normalDay
2021-07-12,9792.0,438.0,0.0,0,437.08,0.0,1,6.63,2.25,SPY210820P00410000,410.0,0,0.0,0.0,,0.0,normalDay
2021-07-13,9792.0,400.0,0.0,0,435.59,0.0,1,6.63,2.63,SPY210820P00410000,410.0,0,0.0,0.0,,0.0,normalDay
2021-07-14,9792.0,439.0,0.0,0,436.24,0.0,1,6.63,2.24,SPY210820P00410000,410.0,0,0.0,0.0,,0.0,normalDay
2021-07-15,9792.0,413.0,0.0,0,434.75,0.0,1,6.63,2.5,SPY210820P00410000,410.0,0,0.0,0.0,,0.0,normalDay
2021-07-16,9792.0,352.0,0.0,0,431.34,0.0,1,6.63,3.11,SPY210820P00410000,410.0,0,0.0,0.0,,0.0,normalDay
2021-07-19,9792.0,170.0,0.0,0,424.97,0.0,1,6.63,4.93,SPY210820P00410000,410.0,0,0.0,0.0,,0.0,normalDay
2021-07-20,9792.0,339.0,0.0,0,431.06,0.0,1,6.63,3.24,SPY210820P00410000,410.0,0,0.0,0.0,,0.0,normalDay
2021-07-21,9792.0,442.0,0.0,0,434.55,0.0,1,6.63,2.21,SPY210820P00410000,410.0,0,0.0,0.0,,0.0,normalDay
2021-07-22,9792.0,463.0,0.0,0,435.46,0.0,1,6.63,2.0,SPY210820P00410000,410.0,0,0.0,0.0,,0.0,normalDay
2021-07-23,9792.0,512.0,0.0,0,439.94,0.0,1,6.63,1.51,SPY210820P00410000,410.0,0,0.0,0.0,,0.0,normalDay
2021-07-26,9792.0,542.0,0.0,0,441.02,0.0,1,6.63,1.21,SPY210820P00410000,410.0,0,0.0,0.0,,0.0,normalDay
2021-07-27,9792.0,502.0,0.0,0,439.01,0.0,1,6.63,1.61,SPY210820P00410000,410.0,0,0.0,0.0,,0.0,normalDay
2021-07-28,9792.0,530.0,0.0,0,438.83,0.0,1,6.63,1.33,SPY210820P00410000,410.0,0,0.0,0.0,,0.0,normalDay
2021-07-29,9792.0,563.0,0.0,0,440.65,0.0,1,6.63,1.0,SPY210820P00410000,410.0,0,0.0,0.0,,0.0,normalDay
2021-07-30,9792.0,549.0,0.0,0,438.51,0.0,1,6.63,1.14,SPY210820P00410000,410.0,0,0.0,0.0,,0.0,normalDay
2021-08-02,9792.0,548.0,0.0,0,437.59,0.0,1,6.63,1.15,SPY210820P00410000,410.0,0,0.0,0.0,,0.0,normalDay
2021-08-03,9792.0,597.0,0.0,0,441.15,0.0,1,6.63,0.66,SPY210820P00410000,410.0,0,0.0,0.0,,0.0,normalDay
2021-08-04,9792.0,597.0,0.0,0,438.98,0.0,1,6.63,0.66,SPY210820P00410000,410.0,0,0.0,0.0,,0.0,normalDay
2021-08-05,9792.0,616.0,0.0,0,441.76,0.0,1,6.63,0.47,SPY210820P00410000,410.0,0,0.0,0.0,,0.0,normalDay
2021-08-06,9792.0,636.0,0.0,0,442.49,0.0,1,6.63,0.27,SPY210820P00410000,410.0,0,0.0,0.0,,0.0,normalDay
2021-08-09,9792.0,640.0,0.0,0,442.13,0.0,1,6.63,0.23,SPY210820P00410000,410.0,0,0.0,0.0,,0.0,normalDay
2021-08-10,9792.0,639.0,0.0,0,442.68,0.0,1,6.63,0.24,SPY210820P00410000,410.0,0,0.0,0.0,,0.0,normalDay
2021-08-11,9792.0,650.0,0.0,0,443.78,0.0,1,6.63,0.13,SPY210820P00410000,410.0,0,0.0,0.0,,0.0,normalDay
2021-08-12,9792.0,652.0,0.0,0,445.11,0.0,1,6.63,0.11,SPY210820P00410000,410.0,0,0.0,0.0,,0.0,normalDay
2021-08-13,9792.0,654.0,0.0,0,445.92,0.0,1,6.63,0.09,SPY210820P00410000,410.0,0,0.0,0.0,,0.0,normalDay
2021-08-16,9792.0,657.0,0.0,0,446.97,0.0,1,6.63,0.06,SPY210820P00410000,410.0,0,0.0,0.0,,0.0,normalDay
2021-08-17,9792.0,656.0,0.0,0,444.04,0.0,1,6.63,0.07,SPY210820P00410000,410.0,0,0.0,0.0,,0.0,normalDay
2021-08-18,9792.0,645.0,0.0,0,439.18,0.0,1,6.63,0.18,SPY210820P00410000,410.0,0,0.0,0.0,,0.0,normalDay
2021-08-19,9792.0,658.0,0.0,0,439.86,0.0,1,6.63,0.05,SPY210820P00410000,410.0,0,0.0,0.0,,0.0,normalDay
2021-08-20,10455.0,0.0,663.0,0,443.36,0.0,1,6.63,0.0,SPY210820P00410000,410.0,0,0.0,0.0,,0.0,expirationDay
2021-08-23,10455.0,-4.0,0.0,0,447.26,0.0,1,5.25,5.29,SPY211015P00429000,429.0,0,0.0,0.0,,0.0,normalDay
2021-08-24,10455.0,12.0,0.0,0,447.97,0.0,1,5.25,5.13,SPY211015P00429000,429.0,0,0.0,0.0,,0.0,normalDay
2021-08-25,10455.0,60.0,0.0,0,448.91,0.0,1,5.25,4.65,SPY211015P00429000,429.0,0,0.0,0.0,,0.0,normalDay
2021-08-26,10455.0,-35.0,0.0,0,446.26,0.0,1,5.25,5.6,SPY211015P00429000,429.0,0,0.0,0.0,,0.0,normalDay
2021-08-27,10455.0,111.0,0.0,0,450.25,0.0,1,5.25,4.14,SPY211015P00429000,429.0,0,0.0,0.0,,0.0,normalDay
2021-08-30,10455.0,159.0,0.0,0,452.23,0.0,1,5.25,3.66,SPY211015P00429000,429.0,0,0.0,0.0,,0.0,normalDay
2021-08-31,10455.0,160.0,0.0,0,451.56,0.0,1,5.25,3.65,SPY211015P00429000,429.0,0,0.0,0.0,,0.0,normalDay
2021-09-01,10455.0,187.0,0.0,0,451.8,0.0,1,5.25,3.38,SPY211015P00429000,429.0,0,0.0,0.0,,0.0,normalDay
2021-09-02,10455.0,207.0,0.0,0,453.19,0.0,1,5.25,3.18,SPY211015P00429000,429.0,0,0.0,0.0,,0.0,normalDay
2021-09-03,10455.0,207.0,0.0,0,453.08,0.0,1,5.25,3.18,SPY211015P00429000,429.0,0,0.0,0.0,,0.0,normalDay
2021-09-07,10455.0,177.0,0.0,0,451.46,0.0,1,5.25,3.48,SPY211015P00429000,429.0,0,0.0,0.0,,0.0,normalDay
2021-09-08,10455.0,180.0,0.0,0,450.91,0.0,1,5.25,3.45,SPY211015P00429000,429.0,0,0.0,0.0,,0.0,normalDay
2021-09-09,10455.0,130.0,0.0,0,448.98,0.0,1,5.25,3.95,SPY211015P00429000,429.0,0,0.0,0.0,,0.0,normalDay
2021-09-10,10455.0,46.0,0.0,0,445.44,0.0,1,5.25,4.79,SPY211015P00429000,429.0,0,0.0,0.0,,0.0,normalDay
2021-09-13,10455.0,134.0,0.0,0,446.58,0.0,1,5.25,3.91,SPY211015P00429000,429.0,0,0.0,0.0,,0.0,normalDay
2021-09-14,10455.0,90.0,0.0,0,444.17,0.0,1,5.25,4.35,SPY211015P00429000,429.0,0,0.0,0.0,,0.0,normalDay
2021-09-15,10455.0,206.0,0.0,0,447.88,0.0,1,5.25,3.19,SPY211015P00429000,429.0,0,0.0,0.0,,0.0,normalDay
2021-09-16,10455.0,189.0,0.0,0,447.17,0.0,1,5.25,3.36,SPY211015P00429000,429.0,0,0.0,0.0,,0.0,normalDay
2021-09-17,10455.0,55.0,0.0,0,441.4,0.0,1,5.25,4.7,SPY211015P00429000,429.0,0,0.0,0.0,,0.0,normalDay
2021-09-20,10455.0,-234.0,0.0,0,434.04,0.0,1,5.25,7.59,SPY211015P00429000,429.0,0,0.0,0.0,,0.0,normalDay
2021-09-21,10455.0,-204.0,0.0,0,433.63,0.0,1,5.25,7.29,SPY211015P00429000,429.0,0,0.0,0.0,,0.0,normalDay
2021-09-22,10455.0,54.0,0.0,0,437.86,0.0,1,5.25,4.71,SPY211015P00429000,429.0,0,0.0,0.0,,0.0,normalDay
2021-09-23,10455.0,238.0,0.0,0,443.18,0.0,1,5.25,2.87,SPY211015P00429000,429.0,0,0.0,0.0,,0.0,normalDay
2021-09-24,10455.0,281.0,0.0,0,443.91,0.0,1,5.25,2.44,SPY211015P00429000,429.0,0,0.0,0.0,,0.0,normalDay
2021-09-27,10455.0,272.0,0.0,0,442.64,0.0,1,5.25,2.53,SPY211015P00429000,429.0,0,0.0,0.0,,0.0,normalDay
2021-09-28,10455.0,-33.0,0.0,0,433.72,0.0,1,5.25,5.58,SPY211015P00429000,429.0,0,0.0,0.0,,0.0,normalDay
2021-09-29,10455.0,23.0,0.0,0,434.45,0.0,1,5.25,5.02,SPY211015P00429000,429.0,0,0.0,0.0,,0.0,normalDay
2021-09-30,10455.0,-150.0,0.0,0,429.14,0.0,1,5.25,6.75,SPY211015P00429000,429.0,0,0.0,0.0,,0.0,normalDay
2021-10-01,10455.0,101.0,0.0,0,434.24,0.0,1,5.25,4.24,SPY211015P00429000,429.0,0,0.0,0.0,,0.0,normalDay
2021-10-04,10455.0,-96.0,0.0,0,428.64,0.0,1,5.25,6.21,SPY211015P00429000,429.0,0,0.0,0.0,,0.0,normalDay
2021-10-05,10455.0,142.0,0.0,0,433.1,0.0,1,5.25,3.83,SPY211015P00429000,429.0,0,0.0,0.0,,0.0,normalDay
2021-10-06,10455.0,219.0,0.0,0,434.9,0.0,1,5.25,3.06,SPY211015P00429000,429.0,0,0.0,0.0,,0.0,normalDay
2021-10-07,10455.0,360.0,0.0,0,438.66,0.0,1,5.25,1.65,SPY211015P00429000,429.0,0,0.0,0.0,,0.0,normalDay
2021-10-08,10455.0,380.0,0.0,0,437.86,0.0,1,5.25,1.45,SPY211015P00429000,429.0,0,0.0,0.0,,0.0,normalDay
2021-10-11,10455.0,340.0,0.0,0,434.69,0.0,1,5.25,1.85,SPY211015P00429000,429.0,0,0.0,0.0,,0.0,normalDay
2021-10-12,10455.0,350.0,0.0,0,433.62,0.0,1,5.25,1.75,SPY211015P00429000,429.0,0,0.0,0.0,,0.0,normalDay
2021-10-13,10455.0,467.0,0.0,0,435.18,0.0,1,5.25,0.58,SPY211015P00429000,429.0,0,0.0,0.0,,0.0,normalDay
2021-10-14,10455.0,518.0,0.0,0,442.5,0.0,1,5.25,0.07,SPY211015P00429000,429.0,0,0.0,0.0,,0.0,normalDay
2021-10-15,10980.0,0.0,525.0,0,445.87,0.0,1,5.25,0.0,SPY211015P00429000,429.0,0,0.0,0.0,,0.0,expirationDay
2021-10-18,10980.0,-5.0,0.0,0,447.19,0.0,1,4.93,4.98,SPY211231P00414000,414.0,0,0.0,0.0,,0.0,normalDay
2021-10-19,10980.0,64.0,0.0,0,450.64,0.0,1,4.93,4.29,SPY211231P00414000,414.0,0,0.0,0.0,,0.0,normalDay
2021-10-20,10980.0,84.0,0.0,0,452.41,0.0,1,4.93,4.09,SPY211231P00414000,414.0,0,0.0,0.0,,0.0,normalDay
2021-10-21,10980.0,117.0,0.0,0,453.59,0.0,1,4.93,3.76,SPY211231P00414000,414.0,0,0.0,0.0,,0.0,normalDay
2021-10-22,10980.0,89.0,0.0,0,453.12,0.0,1,4.93,4.04,SPY211231P00414000,414.0,0,0.0,0.0,,0.0,normalDay
2021-10-25,10980.0,143.0,0.0,0,455.55,0.0,1,4.93,3.5,SPY211231P00414000,414.0,0,0.0,0.0,,0.0,normalDay
2021-10-26,10980.0,142.0,0.0,0,455.96,0.0,1,4.93,3.51,SPY211231P00414000,414.0,0,0.0,0.0,,0.0,normalDay
2021-10-27,10980.0,93.0,0.0,0,453.94,0.0,1,4.93,4.0,SPY211231P00414000,414.0,0,0.0,0.0,,0.0,normalDay
2021-10-28,10980.0,158.0,0.0,0,458.32,0.0,1,4.93,3.35,SPY211231P00414000,414.0,0,0.0,0.0,,0.0,normalDay
2021-10-29,10980.0,176.0,0.0,0,459.25,0.0,1,4.93,3.17,SPY211231P00414000,414.0,0,0.0,0.0,,0.0,normalDay
2021-11-01,10980.0,200.0,0.0,0,460.04,0.0,1,4.93,2.93,SPY211231P00414000,414.0,0,0.0,0.0,,0.0,normalDay
2021-11-02,10980.0,228.0,0.0,0,461.9,0.0,1,4.93,2.65,SPY211231P00414000,414.0,0,0.0,0.0,,0.0,normalDay
2021-11-03,10980.0,276.0,0.0,0,464.72,0.0,1,4.93,2.17,SPY211231P00414000,414.0,0,0.0,0.0,,0.0,normalDay
2021-11-04,10980.0,292.0,0.0,0,466.91,0.0,1,4.93,2.01,SPY211231P00414000,414.0,0,0.0,0.0,,0.0,normalDay
2021-11-05,10980.0,288.0,0.0,0,468.53,0.0,1,4.93,2.05,SPY211231P00414000,414.0,0,0.0,0.0,,0.0,normalDay
2021-11-08,10980.0,288.0,0.0,0,468.93,0.0,1,4.93,2.05,SPY211231P00414000,414.0,0,0.0,0.0,,0.0,normalDay
2021-11-09,10980.0,276.0,0.0,0,467.38,0.0,1,4.93,2.17,SPY211231P00414000,414.0,0,0.0,0.0,,0.0,normalDay
2021-11-10,10980.0,245.0,0.0,0,463.62,0.0,1,4.93,2.48,SPY211231P00414000,414.0,0,0.0,0.0,,0.0,normalDay
2021-11-11,10980.0,283.0,0.0,0,463.77,0.0,1,4.93,2.1,SPY211231P00414000,414.0,0,0.0,0.0,,0.0,normalDay
2021-11-12,10980.0,323.0,0.0,0,467.27,0.0,1,4.93,1.7,SPY211231P00414000,414.0,0,0.0,0.0,,0.0,normalDay
2021-11-15,10980.0,332.0,0.0,0,467.43,0.0,1,4.93,1.61,SPY211231P00414000,414.0,0,0.0,0.0,,0.0,normalDay
2021-11-16,10980.0,348.0,0.0,0,469.28,0.0,1,4.93,1.45,SPY211231P00414000,414.0,0,0.0,0.0,,0.0,normalDay
2021-11-17,10980.0,335.0,0.0,0,468.14,0.0,1,4.93,1.58,SPY211231P00414000,414.0,0,0.0,0.0,,0.0,normalDay
2021-11-18,10980.0,340.0,0.0,0,469.73,0.0,1,4.93,1.53,SPY211231P00414000,414.0,0,0.0,0.0,,0.0,normalDay
2021-11-19,10980.0,335.0,0.0,0,468.89,0.0,1,4.93,1.58,SPY211231P00414000,414.0,0,0.0,0.0,,0.0,normalDay
2021-11-22,10980.0,327.0,0.0,0,467.57,0.0,1,4.93,1.66,SPY211231P00414000,414.0,0,0.0,0.0,,0.0,normalDay
2021-11-23,10980.0,342.0,0.0,0,468.19,0.0,1,4.93,1.51,SPY211231P00414000,414.0,0,0.0,0.0,,0.0,normalDay
2021-11-24,10980.0,364.0,0.0,0,469.44,0.0,1,4.93,1.29,SPY211231P00414000,414.0,0,0.0,0.0,,0.0,normalDay
2021-11-26,10980.0,72.0,0.0,0,458.97,0.0,1,4.93,4.21,SPY211231P00414000,414.0,0,0.0,0.0,,0.0,normalDay
2021-11-29,10980.0,301.0,0.0,0,464.6,0.0,1,4.93,1.92,SPY211231P00414000,414.0,0,0.0,0.0,,0.0,normalDay
2021-11-30,10980.0,185.0,0.0,0,455.56,0.0,1,4.93,3.08,SPY211231P00414000,414.0,0,0.0,0.0,,0.0,normalDay
2021-12-01,10980.0,19.0,0.0,0,450.5,0.0,1,4.93,4.74,SPY211231P00414000,414.0,0,0.0,0.0,,0.0,normalDay
2021-12-02,10980.0,185.0,0.0,0,457.4,0.0,1,4.93,3.08,SPY211231P00414000,414.0,0,0.0,0.0,,0.0,normalDay
2021-12-03,10980.0,99.0,0.0,0,453.42,0.0,1,4.93,3.94,SPY211231P00414000,414.0,0,0.0,0.0,,0.0,normalDay
2021-12-06,10980.0,252.0,0.0,0,458.79,0.0,1,4.93,2.41,SPY211231P00414000,414.0,0,0.0,0.0,,0.0,normalDay
2021-12-07,10980.0,387.0,0.0,0,468.28,0.0,1,4.93,1.06,SPY211231P00414000,414.0,0,0.0,0.0,,0.0,normalDay
2021-12-08,10980.0,426.0,0.0,0,469.52,0.0,1,4.93,0.67,SPY211231P00414000,414.0,0,0.0,0.0,,0.0,normalDay
2021-12-09,10980.0,402.0,0.0,0,466.35,0.0,1,4.93,0.91,SPY211231P00414000,414.0,0,0.0,0.0,,0.0,normalDay
2021-12-10,10980.0,443.0,0.0,0,470.74,0.0,1,4.93,0.5,SPY211231P00414000,414.0,0,0.0,0.0,,0.0,normalDay
2021-12-13,10980.0,442.0,0.0,0,466.57,0.0,1,4.93,0.51,SPY211231P00414000,414.0,0,0.0,0.0,,0.0,normalDay
2021-12-14,10980.0,431.0,0.0,0,463.36,0.0,1,4.93,0.62,SPY211231P00414000,414.0,0,0.0,0.0,,0.0,normalDay
2021-12-15,10980.0,461.0,0.0,0,470.6,0.0,1,4.93,0.32,SPY211231P00414000,414.0,0,0.0,0.0,,0.0,normalDay
2021-12-16,10980.0,451.0,0.0,0,466.45,0.0,1,4.93,0.42,SPY211231P00414000,414.0,0,0.0,0.0,,0.0,normalDay
2021-12-17,10980.0,451.0,0.0,0,459.87,0.0,1,4.93,0.42,SPY211231P00414000,414.0,0,0.0,0.0,,0.0,normalDay
2021-12-20,10980.0,453.0,0.0,0,454.98,0.0,1,4.93,0.4,SPY211231P00414000,414.0,0,0.0,0.0,,0.0,normalDay
2021-12-21,10980.0,472.0,0.0,0,463.06,0.0,1,4.93,0.21,SPY211231P00414000,414.0,0,0.0,0.0,,0.0,normalDay
2021-12-22,10980.0,485.0,0.0,0,467.69,0.0,1,4.93,0.08,SPY211231P00414000,414.0,0,0.0,0.0,,0.0,normalDay
2021-12-23,10980.0,487.0,0.0,0,470.6,0.0,1,4.93,0.06,SPY211231P00414000,414.0,0,0.0,0.0,,0.0,normalDay
2021-12-27,10980.0,491.0,0.0,0,477.26,0.0,1,4.93,0.02,SPY211231P00414000,414.0,0,0.0,0.0,,0.0,normalDay
2021-12-28,10980.0,492.0,0.0,0,476.87,0.0,1,4.93,0.01,SPY211231P00414000,414.0,0,0.0,0.0,,0.0,normalDay
2021-12-29,10980.0,492.0,0.0,0,477.48,0.0,1,4.93,0.01,SPY211231P00414000,414.0,0,0.0,0.0,,0.0,normalDay
2021-12-30,10980.0,492.0,0.0,0,476.16,0.0,1,4.93,0.01,SPY211231P00414000,414.0,0,0.0,0.0,,0.0,normalDay
2021-12-31,11473.0,0.0,493.0,0,474.96,0.0,1,4.93,0.0,SPY211231P00414000,414.0,0,0.0,0.0,,0.0,expirationDay
2022-01-03,11473.0,-5.0,0.0,0,477.71,0.0,1,6.21,6.26,SPY220331P00440000,440.0,0,0.0,0.0,,0.0,normalDay
2022-01-04,11473.0,-15.0,0.0,0,477.55,0.0,1,6.21,6.36,SPY220331P00440000,440.0,0,0.0,0.0,,0.0,normalDay
2022-01-05,11473.0,-246.0,0.0,0,468.38,0.0,1,6.21,8.67,SPY220331P00440000,440.0,0,0.0,0.0,,0.0,normalDay
2022-01-06,11473.0,-241.0,0.0,0,467.94,0.0,1,6.21,8.62,SPY220331P00440000,440.0,0,0.0,0.0,,0.0,normalDay
2022-01-07,11473.0,-216.0,0.0,0,466.09,0.0,1,6.21,8.37,SPY220331P00440000,440.0,0,0.0,0.0,,0.0,normalDay
2022-01-10,11473.0,-208.0,0.0,0,465.51,0.0,1,6.21,8.29,SPY220331P00440000,440.0,0,0.0,0.0,,0.0,normalDay
2022-01-11,11473.0,-87.0,0.0,0,469.75,0.0,1,6.21,7.08,SPY220331P00440000,440.0,0,0.0,0.0,,0.0,normalDay
2022-01-12,11473.0,-32.0,0.0,0,471.02,0.0,1,6.21,6.53,SPY220331P00440000,440.0,0,0.0,0.0,,0.0,normalDay
2022-01-13,11473.0,-249.0,0.0,0,464.53,0.0,1,6.21,8.7,SPY220331P00440000,440.0,0,0.0,0.0,,0.0,normalDay
2022-01-14,11473.0,-191.0,0.0,0,464.72,0.0,1,6.21,8.12,SPY220331P00440000,440.0,0,0.0,0.0,,0.0,normalDay
2022-01-18,11473.0,-486.0,0.0,0,456.49,0.0,1,6.21,11.07,SPY220331P00440000,440.0,0,0.0,0.0,,0.0,normalDay
2022-01-19,11473.0,-612.0,0.0,0,451.75,0.0,1,6.21,12.33,SPY220331P00440000,440.0,0,0.0,0.0,,0.0,normalDay
2022-01-20,11473.0,-851.0,0.0,0,446.75,0.0,1,6.21,14.72,SPY220331P00440000,440.0,0,0.0,0.0,,0.0,normalDay
2022-01-21,11473.0,-1298.0,0.0,0,437.98,0.0,1,6.21,19.19,SPY220331P00440000,440.0,0,0.0,0.0,,0.0,normalDay
2022-01-24,11473.0,-1260.0,0.0,0,439.84,0.0,1,6.21,18.81,SPY220331P00440000,440.0,0,0.0,0.0,,0.0,normalDay
2022-01-25,11473.0,-1585.0,0.0,0,434.47,0.0,1,6.21,22.06,SPY220331P00440000,440.0,0,0.0,0.0,,0.0,normalDay
2022-01-26,11473.0,-1529.0,0.0,0,433.38,0.0,1,6.21,21.5,SPY220331P00440000,440.0,0,0.0,0.0,,0.0,normalDay
2022-01-27,11473.0,-1567.0,0.0,0,431.24,0.0,1,6.21,21.88,SPY220331P00440000,440.0,0,0.0,0.0,,0.0,normalDay
2022-01-28,11473.0,-967.0,0.0,0,441.95,0.0,1,6.21,15.88,SPY220331P00440000,440.0,0,0.0,0.0,,0.0,normalDay
2022-01-31,11473.0,-595.0,0.0,0,449.91,0.0,1,6.21,12.16,SPY220331P00440000,440.0,0,0.0,0.0,,0.0,normalDay
2022-02-01,11473.0,-348.0,0.0,0,452.95,0.0,1,6.21,9.69,SPY220331P00440000,440.0,0,0.0,0.0,,0.0,normalDay
2022-02-02,11473.0,-285.0,0.0,0,457.35,0.0,1,6.21,9.06,SPY220331P00440000,440.0,0,0.0,0.0,,0.0,normalDay
2022-02-03,11473.0,-553.0,0.0,0,446.6,0.0,1,6.21,11.74,SPY220331P00440000,440.0,0,0.0,0.0,,0.0,normalDay
2022-02-04,11473.0,-573.0,0.0,0,448.7,0.0,1,6.21,11.94,SPY220331P00440000,440.0,0,0.0,0.0,,0.0,normalDay
2022-02-07,11473.0,-521.0,0.0,0,447.26,0.0,1,6.21,11.42,SPY220331P00440000,440.0,0,0.0,0.0,,0.0,normalDay
2022-02-08,11473.0,-322.0,0.0,0,450.94,0.0,1,6.21,9.43,SPY220331P00440000,440.0,0,0.0,0.0,,0.0,normalDay
2022-02-09,11473.0,-107.0,0.0,0,457.54,0.0,1,6.21,7.28,SPY220331P00440000,440.0,0,0.0,0.0,,0.0,normalDay
2022-02-10,11473.0,-469.0,0.0,0,449.32,0.0,1,6.21,10.9,SPY220331P00440000,440.0,0,0.0,0.0,,0.0,normalDay
2022-02-11,11473.0,-903.0,0.0,0,440.46,0.0,1,6.21,15.24,SPY220331P00440000,440.0,0,0.0,0.0,,0.0,normalDay
2022-02-14,11473.0,-917.0,0.0,0,439.02,0.0,1,6.21,15.38,SPY220331P00440000,440.0,0,0.0,0.0,,0.0,normalDay
2022-02-15,11473.0,-574.0,0.0,0,446.1,0.0,1,6.21,11.95,SPY220331P00440000,440.0,0,0.0,0.0,,0.0,normalDay
2022-02-16,11473.0,-450.0,0.0,0,446.6,0.0,1,6.21,10.71,SPY220331P00440000,440.0,0,0.0,0.0,,0.0,normalDay
2022-02-17,11473.0,-944.0,0.0,0,437.06,0.0,1,6.21,15.65,SPY220331P00440000,440.0,0,0.0,0.0,,0.0,normalDay
2022-02-18,11473.0,-1046.0,0.0,0,434.23,0.0,1,6.21,16.67,SPY220331P00440000,440.0,0,0.0,0.0,,0.0,normalDay
2022-02-22,11473.0,-1243.0,0.0,0,429.57,0.0,1,6.21,18.64,SPY220331P00440000,440.0,0,0.0,0.0,,0.0,normalDay
2022-02-23,11473.0,-1829.0,0.0,0,421.95,0.0,1,6.21,24.5,SPY220331P00440000,440.0,0,0.0,0.0,,0.0,normalDay
2022-02-24,11473.0,-1432.0,0.0,0,428.3,0.0,1,6.21,20.53,SPY220331P00440000,440.0,0,0.0,0.0,,0.0,normalDay
2022-02-25,11473.0,-763.0,0.0,0,437.75,0.0,1,6.21,13.84,SPY220331P00440000,440.0,0,0.0,0.0,,0.0,normalDay
2022-02-28,11473.0,-837.0,0.0,0,436.63,0.0,1,6.21,14.58,SPY220331P00440000,440.0,0,0.0,0.0,,0.0,normalDay
2022-03-01,11473.0,-1305.0,0.0,0,429.98,0.0,1,6.21,19.26,SPY220331P00440000,440.0,0,0.0,0.0,,0.0,normalDay
2022-03-02,11473.0,-824.0,0.0,0,437.89,0.0,1,6.21,14.45,SPY220331P00440000,440.0,0,0.0,0.0,,0.0,normalDay
2022-03-03,11473.0,-860.0,0.0,0,435.71,0.0,1,6.21,14.81,SPY220331P00440000,440.0,0,0.0,0.0,,0.0,normalDay
2022-03-04,11473.0,-1116.0,0.0,0,432.17,0.0,1,6.21,17.37,SPY220331P00440000,440.0,0,0.0,0.0,,0.0,normalDay
2022-03-07,11473.0,-2031.0,0.0,0,419.43,0.0,1,6.21,26.52,SPY220331P00440000,440.0,0,0.0,0.0,,0.0,normalDay
2022-03-08,11473.0,-2252.0,0.0,0,416.25,0.0,1,6.21,28.73,SPY220331P00440000,440.0,0,0.0,0.0,,0.0,normalDay
2022-03-09,11473.0,-1258.0,0.0,0,427.41,0.0,1,6.21,18.79,SPY220331P00440000,440.0,0,0.0,0.0,,0.0,normalDay
2022-03-10,11473.0,-1348.0,0.0,0,425.48,0.0,1,6.21,19.69,SPY220331P00440000,440.0,0,0.0,0.0,,0.0,normalDay
2022-03-11,11473.0,-1745.0,0.0,0,420.07,0.0,1,6.21,23.66,SPY220331P00440000,440.0,0,0.0,0.0,,0.0,normalDay
2022-03-14,11473.0,-1945.0,0.0,0,417.0,0.0,1,6.21,25.66,SPY220331P00440000,440.0,0,0.0,0.0,,0.0,normalDay
2022-03-15,11473.0,-1252.0,0.0,0,426.17,0.0,1,6.21,18.73,SPY220331P00440000,440.0,0,0.0,0.0,,0.0,normalDay
2022-03-16,11473.0,-512.0,0.0,0,435.62,0.0,1,6.21,11.33,SPY220331P00440000,440.0,0,0.0,0.0,,0.0,normalDay
2022-03-17,11473.0,-164.0,0.0,0,441.07,0.0,1,6.21,7.85,SPY220331P00440000,440.0,0,0.0,0.0,,0.0,normalDay
2022-03-18,11473.0,115.0,0.0,0,444.52,0.0,1,6.21,5.06,SPY220331P00440000,440.0,0,0.0,0.0,,0.0,normalDay
2022-03-21,11473.0,195.0,0.0,0,444.39,0.0,1,6.21,4.26,SPY220331P00440000,440.0,0,0.0,0.0,,0.0,normalDay
2022-03-22,11473.0,358.0,0.0,0,449.59,0.0,1,6.21,2.63,SPY220331P00440000,440.0,0,0.0,0.0,,0.0,normalDay
2022-03-23,11473.0,224.0,0.0,0,443.8,0.0,1,6.21,3.97,SPY220331P00440000,440.0,0,0.0,0.0,,0.0,normalDay
2022-03-24,11473.0,465.0,0.0,0,450.49,0.0,1,6.21,1.56,SPY220331P00440000,440.0,0,0.0,0.0,,0.0,normalDay
2022-03-25,11473.0,541.0,0.0,0,452.69,0.0,1,6.21,0.8,SPY220331P00440000,440.0,0,0.0,0.0,,0.0,normalDay
2022-03-28,11473.0,605.0,0.0,0,455.91,0.0,1,6.21,0.16,SPY220331P00440000,440.0,0,0.0,0.0,,0.0,normalDay
2022-03-29,11473.0,615.0,0.0,0,461.55,0.0,1,6.21,0.06,SPY220331P00440000,440.0,0,0.0,0.0,,0.0,normalDay
2022-03-30,11473.0,618.0,0.0,0,458.7,0.0,1,6.21,0.03,SPY220331P00440000,440.0,0,0.0,0.0,,0.0,normalDay
2022-03-31,12094.0,0.0,621.0,0,451.64,0.0,1,6.21,0.0,SPY220331P00440000,440.0,0,0.0,0.0,,0.0,expirationDay
2022-04-01,12094.0,-5.0,0.0,0,452.92,0.0,1,2.42,2.47,SPY220617P00375000,375.0,0,0.0,0.0,,0.0,normalDay
2022-04-04,12094.0,51.0,0.0,0,456.8,0.0,1,2.42,1.91,SPY220617P00375000,375.0,0,0.0,0.0,,0.0,normalDay
2022-04-05,12094.0,-12.0,0.0,0,451.03,0.0,1,2.42,2.54,SPY220617P00375000,375.0,0,0.0,0.0,,0.0,normalDay
2022-04-06,12094.0,-46.0,0.0,0,446.52,0.0,1,2.42,2.88,SPY220617P00375000,375.0,0,0.0,0.0,,0.0,normalDay
2022-04-07,12094.0,-16.0,0.0,0,448.77,0.0,1,2.42,2.58,SPY220617P00375000,375.0,0,0.0,0.0,,0.0,normalDay
2022-04-08,12094.0,-8.0,0.0,0,447.57,0.0,1,2.42,2.5,SPY220617P00375000,375.0,0,0.0,0.0,,0.0,normalDay
2022-04-11,12094.0,-84.0,0.0,0,439.92,0.0,1,2.42,3.26,SPY220617P00375000,375.0,0,0.0,0.0,,0.0,normalDay
2022-04-12,12094.0,-91.0,0.0,0,438.29,0.0,1,2.42,3.33,SPY220617P00375000,375.0,0,0.0,0.0,,0.0,normalDay
2022-04-13,12094.0,-5.0,0.0,0,443.31,0.0,1,2.42,2.47,SPY220617P00375000,375.0,0,0.0,0.0,,0.0,normalDay
2022-04-14,12094.0,-36.0,0.0,0,437.79,0.0,1,2.42,2.78,SPY220617P00375000,375.0,0,0.0,0.0,,0.0,normalDay
2022-04-18,12094.0,9.0,0.0,0,437.97,0.0,1,2.42,2.33,SPY220617P00375000,375.0,0,0.0,0.0,,0.0,normalDay
2022-04-19,12094.0,47.0,0.0,0,445.04,0.0,1,2.42,1.95,SPY220617P00375000,375.0,0,0.0,0.0,,0.0,normalDay
2022-04-20,12094.0,78.0,0.0,0,444.71,0.0,1,2.42,1.64,SPY220617P00375000,375.0,0,0.0,0.0,,0.0,normalDay
2022-04-21,12094.0,6.0,0.0,0,438.06,0.0,1,2.42,2.36,SPY220617P00375000,375.0,0,0.0,0.0,,0.0,normalDay
2022-04-22,12094.0,-187.0,0.0,0,426.04,0.0,1,2.42,4.29,SPY220617P00375000,375.0,0,0.0,0.0,,0.0,normalDay
2022-04-25,12094.0,-105.0,0.0,0,428.51,0.0,1,2.42,3.47,SPY220617P00375000,375.0,0,0.0,0.0,,0.0,normalDay
2022-04-26,12094.0,-385.0,0.0,0,416.1,0.0,1,2.42,6.27,SPY220617P00375000,375.0,0,0.0,0.0,,0.0,normalDay
2022-04-27,12094.0,-291.0,0.0,0,417.27,0.0,1,2.42,5.33,SPY220617P00375000,375.0,0,0.0,0.0,,0.0,normalDay
2022-04-28,12094.0,-172.0,0.0,0,427.81,0.0,1,2.42,4.14,SPY220617P00375000,375.0,0,0.0,0.0,,0.0,normalDay
2022-04-29,12094.0,-382.0,0.0,0,412.0,0.0,1,2.42,6.24,SPY220617P00375000,375.0,0,0.0,0.0,,0.0,normalDay
2022-05-02,12094.0,-299.0,0.0,0,414.48,0.0,1,2.42,5.41,SPY220617P00375000,375.0,0,0.0,0.0,,0.0,normalDay
2022-05-03,12094.0,-194.0,0.0,0,416.38,0.0,1,2.42,4.36,SPY220617P00375000,375.0,0,0.0,0.0,,0.0,normalDay
2022-05-04,12094.0,-17.0,0.0,0,429.06,0.0,1,2.42,2.59,SPY220617P00375000,375.0,0,0.0,0.0,,0.0,normalDay
2022-05-05,12094.0,-283.0,0.0,0,413.81,0.0,1,2.42,5.25,SPY220617P00375000,375.0,0,0.0,0.0,,0.0,normalDay
2022-05-06,12094.0,-288.0,0.0,0,411.34,0.0,1,2.42,5.3,SPY220617P00375000,375.0,0,0.0,0.0,,0.0,normalDay
2022-05-09,12094.0,-564.0,0.0,0,398.17,0.0,1,2.42,8.06,SPY220617P00375000,375.0,0,0.0,0.0,,0.0,normalDay
2022-05-10,12094.0,-492.0,0.0,0,399.09,0.0,1,2.42,7.34,SPY220617P00375000,375.0,0,0.0,0.0,,0.0,normalDay
2022-05-11,12094.0,-601.0,0.0,0,392.75,0.0,1,2.42,8.43,SPY220617P00375000,375.0,0,0.0,0.0,,0.0,normalDay
2022-05-12,12094.0,-599.0,0.0,0,392.34,0.0,1,2.42,8.41,SPY220617P00375000,375.0,0,0.0,0.0,,0.0,normalDay
2022-05-13,12094.0,-304.0,0.0,0,401.72,0.0,1,2.42,5.46,SPY220617P00375000,375.0,0,0.0,0.0,,0.0,normalDay
2022-05-16,12094.0,-245.0,0.0,0,400.09,0.0,1,2.42,4.87,SPY220617P00375000,375.0,0,0.0,0.0,,0.0,normalDay
2022-05-17,12094.0,-65.0,0.0,0,408.32,0.0,1,2.42,3.07,SPY220617P00375000,375.0,0,0.0,0.0,,0.0,normalDay
2022-05-18,12094.0,-499.0,0.0,0,391.86,0.0,1,2.42,7.41,SPY220617P00375000,375.0,0,0.0,0.0,,0.0,normalDay
2022-05-19,12094.0,-484.0,0.0,0,389.46,0.0,1,2.42,7.26,SPY220617P00375000,375.0,0,0.0,0.0,,0.0,normalDay
2022-05-20,12094.0,-466.0,0.0,0,389.63,0.0,1,2.42,7.08,SPY220617P00375000,375.0,0,0.0,0.0,,0.0,normalDay
2022-05-23,12094.0,-203.0,0.0,0,396.92,0.0,1,2.42,4.45,SPY220617P00375000,375.0,0,0.0,0.0,,0.0,normalDay
2022-05-24,12094.0,-270.0,0.0,0,393.89,0.0,1,2.42,5.12,SPY220617P00375000,375.0,0,0.0,0.0,,0.0,normalDay
2022-05-25,12094.0,-170.0,0.0,0,397.37,0.0,1,2.42,4.12,SPY220617P00375000,375.0,0,0.0,0.0,,0.0,normalDay
2022-05-26,12094.0,-6.0,0.0,0,405.31,0.0,1,2.42,2.48,SPY220617P00375000,375.0,0,0.0,0.0,,0.0,normalDay
2022-05-27,12094.0,120.0,0.0,0,415.26,0.0,1,2.42,1.22,SPY220617P00375000,375.0,0,0.0,0.0,,0.0,normalDay
2022-05-31,12094.0,126.0,0.0,0,412.93,0.0,1,2.42,1.16,SPY220617P00375000,375.0,0,0.0,0.0,,0.0,normalDay
2022-06-01,12094.0,137.0,0.0,0,409.59,0.0,1,2.42,1.05,SPY220617P00375000,375.0,0,0.0,0.0,,0.0,normalDay
2022-06-02,12094.0,189.0,0.0,0,417.39,0.0,1,2.42,0.53,SPY220617P00375000,375.0,0,0.0,0.0,,0.0,normalDay
2022-06-03,12094.0,173.0,0.0,0,410.54,0.0,1,2.42,0.69,SPY220617P00375000,375.0,0,0.0,0.0,,0.0,normalDay
2022-06-06,12094.0,198.0,0.0,0,411.79,0.0,1,2.42,0.44,SPY220617P00375000,375.0,0,0.0,0.0,,0.0,normalDay
2022-06-07,12094.0,217.0,0.0,0,415.74,0.0,1,2.42,0.25,SPY220617P00375000,375.0,0,0.0,0.0,,0.0,normalDay
2022-06-08,12094.0,219.0,0.0,0,411.22,0.0,1,2.42,0.23,SPY220617P00375000,375.0,0,0.0,0.0,,0.0,normalDay
2022-06-09,12094.0,175.0,0.0,0,401.44,0.0,1,2.42,0.67,SPY220617P00375000,375.0,0,0.0,0.0,,0.0,normalDay
2022-06-10,12094.0,50.0,0.0,0,389.8,0.0,1,2.42,1.92,SPY220617P00375000,375.0,0,0.0,0.0,,0.0,normalDay
2022-06-13,12094.0,-530.0,0.0,0,375.0,0.0,1,2.42,7.72,SPY220617P00375000,375.0,0,0.0,0.0,,0.0,normalDay
2022-06-14,12094.0,-534.0,0.0,0,373.87,0.0,1,2.42,7.76,SPY220617P00375000,375.0,0,0.0,0.0,,0.0,normalDay
2022-06-15,12094.0,-107.0,0.0,0,379.2,0.0,1,2.42,3.49,SPY220617P00375000,375.0,0,0.0,0.0,,0.0,normalDay
2022-06-16,12094.0,-731.0,0.0,0,366.65,0.0,1,2.42,9.73,SPY220617P00375000,375.0,0,0.0,0.0,,0.0,normalDay
2022-06-17,12336.0,-914.0,242.0,100,365.86,375.0,1,2.42,0.0,SPY220617P00375000,375.0,0,0.0,0.0,,0.0,expirationDay
2022-06-21,12336.0,7.0,0.0,100,375.07,375.0,0,0.0,0.0,,0.0,0,0.0,0.0,,0.0,bidTooLow
2022-06-22,12336.0,-61.0,0.0,100,374.39,375.0,0,0.0,0.0,,0.0,0,0.0,0.0,,0.0,bidTooLow
2022-06-23,12336.0,306.0,0.0,100,378.06,375.0,0,0.0,0.0,,0.0,0,0.0,0.0,,0.0,bidTooLow
2022-06-24,12336.0,1508.0,0.0,100,390.08,375.0,0,0.0,0.0,,0.0,0,0.0,0.0,,0.0,bidTooLow
2022-06-27,12336.0,1359.0,0.0,100,388.59,375.0,0,0.0,0.0,,0.0,0,0.0,0.0,,0.0,bidTooLow
2022-06-28,12336.0,565.0,0.0,100,380.65,375.0,0,0.0,0.0,,0.0,0,0.0,0.0,,0.0,bidTooLow
2022-06-29,12336.0,534.0,0.0,100,380.34,375.0,0,0.0,0.0,,0.0,0,0.0,0.0,,0.0,bidTooLow
2022-06-30,12336.0,225.0,0.0,100,377.25,375.0,0,0.0,0.0,,0.0,0,0.0,0.0,,0.0,bidTooLow
2022-07-01,12336.0,624.0,0.0,100,381.24,375.0,0,0.0,0.0,,0.0,0,0.0,0.0,,0.0,bidTooLow
2022-07-05,12336.0,696.0,0.0,100,381.96,375.0,0,0.0,0.0,,0.0,0,0.0,0.0,,0.0,bidTooLow
2022-07-06,12336.0,825.0,0.0,100,383.25,375.0,0,0.0,0.0,,0.0,0,0.0,0.0,,0.0,bidTooLow
2022-07-07,12336.0,1399.0,0.0,100,388.99,375.0,0,0.0,0.0,,0.0,0,0.0,0.0,,0.0,bidTooLow
2022-07-08,12336.0,1367.0,0.0,100,388.67,375.0,0,0.0,0.0,,0.0,0,0.0,0.0,,0.0,bidTooLow
2022-07-11,12336.0,920.0,0.0,100,384.23,375.0,0,0.0,0.0,,0.0,1,0.09,0.12,SPY220722C00412000,412.0,normalDay
2022-07-12,12336.0,585.0,0.0,100,380.83,375.0,0,0.0,0.0,,0.0,1,0.09,0.07,SPY220722C00412000,412.0,normalDay
2022-07-13,12336.0,388.0,0.0,100,378.83,375.0,0,0.0,0.0,,0.0,1,0.09,0.04,SPY220722C00412000,412.0,normalDay
2022-07-14,12336.0,298.0,0.0,100,377.91,375.0,0,0.0,0.0,,0.0,1,0.09,0.02,SPY220722C00412000,412.0,normalDay
2022-07-15,12336.0,1020.0,0.0,100,385.13,375.0,0,0.0,0.0,,0.0,1,0.09,0.02,SPY220722C00412000,412.0,normalDay
2022-07-18,12336.0,703.0,0.0,100,381.95,375.0,0,0.0,0.0,,0.0,1,0.09,0.01,SPY220722C00412000,412.0,normalDay
2022-07-19,12336.0,1733.0,0.0,100,392.27,375.0,0,0.0,0.0,,0.0,1,0.09,0.03,SPY220722C00412000,412.0,normalDay
2022-07-20,12336.0,1982.0,0.0,100,394.77,375.0,0,0.0,0.0,,0.0,1,0.09,0.04,SPY220722C00412000,412.0,normalDay
2022-07-21,12336.0,2387.0,0.0,100,398.79,375.0,0,0.0,0.0,,0.0,1,0.09,0.01,SPY220722C00412000,412.0,normalDay
2022-07-22,12345.0,2009.0,9.0,100,395.09,375.0,0,0.0,0.0,,0.0,1,0.09,0.0,SPY220722C00412000,412.0,expirationDay
2022-07-25,12345.0,2054.0,0.0,100,395.57,375.0,0,0.0,0.0,,0.0,1,0.38,0.41,SPY220805C00415000,415.0,normalDay
2022-07-26,12345.0,1607.0,0.0,100,390.89,375.0,0,0.0,0.0,,0.0,1,0.38,0.2,SPY220805C00415000,415.0,normalDay
2022-07-27,12345.0,2582.0,0.0,100,401.04,375.0,0,0.0,0.0,,0.0,1,0.38,0.6,SPY220805C00415000,415.0,normalDay
2022-07-28,12345.0,2993.0,0.0,100,406.07,375.0,0,0.0,0.0,,0.0,1,0.38,1.52,SPY220805C00415000,415.0,normalDay
2022-07-29,12345.0,3477.0,0.0,100,411.99,375.0,0,0.0,0.0,,0.0,1,0.38,2.6,SPY220805C00415000,415.0,normalDay
2022-08-01,12345.0,3427.0,0.0,100,410.77,375.0,0,0.0,0.0,,0.0,1,0.38,1.88,SPY220805C00415000,415.0,normalDay
2022-08-02,12345.0,3257.0,0.0,100,408.06,375.0,0,0.0,0.0,,0.0,1,0.38,0.87,SPY220805C00415000,415.0,normalDay
2022-08-03,12345.0,3769.0,0.0,100,414.45,375.0,0,0.0,0.0,,0.0,1,0.38,2.14,SPY220805C00415000,415.0,normalDay
2022-08-04,12345.0,3803.0,0.0,100,414.17,375.0,0,0.0,0.0,,0.0,1,0.38,1.52,SPY220805C00415000,415.0,normalDay
2022-08-05,12383.0,3847.0,38.0,100,413.47,375.0,0,0.0,0.0,,0.0,1,0.38,0.0,SPY220805C00415000,415.0,expirationDay
2022-08-08,12383.0,3799.0,0.0,100,412.99,375.0,0,0.0,0.0,,0.0,0,0.0,0.0,,0.0,bidTooLow
2022-08-09,12383.0,3635.0,0.0,100,411.35,375.0,0,0.0,0.0,,0.0,0,0.0,0.0,,0.0,bidTooLow
2022-08-10,12383.0,4499.0,0.0,100,419.99,375.0,0,0.0,0.0,,0.0,0,0.0,0.0,,0.0,bidTooLow
2022-08-11,12383.0,4499.0,0.0,100,419.99,375.0,0,0.0,0.0,,0.0,0,0.0,0.0,,0.0,bidTooLow
2022-08-12,12383.0,5210.0,0.0,100,427.1,375.0,0,0.0,0.0,,0.0,0,0.0,0.0,,0.0,bidTooLow
2022-08-15,12383.0,5383.0,0.0,100,428.86,375.0,0,0.0,0.0,,0.0,1,0.03,0.06,SPY220826C00458000,458.0,normalDay
2022-08-16,12383.0,5469.0,0.0,100,429.7,375.0,0,0.0,0.0,,0.0,1,0.03,0.04,SPY220826C00458000,458.0,normalDay
2022-08-17,12383.0,5165.0,0.0,100,426.65,375.0,0,0.0,0.0,,0.0,1,0.03,0.03,SPY220826C00458000,458.0,normalDay
2022-08-18,12383.0,5290.0,0.0,100,427.89,375.0,0,0.0,0.0,,0.0,1,0.03,0.02,SPY220826C00458000,458.0,normalDay
2022-08-19,12383.0,4716.0,0.0,100,422.14,375.0,0,0.0,0.0,,0.0,1,0.03,0.01,SPY220826C00458000,458.0,normalDay
2022-08-22,12383.0,3837.0,0.0,100,413.35,375.0,0,0.0,0.0,,0.0,1,0.03,0.01,SPY220826C00458000,458.0,normalDay
2022-08-23,12383.0,3737.0,0.0,100,412.35,375.0,0,0.0,0.0,,0.0,1,0.03,0.01,SPY220826C00458000,458.0,normalDay
2022-08-24,12383.0,3869.0,0.0,100,413.67,375.0,0,0.0,0.0,,0.0,1,0.03,0.01,SPY220826C00458000,458.0,normalDay
2022-08-25,12383.0,4453.0,0.0,100,419.51,375.0,0,0.0,0.0,,0.0,1,0.03,0.01,SPY220826C00458000,458.0,normalDay
2022-08-26,12386.0,3031.0,3.0,100,405.31,375.0,0,0.0,0.0,,0.0,1,0.03,0.0,SPY220826C00458000,458.0,expirationDay
2022-08-29,12386.0,2763.0,0.0,100,402.63,375.0,0,0.0,0.0,,0.0,0,0.0,0.0,,0.0,bidTooLow
2022-08-30,12386.0,2321.0,0.0,100,398.21,375.0,0,0.0,0.0,,0.0,0,0.0,0.0,,0.0,bidTooLow
2022-08-31,12386.0,2018.0,0.0,100,395.18,375.0,0,0.0,0.0,,0.0,0,0.0,0.0,,0.0,bidTooLow
2022-09-01,12386.0,2142.0,0.0,100,396.42,375.0,0,0.0,0.0,,0.0,0,0.0,0.0,,0.0,bidTooLow
2022-09-02,12386.0,1724.0,0.0,100,392.24,375.0,0,0.0,0.0,,0.0,0,0.0,0.0,,0.0,bidTooLow
2022-09-06,12386.0,1576.0,0.0,100,390.76,375.0,0,0.0,0.0,,0.0,0,0.0,0.0,,0.0,bidTooLow
2022-09-07,12386.0,2278.0,0.0,100,397.78,375.0,0,0.0,0.0,,0.0,0,0.0,0.0,,0.0,bidTooLow
2022-09-08,12386.0,2538.0,0.0,100,400.38,375.0,0,0.0,0.0,,0.0,0,0.0,0.0,,0.0,bidTooLow
2022-09-09,12386.0,3160.0,0.0,100,406.6,375.0,0,0.0,0.0,,0.0,0,0.0,0.0,,0.0,bidTooLow
2022-09-12,12386.0,3597.0,0.0,100,410.97,375.0,0,0.0,0.0,,0.0,0,0.0,0.0,,0.0,bidTooLow
2022-09-13,12386.0,1810.0,0.0,100,393.1,375.0,0,0.0,0.0,,0.0,0,0.0,0.0,,0.0,bidTooLow
2022-09-14,12386.0,1960.0,0.0,100,394.6,375.0,0,0.0,0.0,,0.0,0,0.0,0.0,,0.0,bidTooLow
2022-09-15,12386.0,1512.0,0.0,100,390.12,375.0,0,0.0,0.0,,0.0,0,0.0,0.0,,0.0,bidTooLow
2022-09-16,12386.0,1056.0,0.0,100,385.56,375.0,0,0.0,0.0,,0.0,0,0.0,0.0,,0.0,bidTooLow
2022-09-19,12386.0,1355.0,0.0,100,388.55,375.0,0,0.0,0.0,,0.0,0,0.0,0.0,,0.0,bidTooLow
2022-09-20,12386.0,909.0,0.0,100,384.09,375.0,0,0.0,0.0,,0.0,0,0.0,0.0,,0.0,bidTooLow
2022-09-21,12386.0,239.0,0.0,100,377.39,375.0,0,0.0,0.0,,0.0,0,0.0,0.0,,0.0,bidTooLow
2022-09-22,12386.0,-78.0,0.0,100,374.22,375.0,0,0.0,0.0,,0.0,0,0.0,0.0,,0.0,bidTooLow
2022-09-23,12386.0,-705.0,0.0,100,367.95,375.0,0,0.0,0.0,,0.0,0,0.0,0.0,,0.0,bidTooLow
2022-09-26,12386.0,-1069.0,0.0,100,364.31,375.0,0,0.0,0.0,,0.0,0,0.0,0.0,,0.0,bidTooLow
2022-09-27,12386.0,-1162.0,0.0,100,363.38,375.0,0,0.0,0.0,,0.0,0,0.0,0.0,,0.0,bidTooLow
2022-09-28,12386.0,-447.0,0.0,100,370.53,375.0,0,0.0,0.0,,0.0,0,0.0,0.0,,0.0,bidTooLow
2022-09-29,12386.0,-1221.0,0.0,100,362.79,375.0,0,0.0,0.0,,0.0,0,0.0,0.0,,0.0,bidTooLow
2022-09-30,12386.0,-1782.0,0.0,100,357.18,375.0,0,0.0,0.0,,0.0,0,0.0,0.0,,0.0,bidTooLow
2022-10-03,12386.0,-839.0,0.0,100,366.61,375.0,0,0.0,0.0,,0.0,0,0.0,0.0,,0.0,bidTooLow
2022-10-04,12386.0,297.0,0.0,100,377.97,375.0,0,0.0,0.0,,0.0,0,0.0,0.0,,0.0,bidTooLow
2022-10-05,12386.0,209.0,0.0,100,377.09,375.0,0,0.0,0.0,,0.0,0,0.0,0.0,,0.0,bidTooLow
2022-10-06,12386.0,-180.0,0.0,100,373.2,375.0,0,0.0,0.0,,0.0,0,0.0,0.0,,0.0,bidTooLow
2022-10-07,12386.0,-1221.0,0.0,100,362.79,375.0,0,0.0,0.0,,0.0,0,0.0,0.0,,0.0,bidTooLow
2022-10-10,12386.0,-1498.0,0.0,100,360.02,375.0,0,0.0,0.0,,0.0,0,0.0,0.0,,0.0,bidTooLow
2022-10-11,12386.0,-1726.0,0.0,100,357.74,375.0,0,0.0,0.0,,0.0,0,0.0,0.0,,0.0,bidTooLow
2022-10-12,12386.0,-1844.0,0.0,100,356.56,375.0,0,0.0,0.0,,0.0,0,0.0,0.0,,0.0,bidTooLow
2022-10-13,12386.0,-906.0,0.0,100,365.97,375.0,0,0.0,0.0,,0.0,1,0.04,0.07,SPY221024C00412000,412.0,normalDay
2022-10-14,12386.0,-1735.0,0.0,100,357.63,375.0,0,0.0,0.0,,0.0,1,0.04,0.02,SPY221024C00412000,412.0,normalDay
2022-10-17,12386.0,-817.0,0.0,100,366.82,375.0,0,0.0,0.0,,0.0,1,0.04,0.03,SPY221024C00412000,412.0,normalDay
2022-10-18,12386.0,-386.0,0.0,100,371.13,375.0,0,0.0,0.0,,0.0,1,0.04,0.03,SPY221024C00412000,412.0,normalDay
2022-10-19,12386.0,-648.0,0.0,100,368.5,375.0,0,0.0,0.0,,0.0,1,0.04,0.02,SPY221024C00412000,412.0,normalDay
2022-10-20,12386.0,-956.0,0.0,100,365.41,375.0,0,0.0,0.0,,0.0,1,0.04,0.01,SPY221024C00412000,412.0,normalDay
2022-10-21,12386.0,-68.0,0.0,100,374.29,375.0,0,0.0,0.0,,0.0,1,0.04,0.01,SPY221024C00412000,412.0,normalDay
2022-10-24,12390.0,387.0,4.0,100,378.87,375.0,0,0.0,0.0,,0.0,1,0.04,0.0,SPY221024C00412000,412.0,expirationDay
2022-10-25,12390.0,989.0,0.0,100,384.92,375.0,0,0.0,0.0,,0.0,1,1.16,1.19,SPY221104C00404000,404.0,normalDay
2022-10-26,12390.0,737.0,0.0,100,382.02,375.0,0,0.0,0.0,,0.0,1,1.16,0.81,SPY221104C00404000,404.0,normalDay
2022-10-27,12390.0,590.0,0.0,100,379.98,375.0,0,0.0,0.0,,0.0,1,1.16,0.24,SPY221104C00404000,404.0,normalDay
2022-10-28,12390.0,1410.0,0.0,100,389.02,375.0,0,0.0,0.0,,0.0,1,1.16,1.08,SPY221104C00404000,404.0,normalDay
2022-10-31,12390.0,1193.0,0.0,100,386.21,375.0,0,0.0,0.0,,0.0,1,1.16,0.44,SPY221104C00404000,404.0,normalDay
2022-11-01,12390.0,1042.0,0.0,100,384.52,375.0,0,0.0,0.0,,0.0,1,1.16,0.26,SPY221104C00404000,404.0,normalDay
2022-11-02,12390.0,100.0,0.0,100,374.87,375.0,0,0.0,0.0,,0.0,1,1.16,0.03,SPY221104C00404000,404.0,normalDay
2022-11-03,12390.0,-284.0,0.0,100,371.01,375.0,0,0.0,0.0,,0.0,1,1.16,0.01,SPY221104C00404000,404.0,normalDay
2022-11-04,12506.0,135.0,116.0,100,376.35,375.0,0,0.0,0.0,,0.0,1,1.16,0.0,SPY221104C00404000,404.0,expirationDay
2022-11-07,12506.0,492.0,0.0,100,379.95,375.0,0,0.0,0.0,,0.0,1,0.08,0.11,SPY221118C00416000,416.0,normalDay
2022-11-08,12506.0,696.0,0.0,100,382.0,375.0,0,0.0,0.0,,0.0,1,0.08,0.12,SPY221118C00416000,416.0,normalDay
2022-11-09,12506.0,-84.0,0.0,100,374.13,375.0,0,0.0,0.0,,0.0,1,0.08,0.05,SPY221118C00416000,416.0,normalDay
2022-11-10,12506.0,1936.0,0.0,100,394.69,375.0,0,0.0,0.0,,0.0,1,0.08,0.41,SPY221118C00416000,416.0,normalDay
2022-11-11,12506.0,2330.0,0.0,100,398.51,375.0,0,0.0,0.0,,0.0,1,0.08,0.29,SPY221118C00416000,416.0,normalDay
2022-11-14,12506.0,2012.0,0.0,100,395.12,375.0,0,0.0,0.0,,0.0,1,0.08,0.08,SPY221118C00416000,416.0,normalDay
2022-11-15,12506.0,2346.0,0.0,100,398.49,375.0,0,0.0,0.0,,0.0,1,0.08,0.11,SPY221118C00416000,416.0,normalDay
2022-11-16,12506.0,2050.0,0.0,100,395.45,375.0,0,0.0,0.0,,0.0,1,0.08,0.03,SPY221118C00416000,416.0,normalDay
2022-11-17,12506.0,1931.0,0.0,100,394.24,375.0,0,0.0,0.0,,0.0,1,0.08,0.01,SPY221118C00416000,416.0,normalDay
2022-11-18,12514.0,2103.0,8.0,100,396.03,375.0,0,0.0,0.0,,0.0,1,0.08,0.0,SPY221118C00416000,416.0,expirationDay
2022-11-21,12514.0,1956.0,0.0,100,394.59,375.0,0,0.0,0.0,,0.0,1,0.03,0.06,SPY221202C00426000,426.0,normalDay
2022-11-22,12514.0,2486.0,0.0,100,399.9,375.0,0,0.0,0.0,,0.0,1,0.03,0.07,SPY221202C00426000,426.0,normalDay
2022-11-23,12514.0,2742.0,0.0,100,402.42,375.0,0,0.0,0.0,,0.0,1,0.03,0.03,SPY221202C00426000,426.0,normalDay
2022-11-25,12514.0,2734.0,0.0,100,402.33,375.0,0,0.0,0.0,,0.0,1,0.03,0.02,SPY221202C00426000,426.0,normalDay
2022-11-28,12514.0,2093.0,0.0,100,395.91,375.0,0,0.0,0.0,,0.0,1,0.03,0.01,SPY221202C00426000,426.0,normalDay
2022-11-29,12514.0,2025.0,0.0,100,395.23,375.0,0,0.0,0.0,,0.0,1,0.03,0.01,SPY221202C00426000,426.0,normalDay
2022-11-30,12514.0,3268.0,0.0,100,407.68,375.0,0,0.0,0.0,,0.0,1,0.03,0.03,SPY221202C00426000,426.0,normalDay
2022-12-01,12514.0,3240.0,0.0,100,407.38,375.0,0,0.0,0.0,,0.0,1,0.03,0.01,SPY221202C00426000,426.0,normalDay
2022-12-02,12517.0,3191.0,3.0,100,406.91,375.0,0,0.0,0.0,,0.0,1,0.03,0.0,SPY221202C00426000,426.0,expirationDay
2022-12-05,12517.0,2456.0,0.0,100,399.59,375.0,0,0.0,0.0,,0.0,1,0.04,0.07,SPY221216C00434000,434.0,normalDay
2022-12-06,12517.0,1881.0,0.0,100,393.83,375.0,0,0.0,0.0,,0.0,1,0.04,0.06,SPY221216C00434000,434.0,normalDay
2022-12-07,12517.0,1816.0,0.0,100,393.16,375.0,0,0.0,0.0,,0.0,1,0.04,0.04,SPY221216C00434000,434.0,normalDay
2022-12-08,12517.0,2124.0,0.0,100,396.24,375.0,0,0.0,0.0,,0.0,1,0.04,0.04,SPY221216C00434000,434.0,normalDay
2022-12-09,12517.0,1829.0,0.0,100,393.28,375.0,0,0.0,0.0,,0.0,1,0.04,0.03,SPY221216C00434000,434.0,normalDay
2022-12-12,12517.0,2389.0,0.0,100,398.95,375.0,0,0.0,0.0,,0.0,1,0.04,0.1,SPY221216C00434000,434.0,normalDay
2022-12-13,12517.0,2699.0,0.0,100,401.97,375.0,0,0.0,0.0,,0.0,1,0.04,0.02,SPY221216C00434000,434.0,normalDay
2022-12-14,12517.0,2443.0,0.0,100,399.4,375.0,0,0.0,0.0,,0.0,1,0.04,0.01,SPY221216C00434000,434.0,normalDay
2022-12-15,12517.0,1466.0,0.0,100,389.63,375.0,0,0.0,0.0,,0.0,1,0.04,0.01,SPY221216C00434000,434.0,normalDay
2022-12-16,12521.0,827.0,4.0,100,383.27,375.0,0,0.0,0.0,,0.0,1,0.04,0.0,SPY221216C00434000,434.0,expirationDay
2022-12-19,12521.0,502.0,0.0,100,380.02,375.0,0,0.0,0.0,,0.0,0,0.0,0.0,,0.0,bidTooLow
2022-12-20,12521.0,554.0,0.0,100,380.54,375.0,0,0.0,0.0,,0.0,0,0.0,0.0,,0.0,bidTooLow
2022-12-21,12521.0,1123.0,0.0,100,386.23,375.0,0,0.0,0.0,,0.0,0,0.0,0.0,,0.0,bidTooLow
2022-12-22,12521.0,572.0,0.0,100,380.72,375.0,0,0.0,0.0,,0.0,0,0.0,0.0,,0.0,bidTooLow
2022-12-23,12521.0,791.0,0.0,100,382.91,375.0,0,0.0,0.0,,0.0,0,0.0,0.0,,0.0,bidTooLow
2022-12-27,12521.0,640.0,0.0,100,381.4,375.0,0,0.0,0.0,,0.0,0,0.0,0.0,,0.0,bidTooLow
2022-12-28,12521.0,166.0,0.0,100,376.66,375.0,0,0.0,0.0,,0.0,0,0.0,0.0,,0.0,bidTooLow
2022-12-29,12521.0,844.0,0.0,100,383.44,375.0,0,0.0,0.0,,0.0,0,0.0,0.0,,0.0,bidTooLow
2022-12-30,12521.0,743.0,0.0,100,382.43,375.0,0,0.0,0.0,,0.0,0,0.0,0.0,,0.0,bidTooLow
2023-01-03,12521.0,582.0,0.0,100,380.82,375.0,0,0.0,0.0,,0.0,0,0.0,0.0,,0.0,bidTooLow
2023-01-04,12521.0,876.0,0.0,100,383.76,375.0,0,0.0,0.0,,0.0,0,0.0,0.0,,0.0,bidTooLow
2023-01-05,12521.0,438.0,0.0,100,379.38,375.0,0,0.0,0.0,,0.0,0,0.0,0.0,,0.0,bidTooLow
2023-01-06,12521.0,1308.0,0.0,100,388.08,375.0,0,0.0,0.0,,0.0,0,0.0,0.0,,0.0,bidTooLow
2023-01-09,12521.0,1283.0,0.0,100,387.86,375.0,0,0.0,0.0,,0.0,1,0.07,0.1,SPY230120C00418000,418.0,normalDay
2023-01-10,12521.0,1556.0,0.0,100,390.58,375.0,0,0.0,0.0,,0.0,1,0.07,0.09,SPY230120C00418000,418.0,normalDay
2023-01-11,12521.0,2036.0,0.0,100,395.52,375.0,0,0.0,0.0,,0.0,1,0.07,0.23,SPY230120C00418000,418.0,normalDay
2023-01-12,12521.0,2197.0,0.0,100,396.96,375.0,0,0.0,0.0,,0.0,1,0.07,0.06,SPY230120C00418000,418.0,normalDay
2023-01-13,12521.0,2354.0,0.0,100,398.5,375.0,0,0.0,0.0,,0.0,1,0.07,0.03,SPY230120C00418000,418.0,normalDay
2023-01-17,12521.0,2282.0,0.0,100,397.77,375.0,0,0.0,0.0,,0.0,1,0.07,0.02,SPY230120C00418000,418.0,normalDay
2023-01-18,12521.0,1655.0,0.0,100,391.49,375.0,0,0.0,0.0,,0.0,1,0.07,0.01,SPY230120C00418000,418.0,normalDay
2023-01-19,12521.0,1370.0,0.0,100,388.64,375.0,0,0.0,0.0,,0.0,1,0.07,0.01,SPY230120C00418000,418.0,normalDay
2023-01-20,12528.0,2088.0,7.0,100,395.88,375.0,0,0.0,0.0,,0.0,1,0.07,0.0,SPY230120C00418000,418.0,expirationDay
2023-01-23,12528.0,2560.0,0.0,100,400.63,375.0,0,0.0,0.0,,0.0,1,0.28,0.31,SPY230203C00421000,421.0,normalDay
2023-01-24,12528.0,2515.0,0.0,100,400.2,375.0,0,0.0,0.0,,0.0,1,0.28,0.33,SPY230203C00421000,421.0,normalDay
2023-01-25,12528.0,2541.0,0.0,100,400.35,375.0,0,0.0,0.0,,0.0,1,0.28,0.22,SPY230203C00421000,421.0,normalDay
2023-01-26,12528.0,2965.0,0.0,100,404.75,375.0,0,0.0,0.0,,0.0,1,0.28,0.38,SPY230203C00421000,421.0,normalDay
2023-01-27,12528.0,3065.0,0.0,100,405.68,375.0,0,0.0,0.0,,0.0,1,0.28,0.31,SPY230203C00421000,421.0,normalDay
2023-01-30,12528.0,2575.0,0.0,100,400.59,375.0,0,0.0,0.0,,0.0,1,0.28,0.12,SPY230203C00421000,421.0,normalDay
2023-01-31,12528.0,3153.0,0.0,100,406.48,375.0,0,0.0,0.0,,0.0,1,0.28,0.23,SPY230203C00421000,421.0,normalDay
2023-02-01,12528.0,3575.0,0.0,100,410.8,375.0,0,0.0,0.0,,0.0,1,0.28,0.33,SPY230203C00421000,421.0,normalDay
2023-02-02,12528.0,4144.0,0.0,100,416.78,375.0,0,0.0,0.0,,0.0,1,0.28,0.62,SPY230203C00421000,421.0,normalDay
2023-02-03,12556.0,3735.0,28.0,100,412.35,375.0,0,0.0,0.0,,0.0,1,0.28,0.0,SPY230203C00421000,421.0,expirationDay
2023-02-06,12556.0,3480.0,0.0,100,409.83,375.0,0,0.0,0.0,,0.0,1,0.09,0.12,SPY230217C00436000,436.0,normalDay
2023-02-07,12556.0,4008.0,0.0,100,415.19,375.0,0,0.0,0.0,,0.0,1,0.09,0.2,SPY230217C00436000,436.0,normalDay
2023-02-08,12556.0,3567.0,0.0,100,410.65,375.0,0,0.0,0.0,,0.0,1,0.09,0.07,SPY230217C00436000,436.0,normalDay
2023-02-09,12556.0,3214.0,0.0,100,407.09,375.0,0,0.0,0.0,,0.0,1,0.09,0.04,SPY230217C00436000,436.0,normalDay
2023-02-10,12556.0,3310.0,0.0,100,408.04,375.0,0,0.0,0.0,,0.0,1,0.09,0.03,SPY230217C00436000,436.0,normalDay
2023-02-13,12556.0,3787.0,0.0,100,412.83,375.0,0,0.0,0.0,,0.0,1,0.09,0.05,SPY230217C00436000,436.0,normalDay
2023-02-14,12556.0,3772.0,0.0,100,412.64,375.0,0,0.0,0.0,,0.0,1,0.09,0.01,SPY230217C00436000,436.0,normalDay
2023-02-15,12556.0,3906.0,0.0,100,413.98,375.0,0,0.0,0.0,,0.0,1,0.09,0.01,SPY230217C00436000,436.0,normalDay
2023-02-16,12556.0,3336.0,0.0,100,408.28,375.0,0,0.0,0.0,,0.0,1,0.09,0.01,SPY230217C00436000,436.0,normalDay
2023-02-17,12565.0,3226.0,9.0,100,407.26,375.0,0,0.0,0.0,,0.0,1,0.09,0.0,SPY230217C00436000,436.0,expirationDay
2023-02-21,12565.0,2409.0,0.0,100,399.09,375.0,0,0.0,0.0,,0.0,0,0.0,0.0,,0.0,bidTooLow
2023-02-22,12565.0,2354.0,0.0,100,398.54,375.0,0,0.0,0.0,,0.0,0,0.0,0.0,,0.0,bidTooLow
2023-02-23,12565.0,2566.0,0.0,100,400.66,375.0,0,0.0,0.0,,0.0,0,0.0,0.0,,0.0,bidTooLow
2023-02-24,12565.0,2138.0,0.0,100,396.38,375.0,0,0.0,0.0,,0.0,0,0.0,0.0,,0.0,bidTooLow
2023-02-27,12565.0,2273.0,0.0,100,397.73,375.0,0,0.0,0.0,,0.0,0,0.0,0.0,,0.0,bidTooLow
2023-02-28,12565.0,2126.0,0.0,100,396.26,375.0,0,0.0,0.0,,0.0,0,0.0,0.0,,0.0,bidTooLow
2023-03-01,12565.0,1974.0,0.0,100,394.74,375.0,0,0.0,0.0,,0.0,0,0.0,0.0,,0.0,bidTooLow
2023-03-02,12565.0,2281.0,0.0,100,397.81,375.0,0,0.0,0.0,,0.0,0,0.0,0.0,,0.0,bidTooLow
2023-03-03,12565.0,2919.0,0.0,100,404.19,375.0,0,0.0,0.0,,0.0,0,0.0,0.0,,0.0,bidTooLow
2023-03-06,12565.0,2944.0,0.0,100,404.47,375.0,0,0.0,0.0,,0.0,1,0.01,0.04,SPY230317C00434000,434.0,normalDay
2023-03-07,12565.0,2326.0,0.0,100,398.27,375.0,0,0.0,0.0,,0.0,1,0.01,0.02,SPY230317C00434000,434.0,normalDay
2023-03-08,12565.0,2391.0,0.0,100,398.92,375.0,0,0.0,0.0,,0.0,1,0.01,0.02,SPY230317C00434000,434.0,normalDay
2023-03-09,12565.0,1655.0,0.0,100,391.56,375.0,0,0.0,0.0,,0.0,1,0.01,0.02,SPY230317C00434000,434.0,normalDay
2023-03-10,12565.0,1091.0,0.0,100,385.91,375.0,0,0.0,0.0,,0.0,1,0.01,0.01,SPY230317C00434000,434.0,normalDay
2023-03-13,12565.0,1036.0,0.0,100,385.36,375.0,0,0.0,0.0,,0.0,1,0.01,0.01,SPY230317C00434000,434.0,normalDay
2023-03-14,12565.0,1673.0,0.0,100,391.73,375.0,0,0.0,0.0,,0.0,1,0.01,0.01,SPY230317C00434000,434.0,normalDay
2023-03-15,12565.0,1428.0,0.0,100,389.28,375.0,0,0.0,0.0,,0.0,1,0.01,0.01,SPY230317C00434000,434.0,normalDay
2023-03-16,12565.0,2111.0,0.0,100,396.11,375.0,0,0.0,0.0,,0.0,1,0.01,0.01,SPY230317C00434000,434.0,normalDay
2023-03-17,12566.0,1499.0,1.0,100,389.99,375.0,0,0.0,0.0,,0.0,1,0.01,0.0,SPY230317C00434000,434.0,expirationDay
2023-03-20,12566.0,1871.0,0.0,100,393.74,375.0,0,0.0,0.0,,0.0,1,0.09,0.12,SPY230331C00419000,419.0,normalDay
2023-03-21,12566.0,2372.0,0.0,100,398.91,375.0,0,0.0,0.0,,0.0,1,0.09,0.28,SPY230331C00419000,419.0,normalDay
2023-03-22,12566.0,1716.0,0.0,100,392.11,375.0,0,0.0,0.0,,0.0,1,0.09,0.04,SPY230331C00419000,419.0,normalDay
2023-03-23,12566.0,1822.0,0.0,100,393.17,375.0,0,0.0,0.0,,0.0,1,0.09,0.04,SPY230331C00419000,419.0,normalDay
2023-03-24,12566.0,2081.0,0.0,100,395.75,375.0,0,0.0,0.0,,0.0,1,0.09,0.03,SPY230331C00419000,419.0,normalDay
2023-03-27,12566.0,2156.0,0.0,100,396.49,375.0,0,0.0,0.0,,0.0,1,0.09,0.02,SPY230331C00419000,419.0,normalDay
2023-03-28,12566.0,2068.0,0.0,100,395.6,375.0,0,0.0,0.0,,0.0,1,0.09,0.01,SPY230331C00419000,419.0,normalDay
2023-03-29,12566.0,2643.0,0.0,100,401.35,375.0,0,0.0,0.0,,0.0,1,0.09,0.01,SPY230331C00419000,419.0,normalDay
2023-03-30,12566.0,2878.0,0.0,100,403.7,375.0,0,0.0,0.0,,0.0,1,0.09,0.01,SPY230331C00419000,419.0,normalDay
2023-03-31,12575.0,3439.0,9.0,100,409.39,375.0,0,0.0,0.0,,0.0,1,0.09,0.0,SPY230331C00419000,419.0,expirationDay
2023-04-03,12575.0,3592.0,0.0,100,410.95,375.0,0,0.0,0.0,,0.0,1,0.39,0.42,SPY230414C00426000,426.0,normalDay
2023-04-04,12575.0,3386.0,0.0,100,408.67,375.0,0,0.0,0.0,,0.0,1,0.39,0.2,SPY230414C00426000,426.0,normalDay
2023-04-05,12575.0,3289.0,0.0,100,407.6,375.0,0,0.0,0.0,,0.0,1,0.39,0.1,SPY230414C00426000,426.0,normalDay
2023-04-06,12575.0,3451.0,0.0,100,409.19,375.0,0,0.0,0.0,,0.0,1,0.39,0.07,SPY230414C00426000,426.0,normalDay
2023-04-10,12575.0,3497.0,0.0,100,409.61,375.0,0,0.0,0.0,,0.0,1,0.39,0.03,SPY230414C00426000,426.0,normalDay
2023-04-11,12575.0,3508.0,0.0,100,409.72,375.0,0,0.0,0.0,,0.0,1,0.39,0.03,SPY230414C00426000,426.0,normalDay
2023-04-12,12575.0,3343.0,0.0,100,408.05,375.0,0,0.0,0.0,,0.0,1,0.39,0.01,SPY230414C00426000,426.0,normalDay
2023-04-13,12575.0,3885.0,0.0,100,413.47,375.0,0,0.0,0.0,,0.0,1,0.39,0.01,SPY230414C00426000,426.0,normalDay
2023-04-14,12614.0,3746.0,39.0,100,412.46,375.0,0,0.0,0.0,,0.0,1,0.39,0.0,SPY230414C00426000,426.0,expirationDay
2023-04-17,12614.0,3891.0,0.0,100,413.94,375.0,0,0.0,0.0,,0.0,1,0.01,0.04,SPY230428C00437000,437.0,normalDay
2023-04-18,12614.0,3919.0,0.0,100,414.21,375.0,0,0.0,0.0,,0.0,1,0.01,0.03,SPY230428C00437000,437.0,normalDay
2023-04-19,12614.0,3913.0,0.0,100,414.14,375.0,0,0.0,0.0,,0.0,1,0.01,0.02,SPY230428C00437000,437.0,normalDay
2023-04-20,12614.0,3688.0,0.0,100,411.88,375.0,0,0.0,0.0,,0.0,1,0.01,0.01,SPY230428C00437000,437.0,normalDay
2023-04-21,12614.0,3720.0,0.0,100,412.2,375.0,0,0.0,0.0,,0.0,1,0.01,0.01,SPY230428C00437000,437.0,normalDay
2023-04-24,12614.0,3763.0,0.0,100,412.63,375.0,0,0.0,0.0,,0.0,1,0.01,0.01,SPY230428C00437000,437.0,normalDay
2023-04-25,12614.0,3108.0,0.0,100,406.08,375.0,0,0.0,0.0,,0.0,1,0.01,0.01,SPY230428C00437000,437.0,normalDay
2023-04-26,12614.0,2936.0,0.0,100,404.36,375.0,0,0.0,0.0,,0.0,1,0.01,0.01,SPY230428C00437000,437.0,normalDay
2023-04-27,12614.0,3741.0,0.0,100,412.41,375.0,0,0.0,0.0,,0.0,1,0.01,0.01,SPY230428C00437000,437.0,normalDay
2023-04-28,12615.0,4093.0,1.0,100,415.93,375.0,0,0.0,0.0,,0.0,1,0.01,0.0,SPY230428C00437000,437.0,expirationDay
2023-05-01,12615.0,4048.0,0.0,100,415.51,375.0,0,0.0,0.0,,0.0,1,0.77,0.8,SPY230512C00425000,425.0,normalDay
2023-05-02,12615.0,3631.0,0.0,100,410.84,375.0,0,0.0,0.0,,0.0,1,0.77,0.3,SPY230512C00425000,425.0,normalDay
2023-05-03,12615.0,3363.0,0.0,100,408.02,375.0,0,0.0,0.0,,0.0,1,0.77,0.16,SPY230512C00425000,425.0,normalDay
2023-05-04,12615.0,3084.0,0.0,100,405.13,375.0,0,0.0,0.0,,0.0,1,0.77,0.06,SPY230512C00425000,425.0,normalDay
2023-05-05,12615.0,3832.0,0.0,100,412.63,375.0,0,0.0,0.0,,0.0,1,0.77,0.08,SPY230512C00425000,425.0,normalDay
2023-05-08,12615.0,3847.0,0.0,100,412.74,375.0,0,0.0,0.0,,0.0,1,0.77,0.04,SPY230512C00425000,425.0,normalDay
2023-05-09,12615.0,3667.0,0.0,100,410.93,375.0,0,0.0,0.0,,0.0,1,0.77,0.03,SPY230512C00425000,425.0,normalDay
2023-05-10,12615.0,3860.0,0.0,100,412.85,375.0,0,0.0,0.0,,0.0,1,0.77,0.02,SPY230512C00425000,425.0,normalDay
2023-05-11,12615.0,3789.0,0.0,100,412.13,375.0,0,0.0,0.0,,0.0,1,0.77,0.01,SPY230512C00425000,425.0,normalDay
2023-05-12,12692.0,3659.0,77.0,100,411.59,375.0,0,0.0,0.0,,0.0,1,0.77,0.0,SPY230512C00425000,425.0,expirationDay
2023-05-15,12692.0,3798.0,0.0,100,413.01,375.0,0,0.0,0.0,,0.0,1,0.12,0.15,SPY230526C00426000,426.0,normalDay
2023-05-16,12692.0,3527.0,0.0,100,410.25,375.0,0,0.0,0.0,,0.0,1,0.12,0.1,SPY230526C00426000,426.0,normalDay
2023-05-17,12692.0,4008.0,0.0,100,415.23,375.0,0,0.0,0.0,,0.0,1,0.12,0.27,SPY230526C00426000,426.0,normalDay
2023-05-18,12692.0,4368.0,0.0,100,419.23,375.0,0,0.0,0.0,,0.0,1,0.12,0.67,SPY230526C00426000,426.0,normalDay
2023-05-19,12692.0,4325.0,0.0,100,418.62,375.0,0,0.0,0.0,,0.0,1,0.12,0.49,SPY230526C00426000,426.0,normalDay
2023-05-22,12692.0,4359.0,0.0,100,418.79,375.0,0,0.0,0.0,,0.0,1,0.12,0.32,SPY230526C00426000,426.0,normalDay
2023-05-23,12692.0,3917.0,0.0,100,414.09,375.0,0,0.0,0.0,,0.0,1,0.12,0.04,SPY230526C00426000,426.0,normalDay
2023-05-24,12692.0,3619.0,0.0,100,411.09,375.0,0,0.0,0.0,,0.0,1,0.12,0.02,SPY230526C00426000,426.0,normalDay
2023-05-25,12692.0,3975.0,0.0,100,414.65,375.0,0,0.0,0.0,,0.0,1,0.12,0.02,SPY230526C00426000,426.0,normalDay
2023-05-26,12704.0,4502.0,12.0,100,420.02,375.0,0,0.0,0.0,,0.0,1,0.12,0.0,SPY230526C00426000,426.0,expirationDay
2023-05-30,12704.0,4515.0,0.0,100,420.18,375.0,0,0.0,0.0,,0.0,1,0.38,0.41,SPY230609C00432000,432.0,normalDay
2023-05-31,12704.0,4311.0,0.0,100,417.85,375.0,0,0.0,0.0,,0.0,1,0.38,0.12,SPY230609C00432000,432.0,normalDay
2023-06-01,12704.0,4699.0,0.0,100,421.82,375.0,0,0.0,0.0,,0.0,1,0.38,0.21,SPY230609C00432000,432.0,normalDay
2023-06-02,12704.0,5230.0,0.0,100,427.92,375.0,0,0.0,0.0,,0.0,1,0.38,1.0,SPY230609C00432000,432.0,normalDay
2023-06-05,12704.0,5193.0,0.0,100,427.1,375.0,0,0.0,0.0,,0.0,1,0.38,0.55,SPY230609C00432000,432.0,normalDay
2023-06-06,12704.0,5285.0,0.0,100,428.03,375.0,0,0.0,0.0,,0.0,1,0.38,0.56,SPY230609C00432000,432.0,normalDay
2023-06-07,12704.0,5179.0,0.0,100,426.55,375.0,0,0.0,0.0,,0.0,1,0.38,0.14,SPY230609C00432000,432.0,normalDay
2023-06-08,12704.0,5431.0,0.0,100,429.13,375.0,0,0.0,0.0,,0.0,1,0.38,0.2,SPY230609C00432000,432.0,normalDay
2023-06-09,12742.0,5490.0,38.0,100,429.9,375.0,0,0.0,0.0,,0.0,1,0.38,0.0,SPY230609C00432000,432.0,expirationDay
2023-06-12,12742.0,5877.0,0.0,100,433.8,375.0,0,0.0,0.0,,0.0,1,0.08,0.11,SPY230623C00451000,451.0,normalDay
2023-06-13,12742.0,6156.0,0.0,100,436.66,375.0,0,0.0,0.0,,0.0,1,0.08,0.18,SPY230623C00451000,451.0,normalDay
2023-06-14,12742.0,6213.0,0.0,100,437.18,375.0,0,0.0,0.0,,0.0,1,0.08,0.13,SPY230623C00451000,451.0,normalDay
2023-06-15,12742.0,6732.0,0.0,100,442.6,375.0,0,0.0,0.0,,0.0,1,0.08,0.36,SPY230623C00451000,451.0,normalDay
2023-06-16,12742.0,6445.0,0.0,100,439.46,375.0,0,0.0,0.0,,0.0,1,0.08,0.09,SPY230623C00451000,451.0,normalDay
2023-06-20,12742.0,6223.0,0.0,100,437.18,375.0,0,0.0,0.0,,0.0,1,0.08,0.03,SPY230623C00451000,451.0,normalDay
2023-06-21,12742.0,6001.0,0.0,100,434.94,375.0,0,0.0,0.0,,0.0,1,0.08,0.01,SPY230623C00451000,451.0,normalDay
2023-06-22,12742.0,6158.0,0.0,100,436.51,375.0,0,0.0,0.0,,0.0,1,0.08,0.01,SPY230623C00451000,451.0,normalDay
2023-06-23,12750.0,5821.0,8.0,100,433.21,375.0,0,0.0,0.0,,0.0,1,0.08,0.0,SPY230623C00451000,451.0,expirationDay
2023-06-26,12750.0,5644.0,0.0,100,431.44,375.0,0,0.0,0.0,,0.0,0,0.0,0.0,,0.0,bidTooLow
2023-06-27,12750.0,6117.0,0.0,100,436.17,375.0,0,0.0,0.0,,0.0,0,0.0,0.0,,0.0,bidTooLow
2023-06-28,12750.0,6139.0,0.0,100,436.39,375.0,0,0.0,0.0,,0.0,0,0.0,0.0,,0.0,bidTooLow
2023-06-29,12750.0,6308.0,0.0,100,438.11,375.0,0,0.0,0.0,,0.0,1,0.01,0.04,SPY230710C00456000,456.0,normalDay
2023-06-30,12750.0,6821.0,0.0,100,443.28,375.0,0,0.0,0.0,,0.0,1,0.01,0.08,SPY230710C00456000,456.0,normalDay
2023-07-03,12750.0,6876.0,0.0,100,443.79,375.0,0,0.0,0.0,,0.0,1,0.01,0.04,SPY230710C00456000,456.0,normalDay
2023-07-05,12750.0,6812.0,0.0,100,443.13,375.0,0,0.0,0.0,,0.0,1,0.01,0.02,SPY230710C00456000,456.0,normalDay
2023-07-06,12750.0,6466.0,0.0,100,439.66,375.0,0,0.0,0.0,,0.0,1,0.01,0.01,SPY230710C00456000,456.0,normalDay
2023-07-07,12750.0,6355.0,0.0,100,438.55,375.0,0,0.0,0.0,,0.0,1,0.01,0.01,SPY230710C00456000,456.0,normalDay
2023-07-10,12751.0,6466.0,1.0,100,439.66,375.0,0,0.0,0.0,,0.0,1,0.01,0.0,SPY230710C00456000,456.0,expirationDay
2023-07-11,12751.0,6743.0,0.0,100,442.46,375.0,0,0.0,0.0,,0.0,1,0.36,0.39,SPY230721C00454000,454.0,normalDay
2023-07-12,12751.0,7081.0,0.0,100,446.02,375.0,0,0.0,0.0,,0.0,1,0.36,0.57,SPY230721C00454000,454.0,normalDay
2023-07-13,12751.0,7380.0,0.0,100,449.56,375.0,0,0.0,0.0,,0.0,1,0.36,1.12,SPY230721C00454000,454.0,normalDay
2023-07-14,12751.0,7394.0,0.0,100,449.28,375.0,0,0.0,0.0,,0.0,1,0.36,0.7,SPY230721C00454000,454.0,normalDay
2023-07-17,12751.0,7537.0,0.0,100,450.84,375.0,0,0.0,0.0,,0.0,1,0.36,0.83,SPY230721C00454000,454.0,normalDay
2023-07-18,12751.0,7756.0,0.0,100,454.19,375.0,0,0.0,0.0,,0.0,1,0.36,1.99,SPY230721C00454000,454.0,normalDay
2023-07-19,12751.0,7821.0,0.0,100,455.2,375.0,0,0.0,0.0,,0.0,1,0.36,2.35,SPY230721C00454000,454.0,normalDay
2023-07-20,12751.0,7701.0,0.0,100,452.18,375.0,0,0.0,0.0,,0.0,1,0.36,0.53,SPY230721C00454000,454.0,normalDay
2023-07-21,12787.0,7718.0,36.0,100,452.18,375.0,0,0.0,0.0,,0.0,1,0.36,0.0,SPY230721C00454000,454.0,expirationDay
2023-07-24,12787.0,7917.0,0.0,100,454.2,375.0,0,0.0,0.0,,0.0,1,0.02,0.05,SPY230804C00476000,476.0,normalDay
2023-07-25,12787.0,8041.0,0.0,100,455.44,375.0,0,0.0,0.0,,0.0,1,0.02,0.05,SPY230804C00476000,476.0,normalDay
2023-07-26,12787.0,8050.0,0.0,100,455.51,375.0,0,0.0,0.0,,0.0,1,0.02,0.03,SPY230804C00476000,476.0,normalDay
2023-07-27,12787.0,7749.0,0.0,100,452.49,375.0,0,0.0,0.0,,0.0,1,0.02,0.02,SPY230804C00476000,476.0,normalDay
2023-07-28,12787.0,8192.0,0.0,100,456.92,375.0,0,0.0,0.0,,0.0,1,0.02,0.02,SPY230804C00476000,476.0,normalDay
2023-07-31,12787.0,8279.0,0.0,100,457.79,375.0,0,0.0,0.0,,0.0,1,0.02,0.02,SPY230804C00476000,476.0,normalDay
2023-08-01,12787.0,8149.0,0.0,100,456.48,375.0,0,0.0,0.0,,0.0,1,0.02,0.01,SPY230804C00476000,476.0,normalDay
2023-08-02,12787.0,7514.0,0.0,100,450.13,375.0,0,0.0,0.0,,0.0,1,0.02,0.01,SPY230804C00476000,476.0,normalDay
2023-08-03,12787.0,7385.0,0.0,100,448.84,375.0,0,0.0,0.0,,0.0,1,0.02,0.01,SPY230804C00476000,476.0,normalDay
2023-08-04,12789.0,7181.0,2.0,100,446.81,375.0,0,0.0,0.0,,0.0,1,0.02,0.0,SPY230804C00476000,476.0,expirationDay
2023-08-07,12789.0,7568.0,0.0,100,450.71,375.0,0,0.0,0.0,,0.0,1,0.03,0.06,SPY230818C00469000,469.0,normalDay
2023-08-08,12789.0,7373.0,0.0,100,448.75,375.0,0,0.0,0.0,,0.0,1,0.03,0.05,SPY230818C00469000,469.0,normalDay
2023-08-09,12789.0,7075.0,0.0,100,445.75,375.0,0,0.0,0.0,,0.0,1,0.03,0.03,SPY230818C00469000,469.0,normalDay
2023-08-10,12789.0,7092.0,0.0,100,445.91,375.0,0,0.0,0.0,,0.0,1,0.03,0.02,SPY230818C00469000,469.0,normalDay
2023-08-11,12789.0,7066.0,0.0,100,445.65,375.0,0,0.0,0.0,,0.0,1,0.03,0.02,SPY230818C00469000,469.0,normalDay
2023-08-14,12789.0,7313.0,0.0,100,448.11,375.0,0,0.0,0.0,,0.0,1,0.03,0.01,SPY230818C00469000,469.0,normalDay
2023-08-15,12789.0,6791.0,0.0,100,442.89,375.0,0,0.0,0.0,,0.0,1,0.03,0.01,SPY230818C00469000,469.0,normalDay
2023-08-16,12789.0,6466.0,0.0,100,439.64,375.0,0,0.0,0.0,,0.0,1,0.03,0.01,SPY230818C00469000,469.0,normalDay
2023-08-17,12789.0,6131.0,0.0,100,436.29,375.0,0,0.0,0.0,,0.0,1,0.03,0.01,SPY230818C00469000,469.0,normalDay
2023-08-18,12792.0,6150.0,3.0,100,436.5,375.0,0,0.0,0.0,,0.0,1,0.03,0.0,SPY230818C00469000,469.0,expirationDay
2023-08-21,12792.0,6434.0,0.0,100,439.34,375.0,0,0.0,0.0,,0.0,0,0.0,0.0,,0.0,bidTooLow
2023-08-22,12792.0,6315.0,0.0,100,438.15,375.0,0,0.0,0.0,,0.0,0,0.0,0.0,,0.0,bidTooLow
2023-08-23,12792.0,6803.0,0.0,100,443.03,375.0,0,0.0,0.0,,0.0,0,0.0,0.0,,0.0,bidTooLow
2023-08-24,12792.0,6189.0,0.0,100,436.89,375.0,0,0.0,0.0,,0.0,0,0.0,0.0,,0.0,bidTooLow
2023-08-25,12792.0,6497.0,0.0,100,439.97,375.0,0,0.0,0.0,,0.0,0,0.0,0.0,,0.0,bidTooLow
2023-08-28,12792.0,6776.0,0.0,100,442.76,375.0,0,0.0,0.0,,0.0,0,0.0,0.0,,0.0,bidTooLow
2023-08-29,12792.0,7413.0,0.0,100,449.16,375.0,0,0.0,0.0,,0.0,1,0.1,0.13,SPY230908C00465000,465.0,normalDay
2023-08-30,12792.0,7600.0,0.0,100,451.01,375.0,0,0.0,0.0,,0.0,1,0.1,0.11,SPY230908C00465000,465.0,normalDay
2023-08-31,12792.0,7539.0,0.0,100,450.35,375.0,0,0.0,0.0,,0.0,1,0.1,0.06,SPY230908C00465000,465.0,normalDay
2023-09-01,12792.0,7627.0,0.0,100,451.19,375.0,0,0.0,0.0,,0.0,1,0.1,0.02,SPY230908C00465000,465.0,normalDay
2023-09-05,12792.0,7432.0,0.0,100,449.24,375.0,0,0.0,0.0,,0.0,1,0.1,0.02,SPY230908C00465000,465.0,normalDay
2023-09-06,12792.0,7131.0,0.0,100,446.22,375.0,0,0.0,0.0,,0.0,1,0.1,0.01,SPY230908C00465000,465.0,normalDay
2023-09-07,12792.0,6994.0,0.0,100,444.85,375.0,0,0.0,0.0,,0.0,1,0.1,0.01,SPY230908C00465000,465.0,normalDay
2023-09-08,12802.0,7052.0,10.0,100,445.52,375.0,0,0.0,0.0,,0.0,1,0.1,0.0,SPY230908C00465000,465.0,expirationDay
2023-09-11,12802.0,7342.0,0.0,100,448.45,375.0,0,0.0,0.0,,0.0,1,0.02,0.05,SPY230922C00467000,467.0,normalDay
2023-09-12,12802.0,7098.0,0.0,100,445.99,375.0,0,0.0,0.0,,0.0,1,0.02,0.03,SPY230922C00467000,467.0,normalDay
2023-09-13,12802.0,7151.0,0.0,100,446.51,375.0,0,0.0,0.0,,0.0,1,0.02,0.02,SPY230922C00467000,467.0,normalDay
2023-09-14,12802.0,7536.0,0.0,100,450.36,375.0,0,0.0,0.0,,0.0,1,0.02,0.02,SPY230922C00467000,467.0,normalDay
2023-09-15,12802.0,6838.0,0.0,100,443.37,375.0,0,0.0,0.0,,0.0,1,0.02,0.01,SPY230922C00467000,467.0,normalDay
2023-09-18,12802.0,6864.0,0.0,100,443.63,375.0,0,0.0,0.0,,0.0,1,0.02,0.01,SPY230922C00467000,467.0,normalDay
2023-09-19,12802.0,6772.0,0.0,100,442.71,375.0,0,0.0,0.0,,0.0,1,0.02,0.01,SPY230922C00467000,467.0,normalDay
2023-09-20,12802.0,6365.0,0.0,100,438.64,375.0,0,0.0,0.0,,0.0,1,0.02,0.01,SPY230922C00467000,467.0,normalDay
2023-09-21,12802.0,5640.0,0.0,100,431.39,375.0,0,0.0,0.0,,0.0,1,0.02,0.01,SPY230922C00467000,467.0,normalDay
2023-09-22,12804.0,5542.0,2.0,100,430.42,375.0,0,0.0,0.0,,0.0,1,0.02,0.0,SPY230922C00467000,467.0,expirationDay
2023-09-25,12804.0,5723.0,0.0,100,432.23,375.0,0,0.0,0.0,,0.0,0,0.0,0.0,,0.0,bidTooLow
2023-09-26,12804.0,5088.0,0.0,100,425.88,375.0,0,0.0,0.0,,0.0,0,0.0,0.0,,0.0,bidTooLow
2023-09-27,12804.0,5105.0,0.0,100,426.05,375.0,0,0.0,0.0,,0.0,0,0.0,0.0,,0.0,bidTooLow
2023-09-28,12804.0,5352.0,0.0,100,428.52,375.0,0,0.0,0.0,,0.0,0,0.0,0.0,,0.0,bidTooLow
2023-09-29,12804.0,5248.0,0.0,100,427.48,375.0,0,0.0,0.0,,0.0,0,0.0,0.0,,0.0,bidTooLow
2023-10-02,12804.0,5231.0,0.0,100,427.31,375.0,0,0.0,0.0,,0.0,0,0.0,0.0,,0.0,bidTooLow
2023-10-03,12804.0,4659.0,0.0,100,421.59,375.0,0,0.0,0.0,,0.0,0,0.0,0.0,,0.0,bidTooLow
2023-10-04,12804.0,4966.0,0.0,100,424.66,375.0,0,0.0,0.0,,0.0,0,0.0,0.0,,0.0,bidTooLow
2023-10-05,12804.0,4950.0,0.0,100,424.5,375.0,0,0.0,0.0,,0.0,0,0.0,0.0,,0.0,bidTooLow
2023-10-06,12804.0,5454.0,0.0,100,429.54,375.0,0,0.0,0.0,,0.0,0,0.0,0.0,,0.0,bidTooLow
2023-10-09,12804.0,5729.0,0.0,100,432.29,375.0,0,0.0,0.0,,0.0,0,0.0,0.0,,0.0,bidTooLow
2023-10-10,12804.0,5954.0,0.0,100,434.54,375.0,0,0.0,0.0,,0.0,0,0.0,0.0,,0.0,bidTooLow
2023-10-11,12804.0,6132.0,0.0,100,436.32,375.0,0,0.0,0.0,,0.0,0,0.0,0.0,,0.0,bidTooLow
2023-10-12,12804.0,5866.0,0.0,100,433.66,375.0,0,0.0,0.0,,0.0,0,0.0,0.0,,0.0,bidTooLow
2023-10-13,12804.0,5650.0,0.0,100,431.5,375.0,0,0.0,0.0,,0.0,0,0.0,0.0,,0.0,bidTooLow
2023-10-16,12804.0,6101.0,0.0,100,436.04,375.0,0,0.0,0.0,,0.0,1,0.1,0.13,SPY231027C00454000,454.0,normalDay
2023-10-17,12804.0,6102.0,0.0,100,436.02,375.0,0,0.0,0.0,,0.0,1,0.1,0.1,SPY231027C00454000,454.0,normalDay
2023-10-18,12804.0,5526.0,0.0,100,430.21,375.0,0,0.0,0.0,,0.0,1,0.1,0.05,SPY231027C00454000,454.0,normalDay
2023-10-19,12804.0,5150.0,0.0,100,426.43,375.0,0,0.0,0.0,,0.0,1,0.1,0.03,SPY231027C00454000,454.0,normalDay
2023-10-20,12804.0,4627.0,0.0,100,421.19,375.0,0,0.0,0.0,,0.0,1,0.1,0.02,SPY231027C00454000,454.0,normalDay
2023-10-23,12804.0,4555.0,0.0,100,420.46,375.0,0,0.0,0.0,,0.0,1,0.1,0.01,SPY231027C00454000,454.0,normalDay
2023-10-24,12804.0,4872.0,0.0,100,423.63,375.0,0,0.0,0.0,,0.0,1,0.1,0.01,SPY231027C00454000,454.0,normalDay
2023-10-25,12804.0,4264.0,0.0,100,417.55,375.0,0,0.0,0.0,,0.0,1,0.1,0.01,SPY231027C00454000,454.0,normalDay
2023-10-26,12804.0,3764.0,0.0,100,412.55,375.0,0,0.0,0.0,,0.0,1,0.1,0.01,SPY231027C00454000,454.0,normalDay
2023-10-27,12814.0,3568.0,10.0,100,410.68,375.0,0,0.0,0.0,,0.0,1,0.1,0.0,SPY231027C00454000,454.0,expirationDay
2023-10-30,12814.0,4059.0,0.0,100,415.59,375.0,0,0.0,0.0,,0.0,0,0.0,0.0,,0.0,bidTooLow
2023-10-31,12814.0,4320.0,0.0,100,418.2,375.0,0,0.0,0.0,,0.0,0,0.0,0.0,,0.0,bidTooLow
2023-11-01,12814.0,4766.0,0.0,100,422.66,375.0,0,0.0,0.0,,0.0,0,0.0,0.0,,0.0,bidTooLow
2023-11-02,12814.0,5576.0,0.0,100,430.76,375.0,0,0.0,0.0,,0.0,0,0.0,0.0,,0.0,bidTooLow
2023-11-03,12814.0,5969.0,0.0,100,434.69,375.0,0,0.0,0.0,,0.0,0,0.0,0.0,,0.0,bidTooLow
2023-11-06,12814.0,6069.0,0.0,100,435.69,375.0,0,0.0,0.0,,0.0,0,0.0,0.0,,0.0,bidTooLow
2023-11-07,12814.0,6193.0,0.0,100,436.93,375.0,0,0.0,0.0,,0.0,0,0.0,0.0,,0.0,bidTooLow
2023-11-08,12814.0,6225.0,0.0,100,437.25,375.0,0,0.0,0.0,,0.0,0,0.0,0.0,,0.0,bidTooLow
2023-11-09,12814.0,5884.0,0.0,100,433.84,375.0,0,0.0,0.0,,0.0,0,0.0,0.0,,0.0,bidTooLow
2023-11-10,12814.0,6561.0,0.0,100,440.61,375.0,0,0.0,0.0,,0.0,0,0.0,0.0,,0.0,bidTooLow
2023-11-13,12814.0,6519.0,0.0,100,440.19,375.0,0,0.0,0.0,,0.0,0,0.0,0.0,,0.0,bidTooLow
2023-11-14,12814.0,7373.0,0.0,100,448.73,375.0,0,0.0,0.0,,0.0,0,0.0,0.0,,0.0,bidTooLow
2023-11-15,12814.0,7468.0,0.0,100,449.68,375.0,0,0.0,0.0,,0.0,0,0.0,0.0,,0.0,bidTooLow
2023-11-16,12814.0,7523.0,0.0,100,450.23,375.0,0,0.0,0.0,,0.0,0,0.0,0.0,,0.0,bidTooLow
2023-11-17,12814.0,7579.0,0.0,100,450.79,375.0,0,0.0,0.0,,0.0,0,0.0,0.0,,0.0,bidTooLow
2023-11-20,12814.0,7926.0,0.0,100,454.26,375.0,0,0.0,0.0,,0.0,0,0.0,0.0,,0.0,bidTooLow
2023-11-21,12814.0,7827.0,0.0,100,453.27,375.0,0,0.0,0.0,,0.0,0,0.0,0.0,,0.0,bidTooLow
2023-11-22,12814.0,8002.0,0.0,100,455.02,375.0,0,0.0,0.0,,0.0,0,0.0,0.0,,0.0,bidTooLow
2023-11-24,12814.0,8030.0,0.0,100,455.3,375.0,0,0.0,0.0,,0.0,0,0.0,0.0,,0.0,bidTooLow
2023-11-27,12814.0,7948.0,0.0,100,454.48,375.0,0,0.0,0.0,,0.0,0,0.0,0.0,,0.0,bidTooLow
2023-11-28,12814.0,7993.0,0.0,100,454.93,375.0,0,0.0,0.0,,0.0,0,0.0,0.0,,0.0,bidTooLow
2023-11-29,12814.0,7961.0,0.0,100,454.61,375.0,0,0.0,0.0,,0.0,0,0.0,0.0,,0.0,bidTooLow
2023-11-30,12814.0,8140.0,0.0,100,456.4,375.0,0,0.0,0.0,,0.0,0,0.0,0.0,,0.0,bidTooLow
