date,totalCapital,unrializedPnL,rializedPnL,stocksOwned,stocksPriceToday,stocksPriceBoughtAt,putOwned,putOwnedSoldAt,putPriceToday,putOwnedContract,putOwnedStrike,callOwned,callOwnedSoldAt,callPriceToday,callOwnedContract,callOwnedStrike,trackType
2018-11-01,0.0,-37.0,0.0,0,273.51,0.0,1,9.46,9.83,SPY190930P00249000,249.0,0,0.0,0.0,,0.0,normalDay
2018-11-02,0.0,-69.0,0.0,0,271.89,0.0,1,9.46,10.15,SPY190930P00249000,249.0,0,0.0,0.0,,0.0,normalDay
2018-11-05,0.0,-18.0,0.0,0,273.39,0.0,1,9.46,9.64,SPY190930P00249000,249.0,0,0.0,0.0,,0.0,normalDay
2018-11-06,0.0,45.0,0.0,0,275.12,0.0,1,9.46,9.01,SPY190930P00249000,249.0,0,0.0,0.0,,0.0,normalDay
2018-11-07,0.0,207.0,0.0,0,281.01,0.0,1,9.46,7.39,SPY190930P00249000,249.0,0,0.0,0.0,,0.0,normalDay
2018-11-08,0.0,211.0,0.0,0,280.5,0.0,1,9.46,7.35,SPY190930P00249000,249.0,0,0.0,0.0,,0.0,normalDay
2018-11-09,0.0,125.0,0.0,0,277.76,0.0,1,9.46,8.21,SPY190930P00249000,249.0,0,0.0,0.0,,0.0,normalDay
2018-11-12,0.0,-17.0,0.0,0,272.57,0.0,1,9.46,9.63,SPY190930P00249000,249.0,0,0.0,0.0,,0.0,normalDay
2018-11-13,0.0,-49.0,0.0,0,272.06,0.0,1,9.46,9.95,SPY190930P00249000,249.0,0,0.0,0.0,,0.0,normalDay
2018-11-14,0.0,-136.0,0.0,0,270.2,0.0,1,9.46,10.82,SPY190930P00249000,249.0,0,0.0,0.0,,0.0,normalDay
2018-11-15,0.0,-47.0,0.0,0,273.02,0.0,1,9.46,9.93,SPY190930P00249000,249.0,0,0.0,0.0,,0.0,normalDay
2018-11-16,0.0,14.0,0.0,0,273.73,0.0,1,9.46,9.32,SPY190930P00249000,249.0,0,0.0,0.0,,0.0,normalDay
2018-11-19,0.0,-130.0,0.0,0,269.1,0.0,1,9.46,10.76,SPY190930P00249000,249.0,0,0.0,0.0,,0.0,normalDay
2018-11-20,0.0,-325.0,0.0,0,264.12,0.0,1,9.46,12.71,SPY190930P00249000,249.0,0,0.0,0.0,,0.0,normalDay
2018-11-21,0.0,-270.0,0.0,0,265.02,0.0,1,9.46,12.16,SPY190930P00249000,249.0,0,0.0,0.0,,0.0,normalDay
2018-11-23,0.0,-375.0,0.0,0,263.25,0.0,1,9.46,13.21,SPY190930P00249000,249.0,0,0.0,0.0,,0.0,normalDay
2018-11-26,0.0,-123.0,0.0,0,267.5,0.0,1,9.46,10.69,SPY190930P00249000,249.0,0,0.0,0.0,,0.0,normalDay
2018-11-27,0.0,-127.0,0.0,0,268.4,0.0,1,9.46,10.73,SPY190930P00249000,249.0,0,0.0,0.0,,0.0,normalDay
2018-11-28,0.0,33.0,0.0,0,274.58,0.0,1,9.46,9.13,SPY190930P00249000,249.0,0,0.0,0.0,,0.0,normalDay
2018-11-29,0.0,21.0,0.0,0,273.98,0.0,1,9.46,9.25,SPY190930P00249000,249.0,0,0.0,0.0,,0.0,normalDay
2018-11-30,0.0,81.0,0.0,0,275.65,0.0,1,9.46,8.65,SPY190930P00249000,249.0,0,0.0,0.0,,0.0,normalDay
2018-12-03,0.0,187.0,0.0,0,279.3,0.0,1,9.46,7.59,SPY190930P00249000,249.0,0,0.0,0.0,,0.0,normalDay
2018-12-04,0.0,-76.0,0.0,0,270.25,0.0,1,9.46,10.22,SPY190930P00249000,249.0,0,0.0,0.0,,0.0,normalDay
2018-12-06,0.0,-90.0,0.0,0,269.84,0.0,1,9.46,10.36,SPY190930P00249000,249.0,0,0.0,0.0,,0.0,normalDay
2018-12-07,0.0,-319.0,0.0,0,263.57,0.0,1,9.46,12.65,SPY190930P00249000,249.0,0,0.0,0.0,,0.0,normalDay
2018-12-10,0.0,-271.0,0.0,0,264.07,0.0,1,9.46,12.17,SPY190930P00249000,249.0,0,0.0,0.0,,0.0,normalDay
2018-12-11,0.0,-268.0,0.0,0,264.13,0.0,1,9.46,12.14,SPY190930P00249000,249.0,0,0.0,0.0,,0.0,normalDay
2018-12-12,0.0,-247.0,0.0,0,265.46,0.0,1,9.46,11.93,SPY190930P00249000,249.0,0,0.0,0.0,,0.0,normalDay
2018-12-13,0.0,-234.0,0.0,0,265.37,0.0,1,9.46,11.8,SPY190930P00249000,249.0,0,0.0,0.0,,0.0,normalDay
2018-12-14,0.0,-394.0,0.0,0,260.47,0.0,1,9.46,13.4,SPY190930P00249000,249.0,0,0.0,0.0,,0.0,normalDay
2018-12-17,0.0,-605.0,0.0,0,255.36,0.0,1,9.46,15.51,SPY190930P00249000,249.0,0,0.0,0.0,,0.0,normalDay
2018-12-18,0.0,-628.0,0.0,0,255.08,0.0,1,9.46,15.74,SPY190930P00249000,249.0,0,0.0,0.0,,0.0,normalDay
2018-12-19,0.0,-740.0,0.0,0,251.26,0.0,1,9.46,16.86,SPY190930P00249000,249.0,0,0.0,0.0,,0.0,normalDay
2018-12-20,0.0,-911.0,0.0,0,247.17,0.0,1,9.46,18.57,SPY190930P00249000,249.0,0,0.0,0.0,,0.0,normalDay
2018-12-21,0.0,-1198.0,0.0,0,240.7,0.0,1,9.46,21.44,SPY190930P00249000,249.0,0,0.0,0.0,,0.0,normalDay
2018-12-24,0.0,-1635.0,0.0,0,234.34,0.0,1,9.46,25.81,SPY190930P00249000,249.0,0,0.0,0.0,,0.0,normalDay
2018-12-26,0.0,-859.0,0.0,0,246.18,0.0,1,9.46,18.05,SPY190930P00249000,249.0,0,0.0,0.0,,0.0,normalDay
2018-12-27,0.0,-811.0,0.0,0,248.07,0.0,1,9.46,17.57,SPY190930P00249000,249.0,0,0.0,0.0,,0.0,normalDay
2018-12-28,0.0,-825.0,0.0,0,247.75,0.0,1,9.46,17.71,SPY190930P00249000,249.0,0,0.0,0.0,,0.0,normalDay
2018-12-31,0.0,-678.0,0.0,0,249.92,0.0,1,9.46,16.24,SPY190930P00249000,249.0,0,0.0,0.0,,0.0,normalDay
2019-01-02,0.0,-623.0,0.0,0,250.18,0.0,1,9.46,15.69,SPY190930P00249000,249.0,0,0.0,0.0,,0.0,normalDay
2019-01-03,0.0,-948.0,0.0,0,244.21,0.0,1,9.46,18.94,SPY190930P00249000,249.0,0,0.0,0.0,,0.0,normalDay
2019-01-04,0.0,-536.0,0.0,0,252.39,0.0,1,9.46,14.82,SPY190930P00249000,249.0,0,0.0,0.0,,0.0,normalDay
2019-01-07,0.0,-449.0,0.0,0,254.38,0.0,1,9.46,13.95,SPY190930P00249000,249.0,0,0.0,0.0,,0.0,normalDay
2019-01-08,0.0,-360.0,0.0,0,256.77,0.0,1,9.46,13.06,SPY190930P00249000,249.0,0,0.0,0.0,,0.0,normalDay
2019-01-09,0.0,-297.0,0.0,0,257.97,0.0,1,9.46,12.43,SPY190930P00249000,249.0,0,0.0,0.0,,0.0,normalDay
2019-01-10,0.0,-268.0,0.0,0,258.88,0.0,1,9.46,12.14,SPY190930P00249000,249.0,0,0.0,0.0,,0.0,normalDay
2019-01-11,0.0,-226.0,0.0,0,258.98,0.0,1,9.46,11.72,SPY190930P00249000,249.0,0,0.0,0.0,,0.0,normalDay
2019-01-14,0.0,-255.0,0.0,0,257.4,0.0,1,9.46,12.01,SPY190930P00249000,249.0,0,0.0,0.0,,0.0,normalDay
2019-01-15,0.0,-124.0,0.0,0,260.35,0.0,1,9.46,10.7,SPY190930P00249000,249.0,0,0.0,0.0,,0.0,normalDay
2019-01-16,0.0,-94.0,0.0,0,260.98,0.0,1,9.46,10.4,SPY190930P00249000,249.0,0,0.0,0.0,,0.0,normalDay
2019-01-17,0.0,-46.0,0.0,0,262.96,0.0,1,9.46,9.92,SPY190930P00249000,249.0,0,0.0,0.0,,0.0,normalDay
2019-01-18,0.0,59.0,0.0,0,266.46,0.0,1,9.46,8.87,SPY190930P00249000,249.0,0,0.0,0.0,,0.0,normalDay
2019-01-22,0.0,-72.0,0.0,0,262.86,0.0,1,9.46,10.18,SPY190930P00249000,249.0,0,0.0,0.0,,0.0,normalDay
2019-01-23,0.0,-52.0,0.0,0,263.41,0.0,1,9.46,9.98,SPY190930P00249000,249.0,0,0.0,0.0,,0.0,normalDay
2019-01-24,0.0,-37.0,0.0,0,263.55,0.0,1,9.46,9.83,SPY190930P00249000,249.0,0,0.0,0.0,,0.0,normalDay
2019-01-25,0.0,50.0,0.0,0,265.78,0.0,1,9.46,8.96,SPY190930P00249000,249.0,0,0.0,0.0,,0.0,normalDay
2019-01-28,0.0,-6.0,0.0,0,263.76,0.0,1,9.46,9.52,SPY190930P00249000,249.0,0,0.0,0.0,,0.0,normalDay
2019-01-29,0.0,-19.0,0.0,0,263.41,0.0,1,9.46,9.65,SPY190930P00249000,249.0,0,0.0,0.0,,0.0,normalDay
2019-01-30,0.0,117.0,0.0,0,267.58,0.0,1,9.46,8.29,SPY190930P00249000,249.0,0,0.0,0.0,,0.0,normalDay
2019-01-31,0.0,210.0,0.0,0,269.93,0.0,1,9.46,7.36,SPY190930P00249000,249.0,0,0.0,0.0,,0.0,normalDay
2019-02-01,0.0,218.0,0.0,0,270.06,0.0,1,9.46,7.28,SPY190930P00249000,249.0,0,0.0,0.0,,0.0,normalDay
2019-02-04,0.0,276.0,0.0,0,271.96,0.0,1,9.46,6.7,SPY190930P00249000,249.0,0,0.0,0.0,,0.0,normalDay
2019-02-05,0.0,308.0,0.0,0,273.1,0.0,1,9.46,6.38,SPY190930P00249000,249.0,0,0.0,0.0,,0.0,normalDay
2019-02-06,0.0,308.0,0.0,0,272.74,0.0,1,9.46,6.38,SPY190930P00249000,249.0,0,0.0,0.0,,0.0,normalDay
2019-02-07,0.0,246.0,0.0,0,270.14,0.0,1,9.46,7.0,SPY190930P00249000,249.0,0,0.0,0.0,,0.0,normalDay
2019-02-08,0.0,253.0,0.0,0,270.47,0.0,1,9.46,6.93,SPY190930P00249000,249.0,0,0.0,0.0,,0.0,normalDay
2019-02-11,0.0,268.0,0.0,0,270.62,0.0,1,9.46,6.78,SPY190930P00249000,249.0,0,0.0,0.0,,0.0,normalDay
2019-02-12,0.0,355.0,0.0,0,274.1,0.0,1,9.46,5.91,SPY190930P00249000,249.0,0,0.0,0.0,,0.0,normalDay
2019-02-13,0.0,360.0,0.0,0,274.99,0.0,1,9.46,5.86,SPY190930P00249000,249.0,0,0.0,0.0,,0.0,normalDay
2019-02-14,0.0,329.0,0.0,0,274.38,0.0,1,9.46,6.17,SPY190930P00249000,249.0,0,0.0,0.0,,0.0,normalDay
2019-02-15,0.0,405.0,0.0,0,277.37,0.0,1,9.46,5.41,SPY190930P00249000,249.0,0,0.0,0.0,,0.0,normalDay
2019-02-19,0.0,421.0,0.0,0,277.85,0.0,1,9.46,5.25,SPY190930P00249000,249.0,0,0.0,0.0,,0.0,normalDay
2019-02-20,0.0,460.0,0.0,0,278.41,0.0,1,9.46,4.86,SPY190930P00249000,249.0,0,0.0,0.0,,0.0,normalDay
2019-02-21,0.0,441.0,0.0,0,277.42,0.0,1,9.46,5.05,SPY190930P00249000,249.0,0,0.0,0.0,,0.0,normalDay
2019-02-22,0.0,482.0,0.0,0,279.14,0.0,1,9.46,4.64,SPY190930P00249000,249.0,0,0.0,0.0,,0.0,normalDay
2019-02-25,0.0,485.0,0.0,0,279.52,0.0,1,9.46,4.61,SPY190930P00249000,249.0,0,0.0,0.0,,0.0,normalDay
2019-02-26,0.0,470.0,0.0,0,279.32,0.0,1,9.46,4.76,SPY190930P00249000,249.0,0,0.0,0.0,,0.0,normalDay
2019-02-27,0.0,480.0,0.0,0,279.2,0.0,1,9.46,4.66,SPY190930P00249000,249.0,0,0.0,0.0,,0.0,normalDay
2019-02-28,0.0,468.0,0.0,0,278.68,0.0,1,9.46,4.78,SPY190930P00249000,249.0,0,0.0,0.0,,0.0,normalDay
2019-03-01,0.0,514.0,0.0,0,280.42,0.0,1,9.46,4.32,SPY190930P00249000,249.0,0,0.0,0.0,,0.0,normalDay
2019-03-04,0.0,484.0,0.0,0,279.4,0.0,1,9.46,4.62,SPY190930P00249000,249.0,0,0.0,0.0,,0.0,normalDay
2019-03-05,0.0,476.0,0.0,0,279.02,0.0,1,9.46,4.7,SPY190930P00249000,249.0,0,0.0,0.0,,0.0,normalDay
2019-03-06,0.0,435.0,0.0,0,277.33,0.0,1,9.46,5.11,SPY190930P00249000,249.0,0,0.0,0.0,,0.0,normalDay
2019-03-07,0.0,388.0,0.0,0,275.01,0.0,1,9.46,5.58,SPY190930P00249000,249.0,0,0.0,0.0,,0.0,normalDay
2019-03-08,0.0,381.0,0.0,0,274.46,0.0,1,9.46,5.65,SPY190930P00249000,249.0,0,0.0,0.0,,0.0,normalDay
2019-03-11,0.0,482.0,0.0,0,278.44,0.0,1,9.46,4.64,SPY190930P00249000,249.0,0,0.0,0.0,,0.0,normalDay
2019-03-12,0.0,510.0,0.0,0,279.49,0.0,1,9.46,4.36,SPY190930P00249000,249.0,0,0.0,0.0,,0.0,normalDay
2019-03-13,0.0,555.0,0.0,0,281.34,0.0,1,9.46,3.91,SPY190930P00249000,249.0,0,0.0,0.0,,0.0,normalDay
2019-03-14,0.0,553.0,0.0,0,281.16,0.0,1,9.46,3.93,SPY190930P00249000,249.0,0,0.0,0.0,,0.0,normalDay
2019-03-15,0.0,578.0,0.0,0,281.31,0.0,1,9.46,3.68,SPY190930P00249000,249.0,0,0.0,0.0,,0.0,normalDay
2019-03-18,0.0,593.0,0.0,0,282.33,0.0,1,9.46,3.53,SPY190930P00249000,249.0,0,0.0,0.0,,0.0,normalDay
2019-03-19,0.0,579.0,0.0,0,282.4,0.0,1,9.46,3.67,SPY190930P00249000,249.0,0,0.0,0.0,,0.0,normalDay
2019-03-20,0.0,566.0,0.0,0,281.55,0.0,1,9.46,3.8,SPY190930P00249000,249.0,0,0.0,0.0,,0.0,normalDay
2019-03-21,0.0,611.0,0.0,0,284.73,0.0,1,9.46,3.35,SPY190930P00249000,249.0,0,0.0,0.0,,0.0,normalDay
2019-03-22,0.0,507.0,0.0,0,279.25,0.0,1,9.46,4.39,SPY190930P00249000,249.0,0,0.0,0.0,,0.0,normalDay
2019-03-25,0.0,498.0,0.0,0,279.04,0.0,1,9.46,4.48,SPY190930P00249000,249.0,0,0.0,0.0,,0.0,normalDay
2019-03-26,0.0,545.0,0.0,0,281.12,0.0,1,9.46,4.01,SPY190930P00249000,249.0,0,0.0,0.0,,0.0,normalDay
2019-03-27,0.0,523.0,0.0,0,279.65,0.0,1,9.46,4.23,SPY190930P00249000,249.0,0,0.0,0.0,,0.0,normalDay
2019-03-28,0.0,549.0,0.0,0,280.71,0.0,1,9.46,3.97,SPY190930P00249000,249.0,0,0.0,0.0,,0.0,normalDay
2019-03-29,0.0,585.0,0.0,0,282.48,0.0,1,9.46,3.61,SPY190930P00249000,249.0,0,0.0,0.0,,0.0,normalDay
2019-04-01,0.0,633.0,0.0,0,285.83,0.0,1,9.46,3.13,SPY190930P00249000,249.0,0,0.0,0.0,,0.0,normalDay
2019-04-02,0.0,636.0,0.0,0,285.97,0.0,1,9.46,3.1,SPY190930P00249000,249.0,0,0.0,0.0,,0.0,normalDay
2019-04-03,0.0,646.0,0.0,0,286.42,0.0,1,9.46,3.0,SPY190930P00249000,249.0,0,0.0,0.0,,0.0,normalDay
2019-04-04,0.0,654.0,0.0,0,287.18,0.0,1,9.46,2.92,SPY190930P00249000,249.0,0,0.0,0.0,,0.0,normalDay
2019-04-05,0.0,677.0,0.0,0,288.57,0.0,1,9.46,2.69,SPY190930P00249000,249.0,0,0.0,0.0,,0.0,normalDay
2019-04-08,0.0,679.0,0.0,0,288.79,0.0,1,9.46,2.67,SPY190930P00249000,249.0,0,0.0,0.0,,0.0,normalDay
2019-04-09,0.0,647.0,0.0,0,287.31,0.0,1,9.46,2.99,SPY190930P00249000,249.0,0,0.0,0.0,,0.0,normalDay
2019-04-10,0.0,676.0,0.0,0,288.29,0.0,1,9.46,2.7,SPY190930P00249000,249.0,0,0.0,0.0,,0.0,normalDay
2019-04-11,0.0,679.0,0.0,0,288.21,0.0,1,9.46,2.67,SPY190930P00249000,249.0,0,0.0,0.0,,0.0,normalDay
2019-04-12,0.0,712.0,0.0,0,290.16,0.0,1,9.46,2.34,SPY190930P00249000,249.0,0,0.0,0.0,,0.0,normalDay
2019-04-15,0.0,714.0,0.0,0,289.97,0.0,1,9.46,2.32,SPY190930P00249000,249.0,0,0.0,0.0,,0.0,normalDay
2019-04-16,0.0,719.0,0.0,0,290.16,0.0,1,9.46,2.27,SPY190930P00249000,249.0,0,0.0,0.0,,0.0,normalDay
2019-04-17,0.0,709.0,0.0,0,289.45,0.0,1,9.46,2.37,SPY190930P00249000,249.0,0,0.0,0.0,,0.0,normalDay
2019-04-18,0.0,717.0,0.0,0,290.02,0.0,1,9.46,2.29,SPY190930P00249000,249.0,0,0.0,0.0,,0.0,normalDay
2019-04-22,0.0,720.0,0.0,0,290.27,0.0,1,9.46,2.26,SPY190930P00249000,249.0,0,0.0,0.0,,0.0,normalDay
2019-04-23,0.0,741.0,0.0,0,292.88,0.0,1,9.46,2.05,SPY190930P00249000,249.0,0,0.0,0.0,,0.0,normalDay
2019-04-24,0.0,732.0,0.0,0,292.23,0.0,1,9.46,2.14,SPY190930P00249000,249.0,0,0.0,0.0,,0.0,normalDay
2019-04-25,0.0,727.0,0.0,0,292.05,0.0,1,9.46,2.19,SPY190930P00249000,249.0,0,0.0,0.0,,0.0,normalDay
2019-04-26,0.0,743.0,0.0,0,293.41,0.0,1,9.46,2.03,SPY190930P00249000,249.0,0,0.0,0.0,,0.0,normalDay
2019-04-29,0.0,744.0,0.0,0,293.87,0.0,1,9.46,2.02,SPY190930P00249000,249.0,0,0.0,0.0,,0.0,normalDay
2019-04-30,0.0,748.0,0.0,0,294.02,0.0,1,9.46,1.98,SPY190930P00249000,249.0,0,0.0,0.0,,0.0,normalDay
2019-05-01,0.0,717.0,0.0,0,291.81,0.0,1,9.46,2.29,SPY190930P00249000,249.0,0,0.0,0.0,,0.0,normalDay
2019-05-02,0.0,715.0,0.0,0,291.18,0.0,1,9.46,2.31,SPY190930P00249000,249.0,0,0.0,0.0,,0.0,normalDay
2019-05-03,0.0,755.0,0.0,0,294.03,0.0,1,9.46,1.91,SPY190930P00249000,249.0,0,0.0,0.0,,0.0,normalDay
2019-05-06,0.0,727.0,0.0,0,292.82,0.0,1,9.46,2.19,SPY190930P00249000,249.0,0,0.0,0.0,,0.0,normalDay
2019-05-07,0.0,633.0,0.0,0,287.93,0.0,1,9.46,3.13,SPY190930P00249000,249.0,0,0.0,0.0,,0.0,normalDay
2019-05-08,0.0,640.0,0.0,0,287.53,0.0,1,9.46,3.06,SPY190930P00249000,249.0,0,0.0,0.0,,0.0,normalDay
2019-05-09,0.0,650.0,0.0,0,286.66,0.0,1,9.46,2.96,SPY190930P00249000,249.0,0,0.0,0.0,,0.0,normalDay
2019-05-10,0.0,693.0,0.0,0,288.1,0.0,1,9.46,2.53,SPY190930P00249000,249.0,0,0.0,0.0,,0.0,normalDay
2019-05-13,0.0,562.0,0.0,0,280.86,0.0,1,9.46,3.84,SPY190930P00249000,249.0,0,0.0,0.0,,0.0,normalDay
2019-05-14,0.0,631.0,0.0,0,283.4,0.0,1,9.46,3.15,SPY190930P00249000,249.0,0,0.0,0.0,,0.0,normalDay
2019-05-15,0.0,673.0,0.0,0,285.06,0.0,1,9.46,2.73,SPY190930P00249000,249.0,0,0.0,0.0,,0.0,normalDay
2019-05-16,0.0,716.0,0.0,0,287.7,0.0,1,9.46,2.3,SPY190930P00249000,249.0,0,0.0,0.0,,0.0,normalDay
2019-05-17,0.0,691.0,0.0,0,285.84,0.0,1,9.46,2.55,SPY190930P00249000,249.0,0,0.0,0.0,,0.0,normalDay
2019-05-20,0.0,679.0,0.0,0,283.95,0.0,1,9.46,2.67,SPY190930P00249000,249.0,0,0.0,0.0,,0.0,normalDay
2019-05-21,0.0,724.0,0.0,0,286.51,0.0,1,9.46,2.22,SPY190930P00249000,249.0,0,0.0,0.0,,0.0,normalDay
2019-05-22,0.0,719.0,0.0,0,285.63,0.0,1,9.46,2.27,SPY190930P00249000,249.0,0,0.0,0.0,,0.0,normalDay
2019-05-23,0.0,656.0,0.0,0,282.14,0.0,1,9.46,2.9,SPY190930P00249000,249.0,0,0.0,0.0,,0.0,normalDay
2019-05-24,0.0,678.0,0.0,0,282.78,0.0,1,9.46,2.68,SPY190930P00249000,249.0,0,0.0,0.0,,0.0,normalDay
2019-05-28,0.0,647.0,0.0,0,280.15,0.0,1,9.46,2.99,SPY190930P00249000,249.0,0,0.0,0.0,,0.0,normalDay
2019-05-29,0.0,619.0,0.0,0,278.27,0.0,1,9.46,3.27,SPY190930P00249000,249.0,0,0.0,0.0,,0.0,normalDay
2019-05-30,0.0,636.0,0.0,0,279.03,0.0,1,9.46,3.1,SPY190930P00249000,249.0,0,0.0,0.0,,0.0,normalDay
2019-05-31,0.0,563.0,0.0,0,275.27,0.0,1,9.46,3.83,SPY190930P00249000,249.0,0,0.0,0.0,,0.0,normalDay
2019-06-03,0.0,570.0,0.0,0,274.57,0.0,1,9.46,3.76,SPY190930P00249000,249.0,0,0.0,0.0,,0.0,normalDay
2019-06-04,0.0,677.0,0.0,0,280.53,0.0,1,9.46,2.69,SPY190930P00249000,249.0,0,0.0,0.0,,0.0,normalDay
2019-06-05,0.0,714.0,0.0,0,282.96,0.0,1,9.46,2.32,SPY190930P00249000,249.0,0,0.0,0.0,,0.0,normalDay
2019-06-06,0.0,733.0,0.0,0,284.8,0.0,1,9.46,2.13,SPY190930P00249000,249.0,0,0.0,0.0,,0.0,normalDay
2019-06-07,0.0,746.0,0.0,0,287.65,0.0,1,9.46,2.0,SPY190930P00249000,249.0,0,0.0,0.0,,0.0,normalDay
2019-06-10,0.0,766.0,0.0,0,288.97,0.0,1,9.46,1.8,SPY190930P00249000,249.0,0,0.0,0.0,,0.0,normalDay
2019-06-11,0.0,761.0,0.0,0,288.9,0.0,1,9.46,1.85,SPY190930P00249000,249.0,0,0.0,0.0,,0.0,normalDay
2019-06-12,0.0,762.0,0.0,0,288.39,0.0,1,9.46,1.84,SPY190930P00249000,249.0,0,0.0,0.0,,0.0,normalDay
2019-06-13,0.0,776.0,0.0,0,289.58,0.0,1,9.46,1.7,SPY190930P00249000,249.0,0,0.0,0.0,,0.0,normalDay
2019-06-14,0.0,783.0,0.0,0,289.26,0.0,1,9.46,1.63,SPY190930P00249000,249.0,0,0.0,0.0,,0.0,normalDay
2019-06-17,0.0,789.0,0.0,0,289.37,0.0,1,9.46,1.57,SPY190930P00249000,249.0,0,0.0,0.0,,0.0,normalDay
2019-06-18,0.0,807.0,0.0,0,292.4,0.0,1,9.46,1.39,SPY190930P00249000,249.0,0,0.0,0.0,,0.0,normalDay
2019-06-19,0.0,821.0,0.0,0,293.06,0.0,1,9.46,1.25,SPY190930P00249000,249.0,0,0.0,0.0,,0.0,normalDay
2019-06-20,0.0,832.0,0.0,0,295.86,0.0,1,9.46,1.14,SPY190930P00249000,249.0,0,0.0,0.0,,0.0,normalDay
2019-06-21,0.0,826.0,0.0,0,294.0,0.0,1,9.46,1.2,SPY190930P00249000,249.0,0,0.0,0.0,,0.0,normalDay
2019-06-24,0.0,830.0,0.0,0,293.64,0.0,1,9.46,1.16,SPY190930P00249000,249.0,0,0.0,0.0,,0.0,normalDay
2019-06-25,0.0,809.0,0.0,0,290.76,0.0,1,9.46,1.37,SPY190930P00249000,249.0,0,0.0,0.0,,0.0,normalDay
2019-06-26,0.0,810.0,0.0,0,290.47,0.0,1,9.46,1.36,SPY190930P00249000,249.0,0,0.0,0.0,,0.0,normalDay
2019-06-27,0.0,823.0,0.0,0,291.5,0.0,1,9.46,1.23,SPY190930P00249000,249.0,0,0.0,0.0,,0.0,normalDay
2019-06-28,0.0,844.0,0.0,0,293.0,0.0,1,9.46,1.02,SPY190930P00249000,249.0,0,0.0,0.0,,0.0,normalDay
2019-07-01,0.0,865.0,0.0,0,295.66,0.0,1,9.46,0.81,SPY190930P00249000,249.0,0,0.0,0.0,,0.0,normalDay
2019-07-02,0.0,873.0,0.0,0,296.43,0.0,1,9.46,0.73,SPY190930P00249000,249.0,0,0.0,0.0,,0.0,normalDay
2019-07-03,0.0,883.0,0.0,0,298.8,0.0,1,9.46,0.63,SPY190930P00249000,249.0,0,0.0,0.0,,0.0,normalDay
2019-07-05,0.0,879.0,0.0,0,298.46,0.0,1,9.46,0.67,SPY190930P00249000,249.0,0,0.0,0.0,,0.0,normalDay
2019-07-08,0.0,875.0,0.0,0,296.82,0.0,1,9.46,0.71,SPY190930P00249000,249.0,0,0.0,0.0,,0.0,normalDay
2019-07-09,0.0,875.0,0.0,0,297.19,0.0,1,9.46,0.71,SPY190930P00249000,249.0,0,0.0,0.0,,0.0,normalDay
2019-07-10,0.0,883.0,0.0,0,298.61,0.0,1,9.46,0.63,SPY190930P00249000,249.0,0,0.0,0.0,,0.0,normalDay
2019-07-11,0.0,886.0,0.0,0,299.31,0.0,1,9.46,0.6,SPY190930P00249000,249.0,0,0.0,0.0,,0.0,normalDay
2019-07-12,0.0,893.0,0.0,0,300.65,0.0,1,9.46,0.53,SPY190930P00249000,249.0,0,0.0,0.0,,0.0,normalDay
2019-07-15,0.0,892.0,0.0,0,300.75,0.0,1,9.46,0.54,SPY190930P00249000,249.0,0,0.0,0.0,,0.0,normalDay
2019-07-16,0.0,891.0,0.0,0,299.78,0.0,1,9.46,0.55,SPY190930P00249000,249.0,0,0.0,0.0,,0.0,normalDay
2019-07-17,0.0,882.0,0.0,0,297.74,0.0,1,9.46,0.64,SPY190930P00249000,249.0,0,0.0,0.0,,0.0,normalDay
2019-07-18,0.0,890.0,0.0,0,298.83,0.0,1,9.46,0.56,SPY190930P00249000,249.0,0,0.0,0.0,,0.0,normalDay
2019-07-19,0.0,886.0,0.0,0,297.17,0.0,1,9.46,0.6,SPY190930P00249000,249.0,0,0.0,0.0,,0.0,normalDay
2019-07-22,0.0,896.0,0.0,0,297.9,0.0,1,9.46,0.5,SPY190930P00249000,249.0,0,0.0,0.0,,0.0,normalDay
2019-07-23,0.0,906.0,0.0,0,300.03,0.0,1,9.46,0.4,SPY190930P00249000,249.0,0,0.0,0.0,,0.0,normalDay
2019-07-24,0.0,912.0,0.0,0,301.44,0.0,1,9.46,0.34,SPY190930P00249000,249.0,0,0.0,0.0,,0.0,normalDay
2019-07-25,0.0,907.0,0.0,0,300.0,0.0,1,9.46,0.39,SPY190930P00249000,249.0,0,0.0,0.0,,0.0,normalDay
2019-07-26,0.0,913.0,0.0,0,302.01,0.0,1,9.46,0.33,SPY190930P00249000,249.0,0,0.0,0.0,,0.0,normalDay
2019-07-29,0.0,911.0,0.0,0,301.46,0.0,1,9.46,0.35,SPY190930P00249000,249.0,0,0.0,0.0,,0.0,normalDay
2019-07-30,0.0,906.0,0.0,0,300.72,0.0,1,9.46,0.4,SPY190930P00249000,249.0,0,0.0,0.0,,0.0,normalDay
2019-07-31,0.0,892.0,0.0,0,297.43,0.0,1,9.46,0.54,SPY190930P00249000,249.0,0,0.0,0.0,,0.0,normalDay
2019-08-01,0.0,875.0,0.0,0,294.84,0.0,1,9.46,0.71,SPY190930P00249000,249.0,0,0.0,0.0,,0.0,normalDay
2019-08-02,0.0,870.0,0.0,0,292.62,0.0,1,9.46,0.76,SPY190930P00249000,249.0,0,0.0,0.0,,0.0,normalDay
2019-08-05,0.0,760.0,0.0,0,283.82,0.0,1,9.46,1.86,SPY190930P00249000,249.0,0,0.0,0.0,,0.0,normalDay
2019-08-06,0.0,838.0,0.0,0,287.8,0.0,1,9.46,1.08,SPY190930P00249000,249.0,0,0.0,0.0,,0.0,normalDay
2019-08-07,0.0,845.0,0.0,0,287.97,0.0,1,9.46,1.01,SPY190930P00249000,249.0,0,0.0,0.0,,0.0,normalDay
2019-08-08,0.0,885.0,0.0,0,293.62,0.0,1,9.46,0.61,SPY190930P00249000,249.0,0,0.0,0.0,,0.0,normalDay
2019-08-09,0.0,875.0,0.0,0,291.62,0.0,1,9.46,0.71,SPY190930P00249000,249.0,0,0.0,0.0,,0.0,normalDay
2019-08-12,0.0,841.0,0.0,0,288.07,0.0,1,9.46,1.05,SPY190930P00249000,249.0,0,0.0,0.0,,0.0,normalDay
2019-08-13,0.0,887.0,0.0,0,292.55,0.0,1,9.46,0.59,SPY190930P00249000,249.0,0,0.0,0.0,,0.0,normalDay
2019-08-14,0.0,822.0,0.0,0,283.9,0.0,1,9.46,1.24,SPY190930P00249000,249.0,0,0.0,0.0,,0.0,normalDay
2019-08-15,0.0,842.0,0.0,0,284.65,0.0,1,9.46,1.04,SPY190930P00249000,249.0,0,0.0,0.0,,0.0,normalDay
2019-08-16,0.0,883.0,0.0,0,288.85,0.0,1,9.46,0.63,SPY190930P00249000,249.0,0,0.0,0.0,,0.0,normalDay
2019-08-19,0.0,910.0,0.0,0,292.33,0.0,1,9.46,0.36,SPY190930P00249000,249.0,0,0.0,0.0,,0.0,normalDay
2019-08-20,0.0,904.0,0.0,0,290.09,0.0,1,9.46,0.42,SPY190930P00249000,249.0,0,0.0,0.0,,0.0,normalDay
2019-08-21,0.0,920.0,0.0,0,292.45,0.0,1,9.46,0.26,SPY190930P00249000,249.0,0,0.0,0.0,,0.0,normalDay
2019-08-22,0.0,917.0,0.0,0,292.36,0.0,1,9.46,0.29,SPY190930P00249000,249.0,0,0.0,0.0,,0.0,normalDay
2019-08-23,0.0,887.0,0.0,0,284.85,0.0,1,9.46,0.59,SPY190930P00249000,249.0,0,0.0,0.0,,0.0,normalDay
2019-08-26,0.0,906.0,0.0,0,288.0,0.0,1,9.46,0.4,SPY190930P00249000,249.0,0,0.0,0.0,,0.0,normalDay
2019-08-27,0.0,899.0,0.0,0,286.87,0.0,1,9.46,0.47,SPY190930P00249000,249.0,0,0.0,0.0,,0.0,normalDay
2019-08-28,0.0,910.0,0.0,0,288.89,0.0,1,9.46,0.36,SPY190930P00249000,249.0,0,0.0,0.0,,0.0,normalDay
2019-08-29,0.0,920.0,0.0,0,292.58,0.0,1,9.46,0.26,SPY190930P00249000,249.0,0,0.0,0.0,,0.0,normalDay
2019-08-30,0.0,915.0,0.0,0,292.45,0.0,1,9.46,0.31,SPY190930P00249000,249.0,0,0.0,0.0,,0.0,normalDay
2019-09-03,0.0,918.0,0.0,0,290.74,0.0,1,9.46,0.28,SPY190930P00249000,249.0,0,0.0,0.0,,0.0,normalDay
2019-09-04,0.0,932.0,0.0,0,294.04,0.0,1,9.46,0.14,SPY190930P00249000,249.0,0,0.0,0.0,,0.0,normalDay
2019-09-05,0.0,935.0,0.0,0,297.82,0.0,1,9.46,0.11,SPY190930P00249000,249.0,0,0.0,0.0,,0.0,normalDay
2019-09-06,0.0,938.0,0.0,0,298.05,0.0,1,9.46,0.08,SPY190930P00249000,249.0,0,0.0,0.0,,0.0,normalDay
2019-09-09,0.0,939.0,0.0,0,298.2,0.0,1,9.46,0.07,SPY190930P00249000,249.0,0,0.0,0.0,,0.0,normalDay
2019-09-10,0.0,939.0,0.0,0,298.13,0.0,1,9.46,0.07,SPY190930P00249000,249.0,0,0.0,0.0,,0.0,normalDay
2019-09-11,0.0,941.0,0.0,0,300.25,0.0,1,9.46,0.05,SPY190930P00249000,249.0,0,0.0,0.0,,0.0,normalDay
2019-09-12,0.0,942.0,0.0,0,301.29,0.0,1,9.46,0.04,SPY190930P00249000,249.0,0,0.0,0.0,,0.0,normalDay
2019-09-13,0.0,943.0,0.0,0,301.09,0.0,1,9.46,0.03,SPY190930P00249000,249.0,0,0.0,0.0,,0.0,normalDay
2019-09-16,0.0,943.0,0.0,0,300.16,0.0,1,9.46,0.03,SPY190930P00249000,249.0,0,0.0,0.0,,0.0,normalDay
2019-09-17,0.0,943.0,0.0,0,300.92,0.0,1,9.46,0.03,SPY190930P00249000,249.0,0,0.0,0.0,,0.0,normalDay
2019-09-18,0.0,943.0,0.0,0,301.1,0.0,1,9.46,0.03,SPY190930P00249000,249.0,0,0.0,0.0,,0.0,normalDay
2019-09-19,0.0,944.0,0.0,0,301.08,0.0,1,9.46,0.02,SPY190930P00249000,249.0,0,0.0,0.0,,0.0,normalDay
2019-09-20,0.0,944.0,0.0,0,298.28,0.0,1,9.46,0.02,SPY190930P00249000,249.0,0,0.0,0.0,,0.0,normalDay
2019-09-23,0.0,945.0,0.0,0,298.21,0.0,1,9.46,0.01,SPY190930P00249000,249.0,0,0.0,0.0,,0.0,normalDay
2019-09-24,0.0,944.0,0.0,0,295.87,0.0,1,9.46,0.02,SPY190930P00249000,249.0,0,0.0,0.0,,0.0,normalDay
2019-09-25,0.0,944.0,0.0,0,297.62,0.0,1,9.46,0.02,SPY190930P00249000,249.0,0,0.0,0.0,,0.0,normalDay
2019-09-26,0.0,945.0,0.0,0,297.0,0.0,1,9.46,0.01,SPY190930P00249000,249.0,0,0.0,0.0,,0.0,normalDay
2019-09-27,0.0,945.0,0.0,0,295.4,0.0,1,9.46,0.01,SPY190930P00249000,249.0,0,0.0,0.0,,0.0,normalDay
2019-09-30,946.0,0.0,946.0,0,296.77,0.0,1,9.46,0.0,SPY190930P00249000,249.0,0,0.0,0.0,,0.0,expirationDay
2019-10-01,946.0,-22.0,0.0,0,293.24,0.0,1,18.97,19.19,SPY200930P00290000,290.0,0,0.0,0.0,,0.0,normalDay
2019-10-02,946.0,-314.0,0.0,0,288.06,0.0,1,18.97,22.11,SPY200930P00290000,290.0,0,0.0,0.0,,0.0,normalDay
2019-10-03,946.0,-185.0,0.0,0,290.42,0.0,1,18.97,20.82,SPY200930P00290000,290.0,0,0.0,0.0,,0.0,normalDay
2019-10-04,946.0,30.0,0.0,0,294.35,0.0,1,18.97,18.67,SPY200930P00290000,290.0,0,0.0,0.0,,0.0,normalDay
2019-10-07,946.0,-17.0,0.0,0,293.08,0.0,1,18.97,19.14,SPY200930P00290000,290.0,0,0.0,0.0,,0.0,normalDay
2019-10-08,946.0,-256.0,0.0,0,288.53,0.0,1,18.97,21.53,SPY200930P00290000,290.0,0,0.0,0.0,,0.0,normalDay
2019-10-09,946.0,-115.0,0.0,0,291.27,0.0,1,18.97,20.12,SPY200930P00290000,290.0,0,0.0,0.0,,0.0,normalDay
2019-10-10,946.0,11.0,0.0,0,293.24,0.0,1,18.97,18.86,SPY200930P00290000,290.0,0,0.0,0.0,,0.0,normalDay
2019-10-11,946.0,161.0,0.0,0,296.28,0.0,1,18.97,17.36,SPY200930P00290000,290.0,0,0.0,0.0,,0.0,normalDay
2019-10-14,946.0,187.0,0.0,0,295.95,0.0,1,18.97,17.1,SPY200930P00290000,290.0,0,0.0,0.0,,0.0,normalDay
2019-10-15,946.0,325.0,0.0,0,298.88,0.0,1,18.97,15.72,SPY200930P00290000,290.0,0,0.0,0.0,,0.0,normalDay
2019-10-16,946.0,307.0,0.0,0,298.4,0.0,1,18.97,15.9,SPY200930P00290000,290.0,0,0.0,0.0,,0.0,normalDay
2019-10-17,946.0,333.0,0.0,0,299.28,0.0,1,18.97,15.64,SPY200930P00290000,290.0,0,0.0,0.0,,0.0,normalDay
2019-10-18,946.0,276.0,0.0,0,297.97,0.0,1,18.97,16.21,SPY200930P00290000,290.0,0,0.0,0.0,,0.0,normalDay
2019-10-21,946.0,369.0,0.0,0,299.99,0.0,1,18.97,15.28,SPY200930P00290000,290.0,0,0.0,0.0,,0.0,normalDay
2019-10-22,946.0,324.0,0.0,0,299.01,0.0,1,18.97,15.73,SPY200930P00290000,290.0,0,0.0,0.0,,0.0,normalDay
2019-10-23,946.0,362.0,0.0,0,299.88,0.0,1,18.97,15.35,SPY200930P00290000,290.0,0,0.0,0.0,,0.0,normalDay
2019-10-24,946.0,379.0,0.0,0,300.37,0.0,1,18.97,15.18,SPY200930P00290000,290.0,0,0.0,0.0,,0.0,normalDay
2019-10-25,946.0,444.0,0.0,0,301.6,0.0,1,18.97,14.53,SPY200930P00290000,290.0,0,0.0,0.0,,0.0,normalDay
2019-10-28,946.0,497.0,0.0,0,303.3,0.0,1,18.97,14.0,SPY200930P00290000,290.0,0,0.0,0.0,,0.0,normalDay
2019-10-29,946.0,483.0,0.0,0,303.21,0.0,1,18.97,14.14,SPY200930P00290000,290.0,0,0.0,0.0,,0.0,normalDay
2019-10-30,946.0,534.0,0.0,0,304.14,0.0,1,18.97,13.63,SPY200930P00290000,290.0,0,0.0,0.0,,0.0,normalDay
2019-10-31,946.0,481.0,0.0,0,303.33,0.0,1,18.97,14.16,SPY200930P00290000,290.0,0,0.0,0.0,,0.0,normalDay
2019-11-01,946.0,578.0,0.0,0,306.14,0.0,1,18.97,13.19,SPY200930P00290000,290.0,0,0.0,0.0,,0.0,normalDay
2019-11-04,946.0,616.0,0.0,0,307.37,0.0,1,18.97,12.81,SPY200930P00290000,290.0,0,0.0,0.0,,0.0,normalDay
2019-11-05,946.0,592.0,0.0,0,307.03,0.0,1,18.97,13.05,SPY200930P00290000,290.0,0,0.0,0.0,,0.0,normalDay
2019-11-06,946.0,591.0,0.0,0,307.1,0.0,1,18.97,13.06,SPY200930P00290000,290.0,0,0.0,0.0,,0.0,normalDay
2019-11-07,946.0,618.0,0.0,0,308.18,0.0,1,18.97,12.79,SPY200930P00290000,290.0,0,0.0,0.0,,0.0,normalDay
2019-11-08,946.0,646.0,0.0,0,308.94,0.0,1,18.97,12.51,SPY200930P00290000,290.0,0,0.0,0.0,,0.0,normalDay
2019-11-11,946.0,635.0,0.0,0,308.35,0.0,1,18.97,12.62,SPY200930P00290000,290.0,0,0.0,0.0,,0.0,normalDay
2019-11-12,946.0,646.0,0.0,0,309.0,0.0,1,18.97,12.51,SPY200930P00290000,290.0,0,0.0,0.0,,0.0,normalDay
2019-11-13,946.0,654.0,0.0,0,309.1,0.0,1,18.97,12.43,SPY200930P00290000,290.0,0,0.0,0.0,,0.0,normalDay
2019-11-14,946.0,666.0,0.0,0,309.55,0.0,1,18.97,12.31,SPY200930P00290000,290.0,0,0.0,0.0,,0.0,normalDay
2019-11-15,946.0,743.0,0.0,0,311.79,0.0,1,18.97,11.54,SPY200930P00290000,290.0,0,0.0,0.0,,0.0,normalDay
2019-11-18,946.0,752.0,0.0,0,312.02,0.0,1,18.97,11.45,SPY200930P00290000,290.0,0,0.0,0.0,,0.0,normalDay
2019-11-19,946.0,736.0,0.0,0,311.93,0.0,1,18.97,11.61,SPY200930P00290000,290.0,0,0.0,0.0,,0.0,normalDay
2019-11-20,946.0,690.0,0.0,0,310.77,0.0,1,18.97,12.07,SPY200930P00290000,290.0,0,0.0,0.0,,0.0,normalDay
2019-11-21,946.0,663.0,0.0,0,310.27,0.0,1,18.97,12.34,SPY200930P00290000,290.0,0,0.0,0.0,,0.0,normalDay
2019-11-22,946.0,698.0,0.0,0,310.96,0.0,1,18.97,11.99,SPY200930P00290000,290.0,0,0.0,0.0,,0.0,normalDay
2019-11-25,946.0,785.0,0.0,0,313.37,0.0,1,18.97,11.12,SPY200930P00290000,290.0,0,0.0,0.0,,0.0,normalDay
2019-11-26,946.0,823.0,0.0,0,314.08,0.0,1,18.97,10.74,SPY200930P00290000,290.0,0,0.0,0.0,,0.0,normalDay
2019-11-27,946.0,849.0,0.0,0,315.48,0.0,1,18.97,10.48,SPY200930P00290000,290.0,0,0.0,0.0,,0.0,normalDay
2019-11-29,946.0,808.0,0.0,0,314.31,0.0,1,18.97,10.89,SPY200930P00290000,290.0,0,0.0,0.0,,0.0,normalDay
2019-12-02,946.0,703.0,0.0,0,311.64,0.0,1,18.97,11.94,SPY200930P00290000,290.0,0,0.0,0.0,,0.0,normalDay
2019-12-03,946.0,616.0,0.0,0,309.55,0.0,1,18.97,12.81,SPY200930P00290000,290.0,0,0.0,0.0,,0.0,normalDay
2019-12-04,946.0,689.0,0.0,0,311.46,0.0,1,18.97,12.08,SPY200930P00290000,290.0,0,0.0,0.0,,0.0,normalDay
2019-12-05,946.0,726.0,0.0,0,312.02,0.0,1,18.97,11.71,SPY200930P00290000,290.0,0,0.0,0.0,,0.0,normalDay
2019-12-06,946.0,813.0,0.0,0,314.87,0.0,1,18.97,10.84,SPY200930P00290000,290.0,0,0.0,0.0,,0.0,normalDay
2019-12-09,946.0,761.0,0.0,0,313.88,0.0,1,18.97,11.36,SPY200930P00290000,290.0,0,0.0,0.0,,0.0,normalDay
2019-12-10,946.0,772.0,0.0,0,313.53,0.0,1,18.97,11.25,SPY200930P00290000,290.0,0,0.0,0.0,,0.0,normalDay
2019-12-11,946.0,810.0,0.0,0,314.42,0.0,1,18.97,10.87,SPY200930P00290000,290.0,0,0.0,0.0,,0.0,normalDay
2019-12-12,946.0,896.0,0.0,0,317.13,0.0,1,18.97,10.01,SPY200930P00290000,290.0,0,0.0,0.0,,0.0,normalDay
2019-12-13,946.0,942.0,0.0,0,317.32,0.0,1,18.97,9.55,SPY200930P00290000,290.0,0,0.0,0.0,,0.0,normalDay
2019-12-16,946.0,1021.0,0.0,0,319.5,0.0,1,18.97,8.76,SPY200930P00290000,290.0,0,0.0,0.0,,0.0,normalDay
2019-12-17,946.0,1006.0,0.0,0,319.57,0.0,1,18.97,8.91,SPY200930P00290000,290.0,0,0.0,0.0,,0.0,normalDay
2019-12-18,946.0,1010.0,0.0,0,319.59,0.0,1,18.97,8.87,SPY200930P00290000,290.0,0,0.0,0.0,,0.0,normalDay
2019-12-19,946.0,1037.0,0.0,0,320.9,0.0,1,18.97,8.6,SPY200930P00290000,290.0,0,0.0,0.0,,0.0,normalDay
2019-12-20,946.0,1070.0,0.0,0,320.73,0.0,1,18.97,8.27,SPY200930P00290000,290.0,0,0.0,0.0,,0.0,normalDay
2019-12-23,946.0,1072.0,0.0,0,321.22,0.0,1,18.97,8.25,SPY200930P00290000,290.0,0,0.0,0.0,,0.0,normalDay
2019-12-24,946.0,1077.0,0.0,0,321.23,0.0,1,18.97,8.2,SPY200930P00290000,290.0,0,0.0,0.0,,0.0,normalDay
2019-12-26,946.0,1115.0,0.0,0,322.94,0.0,1,18.97,7.82,SPY200930P00290000,290.0,0,0.0,0.0,,0.0,normalDay
2019-12-27,946.0,1094.0,0.0,0,322.86,0.0,1,18.97,8.03,SPY200930P00290000,290.0,0,0.0,0.0,,0.0,normalDay
2019-12-30,946.0,1049.0,0.0,0,321.08,0.0,1,18.97,8.48,SPY200930P00290000,290.0,0,0.0,0.0,,0.0,normalDay
2019-12-31,946.0,1089.0,0.0,0,321.86,0.0,1,18.97,8.08,SPY200930P00290000,290.0,0,0.0,0.0,,0.0,normalDay
2020-01-02,946.0,1167.0,0.0,0,324.87,0.0,1,18.97,7.3,SPY200930P00290000,290.0,0,0.0,0.0,,0.0,normalDay
2020-01-03,946.0,1090.0,0.0,0,322.41,0.0,1,18.97,8.07,SPY200930P00290000,290.0,0,0.0,0.0,,0.0,normalDay
2020-01-06,946.0,1131.0,0.0,0,323.64,0.0,1,18.97,7.66,SPY200930P00290000,290.0,0,0.0,0.0,,0.0,normalDay
2020-01-07,946.0,1119.0,0.0,0,322.73,0.0,1,18.97,7.78,SPY200930P00290000,290.0,0,0.0,0.0,,0.0,normalDay
2020-01-08,946.0,1175.0,0.0,0,324.45,0.0,1,18.97,7.22,SPY200930P00290000,290.0,0,0.0,0.0,,0.0,normalDay
2020-01-09,946.0,1228.0,0.0,0,326.65,0.0,1,18.97,6.69,SPY200930P00290000,290.0,0,0.0,0.0,,0.0,normalDay
2020-01-10,946.0,1208.0,0.0,0,325.71,0.0,1,18.97,6.89,SPY200930P00290000,290.0,0,0.0,0.0,,0.0,normalDay
2020-01-13,946.0,1266.0,0.0,0,327.95,0.0,1,18.97,6.31,SPY200930P00290000,290.0,0,0.0,0.0,,0.0,normalDay
2020-01-14,946.0,1273.0,0.0,0,327.45,0.0,1,18.97,6.24,SPY200930P00290000,290.0,0,0.0,0.0,,0.0,normalDay
2020-01-15,946.0,1285.0,0.0,0,328.19,0.0,1,18.97,6.12,SPY200930P00290000,290.0,0,0.0,0.0,,0.0,normalDay
2020-01-16,946.0,1331.0,0.0,0,330.92,0.0,1,18.97,5.66,SPY200930P00290000,290.0,0,0.0,0.0,,0.0,normalDay
2020-01-17,946.0,1351.0,0.0,0,331.95,0.0,1,18.97,5.46,SPY200930P00290000,290.0,0,0.0,0.0,,0.0,normalDay
2020-01-21,946.0,1338.0,0.0,0,331.3,0.0,1,18.97,5.59,SPY200930P00290000,290.0,0,0.0,0.0,,0.0,normalDay
2020-01-22,946.0,1331.0,0.0,0,331.34,0.0,1,18.97,5.66,SPY200930P00290000,290.0,0,0.0,0.0,,0.0,normalDay
2020-01-23,946.0,1340.0,0.0,0,331.72,0.0,1,18.97,5.57,SPY200930P00290000,290.0,0,0.0,0.0,,0.0,normalDay
2020-01-24,946.0,1270.0,0.0,0,328.77,0.0,1,18.97,6.27,SPY200930P00290000,290.0,0,0.0,0.0,,0.0,normalDay
2020-01-27,946.0,1118.0,0.0,0,323.5,0.0,1,18.97,7.79,SPY200930P00290000,290.0,0,0.0,0.0,,0.0,normalDay
2020-01-28,946.0,1223.0,0.0,0,326.89,0.0,1,18.97,6.74,SPY200930P00290000,290.0,0,0.0,0.0,,0.0,normalDay
2020-01-29,946.0,1223.0,0.0,0,326.62,0.0,1,18.97,6.74,SPY200930P00290000,290.0,0,0.0,0.0,,0.0,normalDay
2020-01-30,946.0,1266.0,0.0,0,327.68,0.0,1,18.97,6.31,SPY200930P00290000,290.0,0,0.0,0.0,,0.0,normalDay
2020-01-31,946.0,1101.0,0.0,0,321.73,0.0,1,18.97,7.96,SPY200930P00290000,290.0,0,0.0,0.0,,0.0,normalDay
2020-02-03,946.0,1162.0,0.0,0,324.12,0.0,1,18.97,7.35,SPY200930P00290000,290.0,0,0.0,0.0,,0.0,normalDay
2020-02-04,946.0,1299.0,0.0,0,329.06,0.0,1,18.97,5.98,SPY200930P00290000,290.0,0,0.0,0.0,,0.0,normalDay
2020-02-05,946.0,1371.0,0.0,0,332.86,0.0,1,18.97,5.26,SPY200930P00290000,290.0,0,0.0,0.0,,0.0,normalDay
2020-02-06,946.0,1381.0,0.0,0,333.98,0.0,1,18.97,5.16,SPY200930P00290000,290.0,0,0.0,0.0,,0.0,normalDay
2020-02-07,946.0,1343.0,0.0,0,332.2,0.0,1,18.97,5.54,SPY200930P00290000,290.0,0,0.0,0.0,,0.0,normalDay
2020-02-10,946.0,1394.0,0.0,0,334.68,0.0,1,18.97,5.03,SPY200930P00290000,290.0,0,0.0,0.0,,0.0,normalDay
2020-02-11,946.0,1398.0,0.0,0,335.26,0.0,1,18.97,4.99,SPY200930P00290000,290.0,0,0.0,0.0,,0.0,normalDay
2020-02-12,946.0,1437.0,0.0,0,337.42,0.0,1,18.97,4.6,SPY200930P00290000,290.0,0,0.0,0.0,,0.0,normalDay
2020-02-13,946.0,1428.0,0.0,0,337.06,0.0,1,18.97,4.69,SPY200930P00290000,290.0,0,0.0,0.0,,0.0,normalDay
2020-02-14,946.0,1437.0,0.0,0,337.6,0.0,1,18.97,4.6,SPY200930P00290000,290.0,0,0.0,0.0,,0.0,normalDay
2020-02-18,946.0,1416.0,0.0,0,336.73,0.0,1,18.97,4.81,SPY200930P00290000,290.0,0,0.0,0.0,,0.0,normalDay
2020-02-19,946.0,1440.0,0.0,0,338.34,0.0,1,18.97,4.57,SPY200930P00290000,290.0,0,0.0,0.0,,0.0,normalDay
2020-02-20,946.0,1406.0,0.0,0,336.95,0.0,1,18.97,4.91,SPY200930P00290000,290.0,0,0.0,0.0,,0.0,normalDay
2020-02-21,946.0,1328.0,0.0,0,333.48,0.0,1,18.97,5.69,SPY200930P00290000,290.0,0,0.0,0.0,,0.0,normalDay
2020-02-24,946.0,1024.0,0.0,0,322.42,0.0,1,18.97,8.73,SPY200930P00290000,290.0,0,0.0,0.0,,0.0,normalDay
2020-02-25,946.0,764.0,0.0,0,312.65,0.0,1,18.97,11.33,SPY200930P00290000,290.0,0,0.0,0.0,,0.0,normalDay
2020-02-26,946.0,733.0,0.0,0,311.5,0.0,1,18.97,11.64,SPY200930P00290000,290.0,0,0.0,0.0,,0.0,normalDay
2020-02-27,946.0,-70.0,0.0,0,297.51,0.0,1,18.97,19.67,SPY200930P00290000,290.0,0,0.0,0.0,,0.0,normalDay
2020-02-28,946.0,-104.0,0.0,0,296.26,0.0,1,18.97,20.01,SPY200930P00290000,290.0,0,0.0,0.0,,0.0,normalDay
2020-03-02,946.0,512.0,0.0,0,309.09,0.0,1,18.97,13.85,SPY200930P00290000,290.0,0,0.0,0.0,,0.0,normalDay
2020-03-03,946.0,156.0,0.0,0,300.24,0.0,1,18.97,17.41,SPY200930P00290000,290.0,0,0.0,0.0,,0.0,normalDay
2020-03-04,946.0,514.0,0.0,0,312.86,0.0,1,18.97,13.83,SPY200930P00290000,290.0,0,0.0,0.0,,0.0,normalDay
2020-03-05,946.0,-42.0,0.0,0,302.46,0.0,1,18.97,19.39,SPY200930P00290000,290.0,0,0.0,0.0,,0.0,normalDay
2020-03-06,946.0,-484.0,0.0,0,297.46,0.0,1,18.97,23.81,SPY200930P00290000,290.0,0,0.0,0.0,,0.0,normalDay
2020-03-09,946.0,-1756.0,0.0,0,274.23,0.0,1,18.97,36.53,SPY200930P00290000,290.0,0,0.0,0.0,,0.0,normalDay
2020-03-10,946.0,-915.0,0.0,0,288.42,0.0,1,18.97,28.12,SPY200930P00290000,290.0,0,0.0,0.0,,0.0,normalDay
2020-03-11,946.0,-1801.0,0.0,0,274.36,0.0,1,18.97,36.98,SPY200930P00290000,290.0,0,0.0,0.0,,0.0,normalDay
2020-03-12,946.0,-3811.0,0.0,0,248.11,0.0,1,18.97,57.08,SPY200930P00290000,290.0,0,0.0,0.0,,0.0,normalDay
2020-03-13,946.0,-2030.0,0.0,0,269.32,0.0,1,18.97,39.27,SPY200930P00290000,290.0,0,0.0,0.0,,0.0,normalDay
2020-03-16,946.0,-4284.0,0.0,0,239.85,0.0,1,18.97,61.81,SPY200930P00290000,290.0,0,0.0,0.0,,0.0,normalDay
2020-03-17,946.0,-3604.0,0.0,0,252.8,0.0,1,18.97,55.01,SPY200930P00290000,290.0,0,0.0,0.0,,0.0,normalDay
2020-03-18,946.0,-4427.0,0.0,0,240.0,0.0,1,18.97,63.24,SPY200930P00290000,290.0,0,0.0,0.0,,0.0,normalDay
2020-03-19,946.0,-4171.0,0.0,0,240.51,0.0,1,18.97,60.68,SPY200930P00290000,290.0,0,0.0,0.0,,0.0,normalDay
2020-03-20,946.0,-4787.0,0.0,0,228.8,0.0,1,18.97,66.84,SPY200930P00290000,290.0,0,0.0,0.0,,0.0,normalDay
2020-03-23,946.0,-5353.0,0.0,0,222.95,0.0,1,18.97,72.5,SPY200930P00290000,290.0,0,0.0,0.0,,0.0,normalDay
2020-03-24,946.0,-3516.0,0.0,0,243.15,0.0,1,18.97,54.13,SPY200930P00290000,290.0,0,0.0,0.0,,0.0,normalDay
2020-03-25,946.0,-3311.0,0.0,0,246.79,0.0,1,18.97,52.08,SPY200930P00290000,290.0,0,0.0,0.0,,0.0,normalDay
2020-03-26,946.0,-2333.0,0.0,0,261.2,0.0,1,18.97,42.3,SPY200930P00290000,290.0,0,0.0,0.0,,0.0,normalDay
2020-03-27,946.0,-2829.0,0.0,0,253.42,0.0,1,18.97,47.26,SPY200930P00290000,290.0,0,0.0,0.0,,0.0,normalDay
2020-03-30,946.0,-2279.0,0.0,0,261.65,0.0,1,18.97,41.76,SPY200930P00290000,290.0,0,0.0,0.0,,0.0,normalDay
2020-03-31,946.0,-2448.0,0.0,0,257.75,0.0,1,18.97,43.45,SPY200930P00290000,290.0,0,0.0,0.0,,0.0,normalDay
2020-04-01,946.0,-3320.0,0.0,0,246.15,0.0,1,18.97,52.17,SPY200930P00290000,290.0,0,0.0,0.0,,0.0,normalDay
2020-04-02,946.0,-2785.0,0.0,0,251.83,0.0,1,18.97,46.82,SPY200930P00290000,290.0,0,0.0,0.0,,0.0,normalDay
2020-04-03,946.0,-3017.0,0.0,0,248.19,0.0,1,18.97,49.14,SPY200930P00290000,290.0,0,0.0,0.0,,0.0,normalDay
2020-04-06,946.0,-1830.0,0.0,0,264.86,0.0,1,18.97,37.27,SPY200930P00290000,290.0,0,0.0,0.0,,0.0,normalDay
2020-04-07,946.0,-1939.0,0.0,0,265.13,0.0,1,18.97,38.36,SPY200930P00290000,290.0,0,0.0,0.0,,0.0,normalDay
2020-04-08,946.0,-1379.0,0.0,0,274.03,0.0,1,18.97,32.76,SPY200930P00290000,290.0,0,0.0,0.0,,0.0,normalDay
2020-04-09,946.0,-1183.0,0.0,0,278.2,0.0,1,18.97,30.8,SPY200930P00290000,290.0,0,0.0,0.0,,0.0,normalDay
2020-04-13,946.0,-1265.0,0.0,0,275.66,0.0,1,18.97,31.62,SPY200930P00290000,290.0,0,0.0,0.0,,0.0,normalDay
2020-04-14,946.0,-771.0,0.0,0,283.79,0.0,1,18.97,26.68,SPY200930P00290000,290.0,0,0.0,0.0,,0.0,normalDay
2020-04-15,946.0,-1175.0,0.0,0,277.76,0.0,1,18.97,30.72,SPY200930P00290000,290.0,0,0.0,0.0,,0.0,normalDay
2020-04-16,946.0,-1110.0,0.0,0,279.1,0.0,1,18.97,30.07,SPY200930P00290000,290.0,0,0.0,0.0,,0.0,normalDay
2020-04-17,946.0,-698.0,0.0,0,286.64,0.0,1,18.97,25.95,SPY200930P00290000,290.0,0,0.0,0.0,,0.0,normalDay
2020-04-20,946.0,-1063.0,0.0,0,281.59,0.0,1,18.97,29.6,SPY200930P00290000,290.0,0,0.0,0.0,,0.0,normalDay
2020-04-21,946.0,-1555.0,0.0,0,273.04,0.0,1,18.97,34.52,SPY200930P00290000,290.0,0,0.0,0.0,,0.0,normalDay
2020-04-22,946.0,-1228.0,0.0,0,279.1,0.0,1,18.97,31.25,SPY200930P00290000,290.0,0,0.0,0.0,,0.0,normalDay
2020-04-23,946.0,-1208.0,0.0,0,279.08,0.0,1,18.97,31.05,SPY200930P00290000,290.0,0,0.0,0.0,,0.0,normalDay
2020-04-24,946.0,-885.0,0.0,0,282.97,0.0,1,18.97,27.82,SPY200930P00290000,290.0,0,0.0,0.0,,0.0,normalDay
2020-04-27,946.0,-523.0,0.0,0,287.05,0.0,1,18.97,24.2,SPY200930P00290000,290.0,0,0.0,0.0,,0.0,normalDay
2020-04-28,946.0,-588.0,0.0,0,285.73,0.0,1,18.97,24.85,SPY200930P00290000,290.0,0,0.0,0.0,,0.0,normalDay
2020-04-29,946.0,-198.0,0.0,0,293.21,0.0,1,18.97,20.95,SPY200930P00290000,290.0,0,0.0,0.0,,0.0,normalDay
2020-04-30,946.0,-421.0,0.0,0,290.48,0.0,1,18.97,23.18,SPY200930P00290000,290.0,0,0.0,0.0,,0.0,normalDay
2020-05-01,946.0,-809.0,0.0,0,282.79,0.0,1,18.97,27.06,SPY200930P00290000,290.0,0,0.0,0.0,,0.0,normalDay
2020-05-04,946.0,-732.0,0.0,0,283.57,0.0,1,18.97,26.29,SPY200930P00290000,290.0,0,0.0,0.0,,0.0,normalDay
2020-05-05,946.0,-553.0,0.0,0,286.19,0.0,1,18.97,24.5,SPY200930P00290000,290.0,0,0.0,0.0,,0.0,normalDay
2020-05-06,946.0,-633.0,0.0,0,284.25,0.0,1,18.97,25.3,SPY200930P00290000,290.0,0,0.0,0.0,,0.0,normalDay
2020-05-07,946.0,-399.0,0.0,0,287.68,0.0,1,18.97,22.96,SPY200930P00290000,290.0,0,0.0,0.0,,0.0,normalDay
2020-05-08,946.0,-77.0,0.0,0,292.44,0.0,1,18.97,19.74,SPY200930P00290000,290.0,0,0.0,0.0,,0.0,normalDay
2020-05-11,946.0,-38.0,0.0,0,292.5,0.0,1,18.97,19.35,SPY200930P00290000,290.0,0,0.0,0.0,,0.0,normalDay
2020-05-12,946.0,-393.0,0.0,0,286.67,0.0,1,18.97,22.9,SPY200930P00290000,290.0,0,0.0,0.0,,0.0,normalDay
2020-05-13,946.0,-637.0,0.0,0,281.6,0.0,1,18.97,25.34,SPY200930P00290000,290.0,0,0.0,0.0,,0.0,normalDay
2020-05-14,946.0,-419.0,0.0,0,284.97,0.0,1,18.97,23.16,SPY200930P00290000,290.0,0,0.0,0.0,,0.0,normalDay
2020-05-15,946.0,-369.0,0.0,0,286.28,0.0,1,18.97,22.66,SPY200930P00290000,290.0,0,0.0,0.0,,0.0,normalDay
2020-05-18,946.0,120.0,0.0,0,295.0,0.0,1,18.97,17.77,SPY200930P00290000,290.0,0,0.0,0.0,,0.0,normalDay
2020-05-19,946.0,-3.0,0.0,0,291.97,0.0,1,18.97,19.0,SPY200930P00290000,290.0,0,0.0,0.0,,0.0,normalDay
2020-05-20,946.0,258.0,0.0,0,296.93,0.0,1,18.97,16.39,SPY200930P00290000,290.0,0,0.0,0.0,,0.0,normalDay
2020-05-21,946.0,117.0,0.0,0,294.88,0.0,1,18.97,17.8,SPY200930P00290000,290.0,0,0.0,0.0,,0.0,normalDay
2020-05-22,946.0,161.0,0.0,0,295.44,0.0,1,18.97,17.36,SPY200930P00290000,290.0,0,0.0,0.0,,0.0,normalDay
2020-05-26,946.0,352.0,0.0,0,299.08,0.0,1,18.97,15.45,SPY200930P00290000,290.0,0,0.0,0.0,,0.0,normalDay
2020-05-27,946.0,527.0,0.0,0,303.53,0.0,1,18.97,13.7,SPY200930P00290000,290.0,0,0.0,0.0,,0.0,normalDay
2020-05-28,946.0,507.0,0.0,0,302.97,0.0,1,18.97,13.9,SPY200930P00290000,290.0,0,0.0,0.0,,0.0,normalDay
2020-05-29,946.0,573.0,0.0,0,304.32,0.0,1,18.97,13.24,SPY200930P00290000,290.0,0,0.0,0.0,,0.0,normalDay
2020-06-01,946.0,569.0,0.0,0,305.55,0.0,1,18.97,13.28,SPY200930P00290000,290.0,0,0.0,0.0,,0.0,normalDay
2020-06-02,946.0,679.0,0.0,0,308.08,0.0,1,18.97,12.18,SPY200930P00290000,290.0,0,0.0,0.0,,0.0,normalDay
2020-06-03,946.0,821.0,0.0,0,312.18,0.0,1,18.97,10.76,SPY200930P00290000,290.0,0,0.0,0.0,,0.0,normalDay
2020-06-04,946.0,812.0,0.0,0,311.36,0.0,1,18.97,10.85,SPY200930P00290000,290.0,0,0.0,0.0,,0.0,normalDay
2020-06-05,946.0,1040.0,0.0,0,319.34,0.0,1,18.97,8.57,SPY200930P00290000,290.0,0,0.0,0.0,,0.0,normalDay
2020-06-08,946.0,1095.0,0.0,0,323.2,0.0,1,18.97,8.02,SPY200930P00290000,290.0,0,0.0,0.0,,0.0,normalDay
2020-06-09,946.0,1001.0,0.0,0,320.79,0.0,1,18.97,8.96,SPY200930P00290000,290.0,0,0.0,0.0,,0.0,normalDay
2020-06-10,946.0,935.0,0.0,0,319.0,0.0,1,18.97,9.62,SPY200930P00290000,290.0,0,0.0,0.0,,0.0,normalDay
2020-06-11,946.0,50.0,0.0,0,300.61,0.0,1,18.97,18.47,SPY200930P00290000,290.0,0,0.0,0.0,,0.0,normalDay
2020-06-12,946.0,272.0,0.0,0,304.21,0.0,1,18.97,16.25,SPY200930P00290000,290.0,0,0.0,0.0,,0.0,normalDay
2020-06-15,946.0,461.0,0.0,0,307.05,0.0,1,18.97,14.36,SPY200930P00290000,290.0,0,0.0,0.0,,0.0,normalDay
2020-06-16,946.0,644.0,0.0,0,312.96,0.0,1,18.97,12.53,SPY200930P00290000,290.0,0,0.0,0.0,,0.0,normalDay
2020-06-17,946.0,638.0,0.0,0,311.66,0.0,1,18.97,12.59,SPY200930P00290000,290.0,0,0.0,0.0,,0.0,normalDay
2020-06-18,946.0,652.0,0.0,0,311.78,0.0,1,18.97,12.45,SPY200930P00290000,290.0,0,0.0,0.0,,0.0,normalDay
2020-06-19,946.0,528.0,0.0,0,308.64,0.0,1,18.97,13.69,SPY200930P00290000,290.0,0,0.0,0.0,,0.0,normalDay
2020-06-22,946.0,745.0,0.0,0,310.62,0.0,1,18.97,11.52,SPY200930P00290000,290.0,0,0.0,0.0,,0.0,normalDay
2020-06-23,946.0,791.0,0.0,0,312.05,0.0,1,18.97,11.06,SPY200930P00290000,290.0,0,0.0,0.0,,0.0,normalDay
2020-06-24,946.0,535.0,0.0,0,304.09,0.0,1,18.97,13.62,SPY200930P00290000,290.0,0,0.0,0.0,,0.0,normalDay
2020-06-25,946.0,704.0,0.0,0,307.35,0.0,1,18.97,11.93,SPY200930P00290000,290.0,0,0.0,0.0,,0.0,normalDay
2020-06-26,946.0,456.0,0.0,0,300.05,0.0,1,18.97,14.41,SPY200930P00290000,290.0,0,0.0,0.0,,0.0,normalDay
2020-06-29,946.0,661.0,0.0,0,304.46,0.0,1,18.97,12.36,SPY200930P00290000,290.0,0,0.0,0.0,,0.0,normalDay
2020-06-30,946.0,826.0,0.0,0,308.36,0.0,1,18.97,10.71,SPY200930P00290000,290.0,0,0.0,0.0,,0.0,normalDay
2020-07-01,946.0,922.0,0.0,0,310.52,0.0,1,18.97,9.75,SPY200930P00290000,290.0,0,0.0,0.0,,0.0,normalDay
2020-07-02,946.0,1003.0,0.0,0,312.23,0.0,1,18.97,8.94,SPY200930P00290000,290.0,0,0.0,0.0,,0.0,normalDay
2020-07-06,946.0,1114.0,0.0,0,317.05,0.0,1,18.97,7.83,SPY200930P00290000,290.0,0,0.0,0.0,,0.0,normalDay
2020-07-07,946.0,1015.0,0.0,0,313.78,0.0,1,18.97,8.82,SPY200930P00290000,290.0,0,0.0,0.0,,0.0,normalDay
2020-07-08,946.0,1105.0,0.0,0,316.18,0.0,1,18.97,7.92,SPY200930P00290000,290.0,0,0.0,0.0,,0.0,normalDay
2020-07-09,946.0,1035.0,0.0,0,314.38,0.0,1,18.97,8.62,SPY200930P00290000,290.0,0,0.0,0.0,,0.0,normalDay
2020-07-10,946.0,1150.0,0.0,0,317.59,0.0,1,18.97,7.47,SPY200930P00290000,290.0,0,0.0,0.0,,0.0,normalDay
2020-07-13,946.0,975.0,0.0,0,314.84,0.0,1,18.97,9.22,SPY200930P00290000,290.0,0,0.0,0.0,,0.0,normalDay
2020-07-14,946.0,1146.0,0.0,0,318.92,0.0,1,18.97,7.51,SPY200930P00290000,290.0,0,0.0,0.0,,0.0,normalDay
2020-07-15,946.0,1240.0,0.0,0,321.85,0.0,1,18.97,6.57,SPY200930P00290000,290.0,0,0.0,0.0,,0.0,normalDay
2020-07-16,946.0,1218.0,0.0,0,320.79,0.0,1,18.97,6.79,SPY200930P00290000,290.0,0,0.0,0.0,,0.0,normalDay
2020-07-17,946.0,1329.0,0.0,0,321.72,0.0,1,18.97,5.68,SPY200930P00290000,290.0,0,0.0,0.0,,0.0,normalDay
2020-07-20,946.0,1419.0,0.0,0,324.32,0.0,1,18.97,4.78,SPY200930P00290000,290.0,0,0.0,0.0,,0.0,normalDay
2020-07-21,946.0,1426.0,0.0,0,325.01,0.0,1,18.97,4.71,SPY200930P00290000,290.0,0,0.0,0.0,,0.0,normalDay
2020-07-22,946.0,1462.0,0.0,0,326.86,0.0,1,18.97,4.35,SPY200930P00290000,290.0,0,0.0,0.0,,0.0,normalDay
2020-07-23,946.0,1372.0,0.0,0,322.96,0.0,1,18.97,5.25,SPY200930P00290000,290.0,0,0.0,0.0,,0.0,normalDay
2020-07-24,946.0,1370.0,0.0,0,320.88,0.0,1,18.97,5.27,SPY200930P00290000,290.0,0,0.0,0.0,,0.0,normalDay
2020-07-27,946.0,1447.0,0.0,0,323.22,0.0,1,18.97,4.5,SPY200930P00290000,290.0,0,0.0,0.0,,0.0,normalDay
2020-07-28,946.0,1412.0,0.0,0,321.17,0.0,1,18.97,4.85,SPY200930P00290000,290.0,0,0.0,0.0,,0.0,normalDay
2020-07-29,946.0,1496.0,0.0,0,325.12,0.0,1,18.97,4.01,SPY200930P00290000,290.0,0,0.0,0.0,,0.0,normalDay
2020-07-30,946.0,1465.0,0.0,0,323.96,0.0,1,18.97,4.32,SPY200930P00290000,290.0,0,0.0,0.0,,0.0,normalDay
2020-07-31,946.0,1523.0,0.0,0,326.52,0.0,1,18.97,3.74,SPY200930P00290000,290.0,0,0.0,0.0,,0.0,normalDay
2020-08-03,946.0,1563.0,0.0,0,328.79,0.0,1,18.97,3.34,SPY200930P00290000,290.0,0,0.0,0.0,,0.0,normalDay
2020-08-04,946.0,1596.0,0.0,0,330.06,0.0,1,18.97,3.01,SPY200930P00290000,290.0,0,0.0,0.0,,0.0,normalDay
2020-08-05,946.0,1634.0,0.0,0,332.11,0.0,1,18.97,2.63,SPY200930P00290000,290.0,0,0.0,0.0,,0.0,normalDay
2020-08-06,946.0,1659.0,0.0,0,334.33,0.0,1,18.97,2.38,SPY200930P00290000,290.0,0,0.0,0.0,,0.0,normalDay
2020-08-07,946.0,1667.0,0.0,0,334.57,0.0,1,18.97,2.3,SPY200930P00290000,290.0,0,0.0,0.0,,0.0,normalDay
2020-08-10,946.0,1691.0,0.0,0,335.57,0.0,1,18.97,2.06,SPY200930P00290000,290.0,0,0.0,0.0,,0.0,normalDay
2020-08-11,946.0,1642.0,0.0,0,332.8,0.0,1,18.97,2.55,SPY200930P00290000,290.0,0,0.0,0.0,,0.0,normalDay
2020-08-12,946.0,1708.0,0.0,0,337.44,0.0,1,18.97,1.89,SPY200930P00290000,290.0,0,0.0,0.0,,0.0,normalDay
2020-08-13,946.0,1708.0,0.0,0,336.83,0.0,1,18.97,1.89,SPY200930P00290000,290.0,0,0.0,0.0,,0.0,normalDay
2020-08-14,946.0,1718.0,0.0,0,336.84,0.0,1,18.97,1.79,SPY200930P00290000,290.0,0,0.0,0.0,,0.0,normalDay
2020-08-17,946.0,1750.0,0.0,0,337.91,0.0,1,18.97,1.47,SPY200930P00290000,290.0,0,0.0,0.0,,0.0,normalDay
2020-08-18,946.0,1759.0,0.0,0,338.64,0.0,1,18.97,1.38,SPY200930P00290000,290.0,0,0.0,0.0,,0.0,normalDay
2020-08-19,946.0,1745.0,0.0,0,337.23,0.0,1,18.97,1.52,SPY200930P00290000,290.0,0,0.0,0.0,,0.0,normalDay
2020-08-20,946.0,1753.0,0.0,0,338.28,0.0,1,18.97,1.44,SPY200930P00290000,290.0,0,0.0,0.0,,0.0,normalDay
2020-08-21,946.0,1768.0,0.0,0,339.48,0.0,1,18.97,1.29,SPY200930P00290000,290.0,0,0.0,0.0,,0.0,normalDay
2020-08-24,946.0,1792.0,0.0,0,342.92,0.0,1,18.97,1.05,SPY200930P00290000,290.0,0,0.0,0.0,,0.0,normalDay
2020-08-25,946.0,1805.0,0.0,0,344.12,0.0,1,18.97,0.92,SPY200930P00290000,290.0,0,0.0,0.0,,0.0,normalDay
2020-08-26,946.0,1808.0,0.0,0,347.57,0.0,1,18.97,0.89,SPY200930P00290000,290.0,0,0.0,0.0,,0.0,normalDay
2020-08-27,946.0,1803.0,0.0,0,348.33,0.0,1,18.97,0.94,SPY200930P00290000,290.0,0,0.0,0.0,,0.0,normalDay
2020-08-28,946.0,1825.0,0.0,0,350.58,0.0,1,18.97,0.72,SPY200930P00290000,290.0,0,0.0,0.0,,0.0,normalDay
2020-08-31,946.0,1806.0,0.0,0,349.31,0.0,1,18.97,0.91,SPY200930P00290000,290.0,0,0.0,0.0,,0.0,normalDay
2020-09-01,946.0,1816.0,0.0,0,352.6,0.0,1,18.97,0.81,SPY200930P00290000,290.0,0,0.0,0.0,,0.0,normalDay
2020-09-02,946.0,1832.0,0.0,0,357.7,0.0,1,18.97,0.65,SPY200930P00290000,290.0,0,0.0,0.0,,0.0,normalDay
2020-09-03,946.0,1758.0,0.0,0,345.39,0.0,1,18.97,1.39,SPY200930P00290000,290.0,0,0.0,0.0,,0.0,normalDay
2020-09-04,946.0,1772.0,0.0,0,342.57,0.0,1,18.97,1.25,SPY200930P00290000,290.0,0,0.0,0.0,,0.0,normalDay
2020-09-08,946.0,1763.0,0.0,0,333.21,0.0,1,18.97,1.34,SPY200930P00290000,290.0,0,0.0,0.0,,0.0,normalDay
2020-09-09,946.0,1817.0,0.0,0,339.79,0.0,1,18.97,0.8,SPY200930P00290000,290.0,0,0.0,0.0,,0.0,normalDay
2020-09-10,946.0,1800.0,0.0,0,333.89,0.0,1,18.97,0.97,SPY200930P00290000,290.0,0,0.0,0.0,,0.0,normalDay
2020-09-11,946.0,1839.0,0.0,0,334.06,0.0,1,18.97,0.58,SPY200930P00290000,290.0,0,0.0,0.0,,0.0,normalDay
2020-09-14,946.0,1866.0,0.0,0,338.46,0.0,1,18.97,0.31,SPY200930P00290000,290.0,0,0.0,0.0,,0.0,normalDay
2020-09-15,946.0,1870.0,0.0,0,340.17,0.0,1,18.97,0.27,SPY200930P00290000,290.0,0,0.0,0.0,,0.0,normalDay
2020-09-16,946.0,1870.0,0.0,0,338.82,0.0,1,18.97,0.27,SPY200930P00290000,290.0,0,0.0,0.0,,0.0,normalDay
2020-09-17,946.0,1870.0,0.0,0,335.84,0.0,1,18.97,0.27,SPY200930P00290000,290.0,0,0.0,0.0,,0.0,normalDay
2020-09-18,946.0,1873.0,0.0,0,330.65,0.0,1,18.97,0.24,SPY200930P00290000,290.0,0,0.0,0.0,,0.0,normalDay
2020-09-21,946.0,1878.0,0.0,0,326.97,0.0,1,18.97,0.19,SPY200930P00290000,290.0,0,0.0,0.0,,0.0,normalDay
2020-09-22,946.0,1887.0,0.0,0,330.3,0.0,1,18.97,0.1,SPY200930P00290000,290.0,0,0.0,0.0,,0.0,normalDay
2020-09-23,946.0,1881.0,0.0,0,322.64,0.0,1,18.97,0.16,SPY200930P00290000,290.0,0,0.0,0.0,,0.0,normalDay
2020-09-24,946.0,1887.0,0.0,0,323.5,0.0,1,18.97,0.1,SPY200930P00290000,290.0,0,0.0,0.0,,0.0,normalDay
2020-09-25,946.0,1894.0,0.0,0,328.73,0.0,1,18.97,0.03,SPY200930P00290000,290.0,0,0.0,0.0,,0.0,normalDay
2020-09-28,946.0,1895.0,0.0,0,334.19,0.0,1,18.97,0.02,SPY200930P00290000,290.0,0,0.0,0.0,,0.0,normalDay
2020-09-29,946.0,1896.0,0.0,0,332.37,0.0,1,18.97,0.01,SPY200930P00290000,290.0,0,0.0,0.0,,0.0,normalDay
2020-09-30,2843.0,0.0,1897.0,0,334.89,0.0,1,18.97,0.0,SPY200930P00290000,290.0,0,0.0,0.0,,0.0,expirationDay
2020-10-01,2843.0,-99.0,0.0,0,337.04,0.0,1,24.77,25.76,SPY210930P00313000,313.0,0,0.0,0.0,,0.0,normalDay
2020-10-02,2843.0,-215.0,0.0,0,333.84,0.0,1,24.77,26.92,SPY210930P00313000,313.0,0,0.0,0.0,,0.0,normalDay
2020-10-05,2843.0,9.0,0.0,0,339.76,0.0,1,24.77,24.68,SPY210930P00313000,313.0,0,0.0,0.0,,0.0,normalDay
2020-10-06,2843.0,-156.0,0.0,0,334.93,0.0,1,24.77,26.33,SPY210930P00313000,313.0,0,0.0,0.0,,0.0,normalDay
2020-10-07,2843.0,82.0,0.0,0,340.76,0.0,1,24.77,23.95,SPY210930P00313000,313.0,0,0.0,0.0,,0.0,normalDay
2020-10-08,2843.0,210.0,0.0,0,343.78,0.0,1,24.77,22.67,SPY210930P00313000,313.0,0,0.0,0.0,,0.0,normalDay
2020-10-09,2843.0,356.0,0.0,0,346.85,0.0,1,24.77,21.21,SPY210930P00313000,313.0,0,0.0,0.0,,0.0,normalDay
2020-10-12,2843.0,516.0,0.0,0,352.43,0.0,1,24.77,19.61,SPY210930P00313000,313.0,0,0.0,0.0,,0.0,normalDay
2020-10-13,2843.0,447.0,0.0,0,350.13,0.0,1,24.77,20.3,SPY210930P00313000,313.0,0,0.0,0.0,,0.0,normalDay
2020-10-14,2843.0,408.0,0.0,0,347.93,0.0,1,24.77,20.69,SPY210930P00313000,313.0,0,0.0,0.0,,0.0,normalDay
2020-10-15,2843.0,392.0,0.0,0,347.5,0.0,1,24.77,20.85,SPY210930P00313000,313.0,0,0.0,0.0,,0.0,normalDay
2020-10-16,2843.0,340.0,0.0,0,347.29,0.0,1,24.77,21.37,SPY210930P00313000,313.0,0,0.0,0.0,,0.0,normalDay
2020-10-19,2843.0,170.0,0.0,0,342.01,0.0,1,24.77,23.07,SPY210930P00313000,313.0,0,0.0,0.0,,0.0,normalDay
2020-10-20,2843.0,194.0,0.0,0,343.38,0.0,1,24.77,22.83,SPY210930P00313000,313.0,0,0.0,0.0,,0.0,normalDay
2020-10-21,2843.0,248.0,0.0,0,342.73,0.0,1,24.77,22.29,SPY210930P00313000,313.0,0,0.0,0.0,,0.0,normalDay
2020-10-22,2843.0,319.0,0.0,0,344.61,0.0,1,24.77,21.58,SPY210930P00313000,313.0,0,0.0,0.0,,0.0,normalDay
2020-10-23,2843.0,371.0,0.0,0,345.78,0.0,1,24.77,21.06,SPY210930P00313000,313.0,0,0.0,0.0,,0.0,normalDay
2020-10-26,2843.0,118.0,0.0,0,339.39,0.0,1,24.77,23.59,SPY210930P00313000,313.0,0,0.0,0.0,,0.0,normalDay
2020-10-27,2843.0,114.0,0.0,0,338.22,0.0,1,24.77,23.63,SPY210930P00313000,313.0,0,0.0,0.0,,0.0,normalDay
2020-10-28,2843.0,-445.0,0.0,0,326.66,0.0,1,24.77,29.22,SPY210930P00313000,313.0,0,0.0,0.0,,0.0,normalDay
2020-10-29,2843.0,-227.0,0.0,0,329.98,0.0,1,24.77,27.04,SPY210930P00313000,313.0,0,0.0,0.0,,0.0,normalDay
2020-10-30,2843.0,-313.0,0.0,0,326.54,0.0,1,24.77,27.9,SPY210930P00313000,313.0,0,0.0,0.0,,0.0,normalDay
2020-11-02,2843.0,-94.0,0.0,0,330.2,0.0,1,24.77,25.71,SPY210930P00313000,313.0,0,0.0,0.0,,0.0,normalDay
2020-11-03,2843.0,111.0,0.0,0,336.03,0.0,1,24.77,23.66,SPY210930P00313000,313.0,0,0.0,0.0,,0.0,normalDay
2020-11-04,2843.0,444.0,0.0,0,343.54,0.0,1,24.77,20.33,SPY210930P00313000,313.0,0,0.0,0.0,,0.0,normalDay
2020-11-05,2843.0,577.0,0.0,0,350.24,0.0,1,24.77,19.0,SPY210930P00313000,313.0,0,0.0,0.0,,0.0,normalDay
2020-11-06,2843.0,630.0,0.0,0,350.16,0.0,1,24.77,18.47,SPY210930P00313000,313.0,0,0.0,0.0,,0.0,normalDay
2020-11-09,2843.0,806.0,0.0,0,354.56,0.0,1,24.77,16.71,SPY210930P00313000,313.0,0,0.0,0.0,,0.0,normalDay
2020-11-10,2843.0,799.0,0.0,0,354.04,0.0,1,24.77,16.78,SPY210930P00313000,313.0,0,0.0,0.0,,0.0,normalDay
2020-11-11,2843.0,872.0,0.0,0,356.67,0.0,1,24.77,16.05,SPY210930P00313000,313.0,0,0.0,0.0,,0.0,normalDay
2020-11-12,2843.0,743.0,0.0,0,353.21,0.0,1,24.77,17.34,SPY210930P00313000,313.0,0,0.0,0.0,,0.0,normalDay
2020-11-13,2843.0,885.0,0.0,0,358.1,0.0,1,24.77,15.92,SPY210930P00313000,313.0,0,0.0,0.0,,0.0,normalDay
2020-11-16,2843.0,970.0,0.0,0,362.57,0.0,1,24.77,15.07,SPY210930P00313000,313.0,0,0.0,0.0,,0.0,normalDay
2020-11-17,2843.0,935.0,0.0,0,360.62,0.0,1,24.77,15.42,SPY210930P00313000,313.0,0,0.0,0.0,,0.0,normalDay
2020-11-18,2843.0,827.0,0.0,0,356.28,0.0,1,24.77,16.5,SPY210930P00313000,313.0,0,0.0,0.0,,0.0,normalDay
2020-11-19,2843.0,891.0,0.0,0,357.78,0.0,1,24.77,15.86,SPY210930P00313000,313.0,0,0.0,0.0,,0.0,normalDay
2020-11-20,2843.0,813.0,0.0,0,355.33,0.0,1,24.77,16.64,SPY210930P00313000,313.0,0,0.0,0.0,,0.0,normalDay
2020-11-23,2843.0,897.0,0.0,0,357.46,0.0,1,24.77,15.8,SPY210930P00313000,313.0,0,0.0,0.0,,0.0,normalDay
2020-11-24,2843.0,1035.0,0.0,0,363.22,0.0,1,24.77,14.42,SPY210930P00313000,313.0,0,0.0,0.0,,0.0,normalDay
2020-11-25,2843.0,1034.0,0.0,0,362.66,0.0,1,24.77,14.43,SPY210930P00313000,313.0,0,0.0,0.0,,0.0,normalDay
2020-11-27,2843.0,1009.0,0.0,0,363.67,0.0,1,24.77,14.68,SPY210930P00313000,313.0,0,0.0,0.0,,0.0,normalDay
2020-11-30,2843.0,1068.0,0.0,0,362.06,0.0,1,24.77,14.09,SPY210930P00313000,313.0,0,0.0,0.0,,0.0,normalDay
2020-12-01,2843.0,1113.0,0.0,0,366.02,0.0,1,24.77,13.64,SPY210930P00313000,313.0,0,0.0,0.0,,0.0,normalDay
2020-12-02,2843.0,1129.0,0.0,0,366.79,0.0,1,24.77,13.48,SPY210930P00313000,313.0,0,0.0,0.0,,0.0,normalDay
2020-12-03,2843.0,1123.0,0.0,0,366.69,0.0,1,24.77,13.54,SPY210930P00313000,313.0,0,0.0,0.0,,0.0,normalDay
2020-12-04,2843.0,1183.0,0.0,0,369.85,0.0,1,24.77,12.94,SPY210930P00313000,313.0,0,0.0,0.0,,0.0,normalDay
2020-12-07,2843.0,1152.0,0.0,0,369.09,0.0,1,24.77,13.25,SPY210930P00313000,313.0,0,0.0,0.0,,0.0,normalDay
2020-12-08,2843.0,1209.0,0.0,0,370.17,0.0,1,24.77,12.68,SPY210930P00313000,313.0,0,0.0,0.0,,0.0,normalDay
2020-12-09,2843.0,1120.0,0.0,0,366.85,0.0,1,24.77,13.57,SPY210930P00313000,313.0,0,0.0,0.0,,0.0,normalDay
2020-12-10,2843.0,1110.0,0.0,0,366.73,0.0,1,24.77,13.67,SPY210930P00313000,313.0,0,0.0,0.0,,0.0,normalDay
2020-12-11,2843.0,1076.0,0.0,0,366.3,0.0,1,24.77,14.01,SPY210930P00313000,313.0,0,0.0,0.0,,0.0,normalDay
2020-12-14,2843.0,1026.0,0.0,0,364.66,0.0,1,24.77,14.51,SPY210930P00313000,313.0,0,0.0,0.0,,0.0,normalDay
2020-12-15,2843.0,1128.0,0.0,0,369.59,0.0,1,24.77,13.49,SPY210930P00313000,313.0,0,0.0,0.0,,0.0,normalDay
2020-12-16,2843.0,1158.0,0.0,0,370.17,0.0,1,24.77,13.19,SPY210930P00313000,313.0,0,0.0,0.0,,0.0,normalDay
2020-12-17,2843.0,1219.0,0.0,0,372.24,0.0,1,24.77,12.58,SPY210930P00313000,313.0,0,0.0,0.0,,0.0,normalDay
2020-12-18,2843.0,1213.0,0.0,0,369.18,0.0,1,24.77,12.64,SPY210930P00313000,313.0,0,0.0,0.0,,0.0,normalDay
2020-12-21,2843.0,1110.0,0.0,0,367.86,0.0,1,24.77,13.67,SPY210930P00313000,313.0,0,0.0,0.0,,0.0,normalDay
2020-12-22,2843.0,1108.0,0.0,0,367.24,0.0,1,24.77,13.69,SPY210930P00313000,313.0,0,0.0,0.0,,0.0,normalDay
2020-12-23,2843.0,1152.0,0.0,0,367.57,0.0,1,24.77,13.25,SPY210930P00313000,313.0,0,0.0,0.0,,0.0,normalDay
2020-12-24,2843.0,1216.0,0.0,0,369.0,0.0,1,24.77,12.61,SPY210930P00313000,313.0,0,0.0,0.0,,0.0,normalDay
2020-12-28,2843.0,1282.0,0.0,0,372.17,0.0,1,24.77,11.95,SPY210930P00313000,313.0,0,0.0,0.0,,0.0,normalDay
2020-12-29,2843.0,1218.0,0.0,0,371.46,0.0,1,24.77,12.59,SPY210930P00313000,313.0,0,0.0,0.0,,0.0,normalDay
2020-12-30,2843.0,1257.0,0.0,0,371.99,0.0,1,24.77,12.2,SPY210930P00313000,313.0,0,0.0,0.0,,0.0,normalDay
2020-12-31,2843.0,1295.0,0.0,0,373.88,0.0,1,24.77,11.82,SPY210930P00313000,313.0,0,0.0,0.0,,0.0,normalDay
2021-01-04,2843.0,1146.0,0.0,0,368.79,0.0,1,24.77,13.31,SPY210930P00313000,313.0,0,0.0,0.0,,0.0,normalDay
2021-01-05,2843.0,1215.0,0.0,0,371.33,0.0,1,24.77,12.62,SPY210930P00313000,313.0,0,0.0,0.0,,0.0,normalDay
2021-01-06,2843.0,1250.0,0.0,0,373.55,0.0,1,24.77,12.27,SPY210930P00313000,313.0,0,0.0,0.0,,0.0,normalDay
2021-01-07,2843.0,1407.0,0.0,0,379.1,0.0,1,24.77,10.7,SPY210930P00313000,313.0,0,0.0,0.0,,0.0,normalDay
2021-01-08,2843.0,1442.0,0.0,0,381.26,0.0,1,24.77,10.35,SPY210930P00313000,313.0,0,0.0,0.0,,0.0,normalDay
2021-01-11,2843.0,1339.0,0.0,0,378.69,0.0,1,24.77,11.38,SPY210930P00313000,313.0,0,0.0,0.0,,0.0,normalDay
2021-01-12,2843.0,1367.0,0.0,0,378.77,0.0,1,24.77,11.1,SPY210930P00313000,313.0,0,0.0,0.0,,0.0,normalDay
2021-01-13,2843.0,1406.0,0.0,0,379.79,0.0,1,24.77,10.71,SPY210930P00313000,313.0,0,0.0,0.0,,0.0,normalDay
2021-01-14,2843.0,1351.0,0.0,0,378.46,0.0,1,24.77,11.26,SPY210930P00313000,313.0,0,0.0,0.0,,0.0,normalDay
2021-01-15,2843.0,1272.0,0.0,0,375.7,0.0,1,24.77,12.05,SPY210930P00313000,313.0,0,0.0,0.0,,0.0,normalDay
2021-01-19,2843.0,1357.0,0.0,0,378.65,0.0,1,24.77,11.2,SPY210930P00313000,313.0,0,0.0,0.0,,0.0,normalDay
2021-01-20,2843.0,1459.0,0.0,0,383.89,0.0,1,24.77,10.18,SPY210930P00313000,313.0,0,0.0,0.0,,0.0,normalDay
2021-01-21,2843.0,1454.0,0.0,0,384.24,0.0,1,24.77,10.23,SPY210930P00313000,313.0,0,0.0,0.0,,0.0,normalDay
2021-01-22,2843.0,1428.0,0.0,0,382.88,0.0,1,24.77,10.49,SPY210930P00313000,313.0,0,0.0,0.0,,0.0,normalDay
2021-01-25,2843.0,1413.0,0.0,0,384.39,0.0,1,24.77,10.64,SPY210930P00313000,313.0,0,0.0,0.0,,0.0,normalDay
2021-01-26,2843.0,1400.0,0.0,0,383.79,0.0,1,24.77,10.77,SPY210930P00313000,313.0,0,0.0,0.0,,0.0,normalDay
2021-01-27,2843.0,1000.0,0.0,0,374.41,0.0,1,24.77,14.77,SPY210930P00313000,313.0,0,0.0,0.0,,0.0,normalDay
2021-01-28,2843.0,1145.0,0.0,0,377.63,0.0,1,24.77,13.32,SPY210930P00313000,313.0,0,0.0,0.0,,0.0,normalDay
2021-01-29,2843.0,915.0,0.0,0,370.07,0.0,1,24.77,15.62,SPY210930P00313000,313.0,0,0.0,0.0,,0.0,normalDay
2021-02-01,2843.0,1120.0,0.0,0,376.23,0.0,1,24.77,13.57,SPY210930P00313000,313.0,0,0.0,0.0,,0.0,normalDay
2021-02-02,2843.0,1320.0,0.0,0,381.55,0.0,1,24.77,11.57,SPY210930P00313000,313.0,0,0.0,0.0,,0.0,normalDay
2021-02-03,2843.0,1375.0,0.0,0,381.85,0.0,1,24.77,11.02,SPY210930P00313000,313.0,0,0.0,0.0,,0.0,normalDay
2021-02-04,2843.0,1463.0,0.0,0,386.19,0.0,1,24.77,10.14,SPY210930P00313000,313.0,0,0.0,0.0,,0.0,normalDay
2021-02-05,2843.0,1472.0,0.0,0,387.71,0.0,1,24.77,10.05,SPY210930P00313000,313.0,0,0.0,0.0,,0.0,normalDay
2021-02-08,2843.0,1519.0,0.0,0,390.51,0.0,1,24.77,9.58,SPY210930P00313000,313.0,0,0.0,0.0,,0.0,normalDay
2021-02-09,2843.0,1509.0,0.0,0,390.25,0.0,1,24.77,9.68,SPY210930P00313000,313.0,0,0.0,0.0,,0.0,normalDay
2021-02-10,2843.0,1485.0,0.0,0,390.08,0.0,1,24.77,9.92,SPY210930P00313000,313.0,0,0.0,0.0,,0.0,normalDay
2021-02-11,2843.0,1502.0,0.0,0,390.71,0.0,1,24.77,9.75,SPY210930P00313000,313.0,0,0.0,0.0,,0.0,normalDay
2021-02-12,2843.0,1547.0,0.0,0,392.64,0.0,1,24.77,9.3,SPY210930P00313000,313.0,0,0.0,0.0,,0.0,normalDay
2021-02-16,2843.0,1515.0,0.0,0,392.3,0.0,1,24.77,9.62,SPY210930P00313000,313.0,0,0.0,0.0,,0.0,normalDay
2021-02-17,2843.0,1526.0,0.0,0,392.39,0.0,1,24.77,9.51,SPY210930P00313000,313.0,0,0.0,0.0,,0.0,normalDay
2021-02-18,2843.0,1490.0,0.0,0,390.72,0.0,1,24.77,9.87,SPY210930P00313000,313.0,0,0.0,0.0,,0.0,normalDay
2021-02-19,2843.0,1498.0,0.0,0,390.03,0.0,1,24.77,9.79,SPY210930P00313000,313.0,0,0.0,0.0,,0.0,normalDay
2021-02-22,2843.0,1449.0,0.0,0,387.03,0.0,1,24.77,10.28,SPY210930P00313000,313.0,0,0.0,0.0,,0.0,normalDay
2021-02-23,2843.0,1487.0,0.0,0,387.5,0.0,1,24.77,9.9,SPY210930P00313000,313.0,0,0.0,0.0,,0.0,normalDay
2021-02-24,2843.0,1587.0,0.0,0,391.77,0.0,1,24.77,8.9,SPY210930P00313000,313.0,0,0.0,0.0,,0.0,normalDay
2021-02-25,2843.0,1361.0,0.0,0,382.33,0.0,1,24.77,11.16,SPY210930P00313000,313.0,0,0.0,0.0,,0.0,normalDay
2021-02-26,2843.0,1388.0,0.0,0,380.36,0.0,1,24.77,10.89,SPY210930P00313000,313.0,0,0.0,0.0,,0.0,normalDay
2021-03-01,2843.0,1592.0,0.0,0,389.58,0.0,1,24.77,8.85,SPY210930P00313000,313.0,0,0.0,0.0,,0.0,normalDay
2021-03-02,2843.0,1541.0,0.0,0,386.54,0.0,1,24.77,9.36,SPY210930P00313000,313.0,0,0.0,0.0,,0.0,normalDay
2021-03-03,2843.0,1448.0,0.0,0,381.42,0.0,1,24.77,10.29,SPY210930P00313000,313.0,0,0.0,0.0,,0.0,normalDay
2021-03-04,2843.0,1375.0,0.0,0,376.7,0.0,1,24.77,11.02,SPY210930P00313000,313.0,0,0.0,0.0,,0.0,normalDay
2021-03-05,2843.0,1550.0,0.0,0,383.63,0.0,1,24.77,9.27,SPY210930P00313000,313.0,0,0.0,0.0,,0.0,normalDay
2021-03-08,2843.0,1542.0,0.0,0,381.72,0.0,1,24.77,9.35,SPY210930P00313000,313.0,0,0.0,0.0,,0.0,normalDay
2021-03-09,2843.0,1629.0,0.0,0,387.17,0.0,1,24.77,8.48,SPY210930P00313000,313.0,0,0.0,0.0,,0.0,normalDay
2021-03-10,2843.0,1673.0,0.0,0,389.58,0.0,1,24.77,8.04,SPY210930P00313000,313.0,0,0.0,0.0,,0.0,normalDay
2021-03-11,2843.0,1730.0,0.0,0,393.53,0.0,1,24.77,7.47,SPY210930P00313000,313.0,0,0.0,0.0,,0.0,normalDay
2021-03-12,2843.0,1756.0,0.0,0,394.06,0.0,1,24.77,7.21,SPY210930P00313000,313.0,0,0.0,0.0,,0.0,normalDay
2021-03-15,2843.0,1797.0,0.0,0,396.41,0.0,1,24.77,6.8,SPY210930P00313000,313.0,0,0.0,0.0,,0.0,normalDay
2021-03-16,2843.0,1800.0,0.0,0,395.91,0.0,1,24.77,6.77,SPY210930P00313000,313.0,0,0.0,0.0,,0.0,normalDay
2021-03-17,2843.0,1850.0,0.0,0,397.26,0.0,1,24.77,6.27,SPY210930P00313000,313.0,0,0.0,0.0,,0.0,normalDay
2021-03-18,2843.0,1776.0,0.0,0,391.48,0.0,1,24.77,7.01,SPY210930P00313000,313.0,0,0.0,0.0,,0.0,normalDay
2021-03-19,2843.0,1775.0,0.0,0,389.48,0.0,1,24.77,7.02,SPY210930P00313000,313.0,0,0.0,0.0,,0.0,normalDay
2021-03-22,2843.0,1878.0,0.0,0,392.59,0.0,1,24.77,5.99,SPY210930P00313000,313.0,0,0.0,0.0,,0.0,normalDay
2021-03-23,2843.0,1830.0,0.0,0,389.5,0.0,1,24.77,6.47,SPY210930P00313000,313.0,0,0.0,0.0,,0.0,normalDay
2021-03-24,2843.0,1796.0,0.0,0,387.52,0.0,1,24.77,6.81,SPY210930P00313000,313.0,0,0.0,0.0,,0.0,normalDay
2021-03-25,2843.0,1858.0,0.0,0,389.7,0.0,1,24.77,6.19,SPY210930P00313000,313.0,0,0.0,0.0,,0.0,normalDay
2021-03-26,2843.0,1934.0,0.0,0,395.98,0.0,1,24.77,5.43,SPY210930P00313000,313.0,0,0.0,0.0,,0.0,normalDay
2021-03-29,2843.0,1925.0,0.0,0,395.78,0.0,1,24.77,5.52,SPY210930P00313000,313.0,0,0.0,0.0,,0.0,normalDay
2021-03-30,2843.0,1953.0,0.0,0,394.73,0.0,1,24.77,5.24,SPY210930P00313000,313.0,0,0.0,0.0,,0.0,normalDay
2021-03-31,2843.0,1984.0,0.0,0,396.33,0.0,1,24.77,4.93,SPY210930P00313000,313.0,0,0.0,0.0,,0.0,normalDay
2021-04-01,2843.0,2044.0,0.0,0,400.61,0.0,1,24.77,4.33,SPY210930P00313000,313.0,0,0.0,0.0,,0.0,normalDay
2021-04-05,2843.0,2095.0,0.0,0,406.36,0.0,1,24.77,3.82,SPY210930P00313000,313.0,0,0.0,0.0,,0.0,normalDay
2021-04-06,2843.0,2093.0,0.0,0,406.12,0.0,1,24.77,3.84,SPY210930P00313000,313.0,0,0.0,0.0,,0.0,normalDay
2021-04-07,2843.0,2113.0,0.0,0,406.59,0.0,1,24.77,3.64,SPY210930P00313000,313.0,0,0.0,0.0,,0.0,normalDay
2021-04-08,2843.0,2127.0,0.0,0,408.52,0.0,1,24.77,3.5,SPY210930P00313000,313.0,0,0.0,0.0,,0.0,normalDay
2021-04-09,2843.0,2133.0,0.0,0,411.49,0.0,1,24.77,3.44,SPY210930P00313000,313.0,0,0.0,0.0,,0.0,normalDay
2021-04-12,2843.0,2139.0,0.0,0,411.64,0.0,1,24.77,3.38,SPY210930P00313000,313.0,0,0.0,0.0,,0.0,normalDay
2021-04-13,2843.0,2152.0,0.0,0,412.86,0.0,1,24.77,3.25,SPY210930P00313000,313.0,0,0.0,0.0,,0.0,normalDay
2021-04-14,2843.0,2140.0,0.0,0,411.45,0.0,1,24.77,3.37,SPY210930P00313000,313.0,0,0.0,0.0,,0.0,normalDay
2021-04-15,2843.0,2165.0,0.0,0,415.87,0.0,1,24.77,3.12,SPY210930P00313000,313.0,0,0.0,0.0,,0.0,normalDay
2021-04-16,2843.0,2171.0,0.0,0,417.26,0.0,1,24.77,3.06,SPY210930P00313000,313.0,0,0.0,0.0,,0.0,normalDay
2021-04-19,2843.0,2153.0,0.0,0,415.21,0.0,1,24.77,3.24,SPY210930P00313000,313.0,0,0.0,0.0,,0.0,normalDay
2021-04-20,2843.0,2124.0,0.0,0,412.17,0.0,1,24.77,3.53,SPY210930P00313000,313.0,0,0.0,0.0,,0.0,normalDay
2021-04-21,2843.0,2161.0,0.0,0,416.07,0.0,1,24.77,3.16,SPY210930P00313000,313.0,0,0.0,0.0,,0.0,normalDay
2021-04-22,2843.0,2118.0,0.0,0,412.27,0.0,1,24.77,3.59,SPY210930P00313000,313.0,0,0.0,0.0,,0.0,normalDay
2021-04-23,2843.0,2165.0,0.0,0,416.74,0.0,1,24.77,3.12,SPY210930P00313000,313.0,0,0.0,0.0,,0.0,normalDay
2021-04-26,2843.0,2174.0,0.0,0,417.61,0.0,1,24.77,3.03,SPY210930P00313000,313.0,0,0.0,0.0,,0.0,normalDay
2021-04-27,2843.0,2180.0,0.0,0,417.52,0.0,1,24.77,2.97,SPY210930P00313000,313.0,0,0.0,0.0,,0.0,normalDay
2021-04-28,2843.0,2190.0,0.0,0,417.4,0.0,1,24.77,2.87,SPY210930P00313000,313.0,0,0.0,0.0,,0.0,normalDay
2021-04-29,2843.0,2195.0,0.0,0,420.06,0.0,1,24.77,2.82,SPY210930P00313000,313.0,0,0.0,0.0,,0.0,normalDay
2021-04-30,2843.0,2174.0,0.0,0,417.3,0.0,1,24.77,3.03,SPY210930P00313000,313.0,0,0.0,0.0,,0.0,normalDay
2021-05-03,2843.0,2186.0,0.0,0,418.2,0.0,1,24.77,2.91,SPY210930P00313000,313.0,0,0.0,0.0,,0.0,normalDay
2021-05-04,2843.0,2160.0,0.0,0,415.62,0.0,1,24.77,3.17,SPY210930P00313000,313.0,0,0.0,0.0,,0.0,normalDay
2021-05-05,2843.0,2172.0,0.0,0,415.75,0.0,1,24.77,3.05,SPY210930P00313000,313.0,0,0.0,0.0,,0.0,normalDay
2021-05-06,2843.0,2197.0,0.0,0,419.07,0.0,1,24.77,2.8,SPY210930P00313000,313.0,0,0.0,0.0,,0.0,normalDay
2021-05-07,2843.0,2228.0,0.0,0,422.12,0.0,1,24.77,2.49,SPY210930P00313000,313.0,0,0.0,0.0,,0.0,normalDay
2021-05-10,2843.0,2189.0,0.0,0,417.94,0.0,1,24.77,2.88,SPY210930P00313000,313.0,0,0.0,0.0,,0.0,normalDay
2021-05-11,2843.0,2147.0,0.0,0,414.21,0.0,1,24.77,3.3,SPY210930P00313000,313.0,0,0.0,0.0,,0.0,normalDay
2021-05-12,2843.0,2002.0,0.0,0,405.41,0.0,1,24.77,4.75,SPY210930P00313000,313.0,0,0.0,0.0,,0.0,normalDay
2021-05-13,2843.0,2110.0,0.0,0,410.28,0.0,1,24.77,3.67,SPY210930P00313000,313.0,0,0.0,0.0,,0.0,normalDay
2021-05-14,2843.0,2200.0,0.0,0,416.58,0.0,1,24.77,2.77,SPY210930P00313000,313.0,0,0.0,0.0,,0.0,normalDay
2021-05-17,2843.0,2176.0,0.0,0,415.52,0.0,1,24.77,3.01,SPY210930P00313000,313.0,0,0.0,0.0,,0.0,normalDay
2021-05-18,2843.0,2139.0,0.0,0,411.94,0.0,1,24.77,3.38,SPY210930P00313000,313.0,0,0.0,0.0,,0.0,normalDay
2021-05-19,2843.0,2123.0,0.0,0,410.86,0.0,1,24.77,3.54,SPY210930P00313000,313.0,0,0.0,0.0,,0.0,normalDay
2021-05-20,2843.0,2169.0,0.0,0,415.28,0.0,1,24.77,3.08,SPY210930P00313000,313.0,0,0.0,0.0,,0.0,normalDay
2021-05-21,2843.0,2179.0,0.0,0,414.94,0.0,1,24.77,2.98,SPY210930P00313000,313.0,0,0.0,0.0,,0.0,normalDay
2021-05-24,2843.0,2229.0,0.0,0,419.17,0.0,1,24.77,2.48,SPY210930P00313000,313.0,0,0.0,0.0,,0.0,normalDay
2021-05-25,2843.0,2226.0,0.0,0,418.24,0.0,1,24.77,2.51,SPY210930P00313000,313.0,0,0.0,0.0,,0.0,normalDay
2021-05-26,2843.0,2255.0,0.0,0,419.07,0.0,1,24.77,2.22,SPY210930P00313000,313.0,0,0.0,0.0,,0.0,normalDay
2021-05-27,2843.0,2279.0,0.0,0,419.29,0.0,1,24.77,1.98,SPY210930P00313000,313.0,0,0.0,0.0,,0.0,normalDay
2021-05-28,2843.0,2281.0,0.0,0,420.04,0.0,1,24.77,1.96,SPY210930P00313000,313.0,0,0.0,0.0,,0.0,normalDay
2021-06-01,2843.0,2270.0,0.0,0,419.67,0.0,1,24.77,2.07,SPY210930P00313000,313.0,0,0.0,0.0,,0.0,normalDay
2021-06-02,2843.0,2275.0,0.0,0,420.33,0.0,1,24.77,2.02,SPY210930P00313000,313.0,0,0.0,0.0,,0.0,normalDay
2021-06-03,2843.0,2265.0,0.0,0,418.77,0.0,1,24.77,2.12,SPY210930P00313000,313.0,0,0.0,0.0,,0.0,normalDay
2021-06-04,2843.0,2296.0,0.0,0,422.6,0.0,1,24.77,1.81,SPY210930P00313000,313.0,0,0.0,0.0,,0.0,normalDay
2021-06-07,2843.0,2306.0,0.0,0,422.19,0.0,1,24.77,1.71,SPY210930P00313000,313.0,0,0.0,0.0,,0.0,normalDay
2021-06-08,2843.0,2306.0,0.0,0,422.28,0.0,1,24.77,1.71,SPY210930P00313000,313.0,0,0.0,0.0,,0.0,normalDay
2021-06-09,2843.0,2302.0,0.0,0,421.65,0.0,1,24.77,1.75,SPY210930P00313000,313.0,0,0.0,0.0,,0.0,normalDay
2021-06-10,2843.0,2330.0,0.0,0,423.61,0.0,1,24.77,1.47,SPY210930P00313000,313.0,0,0.0,0.0,,0.0,normalDay
2021-06-11,2843.0,2339.0,0.0,0,424.31,0.0,1,24.77,1.38,SPY210930P00313000,313.0,0,0.0,0.0,,0.0,normalDay
2021-06-14,2843.0,2339.0,0.0,0,425.26,0.0,1,24.77,1.38,SPY210930P00313000,313.0,0,0.0,0.0,,0.0,normalDay
2021-06-15,2843.0,2329.0,0.0,0,424.48,0.0,1,24.77,1.48,SPY210930P00313000,313.0,0,0.0,0.0,,0.0,normalDay
2021-06-16,2843.0,2323.0,0.0,0,422.11,0.0,1,24.77,1.54,SPY210930P00313000,313.0,0,0.0,0.0,,0.0,normalDay
2021-06-17,2843.0,2333.0,0.0,0,421.97,0.0,1,24.77,1.44,SPY210930P00313000,313.0,0,0.0,0.0,,0.0,normalDay
2021-06-18,2843.0,2288.0,0.0,0,414.92,0.0,1,24.77,1.89,SPY210930P00313000,313.0,0,0.0,0.0,,0.0,normalDay
2021-06-21,2843.0,2346.0,0.0,0,420.86,0.0,1,24.77,1.31,SPY210930P00313000,313.0,0,0.0,0.0,,0.0,normalDay
2021-06-22,2843.0,2359.0,0.0,0,423.11,0.0,1,24.77,1.18,SPY210930P00313000,313.0,0,0.0,0.0,,0.0,normalDay
2021-06-23,2843.0,2367.0,0.0,0,422.6,0.0,1,24.77,1.1,SPY210930P00313000,313.0,0,0.0,0.0,,0.0,normalDay
2021-06-24,2843.0,2376.0,0.0,0,425.1,0.0,1,24.77,1.01,SPY210930P00313000,313.0,0,0.0,0.0,,0.0,normalDay
2021-06-25,2843.0,2383.0,0.0,0,426.61,0.0,1,24.77,0.94,SPY210930P00313000,313.0,0,0.0,0.0,,0.0,normalDay
2021-06-28,2843.0,2386.0,0.0,0,427.47,0.0,1,24.77,0.91,SPY210930P00313000,313.0,0,0.0,0.0,,0.0,normalDay
2021-06-29,2843.0,2380.0,0.0,0,427.7,0.0,1,24.77,0.97,SPY210930P00313000,313.0,0,0.0,0.0,,0.0,normalDay
2021-06-30,2843.0,2383.0,0.0,0,428.06,0.0,1,24.77,0.94,SPY210930P00313000,313.0,0,0.0,0.0,,0.0,normalDay
2021-07-01,2843.0,2386.0,0.0,0,430.43,0.0,1,24.77,0.91,SPY210930P00313000,313.0,0,0.0,0.0,,0.0,normalDay
2021-07-02,2843.0,2391.0,0.0,0,433.72,0.0,1,24.77,0.86,SPY210930P00313000,313.0,0,0.0,0.0,,0.0,normalDay
2021-07-06,2843.0,2389.0,0.0,0,432.93,0.0,1,24.77,0.88,SPY210930P00313000,313.0,0,0.0,0.0,,0.0,normalDay
2021-07-07,2843.0,2391.0,0.0,0,434.46,0.0,1,24.77,0.86,SPY210930P00313000,313.0,0,0.0,0.0,,0.0,normalDay
2021-07-08,2843.0,2372.0,0.0,0,430.92,0.0,1,24.77,1.05,SPY210930P00313000,313.0,0,0.0,0.0,,0.0,normalDay
2021-07-09,2843.0,2393.0,0.0,0,435.52,0.0,1,24.77,0.84,SPY210930P00313000,313.0,0,0.0,0.0,,0.0,normalDay
2021-07-12,2843.0,2400.0,0.0,0,437.08,0.0,1,24.77,0.77,SPY210930P00313000,313.0,0,0.0,0.0,,0.0,normalDay
2021-07-13,2843.0,2394.0,0.0,0,435.59,0.0,1,24.77,0.83,SPY210930P00313000,313.0,0,0.0,0.0,,0.0,normalDay
2021-07-14,2843.0,2404.0,0.0,0,436.24,0.0,1,24.77,0.73,SPY210930P00313000,313.0,0,0.0,0.0,,0.0,normalDay
2021-07-15,2843.0,2401.0,0.0,0,434.75,0.0,1,24.77,0.76,SPY210930P00313000,313.0,0,0.0,0.0,,0.0,normalDay
2021-07-16,2843.0,2391.0,0.0,0,431.34,0.0,1,24.77,0.86,SPY210930P00313000,313.0,0,0.0,0.0,,0.0,normalDay
2021-07-19,2843.0,2354.0,0.0,0,424.97,0.0,1,24.77,1.23,SPY210930P00313000,313.0,0,0.0,0.0,,0.0,normalDay
2021-07-20,2843.0,2383.0,0.0,0,431.06,0.0,1,24.77,0.94,SPY210930P00313000,313.0,0,0.0,0.0,,0.0,normalDay
2021-07-21,2843.0,2403.0,0.0,0,434.55,0.0,1,24.77,0.74,SPY210930P00313000,313.0,0,0.0,0.0,,0.0,normalDay
2021-07-22,2843.0,2406.0,0.0,0,435.46,0.0,1,24.77,0.71,SPY210930P00313000,313.0,0,0.0,0.0,,0.0,normalDay
2021-07-23,2843.0,2411.0,0.0,0,439.94,0.0,1,24.77,0.66,SPY210930P00313000,313.0,0,0.0,0.0,,0.0,normalDay
2021-07-26,2843.0,2418.0,0.0,0,441.02,0.0,1,24.77,0.59,SPY210930P00313000,313.0,0,0.0,0.0,,0.0,normalDay
2021-07-27,2843.0,2409.0,0.0,0,439.01,0.0,1,24.77,0.68,SPY210930P00313000,313.0,0,0.0,0.0,,0.0,normalDay
2021-07-28,2843.0,2417.0,0.0,0,438.83,0.0,1,24.77,0.6,SPY210930P00313000,313.0,0,0.0,0.0,,0.0,normalDay
2021-07-29,2843.0,2423.0,0.0,0,440.65,0.0,1,24.77,0.54,SPY210930P00313000,313.0,0,0.0,0.0,,0.0,normalDay
2021-07-30,2843.0,2419.0,0.0,0,438.51,0.0,1,24.77,0.58,SPY210930P00313000,313.0,0,0.0,0.0,,0.0,normalDay
2021-08-02,2843.0,2416.0,0.0,0,437.59,0.0,1,24.77,0.61,SPY210930P00313000,313.0,0,0.0,0.0,,0.0,normalDay
2021-08-03,2843.0,2429.0,0.0,0,441.15,0.0,1,24.77,0.48,SPY210930P00313000,313.0,0,0.0,0.0,,0.0,normalDay
2021-08-04,2843.0,2430.0,0.0,0,438.98,0.0,1,24.77,0.47,SPY210930P00313000,313.0,0,0.0,0.0,,0.0,normalDay
2021-08-05,2843.0,2436.0,0.0,0,441.76,0.0,1,24.77,0.41,SPY210930P00313000,313.0,0,0.0,0.0,,0.0,normalDay
2021-08-06,2843.0,2441.0,0.0,0,442.49,0.0,1,24.77,0.36,SPY210930P00313000,313.0,0,0.0,0.0,,0.0,normalDay
2021-08-09,2843.0,2442.0,0.0,0,442.13,0.0,1,24.77,0.35,SPY210930P00313000,313.0,0,0.0,0.0,,0.0,normalDay
2021-08-10,2843.0,2444.0,0.0,0,442.68,0.0,1,24.77,0.33,SPY210930P00313000,313.0,0,0.0,0.0,,0.0,normalDay
2021-08-11,2843.0,2449.0,0.0,0,443.78,0.0,1,24.77,0.28,SPY210930P00313000,313.0,0,0.0,0.0,,0.0,normalDay
2021-08-12,2843.0,2451.0,0.0,0,445.11,0.0,1,24.77,0.26,SPY210930P00313000,313.0,0,0.0,0.0,,0.0,normalDay
2021-08-13,2843.0,2450.0,0.0,0,445.92,0.0,1,24.77,0.27,SPY210930P00313000,313.0,0,0.0,0.0,,0.0,normalDay
2021-08-16,2843.0,2453.0,0.0,0,446.97,0.0,1,24.77,0.24,SPY210930P00313000,313.0,0,0.0,0.0,,0.0,normalDay
2021-08-17,2843.0,2448.0,0.0,0,444.04,0.0,1,24.77,0.29,SPY210930P00313000,313.0,0,0.0,0.0,,0.0,normalDay
2021-08-18,2843.0,2437.0,0.0,0,439.18,0.0,1,24.77,0.4,SPY210930P00313000,313.0,0,0.0,0.0,,0.0,normalDay
2021-08-19,2843.0,2433.0,0.0,0,439.86,0.0,1,24.77,0.44,SPY210930P00313000,313.0,0,0.0,0.0,,0.0,normalDay
2021-08-20,2843.0,2448.0,0.0,0,443.36,0.0,1,24.77,0.29,SPY210930P00313000,313.0,0,0.0,0.0,,0.0,normalDay
2021-08-23,2843.0,2457.0,0.0,0,447.26,0.0,1,24.77,0.2,SPY210930P00313000,313.0,0,0.0,0.0,,0.0,normalDay
2021-08-24,2843.0,2458.0,0.0,0,447.97,0.0,1,24.77,0.19,SPY210930P00313000,313.0,0,0.0,0.0,,0.0,normalDay
2021-08-25,2843.0,2460.0,0.0,0,448.91,0.0,1,24.77,0.17,SPY210930P00313000,313.0,0,0.0,0.0,,0.0,normalDay
2021-08-26,2843.0,2455.0,0.0,0,446.26,0.0,1,24.77,0.22,SPY210930P00313000,313.0,0,0.0,0.0,,0.0,normalDay
2021-08-27,2843.0,2461.0,0.0,0,450.25,0.0,1,24.77,0.16,SPY210930P00313000,313.0,0,0.0,0.0,,0.0,normalDay
2021-08-30,2843.0,2466.0,0.0,0,452.23,0.0,1,24.77,0.11,SPY210930P00313000,313.0,0,0.0,0.0,,0.0,normalDay
2021-08-31,2843.0,2466.0,0.0,0,451.56,0.0,1,24.77,0.11,SPY210930P00313000,313.0,0,0.0,0.0,,0.0,normalDay
2021-09-01,2843.0,2468.0,0.0,0,451.8,0.0,1,24.77,0.09,SPY210930P00313000,313.0,0,0.0,0.0,,0.0,normalDay
2021-09-02,2843.0,2468.0,0.0,0,453.19,0.0,1,24.77,0.09,SPY210930P00313000,313.0,0,0.0,0.0,,0.0,normalDay
2021-09-03,2843.0,2469.0,0.0,0,453.08,0.0,1,24.77,0.08,SPY210930P00313000,313.0,0,0.0,0.0,,0.0,normalDay
2021-09-07,2843.0,2469.0,0.0,0,451.46,0.0,1,24.77,0.08,SPY210930P00313000,313.0,0,0.0,0.0,,0.0,normalDay
2021-09-08,2843.0,2470.0,0.0,0,450.91,0.0,1,24.77,0.07,SPY210930P00313000,313.0,0,0.0,0.0,,0.0,normalDay
2021-09-09,2843.0,2470.0,0.0,0,448.98,0.0,1,24.77,0.07,SPY210930P00313000,313.0,0,0.0,0.0,,0.0,normalDay
2021-09-10,2843.0,2465.0,0.0,0,445.44,0.0,1,24.77,0.12,SPY210930P00313000,313.0,0,0.0,0.0,,0.0,normalDay
2021-09-13,2843.0,2470.0,0.0,0,446.58,0.0,1,24.77,0.07,SPY210930P00313000,313.0,0,0.0,0.0,,0.0,normalDay
2021-09-14,2843.0,2470.0,0.0,0,444.17,0.0,1,24.77,0.07,SPY210930P00313000,313.0,0,0.0,0.0,,0.0,normalDay
2021-09-15,2843.0,2473.0,0.0,0,447.88,0.0,1,24.77,0.04,SPY210930P00313000,313.0,0,0.0,0.0,,0.0,normalDay
2021-09-16,2843.0,2473.0,0.0,0,447.17,0.0,1,24.77,0.04,SPY210930P00313000,313.0,0,0.0,0.0,,0.0,normalDay
2021-09-17,2843.0,2471.0,0.0,0,441.4,0.0,1,24.77,0.06,SPY210930P00313000,313.0,0,0.0,0.0,,0.0,normalDay
2021-09-20,2843.0,2470.0,0.0,0,434.04,0.0,1,24.77,0.07,SPY210930P00313000,313.0,0,0.0,0.0,,0.0,normalDay
2021-09-21,2843.0,2473.0,0.0,0,433.63,0.0,1,24.77,0.04,SPY210930P00313000,313.0,0,0.0,0.0,,0.0,normalDay
2021-09-22,2843.0,2475.0,0.0,0,437.86,0.0,1,24.77,0.02,SPY210930P00313000,313.0,0,0.0,0.0,,0.0,normalDay
2021-09-23,2843.0,2476.0,0.0,0,443.18,0.0,1,24.77,0.01,SPY210930P00313000,313.0,0,0.0,0.0,,0.0,normalDay
2021-09-24,2843.0,2476.0,0.0,0,443.91,0.0,1,24.77,0.01,SPY210930P00313000,313.0,0,0.0,0.0,,0.0,normalDay
2021-09-27,2843.0,2476.0,0.0,0,442.64,0.0,1,24.77,0.01,SPY210930P00313000,313.0,0,0.0,0.0,,0.0,normalDay
2021-09-28,2843.0,2476.0,0.0,0,433.72,0.0,1,24.77,0.01,SPY210930P00313000,313.0,0,0.0,0.0,,0.0,normalDay
2021-09-29,2843.0,2476.0,0.0,0,434.45,0.0,1,24.77,0.01,SPY210930P00313000,313.0,0,0.0,0.0,,0.0,normalDay
2021-09-30,5320.0,0.0,2477.0,0,429.14,0.0,1,24.77,0.0,SPY210930P00313000,313.0,0,0.0,0.0,,0.0,expirationDay
2021-10-01,5320.0,-214.0,0.0,0,434.24,0.0,1,29.51,31.65,SPY220930P00417000,417.0,0,0.0,0.0,,0.0,normalDay
2021-10-04,5320.0,-398.0,0.0,0,428.64,0.0,1,29.51,33.49,SPY220930P00417000,417.0,0,0.0,0.0,,0.0,normalDay
2021-10-05,5320.0,-200.0,0.0,0,433.1,0.0,1,29.51,31.51,SPY220930P00417000,417.0,0,0.0,0.0,,0.0,normalDay
2021-10-06,5320.0,-136.0,0.0,0,434.9,0.0,1,29.51,30.87,SPY220930P00417000,417.0,0,0.0,0.0,,0.0,normalDay
2021-10-07,5320.0,80.0,0.0,0,438.66,0.0,1,29.51,28.71,SPY220930P00417000,417.0,0,0.0,0.0,,0.0,normalDay
2021-10-08,5320.0,57.0,0.0,0,437.86,0.0,1,29.51,28.94,SPY220930P00417000,417.0,0,0.0,0.0,,0.0,normalDay
2021-10-11,5320.0,-22.0,0.0,0,434.69,0.0,1,29.51,29.73,SPY220930P00417000,417.0,0,0.0,0.0,,0.0,normalDay
2021-10-12,5320.0,-52.0,0.0,0,433.62,0.0,1,29.51,30.03,SPY220930P00417000,417.0,0,0.0,0.0,,0.0,normalDay
2021-10-13,5320.0,88.0,0.0,0,435.18,0.0,1,29.51,28.63,SPY220930P00417000,417.0,0,0.0,0.0,,0.0,normalDay
2021-10-14,5320.0,348.0,0.0,0,442.5,0.0,1,29.51,26.03,SPY220930P00417000,417.0,0,0.0,0.0,,0.0,normalDay
2021-10-15,5320.0,398.0,0.0,0,445.87,0.0,1,29.51,25.53,SPY220930P00417000,417.0,0,0.0,0.0,,0.0,normalDay
2021-10-18,5320.0,409.0,0.0,0,447.19,0.0,1,29.51,25.42,SPY220930P00417000,417.0,0,0.0,0.0,,0.0,normalDay
2021-10-19,5320.0,571.0,0.0,0,450.64,0.0,1,29.51,23.8,SPY220930P00417000,417.0,0,0.0,0.0,,0.0,normalDay
2021-10-20,5320.0,609.0,0.0,0,452.41,0.0,1,29.51,23.42,SPY220930P00417000,417.0,0,0.0,0.0,,0.0,normalDay
2021-10-21,5320.0,670.0,0.0,0,453.59,0.0,1,29.51,22.81,SPY220930P00417000,417.0,0,0.0,0.0,,0.0,normalDay
2021-10-22,5320.0,631.0,0.0,0,453.12,0.0,1,29.51,23.2,SPY220930P00417000,417.0,0,0.0,0.0,,0.0,normalDay
2021-10-25,5320.0,715.0,0.0,0,455.55,0.0,1,29.51,22.36,SPY220930P00417000,417.0,0,0.0,0.0,,0.0,normalDay
2021-10-26,5320.0,738.0,0.0,0,455.96,0.0,1,29.51,22.13,SPY220930P00417000,417.0,0,0.0,0.0,,0.0,normalDay
2021-10-27,5320.0,625.0,0.0,0,453.94,0.0,1,29.51,23.26,SPY220930P00417000,417.0,0,0.0,0.0,,0.0,normalDay
2021-10-28,5320.0,719.0,0.0,0,458.32,0.0,1,29.51,22.32,SPY220930P00417000,417.0,0,0.0,0.0,,0.0,normalDay
2021-10-29,5320.0,799.0,0.0,0,459.25,0.0,1,29.51,21.52,SPY220930P00417000,417.0,0,0.0,0.0,,0.0,normalDay
2021-11-01,5320.0,818.0,0.0,0,460.04,0.0,1,29.51,21.33,SPY220930P00417000,417.0,0,0.0,0.0,,0.0,normalDay
2021-11-02,5320.0,866.0,0.0,0,461.9,0.0,1,29.51,20.85,SPY220930P00417000,417.0,0,0.0,0.0,,0.0,normalDay
2021-11-03,5320.0,943.0,0.0,0,464.72,0.0,1,29.51,20.08,SPY220930P00417000,417.0,0,0.0,0.0,,0.0,normalDay
2021-11-04,5320.0,978.0,0.0,0,466.91,0.0,1,29.51,19.73,SPY220930P00417000,417.0,0,0.0,0.0,,0.0,normalDay
2021-11-05,5320.0,973.0,0.0,0,468.53,0.0,1,29.51,19.78,SPY220930P00417000,417.0,0,0.0,0.0,,0.0,normalDay
2021-11-08,5320.0,969.0,0.0,0,468.93,0.0,1,29.51,19.82,SPY220930P00417000,417.0,0,0.0,0.0,,0.0,normalDay
2021-11-09,5320.0,926.0,0.0,0,467.38,0.0,1,29.51,20.25,SPY220930P00417000,417.0,0,0.0,0.0,,0.0,normalDay
2021-11-10,5320.0,855.0,0.0,0,463.62,0.0,1,29.51,20.96,SPY220930P00417000,417.0,0,0.0,0.0,,0.0,normalDay
2021-11-11,5320.0,905.0,0.0,0,463.77,0.0,1,29.51,20.46,SPY220930P00417000,417.0,0,0.0,0.0,,0.0,normalDay
2021-11-12,5320.0,1010.0,0.0,0,467.27,0.0,1,29.51,19.41,SPY220930P00417000,417.0,0,0.0,0.0,,0.0,normalDay
2021-11-15,5320.0,1003.0,0.0,0,467.43,0.0,1,29.51,19.48,SPY220930P00417000,417.0,0,0.0,0.0,,0.0,normalDay
2021-11-16,5320.0,1032.0,0.0,0,469.28,0.0,1,29.51,19.19,SPY220930P00417000,417.0,0,0.0,0.0,,0.0,normalDay
2021-11-17,5320.0,937.0,0.0,0,468.14,0.0,1,29.51,20.14,SPY220930P00417000,417.0,0,0.0,0.0,,0.0,normalDay
2021-11-18,5320.0,974.0,0.0,0,469.73,0.0,1,29.51,19.77,SPY220930P00417000,417.0,0,0.0,0.0,,0.0,normalDay
2021-11-19,5320.0,948.0,0.0,0,468.89,0.0,1,29.51,20.03,SPY220930P00417000,417.0,0,0.0,0.0,,0.0,normalDay
2021-11-22,5320.0,885.0,0.0,0,467.57,0.0,1,29.51,20.66,SPY220930P00417000,417.0,0,0.0,0.0,,0.0,normalDay
2021-11-23,5320.0,918.0,0.0,0,468.19,0.0,1,29.51,20.33,SPY220930P00417000,417.0,0,0.0,0.0,,0.0,normalDay
2021-11-24,5320.0,982.0,0.0,0,469.44,0.0,1,29.51,19.69,SPY220930P00417000,417.0,0,0.0,0.0,,0.0,normalDay
2021-11-26,5320.0,201.0,0.0,0,458.97,0.0,1,29.51,27.5,SPY220930P00417000,417.0,0,0.0,0.0,,0.0,normalDay
2021-11-29,5320.0,796.0,0.0,0,464.6,0.0,1,29.51,21.55,SPY220930P00417000,417.0,0,0.0,0.0,,0.0,normalDay
2021-11-30,5320.0,486.0,0.0,0,455.56,0.0,1,29.51,24.65,SPY220930P00417000,417.0,0,0.0,0.0,,0.0,normalDay
2021-12-01,5320.0,110.0,0.0,0,450.5,0.0,1,29.51,28.41,SPY220930P00417000,417.0,0,0.0,0.0,,0.0,normalDay
2021-12-02,5320.0,472.0,0.0,0,457.4,0.0,1,29.51,24.79,SPY220930P00417000,417.0,0,0.0,0.0,,0.0,normalDay
2021-12-03,5320.0,221.0,0.0,0,453.42,0.0,1,29.51,27.3,SPY220930P00417000,417.0,0,0.0,0.0,,0.0,normalDay
2021-12-06,5320.0,492.0,0.0,0,458.79,0.0,1,29.51,24.59,SPY220930P00417000,417.0,0,0.0,0.0,,0.0,normalDay
2021-12-07,5320.0,896.0,0.0,0,468.28,0.0,1,29.51,20.55,SPY220930P00417000,417.0,0,0.0,0.0,,0.0,normalDay
2021-12-08,5320.0,971.0,0.0,0,469.52,0.0,1,29.51,19.8,SPY220930P00417000,417.0,0,0.0,0.0,,0.0,normalDay
2021-12-09,5320.0,868.0,0.0,0,466.35,0.0,1,29.51,20.83,SPY220930P00417000,417.0,0,0.0,0.0,,0.0,normalDay
2021-12-10,5320.0,1015.0,0.0,0,470.74,0.0,1,29.51,19.36,SPY220930P00417000,417.0,0,0.0,0.0,,0.0,normalDay
2021-12-13,5320.0,873.0,0.0,0,466.57,0.0,1,29.51,20.78,SPY220930P00417000,417.0,0,0.0,0.0,,0.0,normalDay
2021-12-14,5320.0,770.0,0.0,0,463.36,0.0,1,29.51,21.81,SPY220930P00417000,417.0,0,0.0,0.0,,0.0,normalDay
2021-12-15,5320.0,1021.0,0.0,0,470.6,0.0,1,29.51,19.3,SPY220930P00417000,417.0,0,0.0,0.0,,0.0,normalDay
2021-12-16,5320.0,852.0,0.0,0,466.45,0.0,1,29.51,20.99,SPY220930P00417000,417.0,0,0.0,0.0,,0.0,normalDay
2021-12-17,5320.0,732.0,0.0,0,459.87,0.0,1,29.51,22.19,SPY220930P00417000,417.0,0,0.0,0.0,,0.0,normalDay
2021-12-20,5320.0,621.0,0.0,0,454.98,0.0,1,29.51,23.3,SPY220930P00417000,417.0,0,0.0,0.0,,0.0,normalDay
2021-12-21,5320.0,853.0,0.0,0,463.06,0.0,1,29.51,20.98,SPY220930P00417000,417.0,0,0.0,0.0,,0.0,normalDay
2021-12-22,5320.0,1016.0,0.0,0,467.69,0.0,1,29.51,19.35,SPY220930P00417000,417.0,0,0.0,0.0,,0.0,normalDay
2021-12-23,5320.0,1097.0,0.0,0,470.6,0.0,1,29.51,18.54,SPY220930P00417000,417.0,0,0.0,0.0,,0.0,normalDay
2021-12-27,5320.0,1255.0,0.0,0,477.26,0.0,1,29.51,16.96,SPY220930P00417000,417.0,0,0.0,0.0,,0.0,normalDay
2021-12-28,5320.0,1275.0,0.0,0,476.87,0.0,1,29.51,16.76,SPY220930P00417000,417.0,0,0.0,0.0,,0.0,normalDay
2021-12-29,5320.0,1303.0,0.0,0,477.48,0.0,1,29.51,16.48,SPY220930P00417000,417.0,0,0.0,0.0,,0.0,normalDay
2021-12-30,5320.0,1259.0,0.0,0,476.16,0.0,1,29.51,16.92,SPY220930P00417000,417.0,0,0.0,0.0,,0.0,normalDay
2021-12-31,5320.0,1291.0,0.0,0,474.96,0.0,1,29.51,16.6,SPY220930P00417000,417.0,0,0.0,0.0,,0.0,normalDay
2022-01-03,5320.0,1368.0,0.0,0,477.71,0.0,1,29.51,15.83,SPY220930P00417000,417.0,0,0.0,0.0,,0.0,normalDay
2022-01-04,5320.0,1356.0,0.0,0,477.55,0.0,1,29.51,15.95,SPY220930P00417000,417.0,0,0.0,0.0,,0.0,normalDay
2022-01-05,5320.0,1124.0,0.0,0,468.38,0.0,1,29.51,18.27,SPY220930P00417000,417.0,0,0.0,0.0,,0.0,normalDay
2022-01-06,5320.0,1128.0,0.0,0,467.94,0.0,1,29.51,18.23,SPY220930P00417000,417.0,0,0.0,0.0,,0.0,normalDay
2022-01-07,5320.0,1133.0,0.0,0,466.09,0.0,1,29.51,18.18,SPY220930P00417000,417.0,0,0.0,0.0,,0.0,normalDay
2022-01-10,5320.0,1151.0,0.0,0,465.51,0.0,1,29.51,18.0,SPY220930P00417000,417.0,0,0.0,0.0,,0.0,normalDay
2022-01-11,5320.0,1281.0,0.0,0,469.75,0.0,1,29.51,16.7,SPY220930P00417000,417.0,0,0.0,0.0,,0.0,normalDay
2022-01-12,5320.0,1329.0,0.0,0,471.02,0.0,1,29.51,16.22,SPY220930P00417000,417.0,0,0.0,0.0,,0.0,normalDay
2022-01-13,5320.0,1124.0,0.0,0,464.53,0.0,1,29.51,18.27,SPY220930P00417000,417.0,0,0.0,0.0,,0.0,normalDay
2022-01-14,5320.0,1179.0,0.0,0,464.72,0.0,1,29.51,17.72,SPY220930P00417000,417.0,0,0.0,0.0,,0.0,normalDay
2022-01-18,5320.0,905.0,0.0,0,456.49,0.0,1,29.51,20.46,SPY220930P00417000,417.0,0,0.0,0.0,,0.0,normalDay
2022-01-19,5320.0,810.0,0.0,0,451.75,0.0,1,29.51,21.41,SPY220930P00417000,417.0,0,0.0,0.0,,0.0,normalDay
2022-01-20,5320.0,564.0,0.0,0,446.75,0.0,1,29.51,23.87,SPY220930P00417000,417.0,0,0.0,0.0,,0.0,normalDay
2022-01-21,5320.0,271.0,0.0,0,437.98,0.0,1,29.51,26.8,SPY220930P00417000,417.0,0,0.0,0.0,,0.0,normalDay
2022-01-24,5320.0,288.0,0.0,0,439.84,0.0,1,29.51,26.63,SPY220930P00417000,417.0,0,0.0,0.0,,0.0,normalDay
2022-01-25,5320.0,62.0,0.0,0,434.47,0.0,1,29.51,28.89,SPY220930P00417000,417.0,0,0.0,0.0,,0.0,normalDay
2022-01-26,5320.0,93.0,0.0,0,433.38,0.0,1,29.51,28.58,SPY220930P00417000,417.0,0,0.0,0.0,,0.0,normalDay
2022-01-27,5320.0,120.0,0.0,0,431.24,0.0,1,29.51,28.31,SPY220930P00417000,417.0,0,0.0,0.0,,0.0,normalDay
2022-01-28,5320.0,525.0,0.0,0,441.95,0.0,1,29.51,24.26,SPY220930P00417000,417.0,0,0.0,0.0,,0.0,normalDay
2022-01-31,5320.0,819.0,0.0,0,449.91,0.0,1,29.51,21.32,SPY220930P00417000,417.0,0,0.0,0.0,,0.0,normalDay
2022-02-01,5320.0,1032.0,0.0,0,452.95,0.0,1,29.51,19.19,SPY220930P00417000,417.0,0,0.0,0.0,,0.0,normalDay
2022-02-02,5320.0,1037.0,0.0,0,457.35,0.0,1,29.51,19.14,SPY220930P00417000,417.0,0,0.0,0.0,,0.0,normalDay
2022-02-03,5320.0,809.0,0.0,0,446.6,0.0,1,29.51,21.42,SPY220930P00417000,417.0,0,0.0,0.0,,0.0,normalDay
2022-02-04,5320.0,772.0,0.0,0,448.7,0.0,1,29.51,21.79,SPY220930P00417000,417.0,0,0.0,0.0,,0.0,normalDay
2022-02-07,5320.0,813.0,0.0,0,447.26,0.0,1,29.51,21.38,SPY220930P00417000,417.0,0,0.0,0.0,,0.0,normalDay
2022-02-08,5320.0,982.0,0.0,0,450.94,0.0,1,29.51,19.69,SPY220930P00417000,417.0,0,0.0,0.0,,0.0,normalDay
2022-02-09,5320.0,1168.0,0.0,0,457.54,0.0,1,29.51,17.83,SPY220930P00417000,417.0,0,0.0,0.0,,0.0,normalDay
2022-02-10,5320.0,895.0,0.0,0,449.32,0.0,1,29.51,20.56,SPY220930P00417000,417.0,0,0.0,0.0,,0.0,normalDay
2022-02-11,5320.0,510.0,0.0,0,440.46,0.0,1,29.51,24.41,SPY220930P00417000,417.0,0,0.0,0.0,,0.0,normalDay
2022-02-14,5320.0,530.0,0.0,0,439.02,0.0,1,29.51,24.21,SPY220930P00417000,417.0,0,0.0,0.0,,0.0,normalDay
2022-02-15,5320.0,792.0,0.0,0,446.1,0.0,1,29.51,21.59,SPY220930P00417000,417.0,0,0.0,0.0,,0.0,normalDay
2022-02-16,5320.0,870.0,0.0,0,446.6,0.0,1,29.51,20.81,SPY220930P00417000,417.0,0,0.0,0.0,,0.0,normalDay
2022-02-17,5320.0,476.0,0.0,0,437.06,0.0,1,29.51,24.75,SPY220930P00417000,417.0,0,0.0,0.0,,0.0,normalDay
2022-02-18,5320.0,407.0,0.0,0,434.23,0.0,1,29.51,25.44,SPY220930P00417000,417.0,0,0.0,0.0,,0.0,normalDay
2022-02-22,5320.0,329.0,0.0,0,429.57,0.0,1,29.51,26.22,SPY220930P00417000,417.0,0,0.0,0.0,,0.0,normalDay
2022-02-23,5320.0,-40.0,0.0,0,421.95,0.0,1,29.51,29.91,SPY220930P00417000,417.0,0,0.0,0.0,,0.0,normalDay
2022-02-24,5320.0,198.0,0.0,0,428.3,0.0,1,29.51,27.53,SPY220930P00417000,417.0,0,0.0,0.0,,0.0,normalDay
2022-02-25,5320.0,614.0,0.0,0,437.75,0.0,1,29.51,23.37,SPY220930P00417000,417.0,0,0.0,0.0,,0.0,normalDay
2022-02-28,5320.0,529.0,0.0,0,436.63,0.0,1,29.51,24.22,SPY220930P00417000,417.0,0,0.0,0.0,,0.0,normalDay
2022-03-01,5320.0,151.0,0.0,0,429.98,0.0,1,29.51,28.0,SPY220930P00417000,417.0,0,0.0,0.0,,0.0,normalDay
2022-03-02,5320.0,479.0,0.0,0,437.89,0.0,1,29.51,24.72,SPY220930P00417000,417.0,0,0.0,0.0,,0.0,normalDay
2022-03-03,5320.0,422.0,0.0,0,435.71,0.0,1,29.51,25.29,SPY220930P00417000,417.0,0,0.0,0.0,,0.0,normalDay
2022-03-04,5320.0,213.0,0.0,0,432.17,0.0,1,29.51,27.38,SPY220930P00417000,417.0,0,0.0,0.0,,0.0,normalDay
2022-03-07,5320.0,-408.0,0.0,0,419.43,0.0,1,29.51,33.59,SPY220930P00417000,417.0,0,0.0,0.0,,0.0,normalDay
2022-03-08,5320.0,-511.0,0.0,0,416.25,0.0,1,29.51,34.62,SPY220930P00417000,417.0,0,0.0,0.0,,0.0,normalDay
2022-03-09,5320.0,-3.0,0.0,0,427.41,0.0,1,29.51,29.54,SPY220930P00417000,417.0,0,0.0,0.0,,0.0,normalDay
2022-03-10,5320.0,41.0,0.0,0,425.48,0.0,1,29.51,29.1,SPY220930P00417000,417.0,0,0.0,0.0,,0.0,normalDay
2022-03-11,5320.0,-201.0,0.0,0,420.07,0.0,1,29.51,31.52,SPY220930P00417000,417.0,0,0.0,0.0,,0.0,normalDay
2022-03-14,5320.0,-309.0,0.0,0,417.0,0.0,1,29.51,32.6,SPY220930P00417000,417.0,0,0.0,0.0,,0.0,normalDay
2022-03-15,5320.0,67.0,0.0,0,426.17,0.0,1,29.51,28.84,SPY220930P00417000,417.0,0,0.0,0.0,,0.0,normalDay
2022-03-16,5320.0,552.0,0.0,0,435.62,0.0,1,29.51,23.99,SPY220930P00417000,417.0,0,0.0,0.0,,0.0,normalDay
2022-03-17,5320.0,776.0,0.0,0,441.07,0.0,1,29.51,21.75,SPY220930P00417000,417.0,0,0.0,0.0,,0.0,normalDay
2022-03-18,5320.0,1021.0,0.0,0,444.52,0.0,1,29.51,19.3,SPY220930P00417000,417.0,0,0.0,0.0,,0.0,normalDay
2022-03-21,5320.0,1044.0,0.0,0,444.39,0.0,1,29.51,19.07,SPY220930P00417000,417.0,0,0.0,0.0,,0.0,normalDay
2022-03-22,5320.0,1225.0,0.0,0,449.59,0.0,1,29.51,17.26,SPY220930P00417000,417.0,0,0.0,0.0,,0.0,normalDay
2022-03-23,5320.0,1052.0,0.0,0,443.8,0.0,1,29.51,18.99,SPY220930P00417000,417.0,0,0.0,0.0,,0.0,normalDay
2022-03-24,5320.0,1259.0,0.0,0,450.49,0.0,1,29.51,16.92,SPY220930P00417000,417.0,0,0.0,0.0,,0.0,normalDay
2022-03-25,5320.0,1333.0,0.0,0,452.69,0.0,1,29.51,16.18,SPY220930P00417000,417.0,0,0.0,0.0,,0.0,normalDay
2022-03-28,5320.0,1450.0,0.0,0,455.91,0.0,1,29.51,15.01,SPY220930P00417000,417.0,0,0.0,0.0,,0.0,normalDay
2022-03-29,5320.0,1589.0,0.0,0,461.55,0.0,1,29.51,13.62,SPY220930P00417000,417.0,0,0.0,0.0,,0.0,normalDay
2022-03-30,5320.0,1525.0,0.0,0,458.7,0.0,1,29.51,14.26,SPY220930P00417000,417.0,0,0.0,0.0,,0.0,normalDay
2022-03-31,5320.0,1334.0,0.0,0,451.64,0.0,1,29.51,16.17,SPY220930P00417000,417.0,0,0.0,0.0,,0.0,normalDay
2022-04-01,5320.0,1399.0,0.0,0,452.92,0.0,1,29.51,15.52,SPY220930P00417000,417.0,0,0.0,0.0,,0.0,normalDay
2022-04-04,5320.0,1552.0,0.0,0,456.8,0.0,1,29.51,13.99,SPY220930P00417000,417.0,0,0.0,0.0,,0.0,normalDay
2022-04-05,5320.0,1321.0,0.0,0,451.03,0.0,1,29.51,16.3,SPY220930P00417000,417.0,0,0.0,0.0,,0.0,normalDay
2022-04-06,5320.0,1214.0,0.0,0,446.52,0.0,1,29.51,17.37,SPY220930P00417000,417.0,0,0.0,0.0,,0.0,normalDay
2022-04-07,5320.0,1283.0,0.0,0,448.77,0.0,1,29.51,16.68,SPY220930P00417000,417.0,0,0.0,0.0,,0.0,normalDay
2022-04-08,5320.0,1276.0,0.0,0,447.57,0.0,1,29.51,16.75,SPY220930P00417000,417.0,0,0.0,0.0,,0.0,normalDay
2022-04-11,5320.0,1024.0,0.0,0,439.92,0.0,1,29.51,19.27,SPY220930P00417000,417.0,0,0.0,0.0,,0.0,normalDay
2022-04-12,5320.0,979.0,0.0,0,438.29,0.0,1,29.51,19.72,SPY220930P00417000,417.0,0,0.0,0.0,,0.0,normalDay
2022-04-13,5320.0,1206.0,0.0,0,443.31,0.0,1,29.51,17.45,SPY220930P00417000,417.0,0,0.0,0.0,,0.0,normalDay
2022-04-14,5320.0,1030.0,0.0,0,437.79,0.0,1,29.51,19.21,SPY220930P00417000,417.0,0,0.0,0.0,,0.0,normalDay
2022-04-18,5320.0,1122.0,0.0,0,437.97,0.0,1,29.51,18.29,SPY220930P00417000,417.0,0,0.0,0.0,,0.0,normalDay
2022-04-19,5320.0,1270.0,0.0,0,445.04,0.0,1,29.51,16.81,SPY220930P00417000,417.0,0,0.0,0.0,,0.0,normalDay
2022-04-20,5320.0,1379.0,0.0,0,444.71,0.0,1,29.51,15.72,SPY220930P00417000,417.0,0,0.0,0.0,,0.0,normalDay
2022-04-21,5320.0,1093.0,0.0,0,438.06,0.0,1,29.51,18.58,SPY220930P00417000,417.0,0,0.0,0.0,,0.0,normalDay
2022-04-22,5320.0,531.0,0.0,0,426.04,0.0,1,29.51,24.2,SPY220930P00417000,417.0,0,0.0,0.0,,0.0,normalDay
2022-04-25,5320.0,727.0,0.0,0,428.51,0.0,1,29.51,22.24,SPY220930P00417000,417.0,0,0.0,0.0,,0.0,normalDay
2022-04-26,5320.0,41.0,0.0,0,416.1,0.0,1,29.51,29.1,SPY220930P00417000,417.0,0,0.0,0.0,,0.0,normalDay
2022-04-27,5320.0,254.0,0.0,0,417.27,0.0,1,29.51,26.97,SPY220930P00417000,417.0,0,0.0,0.0,,0.0,normalDay
2022-04-28,5320.0,597.0,0.0,0,427.81,0.0,1,29.51,23.54,SPY220930P00417000,417.0,0,0.0,0.0,,0.0,normalDay
2022-04-29,5320.0,-2.0,0.0,0,412.0,0.0,1,29.51,29.53,SPY220930P00417000,417.0,0,0.0,0.0,,0.0,normalDay
2022-05-02,5320.0,168.0,0.0,0,414.48,0.0,1,29.51,27.83,SPY220930P00417000,417.0,0,0.0,0.0,,0.0,normalDay
2022-05-03,5320.0,366.0,0.0,0,416.38,0.0,1,29.51,25.85,SPY220930P00417000,417.0,0,0.0,0.0,,0.0,normalDay
2022-05-04,5320.0,887.0,0.0,0,429.06,0.0,1,29.51,20.64,SPY220930P00417000,417.0,0,0.0,0.0,,0.0,normalDay
2022-05-05,5320.0,135.0,0.0,0,413.81,0.0,1,29.51,28.16,SPY220930P00417000,417.0,0,0.0,0.0,,0.0,normalDay
2022-05-06,5320.0,-36.0,0.0,0,411.34,0.0,1,29.51,29.87,SPY220930P00417000,417.0,0,0.0,0.0,,0.0,normalDay
2022-05-09,5320.0,-649.0,0.0,0,398.17,0.0,1,29.51,36.0,SPY220930P00417000,417.0,0,0.0,0.0,,0.0,normalDay
2022-05-10,5320.0,-585.0,0.0,0,399.09,0.0,1,29.51,35.36,SPY220930P00417000,417.0,0,0.0,0.0,,0.0,normalDay
2022-05-11,5320.0,-920.0,0.0,0,392.75,0.0,1,29.51,38.71,SPY220930P00417000,417.0,0,0.0,0.0,,0.0,normalDay
2022-05-12,5320.0,-930.0,0.0,0,392.34,0.0,1,29.51,38.81,SPY220930P00417000,417.0,0,0.0,0.0,,0.0,normalDay
2022-05-13,5320.0,-351.0,0.0,0,401.72,0.0,1,29.51,33.02,SPY220930P00417000,417.0,0,0.0,0.0,,0.0,normalDay
2022-05-16,5320.0,-367.0,0.0,0,400.09,0.0,1,29.51,33.18,SPY220930P00417000,417.0,0,0.0,0.0,,0.0,normalDay
2022-05-17,5320.0,140.0,0.0,0,408.32,0.0,1,29.51,28.11,SPY220930P00417000,417.0,0,0.0,0.0,,0.0,normalDay
2022-05-18,5320.0,-944.0,0.0,0,391.86,0.0,1,29.51,38.95,SPY220930P00417000,417.0,0,0.0,0.0,,0.0,normalDay
2022-05-19,5320.0,-979.0,0.0,0,389.46,0.0,1,29.51,39.3,SPY220930P00417000,417.0,0,0.0,0.0,,0.0,normalDay
2022-05-20,5320.0,-971.0,0.0,0,389.63,0.0,1,29.51,39.22,SPY220930P00417000,417.0,0,0.0,0.0,,0.0,normalDay
2022-05-23,5320.0,-464.0,0.0,0,396.92,0.0,1,29.51,34.15,SPY220930P00417000,417.0,0,0.0,0.0,,0.0,normalDay
2022-05-24,5320.0,-660.0,0.0,0,393.89,0.0,1,29.51,36.11,SPY220930P00417000,417.0,0,0.0,0.0,,0.0,normalDay
2022-05-25,5320.0,-451.0,0.0,0,397.37,0.0,1,29.51,34.02,SPY220930P00417000,417.0,0,0.0,0.0,,0.0,normalDay
2022-05-26,5320.0,-27.0,0.0,0,405.31,0.0,1,29.51,29.78,SPY220930P00417000,417.0,0,0.0,0.0,,0.0,normalDay
2022-05-27,5320.0,569.0,0.0,0,415.26,0.0,1,29.51,23.82,SPY220930P00417000,417.0,0,0.0,0.0,,0.0,normalDay
2022-05-31,5320.0,470.0,0.0,0,412.93,0.0,1,29.51,24.81,SPY220930P00417000,417.0,0,0.0,0.0,,0.0,normalDay
2022-06-01,5320.0,350.0,0.0,0,409.59,0.0,1,29.51,26.01,SPY220930P00417000,417.0,0,0.0,0.0,,0.0,normalDay
2022-06-02,5320.0,754.0,0.0,0,417.39,0.0,1,29.51,21.97,SPY220930P00417000,417.0,0,0.0,0.0,,0.0,normalDay
2022-06-03,5320.0,438.0,0.0,0,410.54,0.0,1,29.51,25.13,SPY220930P00417000,417.0,0,0.0,0.0,,0.0,normalDay
2022-06-06,5320.0,520.0,0.0,0,411.79,0.0,1,29.51,24.31,SPY220930P00417000,417.0,0,0.0,0.0,,0.0,normalDay
2022-06-07,5320.0,721.0,0.0,0,415.74,0.0,1,29.51,22.3,SPY220930P00417000,417.0,0,0.0,0.0,,0.0,normalDay
2022-06-08,5320.0,546.0,0.0,0,411.22,0.0,1,29.51,24.05,SPY220930P00417000,417.0,0,0.0,0.0,,0.0,normalDay
2022-06-09,5320.0,-36.0,0.0,0,401.44,0.0,1,29.51,29.87,SPY220930P00417000,417.0,0,0.0,0.0,,0.0,normalDay
2022-06-10,5320.0,-768.0,0.0,0,389.8,0.0,1,29.51,37.19,SPY220930P00417000,417.0,0,0.0,0.0,,0.0,normalDay
2022-06-13,5320.0,-1932.0,0.0,0,375.0,0.0,1,29.51,48.83,SPY220930P00417000,417.0,0,0.0,0.0,,0.0,normalDay
2022-06-14,5320.0,-2037.0,0.0,0,373.87,0.0,1,29.51,49.88,SPY220930P00417000,417.0,0,0.0,0.0,,0.0,normalDay
2022-06-15,5320.0,-1513.0,0.0,0,379.2,0.0,1,29.51,44.64,SPY220930P00417000,417.0,0,0.0,0.0,,0.0,normalDay
2022-06-16,5320.0,-2505.0,0.0,0,366.65,0.0,1,29.51,54.56,SPY220930P00417000,417.0,0,0.0,0.0,,0.0,normalDay
2022-06-17,5320.0,-2393.0,0.0,0,365.86,0.0,1,29.51,53.44,SPY220930P00417000,417.0,0,0.0,0.0,,0.0,normalDay
2022-06-21,5320.0,-1651.0,0.0,0,375.07,0.0,1,29.51,46.02,SPY220930P00417000,417.0,0,0.0,0.0,,0.0,normalDay
2022-06-22,5320.0,-1654.0,0.0,0,374.39,0.0,1,29.51,46.05,SPY220930P00417000,417.0,0,0.0,0.0,,0.0,normalDay
2022-06-23,5320.0,-1467.0,0.0,0,378.06,0.0,1,29.51,44.18,SPY220930P00417000,417.0,0,0.0,0.0,,0.0,normalDay
2022-06-24,5320.0,-546.0,0.0,0,390.08,0.0,1,29.51,34.97,SPY220930P00417000,417.0,0,0.0,0.0,,0.0,normalDay
2022-06-27,5320.0,-486.0,0.0,0,388.59,0.0,1,29.51,34.37,SPY220930P00417000,417.0,0,0.0,0.0,,0.0,normalDay
2022-06-28,5320.0,-1132.0,0.0,0,380.65,0.0,1,29.51,40.83,SPY220930P00417000,417.0,0,0.0,0.0,,0.0,normalDay
2022-06-29,5320.0,-1117.0,0.0,0,380.34,0.0,1,29.51,40.68,SPY220930P00417000,417.0,0,0.0,0.0,,0.0,normalDay
2022-06-30,5320.0,-1466.0,0.0,0,377.25,0.0,1,29.51,44.17,SPY220930P00417000,417.0,0,0.0,0.0,,0.0,normalDay
2022-07-01,5320.0,-1075.0,0.0,0,381.24,0.0,1,29.51,40.26,SPY220930P00417000,417.0,0,0.0,0.0,,0.0,normalDay
2022-07-05,5320.0,-1018.0,0.0,0,381.96,0.0,1,29.51,39.69,SPY220930P00417000,417.0,0,0.0,0.0,,0.0,normalDay
2022-07-06,5320.0,-839.0,0.0,0,383.25,0.0,1,29.51,37.9,SPY220930P00417000,417.0,0,0.0,0.0,,0.0,normalDay
2022-07-07,5320.0,-434.0,0.0,0,388.99,0.0,1,29.51,33.85,SPY220930P00417000,417.0,0,0.0,0.0,,0.0,normalDay
2022-07-08,5320.0,-375.0,0.0,0,388.67,0.0,1,29.51,33.26,SPY220930P00417000,417.0,0,0.0,0.0,,0.0,normalDay
2022-07-11,5320.0,-707.0,0.0,0,384.23,0.0,1,29.51,36.58,SPY220930P00417000,417.0,0,0.0,0.0,,0.0,normalDay
2022-07-12,5320.0,-1029.0,0.0,0,380.83,0.0,1,29.51,39.8,SPY220930P00417000,417.0,0,0.0,0.0,,0.0,normalDay
2022-07-13,5320.0,-1182.0,0.0,0,378.83,0.0,1,29.51,41.33,SPY220930P00417000,417.0,0,0.0,0.0,,0.0,normalDay
2022-07-14,5320.0,-1216.0,0.0,0,377.91,0.0,1,29.51,41.67,SPY220930P00417000,417.0,0,0.0,0.0,,0.0,normalDay
2022-07-15,5320.0,-598.0,0.0,0,385.13,0.0,1,29.51,35.49,SPY220930P00417000,417.0,0,0.0,0.0,,0.0,normalDay
2022-07-18,5320.0,-855.0,0.0,0,381.95,0.0,1,29.51,38.06,SPY220930P00417000,417.0,0,0.0,0.0,,0.0,normalDay
2022-07-19,5320.0,-30.0,0.0,0,392.27,0.0,1,29.51,29.81,SPY220930P00417000,417.0,0,0.0,0.0,,0.0,normalDay
2022-07-20,5320.0,142.0,0.0,0,394.77,0.0,1,29.51,28.09,SPY220930P00417000,417.0,0,0.0,0.0,,0.0,normalDay
2022-07-21,5320.0,404.0,0.0,0,398.79,0.0,1,29.51,25.47,SPY220930P00417000,417.0,0,0.0,0.0,,0.0,normalDay
2022-07-22,5320.0,151.0,0.0,0,395.09,0.0,1,29.51,28.0,SPY220930P00417000,417.0,0,0.0,0.0,,0.0,normalDay
2022-07-25,5320.0,282.0,0.0,0,395.57,0.0,1,29.51,26.69,SPY220930P00417000,417.0,0,0.0,0.0,,0.0,normalDay
2022-07-26,5320.0,-58.0,0.0,0,390.89,0.0,1,29.51,30.09,SPY220930P00417000,417.0,0,0.0,0.0,,0.0,normalDay
2022-07-27,5320.0,603.0,0.0,0,401.04,0.0,1,29.51,23.48,SPY220930P00417000,417.0,0,0.0,0.0,,0.0,normalDay
2022-07-28,5320.0,1079.0,0.0,0,406.07,0.0,1,29.51,18.72,SPY220930P00417000,417.0,0,0.0,0.0,,0.0,normalDay
2022-07-29,5320.0,1359.0,0.0,0,411.99,0.0,1,29.51,15.92,SPY220930P00417000,417.0,0,0.0,0.0,,0.0,normalDay
2022-08-01,5320.0,1269.0,0.0,0,410.77,0.0,1,29.51,16.82,SPY220930P00417000,417.0,0,0.0,0.0,,0.0,normalDay
2022-08-02,5320.0,1067.0,0.0,0,408.06,0.0,1,29.51,18.84,SPY220930P00417000,417.0,0,0.0,0.0,,0.0,normalDay
2022-08-03,5320.0,1463.0,0.0,0,414.45,0.0,1,29.51,14.88,SPY220930P00417000,417.0,0,0.0,0.0,,0.0,normalDay
2022-08-04,5320.0,1490.0,0.0,0,414.17,0.0,1,29.51,14.61,SPY220930P00417000,417.0,0,0.0,0.0,,0.0,normalDay
2022-08-05,5320.0,1458.0,0.0,0,413.47,0.0,1,29.51,14.93,SPY220930P00417000,417.0,0,0.0,0.0,,0.0,normalDay
2022-08-08,5320.0,1486.0,0.0,0,412.99,0.0,1,29.51,14.65,SPY220930P00417000,417.0,0,0.0,0.0,,0.0,normalDay
2022-08-09,5320.0,1409.0,0.0,0,411.35,0.0,1,29.51,15.42,SPY220930P00417000,417.0,0,0.0,0.0,,0.0,normalDay
2022-08-10,5320.0,1856.0,0.0,0,419.99,0.0,1,29.51,10.95,SPY220930P00417000,417.0,0,0.0,0.0,,0.0,normalDay
2022-08-11,5320.0,1886.0,0.0,0,419.99,0.0,1,29.51,10.65,SPY220930P00417000,417.0,0,0.0,0.0,,0.0,normalDay
2022-08-12,5320.0,2133.0,0.0,0,427.1,0.0,1,29.51,8.18,SPY220930P00417000,417.0,0,0.0,0.0,,0.0,normalDay
2022-08-15,5320.0,2212.0,0.0,0,428.86,0.0,1,29.51,7.39,SPY220930P00417000,417.0,0,0.0,0.0,,0.0,normalDay
2022-08-16,5320.0,2245.0,0.0,0,429.7,0.0,1,29.51,7.06,SPY220930P00417000,417.0,0,0.0,0.0,,0.0,normalDay
2022-08-17,5320.0,2152.0,0.0,0,426.65,0.0,1,29.51,7.99,SPY220930P00417000,417.0,0,0.0,0.0,,0.0,normalDay
2022-08-18,5320.0,2224.0,0.0,0,427.89,0.0,1,29.51,7.27,SPY220930P00417000,417.0,0,0.0,0.0,,0.0,normalDay
2022-08-19,5320.0,2015.0,0.0,0,422.14,0.0,1,29.51,9.36,SPY220930P00417000,417.0,0,0.0,0.0,,0.0,normalDay
2022-08-22,5320.0,1588.0,0.0,0,413.35,0.0,1,29.51,13.63,SPY220930P00417000,417.0,0,0.0,0.0,,0.0,normalDay
2022-08-23,5320.0,1520.0,0.0,0,412.35,0.0,1,29.51,14.31,SPY220930P00417000,417.0,0,0.0,0.0,,0.0,normalDay
2022-08-24,5320.0,1677.0,0.0,0,413.67,0.0,1,29.51,12.74,SPY220930P00417000,417.0,0,0.0,0.0,,0.0,normalDay
2022-08-25,5320.0,1969.0,0.0,0,419.51,0.0,1,29.51,9.82,SPY220930P00417000,417.0,0,0.0,0.0,,0.0,normalDay
2022-08-26,5320.0,1119.0,0.0,0,405.31,0.0,1,29.51,18.32,SPY220930P00417000,417.0,0,0.0,0.0,,0.0,normalDay
2022-08-29,5320.0,984.0,0.0,0,402.63,0.0,1,29.51,19.67,SPY220930P00417000,417.0,0,0.0,0.0,,0.0,normalDay
2022-08-30,5320.0,682.0,0.0,0,398.21,0.0,1,29.51,22.69,SPY220930P00417000,417.0,0,0.0,0.0,,0.0,normalDay
2022-08-31,5320.0,480.0,0.0,0,395.18,0.0,1,29.51,24.71,SPY220930P00417000,417.0,0,0.0,0.0,,0.0,normalDay
2022-09-01,5320.0,579.0,0.0,0,396.42,0.0,1,29.51,23.72,SPY220930P00417000,417.0,0,0.0,0.0,,0.0,normalDay
2022-09-02,5320.0,265.0,0.0,0,392.24,0.0,1,29.51,26.86,SPY220930P00417000,417.0,0,0.0,0.0,,0.0,normalDay
2022-09-06,5320.0,44.0,0.0,0,390.76,0.0,1,29.51,29.07,SPY220930P00417000,417.0,0,0.0,0.0,,0.0,normalDay
2022-09-07,5320.0,705.0,0.0,0,397.78,0.0,1,29.51,22.46,SPY220930P00417000,417.0,0,0.0,0.0,,0.0,normalDay
2022-09-08,5320.0,998.0,0.0,0,400.38,0.0,1,29.51,19.53,SPY220930P00417000,417.0,0,0.0,0.0,,0.0,normalDay
2022-09-09,5320.0,1435.0,0.0,0,406.6,0.0,1,29.51,15.16,SPY220930P00417000,417.0,0,0.0,0.0,,0.0,normalDay
2022-09-12,5320.0,1754.0,0.0,0,410.97,0.0,1,29.51,11.97,SPY220930P00417000,417.0,0,0.0,0.0,,0.0,normalDay
2022-09-13,5320.0,366.0,0.0,0,393.1,0.0,1,29.51,25.85,SPY220930P00417000,417.0,0,0.0,0.0,,0.0,normalDay
2022-09-14,5320.0,495.0,0.0,0,394.6,0.0,1,29.51,24.56,SPY220930P00417000,417.0,0,0.0,0.0,,0.0,normalDay
2022-09-15,5320.0,159.0,0.0,0,390.12,0.0,1,29.51,27.92,SPY220930P00417000,417.0,0,0.0,0.0,,0.0,normalDay
2022-09-16,5320.0,-172.0,0.0,0,385.56,0.0,1,29.51,31.23,SPY220930P00417000,417.0,0,0.0,0.0,,0.0,normalDay
2022-09-19,5320.0,99.0,0.0,0,388.55,0.0,1,29.51,28.52,SPY220930P00417000,417.0,0,0.0,0.0,,0.0,normalDay
2022-09-20,5320.0,-302.0,0.0,0,384.09,0.0,1,29.51,32.53,SPY220930P00417000,417.0,0,0.0,0.0,,0.0,normalDay
2022-09-21,5320.0,-1023.0,0.0,0,377.39,0.0,1,29.51,39.74,SPY220930P00417000,417.0,0,0.0,0.0,,0.0,normalDay
2022-09-22,5320.0,-1298.0,0.0,0,374.22,0.0,1,29.51,42.49,SPY220930P00417000,417.0,0,0.0,0.0,,0.0,normalDay
2022-09-23,5320.0,-2002.0,0.0,0,367.95,0.0,1,29.51,49.53,SPY220930P00417000,417.0,0,0.0,0.0,,0.0,normalDay
2022-09-26,5320.0,-2393.0,0.0,0,364.31,0.0,1,29.51,53.44,SPY220930P00417000,417.0,0,0.0,0.0,,0.0,normalDay
2022-09-27,5320.0,-2429.0,0.0,0,363.38,0.0,1,29.51,53.8,SPY220930P00417000,417.0,0,0.0,0.0,,0.0,normalDay
2022-09-28,5320.0,-1716.0,0.0,0,370.53,0.0,1,29.51,46.67,SPY220930P00417000,417.0,0,0.0,0.0,,0.0,normalDay
2022-09-29,5320.0,-2468.0,0.0,0,362.79,0.0,1,29.51,54.19,SPY220930P00417000,417.0,0,0.0,0.0,,0.0,normalDay
2022-09-30,8271.0,-5982.0,2951.0,100,357.18,417.0,1,29.51,0.0,SPY220930P00417000,417.0,0,0.0,0.0,,0.0,expirationDay
2022-10-03,8271.0,-5042.0,0.0,100,366.61,417.0,0,0.0,0.0,,0.0,1,0.1,0.13,SPY221104C00430000,430.0,normalDay
2022-10-04,8271.0,-3924.0,0.0,100,377.97,417.0,0,0.0,0.0,,0.0,1,0.1,0.31,SPY221104C00430000,430.0,normalDay
2022-10-05,8271.0,-4003.0,0.0,100,377.09,417.0,0,0.0,0.0,,0.0,1,0.1,0.22,SPY221104C00430000,430.0,normalDay
2022-10-06,8271.0,-4386.0,0.0,100,373.2,417.0,0,0.0,0.0,,0.0,1,0.1,0.16,SPY221104C00430000,430.0,normalDay
2022-10-07,8271.0,-5418.0,0.0,100,362.79,417.0,0,0.0,0.0,,0.0,1,0.1,0.07,SPY221104C00430000,430.0,normalDay
2022-10-10,8271.0,-5694.0,0.0,100,360.02,417.0,0,0.0,0.0,,0.0,1,0.1,0.06,SPY221104C00430000,430.0,normalDay
2022-10-11,8271.0,-5922.0,0.0,100,357.74,417.0,0,0.0,0.0,,0.0,1,0.1,0.06,SPY221104C00430000,430.0,normalDay
2022-10-12,8271.0,-6040.0,0.0,100,356.56,417.0,0,0.0,0.0,,0.0,1,0.1,0.06,SPY221104C00430000,430.0,normalDay
2022-10-13,8271.0,-5105.0,0.0,100,365.97,417.0,0,0.0,0.0,,0.0,1,0.1,0.12,SPY221104C00430000,430.0,normalDay
2022-10-14,8271.0,-5933.0,0.0,100,357.63,417.0,0,0.0,0.0,,0.0,1,0.1,0.06,SPY221104C00430000,430.0,normalDay
2022-10-17,8271.0,-5015.0,0.0,100,366.82,417.0,0,0.0,0.0,,0.0,1,0.1,0.07,SPY221104C00430000,430.0,normalDay
2022-10-18,8271.0,-4586.0,0.0,100,371.13,417.0,0,0.0,0.0,,0.0,1,0.1,0.09,SPY221104C00430000,430.0,normalDay
2022-10-19,8271.0,-4846.0,0.0,100,368.5,417.0,0,0.0,0.0,,0.0,1,0.1,0.06,SPY221104C00430000,430.0,normalDay
2022-10-20,8271.0,-5152.0,0.0,100,365.41,417.0,0,0.0,0.0,,0.0,1,0.1,0.03,SPY221104C00430000,430.0,normalDay
2022-10-21,8271.0,-4267.0,0.0,100,374.29,417.0,0,0.0,0.0,,0.0,1,0.1,0.06,SPY221104C00430000,430.0,normalDay
2022-10-24,8271.0,-3809.0,0.0,100,378.87,417.0,0,0.0,0.0,,0.0,1,0.1,0.06,SPY221104C00430000,430.0,normalDay
2022-10-25,8271.0,-3203.0,0.0,100,384.92,417.0,0,0.0,0.0,,0.0,1,0.1,0.05,SPY221104C00430000,430.0,normalDay
2022-10-26,8271.0,-3491.0,0.0,100,382.02,417.0,0,0.0,0.0,,0.0,1,0.1,0.03,SPY221104C00430000,430.0,normalDay
2022-10-27,8271.0,-3694.0,0.0,100,379.98,417.0,0,0.0,0.0,,0.0,1,0.1,0.02,SPY221104C00430000,430.0,normalDay
2022-10-28,8271.0,-2790.0,0.0,100,389.02,417.0,0,0.0,0.0,,0.0,1,0.1,0.02,SPY221104C00430000,430.0,normalDay
2022-10-31,8271.0,-3071.0,0.0,100,386.21,417.0,0,0.0,0.0,,0.0,1,0.1,0.02,SPY221104C00430000,430.0,normalDay
2022-11-01,8271.0,-3239.0,0.0,100,384.52,417.0,0,0.0,0.0,,0.0,1,0.1,0.01,SPY221104C00430000,430.0,normalDay
2022-11-02,8271.0,-4204.0,0.0,100,374.87,417.0,0,0.0,0.0,,0.0,1,0.1,0.01,SPY221104C00430000,430.0,normalDay
2022-11-03,8271.0,-4590.0,0.0,100,371.01,417.0,0,0.0,0.0,,0.0,1,0.1,0.01,SPY221104C00430000,430.0,normalDay
2022-11-04,8281.0,-4065.0,10.0,100,376.35,417.0,0,0.0,0.0,,0.0,1,0.1,0.0,SPY221104C00430000,430.0,expirationDay
2022-11-07,8281.0,-3709.0,0.0,100,379.95,417.0,0,0.0,0.0,,0.0,1,2.41,2.45,SPY221209C00404000,404.0,normalDay
2022-11-08,8281.0,-3539.0,0.0,100,382.0,417.0,0,0.0,0.0,,0.0,1,2.41,2.8,SPY221209C00404000,404.0,normalDay
2022-11-09,8281.0,-4194.0,0.0,100,374.13,417.0,0,0.0,0.0,,0.0,1,2.41,1.48,SPY221209C00404000,404.0,normalDay
2022-11-10,8281.0,-2616.0,0.0,100,394.69,417.0,0,0.0,0.0,,0.0,1,2.41,6.26,SPY221209C00404000,404.0,normalDay
2022-11-11,8281.0,-2281.0,0.0,100,398.51,417.0,0,0.0,0.0,,0.0,1,2.41,6.73,SPY221209C00404000,404.0,normalDay
2022-11-14,8281.0,-2474.0,0.0,100,395.12,417.0,0,0.0,0.0,,0.0,1,2.41,5.27,SPY221209C00404000,404.0,normalDay
2022-11-15,8281.0,-2249.0,0.0,100,398.49,417.0,0,0.0,0.0,,0.0,1,2.41,6.39,SPY221209C00404000,404.0,normalDay
2022-11-16,8281.0,-2388.0,0.0,100,395.45,417.0,0,0.0,0.0,,0.0,1,2.41,4.74,SPY221209C00404000,404.0,normalDay
2022-11-17,8281.0,-2435.0,0.0,100,394.24,417.0,0,0.0,0.0,,0.0,1,2.41,4.0,SPY221209C00404000,404.0,normalDay
2022-11-18,8281.0,-2255.0,0.0,100,396.03,417.0,0,0.0,0.0,,0.0,1,2.41,3.99,SPY221209C00404000,404.0,normalDay
2022-11-21,8281.0,-2295.0,0.0,100,394.59,417.0,0,0.0,0.0,,0.0,1,2.41,2.95,SPY221209C00404000,404.0,normalDay
2022-11-22,8281.0,-1904.0,0.0,100,399.9,417.0,0,0.0,0.0,,0.0,1,2.41,4.35,SPY221209C00404000,404.0,normalDay
2022-11-23,8281.0,-1712.0,0.0,100,402.42,417.0,0,0.0,0.0,,0.0,1,2.41,4.95,SPY221209C00404000,404.0,normalDay
2022-11-25,8281.0,-1678.0,0.0,100,402.33,417.0,0,0.0,0.0,,0.0,1,2.41,4.52,SPY221209C00404000,404.0,normalDay
2022-11-28,8281.0,-2072.0,0.0,100,395.91,417.0,0,0.0,0.0,,0.0,1,2.41,2.04,SPY221209C00404000,404.0,normalDay
2022-11-29,8281.0,-2107.0,0.0,100,395.23,417.0,0,0.0,0.0,,0.0,1,2.41,1.71,SPY221209C00404000,404.0,normalDay
2022-11-30,8281.0,-1403.0,0.0,100,407.68,417.0,0,0.0,0.0,,0.0,1,2.41,7.12,SPY221209C00404000,404.0,normalDay
2022-12-01,8281.0,-1324.0,0.0,100,407.38,417.0,0,0.0,0.0,,0.0,1,2.41,6.03,SPY221209C00404000,404.0,normalDay
2022-12-02,8281.0,-1247.0,0.0,100,406.91,417.0,0,0.0,0.0,,0.0,1,2.41,4.79,SPY221209C00404000,404.0,normalDay
2022-12-05,8281.0,-1639.0,0.0,100,399.59,417.0,0,0.0,0.0,,0.0,1,2.41,1.39,SPY221209C00404000,404.0,normalDay
2022-12-06,8281.0,-2107.0,0.0,100,393.83,417.0,0,0.0,0.0,,0.0,1,2.41,0.31,SPY221209C00404000,404.0,normalDay
2022-12-07,8281.0,-2156.0,0.0,100,393.16,417.0,0,0.0,0.0,,0.0,1,2.41,0.13,SPY221209C00404000,404.0,normalDay
2022-12-08,8281.0,-1849.0,0.0,100,396.24,417.0,0,0.0,0.0,,0.0,1,2.41,0.14,SPY221209C00404000,404.0,normalDay
2022-12-09,8522.0,-2372.0,241.0,100,393.28,417.0,0,0.0,0.0,,0.0,1,2.41,0.0,SPY221209C00404000,404.0,expirationDay
2022-12-12,8522.0,-1812.0,0.0,100,398.95,417.0,0,0.0,0.0,,0.0,1,4.7,4.77,SPY230113C00412500,412.5,normalDay
2022-12-13,8522.0,-1536.0,0.0,100,401.97,417.0,0,0.0,0.0,,0.0,1,4.7,5.03,SPY230113C00412500,412.5,normalDay
2022-12-14,8522.0,-1649.0,0.0,100,399.4,417.0,0,0.0,0.0,,0.0,1,4.7,3.59,SPY230113C00412500,412.5,normalDay
2022-12-15,8522.0,-2402.0,0.0,100,389.63,417.0,0,0.0,0.0,,0.0,1,4.7,1.35,SPY230113C00412500,412.5,normalDay
2022-12-16,8522.0,-2974.0,0.0,100,383.27,417.0,0,0.0,0.0,,0.0,1,4.7,0.71,SPY230113C00412500,412.5,normalDay
2022-12-19,8522.0,-3273.0,0.0,100,380.02,417.0,0,0.0,0.0,,0.0,1,4.7,0.45,SPY230113C00412500,412.5,normalDay
2022-12-20,8522.0,-3217.0,0.0,100,380.54,417.0,0,0.0,0.0,,0.0,1,4.7,0.41,SPY230113C00412500,412.5,normalDay
2022-12-21,8522.0,-2671.0,0.0,100,386.23,417.0,0,0.0,0.0,,0.0,1,4.7,0.64,SPY230113C00412500,412.5,normalDay
2022-12-22,8522.0,-3195.0,0.0,100,380.72,417.0,0,0.0,0.0,,0.0,1,4.7,0.37,SPY230113C00412500,412.5,normalDay
2022-12-23,8522.0,-2972.0,0.0,100,382.91,417.0,0,0.0,0.0,,0.0,1,4.7,0.33,SPY230113C00412500,412.5,normalDay
2022-12-27,8522.0,-3114.0,0.0,100,381.4,417.0,0,0.0,0.0,,0.0,1,4.7,0.24,SPY230113C00412500,412.5,normalDay
2022-12-28,8522.0,-3577.0,0.0,100,376.66,417.0,0,0.0,0.0,,0.0,1,4.7,0.13,SPY230113C00412500,412.5,normalDay
2022-12-29,8522.0,-2906.0,0.0,100,383.44,417.0,0,0.0,0.0,,0.0,1,4.7,0.2,SPY230113C00412500,412.5,normalDay
2022-12-30,8522.0,-3000.0,0.0,100,382.43,417.0,0,0.0,0.0,,0.0,1,4.7,0.13,SPY230113C00412500,412.5,normalDay
2023-01-03,8522.0,-3155.0,0.0,100,380.82,417.0,0,0.0,0.0,,0.0,1,4.7,0.07,SPY230113C00412500,412.5,normalDay
2023-01-04,8522.0,-2862.0,0.0,100,383.76,417.0,0,0.0,0.0,,0.0,1,4.7,0.08,SPY230113C00412500,412.5,normalDay
2023-01-05,8522.0,-3296.0,0.0,100,379.38,417.0,0,0.0,0.0,,0.0,1,4.7,0.04,SPY230113C00412500,412.5,normalDay
2023-01-06,8522.0,-2427.0,0.0,100,388.08,417.0,0,0.0,0.0,,0.0,1,4.7,0.05,SPY230113C00412500,412.5,normalDay
2023-01-09,8522.0,-2448.0,0.0,100,387.86,417.0,0,0.0,0.0,,0.0,1,4.7,0.04,SPY230113C00412500,412.5,normalDay
2023-01-10,8522.0,-2177.0,0.0,100,390.58,417.0,0,0.0,0.0,,0.0,1,4.7,0.05,SPY230113C00412500,412.5,normalDay
2023-01-11,8522.0,-1689.0,0.0,100,395.52,417.0,0,0.0,0.0,,0.0,1,4.7,0.11,SPY230113C00412500,412.5,normalDay
2023-01-12,8522.0,-1535.0,0.0,100,396.96,417.0,0,0.0,0.0,,0.0,1,4.7,0.01,SPY230113C00412500,412.5,normalDay
2023-01-13,8992.0,-1850.0,470.0,100,398.5,417.0,0,0.0,0.0,,0.0,1,4.7,0.0,SPY230113C00412500,412.5,expirationDay
2023-01-17,8992.0,-1927.0,0.0,100,397.77,417.0,0,0.0,0.0,,0.0,1,4.96,5.0,SPY230217C00406000,406.0,normalDay
2023-01-18,8992.0,-2345.0,0.0,100,391.49,417.0,0,0.0,0.0,,0.0,1,4.96,2.9,SPY230217C00406000,406.0,normalDay
2023-01-19,8992.0,-2544.0,0.0,100,388.64,417.0,0,0.0,0.0,,0.0,1,4.96,2.04,SPY230217C00406000,406.0,normalDay
2023-01-20,8992.0,-2004.0,0.0,100,395.88,417.0,0,0.0,0.0,,0.0,1,4.96,3.88,SPY230217C00406000,406.0,normalDay
2023-01-23,8992.0,-1693.0,0.0,100,400.63,417.0,0,0.0,0.0,,0.0,1,4.96,5.52,SPY230217C00406000,406.0,normalDay
2023-01-24,8992.0,-1749.0,0.0,100,400.2,417.0,0,0.0,0.0,,0.0,1,4.96,5.65,SPY230217C00406000,406.0,normalDay
2023-01-25,8992.0,-1674.0,0.0,100,400.35,417.0,0,0.0,0.0,,0.0,1,4.96,5.05,SPY230217C00406000,406.0,normalDay
2023-01-26,8992.0,-1418.0,0.0,100,404.75,417.0,0,0.0,0.0,,0.0,1,4.96,6.89,SPY230217C00406000,406.0,normalDay
2023-01-27,8992.0,-1363.0,0.0,100,405.68,417.0,0,0.0,0.0,,0.0,1,4.96,7.27,SPY230217C00406000,406.0,normalDay
2023-01-30,8992.0,-1667.0,0.0,100,400.59,417.0,0,0.0,0.0,,0.0,1,4.96,5.22,SPY230217C00406000,406.0,normalDay
2023-01-31,8992.0,-1301.0,0.0,100,406.48,417.0,0,0.0,0.0,,0.0,1,4.96,7.45,SPY230217C00406000,406.0,normalDay
2023-02-01,8992.0,-1141.0,0.0,100,410.8,417.0,0,0.0,0.0,,0.0,1,4.96,10.17,SPY230217C00406000,406.0,normalDay
2023-02-02,8992.0,-844.0,0.0,100,416.78,417.0,0,0.0,0.0,,0.0,1,4.96,13.18,SPY230217C00406000,406.0,normalDay
2023-02-03,8992.0,-987.0,0.0,100,412.35,417.0,0,0.0,0.0,,0.0,1,4.96,10.18,SPY230217C00406000,406.0,normalDay
2023-02-06,8992.0,-1060.0,0.0,100,409.83,417.0,0,0.0,0.0,,0.0,1,4.96,8.39,SPY230217C00406000,406.0,normalDay
2023-02-07,8992.0,-807.0,0.0,100,415.19,417.0,0,0.0,0.0,,0.0,1,4.96,11.22,SPY230217C00406000,406.0,normalDay
2023-02-08,8992.0,-995.0,0.0,100,410.65,417.0,0,0.0,0.0,,0.0,1,4.96,8.56,SPY230217C00406000,406.0,normalDay
2023-02-09,8992.0,-1150.0,0.0,100,407.09,417.0,0,0.0,0.0,,0.0,1,4.96,6.55,SPY230217C00406000,406.0,normalDay
2023-02-10,8992.0,-1038.0,0.0,100,408.04,417.0,0,0.0,0.0,,0.0,1,4.96,6.38,SPY230217C00406000,406.0,normalDay
2023-02-13,8992.0,-849.0,0.0,100,412.83,417.0,0,0.0,0.0,,0.0,1,4.96,9.28,SPY230217C00406000,406.0,normalDay
2023-02-14,8992.0,-678.0,0.0,100,412.64,417.0,0,0.0,0.0,,0.0,1,4.96,7.38,SPY230217C00406000,406.0,normalDay
2023-02-15,8992.0,-676.0,0.0,100,413.98,417.0,0,0.0,0.0,,0.0,1,4.96,8.7,SPY230217C00406000,406.0,normalDay
2023-02-16,8992.0,-721.0,0.0,100,408.28,417.0,0,0.0,0.0,,0.0,1,4.96,3.45,SPY230217C00406000,406.0,normalDay
2023-02-17,8388.0,-721.0,-604.0,0,407.26,0.0,0,0.0,0.0,,0.0,1,4.96,0.0,SPY230217C00406000,406.0,expirationDay
2023-02-21,8388.0,-144.0,0.0,0,399.09,0.0,1,22.01,23.45,SPY240119P00390000,390.0,0,0.0,0.0,,0.0,normalDay
2023-02-22,8388.0,-127.0,0.0,0,398.54,0.0,1,22.01,23.28,SPY240119P00390000,390.0,0,0.0,0.0,,0.0,normalDay
2023-02-23,8388.0,-12.0,0.0,0,400.66,0.0,1,22.01,22.13,SPY240119P00390000,390.0,0,0.0,0.0,,0.0,normalDay
2023-02-24,8388.0,-206.0,0.0,0,396.38,0.0,1,22.01,24.07,SPY240119P00390000,390.0,0,0.0,0.0,,0.0,normalDay
2023-02-27,8388.0,-99.0,0.0,0,397.73,0.0,1,22.01,23.0,SPY240119P00390000,390.0,0,0.0,0.0,,0.0,normalDay
2023-02-28,8388.0,-114.0,0.0,0,396.26,0.0,1,22.01,23.15,SPY240119P00390000,390.0,0,0.0,0.0,,0.0,normalDay
2023-03-01,8388.0,-169.0,0.0,0,394.74,0.0,1,22.01,23.7,SPY240119P00390000,390.0,0,0.0,0.0,,0.0,normalDay
2023-03-02,8388.0,-35.0,0.0,0,397.81,0.0,1,22.01,22.36,SPY240119P00390000,390.0,0,0.0,0.0,,0.0,normalDay
2023-03-03,8388.0,195.0,0.0,0,404.19,0.0,1,22.01,20.06,SPY240119P00390000,390.0,0,0.0,0.0,,0.0,normalDay
2023-03-06,8388.0,267.0,0.0,0,404.47,0.0,1,22.01,19.34,SPY240119P00390000,390.0,0,0.0,0.0,,0.0,normalDay
2023-03-07,8388.0,34.0,0.0,0,398.27,0.0,1,22.01,21.67,SPY240119P00390000,390.0,0,0.0,0.0,,0.0,normalDay
2023-03-08,8388.0,92.0,0.0,0,398.92,0.0,1,22.01,21.09,SPY240119P00390000,390.0,0,0.0,0.0,,0.0,normalDay
2023-03-09,8388.0,-209.0,0.0,0,391.56,0.0,1,22.01,24.1,SPY240119P00390000,390.0,0,0.0,0.0,,0.0,normalDay
2023-03-10,8388.0,-649.0,0.0,0,385.91,0.0,1,22.01,28.5,SPY240119P00390000,390.0,0,0.0,0.0,,0.0,normalDay
2023-03-13,8388.0,-766.0,0.0,0,385.36,0.0,1,22.01,29.67,SPY240119P00390000,390.0,0,0.0,0.0,,0.0,normalDay
2023-03-14,8388.0,-406.0,0.0,0,391.73,0.0,1,22.01,26.07,SPY240119P00390000,390.0,0,0.0,0.0,,0.0,normalDay
2023-03-15,8388.0,-670.0,0.0,0,389.28,0.0,1,22.01,28.71,SPY240119P00390000,390.0,0,0.0,0.0,,0.0,normalDay
2023-03-16,8388.0,-298.0,0.0,0,396.11,0.0,1,22.01,24.99,SPY240119P00390000,390.0,0,0.0,0.0,,0.0,normalDay
2023-03-17,8388.0,-588.0,0.0,0,389.99,0.0,1,22.01,27.89,SPY240119P00390000,390.0,0,0.0,0.0,,0.0,normalDay
2023-03-20,8388.0,-367.0,0.0,0,393.74,0.0,1,22.01,25.68,SPY240119P00390000,390.0,0,0.0,0.0,,0.0,normalDay
2023-03-21,8388.0,-66.0,0.0,0,398.91,0.0,1,22.01,22.67,SPY240119P00390000,390.0,0,0.0,0.0,,0.0,normalDay
2023-03-22,8388.0,-353.0,0.0,0,392.11,0.0,1,22.01,25.54,SPY240119P00390000,390.0,0,0.0,0.0,,0.0,normalDay
2023-03-23,8388.0,-451.0,0.0,0,393.17,0.0,1,22.01,26.52,SPY240119P00390000,390.0,0,0.0,0.0,,0.0,normalDay
2023-03-24,8388.0,-233.0,0.0,0,395.75,0.0,1,22.01,24.34,SPY240119P00390000,390.0,0,0.0,0.0,,0.0,normalDay
2023-03-27,8388.0,-103.0,0.0,0,396.49,0.0,1,22.01,23.04,SPY240119P00390000,390.0,0,0.0,0.0,,0.0,normalDay
2023-03-28,8388.0,-99.0,0.0,0,395.6,0.0,1,22.01,23.0,SPY240119P00390000,390.0,0,0.0,0.0,,0.0,normalDay
2023-03-29,8388.0,155.0,0.0,0,401.35,0.0,1,22.01,20.46,SPY240119P00390000,390.0,0,0.0,0.0,,0.0,normalDay
2023-03-30,8388.0,235.0,0.0,0,403.7,0.0,1,22.01,19.66,SPY240119P00390000,390.0,0,0.0,0.0,,0.0,normalDay
2023-03-31,8388.0,390.0,0.0,0,409.39,0.0,1,22.01,18.11,SPY240119P00390000,390.0,0,0.0,0.0,,0.0,normalDay
2023-04-03,8388.0,459.0,0.0,0,410.95,0.0,1,22.01,17.42,SPY240119P00390000,390.0,0,0.0,0.0,,0.0,normalDay
2023-04-04,8388.0,383.0,0.0,0,408.67,0.0,1,22.01,18.18,SPY240119P00390000,390.0,0,0.0,0.0,,0.0,normalDay
2023-04-05,8388.0,330.0,0.0,0,407.6,0.0,1,22.01,18.71,SPY240119P00390000,390.0,0,0.0,0.0,,0.0,normalDay
2023-04-06,8388.0,402.0,0.0,0,409.19,0.0,1,22.01,17.99,SPY240119P00390000,390.0,0,0.0,0.0,,0.0,normalDay
2023-04-10,8388.0,455.0,0.0,0,409.61,0.0,1,22.01,17.46,SPY240119P00390000,390.0,0,0.0,0.0,,0.0,normalDay
2023-04-11,8388.0,465.0,0.0,0,409.72,0.0,1,22.01,17.36,SPY240119P00390000,390.0,0,0.0,0.0,,0.0,normalDay
2023-04-12,8388.0,417.0,0.0,0,408.05,0.0,1,22.01,17.84,SPY240119P00390000,390.0,0,0.0,0.0,,0.0,normalDay
2023-04-13,8388.0,595.0,0.0,0,413.47,0.0,1,22.01,16.06,SPY240119P00390000,390.0,0,0.0,0.0,,0.0,normalDay
2023-04-14,8388.0,592.0,0.0,0,412.46,0.0,1,22.01,16.09,SPY240119P00390000,390.0,0,0.0,0.0,,0.0,normalDay
2023-04-17,8388.0,679.0,0.0,0,413.94,0.0,1,22.01,15.22,SPY240119P00390000,390.0,0,0.0,0.0,,0.0,normalDay
2023-04-18,8388.0,680.0,0.0,0,414.21,0.0,1,22.01,15.21,SPY240119P00390000,390.0,0,0.0,0.0,,0.0,normalDay
2023-04-19,8388.0,677.0,0.0,0,414.14,0.0,1,22.01,15.24,SPY240119P00390000,390.0,0,0.0,0.0,,0.0,normalDay
2023-04-20,8388.0,595.0,0.0,0,411.88,0.0,1,22.01,16.06,SPY240119P00390000,390.0,0,0.0,0.0,,0.0,normalDay
2023-04-21,8388.0,597.0,0.0,0,412.2,0.0,1,22.01,16.04,SPY240119P00390000,390.0,0,0.0,0.0,,0.0,normalDay
2023-04-24,8388.0,612.0,0.0,0,412.63,0.0,1,22.01,15.89,SPY240119P00390000,390.0,0,0.0,0.0,,0.0,normalDay
2023-04-25,8388.0,401.0,0.0,0,406.08,0.0,1,22.01,18.0,SPY240119P00390000,390.0,0,0.0,0.0,,0.0,normalDay
2023-04-26,8388.0,332.0,0.0,0,404.36,0.0,1,22.01,18.69,SPY240119P00390000,390.0,0,0.0,0.0,,0.0,normalDay
2023-04-27,8388.0,637.0,0.0,0,412.41,0.0,1,22.01,15.64,SPY240119P00390000,390.0,0,0.0,0.0,,0.0,normalDay
2023-04-28,8388.0,734.0,0.0,0,415.93,0.0,1,22.01,14.67,SPY240119P00390000,390.0,0,0.0,0.0,,0.0,normalDay
2023-05-01,8388.0,746.0,0.0,0,415.51,0.0,1,22.01,14.55,SPY240119P00390000,390.0,0,0.0,0.0,,0.0,normalDay
2023-05-02,8388.0,583.0,0.0,0,410.84,0.0,1,22.01,16.18,SPY240119P00390000,390.0,0,0.0,0.0,,0.0,normalDay
2023-05-03,8388.0,502.0,0.0,0,408.02,0.0,1,22.01,16.99,SPY240119P00390000,390.0,0,0.0,0.0,,0.0,normalDay
2023-05-04,8388.0,336.0,0.0,0,405.13,0.0,1,22.01,18.65,SPY240119P00390000,390.0,0,0.0,0.0,,0.0,normalDay
2023-05-05,8388.0,624.0,0.0,0,412.63,0.0,1,22.01,15.77,SPY240119P00390000,390.0,0,0.0,0.0,,0.0,normalDay
2023-05-08,8388.0,660.0,0.0,0,412.74,0.0,1,22.01,15.41,SPY240119P00390000,390.0,0,0.0,0.0,,0.0,normalDay
2023-05-09,8388.0,616.0,0.0,0,410.93,0.0,1,22.01,15.85,SPY240119P00390000,390.0,0,0.0,0.0,,0.0,normalDay
2023-05-10,8388.0,685.0,0.0,0,412.85,0.0,1,22.01,15.16,SPY240119P00390000,390.0,0,0.0,0.0,,0.0,normalDay
2023-05-11,8388.0,673.0,0.0,0,412.13,0.0,1,22.01,15.28,SPY240119P00390000,390.0,0,0.0,0.0,,0.0,normalDay
2023-05-12,8388.0,648.0,0.0,0,411.59,0.0,1,22.01,15.53,SPY240119P00390000,390.0,0,0.0,0.0,,0.0,normalDay
2023-05-15,8388.0,735.0,0.0,0,413.01,0.0,1,22.01,14.66,SPY240119P00390000,390.0,0,0.0,0.0,,0.0,normalDay
2023-05-16,8388.0,649.0,0.0,0,410.25,0.0,1,22.01,15.52,SPY240119P00390000,390.0,0,0.0,0.0,,0.0,normalDay
2023-05-17,8388.0,815.0,0.0,0,415.23,0.0,1,22.01,13.86,SPY240119P00390000,390.0,0,0.0,0.0,,0.0,normalDay
2023-05-18,8388.0,950.0,0.0,0,419.23,0.0,1,22.01,12.51,SPY240119P00390000,390.0,0,0.0,0.0,,0.0,normalDay
2023-05-19,8388.0,914.0,0.0,0,418.62,0.0,1,22.01,12.87,SPY240119P00390000,390.0,0,0.0,0.0,,0.0,normalDay
2023-05-22,8388.0,930.0,0.0,0,418.79,0.0,1,22.01,12.71,SPY240119P00390000,390.0,0,0.0,0.0,,0.0,normalDay
2023-05-23,8388.0,801.0,0.0,0,414.09,0.0,1,22.01,14.0,SPY240119P00390000,390.0,0,0.0,0.0,,0.0,normalDay
2023-05-24,8388.0,717.0,0.0,0,411.09,0.0,1,22.01,14.84,SPY240119P00390000,390.0,0,0.0,0.0,,0.0,normalDay
2023-05-25,8388.0,826.0,0.0,0,414.65,0.0,1,22.01,13.75,SPY240119P00390000,390.0,0,0.0,0.0,,0.0,normalDay
2023-05-26,8388.0,980.0,0.0,0,420.02,0.0,1,22.01,12.21,SPY240119P00390000,390.0,0,0.0,0.0,,0.0,normalDay
2023-05-30,8388.0,1010.0,0.0,0,420.18,0.0,1,22.01,11.91,SPY240119P00390000,390.0,0,0.0,0.0,,0.0,normalDay
2023-05-31,8388.0,960.0,0.0,0,417.85,0.0,1,22.01,12.41,SPY240119P00390000,390.0,0,0.0,0.0,,0.0,normalDay
2023-06-01,8388.0,1098.0,0.0,0,421.82,0.0,1,22.01,11.03,SPY240119P00390000,390.0,0,0.0,0.0,,0.0,normalDay
2023-06-02,8388.0,1248.0,0.0,0,427.92,0.0,1,22.01,9.53,SPY240119P00390000,390.0,0,0.0,0.0,,0.0,normalDay
2023-06-05,8388.0,1249.0,0.0,0,427.1,0.0,1,22.01,9.52,SPY240119P00390000,390.0,0,0.0,0.0,,0.0,normalDay
2023-06-06,8388.0,1316.0,0.0,0,428.03,0.0,1,22.01,8.85,SPY240119P00390000,390.0,0,0.0,0.0,,0.0,normalDay
2023-06-07,8388.0,1304.0,0.0,0,426.55,0.0,1,22.01,8.97,SPY240119P00390000,390.0,0,0.0,0.0,,0.0,normalDay
2023-06-08,8388.0,1366.0,0.0,0,429.13,0.0,1,22.01,8.35,SPY240119P00390000,390.0,0,0.0,0.0,,0.0,normalDay
2023-06-09,8388.0,1384.0,0.0,0,429.9,0.0,1,22.01,8.17,SPY240119P00390000,390.0,0,0.0,0.0,,0.0,normalDay
2023-06-12,8388.0,1431.0,0.0,0,433.8,0.0,1,22.01,7.7,SPY240119P00390000,390.0,0,0.0,0.0,,0.0,normalDay
2023-06-13,8388.0,1473.0,0.0,0,436.66,0.0,1,22.01,7.28,SPY240119P00390000,390.0,0,0.0,0.0,,0.0,normalDay
2023-06-14,8388.0,1492.0,0.0,0,437.18,0.0,1,22.01,7.09,SPY240119P00390000,390.0,0,0.0,0.0,,0.0,normalDay
2023-06-15,8388.0,1532.0,0.0,0,442.6,0.0,1,22.01,6.69,SPY240119P00390000,390.0,0,0.0,0.0,,0.0,normalDay
2023-06-16,8388.0,1541.0,0.0,0,439.46,0.0,1,22.01,6.6,SPY240119P00390000,390.0,0,0.0,0.0,,0.0,normalDay
2023-06-20,8388.0,1483.0,0.0,0,437.18,0.0,1,22.01,7.18,SPY240119P00390000,390.0,0,0.0,0.0,,0.0,normalDay
2023-06-21,8388.0,1481.0,0.0,0,434.94,0.0,1,22.01,7.2,SPY240119P00390000,390.0,0,0.0,0.0,,0.0,normalDay
2023-06-22,8388.0,1510.0,0.0,0,436.51,0.0,1,22.01,6.91,SPY240119P00390000,390.0,0,0.0,0.0,,0.0,normalDay
2023-06-23,8388.0,1467.0,0.0,0,433.21,0.0,1,22.01,7.34,SPY240119P00390000,390.0,0,0.0,0.0,,0.0,normalDay
2023-06-26,8388.0,1451.0,0.0,0,431.44,0.0,1,22.01,7.5,SPY240119P00390000,390.0,0,0.0,0.0,,0.0,normalDay
2023-06-27,8388.0,1542.0,0.0,0,436.17,0.0,1,22.01,6.59,SPY240119P00390000,390.0,0,0.0,0.0,,0.0,normalDay
2023-06-28,8388.0,1592.0,0.0,0,436.39,0.0,1,22.01,6.09,SPY240119P00390000,390.0,0,0.0,0.0,,0.0,normalDay
2023-06-29,8388.0,1598.0,0.0,0,438.11,0.0,1,22.01,6.03,SPY240119P00390000,390.0,0,0.0,0.0,,0.0,normalDay
2023-06-30,8388.0,1655.0,0.0,0,443.28,0.0,1,22.01,5.46,SPY240119P00390000,390.0,0,0.0,0.0,,0.0,normalDay
2023-07-03,8388.0,1666.0,0.0,0,443.79,0.0,1,22.01,5.35,SPY240119P00390000,390.0,0,0.0,0.0,,0.0,normalDay
2023-07-05,8388.0,1655.0,0.0,0,443.13,0.0,1,22.01,5.46,SPY240119P00390000,390.0,0,0.0,0.0,,0.0,normalDay
2023-07-06,8388.0,1589.0,0.0,0,439.66,0.0,1,22.01,6.12,SPY240119P00390000,390.0,0,0.0,0.0,,0.0,normalDay
2023-07-07,8388.0,1591.0,0.0,0,438.55,0.0,1,22.01,6.1,SPY240119P00390000,390.0,0,0.0,0.0,,0.0,normalDay
2023-07-10,8388.0,1606.0,0.0,0,439.66,0.0,1,22.01,5.95,SPY240119P00390000,390.0,0,0.0,0.0,,0.0,normalDay
2023-07-11,8388.0,1660.0,0.0,0,442.46,0.0,1,22.01,5.41,SPY240119P00390000,390.0,0,0.0,0.0,,0.0,normalDay
2023-07-12,8388.0,1728.0,0.0,0,446.02,0.0,1,22.01,4.73,SPY240119P00390000,390.0,0,0.0,0.0,,0.0,normalDay
2023-07-13,8388.0,1755.0,0.0,0,449.56,0.0,1,22.01,4.46,SPY240119P00390000,390.0,0,0.0,0.0,,0.0,normalDay
2023-07-14,8388.0,1752.0,0.0,0,449.28,0.0,1,22.01,4.49,SPY240119P00390000,390.0,0,0.0,0.0,,0.0,normalDay
2023-07-17,8388.0,1765.0,0.0,0,450.84,0.0,1,22.01,4.36,SPY240119P00390000,390.0,0,0.0,0.0,,0.0,normalDay
2023-07-18,8388.0,1800.0,0.0,0,454.19,0.0,1,22.01,4.01,SPY240119P00390000,390.0,0,0.0,0.0,,0.0,normalDay
2023-07-19,8388.0,1787.0,0.0,0,455.2,0.0,1,22.01,4.14,SPY240119P00390000,390.0,0,0.0,0.0,,0.0,normalDay
2023-07-20,8388.0,1759.0,0.0,0,452.18,0.0,1,22.01,4.42,SPY240119P00390000,390.0,0,0.0,0.0,,0.0,normalDay
2023-07-21,8388.0,1781.0,0.0,0,452.18,0.0,1,22.01,4.2,SPY240119P00390000,390.0,0,0.0,0.0,,0.0,normalDay
2023-07-24,8388.0,1806.0,0.0,0,454.2,0.0,1,22.01,3.95,SPY240119P00390000,390.0,0,0.0,0.0,,0.0,normalDay
2023-07-25,8388.0,1812.0,0.0,0,455.44,0.0,1,22.01,3.89,SPY240119P00390000,390.0,0,0.0,0.0,,0.0,normalDay
2023-07-26,8388.0,1824.0,0.0,0,455.51,0.0,1,22.01,3.77,SPY240119P00390000,390.0,0,0.0,0.0,,0.0,normalDay
2023-07-27,8388.0,1779.0,0.0,0,452.49,0.0,1,22.01,4.22,SPY240119P00390000,390.0,0,0.0,0.0,,0.0,normalDay
2023-07-28,8388.0,1828.0,0.0,0,456.92,0.0,1,22.01,3.73,SPY240119P00390000,390.0,0,0.0,0.0,,0.0,normalDay
2023-07-31,8388.0,1834.0,0.0,0,457.79,0.0,1,22.01,3.67,SPY240119P00390000,390.0,0,0.0,0.0,,0.0,normalDay
2023-08-01,8388.0,1818.0,0.0,0,456.48,0.0,1,22.01,3.83,SPY240119P00390000,390.0,0,0.0,0.0,,0.0,normalDay
2023-08-02,8388.0,1724.0,0.0,0,450.13,0.0,1,22.01,4.77,SPY240119P00390000,390.0,0,0.0,0.0,,0.0,normalDay
2023-08-03,8388.0,1731.0,0.0,0,448.84,0.0,1,22.01,4.7,SPY240119P00390000,390.0,0,0.0,0.0,,0.0,normalDay
2023-08-04,8388.0,1678.0,0.0,0,446.81,0.0,1,22.01,5.23,SPY240119P00390000,390.0,0,0.0,0.0,,0.0,normalDay
2023-08-07,8388.0,1755.0,0.0,0,450.71,0.0,1,22.01,4.46,SPY240119P00390000,390.0,0,0.0,0.0,,0.0,normalDay
2023-08-08,8388.0,1727.0,0.0,0,448.75,0.0,1,22.01,4.74,SPY240119P00390000,390.0,0,0.0,0.0,,0.0,normalDay
2023-08-09,8388.0,1715.0,0.0,0,445.75,0.0,1,22.01,4.86,SPY240119P00390000,390.0,0,0.0,0.0,,0.0,normalDay
2023-08-10,8388.0,1713.0,0.0,0,445.91,0.0,1,22.01,4.88,SPY240119P00390000,390.0,0,0.0,0.0,,0.0,normalDay
2023-08-11,8388.0,1733.0,0.0,0,445.65,0.0,1,22.01,4.68,SPY240119P00390000,390.0,0,0.0,0.0,,0.0,normalDay
2023-08-14,8388.0,1773.0,0.0,0,448.11,0.0,1,22.01,4.28,SPY240119P00390000,390.0,0,0.0,0.0,,0.0,normalDay
2023-08-15,8388.0,1691.0,0.0,0,442.89,0.0,1,22.01,5.1,SPY240119P00390000,390.0,0,0.0,0.0,,0.0,normalDay
2023-08-16,8388.0,1651.0,0.0,0,439.64,0.0,1,22.01,5.5,SPY240119P00390000,390.0,0,0.0,0.0,,0.0,normalDay
2023-08-17,8388.0,1584.0,0.0,0,436.29,0.0,1,22.01,6.17,SPY240119P00390000,390.0,0,0.0,0.0,,0.0,normalDay
2023-08-18,8388.0,1617.0,0.0,0,436.5,0.0,1,22.01,5.84,SPY240119P00390000,390.0,0,0.0,0.0,,0.0,normalDay
2023-08-21,8388.0,1665.0,0.0,0,439.34,0.0,1,22.01,5.36,SPY240119P00390000,390.0,0,0.0,0.0,,0.0,normalDay
2023-08-22,8388.0,1665.0,0.0,0,438.15,0.0,1,22.01,5.36,SPY240119P00390000,390.0,0,0.0,0.0,,0.0,normalDay
2023-08-23,8388.0,1735.0,0.0,0,443.03,0.0,1,22.01,4.66,SPY240119P00390000,390.0,0,0.0,0.0,,0.0,normalDay
2023-08-24,8388.0,1652.0,0.0,0,436.89,0.0,1,22.01,5.49,SPY240119P00390000,390.0,0,0.0,0.0,,0.0,normalDay
2023-08-25,8388.0,1726.0,0.0,0,439.97,0.0,1,22.01,4.75,SPY240119P00390000,390.0,0,0.0,0.0,,0.0,normalDay
2023-08-28,8388.0,1782.0,0.0,0,442.76,0.0,1,22.01,4.19,SPY240119P00390000,390.0,0,0.0,0.0,,0.0,normalDay
2023-08-29,8388.0,1854.0,0.0,0,449.16,0.0,1,22.01,3.47,SPY240119P00390000,390.0,0,0.0,0.0,,0.0,normalDay
2023-08-30,8388.0,1882.0,0.0,0,451.01,0.0,1,22.01,3.19,SPY240119P00390000,390.0,0,0.0,0.0,,0.0,normalDay
2023-08-31,8388.0,1894.0,0.0,0,450.35,0.0,1,22.01,3.07,SPY240119P00390000,390.0,0,0.0,0.0,,0.0,normalDay
2023-09-01,8388.0,1903.0,0.0,0,451.19,0.0,1,22.01,2.98,SPY240119P00390000,390.0,0,0.0,0.0,,0.0,normalDay
2023-09-05,8388.0,1891.0,0.0,0,449.24,0.0,1,22.01,3.1,SPY240119P00390000,390.0,0,0.0,0.0,,0.0,normalDay
2023-09-06,8388.0,1859.0,0.0,0,446.22,0.0,1,22.01,3.42,SPY240119P00390000,390.0,0,0.0,0.0,,0.0,normalDay
2023-09-07,8388.0,1855.0,0.0,0,444.85,0.0,1,22.01,3.46,SPY240119P00390000,390.0,0,0.0,0.0,,0.0,normalDay
2023-09-08,8388.0,1884.0,0.0,0,445.52,0.0,1,22.01,3.17,SPY240119P00390000,390.0,0,0.0,0.0,,0.0,normalDay
2023-09-11,8388.0,1920.0,0.0,0,448.45,0.0,1,22.01,2.81,SPY240119P00390000,390.0,0,0.0,0.0,,0.0,normalDay
2023-09-12,8388.0,1903.0,0.0,0,445.99,0.0,1,22.01,2.98,SPY240119P00390000,390.0,0,0.0,0.0,,0.0,normalDay
2023-09-13,8388.0,1921.0,0.0,0,446.51,0.0,1,22.01,2.8,SPY240119P00390000,390.0,0,0.0,0.0,,0.0,normalDay
2023-09-14,8388.0,1960.0,0.0,0,450.36,0.0,1,22.01,2.41,SPY240119P00390000,390.0,0,0.0,0.0,,0.0,normalDay
2023-09-15,8388.0,1910.0,0.0,0,443.37,0.0,1,22.01,2.91,SPY240119P00390000,390.0,0,0.0,0.0,,0.0,normalDay
2023-09-18,8388.0,1920.0,0.0,0,443.63,0.0,1,22.01,2.81,SPY240119P00390000,390.0,0,0.0,0.0,,0.0,normalDay
2023-09-19,8388.0,1924.0,0.0,0,442.71,0.0,1,22.01,2.77,SPY240119P00390000,390.0,0,0.0,0.0,,0.0,normalDay
2023-09-20,8388.0,1879.0,0.0,0,438.64,0.0,1,22.01,3.22,SPY240119P00390000,390.0,0,0.0,0.0,,0.0,normalDay
2023-09-21,8388.0,1774.0,0.0,0,431.39,0.0,1,22.01,4.27,SPY240119P00390000,390.0,0,0.0,0.0,,0.0,normalDay
2023-09-22,8388.0,1767.0,0.0,0,430.42,0.0,1,22.01,4.34,SPY240119P00390000,390.0,0,0.0,0.0,,0.0,normalDay
2023-09-25,8388.0,1792.0,0.0,0,432.23,0.0,1,22.01,4.09,SPY240119P00390000,390.0,0,0.0,0.0,,0.0,normalDay
2023-09-26,8388.0,1658.0,0.0,0,425.88,0.0,1,22.01,5.43,SPY240119P00390000,390.0,0,0.0,0.0,,0.0,normalDay
2023-09-27,8388.0,1692.0,0.0,0,426.05,0.0,1,22.01,5.09,SPY240119P00390000,390.0,0,0.0,0.0,,0.0,normalDay
2023-09-28,8388.0,1749.0,0.0,0,428.52,0.0,1,22.01,4.52,SPY240119P00390000,390.0,0,0.0,0.0,,0.0,normalDay
2023-09-29,8388.0,1739.0,0.0,0,427.48,0.0,1,22.01,4.62,SPY240119P00390000,390.0,0,0.0,0.0,,0.0,normalDay
2023-10-02,8388.0,1754.0,0.0,0,427.31,0.0,1,22.01,4.47,SPY240119P00390000,390.0,0,0.0,0.0,,0.0,normalDay
2023-10-03,8388.0,1610.0,0.0,0,421.59,0.0,1,22.01,5.91,SPY240119P00390000,390.0,0,0.0,0.0,,0.0,normalDay
2023-10-04,8388.0,1686.0,0.0,0,424.66,0.0,1,22.01,5.15,SPY240119P00390000,390.0,0,0.0,0.0,,0.0,normalDay
2023-10-05,8388.0,1685.0,0.0,0,424.5,0.0,1,22.01,5.16,SPY240119P00390000,390.0,0,0.0,0.0,,0.0,normalDay
2023-10-06,8388.0,1787.0,0.0,0,429.54,0.0,1,22.01,4.14,SPY240119P00390000,390.0,0,0.0,0.0,,0.0,normalDay
2023-10-09,8388.0,1822.0,0.0,0,432.29,0.0,1,22.01,3.79,SPY240119P00390000,390.0,0,0.0,0.0,,0.0,normalDay
2023-10-10,8388.0,1861.0,0.0,0,434.54,0.0,1,22.01,3.4,SPY240119P00390000,390.0,0,0.0,0.0,,0.0,normalDay
2023-10-11,8388.0,1900.0,0.0,0,436.32,0.0,1,22.01,3.01,SPY240119P00390000,390.0,0,0.0,0.0,,0.0,normalDay
2023-10-12,8388.0,1870.0,0.0,0,433.66,0.0,1,22.01,3.31,SPY240119P00390000,390.0,0,0.0,0.0,,0.0,normalDay
2023-10-13,8388.0,1760.0,0.0,0,431.5,0.0,1,22.01,4.41,SPY240119P00390000,390.0,0,0.0,0.0,,0.0,normalDay
2023-10-16,8388.0,1877.0,0.0,0,436.04,0.0,1,22.01,3.24,SPY240119P00390000,390.0,0,0.0,0.0,,0.0,normalDay
2023-10-17,8388.0,1864.0,0.0,0,436.02,0.0,1,22.01,3.37,SPY240119P00390000,390.0,0,0.0,0.0,,0.0,normalDay
2023-10-18,8388.0,1774.0,0.0,0,430.21,0.0,1,22.01,4.27,SPY240119P00390000,390.0,0,0.0,0.0,,0.0,normalDay
2023-10-19,8388.0,1656.0,0.0,0,426.43,0.0,1,22.01,5.45,SPY240119P00390000,390.0,0,0.0,0.0,,0.0,normalDay
2023-10-20,8388.0,1605.0,0.0,0,421.19,0.0,1,22.01,5.96,SPY240119P00390000,390.0,0,0.0,0.0,,0.0,normalDay
2023-10-23,8388.0,1662.0,0.0,0,420.46,0.0,1,22.01,5.39,SPY240119P00390000,390.0,0,0.0,0.0,,0.0,normalDay
2023-10-24,8388.0,1754.0,0.0,0,423.63,0.0,1,22.01,4.47,SPY240119P00390000,390.0,0,0.0,0.0,,0.0,normalDay
2023-10-25,8388.0,1623.0,0.0,0,417.55,0.0,1,22.01,5.78,SPY240119P00390000,390.0,0,0.0,0.0,,0.0,normalDay
2023-10-26,8388.0,1536.0,0.0,0,412.55,0.0,1,22.01,6.65,SPY240119P00390000,390.0,0,0.0,0.0,,0.0,normalDay
2023-10-27,8388.0,1481.0,0.0,0,410.68,0.0,1,22.01,7.2,SPY240119P00390000,390.0,0,0.0,0.0,,0.0,normalDay
2023-10-30,8388.0,1646.0,0.0,0,415.59,0.0,1,22.01,5.55,SPY240119P00390000,390.0,0,0.0,0.0,,0.0,normalDay
2023-10-31,8388.0,1748.0,0.0,0,418.2,0.0,1,22.01,4.53,SPY240119P00390000,390.0,0,0.0,0.0,,0.0,normalDay
2023-11-01,8388.0,1851.0,0.0,0,422.66,0.0,1,22.01,3.5,SPY240119P00390000,390.0,0,0.0,0.0,,0.0,normalDay
2023-11-02,8388.0,1951.0,0.0,0,430.76,0.0,1,22.01,2.5,SPY240119P00390000,390.0,0,0.0,0.0,,0.0,normalDay
2023-11-03,8388.0,1997.0,0.0,0,434.69,0.0,1,22.01,2.04,SPY240119P00390000,390.0,0,0.0,0.0,,0.0,normalDay
2023-11-06,8388.0,2020.0,0.0,0,435.69,0.0,1,22.01,1.81,SPY240119P00390000,390.0,0,0.0,0.0,,0.0,normalDay
2023-11-07,8388.0,2034.0,0.0,0,436.93,0.0,1,22.01,1.67,SPY240119P00390000,390.0,0,0.0,0.0,,0.0,normalDay
2023-11-08,8388.0,2048.0,0.0,0,437.25,0.0,1,22.01,1.53,SPY240119P00390000,390.0,0,0.0,0.0,,0.0,normalDay
2023-11-09,8388.0,2019.0,0.0,0,433.84,0.0,1,22.01,1.82,SPY240119P00390000,390.0,0,0.0,0.0,,0.0,normalDay
2023-11-10,8388.0,2069.0,0.0,0,440.61,0.0,1,22.01,1.32,SPY240119P00390000,390.0,0,0.0,0.0,,0.0,normalDay
2023-11-13,8388.0,2074.0,0.0,0,440.19,0.0,1,22.01,1.27,SPY240119P00390000,390.0,0,0.0,0.0,,0.0,normalDay
2023-11-14,8388.0,2105.0,0.0,0,448.73,0.0,1,22.01,0.96,SPY240119P00390000,390.0,0,0.0,0.0,,0.0,normalDay
2023-11-15,8388.0,2109.0,0.0,0,449.68,0.0,1,22.01,0.92,SPY240119P00390000,390.0,0,0.0,0.0,,0.0,normalDay
2023-11-16,8388.0,2112.0,0.0,0,450.23,0.0,1,22.01,0.89,SPY240119P00390000,390.0,0,0.0,0.0,,0.0,normalDay
2023-11-17,8388.0,2119.0,0.0,0,450.79,0.0,1,22.01,0.82,SPY240119P00390000,390.0,0,0.0,0.0,,0.0,normalDay
2023-11-20,8388.0,2133.0,0.0,0,454.26,0.0,1,22.01,0.68,SPY240119P00390000,390.0,0,0.0,0.0,,0.0,normalDay
2023-11-21,8388.0,2135.0,0.0,0,453.27,0.0,1,22.01,0.66,SPY240119P00390000,390.0,0,0.0,0.0,,0.0,normalDay
2023-11-22,8388.0,2139.0,0.0,0,455.02,0.0,1,22.01,0.62,SPY240119P00390000,390.0,0,0.0,0.0,,0.0,normalDay
2023-11-24,8388.0,2147.0,0.0,0,455.3,0.0,1,22.01,0.54,SPY240119P00390000,390.0,0,0.0,0.0,,0.0,normalDay
2023-11-27,8388.0,2148.0,0.0,0,454.48,0.0,1,22.01,0.53,SPY240119P00390000,390.0,0,0.0,0.0,,0.0,normalDay
2023-11-28,8388.0,2150.0,0.0,0,454.93,0.0,1,22.01,0.51,SPY240119P00390000,390.0,0,0.0,0.0,,0.0,normalDay
2023-11-29,8388.0,2150.0,0.0,0,454.61,0.0,1,22.01,0.51,SPY240119P00390000,390.0,0,0.0,0.0,,0.0,normalDay
2023-11-30,8388.0,2154.0,0.0,0,456.4,0.0,1,22.01,0.47,SPY240119P00390000,390.0,0,0.0,0.0,,0.0,normalDay
