date,totalCapital,unrializedPnL,rializedPnL,stocksOwned,stocksPriceToday,stocksPriceBoughtAt,putOwned,putOwnedSoldAt,putPriceToday,putOwnedContract,putOwnedStrike,callOwned,callOwnedSoldAt,callPriceToday,callOwnedContract,callOwnedStrike,trackType
2018-11-01,0.0,-6.0,0.0,0,273.51,0.0,1,0.9,0.96,SPY181203P00251000,251.0,0,0.0,0.0,,0.0,normalDay
2018-11-02,0.0,-8.0,0.0,0,271.89,0.0,1,0.9,0.98,SPY181203P00251000,251.0,0,0.0,0.0,,0.0,normalDay
2018-11-05,0.0,10.0,0.0,0,273.39,0.0,1,0.9,0.8,SPY181203P00251000,251.0,0,0.0,0.0,,0.0,normalDay
2018-11-06,0.0,18.0,0.0,0,275.12,0.0,1,0.9,0.72,SPY181203P00251000,251.0,0,0.0,0.0,,0.0,normalDay
2018-11-07,0.0,62.0,0.0,0,281.01,0.0,1,0.9,0.28,SPY181203P00251000,251.0,0,0.0,0.0,,0.0,normalDay
2018-11-08,0.0,59.0,0.0,0,280.5,0.0,1,0.9,0.31,SPY181203P00251000,251.0,0,0.0,0.0,,0.0,normalDay
2018-11-09,0.0,54.0,0.0,0,277.76,0.0,1,0.9,0.36,SPY181203P00251000,251.0,0,0.0,0.0,,0.0,normalDay
2018-11-12,0.0,22.0,0.0,0,272.57,0.0,1,0.9,0.68,SPY181203P00251000,251.0,0,0.0,0.0,,0.0,normalDay
2018-11-13,0.0,26.0,0.0,0,272.06,0.0,1,0.9,0.64,SPY181203P00251000,251.0,0,0.0,0.0,,0.0,normalDay
2018-11-14,0.0,12.0,0.0,0,270.2,0.0,1,0.9,0.78,SPY181203P00251000,251.0,0,0.0,0.0,,0.0,normalDay
2018-11-15,0.0,45.0,0.0,0,273.02,0.0,1,0.9,0.45,SPY181203P00251000,251.0,0,0.0,0.0,,0.0,normalDay
2018-11-16,0.0,63.0,0.0,0,273.73,0.0,1,0.9,0.27,SPY181203P00251000,251.0,0,0.0,0.0,,0.0,normalDay
2018-11-19,0.0,47.0,0.0,0,269.1,0.0,1,0.9,0.43,SPY181203P00251000,251.0,0,0.0,0.0,,0.0,normalDay
2018-11-20,0.0,-2.0,0.0,0,264.12,0.0,1,0.9,0.92,SPY181203P00251000,251.0,0,0.0,0.0,,0.0,normalDay
2018-11-21,0.0,40.0,0.0,0,265.02,0.0,1,0.9,0.5,SPY181203P00251000,251.0,0,0.0,0.0,,0.0,normalDay
2018-11-23,0.0,34.0,0.0,0,263.25,0.0,1,0.9,0.56,SPY181203P00251000,251.0,0,0.0,0.0,,0.0,normalDay
2018-11-26,0.0,79.0,0.0,0,267.5,0.0,1,0.9,0.11,SPY181203P00251000,251.0,0,0.0,0.0,,0.0,normalDay
2018-11-27,0.0,81.0,0.0,0,268.4,0.0,1,0.9,0.09,SPY181203P00251000,251.0,0,0.0,0.0,,0.0,normalDay
2018-11-28,0.0,85.0,0.0,0,274.58,0.0,1,0.9,0.05,SPY181203P00251000,251.0,0,0.0,0.0,,0.0,normalDay
2018-11-29,0.0,86.0,0.0,0,273.98,0.0,1,0.9,0.04,SPY181203P00251000,251.0,0,0.0,0.0,,0.0,normalDay
2018-11-30,0.0,88.0,0.0,0,275.65,0.0,1,0.9,0.02,SPY181203P00251000,251.0,0,0.0,0.0,,0.0,normalDay
2018-12-03,90.0,0.0,90.0,0,279.3,0.0,1,0.9,0.0,SPY181203P00251000,251.0,0,0.0,0.0,,0.0,expirationDay
2018-12-04,90.0,-8.0,0.0,0,270.25,0.0,1,1.8,1.88,SPY190104P00255000,255.0,0,0.0,0.0,,0.0,normalDay
2018-12-06,90.0,-11.0,0.0,0,269.84,0.0,1,1.8,1.91,SPY190104P00255000,255.0,0,0.0,0.0,,0.0,normalDay
2018-12-07,90.0,-172.0,0.0,0,263.57,0.0,1,1.8,3.52,SPY190104P00255000,255.0,0,0.0,0.0,,0.0,normalDay
2018-12-10,90.0,-95.0,0.0,0,264.07,0.0,1,1.8,2.75,SPY190104P00255000,255.0,0,0.0,0.0,,0.0,normalDay
2018-12-11,90.0,-72.0,0.0,0,264.13,0.0,1,1.8,2.52,SPY190104P00255000,255.0,0,0.0,0.0,,0.0,normalDay
2018-12-12,90.0,-34.0,0.0,0,265.46,0.0,1,1.8,2.14,SPY190104P00255000,255.0,0,0.0,0.0,,0.0,normalDay
2018-12-13,90.0,-2.0,0.0,0,265.37,0.0,1,1.8,1.82,SPY190104P00255000,255.0,0,0.0,0.0,,0.0,normalDay
2018-12-14,90.0,-120.0,0.0,0,260.47,0.0,1,1.8,3.0,SPY190104P00255000,255.0,0,0.0,0.0,,0.0,normalDay
2018-12-17,90.0,-341.0,0.0,0,255.36,0.0,1,1.8,5.21,SPY190104P00255000,255.0,0,0.0,0.0,,0.0,normalDay
2018-12-18,90.0,-398.0,0.0,0,255.08,0.0,1,1.8,5.78,SPY190104P00255000,255.0,0,0.0,0.0,,0.0,normalDay
2018-12-19,90.0,-545.0,0.0,0,251.26,0.0,1,1.8,7.25,SPY190104P00255000,255.0,0,0.0,0.0,,0.0,normalDay
2018-12-20,90.0,-818.0,0.0,0,247.17,0.0,1,1.8,9.98,SPY190104P00255000,255.0,0,0.0,0.0,,0.0,normalDay
2018-12-21,90.0,-1370.0,0.0,0,240.7,0.0,1,1.8,15.5,SPY190104P00255000,255.0,0,0.0,0.0,,0.0,normalDay
2018-12-24,90.0,-2120.0,0.0,0,234.34,0.0,1,1.8,23.0,SPY190104P00255000,255.0,0,0.0,0.0,,0.0,normalDay
2018-12-26,90.0,-817.0,0.0,0,246.18,0.0,1,1.8,9.97,SPY190104P00255000,255.0,0,0.0,0.0,,0.0,normalDay
2018-12-27,90.0,-642.0,0.0,0,248.07,0.0,1,1.8,8.22,SPY190104P00255000,255.0,0,0.0,0.0,,0.0,normalDay
2018-12-28,90.0,-660.0,0.0,0,247.75,0.0,1,1.8,8.4,SPY190104P00255000,255.0,0,0.0,0.0,,0.0,normalDay
2018-12-31,90.0,-420.0,0.0,0,249.92,0.0,1,1.8,6.0,SPY190104P00255000,255.0,0,0.0,0.0,,0.0,normalDay
2019-01-02,90.0,-321.0,0.0,0,250.18,0.0,1,1.8,5.01,SPY190104P00255000,255.0,0,0.0,0.0,,0.0,normalDay
2019-01-03,90.0,-926.0,0.0,0,244.21,0.0,1,1.8,11.06,SPY190104P00255000,255.0,0,0.0,0.0,,0.0,normalDay
2019-01-04,270.0,-261.0,180.0,100,252.39,255.0,1,1.8,0.0,SPY190104P00255000,255.0,0,0.0,0.0,,0.0,expirationDay
2019-01-07,270.0,-73.0,0.0,100,254.38,255.0,0,0.0,0.0,,0.0,1,9.75,9.86,SPY190418C00256000,256.0,normalDay
2019-01-08,270.0,57.0,0.0,100,256.77,255.0,0,0.0,0.0,,0.0,1,9.75,10.95,SPY190418C00256000,256.0,normalDay
2019-01-09,270.0,125.0,0.0,100,257.97,255.0,0,0.0,0.0,,0.0,1,9.75,11.47,SPY190418C00256000,256.0,normalDay
2019-01-10,270.0,170.0,0.0,100,258.88,255.0,0,0.0,0.0,,0.0,1,9.75,11.93,SPY190418C00256000,256.0,normalDay
2019-01-11,270.0,220.0,0.0,100,258.98,255.0,0,0.0,0.0,,0.0,1,9.75,11.53,SPY190418C00256000,256.0,normalDay
2019-01-14,270.0,180.0,0.0,100,257.4,255.0,0,0.0,0.0,,0.0,1,9.75,10.35,SPY190418C00256000,256.0,normalDay
2019-01-15,270.0,331.0,0.0,100,260.35,255.0,0,0.0,0.0,,0.0,1,9.75,11.79,SPY190418C00256000,256.0,normalDay
2019-01-16,270.0,352.0,0.0,100,260.98,255.0,0,0.0,0.0,,0.0,1,9.75,12.21,SPY190418C00256000,256.0,normalDay
2019-01-17,270.0,416.0,0.0,100,262.96,255.0,0,0.0,0.0,,0.0,1,9.75,13.55,SPY190418C00256000,256.0,normalDay
2019-01-18,270.0,526.0,0.0,100,266.46,255.0,0,0.0,0.0,,0.0,1,9.75,15.95,SPY190418C00256000,256.0,normalDay
2019-01-22,270.0,368.0,0.0,100,262.86,255.0,0,0.0,0.0,,0.0,1,9.75,13.93,SPY190418C00256000,256.0,normalDay
2019-01-23,270.0,425.0,0.0,100,263.41,255.0,0,0.0,0.0,,0.0,1,9.75,13.91,SPY190418C00256000,256.0,normalDay
2019-01-24,270.0,498.0,0.0,100,263.55,255.0,0,0.0,0.0,,0.0,1,9.75,13.32,SPY190418C00256000,256.0,normalDay
2019-01-25,270.0,532.0,0.0,100,265.78,255.0,0,0.0,0.0,,0.0,1,9.75,15.21,SPY190418C00256000,256.0,normalDay
2019-01-28,270.0,473.0,0.0,100,263.76,255.0,0,0.0,0.0,,0.0,1,9.75,13.78,SPY190418C00256000,256.0,normalDay
2019-01-29,270.0,476.0,0.0,100,263.41,255.0,0,0.0,0.0,,0.0,1,9.75,13.4,SPY190418C00256000,256.0,normalDay
2019-01-30,270.0,624.0,0.0,100,267.58,255.0,0,0.0,0.0,,0.0,1,9.75,16.09,SPY190418C00256000,256.0,normalDay
2019-01-31,270.0,664.0,0.0,100,269.93,255.0,0,0.0,0.0,,0.0,1,9.75,18.04,SPY190418C00256000,256.0,normalDay
2019-02-01,270.0,708.0,0.0,100,270.06,255.0,0,0.0,0.0,,0.0,1,9.75,17.73,SPY190418C00256000,256.0,normalDay
2019-02-04,270.0,779.0,0.0,100,271.96,255.0,0,0.0,0.0,,0.0,1,9.75,18.92,SPY190418C00256000,256.0,normalDay
2019-02-05,270.0,812.0,0.0,100,273.1,255.0,0,0.0,0.0,,0.0,1,9.75,19.73,SPY190418C00256000,256.0,normalDay
2019-02-06,270.0,804.0,0.0,100,272.74,255.0,0,0.0,0.0,,0.0,1,9.75,19.45,SPY190418C00256000,256.0,normalDay
2019-02-07,270.0,739.0,0.0,100,270.14,255.0,0,0.0,0.0,,0.0,1,9.75,17.5,SPY190418C00256000,256.0,normalDay
2019-02-08,270.0,772.0,0.0,100,270.47,255.0,0,0.0,0.0,,0.0,1,9.75,17.5,SPY190418C00256000,256.0,normalDay
2019-02-11,270.0,792.0,0.0,100,270.62,255.0,0,0.0,0.0,,0.0,1,9.75,17.45,SPY190418C00256000,256.0,normalDay
2019-02-12,270.0,837.0,0.0,100,274.1,255.0,0,0.0,0.0,,0.0,1,9.75,20.48,SPY190418C00256000,256.0,normalDay
2019-02-13,270.0,870.0,0.0,100,274.99,255.0,0,0.0,0.0,,0.0,1,9.75,21.04,SPY190418C00256000,256.0,normalDay
2019-02-14,270.0,865.0,0.0,100,274.38,255.0,0,0.0,0.0,,0.0,1,9.75,20.48,SPY190418C00256000,256.0,normalDay
2019-02-15,270.0,902.0,0.0,100,277.37,255.0,0,0.0,0.0,,0.0,1,9.75,23.1,SPY190418C00256000,256.0,normalDay
2019-02-19,270.0,949.0,0.0,100,277.85,255.0,0,0.0,0.0,,0.0,1,9.75,23.11,SPY190418C00256000,256.0,normalDay
2019-02-20,270.0,943.0,0.0,100,278.41,255.0,0,0.0,0.0,,0.0,1,9.75,23.73,SPY190418C00256000,256.0,normalDay
2019-02-21,270.0,936.0,0.0,100,277.42,255.0,0,0.0,0.0,,0.0,1,9.75,22.81,SPY190418C00256000,256.0,normalDay
2019-02-22,270.0,965.0,0.0,100,279.14,255.0,0,0.0,0.0,,0.0,1,9.75,24.24,SPY190418C00256000,256.0,normalDay
2019-02-25,270.0,956.0,0.0,100,279.52,255.0,0,0.0,0.0,,0.0,1,9.75,24.71,SPY190418C00256000,256.0,normalDay
2019-02-26,270.0,970.0,0.0,100,279.32,255.0,0,0.0,0.0,,0.0,1,9.75,24.37,SPY190418C00256000,256.0,normalDay
2019-02-27,270.0,954.0,0.0,100,279.2,255.0,0,0.0,0.0,,0.0,1,9.75,24.41,SPY190418C00256000,256.0,normalDay
2019-02-28,270.0,970.0,0.0,100,278.68,255.0,0,0.0,0.0,,0.0,1,9.75,23.73,SPY190418C00256000,256.0,normalDay
2019-03-01,270.0,990.0,0.0,100,280.42,255.0,0,0.0,0.0,,0.0,1,9.75,25.27,SPY190418C00256000,256.0,normalDay
2019-03-04,270.0,1005.0,0.0,100,279.4,255.0,0,0.0,0.0,,0.0,1,9.75,24.1,SPY190418C00256000,256.0,normalDay
2019-03-05,270.0,1000.0,0.0,100,279.02,255.0,0,0.0,0.0,,0.0,1,9.75,23.77,SPY190418C00256000,256.0,normalDay
2019-03-06,270.0,983.0,0.0,100,277.33,255.0,0,0.0,0.0,,0.0,1,9.75,22.25,SPY190418C00256000,256.0,normalDay
2019-03-07,270.0,944.0,0.0,100,275.01,255.0,0,0.0,0.0,,0.0,1,9.75,20.32,SPY190418C00256000,256.0,normalDay
2019-03-08,270.0,949.0,0.0,100,274.46,255.0,0,0.0,0.0,,0.0,1,9.75,19.72,SPY190418C00256000,256.0,normalDay
2019-03-11,270.0,1034.0,0.0,100,278.44,255.0,0,0.0,0.0,,0.0,1,9.75,22.85,SPY190418C00256000,256.0,normalDay
2019-03-12,270.0,1062.0,0.0,100,279.49,255.0,0,0.0,0.0,,0.0,1,9.75,23.62,SPY190418C00256000,256.0,normalDay
2019-03-13,270.0,1036.0,0.0,100,281.34,255.0,0,0.0,0.0,,0.0,1,9.75,25.73,SPY190418C00256000,256.0,normalDay
2019-03-14,270.0,1072.0,0.0,100,281.16,255.0,0,0.0,0.0,,0.0,1,9.75,25.19,SPY190418C00256000,256.0,normalDay
2019-03-15,270.0,978.0,0.0,100,281.31,255.0,0,0.0,0.0,,0.0,1,9.75,26.28,SPY190418C00256000,256.0,normalDay
2019-03-18,270.0,956.0,0.0,100,282.33,255.0,0,0.0,0.0,,0.0,1,9.75,27.52,SPY190418C00256000,256.0,normalDay
2019-03-19,270.0,995.0,0.0,100,282.4,255.0,0,0.0,0.0,,0.0,1,9.75,27.2,SPY190418C00256000,256.0,normalDay
2019-03-20,270.0,995.0,0.0,100,281.55,255.0,0,0.0,0.0,,0.0,1,9.75,26.35,SPY190418C00256000,256.0,normalDay
2019-03-21,270.0,1001.0,0.0,100,284.73,255.0,0,0.0,0.0,,0.0,1,9.75,29.47,SPY190418C00256000,256.0,normalDay
2019-03-22,270.0,889.0,0.0,100,279.25,255.0,0,0.0,0.0,,0.0,1,9.75,25.11,SPY190418C00256000,256.0,normalDay
2019-03-25,270.0,957.0,0.0,100,279.04,255.0,0,0.0,0.0,,0.0,1,9.75,24.22,SPY190418C00256000,256.0,normalDay
2019-03-26,270.0,1012.0,0.0,100,281.12,255.0,0,0.0,0.0,,0.0,1,9.75,25.75,SPY190418C00256000,256.0,normalDay
2019-03-27,270.0,973.0,0.0,100,279.65,255.0,0,0.0,0.0,,0.0,1,9.75,24.67,SPY190418C00256000,256.0,normalDay
2019-03-28,270.0,989.0,0.0,100,280.71,255.0,0,0.0,0.0,,0.0,1,9.75,25.57,SPY190418C00256000,256.0,normalDay
2019-03-29,270.0,978.0,0.0,100,282.48,255.0,0,0.0,0.0,,0.0,1,9.75,27.45,SPY190418C00256000,256.0,normalDay
2019-04-01,270.0,1036.0,0.0,100,285.83,255.0,0,0.0,0.0,,0.0,1,9.75,30.22,SPY190418C00256000,256.0,normalDay
2019-04-02,270.0,1046.0,0.0,100,285.97,255.0,0,0.0,0.0,,0.0,1,9.75,30.26,SPY190418C00256000,256.0,normalDay
2019-04-03,270.0,1005.0,0.0,100,286.42,255.0,0,0.0,0.0,,0.0,1,9.75,31.12,SPY190418C00256000,256.0,normalDay
2019-04-04,270.0,1026.0,0.0,100,287.18,255.0,0,0.0,0.0,,0.0,1,9.75,31.67,SPY190418C00256000,256.0,normalDay
2019-04-05,270.0,1032.0,0.0,100,288.57,255.0,0,0.0,0.0,,0.0,1,9.75,33.0,SPY190418C00256000,256.0,normalDay
2019-04-08,270.0,1035.0,0.0,100,288.79,255.0,0,0.0,0.0,,0.0,1,9.75,33.19,SPY190418C00256000,256.0,normalDay
2019-04-09,270.0,1055.0,0.0,100,287.31,255.0,0,0.0,0.0,,0.0,1,9.75,31.51,SPY190418C00256000,256.0,normalDay
2019-04-10,270.0,1029.0,0.0,100,288.29,255.0,0,0.0,0.0,,0.0,1,9.75,32.75,SPY190418C00256000,256.0,normalDay
2019-04-11,270.0,1054.0,0.0,100,288.21,255.0,0,0.0,0.0,,0.0,1,9.75,32.42,SPY190418C00256000,256.0,normalDay
2019-04-12,270.0,1044.0,0.0,100,290.16,255.0,0,0.0,0.0,,0.0,1,9.75,34.47,SPY190418C00256000,256.0,normalDay
2019-04-15,270.0,1045.0,0.0,100,289.97,255.0,0,0.0,0.0,,0.0,1,9.75,34.27,SPY190418C00256000,256.0,normalDay
2019-04-16,270.0,1062.0,0.0,100,290.16,255.0,0,0.0,0.0,,0.0,1,9.75,34.29,SPY190418C00256000,256.0,normalDay
2019-04-17,270.0,1077.0,0.0,100,289.45,255.0,0,0.0,0.0,,0.0,1,9.75,33.43,SPY190418C00256000,256.0,normalDay
2019-04-18,1345.0,1077.0,1075.0,0,290.02,0.0,0,0.0,0.0,,0.0,1,9.75,0.0,SPY190418C00256000,256.0,expirationDay
2019-04-22,1345.0,-3.0,0.0,0,290.27,0.0,1,0.66,0.69,SPY190524P00274000,274.0,0,0.0,0.0,,0.0,normalDay
2019-04-23,1345.0,10.0,0.0,0,292.88,0.0,1,0.66,0.56,SPY190524P00274000,274.0,0,0.0,0.0,,0.0,normalDay
2019-04-24,1345.0,2.0,0.0,0,292.23,0.0,1,0.66,0.64,SPY190524P00274000,274.0,0,0.0,0.0,,0.0,normalDay
2019-04-25,1345.0,2.0,0.0,0,292.05,0.0,1,0.66,0.64,SPY190524P00274000,274.0,0,0.0,0.0,,0.0,normalDay
2019-04-26,1345.0,14.0,0.0,0,293.41,0.0,1,0.66,0.52,SPY190524P00274000,274.0,0,0.0,0.0,,0.0,normalDay
2019-04-29,1345.0,19.0,0.0,0,293.87,0.0,1,0.66,0.47,SPY190524P00274000,274.0,0,0.0,0.0,,0.0,normalDay
2019-04-30,1345.0,20.0,0.0,0,294.02,0.0,1,0.66,0.46,SPY190524P00274000,274.0,0,0.0,0.0,,0.0,normalDay
2019-05-01,1345.0,0.0,0.0,0,291.81,0.0,1,0.66,0.66,SPY190524P00274000,274.0,0,0.0,0.0,,0.0,normalDay
2019-05-02,1345.0,2.0,0.0,0,291.18,0.0,1,0.66,0.64,SPY190524P00274000,274.0,0,0.0,0.0,,0.0,normalDay
2019-05-03,1345.0,31.0,0.0,0,294.03,0.0,1,0.66,0.35,SPY190524P00274000,274.0,0,0.0,0.0,,0.0,normalDay
2019-05-06,1345.0,12.0,0.0,0,292.82,0.0,1,0.66,0.54,SPY190524P00274000,274.0,0,0.0,0.0,,0.0,normalDay
2019-05-07,1345.0,-73.0,0.0,0,287.93,0.0,1,0.66,1.39,SPY190524P00274000,274.0,0,0.0,0.0,,0.0,normalDay
2019-05-08,1345.0,-67.0,0.0,0,287.53,0.0,1,0.66,1.33,SPY190524P00274000,274.0,0,0.0,0.0,,0.0,normalDay
2019-05-09,1345.0,-60.0,0.0,0,286.66,0.0,1,0.66,1.26,SPY190524P00274000,274.0,0,0.0,0.0,,0.0,normalDay
2019-05-10,1345.0,6.0,0.0,0,288.1,0.0,1,0.66,0.6,SPY190524P00274000,274.0,0,0.0,0.0,,0.0,normalDay
2019-05-13,1345.0,-133.0,0.0,0,280.86,0.0,1,0.66,1.99,SPY190524P00274000,274.0,0,0.0,0.0,,0.0,normalDay
2019-05-14,1345.0,-32.0,0.0,0,283.4,0.0,1,0.66,0.98,SPY190524P00274000,274.0,0,0.0,0.0,,0.0,normalDay
2019-05-15,1345.0,22.0,0.0,0,285.06,0.0,1,0.66,0.44,SPY190524P00274000,274.0,0,0.0,0.0,,0.0,normalDay
2019-05-16,1345.0,46.0,0.0,0,287.7,0.0,1,0.66,0.2,SPY190524P00274000,274.0,0,0.0,0.0,,0.0,normalDay
2019-05-17,1345.0,37.0,0.0,0,285.84,0.0,1,0.66,0.29,SPY190524P00274000,274.0,0,0.0,0.0,,0.0,normalDay
2019-05-20,1345.0,51.0,0.0,0,283.95,0.0,1,0.66,0.15,SPY190524P00274000,274.0,0,0.0,0.0,,0.0,normalDay
2019-05-21,1345.0,62.0,0.0,0,286.51,0.0,1,0.66,0.04,SPY190524P00274000,274.0,0,0.0,0.0,,0.0,normalDay
2019-05-22,1345.0,64.0,0.0,0,285.63,0.0,1,0.66,0.02,SPY190524P00274000,274.0,0,0.0,0.0,,0.0,normalDay
2019-05-23,1345.0,61.0,0.0,0,282.14,0.0,1,0.66,0.05,SPY190524P00274000,274.0,0,0.0,0.0,,0.0,normalDay
2019-05-24,1411.0,0.0,66.0,0,282.78,0.0,1,0.66,0.0,SPY190524P00274000,274.0,0,0.0,0.0,,0.0,expirationDay
2019-05-28,1411.0,-5.0,0.0,0,280.15,0.0,1,3.07,3.12,SPY190628P00273000,273.0,0,0.0,0.0,,0.0,normalDay
2019-05-29,1411.0,-63.0,0.0,0,278.27,0.0,1,3.07,3.7,SPY190628P00273000,273.0,0,0.0,0.0,,0.0,normalDay
2019-05-30,1411.0,-20.0,0.0,0,279.03,0.0,1,3.07,3.27,SPY190628P00273000,273.0,0,0.0,0.0,,0.0,normalDay
2019-05-31,1411.0,-169.0,0.0,0,275.27,0.0,1,3.07,4.76,SPY190628P00273000,273.0,0,0.0,0.0,,0.0,normalDay
2019-06-03,1411.0,-161.0,0.0,0,274.57,0.0,1,3.07,4.68,SPY190628P00273000,273.0,0,0.0,0.0,,0.0,normalDay
2019-06-04,1411.0,70.0,0.0,0,280.53,0.0,1,3.07,2.37,SPY190628P00273000,273.0,0,0.0,0.0,,0.0,normalDay
2019-06-05,1411.0,152.0,0.0,0,282.96,0.0,1,3.07,1.55,SPY190628P00273000,273.0,0,0.0,0.0,,0.0,normalDay
2019-06-06,1411.0,185.0,0.0,0,284.8,0.0,1,3.07,1.22,SPY190628P00273000,273.0,0,0.0,0.0,,0.0,normalDay
2019-06-07,1411.0,213.0,0.0,0,287.65,0.0,1,3.07,0.94,SPY190628P00273000,273.0,0,0.0,0.0,,0.0,normalDay
2019-06-10,1411.0,242.0,0.0,0,288.97,0.0,1,3.07,0.65,SPY190628P00273000,273.0,0,0.0,0.0,,0.0,normalDay
2019-06-11,1411.0,245.0,0.0,0,288.9,0.0,1,3.07,0.62,SPY190628P00273000,273.0,0,0.0,0.0,,0.0,normalDay
2019-06-12,1411.0,248.0,0.0,0,288.39,0.0,1,3.07,0.59,SPY190628P00273000,273.0,0,0.0,0.0,,0.0,normalDay
2019-06-13,1411.0,262.0,0.0,0,289.58,0.0,1,3.07,0.45,SPY190628P00273000,273.0,0,0.0,0.0,,0.0,normalDay
2019-06-14,1411.0,274.0,0.0,0,289.26,0.0,1,3.07,0.33,SPY190628P00273000,273.0,0,0.0,0.0,,0.0,normalDay
2019-06-17,1411.0,280.0,0.0,0,289.37,0.0,1,3.07,0.27,SPY190628P00273000,273.0,0,0.0,0.0,,0.0,normalDay
2019-06-18,1411.0,291.0,0.0,0,292.4,0.0,1,3.07,0.16,SPY190628P00273000,273.0,0,0.0,0.0,,0.0,normalDay
2019-06-19,1411.0,297.0,0.0,0,293.06,0.0,1,3.07,0.1,SPY190628P00273000,273.0,0,0.0,0.0,,0.0,normalDay
2019-06-20,1411.0,298.0,0.0,0,295.86,0.0,1,3.07,0.09,SPY190628P00273000,273.0,0,0.0,0.0,,0.0,normalDay
2019-06-21,1411.0,300.0,0.0,0,294.0,0.0,1,3.07,0.07,SPY190628P00273000,273.0,0,0.0,0.0,,0.0,normalDay
2019-06-24,1411.0,304.0,0.0,0,293.64,0.0,1,3.07,0.03,SPY190628P00273000,273.0,0,0.0,0.0,,0.0,normalDay
2019-06-25,1411.0,304.0,0.0,0,290.76,0.0,1,3.07,0.03,SPY190628P00273000,273.0,0,0.0,0.0,,0.0,normalDay
2019-06-26,1411.0,305.0,0.0,0,290.47,0.0,1,3.07,0.02,SPY190628P00273000,273.0,0,0.0,0.0,,0.0,normalDay
2019-06-27,1411.0,306.0,0.0,0,291.5,0.0,1,3.07,0.01,SPY190628P00273000,273.0,0,0.0,0.0,,0.0,normalDay
2019-06-28,1718.0,0.0,307.0,0,293.0,0.0,1,3.07,0.0,SPY190628P00273000,273.0,0,0.0,0.0,,0.0,expirationDay
2019-07-01,1718.0,-4.0,0.0,0,295.66,0.0,1,0.77,0.81,SPY190802P00277000,277.0,0,0.0,0.0,,0.0,normalDay
2019-07-02,1718.0,16.0,0.0,0,296.43,0.0,1,0.77,0.61,SPY190802P00277000,277.0,0,0.0,0.0,,0.0,normalDay
2019-07-03,1718.0,33.0,0.0,0,298.8,0.0,1,0.77,0.44,SPY190802P00277000,277.0,0,0.0,0.0,,0.0,normalDay
2019-07-05,1718.0,29.0,0.0,0,298.46,0.0,1,0.77,0.48,SPY190802P00277000,277.0,0,0.0,0.0,,0.0,normalDay
2019-07-08,1718.0,23.0,0.0,0,296.82,0.0,1,0.77,0.54,SPY190802P00277000,277.0,0,0.0,0.0,,0.0,normalDay
2019-07-09,1718.0,24.0,0.0,0,297.19,0.0,1,0.77,0.53,SPY190802P00277000,277.0,0,0.0,0.0,,0.0,normalDay
2019-07-10,1718.0,43.0,0.0,0,298.61,0.0,1,0.77,0.34,SPY190802P00277000,277.0,0,0.0,0.0,,0.0,normalDay
2019-07-11,1718.0,45.0,0.0,0,299.31,0.0,1,0.77,0.32,SPY190802P00277000,277.0,0,0.0,0.0,,0.0,normalDay
2019-07-12,1718.0,53.0,0.0,0,300.65,0.0,1,0.77,0.24,SPY190802P00277000,277.0,0,0.0,0.0,,0.0,normalDay
2019-07-15,1718.0,53.0,0.0,0,300.75,0.0,1,0.77,0.24,SPY190802P00277000,277.0,0,0.0,0.0,,0.0,normalDay
2019-07-16,1718.0,51.0,0.0,0,299.78,0.0,1,0.77,0.26,SPY190802P00277000,277.0,0,0.0,0.0,,0.0,normalDay
2019-07-17,1718.0,44.0,0.0,0,297.74,0.0,1,0.77,0.33,SPY190802P00277000,277.0,0,0.0,0.0,,0.0,normalDay
2019-07-18,1718.0,53.0,0.0,0,298.83,0.0,1,0.77,0.24,SPY190802P00277000,277.0,0,0.0,0.0,,0.0,normalDay
2019-07-19,1718.0,51.0,0.0,0,297.17,0.0,1,0.77,0.26,SPY190802P00277000,277.0,0,0.0,0.0,,0.0,normalDay
2019-07-22,1718.0,63.0,0.0,0,297.9,0.0,1,0.77,0.14,SPY190802P00277000,277.0,0,0.0,0.0,,0.0,normalDay
2019-07-23,1718.0,69.0,0.0,0,300.03,0.0,1,0.77,0.08,SPY190802P00277000,277.0,0,0.0,0.0,,0.0,normalDay
2019-07-24,1718.0,72.0,0.0,0,301.44,0.0,1,0.77,0.05,SPY190802P00277000,277.0,0,0.0,0.0,,0.0,normalDay
2019-07-25,1718.0,72.0,0.0,0,300.0,0.0,1,0.77,0.05,SPY190802P00277000,277.0,0,0.0,0.0,,0.0,normalDay
2019-07-26,1718.0,74.0,0.0,0,302.01,0.0,1,0.77,0.03,SPY190802P00277000,277.0,0,0.0,0.0,,0.0,normalDay
2019-07-29,1718.0,74.0,0.0,0,301.46,0.0,1,0.77,0.03,SPY190802P00277000,277.0,0,0.0,0.0,,0.0,normalDay
2019-07-30,1718.0,74.0,0.0,0,300.72,0.0,1,0.77,0.03,SPY190802P00277000,277.0,0,0.0,0.0,,0.0,normalDay
2019-07-31,1718.0,67.0,0.0,0,297.43,0.0,1,0.77,0.1,SPY190802P00277000,277.0,0,0.0,0.0,,0.0,normalDay
2019-08-01,1718.0,74.0,0.0,0,294.84,0.0,1,0.77,0.03,SPY190802P00277000,277.0,0,0.0,0.0,,0.0,normalDay
2019-08-02,1795.0,0.0,77.0,0,292.62,0.0,1,0.77,0.0,SPY190802P00277000,277.0,0,0.0,0.0,,0.0,expirationDay
2019-08-05,1795.0,-17.0,0.0,0,283.82,0.0,1,7.67,7.84,SPY190906P00285000,285.0,0,0.0,0.0,,0.0,normalDay
2019-08-06,1795.0,277.0,0.0,0,287.8,0.0,1,7.67,4.9,SPY190906P00285000,285.0,0,0.0,0.0,,0.0,normalDay
2019-08-07,1795.0,299.0,0.0,0,287.97,0.0,1,7.67,4.68,SPY190906P00285000,285.0,0,0.0,0.0,,0.0,normalDay
2019-08-08,1795.0,520.0,0.0,0,293.62,0.0,1,7.67,2.47,SPY190906P00285000,285.0,0,0.0,0.0,,0.0,normalDay
2019-08-09,1795.0,464.0,0.0,0,291.62,0.0,1,7.67,3.03,SPY190906P00285000,285.0,0,0.0,0.0,,0.0,normalDay
2019-08-12,1795.0,302.0,0.0,0,288.07,0.0,1,7.67,4.65,SPY190906P00285000,285.0,0,0.0,0.0,,0.0,normalDay
2019-08-13,1795.0,516.0,0.0,0,292.55,0.0,1,7.67,2.51,SPY190906P00285000,285.0,0,0.0,0.0,,0.0,normalDay
2019-08-14,1795.0,144.0,0.0,0,283.9,0.0,1,7.67,6.23,SPY190906P00285000,285.0,0,0.0,0.0,,0.0,normalDay
2019-08-15,1795.0,212.0,0.0,0,284.65,0.0,1,7.67,5.55,SPY190906P00285000,285.0,0,0.0,0.0,,0.0,normalDay
2019-08-16,1795.0,433.0,0.0,0,288.85,0.0,1,7.67,3.34,SPY190906P00285000,285.0,0,0.0,0.0,,0.0,normalDay
2019-08-19,1795.0,584.0,0.0,0,292.33,0.0,1,7.67,1.83,SPY190906P00285000,285.0,0,0.0,0.0,,0.0,normalDay
2019-08-20,1795.0,523.0,0.0,0,290.09,0.0,1,7.67,2.44,SPY190906P00285000,285.0,0,0.0,0.0,,0.0,normalDay
2019-08-21,1795.0,631.0,0.0,0,292.45,0.0,1,7.67,1.36,SPY190906P00285000,285.0,0,0.0,0.0,,0.0,normalDay
2019-08-22,1795.0,615.0,0.0,0,292.36,0.0,1,7.67,1.52,SPY190906P00285000,285.0,0,0.0,0.0,,0.0,normalDay
2019-08-23,1795.0,361.0,0.0,0,284.85,0.0,1,7.67,4.06,SPY190906P00285000,285.0,0,0.0,0.0,,0.0,normalDay
2019-08-26,1795.0,516.0,0.0,0,288.0,0.0,1,7.67,2.51,SPY190906P00285000,285.0,0,0.0,0.0,,0.0,normalDay
2019-08-27,1795.0,467.0,0.0,0,286.87,0.0,1,7.67,3.0,SPY190906P00285000,285.0,0,0.0,0.0,,0.0,normalDay
2019-08-28,1795.0,577.0,0.0,0,288.89,0.0,1,7.67,1.9,SPY190906P00285000,285.0,0,0.0,0.0,,0.0,normalDay
2019-08-29,1795.0,680.0,0.0,0,292.58,0.0,1,7.67,0.87,SPY190906P00285000,285.0,0,0.0,0.0,,0.0,normalDay
2019-08-30,1795.0,679.0,0.0,0,292.45,0.0,1,7.67,0.88,SPY190906P00285000,285.0,0,0.0,0.0,,0.0,normalDay
2019-09-03,1795.0,703.0,0.0,0,290.74,0.0,1,7.67,0.64,SPY190906P00285000,285.0,0,0.0,0.0,,0.0,normalDay
2019-09-04,1795.0,760.0,0.0,0,294.04,0.0,1,7.67,0.07,SPY190906P00285000,285.0,0,0.0,0.0,,0.0,normalDay
2019-09-05,1795.0,765.0,0.0,0,297.82,0.0,1,7.67,0.02,SPY190906P00285000,285.0,0,0.0,0.0,,0.0,normalDay
2019-09-06,2562.0,0.0,767.0,0,298.05,0.0,1,7.67,0.0,SPY190906P00285000,285.0,0,0.0,0.0,,0.0,expirationDay
2019-09-09,2562.0,-4.0,0.0,0,298.2,0.0,1,1.0,1.04,SPY191011P00277000,277.0,0,0.0,0.0,,0.0,normalDay
2019-09-10,2562.0,3.0,0.0,0,298.13,0.0,1,1.0,0.97,SPY191011P00277000,277.0,0,0.0,0.0,,0.0,normalDay
2019-09-11,2562.0,27.0,0.0,0,300.25,0.0,1,1.0,0.73,SPY191011P00277000,277.0,0,0.0,0.0,,0.0,normalDay
2019-09-12,2562.0,41.0,0.0,0,301.29,0.0,1,1.0,0.59,SPY191011P00277000,277.0,0,0.0,0.0,,0.0,normalDay
2019-09-13,2562.0,48.0,0.0,0,301.09,0.0,1,1.0,0.52,SPY191011P00277000,277.0,0,0.0,0.0,,0.0,normalDay
2019-09-16,2562.0,47.0,0.0,0,300.16,0.0,1,1.0,0.53,SPY191011P00277000,277.0,0,0.0,0.0,,0.0,normalDay
2019-09-17,2562.0,54.0,0.0,0,300.92,0.0,1,1.0,0.46,SPY191011P00277000,277.0,0,0.0,0.0,,0.0,normalDay
2019-09-18,2562.0,61.0,0.0,0,301.1,0.0,1,1.0,0.39,SPY191011P00277000,277.0,0,0.0,0.0,,0.0,normalDay
2019-09-19,2562.0,63.0,0.0,0,301.08,0.0,1,1.0,0.37,SPY191011P00277000,277.0,0,0.0,0.0,,0.0,normalDay
2019-09-20,2562.0,51.0,0.0,0,298.28,0.0,1,1.0,0.49,SPY191011P00277000,277.0,0,0.0,0.0,,0.0,normalDay
2019-09-23,2562.0,65.0,0.0,0,298.21,0.0,1,1.0,0.35,SPY191011P00277000,277.0,0,0.0,0.0,,0.0,normalDay
2019-09-24,2562.0,41.0,0.0,0,295.87,0.0,1,1.0,0.59,SPY191011P00277000,277.0,0,0.0,0.0,,0.0,normalDay
2019-09-25,2562.0,60.0,0.0,0,297.62,0.0,1,1.0,0.4,SPY191011P00277000,277.0,0,0.0,0.0,,0.0,normalDay
2019-09-26,2562.0,66.0,0.0,0,297.0,0.0,1,1.0,0.34,SPY191011P00277000,277.0,0,0.0,0.0,,0.0,normalDay
2019-09-27,2562.0,58.0,0.0,0,295.4,0.0,1,1.0,0.42,SPY191011P00277000,277.0,0,0.0,0.0,,0.0,normalDay
2019-09-30,2562.0,78.0,0.0,0,296.77,0.0,1,1.0,0.22,SPY191011P00277000,277.0,0,0.0,0.0,,0.0,normalDay
2019-10-01,2562.0,57.0,0.0,0,293.24,0.0,1,1.0,0.43,SPY191011P00277000,277.0,0,0.0,0.0,,0.0,normalDay
2019-10-02,2562.0,3.0,0.0,0,288.06,0.0,1,1.0,0.97,SPY191011P00277000,277.0,0,0.0,0.0,,0.0,normalDay
2019-10-03,2562.0,54.0,0.0,0,290.42,0.0,1,1.0,0.46,SPY191011P00277000,277.0,0,0.0,0.0,,0.0,normalDay
2019-10-04,2562.0,90.0,0.0,0,294.35,0.0,1,1.0,0.1,SPY191011P00277000,277.0,0,0.0,0.0,,0.0,normalDay
2019-10-07,2562.0,94.0,0.0,0,293.08,0.0,1,1.0,0.06,SPY191011P00277000,277.0,0,0.0,0.0,,0.0,normalDay
2019-10-08,2562.0,86.0,0.0,0,288.53,0.0,1,1.0,0.14,SPY191011P00277000,277.0,0,0.0,0.0,,0.0,normalDay
2019-10-09,2562.0,97.0,0.0,0,291.27,0.0,1,1.0,0.03,SPY191011P00277000,277.0,0,0.0,0.0,,0.0,normalDay
2019-10-10,2562.0,98.0,0.0,0,293.24,0.0,1,1.0,0.02,SPY191011P00277000,277.0,0,0.0,0.0,,0.0,normalDay
2019-10-11,2662.0,0.0,100.0,0,296.28,0.0,1,1.0,0.0,SPY191011P00277000,277.0,0,0.0,0.0,,0.0,expirationDay
2019-10-14,2662.0,-3.0,0.0,0,295.95,0.0,1,1.52,1.55,SPY191115P00283000,283.0,0,0.0,0.0,,0.0,normalDay
2019-10-15,2662.0,56.0,0.0,0,298.88,0.0,1,1.52,0.96,SPY191115P00283000,283.0,0,0.0,0.0,,0.0,normalDay
2019-10-16,2662.0,56.0,0.0,0,298.4,0.0,1,1.52,0.96,SPY191115P00283000,283.0,0,0.0,0.0,,0.0,normalDay
2019-10-17,2662.0,65.0,0.0,0,299.28,0.0,1,1.52,0.87,SPY191115P00283000,283.0,0,0.0,0.0,,0.0,normalDay
2019-10-18,2662.0,55.0,0.0,0,297.97,0.0,1,1.52,0.97,SPY191115P00283000,283.0,0,0.0,0.0,,0.0,normalDay
2019-10-21,2662.0,88.0,0.0,0,299.99,0.0,1,1.52,0.64,SPY191115P00283000,283.0,0,0.0,0.0,,0.0,normalDay
2019-10-22,2662.0,80.0,0.0,0,299.01,0.0,1,1.52,0.72,SPY191115P00283000,283.0,0,0.0,0.0,,0.0,normalDay
2019-10-23,2662.0,97.0,0.0,0,299.88,0.0,1,1.52,0.55,SPY191115P00283000,283.0,0,0.0,0.0,,0.0,normalDay
2019-10-24,2662.0,106.0,0.0,0,300.37,0.0,1,1.52,0.46,SPY191115P00283000,283.0,0,0.0,0.0,,0.0,normalDay
2019-10-25,2662.0,121.0,0.0,0,301.6,0.0,1,1.52,0.31,SPY191115P00283000,283.0,0,0.0,0.0,,0.0,normalDay
2019-10-28,2662.0,128.0,0.0,0,303.3,0.0,1,1.52,0.24,SPY191115P00283000,283.0,0,0.0,0.0,,0.0,normalDay
2019-10-29,2662.0,131.0,0.0,0,303.21,0.0,1,1.52,0.21,SPY191115P00283000,283.0,0,0.0,0.0,,0.0,normalDay
2019-10-30,2662.0,137.0,0.0,0,304.14,0.0,1,1.52,0.15,SPY191115P00283000,283.0,0,0.0,0.0,,0.0,normalDay
2019-10-31,2662.0,131.0,0.0,0,303.33,0.0,1,1.52,0.21,SPY191115P00283000,283.0,0,0.0,0.0,,0.0,normalDay
2019-11-01,2662.0,142.0,0.0,0,306.14,0.0,1,1.52,0.1,SPY191115P00283000,283.0,0,0.0,0.0,,0.0,normalDay
2019-11-04,2662.0,144.0,0.0,0,307.37,0.0,1,1.52,0.08,SPY191115P00283000,283.0,0,0.0,0.0,,0.0,normalDay
2019-11-05,2662.0,146.0,0.0,0,307.03,0.0,1,1.52,0.06,SPY191115P00283000,283.0,0,0.0,0.0,,0.0,normalDay
2019-11-06,2662.0,148.0,0.0,0,307.1,0.0,1,1.52,0.04,SPY191115P00283000,283.0,0,0.0,0.0,,0.0,normalDay
2019-11-07,2662.0,149.0,0.0,0,308.18,0.0,1,1.52,0.03,SPY191115P00283000,283.0,0,0.0,0.0,,0.0,normalDay
2019-11-08,2662.0,150.0,0.0,0,308.94,0.0,1,1.52,0.02,SPY191115P00283000,283.0,0,0.0,0.0,,0.0,normalDay
2019-11-11,2662.0,150.0,0.0,0,308.35,0.0,1,1.52,0.02,SPY191115P00283000,283.0,0,0.0,0.0,,0.0,normalDay
2019-11-12,2662.0,150.0,0.0,0,309.0,0.0,1,1.52,0.02,SPY191115P00283000,283.0,0,0.0,0.0,,0.0,normalDay
2019-11-13,2662.0,151.0,0.0,0,309.1,0.0,1,1.52,0.01,SPY191115P00283000,283.0,0,0.0,0.0,,0.0,normalDay
2019-11-14,2662.0,151.0,0.0,0,309.55,0.0,1,1.52,0.01,SPY191115P00283000,283.0,0,0.0,0.0,,0.0,normalDay
2019-11-15,2814.0,0.0,152.0,0,311.79,0.0,1,1.52,0.0,SPY191115P00283000,283.0,0,0.0,0.0,,0.0,expirationDay
2019-11-18,2814.0,-3.0,0.0,0,312.02,0.0,1,0.83,0.86,SPY191220P00293000,293.0,0,0.0,0.0,,0.0,normalDay
2019-11-19,2814.0,-8.0,0.0,0,311.93,0.0,1,0.83,0.91,SPY191220P00293000,293.0,0,0.0,0.0,,0.0,normalDay
2019-11-20,2814.0,-14.0,0.0,0,310.77,0.0,1,0.83,0.97,SPY191220P00293000,293.0,0,0.0,0.0,,0.0,normalDay
2019-11-21,2814.0,-15.0,0.0,0,310.27,0.0,1,0.83,0.98,SPY191220P00293000,293.0,0,0.0,0.0,,0.0,normalDay
2019-11-22,2814.0,4.0,0.0,0,310.96,0.0,1,0.83,0.79,SPY191220P00293000,293.0,0,0.0,0.0,,0.0,normalDay
2019-11-25,2814.0,32.0,0.0,0,313.37,0.0,1,0.83,0.51,SPY191220P00293000,293.0,0,0.0,0.0,,0.0,normalDay
2019-11-26,2814.0,40.0,0.0,0,314.08,0.0,1,0.83,0.43,SPY191220P00293000,293.0,0,0.0,0.0,,0.0,normalDay
2019-11-27,2814.0,47.0,0.0,0,315.48,0.0,1,0.83,0.36,SPY191220P00293000,293.0,0,0.0,0.0,,0.0,normalDay
2019-11-29,2814.0,37.0,0.0,0,314.31,0.0,1,0.83,0.46,SPY191220P00293000,293.0,0,0.0,0.0,,0.0,normalDay
2019-12-02,2814.0,11.0,0.0,0,311.64,0.0,1,0.83,0.72,SPY191220P00293000,293.0,0,0.0,0.0,,0.0,normalDay
2019-12-03,2814.0,-11.0,0.0,0,309.55,0.0,1,0.83,0.94,SPY191220P00293000,293.0,0,0.0,0.0,,0.0,normalDay
2019-12-04,2814.0,21.0,0.0,0,311.46,0.0,1,0.83,0.62,SPY191220P00293000,293.0,0,0.0,0.0,,0.0,normalDay
2019-12-05,2814.0,36.0,0.0,0,312.02,0.0,1,0.83,0.47,SPY191220P00293000,293.0,0,0.0,0.0,,0.0,normalDay
2019-12-06,2814.0,55.0,0.0,0,314.87,0.0,1,0.83,0.28,SPY191220P00293000,293.0,0,0.0,0.0,,0.0,normalDay
2019-12-09,2814.0,41.0,0.0,0,313.88,0.0,1,0.83,0.42,SPY191220P00293000,293.0,0,0.0,0.0,,0.0,normalDay
2019-12-10,2814.0,49.0,0.0,0,313.53,0.0,1,0.83,0.34,SPY191220P00293000,293.0,0,0.0,0.0,,0.0,normalDay
2019-12-11,2814.0,59.0,0.0,0,314.42,0.0,1,0.83,0.24,SPY191220P00293000,293.0,0,0.0,0.0,,0.0,normalDay
2019-12-12,2814.0,67.0,0.0,0,317.13,0.0,1,0.83,0.16,SPY191220P00293000,293.0,0,0.0,0.0,,0.0,normalDay
2019-12-13,2814.0,70.0,0.0,0,317.32,0.0,1,0.83,0.13,SPY191220P00293000,293.0,0,0.0,0.0,,0.0,normalDay
2019-12-16,2814.0,77.0,0.0,0,319.5,0.0,1,0.83,0.06,SPY191220P00293000,293.0,0,0.0,0.0,,0.0,normalDay
2019-12-17,2814.0,79.0,0.0,0,319.57,0.0,1,0.83,0.04,SPY191220P00293000,293.0,0,0.0,0.0,,0.0,normalDay
2019-12-18,2814.0,81.0,0.0,0,319.59,0.0,1,0.83,0.02,SPY191220P00293000,293.0,0,0.0,0.0,,0.0,normalDay
2019-12-19,2814.0,82.0,0.0,0,320.9,0.0,1,0.83,0.01,SPY191220P00293000,293.0,0,0.0,0.0,,0.0,normalDay
2019-12-20,2897.0,0.0,83.0,0,320.73,0.0,1,0.83,0.0,SPY191220P00293000,293.0,0,0.0,0.0,,0.0,expirationDay
2019-12-23,2897.0,-4.0,0.0,0,321.22,0.0,1,0.9,0.94,SPY200124P00304000,304.0,0,0.0,0.0,,0.0,normalDay
2019-12-24,2897.0,0.0,0.0,0,321.23,0.0,1,0.9,0.9,SPY200124P00304000,304.0,0,0.0,0.0,,0.0,normalDay
2019-12-26,2897.0,18.0,0.0,0,322.94,0.0,1,0.9,0.72,SPY200124P00304000,304.0,0,0.0,0.0,,0.0,normalDay
2019-12-27,2897.0,11.0,0.0,0,322.86,0.0,1,0.9,0.79,SPY200124P00304000,304.0,0,0.0,0.0,,0.0,normalDay
2019-12-30,2897.0,-4.0,0.0,0,321.08,0.0,1,0.9,0.94,SPY200124P00304000,304.0,0,0.0,0.0,,0.0,normalDay
2019-12-31,2897.0,19.0,0.0,0,321.86,0.0,1,0.9,0.71,SPY200124P00304000,304.0,0,0.0,0.0,,0.0,normalDay
2020-01-02,2897.0,53.0,0.0,0,324.87,0.0,1,0.9,0.37,SPY200124P00304000,304.0,0,0.0,0.0,,0.0,normalDay
2020-01-03,2897.0,31.0,0.0,0,322.41,0.0,1,0.9,0.59,SPY200124P00304000,304.0,0,0.0,0.0,,0.0,normalDay
2020-01-06,2897.0,55.0,0.0,0,323.64,0.0,1,0.9,0.35,SPY200124P00304000,304.0,0,0.0,0.0,,0.0,normalDay
2020-01-07,2897.0,54.0,0.0,0,322.73,0.0,1,0.9,0.36,SPY200124P00304000,304.0,0,0.0,0.0,,0.0,normalDay
2020-01-08,2897.0,62.0,0.0,0,324.45,0.0,1,0.9,0.28,SPY200124P00304000,304.0,0,0.0,0.0,,0.0,normalDay
2020-01-09,2897.0,73.0,0.0,0,326.65,0.0,1,0.9,0.17,SPY200124P00304000,304.0,0,0.0,0.0,,0.0,normalDay
2020-01-10,2897.0,77.0,0.0,0,325.71,0.0,1,0.9,0.13,SPY200124P00304000,304.0,0,0.0,0.0,,0.0,normalDay
2020-01-13,2897.0,84.0,0.0,0,327.95,0.0,1,0.9,0.06,SPY200124P00304000,304.0,0,0.0,0.0,,0.0,normalDay
2020-01-14,2897.0,84.0,0.0,0,327.45,0.0,1,0.9,0.06,SPY200124P00304000,304.0,0,0.0,0.0,,0.0,normalDay
2020-01-15,2897.0,85.0,0.0,0,328.19,0.0,1,0.9,0.05,SPY200124P00304000,304.0,0,0.0,0.0,,0.0,normalDay
2020-01-16,2897.0,86.0,0.0,0,330.92,0.0,1,0.9,0.04,SPY200124P00304000,304.0,0,0.0,0.0,,0.0,normalDay
2020-01-17,2897.0,88.0,0.0,0,331.95,0.0,1,0.9,0.02,SPY200124P00304000,304.0,0,0.0,0.0,,0.0,normalDay
2020-01-21,2897.0,89.0,0.0,0,331.3,0.0,1,0.9,0.01,SPY200124P00304000,304.0,0,0.0,0.0,,0.0,normalDay
2020-01-22,2897.0,89.0,0.0,0,331.34,0.0,1,0.9,0.01,SPY200124P00304000,304.0,0,0.0,0.0,,0.0,normalDay
2020-01-23,2897.0,89.0,0.0,0,331.72,0.0,1,0.9,0.01,SPY200124P00304000,304.0,0,0.0,0.0,,0.0,normalDay
2020-01-24,2987.0,0.0,90.0,0,328.77,0.0,1,0.9,0.0,SPY200124P00304000,304.0,0,0.0,0.0,,0.0,expirationDay
2020-01-27,2987.0,-5.0,0.0,0,323.5,0.0,1,3.36,3.41,SPY200228P00314000,314.0,0,0.0,0.0,,0.0,normalDay
2020-01-28,2987.0,120.0,0.0,0,326.89,0.0,1,3.36,2.16,SPY200228P00314000,314.0,0,0.0,0.0,,0.0,normalDay
2020-01-29,2987.0,119.0,0.0,0,326.62,0.0,1,3.36,2.17,SPY200228P00314000,314.0,0,0.0,0.0,,0.0,normalDay
2020-01-30,2987.0,175.0,0.0,0,327.68,0.0,1,3.36,1.61,SPY200228P00314000,314.0,0,0.0,0.0,,0.0,normalDay
2020-01-31,2987.0,4.0,0.0,0,321.73,0.0,1,3.36,3.32,SPY200228P00314000,314.0,0,0.0,0.0,,0.0,normalDay
2020-02-03,2987.0,82.0,0.0,0,324.12,0.0,1,3.36,2.54,SPY200228P00314000,314.0,0,0.0,0.0,,0.0,normalDay
2020-02-04,2987.0,217.0,0.0,0,329.06,0.0,1,3.36,1.19,SPY200228P00314000,314.0,0,0.0,0.0,,0.0,normalDay
2020-02-05,2987.0,267.0,0.0,0,332.86,0.0,1,3.36,0.69,SPY200228P00314000,314.0,0,0.0,0.0,,0.0,normalDay
2020-02-06,2987.0,273.0,0.0,0,333.98,0.0,1,3.36,0.63,SPY200228P00314000,314.0,0,0.0,0.0,,0.0,normalDay
2020-02-07,2987.0,261.0,0.0,0,332.2,0.0,1,3.36,0.75,SPY200228P00314000,314.0,0,0.0,0.0,,0.0,normalDay
2020-02-10,2987.0,292.0,0.0,0,334.68,0.0,1,3.36,0.44,SPY200228P00314000,314.0,0,0.0,0.0,,0.0,normalDay
2020-02-11,2987.0,295.0,0.0,0,335.26,0.0,1,3.36,0.41,SPY200228P00314000,314.0,0,0.0,0.0,,0.0,normalDay
2020-02-12,2987.0,312.0,0.0,0,337.42,0.0,1,3.36,0.24,SPY200228P00314000,314.0,0,0.0,0.0,,0.0,normalDay
2020-02-13,2987.0,311.0,0.0,0,337.06,0.0,1,3.36,0.25,SPY200228P00314000,314.0,0,0.0,0.0,,0.0,normalDay
2020-02-14,2987.0,319.0,0.0,0,337.6,0.0,1,3.36,0.17,SPY200228P00314000,314.0,0,0.0,0.0,,0.0,normalDay
2020-02-18,2987.0,322.0,0.0,0,336.73,0.0,1,3.36,0.14,SPY200228P00314000,314.0,0,0.0,0.0,,0.0,normalDay
2020-02-19,2987.0,327.0,0.0,0,338.34,0.0,1,3.36,0.09,SPY200228P00314000,314.0,0,0.0,0.0,,0.0,normalDay
2020-02-20,2987.0,326.0,0.0,0,336.95,0.0,1,3.36,0.1,SPY200228P00314000,314.0,0,0.0,0.0,,0.0,normalDay
2020-02-21,2987.0,326.0,0.0,0,333.48,0.0,1,3.36,0.1,SPY200228P00314000,314.0,0,0.0,0.0,,0.0,normalDay
2020-02-24,2987.0,133.0,0.0,0,322.42,0.0,1,3.36,2.03,SPY200228P00314000,314.0,0,0.0,0.0,,0.0,normalDay
2020-02-25,2987.0,-128.0,0.0,0,312.65,0.0,1,3.36,4.64,SPY200228P00314000,314.0,0,0.0,0.0,,0.0,normalDay
2020-02-26,2987.0,-147.0,0.0,0,311.5,0.0,1,3.36,4.83,SPY200228P00314000,314.0,0,0.0,0.0,,0.0,normalDay
2020-02-27,2987.0,-1376.0,0.0,0,297.51,0.0,1,3.36,17.12,SPY200228P00314000,314.0,0,0.0,0.0,,0.0,normalDay
2020-02-28,3323.0,-1774.0,336.0,100,296.26,314.0,1,3.36,0.0,SPY200228P00314000,314.0,0,0.0,0.0,,0.0,expirationDay
2020-03-02,3323.0,-584.0,0.0,100,309.09,314.0,0,0.0,0.0,,0.0,1,4.3,5.23,SPY200717C00331000,331.0,normalDay
2020-03-03,3323.0,-1292.0,0.0,100,300.24,314.0,0,0.0,0.0,,0.0,1,4.3,3.46,SPY200717C00331000,331.0,normalDay
2020-03-04,3323.0,-296.0,0.0,100,312.86,314.0,0,0.0,0.0,,0.0,1,4.3,6.12,SPY200717C00331000,331.0,normalDay
2020-03-05,3323.0,-1167.0,0.0,100,302.46,314.0,0,0.0,0.0,,0.0,1,4.3,4.43,SPY200717C00331000,331.0,normalDay
2020-03-06,3323.0,-1643.0,0.0,100,297.46,314.0,0,0.0,0.0,,0.0,1,4.3,4.19,SPY200717C00331000,331.0,normalDay
2020-03-09,3323.0,-3759.0,0.0,100,274.23,314.0,0,0.0,0.0,,0.0,1,4.3,2.12,SPY200717C00331000,331.0,normalDay
2020-03-10,3323.0,-2430.0,0.0,100,288.42,314.0,0,0.0,0.0,,0.0,1,4.3,3.02,SPY200717C00331000,331.0,normalDay
2020-03-11,3323.0,-3740.0,0.0,100,274.36,314.0,0,0.0,0.0,,0.0,1,4.3,2.06,SPY200717C00331000,331.0,normalDay
2020-03-12,3323.0,-6312.0,0.0,100,248.11,314.0,0,0.0,0.0,,0.0,1,4.3,1.53,SPY200717C00331000,331.0,normalDay
2020-03-13,3323.0,-4289.0,0.0,100,269.32,314.0,0,0.0,0.0,,0.0,1,4.3,2.51,SPY200717C00331000,331.0,normalDay
2020-03-16,3323.0,-7133.0,0.0,100,239.85,314.0,0,0.0,0.0,,0.0,1,4.3,1.48,SPY200717C00331000,331.0,normalDay
2020-03-17,3323.0,-5810.0,0.0,100,252.8,314.0,0,0.0,0.0,,0.0,1,4.3,1.2,SPY200717C00331000,331.0,normalDay
2020-03-18,3323.0,-7060.0,0.0,100,240.0,314.0,0,0.0,0.0,,0.0,1,4.3,0.9,SPY200717C00331000,331.0,normalDay
2020-03-19,3323.0,-6979.0,0.0,100,240.51,314.0,0,0.0,0.0,,0.0,1,4.3,0.6,SPY200717C00331000,331.0,normalDay
2020-03-20,3323.0,-8120.0,0.0,100,228.8,314.0,0,0.0,0.0,,0.0,1,4.3,0.3,SPY200717C00331000,331.0,normalDay
2020-03-23,3323.0,-8713.0,0.0,100,222.95,314.0,0,0.0,0.0,,0.0,1,4.3,0.38,SPY200717C00331000,331.0,normalDay
2020-03-24,3323.0,-6725.0,0.0,100,243.15,314.0,0,0.0,0.0,,0.0,1,4.3,0.7,SPY200717C00331000,331.0,normalDay
2020-03-25,3323.0,-6374.0,0.0,100,246.79,314.0,0,0.0,0.0,,0.0,1,4.3,0.83,SPY200717C00331000,331.0,normalDay
2020-03-26,3323.0,-4947.0,0.0,100,261.2,314.0,0,0.0,0.0,,0.0,1,4.3,0.97,SPY200717C00331000,331.0,normalDay
2020-03-27,3323.0,-5683.0,0.0,100,253.42,314.0,0,0.0,0.0,,0.0,1,4.3,0.55,SPY200717C00331000,331.0,normalDay
2020-03-30,3323.0,-4871.0,0.0,100,261.65,314.0,0,0.0,0.0,,0.0,1,4.3,0.66,SPY200717C00331000,331.0,normalDay
2020-03-31,3323.0,-5225.0,0.0,100,257.75,314.0,0,0.0,0.0,,0.0,1,4.3,0.3,SPY200717C00331000,331.0,normalDay
2020-04-01,3323.0,-6378.0,0.0,100,246.15,314.0,0,0.0,0.0,,0.0,1,4.3,0.23,SPY200717C00331000,331.0,normalDay
2020-04-02,3323.0,-5816.0,0.0,100,251.83,314.0,0,0.0,0.0,,0.0,1,4.3,0.29,SPY200717C00331000,331.0,normalDay
2020-04-03,3323.0,-6174.0,0.0,100,248.19,314.0,0,0.0,0.0,,0.0,1,4.3,0.23,SPY200717C00331000,331.0,normalDay
2020-04-06,3323.0,-4535.0,0.0,100,264.86,314.0,0,0.0,0.0,,0.0,1,4.3,0.51,SPY200717C00331000,331.0,normalDay
2020-04-07,3323.0,-4506.0,0.0,100,265.13,314.0,0,0.0,0.0,,0.0,1,4.3,0.49,SPY200717C00331000,331.0,normalDay
2020-04-08,3323.0,-3655.0,0.0,100,274.03,314.0,0,0.0,0.0,,0.0,1,4.3,0.88,SPY200717C00331000,331.0,normalDay
2020-04-09,3323.0,-3262.0,0.0,100,278.2,314.0,0,0.0,0.0,,0.0,1,4.3,1.12,SPY200717C00331000,331.0,normalDay
2020-04-13,3323.0,-3493.0,0.0,100,275.66,314.0,0,0.0,0.0,,0.0,1,4.3,0.89,SPY200717C00331000,331.0,normalDay
2020-04-14,3323.0,-2720.0,0.0,100,283.79,314.0,0,0.0,0.0,,0.0,1,4.3,1.29,SPY200717C00331000,331.0,normalDay
2020-04-15,3323.0,-3284.0,0.0,100,277.76,314.0,0,0.0,0.0,,0.0,1,4.3,0.9,SPY200717C00331000,331.0,normalDay
2020-04-16,3323.0,-3158.0,0.0,100,279.1,314.0,0,0.0,0.0,,0.0,1,4.3,0.98,SPY200717C00331000,331.0,normalDay
2020-04-17,3323.0,-2456.0,0.0,100,286.64,314.0,0,0.0,0.0,,0.0,1,4.3,1.5,SPY200717C00331000,331.0,normalDay
2020-04-20,3323.0,-2929.0,0.0,100,281.59,314.0,0,0.0,0.0,,0.0,1,4.3,1.18,SPY200717C00331000,331.0,normalDay
2020-04-21,3323.0,-3744.0,0.0,100,273.04,314.0,0,0.0,0.0,,0.0,1,4.3,0.78,SPY200717C00331000,331.0,normalDay
2020-04-22,3323.0,-3143.0,0.0,100,279.1,314.0,0,0.0,0.0,,0.0,1,4.3,0.83,SPY200717C00331000,331.0,normalDay
2020-04-23,3323.0,-3144.0,0.0,100,279.08,314.0,0,0.0,0.0,,0.0,1,4.3,0.82,SPY200717C00331000,331.0,normalDay
2020-04-24,3323.0,-2765.0,0.0,100,282.97,314.0,0,0.0,0.0,,0.0,1,4.3,0.92,SPY200717C00331000,331.0,normalDay
2020-04-27,3323.0,-2359.0,0.0,100,287.05,314.0,0,0.0,0.0,,0.0,1,4.3,0.94,SPY200717C00331000,331.0,normalDay
2020-04-28,3323.0,-2473.0,0.0,100,285.73,314.0,0,0.0,0.0,,0.0,1,4.3,0.76,SPY200717C00331000,331.0,normalDay
2020-04-29,3323.0,-1766.0,0.0,100,293.21,314.0,0,0.0,0.0,,0.0,1,4.3,1.17,SPY200717C00331000,331.0,normalDay
2020-04-30,3323.0,-2017.0,0.0,100,290.48,314.0,0,0.0,0.0,,0.0,1,4.3,0.95,SPY200717C00331000,331.0,normalDay
2020-05-01,3323.0,-2747.0,0.0,100,282.79,314.0,0,0.0,0.0,,0.0,1,4.3,0.56,SPY200717C00331000,331.0,normalDay
2020-05-04,3323.0,-2666.0,0.0,100,283.57,314.0,0,0.0,0.0,,0.0,1,4.3,0.53,SPY200717C00331000,331.0,normalDay
2020-05-05,3323.0,-2409.0,0.0,100,286.19,314.0,0,0.0,0.0,,0.0,1,4.3,0.58,SPY200717C00331000,331.0,normalDay
2020-05-06,3323.0,-2591.0,0.0,100,284.25,314.0,0,0.0,0.0,,0.0,1,4.3,0.46,SPY200717C00331000,331.0,normalDay
2020-05-07,3323.0,-2258.0,0.0,100,287.68,314.0,0,0.0,0.0,,0.0,1,4.3,0.56,SPY200717C00331000,331.0,normalDay
2020-05-08,3323.0,-1793.0,0.0,100,292.44,314.0,0,0.0,0.0,,0.0,1,4.3,0.67,SPY200717C00331000,331.0,normalDay
2020-05-11,3323.0,-1769.0,0.0,100,292.5,314.0,0,0.0,0.0,,0.0,1,4.3,0.49,SPY200717C00331000,331.0,normalDay
2020-05-12,3323.0,-2339.0,0.0,100,286.67,314.0,0,0.0,0.0,,0.0,1,4.3,0.36,SPY200717C00331000,331.0,normalDay
2020-05-13,3323.0,-2837.0,0.0,100,281.6,314.0,0,0.0,0.0,,0.0,1,4.3,0.27,SPY200717C00331000,331.0,normalDay
2020-05-14,3323.0,-2501.0,0.0,100,284.97,314.0,0,0.0,0.0,,0.0,1,4.3,0.28,SPY200717C00331000,331.0,normalDay
2020-05-15,3323.0,-2368.0,0.0,100,286.28,314.0,0,0.0,0.0,,0.0,1,4.3,0.26,SPY200717C00331000,331.0,normalDay
2020-05-18,3323.0,-1528.0,0.0,100,295.0,314.0,0,0.0,0.0,,0.0,1,4.3,0.58,SPY200717C00331000,331.0,normalDay
2020-05-19,3323.0,-1817.0,0.0,100,291.97,314.0,0,0.0,0.0,,0.0,1,4.3,0.44,SPY200717C00331000,331.0,normalDay
2020-05-20,3323.0,-1339.0,0.0,100,296.93,314.0,0,0.0,0.0,,0.0,1,4.3,0.62,SPY200717C00331000,331.0,normalDay
2020-05-21,3323.0,-1534.0,0.0,100,294.88,314.0,0,0.0,0.0,,0.0,1,4.3,0.52,SPY200717C00331000,331.0,normalDay
2020-05-22,3323.0,-1477.0,0.0,100,295.44,314.0,0,0.0,0.0,,0.0,1,4.3,0.51,SPY200717C00331000,331.0,normalDay
2020-05-26,3323.0,-1118.0,0.0,100,299.08,314.0,0,0.0,0.0,,0.0,1,4.3,0.56,SPY200717C00331000,331.0,normalDay
2020-05-27,3323.0,-692.0,0.0,100,303.53,314.0,0,0.0,0.0,,0.0,1,4.3,0.75,SPY200717C00331000,331.0,normalDay
2020-05-28,3323.0,-756.0,0.0,100,302.97,314.0,0,0.0,0.0,,0.0,1,4.3,0.83,SPY200717C00331000,331.0,normalDay
2020-05-29,3323.0,-630.0,0.0,100,304.32,314.0,0,0.0,0.0,,0.0,1,4.3,0.92,SPY200717C00331000,331.0,normalDay
2020-06-01,3323.0,-502.0,0.0,100,305.55,314.0,0,0.0,0.0,,0.0,1,4.3,0.87,SPY200717C00331000,331.0,normalDay
2020-06-02,3323.0,-261.0,0.0,100,308.08,314.0,0,0.0,0.0,,0.0,1,4.3,0.99,SPY200717C00331000,331.0,normalDay
2020-06-03,3323.0,88.0,0.0,100,312.18,314.0,0,0.0,0.0,,0.0,1,4.3,1.6,SPY200717C00331000,331.0,normalDay
2020-06-04,3323.0,28.0,0.0,100,311.36,314.0,0,0.0,0.0,,0.0,1,4.3,1.38,SPY200717C00331000,331.0,normalDay
2020-06-05,3323.0,674.0,0.0,100,319.34,314.0,0,0.0,0.0,,0.0,1,4.3,2.9,SPY200717C00331000,331.0,normalDay
2020-06-08,3323.0,928.0,0.0,100,323.2,314.0,0,0.0,0.0,,0.0,1,4.3,4.22,SPY200717C00331000,331.0,normalDay
2020-06-09,3323.0,696.0,0.0,100,320.79,314.0,0,0.0,0.0,,0.0,1,4.3,4.13,SPY200717C00331000,331.0,normalDay
2020-06-10,3323.0,629.0,0.0,100,319.0,314.0,0,0.0,0.0,,0.0,1,4.3,3.01,SPY200717C00331000,331.0,normalDay
2020-06-11,3323.0,-1021.0,0.0,100,300.61,314.0,0,0.0,0.0,,0.0,1,4.3,1.12,SPY200717C00331000,331.0,normalDay
2020-06-12,3323.0,-650.0,0.0,100,304.21,314.0,0,0.0,0.0,,0.0,1,4.3,1.01,SPY200717C00331000,331.0,normalDay
2020-06-15,3323.0,-395.0,0.0,100,307.05,314.0,0,0.0,0.0,,0.0,1,4.3,1.3,SPY200717C00331000,331.0,normalDay
2020-06-16,3323.0,106.0,0.0,100,312.96,314.0,0,0.0,0.0,,0.0,1,4.3,2.2,SPY200717C00331000,331.0,normalDay
2020-06-17,3323.0,17.0,0.0,100,311.66,314.0,0,0.0,0.0,,0.0,1,4.3,1.79,SPY200717C00331000,331.0,normalDay
2020-06-18,3323.0,58.0,0.0,100,311.78,314.0,0,0.0,0.0,,0.0,1,4.3,1.5,SPY200717C00331000,331.0,normalDay
2020-06-19,3323.0,-202.0,0.0,100,308.64,314.0,0,0.0,0.0,,0.0,1,4.3,0.96,SPY200717C00331000,331.0,normalDay
2020-06-22,3323.0,-8.0,0.0,100,310.62,314.0,0,0.0,0.0,,0.0,1,4.3,1.0,SPY200717C00331000,331.0,normalDay
2020-06-23,3323.0,131.0,0.0,100,312.05,314.0,0,0.0,0.0,,0.0,1,4.3,1.04,SPY200717C00331000,331.0,normalDay
2020-06-24,3323.0,-606.0,0.0,100,304.09,314.0,0,0.0,0.0,,0.0,1,4.3,0.45,SPY200717C00331000,331.0,normalDay
2020-06-25,3323.0,-289.0,0.0,100,307.35,314.0,0,0.0,0.0,,0.0,1,4.3,0.54,SPY200717C00331000,331.0,normalDay
2020-06-26,3323.0,-988.0,0.0,100,300.05,314.0,0,0.0,0.0,,0.0,1,4.3,0.23,SPY200717C00331000,331.0,normalDay
2020-06-29,3323.0,-548.0,0.0,100,304.46,314.0,0,0.0,0.0,,0.0,1,4.3,0.24,SPY200717C00331000,331.0,normalDay
2020-06-30,3323.0,-168.0,0.0,100,308.36,314.0,0,0.0,0.0,,0.0,1,4.3,0.34,SPY200717C00331000,331.0,normalDay
2020-07-01,3323.0,48.0,0.0,100,310.52,314.0,0,0.0,0.0,,0.0,1,4.3,0.34,SPY200717C00331000,331.0,normalDay
2020-07-02,3323.0,226.0,0.0,100,312.23,314.0,0,0.0,0.0,,0.0,1,4.3,0.27,SPY200717C00331000,331.0,normalDay
2020-07-06,3323.0,685.0,0.0,100,317.05,314.0,0,0.0,0.0,,0.0,1,4.3,0.5,SPY200717C00331000,331.0,normalDay
2020-07-07,3323.0,382.0,0.0,100,313.78,314.0,0,0.0,0.0,,0.0,1,4.3,0.26,SPY200717C00331000,331.0,normalDay
2020-07-08,3323.0,626.0,0.0,100,316.18,314.0,0,0.0,0.0,,0.0,1,4.3,0.22,SPY200717C00331000,331.0,normalDay
2020-07-09,3323.0,456.0,0.0,100,314.38,314.0,0,0.0,0.0,,0.0,1,4.3,0.12,SPY200717C00331000,331.0,normalDay
2020-07-10,3323.0,773.0,0.0,100,317.59,314.0,0,0.0,0.0,,0.0,1,4.3,0.16,SPY200717C00331000,331.0,normalDay
2020-07-13,3323.0,504.0,0.0,100,314.84,314.0,0,0.0,0.0,,0.0,1,4.3,0.1,SPY200717C00331000,331.0,normalDay
2020-07-14,3323.0,911.0,0.0,100,318.92,314.0,0,0.0,0.0,,0.0,1,4.3,0.11,SPY200717C00331000,331.0,normalDay
2020-07-15,3323.0,1205.0,0.0,100,321.85,314.0,0,0.0,0.0,,0.0,1,4.3,0.1,SPY200717C00331000,331.0,normalDay
2020-07-16,3323.0,1107.0,0.0,100,320.79,314.0,0,0.0,0.0,,0.0,1,4.3,0.02,SPY200717C00331000,331.0,normalDay
2020-07-17,3753.0,772.0,430.0,100,321.72,314.0,0,0.0,0.0,,0.0,1,4.3,0.0,SPY200717C00331000,331.0,expirationDay
2020-07-20,3753.0,1017.0,0.0,100,324.32,314.0,0,0.0,0.0,,0.0,1,22.84,22.99,SPY201120C00316000,316.0,normalDay
2020-07-21,3753.0,1034.0,0.0,100,325.01,314.0,0,0.0,0.0,,0.0,1,22.84,23.51,SPY201120C00316000,316.0,normalDay
2020-07-22,3753.0,1144.0,0.0,100,326.86,314.0,0,0.0,0.0,,0.0,1,22.84,24.26,SPY201120C00316000,316.0,normalDay
2020-07-23,3753.0,1010.0,0.0,100,322.96,314.0,0,0.0,0.0,,0.0,1,22.84,21.7,SPY201120C00316000,316.0,normalDay
2020-07-24,3753.0,895.0,0.0,100,320.88,314.0,0,0.0,0.0,,0.0,1,22.84,20.77,SPY201120C00316000,316.0,normalDay
2020-07-27,3753.0,1028.0,0.0,100,323.22,314.0,0,0.0,0.0,,0.0,1,22.84,21.78,SPY201120C00316000,316.0,normalDay
2020-07-28,3753.0,943.0,0.0,100,321.17,314.0,0,0.0,0.0,,0.0,1,22.84,20.58,SPY201120C00316000,316.0,normalDay
2020-07-29,3753.0,1121.0,0.0,100,325.12,314.0,0,0.0,0.0,,0.0,1,22.84,22.75,SPY201120C00316000,316.0,normalDay
2020-07-30,3753.0,1026.0,0.0,100,323.96,314.0,0,0.0,0.0,,0.0,1,22.84,22.54,SPY201120C00316000,316.0,normalDay
2020-07-31,3753.0,1123.0,0.0,100,326.52,314.0,0,0.0,0.0,,0.0,1,22.84,24.13,SPY201120C00316000,316.0,normalDay
2020-08-03,3753.0,1240.0,0.0,100,328.79,314.0,0,0.0,0.0,,0.0,1,22.84,25.23,SPY201120C00316000,316.0,normalDay
2020-08-04,3753.0,1323.0,0.0,100,330.06,314.0,0,0.0,0.0,,0.0,1,22.84,25.67,SPY201120C00316000,316.0,normalDay
2020-08-05,3753.0,1408.0,0.0,100,332.11,314.0,0,0.0,0.0,,0.0,1,22.84,26.87,SPY201120C00316000,316.0,normalDay
2020-08-06,3753.0,1464.0,0.0,100,334.33,314.0,0,0.0,0.0,,0.0,1,22.84,28.53,SPY201120C00316000,316.0,normalDay
2020-08-07,3753.0,1483.0,0.0,100,334.57,314.0,0,0.0,0.0,,0.0,1,22.84,28.58,SPY201120C00316000,316.0,normalDay
2020-08-10,3753.0,1552.0,0.0,100,335.57,314.0,0,0.0,0.0,,0.0,1,22.84,28.89,SPY201120C00316000,316.0,normalDay
2020-08-11,3753.0,1421.0,0.0,100,332.8,314.0,0,0.0,0.0,,0.0,1,22.84,27.43,SPY201120C00316000,316.0,normalDay
2020-08-12,3753.0,1597.0,0.0,100,337.44,314.0,0,0.0,0.0,,0.0,1,22.84,30.31,SPY201120C00316000,316.0,normalDay
2020-08-13,3753.0,1596.0,0.0,100,336.83,314.0,0,0.0,0.0,,0.0,1,22.84,29.71,SPY201120C00316000,316.0,normalDay
2020-08-14,3753.0,1602.0,0.0,100,336.84,314.0,0,0.0,0.0,,0.0,1,22.84,29.66,SPY201120C00316000,316.0,normalDay
2020-08-17,3753.0,1679.0,0.0,100,337.91,314.0,0,0.0,0.0,,0.0,1,22.84,29.96,SPY201120C00316000,316.0,normalDay
2020-08-18,3753.0,1709.0,0.0,100,338.64,314.0,0,0.0,0.0,,0.0,1,22.84,30.39,SPY201120C00316000,316.0,normalDay
2020-08-19,3753.0,1658.0,0.0,100,337.23,314.0,0,0.0,0.0,,0.0,1,22.84,29.49,SPY201120C00316000,316.0,normalDay
2020-08-20,3753.0,1706.0,0.0,100,338.28,314.0,0,0.0,0.0,,0.0,1,22.84,30.06,SPY201120C00316000,316.0,normalDay
2020-08-21,3753.0,1727.0,0.0,100,339.48,314.0,0,0.0,0.0,,0.0,1,22.84,31.05,SPY201120C00316000,316.0,normalDay
2020-08-24,3753.0,1828.0,0.0,100,342.92,314.0,0,0.0,0.0,,0.0,1,22.84,33.48,SPY201120C00316000,316.0,normalDay
2020-08-25,3753.0,1843.0,0.0,100,344.12,314.0,0,0.0,0.0,,0.0,1,22.84,34.53,SPY201120C00316000,316.0,normalDay
2020-08-26,3753.0,1861.0,0.0,100,347.57,314.0,0,0.0,0.0,,0.0,1,22.84,37.8,SPY201120C00316000,316.0,normalDay
2020-08-27,3753.0,1835.0,0.0,100,348.33,314.0,0,0.0,0.0,,0.0,1,22.84,38.82,SPY201120C00316000,316.0,normalDay
2020-08-28,3753.0,1923.0,0.0,100,350.58,314.0,0,0.0,0.0,,0.0,1,22.84,40.19,SPY201120C00316000,316.0,normalDay
2020-08-31,3753.0,1773.0,0.0,100,349.31,314.0,0,0.0,0.0,,0.0,1,22.84,40.42,SPY201120C00316000,316.0,normalDay
2020-09-01,3753.0,1870.0,0.0,100,352.6,314.0,0,0.0,0.0,,0.0,1,22.84,42.74,SPY201120C00316000,316.0,normalDay
2020-09-02,3753.0,1893.0,0.0,100,357.7,314.0,0,0.0,0.0,,0.0,1,22.84,47.61,SPY201120C00316000,316.0,normalDay
2020-09-03,3753.0,1497.0,0.0,100,345.39,314.0,0,0.0,0.0,,0.0,1,22.84,39.26,SPY201120C00316000,316.0,normalDay
2020-09-04,3753.0,1632.0,0.0,100,342.57,314.0,0,0.0,0.0,,0.0,1,22.84,35.09,SPY201120C00316000,316.0,normalDay
2020-09-08,3753.0,1442.0,0.0,100,333.21,314.0,0,0.0,0.0,,0.0,1,22.84,27.63,SPY201120C00316000,316.0,normalDay
2020-09-09,3753.0,1718.0,0.0,100,339.79,314.0,0,0.0,0.0,,0.0,1,22.84,31.45,SPY201120C00316000,316.0,normalDay
2020-09-10,3753.0,1536.0,0.0,100,333.89,314.0,0,0.0,0.0,,0.0,1,22.84,27.37,SPY201120C00316000,316.0,normalDay
2020-09-11,3753.0,1691.0,0.0,100,334.06,314.0,0,0.0,0.0,,0.0,1,22.84,25.99,SPY201120C00316000,316.0,normalDay
2020-09-14,3753.0,1794.0,0.0,100,338.46,314.0,0,0.0,0.0,,0.0,1,22.84,29.36,SPY201120C00316000,316.0,normalDay
2020-09-15,3753.0,1830.0,0.0,100,340.17,314.0,0,0.0,0.0,,0.0,1,22.84,30.71,SPY201120C00316000,316.0,normalDay
2020-09-16,3753.0,1837.0,0.0,100,338.82,314.0,0,0.0,0.0,,0.0,1,22.84,29.29,SPY201120C00316000,316.0,normalDay
2020-09-17,3753.0,1755.0,0.0,100,335.84,314.0,0,0.0,0.0,,0.0,1,22.84,27.13,SPY201120C00316000,316.0,normalDay
2020-09-18,3753.0,1575.0,0.0,100,330.65,314.0,0,0.0,0.0,,0.0,1,22.84,23.74,SPY201120C00316000,316.0,normalDay
2020-09-21,3753.0,1416.0,0.0,100,326.97,314.0,0,0.0,0.0,,0.0,1,22.84,21.65,SPY201120C00316000,316.0,normalDay
2020-09-22,3753.0,1569.0,0.0,100,330.3,314.0,0,0.0,0.0,,0.0,1,22.84,23.45,SPY201120C00316000,316.0,normalDay
2020-09-23,3753.0,1256.0,0.0,100,322.64,314.0,0,0.0,0.0,,0.0,1,22.84,18.92,SPY201120C00316000,316.0,normalDay
2020-09-24,3753.0,1310.0,0.0,100,323.5,314.0,0,0.0,0.0,,0.0,1,22.84,19.24,SPY201120C00316000,316.0,normalDay
2020-09-25,3753.0,1553.0,0.0,100,328.73,314.0,0,0.0,0.0,,0.0,1,22.84,22.04,SPY201120C00316000,316.0,normalDay
2020-09-28,3753.0,1710.0,0.0,100,334.19,314.0,0,0.0,0.0,,0.0,1,22.84,25.93,SPY201120C00316000,316.0,normalDay
2020-09-29,3753.0,1628.0,0.0,100,332.37,314.0,0,0.0,0.0,,0.0,1,22.84,24.93,SPY201120C00316000,316.0,normalDay
2020-09-30,3753.0,1834.0,0.0,100,334.89,314.0,0,0.0,0.0,,0.0,1,22.84,25.39,SPY201120C00316000,316.0,normalDay
2020-10-01,3753.0,1792.0,0.0,100,337.04,314.0,0,0.0,0.0,,0.0,1,22.84,27.96,SPY201120C00316000,316.0,normalDay
2020-10-02,3753.0,1708.0,0.0,100,333.84,314.0,0,0.0,0.0,,0.0,1,22.84,25.6,SPY201120C00316000,316.0,normalDay
2020-10-05,3753.0,1926.0,0.0,100,339.76,314.0,0,0.0,0.0,,0.0,1,22.84,29.34,SPY201120C00316000,316.0,normalDay
2020-10-06,3753.0,1771.0,0.0,100,334.93,314.0,0,0.0,0.0,,0.0,1,22.84,26.06,SPY201120C00316000,316.0,normalDay
2020-10-07,3753.0,1980.0,0.0,100,340.76,314.0,0,0.0,0.0,,0.0,1,22.84,29.8,SPY201120C00316000,316.0,normalDay
2020-10-08,3753.0,2091.0,0.0,100,343.78,314.0,0,0.0,0.0,,0.0,1,22.84,31.71,SPY201120C00316000,316.0,normalDay
2020-10-09,3753.0,2151.0,0.0,100,346.85,314.0,0,0.0,0.0,,0.0,1,22.84,34.18,SPY201120C00316000,316.0,normalDay
2020-10-12,3753.0,2221.0,0.0,100,352.43,314.0,0,0.0,0.0,,0.0,1,22.84,39.06,SPY201120C00316000,316.0,normalDay
2020-10-13,3753.0,2196.0,0.0,100,350.13,314.0,0,0.0,0.0,,0.0,1,22.84,37.01,SPY201120C00316000,316.0,normalDay
2020-10-14,3753.0,2185.0,0.0,100,347.93,314.0,0,0.0,0.0,,0.0,1,22.84,34.92,SPY201120C00316000,316.0,normalDay
2020-10-15,3753.0,2173.0,0.0,100,347.5,314.0,0,0.0,0.0,,0.0,1,22.84,34.61,SPY201120C00316000,316.0,normalDay
2020-10-16,3753.0,2236.0,0.0,100,347.29,314.0,0,0.0,0.0,,0.0,1,22.84,33.77,SPY201120C00316000,316.0,normalDay
2020-10-19,3753.0,2079.0,0.0,100,342.01,314.0,0,0.0,0.0,,0.0,1,22.84,30.06,SPY201120C00316000,316.0,normalDay
2020-10-20,3753.0,2161.0,0.0,100,343.38,314.0,0,0.0,0.0,,0.0,1,22.84,30.61,SPY201120C00316000,316.0,normalDay
2020-10-21,3753.0,2113.0,0.0,100,342.73,314.0,0,0.0,0.0,,0.0,1,22.84,30.44,SPY201120C00316000,316.0,normalDay
2020-10-22,3753.0,2213.0,0.0,100,344.61,314.0,0,0.0,0.0,,0.0,1,22.84,31.32,SPY201120C00316000,316.0,normalDay
2020-10-23,3753.0,2277.0,0.0,100,345.78,314.0,0,0.0,0.0,,0.0,1,22.84,31.85,SPY201120C00316000,316.0,normalDay
2020-10-26,3753.0,2064.0,0.0,100,339.39,314.0,0,0.0,0.0,,0.0,1,22.84,27.59,SPY201120C00316000,316.0,normalDay
2020-10-27,3753.0,2044.0,0.0,100,338.22,314.0,0,0.0,0.0,,0.0,1,22.84,26.62,SPY201120C00316000,316.0,normalDay
2020-10-28,3753.0,1643.0,0.0,100,326.66,314.0,0,0.0,0.0,,0.0,1,22.84,19.07,SPY201120C00316000,316.0,normalDay
2020-10-29,3753.0,1781.0,0.0,100,329.98,314.0,0,0.0,0.0,,0.0,1,22.84,21.01,SPY201120C00316000,316.0,normalDay
2020-10-30,3753.0,1684.0,0.0,100,326.54,314.0,0,0.0,0.0,,0.0,1,22.84,18.54,SPY201120C00316000,316.0,normalDay
2020-11-02,3753.0,1886.0,0.0,100,330.2,314.0,0,0.0,0.0,,0.0,1,22.84,20.18,SPY201120C00316000,316.0,normalDay
2020-11-03,3753.0,2151.0,0.0,100,336.03,314.0,0,0.0,0.0,,0.0,1,22.84,23.36,SPY201120C00316000,316.0,normalDay
2020-11-04,3753.0,2295.0,0.0,100,343.54,314.0,0,0.0,0.0,,0.0,1,22.84,29.43,SPY201120C00316000,316.0,normalDay
2020-11-05,3753.0,2340.0,0.0,100,350.24,314.0,0,0.0,0.0,,0.0,1,22.84,35.68,SPY201120C00316000,316.0,normalDay
2020-11-06,3753.0,2407.0,0.0,100,350.16,314.0,0,0.0,0.0,,0.0,1,22.84,34.93,SPY201120C00316000,316.0,normalDay
2020-11-09,3753.0,2324.0,0.0,100,354.56,314.0,0,0.0,0.0,,0.0,1,22.84,40.16,SPY201120C00316000,316.0,normalDay
2020-11-10,3753.0,2382.0,0.0,100,354.04,314.0,0,0.0,0.0,,0.0,1,22.84,39.06,SPY201120C00316000,316.0,normalDay
2020-11-11,3753.0,2408.0,0.0,100,356.67,314.0,0,0.0,0.0,,0.0,1,22.84,41.43,SPY201120C00316000,316.0,normalDay
2020-11-12,3753.0,2402.0,0.0,100,353.21,314.0,0,0.0,0.0,,0.0,1,22.84,38.03,SPY201120C00316000,316.0,normalDay
2020-11-13,3753.0,2456.0,0.0,100,358.1,314.0,0,0.0,0.0,,0.0,1,22.84,42.38,SPY201120C00316000,316.0,normalDay
2020-11-16,3753.0,2487.0,0.0,100,362.57,314.0,0,0.0,0.0,,0.0,1,22.84,46.54,SPY201120C00316000,316.0,normalDay
2020-11-17,3753.0,2449.0,0.0,100,360.62,314.0,0,0.0,0.0,,0.0,1,22.84,44.97,SPY201120C00316000,316.0,normalDay
2020-11-18,3753.0,2436.0,0.0,100,356.28,314.0,0,0.0,0.0,,0.0,1,22.84,40.76,SPY201120C00316000,316.0,normalDay
2020-11-19,3753.0,2463.0,0.0,100,357.78,314.0,0,0.0,0.0,,0.0,1,22.84,41.99,SPY201120C00316000,316.0,normalDay
2020-11-20,6237.0,2463.0,2484.0,0,355.33,0.0,0,0.0,0.0,,0.0,1,22.84,0.0,SPY201120C00316000,316.0,expirationDay
2020-11-23,6237.0,-4.0,0.0,0,357.46,0.0,1,0.91,0.95,SPY201224P00310000,310.0,0,0.0,0.0,,0.0,normalDay
2020-11-24,6237.0,24.0,0.0,0,363.22,0.0,1,0.91,0.67,SPY201224P00310000,310.0,0,0.0,0.0,,0.0,normalDay
2020-11-25,6237.0,29.0,0.0,0,362.66,0.0,1,0.91,0.62,SPY201224P00310000,310.0,0,0.0,0.0,,0.0,normalDay
2020-11-27,6237.0,40.0,0.0,0,363.67,0.0,1,0.91,0.51,SPY201224P00310000,310.0,0,0.0,0.0,,0.0,normalDay
2020-11-30,6237.0,49.0,0.0,0,362.06,0.0,1,0.91,0.42,SPY201224P00310000,310.0,0,0.0,0.0,,0.0,normalDay
2020-12-01,6237.0,53.0,0.0,0,366.02,0.0,1,0.91,0.38,SPY201224P00310000,310.0,0,0.0,0.0,,0.0,normalDay
2020-12-02,6237.0,53.0,0.0,0,366.79,0.0,1,0.91,0.38,SPY201224P00310000,310.0,0,0.0,0.0,,0.0,normalDay
2020-12-03,6237.0,54.0,0.0,0,366.69,0.0,1,0.91,0.37,SPY201224P00310000,310.0,0,0.0,0.0,,0.0,normalDay
2020-12-04,6237.0,65.0,0.0,0,369.85,0.0,1,0.91,0.26,SPY201224P00310000,310.0,0,0.0,0.0,,0.0,normalDay
2020-12-07,6237.0,71.0,0.0,0,369.09,0.0,1,0.91,0.2,SPY201224P00310000,310.0,0,0.0,0.0,,0.0,normalDay
2020-12-08,6237.0,75.0,0.0,0,370.17,0.0,1,0.91,0.16,SPY201224P00310000,310.0,0,0.0,0.0,,0.0,normalDay
2020-12-09,6237.0,70.0,0.0,0,366.85,0.0,1,0.91,0.21,SPY201224P00310000,310.0,0,0.0,0.0,,0.0,normalDay
2020-12-10,6237.0,72.0,0.0,0,366.73,0.0,1,0.91,0.19,SPY201224P00310000,310.0,0,0.0,0.0,,0.0,normalDay
2020-12-11,6237.0,70.0,0.0,0,366.3,0.0,1,0.91,0.21,SPY201224P00310000,310.0,0,0.0,0.0,,0.0,normalDay
2020-12-14,6237.0,67.0,0.0,0,364.66,0.0,1,0.91,0.24,SPY201224P00310000,310.0,0,0.0,0.0,,0.0,normalDay
2020-12-15,6237.0,78.0,0.0,0,369.59,0.0,1,0.91,0.13,SPY201224P00310000,310.0,0,0.0,0.0,,0.0,normalDay
2020-12-16,6237.0,81.0,0.0,0,370.17,0.0,1,0.91,0.1,SPY201224P00310000,310.0,0,0.0,0.0,,0.0,normalDay
2020-12-17,6237.0,84.0,0.0,0,372.24,0.0,1,0.91,0.07,SPY201224P00310000,310.0,0,0.0,0.0,,0.0,normalDay
2020-12-18,6237.0,88.0,0.0,0,369.18,0.0,1,0.91,0.03,SPY201224P00310000,310.0,0,0.0,0.0,,0.0,normalDay
2020-12-21,6237.0,89.0,0.0,0,367.86,0.0,1,0.91,0.02,SPY201224P00310000,310.0,0,0.0,0.0,,0.0,normalDay
2020-12-22,6237.0,90.0,0.0,0,367.24,0.0,1,0.91,0.01,SPY201224P00310000,310.0,0,0.0,0.0,,0.0,normalDay
2020-12-23,6237.0,90.0,0.0,0,367.57,0.0,1,0.91,0.01,SPY201224P00310000,310.0,0,0.0,0.0,,0.0,normalDay
2020-12-24,6328.0,0.0,91.0,0,369.0,0.0,1,0.91,0.0,SPY201224P00310000,310.0,0,0.0,0.0,,0.0,expirationDay
2020-12-28,6328.0,-5.0,0.0,0,372.17,0.0,1,4.11,4.16,SPY210129P00360000,360.0,0,0.0,0.0,,0.0,normalDay
2020-12-29,6328.0,-56.0,0.0,0,371.46,0.0,1,4.11,4.67,SPY210129P00360000,360.0,0,0.0,0.0,,0.0,normalDay
2020-12-30,6328.0,-20.0,0.0,0,371.99,0.0,1,4.11,4.31,SPY210129P00360000,360.0,0,0.0,0.0,,0.0,normalDay
2020-12-31,6328.0,37.0,0.0,0,373.88,0.0,1,4.11,3.74,SPY210129P00360000,360.0,0,0.0,0.0,,0.0,normalDay
2021-01-04,6328.0,-124.0,0.0,0,368.79,0.0,1,4.11,5.35,SPY210129P00360000,360.0,0,0.0,0.0,,0.0,normalDay
2021-01-05,6328.0,-25.0,0.0,0,371.33,0.0,1,4.11,4.36,SPY210129P00360000,360.0,0,0.0,0.0,,0.0,normalDay
2021-01-06,6328.0,18.0,0.0,0,373.55,0.0,1,4.11,3.93,SPY210129P00360000,360.0,0,0.0,0.0,,0.0,normalDay
2021-01-07,6328.0,187.0,0.0,0,379.1,0.0,1,4.11,2.24,SPY210129P00360000,360.0,0,0.0,0.0,,0.0,normalDay
2021-01-08,6328.0,230.0,0.0,0,381.26,0.0,1,4.11,1.81,SPY210129P00360000,360.0,0,0.0,0.0,,0.0,normalDay
2021-01-11,6328.0,188.0,0.0,0,378.69,0.0,1,4.11,2.23,SPY210129P00360000,360.0,0,0.0,0.0,,0.0,normalDay
2021-01-12,6328.0,212.0,0.0,0,378.77,0.0,1,4.11,1.99,SPY210129P00360000,360.0,0,0.0,0.0,,0.0,normalDay
2021-01-13,6328.0,260.0,0.0,0,379.79,0.0,1,4.11,1.51,SPY210129P00360000,360.0,0,0.0,0.0,,0.0,normalDay
2021-01-14,6328.0,236.0,0.0,0,378.46,0.0,1,4.11,1.75,SPY210129P00360000,360.0,0,0.0,0.0,,0.0,normalDay
2021-01-15,6328.0,203.0,0.0,0,375.7,0.0,1,4.11,2.08,SPY210129P00360000,360.0,0,0.0,0.0,,0.0,normalDay
2021-01-19,6328.0,305.0,0.0,0,378.65,0.0,1,4.11,1.06,SPY210129P00360000,360.0,0,0.0,0.0,,0.0,normalDay
2021-01-20,6328.0,365.0,0.0,0,383.89,0.0,1,4.11,0.46,SPY210129P00360000,360.0,0,0.0,0.0,,0.0,normalDay
2021-01-21,6328.0,379.0,0.0,0,384.24,0.0,1,4.11,0.32,SPY210129P00360000,360.0,0,0.0,0.0,,0.0,normalDay
2021-01-22,6328.0,386.0,0.0,0,382.88,0.0,1,4.11,0.25,SPY210129P00360000,360.0,0,0.0,0.0,,0.0,normalDay
2021-01-25,6328.0,397.0,0.0,0,384.39,0.0,1,4.11,0.14,SPY210129P00360000,360.0,0,0.0,0.0,,0.0,normalDay
2021-01-26,6328.0,402.0,0.0,0,383.79,0.0,1,4.11,0.09,SPY210129P00360000,360.0,0,0.0,0.0,,0.0,normalDay
2021-01-27,6328.0,324.0,0.0,0,374.41,0.0,1,4.11,0.87,SPY210129P00360000,360.0,0,0.0,0.0,,0.0,normalDay
2021-01-28,6328.0,403.0,0.0,0,377.63,0.0,1,4.11,0.08,SPY210129P00360000,360.0,0,0.0,0.0,,0.0,normalDay
2021-01-29,6739.0,0.0,411.0,0,370.07,0.0,1,4.11,0.0,SPY210129P00360000,360.0,0,0.0,0.0,,0.0,expirationDay
2021-02-01,6739.0,-8.0,0.0,0,376.23,0.0,1,6.75,6.83,SPY210305P00362500,362.5,0,0.0,0.0,,0.0,normalDay
2021-02-02,6739.0,259.0,0.0,0,381.55,0.0,1,6.75,4.16,SPY210305P00362500,362.5,0,0.0,0.0,,0.0,normalDay
2021-02-03,6739.0,330.0,0.0,0,381.85,0.0,1,6.75,3.45,SPY210305P00362500,362.5,0,0.0,0.0,,0.0,normalDay
2021-02-04,6739.0,423.0,0.0,0,386.19,0.0,1,6.75,2.52,SPY210305P00362500,362.5,0,0.0,0.0,,0.0,normalDay
2021-02-05,6739.0,465.0,0.0,0,387.71,0.0,1,6.75,2.1,SPY210305P00362500,362.5,0,0.0,0.0,,0.0,normalDay
2021-02-08,6739.0,508.0,0.0,0,390.51,0.0,1,6.75,1.67,SPY210305P00362500,362.5,0,0.0,0.0,,0.0,normalDay
2021-02-09,6739.0,514.0,0.0,0,390.25,0.0,1,6.75,1.61,SPY210305P00362500,362.5,0,0.0,0.0,,0.0,normalDay
2021-02-10,6739.0,510.0,0.0,0,390.08,0.0,1,6.75,1.65,SPY210305P00362500,362.5,0,0.0,0.0,,0.0,normalDay
2021-02-11,6739.0,533.0,0.0,0,390.71,0.0,1,6.75,1.42,SPY210305P00362500,362.5,0,0.0,0.0,,0.0,normalDay
2021-02-12,6739.0,578.0,0.0,0,392.64,0.0,1,6.75,0.97,SPY210305P00362500,362.5,0,0.0,0.0,,0.0,normalDay
2021-02-16,6739.0,580.0,0.0,0,392.3,0.0,1,6.75,0.95,SPY210305P00362500,362.5,0,0.0,0.0,,0.0,normalDay
2021-02-17,6739.0,595.0,0.0,0,392.39,0.0,1,6.75,0.8,SPY210305P00362500,362.5,0,0.0,0.0,,0.0,normalDay
2021-02-18,6739.0,583.0,0.0,0,390.72,0.0,1,6.75,0.92,SPY210305P00362500,362.5,0,0.0,0.0,,0.0,normalDay
2021-02-19,6739.0,597.0,0.0,0,390.03,0.0,1,6.75,0.78,SPY210305P00362500,362.5,0,0.0,0.0,,0.0,normalDay
2021-02-22,6739.0,595.0,0.0,0,387.03,0.0,1,6.75,0.8,SPY210305P00362500,362.5,0,0.0,0.0,,0.0,normalDay
2021-02-23,6739.0,606.0,0.0,0,387.5,0.0,1,6.75,0.69,SPY210305P00362500,362.5,0,0.0,0.0,,0.0,normalDay
2021-02-24,6739.0,643.0,0.0,0,391.77,0.0,1,6.75,0.32,SPY210305P00362500,362.5,0,0.0,0.0,,0.0,normalDay
2021-02-25,6739.0,506.0,0.0,0,382.33,0.0,1,6.75,1.69,SPY210305P00362500,362.5,0,0.0,0.0,,0.0,normalDay
2021-02-26,6739.0,544.0,0.0,0,380.36,0.0,1,6.75,1.31,SPY210305P00362500,362.5,0,0.0,0.0,,0.0,normalDay
2021-03-01,6739.0,653.0,0.0,0,389.58,0.0,1,6.75,0.22,SPY210305P00362500,362.5,0,0.0,0.0,,0.0,normalDay
2021-03-02,6739.0,658.0,0.0,0,386.54,0.0,1,6.75,0.17,SPY210305P00362500,362.5,0,0.0,0.0,,0.0,normalDay
2021-03-03,6739.0,659.0,0.0,0,381.42,0.0,1,6.75,0.16,SPY210305P00362500,362.5,0,0.0,0.0,,0.0,normalDay
2021-03-04,6739.0,660.0,0.0,0,376.7,0.0,1,6.75,0.15,SPY210305P00362500,362.5,0,0.0,0.0,,0.0,normalDay
2021-03-05,7414.0,0.0,675.0,0,383.63,0.0,1,6.75,0.0,SPY210305P00362500,362.5,0,0.0,0.0,,0.0,expirationDay
2021-03-08,7414.0,-9.0,0.0,0,381.72,0.0,1,6.67,6.76,SPY210409P00372500,372.5,0,0.0,0.0,,0.0,normalDay
2021-03-09,7414.0,175.0,0.0,0,387.17,0.0,1,6.67,4.92,SPY210409P00372500,372.5,0,0.0,0.0,,0.0,normalDay
2021-03-10,7414.0,281.0,0.0,0,389.58,0.0,1,6.67,3.86,SPY210409P00372500,372.5,0,0.0,0.0,,0.0,normalDay
2021-03-11,7414.0,361.0,0.0,0,393.53,0.0,1,6.67,3.06,SPY210409P00372500,372.5,0,0.0,0.0,,0.0,normalDay
2021-03-12,7414.0,424.0,0.0,0,394.06,0.0,1,6.67,2.43,SPY210409P00372500,372.5,0,0.0,0.0,,0.0,normalDay
2021-03-15,7414.0,487.0,0.0,0,396.41,0.0,1,6.67,1.8,SPY210409P00372500,372.5,0,0.0,0.0,,0.0,normalDay
2021-03-16,7414.0,487.0,0.0,0,395.91,0.0,1,6.67,1.8,SPY210409P00372500,372.5,0,0.0,0.0,,0.0,normalDay
2021-03-17,7414.0,521.0,0.0,0,397.26,0.0,1,6.67,1.46,SPY210409P00372500,372.5,0,0.0,0.0,,0.0,normalDay
2021-03-18,7414.0,450.0,0.0,0,391.48,0.0,1,6.67,2.17,SPY210409P00372500,372.5,0,0.0,0.0,,0.0,normalDay
2021-03-19,7414.0,448.0,0.0,0,389.48,0.0,1,6.67,2.19,SPY210409P00372500,372.5,0,0.0,0.0,,0.0,normalDay
2021-03-22,7414.0,550.0,0.0,0,392.59,0.0,1,6.67,1.17,SPY210409P00372500,372.5,0,0.0,0.0,,0.0,normalDay
2021-03-23,7414.0,501.0,0.0,0,389.5,0.0,1,6.67,1.66,SPY210409P00372500,372.5,0,0.0,0.0,,0.0,normalDay
2021-03-24,7414.0,479.0,0.0,0,387.52,0.0,1,6.67,1.88,SPY210409P00372500,372.5,0,0.0,0.0,,0.0,normalDay
2021-03-25,7414.0,539.0,0.0,0,389.7,0.0,1,6.67,1.28,SPY210409P00372500,372.5,0,0.0,0.0,,0.0,normalDay
2021-03-26,7414.0,596.0,0.0,0,395.98,0.0,1,6.67,0.71,SPY210409P00372500,372.5,0,0.0,0.0,,0.0,normalDay
2021-03-29,7414.0,597.0,0.0,0,395.78,0.0,1,6.67,0.7,SPY210409P00372500,372.5,0,0.0,0.0,,0.0,normalDay
2021-03-30,7414.0,614.0,0.0,0,394.73,0.0,1,6.67,0.53,SPY210409P00372500,372.5,0,0.0,0.0,,0.0,normalDay
2021-03-31,7414.0,639.0,0.0,0,396.33,0.0,1,6.67,0.28,SPY210409P00372500,372.5,0,0.0,0.0,,0.0,normalDay
2021-04-01,7414.0,661.0,0.0,0,400.61,0.0,1,6.67,0.06,SPY210409P00372500,372.5,0,0.0,0.0,,0.0,normalDay
2021-04-05,7414.0,662.0,0.0,0,406.36,0.0,1,6.67,0.05,SPY210409P00372500,372.5,0,0.0,0.0,,0.0,normalDay
2021-04-06,7414.0,663.0,0.0,0,406.12,0.0,1,6.67,0.04,SPY210409P00372500,372.5,0,0.0,0.0,,0.0,normalDay
2021-04-07,7414.0,665.0,0.0,0,406.59,0.0,1,6.67,0.02,SPY210409P00372500,372.5,0,0.0,0.0,,0.0,normalDay
2021-04-08,7414.0,666.0,0.0,0,408.52,0.0,1,6.67,0.01,SPY210409P00372500,372.5,0,0.0,0.0,,0.0,normalDay
2021-04-09,8081.0,0.0,667.0,0,411.49,0.0,1,6.67,0.0,SPY210409P00372500,372.5,0,0.0,0.0,,0.0,expirationDay
2021-04-12,8081.0,-4.0,0.0,0,411.64,0.0,1,0.91,0.95,SPY210514P00372500,372.5,0,0.0,0.0,,0.0,normalDay
2021-04-13,8081.0,11.0,0.0,0,412.86,0.0,1,0.91,0.8,SPY210514P00372500,372.5,0,0.0,0.0,,0.0,normalDay
2021-04-14,8081.0,5.0,0.0,0,411.45,0.0,1,0.91,0.86,SPY210514P00372500,372.5,0,0.0,0.0,,0.0,normalDay
2021-04-15,8081.0,24.0,0.0,0,415.87,0.0,1,0.91,0.67,SPY210514P00372500,372.5,0,0.0,0.0,,0.0,normalDay
2021-04-16,8081.0,31.0,0.0,0,417.26,0.0,1,0.91,0.6,SPY210514P00372500,372.5,0,0.0,0.0,,0.0,normalDay
2021-04-19,8081.0,30.0,0.0,0,415.21,0.0,1,0.91,0.61,SPY210514P00372500,372.5,0,0.0,0.0,,0.0,normalDay
2021-04-20,8081.0,10.0,0.0,0,412.17,0.0,1,0.91,0.81,SPY210514P00372500,372.5,0,0.0,0.0,,0.0,normalDay
2021-04-21,8081.0,41.0,0.0,0,416.07,0.0,1,0.91,0.5,SPY210514P00372500,372.5,0,0.0,0.0,,0.0,normalDay
2021-04-22,8081.0,22.0,0.0,0,412.27,0.0,1,0.91,0.69,SPY210514P00372500,372.5,0,0.0,0.0,,0.0,normalDay
2021-04-23,8081.0,53.0,0.0,0,416.74,0.0,1,0.91,0.38,SPY210514P00372500,372.5,0,0.0,0.0,,0.0,normalDay
2021-04-26,8081.0,63.0,0.0,0,417.61,0.0,1,0.91,0.28,SPY210514P00372500,372.5,0,0.0,0.0,,0.0,normalDay
2021-04-27,8081.0,66.0,0.0,0,417.52,0.0,1,0.91,0.25,SPY210514P00372500,372.5,0,0.0,0.0,,0.0,normalDay
2021-04-28,8081.0,72.0,0.0,0,417.4,0.0,1,0.91,0.19,SPY210514P00372500,372.5,0,0.0,0.0,,0.0,normalDay
2021-04-29,8081.0,73.0,0.0,0,420.06,0.0,1,0.91,0.18,SPY210514P00372500,372.5,0,0.0,0.0,,0.0,normalDay
2021-04-30,8081.0,67.0,0.0,0,417.3,0.0,1,0.91,0.24,SPY210514P00372500,372.5,0,0.0,0.0,,0.0,normalDay
2021-05-03,8081.0,74.0,0.0,0,418.2,0.0,1,0.91,0.17,SPY210514P00372500,372.5,0,0.0,0.0,,0.0,normalDay
2021-05-04,8081.0,73.0,0.0,0,415.62,0.0,1,0.91,0.18,SPY210514P00372500,372.5,0,0.0,0.0,,0.0,normalDay
2021-05-05,8081.0,75.0,0.0,0,415.75,0.0,1,0.91,0.16,SPY210514P00372500,372.5,0,0.0,0.0,,0.0,normalDay
2021-05-06,8081.0,80.0,0.0,0,419.07,0.0,1,0.91,0.11,SPY210514P00372500,372.5,0,0.0,0.0,,0.0,normalDay
2021-05-07,8081.0,82.0,0.0,0,422.12,0.0,1,0.91,0.09,SPY210514P00372500,372.5,0,0.0,0.0,,0.0,normalDay
2021-05-10,8081.0,82.0,0.0,0,417.94,0.0,1,0.91,0.09,SPY210514P00372500,372.5,0,0.0,0.0,,0.0,normalDay
2021-05-11,8081.0,83.0,0.0,0,414.21,0.0,1,0.91,0.08,SPY210514P00372500,372.5,0,0.0,0.0,,0.0,normalDay
2021-05-12,8081.0,68.0,0.0,0,405.41,0.0,1,0.91,0.23,SPY210514P00372500,372.5,0,0.0,0.0,,0.0,normalDay
2021-05-13,8081.0,90.0,0.0,0,410.28,0.0,1,0.91,0.01,SPY210514P00372500,372.5,0,0.0,0.0,,0.0,normalDay
2021-05-14,8172.0,0.0,91.0,0,416.58,0.0,1,0.91,0.0,SPY210514P00372500,372.5,0,0.0,0.0,,0.0,expirationDay
2021-05-17,8172.0,-4.0,0.0,0,415.52,0.0,1,4.91,4.95,SPY210618P00404000,404.0,0,0.0,0.0,,0.0,normalDay
2021-05-18,8172.0,-134.0,0.0,0,411.94,0.0,1,4.91,6.25,SPY210618P00404000,404.0,0,0.0,0.0,,0.0,normalDay
2021-05-19,8172.0,-164.0,0.0,0,410.86,0.0,1,4.91,6.55,SPY210618P00404000,404.0,0,0.0,0.0,,0.0,normalDay
2021-05-20,8172.0,6.0,0.0,0,415.28,0.0,1,4.91,4.85,SPY210618P00404000,404.0,0,0.0,0.0,,0.0,normalDay
2021-05-21,8172.0,40.0,0.0,0,414.94,0.0,1,4.91,4.51,SPY210618P00404000,404.0,0,0.0,0.0,,0.0,normalDay
2021-05-24,8172.0,204.0,0.0,0,419.17,0.0,1,4.91,2.87,SPY210618P00404000,404.0,0,0.0,0.0,,0.0,normalDay
2021-05-25,8172.0,189.0,0.0,0,418.24,0.0,1,4.91,3.02,SPY210618P00404000,404.0,0,0.0,0.0,,0.0,normalDay
2021-05-26,8172.0,251.0,0.0,0,419.07,0.0,1,4.91,2.4,SPY210618P00404000,404.0,0,0.0,0.0,,0.0,normalDay
2021-05-27,8172.0,291.0,0.0,0,419.29,0.0,1,4.91,2.0,SPY210618P00404000,404.0,0,0.0,0.0,,0.0,normalDay
2021-05-28,8172.0,310.0,0.0,0,420.04,0.0,1,4.91,1.81,SPY210618P00404000,404.0,0,0.0,0.0,,0.0,normalDay
2021-06-01,8172.0,313.0,0.0,0,419.67,0.0,1,4.91,1.78,SPY210618P00404000,404.0,0,0.0,0.0,,0.0,normalDay
2021-06-02,8172.0,348.0,0.0,0,420.33,0.0,1,4.91,1.43,SPY210618P00404000,404.0,0,0.0,0.0,,0.0,normalDay
2021-06-03,8172.0,330.0,0.0,0,418.77,0.0,1,4.91,1.61,SPY210618P00404000,404.0,0,0.0,0.0,,0.0,normalDay
2021-06-04,8172.0,404.0,0.0,0,422.6,0.0,1,4.91,0.87,SPY210618P00404000,404.0,0,0.0,0.0,,0.0,normalDay
2021-06-07,8172.0,429.0,0.0,0,422.19,0.0,1,4.91,0.62,SPY210618P00404000,404.0,0,0.0,0.0,,0.0,normalDay
2021-06-08,8172.0,419.0,0.0,0,422.28,0.0,1,4.91,0.72,SPY210618P00404000,404.0,0,0.0,0.0,,0.0,normalDay
2021-06-09,8172.0,408.0,0.0,0,421.65,0.0,1,4.91,0.83,SPY210618P00404000,404.0,0,0.0,0.0,,0.0,normalDay
2021-06-10,8172.0,453.0,0.0,0,423.61,0.0,1,4.91,0.38,SPY210618P00404000,404.0,0,0.0,0.0,,0.0,normalDay
2021-06-11,8172.0,462.0,0.0,0,424.31,0.0,1,4.91,0.29,SPY210618P00404000,404.0,0,0.0,0.0,,0.0,normalDay
2021-06-14,8172.0,474.0,0.0,0,425.26,0.0,1,4.91,0.17,SPY210618P00404000,404.0,0,0.0,0.0,,0.0,normalDay
2021-06-15,8172.0,470.0,0.0,0,424.48,0.0,1,4.91,0.21,SPY210618P00404000,404.0,0,0.0,0.0,,0.0,normalDay
2021-06-16,8172.0,463.0,0.0,0,422.11,0.0,1,4.91,0.28,SPY210618P00404000,404.0,0,0.0,0.0,,0.0,normalDay
2021-06-17,8172.0,480.0,0.0,0,421.97,0.0,1,4.91,0.11,SPY210618P00404000,404.0,0,0.0,0.0,,0.0,normalDay
2021-06-18,8663.0,0.0,491.0,0,414.92,0.0,1,4.91,0.0,SPY210618P00404000,404.0,0,0.0,0.0,,0.0,expirationDay
2021-06-21,8663.0,-4.0,0.0,0,420.86,0.0,1,4.3,4.34,SPY210723P00413000,413.0,0,0.0,0.0,,0.0,normalDay
2021-06-22,8663.0,80.0,0.0,0,423.11,0.0,1,4.3,3.5,SPY210723P00413000,413.0,0,0.0,0.0,,0.0,normalDay
2021-06-23,8663.0,95.0,0.0,0,422.6,0.0,1,4.3,3.35,SPY210723P00413000,413.0,0,0.0,0.0,,0.0,normalDay
2021-06-24,8663.0,157.0,0.0,0,425.1,0.0,1,4.3,2.73,SPY210723P00413000,413.0,0,0.0,0.0,,0.0,normalDay
2021-06-25,8663.0,210.0,0.0,0,426.61,0.0,1,4.3,2.2,SPY210723P00413000,413.0,0,0.0,0.0,,0.0,normalDay
2021-06-28,8663.0,237.0,0.0,0,427.47,0.0,1,4.3,1.93,SPY210723P00413000,413.0,0,0.0,0.0,,0.0,normalDay
2021-06-29,8663.0,245.0,0.0,0,427.7,0.0,1,4.3,1.85,SPY210723P00413000,413.0,0,0.0,0.0,,0.0,normalDay
2021-06-30,8663.0,267.0,0.0,0,428.06,0.0,1,4.3,1.63,SPY210723P00413000,413.0,0,0.0,0.0,,0.0,normalDay
2021-07-01,8663.0,290.0,0.0,0,430.43,0.0,1,4.3,1.4,SPY210723P00413000,413.0,0,0.0,0.0,,0.0,normalDay
2021-07-02,8663.0,330.0,0.0,0,433.72,0.0,1,4.3,1.0,SPY210723P00413000,413.0,0,0.0,0.0,,0.0,normalDay
2021-07-06,8663.0,327.0,0.0,0,432.93,0.0,1,4.3,1.03,SPY210723P00413000,413.0,0,0.0,0.0,,0.0,normalDay
2021-07-07,8663.0,349.0,0.0,0,434.46,0.0,1,4.3,0.81,SPY210723P00413000,413.0,0,0.0,0.0,,0.0,normalDay
2021-07-08,8663.0,278.0,0.0,0,430.92,0.0,1,4.3,1.52,SPY210723P00413000,413.0,0,0.0,0.0,,0.0,normalDay
2021-07-09,8663.0,367.0,0.0,0,435.52,0.0,1,4.3,0.63,SPY210723P00413000,413.0,0,0.0,0.0,,0.0,normalDay
2021-07-12,8663.0,390.0,0.0,0,437.08,0.0,1,4.3,0.4,SPY210723P00413000,413.0,0,0.0,0.0,,0.0,normalDay
2021-07-13,8663.0,382.0,0.0,0,435.59,0.0,1,4.3,0.48,SPY210723P00413000,413.0,0,0.0,0.0,,0.0,normalDay
2021-07-14,8663.0,403.0,0.0,0,436.24,0.0,1,4.3,0.27,SPY210723P00413000,413.0,0,0.0,0.0,,0.0,normalDay
2021-07-15,8663.0,399.0,0.0,0,434.75,0.0,1,4.3,0.31,SPY210723P00413000,413.0,0,0.0,0.0,,0.0,normalDay
2021-07-16,8663.0,393.0,0.0,0,431.34,0.0,1,4.3,0.37,SPY210723P00413000,413.0,0,0.0,0.0,,0.0,normalDay
2021-07-19,8663.0,343.0,0.0,0,424.97,0.0,1,4.3,0.87,SPY210723P00413000,413.0,0,0.0,0.0,,0.0,normalDay
2021-07-20,8663.0,415.0,0.0,0,431.06,0.0,1,4.3,0.15,SPY210723P00413000,413.0,0,0.0,0.0,,0.0,normalDay
2021-07-21,8663.0,427.0,0.0,0,434.55,0.0,1,4.3,0.03,SPY210723P00413000,413.0,0,0.0,0.0,,0.0,normalDay
2021-07-22,8663.0,428.0,0.0,0,435.46,0.0,1,4.3,0.02,SPY210723P00413000,413.0,0,0.0,0.0,,0.0,normalDay
2021-07-23,9093.0,0.0,430.0,0,439.94,0.0,1,4.3,0.0,SPY210723P00413000,413.0,0,0.0,0.0,,0.0,expirationDay
2021-07-26,9093.0,-4.0,0.0,0,441.02,0.0,1,2.61,2.65,SPY210827P00419000,419.0,0,0.0,0.0,,0.0,normalDay
2021-07-27,9093.0,-72.0,0.0,0,439.01,0.0,1,2.61,3.33,SPY210827P00419000,419.0,0,0.0,0.0,,0.0,normalDay
2021-07-28,9093.0,-31.0,0.0,0,438.83,0.0,1,2.61,2.92,SPY210827P00419000,419.0,0,0.0,0.0,,0.0,normalDay
2021-07-29,9093.0,26.0,0.0,0,440.65,0.0,1,2.61,2.35,SPY210827P00419000,419.0,0,0.0,0.0,,0.0,normalDay
2021-07-30,9093.0,4.0,0.0,0,438.51,0.0,1,2.61,2.57,SPY210827P00419000,419.0,0,0.0,0.0,,0.0,normalDay
2021-08-02,9093.0,-16.0,0.0,0,437.59,0.0,1,2.61,2.77,SPY210827P00419000,419.0,0,0.0,0.0,,0.0,normalDay
2021-08-03,9093.0,71.0,0.0,0,441.15,0.0,1,2.61,1.9,SPY210827P00419000,419.0,0,0.0,0.0,,0.0,normalDay
2021-08-04,9093.0,63.0,0.0,0,438.98,0.0,1,2.61,1.98,SPY210827P00419000,419.0,0,0.0,0.0,,0.0,normalDay
2021-08-05,9093.0,108.0,0.0,0,441.76,0.0,1,2.61,1.53,SPY210827P00419000,419.0,0,0.0,0.0,,0.0,normalDay
2021-08-06,9093.0,146.0,0.0,0,442.49,0.0,1,2.61,1.15,SPY210827P00419000,419.0,0,0.0,0.0,,0.0,normalDay
2021-08-09,9093.0,158.0,0.0,0,442.13,0.0,1,2.61,1.03,SPY210827P00419000,419.0,0,0.0,0.0,,0.0,normalDay
2021-08-10,9093.0,161.0,0.0,0,442.68,0.0,1,2.61,1.0,SPY210827P00419000,419.0,0,0.0,0.0,,0.0,normalDay
2021-08-11,9093.0,190.0,0.0,0,443.78,0.0,1,2.61,0.71,SPY210827P00419000,419.0,0,0.0,0.0,,0.0,normalDay
2021-08-12,9093.0,208.0,0.0,0,445.11,0.0,1,2.61,0.53,SPY210827P00419000,419.0,0,0.0,0.0,,0.0,normalDay
2021-08-13,9093.0,219.0,0.0,0,445.92,0.0,1,2.61,0.42,SPY210827P00419000,419.0,0,0.0,0.0,,0.0,normalDay
2021-08-16,9093.0,227.0,0.0,0,446.97,0.0,1,2.61,0.34,SPY210827P00419000,419.0,0,0.0,0.0,,0.0,normalDay
2021-08-17,9093.0,203.0,0.0,0,444.04,0.0,1,2.61,0.58,SPY210827P00419000,419.0,0,0.0,0.0,,0.0,normalDay
2021-08-18,9093.0,136.0,0.0,0,439.18,0.0,1,2.61,1.25,SPY210827P00419000,419.0,0,0.0,0.0,,0.0,normalDay
2021-08-19,9093.0,163.0,0.0,0,439.86,0.0,1,2.61,0.98,SPY210827P00419000,419.0,0,0.0,0.0,,0.0,normalDay
2021-08-20,9093.0,241.0,0.0,0,443.36,0.0,1,2.61,0.2,SPY210827P00419000,419.0,0,0.0,0.0,,0.0,normalDay
2021-08-23,9093.0,253.0,0.0,0,447.26,0.0,1,2.61,0.08,SPY210827P00419000,419.0,0,0.0,0.0,,0.0,normalDay
2021-08-24,9093.0,255.0,0.0,0,447.97,0.0,1,2.61,0.06,SPY210827P00419000,419.0,0,0.0,0.0,,0.0,normalDay
2021-08-25,9093.0,258.0,0.0,0,448.91,0.0,1,2.61,0.03,SPY210827P00419000,419.0,0,0.0,0.0,,0.0,normalDay
2021-08-26,9093.0,257.0,0.0,0,446.26,0.0,1,2.61,0.04,SPY210827P00419000,419.0,0,0.0,0.0,,0.0,normalDay
2021-08-27,9354.0,0.0,261.0,0,450.25,0.0,1,2.61,0.0,SPY210827P00419000,419.0,0,0.0,0.0,,0.0,expirationDay
2021-08-30,9354.0,-4.0,0.0,0,452.23,0.0,1,2.66,2.7,SPY211001P00432500,432.5,0,0.0,0.0,,0.0,normalDay
2021-08-31,9354.0,-4.0,0.0,0,451.56,0.0,1,2.66,2.7,SPY211001P00432500,432.5,0,0.0,0.0,,0.0,normalDay
2021-09-01,9354.0,19.0,0.0,0,451.8,0.0,1,2.66,2.47,SPY211001P00432500,432.5,0,0.0,0.0,,0.0,normalDay
2021-09-02,9354.0,35.0,0.0,0,453.19,0.0,1,2.66,2.31,SPY211001P00432500,432.5,0,0.0,0.0,,0.0,normalDay
2021-09-03,9354.0,43.0,0.0,0,453.08,0.0,1,2.66,2.23,SPY211001P00432500,432.5,0,0.0,0.0,,0.0,normalDay
2021-09-07,9354.0,22.0,0.0,0,451.46,0.0,1,2.66,2.44,SPY211001P00432500,432.5,0,0.0,0.0,,0.0,normalDay
2021-09-08,9354.0,27.0,0.0,0,450.91,0.0,1,2.66,2.39,SPY211001P00432500,432.5,0,0.0,0.0,,0.0,normalDay
2021-09-09,9354.0,-19.0,0.0,0,448.98,0.0,1,2.66,2.85,SPY211001P00432500,432.5,0,0.0,0.0,,0.0,normalDay
2021-09-10,9354.0,-111.0,0.0,0,445.44,0.0,1,2.66,3.77,SPY211001P00432500,432.5,0,0.0,0.0,,0.0,normalDay
2021-09-13,9354.0,-17.0,0.0,0,446.58,0.0,1,2.66,2.83,SPY211001P00432500,432.5,0,0.0,0.0,,0.0,normalDay
2021-09-14,9354.0,-52.0,0.0,0,444.17,0.0,1,2.66,3.18,SPY211001P00432500,432.5,0,0.0,0.0,,0.0,normalDay
2021-09-15,9354.0,71.0,0.0,0,447.88,0.0,1,2.66,1.95,SPY211001P00432500,432.5,0,0.0,0.0,,0.0,normalDay
2021-09-16,9354.0,65.0,0.0,0,447.17,0.0,1,2.66,2.01,SPY211001P00432500,432.5,0,0.0,0.0,,0.0,normalDay
2021-09-17,9354.0,-38.0,0.0,0,441.4,0.0,1,2.66,3.04,SPY211001P00432500,432.5,0,0.0,0.0,,0.0,normalDay
2021-09-20,9354.0,-335.0,0.0,0,434.04,0.0,1,2.66,6.01,SPY211001P00432500,432.5,0,0.0,0.0,,0.0,normalDay
2021-09-21,9354.0,-299.0,0.0,0,433.63,0.0,1,2.66,5.65,SPY211001P00432500,432.5,0,0.0,0.0,,0.0,normalDay
2021-09-22,9354.0,-20.0,0.0,0,437.86,0.0,1,2.66,2.86,SPY211001P00432500,432.5,0,0.0,0.0,,0.0,normalDay
2021-09-23,9354.0,144.0,0.0,0,443.18,0.0,1,2.66,1.22,SPY211001P00432500,432.5,0,0.0,0.0,,0.0,normalDay
2021-09-24,9354.0,188.0,0.0,0,443.91,0.0,1,2.66,0.78,SPY211001P00432500,432.5,0,0.0,0.0,,0.0,normalDay
2021-09-27,9354.0,208.0,0.0,0,442.64,0.0,1,2.66,0.58,SPY211001P00432500,432.5,0,0.0,0.0,,0.0,normalDay
2021-09-28,9354.0,-35.0,0.0,0,433.72,0.0,1,2.66,3.01,SPY211001P00432500,432.5,0,0.0,0.0,,0.0,normalDay
2021-09-29,9354.0,74.0,0.0,0,434.45,0.0,1,2.66,1.92,SPY211001P00432500,432.5,0,0.0,0.0,,0.0,normalDay
2021-09-30,9354.0,-99.0,0.0,0,429.14,0.0,1,2.66,3.65,SPY211001P00432500,432.5,0,0.0,0.0,,0.0,normalDay
2021-10-01,9620.0,0.0,266.0,0,434.24,0.0,1,2.66,0.0,SPY211001P00432500,432.5,0,0.0,0.0,,0.0,expirationDay
2021-10-04,9620.0,-7.0,0.0,0,428.64,0.0,1,6.4,6.47,SPY211105P00417000,417.0,0,0.0,0.0,,0.0,normalDay
2021-10-05,9620.0,154.0,0.0,0,433.1,0.0,1,6.4,4.86,SPY211105P00417000,417.0,0,0.0,0.0,,0.0,normalDay
2021-10-06,9620.0,206.0,0.0,0,434.9,0.0,1,6.4,4.34,SPY211105P00417000,417.0,0,0.0,0.0,,0.0,normalDay
2021-10-07,9620.0,331.0,0.0,0,438.66,0.0,1,6.4,3.09,SPY211105P00417000,417.0,0,0.0,0.0,,0.0,normalDay
2021-10-08,9620.0,341.0,0.0,0,437.86,0.0,1,6.4,2.99,SPY211105P00417000,417.0,0,0.0,0.0,,0.0,normalDay
2021-10-11,9620.0,298.0,0.0,0,434.69,0.0,1,6.4,3.42,SPY211105P00417000,417.0,0,0.0,0.0,,0.0,normalDay
2021-10-12,9620.0,293.0,0.0,0,433.62,0.0,1,6.4,3.47,SPY211105P00417000,417.0,0,0.0,0.0,,0.0,normalDay
2021-10-13,9620.0,391.0,0.0,0,435.18,0.0,1,6.4,2.49,SPY211105P00417000,417.0,0,0.0,0.0,,0.0,normalDay
2021-10-14,9620.0,513.0,0.0,0,442.5,0.0,1,6.4,1.27,SPY211105P00417000,417.0,0,0.0,0.0,,0.0,normalDay
2021-10-15,9620.0,548.0,0.0,0,445.87,0.0,1,6.4,0.92,SPY211105P00417000,417.0,0,0.0,0.0,,0.0,normalDay
2021-10-18,9620.0,572.0,0.0,0,447.19,0.0,1,6.4,0.68,SPY211105P00417000,417.0,0,0.0,0.0,,0.0,normalDay
2021-10-19,9620.0,594.0,0.0,0,450.64,0.0,1,6.4,0.46,SPY211105P00417000,417.0,0,0.0,0.0,,0.0,normalDay
2021-10-20,9620.0,602.0,0.0,0,452.41,0.0,1,6.4,0.38,SPY211105P00417000,417.0,0,0.0,0.0,,0.0,normalDay
2021-10-21,9620.0,612.0,0.0,0,453.59,0.0,1,6.4,0.28,SPY211105P00417000,417.0,0,0.0,0.0,,0.0,normalDay
2021-10-22,9620.0,613.0,0.0,0,453.12,0.0,1,6.4,0.27,SPY211105P00417000,417.0,0,0.0,0.0,,0.0,normalDay
2021-10-25,9620.0,623.0,0.0,0,455.55,0.0,1,6.4,0.17,SPY211105P00417000,417.0,0,0.0,0.0,,0.0,normalDay
2021-10-26,9620.0,621.0,0.0,0,455.96,0.0,1,6.4,0.19,SPY211105P00417000,417.0,0,0.0,0.0,,0.0,normalDay
2021-10-27,9620.0,621.0,0.0,0,453.94,0.0,1,6.4,0.19,SPY211105P00417000,417.0,0,0.0,0.0,,0.0,normalDay
2021-10-28,9620.0,628.0,0.0,0,458.32,0.0,1,6.4,0.12,SPY211105P00417000,417.0,0,0.0,0.0,,0.0,normalDay
2021-10-29,9620.0,633.0,0.0,0,459.25,0.0,1,6.4,0.07,SPY211105P00417000,417.0,0,0.0,0.0,,0.0,normalDay
2021-11-01,9620.0,636.0,0.0,0,460.04,0.0,1,6.4,0.04,SPY211105P00417000,417.0,0,0.0,0.0,,0.0,normalDay
2021-11-02,9620.0,637.0,0.0,0,461.9,0.0,1,6.4,0.03,SPY211105P00417000,417.0,0,0.0,0.0,,0.0,normalDay
2021-11-03,9620.0,638.0,0.0,0,464.72,0.0,1,6.4,0.02,SPY211105P00417000,417.0,0,0.0,0.0,,0.0,normalDay
2021-11-04,9620.0,639.0,0.0,0,466.91,0.0,1,6.4,0.01,SPY211105P00417000,417.0,0,0.0,0.0,,0.0,normalDay
2021-11-05,10260.0,0.0,640.0,0,468.53,0.0,1,6.4,0.0,SPY211105P00417000,417.0,0,0.0,0.0,,0.0,expirationDay
2021-11-08,10260.0,-4.0,0.0,0,468.93,0.0,1,1.11,1.15,SPY211210P00421000,421.0,0,0.0,0.0,,0.0,normalDay
2021-11-09,10260.0,-10.0,0.0,0,467.38,0.0,1,1.11,1.21,SPY211210P00421000,421.0,0,0.0,0.0,,0.0,normalDay
2021-11-10,10260.0,-32.0,0.0,0,463.62,0.0,1,1.11,1.43,SPY211210P00421000,421.0,0,0.0,0.0,,0.0,normalDay
2021-11-11,10260.0,0.0,0.0,0,463.77,0.0,1,1.11,1.11,SPY211210P00421000,421.0,0,0.0,0.0,,0.0,normalDay
2021-11-12,10260.0,34.0,0.0,0,467.27,0.0,1,1.11,0.77,SPY211210P00421000,421.0,0,0.0,0.0,,0.0,normalDay
2021-11-15,10260.0,47.0,0.0,0,467.43,0.0,1,1.11,0.64,SPY211210P00421000,421.0,0,0.0,0.0,,0.0,normalDay
2021-11-16,10260.0,56.0,0.0,0,469.28,0.0,1,1.11,0.55,SPY211210P00421000,421.0,0,0.0,0.0,,0.0,normalDay
2021-11-17,10260.0,52.0,0.0,0,468.14,0.0,1,1.11,0.59,SPY211210P00421000,421.0,0,0.0,0.0,,0.0,normalDay
2021-11-18,10260.0,55.0,0.0,0,469.73,0.0,1,1.11,0.56,SPY211210P00421000,421.0,0,0.0,0.0,,0.0,normalDay
2021-11-19,10260.0,50.0,0.0,0,468.89,0.0,1,1.11,0.61,SPY211210P00421000,421.0,0,0.0,0.0,,0.0,normalDay
2021-11-22,10260.0,51.0,0.0,0,467.57,0.0,1,1.11,0.6,SPY211210P00421000,421.0,0,0.0,0.0,,0.0,normalDay
2021-11-23,10260.0,53.0,0.0,0,468.19,0.0,1,1.11,0.58,SPY211210P00421000,421.0,0,0.0,0.0,,0.0,normalDay
2021-11-24,10260.0,66.0,0.0,0,469.44,0.0,1,1.11,0.45,SPY211210P00421000,421.0,0,0.0,0.0,,0.0,normalDay
2021-11-26,10260.0,-150.0,0.0,0,458.97,0.0,1,1.11,2.61,SPY211210P00421000,421.0,0,0.0,0.0,,0.0,normalDay
2021-11-29,10260.0,55.0,0.0,0,464.6,0.0,1,1.11,0.56,SPY211210P00421000,421.0,0,0.0,0.0,,0.0,normalDay
2021-11-30,10260.0,-3.0,0.0,0,455.56,0.0,1,1.11,1.14,SPY211210P00421000,421.0,0,0.0,0.0,,0.0,normalDay
2021-12-01,10260.0,-82.0,0.0,0,450.5,0.0,1,1.11,1.93,SPY211210P00421000,421.0,0,0.0,0.0,,0.0,normalDay
2021-12-02,10260.0,32.0,0.0,0,457.4,0.0,1,1.11,0.79,SPY211210P00421000,421.0,0,0.0,0.0,,0.0,normalDay
2021-12-03,10260.0,0.0,0.0,0,453.42,0.0,1,1.11,1.11,SPY211210P00421000,421.0,0,0.0,0.0,,0.0,normalDay
2021-12-06,10260.0,87.0,0.0,0,458.79,0.0,1,1.11,0.24,SPY211210P00421000,421.0,0,0.0,0.0,,0.0,normalDay
2021-12-07,10260.0,105.0,0.0,0,468.28,0.0,1,1.11,0.06,SPY211210P00421000,421.0,0,0.0,0.0,,0.0,normalDay
2021-12-08,10260.0,109.0,0.0,0,469.52,0.0,1,1.11,0.02,SPY211210P00421000,421.0,0,0.0,0.0,,0.0,normalDay
2021-12-09,10260.0,110.0,0.0,0,466.35,0.0,1,1.11,0.01,SPY211210P00421000,421.0,0,0.0,0.0,,0.0,normalDay
2021-12-10,10371.0,0.0,111.0,0,470.74,0.0,1,1.11,0.0,SPY211210P00421000,421.0,0,0.0,0.0,,0.0,expirationDay
2021-12-13,10371.0,-4.0,0.0,0,466.57,0.0,1,3.94,3.98,SPY220114P00444000,444.0,0,0.0,0.0,,0.0,normalDay
2021-12-14,10371.0,-92.0,0.0,0,463.36,0.0,1,3.94,4.86,SPY220114P00444000,444.0,0,0.0,0.0,,0.0,normalDay
2021-12-15,10371.0,110.0,0.0,0,470.6,0.0,1,3.94,2.84,SPY220114P00444000,444.0,0,0.0,0.0,,0.0,normalDay
2021-12-16,10371.0,35.0,0.0,0,466.45,0.0,1,3.94,3.59,SPY220114P00444000,444.0,0,0.0,0.0,,0.0,normalDay
2021-12-17,10371.0,-81.0,0.0,0,459.87,0.0,1,3.94,4.75,SPY220114P00444000,444.0,0,0.0,0.0,,0.0,normalDay
2021-12-20,10371.0,-198.0,0.0,0,454.98,0.0,1,3.94,5.92,SPY220114P00444000,444.0,0,0.0,0.0,,0.0,normalDay
2021-12-21,10371.0,39.0,0.0,0,463.06,0.0,1,3.94,3.55,SPY220114P00444000,444.0,0,0.0,0.0,,0.0,normalDay
2021-12-22,10371.0,182.0,0.0,0,467.69,0.0,1,3.94,2.12,SPY220114P00444000,444.0,0,0.0,0.0,,0.0,normalDay
2021-12-23,10371.0,242.0,0.0,0,470.6,0.0,1,3.94,1.52,SPY220114P00444000,444.0,0,0.0,0.0,,0.0,normalDay
2021-12-27,10371.0,316.0,0.0,0,477.26,0.0,1,3.94,0.78,SPY220114P00444000,444.0,0,0.0,0.0,,0.0,normalDay
2021-12-28,10371.0,322.0,0.0,0,476.87,0.0,1,3.94,0.72,SPY220114P00444000,444.0,0,0.0,0.0,,0.0,normalDay
2021-12-29,10371.0,343.0,0.0,0,477.48,0.0,1,3.94,0.51,SPY220114P00444000,444.0,0,0.0,0.0,,0.0,normalDay
2021-12-30,10371.0,337.0,0.0,0,476.16,0.0,1,3.94,0.57,SPY220114P00444000,444.0,0,0.0,0.0,,0.0,normalDay
2021-12-31,10371.0,347.0,0.0,0,474.96,0.0,1,3.94,0.47,SPY220114P00444000,444.0,0,0.0,0.0,,0.0,normalDay
2022-01-03,10371.0,370.0,0.0,0,477.71,0.0,1,3.94,0.24,SPY220114P00444000,444.0,0,0.0,0.0,,0.0,normalDay
2022-01-04,10371.0,372.0,0.0,0,477.55,0.0,1,3.94,0.22,SPY220114P00444000,444.0,0,0.0,0.0,,0.0,normalDay
2022-01-05,10371.0,326.0,0.0,0,468.38,0.0,1,3.94,0.68,SPY220114P00444000,444.0,0,0.0,0.0,,0.0,normalDay
2022-01-06,10371.0,349.0,0.0,0,467.94,0.0,1,3.94,0.45,SPY220114P00444000,444.0,0,0.0,0.0,,0.0,normalDay
2022-01-07,10371.0,373.0,0.0,0,466.09,0.0,1,3.94,0.21,SPY220114P00444000,444.0,0,0.0,0.0,,0.0,normalDay
2022-01-10,10371.0,371.0,0.0,0,465.51,0.0,1,3.94,0.23,SPY220114P00444000,444.0,0,0.0,0.0,,0.0,normalDay
2022-01-11,10371.0,385.0,0.0,0,469.75,0.0,1,3.94,0.09,SPY220114P00444000,444.0,0,0.0,0.0,,0.0,normalDay
2022-01-12,10371.0,391.0,0.0,0,471.02,0.0,1,3.94,0.03,SPY220114P00444000,444.0,0,0.0,0.0,,0.0,normalDay
2022-01-13,10371.0,390.0,0.0,0,464.53,0.0,1,3.94,0.04,SPY220114P00444000,444.0,0,0.0,0.0,,0.0,normalDay
2022-01-14,10765.0,0.0,394.0,0,464.72,0.0,1,3.94,0.0,SPY220114P00444000,444.0,0,0.0,0.0,,0.0,expirationDay
2022-01-18,10765.0,-5.0,0.0,0,456.49,0.0,1,7.45,7.5,SPY220218P00447000,447.0,0,0.0,0.0,,0.0,normalDay
2022-01-19,10765.0,-133.0,0.0,0,451.75,0.0,1,7.45,8.78,SPY220218P00447000,447.0,0,0.0,0.0,,0.0,normalDay
2022-01-20,10765.0,-383.0,0.0,0,446.75,0.0,1,7.45,11.28,SPY220218P00447000,447.0,0,0.0,0.0,,0.0,normalDay
2022-01-21,10765.0,-868.0,0.0,0,437.98,0.0,1,7.45,16.13,SPY220218P00447000,447.0,0,0.0,0.0,,0.0,normalDay
2022-01-24,10765.0,-841.0,0.0,0,439.84,0.0,1,7.45,15.86,SPY220218P00447000,447.0,0,0.0,0.0,,0.0,normalDay
2022-01-25,10765.0,-1193.0,0.0,0,434.47,0.0,1,7.45,19.38,SPY220218P00447000,447.0,0,0.0,0.0,,0.0,normalDay
2022-01-26,10765.0,-1181.0,0.0,0,433.38,0.0,1,7.45,19.26,SPY220218P00447000,447.0,0,0.0,0.0,,0.0,normalDay
2022-01-27,10765.0,-1199.0,0.0,0,431.24,0.0,1,7.45,19.44,SPY220218P00447000,447.0,0,0.0,0.0,,0.0,normalDay
2022-01-28,10765.0,-506.0,0.0,0,441.95,0.0,1,7.45,12.51,SPY220218P00447000,447.0,0,0.0,0.0,,0.0,normalDay
2022-01-31,10765.0,-34.0,0.0,0,449.91,0.0,1,7.45,7.79,SPY220218P00447000,447.0,0,0.0,0.0,,0.0,normalDay
2022-02-01,10765.0,235.0,0.0,0,452.95,0.0,1,7.45,5.1,SPY220218P00447000,447.0,0,0.0,0.0,,0.0,normalDay
2022-02-02,10765.0,320.0,0.0,0,457.35,0.0,1,7.45,4.25,SPY220218P00447000,447.0,0,0.0,0.0,,0.0,normalDay
2022-02-03,10765.0,71.0,0.0,0,446.6,0.0,1,7.45,6.74,SPY220218P00447000,447.0,0,0.0,0.0,,0.0,normalDay
2022-02-04,10765.0,68.0,0.0,0,448.7,0.0,1,7.45,6.77,SPY220218P00447000,447.0,0,0.0,0.0,,0.0,normalDay
2022-02-07,10765.0,152.0,0.0,0,447.26,0.0,1,7.45,5.93,SPY220218P00447000,447.0,0,0.0,0.0,,0.0,normalDay
2022-02-08,10765.0,352.0,0.0,0,450.94,0.0,1,7.45,3.93,SPY220218P00447000,447.0,0,0.0,0.0,,0.0,normalDay
2022-02-09,10765.0,548.0,0.0,0,457.54,0.0,1,7.45,1.97,SPY220218P00447000,447.0,0,0.0,0.0,,0.0,normalDay
2022-02-10,10765.0,239.0,0.0,0,449.32,0.0,1,7.45,5.06,SPY220218P00447000,447.0,0,0.0,0.0,,0.0,normalDay
2022-02-11,10765.0,-211.0,0.0,0,440.46,0.0,1,7.45,9.56,SPY220218P00447000,447.0,0,0.0,0.0,,0.0,normalDay
2022-02-14,10765.0,-224.0,0.0,0,439.02,0.0,1,7.45,9.69,SPY220218P00447000,447.0,0,0.0,0.0,,0.0,normalDay
2022-02-15,10765.0,250.0,0.0,0,446.1,0.0,1,7.45,4.95,SPY220218P00447000,447.0,0,0.0,0.0,,0.0,normalDay
2022-02-16,10765.0,418.0,0.0,0,446.6,0.0,1,7.45,3.27,SPY220218P00447000,447.0,0,0.0,0.0,,0.0,normalDay
2022-02-17,10765.0,-275.0,0.0,0,437.06,0.0,1,7.45,10.2,SPY220218P00447000,447.0,0,0.0,0.0,,0.0,normalDay
2022-02-18,11510.0,-1277.0,745.0,100,434.23,447.0,1,7.45,0.0,SPY220218P00447000,447.0,0,0.0,0.0,,0.0,expirationDay
2022-02-22,11510.0,-1819.0,0.0,100,429.57,447.0,0,0.0,0.0,,0.0,1,13.46,14.22,SPY220630C00446000,446.0,normalDay
2022-02-23,11510.0,-2251.0,0.0,100,421.95,447.0,0,0.0,0.0,,0.0,1,13.46,10.92,SPY220630C00446000,446.0,normalDay
2022-02-24,11510.0,-1765.0,0.0,100,428.3,447.0,0,0.0,0.0,,0.0,1,13.46,12.41,SPY220630C00446000,446.0,normalDay
2022-02-25,11510.0,-1267.0,0.0,100,437.75,447.0,0,0.0,0.0,,0.0,1,13.46,16.88,SPY220630C00446000,446.0,normalDay
2022-02-28,11510.0,-1373.0,0.0,100,436.63,447.0,0,0.0,0.0,,0.0,1,13.46,16.82,SPY220630C00446000,446.0,normalDay
2022-03-01,11510.0,-1893.0,0.0,100,429.98,447.0,0,0.0,0.0,,0.0,1,13.46,15.37,SPY220630C00446000,446.0,normalDay
2022-03-02,11510.0,-1360.0,0.0,100,437.89,447.0,0,0.0,0.0,,0.0,1,13.46,17.95,SPY220630C00446000,446.0,normalDay
2022-03-03,11510.0,-1490.0,0.0,100,435.71,447.0,0,0.0,0.0,,0.0,1,13.46,17.07,SPY220630C00446000,446.0,normalDay
2022-03-04,11510.0,-1694.0,0.0,100,432.17,447.0,0,0.0,0.0,,0.0,1,13.46,15.57,SPY220630C00446000,446.0,normalDay
2022-03-07,11510.0,-2497.0,0.0,100,419.43,447.0,0,0.0,0.0,,0.0,1,13.46,10.86,SPY220630C00446000,446.0,normalDay
2022-03-08,11510.0,-2658.0,0.0,100,416.25,447.0,0,0.0,0.0,,0.0,1,13.46,9.29,SPY220630C00446000,446.0,normalDay
2022-03-09,11510.0,-2033.0,0.0,100,427.41,447.0,0,0.0,0.0,,0.0,1,13.46,14.2,SPY220630C00446000,446.0,normalDay
2022-03-10,11510.0,-1953.0,0.0,100,425.48,447.0,0,0.0,0.0,,0.0,1,13.46,11.47,SPY220630C00446000,446.0,normalDay
2022-03-11,11510.0,-2302.0,0.0,100,420.07,447.0,0,0.0,0.0,,0.0,1,13.46,9.55,SPY220630C00446000,446.0,normalDay
2022-03-14,11510.0,-2519.0,0.0,100,417.0,447.0,0,0.0,0.0,,0.0,1,13.46,8.65,SPY220630C00446000,446.0,normalDay
2022-03-15,11510.0,-1861.0,0.0,100,426.17,447.0,0,0.0,0.0,,0.0,1,13.46,11.24,SPY220630C00446000,446.0,normalDay
2022-03-16,11510.0,-1208.0,0.0,100,435.62,447.0,0,0.0,0.0,,0.0,1,13.46,14.16,SPY220630C00446000,446.0,normalDay
2022-03-17,11510.0,-842.0,0.0,100,441.07,447.0,0,0.0,0.0,,0.0,1,13.46,15.95,SPY220630C00446000,446.0,normalDay
2022-03-18,11510.0,-743.0,0.0,100,444.52,447.0,0,0.0,0.0,,0.0,1,13.46,18.41,SPY220630C00446000,446.0,normalDay
2022-03-21,11510.0,-728.0,0.0,100,444.39,447.0,0,0.0,0.0,,0.0,1,13.46,18.13,SPY220630C00446000,446.0,normalDay
2022-03-22,11510.0,-456.0,0.0,100,449.59,447.0,0,0.0,0.0,,0.0,1,13.46,20.61,SPY220630C00446000,446.0,normalDay
2022-03-23,11510.0,-695.0,0.0,100,443.8,447.0,0,0.0,0.0,,0.0,1,13.46,17.21,SPY220630C00446000,446.0,normalDay
2022-03-24,11510.0,-408.0,0.0,100,450.49,447.0,0,0.0,0.0,,0.0,1,13.46,21.03,SPY220630C00446000,446.0,normalDay
2022-03-25,11510.0,-295.0,0.0,100,452.69,447.0,0,0.0,0.0,,0.0,1,13.46,22.1,SPY220630C00446000,446.0,normalDay
2022-03-28,11510.0,-161.0,0.0,100,455.91,447.0,0,0.0,0.0,,0.0,1,13.46,23.98,SPY220630C00446000,446.0,normalDay
2022-03-29,11510.0,6.0,0.0,100,461.55,447.0,0,0.0,0.0,,0.0,1,13.46,27.95,SPY220630C00446000,446.0,normalDay
2022-03-30,11510.0,-76.0,0.0,100,458.7,447.0,0,0.0,0.0,,0.0,1,13.46,25.92,SPY220630C00446000,446.0,normalDay
2022-03-31,11510.0,-440.0,0.0,100,451.64,447.0,0,0.0,0.0,,0.0,1,13.46,22.5,SPY220630C00446000,446.0,normalDay
2022-04-01,11510.0,-193.0,0.0,100,452.92,447.0,0,0.0,0.0,,0.0,1,13.46,21.31,SPY220630C00446000,446.0,normalDay
2022-04-04,11510.0,17.0,0.0,100,456.8,447.0,0,0.0,0.0,,0.0,1,13.46,23.09,SPY220630C00446000,446.0,normalDay
2022-04-05,11510.0,-278.0,0.0,100,451.03,447.0,0,0.0,0.0,,0.0,1,13.46,20.27,SPY220630C00446000,446.0,normalDay
2022-04-06,11510.0,-417.0,0.0,100,446.52,447.0,0,0.0,0.0,,0.0,1,13.46,17.15,SPY220630C00446000,446.0,normalDay
2022-04-07,11510.0,-307.0,0.0,100,448.77,447.0,0,0.0,0.0,,0.0,1,13.46,18.3,SPY220630C00446000,446.0,normalDay
2022-04-08,11510.0,-329.0,0.0,100,447.57,447.0,0,0.0,0.0,,0.0,1,13.46,17.32,SPY220630C00446000,446.0,normalDay
2022-04-11,11510.0,-691.0,0.0,100,439.92,447.0,0,0.0,0.0,,0.0,1,13.46,13.29,SPY220630C00446000,446.0,normalDay
2022-04-12,11510.0,-767.0,0.0,100,438.29,447.0,0,0.0,0.0,,0.0,1,13.46,12.42,SPY220630C00446000,446.0,normalDay
2022-04-13,11510.0,-412.0,0.0,100,443.31,447.0,0,0.0,0.0,,0.0,1,13.46,13.89,SPY220630C00446000,446.0,normalDay
2022-04-14,11510.0,-706.0,0.0,100,437.79,447.0,0,0.0,0.0,,0.0,1,13.46,11.31,SPY220630C00446000,446.0,normalDay
2022-04-18,11510.0,-703.0,0.0,100,437.97,447.0,0,0.0,0.0,,0.0,1,13.46,11.46,SPY220630C00446000,446.0,normalDay
2022-04-19,11510.0,-183.0,0.0,100,445.04,447.0,0,0.0,0.0,,0.0,1,13.46,13.33,SPY220630C00446000,446.0,normalDay
2022-04-20,11510.0,-318.0,0.0,100,444.71,447.0,0,0.0,0.0,,0.0,1,13.46,14.35,SPY220630C00446000,446.0,normalDay
2022-04-21,11510.0,-614.0,0.0,100,438.06,447.0,0,0.0,0.0,,0.0,1,13.46,10.66,SPY220630C00446000,446.0,normalDay
2022-04-22,11510.0,-1414.0,0.0,100,426.04,447.0,0,0.0,0.0,,0.0,1,13.46,6.64,SPY220630C00446000,446.0,normalDay
2022-04-25,11510.0,-1233.0,0.0,100,428.51,447.0,0,0.0,0.0,,0.0,1,13.46,7.3,SPY220630C00446000,446.0,normalDay
2022-04-26,11510.0,-2160.0,0.0,100,416.1,447.0,0,0.0,0.0,,0.0,1,13.46,4.16,SPY220630C00446000,446.0,normalDay
2022-04-27,11510.0,-2084.0,0.0,100,417.27,447.0,0,0.0,0.0,,0.0,1,13.46,4.57,SPY220630C00446000,446.0,normalDay
2022-04-28,11510.0,-1237.0,0.0,100,427.81,447.0,0,0.0,0.0,,0.0,1,13.46,6.64,SPY220630C00446000,446.0,normalDay
2022-04-29,11510.0,-2507.0,0.0,100,412.0,447.0,0,0.0,0.0,,0.0,1,13.46,3.53,SPY220630C00446000,446.0,normalDay
2022-05-02,11510.0,-2288.0,0.0,100,414.48,447.0,0,0.0,0.0,,0.0,1,13.46,3.82,SPY220630C00446000,446.0,normalDay
2022-05-03,11510.0,-2083.0,0.0,100,416.38,447.0,0,0.0,0.0,,0.0,1,13.46,3.67,SPY220630C00446000,446.0,normalDay
2022-05-04,11510.0,-1077.0,0.0,100,429.06,447.0,0,0.0,0.0,,0.0,1,13.46,6.29,SPY220630C00446000,446.0,normalDay
2022-05-05,11510.0,-2314.0,0.0,100,413.81,447.0,0,0.0,0.0,,0.0,1,13.46,3.41,SPY220630C00446000,446.0,normalDay
2022-05-06,11510.0,-2483.0,0.0,100,411.34,447.0,0,0.0,0.0,,0.0,1,13.46,2.63,SPY220630C00446000,446.0,normalDay
2022-05-09,11510.0,-3700.0,0.0,100,398.17,447.0,0,0.0,0.0,,0.0,1,13.46,1.63,SPY220630C00446000,446.0,normalDay
2022-05-10,11510.0,-3576.0,0.0,100,399.09,447.0,0,0.0,0.0,,0.0,1,13.46,1.31,SPY220630C00446000,446.0,normalDay
2022-05-11,11510.0,-4175.0,0.0,100,392.75,447.0,0,0.0,0.0,,0.0,1,13.46,0.96,SPY220630C00446000,446.0,normalDay
2022-05-12,11510.0,-4198.0,0.0,100,392.34,447.0,0,0.0,0.0,,0.0,1,13.46,0.78,SPY220630C00446000,446.0,normalDay
2022-05-13,11510.0,-3272.0,0.0,100,401.72,447.0,0,0.0,0.0,,0.0,1,13.46,0.9,SPY220630C00446000,446.0,normalDay
2022-05-16,11510.0,-3405.0,0.0,100,400.09,447.0,0,0.0,0.0,,0.0,1,13.46,0.6,SPY220630C00446000,446.0,normalDay
2022-05-17,11510.0,-2629.0,0.0,100,408.32,447.0,0,0.0,0.0,,0.0,1,13.46,1.07,SPY220630C00446000,446.0,normalDay
2022-05-18,11510.0,-4204.0,0.0,100,391.86,447.0,0,0.0,0.0,,0.0,1,13.46,0.36,SPY220630C00446000,446.0,normalDay
2022-05-19,11510.0,-4436.0,0.0,100,389.46,447.0,0,0.0,0.0,,0.0,1,13.46,0.28,SPY220630C00446000,446.0,normalDay
2022-05-20,11510.0,-4419.0,0.0,100,389.63,447.0,0,0.0,0.0,,0.0,1,13.46,0.28,SPY220630C00446000,446.0,normalDay
2022-05-23,11510.0,-3706.0,0.0,100,396.92,447.0,0,0.0,0.0,,0.0,1,13.46,0.44,SPY220630C00446000,446.0,normalDay
2022-05-24,11510.0,-4005.0,0.0,100,393.89,447.0,0,0.0,0.0,,0.0,1,13.46,0.4,SPY220630C00446000,446.0,normalDay
2022-05-25,11510.0,-3659.0,0.0,100,397.37,447.0,0,0.0,0.0,,0.0,1,13.46,0.42,SPY220630C00446000,446.0,normalDay
2022-05-26,11510.0,-2892.0,0.0,100,405.31,447.0,0,0.0,0.0,,0.0,1,13.46,0.69,SPY220630C00446000,446.0,normalDay
2022-05-27,11510.0,-1963.0,0.0,100,415.26,447.0,0,0.0,0.0,,0.0,1,13.46,1.35,SPY220630C00446000,446.0,normalDay
2022-05-31,11510.0,-2137.0,0.0,100,412.93,447.0,0,0.0,0.0,,0.0,1,13.46,0.76,SPY220630C00446000,446.0,normalDay
2022-06-01,11510.0,-2438.0,0.0,100,409.59,447.0,0,0.0,0.0,,0.0,1,13.46,0.43,SPY220630C00446000,446.0,normalDay
2022-06-02,11510.0,-1694.0,0.0,100,417.39,447.0,0,0.0,0.0,,0.0,1,13.46,0.79,SPY220630C00446000,446.0,normalDay
2022-06-03,11510.0,-2335.0,0.0,100,410.54,447.0,0,0.0,0.0,,0.0,1,13.46,0.35,SPY220630C00446000,446.0,normalDay
2022-06-06,11510.0,-2209.0,0.0,100,411.79,447.0,0,0.0,0.0,,0.0,1,13.46,0.34,SPY220630C00446000,446.0,normalDay
2022-06-07,11510.0,-1819.0,0.0,100,415.74,447.0,0,0.0,0.0,,0.0,1,13.46,0.39,SPY220630C00446000,446.0,normalDay
2022-06-08,11510.0,-2253.0,0.0,100,411.22,447.0,0,0.0,0.0,,0.0,1,13.46,0.21,SPY220630C00446000,446.0,normalDay
2022-06-09,11510.0,-3222.0,0.0,100,401.44,447.0,0,0.0,0.0,,0.0,1,13.46,0.12,SPY220630C00446000,446.0,normalDay
2022-06-10,11510.0,-4379.0,0.0,100,389.8,447.0,0,0.0,0.0,,0.0,1,13.46,0.05,SPY220630C00446000,446.0,normalDay
2022-06-13,11510.0,-5858.0,0.0,100,375.0,447.0,0,0.0,0.0,,0.0,1,13.46,0.04,SPY220630C00446000,446.0,normalDay
2022-06-14,11510.0,-5971.0,0.0,100,373.87,447.0,0,0.0,0.0,,0.0,1,13.46,0.04,SPY220630C00446000,446.0,normalDay
2022-06-15,11510.0,-5437.0,0.0,100,379.2,447.0,0,0.0,0.0,,0.0,1,13.46,0.03,SPY220630C00446000,446.0,normalDay
2022-06-16,11510.0,-6692.0,0.0,100,366.65,447.0,0,0.0,0.0,,0.0,1,13.46,0.03,SPY220630C00446000,446.0,normalDay
2022-06-17,11510.0,-6770.0,0.0,100,365.86,447.0,0,0.0,0.0,,0.0,1,13.46,0.02,SPY220630C00446000,446.0,normalDay
2022-06-21,11510.0,-5849.0,0.0,100,375.07,447.0,0,0.0,0.0,,0.0,1,13.46,0.02,SPY220630C00446000,446.0,normalDay
2022-06-22,11510.0,-5917.0,0.0,100,374.39,447.0,0,0.0,0.0,,0.0,1,13.46,0.02,SPY220630C00446000,446.0,normalDay
2022-06-23,11510.0,-5549.0,0.0,100,378.06,447.0,0,0.0,0.0,,0.0,1,13.46,0.01,SPY220630C00446000,446.0,normalDay
2022-06-24,11510.0,-4348.0,0.0,100,390.08,447.0,0,0.0,0.0,,0.0,1,13.46,0.02,SPY220630C00446000,446.0,normalDay
2022-06-27,11510.0,-4496.0,0.0,100,388.59,447.0,0,0.0,0.0,,0.0,1,13.46,0.01,SPY220630C00446000,446.0,normalDay
2022-06-28,11510.0,-5290.0,0.0,100,380.65,447.0,0,0.0,0.0,,0.0,1,13.46,0.01,SPY220630C00446000,446.0,normalDay
2022-06-29,11510.0,-5321.0,0.0,100,380.34,447.0,0,0.0,0.0,,0.0,1,13.46,0.01,SPY220630C00446000,446.0,normalDay
2022-06-30,12856.0,-6975.0,1346.0,100,377.25,447.0,0,0.0,0.0,,0.0,1,13.46,0.0,SPY220630C00446000,446.0,expirationDay
2022-07-01,12856.0,-6587.0,0.0,100,381.24,447.0,0,0.0,0.0,,0.0,1,19.15,19.26,SPY221118C00390000,390.0,normalDay
2022-07-05,12856.0,-6509.0,0.0,100,381.96,447.0,0,0.0,0.0,,0.0,1,19.15,19.2,SPY221118C00390000,390.0,normalDay
2022-07-06,12856.0,-6478.0,0.0,100,383.25,447.0,0,0.0,0.0,,0.0,1,19.15,20.18,SPY221118C00390000,390.0,normalDay
2022-07-07,12856.0,-6167.0,0.0,100,388.99,447.0,0,0.0,0.0,,0.0,1,19.15,22.81,SPY221118C00390000,390.0,normalDay
2022-07-08,12856.0,-6181.0,0.0,100,388.67,447.0,0,0.0,0.0,,0.0,1,19.15,22.63,SPY221118C00390000,390.0,normalDay
2022-07-11,12856.0,-6389.0,0.0,100,384.23,447.0,0,0.0,0.0,,0.0,1,19.15,20.27,SPY221118C00390000,390.0,normalDay
2022-07-12,12856.0,-6505.0,0.0,100,380.83,447.0,0,0.0,0.0,,0.0,1,19.15,18.03,SPY221118C00390000,390.0,normalDay
2022-07-13,12856.0,-6585.0,0.0,100,378.83,447.0,0,0.0,0.0,,0.0,1,19.15,16.83,SPY221118C00390000,390.0,normalDay
2022-07-14,12856.0,-6647.0,0.0,100,377.91,447.0,0,0.0,0.0,,0.0,1,19.15,16.53,SPY221118C00390000,390.0,normalDay
2022-07-15,12856.0,-6212.0,0.0,100,385.13,447.0,0,0.0,0.0,,0.0,1,19.15,19.4,SPY221118C00390000,390.0,normalDay
2022-07-18,12856.0,-6383.0,0.0,100,381.95,447.0,0,0.0,0.0,,0.0,1,19.15,17.93,SPY221118C00390000,390.0,normalDay
2022-07-19,12856.0,-5951.0,0.0,100,392.27,447.0,0,0.0,0.0,,0.0,1,19.15,23.93,SPY221118C00390000,390.0,normalDay
2022-07-20,12856.0,-5822.0,0.0,100,394.77,447.0,0,0.0,0.0,,0.0,1,19.15,25.14,SPY221118C00390000,390.0,normalDay
2022-07-21,12856.0,-5596.0,0.0,100,398.79,447.0,0,0.0,0.0,,0.0,1,19.15,26.9,SPY221118C00390000,390.0,normalDay
2022-07-22,12856.0,-5699.0,0.0,100,395.09,447.0,0,0.0,0.0,,0.0,1,19.15,24.23,SPY221118C00390000,390.0,normalDay
2022-07-25,12856.0,-5709.0,0.0,100,395.57,447.0,0,0.0,0.0,,0.0,1,19.15,24.81,SPY221118C00390000,390.0,normalDay
2022-07-26,12856.0,-5934.0,0.0,100,390.89,447.0,0,0.0,0.0,,0.0,1,19.15,22.38,SPY221118C00390000,390.0,normalDay
2022-07-27,12856.0,-5403.0,0.0,100,401.04,447.0,0,0.0,0.0,,0.0,1,19.15,27.22,SPY221118C00390000,390.0,normalDay
2022-07-28,12856.0,-5321.0,0.0,100,406.07,447.0,0,0.0,0.0,,0.0,1,19.15,31.43,SPY221118C00390000,390.0,normalDay
2022-07-29,12856.0,-5061.0,0.0,100,411.99,447.0,0,0.0,0.0,,0.0,1,19.15,34.75,SPY221118C00390000,390.0,normalDay
2022-08-01,12856.0,-5141.0,0.0,100,410.77,447.0,0,0.0,0.0,,0.0,1,19.15,34.33,SPY221118C00390000,390.0,normalDay
2022-08-02,12856.0,-5237.0,0.0,100,408.06,447.0,0,0.0,0.0,,0.0,1,19.15,32.58,SPY221118C00390000,390.0,normalDay
2022-08-03,12856.0,-4976.0,0.0,100,414.45,447.0,0,0.0,0.0,,0.0,1,19.15,36.36,SPY221118C00390000,390.0,normalDay
2022-08-04,12856.0,-5008.0,0.0,100,414.17,447.0,0,0.0,0.0,,0.0,1,19.15,36.4,SPY221118C00390000,390.0,normalDay
2022-08-05,12856.0,-4992.0,0.0,100,413.47,447.0,0,0.0,0.0,,0.0,1,19.15,35.54,SPY221118C00390000,390.0,normalDay
2022-08-08,12856.0,-5025.0,0.0,100,412.99,447.0,0,0.0,0.0,,0.0,1,19.15,35.39,SPY221118C00390000,390.0,normalDay
2022-08-09,12856.0,-5076.0,0.0,100,411.35,447.0,0,0.0,0.0,,0.0,1,19.15,34.26,SPY221118C00390000,390.0,normalDay
2022-08-10,12856.0,-4778.0,0.0,100,419.99,447.0,0,0.0,0.0,,0.0,1,19.15,39.92,SPY221118C00390000,390.0,normalDay
2022-08-11,12856.0,-4831.0,0.0,100,419.99,447.0,0,0.0,0.0,,0.0,1,19.15,40.45,SPY221118C00390000,390.0,normalDay
2022-08-12,12856.0,-4592.0,0.0,100,427.1,447.0,0,0.0,0.0,,0.0,1,19.15,45.17,SPY221118C00390000,390.0,normalDay
2022-08-15,12856.0,-4571.0,0.0,100,428.86,447.0,0,0.0,0.0,,0.0,1,19.15,46.72,SPY221118C00390000,390.0,normalDay
2022-08-16,12856.0,-4540.0,0.0,100,429.7,447.0,0,0.0,0.0,,0.0,1,19.15,47.25,SPY221118C00390000,390.0,normalDay
2022-08-17,12856.0,-4641.0,0.0,100,426.65,447.0,0,0.0,0.0,,0.0,1,19.15,45.21,SPY221118C00390000,390.0,normalDay
2022-08-18,12856.0,-4558.0,0.0,100,427.89,447.0,0,0.0,0.0,,0.0,1,19.15,45.62,SPY221118C00390000,390.0,normalDay
2022-08-19,12856.0,-4681.0,0.0,100,422.14,447.0,0,0.0,0.0,,0.0,1,19.15,41.1,SPY221118C00390000,390.0,normalDay
2022-08-22,12856.0,-4939.0,0.0,100,413.35,447.0,0,0.0,0.0,,0.0,1,19.15,34.89,SPY221118C00390000,390.0,normalDay
2022-08-23,12856.0,-4892.0,0.0,100,412.35,447.0,0,0.0,0.0,,0.0,1,19.15,33.42,SPY221118C00390000,390.0,normalDay
2022-08-24,12856.0,-4828.0,0.0,100,413.67,447.0,0,0.0,0.0,,0.0,1,19.15,34.1,SPY221118C00390000,390.0,normalDay
2022-08-25,12856.0,-4611.0,0.0,100,419.51,447.0,0,0.0,0.0,,0.0,1,19.15,37.77,SPY221118C00390000,390.0,normalDay
2022-08-26,12856.0,-5065.0,0.0,100,405.31,447.0,0,0.0,0.0,,0.0,1,19.15,28.11,SPY221118C00390000,390.0,normalDay
2022-08-29,12856.0,-5140.0,0.0,100,402.63,447.0,0,0.0,0.0,,0.0,1,19.15,26.18,SPY221118C00390000,390.0,normalDay
2022-08-30,12856.0,-5282.0,0.0,100,398.21,447.0,0,0.0,0.0,,0.0,1,19.15,23.18,SPY221118C00390000,390.0,normalDay
2022-08-31,12856.0,-5364.0,0.0,100,395.18,447.0,0,0.0,0.0,,0.0,1,19.15,20.97,SPY221118C00390000,390.0,normalDay
2022-09-01,12856.0,-5268.0,0.0,100,396.42,447.0,0,0.0,0.0,,0.0,1,19.15,21.25,SPY221118C00390000,390.0,normalDay
2022-09-02,12856.0,-5451.0,0.0,100,392.24,447.0,0,0.0,0.0,,0.0,1,19.15,18.9,SPY221118C00390000,390.0,normalDay
2022-09-06,12856.0,-5461.0,0.0,100,390.76,447.0,0,0.0,0.0,,0.0,1,19.15,17.52,SPY221118C00390000,390.0,normalDay
2022-09-07,12856.0,-5118.0,0.0,100,397.78,447.0,0,0.0,0.0,,0.0,1,19.15,21.11,SPY221118C00390000,390.0,normalDay
2022-09-08,12856.0,-5019.0,0.0,100,400.38,447.0,0,0.0,0.0,,0.0,1,19.15,22.72,SPY221118C00390000,390.0,normalDay
2022-09-09,12856.0,-4750.0,0.0,100,406.6,447.0,0,0.0,0.0,,0.0,1,19.15,26.25,SPY221118C00390000,390.0,normalDay
2022-09-12,12856.0,-4669.0,0.0,100,410.97,447.0,0,0.0,0.0,,0.0,1,19.15,29.81,SPY221118C00390000,390.0,normalDay
2022-09-13,12856.0,-5347.0,0.0,100,393.1,447.0,0,0.0,0.0,,0.0,1,19.15,18.72,SPY221118C00390000,390.0,normalDay
2022-09-14,12856.0,-5216.0,0.0,100,394.6,447.0,0,0.0,0.0,,0.0,1,19.15,18.91,SPY221118C00390000,390.0,normalDay
2022-09-15,12856.0,-5422.0,0.0,100,390.12,447.0,0,0.0,0.0,,0.0,1,19.15,16.49,SPY221118C00390000,390.0,normalDay
2022-09-16,12856.0,-5685.0,0.0,100,385.56,447.0,0,0.0,0.0,,0.0,1,19.15,14.56,SPY221118C00390000,390.0,normalDay
2022-09-19,12856.0,-5484.0,0.0,100,388.55,447.0,0,0.0,0.0,,0.0,1,19.15,15.54,SPY221118C00390000,390.0,normalDay
2022-09-20,12856.0,-5736.0,0.0,100,384.09,447.0,0,0.0,0.0,,0.0,1,19.15,13.6,SPY221118C00390000,390.0,normalDay
2022-09-21,12856.0,-6072.0,0.0,100,377.39,447.0,0,0.0,0.0,,0.0,1,19.15,10.26,SPY221118C00390000,390.0,normalDay
2022-09-22,12856.0,-6224.0,0.0,100,374.22,447.0,0,0.0,0.0,,0.0,1,19.15,8.61,SPY221118C00390000,390.0,normalDay
2022-09-23,12856.0,-6625.0,0.0,100,367.95,447.0,0,0.0,0.0,,0.0,1,19.15,6.35,SPY221118C00390000,390.0,normalDay
2022-09-26,12856.0,-6894.0,0.0,100,364.31,447.0,0,0.0,0.0,,0.0,1,19.15,5.4,SPY221118C00390000,390.0,normalDay
2022-09-27,12856.0,-6958.0,0.0,100,363.38,447.0,0,0.0,0.0,,0.0,1,19.15,5.11,SPY221118C00390000,390.0,normalDay
2022-09-28,12856.0,-6412.0,0.0,100,370.53,447.0,0,0.0,0.0,,0.0,1,19.15,6.8,SPY221118C00390000,390.0,normalDay
2022-09-29,12856.0,-6947.0,0.0,100,362.79,447.0,0,0.0,0.0,,0.0,1,19.15,4.41,SPY221118C00390000,390.0,normalDay
2022-09-30,12856.0,-7369.0,0.0,100,357.18,447.0,0,0.0,0.0,,0.0,1,19.15,3.02,SPY221118C00390000,390.0,normalDay
2022-10-03,12856.0,-6608.0,0.0,100,366.61,447.0,0,0.0,0.0,,0.0,1,19.15,4.84,SPY221118C00390000,390.0,normalDay
2022-10-04,12856.0,-5835.0,0.0,100,377.97,447.0,0,0.0,0.0,,0.0,1,19.15,8.47,SPY221118C00390000,390.0,normalDay
2022-10-05,12856.0,-5889.0,0.0,100,377.09,447.0,0,0.0,0.0,,0.0,1,19.15,8.13,SPY221118C00390000,390.0,normalDay
2022-10-06,12856.0,-6145.0,0.0,100,373.2,447.0,0,0.0,0.0,,0.0,1,19.15,6.8,SPY221118C00390000,390.0,normalDay
2022-10-07,12856.0,-6857.0,0.0,100,362.79,447.0,0,0.0,0.0,,0.0,1,19.15,3.51,SPY221118C00390000,390.0,normalDay
2022-10-10,12856.0,-7097.0,0.0,100,360.02,447.0,0,0.0,0.0,,0.0,1,19.15,3.14,SPY221118C00390000,390.0,normalDay
2022-10-11,12856.0,-7290.0,0.0,100,357.74,447.0,0,0.0,0.0,,0.0,1,19.15,2.79,SPY221118C00390000,390.0,normalDay
2022-10-12,12856.0,-7382.0,0.0,100,356.56,447.0,0,0.0,0.0,,0.0,1,19.15,2.53,SPY221118C00390000,390.0,normalDay
2022-10-13,12856.0,-6629.0,0.0,100,365.97,447.0,0,0.0,0.0,,0.0,1,19.15,4.41,SPY221118C00390000,390.0,normalDay
2022-10-14,12856.0,-7255.0,0.0,100,357.63,447.0,0,0.0,0.0,,0.0,1,19.15,2.33,SPY221118C00390000,390.0,normalDay
2022-10-17,12856.0,-6513.0,0.0,100,366.82,447.0,0,0.0,0.0,,0.0,1,19.15,4.1,SPY221118C00390000,390.0,normalDay
2022-10-18,12856.0,-6192.0,0.0,100,371.13,447.0,0,0.0,0.0,,0.0,1,19.15,5.2,SPY221118C00390000,390.0,normalDay
2022-10-19,12856.0,-6332.0,0.0,100,368.5,447.0,0,0.0,0.0,,0.0,1,19.15,3.97,SPY221118C00390000,390.0,normalDay
2022-10-20,12856.0,-6548.0,0.0,100,365.41,447.0,0,0.0,0.0,,0.0,1,19.15,3.04,SPY221118C00390000,390.0,normalDay
2022-10-21,12856.0,-5900.0,0.0,100,374.29,447.0,0,0.0,0.0,,0.0,1,19.15,5.44,SPY221118C00390000,390.0,normalDay
2022-10-24,12856.0,-5586.0,0.0,100,378.87,447.0,0,0.0,0.0,,0.0,1,19.15,6.88,SPY221118C00390000,390.0,normalDay
2022-10-25,12856.0,-5112.0,0.0,100,384.92,447.0,0,0.0,0.0,,0.0,1,19.15,8.19,SPY221118C00390000,390.0,normalDay
2022-10-26,12856.0,-5326.0,0.0,100,382.02,447.0,0,0.0,0.0,,0.0,1,19.15,7.43,SPY221118C00390000,390.0,normalDay
2022-10-27,12856.0,-5257.0,0.0,100,379.98,447.0,0,0.0,0.0,,0.0,1,19.15,4.7,SPY221118C00390000,390.0,normalDay
2022-10-28,12856.0,-4861.0,0.0,100,389.02,447.0,0,0.0,0.0,,0.0,1,19.15,9.78,SPY221118C00390000,390.0,normalDay
2022-10-31,12856.0,-4937.0,0.0,100,386.21,447.0,0,0.0,0.0,,0.0,1,19.15,7.73,SPY221118C00390000,390.0,normalDay
2022-11-01,12856.0,-4992.0,0.0,100,384.52,447.0,0,0.0,0.0,,0.0,1,19.15,6.59,SPY221118C00390000,390.0,normalDay
2022-11-02,12856.0,-5582.0,0.0,100,374.87,447.0,0,0.0,0.0,,0.0,1,19.15,2.84,SPY221118C00390000,390.0,normalDay
2022-11-03,12856.0,-5860.0,0.0,100,371.01,447.0,0,0.0,0.0,,0.0,1,19.15,1.76,SPY221118C00390000,390.0,normalDay
2022-11-04,12856.0,-5406.0,0.0,100,376.35,447.0,0,0.0,0.0,,0.0,1,19.15,2.56,SPY221118C00390000,390.0,normalDay
2022-11-07,12856.0,-5087.0,0.0,100,379.95,447.0,0,0.0,0.0,,0.0,1,19.15,2.97,SPY221118C00390000,390.0,normalDay
2022-11-08,12856.0,-4932.0,0.0,100,382.0,447.0,0,0.0,0.0,,0.0,1,19.15,3.47,SPY221118C00390000,390.0,normalDay
2022-11-09,12856.0,-5518.0,0.0,100,374.13,447.0,0,0.0,0.0,,0.0,1,19.15,1.46,SPY221118C00390000,390.0,normalDay
2022-11-10,12856.0,-4209.0,0.0,100,394.69,447.0,0,0.0,0.0,,0.0,1,19.15,8.93,SPY221118C00390000,390.0,normalDay
2022-11-11,12856.0,-3974.0,0.0,100,398.51,447.0,0,0.0,0.0,,0.0,1,19.15,10.4,SPY221118C00390000,390.0,normalDay
2022-11-14,12856.0,-4053.0,0.0,100,395.12,447.0,0,0.0,0.0,,0.0,1,19.15,7.8,SPY221118C00390000,390.0,normalDay
2022-11-15,12856.0,-3934.0,0.0,100,398.49,447.0,0,0.0,0.0,,0.0,1,19.15,9.98,SPY221118C00390000,390.0,normalDay
2022-11-16,12856.0,-3926.0,0.0,100,395.45,447.0,0,0.0,0.0,,0.0,1,19.15,6.86,SPY221118C00390000,390.0,normalDay
2022-11-17,12856.0,-3871.0,0.0,100,394.24,447.0,0,0.0,0.0,,0.0,1,19.15,5.1,SPY221118C00390000,390.0,normalDay
2022-11-18,9071.0,-3871.0,-3785.0,0,396.03,0.0,0,0.0,0.0,,0.0,1,19.15,0.0,SPY221118C00390000,390.0,expirationDay
2022-11-21,9071.0,-3.0,0.0,0,394.59,0.0,1,1.32,1.35,SPY221223P00357000,357.0,0,0.0,0.0,,0.0,normalDay
2022-11-22,9071.0,42.0,0.0,0,399.9,0.0,1,1.32,0.9,SPY221223P00357000,357.0,0,0.0,0.0,,0.0,normalDay
2022-11-23,9071.0,62.0,0.0,0,402.42,0.0,1,1.32,0.7,SPY221223P00357000,357.0,0,0.0,0.0,,0.0,normalDay
2022-11-25,9071.0,65.0,0.0,0,402.33,0.0,1,1.32,0.67,SPY221223P00357000,357.0,0,0.0,0.0,,0.0,normalDay
2022-11-28,9071.0,41.0,0.0,0,395.91,0.0,1,1.32,0.91,SPY221223P00357000,357.0,0,0.0,0.0,,0.0,normalDay
2022-11-29,9071.0,51.0,0.0,0,395.23,0.0,1,1.32,0.81,SPY221223P00357000,357.0,0,0.0,0.0,,0.0,normalDay
2022-11-30,9071.0,98.0,0.0,0,407.68,0.0,1,1.32,0.34,SPY221223P00357000,357.0,0,0.0,0.0,,0.0,normalDay
2022-12-01,9071.0,104.0,0.0,0,407.38,0.0,1,1.32,0.28,SPY221223P00357000,357.0,0,0.0,0.0,,0.0,normalDay
2022-12-02,9071.0,107.0,0.0,0,406.91,0.0,1,1.32,0.25,SPY221223P00357000,357.0,0,0.0,0.0,,0.0,normalDay
2022-12-05,9071.0,96.0,0.0,0,399.59,0.0,1,1.32,0.36,SPY221223P00357000,357.0,0,0.0,0.0,,0.0,normalDay
2022-12-06,9071.0,77.0,0.0,0,393.83,0.0,1,1.32,0.55,SPY221223P00357000,357.0,0,0.0,0.0,,0.0,normalDay
2022-12-07,9071.0,78.0,0.0,0,393.16,0.0,1,1.32,0.54,SPY221223P00357000,357.0,0,0.0,0.0,,0.0,normalDay
2022-12-08,9071.0,95.0,0.0,0,396.24,0.0,1,1.32,0.37,SPY221223P00357000,357.0,0,0.0,0.0,,0.0,normalDay
2022-12-09,9071.0,93.0,0.0,0,393.28,0.0,1,1.32,0.39,SPY221223P00357000,357.0,0,0.0,0.0,,0.0,normalDay
2022-12-12,9071.0,104.0,0.0,0,398.95,0.0,1,1.32,0.28,SPY221223P00357000,357.0,0,0.0,0.0,,0.0,normalDay
2022-12-13,9071.0,119.0,0.0,0,401.97,0.0,1,1.32,0.13,SPY221223P00357000,357.0,0,0.0,0.0,,0.0,normalDay
2022-12-14,9071.0,122.0,0.0,0,399.4,0.0,1,1.32,0.1,SPY221223P00357000,357.0,0,0.0,0.0,,0.0,normalDay
2022-12-15,9071.0,112.0,0.0,0,389.63,0.0,1,1.32,0.2,SPY221223P00357000,357.0,0,0.0,0.0,,0.0,normalDay
2022-12-16,9071.0,119.0,0.0,0,383.27,0.0,1,1.32,0.13,SPY221223P00357000,357.0,0,0.0,0.0,,0.0,normalDay
2022-12-19,9071.0,121.0,0.0,0,380.02,0.0,1,1.32,0.11,SPY221223P00357000,357.0,0,0.0,0.0,,0.0,normalDay
2022-12-20,9071.0,126.0,0.0,0,380.54,0.0,1,1.32,0.06,SPY221223P00357000,357.0,0,0.0,0.0,,0.0,normalDay
2022-12-21,9071.0,130.0,0.0,0,386.23,0.0,1,1.32,0.02,SPY221223P00357000,357.0,0,0.0,0.0,,0.0,normalDay
2022-12-22,9071.0,129.0,0.0,0,380.72,0.0,1,1.32,0.03,SPY221223P00357000,357.0,0,0.0,0.0,,0.0,normalDay
2022-12-23,9203.0,0.0,132.0,0,382.91,0.0,1,1.32,0.0,SPY221223P00357000,357.0,0,0.0,0.0,,0.0,expirationDay
2022-12-27,9203.0,-4.0,0.0,0,381.4,0.0,1,2.77,2.81,SPY230127P00362000,362.0,0,0.0,0.0,,0.0,normalDay
2022-12-28,9203.0,-95.0,0.0,0,376.66,0.0,1,2.77,3.72,SPY230127P00362000,362.0,0,0.0,0.0,,0.0,normalDay
2022-12-29,9203.0,53.0,0.0,0,383.44,0.0,1,2.77,2.24,SPY230127P00362000,362.0,0,0.0,0.0,,0.0,normalDay
2022-12-30,9203.0,52.0,0.0,0,382.43,0.0,1,2.77,2.25,SPY230127P00362000,362.0,0,0.0,0.0,,0.0,normalDay
2023-01-03,9203.0,41.0,0.0,0,380.82,0.0,1,2.77,2.36,SPY230127P00362000,362.0,0,0.0,0.0,,0.0,normalDay
2023-01-04,9203.0,126.0,0.0,0,383.76,0.0,1,2.77,1.51,SPY230127P00362000,362.0,0,0.0,0.0,,0.0,normalDay
2023-01-05,9203.0,61.0,0.0,0,379.38,0.0,1,2.77,2.16,SPY230127P00362000,362.0,0,0.0,0.0,,0.0,normalDay
2023-01-06,9203.0,195.0,0.0,0,388.08,0.0,1,2.77,0.82,SPY230127P00362000,362.0,0,0.0,0.0,,0.0,normalDay
2023-01-09,9203.0,196.0,0.0,0,387.86,0.0,1,2.77,0.81,SPY230127P00362000,362.0,0,0.0,0.0,,0.0,normalDay
2023-01-10,9203.0,232.0,0.0,0,390.58,0.0,1,2.77,0.45,SPY230127P00362000,362.0,0,0.0,0.0,,0.0,normalDay
2023-01-11,9203.0,243.0,0.0,0,395.52,0.0,1,2.77,0.34,SPY230127P00362000,362.0,0,0.0,0.0,,0.0,normalDay
2023-01-12,9203.0,260.0,0.0,0,396.96,0.0,1,2.77,0.17,SPY230127P00362000,362.0,0,0.0,0.0,,0.0,normalDay
2023-01-13,9203.0,262.0,0.0,0,398.5,0.0,1,2.77,0.15,SPY230127P00362000,362.0,0,0.0,0.0,,0.0,normalDay
2023-01-17,9203.0,268.0,0.0,0,397.77,0.0,1,2.77,0.09,SPY230127P00362000,362.0,0,0.0,0.0,,0.0,normalDay
2023-01-18,9203.0,268.0,0.0,0,391.49,0.0,1,2.77,0.09,SPY230127P00362000,362.0,0,0.0,0.0,,0.0,normalDay
2023-01-19,9203.0,268.0,0.0,0,388.64,0.0,1,2.77,0.09,SPY230127P00362000,362.0,0,0.0,0.0,,0.0,normalDay
2023-01-20,9203.0,272.0,0.0,0,395.88,0.0,1,2.77,0.05,SPY230127P00362000,362.0,0,0.0,0.0,,0.0,normalDay
2023-01-23,9203.0,274.0,0.0,0,400.63,0.0,1,2.77,0.03,SPY230127P00362000,362.0,0,0.0,0.0,,0.0,normalDay
2023-01-24,9203.0,275.0,0.0,0,400.2,0.0,1,2.77,0.02,SPY230127P00362000,362.0,0,0.0,0.0,,0.0,normalDay
2023-01-25,9203.0,275.0,0.0,0,400.35,0.0,1,2.77,0.02,SPY230127P00362000,362.0,0,0.0,0.0,,0.0,normalDay
2023-01-26,9203.0,276.0,0.0,0,404.75,0.0,1,2.77,0.01,SPY230127P00362000,362.0,0,0.0,0.0,,0.0,normalDay
2023-01-27,9480.0,0.0,277.0,0,405.68,0.0,1,2.77,0.0,SPY230127P00362000,362.0,0,0.0,0.0,,0.0,expirationDay
2023-01-30,9480.0,-3.0,0.0,0,400.59,0.0,1,1.24,1.27,SPY230303P00368000,368.0,0,0.0,0.0,,0.0,normalDay
2023-01-31,9480.0,33.0,0.0,0,406.48,0.0,1,1.24,0.91,SPY230303P00368000,368.0,0,0.0,0.0,,0.0,normalDay
2023-02-01,9480.0,66.0,0.0,0,410.8,0.0,1,1.24,0.58,SPY230303P00368000,368.0,0,0.0,0.0,,0.0,normalDay
2023-02-02,9480.0,66.0,0.0,0,416.78,0.0,1,1.24,0.58,SPY230303P00368000,368.0,0,0.0,0.0,,0.0,normalDay
2023-02-03,9480.0,72.0,0.0,0,412.35,0.0,1,1.24,0.52,SPY230303P00368000,368.0,0,0.0,0.0,,0.0,normalDay
2023-02-06,9480.0,70.0,0.0,0,409.83,0.0,1,1.24,0.54,SPY230303P00368000,368.0,0,0.0,0.0,,0.0,normalDay
2023-02-07,9480.0,90.0,0.0,0,415.19,0.0,1,1.24,0.34,SPY230303P00368000,368.0,0,0.0,0.0,,0.0,normalDay
2023-02-08,9480.0,81.0,0.0,0,410.65,0.0,1,1.24,0.43,SPY230303P00368000,368.0,0,0.0,0.0,,0.0,normalDay
2023-02-09,9480.0,70.0,0.0,0,407.09,0.0,1,1.24,0.54,SPY230303P00368000,368.0,0,0.0,0.0,,0.0,normalDay
2023-02-10,9480.0,83.0,0.0,0,408.04,0.0,1,1.24,0.41,SPY230303P00368000,368.0,0,0.0,0.0,,0.0,normalDay
2023-02-13,9480.0,99.0,0.0,0,412.83,0.0,1,1.24,0.25,SPY230303P00368000,368.0,0,0.0,0.0,,0.0,normalDay
2023-02-14,9480.0,106.0,0.0,0,412.64,0.0,1,1.24,0.18,SPY230303P00368000,368.0,0,0.0,0.0,,0.0,normalDay
2023-02-15,9480.0,110.0,0.0,0,413.98,0.0,1,1.24,0.14,SPY230303P00368000,368.0,0,0.0,0.0,,0.0,normalDay
2023-02-16,9480.0,94.0,0.0,0,408.28,0.0,1,1.24,0.3,SPY230303P00368000,368.0,0,0.0,0.0,,0.0,normalDay
2023-02-17,9480.0,107.0,0.0,0,407.26,0.0,1,1.24,0.17,SPY230303P00368000,368.0,0,0.0,0.0,,0.0,normalDay
2023-02-21,9480.0,98.0,0.0,0,399.09,0.0,1,1.24,0.26,SPY230303P00368000,368.0,0,0.0,0.0,,0.0,normalDay
2023-02-22,9480.0,109.0,0.0,0,398.54,0.0,1,1.24,0.15,SPY230303P00368000,368.0,0,0.0,0.0,,0.0,normalDay
2023-02-23,9480.0,117.0,0.0,0,400.66,0.0,1,1.24,0.07,SPY230303P00368000,368.0,0,0.0,0.0,,0.0,normalDay
2023-02-24,9480.0,119.0,0.0,0,396.38,0.0,1,1.24,0.05,SPY230303P00368000,368.0,0,0.0,0.0,,0.0,normalDay
2023-02-27,9480.0,121.0,0.0,0,397.73,0.0,1,1.24,0.03,SPY230303P00368000,368.0,0,0.0,0.0,,0.0,normalDay
2023-02-28,9480.0,121.0,0.0,0,396.26,0.0,1,1.24,0.03,SPY230303P00368000,368.0,0,0.0,0.0,,0.0,normalDay
2023-03-01,9480.0,122.0,0.0,0,394.74,0.0,1,1.24,0.02,SPY230303P00368000,368.0,0,0.0,0.0,,0.0,normalDay
2023-03-02,9480.0,123.0,0.0,0,397.81,0.0,1,1.24,0.01,SPY230303P00368000,368.0,0,0.0,0.0,,0.0,normalDay
2023-03-03,9604.0,0.0,124.0,0,404.19,0.0,1,1.24,0.0,SPY230303P00368000,368.0,0,0.0,0.0,,0.0,expirationDay
2023-03-06,9604.0,-4.0,0.0,0,404.47,0.0,1,2.21,2.25,SPY230406P00383000,383.0,0,0.0,0.0,,0.0,normalDay
2023-03-07,9604.0,-127.0,0.0,0,398.27,0.0,1,2.21,3.48,SPY230406P00383000,383.0,0,0.0,0.0,,0.0,normalDay
2023-03-08,9604.0,-89.0,0.0,0,398.92,0.0,1,2.21,3.1,SPY230406P00383000,383.0,0,0.0,0.0,,0.0,normalDay
2023-03-09,9604.0,-384.0,0.0,0,391.56,0.0,1,2.21,6.05,SPY230406P00383000,383.0,0,0.0,0.0,,0.0,normalDay
2023-03-10,9604.0,-610.0,0.0,0,385.91,0.0,1,2.21,8.31,SPY230406P00383000,383.0,0,0.0,0.0,,0.0,normalDay
2023-03-13,9604.0,-644.0,0.0,0,385.36,0.0,1,2.21,8.65,SPY230406P00383000,383.0,0,0.0,0.0,,0.0,normalDay
2023-03-14,9604.0,-319.0,0.0,0,391.73,0.0,1,2.21,5.4,SPY230406P00383000,383.0,0,0.0,0.0,,0.0,normalDay
2023-03-15,9604.0,-458.0,0.0,0,389.28,0.0,1,2.21,6.79,SPY230406P00383000,383.0,0,0.0,0.0,,0.0,normalDay
2023-03-16,9604.0,-161.0,0.0,0,396.11,0.0,1,2.21,3.82,SPY230406P00383000,383.0,0,0.0,0.0,,0.0,normalDay
2023-03-17,9604.0,-315.0,0.0,0,389.99,0.0,1,2.21,5.36,SPY230406P00383000,383.0,0,0.0,0.0,,0.0,normalDay
2023-03-20,9604.0,-162.0,0.0,0,393.74,0.0,1,2.21,3.83,SPY230406P00383000,383.0,0,0.0,0.0,,0.0,normalDay
2023-03-21,9604.0,16.0,0.0,0,398.91,0.0,1,2.21,2.05,SPY230406P00383000,383.0,0,0.0,0.0,,0.0,normalDay
2023-03-22,9604.0,-117.0,0.0,0,392.11,0.0,1,2.21,3.38,SPY230406P00383000,383.0,0,0.0,0.0,,0.0,normalDay
2023-03-23,9604.0,-84.0,0.0,0,393.17,0.0,1,2.21,3.05,SPY230406P00383000,383.0,0,0.0,0.0,,0.0,normalDay
2023-03-24,9604.0,15.0,0.0,0,395.75,0.0,1,2.21,2.06,SPY230406P00383000,383.0,0,0.0,0.0,,0.0,normalDay
2023-03-27,9604.0,107.0,0.0,0,396.49,0.0,1,2.21,1.14,SPY230406P00383000,383.0,0,0.0,0.0,,0.0,normalDay
2023-03-28,9604.0,134.0,0.0,0,395.6,0.0,1,2.21,0.87,SPY230406P00383000,383.0,0,0.0,0.0,,0.0,normalDay
2023-03-29,9604.0,187.0,0.0,0,401.35,0.0,1,2.21,0.34,SPY230406P00383000,383.0,0,0.0,0.0,,0.0,normalDay
2023-03-30,9604.0,200.0,0.0,0,403.7,0.0,1,2.21,0.21,SPY230406P00383000,383.0,0,0.0,0.0,,0.0,normalDay
2023-03-31,9604.0,215.0,0.0,0,409.39,0.0,1,2.21,0.06,SPY230406P00383000,383.0,0,0.0,0.0,,0.0,normalDay
2023-04-03,9604.0,218.0,0.0,0,410.95,0.0,1,2.21,0.03,SPY230406P00383000,383.0,0,0.0,0.0,,0.0,normalDay
2023-04-04,9604.0,219.0,0.0,0,408.67,0.0,1,2.21,0.02,SPY230406P00383000,383.0,0,0.0,0.0,,0.0,normalDay
2023-04-05,9604.0,220.0,0.0,0,407.6,0.0,1,2.21,0.01,SPY230406P00383000,383.0,0,0.0,0.0,,0.0,normalDay
2023-04-06,9825.0,0.0,221.0,0,409.19,0.0,1,2.21,0.0,SPY230406P00383000,383.0,0,0.0,0.0,,0.0,expirationDay
2023-04-10,9825.0,-4.0,0.0,0,409.61,0.0,1,0.96,1.0,SPY230512P00372000,372.0,0,0.0,0.0,,0.0,normalDay
2023-04-11,9825.0,0.0,0.0,0,409.72,0.0,1,0.96,0.96,SPY230512P00372000,372.0,0,0.0,0.0,,0.0,normalDay
2023-04-12,9825.0,-5.0,0.0,0,408.05,0.0,1,0.96,1.01,SPY230512P00372000,372.0,0,0.0,0.0,,0.0,normalDay
2023-04-13,9825.0,36.0,0.0,0,413.47,0.0,1,0.96,0.6,SPY230512P00372000,372.0,0,0.0,0.0,,0.0,normalDay
2023-04-14,9825.0,44.0,0.0,0,412.46,0.0,1,0.96,0.52,SPY230512P00372000,372.0,0,0.0,0.0,,0.0,normalDay
2023-04-17,9825.0,53.0,0.0,0,413.94,0.0,1,0.96,0.43,SPY230512P00372000,372.0,0,0.0,0.0,,0.0,normalDay
2023-04-18,9825.0,54.0,0.0,0,414.21,0.0,1,0.96,0.42,SPY230512P00372000,372.0,0,0.0,0.0,,0.0,normalDay
2023-04-19,9825.0,58.0,0.0,0,414.14,0.0,1,0.96,0.38,SPY230512P00372000,372.0,0,0.0,0.0,,0.0,normalDay
2023-04-20,9825.0,54.0,0.0,0,411.88,0.0,1,0.96,0.42,SPY230512P00372000,372.0,0,0.0,0.0,,0.0,normalDay
2023-04-21,9825.0,59.0,0.0,0,412.2,0.0,1,0.96,0.37,SPY230512P00372000,372.0,0,0.0,0.0,,0.0,normalDay
2023-04-24,9825.0,70.0,0.0,0,412.63,0.0,1,0.96,0.26,SPY230512P00372000,372.0,0,0.0,0.0,,0.0,normalDay
2023-04-25,9825.0,51.0,0.0,0,406.08,0.0,1,0.96,0.45,SPY230512P00372000,372.0,0,0.0,0.0,,0.0,normalDay
2023-04-26,9825.0,50.0,0.0,0,404.36,0.0,1,0.96,0.46,SPY230512P00372000,372.0,0,0.0,0.0,,0.0,normalDay
2023-04-27,9825.0,79.0,0.0,0,412.41,0.0,1,0.96,0.17,SPY230512P00372000,372.0,0,0.0,0.0,,0.0,normalDay
2023-04-28,9825.0,83.0,0.0,0,415.93,0.0,1,0.96,0.13,SPY230512P00372000,372.0,0,0.0,0.0,,0.0,normalDay
2023-05-01,9825.0,86.0,0.0,0,415.51,0.0,1,0.96,0.1,SPY230512P00372000,372.0,0,0.0,0.0,,0.0,normalDay
2023-05-02,9825.0,82.0,0.0,0,410.84,0.0,1,0.96,0.14,SPY230512P00372000,372.0,0,0.0,0.0,,0.0,normalDay
2023-05-03,9825.0,82.0,0.0,0,408.02,0.0,1,0.96,0.14,SPY230512P00372000,372.0,0,0.0,0.0,,0.0,normalDay
2023-05-04,9825.0,80.0,0.0,0,405.13,0.0,1,0.96,0.16,SPY230512P00372000,372.0,0,0.0,0.0,,0.0,normalDay
2023-05-05,9825.0,91.0,0.0,0,412.63,0.0,1,0.96,0.05,SPY230512P00372000,372.0,0,0.0,0.0,,0.0,normalDay
2023-05-08,9825.0,93.0,0.0,0,412.74,0.0,1,0.96,0.03,SPY230512P00372000,372.0,0,0.0,0.0,,0.0,normalDay
2023-05-09,9825.0,93.0,0.0,0,410.93,0.0,1,0.96,0.03,SPY230512P00372000,372.0,0,0.0,0.0,,0.0,normalDay
2023-05-10,9825.0,94.0,0.0,0,412.85,0.0,1,0.96,0.02,SPY230512P00372000,372.0,0,0.0,0.0,,0.0,normalDay
2023-05-11,9825.0,95.0,0.0,0,412.13,0.0,1,0.96,0.01,SPY230512P00372000,372.0,0,0.0,0.0,,0.0,normalDay
2023-05-12,9921.0,0.0,96.0,0,411.59,0.0,1,0.96,0.0,SPY230512P00372000,372.0,0,0.0,0.0,,0.0,expirationDay
2023-05-15,9921.0,-3.0,0.0,0,413.01,0.0,1,3.69,3.72,SPY230616P00401000,401.0,0,0.0,0.0,,0.0,normalDay
2023-05-16,9921.0,-77.0,0.0,0,410.25,0.0,1,3.69,4.46,SPY230616P00401000,401.0,0,0.0,0.0,,0.0,normalDay
2023-05-17,9921.0,64.0,0.0,0,415.23,0.0,1,3.69,3.05,SPY230616P00401000,401.0,0,0.0,0.0,,0.0,normalDay
2023-05-18,9921.0,155.0,0.0,0,419.23,0.0,1,3.69,2.14,SPY230616P00401000,401.0,0,0.0,0.0,,0.0,normalDay
2023-05-19,9921.0,130.0,0.0,0,418.62,0.0,1,3.69,2.39,SPY230616P00401000,401.0,0,0.0,0.0,,0.0,normalDay
2023-05-22,9921.0,143.0,0.0,0,418.79,0.0,1,3.69,2.26,SPY230616P00401000,401.0,0,0.0,0.0,,0.0,normalDay
2023-05-23,9921.0,43.0,0.0,0,414.09,0.0,1,3.69,3.26,SPY230616P00401000,401.0,0,0.0,0.0,,0.0,normalDay
2023-05-24,9921.0,-46.0,0.0,0,411.09,0.0,1,3.69,4.15,SPY230616P00401000,401.0,0,0.0,0.0,,0.0,normalDay
2023-05-25,9921.0,63.0,0.0,0,414.65,0.0,1,3.69,3.06,SPY230616P00401000,401.0,0,0.0,0.0,,0.0,normalDay
2023-05-26,9921.0,180.0,0.0,0,420.02,0.0,1,3.69,1.89,SPY230616P00401000,401.0,0,0.0,0.0,,0.0,normalDay
2023-05-30,9921.0,231.0,0.0,0,420.18,0.0,1,3.69,1.38,SPY230616P00401000,401.0,0,0.0,0.0,,0.0,normalDay
2023-05-31,9921.0,219.0,0.0,0,417.85,0.0,1,3.69,1.5,SPY230616P00401000,401.0,0,0.0,0.0,,0.0,normalDay
2023-06-01,9921.0,294.0,0.0,0,421.82,0.0,1,3.69,0.75,SPY230616P00401000,401.0,0,0.0,0.0,,0.0,normalDay
2023-06-02,9921.0,335.0,0.0,0,427.92,0.0,1,3.69,0.34,SPY230616P00401000,401.0,0,0.0,0.0,,0.0,normalDay
2023-06-05,9921.0,342.0,0.0,0,427.1,0.0,1,3.69,0.27,SPY230616P00401000,401.0,0,0.0,0.0,,0.0,normalDay
2023-06-06,9921.0,347.0,0.0,0,428.03,0.0,1,3.69,0.22,SPY230616P00401000,401.0,0,0.0,0.0,,0.0,normalDay
2023-06-07,9921.0,348.0,0.0,0,426.55,0.0,1,3.69,0.21,SPY230616P00401000,401.0,0,0.0,0.0,,0.0,normalDay
2023-06-08,9921.0,352.0,0.0,0,429.13,0.0,1,3.69,0.17,SPY230616P00401000,401.0,0,0.0,0.0,,0.0,normalDay
2023-06-09,9921.0,357.0,0.0,0,429.9,0.0,1,3.69,0.12,SPY230616P00401000,401.0,0,0.0,0.0,,0.0,normalDay
2023-06-12,9921.0,359.0,0.0,0,433.8,0.0,1,3.69,0.1,SPY230616P00401000,401.0,0,0.0,0.0,,0.0,normalDay
2023-06-13,9921.0,361.0,0.0,0,436.66,0.0,1,3.69,0.08,SPY230616P00401000,401.0,0,0.0,0.0,,0.0,normalDay
2023-06-14,9921.0,365.0,0.0,0,437.18,0.0,1,3.69,0.04,SPY230616P00401000,401.0,0,0.0,0.0,,0.0,normalDay
2023-06-15,9921.0,366.0,0.0,0,442.6,0.0,1,3.69,0.03,SPY230616P00401000,401.0,0,0.0,0.0,,0.0,normalDay
2023-06-16,10290.0,0.0,369.0,0,439.46,0.0,1,3.69,0.0,SPY230616P00401000,401.0,0,0.0,0.0,,0.0,expirationDay
2023-06-20,10290.0,-3.0,0.0,0,437.18,0.0,1,0.41,0.44,SPY230721P00396000,396.0,0,0.0,0.0,,0.0,normalDay
2023-06-21,10290.0,0.0,0.0,0,434.94,0.0,1,0.41,0.41,SPY230721P00396000,396.0,0,0.0,0.0,,0.0,normalDay
2023-06-22,10290.0,7.0,0.0,0,436.51,0.0,1,0.41,0.34,SPY230721P00396000,396.0,0,0.0,0.0,,0.0,normalDay
2023-06-23,10290.0,-2.0,0.0,0,433.21,0.0,1,0.41,0.43,SPY230721P00396000,396.0,0,0.0,0.0,,0.0,normalDay
2023-06-26,10290.0,-6.0,0.0,0,431.44,0.0,1,0.41,0.47,SPY230721P00396000,396.0,0,0.0,0.0,,0.0,normalDay
2023-06-27,10290.0,10.0,0.0,0,436.17,0.0,1,0.41,0.31,SPY230721P00396000,396.0,0,0.0,0.0,,0.0,normalDay
2023-06-28,10290.0,17.0,0.0,0,436.39,0.0,1,0.41,0.24,SPY230721P00396000,396.0,0,0.0,0.0,,0.0,normalDay
2023-06-29,10290.0,19.0,0.0,0,438.11,0.0,1,0.41,0.22,SPY230721P00396000,396.0,0,0.0,0.0,,0.0,normalDay
2023-06-30,10290.0,22.0,0.0,0,443.28,0.0,1,0.41,0.19,SPY230721P00396000,396.0,0,0.0,0.0,,0.0,normalDay
2023-07-03,10290.0,25.0,0.0,0,443.79,0.0,1,0.41,0.16,SPY230721P00396000,396.0,0,0.0,0.0,,0.0,normalDay
2023-07-05,10290.0,25.0,0.0,0,443.13,0.0,1,0.41,0.16,SPY230721P00396000,396.0,0,0.0,0.0,,0.0,normalDay
2023-07-06,10290.0,21.0,0.0,0,439.66,0.0,1,0.41,0.2,SPY230721P00396000,396.0,0,0.0,0.0,,0.0,normalDay
2023-07-07,10290.0,26.0,0.0,0,438.55,0.0,1,0.41,0.15,SPY230721P00396000,396.0,0,0.0,0.0,,0.0,normalDay
2023-07-10,10290.0,30.0,0.0,0,439.66,0.0,1,0.41,0.11,SPY230721P00396000,396.0,0,0.0,0.0,,0.0,normalDay
2023-07-11,10290.0,31.0,0.0,0,442.46,0.0,1,0.41,0.1,SPY230721P00396000,396.0,0,0.0,0.0,,0.0,normalDay
2023-07-12,10290.0,34.0,0.0,0,446.02,0.0,1,0.41,0.07,SPY230721P00396000,396.0,0,0.0,0.0,,0.0,normalDay
2023-07-13,10290.0,35.0,0.0,0,449.56,0.0,1,0.41,0.06,SPY230721P00396000,396.0,0,0.0,0.0,,0.0,normalDay
2023-07-14,10290.0,36.0,0.0,0,449.28,0.0,1,0.41,0.05,SPY230721P00396000,396.0,0,0.0,0.0,,0.0,normalDay
2023-07-17,10290.0,38.0,0.0,0,450.84,0.0,1,0.41,0.03,SPY230721P00396000,396.0,0,0.0,0.0,,0.0,normalDay
2023-07-18,10290.0,39.0,0.0,0,454.19,0.0,1,0.41,0.02,SPY230721P00396000,396.0,0,0.0,0.0,,0.0,normalDay
2023-07-19,10290.0,39.0,0.0,0,455.2,0.0,1,0.41,0.02,SPY230721P00396000,396.0,0,0.0,0.0,,0.0,normalDay
2023-07-20,10290.0,40.0,0.0,0,452.18,0.0,1,0.41,0.01,SPY230721P00396000,396.0,0,0.0,0.0,,0.0,normalDay
2023-07-21,10331.0,0.0,41.0,0,452.18,0.0,1,0.41,0.0,SPY230721P00396000,396.0,0,0.0,0.0,,0.0,expirationDay
2023-07-24,10331.0,-3.0,0.0,0,454.2,0.0,1,0.78,0.81,SPY230825P00422000,422.0,0,0.0,0.0,,0.0,normalDay
2023-07-25,10331.0,4.0,0.0,0,455.44,0.0,1,0.78,0.74,SPY230825P00422000,422.0,0,0.0,0.0,,0.0,normalDay
2023-07-26,10331.0,19.0,0.0,0,455.51,0.0,1,0.78,0.59,SPY230825P00422000,422.0,0,0.0,0.0,,0.0,normalDay
2023-07-27,10331.0,-7.0,0.0,0,452.49,0.0,1,0.78,0.85,SPY230825P00422000,422.0,0,0.0,0.0,,0.0,normalDay
2023-07-28,10331.0,27.0,0.0,0,456.92,0.0,1,0.78,0.51,SPY230825P00422000,422.0,0,0.0,0.0,,0.0,normalDay
2023-07-31,10331.0,36.0,0.0,0,457.79,0.0,1,0.78,0.42,SPY230825P00422000,422.0,0,0.0,0.0,,0.0,normalDay
2023-08-01,10331.0,34.0,0.0,0,456.48,0.0,1,0.78,0.44,SPY230825P00422000,422.0,0,0.0,0.0,,0.0,normalDay
2023-08-02,10331.0,-10.0,0.0,0,450.13,0.0,1,0.78,0.88,SPY230825P00422000,422.0,0,0.0,0.0,,0.0,normalDay
2023-08-03,10331.0,-4.0,0.0,0,448.84,0.0,1,0.78,0.82,SPY230825P00422000,422.0,0,0.0,0.0,,0.0,normalDay
2023-08-04,10331.0,-33.0,0.0,0,446.81,0.0,1,0.78,1.11,SPY230825P00422000,422.0,0,0.0,0.0,,0.0,normalDay
2023-08-07,10331.0,17.0,0.0,0,450.71,0.0,1,0.78,0.61,SPY230825P00422000,422.0,0,0.0,0.0,,0.0,normalDay
2023-08-08,10331.0,14.0,0.0,0,448.75,0.0,1,0.78,0.64,SPY230825P00422000,422.0,0,0.0,0.0,,0.0,normalDay
2023-08-09,10331.0,10.0,0.0,0,445.75,0.0,1,0.78,0.68,SPY230825P00422000,422.0,0,0.0,0.0,,0.0,normalDay
2023-08-10,10331.0,15.0,0.0,0,445.91,0.0,1,0.78,0.63,SPY230825P00422000,422.0,0,0.0,0.0,,0.0,normalDay
2023-08-11,10331.0,34.0,0.0,0,445.65,0.0,1,0.78,0.44,SPY230825P00422000,422.0,0,0.0,0.0,,0.0,normalDay
2023-08-14,10331.0,53.0,0.0,0,448.11,0.0,1,0.78,0.25,SPY230825P00422000,422.0,0,0.0,0.0,,0.0,normalDay
2023-08-15,10331.0,35.0,0.0,0,442.89,0.0,1,0.78,0.43,SPY230825P00422000,422.0,0,0.0,0.0,,0.0,normalDay
2023-08-16,10331.0,34.0,0.0,0,439.64,0.0,1,0.78,0.44,SPY230825P00422000,422.0,0,0.0,0.0,,0.0,normalDay
2023-08-17,10331.0,11.0,0.0,0,436.29,0.0,1,0.78,0.67,SPY230825P00422000,422.0,0,0.0,0.0,,0.0,normalDay
2023-08-18,10331.0,37.0,0.0,0,436.5,0.0,1,0.78,0.41,SPY230825P00422000,422.0,0,0.0,0.0,,0.0,normalDay
2023-08-21,10331.0,61.0,0.0,0,439.34,0.0,1,0.78,0.17,SPY230825P00422000,422.0,0,0.0,0.0,,0.0,normalDay
2023-08-22,10331.0,68.0,0.0,0,438.15,0.0,1,0.78,0.1,SPY230825P00422000,422.0,0,0.0,0.0,,0.0,normalDay
2023-08-23,10331.0,74.0,0.0,0,443.03,0.0,1,0.78,0.04,SPY230825P00422000,422.0,0,0.0,0.0,,0.0,normalDay
2023-08-24,10331.0,74.0,0.0,0,436.89,0.0,1,0.78,0.04,SPY230825P00422000,422.0,0,0.0,0.0,,0.0,normalDay
2023-08-25,10409.0,0.0,78.0,0,439.97,0.0,1,0.78,0.0,SPY230825P00422000,422.0,0,0.0,0.0,,0.0,expirationDay
2023-08-28,10409.0,-3.0,0.0,0,442.76,0.0,1,2.44,2.47,SPY230929P00426000,426.0,0,0.0,0.0,,0.0,normalDay
2023-08-29,10409.0,96.0,0.0,0,449.16,0.0,1,2.44,1.48,SPY230929P00426000,426.0,0,0.0,0.0,,0.0,normalDay
2023-08-30,10409.0,129.0,0.0,0,451.01,0.0,1,2.44,1.15,SPY230929P00426000,426.0,0,0.0,0.0,,0.0,normalDay
2023-08-31,10409.0,141.0,0.0,0,450.35,0.0,1,2.44,1.03,SPY230929P00426000,426.0,0,0.0,0.0,,0.0,normalDay
2023-09-01,10409.0,152.0,0.0,0,451.19,0.0,1,2.44,0.92,SPY230929P00426000,426.0,0,0.0,0.0,,0.0,normalDay
2023-09-05,10409.0,143.0,0.0,0,449.24,0.0,1,2.44,1.01,SPY230929P00426000,426.0,0,0.0,0.0,,0.0,normalDay
2023-09-06,10409.0,116.0,0.0,0,446.22,0.0,1,2.44,1.28,SPY230929P00426000,426.0,0,0.0,0.0,,0.0,normalDay
2023-09-07,10409.0,112.0,0.0,0,444.85,0.0,1,2.44,1.32,SPY230929P00426000,426.0,0,0.0,0.0,,0.0,normalDay
2023-09-08,10409.0,144.0,0.0,0,445.52,0.0,1,2.44,1.0,SPY230929P00426000,426.0,0,0.0,0.0,,0.0,normalDay
2023-09-11,10409.0,177.0,0.0,0,448.45,0.0,1,2.44,0.67,SPY230929P00426000,426.0,0,0.0,0.0,,0.0,normalDay
2023-09-12,10409.0,163.0,0.0,0,445.99,0.0,1,2.44,0.81,SPY230929P00426000,426.0,0,0.0,0.0,,0.0,normalDay
2023-09-13,10409.0,188.0,0.0,0,446.51,0.0,1,2.44,0.56,SPY230929P00426000,426.0,0,0.0,0.0,,0.0,normalDay
2023-09-14,10409.0,212.0,0.0,0,450.36,0.0,1,2.44,0.32,SPY230929P00426000,426.0,0,0.0,0.0,,0.0,normalDay
2023-09-15,10409.0,191.0,0.0,0,443.37,0.0,1,2.44,0.53,SPY230929P00426000,426.0,0,0.0,0.0,,0.0,normalDay
2023-09-18,10409.0,202.0,0.0,0,443.63,0.0,1,2.44,0.42,SPY230929P00426000,426.0,0,0.0,0.0,,0.0,normalDay
2023-09-19,10409.0,199.0,0.0,0,442.71,0.0,1,2.44,0.45,SPY230929P00426000,426.0,0,0.0,0.0,,0.0,normalDay
2023-09-20,10409.0,174.0,0.0,0,438.64,0.0,1,2.44,0.7,SPY230929P00426000,426.0,0,0.0,0.0,,0.0,normalDay
2023-09-21,10409.0,26.0,0.0,0,431.39,0.0,1,2.44,2.18,SPY230929P00426000,426.0,0,0.0,0.0,,0.0,normalDay
2023-09-22,10409.0,38.0,0.0,0,430.42,0.0,1,2.44,2.06,SPY230929P00426000,426.0,0,0.0,0.0,,0.0,normalDay
2023-09-25,10409.0,122.0,0.0,0,432.23,0.0,1,2.44,1.22,SPY230929P00426000,426.0,0,0.0,0.0,,0.0,normalDay
2023-09-26,10409.0,-49.0,0.0,0,425.88,0.0,1,2.44,2.93,SPY230929P00426000,426.0,0,0.0,0.0,,0.0,normalDay
2023-09-27,10409.0,4.0,0.0,0,426.05,0.0,1,2.44,2.4,SPY230929P00426000,426.0,0,0.0,0.0,,0.0,normalDay
2023-09-28,10409.0,144.0,0.0,0,428.52,0.0,1,2.44,1.0,SPY230929P00426000,426.0,0,0.0,0.0,,0.0,normalDay
2023-09-29,10653.0,0.0,244.0,0,427.48,0.0,1,2.44,0.0,SPY230929P00426000,426.0,0,0.0,0.0,,0.0,expirationDay
2023-10-02,10653.0,-3.0,0.0,0,427.31,0.0,1,2.44,2.47,SPY231103P00409000,409.0,0,0.0,0.0,,0.0,normalDay
2023-10-03,10653.0,-149.0,0.0,0,421.59,0.0,1,2.44,3.93,SPY231103P00409000,409.0,0,0.0,0.0,,0.0,normalDay
2023-10-04,10653.0,-56.0,0.0,0,424.66,0.0,1,2.44,3.0,SPY231103P00409000,409.0,0,0.0,0.0,,0.0,normalDay
2023-10-05,10653.0,-49.0,0.0,0,424.5,0.0,1,2.44,2.93,SPY231103P00409000,409.0,0,0.0,0.0,,0.0,normalDay
2023-10-06,10653.0,68.0,0.0,0,429.54,0.0,1,2.44,1.76,SPY231103P00409000,409.0,0,0.0,0.0,,0.0,normalDay
2023-10-09,10653.0,105.0,0.0,0,432.29,0.0,1,2.44,1.39,SPY231103P00409000,409.0,0,0.0,0.0,,0.0,normalDay
2023-10-10,10653.0,135.0,0.0,0,434.54,0.0,1,2.44,1.09,SPY231103P00409000,409.0,0,0.0,0.0,,0.0,normalDay
2023-10-11,10653.0,164.0,0.0,0,436.32,0.0,1,2.44,0.8,SPY231103P00409000,409.0,0,0.0,0.0,,0.0,normalDay
2023-10-12,10653.0,144.0,0.0,0,433.66,0.0,1,2.44,1.0,SPY231103P00409000,409.0,0,0.0,0.0,,0.0,normalDay
2023-10-13,10653.0,86.0,0.0,0,431.5,0.0,1,2.44,1.58,SPY231103P00409000,409.0,0,0.0,0.0,,0.0,normalDay
2023-10-16,10653.0,168.0,0.0,0,436.04,0.0,1,2.44,0.76,SPY231103P00409000,409.0,0,0.0,0.0,,0.0,normalDay
2023-10-17,10653.0,165.0,0.0,0,436.02,0.0,1,2.44,0.79,SPY231103P00409000,409.0,0,0.0,0.0,,0.0,normalDay
2023-10-18,10653.0,125.0,0.0,0,430.21,0.0,1,2.44,1.19,SPY231103P00409000,409.0,0,0.0,0.0,,0.0,normalDay
2023-10-19,10653.0,45.0,0.0,0,426.43,0.0,1,2.44,1.99,SPY231103P00409000,409.0,0,0.0,0.0,,0.0,normalDay
2023-10-20,10653.0,6.0,0.0,0,421.19,0.0,1,2.44,2.38,SPY231103P00409000,409.0,0,0.0,0.0,,0.0,normalDay
2023-10-23,10653.0,62.0,0.0,0,420.46,0.0,1,2.44,1.82,SPY231103P00409000,409.0,0,0.0,0.0,,0.0,normalDay
2023-10-24,10653.0,137.0,0.0,0,423.63,0.0,1,2.44,1.07,SPY231103P00409000,409.0,0,0.0,0.0,,0.0,normalDay
2023-10-25,10653.0,40.0,0.0,0,417.55,0.0,1,2.44,2.04,SPY231103P00409000,409.0,0,0.0,0.0,,0.0,normalDay
2023-10-26,10653.0,-67.0,0.0,0,412.55,0.0,1,2.44,3.11,SPY231103P00409000,409.0,0,0.0,0.0,,0.0,normalDay
2023-10-27,10653.0,-130.0,0.0,0,410.68,0.0,1,2.44,3.74,SPY231103P00409000,409.0,0,0.0,0.0,,0.0,normalDay
2023-10-30,10653.0,96.0,0.0,0,415.59,0.0,1,2.44,1.48,SPY231103P00409000,409.0,0,0.0,0.0,,0.0,normalDay
2023-10-31,10653.0,181.0,0.0,0,418.2,0.0,1,2.44,0.63,SPY231103P00409000,409.0,0,0.0,0.0,,0.0,normalDay
2023-11-01,10653.0,236.0,0.0,0,422.66,0.0,1,2.44,0.08,SPY231103P00409000,409.0,0,0.0,0.0,,0.0,normalDay
2023-11-02,10653.0,241.0,0.0,0,430.76,0.0,1,2.44,0.03,SPY231103P00409000,409.0,0,0.0,0.0,,0.0,normalDay
2023-11-03,10897.0,0.0,244.0,0,434.69,0.0,1,2.44,0.0,SPY231103P00409000,409.0,0,0.0,0.0,,0.0,expirationDay
2023-11-06,10897.0,-4.0,0.0,0,435.69,0.0,1,0.6,0.64,SPY231208P00398000,398.0,0,0.0,0.0,,0.0,normalDay
2023-11-07,10897.0,5.0,0.0,0,436.93,0.0,1,0.6,0.55,SPY231208P00398000,398.0,0,0.0,0.0,,0.0,normalDay
2023-11-08,10897.0,10.0,0.0,0,437.25,0.0,1,0.6,0.5,SPY231208P00398000,398.0,0,0.0,0.0,,0.0,normalDay
2023-11-09,10897.0,-1.0,0.0,0,433.84,0.0,1,0.6,0.61,SPY231208P00398000,398.0,0,0.0,0.0,,0.0,normalDay
2023-11-10,10897.0,23.0,0.0,0,440.61,0.0,1,0.6,0.37,SPY231208P00398000,398.0,0,0.0,0.0,,0.0,normalDay
2023-11-13,10897.0,27.0,0.0,0,440.19,0.0,1,0.6,0.33,SPY231208P00398000,398.0,0,0.0,0.0,,0.0,normalDay
2023-11-14,10897.0,37.0,0.0,0,448.73,0.0,1,0.6,0.23,SPY231208P00398000,398.0,0,0.0,0.0,,0.0,normalDay
2023-11-15,10897.0,38.0,0.0,0,449.68,0.0,1,0.6,0.22,SPY231208P00398000,398.0,0,0.0,0.0,,0.0,normalDay
2023-11-16,10897.0,36.0,0.0,0,450.23,0.0,1,0.6,0.24,SPY231208P00398000,398.0,0,0.0,0.0,,0.0,normalDay
2023-11-17,10897.0,41.0,0.0,0,450.79,0.0,1,0.6,0.19,SPY231208P00398000,398.0,0,0.0,0.0,,0.0,normalDay
2023-11-20,10897.0,48.0,0.0,0,454.26,0.0,1,0.6,0.12,SPY231208P00398000,398.0,0,0.0,0.0,,0.0,normalDay
2023-11-21,10897.0,49.0,0.0,0,453.27,0.0,1,0.6,0.11,SPY231208P00398000,398.0,0,0.0,0.0,,0.0,normalDay
2023-11-22,10897.0,51.0,0.0,0,455.02,0.0,1,0.6,0.09,SPY231208P00398000,398.0,0,0.0,0.0,,0.0,normalDay
2023-11-24,10897.0,53.0,0.0,0,455.3,0.0,1,0.6,0.07,SPY231208P00398000,398.0,0,0.0,0.0,,0.0,normalDay
2023-11-27,10897.0,55.0,0.0,0,454.48,0.0,1,0.6,0.05,SPY231208P00398000,398.0,0,0.0,0.0,,0.0,normalDay
2023-11-28,10897.0,55.0,0.0,0,454.93,0.0,1,0.6,0.05,SPY231208P00398000,398.0,0,0.0,0.0,,0.0,normalDay
2023-11-29,10897.0,56.0,0.0,0,454.61,0.0,1,0.6,0.04,SPY231208P00398000,398.0,0,0.0,0.0,,0.0,normalDay
2023-11-30,10897.0,56.0,0.0,0,456.4,0.0,1,0.6,0.04,SPY231208P00398000,398.0,0,0.0,0.0,,0.0,normalDay
