date,totalCapital,unrializedPnL,rializedPnL,stocksOwned,stocksPriceToday,stocksPriceBoughtAt,putOwned,putOwnedSoldAt,putPriceToday,putOwnedContract,putOwnedStrike,callOwned,callOwnedSoldAt,callPriceToday,callOwnedContract,callOwnedStrike,trackType
2018-11-01,0.0,-9.0,0.0,0,273.51,0.0,1,6.09,6.18,SPY190329P00254000,254.0,0,0.0,0.0,,0.0,normalDay
2018-11-02,0.0,-44.0,0.0,0,271.89,0.0,1,6.09,6.53,SPY190329P00254000,254.0,0,0.0,0.0,,0.0,normalDay
2018-11-05,0.0,8.0,0.0,0,273.39,0.0,1,6.09,6.01,SPY190329P00254000,254.0,0,0.0,0.0,,0.0,normalDay
2018-11-06,0.0,60.0,0.0,0,275.12,0.0,1,6.09,5.49,SPY190329P00254000,254.0,0,0.0,0.0,,0.0,normalDay
2018-11-07,0.0,210.0,0.0,0,281.01,0.0,1,6.09,3.99,SPY190329P00254000,254.0,0,0.0,0.0,,0.0,normalDay
2018-11-08,0.0,214.0,0.0,0,280.5,0.0,1,6.09,3.95,SPY190329P00254000,254.0,0,0.0,0.0,,0.0,normalDay
2018-11-09,0.0,143.0,0.0,0,277.76,0.0,1,6.09,4.66,SPY190329P00254000,254.0,0,0.0,0.0,,0.0,normalDay
2018-11-12,0.0,11.0,0.0,0,272.57,0.0,1,6.09,5.98,SPY190329P00254000,254.0,0,0.0,0.0,,0.0,normalDay
2018-11-13,0.0,-15.0,0.0,0,272.06,0.0,1,6.09,6.24,SPY190329P00254000,254.0,0,0.0,0.0,,0.0,normalDay
2018-11-14,0.0,-89.0,0.0,0,270.2,0.0,1,6.09,6.98,SPY190329P00254000,254.0,0,0.0,0.0,,0.0,normalDay
2018-11-15,0.0,4.0,0.0,0,273.02,0.0,1,6.09,6.05,SPY190329P00254000,254.0,0,0.0,0.0,,0.0,normalDay
2018-11-16,0.0,58.0,0.0,0,273.73,0.0,1,6.09,5.51,SPY190329P00254000,254.0,0,0.0,0.0,,0.0,normalDay
2018-11-19,0.0,-74.0,0.0,0,269.1,0.0,1,6.09,6.83,SPY190329P00254000,254.0,0,0.0,0.0,,0.0,normalDay
2018-11-20,0.0,-265.0,0.0,0,264.12,0.0,1,6.09,8.74,SPY190329P00254000,254.0,0,0.0,0.0,,0.0,normalDay
2018-11-21,0.0,-195.0,0.0,0,265.02,0.0,1,6.09,8.04,SPY190329P00254000,254.0,0,0.0,0.0,,0.0,normalDay
2018-11-23,0.0,-255.0,0.0,0,263.25,0.0,1,6.09,8.64,SPY190329P00254000,254.0,0,0.0,0.0,,0.0,normalDay
2018-11-26,0.0,-49.0,0.0,0,267.5,0.0,1,6.09,6.58,SPY190329P00254000,254.0,0,0.0,0.0,,0.0,normalDay
2018-11-27,0.0,-31.0,0.0,0,268.4,0.0,1,6.09,6.4,SPY190329P00254000,254.0,0,0.0,0.0,,0.0,normalDay
2018-11-28,0.0,115.0,0.0,0,274.58,0.0,1,6.09,4.94,SPY190329P00254000,254.0,0,0.0,0.0,,0.0,normalDay
2018-11-29,0.0,100.0,0.0,0,273.98,0.0,1,6.09,5.09,SPY190329P00254000,254.0,0,0.0,0.0,,0.0,normalDay
2018-11-30,0.0,151.0,0.0,0,275.65,0.0,1,6.09,4.58,SPY190329P00254000,254.0,0,0.0,0.0,,0.0,normalDay
2018-12-03,0.0,244.0,0.0,0,279.3,0.0,1,6.09,3.65,SPY190329P00254000,254.0,0,0.0,0.0,,0.0,normalDay
2018-12-04,0.0,1.0,0.0,0,270.25,0.0,1,6.09,6.08,SPY190329P00254000,254.0,0,0.0,0.0,,0.0,normalDay
2018-12-06,0.0,-10.0,0.0,0,269.84,0.0,1,6.09,6.19,SPY190329P00254000,254.0,0,0.0,0.0,,0.0,normalDay
2018-12-07,0.0,-229.0,0.0,0,263.57,0.0,1,6.09,8.38,SPY190329P00254000,254.0,0,0.0,0.0,,0.0,normalDay
2018-12-10,0.0,-168.0,0.0,0,264.07,0.0,1,6.09,7.77,SPY190329P00254000,254.0,0,0.0,0.0,,0.0,normalDay
2018-12-11,0.0,-160.0,0.0,0,264.13,0.0,1,6.09,7.69,SPY190329P00254000,254.0,0,0.0,0.0,,0.0,normalDay
2018-12-12,0.0,-127.0,0.0,0,265.46,0.0,1,6.09,7.36,SPY190329P00254000,254.0,0,0.0,0.0,,0.0,normalDay
2018-12-13,0.0,-109.0,0.0,0,265.37,0.0,1,6.09,7.18,SPY190329P00254000,254.0,0,0.0,0.0,,0.0,normalDay
2018-12-14,0.0,-271.0,0.0,0,260.47,0.0,1,6.09,8.8,SPY190329P00254000,254.0,0,0.0,0.0,,0.0,normalDay
2018-12-17,0.0,-488.0,0.0,0,255.36,0.0,1,6.09,10.97,SPY190329P00254000,254.0,0,0.0,0.0,,0.0,normalDay
2018-12-18,0.0,-541.0,0.0,0,255.08,0.0,1,6.09,11.5,SPY190329P00254000,254.0,0,0.0,0.0,,0.0,normalDay
2018-12-19,0.0,-654.0,0.0,0,251.26,0.0,1,6.09,12.63,SPY190329P00254000,254.0,0,0.0,0.0,,0.0,normalDay
2018-12-20,0.0,-879.0,0.0,0,247.17,0.0,1,6.09,14.88,SPY190329P00254000,254.0,0,0.0,0.0,,0.0,normalDay
2018-12-21,0.0,-1278.0,0.0,0,240.7,0.0,1,6.09,18.87,SPY190329P00254000,254.0,0,0.0,0.0,,0.0,normalDay
2018-12-24,0.0,-1891.0,0.0,0,234.34,0.0,1,6.09,25.0,SPY190329P00254000,254.0,0,0.0,0.0,,0.0,normalDay
2018-12-26,0.0,-865.0,0.0,0,246.18,0.0,1,6.09,14.74,SPY190329P00254000,254.0,0,0.0,0.0,,0.0,normalDay
2018-12-27,0.0,-787.0,0.0,0,248.07,0.0,1,6.09,13.96,SPY190329P00254000,254.0,0,0.0,0.0,,0.0,normalDay
2018-12-28,0.0,-804.0,0.0,0,247.75,0.0,1,6.09,14.13,SPY190329P00254000,254.0,0,0.0,0.0,,0.0,normalDay
2018-12-31,0.0,-612.0,0.0,0,249.92,0.0,1,6.09,12.21,SPY190329P00254000,254.0,0,0.0,0.0,,0.0,normalDay
2019-01-02,0.0,-538.0,0.0,0,250.18,0.0,1,6.09,11.47,SPY190329P00254000,254.0,0,0.0,0.0,,0.0,normalDay
2019-01-03,0.0,-932.0,0.0,0,244.21,0.0,1,6.09,15.41,SPY190329P00254000,254.0,0,0.0,0.0,,0.0,normalDay
2019-01-04,0.0,-413.0,0.0,0,252.39,0.0,1,6.09,10.22,SPY190329P00254000,254.0,0,0.0,0.0,,0.0,normalDay
2019-01-07,0.0,-314.0,0.0,0,254.38,0.0,1,6.09,9.23,SPY190329P00254000,254.0,0,0.0,0.0,,0.0,normalDay
2019-01-08,0.0,-194.0,0.0,0,256.77,0.0,1,6.09,8.03,SPY190329P00254000,254.0,0,0.0,0.0,,0.0,normalDay
2019-01-09,0.0,-127.0,0.0,0,257.97,0.0,1,6.09,7.36,SPY190329P00254000,254.0,0,0.0,0.0,,0.0,normalDay
2019-01-10,0.0,-77.0,0.0,0,258.88,0.0,1,6.09,6.86,SPY190329P00254000,254.0,0,0.0,0.0,,0.0,normalDay
2019-01-11,0.0,-35.0,0.0,0,258.98,0.0,1,6.09,6.44,SPY190329P00254000,254.0,0,0.0,0.0,,0.0,normalDay
2019-01-14,0.0,-67.0,0.0,0,257.4,0.0,1,6.09,6.76,SPY190329P00254000,254.0,0,0.0,0.0,,0.0,normalDay
2019-01-15,0.0,60.0,0.0,0,260.35,0.0,1,6.09,5.49,SPY190329P00254000,254.0,0,0.0,0.0,,0.0,normalDay
2019-01-16,0.0,84.0,0.0,0,260.98,0.0,1,6.09,5.25,SPY190329P00254000,254.0,0,0.0,0.0,,0.0,normalDay
2019-01-17,0.0,147.0,0.0,0,262.96,0.0,1,6.09,4.62,SPY190329P00254000,254.0,0,0.0,0.0,,0.0,normalDay
2019-01-18,0.0,234.0,0.0,0,266.46,0.0,1,6.09,3.75,SPY190329P00254000,254.0,0,0.0,0.0,,0.0,normalDay
2019-01-22,0.0,113.0,0.0,0,262.86,0.0,1,6.09,4.96,SPY190329P00254000,254.0,0,0.0,0.0,,0.0,normalDay
2019-01-23,0.0,130.0,0.0,0,263.41,0.0,1,6.09,4.79,SPY190329P00254000,254.0,0,0.0,0.0,,0.0,normalDay
2019-01-24,0.0,158.0,0.0,0,263.55,0.0,1,6.09,4.51,SPY190329P00254000,254.0,0,0.0,0.0,,0.0,normalDay
2019-01-25,0.0,250.0,0.0,0,265.78,0.0,1,6.09,3.59,SPY190329P00254000,254.0,0,0.0,0.0,,0.0,normalDay
2019-01-28,0.0,190.0,0.0,0,263.76,0.0,1,6.09,4.19,SPY190329P00254000,254.0,0,0.0,0.0,,0.0,normalDay
2019-01-29,0.0,181.0,0.0,0,263.41,0.0,1,6.09,4.28,SPY190329P00254000,254.0,0,0.0,0.0,,0.0,normalDay
2019-01-30,0.0,310.0,0.0,0,267.58,0.0,1,6.09,2.99,SPY190329P00254000,254.0,0,0.0,0.0,,0.0,normalDay
2019-01-31,0.0,389.0,0.0,0,269.93,0.0,1,6.09,2.2,SPY190329P00254000,254.0,0,0.0,0.0,,0.0,normalDay
2019-02-01,0.0,400.0,0.0,0,270.06,0.0,1,6.09,2.09,SPY190329P00254000,254.0,0,0.0,0.0,,0.0,normalDay
2019-02-04,0.0,443.0,0.0,0,271.96,0.0,1,6.09,1.66,SPY190329P00254000,254.0,0,0.0,0.0,,0.0,normalDay
2019-02-05,0.0,455.0,0.0,0,273.1,0.0,1,6.09,1.54,SPY190329P00254000,254.0,0,0.0,0.0,,0.0,normalDay
2019-02-06,0.0,458.0,0.0,0,272.74,0.0,1,6.09,1.51,SPY190329P00254000,254.0,0,0.0,0.0,,0.0,normalDay
2019-02-07,0.0,417.0,0.0,0,270.14,0.0,1,6.09,1.92,SPY190329P00254000,254.0,0,0.0,0.0,,0.0,normalDay
2019-02-08,0.0,432.0,0.0,0,270.47,0.0,1,6.09,1.77,SPY190329P00254000,254.0,0,0.0,0.0,,0.0,normalDay
2019-02-11,0.0,446.0,0.0,0,270.62,0.0,1,6.09,1.63,SPY190329P00254000,254.0,0,0.0,0.0,,0.0,normalDay
2019-02-12,0.0,495.0,0.0,0,274.1,0.0,1,6.09,1.14,SPY190329P00254000,254.0,0,0.0,0.0,,0.0,normalDay
2019-02-13,0.0,499.0,0.0,0,274.99,0.0,1,6.09,1.1,SPY190329P00254000,254.0,0,0.0,0.0,,0.0,normalDay
2019-02-14,0.0,489.0,0.0,0,274.38,0.0,1,6.09,1.2,SPY190329P00254000,254.0,0,0.0,0.0,,0.0,normalDay
2019-02-15,0.0,527.0,0.0,0,277.37,0.0,1,6.09,0.82,SPY190329P00254000,254.0,0,0.0,0.0,,0.0,normalDay
2019-02-19,0.0,538.0,0.0,0,277.85,0.0,1,6.09,0.71,SPY190329P00254000,254.0,0,0.0,0.0,,0.0,normalDay
2019-02-20,0.0,553.0,0.0,0,278.41,0.0,1,6.09,0.56,SPY190329P00254000,254.0,0,0.0,0.0,,0.0,normalDay
2019-02-21,0.0,549.0,0.0,0,277.42,0.0,1,6.09,0.6,SPY190329P00254000,254.0,0,0.0,0.0,,0.0,normalDay
2019-02-22,0.0,563.0,0.0,0,279.14,0.0,1,6.09,0.46,SPY190329P00254000,254.0,0,0.0,0.0,,0.0,normalDay
2019-02-25,0.0,560.0,0.0,0,279.52,0.0,1,6.09,0.49,SPY190329P00254000,254.0,0,0.0,0.0,,0.0,normalDay
2019-02-26,0.0,558.0,0.0,0,279.32,0.0,1,6.09,0.51,SPY190329P00254000,254.0,0,0.0,0.0,,0.0,normalDay
2019-02-27,0.0,560.0,0.0,0,279.2,0.0,1,6.09,0.49,SPY190329P00254000,254.0,0,0.0,0.0,,0.0,normalDay
2019-02-28,0.0,559.0,0.0,0,278.68,0.0,1,6.09,0.5,SPY190329P00254000,254.0,0,0.0,0.0,,0.0,normalDay
2019-03-01,0.0,575.0,0.0,0,280.42,0.0,1,6.09,0.34,SPY190329P00254000,254.0,0,0.0,0.0,,0.0,normalDay
2019-03-04,0.0,570.0,0.0,0,279.4,0.0,1,6.09,0.39,SPY190329P00254000,254.0,0,0.0,0.0,,0.0,normalDay
2019-03-05,0.0,570.0,0.0,0,279.02,0.0,1,6.09,0.39,SPY190329P00254000,254.0,0,0.0,0.0,,0.0,normalDay
2019-03-06,0.0,562.0,0.0,0,277.33,0.0,1,6.09,0.47,SPY190329P00254000,254.0,0,0.0,0.0,,0.0,normalDay
2019-03-07,0.0,553.0,0.0,0,275.01,0.0,1,6.09,0.56,SPY190329P00254000,254.0,0,0.0,0.0,,0.0,normalDay
2019-03-08,0.0,562.0,0.0,0,274.46,0.0,1,6.09,0.47,SPY190329P00254000,254.0,0,0.0,0.0,,0.0,normalDay
2019-03-11,0.0,590.0,0.0,0,278.44,0.0,1,6.09,0.19,SPY190329P00254000,254.0,0,0.0,0.0,,0.0,normalDay
2019-03-12,0.0,595.0,0.0,0,279.49,0.0,1,6.09,0.14,SPY190329P00254000,254.0,0,0.0,0.0,,0.0,normalDay
2019-03-13,0.0,599.0,0.0,0,281.34,0.0,1,6.09,0.1,SPY190329P00254000,254.0,0,0.0,0.0,,0.0,normalDay
2019-03-14,0.0,600.0,0.0,0,281.16,0.0,1,6.09,0.09,SPY190329P00254000,254.0,0,0.0,0.0,,0.0,normalDay
2019-03-15,0.0,603.0,0.0,0,281.31,0.0,1,6.09,0.06,SPY190329P00254000,254.0,0,0.0,0.0,,0.0,normalDay
2019-03-18,0.0,605.0,0.0,0,282.33,0.0,1,6.09,0.04,SPY190329P00254000,254.0,0,0.0,0.0,,0.0,normalDay
2019-03-19,0.0,604.0,0.0,0,282.4,0.0,1,6.09,0.05,SPY190329P00254000,254.0,0,0.0,0.0,,0.0,normalDay
2019-03-20,0.0,605.0,0.0,0,281.55,0.0,1,6.09,0.04,SPY190329P00254000,254.0,0,0.0,0.0,,0.0,normalDay
2019-03-21,0.0,606.0,0.0,0,284.73,0.0,1,6.09,0.03,SPY190329P00254000,254.0,0,0.0,0.0,,0.0,normalDay
2019-03-22,0.0,604.0,0.0,0,279.25,0.0,1,6.09,0.05,SPY190329P00254000,254.0,0,0.0,0.0,,0.0,normalDay
2019-03-25,0.0,607.0,0.0,0,279.04,0.0,1,6.09,0.02,SPY190329P00254000,254.0,0,0.0,0.0,,0.0,normalDay
2019-03-26,0.0,608.0,0.0,0,281.12,0.0,1,6.09,0.01,SPY190329P00254000,254.0,0,0.0,0.0,,0.0,normalDay
2019-03-27,0.0,608.0,0.0,0,279.65,0.0,1,6.09,0.01,SPY190329P00254000,254.0,0,0.0,0.0,,0.0,normalDay
2019-03-28,0.0,608.0,0.0,0,280.71,0.0,1,6.09,0.01,SPY190329P00254000,254.0,0,0.0,0.0,,0.0,normalDay
2019-03-29,609.0,0.0,609.0,0,282.48,0.0,1,6.09,0.0,SPY190329P00254000,254.0,0,0.0,0.0,,0.0,expirationDay
2019-04-01,609.0,-6.0,0.0,0,285.83,0.0,1,6.71,6.77,SPY190930P00272000,272.0,0,0.0,0.0,,0.0,normalDay
2019-04-02,609.0,1.0,0.0,0,285.97,0.0,1,6.71,6.7,SPY190930P00272000,272.0,0,0.0,0.0,,0.0,normalDay
2019-04-03,609.0,22.0,0.0,0,286.42,0.0,1,6.71,6.49,SPY190930P00272000,272.0,0,0.0,0.0,,0.0,normalDay
2019-04-04,609.0,40.0,0.0,0,287.18,0.0,1,6.71,6.31,SPY190930P00272000,272.0,0,0.0,0.0,,0.0,normalDay
2019-04-05,609.0,89.0,0.0,0,288.57,0.0,1,6.71,5.82,SPY190930P00272000,272.0,0,0.0,0.0,,0.0,normalDay
2019-04-08,609.0,96.0,0.0,0,288.79,0.0,1,6.71,5.75,SPY190930P00272000,272.0,0,0.0,0.0,,0.0,normalDay
2019-04-09,609.0,35.0,0.0,0,287.31,0.0,1,6.71,6.36,SPY190930P00272000,272.0,0,0.0,0.0,,0.0,normalDay
2019-04-10,609.0,87.0,0.0,0,288.29,0.0,1,6.71,5.84,SPY190930P00272000,272.0,0,0.0,0.0,,0.0,normalDay
2019-04-11,609.0,85.0,0.0,0,288.21,0.0,1,6.71,5.86,SPY190930P00272000,272.0,0,0.0,0.0,,0.0,normalDay
2019-04-12,609.0,153.0,0.0,0,290.16,0.0,1,6.71,5.18,SPY190930P00272000,272.0,0,0.0,0.0,,0.0,normalDay
2019-04-15,609.0,155.0,0.0,0,289.97,0.0,1,6.71,5.16,SPY190930P00272000,272.0,0,0.0,0.0,,0.0,normalDay
2019-04-16,609.0,161.0,0.0,0,290.16,0.0,1,6.71,5.1,SPY190930P00272000,272.0,0,0.0,0.0,,0.0,normalDay
2019-04-17,609.0,141.0,0.0,0,289.45,0.0,1,6.71,5.3,SPY190930P00272000,272.0,0,0.0,0.0,,0.0,normalDay
2019-04-18,609.0,159.0,0.0,0,290.02,0.0,1,6.71,5.12,SPY190930P00272000,272.0,0,0.0,0.0,,0.0,normalDay
2019-04-22,609.0,174.0,0.0,0,290.27,0.0,1,6.71,4.97,SPY190930P00272000,272.0,0,0.0,0.0,,0.0,normalDay
2019-04-23,609.0,227.0,0.0,0,292.88,0.0,1,6.71,4.44,SPY190930P00272000,272.0,0,0.0,0.0,,0.0,normalDay
2019-04-24,609.0,206.0,0.0,0,292.23,0.0,1,6.71,4.65,SPY190930P00272000,272.0,0,0.0,0.0,,0.0,normalDay
2019-04-25,609.0,195.0,0.0,0,292.05,0.0,1,6.71,4.76,SPY190930P00272000,272.0,0,0.0,0.0,,0.0,normalDay
2019-04-26,609.0,229.0,0.0,0,293.41,0.0,1,6.71,4.42,SPY190930P00272000,272.0,0,0.0,0.0,,0.0,normalDay
2019-04-29,609.0,234.0,0.0,0,293.87,0.0,1,6.71,4.37,SPY190930P00272000,272.0,0,0.0,0.0,,0.0,normalDay
2019-04-30,609.0,241.0,0.0,0,294.02,0.0,1,6.71,4.3,SPY190930P00272000,272.0,0,0.0,0.0,,0.0,normalDay
2019-05-01,609.0,175.0,0.0,0,291.81,0.0,1,6.71,4.96,SPY190930P00272000,272.0,0,0.0,0.0,,0.0,normalDay
2019-05-02,609.0,166.0,0.0,0,291.18,0.0,1,6.71,5.05,SPY190930P00272000,272.0,0,0.0,0.0,,0.0,normalDay
2019-05-03,609.0,244.0,0.0,0,294.03,0.0,1,6.71,4.27,SPY190930P00272000,272.0,0,0.0,0.0,,0.0,normalDay
2019-05-06,609.0,195.0,0.0,0,292.82,0.0,1,6.71,4.76,SPY190930P00272000,272.0,0,0.0,0.0,,0.0,normalDay
2019-05-07,609.0,9.0,0.0,0,287.93,0.0,1,6.71,6.62,SPY190930P00272000,272.0,0,0.0,0.0,,0.0,normalDay
2019-05-08,609.0,23.0,0.0,0,287.53,0.0,1,6.71,6.48,SPY190930P00272000,272.0,0,0.0,0.0,,0.0,normalDay
2019-05-09,609.0,17.0,0.0,0,286.66,0.0,1,6.71,6.54,SPY190930P00272000,272.0,0,0.0,0.0,,0.0,normalDay
2019-05-10,609.0,94.0,0.0,0,288.1,0.0,1,6.71,5.77,SPY190930P00272000,272.0,0,0.0,0.0,,0.0,normalDay
2019-05-13,609.0,-176.0,0.0,0,280.86,0.0,1,6.71,8.47,SPY190930P00272000,272.0,0,0.0,0.0,,0.0,normalDay
2019-05-14,609.0,-48.0,0.0,0,283.4,0.0,1,6.71,7.19,SPY190930P00272000,272.0,0,0.0,0.0,,0.0,normalDay
2019-05-15,609.0,34.0,0.0,0,285.06,0.0,1,6.71,6.37,SPY190930P00272000,272.0,0,0.0,0.0,,0.0,normalDay
2019-05-16,609.0,125.0,0.0,0,287.7,0.0,1,6.71,5.46,SPY190930P00272000,272.0,0,0.0,0.0,,0.0,normalDay
2019-05-17,609.0,72.0,0.0,0,285.84,0.0,1,6.71,5.99,SPY190930P00272000,272.0,0,0.0,0.0,,0.0,normalDay
2019-05-20,609.0,32.0,0.0,0,283.95,0.0,1,6.71,6.39,SPY190930P00272000,272.0,0,0.0,0.0,,0.0,normalDay
2019-05-21,609.0,124.0,0.0,0,286.51,0.0,1,6.71,5.47,SPY190930P00272000,272.0,0,0.0,0.0,,0.0,normalDay
2019-05-22,609.0,109.0,0.0,0,285.63,0.0,1,6.71,5.62,SPY190930P00272000,272.0,0,0.0,0.0,,0.0,normalDay
2019-05-23,609.0,-34.0,0.0,0,282.14,0.0,1,6.71,7.05,SPY190930P00272000,272.0,0,0.0,0.0,,0.0,normalDay
2019-05-24,609.0,10.0,0.0,0,282.78,0.0,1,6.71,6.61,SPY190930P00272000,272.0,0,0.0,0.0,,0.0,normalDay
2019-05-28,609.0,-72.0,0.0,0,280.15,0.0,1,6.71,7.43,SPY190930P00272000,272.0,0,0.0,0.0,,0.0,normalDay
2019-05-29,609.0,-151.0,0.0,0,278.27,0.0,1,6.71,8.22,SPY190930P00272000,272.0,0,0.0,0.0,,0.0,normalDay
2019-05-30,609.0,-117.0,0.0,0,279.03,0.0,1,6.71,7.88,SPY190930P00272000,272.0,0,0.0,0.0,,0.0,normalDay
2019-05-31,609.0,-282.0,0.0,0,275.27,0.0,1,6.71,9.53,SPY190930P00272000,272.0,0,0.0,0.0,,0.0,normalDay
2019-06-03,609.0,-283.0,0.0,0,274.57,0.0,1,6.71,9.54,SPY190930P00272000,272.0,0,0.0,0.0,,0.0,normalDay
2019-06-04,609.0,-41.0,0.0,0,280.53,0.0,1,6.71,7.12,SPY190930P00272000,272.0,0,0.0,0.0,,0.0,normalDay
2019-06-05,609.0,47.0,0.0,0,282.96,0.0,1,6.71,6.24,SPY190930P00272000,272.0,0,0.0,0.0,,0.0,normalDay
2019-06-06,609.0,103.0,0.0,0,284.8,0.0,1,6.71,5.68,SPY190930P00272000,272.0,0,0.0,0.0,,0.0,normalDay
2019-06-07,609.0,157.0,0.0,0,287.65,0.0,1,6.71,5.14,SPY190930P00272000,272.0,0,0.0,0.0,,0.0,normalDay
2019-06-10,609.0,204.0,0.0,0,288.97,0.0,1,6.71,4.67,SPY190930P00272000,272.0,0,0.0,0.0,,0.0,normalDay
2019-06-11,609.0,193.0,0.0,0,288.9,0.0,1,6.71,4.78,SPY190930P00272000,272.0,0,0.0,0.0,,0.0,normalDay
2019-06-12,609.0,191.0,0.0,0,288.39,0.0,1,6.71,4.8,SPY190930P00272000,272.0,0,0.0,0.0,,0.0,normalDay
2019-06-13,609.0,223.0,0.0,0,289.58,0.0,1,6.71,4.48,SPY190930P00272000,272.0,0,0.0,0.0,,0.0,normalDay
2019-06-14,609.0,232.0,0.0,0,289.26,0.0,1,6.71,4.39,SPY190930P00272000,272.0,0,0.0,0.0,,0.0,normalDay
2019-06-17,609.0,241.0,0.0,0,289.37,0.0,1,6.71,4.3,SPY190930P00272000,272.0,0,0.0,0.0,,0.0,normalDay
2019-06-18,609.0,296.0,0.0,0,292.4,0.0,1,6.71,3.75,SPY190930P00272000,272.0,0,0.0,0.0,,0.0,normalDay
2019-06-19,609.0,329.0,0.0,0,293.06,0.0,1,6.71,3.42,SPY190930P00272000,272.0,0,0.0,0.0,,0.0,normalDay
2019-06-20,609.0,366.0,0.0,0,295.86,0.0,1,6.71,3.05,SPY190930P00272000,272.0,0,0.0,0.0,,0.0,normalDay
2019-06-21,609.0,350.0,0.0,0,294.0,0.0,1,6.71,3.21,SPY190930P00272000,272.0,0,0.0,0.0,,0.0,normalDay
2019-06-24,609.0,357.0,0.0,0,293.64,0.0,1,6.71,3.14,SPY190930P00272000,272.0,0,0.0,0.0,,0.0,normalDay
2019-06-25,609.0,298.0,0.0,0,290.76,0.0,1,6.71,3.73,SPY190930P00272000,272.0,0,0.0,0.0,,0.0,normalDay
2019-06-26,609.0,294.0,0.0,0,290.47,0.0,1,6.71,3.77,SPY190930P00272000,272.0,0,0.0,0.0,,0.0,normalDay
2019-06-27,609.0,330.0,0.0,0,291.5,0.0,1,6.71,3.41,SPY190930P00272000,272.0,0,0.0,0.0,,0.0,normalDay
2019-06-28,609.0,377.0,0.0,0,293.0,0.0,1,6.71,2.94,SPY190930P00272000,272.0,0,0.0,0.0,,0.0,normalDay
2019-07-01,609.0,435.0,0.0,0,295.66,0.0,1,6.71,2.36,SPY190930P00272000,272.0,0,0.0,0.0,,0.0,normalDay
2019-07-02,609.0,465.0,0.0,0,296.43,0.0,1,6.71,2.06,SPY190930P00272000,272.0,0,0.0,0.0,,0.0,normalDay
2019-07-03,609.0,496.0,0.0,0,298.8,0.0,1,6.71,1.75,SPY190930P00272000,272.0,0,0.0,0.0,,0.0,normalDay
2019-07-05,609.0,486.0,0.0,0,298.46,0.0,1,6.71,1.85,SPY190930P00272000,272.0,0,0.0,0.0,,0.0,normalDay
2019-07-08,609.0,471.0,0.0,0,296.82,0.0,1,6.71,2.0,SPY190930P00272000,272.0,0,0.0,0.0,,0.0,normalDay
2019-07-09,609.0,469.0,0.0,0,297.19,0.0,1,6.71,2.02,SPY190930P00272000,272.0,0,0.0,0.0,,0.0,normalDay
2019-07-10,609.0,498.0,0.0,0,298.61,0.0,1,6.71,1.73,SPY190930P00272000,272.0,0,0.0,0.0,,0.0,normalDay
2019-07-11,609.0,508.0,0.0,0,299.31,0.0,1,6.71,1.63,SPY190930P00272000,272.0,0,0.0,0.0,,0.0,normalDay
2019-07-12,609.0,526.0,0.0,0,300.65,0.0,1,6.71,1.45,SPY190930P00272000,272.0,0,0.0,0.0,,0.0,normalDay
2019-07-15,609.0,527.0,0.0,0,300.75,0.0,1,6.71,1.44,SPY190930P00272000,272.0,0,0.0,0.0,,0.0,normalDay
2019-07-16,609.0,520.0,0.0,0,299.78,0.0,1,6.71,1.51,SPY190930P00272000,272.0,0,0.0,0.0,,0.0,normalDay
2019-07-17,609.0,493.0,0.0,0,297.74,0.0,1,6.71,1.78,SPY190930P00272000,272.0,0,0.0,0.0,,0.0,normalDay
2019-07-18,609.0,512.0,0.0,0,298.83,0.0,1,6.71,1.59,SPY190930P00272000,272.0,0,0.0,0.0,,0.0,normalDay
2019-07-19,609.0,494.0,0.0,0,297.17,0.0,1,6.71,1.77,SPY190930P00272000,272.0,0,0.0,0.0,,0.0,normalDay
2019-07-22,609.0,519.0,0.0,0,297.9,0.0,1,6.71,1.52,SPY190930P00272000,272.0,0,0.0,0.0,,0.0,normalDay
2019-07-23,609.0,548.0,0.0,0,300.03,0.0,1,6.71,1.23,SPY190930P00272000,272.0,0,0.0,0.0,,0.0,normalDay
2019-07-24,609.0,566.0,0.0,0,301.44,0.0,1,6.71,1.05,SPY190930P00272000,272.0,0,0.0,0.0,,0.0,normalDay
2019-07-25,609.0,550.0,0.0,0,300.0,0.0,1,6.71,1.21,SPY190930P00272000,272.0,0,0.0,0.0,,0.0,normalDay
2019-07-26,609.0,571.0,0.0,0,302.01,0.0,1,6.71,1.0,SPY190930P00272000,272.0,0,0.0,0.0,,0.0,normalDay
2019-07-29,609.0,569.0,0.0,0,301.46,0.0,1,6.71,1.02,SPY190930P00272000,272.0,0,0.0,0.0,,0.0,normalDay
2019-07-30,609.0,552.0,0.0,0,300.72,0.0,1,6.71,1.19,SPY190930P00272000,272.0,0,0.0,0.0,,0.0,normalDay
2019-07-31,609.0,505.0,0.0,0,297.43,0.0,1,6.71,1.66,SPY190930P00272000,272.0,0,0.0,0.0,,0.0,normalDay
2019-08-01,609.0,450.0,0.0,0,294.84,0.0,1,6.71,2.21,SPY190930P00272000,272.0,0,0.0,0.0,,0.0,normalDay
2019-08-02,609.0,419.0,0.0,0,292.62,0.0,1,6.71,2.52,SPY190930P00272000,272.0,0,0.0,0.0,,0.0,normalDay
2019-08-05,609.0,113.0,0.0,0,283.82,0.0,1,6.71,5.58,SPY190930P00272000,272.0,0,0.0,0.0,,0.0,normalDay
2019-08-06,609.0,304.0,0.0,0,287.8,0.0,1,6.71,3.67,SPY190930P00272000,272.0,0,0.0,0.0,,0.0,normalDay
2019-08-07,609.0,314.0,0.0,0,287.97,0.0,1,6.71,3.57,SPY190930P00272000,272.0,0,0.0,0.0,,0.0,normalDay
2019-08-08,609.0,455.0,0.0,0,293.62,0.0,1,6.71,2.16,SPY190930P00272000,272.0,0,0.0,0.0,,0.0,normalDay
2019-08-09,609.0,417.0,0.0,0,291.62,0.0,1,6.71,2.54,SPY190930P00272000,272.0,0,0.0,0.0,,0.0,normalDay
2019-08-12,609.0,304.0,0.0,0,288.07,0.0,1,6.71,3.67,SPY190930P00272000,272.0,0,0.0,0.0,,0.0,normalDay
2019-08-13,609.0,445.0,0.0,0,292.55,0.0,1,6.71,2.26,SPY190930P00272000,272.0,0,0.0,0.0,,0.0,normalDay
2019-08-14,609.0,211.0,0.0,0,283.9,0.0,1,6.71,4.6,SPY190930P00272000,272.0,0,0.0,0.0,,0.0,normalDay
2019-08-15,609.0,255.0,0.0,0,284.65,0.0,1,6.71,4.16,SPY190930P00272000,272.0,0,0.0,0.0,,0.0,normalDay
2019-08-16,609.0,398.0,0.0,0,288.85,0.0,1,6.71,2.73,SPY190930P00272000,272.0,0,0.0,0.0,,0.0,normalDay
2019-08-19,609.0,499.0,0.0,0,292.33,0.0,1,6.71,1.72,SPY190930P00272000,272.0,0,0.0,0.0,,0.0,normalDay
2019-08-20,609.0,460.0,0.0,0,290.09,0.0,1,6.71,2.11,SPY190930P00272000,272.0,0,0.0,0.0,,0.0,normalDay
2019-08-21,609.0,534.0,0.0,0,292.45,0.0,1,6.71,1.37,SPY190930P00272000,272.0,0,0.0,0.0,,0.0,normalDay
2019-08-22,609.0,517.0,0.0,0,292.36,0.0,1,6.71,1.54,SPY190930P00272000,272.0,0,0.0,0.0,,0.0,normalDay
2019-08-23,609.0,369.0,0.0,0,284.85,0.0,1,6.71,3.02,SPY190930P00272000,272.0,0,0.0,0.0,,0.0,normalDay
2019-08-26,609.0,442.0,0.0,0,288.0,0.0,1,6.71,2.29,SPY190930P00272000,272.0,0,0.0,0.0,,0.0,normalDay
2019-08-27,609.0,405.0,0.0,0,286.87,0.0,1,6.71,2.66,SPY190930P00272000,272.0,0,0.0,0.0,,0.0,normalDay
2019-08-28,609.0,465.0,0.0,0,288.89,0.0,1,6.71,2.06,SPY190930P00272000,272.0,0,0.0,0.0,,0.0,normalDay
2019-08-29,609.0,529.0,0.0,0,292.58,0.0,1,6.71,1.42,SPY190930P00272000,272.0,0,0.0,0.0,,0.0,normalDay
2019-08-30,609.0,520.0,0.0,0,292.45,0.0,1,6.71,1.51,SPY190930P00272000,272.0,0,0.0,0.0,,0.0,normalDay
2019-09-03,609.0,514.0,0.0,0,290.74,0.0,1,6.71,1.57,SPY190930P00272000,272.0,0,0.0,0.0,,0.0,normalDay
2019-09-04,609.0,586.0,0.0,0,294.04,0.0,1,6.71,0.85,SPY190930P00272000,272.0,0,0.0,0.0,,0.0,normalDay
2019-09-05,609.0,615.0,0.0,0,297.82,0.0,1,6.71,0.56,SPY190930P00272000,272.0,0,0.0,0.0,,0.0,normalDay
2019-09-06,609.0,633.0,0.0,0,298.05,0.0,1,6.71,0.38,SPY190930P00272000,272.0,0,0.0,0.0,,0.0,normalDay
2019-09-09,609.0,638.0,0.0,0,298.2,0.0,1,6.71,0.33,SPY190930P00272000,272.0,0,0.0,0.0,,0.0,normalDay
2019-09-10,609.0,641.0,0.0,0,298.13,0.0,1,6.71,0.3,SPY190930P00272000,272.0,0,0.0,0.0,,0.0,normalDay
2019-09-11,609.0,650.0,0.0,0,300.25,0.0,1,6.71,0.21,SPY190930P00272000,272.0,0,0.0,0.0,,0.0,normalDay
2019-09-12,609.0,654.0,0.0,0,301.29,0.0,1,6.71,0.17,SPY190930P00272000,272.0,0,0.0,0.0,,0.0,normalDay
2019-09-13,609.0,656.0,0.0,0,301.09,0.0,1,6.71,0.15,SPY190930P00272000,272.0,0,0.0,0.0,,0.0,normalDay
2019-09-16,609.0,657.0,0.0,0,300.16,0.0,1,6.71,0.14,SPY190930P00272000,272.0,0,0.0,0.0,,0.0,normalDay
2019-09-17,609.0,658.0,0.0,0,300.92,0.0,1,6.71,0.13,SPY190930P00272000,272.0,0,0.0,0.0,,0.0,normalDay
2019-09-18,609.0,660.0,0.0,0,301.1,0.0,1,6.71,0.11,SPY190930P00272000,272.0,0,0.0,0.0,,0.0,normalDay
2019-09-19,609.0,662.0,0.0,0,301.08,0.0,1,6.71,0.09,SPY190930P00272000,272.0,0,0.0,0.0,,0.0,normalDay
2019-09-20,609.0,663.0,0.0,0,298.28,0.0,1,6.71,0.08,SPY190930P00272000,272.0,0,0.0,0.0,,0.0,normalDay
2019-09-23,609.0,667.0,0.0,0,298.21,0.0,1,6.71,0.04,SPY190930P00272000,272.0,0,0.0,0.0,,0.0,normalDay
2019-09-24,609.0,663.0,0.0,0,295.87,0.0,1,6.71,0.08,SPY190930P00272000,272.0,0,0.0,0.0,,0.0,normalDay
2019-09-25,609.0,668.0,0.0,0,297.62,0.0,1,6.71,0.03,SPY190930P00272000,272.0,0,0.0,0.0,,0.0,normalDay
2019-09-26,609.0,669.0,0.0,0,297.0,0.0,1,6.71,0.02,SPY190930P00272000,272.0,0,0.0,0.0,,0.0,normalDay
2019-09-27,609.0,669.0,0.0,0,295.4,0.0,1,6.71,0.02,SPY190930P00272000,272.0,0,0.0,0.0,,0.0,normalDay
2019-09-30,1280.0,0.0,671.0,0,296.77,0.0,1,6.71,0.0,SPY190930P00272000,272.0,0,0.0,0.0,,0.0,expirationDay
2019-10-01,1280.0,-10.0,0.0,0,293.24,0.0,1,13.24,13.34,SPY200331P00291000,291.0,0,0.0,0.0,,0.0,normalDay
2019-10-02,1280.0,-302.0,0.0,0,288.06,0.0,1,13.24,16.26,SPY200331P00291000,291.0,0,0.0,0.0,,0.0,normalDay
2019-10-03,1280.0,-151.0,0.0,0,290.42,0.0,1,13.24,14.75,SPY200331P00291000,291.0,0,0.0,0.0,,0.0,normalDay
2019-10-04,1280.0,65.0,0.0,0,294.35,0.0,1,13.24,12.59,SPY200331P00291000,291.0,0,0.0,0.0,,0.0,normalDay
2019-10-07,1280.0,20.0,0.0,0,293.08,0.0,1,13.24,13.04,SPY200331P00291000,291.0,0,0.0,0.0,,0.0,normalDay
2019-10-08,1280.0,-218.0,0.0,0,288.53,0.0,1,13.24,15.42,SPY200331P00291000,291.0,0,0.0,0.0,,0.0,normalDay
2019-10-09,1280.0,-77.0,0.0,0,291.27,0.0,1,13.24,14.01,SPY200331P00291000,291.0,0,0.0,0.0,,0.0,normalDay
2019-10-10,1280.0,46.0,0.0,0,293.24,0.0,1,13.24,12.78,SPY200331P00291000,291.0,0,0.0,0.0,,0.0,normalDay
2019-10-11,1280.0,211.0,0.0,0,296.28,0.0,1,13.24,11.13,SPY200331P00291000,291.0,0,0.0,0.0,,0.0,normalDay
2019-10-14,1280.0,228.0,0.0,0,295.95,0.0,1,13.24,10.96,SPY200331P00291000,291.0,0,0.0,0.0,,0.0,normalDay
2019-10-15,1280.0,358.0,0.0,0,298.88,0.0,1,13.24,9.66,SPY200331P00291000,291.0,0,0.0,0.0,,0.0,normalDay
2019-10-16,1280.0,353.0,0.0,0,298.4,0.0,1,13.24,9.71,SPY200331P00291000,291.0,0,0.0,0.0,,0.0,normalDay
2019-10-17,1280.0,376.0,0.0,0,299.28,0.0,1,13.24,9.48,SPY200331P00291000,291.0,0,0.0,0.0,,0.0,normalDay
2019-10-18,1280.0,336.0,0.0,0,297.97,0.0,1,13.24,9.88,SPY200331P00291000,291.0,0,0.0,0.0,,0.0,normalDay
2019-10-21,1280.0,428.0,0.0,0,299.99,0.0,1,13.24,8.96,SPY200331P00291000,291.0,0,0.0,0.0,,0.0,normalDay
2019-10-22,1280.0,388.0,0.0,0,299.01,0.0,1,13.24,9.36,SPY200331P00291000,291.0,0,0.0,0.0,,0.0,normalDay
2019-10-23,1280.0,433.0,0.0,0,299.88,0.0,1,13.24,8.91,SPY200331P00291000,291.0,0,0.0,0.0,,0.0,normalDay
2019-10-24,1280.0,447.0,0.0,0,300.37,0.0,1,13.24,8.77,SPY200331P00291000,291.0,0,0.0,0.0,,0.0,normalDay
2019-10-25,1280.0,509.0,0.0,0,301.6,0.0,1,13.24,8.15,SPY200331P00291000,291.0,0,0.0,0.0,,0.0,normalDay
2019-10-28,1280.0,556.0,0.0,0,303.3,0.0,1,13.24,7.68,SPY200331P00291000,291.0,0,0.0,0.0,,0.0,normalDay
2019-10-29,1280.0,544.0,0.0,0,303.21,0.0,1,13.24,7.8,SPY200331P00291000,291.0,0,0.0,0.0,,0.0,normalDay
2019-10-30,1280.0,593.0,0.0,0,304.14,0.0,1,13.24,7.31,SPY200331P00291000,291.0,0,0.0,0.0,,0.0,normalDay
2019-10-31,1280.0,549.0,0.0,0,303.33,0.0,1,13.24,7.75,SPY200331P00291000,291.0,0,0.0,0.0,,0.0,normalDay
2019-11-01,1280.0,637.0,0.0,0,306.14,0.0,1,13.24,6.87,SPY200331P00291000,291.0,0,0.0,0.0,,0.0,normalDay
2019-11-04,1280.0,671.0,0.0,0,307.37,0.0,1,13.24,6.53,SPY200331P00291000,291.0,0,0.0,0.0,,0.0,normalDay
2019-11-05,1280.0,653.0,0.0,0,307.03,0.0,1,13.24,6.71,SPY200331P00291000,291.0,0,0.0,0.0,,0.0,normalDay
2019-11-06,1280.0,659.0,0.0,0,307.1,0.0,1,13.24,6.65,SPY200331P00291000,291.0,0,0.0,0.0,,0.0,normalDay
2019-11-07,1280.0,679.0,0.0,0,308.18,0.0,1,13.24,6.45,SPY200331P00291000,291.0,0,0.0,0.0,,0.0,normalDay
2019-11-08,1280.0,713.0,0.0,0,308.94,0.0,1,13.24,6.11,SPY200331P00291000,291.0,0,0.0,0.0,,0.0,normalDay
2019-11-11,1280.0,707.0,0.0,0,308.35,0.0,1,13.24,6.17,SPY200331P00291000,291.0,0,0.0,0.0,,0.0,normalDay
2019-11-12,1280.0,716.0,0.0,0,309.0,0.0,1,13.24,6.08,SPY200331P00291000,291.0,0,0.0,0.0,,0.0,normalDay
2019-11-13,1280.0,720.0,0.0,0,309.1,0.0,1,13.24,6.04,SPY200331P00291000,291.0,0,0.0,0.0,,0.0,normalDay
2019-11-14,1280.0,734.0,0.0,0,309.55,0.0,1,13.24,5.9,SPY200331P00291000,291.0,0,0.0,0.0,,0.0,normalDay
2019-11-15,1280.0,800.0,0.0,0,311.79,0.0,1,13.24,5.24,SPY200331P00291000,291.0,0,0.0,0.0,,0.0,normalDay
2019-11-18,1280.0,812.0,0.0,0,312.02,0.0,1,13.24,5.12,SPY200331P00291000,291.0,0,0.0,0.0,,0.0,normalDay
2019-11-19,1280.0,799.0,0.0,0,311.93,0.0,1,13.24,5.25,SPY200331P00291000,291.0,0,0.0,0.0,,0.0,normalDay
2019-11-20,1280.0,766.0,0.0,0,310.77,0.0,1,13.24,5.58,SPY200331P00291000,291.0,0,0.0,0.0,,0.0,normalDay
2019-11-21,1280.0,754.0,0.0,0,310.27,0.0,1,13.24,5.7,SPY200331P00291000,291.0,0,0.0,0.0,,0.0,normalDay
2019-11-22,1280.0,788.0,0.0,0,310.96,0.0,1,13.24,5.36,SPY200331P00291000,291.0,0,0.0,0.0,,0.0,normalDay
2019-11-25,1280.0,858.0,0.0,0,313.37,0.0,1,13.24,4.66,SPY200331P00291000,291.0,0,0.0,0.0,,0.0,normalDay
2019-11-26,1280.0,886.0,0.0,0,314.08,0.0,1,13.24,4.38,SPY200331P00291000,291.0,0,0.0,0.0,,0.0,normalDay
2019-11-27,1280.0,907.0,0.0,0,315.48,0.0,1,13.24,4.17,SPY200331P00291000,291.0,0,0.0,0.0,,0.0,normalDay
2019-11-29,1280.0,872.0,0.0,0,314.31,0.0,1,13.24,4.52,SPY200331P00291000,291.0,0,0.0,0.0,,0.0,normalDay
2019-12-02,1280.0,788.0,0.0,0,311.64,0.0,1,13.24,5.36,SPY200331P00291000,291.0,0,0.0,0.0,,0.0,normalDay
2019-12-03,1280.0,714.0,0.0,0,309.55,0.0,1,13.24,6.1,SPY200331P00291000,291.0,0,0.0,0.0,,0.0,normalDay
2019-12-04,1280.0,775.0,0.0,0,311.46,0.0,1,13.24,5.49,SPY200331P00291000,291.0,0,0.0,0.0,,0.0,normalDay
2019-12-05,1280.0,809.0,0.0,0,312.02,0.0,1,13.24,5.15,SPY200331P00291000,291.0,0,0.0,0.0,,0.0,normalDay
2019-12-06,1280.0,882.0,0.0,0,314.87,0.0,1,13.24,4.42,SPY200331P00291000,291.0,0,0.0,0.0,,0.0,normalDay
2019-12-09,1280.0,840.0,0.0,0,313.88,0.0,1,13.24,4.84,SPY200331P00291000,291.0,0,0.0,0.0,,0.0,normalDay
2019-12-10,1280.0,852.0,0.0,0,313.53,0.0,1,13.24,4.72,SPY200331P00291000,291.0,0,0.0,0.0,,0.0,normalDay
2019-12-11,1280.0,882.0,0.0,0,314.42,0.0,1,13.24,4.42,SPY200331P00291000,291.0,0,0.0,0.0,,0.0,normalDay
2019-12-12,1280.0,950.0,0.0,0,317.13,0.0,1,13.24,3.74,SPY200331P00291000,291.0,0,0.0,0.0,,0.0,normalDay
2019-12-13,1280.0,990.0,0.0,0,317.32,0.0,1,13.24,3.34,SPY200331P00291000,291.0,0,0.0,0.0,,0.0,normalDay
2019-12-16,1280.0,1041.0,0.0,0,319.5,0.0,1,13.24,2.83,SPY200331P00291000,291.0,0,0.0,0.0,,0.0,normalDay
2019-12-17,1280.0,1039.0,0.0,0,319.57,0.0,1,13.24,2.85,SPY200331P00291000,291.0,0,0.0,0.0,,0.0,normalDay
2019-12-18,1280.0,1039.0,0.0,0,319.59,0.0,1,13.24,2.85,SPY200331P00291000,291.0,0,0.0,0.0,,0.0,normalDay
2019-12-19,1280.0,1061.0,0.0,0,320.9,0.0,1,13.24,2.63,SPY200331P00291000,291.0,0,0.0,0.0,,0.0,normalDay
2019-12-20,1280.0,1070.0,0.0,0,320.73,0.0,1,13.24,2.54,SPY200331P00291000,291.0,0,0.0,0.0,,0.0,normalDay
2019-12-23,1280.0,1072.0,0.0,0,321.22,0.0,1,13.24,2.52,SPY200331P00291000,291.0,0,0.0,0.0,,0.0,normalDay
2019-12-24,1280.0,1078.0,0.0,0,321.23,0.0,1,13.24,2.46,SPY200331P00291000,291.0,0,0.0,0.0,,0.0,normalDay
2019-12-26,1280.0,1102.0,0.0,0,322.94,0.0,1,13.24,2.22,SPY200331P00291000,291.0,0,0.0,0.0,,0.0,normalDay
2019-12-27,1280.0,1091.0,0.0,0,322.86,0.0,1,13.24,2.33,SPY200331P00291000,291.0,0,0.0,0.0,,0.0,normalDay
2019-12-30,1280.0,1065.0,0.0,0,321.08,0.0,1,13.24,2.59,SPY200331P00291000,291.0,0,0.0,0.0,,0.0,normalDay
2019-12-31,1280.0,1095.0,0.0,0,321.86,0.0,1,13.24,2.29,SPY200331P00291000,291.0,0,0.0,0.0,,0.0,normalDay
2020-01-02,1280.0,1141.0,0.0,0,324.87,0.0,1,13.24,1.83,SPY200331P00291000,291.0,0,0.0,0.0,,0.0,normalDay
2020-01-03,1280.0,1099.0,0.0,0,322.41,0.0,1,13.24,2.25,SPY200331P00291000,291.0,0,0.0,0.0,,0.0,normalDay
2020-01-06,1280.0,1126.0,0.0,0,323.64,0.0,1,13.24,1.98,SPY200331P00291000,291.0,0,0.0,0.0,,0.0,normalDay
2020-01-07,1280.0,1117.0,0.0,0,322.73,0.0,1,13.24,2.07,SPY200331P00291000,291.0,0,0.0,0.0,,0.0,normalDay
2020-01-08,1280.0,1145.0,0.0,0,324.45,0.0,1,13.24,1.79,SPY200331P00291000,291.0,0,0.0,0.0,,0.0,normalDay
2020-01-09,1280.0,1175.0,0.0,0,326.65,0.0,1,13.24,1.49,SPY200331P00291000,291.0,0,0.0,0.0,,0.0,normalDay
2020-01-10,1280.0,1170.0,0.0,0,325.71,0.0,1,13.24,1.54,SPY200331P00291000,291.0,0,0.0,0.0,,0.0,normalDay
2020-01-13,1280.0,1199.0,0.0,0,327.95,0.0,1,13.24,1.25,SPY200331P00291000,291.0,0,0.0,0.0,,0.0,normalDay
2020-01-14,1280.0,1201.0,0.0,0,327.45,0.0,1,13.24,1.23,SPY200331P00291000,291.0,0,0.0,0.0,,0.0,normalDay
2020-01-15,1280.0,1207.0,0.0,0,328.19,0.0,1,13.24,1.17,SPY200331P00291000,291.0,0,0.0,0.0,,0.0,normalDay
2020-01-16,1280.0,1223.0,0.0,0,330.92,0.0,1,13.24,1.01,SPY200331P00291000,291.0,0,0.0,0.0,,0.0,normalDay
2020-01-17,1280.0,1231.0,0.0,0,331.95,0.0,1,13.24,0.93,SPY200331P00291000,291.0,0,0.0,0.0,,0.0,normalDay
2020-01-21,1280.0,1229.0,0.0,0,331.3,0.0,1,13.24,0.95,SPY200331P00291000,291.0,0,0.0,0.0,,0.0,normalDay
2020-01-22,1280.0,1230.0,0.0,0,331.34,0.0,1,13.24,0.94,SPY200331P00291000,291.0,0,0.0,0.0,,0.0,normalDay
2020-01-23,1280.0,1232.0,0.0,0,331.72,0.0,1,13.24,0.92,SPY200331P00291000,291.0,0,0.0,0.0,,0.0,normalDay
2020-01-24,1280.0,1203.0,0.0,0,328.77,0.0,1,13.24,1.21,SPY200331P00291000,291.0,0,0.0,0.0,,0.0,normalDay
2020-01-27,1280.0,1115.0,0.0,0,323.5,0.0,1,13.24,2.09,SPY200331P00291000,291.0,0,0.0,0.0,,0.0,normalDay
2020-01-28,1280.0,1178.0,0.0,0,326.89,0.0,1,13.24,1.46,SPY200331P00291000,291.0,0,0.0,0.0,,0.0,normalDay
2020-01-29,1280.0,1180.0,0.0,0,326.62,0.0,1,13.24,1.44,SPY200331P00291000,291.0,0,0.0,0.0,,0.0,normalDay
2020-01-30,1280.0,1205.0,0.0,0,327.68,0.0,1,13.24,1.19,SPY200331P00291000,291.0,0,0.0,0.0,,0.0,normalDay
2020-01-31,1280.0,1119.0,0.0,0,321.73,0.0,1,13.24,2.05,SPY200331P00291000,291.0,0,0.0,0.0,,0.0,normalDay
2020-02-03,1280.0,1154.0,0.0,0,324.12,0.0,1,13.24,1.7,SPY200331P00291000,291.0,0,0.0,0.0,,0.0,normalDay
2020-02-04,1280.0,1221.0,0.0,0,329.06,0.0,1,13.24,1.03,SPY200331P00291000,291.0,0,0.0,0.0,,0.0,normalDay
2020-02-05,1280.0,1247.0,0.0,0,332.86,0.0,1,13.24,0.77,SPY200331P00291000,291.0,0,0.0,0.0,,0.0,normalDay
2020-02-06,1280.0,1250.0,0.0,0,333.98,0.0,1,13.24,0.74,SPY200331P00291000,291.0,0,0.0,0.0,,0.0,normalDay
2020-02-07,1280.0,1243.0,0.0,0,332.2,0.0,1,13.24,0.81,SPY200331P00291000,291.0,0,0.0,0.0,,0.0,normalDay
2020-02-10,1280.0,1259.0,0.0,0,334.68,0.0,1,13.24,0.65,SPY200331P00291000,291.0,0,0.0,0.0,,0.0,normalDay
2020-02-11,1280.0,1261.0,0.0,0,335.26,0.0,1,13.24,0.63,SPY200331P00291000,291.0,0,0.0,0.0,,0.0,normalDay
2020-02-12,1280.0,1275.0,0.0,0,337.42,0.0,1,13.24,0.49,SPY200331P00291000,291.0,0,0.0,0.0,,0.0,normalDay
2020-02-13,1280.0,1274.0,0.0,0,337.06,0.0,1,13.24,0.5,SPY200331P00291000,291.0,0,0.0,0.0,,0.0,normalDay
2020-02-14,1280.0,1279.0,0.0,0,337.6,0.0,1,13.24,0.45,SPY200331P00291000,291.0,0,0.0,0.0,,0.0,normalDay
2020-02-18,1280.0,1277.0,0.0,0,336.73,0.0,1,13.24,0.47,SPY200331P00291000,291.0,0,0.0,0.0,,0.0,normalDay
2020-02-19,1280.0,1284.0,0.0,0,338.34,0.0,1,13.24,0.4,SPY200331P00291000,291.0,0,0.0,0.0,,0.0,normalDay
2020-02-20,1280.0,1276.0,0.0,0,336.95,0.0,1,13.24,0.48,SPY200331P00291000,291.0,0,0.0,0.0,,0.0,normalDay
2020-02-21,1280.0,1260.0,0.0,0,333.48,0.0,1,13.24,0.64,SPY200331P00291000,291.0,0,0.0,0.0,,0.0,normalDay
2020-02-24,1280.0,1109.0,0.0,0,322.42,0.0,1,13.24,2.15,SPY200331P00291000,291.0,0,0.0,0.0,,0.0,normalDay
2020-02-25,1280.0,977.0,0.0,0,312.65,0.0,1,13.24,3.47,SPY200331P00291000,291.0,0,0.0,0.0,,0.0,normalDay
2020-02-26,1280.0,972.0,0.0,0,311.5,0.0,1,13.24,3.52,SPY200331P00291000,291.0,0,0.0,0.0,,0.0,normalDay
2020-02-27,1280.0,316.0,0.0,0,297.51,0.0,1,13.24,10.08,SPY200331P00291000,291.0,0,0.0,0.0,,0.0,normalDay
2020-02-28,1280.0,230.0,0.0,0,296.26,0.0,1,13.24,10.94,SPY200331P00291000,291.0,0,0.0,0.0,,0.0,normalDay
2020-03-02,1280.0,834.0,0.0,0,309.09,0.0,1,13.24,4.9,SPY200331P00291000,291.0,0,0.0,0.0,,0.0,normalDay
2020-03-03,1280.0,550.0,0.0,0,300.24,0.0,1,13.24,7.74,SPY200331P00291000,291.0,0,0.0,0.0,,0.0,normalDay
2020-03-04,1280.0,913.0,0.0,0,312.86,0.0,1,13.24,4.11,SPY200331P00291000,291.0,0,0.0,0.0,,0.0,normalDay
2020-03-05,1280.0,507.0,0.0,0,302.46,0.0,1,13.24,8.17,SPY200331P00291000,291.0,0,0.0,0.0,,0.0,normalDay
2020-03-06,1280.0,322.0,0.0,0,297.46,0.0,1,13.24,10.02,SPY200331P00291000,291.0,0,0.0,0.0,,0.0,normalDay
2020-03-09,1280.0,-1065.0,0.0,0,274.23,0.0,1,13.24,23.89,SPY200331P00291000,291.0,0,0.0,0.0,,0.0,normalDay
2020-03-10,1280.0,-74.0,0.0,0,288.42,0.0,1,13.24,13.98,SPY200331P00291000,291.0,0,0.0,0.0,,0.0,normalDay
2020-03-11,1280.0,-1005.0,0.0,0,274.36,0.0,1,13.24,23.29,SPY200331P00291000,291.0,0,0.0,0.0,,0.0,normalDay
2020-03-12,1280.0,-3207.0,0.0,0,248.11,0.0,1,13.24,45.31,SPY200331P00291000,291.0,0,0.0,0.0,,0.0,normalDay
2020-03-13,1280.0,-1282.0,0.0,0,269.32,0.0,1,13.24,26.06,SPY200331P00291000,291.0,0,0.0,0.0,,0.0,normalDay
2020-03-16,1280.0,-3662.0,0.0,0,239.85,0.0,1,13.24,49.86,SPY200331P00291000,291.0,0,0.0,0.0,,0.0,normalDay
2020-03-17,1280.0,-2844.0,0.0,0,252.8,0.0,1,13.24,41.68,SPY200331P00291000,291.0,0,0.0,0.0,,0.0,normalDay
2020-03-18,1280.0,-4040.0,0.0,0,240.0,0.0,1,13.24,53.64,SPY200331P00291000,291.0,0,0.0,0.0,,0.0,normalDay
2020-03-19,1280.0,-3997.0,0.0,0,240.51,0.0,1,13.24,53.21,SPY200331P00291000,291.0,0,0.0,0.0,,0.0,normalDay
2020-03-20,1280.0,-4927.0,0.0,0,228.8,0.0,1,13.24,62.51,SPY200331P00291000,291.0,0,0.0,0.0,,0.0,normalDay
2020-03-23,1280.0,-5720.0,0.0,0,222.95,0.0,1,13.24,70.44,SPY200331P00291000,291.0,0,0.0,0.0,,0.0,normalDay
2020-03-24,1280.0,-3584.0,0.0,0,243.15,0.0,1,13.24,49.08,SPY200331P00291000,291.0,0,0.0,0.0,,0.0,normalDay
2020-03-25,1280.0,-3106.0,0.0,0,246.79,0.0,1,13.24,44.3,SPY200331P00291000,291.0,0,0.0,0.0,,0.0,normalDay
2020-03-26,1280.0,-1721.0,0.0,0,261.2,0.0,1,13.24,30.45,SPY200331P00291000,291.0,0,0.0,0.0,,0.0,normalDay
2020-03-27,1280.0,-2500.0,0.0,0,253.42,0.0,1,13.24,38.24,SPY200331P00291000,291.0,0,0.0,0.0,,0.0,normalDay
2020-03-30,1280.0,-1694.0,0.0,0,261.65,0.0,1,13.24,30.18,SPY200331P00291000,291.0,0,0.0,0.0,,0.0,normalDay
2020-03-31,2604.0,-3325.0,1324.0,100,257.75,291.0,1,13.24,0.0,SPY200331P00291000,291.0,0,0.0,0.0,,0.0,expirationDay
2020-04-01,2604.0,-4489.0,0.0,100,246.15,291.0,0,0.0,0.0,,0.0,1,0.03,0.07,SPY200406C00279000,279.0,normalDay
2020-04-02,2604.0,-3919.0,0.0,100,251.83,291.0,0,0.0,0.0,,0.0,1,0.03,0.05,SPY200406C00279000,279.0,normalDay
2020-04-03,2604.0,-4279.0,0.0,100,248.19,291.0,0,0.0,0.0,,0.0,1,0.03,0.01,SPY200406C00279000,279.0,normalDay
2020-04-06,2607.0,-2614.0,3.0,100,264.86,291.0,0,0.0,0.0,,0.0,1,0.03,0.0,SPY200406C00279000,279.0,expirationDay
2020-04-07,2607.0,-2601.0,0.0,100,265.13,291.0,0,0.0,0.0,,0.0,1,5.77,5.91,SPY200413C00264000,264.0,normalDay
2020-04-08,2607.0,-2291.0,0.0,100,274.03,291.0,0,0.0,0.0,,0.0,1,5.77,11.71,SPY200413C00264000,264.0,normalDay
2020-04-09,2607.0,-2187.0,0.0,100,278.2,291.0,0,0.0,0.0,,0.0,1,5.77,14.84,SPY200413C00264000,264.0,normalDay
2020-04-13,484.0,-2187.0,-2123.0,0,275.66,0.0,0,0.0,0.0,,0.0,1,5.77,0.0,SPY200413C00264000,264.0,expirationDay
2020-04-14,484.0,-28.0,0.0,0,283.79,0.0,1,6.37,6.65,SPY201120P00206000,206.0,0,0.0,0.0,,0.0,normalDay
2020-04-15,484.0,-172.0,0.0,0,277.76,0.0,1,6.37,8.09,SPY201120P00206000,206.0,0,0.0,0.0,,0.0,normalDay
2020-04-16,484.0,-155.0,0.0,0,279.1,0.0,1,6.37,7.92,SPY201120P00206000,206.0,0,0.0,0.0,,0.0,normalDay
2020-04-17,484.0,-34.0,0.0,0,286.64,0.0,1,6.37,6.71,SPY201120P00206000,206.0,0,0.0,0.0,,0.0,normalDay
2020-04-20,484.0,-176.0,0.0,0,281.59,0.0,1,6.37,8.13,SPY201120P00206000,206.0,0,0.0,0.0,,0.0,normalDay
2020-04-21,484.0,-348.0,0.0,0,273.04,0.0,1,6.37,9.85,SPY201120P00206000,206.0,0,0.0,0.0,,0.0,normalDay
2020-04-22,484.0,-243.0,0.0,0,279.1,0.0,1,6.37,8.8,SPY201120P00206000,206.0,0,0.0,0.0,,0.0,normalDay
2020-04-23,484.0,-233.0,0.0,0,279.08,0.0,1,6.37,8.7,SPY201120P00206000,206.0,0,0.0,0.0,,0.0,normalDay
2020-04-24,484.0,-119.0,0.0,0,282.97,0.0,1,6.37,7.56,SPY201120P00206000,206.0,0,0.0,0.0,,0.0,normalDay
2020-04-27,484.0,2.0,0.0,0,287.05,0.0,1,6.37,6.35,SPY201120P00206000,206.0,0,0.0,0.0,,0.0,normalDay
2020-04-28,484.0,-2.0,0.0,0,285.73,0.0,1,6.37,6.39,SPY201120P00206000,206.0,0,0.0,0.0,,0.0,normalDay
2020-04-29,484.0,114.0,0.0,0,293.21,0.0,1,6.37,5.23,SPY201120P00206000,206.0,0,0.0,0.0,,0.0,normalDay
2020-04-30,484.0,41.0,0.0,0,290.48,0.0,1,6.37,5.96,SPY201120P00206000,206.0,0,0.0,0.0,,0.0,normalDay
2020-05-01,484.0,-83.0,0.0,0,282.79,0.0,1,6.37,7.2,SPY201120P00206000,206.0,0,0.0,0.0,,0.0,normalDay
2020-05-04,484.0,-48.0,0.0,0,283.57,0.0,1,6.37,6.85,SPY201120P00206000,206.0,0,0.0,0.0,,0.0,normalDay
2020-05-05,484.0,13.0,0.0,0,286.19,0.0,1,6.37,6.24,SPY201120P00206000,206.0,0,0.0,0.0,,0.0,normalDay
2020-05-06,484.0,-5.0,0.0,0,284.25,0.0,1,6.37,6.42,SPY201120P00206000,206.0,0,0.0,0.0,,0.0,normalDay
2020-05-07,484.0,66.0,0.0,0,287.68,0.0,1,6.37,5.71,SPY201120P00206000,206.0,0,0.0,0.0,,0.0,normalDay
2020-05-08,484.0,163.0,0.0,0,292.44,0.0,1,6.37,4.74,SPY201120P00206000,206.0,0,0.0,0.0,,0.0,normalDay
2020-05-11,484.0,181.0,0.0,0,292.5,0.0,1,6.37,4.56,SPY201120P00206000,206.0,0,0.0,0.0,,0.0,normalDay
2020-05-12,484.0,72.0,0.0,0,286.67,0.0,1,6.37,5.65,SPY201120P00206000,206.0,0,0.0,0.0,,0.0,normalDay
2020-05-13,484.0,-22.0,0.0,0,281.6,0.0,1,6.37,6.59,SPY201120P00206000,206.0,0,0.0,0.0,,0.0,normalDay
2020-05-14,484.0,30.0,0.0,0,284.97,0.0,1,6.37,6.07,SPY201120P00206000,206.0,0,0.0,0.0,,0.0,normalDay
2020-05-15,484.0,58.0,0.0,0,286.28,0.0,1,6.37,5.79,SPY201120P00206000,206.0,0,0.0,0.0,,0.0,normalDay
2020-05-18,484.0,180.0,0.0,0,295.0,0.0,1,6.37,4.57,SPY201120P00206000,206.0,0,0.0,0.0,,0.0,normalDay
2020-05-19,484.0,150.0,0.0,0,291.97,0.0,1,6.37,4.87,SPY201120P00206000,206.0,0,0.0,0.0,,0.0,normalDay
2020-05-20,484.0,231.0,0.0,0,296.93,0.0,1,6.37,4.06,SPY201120P00206000,206.0,0,0.0,0.0,,0.0,normalDay
2020-05-21,484.0,208.0,0.0,0,294.88,0.0,1,6.37,4.29,SPY201120P00206000,206.0,0,0.0,0.0,,0.0,normalDay
2020-05-22,484.0,225.0,0.0,0,295.44,0.0,1,6.37,4.12,SPY201120P00206000,206.0,0,0.0,0.0,,0.0,normalDay
2020-05-26,484.0,272.0,0.0,0,299.08,0.0,1,6.37,3.65,SPY201120P00206000,206.0,0,0.0,0.0,,0.0,normalDay
2020-05-27,484.0,318.0,0.0,0,303.53,0.0,1,6.37,3.19,SPY201120P00206000,206.0,0,0.0,0.0,,0.0,normalDay
2020-05-28,484.0,301.0,0.0,0,302.97,0.0,1,6.37,3.36,SPY201120P00206000,206.0,0,0.0,0.0,,0.0,normalDay
2020-05-29,484.0,325.0,0.0,0,304.32,0.0,1,6.37,3.12,SPY201120P00206000,206.0,0,0.0,0.0,,0.0,normalDay
2020-06-01,484.0,326.0,0.0,0,305.55,0.0,1,6.37,3.11,SPY201120P00206000,206.0,0,0.0,0.0,,0.0,normalDay
2020-06-02,484.0,355.0,0.0,0,308.08,0.0,1,6.37,2.82,SPY201120P00206000,206.0,0,0.0,0.0,,0.0,normalDay
2020-06-03,484.0,385.0,0.0,0,312.18,0.0,1,6.37,2.52,SPY201120P00206000,206.0,0,0.0,0.0,,0.0,normalDay
2020-06-04,484.0,390.0,0.0,0,311.36,0.0,1,6.37,2.47,SPY201120P00206000,206.0,0,0.0,0.0,,0.0,normalDay
2020-06-05,484.0,431.0,0.0,0,319.34,0.0,1,6.37,2.06,SPY201120P00206000,206.0,0,0.0,0.0,,0.0,normalDay
2020-06-08,484.0,440.0,0.0,0,323.2,0.0,1,6.37,1.97,SPY201120P00206000,206.0,0,0.0,0.0,,0.0,normalDay
2020-06-09,484.0,409.0,0.0,0,320.79,0.0,1,6.37,2.28,SPY201120P00206000,206.0,0,0.0,0.0,,0.0,normalDay
2020-06-10,484.0,397.0,0.0,0,319.0,0.0,1,6.37,2.4,SPY201120P00206000,206.0,0,0.0,0.0,,0.0,normalDay
2020-06-11,484.0,124.0,0.0,0,300.61,0.0,1,6.37,5.13,SPY201120P00206000,206.0,0,0.0,0.0,,0.0,normalDay
2020-06-12,484.0,189.0,0.0,0,304.21,0.0,1,6.37,4.48,SPY201120P00206000,206.0,0,0.0,0.0,,0.0,normalDay
2020-06-15,484.0,251.0,0.0,0,307.05,0.0,1,6.37,3.86,SPY201120P00206000,206.0,0,0.0,0.0,,0.0,normalDay
2020-06-16,484.0,296.0,0.0,0,312.96,0.0,1,6.37,3.41,SPY201120P00206000,206.0,0,0.0,0.0,,0.0,normalDay
2020-06-17,484.0,293.0,0.0,0,311.66,0.0,1,6.37,3.44,SPY201120P00206000,206.0,0,0.0,0.0,,0.0,normalDay
2020-06-18,484.0,306.0,0.0,0,311.78,0.0,1,6.37,3.31,SPY201120P00206000,206.0,0,0.0,0.0,,0.0,normalDay
2020-06-19,484.0,274.0,0.0,0,308.64,0.0,1,6.37,3.63,SPY201120P00206000,206.0,0,0.0,0.0,,0.0,normalDay
2020-06-22,484.0,345.0,0.0,0,310.62,0.0,1,6.37,2.92,SPY201120P00206000,206.0,0,0.0,0.0,,0.0,normalDay
2020-06-23,484.0,366.0,0.0,0,312.05,0.0,1,6.37,2.71,SPY201120P00206000,206.0,0,0.0,0.0,,0.0,normalDay
2020-06-24,484.0,316.0,0.0,0,304.09,0.0,1,6.37,3.21,SPY201120P00206000,206.0,0,0.0,0.0,,0.0,normalDay
2020-06-25,484.0,362.0,0.0,0,307.35,0.0,1,6.37,2.75,SPY201120P00206000,206.0,0,0.0,0.0,,0.0,normalDay
2020-06-26,484.0,307.0,0.0,0,300.05,0.0,1,6.37,3.3,SPY201120P00206000,206.0,0,0.0,0.0,,0.0,normalDay
2020-06-29,484.0,364.0,0.0,0,304.46,0.0,1,6.37,2.73,SPY201120P00206000,206.0,0,0.0,0.0,,0.0,normalDay
2020-06-30,484.0,407.0,0.0,0,308.36,0.0,1,6.37,2.3,SPY201120P00206000,206.0,0,0.0,0.0,,0.0,normalDay
2020-07-01,484.0,424.0,0.0,0,310.52,0.0,1,6.37,2.13,SPY201120P00206000,206.0,0,0.0,0.0,,0.0,normalDay
2020-07-02,484.0,442.0,0.0,0,312.23,0.0,1,6.37,1.95,SPY201120P00206000,206.0,0,0.0,0.0,,0.0,normalDay
2020-07-06,484.0,459.0,0.0,0,317.05,0.0,1,6.37,1.78,SPY201120P00206000,206.0,0,0.0,0.0,,0.0,normalDay
2020-07-07,484.0,438.0,0.0,0,313.78,0.0,1,6.37,1.99,SPY201120P00206000,206.0,0,0.0,0.0,,0.0,normalDay
2020-07-08,484.0,459.0,0.0,0,316.18,0.0,1,6.37,1.78,SPY201120P00206000,206.0,0,0.0,0.0,,0.0,normalDay
2020-07-09,484.0,448.0,0.0,0,314.38,0.0,1,6.37,1.89,SPY201120P00206000,206.0,0,0.0,0.0,,0.0,normalDay
2020-07-10,484.0,465.0,0.0,0,317.59,0.0,1,6.37,1.72,SPY201120P00206000,206.0,0,0.0,0.0,,0.0,normalDay
2020-07-13,484.0,409.0,0.0,0,314.84,0.0,1,6.37,2.28,SPY201120P00206000,206.0,0,0.0,0.0,,0.0,normalDay
2020-07-14,484.0,456.0,0.0,0,318.92,0.0,1,6.37,1.81,SPY201120P00206000,206.0,0,0.0,0.0,,0.0,normalDay
2020-07-15,484.0,475.0,0.0,0,321.85,0.0,1,6.37,1.62,SPY201120P00206000,206.0,0,0.0,0.0,,0.0,normalDay
2020-07-16,484.0,472.0,0.0,0,320.79,0.0,1,6.37,1.65,SPY201120P00206000,206.0,0,0.0,0.0,,0.0,normalDay
2020-07-17,484.0,494.0,0.0,0,321.72,0.0,1,6.37,1.43,SPY201120P00206000,206.0,0,0.0,0.0,,0.0,normalDay
2020-07-20,484.0,515.0,0.0,0,324.32,0.0,1,6.37,1.22,SPY201120P00206000,206.0,0,0.0,0.0,,0.0,normalDay
2020-07-21,484.0,514.0,0.0,0,325.01,0.0,1,6.37,1.23,SPY201120P00206000,206.0,0,0.0,0.0,,0.0,normalDay
2020-07-22,484.0,518.0,0.0,0,326.86,0.0,1,6.37,1.19,SPY201120P00206000,206.0,0,0.0,0.0,,0.0,normalDay
2020-07-23,484.0,502.0,0.0,0,322.96,0.0,1,6.37,1.35,SPY201120P00206000,206.0,0,0.0,0.0,,0.0,normalDay
2020-07-24,484.0,504.0,0.0,0,320.88,0.0,1,6.37,1.33,SPY201120P00206000,206.0,0,0.0,0.0,,0.0,normalDay
2020-07-27,484.0,515.0,0.0,0,323.22,0.0,1,6.37,1.22,SPY201120P00206000,206.0,0,0.0,0.0,,0.0,normalDay
2020-07-28,484.0,516.0,0.0,0,321.17,0.0,1,6.37,1.21,SPY201120P00206000,206.0,0,0.0,0.0,,0.0,normalDay
2020-07-29,484.0,528.0,0.0,0,325.12,0.0,1,6.37,1.09,SPY201120P00206000,206.0,0,0.0,0.0,,0.0,normalDay
2020-07-30,484.0,524.0,0.0,0,323.96,0.0,1,6.37,1.13,SPY201120P00206000,206.0,0,0.0,0.0,,0.0,normalDay
2020-07-31,484.0,534.0,0.0,0,326.52,0.0,1,6.37,1.03,SPY201120P00206000,206.0,0,0.0,0.0,,0.0,normalDay
2020-08-03,484.0,538.0,0.0,0,328.79,0.0,1,6.37,0.99,SPY201120P00206000,206.0,0,0.0,0.0,,0.0,normalDay
2020-08-04,484.0,547.0,0.0,0,330.06,0.0,1,6.37,0.9,SPY201120P00206000,206.0,0,0.0,0.0,,0.0,normalDay
2020-08-05,484.0,553.0,0.0,0,332.11,0.0,1,6.37,0.84,SPY201120P00206000,206.0,0,0.0,0.0,,0.0,normalDay
2020-08-06,484.0,554.0,0.0,0,334.33,0.0,1,6.37,0.83,SPY201120P00206000,206.0,0,0.0,0.0,,0.0,normalDay
2020-08-07,484.0,555.0,0.0,0,334.57,0.0,1,6.37,0.82,SPY201120P00206000,206.0,0,0.0,0.0,,0.0,normalDay
2020-08-10,484.0,562.0,0.0,0,335.57,0.0,1,6.37,0.75,SPY201120P00206000,206.0,0,0.0,0.0,,0.0,normalDay
2020-08-11,484.0,551.0,0.0,0,332.8,0.0,1,6.37,0.86,SPY201120P00206000,206.0,0,0.0,0.0,,0.0,normalDay
2020-08-12,484.0,566.0,0.0,0,337.44,0.0,1,6.37,0.71,SPY201120P00206000,206.0,0,0.0,0.0,,0.0,normalDay
2020-08-13,484.0,564.0,0.0,0,336.83,0.0,1,6.37,0.73,SPY201120P00206000,206.0,0,0.0,0.0,,0.0,normalDay
2020-08-14,484.0,564.0,0.0,0,336.84,0.0,1,6.37,0.73,SPY201120P00206000,206.0,0,0.0,0.0,,0.0,normalDay
2020-08-17,484.0,574.0,0.0,0,337.91,0.0,1,6.37,0.63,SPY201120P00206000,206.0,0,0.0,0.0,,0.0,normalDay
2020-08-18,484.0,577.0,0.0,0,338.64,0.0,1,6.37,0.6,SPY201120P00206000,206.0,0,0.0,0.0,,0.0,normalDay
2020-08-19,484.0,571.0,0.0,0,337.23,0.0,1,6.37,0.66,SPY201120P00206000,206.0,0,0.0,0.0,,0.0,normalDay
2020-08-20,484.0,570.0,0.0,0,338.28,0.0,1,6.37,0.67,SPY201120P00206000,206.0,0,0.0,0.0,,0.0,normalDay
2020-08-21,484.0,571.0,0.0,0,339.48,0.0,1,6.37,0.66,SPY201120P00206000,206.0,0,0.0,0.0,,0.0,normalDay
2020-08-24,484.0,577.0,0.0,0,342.92,0.0,1,6.37,0.6,SPY201120P00206000,206.0,0,0.0,0.0,,0.0,normalDay
2020-08-25,484.0,580.0,0.0,0,344.12,0.0,1,6.37,0.57,SPY201120P00206000,206.0,0,0.0,0.0,,0.0,normalDay
2020-08-26,484.0,578.0,0.0,0,347.57,0.0,1,6.37,0.59,SPY201120P00206000,206.0,0,0.0,0.0,,0.0,normalDay
2020-08-27,484.0,570.0,0.0,0,348.33,0.0,1,6.37,0.67,SPY201120P00206000,206.0,0,0.0,0.0,,0.0,normalDay
2020-08-28,484.0,576.0,0.0,0,350.58,0.0,1,6.37,0.61,SPY201120P00206000,206.0,0,0.0,0.0,,0.0,normalDay
2020-08-31,484.0,565.0,0.0,0,349.31,0.0,1,6.37,0.72,SPY201120P00206000,206.0,0,0.0,0.0,,0.0,normalDay
2020-09-01,484.0,565.0,0.0,0,352.6,0.0,1,6.37,0.72,SPY201120P00206000,206.0,0,0.0,0.0,,0.0,normalDay
2020-09-02,484.0,568.0,0.0,0,357.7,0.0,1,6.37,0.69,SPY201120P00206000,206.0,0,0.0,0.0,,0.0,normalDay
2020-09-03,484.0,537.0,0.0,0,345.39,0.0,1,6.37,1.0,SPY201120P00206000,206.0,0,0.0,0.0,,0.0,normalDay
2020-09-04,484.0,553.0,0.0,0,342.57,0.0,1,6.37,0.84,SPY201120P00206000,206.0,0,0.0,0.0,,0.0,normalDay
2020-09-08,484.0,560.0,0.0,0,333.21,0.0,1,6.37,0.77,SPY201120P00206000,206.0,0,0.0,0.0,,0.0,normalDay
2020-09-09,484.0,577.0,0.0,0,339.79,0.0,1,6.37,0.6,SPY201120P00206000,206.0,0,0.0,0.0,,0.0,normalDay
2020-09-10,484.0,574.0,0.0,0,333.89,0.0,1,6.37,0.63,SPY201120P00206000,206.0,0,0.0,0.0,,0.0,normalDay
2020-09-11,484.0,589.0,0.0,0,334.06,0.0,1,6.37,0.48,SPY201120P00206000,206.0,0,0.0,0.0,,0.0,normalDay
2020-09-14,484.0,598.0,0.0,0,338.46,0.0,1,6.37,0.39,SPY201120P00206000,206.0,0,0.0,0.0,,0.0,normalDay
2020-09-15,484.0,600.0,0.0,0,340.17,0.0,1,6.37,0.37,SPY201120P00206000,206.0,0,0.0,0.0,,0.0,normalDay
2020-09-16,484.0,600.0,0.0,0,338.82,0.0,1,6.37,0.37,SPY201120P00206000,206.0,0,0.0,0.0,,0.0,normalDay
2020-09-17,484.0,601.0,0.0,0,335.84,0.0,1,6.37,0.36,SPY201120P00206000,206.0,0,0.0,0.0,,0.0,normalDay
2020-09-18,484.0,602.0,0.0,0,330.65,0.0,1,6.37,0.35,SPY201120P00206000,206.0,0,0.0,0.0,,0.0,normalDay
2020-09-21,484.0,601.0,0.0,0,326.97,0.0,1,6.37,0.36,SPY201120P00206000,206.0,0,0.0,0.0,,0.0,normalDay
2020-09-22,484.0,606.0,0.0,0,330.3,0.0,1,6.37,0.31,SPY201120P00206000,206.0,0,0.0,0.0,,0.0,normalDay
2020-09-23,484.0,598.0,0.0,0,322.64,0.0,1,6.37,0.39,SPY201120P00206000,206.0,0,0.0,0.0,,0.0,normalDay
2020-09-24,484.0,601.0,0.0,0,323.5,0.0,1,6.37,0.36,SPY201120P00206000,206.0,0,0.0,0.0,,0.0,normalDay
2020-09-25,484.0,610.0,0.0,0,328.73,0.0,1,6.37,0.27,SPY201120P00206000,206.0,0,0.0,0.0,,0.0,normalDay
2020-09-28,484.0,615.0,0.0,0,334.19,0.0,1,6.37,0.22,SPY201120P00206000,206.0,0,0.0,0.0,,0.0,normalDay
2020-09-29,484.0,618.0,0.0,0,332.37,0.0,1,6.37,0.19,SPY201120P00206000,206.0,0,0.0,0.0,,0.0,normalDay
2020-09-30,484.0,620.0,0.0,0,334.89,0.0,1,6.37,0.17,SPY201120P00206000,206.0,0,0.0,0.0,,0.0,normalDay
2020-10-01,484.0,623.0,0.0,0,337.04,0.0,1,6.37,0.14,SPY201120P00206000,206.0,0,0.0,0.0,,0.0,normalDay
2020-10-02,484.0,620.0,0.0,0,333.84,0.0,1,6.37,0.17,SPY201120P00206000,206.0,0,0.0,0.0,,0.0,normalDay
2020-10-05,484.0,625.0,0.0,0,339.76,0.0,1,6.37,0.12,SPY201120P00206000,206.0,0,0.0,0.0,,0.0,normalDay
2020-10-06,484.0,623.0,0.0,0,334.93,0.0,1,6.37,0.14,SPY201120P00206000,206.0,0,0.0,0.0,,0.0,normalDay
2020-10-07,484.0,627.0,0.0,0,340.76,0.0,1,6.37,0.1,SPY201120P00206000,206.0,0,0.0,0.0,,0.0,normalDay
2020-10-08,484.0,629.0,0.0,0,343.78,0.0,1,6.37,0.08,SPY201120P00206000,206.0,0,0.0,0.0,,0.0,normalDay
2020-10-09,484.0,630.0,0.0,0,346.85,0.0,1,6.37,0.07,SPY201120P00206000,206.0,0,0.0,0.0,,0.0,normalDay
2020-10-12,484.0,630.0,0.0,0,352.43,0.0,1,6.37,0.07,SPY201120P00206000,206.0,0,0.0,0.0,,0.0,normalDay
2020-10-13,484.0,631.0,0.0,0,350.13,0.0,1,6.37,0.06,SPY201120P00206000,206.0,0,0.0,0.0,,0.0,normalDay
2020-10-14,484.0,630.0,0.0,0,347.93,0.0,1,6.37,0.07,SPY201120P00206000,206.0,0,0.0,0.0,,0.0,normalDay
2020-10-15,484.0,630.0,0.0,0,347.5,0.0,1,6.37,0.07,SPY201120P00206000,206.0,0,0.0,0.0,,0.0,normalDay
2020-10-16,484.0,629.0,0.0,0,347.29,0.0,1,6.37,0.08,SPY201120P00206000,206.0,0,0.0,0.0,,0.0,normalDay
2020-10-19,484.0,628.0,0.0,0,342.01,0.0,1,6.37,0.09,SPY201120P00206000,206.0,0,0.0,0.0,,0.0,normalDay
2020-10-20,484.0,628.0,0.0,0,343.38,0.0,1,6.37,0.09,SPY201120P00206000,206.0,0,0.0,0.0,,0.0,normalDay
2020-10-21,484.0,629.0,0.0,0,342.73,0.0,1,6.37,0.08,SPY201120P00206000,206.0,0,0.0,0.0,,0.0,normalDay
2020-10-22,484.0,631.0,0.0,0,344.61,0.0,1,6.37,0.06,SPY201120P00206000,206.0,0,0.0,0.0,,0.0,normalDay
2020-10-23,484.0,631.0,0.0,0,345.78,0.0,1,6.37,0.06,SPY201120P00206000,206.0,0,0.0,0.0,,0.0,normalDay
2020-10-26,484.0,627.0,0.0,0,339.39,0.0,1,6.37,0.1,SPY201120P00206000,206.0,0,0.0,0.0,,0.0,normalDay
2020-10-27,484.0,626.0,0.0,0,338.22,0.0,1,6.37,0.11,SPY201120P00206000,206.0,0,0.0,0.0,,0.0,normalDay
2020-10-28,484.0,613.0,0.0,0,326.66,0.0,1,6.37,0.24,SPY201120P00206000,206.0,0,0.0,0.0,,0.0,normalDay
2020-10-29,484.0,621.0,0.0,0,329.98,0.0,1,6.37,0.16,SPY201120P00206000,206.0,0,0.0,0.0,,0.0,normalDay
2020-10-30,484.0,620.0,0.0,0,326.54,0.0,1,6.37,0.17,SPY201120P00206000,206.0,0,0.0,0.0,,0.0,normalDay
2020-11-02,484.0,623.0,0.0,0,330.2,0.0,1,6.37,0.14,SPY201120P00206000,206.0,0,0.0,0.0,,0.0,normalDay
2020-11-03,484.0,625.0,0.0,0,336.03,0.0,1,6.37,0.12,SPY201120P00206000,206.0,0,0.0,0.0,,0.0,normalDay
2020-11-04,484.0,632.0,0.0,0,343.54,0.0,1,6.37,0.05,SPY201120P00206000,206.0,0,0.0,0.0,,0.0,normalDay
2020-11-05,484.0,634.0,0.0,0,350.24,0.0,1,6.37,0.03,SPY201120P00206000,206.0,0,0.0,0.0,,0.0,normalDay
2020-11-06,484.0,636.0,0.0,0,350.16,0.0,1,6.37,0.01,SPY201120P00206000,206.0,0,0.0,0.0,,0.0,normalDay
2020-11-09,484.0,635.0,0.0,0,354.56,0.0,1,6.37,0.02,SPY201120P00206000,206.0,0,0.0,0.0,,0.0,normalDay
2020-11-10,484.0,636.0,0.0,0,354.04,0.0,1,6.37,0.01,SPY201120P00206000,206.0,0,0.0,0.0,,0.0,normalDay
2020-11-11,484.0,636.0,0.0,0,356.67,0.0,1,6.37,0.01,SPY201120P00206000,206.0,0,0.0,0.0,,0.0,normalDay
2020-11-12,484.0,636.0,0.0,0,353.21,0.0,1,6.37,0.01,SPY201120P00206000,206.0,0,0.0,0.0,,0.0,normalDay
2020-11-13,484.0,636.0,0.0,0,358.1,0.0,1,6.37,0.01,SPY201120P00206000,206.0,0,0.0,0.0,,0.0,normalDay
2020-11-16,484.0,636.0,0.0,0,362.57,0.0,1,6.37,0.01,SPY201120P00206000,206.0,0,0.0,0.0,,0.0,normalDay
2020-11-17,484.0,636.0,0.0,0,360.62,0.0,1,6.37,0.01,SPY201120P00206000,206.0,0,0.0,0.0,,0.0,normalDay
2020-11-18,484.0,636.0,0.0,0,356.28,0.0,1,6.37,0.01,SPY201120P00206000,206.0,0,0.0,0.0,,0.0,normalDay
2020-11-19,484.0,636.0,0.0,0,357.78,0.0,1,6.37,0.01,SPY201120P00206000,206.0,0,0.0,0.0,,0.0,normalDay
2020-11-20,1121.0,0.0,637.0,0,355.33,0.0,1,6.37,0.0,SPY201120P00206000,206.0,0,0.0,0.0,,0.0,expirationDay
2020-11-23,1121.0,-16.0,0.0,0,357.46,0.0,1,11.42,11.58,SPY210630P00312000,312.0,0,0.0,0.0,,0.0,normalDay
2020-11-24,1121.0,102.0,0.0,0,363.22,0.0,1,11.42,10.4,SPY210630P00312000,312.0,0,0.0,0.0,,0.0,normalDay
2020-11-25,1121.0,106.0,0.0,0,362.66,0.0,1,11.42,10.36,SPY210630P00312000,312.0,0,0.0,0.0,,0.0,normalDay
2020-11-27,1121.0,101.0,0.0,0,363.67,0.0,1,11.42,10.41,SPY210630P00312000,312.0,0,0.0,0.0,,0.0,normalDay
2020-11-30,1121.0,142.0,0.0,0,362.06,0.0,1,11.42,10.0,SPY210630P00312000,312.0,0,0.0,0.0,,0.0,normalDay
2020-12-01,1121.0,183.0,0.0,0,366.02,0.0,1,11.42,9.59,SPY210630P00312000,312.0,0,0.0,0.0,,0.0,normalDay
2020-12-02,1121.0,200.0,0.0,0,366.79,0.0,1,11.42,9.42,SPY210630P00312000,312.0,0,0.0,0.0,,0.0,normalDay
2020-12-03,1121.0,195.0,0.0,0,366.69,0.0,1,11.42,9.47,SPY210630P00312000,312.0,0,0.0,0.0,,0.0,normalDay
2020-12-04,1121.0,251.0,0.0,0,369.85,0.0,1,11.42,8.91,SPY210630P00312000,312.0,0,0.0,0.0,,0.0,normalDay
2020-12-07,1121.0,225.0,0.0,0,369.09,0.0,1,11.42,9.17,SPY210630P00312000,312.0,0,0.0,0.0,,0.0,normalDay
2020-12-08,1121.0,280.0,0.0,0,370.17,0.0,1,11.42,8.62,SPY210630P00312000,312.0,0,0.0,0.0,,0.0,normalDay
2020-12-09,1121.0,203.0,0.0,0,366.85,0.0,1,11.42,9.39,SPY210630P00312000,312.0,0,0.0,0.0,,0.0,normalDay
2020-12-10,1121.0,197.0,0.0,0,366.73,0.0,1,11.42,9.45,SPY210630P00312000,312.0,0,0.0,0.0,,0.0,normalDay
2020-12-11,1121.0,168.0,0.0,0,366.3,0.0,1,11.42,9.74,SPY210630P00312000,312.0,0,0.0,0.0,,0.0,normalDay
2020-12-14,1121.0,125.0,0.0,0,364.66,0.0,1,11.42,10.17,SPY210630P00312000,312.0,0,0.0,0.0,,0.0,normalDay
2020-12-15,1121.0,217.0,0.0,0,369.59,0.0,1,11.42,9.25,SPY210630P00312000,312.0,0,0.0,0.0,,0.0,normalDay
2020-12-16,1121.0,247.0,0.0,0,370.17,0.0,1,11.42,8.95,SPY210630P00312000,312.0,0,0.0,0.0,,0.0,normalDay
2020-12-17,1121.0,301.0,0.0,0,372.24,0.0,1,11.42,8.41,SPY210630P00312000,312.0,0,0.0,0.0,,0.0,normalDay
2020-12-18,1121.0,296.0,0.0,0,369.18,0.0,1,11.42,8.46,SPY210630P00312000,312.0,0,0.0,0.0,,0.0,normalDay
2020-12-21,1121.0,197.0,0.0,0,367.86,0.0,1,11.42,9.45,SPY210630P00312000,312.0,0,0.0,0.0,,0.0,normalDay
2020-12-22,1121.0,197.0,0.0,0,367.24,0.0,1,11.42,9.45,SPY210630P00312000,312.0,0,0.0,0.0,,0.0,normalDay
2020-12-23,1121.0,240.0,0.0,0,367.57,0.0,1,11.42,9.02,SPY210630P00312000,312.0,0,0.0,0.0,,0.0,normalDay
2020-12-24,1121.0,301.0,0.0,0,369.0,0.0,1,11.42,8.41,SPY210630P00312000,312.0,0,0.0,0.0,,0.0,normalDay
2020-12-28,1121.0,355.0,0.0,0,372.17,0.0,1,11.42,7.87,SPY210630P00312000,312.0,0,0.0,0.0,,0.0,normalDay
2020-12-29,1121.0,300.0,0.0,0,371.46,0.0,1,11.42,8.42,SPY210630P00312000,312.0,0,0.0,0.0,,0.0,normalDay
2020-12-30,1121.0,341.0,0.0,0,371.99,0.0,1,11.42,8.01,SPY210630P00312000,312.0,0,0.0,0.0,,0.0,normalDay
2020-12-31,1121.0,372.0,0.0,0,373.88,0.0,1,11.42,7.7,SPY210630P00312000,312.0,0,0.0,0.0,,0.0,normalDay
2021-01-04,1121.0,245.0,0.0,0,368.79,0.0,1,11.42,8.97,SPY210630P00312000,312.0,0,0.0,0.0,,0.0,normalDay
2021-01-05,1121.0,306.0,0.0,0,371.33,0.0,1,11.42,8.36,SPY210630P00312000,312.0,0,0.0,0.0,,0.0,normalDay
2021-01-06,1121.0,333.0,0.0,0,373.55,0.0,1,11.42,8.09,SPY210630P00312000,312.0,0,0.0,0.0,,0.0,normalDay
2021-01-07,1121.0,464.0,0.0,0,379.1,0.0,1,11.42,6.78,SPY210630P00312000,312.0,0,0.0,0.0,,0.0,normalDay
2021-01-08,1121.0,493.0,0.0,0,381.26,0.0,1,11.42,6.49,SPY210630P00312000,312.0,0,0.0,0.0,,0.0,normalDay
2021-01-11,1121.0,414.0,0.0,0,378.69,0.0,1,11.42,7.28,SPY210630P00312000,312.0,0,0.0,0.0,,0.0,normalDay
2021-01-12,1121.0,438.0,0.0,0,378.77,0.0,1,11.42,7.04,SPY210630P00312000,312.0,0,0.0,0.0,,0.0,normalDay
2021-01-13,1121.0,465.0,0.0,0,379.79,0.0,1,11.42,6.77,SPY210630P00312000,312.0,0,0.0,0.0,,0.0,normalDay
2021-01-14,1121.0,429.0,0.0,0,378.46,0.0,1,11.42,7.13,SPY210630P00312000,312.0,0,0.0,0.0,,0.0,normalDay
2021-01-15,1121.0,367.0,0.0,0,375.7,0.0,1,11.42,7.75,SPY210630P00312000,312.0,0,0.0,0.0,,0.0,normalDay
2021-01-19,1121.0,437.0,0.0,0,378.65,0.0,1,11.42,7.05,SPY210630P00312000,312.0,0,0.0,0.0,,0.0,normalDay
2021-01-20,1121.0,522.0,0.0,0,383.89,0.0,1,11.42,6.2,SPY210630P00312000,312.0,0,0.0,0.0,,0.0,normalDay
2021-01-21,1121.0,528.0,0.0,0,384.24,0.0,1,11.42,6.14,SPY210630P00312000,312.0,0,0.0,0.0,,0.0,normalDay
2021-01-22,1121.0,509.0,0.0,0,382.88,0.0,1,11.42,6.33,SPY210630P00312000,312.0,0,0.0,0.0,,0.0,normalDay
2021-01-25,1121.0,499.0,0.0,0,384.39,0.0,1,11.42,6.43,SPY210630P00312000,312.0,0,0.0,0.0,,0.0,normalDay
2021-01-26,1121.0,489.0,0.0,0,383.79,0.0,1,11.42,6.53,SPY210630P00312000,312.0,0,0.0,0.0,,0.0,normalDay
2021-01-27,1121.0,170.0,0.0,0,374.41,0.0,1,11.42,9.72,SPY210630P00312000,312.0,0,0.0,0.0,,0.0,normalDay
2021-01-28,1121.0,283.0,0.0,0,377.63,0.0,1,11.42,8.59,SPY210630P00312000,312.0,0,0.0,0.0,,0.0,normalDay
2021-01-29,1121.0,68.0,0.0,0,370.07,0.0,1,11.42,10.74,SPY210630P00312000,312.0,0,0.0,0.0,,0.0,normalDay
2021-02-01,1121.0,249.0,0.0,0,376.23,0.0,1,11.42,8.93,SPY210630P00312000,312.0,0,0.0,0.0,,0.0,normalDay
2021-02-02,1121.0,426.0,0.0,0,381.55,0.0,1,11.42,7.16,SPY210630P00312000,312.0,0,0.0,0.0,,0.0,normalDay
2021-02-03,1121.0,488.0,0.0,0,381.85,0.0,1,11.42,6.54,SPY210630P00312000,312.0,0,0.0,0.0,,0.0,normalDay
2021-02-04,1121.0,560.0,0.0,0,386.19,0.0,1,11.42,5.82,SPY210630P00312000,312.0,0,0.0,0.0,,0.0,normalDay
2021-02-05,1121.0,572.0,0.0,0,387.71,0.0,1,11.42,5.7,SPY210630P00312000,312.0,0,0.0,0.0,,0.0,normalDay
2021-02-08,1121.0,607.0,0.0,0,390.51,0.0,1,11.42,5.35,SPY210630P00312000,312.0,0,0.0,0.0,,0.0,normalDay
2021-02-09,1121.0,601.0,0.0,0,390.25,0.0,1,11.42,5.41,SPY210630P00312000,312.0,0,0.0,0.0,,0.0,normalDay
2021-02-10,1121.0,586.0,0.0,0,390.08,0.0,1,11.42,5.56,SPY210630P00312000,312.0,0,0.0,0.0,,0.0,normalDay
2021-02-11,1121.0,606.0,0.0,0,390.71,0.0,1,11.42,5.36,SPY210630P00312000,312.0,0,0.0,0.0,,0.0,normalDay
2021-02-12,1121.0,645.0,0.0,0,392.64,0.0,1,11.42,4.97,SPY210630P00312000,312.0,0,0.0,0.0,,0.0,normalDay
2021-02-16,1121.0,631.0,0.0,0,392.3,0.0,1,11.42,5.11,SPY210630P00312000,312.0,0,0.0,0.0,,0.0,normalDay
2021-02-17,1121.0,640.0,0.0,0,392.39,0.0,1,11.42,5.02,SPY210630P00312000,312.0,0,0.0,0.0,,0.0,normalDay
2021-02-18,1121.0,618.0,0.0,0,390.72,0.0,1,11.42,5.24,SPY210630P00312000,312.0,0,0.0,0.0,,0.0,normalDay
2021-02-19,1121.0,632.0,0.0,0,390.03,0.0,1,11.42,5.1,SPY210630P00312000,312.0,0,0.0,0.0,,0.0,normalDay
2021-02-22,1121.0,600.0,0.0,0,387.03,0.0,1,11.42,5.42,SPY210630P00312000,312.0,0,0.0,0.0,,0.0,normalDay
2021-02-23,1121.0,635.0,0.0,0,387.5,0.0,1,11.42,5.07,SPY210630P00312000,312.0,0,0.0,0.0,,0.0,normalDay
2021-02-24,1121.0,709.0,0.0,0,391.77,0.0,1,11.42,4.33,SPY210630P00312000,312.0,0,0.0,0.0,,0.0,normalDay
2021-02-25,1121.0,532.0,0.0,0,382.33,0.0,1,11.42,6.1,SPY210630P00312000,312.0,0,0.0,0.0,,0.0,normalDay
2021-02-26,1121.0,552.0,0.0,0,380.36,0.0,1,11.42,5.9,SPY210630P00312000,312.0,0,0.0,0.0,,0.0,normalDay
2021-03-01,1121.0,705.0,0.0,0,389.58,0.0,1,11.42,4.37,SPY210630P00312000,312.0,0,0.0,0.0,,0.0,normalDay
2021-03-02,1121.0,676.0,0.0,0,386.54,0.0,1,11.42,4.66,SPY210630P00312000,312.0,0,0.0,0.0,,0.0,normalDay
2021-03-03,1121.0,610.0,0.0,0,381.42,0.0,1,11.42,5.32,SPY210630P00312000,312.0,0,0.0,0.0,,0.0,normalDay
2021-03-04,1121.0,539.0,0.0,0,376.7,0.0,1,11.42,6.03,SPY210630P00312000,312.0,0,0.0,0.0,,0.0,normalDay
2021-03-05,1121.0,667.0,0.0,0,383.63,0.0,1,11.42,4.75,SPY210630P00312000,312.0,0,0.0,0.0,,0.0,normalDay
2021-03-08,1121.0,661.0,0.0,0,381.72,0.0,1,11.42,4.81,SPY210630P00312000,312.0,0,0.0,0.0,,0.0,normalDay
2021-03-09,1121.0,726.0,0.0,0,387.17,0.0,1,11.42,4.16,SPY210630P00312000,312.0,0,0.0,0.0,,0.0,normalDay
2021-03-10,1121.0,756.0,0.0,0,389.58,0.0,1,11.42,3.86,SPY210630P00312000,312.0,0,0.0,0.0,,0.0,normalDay
2021-03-11,1121.0,794.0,0.0,0,393.53,0.0,1,11.42,3.48,SPY210630P00312000,312.0,0,0.0,0.0,,0.0,normalDay
2021-03-12,1121.0,813.0,0.0,0,394.06,0.0,1,11.42,3.29,SPY210630P00312000,312.0,0,0.0,0.0,,0.0,normalDay
2021-03-15,1121.0,848.0,0.0,0,396.41,0.0,1,11.42,2.94,SPY210630P00312000,312.0,0,0.0,0.0,,0.0,normalDay
2021-03-16,1121.0,851.0,0.0,0,395.91,0.0,1,11.42,2.91,SPY210630P00312000,312.0,0,0.0,0.0,,0.0,normalDay
2021-03-17,1121.0,879.0,0.0,0,397.26,0.0,1,11.42,2.63,SPY210630P00312000,312.0,0,0.0,0.0,,0.0,normalDay
2021-03-18,1121.0,833.0,0.0,0,391.48,0.0,1,11.42,3.09,SPY210630P00312000,312.0,0,0.0,0.0,,0.0,normalDay
2021-03-19,1121.0,837.0,0.0,0,389.48,0.0,1,11.42,3.05,SPY210630P00312000,312.0,0,0.0,0.0,,0.0,normalDay
2021-03-22,1121.0,907.0,0.0,0,392.59,0.0,1,11.42,2.35,SPY210630P00312000,312.0,0,0.0,0.0,,0.0,normalDay
2021-03-23,1121.0,876.0,0.0,0,389.5,0.0,1,11.42,2.66,SPY210630P00312000,312.0,0,0.0,0.0,,0.0,normalDay
2021-03-24,1121.0,863.0,0.0,0,387.52,0.0,1,11.42,2.79,SPY210630P00312000,312.0,0,0.0,0.0,,0.0,normalDay
2021-03-25,1121.0,902.0,0.0,0,389.7,0.0,1,11.42,2.4,SPY210630P00312000,312.0,0,0.0,0.0,,0.0,normalDay
2021-03-26,1121.0,944.0,0.0,0,395.98,0.0,1,11.42,1.98,SPY210630P00312000,312.0,0,0.0,0.0,,0.0,normalDay
2021-03-29,1121.0,935.0,0.0,0,395.78,0.0,1,11.42,2.07,SPY210630P00312000,312.0,0,0.0,0.0,,0.0,normalDay
2021-03-30,1121.0,959.0,0.0,0,394.73,0.0,1,11.42,1.83,SPY210630P00312000,312.0,0,0.0,0.0,,0.0,normalDay
2021-03-31,1121.0,975.0,0.0,0,396.33,0.0,1,11.42,1.67,SPY210630P00312000,312.0,0,0.0,0.0,,0.0,normalDay
2021-04-01,1121.0,1005.0,0.0,0,400.61,0.0,1,11.42,1.37,SPY210630P00312000,312.0,0,0.0,0.0,,0.0,normalDay
2021-04-05,1121.0,1027.0,0.0,0,406.36,0.0,1,11.42,1.15,SPY210630P00312000,312.0,0,0.0,0.0,,0.0,normalDay
2021-04-06,1121.0,1027.0,0.0,0,406.12,0.0,1,11.42,1.15,SPY210630P00312000,312.0,0,0.0,0.0,,0.0,normalDay
2021-04-07,1121.0,1037.0,0.0,0,406.59,0.0,1,11.42,1.05,SPY210630P00312000,312.0,0,0.0,0.0,,0.0,normalDay
2021-04-08,1121.0,1045.0,0.0,0,408.52,0.0,1,11.42,0.97,SPY210630P00312000,312.0,0,0.0,0.0,,0.0,normalDay
2021-04-09,1121.0,1048.0,0.0,0,411.49,0.0,1,11.42,0.94,SPY210630P00312000,312.0,0,0.0,0.0,,0.0,normalDay
2021-04-12,1121.0,1053.0,0.0,0,411.64,0.0,1,11.42,0.89,SPY210630P00312000,312.0,0,0.0,0.0,,0.0,normalDay
2021-04-13,1121.0,1060.0,0.0,0,412.86,0.0,1,11.42,0.82,SPY210630P00312000,312.0,0,0.0,0.0,,0.0,normalDay
2021-04-14,1121.0,1054.0,0.0,0,411.45,0.0,1,11.42,0.88,SPY210630P00312000,312.0,0,0.0,0.0,,0.0,normalDay
2021-04-15,1121.0,1063.0,0.0,0,415.87,0.0,1,11.42,0.79,SPY210630P00312000,312.0,0,0.0,0.0,,0.0,normalDay
2021-04-16,1121.0,1067.0,0.0,0,417.26,0.0,1,11.42,0.75,SPY210630P00312000,312.0,0,0.0,0.0,,0.0,normalDay
2021-04-19,1121.0,1064.0,0.0,0,415.21,0.0,1,11.42,0.78,SPY210630P00312000,312.0,0,0.0,0.0,,0.0,normalDay
2021-04-20,1121.0,1054.0,0.0,0,412.17,0.0,1,11.42,0.88,SPY210630P00312000,312.0,0,0.0,0.0,,0.0,normalDay
2021-04-21,1121.0,1070.0,0.0,0,416.07,0.0,1,11.42,0.72,SPY210630P00312000,312.0,0,0.0,0.0,,0.0,normalDay
2021-04-22,1121.0,1054.0,0.0,0,412.27,0.0,1,11.42,0.88,SPY210630P00312000,312.0,0,0.0,0.0,,0.0,normalDay
2021-04-23,1121.0,1077.0,0.0,0,416.74,0.0,1,11.42,0.65,SPY210630P00312000,312.0,0,0.0,0.0,,0.0,normalDay
2021-04-26,1121.0,1082.0,0.0,0,417.61,0.0,1,11.42,0.6,SPY210630P00312000,312.0,0,0.0,0.0,,0.0,normalDay
2021-04-27,1121.0,1086.0,0.0,0,417.52,0.0,1,11.42,0.56,SPY210630P00312000,312.0,0,0.0,0.0,,0.0,normalDay
2021-04-28,1121.0,1090.0,0.0,0,417.4,0.0,1,11.42,0.52,SPY210630P00312000,312.0,0,0.0,0.0,,0.0,normalDay
2021-04-29,1121.0,1090.0,0.0,0,420.06,0.0,1,11.42,0.52,SPY210630P00312000,312.0,0,0.0,0.0,,0.0,normalDay
2021-04-30,1121.0,1081.0,0.0,0,417.3,0.0,1,11.42,0.61,SPY210630P00312000,312.0,0,0.0,0.0,,0.0,normalDay
2021-05-03,1121.0,1087.0,0.0,0,418.2,0.0,1,11.42,0.55,SPY210630P00312000,312.0,0,0.0,0.0,,0.0,normalDay
2021-05-04,1121.0,1082.0,0.0,0,415.62,0.0,1,11.42,0.6,SPY210630P00312000,312.0,0,0.0,0.0,,0.0,normalDay
2021-05-05,1121.0,1085.0,0.0,0,415.75,0.0,1,11.42,0.57,SPY210630P00312000,312.0,0,0.0,0.0,,0.0,normalDay
2021-05-06,1121.0,1093.0,0.0,0,419.07,0.0,1,11.42,0.49,SPY210630P00312000,312.0,0,0.0,0.0,,0.0,normalDay
2021-05-07,1121.0,1103.0,0.0,0,422.12,0.0,1,11.42,0.39,SPY210630P00312000,312.0,0,0.0,0.0,,0.0,normalDay
2021-05-10,1121.0,1094.0,0.0,0,417.94,0.0,1,11.42,0.48,SPY210630P00312000,312.0,0,0.0,0.0,,0.0,normalDay
2021-05-11,1121.0,1083.0,0.0,0,414.21,0.0,1,11.42,0.59,SPY210630P00312000,312.0,0,0.0,0.0,,0.0,normalDay
2021-05-12,1121.0,1021.0,0.0,0,405.41,0.0,1,11.42,1.21,SPY210630P00312000,312.0,0,0.0,0.0,,0.0,normalDay
2021-05-13,1121.0,1071.0,0.0,0,410.28,0.0,1,11.42,0.71,SPY210630P00312000,312.0,0,0.0,0.0,,0.0,normalDay
2021-05-14,1121.0,1102.0,0.0,0,416.58,0.0,1,11.42,0.4,SPY210630P00312000,312.0,0,0.0,0.0,,0.0,normalDay
2021-05-17,1121.0,1101.0,0.0,0,415.52,0.0,1,11.42,0.41,SPY210630P00312000,312.0,0,0.0,0.0,,0.0,normalDay
2021-05-18,1121.0,1091.0,0.0,0,411.94,0.0,1,11.42,0.51,SPY210630P00312000,312.0,0,0.0,0.0,,0.0,normalDay
2021-05-19,1121.0,1086.0,0.0,0,410.86,0.0,1,11.42,0.56,SPY210630P00312000,312.0,0,0.0,0.0,,0.0,normalDay
2021-05-20,1121.0,1099.0,0.0,0,415.28,0.0,1,11.42,0.43,SPY210630P00312000,312.0,0,0.0,0.0,,0.0,normalDay
2021-05-21,1121.0,1103.0,0.0,0,414.94,0.0,1,11.42,0.39,SPY210630P00312000,312.0,0,0.0,0.0,,0.0,normalDay
2021-05-24,1121.0,1116.0,0.0,0,419.17,0.0,1,11.42,0.26,SPY210630P00312000,312.0,0,0.0,0.0,,0.0,normalDay
2021-05-25,1121.0,1115.0,0.0,0,418.24,0.0,1,11.42,0.27,SPY210630P00312000,312.0,0,0.0,0.0,,0.0,normalDay
2021-05-26,1121.0,1122.0,0.0,0,419.07,0.0,1,11.42,0.2,SPY210630P00312000,312.0,0,0.0,0.0,,0.0,normalDay
2021-05-27,1121.0,1124.0,0.0,0,419.29,0.0,1,11.42,0.18,SPY210630P00312000,312.0,0,0.0,0.0,,0.0,normalDay
2021-05-28,1121.0,1123.0,0.0,0,420.04,0.0,1,11.42,0.19,SPY210630P00312000,312.0,0,0.0,0.0,,0.0,normalDay
2021-06-01,1121.0,1126.0,0.0,0,419.67,0.0,1,11.42,0.16,SPY210630P00312000,312.0,0,0.0,0.0,,0.0,normalDay
2021-06-02,1121.0,1128.0,0.0,0,420.33,0.0,1,11.42,0.14,SPY210630P00312000,312.0,0,0.0,0.0,,0.0,normalDay
2021-06-03,1121.0,1128.0,0.0,0,418.77,0.0,1,11.42,0.14,SPY210630P00312000,312.0,0,0.0,0.0,,0.0,normalDay
2021-06-04,1121.0,1131.0,0.0,0,422.6,0.0,1,11.42,0.11,SPY210630P00312000,312.0,0,0.0,0.0,,0.0,normalDay
2021-06-07,1121.0,1134.0,0.0,0,422.19,0.0,1,11.42,0.08,SPY210630P00312000,312.0,0,0.0,0.0,,0.0,normalDay
2021-06-08,1121.0,1134.0,0.0,0,422.28,0.0,1,11.42,0.08,SPY210630P00312000,312.0,0,0.0,0.0,,0.0,normalDay
2021-06-09,1121.0,1133.0,0.0,0,421.65,0.0,1,11.42,0.09,SPY210630P00312000,312.0,0,0.0,0.0,,0.0,normalDay
2021-06-10,1121.0,1136.0,0.0,0,423.61,0.0,1,11.42,0.06,SPY210630P00312000,312.0,0,0.0,0.0,,0.0,normalDay
2021-06-11,1121.0,1137.0,0.0,0,424.31,0.0,1,11.42,0.05,SPY210630P00312000,312.0,0,0.0,0.0,,0.0,normalDay
2021-06-14,1121.0,1137.0,0.0,0,425.26,0.0,1,11.42,0.05,SPY210630P00312000,312.0,0,0.0,0.0,,0.0,normalDay
2021-06-15,1121.0,1137.0,0.0,0,424.48,0.0,1,11.42,0.05,SPY210630P00312000,312.0,0,0.0,0.0,,0.0,normalDay
2021-06-16,1121.0,1138.0,0.0,0,422.11,0.0,1,11.42,0.04,SPY210630P00312000,312.0,0,0.0,0.0,,0.0,normalDay
2021-06-17,1121.0,1137.0,0.0,0,421.97,0.0,1,11.42,0.05,SPY210630P00312000,312.0,0,0.0,0.0,,0.0,normalDay
2021-06-18,1121.0,1137.0,0.0,0,414.92,0.0,1,11.42,0.05,SPY210630P00312000,312.0,0,0.0,0.0,,0.0,normalDay
2021-06-21,1121.0,1139.0,0.0,0,420.86,0.0,1,11.42,0.03,SPY210630P00312000,312.0,0,0.0,0.0,,0.0,normalDay
2021-06-22,1121.0,1141.0,0.0,0,423.11,0.0,1,11.42,0.01,SPY210630P00312000,312.0,0,0.0,0.0,,0.0,normalDay
2021-06-23,1121.0,1141.0,0.0,0,422.6,0.0,1,11.42,0.01,SPY210630P00312000,312.0,0,0.0,0.0,,0.0,normalDay
2021-06-24,1121.0,1141.0,0.0,0,425.1,0.0,1,11.42,0.01,SPY210630P00312000,312.0,0,0.0,0.0,,0.0,normalDay
2021-06-25,1121.0,1141.0,0.0,0,426.61,0.0,1,11.42,0.01,SPY210630P00312000,312.0,0,0.0,0.0,,0.0,normalDay
2021-06-28,1121.0,1141.0,0.0,0,427.47,0.0,1,11.42,0.01,SPY210630P00312000,312.0,0,0.0,0.0,,0.0,normalDay
2021-06-29,1121.0,1141.0,0.0,0,427.7,0.0,1,11.42,0.01,SPY210630P00312000,312.0,0,0.0,0.0,,0.0,normalDay
2021-06-30,2263.0,0.0,1142.0,0,428.06,0.0,1,11.42,0.0,SPY210630P00312000,312.0,0,0.0,0.0,,0.0,expirationDay
2021-07-01,2263.0,-9.0,0.0,0,430.43,0.0,1,15.94,16.03,SPY220121P00414000,414.0,0,0.0,0.0,,0.0,normalDay
2021-07-02,2263.0,85.0,0.0,0,433.72,0.0,1,15.94,15.09,SPY220121P00414000,414.0,0,0.0,0.0,,0.0,normalDay
2021-07-06,2263.0,41.0,0.0,0,432.93,0.0,1,15.94,15.53,SPY220121P00414000,414.0,0,0.0,0.0,,0.0,normalDay
2021-07-07,2263.0,62.0,0.0,0,434.46,0.0,1,15.94,15.32,SPY220121P00414000,414.0,0,0.0,0.0,,0.0,normalDay
2021-07-08,2263.0,-90.0,0.0,0,430.92,0.0,1,15.94,16.84,SPY220121P00414000,414.0,0,0.0,0.0,,0.0,normalDay
2021-07-09,2263.0,115.0,0.0,0,435.52,0.0,1,15.94,14.79,SPY220121P00414000,414.0,0,0.0,0.0,,0.0,normalDay
2021-07-12,2263.0,146.0,0.0,0,437.08,0.0,1,15.94,14.48,SPY220121P00414000,414.0,0,0.0,0.0,,0.0,normalDay
2021-07-13,2263.0,65.0,0.0,0,435.59,0.0,1,15.94,15.29,SPY220121P00414000,414.0,0,0.0,0.0,,0.0,normalDay
2021-07-14,2263.0,94.0,0.0,0,436.24,0.0,1,15.94,15.0,SPY220121P00414000,414.0,0,0.0,0.0,,0.0,normalDay
2021-07-15,2263.0,34.0,0.0,0,434.75,0.0,1,15.94,15.6,SPY220121P00414000,414.0,0,0.0,0.0,,0.0,normalDay
2021-07-16,2263.0,-90.0,0.0,0,431.34,0.0,1,15.94,16.84,SPY220121P00414000,414.0,0,0.0,0.0,,0.0,normalDay
2021-07-19,2263.0,-374.0,0.0,0,424.97,0.0,1,15.94,19.68,SPY220121P00414000,414.0,0,0.0,0.0,,0.0,normalDay
2021-07-20,2263.0,-107.0,0.0,0,431.06,0.0,1,15.94,17.01,SPY220121P00414000,414.0,0,0.0,0.0,,0.0,normalDay
2021-07-21,2263.0,58.0,0.0,0,434.55,0.0,1,15.94,15.36,SPY220121P00414000,414.0,0,0.0,0.0,,0.0,normalDay
2021-07-22,2263.0,89.0,0.0,0,435.46,0.0,1,15.94,15.05,SPY220121P00414000,414.0,0,0.0,0.0,,0.0,normalDay
2021-07-23,2263.0,192.0,0.0,0,439.94,0.0,1,15.94,14.02,SPY220121P00414000,414.0,0,0.0,0.0,,0.0,normalDay
2021-07-26,2263.0,227.0,0.0,0,441.02,0.0,1,15.94,13.67,SPY220121P00414000,414.0,0,0.0,0.0,,0.0,normalDay
2021-07-27,2263.0,126.0,0.0,0,439.01,0.0,1,15.94,14.68,SPY220121P00414000,414.0,0,0.0,0.0,,0.0,normalDay
2021-07-28,2263.0,150.0,0.0,0,438.83,0.0,1,15.94,14.44,SPY220121P00414000,414.0,0,0.0,0.0,,0.0,normalDay
2021-07-29,2263.0,233.0,0.0,0,440.65,0.0,1,15.94,13.61,SPY220121P00414000,414.0,0,0.0,0.0,,0.0,normalDay
2021-07-30,2263.0,191.0,0.0,0,438.51,0.0,1,15.94,14.03,SPY220121P00414000,414.0,0,0.0,0.0,,0.0,normalDay
2021-08-02,2263.0,132.0,0.0,0,437.59,0.0,1,15.94,14.62,SPY220121P00414000,414.0,0,0.0,0.0,,0.0,normalDay
2021-08-03,2263.0,254.0,0.0,0,441.15,0.0,1,15.94,13.4,SPY220121P00414000,414.0,0,0.0,0.0,,0.0,normalDay
2021-08-04,2263.0,216.0,0.0,0,438.98,0.0,1,15.94,13.78,SPY220121P00414000,414.0,0,0.0,0.0,,0.0,normalDay
2021-08-05,2263.0,300.0,0.0,0,441.76,0.0,1,15.94,12.94,SPY220121P00414000,414.0,0,0.0,0.0,,0.0,normalDay
2021-08-06,2263.0,365.0,0.0,0,442.49,0.0,1,15.94,12.29,SPY220121P00414000,414.0,0,0.0,0.0,,0.0,normalDay
2021-08-09,2263.0,346.0,0.0,0,442.13,0.0,1,15.94,12.48,SPY220121P00414000,414.0,0,0.0,0.0,,0.0,normalDay
2021-08-10,2263.0,348.0,0.0,0,442.68,0.0,1,15.94,12.46,SPY220121P00414000,414.0,0,0.0,0.0,,0.0,normalDay
2021-08-11,2263.0,403.0,0.0,0,443.78,0.0,1,15.94,11.91,SPY220121P00414000,414.0,0,0.0,0.0,,0.0,normalDay
2021-08-12,2263.0,457.0,0.0,0,445.11,0.0,1,15.94,11.37,SPY220121P00414000,414.0,0,0.0,0.0,,0.0,normalDay
2021-08-13,2263.0,478.0,0.0,0,445.92,0.0,1,15.94,11.16,SPY220121P00414000,414.0,0,0.0,0.0,,0.0,normalDay
2021-08-16,2263.0,505.0,0.0,0,446.97,0.0,1,15.94,10.89,SPY220121P00414000,414.0,0,0.0,0.0,,0.0,normalDay
2021-08-17,2263.0,377.0,0.0,0,444.04,0.0,1,15.94,12.17,SPY220121P00414000,414.0,0,0.0,0.0,,0.0,normalDay
2021-08-18,2263.0,180.0,0.0,0,439.18,0.0,1,15.94,14.14,SPY220121P00414000,414.0,0,0.0,0.0,,0.0,normalDay
2021-08-19,2263.0,194.0,0.0,0,439.86,0.0,1,15.94,14.0,SPY220121P00414000,414.0,0,0.0,0.0,,0.0,normalDay
2021-08-20,2263.0,345.0,0.0,0,443.36,0.0,1,15.94,12.49,SPY220121P00414000,414.0,0,0.0,0.0,,0.0,normalDay
2021-08-23,2263.0,502.0,0.0,0,447.26,0.0,1,15.94,10.92,SPY220121P00414000,414.0,0,0.0,0.0,,0.0,normalDay
2021-08-24,2263.0,503.0,0.0,0,447.97,0.0,1,15.94,10.91,SPY220121P00414000,414.0,0,0.0,0.0,,0.0,normalDay
2021-08-25,2263.0,555.0,0.0,0,448.91,0.0,1,15.94,10.39,SPY220121P00414000,414.0,0,0.0,0.0,,0.0,normalDay
2021-08-26,2263.0,457.0,0.0,0,446.26,0.0,1,15.94,11.37,SPY220121P00414000,414.0,0,0.0,0.0,,0.0,normalDay
2021-08-27,2263.0,597.0,0.0,0,450.25,0.0,1,15.94,9.97,SPY220121P00414000,414.0,0,0.0,0.0,,0.0,normalDay
2021-08-30,2263.0,646.0,0.0,0,452.23,0.0,1,15.94,9.48,SPY220121P00414000,414.0,0,0.0,0.0,,0.0,normalDay
2021-08-31,2263.0,639.0,0.0,0,451.56,0.0,1,15.94,9.55,SPY220121P00414000,414.0,0,0.0,0.0,,0.0,normalDay
2021-09-01,2263.0,669.0,0.0,0,451.8,0.0,1,15.94,9.25,SPY220121P00414000,414.0,0,0.0,0.0,,0.0,normalDay
2021-09-02,2263.0,699.0,0.0,0,453.19,0.0,1,15.94,8.95,SPY220121P00414000,414.0,0,0.0,0.0,,0.0,normalDay
2021-09-03,2263.0,683.0,0.0,0,453.08,0.0,1,15.94,9.11,SPY220121P00414000,414.0,0,0.0,0.0,,0.0,normalDay
2021-09-07,2263.0,628.0,0.0,0,451.46,0.0,1,15.94,9.66,SPY220121P00414000,414.0,0,0.0,0.0,,0.0,normalDay
2021-09-08,2263.0,620.0,0.0,0,450.91,0.0,1,15.94,9.74,SPY220121P00414000,414.0,0,0.0,0.0,,0.0,normalDay
2021-09-09,2263.0,559.0,0.0,0,448.98,0.0,1,15.94,10.35,SPY220121P00414000,414.0,0,0.0,0.0,,0.0,normalDay
2021-09-10,2263.0,477.0,0.0,0,445.44,0.0,1,15.94,11.17,SPY220121P00414000,414.0,0,0.0,0.0,,0.0,normalDay
2021-09-13,2263.0,551.0,0.0,0,446.58,0.0,1,15.94,10.43,SPY220121P00414000,414.0,0,0.0,0.0,,0.0,normalDay
2021-09-14,2263.0,499.0,0.0,0,444.17,0.0,1,15.94,10.95,SPY220121P00414000,414.0,0,0.0,0.0,,0.0,normalDay
2021-09-15,2263.0,615.0,0.0,0,447.88,0.0,1,15.94,9.79,SPY220121P00414000,414.0,0,0.0,0.0,,0.0,normalDay
2021-09-16,2263.0,596.0,0.0,0,447.17,0.0,1,15.94,9.98,SPY220121P00414000,414.0,0,0.0,0.0,,0.0,normalDay
2021-09-17,2263.0,447.0,0.0,0,441.4,0.0,1,15.94,11.47,SPY220121P00414000,414.0,0,0.0,0.0,,0.0,normalDay
2021-09-20,2263.0,152.0,0.0,0,434.04,0.0,1,15.94,14.42,SPY220121P00414000,414.0,0,0.0,0.0,,0.0,normalDay
2021-09-21,2263.0,187.0,0.0,0,433.63,0.0,1,15.94,14.07,SPY220121P00414000,414.0,0,0.0,0.0,,0.0,normalDay
2021-09-22,2263.0,414.0,0.0,0,437.86,0.0,1,15.94,11.8,SPY220121P00414000,414.0,0,0.0,0.0,,0.0,normalDay
2021-09-23,2263.0,608.0,0.0,0,443.18,0.0,1,15.94,9.86,SPY220121P00414000,414.0,0,0.0,0.0,,0.0,normalDay
2021-09-24,2263.0,651.0,0.0,0,443.91,0.0,1,15.94,9.43,SPY220121P00414000,414.0,0,0.0,0.0,,0.0,normalDay
2021-09-27,2263.0,618.0,0.0,0,442.64,0.0,1,15.94,9.76,SPY220121P00414000,414.0,0,0.0,0.0,,0.0,normalDay
2021-09-28,2263.0,312.0,0.0,0,433.72,0.0,1,15.94,12.82,SPY220121P00414000,414.0,0,0.0,0.0,,0.0,normalDay
2021-09-29,2263.0,346.0,0.0,0,434.45,0.0,1,15.94,12.48,SPY220121P00414000,414.0,0,0.0,0.0,,0.0,normalDay
2021-09-30,2263.0,205.0,0.0,0,429.14,0.0,1,15.94,13.89,SPY220121P00414000,414.0,0,0.0,0.0,,0.0,normalDay
2021-10-01,2263.0,395.0,0.0,0,434.24,0.0,1,15.94,11.99,SPY220121P00414000,414.0,0,0.0,0.0,,0.0,normalDay
2021-10-04,2263.0,214.0,0.0,0,428.64,0.0,1,15.94,13.8,SPY220121P00414000,414.0,0,0.0,0.0,,0.0,normalDay
2021-10-05,2263.0,389.0,0.0,0,433.1,0.0,1,15.94,12.05,SPY220121P00414000,414.0,0,0.0,0.0,,0.0,normalDay
2021-10-06,2263.0,447.0,0.0,0,434.9,0.0,1,15.94,11.47,SPY220121P00414000,414.0,0,0.0,0.0,,0.0,normalDay
2021-10-07,2263.0,596.0,0.0,0,438.66,0.0,1,15.94,9.98,SPY220121P00414000,414.0,0,0.0,0.0,,0.0,normalDay
2021-10-08,2263.0,586.0,0.0,0,437.86,0.0,1,15.94,10.08,SPY220121P00414000,414.0,0,0.0,0.0,,0.0,normalDay
2021-10-11,2263.0,519.0,0.0,0,434.69,0.0,1,15.94,10.75,SPY220121P00414000,414.0,0,0.0,0.0,,0.0,normalDay
2021-10-12,2263.0,506.0,0.0,0,433.62,0.0,1,15.94,10.88,SPY220121P00414000,414.0,0,0.0,0.0,,0.0,normalDay
2021-10-13,2263.0,630.0,0.0,0,435.18,0.0,1,15.94,9.64,SPY220121P00414000,414.0,0,0.0,0.0,,0.0,normalDay
2021-10-14,2263.0,836.0,0.0,0,442.5,0.0,1,15.94,7.58,SPY220121P00414000,414.0,0,0.0,0.0,,0.0,normalDay
2021-10-15,2263.0,901.0,0.0,0,445.87,0.0,1,15.94,6.93,SPY220121P00414000,414.0,0,0.0,0.0,,0.0,normalDay
2021-10-18,2263.0,939.0,0.0,0,447.19,0.0,1,15.94,6.55,SPY220121P00414000,414.0,0,0.0,0.0,,0.0,normalDay
2021-10-19,2263.0,1014.0,0.0,0,450.64,0.0,1,15.94,5.8,SPY220121P00414000,414.0,0,0.0,0.0,,0.0,normalDay
2021-10-20,2263.0,1036.0,0.0,0,452.41,0.0,1,15.94,5.58,SPY220121P00414000,414.0,0,0.0,0.0,,0.0,normalDay
2021-10-21,2263.0,1072.0,0.0,0,453.59,0.0,1,15.94,5.22,SPY220121P00414000,414.0,0,0.0,0.0,,0.0,normalDay
2021-10-22,2263.0,1039.0,0.0,0,453.12,0.0,1,15.94,5.55,SPY220121P00414000,414.0,0,0.0,0.0,,0.0,normalDay
2021-10-25,2263.0,1102.0,0.0,0,455.55,0.0,1,15.94,4.92,SPY220121P00414000,414.0,0,0.0,0.0,,0.0,normalDay
2021-10-26,2263.0,1103.0,0.0,0,455.96,0.0,1,15.94,4.91,SPY220121P00414000,414.0,0,0.0,0.0,,0.0,normalDay
2021-10-27,2263.0,1047.0,0.0,0,453.94,0.0,1,15.94,5.47,SPY220121P00414000,414.0,0,0.0,0.0,,0.0,normalDay
2021-10-28,2263.0,1118.0,0.0,0,458.32,0.0,1,15.94,4.76,SPY220121P00414000,414.0,0,0.0,0.0,,0.0,normalDay
2021-10-29,2263.0,1138.0,0.0,0,459.25,0.0,1,15.94,4.56,SPY220121P00414000,414.0,0,0.0,0.0,,0.0,normalDay
2021-11-01,2263.0,1161.0,0.0,0,460.04,0.0,1,15.94,4.33,SPY220121P00414000,414.0,0,0.0,0.0,,0.0,normalDay
2021-11-02,2263.0,1194.0,0.0,0,461.9,0.0,1,15.94,4.0,SPY220121P00414000,414.0,0,0.0,0.0,,0.0,normalDay
2021-11-03,2263.0,1248.0,0.0,0,464.72,0.0,1,15.94,3.46,SPY220121P00414000,414.0,0,0.0,0.0,,0.0,normalDay
2021-11-04,2263.0,1271.0,0.0,0,466.91,0.0,1,15.94,3.23,SPY220121P00414000,414.0,0,0.0,0.0,,0.0,normalDay
2021-11-05,2263.0,1264.0,0.0,0,468.53,0.0,1,15.94,3.3,SPY220121P00414000,414.0,0,0.0,0.0,,0.0,normalDay
2021-11-08,2263.0,1258.0,0.0,0,468.93,0.0,1,15.94,3.36,SPY220121P00414000,414.0,0,0.0,0.0,,0.0,normalDay
2021-11-09,2263.0,1246.0,0.0,0,467.38,0.0,1,15.94,3.48,SPY220121P00414000,414.0,0,0.0,0.0,,0.0,normalDay
2021-11-10,2263.0,1205.0,0.0,0,463.62,0.0,1,15.94,3.89,SPY220121P00414000,414.0,0,0.0,0.0,,0.0,normalDay
2021-11-11,2263.0,1246.0,0.0,0,463.77,0.0,1,15.94,3.48,SPY220121P00414000,414.0,0,0.0,0.0,,0.0,normalDay
2021-11-12,2263.0,1299.0,0.0,0,467.27,0.0,1,15.94,2.95,SPY220121P00414000,414.0,0,0.0,0.0,,0.0,normalDay
2021-11-15,2263.0,1312.0,0.0,0,467.43,0.0,1,15.94,2.82,SPY220121P00414000,414.0,0,0.0,0.0,,0.0,normalDay
2021-11-16,2263.0,1331.0,0.0,0,469.28,0.0,1,15.94,2.63,SPY220121P00414000,414.0,0,0.0,0.0,,0.0,normalDay
2021-11-17,2263.0,1308.0,0.0,0,468.14,0.0,1,15.94,2.86,SPY220121P00414000,414.0,0,0.0,0.0,,0.0,normalDay
2021-11-18,2263.0,1316.0,0.0,0,469.73,0.0,1,15.94,2.78,SPY220121P00414000,414.0,0,0.0,0.0,,0.0,normalDay
2021-11-19,2263.0,1310.0,0.0,0,468.89,0.0,1,15.94,2.84,SPY220121P00414000,414.0,0,0.0,0.0,,0.0,normalDay
2021-11-22,2263.0,1293.0,0.0,0,467.57,0.0,1,15.94,3.01,SPY220121P00414000,414.0,0,0.0,0.0,,0.0,normalDay
2021-11-23,2263.0,1312.0,0.0,0,468.19,0.0,1,15.94,2.82,SPY220121P00414000,414.0,0,0.0,0.0,,0.0,normalDay
2021-11-24,2263.0,1347.0,0.0,0,469.44,0.0,1,15.94,2.47,SPY220121P00414000,414.0,0,0.0,0.0,,0.0,normalDay
2021-11-26,2263.0,908.0,0.0,0,458.97,0.0,1,15.94,6.86,SPY220121P00414000,414.0,0,0.0,0.0,,0.0,normalDay
2021-11-29,2263.0,1253.0,0.0,0,464.6,0.0,1,15.94,3.41,SPY220121P00414000,414.0,0,0.0,0.0,,0.0,normalDay
2021-11-30,2263.0,1091.0,0.0,0,455.56,0.0,1,15.94,5.03,SPY220121P00414000,414.0,0,0.0,0.0,,0.0,normalDay
2021-12-01,2263.0,878.0,0.0,0,450.5,0.0,1,15.94,7.16,SPY220121P00414000,414.0,0,0.0,0.0,,0.0,normalDay
2021-12-02,2263.0,1075.0,0.0,0,457.4,0.0,1,15.94,5.19,SPY220121P00414000,414.0,0,0.0,0.0,,0.0,normalDay
2021-12-03,2263.0,955.0,0.0,0,453.42,0.0,1,15.94,6.39,SPY220121P00414000,414.0,0,0.0,0.0,,0.0,normalDay
2021-12-06,2263.0,1145.0,0.0,0,458.79,0.0,1,15.94,4.49,SPY220121P00414000,414.0,0,0.0,0.0,,0.0,normalDay
2021-12-07,2263.0,1345.0,0.0,0,468.28,0.0,1,15.94,2.49,SPY220121P00414000,414.0,0,0.0,0.0,,0.0,normalDay
2021-12-08,2263.0,1404.0,0.0,0,469.52,0.0,1,15.94,1.9,SPY220121P00414000,414.0,0,0.0,0.0,,0.0,normalDay
2021-12-09,2263.0,1366.0,0.0,0,466.35,0.0,1,15.94,2.28,SPY220121P00414000,414.0,0,0.0,0.0,,0.0,normalDay
2021-12-10,2263.0,1429.0,0.0,0,470.74,0.0,1,15.94,1.65,SPY220121P00414000,414.0,0,0.0,0.0,,0.0,normalDay
2021-12-13,2263.0,1408.0,0.0,0,466.57,0.0,1,15.94,1.86,SPY220121P00414000,414.0,0,0.0,0.0,,0.0,normalDay
2021-12-14,2263.0,1373.0,0.0,0,463.36,0.0,1,15.94,2.21,SPY220121P00414000,414.0,0,0.0,0.0,,0.0,normalDay
2021-12-15,2263.0,1461.0,0.0,0,470.6,0.0,1,15.94,1.33,SPY220121P00414000,414.0,0,0.0,0.0,,0.0,normalDay
2021-12-16,2263.0,1432.0,0.0,0,466.45,0.0,1,15.94,1.62,SPY220121P00414000,414.0,0,0.0,0.0,,0.0,normalDay
2021-12-17,2263.0,1391.0,0.0,0,459.87,0.0,1,15.94,2.03,SPY220121P00414000,414.0,0,0.0,0.0,,0.0,normalDay
2021-12-20,2263.0,1359.0,0.0,0,454.98,0.0,1,15.94,2.35,SPY220121P00414000,414.0,0,0.0,0.0,,0.0,normalDay
2021-12-21,2263.0,1444.0,0.0,0,463.06,0.0,1,15.94,1.5,SPY220121P00414000,414.0,0,0.0,0.0,,0.0,normalDay
2021-12-22,2263.0,1500.0,0.0,0,467.69,0.0,1,15.94,0.94,SPY220121P00414000,414.0,0,0.0,0.0,,0.0,normalDay
2021-12-23,2263.0,1519.0,0.0,0,470.6,0.0,1,15.94,0.75,SPY220121P00414000,414.0,0,0.0,0.0,,0.0,normalDay
2021-12-27,2263.0,1547.0,0.0,0,477.26,0.0,1,15.94,0.47,SPY220121P00414000,414.0,0,0.0,0.0,,0.0,normalDay
2021-12-28,2263.0,1547.0,0.0,0,476.87,0.0,1,15.94,0.47,SPY220121P00414000,414.0,0,0.0,0.0,,0.0,normalDay
2021-12-29,2263.0,1556.0,0.0,0,477.48,0.0,1,15.94,0.38,SPY220121P00414000,414.0,0,0.0,0.0,,0.0,normalDay
2021-12-30,2263.0,1554.0,0.0,0,476.16,0.0,1,15.94,0.4,SPY220121P00414000,414.0,0,0.0,0.0,,0.0,normalDay
2021-12-31,2263.0,1558.0,0.0,0,474.96,0.0,1,15.94,0.36,SPY220121P00414000,414.0,0,0.0,0.0,,0.0,normalDay
2022-01-03,2263.0,1572.0,0.0,0,477.71,0.0,1,15.94,0.22,SPY220121P00414000,414.0,0,0.0,0.0,,0.0,normalDay
2022-01-04,2263.0,1573.0,0.0,0,477.55,0.0,1,15.94,0.21,SPY220121P00414000,414.0,0,0.0,0.0,,0.0,normalDay
2022-01-05,2263.0,1551.0,0.0,0,468.38,0.0,1,15.94,0.43,SPY220121P00414000,414.0,0,0.0,0.0,,0.0,normalDay
2022-01-06,2263.0,1563.0,0.0,0,467.94,0.0,1,15.94,0.31,SPY220121P00414000,414.0,0,0.0,0.0,,0.0,normalDay
2022-01-07,2263.0,1574.0,0.0,0,466.09,0.0,1,15.94,0.2,SPY220121P00414000,414.0,0,0.0,0.0,,0.0,normalDay
2022-01-10,2263.0,1573.0,0.0,0,465.51,0.0,1,15.94,0.21,SPY220121P00414000,414.0,0,0.0,0.0,,0.0,normalDay
2022-01-11,2263.0,1581.0,0.0,0,469.75,0.0,1,15.94,0.13,SPY220121P00414000,414.0,0,0.0,0.0,,0.0,normalDay
2022-01-12,2263.0,1588.0,0.0,0,471.02,0.0,1,15.94,0.06,SPY220121P00414000,414.0,0,0.0,0.0,,0.0,normalDay
2022-01-13,2263.0,1582.0,0.0,0,464.53,0.0,1,15.94,0.12,SPY220121P00414000,414.0,0,0.0,0.0,,0.0,normalDay
2022-01-14,2263.0,1588.0,0.0,0,464.72,0.0,1,15.94,0.06,SPY220121P00414000,414.0,0,0.0,0.0,,0.0,normalDay
2022-01-18,2263.0,1587.0,0.0,0,456.49,0.0,1,15.94,0.07,SPY220121P00414000,414.0,0,0.0,0.0,,0.0,normalDay
2022-01-19,2263.0,1589.0,0.0,0,451.75,0.0,1,15.94,0.05,SPY220121P00414000,414.0,0,0.0,0.0,,0.0,normalDay
2022-01-20,2263.0,1589.0,0.0,0,446.75,0.0,1,15.94,0.05,SPY220121P00414000,414.0,0,0.0,0.0,,0.0,normalDay
2022-01-21,3857.0,0.0,1594.0,0,437.98,0.0,1,15.94,0.0,SPY220121P00414000,414.0,0,0.0,0.0,,0.0,expirationDay
2022-01-24,3857.0,-309.0,0.0,0,439.84,0.0,1,23.35,26.44,SPY220715P00430000,430.0,0,0.0,0.0,,0.0,normalDay
2022-01-25,3857.0,-506.0,0.0,0,434.47,0.0,1,23.35,28.41,SPY220715P00430000,430.0,0,0.0,0.0,,0.0,normalDay
2022-01-26,3857.0,-517.0,0.0,0,433.38,0.0,1,23.35,28.52,SPY220715P00430000,430.0,0,0.0,0.0,,0.0,normalDay
2022-01-27,3857.0,-406.0,0.0,0,431.24,0.0,1,23.35,27.41,SPY220715P00430000,430.0,0,0.0,0.0,,0.0,normalDay
2022-01-28,3857.0,65.0,0.0,0,441.95,0.0,1,23.35,22.7,SPY220715P00430000,430.0,0,0.0,0.0,,0.0,normalDay
2022-01-31,3857.0,409.0,0.0,0,449.91,0.0,1,23.35,19.26,SPY220715P00430000,430.0,0,0.0,0.0,,0.0,normalDay
2022-02-01,3857.0,642.0,0.0,0,452.95,0.0,1,23.35,16.93,SPY220715P00430000,430.0,0,0.0,0.0,,0.0,normalDay
2022-02-02,3857.0,669.0,0.0,0,457.35,0.0,1,23.35,16.66,SPY220715P00430000,430.0,0,0.0,0.0,,0.0,normalDay
2022-02-03,3857.0,421.0,0.0,0,446.6,0.0,1,23.35,19.14,SPY220715P00430000,430.0,0,0.0,0.0,,0.0,normalDay
2022-02-04,3857.0,397.0,0.0,0,448.7,0.0,1,23.35,19.38,SPY220715P00430000,430.0,0,0.0,0.0,,0.0,normalDay
2022-02-07,3857.0,441.0,0.0,0,447.26,0.0,1,23.35,18.94,SPY220715P00430000,430.0,0,0.0,0.0,,0.0,normalDay
2022-02-08,3857.0,626.0,0.0,0,450.94,0.0,1,23.35,17.09,SPY220715P00430000,430.0,0,0.0,0.0,,0.0,normalDay
2022-02-09,3857.0,833.0,0.0,0,457.54,0.0,1,23.35,15.02,SPY220715P00430000,430.0,0,0.0,0.0,,0.0,normalDay
2022-02-10,3857.0,493.0,0.0,0,449.32,0.0,1,23.35,18.42,SPY220715P00430000,430.0,0,0.0,0.0,,0.0,normalDay
2022-02-11,3857.0,64.0,0.0,0,440.46,0.0,1,23.35,22.71,SPY220715P00430000,430.0,0,0.0,0.0,,0.0,normalDay
2022-02-14,3857.0,55.0,0.0,0,439.02,0.0,1,23.35,22.8,SPY220715P00430000,430.0,0,0.0,0.0,,0.0,normalDay
2022-02-15,3857.0,356.0,0.0,0,446.1,0.0,1,23.35,19.79,SPY220715P00430000,430.0,0,0.0,0.0,,0.0,normalDay
2022-02-16,3857.0,490.0,0.0,0,446.6,0.0,1,23.35,18.45,SPY220715P00430000,430.0,0,0.0,0.0,,0.0,normalDay
2022-02-17,3857.0,1.0,0.0,0,437.06,0.0,1,23.35,23.34,SPY220715P00430000,430.0,0,0.0,0.0,,0.0,normalDay
2022-02-18,3857.0,-79.0,0.0,0,434.23,0.0,1,23.35,24.14,SPY220715P00430000,430.0,0,0.0,0.0,,0.0,normalDay
2022-02-22,3857.0,-182.0,0.0,0,429.57,0.0,1,23.35,25.17,SPY220715P00430000,430.0,0,0.0,0.0,,0.0,normalDay
2022-02-23,3857.0,-625.0,0.0,0,421.95,0.0,1,23.35,29.6,SPY220715P00430000,430.0,0,0.0,0.0,,0.0,normalDay
2022-02-24,3857.0,-337.0,0.0,0,428.3,0.0,1,23.35,26.72,SPY220715P00430000,430.0,0,0.0,0.0,,0.0,normalDay
2022-02-25,3857.0,153.0,0.0,0,437.75,0.0,1,23.35,21.82,SPY220715P00430000,430.0,0,0.0,0.0,,0.0,normalDay
2022-02-28,3857.0,60.0,0.0,0,436.63,0.0,1,23.35,22.75,SPY220715P00430000,430.0,0,0.0,0.0,,0.0,normalDay
2022-03-01,3857.0,-349.0,0.0,0,429.98,0.0,1,23.35,26.84,SPY220715P00430000,430.0,0,0.0,0.0,,0.0,normalDay
2022-03-02,3857.0,21.0,0.0,0,437.89,0.0,1,23.35,23.14,SPY220715P00430000,430.0,0,0.0,0.0,,0.0,normalDay
2022-03-03,3857.0,-39.0,0.0,0,435.71,0.0,1,23.35,23.74,SPY220715P00430000,430.0,0,0.0,0.0,,0.0,normalDay
2022-03-04,3857.0,-271.0,0.0,0,432.17,0.0,1,23.35,26.06,SPY220715P00430000,430.0,0,0.0,0.0,,0.0,normalDay
2022-03-07,3857.0,-995.0,0.0,0,419.43,0.0,1,23.35,33.3,SPY220715P00430000,430.0,0,0.0,0.0,,0.0,normalDay
2022-03-08,3857.0,-1118.0,0.0,0,416.25,0.0,1,23.35,34.53,SPY220715P00430000,430.0,0,0.0,0.0,,0.0,normalDay
2022-03-09,3857.0,-472.0,0.0,0,427.41,0.0,1,23.35,28.07,SPY220715P00430000,430.0,0,0.0,0.0,,0.0,normalDay
2022-03-10,3857.0,-437.0,0.0,0,425.48,0.0,1,23.35,27.72,SPY220715P00430000,430.0,0,0.0,0.0,,0.0,normalDay
2022-03-11,3857.0,-728.0,0.0,0,420.07,0.0,1,23.35,30.63,SPY220715P00430000,430.0,0,0.0,0.0,,0.0,normalDay
2022-03-14,3857.0,-856.0,0.0,0,417.0,0.0,1,23.35,31.91,SPY220715P00430000,430.0,0,0.0,0.0,,0.0,normalDay
2022-03-15,3857.0,-391.0,0.0,0,426.17,0.0,1,23.35,27.26,SPY220715P00430000,430.0,0,0.0,0.0,,0.0,normalDay
2022-03-16,3857.0,158.0,0.0,0,435.62,0.0,1,23.35,21.77,SPY220715P00430000,430.0,0,0.0,0.0,,0.0,normalDay
2022-03-17,3857.0,425.0,0.0,0,441.07,0.0,1,23.35,19.1,SPY220715P00430000,430.0,0,0.0,0.0,,0.0,normalDay
2022-03-18,3857.0,712.0,0.0,0,444.52,0.0,1,23.35,16.23,SPY220715P00430000,430.0,0,0.0,0.0,,0.0,normalDay
2022-03-21,3857.0,736.0,0.0,0,444.39,0.0,1,23.35,15.99,SPY220715P00430000,430.0,0,0.0,0.0,,0.0,normalDay
2022-03-22,3857.0,925.0,0.0,0,449.59,0.0,1,23.35,14.1,SPY220715P00430000,430.0,0,0.0,0.0,,0.0,normalDay
2022-03-23,3857.0,743.0,0.0,0,443.8,0.0,1,23.35,15.92,SPY220715P00430000,430.0,0,0.0,0.0,,0.0,normalDay
2022-03-24,3857.0,976.0,0.0,0,450.49,0.0,1,23.35,13.59,SPY220715P00430000,430.0,0,0.0,0.0,,0.0,normalDay
2022-03-25,3857.0,1057.0,0.0,0,452.69,0.0,1,23.35,12.78,SPY220715P00430000,430.0,0,0.0,0.0,,0.0,normalDay
2022-03-28,3857.0,1186.0,0.0,0,455.91,0.0,1,23.35,11.49,SPY220715P00430000,430.0,0,0.0,0.0,,0.0,normalDay
2022-03-29,3857.0,1340.0,0.0,0,461.55,0.0,1,23.35,9.95,SPY220715P00430000,430.0,0,0.0,0.0,,0.0,normalDay
2022-03-30,3857.0,1282.0,0.0,0,458.7,0.0,1,23.35,10.53,SPY220715P00430000,430.0,0,0.0,0.0,,0.0,normalDay
2022-03-31,3857.0,1086.0,0.0,0,451.64,0.0,1,23.35,12.49,SPY220715P00430000,430.0,0,0.0,0.0,,0.0,normalDay
2022-04-01,3857.0,1153.0,0.0,0,452.92,0.0,1,23.35,11.82,SPY220715P00430000,430.0,0,0.0,0.0,,0.0,normalDay
2022-04-04,3857.0,1337.0,0.0,0,456.8,0.0,1,23.35,9.98,SPY220715P00430000,430.0,0,0.0,0.0,,0.0,normalDay
2022-04-05,3857.0,1127.0,0.0,0,451.03,0.0,1,23.35,12.08,SPY220715P00430000,430.0,0,0.0,0.0,,0.0,normalDay
2022-04-06,3857.0,973.0,0.0,0,446.52,0.0,1,23.35,13.62,SPY220715P00430000,430.0,0,0.0,0.0,,0.0,normalDay
2022-04-07,3857.0,1050.0,0.0,0,448.77,0.0,1,23.35,12.85,SPY220715P00430000,430.0,0,0.0,0.0,,0.0,normalDay
2022-04-08,3857.0,1047.0,0.0,0,447.57,0.0,1,23.35,12.88,SPY220715P00430000,430.0,0,0.0,0.0,,0.0,normalDay
2022-04-11,3857.0,749.0,0.0,0,439.92,0.0,1,23.35,15.86,SPY220715P00430000,430.0,0,0.0,0.0,,0.0,normalDay
2022-04-12,3857.0,711.0,0.0,0,438.29,0.0,1,23.35,16.24,SPY220715P00430000,430.0,0,0.0,0.0,,0.0,normalDay
2022-04-13,3857.0,972.0,0.0,0,443.31,0.0,1,23.35,13.63,SPY220715P00430000,430.0,0,0.0,0.0,,0.0,normalDay
2022-04-14,3857.0,775.0,0.0,0,437.79,0.0,1,23.35,15.6,SPY220715P00430000,430.0,0,0.0,0.0,,0.0,normalDay
2022-04-18,3857.0,881.0,0.0,0,437.97,0.0,1,23.35,14.54,SPY220715P00430000,430.0,0,0.0,0.0,,0.0,normalDay
2022-04-19,3857.0,1045.0,0.0,0,445.04,0.0,1,23.35,12.9,SPY220715P00430000,430.0,0,0.0,0.0,,0.0,normalDay
2022-04-20,3857.0,1165.0,0.0,0,444.71,0.0,1,23.35,11.7,SPY220715P00430000,430.0,0,0.0,0.0,,0.0,normalDay
2022-04-21,3857.0,831.0,0.0,0,438.06,0.0,1,23.35,15.04,SPY220715P00430000,430.0,0,0.0,0.0,,0.0,normalDay
2022-04-22,3857.0,117.0,0.0,0,426.04,0.0,1,23.35,22.18,SPY220715P00430000,430.0,0,0.0,0.0,,0.0,normalDay
2022-04-25,3857.0,388.0,0.0,0,428.51,0.0,1,23.35,19.47,SPY220715P00430000,430.0,0,0.0,0.0,,0.0,normalDay
2022-04-26,3857.0,-488.0,0.0,0,416.1,0.0,1,23.35,28.23,SPY220715P00430000,430.0,0,0.0,0.0,,0.0,normalDay
2022-04-27,3857.0,-226.0,0.0,0,417.27,0.0,1,23.35,25.61,SPY220715P00430000,430.0,0,0.0,0.0,,0.0,normalDay
2022-04-28,3857.0,240.0,0.0,0,427.81,0.0,1,23.35,20.95,SPY220715P00430000,430.0,0,0.0,0.0,,0.0,normalDay
2022-04-29,3857.0,-539.0,0.0,0,412.0,0.0,1,23.35,28.74,SPY220715P00430000,430.0,0,0.0,0.0,,0.0,normalDay
2022-05-02,3857.0,-376.0,0.0,0,414.48,0.0,1,23.35,27.11,SPY220715P00430000,430.0,0,0.0,0.0,,0.0,normalDay
2022-05-03,3857.0,-149.0,0.0,0,416.38,0.0,1,23.35,24.84,SPY220715P00430000,430.0,0,0.0,0.0,,0.0,normalDay
2022-05-04,3857.0,562.0,0.0,0,429.06,0.0,1,23.35,17.73,SPY220715P00430000,430.0,0,0.0,0.0,,0.0,normalDay
2022-05-05,3857.0,-415.0,0.0,0,413.81,0.0,1,23.35,27.5,SPY220715P00430000,430.0,0,0.0,0.0,,0.0,normalDay
2022-05-06,3857.0,-621.0,0.0,0,411.34,0.0,1,23.35,29.56,SPY220715P00430000,430.0,0,0.0,0.0,,0.0,normalDay
2022-05-09,3857.0,-1440.0,0.0,0,398.17,0.0,1,23.35,37.75,SPY220715P00430000,430.0,0,0.0,0.0,,0.0,normalDay
2022-05-10,3857.0,-1390.0,0.0,0,399.09,0.0,1,23.35,37.25,SPY220715P00430000,430.0,0,0.0,0.0,,0.0,normalDay
2022-05-11,3857.0,-1859.0,0.0,0,392.75,0.0,1,23.35,41.94,SPY220715P00430000,430.0,0,0.0,0.0,,0.0,normalDay
2022-05-12,3857.0,-1895.0,0.0,0,392.34,0.0,1,23.35,42.3,SPY220715P00430000,430.0,0,0.0,0.0,,0.0,normalDay
2022-05-13,3857.0,-1130.0,0.0,0,401.72,0.0,1,23.35,34.65,SPY220715P00430000,430.0,0,0.0,0.0,,0.0,normalDay
2022-05-16,3857.0,-1178.0,0.0,0,400.09,0.0,1,23.35,35.13,SPY220715P00430000,430.0,0,0.0,0.0,,0.0,normalDay
2022-05-17,3857.0,-515.0,0.0,0,408.32,0.0,1,23.35,28.5,SPY220715P00430000,430.0,0,0.0,0.0,,0.0,normalDay
2022-05-18,3857.0,-1938.0,0.0,0,391.86,0.0,1,23.35,42.73,SPY220715P00430000,430.0,0,0.0,0.0,,0.0,normalDay
2022-05-19,3857.0,-2060.0,0.0,0,389.46,0.0,1,23.35,43.95,SPY220715P00430000,430.0,0,0.0,0.0,,0.0,normalDay
2022-05-20,3857.0,-2051.0,0.0,0,389.63,0.0,1,23.35,43.86,SPY220715P00430000,430.0,0,0.0,0.0,,0.0,normalDay
2022-05-23,3857.0,-1351.0,0.0,0,396.92,0.0,1,23.35,36.86,SPY220715P00430000,430.0,0,0.0,0.0,,0.0,normalDay
2022-05-24,3857.0,-1637.0,0.0,0,393.89,0.0,1,23.35,39.72,SPY220715P00430000,430.0,0,0.0,0.0,,0.0,normalDay
2022-05-25,3857.0,-1350.0,0.0,0,397.37,0.0,1,23.35,36.85,SPY220715P00430000,430.0,0,0.0,0.0,,0.0,normalDay
2022-05-26,3857.0,-752.0,0.0,0,405.31,0.0,1,23.35,30.87,SPY220715P00430000,430.0,0,0.0,0.0,,0.0,normalDay
2022-05-27,3857.0,80.0,0.0,0,415.26,0.0,1,23.35,22.55,SPY220715P00430000,430.0,0,0.0,0.0,,0.0,normalDay
2022-05-31,3857.0,-65.0,0.0,0,412.93,0.0,1,23.35,24.0,SPY220715P00430000,430.0,0,0.0,0.0,,0.0,normalDay
2022-06-01,3857.0,-271.0,0.0,0,409.59,0.0,1,23.35,26.06,SPY220715P00430000,430.0,0,0.0,0.0,,0.0,normalDay
2022-06-02,3857.0,344.0,0.0,0,417.39,0.0,1,23.35,19.91,SPY220715P00430000,430.0,0,0.0,0.0,,0.0,normalDay
2022-06-03,3857.0,-116.0,0.0,0,410.54,0.0,1,23.35,24.51,SPY220715P00430000,430.0,0,0.0,0.0,,0.0,normalDay
2022-06-06,3857.0,-12.0,0.0,0,411.79,0.0,1,23.35,23.47,SPY220715P00430000,430.0,0,0.0,0.0,,0.0,normalDay
2022-06-07,3857.0,285.0,0.0,0,415.74,0.0,1,23.35,20.5,SPY220715P00430000,430.0,0,0.0,0.0,,0.0,normalDay
2022-06-08,3857.0,-21.0,0.0,0,411.22,0.0,1,23.35,23.56,SPY220715P00430000,430.0,0,0.0,0.0,,0.0,normalDay
2022-06-09,3857.0,-814.0,0.0,0,401.44,0.0,1,23.35,31.49,SPY220715P00430000,430.0,0,0.0,0.0,,0.0,normalDay
2022-06-10,3857.0,-1855.0,0.0,0,389.8,0.0,1,23.35,41.9,SPY220715P00430000,430.0,0,0.0,0.0,,0.0,normalDay
2022-06-13,3857.0,-3358.0,0.0,0,375.0,0.0,1,23.35,56.93,SPY220715P00430000,430.0,0,0.0,0.0,,0.0,normalDay
2022-06-14,3857.0,-3560.0,0.0,0,373.87,0.0,1,23.35,58.95,SPY220715P00430000,430.0,0,0.0,0.0,,0.0,normalDay
2022-06-15,3857.0,-2950.0,0.0,0,379.2,0.0,1,23.35,52.85,SPY220715P00430000,430.0,0,0.0,0.0,,0.0,normalDay
2022-06-16,3857.0,-4138.0,0.0,0,366.65,0.0,1,23.35,64.73,SPY220715P00430000,430.0,0,0.0,0.0,,0.0,normalDay
2022-06-17,3857.0,-4041.0,0.0,0,365.86,0.0,1,23.35,63.76,SPY220715P00430000,430.0,0,0.0,0.0,,0.0,normalDay
2022-06-21,3857.0,-3197.0,0.0,0,375.07,0.0,1,23.35,55.32,SPY220715P00430000,430.0,0,0.0,0.0,,0.0,normalDay
2022-06-22,3857.0,-3221.0,0.0,0,374.39,0.0,1,23.35,55.56,SPY220715P00430000,430.0,0,0.0,0.0,,0.0,normalDay
2022-06-23,3857.0,-2991.0,0.0,0,378.06,0.0,1,23.35,53.26,SPY220715P00430000,430.0,0,0.0,0.0,,0.0,normalDay
2022-06-24,3857.0,-1804.0,0.0,0,390.08,0.0,1,23.35,41.39,SPY220715P00430000,430.0,0,0.0,0.0,,0.0,normalDay
2022-06-27,3857.0,-1800.0,0.0,0,388.59,0.0,1,23.35,41.35,SPY220715P00430000,430.0,0,0.0,0.0,,0.0,normalDay
2022-06-28,3857.0,-2645.0,0.0,0,380.65,0.0,1,23.35,49.8,SPY220715P00430000,430.0,0,0.0,0.0,,0.0,normalDay
2022-06-29,3857.0,-2638.0,0.0,0,380.34,0.0,1,23.35,49.73,SPY220715P00430000,430.0,0,0.0,0.0,,0.0,normalDay
2022-06-30,3857.0,-3050.0,0.0,0,377.25,0.0,1,23.35,53.85,SPY220715P00430000,430.0,0,0.0,0.0,,0.0,normalDay
2022-07-01,3857.0,-2597.0,0.0,0,381.24,0.0,1,23.35,49.32,SPY220715P00430000,430.0,0,0.0,0.0,,0.0,normalDay
2022-07-05,3857.0,-2546.0,0.0,0,381.96,0.0,1,23.35,48.81,SPY220715P00430000,430.0,0,0.0,0.0,,0.0,normalDay
2022-07-06,3857.0,-2328.0,0.0,0,383.25,0.0,1,23.35,46.63,SPY220715P00430000,430.0,0,0.0,0.0,,0.0,normalDay
2022-07-07,3857.0,-1820.0,0.0,0,388.99,0.0,1,23.35,41.55,SPY220715P00430000,430.0,0,0.0,0.0,,0.0,normalDay
2022-07-08,3857.0,-1786.0,0.0,0,388.67,0.0,1,23.35,41.21,SPY220715P00430000,430.0,0,0.0,0.0,,0.0,normalDay
2022-07-11,3857.0,-2209.0,0.0,0,384.23,0.0,1,23.35,45.44,SPY220715P00430000,430.0,0,0.0,0.0,,0.0,normalDay
2022-07-12,3857.0,-2632.0,0.0,0,380.83,0.0,1,23.35,49.67,SPY220715P00430000,430.0,0,0.0,0.0,,0.0,normalDay
2022-07-13,3857.0,-2817.0,0.0,0,378.83,0.0,1,23.35,51.52,SPY220715P00430000,430.0,0,0.0,0.0,,0.0,normalDay
2022-07-14,3857.0,-2867.0,0.0,0,377.91,0.0,1,23.35,52.02,SPY220715P00430000,430.0,0,0.0,0.0,,0.0,normalDay
2022-07-15,6192.0,-4487.0,2335.0,100,385.13,430.0,1,23.35,0.0,SPY220715P00430000,430.0,0,0.0,0.0,,0.0,expirationDay
2022-07-18,6192.0,-4808.0,0.0,100,381.95,430.0,0,0.0,0.0,,0.0,1,1.84,1.87,SPY220722C00387000,387.0,normalDay
2022-07-19,6192.0,-4334.0,0.0,100,392.27,430.0,0,0.0,0.0,,0.0,1,1.84,7.45,SPY220722C00387000,387.0,normalDay
2022-07-20,6192.0,-4227.0,0.0,100,394.77,430.0,0,0.0,0.0,,0.0,1,1.84,8.88,SPY220722C00387000,387.0,normalDay
2022-07-21,6192.0,-4111.0,0.0,100,398.79,430.0,0,0.0,0.0,,0.0,1,1.84,11.74,SPY220722C00387000,387.0,normalDay
2022-07-22,2076.0,-4111.0,-4116.0,0,395.09,0.0,0,0.0,0.0,,0.0,1,1.84,0.0,SPY220722C00387000,387.0,expirationDay
2022-07-25,2076.0,-10.0,0.0,0,395.57,0.0,1,14.14,14.24,SPY230120P00365000,365.0,0,0.0,0.0,,0.0,normalDay
2022-07-26,2076.0,-133.0,0.0,0,390.89,0.0,1,14.14,15.47,SPY230120P00365000,365.0,0,0.0,0.0,,0.0,normalDay
2022-07-27,2076.0,111.0,0.0,0,401.04,0.0,1,14.14,13.03,SPY230120P00365000,365.0,0,0.0,0.0,,0.0,normalDay
2022-07-28,2076.0,291.0,0.0,0,406.07,0.0,1,14.14,11.23,SPY230120P00365000,365.0,0,0.0,0.0,,0.0,normalDay
2022-07-29,2076.0,398.0,0.0,0,411.99,0.0,1,14.14,10.16,SPY230120P00365000,365.0,0,0.0,0.0,,0.0,normalDay
2022-08-01,2076.0,342.0,0.0,0,410.77,0.0,1,14.14,10.72,SPY230120P00365000,365.0,0,0.0,0.0,,0.0,normalDay
2022-08-02,2076.0,234.0,0.0,0,408.06,0.0,1,14.14,11.8,SPY230120P00365000,365.0,0,0.0,0.0,,0.0,normalDay
2022-08-03,2076.0,419.0,0.0,0,414.45,0.0,1,14.14,9.95,SPY230120P00365000,365.0,0,0.0,0.0,,0.0,normalDay
2022-08-04,2076.0,427.0,0.0,0,414.17,0.0,1,14.14,9.87,SPY230120P00365000,365.0,0,0.0,0.0,,0.0,normalDay
2022-08-05,2076.0,412.0,0.0,0,413.47,0.0,1,14.14,10.02,SPY230120P00365000,365.0,0,0.0,0.0,,0.0,normalDay
2022-08-08,2076.0,418.0,0.0,0,412.99,0.0,1,14.14,9.96,SPY230120P00365000,365.0,0,0.0,0.0,,0.0,normalDay
2022-08-09,2076.0,392.0,0.0,0,411.35,0.0,1,14.14,10.22,SPY230120P00365000,365.0,0,0.0,0.0,,0.0,normalDay
2022-08-10,2076.0,567.0,0.0,0,419.99,0.0,1,14.14,8.47,SPY230120P00365000,365.0,0,0.0,0.0,,0.0,normalDay
2022-08-11,2076.0,569.0,0.0,0,419.99,0.0,1,14.14,8.45,SPY230120P00365000,365.0,0,0.0,0.0,,0.0,normalDay
2022-08-12,2076.0,671.0,0.0,0,427.1,0.0,1,14.14,7.43,SPY230120P00365000,365.0,0,0.0,0.0,,0.0,normalDay
2022-08-15,2076.0,718.0,0.0,0,428.86,0.0,1,14.14,6.96,SPY230120P00365000,365.0,0,0.0,0.0,,0.0,normalDay
2022-08-16,2076.0,729.0,0.0,0,429.7,0.0,1,14.14,6.85,SPY230120P00365000,365.0,0,0.0,0.0,,0.0,normalDay
2022-08-17,2076.0,679.0,0.0,0,426.65,0.0,1,14.14,7.35,SPY230120P00365000,365.0,0,0.0,0.0,,0.0,normalDay
2022-08-18,2076.0,715.0,0.0,0,427.89,0.0,1,14.14,6.99,SPY230120P00365000,365.0,0,0.0,0.0,,0.0,normalDay
2022-08-19,2076.0,609.0,0.0,0,422.14,0.0,1,14.14,8.05,SPY230120P00365000,365.0,0,0.0,0.0,,0.0,normalDay
2022-08-22,2076.0,449.0,0.0,0,413.35,0.0,1,14.14,9.65,SPY230120P00365000,365.0,0,0.0,0.0,,0.0,normalDay
2022-08-23,2076.0,446.0,0.0,0,412.35,0.0,1,14.14,9.68,SPY230120P00365000,365.0,0,0.0,0.0,,0.0,normalDay
2022-08-24,2076.0,516.0,0.0,0,413.67,0.0,1,14.14,8.98,SPY230120P00365000,365.0,0,0.0,0.0,,0.0,normalDay
2022-08-25,2076.0,628.0,0.0,0,419.51,0.0,1,14.14,7.86,SPY230120P00365000,365.0,0,0.0,0.0,,0.0,normalDay
2022-08-26,2076.0,321.0,0.0,0,405.31,0.0,1,14.14,10.93,SPY230120P00365000,365.0,0,0.0,0.0,,0.0,normalDay
2022-08-29,2076.0,287.0,0.0,0,402.63,0.0,1,14.14,11.27,SPY230120P00365000,365.0,0,0.0,0.0,,0.0,normalDay
2022-08-30,2076.0,202.0,0.0,0,398.21,0.0,1,14.14,12.12,SPY230120P00365000,365.0,0,0.0,0.0,,0.0,normalDay
2022-08-31,2076.0,156.0,0.0,0,395.18,0.0,1,14.14,12.58,SPY230120P00365000,365.0,0,0.0,0.0,,0.0,normalDay
2022-09-01,2076.0,214.0,0.0,0,396.42,0.0,1,14.14,12.0,SPY230120P00365000,365.0,0,0.0,0.0,,0.0,normalDay
2022-09-02,2076.0,133.0,0.0,0,392.24,0.0,1,14.14,12.81,SPY230120P00365000,365.0,0,0.0,0.0,,0.0,normalDay
2022-09-06,2076.0,64.0,0.0,0,390.76,0.0,1,14.14,13.5,SPY230120P00365000,365.0,0,0.0,0.0,,0.0,normalDay
2022-09-07,2076.0,295.0,0.0,0,397.78,0.0,1,14.14,11.19,SPY230120P00365000,365.0,0,0.0,0.0,,0.0,normalDay
2022-09-08,2076.0,403.0,0.0,0,400.38,0.0,1,14.14,10.11,SPY230120P00365000,365.0,0,0.0,0.0,,0.0,normalDay
2022-09-09,2076.0,519.0,0.0,0,406.6,0.0,1,14.14,8.95,SPY230120P00365000,365.0,0,0.0,0.0,,0.0,normalDay
2022-09-12,2076.0,617.0,0.0,0,410.97,0.0,1,14.14,7.97,SPY230120P00365000,365.0,0,0.0,0.0,,0.0,normalDay
2022-09-13,2076.0,204.0,0.0,0,393.1,0.0,1,14.14,12.1,SPY230120P00365000,365.0,0,0.0,0.0,,0.0,normalDay
2022-09-14,2076.0,248.0,0.0,0,394.6,0.0,1,14.14,11.66,SPY230120P00365000,365.0,0,0.0,0.0,,0.0,normalDay
2022-09-15,2076.0,177.0,0.0,0,390.12,0.0,1,14.14,12.37,SPY230120P00365000,365.0,0,0.0,0.0,,0.0,normalDay
2022-09-16,2076.0,106.0,0.0,0,385.56,0.0,1,14.14,13.08,SPY230120P00365000,365.0,0,0.0,0.0,,0.0,normalDay
2022-09-19,2076.0,211.0,0.0,0,388.55,0.0,1,14.14,12.03,SPY230120P00365000,365.0,0,0.0,0.0,,0.0,normalDay
2022-09-20,2076.0,73.0,0.0,0,384.09,0.0,1,14.14,13.41,SPY230120P00365000,365.0,0,0.0,0.0,,0.0,normalDay
2022-09-21,2076.0,-156.0,0.0,0,377.39,0.0,1,14.14,15.7,SPY230120P00365000,365.0,0,0.0,0.0,,0.0,normalDay
2022-09-22,2076.0,-210.0,0.0,0,374.22,0.0,1,14.14,16.24,SPY230120P00365000,365.0,0,0.0,0.0,,0.0,normalDay
2022-09-23,2076.0,-543.0,0.0,0,367.95,0.0,1,14.14,19.57,SPY230120P00365000,365.0,0,0.0,0.0,,0.0,normalDay
2022-09-26,2076.0,-741.0,0.0,0,364.31,0.0,1,14.14,21.55,SPY230120P00365000,365.0,0,0.0,0.0,,0.0,normalDay
2022-09-27,2076.0,-758.0,0.0,0,363.38,0.0,1,14.14,21.72,SPY230120P00365000,365.0,0,0.0,0.0,,0.0,normalDay
2022-09-28,2076.0,-405.0,0.0,0,370.53,0.0,1,14.14,18.19,SPY230120P00365000,365.0,0,0.0,0.0,,0.0,normalDay
2022-09-29,2076.0,-720.0,0.0,0,362.79,0.0,1,14.14,21.34,SPY230120P00365000,365.0,0,0.0,0.0,,0.0,normalDay
2022-09-30,2076.0,-901.0,0.0,0,357.18,0.0,1,14.14,23.15,SPY230120P00365000,365.0,0,0.0,0.0,,0.0,normalDay
2022-10-03,2076.0,-457.0,0.0,0,366.61,0.0,1,14.14,18.71,SPY230120P00365000,365.0,0,0.0,0.0,,0.0,normalDay
2022-10-04,2076.0,-52.0,0.0,0,377.97,0.0,1,14.14,14.66,SPY230120P00365000,365.0,0,0.0,0.0,,0.0,normalDay
2022-10-05,2076.0,-50.0,0.0,0,377.09,0.0,1,14.14,14.64,SPY230120P00365000,365.0,0,0.0,0.0,,0.0,normalDay
2022-10-06,2076.0,-227.0,0.0,0,373.2,0.0,1,14.14,16.41,SPY230120P00365000,365.0,0,0.0,0.0,,0.0,normalDay
2022-10-07,2076.0,-670.0,0.0,0,362.79,0.0,1,14.14,20.84,SPY230120P00365000,365.0,0,0.0,0.0,,0.0,normalDay
2022-10-10,2076.0,-791.0,0.0,0,360.02,0.0,1,14.14,22.05,SPY230120P00365000,365.0,0,0.0,0.0,,0.0,normalDay
2022-10-11,2076.0,-923.0,0.0,0,357.74,0.0,1,14.14,23.37,SPY230120P00365000,365.0,0,0.0,0.0,,0.0,normalDay
2022-10-12,2076.0,-965.0,0.0,0,356.56,0.0,1,14.14,23.79,SPY230120P00365000,365.0,0,0.0,0.0,,0.0,normalDay
2022-10-13,2076.0,-504.0,0.0,0,365.97,0.0,1,14.14,19.18,SPY230120P00365000,365.0,0,0.0,0.0,,0.0,normalDay
2022-10-14,2076.0,-876.0,0.0,0,357.63,0.0,1,14.14,22.9,SPY230120P00365000,365.0,0,0.0,0.0,,0.0,normalDay
2022-10-17,2076.0,-420.0,0.0,0,366.82,0.0,1,14.14,18.34,SPY230120P00365000,365.0,0,0.0,0.0,,0.0,normalDay
2022-10-18,2076.0,-200.0,0.0,0,371.13,0.0,1,14.14,16.14,SPY230120P00365000,365.0,0,0.0,0.0,,0.0,normalDay
2022-10-19,2076.0,-355.0,0.0,0,368.5,0.0,1,14.14,17.69,SPY230120P00365000,365.0,0,0.0,0.0,,0.0,normalDay
2022-10-20,2076.0,-424.0,0.0,0,365.41,0.0,1,14.14,18.38,SPY230120P00365000,365.0,0,0.0,0.0,,0.0,normalDay
2022-10-21,2076.0,-101.0,0.0,0,374.29,0.0,1,14.14,15.15,SPY230120P00365000,365.0,0,0.0,0.0,,0.0,normalDay
2022-10-24,2076.0,58.0,0.0,0,378.87,0.0,1,14.14,13.56,SPY230120P00365000,365.0,0,0.0,0.0,,0.0,normalDay
2022-10-25,2076.0,248.0,0.0,0,384.92,0.0,1,14.14,11.66,SPY230120P00365000,365.0,0,0.0,0.0,,0.0,normalDay
2022-10-26,2076.0,293.0,0.0,0,382.02,0.0,1,14.14,11.21,SPY230120P00365000,365.0,0,0.0,0.0,,0.0,normalDay
2022-10-27,2076.0,105.0,0.0,0,379.98,0.0,1,14.14,13.09,SPY230120P00365000,365.0,0,0.0,0.0,,0.0,normalDay
2022-10-28,2076.0,515.0,0.0,0,389.02,0.0,1,14.14,8.99,SPY230120P00365000,365.0,0,0.0,0.0,,0.0,normalDay
2022-10-31,2076.0,482.0,0.0,0,386.21,0.0,1,14.14,9.32,SPY230120P00365000,365.0,0,0.0,0.0,,0.0,normalDay
2022-11-01,2076.0,447.0,0.0,0,384.52,0.0,1,14.14,9.67,SPY230120P00365000,365.0,0,0.0,0.0,,0.0,normalDay
2022-11-02,2076.0,148.0,0.0,0,374.87,0.0,1,14.14,12.66,SPY230120P00365000,365.0,0,0.0,0.0,,0.0,normalDay
2022-11-03,2076.0,49.0,0.0,0,371.01,0.0,1,14.14,13.65,SPY230120P00365000,365.0,0,0.0,0.0,,0.0,normalDay
2022-11-04,2076.0,269.0,0.0,0,376.35,0.0,1,14.14,11.45,SPY230120P00365000,365.0,0,0.0,0.0,,0.0,normalDay
2022-11-07,2076.0,424.0,0.0,0,379.95,0.0,1,14.14,9.9,SPY230120P00365000,365.0,0,0.0,0.0,,0.0,normalDay
2022-11-08,2076.0,428.0,0.0,0,382.0,0.0,1,14.14,9.86,SPY230120P00365000,365.0,0,0.0,0.0,,0.0,normalDay
2022-11-09,2076.0,206.0,0.0,0,374.13,0.0,1,14.14,12.08,SPY230120P00365000,365.0,0,0.0,0.0,,0.0,normalDay
2022-11-10,2076.0,807.0,0.0,0,394.69,0.0,1,14.14,6.07,SPY230120P00365000,365.0,0,0.0,0.0,,0.0,normalDay
2022-11-11,2076.0,892.0,0.0,0,398.51,0.0,1,14.14,5.22,SPY230120P00365000,365.0,0,0.0,0.0,,0.0,normalDay
2022-11-14,2076.0,864.0,0.0,0,395.12,0.0,1,14.14,5.5,SPY230120P00365000,365.0,0,0.0,0.0,,0.0,normalDay
2022-11-15,2076.0,901.0,0.0,0,398.49,0.0,1,14.14,5.13,SPY230120P00365000,365.0,0,0.0,0.0,,0.0,normalDay
2022-11-16,2076.0,885.0,0.0,0,395.45,0.0,1,14.14,5.29,SPY230120P00365000,365.0,0,0.0,0.0,,0.0,normalDay
2022-11-17,2076.0,883.0,0.0,0,394.24,0.0,1,14.14,5.31,SPY230120P00365000,365.0,0,0.0,0.0,,0.0,normalDay
2022-11-18,2076.0,931.0,0.0,0,396.03,0.0,1,14.14,4.83,SPY230120P00365000,365.0,0,0.0,0.0,,0.0,normalDay
2022-11-21,2076.0,966.0,0.0,0,394.59,0.0,1,14.14,4.48,SPY230120P00365000,365.0,0,0.0,0.0,,0.0,normalDay
2022-11-22,2076.0,1075.0,0.0,0,399.9,0.0,1,14.14,3.39,SPY230120P00365000,365.0,0,0.0,0.0,,0.0,normalDay
2022-11-23,2076.0,1116.0,0.0,0,402.42,0.0,1,14.14,2.98,SPY230120P00365000,365.0,0,0.0,0.0,,0.0,normalDay
2022-11-25,2076.0,1122.0,0.0,0,402.33,0.0,1,14.14,2.92,SPY230120P00365000,365.0,0,0.0,0.0,,0.0,normalDay
2022-11-28,2076.0,1025.0,0.0,0,395.91,0.0,1,14.14,3.89,SPY230120P00365000,365.0,0,0.0,0.0,,0.0,normalDay
2022-11-29,2076.0,1039.0,0.0,0,395.23,0.0,1,14.14,3.75,SPY230120P00365000,365.0,0,0.0,0.0,,0.0,normalDay
2022-11-30,2076.0,1207.0,0.0,0,407.68,0.0,1,14.14,2.07,SPY230120P00365000,365.0,0,0.0,0.0,,0.0,normalDay
2022-12-01,2076.0,1218.0,0.0,0,407.38,0.0,1,14.14,1.96,SPY230120P00365000,365.0,0,0.0,0.0,,0.0,normalDay
2022-12-02,2076.0,1234.0,0.0,0,406.91,0.0,1,14.14,1.8,SPY230120P00365000,365.0,0,0.0,0.0,,0.0,normalDay
2022-12-05,2076.0,1166.0,0.0,0,399.59,0.0,1,14.14,2.48,SPY230120P00365000,365.0,0,0.0,0.0,,0.0,normalDay
2022-12-06,2076.0,1068.0,0.0,0,393.83,0.0,1,14.14,3.46,SPY230120P00365000,365.0,0,0.0,0.0,,0.0,normalDay
2022-12-07,2076.0,1051.0,0.0,0,393.16,0.0,1,14.14,3.63,SPY230120P00365000,365.0,0,0.0,0.0,,0.0,normalDay
2022-12-08,2076.0,1114.0,0.0,0,396.24,0.0,1,14.14,3.0,SPY230120P00365000,365.0,0,0.0,0.0,,0.0,normalDay
2022-12-09,2076.0,1078.0,0.0,0,393.28,0.0,1,14.14,3.36,SPY230120P00365000,365.0,0,0.0,0.0,,0.0,normalDay
2022-12-12,2076.0,1141.0,0.0,0,398.95,0.0,1,14.14,2.73,SPY230120P00365000,365.0,0,0.0,0.0,,0.0,normalDay
2022-12-13,2076.0,1242.0,0.0,0,401.97,0.0,1,14.14,1.72,SPY230120P00365000,365.0,0,0.0,0.0,,0.0,normalDay
2022-12-14,2076.0,1262.0,0.0,0,399.4,0.0,1,14.14,1.52,SPY230120P00365000,365.0,0,0.0,0.0,,0.0,normalDay
2022-12-15,2076.0,1128.0,0.0,0,389.63,0.0,1,14.14,2.86,SPY230120P00365000,365.0,0,0.0,0.0,,0.0,normalDay
2022-12-16,2076.0,1056.0,0.0,0,383.27,0.0,1,14.14,3.58,SPY230120P00365000,365.0,0,0.0,0.0,,0.0,normalDay
2022-12-19,2076.0,1022.0,0.0,0,380.02,0.0,1,14.14,3.92,SPY230120P00365000,365.0,0,0.0,0.0,,0.0,normalDay
2022-12-20,2076.0,1074.0,0.0,0,380.54,0.0,1,14.14,3.4,SPY230120P00365000,365.0,0,0.0,0.0,,0.0,normalDay
2022-12-21,2076.0,1210.0,0.0,0,386.23,0.0,1,14.14,2.04,SPY230120P00365000,365.0,0,0.0,0.0,,0.0,normalDay
2022-12-22,2076.0,1076.0,0.0,0,380.72,0.0,1,14.14,3.38,SPY230120P00365000,365.0,0,0.0,0.0,,0.0,normalDay
2022-12-23,2076.0,1147.0,0.0,0,382.91,0.0,1,14.14,2.67,SPY230120P00365000,365.0,0,0.0,0.0,,0.0,normalDay
2022-12-27,2076.0,1152.0,0.0,0,381.4,0.0,1,14.14,2.62,SPY230120P00365000,365.0,0,0.0,0.0,,0.0,normalDay
2022-12-28,2076.0,1052.0,0.0,0,376.66,0.0,1,14.14,3.62,SPY230120P00365000,365.0,0,0.0,0.0,,0.0,normalDay
2022-12-29,2076.0,1210.0,0.0,0,383.44,0.0,1,14.14,2.04,SPY230120P00365000,365.0,0,0.0,0.0,,0.0,normalDay
2022-12-30,2076.0,1209.0,0.0,0,382.43,0.0,1,14.14,2.05,SPY230120P00365000,365.0,0,0.0,0.0,,0.0,normalDay
2023-01-03,2076.0,1201.0,0.0,0,380.82,0.0,1,14.14,2.13,SPY230120P00365000,365.0,0,0.0,0.0,,0.0,normalDay
2023-01-04,2076.0,1290.0,0.0,0,383.76,0.0,1,14.14,1.24,SPY230120P00365000,365.0,0,0.0,0.0,,0.0,normalDay
2023-01-05,2076.0,1227.0,0.0,0,379.38,0.0,1,14.14,1.87,SPY230120P00365000,365.0,0,0.0,0.0,,0.0,normalDay
2023-01-06,2076.0,1359.0,0.0,0,388.08,0.0,1,14.14,0.55,SPY230120P00365000,365.0,0,0.0,0.0,,0.0,normalDay
2023-01-09,2076.0,1360.0,0.0,0,387.86,0.0,1,14.14,0.54,SPY230120P00365000,365.0,0,0.0,0.0,,0.0,normalDay
2023-01-10,2076.0,1387.0,0.0,0,390.58,0.0,1,14.14,0.27,SPY230120P00365000,365.0,0,0.0,0.0,,0.0,normalDay
2023-01-11,2076.0,1393.0,0.0,0,395.52,0.0,1,14.14,0.21,SPY230120P00365000,365.0,0,0.0,0.0,,0.0,normalDay
2023-01-12,2076.0,1405.0,0.0,0,396.96,0.0,1,14.14,0.09,SPY230120P00365000,365.0,0,0.0,0.0,,0.0,normalDay
2023-01-13,2076.0,1408.0,0.0,0,398.5,0.0,1,14.14,0.06,SPY230120P00365000,365.0,0,0.0,0.0,,0.0,normalDay
2023-01-17,2076.0,1411.0,0.0,0,397.77,0.0,1,14.14,0.03,SPY230120P00365000,365.0,0,0.0,0.0,,0.0,normalDay
2023-01-18,2076.0,1411.0,0.0,0,391.49,0.0,1,14.14,0.03,SPY230120P00365000,365.0,0,0.0,0.0,,0.0,normalDay
2023-01-19,2076.0,1412.0,0.0,0,388.64,0.0,1,14.14,0.02,SPY230120P00365000,365.0,0,0.0,0.0,,0.0,normalDay
2023-01-20,3490.0,0.0,1414.0,0,395.88,0.0,1,14.14,0.0,SPY230120P00365000,365.0,0,0.0,0.0,,0.0,expirationDay
2023-01-23,3490.0,-7.0,0.0,0,400.63,0.0,1,9.11,9.18,SPY230721P00365000,365.0,0,0.0,0.0,,0.0,normalDay
2023-01-24,3490.0,49.0,0.0,0,400.2,0.0,1,9.11,8.62,SPY230721P00365000,365.0,0,0.0,0.0,,0.0,normalDay
2023-01-25,3490.0,41.0,0.0,0,400.35,0.0,1,9.11,8.7,SPY230721P00365000,365.0,0,0.0,0.0,,0.0,normalDay
2023-01-26,3490.0,131.0,0.0,0,404.75,0.0,1,9.11,7.8,SPY230721P00365000,365.0,0,0.0,0.0,,0.0,normalDay
2023-01-27,3490.0,156.0,0.0,0,405.68,0.0,1,9.11,7.55,SPY230721P00365000,365.0,0,0.0,0.0,,0.0,normalDay
2023-01-30,3490.0,73.0,0.0,0,400.59,0.0,1,9.11,8.38,SPY230721P00365000,365.0,0,0.0,0.0,,0.0,normalDay
2023-01-31,3490.0,169.0,0.0,0,406.48,0.0,1,9.11,7.42,SPY230721P00365000,365.0,0,0.0,0.0,,0.0,normalDay
2023-02-01,3490.0,265.0,0.0,0,410.8,0.0,1,9.11,6.46,SPY230721P00365000,365.0,0,0.0,0.0,,0.0,normalDay
2023-02-02,3490.0,273.0,0.0,0,416.78,0.0,1,9.11,6.38,SPY230721P00365000,365.0,0,0.0,0.0,,0.0,normalDay
2023-02-03,3490.0,246.0,0.0,0,412.35,0.0,1,9.11,6.65,SPY230721P00365000,365.0,0,0.0,0.0,,0.0,normalDay
2023-02-06,3490.0,208.0,0.0,0,409.83,0.0,1,9.11,7.03,SPY230721P00365000,365.0,0,0.0,0.0,,0.0,normalDay
2023-02-07,3490.0,295.0,0.0,0,415.19,0.0,1,9.11,6.16,SPY230721P00365000,365.0,0,0.0,0.0,,0.0,normalDay
2023-02-08,3490.0,216.0,0.0,0,410.65,0.0,1,9.11,6.95,SPY230721P00365000,365.0,0,0.0,0.0,,0.0,normalDay
2023-02-09,3490.0,143.0,0.0,0,407.09,0.0,1,9.11,7.68,SPY230721P00365000,365.0,0,0.0,0.0,,0.0,normalDay
2023-02-10,3490.0,149.0,0.0,0,408.04,0.0,1,9.11,7.62,SPY230721P00365000,365.0,0,0.0,0.0,,0.0,normalDay
2023-02-13,3490.0,253.0,0.0,0,412.83,0.0,1,9.11,6.58,SPY230721P00365000,365.0,0,0.0,0.0,,0.0,normalDay
2023-02-14,3490.0,281.0,0.0,0,412.64,0.0,1,9.11,6.3,SPY230721P00365000,365.0,0,0.0,0.0,,0.0,normalDay
2023-02-15,3490.0,332.0,0.0,0,413.98,0.0,1,9.11,5.79,SPY230721P00365000,365.0,0,0.0,0.0,,0.0,normalDay
2023-02-16,3490.0,209.0,0.0,0,408.28,0.0,1,9.11,7.02,SPY230721P00365000,365.0,0,0.0,0.0,,0.0,normalDay
2023-02-17,3490.0,208.0,0.0,0,407.26,0.0,1,9.11,7.03,SPY230721P00365000,365.0,0,0.0,0.0,,0.0,normalDay
2023-02-21,3490.0,33.0,0.0,0,399.09,0.0,1,9.11,8.78,SPY230721P00365000,365.0,0,0.0,0.0,,0.0,normalDay
2023-02-22,3490.0,55.0,0.0,0,398.54,0.0,1,9.11,8.56,SPY230721P00365000,365.0,0,0.0,0.0,,0.0,normalDay
2023-02-23,3490.0,133.0,0.0,0,400.66,0.0,1,9.11,7.78,SPY230721P00365000,365.0,0,0.0,0.0,,0.0,normalDay
2023-02-24,3490.0,26.0,0.0,0,396.38,0.0,1,9.11,8.85,SPY230721P00365000,365.0,0,0.0,0.0,,0.0,normalDay
2023-02-27,3490.0,108.0,0.0,0,397.73,0.0,1,9.11,8.03,SPY230721P00365000,365.0,0,0.0,0.0,,0.0,normalDay
2023-02-28,3490.0,100.0,0.0,0,396.26,0.0,1,9.11,8.11,SPY230721P00365000,365.0,0,0.0,0.0,,0.0,normalDay
2023-03-01,3490.0,76.0,0.0,0,394.74,0.0,1,9.11,8.35,SPY230721P00365000,365.0,0,0.0,0.0,,0.0,normalDay
2023-03-02,3490.0,170.0,0.0,0,397.81,0.0,1,9.11,7.41,SPY230721P00365000,365.0,0,0.0,0.0,,0.0,normalDay
2023-03-03,3490.0,303.0,0.0,0,404.19,0.0,1,9.11,6.08,SPY230721P00365000,365.0,0,0.0,0.0,,0.0,normalDay
2023-03-06,3490.0,326.0,0.0,0,404.47,0.0,1,9.11,5.85,SPY230721P00365000,365.0,0,0.0,0.0,,0.0,normalDay
2023-03-07,3490.0,220.0,0.0,0,398.27,0.0,1,9.11,6.91,SPY230721P00365000,365.0,0,0.0,0.0,,0.0,normalDay
2023-03-08,3490.0,261.0,0.0,0,398.92,0.0,1,9.11,6.5,SPY230721P00365000,365.0,0,0.0,0.0,,0.0,normalDay
2023-03-09,3490.0,7.0,0.0,0,391.56,0.0,1,9.11,9.04,SPY230721P00365000,365.0,0,0.0,0.0,,0.0,normalDay
2023-03-10,3490.0,-201.0,0.0,0,385.91,0.0,1,9.11,11.12,SPY230721P00365000,365.0,0,0.0,0.0,,0.0,normalDay
2023-03-13,3490.0,-270.0,0.0,0,385.36,0.0,1,9.11,11.81,SPY230721P00365000,365.0,0,0.0,0.0,,0.0,normalDay
2023-03-14,3490.0,-48.0,0.0,0,391.73,0.0,1,9.11,9.59,SPY230721P00365000,365.0,0,0.0,0.0,,0.0,normalDay
2023-03-15,3490.0,-213.0,0.0,0,389.28,0.0,1,9.11,11.24,SPY230721P00365000,365.0,0,0.0,0.0,,0.0,normalDay
2023-03-16,3490.0,40.0,0.0,0,396.11,0.0,1,9.11,8.71,SPY230721P00365000,365.0,0,0.0,0.0,,0.0,normalDay
2023-03-17,3490.0,-165.0,0.0,0,389.99,0.0,1,9.11,10.76,SPY230721P00365000,365.0,0,0.0,0.0,,0.0,normalDay
2023-03-20,3490.0,-32.0,0.0,0,393.74,0.0,1,9.11,9.43,SPY230721P00365000,365.0,0,0.0,0.0,,0.0,normalDay
2023-03-21,3490.0,173.0,0.0,0,398.91,0.0,1,9.11,7.38,SPY230721P00365000,365.0,0,0.0,0.0,,0.0,normalDay
2023-03-22,3490.0,18.0,0.0,0,392.11,0.0,1,9.11,8.93,SPY230721P00365000,365.0,0,0.0,0.0,,0.0,normalDay
2023-03-23,3490.0,16.0,0.0,0,393.17,0.0,1,9.11,8.95,SPY230721P00365000,365.0,0,0.0,0.0,,0.0,normalDay
2023-03-24,3490.0,103.0,0.0,0,395.75,0.0,1,9.11,8.08,SPY230721P00365000,365.0,0,0.0,0.0,,0.0,normalDay
2023-03-27,3490.0,190.0,0.0,0,396.49,0.0,1,9.11,7.21,SPY230721P00365000,365.0,0,0.0,0.0,,0.0,normalDay
2023-03-28,3490.0,208.0,0.0,0,395.6,0.0,1,9.11,7.03,SPY230721P00365000,365.0,0,0.0,0.0,,0.0,normalDay
2023-03-29,3490.0,325.0,0.0,0,401.35,0.0,1,9.11,5.86,SPY230721P00365000,365.0,0,0.0,0.0,,0.0,normalDay
2023-03-30,3490.0,363.0,0.0,0,403.7,0.0,1,9.11,5.48,SPY230721P00365000,365.0,0,0.0,0.0,,0.0,normalDay
2023-03-31,3490.0,430.0,0.0,0,409.39,0.0,1,9.11,4.81,SPY230721P00365000,365.0,0,0.0,0.0,,0.0,normalDay
2023-04-03,3490.0,477.0,0.0,0,410.95,0.0,1,9.11,4.34,SPY230721P00365000,365.0,0,0.0,0.0,,0.0,normalDay
2023-04-04,3490.0,438.0,0.0,0,408.67,0.0,1,9.11,4.73,SPY230721P00365000,365.0,0,0.0,0.0,,0.0,normalDay
2023-04-05,3490.0,421.0,0.0,0,407.6,0.0,1,9.11,4.9,SPY230721P00365000,365.0,0,0.0,0.0,,0.0,normalDay
2023-04-06,3490.0,460.0,0.0,0,409.19,0.0,1,9.11,4.51,SPY230721P00365000,365.0,0,0.0,0.0,,0.0,normalDay
2023-04-10,3490.0,488.0,0.0,0,409.61,0.0,1,9.11,4.23,SPY230721P00365000,365.0,0,0.0,0.0,,0.0,normalDay
2023-04-11,3490.0,498.0,0.0,0,409.72,0.0,1,9.11,4.13,SPY230721P00365000,365.0,0,0.0,0.0,,0.0,normalDay
2023-04-12,3490.0,481.0,0.0,0,408.05,0.0,1,9.11,4.3,SPY230721P00365000,365.0,0,0.0,0.0,,0.0,normalDay
2023-04-13,3490.0,564.0,0.0,0,413.47,0.0,1,9.11,3.47,SPY230721P00365000,365.0,0,0.0,0.0,,0.0,normalDay
2023-04-14,3490.0,572.0,0.0,0,412.46,0.0,1,9.11,3.39,SPY230721P00365000,365.0,0,0.0,0.0,,0.0,normalDay
2023-04-17,3490.0,612.0,0.0,0,413.94,0.0,1,9.11,2.99,SPY230721P00365000,365.0,0,0.0,0.0,,0.0,normalDay
2023-04-18,3490.0,610.0,0.0,0,414.21,0.0,1,9.11,3.01,SPY230721P00365000,365.0,0,0.0,0.0,,0.0,normalDay
2023-04-19,3490.0,604.0,0.0,0,414.14,0.0,1,9.11,3.07,SPY230721P00365000,365.0,0,0.0,0.0,,0.0,normalDay
2023-04-20,3490.0,573.0,0.0,0,411.88,0.0,1,9.11,3.38,SPY230721P00365000,365.0,0,0.0,0.0,,0.0,normalDay
2023-04-21,3490.0,580.0,0.0,0,412.2,0.0,1,9.11,3.31,SPY230721P00365000,365.0,0,0.0,0.0,,0.0,normalDay
2023-04-24,3490.0,597.0,0.0,0,412.63,0.0,1,9.11,3.14,SPY230721P00365000,365.0,0,0.0,0.0,,0.0,normalDay
2023-04-25,3490.0,509.0,0.0,0,406.08,0.0,1,9.11,4.02,SPY230721P00365000,365.0,0,0.0,0.0,,0.0,normalDay
2023-04-26,3490.0,495.0,0.0,0,404.36,0.0,1,9.11,4.16,SPY230721P00365000,365.0,0,0.0,0.0,,0.0,normalDay
2023-04-27,3490.0,620.0,0.0,0,412.41,0.0,1,9.11,2.91,SPY230721P00365000,365.0,0,0.0,0.0,,0.0,normalDay
2023-04-28,3490.0,664.0,0.0,0,415.93,0.0,1,9.11,2.47,SPY230721P00365000,365.0,0,0.0,0.0,,0.0,normalDay
2023-05-01,3490.0,672.0,0.0,0,415.51,0.0,1,9.11,2.39,SPY230721P00365000,365.0,0,0.0,0.0,,0.0,normalDay
2023-05-02,3490.0,611.0,0.0,0,410.84,0.0,1,9.11,3.0,SPY230721P00365000,365.0,0,0.0,0.0,,0.0,normalDay
2023-05-03,3490.0,581.0,0.0,0,408.02,0.0,1,9.11,3.3,SPY230721P00365000,365.0,0,0.0,0.0,,0.0,normalDay
2023-05-04,3490.0,501.0,0.0,0,405.13,0.0,1,9.11,4.1,SPY230721P00365000,365.0,0,0.0,0.0,,0.0,normalDay
2023-05-05,3490.0,632.0,0.0,0,412.63,0.0,1,9.11,2.79,SPY230721P00365000,365.0,0,0.0,0.0,,0.0,normalDay
2023-05-08,3490.0,652.0,0.0,0,412.74,0.0,1,9.11,2.59,SPY230721P00365000,365.0,0,0.0,0.0,,0.0,normalDay
2023-05-09,3490.0,633.0,0.0,0,410.93,0.0,1,9.11,2.78,SPY230721P00365000,365.0,0,0.0,0.0,,0.0,normalDay
2023-05-10,3490.0,667.0,0.0,0,412.85,0.0,1,9.11,2.44,SPY230721P00365000,365.0,0,0.0,0.0,,0.0,normalDay
2023-05-11,3490.0,669.0,0.0,0,412.13,0.0,1,9.11,2.42,SPY230721P00365000,365.0,0,0.0,0.0,,0.0,normalDay
2023-05-12,3490.0,668.0,0.0,0,411.59,0.0,1,9.11,2.43,SPY230721P00365000,365.0,0,0.0,0.0,,0.0,normalDay
2023-05-15,3490.0,698.0,0.0,0,413.01,0.0,1,9.11,2.13,SPY230721P00365000,365.0,0,0.0,0.0,,0.0,normalDay
2023-05-16,3490.0,673.0,0.0,0,410.25,0.0,1,9.11,2.38,SPY230721P00365000,365.0,0,0.0,0.0,,0.0,normalDay
2023-05-17,3490.0,724.0,0.0,0,415.23,0.0,1,9.11,1.87,SPY230721P00365000,365.0,0,0.0,0.0,,0.0,normalDay
2023-05-18,3490.0,762.0,0.0,0,419.23,0.0,1,9.11,1.49,SPY230721P00365000,365.0,0,0.0,0.0,,0.0,normalDay
2023-05-19,3490.0,748.0,0.0,0,418.62,0.0,1,9.11,1.63,SPY230721P00365000,365.0,0,0.0,0.0,,0.0,normalDay
2023-05-22,3490.0,749.0,0.0,0,418.79,0.0,1,9.11,1.62,SPY230721P00365000,365.0,0,0.0,0.0,,0.0,normalDay
2023-05-23,3490.0,715.0,0.0,0,414.09,0.0,1,9.11,1.96,SPY230721P00365000,365.0,0,0.0,0.0,,0.0,normalDay
2023-05-24,3490.0,680.0,0.0,0,411.09,0.0,1,9.11,2.31,SPY230721P00365000,365.0,0,0.0,0.0,,0.0,normalDay
2023-05-25,3490.0,718.0,0.0,0,414.65,0.0,1,9.11,1.93,SPY230721P00365000,365.0,0,0.0,0.0,,0.0,normalDay
2023-05-26,3490.0,764.0,0.0,0,420.02,0.0,1,9.11,1.47,SPY230721P00365000,365.0,0,0.0,0.0,,0.0,normalDay
2023-05-30,3490.0,792.0,0.0,0,420.18,0.0,1,9.11,1.19,SPY230721P00365000,365.0,0,0.0,0.0,,0.0,normalDay
2023-05-31,3490.0,788.0,0.0,0,417.85,0.0,1,9.11,1.23,SPY230721P00365000,365.0,0,0.0,0.0,,0.0,normalDay
2023-06-01,3490.0,825.0,0.0,0,421.82,0.0,1,9.11,0.86,SPY230721P00365000,365.0,0,0.0,0.0,,0.0,normalDay
2023-06-02,3490.0,849.0,0.0,0,427.92,0.0,1,9.11,0.62,SPY230721P00365000,365.0,0,0.0,0.0,,0.0,normalDay
2023-06-05,3490.0,853.0,0.0,0,427.1,0.0,1,9.11,0.58,SPY230721P00365000,365.0,0,0.0,0.0,,0.0,normalDay
2023-06-06,3490.0,864.0,0.0,0,428.03,0.0,1,9.11,0.47,SPY230721P00365000,365.0,0,0.0,0.0,,0.0,normalDay
2023-06-07,3490.0,862.0,0.0,0,426.55,0.0,1,9.11,0.49,SPY230721P00365000,365.0,0,0.0,0.0,,0.0,normalDay
2023-06-08,3490.0,867.0,0.0,0,429.13,0.0,1,9.11,0.44,SPY230721P00365000,365.0,0,0.0,0.0,,0.0,normalDay
2023-06-09,3490.0,866.0,0.0,0,429.9,0.0,1,9.11,0.45,SPY230721P00365000,365.0,0,0.0,0.0,,0.0,normalDay
2023-06-12,3490.0,869.0,0.0,0,433.8,0.0,1,9.11,0.42,SPY230721P00365000,365.0,0,0.0,0.0,,0.0,normalDay
2023-06-13,3490.0,874.0,0.0,0,436.66,0.0,1,9.11,0.37,SPY230721P00365000,365.0,0,0.0,0.0,,0.0,normalDay
2023-06-14,3490.0,881.0,0.0,0,437.18,0.0,1,9.11,0.3,SPY230721P00365000,365.0,0,0.0,0.0,,0.0,normalDay
2023-06-15,3490.0,883.0,0.0,0,442.6,0.0,1,9.11,0.28,SPY230721P00365000,365.0,0,0.0,0.0,,0.0,normalDay
2023-06-16,3490.0,890.0,0.0,0,439.46,0.0,1,9.11,0.21,SPY230721P00365000,365.0,0,0.0,0.0,,0.0,normalDay
2023-06-20,3490.0,892.0,0.0,0,437.18,0.0,1,9.11,0.19,SPY230721P00365000,365.0,0,0.0,0.0,,0.0,normalDay
2023-06-21,3490.0,895.0,0.0,0,434.94,0.0,1,9.11,0.16,SPY230721P00365000,365.0,0,0.0,0.0,,0.0,normalDay
2023-06-22,3490.0,898.0,0.0,0,436.51,0.0,1,9.11,0.13,SPY230721P00365000,365.0,0,0.0,0.0,,0.0,normalDay
2023-06-23,3490.0,896.0,0.0,0,433.21,0.0,1,9.11,0.15,SPY230721P00365000,365.0,0,0.0,0.0,,0.0,normalDay
2023-06-26,3490.0,895.0,0.0,0,431.44,0.0,1,9.11,0.16,SPY230721P00365000,365.0,0,0.0,0.0,,0.0,normalDay
2023-06-27,3490.0,898.0,0.0,0,436.17,0.0,1,9.11,0.13,SPY230721P00365000,365.0,0,0.0,0.0,,0.0,normalDay
2023-06-28,3490.0,900.0,0.0,0,436.39,0.0,1,9.11,0.11,SPY230721P00365000,365.0,0,0.0,0.0,,0.0,normalDay
2023-06-29,3490.0,900.0,0.0,0,438.11,0.0,1,9.11,0.11,SPY230721P00365000,365.0,0,0.0,0.0,,0.0,normalDay
2023-06-30,3490.0,900.0,0.0,0,443.28,0.0,1,9.11,0.11,SPY230721P00365000,365.0,0,0.0,0.0,,0.0,normalDay
2023-07-03,3490.0,903.0,0.0,0,443.79,0.0,1,9.11,0.08,SPY230721P00365000,365.0,0,0.0,0.0,,0.0,normalDay
2023-07-05,3490.0,903.0,0.0,0,443.13,0.0,1,9.11,0.08,SPY230721P00365000,365.0,0,0.0,0.0,,0.0,normalDay
2023-07-06,3490.0,901.0,0.0,0,439.66,0.0,1,9.11,0.1,SPY230721P00365000,365.0,0,0.0,0.0,,0.0,normalDay
2023-07-07,3490.0,903.0,0.0,0,438.55,0.0,1,9.11,0.08,SPY230721P00365000,365.0,0,0.0,0.0,,0.0,normalDay
2023-07-10,3490.0,906.0,0.0,0,439.66,0.0,1,9.11,0.05,SPY230721P00365000,365.0,0,0.0,0.0,,0.0,normalDay
2023-07-11,3490.0,906.0,0.0,0,442.46,0.0,1,9.11,0.05,SPY230721P00365000,365.0,0,0.0,0.0,,0.0,normalDay
2023-07-12,3490.0,907.0,0.0,0,446.02,0.0,1,9.11,0.04,SPY230721P00365000,365.0,0,0.0,0.0,,0.0,normalDay
2023-07-13,3490.0,908.0,0.0,0,449.56,0.0,1,9.11,0.03,SPY230721P00365000,365.0,0,0.0,0.0,,0.0,normalDay
2023-07-14,3490.0,908.0,0.0,0,449.28,0.0,1,9.11,0.03,SPY230721P00365000,365.0,0,0.0,0.0,,0.0,normalDay
2023-07-17,3490.0,909.0,0.0,0,450.84,0.0,1,9.11,0.02,SPY230721P00365000,365.0,0,0.0,0.0,,0.0,normalDay
2023-07-18,3490.0,910.0,0.0,0,454.19,0.0,1,9.11,0.01,SPY230721P00365000,365.0,0,0.0,0.0,,0.0,normalDay
2023-07-19,3490.0,910.0,0.0,0,455.2,0.0,1,9.11,0.01,SPY230721P00365000,365.0,0,0.0,0.0,,0.0,normalDay
2023-07-20,3490.0,910.0,0.0,0,452.18,0.0,1,9.11,0.01,SPY230721P00365000,365.0,0,0.0,0.0,,0.0,normalDay
2023-07-21,4401.0,0.0,911.0,0,452.18,0.0,1,9.11,0.0,SPY230721P00365000,365.0,0,0.0,0.0,,0.0,expirationDay
2023-07-24,4401.0,-12.0,0.0,0,454.2,0.0,1,7.38,7.5,SPY240119P00425000,425.0,0,0.0,0.0,,0.0,normalDay
2023-07-25,4401.0,4.0,0.0,0,455.44,0.0,1,7.38,7.34,SPY240119P00425000,425.0,0,0.0,0.0,,0.0,normalDay
2023-07-26,4401.0,23.0,0.0,0,455.51,0.0,1,7.38,7.15,SPY240119P00425000,425.0,0,0.0,0.0,,0.0,normalDay
2023-07-27,4401.0,-60.0,0.0,0,452.49,0.0,1,7.38,7.98,SPY240119P00425000,425.0,0,0.0,0.0,,0.0,normalDay
2023-07-28,4401.0,29.0,0.0,0,456.92,0.0,1,7.38,7.09,SPY240119P00425000,425.0,0,0.0,0.0,,0.0,normalDay
2023-07-31,4401.0,38.0,0.0,0,457.79,0.0,1,7.38,7.0,SPY240119P00425000,425.0,0,0.0,0.0,,0.0,normalDay
2023-08-01,4401.0,6.0,0.0,0,456.48,0.0,1,7.38,7.32,SPY240119P00425000,425.0,0,0.0,0.0,,0.0,normalDay
2023-08-02,4401.0,-171.0,0.0,0,450.13,0.0,1,7.38,9.09,SPY240119P00425000,425.0,0,0.0,0.0,,0.0,normalDay
2023-08-03,4401.0,-166.0,0.0,0,448.84,0.0,1,7.38,9.04,SPY240119P00425000,425.0,0,0.0,0.0,,0.0,normalDay
2023-08-04,4401.0,-261.0,0.0,0,446.81,0.0,1,7.38,9.99,SPY240119P00425000,425.0,0,0.0,0.0,,0.0,normalDay
2023-08-07,4401.0,-121.0,0.0,0,450.71,0.0,1,7.38,8.59,SPY240119P00425000,425.0,0,0.0,0.0,,0.0,normalDay
2023-08-08,4401.0,-181.0,0.0,0,448.75,0.0,1,7.38,9.19,SPY240119P00425000,425.0,0,0.0,0.0,,0.0,normalDay
2023-08-09,4401.0,-219.0,0.0,0,445.75,0.0,1,7.38,9.57,SPY240119P00425000,425.0,0,0.0,0.0,,0.0,normalDay
2023-08-10,4401.0,-228.0,0.0,0,445.91,0.0,1,7.38,9.66,SPY240119P00425000,425.0,0,0.0,0.0,,0.0,normalDay
2023-08-11,4401.0,-200.0,0.0,0,445.65,0.0,1,7.38,9.38,SPY240119P00425000,425.0,0,0.0,0.0,,0.0,normalDay
2023-08-14,4401.0,-123.0,0.0,0,448.11,0.0,1,7.38,8.61,SPY240119P00425000,425.0,0,0.0,0.0,,0.0,normalDay
2023-08-15,4401.0,-286.0,0.0,0,442.89,0.0,1,7.38,10.24,SPY240119P00425000,425.0,0,0.0,0.0,,0.0,normalDay
2023-08-16,4401.0,-378.0,0.0,0,439.64,0.0,1,7.38,11.16,SPY240119P00425000,425.0,0,0.0,0.0,,0.0,normalDay
2023-08-17,4401.0,-511.0,0.0,0,436.29,0.0,1,7.38,12.49,SPY240119P00425000,425.0,0,0.0,0.0,,0.0,normalDay
2023-08-18,4401.0,-469.0,0.0,0,436.5,0.0,1,7.38,12.07,SPY240119P00425000,425.0,0,0.0,0.0,,0.0,normalDay
2023-08-21,4401.0,-374.0,0.0,0,439.34,0.0,1,7.38,11.12,SPY240119P00425000,425.0,0,0.0,0.0,,0.0,normalDay
2023-08-22,4401.0,-385.0,0.0,0,438.15,0.0,1,7.38,11.23,SPY240119P00425000,425.0,0,0.0,0.0,,0.0,normalDay
2023-08-23,4401.0,-233.0,0.0,0,443.03,0.0,1,7.38,9.71,SPY240119P00425000,425.0,0,0.0,0.0,,0.0,normalDay
2023-08-24,4401.0,-420.0,0.0,0,436.89,0.0,1,7.38,11.58,SPY240119P00425000,425.0,0,0.0,0.0,,0.0,normalDay
2023-08-25,4401.0,-277.0,0.0,0,439.97,0.0,1,7.38,10.15,SPY240119P00425000,425.0,0,0.0,0.0,,0.0,normalDay
2023-08-28,4401.0,-167.0,0.0,0,442.76,0.0,1,7.38,9.05,SPY240119P00425000,425.0,0,0.0,0.0,,0.0,normalDay
2023-08-29,4401.0,-4.0,0.0,0,449.16,0.0,1,7.38,7.42,SPY240119P00425000,425.0,0,0.0,0.0,,0.0,normalDay
2023-08-30,4401.0,55.0,0.0,0,451.01,0.0,1,7.38,6.83,SPY240119P00425000,425.0,0,0.0,0.0,,0.0,normalDay
2023-08-31,4401.0,70.0,0.0,0,450.35,0.0,1,7.38,6.68,SPY240119P00425000,425.0,0,0.0,0.0,,0.0,normalDay
2023-09-01,4401.0,88.0,0.0,0,451.19,0.0,1,7.38,6.5,SPY240119P00425000,425.0,0,0.0,0.0,,0.0,normalDay
2023-09-05,4401.0,58.0,0.0,0,449.24,0.0,1,7.38,6.8,SPY240119P00425000,425.0,0,0.0,0.0,,0.0,normalDay
2023-09-06,4401.0,-23.0,0.0,0,446.22,0.0,1,7.38,7.61,SPY240119P00425000,425.0,0,0.0,0.0,,0.0,normalDay
2023-09-07,4401.0,-42.0,0.0,0,444.85,0.0,1,7.38,7.8,SPY240119P00425000,425.0,0,0.0,0.0,,0.0,normalDay
2023-09-08,4401.0,12.0,0.0,0,445.52,0.0,1,7.38,7.26,SPY240119P00425000,425.0,0,0.0,0.0,,0.0,normalDay
2023-09-11,4401.0,92.0,0.0,0,448.45,0.0,1,7.38,6.46,SPY240119P00425000,425.0,0,0.0,0.0,,0.0,normalDay
2023-09-12,4401.0,44.0,0.0,0,445.99,0.0,1,7.38,6.94,SPY240119P00425000,425.0,0,0.0,0.0,,0.0,normalDay
2023-09-13,4401.0,79.0,0.0,0,446.51,0.0,1,7.38,6.59,SPY240119P00425000,425.0,0,0.0,0.0,,0.0,normalDay
2023-09-14,4401.0,177.0,0.0,0,450.36,0.0,1,7.38,5.61,SPY240119P00425000,425.0,0,0.0,0.0,,0.0,normalDay
2023-09-15,4401.0,46.0,0.0,0,443.37,0.0,1,7.38,6.92,SPY240119P00425000,425.0,0,0.0,0.0,,0.0,normalDay
2023-09-18,4401.0,64.0,0.0,0,443.63,0.0,1,7.38,6.74,SPY240119P00425000,425.0,0,0.0,0.0,,0.0,normalDay
2023-09-19,4401.0,56.0,0.0,0,442.71,0.0,1,7.38,6.82,SPY240119P00425000,425.0,0,0.0,0.0,,0.0,normalDay
2023-09-20,4401.0,-71.0,0.0,0,438.64,0.0,1,7.38,8.09,SPY240119P00425000,425.0,0,0.0,0.0,,0.0,normalDay
2023-09-21,4401.0,-331.0,0.0,0,431.39,0.0,1,7.38,10.69,SPY240119P00425000,425.0,0,0.0,0.0,,0.0,normalDay
2023-09-22,4401.0,-361.0,0.0,0,430.42,0.0,1,7.38,10.99,SPY240119P00425000,425.0,0,0.0,0.0,,0.0,normalDay
2023-09-25,4401.0,-297.0,0.0,0,432.23,0.0,1,7.38,10.35,SPY240119P00425000,425.0,0,0.0,0.0,,0.0,normalDay
2023-09-26,4401.0,-584.0,0.0,0,425.88,0.0,1,7.38,13.22,SPY240119P00425000,425.0,0,0.0,0.0,,0.0,normalDay
2023-09-27,4401.0,-535.0,0.0,0,426.05,0.0,1,7.38,12.73,SPY240119P00425000,425.0,0,0.0,0.0,,0.0,normalDay
2023-09-28,4401.0,-425.0,0.0,0,428.52,0.0,1,7.38,11.63,SPY240119P00425000,425.0,0,0.0,0.0,,0.0,normalDay
2023-09-29,4401.0,-448.0,0.0,0,427.48,0.0,1,7.38,11.86,SPY240119P00425000,425.0,0,0.0,0.0,,0.0,normalDay
2023-10-02,4401.0,-441.0,0.0,0,427.31,0.0,1,7.38,11.79,SPY240119P00425000,425.0,0,0.0,0.0,,0.0,normalDay
2023-10-03,4401.0,-747.0,0.0,0,421.59,0.0,1,7.38,14.85,SPY240119P00425000,425.0,0,0.0,0.0,,0.0,normalDay
2023-10-04,4401.0,-599.0,0.0,0,424.66,0.0,1,7.38,13.37,SPY240119P00425000,425.0,0,0.0,0.0,,0.0,normalDay
2023-10-05,4401.0,-608.0,0.0,0,424.5,0.0,1,7.38,13.46,SPY240119P00425000,425.0,0,0.0,0.0,,0.0,normalDay
2023-10-06,4401.0,-357.0,0.0,0,429.54,0.0,1,7.38,10.95,SPY240119P00425000,425.0,0,0.0,0.0,,0.0,normalDay
2023-10-09,4401.0,-265.0,0.0,0,432.29,0.0,1,7.38,10.03,SPY240119P00425000,425.0,0,0.0,0.0,,0.0,normalDay
2023-10-10,4401.0,-167.0,0.0,0,434.54,0.0,1,7.38,9.05,SPY240119P00425000,425.0,0,0.0,0.0,,0.0,normalDay
2023-10-11,4401.0,-67.0,0.0,0,436.32,0.0,1,7.38,8.05,SPY240119P00425000,425.0,0,0.0,0.0,,0.0,normalDay
2023-10-12,4401.0,-160.0,0.0,0,433.66,0.0,1,7.38,8.98,SPY240119P00425000,425.0,0,0.0,0.0,,0.0,normalDay
2023-10-13,4401.0,-352.0,0.0,0,431.5,0.0,1,7.38,10.9,SPY240119P00425000,425.0,0,0.0,0.0,,0.0,normalDay
2023-10-16,4401.0,-105.0,0.0,0,436.04,0.0,1,7.38,8.43,SPY240119P00425000,425.0,0,0.0,0.0,,0.0,normalDay
2023-10-17,4401.0,-132.0,0.0,0,436.02,0.0,1,7.38,8.7,SPY240119P00425000,425.0,0,0.0,0.0,,0.0,normalDay
2023-10-18,4401.0,-343.0,0.0,0,430.21,0.0,1,7.38,10.81,SPY240119P00425000,425.0,0,0.0,0.0,,0.0,normalDay
2023-10-19,4401.0,-597.0,0.0,0,426.43,0.0,1,7.38,13.35,SPY240119P00425000,425.0,0,0.0,0.0,,0.0,normalDay
2023-10-20,4401.0,-771.0,0.0,0,421.19,0.0,1,7.38,15.09,SPY240119P00425000,425.0,0,0.0,0.0,,0.0,normalDay
2023-10-23,4401.0,-706.0,0.0,0,420.46,0.0,1,7.38,14.44,SPY240119P00425000,425.0,0,0.0,0.0,,0.0,normalDay
2023-10-24,4401.0,-530.0,0.0,0,423.63,0.0,1,7.38,12.68,SPY240119P00425000,425.0,0,0.0,0.0,,0.0,normalDay
2023-10-25,4401.0,-861.0,0.0,0,417.55,0.0,1,7.38,15.99,SPY240119P00425000,425.0,0,0.0,0.0,,0.0,normalDay
2023-10-26,4401.0,-1136.0,0.0,0,412.55,0.0,1,7.38,18.74,SPY240119P00425000,425.0,0,0.0,0.0,,0.0,normalDay
2023-10-27,4401.0,-1290.0,0.0,0,410.68,0.0,1,7.38,20.28,SPY240119P00425000,425.0,0,0.0,0.0,,0.0,normalDay
2023-10-30,4401.0,-936.0,0.0,0,415.59,0.0,1,7.38,16.74,SPY240119P00425000,425.0,0,0.0,0.0,,0.0,normalDay
2023-10-31,4401.0,-735.0,0.0,0,418.2,0.0,1,7.38,14.73,SPY240119P00425000,425.0,0,0.0,0.0,,0.0,normalDay
2023-11-01,4401.0,-450.0,0.0,0,422.66,0.0,1,7.38,11.88,SPY240119P00425000,425.0,0,0.0,0.0,,0.0,normalDay
2023-11-02,4401.0,-102.0,0.0,0,430.76,0.0,1,7.38,8.4,SPY240119P00425000,425.0,0,0.0,0.0,,0.0,normalDay
2023-11-03,4401.0,60.0,0.0,0,434.69,0.0,1,7.38,6.78,SPY240119P00425000,425.0,0,0.0,0.0,,0.0,normalDay
2023-11-06,4401.0,106.0,0.0,0,435.69,0.0,1,7.38,6.32,SPY240119P00425000,425.0,0,0.0,0.0,,0.0,normalDay
2023-11-07,4401.0,151.0,0.0,0,436.93,0.0,1,7.38,5.87,SPY240119P00425000,425.0,0,0.0,0.0,,0.0,normalDay
2023-11-08,4401.0,183.0,0.0,0,437.25,0.0,1,7.38,5.55,SPY240119P00425000,425.0,0,0.0,0.0,,0.0,normalDay
2023-11-09,4401.0,76.0,0.0,0,433.84,0.0,1,7.38,6.62,SPY240119P00425000,425.0,0,0.0,0.0,,0.0,normalDay
2023-11-10,4401.0,284.0,0.0,0,440.61,0.0,1,7.38,4.54,SPY240119P00425000,425.0,0,0.0,0.0,,0.0,normalDay
2023-11-13,4401.0,280.0,0.0,0,440.19,0.0,1,7.38,4.58,SPY240119P00425000,425.0,0,0.0,0.0,,0.0,normalDay
2023-11-14,4401.0,441.0,0.0,0,448.73,0.0,1,7.38,2.97,SPY240119P00425000,425.0,0,0.0,0.0,,0.0,normalDay
2023-11-15,4401.0,451.0,0.0,0,449.68,0.0,1,7.38,2.87,SPY240119P00425000,425.0,0,0.0,0.0,,0.0,normalDay
2023-11-16,4401.0,472.0,0.0,0,450.23,0.0,1,7.38,2.66,SPY240119P00425000,425.0,0,0.0,0.0,,0.0,normalDay
2023-11-17,4401.0,490.0,0.0,0,450.79,0.0,1,7.38,2.48,SPY240119P00425000,425.0,0,0.0,0.0,,0.0,normalDay
2023-11-20,4401.0,539.0,0.0,0,454.26,0.0,1,7.38,1.99,SPY240119P00425000,425.0,0,0.0,0.0,,0.0,normalDay
2023-11-21,4401.0,538.0,0.0,0,453.27,0.0,1,7.38,2.0,SPY240119P00425000,425.0,0,0.0,0.0,,0.0,normalDay
2023-11-22,4401.0,559.0,0.0,0,455.02,0.0,1,7.38,1.79,SPY240119P00425000,425.0,0,0.0,0.0,,0.0,normalDay
2023-11-24,4401.0,579.0,0.0,0,455.3,0.0,1,7.38,1.59,SPY240119P00425000,425.0,0,0.0,0.0,,0.0,normalDay
2023-11-27,4401.0,580.0,0.0,0,454.48,0.0,1,7.38,1.58,SPY240119P00425000,425.0,0,0.0,0.0,,0.0,normalDay
2023-11-28,4401.0,587.0,0.0,0,454.93,0.0,1,7.38,1.51,SPY240119P00425000,425.0,0,0.0,0.0,,0.0,normalDay
2023-11-29,4401.0,583.0,0.0,0,454.61,0.0,1,7.38,1.55,SPY240119P00425000,425.0,0,0.0,0.0,,0.0,normalDay
2023-11-30,4401.0,594.0,0.0,0,456.4,0.0,1,7.38,1.44,SPY240119P00425000,425.0,0,0.0,0.0,,0.0,normalDay
