date,totalCapital,unrializedPnL,rializedPnL,stocksOwned,stocksPriceToday,stocksPriceBoughtAt,putOwned,putOwnedSoldAt,putPriceToday,putOwnedContract,putOwnedStrike,callOwned,callOwnedSoldAt,callPriceToday,callOwnedContract,callOwnedStrike,trackType
2018-11-01,0.0,-4.0,0.0,0,273.51,0.0,1,1.76,1.8,SPY181221P00250000,250.0,0,0.0,0.0,,0.0,normalDay
2018-11-02,0.0,-17.0,0.0,0,271.89,0.0,1,1.76,1.93,SPY181221P00250000,250.0,0,0.0,0.0,,0.0,normalDay
2018-11-05,0.0,10.0,0.0,0,273.39,0.0,1,1.76,1.66,SPY181221P00250000,250.0,0,0.0,0.0,,0.0,normalDay
2018-11-06,0.0,33.0,0.0,0,275.12,0.0,1,1.76,1.43,SPY181221P00250000,250.0,0,0.0,0.0,,0.0,normalDay
2018-11-07,0.0,104.0,0.0,0,281.01,0.0,1,1.76,0.72,SPY181221P00250000,250.0,0,0.0,0.0,,0.0,normalDay
2018-11-08,0.0,101.0,0.0,0,280.5,0.0,1,1.76,0.75,SPY181221P00250000,250.0,0,0.0,0.0,,0.0,normalDay
2018-11-09,0.0,81.0,0.0,0,277.76,0.0,1,1.76,0.95,SPY181221P00250000,250.0,0,0.0,0.0,,0.0,normalDay
2018-11-12,0.0,24.0,0.0,0,272.57,0.0,1,1.76,1.52,SPY181221P00250000,250.0,0,0.0,0.0,,0.0,normalDay
2018-11-13,0.0,21.0,0.0,0,272.06,0.0,1,1.76,1.55,SPY181221P00250000,250.0,0,0.0,0.0,,0.0,normalDay
2018-11-14,0.0,-6.0,0.0,0,270.2,0.0,1,1.76,1.82,SPY181221P00250000,250.0,0,0.0,0.0,,0.0,normalDay
2018-11-15,0.0,48.0,0.0,0,273.02,0.0,1,1.76,1.28,SPY181221P00250000,250.0,0,0.0,0.0,,0.0,normalDay
2018-11-16,0.0,80.0,0.0,0,273.73,0.0,1,1.76,0.96,SPY181221P00250000,250.0,0,0.0,0.0,,0.0,normalDay
2018-11-19,0.0,32.0,0.0,0,269.1,0.0,1,1.76,1.44,SPY181221P00250000,250.0,0,0.0,0.0,,0.0,normalDay
2018-11-20,0.0,-69.0,0.0,0,264.12,0.0,1,1.76,2.45,SPY181221P00250000,250.0,0,0.0,0.0,,0.0,normalDay
2018-11-21,0.0,-16.0,0.0,0,265.02,0.0,1,1.76,1.92,SPY181221P00250000,250.0,0,0.0,0.0,,0.0,normalDay
2018-11-23,0.0,-47.0,0.0,0,263.25,0.0,1,1.76,2.23,SPY181221P00250000,250.0,0,0.0,0.0,,0.0,normalDay
2018-11-26,0.0,77.0,0.0,0,267.5,0.0,1,1.76,0.99,SPY181221P00250000,250.0,0,0.0,0.0,,0.0,normalDay
2018-11-27,0.0,81.0,0.0,0,268.4,0.0,1,1.76,0.95,SPY181221P00250000,250.0,0,0.0,0.0,,0.0,normalDay
2018-11-28,0.0,127.0,0.0,0,274.58,0.0,1,1.76,0.49,SPY181221P00250000,250.0,0,0.0,0.0,,0.0,normalDay
2018-11-29,0.0,120.0,0.0,0,273.98,0.0,1,1.76,0.56,SPY181221P00250000,250.0,0,0.0,0.0,,0.0,normalDay
2018-11-30,0.0,133.0,0.0,0,275.65,0.0,1,1.76,0.43,SPY181221P00250000,250.0,0,0.0,0.0,,0.0,normalDay
2018-12-03,0.0,155.0,0.0,0,279.3,0.0,1,1.76,0.21,SPY181221P00250000,250.0,0,0.0,0.0,,0.0,normalDay
2018-12-04,0.0,97.0,0.0,0,270.25,0.0,1,1.76,0.79,SPY181221P00250000,250.0,0,0.0,0.0,,0.0,normalDay
2018-12-06,0.0,100.0,0.0,0,269.84,0.0,1,1.76,0.76,SPY181221P00250000,250.0,0,0.0,0.0,,0.0,normalDay
2018-12-07,0.0,13.0,0.0,0,263.57,0.0,1,1.76,1.63,SPY181221P00250000,250.0,0,0.0,0.0,,0.0,normalDay
2018-12-10,0.0,80.0,0.0,0,264.07,0.0,1,1.76,0.96,SPY181221P00250000,250.0,0,0.0,0.0,,0.0,normalDay
2018-12-11,0.0,99.0,0.0,0,264.13,0.0,1,1.76,0.77,SPY181221P00250000,250.0,0,0.0,0.0,,0.0,normalDay
2018-12-12,0.0,123.0,0.0,0,265.46,0.0,1,1.76,0.53,SPY181221P00250000,250.0,0,0.0,0.0,,0.0,normalDay
2018-12-13,0.0,142.0,0.0,0,265.37,0.0,1,1.76,0.34,SPY181221P00250000,250.0,0,0.0,0.0,,0.0,normalDay
2018-12-14,0.0,108.0,0.0,0,260.47,0.0,1,1.76,0.68,SPY181221P00250000,250.0,0,0.0,0.0,,0.0,normalDay
2018-12-17,0.0,4.0,0.0,0,255.36,0.0,1,1.76,1.72,SPY181221P00250000,250.0,0,0.0,0.0,,0.0,normalDay
2018-12-18,0.0,-12.0,0.0,0,255.08,0.0,1,1.76,1.88,SPY181221P00250000,250.0,0,0.0,0.0,,0.0,normalDay
2018-12-19,0.0,-58.0,0.0,0,251.26,0.0,1,1.76,2.34,SPY181221P00250000,250.0,0,0.0,0.0,,0.0,normalDay
2018-12-20,0.0,-224.0,0.0,0,247.17,0.0,1,1.76,4.0,SPY181221P00250000,250.0,0,0.0,0.0,,0.0,normalDay
2018-12-21,176.0,-930.0,176.0,100,240.7,250.0,1,1.76,0.0,SPY181221P00250000,250.0,0,0.0,0.0,,0.0,expirationDay
2018-12-24,176.0,-1622.0,0.0,100,234.34,250.0,0,0.0,0.0,,0.0,1,2.03,2.59,SPY190628C00272000,272.0,normalDay
2018-12-26,176.0,-638.0,0.0,100,246.18,250.0,0,0.0,0.0,,0.0,1,2.03,4.59,SPY190628C00272000,272.0,normalDay
2018-12-27,176.0,-541.0,0.0,100,248.07,250.0,0,0.0,0.0,,0.0,1,2.03,5.51,SPY190628C00272000,272.0,normalDay
2018-12-28,176.0,-516.0,0.0,100,247.75,250.0,0,0.0,0.0,,0.0,1,2.03,4.94,SPY190628C00272000,272.0,normalDay
2018-12-31,176.0,-298.0,0.0,100,249.92,250.0,0,0.0,0.0,,0.0,1,2.03,4.93,SPY190628C00272000,272.0,normalDay
2019-01-02,176.0,-254.0,0.0,100,250.18,250.0,0,0.0,0.0,,0.0,1,2.03,4.75,SPY190628C00272000,272.0,normalDay
2019-01-03,176.0,-717.0,0.0,100,244.21,250.0,0,0.0,0.0,,0.0,1,2.03,3.41,SPY190628C00272000,272.0,normalDay
2019-01-04,176.0,-86.0,0.0,100,252.39,250.0,0,0.0,0.0,,0.0,1,2.03,5.28,SPY190628C00272000,272.0,normalDay
2019-01-07,176.0,75.0,0.0,100,254.38,250.0,0,0.0,0.0,,0.0,1,2.03,5.66,SPY190628C00272000,272.0,normalDay
2019-01-08,176.0,249.0,0.0,100,256.77,250.0,0,0.0,0.0,,0.0,1,2.03,6.31,SPY190628C00272000,272.0,normalDay
2019-01-09,176.0,349.0,0.0,100,257.97,250.0,0,0.0,0.0,,0.0,1,2.03,6.51,SPY190628C00272000,272.0,normalDay
2019-01-10,176.0,411.0,0.0,100,258.88,250.0,0,0.0,0.0,,0.0,1,2.03,6.8,SPY190628C00272000,272.0,normalDay
2019-01-11,176.0,465.0,0.0,100,258.98,250.0,0,0.0,0.0,,0.0,1,2.03,6.36,SPY190628C00272000,272.0,normalDay
2019-01-14,176.0,394.0,0.0,100,257.4,250.0,0,0.0,0.0,,0.0,1,2.03,5.49,SPY190628C00272000,272.0,normalDay
2019-01-15,176.0,623.0,0.0,100,260.35,250.0,0,0.0,0.0,,0.0,1,2.03,6.15,SPY190628C00272000,272.0,normalDay
2019-01-16,176.0,663.0,0.0,100,260.98,250.0,0,0.0,0.0,,0.0,1,2.03,6.38,SPY190628C00272000,272.0,normalDay
2019-01-17,176.0,769.0,0.0,100,262.96,250.0,0,0.0,0.0,,0.0,1,2.03,7.3,SPY190628C00272000,272.0,normalDay
2019-01-18,176.0,963.0,0.0,100,266.46,250.0,0,0.0,0.0,,0.0,1,2.03,8.86,SPY190628C00272000,272.0,normalDay
2019-01-22,176.0,725.0,0.0,100,262.86,250.0,0,0.0,0.0,,0.0,1,2.03,7.64,SPY190628C00272000,272.0,normalDay
2019-01-23,176.0,785.0,0.0,100,263.41,250.0,0,0.0,0.0,,0.0,1,2.03,7.59,SPY190628C00272000,272.0,normalDay
2019-01-24,176.0,850.0,0.0,100,263.55,250.0,0,0.0,0.0,,0.0,1,2.03,7.08,SPY190628C00272000,272.0,normalDay
2019-01-25,176.0,945.0,0.0,100,265.78,250.0,0,0.0,0.0,,0.0,1,2.03,8.36,SPY190628C00272000,272.0,normalDay
2019-01-28,176.0,839.0,0.0,100,263.76,250.0,0,0.0,0.0,,0.0,1,2.03,7.4,SPY190628C00272000,272.0,normalDay
2019-01-29,176.0,830.0,0.0,100,263.41,250.0,0,0.0,0.0,,0.0,1,2.03,7.14,SPY190628C00272000,272.0,normalDay
2019-01-30,176.0,1067.0,0.0,100,267.58,250.0,0,0.0,0.0,,0.0,1,2.03,8.94,SPY190628C00272000,272.0,normalDay
2019-01-31,176.0,1179.0,0.0,100,269.93,250.0,0,0.0,0.0,,0.0,1,2.03,10.17,SPY190628C00272000,272.0,normalDay
2019-02-01,176.0,1220.0,0.0,100,270.06,250.0,0,0.0,0.0,,0.0,1,2.03,9.89,SPY190628C00272000,272.0,normalDay
2019-02-04,176.0,1336.0,0.0,100,271.96,250.0,0,0.0,0.0,,0.0,1,2.03,10.63,SPY190628C00272000,272.0,normalDay
2019-02-05,176.0,1401.0,0.0,100,273.1,250.0,0,0.0,0.0,,0.0,1,2.03,11.12,SPY190628C00272000,272.0,normalDay
2019-02-06,176.0,1389.0,0.0,100,272.74,250.0,0,0.0,0.0,,0.0,1,2.03,10.88,SPY190628C00272000,272.0,normalDay
2019-02-07,176.0,1261.0,0.0,100,270.14,250.0,0,0.0,0.0,,0.0,1,2.03,9.56,SPY190628C00272000,272.0,normalDay
2019-02-08,176.0,1299.0,0.0,100,270.47,250.0,0,0.0,0.0,,0.0,1,2.03,9.51,SPY190628C00272000,272.0,normalDay
2019-02-11,176.0,1315.0,0.0,100,270.62,250.0,0,0.0,0.0,,0.0,1,2.03,9.5,SPY190628C00272000,272.0,normalDay
2019-02-12,176.0,1454.0,0.0,100,274.1,250.0,0,0.0,0.0,,0.0,1,2.03,11.59,SPY190628C00272000,272.0,normalDay
2019-02-13,176.0,1499.0,0.0,100,274.99,250.0,0,0.0,0.0,,0.0,1,2.03,12.03,SPY190628C00272000,272.0,normalDay
2019-02-14,176.0,1469.0,0.0,100,274.38,250.0,0,0.0,0.0,,0.0,1,2.03,11.72,SPY190628C00272000,272.0,normalDay
2019-02-15,176.0,1590.0,0.0,100,277.37,250.0,0,0.0,0.0,,0.0,1,2.03,13.5,SPY190628C00272000,272.0,normalDay
2019-02-19,176.0,1652.0,0.0,100,277.85,250.0,0,0.0,0.0,,0.0,1,2.03,13.36,SPY190628C00272000,272.0,normalDay
2019-02-20,176.0,1679.0,0.0,100,278.41,250.0,0,0.0,0.0,,0.0,1,2.03,13.65,SPY190628C00272000,272.0,normalDay
2019-02-21,176.0,1646.0,0.0,100,277.42,250.0,0,0.0,0.0,,0.0,1,2.03,12.99,SPY190628C00272000,272.0,normalDay
2019-02-22,176.0,1727.0,0.0,100,279.14,250.0,0,0.0,0.0,,0.0,1,2.03,13.9,SPY190628C00272000,272.0,normalDay
2019-02-25,176.0,1723.0,0.0,100,279.52,250.0,0,0.0,0.0,,0.0,1,2.03,14.32,SPY190628C00272000,272.0,normalDay
2019-02-26,176.0,1722.0,0.0,100,279.32,250.0,0,0.0,0.0,,0.0,1,2.03,14.13,SPY190628C00272000,272.0,normalDay
2019-02-27,176.0,1715.0,0.0,100,279.2,250.0,0,0.0,0.0,,0.0,1,2.03,14.08,SPY190628C00272000,272.0,normalDay
2019-02-28,176.0,1716.0,0.0,100,278.68,250.0,0,0.0,0.0,,0.0,1,2.03,13.55,SPY190628C00272000,272.0,normalDay
2019-03-01,176.0,1789.0,0.0,100,280.42,250.0,0,0.0,0.0,,0.0,1,2.03,14.56,SPY190628C00272000,272.0,normalDay
2019-03-04,176.0,1766.0,0.0,100,279.4,250.0,0,0.0,0.0,,0.0,1,2.03,13.77,SPY190628C00272000,272.0,normalDay
2019-03-05,176.0,1753.0,0.0,100,279.02,250.0,0,0.0,0.0,,0.0,1,2.03,13.52,SPY190628C00272000,272.0,normalDay
2019-03-06,176.0,1686.0,0.0,100,277.33,250.0,0,0.0,0.0,,0.0,1,2.03,12.5,SPY190628C00272000,272.0,normalDay
2019-03-07,176.0,1581.0,0.0,100,275.01,250.0,0,0.0,0.0,,0.0,1,2.03,11.23,SPY190628C00272000,272.0,normalDay
2019-03-08,176.0,1565.0,0.0,100,274.46,250.0,0,0.0,0.0,,0.0,1,2.03,10.84,SPY190628C00272000,272.0,normalDay
2019-03-11,176.0,1770.0,0.0,100,278.44,250.0,0,0.0,0.0,,0.0,1,2.03,12.77,SPY190628C00272000,272.0,normalDay
2019-03-12,176.0,1832.0,0.0,100,279.49,250.0,0,0.0,0.0,,0.0,1,2.03,13.2,SPY190628C00272000,272.0,normalDay
2019-03-13,176.0,1874.0,0.0,100,281.34,250.0,0,0.0,0.0,,0.0,1,2.03,14.63,SPY190628C00272000,272.0,normalDay
2019-03-14,176.0,1897.0,0.0,100,281.16,250.0,0,0.0,0.0,,0.0,1,2.03,14.22,SPY190628C00272000,272.0,normalDay
2019-03-15,176.0,1818.0,0.0,100,281.31,250.0,0,0.0,0.0,,0.0,1,2.03,15.16,SPY190628C00272000,272.0,normalDay
2019-03-18,176.0,1824.0,0.0,100,282.33,250.0,0,0.0,0.0,,0.0,1,2.03,16.12,SPY190628C00272000,272.0,normalDay
2019-03-19,176.0,1846.0,0.0,100,282.4,250.0,0,0.0,0.0,,0.0,1,2.03,15.97,SPY190628C00272000,272.0,normalDay
2019-03-20,176.0,1822.0,0.0,100,281.55,250.0,0,0.0,0.0,,0.0,1,2.03,15.36,SPY190628C00272000,272.0,normalDay
2019-03-21,176.0,1891.0,0.0,100,284.73,250.0,0,0.0,0.0,,0.0,1,2.03,17.85,SPY190628C00272000,272.0,normalDay
2019-03-22,176.0,1640.0,0.0,100,279.25,250.0,0,0.0,0.0,,0.0,1,2.03,14.88,SPY190628C00272000,272.0,normalDay
2019-03-25,176.0,1681.0,0.0,100,279.04,250.0,0,0.0,0.0,,0.0,1,2.03,14.26,SPY190628C00272000,272.0,normalDay
2019-03-26,176.0,1803.0,0.0,100,281.12,250.0,0,0.0,0.0,,0.0,1,2.03,15.12,SPY190628C00272000,272.0,normalDay
2019-03-27,176.0,1738.0,0.0,100,279.65,250.0,0,0.0,0.0,,0.0,1,2.03,14.3,SPY190628C00272000,272.0,normalDay
2019-03-28,176.0,1785.0,0.0,100,280.71,250.0,0,0.0,0.0,,0.0,1,2.03,14.89,SPY190628C00272000,272.0,normalDay
2019-03-29,176.0,1839.0,0.0,100,282.48,250.0,0,0.0,0.0,,0.0,1,2.03,16.12,SPY190628C00272000,272.0,normalDay
2019-04-01,176.0,1957.0,0.0,100,285.83,250.0,0,0.0,0.0,,0.0,1,2.03,18.29,SPY190628C00272000,272.0,normalDay
2019-04-02,176.0,1980.0,0.0,100,285.97,250.0,0,0.0,0.0,,0.0,1,2.03,18.2,SPY190628C00272000,272.0,normalDay
2019-04-03,176.0,1950.0,0.0,100,286.42,250.0,0,0.0,0.0,,0.0,1,2.03,18.95,SPY190628C00272000,272.0,normalDay
2019-04-04,176.0,1983.0,0.0,100,287.18,250.0,0,0.0,0.0,,0.0,1,2.03,19.38,SPY190628C00272000,272.0,normalDay
2019-04-05,176.0,2021.0,0.0,100,288.57,250.0,0,0.0,0.0,,0.0,1,2.03,20.39,SPY190628C00272000,272.0,normalDay
2019-04-08,176.0,2032.0,0.0,100,288.79,250.0,0,0.0,0.0,,0.0,1,2.03,20.5,SPY190628C00272000,272.0,normalDay
2019-04-09,176.0,2012.0,0.0,100,287.31,250.0,0,0.0,0.0,,0.0,1,2.03,19.22,SPY190628C00272000,272.0,normalDay
2019-04-10,176.0,2022.0,0.0,100,288.29,250.0,0,0.0,0.0,,0.0,1,2.03,20.1,SPY190628C00272000,272.0,normalDay
2019-04-11,176.0,2055.0,0.0,100,288.21,250.0,0,0.0,0.0,,0.0,1,2.03,19.69,SPY190628C00272000,272.0,normalDay
2019-04-12,176.0,2094.0,0.0,100,290.16,250.0,0,0.0,0.0,,0.0,1,2.03,21.25,SPY190628C00272000,272.0,normalDay
2019-04-15,176.0,2099.0,0.0,100,289.97,250.0,0,0.0,0.0,,0.0,1,2.03,21.01,SPY190628C00272000,272.0,normalDay
2019-04-16,176.0,2119.0,0.0,100,290.16,250.0,0,0.0,0.0,,0.0,1,2.03,21.0,SPY190628C00272000,272.0,normalDay
2019-04-17,176.0,2120.0,0.0,100,289.45,250.0,0,0.0,0.0,,0.0,1,2.03,20.28,SPY190628C00272000,272.0,normalDay
2019-04-18,176.0,2109.0,0.0,100,290.02,250.0,0,0.0,0.0,,0.0,1,2.03,20.96,SPY190628C00272000,272.0,normalDay
2019-04-22,176.0,2114.0,0.0,100,290.27,250.0,0,0.0,0.0,,0.0,1,2.03,21.16,SPY190628C00272000,272.0,normalDay
2019-04-23,176.0,2157.0,0.0,100,292.88,250.0,0,0.0,0.0,,0.0,1,2.03,23.34,SPY190628C00272000,272.0,normalDay
2019-04-24,176.0,2130.0,0.0,100,292.23,250.0,0,0.0,0.0,,0.0,1,2.03,22.96,SPY190628C00272000,272.0,normalDay
2019-04-25,176.0,2148.0,0.0,100,292.05,250.0,0,0.0,0.0,,0.0,1,2.03,22.6,SPY190628C00272000,272.0,normalDay
2019-04-26,176.0,2165.0,0.0,100,293.41,250.0,0,0.0,0.0,,0.0,1,2.03,23.79,SPY190628C00272000,272.0,normalDay
2019-04-29,176.0,2184.0,0.0,100,293.87,250.0,0,0.0,0.0,,0.0,1,2.03,24.06,SPY190628C00272000,272.0,normalDay
2019-04-30,176.0,2162.0,0.0,100,294.02,250.0,0,0.0,0.0,,0.0,1,2.03,24.43,SPY190628C00272000,272.0,normalDay
2019-05-01,176.0,2151.0,0.0,100,291.81,250.0,0,0.0,0.0,,0.0,1,2.03,22.33,SPY190628C00272000,272.0,normalDay
2019-05-02,176.0,2160.0,0.0,100,291.18,250.0,0,0.0,0.0,,0.0,1,2.03,21.61,SPY190628C00272000,272.0,normalDay
2019-05-03,176.0,2196.0,0.0,100,294.03,250.0,0,0.0,0.0,,0.0,1,2.03,24.1,SPY190628C00272000,272.0,normalDay
2019-05-06,176.0,2172.0,0.0,100,292.82,250.0,0,0.0,0.0,,0.0,1,2.03,23.13,SPY190628C00272000,272.0,normalDay
2019-05-07,176.0,2001.0,0.0,100,287.93,250.0,0,0.0,0.0,,0.0,1,2.03,19.95,SPY190628C00272000,272.0,normalDay
2019-05-08,176.0,2004.0,0.0,100,287.53,250.0,0,0.0,0.0,,0.0,1,2.03,19.52,SPY190628C00272000,272.0,normalDay
2019-05-09,176.0,2016.0,0.0,100,286.66,250.0,0,0.0,0.0,,0.0,1,2.03,18.53,SPY190628C00272000,272.0,normalDay
2019-05-10,176.0,2139.0,0.0,100,288.1,250.0,0,0.0,0.0,,0.0,1,2.03,18.74,SPY190628C00272000,272.0,normalDay
2019-05-13,176.0,1950.0,0.0,100,280.86,250.0,0,0.0,0.0,,0.0,1,2.03,13.39,SPY190628C00272000,272.0,normalDay
2019-05-14,176.0,2048.0,0.0,100,283.4,250.0,0,0.0,0.0,,0.0,1,2.03,14.95,SPY190628C00272000,272.0,normalDay
2019-05-15,176.0,2101.0,0.0,100,285.06,250.0,0,0.0,0.0,,0.0,1,2.03,16.08,SPY190628C00272000,272.0,normalDay
2019-05-16,176.0,2181.0,0.0,100,287.7,250.0,0,0.0,0.0,,0.0,1,2.03,17.92,SPY190628C00272000,272.0,normalDay
2019-05-17,176.0,2142.0,0.0,100,285.84,250.0,0,0.0,0.0,,0.0,1,2.03,16.45,SPY190628C00272000,272.0,normalDay
2019-05-20,176.0,2117.0,0.0,100,283.95,250.0,0,0.0,0.0,,0.0,1,2.03,14.81,SPY190628C00272000,272.0,normalDay
2019-05-21,176.0,2201.0,0.0,100,286.51,250.0,0,0.0,0.0,,0.0,1,2.03,16.53,SPY190628C00272000,272.0,normalDay
2019-05-22,176.0,2198.0,0.0,100,285.63,250.0,0,0.0,0.0,,0.0,1,2.03,15.68,SPY190628C00272000,272.0,normalDay
2019-05-23,176.0,2139.0,0.0,100,282.14,250.0,0,0.0,0.0,,0.0,1,2.03,12.78,SPY190628C00272000,272.0,normalDay
2019-05-24,176.0,2149.0,0.0,100,282.78,250.0,0,0.0,0.0,,0.0,1,2.03,13.32,SPY190628C00272000,272.0,normalDay
2019-05-28,176.0,2094.0,0.0,100,280.15,250.0,0,0.0,0.0,,0.0,1,2.03,11.24,SPY190628C00272000,272.0,normalDay
2019-05-29,176.0,2078.0,0.0,100,278.27,250.0,0,0.0,0.0,,0.0,1,2.03,9.52,SPY190628C00272000,272.0,normalDay
2019-05-30,176.0,2129.0,0.0,100,279.03,250.0,0,0.0,0.0,,0.0,1,2.03,9.77,SPY190628C00272000,272.0,normalDay
2019-05-31,176.0,2008.0,0.0,100,275.27,250.0,0,0.0,0.0,,0.0,1,2.03,7.22,SPY190628C00272000,272.0,normalDay
2019-06-03,176.0,1992.0,0.0,100,274.57,250.0,0,0.0,0.0,,0.0,1,2.03,6.68,SPY190628C00272000,272.0,normalDay
2019-06-04,176.0,2213.0,0.0,100,280.53,250.0,0,0.0,0.0,,0.0,1,2.03,10.43,SPY190628C00272000,272.0,normalDay
2019-06-05,176.0,2277.0,0.0,100,282.96,250.0,0,0.0,0.0,,0.0,1,2.03,12.22,SPY190628C00272000,272.0,normalDay
2019-06-06,176.0,2306.0,0.0,100,284.8,250.0,0,0.0,0.0,,0.0,1,2.03,13.77,SPY190628C00272000,272.0,normalDay
2019-06-07,176.0,2331.0,0.0,100,287.65,250.0,0,0.0,0.0,,0.0,1,2.03,16.37,SPY190628C00272000,272.0,normalDay
2019-06-10,176.0,2344.0,0.0,100,288.97,250.0,0,0.0,0.0,,0.0,1,2.03,17.56,SPY190628C00272000,272.0,normalDay
2019-06-11,176.0,2360.0,0.0,100,288.9,250.0,0,0.0,0.0,,0.0,1,2.03,17.33,SPY190628C00272000,272.0,normalDay
2019-06-12,176.0,2353.0,0.0,100,288.39,250.0,0,0.0,0.0,,0.0,1,2.03,16.89,SPY190628C00272000,272.0,normalDay
2019-06-13,176.0,2359.0,0.0,100,289.58,250.0,0,0.0,0.0,,0.0,1,2.03,18.02,SPY190628C00272000,272.0,normalDay
2019-06-14,176.0,2351.0,0.0,100,289.26,250.0,0,0.0,0.0,,0.0,1,2.03,17.78,SPY190628C00272000,272.0,normalDay
2019-06-17,176.0,2365.0,0.0,100,289.37,250.0,0,0.0,0.0,,0.0,1,2.03,17.75,SPY190628C00272000,272.0,normalDay
2019-06-18,176.0,2381.0,0.0,100,292.4,250.0,0,0.0,0.0,,0.0,1,2.03,20.62,SPY190628C00272000,272.0,normalDay
2019-06-19,176.0,2368.0,0.0,100,293.06,250.0,0,0.0,0.0,,0.0,1,2.03,21.41,SPY190628C00272000,272.0,normalDay
2019-06-20,176.0,2381.0,0.0,100,295.86,250.0,0,0.0,0.0,,0.0,1,2.03,24.08,SPY190628C00272000,272.0,normalDay
2019-06-21,176.0,2362.0,0.0,100,294.0,250.0,0,0.0,0.0,,0.0,1,2.03,22.41,SPY190628C00272000,272.0,normalDay
2019-06-24,176.0,2371.0,0.0,100,293.64,250.0,0,0.0,0.0,,0.0,1,2.03,21.96,SPY190628C00272000,272.0,normalDay
2019-06-25,176.0,2371.0,0.0,100,290.76,250.0,0,0.0,0.0,,0.0,1,2.03,19.08,SPY190628C00272000,272.0,normalDay
2019-06-26,176.0,2401.0,0.0,100,290.47,250.0,0,0.0,0.0,,0.0,1,2.03,18.49,SPY190628C00272000,272.0,normalDay
2019-06-27,176.0,2359.0,0.0,100,291.5,250.0,0,0.0,0.0,,0.0,1,2.03,19.94,SPY190628C00272000,272.0,normalDay
2019-06-28,2579.0,2359.0,2403.0,0,293.0,0.0,0,0.0,0.0,,0.0,1,2.03,0.0,SPY190628C00272000,272.0,expirationDay
2019-07-01,2579.0,-3.0,0.0,0,295.66,0.0,1,1.13,1.16,SPY190816P00276000,276.0,0,0.0,0.0,,0.0,normalDay
2019-07-02,2579.0,20.0,0.0,0,296.43,0.0,1,1.13,0.93,SPY190816P00276000,276.0,0,0.0,0.0,,0.0,normalDay
2019-07-03,2579.0,41.0,0.0,0,298.8,0.0,1,1.13,0.72,SPY190816P00276000,276.0,0,0.0,0.0,,0.0,normalDay
2019-07-05,2579.0,36.0,0.0,0,298.46,0.0,1,1.13,0.77,SPY190816P00276000,276.0,0,0.0,0.0,,0.0,normalDay
2019-07-08,2579.0,28.0,0.0,0,296.82,0.0,1,1.13,0.85,SPY190816P00276000,276.0,0,0.0,0.0,,0.0,normalDay
2019-07-09,2579.0,28.0,0.0,0,297.19,0.0,1,1.13,0.85,SPY190816P00276000,276.0,0,0.0,0.0,,0.0,normalDay
2019-07-10,2579.0,49.0,0.0,0,298.61,0.0,1,1.13,0.64,SPY190816P00276000,276.0,0,0.0,0.0,,0.0,normalDay
2019-07-11,2579.0,55.0,0.0,0,299.31,0.0,1,1.13,0.58,SPY190816P00276000,276.0,0,0.0,0.0,,0.0,normalDay
2019-07-12,2579.0,66.0,0.0,0,300.65,0.0,1,1.13,0.47,SPY190816P00276000,276.0,0,0.0,0.0,,0.0,normalDay
2019-07-15,2579.0,67.0,0.0,0,300.75,0.0,1,1.13,0.46,SPY190816P00276000,276.0,0,0.0,0.0,,0.0,normalDay
2019-07-16,2579.0,64.0,0.0,0,299.78,0.0,1,1.13,0.49,SPY190816P00276000,276.0,0,0.0,0.0,,0.0,normalDay
2019-07-17,2579.0,51.0,0.0,0,297.74,0.0,1,1.13,0.62,SPY190816P00276000,276.0,0,0.0,0.0,,0.0,normalDay
2019-07-18,2579.0,62.0,0.0,0,298.83,0.0,1,1.13,0.51,SPY190816P00276000,276.0,0,0.0,0.0,,0.0,normalDay
2019-07-19,2579.0,53.0,0.0,0,297.17,0.0,1,1.13,0.6,SPY190816P00276000,276.0,0,0.0,0.0,,0.0,normalDay
2019-07-22,2579.0,71.0,0.0,0,297.9,0.0,1,1.13,0.42,SPY190816P00276000,276.0,0,0.0,0.0,,0.0,normalDay
2019-07-23,2579.0,85.0,0.0,0,300.03,0.0,1,1.13,0.28,SPY190816P00276000,276.0,0,0.0,0.0,,0.0,normalDay
2019-07-24,2579.0,92.0,0.0,0,301.44,0.0,1,1.13,0.21,SPY190816P00276000,276.0,0,0.0,0.0,,0.0,normalDay
2019-07-25,2579.0,89.0,0.0,0,300.0,0.0,1,1.13,0.24,SPY190816P00276000,276.0,0,0.0,0.0,,0.0,normalDay
2019-07-26,2579.0,96.0,0.0,0,302.01,0.0,1,1.13,0.17,SPY190816P00276000,276.0,0,0.0,0.0,,0.0,normalDay
2019-07-29,2579.0,96.0,0.0,0,301.46,0.0,1,1.13,0.17,SPY190816P00276000,276.0,0,0.0,0.0,,0.0,normalDay
2019-07-30,2579.0,92.0,0.0,0,300.72,0.0,1,1.13,0.21,SPY190816P00276000,276.0,0,0.0,0.0,,0.0,normalDay
2019-07-31,2579.0,75.0,0.0,0,297.43,0.0,1,1.13,0.38,SPY190816P00276000,276.0,0,0.0,0.0,,0.0,normalDay
2019-08-01,2579.0,57.0,0.0,0,294.84,0.0,1,1.13,0.56,SPY190816P00276000,276.0,0,0.0,0.0,,0.0,normalDay
2019-08-02,2579.0,50.0,0.0,0,292.62,0.0,1,1.13,0.63,SPY190816P00276000,276.0,0,0.0,0.0,,0.0,normalDay
2019-08-05,2579.0,-160.0,0.0,0,283.82,0.0,1,1.13,2.73,SPY190816P00276000,276.0,0,0.0,0.0,,0.0,normalDay
2019-08-06,2579.0,6.0,0.0,0,287.8,0.0,1,1.13,1.07,SPY190816P00276000,276.0,0,0.0,0.0,,0.0,normalDay
2019-08-07,2579.0,27.0,0.0,0,287.97,0.0,1,1.13,0.86,SPY190816P00276000,276.0,0,0.0,0.0,,0.0,normalDay
2019-08-08,2579.0,91.0,0.0,0,293.62,0.0,1,1.13,0.22,SPY190816P00276000,276.0,0,0.0,0.0,,0.0,normalDay
2019-08-09,2579.0,89.0,0.0,0,291.62,0.0,1,1.13,0.24,SPY190816P00276000,276.0,0,0.0,0.0,,0.0,normalDay
2019-08-12,2579.0,74.0,0.0,0,288.07,0.0,1,1.13,0.39,SPY190816P00276000,276.0,0,0.0,0.0,,0.0,normalDay
2019-08-13,2579.0,106.0,0.0,0,292.55,0.0,1,1.13,0.07,SPY190816P00276000,276.0,0,0.0,0.0,,0.0,normalDay
2019-08-14,2579.0,60.0,0.0,0,283.9,0.0,1,1.13,0.53,SPY190816P00276000,276.0,0,0.0,0.0,,0.0,normalDay
2019-08-15,2579.0,106.0,0.0,0,284.65,0.0,1,1.13,0.07,SPY190816P00276000,276.0,0,0.0,0.0,,0.0,normalDay
2019-08-16,2692.0,0.0,113.0,0,288.85,0.0,1,1.13,0.0,SPY190816P00276000,276.0,0,0.0,0.0,,0.0,expirationDay
2019-08-19,2692.0,-4.0,0.0,0,292.33,0.0,1,1.57,1.61,SPY190930P00271000,271.0,0,0.0,0.0,,0.0,normalDay
2019-08-20,2692.0,-40.0,0.0,0,290.09,0.0,1,1.57,1.97,SPY190930P00271000,271.0,0,0.0,0.0,,0.0,normalDay
2019-08-21,2692.0,30.0,0.0,0,292.45,0.0,1,1.57,1.27,SPY190930P00271000,271.0,0,0.0,0.0,,0.0,normalDay
2019-08-22,2692.0,14.0,0.0,0,292.36,0.0,1,1.57,1.43,SPY190930P00271000,271.0,0,0.0,0.0,,0.0,normalDay
2019-08-23,2692.0,-126.0,0.0,0,284.85,0.0,1,1.57,2.83,SPY190930P00271000,271.0,0,0.0,0.0,,0.0,normalDay
2019-08-26,2692.0,-56.0,0.0,0,288.0,0.0,1,1.57,2.13,SPY190930P00271000,271.0,0,0.0,0.0,,0.0,normalDay
2019-08-27,2692.0,-91.0,0.0,0,286.87,0.0,1,1.57,2.48,SPY190930P00271000,271.0,0,0.0,0.0,,0.0,normalDay
2019-08-28,2692.0,-35.0,0.0,0,288.89,0.0,1,1.57,1.92,SPY190930P00271000,271.0,0,0.0,0.0,,0.0,normalDay
2019-08-29,2692.0,25.0,0.0,0,292.58,0.0,1,1.57,1.32,SPY190930P00271000,271.0,0,0.0,0.0,,0.0,normalDay
2019-08-30,2692.0,16.0,0.0,0,292.45,0.0,1,1.57,1.41,SPY190930P00271000,271.0,0,0.0,0.0,,0.0,normalDay
2019-09-03,2692.0,11.0,0.0,0,290.74,0.0,1,1.57,1.46,SPY190930P00271000,271.0,0,0.0,0.0,,0.0,normalDay
2019-09-04,2692.0,78.0,0.0,0,294.04,0.0,1,1.57,0.79,SPY190930P00271000,271.0,0,0.0,0.0,,0.0,normalDay
2019-09-05,2692.0,105.0,0.0,0,297.82,0.0,1,1.57,0.52,SPY190930P00271000,271.0,0,0.0,0.0,,0.0,normalDay
2019-09-06,2692.0,122.0,0.0,0,298.05,0.0,1,1.57,0.35,SPY190930P00271000,271.0,0,0.0,0.0,,0.0,normalDay
2019-09-09,2692.0,126.0,0.0,0,298.2,0.0,1,1.57,0.31,SPY190930P00271000,271.0,0,0.0,0.0,,0.0,normalDay
2019-09-10,2692.0,130.0,0.0,0,298.13,0.0,1,1.57,0.27,SPY190930P00271000,271.0,0,0.0,0.0,,0.0,normalDay
2019-09-11,2692.0,138.0,0.0,0,300.25,0.0,1,1.57,0.19,SPY190930P00271000,271.0,0,0.0,0.0,,0.0,normalDay
2019-09-12,2692.0,141.0,0.0,0,301.29,0.0,1,1.57,0.16,SPY190930P00271000,271.0,0,0.0,0.0,,0.0,normalDay
2019-09-13,2692.0,143.0,0.0,0,301.09,0.0,1,1.57,0.14,SPY190930P00271000,271.0,0,0.0,0.0,,0.0,normalDay
2019-09-16,2692.0,144.0,0.0,0,300.16,0.0,1,1.57,0.13,SPY190930P00271000,271.0,0,0.0,0.0,,0.0,normalDay
2019-09-17,2692.0,145.0,0.0,0,300.92,0.0,1,1.57,0.12,SPY190930P00271000,271.0,0,0.0,0.0,,0.0,normalDay
2019-09-18,2692.0,147.0,0.0,0,301.1,0.0,1,1.57,0.1,SPY190930P00271000,271.0,0,0.0,0.0,,0.0,normalDay
2019-09-19,2692.0,148.0,0.0,0,301.08,0.0,1,1.57,0.09,SPY190930P00271000,271.0,0,0.0,0.0,,0.0,normalDay
2019-09-20,2692.0,149.0,0.0,0,298.28,0.0,1,1.57,0.08,SPY190930P00271000,271.0,0,0.0,0.0,,0.0,normalDay
2019-09-23,2692.0,153.0,0.0,0,298.21,0.0,1,1.57,0.04,SPY190930P00271000,271.0,0,0.0,0.0,,0.0,normalDay
2019-09-24,2692.0,149.0,0.0,0,295.87,0.0,1,1.57,0.08,SPY190930P00271000,271.0,0,0.0,0.0,,0.0,normalDay
2019-09-25,2692.0,154.0,0.0,0,297.62,0.0,1,1.57,0.03,SPY190930P00271000,271.0,0,0.0,0.0,,0.0,normalDay
2019-09-26,2692.0,155.0,0.0,0,297.0,0.0,1,1.57,0.02,SPY190930P00271000,271.0,0,0.0,0.0,,0.0,normalDay
2019-09-27,2692.0,155.0,0.0,0,295.4,0.0,1,1.57,0.02,SPY190930P00271000,271.0,0,0.0,0.0,,0.0,normalDay
2019-09-30,2849.0,0.0,157.0,0,296.77,0.0,1,1.57,0.0,SPY190930P00271000,271.0,0,0.0,0.0,,0.0,expirationDay
2019-10-01,2849.0,-4.0,0.0,0,293.24,0.0,1,5.44,5.48,SPY191115P00290000,290.0,0,0.0,0.0,,0.0,normalDay
2019-10-02,2849.0,-285.0,0.0,0,288.06,0.0,1,5.44,8.29,SPY191115P00290000,290.0,0,0.0,0.0,,0.0,normalDay
2019-10-03,2849.0,-122.0,0.0,0,290.42,0.0,1,5.44,6.66,SPY191115P00290000,290.0,0,0.0,0.0,,0.0,normalDay
2019-10-04,2849.0,81.0,0.0,0,294.35,0.0,1,5.44,4.63,SPY191115P00290000,290.0,0,0.0,0.0,,0.0,normalDay
2019-10-07,2849.0,40.0,0.0,0,293.08,0.0,1,5.44,5.04,SPY191115P00290000,290.0,0,0.0,0.0,,0.0,normalDay
2019-10-08,2849.0,-183.0,0.0,0,288.53,0.0,1,5.44,7.27,SPY191115P00290000,290.0,0,0.0,0.0,,0.0,normalDay
2019-10-09,2849.0,-31.0,0.0,0,291.27,0.0,1,5.44,5.75,SPY191115P00290000,290.0,0,0.0,0.0,,0.0,normalDay
2019-10-10,2849.0,82.0,0.0,0,293.24,0.0,1,5.44,4.62,SPY191115P00290000,290.0,0,0.0,0.0,,0.0,normalDay
2019-10-11,2849.0,234.0,0.0,0,296.28,0.0,1,5.44,3.1,SPY191115P00290000,290.0,0,0.0,0.0,,0.0,normalDay
2019-10-14,2849.0,264.0,0.0,0,295.95,0.0,1,5.44,2.8,SPY191115P00290000,290.0,0,0.0,0.0,,0.0,normalDay
2019-10-15,2849.0,363.0,0.0,0,298.88,0.0,1,5.44,1.81,SPY191115P00290000,290.0,0,0.0,0.0,,0.0,normalDay
2019-10-16,2849.0,362.0,0.0,0,298.4,0.0,1,5.44,1.82,SPY191115P00290000,290.0,0,0.0,0.0,,0.0,normalDay
2019-10-17,2849.0,378.0,0.0,0,299.28,0.0,1,5.44,1.66,SPY191115P00290000,290.0,0,0.0,0.0,,0.0,normalDay
2019-10-18,2849.0,358.0,0.0,0,297.97,0.0,1,5.44,1.86,SPY191115P00290000,290.0,0,0.0,0.0,,0.0,normalDay
2019-10-21,2849.0,417.0,0.0,0,299.99,0.0,1,5.44,1.27,SPY191115P00290000,290.0,0,0.0,0.0,,0.0,normalDay
2019-10-22,2849.0,400.0,0.0,0,299.01,0.0,1,5.44,1.44,SPY191115P00290000,290.0,0,0.0,0.0,,0.0,normalDay
2019-10-23,2849.0,430.0,0.0,0,299.88,0.0,1,5.44,1.14,SPY191115P00290000,290.0,0,0.0,0.0,,0.0,normalDay
2019-10-24,2849.0,446.0,0.0,0,300.37,0.0,1,5.44,0.98,SPY191115P00290000,290.0,0,0.0,0.0,,0.0,normalDay
2019-10-25,2849.0,477.0,0.0,0,301.6,0.0,1,5.44,0.67,SPY191115P00290000,290.0,0,0.0,0.0,,0.0,normalDay
2019-10-28,2849.0,494.0,0.0,0,303.3,0.0,1,5.44,0.5,SPY191115P00290000,290.0,0,0.0,0.0,,0.0,normalDay
2019-10-29,2849.0,497.0,0.0,0,303.21,0.0,1,5.44,0.47,SPY191115P00290000,290.0,0,0.0,0.0,,0.0,normalDay
2019-10-30,2849.0,512.0,0.0,0,304.14,0.0,1,5.44,0.32,SPY191115P00290000,290.0,0,0.0,0.0,,0.0,normalDay
2019-10-31,2849.0,502.0,0.0,0,303.33,0.0,1,5.44,0.42,SPY191115P00290000,290.0,0,0.0,0.0,,0.0,normalDay
2019-11-01,2849.0,525.0,0.0,0,306.14,0.0,1,5.44,0.19,SPY191115P00290000,290.0,0,0.0,0.0,,0.0,normalDay
2019-11-04,2849.0,530.0,0.0,0,307.37,0.0,1,5.44,0.14,SPY191115P00290000,290.0,0,0.0,0.0,,0.0,normalDay
2019-11-05,2849.0,533.0,0.0,0,307.03,0.0,1,5.44,0.11,SPY191115P00290000,290.0,0,0.0,0.0,,0.0,normalDay
2019-11-06,2849.0,537.0,0.0,0,307.1,0.0,1,5.44,0.07,SPY191115P00290000,290.0,0,0.0,0.0,,0.0,normalDay
2019-11-07,2849.0,539.0,0.0,0,308.18,0.0,1,5.44,0.05,SPY191115P00290000,290.0,0,0.0,0.0,,0.0,normalDay
2019-11-08,2849.0,541.0,0.0,0,308.94,0.0,1,5.44,0.03,SPY191115P00290000,290.0,0,0.0,0.0,,0.0,normalDay
2019-11-11,2849.0,542.0,0.0,0,308.35,0.0,1,5.44,0.02,SPY191115P00290000,290.0,0,0.0,0.0,,0.0,normalDay
2019-11-12,2849.0,542.0,0.0,0,309.0,0.0,1,5.44,0.02,SPY191115P00290000,290.0,0,0.0,0.0,,0.0,normalDay
2019-11-13,2849.0,542.0,0.0,0,309.1,0.0,1,5.44,0.02,SPY191115P00290000,290.0,0,0.0,0.0,,0.0,normalDay
2019-11-14,2849.0,543.0,0.0,0,309.55,0.0,1,5.44,0.01,SPY191115P00290000,290.0,0,0.0,0.0,,0.0,normalDay
2019-11-15,3393.0,0.0,544.0,0,311.79,0.0,1,5.44,0.0,SPY191115P00290000,290.0,0,0.0,0.0,,0.0,expirationDay
2019-11-18,3393.0,-4.0,0.0,0,312.02,0.0,1,1.11,1.15,SPY191231P00292000,292.0,0,0.0,0.0,,0.0,normalDay
2019-11-19,3393.0,-10.0,0.0,0,311.93,0.0,1,1.11,1.21,SPY191231P00292000,292.0,0,0.0,0.0,,0.0,normalDay
2019-11-20,3393.0,-20.0,0.0,0,310.77,0.0,1,1.11,1.31,SPY191231P00292000,292.0,0,0.0,0.0,,0.0,normalDay
2019-11-21,3393.0,-22.0,0.0,0,310.27,0.0,1,1.11,1.33,SPY191231P00292000,292.0,0,0.0,0.0,,0.0,normalDay
2019-11-22,3393.0,-1.0,0.0,0,310.96,0.0,1,1.11,1.12,SPY191231P00292000,292.0,0,0.0,0.0,,0.0,normalDay
2019-11-25,3393.0,35.0,0.0,0,313.37,0.0,1,1.11,0.76,SPY191231P00292000,292.0,0,0.0,0.0,,0.0,normalDay
2019-11-26,3393.0,46.0,0.0,0,314.08,0.0,1,1.11,0.65,SPY191231P00292000,292.0,0,0.0,0.0,,0.0,normalDay
2019-11-27,3393.0,54.0,0.0,0,315.48,0.0,1,1.11,0.57,SPY191231P00292000,292.0,0,0.0,0.0,,0.0,normalDay
2019-11-29,3393.0,42.0,0.0,0,314.31,0.0,1,1.11,0.69,SPY191231P00292000,292.0,0,0.0,0.0,,0.0,normalDay
2019-12-02,3393.0,5.0,0.0,0,311.64,0.0,1,1.11,1.06,SPY191231P00292000,292.0,0,0.0,0.0,,0.0,normalDay
2019-12-03,3393.0,-26.0,0.0,0,309.55,0.0,1,1.11,1.37,SPY191231P00292000,292.0,0,0.0,0.0,,0.0,normalDay
2019-12-04,3393.0,10.0,0.0,0,311.46,0.0,1,1.11,1.01,SPY191231P00292000,292.0,0,0.0,0.0,,0.0,normalDay
2019-12-05,3393.0,28.0,0.0,0,312.02,0.0,1,1.11,0.83,SPY191231P00292000,292.0,0,0.0,0.0,,0.0,normalDay
2019-12-06,3393.0,56.0,0.0,0,314.87,0.0,1,1.11,0.55,SPY191231P00292000,292.0,0,0.0,0.0,,0.0,normalDay
2019-12-09,3393.0,38.0,0.0,0,313.88,0.0,1,1.11,0.73,SPY191231P00292000,292.0,0,0.0,0.0,,0.0,normalDay
2019-12-10,3393.0,45.0,0.0,0,313.53,0.0,1,1.11,0.66,SPY191231P00292000,292.0,0,0.0,0.0,,0.0,normalDay
2019-12-11,3393.0,62.0,0.0,0,314.42,0.0,1,1.11,0.49,SPY191231P00292000,292.0,0,0.0,0.0,,0.0,normalDay
2019-12-12,3393.0,79.0,0.0,0,317.13,0.0,1,1.11,0.32,SPY191231P00292000,292.0,0,0.0,0.0,,0.0,normalDay
2019-12-13,3393.0,85.0,0.0,0,317.32,0.0,1,1.11,0.26,SPY191231P00292000,292.0,0,0.0,0.0,,0.0,normalDay
2019-12-16,3393.0,94.0,0.0,0,319.5,0.0,1,1.11,0.17,SPY191231P00292000,292.0,0,0.0,0.0,,0.0,normalDay
2019-12-17,3393.0,97.0,0.0,0,319.57,0.0,1,1.11,0.14,SPY191231P00292000,292.0,0,0.0,0.0,,0.0,normalDay
2019-12-18,3393.0,100.0,0.0,0,319.59,0.0,1,1.11,0.11,SPY191231P00292000,292.0,0,0.0,0.0,,0.0,normalDay
2019-12-19,3393.0,103.0,0.0,0,320.9,0.0,1,1.11,0.08,SPY191231P00292000,292.0,0,0.0,0.0,,0.0,normalDay
2019-12-20,3393.0,105.0,0.0,0,320.73,0.0,1,1.11,0.06,SPY191231P00292000,292.0,0,0.0,0.0,,0.0,normalDay
2019-12-23,3393.0,108.0,0.0,0,321.22,0.0,1,1.11,0.03,SPY191231P00292000,292.0,0,0.0,0.0,,0.0,normalDay
2019-12-24,3393.0,109.0,0.0,0,321.23,0.0,1,1.11,0.02,SPY191231P00292000,292.0,0,0.0,0.0,,0.0,normalDay
2019-12-26,3393.0,110.0,0.0,0,322.94,0.0,1,1.11,0.01,SPY191231P00292000,292.0,0,0.0,0.0,,0.0,normalDay
2019-12-27,3393.0,110.0,0.0,0,322.86,0.0,1,1.11,0.01,SPY191231P00292000,292.0,0,0.0,0.0,,0.0,normalDay
2019-12-30,3393.0,110.0,0.0,0,321.08,0.0,1,1.11,0.01,SPY191231P00292000,292.0,0,0.0,0.0,,0.0,normalDay
2019-12-31,3504.0,0.0,111.0,0,321.86,0.0,1,1.11,0.0,SPY191231P00292000,292.0,0,0.0,0.0,,0.0,expirationDay
2020-01-02,3504.0,-3.0,0.0,0,324.87,0.0,1,1.42,1.45,SPY200221P00305000,305.0,0,0.0,0.0,,0.0,normalDay
2020-01-03,3504.0,-55.0,0.0,0,322.41,0.0,1,1.42,1.97,SPY200221P00305000,305.0,0,0.0,0.0,,0.0,normalDay
2020-01-06,3504.0,-20.0,0.0,0,323.64,0.0,1,1.42,1.62,SPY200221P00305000,305.0,0,0.0,0.0,,0.0,normalDay
2020-01-07,3504.0,-29.0,0.0,0,322.73,0.0,1,1.42,1.71,SPY200221P00305000,305.0,0,0.0,0.0,,0.0,normalDay
2020-01-08,3504.0,4.0,0.0,0,324.45,0.0,1,1.42,1.38,SPY200221P00305000,305.0,0,0.0,0.0,,0.0,normalDay
2020-01-09,3504.0,35.0,0.0,0,326.65,0.0,1,1.42,1.07,SPY200221P00305000,305.0,0,0.0,0.0,,0.0,normalDay
2020-01-10,3504.0,30.0,0.0,0,325.71,0.0,1,1.42,1.12,SPY200221P00305000,305.0,0,0.0,0.0,,0.0,normalDay
2020-01-13,3504.0,61.0,0.0,0,327.95,0.0,1,1.42,0.81,SPY200221P00305000,305.0,0,0.0,0.0,,0.0,normalDay
2020-01-14,3504.0,63.0,0.0,0,327.45,0.0,1,1.42,0.79,SPY200221P00305000,305.0,0,0.0,0.0,,0.0,normalDay
2020-01-15,3504.0,70.0,0.0,0,328.19,0.0,1,1.42,0.72,SPY200221P00305000,305.0,0,0.0,0.0,,0.0,normalDay
2020-01-16,3504.0,83.0,0.0,0,330.92,0.0,1,1.42,0.59,SPY200221P00305000,305.0,0,0.0,0.0,,0.0,normalDay
2020-01-17,3504.0,91.0,0.0,0,331.95,0.0,1,1.42,0.51,SPY200221P00305000,305.0,0,0.0,0.0,,0.0,normalDay
2020-01-21,3504.0,91.0,0.0,0,331.3,0.0,1,1.42,0.51,SPY200221P00305000,305.0,0,0.0,0.0,,0.0,normalDay
2020-01-22,3504.0,93.0,0.0,0,331.34,0.0,1,1.42,0.49,SPY200221P00305000,305.0,0,0.0,0.0,,0.0,normalDay
2020-01-23,3504.0,95.0,0.0,0,331.72,0.0,1,1.42,0.47,SPY200221P00305000,305.0,0,0.0,0.0,,0.0,normalDay
2020-01-24,3504.0,73.0,0.0,0,328.77,0.0,1,1.42,0.69,SPY200221P00305000,305.0,0,0.0,0.0,,0.0,normalDay
2020-01-27,3504.0,-5.0,0.0,0,323.5,0.0,1,1.42,1.47,SPY200221P00305000,305.0,0,0.0,0.0,,0.0,normalDay
2020-01-28,3504.0,60.0,0.0,0,326.89,0.0,1,1.42,0.82,SPY200221P00305000,305.0,0,0.0,0.0,,0.0,normalDay
2020-01-29,3504.0,63.0,0.0,0,326.62,0.0,1,1.42,0.79,SPY200221P00305000,305.0,0,0.0,0.0,,0.0,normalDay
2020-01-30,3504.0,91.0,0.0,0,327.68,0.0,1,1.42,0.51,SPY200221P00305000,305.0,0,0.0,0.0,,0.0,normalDay
2020-01-31,3504.0,13.0,0.0,0,321.73,0.0,1,1.42,1.29,SPY200221P00305000,305.0,0,0.0,0.0,,0.0,normalDay
2020-02-03,3504.0,60.0,0.0,0,324.12,0.0,1,1.42,0.82,SPY200221P00305000,305.0,0,0.0,0.0,,0.0,normalDay
2020-02-04,3504.0,111.0,0.0,0,329.06,0.0,1,1.42,0.31,SPY200221P00305000,305.0,0,0.0,0.0,,0.0,normalDay
2020-02-05,3504.0,124.0,0.0,0,332.86,0.0,1,1.42,0.18,SPY200221P00305000,305.0,0,0.0,0.0,,0.0,normalDay
2020-02-06,3504.0,125.0,0.0,0,333.98,0.0,1,1.42,0.17,SPY200221P00305000,305.0,0,0.0,0.0,,0.0,normalDay
2020-02-07,3504.0,125.0,0.0,0,332.2,0.0,1,1.42,0.17,SPY200221P00305000,305.0,0,0.0,0.0,,0.0,normalDay
2020-02-10,3504.0,132.0,0.0,0,334.68,0.0,1,1.42,0.1,SPY200221P00305000,305.0,0,0.0,0.0,,0.0,normalDay
2020-02-11,3504.0,134.0,0.0,0,335.26,0.0,1,1.42,0.08,SPY200221P00305000,305.0,0,0.0,0.0,,0.0,normalDay
2020-02-12,3504.0,138.0,0.0,0,337.42,0.0,1,1.42,0.04,SPY200221P00305000,305.0,0,0.0,0.0,,0.0,normalDay
2020-02-13,3504.0,138.0,0.0,0,337.06,0.0,1,1.42,0.04,SPY200221P00305000,305.0,0,0.0,0.0,,0.0,normalDay
2020-02-14,3504.0,139.0,0.0,0,337.6,0.0,1,1.42,0.03,SPY200221P00305000,305.0,0,0.0,0.0,,0.0,normalDay
2020-02-18,3504.0,140.0,0.0,0,336.73,0.0,1,1.42,0.02,SPY200221P00305000,305.0,0,0.0,0.0,,0.0,normalDay
2020-02-19,3504.0,141.0,0.0,0,338.34,0.0,1,1.42,0.01,SPY200221P00305000,305.0,0,0.0,0.0,,0.0,normalDay
2020-02-20,3504.0,141.0,0.0,0,336.95,0.0,1,1.42,0.01,SPY200221P00305000,305.0,0,0.0,0.0,,0.0,normalDay
2020-02-21,3646.0,0.0,142.0,0,333.48,0.0,1,1.42,0.0,SPY200221P00305000,305.0,0,0.0,0.0,,0.0,expirationDay
2020-02-24,3646.0,-6.0,0.0,0,322.42,0.0,1,6.65,6.71,SPY200417P00312000,312.0,0,0.0,0.0,,0.0,normalDay
2020-02-25,3646.0,-365.0,0.0,0,312.65,0.0,1,6.65,10.3,SPY200417P00312000,312.0,0,0.0,0.0,,0.0,normalDay
2020-02-26,3646.0,-437.0,0.0,0,311.5,0.0,1,6.65,11.02,SPY200417P00312000,312.0,0,0.0,0.0,,0.0,normalDay
2020-02-27,3646.0,-1463.0,0.0,0,297.51,0.0,1,6.65,21.28,SPY200417P00312000,312.0,0,0.0,0.0,,0.0,normalDay
2020-02-28,3646.0,-1533.0,0.0,0,296.26,0.0,1,6.65,21.98,SPY200417P00312000,312.0,0,0.0,0.0,,0.0,normalDay
2020-03-02,3646.0,-620.0,0.0,0,309.09,0.0,1,6.65,12.85,SPY200417P00312000,312.0,0,0.0,0.0,,0.0,normalDay
2020-03-03,3646.0,-1109.0,0.0,0,300.24,0.0,1,6.65,17.74,SPY200417P00312000,312.0,0,0.0,0.0,,0.0,normalDay
2020-03-04,3646.0,-485.0,0.0,0,312.86,0.0,1,6.65,11.5,SPY200417P00312000,312.0,0,0.0,0.0,,0.0,normalDay
2020-03-05,3646.0,-1181.0,0.0,0,302.46,0.0,1,6.65,18.46,SPY200417P00312000,312.0,0,0.0,0.0,,0.0,normalDay
2020-03-06,3646.0,-1555.0,0.0,0,297.46,0.0,1,6.65,22.2,SPY200417P00312000,312.0,0,0.0,0.0,,0.0,normalDay
2020-03-09,3646.0,-3498.0,0.0,0,274.23,0.0,1,6.65,41.63,SPY200417P00312000,312.0,0,0.0,0.0,,0.0,normalDay
2020-03-10,3646.0,-2215.0,0.0,0,288.42,0.0,1,6.65,28.8,SPY200417P00312000,312.0,0,0.0,0.0,,0.0,normalDay
2020-03-11,3646.0,-3419.0,0.0,0,274.36,0.0,1,6.65,40.84,SPY200417P00312000,312.0,0,0.0,0.0,,0.0,normalDay
2020-03-12,3646.0,-5909.0,0.0,0,248.11,0.0,1,6.65,65.74,SPY200417P00312000,312.0,0,0.0,0.0,,0.0,normalDay
2020-03-13,3646.0,-3902.0,0.0,0,269.32,0.0,1,6.65,45.67,SPY200417P00312000,312.0,0,0.0,0.0,,0.0,normalDay
2020-03-16,3646.0,-6418.0,0.0,0,239.85,0.0,1,6.65,70.83,SPY200417P00312000,312.0,0,0.0,0.0,,0.0,normalDay
2020-03-17,3646.0,-5597.0,0.0,0,252.8,0.0,1,6.65,62.62,SPY200417P00312000,312.0,0,0.0,0.0,,0.0,normalDay
2020-03-18,3646.0,-6689.0,0.0,0,240.0,0.0,1,6.65,73.54,SPY200417P00312000,312.0,0,0.0,0.0,,0.0,normalDay
2020-03-19,3646.0,-6694.0,0.0,0,240.51,0.0,1,6.65,73.59,SPY200417P00312000,312.0,0,0.0,0.0,,0.0,normalDay
2020-03-20,3646.0,-7648.0,0.0,0,228.8,0.0,1,6.65,83.13,SPY200417P00312000,312.0,0,0.0,0.0,,0.0,normalDay
2020-03-23,3646.0,-8446.0,0.0,0,222.95,0.0,1,6.65,91.11,SPY200417P00312000,312.0,0,0.0,0.0,,0.0,normalDay
2020-03-24,3646.0,-6325.0,0.0,0,243.15,0.0,1,6.65,69.9,SPY200417P00312000,312.0,0,0.0,0.0,,0.0,normalDay
2020-03-25,3646.0,-5861.0,0.0,0,246.79,0.0,1,6.65,65.26,SPY200417P00312000,312.0,0,0.0,0.0,,0.0,normalDay
2020-03-26,3646.0,-4511.0,0.0,0,261.2,0.0,1,6.65,51.76,SPY200417P00312000,312.0,0,0.0,0.0,,0.0,normalDay
2020-03-27,3646.0,-5291.0,0.0,0,253.42,0.0,1,6.65,59.56,SPY200417P00312000,312.0,0,0.0,0.0,,0.0,normalDay
2020-03-30,3646.0,-4495.0,0.0,0,261.65,0.0,1,6.65,51.6,SPY200417P00312000,312.0,0,0.0,0.0,,0.0,normalDay
2020-03-31,3646.0,-4891.0,0.0,0,257.75,0.0,1,6.65,55.56,SPY200417P00312000,312.0,0,0.0,0.0,,0.0,normalDay
2020-04-01,3646.0,-5971.0,0.0,0,246.15,0.0,1,6.65,66.36,SPY200417P00312000,312.0,0,0.0,0.0,,0.0,normalDay
2020-04-02,3646.0,-5307.0,0.0,0,251.83,0.0,1,6.65,59.72,SPY200417P00312000,312.0,0,0.0,0.0,,0.0,normalDay
2020-04-03,3646.0,-5712.0,0.0,0,248.19,0.0,1,6.65,63.77,SPY200417P00312000,312.0,0,0.0,0.0,,0.0,normalDay
2020-04-06,3646.0,-4045.0,0.0,0,264.86,0.0,1,6.65,47.1,SPY200417P00312000,312.0,0,0.0,0.0,,0.0,normalDay
2020-04-07,3646.0,-4146.0,0.0,0,265.13,0.0,1,6.65,48.11,SPY200417P00312000,312.0,0,0.0,0.0,,0.0,normalDay
2020-04-08,3646.0,-3157.0,0.0,0,274.03,0.0,1,6.65,38.22,SPY200417P00312000,312.0,0,0.0,0.0,,0.0,normalDay
2020-04-09,3646.0,-2745.0,0.0,0,278.2,0.0,1,6.65,34.1,SPY200417P00312000,312.0,0,0.0,0.0,,0.0,normalDay
2020-04-13,3646.0,-2984.0,0.0,0,275.66,0.0,1,6.65,36.49,SPY200417P00312000,312.0,0,0.0,0.0,,0.0,normalDay
2020-04-14,3646.0,-2148.0,0.0,0,283.79,0.0,1,6.65,28.13,SPY200417P00312000,312.0,0,0.0,0.0,,0.0,normalDay
2020-04-15,3646.0,-2781.0,0.0,0,277.76,0.0,1,6.65,34.46,SPY200417P00312000,312.0,0,0.0,0.0,,0.0,normalDay
2020-04-16,3646.0,-2629.0,0.0,0,279.1,0.0,1,6.65,32.94,SPY200417P00312000,312.0,0,0.0,0.0,,0.0,normalDay
2020-04-17,4311.0,-2536.0,665.0,100,286.64,312.0,1,6.65,0.0,SPY200417P00312000,312.0,0,0.0,0.0,,0.0,expirationDay
2020-04-20,4311.0,-3108.0,0.0,100,281.59,312.0,0,0.0,0.0,,0.0,1,29.99,30.66,SPY201120C00276000,276.0,normalDay
2020-04-21,4311.0,-3560.0,0.0,100,273.04,312.0,0,0.0,0.0,,0.0,1,29.99,26.63,SPY201120C00276000,276.0,normalDay
2020-04-22,4311.0,-3231.0,0.0,100,279.1,312.0,0,0.0,0.0,,0.0,1,29.99,29.4,SPY201120C00276000,276.0,normalDay
2020-04-23,4311.0,-3212.0,0.0,100,279.08,312.0,0,0.0,0.0,,0.0,1,29.99,29.19,SPY201120C00276000,276.0,normalDay
2020-04-24,4311.0,-2947.0,0.0,100,282.97,312.0,0,0.0,0.0,,0.0,1,29.99,30.43,SPY201120C00276000,276.0,normalDay
2020-04-27,4311.0,-2683.0,0.0,100,287.05,312.0,0,0.0,0.0,,0.0,1,29.99,31.87,SPY201120C00276000,276.0,normalDay
2020-04-28,4311.0,-2730.0,0.0,100,285.73,312.0,0,0.0,0.0,,0.0,1,29.99,31.02,SPY201120C00276000,276.0,normalDay
2020-04-29,4311.0,-2394.0,0.0,100,293.21,312.0,0,0.0,0.0,,0.0,1,29.99,35.14,SPY201120C00276000,276.0,normalDay
2020-04-30,4311.0,-2460.0,0.0,100,290.48,312.0,0,0.0,0.0,,0.0,1,29.99,33.07,SPY201120C00276000,276.0,normalDay
2020-05-01,4311.0,-2870.0,0.0,100,282.79,312.0,0,0.0,0.0,,0.0,1,29.99,29.48,SPY201120C00276000,276.0,normalDay
2020-05-04,4311.0,-2763.0,0.0,100,283.57,312.0,0,0.0,0.0,,0.0,1,29.99,29.19,SPY201120C00276000,276.0,normalDay
2020-05-05,4311.0,-2659.0,0.0,100,286.19,312.0,0,0.0,0.0,,0.0,1,29.99,30.77,SPY201120C00276000,276.0,normalDay
2020-05-06,4311.0,-2710.0,0.0,100,284.25,312.0,0,0.0,0.0,,0.0,1,29.99,29.34,SPY201120C00276000,276.0,normalDay
2020-05-07,4311.0,-2574.0,0.0,100,287.68,312.0,0,0.0,0.0,,0.0,1,29.99,31.41,SPY201120C00276000,276.0,normalDay
2020-05-08,4311.0,-2328.0,0.0,100,292.44,312.0,0,0.0,0.0,,0.0,1,29.99,33.71,SPY201120C00276000,276.0,normalDay
2020-05-11,4311.0,-2272.0,0.0,100,292.5,312.0,0,0.0,0.0,,0.0,1,29.99,33.21,SPY201120C00276000,276.0,normalDay
2020-05-12,4311.0,-2441.0,0.0,100,286.67,312.0,0,0.0,0.0,,0.0,1,29.99,29.07,SPY201120C00276000,276.0,normalDay
2020-05-13,4311.0,-2788.0,0.0,100,281.6,312.0,0,0.0,0.0,,0.0,1,29.99,27.47,SPY201120C00276000,276.0,normalDay
2020-05-14,4311.0,-2618.0,0.0,100,284.97,312.0,0,0.0,0.0,,0.0,1,29.99,29.14,SPY201120C00276000,276.0,normalDay
2020-05-15,4311.0,-2452.0,0.0,100,286.28,312.0,0,0.0,0.0,,0.0,1,29.99,28.79,SPY201120C00276000,276.0,normalDay
2020-05-18,4311.0,-2132.0,0.0,100,295.0,312.0,0,0.0,0.0,,0.0,1,29.99,34.31,SPY201120C00276000,276.0,normalDay
2020-05-19,4311.0,-2270.0,0.0,100,291.97,312.0,0,0.0,0.0,,0.0,1,29.99,32.66,SPY201120C00276000,276.0,normalDay
2020-05-20,4311.0,-2059.0,0.0,100,296.93,312.0,0,0.0,0.0,,0.0,1,29.99,35.51,SPY201120C00276000,276.0,normalDay
2020-05-21,4311.0,-2117.0,0.0,100,294.88,312.0,0,0.0,0.0,,0.0,1,29.99,34.04,SPY201120C00276000,276.0,normalDay
2020-05-22,4311.0,-2103.0,0.0,100,295.44,312.0,0,0.0,0.0,,0.0,1,29.99,34.46,SPY201120C00276000,276.0,normalDay
2020-05-26,4311.0,-1963.0,0.0,100,299.08,312.0,0,0.0,0.0,,0.0,1,29.99,36.7,SPY201120C00276000,276.0,normalDay
2020-05-27,4311.0,-1802.0,0.0,100,303.53,312.0,0,0.0,0.0,,0.0,1,29.99,39.54,SPY201120C00276000,276.0,normalDay
2020-05-28,4311.0,-1884.0,0.0,100,302.97,312.0,0,0.0,0.0,,0.0,1,29.99,39.8,SPY201120C00276000,276.0,normalDay
2020-05-29,4311.0,-1822.0,0.0,100,304.32,312.0,0,0.0,0.0,,0.0,1,29.99,40.53,SPY201120C00276000,276.0,normalDay
2020-06-01,4311.0,-1716.0,0.0,100,305.55,312.0,0,0.0,0.0,,0.0,1,29.99,40.7,SPY201120C00276000,276.0,normalDay
2020-06-02,4311.0,-1611.0,0.0,100,308.08,312.0,0,0.0,0.0,,0.0,1,29.99,42.18,SPY201120C00276000,276.0,normalDay
2020-06-03,4311.0,-1516.0,0.0,100,312.18,312.0,0,0.0,0.0,,0.0,1,29.99,45.33,SPY201120C00276000,276.0,normalDay
2020-06-04,4311.0,-1536.0,0.0,100,311.36,312.0,0,0.0,0.0,,0.0,1,29.99,44.71,SPY201120C00276000,276.0,normalDay
2020-06-05,4311.0,-1328.0,0.0,100,319.34,312.0,0,0.0,0.0,,0.0,1,29.99,50.61,SPY201120C00276000,276.0,normalDay
2020-06-08,4311.0,-1234.0,0.0,100,323.2,312.0,0,0.0,0.0,,0.0,1,29.99,53.53,SPY201120C00276000,276.0,normalDay
2020-06-09,4311.0,-1434.0,0.0,100,320.79,312.0,0,0.0,0.0,,0.0,1,29.99,53.12,SPY201120C00276000,276.0,normalDay
2020-06-10,4311.0,-1385.0,0.0,100,319.0,312.0,0,0.0,0.0,,0.0,1,29.99,50.84,SPY201120C00276000,276.0,normalDay
2020-06-11,4311.0,-2235.0,0.0,100,300.61,312.0,0,0.0,0.0,,0.0,1,29.99,40.95,SPY201120C00276000,276.0,normalDay
2020-06-12,4311.0,-1967.0,0.0,100,304.21,312.0,0,0.0,0.0,,0.0,1,29.99,41.87,SPY201120C00276000,276.0,normalDay
2020-06-15,4311.0,-1874.0,0.0,100,307.05,312.0,0,0.0,0.0,,0.0,1,29.99,43.78,SPY201120C00276000,276.0,normalDay
2020-06-16,4311.0,-1712.0,0.0,100,312.96,312.0,0,0.0,0.0,,0.0,1,29.99,48.07,SPY201120C00276000,276.0,normalDay
2020-06-17,4311.0,-1785.0,0.0,100,311.66,312.0,0,0.0,0.0,,0.0,1,29.99,47.5,SPY201120C00276000,276.0,normalDay
2020-06-18,4311.0,-1737.0,0.0,100,311.78,312.0,0,0.0,0.0,,0.0,1,29.99,47.14,SPY201120C00276000,276.0,normalDay
2020-06-19,4311.0,-1852.0,0.0,100,308.64,312.0,0,0.0,0.0,,0.0,1,29.99,45.15,SPY201120C00276000,276.0,normalDay
2020-06-22,4311.0,-1783.0,0.0,100,310.62,312.0,0,0.0,0.0,,0.0,1,29.99,46.44,SPY201120C00276000,276.0,normalDay
2020-06-23,4311.0,-1705.0,0.0,100,312.05,312.0,0,0.0,0.0,,0.0,1,29.99,47.09,SPY201120C00276000,276.0,normalDay
2020-06-24,4311.0,-1997.0,0.0,100,304.09,312.0,0,0.0,0.0,,0.0,1,29.99,42.05,SPY201120C00276000,276.0,normalDay
2020-06-25,4311.0,-1827.0,0.0,100,307.35,312.0,0,0.0,0.0,,0.0,1,29.99,43.61,SPY201120C00276000,276.0,normalDay
2020-06-26,4311.0,-2110.0,0.0,100,300.05,312.0,0,0.0,0.0,,0.0,1,29.99,39.14,SPY201120C00276000,276.0,normalDay
2020-06-29,4311.0,-1859.0,0.0,100,304.46,312.0,0,0.0,0.0,,0.0,1,29.99,41.04,SPY201120C00276000,276.0,normalDay
2020-06-30,4311.0,-1678.0,0.0,100,308.36,312.0,0,0.0,0.0,,0.0,1,29.99,43.13,SPY201120C00276000,276.0,normalDay
2020-07-01,4311.0,-1595.0,0.0,100,310.52,312.0,0,0.0,0.0,,0.0,1,29.99,44.46,SPY201120C00276000,276.0,normalDay
2020-07-02,4311.0,-1573.0,0.0,100,312.23,312.0,0,0.0,0.0,,0.0,1,29.99,45.95,SPY201120C00276000,276.0,normalDay
2020-07-06,4311.0,-1432.0,0.0,100,317.05,312.0,0,0.0,0.0,,0.0,1,29.99,49.36,SPY201120C00276000,276.0,normalDay
2020-07-07,4311.0,-1543.0,0.0,100,313.78,312.0,0,0.0,0.0,,0.0,1,29.99,47.2,SPY201120C00276000,276.0,normalDay
2020-07-08,4311.0,-1466.0,0.0,100,316.18,312.0,0,0.0,0.0,,0.0,1,29.99,48.83,SPY201120C00276000,276.0,normalDay
2020-07-09,4311.0,-1512.0,0.0,100,314.38,312.0,0,0.0,0.0,,0.0,1,29.99,47.49,SPY201120C00276000,276.0,normalDay
2020-07-10,4311.0,-1438.0,0.0,100,317.59,312.0,0,0.0,0.0,,0.0,1,29.99,49.96,SPY201120C00276000,276.0,normalDay
2020-07-13,4311.0,-1568.0,0.0,100,314.84,312.0,0,0.0,0.0,,0.0,1,29.99,48.51,SPY201120C00276000,276.0,normalDay
2020-07-14,4311.0,-1395.0,0.0,100,318.92,312.0,0,0.0,0.0,,0.0,1,29.99,50.86,SPY201120C00276000,276.0,normalDay
2020-07-15,4311.0,-1352.0,0.0,100,321.85,312.0,0,0.0,0.0,,0.0,1,29.99,53.36,SPY201120C00276000,276.0,normalDay
2020-07-16,4311.0,-1264.0,0.0,100,320.79,312.0,0,0.0,0.0,,0.0,1,29.99,51.42,SPY201120C00276000,276.0,normalDay
2020-07-17,4311.0,-1307.0,0.0,100,321.72,312.0,0,0.0,0.0,,0.0,1,29.99,52.78,SPY201120C00276000,276.0,normalDay
2020-07-20,4311.0,-1218.0,0.0,100,324.32,312.0,0,0.0,0.0,,0.0,1,29.99,54.49,SPY201120C00276000,276.0,normalDay
2020-07-21,4311.0,-1209.0,0.0,100,325.01,312.0,0,0.0,0.0,,0.0,1,29.99,55.09,SPY201120C00276000,276.0,normalDay
2020-07-22,4311.0,-1135.0,0.0,100,326.86,312.0,0,0.0,0.0,,0.0,1,29.99,56.2,SPY201120C00276000,276.0,normalDay
2020-07-23,4311.0,-1159.0,0.0,100,322.96,312.0,0,0.0,0.0,,0.0,1,29.99,52.54,SPY201120C00276000,276.0,normalDay
2020-07-24,4311.0,-1239.0,0.0,100,320.88,312.0,0,0.0,0.0,,0.0,1,29.99,51.26,SPY201120C00276000,276.0,normalDay
2020-07-27,4311.0,-1190.0,0.0,100,323.22,312.0,0,0.0,0.0,,0.0,1,29.99,53.11,SPY201120C00276000,276.0,normalDay
2020-07-28,4311.0,-1207.0,0.0,100,321.17,312.0,0,0.0,0.0,,0.0,1,29.99,51.23,SPY201120C00276000,276.0,normalDay
2020-07-29,4311.0,-1133.0,0.0,100,325.12,312.0,0,0.0,0.0,,0.0,1,29.99,54.44,SPY201120C00276000,276.0,normalDay
2020-07-30,4311.0,-1200.0,0.0,100,323.96,312.0,0,0.0,0.0,,0.0,1,29.99,53.95,SPY201120C00276000,276.0,normalDay
2020-07-31,4311.0,-1148.0,0.0,100,326.52,312.0,0,0.0,0.0,,0.0,1,29.99,55.99,SPY201120C00276000,276.0,normalDay
2020-08-03,4311.0,-1077.0,0.0,100,328.79,312.0,0,0.0,0.0,,0.0,1,29.99,57.55,SPY201120C00276000,276.0,normalDay
2020-08-04,4311.0,-1018.0,0.0,100,330.06,312.0,0,0.0,0.0,,0.0,1,29.99,58.23,SPY201120C00276000,276.0,normalDay
2020-08-05,4311.0,-984.0,0.0,100,332.11,312.0,0,0.0,0.0,,0.0,1,29.99,59.94,SPY201120C00276000,276.0,normalDay
2020-08-06,4311.0,-989.0,0.0,100,334.33,312.0,0,0.0,0.0,,0.0,1,29.99,62.21,SPY201120C00276000,276.0,normalDay
2020-08-07,4311.0,-965.0,0.0,100,334.57,312.0,0,0.0,0.0,,0.0,1,29.99,62.21,SPY201120C00276000,276.0,normalDay
2020-08-10,4311.0,-916.0,0.0,100,335.57,312.0,0,0.0,0.0,,0.0,1,29.99,62.72,SPY201120C00276000,276.0,normalDay
2020-08-11,4311.0,-990.0,0.0,100,332.8,312.0,0,0.0,0.0,,0.0,1,29.99,60.69,SPY201120C00276000,276.0,normalDay
2020-08-12,4311.0,-910.0,0.0,100,337.44,312.0,0,0.0,0.0,,0.0,1,29.99,64.53,SPY201120C00276000,276.0,normalDay
2020-08-13,4311.0,-896.0,0.0,100,336.83,312.0,0,0.0,0.0,,0.0,1,29.99,63.78,SPY201120C00276000,276.0,normalDay
2020-08-14,4311.0,-897.0,0.0,100,336.84,312.0,0,0.0,0.0,,0.0,1,29.99,63.8,SPY201120C00276000,276.0,normalDay
2020-08-17,4311.0,-869.0,0.0,100,337.91,312.0,0,0.0,0.0,,0.0,1,29.99,64.59,SPY201120C00276000,276.0,normalDay
2020-08-18,4311.0,-860.0,0.0,100,338.64,312.0,0,0.0,0.0,,0.0,1,29.99,65.23,SPY201120C00276000,276.0,normalDay
2020-08-19,4311.0,-882.0,0.0,100,337.23,312.0,0,0.0,0.0,,0.0,1,29.99,64.04,SPY201120C00276000,276.0,normalDay
2020-08-20,4311.0,-853.0,0.0,100,338.28,312.0,0,0.0,0.0,,0.0,1,29.99,64.8,SPY201120C00276000,276.0,normalDay
2020-08-21,4311.0,-869.0,0.0,100,339.48,312.0,0,0.0,0.0,,0.0,1,29.99,66.16,SPY201120C00276000,276.0,normalDay
2020-08-24,4311.0,-811.0,0.0,100,342.92,312.0,0,0.0,0.0,,0.0,1,29.99,69.02,SPY201120C00276000,276.0,normalDay
2020-08-25,4311.0,-825.0,0.0,100,344.12,312.0,0,0.0,0.0,,0.0,1,29.99,70.36,SPY201120C00276000,276.0,normalDay
2020-08-26,4311.0,-823.0,0.0,100,347.57,312.0,0,0.0,0.0,,0.0,1,29.99,73.79,SPY201120C00276000,276.0,normalDay
2020-08-27,4311.0,-851.0,0.0,100,348.33,312.0,0,0.0,0.0,,0.0,1,29.99,74.83,SPY201120C00276000,276.0,normalDay
2020-08-28,4311.0,-806.0,0.0,100,350.58,312.0,0,0.0,0.0,,0.0,1,29.99,76.63,SPY201120C00276000,276.0,normalDay
2020-08-31,4311.0,-895.0,0.0,100,349.31,312.0,0,0.0,0.0,,0.0,1,29.99,76.25,SPY201120C00276000,276.0,normalDay
2020-09-01,4311.0,-831.0,0.0,100,352.6,312.0,0,0.0,0.0,,0.0,1,29.99,78.9,SPY201120C00276000,276.0,normalDay
2020-09-02,4311.0,-841.0,0.0,100,357.7,312.0,0,0.0,0.0,,0.0,1,29.99,84.1,SPY201120C00276000,276.0,normalDay
2020-09-03,4311.0,-1059.0,0.0,100,345.39,312.0,0,0.0,0.0,,0.0,1,29.99,73.97,SPY201120C00276000,276.0,normalDay
2020-09-04,4311.0,-887.0,0.0,100,342.57,312.0,0,0.0,0.0,,0.0,1,29.99,69.43,SPY201120C00276000,276.0,normalDay
2020-09-08,4311.0,-943.0,0.0,100,333.21,312.0,0,0.0,0.0,,0.0,1,29.99,60.63,SPY201120C00276000,276.0,normalDay
2020-09-09,4311.0,-795.0,0.0,100,339.79,312.0,0,0.0,0.0,,0.0,1,29.99,65.73,SPY201120C00276000,276.0,normalDay
2020-09-10,4311.0,-882.0,0.0,100,333.89,312.0,0,0.0,0.0,,0.0,1,29.99,60.7,SPY201120C00276000,276.0,normalDay
2020-09-11,4311.0,-736.0,0.0,100,334.06,312.0,0,0.0,0.0,,0.0,1,29.99,59.41,SPY201120C00276000,276.0,normalDay
2020-09-14,4311.0,-769.0,0.0,100,338.46,312.0,0,0.0,0.0,,0.0,1,29.99,64.14,SPY201120C00276000,276.0,normalDay
2020-09-15,4311.0,-774.0,0.0,100,340.17,312.0,0,0.0,0.0,,0.0,1,29.99,65.9,SPY201120C00276000,276.0,normalDay
2020-09-16,4311.0,-735.0,0.0,100,338.82,312.0,0,0.0,0.0,,0.0,1,29.99,64.16,SPY201120C00276000,276.0,normalDay
2020-09-17,4311.0,-760.0,0.0,100,335.84,312.0,0,0.0,0.0,,0.0,1,29.99,61.43,SPY201120C00276000,276.0,normalDay
2020-09-18,4311.0,-851.0,0.0,100,330.65,312.0,0,0.0,0.0,,0.0,1,29.99,57.15,SPY201120C00276000,276.0,normalDay
2020-09-21,4311.0,-927.0,0.0,100,326.97,312.0,0,0.0,0.0,,0.0,1,29.99,54.23,SPY201120C00276000,276.0,normalDay
2020-09-22,4311.0,-823.0,0.0,100,330.3,312.0,0,0.0,0.0,,0.0,1,29.99,56.52,SPY201120C00276000,276.0,normalDay
2020-09-23,4311.0,-944.0,0.0,100,322.64,312.0,0,0.0,0.0,,0.0,1,29.99,50.07,SPY201120C00276000,276.0,normalDay
2020-09-24,4311.0,-939.0,0.0,100,323.5,312.0,0,0.0,0.0,,0.0,1,29.99,50.88,SPY201120C00276000,276.0,normalDay
2020-09-25,4311.0,-829.0,0.0,100,328.73,312.0,0,0.0,0.0,,0.0,1,29.99,55.01,SPY201120C00276000,276.0,normalDay
2020-09-28,4311.0,-788.0,0.0,100,334.19,312.0,0,0.0,0.0,,0.0,1,29.99,60.06,SPY201120C00276000,276.0,normalDay
2020-09-29,4311.0,-859.0,0.0,100,332.37,312.0,0,0.0,0.0,,0.0,1,29.99,58.95,SPY201120C00276000,276.0,normalDay
2020-09-30,4311.0,-668.0,0.0,100,334.89,312.0,0,0.0,0.0,,0.0,1,29.99,59.56,SPY201120C00276000,276.0,normalDay
2020-10-01,4311.0,-769.0,0.0,100,337.04,312.0,0,0.0,0.0,,0.0,1,29.99,62.72,SPY201120C00276000,276.0,normalDay
2020-10-02,4311.0,-781.0,0.0,100,333.84,312.0,0,0.0,0.0,,0.0,1,29.99,59.64,SPY201120C00276000,276.0,normalDay
2020-10-05,4311.0,-695.0,0.0,100,339.76,312.0,0,0.0,0.0,,0.0,1,29.99,64.7,SPY201120C00276000,276.0,normalDay
2020-10-06,4311.0,-800.0,0.0,100,334.93,312.0,0,0.0,0.0,,0.0,1,29.99,60.92,SPY201120C00276000,276.0,normalDay
2020-10-07,4311.0,-699.0,0.0,100,340.76,312.0,0,0.0,0.0,,0.0,1,29.99,65.74,SPY201120C00276000,276.0,normalDay
2020-10-08,4311.0,-669.0,0.0,100,343.78,312.0,0,0.0,0.0,,0.0,1,29.99,68.46,SPY201120C00276000,276.0,normalDay
2020-10-09,4311.0,-685.0,0.0,100,346.85,312.0,0,0.0,0.0,,0.0,1,29.99,71.69,SPY201120C00276000,276.0,normalDay
2020-10-12,4311.0,-690.0,0.0,100,352.43,312.0,0,0.0,0.0,,0.0,1,29.99,77.32,SPY201120C00276000,276.0,normalDay
2020-10-13,4311.0,-673.0,0.0,100,350.13,312.0,0,0.0,0.0,,0.0,1,29.99,74.85,SPY201120C00276000,276.0,normalDay
2020-10-14,4311.0,-670.0,0.0,100,347.93,312.0,0,0.0,0.0,,0.0,1,29.99,72.62,SPY201120C00276000,276.0,normalDay
2020-10-15,4311.0,-679.0,0.0,100,347.5,312.0,0,0.0,0.0,,0.0,1,29.99,72.28,SPY201120C00276000,276.0,normalDay
2020-10-16,4311.0,-633.0,0.0,100,347.29,312.0,0,0.0,0.0,,0.0,1,29.99,71.61,SPY201120C00276000,276.0,normalDay
2020-10-19,4311.0,-705.0,0.0,100,342.01,312.0,0,0.0,0.0,,0.0,1,29.99,67.05,SPY201120C00276000,276.0,normalDay
2020-10-20,4311.0,-659.0,0.0,100,343.38,312.0,0,0.0,0.0,,0.0,1,29.99,67.96,SPY201120C00276000,276.0,normalDay
2020-10-21,4311.0,-723.0,0.0,100,342.73,312.0,0,0.0,0.0,,0.0,1,29.99,67.95,SPY201120C00276000,276.0,normalDay
2020-10-22,4311.0,-641.0,0.0,100,344.61,312.0,0,0.0,0.0,,0.0,1,29.99,69.01,SPY201120C00276000,276.0,normalDay
2020-10-23,4311.0,-612.0,0.0,100,345.78,312.0,0,0.0,0.0,,0.0,1,29.99,69.89,SPY201120C00276000,276.0,normalDay
2020-10-26,4311.0,-713.0,0.0,100,339.39,312.0,0,0.0,0.0,,0.0,1,29.99,64.51,SPY201120C00276000,276.0,normalDay
2020-10-27,4311.0,-704.0,0.0,100,338.22,312.0,0,0.0,0.0,,0.0,1,29.99,63.25,SPY201120C00276000,276.0,normalDay
2020-10-28,4311.0,-777.0,0.0,100,326.66,312.0,0,0.0,0.0,,0.0,1,29.99,52.42,SPY201120C00276000,276.0,normalDay
2020-10-29,4311.0,-841.0,0.0,100,329.98,312.0,0,0.0,0.0,,0.0,1,29.99,56.38,SPY201120C00276000,276.0,normalDay
2020-10-30,4311.0,-841.0,0.0,100,326.54,312.0,0,0.0,0.0,,0.0,1,29.99,52.94,SPY201120C00276000,276.0,normalDay
2020-11-02,4311.0,-753.0,0.0,100,330.2,312.0,0,0.0,0.0,,0.0,1,29.99,55.72,SPY201120C00276000,276.0,normalDay
2020-11-03,4311.0,-622.0,0.0,100,336.03,312.0,0,0.0,0.0,,0.0,1,29.99,60.24,SPY201120C00276000,276.0,normalDay
2020-11-04,4311.0,-673.0,0.0,100,343.54,312.0,0,0.0,0.0,,0.0,1,29.99,68.26,SPY201120C00276000,276.0,normalDay
2020-11-05,4311.0,-669.0,0.0,100,350.24,312.0,0,0.0,0.0,,0.0,1,29.99,74.92,SPY201120C00276000,276.0,normalDay
2020-11-06,4311.0,-638.0,0.0,100,350.16,312.0,0,0.0,0.0,,0.0,1,29.99,74.53,SPY201120C00276000,276.0,normalDay
2020-11-09,4311.0,-740.0,0.0,100,354.56,312.0,0,0.0,0.0,,0.0,1,29.99,79.95,SPY201120C00276000,276.0,normalDay
2020-11-10,4311.0,-697.0,0.0,100,354.04,312.0,0,0.0,0.0,,0.0,1,29.99,79.0,SPY201120C00276000,276.0,normalDay
2020-11-11,4311.0,-696.0,0.0,100,356.67,312.0,0,0.0,0.0,,0.0,1,29.99,81.62,SPY201120C00276000,276.0,normalDay
2020-11-12,4311.0,-685.0,0.0,100,353.21,312.0,0,0.0,0.0,,0.0,1,29.99,78.05,SPY201120C00276000,276.0,normalDay
2020-11-13,4311.0,-636.0,0.0,100,358.1,312.0,0,0.0,0.0,,0.0,1,29.99,82.45,SPY201120C00276000,276.0,normalDay
2020-11-16,4311.0,-613.0,0.0,100,362.57,312.0,0,0.0,0.0,,0.0,1,29.99,86.69,SPY201120C00276000,276.0,normalDay
2020-11-17,4311.0,-634.0,0.0,100,360.62,312.0,0,0.0,0.0,,0.0,1,29.99,84.95,SPY201120C00276000,276.0,normalDay
2020-11-18,4311.0,-647.0,0.0,100,356.28,312.0,0,0.0,0.0,,0.0,1,29.99,80.74,SPY201120C00276000,276.0,normalDay
2020-11-19,4311.0,-638.0,0.0,100,357.78,312.0,0,0.0,0.0,,0.0,1,29.99,82.15,SPY201120C00276000,276.0,normalDay
2020-11-20,3710.0,-638.0,-601.0,0,355.33,0.0,0,0.0,0.0,,0.0,1,29.99,0.0,SPY201120C00276000,276.0,expirationDay
2020-11-23,3710.0,-3.0,0.0,0,357.46,0.0,1,1.91,1.94,SPY210115P00306000,306.0,0,0.0,0.0,,0.0,normalDay
2020-11-24,3710.0,43.0,0.0,0,363.22,0.0,1,1.91,1.48,SPY210115P00306000,306.0,0,0.0,0.0,,0.0,normalDay
2020-11-25,3710.0,56.0,0.0,0,362.66,0.0,1,1.91,1.35,SPY210115P00306000,306.0,0,0.0,0.0,,0.0,normalDay
2020-11-27,3710.0,73.0,0.0,0,363.67,0.0,1,1.91,1.18,SPY210115P00306000,306.0,0,0.0,0.0,,0.0,normalDay
2020-11-30,3710.0,84.0,0.0,0,362.06,0.0,1,1.91,1.07,SPY210115P00306000,306.0,0,0.0,0.0,,0.0,normalDay
2020-12-01,3710.0,90.0,0.0,0,366.02,0.0,1,1.91,1.01,SPY210115P00306000,306.0,0,0.0,0.0,,0.0,normalDay
2020-12-02,3710.0,93.0,0.0,0,366.79,0.0,1,1.91,0.98,SPY210115P00306000,306.0,0,0.0,0.0,,0.0,normalDay
2020-12-03,3710.0,91.0,0.0,0,366.69,0.0,1,1.91,1.0,SPY210115P00306000,306.0,0,0.0,0.0,,0.0,normalDay
2020-12-04,3710.0,115.0,0.0,0,369.85,0.0,1,1.91,0.76,SPY210115P00306000,306.0,0,0.0,0.0,,0.0,normalDay
2020-12-07,3710.0,119.0,0.0,0,369.09,0.0,1,1.91,0.72,SPY210115P00306000,306.0,0,0.0,0.0,,0.0,normalDay
2020-12-08,3710.0,133.0,0.0,0,370.17,0.0,1,1.91,0.58,SPY210115P00306000,306.0,0,0.0,0.0,,0.0,normalDay
2020-12-09,3710.0,121.0,0.0,0,366.85,0.0,1,1.91,0.7,SPY210115P00306000,306.0,0,0.0,0.0,,0.0,normalDay
2020-12-10,3710.0,122.0,0.0,0,366.73,0.0,1,1.91,0.69,SPY210115P00306000,306.0,0,0.0,0.0,,0.0,normalDay
2020-12-11,3710.0,114.0,0.0,0,366.3,0.0,1,1.91,0.77,SPY210115P00306000,306.0,0,0.0,0.0,,0.0,normalDay
2020-12-14,3710.0,107.0,0.0,0,364.66,0.0,1,1.91,0.84,SPY210115P00306000,306.0,0,0.0,0.0,,0.0,normalDay
2020-12-15,3710.0,130.0,0.0,0,369.59,0.0,1,1.91,0.61,SPY210115P00306000,306.0,0,0.0,0.0,,0.0,normalDay
2020-12-16,3710.0,136.0,0.0,0,370.17,0.0,1,1.91,0.55,SPY210115P00306000,306.0,0,0.0,0.0,,0.0,normalDay
2020-12-17,3710.0,145.0,0.0,0,372.24,0.0,1,1.91,0.46,SPY210115P00306000,306.0,0,0.0,0.0,,0.0,normalDay
2020-12-18,3710.0,148.0,0.0,0,369.18,0.0,1,1.91,0.43,SPY210115P00306000,306.0,0,0.0,0.0,,0.0,normalDay
2020-12-21,3710.0,133.0,0.0,0,367.86,0.0,1,1.91,0.58,SPY210115P00306000,306.0,0,0.0,0.0,,0.0,normalDay
2020-12-22,3710.0,141.0,0.0,0,367.24,0.0,1,1.91,0.5,SPY210115P00306000,306.0,0,0.0,0.0,,0.0,normalDay
2020-12-23,3710.0,148.0,0.0,0,367.57,0.0,1,1.91,0.43,SPY210115P00306000,306.0,0,0.0,0.0,,0.0,normalDay
2020-12-24,3710.0,159.0,0.0,0,369.0,0.0,1,1.91,0.32,SPY210115P00306000,306.0,0,0.0,0.0,,0.0,normalDay
2020-12-28,3710.0,169.0,0.0,0,372.17,0.0,1,1.91,0.22,SPY210115P00306000,306.0,0,0.0,0.0,,0.0,normalDay
2020-12-29,3710.0,165.0,0.0,0,371.46,0.0,1,1.91,0.26,SPY210115P00306000,306.0,0,0.0,0.0,,0.0,normalDay
2020-12-30,3710.0,169.0,0.0,0,371.99,0.0,1,1.91,0.22,SPY210115P00306000,306.0,0,0.0,0.0,,0.0,normalDay
2020-12-31,3710.0,170.0,0.0,0,373.88,0.0,1,1.91,0.21,SPY210115P00306000,306.0,0,0.0,0.0,,0.0,normalDay
2021-01-04,3710.0,169.0,0.0,0,368.79,0.0,1,1.91,0.22,SPY210115P00306000,306.0,0,0.0,0.0,,0.0,normalDay
2021-01-05,3710.0,177.0,0.0,0,371.33,0.0,1,1.91,0.14,SPY210115P00306000,306.0,0,0.0,0.0,,0.0,normalDay
2021-01-06,3710.0,173.0,0.0,0,373.55,0.0,1,1.91,0.18,SPY210115P00306000,306.0,0,0.0,0.0,,0.0,normalDay
2021-01-07,3710.0,184.0,0.0,0,379.1,0.0,1,1.91,0.07,SPY210115P00306000,306.0,0,0.0,0.0,,0.0,normalDay
2021-01-08,3710.0,188.0,0.0,0,381.26,0.0,1,1.91,0.03,SPY210115P00306000,306.0,0,0.0,0.0,,0.0,normalDay
2021-01-11,3710.0,188.0,0.0,0,378.69,0.0,1,1.91,0.03,SPY210115P00306000,306.0,0,0.0,0.0,,0.0,normalDay
2021-01-12,3710.0,189.0,0.0,0,378.77,0.0,1,1.91,0.02,SPY210115P00306000,306.0,0,0.0,0.0,,0.0,normalDay
2021-01-13,3710.0,190.0,0.0,0,379.79,0.0,1,1.91,0.01,SPY210115P00306000,306.0,0,0.0,0.0,,0.0,normalDay
2021-01-14,3710.0,190.0,0.0,0,378.46,0.0,1,1.91,0.01,SPY210115P00306000,306.0,0,0.0,0.0,,0.0,normalDay
2021-01-15,3901.0,0.0,191.0,0,375.7,0.0,1,1.91,0.0,SPY210115P00306000,306.0,0,0.0,0.0,,0.0,expirationDay
2021-01-19,3901.0,-6.0,0.0,0,378.65,0.0,1,4.07,4.13,SPY210226P00357500,357.5,0,0.0,0.0,,0.0,normalDay
2021-01-20,3901.0,107.0,0.0,0,383.89,0.0,1,4.07,3.0,SPY210226P00357500,357.5,0,0.0,0.0,,0.0,normalDay
2021-01-21,3901.0,126.0,0.0,0,384.24,0.0,1,4.07,2.81,SPY210226P00357500,357.5,0,0.0,0.0,,0.0,normalDay
2021-01-22,3901.0,111.0,0.0,0,382.88,0.0,1,4.07,2.96,SPY210226P00357500,357.5,0,0.0,0.0,,0.0,normalDay
2021-01-25,3901.0,128.0,0.0,0,384.39,0.0,1,4.07,2.79,SPY210226P00357500,357.5,0,0.0,0.0,,0.0,normalDay
2021-01-26,3901.0,142.0,0.0,0,383.79,0.0,1,4.07,2.65,SPY210226P00357500,357.5,0,0.0,0.0,,0.0,normalDay
2021-01-27,3901.0,-249.0,0.0,0,374.41,0.0,1,4.07,6.56,SPY210226P00357500,357.5,0,0.0,0.0,,0.0,normalDay
2021-01-28,3901.0,-77.0,0.0,0,377.63,0.0,1,4.07,4.84,SPY210226P00357500,357.5,0,0.0,0.0,,0.0,normalDay
2021-01-29,3901.0,-368.0,0.0,0,370.07,0.0,1,4.07,7.75,SPY210226P00357500,357.5,0,0.0,0.0,,0.0,normalDay
2021-02-01,3901.0,-64.0,0.0,0,376.23,0.0,1,4.07,4.71,SPY210226P00357500,357.5,0,0.0,0.0,,0.0,normalDay
2021-02-02,3901.0,149.0,0.0,0,381.55,0.0,1,4.07,2.58,SPY210226P00357500,357.5,0,0.0,0.0,,0.0,normalDay
2021-02-03,3901.0,206.0,0.0,0,381.85,0.0,1,4.07,2.01,SPY210226P00357500,357.5,0,0.0,0.0,,0.0,normalDay
2021-02-04,3901.0,273.0,0.0,0,386.19,0.0,1,4.07,1.34,SPY210226P00357500,357.5,0,0.0,0.0,,0.0,normalDay
2021-02-05,3901.0,305.0,0.0,0,387.71,0.0,1,4.07,1.02,SPY210226P00357500,357.5,0,0.0,0.0,,0.0,normalDay
2021-02-08,3901.0,334.0,0.0,0,390.51,0.0,1,4.07,0.73,SPY210226P00357500,357.5,0,0.0,0.0,,0.0,normalDay
2021-02-09,3901.0,338.0,0.0,0,390.25,0.0,1,4.07,0.69,SPY210226P00357500,357.5,0,0.0,0.0,,0.0,normalDay
2021-02-10,3901.0,335.0,0.0,0,390.08,0.0,1,4.07,0.72,SPY210226P00357500,357.5,0,0.0,0.0,,0.0,normalDay
2021-02-11,3901.0,350.0,0.0,0,390.71,0.0,1,4.07,0.57,SPY210226P00357500,357.5,0,0.0,0.0,,0.0,normalDay
2021-02-12,3901.0,376.0,0.0,0,392.64,0.0,1,4.07,0.31,SPY210226P00357500,357.5,0,0.0,0.0,,0.0,normalDay
2021-02-16,3901.0,376.0,0.0,0,392.3,0.0,1,4.07,0.31,SPY210226P00357500,357.5,0,0.0,0.0,,0.0,normalDay
2021-02-17,3901.0,384.0,0.0,0,392.39,0.0,1,4.07,0.23,SPY210226P00357500,357.5,0,0.0,0.0,,0.0,normalDay
2021-02-18,3901.0,383.0,0.0,0,390.72,0.0,1,4.07,0.24,SPY210226P00357500,357.5,0,0.0,0.0,,0.0,normalDay
2021-02-19,3901.0,395.0,0.0,0,390.03,0.0,1,4.07,0.12,SPY210226P00357500,357.5,0,0.0,0.0,,0.0,normalDay
2021-02-22,3901.0,397.0,0.0,0,387.03,0.0,1,4.07,0.1,SPY210226P00357500,357.5,0,0.0,0.0,,0.0,normalDay
2021-02-23,3901.0,402.0,0.0,0,387.5,0.0,1,4.07,0.05,SPY210226P00357500,357.5,0,0.0,0.0,,0.0,normalDay
2021-02-24,3901.0,405.0,0.0,0,391.77,0.0,1,4.07,0.02,SPY210226P00357500,357.5,0,0.0,0.0,,0.0,normalDay
2021-02-25,3901.0,402.0,0.0,0,382.33,0.0,1,4.07,0.05,SPY210226P00357500,357.5,0,0.0,0.0,,0.0,normalDay
2021-02-26,4308.0,0.0,407.0,0,380.36,0.0,1,4.07,0.0,SPY210226P00357500,357.5,0,0.0,0.0,,0.0,expirationDay
2021-03-01,4308.0,-5.0,0.0,0,389.58,0.0,1,5.59,5.64,SPY210416P00371000,371.0,0,0.0,0.0,,0.0,normalDay
2021-03-02,4308.0,-93.0,0.0,0,386.54,0.0,1,5.59,6.52,SPY210416P00371000,371.0,0,0.0,0.0,,0.0,normalDay
2021-03-03,4308.0,-257.0,0.0,0,381.42,0.0,1,5.59,8.16,SPY210416P00371000,371.0,0,0.0,0.0,,0.0,normalDay
2021-03-04,4308.0,-440.0,0.0,0,376.7,0.0,1,5.59,9.99,SPY210416P00371000,371.0,0,0.0,0.0,,0.0,normalDay
2021-03-05,4308.0,-128.0,0.0,0,383.63,0.0,1,5.59,6.87,SPY210416P00371000,371.0,0,0.0,0.0,,0.0,normalDay
2021-03-08,4308.0,-166.0,0.0,0,381.72,0.0,1,5.59,7.25,SPY210416P00371000,371.0,0,0.0,0.0,,0.0,normalDay
2021-03-09,4308.0,14.0,0.0,0,387.17,0.0,1,5.59,5.45,SPY210416P00371000,371.0,0,0.0,0.0,,0.0,normalDay
2021-03-10,4308.0,119.0,0.0,0,389.58,0.0,1,5.59,4.4,SPY210416P00371000,371.0,0,0.0,0.0,,0.0,normalDay
2021-03-11,4308.0,199.0,0.0,0,393.53,0.0,1,5.59,3.6,SPY210416P00371000,371.0,0,0.0,0.0,,0.0,normalDay
2021-03-12,4308.0,259.0,0.0,0,394.06,0.0,1,5.59,3.0,SPY210416P00371000,371.0,0,0.0,0.0,,0.0,normalDay
2021-03-15,4308.0,327.0,0.0,0,396.41,0.0,1,5.59,2.32,SPY210416P00371000,371.0,0,0.0,0.0,,0.0,normalDay
2021-03-16,4308.0,327.0,0.0,0,395.91,0.0,1,5.59,2.32,SPY210416P00371000,371.0,0,0.0,0.0,,0.0,normalDay
2021-03-17,4308.0,365.0,0.0,0,397.26,0.0,1,5.59,1.94,SPY210416P00371000,371.0,0,0.0,0.0,,0.0,normalDay
2021-03-18,4308.0,284.0,0.0,0,391.48,0.0,1,5.59,2.75,SPY210416P00371000,371.0,0,0.0,0.0,,0.0,normalDay
2021-03-19,4308.0,278.0,0.0,0,389.48,0.0,1,5.59,2.81,SPY210416P00371000,371.0,0,0.0,0.0,,0.0,normalDay
2021-03-22,4308.0,390.0,0.0,0,392.59,0.0,1,5.59,1.69,SPY210416P00371000,371.0,0,0.0,0.0,,0.0,normalDay
2021-03-23,4308.0,333.0,0.0,0,389.5,0.0,1,5.59,2.26,SPY210416P00371000,371.0,0,0.0,0.0,,0.0,normalDay
2021-03-24,4308.0,303.0,0.0,0,387.52,0.0,1,5.59,2.56,SPY210416P00371000,371.0,0,0.0,0.0,,0.0,normalDay
2021-03-25,4308.0,369.0,0.0,0,389.7,0.0,1,5.59,1.9,SPY210416P00371000,371.0,0,0.0,0.0,,0.0,normalDay
2021-03-26,4308.0,438.0,0.0,0,395.98,0.0,1,5.59,1.21,SPY210416P00371000,371.0,0,0.0,0.0,,0.0,normalDay
2021-03-29,4308.0,429.0,0.0,0,395.78,0.0,1,5.59,1.3,SPY210416P00371000,371.0,0,0.0,0.0,,0.0,normalDay
2021-03-30,4308.0,450.0,0.0,0,394.73,0.0,1,5.59,1.09,SPY210416P00371000,371.0,0,0.0,0.0,,0.0,normalDay
2021-03-31,4308.0,480.0,0.0,0,396.33,0.0,1,5.59,0.79,SPY210416P00371000,371.0,0,0.0,0.0,,0.0,normalDay
2021-04-01,4308.0,522.0,0.0,0,400.61,0.0,1,5.59,0.37,SPY210416P00371000,371.0,0,0.0,0.0,,0.0,normalDay
2021-04-05,4308.0,537.0,0.0,0,406.36,0.0,1,5.59,0.22,SPY210416P00371000,371.0,0,0.0,0.0,,0.0,normalDay
2021-04-06,4308.0,539.0,0.0,0,406.12,0.0,1,5.59,0.2,SPY210416P00371000,371.0,0,0.0,0.0,,0.0,normalDay
2021-04-07,4308.0,548.0,0.0,0,406.59,0.0,1,5.59,0.11,SPY210416P00371000,371.0,0,0.0,0.0,,0.0,normalDay
2021-04-08,4308.0,550.0,0.0,0,408.52,0.0,1,5.59,0.09,SPY210416P00371000,371.0,0,0.0,0.0,,0.0,normalDay
2021-04-09,4308.0,554.0,0.0,0,411.49,0.0,1,5.59,0.05,SPY210416P00371000,371.0,0,0.0,0.0,,0.0,normalDay
2021-04-12,4308.0,557.0,0.0,0,411.64,0.0,1,5.59,0.02,SPY210416P00371000,371.0,0,0.0,0.0,,0.0,normalDay
2021-04-13,4308.0,557.0,0.0,0,412.86,0.0,1,5.59,0.02,SPY210416P00371000,371.0,0,0.0,0.0,,0.0,normalDay
2021-04-14,4308.0,557.0,0.0,0,411.45,0.0,1,5.59,0.02,SPY210416P00371000,371.0,0,0.0,0.0,,0.0,normalDay
2021-04-15,4308.0,558.0,0.0,0,415.87,0.0,1,5.59,0.01,SPY210416P00371000,371.0,0,0.0,0.0,,0.0,normalDay
2021-04-16,4867.0,0.0,559.0,0,417.26,0.0,1,5.59,0.0,SPY210416P00371000,371.0,0,0.0,0.0,,0.0,expirationDay
2021-04-19,4867.0,-4.0,0.0,0,415.21,0.0,1,1.16,1.2,SPY210528P00370000,370.0,0,0.0,0.0,,0.0,normalDay
2021-04-20,4867.0,-35.0,0.0,0,412.17,0.0,1,1.16,1.51,SPY210528P00370000,370.0,0,0.0,0.0,,0.0,normalDay
2021-04-21,4867.0,8.0,0.0,0,416.07,0.0,1,1.16,1.08,SPY210528P00370000,370.0,0,0.0,0.0,,0.0,normalDay
2021-04-22,4867.0,-23.0,0.0,0,412.27,0.0,1,1.16,1.39,SPY210528P00370000,370.0,0,0.0,0.0,,0.0,normalDay
2021-04-23,4867.0,25.0,0.0,0,416.74,0.0,1,1.16,0.91,SPY210528P00370000,370.0,0,0.0,0.0,,0.0,normalDay
2021-04-26,4867.0,37.0,0.0,0,417.61,0.0,1,1.16,0.79,SPY210528P00370000,370.0,0,0.0,0.0,,0.0,normalDay
2021-04-27,4867.0,43.0,0.0,0,417.52,0.0,1,1.16,0.73,SPY210528P00370000,370.0,0,0.0,0.0,,0.0,normalDay
2021-04-28,4867.0,51.0,0.0,0,417.4,0.0,1,1.16,0.65,SPY210528P00370000,370.0,0,0.0,0.0,,0.0,normalDay
2021-04-29,4867.0,54.0,0.0,0,420.06,0.0,1,1.16,0.62,SPY210528P00370000,370.0,0,0.0,0.0,,0.0,normalDay
2021-04-30,4867.0,40.0,0.0,0,417.3,0.0,1,1.16,0.76,SPY210528P00370000,370.0,0,0.0,0.0,,0.0,normalDay
2021-05-03,4867.0,52.0,0.0,0,418.2,0.0,1,1.16,0.64,SPY210528P00370000,370.0,0,0.0,0.0,,0.0,normalDay
2021-05-04,4867.0,41.0,0.0,0,415.62,0.0,1,1.16,0.75,SPY210528P00370000,370.0,0,0.0,0.0,,0.0,normalDay
2021-05-05,4867.0,46.0,0.0,0,415.75,0.0,1,1.16,0.7,SPY210528P00370000,370.0,0,0.0,0.0,,0.0,normalDay
2021-05-06,4867.0,62.0,0.0,0,419.07,0.0,1,1.16,0.54,SPY210528P00370000,370.0,0,0.0,0.0,,0.0,normalDay
2021-05-07,4867.0,77.0,0.0,0,422.12,0.0,1,1.16,0.39,SPY210528P00370000,370.0,0,0.0,0.0,,0.0,normalDay
2021-05-10,4867.0,61.0,0.0,0,417.94,0.0,1,1.16,0.55,SPY210528P00370000,370.0,0,0.0,0.0,,0.0,normalDay
2021-05-11,4867.0,49.0,0.0,0,414.21,0.0,1,1.16,0.67,SPY210528P00370000,370.0,0,0.0,0.0,,0.0,normalDay
2021-05-12,4867.0,-51.0,0.0,0,405.41,0.0,1,1.16,1.67,SPY210528P00370000,370.0,0,0.0,0.0,,0.0,normalDay
2021-05-13,4867.0,39.0,0.0,0,410.28,0.0,1,1.16,0.77,SPY210528P00370000,370.0,0,0.0,0.0,,0.0,normalDay
2021-05-14,4867.0,85.0,0.0,0,416.58,0.0,1,1.16,0.31,SPY210528P00370000,370.0,0,0.0,0.0,,0.0,normalDay
2021-05-17,4867.0,95.0,0.0,0,415.52,0.0,1,1.16,0.21,SPY210528P00370000,370.0,0,0.0,0.0,,0.0,normalDay
2021-05-18,4867.0,86.0,0.0,0,411.94,0.0,1,1.16,0.3,SPY210528P00370000,370.0,0,0.0,0.0,,0.0,normalDay
2021-05-19,4867.0,90.0,0.0,0,410.86,0.0,1,1.16,0.26,SPY210528P00370000,370.0,0,0.0,0.0,,0.0,normalDay
2021-05-20,4867.0,103.0,0.0,0,415.28,0.0,1,1.16,0.13,SPY210528P00370000,370.0,0,0.0,0.0,,0.0,normalDay
2021-05-21,4867.0,110.0,0.0,0,414.94,0.0,1,1.16,0.06,SPY210528P00370000,370.0,0,0.0,0.0,,0.0,normalDay
2021-05-24,4867.0,113.0,0.0,0,419.17,0.0,1,1.16,0.03,SPY210528P00370000,370.0,0,0.0,0.0,,0.0,normalDay
2021-05-25,4867.0,113.0,0.0,0,418.24,0.0,1,1.16,0.03,SPY210528P00370000,370.0,0,0.0,0.0,,0.0,normalDay
2021-05-26,4867.0,114.0,0.0,0,419.07,0.0,1,1.16,0.02,SPY210528P00370000,370.0,0,0.0,0.0,,0.0,normalDay
2021-05-27,4867.0,115.0,0.0,0,419.29,0.0,1,1.16,0.01,SPY210528P00370000,370.0,0,0.0,0.0,,0.0,normalDay
2021-05-28,4983.0,0.0,116.0,0,420.04,0.0,1,1.16,0.0,SPY210528P00370000,370.0,0,0.0,0.0,,0.0,expirationDay
2021-06-01,4983.0,-5.0,0.0,0,419.67,0.0,1,4.18,4.23,SPY210716P00402000,402.0,0,0.0,0.0,,0.0,normalDay
2021-06-02,4983.0,31.0,0.0,0,420.33,0.0,1,4.18,3.87,SPY210716P00402000,402.0,0,0.0,0.0,,0.0,normalDay
2021-06-03,4983.0,-10.0,0.0,0,418.77,0.0,1,4.18,4.28,SPY210716P00402000,402.0,0,0.0,0.0,,0.0,normalDay
2021-06-04,4983.0,97.0,0.0,0,422.6,0.0,1,4.18,3.21,SPY210716P00402000,402.0,0,0.0,0.0,,0.0,normalDay
2021-06-07,4983.0,131.0,0.0,0,422.19,0.0,1,4.18,2.87,SPY210716P00402000,402.0,0,0.0,0.0,,0.0,normalDay
2021-06-08,4983.0,123.0,0.0,0,422.28,0.0,1,4.18,2.95,SPY210716P00402000,402.0,0,0.0,0.0,,0.0,normalDay
2021-06-09,4983.0,98.0,0.0,0,421.65,0.0,1,4.18,3.2,SPY210716P00402000,402.0,0,0.0,0.0,,0.0,normalDay
2021-06-10,4983.0,180.0,0.0,0,423.61,0.0,1,4.18,2.38,SPY210716P00402000,402.0,0,0.0,0.0,,0.0,normalDay
2021-06-11,4983.0,203.0,0.0,0,424.31,0.0,1,4.18,2.15,SPY210716P00402000,402.0,0,0.0,0.0,,0.0,normalDay
2021-06-14,4983.0,220.0,0.0,0,425.26,0.0,1,4.18,1.98,SPY210716P00402000,402.0,0,0.0,0.0,,0.0,normalDay
2021-06-15,4983.0,205.0,0.0,0,424.48,0.0,1,4.18,2.13,SPY210716P00402000,402.0,0,0.0,0.0,,0.0,normalDay
2021-06-16,4983.0,163.0,0.0,0,422.11,0.0,1,4.18,2.55,SPY210716P00402000,402.0,0,0.0,0.0,,0.0,normalDay
2021-06-17,4983.0,186.0,0.0,0,421.97,0.0,1,4.18,2.32,SPY210716P00402000,402.0,0,0.0,0.0,,0.0,normalDay
2021-06-18,4983.0,20.0,0.0,0,414.92,0.0,1,4.18,3.98,SPY210716P00402000,402.0,0,0.0,0.0,,0.0,normalDay
2021-06-21,4983.0,217.0,0.0,0,420.86,0.0,1,4.18,2.01,SPY210716P00402000,402.0,0,0.0,0.0,,0.0,normalDay
2021-06-22,4983.0,268.0,0.0,0,423.11,0.0,1,4.18,1.5,SPY210716P00402000,402.0,0,0.0,0.0,,0.0,normalDay
2021-06-23,4983.0,281.0,0.0,0,422.6,0.0,1,4.18,1.37,SPY210716P00402000,402.0,0,0.0,0.0,,0.0,normalDay
2021-06-24,4983.0,313.0,0.0,0,425.1,0.0,1,4.18,1.05,SPY210716P00402000,402.0,0,0.0,0.0,,0.0,normalDay
2021-06-25,4983.0,335.0,0.0,0,426.61,0.0,1,4.18,0.83,SPY210716P00402000,402.0,0,0.0,0.0,,0.0,normalDay
2021-06-28,4983.0,352.0,0.0,0,427.47,0.0,1,4.18,0.66,SPY210716P00402000,402.0,0,0.0,0.0,,0.0,normalDay
2021-06-29,4983.0,353.0,0.0,0,427.7,0.0,1,4.18,0.65,SPY210716P00402000,402.0,0,0.0,0.0,,0.0,normalDay
2021-06-30,4983.0,366.0,0.0,0,428.06,0.0,1,4.18,0.52,SPY210716P00402000,402.0,0,0.0,0.0,,0.0,normalDay
2021-07-01,4983.0,375.0,0.0,0,430.43,0.0,1,4.18,0.43,SPY210716P00402000,402.0,0,0.0,0.0,,0.0,normalDay
2021-07-02,4983.0,388.0,0.0,0,433.72,0.0,1,4.18,0.3,SPY210716P00402000,402.0,0,0.0,0.0,,0.0,normalDay
2021-07-06,4983.0,392.0,0.0,0,432.93,0.0,1,4.18,0.26,SPY210716P00402000,402.0,0,0.0,0.0,,0.0,normalDay
2021-07-07,4983.0,400.0,0.0,0,434.46,0.0,1,4.18,0.18,SPY210716P00402000,402.0,0,0.0,0.0,,0.0,normalDay
2021-07-08,4983.0,382.0,0.0,0,430.92,0.0,1,4.18,0.36,SPY210716P00402000,402.0,0,0.0,0.0,,0.0,normalDay
2021-07-09,4983.0,407.0,0.0,0,435.52,0.0,1,4.18,0.11,SPY210716P00402000,402.0,0,0.0,0.0,,0.0,normalDay
2021-07-12,4983.0,413.0,0.0,0,437.08,0.0,1,4.18,0.05,SPY210716P00402000,402.0,0,0.0,0.0,,0.0,normalDay
2021-07-13,4983.0,412.0,0.0,0,435.59,0.0,1,4.18,0.06,SPY210716P00402000,402.0,0,0.0,0.0,,0.0,normalDay
2021-07-14,4983.0,415.0,0.0,0,436.24,0.0,1,4.18,0.03,SPY210716P00402000,402.0,0,0.0,0.0,,0.0,normalDay
2021-07-15,4983.0,416.0,0.0,0,434.75,0.0,1,4.18,0.02,SPY210716P00402000,402.0,0,0.0,0.0,,0.0,normalDay
2021-07-16,5401.0,0.0,418.0,0,431.34,0.0,1,4.18,0.0,SPY210716P00402000,402.0,0,0.0,0.0,,0.0,expirationDay
2021-07-19,5401.0,-5.0,0.0,0,424.97,0.0,1,6.3,6.35,SPY210827P00412000,412.0,0,0.0,0.0,,0.0,normalDay
2021-07-20,5401.0,193.0,0.0,0,431.06,0.0,1,6.3,4.37,SPY210827P00412000,412.0,0,0.0,0.0,,0.0,normalDay
2021-07-21,5401.0,311.0,0.0,0,434.55,0.0,1,6.3,3.19,SPY210827P00412000,412.0,0,0.0,0.0,,0.0,normalDay
2021-07-22,5401.0,330.0,0.0,0,435.46,0.0,1,6.3,3.0,SPY210827P00412000,412.0,0,0.0,0.0,,0.0,normalDay
2021-07-23,5401.0,395.0,0.0,0,439.94,0.0,1,6.3,2.35,SPY210827P00412000,412.0,0,0.0,0.0,,0.0,normalDay
2021-07-26,5401.0,427.0,0.0,0,441.02,0.0,1,6.3,2.03,SPY210827P00412000,412.0,0,0.0,0.0,,0.0,normalDay
2021-07-27,5401.0,374.0,0.0,0,439.01,0.0,1,6.3,2.56,SPY210827P00412000,412.0,0,0.0,0.0,,0.0,normalDay
2021-07-28,5401.0,409.0,0.0,0,438.83,0.0,1,6.3,2.21,SPY210827P00412000,412.0,0,0.0,0.0,,0.0,normalDay
2021-07-29,5401.0,453.0,0.0,0,440.65,0.0,1,6.3,1.77,SPY210827P00412000,412.0,0,0.0,0.0,,0.0,normalDay
2021-07-30,5401.0,437.0,0.0,0,438.51,0.0,1,6.3,1.93,SPY210827P00412000,412.0,0,0.0,0.0,,0.0,normalDay
2021-08-02,5401.0,422.0,0.0,0,437.59,0.0,1,6.3,2.08,SPY210827P00412000,412.0,0,0.0,0.0,,0.0,normalDay
2021-08-03,5401.0,490.0,0.0,0,441.15,0.0,1,6.3,1.4,SPY210827P00412000,412.0,0,0.0,0.0,,0.0,normalDay
2021-08-04,5401.0,487.0,0.0,0,438.98,0.0,1,6.3,1.43,SPY210827P00412000,412.0,0,0.0,0.0,,0.0,normalDay
2021-08-05,5401.0,520.0,0.0,0,441.76,0.0,1,6.3,1.1,SPY210827P00412000,412.0,0,0.0,0.0,,0.0,normalDay
2021-08-06,5401.0,549.0,0.0,0,442.49,0.0,1,6.3,0.81,SPY210827P00412000,412.0,0,0.0,0.0,,0.0,normalDay
2021-08-09,5401.0,558.0,0.0,0,442.13,0.0,1,6.3,0.72,SPY210827P00412000,412.0,0,0.0,0.0,,0.0,normalDay
2021-08-10,5401.0,560.0,0.0,0,442.68,0.0,1,6.3,0.7,SPY210827P00412000,412.0,0,0.0,0.0,,0.0,normalDay
2021-08-11,5401.0,582.0,0.0,0,443.78,0.0,1,6.3,0.48,SPY210827P00412000,412.0,0,0.0,0.0,,0.0,normalDay
2021-08-12,5401.0,594.0,0.0,0,445.11,0.0,1,6.3,0.36,SPY210827P00412000,412.0,0,0.0,0.0,,0.0,normalDay
2021-08-13,5401.0,599.0,0.0,0,445.92,0.0,1,6.3,0.31,SPY210827P00412000,412.0,0,0.0,0.0,,0.0,normalDay
2021-08-16,5401.0,605.0,0.0,0,446.97,0.0,1,6.3,0.25,SPY210827P00412000,412.0,0,0.0,0.0,,0.0,normalDay
2021-08-17,5401.0,590.0,0.0,0,444.04,0.0,1,6.3,0.4,SPY210827P00412000,412.0,0,0.0,0.0,,0.0,normalDay
2021-08-18,5401.0,546.0,0.0,0,439.18,0.0,1,6.3,0.84,SPY210827P00412000,412.0,0,0.0,0.0,,0.0,normalDay
2021-08-19,5401.0,563.0,0.0,0,439.86,0.0,1,6.3,0.67,SPY210827P00412000,412.0,0,0.0,0.0,,0.0,normalDay
2021-08-20,5401.0,617.0,0.0,0,443.36,0.0,1,6.3,0.13,SPY210827P00412000,412.0,0,0.0,0.0,,0.0,normalDay
2021-08-23,5401.0,624.0,0.0,0,447.26,0.0,1,6.3,0.06,SPY210827P00412000,412.0,0,0.0,0.0,,0.0,normalDay
2021-08-24,5401.0,626.0,0.0,0,447.97,0.0,1,6.3,0.04,SPY210827P00412000,412.0,0,0.0,0.0,,0.0,normalDay
2021-08-25,5401.0,627.0,0.0,0,448.91,0.0,1,6.3,0.03,SPY210827P00412000,412.0,0,0.0,0.0,,0.0,normalDay
2021-08-26,5401.0,627.0,0.0,0,446.26,0.0,1,6.3,0.03,SPY210827P00412000,412.0,0,0.0,0.0,,0.0,normalDay
2021-08-27,6031.0,0.0,630.0,0,450.25,0.0,1,6.3,0.0,SPY210827P00412000,412.0,0,0.0,0.0,,0.0,expirationDay
2021-08-30,6031.0,-3.0,0.0,0,452.23,0.0,1,4.0,4.03,SPY211015P00432000,432.0,0,0.0,0.0,,0.0,normalDay
2021-08-31,6031.0,-1.0,0.0,0,451.56,0.0,1,4.0,4.01,SPY211015P00432000,432.0,0,0.0,0.0,,0.0,normalDay
2021-09-01,6031.0,26.0,0.0,0,451.8,0.0,1,4.0,3.74,SPY211015P00432000,432.0,0,0.0,0.0,,0.0,normalDay
2021-09-02,6031.0,49.0,0.0,0,453.19,0.0,1,4.0,3.51,SPY211015P00432000,432.0,0,0.0,0.0,,0.0,normalDay
2021-09-03,6031.0,50.0,0.0,0,453.08,0.0,1,4.0,3.5,SPY211015P00432000,432.0,0,0.0,0.0,,0.0,normalDay
2021-09-07,6031.0,16.0,0.0,0,451.46,0.0,1,4.0,3.84,SPY211015P00432000,432.0,0,0.0,0.0,,0.0,normalDay
2021-09-08,6031.0,18.0,0.0,0,450.91,0.0,1,4.0,3.82,SPY211015P00432000,432.0,0,0.0,0.0,,0.0,normalDay
2021-09-09,6031.0,-38.0,0.0,0,448.98,0.0,1,4.0,4.38,SPY211015P00432000,432.0,0,0.0,0.0,,0.0,normalDay
2021-09-10,6031.0,-131.0,0.0,0,445.44,0.0,1,4.0,5.31,SPY211015P00432000,432.0,0,0.0,0.0,,0.0,normalDay
2021-09-13,6031.0,-36.0,0.0,0,446.58,0.0,1,4.0,4.36,SPY211015P00432000,432.0,0,0.0,0.0,,0.0,normalDay
2021-09-14,6031.0,-88.0,0.0,0,444.17,0.0,1,4.0,4.88,SPY211015P00432000,432.0,0,0.0,0.0,,0.0,normalDay
2021-09-15,6031.0,41.0,0.0,0,447.88,0.0,1,4.0,3.59,SPY211015P00432000,432.0,0,0.0,0.0,,0.0,normalDay
2021-09-16,6031.0,21.0,0.0,0,447.17,0.0,1,4.0,3.79,SPY211015P00432000,432.0,0,0.0,0.0,,0.0,normalDay
2021-09-17,6031.0,-128.0,0.0,0,441.4,0.0,1,4.0,5.28,SPY211015P00432000,432.0,0,0.0,0.0,,0.0,normalDay
2021-09-20,6031.0,-447.0,0.0,0,434.04,0.0,1,4.0,8.47,SPY211015P00432000,432.0,0,0.0,0.0,,0.0,normalDay
2021-09-21,6031.0,-420.0,0.0,0,433.63,0.0,1,4.0,8.2,SPY211015P00432000,432.0,0,0.0,0.0,,0.0,normalDay
2021-09-22,6031.0,-140.0,0.0,0,437.86,0.0,1,4.0,5.4,SPY211015P00432000,432.0,0,0.0,0.0,,0.0,normalDay
2021-09-23,6031.0,68.0,0.0,0,443.18,0.0,1,4.0,3.32,SPY211015P00432000,432.0,0,0.0,0.0,,0.0,normalDay
2021-09-24,6031.0,117.0,0.0,0,443.91,0.0,1,4.0,2.83,SPY211015P00432000,432.0,0,0.0,0.0,,0.0,normalDay
2021-09-27,6031.0,103.0,0.0,0,442.64,0.0,1,4.0,2.97,SPY211015P00432000,432.0,0,0.0,0.0,,0.0,normalDay
2021-09-28,6031.0,-247.0,0.0,0,433.72,0.0,1,4.0,6.47,SPY211015P00432000,432.0,0,0.0,0.0,,0.0,normalDay
2021-09-29,6031.0,-184.0,0.0,0,434.45,0.0,1,4.0,5.84,SPY211015P00432000,432.0,0,0.0,0.0,,0.0,normalDay
2021-09-30,6031.0,-388.0,0.0,0,429.14,0.0,1,4.0,7.88,SPY211015P00432000,432.0,0,0.0,0.0,,0.0,normalDay
2021-10-01,6031.0,-109.0,0.0,0,434.24,0.0,1,4.0,5.09,SPY211015P00432000,432.0,0,0.0,0.0,,0.0,normalDay
2021-10-04,6031.0,-350.0,0.0,0,428.64,0.0,1,4.0,7.5,SPY211015P00432000,432.0,0,0.0,0.0,,0.0,normalDay
2021-10-05,6031.0,-78.0,0.0,0,433.1,0.0,1,4.0,4.78,SPY211015P00432000,432.0,0,0.0,0.0,,0.0,normalDay
2021-10-06,6031.0,9.0,0.0,0,434.9,0.0,1,4.0,3.91,SPY211015P00432000,432.0,0,0.0,0.0,,0.0,normalDay
2021-10-07,6031.0,183.0,0.0,0,438.66,0.0,1,4.0,2.17,SPY211015P00432000,432.0,0,0.0,0.0,,0.0,normalDay
2021-10-08,6031.0,198.0,0.0,0,437.86,0.0,1,4.0,2.02,SPY211015P00432000,432.0,0,0.0,0.0,,0.0,normalDay
2021-10-11,6031.0,133.0,0.0,0,434.69,0.0,1,4.0,2.67,SPY211015P00432000,432.0,0,0.0,0.0,,0.0,normalDay
2021-10-12,6031.0,130.0,0.0,0,433.62,0.0,1,4.0,2.7,SPY211015P00432000,432.0,0,0.0,0.0,,0.0,normalDay
2021-10-13,6031.0,292.0,0.0,0,435.18,0.0,1,4.0,1.08,SPY211015P00432000,432.0,0,0.0,0.0,,0.0,normalDay
2021-10-14,6031.0,391.0,0.0,0,442.5,0.0,1,4.0,0.09,SPY211015P00432000,432.0,0,0.0,0.0,,0.0,normalDay
2021-10-15,6431.0,0.0,400.0,0,445.87,0.0,1,4.0,0.0,SPY211015P00432000,432.0,0,0.0,0.0,,0.0,expirationDay
2021-10-18,6431.0,-4.0,0.0,0,447.19,0.0,1,2.35,2.39,SPY211126P00419000,419.0,0,0.0,0.0,,0.0,normalDay
2021-10-19,6431.0,45.0,0.0,0,450.64,0.0,1,2.35,1.9,SPY211126P00419000,419.0,0,0.0,0.0,,0.0,normalDay
2021-10-20,6431.0,61.0,0.0,0,452.41,0.0,1,2.35,1.74,SPY211126P00419000,419.0,0,0.0,0.0,,0.0,normalDay
2021-10-21,6431.0,84.0,0.0,0,453.59,0.0,1,2.35,1.51,SPY211126P00419000,419.0,0,0.0,0.0,,0.0,normalDay
2021-10-22,6431.0,75.0,0.0,0,453.12,0.0,1,2.35,1.6,SPY211126P00419000,419.0,0,0.0,0.0,,0.0,normalDay
2021-10-25,6431.0,110.0,0.0,0,455.55,0.0,1,2.35,1.25,SPY211126P00419000,419.0,0,0.0,0.0,,0.0,normalDay
2021-10-26,6431.0,107.0,0.0,0,455.96,0.0,1,2.35,1.28,SPY211126P00419000,419.0,0,0.0,0.0,,0.0,normalDay
2021-10-27,6431.0,82.0,0.0,0,453.94,0.0,1,2.35,1.53,SPY211126P00419000,419.0,0,0.0,0.0,,0.0,normalDay
2021-10-28,6431.0,120.0,0.0,0,458.32,0.0,1,2.35,1.15,SPY211126P00419000,419.0,0,0.0,0.0,,0.0,normalDay
2021-10-29,6431.0,137.0,0.0,0,459.25,0.0,1,2.35,0.98,SPY211126P00419000,419.0,0,0.0,0.0,,0.0,normalDay
2021-11-01,6431.0,157.0,0.0,0,460.04,0.0,1,2.35,0.78,SPY211126P00419000,419.0,0,0.0,0.0,,0.0,normalDay
2021-11-02,6431.0,170.0,0.0,0,461.9,0.0,1,2.35,0.65,SPY211126P00419000,419.0,0,0.0,0.0,,0.0,normalDay
2021-11-03,6431.0,189.0,0.0,0,464.72,0.0,1,2.35,0.46,SPY211126P00419000,419.0,0,0.0,0.0,,0.0,normalDay
2021-11-04,6431.0,190.0,0.0,0,466.91,0.0,1,2.35,0.45,SPY211126P00419000,419.0,0,0.0,0.0,,0.0,normalDay
2021-11-05,6431.0,189.0,0.0,0,468.53,0.0,1,2.35,0.46,SPY211126P00419000,419.0,0,0.0,0.0,,0.0,normalDay
2021-11-08,6431.0,193.0,0.0,0,468.93,0.0,1,2.35,0.42,SPY211126P00419000,419.0,0,0.0,0.0,,0.0,normalDay
2021-11-09,6431.0,194.0,0.0,0,467.38,0.0,1,2.35,0.41,SPY211126P00419000,419.0,0,0.0,0.0,,0.0,normalDay
2021-11-10,6431.0,191.0,0.0,0,463.62,0.0,1,2.35,0.44,SPY211126P00419000,419.0,0,0.0,0.0,,0.0,normalDay
2021-11-11,6431.0,205.0,0.0,0,463.77,0.0,1,2.35,0.3,SPY211126P00419000,419.0,0,0.0,0.0,,0.0,normalDay
2021-11-12,6431.0,217.0,0.0,0,467.27,0.0,1,2.35,0.18,SPY211126P00419000,419.0,0,0.0,0.0,,0.0,normalDay
2021-11-15,6431.0,224.0,0.0,0,467.43,0.0,1,2.35,0.11,SPY211126P00419000,419.0,0,0.0,0.0,,0.0,normalDay
2021-11-16,6431.0,226.0,0.0,0,469.28,0.0,1,2.35,0.09,SPY211126P00419000,419.0,0,0.0,0.0,,0.0,normalDay
2021-11-17,6431.0,228.0,0.0,0,468.14,0.0,1,2.35,0.07,SPY211126P00419000,419.0,0,0.0,0.0,,0.0,normalDay
2021-11-18,6431.0,229.0,0.0,0,469.73,0.0,1,2.35,0.06,SPY211126P00419000,419.0,0,0.0,0.0,,0.0,normalDay
2021-11-19,6431.0,230.0,0.0,0,468.89,0.0,1,2.35,0.05,SPY211126P00419000,419.0,0,0.0,0.0,,0.0,normalDay
2021-11-22,6431.0,231.0,0.0,0,467.57,0.0,1,2.35,0.04,SPY211126P00419000,419.0,0,0.0,0.0,,0.0,normalDay
2021-11-23,6431.0,233.0,0.0,0,468.19,0.0,1,2.35,0.02,SPY211126P00419000,419.0,0,0.0,0.0,,0.0,normalDay
2021-11-24,6431.0,234.0,0.0,0,469.44,0.0,1,2.35,0.01,SPY211126P00419000,419.0,0,0.0,0.0,,0.0,normalDay
2021-11-26,6666.0,0.0,235.0,0,458.97,0.0,1,2.35,0.0,SPY211126P00419000,419.0,0,0.0,0.0,,0.0,expirationDay
2021-11-29,6666.0,-6.0,0.0,0,464.6,0.0,1,9.65,9.71,SPY220121P00455000,455.0,0,0.0,0.0,,0.0,normalDay
2021-11-30,6666.0,-367.0,0.0,0,455.56,0.0,1,9.65,13.32,SPY220121P00455000,455.0,0,0.0,0.0,,0.0,normalDay
2021-12-01,6666.0,-870.0,0.0,0,450.5,0.0,1,9.65,18.35,SPY220121P00455000,455.0,0,0.0,0.0,,0.0,normalDay
2021-12-02,6666.0,-397.0,0.0,0,457.4,0.0,1,9.65,13.62,SPY220121P00455000,455.0,0,0.0,0.0,,0.0,normalDay
2021-12-03,6666.0,-619.0,0.0,0,453.42,0.0,1,9.65,15.84,SPY220121P00455000,455.0,0,0.0,0.0,,0.0,normalDay
2021-12-06,6666.0,-261.0,0.0,0,458.79,0.0,1,9.65,12.26,SPY220121P00455000,455.0,0,0.0,0.0,,0.0,normalDay
2021-12-07,6666.0,206.0,0.0,0,468.28,0.0,1,9.65,7.59,SPY220121P00455000,455.0,0,0.0,0.0,,0.0,normalDay
2021-12-08,6666.0,312.0,0.0,0,469.52,0.0,1,9.65,6.53,SPY220121P00455000,455.0,0,0.0,0.0,,0.0,normalDay
2021-12-09,6666.0,205.0,0.0,0,466.35,0.0,1,9.65,7.6,SPY220121P00455000,455.0,0,0.0,0.0,,0.0,normalDay
2021-12-10,6666.0,404.0,0.0,0,470.74,0.0,1,9.65,5.61,SPY220121P00455000,455.0,0,0.0,0.0,,0.0,normalDay
2021-12-13,6666.0,277.0,0.0,0,466.57,0.0,1,9.65,6.88,SPY220121P00455000,455.0,0,0.0,0.0,,0.0,normalDay
2021-12-14,6666.0,142.0,0.0,0,463.36,0.0,1,9.65,8.23,SPY220121P00455000,455.0,0,0.0,0.0,,0.0,normalDay
2021-12-15,6666.0,445.0,0.0,0,470.6,0.0,1,9.65,5.2,SPY220121P00455000,455.0,0,0.0,0.0,,0.0,normalDay
2021-12-16,6666.0,329.0,0.0,0,466.45,0.0,1,9.65,6.36,SPY220121P00455000,455.0,0,0.0,0.0,,0.0,normalDay
2021-12-17,6666.0,141.0,0.0,0,459.87,0.0,1,9.65,8.24,SPY220121P00455000,455.0,0,0.0,0.0,,0.0,normalDay
2021-12-20,6666.0,-49.0,0.0,0,454.98,0.0,1,9.65,10.14,SPY220121P00455000,455.0,0,0.0,0.0,,0.0,normalDay
2021-12-21,6666.0,293.0,0.0,0,463.06,0.0,1,9.65,6.72,SPY220121P00455000,455.0,0,0.0,0.0,,0.0,normalDay
2021-12-22,6666.0,514.0,0.0,0,467.69,0.0,1,9.65,4.51,SPY220121P00455000,455.0,0,0.0,0.0,,0.0,normalDay
2021-12-23,6666.0,620.0,0.0,0,470.6,0.0,1,9.65,3.45,SPY220121P00455000,455.0,0,0.0,0.0,,0.0,normalDay
2021-12-27,6666.0,763.0,0.0,0,477.26,0.0,1,9.65,2.02,SPY220121P00455000,455.0,0,0.0,0.0,,0.0,normalDay
2021-12-28,6666.0,778.0,0.0,0,476.87,0.0,1,9.65,1.87,SPY220121P00455000,455.0,0,0.0,0.0,,0.0,normalDay
2021-12-29,6666.0,811.0,0.0,0,477.48,0.0,1,9.65,1.54,SPY220121P00455000,455.0,0,0.0,0.0,,0.0,normalDay
2021-12-30,6666.0,793.0,0.0,0,476.16,0.0,1,9.65,1.72,SPY220121P00455000,455.0,0,0.0,0.0,,0.0,normalDay
2021-12-31,6666.0,801.0,0.0,0,474.96,0.0,1,9.65,1.64,SPY220121P00455000,455.0,0,0.0,0.0,,0.0,normalDay
2022-01-03,6666.0,861.0,0.0,0,477.71,0.0,1,9.65,1.04,SPY220121P00455000,455.0,0,0.0,0.0,,0.0,normalDay
2022-01-04,6666.0,862.0,0.0,0,477.55,0.0,1,9.65,1.03,SPY220121P00455000,455.0,0,0.0,0.0,,0.0,normalDay
2022-01-05,6666.0,695.0,0.0,0,468.38,0.0,1,9.65,2.7,SPY220121P00455000,455.0,0,0.0,0.0,,0.0,normalDay
2022-01-06,6666.0,716.0,0.0,0,467.94,0.0,1,9.65,2.49,SPY220121P00455000,455.0,0,0.0,0.0,,0.0,normalDay
2022-01-07,6666.0,749.0,0.0,0,466.09,0.0,1,9.65,2.16,SPY220121P00455000,455.0,0,0.0,0.0,,0.0,normalDay
2022-01-10,6666.0,742.0,0.0,0,465.51,0.0,1,9.65,2.23,SPY220121P00455000,455.0,0,0.0,0.0,,0.0,normalDay
2022-01-11,6666.0,834.0,0.0,0,469.75,0.0,1,9.65,1.31,SPY220121P00455000,455.0,0,0.0,0.0,,0.0,normalDay
2022-01-12,6666.0,890.0,0.0,0,471.02,0.0,1,9.65,0.75,SPY220121P00455000,455.0,0,0.0,0.0,,0.0,normalDay
2022-01-13,6666.0,761.0,0.0,0,464.53,0.0,1,9.65,2.04,SPY220121P00455000,455.0,0,0.0,0.0,,0.0,normalDay
2022-01-14,6666.0,831.0,0.0,0,464.72,0.0,1,9.65,1.34,SPY220121P00455000,455.0,0,0.0,0.0,,0.0,normalDay
2022-01-18,6666.0,616.0,0.0,0,456.49,0.0,1,9.65,3.49,SPY220121P00455000,455.0,0,0.0,0.0,,0.0,normalDay
2022-01-19,6666.0,484.0,0.0,0,451.75,0.0,1,9.65,4.81,SPY220121P00455000,455.0,0,0.0,0.0,,0.0,normalDay
2022-01-20,6666.0,65.0,0.0,0,446.75,0.0,1,9.65,9.0,SPY220121P00455000,455.0,0,0.0,0.0,,0.0,normalDay
2022-01-21,7631.0,-1702.0,965.0,100,437.98,455.0,1,9.65,0.0,SPY220121P00455000,455.0,0,0.0,0.0,,0.0,expirationDay
2022-01-24,7631.0,-1843.0,0.0,100,439.84,455.0,0,0.0,0.0,,0.0,1,6.89,10.16,SPY220715C00475000,475.0,normalDay
2022-01-25,7631.0,-2112.0,0.0,100,434.47,455.0,0,0.0,0.0,,0.0,1,6.89,7.48,SPY220715C00475000,475.0,normalDay
2022-01-26,7631.0,-2226.0,0.0,100,433.38,455.0,0,0.0,0.0,,0.0,1,6.89,7.53,SPY220715C00475000,475.0,normalDay
2022-01-27,7631.0,-2330.0,0.0,100,431.24,455.0,0,0.0,0.0,,0.0,1,6.89,6.43,SPY220715C00475000,475.0,normalDay
2022-01-28,7631.0,-1483.0,0.0,100,441.95,455.0,0,0.0,0.0,,0.0,1,6.89,8.67,SPY220715C00475000,475.0,normalDay
2022-01-31,7631.0,-876.0,0.0,100,449.91,455.0,0,0.0,0.0,,0.0,1,6.89,10.56,SPY220715C00475000,475.0,normalDay
2022-02-01,7631.0,-623.0,0.0,100,452.95,455.0,0,0.0,0.0,,0.0,1,6.89,11.07,SPY220715C00475000,475.0,normalDay
2022-02-02,7631.0,-287.0,0.0,100,457.35,455.0,0,0.0,0.0,,0.0,1,6.89,12.11,SPY220715C00475000,475.0,normalDay
2022-02-03,7631.0,-1227.0,0.0,100,446.6,455.0,0,0.0,0.0,,0.0,1,6.89,10.76,SPY220715C00475000,475.0,normalDay
2022-02-04,7631.0,-940.0,0.0,100,448.7,455.0,0,0.0,0.0,,0.0,1,6.89,9.99,SPY220715C00475000,475.0,normalDay
2022-02-07,7631.0,-1033.0,0.0,100,447.26,455.0,0,0.0,0.0,,0.0,1,6.89,9.48,SPY220715C00475000,475.0,normalDay
2022-02-08,7631.0,-735.0,0.0,100,450.94,455.0,0,0.0,0.0,,0.0,1,6.89,10.18,SPY220715C00475000,475.0,normalDay
2022-02-09,7631.0,-288.0,0.0,100,457.54,455.0,0,0.0,0.0,,0.0,1,6.89,12.31,SPY220715C00475000,475.0,normalDay
2022-02-10,7631.0,-860.0,0.0,100,449.32,455.0,0,0.0,0.0,,0.0,1,6.89,9.81,SPY220715C00475000,475.0,normalDay
2022-02-11,7631.0,-1528.0,0.0,100,440.46,455.0,0,0.0,0.0,,0.0,1,6.89,7.63,SPY220715C00475000,475.0,normalDay
2022-02-14,7631.0,-1617.0,0.0,100,439.02,455.0,0,0.0,0.0,,0.0,1,6.89,7.08,SPY220715C00475000,475.0,normalDay
2022-02-15,7631.0,-1023.0,0.0,100,446.1,455.0,0,0.0,0.0,,0.0,1,6.89,8.22,SPY220715C00475000,475.0,normalDay
2022-02-16,7631.0,-943.0,0.0,100,446.6,455.0,0,0.0,0.0,,0.0,1,6.89,7.92,SPY220715C00475000,475.0,normalDay
2022-02-17,7631.0,-1702.0,0.0,100,437.06,455.0,0,0.0,0.0,,0.0,1,6.89,5.97,SPY220715C00475000,475.0,normalDay
2022-02-18,7631.0,-1918.0,0.0,100,434.23,455.0,0,0.0,0.0,,0.0,1,6.89,5.3,SPY220715C00475000,475.0,normalDay
2022-02-22,7631.0,-2313.0,0.0,100,429.57,455.0,0,0.0,0.0,,0.0,1,6.89,4.59,SPY220715C00475000,475.0,normalDay
2022-02-23,7631.0,-2953.0,0.0,100,421.95,455.0,0,0.0,0.0,,0.0,1,6.89,3.37,SPY220715C00475000,475.0,normalDay
2022-02-24,7631.0,-2386.0,0.0,100,428.3,455.0,0,0.0,0.0,,0.0,1,6.89,4.05,SPY220715C00475000,475.0,normalDay
2022-02-25,7631.0,-1630.0,0.0,100,437.75,455.0,0,0.0,0.0,,0.0,1,6.89,5.94,SPY220715C00475000,475.0,normalDay
2022-02-28,7631.0,-1751.0,0.0,100,436.63,455.0,0,0.0,0.0,,0.0,1,6.89,6.03,SPY220715C00475000,475.0,normalDay
2022-03-01,7631.0,-2354.0,0.0,100,429.98,455.0,0,0.0,0.0,,0.0,1,6.89,5.41,SPY220715C00475000,475.0,normalDay
2022-03-02,7631.0,-1666.0,0.0,100,437.89,455.0,0,0.0,0.0,,0.0,1,6.89,6.44,SPY220715C00475000,475.0,normalDay
2022-03-03,7631.0,-1832.0,0.0,100,435.71,455.0,0,0.0,0.0,,0.0,1,6.89,5.92,SPY220715C00475000,475.0,normalDay
2022-03-04,7631.0,-2115.0,0.0,100,432.17,455.0,0,0.0,0.0,,0.0,1,6.89,5.21,SPY220715C00475000,475.0,normalDay
2022-03-07,7631.0,-3218.0,0.0,100,419.43,455.0,0,0.0,0.0,,0.0,1,6.89,3.5,SPY220715C00475000,475.0,normalDay
2022-03-08,7631.0,-3473.0,0.0,100,416.25,455.0,0,0.0,0.0,,0.0,1,6.89,2.87,SPY220715C00475000,475.0,normalDay
2022-03-09,7631.0,-2527.0,0.0,100,427.41,455.0,0,0.0,0.0,,0.0,1,6.89,4.57,SPY220715C00475000,475.0,normalDay
2022-03-10,7631.0,-2624.0,0.0,100,425.48,455.0,0,0.0,0.0,,0.0,1,6.89,3.61,SPY220715C00475000,475.0,normalDay
2022-03-11,7631.0,-3088.0,0.0,100,420.07,455.0,0,0.0,0.0,,0.0,1,6.89,2.84,SPY220715C00475000,475.0,normalDay
2022-03-14,7631.0,-3367.0,0.0,100,417.0,455.0,0,0.0,0.0,,0.0,1,6.89,2.56,SPY220715C00475000,475.0,normalDay
2022-03-15,7631.0,-2543.0,0.0,100,426.17,455.0,0,0.0,0.0,,0.0,1,6.89,3.49,SPY220715C00475000,475.0,normalDay
2022-03-16,7631.0,-1692.0,0.0,100,435.62,455.0,0,0.0,0.0,,0.0,1,6.89,4.43,SPY220715C00475000,475.0,normalDay
2022-03-17,7631.0,-1204.0,0.0,100,441.07,455.0,0,0.0,0.0,,0.0,1,6.89,5.0,SPY220715C00475000,475.0,normalDay
2022-03-18,7631.0,-940.0,0.0,100,444.52,455.0,0,0.0,0.0,,0.0,1,6.89,5.81,SPY220715C00475000,475.0,normalDay
2022-03-21,7631.0,-927.0,0.0,100,444.39,455.0,0,0.0,0.0,,0.0,1,6.89,5.55,SPY220715C00475000,475.0,normalDay
2022-03-22,7631.0,-538.0,0.0,100,449.59,455.0,0,0.0,0.0,,0.0,1,6.89,6.86,SPY220715C00475000,475.0,normalDay
2022-03-23,7631.0,-940.0,0.0,100,443.8,455.0,0,0.0,0.0,,0.0,1,6.89,5.09,SPY220715C00475000,475.0,normalDay
2022-03-24,7631.0,-436.0,0.0,100,450.49,455.0,0,0.0,0.0,,0.0,1,6.89,6.74,SPY220715C00475000,475.0,normalDay
2022-03-25,7631.0,-265.0,0.0,100,452.69,455.0,0,0.0,0.0,,0.0,1,6.89,7.23,SPY220715C00475000,475.0,normalDay
2022-03-28,7631.0,-22.0,0.0,100,455.91,455.0,0,0.0,0.0,,0.0,1,6.89,8.02,SPY220715C00475000,475.0,normalDay
2022-03-29,7631.0,362.0,0.0,100,461.55,455.0,0,0.0,0.0,,0.0,1,6.89,9.82,SPY220715C00475000,475.0,normalDay
2022-03-30,7631.0,150.0,0.0,100,458.7,455.0,0,0.0,0.0,,0.0,1,6.89,9.09,SPY220715C00475000,475.0,normalDay
2022-03-31,7631.0,-327.0,0.0,100,451.64,455.0,0,0.0,0.0,,0.0,1,6.89,6.8,SPY220715C00475000,475.0,normalDay
2022-04-01,7631.0,-160.0,0.0,100,452.92,455.0,0,0.0,0.0,,0.0,1,6.89,6.41,SPY220715C00475000,475.0,normalDay
2022-04-04,7631.0,153.0,0.0,100,456.8,455.0,0,0.0,0.0,,0.0,1,6.89,7.16,SPY220715C00475000,475.0,normalDay
2022-04-05,7631.0,-296.0,0.0,100,451.03,455.0,0,0.0,0.0,,0.0,1,6.89,5.88,SPY220715C00475000,475.0,normalDay
2022-04-06,7631.0,-617.0,0.0,100,446.52,455.0,0,0.0,0.0,,0.0,1,6.89,4.58,SPY220715C00475000,475.0,normalDay
2022-04-07,7631.0,-442.0,0.0,100,448.77,455.0,0,0.0,0.0,,0.0,1,6.89,5.08,SPY220715C00475000,475.0,normalDay
2022-04-08,7631.0,-513.0,0.0,100,447.57,455.0,0,0.0,0.0,,0.0,1,6.89,4.59,SPY220715C00475000,475.0,normalDay
2022-04-11,7631.0,-1128.0,0.0,100,439.92,455.0,0,0.0,0.0,,0.0,1,6.89,3.09,SPY220715C00475000,475.0,normalDay
2022-04-12,7631.0,-1262.0,0.0,100,438.29,455.0,0,0.0,0.0,,0.0,1,6.89,2.8,SPY220715C00475000,475.0,normalDay
2022-04-13,7631.0,-799.0,0.0,100,443.31,455.0,0,0.0,0.0,,0.0,1,6.89,3.19,SPY220715C00475000,475.0,normalDay
2022-04-14,7631.0,-1270.0,0.0,100,437.79,455.0,0,0.0,0.0,,0.0,1,6.89,2.38,SPY220715C00475000,475.0,normalDay
2022-04-18,7631.0,-1240.0,0.0,100,437.97,455.0,0,0.0,0.0,,0.0,1,6.89,2.26,SPY220715C00475000,475.0,normalDay
2022-04-19,7631.0,-598.0,0.0,100,445.04,455.0,0,0.0,0.0,,0.0,1,6.89,2.91,SPY220715C00475000,475.0,normalDay
2022-04-20,7631.0,-661.0,0.0,100,444.71,455.0,0,0.0,0.0,,0.0,1,6.89,3.21,SPY220715C00475000,475.0,normalDay
2022-04-21,7631.0,-1212.0,0.0,100,438.06,455.0,0,0.0,0.0,,0.0,1,6.89,2.07,SPY220715C00475000,475.0,normalDay
2022-04-22,7631.0,-2321.0,0.0,100,426.04,455.0,0,0.0,0.0,,0.0,1,6.89,1.14,SPY220715C00475000,475.0,normalDay
2022-04-25,7631.0,-2080.0,0.0,100,428.51,455.0,0,0.0,0.0,,0.0,1,6.89,1.2,SPY220715C00475000,475.0,normalDay
2022-04-26,7631.0,-3270.0,0.0,100,416.1,455.0,0,0.0,0.0,,0.0,1,6.89,0.69,SPY220715C00475000,475.0,normalDay
2022-04-27,7631.0,-3162.0,0.0,100,417.27,455.0,0,0.0,0.0,,0.0,1,6.89,0.78,SPY220715C00475000,475.0,normalDay
2022-04-28,7631.0,-2154.0,0.0,100,427.81,455.0,0,0.0,0.0,,0.0,1,6.89,1.24,SPY220715C00475000,475.0,normalDay
2022-04-29,7631.0,-3677.0,0.0,100,412.0,455.0,0,0.0,0.0,,0.0,1,6.89,0.66,SPY220715C00475000,475.0,normalDay
2022-05-02,7631.0,-3437.0,0.0,100,414.48,455.0,0,0.0,0.0,,0.0,1,6.89,0.74,SPY220715C00475000,475.0,normalDay
2022-05-03,7631.0,-3232.0,0.0,100,416.38,455.0,0,0.0,0.0,,0.0,1,6.89,0.59,SPY220715C00475000,475.0,normalDay
2022-05-04,7631.0,-2009.0,0.0,100,429.06,455.0,0,0.0,0.0,,0.0,1,6.89,1.04,SPY220715C00475000,475.0,normalDay
2022-05-05,7631.0,-3488.0,0.0,100,413.81,455.0,0,0.0,0.0,,0.0,1,6.89,0.58,SPY220715C00475000,475.0,normalDay
2022-05-06,7631.0,-3721.0,0.0,100,411.34,455.0,0,0.0,0.0,,0.0,1,6.89,0.44,SPY220715C00475000,475.0,normalDay
2022-05-09,7631.0,-5026.0,0.0,100,398.17,455.0,0,0.0,0.0,,0.0,1,6.89,0.32,SPY220715C00475000,475.0,normalDay
2022-05-10,7631.0,-4927.0,0.0,100,399.09,455.0,0,0.0,0.0,,0.0,1,6.89,0.25,SPY220715C00475000,475.0,normalDay
2022-05-11,7631.0,-5557.0,0.0,100,392.75,455.0,0,0.0,0.0,,0.0,1,6.89,0.21,SPY220715C00475000,475.0,normalDay
2022-05-12,7631.0,-5595.0,0.0,100,392.34,455.0,0,0.0,0.0,,0.0,1,6.89,0.18,SPY220715C00475000,475.0,normalDay
2022-05-13,7631.0,-4656.0,0.0,100,401.72,455.0,0,0.0,0.0,,0.0,1,6.89,0.17,SPY220715C00475000,475.0,normalDay
2022-05-16,7631.0,-4813.0,0.0,100,400.09,455.0,0,0.0,0.0,,0.0,1,6.89,0.11,SPY220715C00475000,475.0,normalDay
2022-05-17,7631.0,-3994.0,0.0,100,408.32,455.0,0,0.0,0.0,,0.0,1,6.89,0.15,SPY220715C00475000,475.0,normalDay
2022-05-18,7631.0,-5632.0,0.0,100,391.86,455.0,0,0.0,0.0,,0.0,1,6.89,0.07,SPY220715C00475000,475.0,normalDay
2022-05-19,7631.0,-5872.0,0.0,100,389.46,455.0,0,0.0,0.0,,0.0,1,6.89,0.07,SPY220715C00475000,475.0,normalDay
2022-05-20,7631.0,-5856.0,0.0,100,389.63,455.0,0,0.0,0.0,,0.0,1,6.89,0.08,SPY220715C00475000,475.0,normalDay
2022-05-23,7631.0,-5130.0,0.0,100,396.92,455.0,0,0.0,0.0,,0.0,1,6.89,0.11,SPY220715C00475000,475.0,normalDay
2022-05-24,7631.0,-5433.0,0.0,100,393.89,455.0,0,0.0,0.0,,0.0,1,6.89,0.11,SPY220715C00475000,475.0,normalDay
2022-05-25,7631.0,-5086.0,0.0,100,397.37,455.0,0,0.0,0.0,,0.0,1,6.89,0.12,SPY220715C00475000,475.0,normalDay
2022-05-26,7631.0,-4297.0,0.0,100,405.31,455.0,0,0.0,0.0,,0.0,1,6.89,0.17,SPY220715C00475000,475.0,normalDay
2022-05-27,7631.0,-3308.0,0.0,100,415.26,455.0,0,0.0,0.0,,0.0,1,6.89,0.23,SPY220715C00475000,475.0,normalDay
2022-05-31,7631.0,-3531.0,0.0,100,412.93,455.0,0,0.0,0.0,,0.0,1,6.89,0.13,SPY220715C00475000,475.0,normalDay
2022-06-01,7631.0,-3862.0,0.0,100,409.59,455.0,0,0.0,0.0,,0.0,1,6.89,0.1,SPY220715C00475000,475.0,normalDay
2022-06-02,7631.0,-3085.0,0.0,100,417.39,455.0,0,0.0,0.0,,0.0,1,6.89,0.13,SPY220715C00475000,475.0,normalDay
2022-06-03,7631.0,-3766.0,0.0,100,410.54,455.0,0,0.0,0.0,,0.0,1,6.89,0.09,SPY220715C00475000,475.0,normalDay
2022-06-06,7631.0,-3640.0,0.0,100,411.79,455.0,0,0.0,0.0,,0.0,1,6.89,0.08,SPY220715C00475000,475.0,normalDay
2022-06-07,7631.0,-3245.0,0.0,100,415.74,455.0,0,0.0,0.0,,0.0,1,6.89,0.08,SPY220715C00475000,475.0,normalDay
2022-06-08,7631.0,-3695.0,0.0,100,411.22,455.0,0,0.0,0.0,,0.0,1,6.89,0.06,SPY220715C00475000,475.0,normalDay
2022-06-09,7631.0,-4672.0,0.0,100,401.44,455.0,0,0.0,0.0,,0.0,1,6.89,0.05,SPY220715C00475000,475.0,normalDay
2022-06-10,7631.0,-5834.0,0.0,100,389.8,455.0,0,0.0,0.0,,0.0,1,6.89,0.03,SPY220715C00475000,475.0,normalDay
2022-06-13,7631.0,-7315.0,0.0,100,375.0,455.0,0,0.0,0.0,,0.0,1,6.89,0.04,SPY220715C00475000,475.0,normalDay
2022-06-14,7631.0,-7428.0,0.0,100,373.87,455.0,0,0.0,0.0,,0.0,1,6.89,0.04,SPY220715C00475000,475.0,normalDay
2022-06-15,7631.0,-6894.0,0.0,100,379.2,455.0,0,0.0,0.0,,0.0,1,6.89,0.03,SPY220715C00475000,475.0,normalDay
2022-06-16,7631.0,-8149.0,0.0,100,366.65,455.0,0,0.0,0.0,,0.0,1,6.89,0.03,SPY220715C00475000,475.0,normalDay
2022-06-17,7631.0,-8228.0,0.0,100,365.86,455.0,0,0.0,0.0,,0.0,1,6.89,0.03,SPY220715C00475000,475.0,normalDay
2022-06-21,7631.0,-7306.0,0.0,100,375.07,455.0,0,0.0,0.0,,0.0,1,6.89,0.02,SPY220715C00475000,475.0,normalDay
2022-06-22,7631.0,-7374.0,0.0,100,374.39,455.0,0,0.0,0.0,,0.0,1,6.89,0.02,SPY220715C00475000,475.0,normalDay
2022-06-23,7631.0,-7007.0,0.0,100,378.06,455.0,0,0.0,0.0,,0.0,1,6.89,0.02,SPY220715C00475000,475.0,normalDay
2022-06-24,7631.0,-5805.0,0.0,100,390.08,455.0,0,0.0,0.0,,0.0,1,6.89,0.02,SPY220715C00475000,475.0,normalDay
2022-06-27,7631.0,-5954.0,0.0,100,388.59,455.0,0,0.0,0.0,,0.0,1,6.89,0.02,SPY220715C00475000,475.0,normalDay
2022-06-28,7631.0,-6747.0,0.0,100,380.65,455.0,0,0.0,0.0,,0.0,1,6.89,0.01,SPY220715C00475000,475.0,normalDay
2022-06-29,7631.0,-6778.0,0.0,100,380.34,455.0,0,0.0,0.0,,0.0,1,6.89,0.01,SPY220715C00475000,475.0,normalDay
2022-06-30,7631.0,-7087.0,0.0,100,377.25,455.0,0,0.0,0.0,,0.0,1,6.89,0.01,SPY220715C00475000,475.0,normalDay
2022-07-01,7631.0,-6688.0,0.0,100,381.24,455.0,0,0.0,0.0,,0.0,1,6.89,0.01,SPY220715C00475000,475.0,normalDay
2022-07-05,7631.0,-6616.0,0.0,100,381.96,455.0,0,0.0,0.0,,0.0,1,6.89,0.01,SPY220715C00475000,475.0,normalDay
2022-07-06,7631.0,-6487.0,0.0,100,383.25,455.0,0,0.0,0.0,,0.0,1,6.89,0.01,SPY220715C00475000,475.0,normalDay
2022-07-07,7631.0,-5913.0,0.0,100,388.99,455.0,0,0.0,0.0,,0.0,1,6.89,0.01,SPY220715C00475000,475.0,normalDay
2022-07-08,7631.0,-5945.0,0.0,100,388.67,455.0,0,0.0,0.0,,0.0,1,6.89,0.01,SPY220715C00475000,475.0,normalDay
2022-07-11,7631.0,-6389.0,0.0,100,384.23,455.0,0,0.0,0.0,,0.0,1,6.89,0.01,SPY220715C00475000,475.0,normalDay
2022-07-12,7631.0,-6729.0,0.0,100,380.83,455.0,0,0.0,0.0,,0.0,1,6.89,0.01,SPY220715C00475000,475.0,normalDay
2022-07-13,7631.0,-6929.0,0.0,100,378.83,455.0,0,0.0,0.0,,0.0,1,6.89,0.01,SPY220715C00475000,475.0,normalDay
2022-07-14,7631.0,-7021.0,0.0,100,377.91,455.0,0,0.0,0.0,,0.0,1,6.89,0.01,SPY220715C00475000,475.0,normalDay
2022-07-15,8320.0,-6987.0,689.0,100,385.13,455.0,0,0.0,0.0,,0.0,1,6.89,0.0,SPY220715C00475000,475.0,expirationDay
2022-07-18,8320.0,-7319.0,0.0,100,381.95,455.0,0,0.0,0.0,,0.0,1,25.85,25.99,SPY230120C00385000,385.0,normalDay
2022-07-19,8320.0,-6933.0,0.0,100,392.27,455.0,0,0.0,0.0,,0.0,1,25.85,32.45,SPY230120C00385000,385.0,normalDay
2022-07-20,8320.0,-6837.0,0.0,100,394.77,455.0,0,0.0,0.0,,0.0,1,25.85,33.99,SPY230120C00385000,385.0,normalDay
2022-07-21,8320.0,-6632.0,0.0,100,398.79,455.0,0,0.0,0.0,,0.0,1,25.85,35.96,SPY230120C00385000,385.0,normalDay
2022-07-22,8320.0,-6721.0,0.0,100,395.09,455.0,0,0.0,0.0,,0.0,1,25.85,33.15,SPY230120C00385000,385.0,normalDay
2022-07-25,8320.0,-6746.0,0.0,100,395.57,455.0,0,0.0,0.0,,0.0,1,25.85,33.88,SPY230120C00385000,385.0,normalDay
2022-07-26,8320.0,-7063.0,0.0,100,390.89,455.0,0,0.0,0.0,,0.0,1,25.85,32.37,SPY230120C00385000,385.0,normalDay
2022-07-27,8320.0,-6456.0,0.0,100,401.04,455.0,0,0.0,0.0,,0.0,1,25.85,36.45,SPY230120C00385000,385.0,normalDay
2022-07-28,8320.0,-6398.0,0.0,100,406.07,455.0,0,0.0,0.0,,0.0,1,25.85,40.9,SPY230120C00385000,385.0,normalDay
2022-07-29,8320.0,-6126.0,0.0,100,411.99,455.0,0,0.0,0.0,,0.0,1,25.85,44.1,SPY230120C00385000,385.0,normalDay
2022-08-01,8320.0,-6213.0,0.0,100,410.77,455.0,0,0.0,0.0,,0.0,1,25.85,43.75,SPY230120C00385000,385.0,normalDay
2022-08-02,8320.0,-6303.0,0.0,100,408.06,455.0,0,0.0,0.0,,0.0,1,25.85,41.94,SPY230120C00385000,385.0,normalDay
2022-08-03,8320.0,-6049.0,0.0,100,414.45,455.0,0,0.0,0.0,,0.0,1,25.85,45.79,SPY230120C00385000,385.0,normalDay
2022-08-04,8320.0,-6091.0,0.0,100,414.17,455.0,0,0.0,0.0,,0.0,1,25.85,45.93,SPY230120C00385000,385.0,normalDay
2022-08-05,8320.0,-6058.0,0.0,100,413.47,455.0,0,0.0,0.0,,0.0,1,25.85,44.9,SPY230120C00385000,385.0,normalDay
2022-08-08,8320.0,-6098.0,0.0,100,412.99,455.0,0,0.0,0.0,,0.0,1,25.85,44.82,SPY230120C00385000,385.0,normalDay
2022-08-09,8320.0,-6153.0,0.0,100,411.35,455.0,0,0.0,0.0,,0.0,1,25.85,43.73,SPY230120C00385000,385.0,normalDay
2022-08-10,8320.0,-5860.0,0.0,100,419.99,455.0,0,0.0,0.0,,0.0,1,25.85,49.44,SPY230120C00385000,385.0,normalDay
2022-08-11,8320.0,-5910.0,0.0,100,419.99,455.0,0,0.0,0.0,,0.0,1,25.85,49.94,SPY230120C00385000,385.0,normalDay
2022-08-12,8320.0,-5664.0,0.0,100,427.1,455.0,0,0.0,0.0,,0.0,1,25.85,54.59,SPY230120C00385000,385.0,normalDay
2022-08-15,8320.0,-5637.0,0.0,100,428.86,455.0,0,0.0,0.0,,0.0,1,25.85,56.08,SPY230120C00385000,385.0,normalDay
2022-08-16,8320.0,-5606.0,0.0,100,429.7,455.0,0,0.0,0.0,,0.0,1,25.85,56.61,SPY230120C00385000,385.0,normalDay
2022-08-17,8320.0,-5721.0,0.0,100,426.65,455.0,0,0.0,0.0,,0.0,1,25.85,54.71,SPY230120C00385000,385.0,normalDay
2022-08-18,8320.0,-5635.0,0.0,100,427.89,455.0,0,0.0,0.0,,0.0,1,25.85,55.09,SPY230120C00385000,385.0,normalDay
2022-08-19,8320.0,-5787.0,0.0,100,422.14,455.0,0,0.0,0.0,,0.0,1,25.85,50.86,SPY230120C00385000,385.0,normalDay
2022-08-22,8320.0,-6043.0,0.0,100,413.35,455.0,0,0.0,0.0,,0.0,1,25.85,44.63,SPY230120C00385000,385.0,normalDay
2022-08-23,8320.0,-5996.0,0.0,100,412.35,455.0,0,0.0,0.0,,0.0,1,25.85,43.16,SPY230120C00385000,385.0,normalDay
2022-08-24,8320.0,-5930.0,0.0,100,413.67,455.0,0,0.0,0.0,,0.0,1,25.85,43.82,SPY230120C00385000,385.0,normalDay
2022-08-25,8320.0,-5728.0,0.0,100,419.51,455.0,0,0.0,0.0,,0.0,1,25.85,47.64,SPY230120C00385000,385.0,normalDay
2022-08-26,8320.0,-6167.0,0.0,100,405.31,455.0,0,0.0,0.0,,0.0,1,25.85,37.83,SPY230120C00385000,385.0,normalDay
2022-08-29,8320.0,-6248.0,0.0,100,402.63,455.0,0,0.0,0.0,,0.0,1,25.85,35.96,SPY230120C00385000,385.0,normalDay
2022-08-30,8320.0,-6377.0,0.0,100,398.21,455.0,0,0.0,0.0,,0.0,1,25.85,32.83,SPY230120C00385000,385.0,normalDay
2022-08-31,8320.0,-6459.0,0.0,100,395.18,455.0,0,0.0,0.0,,0.0,1,25.85,30.62,SPY230120C00385000,385.0,normalDay
2022-09-01,8320.0,-6362.0,0.0,100,396.42,455.0,0,0.0,0.0,,0.0,1,25.85,30.89,SPY230120C00385000,385.0,normalDay
2022-09-02,8320.0,-6524.0,0.0,100,392.24,455.0,0,0.0,0.0,,0.0,1,25.85,28.33,SPY230120C00385000,385.0,normalDay
2022-09-06,8320.0,-6532.0,0.0,100,390.76,455.0,0,0.0,0.0,,0.0,1,25.85,26.93,SPY230120C00385000,385.0,normalDay
2022-09-07,8320.0,-6370.0,0.0,100,397.78,455.0,0,0.0,0.0,,0.0,1,25.85,32.33,SPY230120C00385000,385.0,normalDay
2022-09-08,8320.0,-6142.0,0.0,100,400.38,455.0,0,0.0,0.0,,0.0,1,25.85,32.65,SPY230120C00385000,385.0,normalDay
2022-09-09,8320.0,-5896.0,0.0,100,406.6,455.0,0,0.0,0.0,,0.0,1,25.85,36.41,SPY230120C00385000,385.0,normalDay
2022-09-12,8320.0,-5824.0,0.0,100,410.97,455.0,0,0.0,0.0,,0.0,1,25.85,40.06,SPY230120C00385000,385.0,normalDay
2022-09-13,8320.0,-6484.0,0.0,100,393.1,455.0,0,0.0,0.0,,0.0,1,25.85,28.79,SPY230120C00385000,385.0,normalDay
2022-09-14,8320.0,-6335.0,0.0,100,394.6,455.0,0,0.0,0.0,,0.0,1,25.85,28.8,SPY230120C00385000,385.0,normalDay
2022-09-15,8320.0,-6534.0,0.0,100,390.12,455.0,0,0.0,0.0,,0.0,1,25.85,26.31,SPY230120C00385000,385.0,normalDay
2022-09-16,8320.0,-6771.0,0.0,100,385.56,455.0,0,0.0,0.0,,0.0,1,25.85,24.12,SPY230120C00385000,385.0,normalDay
2022-09-19,8320.0,-6605.0,0.0,100,388.55,455.0,0,0.0,0.0,,0.0,1,25.85,25.45,SPY230120C00385000,385.0,normalDay
2022-09-20,8320.0,-6815.0,0.0,100,384.09,455.0,0,0.0,0.0,,0.0,1,25.85,23.09,SPY230120C00385000,385.0,normalDay
2022-09-21,8320.0,-7095.0,0.0,100,377.39,455.0,0,0.0,0.0,,0.0,1,25.85,19.19,SPY230120C00385000,385.0,normalDay
2022-09-22,8320.0,-7205.0,0.0,100,374.22,455.0,0,0.0,0.0,,0.0,1,25.85,17.12,SPY230120C00385000,385.0,normalDay
2022-09-23,8320.0,-7554.0,0.0,100,367.95,455.0,0,0.0,0.0,,0.0,1,25.85,14.34,SPY230120C00385000,385.0,normalDay
2022-09-26,8320.0,-7766.0,0.0,100,364.31,455.0,0,0.0,0.0,,0.0,1,25.85,12.82,SPY230120C00385000,385.0,normalDay
2022-09-27,8320.0,-7828.0,0.0,100,363.38,455.0,0,0.0,0.0,,0.0,1,25.85,12.51,SPY230120C00385000,385.0,normalDay
2022-09-28,8320.0,-7374.0,0.0,100,370.53,455.0,0,0.0,0.0,,0.0,1,25.85,15.12,SPY230120C00385000,385.0,normalDay
2022-09-29,8320.0,-7809.0,0.0,100,362.79,455.0,0,0.0,0.0,,0.0,1,25.85,11.73,SPY230120C00385000,385.0,normalDay
2022-09-30,8320.0,-8148.0,0.0,100,357.18,455.0,0,0.0,0.0,,0.0,1,25.85,9.51,SPY230120C00385000,385.0,normalDay
2022-10-03,8320.0,-7521.0,0.0,100,366.61,455.0,0,0.0,0.0,,0.0,1,25.85,12.67,SPY230120C00385000,385.0,normalDay
2022-10-04,8320.0,-6898.0,0.0,100,377.97,455.0,0,0.0,0.0,,0.0,1,25.85,17.8,SPY230120C00385000,385.0,normalDay
2022-10-05,8320.0,-6956.0,0.0,100,377.09,455.0,0,0.0,0.0,,0.0,1,25.85,17.5,SPY230120C00385000,385.0,normalDay
2022-10-06,8320.0,-7159.0,0.0,100,373.2,455.0,0,0.0,0.0,,0.0,1,25.85,15.64,SPY230120C00385000,385.0,normalDay
2022-10-07,8320.0,-7713.0,0.0,100,362.79,455.0,0,0.0,0.0,,0.0,1,25.85,10.77,SPY230120C00385000,385.0,normalDay
2022-10-10,8320.0,-7933.0,0.0,100,360.02,455.0,0,0.0,0.0,,0.0,1,25.85,10.2,SPY230120C00385000,385.0,normalDay
2022-10-11,8320.0,-8092.0,0.0,100,357.74,455.0,0,0.0,0.0,,0.0,1,25.85,9.51,SPY230120C00385000,385.0,normalDay
2022-10-12,8320.0,-8166.0,0.0,100,356.56,455.0,0,0.0,0.0,,0.0,1,25.85,9.07,SPY230120C00385000,385.0,normalDay
2022-10-13,8320.0,-7566.0,0.0,100,365.97,455.0,0,0.0,0.0,,0.0,1,25.85,12.48,SPY230120C00385000,385.0,normalDay
2022-10-14,8320.0,-8059.0,0.0,100,357.63,455.0,0,0.0,0.0,,0.0,1,25.85,9.07,SPY230120C00385000,385.0,normalDay
2022-10-17,8320.0,-7494.0,0.0,100,366.82,455.0,0,0.0,0.0,,0.0,1,25.85,12.61,SPY230120C00385000,385.0,normalDay
2022-10-18,8320.0,-7249.0,0.0,100,371.13,455.0,0,0.0,0.0,,0.0,1,25.85,14.47,SPY230120C00385000,385.0,normalDay
2022-10-19,8320.0,-7336.0,0.0,100,368.5,455.0,0,0.0,0.0,,0.0,1,25.85,12.71,SPY230120C00385000,385.0,normalDay
2022-10-20,8320.0,-7502.0,0.0,100,365.41,455.0,0,0.0,0.0,,0.0,1,25.85,11.28,SPY230120C00385000,385.0,normalDay
2022-10-21,8320.0,-7011.0,0.0,100,374.29,455.0,0,0.0,0.0,,0.0,1,25.85,15.25,SPY230120C00385000,385.0,normalDay
2022-10-24,8320.0,-6762.0,0.0,100,378.87,455.0,0,0.0,0.0,,0.0,1,25.85,17.34,SPY230120C00385000,385.0,normalDay
2022-10-25,8320.0,-6359.0,0.0,100,384.92,455.0,0,0.0,0.0,,0.0,1,25.85,19.36,SPY230120C00385000,385.0,normalDay
2022-10-26,8320.0,-6560.0,0.0,100,382.02,455.0,0,0.0,0.0,,0.0,1,25.85,18.47,SPY230120C00385000,385.0,normalDay
2022-10-27,8320.0,-6386.0,0.0,100,379.98,455.0,0,0.0,0.0,,0.0,1,25.85,14.69,SPY230120C00385000,385.0,normalDay
2022-10-28,8320.0,-6157.0,0.0,100,389.02,455.0,0,0.0,0.0,,0.0,1,25.85,21.44,SPY230120C00385000,385.0,normalDay
2022-10-31,8320.0,-6229.0,0.0,100,386.21,455.0,0,0.0,0.0,,0.0,1,25.85,19.35,SPY230120C00385000,385.0,normalDay
2022-11-01,8320.0,-6252.0,0.0,100,384.52,455.0,0,0.0,0.0,,0.0,1,25.85,17.89,SPY230120C00385000,385.0,normalDay
2022-11-02,8320.0,-6705.0,0.0,100,374.87,455.0,0,0.0,0.0,,0.0,1,25.85,12.77,SPY230120C00385000,385.0,normalDay
2022-11-03,8320.0,-6891.0,0.0,100,371.01,455.0,0,0.0,0.0,,0.0,1,25.85,10.77,SPY230120C00385000,385.0,normalDay
2022-11-04,8320.0,-6566.0,0.0,100,376.35,455.0,0,0.0,0.0,,0.0,1,25.85,12.86,SPY230120C00385000,385.0,normalDay
2022-11-07,8320.0,-6345.0,0.0,100,379.95,455.0,0,0.0,0.0,,0.0,1,25.85,14.25,SPY230120C00385000,385.0,normalDay
2022-11-08,8320.0,-6243.0,0.0,100,382.0,455.0,0,0.0,0.0,,0.0,1,25.85,15.28,SPY230120C00385000,385.0,normalDay
2022-11-09,8320.0,-6675.0,0.0,100,374.13,455.0,0,0.0,0.0,,0.0,1,25.85,11.73,SPY230120C00385000,385.0,normalDay
2022-11-10,8320.0,-5731.0,0.0,100,394.69,455.0,0,0.0,0.0,,0.0,1,25.85,22.85,SPY230120C00385000,385.0,normalDay
2022-11-11,8320.0,-5525.0,0.0,100,398.51,455.0,0,0.0,0.0,,0.0,1,25.85,24.61,SPY230120C00385000,385.0,normalDay
2022-11-14,8320.0,-5663.0,0.0,100,395.12,455.0,0,0.0,0.0,,0.0,1,25.85,22.6,SPY230120C00385000,385.0,normalDay
2022-11-15,8320.0,-5531.0,0.0,100,398.49,455.0,0,0.0,0.0,,0.0,1,25.85,24.65,SPY230120C00385000,385.0,normalDay
2022-11-16,8320.0,-5592.0,0.0,100,395.45,455.0,0,0.0,0.0,,0.0,1,25.85,22.22,SPY230120C00385000,385.0,normalDay
2022-11-17,8320.0,-5589.0,0.0,100,394.24,455.0,0,0.0,0.0,,0.0,1,25.85,20.98,SPY230120C00385000,385.0,normalDay
2022-11-18,8320.0,-5465.0,0.0,100,396.03,455.0,0,0.0,0.0,,0.0,1,25.85,21.53,SPY230120C00385000,385.0,normalDay
2022-11-21,8320.0,-5474.0,0.0,100,394.59,455.0,0,0.0,0.0,,0.0,1,25.85,20.18,SPY230120C00385000,385.0,normalDay
2022-11-22,8320.0,-5244.0,0.0,100,399.9,455.0,0,0.0,0.0,,0.0,1,25.85,23.19,SPY230120C00385000,385.0,normalDay
2022-11-23,8320.0,-5150.0,0.0,100,402.42,455.0,0,0.0,0.0,,0.0,1,25.85,24.77,SPY230120C00385000,385.0,normalDay
2022-11-25,8320.0,-5339.0,0.0,100,402.33,455.0,0,0.0,0.0,,0.0,1,25.85,26.57,SPY230120C00385000,385.0,normalDay
2022-11-28,8320.0,-5345.0,0.0,100,395.91,455.0,0,0.0,0.0,,0.0,1,25.85,20.21,SPY230120C00385000,385.0,normalDay
2022-11-29,8320.0,-5322.0,0.0,100,395.23,455.0,0,0.0,0.0,,0.0,1,25.85,19.3,SPY230120C00385000,385.0,normalDay
2022-11-30,8320.0,-4988.0,0.0,100,407.68,455.0,0,0.0,0.0,,0.0,1,25.85,28.41,SPY230120C00385000,385.0,normalDay
2022-12-01,8320.0,-4915.0,0.0,100,407.38,455.0,0,0.0,0.0,,0.0,1,25.85,27.38,SPY230120C00385000,385.0,normalDay
2022-12-02,8320.0,-4872.0,0.0,100,406.91,455.0,0,0.0,0.0,,0.0,1,25.85,26.48,SPY230120C00385000,385.0,normalDay
2022-12-05,8320.0,-5076.0,0.0,100,399.59,455.0,0,0.0,0.0,,0.0,1,25.85,21.2,SPY230120C00385000,385.0,normalDay
2022-12-06,8320.0,-5298.0,0.0,100,393.83,455.0,0,0.0,0.0,,0.0,1,25.85,17.66,SPY230120C00385000,385.0,normalDay
2022-12-07,8320.0,-5317.0,0.0,100,393.16,455.0,0,0.0,0.0,,0.0,1,25.85,17.18,SPY230120C00385000,385.0,normalDay
2022-12-08,8320.0,-5180.0,0.0,100,396.24,455.0,0,0.0,0.0,,0.0,1,25.85,18.89,SPY230120C00385000,385.0,normalDay
2022-12-09,8320.0,-5278.0,0.0,100,393.28,455.0,0,0.0,0.0,,0.0,1,25.85,16.91,SPY230120C00385000,385.0,normalDay
2022-12-12,8320.0,-5074.0,0.0,100,398.95,455.0,0,0.0,0.0,,0.0,1,25.85,20.54,SPY230120C00385000,385.0,normalDay
2022-12-13,8320.0,-4934.0,0.0,100,401.97,455.0,0,0.0,0.0,,0.0,1,25.85,22.16,SPY230120C00385000,385.0,normalDay
2022-12-14,8320.0,-4967.0,0.0,100,399.4,455.0,0,0.0,0.0,,0.0,1,25.85,19.92,SPY230120C00385000,385.0,normalDay
2022-12-15,8320.0,-5232.0,0.0,100,389.63,455.0,0,0.0,0.0,,0.0,1,25.85,12.8,SPY230120C00385000,385.0,normalDay
2022-12-16,8320.0,-5561.0,0.0,100,383.27,455.0,0,0.0,0.0,,0.0,1,25.85,9.73,SPY230120C00385000,385.0,normalDay
2022-12-19,8320.0,-5665.0,0.0,100,380.02,455.0,0,0.0,0.0,,0.0,1,25.85,7.52,SPY230120C00385000,385.0,normalDay
2022-12-20,8320.0,-5616.0,0.0,100,380.54,455.0,0,0.0,0.0,,0.0,1,25.85,7.55,SPY230120C00385000,385.0,normalDay
2022-12-21,8320.0,-5293.0,0.0,100,386.23,455.0,0,0.0,0.0,,0.0,1,25.85,10.01,SPY230120C00385000,385.0,normalDay
2022-12-22,8320.0,-5582.0,0.0,100,380.72,455.0,0,0.0,0.0,,0.0,1,25.85,7.39,SPY230120C00385000,385.0,normalDay
2022-12-23,8320.0,-5419.0,0.0,100,382.91,455.0,0,0.0,0.0,,0.0,1,25.85,7.95,SPY230120C00385000,385.0,normalDay
2022-12-27,8320.0,-5475.0,0.0,100,381.4,455.0,0,0.0,0.0,,0.0,1,25.85,7.0,SPY230120C00385000,385.0,normalDay
2022-12-28,8320.0,-5741.0,0.0,100,376.66,455.0,0,0.0,0.0,,0.0,1,25.85,4.92,SPY230120C00385000,385.0,normalDay
2022-12-29,8320.0,-5314.0,0.0,100,383.44,455.0,0,0.0,0.0,,0.0,1,25.85,7.43,SPY230120C00385000,385.0,normalDay
2022-12-30,8320.0,-5365.0,0.0,100,382.43,455.0,0,0.0,0.0,,0.0,1,25.85,6.93,SPY230120C00385000,385.0,normalDay
2023-01-03,8320.0,-5372.0,0.0,100,380.82,455.0,0,0.0,0.0,,0.0,1,25.85,5.39,SPY230120C00385000,385.0,normalDay
2023-01-04,8320.0,-5196.0,0.0,100,383.76,455.0,0,0.0,0.0,,0.0,1,25.85,6.57,SPY230120C00385000,385.0,normalDay
2023-01-05,8320.0,-5419.0,0.0,100,379.38,455.0,0,0.0,0.0,,0.0,1,25.85,4.42,SPY230120C00385000,385.0,normalDay
2023-01-06,8320.0,-4911.0,0.0,100,388.08,455.0,0,0.0,0.0,,0.0,1,25.85,8.04,SPY230120C00385000,385.0,normalDay
2023-01-09,8320.0,-4898.0,0.0,100,387.86,455.0,0,0.0,0.0,,0.0,1,25.85,7.69,SPY230120C00385000,385.0,normalDay
2023-01-10,8320.0,-4772.0,0.0,100,390.58,455.0,0,0.0,0.0,,0.0,1,25.85,9.15,SPY230120C00385000,385.0,normalDay
2023-01-11,8320.0,-4650.0,0.0,100,395.52,455.0,0,0.0,0.0,,0.0,1,25.85,12.87,SPY230120C00385000,385.0,normalDay
2023-01-12,8320.0,-4523.0,0.0,100,396.96,455.0,0,0.0,0.0,,0.0,1,25.85,13.04,SPY230120C00385000,385.0,normalDay
2023-01-13,8320.0,-4451.0,0.0,100,398.5,455.0,0,0.0,0.0,,0.0,1,25.85,13.86,SPY230120C00385000,385.0,normalDay
2023-01-17,8320.0,-4465.0,0.0,100,397.77,455.0,0,0.0,0.0,,0.0,1,25.85,13.27,SPY230120C00385000,385.0,normalDay
2023-01-18,8320.0,-4470.0,0.0,100,391.49,455.0,0,0.0,0.0,,0.0,1,25.85,7.04,SPY230120C00385000,385.0,normalDay
2023-01-19,8320.0,-4487.0,0.0,100,388.64,455.0,0,0.0,0.0,,0.0,1,25.85,4.36,SPY230120C00385000,385.0,normalDay
2023-01-20,3905.0,-4487.0,-4415.0,0,395.88,0.0,0,0.0,0.0,,0.0,1,25.85,0.0,SPY230120C00385000,385.0,expirationDay
2023-01-23,3905.0,-3.0,0.0,0,400.63,0.0,1,2.19,2.22,SPY230317P00362000,362.0,0,0.0,0.0,,0.0,normalDay
2023-01-24,3905.0,20.0,0.0,0,400.2,0.0,1,2.19,1.99,SPY230317P00362000,362.0,0,0.0,0.0,,0.0,normalDay
2023-01-25,3905.0,17.0,0.0,0,400.35,0.0,1,2.19,2.02,SPY230317P00362000,362.0,0,0.0,0.0,,0.0,normalDay
2023-01-26,3905.0,57.0,0.0,0,404.75,0.0,1,2.19,1.62,SPY230317P00362000,362.0,0,0.0,0.0,,0.0,normalDay
2023-01-27,3905.0,69.0,0.0,0,405.68,0.0,1,2.19,1.5,SPY230317P00362000,362.0,0,0.0,0.0,,0.0,normalDay
2023-01-30,3905.0,33.0,0.0,0,400.59,0.0,1,2.19,1.86,SPY230317P00362000,362.0,0,0.0,0.0,,0.0,normalDay
2023-01-31,3905.0,77.0,0.0,0,406.48,0.0,1,2.19,1.42,SPY230317P00362000,362.0,0,0.0,0.0,,0.0,normalDay
2023-02-01,3905.0,119.0,0.0,0,410.8,0.0,1,2.19,1.0,SPY230317P00362000,362.0,0,0.0,0.0,,0.0,normalDay
2023-02-02,3905.0,115.0,0.0,0,416.78,0.0,1,2.19,1.04,SPY230317P00362000,362.0,0,0.0,0.0,,0.0,normalDay
2023-02-03,3905.0,120.0,0.0,0,412.35,0.0,1,2.19,0.99,SPY230317P00362000,362.0,0,0.0,0.0,,0.0,normalDay
2023-02-06,3905.0,113.0,0.0,0,409.83,0.0,1,2.19,1.06,SPY230317P00362000,362.0,0,0.0,0.0,,0.0,normalDay
2023-02-07,3905.0,143.0,0.0,0,415.19,0.0,1,2.19,0.76,SPY230317P00362000,362.0,0,0.0,0.0,,0.0,normalDay
2023-02-08,3905.0,123.0,0.0,0,410.65,0.0,1,2.19,0.96,SPY230317P00362000,362.0,0,0.0,0.0,,0.0,normalDay
2023-02-09,3905.0,104.0,0.0,0,407.09,0.0,1,2.19,1.15,SPY230317P00362000,362.0,0,0.0,0.0,,0.0,normalDay
2023-02-10,3905.0,118.0,0.0,0,408.04,0.0,1,2.19,1.01,SPY230317P00362000,362.0,0,0.0,0.0,,0.0,normalDay
2023-02-13,3905.0,152.0,0.0,0,412.83,0.0,1,2.19,0.67,SPY230317P00362000,362.0,0,0.0,0.0,,0.0,normalDay
2023-02-14,3905.0,167.0,0.0,0,412.64,0.0,1,2.19,0.52,SPY230317P00362000,362.0,0,0.0,0.0,,0.0,normalDay
2023-02-15,3905.0,176.0,0.0,0,413.98,0.0,1,2.19,0.43,SPY230317P00362000,362.0,0,0.0,0.0,,0.0,normalDay
2023-02-16,3905.0,145.0,0.0,0,408.28,0.0,1,2.19,0.74,SPY230317P00362000,362.0,0,0.0,0.0,,0.0,normalDay
2023-02-17,3905.0,154.0,0.0,0,407.26,0.0,1,2.19,0.65,SPY230317P00362000,362.0,0,0.0,0.0,,0.0,normalDay
2023-02-21,3905.0,120.0,0.0,0,399.09,0.0,1,2.19,0.99,SPY230317P00362000,362.0,0,0.0,0.0,,0.0,normalDay
2023-02-22,3905.0,133.0,0.0,0,398.54,0.0,1,2.19,0.86,SPY230317P00362000,362.0,0,0.0,0.0,,0.0,normalDay
2023-02-23,3905.0,159.0,0.0,0,400.66,0.0,1,2.19,0.6,SPY230317P00362000,362.0,0,0.0,0.0,,0.0,normalDay
2023-02-24,3905.0,149.0,0.0,0,396.38,0.0,1,2.19,0.7,SPY230317P00362000,362.0,0,0.0,0.0,,0.0,normalDay
2023-02-27,3905.0,177.0,0.0,0,397.73,0.0,1,2.19,0.42,SPY230317P00362000,362.0,0,0.0,0.0,,0.0,normalDay
2023-02-28,3905.0,178.0,0.0,0,396.26,0.0,1,2.19,0.41,SPY230317P00362000,362.0,0,0.0,0.0,,0.0,normalDay
2023-03-01,3905.0,182.0,0.0,0,394.74,0.0,1,2.19,0.37,SPY230317P00362000,362.0,0,0.0,0.0,,0.0,normalDay
2023-03-02,3905.0,198.0,0.0,0,397.81,0.0,1,2.19,0.21,SPY230317P00362000,362.0,0,0.0,0.0,,0.0,normalDay
2023-03-03,3905.0,206.0,0.0,0,404.19,0.0,1,2.19,0.13,SPY230317P00362000,362.0,0,0.0,0.0,,0.0,normalDay
2023-03-06,3905.0,208.0,0.0,0,404.47,0.0,1,2.19,0.11,SPY230317P00362000,362.0,0,0.0,0.0,,0.0,normalDay
2023-03-07,3905.0,202.0,0.0,0,398.27,0.0,1,2.19,0.17,SPY230317P00362000,362.0,0,0.0,0.0,,0.0,normalDay
2023-03-08,3905.0,208.0,0.0,0,398.92,0.0,1,2.19,0.11,SPY230317P00362000,362.0,0,0.0,0.0,,0.0,normalDay
2023-03-09,3905.0,182.0,0.0,0,391.56,0.0,1,2.19,0.37,SPY230317P00362000,362.0,0,0.0,0.0,,0.0,normalDay
2023-03-10,3905.0,165.0,0.0,0,385.91,0.0,1,2.19,0.54,SPY230317P00362000,362.0,0,0.0,0.0,,0.0,normalDay
2023-03-13,3905.0,169.0,0.0,0,385.36,0.0,1,2.19,0.5,SPY230317P00362000,362.0,0,0.0,0.0,,0.0,normalDay
2023-03-14,3905.0,209.0,0.0,0,391.73,0.0,1,2.19,0.1,SPY230317P00362000,362.0,0,0.0,0.0,,0.0,normalDay
2023-03-15,3905.0,212.0,0.0,0,389.28,0.0,1,2.19,0.07,SPY230317P00362000,362.0,0,0.0,0.0,,0.0,normalDay
2023-03-16,3905.0,217.0,0.0,0,396.11,0.0,1,2.19,0.02,SPY230317P00362000,362.0,0,0.0,0.0,,0.0,normalDay
2023-03-17,4124.0,0.0,219.0,0,389.99,0.0,1,2.19,0.0,SPY230317P00362000,362.0,0,0.0,0.0,,0.0,expirationDay
2023-03-20,4124.0,-7.0,0.0,0,393.74,0.0,1,5.2,5.27,SPY230428P00377000,377.0,0,0.0,0.0,,0.0,normalDay
2023-03-21,4124.0,178.0,0.0,0,398.91,0.0,1,5.2,3.42,SPY230428P00377000,377.0,0,0.0,0.0,,0.0,normalDay
2023-03-22,4124.0,33.0,0.0,0,392.11,0.0,1,5.2,4.87,SPY230428P00377000,377.0,0,0.0,0.0,,0.0,normalDay
2023-03-23,4124.0,43.0,0.0,0,393.17,0.0,1,5.2,4.77,SPY230428P00377000,377.0,0,0.0,0.0,,0.0,normalDay
2023-03-24,4124.0,129.0,0.0,0,395.75,0.0,1,5.2,3.91,SPY230428P00377000,377.0,0,0.0,0.0,,0.0,normalDay
2023-03-27,4124.0,219.0,0.0,0,396.49,0.0,1,5.2,3.01,SPY230428P00377000,377.0,0,0.0,0.0,,0.0,normalDay
2023-03-28,4124.0,245.0,0.0,0,395.6,0.0,1,5.2,2.75,SPY230428P00377000,377.0,0,0.0,0.0,,0.0,normalDay
2023-03-29,4124.0,333.0,0.0,0,401.35,0.0,1,5.2,1.87,SPY230428P00377000,377.0,0,0.0,0.0,,0.0,normalDay
2023-03-30,4124.0,365.0,0.0,0,403.7,0.0,1,5.2,1.55,SPY230428P00377000,377.0,0,0.0,0.0,,0.0,normalDay
2023-03-31,4124.0,417.0,0.0,0,409.39,0.0,1,5.2,1.03,SPY230428P00377000,377.0,0,0.0,0.0,,0.0,normalDay
2023-04-03,4124.0,449.0,0.0,0,410.95,0.0,1,5.2,0.71,SPY230428P00377000,377.0,0,0.0,0.0,,0.0,normalDay
2023-04-04,4124.0,444.0,0.0,0,408.67,0.0,1,5.2,0.76,SPY230428P00377000,377.0,0,0.0,0.0,,0.0,normalDay
2023-04-05,4124.0,447.0,0.0,0,407.6,0.0,1,5.2,0.73,SPY230428P00377000,377.0,0,0.0,0.0,,0.0,normalDay
2023-04-06,4124.0,467.0,0.0,0,409.19,0.0,1,5.2,0.53,SPY230428P00377000,377.0,0,0.0,0.0,,0.0,normalDay
2023-04-10,4124.0,479.0,0.0,0,409.61,0.0,1,5.2,0.41,SPY230428P00377000,377.0,0,0.0,0.0,,0.0,normalDay
2023-04-11,4124.0,481.0,0.0,0,409.72,0.0,1,5.2,0.39,SPY230428P00377000,377.0,0,0.0,0.0,,0.0,normalDay
2023-04-12,4124.0,482.0,0.0,0,408.05,0.0,1,5.2,0.38,SPY230428P00377000,377.0,0,0.0,0.0,,0.0,normalDay
2023-04-13,4124.0,501.0,0.0,0,413.47,0.0,1,5.2,0.19,SPY230428P00377000,377.0,0,0.0,0.0,,0.0,normalDay
2023-04-14,4124.0,505.0,0.0,0,412.46,0.0,1,5.2,0.15,SPY230428P00377000,377.0,0,0.0,0.0,,0.0,normalDay
2023-04-17,4124.0,509.0,0.0,0,413.94,0.0,1,5.2,0.11,SPY230428P00377000,377.0,0,0.0,0.0,,0.0,normalDay
2023-04-18,4124.0,510.0,0.0,0,414.21,0.0,1,5.2,0.1,SPY230428P00377000,377.0,0,0.0,0.0,,0.0,normalDay
2023-04-19,4124.0,513.0,0.0,0,414.14,0.0,1,5.2,0.07,SPY230428P00377000,377.0,0,0.0,0.0,,0.0,normalDay
2023-04-20,4124.0,513.0,0.0,0,411.88,0.0,1,5.2,0.07,SPY230428P00377000,377.0,0,0.0,0.0,,0.0,normalDay
2023-04-21,4124.0,515.0,0.0,0,412.2,0.0,1,5.2,0.05,SPY230428P00377000,377.0,0,0.0,0.0,,0.0,normalDay
2023-04-24,4124.0,517.0,0.0,0,412.63,0.0,1,5.2,0.03,SPY230428P00377000,377.0,0,0.0,0.0,,0.0,normalDay
2023-04-25,4124.0,517.0,0.0,0,406.08,0.0,1,5.2,0.03,SPY230428P00377000,377.0,0,0.0,0.0,,0.0,normalDay
2023-04-26,4124.0,517.0,0.0,0,404.36,0.0,1,5.2,0.03,SPY230428P00377000,377.0,0,0.0,0.0,,0.0,normalDay
2023-04-27,4124.0,518.0,0.0,0,412.41,0.0,1,5.2,0.02,SPY230428P00377000,377.0,0,0.0,0.0,,0.0,normalDay
2023-04-28,4644.0,0.0,520.0,0,415.93,0.0,1,5.2,0.0,SPY230428P00377000,377.0,0,0.0,0.0,,0.0,expirationDay
2023-05-01,4644.0,-4.0,0.0,0,415.51,0.0,1,4.04,4.08,SPY230616P00400000,400.0,0,0.0,0.0,,0.0,normalDay
2023-05-02,4644.0,-161.0,0.0,0,410.84,0.0,1,4.04,5.65,SPY230616P00400000,400.0,0,0.0,0.0,,0.0,normalDay
2023-05-03,4644.0,-232.0,0.0,0,408.02,0.0,1,4.04,6.36,SPY230616P00400000,400.0,0,0.0,0.0,,0.0,normalDay
2023-05-04,4644.0,-403.0,0.0,0,405.13,0.0,1,4.04,8.07,SPY230616P00400000,400.0,0,0.0,0.0,,0.0,normalDay
2023-05-05,4644.0,-95.0,0.0,0,412.63,0.0,1,4.04,4.99,SPY230616P00400000,400.0,0,0.0,0.0,,0.0,normalDay
2023-05-08,4644.0,-55.0,0.0,0,412.74,0.0,1,4.04,4.59,SPY230616P00400000,400.0,0,0.0,0.0,,0.0,normalDay
2023-05-09,4644.0,-99.0,0.0,0,410.93,0.0,1,4.04,5.03,SPY230616P00400000,400.0,0,0.0,0.0,,0.0,normalDay
2023-05-10,4644.0,-16.0,0.0,0,412.85,0.0,1,4.04,4.2,SPY230616P00400000,400.0,0,0.0,0.0,,0.0,normalDay
2023-05-11,4644.0,-20.0,0.0,0,412.13,0.0,1,4.04,4.24,SPY230616P00400000,400.0,0,0.0,0.0,,0.0,normalDay
2023-05-12,4644.0,-24.0,0.0,0,411.59,0.0,1,4.04,4.28,SPY230616P00400000,400.0,0,0.0,0.0,,0.0,normalDay
2023-05-15,4644.0,49.0,0.0,0,413.01,0.0,1,4.04,3.55,SPY230616P00400000,400.0,0,0.0,0.0,,0.0,normalDay
2023-05-16,4644.0,-22.0,0.0,0,410.25,0.0,1,4.04,4.26,SPY230616P00400000,400.0,0,0.0,0.0,,0.0,normalDay
2023-05-17,4644.0,114.0,0.0,0,415.23,0.0,1,4.04,2.9,SPY230616P00400000,400.0,0,0.0,0.0,,0.0,normalDay
2023-05-18,4644.0,201.0,0.0,0,419.23,0.0,1,4.04,2.03,SPY230616P00400000,400.0,0,0.0,0.0,,0.0,normalDay
2023-05-19,4644.0,177.0,0.0,0,418.62,0.0,1,4.04,2.27,SPY230616P00400000,400.0,0,0.0,0.0,,0.0,normalDay
2023-05-22,4644.0,189.0,0.0,0,418.79,0.0,1,4.04,2.15,SPY230616P00400000,400.0,0,0.0,0.0,,0.0,normalDay
2023-05-23,4644.0,94.0,0.0,0,414.09,0.0,1,4.04,3.1,SPY230616P00400000,400.0,0,0.0,0.0,,0.0,normalDay
2023-05-24,4644.0,9.0,0.0,0,411.09,0.0,1,4.04,3.95,SPY230616P00400000,400.0,0,0.0,0.0,,0.0,normalDay
2023-05-25,4644.0,114.0,0.0,0,414.65,0.0,1,4.04,2.9,SPY230616P00400000,400.0,0,0.0,0.0,,0.0,normalDay
2023-05-26,4644.0,224.0,0.0,0,420.02,0.0,1,4.04,1.8,SPY230616P00400000,400.0,0,0.0,0.0,,0.0,normalDay
2023-05-30,4644.0,275.0,0.0,0,420.18,0.0,1,4.04,1.29,SPY230616P00400000,400.0,0,0.0,0.0,,0.0,normalDay
2023-05-31,4644.0,264.0,0.0,0,417.85,0.0,1,4.04,1.4,SPY230616P00400000,400.0,0,0.0,0.0,,0.0,normalDay
2023-06-01,4644.0,334.0,0.0,0,421.82,0.0,1,4.04,0.7,SPY230616P00400000,400.0,0,0.0,0.0,,0.0,normalDay
2023-06-02,4644.0,372.0,0.0,0,427.92,0.0,1,4.04,0.32,SPY230616P00400000,400.0,0,0.0,0.0,,0.0,normalDay
2023-06-05,4644.0,379.0,0.0,0,427.1,0.0,1,4.04,0.25,SPY230616P00400000,400.0,0,0.0,0.0,,0.0,normalDay
2023-06-06,4644.0,383.0,0.0,0,428.03,0.0,1,4.04,0.21,SPY230616P00400000,400.0,0,0.0,0.0,,0.0,normalDay
2023-06-07,4644.0,384.0,0.0,0,426.55,0.0,1,4.04,0.2,SPY230616P00400000,400.0,0,0.0,0.0,,0.0,normalDay
2023-06-08,4644.0,388.0,0.0,0,429.13,0.0,1,4.04,0.16,SPY230616P00400000,400.0,0,0.0,0.0,,0.0,normalDay
2023-06-09,4644.0,392.0,0.0,0,429.9,0.0,1,4.04,0.12,SPY230616P00400000,400.0,0,0.0,0.0,,0.0,normalDay
2023-06-12,4644.0,394.0,0.0,0,433.8,0.0,1,4.04,0.1,SPY230616P00400000,400.0,0,0.0,0.0,,0.0,normalDay
2023-06-13,4644.0,396.0,0.0,0,436.66,0.0,1,4.04,0.08,SPY230616P00400000,400.0,0,0.0,0.0,,0.0,normalDay
2023-06-14,4644.0,400.0,0.0,0,437.18,0.0,1,4.04,0.04,SPY230616P00400000,400.0,0,0.0,0.0,,0.0,normalDay
2023-06-15,4644.0,401.0,0.0,0,442.6,0.0,1,4.04,0.03,SPY230616P00400000,400.0,0,0.0,0.0,,0.0,normalDay
2023-06-16,5048.0,0.0,404.0,0,439.46,0.0,1,4.04,0.0,SPY230616P00400000,400.0,0,0.0,0.0,,0.0,expirationDay
2023-06-20,5048.0,-4.0,0.0,0,437.18,0.0,1,0.64,0.68,SPY230728P00395000,395.0,0,0.0,0.0,,0.0,normalDay
2023-06-21,5048.0,-1.0,0.0,0,434.94,0.0,1,0.64,0.65,SPY230728P00395000,395.0,0,0.0,0.0,,0.0,normalDay
2023-06-22,5048.0,10.0,0.0,0,436.51,0.0,1,0.64,0.54,SPY230728P00395000,395.0,0,0.0,0.0,,0.0,normalDay
2023-06-23,5048.0,-2.0,0.0,0,433.21,0.0,1,0.64,0.66,SPY230728P00395000,395.0,0,0.0,0.0,,0.0,normalDay
2023-06-26,5048.0,-6.0,0.0,0,431.44,0.0,1,0.64,0.7,SPY230728P00395000,395.0,0,0.0,0.0,,0.0,normalDay
2023-06-27,5048.0,15.0,0.0,0,436.17,0.0,1,0.64,0.49,SPY230728P00395000,395.0,0,0.0,0.0,,0.0,normalDay
2023-06-28,5048.0,24.0,0.0,0,436.39,0.0,1,0.64,0.4,SPY230728P00395000,395.0,0,0.0,0.0,,0.0,normalDay
2023-06-29,5048.0,27.0,0.0,0,438.11,0.0,1,0.64,0.37,SPY230728P00395000,395.0,0,0.0,0.0,,0.0,normalDay
2023-06-30,5048.0,34.0,0.0,0,443.28,0.0,1,0.64,0.3,SPY230728P00395000,395.0,0,0.0,0.0,,0.0,normalDay
2023-07-03,5048.0,39.0,0.0,0,443.79,0.0,1,0.64,0.25,SPY230728P00395000,395.0,0,0.0,0.0,,0.0,normalDay
2023-07-05,5048.0,38.0,0.0,0,443.13,0.0,1,0.64,0.26,SPY230728P00395000,395.0,0,0.0,0.0,,0.0,normalDay
2023-07-06,5048.0,31.0,0.0,0,439.66,0.0,1,0.64,0.33,SPY230728P00395000,395.0,0,0.0,0.0,,0.0,normalDay
2023-07-07,5048.0,36.0,0.0,0,438.55,0.0,1,0.64,0.28,SPY230728P00395000,395.0,0,0.0,0.0,,0.0,normalDay
2023-07-10,5048.0,41.0,0.0,0,439.66,0.0,1,0.64,0.23,SPY230728P00395000,395.0,0,0.0,0.0,,0.0,normalDay
2023-07-11,5048.0,45.0,0.0,0,442.46,0.0,1,0.64,0.19,SPY230728P00395000,395.0,0,0.0,0.0,,0.0,normalDay
2023-07-12,5048.0,50.0,0.0,0,446.02,0.0,1,0.64,0.14,SPY230728P00395000,395.0,0,0.0,0.0,,0.0,normalDay
2023-07-13,5048.0,51.0,0.0,0,449.56,0.0,1,0.64,0.13,SPY230728P00395000,395.0,0,0.0,0.0,,0.0,normalDay
2023-07-14,5048.0,53.0,0.0,0,449.28,0.0,1,0.64,0.11,SPY230728P00395000,395.0,0,0.0,0.0,,0.0,normalDay
2023-07-17,5048.0,56.0,0.0,0,450.84,0.0,1,0.64,0.08,SPY230728P00395000,395.0,0,0.0,0.0,,0.0,normalDay
2023-07-18,5048.0,57.0,0.0,0,454.19,0.0,1,0.64,0.07,SPY230728P00395000,395.0,0,0.0,0.0,,0.0,normalDay
2023-07-19,5048.0,58.0,0.0,0,455.2,0.0,1,0.64,0.06,SPY230728P00395000,395.0,0,0.0,0.0,,0.0,normalDay
2023-07-20,5048.0,59.0,0.0,0,452.18,0.0,1,0.64,0.05,SPY230728P00395000,395.0,0,0.0,0.0,,0.0,normalDay
2023-07-21,5048.0,61.0,0.0,0,452.18,0.0,1,0.64,0.03,SPY230728P00395000,395.0,0,0.0,0.0,,0.0,normalDay
2023-07-24,5048.0,62.0,0.0,0,454.2,0.0,1,0.64,0.02,SPY230728P00395000,395.0,0,0.0,0.0,,0.0,normalDay
2023-07-25,5048.0,62.0,0.0,0,455.44,0.0,1,0.64,0.02,SPY230728P00395000,395.0,0,0.0,0.0,,0.0,normalDay
2023-07-26,5048.0,63.0,0.0,0,455.51,0.0,1,0.64,0.01,SPY230728P00395000,395.0,0,0.0,0.0,,0.0,normalDay
2023-07-27,5048.0,62.0,0.0,0,452.49,0.0,1,0.64,0.02,SPY230728P00395000,395.0,0,0.0,0.0,,0.0,normalDay
2023-07-28,5112.0,0.0,64.0,0,456.92,0.0,1,0.64,0.0,SPY230728P00395000,395.0,0,0.0,0.0,,0.0,expirationDay
2023-07-31,5112.0,-3.0,0.0,0,457.79,0.0,1,1.51,1.54,SPY230915P00428000,428.0,0,0.0,0.0,,0.0,normalDay
2023-08-01,5112.0,-15.0,0.0,0,456.48,0.0,1,1.51,1.66,SPY230915P00428000,428.0,0,0.0,0.0,,0.0,normalDay
2023-08-02,5112.0,-128.0,0.0,0,450.13,0.0,1,1.51,2.79,SPY230915P00428000,428.0,0,0.0,0.0,,0.0,normalDay
2023-08-03,5112.0,-121.0,0.0,0,448.84,0.0,1,1.51,2.72,SPY230915P00428000,428.0,0,0.0,0.0,,0.0,normalDay
2023-08-04,5112.0,-190.0,0.0,0,446.81,0.0,1,1.51,3.41,SPY230915P00428000,428.0,0,0.0,0.0,,0.0,normalDay
2023-08-07,5112.0,-83.0,0.0,0,450.71,0.0,1,1.51,2.34,SPY230915P00428000,428.0,0,0.0,0.0,,0.0,normalDay
2023-08-08,5112.0,-113.0,0.0,0,448.75,0.0,1,1.51,2.64,SPY230915P00428000,428.0,0,0.0,0.0,,0.0,normalDay
2023-08-09,5112.0,-139.0,0.0,0,445.75,0.0,1,1.51,2.9,SPY230915P00428000,428.0,0,0.0,0.0,,0.0,normalDay
2023-08-10,5112.0,-134.0,0.0,0,445.91,0.0,1,1.51,2.85,SPY230915P00428000,428.0,0,0.0,0.0,,0.0,normalDay
2023-08-11,5112.0,-101.0,0.0,0,445.65,0.0,1,1.51,2.52,SPY230915P00428000,428.0,0,0.0,0.0,,0.0,normalDay
2023-08-14,5112.0,-45.0,0.0,0,448.11,0.0,1,1.51,1.96,SPY230915P00428000,428.0,0,0.0,0.0,,0.0,normalDay
2023-08-15,5112.0,-150.0,0.0,0,442.89,0.0,1,1.51,3.01,SPY230915P00428000,428.0,0,0.0,0.0,,0.0,normalDay
2023-08-16,5112.0,-210.0,0.0,0,439.64,0.0,1,1.51,3.61,SPY230915P00428000,428.0,0,0.0,0.0,,0.0,normalDay
2023-08-17,5112.0,-322.0,0.0,0,436.29,0.0,1,1.51,4.73,SPY230915P00428000,428.0,0,0.0,0.0,,0.0,normalDay
2023-08-18,5112.0,-270.0,0.0,0,436.5,0.0,1,1.51,4.21,SPY230915P00428000,428.0,0,0.0,0.0,,0.0,normalDay
2023-08-21,5112.0,-172.0,0.0,0,439.34,0.0,1,1.51,3.23,SPY230915P00428000,428.0,0,0.0,0.0,,0.0,normalDay
2023-08-22,5112.0,-173.0,0.0,0,438.15,0.0,1,1.51,3.24,SPY230915P00428000,428.0,0,0.0,0.0,,0.0,normalDay
2023-08-23,5112.0,-51.0,0.0,0,443.03,0.0,1,1.51,2.02,SPY230915P00428000,428.0,0,0.0,0.0,,0.0,normalDay
2023-08-24,5112.0,-185.0,0.0,0,436.89,0.0,1,1.51,3.36,SPY230915P00428000,428.0,0,0.0,0.0,,0.0,normalDay
2023-08-25,5112.0,-64.0,0.0,0,439.97,0.0,1,1.51,2.15,SPY230915P00428000,428.0,0,0.0,0.0,,0.0,normalDay
2023-08-28,5112.0,19.0,0.0,0,442.76,0.0,1,1.51,1.32,SPY230915P00428000,428.0,0,0.0,0.0,,0.0,normalDay
2023-08-29,5112.0,85.0,0.0,0,449.16,0.0,1,1.51,0.66,SPY230915P00428000,428.0,0,0.0,0.0,,0.0,normalDay
2023-08-30,5112.0,104.0,0.0,0,451.01,0.0,1,1.51,0.47,SPY230915P00428000,428.0,0,0.0,0.0,,0.0,normalDay
2023-08-31,5112.0,113.0,0.0,0,450.35,0.0,1,1.51,0.38,SPY230915P00428000,428.0,0,0.0,0.0,,0.0,normalDay
2023-09-01,5112.0,121.0,0.0,0,451.19,0.0,1,1.51,0.3,SPY230915P00428000,428.0,0,0.0,0.0,,0.0,normalDay
2023-09-05,5112.0,121.0,0.0,0,449.24,0.0,1,1.51,0.3,SPY230915P00428000,428.0,0,0.0,0.0,,0.0,normalDay
2023-09-06,5112.0,114.0,0.0,0,446.22,0.0,1,1.51,0.37,SPY230915P00428000,428.0,0,0.0,0.0,,0.0,normalDay
2023-09-07,5112.0,121.0,0.0,0,444.85,0.0,1,1.51,0.3,SPY230915P00428000,428.0,0,0.0,0.0,,0.0,normalDay
2023-09-08,5112.0,134.0,0.0,0,445.52,0.0,1,1.51,0.17,SPY230915P00428000,428.0,0,0.0,0.0,,0.0,normalDay
2023-09-11,5112.0,143.0,0.0,0,448.45,0.0,1,1.51,0.08,SPY230915P00428000,428.0,0,0.0,0.0,,0.0,normalDay
2023-09-12,5112.0,141.0,0.0,0,445.99,0.0,1,1.51,0.1,SPY230915P00428000,428.0,0,0.0,0.0,,0.0,normalDay
2023-09-13,5112.0,147.0,0.0,0,446.51,0.0,1,1.51,0.04,SPY230915P00428000,428.0,0,0.0,0.0,,0.0,normalDay
2023-09-14,5112.0,148.0,0.0,0,450.36,0.0,1,1.51,0.03,SPY230915P00428000,428.0,0,0.0,0.0,,0.0,normalDay
2023-09-15,5263.0,0.0,151.0,0,443.37,0.0,1,1.51,0.0,SPY230915P00428000,428.0,0,0.0,0.0,,0.0,expirationDay
2023-09-18,5263.0,-3.0,0.0,0,443.63,0.0,1,2.67,2.7,SPY231027P00430000,430.0,0,0.0,0.0,,0.0,normalDay
2023-09-19,5263.0,-13.0,0.0,0,442.71,0.0,1,2.67,2.8,SPY231027P00430000,430.0,0,0.0,0.0,,0.0,normalDay
2023-09-20,5263.0,-128.0,0.0,0,438.64,0.0,1,2.67,3.95,SPY231027P00430000,430.0,0,0.0,0.0,,0.0,normalDay
2023-09-21,5263.0,-413.0,0.0,0,431.39,0.0,1,2.67,6.8,SPY231027P00430000,430.0,0,0.0,0.0,,0.0,normalDay
2023-09-22,5263.0,-429.0,0.0,0,430.42,0.0,1,2.67,6.96,SPY231027P00430000,430.0,0,0.0,0.0,,0.0,normalDay
2023-09-25,5263.0,-331.0,0.0,0,432.23,0.0,1,2.67,5.98,SPY231027P00430000,430.0,0,0.0,0.0,,0.0,normalDay
2023-09-26,5263.0,-644.0,0.0,0,425.88,0.0,1,2.67,9.11,SPY231027P00430000,430.0,0,0.0,0.0,,0.0,normalDay
2023-09-27,5263.0,-601.0,0.0,0,426.05,0.0,1,2.67,8.68,SPY231027P00430000,430.0,0,0.0,0.0,,0.0,normalDay
2023-09-28,5263.0,-476.0,0.0,0,428.52,0.0,1,2.67,7.43,SPY231027P00430000,430.0,0,0.0,0.0,,0.0,normalDay
2023-09-29,5263.0,-505.0,0.0,0,427.48,0.0,1,2.67,7.72,SPY231027P00430000,430.0,0,0.0,0.0,,0.0,normalDay
2023-10-02,5263.0,-482.0,0.0,0,427.31,0.0,1,2.67,7.49,SPY231027P00430000,430.0,0,0.0,0.0,,0.0,normalDay
2023-10-03,5263.0,-839.0,0.0,0,421.59,0.0,1,2.67,11.06,SPY231027P00430000,430.0,0,0.0,0.0,,0.0,normalDay
2023-10-04,5263.0,-640.0,0.0,0,424.66,0.0,1,2.67,9.07,SPY231027P00430000,430.0,0,0.0,0.0,,0.0,normalDay
2023-10-05,5263.0,-649.0,0.0,0,424.5,0.0,1,2.67,9.16,SPY231027P00430000,430.0,0,0.0,0.0,,0.0,normalDay
2023-10-06,5263.0,-311.0,0.0,0,429.54,0.0,1,2.67,5.78,SPY231027P00430000,430.0,0,0.0,0.0,,0.0,normalDay
2023-10-09,5263.0,-181.0,0.0,0,432.29,0.0,1,2.67,4.48,SPY231027P00430000,430.0,0,0.0,0.0,,0.0,normalDay
2023-10-10,5263.0,-77.0,0.0,0,434.54,0.0,1,2.67,3.44,SPY231027P00430000,430.0,0,0.0,0.0,,0.0,normalDay
2023-10-11,5263.0,28.0,0.0,0,436.32,0.0,1,2.67,2.39,SPY231027P00430000,430.0,0,0.0,0.0,,0.0,normalDay
2023-10-12,5263.0,-55.0,0.0,0,433.66,0.0,1,2.67,3.22,SPY231027P00430000,430.0,0,0.0,0.0,,0.0,normalDay
2023-10-13,5263.0,-195.0,0.0,0,431.5,0.0,1,2.67,4.62,SPY231027P00430000,430.0,0,0.0,0.0,,0.0,normalDay
2023-10-16,5263.0,42.0,0.0,0,436.04,0.0,1,2.67,2.25,SPY231027P00430000,430.0,0,0.0,0.0,,0.0,normalDay
2023-10-17,5263.0,34.0,0.0,0,436.02,0.0,1,2.67,2.33,SPY231027P00430000,430.0,0,0.0,0.0,,0.0,normalDay
2023-10-18,5263.0,-138.0,0.0,0,430.21,0.0,1,2.67,4.05,SPY231027P00430000,430.0,0,0.0,0.0,,0.0,normalDay
2023-10-19,5263.0,-420.0,0.0,0,426.43,0.0,1,2.67,6.87,SPY231027P00430000,430.0,0,0.0,0.0,,0.0,normalDay
2023-10-20,5263.0,-684.0,0.0,0,421.19,0.0,1,2.67,9.51,SPY231027P00430000,430.0,0,0.0,0.0,,0.0,normalDay
2023-10-23,5263.0,-645.0,0.0,0,420.46,0.0,1,2.67,9.12,SPY231027P00430000,430.0,0,0.0,0.0,,0.0,normalDay
2023-10-24,5263.0,-384.0,0.0,0,423.63,0.0,1,2.67,6.51,SPY231027P00430000,430.0,0,0.0,0.0,,0.0,normalDay
2023-10-25,5263.0,-966.0,0.0,0,417.55,0.0,1,2.67,12.33,SPY231027P00430000,430.0,0,0.0,0.0,,0.0,normalDay
2023-10-26,5263.0,-1458.0,0.0,0,412.55,0.0,1,2.67,17.25,SPY231027P00430000,430.0,0,0.0,0.0,,0.0,normalDay
2023-10-27,5530.0,-1932.0,267.0,100,410.68,430.0,1,2.67,0.0,SPY231027P00430000,430.0,0,0.0,0.0,,0.0,expirationDay
2023-10-30,5530.0,-1474.0,0.0,100,415.59,430.0,0,0.0,0.0,,0.0,1,12.99,13.32,SPY240328C00432000,432.0,normalDay
2023-10-31,5530.0,-1244.0,0.0,100,418.2,430.0,0,0.0,0.0,,0.0,1,12.99,13.63,SPY240328C00432000,432.0,normalDay
2023-11-01,5530.0,-1002.0,0.0,100,422.66,430.0,0,0.0,0.0,,0.0,1,12.99,15.67,SPY240328C00432000,432.0,normalDay
2023-11-02,5530.0,-624.0,0.0,100,430.76,430.0,0,0.0,0.0,,0.0,1,12.99,19.99,SPY240328C00432000,432.0,normalDay
2023-11-03,5530.0,-455.0,0.0,100,434.69,430.0,0,0.0,0.0,,0.0,1,12.99,22.23,SPY240328C00432000,432.0,normalDay
2023-11-06,5530.0,-366.0,0.0,100,435.69,430.0,0,0.0,0.0,,0.0,1,12.99,22.34,SPY240328C00432000,432.0,normalDay
2023-11-07,5530.0,-336.0,0.0,100,436.93,430.0,0,0.0,0.0,,0.0,1,12.99,23.28,SPY240328C00432000,432.0,normalDay
2023-11-08,5530.0,-281.0,0.0,100,437.25,430.0,0,0.0,0.0,,0.0,1,12.99,23.05,SPY240328C00432000,432.0,normalDay
2023-11-09,5530.0,-437.0,0.0,100,433.84,430.0,0,0.0,0.0,,0.0,1,12.99,21.2,SPY240328C00432000,432.0,normalDay
2023-11-10,5530.0,-144.0,0.0,100,440.61,430.0,0,0.0,0.0,,0.0,1,12.99,25.04,SPY240328C00432000,432.0,normalDay
2023-11-13,5530.0,-176.0,0.0,100,440.19,430.0,0,0.0,0.0,,0.0,1,12.99,24.94,SPY240328C00432000,432.0,normalDay
2023-11-14,5530.0,40.0,0.0,100,448.73,430.0,0,0.0,0.0,,0.0,1,12.99,31.32,SPY240328C00432000,432.0,normalDay
2023-11-15,5530.0,131.0,0.0,100,449.68,430.0,0,0.0,0.0,,0.0,1,12.99,31.36,SPY240328C00432000,432.0,normalDay
2023-11-16,5530.0,139.0,0.0,100,450.23,430.0,0,0.0,0.0,,0.0,1,12.99,31.83,SPY240328C00432000,432.0,normalDay
2023-11-17,5530.0,184.0,0.0,100,450.79,430.0,0,0.0,0.0,,0.0,1,12.99,31.94,SPY240328C00432000,432.0,normalDay
2023-11-20,5530.0,267.0,0.0,100,454.26,430.0,0,0.0,0.0,,0.0,1,12.99,34.58,SPY240328C00432000,432.0,normalDay
2023-11-21,5530.0,302.0,0.0,100,453.27,430.0,0,0.0,0.0,,0.0,1,12.99,33.24,SPY240328C00432000,432.0,normalDay
2023-11-22,5530.0,272.0,0.0,100,455.02,430.0,0,0.0,0.0,,0.0,1,12.99,35.29,SPY240328C00432000,432.0,normalDay
2023-11-24,5530.0,295.0,0.0,100,455.3,430.0,0,0.0,0.0,,0.0,1,12.99,35.34,SPY240328C00432000,432.0,normalDay
2023-11-27,5530.0,288.0,0.0,100,454.48,430.0,0,0.0,0.0,,0.0,1,12.99,34.59,SPY240328C00432000,432.0,normalDay
2023-11-28,5530.0,312.0,0.0,100,454.93,430.0,0,0.0,0.0,,0.0,1,12.99,34.8,SPY240328C00432000,432.0,normalDay
2023-11-29,5530.0,325.0,0.0,100,454.61,430.0,0,0.0,0.0,,0.0,1,12.99,34.35,SPY240328C00432000,432.0,normalDay
2023-11-30,5530.0,358.0,0.0,100,456.4,430.0,0,0.0,0.0,,0.0,1,12.99,35.81,SPY240328C00432000,432.0,normalDay
