date,totalCapital,unrializedPnL,rializedPnL,stocksOwned,stocksPriceToday,stocksPriceBoughtAt,putOwned,putOwnedSoldAt,putPriceToday,putOwnedContract,putOwnedStrike,callOwned,callOwnedSoldAt,callPriceToday,callOwnedContract,callOwnedStrike,trackType
2018-11-01,0.0,-7.0,0.0,0,273.51,0.0,1,3.58,3.65,SPY181119P00272000,272.0,0,0.0,0.0,,0.0,normalDay
2018-11-02,0.0,-52.0,0.0,0,271.89,0.0,1,3.58,4.1,SPY181119P00272000,272.0,0,0.0,0.0,,0.0,normalDay
2018-11-05,0.0,45.0,0.0,0,273.39,0.0,1,3.58,3.13,SPY181119P00272000,272.0,0,0.0,0.0,,0.0,normalDay
2018-11-06,0.0,115.0,0.0,0,275.12,0.0,1,3.58,2.43,SPY181119P00272000,272.0,0,0.0,0.0,,0.0,normalDay
2018-11-07,0.0,295.0,0.0,0,281.01,0.0,1,3.58,0.63,SPY181119P00272000,272.0,0,0.0,0.0,,0.0,normalDay
2018-11-08,0.0,297.0,0.0,0,280.5,0.0,1,3.58,0.61,SPY181119P00272000,272.0,0,0.0,0.0,,0.0,normalDay
2018-11-09,0.0,264.0,0.0,0,277.76,0.0,1,3.58,0.94,SPY181119P00272000,272.0,0,0.0,0.0,,0.0,normalDay
2018-11-12,0.0,110.0,0.0,0,272.57,0.0,1,3.58,2.48,SPY181119P00272000,272.0,0,0.0,0.0,,0.0,normalDay
2018-11-13,0.0,107.0,0.0,0,272.06,0.0,1,3.58,2.51,SPY181119P00272000,272.0,0,0.0,0.0,,0.0,normalDay
2018-11-14,0.0,-15.0,0.0,0,270.2,0.0,1,3.58,3.73,SPY181119P00272000,272.0,0,0.0,0.0,,0.0,normalDay
2018-11-15,0.0,214.0,0.0,0,273.02,0.0,1,3.58,1.44,SPY181119P00272000,272.0,0,0.0,0.0,,0.0,normalDay
2018-11-16,0.0,302.0,0.0,0,273.73,0.0,1,3.58,0.56,SPY181119P00272000,272.0,0,0.0,0.0,,0.0,normalDay
2018-11-19,358.0,-290.0,358.0,100,269.1,272.0,1,3.58,0.0,SPY181119P00272000,272.0,0,0.0,0.0,,0.0,expirationDay
2018-11-20,358.0,-793.0,0.0,100,264.12,272.0,0,0.0,0.0,,0.0,1,0.91,0.96,SPY190215C00289000,289.0,normalDay
2018-11-21,358.0,-697.0,0.0,100,265.02,272.0,0,0.0,0.0,,0.0,1,0.91,0.9,SPY190215C00289000,289.0,normalDay
2018-11-23,358.0,-859.0,0.0,100,263.25,272.0,0,0.0,0.0,,0.0,1,0.91,0.75,SPY190215C00289000,289.0,normalDay
2018-11-26,358.0,-453.0,0.0,100,267.5,272.0,0,0.0,0.0,,0.0,1,0.91,0.94,SPY190215C00289000,289.0,normalDay
2018-11-27,358.0,-372.0,0.0,100,268.4,272.0,0,0.0,0.0,,0.0,1,0.91,1.03,SPY190215C00289000,289.0,normalDay
2018-11-28,358.0,138.0,0.0,100,274.58,272.0,0,0.0,0.0,,0.0,1,0.91,2.11,SPY190215C00289000,289.0,normalDay
2018-11-29,358.0,81.0,0.0,100,273.98,272.0,0,0.0,0.0,,0.0,1,0.91,2.08,SPY190215C00289000,289.0,normalDay
2018-11-30,358.0,214.0,0.0,100,275.65,272.0,0,0.0,0.0,,0.0,1,0.91,2.42,SPY190215C00289000,289.0,normalDay
2018-12-03,358.0,545.0,0.0,100,279.3,272.0,0,0.0,0.0,,0.0,1,0.91,2.76,SPY190215C00289000,289.0,normalDay
2018-12-04,358.0,-205.0,0.0,100,270.25,272.0,0,0.0,0.0,,0.0,1,0.91,1.21,SPY190215C00289000,289.0,normalDay
2018-12-06,358.0,-241.0,0.0,100,269.84,272.0,0,0.0,0.0,,0.0,1,0.91,1.16,SPY190215C00289000,289.0,normalDay
2018-12-07,358.0,-819.0,0.0,100,263.57,272.0,0,0.0,0.0,,0.0,1,0.91,0.67,SPY190215C00289000,289.0,normalDay
2018-12-10,358.0,-767.0,0.0,100,264.07,272.0,0,0.0,0.0,,0.0,1,0.91,0.65,SPY190215C00289000,289.0,normalDay
2018-12-11,358.0,-755.0,0.0,100,264.13,272.0,0,0.0,0.0,,0.0,1,0.91,0.59,SPY190215C00289000,289.0,normalDay
2018-12-12,358.0,-628.0,0.0,100,265.46,272.0,0,0.0,0.0,,0.0,1,0.91,0.65,SPY190215C00289000,289.0,normalDay
2018-12-13,358.0,-634.0,0.0,100,265.37,272.0,0,0.0,0.0,,0.0,1,0.91,0.62,SPY190215C00289000,289.0,normalDay
2018-12-14,358.0,-1099.0,0.0,100,260.47,272.0,0,0.0,0.0,,0.0,1,0.91,0.37,SPY190215C00289000,289.0,normalDay
2018-12-17,358.0,-1594.0,0.0,100,255.36,272.0,0,0.0,0.0,,0.0,1,0.91,0.21,SPY190215C00289000,289.0,normalDay
2018-12-18,358.0,-1623.0,0.0,100,255.08,272.0,0,0.0,0.0,,0.0,1,0.91,0.22,SPY190215C00289000,289.0,normalDay
2018-12-19,358.0,-1996.0,0.0,100,251.26,272.0,0,0.0,0.0,,0.0,1,0.91,0.13,SPY190215C00289000,289.0,normalDay
2018-12-20,358.0,-2405.0,0.0,100,247.17,272.0,0,0.0,0.0,,0.0,1,0.91,0.13,SPY190215C00289000,289.0,normalDay
2018-12-21,358.0,-3046.0,0.0,100,240.7,272.0,0,0.0,0.0,,0.0,1,0.91,0.07,SPY190215C00289000,289.0,normalDay
2018-12-24,358.0,-3680.0,0.0,100,234.34,272.0,0,0.0,0.0,,0.0,1,0.91,0.05,SPY190215C00289000,289.0,normalDay
2018-12-26,358.0,-2501.0,0.0,100,246.18,272.0,0,0.0,0.0,,0.0,1,0.91,0.1,SPY190215C00289000,289.0,normalDay
2018-12-27,358.0,-2316.0,0.0,100,248.07,272.0,0,0.0,0.0,,0.0,1,0.91,0.14,SPY190215C00289000,289.0,normalDay
2018-12-28,358.0,-2346.0,0.0,100,247.75,272.0,0,0.0,0.0,,0.0,1,0.91,0.12,SPY190215C00289000,289.0,normalDay
2018-12-31,358.0,-2125.0,0.0,100,249.92,272.0,0,0.0,0.0,,0.0,1,0.91,0.08,SPY190215C00289000,289.0,normalDay
2019-01-02,358.0,-2097.0,0.0,100,250.18,272.0,0,0.0,0.0,,0.0,1,0.91,0.06,SPY190215C00289000,289.0,normalDay
2019-01-03,358.0,-2690.0,0.0,100,244.21,272.0,0,0.0,0.0,,0.0,1,0.91,0.02,SPY190215C00289000,289.0,normalDay
2019-01-04,358.0,-1874.0,0.0,100,252.39,272.0,0,0.0,0.0,,0.0,1,0.91,0.04,SPY190215C00289000,289.0,normalDay
2019-01-07,358.0,-1675.0,0.0,100,254.38,272.0,0,0.0,0.0,,0.0,1,0.91,0.04,SPY190215C00289000,289.0,normalDay
2019-01-08,358.0,-1437.0,0.0,100,256.77,272.0,0,0.0,0.0,,0.0,1,0.91,0.05,SPY190215C00289000,289.0,normalDay
2019-01-09,358.0,-1317.0,0.0,100,257.97,272.0,0,0.0,0.0,,0.0,1,0.91,0.05,SPY190215C00289000,289.0,normalDay
2019-01-10,358.0,-1226.0,0.0,100,258.88,272.0,0,0.0,0.0,,0.0,1,0.91,0.05,SPY190215C00289000,289.0,normalDay
2019-01-11,358.0,-1215.0,0.0,100,258.98,272.0,0,0.0,0.0,,0.0,1,0.91,0.04,SPY190215C00289000,289.0,normalDay
2019-01-14,358.0,-1373.0,0.0,100,257.4,272.0,0,0.0,0.0,,0.0,1,0.91,0.04,SPY190215C00289000,289.0,normalDay
2019-01-15,358.0,-1079.0,0.0,100,260.35,272.0,0,0.0,0.0,,0.0,1,0.91,0.05,SPY190215C00289000,289.0,normalDay
2019-01-16,358.0,-1017.0,0.0,100,260.98,272.0,0,0.0,0.0,,0.0,1,0.91,0.06,SPY190215C00289000,289.0,normalDay
2019-01-17,358.0,-818.0,0.0,100,262.96,272.0,0,0.0,0.0,,0.0,1,0.91,0.05,SPY190215C00289000,289.0,normalDay
2019-01-18,358.0,-471.0,0.0,100,266.46,272.0,0,0.0,0.0,,0.0,1,0.91,0.08,SPY190215C00289000,289.0,normalDay
2019-01-22,358.0,-828.0,0.0,100,262.86,272.0,0,0.0,0.0,,0.0,1,0.91,0.05,SPY190215C00289000,289.0,normalDay
2019-01-23,358.0,-771.0,0.0,100,263.41,272.0,0,0.0,0.0,,0.0,1,0.91,0.03,SPY190215C00289000,289.0,normalDay
2019-01-24,358.0,-757.0,0.0,100,263.55,272.0,0,0.0,0.0,,0.0,1,0.91,0.03,SPY190215C00289000,289.0,normalDay
2019-01-25,358.0,-534.0,0.0,100,265.78,272.0,0,0.0,0.0,,0.0,1,0.91,0.03,SPY190215C00289000,289.0,normalDay
2019-01-28,358.0,-735.0,0.0,100,263.76,272.0,0,0.0,0.0,,0.0,1,0.91,0.02,SPY190215C00289000,289.0,normalDay
2019-01-29,358.0,-770.0,0.0,100,263.41,272.0,0,0.0,0.0,,0.0,1,0.91,0.02,SPY190215C00289000,289.0,normalDay
2019-01-30,358.0,-354.0,0.0,100,267.58,272.0,0,0.0,0.0,,0.0,1,0.91,0.03,SPY190215C00289000,289.0,normalDay
2019-01-31,358.0,-120.0,0.0,100,269.93,272.0,0,0.0,0.0,,0.0,1,0.91,0.04,SPY190215C00289000,289.0,normalDay
2019-02-01,358.0,-106.0,0.0,100,270.06,272.0,0,0.0,0.0,,0.0,1,0.91,0.03,SPY190215C00289000,289.0,normalDay
2019-02-04,358.0,84.0,0.0,100,271.96,272.0,0,0.0,0.0,,0.0,1,0.91,0.03,SPY190215C00289000,289.0,normalDay
2019-02-05,358.0,199.0,0.0,100,273.1,272.0,0,0.0,0.0,,0.0,1,0.91,0.02,SPY190215C00289000,289.0,normalDay
2019-02-06,358.0,163.0,0.0,100,272.74,272.0,0,0.0,0.0,,0.0,1,0.91,0.02,SPY190215C00289000,289.0,normalDay
2019-02-07,358.0,-96.0,0.0,100,270.14,272.0,0,0.0,0.0,,0.0,1,0.91,0.01,SPY190215C00289000,289.0,normalDay
2019-02-08,358.0,-63.0,0.0,100,270.47,272.0,0,0.0,0.0,,0.0,1,0.91,0.01,SPY190215C00289000,289.0,normalDay
2019-02-11,358.0,-48.0,0.0,100,270.62,272.0,0,0.0,0.0,,0.0,1,0.91,0.01,SPY190215C00289000,289.0,normalDay
2019-02-12,358.0,300.0,0.0,100,274.1,272.0,0,0.0,0.0,,0.0,1,0.91,0.01,SPY190215C00289000,289.0,normalDay
2019-02-13,358.0,389.0,0.0,100,274.99,272.0,0,0.0,0.0,,0.0,1,0.91,0.01,SPY190215C00289000,289.0,normalDay
2019-02-14,358.0,328.0,0.0,100,274.38,272.0,0,0.0,0.0,,0.0,1,0.91,0.01,SPY190215C00289000,289.0,normalDay
2019-02-15,449.0,537.0,91.0,100,277.37,272.0,0,0.0,0.0,,0.0,1,0.91,0.0,SPY190215C00289000,289.0,expirationDay
2019-02-19,449.0,579.0,0.0,100,277.85,272.0,0,0.0,0.0,,0.0,1,2.86,2.92,SPY190517C00287000,287.0,normalDay
2019-02-20,449.0,637.0,0.0,100,278.41,272.0,0,0.0,0.0,,0.0,1,2.86,2.9,SPY190517C00287000,287.0,normalDay
2019-02-21,449.0,576.0,0.0,100,277.42,272.0,0,0.0,0.0,,0.0,1,2.86,2.52,SPY190517C00287000,287.0,normalDay
2019-02-22,449.0,714.0,0.0,100,279.14,272.0,0,0.0,0.0,,0.0,1,2.86,2.86,SPY190517C00287000,287.0,normalDay
2019-02-25,449.0,730.0,0.0,100,279.52,272.0,0,0.0,0.0,,0.0,1,2.86,3.08,SPY190517C00287000,287.0,normalDay
2019-02-26,449.0,721.0,0.0,100,279.32,272.0,0,0.0,0.0,,0.0,1,2.86,2.97,SPY190517C00287000,287.0,normalDay
2019-02-27,449.0,718.0,0.0,100,279.2,272.0,0,0.0,0.0,,0.0,1,2.86,2.88,SPY190517C00287000,287.0,normalDay
2019-02-28,449.0,701.0,0.0,100,278.68,272.0,0,0.0,0.0,,0.0,1,2.86,2.53,SPY190517C00287000,287.0,normalDay
2019-03-01,449.0,843.0,0.0,100,280.42,272.0,0,0.0,0.0,,0.0,1,2.86,2.85,SPY190517C00287000,287.0,normalDay
2019-03-04,449.0,783.0,0.0,100,279.4,272.0,0,0.0,0.0,,0.0,1,2.86,2.43,SPY190517C00287000,287.0,normalDay
2019-03-05,449.0,755.0,0.0,100,279.02,272.0,0,0.0,0.0,,0.0,1,2.86,2.33,SPY190517C00287000,287.0,normalDay
2019-03-06,449.0,629.0,0.0,100,277.33,272.0,0,0.0,0.0,,0.0,1,2.86,1.9,SPY190517C00287000,287.0,normalDay
2019-03-07,449.0,442.0,0.0,100,275.01,272.0,0,0.0,0.0,,0.0,1,2.86,1.45,SPY190517C00287000,287.0,normalDay
2019-03-08,449.0,402.0,0.0,100,274.46,272.0,0,0.0,0.0,,0.0,1,2.86,1.3,SPY190517C00287000,287.0,normalDay
2019-03-11,449.0,740.0,0.0,100,278.44,272.0,0,0.0,0.0,,0.0,1,2.86,1.9,SPY190517C00287000,287.0,normalDay
2019-03-12,449.0,837.0,0.0,100,279.49,272.0,0,0.0,0.0,,0.0,1,2.86,1.98,SPY190517C00287000,287.0,normalDay
2019-03-13,449.0,951.0,0.0,100,281.34,272.0,0,0.0,0.0,,0.0,1,2.86,2.69,SPY190517C00287000,287.0,normalDay
2019-03-14,449.0,951.0,0.0,100,281.16,272.0,0,0.0,0.0,,0.0,1,2.86,2.51,SPY190517C00287000,287.0,normalDay
2019-03-15,449.0,923.0,0.0,100,281.31,272.0,0,0.0,0.0,,0.0,1,2.86,2.94,SPY190517C00287000,287.0,normalDay
2019-03-18,449.0,964.0,0.0,100,282.33,272.0,0,0.0,0.0,,0.0,1,2.86,3.55,SPY190517C00287000,287.0,normalDay
2019-03-19,449.0,976.0,0.0,100,282.4,272.0,0,0.0,0.0,,0.0,1,2.86,3.5,SPY190517C00287000,287.0,normalDay
2019-03-20,449.0,925.0,0.0,100,281.55,272.0,0,0.0,0.0,,0.0,1,2.86,3.16,SPY190517C00287000,287.0,normalDay
2019-03-21,449.0,1091.0,0.0,100,284.73,272.0,0,0.0,0.0,,0.0,1,2.86,4.68,SPY190517C00287000,287.0,normalDay
2019-03-22,449.0,698.0,0.0,100,279.25,272.0,0,0.0,0.0,,0.0,1,2.86,3.13,SPY190517C00287000,287.0,normalDay
2019-03-25,449.0,710.0,0.0,100,279.04,272.0,0,0.0,0.0,,0.0,1,2.86,2.8,SPY190517C00287000,287.0,normalDay
2019-03-26,449.0,892.0,0.0,100,281.12,272.0,0,0.0,0.0,,0.0,1,2.86,3.06,SPY190517C00287000,287.0,normalDay
2019-03-27,449.0,788.0,0.0,100,279.65,272.0,0,0.0,0.0,,0.0,1,2.86,2.63,SPY190517C00287000,287.0,normalDay
2019-03-28,449.0,880.0,0.0,100,280.71,272.0,0,0.0,0.0,,0.0,1,2.86,2.77,SPY190517C00287000,287.0,normalDay
2019-03-29,449.0,1001.0,0.0,100,282.48,272.0,0,0.0,0.0,,0.0,1,2.86,3.33,SPY190517C00287000,287.0,normalDay
2019-04-01,449.0,1213.0,0.0,100,285.83,272.0,0,0.0,0.0,,0.0,1,2.86,4.56,SPY190517C00287000,287.0,normalDay
2019-04-02,449.0,1240.0,0.0,100,285.97,272.0,0,0.0,0.0,,0.0,1,2.86,4.43,SPY190517C00287000,287.0,normalDay
2019-04-03,449.0,1228.0,0.0,100,286.42,272.0,0,0.0,0.0,,0.0,1,2.86,5.0,SPY190517C00287000,287.0,normalDay
2019-04-04,449.0,1285.0,0.0,100,287.18,272.0,0,0.0,0.0,,0.0,1,2.86,5.19,SPY190517C00287000,287.0,normalDay
2019-04-05,449.0,1366.0,0.0,100,288.57,272.0,0,0.0,0.0,,0.0,1,2.86,5.77,SPY190517C00287000,287.0,normalDay
2019-04-08,449.0,1386.0,0.0,100,288.79,272.0,0,0.0,0.0,,0.0,1,2.86,5.79,SPY190517C00287000,287.0,normalDay
2019-04-09,449.0,1323.0,0.0,100,287.31,272.0,0,0.0,0.0,,0.0,1,2.86,4.94,SPY190517C00287000,287.0,normalDay
2019-04-10,449.0,1373.0,0.0,100,288.29,272.0,0,0.0,0.0,,0.0,1,2.86,5.42,SPY190517C00287000,287.0,normalDay
2019-04-11,449.0,1398.0,0.0,100,288.21,272.0,0,0.0,0.0,,0.0,1,2.86,5.09,SPY190517C00287000,287.0,normalDay
2019-04-12,449.0,1479.0,0.0,100,290.16,272.0,0,0.0,0.0,,0.0,1,2.86,6.23,SPY190517C00287000,287.0,normalDay
2019-04-15,449.0,1485.0,0.0,100,289.97,272.0,0,0.0,0.0,,0.0,1,2.86,5.98,SPY190517C00287000,287.0,normalDay
2019-04-16,449.0,1508.0,0.0,100,290.16,272.0,0,0.0,0.0,,0.0,1,2.86,5.94,SPY190517C00287000,287.0,normalDay
2019-04-17,449.0,1497.0,0.0,100,289.45,272.0,0,0.0,0.0,,0.0,1,2.86,5.34,SPY190517C00287000,287.0,normalDay
2019-04-18,449.0,1514.0,0.0,100,290.02,272.0,0,0.0,0.0,,0.0,1,2.86,5.74,SPY190517C00287000,287.0,normalDay
2019-04-22,449.0,1534.0,0.0,100,290.27,272.0,0,0.0,0.0,,0.0,1,2.86,5.79,SPY190517C00287000,287.0,normalDay
2019-04-23,449.0,1598.0,0.0,100,292.88,272.0,0,0.0,0.0,,0.0,1,2.86,7.76,SPY190517C00287000,287.0,normalDay
2019-04-24,449.0,1569.0,0.0,100,292.23,272.0,0,0.0,0.0,,0.0,1,2.86,7.4,SPY190517C00287000,287.0,normalDay
2019-04-25,449.0,1591.0,0.0,100,292.05,272.0,0,0.0,0.0,,0.0,1,2.86,7.0,SPY190517C00287000,287.0,normalDay
2019-04-26,449.0,1628.0,0.0,100,293.41,272.0,0,0.0,0.0,,0.0,1,2.86,7.99,SPY190517C00287000,287.0,normalDay
2019-04-29,449.0,1648.0,0.0,100,293.87,272.0,0,0.0,0.0,,0.0,1,2.86,8.25,SPY190517C00287000,287.0,normalDay
2019-04-30,449.0,1632.0,0.0,100,294.02,272.0,0,0.0,0.0,,0.0,1,2.86,8.56,SPY190517C00287000,287.0,normalDay
2019-05-01,449.0,1605.0,0.0,100,291.81,272.0,0,0.0,0.0,,0.0,1,2.86,6.62,SPY190517C00287000,287.0,normalDay
2019-05-02,449.0,1613.0,0.0,100,291.18,272.0,0,0.0,0.0,,0.0,1,2.86,5.91,SPY190517C00287000,287.0,normalDay
2019-05-03,449.0,1680.0,0.0,100,294.03,272.0,0,0.0,0.0,,0.0,1,2.86,8.09,SPY190517C00287000,287.0,normalDay
2019-05-06,449.0,1648.0,0.0,100,292.82,272.0,0,0.0,0.0,,0.0,1,2.86,7.2,SPY190517C00287000,287.0,normalDay
2019-05-07,449.0,1399.0,0.0,100,287.93,272.0,0,0.0,0.0,,0.0,1,2.86,4.8,SPY190517C00287000,287.0,normalDay
2019-05-08,449.0,1389.0,0.0,100,287.53,272.0,0,0.0,0.0,,0.0,1,2.86,4.5,SPY190517C00287000,287.0,normalDay
2019-05-09,449.0,1369.0,0.0,100,286.66,272.0,0,0.0,0.0,,0.0,1,2.86,3.83,SPY190517C00287000,287.0,normalDay
2019-05-10,449.0,1563.0,0.0,100,288.1,272.0,0,0.0,0.0,,0.0,1,2.86,3.33,SPY190517C00287000,287.0,normalDay
2019-05-13,449.0,1121.0,0.0,100,280.86,272.0,0,0.0,0.0,,0.0,1,2.86,0.51,SPY190517C00287000,287.0,normalDay
2019-05-14,449.0,1370.0,0.0,100,283.4,272.0,0,0.0,0.0,,0.0,1,2.86,0.56,SPY190517C00287000,287.0,normalDay
2019-05-15,449.0,1525.0,0.0,100,285.06,272.0,0,0.0,0.0,,0.0,1,2.86,0.67,SPY190517C00287000,287.0,normalDay
2019-05-16,449.0,1714.0,0.0,100,287.7,272.0,0,0.0,0.0,,0.0,1,2.86,1.42,SPY190517C00287000,287.0,normalDay
2019-05-17,735.0,1384.0,286.0,100,285.84,272.0,0,0.0,0.0,,0.0,1,2.86,0.0,SPY190517C00287000,287.0,expirationDay
2019-05-20,735.0,1192.0,0.0,100,283.95,272.0,0,0.0,0.0,,0.0,1,0.33,0.36,SPY190719C00303000,303.0,normalDay
2019-05-21,735.0,1441.0,0.0,100,286.51,272.0,0,0.0,0.0,,0.0,1,0.33,0.43,SPY190719C00303000,303.0,normalDay
2019-05-22,735.0,1363.0,0.0,100,285.63,272.0,0,0.0,0.0,,0.0,1,0.33,0.33,SPY190719C00303000,303.0,normalDay
2019-05-23,735.0,1023.0,0.0,100,282.14,272.0,0,0.0,0.0,,0.0,1,0.33,0.24,SPY190719C00303000,303.0,normalDay
2019-05-24,735.0,1089.0,0.0,100,282.78,272.0,0,0.0,0.0,,0.0,1,0.33,0.22,SPY190719C00303000,303.0,normalDay
2019-05-28,735.0,832.0,0.0,100,280.15,272.0,0,0.0,0.0,,0.0,1,0.33,0.16,SPY190719C00303000,303.0,normalDay
2019-05-29,735.0,647.0,0.0,100,278.27,272.0,0,0.0,0.0,,0.0,1,0.33,0.13,SPY190719C00303000,303.0,normalDay
2019-05-30,735.0,723.0,0.0,100,279.03,272.0,0,0.0,0.0,,0.0,1,0.33,0.13,SPY190719C00303000,303.0,normalDay
2019-05-31,735.0,352.0,0.0,100,275.27,272.0,0,0.0,0.0,,0.0,1,0.33,0.08,SPY190719C00303000,303.0,normalDay
2019-06-03,735.0,283.0,0.0,100,274.57,272.0,0,0.0,0.0,,0.0,1,0.33,0.07,SPY190719C00303000,303.0,normalDay
2019-06-04,735.0,873.0,0.0,100,280.53,272.0,0,0.0,0.0,,0.0,1,0.33,0.13,SPY190719C00303000,303.0,normalDay
2019-06-05,735.0,1111.0,0.0,100,282.96,272.0,0,0.0,0.0,,0.0,1,0.33,0.18,SPY190719C00303000,303.0,normalDay
2019-06-06,735.0,1289.0,0.0,100,284.8,272.0,0,0.0,0.0,,0.0,1,0.33,0.24,SPY190719C00303000,303.0,normalDay
2019-06-07,735.0,1554.0,0.0,100,287.65,272.0,0,0.0,0.0,,0.0,1,0.33,0.44,SPY190719C00303000,303.0,normalDay
2019-06-10,735.0,1679.0,0.0,100,288.97,272.0,0,0.0,0.0,,0.0,1,0.33,0.51,SPY190719C00303000,303.0,normalDay
2019-06-11,735.0,1679.0,0.0,100,288.9,272.0,0,0.0,0.0,,0.0,1,0.33,0.44,SPY190719C00303000,303.0,normalDay
2019-06-12,735.0,1639.0,0.0,100,288.39,272.0,0,0.0,0.0,,0.0,1,0.33,0.33,SPY190719C00303000,303.0,normalDay
2019-06-13,735.0,1750.0,0.0,100,289.58,272.0,0,0.0,0.0,,0.0,1,0.33,0.41,SPY190719C00303000,303.0,normalDay
2019-06-14,735.0,1727.0,0.0,100,289.26,272.0,0,0.0,0.0,,0.0,1,0.33,0.32,SPY190719C00303000,303.0,normalDay
2019-06-17,735.0,1743.0,0.0,100,289.37,272.0,0,0.0,0.0,,0.0,1,0.33,0.27,SPY190719C00303000,303.0,normalDay
2019-06-18,735.0,2019.0,0.0,100,292.4,272.0,0,0.0,0.0,,0.0,1,0.33,0.54,SPY190719C00303000,303.0,normalDay
2019-06-19,735.0,2085.0,0.0,100,293.06,272.0,0,0.0,0.0,,0.0,1,0.33,0.54,SPY190719C00303000,303.0,normalDay
2019-06-20,735.0,2311.0,0.0,100,295.86,272.0,0,0.0,0.0,,0.0,1,0.33,1.08,SPY190719C00303000,303.0,normalDay
2019-06-21,735.0,2131.0,0.0,100,294.0,272.0,0,0.0,0.0,,0.0,1,0.33,1.02,SPY190719C00303000,303.0,normalDay
2019-06-24,735.0,2117.0,0.0,100,293.64,272.0,0,0.0,0.0,,0.0,1,0.33,0.8,SPY190719C00303000,303.0,normalDay
2019-06-25,735.0,1870.0,0.0,100,290.76,272.0,0,0.0,0.0,,0.0,1,0.33,0.39,SPY190719C00303000,303.0,normalDay
2019-06-26,735.0,1851.0,0.0,100,290.47,272.0,0,0.0,0.0,,0.0,1,0.33,0.29,SPY190719C00303000,303.0,normalDay
2019-06-27,735.0,1949.0,0.0,100,291.5,272.0,0,0.0,0.0,,0.0,1,0.33,0.34,SPY190719C00303000,303.0,normalDay
2019-06-28,735.0,2081.0,0.0,100,293.0,272.0,0,0.0,0.0,,0.0,1,0.33,0.52,SPY190719C00303000,303.0,normalDay
2019-07-01,735.0,2361.0,0.0,100,295.66,272.0,0,0.0,0.0,,0.0,1,0.33,0.38,SPY190719C00303000,303.0,normalDay
2019-07-02,735.0,2447.0,0.0,100,296.43,272.0,0,0.0,0.0,,0.0,1,0.33,0.29,SPY190719C00303000,303.0,normalDay
2019-07-03,735.0,2643.0,0.0,100,298.8,272.0,0,0.0,0.0,,0.0,1,0.33,0.7,SPY190719C00303000,303.0,normalDay
2019-07-05,735.0,2637.0,0.0,100,298.46,272.0,0,0.0,0.0,,0.0,1,0.33,0.42,SPY190719C00303000,303.0,normalDay
2019-07-08,735.0,2497.0,0.0,100,296.82,272.0,0,0.0,0.0,,0.0,1,0.33,0.18,SPY190719C00303000,303.0,normalDay
2019-07-09,735.0,2535.0,0.0,100,297.19,272.0,0,0.0,0.0,,0.0,1,0.33,0.17,SPY190719C00303000,303.0,normalDay
2019-07-10,735.0,2666.0,0.0,100,298.61,272.0,0,0.0,0.0,,0.0,1,0.33,0.28,SPY190719C00303000,303.0,normalDay
2019-07-11,735.0,2735.0,0.0,100,299.31,272.0,0,0.0,0.0,,0.0,1,0.33,0.29,SPY190719C00303000,303.0,normalDay
2019-07-12,735.0,2854.0,0.0,100,300.65,272.0,0,0.0,0.0,,0.0,1,0.33,0.44,SPY190719C00303000,303.0,normalDay
2019-07-15,735.0,2880.0,0.0,100,300.75,272.0,0,0.0,0.0,,0.0,1,0.33,0.28,SPY190719C00303000,303.0,normalDay
2019-07-16,735.0,2802.0,0.0,100,299.78,272.0,0,0.0,0.0,,0.0,1,0.33,0.09,SPY190719C00303000,303.0,normalDay
2019-07-17,735.0,2604.0,0.0,100,297.74,272.0,0,0.0,0.0,,0.0,1,0.33,0.03,SPY190719C00303000,303.0,normalDay
2019-07-18,735.0,2714.0,0.0,100,298.83,272.0,0,0.0,0.0,,0.0,1,0.33,0.02,SPY190719C00303000,303.0,normalDay
2019-07-19,768.0,2517.0,33.0,100,297.17,272.0,0,0.0,0.0,,0.0,1,0.33,0.0,SPY190719C00303000,303.0,expirationDay
2019-07-22,768.0,2585.0,0.0,100,297.9,272.0,0,0.0,0.0,,0.0,1,1.7,1.75,SPY190930C00308000,308.0,normalDay
2019-07-23,768.0,2750.0,0.0,100,300.03,272.0,0,0.0,0.0,,0.0,1,1.7,2.23,SPY190930C00308000,308.0,normalDay
2019-07-24,768.0,2850.0,0.0,100,301.44,272.0,0,0.0,0.0,,0.0,1,1.7,2.64,SPY190930C00308000,308.0,normalDay
2019-07-25,768.0,2748.0,0.0,100,300.0,272.0,0,0.0,0.0,,0.0,1,1.7,2.22,SPY190930C00308000,308.0,normalDay
2019-07-26,768.0,2898.0,0.0,100,302.01,272.0,0,0.0,0.0,,0.0,1,1.7,2.73,SPY190930C00308000,308.0,normalDay
2019-07-29,768.0,2862.0,0.0,100,301.46,272.0,0,0.0,0.0,,0.0,1,1.7,2.54,SPY190930C00308000,308.0,normalDay
2019-07-30,768.0,2804.0,0.0,100,300.72,272.0,0,0.0,0.0,,0.0,1,1.7,2.38,SPY190930C00308000,308.0,normalDay
2019-07-31,768.0,2550.0,0.0,100,297.43,272.0,0,0.0,0.0,,0.0,1,1.7,1.63,SPY190930C00308000,308.0,normalDay
2019-08-01,768.0,2322.0,0.0,100,294.84,272.0,0,0.0,0.0,,0.0,1,1.7,1.32,SPY190930C00308000,308.0,normalDay
2019-08-02,768.0,2146.0,0.0,100,292.62,272.0,0,0.0,0.0,,0.0,1,1.7,0.86,SPY190930C00308000,308.0,normalDay
2019-08-05,768.0,1316.0,0.0,100,283.82,272.0,0,0.0,0.0,,0.0,1,1.7,0.36,SPY190930C00308000,308.0,normalDay
2019-08-06,768.0,1712.0,0.0,100,287.8,272.0,0,0.0,0.0,,0.0,1,1.7,0.38,SPY190930C00308000,308.0,normalDay
2019-08-07,768.0,1733.0,0.0,100,287.97,272.0,0,0.0,0.0,,0.0,1,1.7,0.34,SPY190930C00308000,308.0,normalDay
2019-08-08,768.0,2265.0,0.0,100,293.62,272.0,0,0.0,0.0,,0.0,1,1.7,0.67,SPY190930C00308000,308.0,normalDay
2019-08-09,768.0,2078.0,0.0,100,291.62,272.0,0,0.0,0.0,,0.0,1,1.7,0.54,SPY190930C00308000,308.0,normalDay
2019-08-12,768.0,1739.0,0.0,100,288.07,272.0,0,0.0,0.0,,0.0,1,1.7,0.38,SPY190930C00308000,308.0,normalDay
2019-08-13,768.0,2173.0,0.0,100,292.55,272.0,0,0.0,0.0,,0.0,1,1.7,0.52,SPY190930C00308000,308.0,normalDay
2019-08-14,768.0,1335.0,0.0,100,283.9,272.0,0,0.0,0.0,,0.0,1,1.7,0.25,SPY190930C00308000,308.0,normalDay
2019-08-15,768.0,1410.0,0.0,100,284.65,272.0,0,0.0,0.0,,0.0,1,1.7,0.25,SPY190930C00308000,308.0,normalDay
2019-08-16,768.0,1827.0,0.0,100,288.85,272.0,0,0.0,0.0,,0.0,1,1.7,0.28,SPY190930C00308000,308.0,normalDay
2019-08-19,768.0,2171.0,0.0,100,292.33,272.0,0,0.0,0.0,,0.0,1,1.7,0.32,SPY190930C00308000,308.0,normalDay
2019-08-20,768.0,1958.0,0.0,100,290.09,272.0,0,0.0,0.0,,0.0,1,1.7,0.21,SPY190930C00308000,308.0,normalDay
2019-08-21,768.0,2187.0,0.0,100,292.45,272.0,0,0.0,0.0,,0.0,1,1.7,0.28,SPY190930C00308000,308.0,normalDay
2019-08-22,768.0,2183.0,0.0,100,292.36,272.0,0,0.0,0.0,,0.0,1,1.7,0.23,SPY190930C00308000,308.0,normalDay
2019-08-23,768.0,1445.0,0.0,100,284.85,272.0,0,0.0,0.0,,0.0,1,1.7,0.1,SPY190930C00308000,308.0,normalDay
2019-08-26,768.0,1757.0,0.0,100,288.0,272.0,0,0.0,0.0,,0.0,1,1.7,0.13,SPY190930C00308000,308.0,normalDay
2019-08-27,768.0,1646.0,0.0,100,286.87,272.0,0,0.0,0.0,,0.0,1,1.7,0.11,SPY190930C00308000,308.0,normalDay
2019-08-28,768.0,1844.0,0.0,100,288.89,272.0,0,0.0,0.0,,0.0,1,1.7,0.15,SPY190930C00308000,308.0,normalDay
2019-08-29,768.0,2207.0,0.0,100,292.58,272.0,0,0.0,0.0,,0.0,1,1.7,0.21,SPY190930C00308000,308.0,normalDay
2019-08-30,768.0,2197.0,0.0,100,292.45,272.0,0,0.0,0.0,,0.0,1,1.7,0.18,SPY190930C00308000,308.0,normalDay
2019-09-03,768.0,2036.0,0.0,100,290.74,272.0,0,0.0,0.0,,0.0,1,1.7,0.08,SPY190930C00308000,308.0,normalDay
2019-09-04,768.0,2365.0,0.0,100,294.04,272.0,0,0.0,0.0,,0.0,1,1.7,0.09,SPY190930C00308000,308.0,normalDay
2019-09-05,768.0,2726.0,0.0,100,297.82,272.0,0,0.0,0.0,,0.0,1,1.7,0.26,SPY190930C00308000,308.0,normalDay
2019-09-06,768.0,2753.0,0.0,100,298.05,272.0,0,0.0,0.0,,0.0,1,1.7,0.22,SPY190930C00308000,308.0,normalDay
2019-09-09,768.0,2773.0,0.0,100,298.2,272.0,0,0.0,0.0,,0.0,1,1.7,0.17,SPY190930C00308000,308.0,normalDay
2019-09-10,768.0,2769.0,0.0,100,298.13,272.0,0,0.0,0.0,,0.0,1,1.7,0.14,SPY190930C00308000,308.0,normalDay
2019-09-11,768.0,2971.0,0.0,100,300.25,272.0,0,0.0,0.0,,0.0,1,1.7,0.24,SPY190930C00308000,308.0,normalDay
2019-09-12,768.0,3066.0,0.0,100,301.29,272.0,0,0.0,0.0,,0.0,1,1.7,0.33,SPY190930C00308000,308.0,normalDay
2019-09-13,768.0,3056.0,0.0,100,301.09,272.0,0,0.0,0.0,,0.0,1,1.7,0.23,SPY190930C00308000,308.0,normalDay
2019-09-16,768.0,2972.0,0.0,100,300.16,272.0,0,0.0,0.0,,0.0,1,1.7,0.14,SPY190930C00308000,308.0,normalDay
2019-09-17,768.0,3045.0,0.0,100,300.92,272.0,0,0.0,0.0,,0.0,1,1.7,0.17,SPY190930C00308000,308.0,normalDay
2019-09-18,768.0,3065.0,0.0,100,301.1,272.0,0,0.0,0.0,,0.0,1,1.7,0.15,SPY190930C00308000,308.0,normalDay
2019-09-19,768.0,3068.0,0.0,100,301.08,272.0,0,0.0,0.0,,0.0,1,1.7,0.1,SPY190930C00308000,308.0,normalDay
2019-09-20,768.0,2794.0,0.0,100,298.28,272.0,0,0.0,0.0,,0.0,1,1.7,0.04,SPY190930C00308000,308.0,normalDay
2019-09-23,768.0,2789.0,0.0,100,298.21,272.0,0,0.0,0.0,,0.0,1,1.7,0.02,SPY190930C00308000,308.0,normalDay
2019-09-24,768.0,2556.0,0.0,100,295.87,272.0,0,0.0,0.0,,0.0,1,1.7,0.01,SPY190930C00308000,308.0,normalDay
2019-09-25,768.0,2731.0,0.0,100,297.62,272.0,0,0.0,0.0,,0.0,1,1.7,0.01,SPY190930C00308000,308.0,normalDay
2019-09-26,768.0,2669.0,0.0,100,297.0,272.0,0,0.0,0.0,,0.0,1,1.7,0.01,SPY190930C00308000,308.0,normalDay
2019-09-27,768.0,2509.0,0.0,100,295.4,272.0,0,0.0,0.0,,0.0,1,1.7,0.01,SPY190930C00308000,308.0,normalDay
2019-09-30,938.0,2477.0,170.0,100,296.77,272.0,0,0.0,0.0,,0.0,1,1.7,0.0,SPY190930C00308000,308.0,expirationDay
2019-10-01,938.0,2119.0,0.0,100,293.24,272.0,0,0.0,0.0,,0.0,1,2.63,2.68,SPY191220C00307000,307.0,normalDay
2019-10-02,938.0,1706.0,0.0,100,288.06,272.0,0,0.0,0.0,,0.0,1,2.63,1.63,SPY191220C00307000,307.0,normalDay
2019-10-03,938.0,1913.0,0.0,100,290.42,272.0,0,0.0,0.0,,0.0,1,2.63,1.92,SPY191220C00307000,307.0,normalDay
2019-10-04,938.0,2243.0,0.0,100,294.35,272.0,0,0.0,0.0,,0.0,1,2.63,2.55,SPY191220C00307000,307.0,normalDay
2019-10-07,938.0,2161.0,0.0,100,293.08,272.0,0,0.0,0.0,,0.0,1,2.63,2.1,SPY191220C00307000,307.0,normalDay
2019-10-08,938.0,1775.0,0.0,100,288.53,272.0,0,0.0,0.0,,0.0,1,2.63,1.41,SPY191220C00307000,307.0,normalDay
2019-10-09,938.0,2019.0,0.0,100,291.27,272.0,0,0.0,0.0,,0.0,1,2.63,1.71,SPY191220C00307000,307.0,normalDay
2019-10-10,938.0,2180.0,0.0,100,293.24,272.0,0,0.0,0.0,,0.0,1,2.63,2.07,SPY191220C00307000,307.0,normalDay
2019-10-11,938.0,2431.0,0.0,100,296.28,272.0,0,0.0,0.0,,0.0,1,2.63,2.6,SPY191220C00307000,307.0,normalDay
2019-10-14,938.0,2447.0,0.0,100,295.95,272.0,0,0.0,0.0,,0.0,1,2.63,2.11,SPY191220C00307000,307.0,normalDay
2019-10-15,938.0,2659.0,0.0,100,298.88,272.0,0,0.0,0.0,,0.0,1,2.63,2.92,SPY191220C00307000,307.0,normalDay
2019-10-16,938.0,2634.0,0.0,100,298.4,272.0,0,0.0,0.0,,0.0,1,2.63,2.69,SPY191220C00307000,307.0,normalDay
2019-10-17,938.0,2701.0,0.0,100,299.28,272.0,0,0.0,0.0,,0.0,1,2.63,2.9,SPY191220C00307000,307.0,normalDay
2019-10-18,938.0,2603.0,0.0,100,297.97,272.0,0,0.0,0.0,,0.0,1,2.63,2.57,SPY191220C00307000,307.0,normalDay
2019-10-21,938.0,2763.0,0.0,100,299.99,272.0,0,0.0,0.0,,0.0,1,2.63,2.99,SPY191220C00307000,307.0,normalDay
2019-10-22,938.0,2703.0,0.0,100,299.01,272.0,0,0.0,0.0,,0.0,1,2.63,2.61,SPY191220C00307000,307.0,normalDay
2019-10-23,938.0,2766.0,0.0,100,299.88,272.0,0,0.0,0.0,,0.0,1,2.63,2.85,SPY191220C00307000,307.0,normalDay
2019-10-24,938.0,2820.0,0.0,100,300.37,272.0,0,0.0,0.0,,0.0,1,2.63,2.8,SPY191220C00307000,307.0,normalDay
2019-10-25,938.0,2916.0,0.0,100,301.6,272.0,0,0.0,0.0,,0.0,1,2.63,3.07,SPY191220C00307000,307.0,normalDay
2019-10-28,938.0,3013.0,0.0,100,303.3,272.0,0,0.0,0.0,,0.0,1,2.63,3.8,SPY191220C00307000,307.0,normalDay
2019-10-29,938.0,3013.0,0.0,100,303.21,272.0,0,0.0,0.0,,0.0,1,2.63,3.71,SPY191220C00307000,307.0,normalDay
2019-10-30,938.0,3066.0,0.0,100,304.14,272.0,0,0.0,0.0,,0.0,1,2.63,4.11,SPY191220C00307000,307.0,normalDay
2019-10-31,938.0,3041.0,0.0,100,303.33,272.0,0,0.0,0.0,,0.0,1,2.63,3.55,SPY191220C00307000,307.0,normalDay
2019-11-01,938.0,3199.0,0.0,100,306.14,272.0,0,0.0,0.0,,0.0,1,2.63,4.78,SPY191220C00307000,307.0,normalDay
2019-11-04,938.0,3257.0,0.0,100,307.37,272.0,0,0.0,0.0,,0.0,1,2.63,5.43,SPY191220C00307000,307.0,normalDay
2019-11-05,938.0,3236.0,0.0,100,307.03,272.0,0,0.0,0.0,,0.0,1,2.63,5.3,SPY191220C00307000,307.0,normalDay
2019-11-06,938.0,3242.0,0.0,100,307.1,272.0,0,0.0,0.0,,0.0,1,2.63,5.31,SPY191220C00307000,307.0,normalDay
2019-11-07,938.0,3291.0,0.0,100,308.18,272.0,0,0.0,0.0,,0.0,1,2.63,5.9,SPY191220C00307000,307.0,normalDay
2019-11-08,938.0,3334.0,0.0,100,308.94,272.0,0,0.0,0.0,,0.0,1,2.63,6.23,SPY191220C00307000,307.0,normalDay
2019-11-11,938.0,3315.0,0.0,100,308.35,272.0,0,0.0,0.0,,0.0,1,2.63,5.83,SPY191220C00307000,307.0,normalDay
2019-11-12,938.0,3370.0,0.0,100,309.0,272.0,0,0.0,0.0,,0.0,1,2.63,5.93,SPY191220C00307000,307.0,normalDay
2019-11-13,938.0,3360.0,0.0,100,309.1,272.0,0,0.0,0.0,,0.0,1,2.63,6.13,SPY191220C00307000,307.0,normalDay
2019-11-14,938.0,3384.0,0.0,100,309.55,272.0,0,0.0,0.0,,0.0,1,2.63,6.34,SPY191220C00307000,307.0,normalDay
2019-11-15,938.0,3487.0,0.0,100,311.79,272.0,0,0.0,0.0,,0.0,1,2.63,7.55,SPY191220C00307000,307.0,normalDay
2019-11-18,938.0,3494.0,0.0,100,312.02,272.0,0,0.0,0.0,,0.0,1,2.63,7.71,SPY191220C00307000,307.0,normalDay
2019-11-19,938.0,3504.0,0.0,100,311.93,272.0,0,0.0,0.0,,0.0,1,2.63,7.52,SPY191220C00307000,307.0,normalDay
2019-11-20,938.0,3478.0,0.0,100,310.77,272.0,0,0.0,0.0,,0.0,1,2.63,6.62,SPY191220C00307000,307.0,normalDay
2019-11-21,938.0,3452.0,0.0,100,310.27,272.0,0,0.0,0.0,,0.0,1,2.63,6.38,SPY191220C00307000,307.0,normalDay
2019-11-22,938.0,3494.0,0.0,100,310.96,272.0,0,0.0,0.0,,0.0,1,2.63,6.65,SPY191220C00307000,307.0,normalDay
2019-11-25,938.0,3598.0,0.0,100,313.37,272.0,0,0.0,0.0,,0.0,1,2.63,8.02,SPY191220C00307000,307.0,normalDay
2019-11-26,938.0,3598.0,0.0,100,314.08,272.0,0,0.0,0.0,,0.0,1,2.63,8.73,SPY191220C00307000,307.0,normalDay
2019-11-27,938.0,3630.0,0.0,100,315.48,272.0,0,0.0,0.0,,0.0,1,2.63,9.81,SPY191220C00307000,307.0,normalDay
2019-11-29,938.0,3591.0,0.0,100,314.31,272.0,0,0.0,0.0,,0.0,1,2.63,9.03,SPY191220C00307000,307.0,normalDay
2019-12-02,938.0,3535.0,0.0,100,311.64,272.0,0,0.0,0.0,,0.0,1,2.63,6.92,SPY191220C00307000,307.0,normalDay
2019-12-03,938.0,3464.0,0.0,100,309.55,272.0,0,0.0,0.0,,0.0,1,2.63,5.54,SPY191220C00307000,307.0,normalDay
2019-12-04,938.0,3564.0,0.0,100,311.46,272.0,0,0.0,0.0,,0.0,1,2.63,6.45,SPY191220C00307000,307.0,normalDay
2019-12-05,938.0,3574.0,0.0,100,312.02,272.0,0,0.0,0.0,,0.0,1,2.63,6.91,SPY191220C00307000,307.0,normalDay
2019-12-06,938.0,3660.0,0.0,100,314.87,272.0,0,0.0,0.0,,0.0,1,2.63,8.9,SPY191220C00307000,307.0,normalDay
2019-12-09,938.0,3646.0,0.0,100,313.88,272.0,0,0.0,0.0,,0.0,1,2.63,8.05,SPY191220C00307000,307.0,normalDay
2019-12-10,938.0,3619.0,0.0,100,313.53,272.0,0,0.0,0.0,,0.0,1,2.63,7.97,SPY191220C00307000,307.0,normalDay
2019-12-11,938.0,3652.0,0.0,100,314.42,272.0,0,0.0,0.0,,0.0,1,2.63,8.53,SPY191220C00307000,307.0,normalDay
2019-12-12,938.0,3719.0,0.0,100,317.13,272.0,0,0.0,0.0,,0.0,1,2.63,10.57,SPY191220C00307000,307.0,normalDay
2019-12-13,938.0,3728.0,0.0,100,317.32,272.0,0,0.0,0.0,,0.0,1,2.63,10.67,SPY191220C00307000,307.0,normalDay
2019-12-16,938.0,3715.0,0.0,100,319.5,272.0,0,0.0,0.0,,0.0,1,2.63,12.98,SPY191220C00307000,307.0,normalDay
2019-12-17,938.0,3742.0,0.0,100,319.57,272.0,0,0.0,0.0,,0.0,1,2.63,12.78,SPY191220C00307000,307.0,normalDay
2019-12-18,938.0,3722.0,0.0,100,319.59,272.0,0,0.0,0.0,,0.0,1,2.63,13.0,SPY191220C00307000,307.0,normalDay
2019-12-19,938.0,3728.0,0.0,100,320.9,272.0,0,0.0,0.0,,0.0,1,2.63,14.25,SPY191220C00307000,307.0,normalDay
2019-12-20,4701.0,3728.0,3763.0,0,320.73,0.0,0,0.0,0.0,,0.0,1,2.63,0.0,SPY191220C00307000,307.0,expirationDay
2019-12-23,4701.0,-4.0,0.0,0,321.22,0.0,1,0.94,0.98,SPY200110P00314000,314.0,0,0.0,0.0,,0.0,normalDay
2019-12-24,4701.0,2.0,0.0,0,321.23,0.0,1,0.94,0.92,SPY200110P00314000,314.0,0,0.0,0.0,,0.0,normalDay
2019-12-26,4701.0,30.0,0.0,0,322.94,0.0,1,0.94,0.64,SPY200110P00314000,314.0,0,0.0,0.0,,0.0,normalDay
2019-12-27,4701.0,23.0,0.0,0,322.86,0.0,1,0.94,0.71,SPY200110P00314000,314.0,0,0.0,0.0,,0.0,normalDay
2019-12-30,4701.0,5.0,0.0,0,321.08,0.0,1,0.94,0.89,SPY200110P00314000,314.0,0,0.0,0.0,,0.0,normalDay
2019-12-31,4701.0,32.0,0.0,0,321.86,0.0,1,0.94,0.62,SPY200110P00314000,314.0,0,0.0,0.0,,0.0,normalDay
2020-01-02,4701.0,77.0,0.0,0,324.87,0.0,1,0.94,0.17,SPY200110P00314000,314.0,0,0.0,0.0,,0.0,normalDay
2020-01-03,4701.0,58.0,0.0,0,322.41,0.0,1,0.94,0.36,SPY200110P00314000,314.0,0,0.0,0.0,,0.0,normalDay
2020-01-06,4701.0,84.0,0.0,0,323.64,0.0,1,0.94,0.1,SPY200110P00314000,314.0,0,0.0,0.0,,0.0,normalDay
2020-01-07,4701.0,85.0,0.0,0,322.73,0.0,1,0.94,0.09,SPY200110P00314000,314.0,0,0.0,0.0,,0.0,normalDay
2020-01-08,4701.0,86.0,0.0,0,324.45,0.0,1,0.94,0.08,SPY200110P00314000,314.0,0,0.0,0.0,,0.0,normalDay
2020-01-09,4701.0,92.0,0.0,0,326.65,0.0,1,0.94,0.02,SPY200110P00314000,314.0,0,0.0,0.0,,0.0,normalDay
2020-01-10,4795.0,0.0,94.0,0,325.71,0.0,1,0.94,0.0,SPY200110P00314000,314.0,0,0.0,0.0,,0.0,expirationDay
2020-01-13,4795.0,-3.0,0.0,0,327.95,0.0,1,1.03,1.06,SPY200131P00321000,321.0,0,0.0,0.0,,0.0,normalDay
2020-01-14,4795.0,0.0,0.0,0,327.45,0.0,1,1.03,1.03,SPY200131P00321000,321.0,0,0.0,0.0,,0.0,normalDay
2020-01-15,4795.0,20.0,0.0,0,328.19,0.0,1,1.03,0.83,SPY200131P00321000,321.0,0,0.0,0.0,,0.0,normalDay
2020-01-16,4795.0,49.0,0.0,0,330.92,0.0,1,1.03,0.54,SPY200131P00321000,321.0,0,0.0,0.0,,0.0,normalDay
2020-01-17,4795.0,65.0,0.0,0,331.95,0.0,1,1.03,0.38,SPY200131P00321000,321.0,0,0.0,0.0,,0.0,normalDay
2020-01-21,4795.0,64.0,0.0,0,331.3,0.0,1,1.03,0.39,SPY200131P00321000,321.0,0,0.0,0.0,,0.0,normalDay
2020-01-22,4795.0,73.0,0.0,0,331.34,0.0,1,1.03,0.3,SPY200131P00321000,321.0,0,0.0,0.0,,0.0,normalDay
2020-01-23,4795.0,80.0,0.0,0,331.72,0.0,1,1.03,0.23,SPY200131P00321000,321.0,0,0.0,0.0,,0.0,normalDay
2020-01-24,4795.0,41.0,0.0,0,328.77,0.0,1,1.03,0.62,SPY200131P00321000,321.0,0,0.0,0.0,,0.0,normalDay
2020-01-27,4795.0,-96.0,0.0,0,323.5,0.0,1,1.03,1.99,SPY200131P00321000,321.0,0,0.0,0.0,,0.0,normalDay
2020-01-28,4795.0,43.0,0.0,0,326.89,0.0,1,1.03,0.6,SPY200131P00321000,321.0,0,0.0,0.0,,0.0,normalDay
2020-01-29,4795.0,70.0,0.0,0,326.62,0.0,1,1.03,0.33,SPY200131P00321000,321.0,0,0.0,0.0,,0.0,normalDay
2020-01-30,4795.0,97.0,0.0,0,327.68,0.0,1,1.03,0.06,SPY200131P00321000,321.0,0,0.0,0.0,,0.0,normalDay
2020-01-31,4898.0,0.0,103.0,0,321.73,0.0,1,1.03,0.0,SPY200131P00321000,321.0,0,0.0,0.0,,0.0,expirationDay
2020-02-03,4898.0,-5.0,0.0,0,324.12,0.0,1,5.36,5.41,SPY200221P00326000,326.0,0,0.0,0.0,,0.0,normalDay
2020-02-04,4898.0,273.0,0.0,0,329.06,0.0,1,5.36,2.63,SPY200221P00326000,326.0,0,0.0,0.0,,0.0,normalDay
2020-02-05,4898.0,399.0,0.0,0,332.86,0.0,1,5.36,1.37,SPY200221P00326000,326.0,0,0.0,0.0,,0.0,normalDay
2020-02-06,4898.0,421.0,0.0,0,333.98,0.0,1,5.36,1.15,SPY200221P00326000,326.0,0,0.0,0.0,,0.0,normalDay
2020-02-07,4898.0,391.0,0.0,0,332.2,0.0,1,5.36,1.45,SPY200221P00326000,326.0,0,0.0,0.0,,0.0,normalDay
2020-02-10,4898.0,460.0,0.0,0,334.68,0.0,1,5.36,0.76,SPY200221P00326000,326.0,0,0.0,0.0,,0.0,normalDay
2020-02-11,4898.0,473.0,0.0,0,335.26,0.0,1,5.36,0.63,SPY200221P00326000,326.0,0,0.0,0.0,,0.0,normalDay
2020-02-12,4898.0,508.0,0.0,0,337.42,0.0,1,5.36,0.28,SPY200221P00326000,326.0,0,0.0,0.0,,0.0,normalDay
2020-02-13,4898.0,507.0,0.0,0,337.06,0.0,1,5.36,0.29,SPY200221P00326000,326.0,0,0.0,0.0,,0.0,normalDay
2020-02-14,4898.0,520.0,0.0,0,337.6,0.0,1,5.36,0.16,SPY200221P00326000,326.0,0,0.0,0.0,,0.0,normalDay
2020-02-18,4898.0,527.0,0.0,0,336.73,0.0,1,5.36,0.09,SPY200221P00326000,326.0,0,0.0,0.0,,0.0,normalDay
2020-02-19,4898.0,532.0,0.0,0,338.34,0.0,1,5.36,0.04,SPY200221P00326000,326.0,0,0.0,0.0,,0.0,normalDay
2020-02-20,4898.0,533.0,0.0,0,336.95,0.0,1,5.36,0.03,SPY200221P00326000,326.0,0,0.0,0.0,,0.0,normalDay
2020-02-21,5434.0,0.0,536.0,0,333.48,0.0,1,5.36,0.0,SPY200221P00326000,326.0,0,0.0,0.0,,0.0,expirationDay
2020-02-24,5434.0,-9.0,0.0,0,322.42,0.0,1,9.81,9.9,SPY200313P00329000,329.0,0,0.0,0.0,,0.0,normalDay
2020-02-25,5434.0,-702.0,0.0,0,312.65,0.0,1,9.81,16.83,SPY200313P00329000,329.0,0,0.0,0.0,,0.0,normalDay
2020-02-26,5434.0,-880.0,0.0,0,311.5,0.0,1,9.81,18.61,SPY200313P00329000,329.0,0,0.0,0.0,,0.0,normalDay
2020-02-27,5434.0,-2287.0,0.0,0,297.51,0.0,1,9.81,32.68,SPY200313P00329000,329.0,0,0.0,0.0,,0.0,normalDay
2020-02-28,5434.0,-2287.0,0.0,0,296.26,0.0,1,9.81,32.68,SPY200313P00329000,329.0,0,0.0,0.0,,0.0,normalDay
2020-03-02,5434.0,-1037.0,0.0,0,309.09,0.0,1,9.81,20.18,SPY200313P00329000,329.0,0,0.0,0.0,,0.0,normalDay
2020-03-03,5434.0,-1793.0,0.0,0,300.24,0.0,1,9.81,27.74,SPY200313P00329000,329.0,0,0.0,0.0,,0.0,normalDay
2020-03-04,5434.0,-767.0,0.0,0,312.86,0.0,1,9.81,17.48,SPY200313P00329000,329.0,0,0.0,0.0,,0.0,normalDay
2020-03-05,5434.0,-1732.0,0.0,0,302.46,0.0,1,9.81,27.13,SPY200313P00329000,329.0,0,0.0,0.0,,0.0,normalDay
2020-03-06,5434.0,-2255.0,0.0,0,297.46,0.0,1,9.81,32.36,SPY200313P00329000,329.0,0,0.0,0.0,,0.0,normalDay
2020-03-09,5434.0,-4576.0,0.0,0,274.23,0.0,1,9.81,55.57,SPY200313P00329000,329.0,0,0.0,0.0,,0.0,normalDay
2020-03-10,5434.0,-3154.0,0.0,0,288.42,0.0,1,9.81,41.35,SPY200313P00329000,329.0,0,0.0,0.0,,0.0,normalDay
2020-03-11,5434.0,-4560.0,0.0,0,274.36,0.0,1,9.81,55.41,SPY200313P00329000,329.0,0,0.0,0.0,,0.0,normalDay
2020-03-12,5434.0,-7104.0,0.0,0,248.11,0.0,1,9.81,80.85,SPY200313P00329000,329.0,0,0.0,0.0,,0.0,normalDay
2020-03-13,6415.0,-5968.0,981.0,100,269.32,329.0,1,9.81,0.0,SPY200313P00329000,329.0,0,0.0,0.0,,0.0,expirationDay
2020-03-16,6415.0,-8915.0,0.0,100,239.85,329.0,0,0.0,0.0,,0.0,0,0.0,0.0,,0.0,bidTooLow
2020-03-17,6415.0,-7620.0,0.0,100,252.8,329.0,0,0.0,0.0,,0.0,0,0.0,0.0,,0.0,bidTooLow
2020-03-18,6415.0,-8900.0,0.0,100,240.0,329.0,0,0.0,0.0,,0.0,0,0.0,0.0,,0.0,bidTooLow
2020-03-19,6415.0,-8849.0,0.0,100,240.51,329.0,0,0.0,0.0,,0.0,0,0.0,0.0,,0.0,bidTooLow
2020-03-20,6415.0,-10020.0,0.0,100,228.8,329.0,0,0.0,0.0,,0.0,0,0.0,0.0,,0.0,bidTooLow
2020-03-23,6415.0,-10608.0,0.0,100,222.95,329.0,0,0.0,0.0,,0.0,1,0.01,0.04,SPY200515C00385000,385.0,normalDay
2020-03-24,6415.0,-8588.0,0.0,100,243.15,329.0,0,0.0,0.0,,0.0,1,0.01,0.04,SPY200515C00385000,385.0,normalDay
2020-03-25,6415.0,-8224.0,0.0,100,246.79,329.0,0,0.0,0.0,,0.0,1,0.01,0.04,SPY200515C00385000,385.0,normalDay
2020-03-26,6415.0,-6783.0,0.0,100,261.2,329.0,0,0.0,0.0,,0.0,1,0.01,0.04,SPY200515C00385000,385.0,normalDay
2020-03-27,6415.0,-7561.0,0.0,100,253.42,329.0,0,0.0,0.0,,0.0,1,0.01,0.04,SPY200515C00385000,385.0,normalDay
2020-03-30,6415.0,-6738.0,0.0,100,261.65,329.0,0,0.0,0.0,,0.0,1,0.01,0.04,SPY200515C00385000,385.0,normalDay
2020-03-31,6415.0,-7126.0,0.0,100,257.75,329.0,0,0.0,0.0,,0.0,1,0.01,0.02,SPY200515C00385000,385.0,normalDay
2020-04-01,6415.0,-8286.0,0.0,100,246.15,329.0,0,0.0,0.0,,0.0,1,0.01,0.02,SPY200515C00385000,385.0,normalDay
2020-04-02,6415.0,-7718.0,0.0,100,251.83,329.0,0,0.0,0.0,,0.0,1,0.01,0.02,SPY200515C00385000,385.0,normalDay
2020-04-03,6415.0,-8082.0,0.0,100,248.19,329.0,0,0.0,0.0,,0.0,1,0.01,0.02,SPY200515C00385000,385.0,normalDay
2020-04-06,6415.0,-6415.0,0.0,100,264.86,329.0,0,0.0,0.0,,0.0,1,0.01,0.02,SPY200515C00385000,385.0,normalDay
2020-04-07,6415.0,-6388.0,0.0,100,265.13,329.0,0,0.0,0.0,,0.0,1,0.01,0.02,SPY200515C00385000,385.0,normalDay
2020-04-08,6415.0,-5498.0,0.0,100,274.03,329.0,0,0.0,0.0,,0.0,1,0.01,0.02,SPY200515C00385000,385.0,normalDay
2020-04-09,6415.0,-5081.0,0.0,100,278.2,329.0,0,0.0,0.0,,0.0,1,0.01,0.02,SPY200515C00385000,385.0,normalDay
2020-04-13,6415.0,-5335.0,0.0,100,275.66,329.0,0,0.0,0.0,,0.0,1,0.01,0.02,SPY200515C00385000,385.0,normalDay
2020-04-14,6415.0,-4522.0,0.0,100,283.79,329.0,0,0.0,0.0,,0.0,1,0.01,0.02,SPY200515C00385000,385.0,normalDay
2020-04-15,6415.0,-5124.0,0.0,100,277.76,329.0,0,0.0,0.0,,0.0,1,0.01,0.01,SPY200515C00385000,385.0,normalDay
2020-04-16,6415.0,-4990.0,0.0,100,279.1,329.0,0,0.0,0.0,,0.0,1,0.01,0.01,SPY200515C00385000,385.0,normalDay
2020-04-17,6415.0,-4236.0,0.0,100,286.64,329.0,0,0.0,0.0,,0.0,1,0.01,0.01,SPY200515C00385000,385.0,normalDay
2020-04-20,6415.0,-4741.0,0.0,100,281.59,329.0,0,0.0,0.0,,0.0,1,0.01,0.01,SPY200515C00385000,385.0,normalDay
2020-04-21,6415.0,-5596.0,0.0,100,273.04,329.0,0,0.0,0.0,,0.0,1,0.01,0.01,SPY200515C00385000,385.0,normalDay
2020-04-22,6415.0,-4990.0,0.0,100,279.1,329.0,0,0.0,0.0,,0.0,1,0.01,0.01,SPY200515C00385000,385.0,normalDay
2020-04-23,6415.0,-4992.0,0.0,100,279.08,329.0,0,0.0,0.0,,0.0,1,0.01,0.01,SPY200515C00385000,385.0,normalDay
2020-04-24,6415.0,-4603.0,0.0,100,282.97,329.0,0,0.0,0.0,,0.0,1,0.01,0.01,SPY200515C00385000,385.0,normalDay
2020-04-27,6415.0,-4195.0,0.0,100,287.05,329.0,0,0.0,0.0,,0.0,1,0.01,0.01,SPY200515C00385000,385.0,normalDay
2020-04-28,6415.0,-4327.0,0.0,100,285.73,329.0,0,0.0,0.0,,0.0,1,0.01,0.01,SPY200515C00385000,385.0,normalDay
2020-04-29,6415.0,-3579.0,0.0,100,293.21,329.0,0,0.0,0.0,,0.0,1,0.01,0.01,SPY200515C00385000,385.0,normalDay
2020-04-30,6415.0,-3852.0,0.0,100,290.48,329.0,0,0.0,0.0,,0.0,1,0.01,0.01,SPY200515C00385000,385.0,normalDay
2020-05-01,6415.0,-4621.0,0.0,100,282.79,329.0,0,0.0,0.0,,0.0,1,0.01,0.01,SPY200515C00385000,385.0,normalDay
2020-05-04,6415.0,-4543.0,0.0,100,283.57,329.0,0,0.0,0.0,,0.0,1,0.01,0.01,SPY200515C00385000,385.0,normalDay
2020-05-05,6415.0,-4281.0,0.0,100,286.19,329.0,0,0.0,0.0,,0.0,1,0.01,0.01,SPY200515C00385000,385.0,normalDay
2020-05-06,6415.0,-4475.0,0.0,100,284.25,329.0,0,0.0,0.0,,0.0,1,0.01,0.01,SPY200515C00385000,385.0,normalDay
2020-05-07,6415.0,-4132.0,0.0,100,287.68,329.0,0,0.0,0.0,,0.0,1,0.01,0.01,SPY200515C00385000,385.0,normalDay
2020-05-08,6415.0,-3656.0,0.0,100,292.44,329.0,0,0.0,0.0,,0.0,1,0.01,0.01,SPY200515C00385000,385.0,normalDay
2020-05-11,6415.0,-3650.0,0.0,100,292.5,329.0,0,0.0,0.0,,0.0,1,0.01,0.01,SPY200515C00385000,385.0,normalDay
2020-05-12,6415.0,-4233.0,0.0,100,286.67,329.0,0,0.0,0.0,,0.0,1,0.01,0.01,SPY200515C00385000,385.0,normalDay
2020-05-13,6415.0,-4740.0,0.0,100,281.6,329.0,0,0.0,0.0,,0.0,1,0.01,0.01,SPY200515C00385000,385.0,normalDay
2020-05-14,6415.0,-4403.0,0.0,100,284.97,329.0,0,0.0,0.0,,0.0,1,0.01,0.01,SPY200515C00385000,385.0,normalDay
2020-05-15,6416.0,-4272.0,1.0,100,286.28,329.0,0,0.0,0.0,,0.0,1,0.01,0.0,SPY200515C00385000,385.0,expirationDay
2020-05-18,6416.0,-3406.0,0.0,100,295.0,329.0,0,0.0,0.0,,0.0,1,5.81,5.87,SPY200717C00305000,305.0,normalDay
2020-05-19,6416.0,-3625.0,0.0,100,291.97,329.0,0,0.0,0.0,,0.0,1,5.81,5.03,SPY200717C00305000,305.0,normalDay
2020-05-20,6416.0,-3288.0,0.0,100,296.93,329.0,0,0.0,0.0,,0.0,1,5.81,6.62,SPY200717C00305000,305.0,normalDay
2020-05-21,6416.0,-3411.0,0.0,100,294.88,329.0,0,0.0,0.0,,0.0,1,5.81,5.8,SPY200717C00305000,305.0,normalDay
2020-05-22,6416.0,-3368.0,0.0,100,295.44,329.0,0,0.0,0.0,,0.0,1,5.81,5.93,SPY200717C00305000,305.0,normalDay
2020-05-26,6416.0,-3108.0,0.0,100,299.08,329.0,0,0.0,0.0,,0.0,1,5.81,6.97,SPY200717C00305000,305.0,normalDay
2020-05-27,6416.0,-2861.0,0.0,100,303.53,329.0,0,0.0,0.0,,0.0,1,5.81,8.95,SPY200717C00305000,305.0,normalDay
2020-05-28,6416.0,-2945.0,0.0,100,302.97,329.0,0,0.0,0.0,,0.0,1,5.81,9.23,SPY200717C00305000,305.0,normalDay
2020-05-29,6416.0,-2851.0,0.0,100,304.32,329.0,0,0.0,0.0,,0.0,1,5.81,9.64,SPY200717C00305000,305.0,normalDay
2020-06-01,6416.0,-2740.0,0.0,100,305.55,329.0,0,0.0,0.0,,0.0,1,5.81,9.76,SPY200717C00305000,305.0,normalDay
2020-06-02,6416.0,-2586.0,0.0,100,308.08,329.0,0,0.0,0.0,,0.0,1,5.81,10.75,SPY200717C00305000,305.0,normalDay
2020-06-03,6416.0,-2427.0,0.0,100,312.18,329.0,0,0.0,0.0,,0.0,1,5.81,13.26,SPY200717C00305000,305.0,normalDay
2020-06-04,6416.0,-2448.0,0.0,100,311.36,329.0,0,0.0,0.0,,0.0,1,5.81,12.65,SPY200717C00305000,305.0,normalDay
2020-06-05,6416.0,-2185.0,0.0,100,319.34,329.0,0,0.0,0.0,,0.0,1,5.81,18.0,SPY200717C00305000,305.0,normalDay
2020-06-08,6416.0,-2089.0,0.0,100,323.2,329.0,0,0.0,0.0,,0.0,1,5.81,20.9,SPY200717C00305000,305.0,normalDay
2020-06-09,6416.0,-2271.0,0.0,100,320.79,329.0,0,0.0,0.0,,0.0,1,5.81,20.31,SPY200717C00305000,305.0,normalDay
2020-06-10,6416.0,-2212.0,0.0,100,319.0,329.0,0,0.0,0.0,,0.0,1,5.81,17.93,SPY200717C00305000,305.0,normalDay
2020-06-11,6416.0,-3231.0,0.0,100,300.61,329.0,0,0.0,0.0,,0.0,1,5.81,9.73,SPY200717C00305000,305.0,normalDay
2020-06-12,6416.0,-2881.0,0.0,100,304.21,329.0,0,0.0,0.0,,0.0,1,5.81,9.83,SPY200717C00305000,305.0,normalDay
2020-06-15,6416.0,-2729.0,0.0,100,307.05,329.0,0,0.0,0.0,,0.0,1,5.81,11.15,SPY200717C00305000,305.0,normalDay
2020-06-16,6416.0,-2470.0,0.0,100,312.96,329.0,0,0.0,0.0,,0.0,1,5.81,14.47,SPY200717C00305000,305.0,normalDay
2020-06-17,6416.0,-2528.0,0.0,100,311.66,329.0,0,0.0,0.0,,0.0,1,5.81,13.75,SPY200717C00305000,305.0,normalDay
2020-06-18,6416.0,-2452.0,0.0,100,311.78,329.0,0,0.0,0.0,,0.0,1,5.81,13.11,SPY200717C00305000,305.0,normalDay
2020-06-19,6416.0,-2582.0,0.0,100,308.64,329.0,0,0.0,0.0,,0.0,1,5.81,11.27,SPY200717C00305000,305.0,normalDay
2020-06-22,6416.0,-2502.0,0.0,100,310.62,329.0,0,0.0,0.0,,0.0,1,5.81,12.45,SPY200717C00305000,305.0,normalDay
2020-06-23,6416.0,-2412.0,0.0,100,312.05,329.0,0,0.0,0.0,,0.0,1,5.81,12.98,SPY200717C00305000,305.0,normalDay
2020-06-24,6416.0,-2779.0,0.0,100,304.09,329.0,0,0.0,0.0,,0.0,1,5.81,8.69,SPY200717C00305000,305.0,normalDay
2020-06-25,6416.0,-2569.0,0.0,100,307.35,329.0,0,0.0,0.0,,0.0,1,5.81,9.85,SPY200717C00305000,305.0,normalDay
2020-06-26,6416.0,-2945.0,0.0,100,300.05,329.0,0,0.0,0.0,,0.0,1,5.81,6.31,SPY200717C00305000,305.0,normalDay
2020-06-29,6416.0,-2575.0,0.0,100,304.46,329.0,0,0.0,0.0,,0.0,1,5.81,7.02,SPY200717C00305000,305.0,normalDay
2020-06-30,6416.0,-2359.0,0.0,100,308.36,329.0,0,0.0,0.0,,0.0,1,5.81,8.76,SPY200717C00305000,305.0,normalDay
2020-07-01,6416.0,-2229.0,0.0,100,310.52,329.0,0,0.0,0.0,,0.0,1,5.81,9.62,SPY200717C00305000,305.0,normalDay
2020-07-02,6416.0,-2166.0,0.0,100,312.23,329.0,0,0.0,0.0,,0.0,1,5.81,10.7,SPY200717C00305000,305.0,normalDay
2020-07-06,6416.0,-1995.0,0.0,100,317.05,329.0,0,0.0,0.0,,0.0,1,5.81,13.81,SPY200717C00305000,305.0,normalDay
2020-07-07,6416.0,-2055.0,0.0,100,313.78,329.0,0,0.0,0.0,,0.0,1,5.81,11.14,SPY200717C00305000,305.0,normalDay
2020-07-08,6416.0,-1977.0,0.0,100,316.18,329.0,0,0.0,0.0,,0.0,1,5.81,12.76,SPY200717C00305000,305.0,normalDay
2020-07-09,6416.0,-1990.0,0.0,100,314.38,329.0,0,0.0,0.0,,0.0,1,5.81,11.09,SPY200717C00305000,305.0,normalDay
2020-07-10,6416.0,-1911.0,0.0,100,317.59,329.0,0,0.0,0.0,,0.0,1,5.81,13.51,SPY200717C00305000,305.0,normalDay
2020-07-13,6416.0,-1919.0,0.0,100,314.84,329.0,0,0.0,0.0,,0.0,1,5.81,10.84,SPY200717C00305000,305.0,normalDay
2020-07-14,6416.0,-1821.0,0.0,100,318.92,329.0,0,0.0,0.0,,0.0,1,5.81,13.94,SPY200717C00305000,305.0,normalDay
2020-07-15,6416.0,-1816.0,0.0,100,321.85,329.0,0,0.0,0.0,,0.0,1,5.81,16.82,SPY200717C00305000,305.0,normalDay
2020-07-16,6416.0,-1714.0,0.0,100,320.79,329.0,0,0.0,0.0,,0.0,1,5.81,14.74,SPY200717C00305000,305.0,normalDay
2020-07-17,4597.0,-1714.0,-1819.0,0,321.72,0.0,0,0.0,0.0,,0.0,1,5.81,0.0,SPY200717C00305000,305.0,expirationDay
2020-07-20,4597.0,-5.0,0.0,0,324.32,0.0,1,2.15,2.2,SPY200807P00310000,310.0,0,0.0,0.0,,0.0,normalDay
2020-07-21,4597.0,4.0,0.0,0,325.01,0.0,1,2.15,2.11,SPY200807P00310000,310.0,0,0.0,0.0,,0.0,normalDay
2020-07-22,4597.0,49.0,0.0,0,326.86,0.0,1,2.15,1.66,SPY200807P00310000,310.0,0,0.0,0.0,,0.0,normalDay
2020-07-23,4597.0,-30.0,0.0,0,322.96,0.0,1,2.15,2.45,SPY200807P00310000,310.0,0,0.0,0.0,,0.0,normalDay
2020-07-24,4597.0,-8.0,0.0,0,320.88,0.0,1,2.15,2.23,SPY200807P00310000,310.0,0,0.0,0.0,,0.0,normalDay
2020-07-27,4597.0,82.0,0.0,0,323.22,0.0,1,2.15,1.33,SPY200807P00310000,310.0,0,0.0,0.0,,0.0,normalDay
2020-07-28,4597.0,51.0,0.0,0,321.17,0.0,1,2.15,1.64,SPY200807P00310000,310.0,0,0.0,0.0,,0.0,normalDay
2020-07-29,4597.0,131.0,0.0,0,325.12,0.0,1,2.15,0.84,SPY200807P00310000,310.0,0,0.0,0.0,,0.0,normalDay
2020-07-30,4597.0,127.0,0.0,0,323.96,0.0,1,2.15,0.88,SPY200807P00310000,310.0,0,0.0,0.0,,0.0,normalDay
2020-07-31,4597.0,183.0,0.0,0,326.52,0.0,1,2.15,0.32,SPY200807P00310000,310.0,0,0.0,0.0,,0.0,normalDay
2020-08-03,4597.0,203.0,0.0,0,328.79,0.0,1,2.15,0.12,SPY200807P00310000,310.0,0,0.0,0.0,,0.0,normalDay
2020-08-04,4597.0,208.0,0.0,0,330.06,0.0,1,2.15,0.07,SPY200807P00310000,310.0,0,0.0,0.0,,0.0,normalDay
2020-08-05,4597.0,212.0,0.0,0,332.11,0.0,1,2.15,0.03,SPY200807P00310000,310.0,0,0.0,0.0,,0.0,normalDay
2020-08-06,4597.0,213.0,0.0,0,334.33,0.0,1,2.15,0.02,SPY200807P00310000,310.0,0,0.0,0.0,,0.0,normalDay
2020-08-07,4812.0,0.0,215.0,0,334.57,0.0,1,2.15,0.0,SPY200807P00310000,310.0,0,0.0,0.0,,0.0,expirationDay
2020-08-10,4812.0,-4.0,0.0,0,335.57,0.0,1,2.0,2.04,SPY200828P00323000,323.0,0,0.0,0.0,,0.0,normalDay
2020-08-11,4812.0,-89.0,0.0,0,332.8,0.0,1,2.0,2.89,SPY200828P00323000,323.0,0,0.0,0.0,,0.0,normalDay
2020-08-12,4812.0,42.0,0.0,0,337.44,0.0,1,2.0,1.58,SPY200828P00323000,323.0,0,0.0,0.0,,0.0,normalDay
2020-08-13,4812.0,43.0,0.0,0,336.83,0.0,1,2.0,1.57,SPY200828P00323000,323.0,0,0.0,0.0,,0.0,normalDay
2020-08-14,4812.0,72.0,0.0,0,336.84,0.0,1,2.0,1.28,SPY200828P00323000,323.0,0,0.0,0.0,,0.0,normalDay
2020-08-17,4812.0,123.0,0.0,0,337.91,0.0,1,2.0,0.77,SPY200828P00323000,323.0,0,0.0,0.0,,0.0,normalDay
2020-08-18,4812.0,135.0,0.0,0,338.64,0.0,1,2.0,0.65,SPY200828P00323000,323.0,0,0.0,0.0,,0.0,normalDay
2020-08-19,4812.0,124.0,0.0,0,337.23,0.0,1,2.0,0.76,SPY200828P00323000,323.0,0,0.0,0.0,,0.0,normalDay
2020-08-20,4812.0,147.0,0.0,0,338.28,0.0,1,2.0,0.53,SPY200828P00323000,323.0,0,0.0,0.0,,0.0,normalDay
2020-08-21,4812.0,172.0,0.0,0,339.48,0.0,1,2.0,0.28,SPY200828P00323000,323.0,0,0.0,0.0,,0.0,normalDay
2020-08-24,4812.0,190.0,0.0,0,342.92,0.0,1,2.0,0.1,SPY200828P00323000,323.0,0,0.0,0.0,,0.0,normalDay
2020-08-25,4812.0,195.0,0.0,0,344.12,0.0,1,2.0,0.05,SPY200828P00323000,323.0,0,0.0,0.0,,0.0,normalDay
2020-08-26,4812.0,194.0,0.0,0,347.57,0.0,1,2.0,0.06,SPY200828P00323000,323.0,0,0.0,0.0,,0.0,normalDay
2020-08-27,4812.0,198.0,0.0,0,348.33,0.0,1,2.0,0.02,SPY200828P00323000,323.0,0,0.0,0.0,,0.0,normalDay
2020-08-28,5012.0,0.0,200.0,0,350.58,0.0,1,2.0,0.0,SPY200828P00323000,323.0,0,0.0,0.0,,0.0,expirationDay
2020-08-31,5012.0,-4.0,0.0,0,349.31,0.0,1,2.68,2.72,SPY200918P00336000,336.0,0,0.0,0.0,,0.0,normalDay
2020-09-01,5012.0,60.0,0.0,0,352.6,0.0,1,2.68,2.08,SPY200918P00336000,336.0,0,0.0,0.0,,0.0,normalDay
2020-09-02,5012.0,118.0,0.0,0,357.7,0.0,1,2.68,1.5,SPY200918P00336000,336.0,0,0.0,0.0,,0.0,normalDay
2020-09-03,5012.0,-164.0,0.0,0,345.39,0.0,1,2.68,4.32,SPY200918P00336000,336.0,0,0.0,0.0,,0.0,normalDay
2020-09-04,5012.0,-239.0,0.0,0,342.57,0.0,1,2.68,5.07,SPY200918P00336000,336.0,0,0.0,0.0,,0.0,normalDay
2020-09-08,5012.0,-571.0,0.0,0,333.21,0.0,1,2.68,8.39,SPY200918P00336000,336.0,0,0.0,0.0,,0.0,normalDay
2020-09-09,5012.0,-210.0,0.0,0,339.79,0.0,1,2.68,4.78,SPY200918P00336000,336.0,0,0.0,0.0,,0.0,normalDay
2020-09-10,5012.0,-437.0,0.0,0,333.89,0.0,1,2.68,7.05,SPY200918P00336000,336.0,0,0.0,0.0,,0.0,normalDay
2020-09-11,5012.0,-408.0,0.0,0,334.06,0.0,1,2.68,6.76,SPY200918P00336000,336.0,0,0.0,0.0,,0.0,normalDay
2020-09-14,5012.0,-31.0,0.0,0,338.46,0.0,1,2.68,2.99,SPY200918P00336000,336.0,0,0.0,0.0,,0.0,normalDay
2020-09-15,5012.0,86.0,0.0,0,340.17,0.0,1,2.68,1.82,SPY200918P00336000,336.0,0,0.0,0.0,,0.0,normalDay
2020-09-16,5012.0,84.0,0.0,0,338.82,0.0,1,2.68,1.84,SPY200918P00336000,336.0,0,0.0,0.0,,0.0,normalDay
2020-09-17,5012.0,10.0,0.0,0,335.84,0.0,1,2.68,2.58,SPY200918P00336000,336.0,0,0.0,0.0,,0.0,normalDay
2020-09-18,5280.0,-535.0,268.0,100,330.65,336.0,1,2.68,0.0,SPY200918P00336000,336.0,0,0.0,0.0,,0.0,expirationDay
2020-09-21,5280.0,-908.0,0.0,100,326.97,336.0,0,0.0,0.0,,0.0,1,0.96,1.01,SPY201120C00369000,369.0,normalDay
2020-09-22,5280.0,-590.0,0.0,100,330.3,336.0,0,0.0,0.0,,0.0,1,0.96,1.16,SPY201120C00369000,369.0,normalDay
2020-09-23,5280.0,-1312.0,0.0,100,322.64,336.0,0,0.0,0.0,,0.0,1,0.96,0.72,SPY201120C00369000,369.0,normalDay
2020-09-24,5280.0,-1228.0,0.0,100,323.5,336.0,0,0.0,0.0,,0.0,1,0.96,0.74,SPY201120C00369000,369.0,normalDay
2020-09-25,5280.0,-725.0,0.0,100,328.73,336.0,0,0.0,0.0,,0.0,1,0.96,0.94,SPY201120C00369000,369.0,normalDay
2020-09-28,5280.0,-231.0,0.0,100,334.19,336.0,0,0.0,0.0,,0.0,1,0.96,1.46,SPY201120C00369000,369.0,normalDay
2020-09-29,5280.0,-389.0,0.0,100,332.37,336.0,0,0.0,0.0,,0.0,1,0.96,1.22,SPY201120C00369000,369.0,normalDay
2020-09-30,5280.0,-144.0,0.0,100,334.89,336.0,0,0.0,0.0,,0.0,1,0.96,1.29,SPY201120C00369000,369.0,normalDay
2020-10-01,5280.0,30.0,0.0,100,337.04,336.0,0,0.0,0.0,,0.0,1,0.96,1.7,SPY201120C00369000,369.0,normalDay
2020-10-02,5280.0,-247.0,0.0,100,333.84,336.0,0,0.0,0.0,,0.0,1,0.96,1.27,SPY201120C00369000,369.0,normalDay
2020-10-05,5280.0,305.0,0.0,100,339.76,336.0,0,0.0,0.0,,0.0,1,0.96,1.67,SPY201120C00369000,369.0,normalDay
2020-10-06,5280.0,-118.0,0.0,100,334.93,336.0,0,0.0,0.0,,0.0,1,0.96,1.07,SPY201120C00369000,369.0,normalDay
2020-10-07,5280.0,422.0,0.0,100,340.76,336.0,0,0.0,0.0,,0.0,1,0.96,1.5,SPY201120C00369000,369.0,normalDay
2020-10-08,5280.0,722.0,0.0,100,343.78,336.0,0,0.0,0.0,,0.0,1,0.96,1.52,SPY201120C00369000,369.0,normalDay
2020-10-09,5280.0,1012.0,0.0,100,346.85,336.0,0,0.0,0.0,,0.0,1,0.96,1.69,SPY201120C00369000,369.0,normalDay
2020-10-12,5280.0,1476.0,0.0,100,352.43,336.0,0,0.0,0.0,,0.0,1,0.96,2.63,SPY201120C00369000,369.0,normalDay
2020-10-13,5280.0,1293.0,0.0,100,350.13,336.0,0,0.0,0.0,,0.0,1,0.96,2.16,SPY201120C00369000,369.0,normalDay
2020-10-14,5280.0,1125.0,0.0,100,347.93,336.0,0,0.0,0.0,,0.0,1,0.96,1.64,SPY201120C00369000,369.0,normalDay
2020-10-15,5280.0,1083.0,0.0,100,347.5,336.0,0,0.0,0.0,,0.0,1,0.96,1.63,SPY201120C00369000,369.0,normalDay
2020-10-16,5280.0,1077.0,0.0,100,347.29,336.0,0,0.0,0.0,,0.0,1,0.96,1.48,SPY201120C00369000,369.0,normalDay
2020-10-19,5280.0,605.0,0.0,100,342.01,336.0,0,0.0,0.0,,0.0,1,0.96,0.92,SPY201120C00369000,369.0,normalDay
2020-10-20,5280.0,731.0,0.0,100,343.38,336.0,0,0.0,0.0,,0.0,1,0.96,1.03,SPY201120C00369000,369.0,normalDay
2020-10-21,5280.0,683.0,0.0,100,342.73,336.0,0,0.0,0.0,,0.0,1,0.96,0.86,SPY201120C00369000,369.0,normalDay
2020-10-22,5280.0,872.0,0.0,100,344.61,336.0,0,0.0,0.0,,0.0,1,0.96,0.85,SPY201120C00369000,369.0,normalDay
2020-10-23,5280.0,995.0,0.0,100,345.78,336.0,0,0.0,0.0,,0.0,1,0.96,0.79,SPY201120C00369000,369.0,normalDay
2020-10-26,5280.0,370.0,0.0,100,339.39,336.0,0,0.0,0.0,,0.0,1,0.96,0.65,SPY201120C00369000,369.0,normalDay
2020-10-27,5280.0,268.0,0.0,100,338.22,336.0,0,0.0,0.0,,0.0,1,0.96,0.5,SPY201120C00369000,369.0,normalDay
2020-10-28,5280.0,-858.0,0.0,100,326.66,336.0,0,0.0,0.0,,0.0,1,0.96,0.2,SPY201120C00369000,369.0,normalDay
2020-10-29,5280.0,-526.0,0.0,100,329.98,336.0,0,0.0,0.0,,0.0,1,0.96,0.2,SPY201120C00369000,369.0,normalDay
2020-10-30,5280.0,-870.0,0.0,100,326.54,336.0,0,0.0,0.0,,0.0,1,0.96,0.2,SPY201120C00369000,369.0,normalDay
2020-11-02,5280.0,-508.0,0.0,100,330.2,336.0,0,0.0,0.0,,0.0,1,0.96,0.24,SPY201120C00369000,369.0,normalDay
2020-11-03,5280.0,59.0,0.0,100,336.03,336.0,0,0.0,0.0,,0.0,1,0.96,0.4,SPY201120C00369000,369.0,normalDay
2020-11-04,5280.0,821.0,0.0,100,343.54,336.0,0,0.0,0.0,,0.0,1,0.96,0.29,SPY201120C00369000,369.0,normalDay
2020-11-05,5280.0,1453.0,0.0,100,350.24,336.0,0,0.0,0.0,,0.0,1,0.96,0.67,SPY201120C00369000,369.0,normalDay
2020-11-06,5280.0,1475.0,0.0,100,350.16,336.0,0,0.0,0.0,,0.0,1,0.96,0.37,SPY201120C00369000,369.0,normalDay
2020-11-09,5280.0,1858.0,0.0,100,354.56,336.0,0,0.0,0.0,,0.0,1,0.96,0.94,SPY201120C00369000,369.0,normalDay
2020-11-10,5280.0,1849.0,0.0,100,354.04,336.0,0,0.0,0.0,,0.0,1,0.96,0.51,SPY201120C00369000,369.0,normalDay
2020-11-11,5280.0,2112.0,0.0,100,356.67,336.0,0,0.0,0.0,,0.0,1,0.96,0.51,SPY201120C00369000,369.0,normalDay
2020-11-12,5280.0,1800.0,0.0,100,353.21,336.0,0,0.0,0.0,,0.0,1,0.96,0.17,SPY201120C00369000,369.0,normalDay
2020-11-13,5280.0,2263.0,0.0,100,358.1,336.0,0,0.0,0.0,,0.0,1,0.96,0.43,SPY201120C00369000,369.0,normalDay
2020-11-16,5280.0,2704.0,0.0,100,362.57,336.0,0,0.0,0.0,,0.0,1,0.96,0.49,SPY201120C00369000,369.0,normalDay
2020-11-17,5280.0,2540.0,0.0,100,360.62,336.0,0,0.0,0.0,,0.0,1,0.96,0.18,SPY201120C00369000,369.0,normalDay
2020-11-18,5280.0,2121.0,0.0,100,356.28,336.0,0,0.0,0.0,,0.0,1,0.96,0.03,SPY201120C00369000,369.0,normalDay
2020-11-19,5280.0,2273.0,0.0,100,357.78,336.0,0,0.0,0.0,,0.0,1,0.96,0.01,SPY201120C00369000,369.0,normalDay
2020-11-20,5376.0,1933.0,96.0,100,355.33,336.0,0,0.0,0.0,,0.0,1,0.96,0.0,SPY201120C00369000,369.0,expirationDay
2020-11-23,5376.0,2142.0,0.0,100,357.46,336.0,0,0.0,0.0,,0.0,1,0.66,0.7,SPY210115C00390000,390.0,normalDay
2020-11-24,5376.0,2672.0,0.0,100,363.22,336.0,0,0.0,0.0,,0.0,1,0.66,1.16,SPY210115C00390000,390.0,normalDay
2020-11-25,5376.0,2635.0,0.0,100,362.66,336.0,0,0.0,0.0,,0.0,1,0.66,0.97,SPY210115C00390000,390.0,normalDay
2020-11-27,5376.0,2734.0,0.0,100,363.67,336.0,0,0.0,0.0,,0.0,1,0.66,0.99,SPY210115C00390000,390.0,normalDay
2020-11-30,5376.0,2598.0,0.0,100,362.06,336.0,0,0.0,0.0,,0.0,1,0.66,0.74,SPY210115C00390000,390.0,normalDay
2020-12-01,5376.0,2952.0,0.0,100,366.02,336.0,0,0.0,0.0,,0.0,1,0.66,1.16,SPY210115C00390000,390.0,normalDay
2020-12-02,5376.0,3025.0,0.0,100,366.79,336.0,0,0.0,0.0,,0.0,1,0.66,1.2,SPY210115C00390000,390.0,normalDay
2020-12-03,5376.0,3028.0,0.0,100,366.69,336.0,0,0.0,0.0,,0.0,1,0.66,1.07,SPY210115C00390000,390.0,normalDay
2020-12-04,5376.0,3323.0,0.0,100,369.85,336.0,0,0.0,0.0,,0.0,1,0.66,1.28,SPY210115C00390000,390.0,normalDay
2020-12-07,5376.0,3277.0,0.0,100,369.09,336.0,0,0.0,0.0,,0.0,1,0.66,0.98,SPY210115C00390000,390.0,normalDay
2020-12-08,5376.0,3384.0,0.0,100,370.17,336.0,0,0.0,0.0,,0.0,1,0.66,0.99,SPY210115C00390000,390.0,normalDay
2020-12-09,5376.0,3083.0,0.0,100,366.85,336.0,0,0.0,0.0,,0.0,1,0.66,0.68,SPY210115C00390000,390.0,normalDay
2020-12-10,5376.0,3078.0,0.0,100,366.73,336.0,0,0.0,0.0,,0.0,1,0.66,0.61,SPY210115C00390000,390.0,normalDay
2020-12-11,5376.0,3040.0,0.0,100,366.3,336.0,0,0.0,0.0,,0.0,1,0.66,0.56,SPY210115C00390000,390.0,normalDay
2020-12-14,5376.0,2887.0,0.0,100,364.66,336.0,0,0.0,0.0,,0.0,1,0.66,0.45,SPY210115C00390000,390.0,normalDay
2020-12-15,5376.0,3363.0,0.0,100,369.59,336.0,0,0.0,0.0,,0.0,1,0.66,0.62,SPY210115C00390000,390.0,normalDay
2020-12-16,5376.0,3417.0,0.0,100,370.17,336.0,0,0.0,0.0,,0.0,1,0.66,0.66,SPY210115C00390000,390.0,normalDay
2020-12-17,5376.0,3613.0,0.0,100,372.24,336.0,0,0.0,0.0,,0.0,1,0.66,0.77,SPY210115C00390000,390.0,normalDay
2020-12-18,5376.0,3326.0,0.0,100,369.18,336.0,0,0.0,0.0,,0.0,1,0.66,0.58,SPY210115C00390000,390.0,normalDay
2020-12-21,5376.0,3199.0,0.0,100,367.86,336.0,0,0.0,0.0,,0.0,1,0.66,0.53,SPY210115C00390000,390.0,normalDay
2020-12-22,5376.0,3153.0,0.0,100,367.24,336.0,0,0.0,0.0,,0.0,1,0.66,0.37,SPY210115C00390000,390.0,normalDay
2020-12-23,5376.0,3193.0,0.0,100,367.57,336.0,0,0.0,0.0,,0.0,1,0.66,0.3,SPY210115C00390000,390.0,normalDay
2020-12-24,5376.0,3340.0,0.0,100,369.0,336.0,0,0.0,0.0,,0.0,1,0.66,0.26,SPY210115C00390000,390.0,normalDay
2020-12-28,5376.0,3646.0,0.0,100,372.17,336.0,0,0.0,0.0,,0.0,1,0.66,0.37,SPY210115C00390000,390.0,normalDay
2020-12-29,5376.0,3576.0,0.0,100,371.46,336.0,0,0.0,0.0,,0.0,1,0.66,0.36,SPY210115C00390000,390.0,normalDay
2020-12-30,5376.0,3632.0,0.0,100,371.99,336.0,0,0.0,0.0,,0.0,1,0.66,0.33,SPY210115C00390000,390.0,normalDay
2020-12-31,5376.0,3816.0,0.0,100,373.88,336.0,0,0.0,0.0,,0.0,1,0.66,0.38,SPY210115C00390000,390.0,normalDay
2021-01-04,5376.0,3329.0,0.0,100,368.79,336.0,0,0.0,0.0,,0.0,1,0.66,0.16,SPY210115C00390000,390.0,normalDay
2021-01-05,5376.0,3585.0,0.0,100,371.33,336.0,0,0.0,0.0,,0.0,1,0.66,0.14,SPY210115C00390000,390.0,normalDay
2021-01-06,5376.0,3808.0,0.0,100,373.55,336.0,0,0.0,0.0,,0.0,1,0.66,0.13,SPY210115C00390000,390.0,normalDay
2021-01-07,5376.0,4348.0,0.0,100,379.1,336.0,0,0.0,0.0,,0.0,1,0.66,0.28,SPY210115C00390000,390.0,normalDay
2021-01-08,5376.0,4548.0,0.0,100,381.26,336.0,0,0.0,0.0,,0.0,1,0.66,0.44,SPY210115C00390000,390.0,normalDay
2021-01-11,5376.0,4321.0,0.0,100,378.69,336.0,0,0.0,0.0,,0.0,1,0.66,0.14,SPY210115C00390000,390.0,normalDay
2021-01-12,5376.0,4337.0,0.0,100,378.77,336.0,0,0.0,0.0,,0.0,1,0.66,0.06,SPY210115C00390000,390.0,normalDay
2021-01-13,5376.0,4442.0,0.0,100,379.79,336.0,0,0.0,0.0,,0.0,1,0.66,0.03,SPY210115C00390000,390.0,normalDay
2021-01-14,5376.0,4310.0,0.0,100,378.46,336.0,0,0.0,0.0,,0.0,1,0.66,0.02,SPY210115C00390000,390.0,normalDay
2021-01-15,5442.0,3970.0,66.0,100,375.7,336.0,0,0.0,0.0,,0.0,1,0.66,0.0,SPY210115C00390000,390.0,expirationDay
2021-01-19,5442.0,4258.0,0.0,100,378.65,336.0,0,0.0,0.0,,0.0,1,7.99,8.06,SPY210416C00390000,390.0,normalDay
2021-01-20,5442.0,4564.0,0.0,100,383.89,336.0,0,0.0,0.0,,0.0,1,7.99,10.24,SPY210416C00390000,390.0,normalDay
2021-01-21,5442.0,4587.0,0.0,100,384.24,336.0,0,0.0,0.0,,0.0,1,7.99,10.36,SPY210416C00390000,390.0,normalDay
2021-01-22,5442.0,4514.0,0.0,100,382.88,336.0,0,0.0,0.0,,0.0,1,7.99,9.73,SPY210416C00390000,390.0,normalDay
2021-01-25,5442.0,4562.0,0.0,100,384.39,336.0,0,0.0,0.0,,0.0,1,7.99,10.76,SPY210416C00390000,390.0,normalDay
2021-01-26,5442.0,4501.0,0.0,100,383.79,336.0,0,0.0,0.0,,0.0,1,7.99,10.77,SPY210416C00390000,390.0,normalDay
2021-01-27,5442.0,3781.0,0.0,100,374.41,336.0,0,0.0,0.0,,0.0,1,7.99,8.59,SPY210416C00390000,390.0,normalDay
2021-01-28,5442.0,4040.0,0.0,100,377.63,336.0,0,0.0,0.0,,0.0,1,7.99,9.22,SPY210416C00390000,390.0,normalDay
2021-01-29,5442.0,3548.0,0.0,100,370.07,336.0,0,0.0,0.0,,0.0,1,7.99,6.58,SPY210416C00390000,390.0,normalDay
2021-02-01,5442.0,4028.0,0.0,100,376.23,336.0,0,0.0,0.0,,0.0,1,7.99,7.94,SPY210416C00390000,390.0,normalDay
2021-02-02,5442.0,4390.0,0.0,100,381.55,336.0,0,0.0,0.0,,0.0,1,7.99,9.64,SPY210416C00390000,390.0,normalDay
2021-02-03,5442.0,4484.0,0.0,100,381.85,336.0,0,0.0,0.0,,0.0,1,7.99,9.0,SPY210416C00390000,390.0,normalDay
2021-02-04,5442.0,4778.0,0.0,100,386.19,336.0,0,0.0,0.0,,0.0,1,7.99,10.4,SPY210416C00390000,390.0,normalDay
2021-02-05,5442.0,4867.0,0.0,100,387.71,336.0,0,0.0,0.0,,0.0,1,7.99,11.03,SPY210416C00390000,390.0,normalDay
2021-02-08,5442.0,5018.0,0.0,100,390.51,336.0,0,0.0,0.0,,0.0,1,7.99,12.32,SPY210416C00390000,390.0,normalDay
2021-02-09,5442.0,4982.0,0.0,100,390.25,336.0,0,0.0,0.0,,0.0,1,7.99,12.42,SPY210416C00390000,390.0,normalDay
2021-02-10,5442.0,4976.0,0.0,100,390.08,336.0,0,0.0,0.0,,0.0,1,7.99,12.31,SPY210416C00390000,390.0,normalDay
2021-02-11,5442.0,5057.0,0.0,100,390.71,336.0,0,0.0,0.0,,0.0,1,7.99,12.13,SPY210416C00390000,390.0,normalDay
2021-02-12,5442.0,5148.0,0.0,100,392.64,336.0,0,0.0,0.0,,0.0,1,7.99,13.15,SPY210416C00390000,390.0,normalDay
2021-02-16,5442.0,5179.0,0.0,100,392.3,336.0,0,0.0,0.0,,0.0,1,7.99,12.5,SPY210416C00390000,390.0,normalDay
2021-02-17,5442.0,5216.0,0.0,100,392.39,336.0,0,0.0,0.0,,0.0,1,7.99,12.22,SPY210416C00390000,390.0,normalDay
2021-02-18,5442.0,5129.0,0.0,100,390.72,336.0,0,0.0,0.0,,0.0,1,7.99,11.42,SPY210416C00390000,390.0,normalDay
2021-02-19,5442.0,5154.0,0.0,100,390.03,336.0,0,0.0,0.0,,0.0,1,7.99,10.48,SPY210416C00390000,390.0,normalDay
2021-02-22,5442.0,4992.0,0.0,100,387.03,336.0,0,0.0,0.0,,0.0,1,7.99,9.1,SPY210416C00390000,390.0,normalDay
2021-02-23,5442.0,5059.0,0.0,100,387.5,336.0,0,0.0,0.0,,0.0,1,7.99,8.9,SPY210416C00390000,390.0,normalDay
2021-02-24,5442.0,5283.0,0.0,100,391.77,336.0,0,0.0,0.0,,0.0,1,7.99,10.93,SPY210416C00390000,390.0,normalDay
2021-02-25,5442.0,4614.0,0.0,100,382.33,336.0,0,0.0,0.0,,0.0,1,7.99,8.18,SPY210416C00390000,390.0,normalDay
2021-02-26,5442.0,4602.0,0.0,100,380.36,336.0,0,0.0,0.0,,0.0,1,7.99,6.33,SPY210416C00390000,390.0,normalDay
2021-03-01,5442.0,5244.0,0.0,100,389.58,336.0,0,0.0,0.0,,0.0,1,7.99,9.13,SPY210416C00390000,390.0,normalDay
2021-03-02,5442.0,5071.0,0.0,100,386.54,336.0,0,0.0,0.0,,0.0,1,7.99,7.82,SPY210416C00390000,390.0,normalDay
2021-03-03,5442.0,4755.0,0.0,100,381.42,336.0,0,0.0,0.0,,0.0,1,7.99,5.86,SPY210416C00390000,390.0,normalDay
2021-03-04,5442.0,4431.0,0.0,100,376.7,336.0,0,0.0,0.0,,0.0,1,7.99,4.38,SPY210416C00390000,390.0,normalDay
2021-03-05,5442.0,4953.0,0.0,100,383.63,336.0,0,0.0,0.0,,0.0,1,7.99,6.09,SPY210416C00390000,390.0,normalDay
2021-03-08,5442.0,4826.0,0.0,100,381.72,336.0,0,0.0,0.0,,0.0,1,7.99,5.45,SPY210416C00390000,390.0,normalDay
2021-03-09,5442.0,5179.0,0.0,100,387.17,336.0,0,0.0,0.0,,0.0,1,7.99,7.37,SPY210416C00390000,390.0,normalDay
2021-03-10,5442.0,5319.0,0.0,100,389.58,336.0,0,0.0,0.0,,0.0,1,7.99,8.38,SPY210416C00390000,390.0,normalDay
2021-03-11,5442.0,5551.0,0.0,100,393.53,336.0,0,0.0,0.0,,0.0,1,7.99,10.01,SPY210416C00390000,390.0,normalDay
2021-03-12,5442.0,5593.0,0.0,100,394.06,336.0,0,0.0,0.0,,0.0,1,7.99,10.12,SPY210416C00390000,390.0,normalDay
2021-03-15,5442.0,5736.0,0.0,100,396.41,336.0,0,0.0,0.0,,0.0,1,7.99,11.04,SPY210416C00390000,390.0,normalDay
2021-03-16,5442.0,5740.0,0.0,100,395.91,336.0,0,0.0,0.0,,0.0,1,7.99,10.5,SPY210416C00390000,390.0,normalDay
2021-03-17,5442.0,5847.0,0.0,100,397.26,336.0,0,0.0,0.0,,0.0,1,7.99,10.78,SPY210416C00390000,390.0,normalDay
2021-03-18,5442.0,5552.0,0.0,100,391.48,336.0,0,0.0,0.0,,0.0,1,7.99,7.95,SPY210416C00390000,390.0,normalDay
2021-03-19,5442.0,5471.0,0.0,100,389.48,336.0,0,0.0,0.0,,0.0,1,7.99,6.76,SPY210416C00390000,390.0,normalDay
2021-03-22,5442.0,5681.0,0.0,100,392.59,336.0,0,0.0,0.0,,0.0,1,7.99,7.77,SPY210416C00390000,390.0,normalDay
2021-03-23,5442.0,5524.0,0.0,100,389.5,336.0,0,0.0,0.0,,0.0,1,7.99,6.25,SPY210416C00390000,390.0,normalDay
2021-03-24,5442.0,5443.0,0.0,100,387.52,336.0,0,0.0,0.0,,0.0,1,7.99,5.08,SPY210416C00390000,390.0,normalDay
2021-03-25,5442.0,5592.0,0.0,100,389.7,336.0,0,0.0,0.0,,0.0,1,7.99,5.77,SPY210416C00390000,390.0,normalDay
2021-03-26,5442.0,5856.0,0.0,100,395.98,336.0,0,0.0,0.0,,0.0,1,7.99,9.41,SPY210416C00390000,390.0,normalDay
2021-03-29,5442.0,5834.0,0.0,100,395.78,336.0,0,0.0,0.0,,0.0,1,7.99,9.43,SPY210416C00390000,390.0,normalDay
2021-03-30,5442.0,5865.0,0.0,100,394.73,336.0,0,0.0,0.0,,0.0,1,7.99,8.07,SPY210416C00390000,390.0,normalDay
2021-03-31,5442.0,5925.0,0.0,100,396.33,336.0,0,0.0,0.0,,0.0,1,7.99,9.07,SPY210416C00390000,390.0,normalDay
2021-04-01,5442.0,6025.0,0.0,100,400.61,336.0,0,0.0,0.0,,0.0,1,7.99,12.35,SPY210416C00390000,390.0,normalDay
2021-04-05,5442.0,6122.0,0.0,100,406.36,336.0,0,0.0,0.0,,0.0,1,7.99,17.13,SPY210416C00390000,390.0,normalDay
2021-04-06,5442.0,6131.0,0.0,100,406.12,336.0,0,0.0,0.0,,0.0,1,7.99,16.8,SPY210416C00390000,390.0,normalDay
2021-04-07,5442.0,6119.0,0.0,100,406.59,336.0,0,0.0,0.0,,0.0,1,7.99,17.39,SPY210416C00390000,390.0,normalDay
2021-04-08,5442.0,6137.0,0.0,100,408.52,336.0,0,0.0,0.0,,0.0,1,7.99,19.14,SPY210416C00390000,390.0,normalDay
2021-04-09,5442.0,6233.0,0.0,100,411.49,336.0,0,0.0,0.0,,0.0,1,7.99,21.15,SPY210416C00390000,390.0,normalDay
2021-04-12,5442.0,6201.0,0.0,100,411.64,336.0,0,0.0,0.0,,0.0,1,7.99,21.62,SPY210416C00390000,390.0,normalDay
2021-04-13,5442.0,6198.0,0.0,100,412.86,336.0,0,0.0,0.0,,0.0,1,7.99,22.87,SPY210416C00390000,390.0,normalDay
2021-04-14,5442.0,6158.0,0.0,100,411.45,336.0,0,0.0,0.0,,0.0,1,7.99,21.86,SPY210416C00390000,390.0,normalDay
2021-04-15,5442.0,6198.0,0.0,100,415.87,336.0,0,0.0,0.0,,0.0,1,7.99,25.88,SPY210416C00390000,390.0,normalDay
2021-04-16,11641.0,6198.0,6199.0,0,417.26,0.0,0,0.0,0.0,,0.0,1,7.99,0.0,SPY210416C00390000,390.0,expirationDay
2021-04-19,11641.0,-4.0,0.0,0,415.21,0.0,1,1.44,1.48,SPY210507P00398000,398.0,0,0.0,0.0,,0.0,normalDay
2021-04-20,11641.0,-65.0,0.0,0,412.17,0.0,1,1.44,2.09,SPY210507P00398000,398.0,0,0.0,0.0,,0.0,normalDay
2021-04-21,11641.0,29.0,0.0,0,416.07,0.0,1,1.44,1.15,SPY210507P00398000,398.0,0,0.0,0.0,,0.0,normalDay
2021-04-22,11641.0,-32.0,0.0,0,412.27,0.0,1,1.44,1.76,SPY210507P00398000,398.0,0,0.0,0.0,,0.0,normalDay
2021-04-23,11641.0,65.0,0.0,0,416.74,0.0,1,1.44,0.79,SPY210507P00398000,398.0,0,0.0,0.0,,0.0,normalDay
2021-04-26,11641.0,93.0,0.0,0,417.61,0.0,1,1.44,0.51,SPY210507P00398000,398.0,0,0.0,0.0,,0.0,normalDay
2021-04-27,11641.0,100.0,0.0,0,417.52,0.0,1,1.44,0.44,SPY210507P00398000,398.0,0,0.0,0.0,,0.0,normalDay
2021-04-28,11641.0,117.0,0.0,0,417.4,0.0,1,1.44,0.27,SPY210507P00398000,398.0,0,0.0,0.0,,0.0,normalDay
2021-04-29,11641.0,124.0,0.0,0,420.06,0.0,1,1.44,0.2,SPY210507P00398000,398.0,0,0.0,0.0,,0.0,normalDay
2021-04-30,11641.0,122.0,0.0,0,417.3,0.0,1,1.44,0.22,SPY210507P00398000,398.0,0,0.0,0.0,,0.0,normalDay
2021-05-03,11641.0,133.0,0.0,0,418.2,0.0,1,1.44,0.11,SPY210507P00398000,398.0,0,0.0,0.0,,0.0,normalDay
2021-05-04,11641.0,132.0,0.0,0,415.62,0.0,1,1.44,0.12,SPY210507P00398000,398.0,0,0.0,0.0,,0.0,normalDay
2021-05-05,11641.0,136.0,0.0,0,415.75,0.0,1,1.44,0.08,SPY210507P00398000,398.0,0,0.0,0.0,,0.0,normalDay
2021-05-06,11641.0,141.0,0.0,0,419.07,0.0,1,1.44,0.03,SPY210507P00398000,398.0,0,0.0,0.0,,0.0,normalDay
2021-05-07,11785.0,0.0,144.0,0,422.12,0.0,1,1.44,0.0,SPY210507P00398000,398.0,0,0.0,0.0,,0.0,expirationDay
2021-05-10,11785.0,-4.0,0.0,0,417.94,0.0,1,4.86,4.9,SPY210528P00415000,415.0,0,0.0,0.0,,0.0,normalDay
2021-05-11,11785.0,-183.0,0.0,0,414.21,0.0,1,4.86,6.69,SPY210528P00415000,415.0,0,0.0,0.0,,0.0,normalDay
2021-05-12,11785.0,-777.0,0.0,0,405.41,0.0,1,4.86,12.63,SPY210528P00415000,415.0,0,0.0,0.0,,0.0,normalDay
2021-05-13,11785.0,-383.0,0.0,0,410.28,0.0,1,4.86,8.69,SPY210528P00415000,415.0,0,0.0,0.0,,0.0,normalDay
2021-05-14,11785.0,85.0,0.0,0,416.58,0.0,1,4.86,4.01,SPY210528P00415000,415.0,0,0.0,0.0,,0.0,normalDay
2021-05-17,11785.0,70.0,0.0,0,415.52,0.0,1,4.86,4.16,SPY210528P00415000,415.0,0,0.0,0.0,,0.0,normalDay
2021-05-18,11785.0,-119.0,0.0,0,411.94,0.0,1,4.86,6.05,SPY210528P00415000,415.0,0,0.0,0.0,,0.0,normalDay
2021-05-19,11785.0,-178.0,0.0,0,410.86,0.0,1,4.86,6.64,SPY210528P00415000,415.0,0,0.0,0.0,,0.0,normalDay
2021-05-20,11785.0,110.0,0.0,0,415.28,0.0,1,4.86,3.76,SPY210528P00415000,415.0,0,0.0,0.0,,0.0,normalDay
2021-05-21,11785.0,162.0,0.0,0,414.94,0.0,1,4.86,3.24,SPY210528P00415000,415.0,0,0.0,0.0,,0.0,normalDay
2021-05-24,11785.0,389.0,0.0,0,419.17,0.0,1,4.86,0.97,SPY210528P00415000,415.0,0,0.0,0.0,,0.0,normalDay
2021-05-25,11785.0,374.0,0.0,0,418.24,0.0,1,4.86,1.12,SPY210528P00415000,415.0,0,0.0,0.0,,0.0,normalDay
2021-05-26,11785.0,433.0,0.0,0,419.07,0.0,1,4.86,0.53,SPY210528P00415000,415.0,0,0.0,0.0,,0.0,normalDay
2021-05-27,11785.0,475.0,0.0,0,419.29,0.0,1,4.86,0.11,SPY210528P00415000,415.0,0,0.0,0.0,,0.0,normalDay
2021-05-28,12271.0,0.0,486.0,0,420.04,0.0,1,4.86,0.0,SPY210528P00415000,415.0,0,0.0,0.0,,0.0,expirationDay
2021-06-01,12271.0,-3.0,0.0,0,419.67,0.0,1,3.41,3.44,SPY210618P00414000,414.0,0,0.0,0.0,,0.0,normalDay
2021-06-02,12271.0,53.0,0.0,0,420.33,0.0,1,3.41,2.88,SPY210618P00414000,414.0,0,0.0,0.0,,0.0,normalDay
2021-06-03,12271.0,3.0,0.0,0,418.77,0.0,1,3.41,3.38,SPY210618P00414000,414.0,0,0.0,0.0,,0.0,normalDay
2021-06-04,12271.0,148.0,0.0,0,422.6,0.0,1,3.41,1.93,SPY210618P00414000,414.0,0,0.0,0.0,,0.0,normalDay
2021-06-07,12271.0,191.0,0.0,0,422.19,0.0,1,3.41,1.5,SPY210618P00414000,414.0,0,0.0,0.0,,0.0,normalDay
2021-06-08,12271.0,178.0,0.0,0,422.28,0.0,1,3.41,1.63,SPY210618P00414000,414.0,0,0.0,0.0,,0.0,normalDay
2021-06-09,12271.0,156.0,0.0,0,421.65,0.0,1,3.41,1.85,SPY210618P00414000,414.0,0,0.0,0.0,,0.0,normalDay
2021-06-10,12271.0,253.0,0.0,0,423.61,0.0,1,3.41,0.88,SPY210618P00414000,414.0,0,0.0,0.0,,0.0,normalDay
2021-06-11,12271.0,277.0,0.0,0,424.31,0.0,1,3.41,0.64,SPY210618P00414000,414.0,0,0.0,0.0,,0.0,normalDay
2021-06-14,12271.0,296.0,0.0,0,425.26,0.0,1,3.41,0.45,SPY210618P00414000,414.0,0,0.0,0.0,,0.0,normalDay
2021-06-15,12271.0,286.0,0.0,0,424.48,0.0,1,3.41,0.55,SPY210618P00414000,414.0,0,0.0,0.0,,0.0,normalDay
2021-06-16,12271.0,264.0,0.0,0,422.11,0.0,1,3.41,0.77,SPY210618P00414000,414.0,0,0.0,0.0,,0.0,normalDay
2021-06-17,12271.0,314.0,0.0,0,421.97,0.0,1,3.41,0.27,SPY210618P00414000,414.0,0,0.0,0.0,,0.0,normalDay
2021-06-18,12612.0,0.0,341.0,0,414.92,0.0,1,3.41,0.0,SPY210618P00414000,414.0,0,0.0,0.0,,0.0,expirationDay
2021-06-21,12612.0,-5.0,0.0,0,420.86,0.0,1,4.08,4.13,SPY210709P00420000,420.0,0,0.0,0.0,,0.0,normalDay
2021-06-22,12612.0,103.0,0.0,0,423.11,0.0,1,4.08,3.05,SPY210709P00420000,420.0,0,0.0,0.0,,0.0,normalDay
2021-06-23,12612.0,121.0,0.0,0,422.6,0.0,1,4.08,2.87,SPY210709P00420000,420.0,0,0.0,0.0,,0.0,normalDay
2021-06-24,12612.0,208.0,0.0,0,425.1,0.0,1,4.08,2.0,SPY210709P00420000,420.0,0,0.0,0.0,,0.0,normalDay
2021-06-25,12612.0,268.0,0.0,0,426.61,0.0,1,4.08,1.4,SPY210709P00420000,420.0,0,0.0,0.0,,0.0,normalDay
2021-06-28,12612.0,303.0,0.0,0,427.47,0.0,1,4.08,1.05,SPY210709P00420000,420.0,0,0.0,0.0,,0.0,normalDay
2021-06-29,12612.0,317.0,0.0,0,427.7,0.0,1,4.08,0.91,SPY210709P00420000,420.0,0,0.0,0.0,,0.0,normalDay
2021-06-30,12612.0,344.0,0.0,0,428.06,0.0,1,4.08,0.64,SPY210709P00420000,420.0,0,0.0,0.0,,0.0,normalDay
2021-07-01,12612.0,362.0,0.0,0,430.43,0.0,1,4.08,0.46,SPY210709P00420000,420.0,0,0.0,0.0,,0.0,normalDay
2021-07-02,12612.0,391.0,0.0,0,433.72,0.0,1,4.08,0.17,SPY210709P00420000,420.0,0,0.0,0.0,,0.0,normalDay
2021-07-06,12612.0,399.0,0.0,0,432.93,0.0,1,4.08,0.09,SPY210709P00420000,420.0,0,0.0,0.0,,0.0,normalDay
2021-07-07,12612.0,405.0,0.0,0,434.46,0.0,1,4.08,0.03,SPY210709P00420000,420.0,0,0.0,0.0,,0.0,normalDay
2021-07-08,12612.0,404.0,0.0,0,430.92,0.0,1,4.08,0.04,SPY210709P00420000,420.0,0,0.0,0.0,,0.0,normalDay
2021-07-09,13020.0,0.0,408.0,0,435.52,0.0,1,4.08,0.0,SPY210709P00420000,420.0,0,0.0,0.0,,0.0,expirationDay
2021-07-12,13020.0,-3.0,0.0,0,437.08,0.0,1,1.67,1.7,SPY210730P00424000,424.0,0,0.0,0.0,,0.0,normalDay
2021-07-13,13020.0,-46.0,0.0,0,435.59,0.0,1,1.67,2.13,SPY210730P00424000,424.0,0,0.0,0.0,,0.0,normalDay
2021-07-14,13020.0,7.0,0.0,0,436.24,0.0,1,1.67,1.6,SPY210730P00424000,424.0,0,0.0,0.0,,0.0,normalDay
2021-07-15,13020.0,-26.0,0.0,0,434.75,0.0,1,1.67,1.93,SPY210730P00424000,424.0,0,0.0,0.0,,0.0,normalDay
2021-07-16,13020.0,-111.0,0.0,0,431.34,0.0,1,1.67,2.78,SPY210730P00424000,424.0,0,0.0,0.0,,0.0,normalDay
2021-07-19,13020.0,-345.0,0.0,0,424.97,0.0,1,1.67,5.12,SPY210730P00424000,424.0,0,0.0,0.0,,0.0,normalDay
2021-07-20,13020.0,-78.0,0.0,0,431.06,0.0,1,1.67,2.45,SPY210730P00424000,424.0,0,0.0,0.0,,0.0,normalDay
2021-07-21,13020.0,59.0,0.0,0,434.55,0.0,1,1.67,1.08,SPY210730P00424000,424.0,0,0.0,0.0,,0.0,normalDay
2021-07-22,13020.0,91.0,0.0,0,435.46,0.0,1,1.67,0.76,SPY210730P00424000,424.0,0,0.0,0.0,,0.0,normalDay
2021-07-23,13020.0,141.0,0.0,0,439.94,0.0,1,1.67,0.26,SPY210730P00424000,424.0,0,0.0,0.0,,0.0,normalDay
2021-07-26,13020.0,157.0,0.0,0,441.02,0.0,1,1.67,0.1,SPY210730P00424000,424.0,0,0.0,0.0,,0.0,normalDay
2021-07-27,13020.0,145.0,0.0,0,439.01,0.0,1,1.67,0.22,SPY210730P00424000,424.0,0,0.0,0.0,,0.0,normalDay
2021-07-28,13020.0,160.0,0.0,0,438.83,0.0,1,1.67,0.07,SPY210730P00424000,424.0,0,0.0,0.0,,0.0,normalDay
2021-07-29,13020.0,165.0,0.0,0,440.65,0.0,1,1.67,0.02,SPY210730P00424000,424.0,0,0.0,0.0,,0.0,normalDay
2021-07-30,13187.0,0.0,167.0,0,438.51,0.0,1,1.67,0.0,SPY210730P00424000,424.0,0,0.0,0.0,,0.0,expirationDay
2021-08-02,13187.0,-3.0,0.0,0,437.59,0.0,1,4.09,4.12,SPY210820P00434000,434.0,0,0.0,0.0,,0.0,normalDay
2021-08-03,13187.0,144.0,0.0,0,441.15,0.0,1,4.09,2.65,SPY210820P00434000,434.0,0,0.0,0.0,,0.0,normalDay
2021-08-04,13187.0,115.0,0.0,0,438.98,0.0,1,4.09,2.94,SPY210820P00434000,434.0,0,0.0,0.0,,0.0,normalDay
2021-08-05,13187.0,200.0,0.0,0,441.76,0.0,1,4.09,2.09,SPY210820P00434000,434.0,0,0.0,0.0,,0.0,normalDay
2021-08-06,13187.0,264.0,0.0,0,442.49,0.0,1,4.09,1.45,SPY210820P00434000,434.0,0,0.0,0.0,,0.0,normalDay
2021-08-09,13187.0,286.0,0.0,0,442.13,0.0,1,4.09,1.23,SPY210820P00434000,434.0,0,0.0,0.0,,0.0,normalDay
2021-08-10,13187.0,290.0,0.0,0,442.68,0.0,1,4.09,1.19,SPY210820P00434000,434.0,0,0.0,0.0,,0.0,normalDay
2021-08-11,13187.0,337.0,0.0,0,443.78,0.0,1,4.09,0.72,SPY210820P00434000,434.0,0,0.0,0.0,,0.0,normalDay
2021-08-12,13187.0,361.0,0.0,0,445.11,0.0,1,4.09,0.48,SPY210820P00434000,434.0,0,0.0,0.0,,0.0,normalDay
2021-08-13,13187.0,381.0,0.0,0,445.92,0.0,1,4.09,0.28,SPY210820P00434000,434.0,0,0.0,0.0,,0.0,normalDay
2021-08-16,13187.0,388.0,0.0,0,446.97,0.0,1,4.09,0.21,SPY210820P00434000,434.0,0,0.0,0.0,,0.0,normalDay
2021-08-17,13187.0,366.0,0.0,0,444.04,0.0,1,4.09,0.43,SPY210820P00434000,434.0,0,0.0,0.0,,0.0,normalDay
2021-08-18,13187.0,274.0,0.0,0,439.18,0.0,1,4.09,1.35,SPY210820P00434000,434.0,0,0.0,0.0,,0.0,normalDay
2021-08-19,13187.0,368.0,0.0,0,439.86,0.0,1,4.09,0.41,SPY210820P00434000,434.0,0,0.0,0.0,,0.0,normalDay
2021-08-20,13596.0,0.0,409.0,0,443.36,0.0,1,4.09,0.0,SPY210820P00434000,434.0,0,0.0,0.0,,0.0,expirationDay
2021-08-23,13596.0,-4.0,0.0,0,447.26,0.0,1,2.54,2.58,SPY210910P00441000,441.0,0,0.0,0.0,,0.0,normalDay
2021-08-24,13596.0,18.0,0.0,0,447.97,0.0,1,2.54,2.36,SPY210910P00441000,441.0,0,0.0,0.0,,0.0,normalDay
2021-08-25,13596.0,63.0,0.0,0,448.91,0.0,1,2.54,1.91,SPY210910P00441000,441.0,0,0.0,0.0,,0.0,normalDay
2021-08-26,13596.0,-38.0,0.0,0,446.26,0.0,1,2.54,2.92,SPY210910P00441000,441.0,0,0.0,0.0,,0.0,normalDay
2021-08-27,13596.0,123.0,0.0,0,450.25,0.0,1,2.54,1.31,SPY210910P00441000,441.0,0,0.0,0.0,,0.0,normalDay
2021-08-30,13596.0,176.0,0.0,0,452.23,0.0,1,2.54,0.78,SPY210910P00441000,441.0,0,0.0,0.0,,0.0,normalDay
2021-08-31,13596.0,174.0,0.0,0,451.56,0.0,1,2.54,0.8,SPY210910P00441000,441.0,0,0.0,0.0,,0.0,normalDay
2021-09-01,13596.0,193.0,0.0,0,451.8,0.0,1,2.54,0.61,SPY210910P00441000,441.0,0,0.0,0.0,,0.0,normalDay
2021-09-02,13596.0,201.0,0.0,0,453.19,0.0,1,2.54,0.53,SPY210910P00441000,441.0,0,0.0,0.0,,0.0,normalDay
2021-09-03,13596.0,224.0,0.0,0,453.08,0.0,1,2.54,0.3,SPY210910P00441000,441.0,0,0.0,0.0,,0.0,normalDay
2021-09-07,13596.0,229.0,0.0,0,451.46,0.0,1,2.54,0.25,SPY210910P00441000,441.0,0,0.0,0.0,,0.0,normalDay
2021-09-08,13596.0,241.0,0.0,0,450.91,0.0,1,2.54,0.13,SPY210910P00441000,441.0,0,0.0,0.0,,0.0,normalDay
2021-09-09,13596.0,244.0,0.0,0,448.98,0.0,1,2.54,0.1,SPY210910P00441000,441.0,0,0.0,0.0,,0.0,normalDay
2021-09-10,13850.0,0.0,254.0,0,445.44,0.0,1,2.54,0.0,SPY210910P00441000,441.0,0,0.0,0.0,,0.0,expirationDay
2021-09-13,13850.0,-9.0,0.0,0,446.58,0.0,1,5.66,5.75,SPY211001P00446000,446.0,0,0.0,0.0,,0.0,normalDay
2021-09-14,13850.0,-128.0,0.0,0,444.17,0.0,1,5.66,6.94,SPY211001P00446000,446.0,0,0.0,0.0,,0.0,normalDay
2021-09-15,13850.0,109.0,0.0,0,447.88,0.0,1,5.66,4.57,SPY211001P00446000,446.0,0,0.0,0.0,,0.0,normalDay
2021-09-16,13850.0,71.0,0.0,0,447.17,0.0,1,5.66,4.95,SPY211001P00446000,446.0,0,0.0,0.0,,0.0,normalDay
2021-09-17,13850.0,-207.0,0.0,0,441.4,0.0,1,5.66,7.73,SPY211001P00446000,446.0,0,0.0,0.0,,0.0,normalDay
2021-09-20,13850.0,-755.0,0.0,0,434.04,0.0,1,5.66,13.21,SPY211001P00446000,446.0,0,0.0,0.0,,0.0,normalDay
2021-09-21,13850.0,-772.0,0.0,0,433.63,0.0,1,5.66,13.38,SPY211001P00446000,446.0,0,0.0,0.0,,0.0,normalDay
2021-09-22,13850.0,-331.0,0.0,0,437.86,0.0,1,5.66,8.97,SPY211001P00446000,446.0,0,0.0,0.0,,0.0,normalDay
2021-09-23,13850.0,72.0,0.0,0,443.18,0.0,1,5.66,4.94,SPY211001P00446000,446.0,0,0.0,0.0,,0.0,normalDay
2021-09-24,13850.0,175.0,0.0,0,443.91,0.0,1,5.66,3.91,SPY211001P00446000,446.0,0,0.0,0.0,,0.0,normalDay
2021-09-27,13850.0,121.0,0.0,0,442.64,0.0,1,5.66,4.45,SPY211001P00446000,446.0,0,0.0,0.0,,0.0,normalDay
2021-09-28,13850.0,-628.0,0.0,0,433.72,0.0,1,5.66,11.94,SPY211001P00446000,446.0,0,0.0,0.0,,0.0,normalDay
2021-09-29,13850.0,-564.0,0.0,0,434.45,0.0,1,5.66,11.3,SPY211001P00446000,446.0,0,0.0,0.0,,0.0,normalDay
2021-09-30,13850.0,-1073.0,0.0,0,429.14,0.0,1,5.66,16.39,SPY211001P00446000,446.0,0,0.0,0.0,,0.0,normalDay
2021-10-01,14416.0,-1176.0,566.0,100,434.24,446.0,1,5.66,0.0,SPY211001P00446000,446.0,0,0.0,0.0,,0.0,expirationDay
2021-10-04,14416.0,-1739.0,0.0,100,428.64,446.0,0,0.0,0.0,,0.0,1,1.08,1.11,SPY211217C00466000,466.0,normalDay
2021-10-05,14416.0,-1314.0,0.0,100,433.1,446.0,0,0.0,0.0,,0.0,1,1.08,1.32,SPY211217C00466000,466.0,normalDay
2021-10-06,14416.0,-1150.0,0.0,100,434.9,446.0,0,0.0,0.0,,0.0,1,1.08,1.48,SPY211217C00466000,466.0,normalDay
2021-10-07,14416.0,-813.0,0.0,100,438.66,446.0,0,0.0,0.0,,0.0,1,1.08,1.87,SPY211217C00466000,466.0,normalDay
2021-10-08,14416.0,-856.0,0.0,100,437.86,446.0,0,0.0,0.0,,0.0,1,1.08,1.5,SPY211217C00466000,466.0,normalDay
2021-10-11,14416.0,-1134.0,0.0,100,434.69,446.0,0,0.0,0.0,,0.0,1,1.08,1.11,SPY211217C00466000,466.0,normalDay
2021-10-12,14416.0,-1220.0,0.0,100,433.62,446.0,0,0.0,0.0,,0.0,1,1.08,0.9,SPY211217C00466000,466.0,normalDay
2021-10-13,14416.0,-1078.0,0.0,100,435.18,446.0,0,0.0,0.0,,0.0,1,1.08,1.04,SPY211217C00466000,466.0,normalDay
2021-10-14,14416.0,-410.0,0.0,100,442.5,446.0,0,0.0,0.0,,0.0,1,1.08,1.68,SPY211217C00466000,466.0,normalDay
2021-10-15,14416.0,-118.0,0.0,100,445.87,446.0,0,0.0,0.0,,0.0,1,1.08,2.13,SPY211217C00466000,466.0,normalDay
2021-10-18,14416.0,-3.0,0.0,100,447.19,446.0,0,0.0,0.0,,0.0,1,1.08,2.3,SPY211217C00466000,466.0,normalDay
2021-10-19,14416.0,270.0,0.0,100,450.64,446.0,0,0.0,0.0,,0.0,1,1.08,3.02,SPY211217C00466000,466.0,normalDay
2021-10-20,14416.0,429.0,0.0,100,452.41,446.0,0,0.0,0.0,,0.0,1,1.08,3.2,SPY211217C00466000,466.0,normalDay
2021-10-21,14416.0,527.0,0.0,100,453.59,446.0,0,0.0,0.0,,0.0,1,1.08,3.4,SPY211217C00466000,466.0,normalDay
2021-10-22,14416.0,501.0,0.0,100,453.12,446.0,0,0.0,0.0,,0.0,1,1.08,3.19,SPY211217C00466000,466.0,normalDay
2021-10-25,14416.0,703.0,0.0,100,455.55,446.0,0,0.0,0.0,,0.0,1,1.08,3.6,SPY211217C00466000,466.0,normalDay
2021-10-26,14416.0,693.0,0.0,100,455.96,446.0,0,0.0,0.0,,0.0,1,1.08,4.11,SPY211217C00466000,466.0,normalDay
2021-10-27,14416.0,537.0,0.0,100,453.94,446.0,0,0.0,0.0,,0.0,1,1.08,3.65,SPY211217C00466000,466.0,normalDay
2021-10-28,14416.0,857.0,0.0,100,458.32,446.0,0,0.0,0.0,,0.0,1,1.08,4.83,SPY211217C00466000,466.0,normalDay
2021-10-29,14416.0,905.0,0.0,100,459.25,446.0,0,0.0,0.0,,0.0,1,1.08,5.28,SPY211217C00466000,466.0,normalDay
2021-11-01,14416.0,976.0,0.0,100,460.04,446.0,0,0.0,0.0,,0.0,1,1.08,5.36,SPY211217C00466000,466.0,normalDay
2021-11-02,14416.0,1108.0,0.0,100,461.9,446.0,0,0.0,0.0,,0.0,1,1.08,5.9,SPY211217C00466000,466.0,normalDay
2021-11-03,14416.0,1262.0,0.0,100,464.72,446.0,0,0.0,0.0,,0.0,1,1.08,7.18,SPY211217C00466000,466.0,normalDay
2021-11-04,14416.0,1369.0,0.0,100,466.91,446.0,0,0.0,0.0,,0.0,1,1.08,8.3,SPY211217C00466000,466.0,normalDay
2021-11-05,14416.0,1395.0,0.0,100,468.53,446.0,0,0.0,0.0,,0.0,1,1.08,9.66,SPY211217C00466000,466.0,normalDay
2021-11-08,14416.0,1422.0,0.0,100,468.93,446.0,0,0.0,0.0,,0.0,1,1.08,9.79,SPY211217C00466000,466.0,normalDay
2021-11-09,14416.0,1356.0,0.0,100,467.38,446.0,0,0.0,0.0,,0.0,1,1.08,8.9,SPY211217C00466000,466.0,normalDay
2021-11-10,14416.0,1170.0,0.0,100,463.62,446.0,0,0.0,0.0,,0.0,1,1.08,7.0,SPY211217C00466000,466.0,normalDay
2021-11-11,14416.0,1206.0,0.0,100,463.77,446.0,0,0.0,0.0,,0.0,1,1.08,6.79,SPY211217C00466000,466.0,normalDay
2021-11-12,14416.0,1397.0,0.0,100,467.27,446.0,0,0.0,0.0,,0.0,1,1.08,8.38,SPY211217C00466000,466.0,normalDay
2021-11-15,14416.0,1455.0,0.0,100,467.43,446.0,0,0.0,0.0,,0.0,1,1.08,7.96,SPY211217C00466000,466.0,normalDay
2021-11-16,14416.0,1529.0,0.0,100,469.28,446.0,0,0.0,0.0,,0.0,1,1.08,9.07,SPY211217C00466000,466.0,normalDay
2021-11-17,14416.0,1503.0,0.0,100,468.14,446.0,0,0.0,0.0,,0.0,1,1.08,8.19,SPY211217C00466000,466.0,normalDay
2021-11-18,14416.0,1544.0,0.0,100,469.73,446.0,0,0.0,0.0,,0.0,1,1.08,9.37,SPY211217C00466000,466.0,normalDay
2021-11-19,14416.0,1529.0,0.0,100,468.89,446.0,0,0.0,0.0,,0.0,1,1.08,8.68,SPY211217C00466000,466.0,normalDay
2021-11-22,14416.0,1483.0,0.0,100,467.57,446.0,0,0.0,0.0,,0.0,1,1.08,7.82,SPY211217C00466000,466.0,normalDay
2021-11-23,14416.0,1538.0,0.0,100,468.19,446.0,0,0.0,0.0,,0.0,1,1.08,7.89,SPY211217C00466000,466.0,normalDay
2021-11-24,14416.0,1587.0,0.0,100,469.44,446.0,0,0.0,0.0,,0.0,1,1.08,8.65,SPY211217C00466000,466.0,normalDay
2021-11-26,14416.0,846.0,0.0,100,458.97,446.0,0,0.0,0.0,,0.0,1,1.08,5.59,SPY211217C00466000,466.0,normalDay
2021-11-29,14416.0,1356.0,0.0,100,464.6,446.0,0,0.0,0.0,,0.0,1,1.08,6.12,SPY211217C00466000,466.0,normalDay
2021-11-30,14416.0,701.0,0.0,100,455.56,446.0,0,0.0,0.0,,0.0,1,1.08,3.63,SPY211217C00466000,466.0,normalDay
2021-12-01,14416.0,340.0,0.0,100,450.5,446.0,0,0.0,0.0,,0.0,1,1.08,2.18,SPY211217C00466000,466.0,normalDay
2021-12-02,14416.0,923.0,0.0,100,457.4,446.0,0,0.0,0.0,,0.0,1,1.08,3.25,SPY211217C00466000,466.0,normalDay
2021-12-03,14416.0,652.0,0.0,100,453.42,446.0,0,0.0,0.0,,0.0,1,1.08,1.98,SPY211217C00466000,466.0,normalDay
2021-12-06,14416.0,1124.0,0.0,100,458.79,446.0,0,0.0,0.0,,0.0,1,1.08,2.63,SPY211217C00466000,466.0,normalDay
2021-12-07,14416.0,1696.0,0.0,100,468.28,446.0,0,0.0,0.0,,0.0,1,1.08,6.4,SPY211217C00466000,466.0,normalDay
2021-12-08,14416.0,1831.0,0.0,100,469.52,446.0,0,0.0,0.0,,0.0,1,1.08,6.29,SPY211217C00466000,466.0,normalDay
2021-12-09,14416.0,1700.0,0.0,100,466.35,446.0,0,0.0,0.0,,0.0,1,1.08,4.43,SPY211217C00466000,466.0,normalDay
2021-12-10,14416.0,1927.0,0.0,100,470.74,446.0,0,0.0,0.0,,0.0,1,1.08,6.55,SPY211217C00466000,466.0,normalDay
2021-12-13,14416.0,1818.0,0.0,100,466.57,446.0,0,0.0,0.0,,0.0,1,1.08,3.47,SPY211217C00466000,466.0,normalDay
2021-12-14,14416.0,1662.0,0.0,100,463.36,446.0,0,0.0,0.0,,0.0,1,1.08,1.82,SPY211217C00466000,466.0,normalDay
2021-12-15,14416.0,2010.0,0.0,100,470.6,446.0,0,0.0,0.0,,0.0,1,1.08,5.58,SPY211217C00466000,466.0,normalDay
2021-12-16,14416.0,1970.0,0.0,100,466.45,446.0,0,0.0,0.0,,0.0,1,1.08,1.83,SPY211217C00466000,466.0,normalDay
2021-12-17,14524.0,1387.0,108.0,100,459.87,446.0,0,0.0,0.0,,0.0,1,1.08,0.0,SPY211217C00466000,466.0,expirationDay
2021-12-20,14524.0,895.0,0.0,100,454.98,446.0,0,0.0,0.0,,0.0,1,2.04,2.07,SPY220218C00485000,485.0,normalDay
2021-12-21,14524.0,1583.0,0.0,100,463.06,446.0,0,0.0,0.0,,0.0,1,2.04,3.27,SPY220218C00485000,485.0,normalDay
2021-12-22,14524.0,1989.0,0.0,100,467.69,446.0,0,0.0,0.0,,0.0,1,2.04,3.84,SPY220218C00485000,485.0,normalDay
2021-12-23,14524.0,2213.0,0.0,100,470.6,446.0,0,0.0,0.0,,0.0,1,2.04,4.51,SPY220218C00485000,485.0,normalDay
2021-12-27,14524.0,2679.0,0.0,100,477.26,446.0,0,0.0,0.0,,0.0,1,2.04,6.51,SPY220218C00485000,485.0,normalDay
2021-12-28,14524.0,2668.0,0.0,100,476.87,446.0,0,0.0,0.0,,0.0,1,2.04,6.23,SPY220218C00485000,485.0,normalDay
2021-12-29,14524.0,2760.0,0.0,100,477.48,446.0,0,0.0,0.0,,0.0,1,2.04,5.92,SPY220218C00485000,485.0,normalDay
2021-12-30,14524.0,2704.0,0.0,100,476.16,446.0,0,0.0,0.0,,0.0,1,2.04,5.16,SPY220218C00485000,485.0,normalDay
2021-12-31,14524.0,2639.0,0.0,100,474.96,446.0,0,0.0,0.0,,0.0,1,2.04,4.61,SPY220218C00485000,485.0,normalDay
2022-01-03,14524.0,2861.0,0.0,100,477.71,446.0,0,0.0,0.0,,0.0,1,2.04,5.14,SPY220218C00485000,485.0,normalDay
2022-01-04,14524.0,2855.0,0.0,100,477.55,446.0,0,0.0,0.0,,0.0,1,2.04,5.04,SPY220218C00485000,485.0,normalDay
2022-01-05,14524.0,2176.0,0.0,100,468.38,446.0,0,0.0,0.0,,0.0,1,2.04,2.66,SPY220218C00485000,485.0,normalDay
2022-01-06,14524.0,2159.0,0.0,100,467.94,446.0,0,0.0,0.0,,0.0,1,2.04,2.39,SPY220218C00485000,485.0,normalDay
2022-01-07,14524.0,2041.0,0.0,100,466.09,446.0,0,0.0,0.0,,0.0,1,2.04,1.72,SPY220218C00485000,485.0,normalDay
2022-01-10,14524.0,2020.0,0.0,100,465.51,446.0,0,0.0,0.0,,0.0,1,2.04,1.35,SPY220218C00485000,485.0,normalDay
2022-01-11,14524.0,2369.0,0.0,100,469.75,446.0,0,0.0,0.0,,0.0,1,2.04,2.1,SPY220218C00485000,485.0,normalDay
2022-01-12,14524.0,2472.0,0.0,100,471.02,446.0,0,0.0,0.0,,0.0,1,2.04,2.34,SPY220218C00485000,485.0,normalDay
2022-01-13,14524.0,1930.0,0.0,100,464.53,446.0,0,0.0,0.0,,0.0,1,2.04,1.27,SPY220218C00485000,485.0,normalDay
2022-01-14,14524.0,1962.0,0.0,100,464.72,446.0,0,0.0,0.0,,0.0,1,2.04,1.14,SPY220218C00485000,485.0,normalDay
2022-01-18,14524.0,1202.0,0.0,100,456.49,446.0,0,0.0,0.0,,0.0,1,2.04,0.51,SPY220218C00485000,485.0,normalDay
2022-01-19,14524.0,747.0,0.0,100,451.75,446.0,0,0.0,0.0,,0.0,1,2.04,0.32,SPY220218C00485000,485.0,normalDay
2022-01-20,14524.0,256.0,0.0,100,446.75,446.0,0,0.0,0.0,,0.0,1,2.04,0.23,SPY220218C00485000,485.0,normalDay
2022-01-21,14524.0,-615.0,0.0,100,437.98,446.0,0,0.0,0.0,,0.0,1,2.04,0.17,SPY220218C00485000,485.0,normalDay
2022-01-24,14524.0,-434.0,0.0,100,439.84,446.0,0,0.0,0.0,,0.0,1,2.04,0.22,SPY220218C00485000,485.0,normalDay
2022-01-25,14524.0,-964.0,0.0,100,434.47,446.0,0,0.0,0.0,,0.0,1,2.04,0.15,SPY220218C00485000,485.0,normalDay
2022-01-26,14524.0,-1078.0,0.0,100,433.38,446.0,0,0.0,0.0,,0.0,1,2.04,0.2,SPY220218C00485000,485.0,normalDay
2022-01-27,14524.0,-1285.0,0.0,100,431.24,446.0,0,0.0,0.0,,0.0,1,2.04,0.13,SPY220218C00485000,485.0,normalDay
2022-01-28,14524.0,-223.0,0.0,100,441.95,446.0,0,0.0,0.0,,0.0,1,2.04,0.22,SPY220218C00485000,485.0,normalDay
2022-01-31,14524.0,576.0,0.0,100,449.91,446.0,0,0.0,0.0,,0.0,1,2.04,0.19,SPY220218C00485000,485.0,normalDay
2022-02-01,14524.0,886.0,0.0,100,452.95,446.0,0,0.0,0.0,,0.0,1,2.04,0.13,SPY220218C00485000,485.0,normalDay
2022-02-02,14524.0,1329.0,0.0,100,457.35,446.0,0,0.0,0.0,,0.0,1,2.04,0.1,SPY220218C00485000,485.0,normalDay
2022-02-03,14524.0,257.0,0.0,100,446.6,446.0,0,0.0,0.0,,0.0,1,2.04,0.07,SPY220218C00485000,485.0,normalDay
2022-02-04,14524.0,471.0,0.0,100,448.7,446.0,0,0.0,0.0,,0.0,1,2.04,0.03,SPY220218C00485000,485.0,normalDay
2022-02-07,14524.0,328.0,0.0,100,447.26,446.0,0,0.0,0.0,,0.0,1,2.04,0.02,SPY220218C00485000,485.0,normalDay
2022-02-08,14524.0,696.0,0.0,100,450.94,446.0,0,0.0,0.0,,0.0,1,2.04,0.02,SPY220218C00485000,485.0,normalDay
2022-02-09,14524.0,1354.0,0.0,100,457.54,446.0,0,0.0,0.0,,0.0,1,2.04,0.04,SPY220218C00485000,485.0,normalDay
2022-02-10,14524.0,534.0,0.0,100,449.32,446.0,0,0.0,0.0,,0.0,1,2.04,0.02,SPY220218C00485000,485.0,normalDay
2022-02-11,14524.0,-352.0,0.0,100,440.46,446.0,0,0.0,0.0,,0.0,1,2.04,0.02,SPY220218C00485000,485.0,normalDay
2022-02-14,14524.0,-496.0,0.0,100,439.02,446.0,0,0.0,0.0,,0.0,1,2.04,0.02,SPY220218C00485000,485.0,normalDay
2022-02-15,14524.0,213.0,0.0,100,446.1,446.0,0,0.0,0.0,,0.0,1,2.04,0.01,SPY220218C00485000,485.0,normalDay
2022-02-16,14524.0,263.0,0.0,100,446.6,446.0,0,0.0,0.0,,0.0,1,2.04,0.01,SPY220218C00485000,485.0,normalDay
2022-02-17,14524.0,-691.0,0.0,100,437.06,446.0,0,0.0,0.0,,0.0,1,2.04,0.01,SPY220218C00485000,485.0,normalDay
2022-02-18,14728.0,-1177.0,204.0,100,434.23,446.0,0,0.0,0.0,,0.0,1,2.04,0.0,SPY220218C00485000,485.0,expirationDay
2022-02-22,14728.0,-1650.0,0.0,100,429.57,446.0,0,0.0,0.0,,0.0,1,2.32,2.39,SPY220520C00473000,473.0,normalDay
2022-02-23,14728.0,-2341.0,0.0,100,421.95,446.0,0,0.0,0.0,,0.0,1,2.32,1.68,SPY220520C00473000,473.0,normalDay
2022-02-24,14728.0,-1743.0,0.0,100,428.3,446.0,0,0.0,0.0,,0.0,1,2.32,2.05,SPY220520C00473000,473.0,normalDay
2022-02-25,14728.0,-925.0,0.0,100,437.75,446.0,0,0.0,0.0,,0.0,1,2.32,3.32,SPY220520C00473000,473.0,normalDay
2022-02-28,14728.0,-1045.0,0.0,100,436.63,446.0,0,0.0,0.0,,0.0,1,2.32,3.4,SPY220520C00473000,473.0,normalDay
2022-03-01,14728.0,-1667.0,0.0,100,429.98,446.0,0,0.0,0.0,,0.0,1,2.32,2.97,SPY220520C00473000,473.0,normalDay
2022-03-02,14728.0,-941.0,0.0,100,437.89,446.0,0,0.0,0.0,,0.0,1,2.32,3.62,SPY220520C00473000,473.0,normalDay
2022-03-03,14728.0,-1115.0,0.0,100,435.71,446.0,0,0.0,0.0,,0.0,1,2.32,3.18,SPY220520C00473000,473.0,normalDay
2022-03-04,14728.0,-1420.0,0.0,100,432.17,446.0,0,0.0,0.0,,0.0,1,2.32,2.69,SPY220520C00473000,473.0,normalDay
2022-03-07,14728.0,-2580.0,0.0,100,419.43,446.0,0,0.0,0.0,,0.0,1,2.32,1.55,SPY220520C00473000,473.0,normalDay
2022-03-08,14728.0,-2863.0,0.0,100,416.25,446.0,0,0.0,0.0,,0.0,1,2.32,1.2,SPY220520C00473000,473.0,normalDay
2022-03-09,14728.0,-1837.0,0.0,100,427.41,446.0,0,0.0,0.0,,0.0,1,2.32,2.1,SPY220520C00473000,473.0,normalDay
2022-03-10,14728.0,-1977.0,0.0,100,425.48,446.0,0,0.0,0.0,,0.0,1,2.32,1.57,SPY220520C00473000,473.0,normalDay
2022-03-11,14728.0,-2479.0,0.0,100,420.07,446.0,0,0.0,0.0,,0.0,1,2.32,1.18,SPY220520C00473000,473.0,normalDay
2022-03-14,14728.0,-2766.0,0.0,100,417.0,446.0,0,0.0,0.0,,0.0,1,2.32,0.98,SPY220520C00473000,473.0,normalDay
2022-03-15,14728.0,-1892.0,0.0,100,426.17,446.0,0,0.0,0.0,,0.0,1,2.32,1.41,SPY220520C00473000,473.0,normalDay
2022-03-16,14728.0,-998.0,0.0,100,435.62,446.0,0,0.0,0.0,,0.0,1,2.32,1.92,SPY220520C00473000,473.0,normalDay
2022-03-17,14728.0,-491.0,0.0,100,441.07,446.0,0,0.0,0.0,,0.0,1,2.32,2.3,SPY220520C00473000,473.0,normalDay
2022-03-18,14728.0,-202.0,0.0,100,444.52,446.0,0,0.0,0.0,,0.0,1,2.32,2.86,SPY220520C00473000,473.0,normalDay
2022-03-21,14728.0,-179.0,0.0,100,444.39,446.0,0,0.0,0.0,,0.0,1,2.32,2.5,SPY220520C00473000,473.0,normalDay
2022-03-22,14728.0,255.0,0.0,100,449.59,446.0,0,0.0,0.0,,0.0,1,2.32,3.36,SPY220520C00473000,473.0,normalDay
2022-03-23,14728.0,-204.0,0.0,100,443.8,446.0,0,0.0,0.0,,0.0,1,2.32,2.16,SPY220520C00473000,473.0,normalDay
2022-03-24,14728.0,363.0,0.0,100,450.49,446.0,0,0.0,0.0,,0.0,1,2.32,3.18,SPY220520C00473000,473.0,normalDay
2022-03-25,14728.0,562.0,0.0,100,452.69,446.0,0,0.0,0.0,,0.0,1,2.32,3.39,SPY220520C00473000,473.0,normalDay
2022-03-28,14728.0,846.0,0.0,100,455.91,446.0,0,0.0,0.0,,0.0,1,2.32,3.77,SPY220520C00473000,473.0,normalDay
2022-03-29,14728.0,1248.0,0.0,100,461.55,446.0,0,0.0,0.0,,0.0,1,2.32,5.39,SPY220520C00473000,473.0,normalDay
2022-03-30,14728.0,1030.0,0.0,100,458.7,446.0,0,0.0,0.0,,0.0,1,2.32,4.72,SPY220520C00473000,473.0,normalDay
2022-03-31,14728.0,503.0,0.0,100,451.64,446.0,0,0.0,0.0,,0.0,1,2.32,2.93,SPY220520C00473000,473.0,normalDay
2022-04-01,14728.0,679.0,0.0,100,452.92,446.0,0,0.0,0.0,,0.0,1,2.32,2.45,SPY220520C00473000,473.0,normalDay
2022-04-04,14728.0,1026.0,0.0,100,456.8,446.0,0,0.0,0.0,,0.0,1,2.32,2.86,SPY220520C00473000,473.0,normalDay
2022-04-05,14728.0,538.0,0.0,100,451.03,446.0,0,0.0,0.0,,0.0,1,2.32,1.97,SPY220520C00473000,473.0,normalDay
2022-04-06,14728.0,169.0,0.0,100,446.52,446.0,0,0.0,0.0,,0.0,1,2.32,1.15,SPY220520C00473000,473.0,normalDay
2022-04-07,14728.0,370.0,0.0,100,448.77,446.0,0,0.0,0.0,,0.0,1,2.32,1.39,SPY220520C00473000,473.0,normalDay
2022-04-08,14728.0,278.0,0.0,100,447.57,446.0,0,0.0,0.0,,0.0,1,2.32,1.11,SPY220520C00473000,473.0,normalDay
2022-04-11,14728.0,-429.0,0.0,100,439.92,446.0,0,0.0,0.0,,0.0,1,2.32,0.53,SPY220520C00473000,473.0,normalDay
2022-04-12,14728.0,-582.0,0.0,100,438.29,446.0,0,0.0,0.0,,0.0,1,2.32,0.43,SPY220520C00473000,473.0,normalDay
2022-04-13,14728.0,-93.0,0.0,100,443.31,446.0,0,0.0,0.0,,0.0,1,2.32,0.56,SPY220520C00473000,473.0,normalDay
2022-04-14,14728.0,-621.0,0.0,100,437.79,446.0,0,0.0,0.0,,0.0,1,2.32,0.32,SPY220520C00473000,473.0,normalDay
2022-04-18,14728.0,-597.0,0.0,100,437.97,446.0,0,0.0,0.0,,0.0,1,2.32,0.26,SPY220520C00473000,473.0,normalDay
2022-04-19,14728.0,99.0,0.0,100,445.04,446.0,0,0.0,0.0,,0.0,1,2.32,0.37,SPY220520C00473000,473.0,normalDay
2022-04-20,14728.0,64.0,0.0,100,444.71,446.0,0,0.0,0.0,,0.0,1,2.32,0.39,SPY220520C00473000,473.0,normalDay
2022-04-21,14728.0,-579.0,0.0,100,438.06,446.0,0,0.0,0.0,,0.0,1,2.32,0.17,SPY220520C00473000,473.0,normalDay
2022-04-22,14728.0,-1771.0,0.0,100,426.04,446.0,0,0.0,0.0,,0.0,1,2.32,0.07,SPY220520C00473000,473.0,normalDay
2022-04-25,14728.0,-1523.0,0.0,100,428.51,446.0,0,0.0,0.0,,0.0,1,2.32,0.06,SPY220520C00473000,473.0,normalDay
2022-04-26,14728.0,-2762.0,0.0,100,416.1,446.0,0,0.0,0.0,,0.0,1,2.32,0.04,SPY220520C00473000,473.0,normalDay
2022-04-27,14728.0,-2644.0,0.0,100,417.27,446.0,0,0.0,0.0,,0.0,1,2.32,0.03,SPY220520C00473000,473.0,normalDay
2022-04-28,14728.0,-1593.0,0.0,100,427.81,446.0,0,0.0,0.0,,0.0,1,2.32,0.06,SPY220520C00473000,473.0,normalDay
2022-04-29,14728.0,-3172.0,0.0,100,412.0,446.0,0,0.0,0.0,,0.0,1,2.32,0.04,SPY220520C00473000,473.0,normalDay
2022-05-02,14728.0,-2924.0,0.0,100,414.48,446.0,0,0.0,0.0,,0.0,1,2.32,0.04,SPY220520C00473000,473.0,normalDay
2022-05-03,14728.0,-2733.0,0.0,100,416.38,446.0,0,0.0,0.0,,0.0,1,2.32,0.03,SPY220520C00473000,473.0,normalDay
2022-05-04,14728.0,-1466.0,0.0,100,429.06,446.0,0,0.0,0.0,,0.0,1,2.32,0.04,SPY220520C00473000,473.0,normalDay
2022-05-05,14728.0,-2990.0,0.0,100,413.81,446.0,0,0.0,0.0,,0.0,1,2.32,0.03,SPY220520C00473000,473.0,normalDay
2022-05-06,14728.0,-3236.0,0.0,100,411.34,446.0,0,0.0,0.0,,0.0,1,2.32,0.02,SPY220520C00473000,473.0,normalDay
2022-05-09,14728.0,-4553.0,0.0,100,398.17,446.0,0,0.0,0.0,,0.0,1,2.32,0.02,SPY220520C00473000,473.0,normalDay
2022-05-10,14728.0,-4461.0,0.0,100,399.09,446.0,0,0.0,0.0,,0.0,1,2.32,0.02,SPY220520C00473000,473.0,normalDay
2022-05-11,14728.0,-5095.0,0.0,100,392.75,446.0,0,0.0,0.0,,0.0,1,2.32,0.02,SPY220520C00473000,473.0,normalDay
2022-05-12,14728.0,-5135.0,0.0,100,392.34,446.0,0,0.0,0.0,,0.0,1,2.32,0.01,SPY220520C00473000,473.0,normalDay
2022-05-13,14728.0,-4197.0,0.0,100,401.72,446.0,0,0.0,0.0,,0.0,1,2.32,0.01,SPY220520C00473000,473.0,normalDay
2022-05-16,14728.0,-4360.0,0.0,100,400.09,446.0,0,0.0,0.0,,0.0,1,2.32,0.01,SPY220520C00473000,473.0,normalDay
2022-05-17,14728.0,-3537.0,0.0,100,408.32,446.0,0,0.0,0.0,,0.0,1,2.32,0.01,SPY220520C00473000,473.0,normalDay
2022-05-18,14728.0,-5183.0,0.0,100,391.86,446.0,0,0.0,0.0,,0.0,1,2.32,0.01,SPY220520C00473000,473.0,normalDay
2022-05-19,14728.0,-5423.0,0.0,100,389.46,446.0,0,0.0,0.0,,0.0,1,2.32,0.01,SPY220520C00473000,473.0,normalDay
2022-05-20,14960.0,-5637.0,232.0,100,389.63,446.0,0,0.0,0.0,,0.0,1,2.32,0.0,SPY220520C00473000,473.0,expirationDay
2022-05-23,14960.0,-4911.0,0.0,100,396.92,446.0,0,0.0,0.0,,0.0,1,0.68,0.71,SPY220715C00449000,449.0,normalDay
2022-05-24,14960.0,-5207.0,0.0,100,393.89,446.0,0,0.0,0.0,,0.0,1,0.68,0.64,SPY220715C00449000,449.0,normalDay
2022-05-25,14960.0,-4863.0,0.0,100,397.37,446.0,0,0.0,0.0,,0.0,1,0.68,0.68,SPY220715C00449000,449.0,normalDay
2022-05-26,14960.0,-4107.0,0.0,100,405.31,446.0,0,0.0,0.0,,0.0,1,0.68,1.06,SPY220715C00449000,449.0,normalDay
2022-05-27,14960.0,-3193.0,0.0,100,415.26,446.0,0,0.0,0.0,,0.0,1,0.68,1.87,SPY220715C00449000,449.0,normalDay
2022-05-31,14960.0,-3358.0,0.0,100,412.93,446.0,0,0.0,0.0,,0.0,1,0.68,1.19,SPY220715C00449000,449.0,normalDay
2022-06-01,14960.0,-3648.0,0.0,100,409.59,446.0,0,0.0,0.0,,0.0,1,0.68,0.75,SPY220715C00449000,449.0,normalDay
2022-06-02,14960.0,-2926.0,0.0,100,417.39,446.0,0,0.0,0.0,,0.0,1,0.68,1.33,SPY220715C00449000,449.0,normalDay
2022-06-03,14960.0,-3547.0,0.0,100,410.54,446.0,0,0.0,0.0,,0.0,1,0.68,0.69,SPY220715C00449000,449.0,normalDay
2022-06-06,14960.0,-3420.0,0.0,100,411.79,446.0,0,0.0,0.0,,0.0,1,0.68,0.67,SPY220715C00449000,449.0,normalDay
2022-06-07,14960.0,-3036.0,0.0,100,415.74,446.0,0,0.0,0.0,,0.0,1,0.68,0.78,SPY220715C00449000,449.0,normalDay
2022-06-08,14960.0,-3458.0,0.0,100,411.22,446.0,0,0.0,0.0,,0.0,1,0.68,0.48,SPY220715C00449000,449.0,normalDay
2022-06-09,14960.0,-4415.0,0.0,100,401.44,446.0,0,0.0,0.0,,0.0,1,0.68,0.27,SPY220715C00449000,449.0,normalDay
2022-06-10,14960.0,-5566.0,0.0,100,389.8,446.0,0,0.0,0.0,,0.0,1,0.68,0.14,SPY220715C00449000,449.0,normalDay
2022-06-13,14960.0,-7042.0,0.0,100,375.0,446.0,0,0.0,0.0,,0.0,1,0.68,0.1,SPY220715C00449000,449.0,normalDay
2022-06-14,14960.0,-7154.0,0.0,100,373.87,446.0,0,0.0,0.0,,0.0,1,0.68,0.09,SPY220715C00449000,449.0,normalDay
2022-06-15,14960.0,-6620.0,0.0,100,379.2,446.0,0,0.0,0.0,,0.0,1,0.68,0.08,SPY220715C00449000,449.0,normalDay
2022-06-16,14960.0,-7872.0,0.0,100,366.65,446.0,0,0.0,0.0,,0.0,1,0.68,0.05,SPY220715C00449000,449.0,normalDay
2022-06-17,14960.0,-7952.0,0.0,100,365.86,446.0,0,0.0,0.0,,0.0,1,0.68,0.06,SPY220715C00449000,449.0,normalDay
2022-06-21,14960.0,-7030.0,0.0,100,375.07,446.0,0,0.0,0.0,,0.0,1,0.68,0.05,SPY220715C00449000,449.0,normalDay
2022-06-22,14960.0,-7098.0,0.0,100,374.39,446.0,0,0.0,0.0,,0.0,1,0.68,0.05,SPY220715C00449000,449.0,normalDay
2022-06-23,14960.0,-6730.0,0.0,100,378.06,446.0,0,0.0,0.0,,0.0,1,0.68,0.04,SPY220715C00449000,449.0,normalDay
2022-06-24,14960.0,-5530.0,0.0,100,390.08,446.0,0,0.0,0.0,,0.0,1,0.68,0.06,SPY220715C00449000,449.0,normalDay
2022-06-27,14960.0,-5678.0,0.0,100,388.59,446.0,0,0.0,0.0,,0.0,1,0.68,0.05,SPY220715C00449000,449.0,normalDay
2022-06-28,14960.0,-6470.0,0.0,100,380.65,446.0,0,0.0,0.0,,0.0,1,0.68,0.03,SPY220715C00449000,449.0,normalDay
2022-06-29,14960.0,-6501.0,0.0,100,380.34,446.0,0,0.0,0.0,,0.0,1,0.68,0.03,SPY220715C00449000,449.0,normalDay
2022-06-30,14960.0,-6809.0,0.0,100,377.25,446.0,0,0.0,0.0,,0.0,1,0.68,0.02,SPY220715C00449000,449.0,normalDay
2022-07-01,14960.0,-6409.0,0.0,100,381.24,446.0,0,0.0,0.0,,0.0,1,0.68,0.01,SPY220715C00449000,449.0,normalDay
2022-07-05,14960.0,-6337.0,0.0,100,381.96,446.0,0,0.0,0.0,,0.0,1,0.68,0.01,SPY220715C00449000,449.0,normalDay
2022-07-06,14960.0,-6208.0,0.0,100,383.25,446.0,0,0.0,0.0,,0.0,1,0.68,0.01,SPY220715C00449000,449.0,normalDay
2022-07-07,14960.0,-5634.0,0.0,100,388.99,446.0,0,0.0,0.0,,0.0,1,0.68,0.01,SPY220715C00449000,449.0,normalDay
2022-07-08,14960.0,-5666.0,0.0,100,388.67,446.0,0,0.0,0.0,,0.0,1,0.68,0.01,SPY220715C00449000,449.0,normalDay
2022-07-11,14960.0,-6110.0,0.0,100,384.23,446.0,0,0.0,0.0,,0.0,1,0.68,0.01,SPY220715C00449000,449.0,normalDay
2022-07-12,14960.0,-6450.0,0.0,100,380.83,446.0,0,0.0,0.0,,0.0,1,0.68,0.01,SPY220715C00449000,449.0,normalDay
2022-07-13,14960.0,-6650.0,0.0,100,378.83,446.0,0,0.0,0.0,,0.0,1,0.68,0.01,SPY220715C00449000,449.0,normalDay
2022-07-14,14960.0,-6742.0,0.0,100,377.91,446.0,0,0.0,0.0,,0.0,1,0.68,0.01,SPY220715C00449000,449.0,normalDay
2022-07-15,15028.0,-6087.0,68.0,100,385.13,446.0,0,0.0,0.0,,0.0,1,0.68,0.0,SPY220715C00449000,449.0,expirationDay
2022-07-18,15028.0,-6412.0,0.0,100,381.95,446.0,0,0.0,0.0,,0.0,1,6.81,6.88,SPY220930C00402000,402.0,normalDay
2022-07-19,15028.0,-5826.0,0.0,100,392.27,446.0,0,0.0,0.0,,0.0,1,6.81,11.34,SPY220930C00402000,402.0,normalDay
2022-07-20,15028.0,-5668.0,0.0,100,394.77,446.0,0,0.0,0.0,,0.0,1,6.81,12.26,SPY220930C00402000,402.0,normalDay
2022-07-21,15028.0,-5396.0,0.0,100,398.79,446.0,0,0.0,0.0,,0.0,1,6.81,13.56,SPY220930C00402000,402.0,normalDay
2022-07-22,15028.0,-5544.0,0.0,100,395.09,446.0,0,0.0,0.0,,0.0,1,6.81,11.34,SPY220930C00402000,402.0,normalDay
2022-07-25,15028.0,-5525.0,0.0,100,395.57,446.0,0,0.0,0.0,,0.0,1,6.81,11.63,SPY220930C00402000,402.0,normalDay
2022-07-26,15028.0,-5814.0,0.0,100,390.89,446.0,0,0.0,0.0,,0.0,1,6.81,9.84,SPY220930C00402000,402.0,normalDay
2022-07-27,15028.0,-5176.0,0.0,100,401.04,446.0,0,0.0,0.0,,0.0,1,6.81,13.61,SPY220930C00402000,402.0,normalDay
2022-07-28,15028.0,-5030.0,0.0,100,406.07,446.0,0,0.0,0.0,,0.0,1,6.81,17.18,SPY220930C00402000,402.0,normalDay
2022-07-29,15028.0,-4736.0,0.0,100,411.99,446.0,0,0.0,0.0,,0.0,1,6.81,20.16,SPY220930C00402000,402.0,normalDay
2022-08-01,15028.0,-4818.0,0.0,100,410.77,446.0,0,0.0,0.0,,0.0,1,6.81,19.76,SPY220930C00402000,402.0,normalDay
2022-08-02,15028.0,-4929.0,0.0,100,408.06,446.0,0,0.0,0.0,,0.0,1,6.81,18.16,SPY220930C00402000,402.0,normalDay
2022-08-03,15028.0,-4629.0,0.0,100,414.45,446.0,0,0.0,0.0,,0.0,1,6.81,21.55,SPY220930C00402000,402.0,normalDay
2022-08-04,15028.0,-4652.0,0.0,100,414.17,446.0,0,0.0,0.0,,0.0,1,6.81,21.5,SPY220930C00402000,402.0,normalDay
2022-08-05,15028.0,-4601.0,0.0,100,413.47,446.0,0,0.0,0.0,,0.0,1,6.81,20.29,SPY220930C00402000,402.0,normalDay
2022-08-08,15028.0,-4633.0,0.0,100,412.99,446.0,0,0.0,0.0,,0.0,1,6.81,20.13,SPY220930C00402000,402.0,normalDay
2022-08-09,15028.0,-4690.0,0.0,100,411.35,446.0,0,0.0,0.0,,0.0,1,6.81,19.06,SPY220930C00402000,402.0,normalDay
2022-08-10,15028.0,-4363.0,0.0,100,419.99,446.0,0,0.0,0.0,,0.0,1,6.81,24.43,SPY220930C00402000,402.0,normalDay
2022-08-11,15028.0,-4419.0,0.0,100,419.99,446.0,0,0.0,0.0,,0.0,1,6.81,24.99,SPY220930C00402000,402.0,normalDay
2022-08-12,15028.0,-4181.0,0.0,100,427.1,446.0,0,0.0,0.0,,0.0,1,6.81,29.72,SPY220930C00402000,402.0,normalDay
2022-08-15,15028.0,-4141.0,0.0,100,428.86,446.0,0,0.0,0.0,,0.0,1,6.81,31.08,SPY220930C00402000,402.0,normalDay
2022-08-16,15028.0,-4105.0,0.0,100,429.7,446.0,0,0.0,0.0,,0.0,1,6.81,31.56,SPY220930C00402000,402.0,normalDay
2022-08-17,15028.0,-4208.0,0.0,100,426.65,446.0,0,0.0,0.0,,0.0,1,6.81,29.54,SPY220930C00402000,402.0,normalDay
2022-08-18,15028.0,-4096.0,0.0,100,427.89,446.0,0,0.0,0.0,,0.0,1,6.81,29.66,SPY220930C00402000,402.0,normalDay
2022-08-19,15028.0,-4228.0,0.0,100,422.14,446.0,0,0.0,0.0,,0.0,1,6.81,25.23,SPY220930C00402000,402.0,normalDay
2022-08-22,15028.0,-4498.0,0.0,100,413.35,446.0,0,0.0,0.0,,0.0,1,6.81,19.14,SPY220930C00402000,402.0,normalDay
2022-08-23,15028.0,-4472.0,0.0,100,412.35,446.0,0,0.0,0.0,,0.0,1,6.81,17.88,SPY220930C00402000,402.0,normalDay
2022-08-24,15028.0,-4391.0,0.0,100,413.67,446.0,0,0.0,0.0,,0.0,1,6.81,18.39,SPY220930C00402000,402.0,normalDay
2022-08-25,15028.0,-4157.0,0.0,100,419.51,446.0,0,0.0,0.0,,0.0,1,6.81,21.89,SPY220930C00402000,402.0,normalDay
2022-08-26,15028.0,-4679.0,0.0,100,405.31,446.0,0,0.0,0.0,,0.0,1,6.81,12.91,SPY220930C00402000,402.0,normalDay
2022-08-29,15028.0,-4774.0,0.0,100,402.63,446.0,0,0.0,0.0,,0.0,1,6.81,11.18,SPY220930C00402000,402.0,normalDay
2022-08-30,15028.0,-4962.0,0.0,100,398.21,446.0,0,0.0,0.0,,0.0,1,6.81,8.64,SPY220930C00402000,402.0,normalDay
2022-08-31,15028.0,-5089.0,0.0,100,395.18,446.0,0,0.0,0.0,,0.0,1,6.81,6.88,SPY220930C00402000,402.0,normalDay
2022-09-01,15028.0,-4965.0,0.0,100,396.42,446.0,0,0.0,0.0,,0.0,1,6.81,6.88,SPY220930C00402000,402.0,normalDay
2022-09-02,15028.0,-5215.0,0.0,100,392.24,446.0,0,0.0,0.0,,0.0,1,6.81,5.2,SPY220930C00402000,402.0,normalDay
2022-09-06,15028.0,-5259.0,0.0,100,390.76,446.0,0,0.0,0.0,,0.0,1,6.81,4.16,SPY220930C00402000,402.0,normalDay
2022-09-07,15028.0,-4764.0,0.0,100,397.78,446.0,0,0.0,0.0,,0.0,1,6.81,6.23,SPY220930C00402000,402.0,normalDay
2022-09-08,15028.0,-4609.0,0.0,100,400.38,446.0,0,0.0,0.0,,0.0,1,6.81,7.28,SPY220930C00402000,402.0,normalDay
2022-09-09,15028.0,-4250.0,0.0,100,406.6,446.0,0,0.0,0.0,,0.0,1,6.81,9.91,SPY220930C00402000,402.0,normalDay
2022-09-12,15028.0,-4132.0,0.0,100,410.97,446.0,0,0.0,0.0,,0.0,1,6.81,13.1,SPY220930C00402000,402.0,normalDay
2022-09-13,15028.0,-5028.0,0.0,100,393.1,446.0,0,0.0,0.0,,0.0,1,6.81,4.19,SPY220930C00402000,402.0,normalDay
2022-09-14,15028.0,-4861.0,0.0,100,394.6,446.0,0,0.0,0.0,,0.0,1,6.81,4.02,SPY220930C00402000,402.0,normalDay
2022-09-15,15028.0,-5172.0,0.0,100,390.12,446.0,0,0.0,0.0,,0.0,1,6.81,2.65,SPY220930C00402000,402.0,normalDay
2022-09-16,15028.0,-5530.0,0.0,100,385.56,446.0,0,0.0,0.0,,0.0,1,6.81,1.67,SPY220930C00402000,402.0,normalDay
2022-09-19,15028.0,-5255.0,0.0,100,388.55,446.0,0,0.0,0.0,,0.0,1,6.81,1.91,SPY220930C00402000,402.0,normalDay
2022-09-20,15028.0,-5631.0,0.0,100,384.09,446.0,0,0.0,0.0,,0.0,1,6.81,1.21,SPY220930C00402000,402.0,normalDay
2022-09-21,15028.0,-6219.0,0.0,100,377.39,446.0,0,0.0,0.0,,0.0,1,6.81,0.39,SPY220930C00402000,402.0,normalDay
2022-09-22,15028.0,-6507.0,0.0,100,374.22,446.0,0,0.0,0.0,,0.0,1,6.81,0.1,SPY220930C00402000,402.0,normalDay
2022-09-23,15028.0,-7127.0,0.0,100,367.95,446.0,0,0.0,0.0,,0.0,1,6.81,0.03,SPY220930C00402000,402.0,normalDay
2022-09-26,15028.0,-7490.0,0.0,100,364.31,446.0,0,0.0,0.0,,0.0,1,6.81,0.02,SPY220930C00402000,402.0,normalDay
2022-09-27,15028.0,-7582.0,0.0,100,363.38,446.0,0,0.0,0.0,,0.0,1,6.81,0.01,SPY220930C00402000,402.0,normalDay
2022-09-28,15028.0,-6867.0,0.0,100,370.53,446.0,0,0.0,0.0,,0.0,1,6.81,0.01,SPY220930C00402000,402.0,normalDay
2022-09-29,15028.0,-7641.0,0.0,100,362.79,446.0,0,0.0,0.0,,0.0,1,6.81,0.01,SPY220930C00402000,402.0,normalDay
2022-09-30,15709.0,-8882.0,681.0,100,357.18,446.0,0,0.0,0.0,,0.0,1,6.81,0.0,SPY220930C00402000,402.0,expirationDay
2022-10-03,15709.0,-7942.0,0.0,100,366.61,446.0,0,0.0,0.0,,0.0,1,0.58,0.61,SPY221216C00438000,438.0,normalDay
2022-10-04,15709.0,-6859.0,0.0,100,377.97,446.0,0,0.0,0.0,,0.0,1,0.58,1.14,SPY221216C00438000,438.0,normalDay
2022-10-05,15709.0,-6929.0,0.0,100,377.09,446.0,0,0.0,0.0,,0.0,1,0.58,0.96,SPY221216C00438000,438.0,normalDay
2022-10-06,15709.0,-7301.0,0.0,100,373.2,446.0,0,0.0,0.0,,0.0,1,0.58,0.79,SPY221216C00438000,438.0,normalDay
2022-10-07,15709.0,-8306.0,0.0,100,362.79,446.0,0,0.0,0.0,,0.0,1,0.58,0.43,SPY221216C00438000,438.0,normalDay
2022-10-10,15709.0,-8583.0,0.0,100,360.02,446.0,0,0.0,0.0,,0.0,1,0.58,0.43,SPY221216C00438000,438.0,normalDay
2022-10-11,15709.0,-8809.0,0.0,100,357.74,446.0,0,0.0,0.0,,0.0,1,0.58,0.41,SPY221216C00438000,438.0,normalDay
2022-10-12,15709.0,-8925.0,0.0,100,356.56,446.0,0,0.0,0.0,,0.0,1,0.58,0.39,SPY221216C00438000,438.0,normalDay
2022-10-13,15709.0,-8011.0,0.0,100,365.97,446.0,0,0.0,0.0,,0.0,1,0.58,0.66,SPY221216C00438000,438.0,normalDay
2022-10-14,15709.0,-8819.0,0.0,100,357.63,446.0,0,0.0,0.0,,0.0,1,0.58,0.4,SPY221216C00438000,438.0,normalDay
2022-10-17,15709.0,-7922.0,0.0,100,366.82,446.0,0,0.0,0.0,,0.0,1,0.58,0.62,SPY221216C00438000,438.0,normalDay
2022-10-18,15709.0,-7505.0,0.0,100,371.13,446.0,0,0.0,0.0,,0.0,1,0.58,0.76,SPY221216C00438000,438.0,normalDay
2022-10-19,15709.0,-7751.0,0.0,100,368.5,446.0,0,0.0,0.0,,0.0,1,0.58,0.59,SPY221216C00438000,438.0,normalDay
2022-10-20,15709.0,-8043.0,0.0,100,365.41,446.0,0,0.0,0.0,,0.0,1,0.58,0.42,SPY221216C00438000,438.0,normalDay
2022-10-21,15709.0,-7195.0,0.0,100,374.29,446.0,0,0.0,0.0,,0.0,1,0.58,0.82,SPY221216C00438000,438.0,normalDay
2022-10-24,15709.0,-6758.0,0.0,100,378.87,446.0,0,0.0,0.0,,0.0,1,0.58,1.03,SPY221216C00438000,438.0,normalDay
2022-10-25,15709.0,-6162.0,0.0,100,384.92,446.0,0,0.0,0.0,,0.0,1,0.58,1.12,SPY221216C00438000,438.0,normalDay
2022-10-26,15709.0,-6426.0,0.0,100,382.02,446.0,0,0.0,0.0,,0.0,1,0.58,0.86,SPY221216C00438000,438.0,normalDay
2022-10-27,15709.0,-6593.0,0.0,100,379.98,446.0,0,0.0,0.0,,0.0,1,0.58,0.49,SPY221216C00438000,438.0,normalDay
2022-10-28,15709.0,-5749.0,0.0,100,389.02,446.0,0,0.0,0.0,,0.0,1,0.58,1.09,SPY221216C00438000,438.0,normalDay
2022-10-31,15709.0,-5995.0,0.0,100,386.21,446.0,0,0.0,0.0,,0.0,1,0.58,0.74,SPY221216C00438000,438.0,normalDay
2022-11-01,15709.0,-6151.0,0.0,100,384.52,446.0,0,0.0,0.0,,0.0,1,0.58,0.61,SPY221216C00438000,438.0,normalDay
2022-11-02,15709.0,-7081.0,0.0,100,374.87,446.0,0,0.0,0.0,,0.0,1,0.58,0.26,SPY221216C00438000,438.0,normalDay
2022-11-03,15709.0,-7460.0,0.0,100,371.01,446.0,0,0.0,0.0,,0.0,1,0.58,0.19,SPY221216C00438000,438.0,normalDay
2022-11-04,15709.0,-6929.0,0.0,100,376.35,446.0,0,0.0,0.0,,0.0,1,0.58,0.22,SPY221216C00438000,438.0,normalDay
2022-11-07,15709.0,-6571.0,0.0,100,379.95,446.0,0,0.0,0.0,,0.0,1,0.58,0.24,SPY221216C00438000,438.0,normalDay
2022-11-08,15709.0,-6370.0,0.0,100,382.0,446.0,0,0.0,0.0,,0.0,1,0.58,0.28,SPY221216C00438000,438.0,normalDay
2022-11-09,15709.0,-7145.0,0.0,100,374.13,446.0,0,0.0,0.0,,0.0,1,0.58,0.16,SPY221216C00438000,438.0,normalDay
2022-11-10,15709.0,-5147.0,0.0,100,394.69,446.0,0,0.0,0.0,,0.0,1,0.58,0.74,SPY221216C00438000,438.0,normalDay
2022-11-11,15709.0,-4758.0,0.0,100,398.51,446.0,0,0.0,0.0,,0.0,1,0.58,0.67,SPY221216C00438000,438.0,normalDay
2022-11-14,15709.0,-5073.0,0.0,100,395.12,446.0,0,0.0,0.0,,0.0,1,0.58,0.43,SPY221216C00438000,438.0,normalDay
2022-11-15,15709.0,-4747.0,0.0,100,398.49,446.0,0,0.0,0.0,,0.0,1,0.58,0.54,SPY221216C00438000,438.0,normalDay
2022-11-16,15709.0,-5033.0,0.0,100,395.45,446.0,0,0.0,0.0,,0.0,1,0.58,0.36,SPY221216C00438000,438.0,normalDay
2022-11-17,15709.0,-5146.0,0.0,100,394.24,446.0,0,0.0,0.0,,0.0,1,0.58,0.28,SPY221216C00438000,438.0,normalDay
2022-11-18,15709.0,-4963.0,0.0,100,396.03,446.0,0,0.0,0.0,,0.0,1,0.58,0.24,SPY221216C00438000,438.0,normalDay
2022-11-21,15709.0,-5099.0,0.0,100,394.59,446.0,0,0.0,0.0,,0.0,1,0.58,0.16,SPY221216C00438000,438.0,normalDay
2022-11-22,15709.0,-4571.0,0.0,100,399.9,446.0,0,0.0,0.0,,0.0,1,0.58,0.19,SPY221216C00438000,438.0,normalDay
2022-11-23,15709.0,-4315.0,0.0,100,402.42,446.0,0,0.0,0.0,,0.0,1,0.58,0.15,SPY221216C00438000,438.0,normalDay
2022-11-25,15709.0,-4322.0,0.0,100,402.33,446.0,0,0.0,0.0,,0.0,1,0.58,0.13,SPY221216C00438000,438.0,normalDay
2022-11-28,15709.0,-4958.0,0.0,100,395.91,446.0,0,0.0,0.0,,0.0,1,0.58,0.07,SPY221216C00438000,438.0,normalDay
2022-11-29,15709.0,-5024.0,0.0,100,395.23,446.0,0,0.0,0.0,,0.0,1,0.58,0.05,SPY221216C00438000,438.0,normalDay
2022-11-30,15709.0,-3800.0,0.0,100,407.68,446.0,0,0.0,0.0,,0.0,1,0.58,0.26,SPY221216C00438000,438.0,normalDay
2022-12-01,15709.0,-3824.0,0.0,100,407.38,446.0,0,0.0,0.0,,0.0,1,0.58,0.2,SPY221216C00438000,438.0,normalDay
2022-12-02,15709.0,-3863.0,0.0,100,406.91,446.0,0,0.0,0.0,,0.0,1,0.58,0.12,SPY221216C00438000,438.0,normalDay
2022-12-05,15709.0,-4588.0,0.0,100,399.59,446.0,0,0.0,0.0,,0.0,1,0.58,0.05,SPY221216C00438000,438.0,normalDay
2022-12-06,15709.0,-5163.0,0.0,100,393.83,446.0,0,0.0,0.0,,0.0,1,0.58,0.04,SPY221216C00438000,438.0,normalDay
2022-12-07,15709.0,-5229.0,0.0,100,393.16,446.0,0,0.0,0.0,,0.0,1,0.58,0.03,SPY221216C00438000,438.0,normalDay
2022-12-08,15709.0,-4921.0,0.0,100,396.24,446.0,0,0.0,0.0,,0.0,1,0.58,0.03,SPY221216C00438000,438.0,normalDay
2022-12-09,15709.0,-5216.0,0.0,100,393.28,446.0,0,0.0,0.0,,0.0,1,0.58,0.02,SPY221216C00438000,438.0,normalDay
2022-12-12,15709.0,-4653.0,0.0,100,398.95,446.0,0,0.0,0.0,,0.0,1,0.58,0.06,SPY221216C00438000,438.0,normalDay
2022-12-13,15709.0,-4347.0,0.0,100,401.97,446.0,0,0.0,0.0,,0.0,1,0.58,0.02,SPY221216C00438000,438.0,normalDay
2022-12-14,15709.0,-4603.0,0.0,100,399.4,446.0,0,0.0,0.0,,0.0,1,0.58,0.01,SPY221216C00438000,438.0,normalDay
2022-12-15,15709.0,-5580.0,0.0,100,389.63,446.0,0,0.0,0.0,,0.0,1,0.58,0.01,SPY221216C00438000,438.0,normalDay
2022-12-16,15767.0,-6273.0,58.0,100,383.27,446.0,0,0.0,0.0,,0.0,1,0.58,0.0,SPY221216C00438000,438.0,expirationDay
2022-12-19,15767.0,-6601.0,0.0,100,380.02,446.0,0,0.0,0.0,,0.0,1,1.18,1.21,SPY230217C00423000,423.0,normalDay
2022-12-20,15767.0,-6545.0,0.0,100,380.54,446.0,0,0.0,0.0,,0.0,1,1.18,1.17,SPY230217C00423000,423.0,normalDay
2022-12-21,15767.0,-6015.0,0.0,100,386.23,446.0,0,0.0,0.0,,0.0,1,1.18,1.56,SPY230217C00423000,423.0,normalDay
2022-12-22,15767.0,-6527.0,0.0,100,380.72,446.0,0,0.0,0.0,,0.0,1,1.18,1.17,SPY230217C00423000,423.0,normalDay
2022-12-23,15767.0,-6307.0,0.0,100,382.91,446.0,0,0.0,0.0,,0.0,1,1.18,1.16,SPY230217C00423000,423.0,normalDay
2022-12-27,15767.0,-6444.0,0.0,100,381.4,446.0,0,0.0,0.0,,0.0,1,1.18,1.02,SPY230217C00423000,423.0,normalDay
2022-12-28,15767.0,-6886.0,0.0,100,376.66,446.0,0,0.0,0.0,,0.0,1,1.18,0.7,SPY230217C00423000,423.0,normalDay
2022-12-29,15767.0,-6241.0,0.0,100,383.44,446.0,0,0.0,0.0,,0.0,1,1.18,1.03,SPY230217C00423000,423.0,normalDay
2022-12-30,15767.0,-6331.0,0.0,100,382.43,446.0,0,0.0,0.0,,0.0,1,1.18,0.92,SPY230217C00423000,423.0,normalDay
2023-01-03,15767.0,-6468.0,0.0,100,380.82,446.0,0,0.0,0.0,,0.0,1,1.18,0.68,SPY230217C00423000,423.0,normalDay
2023-01-04,15767.0,-6183.0,0.0,100,383.76,446.0,0,0.0,0.0,,0.0,1,1.18,0.77,SPY230217C00423000,423.0,normalDay
2023-01-05,15767.0,-6595.0,0.0,100,379.38,446.0,0,0.0,0.0,,0.0,1,1.18,0.51,SPY230217C00423000,423.0,normalDay
2023-01-06,15767.0,-5766.0,0.0,100,388.08,446.0,0,0.0,0.0,,0.0,1,1.18,0.92,SPY230217C00423000,423.0,normalDay
2023-01-09,15767.0,-5784.0,0.0,100,387.86,446.0,0,0.0,0.0,,0.0,1,1.18,0.88,SPY230217C00423000,423.0,normalDay
2023-01-10,15767.0,-5514.0,0.0,100,390.58,446.0,0,0.0,0.0,,0.0,1,1.18,0.9,SPY230217C00423000,423.0,normalDay
2023-01-11,15767.0,-5085.0,0.0,100,395.52,446.0,0,0.0,0.0,,0.0,1,1.18,1.55,SPY230217C00423000,423.0,normalDay
2023-01-12,15767.0,-4907.0,0.0,100,396.96,446.0,0,0.0,0.0,,0.0,1,1.18,1.21,SPY230217C00423000,423.0,normalDay
2023-01-13,15767.0,-4739.0,0.0,100,398.5,446.0,0,0.0,0.0,,0.0,1,1.18,1.07,SPY230217C00423000,423.0,normalDay
2023-01-17,15767.0,-4791.0,0.0,100,397.77,446.0,0,0.0,0.0,,0.0,1,1.18,0.86,SPY230217C00423000,423.0,normalDay
2023-01-18,15767.0,-5373.0,0.0,100,391.49,446.0,0,0.0,0.0,,0.0,1,1.18,0.4,SPY230217C00423000,423.0,normalDay
2023-01-19,15767.0,-5643.0,0.0,100,388.64,446.0,0,0.0,0.0,,0.0,1,1.18,0.25,SPY230217C00423000,423.0,normalDay
2023-01-20,15767.0,-4947.0,0.0,100,395.88,446.0,0,0.0,0.0,,0.0,1,1.18,0.53,SPY230217C00423000,423.0,normalDay
2023-01-23,15767.0,-4509.0,0.0,100,400.63,446.0,0,0.0,0.0,,0.0,1,1.18,0.9,SPY230217C00423000,423.0,normalDay
2023-01-24,15767.0,-4550.0,0.0,100,400.2,446.0,0,0.0,0.0,,0.0,1,1.18,0.88,SPY230217C00423000,423.0,normalDay
2023-01-25,15767.0,-4517.0,0.0,100,400.35,446.0,0,0.0,0.0,,0.0,1,1.18,0.7,SPY230217C00423000,423.0,normalDay
2023-01-26,15767.0,-4118.0,0.0,100,404.75,446.0,0,0.0,0.0,,0.0,1,1.18,1.11,SPY230217C00423000,423.0,normalDay
2023-01-27,15767.0,-4030.0,0.0,100,405.68,446.0,0,0.0,0.0,,0.0,1,1.18,1.16,SPY230217C00423000,423.0,normalDay
2023-01-30,15767.0,-4490.0,0.0,100,400.59,446.0,0,0.0,0.0,,0.0,1,1.18,0.67,SPY230217C00423000,423.0,normalDay
2023-01-31,15767.0,-3946.0,0.0,100,406.48,446.0,0,0.0,0.0,,0.0,1,1.18,1.12,SPY230217C00423000,423.0,normalDay
2023-02-01,15767.0,-3583.0,0.0,100,410.8,446.0,0,0.0,0.0,,0.0,1,1.18,1.81,SPY230217C00423000,423.0,normalDay
2023-02-02,15767.0,-3105.0,0.0,100,416.78,446.0,0,0.0,0.0,,0.0,1,1.18,3.01,SPY230217C00423000,423.0,normalDay
2023-02-03,15767.0,-3431.0,0.0,100,412.35,446.0,0,0.0,0.0,,0.0,1,1.18,1.84,SPY230217C00423000,423.0,normalDay
2023-02-06,15767.0,-3619.0,0.0,100,409.83,446.0,0,0.0,0.0,,0.0,1,1.18,1.2,SPY230217C00423000,423.0,normalDay
2023-02-07,15767.0,-3156.0,0.0,100,415.19,446.0,0,0.0,0.0,,0.0,1,1.18,1.93,SPY230217C00423000,423.0,normalDay
2023-02-08,15767.0,-3525.0,0.0,100,410.65,446.0,0,0.0,0.0,,0.0,1,1.18,1.08,SPY230217C00423000,423.0,normalDay
2023-02-09,15767.0,-3837.0,0.0,100,407.09,446.0,0,0.0,0.0,,0.0,1,1.18,0.64,SPY230217C00423000,423.0,normalDay
2023-02-10,15767.0,-3725.0,0.0,100,408.04,446.0,0,0.0,0.0,,0.0,1,1.18,0.47,SPY230217C00423000,423.0,normalDay
2023-02-13,15767.0,-3291.0,0.0,100,412.83,446.0,0,0.0,0.0,,0.0,1,1.18,0.92,SPY230217C00423000,423.0,normalDay
2023-02-14,15767.0,-3235.0,0.0,100,412.64,446.0,0,0.0,0.0,,0.0,1,1.18,0.17,SPY230217C00423000,423.0,normalDay
2023-02-15,15767.0,-3094.0,0.0,100,413.98,446.0,0,0.0,0.0,,0.0,1,1.18,0.1,SPY230217C00423000,423.0,normalDay
2023-02-16,15767.0,-3655.0,0.0,100,408.28,446.0,0,0.0,0.0,,0.0,1,1.18,0.01,SPY230217C00423000,423.0,normalDay
2023-02-17,15885.0,-3874.0,118.0,100,407.26,446.0,0,0.0,0.0,,0.0,1,1.18,0.0,SPY230217C00423000,423.0,expirationDay
2023-02-21,15885.0,-4696.0,0.0,100,399.09,446.0,0,0.0,0.0,,0.0,1,4.73,4.78,SPY230519C00426000,426.0,normalDay
2023-02-22,15885.0,-4703.0,0.0,100,398.54,446.0,0,0.0,0.0,,0.0,1,4.73,4.3,SPY230519C00426000,426.0,normalDay
2023-02-23,15885.0,-4499.0,0.0,100,400.66,446.0,0,0.0,0.0,,0.0,1,4.73,4.38,SPY230519C00426000,426.0,normalDay
2023-02-24,15885.0,-4844.0,0.0,100,396.38,446.0,0,0.0,0.0,,0.0,1,4.73,3.55,SPY230519C00426000,426.0,normalDay
2023-02-27,15885.0,-4709.0,0.0,100,397.73,446.0,0,0.0,0.0,,0.0,1,4.73,3.55,SPY230519C00426000,426.0,normalDay
2023-02-28,15885.0,-4795.0,0.0,100,396.26,446.0,0,0.0,0.0,,0.0,1,4.73,2.94,SPY230519C00426000,426.0,normalDay
2023-03-01,15885.0,-4929.0,0.0,100,394.74,446.0,0,0.0,0.0,,0.0,1,4.73,2.76,SPY230519C00426000,426.0,normalDay
2023-03-02,15885.0,-4660.0,0.0,100,397.81,446.0,0,0.0,0.0,,0.0,1,4.73,3.14,SPY230519C00426000,426.0,normalDay
2023-03-03,15885.0,-4170.0,0.0,100,404.19,446.0,0,0.0,0.0,,0.0,1,4.73,4.62,SPY230519C00426000,426.0,normalDay
2023-03-06,15885.0,-4131.0,0.0,100,404.47,446.0,0,0.0,0.0,,0.0,1,4.73,4.51,SPY230519C00426000,426.0,normalDay
2023-03-07,15885.0,-4603.0,0.0,100,398.27,446.0,0,0.0,0.0,,0.0,1,4.73,3.03,SPY230519C00426000,426.0,normalDay
2023-03-08,15885.0,-4527.0,0.0,100,398.92,446.0,0,0.0,0.0,,0.0,1,4.73,2.92,SPY230519C00426000,426.0,normalDay
2023-03-09,15885.0,-5178.0,0.0,100,391.56,446.0,0,0.0,0.0,,0.0,1,4.73,2.07,SPY230519C00426000,426.0,normalDay
2023-03-10,15885.0,-5668.0,0.0,100,385.91,446.0,0,0.0,0.0,,0.0,1,4.73,1.32,SPY230519C00426000,426.0,normalDay
2023-03-13,15885.0,-5731.0,0.0,100,385.36,446.0,0,0.0,0.0,,0.0,1,4.73,1.4,SPY230519C00426000,426.0,normalDay
2023-03-14,15885.0,-5120.0,0.0,100,391.73,446.0,0,0.0,0.0,,0.0,1,4.73,1.66,SPY230519C00426000,426.0,normalDay
2023-03-15,15885.0,-5349.0,0.0,100,389.28,446.0,0,0.0,0.0,,0.0,1,4.73,1.5,SPY230519C00426000,426.0,normalDay
2023-03-16,15885.0,-4734.0,0.0,100,396.11,446.0,0,0.0,0.0,,0.0,1,4.73,2.18,SPY230519C00426000,426.0,normalDay
2023-03-17,15885.0,-5317.0,0.0,100,389.99,446.0,0,0.0,0.0,,0.0,1,4.73,1.89,SPY230519C00426000,426.0,normalDay
2023-03-20,15885.0,-4954.0,0.0,100,393.74,446.0,0,0.0,0.0,,0.0,1,4.73,2.01,SPY230519C00426000,426.0,normalDay
2023-03-21,15885.0,-4504.0,0.0,100,398.91,446.0,0,0.0,0.0,,0.0,1,4.73,2.68,SPY230519C00426000,426.0,normalDay
2023-03-22,15885.0,-5067.0,0.0,100,392.11,446.0,0,0.0,0.0,,0.0,1,4.73,1.51,SPY230519C00426000,426.0,normalDay
2023-03-23,15885.0,-4973.0,0.0,100,393.17,446.0,0,0.0,0.0,,0.0,1,4.73,1.63,SPY230519C00426000,426.0,normalDay
2023-03-24,15885.0,-4733.0,0.0,100,395.75,446.0,0,0.0,0.0,,0.0,1,4.73,1.81,SPY230519C00426000,426.0,normalDay
2023-03-27,15885.0,-4636.0,0.0,100,396.49,446.0,0,0.0,0.0,,0.0,1,4.73,1.58,SPY230519C00426000,426.0,normalDay
2023-03-28,15885.0,-4705.0,0.0,100,395.6,446.0,0,0.0,0.0,,0.0,1,4.73,1.38,SPY230519C00426000,426.0,normalDay
2023-03-29,15885.0,-4196.0,0.0,100,401.35,446.0,0,0.0,0.0,,0.0,1,4.73,2.04,SPY230519C00426000,426.0,normalDay
2023-03-30,15885.0,-3997.0,0.0,100,403.7,446.0,0,0.0,0.0,,0.0,1,4.73,2.4,SPY230519C00426000,426.0,normalDay
2023-03-31,15885.0,-3574.0,0.0,100,409.39,446.0,0,0.0,0.0,,0.0,1,4.73,3.86,SPY230519C00426000,426.0,normalDay
2023-04-03,15885.0,-3424.0,0.0,100,410.95,446.0,0,0.0,0.0,,0.0,1,4.73,3.92,SPY230519C00426000,426.0,normalDay
2023-04-04,15885.0,-3574.0,0.0,100,408.67,446.0,0,0.0,0.0,,0.0,1,4.73,3.14,SPY230519C00426000,426.0,normalDay
2023-04-05,15885.0,-3637.0,0.0,100,407.6,446.0,0,0.0,0.0,,0.0,1,4.73,2.7,SPY230519C00426000,426.0,normalDay
2023-04-06,15885.0,-3493.0,0.0,100,409.19,446.0,0,0.0,0.0,,0.0,1,4.73,2.85,SPY230519C00426000,426.0,normalDay
2023-04-10,15885.0,-3448.0,0.0,100,409.61,446.0,0,0.0,0.0,,0.0,1,4.73,2.82,SPY230519C00426000,426.0,normalDay
2023-04-11,15885.0,-3427.0,0.0,100,409.72,446.0,0,0.0,0.0,,0.0,1,4.73,2.72,SPY230519C00426000,426.0,normalDay
2023-04-12,15885.0,-3517.0,0.0,100,408.05,446.0,0,0.0,0.0,,0.0,1,4.73,1.95,SPY230519C00426000,426.0,normalDay
2023-04-13,15885.0,-3093.0,0.0,100,413.47,446.0,0,0.0,0.0,,0.0,1,4.73,3.13,SPY230519C00426000,426.0,normalDay
2023-04-14,15885.0,-3134.0,0.0,100,412.46,446.0,0,0.0,0.0,,0.0,1,4.73,2.53,SPY230519C00426000,426.0,normalDay
2023-04-17,15885.0,-2991.0,0.0,100,413.94,446.0,0,0.0,0.0,,0.0,1,4.73,2.58,SPY230519C00426000,426.0,normalDay
2023-04-18,15885.0,-2936.0,0.0,100,414.21,446.0,0,0.0,0.0,,0.0,1,4.73,2.3,SPY230519C00426000,426.0,normalDay
2023-04-19,15885.0,-2921.0,0.0,100,414.14,446.0,0,0.0,0.0,,0.0,1,4.73,2.08,SPY230519C00426000,426.0,normalDay
2023-04-20,15885.0,-3090.0,0.0,100,411.88,446.0,0,0.0,0.0,,0.0,1,4.73,1.51,SPY230519C00426000,426.0,normalDay
2023-04-21,15885.0,-3040.0,0.0,100,412.2,446.0,0,0.0,0.0,,0.0,1,4.73,1.33,SPY230519C00426000,426.0,normalDay
2023-04-24,15885.0,-2986.0,0.0,100,412.63,446.0,0,0.0,0.0,,0.0,1,4.73,1.22,SPY230519C00426000,426.0,normalDay
2023-04-25,15885.0,-3577.0,0.0,100,406.08,446.0,0,0.0,0.0,,0.0,1,4.73,0.58,SPY230519C00426000,426.0,normalDay
2023-04-26,15885.0,-3721.0,0.0,100,404.36,446.0,0,0.0,0.0,,0.0,1,4.73,0.3,SPY230519C00426000,426.0,normalDay
2023-04-27,15885.0,-2997.0,0.0,100,412.41,446.0,0,0.0,0.0,,0.0,1,4.73,1.11,SPY230519C00426000,426.0,normalDay
2023-04-28,15885.0,-2678.0,0.0,100,415.93,446.0,0,0.0,0.0,,0.0,1,4.73,1.44,SPY230519C00426000,426.0,normalDay
2023-05-01,15885.0,-2692.0,0.0,100,415.51,446.0,0,0.0,0.0,,0.0,1,4.73,1.16,SPY230519C00426000,426.0,normalDay
2023-05-02,15885.0,-3095.0,0.0,100,410.84,446.0,0,0.0,0.0,,0.0,1,4.73,0.52,SPY230519C00426000,426.0,normalDay
2023-05-03,15885.0,-3360.0,0.0,100,408.02,446.0,0,0.0,0.0,,0.0,1,4.73,0.35,SPY230519C00426000,426.0,normalDay
2023-05-04,15885.0,-3630.0,0.0,100,405.13,446.0,0,0.0,0.0,,0.0,1,4.73,0.16,SPY230519C00426000,426.0,normalDay
2023-05-05,15885.0,-2895.0,0.0,100,412.63,446.0,0,0.0,0.0,,0.0,1,4.73,0.31,SPY230519C00426000,426.0,normalDay
2023-05-08,15885.0,-2871.0,0.0,100,412.74,446.0,0,0.0,0.0,,0.0,1,4.73,0.18,SPY230519C00426000,426.0,normalDay
2023-05-09,15885.0,-3047.0,0.0,100,410.93,446.0,0,0.0,0.0,,0.0,1,4.73,0.13,SPY230519C00426000,426.0,normalDay
2023-05-10,15885.0,-2854.0,0.0,100,412.85,446.0,0,0.0,0.0,,0.0,1,4.73,0.12,SPY230519C00426000,426.0,normalDay
2023-05-11,15885.0,-2919.0,0.0,100,412.13,446.0,0,0.0,0.0,,0.0,1,4.73,0.05,SPY230519C00426000,426.0,normalDay
2023-05-12,15885.0,-2970.0,0.0,100,411.59,446.0,0,0.0,0.0,,0.0,1,4.73,0.02,SPY230519C00426000,426.0,normalDay
2023-05-15,15885.0,-2828.0,0.0,100,413.01,446.0,0,0.0,0.0,,0.0,1,4.73,0.02,SPY230519C00426000,426.0,normalDay
2023-05-16,15885.0,-3104.0,0.0,100,410.25,446.0,0,0.0,0.0,,0.0,1,4.73,0.02,SPY230519C00426000,426.0,normalDay
2023-05-17,15885.0,-2607.0,0.0,100,415.23,446.0,0,0.0,0.0,,0.0,1,4.73,0.03,SPY230519C00426000,426.0,normalDay
2023-05-18,15885.0,-2209.0,0.0,100,419.23,446.0,0,0.0,0.0,,0.0,1,4.73,0.05,SPY230519C00426000,426.0,normalDay
2023-05-19,16358.0,-2738.0,473.0,100,418.62,446.0,0,0.0,0.0,,0.0,1,4.73,0.0,SPY230519C00426000,426.0,expirationDay
2023-05-22,16358.0,-2726.0,0.0,100,418.79,446.0,0,0.0,0.0,,0.0,1,5.63,5.68,SPY230721C00428000,428.0,normalDay
2023-05-23,16358.0,-3019.0,0.0,100,414.09,446.0,0,0.0,0.0,,0.0,1,5.63,3.91,SPY230721C00428000,428.0,normalDay
2023-05-24,16358.0,-3248.0,0.0,100,411.09,446.0,0,0.0,0.0,,0.0,1,5.63,3.2,SPY230721C00428000,428.0,normalDay
2023-05-25,16358.0,-2965.0,0.0,100,414.65,446.0,0,0.0,0.0,,0.0,1,5.63,3.93,SPY230721C00428000,428.0,normalDay
2023-05-26,16358.0,-2628.0,0.0,100,420.02,446.0,0,0.0,0.0,,0.0,1,5.63,5.93,SPY230721C00428000,428.0,normalDay
2023-05-30,16358.0,-2574.0,0.0,100,420.18,446.0,0,0.0,0.0,,0.0,1,5.63,5.55,SPY230721C00428000,428.0,normalDay
2023-05-31,16358.0,-2674.0,0.0,100,417.85,446.0,0,0.0,0.0,,0.0,1,5.63,4.22,SPY230721C00428000,428.0,normalDay
2023-06-01,16358.0,-2401.0,0.0,100,421.82,446.0,0,0.0,0.0,,0.0,1,5.63,5.46,SPY230721C00428000,428.0,normalDay
2023-06-02,16358.0,-2084.0,0.0,100,427.92,446.0,0,0.0,0.0,,0.0,1,5.63,8.39,SPY230721C00428000,428.0,normalDay
2023-06-05,16358.0,-2094.0,0.0,100,427.1,446.0,0,0.0,0.0,,0.0,1,5.63,7.67,SPY230721C00428000,428.0,normalDay
2023-06-06,16358.0,-2017.0,0.0,100,428.03,446.0,0,0.0,0.0,,0.0,1,5.63,7.83,SPY230721C00428000,428.0,normalDay
2023-06-07,16358.0,-2047.0,0.0,100,426.55,446.0,0,0.0,0.0,,0.0,1,5.63,6.65,SPY230721C00428000,428.0,normalDay
2023-06-08,16358.0,-1897.0,0.0,100,429.13,446.0,0,0.0,0.0,,0.0,1,5.63,7.73,SPY230721C00428000,428.0,normalDay
2023-06-09,16358.0,-1906.0,0.0,100,429.9,446.0,0,0.0,0.0,,0.0,1,5.63,8.59,SPY230721C00428000,428.0,normalDay
2023-06-12,16358.0,-1766.0,0.0,100,433.8,446.0,0,0.0,0.0,,0.0,1,5.63,11.09,SPY230721C00428000,428.0,normalDay
2023-06-13,16358.0,-1689.0,0.0,100,436.66,446.0,0,0.0,0.0,,0.0,1,5.63,13.18,SPY230721C00428000,428.0,normalDay
2023-06-14,16358.0,-1671.0,0.0,100,437.18,446.0,0,0.0,0.0,,0.0,1,5.63,13.52,SPY230721C00428000,428.0,normalDay
2023-06-15,16358.0,-1509.0,0.0,100,442.6,446.0,0,0.0,0.0,,0.0,1,5.63,17.32,SPY230721C00428000,428.0,normalDay
2023-06-16,16358.0,-1746.0,0.0,100,439.46,446.0,0,0.0,0.0,,0.0,1,5.63,16.55,SPY230721C00428000,428.0,normalDay
2023-06-20,16358.0,-1683.0,0.0,100,437.18,446.0,0,0.0,0.0,,0.0,1,5.63,13.64,SPY230721C00428000,428.0,normalDay
2023-06-21,16358.0,-1749.0,0.0,100,434.94,446.0,0,0.0,0.0,,0.0,1,5.63,12.06,SPY230721C00428000,428.0,normalDay
2023-06-22,16358.0,-1649.0,0.0,100,436.51,446.0,0,0.0,0.0,,0.0,1,5.63,12.63,SPY230721C00428000,428.0,normalDay
2023-06-23,16358.0,-1721.0,0.0,100,433.21,446.0,0,0.0,0.0,,0.0,1,5.63,10.05,SPY230721C00428000,428.0,normalDay
2023-06-26,16358.0,-1757.0,0.0,100,431.44,446.0,0,0.0,0.0,,0.0,1,5.63,8.64,SPY230721C00428000,428.0,normalDay
2023-06-27,16358.0,-1596.0,0.0,100,436.17,446.0,0,0.0,0.0,,0.0,1,5.63,11.76,SPY230721C00428000,428.0,normalDay
2023-06-28,16358.0,-1629.0,0.0,100,436.39,446.0,0,0.0,0.0,,0.0,1,5.63,12.31,SPY230721C00428000,428.0,normalDay
2023-06-29,16358.0,-1542.0,0.0,100,438.11,446.0,0,0.0,0.0,,0.0,1,5.63,13.16,SPY230721C00428000,428.0,normalDay
2023-06-30,16358.0,-1484.0,0.0,100,443.28,446.0,0,0.0,0.0,,0.0,1,5.63,17.75,SPY230721C00428000,428.0,normalDay
2023-07-03,16358.0,-1459.0,0.0,100,443.79,446.0,0,0.0,0.0,,0.0,1,5.63,18.01,SPY230721C00428000,428.0,normalDay
2023-07-05,16358.0,-1422.0,0.0,100,443.13,446.0,0,0.0,0.0,,0.0,1,5.63,16.98,SPY230721C00428000,428.0,normalDay
2023-07-06,16358.0,-1463.0,0.0,100,439.66,446.0,0,0.0,0.0,,0.0,1,5.63,13.92,SPY230721C00428000,428.0,normalDay
2023-07-07,16358.0,-1463.0,0.0,100,438.55,446.0,0,0.0,0.0,,0.0,1,5.63,12.81,SPY230721C00428000,428.0,normalDay
2023-07-10,16358.0,-1415.0,0.0,100,439.66,446.0,0,0.0,0.0,,0.0,1,5.63,13.44,SPY230721C00428000,428.0,normalDay
2023-07-11,16358.0,-1351.0,0.0,100,442.46,446.0,0,0.0,0.0,,0.0,1,5.63,15.6,SPY230721C00428000,428.0,normalDay
2023-07-12,16358.0,-1359.0,0.0,100,446.02,446.0,0,0.0,0.0,,0.0,1,5.63,19.24,SPY230721C00428000,428.0,normalDay
2023-07-13,16358.0,-1296.0,0.0,100,449.56,446.0,0,0.0,0.0,,0.0,1,5.63,22.15,SPY230721C00428000,428.0,normalDay
2023-07-14,16358.0,-1265.0,0.0,100,449.28,446.0,0,0.0,0.0,,0.0,1,5.63,21.56,SPY230721C00428000,428.0,normalDay
2023-07-17,16358.0,-1246.0,0.0,100,450.84,446.0,0,0.0,0.0,,0.0,1,5.63,22.93,SPY230721C00428000,428.0,normalDay
2023-07-18,16358.0,-1264.0,0.0,100,454.19,446.0,0,0.0,0.0,,0.0,1,5.63,26.46,SPY230721C00428000,428.0,normalDay
2023-07-19,16358.0,-1261.0,0.0,100,455.2,446.0,0,0.0,0.0,,0.0,1,5.63,27.44,SPY230721C00428000,428.0,normalDay
2023-07-20,16358.0,-1286.0,0.0,100,452.18,446.0,0,0.0,0.0,,0.0,1,5.63,24.67,SPY230721C00428000,428.0,normalDay
2023-07-21,15121.0,-1286.0,-1237.0,0,452.18,0.0,0,0.0,0.0,,0.0,1,5.63,0.0,SPY230721C00428000,428.0,expirationDay
2023-07-24,15121.0,-3.0,0.0,0,454.2,0.0,1,1.07,1.1,SPY230811P00441000,441.0,0,0.0,0.0,,0.0,normalDay
2023-07-25,15121.0,13.0,0.0,0,455.44,0.0,1,1.07,0.94,SPY230811P00441000,441.0,0,0.0,0.0,,0.0,normalDay
2023-07-26,15121.0,39.0,0.0,0,455.51,0.0,1,1.07,0.68,SPY230811P00441000,441.0,0,0.0,0.0,,0.0,normalDay
2023-07-27,15121.0,-7.0,0.0,0,452.49,0.0,1,1.07,1.14,SPY230811P00441000,441.0,0,0.0,0.0,,0.0,normalDay
2023-07-28,15121.0,60.0,0.0,0,456.92,0.0,1,1.07,0.47,SPY230811P00441000,441.0,0,0.0,0.0,,0.0,normalDay
2023-07-31,15121.0,71.0,0.0,0,457.79,0.0,1,1.07,0.36,SPY230811P00441000,441.0,0,0.0,0.0,,0.0,normalDay
2023-08-01,15121.0,69.0,0.0,0,456.48,0.0,1,1.07,0.38,SPY230811P00441000,441.0,0,0.0,0.0,,0.0,normalDay
2023-08-02,15121.0,-5.0,0.0,0,450.13,0.0,1,1.07,1.12,SPY230811P00441000,441.0,0,0.0,0.0,,0.0,normalDay
2023-08-03,15121.0,10.0,0.0,0,448.84,0.0,1,1.07,0.97,SPY230811P00441000,441.0,0,0.0,0.0,,0.0,normalDay
2023-08-04,15121.0,-37.0,0.0,0,446.81,0.0,1,1.07,1.44,SPY230811P00441000,441.0,0,0.0,0.0,,0.0,normalDay
2023-08-07,15121.0,69.0,0.0,0,450.71,0.0,1,1.07,0.38,SPY230811P00441000,441.0,0,0.0,0.0,,0.0,normalDay
2023-08-08,15121.0,65.0,0.0,0,448.75,0.0,1,1.07,0.42,SPY230811P00441000,441.0,0,0.0,0.0,,0.0,normalDay
2023-08-09,15121.0,38.0,0.0,0,445.75,0.0,1,1.07,0.69,SPY230811P00441000,441.0,0,0.0,0.0,,0.0,normalDay
2023-08-10,15121.0,76.0,0.0,0,445.91,0.0,1,1.07,0.31,SPY230811P00441000,441.0,0,0.0,0.0,,0.0,normalDay
2023-08-11,15228.0,0.0,107.0,0,445.65,0.0,1,1.07,0.0,SPY230811P00441000,441.0,0,0.0,0.0,,0.0,expirationDay
2023-08-14,15228.0,-3.0,0.0,0,448.11,0.0,1,5.38,5.41,SPY230901P00450000,450.0,0,0.0,0.0,,0.0,normalDay
2023-08-15,15228.0,-344.0,0.0,0,442.89,0.0,1,5.38,8.82,SPY230901P00450000,450.0,0,0.0,0.0,,0.0,normalDay
2023-08-16,15228.0,-555.0,0.0,0,439.64,0.0,1,5.38,10.93,SPY230901P00450000,450.0,0,0.0,0.0,,0.0,normalDay
2023-08-17,15228.0,-873.0,0.0,0,436.29,0.0,1,5.38,14.11,SPY230901P00450000,450.0,0,0.0,0.0,,0.0,normalDay
2023-08-18,15228.0,-833.0,0.0,0,436.5,0.0,1,5.38,13.71,SPY230901P00450000,450.0,0,0.0,0.0,,0.0,normalDay
2023-08-21,15228.0,-597.0,0.0,0,439.34,0.0,1,5.38,11.35,SPY230901P00450000,450.0,0,0.0,0.0,,0.0,normalDay
2023-08-22,15228.0,-669.0,0.0,0,438.15,0.0,1,5.38,12.07,SPY230901P00450000,450.0,0,0.0,0.0,,0.0,normalDay
2023-08-23,15228.0,-237.0,0.0,0,443.03,0.0,1,5.38,7.75,SPY230901P00450000,450.0,0,0.0,0.0,,0.0,normalDay
2023-08-24,15228.0,-791.0,0.0,0,436.89,0.0,1,5.38,13.29,SPY230901P00450000,450.0,0,0.0,0.0,,0.0,normalDay
2023-08-25,15228.0,-480.0,0.0,0,439.97,0.0,1,5.38,10.18,SPY230901P00450000,450.0,0,0.0,0.0,,0.0,normalDay
2023-08-28,15228.0,-200.0,0.0,0,442.76,0.0,1,5.38,7.38,SPY230901P00450000,450.0,0,0.0,0.0,,0.0,normalDay
2023-08-29,15228.0,291.0,0.0,0,449.16,0.0,1,5.38,2.47,SPY230901P00450000,450.0,0,0.0,0.0,,0.0,normalDay
2023-08-30,15228.0,409.0,0.0,0,451.01,0.0,1,5.38,1.29,SPY230901P00450000,450.0,0,0.0,0.0,,0.0,normalDay
2023-08-31,15228.0,439.0,0.0,0,450.35,0.0,1,5.38,0.99,SPY230901P00450000,450.0,0,0.0,0.0,,0.0,normalDay
2023-09-01,15766.0,0.0,538.0,0,451.19,0.0,1,5.38,0.0,SPY230901P00450000,450.0,0,0.0,0.0,,0.0,expirationDay
2023-09-05,15766.0,-3.0,0.0,0,449.24,0.0,1,2.12,2.15,SPY230922P00441000,441.0,0,0.0,0.0,,0.0,normalDay
2023-09-06,15766.0,-85.0,0.0,0,446.22,0.0,1,2.12,2.97,SPY230922P00441000,441.0,0,0.0,0.0,,0.0,normalDay
2023-09-07,15766.0,-116.0,0.0,0,444.85,0.0,1,2.12,3.28,SPY230922P00441000,441.0,0,0.0,0.0,,0.0,normalDay
2023-09-08,15766.0,-40.0,0.0,0,445.52,0.0,1,2.12,2.52,SPY230922P00441000,441.0,0,0.0,0.0,,0.0,normalDay
2023-09-11,15766.0,56.0,0.0,0,448.45,0.0,1,2.12,1.56,SPY230922P00441000,441.0,0,0.0,0.0,,0.0,normalDay
2023-09-12,15766.0,-4.0,0.0,0,445.99,0.0,1,2.12,2.16,SPY230922P00441000,441.0,0,0.0,0.0,,0.0,normalDay
2023-09-13,15766.0,61.0,0.0,0,446.51,0.0,1,2.12,1.51,SPY230922P00441000,441.0,0,0.0,0.0,,0.0,normalDay
2023-09-14,15766.0,155.0,0.0,0,450.36,0.0,1,2.12,0.57,SPY230922P00441000,441.0,0,0.0,0.0,,0.0,normalDay
2023-09-15,15766.0,47.0,0.0,0,443.37,0.0,1,2.12,1.65,SPY230922P00441000,441.0,0,0.0,0.0,,0.0,normalDay
2023-09-18,15766.0,78.0,0.0,0,443.63,0.0,1,2.12,1.34,SPY230922P00441000,441.0,0,0.0,0.0,,0.0,normalDay
2023-09-19,15766.0,63.0,0.0,0,442.71,0.0,1,2.12,1.49,SPY230922P00441000,441.0,0,0.0,0.0,,0.0,normalDay
2023-09-20,15766.0,-125.0,0.0,0,438.64,0.0,1,2.12,3.37,SPY230922P00441000,441.0,0,0.0,0.0,,0.0,normalDay
2023-09-21,15766.0,-770.0,0.0,0,431.39,0.0,1,2.12,9.82,SPY230922P00441000,441.0,0,0.0,0.0,,0.0,normalDay
2023-09-22,15978.0,-1058.0,212.0,100,430.42,441.0,1,2.12,0.0,SPY230922P00441000,441.0,0,0.0,0.0,,0.0,expirationDay
2023-09-25,15978.0,-881.0,0.0,100,432.23,441.0,0,0.0,0.0,,0.0,1,1.38,1.42,SPY231215C00467000,467.0,normalDay
2023-09-26,15978.0,-1477.0,0.0,100,425.88,441.0,0,0.0,0.0,,0.0,1,1.38,1.03,SPY231215C00467000,467.0,normalDay
2023-09-27,15978.0,-1452.0,0.0,100,426.05,441.0,0,0.0,0.0,,0.0,1,1.38,0.95,SPY231215C00467000,467.0,normalDay
2023-09-28,15978.0,-1214.0,0.0,100,428.52,441.0,0,0.0,0.0,,0.0,1,1.38,1.04,SPY231215C00467000,467.0,normalDay
2023-09-29,15978.0,-1310.0,0.0,100,427.48,441.0,0,0.0,0.0,,0.0,1,1.38,0.96,SPY231215C00467000,467.0,normalDay
2023-10-02,15978.0,-1319.0,0.0,100,427.31,441.0,0,0.0,0.0,,0.0,1,1.38,0.88,SPY231215C00467000,467.0,normalDay
2023-10-03,15978.0,-1872.0,0.0,100,421.59,441.0,0,0.0,0.0,,0.0,1,1.38,0.69,SPY231215C00467000,467.0,normalDay
2023-10-04,15978.0,-1573.0,0.0,100,424.66,441.0,0,0.0,0.0,,0.0,1,1.38,0.77,SPY231215C00467000,467.0,normalDay
2023-10-05,15978.0,-1581.0,0.0,100,424.5,441.0,0,0.0,0.0,,0.0,1,1.38,0.69,SPY231215C00467000,467.0,normalDay
2023-10-06,15978.0,-1115.0,0.0,100,429.54,441.0,0,0.0,0.0,,0.0,1,1.38,1.07,SPY231215C00467000,467.0,normalDay
2023-10-09,15978.0,-858.0,0.0,100,432.29,441.0,0,0.0,0.0,,0.0,1,1.38,1.25,SPY231215C00467000,467.0,normalDay
2023-10-10,15978.0,-644.0,0.0,100,434.54,441.0,0,0.0,0.0,,0.0,1,1.38,1.36,SPY231215C00467000,467.0,normalDay
2023-10-11,15978.0,-475.0,0.0,100,436.32,441.0,0,0.0,0.0,,0.0,1,1.38,1.45,SPY231215C00467000,467.0,normalDay
2023-10-12,15978.0,-694.0,0.0,100,433.66,441.0,0,0.0,0.0,,0.0,1,1.38,0.98,SPY231215C00467000,467.0,normalDay
2023-10-13,15978.0,-903.0,0.0,100,431.5,441.0,0,0.0,0.0,,0.0,1,1.38,0.91,SPY231215C00467000,467.0,normalDay
2023-10-16,15978.0,-469.0,0.0,100,436.04,441.0,0,0.0,0.0,,0.0,1,1.38,1.11,SPY231215C00467000,467.0,normalDay
2023-10-17,15978.0,-469.0,0.0,100,436.02,441.0,0,0.0,0.0,,0.0,1,1.38,1.09,SPY231215C00467000,467.0,normalDay
2023-10-18,15978.0,-1013.0,0.0,100,430.21,441.0,0,0.0,0.0,,0.0,1,1.38,0.72,SPY231215C00467000,467.0,normalDay
2023-10-19,15978.0,-1365.0,0.0,100,426.43,441.0,0,0.0,0.0,,0.0,1,1.38,0.46,SPY231215C00467000,467.0,normalDay
2023-10-20,15978.0,-1876.0,0.0,100,421.19,441.0,0,0.0,0.0,,0.0,1,1.38,0.33,SPY231215C00467000,467.0,normalDay
2023-10-23,15978.0,-1942.0,0.0,100,420.46,441.0,0,0.0,0.0,,0.0,1,1.38,0.26,SPY231215C00467000,467.0,normalDay
2023-10-24,15978.0,-1629.0,0.0,100,423.63,441.0,0,0.0,0.0,,0.0,1,1.38,0.3,SPY231215C00467000,467.0,normalDay
2023-10-25,15978.0,-2226.0,0.0,100,417.55,441.0,0,0.0,0.0,,0.0,1,1.38,0.19,SPY231215C00467000,467.0,normalDay
2023-10-26,15978.0,-2721.0,0.0,100,412.55,441.0,0,0.0,0.0,,0.0,1,1.38,0.14,SPY231215C00467000,467.0,normalDay
2023-10-27,15978.0,-2906.0,0.0,100,410.68,441.0,0,0.0,0.0,,0.0,1,1.38,0.12,SPY231215C00467000,467.0,normalDay
2023-10-30,15978.0,-2416.0,0.0,100,415.59,441.0,0,0.0,0.0,,0.0,1,1.38,0.13,SPY231215C00467000,467.0,normalDay
2023-10-31,15978.0,-2153.0,0.0,100,418.2,441.0,0,0.0,0.0,,0.0,1,1.38,0.11,SPY231215C00467000,467.0,normalDay
2023-11-01,15978.0,-1711.0,0.0,100,422.66,441.0,0,0.0,0.0,,0.0,1,1.38,0.15,SPY231215C00467000,467.0,normalDay
2023-11-02,15978.0,-911.0,0.0,100,430.76,441.0,0,0.0,0.0,,0.0,1,1.38,0.25,SPY231215C00467000,467.0,normalDay
2023-11-03,15978.0,-526.0,0.0,100,434.69,441.0,0,0.0,0.0,,0.0,1,1.38,0.33,SPY231215C00467000,467.0,normalDay
2023-11-06,15978.0,-418.0,0.0,100,435.69,441.0,0,0.0,0.0,,0.0,1,1.38,0.25,SPY231215C00467000,467.0,normalDay
2023-11-07,15978.0,-295.0,0.0,100,436.93,441.0,0,0.0,0.0,,0.0,1,1.38,0.26,SPY231215C00467000,467.0,normalDay
2023-11-08,15978.0,-259.0,0.0,100,437.25,441.0,0,0.0,0.0,,0.0,1,1.38,0.22,SPY231215C00467000,467.0,normalDay
2023-11-09,15978.0,-591.0,0.0,100,433.84,441.0,0,0.0,0.0,,0.0,1,1.38,0.13,SPY231215C00467000,467.0,normalDay
2023-11-10,15978.0,67.0,0.0,100,440.61,441.0,0,0.0,0.0,,0.0,1,1.38,0.32,SPY231215C00467000,467.0,normalDay
2023-11-13,15978.0,31.0,0.0,100,440.19,441.0,0,0.0,0.0,,0.0,1,1.38,0.26,SPY231215C00467000,467.0,normalDay
2023-11-14,15978.0,808.0,0.0,100,448.73,441.0,0,0.0,0.0,,0.0,1,1.38,1.03,SPY231215C00467000,467.0,normalDay
2023-11-15,15978.0,914.0,0.0,100,449.68,441.0,0,0.0,0.0,,0.0,1,1.38,0.92,SPY231215C00467000,467.0,normalDay
2023-11-16,15978.0,971.0,0.0,100,450.23,441.0,0,0.0,0.0,,0.0,1,1.38,0.9,SPY231215C00467000,467.0,normalDay
2023-11-17,15978.0,1035.0,0.0,100,450.79,441.0,0,0.0,0.0,,0.0,1,1.38,0.82,SPY231215C00467000,467.0,normalDay
2023-11-20,15978.0,1342.0,0.0,100,454.26,441.0,0,0.0,0.0,,0.0,1,1.38,1.22,SPY231215C00467000,467.0,normalDay
2023-11-21,15978.0,1272.0,0.0,100,453.27,441.0,0,0.0,0.0,,0.0,1,1.38,0.93,SPY231215C00467000,467.0,normalDay
2023-11-22,15978.0,1441.0,0.0,100,455.02,441.0,0,0.0,0.0,,0.0,1,1.38,0.99,SPY231215C00467000,467.0,normalDay
2023-11-24,15978.0,1485.0,0.0,100,455.3,441.0,0,0.0,0.0,,0.0,1,1.38,0.83,SPY231215C00467000,467.0,normalDay
2023-11-27,15978.0,1422.0,0.0,100,454.48,441.0,0,0.0,0.0,,0.0,1,1.38,0.64,SPY231215C00467000,467.0,normalDay
2023-11-28,15978.0,1466.0,0.0,100,454.93,441.0,0,0.0,0.0,,0.0,1,1.38,0.65,SPY231215C00467000,467.0,normalDay
2023-11-29,15978.0,1431.0,0.0,100,454.61,441.0,0,0.0,0.0,,0.0,1,1.38,0.68,SPY231215C00467000,467.0,normalDay
2023-11-30,15978.0,1603.0,0.0,100,456.4,441.0,0,0.0,0.0,,0.0,1,1.38,0.75,SPY231215C00467000,467.0,normalDay
