date,totalCapital,unrializedPnL,rializedPnL,stocksOwned,stocksPriceToday,stocksPriceBoughtAt,putOwned,putOwnedSoldAt,putPriceToday,putOwnedContract,putOwnedStrike,callOwned,callOwnedSoldAt,callPriceToday,callOwnedContract,callOwnedStrike,trackType
2018-11-01,0.0,-5.0,0.0,0,273.51,0.0,1,3.02,3.07,SPY181221P00259000,259.0,0,0.0,0.0,,0.0,normalDay
2018-11-02,0.0,-28.0,0.0,0,271.89,0.0,1,3.02,3.3,SPY181221P00259000,259.0,0,0.0,0.0,,0.0,normalDay
2018-11-05,0.0,15.0,0.0,0,273.39,0.0,1,3.02,2.87,SPY181221P00259000,259.0,0,0.0,0.0,,0.0,normalDay
2018-11-06,0.0,54.0,0.0,0,275.12,0.0,1,3.02,2.48,SPY181221P00259000,259.0,0,0.0,0.0,,0.0,normalDay
2018-11-07,0.0,175.0,0.0,0,281.01,0.0,1,3.02,1.27,SPY181221P00259000,259.0,0,0.0,0.0,,0.0,normalDay
2018-11-08,0.0,172.0,0.0,0,280.5,0.0,1,3.02,1.3,SPY181221P00259000,259.0,0,0.0,0.0,,0.0,normalDay
2018-11-09,0.0,133.0,0.0,0,277.76,0.0,1,3.02,1.69,SPY181221P00259000,259.0,0,0.0,0.0,,0.0,normalDay
2018-11-12,0.0,33.0,0.0,0,272.57,0.0,1,3.02,2.69,SPY181221P00259000,259.0,0,0.0,0.0,,0.0,normalDay
2018-11-13,0.0,26.0,0.0,0,272.06,0.0,1,3.02,2.76,SPY181221P00259000,259.0,0,0.0,0.0,,0.0,normalDay
2018-11-14,0.0,-29.0,0.0,0,270.2,0.0,1,3.02,3.31,SPY181221P00259000,259.0,0,0.0,0.0,,0.0,normalDay
2018-11-15,0.0,62.0,0.0,0,273.02,0.0,1,3.02,2.4,SPY181221P00259000,259.0,0,0.0,0.0,,0.0,normalDay
2018-11-16,0.0,115.0,0.0,0,273.73,0.0,1,3.02,1.87,SPY181221P00259000,259.0,0,0.0,0.0,,0.0,normalDay
2018-11-19,0.0,16.0,0.0,0,269.1,0.0,1,3.02,2.86,SPY181221P00259000,259.0,0,0.0,0.0,,0.0,normalDay
2018-11-20,0.0,-167.0,0.0,0,264.12,0.0,1,3.02,4.69,SPY181221P00259000,259.0,0,0.0,0.0,,0.0,normalDay
2018-11-21,0.0,-85.0,0.0,0,265.02,0.0,1,3.02,3.87,SPY181221P00259000,259.0,0,0.0,0.0,,0.0,normalDay
2018-11-23,0.0,-153.0,0.0,0,263.25,0.0,1,3.02,4.55,SPY181221P00259000,259.0,0,0.0,0.0,,0.0,normalDay
2018-11-26,0.0,67.0,0.0,0,267.5,0.0,1,3.02,2.35,SPY181221P00259000,259.0,0,0.0,0.0,,0.0,normalDay
2018-11-27,0.0,74.0,0.0,0,268.4,0.0,1,3.02,2.28,SPY181221P00259000,259.0,0,0.0,0.0,,0.0,normalDay
2018-11-28,0.0,183.0,0.0,0,274.58,0.0,1,3.02,1.19,SPY181221P00259000,259.0,0,0.0,0.0,,0.0,normalDay
2018-11-29,0.0,172.0,0.0,0,273.98,0.0,1,3.02,1.3,SPY181221P00259000,259.0,0,0.0,0.0,,0.0,normalDay
2018-11-30,0.0,201.0,0.0,0,275.65,0.0,1,3.02,1.01,SPY181221P00259000,259.0,0,0.0,0.0,,0.0,normalDay
2018-12-03,0.0,258.0,0.0,0,279.3,0.0,1,3.02,0.44,SPY181221P00259000,259.0,0,0.0,0.0,,0.0,normalDay
2018-12-04,0.0,118.0,0.0,0,270.25,0.0,1,3.02,1.84,SPY181221P00259000,259.0,0,0.0,0.0,,0.0,normalDay
2018-12-06,0.0,123.0,0.0,0,269.84,0.0,1,3.02,1.79,SPY181221P00259000,259.0,0,0.0,0.0,,0.0,normalDay
2018-12-07,0.0,-70.0,0.0,0,263.57,0.0,1,3.02,3.72,SPY181221P00259000,259.0,0,0.0,0.0,,0.0,normalDay
2018-12-10,0.0,40.0,0.0,0,264.07,0.0,1,3.02,2.62,SPY181221P00259000,259.0,0,0.0,0.0,,0.0,normalDay
2018-12-11,0.0,68.0,0.0,0,264.13,0.0,1,3.02,2.34,SPY181221P00259000,259.0,0,0.0,0.0,,0.0,normalDay
2018-12-12,0.0,113.0,0.0,0,265.46,0.0,1,3.02,1.89,SPY181221P00259000,259.0,0,0.0,0.0,,0.0,normalDay
2018-12-13,0.0,156.0,0.0,0,265.37,0.0,1,3.02,1.46,SPY181221P00259000,259.0,0,0.0,0.0,,0.0,normalDay
2018-12-14,0.0,4.0,0.0,0,260.47,0.0,1,3.02,2.98,SPY181221P00259000,259.0,0,0.0,0.0,,0.0,normalDay
2018-12-17,0.0,-308.0,0.0,0,255.36,0.0,1,3.02,6.1,SPY181221P00259000,259.0,0,0.0,0.0,,0.0,normalDay
2018-12-18,0.0,-387.0,0.0,0,255.08,0.0,1,3.02,6.89,SPY181221P00259000,259.0,0,0.0,0.0,,0.0,normalDay
2018-12-19,0.0,-619.0,0.0,0,251.26,0.0,1,3.02,9.21,SPY181221P00259000,259.0,0,0.0,0.0,,0.0,normalDay
2018-12-20,0.0,-962.0,0.0,0,247.17,0.0,1,3.02,12.64,SPY181221P00259000,259.0,0,0.0,0.0,,0.0,normalDay
2018-12-21,302.0,-1830.0,302.0,100,240.7,259.0,1,3.02,0.0,SPY181221P00259000,259.0,0,0.0,0.0,,0.0,expirationDay
2018-12-24,302.0,-2466.0,0.0,100,234.34,259.0,0,0.0,0.0,,0.0,0,0.0,0.0,,0.0,bidTooLow
2018-12-26,302.0,-1282.0,0.0,100,246.18,259.0,0,0.0,0.0,,0.0,0,0.0,0.0,,0.0,bidTooLow
2018-12-27,302.0,-1099.0,0.0,100,248.07,259.0,0,0.0,0.0,,0.0,1,0.27,0.33,SPY190128C00275000,275.0,normalDay
2018-12-28,302.0,-1118.0,0.0,100,247.75,259.0,0,0.0,0.0,,0.0,1,0.27,0.2,SPY190128C00275000,275.0,normalDay
2018-12-31,302.0,-895.0,0.0,100,249.92,259.0,0,0.0,0.0,,0.0,1,0.27,0.14,SPY190128C00275000,275.0,normalDay
2019-01-02,302.0,-861.0,0.0,100,250.18,259.0,0,0.0,0.0,,0.0,1,0.27,0.06,SPY190128C00275000,275.0,normalDay
2019-01-03,302.0,-1455.0,0.0,100,244.21,259.0,0,0.0,0.0,,0.0,1,0.27,0.03,SPY190128C00275000,275.0,normalDay
2019-01-04,302.0,-640.0,0.0,100,252.39,259.0,0,0.0,0.0,,0.0,1,0.27,0.06,SPY190128C00275000,275.0,normalDay
2019-01-07,302.0,-441.0,0.0,100,254.38,259.0,0,0.0,0.0,,0.0,1,0.27,0.06,SPY190128C00275000,275.0,normalDay
2019-01-08,302.0,-203.0,0.0,100,256.77,259.0,0,0.0,0.0,,0.0,1,0.27,0.07,SPY190128C00275000,275.0,normalDay
2019-01-09,302.0,-84.0,0.0,100,257.97,259.0,0,0.0,0.0,,0.0,1,0.27,0.08,SPY190128C00275000,275.0,normalDay
2019-01-10,302.0,7.0,0.0,100,258.88,259.0,0,0.0,0.0,,0.0,1,0.27,0.08,SPY190128C00275000,275.0,normalDay
2019-01-11,302.0,20.0,0.0,100,258.98,259.0,0,0.0,0.0,,0.0,1,0.27,0.05,SPY190128C00275000,275.0,normalDay
2019-01-14,302.0,-137.0,0.0,100,257.4,259.0,0,0.0,0.0,,0.0,1,0.27,0.04,SPY190128C00275000,275.0,normalDay
2019-01-15,302.0,157.0,0.0,100,260.35,259.0,0,0.0,0.0,,0.0,1,0.27,0.05,SPY190128C00275000,275.0,normalDay
2019-01-16,302.0,219.0,0.0,100,260.98,259.0,0,0.0,0.0,,0.0,1,0.27,0.06,SPY190128C00275000,275.0,normalDay
2019-01-17,302.0,416.0,0.0,100,262.96,259.0,0,0.0,0.0,,0.0,1,0.27,0.07,SPY190128C00275000,275.0,normalDay
2019-01-18,302.0,756.0,0.0,100,266.46,259.0,0,0.0,0.0,,0.0,1,0.27,0.17,SPY190128C00275000,275.0,normalDay
2019-01-22,302.0,410.0,0.0,100,262.86,259.0,0,0.0,0.0,,0.0,1,0.27,0.03,SPY190128C00275000,275.0,normalDay
2019-01-23,302.0,467.0,0.0,100,263.41,259.0,0,0.0,0.0,,0.0,1,0.27,0.01,SPY190128C00275000,275.0,normalDay
2019-01-24,302.0,481.0,0.0,100,263.55,259.0,0,0.0,0.0,,0.0,1,0.27,0.01,SPY190128C00275000,275.0,normalDay
2019-01-25,302.0,704.0,0.0,100,265.78,259.0,0,0.0,0.0,,0.0,1,0.27,0.01,SPY190128C00275000,275.0,normalDay
2019-01-28,329.0,476.0,27.0,100,263.76,259.0,0,0.0,0.0,,0.0,1,0.27,0.0,SPY190128C00275000,275.0,expirationDay
2019-01-29,329.0,438.0,0.0,100,263.41,259.0,0,0.0,0.0,,0.0,1,0.4,0.43,SPY190301C00278000,278.0,normalDay
2019-01-30,329.0,816.0,0.0,100,267.58,259.0,0,0.0,0.0,,0.0,1,0.4,0.82,SPY190301C00278000,278.0,normalDay
2019-01-31,329.0,1009.0,0.0,100,269.93,259.0,0,0.0,0.0,,0.0,1,0.4,1.24,SPY190301C00278000,278.0,normalDay
2019-02-01,329.0,1043.0,0.0,100,270.06,259.0,0,0.0,0.0,,0.0,1,0.4,1.03,SPY190301C00278000,278.0,normalDay
2019-02-04,329.0,1213.0,0.0,100,271.96,259.0,0,0.0,0.0,,0.0,1,0.4,1.23,SPY190301C00278000,278.0,normalDay
2019-02-05,329.0,1301.0,0.0,100,273.1,259.0,0,0.0,0.0,,0.0,1,0.4,1.49,SPY190301C00278000,278.0,normalDay
2019-02-06,329.0,1289.0,0.0,100,272.74,259.0,0,0.0,0.0,,0.0,1,0.4,1.25,SPY190301C00278000,278.0,normalDay
2019-02-07,329.0,1090.0,0.0,100,270.14,259.0,0,0.0,0.0,,0.0,1,0.4,0.64,SPY190301C00278000,278.0,normalDay
2019-02-08,329.0,1133.0,0.0,100,270.47,259.0,0,0.0,0.0,,0.0,1,0.4,0.54,SPY190301C00278000,278.0,normalDay
2019-02-11,329.0,1150.0,0.0,100,270.62,259.0,0,0.0,0.0,,0.0,1,0.4,0.52,SPY190301C00278000,278.0,normalDay
2019-02-12,329.0,1411.0,0.0,100,274.1,259.0,0,0.0,0.0,,0.0,1,0.4,1.39,SPY190301C00278000,278.0,normalDay
2019-02-13,329.0,1485.0,0.0,100,274.99,259.0,0,0.0,0.0,,0.0,1,0.4,1.54,SPY190301C00278000,278.0,normalDay
2019-02-14,329.0,1449.0,0.0,100,274.38,259.0,0,0.0,0.0,,0.0,1,0.4,1.29,SPY190301C00278000,278.0,normalDay
2019-02-15,329.0,1652.0,0.0,100,277.37,259.0,0,0.0,0.0,,0.0,1,0.4,2.25,SPY190301C00278000,278.0,normalDay
2019-02-19,329.0,1722.0,0.0,100,277.85,259.0,0,0.0,0.0,,0.0,1,0.4,2.03,SPY190301C00278000,278.0,normalDay
2019-02-20,329.0,1751.0,0.0,100,278.41,259.0,0,0.0,0.0,,0.0,1,0.4,2.3,SPY190301C00278000,278.0,normalDay
2019-02-21,329.0,1710.0,0.0,100,277.42,259.0,0,0.0,0.0,,0.0,1,0.4,1.72,SPY190301C00278000,278.0,normalDay
2019-02-22,329.0,1823.0,0.0,100,279.14,259.0,0,0.0,0.0,,0.0,1,0.4,2.31,SPY190301C00278000,278.0,normalDay
2019-02-25,329.0,1832.0,0.0,100,279.52,259.0,0,0.0,0.0,,0.0,1,0.4,2.6,SPY190301C00278000,278.0,normalDay
2019-02-26,329.0,1854.0,0.0,100,279.32,259.0,0,0.0,0.0,,0.0,1,0.4,2.18,SPY190301C00278000,278.0,normalDay
2019-02-27,329.0,1869.0,0.0,100,279.2,259.0,0,0.0,0.0,,0.0,1,0.4,1.91,SPY190301C00278000,278.0,normalDay
2019-02-28,329.0,1893.0,0.0,100,278.68,259.0,0,0.0,0.0,,0.0,1,0.4,1.15,SPY190301C00278000,278.0,normalDay
2019-03-01,2269.0,1893.0,1940.0,0,280.42,0.0,0,0.0,0.0,,0.0,1,0.4,0.0,SPY190301C00278000,278.0,expirationDay
2019-03-04,2269.0,-4.0,0.0,0,279.4,0.0,1,2.0,2.04,SPY190418P00268000,268.0,0,0.0,0.0,,0.0,normalDay
2019-03-05,2269.0,-6.0,0.0,0,279.02,0.0,1,2.0,2.06,SPY190418P00268000,268.0,0,0.0,0.0,,0.0,normalDay
2019-03-06,2269.0,-46.0,0.0,0,277.33,0.0,1,2.0,2.46,SPY190418P00268000,268.0,0,0.0,0.0,,0.0,normalDay
2019-03-07,2269.0,-109.0,0.0,0,275.01,0.0,1,2.0,3.09,SPY190418P00268000,268.0,0,0.0,0.0,,0.0,normalDay
2019-03-08,2269.0,-107.0,0.0,0,274.46,0.0,1,2.0,3.07,SPY190418P00268000,268.0,0,0.0,0.0,,0.0,normalDay
2019-03-11,2269.0,17.0,0.0,0,278.44,0.0,1,2.0,1.83,SPY190418P00268000,268.0,0,0.0,0.0,,0.0,normalDay
2019-03-12,2269.0,50.0,0.0,0,279.49,0.0,1,2.0,1.5,SPY190418P00268000,268.0,0,0.0,0.0,,0.0,normalDay
2019-03-13,2269.0,90.0,0.0,0,281.34,0.0,1,2.0,1.1,SPY190418P00268000,268.0,0,0.0,0.0,,0.0,normalDay
2019-03-14,2269.0,88.0,0.0,0,281.16,0.0,1,2.0,1.12,SPY190418P00268000,268.0,0,0.0,0.0,,0.0,normalDay
2019-03-15,2269.0,110.0,0.0,0,281.31,0.0,1,2.0,0.9,SPY190418P00268000,268.0,0,0.0,0.0,,0.0,normalDay
2019-03-18,2269.0,126.0,0.0,0,282.33,0.0,1,2.0,0.74,SPY190418P00268000,268.0,0,0.0,0.0,,0.0,normalDay
2019-03-19,2269.0,119.0,0.0,0,282.4,0.0,1,2.0,0.81,SPY190418P00268000,268.0,0,0.0,0.0,,0.0,normalDay
2019-03-20,2269.0,111.0,0.0,0,281.55,0.0,1,2.0,0.89,SPY190418P00268000,268.0,0,0.0,0.0,,0.0,normalDay
2019-03-21,2269.0,139.0,0.0,0,284.73,0.0,1,2.0,0.61,SPY190418P00268000,268.0,0,0.0,0.0,,0.0,normalDay
2019-03-22,2269.0,58.0,0.0,0,279.25,0.0,1,2.0,1.42,SPY190418P00268000,268.0,0,0.0,0.0,,0.0,normalDay
2019-03-25,2269.0,68.0,0.0,0,279.04,0.0,1,2.0,1.32,SPY190418P00268000,268.0,0,0.0,0.0,,0.0,normalDay
2019-03-26,2269.0,120.0,0.0,0,281.12,0.0,1,2.0,0.8,SPY190418P00268000,268.0,0,0.0,0.0,,0.0,normalDay
2019-03-27,2269.0,106.0,0.0,0,279.65,0.0,1,2.0,0.94,SPY190418P00268000,268.0,0,0.0,0.0,,0.0,normalDay
2019-03-28,2269.0,132.0,0.0,0,280.71,0.0,1,2.0,0.68,SPY190418P00268000,268.0,0,0.0,0.0,,0.0,normalDay
2019-03-29,2269.0,158.0,0.0,0,282.48,0.0,1,2.0,0.42,SPY190418P00268000,268.0,0,0.0,0.0,,0.0,normalDay
2019-04-01,2269.0,177.0,0.0,0,285.83,0.0,1,2.0,0.23,SPY190418P00268000,268.0,0,0.0,0.0,,0.0,normalDay
2019-04-02,2269.0,180.0,0.0,0,285.97,0.0,1,2.0,0.2,SPY190418P00268000,268.0,0,0.0,0.0,,0.0,normalDay
2019-04-03,2269.0,181.0,0.0,0,286.42,0.0,1,2.0,0.19,SPY190418P00268000,268.0,0,0.0,0.0,,0.0,normalDay
2019-04-04,2269.0,186.0,0.0,0,287.18,0.0,1,2.0,0.14,SPY190418P00268000,268.0,0,0.0,0.0,,0.0,normalDay
2019-04-05,2269.0,192.0,0.0,0,288.57,0.0,1,2.0,0.08,SPY190418P00268000,268.0,0,0.0,0.0,,0.0,normalDay
2019-04-08,2269.0,193.0,0.0,0,288.79,0.0,1,2.0,0.07,SPY190418P00268000,268.0,0,0.0,0.0,,0.0,normalDay
2019-04-09,2269.0,192.0,0.0,0,287.31,0.0,1,2.0,0.08,SPY190418P00268000,268.0,0,0.0,0.0,,0.0,normalDay
2019-04-10,2269.0,195.0,0.0,0,288.29,0.0,1,2.0,0.05,SPY190418P00268000,268.0,0,0.0,0.0,,0.0,normalDay
2019-04-11,2269.0,196.0,0.0,0,288.21,0.0,1,2.0,0.04,SPY190418P00268000,268.0,0,0.0,0.0,,0.0,normalDay
2019-04-12,2269.0,198.0,0.0,0,290.16,0.0,1,2.0,0.02,SPY190418P00268000,268.0,0,0.0,0.0,,0.0,normalDay
2019-04-15,2269.0,198.0,0.0,0,289.97,0.0,1,2.0,0.02,SPY190418P00268000,268.0,0,0.0,0.0,,0.0,normalDay
2019-04-16,2269.0,199.0,0.0,0,290.16,0.0,1,2.0,0.01,SPY190418P00268000,268.0,0,0.0,0.0,,0.0,normalDay
2019-04-17,2269.0,199.0,0.0,0,289.45,0.0,1,2.0,0.01,SPY190418P00268000,268.0,0,0.0,0.0,,0.0,normalDay
2019-04-18,2469.0,0.0,200.0,0,290.02,0.0,1,2.0,0.0,SPY190418P00268000,268.0,0,0.0,0.0,,0.0,expirationDay
2019-04-22,2469.0,-3.0,0.0,0,290.27,0.0,1,1.13,1.16,SPY190531P00278000,278.0,0,0.0,0.0,,0.0,normalDay
2019-04-23,2469.0,20.0,0.0,0,292.88,0.0,1,1.13,0.93,SPY190531P00278000,278.0,0,0.0,0.0,,0.0,normalDay
2019-04-24,2469.0,8.0,0.0,0,292.23,0.0,1,1.13,1.05,SPY190531P00278000,278.0,0,0.0,0.0,,0.0,normalDay
2019-04-25,2469.0,3.0,0.0,0,292.05,0.0,1,1.13,1.1,SPY190531P00278000,278.0,0,0.0,0.0,,0.0,normalDay
2019-04-26,2469.0,23.0,0.0,0,293.41,0.0,1,1.13,0.9,SPY190531P00278000,278.0,0,0.0,0.0,,0.0,normalDay
2019-04-29,2469.0,30.0,0.0,0,293.87,0.0,1,1.13,0.83,SPY190531P00278000,278.0,0,0.0,0.0,,0.0,normalDay
2019-04-30,2469.0,33.0,0.0,0,294.02,0.0,1,1.13,0.8,SPY190531P00278000,278.0,0,0.0,0.0,,0.0,normalDay
2019-05-01,2469.0,-2.0,0.0,0,291.81,0.0,1,1.13,1.15,SPY190531P00278000,278.0,0,0.0,0.0,,0.0,normalDay
2019-05-02,2469.0,-3.0,0.0,0,291.18,0.0,1,1.13,1.16,SPY190531P00278000,278.0,0,0.0,0.0,,0.0,normalDay
2019-05-03,2469.0,43.0,0.0,0,294.03,0.0,1,1.13,0.7,SPY190531P00278000,278.0,0,0.0,0.0,,0.0,normalDay
2019-05-06,2469.0,10.0,0.0,0,292.82,0.0,1,1.13,1.03,SPY190531P00278000,278.0,0,0.0,0.0,,0.0,normalDay
2019-05-07,2469.0,-123.0,0.0,0,287.93,0.0,1,1.13,2.36,SPY190531P00278000,278.0,0,0.0,0.0,,0.0,normalDay
2019-05-08,2469.0,-121.0,0.0,0,287.53,0.0,1,1.13,2.34,SPY190531P00278000,278.0,0,0.0,0.0,,0.0,normalDay
2019-05-09,2469.0,-122.0,0.0,0,286.66,0.0,1,1.13,2.35,SPY190531P00278000,278.0,0,0.0,0.0,,0.0,normalDay
2019-05-10,2469.0,-33.0,0.0,0,288.1,0.0,1,1.13,1.46,SPY190531P00278000,278.0,0,0.0,0.0,,0.0,normalDay
2019-05-13,2469.0,-265.0,0.0,0,280.86,0.0,1,1.13,3.78,SPY190531P00278000,278.0,0,0.0,0.0,,0.0,normalDay
2019-05-14,2469.0,-126.0,0.0,0,283.4,0.0,1,1.13,2.39,SPY190531P00278000,278.0,0,0.0,0.0,,0.0,normalDay
2019-05-15,2469.0,-37.0,0.0,0,285.06,0.0,1,1.13,1.5,SPY190531P00278000,278.0,0,0.0,0.0,,0.0,normalDay
2019-05-16,2469.0,23.0,0.0,0,287.7,0.0,1,1.13,0.9,SPY190531P00278000,278.0,0,0.0,0.0,,0.0,normalDay
2019-05-17,2469.0,-11.0,0.0,0,285.84,0.0,1,1.13,1.24,SPY190531P00278000,278.0,0,0.0,0.0,,0.0,normalDay
2019-05-20,2469.0,-14.0,0.0,0,283.95,0.0,1,1.13,1.27,SPY190531P00278000,278.0,0,0.0,0.0,,0.0,normalDay
2019-05-21,2469.0,57.0,0.0,0,286.51,0.0,1,1.13,0.56,SPY190531P00278000,278.0,0,0.0,0.0,,0.0,normalDay
2019-05-22,2469.0,59.0,0.0,0,285.63,0.0,1,1.13,0.54,SPY190531P00278000,278.0,0,0.0,0.0,,0.0,normalDay
2019-05-23,2469.0,-23.0,0.0,0,282.14,0.0,1,1.13,1.36,SPY190531P00278000,278.0,0,0.0,0.0,,0.0,normalDay
2019-05-24,2469.0,30.0,0.0,0,282.78,0.0,1,1.13,0.83,SPY190531P00278000,278.0,0,0.0,0.0,,0.0,normalDay
2019-05-28,2469.0,0.0,0.0,0,280.15,0.0,1,1.13,1.13,SPY190531P00278000,278.0,0,0.0,0.0,,0.0,normalDay
2019-05-29,2469.0,-37.0,0.0,0,278.27,0.0,1,1.13,1.5,SPY190531P00278000,278.0,0,0.0,0.0,,0.0,normalDay
2019-05-30,2469.0,48.0,0.0,0,279.03,0.0,1,1.13,0.65,SPY190531P00278000,278.0,0,0.0,0.0,,0.0,normalDay
2019-05-31,2582.0,-273.0,113.0,100,275.27,278.0,1,1.13,0.0,SPY190531P00278000,278.0,0,0.0,0.0,,0.0,expirationDay
2019-06-03,2582.0,-346.0,0.0,100,274.57,278.0,0,0.0,0.0,,0.0,1,0.03,0.06,SPY190705C00299000,299.0,normalDay
2019-06-04,2582.0,244.0,0.0,100,280.53,278.0,0,0.0,0.0,,0.0,1,0.03,0.12,SPY190705C00299000,299.0,normalDay
2019-06-05,2582.0,481.0,0.0,100,282.96,278.0,0,0.0,0.0,,0.0,1,0.03,0.18,SPY190705C00299000,299.0,normalDay
2019-06-06,2582.0,657.0,0.0,100,284.8,278.0,0,0.0,0.0,,0.0,1,0.03,0.26,SPY190705C00299000,299.0,normalDay
2019-06-07,2582.0,919.0,0.0,100,287.65,278.0,0,0.0,0.0,,0.0,1,0.03,0.49,SPY190705C00299000,299.0,normalDay
2019-06-10,2582.0,1043.0,0.0,100,288.97,278.0,0,0.0,0.0,,0.0,1,0.03,0.57,SPY190705C00299000,299.0,normalDay
2019-06-11,2582.0,1044.0,0.0,100,288.9,278.0,0,0.0,0.0,,0.0,1,0.03,0.49,SPY190705C00299000,299.0,normalDay
2019-06-12,2582.0,1009.0,0.0,100,288.39,278.0,0,0.0,0.0,,0.0,1,0.03,0.33,SPY190705C00299000,299.0,normalDay
2019-06-13,2582.0,1116.0,0.0,100,289.58,278.0,0,0.0,0.0,,0.0,1,0.03,0.45,SPY190705C00299000,299.0,normalDay
2019-06-14,2582.0,1096.0,0.0,100,289.26,278.0,0,0.0,0.0,,0.0,1,0.03,0.33,SPY190705C00299000,299.0,normalDay
2019-06-17,2582.0,1113.0,0.0,100,289.37,278.0,0,0.0,0.0,,0.0,1,0.03,0.27,SPY190705C00299000,299.0,normalDay
2019-06-18,2582.0,1380.0,0.0,100,292.4,278.0,0,0.0,0.0,,0.0,1,0.03,0.63,SPY190705C00299000,299.0,normalDay
2019-06-19,2582.0,1445.0,0.0,100,293.06,278.0,0,0.0,0.0,,0.0,1,0.03,0.64,SPY190705C00299000,299.0,normalDay
2019-06-20,2582.0,1650.0,0.0,100,295.86,278.0,0,0.0,0.0,,0.0,1,0.03,1.39,SPY190705C00299000,299.0,normalDay
2019-06-21,2582.0,1481.0,0.0,100,294.0,278.0,0,0.0,0.0,,0.0,1,0.03,1.22,SPY190705C00299000,299.0,normalDay
2019-06-24,2582.0,1473.0,0.0,100,293.64,278.0,0,0.0,0.0,,0.0,1,0.03,0.94,SPY190705C00299000,299.0,normalDay
2019-06-25,2582.0,1243.0,0.0,100,290.76,278.0,0,0.0,0.0,,0.0,1,0.03,0.36,SPY190705C00299000,299.0,normalDay
2019-06-26,2582.0,1226.0,0.0,100,290.47,278.0,0,0.0,0.0,,0.0,1,0.03,0.24,SPY190705C00299000,299.0,normalDay
2019-06-27,2582.0,1325.0,0.0,100,291.5,278.0,0,0.0,0.0,,0.0,1,0.03,0.28,SPY190705C00299000,299.0,normalDay
2019-06-28,2582.0,1450.0,0.0,100,293.0,278.0,0,0.0,0.0,,0.0,1,0.03,0.53,SPY190705C00299000,299.0,normalDay
2019-07-01,2582.0,1749.0,0.0,100,295.66,278.0,0,0.0,0.0,,0.0,1,0.03,0.2,SPY190705C00299000,299.0,normalDay
2019-07-02,2582.0,1829.0,0.0,100,296.43,278.0,0,0.0,0.0,,0.0,1,0.03,0.17,SPY190705C00299000,299.0,normalDay
2019-07-03,2582.0,2010.0,0.0,100,298.8,278.0,0,0.0,0.0,,0.0,1,0.03,0.73,SPY190705C00299000,299.0,normalDay
2019-07-05,2585.0,2046.0,3.0,100,298.46,278.0,0,0.0,0.0,,0.0,1,0.03,0.0,SPY190705C00299000,299.0,expirationDay
2019-07-08,2585.0,1879.0,0.0,100,296.82,278.0,0,0.0,0.0,,0.0,1,1.43,1.46,SPY190809C00303000,303.0,normalDay
2019-07-09,2585.0,1909.0,0.0,100,297.19,278.0,0,0.0,0.0,,0.0,1,1.43,1.53,SPY190809C00303000,303.0,normalDay
2019-07-10,2585.0,2023.0,0.0,100,298.61,278.0,0,0.0,0.0,,0.0,1,1.43,1.81,SPY190809C00303000,303.0,normalDay
2019-07-11,2585.0,2077.0,0.0,100,299.31,278.0,0,0.0,0.0,,0.0,1,1.43,1.97,SPY190809C00303000,303.0,normalDay
2019-07-12,2585.0,2174.0,0.0,100,300.65,278.0,0,0.0,0.0,,0.0,1,1.43,2.34,SPY190809C00303000,303.0,normalDay
2019-07-15,2585.0,2197.0,0.0,100,300.75,278.0,0,0.0,0.0,,0.0,1,1.43,2.21,SPY190809C00303000,303.0,normalDay
2019-07-16,2585.0,2142.0,0.0,100,299.78,278.0,0,0.0,0.0,,0.0,1,1.43,1.79,SPY190809C00303000,303.0,normalDay
2019-07-17,2585.0,2004.0,0.0,100,297.74,278.0,0,0.0,0.0,,0.0,1,1.43,1.13,SPY190809C00303000,303.0,normalDay
2019-07-18,2585.0,2081.0,0.0,100,298.83,278.0,0,0.0,0.0,,0.0,1,1.43,1.45,SPY190809C00303000,303.0,normalDay
2019-07-19,2585.0,1972.0,0.0,100,297.17,278.0,0,0.0,0.0,,0.0,1,1.43,0.88,SPY190809C00303000,303.0,normalDay
2019-07-22,2585.0,2050.0,0.0,100,297.9,278.0,0,0.0,0.0,,0.0,1,1.43,0.83,SPY190809C00303000,303.0,normalDay
2019-07-23,2585.0,2215.0,0.0,100,300.03,278.0,0,0.0,0.0,,0.0,1,1.43,1.31,SPY190809C00303000,303.0,normalDay
2019-07-24,2585.0,2308.0,0.0,100,301.44,278.0,0,0.0,0.0,,0.0,1,1.43,1.79,SPY190809C00303000,303.0,normalDay
2019-07-25,2585.0,2222.0,0.0,100,300.0,278.0,0,0.0,0.0,,0.0,1,1.43,1.21,SPY190809C00303000,303.0,normalDay
2019-07-26,2585.0,2360.0,0.0,100,302.01,278.0,0,0.0,0.0,,0.0,1,1.43,1.84,SPY190809C00303000,303.0,normalDay
2019-07-29,2585.0,2331.0,0.0,100,301.46,278.0,0,0.0,0.0,,0.0,1,1.43,1.58,SPY190809C00303000,303.0,normalDay
2019-07-30,2585.0,2275.0,0.0,100,300.72,278.0,0,0.0,0.0,,0.0,1,1.43,1.4,SPY190809C00303000,303.0,normalDay
2019-07-31,2585.0,2037.0,0.0,100,297.43,278.0,0,0.0,0.0,,0.0,1,1.43,0.49,SPY190809C00303000,303.0,normalDay
2019-08-01,2585.0,1809.0,0.0,100,294.84,278.0,0,0.0,0.0,,0.0,1,1.43,0.18,SPY190809C00303000,303.0,normalDay
2019-08-02,2585.0,1601.0,0.0,100,292.62,278.0,0,0.0,0.0,,0.0,1,1.43,0.04,SPY190809C00303000,303.0,normalDay
2019-08-05,2585.0,723.0,0.0,100,283.82,278.0,0,0.0,0.0,,0.0,1,1.43,0.02,SPY190809C00303000,303.0,normalDay
2019-08-06,2585.0,1122.0,0.0,100,287.8,278.0,0,0.0,0.0,,0.0,1,1.43,0.01,SPY190809C00303000,303.0,normalDay
2019-08-07,2585.0,1139.0,0.0,100,287.97,278.0,0,0.0,0.0,,0.0,1,1.43,0.01,SPY190809C00303000,303.0,normalDay
2019-08-08,2585.0,1704.0,0.0,100,293.62,278.0,0,0.0,0.0,,0.0,1,1.43,0.01,SPY190809C00303000,303.0,normalDay
2019-08-09,2728.0,1362.0,143.0,100,291.62,278.0,0,0.0,0.0,,0.0,1,1.43,0.0,SPY190809C00303000,303.0,expirationDay
2019-08-12,2728.0,1004.0,0.0,100,288.07,278.0,0,0.0,0.0,,0.0,1,0.03,0.06,SPY190913C00313000,313.0,normalDay
2019-08-13,2728.0,1452.0,0.0,100,292.55,278.0,0,0.0,0.0,,0.0,1,0.03,0.06,SPY190913C00313000,313.0,normalDay
2019-08-14,2728.0,589.0,0.0,100,283.9,278.0,0,0.0,0.0,,0.0,1,0.03,0.04,SPY190913C00313000,313.0,normalDay
2019-08-15,2728.0,664.0,0.0,100,284.65,278.0,0,0.0,0.0,,0.0,1,0.03,0.04,SPY190913C00313000,313.0,normalDay
2019-08-16,2728.0,1084.0,0.0,100,288.85,278.0,0,0.0,0.0,,0.0,1,0.03,0.04,SPY190913C00313000,313.0,normalDay
2019-08-19,2728.0,1432.0,0.0,100,292.33,278.0,0,0.0,0.0,,0.0,1,0.03,0.04,SPY190913C00313000,313.0,normalDay
2019-08-20,2728.0,1208.0,0.0,100,290.09,278.0,0,0.0,0.0,,0.0,1,0.03,0.04,SPY190913C00313000,313.0,normalDay
2019-08-21,2728.0,1445.0,0.0,100,292.45,278.0,0,0.0,0.0,,0.0,1,0.03,0.03,SPY190913C00313000,313.0,normalDay
2019-08-22,2728.0,1436.0,0.0,100,292.36,278.0,0,0.0,0.0,,0.0,1,0.03,0.03,SPY190913C00313000,313.0,normalDay
2019-08-23,2728.0,686.0,0.0,100,284.85,278.0,0,0.0,0.0,,0.0,1,0.03,0.02,SPY190913C00313000,313.0,normalDay
2019-08-26,2728.0,1002.0,0.0,100,288.0,278.0,0,0.0,0.0,,0.0,1,0.03,0.01,SPY190913C00313000,313.0,normalDay
2019-08-27,2728.0,889.0,0.0,100,286.87,278.0,0,0.0,0.0,,0.0,1,0.03,0.01,SPY190913C00313000,313.0,normalDay
2019-08-28,2728.0,1091.0,0.0,100,288.89,278.0,0,0.0,0.0,,0.0,1,0.03,0.01,SPY190913C00313000,313.0,normalDay
2019-08-29,2728.0,1459.0,0.0,100,292.58,278.0,0,0.0,0.0,,0.0,1,0.03,0.02,SPY190913C00313000,313.0,normalDay
2019-08-30,2728.0,1447.0,0.0,100,292.45,278.0,0,0.0,0.0,,0.0,1,0.03,0.01,SPY190913C00313000,313.0,normalDay
2019-09-03,2728.0,1276.0,0.0,100,290.74,278.0,0,0.0,0.0,,0.0,1,0.03,0.01,SPY190913C00313000,313.0,normalDay
2019-09-04,2728.0,1606.0,0.0,100,294.04,278.0,0,0.0,0.0,,0.0,1,0.03,0.01,SPY190913C00313000,313.0,normalDay
2019-09-05,2728.0,1983.0,0.0,100,297.82,278.0,0,0.0,0.0,,0.0,1,0.03,0.02,SPY190913C00313000,313.0,normalDay
2019-09-06,2728.0,2007.0,0.0,100,298.05,278.0,0,0.0,0.0,,0.0,1,0.03,0.01,SPY190913C00313000,313.0,normalDay
2019-09-09,2728.0,2022.0,0.0,100,298.2,278.0,0,0.0,0.0,,0.0,1,0.03,0.01,SPY190913C00313000,313.0,normalDay
2019-09-10,2728.0,2015.0,0.0,100,298.13,278.0,0,0.0,0.0,,0.0,1,0.03,0.01,SPY190913C00313000,313.0,normalDay
2019-09-11,2728.0,2227.0,0.0,100,300.25,278.0,0,0.0,0.0,,0.0,1,0.03,0.01,SPY190913C00313000,313.0,normalDay
2019-09-12,2728.0,2331.0,0.0,100,301.29,278.0,0,0.0,0.0,,0.0,1,0.03,0.01,SPY190913C00313000,313.0,normalDay
2019-09-13,2731.0,2309.0,3.0,100,301.09,278.0,0,0.0,0.0,,0.0,1,0.03,0.0,SPY190913C00313000,313.0,expirationDay
2019-09-16,2731.0,2213.0,0.0,100,300.16,278.0,0,0.0,0.0,,0.0,1,0.48,0.51,SPY191018C00310000,310.0,normalDay
2019-09-17,2731.0,2282.0,0.0,100,300.92,278.0,0,0.0,0.0,,0.0,1,0.48,0.58,SPY191018C00310000,310.0,normalDay
2019-09-18,2731.0,2308.0,0.0,100,301.1,278.0,0,0.0,0.0,,0.0,1,0.48,0.5,SPY191018C00310000,310.0,normalDay
2019-09-19,2731.0,2310.0,0.0,100,301.08,278.0,0,0.0,0.0,,0.0,1,0.48,0.46,SPY191018C00310000,310.0,normalDay
2019-09-20,2731.0,2045.0,0.0,100,298.28,278.0,0,0.0,0.0,,0.0,1,0.48,0.31,SPY191018C00310000,310.0,normalDay
2019-09-23,2731.0,2048.0,0.0,100,298.21,278.0,0,0.0,0.0,,0.0,1,0.48,0.21,SPY191018C00310000,310.0,normalDay
2019-09-24,2731.0,1820.0,0.0,100,295.87,278.0,0,0.0,0.0,,0.0,1,0.48,0.15,SPY191018C00310000,310.0,normalDay
2019-09-25,2731.0,1995.0,0.0,100,297.62,278.0,0,0.0,0.0,,0.0,1,0.48,0.15,SPY191018C00310000,310.0,normalDay
2019-09-26,2731.0,1936.0,0.0,100,297.0,278.0,0,0.0,0.0,,0.0,1,0.48,0.12,SPY191018C00310000,310.0,normalDay
2019-09-27,2731.0,1780.0,0.0,100,295.4,278.0,0,0.0,0.0,,0.0,1,0.48,0.08,SPY191018C00310000,310.0,normalDay
2019-09-30,2731.0,1918.0,0.0,100,296.77,278.0,0,0.0,0.0,,0.0,1,0.48,0.07,SPY191018C00310000,310.0,normalDay
2019-10-01,2731.0,1568.0,0.0,100,293.24,278.0,0,0.0,0.0,,0.0,1,0.48,0.04,SPY191018C00310000,310.0,normalDay
2019-10-02,2731.0,1051.0,0.0,100,288.06,278.0,0,0.0,0.0,,0.0,1,0.48,0.03,SPY191018C00310000,310.0,normalDay
2019-10-03,2731.0,1288.0,0.0,100,290.42,278.0,0,0.0,0.0,,0.0,1,0.48,0.02,SPY191018C00310000,310.0,normalDay
2019-10-04,2731.0,1681.0,0.0,100,294.35,278.0,0,0.0,0.0,,0.0,1,0.48,0.02,SPY191018C00310000,310.0,normalDay
2019-10-07,2731.0,1554.0,0.0,100,293.08,278.0,0,0.0,0.0,,0.0,1,0.48,0.02,SPY191018C00310000,310.0,normalDay
2019-10-08,2731.0,1099.0,0.0,100,288.53,278.0,0,0.0,0.0,,0.0,1,0.48,0.02,SPY191018C00310000,310.0,normalDay
2019-10-09,2731.0,1374.0,0.0,100,291.27,278.0,0,0.0,0.0,,0.0,1,0.48,0.01,SPY191018C00310000,310.0,normalDay
2019-10-10,2731.0,1571.0,0.0,100,293.24,278.0,0,0.0,0.0,,0.0,1,0.48,0.01,SPY191018C00310000,310.0,normalDay
2019-10-11,2731.0,1874.0,0.0,100,296.28,278.0,0,0.0,0.0,,0.0,1,0.48,0.02,SPY191018C00310000,310.0,normalDay
2019-10-14,2731.0,1842.0,0.0,100,295.95,278.0,0,0.0,0.0,,0.0,1,0.48,0.01,SPY191018C00310000,310.0,normalDay
2019-10-15,2731.0,2135.0,0.0,100,298.88,278.0,0,0.0,0.0,,0.0,1,0.48,0.01,SPY191018C00310000,310.0,normalDay
2019-10-16,2731.0,2087.0,0.0,100,298.4,278.0,0,0.0,0.0,,0.0,1,0.48,0.01,SPY191018C00310000,310.0,normalDay
2019-10-17,2731.0,2175.0,0.0,100,299.28,278.0,0,0.0,0.0,,0.0,1,0.48,0.01,SPY191018C00310000,310.0,normalDay
2019-10-18,2779.0,1997.0,48.0,100,297.97,278.0,0,0.0,0.0,,0.0,1,0.48,0.0,SPY191018C00310000,310.0,expirationDay
2019-10-21,2779.0,2195.0,0.0,100,299.99,278.0,0,0.0,0.0,,0.0,1,1.63,1.67,SPY191122C00306000,306.0,normalDay
2019-10-22,2779.0,2129.0,0.0,100,299.01,278.0,0,0.0,0.0,,0.0,1,1.63,1.35,SPY191122C00306000,306.0,normalDay
2019-10-23,2779.0,2202.0,0.0,100,299.88,278.0,0,0.0,0.0,,0.0,1,1.63,1.49,SPY191122C00306000,306.0,normalDay
2019-10-24,2779.0,2260.0,0.0,100,300.37,278.0,0,0.0,0.0,,0.0,1,1.63,1.4,SPY191122C00306000,306.0,normalDay
2019-10-25,2779.0,2361.0,0.0,100,301.6,278.0,0,0.0,0.0,,0.0,1,1.63,1.62,SPY191122C00306000,306.0,normalDay
2019-10-28,2779.0,2465.0,0.0,100,303.3,278.0,0,0.0,0.0,,0.0,1,1.63,2.28,SPY191122C00306000,306.0,normalDay
2019-10-29,2779.0,2463.0,0.0,100,303.21,278.0,0,0.0,0.0,,0.0,1,1.63,2.21,SPY191122C00306000,306.0,normalDay
2019-10-30,2779.0,2531.0,0.0,100,304.14,278.0,0,0.0,0.0,,0.0,1,1.63,2.46,SPY191122C00306000,306.0,normalDay
2019-10-31,2779.0,2499.0,0.0,100,303.33,278.0,0,0.0,0.0,,0.0,1,1.63,1.97,SPY191122C00306000,306.0,normalDay
2019-11-01,2779.0,2662.0,0.0,100,306.14,278.0,0,0.0,0.0,,0.0,1,1.63,3.15,SPY191122C00306000,306.0,normalDay
2019-11-04,2779.0,2719.0,0.0,100,307.37,278.0,0,0.0,0.0,,0.0,1,1.63,3.81,SPY191122C00306000,306.0,normalDay
2019-11-05,2779.0,2709.0,0.0,100,307.03,278.0,0,0.0,0.0,,0.0,1,1.63,3.57,SPY191122C00306000,306.0,normalDay
2019-11-06,2779.0,2727.0,0.0,100,307.1,278.0,0,0.0,0.0,,0.0,1,1.63,3.46,SPY191122C00306000,306.0,normalDay
2019-11-07,2779.0,2776.0,0.0,100,308.18,278.0,0,0.0,0.0,,0.0,1,1.63,4.05,SPY191122C00306000,306.0,normalDay
2019-11-08,2779.0,2818.0,0.0,100,308.94,278.0,0,0.0,0.0,,0.0,1,1.63,4.39,SPY191122C00306000,306.0,normalDay
2019-11-11,2779.0,2809.0,0.0,100,308.35,278.0,0,0.0,0.0,,0.0,1,1.63,3.89,SPY191122C00306000,306.0,normalDay
2019-11-12,2779.0,2858.0,0.0,100,309.0,278.0,0,0.0,0.0,,0.0,1,1.63,4.05,SPY191122C00306000,306.0,normalDay
2019-11-13,2779.0,2849.0,0.0,100,309.1,278.0,0,0.0,0.0,,0.0,1,1.63,4.24,SPY191122C00306000,306.0,normalDay
2019-11-14,2779.0,2868.0,0.0,100,309.55,278.0,0,0.0,0.0,,0.0,1,1.63,4.5,SPY191122C00306000,306.0,normalDay
2019-11-15,2779.0,2926.0,0.0,100,311.79,278.0,0,0.0,0.0,,0.0,1,1.63,6.16,SPY191122C00306000,306.0,normalDay
2019-11-18,2779.0,2935.0,0.0,100,312.02,278.0,0,0.0,0.0,,0.0,1,1.63,6.3,SPY191122C00306000,306.0,normalDay
2019-11-19,2779.0,2954.0,0.0,100,311.93,278.0,0,0.0,0.0,,0.0,1,1.63,6.02,SPY191122C00306000,306.0,normalDay
2019-11-20,2779.0,2949.0,0.0,100,310.77,278.0,0,0.0,0.0,,0.0,1,1.63,4.91,SPY191122C00306000,306.0,normalDay
2019-11-21,2779.0,2945.0,0.0,100,310.27,278.0,0,0.0,0.0,,0.0,1,1.63,4.45,SPY191122C00306000,306.0,normalDay
2019-11-22,5742.0,2945.0,2963.0,0,310.96,0.0,0,0.0,0.0,,0.0,1,1.63,0.0,SPY191122C00306000,306.0,expirationDay
2019-11-25,5742.0,-3.0,0.0,0,313.37,0.0,1,2.67,2.7,SPY200117P00302000,302.0,0,0.0,0.0,,0.0,normalDay
2019-11-26,5742.0,25.0,0.0,0,314.08,0.0,1,2.67,2.42,SPY200117P00302000,302.0,0,0.0,0.0,,0.0,normalDay
2019-11-27,5742.0,47.0,0.0,0,315.48,0.0,1,2.67,2.2,SPY200117P00302000,302.0,0,0.0,0.0,,0.0,normalDay
2019-11-29,5742.0,16.0,0.0,0,314.31,0.0,1,2.67,2.51,SPY200117P00302000,302.0,0,0.0,0.0,,0.0,normalDay
2019-12-02,5742.0,-82.0,0.0,0,311.64,0.0,1,2.67,3.49,SPY200117P00302000,302.0,0,0.0,0.0,,0.0,normalDay
2019-12-03,5742.0,-166.0,0.0,0,309.55,0.0,1,2.67,4.33,SPY200117P00302000,302.0,0,0.0,0.0,,0.0,normalDay
2019-12-04,5742.0,-92.0,0.0,0,311.46,0.0,1,2.67,3.59,SPY200117P00302000,302.0,0,0.0,0.0,,0.0,normalDay
2019-12-05,5742.0,-52.0,0.0,0,312.02,0.0,1,2.67,3.19,SPY200117P00302000,302.0,0,0.0,0.0,,0.0,normalDay
2019-12-06,5742.0,30.0,0.0,0,314.87,0.0,1,2.67,2.37,SPY200117P00302000,302.0,0,0.0,0.0,,0.0,normalDay
2019-12-09,5742.0,-12.0,0.0,0,313.88,0.0,1,2.67,2.79,SPY200117P00302000,302.0,0,0.0,0.0,,0.0,normalDay
2019-12-10,5742.0,2.0,0.0,0,313.53,0.0,1,2.67,2.65,SPY200117P00302000,302.0,0,0.0,0.0,,0.0,normalDay
2019-12-11,5742.0,37.0,0.0,0,314.42,0.0,1,2.67,2.3,SPY200117P00302000,302.0,0,0.0,0.0,,0.0,normalDay
2019-12-12,5742.0,100.0,0.0,0,317.13,0.0,1,2.67,1.67,SPY200117P00302000,302.0,0,0.0,0.0,,0.0,normalDay
2019-12-13,5742.0,141.0,0.0,0,317.32,0.0,1,2.67,1.26,SPY200117P00302000,302.0,0,0.0,0.0,,0.0,normalDay
2019-12-16,5742.0,183.0,0.0,0,319.5,0.0,1,2.67,0.84,SPY200117P00302000,302.0,0,0.0,0.0,,0.0,normalDay
2019-12-17,5742.0,182.0,0.0,0,319.57,0.0,1,2.67,0.85,SPY200117P00302000,302.0,0,0.0,0.0,,0.0,normalDay
2019-12-18,5742.0,183.0,0.0,0,319.59,0.0,1,2.67,0.84,SPY200117P00302000,302.0,0,0.0,0.0,,0.0,normalDay
2019-12-19,5742.0,194.0,0.0,0,320.9,0.0,1,2.67,0.73,SPY200117P00302000,302.0,0,0.0,0.0,,0.0,normalDay
2019-12-20,5742.0,201.0,0.0,0,320.73,0.0,1,2.67,0.66,SPY200117P00302000,302.0,0,0.0,0.0,,0.0,normalDay
2019-12-23,5742.0,205.0,0.0,0,321.22,0.0,1,2.67,0.62,SPY200117P00302000,302.0,0,0.0,0.0,,0.0,normalDay
2019-12-24,5742.0,208.0,0.0,0,321.23,0.0,1,2.67,0.59,SPY200117P00302000,302.0,0,0.0,0.0,,0.0,normalDay
2019-12-26,5742.0,224.0,0.0,0,322.94,0.0,1,2.67,0.43,SPY200117P00302000,302.0,0,0.0,0.0,,0.0,normalDay
2019-12-27,5742.0,221.0,0.0,0,322.86,0.0,1,2.67,0.46,SPY200117P00302000,302.0,0,0.0,0.0,,0.0,normalDay
2019-12-30,5742.0,214.0,0.0,0,321.08,0.0,1,2.67,0.53,SPY200117P00302000,302.0,0,0.0,0.0,,0.0,normalDay
2019-12-31,5742.0,227.0,0.0,0,321.86,0.0,1,2.67,0.4,SPY200117P00302000,302.0,0,0.0,0.0,,0.0,normalDay
2020-01-02,5742.0,250.0,0.0,0,324.87,0.0,1,2.67,0.17,SPY200117P00302000,302.0,0,0.0,0.0,,0.0,normalDay
2020-01-03,5742.0,240.0,0.0,0,322.41,0.0,1,2.67,0.27,SPY200117P00302000,302.0,0,0.0,0.0,,0.0,normalDay
2020-01-06,5742.0,254.0,0.0,0,323.64,0.0,1,2.67,0.13,SPY200117P00302000,302.0,0,0.0,0.0,,0.0,normalDay
2020-01-07,5742.0,255.0,0.0,0,322.73,0.0,1,2.67,0.12,SPY200117P00302000,302.0,0,0.0,0.0,,0.0,normalDay
2020-01-08,5742.0,256.0,0.0,0,324.45,0.0,1,2.67,0.11,SPY200117P00302000,302.0,0,0.0,0.0,,0.0,normalDay
2020-01-09,5742.0,261.0,0.0,0,326.65,0.0,1,2.67,0.06,SPY200117P00302000,302.0,0,0.0,0.0,,0.0,normalDay
2020-01-10,5742.0,263.0,0.0,0,325.71,0.0,1,2.67,0.04,SPY200117P00302000,302.0,0,0.0,0.0,,0.0,normalDay
2020-01-13,5742.0,265.0,0.0,0,327.95,0.0,1,2.67,0.02,SPY200117P00302000,302.0,0,0.0,0.0,,0.0,normalDay
2020-01-14,5742.0,265.0,0.0,0,327.45,0.0,1,2.67,0.02,SPY200117P00302000,302.0,0,0.0,0.0,,0.0,normalDay
2020-01-15,5742.0,265.0,0.0,0,328.19,0.0,1,2.67,0.02,SPY200117P00302000,302.0,0,0.0,0.0,,0.0,normalDay
2020-01-16,5742.0,266.0,0.0,0,330.92,0.0,1,2.67,0.01,SPY200117P00302000,302.0,0,0.0,0.0,,0.0,normalDay
2020-01-17,6009.0,0.0,267.0,0,331.95,0.0,1,2.67,0.0,SPY200117P00302000,302.0,0,0.0,0.0,,0.0,expirationDay
2020-01-21,6009.0,-4.0,0.0,0,331.3,0.0,1,1.54,1.58,SPY200228P00317000,317.0,0,0.0,0.0,,0.0,normalDay
2020-01-22,6009.0,-3.0,0.0,0,331.34,0.0,1,1.54,1.57,SPY200228P00317000,317.0,0,0.0,0.0,,0.0,normalDay
2020-01-23,6009.0,1.0,0.0,0,331.72,0.0,1,1.54,1.53,SPY200228P00317000,317.0,0,0.0,0.0,,0.0,normalDay
2020-01-24,6009.0,-68.0,0.0,0,328.77,0.0,1,1.54,2.22,SPY200228P00317000,317.0,0,0.0,0.0,,0.0,normalDay
2020-01-27,6009.0,-256.0,0.0,0,323.5,0.0,1,1.54,4.1,SPY200228P00317000,317.0,0,0.0,0.0,,0.0,normalDay
2020-01-28,6009.0,-111.0,0.0,0,326.89,0.0,1,1.54,2.65,SPY200228P00317000,317.0,0,0.0,0.0,,0.0,normalDay
2020-01-29,6009.0,-114.0,0.0,0,326.62,0.0,1,1.54,2.68,SPY200228P00317000,317.0,0,0.0,0.0,,0.0,normalDay
2020-01-30,6009.0,-49.0,0.0,0,327.68,0.0,1,1.54,2.03,SPY200228P00317000,317.0,0,0.0,0.0,,0.0,normalDay
2020-01-31,6009.0,-253.0,0.0,0,321.73,0.0,1,1.54,4.07,SPY200228P00317000,317.0,0,0.0,0.0,,0.0,normalDay
2020-02-03,6009.0,-164.0,0.0,0,324.12,0.0,1,1.54,3.18,SPY200228P00317000,317.0,0,0.0,0.0,,0.0,normalDay
2020-02-04,6009.0,0.0,0.0,0,329.06,0.0,1,1.54,1.54,SPY200228P00317000,317.0,0,0.0,0.0,,0.0,normalDay
2020-02-05,6009.0,64.0,0.0,0,332.86,0.0,1,1.54,0.9,SPY200228P00317000,317.0,0,0.0,0.0,,0.0,normalDay
2020-02-06,6009.0,73.0,0.0,0,333.98,0.0,1,1.54,0.81,SPY200228P00317000,317.0,0,0.0,0.0,,0.0,normalDay
2020-02-07,6009.0,58.0,0.0,0,332.2,0.0,1,1.54,0.96,SPY200228P00317000,317.0,0,0.0,0.0,,0.0,normalDay
2020-02-10,6009.0,96.0,0.0,0,334.68,0.0,1,1.54,0.58,SPY200228P00317000,317.0,0,0.0,0.0,,0.0,normalDay
2020-02-11,6009.0,100.0,0.0,0,335.26,0.0,1,1.54,0.54,SPY200228P00317000,317.0,0,0.0,0.0,,0.0,normalDay
2020-02-12,6009.0,124.0,0.0,0,337.42,0.0,1,1.54,0.3,SPY200228P00317000,317.0,0,0.0,0.0,,0.0,normalDay
2020-02-13,6009.0,123.0,0.0,0,337.06,0.0,1,1.54,0.31,SPY200228P00317000,317.0,0,0.0,0.0,,0.0,normalDay
2020-02-14,6009.0,132.0,0.0,0,337.6,0.0,1,1.54,0.22,SPY200228P00317000,317.0,0,0.0,0.0,,0.0,normalDay
2020-02-18,6009.0,136.0,0.0,0,336.73,0.0,1,1.54,0.18,SPY200228P00317000,317.0,0,0.0,0.0,,0.0,normalDay
2020-02-19,6009.0,143.0,0.0,0,338.34,0.0,1,1.54,0.11,SPY200228P00317000,317.0,0,0.0,0.0,,0.0,normalDay
2020-02-20,6009.0,142.0,0.0,0,336.95,0.0,1,1.54,0.12,SPY200228P00317000,317.0,0,0.0,0.0,,0.0,normalDay
2020-02-21,6009.0,140.0,0.0,0,333.48,0.0,1,1.54,0.14,SPY200228P00317000,317.0,0,0.0,0.0,,0.0,normalDay
2020-02-24,6009.0,-111.0,0.0,0,322.42,0.0,1,1.54,2.65,SPY200228P00317000,317.0,0,0.0,0.0,,0.0,normalDay
2020-02-25,6009.0,-464.0,0.0,0,312.65,0.0,1,1.54,6.18,SPY200228P00317000,317.0,0,0.0,0.0,,0.0,normalDay
2020-02-26,6009.0,-532.0,0.0,0,311.5,0.0,1,1.54,6.86,SPY200228P00317000,317.0,0,0.0,0.0,,0.0,normalDay
2020-02-27,6009.0,-1827.0,0.0,0,297.51,0.0,1,1.54,19.81,SPY200228P00317000,317.0,0,0.0,0.0,,0.0,normalDay
2020-02-28,6163.0,-2074.0,154.0,100,296.26,317.0,1,1.54,0.0,SPY200228P00317000,317.0,0,0.0,0.0,,0.0,expirationDay
2020-03-02,6163.0,-791.0,0.0,100,309.09,317.0,0,0.0,0.0,,0.0,0,0.0,0.0,,0.0,bidTooLow
2020-03-03,6163.0,-1676.0,0.0,100,300.24,317.0,0,0.0,0.0,,0.0,0,0.0,0.0,,0.0,bidTooLow
2020-03-04,6163.0,-414.0,0.0,100,312.86,317.0,0,0.0,0.0,,0.0,0,0.0,0.0,,0.0,bidTooLow
2020-03-05,6163.0,-1468.0,0.0,100,302.46,317.0,0,0.0,0.0,,0.0,1,0.2,0.34,SPY200406C00340000,340.0,normalDay
2020-03-06,6163.0,-1949.0,0.0,100,297.46,317.0,0,0.0,0.0,,0.0,1,0.2,0.15,SPY200406C00340000,340.0,normalDay
2020-03-09,6163.0,-4270.0,0.0,100,274.23,317.0,0,0.0,0.0,,0.0,1,0.2,0.13,SPY200406C00340000,340.0,normalDay
2020-03-10,6163.0,-2848.0,0.0,100,288.42,317.0,0,0.0,0.0,,0.0,1,0.2,0.1,SPY200406C00340000,340.0,normalDay
2020-03-11,6163.0,-4251.0,0.0,100,274.36,317.0,0,0.0,0.0,,0.0,1,0.2,0.07,SPY200406C00340000,340.0,normalDay
2020-03-12,6163.0,-6874.0,0.0,100,248.11,317.0,0,0.0,0.0,,0.0,1,0.2,0.05,SPY200406C00340000,340.0,normalDay
2020-03-13,6163.0,-4758.0,0.0,100,269.32,317.0,0,0.0,0.0,,0.0,1,0.2,0.1,SPY200406C00340000,340.0,normalDay
2020-03-16,6163.0,-7702.0,0.0,100,239.85,317.0,0,0.0,0.0,,0.0,1,0.2,0.07,SPY200406C00340000,340.0,normalDay
2020-03-17,6163.0,-6404.0,0.0,100,252.8,317.0,0,0.0,0.0,,0.0,1,0.2,0.04,SPY200406C00340000,340.0,normalDay
2020-03-18,6163.0,-7684.0,0.0,100,240.0,317.0,0,0.0,0.0,,0.0,1,0.2,0.04,SPY200406C00340000,340.0,normalDay
2020-03-19,6163.0,-7633.0,0.0,100,240.51,317.0,0,0.0,0.0,,0.0,1,0.2,0.04,SPY200406C00340000,340.0,normalDay
2020-03-20,6163.0,-8802.0,0.0,100,228.8,317.0,0,0.0,0.0,,0.0,1,0.2,0.02,SPY200406C00340000,340.0,normalDay
2020-03-23,6163.0,-9387.0,0.0,100,222.95,317.0,0,0.0,0.0,,0.0,1,0.2,0.02,SPY200406C00340000,340.0,normalDay
2020-03-24,6163.0,-7369.0,0.0,100,243.15,317.0,0,0.0,0.0,,0.0,1,0.2,0.04,SPY200406C00340000,340.0,normalDay
2020-03-25,6163.0,-7003.0,0.0,100,246.79,317.0,0,0.0,0.0,,0.0,1,0.2,0.02,SPY200406C00340000,340.0,normalDay
2020-03-26,6163.0,-5562.0,0.0,100,261.2,317.0,0,0.0,0.0,,0.0,1,0.2,0.02,SPY200406C00340000,340.0,normalDay
2020-03-27,6163.0,-6340.0,0.0,100,253.42,317.0,0,0.0,0.0,,0.0,1,0.2,0.02,SPY200406C00340000,340.0,normalDay
2020-03-30,6163.0,-5516.0,0.0,100,261.65,317.0,0,0.0,0.0,,0.0,1,0.2,0.01,SPY200406C00340000,340.0,normalDay
2020-03-31,6163.0,-5906.0,0.0,100,257.75,317.0,0,0.0,0.0,,0.0,1,0.2,0.01,SPY200406C00340000,340.0,normalDay
2020-04-01,6163.0,-7066.0,0.0,100,246.15,317.0,0,0.0,0.0,,0.0,1,0.2,0.01,SPY200406C00340000,340.0,normalDay
2020-04-02,6163.0,-6498.0,0.0,100,251.83,317.0,0,0.0,0.0,,0.0,1,0.2,0.01,SPY200406C00340000,340.0,normalDay
2020-04-03,6163.0,-6862.0,0.0,100,248.19,317.0,0,0.0,0.0,,0.0,1,0.2,0.01,SPY200406C00340000,340.0,normalDay
2020-04-06,6183.0,-5214.0,20.0,100,264.86,317.0,0,0.0,0.0,,0.0,1,0.2,0.0,SPY200406C00340000,340.0,expirationDay
2020-04-07,6183.0,-5193.0,0.0,100,265.13,317.0,0,0.0,0.0,,0.0,1,1.1,1.16,SPY200508C00295000,295.0,normalDay
2020-04-08,6183.0,-4448.0,0.0,100,274.03,317.0,0,0.0,0.0,,0.0,1,1.1,2.61,SPY200508C00295000,295.0,normalDay
2020-04-09,6183.0,-4140.0,0.0,100,278.2,317.0,0,0.0,0.0,,0.0,1,1.1,3.7,SPY200508C00295000,295.0,normalDay
2020-04-13,6183.0,-4270.0,0.0,100,275.66,317.0,0,0.0,0.0,,0.0,1,1.1,2.46,SPY200508C00295000,295.0,normalDay
2020-04-14,6183.0,-3659.0,0.0,100,283.79,317.0,0,0.0,0.0,,0.0,1,1.1,4.48,SPY200508C00295000,295.0,normalDay
2020-04-15,6183.0,-4069.0,0.0,100,277.76,317.0,0,0.0,0.0,,0.0,1,1.1,2.55,SPY200508C00295000,295.0,normalDay
2020-04-16,6183.0,-3943.0,0.0,100,279.1,317.0,0,0.0,0.0,,0.0,1,1.1,2.63,SPY200508C00295000,295.0,normalDay
2020-04-17,6183.0,-3415.0,0.0,100,286.64,317.0,0,0.0,0.0,,0.0,1,1.1,4.89,SPY200508C00295000,295.0,normalDay
2020-04-20,6183.0,-3753.0,0.0,100,281.59,317.0,0,0.0,0.0,,0.0,1,1.1,3.22,SPY200508C00295000,295.0,normalDay
2020-04-21,6183.0,-4426.0,0.0,100,273.04,317.0,0,0.0,0.0,,0.0,1,1.1,1.4,SPY200508C00295000,295.0,normalDay
2020-04-22,6183.0,-3852.0,0.0,100,279.1,317.0,0,0.0,0.0,,0.0,1,1.1,1.72,SPY200508C00295000,295.0,normalDay
2020-04-23,6183.0,-3826.0,0.0,100,279.08,317.0,0,0.0,0.0,,0.0,1,1.1,1.44,SPY200508C00295000,295.0,normalDay
2020-04-24,6183.0,-3443.0,0.0,100,282.97,317.0,0,0.0,0.0,,0.0,1,1.1,1.5,SPY200508C00295000,295.0,normalDay
2020-04-27,6183.0,-3074.0,0.0,100,287.05,317.0,0,0.0,0.0,,0.0,1,1.1,1.89,SPY200508C00295000,295.0,normalDay
2020-04-28,6183.0,-3178.0,0.0,100,285.73,317.0,0,0.0,0.0,,0.0,1,1.1,1.61,SPY200508C00295000,295.0,normalDay
2020-04-29,6183.0,-2658.0,0.0,100,293.21,317.0,0,0.0,0.0,,0.0,1,1.1,3.89,SPY200508C00295000,295.0,normalDay
2020-04-30,6183.0,-2776.0,0.0,100,290.48,317.0,0,0.0,0.0,,0.0,1,1.1,2.34,SPY200508C00295000,295.0,normalDay
2020-05-01,6183.0,-3364.0,0.0,100,282.79,317.0,0,0.0,0.0,,0.0,1,1.1,0.53,SPY200508C00295000,295.0,normalDay
2020-05-04,6183.0,-3257.0,0.0,100,283.57,317.0,0,0.0,0.0,,0.0,1,1.1,0.24,SPY200508C00295000,295.0,normalDay
2020-05-05,6183.0,-3004.0,0.0,100,286.19,317.0,0,0.0,0.0,,0.0,1,1.1,0.33,SPY200508C00295000,295.0,normalDay
2020-05-06,6183.0,-3174.0,0.0,100,284.25,317.0,0,0.0,0.0,,0.0,1,1.1,0.09,SPY200508C00295000,295.0,normalDay
2020-05-07,6183.0,-2831.0,0.0,100,287.68,317.0,0,0.0,0.0,,0.0,1,1.1,0.09,SPY200508C00295000,295.0,normalDay
2020-05-08,6293.0,-2456.0,110.0,100,292.44,317.0,0,0.0,0.0,,0.0,1,1.1,0.0,SPY200508C00295000,295.0,expirationDay
2020-05-11,6293.0,-2457.0,0.0,100,292.5,317.0,0,0.0,0.0,,0.0,1,3.18,3.25,SPY200612C00302000,302.0,normalDay
2020-05-12,6293.0,-2927.0,0.0,100,286.67,317.0,0,0.0,0.0,,0.0,1,3.18,2.12,SPY200612C00302000,302.0,normalDay
2020-05-13,6293.0,-3369.0,0.0,100,281.6,317.0,0,0.0,0.0,,0.0,1,3.18,1.47,SPY200612C00302000,302.0,normalDay
2020-05-14,6293.0,-3055.0,0.0,100,284.97,317.0,0,0.0,0.0,,0.0,1,3.18,1.7,SPY200612C00302000,302.0,normalDay
2020-05-15,6293.0,-2901.0,0.0,100,286.28,317.0,0,0.0,0.0,,0.0,1,3.18,1.47,SPY200612C00302000,302.0,normalDay
2020-05-18,6293.0,-2271.0,0.0,100,295.0,317.0,0,0.0,0.0,,0.0,1,3.18,3.89,SPY200612C00302000,302.0,normalDay
2020-05-19,6293.0,-2486.0,0.0,100,291.97,317.0,0,0.0,0.0,,0.0,1,3.18,3.01,SPY200612C00302000,302.0,normalDay
2020-05-20,6293.0,-2144.0,0.0,100,296.93,317.0,0,0.0,0.0,,0.0,1,3.18,4.55,SPY200612C00302000,302.0,normalDay
2020-05-21,6293.0,-2243.0,0.0,100,294.88,317.0,0,0.0,0.0,,0.0,1,3.18,3.49,SPY200612C00302000,302.0,normalDay
2020-05-22,6293.0,-2180.0,0.0,100,295.44,317.0,0,0.0,0.0,,0.0,1,3.18,3.42,SPY200612C00302000,302.0,normalDay
2020-05-26,6293.0,-1923.0,0.0,100,299.08,317.0,0,0.0,0.0,,0.0,1,3.18,4.49,SPY200612C00302000,302.0,normalDay
2020-05-27,6293.0,-1706.0,0.0,100,303.53,317.0,0,0.0,0.0,,0.0,1,3.18,6.77,SPY200612C00302000,302.0,normalDay
2020-05-28,6293.0,-1781.0,0.0,100,302.97,317.0,0,0.0,0.0,,0.0,1,3.18,6.96,SPY200612C00302000,302.0,normalDay
2020-05-29,6293.0,-1685.0,0.0,100,304.32,317.0,0,0.0,0.0,,0.0,1,3.18,7.35,SPY200612C00302000,302.0,normalDay
2020-06-01,6293.0,-1553.0,0.0,100,305.55,317.0,0,0.0,0.0,,0.0,1,3.18,7.26,SPY200612C00302000,302.0,normalDay
2020-06-02,6293.0,-1421.0,0.0,100,308.08,317.0,0,0.0,0.0,,0.0,1,3.18,8.47,SPY200612C00302000,302.0,normalDay
2020-06-03,6293.0,-1319.0,0.0,100,312.18,317.0,0,0.0,0.0,,0.0,1,3.18,11.55,SPY200612C00302000,302.0,normalDay
2020-06-04,6293.0,-1315.0,0.0,100,311.36,317.0,0,0.0,0.0,,0.0,1,3.18,10.69,SPY200612C00302000,302.0,normalDay
2020-06-05,6293.0,-1196.0,0.0,100,319.34,317.0,0,0.0,0.0,,0.0,1,3.18,17.48,SPY200612C00302000,302.0,normalDay
2020-06-08,6293.0,-1142.0,0.0,100,323.2,317.0,0,0.0,0.0,,0.0,1,3.18,20.8,SPY200612C00302000,302.0,normalDay
2020-06-09,6293.0,-1255.0,0.0,100,320.79,317.0,0,0.0,0.0,,0.0,1,3.18,19.52,SPY200612C00302000,302.0,normalDay
2020-06-10,6293.0,-1145.0,0.0,100,319.0,317.0,0,0.0,0.0,,0.0,1,3.18,16.63,SPY200612C00302000,302.0,normalDay
2020-06-11,6293.0,-1574.0,0.0,100,300.61,317.0,0,0.0,0.0,,0.0,1,3.18,2.53,SPY200612C00302000,302.0,normalDay
2020-06-12,5111.0,-1574.0,-1182.0,0,304.21,0.0,0,0.0,0.0,,0.0,1,3.18,0.0,SPY200612C00302000,302.0,expirationDay
2020-06-15,5111.0,-8.0,0.0,0,307.05,0.0,1,6.56,6.64,SPY200731P00284000,284.0,0,0.0,0.0,,0.0,normalDay
2020-06-16,5111.0,107.0,0.0,0,312.96,0.0,1,6.56,5.49,SPY200731P00284000,284.0,0,0.0,0.0,,0.0,normalDay
2020-06-17,5111.0,117.0,0.0,0,311.66,0.0,1,6.56,5.39,SPY200731P00284000,284.0,0,0.0,0.0,,0.0,normalDay
2020-06-18,5111.0,148.0,0.0,0,311.78,0.0,1,6.56,5.08,SPY200731P00284000,284.0,0,0.0,0.0,,0.0,normalDay
2020-06-19,5111.0,70.0,0.0,0,308.64,0.0,1,6.56,5.86,SPY200731P00284000,284.0,0,0.0,0.0,,0.0,normalDay
2020-06-22,5111.0,230.0,0.0,0,310.62,0.0,1,6.56,4.26,SPY200731P00284000,284.0,0,0.0,0.0,,0.0,normalDay
2020-06-23,5111.0,263.0,0.0,0,312.05,0.0,1,6.56,3.93,SPY200731P00284000,284.0,0,0.0,0.0,,0.0,normalDay
2020-06-24,5111.0,112.0,0.0,0,304.09,0.0,1,6.56,5.44,SPY200731P00284000,284.0,0,0.0,0.0,,0.0,normalDay
2020-06-25,5111.0,232.0,0.0,0,307.35,0.0,1,6.56,4.24,SPY200731P00284000,284.0,0,0.0,0.0,,0.0,normalDay
2020-06-26,5111.0,75.0,0.0,0,300.05,0.0,1,6.56,5.81,SPY200731P00284000,284.0,0,0.0,0.0,,0.0,normalDay
2020-06-29,5111.0,237.0,0.0,0,304.46,0.0,1,6.56,4.19,SPY200731P00284000,284.0,0,0.0,0.0,,0.0,normalDay
2020-06-30,5111.0,345.0,0.0,0,308.36,0.0,1,6.56,3.11,SPY200731P00284000,284.0,0,0.0,0.0,,0.0,normalDay
2020-07-01,5111.0,408.0,0.0,0,310.52,0.0,1,6.56,2.48,SPY200731P00284000,284.0,0,0.0,0.0,,0.0,normalDay
2020-07-02,5111.0,456.0,0.0,0,312.23,0.0,1,6.56,2.0,SPY200731P00284000,284.0,0,0.0,0.0,,0.0,normalDay
2020-07-06,5111.0,512.0,0.0,0,317.05,0.0,1,6.56,1.44,SPY200731P00284000,284.0,0,0.0,0.0,,0.0,normalDay
2020-07-07,5111.0,475.0,0.0,0,313.78,0.0,1,6.56,1.81,SPY200731P00284000,284.0,0,0.0,0.0,,0.0,normalDay
2020-07-08,5111.0,524.0,0.0,0,316.18,0.0,1,6.56,1.32,SPY200731P00284000,284.0,0,0.0,0.0,,0.0,normalDay
2020-07-09,5111.0,504.0,0.0,0,314.38,0.0,1,6.56,1.52,SPY200731P00284000,284.0,0,0.0,0.0,,0.0,normalDay
2020-07-10,5111.0,559.0,0.0,0,317.59,0.0,1,6.56,0.97,SPY200731P00284000,284.0,0,0.0,0.0,,0.0,normalDay
2020-07-13,5111.0,501.0,0.0,0,314.84,0.0,1,6.56,1.55,SPY200731P00284000,284.0,0,0.0,0.0,,0.0,normalDay
2020-07-14,5111.0,562.0,0.0,0,318.92,0.0,1,6.56,0.94,SPY200731P00284000,284.0,0,0.0,0.0,,0.0,normalDay
2020-07-15,5111.0,600.0,0.0,0,321.85,0.0,1,6.56,0.56,SPY200731P00284000,284.0,0,0.0,0.0,,0.0,normalDay
2020-07-16,5111.0,597.0,0.0,0,320.79,0.0,1,6.56,0.59,SPY200731P00284000,284.0,0,0.0,0.0,,0.0,normalDay
2020-07-17,5111.0,624.0,0.0,0,321.72,0.0,1,6.56,0.32,SPY200731P00284000,284.0,0,0.0,0.0,,0.0,normalDay
2020-07-20,5111.0,638.0,0.0,0,324.32,0.0,1,6.56,0.18,SPY200731P00284000,284.0,0,0.0,0.0,,0.0,normalDay
2020-07-21,5111.0,641.0,0.0,0,325.01,0.0,1,6.56,0.15,SPY200731P00284000,284.0,0,0.0,0.0,,0.0,normalDay
2020-07-22,5111.0,644.0,0.0,0,326.86,0.0,1,6.56,0.12,SPY200731P00284000,284.0,0,0.0,0.0,,0.0,normalDay
2020-07-23,5111.0,641.0,0.0,0,322.96,0.0,1,6.56,0.15,SPY200731P00284000,284.0,0,0.0,0.0,,0.0,normalDay
2020-07-24,5111.0,649.0,0.0,0,320.88,0.0,1,6.56,0.07,SPY200731P00284000,284.0,0,0.0,0.0,,0.0,normalDay
2020-07-27,5111.0,653.0,0.0,0,323.22,0.0,1,6.56,0.03,SPY200731P00284000,284.0,0,0.0,0.0,,0.0,normalDay
2020-07-28,5111.0,653.0,0.0,0,321.17,0.0,1,6.56,0.03,SPY200731P00284000,284.0,0,0.0,0.0,,0.0,normalDay
2020-07-29,5111.0,654.0,0.0,0,325.12,0.0,1,6.56,0.02,SPY200731P00284000,284.0,0,0.0,0.0,,0.0,normalDay
2020-07-30,5111.0,655.0,0.0,0,323.96,0.0,1,6.56,0.01,SPY200731P00284000,284.0,0,0.0,0.0,,0.0,normalDay
2020-07-31,5767.0,0.0,656.0,0,326.52,0.0,1,6.56,0.0,SPY200731P00284000,284.0,0,0.0,0.0,,0.0,expirationDay
2020-08-03,5767.0,-4.0,0.0,0,328.79,0.0,1,5.13,5.17,SPY200918P00311000,311.0,0,0.0,0.0,,0.0,normalDay
2020-08-04,5767.0,46.0,0.0,0,330.06,0.0,1,5.13,4.67,SPY200918P00311000,311.0,0,0.0,0.0,,0.0,normalDay
2020-08-05,5767.0,113.0,0.0,0,332.11,0.0,1,5.13,4.0,SPY200918P00311000,311.0,0,0.0,0.0,,0.0,normalDay
2020-08-06,5767.0,165.0,0.0,0,334.33,0.0,1,5.13,3.48,SPY200918P00311000,311.0,0,0.0,0.0,,0.0,normalDay
2020-08-07,5767.0,175.0,0.0,0,334.57,0.0,1,5.13,3.38,SPY200918P00311000,311.0,0,0.0,0.0,,0.0,normalDay
2020-08-10,5767.0,211.0,0.0,0,335.57,0.0,1,5.13,3.02,SPY200918P00311000,311.0,0,0.0,0.0,,0.0,normalDay
2020-08-11,5767.0,131.0,0.0,0,332.8,0.0,1,5.13,3.82,SPY200918P00311000,311.0,0,0.0,0.0,,0.0,normalDay
2020-08-12,5767.0,246.0,0.0,0,337.44,0.0,1,5.13,2.67,SPY200918P00311000,311.0,0,0.0,0.0,,0.0,normalDay
2020-08-13,5767.0,242.0,0.0,0,336.83,0.0,1,5.13,2.71,SPY200918P00311000,311.0,0,0.0,0.0,,0.0,normalDay
2020-08-14,5767.0,258.0,0.0,0,336.84,0.0,1,5.13,2.55,SPY200918P00311000,311.0,0,0.0,0.0,,0.0,normalDay
2020-08-17,5767.0,307.0,0.0,0,337.91,0.0,1,5.13,2.06,SPY200918P00311000,311.0,0,0.0,0.0,,0.0,normalDay
2020-08-18,5767.0,322.0,0.0,0,338.64,0.0,1,5.13,1.91,SPY200918P00311000,311.0,0,0.0,0.0,,0.0,normalDay
2020-08-19,5767.0,303.0,0.0,0,337.23,0.0,1,5.13,2.1,SPY200918P00311000,311.0,0,0.0,0.0,,0.0,normalDay
2020-08-20,5767.0,319.0,0.0,0,338.28,0.0,1,5.13,1.94,SPY200918P00311000,311.0,0,0.0,0.0,,0.0,normalDay
2020-08-21,5767.0,346.0,0.0,0,339.48,0.0,1,5.13,1.67,SPY200918P00311000,311.0,0,0.0,0.0,,0.0,normalDay
2020-08-24,5767.0,388.0,0.0,0,342.92,0.0,1,5.13,1.25,SPY200918P00311000,311.0,0,0.0,0.0,,0.0,normalDay
2020-08-25,5767.0,407.0,0.0,0,344.12,0.0,1,5.13,1.06,SPY200918P00311000,311.0,0,0.0,0.0,,0.0,normalDay
2020-08-26,5767.0,414.0,0.0,0,347.57,0.0,1,5.13,0.99,SPY200918P00311000,311.0,0,0.0,0.0,,0.0,normalDay
2020-08-27,5767.0,415.0,0.0,0,348.33,0.0,1,5.13,0.98,SPY200918P00311000,311.0,0,0.0,0.0,,0.0,normalDay
2020-08-28,5767.0,443.0,0.0,0,350.58,0.0,1,5.13,0.7,SPY200918P00311000,311.0,0,0.0,0.0,,0.0,normalDay
2020-08-31,5767.0,425.0,0.0,0,349.31,0.0,1,5.13,0.88,SPY200918P00311000,311.0,0,0.0,0.0,,0.0,normalDay
2020-09-01,5767.0,447.0,0.0,0,352.6,0.0,1,5.13,0.66,SPY200918P00311000,311.0,0,0.0,0.0,,0.0,normalDay
2020-09-02,5767.0,463.0,0.0,0,357.7,0.0,1,5.13,0.5,SPY200918P00311000,311.0,0,0.0,0.0,,0.0,normalDay
2020-09-03,5767.0,376.0,0.0,0,345.39,0.0,1,5.13,1.37,SPY200918P00311000,311.0,0,0.0,0.0,,0.0,normalDay
2020-09-04,5767.0,373.0,0.0,0,342.57,0.0,1,5.13,1.4,SPY200918P00311000,311.0,0,0.0,0.0,,0.0,normalDay
2020-09-08,5767.0,355.0,0.0,0,333.21,0.0,1,5.13,1.58,SPY200918P00311000,311.0,0,0.0,0.0,,0.0,normalDay
2020-09-09,5767.0,441.0,0.0,0,339.79,0.0,1,5.13,0.72,SPY200918P00311000,311.0,0,0.0,0.0,,0.0,normalDay
2020-09-10,5767.0,417.0,0.0,0,333.89,0.0,1,5.13,0.96,SPY200918P00311000,311.0,0,0.0,0.0,,0.0,normalDay
2020-09-11,5767.0,468.0,0.0,0,334.06,0.0,1,5.13,0.45,SPY200918P00311000,311.0,0,0.0,0.0,,0.0,normalDay
2020-09-14,5767.0,501.0,0.0,0,338.46,0.0,1,5.13,0.12,SPY200918P00311000,311.0,0,0.0,0.0,,0.0,normalDay
2020-09-15,5767.0,506.0,0.0,0,340.17,0.0,1,5.13,0.07,SPY200918P00311000,311.0,0,0.0,0.0,,0.0,normalDay
2020-09-16,5767.0,505.0,0.0,0,338.82,0.0,1,5.13,0.08,SPY200918P00311000,311.0,0,0.0,0.0,,0.0,normalDay
2020-09-17,5767.0,505.0,0.0,0,335.84,0.0,1,5.13,0.08,SPY200918P00311000,311.0,0,0.0,0.0,,0.0,normalDay
2020-09-18,6280.0,0.0,513.0,0,330.65,0.0,1,5.13,0.0,SPY200918P00311000,311.0,0,0.0,0.0,,0.0,expirationDay
2020-09-21,6280.0,-8.0,0.0,0,326.97,0.0,1,8.58,8.66,SPY201030P00323000,323.0,0,0.0,0.0,,0.0,normalDay
2020-09-22,6280.0,109.0,0.0,0,330.3,0.0,1,8.58,7.49,SPY201030P00323000,323.0,0,0.0,0.0,,0.0,normalDay
2020-09-23,6280.0,-200.0,0.0,0,322.64,0.0,1,8.58,10.58,SPY201030P00323000,323.0,0,0.0,0.0,,0.0,normalDay
2020-09-24,6280.0,-118.0,0.0,0,323.5,0.0,1,8.58,9.76,SPY201030P00323000,323.0,0,0.0,0.0,,0.0,normalDay
2020-09-25,6280.0,122.0,0.0,0,328.73,0.0,1,8.58,7.36,SPY201030P00323000,323.0,0,0.0,0.0,,0.0,normalDay
2020-09-28,6280.0,319.0,0.0,0,334.19,0.0,1,8.58,5.39,SPY201030P00323000,323.0,0,0.0,0.0,,0.0,normalDay
2020-09-29,6280.0,291.0,0.0,0,332.37,0.0,1,8.58,5.67,SPY201030P00323000,323.0,0,0.0,0.0,,0.0,normalDay
2020-09-30,6280.0,320.0,0.0,0,334.89,0.0,1,8.58,5.38,SPY201030P00323000,323.0,0,0.0,0.0,,0.0,normalDay
2020-10-01,6280.0,406.0,0.0,0,337.04,0.0,1,8.58,4.52,SPY201030P00323000,323.0,0,0.0,0.0,,0.0,normalDay
2020-10-02,6280.0,334.0,0.0,0,333.84,0.0,1,8.58,5.24,SPY201030P00323000,323.0,0,0.0,0.0,,0.0,normalDay
2020-10-05,6280.0,521.0,0.0,0,339.76,0.0,1,8.58,3.37,SPY201030P00323000,323.0,0,0.0,0.0,,0.0,normalDay
2020-10-06,6280.0,420.0,0.0,0,334.93,0.0,1,8.58,4.38,SPY201030P00323000,323.0,0,0.0,0.0,,0.0,normalDay
2020-10-07,6280.0,586.0,0.0,0,340.76,0.0,1,8.58,2.72,SPY201030P00323000,323.0,0,0.0,0.0,,0.0,normalDay
2020-10-08,6280.0,672.0,0.0,0,343.78,0.0,1,8.58,1.86,SPY201030P00323000,323.0,0,0.0,0.0,,0.0,normalDay
2020-10-09,6280.0,740.0,0.0,0,346.85,0.0,1,8.58,1.18,SPY201030P00323000,323.0,0,0.0,0.0,,0.0,normalDay
2020-10-12,6280.0,784.0,0.0,0,352.43,0.0,1,8.58,0.74,SPY201030P00323000,323.0,0,0.0,0.0,,0.0,normalDay
2020-10-13,6280.0,776.0,0.0,0,350.13,0.0,1,8.58,0.82,SPY201030P00323000,323.0,0,0.0,0.0,,0.0,normalDay
2020-10-14,6280.0,771.0,0.0,0,347.93,0.0,1,8.58,0.87,SPY201030P00323000,323.0,0,0.0,0.0,,0.0,normalDay
2020-10-15,6280.0,778.0,0.0,0,347.5,0.0,1,8.58,0.8,SPY201030P00323000,323.0,0,0.0,0.0,,0.0,normalDay
2020-10-16,6280.0,785.0,0.0,0,347.29,0.0,1,8.58,0.73,SPY201030P00323000,323.0,0,0.0,0.0,,0.0,normalDay
2020-10-19,6280.0,760.0,0.0,0,342.01,0.0,1,8.58,0.98,SPY201030P00323000,323.0,0,0.0,0.0,,0.0,normalDay
2020-10-20,6280.0,780.0,0.0,0,343.38,0.0,1,8.58,0.78,SPY201030P00323000,323.0,0,0.0,0.0,,0.0,normalDay
2020-10-21,6280.0,806.0,0.0,0,342.73,0.0,1,8.58,0.52,SPY201030P00323000,323.0,0,0.0,0.0,,0.0,normalDay
2020-10-22,6280.0,828.0,0.0,0,344.61,0.0,1,8.58,0.3,SPY201030P00323000,323.0,0,0.0,0.0,,0.0,normalDay
2020-10-23,6280.0,843.0,0.0,0,345.78,0.0,1,8.58,0.15,SPY201030P00323000,323.0,0,0.0,0.0,,0.0,normalDay
2020-10-26,6280.0,815.0,0.0,0,339.39,0.0,1,8.58,0.43,SPY201030P00323000,323.0,0,0.0,0.0,,0.0,normalDay
2020-10-27,6280.0,833.0,0.0,0,338.22,0.0,1,8.58,0.25,SPY201030P00323000,323.0,0,0.0,0.0,,0.0,normalDay
2020-10-28,6280.0,612.0,0.0,0,326.66,0.0,1,8.58,2.46,SPY201030P00323000,323.0,0,0.0,0.0,,0.0,normalDay
2020-10-29,6280.0,814.0,0.0,0,329.98,0.0,1,8.58,0.44,SPY201030P00323000,323.0,0,0.0,0.0,,0.0,normalDay
2020-10-30,7138.0,0.0,858.0,0,326.54,0.0,1,8.58,0.0,SPY201030P00323000,323.0,0,0.0,0.0,,0.0,expirationDay
2020-11-02,7138.0,-5.0,0.0,0,330.2,0.0,1,12.1,12.15,SPY201218P00323000,323.0,0,0.0,0.0,,0.0,normalDay
2020-11-03,7138.0,212.0,0.0,0,336.03,0.0,1,12.1,9.98,SPY201218P00323000,323.0,0,0.0,0.0,,0.0,normalDay
2020-11-04,7138.0,573.0,0.0,0,343.54,0.0,1,12.1,6.37,SPY201218P00323000,323.0,0,0.0,0.0,,0.0,normalDay
2020-11-05,7138.0,727.0,0.0,0,350.24,0.0,1,12.1,4.83,SPY201218P00323000,323.0,0,0.0,0.0,,0.0,normalDay
2020-11-06,7138.0,806.0,0.0,0,350.16,0.0,1,12.1,4.04,SPY201218P00323000,323.0,0,0.0,0.0,,0.0,normalDay
2020-11-09,7138.0,901.0,0.0,0,354.56,0.0,1,12.1,3.09,SPY201218P00323000,323.0,0,0.0,0.0,,0.0,normalDay
2020-11-10,7138.0,921.0,0.0,0,354.04,0.0,1,12.1,2.89,SPY201218P00323000,323.0,0,0.0,0.0,,0.0,normalDay
2020-11-11,7138.0,974.0,0.0,0,356.67,0.0,1,12.1,2.36,SPY201218P00323000,323.0,0,0.0,0.0,,0.0,normalDay
2020-11-12,7138.0,910.0,0.0,0,353.21,0.0,1,12.1,3.0,SPY201218P00323000,323.0,0,0.0,0.0,,0.0,normalDay
2020-11-13,7138.0,1001.0,0.0,0,358.1,0.0,1,12.1,2.09,SPY201218P00323000,323.0,0,0.0,0.0,,0.0,normalDay
2020-11-16,7138.0,1059.0,0.0,0,362.57,0.0,1,12.1,1.51,SPY201218P00323000,323.0,0,0.0,0.0,,0.0,normalDay
2020-11-17,7138.0,1052.0,0.0,0,360.62,0.0,1,12.1,1.58,SPY201218P00323000,323.0,0,0.0,0.0,,0.0,normalDay
2020-11-18,7138.0,1022.0,0.0,0,356.28,0.0,1,12.1,1.88,SPY201218P00323000,323.0,0,0.0,0.0,,0.0,normalDay
2020-11-19,7138.0,1053.0,0.0,0,357.78,0.0,1,12.1,1.57,SPY201218P00323000,323.0,0,0.0,0.0,,0.0,normalDay
2020-11-20,7138.0,1036.0,0.0,0,355.33,0.0,1,12.1,1.74,SPY201218P00323000,323.0,0,0.0,0.0,,0.0,normalDay
2020-11-23,7138.0,1078.0,0.0,0,357.46,0.0,1,12.1,1.32,SPY201218P00323000,323.0,0,0.0,0.0,,0.0,normalDay
2020-11-24,7138.0,1124.0,0.0,0,363.22,0.0,1,12.1,0.86,SPY201218P00323000,323.0,0,0.0,0.0,,0.0,normalDay
2020-11-25,7138.0,1129.0,0.0,0,362.66,0.0,1,12.1,0.81,SPY201218P00323000,323.0,0,0.0,0.0,,0.0,normalDay
2020-11-27,7138.0,1145.0,0.0,0,363.67,0.0,1,12.1,0.65,SPY201218P00323000,323.0,0,0.0,0.0,,0.0,normalDay
2020-11-30,7138.0,1155.0,0.0,0,362.06,0.0,1,12.1,0.55,SPY201218P00323000,323.0,0,0.0,0.0,,0.0,normalDay
2020-12-01,7138.0,1164.0,0.0,0,366.02,0.0,1,12.1,0.46,SPY201218P00323000,323.0,0,0.0,0.0,,0.0,normalDay
2020-12-02,7138.0,1166.0,0.0,0,366.79,0.0,1,12.1,0.44,SPY201218P00323000,323.0,0,0.0,0.0,,0.0,normalDay
2020-12-03,7138.0,1168.0,0.0,0,366.69,0.0,1,12.1,0.42,SPY201218P00323000,323.0,0,0.0,0.0,,0.0,normalDay
2020-12-04,7138.0,1183.0,0.0,0,369.85,0.0,1,12.1,0.27,SPY201218P00323000,323.0,0,0.0,0.0,,0.0,normalDay
2020-12-07,7138.0,1191.0,0.0,0,369.09,0.0,1,12.1,0.19,SPY201218P00323000,323.0,0,0.0,0.0,,0.0,normalDay
2020-12-08,7138.0,1195.0,0.0,0,370.17,0.0,1,12.1,0.15,SPY201218P00323000,323.0,0,0.0,0.0,,0.0,normalDay
2020-12-09,7138.0,1190.0,0.0,0,366.85,0.0,1,12.1,0.2,SPY201218P00323000,323.0,0,0.0,0.0,,0.0,normalDay
2020-12-10,7138.0,1193.0,0.0,0,366.73,0.0,1,12.1,0.17,SPY201218P00323000,323.0,0,0.0,0.0,,0.0,normalDay
2020-12-11,7138.0,1191.0,0.0,0,366.3,0.0,1,12.1,0.19,SPY201218P00323000,323.0,0,0.0,0.0,,0.0,normalDay
2020-12-14,7138.0,1189.0,0.0,0,364.66,0.0,1,12.1,0.21,SPY201218P00323000,323.0,0,0.0,0.0,,0.0,normalDay
2020-12-15,7138.0,1200.0,0.0,0,369.59,0.0,1,12.1,0.1,SPY201218P00323000,323.0,0,0.0,0.0,,0.0,normalDay
2020-12-16,7138.0,1205.0,0.0,0,370.17,0.0,1,12.1,0.05,SPY201218P00323000,323.0,0,0.0,0.0,,0.0,normalDay
2020-12-17,7138.0,1208.0,0.0,0,372.24,0.0,1,12.1,0.02,SPY201218P00323000,323.0,0,0.0,0.0,,0.0,normalDay
2020-12-18,8348.0,0.0,1210.0,0,369.18,0.0,1,12.1,0.0,SPY201218P00323000,323.0,0,0.0,0.0,,0.0,expirationDay
2020-12-21,8348.0,-8.0,0.0,0,367.86,0.0,1,6.57,6.65,SPY210129P00358000,358.0,0,0.0,0.0,,0.0,normalDay
2020-12-22,8348.0,11.0,0.0,0,367.24,0.0,1,6.57,6.46,SPY210129P00358000,358.0,0,0.0,0.0,,0.0,normalDay
2020-12-23,8348.0,68.0,0.0,0,367.57,0.0,1,6.57,5.89,SPY210129P00358000,358.0,0,0.0,0.0,,0.0,normalDay
2020-12-24,8348.0,162.0,0.0,0,369.0,0.0,1,6.57,4.95,SPY210129P00358000,358.0,0,0.0,0.0,,0.0,normalDay
2020-12-28,8348.0,276.0,0.0,0,372.17,0.0,1,6.57,3.81,SPY210129P00358000,358.0,0,0.0,0.0,,0.0,normalDay
2020-12-29,8348.0,229.0,0.0,0,371.46,0.0,1,6.57,4.28,SPY210129P00358000,358.0,0,0.0,0.0,,0.0,normalDay
2020-12-30,8348.0,263.0,0.0,0,371.99,0.0,1,6.57,3.94,SPY210129P00358000,358.0,0,0.0,0.0,,0.0,normalDay
2020-12-31,8348.0,314.0,0.0,0,373.88,0.0,1,6.57,3.43,SPY210129P00358000,358.0,0,0.0,0.0,,0.0,normalDay
2021-01-04,8348.0,166.0,0.0,0,368.79,0.0,1,6.57,4.91,SPY210129P00358000,358.0,0,0.0,0.0,,0.0,normalDay
2021-01-05,8348.0,259.0,0.0,0,371.33,0.0,1,6.57,3.98,SPY210129P00358000,358.0,0,0.0,0.0,,0.0,normalDay
2021-01-06,8348.0,298.0,0.0,0,373.55,0.0,1,6.57,3.59,SPY210129P00358000,358.0,0,0.0,0.0,,0.0,normalDay
2021-01-07,8348.0,455.0,0.0,0,379.1,0.0,1,6.57,2.02,SPY210129P00358000,358.0,0,0.0,0.0,,0.0,normalDay
2021-01-08,8348.0,493.0,0.0,0,381.26,0.0,1,6.57,1.64,SPY210129P00358000,358.0,0,0.0,0.0,,0.0,normalDay
2021-01-11,8348.0,456.0,0.0,0,378.69,0.0,1,6.57,2.01,SPY210129P00358000,358.0,0,0.0,0.0,,0.0,normalDay
2021-01-12,8348.0,479.0,0.0,0,378.77,0.0,1,6.57,1.78,SPY210129P00358000,358.0,0,0.0,0.0,,0.0,normalDay
2021-01-13,8348.0,523.0,0.0,0,379.79,0.0,1,6.57,1.34,SPY210129P00358000,358.0,0,0.0,0.0,,0.0,normalDay
2021-01-14,8348.0,500.0,0.0,0,378.46,0.0,1,6.57,1.57,SPY210129P00358000,358.0,0,0.0,0.0,,0.0,normalDay
2021-01-15,8348.0,473.0,0.0,0,375.7,0.0,1,6.57,1.84,SPY210129P00358000,358.0,0,0.0,0.0,,0.0,normalDay
2021-01-19,8348.0,566.0,0.0,0,378.65,0.0,1,6.57,0.91,SPY210129P00358000,358.0,0,0.0,0.0,,0.0,normalDay
2021-01-20,8348.0,617.0,0.0,0,383.89,0.0,1,6.57,0.4,SPY210129P00358000,358.0,0,0.0,0.0,,0.0,normalDay
2021-01-21,8348.0,629.0,0.0,0,384.24,0.0,1,6.57,0.28,SPY210129P00358000,358.0,0,0.0,0.0,,0.0,normalDay
2021-01-22,8348.0,635.0,0.0,0,382.88,0.0,1,6.57,0.22,SPY210129P00358000,358.0,0,0.0,0.0,,0.0,normalDay
2021-01-25,8348.0,645.0,0.0,0,384.39,0.0,1,6.57,0.12,SPY210129P00358000,358.0,0,0.0,0.0,,0.0,normalDay
2021-01-26,8348.0,649.0,0.0,0,383.79,0.0,1,6.57,0.08,SPY210129P00358000,358.0,0,0.0,0.0,,0.0,normalDay
2021-01-27,8348.0,587.0,0.0,0,374.41,0.0,1,6.57,0.7,SPY210129P00358000,358.0,0,0.0,0.0,,0.0,normalDay
2021-01-28,8348.0,651.0,0.0,0,377.63,0.0,1,6.57,0.06,SPY210129P00358000,358.0,0,0.0,0.0,,0.0,normalDay
2021-01-29,9005.0,0.0,657.0,0,370.07,0.0,1,6.57,0.0,SPY210129P00358000,358.0,0,0.0,0.0,,0.0,expirationDay
2021-02-01,9005.0,-6.0,0.0,0,376.23,0.0,1,10.41,10.47,SPY210319P00367000,367.0,0,0.0,0.0,,0.0,normalDay
2021-02-02,9005.0,323.0,0.0,0,381.55,0.0,1,10.41,7.18,SPY210319P00367000,367.0,0,0.0,0.0,,0.0,normalDay
2021-02-03,9005.0,408.0,0.0,0,381.85,0.0,1,10.41,6.33,SPY210319P00367000,367.0,0,0.0,0.0,,0.0,normalDay
2021-02-04,9005.0,537.0,0.0,0,386.19,0.0,1,10.41,5.04,SPY210319P00367000,367.0,0,0.0,0.0,,0.0,normalDay
2021-02-05,9005.0,589.0,0.0,0,387.71,0.0,1,10.41,4.52,SPY210319P00367000,367.0,0,0.0,0.0,,0.0,normalDay
2021-02-08,9005.0,655.0,0.0,0,390.51,0.0,1,10.41,3.86,SPY210319P00367000,367.0,0,0.0,0.0,,0.0,normalDay
2021-02-09,9005.0,660.0,0.0,0,390.25,0.0,1,10.41,3.81,SPY210319P00367000,367.0,0,0.0,0.0,,0.0,normalDay
2021-02-10,9005.0,656.0,0.0,0,390.08,0.0,1,10.41,3.85,SPY210319P00367000,367.0,0,0.0,0.0,,0.0,normalDay
2021-02-11,9005.0,690.0,0.0,0,390.71,0.0,1,10.41,3.51,SPY210319P00367000,367.0,0,0.0,0.0,,0.0,normalDay
2021-02-12,9005.0,761.0,0.0,0,392.64,0.0,1,10.41,2.8,SPY210319P00367000,367.0,0,0.0,0.0,,0.0,normalDay
2021-02-16,9005.0,763.0,0.0,0,392.3,0.0,1,10.41,2.78,SPY210319P00367000,367.0,0,0.0,0.0,,0.0,normalDay
2021-02-17,9005.0,779.0,0.0,0,392.39,0.0,1,10.41,2.62,SPY210319P00367000,367.0,0,0.0,0.0,,0.0,normalDay
2021-02-18,9005.0,747.0,0.0,0,390.72,0.0,1,10.41,2.94,SPY210319P00367000,367.0,0,0.0,0.0,,0.0,normalDay
2021-02-19,9005.0,759.0,0.0,0,390.03,0.0,1,10.41,2.82,SPY210319P00367000,367.0,0,0.0,0.0,,0.0,normalDay
2021-02-22,9005.0,722.0,0.0,0,387.03,0.0,1,10.41,3.19,SPY210319P00367000,367.0,0,0.0,0.0,,0.0,normalDay
2021-02-23,9005.0,748.0,0.0,0,387.5,0.0,1,10.41,2.93,SPY210319P00367000,367.0,0,0.0,0.0,,0.0,normalDay
2021-02-24,9005.0,849.0,0.0,0,391.77,0.0,1,10.41,1.92,SPY210319P00367000,367.0,0,0.0,0.0,,0.0,normalDay
2021-02-25,9005.0,571.0,0.0,0,382.33,0.0,1,10.41,4.7,SPY210319P00367000,367.0,0,0.0,0.0,,0.0,normalDay
2021-02-26,9005.0,553.0,0.0,0,380.36,0.0,1,10.41,4.88,SPY210319P00367000,367.0,0,0.0,0.0,,0.0,normalDay
2021-03-01,9005.0,833.0,0.0,0,389.58,0.0,1,10.41,2.08,SPY210319P00367000,367.0,0,0.0,0.0,,0.0,normalDay
2021-03-02,9005.0,788.0,0.0,0,386.54,0.0,1,10.41,2.53,SPY210319P00367000,367.0,0,0.0,0.0,,0.0,normalDay
2021-03-03,9005.0,691.0,0.0,0,381.42,0.0,1,10.41,3.5,SPY210319P00367000,367.0,0,0.0,0.0,,0.0,normalDay
2021-03-04,9005.0,552.0,0.0,0,376.7,0.0,1,10.41,4.89,SPY210319P00367000,367.0,0,0.0,0.0,,0.0,normalDay
2021-03-05,9005.0,787.0,0.0,0,383.63,0.0,1,10.41,2.54,SPY210319P00367000,367.0,0,0.0,0.0,,0.0,normalDay
2021-03-08,9005.0,780.0,0.0,0,381.72,0.0,1,10.41,2.61,SPY210319P00367000,367.0,0,0.0,0.0,,0.0,normalDay
2021-03-09,9005.0,902.0,0.0,0,387.17,0.0,1,10.41,1.39,SPY210319P00367000,367.0,0,0.0,0.0,,0.0,normalDay
2021-03-10,9005.0,968.0,0.0,0,389.58,0.0,1,10.41,0.73,SPY210319P00367000,367.0,0,0.0,0.0,,0.0,normalDay
2021-03-11,9005.0,998.0,0.0,0,393.53,0.0,1,10.41,0.43,SPY210319P00367000,367.0,0,0.0,0.0,,0.0,normalDay
2021-03-12,9005.0,1024.0,0.0,0,394.06,0.0,1,10.41,0.17,SPY210319P00367000,367.0,0,0.0,0.0,,0.0,normalDay
2021-03-15,9005.0,1034.0,0.0,0,396.41,0.0,1,10.41,0.07,SPY210319P00367000,367.0,0,0.0,0.0,,0.0,normalDay
2021-03-16,9005.0,1031.0,0.0,0,395.91,0.0,1,10.41,0.1,SPY210319P00367000,367.0,0,0.0,0.0,,0.0,normalDay
2021-03-17,9005.0,1038.0,0.0,0,397.26,0.0,1,10.41,0.03,SPY210319P00367000,367.0,0,0.0,0.0,,0.0,normalDay
2021-03-18,9005.0,1033.0,0.0,0,391.48,0.0,1,10.41,0.08,SPY210319P00367000,367.0,0,0.0,0.0,,0.0,normalDay
2021-03-19,10046.0,0.0,1041.0,0,389.48,0.0,1,10.41,0.0,SPY210319P00367000,367.0,0,0.0,0.0,,0.0,expirationDay
2021-03-22,10046.0,-7.0,0.0,0,392.59,0.0,1,3.44,3.51,SPY210430P00375000,375.0,0,0.0,0.0,,0.0,normalDay
2021-03-23,10046.0,-89.0,0.0,0,389.5,0.0,1,3.44,4.33,SPY210430P00375000,375.0,0,0.0,0.0,,0.0,normalDay
2021-03-24,10046.0,-140.0,0.0,0,387.52,0.0,1,3.44,4.84,SPY210430P00375000,375.0,0,0.0,0.0,,0.0,normalDay
2021-03-25,10046.0,-48.0,0.0,0,389.7,0.0,1,3.44,3.92,SPY210430P00375000,375.0,0,0.0,0.0,,0.0,normalDay
2021-03-26,10046.0,71.0,0.0,0,395.98,0.0,1,3.44,2.73,SPY210430P00375000,375.0,0,0.0,0.0,,0.0,normalDay
2021-03-29,10046.0,49.0,0.0,0,395.78,0.0,1,3.44,2.95,SPY210430P00375000,375.0,0,0.0,0.0,,0.0,normalDay
2021-03-30,10046.0,68.0,0.0,0,394.73,0.0,1,3.44,2.76,SPY210430P00375000,375.0,0,0.0,0.0,,0.0,normalDay
2021-03-31,10046.0,109.0,0.0,0,396.33,0.0,1,3.44,2.35,SPY210430P00375000,375.0,0,0.0,0.0,,0.0,normalDay
2021-04-01,10046.0,193.0,0.0,0,400.61,0.0,1,3.44,1.51,SPY210430P00375000,375.0,0,0.0,0.0,,0.0,normalDay
2021-04-05,10046.0,242.0,0.0,0,406.36,0.0,1,3.44,1.02,SPY210430P00375000,375.0,0,0.0,0.0,,0.0,normalDay
2021-04-06,10046.0,243.0,0.0,0,406.12,0.0,1,3.44,1.01,SPY210430P00375000,375.0,0,0.0,0.0,,0.0,normalDay
2021-04-07,10046.0,264.0,0.0,0,406.59,0.0,1,3.44,0.8,SPY210430P00375000,375.0,0,0.0,0.0,,0.0,normalDay
2021-04-08,10046.0,278.0,0.0,0,408.52,0.0,1,3.44,0.66,SPY210430P00375000,375.0,0,0.0,0.0,,0.0,normalDay
2021-04-09,10046.0,294.0,0.0,0,411.49,0.0,1,3.44,0.5,SPY210430P00375000,375.0,0,0.0,0.0,,0.0,normalDay
2021-04-12,10046.0,308.0,0.0,0,411.64,0.0,1,3.44,0.36,SPY210430P00375000,375.0,0,0.0,0.0,,0.0,normalDay
2021-04-13,10046.0,316.0,0.0,0,412.86,0.0,1,3.44,0.28,SPY210430P00375000,375.0,0,0.0,0.0,,0.0,normalDay
2021-04-14,10046.0,313.0,0.0,0,411.45,0.0,1,3.44,0.31,SPY210430P00375000,375.0,0,0.0,0.0,,0.0,normalDay
2021-04-15,10046.0,320.0,0.0,0,415.87,0.0,1,3.44,0.24,SPY210430P00375000,375.0,0,0.0,0.0,,0.0,normalDay
2021-04-16,10046.0,328.0,0.0,0,417.26,0.0,1,3.44,0.16,SPY210430P00375000,375.0,0,0.0,0.0,,0.0,normalDay
2021-04-19,10046.0,330.0,0.0,0,415.21,0.0,1,3.44,0.14,SPY210430P00375000,375.0,0,0.0,0.0,,0.0,normalDay
2021-04-20,10046.0,325.0,0.0,0,412.17,0.0,1,3.44,0.19,SPY210430P00375000,375.0,0,0.0,0.0,,0.0,normalDay
2021-04-21,10046.0,337.0,0.0,0,416.07,0.0,1,3.44,0.07,SPY210430P00375000,375.0,0,0.0,0.0,,0.0,normalDay
2021-04-22,10046.0,333.0,0.0,0,412.27,0.0,1,3.44,0.11,SPY210430P00375000,375.0,0,0.0,0.0,,0.0,normalDay
2021-04-23,10046.0,339.0,0.0,0,416.74,0.0,1,3.44,0.05,SPY210430P00375000,375.0,0,0.0,0.0,,0.0,normalDay
2021-04-26,10046.0,341.0,0.0,0,417.61,0.0,1,3.44,0.03,SPY210430P00375000,375.0,0,0.0,0.0,,0.0,normalDay
2021-04-27,10046.0,342.0,0.0,0,417.52,0.0,1,3.44,0.02,SPY210430P00375000,375.0,0,0.0,0.0,,0.0,normalDay
2021-04-28,10046.0,343.0,0.0,0,417.4,0.0,1,3.44,0.01,SPY210430P00375000,375.0,0,0.0,0.0,,0.0,normalDay
2021-04-29,10046.0,343.0,0.0,0,420.06,0.0,1,3.44,0.01,SPY210430P00375000,375.0,0,0.0,0.0,,0.0,normalDay
2021-04-30,10390.0,0.0,344.0,0,417.3,0.0,1,3.44,0.0,SPY210430P00375000,375.0,0,0.0,0.0,,0.0,expirationDay
2021-05-03,10390.0,-3.0,0.0,0,418.2,0.0,1,5.53,5.56,SPY210618P00405000,405.0,0,0.0,0.0,,0.0,normalDay
2021-05-04,10390.0,-109.0,0.0,0,415.62,0.0,1,5.53,6.62,SPY210618P00405000,405.0,0,0.0,0.0,,0.0,normalDay
2021-05-05,10390.0,-83.0,0.0,0,415.75,0.0,1,5.53,6.36,SPY210618P00405000,405.0,0,0.0,0.0,,0.0,normalDay
2021-05-06,10390.0,46.0,0.0,0,419.07,0.0,1,5.53,5.07,SPY210618P00405000,405.0,0,0.0,0.0,,0.0,normalDay
2021-05-07,10390.0,159.0,0.0,0,422.12,0.0,1,5.53,3.94,SPY210618P00405000,405.0,0,0.0,0.0,,0.0,normalDay
2021-05-10,10390.0,15.0,0.0,0,417.94,0.0,1,5.53,5.38,SPY210618P00405000,405.0,0,0.0,0.0,,0.0,normalDay
2021-05-11,10390.0,-134.0,0.0,0,414.21,0.0,1,5.53,6.87,SPY210618P00405000,405.0,0,0.0,0.0,,0.0,normalDay
2021-05-12,10390.0,-601.0,0.0,0,405.41,0.0,1,5.53,11.54,SPY210618P00405000,405.0,0,0.0,0.0,,0.0,normalDay
2021-05-13,10390.0,-291.0,0.0,0,410.28,0.0,1,5.53,8.44,SPY210618P00405000,405.0,0,0.0,0.0,,0.0,normalDay
2021-05-14,10390.0,68.0,0.0,0,416.58,0.0,1,5.53,4.85,SPY210618P00405000,405.0,0,0.0,0.0,,0.0,normalDay
2021-05-17,10390.0,37.0,0.0,0,415.52,0.0,1,5.53,5.16,SPY210618P00405000,405.0,0,0.0,0.0,,0.0,normalDay
2021-05-18,10390.0,-98.0,0.0,0,411.94,0.0,1,5.53,6.51,SPY210618P00405000,405.0,0,0.0,0.0,,0.0,normalDay
2021-05-19,10390.0,-130.0,0.0,0,410.86,0.0,1,5.53,6.83,SPY210618P00405000,405.0,0,0.0,0.0,,0.0,normalDay
2021-05-20,10390.0,47.0,0.0,0,415.28,0.0,1,5.53,5.06,SPY210618P00405000,405.0,0,0.0,0.0,,0.0,normalDay
2021-05-21,10390.0,82.0,0.0,0,414.94,0.0,1,5.53,4.71,SPY210618P00405000,405.0,0,0.0,0.0,,0.0,normalDay
2021-05-24,10390.0,252.0,0.0,0,419.17,0.0,1,5.53,3.01,SPY210618P00405000,405.0,0,0.0,0.0,,0.0,normalDay
2021-05-25,10390.0,235.0,0.0,0,418.24,0.0,1,5.53,3.18,SPY210618P00405000,405.0,0,0.0,0.0,,0.0,normalDay
2021-05-26,10390.0,299.0,0.0,0,419.07,0.0,1,5.53,2.54,SPY210618P00405000,405.0,0,0.0,0.0,,0.0,normalDay
2021-05-27,10390.0,341.0,0.0,0,419.29,0.0,1,5.53,2.12,SPY210618P00405000,405.0,0,0.0,0.0,,0.0,normalDay
2021-05-28,10390.0,361.0,0.0,0,420.04,0.0,1,5.53,1.92,SPY210618P00405000,405.0,0,0.0,0.0,,0.0,normalDay
2021-06-01,10390.0,363.0,0.0,0,419.67,0.0,1,5.53,1.9,SPY210618P00405000,405.0,0,0.0,0.0,,0.0,normalDay
2021-06-02,10390.0,401.0,0.0,0,420.33,0.0,1,5.53,1.52,SPY210618P00405000,405.0,0,0.0,0.0,,0.0,normalDay
2021-06-03,10390.0,380.0,0.0,0,418.77,0.0,1,5.53,1.73,SPY210618P00405000,405.0,0,0.0,0.0,,0.0,normalDay
2021-06-04,10390.0,459.0,0.0,0,422.6,0.0,1,5.53,0.94,SPY210618P00405000,405.0,0,0.0,0.0,,0.0,normalDay
2021-06-07,10390.0,486.0,0.0,0,422.19,0.0,1,5.53,0.67,SPY210618P00405000,405.0,0,0.0,0.0,,0.0,normalDay
2021-06-08,10390.0,476.0,0.0,0,422.28,0.0,1,5.53,0.77,SPY210618P00405000,405.0,0,0.0,0.0,,0.0,normalDay
2021-06-09,10390.0,464.0,0.0,0,421.65,0.0,1,5.53,0.89,SPY210618P00405000,405.0,0,0.0,0.0,,0.0,normalDay
2021-06-10,10390.0,512.0,0.0,0,423.61,0.0,1,5.53,0.41,SPY210618P00405000,405.0,0,0.0,0.0,,0.0,normalDay
2021-06-11,10390.0,522.0,0.0,0,424.31,0.0,1,5.53,0.31,SPY210618P00405000,405.0,0,0.0,0.0,,0.0,normalDay
2021-06-14,10390.0,534.0,0.0,0,425.26,0.0,1,5.53,0.19,SPY210618P00405000,405.0,0,0.0,0.0,,0.0,normalDay
2021-06-15,10390.0,530.0,0.0,0,424.48,0.0,1,5.53,0.23,SPY210618P00405000,405.0,0,0.0,0.0,,0.0,normalDay
2021-06-16,10390.0,523.0,0.0,0,422.11,0.0,1,5.53,0.3,SPY210618P00405000,405.0,0,0.0,0.0,,0.0,normalDay
2021-06-17,10390.0,541.0,0.0,0,421.97,0.0,1,5.53,0.12,SPY210618P00405000,405.0,0,0.0,0.0,,0.0,normalDay
2021-06-18,10943.0,0.0,553.0,0,414.92,0.0,1,5.53,0.0,SPY210618P00405000,405.0,0,0.0,0.0,,0.0,expirationDay
2021-06-21,10943.0,-5.0,0.0,0,420.86,0.0,1,5.69,5.74,SPY210730P00415000,415.0,0,0.0,0.0,,0.0,normalDay
2021-06-22,10943.0,87.0,0.0,0,423.11,0.0,1,5.69,4.82,SPY210730P00415000,415.0,0,0.0,0.0,,0.0,normalDay
2021-06-23,10943.0,105.0,0.0,0,422.6,0.0,1,5.69,4.64,SPY210730P00415000,415.0,0,0.0,0.0,,0.0,normalDay
2021-06-24,10943.0,178.0,0.0,0,425.1,0.0,1,5.69,3.91,SPY210730P00415000,415.0,0,0.0,0.0,,0.0,normalDay
2021-06-25,10943.0,240.0,0.0,0,426.61,0.0,1,5.69,3.29,SPY210730P00415000,415.0,0,0.0,0.0,,0.0,normalDay
2021-06-28,10943.0,270.0,0.0,0,427.47,0.0,1,5.69,2.99,SPY210730P00415000,415.0,0,0.0,0.0,,0.0,normalDay
2021-06-29,10943.0,283.0,0.0,0,427.7,0.0,1,5.69,2.86,SPY210730P00415000,415.0,0,0.0,0.0,,0.0,normalDay
2021-06-30,10943.0,307.0,0.0,0,428.06,0.0,1,5.69,2.62,SPY210730P00415000,415.0,0,0.0,0.0,,0.0,normalDay
2021-07-01,10943.0,342.0,0.0,0,430.43,0.0,1,5.69,2.27,SPY210730P00415000,415.0,0,0.0,0.0,,0.0,normalDay
2021-07-02,10943.0,392.0,0.0,0,433.72,0.0,1,5.69,1.77,SPY210730P00415000,415.0,0,0.0,0.0,,0.0,normalDay
2021-07-06,10943.0,382.0,0.0,0,432.93,0.0,1,5.69,1.87,SPY210730P00415000,415.0,0,0.0,0.0,,0.0,normalDay
2021-07-07,10943.0,410.0,0.0,0,434.46,0.0,1,5.69,1.59,SPY210730P00415000,415.0,0,0.0,0.0,,0.0,normalDay
2021-07-08,10943.0,309.0,0.0,0,430.92,0.0,1,5.69,2.6,SPY210730P00415000,415.0,0,0.0,0.0,,0.0,normalDay
2021-07-09,10943.0,433.0,0.0,0,435.52,0.0,1,5.69,1.36,SPY210730P00415000,415.0,0,0.0,0.0,,0.0,normalDay
2021-07-12,10943.0,466.0,0.0,0,437.08,0.0,1,5.69,1.03,SPY210730P00415000,415.0,0,0.0,0.0,,0.0,normalDay
2021-07-13,10943.0,443.0,0.0,0,435.59,0.0,1,5.69,1.26,SPY210730P00415000,415.0,0,0.0,0.0,,0.0,normalDay
2021-07-14,10943.0,480.0,0.0,0,436.24,0.0,1,5.69,0.89,SPY210730P00415000,415.0,0,0.0,0.0,,0.0,normalDay
2021-07-15,10943.0,464.0,0.0,0,434.75,0.0,1,5.69,1.05,SPY210730P00415000,415.0,0,0.0,0.0,,0.0,normalDay
2021-07-16,10943.0,422.0,0.0,0,431.34,0.0,1,5.69,1.47,SPY210730P00415000,415.0,0,0.0,0.0,,0.0,normalDay
2021-07-19,10943.0,287.0,0.0,0,424.97,0.0,1,5.69,2.82,SPY210730P00415000,415.0,0,0.0,0.0,,0.0,normalDay
2021-07-20,10943.0,444.0,0.0,0,431.06,0.0,1,5.69,1.25,SPY210730P00415000,415.0,0,0.0,0.0,,0.0,normalDay
2021-07-21,10943.0,523.0,0.0,0,434.55,0.0,1,5.69,0.46,SPY210730P00415000,415.0,0,0.0,0.0,,0.0,normalDay
2021-07-22,10943.0,537.0,0.0,0,435.46,0.0,1,5.69,0.32,SPY210730P00415000,415.0,0,0.0,0.0,,0.0,normalDay
2021-07-23,10943.0,558.0,0.0,0,439.94,0.0,1,5.69,0.11,SPY210730P00415000,415.0,0,0.0,0.0,,0.0,normalDay
2021-07-26,10943.0,565.0,0.0,0,441.02,0.0,1,5.69,0.04,SPY210730P00415000,415.0,0,0.0,0.0,,0.0,normalDay
2021-07-27,10943.0,559.0,0.0,0,439.01,0.0,1,5.69,0.1,SPY210730P00415000,415.0,0,0.0,0.0,,0.0,normalDay
2021-07-28,10943.0,565.0,0.0,0,438.83,0.0,1,5.69,0.04,SPY210730P00415000,415.0,0,0.0,0.0,,0.0,normalDay
2021-07-29,10943.0,567.0,0.0,0,440.65,0.0,1,5.69,0.02,SPY210730P00415000,415.0,0,0.0,0.0,,0.0,normalDay
2021-07-30,11512.0,0.0,569.0,0,438.51,0.0,1,5.69,0.0,SPY210730P00415000,415.0,0,0.0,0.0,,0.0,expirationDay
2021-08-02,11512.0,-5.0,0.0,0,437.59,0.0,1,6.5,6.55,SPY210917P00426000,426.0,0,0.0,0.0,,0.0,normalDay
2021-08-03,11512.0,128.0,0.0,0,441.15,0.0,1,6.5,5.22,SPY210917P00426000,426.0,0,0.0,0.0,,0.0,normalDay
2021-08-04,11512.0,99.0,0.0,0,438.98,0.0,1,6.5,5.51,SPY210917P00426000,426.0,0,0.0,0.0,,0.0,normalDay
2021-08-05,11512.0,181.0,0.0,0,441.76,0.0,1,6.5,4.69,SPY210917P00426000,426.0,0,0.0,0.0,,0.0,normalDay
2021-08-06,11512.0,239.0,0.0,0,442.49,0.0,1,6.5,4.11,SPY210917P00426000,426.0,0,0.0,0.0,,0.0,normalDay
2021-08-09,11512.0,252.0,0.0,0,442.13,0.0,1,6.5,3.98,SPY210917P00426000,426.0,0,0.0,0.0,,0.0,normalDay
2021-08-10,11512.0,260.0,0.0,0,442.68,0.0,1,6.5,3.9,SPY210917P00426000,426.0,0,0.0,0.0,,0.0,normalDay
2021-08-11,11512.0,307.0,0.0,0,443.78,0.0,1,6.5,3.43,SPY210917P00426000,426.0,0,0.0,0.0,,0.0,normalDay
2021-08-12,11512.0,350.0,0.0,0,445.11,0.0,1,6.5,3.0,SPY210917P00426000,426.0,0,0.0,0.0,,0.0,normalDay
2021-08-13,11512.0,379.0,0.0,0,445.92,0.0,1,6.5,2.71,SPY210917P00426000,426.0,0,0.0,0.0,,0.0,normalDay
2021-08-16,11512.0,397.0,0.0,0,446.97,0.0,1,6.5,2.53,SPY210917P00426000,426.0,0,0.0,0.0,,0.0,normalDay
2021-08-17,11512.0,310.0,0.0,0,444.04,0.0,1,6.5,3.4,SPY210917P00426000,426.0,0,0.0,0.0,,0.0,normalDay
2021-08-18,11512.0,137.0,0.0,0,439.18,0.0,1,6.5,5.13,SPY210917P00426000,426.0,0,0.0,0.0,,0.0,normalDay
2021-08-19,11512.0,164.0,0.0,0,439.86,0.0,1,6.5,4.86,SPY210917P00426000,426.0,0,0.0,0.0,,0.0,normalDay
2021-08-20,11512.0,328.0,0.0,0,443.36,0.0,1,6.5,3.22,SPY210917P00426000,426.0,0,0.0,0.0,,0.0,normalDay
2021-08-23,11512.0,453.0,0.0,0,447.26,0.0,1,6.5,1.97,SPY210917P00426000,426.0,0,0.0,0.0,,0.0,normalDay
2021-08-24,11512.0,466.0,0.0,0,447.97,0.0,1,6.5,1.84,SPY210917P00426000,426.0,0,0.0,0.0,,0.0,normalDay
2021-08-25,11512.0,493.0,0.0,0,448.91,0.0,1,6.5,1.57,SPY210917P00426000,426.0,0,0.0,0.0,,0.0,normalDay
2021-08-26,11512.0,433.0,0.0,0,446.26,0.0,1,6.5,2.17,SPY210917P00426000,426.0,0,0.0,0.0,,0.0,normalDay
2021-08-27,11512.0,528.0,0.0,0,450.25,0.0,1,6.5,1.22,SPY210917P00426000,426.0,0,0.0,0.0,,0.0,normalDay
2021-08-30,11512.0,564.0,0.0,0,452.23,0.0,1,6.5,0.86,SPY210917P00426000,426.0,0,0.0,0.0,,0.0,normalDay
2021-08-31,11512.0,559.0,0.0,0,451.56,0.0,1,6.5,0.91,SPY210917P00426000,426.0,0,0.0,0.0,,0.0,normalDay
2021-09-01,11512.0,575.0,0.0,0,451.8,0.0,1,6.5,0.75,SPY210917P00426000,426.0,0,0.0,0.0,,0.0,normalDay
2021-09-02,11512.0,576.0,0.0,0,453.19,0.0,1,6.5,0.74,SPY210917P00426000,426.0,0,0.0,0.0,,0.0,normalDay
2021-09-03,11512.0,590.0,0.0,0,453.08,0.0,1,6.5,0.6,SPY210917P00426000,426.0,0,0.0,0.0,,0.0,normalDay
2021-09-07,11512.0,592.0,0.0,0,451.46,0.0,1,6.5,0.58,SPY210917P00426000,426.0,0,0.0,0.0,,0.0,normalDay
2021-09-08,11512.0,601.0,0.0,0,450.91,0.0,1,6.5,0.49,SPY210917P00426000,426.0,0,0.0,0.0,,0.0,normalDay
2021-09-09,11512.0,591.0,0.0,0,448.98,0.0,1,6.5,0.59,SPY210917P00426000,426.0,0,0.0,0.0,,0.0,normalDay
2021-09-10,11512.0,541.0,0.0,0,445.44,0.0,1,6.5,1.09,SPY210917P00426000,426.0,0,0.0,0.0,,0.0,normalDay
2021-09-13,11512.0,602.0,0.0,0,446.58,0.0,1,6.5,0.48,SPY210917P00426000,426.0,0,0.0,0.0,,0.0,normalDay
2021-09-14,11512.0,615.0,0.0,0,444.17,0.0,1,6.5,0.35,SPY210917P00426000,426.0,0,0.0,0.0,,0.0,normalDay
2021-09-15,11512.0,639.0,0.0,0,447.88,0.0,1,6.5,0.11,SPY210917P00426000,426.0,0,0.0,0.0,,0.0,normalDay
2021-09-16,11512.0,643.0,0.0,0,447.17,0.0,1,6.5,0.07,SPY210917P00426000,426.0,0,0.0,0.0,,0.0,normalDay
2021-09-17,12162.0,0.0,650.0,0,441.4,0.0,1,6.5,0.0,SPY210917P00426000,426.0,0,0.0,0.0,,0.0,expirationDay
2021-09-20,12162.0,-8.0,0.0,0,434.04,0.0,1,12.4,12.48,SPY211029P00437500,437.5,0,0.0,0.0,,0.0,normalDay
2021-09-21,12162.0,13.0,0.0,0,433.63,0.0,1,12.4,12.27,SPY211029P00437500,437.5,0,0.0,0.0,,0.0,normalDay
2021-09-22,12162.0,328.0,0.0,0,437.86,0.0,1,12.4,9.12,SPY211029P00437500,437.5,0,0.0,0.0,,0.0,normalDay
2021-09-23,12162.0,598.0,0.0,0,443.18,0.0,1,12.4,6.42,SPY211029P00437500,437.5,0,0.0,0.0,,0.0,normalDay
2021-09-24,12162.0,664.0,0.0,0,443.91,0.0,1,12.4,5.76,SPY211029P00437500,437.5,0,0.0,0.0,,0.0,normalDay
2021-09-27,12162.0,626.0,0.0,0,442.64,0.0,1,12.4,6.14,SPY211029P00437500,437.5,0,0.0,0.0,,0.0,normalDay
2021-09-28,12162.0,170.0,0.0,0,433.72,0.0,1,12.4,10.7,SPY211029P00437500,437.5,0,0.0,0.0,,0.0,normalDay
2021-09-29,12162.0,228.0,0.0,0,434.45,0.0,1,12.4,10.12,SPY211029P00437500,437.5,0,0.0,0.0,,0.0,normalDay
2021-09-30,12162.0,-62.0,0.0,0,429.14,0.0,1,12.4,13.02,SPY211029P00437500,437.5,0,0.0,0.0,,0.0,normalDay
2021-10-01,12162.0,292.0,0.0,0,434.24,0.0,1,12.4,9.48,SPY211029P00437500,437.5,0,0.0,0.0,,0.0,normalDay
2021-10-04,12162.0,-38.0,0.0,0,428.64,0.0,1,12.4,12.78,SPY211029P00437500,437.5,0,0.0,0.0,,0.0,normalDay
2021-10-05,12162.0,268.0,0.0,0,433.1,0.0,1,12.4,9.72,SPY211029P00437500,437.5,0,0.0,0.0,,0.0,normalDay
2021-10-06,12162.0,362.0,0.0,0,434.9,0.0,1,12.4,8.78,SPY211029P00437500,437.5,0,0.0,0.0,,0.0,normalDay
2021-10-07,12162.0,608.0,0.0,0,438.66,0.0,1,12.4,6.32,SPY211029P00437500,437.5,0,0.0,0.0,,0.0,normalDay
2021-10-08,12162.0,594.0,0.0,0,437.86,0.0,1,12.4,6.46,SPY211029P00437500,437.5,0,0.0,0.0,,0.0,normalDay
2021-10-11,12162.0,457.0,0.0,0,434.69,0.0,1,12.4,7.83,SPY211029P00437500,437.5,0,0.0,0.0,,0.0,normalDay
2021-10-12,12162.0,402.0,0.0,0,433.62,0.0,1,12.4,8.38,SPY211029P00437500,437.5,0,0.0,0.0,,0.0,normalDay
2021-10-13,12162.0,595.0,0.0,0,435.18,0.0,1,12.4,6.45,SPY211029P00437500,437.5,0,0.0,0.0,,0.0,normalDay
2021-10-14,12162.0,946.0,0.0,0,442.5,0.0,1,12.4,2.94,SPY211029P00437500,437.5,0,0.0,0.0,,0.0,normalDay
2021-10-15,12162.0,1052.0,0.0,0,445.87,0.0,1,12.4,1.88,SPY211029P00437500,437.5,0,0.0,0.0,,0.0,normalDay
2021-10-18,12162.0,1105.0,0.0,0,447.19,0.0,1,12.4,1.35,SPY211029P00437500,437.5,0,0.0,0.0,,0.0,normalDay
2021-10-19,12162.0,1163.0,0.0,0,450.64,0.0,1,12.4,0.77,SPY211029P00437500,437.5,0,0.0,0.0,,0.0,normalDay
2021-10-20,12162.0,1186.0,0.0,0,452.41,0.0,1,12.4,0.54,SPY211029P00437500,437.5,0,0.0,0.0,,0.0,normalDay
2021-10-21,12162.0,1208.0,0.0,0,453.59,0.0,1,12.4,0.32,SPY211029P00437500,437.5,0,0.0,0.0,,0.0,normalDay
2021-10-22,12162.0,1216.0,0.0,0,453.12,0.0,1,12.4,0.24,SPY211029P00437500,437.5,0,0.0,0.0,,0.0,normalDay
2021-10-25,12162.0,1231.0,0.0,0,455.55,0.0,1,12.4,0.09,SPY211029P00437500,437.5,0,0.0,0.0,,0.0,normalDay
2021-10-26,12162.0,1231.0,0.0,0,455.96,0.0,1,12.4,0.09,SPY211029P00437500,437.5,0,0.0,0.0,,0.0,normalDay
2021-10-27,12162.0,1234.0,0.0,0,453.94,0.0,1,12.4,0.06,SPY211029P00437500,437.5,0,0.0,0.0,,0.0,normalDay
2021-10-28,12162.0,1238.0,0.0,0,458.32,0.0,1,12.4,0.02,SPY211029P00437500,437.5,0,0.0,0.0,,0.0,normalDay
2021-10-29,13402.0,0.0,1240.0,0,459.25,0.0,1,12.4,0.0,SPY211029P00437500,437.5,0,0.0,0.0,,0.0,expirationDay
2021-11-01,13402.0,-3.0,0.0,0,460.04,0.0,1,2.77,2.8,SPY211217P00425000,425.0,0,0.0,0.0,,0.0,normalDay
2021-11-02,13402.0,26.0,0.0,0,461.9,0.0,1,2.77,2.51,SPY211217P00425000,425.0,0,0.0,0.0,,0.0,normalDay
2021-11-03,13402.0,78.0,0.0,0,464.72,0.0,1,2.77,1.99,SPY211217P00425000,425.0,0,0.0,0.0,,0.0,normalDay
2021-11-04,13402.0,92.0,0.0,0,466.91,0.0,1,2.77,1.85,SPY211217P00425000,425.0,0,0.0,0.0,,0.0,normalDay
2021-11-05,13402.0,86.0,0.0,0,468.53,0.0,1,2.77,1.91,SPY211217P00425000,425.0,0,0.0,0.0,,0.0,normalDay
2021-11-08,13402.0,87.0,0.0,0,468.93,0.0,1,2.77,1.9,SPY211217P00425000,425.0,0,0.0,0.0,,0.0,normalDay
2021-11-09,13402.0,76.0,0.0,0,467.38,0.0,1,2.77,2.01,SPY211217P00425000,425.0,0,0.0,0.0,,0.0,normalDay
2021-11-10,13402.0,40.0,0.0,0,463.62,0.0,1,2.77,2.37,SPY211217P00425000,425.0,0,0.0,0.0,,0.0,normalDay
2021-11-11,13402.0,82.0,0.0,0,463.77,0.0,1,2.77,1.95,SPY211217P00425000,425.0,0,0.0,0.0,,0.0,normalDay
2021-11-12,13402.0,132.0,0.0,0,467.27,0.0,1,2.77,1.45,SPY211217P00425000,425.0,0,0.0,0.0,,0.0,normalDay
2021-11-15,13402.0,147.0,0.0,0,467.43,0.0,1,2.77,1.3,SPY211217P00425000,425.0,0,0.0,0.0,,0.0,normalDay
2021-11-16,13402.0,163.0,0.0,0,469.28,0.0,1,2.77,1.14,SPY211217P00425000,425.0,0,0.0,0.0,,0.0,normalDay
2021-11-17,13402.0,152.0,0.0,0,468.14,0.0,1,2.77,1.25,SPY211217P00425000,425.0,0,0.0,0.0,,0.0,normalDay
2021-11-18,13402.0,159.0,0.0,0,469.73,0.0,1,2.77,1.18,SPY211217P00425000,425.0,0,0.0,0.0,,0.0,normalDay
2021-11-19,13402.0,152.0,0.0,0,468.89,0.0,1,2.77,1.25,SPY211217P00425000,425.0,0,0.0,0.0,,0.0,normalDay
2021-11-22,13402.0,148.0,0.0,0,467.57,0.0,1,2.77,1.29,SPY211217P00425000,425.0,0,0.0,0.0,,0.0,normalDay
2021-11-23,13402.0,157.0,0.0,0,468.19,0.0,1,2.77,1.2,SPY211217P00425000,425.0,0,0.0,0.0,,0.0,normalDay
2021-11-24,13402.0,178.0,0.0,0,469.44,0.0,1,2.77,0.99,SPY211217P00425000,425.0,0,0.0,0.0,,0.0,normalDay
2021-11-26,13402.0,-103.0,0.0,0,458.97,0.0,1,2.77,3.8,SPY211217P00425000,425.0,0,0.0,0.0,,0.0,normalDay
2021-11-29,13402.0,138.0,0.0,0,464.6,0.0,1,2.77,1.39,SPY211217P00425000,425.0,0,0.0,0.0,,0.0,normalDay
2021-11-30,13402.0,28.0,0.0,0,455.56,0.0,1,2.77,2.49,SPY211217P00425000,425.0,0,0.0,0.0,,0.0,normalDay
2021-12-01,13402.0,-133.0,0.0,0,450.5,0.0,1,2.77,4.1,SPY211217P00425000,425.0,0,0.0,0.0,,0.0,normalDay
2021-12-02,13402.0,48.0,0.0,0,457.4,0.0,1,2.77,2.29,SPY211217P00425000,425.0,0,0.0,0.0,,0.0,normalDay
2021-12-03,13402.0,-40.0,0.0,0,453.42,0.0,1,2.77,3.17,SPY211217P00425000,425.0,0,0.0,0.0,,0.0,normalDay
2021-12-06,13402.0,125.0,0.0,0,458.79,0.0,1,2.77,1.52,SPY211217P00425000,425.0,0,0.0,0.0,,0.0,normalDay
2021-12-07,13402.0,224.0,0.0,0,468.28,0.0,1,2.77,0.53,SPY211217P00425000,425.0,0,0.0,0.0,,0.0,normalDay
2021-12-08,13402.0,253.0,0.0,0,469.52,0.0,1,2.77,0.24,SPY211217P00425000,425.0,0,0.0,0.0,,0.0,normalDay
2021-12-09,13402.0,239.0,0.0,0,466.35,0.0,1,2.77,0.38,SPY211217P00425000,425.0,0,0.0,0.0,,0.0,normalDay
2021-12-10,13402.0,265.0,0.0,0,470.74,0.0,1,2.77,0.12,SPY211217P00425000,425.0,0,0.0,0.0,,0.0,normalDay
2021-12-13,13402.0,270.0,0.0,0,466.57,0.0,1,2.77,0.07,SPY211217P00425000,425.0,0,0.0,0.0,,0.0,normalDay
2021-12-14,13402.0,269.0,0.0,0,463.36,0.0,1,2.77,0.08,SPY211217P00425000,425.0,0,0.0,0.0,,0.0,normalDay
2021-12-15,13402.0,273.0,0.0,0,470.6,0.0,1,2.77,0.04,SPY211217P00425000,425.0,0,0.0,0.0,,0.0,normalDay
2021-12-16,13402.0,274.0,0.0,0,466.45,0.0,1,2.77,0.03,SPY211217P00425000,425.0,0,0.0,0.0,,0.0,normalDay
2021-12-17,13679.0,0.0,277.0,0,459.87,0.0,1,2.77,0.0,SPY211217P00425000,425.0,0,0.0,0.0,,0.0,expirationDay
2021-12-20,13679.0,-8.0,0.0,0,454.98,0.0,1,9.35,9.43,SPY220128P00449000,449.0,0,0.0,0.0,,0.0,normalDay
2021-12-21,13679.0,286.0,0.0,0,463.06,0.0,1,9.35,6.49,SPY220128P00449000,449.0,0,0.0,0.0,,0.0,normalDay
2021-12-22,13679.0,478.0,0.0,0,467.69,0.0,1,9.35,4.57,SPY220128P00449000,449.0,0,0.0,0.0,,0.0,normalDay
2021-12-23,13679.0,569.0,0.0,0,470.6,0.0,1,9.35,3.66,SPY220128P00449000,449.0,0,0.0,0.0,,0.0,normalDay
2021-12-27,13679.0,703.0,0.0,0,477.26,0.0,1,9.35,2.32,SPY220128P00449000,449.0,0,0.0,0.0,,0.0,normalDay
2021-12-28,13679.0,718.0,0.0,0,476.87,0.0,1,9.35,2.17,SPY220128P00449000,449.0,0,0.0,0.0,,0.0,normalDay
2021-12-29,13679.0,751.0,0.0,0,477.48,0.0,1,9.35,1.84,SPY220128P00449000,449.0,0,0.0,0.0,,0.0,normalDay
2021-12-30,13679.0,732.0,0.0,0,476.16,0.0,1,9.35,2.03,SPY220128P00449000,449.0,0,0.0,0.0,,0.0,normalDay
2021-12-31,13679.0,742.0,0.0,0,474.96,0.0,1,9.35,1.93,SPY220128P00449000,449.0,0,0.0,0.0,,0.0,normalDay
2022-01-03,13679.0,798.0,0.0,0,477.71,0.0,1,9.35,1.37,SPY220128P00449000,449.0,0,0.0,0.0,,0.0,normalDay
2022-01-04,13679.0,797.0,0.0,0,477.55,0.0,1,9.35,1.38,SPY220128P00449000,449.0,0,0.0,0.0,,0.0,normalDay
2022-01-05,13679.0,638.0,0.0,0,468.38,0.0,1,9.35,2.97,SPY220128P00449000,449.0,0,0.0,0.0,,0.0,normalDay
2022-01-06,13679.0,653.0,0.0,0,467.94,0.0,1,9.35,2.82,SPY220128P00449000,449.0,0,0.0,0.0,,0.0,normalDay
2022-01-07,13679.0,681.0,0.0,0,466.09,0.0,1,9.35,2.54,SPY220128P00449000,449.0,0,0.0,0.0,,0.0,normalDay
2022-01-10,13679.0,675.0,0.0,0,465.51,0.0,1,9.35,2.6,SPY220128P00449000,449.0,0,0.0,0.0,,0.0,normalDay
2022-01-11,13679.0,756.0,0.0,0,469.75,0.0,1,9.35,1.79,SPY220128P00449000,449.0,0,0.0,0.0,,0.0,normalDay
2022-01-12,13679.0,801.0,0.0,0,471.02,0.0,1,9.35,1.34,SPY220128P00449000,449.0,0,0.0,0.0,,0.0,normalDay
2022-01-13,13679.0,669.0,0.0,0,464.53,0.0,1,9.35,2.66,SPY220128P00449000,449.0,0,0.0,0.0,,0.0,normalDay
2022-01-14,13679.0,724.0,0.0,0,464.72,0.0,1,9.35,2.11,SPY220128P00449000,449.0,0,0.0,0.0,,0.0,normalDay
2022-01-18,13679.0,515.0,0.0,0,456.49,0.0,1,9.35,4.2,SPY220128P00449000,449.0,0,0.0,0.0,,0.0,normalDay
2022-01-19,13679.0,427.0,0.0,0,451.75,0.0,1,9.35,5.08,SPY220128P00449000,449.0,0,0.0,0.0,,0.0,normalDay
2022-01-20,13679.0,177.0,0.0,0,446.75,0.0,1,9.35,7.58,SPY220128P00449000,449.0,0,0.0,0.0,,0.0,normalDay
2022-01-21,13679.0,-383.0,0.0,0,437.98,0.0,1,9.35,13.18,SPY220128P00449000,449.0,0,0.0,0.0,,0.0,normalDay
2022-01-24,13679.0,-332.0,0.0,0,439.84,0.0,1,9.35,12.67,SPY220128P00449000,449.0,0,0.0,0.0,,0.0,normalDay
2022-01-25,13679.0,-774.0,0.0,0,434.47,0.0,1,9.35,17.09,SPY220128P00449000,449.0,0,0.0,0.0,,0.0,normalDay
2022-01-26,13679.0,-739.0,0.0,0,433.38,0.0,1,9.35,16.74,SPY220128P00449000,449.0,0,0.0,0.0,,0.0,normalDay
2022-01-27,13679.0,-805.0,0.0,0,431.24,0.0,1,9.35,17.4,SPY220128P00449000,449.0,0,0.0,0.0,,0.0,normalDay
2022-01-28,14614.0,-705.0,935.0,100,441.95,449.0,1,9.35,0.0,SPY220128P00449000,449.0,0,0.0,0.0,,0.0,expirationDay
2022-01-31,14614.0,88.0,0.0,100,449.91,449.0,0,0.0,0.0,,0.0,1,0.06,0.09,SPY220304C00505000,505.0,normalDay
2022-02-01,14614.0,394.0,0.0,100,452.95,449.0,0,0.0,0.0,,0.0,1,0.06,0.07,SPY220304C00505000,505.0,normalDay
2022-02-02,14614.0,836.0,0.0,100,457.35,449.0,0,0.0,0.0,,0.0,1,0.06,0.05,SPY220304C00505000,505.0,normalDay
2022-02-03,14614.0,-238.0,0.0,100,446.6,449.0,0,0.0,0.0,,0.0,1,0.06,0.04,SPY220304C00505000,505.0,normalDay
2022-02-04,14614.0,-27.0,0.0,100,448.7,449.0,0,0.0,0.0,,0.0,1,0.06,0.03,SPY220304C00505000,505.0,normalDay
2022-02-07,14614.0,-170.0,0.0,100,447.26,449.0,0,0.0,0.0,,0.0,1,0.06,0.02,SPY220304C00505000,505.0,normalDay
2022-02-08,14614.0,198.0,0.0,100,450.94,449.0,0,0.0,0.0,,0.0,1,0.06,0.02,SPY220304C00505000,505.0,normalDay
2022-02-09,14614.0,857.0,0.0,100,457.54,449.0,0,0.0,0.0,,0.0,1,0.06,0.03,SPY220304C00505000,505.0,normalDay
2022-02-10,14614.0,36.0,0.0,100,449.32,449.0,0,0.0,0.0,,0.0,1,0.06,0.02,SPY220304C00505000,505.0,normalDay
2022-02-11,14614.0,-850.0,0.0,100,440.46,449.0,0,0.0,0.0,,0.0,1,0.06,0.02,SPY220304C00505000,505.0,normalDay
2022-02-14,14614.0,-994.0,0.0,100,439.02,449.0,0,0.0,0.0,,0.0,1,0.06,0.02,SPY220304C00505000,505.0,normalDay
2022-02-15,14614.0,-286.0,0.0,100,446.1,449.0,0,0.0,0.0,,0.0,1,0.06,0.02,SPY220304C00505000,505.0,normalDay
2022-02-16,14614.0,-235.0,0.0,100,446.6,449.0,0,0.0,0.0,,0.0,1,0.06,0.01,SPY220304C00505000,505.0,normalDay
2022-02-17,14614.0,-1189.0,0.0,100,437.06,449.0,0,0.0,0.0,,0.0,1,0.06,0.01,SPY220304C00505000,505.0,normalDay
2022-02-18,14614.0,-1472.0,0.0,100,434.23,449.0,0,0.0,0.0,,0.0,1,0.06,0.01,SPY220304C00505000,505.0,normalDay
2022-02-22,14614.0,-1938.0,0.0,100,429.57,449.0,0,0.0,0.0,,0.0,1,0.06,0.01,SPY220304C00505000,505.0,normalDay
2022-02-23,14614.0,-2701.0,0.0,100,421.95,449.0,0,0.0,0.0,,0.0,1,0.06,0.02,SPY220304C00505000,505.0,normalDay
2022-02-24,14614.0,-2066.0,0.0,100,428.3,449.0,0,0.0,0.0,,0.0,1,0.06,0.02,SPY220304C00505000,505.0,normalDay
2022-02-25,14614.0,-1120.0,0.0,100,437.75,449.0,0,0.0,0.0,,0.0,1,0.06,0.01,SPY220304C00505000,505.0,normalDay
2022-02-28,14614.0,-1232.0,0.0,100,436.63,449.0,0,0.0,0.0,,0.0,1,0.06,0.01,SPY220304C00505000,505.0,normalDay
2022-03-01,14614.0,-1897.0,0.0,100,429.98,449.0,0,0.0,0.0,,0.0,1,0.06,0.01,SPY220304C00505000,505.0,normalDay
2022-03-02,14614.0,-1106.0,0.0,100,437.89,449.0,0,0.0,0.0,,0.0,1,0.06,0.01,SPY220304C00505000,505.0,normalDay
2022-03-03,14614.0,-1324.0,0.0,100,435.71,449.0,0,0.0,0.0,,0.0,1,0.06,0.01,SPY220304C00505000,505.0,normalDay
2022-03-04,14620.0,-1683.0,6.0,100,432.17,449.0,0,0.0,0.0,,0.0,1,0.06,0.0,SPY220304C00505000,505.0,expirationDay
2022-03-07,14620.0,-2960.0,0.0,100,419.43,449.0,0,0.0,0.0,,0.0,1,0.25,0.28,SPY220408C00469000,469.0,normalDay
2022-03-08,14620.0,-3273.0,0.0,100,416.25,449.0,0,0.0,0.0,,0.0,1,0.25,0.23,SPY220408C00469000,469.0,normalDay
2022-03-09,14620.0,-2178.0,0.0,100,427.41,449.0,0,0.0,0.0,,0.0,1,0.25,0.44,SPY220408C00469000,469.0,normalDay
2022-03-10,14620.0,-2356.0,0.0,100,425.48,449.0,0,0.0,0.0,,0.0,1,0.25,0.29,SPY220408C00469000,469.0,normalDay
2022-03-11,14620.0,-2890.0,0.0,100,420.07,449.0,0,0.0,0.0,,0.0,1,0.25,0.22,SPY220408C00469000,469.0,normalDay
2022-03-14,14620.0,-3190.0,0.0,100,417.0,449.0,0,0.0,0.0,,0.0,1,0.25,0.15,SPY220408C00469000,469.0,normalDay
2022-03-15,14620.0,-2282.0,0.0,100,426.17,449.0,0,0.0,0.0,,0.0,1,0.25,0.24,SPY220408C00469000,469.0,normalDay
2022-03-16,14620.0,-1351.0,0.0,100,435.62,449.0,0,0.0,0.0,,0.0,1,0.25,0.38,SPY220408C00469000,469.0,normalDay
2022-03-17,14620.0,-816.0,0.0,100,441.07,449.0,0,0.0,0.0,,0.0,1,0.25,0.48,SPY220408C00469000,469.0,normalDay
2022-03-18,14620.0,-488.0,0.0,100,444.52,449.0,0,0.0,0.0,,0.0,1,0.25,0.65,SPY220408C00469000,469.0,normalDay
2022-03-21,14620.0,-480.0,0.0,100,444.39,449.0,0,0.0,0.0,,0.0,1,0.25,0.44,SPY220408C00469000,469.0,normalDay
2022-03-22,14620.0,13.0,0.0,100,449.59,449.0,0,0.0,0.0,,0.0,1,0.25,0.71,SPY220408C00469000,469.0,normalDay
2022-03-23,14620.0,-523.0,0.0,100,443.8,449.0,0,0.0,0.0,,0.0,1,0.25,0.28,SPY220408C00469000,469.0,normalDay
2022-03-24,14620.0,124.0,0.0,100,450.49,449.0,0,0.0,0.0,,0.0,1,0.25,0.5,SPY220408C00469000,469.0,normalDay
2022-03-25,14620.0,351.0,0.0,100,452.69,449.0,0,0.0,0.0,,0.0,1,0.25,0.43,SPY220408C00469000,469.0,normalDay
2022-03-28,14620.0,669.0,0.0,100,455.91,449.0,0,0.0,0.0,,0.0,1,0.25,0.47,SPY220408C00469000,469.0,normalDay
2022-03-29,14620.0,1145.0,0.0,100,461.55,449.0,0,0.0,0.0,,0.0,1,0.25,1.35,SPY220408C00469000,469.0,normalDay
2022-03-30,14620.0,914.0,0.0,100,458.7,449.0,0,0.0,0.0,,0.0,1,0.25,0.81,SPY220408C00469000,469.0,normalDay
2022-03-31,14620.0,270.0,0.0,100,451.64,449.0,0,0.0,0.0,,0.0,1,0.25,0.19,SPY220408C00469000,469.0,normalDay
2022-04-01,14620.0,411.0,0.0,100,452.92,449.0,0,0.0,0.0,,0.0,1,0.25,0.06,SPY220408C00469000,469.0,normalDay
2022-04-04,14620.0,798.0,0.0,100,456.8,449.0,0,0.0,0.0,,0.0,1,0.25,0.07,SPY220408C00469000,469.0,normalDay
2022-04-05,14620.0,226.0,0.0,100,451.03,449.0,0,0.0,0.0,,0.0,1,0.25,0.02,SPY220408C00469000,469.0,normalDay
2022-04-06,14620.0,-224.0,0.0,100,446.52,449.0,0,0.0,0.0,,0.0,1,0.25,0.01,SPY220408C00469000,469.0,normalDay
2022-04-07,14620.0,1.0,0.0,100,448.77,449.0,0,0.0,0.0,,0.0,1,0.25,0.01,SPY220408C00469000,469.0,normalDay
2022-04-08,14645.0,-143.0,25.0,100,447.57,449.0,0,0.0,0.0,,0.0,1,0.25,0.0,SPY220408C00469000,469.0,expirationDay
2022-04-11,14645.0,-912.0,0.0,100,439.92,449.0,0,0.0,0.0,,0.0,1,0.24,0.28,SPY220513C00474000,474.0,normalDay
2022-04-12,14645.0,-1068.0,0.0,100,438.29,449.0,0,0.0,0.0,,0.0,1,0.24,0.21,SPY220513C00474000,474.0,normalDay
2022-04-13,14645.0,-573.0,0.0,100,443.31,449.0,0,0.0,0.0,,0.0,1,0.24,0.28,SPY220513C00474000,474.0,normalDay
2022-04-14,14645.0,-1112.0,0.0,100,437.79,449.0,0,0.0,0.0,,0.0,1,0.24,0.15,SPY220513C00474000,474.0,normalDay
2022-04-18,14645.0,-1091.0,0.0,100,437.97,449.0,0,0.0,0.0,,0.0,1,0.24,0.12,SPY220513C00474000,474.0,normalDay
2022-04-19,14645.0,-389.0,0.0,100,445.04,449.0,0,0.0,0.0,,0.0,1,0.24,0.17,SPY220513C00474000,474.0,normalDay
2022-04-20,14645.0,-421.0,0.0,100,444.71,449.0,0,0.0,0.0,,0.0,1,0.24,0.16,SPY220513C00474000,474.0,normalDay
2022-04-21,14645.0,-1077.0,0.0,100,438.06,449.0,0,0.0,0.0,,0.0,1,0.24,0.07,SPY220513C00474000,474.0,normalDay
2022-04-22,14645.0,-2275.0,0.0,100,426.04,449.0,0,0.0,0.0,,0.0,1,0.24,0.03,SPY220513C00474000,474.0,normalDay
2022-04-25,14645.0,-2028.0,0.0,100,428.51,449.0,0,0.0,0.0,,0.0,1,0.24,0.03,SPY220513C00474000,474.0,normalDay
2022-04-26,14645.0,-3269.0,0.0,100,416.1,449.0,0,0.0,0.0,,0.0,1,0.24,0.03,SPY220513C00474000,474.0,normalDay
2022-04-27,14645.0,-3151.0,0.0,100,417.27,449.0,0,0.0,0.0,,0.0,1,0.24,0.02,SPY220513C00474000,474.0,normalDay
2022-04-28,14645.0,-2098.0,0.0,100,427.81,449.0,0,0.0,0.0,,0.0,1,0.24,0.03,SPY220513C00474000,474.0,normalDay
2022-04-29,14645.0,-3678.0,0.0,100,412.0,449.0,0,0.0,0.0,,0.0,1,0.24,0.02,SPY220513C00474000,474.0,normalDay
2022-05-02,14645.0,-3430.0,0.0,100,414.48,449.0,0,0.0,0.0,,0.0,1,0.24,0.02,SPY220513C00474000,474.0,normalDay
2022-05-03,14645.0,-3239.0,0.0,100,416.38,449.0,0,0.0,0.0,,0.0,1,0.24,0.01,SPY220513C00474000,474.0,normalDay
2022-05-04,14645.0,-1972.0,0.0,100,429.06,449.0,0,0.0,0.0,,0.0,1,0.24,0.02,SPY220513C00474000,474.0,normalDay
2022-05-05,14645.0,-3497.0,0.0,100,413.81,449.0,0,0.0,0.0,,0.0,1,0.24,0.02,SPY220513C00474000,474.0,normalDay
2022-05-06,14645.0,-3743.0,0.0,100,411.34,449.0,0,0.0,0.0,,0.0,1,0.24,0.01,SPY220513C00474000,474.0,normalDay
2022-05-09,14645.0,-5060.0,0.0,100,398.17,449.0,0,0.0,0.0,,0.0,1,0.24,0.01,SPY220513C00474000,474.0,normalDay
2022-05-10,14645.0,-4968.0,0.0,100,399.09,449.0,0,0.0,0.0,,0.0,1,0.24,0.01,SPY220513C00474000,474.0,normalDay
2022-05-11,14645.0,-5602.0,0.0,100,392.75,449.0,0,0.0,0.0,,0.0,1,0.24,0.01,SPY220513C00474000,474.0,normalDay
2022-05-12,14645.0,-5643.0,0.0,100,392.34,449.0,0,0.0,0.0,,0.0,1,0.24,0.01,SPY220513C00474000,474.0,normalDay
2022-05-13,14669.0,-4728.0,24.0,100,401.72,449.0,0,0.0,0.0,,0.0,1,0.24,0.0,SPY220513C00474000,474.0,expirationDay
2022-05-16,14669.0,-4894.0,0.0,100,400.09,449.0,0,0.0,0.0,,0.0,1,0.02,0.05,SPY220617C00468000,468.0,normalDay
2022-05-17,14669.0,-4071.0,0.0,100,408.32,449.0,0,0.0,0.0,,0.0,1,0.02,0.05,SPY220617C00468000,468.0,normalDay
2022-05-18,14669.0,-5716.0,0.0,100,391.86,449.0,0,0.0,0.0,,0.0,1,0.02,0.04,SPY220617C00468000,468.0,normalDay
2022-05-19,14669.0,-5956.0,0.0,100,389.46,449.0,0,0.0,0.0,,0.0,1,0.02,0.04,SPY220617C00468000,468.0,normalDay
2022-05-20,14669.0,-5939.0,0.0,100,389.63,449.0,0,0.0,0.0,,0.0,1,0.02,0.04,SPY220617C00468000,468.0,normalDay
2022-05-23,14669.0,-5210.0,0.0,100,396.92,449.0,0,0.0,0.0,,0.0,1,0.02,0.04,SPY220617C00468000,468.0,normalDay
2022-05-24,14669.0,-5513.0,0.0,100,393.89,449.0,0,0.0,0.0,,0.0,1,0.02,0.04,SPY220617C00468000,468.0,normalDay
2022-05-25,14669.0,-5165.0,0.0,100,397.37,449.0,0,0.0,0.0,,0.0,1,0.02,0.04,SPY220617C00468000,468.0,normalDay
2022-05-26,14669.0,-4372.0,0.0,100,405.31,449.0,0,0.0,0.0,,0.0,1,0.02,0.05,SPY220617C00468000,468.0,normalDay
2022-05-27,14669.0,-3380.0,0.0,100,415.26,449.0,0,0.0,0.0,,0.0,1,0.02,0.08,SPY220617C00468000,468.0,normalDay
2022-05-31,14669.0,-3610.0,0.0,100,412.93,449.0,0,0.0,0.0,,0.0,1,0.02,0.05,SPY220617C00468000,468.0,normalDay
2022-06-01,14669.0,-3942.0,0.0,100,409.59,449.0,0,0.0,0.0,,0.0,1,0.02,0.03,SPY220617C00468000,468.0,normalDay
2022-06-02,14669.0,-3162.0,0.0,100,417.39,449.0,0,0.0,0.0,,0.0,1,0.02,0.03,SPY220617C00468000,468.0,normalDay
2022-06-03,14669.0,-3847.0,0.0,100,410.54,449.0,0,0.0,0.0,,0.0,1,0.02,0.03,SPY220617C00468000,468.0,normalDay
2022-06-06,14669.0,-3721.0,0.0,100,411.79,449.0,0,0.0,0.0,,0.0,1,0.02,0.02,SPY220617C00468000,468.0,normalDay
2022-06-07,14669.0,-3326.0,0.0,100,415.74,449.0,0,0.0,0.0,,0.0,1,0.02,0.02,SPY220617C00468000,468.0,normalDay
2022-06-08,14669.0,-3778.0,0.0,100,411.22,449.0,0,0.0,0.0,,0.0,1,0.02,0.02,SPY220617C00468000,468.0,normalDay
2022-06-09,14669.0,-4756.0,0.0,100,401.44,449.0,0,0.0,0.0,,0.0,1,0.02,0.02,SPY220617C00468000,468.0,normalDay
2022-06-10,14669.0,-5919.0,0.0,100,389.8,449.0,0,0.0,0.0,,0.0,1,0.02,0.01,SPY220617C00468000,468.0,normalDay
2022-06-13,14669.0,-7399.0,0.0,100,375.0,449.0,0,0.0,0.0,,0.0,1,0.02,0.01,SPY220617C00468000,468.0,normalDay
2022-06-14,14669.0,-7512.0,0.0,100,373.87,449.0,0,0.0,0.0,,0.0,1,0.02,0.01,SPY220617C00468000,468.0,normalDay
2022-06-15,14669.0,-6979.0,0.0,100,379.2,449.0,0,0.0,0.0,,0.0,1,0.02,0.01,SPY220617C00468000,468.0,normalDay
2022-06-16,14669.0,-8234.0,0.0,100,366.65,449.0,0,0.0,0.0,,0.0,1,0.02,0.01,SPY220617C00468000,468.0,normalDay
2022-06-17,14671.0,-8314.0,2.0,100,365.86,449.0,0,0.0,0.0,,0.0,1,0.02,0.0,SPY220617C00468000,468.0,expirationDay
2022-06-21,14671.0,-7396.0,0.0,100,375.07,449.0,0,0.0,0.0,,0.0,1,0.03,0.06,SPY220722C00452000,452.0,normalDay
2022-06-22,14671.0,-7464.0,0.0,100,374.39,449.0,0,0.0,0.0,,0.0,1,0.03,0.06,SPY220722C00452000,452.0,normalDay
2022-06-23,14671.0,-7097.0,0.0,100,378.06,449.0,0,0.0,0.0,,0.0,1,0.03,0.06,SPY220722C00452000,452.0,normalDay
2022-06-24,14671.0,-5897.0,0.0,100,390.08,449.0,0,0.0,0.0,,0.0,1,0.03,0.08,SPY220722C00452000,452.0,normalDay
2022-06-27,14671.0,-6044.0,0.0,100,388.59,449.0,0,0.0,0.0,,0.0,1,0.03,0.06,SPY220722C00452000,452.0,normalDay
2022-06-28,14671.0,-6835.0,0.0,100,380.65,449.0,0,0.0,0.0,,0.0,1,0.03,0.03,SPY220722C00452000,452.0,normalDay
2022-06-29,14671.0,-6866.0,0.0,100,380.34,449.0,0,0.0,0.0,,0.0,1,0.03,0.03,SPY220722C00452000,452.0,normalDay
2022-06-30,14671.0,-7174.0,0.0,100,377.25,449.0,0,0.0,0.0,,0.0,1,0.03,0.02,SPY220722C00452000,452.0,normalDay
2022-07-01,14671.0,-6775.0,0.0,100,381.24,449.0,0,0.0,0.0,,0.0,1,0.03,0.02,SPY220722C00452000,452.0,normalDay
2022-07-05,14671.0,-6703.0,0.0,100,381.96,449.0,0,0.0,0.0,,0.0,1,0.03,0.02,SPY220722C00452000,452.0,normalDay
2022-07-06,14671.0,-6573.0,0.0,100,383.25,449.0,0,0.0,0.0,,0.0,1,0.03,0.01,SPY220722C00452000,452.0,normalDay
2022-07-07,14671.0,-5999.0,0.0,100,388.99,449.0,0,0.0,0.0,,0.0,1,0.03,0.01,SPY220722C00452000,452.0,normalDay
2022-07-08,14671.0,-6031.0,0.0,100,388.67,449.0,0,0.0,0.0,,0.0,1,0.03,0.01,SPY220722C00452000,452.0,normalDay
2022-07-11,14671.0,-6475.0,0.0,100,384.23,449.0,0,0.0,0.0,,0.0,1,0.03,0.01,SPY220722C00452000,452.0,normalDay
2022-07-12,14671.0,-6815.0,0.0,100,380.83,449.0,0,0.0,0.0,,0.0,1,0.03,0.01,SPY220722C00452000,452.0,normalDay
2022-07-13,14671.0,-7015.0,0.0,100,378.83,449.0,0,0.0,0.0,,0.0,1,0.03,0.01,SPY220722C00452000,452.0,normalDay
2022-07-14,14671.0,-7107.0,0.0,100,377.91,449.0,0,0.0,0.0,,0.0,1,0.03,0.01,SPY220722C00452000,452.0,normalDay
2022-07-15,14671.0,-6385.0,0.0,100,385.13,449.0,0,0.0,0.0,,0.0,1,0.03,0.01,SPY220722C00452000,452.0,normalDay
2022-07-18,14671.0,-6703.0,0.0,100,381.95,449.0,0,0.0,0.0,,0.0,1,0.03,0.01,SPY220722C00452000,452.0,normalDay
2022-07-19,14671.0,-5671.0,0.0,100,392.27,449.0,0,0.0,0.0,,0.0,1,0.03,0.01,SPY220722C00452000,452.0,normalDay
2022-07-20,14671.0,-5421.0,0.0,100,394.77,449.0,0,0.0,0.0,,0.0,1,0.03,0.01,SPY220722C00452000,452.0,normalDay
2022-07-21,14671.0,-5019.0,0.0,100,398.79,449.0,0,0.0,0.0,,0.0,1,0.03,0.01,SPY220722C00452000,452.0,normalDay
2022-07-22,14674.0,-5391.0,3.0,100,395.09,449.0,0,0.0,0.0,,0.0,1,0.03,0.0,SPY220722C00452000,452.0,expirationDay
2022-07-25,14674.0,-5349.0,0.0,100,395.57,449.0,0,0.0,0.0,,0.0,1,5.06,5.12,SPY220826C00407000,407.0,normalDay
2022-07-26,14674.0,-5691.0,0.0,100,390.89,449.0,0,0.0,0.0,,0.0,1,5.06,3.86,SPY220826C00407000,407.0,normalDay
2022-07-27,14674.0,-4937.0,0.0,100,401.04,449.0,0,0.0,0.0,,0.0,1,5.06,6.47,SPY220826C00407000,407.0,normalDay
2022-07-28,14674.0,-4737.0,0.0,100,406.07,449.0,0,0.0,0.0,,0.0,1,5.06,9.5,SPY220826C00407000,407.0,normalDay
2022-07-29,14674.0,-4401.0,0.0,100,411.99,449.0,0,0.0,0.0,,0.0,1,5.06,12.06,SPY220826C00407000,407.0,normalDay
2022-08-01,14674.0,-4460.0,0.0,100,410.77,449.0,0,0.0,0.0,,0.0,1,5.06,11.43,SPY220826C00407000,407.0,normalDay
2022-08-02,14674.0,-4574.0,0.0,100,408.06,449.0,0,0.0,0.0,,0.0,1,5.06,9.86,SPY220826C00407000,407.0,normalDay
2022-08-03,14674.0,-4248.0,0.0,100,414.45,449.0,0,0.0,0.0,,0.0,1,5.06,12.99,SPY220826C00407000,407.0,normalDay
2022-08-04,14674.0,-4256.0,0.0,100,414.17,449.0,0,0.0,0.0,,0.0,1,5.06,12.79,SPY220826C00407000,407.0,normalDay
2022-08-05,14674.0,-4202.0,0.0,100,413.47,449.0,0,0.0,0.0,,0.0,1,5.06,11.55,SPY220826C00407000,407.0,normalDay
2022-08-08,14674.0,-4214.0,0.0,100,412.99,449.0,0,0.0,0.0,,0.0,1,5.06,11.19,SPY220826C00407000,407.0,normalDay
2022-08-09,14674.0,-4275.0,0.0,100,411.35,449.0,0,0.0,0.0,,0.0,1,5.06,10.16,SPY220826C00407000,407.0,normalDay
2022-08-10,14674.0,-3933.0,0.0,100,419.99,449.0,0,0.0,0.0,,0.0,1,5.06,15.38,SPY220826C00407000,407.0,normalDay
2022-08-11,14674.0,-3986.0,0.0,100,419.99,449.0,0,0.0,0.0,,0.0,1,5.06,15.91,SPY220826C00407000,407.0,normalDay
2022-08-12,14674.0,-3805.0,0.0,100,427.1,449.0,0,0.0,0.0,,0.0,1,5.06,21.21,SPY220826C00407000,407.0,normalDay
2022-08-15,14674.0,-3771.0,0.0,100,428.86,449.0,0,0.0,0.0,,0.0,1,5.06,22.63,SPY220826C00407000,407.0,normalDay
2022-08-16,14674.0,-3748.0,0.0,100,429.7,449.0,0,0.0,0.0,,0.0,1,5.06,23.24,SPY220826C00407000,407.0,normalDay
2022-08-17,14674.0,-3795.0,0.0,100,426.65,449.0,0,0.0,0.0,,0.0,1,5.06,20.66,SPY220826C00407000,407.0,normalDay
2022-08-18,14674.0,-3734.0,0.0,100,427.89,449.0,0,0.0,0.0,,0.0,1,5.06,21.29,SPY220826C00407000,407.0,normalDay
2022-08-19,14674.0,-3769.0,0.0,100,422.14,449.0,0,0.0,0.0,,0.0,1,5.06,15.89,SPY220826C00407000,407.0,normalDay
2022-08-22,14674.0,-3911.0,0.0,100,413.35,449.0,0,0.0,0.0,,0.0,1,5.06,8.52,SPY220826C00407000,407.0,normalDay
2022-08-23,14674.0,-3857.0,0.0,100,412.35,449.0,0,0.0,0.0,,0.0,1,5.06,6.98,SPY220826C00407000,407.0,normalDay
2022-08-24,14674.0,-3797.0,0.0,100,413.67,449.0,0,0.0,0.0,,0.0,1,5.06,7.7,SPY220826C00407000,407.0,normalDay
2022-08-25,14674.0,-3673.0,0.0,100,419.51,449.0,0,0.0,0.0,,0.0,1,5.06,12.3,SPY220826C00407000,407.0,normalDay
2022-08-26,15180.0,-4369.0,506.0,100,405.31,449.0,0,0.0,0.0,,0.0,1,5.06,0.0,SPY220826C00407000,407.0,expirationDay
2022-08-29,15180.0,-4640.0,0.0,100,402.63,449.0,0,0.0,0.0,,0.0,1,0.31,0.34,SPY220930C00443000,443.0,normalDay
2022-08-30,15180.0,-5067.0,0.0,100,398.21,449.0,0,0.0,0.0,,0.0,1,0.31,0.19,SPY220930C00443000,443.0,normalDay
2022-08-31,15180.0,-5366.0,0.0,100,395.18,449.0,0,0.0,0.0,,0.0,1,0.31,0.15,SPY220930C00443000,443.0,normalDay
2022-09-01,15180.0,-5242.0,0.0,100,396.42,449.0,0,0.0,0.0,,0.0,1,0.31,0.15,SPY220930C00443000,443.0,normalDay
2022-09-02,15180.0,-5654.0,0.0,100,392.24,449.0,0,0.0,0.0,,0.0,1,0.31,0.09,SPY220930C00443000,443.0,normalDay
2022-09-06,15180.0,-5801.0,0.0,100,390.76,449.0,0,0.0,0.0,,0.0,1,0.31,0.08,SPY220930C00443000,443.0,normalDay
2022-09-07,15180.0,-5104.0,0.0,100,397.78,449.0,0,0.0,0.0,,0.0,1,0.31,0.13,SPY220930C00443000,443.0,normalDay
2022-09-08,15180.0,-4844.0,0.0,100,400.38,449.0,0,0.0,0.0,,0.0,1,0.31,0.13,SPY220930C00443000,443.0,normalDay
2022-09-09,15180.0,-4226.0,0.0,100,406.6,449.0,0,0.0,0.0,,0.0,1,0.31,0.17,SPY220930C00443000,443.0,normalDay
2022-09-12,15180.0,-3805.0,0.0,100,410.97,449.0,0,0.0,0.0,,0.0,1,0.31,0.33,SPY220930C00443000,443.0,normalDay
2022-09-13,15180.0,-5564.0,0.0,100,393.1,449.0,0,0.0,0.0,,0.0,1,0.31,0.05,SPY220930C00443000,443.0,normalDay
2022-09-14,15180.0,-5413.0,0.0,100,394.6,449.0,0,0.0,0.0,,0.0,1,0.31,0.04,SPY220930C00443000,443.0,normalDay
2022-09-15,15180.0,-5860.0,0.0,100,390.12,449.0,0,0.0,0.0,,0.0,1,0.31,0.03,SPY220930C00443000,443.0,normalDay
2022-09-16,15180.0,-6315.0,0.0,100,385.56,449.0,0,0.0,0.0,,0.0,1,0.31,0.02,SPY220930C00443000,443.0,normalDay
2022-09-19,15180.0,-6016.0,0.0,100,388.55,449.0,0,0.0,0.0,,0.0,1,0.31,0.02,SPY220930C00443000,443.0,normalDay
2022-09-20,15180.0,-6462.0,0.0,100,384.09,449.0,0,0.0,0.0,,0.0,1,0.31,0.02,SPY220930C00443000,443.0,normalDay
2022-09-21,15180.0,-7131.0,0.0,100,377.39,449.0,0,0.0,0.0,,0.0,1,0.31,0.01,SPY220930C00443000,443.0,normalDay
2022-09-22,15180.0,-7448.0,0.0,100,374.22,449.0,0,0.0,0.0,,0.0,1,0.31,0.01,SPY220930C00443000,443.0,normalDay
2022-09-23,15180.0,-8075.0,0.0,100,367.95,449.0,0,0.0,0.0,,0.0,1,0.31,0.01,SPY220930C00443000,443.0,normalDay
2022-09-26,15180.0,-8439.0,0.0,100,364.31,449.0,0,0.0,0.0,,0.0,1,0.31,0.01,SPY220930C00443000,443.0,normalDay
2022-09-27,15180.0,-8532.0,0.0,100,363.38,449.0,0,0.0,0.0,,0.0,1,0.31,0.01,SPY220930C00443000,443.0,normalDay
2022-09-28,15180.0,-7817.0,0.0,100,370.53,449.0,0,0.0,0.0,,0.0,1,0.31,0.01,SPY220930C00443000,443.0,normalDay
2022-09-29,15180.0,-8591.0,0.0,100,362.79,449.0,0,0.0,0.0,,0.0,1,0.31,0.01,SPY220930C00443000,443.0,normalDay
2022-09-30,15211.0,-9182.0,31.0,100,357.18,449.0,0,0.0,0.0,,0.0,1,0.31,0.0,SPY220930C00443000,443.0,expirationDay
2022-10-03,15211.0,-8242.0,0.0,100,366.61,449.0,0,0.0,0.0,,0.0,1,0.06,0.09,SPY221104C00435000,435.0,normalDay
2022-10-04,15211.0,-7120.0,0.0,100,377.97,449.0,0,0.0,0.0,,0.0,1,0.06,0.23,SPY221104C00435000,435.0,normalDay
2022-10-05,15211.0,-7200.0,0.0,100,377.09,449.0,0,0.0,0.0,,0.0,1,0.06,0.15,SPY221104C00435000,435.0,normalDay
2022-10-06,15211.0,-7585.0,0.0,100,373.2,449.0,0,0.0,0.0,,0.0,1,0.06,0.11,SPY221104C00435000,435.0,normalDay
2022-10-07,15211.0,-8621.0,0.0,100,362.79,449.0,0,0.0,0.0,,0.0,1,0.06,0.06,SPY221104C00435000,435.0,normalDay
2022-10-10,15211.0,-8897.0,0.0,100,360.02,449.0,0,0.0,0.0,,0.0,1,0.06,0.05,SPY221104C00435000,435.0,normalDay
2022-10-11,15211.0,-9125.0,0.0,100,357.74,449.0,0,0.0,0.0,,0.0,1,0.06,0.05,SPY221104C00435000,435.0,normalDay
2022-10-12,15211.0,-9243.0,0.0,100,356.56,449.0,0,0.0,0.0,,0.0,1,0.06,0.05,SPY221104C00435000,435.0,normalDay
2022-10-13,15211.0,-8306.0,0.0,100,365.97,449.0,0,0.0,0.0,,0.0,1,0.06,0.09,SPY221104C00435000,435.0,normalDay
2022-10-14,15211.0,-9136.0,0.0,100,357.63,449.0,0,0.0,0.0,,0.0,1,0.06,0.05,SPY221104C00435000,435.0,normalDay
2022-10-17,15211.0,-8217.0,0.0,100,366.82,449.0,0,0.0,0.0,,0.0,1,0.06,0.05,SPY221104C00435000,435.0,normalDay
2022-10-18,15211.0,-7788.0,0.0,100,371.13,449.0,0,0.0,0.0,,0.0,1,0.06,0.07,SPY221104C00435000,435.0,normalDay
2022-10-19,15211.0,-8048.0,0.0,100,368.5,449.0,0,0.0,0.0,,0.0,1,0.06,0.04,SPY221104C00435000,435.0,normalDay
2022-10-20,15211.0,-8355.0,0.0,100,365.41,449.0,0,0.0,0.0,,0.0,1,0.06,0.02,SPY221104C00435000,435.0,normalDay
2022-10-21,15211.0,-7469.0,0.0,100,374.29,449.0,0,0.0,0.0,,0.0,1,0.06,0.04,SPY221104C00435000,435.0,normalDay
2022-10-24,15211.0,-7011.0,0.0,100,378.87,449.0,0,0.0,0.0,,0.0,1,0.06,0.04,SPY221104C00435000,435.0,normalDay
2022-10-25,15211.0,-6405.0,0.0,100,384.92,449.0,0,0.0,0.0,,0.0,1,0.06,0.03,SPY221104C00435000,435.0,normalDay
2022-10-26,15211.0,-6694.0,0.0,100,382.02,449.0,0,0.0,0.0,,0.0,1,0.06,0.02,SPY221104C00435000,435.0,normalDay
2022-10-27,15211.0,-6897.0,0.0,100,379.98,449.0,0,0.0,0.0,,0.0,1,0.06,0.01,SPY221104C00435000,435.0,normalDay
2022-10-28,15211.0,-5994.0,0.0,100,389.02,449.0,0,0.0,0.0,,0.0,1,0.06,0.02,SPY221104C00435000,435.0,normalDay
2022-10-31,15211.0,-6274.0,0.0,100,386.21,449.0,0,0.0,0.0,,0.0,1,0.06,0.01,SPY221104C00435000,435.0,normalDay
2022-11-01,15211.0,-6443.0,0.0,100,384.52,449.0,0,0.0,0.0,,0.0,1,0.06,0.01,SPY221104C00435000,435.0,normalDay
2022-11-02,15211.0,-7408.0,0.0,100,374.87,449.0,0,0.0,0.0,,0.0,1,0.06,0.01,SPY221104C00435000,435.0,normalDay
2022-11-03,15211.0,-7794.0,0.0,100,371.01,449.0,0,0.0,0.0,,0.0,1,0.06,0.01,SPY221104C00435000,435.0,normalDay
2022-11-04,15217.0,-7265.0,6.0,100,376.35,449.0,0,0.0,0.0,,0.0,1,0.06,0.0,SPY221104C00435000,435.0,expirationDay
2022-11-07,15217.0,-6909.0,0.0,100,379.95,449.0,0,0.0,0.0,,0.0,1,2.22,2.26,SPY221209C00405000,405.0,normalDay
2022-11-08,15217.0,-6737.0,0.0,100,382.0,449.0,0,0.0,0.0,,0.0,1,2.22,2.59,SPY221209C00405000,405.0,normalDay
2022-11-09,15217.0,-7401.0,0.0,100,374.13,449.0,0,0.0,0.0,,0.0,1,2.22,1.36,SPY221209C00405000,405.0,normalDay
2022-11-10,15217.0,-5796.0,0.0,100,394.69,449.0,0,0.0,0.0,,0.0,1,2.22,5.87,SPY221209C00405000,405.0,normalDay
2022-11-11,15217.0,-5455.0,0.0,100,398.51,449.0,0,0.0,0.0,,0.0,1,2.22,6.28,SPY221209C00405000,405.0,normalDay
2022-11-14,15217.0,-5653.0,0.0,100,395.12,449.0,0,0.0,0.0,,0.0,1,2.22,4.87,SPY221209C00405000,405.0,normalDay
2022-11-15,15217.0,-5422.0,0.0,100,398.49,449.0,0,0.0,0.0,,0.0,1,2.22,5.93,SPY221209C00405000,405.0,normalDay
2022-11-16,15217.0,-5568.0,0.0,100,395.45,449.0,0,0.0,0.0,,0.0,1,2.22,4.35,SPY221209C00405000,405.0,normalDay
2022-11-17,15217.0,-5619.0,0.0,100,394.24,449.0,0,0.0,0.0,,0.0,1,2.22,3.65,SPY221209C00405000,405.0,normalDay
2022-11-18,15217.0,-5438.0,0.0,100,396.03,449.0,0,0.0,0.0,,0.0,1,2.22,3.63,SPY221209C00405000,405.0,normalDay
2022-11-21,15217.0,-5482.0,0.0,100,394.59,449.0,0,0.0,0.0,,0.0,1,2.22,2.63,SPY221209C00405000,405.0,normalDay
2022-11-22,15217.0,-5080.0,0.0,100,399.9,449.0,0,0.0,0.0,,0.0,1,2.22,3.92,SPY221209C00405000,405.0,normalDay
2022-11-23,15217.0,-4880.0,0.0,100,402.42,449.0,0,0.0,0.0,,0.0,1,2.22,4.44,SPY221209C00405000,405.0,normalDay
2022-11-25,15217.0,-4847.0,0.0,100,402.33,449.0,0,0.0,0.0,,0.0,1,2.22,4.02,SPY221209C00405000,405.0,normalDay
2022-11-28,15217.0,-5261.0,0.0,100,395.91,449.0,0,0.0,0.0,,0.0,1,2.22,1.74,SPY221209C00405000,405.0,normalDay
2022-11-29,15217.0,-5300.0,0.0,100,395.23,449.0,0,0.0,0.0,,0.0,1,2.22,1.45,SPY221209C00405000,405.0,normalDay
2022-11-30,15217.0,-4556.0,0.0,100,407.68,449.0,0,0.0,0.0,,0.0,1,2.22,6.46,SPY221209C00405000,405.0,normalDay
2022-12-01,15217.0,-4479.0,0.0,100,407.38,449.0,0,0.0,0.0,,0.0,1,2.22,5.39,SPY221209C00405000,405.0,normalDay
2022-12-02,15217.0,-4402.0,0.0,100,406.91,449.0,0,0.0,0.0,,0.0,1,2.22,4.15,SPY221209C00405000,405.0,normalDay
2022-12-05,15217.0,-4828.0,0.0,100,399.59,449.0,0,0.0,0.0,,0.0,1,2.22,1.09,SPY221209C00405000,405.0,normalDay
2022-12-06,15217.0,-5319.0,0.0,100,393.83,449.0,0,0.0,0.0,,0.0,1,2.22,0.24,SPY221209C00405000,405.0,normalDay
2022-12-07,15217.0,-5372.0,0.0,100,393.16,449.0,0,0.0,0.0,,0.0,1,2.22,0.1,SPY221209C00405000,405.0,normalDay
2022-12-08,15217.0,-5064.0,0.0,100,396.24,449.0,0,0.0,0.0,,0.0,1,2.22,0.1,SPY221209C00405000,405.0,normalDay
2022-12-09,15439.0,-5572.0,222.0,100,393.28,449.0,0,0.0,0.0,,0.0,1,2.22,0.0,SPY221209C00405000,405.0,expirationDay
2022-12-12,15439.0,-5012.0,0.0,100,398.95,449.0,0,0.0,0.0,,0.0,1,4.22,4.29,SPY230113C00414000,414.0,normalDay
2022-12-13,15439.0,-4731.0,0.0,100,401.97,449.0,0,0.0,0.0,,0.0,1,4.22,4.5,SPY230113C00414000,414.0,normalDay
2022-12-14,15439.0,-4853.0,0.0,100,399.4,449.0,0,0.0,0.0,,0.0,1,4.22,3.15,SPY230113C00414000,414.0,normalDay
2022-12-15,15439.0,-5630.0,0.0,100,389.63,449.0,0,0.0,0.0,,0.0,1,4.22,1.15,SPY230113C00414000,414.0,normalDay
2022-12-16,15439.0,-6211.0,0.0,100,383.27,449.0,0,0.0,0.0,,0.0,1,4.22,0.6,SPY230113C00414000,414.0,normalDay
2022-12-19,15439.0,-6515.0,0.0,100,380.02,449.0,0,0.0,0.0,,0.0,1,4.22,0.39,SPY230113C00414000,414.0,normalDay
2022-12-20,15439.0,-6459.0,0.0,100,380.54,449.0,0,0.0,0.0,,0.0,1,4.22,0.35,SPY230113C00414000,414.0,normalDay
2022-12-21,15439.0,-5908.0,0.0,100,386.23,449.0,0,0.0,0.0,,0.0,1,4.22,0.53,SPY230113C00414000,414.0,normalDay
2022-12-22,15439.0,-6437.0,0.0,100,380.72,449.0,0,0.0,0.0,,0.0,1,4.22,0.31,SPY230113C00414000,414.0,normalDay
2022-12-23,15439.0,-6214.0,0.0,100,382.91,449.0,0,0.0,0.0,,0.0,1,4.22,0.27,SPY230113C00414000,414.0,normalDay
2022-12-27,15439.0,-6358.0,0.0,100,381.4,449.0,0,0.0,0.0,,0.0,1,4.22,0.2,SPY230113C00414000,414.0,normalDay
2022-12-28,15439.0,-6823.0,0.0,100,376.66,449.0,0,0.0,0.0,,0.0,1,4.22,0.11,SPY230113C00414000,414.0,normalDay
2022-12-29,15439.0,-6150.0,0.0,100,383.44,449.0,0,0.0,0.0,,0.0,1,4.22,0.16,SPY230113C00414000,414.0,normalDay
2022-12-30,15439.0,-6245.0,0.0,100,382.43,449.0,0,0.0,0.0,,0.0,1,4.22,0.1,SPY230113C00414000,414.0,normalDay
2023-01-03,15439.0,-6402.0,0.0,100,380.82,449.0,0,0.0,0.0,,0.0,1,4.22,0.06,SPY230113C00414000,414.0,normalDay
2023-01-04,15439.0,-6108.0,0.0,100,383.76,449.0,0,0.0,0.0,,0.0,1,4.22,0.06,SPY230113C00414000,414.0,normalDay
2023-01-05,15439.0,-6543.0,0.0,100,379.38,449.0,0,0.0,0.0,,0.0,1,4.22,0.03,SPY230113C00414000,414.0,normalDay
2023-01-06,15439.0,-5674.0,0.0,100,388.08,449.0,0,0.0,0.0,,0.0,1,4.22,0.04,SPY230113C00414000,414.0,normalDay
2023-01-09,15439.0,-5696.0,0.0,100,387.86,449.0,0,0.0,0.0,,0.0,1,4.22,0.04,SPY230113C00414000,414.0,normalDay
2023-01-10,15439.0,-5423.0,0.0,100,390.58,449.0,0,0.0,0.0,,0.0,1,4.22,0.03,SPY230113C00414000,414.0,normalDay
2023-01-11,15439.0,-4933.0,0.0,100,395.52,449.0,0,0.0,0.0,,0.0,1,4.22,0.07,SPY230113C00414000,414.0,normalDay
2023-01-12,15439.0,-4783.0,0.0,100,396.96,449.0,0,0.0,0.0,,0.0,1,4.22,0.01,SPY230113C00414000,414.0,normalDay
2023-01-13,15861.0,-5050.0,422.0,100,398.5,449.0,0,0.0,0.0,,0.0,1,4.22,0.0,SPY230113C00414000,414.0,expirationDay
2023-01-17,15861.0,-5127.0,0.0,100,397.77,449.0,0,0.0,0.0,,0.0,1,4.55,4.59,SPY230217C00407000,407.0,normalDay
2023-01-18,15861.0,-5558.0,0.0,100,391.49,449.0,0,0.0,0.0,,0.0,1,4.55,2.62,SPY230217C00407000,407.0,normalDay
2023-01-19,15861.0,-5763.0,0.0,100,388.64,449.0,0,0.0,0.0,,0.0,1,4.55,1.82,SPY230217C00407000,407.0,normalDay
2023-01-20,15861.0,-5210.0,0.0,100,395.88,449.0,0,0.0,0.0,,0.0,1,4.55,3.53,SPY230217C00407000,407.0,normalDay
2023-01-23,15861.0,-4890.0,0.0,100,400.63,449.0,0,0.0,0.0,,0.0,1,4.55,5.08,SPY230217C00407000,407.0,normalDay
2023-01-24,15861.0,-4944.0,0.0,100,400.2,449.0,0,0.0,0.0,,0.0,1,4.55,5.19,SPY230217C00407000,407.0,normalDay
2023-01-25,15861.0,-4871.0,0.0,100,400.35,449.0,0,0.0,0.0,,0.0,1,4.55,4.61,SPY230217C00407000,407.0,normalDay
2023-01-26,15861.0,-4606.0,0.0,100,404.75,449.0,0,0.0,0.0,,0.0,1,4.55,6.36,SPY230217C00407000,407.0,normalDay
2023-01-27,15861.0,-4548.0,0.0,100,405.68,449.0,0,0.0,0.0,,0.0,1,4.55,6.71,SPY230217C00407000,407.0,normalDay
2023-01-30,15861.0,-4862.0,0.0,100,400.59,449.0,0,0.0,0.0,,0.0,1,4.55,4.76,SPY230217C00407000,407.0,normalDay
2023-01-31,15861.0,-4485.0,0.0,100,406.48,449.0,0,0.0,0.0,,0.0,1,4.55,6.88,SPY230217C00407000,407.0,normalDay
2023-02-01,15861.0,-4316.0,0.0,100,410.8,449.0,0,0.0,0.0,,0.0,1,4.55,9.51,SPY230217C00407000,407.0,normalDay
2023-02-02,15861.0,-4006.0,0.0,100,416.78,449.0,0,0.0,0.0,,0.0,1,4.55,12.39,SPY230217C00407000,407.0,normalDay
2023-02-03,15861.0,-4158.0,0.0,100,412.35,449.0,0,0.0,0.0,,0.0,1,4.55,9.48,SPY230217C00407000,407.0,normalDay
2023-02-06,15861.0,-4235.0,0.0,100,409.83,449.0,0,0.0,0.0,,0.0,1,4.55,7.73,SPY230217C00407000,407.0,normalDay
2023-02-07,15861.0,-3971.0,0.0,100,415.19,449.0,0,0.0,0.0,,0.0,1,4.55,10.45,SPY230217C00407000,407.0,normalDay
2023-02-08,15861.0,-4168.0,0.0,100,410.65,449.0,0,0.0,0.0,,0.0,1,4.55,7.88,SPY230217C00407000,407.0,normalDay
2023-02-09,15861.0,-4334.0,0.0,100,407.09,449.0,0,0.0,0.0,,0.0,1,4.55,5.98,SPY230217C00407000,407.0,normalDay
2023-02-10,15861.0,-4219.0,0.0,100,408.04,449.0,0,0.0,0.0,,0.0,1,4.55,5.78,SPY230217C00407000,407.0,normalDay
2023-02-13,15861.0,-4013.0,0.0,100,412.83,449.0,0,0.0,0.0,,0.0,1,4.55,8.51,SPY230217C00407000,407.0,normalDay
2023-02-14,15861.0,-3839.0,0.0,100,412.64,449.0,0,0.0,0.0,,0.0,1,4.55,6.58,SPY230217C00407000,407.0,normalDay
2023-02-15,15861.0,-3825.0,0.0,100,413.98,449.0,0,0.0,0.0,,0.0,1,4.55,7.78,SPY230217C00407000,407.0,normalDay
2023-02-16,15861.0,-3893.0,0.0,100,408.28,449.0,0,0.0,0.0,,0.0,1,4.55,2.76,SPY230217C00407000,407.0,normalDay
2023-02-17,12116.0,-3893.0,-3745.0,0,407.26,0.0,0,0.0,0.0,,0.0,1,4.55,0.0,SPY230217C00407000,407.0,expirationDay
2023-02-21,12116.0,-5.0,0.0,0,399.09,0.0,1,8.92,8.97,SPY230331P00396000,396.0,0,0.0,0.0,,0.0,normalDay
2023-02-22,12116.0,9.0,0.0,0,398.54,0.0,1,8.92,8.83,SPY230331P00396000,396.0,0,0.0,0.0,,0.0,normalDay
2023-02-23,12116.0,120.0,0.0,0,400.66,0.0,1,8.92,7.72,SPY230331P00396000,396.0,0,0.0,0.0,,0.0,normalDay
2023-02-24,12116.0,-66.0,0.0,0,396.38,0.0,1,8.92,9.58,SPY230331P00396000,396.0,0,0.0,0.0,,0.0,normalDay
2023-02-27,12116.0,64.0,0.0,0,397.73,0.0,1,8.92,8.28,SPY230331P00396000,396.0,0,0.0,0.0,,0.0,normalDay
2023-02-28,12116.0,4.0,0.0,0,396.26,0.0,1,8.92,8.88,SPY230331P00396000,396.0,0,0.0,0.0,,0.0,normalDay
2023-03-01,12116.0,-52.0,0.0,0,394.74,0.0,1,8.92,9.44,SPY230331P00396000,396.0,0,0.0,0.0,,0.0,normalDay
2023-03-02,12116.0,120.0,0.0,0,397.81,0.0,1,8.92,7.72,SPY230331P00396000,396.0,0,0.0,0.0,,0.0,normalDay
2023-03-03,12116.0,407.0,0.0,0,404.19,0.0,1,8.92,4.85,SPY230331P00396000,396.0,0,0.0,0.0,,0.0,normalDay
2023-03-06,12116.0,436.0,0.0,0,404.47,0.0,1,8.92,4.56,SPY230331P00396000,396.0,0,0.0,0.0,,0.0,normalDay
2023-03-07,12116.0,200.0,0.0,0,398.27,0.0,1,8.92,6.92,SPY230331P00396000,396.0,0,0.0,0.0,,0.0,normalDay
2023-03-08,12116.0,252.0,0.0,0,398.92,0.0,1,8.92,6.4,SPY230331P00396000,396.0,0,0.0,0.0,,0.0,normalDay
2023-03-09,12116.0,-211.0,0.0,0,391.56,0.0,1,8.92,11.03,SPY230331P00396000,396.0,0,0.0,0.0,,0.0,normalDay
2023-03-10,12116.0,-548.0,0.0,0,385.91,0.0,1,8.92,14.4,SPY230331P00396000,396.0,0,0.0,0.0,,0.0,normalDay
2023-03-13,12116.0,-581.0,0.0,0,385.36,0.0,1,8.92,14.73,SPY230331P00396000,396.0,0,0.0,0.0,,0.0,normalDay
2023-03-14,12116.0,-112.0,0.0,0,391.73,0.0,1,8.92,10.04,SPY230331P00396000,396.0,0,0.0,0.0,,0.0,normalDay
2023-03-15,12116.0,-293.0,0.0,0,389.28,0.0,1,8.92,11.85,SPY230331P00396000,396.0,0,0.0,0.0,,0.0,normalDay
2023-03-16,12116.0,180.0,0.0,0,396.11,0.0,1,8.92,7.12,SPY230331P00396000,396.0,0,0.0,0.0,,0.0,normalDay
2023-03-17,12116.0,-69.0,0.0,0,389.99,0.0,1,8.92,9.61,SPY230331P00396000,396.0,0,0.0,0.0,,0.0,normalDay
2023-03-20,12116.0,178.0,0.0,0,393.74,0.0,1,8.92,7.14,SPY230331P00396000,396.0,0,0.0,0.0,,0.0,normalDay
2023-03-21,12116.0,476.0,0.0,0,398.91,0.0,1,8.92,4.16,SPY230331P00396000,396.0,0,0.0,0.0,,0.0,normalDay
2023-03-22,12116.0,178.0,0.0,0,392.11,0.0,1,8.92,7.14,SPY230331P00396000,396.0,0,0.0,0.0,,0.0,normalDay
2023-03-23,12116.0,260.0,0.0,0,393.17,0.0,1,8.92,6.32,SPY230331P00396000,396.0,0,0.0,0.0,,0.0,normalDay
2023-03-24,12116.0,456.0,0.0,0,395.75,0.0,1,8.92,4.36,SPY230331P00396000,396.0,0,0.0,0.0,,0.0,normalDay
2023-03-27,12116.0,597.0,0.0,0,396.49,0.0,1,8.92,2.95,SPY230331P00396000,396.0,0,0.0,0.0,,0.0,normalDay
2023-03-28,12116.0,628.0,0.0,0,395.6,0.0,1,8.92,2.64,SPY230331P00396000,396.0,0,0.0,0.0,,0.0,normalDay
2023-03-29,12116.0,831.0,0.0,0,401.35,0.0,1,8.92,0.61,SPY230331P00396000,396.0,0,0.0,0.0,,0.0,normalDay
2023-03-30,12116.0,879.0,0.0,0,403.7,0.0,1,8.92,0.13,SPY230331P00396000,396.0,0,0.0,0.0,,0.0,normalDay
2023-03-31,13008.0,0.0,892.0,0,409.39,0.0,1,8.92,0.0,SPY230331P00396000,396.0,0,0.0,0.0,,0.0,expirationDay
2023-04-03,13008.0,-3.0,0.0,0,410.95,0.0,1,2.28,2.31,SPY230519P00380000,380.0,0,0.0,0.0,,0.0,normalDay
2023-04-04,13008.0,-25.0,0.0,0,408.67,0.0,1,2.28,2.53,SPY230519P00380000,380.0,0,0.0,0.0,,0.0,normalDay
2023-04-05,13008.0,-36.0,0.0,0,407.6,0.0,1,2.28,2.64,SPY230519P00380000,380.0,0,0.0,0.0,,0.0,normalDay
2023-04-06,13008.0,5.0,0.0,0,409.19,0.0,1,2.28,2.23,SPY230519P00380000,380.0,0,0.0,0.0,,0.0,normalDay
2023-04-10,13008.0,30.0,0.0,0,409.61,0.0,1,2.28,1.98,SPY230519P00380000,380.0,0,0.0,0.0,,0.0,normalDay
2023-04-11,13008.0,36.0,0.0,0,409.72,0.0,1,2.28,1.92,SPY230519P00380000,380.0,0,0.0,0.0,,0.0,normalDay
2023-04-12,13008.0,24.0,0.0,0,408.05,0.0,1,2.28,2.04,SPY230519P00380000,380.0,0,0.0,0.0,,0.0,normalDay
2023-04-13,13008.0,99.0,0.0,0,413.47,0.0,1,2.28,1.29,SPY230519P00380000,380.0,0,0.0,0.0,,0.0,normalDay
2023-04-14,13008.0,112.0,0.0,0,412.46,0.0,1,2.28,1.16,SPY230519P00380000,380.0,0,0.0,0.0,,0.0,normalDay
2023-04-17,13008.0,132.0,0.0,0,413.94,0.0,1,2.28,0.96,SPY230519P00380000,380.0,0,0.0,0.0,,0.0,normalDay
2023-04-18,13008.0,133.0,0.0,0,414.21,0.0,1,2.28,0.95,SPY230519P00380000,380.0,0,0.0,0.0,,0.0,normalDay
2023-04-19,13008.0,138.0,0.0,0,414.14,0.0,1,2.28,0.9,SPY230519P00380000,380.0,0,0.0,0.0,,0.0,normalDay
2023-04-20,13008.0,125.0,0.0,0,411.88,0.0,1,2.28,1.03,SPY230519P00380000,380.0,0,0.0,0.0,,0.0,normalDay
2023-04-21,13008.0,136.0,0.0,0,412.2,0.0,1,2.28,0.92,SPY230519P00380000,380.0,0,0.0,0.0,,0.0,normalDay
2023-04-24,13008.0,152.0,0.0,0,412.63,0.0,1,2.28,0.76,SPY230519P00380000,380.0,0,0.0,0.0,,0.0,normalDay
2023-04-25,13008.0,98.0,0.0,0,406.08,0.0,1,2.28,1.3,SPY230519P00380000,380.0,0,0.0,0.0,,0.0,normalDay
2023-04-26,13008.0,87.0,0.0,0,404.36,0.0,1,2.28,1.41,SPY230519P00380000,380.0,0,0.0,0.0,,0.0,normalDay
2023-04-27,13008.0,172.0,0.0,0,412.41,0.0,1,2.28,0.56,SPY230519P00380000,380.0,0,0.0,0.0,,0.0,normalDay
2023-04-28,13008.0,189.0,0.0,0,415.93,0.0,1,2.28,0.39,SPY230519P00380000,380.0,0,0.0,0.0,,0.0,normalDay
2023-05-01,13008.0,193.0,0.0,0,415.51,0.0,1,2.28,0.35,SPY230519P00380000,380.0,0,0.0,0.0,,0.0,normalDay
2023-05-02,13008.0,174.0,0.0,0,410.84,0.0,1,2.28,0.54,SPY230519P00380000,380.0,0,0.0,0.0,,0.0,normalDay
2023-05-03,13008.0,163.0,0.0,0,408.02,0.0,1,2.28,0.65,SPY230519P00380000,380.0,0,0.0,0.0,,0.0,normalDay
2023-05-04,13008.0,132.0,0.0,0,405.13,0.0,1,2.28,0.96,SPY230519P00380000,380.0,0,0.0,0.0,,0.0,normalDay
2023-05-05,13008.0,198.0,0.0,0,412.63,0.0,1,2.28,0.3,SPY230519P00380000,380.0,0,0.0,0.0,,0.0,normalDay
2023-05-08,13008.0,210.0,0.0,0,412.74,0.0,1,2.28,0.18,SPY230519P00380000,380.0,0,0.0,0.0,,0.0,normalDay
2023-05-09,13008.0,210.0,0.0,0,410.93,0.0,1,2.28,0.18,SPY230519P00380000,380.0,0,0.0,0.0,,0.0,normalDay
2023-05-10,13008.0,215.0,0.0,0,412.85,0.0,1,2.28,0.13,SPY230519P00380000,380.0,0,0.0,0.0,,0.0,normalDay
2023-05-11,13008.0,216.0,0.0,0,412.13,0.0,1,2.28,0.12,SPY230519P00380000,380.0,0,0.0,0.0,,0.0,normalDay
2023-05-12,13008.0,218.0,0.0,0,411.59,0.0,1,2.28,0.1,SPY230519P00380000,380.0,0,0.0,0.0,,0.0,normalDay
2023-05-15,13008.0,223.0,0.0,0,413.01,0.0,1,2.28,0.05,SPY230519P00380000,380.0,0,0.0,0.0,,0.0,normalDay
2023-05-16,13008.0,222.0,0.0,0,410.25,0.0,1,2.28,0.06,SPY230519P00380000,380.0,0,0.0,0.0,,0.0,normalDay
2023-05-17,13008.0,224.0,0.0,0,415.23,0.0,1,2.28,0.04,SPY230519P00380000,380.0,0,0.0,0.0,,0.0,normalDay
2023-05-18,13008.0,226.0,0.0,0,419.23,0.0,1,2.28,0.02,SPY230519P00380000,380.0,0,0.0,0.0,,0.0,normalDay
2023-05-19,13236.0,0.0,228.0,0,418.62,0.0,1,2.28,0.0,SPY230519P00380000,380.0,0,0.0,0.0,,0.0,expirationDay
2023-05-22,13236.0,-4.0,0.0,0,418.79,0.0,1,3.57,3.61,SPY230630P00403000,403.0,0,0.0,0.0,,0.0,normalDay
2023-05-23,13236.0,-131.0,0.0,0,414.09,0.0,1,3.57,4.88,SPY230630P00403000,403.0,0,0.0,0.0,,0.0,normalDay
2023-05-24,13236.0,-237.0,0.0,0,411.09,0.0,1,3.57,5.94,SPY230630P00403000,403.0,0,0.0,0.0,,0.0,normalDay
2023-05-25,13236.0,-113.0,0.0,0,414.65,0.0,1,3.57,4.7,SPY230630P00403000,403.0,0,0.0,0.0,,0.0,normalDay
2023-05-26,13236.0,33.0,0.0,0,420.02,0.0,1,3.57,3.24,SPY230630P00403000,403.0,0,0.0,0.0,,0.0,normalDay
2023-05-30,13236.0,83.0,0.0,0,420.18,0.0,1,3.57,2.74,SPY230630P00403000,403.0,0,0.0,0.0,,0.0,normalDay
2023-05-31,13236.0,54.0,0.0,0,417.85,0.0,1,3.57,3.03,SPY230630P00403000,403.0,0,0.0,0.0,,0.0,normalDay
2023-06-01,13236.0,169.0,0.0,0,421.82,0.0,1,3.57,1.88,SPY230630P00403000,403.0,0,0.0,0.0,,0.0,normalDay
2023-06-02,13236.0,249.0,0.0,0,427.92,0.0,1,3.57,1.08,SPY230630P00403000,403.0,0,0.0,0.0,,0.0,normalDay
2023-06-05,13236.0,256.0,0.0,0,427.1,0.0,1,3.57,1.01,SPY230630P00403000,403.0,0,0.0,0.0,,0.0,normalDay
2023-06-06,13236.0,277.0,0.0,0,428.03,0.0,1,3.57,0.8,SPY230630P00403000,403.0,0,0.0,0.0,,0.0,normalDay
2023-06-07,13236.0,274.0,0.0,0,426.55,0.0,1,3.57,0.83,SPY230630P00403000,403.0,0,0.0,0.0,,0.0,normalDay
2023-06-08,13236.0,293.0,0.0,0,429.13,0.0,1,3.57,0.64,SPY230630P00403000,403.0,0,0.0,0.0,,0.0,normalDay
2023-06-09,13236.0,300.0,0.0,0,429.9,0.0,1,3.57,0.57,SPY230630P00403000,403.0,0,0.0,0.0,,0.0,normalDay
2023-06-12,13236.0,312.0,0.0,0,433.8,0.0,1,3.57,0.45,SPY230630P00403000,403.0,0,0.0,0.0,,0.0,normalDay
2023-06-13,13236.0,322.0,0.0,0,436.66,0.0,1,3.57,0.35,SPY230630P00403000,403.0,0,0.0,0.0,,0.0,normalDay
2023-06-14,13236.0,333.0,0.0,0,437.18,0.0,1,3.57,0.24,SPY230630P00403000,403.0,0,0.0,0.0,,0.0,normalDay
2023-06-15,13236.0,335.0,0.0,0,442.6,0.0,1,3.57,0.22,SPY230630P00403000,403.0,0,0.0,0.0,,0.0,normalDay
2023-06-16,13236.0,344.0,0.0,0,439.46,0.0,1,3.57,0.13,SPY230630P00403000,403.0,0,0.0,0.0,,0.0,normalDay
2023-06-20,13236.0,348.0,0.0,0,437.18,0.0,1,3.57,0.09,SPY230630P00403000,403.0,0,0.0,0.0,,0.0,normalDay
2023-06-21,13236.0,350.0,0.0,0,434.94,0.0,1,3.57,0.07,SPY230630P00403000,403.0,0,0.0,0.0,,0.0,normalDay
2023-06-22,13236.0,352.0,0.0,0,436.51,0.0,1,3.57,0.05,SPY230630P00403000,403.0,0,0.0,0.0,,0.0,normalDay
2023-06-23,13236.0,351.0,0.0,0,433.21,0.0,1,3.57,0.06,SPY230630P00403000,403.0,0,0.0,0.0,,0.0,normalDay
2023-06-26,13236.0,351.0,0.0,0,431.44,0.0,1,3.57,0.06,SPY230630P00403000,403.0,0,0.0,0.0,,0.0,normalDay
2023-06-27,13236.0,353.0,0.0,0,436.17,0.0,1,3.57,0.04,SPY230630P00403000,403.0,0,0.0,0.0,,0.0,normalDay
2023-06-28,13236.0,355.0,0.0,0,436.39,0.0,1,3.57,0.02,SPY230630P00403000,403.0,0,0.0,0.0,,0.0,normalDay
2023-06-29,13236.0,355.0,0.0,0,438.11,0.0,1,3.57,0.02,SPY230630P00403000,403.0,0,0.0,0.0,,0.0,normalDay
2023-06-30,13593.0,0.0,357.0,0,443.28,0.0,1,3.57,0.0,SPY230630P00403000,403.0,0,0.0,0.0,,0.0,expirationDay
2023-07-03,13593.0,-6.0,0.0,0,443.79,0.0,1,2.01,2.07,SPY230818P00423000,423.0,0,0.0,0.0,,0.0,normalDay
2023-07-05,13593.0,-19.0,0.0,0,443.13,0.0,1,2.01,2.2,SPY230818P00423000,423.0,0,0.0,0.0,,0.0,normalDay
2023-07-06,13593.0,-91.0,0.0,0,439.66,0.0,1,2.01,2.92,SPY230818P00423000,423.0,0,0.0,0.0,,0.0,normalDay
2023-07-07,13593.0,-76.0,0.0,0,438.55,0.0,1,2.01,2.77,SPY230818P00423000,423.0,0,0.0,0.0,,0.0,normalDay
2023-07-10,13593.0,-52.0,0.0,0,439.66,0.0,1,2.01,2.53,SPY230818P00423000,423.0,0,0.0,0.0,,0.0,normalDay
2023-07-11,13593.0,-8.0,0.0,0,442.46,0.0,1,2.01,2.09,SPY230818P00423000,423.0,0,0.0,0.0,,0.0,normalDay
2023-07-12,13593.0,65.0,0.0,0,446.02,0.0,1,2.01,1.36,SPY230818P00423000,423.0,0,0.0,0.0,,0.0,normalDay
2023-07-13,13593.0,88.0,0.0,0,449.56,0.0,1,2.01,1.13,SPY230818P00423000,423.0,0,0.0,0.0,,0.0,normalDay
2023-07-14,13593.0,96.0,0.0,0,449.28,0.0,1,2.01,1.05,SPY230818P00423000,423.0,0,0.0,0.0,,0.0,normalDay
2023-07-17,13593.0,114.0,0.0,0,450.84,0.0,1,2.01,0.87,SPY230818P00423000,423.0,0,0.0,0.0,,0.0,normalDay
2023-07-18,13593.0,135.0,0.0,0,454.19,0.0,1,2.01,0.66,SPY230818P00423000,423.0,0,0.0,0.0,,0.0,normalDay
2023-07-19,13593.0,133.0,0.0,0,455.2,0.0,1,2.01,0.68,SPY230818P00423000,423.0,0,0.0,0.0,,0.0,normalDay
2023-07-20,13593.0,123.0,0.0,0,452.18,0.0,1,2.01,0.78,SPY230818P00423000,423.0,0,0.0,0.0,,0.0,normalDay
2023-07-21,13593.0,132.0,0.0,0,452.18,0.0,1,2.01,0.69,SPY230818P00423000,423.0,0,0.0,0.0,,0.0,normalDay
2023-07-24,13593.0,145.0,0.0,0,454.2,0.0,1,2.01,0.56,SPY230818P00423000,423.0,0,0.0,0.0,,0.0,normalDay
2023-07-25,13593.0,152.0,0.0,0,455.44,0.0,1,2.01,0.49,SPY230818P00423000,423.0,0,0.0,0.0,,0.0,normalDay
2023-07-26,13593.0,163.0,0.0,0,455.51,0.0,1,2.01,0.38,SPY230818P00423000,423.0,0,0.0,0.0,,0.0,normalDay
2023-07-27,13593.0,143.0,0.0,0,452.49,0.0,1,2.01,0.58,SPY230818P00423000,423.0,0,0.0,0.0,,0.0,normalDay
2023-07-28,13593.0,171.0,0.0,0,456.92,0.0,1,2.01,0.3,SPY230818P00423000,423.0,0,0.0,0.0,,0.0,normalDay
2023-07-31,13593.0,176.0,0.0,0,457.79,0.0,1,2.01,0.25,SPY230818P00423000,423.0,0,0.0,0.0,,0.0,normalDay
2023-08-01,13593.0,175.0,0.0,0,456.48,0.0,1,2.01,0.26,SPY230818P00423000,423.0,0,0.0,0.0,,0.0,normalDay
2023-08-02,13593.0,147.0,0.0,0,450.13,0.0,1,2.01,0.54,SPY230818P00423000,423.0,0,0.0,0.0,,0.0,normalDay
2023-08-03,13593.0,152.0,0.0,0,448.84,0.0,1,2.01,0.49,SPY230818P00423000,423.0,0,0.0,0.0,,0.0,normalDay
2023-08-04,13593.0,135.0,0.0,0,446.81,0.0,1,2.01,0.66,SPY230818P00423000,423.0,0,0.0,0.0,,0.0,normalDay
2023-08-07,13593.0,172.0,0.0,0,450.71,0.0,1,2.01,0.29,SPY230818P00423000,423.0,0,0.0,0.0,,0.0,normalDay
2023-08-08,13593.0,174.0,0.0,0,448.75,0.0,1,2.01,0.27,SPY230818P00423000,423.0,0,0.0,0.0,,0.0,normalDay
2023-08-09,13593.0,174.0,0.0,0,445.75,0.0,1,2.01,0.27,SPY230818P00423000,423.0,0,0.0,0.0,,0.0,normalDay
2023-08-10,13593.0,177.0,0.0,0,445.91,0.0,1,2.01,0.24,SPY230818P00423000,423.0,0,0.0,0.0,,0.0,normalDay
2023-08-11,13593.0,189.0,0.0,0,445.65,0.0,1,2.01,0.12,SPY230818P00423000,423.0,0,0.0,0.0,,0.0,normalDay
2023-08-14,13593.0,195.0,0.0,0,448.11,0.0,1,2.01,0.06,SPY230818P00423000,423.0,0,0.0,0.0,,0.0,normalDay
2023-08-15,13593.0,193.0,0.0,0,442.89,0.0,1,2.01,0.08,SPY230818P00423000,423.0,0,0.0,0.0,,0.0,normalDay
2023-08-16,13593.0,196.0,0.0,0,439.64,0.0,1,2.01,0.05,SPY230818P00423000,423.0,0,0.0,0.0,,0.0,normalDay
2023-08-17,13593.0,196.0,0.0,0,436.29,0.0,1,2.01,0.05,SPY230818P00423000,423.0,0,0.0,0.0,,0.0,normalDay
2023-08-18,13794.0,0.0,201.0,0,436.5,0.0,1,2.01,0.0,SPY230818P00423000,423.0,0,0.0,0.0,,0.0,expirationDay
2023-08-21,13794.0,-3.0,0.0,0,439.34,0.0,1,6.04,6.07,SPY230929P00433000,433.0,0,0.0,0.0,,0.0,normalDay
2023-08-22,13794.0,-15.0,0.0,0,438.15,0.0,1,6.04,6.19,SPY230929P00433000,433.0,0,0.0,0.0,,0.0,normalDay
2023-08-23,13794.0,162.0,0.0,0,443.03,0.0,1,6.04,4.42,SPY230929P00433000,433.0,0,0.0,0.0,,0.0,normalDay
2023-08-24,13794.0,-50.0,0.0,0,436.89,0.0,1,6.04,6.54,SPY230929P00433000,433.0,0,0.0,0.0,,0.0,normalDay
2023-08-25,13794.0,111.0,0.0,0,439.97,0.0,1,6.04,4.93,SPY230929P00433000,433.0,0,0.0,0.0,,0.0,normalDay
2023-08-28,13794.0,234.0,0.0,0,442.76,0.0,1,6.04,3.7,SPY230929P00433000,433.0,0,0.0,0.0,,0.0,normalDay
2023-08-29,13794.0,382.0,0.0,0,449.16,0.0,1,6.04,2.22,SPY230929P00433000,433.0,0,0.0,0.0,,0.0,normalDay
2023-08-30,13794.0,431.0,0.0,0,451.01,0.0,1,6.04,1.73,SPY230929P00433000,433.0,0,0.0,0.0,,0.0,normalDay
2023-08-31,13794.0,445.0,0.0,0,450.35,0.0,1,6.04,1.59,SPY230929P00433000,433.0,0,0.0,0.0,,0.0,normalDay
2023-09-01,13794.0,462.0,0.0,0,451.19,0.0,1,6.04,1.42,SPY230929P00433000,433.0,0,0.0,0.0,,0.0,normalDay
2023-09-05,13794.0,445.0,0.0,0,449.24,0.0,1,6.04,1.59,SPY230929P00433000,433.0,0,0.0,0.0,,0.0,normalDay
2023-09-06,13794.0,398.0,0.0,0,446.22,0.0,1,6.04,2.06,SPY230929P00433000,433.0,0,0.0,0.0,,0.0,normalDay
2023-09-07,13794.0,384.0,0.0,0,444.85,0.0,1,6.04,2.2,SPY230929P00433000,433.0,0,0.0,0.0,,0.0,normalDay
2023-09-08,13794.0,433.0,0.0,0,445.52,0.0,1,6.04,1.71,SPY230929P00433000,433.0,0,0.0,0.0,,0.0,normalDay
2023-09-11,13794.0,488.0,0.0,0,448.45,0.0,1,6.04,1.16,SPY230929P00433000,433.0,0,0.0,0.0,,0.0,normalDay
2023-09-12,13794.0,460.0,0.0,0,445.99,0.0,1,6.04,1.44,SPY230929P00433000,433.0,0,0.0,0.0,,0.0,normalDay
2023-09-13,13794.0,501.0,0.0,0,446.51,0.0,1,6.04,1.03,SPY230929P00433000,433.0,0,0.0,0.0,,0.0,normalDay
2023-09-14,13794.0,549.0,0.0,0,450.36,0.0,1,6.04,0.55,SPY230929P00433000,433.0,0,0.0,0.0,,0.0,normalDay
2023-09-15,13794.0,498.0,0.0,0,443.37,0.0,1,6.04,1.06,SPY230929P00433000,433.0,0,0.0,0.0,,0.0,normalDay
2023-09-18,13794.0,515.0,0.0,0,443.63,0.0,1,6.04,0.89,SPY230929P00433000,433.0,0,0.0,0.0,,0.0,normalDay
2023-09-19,13794.0,506.0,0.0,0,442.71,0.0,1,6.04,0.98,SPY230929P00433000,433.0,0,0.0,0.0,,0.0,normalDay
2023-09-20,13794.0,431.0,0.0,0,438.64,0.0,1,6.04,1.73,SPY230929P00433000,433.0,0,0.0,0.0,,0.0,normalDay
2023-09-21,13794.0,142.0,0.0,0,431.39,0.0,1,6.04,4.62,SPY230929P00433000,433.0,0,0.0,0.0,,0.0,normalDay
2023-09-22,13794.0,139.0,0.0,0,430.42,0.0,1,6.04,4.65,SPY230929P00433000,433.0,0,0.0,0.0,,0.0,normalDay
2023-09-25,13794.0,279.0,0.0,0,432.23,0.0,1,6.04,3.25,SPY230929P00433000,433.0,0,0.0,0.0,,0.0,normalDay
2023-09-26,13794.0,-124.0,0.0,0,425.88,0.0,1,6.04,7.28,SPY230929P00433000,433.0,0,0.0,0.0,,0.0,normalDay
2023-09-27,13794.0,-90.0,0.0,0,426.05,0.0,1,6.04,6.94,SPY230929P00433000,433.0,0,0.0,0.0,,0.0,normalDay
2023-09-28,13794.0,103.0,0.0,0,428.52,0.0,1,6.04,5.01,SPY230929P00433000,433.0,0,0.0,0.0,,0.0,normalDay
2023-09-29,14398.0,-552.0,604.0,100,427.48,433.0,1,6.04,0.0,SPY230929P00433000,433.0,0,0.0,0.0,,0.0,expirationDay
2023-10-02,14398.0,-572.0,0.0,100,427.31,433.0,0,0.0,0.0,,0.0,1,0.03,0.06,SPY231103C00468000,468.0,normalDay
2023-10-03,14398.0,-1142.0,0.0,100,421.59,433.0,0,0.0,0.0,,0.0,1,0.03,0.04,SPY231103C00468000,468.0,normalDay
2023-10-04,14398.0,-836.0,0.0,100,424.66,433.0,0,0.0,0.0,,0.0,1,0.03,0.05,SPY231103C00468000,468.0,normalDay
2023-10-05,14398.0,-851.0,0.0,100,424.5,433.0,0,0.0,0.0,,0.0,1,0.03,0.04,SPY231103C00468000,468.0,normalDay
2023-10-06,14398.0,-349.0,0.0,100,429.54,433.0,0,0.0,0.0,,0.0,1,0.03,0.06,SPY231103C00468000,468.0,normalDay
2023-10-09,14398.0,-75.0,0.0,100,432.29,433.0,0,0.0,0.0,,0.0,1,0.03,0.07,SPY231103C00468000,468.0,normalDay
2023-10-10,14398.0,149.0,0.0,100,434.54,433.0,0,0.0,0.0,,0.0,1,0.03,0.08,SPY231103C00468000,468.0,normalDay
2023-10-11,14398.0,328.0,0.0,100,436.32,433.0,0,0.0,0.0,,0.0,1,0.03,0.07,SPY231103C00468000,468.0,normalDay
2023-10-12,14398.0,65.0,0.0,100,433.66,433.0,0,0.0,0.0,,0.0,1,0.03,0.04,SPY231103C00468000,468.0,normalDay
2023-10-13,14398.0,-151.0,0.0,100,431.5,433.0,0,0.0,0.0,,0.0,1,0.03,0.04,SPY231103C00468000,468.0,normalDay
2023-10-16,14398.0,302.0,0.0,100,436.04,433.0,0,0.0,0.0,,0.0,1,0.03,0.05,SPY231103C00468000,468.0,normalDay
2023-10-17,14398.0,301.0,0.0,100,436.02,433.0,0,0.0,0.0,,0.0,1,0.03,0.04,SPY231103C00468000,468.0,normalDay
2023-10-18,14398.0,-279.0,0.0,100,430.21,433.0,0,0.0,0.0,,0.0,1,0.03,0.03,SPY231103C00468000,468.0,normalDay
2023-10-19,14398.0,-656.0,0.0,100,426.43,433.0,0,0.0,0.0,,0.0,1,0.03,0.02,SPY231103C00468000,468.0,normalDay
2023-10-20,14398.0,-1180.0,0.0,100,421.19,433.0,0,0.0,0.0,,0.0,1,0.03,0.02,SPY231103C00468000,468.0,normalDay
2023-10-23,14398.0,-1252.0,0.0,100,420.46,433.0,0,0.0,0.0,,0.0,1,0.03,0.01,SPY231103C00468000,468.0,normalDay
2023-10-24,14398.0,-935.0,0.0,100,423.63,433.0,0,0.0,0.0,,0.0,1,0.03,0.01,SPY231103C00468000,468.0,normalDay
2023-10-25,14398.0,-1544.0,0.0,100,417.55,433.0,0,0.0,0.0,,0.0,1,0.03,0.02,SPY231103C00468000,468.0,normalDay
2023-10-26,14398.0,-2044.0,0.0,100,412.55,433.0,0,0.0,0.0,,0.0,1,0.03,0.02,SPY231103C00468000,468.0,normalDay
2023-10-27,14398.0,-2230.0,0.0,100,410.68,433.0,0,0.0,0.0,,0.0,1,0.03,0.01,SPY231103C00468000,468.0,normalDay
2023-10-30,14398.0,-1739.0,0.0,100,415.59,433.0,0,0.0,0.0,,0.0,1,0.03,0.01,SPY231103C00468000,468.0,normalDay
2023-10-31,14398.0,-1478.0,0.0,100,418.2,433.0,0,0.0,0.0,,0.0,1,0.03,0.01,SPY231103C00468000,468.0,normalDay
2023-11-01,14398.0,-1032.0,0.0,100,422.66,433.0,0,0.0,0.0,,0.0,1,0.03,0.01,SPY231103C00468000,468.0,normalDay
2023-11-02,14398.0,-222.0,0.0,100,430.76,433.0,0,0.0,0.0,,0.0,1,0.03,0.01,SPY231103C00468000,468.0,normalDay
2023-11-03,14401.0,169.0,3.0,100,434.69,433.0,0,0.0,0.0,,0.0,1,0.03,0.0,SPY231103C00468000,468.0,expirationDay
2023-11-06,14401.0,265.0,0.0,100,435.69,433.0,0,0.0,0.0,,0.0,1,0.93,0.97,SPY231208C00454000,454.0,normalDay
2023-11-07,14401.0,377.0,0.0,100,436.93,433.0,0,0.0,0.0,,0.0,1,0.93,1.09,SPY231208C00454000,454.0,normalDay
2023-11-08,14401.0,420.0,0.0,100,437.25,433.0,0,0.0,0.0,,0.0,1,0.93,0.98,SPY231208C00454000,454.0,normalDay
2023-11-09,14401.0,116.0,0.0,100,433.84,433.0,0,0.0,0.0,,0.0,1,0.93,0.61,SPY231208C00454000,454.0,normalDay
2023-11-10,14401.0,713.0,0.0,100,440.61,433.0,0,0.0,0.0,,0.0,1,0.93,1.41,SPY231208C00454000,454.0,normalDay
2023-11-13,14401.0,684.0,0.0,100,440.19,433.0,0,0.0,0.0,,0.0,1,0.93,1.28,SPY231208C00454000,454.0,normalDay
2023-11-14,14401.0,1296.0,0.0,100,448.73,433.0,0,0.0,0.0,,0.0,1,0.93,3.7,SPY231208C00454000,454.0,normalDay
2023-11-15,14401.0,1407.0,0.0,100,449.68,433.0,0,0.0,0.0,,0.0,1,0.93,3.54,SPY231208C00454000,454.0,normalDay
2023-11-16,14401.0,1451.0,0.0,100,450.23,433.0,0,0.0,0.0,,0.0,1,0.93,3.65,SPY231208C00454000,454.0,normalDay
2023-11-17,14401.0,1516.0,0.0,100,450.79,433.0,0,0.0,0.0,,0.0,1,0.93,3.56,SPY231208C00454000,454.0,normalDay
2023-11-20,14401.0,1721.0,0.0,100,454.26,433.0,0,0.0,0.0,,0.0,1,0.93,4.98,SPY231208C00454000,454.0,normalDay
2023-11-21,14401.0,1712.0,0.0,100,453.27,433.0,0,0.0,0.0,,0.0,1,0.93,4.08,SPY231208C00454000,454.0,normalDay
2023-11-22,14401.0,1811.0,0.0,100,455.02,433.0,0,0.0,0.0,,0.0,1,0.93,4.84,SPY231208C00454000,454.0,normalDay
2023-11-24,14401.0,1864.0,0.0,100,455.3,433.0,0,0.0,0.0,,0.0,1,0.93,4.59,SPY231208C00454000,454.0,normalDay
2023-11-27,14401.0,1847.0,0.0,100,454.48,433.0,0,0.0,0.0,,0.0,1,0.93,3.94,SPY231208C00454000,454.0,normalDay
2023-11-28,14401.0,1884.0,0.0,100,454.93,433.0,0,0.0,0.0,,0.0,1,0.93,4.02,SPY231208C00454000,454.0,normalDay
2023-11-29,14401.0,1841.0,0.0,100,454.61,433.0,0,0.0,0.0,,0.0,1,0.93,4.13,SPY231208C00454000,454.0,normalDay
2023-11-30,14401.0,1973.0,0.0,100,456.4,433.0,0,0.0,0.0,,0.0,1,0.93,4.6,SPY231208C00454000,454.0,normalDay
