date,totalCapital,unrializedPnL,rializedPnL,stocksOwned,stocksPriceToday,stocksPriceBoughtAt,putOwned,putOwnedSoldAt,putPriceToday,putOwnedContract,putOwnedStrike,callOwned,callOwnedSoldAt,callPriceToday,callOwnedContract,callOwnedStrike,trackType
2018-11-01,0.0,-3.0,0.0,0,273.51,0.0,1,1.0,1.03,SPY181221P00240000,240.0,0,0.0,0.0,,0.0,normalDay
2018-11-02,0.0,-6.0,0.0,0,271.89,0.0,1,1.0,1.06,SPY181221P00240000,240.0,0,0.0,0.0,,0.0,normalDay
2018-11-05,0.0,7.0,0.0,0,273.39,0.0,1,1.0,0.93,SPY181221P00240000,240.0,0,0.0,0.0,,0.0,normalDay
2018-11-06,0.0,20.0,0.0,0,275.12,0.0,1,1.0,0.8,SPY181221P00240000,240.0,0,0.0,0.0,,0.0,normalDay
2018-11-07,0.0,58.0,0.0,0,281.01,0.0,1,1.0,0.42,SPY181221P00240000,240.0,0,0.0,0.0,,0.0,normalDay
2018-11-08,0.0,56.0,0.0,0,280.5,0.0,1,1.0,0.44,SPY181221P00240000,240.0,0,0.0,0.0,,0.0,normalDay
2018-11-09,0.0,47.0,0.0,0,277.76,0.0,1,1.0,0.53,SPY181221P00240000,240.0,0,0.0,0.0,,0.0,normalDay
2018-11-12,0.0,17.0,0.0,0,272.57,0.0,1,1.0,0.83,SPY181221P00240000,240.0,0,0.0,0.0,,0.0,normalDay
2018-11-13,0.0,16.0,0.0,0,272.06,0.0,1,1.0,0.84,SPY181221P00240000,240.0,0,0.0,0.0,,0.0,normalDay
2018-11-14,0.0,5.0,0.0,0,270.2,0.0,1,1.0,0.95,SPY181221P00240000,240.0,0,0.0,0.0,,0.0,normalDay
2018-11-15,0.0,35.0,0.0,0,273.02,0.0,1,1.0,0.65,SPY181221P00240000,240.0,0,0.0,0.0,,0.0,normalDay
2018-11-16,0.0,53.0,0.0,0,273.73,0.0,1,1.0,0.47,SPY181221P00240000,240.0,0,0.0,0.0,,0.0,normalDay
2018-11-19,0.0,31.0,0.0,0,269.1,0.0,1,1.0,0.69,SPY181221P00240000,240.0,0,0.0,0.0,,0.0,normalDay
2018-11-20,0.0,-18.0,0.0,0,264.12,0.0,1,1.0,1.18,SPY181221P00240000,240.0,0,0.0,0.0,,0.0,normalDay
2018-11-21,0.0,11.0,0.0,0,265.02,0.0,1,1.0,0.89,SPY181221P00240000,240.0,0,0.0,0.0,,0.0,normalDay
2018-11-23,0.0,-1.0,0.0,0,263.25,0.0,1,1.0,1.01,SPY181221P00240000,240.0,0,0.0,0.0,,0.0,normalDay
2018-11-26,0.0,60.0,0.0,0,267.5,0.0,1,1.0,0.4,SPY181221P00240000,240.0,0,0.0,0.0,,0.0,normalDay
2018-11-27,0.0,63.0,0.0,0,268.4,0.0,1,1.0,0.37,SPY181221P00240000,240.0,0,0.0,0.0,,0.0,normalDay
2018-11-28,0.0,78.0,0.0,0,274.58,0.0,1,1.0,0.22,SPY181221P00240000,240.0,0,0.0,0.0,,0.0,normalDay
2018-11-29,0.0,75.0,0.0,0,273.98,0.0,1,1.0,0.25,SPY181221P00240000,240.0,0,0.0,0.0,,0.0,normalDay
2018-11-30,0.0,81.0,0.0,0,275.65,0.0,1,1.0,0.19,SPY181221P00240000,240.0,0,0.0,0.0,,0.0,normalDay
2018-12-03,0.0,88.0,0.0,0,279.3,0.0,1,1.0,0.12,SPY181221P00240000,240.0,0,0.0,0.0,,0.0,normalDay
2018-12-04,0.0,64.0,0.0,0,270.25,0.0,1,1.0,0.36,SPY181221P00240000,240.0,0,0.0,0.0,,0.0,normalDay
2018-12-06,0.0,66.0,0.0,0,269.84,0.0,1,1.0,0.34,SPY181221P00240000,240.0,0,0.0,0.0,,0.0,normalDay
2018-12-07,0.0,33.0,0.0,0,263.57,0.0,1,1.0,0.67,SPY181221P00240000,240.0,0,0.0,0.0,,0.0,normalDay
2018-12-10,0.0,65.0,0.0,0,264.07,0.0,1,1.0,0.35,SPY181221P00240000,240.0,0,0.0,0.0,,0.0,normalDay
2018-12-11,0.0,76.0,0.0,0,264.13,0.0,1,1.0,0.24,SPY181221P00240000,240.0,0,0.0,0.0,,0.0,normalDay
2018-12-12,0.0,85.0,0.0,0,265.46,0.0,1,1.0,0.15,SPY181221P00240000,240.0,0,0.0,0.0,,0.0,normalDay
2018-12-13,0.0,90.0,0.0,0,265.37,0.0,1,1.0,0.1,SPY181221P00240000,240.0,0,0.0,0.0,,0.0,normalDay
2018-12-14,0.0,87.0,0.0,0,260.47,0.0,1,1.0,0.13,SPY181221P00240000,240.0,0,0.0,0.0,,0.0,normalDay
2018-12-17,0.0,58.0,0.0,0,255.36,0.0,1,1.0,0.42,SPY181221P00240000,240.0,0,0.0,0.0,,0.0,normalDay
2018-12-18,0.0,65.0,0.0,0,255.08,0.0,1,1.0,0.35,SPY181221P00240000,240.0,0,0.0,0.0,,0.0,normalDay
2018-12-19,0.0,67.0,0.0,0,251.26,0.0,1,1.0,0.33,SPY181221P00240000,240.0,0,0.0,0.0,,0.0,normalDay
2018-12-20,0.0,67.0,0.0,0,247.17,0.0,1,1.0,0.33,SPY181221P00240000,240.0,0,0.0,0.0,,0.0,normalDay
2018-12-21,100.0,0.0,100.0,0,240.7,0.0,1,1.0,0.0,SPY181221P00240000,240.0,0,0.0,0.0,,0.0,expirationDay
2018-12-24,100.0,-12.0,0.0,0,234.34,0.0,1,2.56,2.68,SPY190215P00205000,205.0,0,0.0,0.0,,0.0,normalDay
2018-12-26,100.0,154.0,0.0,0,246.18,0.0,1,2.56,1.02,SPY190215P00205000,205.0,0,0.0,0.0,,0.0,normalDay
2018-12-27,100.0,159.0,0.0,0,248.07,0.0,1,2.56,0.97,SPY190215P00205000,205.0,0,0.0,0.0,,0.0,normalDay
2018-12-28,100.0,165.0,0.0,0,247.75,0.0,1,2.56,0.91,SPY190215P00205000,205.0,0,0.0,0.0,,0.0,normalDay
2018-12-31,100.0,198.0,0.0,0,249.92,0.0,1,2.56,0.58,SPY190215P00205000,205.0,0,0.0,0.0,,0.0,normalDay
2019-01-02,100.0,212.0,0.0,0,250.18,0.0,1,2.56,0.44,SPY190215P00205000,205.0,0,0.0,0.0,,0.0,normalDay
2019-01-03,100.0,189.0,0.0,0,244.21,0.0,1,2.56,0.67,SPY190215P00205000,205.0,0,0.0,0.0,,0.0,normalDay
2019-01-04,100.0,229.0,0.0,0,252.39,0.0,1,2.56,0.27,SPY190215P00205000,205.0,0,0.0,0.0,,0.0,normalDay
2019-01-07,100.0,233.0,0.0,0,254.38,0.0,1,2.56,0.23,SPY190215P00205000,205.0,0,0.0,0.0,,0.0,normalDay
2019-01-08,100.0,236.0,0.0,0,256.77,0.0,1,2.56,0.2,SPY190215P00205000,205.0,0,0.0,0.0,,0.0,normalDay
2019-01-09,100.0,239.0,0.0,0,257.97,0.0,1,2.56,0.17,SPY190215P00205000,205.0,0,0.0,0.0,,0.0,normalDay
2019-01-10,100.0,240.0,0.0,0,258.88,0.0,1,2.56,0.16,SPY190215P00205000,205.0,0,0.0,0.0,,0.0,normalDay
2019-01-11,100.0,244.0,0.0,0,258.98,0.0,1,2.56,0.12,SPY190215P00205000,205.0,0,0.0,0.0,,0.0,normalDay
2019-01-14,100.0,242.0,0.0,0,257.4,0.0,1,2.56,0.14,SPY190215P00205000,205.0,0,0.0,0.0,,0.0,normalDay
2019-01-15,100.0,244.0,0.0,0,260.35,0.0,1,2.56,0.12,SPY190215P00205000,205.0,0,0.0,0.0,,0.0,normalDay
2019-01-16,100.0,242.0,0.0,0,260.98,0.0,1,2.56,0.14,SPY190215P00205000,205.0,0,0.0,0.0,,0.0,normalDay
2019-01-17,100.0,244.0,0.0,0,262.96,0.0,1,2.56,0.12,SPY190215P00205000,205.0,0,0.0,0.0,,0.0,normalDay
2019-01-18,100.0,246.0,0.0,0,266.46,0.0,1,2.56,0.1,SPY190215P00205000,205.0,0,0.0,0.0,,0.0,normalDay
2019-01-22,100.0,244.0,0.0,0,262.86,0.0,1,2.56,0.12,SPY190215P00205000,205.0,0,0.0,0.0,,0.0,normalDay
2019-01-23,100.0,248.0,0.0,0,263.41,0.0,1,2.56,0.08,SPY190215P00205000,205.0,0,0.0,0.0,,0.0,normalDay
2019-01-24,100.0,248.0,0.0,0,263.55,0.0,1,2.56,0.08,SPY190215P00205000,205.0,0,0.0,0.0,,0.0,normalDay
2019-01-25,100.0,251.0,0.0,0,265.78,0.0,1,2.56,0.05,SPY190215P00205000,205.0,0,0.0,0.0,,0.0,normalDay
2019-01-28,100.0,250.0,0.0,0,263.76,0.0,1,2.56,0.06,SPY190215P00205000,205.0,0,0.0,0.0,,0.0,normalDay
2019-01-29,100.0,251.0,0.0,0,263.41,0.0,1,2.56,0.05,SPY190215P00205000,205.0,0,0.0,0.0,,0.0,normalDay
2019-01-30,100.0,252.0,0.0,0,267.58,0.0,1,2.56,0.04,SPY190215P00205000,205.0,0,0.0,0.0,,0.0,normalDay
2019-01-31,100.0,253.0,0.0,0,269.93,0.0,1,2.56,0.03,SPY190215P00205000,205.0,0,0.0,0.0,,0.0,normalDay
2019-02-01,100.0,254.0,0.0,0,270.06,0.0,1,2.56,0.02,SPY190215P00205000,205.0,0,0.0,0.0,,0.0,normalDay
2019-02-04,100.0,255.0,0.0,0,271.96,0.0,1,2.56,0.01,SPY190215P00205000,205.0,0,0.0,0.0,,0.0,normalDay
2019-02-05,100.0,255.0,0.0,0,273.1,0.0,1,2.56,0.01,SPY190215P00205000,205.0,0,0.0,0.0,,0.0,normalDay
2019-02-06,100.0,255.0,0.0,0,272.74,0.0,1,2.56,0.01,SPY190215P00205000,205.0,0,0.0,0.0,,0.0,normalDay
2019-02-07,100.0,255.0,0.0,0,270.14,0.0,1,2.56,0.01,SPY190215P00205000,205.0,0,0.0,0.0,,0.0,normalDay
2019-02-08,100.0,255.0,0.0,0,270.47,0.0,1,2.56,0.01,SPY190215P00205000,205.0,0,0.0,0.0,,0.0,normalDay
2019-02-11,100.0,255.0,0.0,0,270.62,0.0,1,2.56,0.01,SPY190215P00205000,205.0,0,0.0,0.0,,0.0,normalDay
2019-02-12,100.0,255.0,0.0,0,274.1,0.0,1,2.56,0.01,SPY190215P00205000,205.0,0,0.0,0.0,,0.0,normalDay
2019-02-13,100.0,255.0,0.0,0,274.99,0.0,1,2.56,0.01,SPY190215P00205000,205.0,0,0.0,0.0,,0.0,normalDay
2019-02-14,100.0,255.0,0.0,0,274.38,0.0,1,2.56,0.01,SPY190215P00205000,205.0,0,0.0,0.0,,0.0,normalDay
2019-02-15,356.0,0.0,256.0,0,277.37,0.0,1,2.56,0.0,SPY190215P00205000,205.0,0,0.0,0.0,,0.0,expirationDay
2019-02-19,356.0,-3.0,0.0,0,277.85,0.0,1,0.39,0.42,SPY190329P00246000,246.0,0,0.0,0.0,,0.0,normalDay
2019-02-20,356.0,6.0,0.0,0,278.41,0.0,1,0.39,0.33,SPY190329P00246000,246.0,0,0.0,0.0,,0.0,normalDay
2019-02-21,356.0,5.0,0.0,0,277.42,0.0,1,0.39,0.34,SPY190329P00246000,246.0,0,0.0,0.0,,0.0,normalDay
2019-02-22,356.0,12.0,0.0,0,279.14,0.0,1,0.39,0.27,SPY190329P00246000,246.0,0,0.0,0.0,,0.0,normalDay
2019-02-25,356.0,8.0,0.0,0,279.52,0.0,1,0.39,0.31,SPY190329P00246000,246.0,0,0.0,0.0,,0.0,normalDay
2019-02-26,356.0,7.0,0.0,0,279.32,0.0,1,0.39,0.32,SPY190329P00246000,246.0,0,0.0,0.0,,0.0,normalDay
2019-02-27,356.0,10.0,0.0,0,279.2,0.0,1,0.39,0.29,SPY190329P00246000,246.0,0,0.0,0.0,,0.0,normalDay
2019-02-28,356.0,7.0,0.0,0,278.68,0.0,1,0.39,0.32,SPY190329P00246000,246.0,0,0.0,0.0,,0.0,normalDay
2019-03-01,356.0,18.0,0.0,0,280.42,0.0,1,0.39,0.21,SPY190329P00246000,246.0,0,0.0,0.0,,0.0,normalDay
2019-03-04,356.0,16.0,0.0,0,279.4,0.0,1,0.39,0.23,SPY190329P00246000,246.0,0,0.0,0.0,,0.0,normalDay
2019-03-05,356.0,16.0,0.0,0,279.02,0.0,1,0.39,0.23,SPY190329P00246000,246.0,0,0.0,0.0,,0.0,normalDay
2019-03-06,356.0,13.0,0.0,0,277.33,0.0,1,0.39,0.26,SPY190329P00246000,246.0,0,0.0,0.0,,0.0,normalDay
2019-03-07,356.0,10.0,0.0,0,275.01,0.0,1,0.39,0.29,SPY190329P00246000,246.0,0,0.0,0.0,,0.0,normalDay
2019-03-08,356.0,16.0,0.0,0,274.46,0.0,1,0.39,0.23,SPY190329P00246000,246.0,0,0.0,0.0,,0.0,normalDay
2019-03-11,356.0,30.0,0.0,0,278.44,0.0,1,0.39,0.09,SPY190329P00246000,246.0,0,0.0,0.0,,0.0,normalDay
2019-03-12,356.0,32.0,0.0,0,279.49,0.0,1,0.39,0.07,SPY190329P00246000,246.0,0,0.0,0.0,,0.0,normalDay
2019-03-13,356.0,33.0,0.0,0,281.34,0.0,1,0.39,0.06,SPY190329P00246000,246.0,0,0.0,0.0,,0.0,normalDay
2019-03-14,356.0,33.0,0.0,0,281.16,0.0,1,0.39,0.06,SPY190329P00246000,246.0,0,0.0,0.0,,0.0,normalDay
2019-03-15,356.0,35.0,0.0,0,281.31,0.0,1,0.39,0.04,SPY190329P00246000,246.0,0,0.0,0.0,,0.0,normalDay
2019-03-18,356.0,36.0,0.0,0,282.33,0.0,1,0.39,0.03,SPY190329P00246000,246.0,0,0.0,0.0,,0.0,normalDay
2019-03-19,356.0,36.0,0.0,0,282.4,0.0,1,0.39,0.03,SPY190329P00246000,246.0,0,0.0,0.0,,0.0,normalDay
2019-03-20,356.0,37.0,0.0,0,281.55,0.0,1,0.39,0.02,SPY190329P00246000,246.0,0,0.0,0.0,,0.0,normalDay
2019-03-21,356.0,37.0,0.0,0,284.73,0.0,1,0.39,0.02,SPY190329P00246000,246.0,0,0.0,0.0,,0.0,normalDay
2019-03-22,356.0,36.0,0.0,0,279.25,0.0,1,0.39,0.03,SPY190329P00246000,246.0,0,0.0,0.0,,0.0,normalDay
2019-03-25,356.0,37.0,0.0,0,279.04,0.0,1,0.39,0.02,SPY190329P00246000,246.0,0,0.0,0.0,,0.0,normalDay
2019-03-26,356.0,38.0,0.0,0,281.12,0.0,1,0.39,0.01,SPY190329P00246000,246.0,0,0.0,0.0,,0.0,normalDay
2019-03-27,356.0,38.0,0.0,0,279.65,0.0,1,0.39,0.01,SPY190329P00246000,246.0,0,0.0,0.0,,0.0,normalDay
2019-03-28,356.0,38.0,0.0,0,280.71,0.0,1,0.39,0.01,SPY190329P00246000,246.0,0,0.0,0.0,,0.0,normalDay
2019-03-29,395.0,0.0,39.0,0,282.48,0.0,1,0.39,0.0,SPY190329P00246000,246.0,0,0.0,0.0,,0.0,expirationDay
2019-04-01,395.0,-4.0,0.0,0,285.83,0.0,1,1.01,1.05,SPY190517P00267000,267.0,0,0.0,0.0,,0.0,normalDay
2019-04-02,395.0,1.0,0.0,0,285.97,0.0,1,1.01,1.0,SPY190517P00267000,267.0,0,0.0,0.0,,0.0,normalDay
2019-04-03,395.0,6.0,0.0,0,286.42,0.0,1,1.01,0.95,SPY190517P00267000,267.0,0,0.0,0.0,,0.0,normalDay
2019-04-04,395.0,16.0,0.0,0,287.18,0.0,1,1.01,0.85,SPY190517P00267000,267.0,0,0.0,0.0,,0.0,normalDay
2019-04-05,395.0,33.0,0.0,0,288.57,0.0,1,1.01,0.68,SPY190517P00267000,267.0,0,0.0,0.0,,0.0,normalDay
2019-04-08,395.0,35.0,0.0,0,288.79,0.0,1,1.01,0.66,SPY190517P00267000,267.0,0,0.0,0.0,,0.0,normalDay
2019-04-09,395.0,15.0,0.0,0,287.31,0.0,1,1.01,0.86,SPY190517P00267000,267.0,0,0.0,0.0,,0.0,normalDay
2019-04-10,395.0,36.0,0.0,0,288.29,0.0,1,1.01,0.65,SPY190517P00267000,267.0,0,0.0,0.0,,0.0,normalDay
2019-04-11,395.0,38.0,0.0,0,288.21,0.0,1,1.01,0.63,SPY190517P00267000,267.0,0,0.0,0.0,,0.0,normalDay
2019-04-12,395.0,59.0,0.0,0,290.16,0.0,1,1.01,0.42,SPY190517P00267000,267.0,0,0.0,0.0,,0.0,normalDay
2019-04-15,395.0,60.0,0.0,0,289.97,0.0,1,1.01,0.41,SPY190517P00267000,267.0,0,0.0,0.0,,0.0,normalDay
2019-04-16,395.0,63.0,0.0,0,290.16,0.0,1,1.01,0.38,SPY190517P00267000,267.0,0,0.0,0.0,,0.0,normalDay
2019-04-17,395.0,60.0,0.0,0,289.45,0.0,1,1.01,0.41,SPY190517P00267000,267.0,0,0.0,0.0,,0.0,normalDay
2019-04-18,395.0,67.0,0.0,0,290.02,0.0,1,1.01,0.34,SPY190517P00267000,267.0,0,0.0,0.0,,0.0,normalDay
2019-04-22,395.0,73.0,0.0,0,290.27,0.0,1,1.01,0.28,SPY190517P00267000,267.0,0,0.0,0.0,,0.0,normalDay
2019-04-23,395.0,78.0,0.0,0,292.88,0.0,1,1.01,0.23,SPY190517P00267000,267.0,0,0.0,0.0,,0.0,normalDay
2019-04-24,395.0,74.0,0.0,0,292.23,0.0,1,1.01,0.27,SPY190517P00267000,267.0,0,0.0,0.0,,0.0,normalDay
2019-04-25,395.0,75.0,0.0,0,292.05,0.0,1,1.01,0.26,SPY190517P00267000,267.0,0,0.0,0.0,,0.0,normalDay
2019-04-26,395.0,80.0,0.0,0,293.41,0.0,1,1.01,0.21,SPY190517P00267000,267.0,0,0.0,0.0,,0.0,normalDay
2019-04-29,395.0,82.0,0.0,0,293.87,0.0,1,1.01,0.19,SPY190517P00267000,267.0,0,0.0,0.0,,0.0,normalDay
2019-04-30,395.0,82.0,0.0,0,294.02,0.0,1,1.01,0.19,SPY190517P00267000,267.0,0,0.0,0.0,,0.0,normalDay
2019-05-01,395.0,75.0,0.0,0,291.81,0.0,1,1.01,0.26,SPY190517P00267000,267.0,0,0.0,0.0,,0.0,normalDay
2019-05-02,395.0,80.0,0.0,0,291.18,0.0,1,1.01,0.21,SPY190517P00267000,267.0,0,0.0,0.0,,0.0,normalDay
2019-05-03,395.0,91.0,0.0,0,294.03,0.0,1,1.01,0.1,SPY190517P00267000,267.0,0,0.0,0.0,,0.0,normalDay
2019-05-06,395.0,85.0,0.0,0,292.82,0.0,1,1.01,0.16,SPY190517P00267000,267.0,0,0.0,0.0,,0.0,normalDay
2019-05-07,395.0,63.0,0.0,0,287.93,0.0,1,1.01,0.38,SPY190517P00267000,267.0,0,0.0,0.0,,0.0,normalDay
2019-05-08,395.0,66.0,0.0,0,287.53,0.0,1,1.01,0.35,SPY190517P00267000,267.0,0,0.0,0.0,,0.0,normalDay
2019-05-09,395.0,73.0,0.0,0,286.66,0.0,1,1.01,0.28,SPY190517P00267000,267.0,0,0.0,0.0,,0.0,normalDay
2019-05-10,395.0,93.0,0.0,0,288.1,0.0,1,1.01,0.08,SPY190517P00267000,267.0,0,0.0,0.0,,0.0,normalDay
2019-05-13,395.0,74.0,0.0,0,280.86,0.0,1,1.01,0.27,SPY190517P00267000,267.0,0,0.0,0.0,,0.0,normalDay
2019-05-14,395.0,95.0,0.0,0,283.4,0.0,1,1.01,0.06,SPY190517P00267000,267.0,0,0.0,0.0,,0.0,normalDay
2019-05-15,395.0,99.0,0.0,0,285.06,0.0,1,1.01,0.02,SPY190517P00267000,267.0,0,0.0,0.0,,0.0,normalDay
2019-05-16,395.0,100.0,0.0,0,287.7,0.0,1,1.01,0.01,SPY190517P00267000,267.0,0,0.0,0.0,,0.0,normalDay
2019-05-17,496.0,0.0,101.0,0,285.84,0.0,1,1.01,0.0,SPY190517P00267000,267.0,0,0.0,0.0,,0.0,expirationDay
2019-05-20,496.0,-5.0,0.0,0,283.95,0.0,1,1.91,1.96,SPY190628P00269000,269.0,0,0.0,0.0,,0.0,normalDay
2019-05-21,496.0,55.0,0.0,0,286.51,0.0,1,1.91,1.36,SPY190628P00269000,269.0,0,0.0,0.0,,0.0,normalDay
2019-05-22,496.0,50.0,0.0,0,285.63,0.0,1,1.91,1.41,SPY190628P00269000,269.0,0,0.0,0.0,,0.0,normalDay
2019-05-23,496.0,-32.0,0.0,0,282.14,0.0,1,1.91,2.23,SPY190628P00269000,269.0,0,0.0,0.0,,0.0,normalDay
2019-05-24,496.0,7.0,0.0,0,282.78,0.0,1,1.91,1.84,SPY190628P00269000,269.0,0,0.0,0.0,,0.0,normalDay
2019-05-28,496.0,-33.0,0.0,0,280.15,0.0,1,1.91,2.24,SPY190628P00269000,269.0,0,0.0,0.0,,0.0,normalDay
2019-05-29,496.0,-72.0,0.0,0,278.27,0.0,1,1.91,2.63,SPY190628P00269000,269.0,0,0.0,0.0,,0.0,normalDay
2019-05-30,496.0,-37.0,0.0,0,279.03,0.0,1,1.91,2.28,SPY190628P00269000,269.0,0,0.0,0.0,,0.0,normalDay
2019-05-31,496.0,-149.0,0.0,0,275.27,0.0,1,1.91,3.4,SPY190628P00269000,269.0,0,0.0,0.0,,0.0,normalDay
2019-06-03,496.0,-138.0,0.0,0,274.57,0.0,1,1.91,3.29,SPY190628P00269000,269.0,0,0.0,0.0,,0.0,normalDay
2019-06-04,496.0,35.0,0.0,0,280.53,0.0,1,1.91,1.56,SPY190628P00269000,269.0,0,0.0,0.0,,0.0,normalDay
2019-06-05,496.0,93.0,0.0,0,282.96,0.0,1,1.91,0.98,SPY190628P00269000,269.0,0,0.0,0.0,,0.0,normalDay
2019-06-06,496.0,113.0,0.0,0,284.8,0.0,1,1.91,0.78,SPY190628P00269000,269.0,0,0.0,0.0,,0.0,normalDay
2019-06-07,496.0,129.0,0.0,0,287.65,0.0,1,1.91,0.62,SPY190628P00269000,269.0,0,0.0,0.0,,0.0,normalDay
2019-06-10,496.0,149.0,0.0,0,288.97,0.0,1,1.91,0.42,SPY190628P00269000,269.0,0,0.0,0.0,,0.0,normalDay
2019-06-11,496.0,152.0,0.0,0,288.9,0.0,1,1.91,0.39,SPY190628P00269000,269.0,0,0.0,0.0,,0.0,normalDay
2019-06-12,496.0,154.0,0.0,0,288.39,0.0,1,1.91,0.37,SPY190628P00269000,269.0,0,0.0,0.0,,0.0,normalDay
2019-06-13,496.0,163.0,0.0,0,289.58,0.0,1,1.91,0.28,SPY190628P00269000,269.0,0,0.0,0.0,,0.0,normalDay
2019-06-14,496.0,172.0,0.0,0,289.26,0.0,1,1.91,0.19,SPY190628P00269000,269.0,0,0.0,0.0,,0.0,normalDay
2019-06-17,496.0,175.0,0.0,0,289.37,0.0,1,1.91,0.16,SPY190628P00269000,269.0,0,0.0,0.0,,0.0,normalDay
2019-06-18,496.0,181.0,0.0,0,292.4,0.0,1,1.91,0.1,SPY190628P00269000,269.0,0,0.0,0.0,,0.0,normalDay
2019-06-19,496.0,184.0,0.0,0,293.06,0.0,1,1.91,0.07,SPY190628P00269000,269.0,0,0.0,0.0,,0.0,normalDay
2019-06-20,496.0,184.0,0.0,0,295.86,0.0,1,1.91,0.07,SPY190628P00269000,269.0,0,0.0,0.0,,0.0,normalDay
2019-06-21,496.0,186.0,0.0,0,294.0,0.0,1,1.91,0.05,SPY190628P00269000,269.0,0,0.0,0.0,,0.0,normalDay
2019-06-24,496.0,189.0,0.0,0,293.64,0.0,1,1.91,0.02,SPY190628P00269000,269.0,0,0.0,0.0,,0.0,normalDay
2019-06-25,496.0,189.0,0.0,0,290.76,0.0,1,1.91,0.02,SPY190628P00269000,269.0,0,0.0,0.0,,0.0,normalDay
2019-06-26,496.0,189.0,0.0,0,290.47,0.0,1,1.91,0.02,SPY190628P00269000,269.0,0,0.0,0.0,,0.0,normalDay
2019-06-27,496.0,190.0,0.0,0,291.5,0.0,1,1.91,0.01,SPY190628P00269000,269.0,0,0.0,0.0,,0.0,normalDay
2019-06-28,687.0,0.0,191.0,0,293.0,0.0,1,1.91,0.0,SPY190628P00269000,269.0,0,0.0,0.0,,0.0,expirationDay
2019-07-01,687.0,-3.0,0.0,0,295.66,0.0,1,0.81,0.84,SPY190816P00271000,271.0,0,0.0,0.0,,0.0,normalDay
2019-07-02,687.0,14.0,0.0,0,296.43,0.0,1,0.81,0.67,SPY190816P00271000,271.0,0,0.0,0.0,,0.0,normalDay
2019-07-03,687.0,29.0,0.0,0,298.8,0.0,1,0.81,0.52,SPY190816P00271000,271.0,0,0.0,0.0,,0.0,normalDay
2019-07-05,687.0,24.0,0.0,0,298.46,0.0,1,0.81,0.57,SPY190816P00271000,271.0,0,0.0,0.0,,0.0,normalDay
2019-07-08,687.0,19.0,0.0,0,296.82,0.0,1,0.81,0.62,SPY190816P00271000,271.0,0,0.0,0.0,,0.0,normalDay
2019-07-09,687.0,19.0,0.0,0,297.19,0.0,1,0.81,0.62,SPY190816P00271000,271.0,0,0.0,0.0,,0.0,normalDay
2019-07-10,687.0,34.0,0.0,0,298.61,0.0,1,0.81,0.47,SPY190816P00271000,271.0,0,0.0,0.0,,0.0,normalDay
2019-07-11,687.0,38.0,0.0,0,299.31,0.0,1,0.81,0.43,SPY190816P00271000,271.0,0,0.0,0.0,,0.0,normalDay
2019-07-12,687.0,47.0,0.0,0,300.65,0.0,1,0.81,0.34,SPY190816P00271000,271.0,0,0.0,0.0,,0.0,normalDay
2019-07-15,687.0,47.0,0.0,0,300.75,0.0,1,0.81,0.34,SPY190816P00271000,271.0,0,0.0,0.0,,0.0,normalDay
2019-07-16,687.0,45.0,0.0,0,299.78,0.0,1,0.81,0.36,SPY190816P00271000,271.0,0,0.0,0.0,,0.0,normalDay
2019-07-17,687.0,36.0,0.0,0,297.74,0.0,1,0.81,0.45,SPY190816P00271000,271.0,0,0.0,0.0,,0.0,normalDay
2019-07-18,687.0,45.0,0.0,0,298.83,0.0,1,0.81,0.36,SPY190816P00271000,271.0,0,0.0,0.0,,0.0,normalDay
2019-07-19,687.0,38.0,0.0,0,297.17,0.0,1,0.81,0.43,SPY190816P00271000,271.0,0,0.0,0.0,,0.0,normalDay
2019-07-22,687.0,52.0,0.0,0,297.9,0.0,1,0.81,0.29,SPY190816P00271000,271.0,0,0.0,0.0,,0.0,normalDay
2019-07-23,687.0,61.0,0.0,0,300.03,0.0,1,0.81,0.2,SPY190816P00271000,271.0,0,0.0,0.0,,0.0,normalDay
2019-07-24,687.0,66.0,0.0,0,301.44,0.0,1,0.81,0.15,SPY190816P00271000,271.0,0,0.0,0.0,,0.0,normalDay
2019-07-25,687.0,64.0,0.0,0,300.0,0.0,1,0.81,0.17,SPY190816P00271000,271.0,0,0.0,0.0,,0.0,normalDay
2019-07-26,687.0,69.0,0.0,0,302.01,0.0,1,0.81,0.12,SPY190816P00271000,271.0,0,0.0,0.0,,0.0,normalDay
2019-07-29,687.0,69.0,0.0,0,301.46,0.0,1,0.81,0.12,SPY190816P00271000,271.0,0,0.0,0.0,,0.0,normalDay
2019-07-30,687.0,66.0,0.0,0,300.72,0.0,1,0.81,0.15,SPY190816P00271000,271.0,0,0.0,0.0,,0.0,normalDay
2019-07-31,687.0,55.0,0.0,0,297.43,0.0,1,0.81,0.26,SPY190816P00271000,271.0,0,0.0,0.0,,0.0,normalDay
2019-08-01,687.0,44.0,0.0,0,294.84,0.0,1,0.81,0.37,SPY190816P00271000,271.0,0,0.0,0.0,,0.0,normalDay
2019-08-02,687.0,41.0,0.0,0,292.62,0.0,1,0.81,0.4,SPY190816P00271000,271.0,0,0.0,0.0,,0.0,normalDay
2019-08-05,687.0,-97.0,0.0,0,283.82,0.0,1,0.81,1.78,SPY190816P00271000,271.0,0,0.0,0.0,,0.0,normalDay
2019-08-06,687.0,21.0,0.0,0,287.8,0.0,1,0.81,0.6,SPY190816P00271000,271.0,0,0.0,0.0,,0.0,normalDay
2019-08-07,687.0,36.0,0.0,0,287.97,0.0,1,0.81,0.45,SPY190816P00271000,271.0,0,0.0,0.0,,0.0,normalDay
2019-08-08,687.0,69.0,0.0,0,293.62,0.0,1,0.81,0.12,SPY190816P00271000,271.0,0,0.0,0.0,,0.0,normalDay
2019-08-09,687.0,68.0,0.0,0,291.62,0.0,1,0.81,0.13,SPY190816P00271000,271.0,0,0.0,0.0,,0.0,normalDay
2019-08-12,687.0,64.0,0.0,0,288.07,0.0,1,0.81,0.17,SPY190816P00271000,271.0,0,0.0,0.0,,0.0,normalDay
2019-08-13,687.0,77.0,0.0,0,292.55,0.0,1,0.81,0.04,SPY190816P00271000,271.0,0,0.0,0.0,,0.0,normalDay
2019-08-14,687.0,63.0,0.0,0,283.9,0.0,1,0.81,0.18,SPY190816P00271000,271.0,0,0.0,0.0,,0.0,normalDay
2019-08-15,687.0,79.0,0.0,0,284.65,0.0,1,0.81,0.02,SPY190816P00271000,271.0,0,0.0,0.0,,0.0,normalDay
2019-08-16,768.0,0.0,81.0,0,288.85,0.0,1,0.81,0.0,SPY190816P00271000,271.0,0,0.0,0.0,,0.0,expirationDay
2019-08-19,768.0,-4.0,0.0,0,292.33,0.0,1,0.88,0.92,SPY190930P00263000,263.0,0,0.0,0.0,,0.0,normalDay
2019-08-20,768.0,-24.0,0.0,0,290.09,0.0,1,0.88,1.12,SPY190930P00263000,263.0,0,0.0,0.0,,0.0,normalDay
2019-08-21,768.0,20.0,0.0,0,292.45,0.0,1,0.88,0.68,SPY190930P00263000,263.0,0,0.0,0.0,,0.0,normalDay
2019-08-22,768.0,9.0,0.0,0,292.36,0.0,1,0.88,0.79,SPY190930P00263000,263.0,0,0.0,0.0,,0.0,normalDay
2019-08-23,768.0,-74.0,0.0,0,284.85,0.0,1,0.88,1.62,SPY190930P00263000,263.0,0,0.0,0.0,,0.0,normalDay
2019-08-26,768.0,-30.0,0.0,0,288.0,0.0,1,0.88,1.18,SPY190930P00263000,263.0,0,0.0,0.0,,0.0,normalDay
2019-08-27,768.0,-51.0,0.0,0,286.87,0.0,1,0.88,1.39,SPY190930P00263000,263.0,0,0.0,0.0,,0.0,normalDay
2019-08-28,768.0,-17.0,0.0,0,288.89,0.0,1,0.88,1.05,SPY190930P00263000,263.0,0,0.0,0.0,,0.0,normalDay
2019-08-29,768.0,14.0,0.0,0,292.58,0.0,1,0.88,0.74,SPY190930P00263000,263.0,0,0.0,0.0,,0.0,normalDay
2019-08-30,768.0,6.0,0.0,0,292.45,0.0,1,0.88,0.82,SPY190930P00263000,263.0,0,0.0,0.0,,0.0,normalDay
2019-09-03,768.0,7.0,0.0,0,290.74,0.0,1,0.88,0.81,SPY190930P00263000,263.0,0,0.0,0.0,,0.0,normalDay
2019-09-04,768.0,47.0,0.0,0,294.04,0.0,1,0.88,0.41,SPY190930P00263000,263.0,0,0.0,0.0,,0.0,normalDay
2019-09-05,768.0,59.0,0.0,0,297.82,0.0,1,0.88,0.29,SPY190930P00263000,263.0,0,0.0,0.0,,0.0,normalDay
2019-09-06,768.0,69.0,0.0,0,298.05,0.0,1,0.88,0.19,SPY190930P00263000,263.0,0,0.0,0.0,,0.0,normalDay
2019-09-09,768.0,71.0,0.0,0,298.2,0.0,1,0.88,0.17,SPY190930P00263000,263.0,0,0.0,0.0,,0.0,normalDay
2019-09-10,768.0,72.0,0.0,0,298.13,0.0,1,0.88,0.16,SPY190930P00263000,263.0,0,0.0,0.0,,0.0,normalDay
2019-09-11,768.0,77.0,0.0,0,300.25,0.0,1,0.88,0.11,SPY190930P00263000,263.0,0,0.0,0.0,,0.0,normalDay
2019-09-12,768.0,78.0,0.0,0,301.29,0.0,1,0.88,0.1,SPY190930P00263000,263.0,0,0.0,0.0,,0.0,normalDay
2019-09-13,768.0,80.0,0.0,0,301.09,0.0,1,0.88,0.08,SPY190930P00263000,263.0,0,0.0,0.0,,0.0,normalDay
2019-09-16,768.0,80.0,0.0,0,300.16,0.0,1,0.88,0.08,SPY190930P00263000,263.0,0,0.0,0.0,,0.0,normalDay
2019-09-17,768.0,81.0,0.0,0,300.92,0.0,1,0.88,0.07,SPY190930P00263000,263.0,0,0.0,0.0,,0.0,normalDay
2019-09-18,768.0,82.0,0.0,0,301.1,0.0,1,0.88,0.06,SPY190930P00263000,263.0,0,0.0,0.0,,0.0,normalDay
2019-09-19,768.0,83.0,0.0,0,301.08,0.0,1,0.88,0.05,SPY190930P00263000,263.0,0,0.0,0.0,,0.0,normalDay
2019-09-20,768.0,84.0,0.0,0,298.28,0.0,1,0.88,0.04,SPY190930P00263000,263.0,0,0.0,0.0,,0.0,normalDay
2019-09-23,768.0,85.0,0.0,0,298.21,0.0,1,0.88,0.03,SPY190930P00263000,263.0,0,0.0,0.0,,0.0,normalDay
2019-09-24,768.0,83.0,0.0,0,295.87,0.0,1,0.88,0.05,SPY190930P00263000,263.0,0,0.0,0.0,,0.0,normalDay
2019-09-25,768.0,86.0,0.0,0,297.62,0.0,1,0.88,0.02,SPY190930P00263000,263.0,0,0.0,0.0,,0.0,normalDay
2019-09-26,768.0,87.0,0.0,0,297.0,0.0,1,0.88,0.01,SPY190930P00263000,263.0,0,0.0,0.0,,0.0,normalDay
2019-09-27,768.0,87.0,0.0,0,295.4,0.0,1,0.88,0.01,SPY190930P00263000,263.0,0,0.0,0.0,,0.0,normalDay
2019-09-30,856.0,0.0,88.0,0,296.77,0.0,1,0.88,0.0,SPY190930P00263000,263.0,0,0.0,0.0,,0.0,expirationDay
2019-10-01,856.0,-4.0,0.0,0,293.24,0.0,1,4.38,4.42,SPY191115P00286000,286.0,0,0.0,0.0,,0.0,normalDay
2019-10-02,856.0,-239.0,0.0,0,288.06,0.0,1,4.38,6.77,SPY191115P00286000,286.0,0,0.0,0.0,,0.0,normalDay
2019-10-03,856.0,-100.0,0.0,0,290.42,0.0,1,4.38,5.38,SPY191115P00286000,286.0,0,0.0,0.0,,0.0,normalDay
2019-10-04,856.0,70.0,0.0,0,294.35,0.0,1,4.38,3.68,SPY191115P00286000,286.0,0,0.0,0.0,,0.0,normalDay
2019-10-07,856.0,38.0,0.0,0,293.08,0.0,1,4.38,4.0,SPY191115P00286000,286.0,0,0.0,0.0,,0.0,normalDay
2019-10-08,856.0,-148.0,0.0,0,288.53,0.0,1,4.38,5.86,SPY191115P00286000,286.0,0,0.0,0.0,,0.0,normalDay
2019-10-09,856.0,-15.0,0.0,0,291.27,0.0,1,4.38,4.53,SPY191115P00286000,286.0,0,0.0,0.0,,0.0,normalDay
2019-10-10,856.0,81.0,0.0,0,293.24,0.0,1,4.38,3.57,SPY191115P00286000,286.0,0,0.0,0.0,,0.0,normalDay
2019-10-11,856.0,209.0,0.0,0,296.28,0.0,1,4.38,2.29,SPY191115P00286000,286.0,0,0.0,0.0,,0.0,normalDay
2019-10-14,856.0,237.0,0.0,0,295.95,0.0,1,4.38,2.01,SPY191115P00286000,286.0,0,0.0,0.0,,0.0,normalDay
2019-10-15,856.0,312.0,0.0,0,298.88,0.0,1,4.38,1.26,SPY191115P00286000,286.0,0,0.0,0.0,,0.0,normalDay
2019-10-16,856.0,312.0,0.0,0,298.4,0.0,1,4.38,1.26,SPY191115P00286000,286.0,0,0.0,0.0,,0.0,normalDay
2019-10-17,856.0,323.0,0.0,0,299.28,0.0,1,4.38,1.15,SPY191115P00286000,286.0,0,0.0,0.0,,0.0,normalDay
2019-10-18,856.0,310.0,0.0,0,297.97,0.0,1,4.38,1.28,SPY191115P00286000,286.0,0,0.0,0.0,,0.0,normalDay
2019-10-21,856.0,352.0,0.0,0,299.99,0.0,1,4.38,0.86,SPY191115P00286000,286.0,0,0.0,0.0,,0.0,normalDay
2019-10-22,856.0,342.0,0.0,0,299.01,0.0,1,4.38,0.96,SPY191115P00286000,286.0,0,0.0,0.0,,0.0,normalDay
2019-10-23,856.0,363.0,0.0,0,299.88,0.0,1,4.38,0.75,SPY191115P00286000,286.0,0,0.0,0.0,,0.0,normalDay
2019-10-24,856.0,375.0,0.0,0,300.37,0.0,1,4.38,0.63,SPY191115P00286000,286.0,0,0.0,0.0,,0.0,normalDay
2019-10-25,856.0,396.0,0.0,0,301.6,0.0,1,4.38,0.42,SPY191115P00286000,286.0,0,0.0,0.0,,0.0,normalDay
2019-10-28,856.0,406.0,0.0,0,303.3,0.0,1,4.38,0.32,SPY191115P00286000,286.0,0,0.0,0.0,,0.0,normalDay
2019-10-29,856.0,409.0,0.0,0,303.21,0.0,1,4.38,0.29,SPY191115P00286000,286.0,0,0.0,0.0,,0.0,normalDay
2019-10-30,856.0,418.0,0.0,0,304.14,0.0,1,4.38,0.2,SPY191115P00286000,286.0,0,0.0,0.0,,0.0,normalDay
2019-10-31,856.0,410.0,0.0,0,303.33,0.0,1,4.38,0.28,SPY191115P00286000,286.0,0,0.0,0.0,,0.0,normalDay
2019-11-01,856.0,426.0,0.0,0,306.14,0.0,1,4.38,0.12,SPY191115P00286000,286.0,0,0.0,0.0,,0.0,normalDay
2019-11-04,856.0,428.0,0.0,0,307.37,0.0,1,4.38,0.1,SPY191115P00286000,286.0,0,0.0,0.0,,0.0,normalDay
2019-11-05,856.0,430.0,0.0,0,307.03,0.0,1,4.38,0.08,SPY191115P00286000,286.0,0,0.0,0.0,,0.0,normalDay
2019-11-06,856.0,433.0,0.0,0,307.1,0.0,1,4.38,0.05,SPY191115P00286000,286.0,0,0.0,0.0,,0.0,normalDay
2019-11-07,856.0,435.0,0.0,0,308.18,0.0,1,4.38,0.03,SPY191115P00286000,286.0,0,0.0,0.0,,0.0,normalDay
2019-11-08,856.0,435.0,0.0,0,308.94,0.0,1,4.38,0.03,SPY191115P00286000,286.0,0,0.0,0.0,,0.0,normalDay
2019-11-11,856.0,436.0,0.0,0,308.35,0.0,1,4.38,0.02,SPY191115P00286000,286.0,0,0.0,0.0,,0.0,normalDay
2019-11-12,856.0,436.0,0.0,0,309.0,0.0,1,4.38,0.02,SPY191115P00286000,286.0,0,0.0,0.0,,0.0,normalDay
2019-11-13,856.0,436.0,0.0,0,309.1,0.0,1,4.38,0.02,SPY191115P00286000,286.0,0,0.0,0.0,,0.0,normalDay
2019-11-14,856.0,437.0,0.0,0,309.55,0.0,1,4.38,0.01,SPY191115P00286000,286.0,0,0.0,0.0,,0.0,normalDay
2019-11-15,1294.0,0.0,438.0,0,311.79,0.0,1,4.38,0.0,SPY191115P00286000,286.0,0,0.0,0.0,,0.0,expirationDay
2019-11-18,1294.0,-4.0,0.0,0,312.02,0.0,1,0.79,0.83,SPY191231P00287000,287.0,0,0.0,0.0,,0.0,normalDay
2019-11-19,1294.0,-9.0,0.0,0,311.93,0.0,1,0.79,0.88,SPY191231P00287000,287.0,0,0.0,0.0,,0.0,normalDay
2019-11-20,1294.0,-15.0,0.0,0,310.77,0.0,1,0.79,0.94,SPY191231P00287000,287.0,0,0.0,0.0,,0.0,normalDay
2019-11-21,1294.0,-14.0,0.0,0,310.27,0.0,1,0.79,0.93,SPY191231P00287000,287.0,0,0.0,0.0,,0.0,normalDay
2019-11-22,1294.0,2.0,0.0,0,310.96,0.0,1,0.79,0.77,SPY191231P00287000,287.0,0,0.0,0.0,,0.0,normalDay
2019-11-25,1294.0,27.0,0.0,0,313.37,0.0,1,0.79,0.52,SPY191231P00287000,287.0,0,0.0,0.0,,0.0,normalDay
2019-11-26,1294.0,34.0,0.0,0,314.08,0.0,1,0.79,0.45,SPY191231P00287000,287.0,0,0.0,0.0,,0.0,normalDay
2019-11-27,1294.0,40.0,0.0,0,315.48,0.0,1,0.79,0.39,SPY191231P00287000,287.0,0,0.0,0.0,,0.0,normalDay
2019-11-29,1294.0,32.0,0.0,0,314.31,0.0,1,0.79,0.47,SPY191231P00287000,287.0,0,0.0,0.0,,0.0,normalDay
2019-12-02,1294.0,7.0,0.0,0,311.64,0.0,1,0.79,0.72,SPY191231P00287000,287.0,0,0.0,0.0,,0.0,normalDay
2019-12-03,1294.0,-13.0,0.0,0,309.55,0.0,1,0.79,0.92,SPY191231P00287000,287.0,0,0.0,0.0,,0.0,normalDay
2019-12-04,1294.0,13.0,0.0,0,311.46,0.0,1,0.79,0.66,SPY191231P00287000,287.0,0,0.0,0.0,,0.0,normalDay
2019-12-05,1294.0,26.0,0.0,0,312.02,0.0,1,0.79,0.53,SPY191231P00287000,287.0,0,0.0,0.0,,0.0,normalDay
2019-12-06,1294.0,42.0,0.0,0,314.87,0.0,1,0.79,0.37,SPY191231P00287000,287.0,0,0.0,0.0,,0.0,normalDay
2019-12-09,1294.0,27.0,0.0,0,313.88,0.0,1,0.79,0.52,SPY191231P00287000,287.0,0,0.0,0.0,,0.0,normalDay
2019-12-10,1294.0,33.0,0.0,0,313.53,0.0,1,0.79,0.46,SPY191231P00287000,287.0,0,0.0,0.0,,0.0,normalDay
2019-12-11,1294.0,45.0,0.0,0,314.42,0.0,1,0.79,0.34,SPY191231P00287000,287.0,0,0.0,0.0,,0.0,normalDay
2019-12-12,1294.0,56.0,0.0,0,317.13,0.0,1,0.79,0.23,SPY191231P00287000,287.0,0,0.0,0.0,,0.0,normalDay
2019-12-13,1294.0,60.0,0.0,0,317.32,0.0,1,0.79,0.19,SPY191231P00287000,287.0,0,0.0,0.0,,0.0,normalDay
2019-12-16,1294.0,66.0,0.0,0,319.5,0.0,1,0.79,0.13,SPY191231P00287000,287.0,0,0.0,0.0,,0.0,normalDay
2019-12-17,1294.0,68.0,0.0,0,319.57,0.0,1,0.79,0.11,SPY191231P00287000,287.0,0,0.0,0.0,,0.0,normalDay
2019-12-18,1294.0,71.0,0.0,0,319.59,0.0,1,0.79,0.08,SPY191231P00287000,287.0,0,0.0,0.0,,0.0,normalDay
2019-12-19,1294.0,72.0,0.0,0,320.9,0.0,1,0.79,0.07,SPY191231P00287000,287.0,0,0.0,0.0,,0.0,normalDay
2019-12-20,1294.0,74.0,0.0,0,320.73,0.0,1,0.79,0.05,SPY191231P00287000,287.0,0,0.0,0.0,,0.0,normalDay
2019-12-23,1294.0,77.0,0.0,0,321.22,0.0,1,0.79,0.02,SPY191231P00287000,287.0,0,0.0,0.0,,0.0,normalDay
2019-12-24,1294.0,77.0,0.0,0,321.23,0.0,1,0.79,0.02,SPY191231P00287000,287.0,0,0.0,0.0,,0.0,normalDay
2019-12-26,1294.0,78.0,0.0,0,322.94,0.0,1,0.79,0.01,SPY191231P00287000,287.0,0,0.0,0.0,,0.0,normalDay
2019-12-27,1294.0,78.0,0.0,0,322.86,0.0,1,0.79,0.01,SPY191231P00287000,287.0,0,0.0,0.0,,0.0,normalDay
2019-12-30,1294.0,78.0,0.0,0,321.08,0.0,1,0.79,0.01,SPY191231P00287000,287.0,0,0.0,0.0,,0.0,normalDay
2019-12-31,1373.0,0.0,79.0,0,321.86,0.0,1,0.79,0.0,SPY191231P00287000,287.0,0,0.0,0.0,,0.0,expirationDay
2020-01-02,1373.0,-3.0,0.0,0,324.87,0.0,1,1.0,1.03,SPY200221P00299000,299.0,0,0.0,0.0,,0.0,normalDay
2020-01-03,1373.0,-41.0,0.0,0,322.41,0.0,1,1.0,1.41,SPY200221P00299000,299.0,0,0.0,0.0,,0.0,normalDay
2020-01-06,1373.0,-13.0,0.0,0,323.64,0.0,1,1.0,1.13,SPY200221P00299000,299.0,0,0.0,0.0,,0.0,normalDay
2020-01-07,1373.0,-18.0,0.0,0,322.73,0.0,1,1.0,1.18,SPY200221P00299000,299.0,0,0.0,0.0,,0.0,normalDay
2020-01-08,1373.0,3.0,0.0,0,324.45,0.0,1,1.0,0.97,SPY200221P00299000,299.0,0,0.0,0.0,,0.0,normalDay
2020-01-09,1373.0,26.0,0.0,0,326.65,0.0,1,1.0,0.74,SPY200221P00299000,299.0,0,0.0,0.0,,0.0,normalDay
2020-01-10,1373.0,24.0,0.0,0,325.71,0.0,1,1.0,0.76,SPY200221P00299000,299.0,0,0.0,0.0,,0.0,normalDay
2020-01-13,1373.0,46.0,0.0,0,327.95,0.0,1,1.0,0.54,SPY200221P00299000,299.0,0,0.0,0.0,,0.0,normalDay
2020-01-14,1373.0,48.0,0.0,0,327.45,0.0,1,1.0,0.52,SPY200221P00299000,299.0,0,0.0,0.0,,0.0,normalDay
2020-01-15,1373.0,52.0,0.0,0,328.19,0.0,1,1.0,0.48,SPY200221P00299000,299.0,0,0.0,0.0,,0.0,normalDay
2020-01-16,1373.0,60.0,0.0,0,330.92,0.0,1,1.0,0.4,SPY200221P00299000,299.0,0,0.0,0.0,,0.0,normalDay
2020-01-17,1373.0,65.0,0.0,0,331.95,0.0,1,1.0,0.35,SPY200221P00299000,299.0,0,0.0,0.0,,0.0,normalDay
2020-01-21,1373.0,66.0,0.0,0,331.3,0.0,1,1.0,0.34,SPY200221P00299000,299.0,0,0.0,0.0,,0.0,normalDay
2020-01-22,1373.0,68.0,0.0,0,331.34,0.0,1,1.0,0.32,SPY200221P00299000,299.0,0,0.0,0.0,,0.0,normalDay
2020-01-23,1373.0,69.0,0.0,0,331.72,0.0,1,1.0,0.31,SPY200221P00299000,299.0,0,0.0,0.0,,0.0,normalDay
2020-01-24,1373.0,56.0,0.0,0,328.77,0.0,1,1.0,0.44,SPY200221P00299000,299.0,0,0.0,0.0,,0.0,normalDay
2020-01-27,1373.0,5.0,0.0,0,323.5,0.0,1,1.0,0.95,SPY200221P00299000,299.0,0,0.0,0.0,,0.0,normalDay
2020-01-28,1373.0,49.0,0.0,0,326.89,0.0,1,1.0,0.51,SPY200221P00299000,299.0,0,0.0,0.0,,0.0,normalDay
2020-01-29,1373.0,51.0,0.0,0,326.62,0.0,1,1.0,0.49,SPY200221P00299000,299.0,0,0.0,0.0,,0.0,normalDay
2020-01-30,1373.0,69.0,0.0,0,327.68,0.0,1,1.0,0.31,SPY200221P00299000,299.0,0,0.0,0.0,,0.0,normalDay
2020-01-31,1373.0,20.0,0.0,0,321.73,0.0,1,1.0,0.8,SPY200221P00299000,299.0,0,0.0,0.0,,0.0,normalDay
2020-02-03,1373.0,53.0,0.0,0,324.12,0.0,1,1.0,0.47,SPY200221P00299000,299.0,0,0.0,0.0,,0.0,normalDay
2020-02-04,1373.0,81.0,0.0,0,329.06,0.0,1,1.0,0.19,SPY200221P00299000,299.0,0,0.0,0.0,,0.0,normalDay
2020-02-05,1373.0,89.0,0.0,0,332.86,0.0,1,1.0,0.11,SPY200221P00299000,299.0,0,0.0,0.0,,0.0,normalDay
2020-02-06,1373.0,89.0,0.0,0,333.98,0.0,1,1.0,0.11,SPY200221P00299000,299.0,0,0.0,0.0,,0.0,normalDay
2020-02-07,1373.0,89.0,0.0,0,332.2,0.0,1,1.0,0.11,SPY200221P00299000,299.0,0,0.0,0.0,,0.0,normalDay
2020-02-10,1373.0,93.0,0.0,0,334.68,0.0,1,1.0,0.07,SPY200221P00299000,299.0,0,0.0,0.0,,0.0,normalDay
2020-02-11,1373.0,94.0,0.0,0,335.26,0.0,1,1.0,0.06,SPY200221P00299000,299.0,0,0.0,0.0,,0.0,normalDay
2020-02-12,1373.0,97.0,0.0,0,337.42,0.0,1,1.0,0.03,SPY200221P00299000,299.0,0,0.0,0.0,,0.0,normalDay
2020-02-13,1373.0,97.0,0.0,0,337.06,0.0,1,1.0,0.03,SPY200221P00299000,299.0,0,0.0,0.0,,0.0,normalDay
2020-02-14,1373.0,98.0,0.0,0,337.6,0.0,1,1.0,0.02,SPY200221P00299000,299.0,0,0.0,0.0,,0.0,normalDay
2020-02-18,1373.0,99.0,0.0,0,336.73,0.0,1,1.0,0.01,SPY200221P00299000,299.0,0,0.0,0.0,,0.0,normalDay
2020-02-19,1373.0,99.0,0.0,0,338.34,0.0,1,1.0,0.01,SPY200221P00299000,299.0,0,0.0,0.0,,0.0,normalDay
2020-02-20,1373.0,99.0,0.0,0,336.95,0.0,1,1.0,0.01,SPY200221P00299000,299.0,0,0.0,0.0,,0.0,normalDay
2020-02-21,1473.0,0.0,100.0,0,333.48,0.0,1,1.0,0.0,SPY200221P00299000,299.0,0,0.0,0.0,,0.0,expirationDay
2020-02-24,1473.0,-6.0,0.0,0,322.42,0.0,1,4.86,4.92,SPY200417P00304000,304.0,0,0.0,0.0,,0.0,normalDay
2020-02-25,1473.0,-275.0,0.0,0,312.65,0.0,1,4.86,7.61,SPY200417P00304000,304.0,0,0.0,0.0,,0.0,normalDay
2020-02-26,1473.0,-319.0,0.0,0,311.5,0.0,1,4.86,8.05,SPY200417P00304000,304.0,0,0.0,0.0,,0.0,normalDay
2020-02-27,1473.0,-1172.0,0.0,0,297.51,0.0,1,4.86,16.58,SPY200417P00304000,304.0,0,0.0,0.0,,0.0,normalDay
2020-02-28,1473.0,-1301.0,0.0,0,296.26,0.0,1,4.86,17.87,SPY200417P00304000,304.0,0,0.0,0.0,,0.0,normalDay
2020-03-02,1473.0,-504.0,0.0,0,309.09,0.0,1,4.86,9.9,SPY200417P00304000,304.0,0,0.0,0.0,,0.0,normalDay
2020-03-03,1473.0,-920.0,0.0,0,300.24,0.0,1,4.86,14.06,SPY200417P00304000,304.0,0,0.0,0.0,,0.0,normalDay
2020-03-04,1473.0,-396.0,0.0,0,312.86,0.0,1,4.86,8.82,SPY200417P00304000,304.0,0,0.0,0.0,,0.0,normalDay
2020-03-05,1473.0,-1005.0,0.0,0,302.46,0.0,1,4.86,14.91,SPY200417P00304000,304.0,0,0.0,0.0,,0.0,normalDay
2020-03-06,1473.0,-1296.0,0.0,0,297.46,0.0,1,4.86,17.82,SPY200417P00304000,304.0,0,0.0,0.0,,0.0,normalDay
2020-03-09,1473.0,-3033.0,0.0,0,274.23,0.0,1,4.86,35.19,SPY200417P00304000,304.0,0,0.0,0.0,,0.0,normalDay
2020-03-10,1473.0,-1879.0,0.0,0,288.42,0.0,1,4.86,23.65,SPY200417P00304000,304.0,0,0.0,0.0,,0.0,normalDay
2020-03-11,1473.0,-2955.0,0.0,0,274.36,0.0,1,4.86,34.41,SPY200417P00304000,304.0,0,0.0,0.0,,0.0,normalDay
2020-03-12,1473.0,-5319.0,0.0,0,248.11,0.0,1,4.86,58.05,SPY200417P00304000,304.0,0,0.0,0.0,,0.0,normalDay
2020-03-13,1473.0,-3350.0,0.0,0,269.32,0.0,1,4.86,38.36,SPY200417P00304000,304.0,0,0.0,0.0,,0.0,normalDay
2020-03-16,1473.0,-5839.0,0.0,0,239.85,0.0,1,4.86,63.25,SPY200417P00304000,304.0,0,0.0,0.0,,0.0,normalDay
2020-03-17,1473.0,-5013.0,0.0,0,252.8,0.0,1,4.86,54.99,SPY200417P00304000,304.0,0,0.0,0.0,,0.0,normalDay
2020-03-18,1473.0,-6080.0,0.0,0,240.0,0.0,1,4.86,65.66,SPY200417P00304000,304.0,0,0.0,0.0,,0.0,normalDay
2020-03-19,1473.0,-6085.0,0.0,0,240.51,0.0,1,4.86,65.71,SPY200417P00304000,304.0,0,0.0,0.0,,0.0,normalDay
2020-03-20,1473.0,-7033.0,0.0,0,228.8,0.0,1,4.86,75.19,SPY200417P00304000,304.0,0,0.0,0.0,,0.0,normalDay
2020-03-23,1473.0,-7830.0,0.0,0,222.95,0.0,1,4.86,83.16,SPY200417P00304000,304.0,0,0.0,0.0,,0.0,normalDay
2020-03-24,1473.0,-5720.0,0.0,0,243.15,0.0,1,4.86,62.06,SPY200417P00304000,304.0,0,0.0,0.0,,0.0,normalDay
2020-03-25,1473.0,-5259.0,0.0,0,246.79,0.0,1,4.86,57.45,SPY200417P00304000,304.0,0,0.0,0.0,,0.0,normalDay
2020-03-26,1473.0,-3918.0,0.0,0,261.2,0.0,1,4.86,44.04,SPY200417P00304000,304.0,0,0.0,0.0,,0.0,normalDay
2020-03-27,1473.0,-4684.0,0.0,0,253.42,0.0,1,4.86,51.7,SPY200417P00304000,304.0,0,0.0,0.0,,0.0,normalDay
2020-03-30,1473.0,-3889.0,0.0,0,261.65,0.0,1,4.86,43.75,SPY200417P00304000,304.0,0,0.0,0.0,,0.0,normalDay
2020-03-31,1473.0,-4273.0,0.0,0,257.75,0.0,1,4.86,47.59,SPY200417P00304000,304.0,0,0.0,0.0,,0.0,normalDay
2020-04-01,1473.0,-5352.0,0.0,0,246.15,0.0,1,4.86,58.38,SPY200417P00304000,304.0,0,0.0,0.0,,0.0,normalDay
2020-04-02,1473.0,-4692.0,0.0,0,251.83,0.0,1,4.86,51.78,SPY200417P00304000,304.0,0,0.0,0.0,,0.0,normalDay
2020-04-03,1473.0,-5095.0,0.0,0,248.19,0.0,1,4.86,55.81,SPY200417P00304000,304.0,0,0.0,0.0,,0.0,normalDay
2020-04-06,1473.0,-3428.0,0.0,0,264.86,0.0,1,4.86,39.14,SPY200417P00304000,304.0,0,0.0,0.0,,0.0,normalDay
2020-04-07,1473.0,-3527.0,0.0,0,265.13,0.0,1,4.86,40.13,SPY200417P00304000,304.0,0,0.0,0.0,,0.0,normalDay
2020-04-08,1473.0,-2542.0,0.0,0,274.03,0.0,1,4.86,30.28,SPY200417P00304000,304.0,0,0.0,0.0,,0.0,normalDay
2020-04-09,1473.0,-2134.0,0.0,0,278.2,0.0,1,4.86,26.2,SPY200417P00304000,304.0,0,0.0,0.0,,0.0,normalDay
2020-04-13,1473.0,-2366.0,0.0,0,275.66,0.0,1,4.86,28.52,SPY200417P00304000,304.0,0,0.0,0.0,,0.0,normalDay
2020-04-14,1473.0,-1532.0,0.0,0,283.79,0.0,1,4.86,20.18,SPY200417P00304000,304.0,0,0.0,0.0,,0.0,normalDay
2020-04-15,1473.0,-2160.0,0.0,0,277.76,0.0,1,4.86,26.46,SPY200417P00304000,304.0,0,0.0,0.0,,0.0,normalDay
2020-04-16,1473.0,-2007.0,0.0,0,279.1,0.0,1,4.86,24.93,SPY200417P00304000,304.0,0,0.0,0.0,,0.0,normalDay
2020-04-17,1959.0,-1736.0,486.0,100,286.64,304.0,1,4.86,0.0,SPY200417P00304000,304.0,0,0.0,0.0,,0.0,expirationDay
2020-04-20,1959.0,-2247.0,0.0,100,281.59,304.0,0,0.0,0.0,,0.0,1,1.98,2.04,SPY200424C00288000,288.0,normalDay
2020-04-21,1959.0,-2934.0,0.0,100,273.04,304.0,0,0.0,0.0,,0.0,1,1.98,0.36,SPY200424C00288000,288.0,normalDay
2020-04-22,1959.0,-2324.0,0.0,100,279.1,304.0,0,0.0,0.0,,0.0,1,1.98,0.32,SPY200424C00288000,288.0,normalDay
2020-04-23,1959.0,-2302.0,0.0,100,279.08,304.0,0,0.0,0.0,,0.0,1,1.98,0.08,SPY200424C00288000,288.0,normalDay
2020-04-24,2157.0,-2103.0,198.0,100,282.97,304.0,0,0.0,0.0,,0.0,1,1.98,0.0,SPY200424C00288000,288.0,expirationDay
2020-04-27,2157.0,-1700.0,0.0,100,287.05,304.0,0,0.0,0.0,,0.0,1,1.65,1.7,SPY200501C00291000,291.0,normalDay
2020-04-28,2157.0,-1789.0,0.0,100,285.73,304.0,0,0.0,0.0,,0.0,1,1.65,1.27,SPY200501C00291000,291.0,normalDay
2020-04-29,2157.0,-1307.0,0.0,100,293.21,304.0,0,0.0,0.0,,0.0,1,1.65,3.93,SPY200501C00291000,291.0,normalDay
2020-04-30,2157.0,-1315.0,0.0,100,290.48,304.0,0,0.0,0.0,,0.0,1,1.65,1.28,SPY200501C00291000,291.0,normalDay
2020-05-01,2322.0,-2121.0,165.0,100,282.79,304.0,0,0.0,0.0,,0.0,1,1.65,0.0,SPY200501C00291000,291.0,expirationDay
2020-05-04,2322.0,-2047.0,0.0,100,283.57,304.0,0,0.0,0.0,,0.0,1,0.73,0.77,SPY200508C00291000,291.0,normalDay
2020-05-05,2322.0,-1820.0,0.0,100,286.19,304.0,0,0.0,0.0,,0.0,1,0.73,1.12,SPY200508C00291000,291.0,normalDay
2020-05-06,2322.0,-1939.0,0.0,100,284.25,304.0,0,0.0,0.0,,0.0,1,0.73,0.37,SPY200508C00291000,291.0,normalDay
2020-05-07,2322.0,-1621.0,0.0,100,287.68,304.0,0,0.0,0.0,,0.0,1,0.73,0.62,SPY200508C00291000,291.0,normalDay
2020-05-08,1095.0,-1621.0,-1227.0,0,292.44,0.0,0,0.0,0.0,,0.0,1,0.73,0.0,SPY200508C00291000,291.0,expirationDay
2020-05-11,1095.0,-4.0,0.0,0,292.5,0.0,1,3.25,3.29,SPY200630P00258000,258.0,0,0.0,0.0,,0.0,normalDay
2020-05-12,1095.0,-177.0,0.0,0,286.67,0.0,1,3.25,5.02,SPY200630P00258000,258.0,0,0.0,0.0,,0.0,normalDay
2020-05-13,1095.0,-269.0,0.0,0,281.6,0.0,1,3.25,5.94,SPY200630P00258000,258.0,0,0.0,0.0,,0.0,normalDay
2020-05-14,1095.0,-166.0,0.0,0,284.97,0.0,1,3.25,4.91,SPY200630P00258000,258.0,0,0.0,0.0,,0.0,normalDay
2020-05-15,1095.0,-133.0,0.0,0,286.28,0.0,1,3.25,4.58,SPY200630P00258000,258.0,0,0.0,0.0,,0.0,normalDay
2020-05-18,1095.0,51.0,0.0,0,295.0,0.0,1,3.25,2.74,SPY200630P00258000,258.0,0,0.0,0.0,,0.0,normalDay
2020-05-19,1095.0,13.0,0.0,0,291.97,0.0,1,3.25,3.12,SPY200630P00258000,258.0,0,0.0,0.0,,0.0,normalDay
2020-05-20,1095.0,114.0,0.0,0,296.93,0.0,1,3.25,2.11,SPY200630P00258000,258.0,0,0.0,0.0,,0.0,normalDay
2020-05-21,1095.0,87.0,0.0,0,294.88,0.0,1,3.25,2.38,SPY200630P00258000,258.0,0,0.0,0.0,,0.0,normalDay
2020-05-22,1095.0,117.0,0.0,0,295.44,0.0,1,3.25,2.08,SPY200630P00258000,258.0,0,0.0,0.0,,0.0,normalDay
2020-05-26,1095.0,167.0,0.0,0,299.08,0.0,1,3.25,1.58,SPY200630P00258000,258.0,0,0.0,0.0,,0.0,normalDay
2020-05-27,1095.0,197.0,0.0,0,303.53,0.0,1,3.25,1.28,SPY200630P00258000,258.0,0,0.0,0.0,,0.0,normalDay
2020-05-28,1095.0,191.0,0.0,0,302.97,0.0,1,3.25,1.34,SPY200630P00258000,258.0,0,0.0,0.0,,0.0,normalDay
2020-05-29,1095.0,220.0,0.0,0,304.32,0.0,1,3.25,1.05,SPY200630P00258000,258.0,0,0.0,0.0,,0.0,normalDay
2020-06-01,1095.0,229.0,0.0,0,305.55,0.0,1,3.25,0.96,SPY200630P00258000,258.0,0,0.0,0.0,,0.0,normalDay
2020-06-02,1095.0,254.0,0.0,0,308.08,0.0,1,3.25,0.71,SPY200630P00258000,258.0,0,0.0,0.0,,0.0,normalDay
2020-06-03,1095.0,277.0,0.0,0,312.18,0.0,1,3.25,0.48,SPY200630P00258000,258.0,0,0.0,0.0,,0.0,normalDay
2020-06-04,1095.0,278.0,0.0,0,311.36,0.0,1,3.25,0.47,SPY200630P00258000,258.0,0,0.0,0.0,,0.0,normalDay
2020-06-05,1095.0,295.0,0.0,0,319.34,0.0,1,3.25,0.3,SPY200630P00258000,258.0,0,0.0,0.0,,0.0,normalDay
2020-06-08,1095.0,298.0,0.0,0,323.2,0.0,1,3.25,0.27,SPY200630P00258000,258.0,0,0.0,0.0,,0.0,normalDay
2020-06-09,1095.0,295.0,0.0,0,320.79,0.0,1,3.25,0.3,SPY200630P00258000,258.0,0,0.0,0.0,,0.0,normalDay
2020-06-10,1095.0,293.0,0.0,0,319.0,0.0,1,3.25,0.32,SPY200630P00258000,258.0,0,0.0,0.0,,0.0,normalDay
2020-06-11,1095.0,153.0,0.0,0,300.61,0.0,1,3.25,1.72,SPY200630P00258000,258.0,0,0.0,0.0,,0.0,normalDay
2020-06-12,1095.0,233.0,0.0,0,304.21,0.0,1,3.25,0.92,SPY200630P00258000,258.0,0,0.0,0.0,,0.0,normalDay
2020-06-15,1095.0,273.0,0.0,0,307.05,0.0,1,3.25,0.52,SPY200630P00258000,258.0,0,0.0,0.0,,0.0,normalDay
2020-06-16,1095.0,289.0,0.0,0,312.96,0.0,1,3.25,0.36,SPY200630P00258000,258.0,0,0.0,0.0,,0.0,normalDay
2020-06-17,1095.0,293.0,0.0,0,311.66,0.0,1,3.25,0.32,SPY200630P00258000,258.0,0,0.0,0.0,,0.0,normalDay
2020-06-18,1095.0,304.0,0.0,0,311.78,0.0,1,3.25,0.21,SPY200630P00258000,258.0,0,0.0,0.0,,0.0,normalDay
2020-06-19,1095.0,306.0,0.0,0,308.64,0.0,1,3.25,0.19,SPY200630P00258000,258.0,0,0.0,0.0,,0.0,normalDay
2020-06-22,1095.0,317.0,0.0,0,310.62,0.0,1,3.25,0.08,SPY200630P00258000,258.0,0,0.0,0.0,,0.0,normalDay
2020-06-23,1095.0,321.0,0.0,0,312.05,0.0,1,3.25,0.04,SPY200630P00258000,258.0,0,0.0,0.0,,0.0,normalDay
2020-06-24,1095.0,320.0,0.0,0,304.09,0.0,1,3.25,0.05,SPY200630P00258000,258.0,0,0.0,0.0,,0.0,normalDay
2020-06-25,1095.0,321.0,0.0,0,307.35,0.0,1,3.25,0.04,SPY200630P00258000,258.0,0,0.0,0.0,,0.0,normalDay
2020-06-26,1095.0,321.0,0.0,0,300.05,0.0,1,3.25,0.04,SPY200630P00258000,258.0,0,0.0,0.0,,0.0,normalDay
2020-06-29,1095.0,324.0,0.0,0,304.46,0.0,1,3.25,0.01,SPY200630P00258000,258.0,0,0.0,0.0,,0.0,normalDay
2020-06-30,1420.0,0.0,325.0,0,308.36,0.0,1,3.25,0.0,SPY200630P00258000,258.0,0,0.0,0.0,,0.0,expirationDay
2020-07-01,1420.0,-5.0,0.0,0,310.52,0.0,1,3.85,3.9,SPY200821P00279000,279.0,0,0.0,0.0,,0.0,normalDay
2020-07-02,1420.0,49.0,0.0,0,312.23,0.0,1,3.85,3.36,SPY200821P00279000,279.0,0,0.0,0.0,,0.0,normalDay
2020-07-06,1420.0,112.0,0.0,0,317.05,0.0,1,3.85,2.73,SPY200821P00279000,279.0,0,0.0,0.0,,0.0,normalDay
2020-07-07,1420.0,62.0,0.0,0,313.78,0.0,1,3.85,3.23,SPY200821P00279000,279.0,0,0.0,0.0,,0.0,normalDay
2020-07-08,1420.0,118.0,0.0,0,316.18,0.0,1,3.85,2.67,SPY200821P00279000,279.0,0,0.0,0.0,,0.0,normalDay
2020-07-09,1420.0,87.0,0.0,0,314.38,0.0,1,3.85,2.98,SPY200821P00279000,279.0,0,0.0,0.0,,0.0,normalDay
2020-07-10,1420.0,153.0,0.0,0,317.59,0.0,1,3.85,2.32,SPY200821P00279000,279.0,0,0.0,0.0,,0.0,normalDay
2020-07-13,1420.0,62.0,0.0,0,314.84,0.0,1,3.85,3.23,SPY200821P00279000,279.0,0,0.0,0.0,,0.0,normalDay
2020-07-14,1420.0,155.0,0.0,0,318.92,0.0,1,3.85,2.3,SPY200821P00279000,279.0,0,0.0,0.0,,0.0,normalDay
2020-07-15,1420.0,212.0,0.0,0,321.85,0.0,1,3.85,1.73,SPY200821P00279000,279.0,0,0.0,0.0,,0.0,normalDay
2020-07-16,1420.0,206.0,0.0,0,320.79,0.0,1,3.85,1.79,SPY200821P00279000,279.0,0,0.0,0.0,,0.0,normalDay
2020-07-17,1420.0,261.0,0.0,0,321.72,0.0,1,3.85,1.24,SPY200821P00279000,279.0,0,0.0,0.0,,0.0,normalDay
2020-07-20,1420.0,293.0,0.0,0,324.32,0.0,1,3.85,0.92,SPY200821P00279000,279.0,0,0.0,0.0,,0.0,normalDay
2020-07-21,1420.0,294.0,0.0,0,325.01,0.0,1,3.85,0.91,SPY200821P00279000,279.0,0,0.0,0.0,,0.0,normalDay
2020-07-22,1420.0,305.0,0.0,0,326.86,0.0,1,3.85,0.8,SPY200821P00279000,279.0,0,0.0,0.0,,0.0,normalDay
2020-07-23,1420.0,281.0,0.0,0,322.96,0.0,1,3.85,1.04,SPY200821P00279000,279.0,0,0.0,0.0,,0.0,normalDay
2020-07-24,1420.0,293.0,0.0,0,320.88,0.0,1,3.85,0.92,SPY200821P00279000,279.0,0,0.0,0.0,,0.0,normalDay
2020-07-27,1420.0,321.0,0.0,0,323.22,0.0,1,3.85,0.64,SPY200821P00279000,279.0,0,0.0,0.0,,0.0,normalDay
2020-07-28,1420.0,316.0,0.0,0,321.17,0.0,1,3.85,0.69,SPY200821P00279000,279.0,0,0.0,0.0,,0.0,normalDay
2020-07-29,1420.0,337.0,0.0,0,325.12,0.0,1,3.85,0.48,SPY200821P00279000,279.0,0,0.0,0.0,,0.0,normalDay
2020-07-30,1420.0,335.0,0.0,0,323.96,0.0,1,3.85,0.5,SPY200821P00279000,279.0,0,0.0,0.0,,0.0,normalDay
2020-07-31,1420.0,349.0,0.0,0,326.52,0.0,1,3.85,0.36,SPY200821P00279000,279.0,0,0.0,0.0,,0.0,normalDay
2020-08-03,1420.0,358.0,0.0,0,328.79,0.0,1,3.85,0.27,SPY200821P00279000,279.0,0,0.0,0.0,,0.0,normalDay
2020-08-04,1420.0,363.0,0.0,0,330.06,0.0,1,3.85,0.22,SPY200821P00279000,279.0,0,0.0,0.0,,0.0,normalDay
2020-08-05,1420.0,368.0,0.0,0,332.11,0.0,1,3.85,0.17,SPY200821P00279000,279.0,0,0.0,0.0,,0.0,normalDay
2020-08-06,1420.0,368.0,0.0,0,334.33,0.0,1,3.85,0.17,SPY200821P00279000,279.0,0,0.0,0.0,,0.0,normalDay
2020-08-07,1420.0,372.0,0.0,0,334.57,0.0,1,3.85,0.13,SPY200821P00279000,279.0,0,0.0,0.0,,0.0,normalDay
2020-08-10,1420.0,377.0,0.0,0,335.57,0.0,1,3.85,0.08,SPY200821P00279000,279.0,0,0.0,0.0,,0.0,normalDay
2020-08-11,1420.0,373.0,0.0,0,332.8,0.0,1,3.85,0.12,SPY200821P00279000,279.0,0,0.0,0.0,,0.0,normalDay
2020-08-12,1420.0,379.0,0.0,0,337.44,0.0,1,3.85,0.06,SPY200821P00279000,279.0,0,0.0,0.0,,0.0,normalDay
2020-08-13,1420.0,380.0,0.0,0,336.83,0.0,1,3.85,0.05,SPY200821P00279000,279.0,0,0.0,0.0,,0.0,normalDay
2020-08-14,1420.0,382.0,0.0,0,336.84,0.0,1,3.85,0.03,SPY200821P00279000,279.0,0,0.0,0.0,,0.0,normalDay
2020-08-17,1420.0,383.0,0.0,0,337.91,0.0,1,3.85,0.02,SPY200821P00279000,279.0,0,0.0,0.0,,0.0,normalDay
2020-08-18,1420.0,383.0,0.0,0,338.64,0.0,1,3.85,0.02,SPY200821P00279000,279.0,0,0.0,0.0,,0.0,normalDay
2020-08-19,1420.0,383.0,0.0,0,337.23,0.0,1,3.85,0.02,SPY200821P00279000,279.0,0,0.0,0.0,,0.0,normalDay
2020-08-20,1420.0,384.0,0.0,0,338.28,0.0,1,3.85,0.01,SPY200821P00279000,279.0,0,0.0,0.0,,0.0,normalDay
2020-08-21,1805.0,0.0,385.0,0,339.48,0.0,1,3.85,0.0,SPY200821P00279000,279.0,0,0.0,0.0,,0.0,expirationDay
2020-08-24,1805.0,-4.0,0.0,0,342.92,0.0,1,2.86,2.9,SPY201016P00305000,305.0,0,0.0,0.0,,0.0,normalDay
2020-08-25,1805.0,22.0,0.0,0,344.12,0.0,1,2.86,2.64,SPY201016P00305000,305.0,0,0.0,0.0,,0.0,normalDay
2020-08-26,1805.0,34.0,0.0,0,347.57,0.0,1,2.86,2.52,SPY201016P00305000,305.0,0,0.0,0.0,,0.0,normalDay
2020-08-27,1805.0,28.0,0.0,0,348.33,0.0,1,2.86,2.58,SPY201016P00305000,305.0,0,0.0,0.0,,0.0,normalDay
2020-08-28,1805.0,67.0,0.0,0,350.58,0.0,1,2.86,2.19,SPY201016P00305000,305.0,0,0.0,0.0,,0.0,normalDay
2020-08-31,1805.0,24.0,0.0,0,349.31,0.0,1,2.86,2.62,SPY201016P00305000,305.0,0,0.0,0.0,,0.0,normalDay
2020-09-01,1805.0,45.0,0.0,0,352.6,0.0,1,2.86,2.41,SPY201016P00305000,305.0,0,0.0,0.0,,0.0,normalDay
2020-09-02,1805.0,85.0,0.0,0,357.7,0.0,1,2.86,2.01,SPY201016P00305000,305.0,0,0.0,0.0,,0.0,normalDay
2020-09-03,1805.0,-93.0,0.0,0,345.39,0.0,1,2.86,3.79,SPY201016P00305000,305.0,0,0.0,0.0,,0.0,normalDay
2020-09-04,1805.0,-69.0,0.0,0,342.57,0.0,1,2.86,3.55,SPY201016P00305000,305.0,0,0.0,0.0,,0.0,normalDay
2020-09-08,1805.0,-138.0,0.0,0,333.21,0.0,1,2.86,4.24,SPY201016P00305000,305.0,0,0.0,0.0,,0.0,normalDay
2020-09-09,1805.0,-5.0,0.0,0,339.79,0.0,1,2.86,2.91,SPY201016P00305000,305.0,0,0.0,0.0,,0.0,normalDay
2020-09-10,1805.0,-61.0,0.0,0,333.89,0.0,1,2.86,3.47,SPY201016P00305000,305.0,0,0.0,0.0,,0.0,normalDay
2020-09-11,1805.0,-13.0,0.0,0,334.06,0.0,1,2.86,2.99,SPY201016P00305000,305.0,0,0.0,0.0,,0.0,normalDay
2020-09-14,1805.0,92.0,0.0,0,338.46,0.0,1,2.86,1.94,SPY201016P00305000,305.0,0,0.0,0.0,,0.0,normalDay
2020-09-15,1805.0,109.0,0.0,0,340.17,0.0,1,2.86,1.77,SPY201016P00305000,305.0,0,0.0,0.0,,0.0,normalDay
2020-09-16,1805.0,97.0,0.0,0,338.82,0.0,1,2.86,1.89,SPY201016P00305000,305.0,0,0.0,0.0,,0.0,normalDay
2020-09-17,1805.0,86.0,0.0,0,335.84,0.0,1,2.86,2.0,SPY201016P00305000,305.0,0,0.0,0.0,,0.0,normalDay
2020-09-18,1805.0,79.0,0.0,0,330.65,0.0,1,2.86,2.07,SPY201016P00305000,305.0,0,0.0,0.0,,0.0,normalDay
2020-09-21,1805.0,39.0,0.0,0,326.97,0.0,1,2.86,2.47,SPY201016P00305000,305.0,0,0.0,0.0,,0.0,normalDay
2020-09-22,1805.0,95.0,0.0,0,330.3,0.0,1,2.86,1.91,SPY201016P00305000,305.0,0,0.0,0.0,,0.0,normalDay
2020-09-23,1805.0,-28.0,0.0,0,322.64,0.0,1,2.86,3.14,SPY201016P00305000,305.0,0,0.0,0.0,,0.0,normalDay
2020-09-24,1805.0,12.0,0.0,0,323.5,0.0,1,2.86,2.74,SPY201016P00305000,305.0,0,0.0,0.0,,0.0,normalDay
2020-09-25,1805.0,122.0,0.0,0,328.73,0.0,1,2.86,1.64,SPY201016P00305000,305.0,0,0.0,0.0,,0.0,normalDay
2020-09-28,1805.0,191.0,0.0,0,334.19,0.0,1,2.86,0.95,SPY201016P00305000,305.0,0,0.0,0.0,,0.0,normalDay
2020-09-29,1805.0,185.0,0.0,0,332.37,0.0,1,2.86,1.01,SPY201016P00305000,305.0,0,0.0,0.0,,0.0,normalDay
2020-09-30,1805.0,198.0,0.0,0,334.89,0.0,1,2.86,0.88,SPY201016P00305000,305.0,0,0.0,0.0,,0.0,normalDay
2020-10-01,1805.0,226.0,0.0,0,337.04,0.0,1,2.86,0.6,SPY201016P00305000,305.0,0,0.0,0.0,,0.0,normalDay
2020-10-02,1805.0,224.0,0.0,0,333.84,0.0,1,2.86,0.62,SPY201016P00305000,305.0,0,0.0,0.0,,0.0,normalDay
2020-10-05,1805.0,264.0,0.0,0,339.76,0.0,1,2.86,0.22,SPY201016P00305000,305.0,0,0.0,0.0,,0.0,normalDay
2020-10-06,1805.0,248.0,0.0,0,334.93,0.0,1,2.86,0.38,SPY201016P00305000,305.0,0,0.0,0.0,,0.0,normalDay
2020-10-07,1805.0,272.0,0.0,0,340.76,0.0,1,2.86,0.14,SPY201016P00305000,305.0,0,0.0,0.0,,0.0,normalDay
2020-10-08,1805.0,277.0,0.0,0,343.78,0.0,1,2.86,0.09,SPY201016P00305000,305.0,0,0.0,0.0,,0.0,normalDay
2020-10-09,1805.0,281.0,0.0,0,346.85,0.0,1,2.86,0.05,SPY201016P00305000,305.0,0,0.0,0.0,,0.0,normalDay
2020-10-12,1805.0,282.0,0.0,0,352.43,0.0,1,2.86,0.04,SPY201016P00305000,305.0,0,0.0,0.0,,0.0,normalDay
2020-10-13,1805.0,284.0,0.0,0,350.13,0.0,1,2.86,0.02,SPY201016P00305000,305.0,0,0.0,0.0,,0.0,normalDay
2020-10-14,1805.0,284.0,0.0,0,347.93,0.0,1,2.86,0.02,SPY201016P00305000,305.0,0,0.0,0.0,,0.0,normalDay
2020-10-15,1805.0,285.0,0.0,0,347.5,0.0,1,2.86,0.01,SPY201016P00305000,305.0,0,0.0,0.0,,0.0,normalDay
2020-10-16,2091.0,0.0,286.0,0,347.29,0.0,1,2.86,0.0,SPY201016P00305000,305.0,0,0.0,0.0,,0.0,expirationDay
2020-10-19,2091.0,-6.0,0.0,0,342.01,0.0,1,1.81,1.87,SPY201127P00295000,295.0,0,0.0,0.0,,0.0,normalDay
2020-10-20,2091.0,3.0,0.0,0,343.38,0.0,1,1.81,1.78,SPY201127P00295000,295.0,0,0.0,0.0,,0.0,normalDay
2020-10-21,2091.0,23.0,0.0,0,342.73,0.0,1,1.81,1.58,SPY201127P00295000,295.0,0,0.0,0.0,,0.0,normalDay
2020-10-22,2091.0,40.0,0.0,0,344.61,0.0,1,1.81,1.41,SPY201127P00295000,295.0,0,0.0,0.0,,0.0,normalDay
2020-10-23,2091.0,53.0,0.0,0,345.78,0.0,1,1.81,1.28,SPY201127P00295000,295.0,0,0.0,0.0,,0.0,normalDay
2020-10-26,2091.0,-24.0,0.0,0,339.39,0.0,1,1.81,2.05,SPY201127P00295000,295.0,0,0.0,0.0,,0.0,normalDay
2020-10-27,2091.0,-41.0,0.0,0,338.22,0.0,1,1.81,2.22,SPY201127P00295000,295.0,0,0.0,0.0,,0.0,normalDay
2020-10-28,2091.0,-288.0,0.0,0,326.66,0.0,1,1.81,4.69,SPY201127P00295000,295.0,0,0.0,0.0,,0.0,normalDay
2020-10-29,2091.0,-145.0,0.0,0,329.98,0.0,1,1.81,3.26,SPY201127P00295000,295.0,0,0.0,0.0,,0.0,normalDay
2020-10-30,2091.0,-193.0,0.0,0,326.54,0.0,1,1.81,3.74,SPY201127P00295000,295.0,0,0.0,0.0,,0.0,normalDay
2020-11-02,2091.0,-95.0,0.0,0,330.2,0.0,1,1.81,2.76,SPY201127P00295000,295.0,0,0.0,0.0,,0.0,normalDay
2020-11-03,2091.0,-21.0,0.0,0,336.03,0.0,1,1.81,2.02,SPY201127P00295000,295.0,0,0.0,0.0,,0.0,normalDay
2020-11-04,2091.0,89.0,0.0,0,343.54,0.0,1,1.81,0.92,SPY201127P00295000,295.0,0,0.0,0.0,,0.0,normalDay
2020-11-05,2091.0,122.0,0.0,0,350.24,0.0,1,1.81,0.59,SPY201127P00295000,295.0,0,0.0,0.0,,0.0,normalDay
2020-11-06,2091.0,147.0,0.0,0,350.16,0.0,1,1.81,0.34,SPY201127P00295000,295.0,0,0.0,0.0,,0.0,normalDay
2020-11-09,2091.0,151.0,0.0,0,354.56,0.0,1,1.81,0.3,SPY201127P00295000,295.0,0,0.0,0.0,,0.0,normalDay
2020-11-10,2091.0,158.0,0.0,0,354.04,0.0,1,1.81,0.23,SPY201127P00295000,295.0,0,0.0,0.0,,0.0,normalDay
2020-11-11,2091.0,164.0,0.0,0,356.67,0.0,1,1.81,0.17,SPY201127P00295000,295.0,0,0.0,0.0,,0.0,normalDay
2020-11-12,2091.0,157.0,0.0,0,353.21,0.0,1,1.81,0.24,SPY201127P00295000,295.0,0,0.0,0.0,,0.0,normalDay
2020-11-13,2091.0,168.0,0.0,0,358.1,0.0,1,1.81,0.13,SPY201127P00295000,295.0,0,0.0,0.0,,0.0,normalDay
2020-11-16,2091.0,175.0,0.0,0,362.57,0.0,1,1.81,0.06,SPY201127P00295000,295.0,0,0.0,0.0,,0.0,normalDay
2020-11-17,2091.0,177.0,0.0,0,360.62,0.0,1,1.81,0.04,SPY201127P00295000,295.0,0,0.0,0.0,,0.0,normalDay
2020-11-18,2091.0,175.0,0.0,0,356.28,0.0,1,1.81,0.06,SPY201127P00295000,295.0,0,0.0,0.0,,0.0,normalDay
2020-11-19,2091.0,177.0,0.0,0,357.78,0.0,1,1.81,0.04,SPY201127P00295000,295.0,0,0.0,0.0,,0.0,normalDay
2020-11-20,2091.0,178.0,0.0,0,355.33,0.0,1,1.81,0.03,SPY201127P00295000,295.0,0,0.0,0.0,,0.0,normalDay
2020-11-23,2091.0,179.0,0.0,0,357.46,0.0,1,1.81,0.02,SPY201127P00295000,295.0,0,0.0,0.0,,0.0,normalDay
2020-11-24,2091.0,180.0,0.0,0,363.22,0.0,1,1.81,0.01,SPY201127P00295000,295.0,0,0.0,0.0,,0.0,normalDay
2020-11-25,2091.0,180.0,0.0,0,362.66,0.0,1,1.81,0.01,SPY201127P00295000,295.0,0,0.0,0.0,,0.0,normalDay
2020-11-27,2272.0,0.0,181.0,0,363.67,0.0,1,1.81,0.0,SPY201127P00295000,295.0,0,0.0,0.0,,0.0,expirationDay
2020-11-30,2272.0,-4.0,0.0,0,362.06,0.0,1,1.26,1.3,SPY210115P00311000,311.0,0,0.0,0.0,,0.0,normalDay
2020-12-01,2272.0,5.0,0.0,0,366.02,0.0,1,1.26,1.21,SPY210115P00311000,311.0,0,0.0,0.0,,0.0,normalDay
2020-12-02,2272.0,10.0,0.0,0,366.79,0.0,1,1.26,1.16,SPY210115P00311000,311.0,0,0.0,0.0,,0.0,normalDay
2020-12-03,2272.0,7.0,0.0,0,366.69,0.0,1,1.26,1.19,SPY210115P00311000,311.0,0,0.0,0.0,,0.0,normalDay
2020-12-04,2272.0,36.0,0.0,0,369.85,0.0,1,1.26,0.9,SPY210115P00311000,311.0,0,0.0,0.0,,0.0,normalDay
2020-12-07,2272.0,40.0,0.0,0,369.09,0.0,1,1.26,0.86,SPY210115P00311000,311.0,0,0.0,0.0,,0.0,normalDay
2020-12-08,2272.0,57.0,0.0,0,370.17,0.0,1,1.26,0.69,SPY210115P00311000,311.0,0,0.0,0.0,,0.0,normalDay
2020-12-09,2272.0,42.0,0.0,0,366.85,0.0,1,1.26,0.84,SPY210115P00311000,311.0,0,0.0,0.0,,0.0,normalDay
2020-12-10,2272.0,43.0,0.0,0,366.73,0.0,1,1.26,0.83,SPY210115P00311000,311.0,0,0.0,0.0,,0.0,normalDay
2020-12-11,2272.0,35.0,0.0,0,366.3,0.0,1,1.26,0.91,SPY210115P00311000,311.0,0,0.0,0.0,,0.0,normalDay
2020-12-14,2272.0,26.0,0.0,0,364.66,0.0,1,1.26,1.0,SPY210115P00311000,311.0,0,0.0,0.0,,0.0,normalDay
2020-12-15,2272.0,54.0,0.0,0,369.59,0.0,1,1.26,0.72,SPY210115P00311000,311.0,0,0.0,0.0,,0.0,normalDay
2020-12-16,2272.0,62.0,0.0,0,370.17,0.0,1,1.26,0.64,SPY210115P00311000,311.0,0,0.0,0.0,,0.0,normalDay
2020-12-17,2272.0,73.0,0.0,0,372.24,0.0,1,1.26,0.53,SPY210115P00311000,311.0,0,0.0,0.0,,0.0,normalDay
2020-12-18,2272.0,77.0,0.0,0,369.18,0.0,1,1.26,0.49,SPY210115P00311000,311.0,0,0.0,0.0,,0.0,normalDay
2020-12-21,2272.0,58.0,0.0,0,367.86,0.0,1,1.26,0.68,SPY210115P00311000,311.0,0,0.0,0.0,,0.0,normalDay
2020-12-22,2272.0,67.0,0.0,0,367.24,0.0,1,1.26,0.59,SPY210115P00311000,311.0,0,0.0,0.0,,0.0,normalDay
2020-12-23,2272.0,76.0,0.0,0,367.57,0.0,1,1.26,0.5,SPY210115P00311000,311.0,0,0.0,0.0,,0.0,normalDay
2020-12-24,2272.0,88.0,0.0,0,369.0,0.0,1,1.26,0.38,SPY210115P00311000,311.0,0,0.0,0.0,,0.0,normalDay
2020-12-28,2272.0,100.0,0.0,0,372.17,0.0,1,1.26,0.26,SPY210115P00311000,311.0,0,0.0,0.0,,0.0,normalDay
2020-12-29,2272.0,96.0,0.0,0,371.46,0.0,1,1.26,0.3,SPY210115P00311000,311.0,0,0.0,0.0,,0.0,normalDay
2020-12-30,2272.0,100.0,0.0,0,371.99,0.0,1,1.26,0.26,SPY210115P00311000,311.0,0,0.0,0.0,,0.0,normalDay
2020-12-31,2272.0,102.0,0.0,0,373.88,0.0,1,1.26,0.24,SPY210115P00311000,311.0,0,0.0,0.0,,0.0,normalDay
2021-01-04,2272.0,100.0,0.0,0,368.79,0.0,1,1.26,0.26,SPY210115P00311000,311.0,0,0.0,0.0,,0.0,normalDay
2021-01-05,2272.0,110.0,0.0,0,371.33,0.0,1,1.26,0.16,SPY210115P00311000,311.0,0,0.0,0.0,,0.0,normalDay
2021-01-06,2272.0,106.0,0.0,0,373.55,0.0,1,1.26,0.2,SPY210115P00311000,311.0,0,0.0,0.0,,0.0,normalDay
2021-01-07,2272.0,118.0,0.0,0,379.1,0.0,1,1.26,0.08,SPY210115P00311000,311.0,0,0.0,0.0,,0.0,normalDay
2021-01-08,2272.0,122.0,0.0,0,381.26,0.0,1,1.26,0.04,SPY210115P00311000,311.0,0,0.0,0.0,,0.0,normalDay
2021-01-11,2272.0,122.0,0.0,0,378.69,0.0,1,1.26,0.04,SPY210115P00311000,311.0,0,0.0,0.0,,0.0,normalDay
2021-01-12,2272.0,124.0,0.0,0,378.77,0.0,1,1.26,0.02,SPY210115P00311000,311.0,0,0.0,0.0,,0.0,normalDay
2021-01-13,2272.0,125.0,0.0,0,379.79,0.0,1,1.26,0.01,SPY210115P00311000,311.0,0,0.0,0.0,,0.0,normalDay
2021-01-14,2272.0,125.0,0.0,0,378.46,0.0,1,1.26,0.01,SPY210115P00311000,311.0,0,0.0,0.0,,0.0,normalDay
2021-01-15,2398.0,0.0,126.0,0,375.7,0.0,1,1.26,0.0,SPY210115P00311000,311.0,0,0.0,0.0,,0.0,expirationDay
2021-01-19,2398.0,-6.0,0.0,0,378.65,0.0,1,3.1,3.16,SPY210226P00350000,350.0,0,0.0,0.0,,0.0,normalDay
2021-01-20,2398.0,82.0,0.0,0,383.89,0.0,1,3.1,2.28,SPY210226P00350000,350.0,0,0.0,0.0,,0.0,normalDay
2021-01-21,2398.0,98.0,0.0,0,384.24,0.0,1,3.1,2.12,SPY210226P00350000,350.0,0,0.0,0.0,,0.0,normalDay
2021-01-22,2398.0,88.0,0.0,0,382.88,0.0,1,3.1,2.22,SPY210226P00350000,350.0,0,0.0,0.0,,0.0,normalDay
2021-01-25,2398.0,100.0,0.0,0,384.39,0.0,1,3.1,2.1,SPY210226P00350000,350.0,0,0.0,0.0,,0.0,normalDay
2021-01-26,2398.0,114.0,0.0,0,383.79,0.0,1,3.1,1.96,SPY210226P00350000,350.0,0,0.0,0.0,,0.0,normalDay
2021-01-27,2398.0,-203.0,0.0,0,374.41,0.0,1,3.1,5.13,SPY210226P00350000,350.0,0,0.0,0.0,,0.0,normalDay
2021-01-28,2398.0,-66.0,0.0,0,377.63,0.0,1,3.1,3.76,SPY210226P00350000,350.0,0,0.0,0.0,,0.0,normalDay
2021-01-29,2398.0,-300.0,0.0,0,370.07,0.0,1,3.1,6.1,SPY210226P00350000,350.0,0,0.0,0.0,,0.0,normalDay
2021-02-01,2398.0,-48.0,0.0,0,376.23,0.0,1,3.1,3.58,SPY210226P00350000,350.0,0,0.0,0.0,,0.0,normalDay
2021-02-02,2398.0,119.0,0.0,0,381.55,0.0,1,3.1,1.91,SPY210226P00350000,350.0,0,0.0,0.0,,0.0,normalDay
2021-02-03,2398.0,166.0,0.0,0,381.85,0.0,1,3.1,1.44,SPY210226P00350000,350.0,0,0.0,0.0,,0.0,normalDay
2021-02-04,2398.0,216.0,0.0,0,386.19,0.0,1,3.1,0.94,SPY210226P00350000,350.0,0,0.0,0.0,,0.0,normalDay
2021-02-05,2398.0,240.0,0.0,0,387.71,0.0,1,3.1,0.7,SPY210226P00350000,350.0,0,0.0,0.0,,0.0,normalDay
2021-02-08,2398.0,260.0,0.0,0,390.51,0.0,1,3.1,0.5,SPY210226P00350000,350.0,0,0.0,0.0,,0.0,normalDay
2021-02-09,2398.0,263.0,0.0,0,390.25,0.0,1,3.1,0.47,SPY210226P00350000,350.0,0,0.0,0.0,,0.0,normalDay
2021-02-10,2398.0,260.0,0.0,0,390.08,0.0,1,3.1,0.5,SPY210226P00350000,350.0,0,0.0,0.0,,0.0,normalDay
2021-02-11,2398.0,271.0,0.0,0,390.71,0.0,1,3.1,0.39,SPY210226P00350000,350.0,0,0.0,0.0,,0.0,normalDay
2021-02-12,2398.0,288.0,0.0,0,392.64,0.0,1,3.1,0.22,SPY210226P00350000,350.0,0,0.0,0.0,,0.0,normalDay
2021-02-16,2398.0,287.0,0.0,0,392.3,0.0,1,3.1,0.23,SPY210226P00350000,350.0,0,0.0,0.0,,0.0,normalDay
2021-02-17,2398.0,293.0,0.0,0,392.39,0.0,1,3.1,0.17,SPY210226P00350000,350.0,0,0.0,0.0,,0.0,normalDay
2021-02-18,2398.0,293.0,0.0,0,390.72,0.0,1,3.1,0.17,SPY210226P00350000,350.0,0,0.0,0.0,,0.0,normalDay
2021-02-19,2398.0,302.0,0.0,0,390.03,0.0,1,3.1,0.08,SPY210226P00350000,350.0,0,0.0,0.0,,0.0,normalDay
2021-02-22,2398.0,303.0,0.0,0,387.03,0.0,1,3.1,0.07,SPY210226P00350000,350.0,0,0.0,0.0,,0.0,normalDay
2021-02-23,2398.0,306.0,0.0,0,387.5,0.0,1,3.1,0.04,SPY210226P00350000,350.0,0,0.0,0.0,,0.0,normalDay
2021-02-24,2398.0,308.0,0.0,0,391.77,0.0,1,3.1,0.02,SPY210226P00350000,350.0,0,0.0,0.0,,0.0,normalDay
2021-02-25,2398.0,306.0,0.0,0,382.33,0.0,1,3.1,0.04,SPY210226P00350000,350.0,0,0.0,0.0,,0.0,normalDay
2021-02-26,2708.0,0.0,310.0,0,380.36,0.0,1,3.1,0.0,SPY210226P00350000,350.0,0,0.0,0.0,,0.0,expirationDay
2021-03-01,2708.0,-6.0,0.0,0,389.58,0.0,1,4.62,4.68,SPY210416P00365000,365.0,0,0.0,0.0,,0.0,normalDay
2021-03-02,2708.0,-77.0,0.0,0,386.54,0.0,1,4.62,5.39,SPY210416P00365000,365.0,0,0.0,0.0,,0.0,normalDay
2021-03-03,2708.0,-211.0,0.0,0,381.42,0.0,1,4.62,6.73,SPY210416P00365000,365.0,0,0.0,0.0,,0.0,normalDay
2021-03-04,2708.0,-366.0,0.0,0,376.7,0.0,1,4.62,8.28,SPY210416P00365000,365.0,0,0.0,0.0,,0.0,normalDay
2021-03-05,2708.0,-100.0,0.0,0,383.63,0.0,1,4.62,5.62,SPY210416P00365000,365.0,0,0.0,0.0,,0.0,normalDay
2021-03-08,2708.0,-128.0,0.0,0,381.72,0.0,1,4.62,5.9,SPY210416P00365000,365.0,0,0.0,0.0,,0.0,normalDay
2021-03-09,2708.0,25.0,0.0,0,387.17,0.0,1,4.62,4.37,SPY210416P00365000,365.0,0,0.0,0.0,,0.0,normalDay
2021-03-10,2708.0,110.0,0.0,0,389.58,0.0,1,4.62,3.52,SPY210416P00365000,365.0,0,0.0,0.0,,0.0,normalDay
2021-03-11,2708.0,175.0,0.0,0,393.53,0.0,1,4.62,2.87,SPY210416P00365000,365.0,0,0.0,0.0,,0.0,normalDay
2021-03-12,2708.0,226.0,0.0,0,394.06,0.0,1,4.62,2.36,SPY210416P00365000,365.0,0,0.0,0.0,,0.0,normalDay
2021-03-15,2708.0,281.0,0.0,0,396.41,0.0,1,4.62,1.81,SPY210416P00365000,365.0,0,0.0,0.0,,0.0,normalDay
2021-03-16,2708.0,282.0,0.0,0,395.91,0.0,1,4.62,1.8,SPY210416P00365000,365.0,0,0.0,0.0,,0.0,normalDay
2021-03-17,2708.0,313.0,0.0,0,397.26,0.0,1,4.62,1.49,SPY210416P00365000,365.0,0,0.0,0.0,,0.0,normalDay
2021-03-18,2708.0,251.0,0.0,0,391.48,0.0,1,4.62,2.11,SPY210416P00365000,365.0,0,0.0,0.0,,0.0,normalDay
2021-03-19,2708.0,249.0,0.0,0,389.48,0.0,1,4.62,2.13,SPY210416P00365000,365.0,0,0.0,0.0,,0.0,normalDay
2021-03-22,2708.0,337.0,0.0,0,392.59,0.0,1,4.62,1.25,SPY210416P00365000,365.0,0,0.0,0.0,,0.0,normalDay
2021-03-23,2708.0,294.0,0.0,0,389.5,0.0,1,4.62,1.68,SPY210416P00365000,365.0,0,0.0,0.0,,0.0,normalDay
2021-03-24,2708.0,274.0,0.0,0,387.52,0.0,1,4.62,1.88,SPY210416P00365000,365.0,0,0.0,0.0,,0.0,normalDay
2021-03-25,2708.0,323.0,0.0,0,389.7,0.0,1,4.62,1.39,SPY210416P00365000,365.0,0,0.0,0.0,,0.0,normalDay
2021-03-26,2708.0,372.0,0.0,0,395.98,0.0,1,4.62,0.9,SPY210416P00365000,365.0,0,0.0,0.0,,0.0,normalDay
2021-03-29,2708.0,364.0,0.0,0,395.78,0.0,1,4.62,0.98,SPY210416P00365000,365.0,0,0.0,0.0,,0.0,normalDay
2021-03-30,2708.0,386.0,0.0,0,394.73,0.0,1,4.62,0.76,SPY210416P00365000,365.0,0,0.0,0.0,,0.0,normalDay
2021-03-31,2708.0,407.0,0.0,0,396.33,0.0,1,4.62,0.55,SPY210416P00365000,365.0,0,0.0,0.0,,0.0,normalDay
2021-04-01,2708.0,436.0,0.0,0,400.61,0.0,1,4.62,0.26,SPY210416P00365000,365.0,0,0.0,0.0,,0.0,normalDay
2021-04-05,2708.0,446.0,0.0,0,406.36,0.0,1,4.62,0.16,SPY210416P00365000,365.0,0,0.0,0.0,,0.0,normalDay
2021-04-06,2708.0,446.0,0.0,0,406.12,0.0,1,4.62,0.16,SPY210416P00365000,365.0,0,0.0,0.0,,0.0,normalDay
2021-04-07,2708.0,454.0,0.0,0,406.59,0.0,1,4.62,0.08,SPY210416P00365000,365.0,0,0.0,0.0,,0.0,normalDay
2021-04-08,2708.0,455.0,0.0,0,408.52,0.0,1,4.62,0.07,SPY210416P00365000,365.0,0,0.0,0.0,,0.0,normalDay
2021-04-09,2708.0,458.0,0.0,0,411.49,0.0,1,4.62,0.04,SPY210416P00365000,365.0,0,0.0,0.0,,0.0,normalDay
2021-04-12,2708.0,460.0,0.0,0,411.64,0.0,1,4.62,0.02,SPY210416P00365000,365.0,0,0.0,0.0,,0.0,normalDay
2021-04-13,2708.0,460.0,0.0,0,412.86,0.0,1,4.62,0.02,SPY210416P00365000,365.0,0,0.0,0.0,,0.0,normalDay
2021-04-14,2708.0,460.0,0.0,0,411.45,0.0,1,4.62,0.02,SPY210416P00365000,365.0,0,0.0,0.0,,0.0,normalDay
2021-04-15,2708.0,461.0,0.0,0,415.87,0.0,1,4.62,0.01,SPY210416P00365000,365.0,0,0.0,0.0,,0.0,normalDay
2021-04-16,3170.0,0.0,462.0,0,417.26,0.0,1,4.62,0.0,SPY210416P00365000,365.0,0,0.0,0.0,,0.0,expirationDay
2021-04-19,3170.0,-3.0,0.0,0,415.21,0.0,1,0.68,0.71,SPY210528P00355000,355.0,0,0.0,0.0,,0.0,normalDay
2021-04-20,3170.0,-19.0,0.0,0,412.17,0.0,1,0.68,0.87,SPY210528P00355000,355.0,0,0.0,0.0,,0.0,normalDay
2021-04-21,3170.0,5.0,0.0,0,416.07,0.0,1,0.68,0.63,SPY210528P00355000,355.0,0,0.0,0.0,,0.0,normalDay
2021-04-22,3170.0,-12.0,0.0,0,412.27,0.0,1,0.68,0.8,SPY210528P00355000,355.0,0,0.0,0.0,,0.0,normalDay
2021-04-23,3170.0,16.0,0.0,0,416.74,0.0,1,0.68,0.52,SPY210528P00355000,355.0,0,0.0,0.0,,0.0,normalDay
2021-04-26,3170.0,23.0,0.0,0,417.61,0.0,1,0.68,0.45,SPY210528P00355000,355.0,0,0.0,0.0,,0.0,normalDay
2021-04-27,3170.0,27.0,0.0,0,417.52,0.0,1,0.68,0.41,SPY210528P00355000,355.0,0,0.0,0.0,,0.0,normalDay
2021-04-28,3170.0,31.0,0.0,0,417.4,0.0,1,0.68,0.37,SPY210528P00355000,355.0,0,0.0,0.0,,0.0,normalDay
2021-04-29,3170.0,32.0,0.0,0,420.06,0.0,1,0.68,0.36,SPY210528P00355000,355.0,0,0.0,0.0,,0.0,normalDay
2021-04-30,3170.0,23.0,0.0,0,417.3,0.0,1,0.68,0.45,SPY210528P00355000,355.0,0,0.0,0.0,,0.0,normalDay
2021-05-03,3170.0,30.0,0.0,0,418.2,0.0,1,0.68,0.38,SPY210528P00355000,355.0,0,0.0,0.0,,0.0,normalDay
2021-05-04,3170.0,25.0,0.0,0,415.62,0.0,1,0.68,0.43,SPY210528P00355000,355.0,0,0.0,0.0,,0.0,normalDay
2021-05-05,3170.0,27.0,0.0,0,415.75,0.0,1,0.68,0.41,SPY210528P00355000,355.0,0,0.0,0.0,,0.0,normalDay
2021-05-06,3170.0,36.0,0.0,0,419.07,0.0,1,0.68,0.32,SPY210528P00355000,355.0,0,0.0,0.0,,0.0,normalDay
2021-05-07,3170.0,44.0,0.0,0,422.12,0.0,1,0.68,0.24,SPY210528P00355000,355.0,0,0.0,0.0,,0.0,normalDay
2021-05-10,3170.0,35.0,0.0,0,417.94,0.0,1,0.68,0.33,SPY210528P00355000,355.0,0,0.0,0.0,,0.0,normalDay
2021-05-11,3170.0,29.0,0.0,0,414.21,0.0,1,0.68,0.39,SPY210528P00355000,355.0,0,0.0,0.0,,0.0,normalDay
2021-05-12,3170.0,-29.0,0.0,0,405.41,0.0,1,0.68,0.97,SPY210528P00355000,355.0,0,0.0,0.0,,0.0,normalDay
2021-05-13,3170.0,27.0,0.0,0,410.28,0.0,1,0.68,0.41,SPY210528P00355000,355.0,0,0.0,0.0,,0.0,normalDay
2021-05-14,3170.0,50.0,0.0,0,416.58,0.0,1,0.68,0.18,SPY210528P00355000,355.0,0,0.0,0.0,,0.0,normalDay
2021-05-17,3170.0,57.0,0.0,0,415.52,0.0,1,0.68,0.11,SPY210528P00355000,355.0,0,0.0,0.0,,0.0,normalDay
2021-05-18,3170.0,52.0,0.0,0,411.94,0.0,1,0.68,0.16,SPY210528P00355000,355.0,0,0.0,0.0,,0.0,normalDay
2021-05-19,3170.0,53.0,0.0,0,410.86,0.0,1,0.68,0.15,SPY210528P00355000,355.0,0,0.0,0.0,,0.0,normalDay
2021-05-20,3170.0,61.0,0.0,0,415.28,0.0,1,0.68,0.07,SPY210528P00355000,355.0,0,0.0,0.0,,0.0,normalDay
2021-05-21,3170.0,65.0,0.0,0,414.94,0.0,1,0.68,0.03,SPY210528P00355000,355.0,0,0.0,0.0,,0.0,normalDay
2021-05-24,3170.0,66.0,0.0,0,419.17,0.0,1,0.68,0.02,SPY210528P00355000,355.0,0,0.0,0.0,,0.0,normalDay
2021-05-25,3170.0,66.0,0.0,0,418.24,0.0,1,0.68,0.02,SPY210528P00355000,355.0,0,0.0,0.0,,0.0,normalDay
2021-05-26,3170.0,67.0,0.0,0,419.07,0.0,1,0.68,0.01,SPY210528P00355000,355.0,0,0.0,0.0,,0.0,normalDay
2021-05-27,3170.0,67.0,0.0,0,419.29,0.0,1,0.68,0.01,SPY210528P00355000,355.0,0,0.0,0.0,,0.0,normalDay
2021-05-28,3238.0,0.0,68.0,0,420.04,0.0,1,0.68,0.0,SPY210528P00355000,355.0,0,0.0,0.0,,0.0,expirationDay
2021-06-01,3238.0,-5.0,0.0,0,419.67,0.0,1,3.36,3.41,SPY210716P00396000,396.0,0,0.0,0.0,,0.0,normalDay
2021-06-02,3238.0,25.0,0.0,0,420.33,0.0,1,3.36,3.11,SPY210716P00396000,396.0,0,0.0,0.0,,0.0,normalDay
2021-06-03,3238.0,-7.0,0.0,0,418.77,0.0,1,3.36,3.43,SPY210716P00396000,396.0,0,0.0,0.0,,0.0,normalDay
2021-06-04,3238.0,81.0,0.0,0,422.6,0.0,1,3.36,2.55,SPY210716P00396000,396.0,0,0.0,0.0,,0.0,normalDay
2021-06-07,3238.0,110.0,0.0,0,422.19,0.0,1,3.36,2.26,SPY210716P00396000,396.0,0,0.0,0.0,,0.0,normalDay
2021-06-08,3238.0,102.0,0.0,0,422.28,0.0,1,3.36,2.34,SPY210716P00396000,396.0,0,0.0,0.0,,0.0,normalDay
2021-06-09,3238.0,82.0,0.0,0,421.65,0.0,1,3.36,2.54,SPY210716P00396000,396.0,0,0.0,0.0,,0.0,normalDay
2021-06-10,3238.0,148.0,0.0,0,423.61,0.0,1,3.36,1.88,SPY210716P00396000,396.0,0,0.0,0.0,,0.0,normalDay
2021-06-11,3238.0,166.0,0.0,0,424.31,0.0,1,3.36,1.7,SPY210716P00396000,396.0,0,0.0,0.0,,0.0,normalDay
2021-06-14,3238.0,181.0,0.0,0,425.26,0.0,1,3.36,1.55,SPY210716P00396000,396.0,0,0.0,0.0,,0.0,normalDay
2021-06-15,3238.0,169.0,0.0,0,424.48,0.0,1,3.36,1.67,SPY210716P00396000,396.0,0,0.0,0.0,,0.0,normalDay
2021-06-16,3238.0,137.0,0.0,0,422.11,0.0,1,3.36,1.99,SPY210716P00396000,396.0,0,0.0,0.0,,0.0,normalDay
2021-06-17,3238.0,157.0,0.0,0,421.97,0.0,1,3.36,1.79,SPY210716P00396000,396.0,0,0.0,0.0,,0.0,normalDay
2021-06-18,3238.0,30.0,0.0,0,414.92,0.0,1,3.36,3.06,SPY210716P00396000,396.0,0,0.0,0.0,,0.0,normalDay
2021-06-21,3238.0,184.0,0.0,0,420.86,0.0,1,3.36,1.52,SPY210716P00396000,396.0,0,0.0,0.0,,0.0,normalDay
2021-06-22,3238.0,223.0,0.0,0,423.11,0.0,1,3.36,1.13,SPY210716P00396000,396.0,0,0.0,0.0,,0.0,normalDay
2021-06-23,3238.0,235.0,0.0,0,422.6,0.0,1,3.36,1.01,SPY210716P00396000,396.0,0,0.0,0.0,,0.0,normalDay
2021-06-24,3238.0,258.0,0.0,0,425.1,0.0,1,3.36,0.78,SPY210716P00396000,396.0,0,0.0,0.0,,0.0,normalDay
2021-06-25,3238.0,274.0,0.0,0,426.61,0.0,1,3.36,0.62,SPY210716P00396000,396.0,0,0.0,0.0,,0.0,normalDay
2021-06-28,3238.0,286.0,0.0,0,427.47,0.0,1,3.36,0.5,SPY210716P00396000,396.0,0,0.0,0.0,,0.0,normalDay
2021-06-29,3238.0,288.0,0.0,0,427.7,0.0,1,3.36,0.48,SPY210716P00396000,396.0,0,0.0,0.0,,0.0,normalDay
2021-06-30,3238.0,297.0,0.0,0,428.06,0.0,1,3.36,0.39,SPY210716P00396000,396.0,0,0.0,0.0,,0.0,normalDay
2021-07-01,3238.0,304.0,0.0,0,430.43,0.0,1,3.36,0.32,SPY210716P00396000,396.0,0,0.0,0.0,,0.0,normalDay
2021-07-02,3238.0,313.0,0.0,0,433.72,0.0,1,3.36,0.23,SPY210716P00396000,396.0,0,0.0,0.0,,0.0,normalDay
2021-07-06,3238.0,316.0,0.0,0,432.93,0.0,1,3.36,0.2,SPY210716P00396000,396.0,0,0.0,0.0,,0.0,normalDay
2021-07-07,3238.0,323.0,0.0,0,434.46,0.0,1,3.36,0.13,SPY210716P00396000,396.0,0,0.0,0.0,,0.0,normalDay
2021-07-08,3238.0,310.0,0.0,0,430.92,0.0,1,3.36,0.26,SPY210716P00396000,396.0,0,0.0,0.0,,0.0,normalDay
2021-07-09,3238.0,328.0,0.0,0,435.52,0.0,1,3.36,0.08,SPY210716P00396000,396.0,0,0.0,0.0,,0.0,normalDay
2021-07-12,3238.0,332.0,0.0,0,437.08,0.0,1,3.36,0.04,SPY210716P00396000,396.0,0,0.0,0.0,,0.0,normalDay
2021-07-13,3238.0,331.0,0.0,0,435.59,0.0,1,3.36,0.05,SPY210716P00396000,396.0,0,0.0,0.0,,0.0,normalDay
2021-07-14,3238.0,334.0,0.0,0,436.24,0.0,1,3.36,0.02,SPY210716P00396000,396.0,0,0.0,0.0,,0.0,normalDay
2021-07-15,3238.0,335.0,0.0,0,434.75,0.0,1,3.36,0.01,SPY210716P00396000,396.0,0,0.0,0.0,,0.0,normalDay
2021-07-16,3574.0,0.0,336.0,0,431.34,0.0,1,3.36,0.0,SPY210716P00396000,396.0,0,0.0,0.0,,0.0,expirationDay
2021-07-19,3574.0,-6.0,0.0,0,424.97,0.0,1,5.0,5.06,SPY210827P00405000,405.0,0,0.0,0.0,,0.0,normalDay
2021-07-20,3574.0,155.0,0.0,0,431.06,0.0,1,5.0,3.45,SPY210827P00405000,405.0,0,0.0,0.0,,0.0,normalDay
2021-07-21,3574.0,251.0,0.0,0,434.55,0.0,1,5.0,2.49,SPY210827P00405000,405.0,0,0.0,0.0,,0.0,normalDay
2021-07-22,3574.0,267.0,0.0,0,435.46,0.0,1,5.0,2.33,SPY210827P00405000,405.0,0,0.0,0.0,,0.0,normalDay
2021-07-23,3574.0,316.0,0.0,0,439.94,0.0,1,5.0,1.84,SPY210827P00405000,405.0,0,0.0,0.0,,0.0,normalDay
2021-07-26,3574.0,344.0,0.0,0,441.02,0.0,1,5.0,1.56,SPY210827P00405000,405.0,0,0.0,0.0,,0.0,normalDay
2021-07-27,3574.0,302.0,0.0,0,439.01,0.0,1,5.0,1.98,SPY210827P00405000,405.0,0,0.0,0.0,,0.0,normalDay
2021-07-28,3574.0,332.0,0.0,0,438.83,0.0,1,5.0,1.68,SPY210827P00405000,405.0,0,0.0,0.0,,0.0,normalDay
2021-07-29,3574.0,366.0,0.0,0,440.65,0.0,1,5.0,1.34,SPY210827P00405000,405.0,0,0.0,0.0,,0.0,normalDay
2021-07-30,3574.0,354.0,0.0,0,438.51,0.0,1,5.0,1.46,SPY210827P00405000,405.0,0,0.0,0.0,,0.0,normalDay
2021-08-02,3574.0,344.0,0.0,0,437.59,0.0,1,5.0,1.56,SPY210827P00405000,405.0,0,0.0,0.0,,0.0,normalDay
2021-08-03,3574.0,396.0,0.0,0,441.15,0.0,1,5.0,1.04,SPY210827P00405000,405.0,0,0.0,0.0,,0.0,normalDay
2021-08-04,3574.0,395.0,0.0,0,438.98,0.0,1,5.0,1.05,SPY210827P00405000,405.0,0,0.0,0.0,,0.0,normalDay
2021-08-05,3574.0,419.0,0.0,0,441.76,0.0,1,5.0,0.81,SPY210827P00405000,405.0,0,0.0,0.0,,0.0,normalDay
2021-08-06,3574.0,442.0,0.0,0,442.49,0.0,1,5.0,0.58,SPY210827P00405000,405.0,0,0.0,0.0,,0.0,normalDay
2021-08-09,3574.0,449.0,0.0,0,442.13,0.0,1,5.0,0.51,SPY210827P00405000,405.0,0,0.0,0.0,,0.0,normalDay
2021-08-10,3574.0,450.0,0.0,0,442.68,0.0,1,5.0,0.5,SPY210827P00405000,405.0,0,0.0,0.0,,0.0,normalDay
2021-08-11,3574.0,466.0,0.0,0,443.78,0.0,1,5.0,0.34,SPY210827P00405000,405.0,0,0.0,0.0,,0.0,normalDay
2021-08-12,3574.0,474.0,0.0,0,445.11,0.0,1,5.0,0.26,SPY210827P00405000,405.0,0,0.0,0.0,,0.0,normalDay
2021-08-13,3574.0,476.0,0.0,0,445.92,0.0,1,5.0,0.24,SPY210827P00405000,405.0,0,0.0,0.0,,0.0,normalDay
2021-08-16,3574.0,482.0,0.0,0,446.97,0.0,1,5.0,0.18,SPY210827P00405000,405.0,0,0.0,0.0,,0.0,normalDay
2021-08-17,3574.0,471.0,0.0,0,444.04,0.0,1,5.0,0.29,SPY210827P00405000,405.0,0,0.0,0.0,,0.0,normalDay
2021-08-18,3574.0,441.0,0.0,0,439.18,0.0,1,5.0,0.59,SPY210827P00405000,405.0,0,0.0,0.0,,0.0,normalDay
2021-08-19,3574.0,452.0,0.0,0,439.86,0.0,1,5.0,0.48,SPY210827P00405000,405.0,0,0.0,0.0,,0.0,normalDay
2021-08-20,3574.0,490.0,0.0,0,443.36,0.0,1,5.0,0.1,SPY210827P00405000,405.0,0,0.0,0.0,,0.0,normalDay
2021-08-23,3574.0,495.0,0.0,0,447.26,0.0,1,5.0,0.05,SPY210827P00405000,405.0,0,0.0,0.0,,0.0,normalDay
2021-08-24,3574.0,497.0,0.0,0,447.97,0.0,1,5.0,0.03,SPY210827P00405000,405.0,0,0.0,0.0,,0.0,normalDay
2021-08-25,3574.0,498.0,0.0,0,448.91,0.0,1,5.0,0.02,SPY210827P00405000,405.0,0,0.0,0.0,,0.0,normalDay
2021-08-26,3574.0,498.0,0.0,0,446.26,0.0,1,5.0,0.02,SPY210827P00405000,405.0,0,0.0,0.0,,0.0,normalDay
2021-08-27,4074.0,0.0,500.0,0,450.25,0.0,1,5.0,0.0,SPY210827P00405000,405.0,0,0.0,0.0,,0.0,expirationDay
2021-08-30,4074.0,-3.0,0.0,0,452.23,0.0,1,3.31,3.34,SPY211015P00426000,426.0,0,0.0,0.0,,0.0,normalDay
2021-08-31,4074.0,-1.0,0.0,0,451.56,0.0,1,3.31,3.32,SPY211015P00426000,426.0,0,0.0,0.0,,0.0,normalDay
2021-09-01,4074.0,24.0,0.0,0,451.8,0.0,1,3.31,3.07,SPY211015P00426000,426.0,0,0.0,0.0,,0.0,normalDay
2021-09-02,4074.0,42.0,0.0,0,453.19,0.0,1,3.31,2.89,SPY211015P00426000,426.0,0,0.0,0.0,,0.0,normalDay
2021-09-03,4074.0,41.0,0.0,0,453.08,0.0,1,3.31,2.9,SPY211015P00426000,426.0,0,0.0,0.0,,0.0,normalDay
2021-09-07,4074.0,14.0,0.0,0,451.46,0.0,1,3.31,3.17,SPY211015P00426000,426.0,0,0.0,0.0,,0.0,normalDay
2021-09-08,4074.0,18.0,0.0,0,450.91,0.0,1,3.31,3.13,SPY211015P00426000,426.0,0,0.0,0.0,,0.0,normalDay
2021-09-09,4074.0,-25.0,0.0,0,448.98,0.0,1,3.31,3.56,SPY211015P00426000,426.0,0,0.0,0.0,,0.0,normalDay
2021-09-10,4074.0,-103.0,0.0,0,445.44,0.0,1,3.31,4.34,SPY211015P00426000,426.0,0,0.0,0.0,,0.0,normalDay
2021-09-13,4074.0,-21.0,0.0,0,446.58,0.0,1,3.31,3.52,SPY211015P00426000,426.0,0,0.0,0.0,,0.0,normalDay
2021-09-14,4074.0,-57.0,0.0,0,444.17,0.0,1,3.31,3.88,SPY211015P00426000,426.0,0,0.0,0.0,,0.0,normalDay
2021-09-15,4074.0,47.0,0.0,0,447.88,0.0,1,3.31,2.84,SPY211015P00426000,426.0,0,0.0,0.0,,0.0,normalDay
2021-09-16,4074.0,32.0,0.0,0,447.17,0.0,1,3.31,2.99,SPY211015P00426000,426.0,0,0.0,0.0,,0.0,normalDay
2021-09-17,4074.0,-87.0,0.0,0,441.4,0.0,1,3.31,4.18,SPY211015P00426000,426.0,0,0.0,0.0,,0.0,normalDay
2021-09-20,4074.0,-349.0,0.0,0,434.04,0.0,1,3.31,6.8,SPY211015P00426000,426.0,0,0.0,0.0,,0.0,normalDay
2021-09-21,4074.0,-317.0,0.0,0,433.63,0.0,1,3.31,6.48,SPY211015P00426000,426.0,0,0.0,0.0,,0.0,normalDay
2021-09-22,4074.0,-80.0,0.0,0,437.86,0.0,1,3.31,4.11,SPY211015P00426000,426.0,0,0.0,0.0,,0.0,normalDay
2021-09-23,4074.0,83.0,0.0,0,443.18,0.0,1,3.31,2.48,SPY211015P00426000,426.0,0,0.0,0.0,,0.0,normalDay
2021-09-24,4074.0,120.0,0.0,0,443.91,0.0,1,3.31,2.11,SPY211015P00426000,426.0,0,0.0,0.0,,0.0,normalDay
2021-09-27,4074.0,114.0,0.0,0,442.64,0.0,1,3.31,2.17,SPY211015P00426000,426.0,0,0.0,0.0,,0.0,normalDay
2021-09-28,4074.0,-151.0,0.0,0,433.72,0.0,1,3.31,4.82,SPY211015P00426000,426.0,0,0.0,0.0,,0.0,normalDay
2021-09-29,4074.0,-99.0,0.0,0,434.45,0.0,1,3.31,4.3,SPY211015P00426000,426.0,0,0.0,0.0,,0.0,normalDay
2021-09-30,4074.0,-246.0,0.0,0,429.14,0.0,1,3.31,5.77,SPY211015P00426000,426.0,0,0.0,0.0,,0.0,normalDay
2021-10-01,4074.0,-22.0,0.0,0,434.24,0.0,1,3.31,3.53,SPY211015P00426000,426.0,0,0.0,0.0,,0.0,normalDay
2021-10-04,4074.0,-184.0,0.0,0,428.64,0.0,1,3.31,5.15,SPY211015P00426000,426.0,0,0.0,0.0,,0.0,normalDay
2021-10-05,4074.0,24.0,0.0,0,433.1,0.0,1,3.31,3.07,SPY211015P00426000,426.0,0,0.0,0.0,,0.0,normalDay
2021-10-06,4074.0,93.0,0.0,0,434.9,0.0,1,3.31,2.38,SPY211015P00426000,426.0,0,0.0,0.0,,0.0,normalDay
2021-10-07,4074.0,206.0,0.0,0,438.66,0.0,1,3.31,1.25,SPY211015P00426000,426.0,0,0.0,0.0,,0.0,normalDay
2021-10-08,4074.0,228.0,0.0,0,437.86,0.0,1,3.31,1.03,SPY211015P00426000,426.0,0,0.0,0.0,,0.0,normalDay
2021-10-11,4074.0,205.0,0.0,0,434.69,0.0,1,3.31,1.26,SPY211015P00426000,426.0,0,0.0,0.0,,0.0,normalDay
2021-10-12,4074.0,220.0,0.0,0,433.62,0.0,1,3.31,1.11,SPY211015P00426000,426.0,0,0.0,0.0,,0.0,normalDay
2021-10-13,4074.0,300.0,0.0,0,435.18,0.0,1,3.31,0.31,SPY211015P00426000,426.0,0,0.0,0.0,,0.0,normalDay
2021-10-14,4074.0,325.0,0.0,0,442.5,0.0,1,3.31,0.06,SPY211015P00426000,426.0,0,0.0,0.0,,0.0,normalDay
2021-10-15,4405.0,0.0,331.0,0,445.87,0.0,1,3.31,0.0,SPY211015P00426000,426.0,0,0.0,0.0,,0.0,expirationDay
2021-10-18,4405.0,-3.0,0.0,0,447.19,0.0,1,1.74,1.77,SPY211126P00411000,411.0,0,0.0,0.0,,0.0,normalDay
2021-10-19,4405.0,32.0,0.0,0,450.64,0.0,1,1.74,1.42,SPY211126P00411000,411.0,0,0.0,0.0,,0.0,normalDay
2021-10-20,4405.0,43.0,0.0,0,452.41,0.0,1,1.74,1.31,SPY211126P00411000,411.0,0,0.0,0.0,,0.0,normalDay
2021-10-21,4405.0,62.0,0.0,0,453.59,0.0,1,1.74,1.12,SPY211126P00411000,411.0,0,0.0,0.0,,0.0,normalDay
2021-10-22,4405.0,55.0,0.0,0,453.12,0.0,1,1.74,1.19,SPY211126P00411000,411.0,0,0.0,0.0,,0.0,normalDay
2021-10-25,4405.0,83.0,0.0,0,455.55,0.0,1,1.74,0.91,SPY211126P00411000,411.0,0,0.0,0.0,,0.0,normalDay
2021-10-26,4405.0,79.0,0.0,0,455.96,0.0,1,1.74,0.95,SPY211126P00411000,411.0,0,0.0,0.0,,0.0,normalDay
2021-10-27,4405.0,61.0,0.0,0,453.94,0.0,1,1.74,1.13,SPY211126P00411000,411.0,0,0.0,0.0,,0.0,normalDay
2021-10-28,4405.0,90.0,0.0,0,458.32,0.0,1,1.74,0.84,SPY211126P00411000,411.0,0,0.0,0.0,,0.0,normalDay
2021-10-29,4405.0,102.0,0.0,0,459.25,0.0,1,1.74,0.72,SPY211126P00411000,411.0,0,0.0,0.0,,0.0,normalDay
2021-11-01,4405.0,118.0,0.0,0,460.04,0.0,1,1.74,0.56,SPY211126P00411000,411.0,0,0.0,0.0,,0.0,normalDay
2021-11-02,4405.0,126.0,0.0,0,461.9,0.0,1,1.74,0.48,SPY211126P00411000,411.0,0,0.0,0.0,,0.0,normalDay
2021-11-03,4405.0,139.0,0.0,0,464.72,0.0,1,1.74,0.35,SPY211126P00411000,411.0,0,0.0,0.0,,0.0,normalDay
2021-11-04,4405.0,138.0,0.0,0,466.91,0.0,1,1.74,0.36,SPY211126P00411000,411.0,0,0.0,0.0,,0.0,normalDay
2021-11-05,4405.0,137.0,0.0,0,468.53,0.0,1,1.74,0.37,SPY211126P00411000,411.0,0,0.0,0.0,,0.0,normalDay
2021-11-08,4405.0,140.0,0.0,0,468.93,0.0,1,1.74,0.34,SPY211126P00411000,411.0,0,0.0,0.0,,0.0,normalDay
2021-11-09,4405.0,141.0,0.0,0,467.38,0.0,1,1.74,0.33,SPY211126P00411000,411.0,0,0.0,0.0,,0.0,normalDay
2021-11-10,4405.0,140.0,0.0,0,463.62,0.0,1,1.74,0.34,SPY211126P00411000,411.0,0,0.0,0.0,,0.0,normalDay
2021-11-11,4405.0,150.0,0.0,0,463.77,0.0,1,1.74,0.24,SPY211126P00411000,411.0,0,0.0,0.0,,0.0,normalDay
2021-11-12,4405.0,160.0,0.0,0,467.27,0.0,1,1.74,0.14,SPY211126P00411000,411.0,0,0.0,0.0,,0.0,normalDay
2021-11-15,4405.0,166.0,0.0,0,467.43,0.0,1,1.74,0.08,SPY211126P00411000,411.0,0,0.0,0.0,,0.0,normalDay
2021-11-16,4405.0,167.0,0.0,0,469.28,0.0,1,1.74,0.07,SPY211126P00411000,411.0,0,0.0,0.0,,0.0,normalDay
2021-11-17,4405.0,169.0,0.0,0,468.14,0.0,1,1.74,0.05,SPY211126P00411000,411.0,0,0.0,0.0,,0.0,normalDay
2021-11-18,4405.0,169.0,0.0,0,469.73,0.0,1,1.74,0.05,SPY211126P00411000,411.0,0,0.0,0.0,,0.0,normalDay
2021-11-19,4405.0,170.0,0.0,0,468.89,0.0,1,1.74,0.04,SPY211126P00411000,411.0,0,0.0,0.0,,0.0,normalDay
2021-11-22,4405.0,170.0,0.0,0,467.57,0.0,1,1.74,0.04,SPY211126P00411000,411.0,0,0.0,0.0,,0.0,normalDay
2021-11-23,4405.0,173.0,0.0,0,468.19,0.0,1,1.74,0.01,SPY211126P00411000,411.0,0,0.0,0.0,,0.0,normalDay
2021-11-24,4405.0,173.0,0.0,0,469.44,0.0,1,1.74,0.01,SPY211126P00411000,411.0,0,0.0,0.0,,0.0,normalDay
2021-11-26,4579.0,0.0,174.0,0,458.97,0.0,1,1.74,0.0,SPY211126P00411000,411.0,0,0.0,0.0,,0.0,expirationDay
2021-11-29,4579.0,-5.0,0.0,0,464.6,0.0,1,8.68,8.73,SPY220121P00451000,451.0,0,0.0,0.0,,0.0,normalDay
2021-11-30,4579.0,-338.0,0.0,0,455.56,0.0,1,8.68,12.06,SPY220121P00451000,451.0,0,0.0,0.0,,0.0,normalDay
2021-12-01,4579.0,-814.0,0.0,0,450.5,0.0,1,8.68,16.82,SPY220121P00451000,451.0,0,0.0,0.0,,0.0,normalDay
2021-12-02,4579.0,-366.0,0.0,0,457.4,0.0,1,8.68,12.34,SPY220121P00451000,451.0,0,0.0,0.0,,0.0,normalDay
2021-12-03,4579.0,-576.0,0.0,0,453.42,0.0,1,8.68,14.44,SPY220121P00451000,451.0,0,0.0,0.0,,0.0,normalDay
2021-12-06,4579.0,-236.0,0.0,0,458.79,0.0,1,8.68,11.04,SPY220121P00451000,451.0,0,0.0,0.0,,0.0,normalDay
2021-12-07,4579.0,193.0,0.0,0,468.28,0.0,1,8.68,6.75,SPY220121P00451000,451.0,0,0.0,0.0,,0.0,normalDay
2021-12-08,4579.0,294.0,0.0,0,469.52,0.0,1,8.68,5.74,SPY220121P00451000,451.0,0,0.0,0.0,,0.0,normalDay
2021-12-09,4579.0,198.0,0.0,0,466.35,0.0,1,8.68,6.7,SPY220121P00451000,451.0,0,0.0,0.0,,0.0,normalDay
2021-12-10,4579.0,375.0,0.0,0,470.74,0.0,1,8.68,4.93,SPY220121P00451000,451.0,0,0.0,0.0,,0.0,normalDay
2021-12-13,4579.0,267.0,0.0,0,466.57,0.0,1,8.68,6.01,SPY220121P00451000,451.0,0,0.0,0.0,,0.0,normalDay
2021-12-14,4579.0,148.0,0.0,0,463.36,0.0,1,8.68,7.2,SPY220121P00451000,451.0,0,0.0,0.0,,0.0,normalDay
2021-12-15,4579.0,417.0,0.0,0,470.6,0.0,1,8.68,4.51,SPY220121P00451000,451.0,0,0.0,0.0,,0.0,normalDay
2021-12-16,4579.0,316.0,0.0,0,466.45,0.0,1,8.68,5.52,SPY220121P00451000,451.0,0,0.0,0.0,,0.0,normalDay
2021-12-17,4579.0,151.0,0.0,0,459.87,0.0,1,8.68,7.17,SPY220121P00451000,451.0,0,0.0,0.0,,0.0,normalDay
2021-12-20,4579.0,-13.0,0.0,0,454.98,0.0,1,8.68,8.81,SPY220121P00451000,451.0,0,0.0,0.0,,0.0,normalDay
2021-12-21,4579.0,289.0,0.0,0,463.06,0.0,1,8.68,5.79,SPY220121P00451000,451.0,0,0.0,0.0,,0.0,normalDay
2021-12-22,4579.0,485.0,0.0,0,467.69,0.0,1,8.68,3.83,SPY220121P00451000,451.0,0,0.0,0.0,,0.0,normalDay
2021-12-23,4579.0,576.0,0.0,0,470.6,0.0,1,8.68,2.92,SPY220121P00451000,451.0,0,0.0,0.0,,0.0,normalDay
2021-12-27,4579.0,697.0,0.0,0,477.26,0.0,1,8.68,1.71,SPY220121P00451000,451.0,0,0.0,0.0,,0.0,normalDay
2021-12-28,4579.0,710.0,0.0,0,476.87,0.0,1,8.68,1.58,SPY220121P00451000,451.0,0,0.0,0.0,,0.0,normalDay
2021-12-29,4579.0,741.0,0.0,0,477.48,0.0,1,8.68,1.27,SPY220121P00451000,451.0,0,0.0,0.0,,0.0,normalDay
2021-12-30,4579.0,726.0,0.0,0,476.16,0.0,1,8.68,1.42,SPY220121P00451000,451.0,0,0.0,0.0,,0.0,normalDay
2021-12-31,4579.0,735.0,0.0,0,474.96,0.0,1,8.68,1.33,SPY220121P00451000,451.0,0,0.0,0.0,,0.0,normalDay
2022-01-03,4579.0,785.0,0.0,0,477.71,0.0,1,8.68,0.83,SPY220121P00451000,451.0,0,0.0,0.0,,0.0,normalDay
2022-01-04,4579.0,786.0,0.0,0,477.55,0.0,1,8.68,0.82,SPY220121P00451000,451.0,0,0.0,0.0,,0.0,normalDay
2022-01-05,4579.0,652.0,0.0,0,468.38,0.0,1,8.68,2.16,SPY220121P00451000,451.0,0,0.0,0.0,,0.0,normalDay
2022-01-06,4579.0,674.0,0.0,0,467.94,0.0,1,8.68,1.94,SPY220121P00451000,451.0,0,0.0,0.0,,0.0,normalDay
2022-01-07,4579.0,707.0,0.0,0,466.09,0.0,1,8.68,1.61,SPY220121P00451000,451.0,0,0.0,0.0,,0.0,normalDay
2022-01-10,4579.0,703.0,0.0,0,465.51,0.0,1,8.68,1.65,SPY220121P00451000,451.0,0,0.0,0.0,,0.0,normalDay
2022-01-11,4579.0,772.0,0.0,0,469.75,0.0,1,8.68,0.96,SPY220121P00451000,451.0,0,0.0,0.0,,0.0,normalDay
2022-01-12,4579.0,817.0,0.0,0,471.02,0.0,1,8.68,0.51,SPY220121P00451000,451.0,0,0.0,0.0,,0.0,normalDay
2022-01-13,4579.0,726.0,0.0,0,464.53,0.0,1,8.68,1.42,SPY220121P00451000,451.0,0,0.0,0.0,,0.0,normalDay
2022-01-14,4579.0,782.0,0.0,0,464.72,0.0,1,8.68,0.86,SPY220121P00451000,451.0,0,0.0,0.0,,0.0,normalDay
2022-01-18,4579.0,649.0,0.0,0,456.49,0.0,1,8.68,2.19,SPY220121P00451000,451.0,0,0.0,0.0,,0.0,normalDay
2022-01-19,4579.0,591.0,0.0,0,451.75,0.0,1,8.68,2.77,SPY220121P00451000,451.0,0,0.0,0.0,,0.0,normalDay
2022-01-20,4579.0,328.0,0.0,0,446.75,0.0,1,8.68,5.4,SPY220121P00451000,451.0,0,0.0,0.0,,0.0,normalDay
2022-01-21,5447.0,-1302.0,868.0,100,437.98,451.0,1,8.68,0.0,SPY220121P00451000,451.0,0,0.0,0.0,,0.0,expirationDay
2022-01-24,5447.0,-1116.0,0.0,100,439.84,451.0,0,0.0,0.0,,0.0,0,0.0,0.0,,0.0,bidTooLow
2022-01-25,5447.0,-1653.0,0.0,100,434.47,451.0,0,0.0,0.0,,0.0,0,0.0,0.0,,0.0,bidTooLow
2022-01-26,5447.0,-1762.0,0.0,100,433.38,451.0,0,0.0,0.0,,0.0,0,0.0,0.0,,0.0,bidTooLow
2022-01-27,5447.0,-1976.0,0.0,100,431.24,451.0,0,0.0,0.0,,0.0,0,0.0,0.0,,0.0,bidTooLow
2022-01-28,5447.0,-905.0,0.0,100,441.95,451.0,0,0.0,0.0,,0.0,0,0.0,0.0,,0.0,bidTooLow
2022-01-31,5447.0,-109.0,0.0,100,449.91,451.0,0,0.0,0.0,,0.0,0,0.0,0.0,,0.0,bidTooLow
2022-02-01,5447.0,195.0,0.0,100,452.95,451.0,0,0.0,0.0,,0.0,0,0.0,0.0,,0.0,bidTooLow
2022-02-02,5447.0,635.0,0.0,100,457.35,451.0,0,0.0,0.0,,0.0,0,0.0,0.0,,0.0,bidTooLow
2022-02-03,5447.0,-443.0,0.0,100,446.6,451.0,0,0.0,0.0,,0.0,1,0.05,0.08,SPY220209C00472000,472.0,normalDay
2022-02-04,5447.0,-227.0,0.0,100,448.7,451.0,0,0.0,0.0,,0.0,1,0.05,0.02,SPY220209C00472000,472.0,normalDay
2022-02-07,5447.0,-370.0,0.0,100,447.26,451.0,0,0.0,0.0,,0.0,1,0.05,0.01,SPY220209C00472000,472.0,normalDay
2022-02-08,5447.0,-2.0,0.0,100,450.94,451.0,0,0.0,0.0,,0.0,1,0.05,0.01,SPY220209C00472000,472.0,normalDay
2022-02-09,5452.0,654.0,5.0,100,457.54,451.0,0,0.0,0.0,,0.0,1,0.05,0.0,SPY220209C00472000,472.0,expirationDay
2022-02-10,5452.0,-171.0,0.0,100,449.32,451.0,0,0.0,0.0,,0.0,1,0.48,0.51,SPY220216C00463000,463.0,normalDay
2022-02-11,5452.0,-1013.0,0.0,100,440.46,451.0,0,0.0,0.0,,0.0,1,0.48,0.07,SPY220216C00463000,463.0,normalDay
2022-02-14,5452.0,-1152.0,0.0,100,439.02,451.0,0,0.0,0.0,,0.0,1,0.48,0.02,SPY220216C00463000,463.0,normalDay
2022-02-15,5452.0,-443.0,0.0,100,446.1,451.0,0,0.0,0.0,,0.0,1,0.48,0.01,SPY220216C00463000,463.0,normalDay
2022-02-16,5500.0,-440.0,48.0,100,446.6,451.0,0,0.0,0.0,,0.0,1,0.48,0.0,SPY220216C00463000,463.0,expirationDay
2022-02-17,5500.0,-1397.0,0.0,100,437.06,451.0,0,0.0,0.0,,0.0,1,0.12,0.15,SPY220223C00456000,456.0,normalDay
2022-02-18,5500.0,-1669.0,0.0,100,434.23,451.0,0,0.0,0.0,,0.0,1,0.12,0.04,SPY220223C00456000,456.0,normalDay
2022-02-22,5500.0,-2132.0,0.0,100,429.57,451.0,0,0.0,0.0,,0.0,1,0.12,0.01,SPY220223C00456000,456.0,normalDay
2022-02-23,5512.0,-2905.0,12.0,100,421.95,451.0,0,0.0,0.0,,0.0,1,0.12,0.0,SPY220223C00456000,456.0,expirationDay
2022-02-24,5512.0,-2273.0,0.0,100,428.3,451.0,0,0.0,0.0,,0.0,1,0.02,0.05,SPY220302C00458000,458.0,normalDay
2022-02-25,5512.0,-1330.0,0.0,100,437.75,451.0,0,0.0,0.0,,0.0,1,0.02,0.07,SPY220302C00458000,458.0,normalDay
2022-02-28,5512.0,-1438.0,0.0,100,436.63,451.0,0,0.0,0.0,,0.0,1,0.02,0.03,SPY220302C00458000,458.0,normalDay
2022-03-01,5512.0,-2101.0,0.0,100,429.98,451.0,0,0.0,0.0,,0.0,1,0.02,0.01,SPY220302C00458000,458.0,normalDay
2022-03-02,5514.0,-1311.0,2.0,100,437.89,451.0,0,0.0,0.0,,0.0,1,0.02,0.0,SPY220302C00458000,458.0,expirationDay
2022-03-03,5514.0,-1532.0,0.0,100,435.71,451.0,0,0.0,0.0,,0.0,1,0.17,0.2,SPY220309C00454000,454.0,normalDay
2022-03-04,5514.0,-1871.0,0.0,100,432.17,451.0,0,0.0,0.0,,0.0,1,0.17,0.05,SPY220309C00454000,454.0,normalDay
2022-03-07,5514.0,-3141.0,0.0,100,419.43,451.0,0,0.0,0.0,,0.0,1,0.17,0.01,SPY220309C00454000,454.0,normalDay
2022-03-08,5514.0,-3459.0,0.0,100,416.25,451.0,0,0.0,0.0,,0.0,1,0.17,0.01,SPY220309C00454000,454.0,normalDay
2022-03-09,5531.0,-2359.0,17.0,100,427.41,451.0,0,0.0,0.0,,0.0,1,0.17,0.0,SPY220309C00454000,454.0,expirationDay
2022-03-10,5531.0,-2556.0,0.0,100,425.48,451.0,0,0.0,0.0,,0.0,1,0.15,0.19,SPY220316C00447000,447.0,normalDay
2022-03-11,5531.0,-3085.0,0.0,100,420.07,451.0,0,0.0,0.0,,0.0,1,0.15,0.07,SPY220316C00447000,447.0,normalDay
2022-03-14,5531.0,-3387.0,0.0,100,417.0,451.0,0,0.0,0.0,,0.0,1,0.15,0.02,SPY220316C00447000,447.0,normalDay
2022-03-15,5531.0,-2469.0,0.0,100,426.17,451.0,0,0.0,0.0,,0.0,1,0.15,0.01,SPY220316C00447000,447.0,normalDay
2022-03-16,5546.0,-1538.0,15.0,100,435.62,451.0,0,0.0,0.0,,0.0,1,0.15,0.0,SPY220316C00447000,447.0,expirationDay
2022-03-17,5546.0,-996.0,0.0,100,441.07,451.0,0,0.0,0.0,,0.0,1,3.5,3.53,SPY220323C00441000,441.0,normalDay
2022-03-18,5546.0,-935.0,0.0,100,444.52,451.0,0,0.0,0.0,,0.0,1,3.5,6.37,SPY220323C00441000,441.0,normalDay
2022-03-21,5546.0,-826.0,0.0,100,444.39,451.0,0,0.0,0.0,,0.0,1,3.5,5.15,SPY220323C00441000,441.0,normalDay
2022-03-22,5546.0,-685.0,0.0,100,449.59,451.0,0,0.0,0.0,,0.0,1,3.5,8.94,SPY220323C00441000,441.0,normalDay
2022-03-23,4896.0,-685.0,-650.0,0,443.8,0.0,0,0.0,0.0,,0.0,1,3.5,0.0,SPY220323C00441000,441.0,expirationDay
2022-03-24,4896.0,-4.0,0.0,0,450.49,0.0,1,2.21,2.25,SPY220506P00400000,400.0,0,0.0,0.0,,0.0,normalDay
2022-03-25,4896.0,25.0,0.0,0,452.69,0.0,1,2.21,1.96,SPY220506P00400000,400.0,0,0.0,0.0,,0.0,normalDay
2022-03-28,4896.0,77.0,0.0,0,455.91,0.0,1,2.21,1.44,SPY220506P00400000,400.0,0,0.0,0.0,,0.0,normalDay
2022-03-29,4896.0,113.0,0.0,0,461.55,0.0,1,2.21,1.08,SPY220506P00400000,400.0,0,0.0,0.0,,0.0,normalDay
2022-03-30,4896.0,111.0,0.0,0,458.7,0.0,1,2.21,1.1,SPY220506P00400000,400.0,0,0.0,0.0,,0.0,normalDay
2022-03-31,4896.0,74.0,0.0,0,451.64,0.0,1,2.21,1.47,SPY220506P00400000,400.0,0,0.0,0.0,,0.0,normalDay
2022-04-01,4896.0,101.0,0.0,0,452.92,0.0,1,2.21,1.2,SPY220506P00400000,400.0,0,0.0,0.0,,0.0,normalDay
2022-04-04,4896.0,142.0,0.0,0,456.8,0.0,1,2.21,0.79,SPY220506P00400000,400.0,0,0.0,0.0,,0.0,normalDay
2022-04-05,4896.0,98.0,0.0,0,451.03,0.0,1,2.21,1.23,SPY220506P00400000,400.0,0,0.0,0.0,,0.0,normalDay
2022-04-06,4896.0,76.0,0.0,0,446.52,0.0,1,2.21,1.45,SPY220506P00400000,400.0,0,0.0,0.0,,0.0,normalDay
2022-04-07,4896.0,98.0,0.0,0,448.77,0.0,1,2.21,1.23,SPY220506P00400000,400.0,0,0.0,0.0,,0.0,normalDay
2022-04-08,4896.0,106.0,0.0,0,447.57,0.0,1,2.21,1.15,SPY220506P00400000,400.0,0,0.0,0.0,,0.0,normalDay
2022-04-11,4896.0,40.0,0.0,0,439.92,0.0,1,2.21,1.81,SPY220506P00400000,400.0,0,0.0,0.0,,0.0,normalDay
2022-04-12,4896.0,36.0,0.0,0,438.29,0.0,1,2.21,1.85,SPY220506P00400000,400.0,0,0.0,0.0,,0.0,normalDay
2022-04-13,4896.0,117.0,0.0,0,443.31,0.0,1,2.21,1.04,SPY220506P00400000,400.0,0,0.0,0.0,,0.0,normalDay
2022-04-14,4896.0,95.0,0.0,0,437.79,0.0,1,2.21,1.26,SPY220506P00400000,400.0,0,0.0,0.0,,0.0,normalDay
2022-04-18,4896.0,142.0,0.0,0,437.97,0.0,1,2.21,0.79,SPY220506P00400000,400.0,0,0.0,0.0,,0.0,normalDay
2022-04-19,4896.0,162.0,0.0,0,445.04,0.0,1,2.21,0.59,SPY220506P00400000,400.0,0,0.0,0.0,,0.0,normalDay
2022-04-20,4896.0,179.0,0.0,0,444.71,0.0,1,2.21,0.42,SPY220506P00400000,400.0,0,0.0,0.0,,0.0,normalDay
2022-04-21,4896.0,142.0,0.0,0,438.06,0.0,1,2.21,0.79,SPY220506P00400000,400.0,0,0.0,0.0,,0.0,normalDay
2022-04-22,4896.0,-19.0,0.0,0,426.04,0.0,1,2.21,2.4,SPY220506P00400000,400.0,0,0.0,0.0,,0.0,normalDay
2022-04-25,4896.0,80.0,0.0,0,428.51,0.0,1,2.21,1.41,SPY220506P00400000,400.0,0,0.0,0.0,,0.0,normalDay
2022-04-26,4896.0,-209.0,0.0,0,416.1,0.0,1,2.21,4.3,SPY220506P00400000,400.0,0,0.0,0.0,,0.0,normalDay
2022-04-27,4896.0,-64.0,0.0,0,417.27,0.0,1,2.21,2.85,SPY220506P00400000,400.0,0,0.0,0.0,,0.0,normalDay
2022-04-28,4896.0,74.0,0.0,0,427.81,0.0,1,2.21,1.47,SPY220506P00400000,400.0,0,0.0,0.0,,0.0,normalDay
2022-04-29,4896.0,-116.0,0.0,0,412.0,0.0,1,2.21,3.37,SPY220506P00400000,400.0,0,0.0,0.0,,0.0,normalDay
2022-05-02,4896.0,34.0,0.0,0,414.48,0.0,1,2.21,1.87,SPY220506P00400000,400.0,0,0.0,0.0,,0.0,normalDay
2022-05-03,4896.0,137.0,0.0,0,416.38,0.0,1,2.21,0.84,SPY220506P00400000,400.0,0,0.0,0.0,,0.0,normalDay
2022-05-04,4896.0,213.0,0.0,0,429.06,0.0,1,2.21,0.08,SPY220506P00400000,400.0,0,0.0,0.0,,0.0,normalDay
2022-05-05,4896.0,191.0,0.0,0,413.81,0.0,1,2.21,0.3,SPY220506P00400000,400.0,0,0.0,0.0,,0.0,normalDay
2022-05-06,5117.0,0.0,221.0,0,411.34,0.0,1,2.21,0.0,SPY220506P00400000,400.0,0,0.0,0.0,,0.0,expirationDay
2022-05-09,5117.0,-4.0,0.0,0,398.17,0.0,1,6.45,6.49,SPY220630P00360000,360.0,0,0.0,0.0,,0.0,normalDay
2022-05-10,5117.0,56.0,0.0,0,399.09,0.0,1,6.45,5.89,SPY220630P00360000,360.0,0,0.0,0.0,,0.0,normalDay
2022-05-11,5117.0,-3.0,0.0,0,392.75,0.0,1,6.45,6.48,SPY220630P00360000,360.0,0,0.0,0.0,,0.0,normalDay
2022-05-12,5117.0,5.0,0.0,0,392.34,0.0,1,6.45,6.4,SPY220630P00360000,360.0,0,0.0,0.0,,0.0,normalDay
2022-05-13,5117.0,214.0,0.0,0,401.72,0.0,1,6.45,4.31,SPY220630P00360000,360.0,0,0.0,0.0,,0.0,normalDay
2022-05-16,5117.0,267.0,0.0,0,400.09,0.0,1,6.45,3.78,SPY220630P00360000,360.0,0,0.0,0.0,,0.0,normalDay
2022-05-17,5117.0,391.0,0.0,0,408.32,0.0,1,6.45,2.54,SPY220630P00360000,360.0,0,0.0,0.0,,0.0,normalDay
2022-05-18,5117.0,82.0,0.0,0,391.86,0.0,1,6.45,5.63,SPY220630P00360000,360.0,0,0.0,0.0,,0.0,normalDay
2022-05-19,5117.0,115.0,0.0,0,389.46,0.0,1,6.45,5.3,SPY220630P00360000,360.0,0,0.0,0.0,,0.0,normalDay
2022-05-20,5117.0,128.0,0.0,0,389.63,0.0,1,6.45,5.17,SPY220630P00360000,360.0,0,0.0,0.0,,0.0,normalDay
2022-05-23,5117.0,300.0,0.0,0,396.92,0.0,1,6.45,3.45,SPY220630P00360000,360.0,0,0.0,0.0,,0.0,normalDay
2022-05-24,5117.0,257.0,0.0,0,393.89,0.0,1,6.45,3.88,SPY220630P00360000,360.0,0,0.0,0.0,,0.0,normalDay
2022-05-25,5117.0,322.0,0.0,0,397.37,0.0,1,6.45,3.23,SPY220630P00360000,360.0,0,0.0,0.0,,0.0,normalDay
2022-05-26,5117.0,427.0,0.0,0,405.31,0.0,1,6.45,2.18,SPY220630P00360000,360.0,0,0.0,0.0,,0.0,normalDay
2022-05-27,5117.0,515.0,0.0,0,415.26,0.0,1,6.45,1.3,SPY220630P00360000,360.0,0,0.0,0.0,,0.0,normalDay
2022-05-31,5117.0,525.0,0.0,0,412.93,0.0,1,6.45,1.2,SPY220630P00360000,360.0,0,0.0,0.0,,0.0,normalDay
2022-06-01,5117.0,534.0,0.0,0,409.59,0.0,1,6.45,1.11,SPY220630P00360000,360.0,0,0.0,0.0,,0.0,normalDay
2022-06-02,5117.0,575.0,0.0,0,417.39,0.0,1,6.45,0.7,SPY220630P00360000,360.0,0,0.0,0.0,,0.0,normalDay
2022-06-03,5117.0,558.0,0.0,0,410.54,0.0,1,6.45,0.87,SPY220630P00360000,360.0,0,0.0,0.0,,0.0,normalDay
2022-06-06,5117.0,582.0,0.0,0,411.79,0.0,1,6.45,0.63,SPY220630P00360000,360.0,0,0.0,0.0,,0.0,normalDay
2022-06-07,5117.0,601.0,0.0,0,415.74,0.0,1,6.45,0.44,SPY220630P00360000,360.0,0,0.0,0.0,,0.0,normalDay
2022-06-08,5117.0,601.0,0.0,0,411.22,0.0,1,6.45,0.44,SPY220630P00360000,360.0,0,0.0,0.0,,0.0,normalDay
2022-06-09,5117.0,557.0,0.0,0,401.44,0.0,1,6.45,0.88,SPY220630P00360000,360.0,0,0.0,0.0,,0.0,normalDay
2022-06-10,5117.0,479.0,0.0,0,389.8,0.0,1,6.45,1.66,SPY220630P00360000,360.0,0,0.0,0.0,,0.0,normalDay
2022-06-13,5117.0,95.0,0.0,0,375.0,0.0,1,6.45,5.5,SPY220630P00360000,360.0,0,0.0,0.0,,0.0,normalDay
2022-06-14,5117.0,137.0,0.0,0,373.87,0.0,1,6.45,5.08,SPY220630P00360000,360.0,0,0.0,0.0,,0.0,normalDay
2022-06-15,5117.0,354.0,0.0,0,379.2,0.0,1,6.45,2.91,SPY220630P00360000,360.0,0,0.0,0.0,,0.0,normalDay
2022-06-16,5117.0,-2.0,0.0,0,366.65,0.0,1,6.45,6.47,SPY220630P00360000,360.0,0,0.0,0.0,,0.0,normalDay
2022-06-17,5117.0,142.0,0.0,0,365.86,0.0,1,6.45,5.03,SPY220630P00360000,360.0,0,0.0,0.0,,0.0,normalDay
2022-06-21,5117.0,462.0,0.0,0,375.07,0.0,1,6.45,1.83,SPY220630P00360000,360.0,0,0.0,0.0,,0.0,normalDay
2022-06-22,5117.0,511.0,0.0,0,374.39,0.0,1,6.45,1.34,SPY220630P00360000,360.0,0,0.0,0.0,,0.0,normalDay
2022-06-23,5117.0,560.0,0.0,0,378.06,0.0,1,6.45,0.85,SPY220630P00360000,360.0,0,0.0,0.0,,0.0,normalDay
2022-06-24,5117.0,625.0,0.0,0,390.08,0.0,1,6.45,0.2,SPY220630P00360000,360.0,0,0.0,0.0,,0.0,normalDay
2022-06-27,5117.0,641.0,0.0,0,388.59,0.0,1,6.45,0.04,SPY220630P00360000,360.0,0,0.0,0.0,,0.0,normalDay
2022-06-28,5117.0,639.0,0.0,0,380.65,0.0,1,6.45,0.06,SPY220630P00360000,360.0,0,0.0,0.0,,0.0,normalDay
2022-06-29,5117.0,643.0,0.0,0,380.34,0.0,1,6.45,0.02,SPY220630P00360000,360.0,0,0.0,0.0,,0.0,normalDay
2022-06-30,5762.0,0.0,645.0,0,377.25,0.0,1,6.45,0.0,SPY220630P00360000,360.0,0,0.0,0.0,,0.0,expirationDay
2022-07-01,5762.0,-3.0,0.0,0,381.24,0.0,1,1.0,1.03,SPY220819P00310000,310.0,0,0.0,0.0,,0.0,normalDay
2022-07-05,5762.0,6.0,0.0,0,381.96,0.0,1,1.0,0.94,SPY220819P00310000,310.0,0,0.0,0.0,,0.0,normalDay
2022-07-06,5762.0,23.0,0.0,0,383.25,0.0,1,1.0,0.77,SPY220819P00310000,310.0,0,0.0,0.0,,0.0,normalDay
2022-07-07,5762.0,38.0,0.0,0,388.99,0.0,1,1.0,0.62,SPY220819P00310000,310.0,0,0.0,0.0,,0.0,normalDay
2022-07-08,5762.0,47.0,0.0,0,388.67,0.0,1,1.0,0.53,SPY220819P00310000,310.0,0,0.0,0.0,,0.0,normalDay
2022-07-11,5762.0,42.0,0.0,0,384.23,0.0,1,1.0,0.58,SPY220819P00310000,310.0,0,0.0,0.0,,0.0,normalDay
2022-07-12,5762.0,28.0,0.0,0,380.83,0.0,1,1.0,0.72,SPY220819P00310000,310.0,0,0.0,0.0,,0.0,normalDay
2022-07-13,5762.0,35.0,0.0,0,378.83,0.0,1,1.0,0.65,SPY220819P00310000,310.0,0,0.0,0.0,,0.0,normalDay
2022-07-14,5762.0,42.0,0.0,0,377.91,0.0,1,1.0,0.58,SPY220819P00310000,310.0,0,0.0,0.0,,0.0,normalDay
2022-07-15,5762.0,62.0,0.0,0,385.13,0.0,1,1.0,0.38,SPY220819P00310000,310.0,0,0.0,0.0,,0.0,normalDay
2022-07-18,5762.0,59.0,0.0,0,381.95,0.0,1,1.0,0.41,SPY220819P00310000,310.0,0,0.0,0.0,,0.0,normalDay
2022-07-19,5762.0,74.0,0.0,0,392.27,0.0,1,1.0,0.26,SPY220819P00310000,310.0,0,0.0,0.0,,0.0,normalDay
2022-07-20,5762.0,81.0,0.0,0,394.77,0.0,1,1.0,0.19,SPY220819P00310000,310.0,0,0.0,0.0,,0.0,normalDay
2022-07-21,5762.0,84.0,0.0,0,398.79,0.0,1,1.0,0.16,SPY220819P00310000,310.0,0,0.0,0.0,,0.0,normalDay
2022-07-22,5762.0,83.0,0.0,0,395.09,0.0,1,1.0,0.17,SPY220819P00310000,310.0,0,0.0,0.0,,0.0,normalDay
2022-07-25,5762.0,87.0,0.0,0,395.57,0.0,1,1.0,0.13,SPY220819P00310000,310.0,0,0.0,0.0,,0.0,normalDay
2022-07-26,5762.0,82.0,0.0,0,390.89,0.0,1,1.0,0.18,SPY220819P00310000,310.0,0,0.0,0.0,,0.0,normalDay
2022-07-27,5762.0,90.0,0.0,0,401.04,0.0,1,1.0,0.1,SPY220819P00310000,310.0,0,0.0,0.0,,0.0,normalDay
2022-07-28,5762.0,92.0,0.0,0,406.07,0.0,1,1.0,0.08,SPY220819P00310000,310.0,0,0.0,0.0,,0.0,normalDay
2022-07-29,5762.0,94.0,0.0,0,411.99,0.0,1,1.0,0.06,SPY220819P00310000,310.0,0,0.0,0.0,,0.0,normalDay
2022-08-01,5762.0,94.0,0.0,0,410.77,0.0,1,1.0,0.06,SPY220819P00310000,310.0,0,0.0,0.0,,0.0,normalDay
2022-08-02,5762.0,94.0,0.0,0,408.06,0.0,1,1.0,0.06,SPY220819P00310000,310.0,0,0.0,0.0,,0.0,normalDay
2022-08-03,5762.0,96.0,0.0,0,414.45,0.0,1,1.0,0.04,SPY220819P00310000,310.0,0,0.0,0.0,,0.0,normalDay
2022-08-04,5762.0,96.0,0.0,0,414.17,0.0,1,1.0,0.04,SPY220819P00310000,310.0,0,0.0,0.0,,0.0,normalDay
2022-08-05,5762.0,96.0,0.0,0,413.47,0.0,1,1.0,0.04,SPY220819P00310000,310.0,0,0.0,0.0,,0.0,normalDay
2022-08-08,5762.0,97.0,0.0,0,412.99,0.0,1,1.0,0.03,SPY220819P00310000,310.0,0,0.0,0.0,,0.0,normalDay
2022-08-09,5762.0,97.0,0.0,0,411.35,0.0,1,1.0,0.03,SPY220819P00310000,310.0,0,0.0,0.0,,0.0,normalDay
2022-08-10,5762.0,98.0,0.0,0,419.99,0.0,1,1.0,0.02,SPY220819P00310000,310.0,0,0.0,0.0,,0.0,normalDay
2022-08-11,5762.0,98.0,0.0,0,419.99,0.0,1,1.0,0.02,SPY220819P00310000,310.0,0,0.0,0.0,,0.0,normalDay
2022-08-12,5762.0,99.0,0.0,0,427.1,0.0,1,1.0,0.01,SPY220819P00310000,310.0,0,0.0,0.0,,0.0,normalDay
2022-08-15,5762.0,99.0,0.0,0,428.86,0.0,1,1.0,0.01,SPY220819P00310000,310.0,0,0.0,0.0,,0.0,normalDay
2022-08-16,5762.0,99.0,0.0,0,429.7,0.0,1,1.0,0.01,SPY220819P00310000,310.0,0,0.0,0.0,,0.0,normalDay
2022-08-17,5762.0,99.0,0.0,0,426.65,0.0,1,1.0,0.01,SPY220819P00310000,310.0,0,0.0,0.0,,0.0,normalDay
2022-08-18,5762.0,99.0,0.0,0,427.89,0.0,1,1.0,0.01,SPY220819P00310000,310.0,0,0.0,0.0,,0.0,normalDay
2022-08-19,5862.0,0.0,100.0,0,422.14,0.0,1,1.0,0.0,SPY220819P00310000,310.0,0,0.0,0.0,,0.0,expirationDay
2022-08-22,5862.0,-4.0,0.0,0,413.35,0.0,1,1.89,1.93,SPY220930P00366000,366.0,0,0.0,0.0,,0.0,normalDay
2022-08-23,5862.0,-7.0,0.0,0,412.35,0.0,1,1.89,1.96,SPY220930P00366000,366.0,0,0.0,0.0,,0.0,normalDay
2022-08-24,5862.0,33.0,0.0,0,413.67,0.0,1,1.89,1.56,SPY220930P00366000,366.0,0,0.0,0.0,,0.0,normalDay
2022-08-25,5862.0,81.0,0.0,0,419.51,0.0,1,1.89,1.08,SPY220930P00366000,366.0,0,0.0,0.0,,0.0,normalDay
2022-08-26,5862.0,-60.0,0.0,0,405.31,0.0,1,1.89,2.49,SPY220930P00366000,366.0,0,0.0,0.0,,0.0,normalDay
2022-08-29,5862.0,-67.0,0.0,0,402.63,0.0,1,1.89,2.56,SPY220930P00366000,366.0,0,0.0,0.0,,0.0,normalDay
2022-08-30,5862.0,-106.0,0.0,0,398.21,0.0,1,1.89,2.95,SPY220930P00366000,366.0,0,0.0,0.0,,0.0,normalDay
2022-08-31,5862.0,-120.0,0.0,0,395.18,0.0,1,1.89,3.09,SPY220930P00366000,366.0,0,0.0,0.0,,0.0,normalDay
2022-09-01,5862.0,-84.0,0.0,0,396.42,0.0,1,1.89,2.73,SPY220930P00366000,366.0,0,0.0,0.0,,0.0,normalDay
2022-09-02,5862.0,-120.0,0.0,0,392.24,0.0,1,1.89,3.09,SPY220930P00366000,366.0,0,0.0,0.0,,0.0,normalDay
2022-09-06,5862.0,-140.0,0.0,0,390.76,0.0,1,1.89,3.29,SPY220930P00366000,366.0,0,0.0,0.0,,0.0,normalDay
2022-09-07,5862.0,5.0,0.0,0,397.78,0.0,1,1.89,1.84,SPY220930P00366000,366.0,0,0.0,0.0,,0.0,normalDay
2022-09-08,5862.0,63.0,0.0,0,400.38,0.0,1,1.89,1.26,SPY220930P00366000,366.0,0,0.0,0.0,,0.0,normalDay
2022-09-09,5862.0,109.0,0.0,0,406.6,0.0,1,1.89,0.8,SPY220930P00366000,366.0,0,0.0,0.0,,0.0,normalDay
2022-09-12,5862.0,134.0,0.0,0,410.97,0.0,1,1.89,0.55,SPY220930P00366000,366.0,0,0.0,0.0,,0.0,normalDay
2022-09-13,5862.0,0.0,0.0,0,393.1,0.0,1,1.89,1.89,SPY220930P00366000,366.0,0,0.0,0.0,,0.0,normalDay
2022-09-14,5862.0,36.0,0.0,0,394.6,0.0,1,1.89,1.53,SPY220930P00366000,366.0,0,0.0,0.0,,0.0,normalDay
2022-09-15,5862.0,23.0,0.0,0,390.12,0.0,1,1.89,1.66,SPY220930P00366000,366.0,0,0.0,0.0,,0.0,normalDay
2022-09-16,5862.0,-5.0,0.0,0,385.56,0.0,1,1.89,1.94,SPY220930P00366000,366.0,0,0.0,0.0,,0.0,normalDay
2022-09-19,5862.0,66.0,0.0,0,388.55,0.0,1,1.89,1.23,SPY220930P00366000,366.0,0,0.0,0.0,,0.0,normalDay
2022-09-20,5862.0,-7.0,0.0,0,384.09,0.0,1,1.89,1.96,SPY220930P00366000,366.0,0,0.0,0.0,,0.0,normalDay
2022-09-21,5862.0,-109.0,0.0,0,377.39,0.0,1,1.89,2.98,SPY220930P00366000,366.0,0,0.0,0.0,,0.0,normalDay
2022-09-22,5862.0,-88.0,0.0,0,374.22,0.0,1,1.89,2.77,SPY220930P00366000,366.0,0,0.0,0.0,,0.0,normalDay
2022-09-23,5862.0,-333.0,0.0,0,367.95,0.0,1,1.89,5.22,SPY220930P00366000,366.0,0,0.0,0.0,,0.0,normalDay
2022-09-26,5862.0,-502.0,0.0,0,364.31,0.0,1,1.89,6.91,SPY220930P00366000,366.0,0,0.0,0.0,,0.0,normalDay
2022-09-27,5862.0,-438.0,0.0,0,363.38,0.0,1,1.89,6.27,SPY220930P00366000,366.0,0,0.0,0.0,,0.0,normalDay
2022-09-28,5862.0,-32.0,0.0,0,370.53,0.0,1,1.89,2.21,SPY220930P00366000,366.0,0,0.0,0.0,,0.0,normalDay
2022-09-29,5862.0,-287.0,0.0,0,362.79,0.0,1,1.89,4.76,SPY220930P00366000,366.0,0,0.0,0.0,,0.0,normalDay
2022-09-30,6051.0,-882.0,189.0,100,357.18,366.0,1,1.89,0.0,SPY220930P00366000,366.0,0,0.0,0.0,,0.0,expirationDay
2022-10-03,6051.0,61.0,0.0,100,366.61,366.0,0,0.0,0.0,,0.0,0,0.0,0.0,,0.0,bidTooLow
2022-10-04,6051.0,1194.0,0.0,100,377.97,366.0,0,0.0,0.0,,0.0,1,0.03,0.06,SPY221010C00405000,405.0,normalDay
2022-10-05,6051.0,1110.0,0.0,100,377.09,366.0,0,0.0,0.0,,0.0,1,0.03,0.02,SPY221010C00405000,405.0,normalDay
2022-10-06,6051.0,722.0,0.0,100,373.2,366.0,0,0.0,0.0,,0.0,1,0.03,0.01,SPY221010C00405000,405.0,normalDay
2022-10-07,6051.0,-319.0,0.0,100,362.79,366.0,0,0.0,0.0,,0.0,1,0.03,0.01,SPY221010C00405000,405.0,normalDay
2022-10-10,6054.0,-598.0,3.0,100,360.02,366.0,0,0.0,0.0,,0.0,1,0.03,0.0,SPY221010C00405000,405.0,expirationDay
2022-10-11,6054.0,-829.0,0.0,100,357.74,366.0,0,0.0,0.0,,0.0,1,0.05,0.08,SPY221017C00390000,390.0,normalDay
2022-10-12,6054.0,-944.0,0.0,100,356.56,366.0,0,0.0,0.0,,0.0,1,0.05,0.05,SPY221017C00390000,390.0,normalDay
2022-10-13,6054.0,-3.0,0.0,100,365.97,366.0,0,0.0,0.0,,0.0,1,0.05,0.05,SPY221017C00390000,390.0,normalDay
2022-10-14,6054.0,-833.0,0.0,100,357.63,366.0,0,0.0,0.0,,0.0,1,0.05,0.01,SPY221017C00390000,390.0,normalDay
2022-10-17,6059.0,82.0,5.0,100,366.82,366.0,0,0.0,0.0,,0.0,1,0.05,0.0,SPY221017C00390000,390.0,expirationDay
2022-10-18,6059.0,508.0,0.0,100,371.13,366.0,0,0.0,0.0,,0.0,1,2.89,2.94,SPY221024C00377000,377.0,normalDay
2022-10-19,6059.0,417.0,0.0,100,368.5,366.0,0,0.0,0.0,,0.0,1,2.89,1.22,SPY221024C00377000,377.0,normalDay
2022-10-20,6059.0,200.0,0.0,100,365.41,366.0,0,0.0,0.0,,0.0,1,2.89,0.3,SPY221024C00377000,377.0,normalDay
2022-10-21,6059.0,977.0,0.0,100,374.29,366.0,0,0.0,0.0,,0.0,1,2.89,1.41,SPY221024C00377000,377.0,normalDay
2022-10-24,7448.0,977.0,1389.0,0,378.87,0.0,0,0.0,0.0,,0.0,1,2.89,0.0,SPY221024C00377000,377.0,expirationDay
2022-10-25,7448.0,-4.0,0.0,0,384.92,0.0,1,2.22,2.26,SPY221216P00328000,328.0,0,0.0,0.0,,0.0,normalDay
2022-10-26,7448.0,20.0,0.0,0,382.02,0.0,1,2.22,2.02,SPY221216P00328000,328.0,0,0.0,0.0,,0.0,normalDay
2022-10-27,7448.0,-16.0,0.0,0,379.98,0.0,1,2.22,2.38,SPY221216P00328000,328.0,0,0.0,0.0,,0.0,normalDay
2022-10-28,7448.0,85.0,0.0,0,389.02,0.0,1,2.22,1.37,SPY221216P00328000,328.0,0,0.0,0.0,,0.0,normalDay
2022-10-31,7448.0,89.0,0.0,0,386.21,0.0,1,2.22,1.33,SPY221216P00328000,328.0,0,0.0,0.0,,0.0,normalDay
2022-11-01,7448.0,89.0,0.0,0,384.52,0.0,1,2.22,1.33,SPY221216P00328000,328.0,0,0.0,0.0,,0.0,normalDay
2022-11-02,7448.0,37.0,0.0,0,374.87,0.0,1,2.22,1.85,SPY221216P00328000,328.0,0,0.0,0.0,,0.0,normalDay
2022-11-03,7448.0,42.0,0.0,0,371.01,0.0,1,2.22,1.8,SPY221216P00328000,328.0,0,0.0,0.0,,0.0,normalDay
2022-11-04,7448.0,83.0,0.0,0,376.35,0.0,1,2.22,1.39,SPY221216P00328000,328.0,0,0.0,0.0,,0.0,normalDay
2022-11-07,7448.0,120.0,0.0,0,379.95,0.0,1,2.22,1.02,SPY221216P00328000,328.0,0,0.0,0.0,,0.0,normalDay
2022-11-08,7448.0,104.0,0.0,0,382.0,0.0,1,2.22,1.18,SPY221216P00328000,328.0,0,0.0,0.0,,0.0,normalDay
2022-11-09,7448.0,69.0,0.0,0,374.13,0.0,1,2.22,1.53,SPY221216P00328000,328.0,0,0.0,0.0,,0.0,normalDay
2022-11-10,7448.0,172.0,0.0,0,394.69,0.0,1,2.22,0.5,SPY221216P00328000,328.0,0,0.0,0.0,,0.0,normalDay
2022-11-11,7448.0,177.0,0.0,0,398.51,0.0,1,2.22,0.45,SPY221216P00328000,328.0,0,0.0,0.0,,0.0,normalDay
2022-11-14,7448.0,176.0,0.0,0,395.12,0.0,1,2.22,0.46,SPY221216P00328000,328.0,0,0.0,0.0,,0.0,normalDay
2022-11-15,7448.0,179.0,0.0,0,398.49,0.0,1,2.22,0.43,SPY221216P00328000,328.0,0,0.0,0.0,,0.0,normalDay
2022-11-16,7448.0,180.0,0.0,0,395.45,0.0,1,2.22,0.42,SPY221216P00328000,328.0,0,0.0,0.0,,0.0,normalDay
2022-11-17,7448.0,184.0,0.0,0,394.24,0.0,1,2.22,0.38,SPY221216P00328000,328.0,0,0.0,0.0,,0.0,normalDay
2022-11-18,7448.0,191.0,0.0,0,396.03,0.0,1,2.22,0.31,SPY221216P00328000,328.0,0,0.0,0.0,,0.0,normalDay
2022-11-21,7448.0,200.0,0.0,0,394.59,0.0,1,2.22,0.22,SPY221216P00328000,328.0,0,0.0,0.0,,0.0,normalDay
2022-11-22,7448.0,205.0,0.0,0,399.9,0.0,1,2.22,0.17,SPY221216P00328000,328.0,0,0.0,0.0,,0.0,normalDay
2022-11-23,7448.0,208.0,0.0,0,402.42,0.0,1,2.22,0.14,SPY221216P00328000,328.0,0,0.0,0.0,,0.0,normalDay
2022-11-25,7448.0,208.0,0.0,0,402.33,0.0,1,2.22,0.14,SPY221216P00328000,328.0,0,0.0,0.0,,0.0,normalDay
2022-11-28,7448.0,207.0,0.0,0,395.91,0.0,1,2.22,0.15,SPY221216P00328000,328.0,0,0.0,0.0,,0.0,normalDay
2022-11-29,7448.0,207.0,0.0,0,395.23,0.0,1,2.22,0.15,SPY221216P00328000,328.0,0,0.0,0.0,,0.0,normalDay
2022-11-30,7448.0,214.0,0.0,0,407.68,0.0,1,2.22,0.08,SPY221216P00328000,328.0,0,0.0,0.0,,0.0,normalDay
2022-12-01,7448.0,215.0,0.0,0,407.38,0.0,1,2.22,0.07,SPY221216P00328000,328.0,0,0.0,0.0,,0.0,normalDay
2022-12-02,7448.0,216.0,0.0,0,406.91,0.0,1,2.22,0.06,SPY221216P00328000,328.0,0,0.0,0.0,,0.0,normalDay
2022-12-05,7448.0,216.0,0.0,0,399.59,0.0,1,2.22,0.06,SPY221216P00328000,328.0,0,0.0,0.0,,0.0,normalDay
2022-12-06,7448.0,212.0,0.0,0,393.83,0.0,1,2.22,0.1,SPY221216P00328000,328.0,0,0.0,0.0,,0.0,normalDay
2022-12-07,7448.0,213.0,0.0,0,393.16,0.0,1,2.22,0.09,SPY221216P00328000,328.0,0,0.0,0.0,,0.0,normalDay
2022-12-08,7448.0,216.0,0.0,0,396.24,0.0,1,2.22,0.06,SPY221216P00328000,328.0,0,0.0,0.0,,0.0,normalDay
2022-12-09,7448.0,215.0,0.0,0,393.28,0.0,1,2.22,0.07,SPY221216P00328000,328.0,0,0.0,0.0,,0.0,normalDay
2022-12-12,7448.0,217.0,0.0,0,398.95,0.0,1,2.22,0.05,SPY221216P00328000,328.0,0,0.0,0.0,,0.0,normalDay
2022-12-13,7448.0,219.0,0.0,0,401.97,0.0,1,2.22,0.03,SPY221216P00328000,328.0,0,0.0,0.0,,0.0,normalDay
2022-12-14,7448.0,220.0,0.0,0,399.4,0.0,1,2.22,0.02,SPY221216P00328000,328.0,0,0.0,0.0,,0.0,normalDay
2022-12-15,7448.0,221.0,0.0,0,389.63,0.0,1,2.22,0.01,SPY221216P00328000,328.0,0,0.0,0.0,,0.0,normalDay
2022-12-16,7670.0,0.0,222.0,0,383.27,0.0,1,2.22,0.0,SPY221216P00328000,328.0,0,0.0,0.0,,0.0,expirationDay
2022-12-19,7670.0,-4.0,0.0,0,380.02,0.0,1,3.99,4.03,SPY230127P00362000,362.0,0,0.0,0.0,,0.0,normalDay
2022-12-20,7670.0,47.0,0.0,0,380.54,0.0,1,3.99,3.52,SPY230127P00362000,362.0,0,0.0,0.0,,0.0,normalDay
2022-12-21,7670.0,176.0,0.0,0,386.23,0.0,1,3.99,2.23,SPY230127P00362000,362.0,0,0.0,0.0,,0.0,normalDay
2022-12-22,7670.0,49.0,0.0,0,380.72,0.0,1,3.99,3.5,SPY230127P00362000,362.0,0,0.0,0.0,,0.0,normalDay
2022-12-23,7670.0,114.0,0.0,0,382.91,0.0,1,3.99,2.85,SPY230127P00362000,362.0,0,0.0,0.0,,0.0,normalDay
2022-12-27,7670.0,118.0,0.0,0,381.4,0.0,1,3.99,2.81,SPY230127P00362000,362.0,0,0.0,0.0,,0.0,normalDay
2022-12-28,7670.0,27.0,0.0,0,376.66,0.0,1,3.99,3.72,SPY230127P00362000,362.0,0,0.0,0.0,,0.0,normalDay
2022-12-29,7670.0,175.0,0.0,0,383.44,0.0,1,3.99,2.24,SPY230127P00362000,362.0,0,0.0,0.0,,0.0,normalDay
2022-12-30,7670.0,174.0,0.0,0,382.43,0.0,1,3.99,2.25,SPY230127P00362000,362.0,0,0.0,0.0,,0.0,normalDay
2023-01-03,7670.0,163.0,0.0,0,380.82,0.0,1,3.99,2.36,SPY230127P00362000,362.0,0,0.0,0.0,,0.0,normalDay
2023-01-04,7670.0,248.0,0.0,0,383.76,0.0,1,3.99,1.51,SPY230127P00362000,362.0,0,0.0,0.0,,0.0,normalDay
2023-01-05,7670.0,183.0,0.0,0,379.38,0.0,1,3.99,2.16,SPY230127P00362000,362.0,0,0.0,0.0,,0.0,normalDay
2023-01-06,7670.0,317.0,0.0,0,388.08,0.0,1,3.99,0.82,SPY230127P00362000,362.0,0,0.0,0.0,,0.0,normalDay
2023-01-09,7670.0,318.0,0.0,0,387.86,0.0,1,3.99,0.81,SPY230127P00362000,362.0,0,0.0,0.0,,0.0,normalDay
2023-01-10,7670.0,354.0,0.0,0,390.58,0.0,1,3.99,0.45,SPY230127P00362000,362.0,0,0.0,0.0,,0.0,normalDay
2023-01-11,7670.0,365.0,0.0,0,395.52,0.0,1,3.99,0.34,SPY230127P00362000,362.0,0,0.0,0.0,,0.0,normalDay
2023-01-12,7670.0,382.0,0.0,0,396.96,0.0,1,3.99,0.17,SPY230127P00362000,362.0,0,0.0,0.0,,0.0,normalDay
2023-01-13,7670.0,384.0,0.0,0,398.5,0.0,1,3.99,0.15,SPY230127P00362000,362.0,0,0.0,0.0,,0.0,normalDay
2023-01-17,7670.0,390.0,0.0,0,397.77,0.0,1,3.99,0.09,SPY230127P00362000,362.0,0,0.0,0.0,,0.0,normalDay
2023-01-18,7670.0,390.0,0.0,0,391.49,0.0,1,3.99,0.09,SPY230127P00362000,362.0,0,0.0,0.0,,0.0,normalDay
2023-01-19,7670.0,390.0,0.0,0,388.64,0.0,1,3.99,0.09,SPY230127P00362000,362.0,0,0.0,0.0,,0.0,normalDay
2023-01-20,7670.0,394.0,0.0,0,395.88,0.0,1,3.99,0.05,SPY230127P00362000,362.0,0,0.0,0.0,,0.0,normalDay
2023-01-23,7670.0,396.0,0.0,0,400.63,0.0,1,3.99,0.03,SPY230127P00362000,362.0,0,0.0,0.0,,0.0,normalDay
2023-01-24,7670.0,397.0,0.0,0,400.2,0.0,1,3.99,0.02,SPY230127P00362000,362.0,0,0.0,0.0,,0.0,normalDay
2023-01-25,7670.0,397.0,0.0,0,400.35,0.0,1,3.99,0.02,SPY230127P00362000,362.0,0,0.0,0.0,,0.0,normalDay
2023-01-26,7670.0,398.0,0.0,0,404.75,0.0,1,3.99,0.01,SPY230127P00362000,362.0,0,0.0,0.0,,0.0,normalDay
2023-01-27,8069.0,0.0,399.0,0,405.68,0.0,1,3.99,0.0,SPY230127P00362000,362.0,0,0.0,0.0,,0.0,expirationDay
2023-01-30,8069.0,-3.0,0.0,0,400.59,0.0,1,1.31,1.34,SPY230317P00354000,354.0,0,0.0,0.0,,0.0,normalDay
2023-01-31,8069.0,27.0,0.0,0,406.48,0.0,1,1.31,1.04,SPY230317P00354000,354.0,0,0.0,0.0,,0.0,normalDay
2023-02-01,8069.0,57.0,0.0,0,410.8,0.0,1,1.31,0.74,SPY230317P00354000,354.0,0,0.0,0.0,,0.0,normalDay
2023-02-02,8069.0,51.0,0.0,0,416.78,0.0,1,1.31,0.8,SPY230317P00354000,354.0,0,0.0,0.0,,0.0,normalDay
2023-02-03,8069.0,58.0,0.0,0,412.35,0.0,1,1.31,0.73,SPY230317P00354000,354.0,0,0.0,0.0,,0.0,normalDay
2023-02-06,8069.0,55.0,0.0,0,409.83,0.0,1,1.31,0.76,SPY230317P00354000,354.0,0,0.0,0.0,,0.0,normalDay
2023-02-07,8069.0,75.0,0.0,0,415.19,0.0,1,1.31,0.56,SPY230317P00354000,354.0,0,0.0,0.0,,0.0,normalDay
2023-02-08,8069.0,62.0,0.0,0,410.65,0.0,1,1.31,0.69,SPY230317P00354000,354.0,0,0.0,0.0,,0.0,normalDay
2023-02-09,8069.0,51.0,0.0,0,407.09,0.0,1,1.31,0.8,SPY230317P00354000,354.0,0,0.0,0.0,,0.0,normalDay
2023-02-10,8069.0,61.0,0.0,0,408.04,0.0,1,1.31,0.7,SPY230317P00354000,354.0,0,0.0,0.0,,0.0,normalDay
2023-02-13,8069.0,84.0,0.0,0,412.83,0.0,1,1.31,0.47,SPY230317P00354000,354.0,0,0.0,0.0,,0.0,normalDay
2023-02-14,8069.0,95.0,0.0,0,412.64,0.0,1,1.31,0.36,SPY230317P00354000,354.0,0,0.0,0.0,,0.0,normalDay
2023-02-15,8069.0,101.0,0.0,0,413.98,0.0,1,1.31,0.3,SPY230317P00354000,354.0,0,0.0,0.0,,0.0,normalDay
2023-02-16,8069.0,79.0,0.0,0,408.28,0.0,1,1.31,0.52,SPY230317P00354000,354.0,0,0.0,0.0,,0.0,normalDay
2023-02-17,8069.0,86.0,0.0,0,407.26,0.0,1,1.31,0.45,SPY230317P00354000,354.0,0,0.0,0.0,,0.0,normalDay
2023-02-21,8069.0,66.0,0.0,0,399.09,0.0,1,1.31,0.65,SPY230317P00354000,354.0,0,0.0,0.0,,0.0,normalDay
2023-02-22,8069.0,76.0,0.0,0,398.54,0.0,1,1.31,0.55,SPY230317P00354000,354.0,0,0.0,0.0,,0.0,normalDay
2023-02-23,8069.0,93.0,0.0,0,400.66,0.0,1,1.31,0.38,SPY230317P00354000,354.0,0,0.0,0.0,,0.0,normalDay
2023-02-24,8069.0,89.0,0.0,0,396.38,0.0,1,1.31,0.42,SPY230317P00354000,354.0,0,0.0,0.0,,0.0,normalDay
2023-02-27,8069.0,106.0,0.0,0,397.73,0.0,1,1.31,0.25,SPY230317P00354000,354.0,0,0.0,0.0,,0.0,normalDay
2023-02-28,8069.0,107.0,0.0,0,396.26,0.0,1,1.31,0.24,SPY230317P00354000,354.0,0,0.0,0.0,,0.0,normalDay
2023-03-01,8069.0,111.0,0.0,0,394.74,0.0,1,1.31,0.2,SPY230317P00354000,354.0,0,0.0,0.0,,0.0,normalDay
2023-03-02,8069.0,119.0,0.0,0,397.81,0.0,1,1.31,0.12,SPY230317P00354000,354.0,0,0.0,0.0,,0.0,normalDay
2023-03-03,8069.0,122.0,0.0,0,404.19,0.0,1,1.31,0.09,SPY230317P00354000,354.0,0,0.0,0.0,,0.0,normalDay
2023-03-06,8069.0,124.0,0.0,0,404.47,0.0,1,1.31,0.07,SPY230317P00354000,354.0,0,0.0,0.0,,0.0,normalDay
2023-03-07,8069.0,121.0,0.0,0,398.27,0.0,1,1.31,0.1,SPY230317P00354000,354.0,0,0.0,0.0,,0.0,normalDay
2023-03-08,8069.0,124.0,0.0,0,398.92,0.0,1,1.31,0.07,SPY230317P00354000,354.0,0,0.0,0.0,,0.0,normalDay
2023-03-09,8069.0,111.0,0.0,0,391.56,0.0,1,1.31,0.2,SPY230317P00354000,354.0,0,0.0,0.0,,0.0,normalDay
2023-03-10,8069.0,104.0,0.0,0,385.91,0.0,1,1.31,0.27,SPY230317P00354000,354.0,0,0.0,0.0,,0.0,normalDay
2023-03-13,8069.0,110.0,0.0,0,385.36,0.0,1,1.31,0.21,SPY230317P00354000,354.0,0,0.0,0.0,,0.0,normalDay
2023-03-14,8069.0,125.0,0.0,0,391.73,0.0,1,1.31,0.06,SPY230317P00354000,354.0,0,0.0,0.0,,0.0,normalDay
2023-03-15,8069.0,127.0,0.0,0,389.28,0.0,1,1.31,0.04,SPY230317P00354000,354.0,0,0.0,0.0,,0.0,normalDay
2023-03-16,8069.0,129.0,0.0,0,396.11,0.0,1,1.31,0.02,SPY230317P00354000,354.0,0,0.0,0.0,,0.0,normalDay
2023-03-17,8200.0,0.0,131.0,0,389.99,0.0,1,1.31,0.0,SPY230317P00354000,354.0,0,0.0,0.0,,0.0,expirationDay
2023-03-20,8200.0,-7.0,0.0,0,393.74,0.0,1,3.93,4.0,SPY230428P00370000,370.0,0,0.0,0.0,,0.0,normalDay
2023-03-21,8200.0,145.0,0.0,0,398.91,0.0,1,3.93,2.48,SPY230428P00370000,370.0,0,0.0,0.0,,0.0,normalDay
2023-03-22,8200.0,38.0,0.0,0,392.11,0.0,1,3.93,3.55,SPY230428P00370000,370.0,0,0.0,0.0,,0.0,normalDay
2023-03-23,8200.0,46.0,0.0,0,393.17,0.0,1,3.93,3.47,SPY230428P00370000,370.0,0,0.0,0.0,,0.0,normalDay
2023-03-24,8200.0,113.0,0.0,0,395.75,0.0,1,3.93,2.8,SPY230428P00370000,370.0,0,0.0,0.0,,0.0,normalDay
2023-03-27,8200.0,187.0,0.0,0,396.49,0.0,1,3.93,2.06,SPY230428P00370000,370.0,0,0.0,0.0,,0.0,normalDay
2023-03-28,8200.0,211.0,0.0,0,395.6,0.0,1,3.93,1.82,SPY230428P00370000,370.0,0,0.0,0.0,,0.0,normalDay
2023-03-29,8200.0,270.0,0.0,0,401.35,0.0,1,3.93,1.23,SPY230428P00370000,370.0,0,0.0,0.0,,0.0,normalDay
2023-03-30,8200.0,288.0,0.0,0,403.7,0.0,1,3.93,1.05,SPY230428P00370000,370.0,0,0.0,0.0,,0.0,normalDay
2023-03-31,8200.0,323.0,0.0,0,409.39,0.0,1,3.93,0.7,SPY230428P00370000,370.0,0,0.0,0.0,,0.0,normalDay
2023-04-03,8200.0,345.0,0.0,0,410.95,0.0,1,3.93,0.48,SPY230428P00370000,370.0,0,0.0,0.0,,0.0,normalDay
2023-04-04,8200.0,342.0,0.0,0,408.67,0.0,1,3.93,0.51,SPY230428P00370000,370.0,0,0.0,0.0,,0.0,normalDay
2023-04-05,8200.0,346.0,0.0,0,407.6,0.0,1,3.93,0.47,SPY230428P00370000,370.0,0,0.0,0.0,,0.0,normalDay
2023-04-06,8200.0,359.0,0.0,0,409.19,0.0,1,3.93,0.34,SPY230428P00370000,370.0,0,0.0,0.0,,0.0,normalDay
2023-04-10,8200.0,367.0,0.0,0,409.61,0.0,1,3.93,0.26,SPY230428P00370000,370.0,0,0.0,0.0,,0.0,normalDay
2023-04-11,8200.0,367.0,0.0,0,409.72,0.0,1,3.93,0.26,SPY230428P00370000,370.0,0,0.0,0.0,,0.0,normalDay
2023-04-12,8200.0,368.0,0.0,0,408.05,0.0,1,3.93,0.25,SPY230428P00370000,370.0,0,0.0,0.0,,0.0,normalDay
2023-04-13,8200.0,379.0,0.0,0,413.47,0.0,1,3.93,0.14,SPY230428P00370000,370.0,0,0.0,0.0,,0.0,normalDay
2023-04-14,8200.0,382.0,0.0,0,412.46,0.0,1,3.93,0.11,SPY230428P00370000,370.0,0,0.0,0.0,,0.0,normalDay
2023-04-17,8200.0,385.0,0.0,0,413.94,0.0,1,3.93,0.08,SPY230428P00370000,370.0,0,0.0,0.0,,0.0,normalDay
2023-04-18,8200.0,386.0,0.0,0,414.21,0.0,1,3.93,0.07,SPY230428P00370000,370.0,0,0.0,0.0,,0.0,normalDay
2023-04-19,8200.0,387.0,0.0,0,414.14,0.0,1,3.93,0.06,SPY230428P00370000,370.0,0,0.0,0.0,,0.0,normalDay
2023-04-20,8200.0,388.0,0.0,0,411.88,0.0,1,3.93,0.05,SPY230428P00370000,370.0,0,0.0,0.0,,0.0,normalDay
2023-04-21,8200.0,389.0,0.0,0,412.2,0.0,1,3.93,0.04,SPY230428P00370000,370.0,0,0.0,0.0,,0.0,normalDay
2023-04-24,8200.0,391.0,0.0,0,412.63,0.0,1,3.93,0.02,SPY230428P00370000,370.0,0,0.0,0.0,,0.0,normalDay
2023-04-25,8200.0,390.0,0.0,0,406.08,0.0,1,3.93,0.03,SPY230428P00370000,370.0,0,0.0,0.0,,0.0,normalDay
2023-04-26,8200.0,390.0,0.0,0,404.36,0.0,1,3.93,0.03,SPY230428P00370000,370.0,0,0.0,0.0,,0.0,normalDay
2023-04-27,8200.0,392.0,0.0,0,412.41,0.0,1,3.93,0.01,SPY230428P00370000,370.0,0,0.0,0.0,,0.0,normalDay
2023-04-28,8593.0,0.0,393.0,0,415.93,0.0,1,3.93,0.0,SPY230428P00370000,370.0,0,0.0,0.0,,0.0,expirationDay
2023-05-01,8593.0,-3.0,0.0,0,415.51,0.0,1,3.43,3.46,SPY230616P00396000,396.0,0,0.0,0.0,,0.0,normalDay
2023-05-02,8593.0,-142.0,0.0,0,410.84,0.0,1,3.43,4.85,SPY230616P00396000,396.0,0,0.0,0.0,,0.0,normalDay
2023-05-03,8593.0,-203.0,0.0,0,408.02,0.0,1,3.43,5.46,SPY230616P00396000,396.0,0,0.0,0.0,,0.0,normalDay
2023-05-04,8593.0,-353.0,0.0,0,405.13,0.0,1,3.43,6.96,SPY230616P00396000,396.0,0,0.0,0.0,,0.0,normalDay
2023-05-05,8593.0,-83.0,0.0,0,412.63,0.0,1,3.43,4.26,SPY230616P00396000,396.0,0,0.0,0.0,,0.0,normalDay
2023-05-08,8593.0,-46.0,0.0,0,412.74,0.0,1,3.43,3.89,SPY230616P00396000,396.0,0,0.0,0.0,,0.0,normalDay
2023-05-09,8593.0,-83.0,0.0,0,410.93,0.0,1,3.43,4.26,SPY230616P00396000,396.0,0,0.0,0.0,,0.0,normalDay
2023-05-10,8593.0,-10.0,0.0,0,412.85,0.0,1,3.43,3.53,SPY230616P00396000,396.0,0,0.0,0.0,,0.0,normalDay
2023-05-11,8593.0,-12.0,0.0,0,412.13,0.0,1,3.43,3.55,SPY230616P00396000,396.0,0,0.0,0.0,,0.0,normalDay
2023-05-12,8593.0,-13.0,0.0,0,411.59,0.0,1,3.43,3.56,SPY230616P00396000,396.0,0,0.0,0.0,,0.0,normalDay
2023-05-15,8593.0,49.0,0.0,0,413.01,0.0,1,3.43,2.94,SPY230616P00396000,396.0,0,0.0,0.0,,0.0,normalDay
2023-05-16,8593.0,-8.0,0.0,0,410.25,0.0,1,3.43,3.51,SPY230616P00396000,396.0,0,0.0,0.0,,0.0,normalDay
2023-05-17,8593.0,107.0,0.0,0,415.23,0.0,1,3.43,2.36,SPY230616P00396000,396.0,0,0.0,0.0,,0.0,normalDay
2023-05-18,8593.0,178.0,0.0,0,419.23,0.0,1,3.43,1.65,SPY230616P00396000,396.0,0,0.0,0.0,,0.0,normalDay
2023-05-19,8593.0,158.0,0.0,0,418.62,0.0,1,3.43,1.85,SPY230616P00396000,396.0,0,0.0,0.0,,0.0,normalDay
2023-05-22,8593.0,166.0,0.0,0,418.79,0.0,1,3.43,1.77,SPY230616P00396000,396.0,0,0.0,0.0,,0.0,normalDay
2023-05-23,8593.0,91.0,0.0,0,414.09,0.0,1,3.43,2.52,SPY230616P00396000,396.0,0,0.0,0.0,,0.0,normalDay
2023-05-24,8593.0,20.0,0.0,0,411.09,0.0,1,3.43,3.23,SPY230616P00396000,396.0,0,0.0,0.0,,0.0,normalDay
2023-05-25,8593.0,108.0,0.0,0,414.65,0.0,1,3.43,2.35,SPY230616P00396000,396.0,0,0.0,0.0,,0.0,normalDay
2023-05-26,8593.0,196.0,0.0,0,420.02,0.0,1,3.43,1.47,SPY230616P00396000,396.0,0,0.0,0.0,,0.0,normalDay
2023-05-30,8593.0,241.0,0.0,0,420.18,0.0,1,3.43,1.02,SPY230616P00396000,396.0,0,0.0,0.0,,0.0,normalDay
2023-05-31,8593.0,235.0,0.0,0,417.85,0.0,1,3.43,1.08,SPY230616P00396000,396.0,0,0.0,0.0,,0.0,normalDay
2023-06-01,8593.0,288.0,0.0,0,421.82,0.0,1,3.43,0.55,SPY230616P00396000,396.0,0,0.0,0.0,,0.0,normalDay
2023-06-02,8593.0,317.0,0.0,0,427.92,0.0,1,3.43,0.26,SPY230616P00396000,396.0,0,0.0,0.0,,0.0,normalDay
2023-06-05,8593.0,322.0,0.0,0,427.1,0.0,1,3.43,0.21,SPY230616P00396000,396.0,0,0.0,0.0,,0.0,normalDay
2023-06-06,8593.0,325.0,0.0,0,428.03,0.0,1,3.43,0.18,SPY230616P00396000,396.0,0,0.0,0.0,,0.0,normalDay
2023-06-07,8593.0,326.0,0.0,0,426.55,0.0,1,3.43,0.17,SPY230616P00396000,396.0,0,0.0,0.0,,0.0,normalDay
2023-06-08,8593.0,328.0,0.0,0,429.13,0.0,1,3.43,0.15,SPY230616P00396000,396.0,0,0.0,0.0,,0.0,normalDay
2023-06-09,8593.0,333.0,0.0,0,429.9,0.0,1,3.43,0.1,SPY230616P00396000,396.0,0,0.0,0.0,,0.0,normalDay
2023-06-12,8593.0,334.0,0.0,0,433.8,0.0,1,3.43,0.09,SPY230616P00396000,396.0,0,0.0,0.0,,0.0,normalDay
2023-06-13,8593.0,336.0,0.0,0,436.66,0.0,1,3.43,0.07,SPY230616P00396000,396.0,0,0.0,0.0,,0.0,normalDay
2023-06-14,8593.0,339.0,0.0,0,437.18,0.0,1,3.43,0.04,SPY230616P00396000,396.0,0,0.0,0.0,,0.0,normalDay
2023-06-15,8593.0,340.0,0.0,0,442.6,0.0,1,3.43,0.03,SPY230616P00396000,396.0,0,0.0,0.0,,0.0,normalDay
2023-06-16,8936.0,0.0,343.0,0,439.46,0.0,1,3.43,0.0,SPY230616P00396000,396.0,0,0.0,0.0,,0.0,expirationDay
2023-06-20,8936.0,-3.0,0.0,0,437.18,0.0,1,0.38,0.41,SPY230728P00380000,380.0,0,0.0,0.0,,0.0,normalDay
2023-06-21,8936.0,0.0,0.0,0,434.94,0.0,1,0.38,0.38,SPY230728P00380000,380.0,0,0.0,0.0,,0.0,normalDay
2023-06-22,8936.0,7.0,0.0,0,436.51,0.0,1,0.38,0.31,SPY230728P00380000,380.0,0,0.0,0.0,,0.0,normalDay
2023-06-23,8936.0,1.0,0.0,0,433.21,0.0,1,0.38,0.37,SPY230728P00380000,380.0,0,0.0,0.0,,0.0,normalDay
2023-06-26,8936.0,-1.0,0.0,0,431.44,0.0,1,0.38,0.39,SPY230728P00380000,380.0,0,0.0,0.0,,0.0,normalDay
2023-06-27,8936.0,9.0,0.0,0,436.17,0.0,1,0.38,0.29,SPY230728P00380000,380.0,0,0.0,0.0,,0.0,normalDay
2023-06-28,8936.0,14.0,0.0,0,436.39,0.0,1,0.38,0.24,SPY230728P00380000,380.0,0,0.0,0.0,,0.0,normalDay
2023-06-29,8936.0,15.0,0.0,0,438.11,0.0,1,0.38,0.23,SPY230728P00380000,380.0,0,0.0,0.0,,0.0,normalDay
2023-06-30,8936.0,17.0,0.0,0,443.28,0.0,1,0.38,0.21,SPY230728P00380000,380.0,0,0.0,0.0,,0.0,normalDay
2023-07-03,8936.0,21.0,0.0,0,443.79,0.0,1,0.38,0.17,SPY230728P00380000,380.0,0,0.0,0.0,,0.0,normalDay
2023-07-05,8936.0,21.0,0.0,0,443.13,0.0,1,0.38,0.17,SPY230728P00380000,380.0,0,0.0,0.0,,0.0,normalDay
2023-07-06,8936.0,17.0,0.0,0,439.66,0.0,1,0.38,0.21,SPY230728P00380000,380.0,0,0.0,0.0,,0.0,normalDay
2023-07-07,8936.0,20.0,0.0,0,438.55,0.0,1,0.38,0.18,SPY230728P00380000,380.0,0,0.0,0.0,,0.0,normalDay
2023-07-10,8936.0,23.0,0.0,0,439.66,0.0,1,0.38,0.15,SPY230728P00380000,380.0,0,0.0,0.0,,0.0,normalDay
2023-07-11,8936.0,25.0,0.0,0,442.46,0.0,1,0.38,0.13,SPY230728P00380000,380.0,0,0.0,0.0,,0.0,normalDay
2023-07-12,8936.0,28.0,0.0,0,446.02,0.0,1,0.38,0.1,SPY230728P00380000,380.0,0,0.0,0.0,,0.0,normalDay
2023-07-13,8936.0,29.0,0.0,0,449.56,0.0,1,0.38,0.09,SPY230728P00380000,380.0,0,0.0,0.0,,0.0,normalDay
2023-07-14,8936.0,30.0,0.0,0,449.28,0.0,1,0.38,0.08,SPY230728P00380000,380.0,0,0.0,0.0,,0.0,normalDay
2023-07-17,8936.0,32.0,0.0,0,450.84,0.0,1,0.38,0.06,SPY230728P00380000,380.0,0,0.0,0.0,,0.0,normalDay
2023-07-18,8936.0,33.0,0.0,0,454.19,0.0,1,0.38,0.05,SPY230728P00380000,380.0,0,0.0,0.0,,0.0,normalDay
2023-07-19,8936.0,34.0,0.0,0,455.2,0.0,1,0.38,0.04,SPY230728P00380000,380.0,0,0.0,0.0,,0.0,normalDay
2023-07-20,8936.0,34.0,0.0,0,452.18,0.0,1,0.38,0.04,SPY230728P00380000,380.0,0,0.0,0.0,,0.0,normalDay
2023-07-21,8936.0,36.0,0.0,0,452.18,0.0,1,0.38,0.02,SPY230728P00380000,380.0,0,0.0,0.0,,0.0,normalDay
2023-07-24,8936.0,36.0,0.0,0,454.2,0.0,1,0.38,0.02,SPY230728P00380000,380.0,0,0.0,0.0,,0.0,normalDay
2023-07-25,8936.0,37.0,0.0,0,455.44,0.0,1,0.38,0.01,SPY230728P00380000,380.0,0,0.0,0.0,,0.0,normalDay
2023-07-26,8936.0,37.0,0.0,0,455.51,0.0,1,0.38,0.01,SPY230728P00380000,380.0,0,0.0,0.0,,0.0,normalDay
2023-07-27,8936.0,37.0,0.0,0,452.49,0.0,1,0.38,0.01,SPY230728P00380000,380.0,0,0.0,0.0,,0.0,normalDay
2023-07-28,8974.0,0.0,38.0,0,456.92,0.0,1,0.38,0.0,SPY230728P00380000,380.0,0,0.0,0.0,,0.0,expirationDay
2023-07-31,8974.0,-3.0,0.0,0,457.79,0.0,1,1.06,1.09,SPY230915P00419000,419.0,0,0.0,0.0,,0.0,normalDay
2023-08-01,8974.0,-10.0,0.0,0,456.48,0.0,1,1.06,1.16,SPY230915P00419000,419.0,0,0.0,0.0,,0.0,normalDay
2023-08-02,8974.0,-89.0,0.0,0,450.13,0.0,1,1.06,1.95,SPY230915P00419000,419.0,0,0.0,0.0,,0.0,normalDay
2023-08-03,8974.0,-84.0,0.0,0,448.84,0.0,1,1.06,1.9,SPY230915P00419000,419.0,0,0.0,0.0,,0.0,normalDay
2023-08-04,8974.0,-133.0,0.0,0,446.81,0.0,1,1.06,2.39,SPY230915P00419000,419.0,0,0.0,0.0,,0.0,normalDay
2023-08-07,8974.0,-56.0,0.0,0,450.71,0.0,1,1.06,1.62,SPY230915P00419000,419.0,0,0.0,0.0,,0.0,normalDay
2023-08-08,8974.0,-75.0,0.0,0,448.75,0.0,1,1.06,1.81,SPY230915P00419000,419.0,0,0.0,0.0,,0.0,normalDay
2023-08-09,8974.0,-87.0,0.0,0,445.75,0.0,1,1.06,1.93,SPY230915P00419000,419.0,0,0.0,0.0,,0.0,normalDay
2023-08-10,8974.0,-81.0,0.0,0,445.91,0.0,1,1.06,1.87,SPY230915P00419000,419.0,0,0.0,0.0,,0.0,normalDay
2023-08-11,8974.0,-55.0,0.0,0,445.65,0.0,1,1.06,1.61,SPY230915P00419000,419.0,0,0.0,0.0,,0.0,normalDay
2023-08-14,8974.0,-17.0,0.0,0,448.11,0.0,1,1.06,1.23,SPY230915P00419000,419.0,0,0.0,0.0,,0.0,normalDay
2023-08-15,8974.0,-80.0,0.0,0,442.89,0.0,1,1.06,1.86,SPY230915P00419000,419.0,0,0.0,0.0,,0.0,normalDay
2023-08-16,8974.0,-114.0,0.0,0,439.64,0.0,1,1.06,2.2,SPY230915P00419000,419.0,0,0.0,0.0,,0.0,normalDay
2023-08-17,8974.0,-184.0,0.0,0,436.29,0.0,1,1.06,2.9,SPY230915P00419000,419.0,0,0.0,0.0,,0.0,normalDay
2023-08-18,8974.0,-141.0,0.0,0,436.5,0.0,1,1.06,2.47,SPY230915P00419000,419.0,0,0.0,0.0,,0.0,normalDay
2023-08-21,8974.0,-78.0,0.0,0,439.34,0.0,1,1.06,1.84,SPY230915P00419000,419.0,0,0.0,0.0,,0.0,normalDay
2023-08-22,8974.0,-72.0,0.0,0,438.15,0.0,1,1.06,1.78,SPY230915P00419000,419.0,0,0.0,0.0,,0.0,normalDay
2023-08-23,8974.0,-4.0,0.0,0,443.03,0.0,1,1.06,1.1,SPY230915P00419000,419.0,0,0.0,0.0,,0.0,normalDay
2023-08-24,8974.0,-72.0,0.0,0,436.89,0.0,1,1.06,1.78,SPY230915P00419000,419.0,0,0.0,0.0,,0.0,normalDay
2023-08-25,8974.0,-3.0,0.0,0,439.97,0.0,1,1.06,1.09,SPY230915P00419000,419.0,0,0.0,0.0,,0.0,normalDay
2023-08-28,8974.0,43.0,0.0,0,442.76,0.0,1,1.06,0.63,SPY230915P00419000,419.0,0,0.0,0.0,,0.0,normalDay
2023-08-29,8974.0,70.0,0.0,0,449.16,0.0,1,1.06,0.36,SPY230915P00419000,419.0,0,0.0,0.0,,0.0,normalDay
2023-08-30,8974.0,78.0,0.0,0,451.01,0.0,1,1.06,0.28,SPY230915P00419000,419.0,0,0.0,0.0,,0.0,normalDay
2023-08-31,8974.0,83.0,0.0,0,450.35,0.0,1,1.06,0.23,SPY230915P00419000,419.0,0,0.0,0.0,,0.0,normalDay
2023-09-01,8974.0,87.0,0.0,0,451.19,0.0,1,1.06,0.19,SPY230915P00419000,419.0,0,0.0,0.0,,0.0,normalDay
2023-09-05,8974.0,89.0,0.0,0,449.24,0.0,1,1.06,0.17,SPY230915P00419000,419.0,0,0.0,0.0,,0.0,normalDay
2023-09-06,8974.0,88.0,0.0,0,446.22,0.0,1,1.06,0.18,SPY230915P00419000,419.0,0,0.0,0.0,,0.0,normalDay
2023-09-07,8974.0,93.0,0.0,0,444.85,0.0,1,1.06,0.13,SPY230915P00419000,419.0,0,0.0,0.0,,0.0,normalDay
2023-09-08,8974.0,97.0,0.0,0,445.52,0.0,1,1.06,0.09,SPY230915P00419000,419.0,0,0.0,0.0,,0.0,normalDay
2023-09-11,8974.0,101.0,0.0,0,448.45,0.0,1,1.06,0.05,SPY230915P00419000,419.0,0,0.0,0.0,,0.0,normalDay
2023-09-12,8974.0,100.0,0.0,0,445.99,0.0,1,1.06,0.06,SPY230915P00419000,419.0,0,0.0,0.0,,0.0,normalDay
2023-09-13,8974.0,103.0,0.0,0,446.51,0.0,1,1.06,0.03,SPY230915P00419000,419.0,0,0.0,0.0,,0.0,normalDay
2023-09-14,8974.0,103.0,0.0,0,450.36,0.0,1,1.06,0.03,SPY230915P00419000,419.0,0,0.0,0.0,,0.0,normalDay
2023-09-15,9080.0,0.0,106.0,0,443.37,0.0,1,1.06,0.0,SPY230915P00419000,419.0,0,0.0,0.0,,0.0,expirationDay
2023-09-18,9080.0,-3.0,0.0,0,443.63,0.0,1,1.91,1.94,SPY231027P00424000,424.0,0,0.0,0.0,,0.0,normalDay
2023-09-19,9080.0,-7.0,0.0,0,442.71,0.0,1,1.91,1.98,SPY231027P00424000,424.0,0,0.0,0.0,,0.0,normalDay
2023-09-20,9080.0,-87.0,0.0,0,438.64,0.0,1,1.91,2.78,SPY231027P00424000,424.0,0,0.0,0.0,,0.0,normalDay
2023-09-21,9080.0,-301.0,0.0,0,431.39,0.0,1,1.91,4.92,SPY231027P00424000,424.0,0,0.0,0.0,,0.0,normalDay
2023-09-22,9080.0,-310.0,0.0,0,430.42,0.0,1,1.91,5.01,SPY231027P00424000,424.0,0,0.0,0.0,,0.0,normalDay
2023-09-25,9080.0,-231.0,0.0,0,432.23,0.0,1,1.91,4.22,SPY231027P00424000,424.0,0,0.0,0.0,,0.0,normalDay
2023-09-26,9080.0,-473.0,0.0,0,425.88,0.0,1,1.91,6.64,SPY231027P00424000,424.0,0,0.0,0.0,,0.0,normalDay
2023-09-27,9080.0,-429.0,0.0,0,426.05,0.0,1,1.91,6.2,SPY231027P00424000,424.0,0,0.0,0.0,,0.0,normalDay
2023-09-28,9080.0,-328.0,0.0,0,428.52,0.0,1,1.91,5.19,SPY231027P00424000,424.0,0,0.0,0.0,,0.0,normalDay
2023-09-29,9080.0,-348.0,0.0,0,427.48,0.0,1,1.91,5.39,SPY231027P00424000,424.0,0,0.0,0.0,,0.0,normalDay
2023-10-02,9080.0,-320.0,0.0,0,427.31,0.0,1,1.91,5.11,SPY231027P00424000,424.0,0,0.0,0.0,,0.0,normalDay
2023-10-03,9080.0,-597.0,0.0,0,421.59,0.0,1,1.91,7.88,SPY231027P00424000,424.0,0,0.0,0.0,,0.0,normalDay
2023-10-04,9080.0,-433.0,0.0,0,424.66,0.0,1,1.91,6.24,SPY231027P00424000,424.0,0,0.0,0.0,,0.0,normalDay
2023-10-05,9080.0,-433.0,0.0,0,424.5,0.0,1,1.91,6.24,SPY231027P00424000,424.0,0,0.0,0.0,,0.0,normalDay
2023-10-06,9080.0,-178.0,0.0,0,429.54,0.0,1,1.91,3.69,SPY231027P00424000,424.0,0,0.0,0.0,,0.0,normalDay
2023-10-09,9080.0,-88.0,0.0,0,432.29,0.0,1,1.91,2.79,SPY231027P00424000,424.0,0,0.0,0.0,,0.0,normalDay
2023-10-10,9080.0,-16.0,0.0,0,434.54,0.0,1,1.91,2.07,SPY231027P00424000,424.0,0,0.0,0.0,,0.0,normalDay
2023-10-11,9080.0,52.0,0.0,0,436.32,0.0,1,1.91,1.39,SPY231027P00424000,424.0,0,0.0,0.0,,0.0,normalDay
2023-10-12,9080.0,5.0,0.0,0,433.66,0.0,1,1.91,1.86,SPY231027P00424000,424.0,0,0.0,0.0,,0.0,normalDay
2023-10-13,9080.0,-93.0,0.0,0,431.5,0.0,1,1.91,2.84,SPY231027P00424000,424.0,0,0.0,0.0,,0.0,normalDay
2023-10-16,9080.0,68.0,0.0,0,436.04,0.0,1,1.91,1.23,SPY231027P00424000,424.0,0,0.0,0.0,,0.0,normalDay
2023-10-17,9080.0,65.0,0.0,0,436.02,0.0,1,1.91,1.26,SPY231027P00424000,424.0,0,0.0,0.0,,0.0,normalDay
2023-10-18,9080.0,-29.0,0.0,0,430.21,0.0,1,1.91,2.2,SPY231027P00424000,424.0,0,0.0,0.0,,0.0,normalDay
2023-10-19,9080.0,-214.0,0.0,0,426.43,0.0,1,1.91,4.05,SPY231027P00424000,424.0,0,0.0,0.0,,0.0,normalDay
2023-10-20,9080.0,-360.0,0.0,0,421.19,0.0,1,1.91,5.51,SPY231027P00424000,424.0,0,0.0,0.0,,0.0,normalDay
2023-10-23,9080.0,-288.0,0.0,0,420.46,0.0,1,1.91,4.79,SPY231027P00424000,424.0,0,0.0,0.0,,0.0,normalDay
2023-10-24,9080.0,-81.0,0.0,0,423.63,0.0,1,1.91,2.72,SPY231027P00424000,424.0,0,0.0,0.0,,0.0,normalDay
2023-10-25,9080.0,-463.0,0.0,0,417.55,0.0,1,1.91,6.54,SPY231027P00424000,424.0,0,0.0,0.0,,0.0,normalDay
2023-10-26,9080.0,-934.0,0.0,0,412.55,0.0,1,1.91,11.25,SPY231027P00424000,424.0,0,0.0,0.0,,0.0,normalDay
2023-10-27,9271.0,-1332.0,191.0,100,410.68,424.0,1,1.91,0.0,SPY231027P00424000,424.0,0,0.0,0.0,,0.0,expirationDay
2023-10-30,9271.0,-841.0,0.0,100,415.59,424.0,0,0.0,0.0,,0.0,0,0.0,0.0,,0.0,bidTooLow
2023-10-31,9271.0,-580.0,0.0,100,418.2,424.0,0,0.0,0.0,,0.0,0,0.0,0.0,,0.0,bidTooLow
2023-11-01,9271.0,-137.0,0.0,100,422.66,424.0,0,0.0,0.0,,0.0,1,0.01,0.04,SPY231107C00438000,438.0,normalDay
2023-11-02,9271.0,651.0,0.0,100,430.76,424.0,0,0.0,0.0,,0.0,1,0.01,0.26,SPY231107C00438000,438.0,normalDay
2023-11-03,9271.0,1007.0,0.0,100,434.69,424.0,0,0.0,0.0,,0.0,1,0.01,0.63,SPY231107C00438000,438.0,normalDay
2023-11-06,9271.0,1146.0,0.0,100,435.69,424.0,0,0.0,0.0,,0.0,1,0.01,0.24,SPY231107C00438000,438.0,normalDay
2023-11-07,9272.0,1293.0,1.0,100,436.93,424.0,0,0.0,0.0,,0.0,1,0.01,0.0,SPY231107C00438000,438.0,expirationDay
2023-11-08,9272.0,1322.0,0.0,100,437.25,424.0,0,0.0,0.0,,0.0,1,1.34,1.37,SPY231114C00440000,440.0,normalDay
2023-11-09,9272.0,1072.0,0.0,100,433.84,424.0,0,0.0,0.0,,0.0,1,1.34,0.46,SPY231114C00440000,440.0,normalDay
2023-11-10,9272.0,1551.0,0.0,100,440.61,424.0,0,0.0,0.0,,0.0,1,1.34,2.44,SPY231114C00440000,440.0,normalDay
2023-11-13,9272.0,1563.0,0.0,100,440.19,424.0,0,0.0,0.0,,0.0,1,1.34,1.9,SPY231114C00440000,440.0,normalDay
2023-11-14,11006.0,1563.0,1734.0,0,448.73,0.0,0,0.0,0.0,,0.0,1,1.34,0.0,SPY231114C00440000,440.0,expirationDay
2023-11-15,11006.0,-3.0,0.0,0,449.68,0.0,1,0.29,0.32,SPY231229P00372000,372.0,0,0.0,0.0,,0.0,normalDay
2023-11-16,11006.0,-5.0,0.0,0,450.23,0.0,1,0.29,0.34,SPY231229P00372000,372.0,0,0.0,0.0,,0.0,normalDay
2023-11-17,11006.0,0.0,0.0,0,450.79,0.0,1,0.29,0.29,SPY231229P00372000,372.0,0,0.0,0.0,,0.0,normalDay
2023-11-20,11006.0,7.0,0.0,0,454.26,0.0,1,0.29,0.22,SPY231229P00372000,372.0,0,0.0,0.0,,0.0,normalDay
2023-11-21,11006.0,9.0,0.0,0,453.27,0.0,1,0.29,0.2,SPY231229P00372000,372.0,0,0.0,0.0,,0.0,normalDay
2023-11-22,11006.0,10.0,0.0,0,455.02,0.0,1,0.29,0.19,SPY231229P00372000,372.0,0,0.0,0.0,,0.0,normalDay
2023-11-24,11006.0,13.0,0.0,0,455.3,0.0,1,0.29,0.16,SPY231229P00372000,372.0,0,0.0,0.0,,0.0,normalDay
2023-11-27,11006.0,15.0,0.0,0,454.48,0.0,1,0.29,0.14,SPY231229P00372000,372.0,0,0.0,0.0,,0.0,normalDay
2023-11-28,11006.0,15.0,0.0,0,454.93,0.0,1,0.29,0.14,SPY231229P00372000,372.0,0,0.0,0.0,,0.0,normalDay
2023-11-29,11006.0,15.0,0.0,0,454.61,0.0,1,0.29,0.14,SPY231229P00372000,372.0,0,0.0,0.0,,0.0,normalDay
2023-11-30,11006.0,17.0,0.0,0,456.4,0.0,1,0.29,0.12,SPY231229P00372000,372.0,0,0.0,0.0,,0.0,normalDay
