date,totalCapital,unrializedPnL,rializedPnL,stocksOwned,stocksPriceToday,stocksPriceBoughtAt,putOwned,putOwnedSoldAt,putPriceToday,putOwnedContract,putOwnedStrike,callOwned,callOwnedSoldAt,callPriceToday,callOwnedContract,callOwnedStrike,trackType
2018-11-01,0.0,-5.0,0.0,0,273.51,0.0,1,1.25,1.3,SPY181102P00273500,273.5,0,0.0,0.0,,0.0,normalDay
2018-11-02,125.0,-161.0,125.0,100,271.89,273.5,1,1.25,0.0,SPY181102P00273500,273.5,0,0.0,0.0,,0.0,expirationDay
2018-11-05,125.0,-44.0,0.0,100,273.39,273.5,0,0.0,0.0,,0.0,1,12.98,13.31,SPY190930C00284000,284.0,normalDay
2018-11-06,125.0,69.0,0.0,100,275.12,273.5,0,0.0,0.0,,0.0,1,12.98,13.91,SPY190930C00284000,284.0,normalDay
2018-11-07,125.0,407.0,0.0,100,281.01,273.5,0,0.0,0.0,,0.0,1,12.98,16.42,SPY190930C00284000,284.0,normalDay
2018-11-08,125.0,415.0,0.0,100,280.5,273.5,0,0.0,0.0,,0.0,1,12.98,15.83,SPY190930C00284000,284.0,normalDay
2018-11-09,125.0,282.0,0.0,100,277.76,273.5,0,0.0,0.0,,0.0,1,12.98,14.42,SPY190930C00284000,284.0,normalDay
2018-11-12,125.0,-10.0,0.0,100,272.57,273.5,0,0.0,0.0,,0.0,1,12.98,12.15,SPY190930C00284000,284.0,normalDay
2018-11-13,125.0,-33.0,0.0,100,272.06,273.5,0,0.0,0.0,,0.0,1,12.98,11.87,SPY190930C00284000,284.0,normalDay
2018-11-14,125.0,-135.0,0.0,100,270.2,273.5,0,0.0,0.0,,0.0,1,12.98,11.03,SPY190930C00284000,284.0,normalDay
2018-11-15,125.0,-25.0,0.0,100,273.02,273.5,0,0.0,0.0,,0.0,1,12.98,12.75,SPY190930C00284000,284.0,normalDay
2018-11-16,125.0,56.0,0.0,100,273.73,273.5,0,0.0,0.0,,0.0,1,12.98,12.65,SPY190930C00284000,284.0,normalDay
2018-11-19,125.0,-217.0,0.0,100,269.1,273.5,0,0.0,0.0,,0.0,1,12.98,10.75,SPY190930C00284000,284.0,normalDay
2018-11-20,125.0,-533.0,0.0,100,264.12,273.5,0,0.0,0.0,,0.0,1,12.98,8.93,SPY190930C00284000,284.0,normalDay
2018-11-21,125.0,-464.0,0.0,100,265.02,273.5,0,0.0,0.0,,0.0,1,12.98,9.14,SPY190930C00284000,284.0,normalDay
2018-11-23,125.0,-562.0,0.0,100,263.25,273.5,0,0.0,0.0,,0.0,1,12.98,8.35,SPY190930C00284000,284.0,normalDay
2018-11-26,125.0,-269.0,0.0,100,267.5,273.5,0,0.0,0.0,,0.0,1,12.98,9.67,SPY190930C00284000,284.0,normalDay
2018-11-27,125.0,-221.0,0.0,100,268.4,273.5,0,0.0,0.0,,0.0,1,12.98,10.09,SPY190930C00284000,284.0,normalDay
2018-11-28,125.0,116.0,0.0,100,274.58,273.5,0,0.0,0.0,,0.0,1,12.98,12.9,SPY190930C00284000,284.0,normalDay
2018-11-29,125.0,59.0,0.0,100,273.98,273.5,0,0.0,0.0,,0.0,1,12.98,12.87,SPY190930C00284000,284.0,normalDay
2018-11-30,125.0,146.0,0.0,100,275.65,273.5,0,0.0,0.0,,0.0,1,12.98,13.67,SPY190930C00284000,284.0,normalDay
2018-12-03,125.0,406.0,0.0,100,279.3,273.5,0,0.0,0.0,,0.0,1,12.98,14.72,SPY190930C00284000,284.0,normalDay
2018-12-04,125.0,-113.0,0.0,100,270.25,273.5,0,0.0,0.0,,0.0,1,12.98,10.86,SPY190930C00284000,284.0,normalDay
2018-12-06,125.0,-143.0,0.0,100,269.84,273.5,0,0.0,0.0,,0.0,1,12.98,10.75,SPY190930C00284000,284.0,normalDay
2018-12-07,125.0,-538.0,0.0,100,263.57,273.5,0,0.0,0.0,,0.0,1,12.98,8.43,SPY190930C00284000,284.0,normalDay
2018-12-10,125.0,-518.0,0.0,100,264.07,273.5,0,0.0,0.0,,0.0,1,12.98,8.73,SPY190930C00284000,284.0,normalDay
2018-12-11,125.0,-507.0,0.0,100,264.13,273.5,0,0.0,0.0,,0.0,1,12.98,8.68,SPY190930C00284000,284.0,normalDay
2018-12-12,125.0,-424.0,0.0,100,265.46,273.5,0,0.0,0.0,,0.0,1,12.98,9.18,SPY190930C00284000,284.0,normalDay
2018-12-13,125.0,-421.0,0.0,100,265.37,273.5,0,0.0,0.0,,0.0,1,12.98,9.06,SPY190930C00284000,284.0,normalDay
2018-12-14,125.0,-764.0,0.0,100,260.47,273.5,0,0.0,0.0,,0.0,1,12.98,7.59,SPY190930C00284000,284.0,normalDay
2018-12-17,125.0,-1149.0,0.0,100,255.36,273.5,0,0.0,0.0,,0.0,1,12.98,6.33,SPY190930C00284000,284.0,normalDay
2018-12-18,125.0,-1140.0,0.0,100,255.08,273.5,0,0.0,0.0,,0.0,1,12.98,5.96,SPY190930C00284000,284.0,normalDay
2018-12-19,125.0,-1422.0,0.0,100,251.26,273.5,0,0.0,0.0,,0.0,1,12.98,4.96,SPY190930C00284000,284.0,normalDay
2018-12-20,125.0,-1779.0,0.0,100,247.17,273.5,0,0.0,0.0,,0.0,1,12.98,4.44,SPY190930C00284000,284.0,normalDay
2018-12-21,125.0,-2279.0,0.0,100,240.7,273.5,0,0.0,0.0,,0.0,1,12.98,2.97,SPY190930C00284000,284.0,normalDay
2018-12-24,125.0,-2897.0,0.0,100,234.34,273.5,0,0.0,0.0,,0.0,1,12.98,2.79,SPY190930C00284000,284.0,normalDay
2018-12-26,125.0,-1825.0,0.0,100,246.18,273.5,0,0.0,0.0,,0.0,1,12.98,3.91,SPY190930C00284000,284.0,normalDay
2018-12-27,125.0,-1709.0,0.0,100,248.07,273.5,0,0.0,0.0,,0.0,1,12.98,4.64,SPY190930C00284000,284.0,normalDay
2018-12-28,125.0,-1691.0,0.0,100,247.75,273.5,0,0.0,0.0,,0.0,1,12.98,4.14,SPY190930C00284000,284.0,normalDay
2018-12-31,125.0,-1472.0,0.0,100,249.92,273.5,0,0.0,0.0,,0.0,1,12.98,4.12,SPY190930C00284000,284.0,normalDay
2019-01-02,125.0,-1428.0,0.0,100,250.18,273.5,0,0.0,0.0,,0.0,1,12.98,3.94,SPY190930C00284000,284.0,normalDay
2019-01-03,125.0,-1923.0,0.0,100,244.21,273.5,0,0.0,0.0,,0.0,1,12.98,2.92,SPY190930C00284000,284.0,normalDay
2019-01-04,125.0,-1242.0,0.0,100,252.39,273.5,0,0.0,0.0,,0.0,1,12.98,4.29,SPY190930C00284000,284.0,normalDay
2019-01-07,125.0,-1068.0,0.0,100,254.38,273.5,0,0.0,0.0,,0.0,1,12.98,4.54,SPY190930C00284000,284.0,normalDay
2019-01-08,125.0,-889.0,0.0,100,256.77,273.5,0,0.0,0.0,,0.0,1,12.98,5.14,SPY190930C00284000,284.0,normalDay
2019-01-09,125.0,-775.0,0.0,100,257.97,273.5,0,0.0,0.0,,0.0,1,12.98,5.2,SPY190930C00284000,284.0,normalDay
2019-01-10,125.0,-705.0,0.0,100,258.88,273.5,0,0.0,0.0,,0.0,1,12.98,5.41,SPY190930C00284000,284.0,normalDay
2019-01-11,125.0,-646.0,0.0,100,258.98,273.5,0,0.0,0.0,,0.0,1,12.98,4.92,SPY190930C00284000,284.0,normalDay
2019-01-14,125.0,-738.0,0.0,100,257.4,273.5,0,0.0,0.0,,0.0,1,12.98,4.26,SPY190930C00284000,284.0,normalDay
2019-01-15,125.0,-476.0,0.0,100,260.35,273.5,0,0.0,0.0,,0.0,1,12.98,4.59,SPY190930C00284000,284.0,normalDay
2019-01-16,125.0,-428.0,0.0,100,260.98,273.5,0,0.0,0.0,,0.0,1,12.98,4.74,SPY190930C00284000,284.0,normalDay
2019-01-17,125.0,-296.0,0.0,100,262.96,273.5,0,0.0,0.0,,0.0,1,12.98,5.4,SPY190930C00284000,284.0,normalDay
2019-01-18,125.0,-59.0,0.0,100,266.46,273.5,0,0.0,0.0,,0.0,1,12.98,6.53,SPY190930C00284000,284.0,normalDay
2019-01-22,125.0,-335.0,0.0,100,262.86,273.5,0,0.0,0.0,,0.0,1,12.98,5.69,SPY190930C00284000,284.0,normalDay
2019-01-23,125.0,-271.0,0.0,100,263.41,273.5,0,0.0,0.0,,0.0,1,12.98,5.6,SPY190930C00284000,284.0,normalDay
2019-01-24,125.0,-221.0,0.0,100,263.55,273.5,0,0.0,0.0,,0.0,1,12.98,5.24,SPY190930C00284000,284.0,normalDay
2019-01-25,125.0,-96.0,0.0,100,265.78,273.5,0,0.0,0.0,,0.0,1,12.98,6.22,SPY190930C00284000,284.0,normalDay
2019-01-28,125.0,-222.0,0.0,100,263.76,273.5,0,0.0,0.0,,0.0,1,12.98,5.46,SPY190930C00284000,284.0,normalDay
2019-01-29,125.0,-238.0,0.0,100,263.41,273.5,0,0.0,0.0,,0.0,1,12.98,5.27,SPY190930C00284000,284.0,normalDay
2019-01-30,125.0,54.0,0.0,100,267.58,273.5,0,0.0,0.0,,0.0,1,12.98,6.52,SPY190930C00284000,284.0,normalDay
2019-01-31,125.0,201.0,0.0,100,269.93,273.5,0,0.0,0.0,,0.0,1,12.98,7.4,SPY190930C00284000,284.0,normalDay
2019-02-01,125.0,229.0,0.0,100,270.06,273.5,0,0.0,0.0,,0.0,1,12.98,7.25,SPY190930C00284000,284.0,normalDay
2019-02-04,125.0,368.0,0.0,100,271.96,273.5,0,0.0,0.0,,0.0,1,12.98,7.76,SPY190930C00284000,284.0,normalDay
2019-02-05,125.0,458.0,0.0,100,273.1,273.5,0,0.0,0.0,,0.0,1,12.98,8.0,SPY190930C00284000,284.0,normalDay
2019-02-06,125.0,441.0,0.0,100,272.74,273.5,0,0.0,0.0,,0.0,1,12.98,7.81,SPY190930C00284000,284.0,normalDay
2019-02-07,125.0,279.0,0.0,100,270.14,273.5,0,0.0,0.0,,0.0,1,12.98,6.83,SPY190930C00284000,284.0,normalDay
2019-02-08,125.0,316.0,0.0,100,270.47,273.5,0,0.0,0.0,,0.0,1,12.98,6.79,SPY190930C00284000,284.0,normalDay
2019-02-11,125.0,333.0,0.0,100,270.62,273.5,0,0.0,0.0,,0.0,1,12.98,6.77,SPY190930C00284000,284.0,normalDay
2019-02-12,125.0,529.0,0.0,100,274.1,273.5,0,0.0,0.0,,0.0,1,12.98,8.29,SPY190930C00284000,284.0,normalDay
2019-02-13,125.0,586.0,0.0,100,274.99,273.5,0,0.0,0.0,,0.0,1,12.98,8.61,SPY190930C00284000,284.0,normalDay
2019-02-14,125.0,542.0,0.0,100,274.38,273.5,0,0.0,0.0,,0.0,1,12.98,8.44,SPY190930C00284000,284.0,normalDay
2019-02-15,125.0,715.0,0.0,100,277.37,273.5,0,0.0,0.0,,0.0,1,12.98,9.7,SPY190930C00284000,284.0,normalDay
2019-02-19,125.0,783.0,0.0,100,277.85,273.5,0,0.0,0.0,,0.0,1,12.98,9.5,SPY190930C00284000,284.0,normalDay
2019-02-20,125.0,829.0,0.0,100,278.41,273.5,0,0.0,0.0,,0.0,1,12.98,9.6,SPY190930C00284000,284.0,normalDay
2019-02-21,125.0,780.0,0.0,100,277.42,273.5,0,0.0,0.0,,0.0,1,12.98,9.1,SPY190930C00284000,284.0,normalDay
2019-02-22,125.0,888.0,0.0,100,279.14,273.5,0,0.0,0.0,,0.0,1,12.98,9.74,SPY190930C00284000,284.0,normalDay
2019-02-25,125.0,895.0,0.0,100,279.52,273.5,0,0.0,0.0,,0.0,1,12.98,10.05,SPY190930C00284000,284.0,normalDay
2019-02-26,125.0,887.0,0.0,100,279.32,273.5,0,0.0,0.0,,0.0,1,12.98,9.93,SPY190930C00284000,284.0,normalDay
2019-02-27,125.0,881.0,0.0,100,279.2,273.5,0,0.0,0.0,,0.0,1,12.98,9.87,SPY190930C00284000,284.0,normalDay
2019-02-28,125.0,872.0,0.0,100,278.68,273.5,0,0.0,0.0,,0.0,1,12.98,9.44,SPY190930C00284000,284.0,normalDay
2019-03-01,125.0,979.0,0.0,100,280.42,273.5,0,0.0,0.0,,0.0,1,12.98,10.11,SPY190930C00284000,284.0,normalDay
2019-03-04,125.0,933.0,0.0,100,279.4,273.5,0,0.0,0.0,,0.0,1,12.98,9.55,SPY190930C00284000,284.0,normalDay
2019-03-05,125.0,916.0,0.0,100,279.02,273.5,0,0.0,0.0,,0.0,1,12.98,9.34,SPY190930C00284000,284.0,normalDay
2019-03-06,125.0,813.0,0.0,100,277.33,273.5,0,0.0,0.0,,0.0,1,12.98,8.68,SPY190930C00284000,284.0,normalDay
2019-03-07,125.0,665.0,0.0,100,275.01,273.5,0,0.0,0.0,,0.0,1,12.98,7.84,SPY190930C00284000,284.0,normalDay
2019-03-08,125.0,637.0,0.0,100,274.46,273.5,0,0.0,0.0,,0.0,1,12.98,7.57,SPY190930C00284000,284.0,normalDay
2019-03-11,125.0,897.0,0.0,100,278.44,273.5,0,0.0,0.0,,0.0,1,12.98,8.95,SPY190930C00284000,284.0,normalDay
2019-03-12,125.0,977.0,0.0,100,279.49,273.5,0,0.0,0.0,,0.0,1,12.98,9.2,SPY190930C00284000,284.0,normalDay
2019-03-13,125.0,1054.0,0.0,100,281.34,273.5,0,0.0,0.0,,0.0,1,12.98,10.28,SPY190930C00284000,284.0,normalDay
2019-03-14,125.0,1065.0,0.0,100,281.16,273.5,0,0.0,0.0,,0.0,1,12.98,9.99,SPY190930C00284000,284.0,normalDay
2019-03-15,125.0,1014.0,0.0,100,281.31,273.5,0,0.0,0.0,,0.0,1,12.98,10.65,SPY190930C00284000,284.0,normalDay
2019-03-18,125.0,1037.0,0.0,100,282.33,273.5,0,0.0,0.0,,0.0,1,12.98,11.44,SPY190930C00284000,284.0,normalDay
2019-03-19,125.0,1052.0,0.0,100,282.4,273.5,0,0.0,0.0,,0.0,1,12.98,11.36,SPY190930C00284000,284.0,normalDay
2019-03-20,125.0,1017.0,0.0,100,281.55,273.5,0,0.0,0.0,,0.0,1,12.98,10.86,SPY190930C00284000,284.0,normalDay
2019-03-21,125.0,1144.0,0.0,100,284.73,273.5,0,0.0,0.0,,0.0,1,12.98,12.77,SPY190930C00284000,284.0,normalDay
2019-03-22,125.0,809.0,0.0,100,279.25,273.5,0,0.0,0.0,,0.0,1,12.98,10.64,SPY190930C00284000,284.0,normalDay
2019-03-25,125.0,835.0,0.0,100,279.04,273.5,0,0.0,0.0,,0.0,1,12.98,10.17,SPY190930C00284000,284.0,normalDay
2019-03-26,125.0,981.0,0.0,100,281.12,273.5,0,0.0,0.0,,0.0,1,12.98,10.79,SPY190930C00284000,284.0,normalDay
2019-03-27,125.0,889.0,0.0,100,279.65,273.5,0,0.0,0.0,,0.0,1,12.98,10.24,SPY190930C00284000,284.0,normalDay
2019-03-28,125.0,958.0,0.0,100,280.71,273.5,0,0.0,0.0,,0.0,1,12.98,10.61,SPY190930C00284000,284.0,normalDay
2019-03-29,125.0,1043.0,0.0,100,282.48,273.5,0,0.0,0.0,,0.0,1,12.98,11.53,SPY190930C00284000,284.0,normalDay
2019-04-01,125.0,1221.0,0.0,100,285.83,273.5,0,0.0,0.0,,0.0,1,12.98,13.1,SPY190930C00284000,284.0,normalDay
2019-04-02,125.0,1240.0,0.0,100,285.97,273.5,0,0.0,0.0,,0.0,1,12.98,13.05,SPY190930C00284000,284.0,normalDay
2019-04-03,125.0,1232.0,0.0,100,286.42,273.5,0,0.0,0.0,,0.0,1,12.98,13.58,SPY190930C00284000,284.0,normalDay
2019-04-04,125.0,1273.0,0.0,100,287.18,273.5,0,0.0,0.0,,0.0,1,12.98,13.93,SPY190930C00284000,284.0,normalDay
2019-04-05,125.0,1344.0,0.0,100,288.57,273.5,0,0.0,0.0,,0.0,1,12.98,14.61,SPY190930C00284000,284.0,normalDay
2019-04-08,125.0,1358.0,0.0,100,288.79,273.5,0,0.0,0.0,,0.0,1,12.98,14.69,SPY190930C00284000,284.0,normalDay
2019-04-09,125.0,1302.0,0.0,100,287.31,273.5,0,0.0,0.0,,0.0,1,12.98,13.77,SPY190930C00284000,284.0,normalDay
2019-04-10,125.0,1339.0,0.0,100,288.29,273.5,0,0.0,0.0,,0.0,1,12.98,14.38,SPY190930C00284000,284.0,normalDay
2019-04-11,125.0,1357.0,0.0,100,288.21,273.5,0,0.0,0.0,,0.0,1,12.98,14.12,SPY190930C00284000,284.0,normalDay
2019-04-12,125.0,1433.0,0.0,100,290.16,273.5,0,0.0,0.0,,0.0,1,12.98,15.31,SPY190930C00284000,284.0,normalDay
2019-04-15,125.0,1438.0,0.0,100,289.97,273.5,0,0.0,0.0,,0.0,1,12.98,15.07,SPY190930C00284000,284.0,normalDay
2019-04-16,125.0,1459.0,0.0,100,290.16,273.5,0,0.0,0.0,,0.0,1,12.98,15.05,SPY190930C00284000,284.0,normalDay
2019-04-17,125.0,1442.0,0.0,100,289.45,273.5,0,0.0,0.0,,0.0,1,12.98,14.51,SPY190930C00284000,284.0,normalDay
2019-04-18,125.0,1447.0,0.0,100,290.02,273.5,0,0.0,0.0,,0.0,1,12.98,15.03,SPY190930C00284000,284.0,normalDay
2019-04-22,125.0,1459.0,0.0,100,290.27,273.5,0,0.0,0.0,,0.0,1,12.98,15.16,SPY190930C00284000,284.0,normalDay
2019-04-23,125.0,1552.0,0.0,100,292.88,273.5,0,0.0,0.0,,0.0,1,12.98,16.84,SPY190930C00284000,284.0,normalDay
2019-04-24,125.0,1517.0,0.0,100,292.23,273.5,0,0.0,0.0,,0.0,1,12.98,16.54,SPY190930C00284000,284.0,normalDay
2019-04-25,125.0,1525.0,0.0,100,292.05,273.5,0,0.0,0.0,,0.0,1,12.98,16.28,SPY190930C00284000,284.0,normalDay
2019-04-26,125.0,1571.0,0.0,100,293.41,273.5,0,0.0,0.0,,0.0,1,12.98,17.18,SPY190930C00284000,284.0,normalDay
2019-04-29,125.0,1594.0,0.0,100,293.87,273.5,0,0.0,0.0,,0.0,1,12.98,17.41,SPY190930C00284000,284.0,normalDay
2019-04-30,125.0,1575.0,0.0,100,294.02,273.5,0,0.0,0.0,,0.0,1,12.98,17.75,SPY190930C00284000,284.0,normalDay
2019-05-01,125.0,1512.0,0.0,100,291.81,273.5,0,0.0,0.0,,0.0,1,12.98,16.17,SPY190930C00284000,284.0,normalDay
2019-05-02,125.0,1505.0,0.0,100,291.18,273.5,0,0.0,0.0,,0.0,1,12.98,15.61,SPY190930C00284000,284.0,normalDay
2019-05-03,125.0,1602.0,0.0,100,294.03,273.5,0,0.0,0.0,,0.0,1,12.98,17.49,SPY190930C00284000,284.0,normalDay
2019-05-06,125.0,1547.0,0.0,100,292.82,273.5,0,0.0,0.0,,0.0,1,12.98,16.83,SPY190930C00284000,284.0,normalDay
2019-05-07,125.0,1265.0,0.0,100,287.93,273.5,0,0.0,0.0,,0.0,1,12.98,14.76,SPY190930C00284000,284.0,normalDay
2019-05-08,125.0,1275.0,0.0,100,287.53,273.5,0,0.0,0.0,,0.0,1,12.98,14.26,SPY190930C00284000,284.0,normalDay
2019-05-09,125.0,1271.0,0.0,100,286.66,273.5,0,0.0,0.0,,0.0,1,12.98,13.43,SPY190930C00284000,284.0,normalDay
2019-05-10,125.0,1421.0,0.0,100,288.1,273.5,0,0.0,0.0,,0.0,1,12.98,13.37,SPY190930C00284000,284.0,normalDay
2019-05-13,125.0,1066.0,0.0,100,280.86,273.5,0,0.0,0.0,,0.0,1,12.98,9.68,SPY190930C00284000,284.0,normalDay
2019-05-14,125.0,1217.0,0.0,100,283.4,273.5,0,0.0,0.0,,0.0,1,12.98,10.71,SPY190930C00284000,284.0,normalDay
2019-05-15,125.0,1309.0,0.0,100,285.06,273.5,0,0.0,0.0,,0.0,1,12.98,11.45,SPY190930C00284000,284.0,normalDay
2019-05-16,125.0,1450.0,0.0,100,287.7,273.5,0,0.0,0.0,,0.0,1,12.98,12.68,SPY190930C00284000,284.0,normalDay
2019-05-17,125.0,1366.0,0.0,100,285.84,273.5,0,0.0,0.0,,0.0,1,12.98,11.66,SPY190930C00284000,284.0,normalDay
2019-05-20,125.0,1289.0,0.0,100,283.95,273.5,0,0.0,0.0,,0.0,1,12.98,10.54,SPY190930C00284000,284.0,normalDay
2019-05-21,125.0,1438.0,0.0,100,286.51,273.5,0,0.0,0.0,,0.0,1,12.98,11.61,SPY190930C00284000,284.0,normalDay
2019-05-22,125.0,1419.0,0.0,100,285.63,273.5,0,0.0,0.0,,0.0,1,12.98,10.92,SPY190930C00284000,284.0,normalDay
2019-05-23,125.0,1243.0,0.0,100,282.14,273.5,0,0.0,0.0,,0.0,1,12.98,9.19,SPY190930C00284000,284.0,normalDay
2019-05-24,125.0,1273.0,0.0,100,282.78,273.5,0,0.0,0.0,,0.0,1,12.98,9.53,SPY190930C00284000,284.0,normalDay
2019-05-28,125.0,1136.0,0.0,100,280.15,273.5,0,0.0,0.0,,0.0,1,12.98,8.27,SPY190930C00284000,284.0,normalDay
2019-05-29,125.0,1050.0,0.0,100,278.27,273.5,0,0.0,0.0,,0.0,1,12.98,7.25,SPY190930C00284000,284.0,normalDay
2019-05-30,125.0,1101.0,0.0,100,279.03,273.5,0,0.0,0.0,,0.0,1,12.98,7.5,SPY190930C00284000,284.0,normalDay
2019-05-31,125.0,877.0,0.0,100,275.27,273.5,0,0.0,0.0,,0.0,1,12.98,5.98,SPY190930C00284000,284.0,normalDay
2019-06-03,125.0,845.0,0.0,100,274.57,273.5,0,0.0,0.0,,0.0,1,12.98,5.6,SPY190930C00284000,284.0,normalDay
2019-06-04,125.0,1215.0,0.0,100,280.53,273.5,0,0.0,0.0,,0.0,1,12.98,7.86,SPY190930C00284000,284.0,normalDay
2019-06-05,125.0,1344.0,0.0,100,282.96,273.5,0,0.0,0.0,,0.0,1,12.98,9.0,SPY190930C00284000,284.0,normalDay
2019-06-06,125.0,1440.0,0.0,100,284.8,273.5,0,0.0,0.0,,0.0,1,12.98,9.88,SPY190930C00284000,284.0,normalDay
2019-06-07,125.0,1539.0,0.0,100,287.65,273.5,0,0.0,0.0,,0.0,1,12.98,11.74,SPY190930C00284000,284.0,normalDay
2019-06-10,125.0,1598.0,0.0,100,288.97,273.5,0,0.0,0.0,,0.0,1,12.98,12.47,SPY190930C00284000,284.0,normalDay
2019-06-11,125.0,1598.0,0.0,100,288.9,273.5,0,0.0,0.0,,0.0,1,12.98,12.4,SPY190930C00284000,284.0,normalDay
2019-06-12,125.0,1584.0,0.0,100,288.39,273.5,0,0.0,0.0,,0.0,1,12.98,12.03,SPY190930C00284000,284.0,normalDay
2019-06-13,125.0,1627.0,0.0,100,289.58,273.5,0,0.0,0.0,,0.0,1,12.98,12.79,SPY190930C00284000,284.0,normalDay
2019-06-14,125.0,1617.0,0.0,100,289.26,273.5,0,0.0,0.0,,0.0,1,12.98,12.57,SPY190930C00284000,284.0,normalDay
2019-06-17,125.0,1643.0,0.0,100,289.37,273.5,0,0.0,0.0,,0.0,1,12.98,12.42,SPY190930C00284000,284.0,normalDay
2019-06-18,125.0,1739.0,0.0,100,292.4,273.5,0,0.0,0.0,,0.0,1,12.98,14.49,SPY190930C00284000,284.0,normalDay
2019-06-19,125.0,1771.0,0.0,100,293.06,273.5,0,0.0,0.0,,0.0,1,12.98,14.83,SPY190930C00284000,284.0,normalDay
2019-06-20,125.0,1856.0,0.0,100,295.86,273.5,0,0.0,0.0,,0.0,1,12.98,16.78,SPY190930C00284000,284.0,normalDay
2019-06-21,125.0,1677.0,0.0,100,294.0,273.5,0,0.0,0.0,,0.0,1,12.98,16.71,SPY190930C00284000,284.0,normalDay
2019-06-24,125.0,1692.0,0.0,100,293.64,273.5,0,0.0,0.0,,0.0,1,12.98,16.2,SPY190930C00284000,284.0,normalDay
2019-06-25,125.0,1599.0,0.0,100,290.76,273.5,0,0.0,0.0,,0.0,1,12.98,14.25,SPY190930C00284000,284.0,normalDay
2019-06-26,125.0,1615.0,0.0,100,290.47,273.5,0,0.0,0.0,,0.0,1,12.98,13.8,SPY190930C00284000,284.0,normalDay
2019-06-27,125.0,1630.0,0.0,100,291.5,273.5,0,0.0,0.0,,0.0,1,12.98,14.68,SPY190930C00284000,284.0,normalDay
2019-06-28,125.0,1662.0,0.0,100,293.0,273.5,0,0.0,0.0,,0.0,1,12.98,15.86,SPY190930C00284000,284.0,normalDay
2019-07-01,125.0,1829.0,0.0,100,295.66,273.5,0,0.0,0.0,,0.0,1,12.98,16.85,SPY190930C00284000,284.0,normalDay
2019-07-02,125.0,1864.0,0.0,100,296.43,273.5,0,0.0,0.0,,0.0,1,12.98,17.27,SPY190930C00284000,284.0,normalDay
2019-07-03,125.0,1913.0,0.0,100,298.8,273.5,0,0.0,0.0,,0.0,1,12.98,19.15,SPY190930C00284000,284.0,normalDay
2019-07-05,125.0,1948.0,0.0,100,298.46,273.5,0,0.0,0.0,,0.0,1,12.98,18.46,SPY190930C00284000,284.0,normalDay
2019-07-08,125.0,1878.0,0.0,100,296.82,273.5,0,0.0,0.0,,0.0,1,12.98,17.52,SPY190930C00284000,284.0,normalDay
2019-07-09,125.0,1897.0,0.0,100,297.19,273.5,0,0.0,0.0,,0.0,1,12.98,17.7,SPY190930C00284000,284.0,normalDay
2019-07-10,125.0,1932.0,0.0,100,298.61,273.5,0,0.0,0.0,,0.0,1,12.98,18.77,SPY190930C00284000,284.0,normalDay
2019-07-11,125.0,1953.0,0.0,100,299.31,273.5,0,0.0,0.0,,0.0,1,12.98,19.26,SPY190930C00284000,284.0,normalDay
2019-07-12,125.0,1997.0,0.0,100,300.65,273.5,0,0.0,0.0,,0.0,1,12.98,20.16,SPY190930C00284000,284.0,normalDay
2019-07-15,125.0,2005.0,0.0,100,300.75,273.5,0,0.0,0.0,,0.0,1,12.98,20.18,SPY190930C00284000,284.0,normalDay
2019-07-16,125.0,1982.0,0.0,100,299.78,273.5,0,0.0,0.0,,0.0,1,12.98,19.44,SPY190930C00284000,284.0,normalDay
2019-07-17,125.0,1941.0,0.0,100,297.74,273.5,0,0.0,0.0,,0.0,1,12.98,17.81,SPY190930C00284000,284.0,normalDay
2019-07-18,125.0,1977.0,0.0,100,298.83,273.5,0,0.0,0.0,,0.0,1,12.98,18.54,SPY190930C00284000,284.0,normalDay
2019-07-19,125.0,1949.0,0.0,100,297.17,273.5,0,0.0,0.0,,0.0,1,12.98,17.16,SPY190930C00284000,284.0,normalDay
2019-07-22,125.0,1999.0,0.0,100,297.9,273.5,0,0.0,0.0,,0.0,1,12.98,17.39,SPY190930C00284000,284.0,normalDay
2019-07-23,125.0,2058.0,0.0,100,300.03,273.5,0,0.0,0.0,,0.0,1,12.98,18.93,SPY190930C00284000,284.0,normalDay
2019-07-24,125.0,2083.0,0.0,100,301.44,273.5,0,0.0,0.0,,0.0,1,12.98,20.09,SPY190930C00284000,284.0,normalDay
2019-07-25,125.0,2056.0,0.0,100,300.0,273.5,0,0.0,0.0,,0.0,1,12.98,18.92,SPY190930C00284000,284.0,normalDay
2019-07-26,125.0,2092.0,0.0,100,302.01,273.5,0,0.0,0.0,,0.0,1,12.98,20.57,SPY190930C00284000,284.0,normalDay
2019-07-29,125.0,2069.0,0.0,100,301.46,273.5,0,0.0,0.0,,0.0,1,12.98,20.25,SPY190930C00284000,284.0,normalDay
2019-07-30,125.0,2068.0,0.0,100,300.72,273.5,0,0.0,0.0,,0.0,1,12.98,19.52,SPY190930C00284000,284.0,normalDay
2019-07-31,125.0,1994.0,0.0,100,297.43,273.5,0,0.0,0.0,,0.0,1,12.98,16.97,SPY190930C00284000,284.0,normalDay
2019-08-01,125.0,1875.0,0.0,100,294.84,273.5,0,0.0,0.0,,0.0,1,12.98,15.57,SPY190930C00284000,284.0,normalDay
2019-08-02,125.0,1827.0,0.0,100,292.62,273.5,0,0.0,0.0,,0.0,1,12.98,13.83,SPY190930C00284000,284.0,normalDay
2019-08-05,125.0,1453.0,0.0,100,283.82,273.5,0,0.0,0.0,,0.0,1,12.98,8.77,SPY190930C00284000,284.0,normalDay
2019-08-06,125.0,1685.0,0.0,100,287.8,273.5,0,0.0,0.0,,0.0,1,12.98,10.43,SPY190930C00284000,284.0,normalDay
2019-08-07,125.0,1703.0,0.0,100,287.97,273.5,0,0.0,0.0,,0.0,1,12.98,10.42,SPY190930C00284000,284.0,normalDay
2019-08-08,125.0,1931.0,0.0,100,293.62,273.5,0,0.0,0.0,,0.0,1,12.98,13.79,SPY190930C00284000,284.0,normalDay
2019-08-09,125.0,1851.0,0.0,100,291.62,273.5,0,0.0,0.0,,0.0,1,12.98,12.59,SPY190930C00284000,284.0,normalDay
2019-08-12,125.0,1716.0,0.0,100,288.07,273.5,0,0.0,0.0,,0.0,1,12.98,10.39,SPY190930C00284000,284.0,normalDay
2019-08-13,125.0,1912.0,0.0,100,292.55,273.5,0,0.0,0.0,,0.0,1,12.98,12.91,SPY190930C00284000,284.0,normalDay
2019-08-14,125.0,1525.0,0.0,100,283.9,273.5,0,0.0,0.0,,0.0,1,12.98,8.13,SPY190930C00284000,284.0,normalDay
2019-08-15,125.0,1587.0,0.0,100,284.65,273.5,0,0.0,0.0,,0.0,1,12.98,8.26,SPY190930C00284000,284.0,normalDay
2019-08-16,125.0,1827.0,0.0,100,288.85,273.5,0,0.0,0.0,,0.0,1,12.98,10.06,SPY190930C00284000,284.0,normalDay
2019-08-19,125.0,2004.0,0.0,100,292.33,273.5,0,0.0,0.0,,0.0,1,12.98,11.77,SPY190930C00284000,284.0,normalDay
2019-08-20,125.0,1946.0,0.0,100,290.09,273.5,0,0.0,0.0,,0.0,1,12.98,10.11,SPY190930C00284000,284.0,normalDay
2019-08-21,125.0,2016.0,0.0,100,292.45,273.5,0,0.0,0.0,,0.0,1,12.98,11.77,SPY190930C00284000,284.0,normalDay
2019-08-22,125.0,2028.0,0.0,100,292.36,273.5,0,0.0,0.0,,0.0,1,12.98,11.56,SPY190930C00284000,284.0,normalDay
2019-08-23,125.0,1678.0,0.0,100,284.85,273.5,0,0.0,0.0,,0.0,1,12.98,7.55,SPY190930C00284000,284.0,normalDay
2019-08-26,125.0,1856.0,0.0,100,288.0,273.5,0,0.0,0.0,,0.0,1,12.98,8.92,SPY190930C00284000,284.0,normalDay
2019-08-27,125.0,1830.0,0.0,100,286.87,273.5,0,0.0,0.0,,0.0,1,12.98,8.05,SPY190930C00284000,284.0,normalDay
2019-08-28,125.0,1918.0,0.0,100,288.89,273.5,0,0.0,0.0,,0.0,1,12.98,9.19,SPY190930C00284000,284.0,normalDay
2019-08-29,125.0,2067.0,0.0,100,292.58,273.5,0,0.0,0.0,,0.0,1,12.98,11.39,SPY190930C00284000,284.0,normalDay
2019-08-30,125.0,2057.0,0.0,100,292.45,273.5,0,0.0,0.0,,0.0,1,12.98,11.36,SPY190930C00284000,284.0,normalDay
2019-09-03,125.0,2043.0,0.0,100,290.74,273.5,0,0.0,0.0,,0.0,1,12.98,9.79,SPY190930C00284000,284.0,normalDay
2019-09-04,125.0,2169.0,0.0,100,294.04,273.5,0,0.0,0.0,,0.0,1,12.98,11.83,SPY190930C00284000,284.0,normalDay
2019-09-05,125.0,2272.0,0.0,100,297.82,273.5,0,0.0,0.0,,0.0,1,12.98,14.58,SPY190930C00284000,284.0,normalDay
2019-09-06,125.0,2256.0,0.0,100,298.05,273.5,0,0.0,0.0,,0.0,1,12.98,14.97,SPY190930C00284000,284.0,normalDay
2019-09-09,125.0,2290.0,0.0,100,298.2,273.5,0,0.0,0.0,,0.0,1,12.98,14.78,SPY190930C00284000,284.0,normalDay
2019-09-10,125.0,2297.0,0.0,100,298.13,273.5,0,0.0,0.0,,0.0,1,12.98,14.64,SPY190930C00284000,284.0,normalDay
2019-09-11,125.0,2303.0,0.0,100,300.25,273.5,0,0.0,0.0,,0.0,1,12.98,16.7,SPY190930C00284000,284.0,normalDay
2019-09-12,125.0,2287.0,0.0,100,301.29,273.5,0,0.0,0.0,,0.0,1,12.98,17.9,SPY190930C00284000,284.0,normalDay
2019-09-13,125.0,2309.0,0.0,100,301.09,273.5,0,0.0,0.0,,0.0,1,12.98,17.48,SPY190930C00284000,284.0,normalDay
2019-09-16,125.0,2298.0,0.0,100,300.16,273.5,0,0.0,0.0,,0.0,1,12.98,16.66,SPY190930C00284000,284.0,normalDay
2019-09-17,125.0,2327.0,0.0,100,300.92,273.5,0,0.0,0.0,,0.0,1,12.98,17.13,SPY190930C00284000,284.0,normalDay
2019-09-18,125.0,2305.0,0.0,100,301.1,273.5,0,0.0,0.0,,0.0,1,12.98,17.53,SPY190930C00284000,284.0,normalDay
2019-09-19,125.0,2330.0,0.0,100,301.08,273.5,0,0.0,0.0,,0.0,1,12.98,17.26,SPY190930C00284000,284.0,normalDay
2019-09-20,125.0,2304.0,0.0,100,298.28,273.5,0,0.0,0.0,,0.0,1,12.98,14.72,SPY190930C00284000,284.0,normalDay
2019-09-23,125.0,2298.0,0.0,100,298.21,273.5,0,0.0,0.0,,0.0,1,12.98,14.71,SPY190930C00284000,284.0,normalDay
2019-09-24,125.0,2281.0,0.0,100,295.87,273.5,0,0.0,0.0,,0.0,1,12.98,12.54,SPY190930C00284000,284.0,normalDay
2019-09-25,125.0,2338.0,0.0,100,297.62,273.5,0,0.0,0.0,,0.0,1,12.98,13.72,SPY190930C00284000,284.0,normalDay
2019-09-26,125.0,2322.0,0.0,100,297.0,273.5,0,0.0,0.0,,0.0,1,12.98,13.26,SPY190930C00284000,284.0,normalDay
2019-09-27,125.0,2327.0,0.0,100,295.4,273.5,0,0.0,0.0,,0.0,1,12.98,11.61,SPY190930C00284000,284.0,normalDay
2019-09-30,2473.0,2327.0,2348.0,0,296.77,0.0,0,0.0,0.0,,0.0,1,12.98,0.0,SPY190930C00284000,284.0,expirationDay
2019-10-01,2473.0,-4.0,0.0,0,293.24,0.0,1,4.45,4.49,SPY191004P00297500,297.5,0,0.0,0.0,,0.0,normalDay
2019-10-02,2473.0,-569.0,0.0,0,288.06,0.0,1,4.45,10.14,SPY191004P00297500,297.5,0,0.0,0.0,,0.0,normalDay
2019-10-03,2473.0,-271.0,0.0,0,290.42,0.0,1,4.45,7.16,SPY191004P00297500,297.5,0,0.0,0.0,,0.0,normalDay
2019-10-04,2918.0,-315.0,445.0,100,294.35,297.5,1,4.45,0.0,SPY191004P00297500,297.5,0,0.0,0.0,,0.0,expirationDay
2019-10-07,2918.0,-466.0,0.0,100,293.08,297.5,0,0.0,0.0,,0.0,1,13.62,13.86,SPY200930C00304000,304.0,normalDay
2019-10-08,2918.0,-746.0,0.0,100,288.53,297.5,0,0.0,0.0,,0.0,1,13.62,12.11,SPY200930C00304000,304.0,normalDay
2019-10-09,2918.0,-563.0,0.0,100,291.27,297.5,0,0.0,0.0,,0.0,1,13.62,13.02,SPY200930C00304000,304.0,normalDay
2019-10-10,2918.0,-463.0,0.0,100,293.24,297.5,0,0.0,0.0,,0.0,1,13.62,13.99,SPY200930C00304000,304.0,normalDay
2019-10-11,2918.0,-307.0,0.0,100,296.28,297.5,0,0.0,0.0,,0.0,1,13.62,15.47,SPY200930C00304000,304.0,normalDay
2019-10-14,2918.0,-245.0,0.0,100,295.95,297.5,0,0.0,0.0,,0.0,1,13.62,14.52,SPY200930C00304000,304.0,normalDay
2019-10-15,2918.0,-92.0,0.0,100,298.88,297.5,0,0.0,0.0,,0.0,1,13.62,15.92,SPY200930C00304000,304.0,normalDay
2019-10-16,2918.0,-101.0,0.0,100,298.4,297.5,0,0.0,0.0,,0.0,1,13.62,15.53,SPY200930C00304000,304.0,normalDay
2019-10-17,2918.0,-50.0,0.0,100,299.28,297.5,0,0.0,0.0,,0.0,1,13.62,15.9,SPY200930C00304000,304.0,normalDay
2019-10-18,2918.0,-142.0,0.0,100,297.97,297.5,0,0.0,0.0,,0.0,1,13.62,15.51,SPY200930C00304000,304.0,normalDay
2019-10-21,2918.0,-23.0,0.0,100,299.99,297.5,0,0.0,0.0,,0.0,1,13.62,16.34,SPY200930C00304000,304.0,normalDay
2019-10-22,2918.0,-60.0,0.0,100,299.01,297.5,0,0.0,0.0,,0.0,1,13.62,15.73,SPY200930C00304000,304.0,normalDay
2019-10-23,2918.0,-35.0,0.0,100,299.88,297.5,0,0.0,0.0,,0.0,1,13.62,16.35,SPY200930C00304000,304.0,normalDay
2019-10-24,2918.0,14.0,0.0,100,300.37,297.5,0,0.0,0.0,,0.0,1,13.62,16.35,SPY200930C00304000,304.0,normalDay
2019-10-25,2918.0,74.0,0.0,100,301.6,297.5,0,0.0,0.0,,0.0,1,13.62,16.98,SPY200930C00304000,304.0,normalDay
2019-10-28,2918.0,145.0,0.0,100,303.3,297.5,0,0.0,0.0,,0.0,1,13.62,17.97,SPY200930C00304000,304.0,normalDay
2019-10-29,2918.0,136.0,0.0,100,303.21,297.5,0,0.0,0.0,,0.0,1,13.62,17.97,SPY200930C00304000,304.0,normalDay
2019-10-30,2918.0,174.0,0.0,100,304.14,297.5,0,0.0,0.0,,0.0,1,13.62,18.52,SPY200930C00304000,304.0,normalDay
2019-10-31,2918.0,156.0,0.0,100,303.33,297.5,0,0.0,0.0,,0.0,1,13.62,17.89,SPY200930C00304000,304.0,normalDay
2019-11-01,2918.0,272.0,0.0,100,306.14,297.5,0,0.0,0.0,,0.0,1,13.62,19.54,SPY200930C00304000,304.0,normalDay
2019-11-04,2918.0,317.0,0.0,100,307.37,297.5,0,0.0,0.0,,0.0,1,13.62,20.32,SPY200930C00304000,304.0,normalDay
2019-11-05,2918.0,284.0,0.0,100,307.03,297.5,0,0.0,0.0,,0.0,1,13.62,20.31,SPY200930C00304000,304.0,normalDay
2019-11-06,2918.0,270.0,0.0,100,307.1,297.5,0,0.0,0.0,,0.0,1,13.62,20.52,SPY200930C00304000,304.0,normalDay
2019-11-07,2918.0,312.0,0.0,100,308.18,297.5,0,0.0,0.0,,0.0,1,13.62,21.18,SPY200930C00304000,304.0,normalDay
2019-11-08,2918.0,340.0,0.0,100,308.94,297.5,0,0.0,0.0,,0.0,1,13.62,21.66,SPY200930C00304000,304.0,normalDay
2019-11-11,2918.0,318.0,0.0,100,308.35,297.5,0,0.0,0.0,,0.0,1,13.62,21.29,SPY200930C00304000,304.0,normalDay
2019-11-12,2918.0,373.0,0.0,100,309.0,297.5,0,0.0,0.0,,0.0,1,13.62,21.39,SPY200930C00304000,304.0,normalDay
2019-11-13,2918.0,364.0,0.0,100,309.1,297.5,0,0.0,0.0,,0.0,1,13.62,21.58,SPY200930C00304000,304.0,normalDay
2019-11-14,2918.0,390.0,0.0,100,309.55,297.5,0,0.0,0.0,,0.0,1,13.62,21.77,SPY200930C00304000,304.0,normalDay
2019-11-15,2918.0,489.0,0.0,100,311.79,297.5,0,0.0,0.0,,0.0,1,13.62,23.02,SPY200930C00304000,304.0,normalDay
2019-11-18,2918.0,504.0,0.0,100,312.02,297.5,0,0.0,0.0,,0.0,1,13.62,23.1,SPY200930C00304000,304.0,normalDay
2019-11-19,2918.0,507.0,0.0,100,311.93,297.5,0,0.0,0.0,,0.0,1,13.62,22.98,SPY200930C00304000,304.0,normalDay
2019-11-20,2918.0,455.0,0.0,100,310.77,297.5,0,0.0,0.0,,0.0,1,13.62,22.34,SPY200930C00304000,304.0,normalDay
2019-11-21,2918.0,411.0,0.0,100,310.27,297.5,0,0.0,0.0,,0.0,1,13.62,22.28,SPY200930C00304000,304.0,normalDay
2019-11-22,2918.0,444.0,0.0,100,310.96,297.5,0,0.0,0.0,,0.0,1,13.62,22.64,SPY200930C00304000,304.0,normalDay
2019-11-25,2918.0,578.0,0.0,100,313.37,297.5,0,0.0,0.0,,0.0,1,13.62,23.71,SPY200930C00304000,304.0,normalDay
2019-11-26,2918.0,595.0,0.0,100,314.08,297.5,0,0.0,0.0,,0.0,1,13.62,24.25,SPY200930C00304000,304.0,normalDay
2019-11-27,2918.0,640.0,0.0,100,315.48,297.5,0,0.0,0.0,,0.0,1,13.62,25.2,SPY200930C00304000,304.0,normalDay
2019-11-29,2918.0,580.0,0.0,100,314.31,297.5,0,0.0,0.0,,0.0,1,13.62,24.63,SPY200930C00304000,304.0,normalDay
2019-12-02,2918.0,480.0,0.0,100,311.64,297.5,0,0.0,0.0,,0.0,1,13.62,22.96,SPY200930C00304000,304.0,normalDay
2019-12-03,2918.0,398.0,0.0,100,309.55,297.5,0,0.0,0.0,,0.0,1,13.62,21.69,SPY200930C00304000,304.0,normalDay
2019-12-04,2918.0,501.0,0.0,100,311.46,297.5,0,0.0,0.0,,0.0,1,13.62,22.57,SPY200930C00304000,304.0,normalDay
2019-12-05,2918.0,512.0,0.0,100,312.02,297.5,0,0.0,0.0,,0.0,1,13.62,23.02,SPY200930C00304000,304.0,normalDay
2019-12-06,2918.0,627.0,0.0,100,314.87,297.5,0,0.0,0.0,,0.0,1,13.62,24.72,SPY200930C00304000,304.0,normalDay
2019-12-09,2918.0,580.0,0.0,100,313.88,297.5,0,0.0,0.0,,0.0,1,13.62,24.2,SPY200930C00304000,304.0,normalDay
2019-12-10,2918.0,542.0,0.0,100,313.53,297.5,0,0.0,0.0,,0.0,1,13.62,24.23,SPY200930C00304000,304.0,normalDay
2019-12-11,2918.0,591.0,0.0,100,314.42,297.5,0,0.0,0.0,,0.0,1,13.62,24.63,SPY200930C00304000,304.0,normalDay
2019-12-12,2918.0,719.0,0.0,100,317.13,297.5,0,0.0,0.0,,0.0,1,13.62,26.06,SPY200930C00304000,304.0,normalDay
2019-12-13,2918.0,761.0,0.0,100,317.32,297.5,0,0.0,0.0,,0.0,1,13.62,25.83,SPY200930C00304000,304.0,normalDay
2019-12-16,2918.0,825.0,0.0,100,319.5,297.5,0,0.0,0.0,,0.0,1,13.62,27.37,SPY200930C00304000,304.0,normalDay
2019-12-17,2918.0,841.0,0.0,100,319.57,297.5,0,0.0,0.0,,0.0,1,13.62,27.28,SPY200930C00304000,304.0,normalDay
2019-12-18,2918.0,827.0,0.0,100,319.59,297.5,0,0.0,0.0,,0.0,1,13.62,27.44,SPY200930C00304000,304.0,normalDay
2019-12-19,2918.0,855.0,0.0,100,320.9,297.5,0,0.0,0.0,,0.0,1,13.62,28.47,SPY200930C00304000,304.0,normalDay
2019-12-20,2918.0,730.0,0.0,100,320.73,297.5,0,0.0,0.0,,0.0,1,13.62,29.55,SPY200930C00304000,304.0,normalDay
2019-12-23,2918.0,778.0,0.0,100,321.22,297.5,0,0.0,0.0,,0.0,1,13.62,29.56,SPY200930C00304000,304.0,normalDay
2019-12-24,2918.0,782.0,0.0,100,321.23,297.5,0,0.0,0.0,,0.0,1,13.62,29.53,SPY200930C00304000,304.0,normalDay
2019-12-26,2918.0,829.0,0.0,100,322.94,297.5,0,0.0,0.0,,0.0,1,13.62,30.77,SPY200930C00304000,304.0,normalDay
2019-12-27,2918.0,843.0,0.0,100,322.86,297.5,0,0.0,0.0,,0.0,1,13.62,30.55,SPY200930C00304000,304.0,normalDay
2019-12-30,2918.0,760.0,0.0,100,321.08,297.5,0,0.0,0.0,,0.0,1,13.62,29.6,SPY200930C00304000,304.0,normalDay
2019-12-31,2918.0,795.0,0.0,100,321.86,297.5,0,0.0,0.0,,0.0,1,13.62,30.03,SPY200930C00304000,304.0,normalDay
2020-01-02,2918.0,933.0,0.0,100,324.87,297.5,0,0.0,0.0,,0.0,1,13.62,31.66,SPY200930C00304000,304.0,normalDay
2020-01-03,2918.0,827.0,0.0,100,322.41,297.5,0,0.0,0.0,,0.0,1,13.62,30.26,SPY200930C00304000,304.0,normalDay
2020-01-06,2918.0,890.0,0.0,100,323.64,297.5,0,0.0,0.0,,0.0,1,13.62,30.86,SPY200930C00304000,304.0,normalDay
2020-01-07,2918.0,905.0,0.0,100,322.73,297.5,0,0.0,0.0,,0.0,1,13.62,29.8,SPY200930C00304000,304.0,normalDay
2020-01-08,2918.0,929.0,0.0,100,324.45,297.5,0,0.0,0.0,,0.0,1,13.62,31.28,SPY200930C00304000,304.0,normalDay
2020-01-09,2918.0,1022.0,0.0,100,326.65,297.5,0,0.0,0.0,,0.0,1,13.62,32.55,SPY200930C00304000,304.0,normalDay
2020-01-10,2918.0,1015.0,0.0,100,325.71,297.5,0,0.0,0.0,,0.0,1,13.62,31.68,SPY200930C00304000,304.0,normalDay
2020-01-13,2918.0,1073.0,0.0,100,327.95,297.5,0,0.0,0.0,,0.0,1,13.62,33.34,SPY200930C00304000,304.0,normalDay
2020-01-14,2918.0,1059.0,0.0,100,327.45,297.5,0,0.0,0.0,,0.0,1,13.62,32.98,SPY200930C00304000,304.0,normalDay
2020-01-15,2918.0,1093.0,0.0,100,328.19,297.5,0,0.0,0.0,,0.0,1,13.62,33.38,SPY200930C00304000,304.0,normalDay
2020-01-16,2918.0,1177.0,0.0,100,330.92,297.5,0,0.0,0.0,,0.0,1,13.62,35.27,SPY200930C00304000,304.0,normalDay
2020-01-17,2918.0,1204.0,0.0,100,331.95,297.5,0,0.0,0.0,,0.0,1,13.62,36.03,SPY200930C00304000,304.0,normalDay
2020-01-21,2918.0,1180.0,0.0,100,331.3,297.5,0,0.0,0.0,,0.0,1,13.62,35.62,SPY200930C00304000,304.0,normalDay
2020-01-22,2918.0,1180.0,0.0,100,331.34,297.5,0,0.0,0.0,,0.0,1,13.62,35.66,SPY200930C00304000,304.0,normalDay
2020-01-23,2918.0,1180.0,0.0,100,331.72,297.5,0,0.0,0.0,,0.0,1,13.62,36.04,SPY200930C00304000,304.0,normalDay
2020-01-24,2918.0,1079.0,0.0,100,328.77,297.5,0,0.0,0.0,,0.0,1,13.62,34.1,SPY200930C00304000,304.0,normalDay
2020-01-27,2918.0,944.0,0.0,100,323.5,297.5,0,0.0,0.0,,0.0,1,13.62,30.18,SPY200930C00304000,304.0,normalDay
2020-01-28,2918.0,1034.0,0.0,100,326.89,297.5,0,0.0,0.0,,0.0,1,13.62,32.67,SPY200930C00304000,304.0,normalDay
2020-01-29,2918.0,1048.0,0.0,100,326.62,297.5,0,0.0,0.0,,0.0,1,13.62,32.26,SPY200930C00304000,304.0,normalDay
2020-01-30,2918.0,1033.0,0.0,100,327.68,297.5,0,0.0,0.0,,0.0,1,13.62,33.47,SPY200930C00304000,304.0,normalDay
2020-01-31,2918.0,888.0,0.0,100,321.73,297.5,0,0.0,0.0,,0.0,1,13.62,28.97,SPY200930C00304000,304.0,normalDay
2020-02-03,2918.0,1018.0,0.0,100,324.12,297.5,0,0.0,0.0,,0.0,1,13.62,30.06,SPY200930C00304000,304.0,normalDay
2020-02-04,2918.0,1151.0,0.0,100,329.06,297.5,0,0.0,0.0,,0.0,1,13.62,33.67,SPY200930C00304000,304.0,normalDay
2020-02-05,2918.0,1235.0,0.0,100,332.86,297.5,0,0.0,0.0,,0.0,1,13.62,36.63,SPY200930C00304000,304.0,normalDay
2020-02-06,2918.0,1294.0,0.0,100,333.98,297.5,0,0.0,0.0,,0.0,1,13.62,37.16,SPY200930C00304000,304.0,normalDay
2020-02-07,2918.0,1233.0,0.0,100,332.2,297.5,0,0.0,0.0,,0.0,1,13.62,35.99,SPY200930C00304000,304.0,normalDay
2020-02-10,2918.0,1278.0,0.0,100,334.68,297.5,0,0.0,0.0,,0.0,1,13.62,38.02,SPY200930C00304000,304.0,normalDay
2020-02-11,2918.0,1301.0,0.0,100,335.26,297.5,0,0.0,0.0,,0.0,1,13.62,38.37,SPY200930C00304000,304.0,normalDay
2020-02-12,2918.0,1363.0,0.0,100,337.42,297.5,0,0.0,0.0,,0.0,1,13.62,39.91,SPY200930C00304000,304.0,normalDay
2020-02-13,2918.0,1339.0,0.0,100,337.06,297.5,0,0.0,0.0,,0.0,1,13.62,39.79,SPY200930C00304000,304.0,normalDay
2020-02-14,2918.0,1361.0,0.0,100,337.6,297.5,0,0.0,0.0,,0.0,1,13.62,40.11,SPY200930C00304000,304.0,normalDay
2020-02-18,2918.0,1349.0,0.0,100,336.73,297.5,0,0.0,0.0,,0.0,1,13.62,39.36,SPY200930C00304000,304.0,normalDay
2020-02-19,2918.0,1362.0,0.0,100,338.34,297.5,0,0.0,0.0,,0.0,1,13.62,40.84,SPY200930C00304000,304.0,normalDay
2020-02-20,2918.0,1337.0,0.0,100,336.95,297.5,0,0.0,0.0,,0.0,1,13.62,39.7,SPY200930C00304000,304.0,normalDay
2020-02-21,2918.0,1221.0,0.0,100,333.48,297.5,0,0.0,0.0,,0.0,1,13.62,37.39,SPY200930C00304000,304.0,normalDay
2020-02-24,2918.0,914.0,0.0,100,322.42,297.5,0,0.0,0.0,,0.0,1,13.62,29.4,SPY200930C00304000,304.0,normalDay
2020-02-25,2918.0,497.0,0.0,100,312.65,297.5,0,0.0,0.0,,0.0,1,13.62,23.8,SPY200930C00304000,304.0,normalDay
2020-02-26,2918.0,549.0,0.0,100,311.5,297.5,0,0.0,0.0,,0.0,1,13.62,22.13,SPY200930C00304000,304.0,normalDay
2020-02-27,2918.0,-389.0,0.0,100,297.51,297.5,0,0.0,0.0,,0.0,1,13.62,17.52,SPY200930C00304000,304.0,normalDay
2020-02-28,2918.0,-501.0,0.0,100,296.26,297.5,0,0.0,0.0,,0.0,1,13.62,17.39,SPY200930C00304000,304.0,normalDay
2020-03-02,2918.0,330.0,0.0,100,309.09,297.5,0,0.0,0.0,,0.0,1,13.62,21.91,SPY200930C00304000,304.0,normalDay
2020-03-03,2918.0,-168.0,0.0,100,300.24,297.5,0,0.0,0.0,,0.0,1,13.62,18.04,SPY200930C00304000,304.0,normalDay
2020-03-04,2918.0,515.0,0.0,100,312.86,297.5,0,0.0,0.0,,0.0,1,13.62,23.83,SPY200930C00304000,304.0,normalDay
2020-03-05,2918.0,-143.0,0.0,100,302.46,297.5,0,0.0,0.0,,0.0,1,13.62,20.01,SPY200930C00304000,304.0,normalDay
2020-03-06,2918.0,-520.0,0.0,100,297.46,297.5,0,0.0,0.0,,0.0,1,13.62,18.78,SPY200930C00304000,304.0,normalDay
2020-03-09,2918.0,-2016.0,0.0,100,274.23,297.5,0,0.0,0.0,,0.0,1,13.62,10.51,SPY200930C00304000,304.0,normalDay
2020-03-10,2918.0,-1068.0,0.0,100,288.42,297.5,0,0.0,0.0,,0.0,1,13.62,15.22,SPY200930C00304000,304.0,normalDay
2020-03-11,2918.0,-2029.0,0.0,100,274.36,297.5,0,0.0,0.0,,0.0,1,13.62,10.77,SPY200930C00304000,304.0,normalDay
2020-03-12,2918.0,-4258.0,0.0,100,248.11,297.5,0,0.0,0.0,,0.0,1,13.62,6.81,SPY200930C00304000,304.0,normalDay
2020-03-13,2918.0,-2312.0,0.0,100,269.32,297.5,0,0.0,0.0,,0.0,1,13.62,8.56,SPY200930C00304000,304.0,normalDay
2020-03-16,2918.0,-5082.0,0.0,100,239.85,297.5,0,0.0,0.0,,0.0,1,13.62,6.79,SPY200930C00304000,304.0,normalDay
2020-03-17,2918.0,-3820.0,0.0,100,252.8,297.5,0,0.0,0.0,,0.0,1,13.62,7.12,SPY200930C00304000,304.0,normalDay
2020-03-18,2918.0,-4895.0,0.0,100,240.0,297.5,0,0.0,0.0,,0.0,1,13.62,5.07,SPY200930C00304000,304.0,normalDay
2020-03-19,2918.0,-4710.0,0.0,100,240.51,297.5,0,0.0,0.0,,0.0,1,13.62,3.73,SPY200930C00304000,304.0,normalDay
2020-03-20,2918.0,-5677.0,0.0,100,228.8,297.5,0,0.0,0.0,,0.0,1,13.62,1.69,SPY200930C00304000,304.0,normalDay
2020-03-23,2918.0,-6193.0,0.0,100,222.95,297.5,0,0.0,0.0,,0.0,1,13.62,1.0,SPY200930C00304000,304.0,normalDay
2020-03-24,2918.0,-4372.0,0.0,100,243.15,297.5,0,0.0,0.0,,0.0,1,13.62,2.99,SPY200930C00304000,304.0,normalDay
2020-03-25,2918.0,-4144.0,0.0,100,246.79,297.5,0,0.0,0.0,,0.0,1,13.62,4.35,SPY200930C00304000,304.0,normalDay
2020-03-26,2918.0,-2942.0,0.0,100,261.2,297.5,0,0.0,0.0,,0.0,1,13.62,6.74,SPY200930C00304000,304.0,normalDay
2020-03-27,2918.0,-3500.0,0.0,100,253.42,297.5,0,0.0,0.0,,0.0,1,13.62,4.54,SPY200930C00304000,304.0,normalDay
2020-03-30,2918.0,-2813.0,0.0,100,261.65,297.5,0,0.0,0.0,,0.0,1,13.62,5.9,SPY200930C00304000,304.0,normalDay
2020-03-31,2918.0,-3046.0,0.0,100,257.75,297.5,0,0.0,0.0,,0.0,1,13.62,4.33,SPY200930C00304000,304.0,normalDay
2020-04-01,2918.0,-4075.0,0.0,100,246.15,297.5,0,0.0,0.0,,0.0,1,13.62,3.02,SPY200930C00304000,304.0,normalDay
2020-04-02,2918.0,-3599.0,0.0,100,251.83,297.5,0,0.0,0.0,,0.0,1,13.62,3.94,SPY200930C00304000,304.0,normalDay
2020-04-03,2918.0,-3854.0,0.0,100,248.19,297.5,0,0.0,0.0,,0.0,1,13.62,2.85,SPY200930C00304000,304.0,normalDay
2020-04-06,2918.0,-2514.0,0.0,100,264.86,297.5,0,0.0,0.0,,0.0,1,13.62,6.12,SPY200930C00304000,304.0,normalDay
2020-04-07,2918.0,-2461.0,0.0,100,265.13,297.5,0,0.0,0.0,,0.0,1,13.62,5.86,SPY200930C00304000,304.0,normalDay
2020-04-08,2918.0,-1904.0,0.0,100,274.03,297.5,0,0.0,0.0,,0.0,1,13.62,9.19,SPY200930C00304000,304.0,normalDay
2020-04-09,2918.0,-1671.0,0.0,100,278.2,297.5,0,0.0,0.0,,0.0,1,13.62,11.03,SPY200930C00304000,304.0,normalDay
2020-04-13,2918.0,-1759.0,0.0,100,275.66,297.5,0,0.0,0.0,,0.0,1,13.62,9.37,SPY200930C00304000,304.0,normalDay
2020-04-14,2918.0,-1201.0,0.0,100,283.79,297.5,0,0.0,0.0,,0.0,1,13.62,11.92,SPY200930C00304000,304.0,normalDay
2020-04-15,2918.0,-1620.0,0.0,100,277.76,297.5,0,0.0,0.0,,0.0,1,13.62,10.08,SPY200930C00304000,304.0,normalDay
2020-04-16,2918.0,-1555.0,0.0,100,279.1,297.5,0,0.0,0.0,,0.0,1,13.62,10.77,SPY200930C00304000,304.0,normalDay
2020-04-17,2918.0,-1095.0,0.0,100,286.64,297.5,0,0.0,0.0,,0.0,1,13.62,13.71,SPY200930C00304000,304.0,normalDay
2020-04-20,2918.0,-1471.0,0.0,100,281.59,297.5,0,0.0,0.0,,0.0,1,13.62,12.42,SPY200930C00304000,304.0,normalDay
2020-04-21,2918.0,-2060.0,0.0,100,273.04,297.5,0,0.0,0.0,,0.0,1,13.62,9.76,SPY200930C00304000,304.0,normalDay
2020-04-22,2918.0,-1606.0,0.0,100,279.1,297.5,0,0.0,0.0,,0.0,1,13.62,11.28,SPY200930C00304000,304.0,normalDay
2020-04-23,2918.0,-1589.0,0.0,100,279.08,297.5,0,0.0,0.0,,0.0,1,13.62,11.09,SPY200930C00304000,304.0,normalDay
2020-04-24,2918.0,-1254.0,0.0,100,282.97,297.5,0,0.0,0.0,,0.0,1,13.62,11.63,SPY200930C00304000,304.0,normalDay
2020-04-27,2918.0,-908.0,0.0,100,287.05,297.5,0,0.0,0.0,,0.0,1,13.62,12.25,SPY200930C00304000,304.0,normalDay
2020-04-28,2918.0,-971.0,0.0,100,285.73,297.5,0,0.0,0.0,,0.0,1,13.62,11.56,SPY200930C00304000,304.0,normalDay
2020-04-29,2918.0,-504.0,0.0,100,293.21,297.5,0,0.0,0.0,,0.0,1,13.62,14.37,SPY200930C00304000,304.0,normalDay
2020-04-30,2918.0,-631.0,0.0,100,290.48,297.5,0,0.0,0.0,,0.0,1,13.62,12.91,SPY200930C00304000,304.0,normalDay
2020-05-01,2918.0,-1158.0,0.0,100,282.79,297.5,0,0.0,0.0,,0.0,1,13.62,10.49,SPY200930C00304000,304.0,normalDay
2020-05-04,2918.0,-1048.0,0.0,100,283.57,297.5,0,0.0,0.0,,0.0,1,13.62,10.17,SPY200930C00304000,304.0,normalDay
2020-05-05,2918.0,-876.0,0.0,100,286.19,297.5,0,0.0,0.0,,0.0,1,13.62,11.07,SPY200930C00304000,304.0,normalDay
2020-05-06,2918.0,-968.0,0.0,100,284.25,297.5,0,0.0,0.0,,0.0,1,13.62,10.05,SPY200930C00304000,304.0,normalDay
2020-05-07,2918.0,-755.0,0.0,100,287.68,297.5,0,0.0,0.0,,0.0,1,13.62,11.35,SPY200930C00304000,304.0,normalDay
2020-05-08,2918.0,-401.0,0.0,100,292.44,297.5,0,0.0,0.0,,0.0,1,13.62,12.57,SPY200930C00304000,304.0,normalDay
2020-05-11,2918.0,-299.0,0.0,100,292.5,297.5,0,0.0,0.0,,0.0,1,13.62,11.61,SPY200930C00304000,304.0,normalDay
2020-05-12,2918.0,-662.0,0.0,100,286.67,297.5,0,0.0,0.0,,0.0,1,13.62,9.41,SPY200930C00304000,304.0,normalDay
2020-05-13,2918.0,-1079.0,0.0,100,281.6,297.5,0,0.0,0.0,,0.0,1,13.62,8.51,SPY200930C00304000,304.0,normalDay
2020-05-14,2918.0,-809.0,0.0,100,284.97,297.5,0,0.0,0.0,,0.0,1,13.62,9.18,SPY200930C00304000,304.0,normalDay
2020-05-15,2918.0,-651.0,0.0,100,286.28,297.5,0,0.0,0.0,,0.0,1,13.62,8.91,SPY200930C00304000,304.0,normalDay
2020-05-18,2918.0,-120.0,0.0,100,295.0,297.5,0,0.0,0.0,,0.0,1,13.62,12.32,SPY200930C00304000,304.0,normalDay
2020-05-19,2918.0,-313.0,0.0,100,291.97,297.5,0,0.0,0.0,,0.0,1,13.62,11.22,SPY200930C00304000,304.0,normalDay
2020-05-20,2918.0,-16.0,0.0,100,296.93,297.5,0,0.0,0.0,,0.0,1,13.62,13.21,SPY200930C00304000,304.0,normalDay
2020-05-21,2918.0,-131.0,0.0,100,294.88,297.5,0,0.0,0.0,,0.0,1,13.62,12.31,SPY200930C00304000,304.0,normalDay
2020-05-22,2918.0,-93.0,0.0,100,295.44,297.5,0,0.0,0.0,,0.0,1,13.62,12.49,SPY200930C00304000,304.0,normalDay
2020-05-26,2918.0,125.0,0.0,100,299.08,297.5,0,0.0,0.0,,0.0,1,13.62,13.95,SPY200930C00304000,304.0,normalDay
2020-05-27,2918.0,366.0,0.0,100,303.53,297.5,0,0.0,0.0,,0.0,1,13.62,15.99,SPY200930C00304000,304.0,normalDay
2020-05-28,2918.0,271.0,0.0,100,302.97,297.5,0,0.0,0.0,,0.0,1,13.62,16.38,SPY200930C00304000,304.0,normalDay
2020-05-29,2918.0,349.0,0.0,100,304.32,297.5,0,0.0,0.0,,0.0,1,13.62,16.95,SPY200930C00304000,304.0,normalDay
2020-06-01,2918.0,457.0,0.0,100,305.55,297.5,0,0.0,0.0,,0.0,1,13.62,17.1,SPY200930C00304000,304.0,normalDay
2020-06-02,2918.0,598.0,0.0,100,308.08,297.5,0,0.0,0.0,,0.0,1,13.62,18.22,SPY200930C00304000,304.0,normalDay
2020-06-03,2918.0,749.0,0.0,100,312.18,297.5,0,0.0,0.0,,0.0,1,13.62,20.81,SPY200930C00304000,304.0,normalDay
2020-06-04,2918.0,722.0,0.0,100,311.36,297.5,0,0.0,0.0,,0.0,1,13.62,20.26,SPY200930C00304000,304.0,normalDay
2020-06-05,2918.0,1039.0,0.0,100,319.34,297.5,0,0.0,0.0,,0.0,1,13.62,25.07,SPY200930C00304000,304.0,normalDay
2020-06-08,2918.0,1151.0,0.0,100,323.2,297.5,0,0.0,0.0,,0.0,1,13.62,27.81,SPY200930C00304000,304.0,normalDay
2020-06-09,2918.0,935.0,0.0,100,320.79,297.5,0,0.0,0.0,,0.0,1,13.62,27.56,SPY200930C00304000,304.0,normalDay
2020-06-10,2918.0,951.0,0.0,100,319.0,297.5,0,0.0,0.0,,0.0,1,13.62,25.61,SPY200930C00304000,304.0,normalDay
2020-06-11,2918.0,-162.0,0.0,100,300.61,297.5,0,0.0,0.0,,0.0,1,13.62,18.35,SPY200930C00304000,304.0,normalDay
2020-06-12,2918.0,176.0,0.0,100,304.21,297.5,0,0.0,0.0,,0.0,1,13.62,18.57,SPY200930C00304000,304.0,normalDay
2020-06-15,2918.0,326.0,0.0,100,307.05,297.5,0,0.0,0.0,,0.0,1,13.62,19.91,SPY200930C00304000,304.0,normalDay
2020-06-16,2918.0,572.0,0.0,100,312.96,297.5,0,0.0,0.0,,0.0,1,13.62,23.36,SPY200930C00304000,304.0,normalDay
2020-06-17,2918.0,492.0,0.0,100,311.66,297.5,0,0.0,0.0,,0.0,1,13.62,22.86,SPY200930C00304000,304.0,normalDay
2020-06-18,2918.0,543.0,0.0,100,311.78,297.5,0,0.0,0.0,,0.0,1,13.62,22.47,SPY200930C00304000,304.0,normalDay
2020-06-19,2918.0,423.0,0.0,100,308.64,297.5,0,0.0,0.0,,0.0,1,13.62,20.53,SPY200930C00304000,304.0,normalDay
2020-06-22,2918.0,512.0,0.0,100,310.62,297.5,0,0.0,0.0,,0.0,1,13.62,21.62,SPY200930C00304000,304.0,normalDay
2020-06-23,2918.0,600.0,0.0,100,312.05,297.5,0,0.0,0.0,,0.0,1,13.62,22.17,SPY200930C00304000,304.0,normalDay
2020-06-24,2918.0,209.0,0.0,100,304.09,297.5,0,0.0,0.0,,0.0,1,13.62,18.12,SPY200930C00304000,304.0,normalDay
2020-06-25,2918.0,419.0,0.0,100,307.35,297.5,0,0.0,0.0,,0.0,1,13.62,19.28,SPY200930C00304000,304.0,normalDay
2020-06-26,2918.0,35.0,0.0,100,300.05,297.5,0,0.0,0.0,,0.0,1,13.62,15.82,SPY200930C00304000,304.0,normalDay
2020-06-29,2918.0,378.0,0.0,100,304.46,297.5,0,0.0,0.0,,0.0,1,13.62,16.8,SPY200930C00304000,304.0,normalDay
2020-06-30,2918.0,610.0,0.0,100,308.36,297.5,0,0.0,0.0,,0.0,1,13.62,18.38,SPY200930C00304000,304.0,normalDay
2020-07-01,2918.0,730.0,0.0,100,310.52,297.5,0,0.0,0.0,,0.0,1,13.62,19.34,SPY200930C00304000,304.0,normalDay
2020-07-02,2918.0,787.0,0.0,100,312.23,297.5,0,0.0,0.0,,0.0,1,13.62,20.48,SPY200930C00304000,304.0,normalDay
2020-07-06,2918.0,983.0,0.0,100,317.05,297.5,0,0.0,0.0,,0.0,1,13.62,23.34,SPY200930C00304000,304.0,normalDay
2020-07-07,2918.0,851.0,0.0,100,313.78,297.5,0,0.0,0.0,,0.0,1,13.62,21.39,SPY200930C00304000,304.0,normalDay
2020-07-08,2918.0,954.0,0.0,100,316.18,297.5,0,0.0,0.0,,0.0,1,13.62,22.76,SPY200930C00304000,304.0,normalDay
2020-07-09,2918.0,880.0,0.0,100,314.38,297.5,0,0.0,0.0,,0.0,1,13.62,21.7,SPY200930C00304000,304.0,normalDay
2020-07-10,2918.0,1002.0,0.0,100,317.59,297.5,0,0.0,0.0,,0.0,1,13.62,23.69,SPY200930C00304000,304.0,normalDay
2020-07-13,2918.0,843.0,0.0,100,314.84,297.5,0,0.0,0.0,,0.0,1,13.62,22.53,SPY200930C00304000,304.0,normalDay
2020-07-14,2918.0,1060.0,0.0,100,318.92,297.5,0,0.0,0.0,,0.0,1,13.62,24.44,SPY200930C00304000,304.0,normalDay
2020-07-15,2918.0,1151.0,0.0,100,321.85,297.5,0,0.0,0.0,,0.0,1,13.62,26.46,SPY200930C00304000,304.0,normalDay
2020-07-16,2918.0,1223.0,0.0,100,320.79,297.5,0,0.0,0.0,,0.0,1,13.62,24.68,SPY200930C00304000,304.0,normalDay
2020-07-17,2918.0,1221.0,0.0,100,321.72,297.5,0,0.0,0.0,,0.0,1,13.62,25.63,SPY200930C00304000,304.0,normalDay
2020-07-20,2918.0,1347.0,0.0,100,324.32,297.5,0,0.0,0.0,,0.0,1,13.62,26.97,SPY200930C00304000,304.0,normalDay
2020-07-21,2918.0,1358.0,0.0,100,325.01,297.5,0,0.0,0.0,,0.0,1,13.62,27.55,SPY200930C00304000,304.0,normalDay
2020-07-22,2918.0,1450.0,0.0,100,326.86,297.5,0,0.0,0.0,,0.0,1,13.62,28.48,SPY200930C00304000,304.0,normalDay
2020-07-23,2918.0,1374.0,0.0,100,322.96,297.5,0,0.0,0.0,,0.0,1,13.62,25.34,SPY200930C00304000,304.0,normalDay
2020-07-24,2918.0,1292.0,0.0,100,320.88,297.5,0,0.0,0.0,,0.0,1,13.62,24.08,SPY200930C00304000,304.0,normalDay
2020-07-27,2918.0,1393.0,0.0,100,323.22,297.5,0,0.0,0.0,,0.0,1,13.62,25.41,SPY200930C00304000,304.0,normalDay
2020-07-28,2918.0,1351.0,0.0,100,321.17,297.5,0,0.0,0.0,,0.0,1,13.62,23.78,SPY200930C00304000,304.0,normalDay
2020-07-29,2918.0,1479.0,0.0,100,325.12,297.5,0,0.0,0.0,,0.0,1,13.62,26.45,SPY200930C00304000,304.0,normalDay
2020-07-30,2918.0,1394.0,0.0,100,323.96,297.5,0,0.0,0.0,,0.0,1,13.62,26.14,SPY200930C00304000,304.0,normalDay
2020-07-31,2918.0,1469.0,0.0,100,326.52,297.5,0,0.0,0.0,,0.0,1,13.62,27.95,SPY200930C00304000,304.0,normalDay
2020-08-03,2918.0,1561.0,0.0,100,328.79,297.5,0,0.0,0.0,,0.0,1,13.62,29.3,SPY200930C00304000,304.0,normalDay
2020-08-04,2918.0,1612.0,0.0,100,330.06,297.5,0,0.0,0.0,,0.0,1,13.62,30.06,SPY200930C00304000,304.0,normalDay
2020-08-05,2918.0,1662.0,0.0,100,332.11,297.5,0,0.0,0.0,,0.0,1,13.62,31.61,SPY200930C00304000,304.0,normalDay
2020-08-06,2918.0,1678.0,0.0,100,334.33,297.5,0,0.0,0.0,,0.0,1,13.62,33.67,SPY200930C00304000,304.0,normalDay
2020-08-07,2918.0,1704.0,0.0,100,334.57,297.5,0,0.0,0.0,,0.0,1,13.62,33.65,SPY200930C00304000,304.0,normalDay
2020-08-10,2918.0,1754.0,0.0,100,335.57,297.5,0,0.0,0.0,,0.0,1,13.62,34.15,SPY200930C00304000,304.0,normalDay
2020-08-11,2918.0,1682.0,0.0,100,332.8,297.5,0,0.0,0.0,,0.0,1,13.62,32.1,SPY200930C00304000,304.0,normalDay
2020-08-12,2918.0,1768.0,0.0,100,337.44,297.5,0,0.0,0.0,,0.0,1,13.62,35.88,SPY200930C00304000,304.0,normalDay
2020-08-13,2918.0,1783.0,0.0,100,336.83,297.5,0,0.0,0.0,,0.0,1,13.62,35.12,SPY200930C00304000,304.0,normalDay
2020-08-14,2918.0,1792.0,0.0,100,336.84,297.5,0,0.0,0.0,,0.0,1,13.62,35.04,SPY200930C00304000,304.0,normalDay
2020-08-17,2918.0,1813.0,0.0,100,337.91,297.5,0,0.0,0.0,,0.0,1,13.62,35.9,SPY200930C00304000,304.0,normalDay
2020-08-18,2918.0,1817.0,0.0,100,338.64,297.5,0,0.0,0.0,,0.0,1,13.62,36.59,SPY200930C00304000,304.0,normalDay
2020-08-19,2918.0,1810.0,0.0,100,337.23,297.5,0,0.0,0.0,,0.0,1,13.62,35.25,SPY200930C00304000,304.0,normalDay
2020-08-20,2918.0,1827.0,0.0,100,338.28,297.5,0,0.0,0.0,,0.0,1,13.62,36.13,SPY200930C00304000,304.0,normalDay
2020-08-21,2918.0,1817.0,0.0,100,339.48,297.5,0,0.0,0.0,,0.0,1,13.62,37.43,SPY200930C00304000,304.0,normalDay
2020-08-24,2918.0,1869.0,0.0,100,342.92,297.5,0,0.0,0.0,,0.0,1,13.62,40.35,SPY200930C00304000,304.0,normalDay
2020-08-25,2918.0,1868.0,0.0,100,344.12,297.5,0,0.0,0.0,,0.0,1,13.62,41.56,SPY200930C00304000,304.0,normalDay
2020-08-26,2918.0,1874.0,0.0,100,347.57,297.5,0,0.0,0.0,,0.0,1,13.62,44.95,SPY200930C00304000,304.0,normalDay
2020-08-27,2918.0,1851.0,0.0,100,348.33,297.5,0,0.0,0.0,,0.0,1,13.62,45.94,SPY200930C00304000,304.0,normalDay
2020-08-28,2918.0,1914.0,0.0,100,350.58,297.5,0,0.0,0.0,,0.0,1,13.62,47.56,SPY200930C00304000,304.0,normalDay
2020-08-31,2918.0,1822.0,0.0,100,349.31,297.5,0,0.0,0.0,,0.0,1,13.62,47.21,SPY200930C00304000,304.0,normalDay
2020-09-01,2918.0,1906.0,0.0,100,352.6,297.5,0,0.0,0.0,,0.0,1,13.62,49.66,SPY200930C00304000,304.0,normalDay
2020-09-02,2918.0,1894.0,0.0,100,357.7,297.5,0,0.0,0.0,,0.0,1,13.62,54.88,SPY200930C00304000,304.0,normalDay
2020-09-03,2918.0,1717.0,0.0,100,345.39,297.5,0,0.0,0.0,,0.0,1,13.62,44.34,SPY200930C00304000,304.0,normalDay
2020-09-04,2918.0,1855.0,0.0,100,342.57,297.5,0,0.0,0.0,,0.0,1,13.62,40.14,SPY200930C00304000,304.0,normalDay
2020-09-08,2918.0,1804.0,0.0,100,333.21,297.5,0,0.0,0.0,,0.0,1,13.62,31.29,SPY200930C00304000,304.0,normalDay
2020-09-09,2918.0,1930.0,0.0,100,339.79,297.5,0,0.0,0.0,,0.0,1,13.62,36.61,SPY200930C00304000,304.0,normalDay
2020-09-10,2918.0,1867.0,0.0,100,333.89,297.5,0,0.0,0.0,,0.0,1,13.62,31.34,SPY200930C00304000,304.0,normalDay
2020-09-11,2918.0,2001.0,0.0,100,334.06,297.5,0,0.0,0.0,,0.0,1,13.62,30.17,SPY200930C00304000,304.0,normalDay
2020-09-14,2918.0,1949.0,0.0,100,338.46,297.5,0,0.0,0.0,,0.0,1,13.62,35.09,SPY200930C00304000,304.0,normalDay
2020-09-15,2918.0,1946.0,0.0,100,340.17,297.5,0,0.0,0.0,,0.0,1,13.62,36.83,SPY200930C00304000,304.0,normalDay
2020-09-16,2918.0,1990.0,0.0,100,338.82,297.5,0,0.0,0.0,,0.0,1,13.62,35.04,SPY200930C00304000,304.0,normalDay
2020-09-17,2918.0,1957.0,0.0,100,335.84,297.5,0,0.0,0.0,,0.0,1,13.62,32.39,SPY200930C00304000,304.0,normalDay
2020-09-18,2918.0,1945.0,0.0,100,330.65,297.5,0,0.0,0.0,,0.0,1,13.62,27.32,SPY200930C00304000,304.0,normalDay
2020-09-21,2918.0,1901.0,0.0,100,326.97,297.5,0,0.0,0.0,,0.0,1,13.62,24.08,SPY200930C00304000,304.0,normalDay
2020-09-22,2918.0,1999.0,0.0,100,330.3,297.5,0,0.0,0.0,,0.0,1,13.62,26.43,SPY200930C00304000,304.0,normalDay
2020-09-23,2918.0,1935.0,0.0,100,322.64,297.5,0,0.0,0.0,,0.0,1,13.62,19.41,SPY200930C00304000,304.0,normalDay
2020-09-24,2918.0,1930.0,0.0,100,323.5,297.5,0,0.0,0.0,,0.0,1,13.62,20.32,SPY200930C00304000,304.0,normalDay
2020-09-25,2918.0,1997.0,0.0,100,328.73,297.5,0,0.0,0.0,,0.0,1,13.62,24.88,SPY200930C00304000,304.0,normalDay
2020-09-28,2918.0,1998.0,0.0,100,334.19,297.5,0,0.0,0.0,,0.0,1,13.62,30.33,SPY200930C00304000,304.0,normalDay
2020-09-29,2918.0,1931.0,0.0,100,332.37,297.5,0,0.0,0.0,,0.0,1,13.62,29.18,SPY200930C00304000,304.0,normalDay
2020-09-30,4930.0,1931.0,2012.0,0,334.89,0.0,0,0.0,0.0,,0.0,1,13.62,0.0,SPY200930C00304000,304.0,expirationDay
2020-10-01,4930.0,-3.0,0.0,0,337.04,0.0,1,0.65,0.68,SPY201002P00333000,333.0,0,0.0,0.0,,0.0,normalDay
2020-10-02,4995.0,0.0,65.0,0,333.84,0.0,1,0.65,0.0,SPY201002P00333000,333.0,0,0.0,0.0,,0.0,expirationDay
2020-10-05,4995.0,-3.0,0.0,0,339.76,0.0,1,0.38,0.41,SPY201007P00332000,332.0,0,0.0,0.0,,0.0,normalDay
2020-10-06,4995.0,-47.0,0.0,0,334.93,0.0,1,0.38,0.85,SPY201007P00332000,332.0,0,0.0,0.0,,0.0,normalDay
2020-10-07,5033.0,0.0,38.0,0,340.76,0.0,1,0.38,0.0,SPY201007P00332000,332.0,0,0.0,0.0,,0.0,expirationDay
2020-10-08,5033.0,-3.0,0.0,0,343.78,0.0,1,0.02,0.05,SPY201009P00333000,333.0,0,0.0,0.0,,0.0,normalDay
2020-10-09,5035.0,0.0,2.0,0,346.85,0.0,1,0.02,0.0,SPY201009P00333000,333.0,0,0.0,0.0,,0.0,expirationDay
2020-10-12,5035.0,-3.0,0.0,0,352.43,0.0,1,0.04,0.07,SPY201014P00334000,334.0,0,0.0,0.0,,0.0,normalDay
2020-10-13,5035.0,2.0,0.0,0,350.13,0.0,1,0.04,0.02,SPY201014P00334000,334.0,0,0.0,0.0,,0.0,normalDay
2020-10-14,5039.0,0.0,4.0,0,347.93,0.0,1,0.04,0.0,SPY201014P00334000,334.0,0,0.0,0.0,,0.0,expirationDay
2020-10-15,5039.0,-3.0,0.0,0,347.5,0.0,1,0.02,0.05,SPY201016P00335000,335.0,0,0.0,0.0,,0.0,normalDay
2020-10-16,5041.0,0.0,2.0,0,347.29,0.0,1,0.02,0.0,SPY201016P00335000,335.0,0,0.0,0.0,,0.0,expirationDay
2020-10-19,5041.0,-3.0,0.0,0,342.01,0.0,1,0.83,0.86,SPY201021P00337000,337.0,0,0.0,0.0,,0.0,normalDay
2020-10-20,5041.0,45.0,0.0,0,343.38,0.0,1,0.83,0.38,SPY201021P00337000,337.0,0,0.0,0.0,,0.0,normalDay
2020-10-21,5124.0,0.0,83.0,0,342.73,0.0,1,0.83,0.0,SPY201021P00337000,337.0,0,0.0,0.0,,0.0,expirationDay
2020-10-22,5124.0,-3.0,0.0,0,344.61,0.0,1,0.37,0.4,SPY201023P00340000,340.0,0,0.0,0.0,,0.0,normalDay
2020-10-23,5161.0,0.0,37.0,0,345.78,0.0,1,0.37,0.0,SPY201023P00340000,340.0,0,0.0,0.0,,0.0,expirationDay
2020-10-26,5161.0,-6.0,0.0,0,339.39,0.0,1,3.34,3.4,SPY201028P00341000,341.0,0,0.0,0.0,,0.0,normalDay
2020-10-27,5161.0,5.0,0.0,0,338.22,0.0,1,3.34,3.29,SPY201028P00341000,341.0,0,0.0,0.0,,0.0,normalDay
2020-10-28,5495.0,-1434.0,334.0,100,326.66,341.0,1,3.34,0.0,SPY201028P00341000,341.0,0,0.0,0.0,,0.0,expirationDay
2020-10-29,5495.0,-1231.0,0.0,100,329.98,341.0,0,0.0,0.0,,0.0,1,15.92,17.21,SPY210930C00355000,355.0,normalDay
2020-10-30,5495.0,-1404.0,0.0,100,326.54,341.0,0,0.0,0.0,,0.0,1,15.92,15.5,SPY210930C00355000,355.0,normalDay
2020-11-02,5495.0,-1089.0,0.0,100,330.2,341.0,0,0.0,0.0,,0.0,1,15.92,16.01,SPY210930C00355000,355.0,normalDay
2020-11-03,5495.0,-670.0,0.0,100,336.03,341.0,0,0.0,0.0,,0.0,1,15.92,17.65,SPY210930C00355000,355.0,normalDay
2020-11-04,5495.0,-232.0,0.0,100,343.54,341.0,0,0.0,0.0,,0.0,1,15.92,20.78,SPY210930C00355000,355.0,normalDay
2020-11-05,5495.0,25.0,0.0,100,350.24,341.0,0,0.0,0.0,,0.0,1,15.92,24.91,SPY210930C00355000,355.0,normalDay
2020-11-06,5495.0,83.0,0.0,100,350.16,341.0,0,0.0,0.0,,0.0,1,15.92,24.25,SPY210930C00355000,355.0,normalDay
2020-11-09,5495.0,279.0,0.0,100,354.56,341.0,0,0.0,0.0,,0.0,1,15.92,26.69,SPY210930C00355000,355.0,normalDay
2020-11-10,5495.0,316.0,0.0,100,354.04,341.0,0,0.0,0.0,,0.0,1,15.92,25.8,SPY210930C00355000,355.0,normalDay
2020-11-11,5495.0,433.0,0.0,100,356.67,341.0,0,0.0,0.0,,0.0,1,15.92,27.26,SPY210930C00355000,355.0,normalDay
2020-11-12,5495.0,253.0,0.0,100,353.21,341.0,0,0.0,0.0,,0.0,1,15.92,25.6,SPY210930C00355000,355.0,normalDay
2020-11-13,5495.0,513.0,0.0,100,358.1,341.0,0,0.0,0.0,,0.0,1,15.92,27.89,SPY210930C00355000,355.0,normalDay
2020-11-16,5495.0,672.0,0.0,100,362.57,341.0,0,0.0,0.0,,0.0,1,15.92,30.77,SPY210930C00355000,355.0,normalDay
2020-11-17,5495.0,584.0,0.0,100,360.62,341.0,0,0.0,0.0,,0.0,1,15.92,29.7,SPY210930C00355000,355.0,normalDay
2020-11-18,5495.0,404.0,0.0,100,356.28,341.0,0,0.0,0.0,,0.0,1,15.92,27.16,SPY210930C00355000,355.0,normalDay
2020-11-19,5495.0,497.0,0.0,100,357.78,341.0,0,0.0,0.0,,0.0,1,15.92,27.73,SPY210930C00355000,355.0,normalDay
2020-11-20,5495.0,412.0,0.0,100,355.33,341.0,0,0.0,0.0,,0.0,1,15.92,26.13,SPY210930C00355000,355.0,normalDay
2020-11-23,5495.0,522.0,0.0,100,357.46,341.0,0,0.0,0.0,,0.0,1,15.92,27.16,SPY210930C00355000,355.0,normalDay
2020-11-24,5495.0,746.0,0.0,100,363.22,341.0,0,0.0,0.0,,0.0,1,15.92,30.68,SPY210930C00355000,355.0,normalDay
2020-11-25,5495.0,756.0,0.0,100,362.66,341.0,0,0.0,0.0,,0.0,1,15.92,30.02,SPY210930C00355000,355.0,normalDay
2020-11-27,5495.0,754.0,0.0,100,363.67,341.0,0,0.0,0.0,,0.0,1,15.92,31.05,SPY210930C00355000,355.0,normalDay
2020-11-30,5495.0,695.0,0.0,100,362.06,341.0,0,0.0,0.0,,0.0,1,15.92,30.03,SPY210930C00355000,355.0,normalDay
2020-12-01,5495.0,869.0,0.0,100,366.02,341.0,0,0.0,0.0,,0.0,1,15.92,32.25,SPY210930C00355000,355.0,normalDay
2020-12-02,5495.0,876.0,0.0,100,366.79,341.0,0,0.0,0.0,,0.0,1,15.92,32.95,SPY210930C00355000,355.0,normalDay
2020-12-03,5495.0,903.0,0.0,100,366.69,341.0,0,0.0,0.0,,0.0,1,15.92,32.58,SPY210930C00355000,355.0,normalDay
2020-12-04,5495.0,1033.0,0.0,100,369.85,341.0,0,0.0,0.0,,0.0,1,15.92,34.44,SPY210930C00355000,355.0,normalDay
2020-12-07,5495.0,989.0,0.0,100,369.09,341.0,0,0.0,0.0,,0.0,1,15.92,34.12,SPY210930C00355000,355.0,normalDay
2020-12-08,5495.0,1032.0,0.0,100,370.17,341.0,0,0.0,0.0,,0.0,1,15.92,34.77,SPY210930C00355000,355.0,normalDay
2020-12-09,5495.0,910.0,0.0,100,366.85,341.0,0,0.0,0.0,,0.0,1,15.92,32.67,SPY210930C00355000,355.0,normalDay
2020-12-10,5495.0,899.0,0.0,100,366.73,341.0,0,0.0,0.0,,0.0,1,15.92,32.66,SPY210930C00355000,355.0,normalDay
2020-12-11,5495.0,839.0,0.0,100,366.3,341.0,0,0.0,0.0,,0.0,1,15.92,32.83,SPY210930C00355000,355.0,normalDay
2020-12-14,5495.0,718.0,0.0,100,364.66,341.0,0,0.0,0.0,,0.0,1,15.92,32.4,SPY210930C00355000,355.0,normalDay
2020-12-15,5495.0,965.0,0.0,100,369.59,341.0,0,0.0,0.0,,0.0,1,15.92,34.86,SPY210930C00355000,355.0,normalDay
2020-12-16,5495.0,996.0,0.0,100,370.17,341.0,0,0.0,0.0,,0.0,1,15.92,35.13,SPY210930C00355000,355.0,normalDay
2020-12-17,5495.0,1059.0,0.0,100,372.24,341.0,0,0.0,0.0,,0.0,1,15.92,36.57,SPY210930C00355000,355.0,normalDay
2020-12-18,5495.0,814.0,0.0,100,369.18,341.0,0,0.0,0.0,,0.0,1,15.92,35.96,SPY210930C00355000,355.0,normalDay
2020-12-21,5495.0,779.0,0.0,100,367.86,341.0,0,0.0,0.0,,0.0,1,15.92,34.99,SPY210930C00355000,355.0,normalDay
2020-12-22,5495.0,791.0,0.0,100,367.24,341.0,0,0.0,0.0,,0.0,1,15.92,34.25,SPY210930C00355000,355.0,normalDay
2020-12-23,5495.0,858.0,0.0,100,367.57,341.0,0,0.0,0.0,,0.0,1,15.92,33.91,SPY210930C00355000,355.0,normalDay
2020-12-24,5495.0,938.0,0.0,100,369.0,341.0,0,0.0,0.0,,0.0,1,15.92,34.54,SPY210930C00355000,355.0,normalDay
2020-12-28,5495.0,1018.0,0.0,100,372.17,341.0,0,0.0,0.0,,0.0,1,15.92,36.91,SPY210930C00355000,355.0,normalDay
2020-12-29,5495.0,942.0,0.0,100,371.46,341.0,0,0.0,0.0,,0.0,1,15.92,36.96,SPY210930C00355000,355.0,normalDay
2020-12-30,5495.0,1006.0,0.0,100,371.99,341.0,0,0.0,0.0,,0.0,1,15.92,36.85,SPY210930C00355000,355.0,normalDay
2020-12-31,5495.0,1018.0,0.0,100,373.88,341.0,0,0.0,0.0,,0.0,1,15.92,38.62,SPY210930C00355000,355.0,normalDay
2021-01-04,5495.0,800.0,0.0,100,368.79,341.0,0,0.0,0.0,,0.0,1,15.92,35.71,SPY210930C00355000,355.0,normalDay
2021-01-05,5495.0,939.0,0.0,100,371.33,341.0,0,0.0,0.0,,0.0,1,15.92,36.86,SPY210930C00355000,355.0,normalDay
2021-01-06,5495.0,986.0,0.0,100,373.55,341.0,0,0.0,0.0,,0.0,1,15.92,38.61,SPY210930C00355000,355.0,normalDay
2021-01-07,5495.0,1252.0,0.0,100,379.1,341.0,0,0.0,0.0,,0.0,1,15.92,41.5,SPY210930C00355000,355.0,normalDay
2021-01-08,5495.0,1275.0,0.0,100,381.26,341.0,0,0.0,0.0,,0.0,1,15.92,43.43,SPY210930C00355000,355.0,normalDay
2021-01-11,5495.0,1128.0,0.0,100,378.69,341.0,0,0.0,0.0,,0.0,1,15.92,42.33,SPY210930C00355000,355.0,normalDay
2021-01-12,5495.0,1199.0,0.0,100,378.77,341.0,0,0.0,0.0,,0.0,1,15.92,41.7,SPY210930C00355000,355.0,normalDay
2021-01-13,5495.0,1230.0,0.0,100,379.79,341.0,0,0.0,0.0,,0.0,1,15.92,42.41,SPY210930C00355000,355.0,normalDay
2021-01-14,5495.0,1161.0,0.0,100,378.46,341.0,0,0.0,0.0,,0.0,1,15.92,41.77,SPY210930C00355000,355.0,normalDay
2021-01-15,5495.0,1121.0,0.0,100,375.7,341.0,0,0.0,0.0,,0.0,1,15.92,39.41,SPY210930C00355000,355.0,normalDay
2021-01-19,5495.0,1181.0,0.0,100,378.65,341.0,0,0.0,0.0,,0.0,1,15.92,41.76,SPY210930C00355000,355.0,normalDay
2021-01-20,5495.0,1351.0,0.0,100,383.89,341.0,0,0.0,0.0,,0.0,1,15.92,45.3,SPY210930C00355000,355.0,normalDay
2021-01-21,5495.0,1349.0,0.0,100,384.24,341.0,0,0.0,0.0,,0.0,1,15.92,45.67,SPY210930C00355000,355.0,normalDay
2021-01-22,5495.0,1297.0,0.0,100,382.88,341.0,0,0.0,0.0,,0.0,1,15.92,44.83,SPY210930C00355000,355.0,normalDay
2021-01-25,5495.0,1291.0,0.0,100,384.39,341.0,0,0.0,0.0,,0.0,1,15.92,46.4,SPY210930C00355000,355.0,normalDay
2021-01-26,5495.0,1208.0,0.0,100,383.79,341.0,0,0.0,0.0,,0.0,1,15.92,46.63,SPY210930C00355000,355.0,normalDay
2021-01-27,5495.0,735.0,0.0,100,374.41,341.0,0,0.0,0.0,,0.0,1,15.92,41.98,SPY210930C00355000,355.0,normalDay
2021-01-28,5495.0,896.0,0.0,100,377.63,341.0,0,0.0,0.0,,0.0,1,15.92,43.59,SPY210930C00355000,355.0,normalDay
2021-01-29,5495.0,620.0,0.0,100,370.07,341.0,0,0.0,0.0,,0.0,1,15.92,38.79,SPY210930C00355000,355.0,normalDay
2021-02-01,5495.0,928.0,0.0,100,376.23,341.0,0,0.0,0.0,,0.0,1,15.92,41.87,SPY210930C00355000,355.0,normalDay
2021-02-02,5495.0,1102.0,0.0,100,381.55,341.0,0,0.0,0.0,,0.0,1,15.92,45.45,SPY210930C00355000,355.0,normalDay
2021-02-03,5495.0,1187.0,0.0,100,381.85,341.0,0,0.0,0.0,,0.0,1,15.92,44.9,SPY210930C00355000,355.0,normalDay
2021-02-04,5495.0,1389.0,0.0,100,386.19,341.0,0,0.0,0.0,,0.0,1,15.92,47.22,SPY210930C00355000,355.0,normalDay
2021-02-05,5495.0,1390.0,0.0,100,387.71,341.0,0,0.0,0.0,,0.0,1,15.92,48.73,SPY210930C00355000,355.0,normalDay
2021-02-08,5495.0,1490.0,0.0,100,390.51,341.0,0,0.0,0.0,,0.0,1,15.92,50.53,SPY210930C00355000,355.0,normalDay
2021-02-09,5495.0,1436.0,0.0,100,390.25,341.0,0,0.0,0.0,,0.0,1,15.92,50.81,SPY210930C00355000,355.0,normalDay
2021-02-10,5495.0,1428.0,0.0,100,390.08,341.0,0,0.0,0.0,,0.0,1,15.92,50.72,SPY210930C00355000,355.0,normalDay
2021-02-11,5495.0,1494.0,0.0,100,390.71,341.0,0,0.0,0.0,,0.0,1,15.92,50.69,SPY210930C00355000,355.0,normalDay
2021-02-12,5495.0,1530.0,0.0,100,392.64,341.0,0,0.0,0.0,,0.0,1,15.92,52.26,SPY210930C00355000,355.0,normalDay
2021-02-16,5495.0,1522.0,0.0,100,392.3,341.0,0,0.0,0.0,,0.0,1,15.92,52.0,SPY210930C00355000,355.0,normalDay
2021-02-17,5495.0,1556.0,0.0,100,392.39,341.0,0,0.0,0.0,,0.0,1,15.92,51.75,SPY210930C00355000,355.0,normalDay
2021-02-18,5495.0,1486.0,0.0,100,390.72,341.0,0,0.0,0.0,,0.0,1,15.92,50.78,SPY210930C00355000,355.0,normalDay
2021-02-19,5495.0,1511.0,0.0,100,390.03,341.0,0,0.0,0.0,,0.0,1,15.92,49.84,SPY210930C00355000,355.0,normalDay
2021-02-22,5495.0,1402.0,0.0,100,387.03,341.0,0,0.0,0.0,,0.0,1,15.92,47.93,SPY210930C00355000,355.0,normalDay
2021-02-23,5495.0,1460.0,0.0,100,387.5,341.0,0,0.0,0.0,,0.0,1,15.92,47.82,SPY210930C00355000,355.0,normalDay
2021-02-24,5495.0,1580.0,0.0,100,391.77,341.0,0,0.0,0.0,,0.0,1,15.92,50.89,SPY210930C00355000,355.0,normalDay
2021-02-25,5495.0,1139.0,0.0,100,382.33,341.0,0,0.0,0.0,,0.0,1,15.92,45.86,SPY210930C00355000,355.0,normalDay
2021-02-26,5495.0,1219.0,0.0,100,380.36,341.0,0,0.0,0.0,,0.0,1,15.92,43.09,SPY210930C00355000,355.0,normalDay
2021-03-01,5495.0,1611.0,0.0,100,389.58,341.0,0,0.0,0.0,,0.0,1,15.92,48.39,SPY210930C00355000,355.0,normalDay
2021-03-02,5495.0,1507.0,0.0,100,386.54,341.0,0,0.0,0.0,,0.0,1,15.92,46.39,SPY210930C00355000,355.0,normalDay
2021-03-03,5495.0,1342.0,0.0,100,381.42,341.0,0,0.0,0.0,,0.0,1,15.92,42.92,SPY210930C00355000,355.0,normalDay
2021-03-04,5495.0,1174.0,0.0,100,376.7,341.0,0,0.0,0.0,,0.0,1,15.92,39.88,SPY210930C00355000,355.0,normalDay
2021-03-05,5495.0,1484.0,0.0,100,383.63,341.0,0,0.0,0.0,,0.0,1,15.92,43.71,SPY210930C00355000,355.0,normalDay
2021-03-08,5495.0,1435.0,0.0,100,381.72,341.0,0,0.0,0.0,,0.0,1,15.92,42.29,SPY210930C00355000,355.0,normalDay
2021-03-09,5495.0,1625.0,0.0,100,387.17,341.0,0,0.0,0.0,,0.0,1,15.92,45.84,SPY210930C00355000,355.0,normalDay
2021-03-10,5495.0,1653.0,0.0,100,389.58,341.0,0,0.0,0.0,,0.0,1,15.92,47.97,SPY210930C00355000,355.0,normalDay
2021-03-11,5495.0,1823.0,0.0,100,393.53,341.0,0,0.0,0.0,,0.0,1,15.92,50.22,SPY210930C00355000,355.0,normalDay
2021-03-12,5495.0,1811.0,0.0,100,394.06,341.0,0,0.0,0.0,,0.0,1,15.92,50.87,SPY210930C00355000,355.0,normalDay
2021-03-15,5495.0,1904.0,0.0,100,396.41,341.0,0,0.0,0.0,,0.0,1,15.92,52.29,SPY210930C00355000,355.0,normalDay
2021-03-16,5495.0,1905.0,0.0,100,395.91,341.0,0,0.0,0.0,,0.0,1,15.92,51.78,SPY210930C00355000,355.0,normalDay
2021-03-17,5495.0,2015.0,0.0,100,397.26,341.0,0,0.0,0.0,,0.0,1,15.92,52.03,SPY210930C00355000,355.0,normalDay
2021-03-18,5495.0,1802.0,0.0,100,391.48,341.0,0,0.0,0.0,,0.0,1,15.92,48.38,SPY210930C00355000,355.0,normalDay
2021-03-19,5495.0,1738.0,0.0,100,389.48,341.0,0,0.0,0.0,,0.0,1,15.92,47.02,SPY210930C00355000,355.0,normalDay
2021-03-22,5495.0,1887.0,0.0,100,392.59,341.0,0,0.0,0.0,,0.0,1,15.92,48.64,SPY210930C00355000,355.0,normalDay
2021-03-23,5495.0,1795.0,0.0,100,389.5,341.0,0,0.0,0.0,,0.0,1,15.92,46.47,SPY210930C00355000,355.0,normalDay
2021-03-24,5495.0,1756.0,0.0,100,387.52,341.0,0,0.0,0.0,,0.0,1,15.92,44.88,SPY210930C00355000,355.0,normalDay
2021-03-25,5495.0,1849.0,0.0,100,389.7,341.0,0,0.0,0.0,,0.0,1,15.92,46.13,SPY210930C00355000,355.0,normalDay
2021-03-26,5495.0,2018.0,0.0,100,395.98,341.0,0,0.0,0.0,,0.0,1,15.92,50.72,SPY210930C00355000,355.0,normalDay
2021-03-29,5495.0,2016.0,0.0,100,395.78,341.0,0,0.0,0.0,,0.0,1,15.92,50.54,SPY210930C00355000,355.0,normalDay
2021-03-30,5495.0,2055.0,0.0,100,394.73,341.0,0,0.0,0.0,,0.0,1,15.92,49.1,SPY210930C00355000,355.0,normalDay
2021-03-31,5495.0,2093.0,0.0,100,396.33,341.0,0,0.0,0.0,,0.0,1,15.92,50.32,SPY210930C00355000,355.0,normalDay
2021-04-01,5495.0,2165.0,0.0,100,400.61,341.0,0,0.0,0.0,,0.0,1,15.92,53.88,SPY210930C00355000,355.0,normalDay
2021-04-05,5495.0,2300.0,0.0,100,406.36,341.0,0,0.0,0.0,,0.0,1,15.92,58.28,SPY210930C00355000,355.0,normalDay
2021-04-06,5495.0,2302.0,0.0,100,406.12,341.0,0,0.0,0.0,,0.0,1,15.92,58.02,SPY210930C00355000,355.0,normalDay
2021-04-07,5495.0,2293.0,0.0,100,406.59,341.0,0,0.0,0.0,,0.0,1,15.92,58.58,SPY210930C00355000,355.0,normalDay
2021-04-08,5495.0,2319.0,0.0,100,408.52,341.0,0,0.0,0.0,,0.0,1,15.92,60.25,SPY210930C00355000,355.0,normalDay
2021-04-09,5495.0,2426.0,0.0,100,411.49,341.0,0,0.0,0.0,,0.0,1,15.92,62.15,SPY210930C00355000,355.0,normalDay
2021-04-12,5495.0,2398.0,0.0,100,411.64,341.0,0,0.0,0.0,,0.0,1,15.92,62.58,SPY210930C00355000,355.0,normalDay
2021-04-13,5495.0,2414.0,0.0,100,412.86,341.0,0,0.0,0.0,,0.0,1,15.92,63.64,SPY210930C00355000,355.0,normalDay
2021-04-14,5495.0,2361.0,0.0,100,411.45,341.0,0,0.0,0.0,,0.0,1,15.92,62.76,SPY210930C00355000,355.0,normalDay
2021-04-15,5495.0,2448.0,0.0,100,415.87,341.0,0,0.0,0.0,,0.0,1,15.92,66.31,SPY210930C00355000,355.0,normalDay
2021-04-16,5495.0,2481.0,0.0,100,417.26,341.0,0,0.0,0.0,,0.0,1,15.92,67.37,SPY210930C00355000,355.0,normalDay
2021-04-19,5495.0,2422.0,0.0,100,415.21,341.0,0,0.0,0.0,,0.0,1,15.92,65.91,SPY210930C00355000,355.0,normalDay
2021-04-20,5495.0,2393.0,0.0,100,412.17,341.0,0,0.0,0.0,,0.0,1,15.92,63.16,SPY210930C00355000,355.0,normalDay
2021-04-21,5495.0,2492.0,0.0,100,416.07,341.0,0,0.0,0.0,,0.0,1,15.92,66.07,SPY210930C00355000,355.0,normalDay
2021-04-22,5495.0,2374.0,0.0,100,412.27,341.0,0,0.0,0.0,,0.0,1,15.92,63.45,SPY210930C00355000,355.0,normalDay
2021-04-23,5495.0,2469.0,0.0,100,416.74,341.0,0,0.0,0.0,,0.0,1,15.92,66.97,SPY210930C00355000,355.0,normalDay
2021-04-26,5495.0,2460.0,0.0,100,417.61,341.0,0,0.0,0.0,,0.0,1,15.92,67.93,SPY210930C00355000,355.0,normalDay
2021-04-27,5495.0,2479.0,0.0,100,417.52,341.0,0,0.0,0.0,,0.0,1,15.92,67.65,SPY210930C00355000,355.0,normalDay
2021-04-28,5495.0,2453.0,0.0,100,417.4,341.0,0,0.0,0.0,,0.0,1,15.92,67.79,SPY210930C00355000,355.0,normalDay
2021-04-29,5495.0,2524.0,0.0,100,420.06,341.0,0,0.0,0.0,,0.0,1,15.92,69.74,SPY210930C00355000,355.0,normalDay
2021-04-30,5495.0,2437.0,0.0,100,417.3,341.0,0,0.0,0.0,,0.0,1,15.92,67.85,SPY210930C00355000,355.0,normalDay
2021-05-03,5495.0,2506.0,0.0,100,418.2,341.0,0,0.0,0.0,,0.0,1,15.92,68.06,SPY210930C00355000,355.0,normalDay
2021-05-04,5495.0,2472.0,0.0,100,415.62,341.0,0,0.0,0.0,,0.0,1,15.92,65.82,SPY210930C00355000,355.0,normalDay
2021-05-05,5495.0,2495.0,0.0,100,415.75,341.0,0,0.0,0.0,,0.0,1,15.92,65.72,SPY210930C00355000,355.0,normalDay
2021-05-06,5495.0,2512.0,0.0,100,419.07,341.0,0,0.0,0.0,,0.0,1,15.92,68.87,SPY210930C00355000,355.0,normalDay
2021-05-07,5495.0,2576.0,0.0,100,422.12,341.0,0,0.0,0.0,,0.0,1,15.92,71.28,SPY210930C00355000,355.0,normalDay
2021-05-10,5495.0,2539.0,0.0,100,417.94,341.0,0,0.0,0.0,,0.0,1,15.92,67.47,SPY210930C00355000,355.0,normalDay
2021-05-11,5495.0,2437.0,0.0,100,414.21,341.0,0,0.0,0.0,,0.0,1,15.92,64.76,SPY210930C00355000,355.0,normalDay
2021-05-12,5495.0,2167.0,0.0,100,405.41,341.0,0,0.0,0.0,,0.0,1,15.92,58.66,SPY210930C00355000,355.0,normalDay
2021-05-13,5495.0,2374.0,0.0,100,410.28,341.0,0,0.0,0.0,,0.0,1,15.92,61.46,SPY210930C00355000,355.0,normalDay
2021-05-14,5495.0,2478.0,0.0,100,416.58,341.0,0,0.0,0.0,,0.0,1,15.92,66.72,SPY210930C00355000,355.0,normalDay
2021-05-17,5495.0,2465.0,0.0,100,415.52,341.0,0,0.0,0.0,,0.0,1,15.92,65.79,SPY210930C00355000,355.0,normalDay
2021-05-18,5495.0,2413.0,0.0,100,411.94,341.0,0,0.0,0.0,,0.0,1,15.92,62.73,SPY210930C00355000,355.0,normalDay
2021-05-19,5495.0,2373.0,0.0,100,410.86,341.0,0,0.0,0.0,,0.0,1,15.92,62.05,SPY210930C00355000,355.0,normalDay
2021-05-20,5495.0,2505.0,0.0,100,415.28,341.0,0,0.0,0.0,,0.0,1,15.92,65.15,SPY210930C00355000,355.0,normalDay
2021-05-21,5495.0,2465.0,0.0,100,414.94,341.0,0,0.0,0.0,,0.0,1,15.92,65.21,SPY210930C00355000,355.0,normalDay
2021-05-24,5495.0,2588.0,0.0,100,419.17,341.0,0,0.0,0.0,,0.0,1,15.92,68.21,SPY210930C00355000,355.0,normalDay
2021-05-25,5495.0,2560.0,0.0,100,418.24,341.0,0,0.0,0.0,,0.0,1,15.92,67.56,SPY210930C00355000,355.0,normalDay
2021-05-26,5495.0,2646.0,0.0,100,419.07,341.0,0,0.0,0.0,,0.0,1,15.92,67.53,SPY210930C00355000,355.0,normalDay
2021-05-27,5495.0,2582.0,0.0,100,419.29,341.0,0,0.0,0.0,,0.0,1,15.92,68.39,SPY210930C00355000,355.0,normalDay
2021-05-28,5495.0,2682.0,0.0,100,420.04,341.0,0,0.0,0.0,,0.0,1,15.92,68.14,SPY210930C00355000,355.0,normalDay
2021-06-01,5495.0,2680.0,0.0,100,419.67,341.0,0,0.0,0.0,,0.0,1,15.92,67.79,SPY210930C00355000,355.0,normalDay
2021-06-02,5495.0,2697.0,0.0,100,420.33,341.0,0,0.0,0.0,,0.0,1,15.92,68.28,SPY210930C00355000,355.0,normalDay
2021-06-03,5495.0,2675.0,0.0,100,418.77,341.0,0,0.0,0.0,,0.0,1,15.92,66.94,SPY210930C00355000,355.0,normalDay
2021-06-04,5495.0,2757.0,0.0,100,422.6,341.0,0,0.0,0.0,,0.0,1,15.92,69.95,SPY210930C00355000,355.0,normalDay
2021-06-07,5495.0,2744.0,0.0,100,422.19,341.0,0,0.0,0.0,,0.0,1,15.92,69.67,SPY210930C00355000,355.0,normalDay
2021-06-08,5495.0,2746.0,0.0,100,422.28,341.0,0,0.0,0.0,,0.0,1,15.92,69.74,SPY210930C00355000,355.0,normalDay
2021-06-09,5495.0,2714.0,0.0,100,421.65,341.0,0,0.0,0.0,,0.0,1,15.92,69.43,SPY210930C00355000,355.0,normalDay
2021-06-10,5495.0,2786.0,0.0,100,423.61,341.0,0,0.0,0.0,,0.0,1,15.92,70.67,SPY210930C00355000,355.0,normalDay
2021-06-11,5495.0,2809.0,0.0,100,424.31,341.0,0,0.0,0.0,,0.0,1,15.92,71.14,SPY210930C00355000,355.0,normalDay
2021-06-14,5495.0,2801.0,0.0,100,425.26,341.0,0,0.0,0.0,,0.0,1,15.92,72.17,SPY210930C00355000,355.0,normalDay
2021-06-15,5495.0,2797.0,0.0,100,424.48,341.0,0,0.0,0.0,,0.0,1,15.92,71.43,SPY210930C00355000,355.0,normalDay
2021-06-16,5495.0,2760.0,0.0,100,422.11,341.0,0,0.0,0.0,,0.0,1,15.92,69.43,SPY210930C00355000,355.0,normalDay
2021-06-17,5495.0,2771.0,0.0,100,421.97,341.0,0,0.0,0.0,,0.0,1,15.92,69.18,SPY210930C00355000,355.0,normalDay
2021-06-18,5495.0,2572.0,0.0,100,414.92,341.0,0,0.0,0.0,,0.0,1,15.92,64.12,SPY210930C00355000,355.0,normalDay
2021-06-21,5495.0,2641.0,0.0,100,420.86,341.0,0,0.0,0.0,,0.0,1,15.92,69.37,SPY210930C00355000,355.0,normalDay
2021-06-22,5495.0,2726.0,0.0,100,423.11,341.0,0,0.0,0.0,,0.0,1,15.92,70.77,SPY210930C00355000,355.0,normalDay
2021-06-23,5495.0,2709.0,0.0,100,422.6,341.0,0,0.0,0.0,,0.0,1,15.92,70.43,SPY210930C00355000,355.0,normalDay
2021-06-24,5495.0,2742.0,0.0,100,425.1,341.0,0,0.0,0.0,,0.0,1,15.92,72.6,SPY210930C00355000,355.0,normalDay
2021-06-25,5495.0,2748.0,0.0,100,426.61,341.0,0,0.0,0.0,,0.0,1,15.92,74.05,SPY210930C00355000,355.0,normalDay
2021-06-28,5495.0,2780.0,0.0,100,427.47,341.0,0,0.0,0.0,,0.0,1,15.92,74.59,SPY210930C00355000,355.0,normalDay
2021-06-29,5495.0,2739.0,0.0,100,427.7,341.0,0,0.0,0.0,,0.0,1,15.92,75.23,SPY210930C00355000,355.0,normalDay
2021-06-30,5495.0,2716.0,0.0,100,428.06,341.0,0,0.0,0.0,,0.0,1,15.92,75.82,SPY210930C00355000,355.0,normalDay
2021-07-01,5495.0,2788.0,0.0,100,430.43,341.0,0,0.0,0.0,,0.0,1,15.92,77.47,SPY210930C00355000,355.0,normalDay
2021-07-02,5495.0,2817.0,0.0,100,433.72,341.0,0,0.0,0.0,,0.0,1,15.92,80.47,SPY210930C00355000,355.0,normalDay
2021-07-06,5495.0,2821.0,0.0,100,432.93,341.0,0,0.0,0.0,,0.0,1,15.92,79.64,SPY210930C00355000,355.0,normalDay
2021-07-07,5495.0,2835.0,0.0,100,434.46,341.0,0,0.0,0.0,,0.0,1,15.92,81.03,SPY210930C00355000,355.0,normalDay
2021-07-08,5495.0,2804.0,0.0,100,430.92,341.0,0,0.0,0.0,,0.0,1,15.92,77.8,SPY210930C00355000,355.0,normalDay
2021-07-09,5495.0,2814.0,0.0,100,435.52,341.0,0,0.0,0.0,,0.0,1,15.92,82.3,SPY210930C00355000,355.0,normalDay
2021-07-12,5495.0,2785.0,0.0,100,437.08,341.0,0,0.0,0.0,,0.0,1,15.92,84.15,SPY210930C00355000,355.0,normalDay
2021-07-13,5495.0,2831.0,0.0,100,435.59,341.0,0,0.0,0.0,,0.0,1,15.92,82.2,SPY210930C00355000,355.0,normalDay
2021-07-14,5495.0,2817.0,0.0,100,436.24,341.0,0,0.0,0.0,,0.0,1,15.92,82.99,SPY210930C00355000,355.0,normalDay
2021-07-15,5495.0,2857.0,0.0,100,434.75,341.0,0,0.0,0.0,,0.0,1,15.92,81.1,SPY210930C00355000,355.0,normalDay
2021-07-16,5495.0,2811.0,0.0,100,431.34,341.0,0,0.0,0.0,,0.0,1,15.92,78.15,SPY210930C00355000,355.0,normalDay
2021-07-19,5495.0,2729.0,0.0,100,424.97,341.0,0,0.0,0.0,,0.0,1,15.92,72.6,SPY210930C00355000,355.0,normalDay
2021-07-20,5495.0,2798.0,0.0,100,431.06,341.0,0,0.0,0.0,,0.0,1,15.92,78.0,SPY210930C00355000,355.0,normalDay
2021-07-21,5495.0,2815.0,0.0,100,434.55,341.0,0,0.0,0.0,,0.0,1,15.92,81.32,SPY210930C00355000,355.0,normalDay
2021-07-22,5495.0,2816.0,0.0,100,435.46,341.0,0,0.0,0.0,,0.0,1,15.92,82.22,SPY210930C00355000,355.0,normalDay
2021-07-23,5495.0,2868.0,0.0,100,439.94,341.0,0,0.0,0.0,,0.0,1,15.92,86.18,SPY210930C00355000,355.0,normalDay
2021-07-26,5495.0,2859.0,0.0,100,441.02,341.0,0,0.0,0.0,,0.0,1,15.92,87.35,SPY210930C00355000,355.0,normalDay
2021-07-27,5495.0,2910.0,0.0,100,439.01,341.0,0,0.0,0.0,,0.0,1,15.92,84.83,SPY210930C00355000,355.0,normalDay
2021-07-28,5495.0,2891.0,0.0,100,438.83,341.0,0,0.0,0.0,,0.0,1,15.92,84.84,SPY210930C00355000,355.0,normalDay
2021-07-29,5495.0,2898.0,0.0,100,440.65,341.0,0,0.0,0.0,,0.0,1,15.92,86.59,SPY210930C00355000,355.0,normalDay
2021-07-30,5495.0,2823.0,0.0,100,438.51,341.0,0,0.0,0.0,,0.0,1,15.92,85.2,SPY210930C00355000,355.0,normalDay
2021-08-02,5495.0,2858.0,0.0,100,437.59,341.0,0,0.0,0.0,,0.0,1,15.92,83.93,SPY210930C00355000,355.0,normalDay
2021-08-03,5495.0,2900.0,0.0,100,441.15,341.0,0,0.0,0.0,,0.0,1,15.92,87.07,SPY210930C00355000,355.0,normalDay
2021-08-04,5495.0,2874.0,0.0,100,438.98,341.0,0,0.0,0.0,,0.0,1,15.92,85.16,SPY210930C00355000,355.0,normalDay
2021-08-05,5495.0,2914.0,0.0,100,441.76,341.0,0,0.0,0.0,,0.0,1,15.92,87.54,SPY210930C00355000,355.0,normalDay
2021-08-06,5495.0,2898.0,0.0,100,442.49,341.0,0,0.0,0.0,,0.0,1,15.92,88.43,SPY210930C00355000,355.0,normalDay
2021-08-09,5495.0,2886.0,0.0,100,442.13,341.0,0,0.0,0.0,,0.0,1,15.92,88.19,SPY210930C00355000,355.0,normalDay
2021-08-10,5495.0,2932.0,0.0,100,442.68,341.0,0,0.0,0.0,,0.0,1,15.92,88.28,SPY210930C00355000,355.0,normalDay
2021-08-11,5495.0,2923.0,0.0,100,443.78,341.0,0,0.0,0.0,,0.0,1,15.92,89.47,SPY210930C00355000,355.0,normalDay
2021-08-12,5495.0,2903.0,0.0,100,445.11,341.0,0,0.0,0.0,,0.0,1,15.92,91.0,SPY210930C00355000,355.0,normalDay
2021-08-13,5495.0,2912.0,0.0,100,445.92,341.0,0,0.0,0.0,,0.0,1,15.92,91.72,SPY210930C00355000,355.0,normalDay
2021-08-16,5495.0,2912.0,0.0,100,446.97,341.0,0,0.0,0.0,,0.0,1,15.92,92.77,SPY210930C00355000,355.0,normalDay
2021-08-17,5495.0,2963.0,0.0,100,444.04,341.0,0,0.0,0.0,,0.0,1,15.92,89.33,SPY210930C00355000,355.0,normalDay
2021-08-18,5495.0,2881.0,0.0,100,439.18,341.0,0,0.0,0.0,,0.0,1,15.92,85.29,SPY210930C00355000,355.0,normalDay
2021-08-19,5495.0,2881.0,0.0,100,439.86,341.0,0,0.0,0.0,,0.0,1,15.92,85.97,SPY210930C00355000,355.0,normalDay
2021-08-20,5495.0,2929.0,0.0,100,443.36,341.0,0,0.0,0.0,,0.0,1,15.92,88.99,SPY210930C00355000,355.0,normalDay
2021-08-23,5495.0,2902.0,0.0,100,447.26,341.0,0,0.0,0.0,,0.0,1,15.92,93.16,SPY210930C00355000,355.0,normalDay
2021-08-24,5495.0,2931.0,0.0,100,447.97,341.0,0,0.0,0.0,,0.0,1,15.92,93.58,SPY210930C00355000,355.0,normalDay
2021-08-25,5495.0,2939.0,0.0,100,448.91,341.0,0,0.0,0.0,,0.0,1,15.92,94.44,SPY210930C00355000,355.0,normalDay
2021-08-26,5495.0,2925.0,0.0,100,446.26,341.0,0,0.0,0.0,,0.0,1,15.92,91.93,SPY210930C00355000,355.0,normalDay
2021-08-27,5495.0,2951.0,0.0,100,450.25,341.0,0,0.0,0.0,,0.0,1,15.92,95.66,SPY210930C00355000,355.0,normalDay
2021-08-30,5495.0,2933.0,0.0,100,452.23,341.0,0,0.0,0.0,,0.0,1,15.92,97.82,SPY210930C00355000,355.0,normalDay
2021-08-31,5495.0,2887.0,0.0,100,451.56,341.0,0,0.0,0.0,,0.0,1,15.92,97.61,SPY210930C00355000,355.0,normalDay
2021-09-01,5495.0,2937.0,0.0,100,451.8,341.0,0,0.0,0.0,,0.0,1,15.92,97.35,SPY210930C00355000,355.0,normalDay
2021-09-02,5495.0,2953.0,0.0,100,453.19,341.0,0,0.0,0.0,,0.0,1,15.92,98.58,SPY210930C00355000,355.0,normalDay
2021-09-03,5495.0,2972.0,0.0,100,453.08,341.0,0,0.0,0.0,,0.0,1,15.92,98.28,SPY210930C00355000,355.0,normalDay
2021-09-07,5495.0,2973.0,0.0,100,451.46,341.0,0,0.0,0.0,,0.0,1,15.92,96.65,SPY210930C00355000,355.0,normalDay
2021-09-08,5495.0,2946.0,0.0,100,450.91,341.0,0,0.0,0.0,,0.0,1,15.92,96.37,SPY210930C00355000,355.0,normalDay
2021-09-09,5495.0,2961.0,0.0,100,448.98,341.0,0,0.0,0.0,,0.0,1,15.92,94.29,SPY210930C00355000,355.0,normalDay
2021-09-10,5495.0,2907.0,0.0,100,445.44,341.0,0,0.0,0.0,,0.0,1,15.92,91.29,SPY210930C00355000,355.0,normalDay
2021-09-13,5495.0,2905.0,0.0,100,446.58,341.0,0,0.0,0.0,,0.0,1,15.92,92.45,SPY210930C00355000,355.0,normalDay
2021-09-14,5495.0,2924.0,0.0,100,444.17,341.0,0,0.0,0.0,,0.0,1,15.92,89.85,SPY210930C00355000,355.0,normalDay
2021-09-15,5495.0,2986.0,0.0,100,447.88,341.0,0,0.0,0.0,,0.0,1,15.92,92.94,SPY210930C00355000,355.0,normalDay
2021-09-16,5495.0,2972.0,0.0,100,447.17,341.0,0,0.0,0.0,,0.0,1,15.92,92.37,SPY210930C00355000,355.0,normalDay
2021-09-17,5495.0,2997.0,0.0,100,441.4,341.0,0,0.0,0.0,,0.0,1,15.92,86.35,SPY210930C00355000,355.0,normalDay
2021-09-20,5495.0,2958.0,0.0,100,434.04,341.0,0,0.0,0.0,,0.0,1,15.92,79.38,SPY210930C00355000,355.0,normalDay
2021-09-21,5495.0,2988.0,0.0,100,433.63,341.0,0,0.0,0.0,,0.0,1,15.92,78.67,SPY210930C00355000,355.0,normalDay
2021-09-22,5495.0,2965.0,0.0,100,437.86,341.0,0,0.0,0.0,,0.0,1,15.92,83.13,SPY210930C00355000,355.0,normalDay
2021-09-23,5495.0,2984.0,0.0,100,443.18,341.0,0,0.0,0.0,,0.0,1,15.92,88.26,SPY210930C00355000,355.0,normalDay
2021-09-24,5495.0,2982.0,0.0,100,443.91,341.0,0,0.0,0.0,,0.0,1,15.92,89.01,SPY210930C00355000,355.0,normalDay
2021-09-27,5495.0,3013.0,0.0,100,442.64,341.0,0,0.0,0.0,,0.0,1,15.92,87.43,SPY210930C00355000,355.0,normalDay
2021-09-28,5495.0,2924.0,0.0,100,433.72,341.0,0,0.0,0.0,,0.0,1,15.92,79.4,SPY210930C00355000,355.0,normalDay
2021-09-29,5495.0,2915.0,0.0,100,434.45,341.0,0,0.0,0.0,,0.0,1,15.92,80.22,SPY210930C00355000,355.0,normalDay
2021-09-30,8487.0,2915.0,2992.0,0,429.14,0.0,0,0.0,0.0,,0.0,1,15.92,0.0,SPY210930C00355000,355.0,expirationDay
2021-10-01,8487.0,-16.0,0.0,0,434.24,0.0,1,6.48,6.64,SPY211004P00441000,441.0,0,0.0,0.0,,0.0,normalDay
2021-10-04,9135.0,-1236.0,648.0,100,428.64,441.0,1,6.48,0.0,SPY211004P00441000,441.0,0,0.0,0.0,,0.0,expirationDay
2021-10-05,9135.0,-930.0,0.0,100,433.1,441.0,0,0.0,0.0,,0.0,1,21.44,22.84,SPY220930C00453000,453.0,normalDay
2021-10-06,9135.0,-813.0,0.0,100,434.9,441.0,0,0.0,0.0,,0.0,1,21.44,23.47,SPY220930C00453000,453.0,normalDay
2021-10-07,9135.0,-573.0,0.0,100,438.66,441.0,0,0.0,0.0,,0.0,1,21.44,24.83,SPY220930C00453000,453.0,normalDay
2021-10-08,9135.0,-562.0,0.0,100,437.86,441.0,0,0.0,0.0,,0.0,1,21.44,23.92,SPY220930C00453000,453.0,normalDay
2021-10-11,9135.0,-707.0,0.0,100,434.69,441.0,0,0.0,0.0,,0.0,1,21.44,22.2,SPY220930C00453000,453.0,normalDay
2021-10-12,9135.0,-695.0,0.0,100,433.62,441.0,0,0.0,0.0,,0.0,1,21.44,21.01,SPY220930C00453000,453.0,normalDay
2021-10-13,9135.0,-617.0,0.0,100,435.18,441.0,0,0.0,0.0,,0.0,1,21.44,21.79,SPY220930C00453000,453.0,normalDay
2021-10-14,9135.0,-230.0,0.0,100,442.5,441.0,0,0.0,0.0,,0.0,1,21.44,25.24,SPY220930C00453000,453.0,normalDay
2021-10-15,9135.0,-118.0,0.0,100,445.87,441.0,0,0.0,0.0,,0.0,1,21.44,27.49,SPY220930C00453000,453.0,normalDay
2021-10-18,9135.0,-87.0,0.0,100,447.19,441.0,0,0.0,0.0,,0.0,1,21.44,28.5,SPY220930C00453000,453.0,normalDay
2021-10-19,9135.0,80.0,0.0,100,450.64,441.0,0,0.0,0.0,,0.0,1,21.44,30.28,SPY220930C00453000,453.0,normalDay
2021-10-20,9135.0,209.0,0.0,100,452.41,441.0,0,0.0,0.0,,0.0,1,21.44,30.76,SPY220930C00453000,453.0,normalDay
2021-10-21,9135.0,256.0,0.0,100,453.59,441.0,0,0.0,0.0,,0.0,1,21.44,31.47,SPY220930C00453000,453.0,normalDay
2021-10-22,9135.0,228.0,0.0,100,453.12,441.0,0,0.0,0.0,,0.0,1,21.44,31.28,SPY220930C00453000,453.0,normalDay
2021-10-25,9135.0,369.0,0.0,100,455.55,441.0,0,0.0,0.0,,0.0,1,21.44,32.3,SPY220930C00453000,453.0,normalDay
2021-10-26,9135.0,323.0,0.0,100,455.96,441.0,0,0.0,0.0,,0.0,1,21.44,33.17,SPY220930C00453000,453.0,normalDay
2021-10-27,9135.0,191.0,0.0,100,453.94,441.0,0,0.0,0.0,,0.0,1,21.44,32.47,SPY220930C00453000,453.0,normalDay
2021-10-28,9135.0,385.0,0.0,100,458.32,441.0,0,0.0,0.0,,0.0,1,21.44,34.91,SPY220930C00453000,453.0,normalDay
2021-10-29,9135.0,426.0,0.0,100,459.25,441.0,0,0.0,0.0,,0.0,1,21.44,35.43,SPY220930C00453000,453.0,normalDay
2021-11-01,9135.0,460.0,0.0,100,460.04,441.0,0,0.0,0.0,,0.0,1,21.44,35.88,SPY220930C00453000,453.0,normalDay
2021-11-02,9135.0,550.0,0.0,100,461.9,441.0,0,0.0,0.0,,0.0,1,21.44,36.84,SPY220930C00453000,453.0,normalDay
2021-11-03,9135.0,633.0,0.0,100,464.72,441.0,0,0.0,0.0,,0.0,1,21.44,38.83,SPY220930C00453000,453.0,normalDay
2021-11-04,9135.0,710.0,0.0,100,466.91,441.0,0,0.0,0.0,,0.0,1,21.44,40.25,SPY220930C00453000,453.0,normalDay
2021-11-05,9135.0,731.0,0.0,100,468.53,441.0,0,0.0,0.0,,0.0,1,21.44,41.66,SPY220930C00453000,453.0,normalDay
2021-11-08,9135.0,737.0,0.0,100,468.93,441.0,0,0.0,0.0,,0.0,1,21.44,42.0,SPY220930C00453000,453.0,normalDay
2021-11-09,9135.0,669.0,0.0,100,467.38,441.0,0,0.0,0.0,,0.0,1,21.44,41.13,SPY220930C00453000,453.0,normalDay
2021-11-10,9135.0,531.0,0.0,100,463.62,441.0,0,0.0,0.0,,0.0,1,21.44,38.75,SPY220930C00453000,453.0,normalDay
2021-11-11,9135.0,555.0,0.0,100,463.77,441.0,0,0.0,0.0,,0.0,1,21.44,38.66,SPY220930C00453000,453.0,normalDay
2021-11-12,9135.0,685.0,0.0,100,467.27,441.0,0,0.0,0.0,,0.0,1,21.44,40.86,SPY220930C00453000,453.0,normalDay
2021-11-15,9135.0,729.0,0.0,100,467.43,441.0,0,0.0,0.0,,0.0,1,21.44,40.58,SPY220930C00453000,453.0,normalDay
2021-11-16,9135.0,757.0,0.0,100,469.28,441.0,0,0.0,0.0,,0.0,1,21.44,42.15,SPY220930C00453000,453.0,normalDay
2021-11-17,9135.0,693.0,0.0,100,468.14,441.0,0,0.0,0.0,,0.0,1,21.44,41.65,SPY220930C00453000,453.0,normalDay
2021-11-18,9135.0,701.0,0.0,100,469.73,441.0,0,0.0,0.0,,0.0,1,21.44,43.16,SPY220930C00453000,453.0,normalDay
2021-11-19,9135.0,663.0,0.0,100,468.89,441.0,0,0.0,0.0,,0.0,1,21.44,42.7,SPY220930C00453000,453.0,normalDay
2021-11-22,9135.0,582.0,0.0,100,467.57,441.0,0,0.0,0.0,,0.0,1,21.44,42.19,SPY220930C00453000,453.0,normalDay
2021-11-23,9135.0,655.0,0.0,100,468.19,441.0,0,0.0,0.0,,0.0,1,21.44,42.08,SPY220930C00453000,453.0,normalDay
2021-11-24,9135.0,682.0,0.0,100,469.44,441.0,0,0.0,0.0,,0.0,1,21.44,43.06,SPY220930C00453000,453.0,normalDay
2021-11-26,9135.0,-13.0,0.0,100,458.97,441.0,0,0.0,0.0,,0.0,1,21.44,39.54,SPY220930C00453000,453.0,normalDay
2021-11-29,9135.0,467.0,0.0,100,464.6,441.0,0,0.0,0.0,,0.0,1,21.44,40.37,SPY220930C00453000,453.0,normalDay
2021-11-30,9135.0,-152.0,0.0,100,455.56,441.0,0,0.0,0.0,,0.0,1,21.44,37.52,SPY220930C00453000,453.0,normalDay
2021-12-01,9135.0,-406.0,0.0,100,450.5,441.0,0,0.0,0.0,,0.0,1,21.44,35.0,SPY220930C00453000,453.0,normalDay
2021-12-02,9135.0,63.0,0.0,100,457.4,441.0,0,0.0,0.0,,0.0,1,21.44,37.21,SPY220930C00453000,453.0,normalDay
2021-12-03,9135.0,-264.0,0.0,100,453.42,441.0,0,0.0,0.0,,0.0,1,21.44,36.5,SPY220930C00453000,453.0,normalDay
2021-12-06,9135.0,111.0,0.0,100,458.79,441.0,0,0.0,0.0,,0.0,1,21.44,38.12,SPY220930C00453000,453.0,normalDay
2021-12-07,9135.0,613.0,0.0,100,468.28,441.0,0,0.0,0.0,,0.0,1,21.44,42.59,SPY220930C00453000,453.0,normalDay
2021-12-08,9135.0,708.0,0.0,100,469.52,441.0,0,0.0,0.0,,0.0,1,21.44,42.88,SPY220930C00453000,453.0,normalDay
2021-12-09,9135.0,586.0,0.0,100,466.35,441.0,0,0.0,0.0,,0.0,1,21.44,40.93,SPY220930C00453000,453.0,normalDay
2021-12-10,9135.0,772.0,0.0,100,470.74,441.0,0,0.0,0.0,,0.0,1,21.44,43.46,SPY220930C00453000,453.0,normalDay
2021-12-13,9135.0,602.0,0.0,100,466.57,441.0,0,0.0,0.0,,0.0,1,21.44,40.99,SPY220930C00453000,453.0,normalDay
2021-12-14,9135.0,439.0,0.0,100,463.36,441.0,0,0.0,0.0,,0.0,1,21.44,39.41,SPY220930C00453000,453.0,normalDay
2021-12-15,9135.0,745.0,0.0,100,470.6,441.0,0,0.0,0.0,,0.0,1,21.44,43.59,SPY220930C00453000,453.0,normalDay
2021-12-16,9135.0,515.0,0.0,100,466.45,441.0,0,0.0,0.0,,0.0,1,21.44,41.74,SPY220930C00453000,453.0,normalDay
2021-12-17,9135.0,134.0,0.0,100,459.87,441.0,0,0.0,0.0,,0.0,1,21.44,38.97,SPY220930C00453000,453.0,normalDay
2021-12-20,9135.0,3.0,0.0,100,454.98,441.0,0,0.0,0.0,,0.0,1,21.44,35.39,SPY220930C00453000,453.0,normalDay
2021-12-21,9135.0,388.0,0.0,100,463.06,441.0,0,0.0,0.0,,0.0,1,21.44,39.62,SPY220930C00453000,453.0,normalDay
2021-12-22,9135.0,591.0,0.0,100,467.69,441.0,0,0.0,0.0,,0.0,1,21.44,42.22,SPY220930C00453000,453.0,normalDay
2021-12-23,9135.0,667.0,0.0,100,470.6,441.0,0,0.0,0.0,,0.0,1,21.44,44.37,SPY220930C00453000,453.0,normalDay
2021-12-27,9135.0,944.0,0.0,100,477.26,441.0,0,0.0,0.0,,0.0,1,21.44,48.26,SPY220930C00453000,453.0,normalDay
2021-12-28,9135.0,931.0,0.0,100,476.87,441.0,0,0.0,0.0,,0.0,1,21.44,48.0,SPY220930C00453000,453.0,normalDay
2021-12-29,9135.0,985.0,0.0,100,477.48,441.0,0,0.0,0.0,,0.0,1,21.44,48.07,SPY220930C00453000,453.0,normalDay
2021-12-30,9135.0,942.0,0.0,100,476.16,441.0,0,0.0,0.0,,0.0,1,21.44,47.18,SPY220930C00453000,453.0,normalDay
2021-12-31,9135.0,956.0,0.0,100,474.96,441.0,0,0.0,0.0,,0.0,1,21.44,45.84,SPY220930C00453000,453.0,normalDay
2022-01-03,9135.0,1088.0,0.0,100,477.71,441.0,0,0.0,0.0,,0.0,1,21.44,47.27,SPY220930C00453000,453.0,normalDay
2022-01-04,9135.0,1078.0,0.0,100,477.55,441.0,0,0.0,0.0,,0.0,1,21.44,47.21,SPY220930C00453000,453.0,normalDay
2022-01-05,9135.0,704.0,0.0,100,468.38,441.0,0,0.0,0.0,,0.0,1,21.44,41.78,SPY220930C00453000,453.0,normalDay
2022-01-06,9135.0,704.0,0.0,100,467.94,441.0,0,0.0,0.0,,0.0,1,21.44,41.34,SPY220930C00453000,453.0,normalDay
2022-01-07,9135.0,698.0,0.0,100,466.09,441.0,0,0.0,0.0,,0.0,1,21.44,39.55,SPY220930C00453000,453.0,normalDay
2022-01-10,9135.0,717.0,0.0,100,465.51,441.0,0,0.0,0.0,,0.0,1,21.44,38.78,SPY220930C00453000,453.0,normalDay
2022-01-11,9135.0,908.0,0.0,100,469.75,441.0,0,0.0,0.0,,0.0,1,21.44,41.11,SPY220930C00453000,453.0,normalDay
2022-01-12,9135.0,935.0,0.0,100,471.02,441.0,0,0.0,0.0,,0.0,1,21.44,42.11,SPY220930C00453000,453.0,normalDay
2022-01-13,9135.0,700.0,0.0,100,464.53,441.0,0,0.0,0.0,,0.0,1,21.44,37.97,SPY220930C00453000,453.0,normalDay
2022-01-14,9135.0,742.0,0.0,100,464.72,441.0,0,0.0,0.0,,0.0,1,21.44,37.74,SPY220930C00453000,453.0,normalDay
2022-01-18,9135.0,372.0,0.0,100,456.49,441.0,0,0.0,0.0,,0.0,1,21.44,33.21,SPY220930C00453000,453.0,normalDay
2022-01-19,9135.0,179.0,0.0,100,451.75,441.0,0,0.0,0.0,,0.0,1,21.44,30.4,SPY220930C00453000,453.0,normalDay
2022-01-20,9135.0,-82.0,0.0,100,446.75,441.0,0,0.0,0.0,,0.0,1,21.44,28.01,SPY220930C00453000,453.0,normalDay
2022-01-21,9135.0,-564.0,0.0,100,437.98,441.0,0,0.0,0.0,,0.0,1,21.44,24.06,SPY220930C00453000,453.0,normalDay
2022-01-24,9135.0,-411.0,0.0,100,439.84,441.0,0,0.0,0.0,,0.0,1,21.44,24.39,SPY220930C00453000,453.0,normalDay
2022-01-25,9135.0,-650.0,0.0,100,434.47,441.0,0,0.0,0.0,,0.0,1,21.44,21.41,SPY220930C00453000,453.0,normalDay
2022-01-26,9135.0,-744.0,0.0,100,433.38,441.0,0,0.0,0.0,,0.0,1,21.44,21.26,SPY220930C00453000,453.0,normalDay
2022-01-27,9135.0,-849.0,0.0,100,431.24,441.0,0,0.0,0.0,,0.0,1,21.44,20.17,SPY220930C00453000,453.0,normalDay
2022-01-28,9135.0,-223.0,0.0,100,441.95,441.0,0,0.0,0.0,,0.0,1,21.44,24.62,SPY220930C00453000,453.0,normalDay
2022-01-31,9135.0,256.0,0.0,100,449.91,441.0,0,0.0,0.0,,0.0,1,21.44,27.79,SPY220930C00453000,453.0,normalDay
2022-02-01,9135.0,433.0,0.0,100,452.95,441.0,0,0.0,0.0,,0.0,1,21.44,29.06,SPY220930C00453000,453.0,normalDay
2022-02-02,9135.0,718.0,0.0,100,457.35,441.0,0,0.0,0.0,,0.0,1,21.44,30.61,SPY220930C00453000,453.0,normalDay
2022-02-03,9135.0,-130.0,0.0,100,446.6,441.0,0,0.0,0.0,,0.0,1,21.44,28.34,SPY220930C00453000,453.0,normalDay
2022-02-04,9135.0,191.0,0.0,100,448.7,441.0,0,0.0,0.0,,0.0,1,21.44,27.23,SPY220930C00453000,453.0,normalDay
2022-02-07,9135.0,111.0,0.0,100,447.26,441.0,0,0.0,0.0,,0.0,1,21.44,26.59,SPY220930C00453000,453.0,normalDay
2022-02-08,9135.0,348.0,0.0,100,450.94,441.0,0,0.0,0.0,,0.0,1,21.44,27.9,SPY220930C00453000,453.0,normalDay
2022-02-09,9135.0,682.0,0.0,100,457.54,441.0,0,0.0,0.0,,0.0,1,21.44,31.16,SPY220930C00453000,453.0,normalDay
2022-02-10,9135.0,261.0,0.0,100,449.32,441.0,0,0.0,0.0,,0.0,1,21.44,27.15,SPY220930C00453000,453.0,normalDay
2022-02-11,9135.0,-276.0,0.0,100,440.46,441.0,0,0.0,0.0,,0.0,1,21.44,23.66,SPY220930C00453000,453.0,normalDay
2022-02-14,9135.0,-291.0,0.0,100,439.02,441.0,0,0.0,0.0,,0.0,1,21.44,22.37,SPY220930C00453000,453.0,normalDay
2022-02-15,9135.0,196.0,0.0,100,446.1,441.0,0,0.0,0.0,,0.0,1,21.44,24.58,SPY220930C00453000,453.0,normalDay
2022-02-16,9135.0,237.0,0.0,100,446.6,441.0,0,0.0,0.0,,0.0,1,21.44,24.67,SPY220930C00453000,453.0,normalDay
2022-02-17,9135.0,-327.0,0.0,100,437.06,441.0,0,0.0,0.0,,0.0,1,21.44,20.77,SPY220930C00453000,453.0,normalDay
2022-02-18,9135.0,-479.0,0.0,100,434.23,441.0,0,0.0,0.0,,0.0,1,21.44,19.46,SPY220930C00453000,453.0,normalDay
2022-02-22,9135.0,-755.0,0.0,100,429.57,441.0,0,0.0,0.0,,0.0,1,21.44,17.56,SPY220930C00453000,453.0,normalDay
2022-02-23,9135.0,-1190.0,0.0,100,421.95,441.0,0,0.0,0.0,,0.0,1,21.44,14.29,SPY220930C00453000,453.0,normalDay
2022-02-24,9135.0,-710.0,0.0,100,428.3,441.0,0,0.0,0.0,,0.0,1,21.44,15.84,SPY220930C00453000,453.0,normalDay
2022-02-25,9135.0,-203.0,0.0,100,437.75,441.0,0,0.0,0.0,,0.0,1,21.44,20.22,SPY220930C00453000,453.0,normalDay
2022-02-28,9135.0,-299.0,0.0,100,436.63,441.0,0,0.0,0.0,,0.0,1,21.44,20.06,SPY220930C00453000,453.0,normalDay
2022-03-01,9135.0,-822.0,0.0,100,429.98,441.0,0,0.0,0.0,,0.0,1,21.44,18.64,SPY220930C00453000,453.0,normalDay
2022-03-02,9135.0,-290.0,0.0,100,437.89,441.0,0,0.0,0.0,,0.0,1,21.44,21.23,SPY220930C00453000,453.0,normalDay
2022-03-03,9135.0,-443.0,0.0,100,435.71,441.0,0,0.0,0.0,,0.0,1,21.44,20.58,SPY220930C00453000,453.0,normalDay
2022-03-04,9135.0,-642.0,0.0,100,432.17,441.0,0,0.0,0.0,,0.0,1,21.44,19.03,SPY220930C00453000,453.0,normalDay
2022-03-07,9135.0,-1472.0,0.0,100,419.43,441.0,0,0.0,0.0,,0.0,1,21.44,14.59,SPY220930C00453000,453.0,normalDay
2022-03-08,9135.0,-1643.0,0.0,100,416.25,441.0,0,0.0,0.0,,0.0,1,21.44,13.12,SPY220930C00453000,453.0,normalDay
2022-03-09,9135.0,-1033.0,0.0,100,427.41,441.0,0,0.0,0.0,,0.0,1,21.44,18.18,SPY220930C00453000,453.0,normalDay
2022-03-10,9135.0,-978.0,0.0,100,425.48,441.0,0,0.0,0.0,,0.0,1,21.44,15.7,SPY220930C00453000,453.0,normalDay
2022-03-11,9135.0,-1325.0,0.0,100,420.07,441.0,0,0.0,0.0,,0.0,1,21.44,13.76,SPY220930C00453000,453.0,normalDay
2022-03-14,9135.0,-1557.0,0.0,100,417.0,441.0,0,0.0,0.0,,0.0,1,21.44,13.01,SPY220930C00453000,453.0,normalDay
2022-03-15,9135.0,-918.0,0.0,100,426.17,441.0,0,0.0,0.0,,0.0,1,21.44,15.79,SPY220930C00453000,453.0,normalDay
2022-03-16,9135.0,-248.0,0.0,100,435.62,441.0,0,0.0,0.0,,0.0,1,21.44,18.54,SPY220930C00453000,453.0,normalDay
2022-03-17,9135.0,105.0,0.0,100,441.07,441.0,0,0.0,0.0,,0.0,1,21.44,20.46,SPY220930C00453000,453.0,normalDay
2022-03-18,9135.0,208.0,0.0,100,444.52,441.0,0,0.0,0.0,,0.0,1,21.44,22.88,SPY220930C00453000,453.0,normalDay
2022-03-21,9135.0,236.0,0.0,100,444.39,441.0,0,0.0,0.0,,0.0,1,21.44,22.47,SPY220930C00453000,453.0,normalDay
2022-03-22,9135.0,516.0,0.0,100,449.59,441.0,0,0.0,0.0,,0.0,1,21.44,24.87,SPY220930C00453000,453.0,normalDay
2022-03-23,9135.0,249.0,0.0,100,443.8,441.0,0,0.0,0.0,,0.0,1,21.44,21.75,SPY220930C00453000,453.0,normalDay
2022-03-24,9135.0,571.0,0.0,100,450.49,441.0,0,0.0,0.0,,0.0,1,21.44,25.22,SPY220930C00453000,453.0,normalDay
2022-03-25,9135.0,684.0,0.0,100,452.69,441.0,0,0.0,0.0,,0.0,1,21.44,26.29,SPY220930C00453000,453.0,normalDay
2022-03-28,9135.0,821.0,0.0,100,455.91,441.0,0,0.0,0.0,,0.0,1,21.44,28.14,SPY220930C00453000,453.0,normalDay
2022-03-29,9135.0,1100.0,0.0,100,461.55,441.0,0,0.0,0.0,,0.0,1,21.44,30.99,SPY220930C00453000,453.0,normalDay
2022-03-30,9135.0,926.0,0.0,100,458.7,441.0,0,0.0,0.0,,0.0,1,21.44,29.88,SPY220930C00453000,453.0,normalDay
2022-03-31,9135.0,613.0,0.0,100,451.64,441.0,0,0.0,0.0,,0.0,1,21.44,25.95,SPY220930C00453000,453.0,normalDay
2022-04-01,9135.0,770.0,0.0,100,452.92,441.0,0,0.0,0.0,,0.0,1,21.44,25.66,SPY220930C00453000,453.0,normalDay
2022-04-04,9135.0,976.0,0.0,100,456.8,441.0,0,0.0,0.0,,0.0,1,21.44,27.48,SPY220930C00453000,453.0,normalDay
2022-04-05,9135.0,614.0,0.0,100,451.03,441.0,0,0.0,0.0,,0.0,1,21.44,25.33,SPY220930C00453000,453.0,normalDay
2022-04-06,9135.0,453.0,0.0,100,446.52,441.0,0,0.0,0.0,,0.0,1,21.44,22.43,SPY220930C00453000,453.0,normalDay
2022-04-07,9135.0,569.0,0.0,100,448.77,441.0,0,0.0,0.0,,0.0,1,21.44,23.52,SPY220930C00453000,453.0,normalDay
2022-04-08,9135.0,534.0,0.0,100,447.57,441.0,0,0.0,0.0,,0.0,1,21.44,22.67,SPY220930C00453000,453.0,normalDay
2022-04-11,9135.0,153.0,0.0,100,439.92,441.0,0,0.0,0.0,,0.0,1,21.44,18.83,SPY220930C00453000,453.0,normalDay
2022-04-12,9135.0,62.0,0.0,100,438.29,441.0,0,0.0,0.0,,0.0,1,21.44,18.11,SPY220930C00453000,453.0,normalDay
2022-04-13,9135.0,412.0,0.0,100,443.31,441.0,0,0.0,0.0,,0.0,1,21.44,19.63,SPY220930C00453000,453.0,normalDay
2022-04-14,9135.0,104.0,0.0,100,437.79,441.0,0,0.0,0.0,,0.0,1,21.44,17.19,SPY220930C00453000,453.0,normalDay
2022-04-18,9135.0,99.0,0.0,100,437.97,441.0,0,0.0,0.0,,0.0,1,21.44,17.42,SPY220930C00453000,453.0,normalDay
2022-04-19,9135.0,618.0,0.0,100,445.04,441.0,0,0.0,0.0,,0.0,1,21.44,19.3,SPY220930C00453000,453.0,normalDay
2022-04-20,9135.0,498.0,0.0,100,444.71,441.0,0,0.0,0.0,,0.0,1,21.44,20.17,SPY220930C00453000,453.0,normalDay
2022-04-21,9135.0,183.0,0.0,100,438.06,441.0,0,0.0,0.0,,0.0,1,21.44,16.67,SPY220930C00453000,453.0,normalDay
2022-04-22,9135.0,-582.0,0.0,100,426.04,441.0,0,0.0,0.0,,0.0,1,21.44,12.3,SPY220930C00453000,453.0,normalDay
2022-04-25,9135.0,-430.0,0.0,100,428.51,441.0,0,0.0,0.0,,0.0,1,21.44,13.25,SPY220930C00453000,453.0,normalDay
2022-04-26,9135.0,-1284.0,0.0,100,416.1,441.0,0,0.0,0.0,,0.0,1,21.44,9.38,SPY220930C00453000,453.0,normalDay
2022-04-27,9135.0,-1234.0,0.0,100,417.27,441.0,0,0.0,0.0,,0.0,1,21.44,10.05,SPY220930C00453000,453.0,normalDay
2022-04-28,9135.0,-427.0,0.0,100,427.81,441.0,0,0.0,0.0,,0.0,1,21.44,12.52,SPY220930C00453000,453.0,normalDay
2022-04-29,9135.0,-1591.0,0.0,100,412.0,441.0,0,0.0,0.0,,0.0,1,21.44,8.35,SPY220930C00453000,453.0,normalDay
2022-05-02,9135.0,-1375.0,0.0,100,414.48,441.0,0,0.0,0.0,,0.0,1,21.44,8.67,SPY220930C00453000,453.0,normalDay
2022-05-03,9135.0,-1174.0,0.0,100,416.38,441.0,0,0.0,0.0,,0.0,1,21.44,8.56,SPY220930C00453000,453.0,normalDay
2022-05-04,9135.0,-244.0,0.0,100,429.06,441.0,0,0.0,0.0,,0.0,1,21.44,11.94,SPY220930C00453000,453.0,normalDay
2022-05-05,9135.0,-1392.0,0.0,100,413.81,441.0,0,0.0,0.0,,0.0,1,21.44,8.17,SPY220930C00453000,453.0,normalDay
2022-05-06,9135.0,-1532.0,0.0,100,411.34,441.0,0,0.0,0.0,,0.0,1,21.44,7.1,SPY220930C00453000,453.0,normalDay
2022-05-09,9135.0,-2639.0,0.0,100,398.17,441.0,0,0.0,0.0,,0.0,1,21.44,5.0,SPY220930C00453000,453.0,normalDay
2022-05-10,9135.0,-2515.0,0.0,100,399.09,441.0,0,0.0,0.0,,0.0,1,21.44,4.68,SPY220930C00453000,453.0,normalDay
2022-05-11,9135.0,-3065.0,0.0,100,392.75,441.0,0,0.0,0.0,,0.0,1,21.44,3.84,SPY220930C00453000,453.0,normalDay
2022-05-12,9135.0,-3052.0,0.0,100,392.34,441.0,0,0.0,0.0,,0.0,1,21.44,3.3,SPY220930C00453000,453.0,normalDay
2022-05-13,9135.0,-2191.0,0.0,100,401.72,441.0,0,0.0,0.0,,0.0,1,21.44,4.07,SPY220930C00453000,453.0,normalDay
2022-05-16,9135.0,-2315.0,0.0,100,400.09,441.0,0,0.0,0.0,,0.0,1,21.44,3.68,SPY220930C00453000,453.0,normalDay
2022-05-17,9135.0,-1633.0,0.0,100,408.32,441.0,0,0.0,0.0,,0.0,1,21.44,5.09,SPY220930C00453000,453.0,normalDay
2022-05-18,9135.0,-3022.0,0.0,100,391.86,441.0,0,0.0,0.0,,0.0,1,21.44,2.52,SPY220930C00453000,453.0,normalDay
2022-05-19,9135.0,-3215.0,0.0,100,389.46,441.0,0,0.0,0.0,,0.0,1,21.44,2.05,SPY220930C00453000,453.0,normalDay
2022-05-20,9135.0,-3205.0,0.0,100,389.63,441.0,0,0.0,0.0,,0.0,1,21.44,2.12,SPY220930C00453000,453.0,normalDay
2022-05-23,9135.0,-2584.0,0.0,100,396.92,441.0,0,0.0,0.0,,0.0,1,21.44,3.2,SPY220930C00453000,453.0,normalDay
2022-05-24,9135.0,-2855.0,0.0,100,393.89,441.0,0,0.0,0.0,,0.0,1,21.44,2.88,SPY220930C00453000,453.0,normalDay
2022-05-25,9135.0,-2532.0,0.0,100,397.37,441.0,0,0.0,0.0,,0.0,1,21.44,3.13,SPY220930C00453000,453.0,normalDay
2022-05-26,9135.0,-1857.0,0.0,100,405.31,441.0,0,0.0,0.0,,0.0,1,21.44,4.32,SPY220930C00453000,453.0,normalDay
2022-05-27,9135.0,-1061.0,0.0,100,415.26,441.0,0,0.0,0.0,,0.0,1,21.44,6.31,SPY220930C00453000,453.0,normalDay
2022-05-31,9135.0,-1181.0,0.0,100,412.93,441.0,0,0.0,0.0,,0.0,1,21.44,5.18,SPY220930C00453000,453.0,normalDay
2022-06-01,9135.0,-1421.0,0.0,100,409.59,441.0,0,0.0,0.0,,0.0,1,21.44,4.24,SPY220930C00453000,453.0,normalDay
2022-06-02,9135.0,-807.0,0.0,100,417.39,441.0,0,0.0,0.0,,0.0,1,21.44,5.9,SPY220930C00453000,453.0,normalDay
2022-06-03,9135.0,-1333.0,0.0,100,410.54,441.0,0,0.0,0.0,,0.0,1,21.44,4.31,SPY220930C00453000,453.0,normalDay
2022-06-06,9135.0,-1209.0,0.0,100,411.79,441.0,0,0.0,0.0,,0.0,1,21.44,4.32,SPY220930C00453000,453.0,normalDay
2022-06-07,9135.0,-875.0,0.0,100,415.74,441.0,0,0.0,0.0,,0.0,1,21.44,4.93,SPY220930C00453000,453.0,normalDay
2022-06-08,9135.0,-1231.0,0.0,100,411.22,441.0,0,0.0,0.0,,0.0,1,21.44,3.97,SPY220930C00453000,453.0,normalDay
2022-06-09,9135.0,-2072.0,0.0,100,401.44,441.0,0,0.0,0.0,,0.0,1,21.44,2.6,SPY220930C00453000,453.0,normalDay
2022-06-10,9135.0,-3132.0,0.0,100,389.8,441.0,0,0.0,0.0,,0.0,1,21.44,1.56,SPY220930C00453000,453.0,normalDay
2022-06-13,9135.0,-4543.0,0.0,100,375.0,441.0,0,0.0,0.0,,0.0,1,21.44,0.87,SPY220930C00453000,453.0,normalDay
2022-06-14,9135.0,-4639.0,0.0,100,373.87,441.0,0,0.0,0.0,,0.0,1,21.44,0.7,SPY220930C00453000,453.0,normalDay
2022-06-15,9135.0,-4118.0,0.0,100,379.2,441.0,0,0.0,0.0,,0.0,1,21.44,0.82,SPY220930C00453000,453.0,normalDay
2022-06-16,9135.0,-5346.0,0.0,100,366.65,441.0,0,0.0,0.0,,0.0,1,21.44,0.55,SPY220930C00453000,453.0,normalDay
2022-06-17,9135.0,-5423.0,0.0,100,365.86,441.0,0,0.0,0.0,,0.0,1,21.44,0.53,SPY220930C00453000,453.0,normalDay
2022-06-21,9135.0,-4518.0,0.0,100,375.07,441.0,0,0.0,0.0,,0.0,1,21.44,0.69,SPY220930C00453000,453.0,normalDay
2022-06-22,9135.0,-4583.0,0.0,100,374.39,441.0,0,0.0,0.0,,0.0,1,21.44,0.66,SPY220930C00453000,453.0,normalDay
2022-06-23,9135.0,-4220.0,0.0,100,378.06,441.0,0,0.0,0.0,,0.0,1,21.44,0.7,SPY220930C00453000,453.0,normalDay
2022-06-24,9135.0,-3071.0,0.0,100,390.08,441.0,0,0.0,0.0,,0.0,1,21.44,1.23,SPY220930C00453000,453.0,normalDay
2022-06-27,9135.0,-3206.0,0.0,100,388.59,441.0,0,0.0,0.0,,0.0,1,21.44,1.09,SPY220930C00453000,453.0,normalDay
2022-06-28,9135.0,-3958.0,0.0,100,380.65,441.0,0,0.0,0.0,,0.0,1,21.44,0.67,SPY220930C00453000,453.0,normalDay
2022-06-29,9135.0,-3988.0,0.0,100,380.34,441.0,0,0.0,0.0,,0.0,1,21.44,0.66,SPY220930C00453000,453.0,normalDay
2022-06-30,9135.0,-4283.0,0.0,100,377.25,441.0,0,0.0,0.0,,0.0,1,21.44,0.52,SPY220930C00453000,453.0,normalDay
2022-07-01,9135.0,-3884.0,0.0,100,381.24,441.0,0,0.0,0.0,,0.0,1,21.44,0.52,SPY220930C00453000,453.0,normalDay
2022-07-05,9135.0,-3806.0,0.0,100,381.96,441.0,0,0.0,0.0,,0.0,1,21.44,0.46,SPY220930C00453000,453.0,normalDay
2022-07-06,9135.0,-3681.0,0.0,100,383.25,441.0,0,0.0,0.0,,0.0,1,21.44,0.5,SPY220930C00453000,453.0,normalDay
2022-07-07,9135.0,-3122.0,0.0,100,388.99,441.0,0,0.0,0.0,,0.0,1,21.44,0.65,SPY220930C00453000,453.0,normalDay
2022-07-08,9135.0,-3150.0,0.0,100,388.67,441.0,0,0.0,0.0,,0.0,1,21.44,0.61,SPY220930C00453000,453.0,normalDay
2022-07-11,9135.0,-3577.0,0.0,100,384.23,441.0,0,0.0,0.0,,0.0,1,21.44,0.44,SPY220930C00453000,453.0,normalDay
2022-07-12,9135.0,-3905.0,0.0,100,380.83,441.0,0,0.0,0.0,,0.0,1,21.44,0.32,SPY220930C00453000,453.0,normalDay
2022-07-13,9135.0,-4102.0,0.0,100,378.83,441.0,0,0.0,0.0,,0.0,1,21.44,0.29,SPY220930C00453000,453.0,normalDay
2022-07-14,9135.0,-4193.0,0.0,100,377.91,441.0,0,0.0,0.0,,0.0,1,21.44,0.28,SPY220930C00453000,453.0,normalDay
2022-07-15,9135.0,-3480.0,0.0,100,385.13,441.0,0,0.0,0.0,,0.0,1,21.44,0.37,SPY220930C00453000,453.0,normalDay
2022-07-18,9135.0,-3792.0,0.0,100,381.95,441.0,0,0.0,0.0,,0.0,1,21.44,0.31,SPY220930C00453000,453.0,normalDay
2022-07-19,9135.0,-2796.0,0.0,100,392.27,441.0,0,0.0,0.0,,0.0,1,21.44,0.67,SPY220930C00453000,453.0,normalDay
2022-07-20,9135.0,-2556.0,0.0,100,394.77,441.0,0,0.0,0.0,,0.0,1,21.44,0.77,SPY220930C00453000,453.0,normalDay
2022-07-21,9135.0,-2165.0,0.0,100,398.79,441.0,0,0.0,0.0,,0.0,1,21.44,0.88,SPY220930C00453000,453.0,normalDay
2022-07-22,9135.0,-2508.0,0.0,100,395.09,441.0,0,0.0,0.0,,0.0,1,21.44,0.61,SPY220930C00453000,453.0,normalDay
2022-07-25,9135.0,-2453.0,0.0,100,395.57,441.0,0,0.0,0.0,,0.0,1,21.44,0.54,SPY220930C00453000,453.0,normalDay
2022-07-26,9135.0,-2907.0,0.0,100,390.89,441.0,0,0.0,0.0,,0.0,1,21.44,0.4,SPY220930C00453000,453.0,normalDay
2022-07-27,9135.0,-1918.0,0.0,100,401.04,441.0,0,0.0,0.0,,0.0,1,21.44,0.66,SPY220930C00453000,453.0,normalDay
2022-07-28,9135.0,-1443.0,0.0,100,406.07,441.0,0,0.0,0.0,,0.0,1,21.44,0.94,SPY220930C00453000,453.0,normalDay
2022-07-29,9135.0,-879.0,0.0,100,411.99,441.0,0,0.0,0.0,,0.0,1,21.44,1.22,SPY220930C00453000,453.0,normalDay
2022-08-01,9135.0,-989.0,0.0,100,410.77,441.0,0,0.0,0.0,,0.0,1,21.44,1.1,SPY220930C00453000,453.0,normalDay
2022-08-02,9135.0,-1236.0,0.0,100,408.06,441.0,0,0.0,0.0,,0.0,1,21.44,0.86,SPY220930C00453000,453.0,normalDay
2022-08-03,9135.0,-635.0,0.0,100,414.45,441.0,0,0.0,0.0,,0.0,1,21.44,1.24,SPY220930C00453000,453.0,normalDay
2022-08-04,9135.0,-656.0,0.0,100,414.17,441.0,0,0.0,0.0,,0.0,1,21.44,1.17,SPY220930C00453000,453.0,normalDay
2022-08-05,9135.0,-698.0,0.0,100,413.47,441.0,0,0.0,0.0,,0.0,1,21.44,0.89,SPY220930C00453000,453.0,normalDay
2022-08-08,9135.0,-738.0,0.0,100,412.99,441.0,0,0.0,0.0,,0.0,1,21.44,0.81,SPY220930C00453000,453.0,normalDay
2022-08-09,9135.0,-890.0,0.0,100,411.35,441.0,0,0.0,0.0,,0.0,1,21.44,0.69,SPY220930C00453000,453.0,normalDay
2022-08-10,9135.0,-79.0,0.0,100,419.99,441.0,0,0.0,0.0,,0.0,1,21.44,1.22,SPY220930C00453000,453.0,normalDay
2022-08-11,9135.0,-79.0,0.0,100,419.99,441.0,0,0.0,0.0,,0.0,1,21.44,1.22,SPY220930C00453000,453.0,normalDay
2022-08-12,9135.0,548.0,0.0,100,427.1,441.0,0,0.0,0.0,,0.0,1,21.44,2.06,SPY220930C00453000,453.0,normalDay
2022-08-15,9135.0,706.0,0.0,100,428.86,441.0,0,0.0,0.0,,0.0,1,21.44,2.24,SPY220930C00453000,453.0,normalDay
2022-08-16,9135.0,797.0,0.0,100,429.7,441.0,0,0.0,0.0,,0.0,1,21.44,2.17,SPY220930C00453000,453.0,normalDay
2022-08-17,9135.0,541.0,0.0,100,426.65,441.0,0,0.0,0.0,,0.0,1,21.44,1.68,SPY220930C00453000,453.0,normalDay
2022-08-18,9135.0,677.0,0.0,100,427.89,441.0,0,0.0,0.0,,0.0,1,21.44,1.56,SPY220930C00453000,453.0,normalDay
2022-08-19,9135.0,170.0,0.0,100,422.14,441.0,0,0.0,0.0,,0.0,1,21.44,0.88,SPY220930C00453000,453.0,normalDay
2022-08-22,9135.0,-662.0,0.0,100,413.35,441.0,0,0.0,0.0,,0.0,1,21.44,0.41,SPY220930C00453000,453.0,normalDay
2022-08-23,9135.0,-755.0,0.0,100,412.35,441.0,0,0.0,0.0,,0.0,1,21.44,0.34,SPY220930C00453000,453.0,normalDay
2022-08-24,9135.0,-619.0,0.0,100,413.67,441.0,0,0.0,0.0,,0.0,1,21.44,0.3,SPY220930C00453000,453.0,normalDay
2022-08-25,9135.0,-52.0,0.0,100,419.51,441.0,0,0.0,0.0,,0.0,1,21.44,0.47,SPY220930C00453000,453.0,normalDay
2022-08-26,9135.0,-1439.0,0.0,100,405.31,441.0,0,0.0,0.0,,0.0,1,21.44,0.14,SPY220930C00453000,453.0,normalDay
2022-08-29,9135.0,-1705.0,0.0,100,402.63,441.0,0,0.0,0.0,,0.0,1,21.44,0.12,SPY220930C00453000,453.0,normalDay
2022-08-30,9135.0,-2141.0,0.0,100,398.21,441.0,0,0.0,0.0,,0.0,1,21.44,0.06,SPY220930C00453000,453.0,normalDay
2022-08-31,9135.0,-2443.0,0.0,100,395.18,441.0,0,0.0,0.0,,0.0,1,21.44,0.05,SPY220930C00453000,453.0,normalDay
2022-09-01,9135.0,-2319.0,0.0,100,396.42,441.0,0,0.0,0.0,,0.0,1,21.44,0.05,SPY220930C00453000,453.0,normalDay
2022-09-02,9135.0,-2736.0,0.0,100,392.24,441.0,0,0.0,0.0,,0.0,1,21.44,0.04,SPY220930C00453000,453.0,normalDay
2022-09-06,9135.0,-2883.0,0.0,100,390.76,441.0,0,0.0,0.0,,0.0,1,21.44,0.03,SPY220930C00453000,453.0,normalDay
2022-09-07,9135.0,-2183.0,0.0,100,397.78,441.0,0,0.0,0.0,,0.0,1,21.44,0.05,SPY220930C00453000,453.0,normalDay
2022-09-08,9135.0,-1922.0,0.0,100,400.38,441.0,0,0.0,0.0,,0.0,1,21.44,0.04,SPY220930C00453000,453.0,normalDay
2022-09-09,9135.0,-1301.0,0.0,100,406.6,441.0,0,0.0,0.0,,0.0,1,21.44,0.05,SPY220930C00453000,453.0,normalDay
2022-09-12,9135.0,-869.0,0.0,100,410.97,441.0,0,0.0,0.0,,0.0,1,21.44,0.1,SPY220930C00453000,453.0,normalDay
2022-09-13,9135.0,-2648.0,0.0,100,393.1,441.0,0,0.0,0.0,,0.0,1,21.44,0.02,SPY220930C00453000,453.0,normalDay
2022-09-14,9135.0,-2498.0,0.0,100,394.6,441.0,0,0.0,0.0,,0.0,1,21.44,0.02,SPY220930C00453000,453.0,normalDay
2022-09-15,9135.0,-2946.0,0.0,100,390.12,441.0,0,0.0,0.0,,0.0,1,21.44,0.02,SPY220930C00453000,453.0,normalDay
2022-09-16,9135.0,-3402.0,0.0,100,385.56,441.0,0,0.0,0.0,,0.0,1,21.44,0.02,SPY220930C00453000,453.0,normalDay
2022-09-19,9135.0,-3102.0,0.0,100,388.55,441.0,0,0.0,0.0,,0.0,1,21.44,0.01,SPY220930C00453000,453.0,normalDay
2022-09-20,9135.0,-3548.0,0.0,100,384.09,441.0,0,0.0,0.0,,0.0,1,21.44,0.01,SPY220930C00453000,453.0,normalDay
2022-09-21,9135.0,-4218.0,0.0,100,377.39,441.0,0,0.0,0.0,,0.0,1,21.44,0.01,SPY220930C00453000,453.0,normalDay
2022-09-22,9135.0,-4535.0,0.0,100,374.22,441.0,0,0.0,0.0,,0.0,1,21.44,0.01,SPY220930C00453000,453.0,normalDay
2022-09-23,9135.0,-5162.0,0.0,100,367.95,441.0,0,0.0,0.0,,0.0,1,21.44,0.01,SPY220930C00453000,453.0,normalDay
2022-09-26,9135.0,-5526.0,0.0,100,364.31,441.0,0,0.0,0.0,,0.0,1,21.44,0.01,SPY220930C00453000,453.0,normalDay
2022-09-27,9135.0,-5619.0,0.0,100,363.38,441.0,0,0.0,0.0,,0.0,1,21.44,0.01,SPY220930C00453000,453.0,normalDay
2022-09-28,9135.0,-4904.0,0.0,100,370.53,441.0,0,0.0,0.0,,0.0,1,21.44,0.01,SPY220930C00453000,453.0,normalDay
2022-09-29,9135.0,-5678.0,0.0,100,362.79,441.0,0,0.0,0.0,,0.0,1,21.44,0.01,SPY220930C00453000,453.0,normalDay
2022-09-30,11279.0,-8382.0,2144.0,100,357.18,441.0,0,0.0,0.0,,0.0,1,21.44,0.0,SPY220930C00453000,453.0,expirationDay
2022-10-03,11279.0,-7941.0,0.0,100,366.61,441.0,0,0.0,0.0,,0.0,1,15.98,21.0,SPY230929C00415000,415.0,normalDay
2022-10-04,11279.0,-7513.0,0.0,100,377.97,441.0,0,0.0,0.0,,0.0,1,15.98,28.08,SPY230929C00415000,415.0,normalDay
2022-10-05,11279.0,-7343.0,0.0,100,377.09,441.0,0,0.0,0.0,,0.0,1,15.98,25.5,SPY230929C00415000,415.0,normalDay
2022-10-06,11279.0,-7582.0,0.0,100,373.2,441.0,0,0.0,0.0,,0.0,1,15.98,24.0,SPY230929C00415000,415.0,normalDay
2022-10-07,11279.0,-8423.0,0.0,100,362.79,441.0,0,0.0,0.0,,0.0,1,15.98,22.0,SPY230929C00415000,415.0,normalDay
2022-10-10,11279.0,-8435.0,0.0,100,360.02,441.0,0,0.0,0.0,,0.0,1,15.98,19.35,SPY230929C00415000,415.0,normalDay
2022-10-11,11279.0,-8461.0,0.0,100,357.74,441.0,0,0.0,0.0,,0.0,1,15.98,17.33,SPY230929C00415000,415.0,normalDay
2022-10-12,11279.0,-8646.0,0.0,100,356.56,441.0,0,0.0,0.0,,0.0,1,15.98,18.0,SPY230929C00415000,415.0,normalDay
2022-10-13,11279.0,-8085.0,0.0,100,365.97,441.0,0,0.0,0.0,,0.0,1,15.98,21.8,SPY230929C00415000,415.0,normalDay
2022-10-14,11279.0,-8595.0,0.0,100,357.63,441.0,0,0.0,0.0,,0.0,1,15.98,18.56,SPY230929C00415000,415.0,normalDay
2022-10-17,11279.0,-7885.0,0.0,100,366.82,441.0,0,0.0,0.0,,0.0,1,15.98,20.65,SPY230929C00415000,415.0,normalDay
2022-10-18,11279.0,-7744.0,0.0,100,371.13,441.0,0,0.0,0.0,,0.0,1,15.98,23.55,SPY230929C00415000,415.0,normalDay
2022-10-19,11279.0,-7902.0,0.0,100,368.5,441.0,0,0.0,0.0,,0.0,1,15.98,22.5,SPY230929C00415000,415.0,normalDay
2022-10-20,11279.0,-8037.0,0.0,100,365.41,441.0,0,0.0,0.0,,0.0,1,15.98,20.76,SPY230929C00415000,415.0,normalDay
2022-10-21,11279.0,-7544.0,0.0,100,374.29,441.0,0,0.0,0.0,,0.0,1,15.98,24.71,SPY230929C00415000,415.0,normalDay
2022-10-24,11279.0,-7282.0,0.0,100,378.87,441.0,0,0.0,0.0,,0.0,1,15.98,26.67,SPY230929C00415000,415.0,normalDay
2022-10-25,11279.0,-6760.0,0.0,100,384.92,441.0,0,0.0,0.0,,0.0,1,15.98,27.5,SPY230929C00415000,415.0,normalDay
2022-10-26,11279.0,-7100.0,0.0,100,382.02,441.0,0,0.0,0.0,,0.0,1,15.98,28.0,SPY230929C00415000,415.0,normalDay
2022-10-27,11279.0,-6874.0,0.0,100,379.98,441.0,0,0.0,0.0,,0.0,1,15.98,23.7,SPY230929C00415000,415.0,normalDay
2022-10-28,11279.0,-6489.0,0.0,100,389.02,441.0,0,0.0,0.0,,0.0,1,15.98,28.89,SPY230929C00415000,415.0,normalDay
2022-10-31,11279.0,-6612.0,0.0,100,386.21,441.0,0,0.0,0.0,,0.0,1,15.98,27.31,SPY230929C00415000,415.0,normalDay
2022-11-01,11279.0,-6666.0,0.0,100,384.52,441.0,0,0.0,0.0,,0.0,1,15.98,26.16,SPY230929C00415000,415.0,normalDay
2022-11-02,11279.0,-7268.0,0.0,100,374.87,441.0,0,0.0,0.0,,0.0,1,15.98,22.53,SPY230929C00415000,415.0,normalDay
2022-11-03,11279.0,-7372.0,0.0,100,371.01,441.0,0,0.0,0.0,,0.0,1,15.98,19.71,SPY230929C00415000,415.0,normalDay
2022-11-04,11279.0,-7073.0,0.0,100,376.35,441.0,0,0.0,0.0,,0.0,1,15.98,22.06,SPY230929C00415000,415.0,normalDay
2022-11-07,11279.0,-6844.0,0.0,100,379.95,441.0,0,0.0,0.0,,0.0,1,15.98,23.37,SPY230929C00415000,415.0,normalDay
2022-11-08,11279.0,-6710.0,0.0,100,382.0,441.0,0,0.0,0.0,,0.0,1,15.98,24.08,SPY230929C00415000,415.0,normalDay
2022-11-09,11279.0,-7165.0,0.0,100,374.13,441.0,0,0.0,0.0,,0.0,1,15.98,20.76,SPY230929C00415000,415.0,normalDay
2022-11-10,11279.0,-6102.0,0.0,100,394.69,441.0,0,0.0,0.0,,0.0,1,15.98,30.69,SPY230929C00415000,415.0,normalDay
2022-11-11,11279.0,-5878.0,0.0,100,398.51,441.0,0,0.0,0.0,,0.0,1,15.98,32.27,SPY230929C00415000,415.0,normalDay
2022-11-14,11279.0,-6079.0,0.0,100,395.12,441.0,0,0.0,0.0,,0.0,1,15.98,30.89,SPY230929C00415000,415.0,normalDay
2022-11-15,11279.0,-5885.0,0.0,100,398.49,441.0,0,0.0,0.0,,0.0,1,15.98,32.32,SPY230929C00415000,415.0,normalDay
2022-11-16,11279.0,-5982.0,0.0,100,395.45,441.0,0,0.0,0.0,,0.0,1,15.98,30.25,SPY230929C00415000,415.0,normalDay
2022-11-17,11279.0,-5990.0,0.0,100,394.24,441.0,0,0.0,0.0,,0.0,1,15.98,29.12,SPY230929C00415000,415.0,normalDay
2022-11-18,11279.0,-5918.0,0.0,100,396.03,441.0,0,0.0,0.0,,0.0,1,15.98,30.19,SPY230929C00415000,415.0,normalDay
2022-11-21,11279.0,-5925.0,0.0,100,394.59,441.0,0,0.0,0.0,,0.0,1,15.98,28.82,SPY230929C00415000,415.0,normalDay
2022-11-22,11279.0,-5636.0,0.0,100,399.9,441.0,0,0.0,0.0,,0.0,1,15.98,31.24,SPY230929C00415000,415.0,normalDay
2022-11-23,11279.0,-5502.0,0.0,100,402.42,441.0,0,0.0,0.0,,0.0,1,15.98,32.42,SPY230929C00415000,415.0,normalDay
2022-11-25,11279.0,-5495.0,0.0,100,402.33,441.0,0,0.0,0.0,,0.0,1,15.98,32.26,SPY230929C00415000,415.0,normalDay
2022-11-28,11279.0,-5815.0,0.0,100,395.91,441.0,0,0.0,0.0,,0.0,1,15.98,29.04,SPY230929C00415000,415.0,normalDay
2022-11-29,11279.0,-5798.0,0.0,100,395.23,441.0,0,0.0,0.0,,0.0,1,15.98,28.19,SPY230929C00415000,415.0,normalDay
2022-11-30,11279.0,-5401.0,0.0,100,407.68,441.0,0,0.0,0.0,,0.0,1,15.98,36.67,SPY230929C00415000,415.0,normalDay
2022-12-01,11279.0,-5163.0,0.0,100,407.38,441.0,0,0.0,0.0,,0.0,1,15.98,33.99,SPY230929C00415000,415.0,normalDay
2022-12-02,11279.0,-5129.0,0.0,100,406.91,441.0,0,0.0,0.0,,0.0,1,15.98,33.18,SPY230929C00415000,415.0,normalDay
2022-12-05,11279.0,-5471.0,0.0,100,399.59,441.0,0,0.0,0.0,,0.0,1,15.98,29.28,SPY230929C00415000,415.0,normalDay
2022-12-06,11279.0,-5735.0,0.0,100,393.83,441.0,0,0.0,0.0,,0.0,1,15.98,26.16,SPY230929C00415000,415.0,normalDay
2022-12-07,11279.0,-5794.0,0.0,100,393.16,441.0,0,0.0,0.0,,0.0,1,15.98,26.08,SPY230929C00415000,415.0,normalDay
2022-12-08,11279.0,-5630.0,0.0,100,396.24,441.0,0,0.0,0.0,,0.0,1,15.98,27.52,SPY230929C00415000,415.0,normalDay
2022-12-09,11279.0,-5791.0,0.0,100,393.28,441.0,0,0.0,0.0,,0.0,1,15.98,26.17,SPY230929C00415000,415.0,normalDay
2022-12-12,11279.0,-5526.0,0.0,100,398.95,441.0,0,0.0,0.0,,0.0,1,15.98,29.19,SPY230929C00415000,415.0,normalDay
2022-12-13,11279.0,-5351.0,0.0,100,401.97,441.0,0,0.0,0.0,,0.0,1,15.98,30.46,SPY230929C00415000,415.0,normalDay
2022-12-14,11279.0,-5516.0,0.0,100,399.4,441.0,0,0.0,0.0,,0.0,1,15.98,29.54,SPY230929C00415000,415.0,normalDay
2022-12-15,11279.0,-5899.0,0.0,100,389.63,441.0,0,0.0,0.0,,0.0,1,15.98,23.6,SPY230929C00415000,415.0,normalDay
2022-12-16,11279.0,-6300.0,0.0,100,383.27,441.0,0,0.0,0.0,,0.0,1,15.98,21.25,SPY230929C00415000,415.0,normalDay
2022-12-19,11279.0,-6436.0,0.0,100,380.02,441.0,0,0.0,0.0,,0.0,1,15.98,19.36,SPY230929C00415000,415.0,normalDay
2022-12-20,11279.0,-6374.0,0.0,100,380.54,441.0,0,0.0,0.0,,0.0,1,15.98,19.26,SPY230929C00415000,415.0,normalDay
2022-12-21,11279.0,-6020.0,0.0,100,386.23,441.0,0,0.0,0.0,,0.0,1,15.98,21.41,SPY230929C00415000,415.0,normalDay
2022-12-22,11279.0,-6334.0,0.0,100,380.72,441.0,0,0.0,0.0,,0.0,1,15.98,19.04,SPY230929C00415000,415.0,normalDay
2022-12-23,11279.0,-6184.0,0.0,100,382.91,441.0,0,0.0,0.0,,0.0,1,15.98,19.73,SPY230929C00415000,415.0,normalDay
2022-12-27,11279.0,-6264.0,0.0,100,381.4,441.0,0,0.0,0.0,,0.0,1,15.98,19.02,SPY230929C00415000,415.0,normalDay
2022-12-28,11279.0,-6525.0,0.0,100,376.66,441.0,0,0.0,0.0,,0.0,1,15.98,16.89,SPY230929C00415000,415.0,normalDay
2022-12-29,11279.0,-6097.0,0.0,100,383.44,441.0,0,0.0,0.0,,0.0,1,15.98,19.39,SPY230929C00415000,415.0,normalDay
2022-12-30,11279.0,-6162.0,0.0,100,382.43,441.0,0,0.0,0.0,,0.0,1,15.98,19.03,SPY230929C00415000,415.0,normalDay
2023-01-03,11279.0,-6174.0,0.0,100,380.82,441.0,0,0.0,0.0,,0.0,1,15.98,17.54,SPY230929C00415000,415.0,normalDay
2023-01-04,11279.0,-5977.0,0.0,100,383.76,441.0,0,0.0,0.0,,0.0,1,15.98,18.51,SPY230929C00415000,415.0,normalDay
2023-01-05,11279.0,-6203.0,0.0,100,379.38,441.0,0,0.0,0.0,,0.0,1,15.98,16.39,SPY230929C00415000,415.0,normalDay
2023-01-06,11279.0,-5653.0,0.0,100,388.08,441.0,0,0.0,0.0,,0.0,1,15.98,19.59,SPY230929C00415000,415.0,normalDay
2023-01-09,11279.0,-5654.0,0.0,100,387.86,441.0,0,0.0,0.0,,0.0,1,15.98,19.38,SPY230929C00415000,415.0,normalDay
2023-01-10,11279.0,-5446.0,0.0,100,390.58,441.0,0,0.0,0.0,,0.0,1,15.98,20.02,SPY230929C00415000,415.0,normalDay
2023-01-11,11279.0,-5229.0,0.0,100,395.52,441.0,0,0.0,0.0,,0.0,1,15.98,22.79,SPY230929C00415000,415.0,normalDay
2023-01-12,11279.0,-5037.0,0.0,100,396.96,441.0,0,0.0,0.0,,0.0,1,15.98,22.31,SPY230929C00415000,415.0,normalDay
2023-01-13,11279.0,-4899.0,0.0,100,398.5,441.0,0,0.0,0.0,,0.0,1,15.98,22.47,SPY230929C00415000,415.0,normalDay
2023-01-17,11279.0,-4909.0,0.0,100,397.77,441.0,0,0.0,0.0,,0.0,1,15.98,21.84,SPY230929C00415000,415.0,normalDay
2023-01-18,11279.0,-5203.0,0.0,100,391.49,441.0,0,0.0,0.0,,0.0,1,15.98,18.5,SPY230929C00415000,415.0,normalDay
2023-01-19,11279.0,-5327.0,0.0,100,388.64,441.0,0,0.0,0.0,,0.0,1,15.98,16.89,SPY230929C00415000,415.0,normalDay
2023-01-20,11279.0,-4917.0,0.0,100,395.88,441.0,0,0.0,0.0,,0.0,1,15.98,20.03,SPY230929C00415000,415.0,normalDay
2023-01-23,11279.0,-4674.0,0.0,100,400.63,441.0,0,0.0,0.0,,0.0,1,15.98,22.35,SPY230929C00415000,415.0,normalDay
2023-01-24,11279.0,-4707.0,0.0,100,400.2,441.0,0,0.0,0.0,,0.0,1,15.98,22.25,SPY230929C00415000,415.0,normalDay
2023-01-25,11279.0,-4592.0,0.0,100,400.35,441.0,0,0.0,0.0,,0.0,1,15.98,21.25,SPY230929C00415000,415.0,normalDay
2023-01-26,11279.0,-4365.0,0.0,100,404.75,441.0,0,0.0,0.0,,0.0,1,15.98,23.38,SPY230929C00415000,415.0,normalDay
2023-01-27,11279.0,-4334.0,0.0,100,405.68,441.0,0,0.0,0.0,,0.0,1,15.98,24.0,SPY230929C00415000,415.0,normalDay
2023-01-30,11279.0,-4581.0,0.0,100,400.59,441.0,0,0.0,0.0,,0.0,1,15.98,21.38,SPY230929C00415000,415.0,normalDay
2023-01-31,11279.0,-4271.0,0.0,100,406.48,441.0,0,0.0,0.0,,0.0,1,15.98,24.17,SPY230929C00415000,415.0,normalDay
2023-02-01,11279.0,-4156.0,0.0,100,410.8,441.0,0,0.0,0.0,,0.0,1,15.98,27.34,SPY230929C00415000,415.0,normalDay
2023-02-02,11279.0,-3824.0,0.0,100,416.78,441.0,0,0.0,0.0,,0.0,1,15.98,30.0,SPY230929C00415000,415.0,normalDay
2023-02-03,11279.0,-4063.0,0.0,100,412.35,441.0,0,0.0,0.0,,0.0,1,15.98,27.96,SPY230929C00415000,415.0,normalDay
2023-02-06,11279.0,-4174.0,0.0,100,409.83,441.0,0,0.0,0.0,,0.0,1,15.98,26.55,SPY230929C00415000,415.0,normalDay
2023-02-07,11279.0,-3909.0,0.0,100,415.19,441.0,0,0.0,0.0,,0.0,1,15.98,29.26,SPY230929C00415000,415.0,normalDay
2023-02-08,11279.0,-4159.0,0.0,100,410.65,441.0,0,0.0,0.0,,0.0,1,15.98,27.22,SPY230929C00415000,415.0,normalDay
2023-02-09,11279.0,-4329.0,0.0,100,407.09,441.0,0,0.0,0.0,,0.0,1,15.98,25.36,SPY230929C00415000,415.0,normalDay
2023-02-10,11279.0,-4311.0,0.0,100,408.04,441.0,0,0.0,0.0,,0.0,1,15.98,26.13,SPY230929C00415000,415.0,normalDay
2023-02-13,11279.0,-4060.0,0.0,100,412.83,441.0,0,0.0,0.0,,0.0,1,15.98,28.41,SPY230929C00415000,415.0,normalDay
2023-02-14,11279.0,-3986.0,0.0,100,412.64,441.0,0,0.0,0.0,,0.0,1,15.98,27.48,SPY230929C00415000,415.0,normalDay
2023-02-15,11279.0,-3939.0,0.0,100,413.98,441.0,0,0.0,0.0,,0.0,1,15.98,28.35,SPY230929C00415000,415.0,normalDay
2023-02-16,11279.0,-4176.0,0.0,100,408.28,441.0,0,0.0,0.0,,0.0,1,15.98,25.02,SPY230929C00415000,415.0,normalDay
2023-02-17,11279.0,-4204.0,0.0,100,407.26,441.0,0,0.0,0.0,,0.0,1,15.98,24.28,SPY230929C00415000,415.0,normalDay
2023-02-21,11279.0,-4619.0,0.0,100,399.09,441.0,0,0.0,0.0,,0.0,1,15.98,20.26,SPY230929C00415000,415.0,normalDay
2023-02-22,11279.0,-4600.0,0.0,100,398.54,441.0,0,0.0,0.0,,0.0,1,15.98,19.52,SPY230929C00415000,415.0,normalDay
2023-02-23,11279.0,-4414.0,0.0,100,400.66,441.0,0,0.0,0.0,,0.0,1,15.98,19.78,SPY230929C00415000,415.0,normalDay
2023-02-24,11279.0,-4656.0,0.0,100,396.38,441.0,0,0.0,0.0,,0.0,1,15.98,17.92,SPY230929C00415000,415.0,normalDay
2023-02-27,11279.0,-4544.0,0.0,100,397.73,441.0,0,0.0,0.0,,0.0,1,15.98,18.15,SPY230929C00415000,415.0,normalDay
2023-02-28,11279.0,-4549.0,0.0,100,396.26,441.0,0,0.0,0.0,,0.0,1,15.98,16.73,SPY230929C00415000,415.0,normalDay
2023-03-01,11279.0,-4654.0,0.0,100,394.74,441.0,0,0.0,0.0,,0.0,1,15.98,16.26,SPY230929C00415000,415.0,normalDay
2023-03-02,11279.0,-4473.0,0.0,100,397.81,441.0,0,0.0,0.0,,0.0,1,15.98,17.52,SPY230929C00415000,415.0,normalDay
2023-03-03,11279.0,-4173.0,0.0,100,404.19,441.0,0,0.0,0.0,,0.0,1,15.98,20.9,SPY230929C00415000,415.0,normalDay
2023-03-06,11279.0,-4125.0,0.0,100,404.47,441.0,0,0.0,0.0,,0.0,1,15.98,20.7,SPY230929C00415000,415.0,normalDay
2023-03-07,11279.0,-4425.0,0.0,100,398.27,441.0,0,0.0,0.0,,0.0,1,15.98,17.5,SPY230929C00415000,415.0,normalDay
2023-03-08,11279.0,-4355.0,0.0,100,398.92,441.0,0,0.0,0.0,,0.0,1,15.98,17.45,SPY230929C00415000,415.0,normalDay
2023-03-09,11279.0,-4801.0,0.0,100,391.56,441.0,0,0.0,0.0,,0.0,1,15.98,14.55,SPY230929C00415000,415.0,normalDay
2023-03-10,11279.0,-5125.0,0.0,100,385.91,441.0,0,0.0,0.0,,0.0,1,15.98,12.14,SPY230929C00415000,415.0,normalDay
2023-03-13,11279.0,-5192.0,0.0,100,385.36,441.0,0,0.0,0.0,,0.0,1,15.98,12.26,SPY230929C00415000,415.0,normalDay
2023-03-14,11279.0,-4741.0,0.0,100,391.73,441.0,0,0.0,0.0,,0.0,1,15.98,14.12,SPY230929C00415000,415.0,normalDay
2023-03-15,11279.0,-4954.0,0.0,100,389.28,441.0,0,0.0,0.0,,0.0,1,15.98,13.8,SPY230929C00415000,415.0,normalDay
2023-03-16,11279.0,-4530.0,0.0,100,396.11,441.0,0,0.0,0.0,,0.0,1,15.98,16.39,SPY230929C00415000,415.0,normalDay
2023-03-17,11279.0,-5042.0,0.0,100,389.99,441.0,0,0.0,0.0,,0.0,1,15.98,15.39,SPY230929C00415000,415.0,normalDay
2023-03-20,11279.0,-4738.0,0.0,100,393.74,441.0,0,0.0,0.0,,0.0,1,15.98,16.1,SPY230929C00415000,415.0,normalDay
2023-03-21,11279.0,-4408.0,0.0,100,398.91,441.0,0,0.0,0.0,,0.0,1,15.98,17.97,SPY230929C00415000,415.0,normalDay
2023-03-22,11279.0,-4757.0,0.0,100,392.11,441.0,0,0.0,0.0,,0.0,1,15.98,14.66,SPY230929C00415000,415.0,normalDay
2023-03-23,11279.0,-4723.0,0.0,100,393.17,441.0,0,0.0,0.0,,0.0,1,15.98,15.38,SPY230929C00415000,415.0,normalDay
2023-03-24,11279.0,-4536.0,0.0,100,395.75,441.0,0,0.0,0.0,,0.0,1,15.98,16.09,SPY230929C00415000,415.0,normalDay
2023-03-27,11279.0,-4434.0,0.0,100,396.49,441.0,0,0.0,0.0,,0.0,1,15.98,15.81,SPY230929C00415000,415.0,normalDay
2023-03-28,11279.0,-4476.0,0.0,100,395.6,441.0,0,0.0,0.0,,0.0,1,15.98,15.34,SPY230929C00415000,415.0,normalDay
2023-03-29,11279.0,-4137.0,0.0,100,401.35,441.0,0,0.0,0.0,,0.0,1,15.98,17.7,SPY230929C00415000,415.0,normalDay
2023-03-30,11279.0,-4044.0,0.0,100,403.7,441.0,0,0.0,0.0,,0.0,1,15.98,19.12,SPY230929C00415000,415.0,normalDay
2023-03-31,11279.0,-3802.0,0.0,100,409.39,441.0,0,0.0,0.0,,0.0,1,15.98,22.39,SPY230929C00415000,415.0,normalDay
2023-04-03,11279.0,-3690.0,0.0,100,410.95,441.0,0,0.0,0.0,,0.0,1,15.98,22.83,SPY230929C00415000,415.0,normalDay
2023-04-04,11279.0,-3777.0,0.0,100,408.67,441.0,0,0.0,0.0,,0.0,1,15.98,21.42,SPY230929C00415000,415.0,normalDay
2023-04-05,11279.0,-3815.0,0.0,100,407.6,441.0,0,0.0,0.0,,0.0,1,15.98,20.73,SPY230929C00415000,415.0,normalDay
2023-04-06,11279.0,-3719.0,0.0,100,409.19,441.0,0,0.0,0.0,,0.0,1,15.98,21.36,SPY230929C00415000,415.0,normalDay
2023-04-10,11279.0,-3708.0,0.0,100,409.61,441.0,0,0.0,0.0,,0.0,1,15.98,21.67,SPY230929C00415000,415.0,normalDay
2023-04-11,11279.0,-3693.0,0.0,100,409.72,441.0,0,0.0,0.0,,0.0,1,15.98,21.63,SPY230929C00415000,415.0,normalDay
2023-04-12,11279.0,-3700.0,0.0,100,408.05,441.0,0,0.0,0.0,,0.0,1,15.98,20.03,SPY230929C00415000,415.0,normalDay
2023-04-13,11279.0,-3458.0,0.0,100,413.47,441.0,0,0.0,0.0,,0.0,1,15.98,23.03,SPY230929C00415000,415.0,normalDay
2023-04-14,11279.0,-3483.0,0.0,100,412.46,441.0,0,0.0,0.0,,0.0,1,15.98,22.27,SPY230929C00415000,415.0,normalDay
2023-04-17,11279.0,-3370.0,0.0,100,413.94,441.0,0,0.0,0.0,,0.0,1,15.98,22.62,SPY230929C00415000,415.0,normalDay
2023-04-18,11279.0,-3324.0,0.0,100,414.21,441.0,0,0.0,0.0,,0.0,1,15.98,22.43,SPY230929C00415000,415.0,normalDay
2023-04-19,11279.0,-3322.0,0.0,100,414.14,441.0,0,0.0,0.0,,0.0,1,15.98,22.34,SPY230929C00415000,415.0,normalDay
2023-04-20,11279.0,-3446.0,0.0,100,411.88,441.0,0,0.0,0.0,,0.0,1,15.98,21.32,SPY230929C00415000,415.0,normalDay
2023-04-21,11279.0,-3385.0,0.0,100,412.2,441.0,0,0.0,0.0,,0.0,1,15.98,21.03,SPY230929C00415000,415.0,normalDay
2023-04-24,11279.0,-3361.0,0.0,100,412.63,441.0,0,0.0,0.0,,0.0,1,15.98,21.22,SPY230929C00415000,415.0,normalDay
2023-04-25,11279.0,-3734.0,0.0,100,406.08,441.0,0,0.0,0.0,,0.0,1,15.98,18.4,SPY230929C00415000,415.0,normalDay
2023-04-26,11279.0,-3725.0,0.0,100,404.36,441.0,0,0.0,0.0,,0.0,1,15.98,16.59,SPY230929C00415000,415.0,normalDay
2023-04-27,11279.0,-3395.0,0.0,100,412.41,441.0,0,0.0,0.0,,0.0,1,15.98,21.34,SPY230929C00415000,415.0,normalDay
2023-04-28,11279.0,-3166.0,0.0,100,415.93,441.0,0,0.0,0.0,,0.0,1,15.98,22.57,SPY230929C00415000,415.0,normalDay
2023-05-01,11279.0,-3160.0,0.0,100,415.51,441.0,0,0.0,0.0,,0.0,1,15.98,22.09,SPY230929C00415000,415.0,normalDay
2023-05-02,11279.0,-3355.0,0.0,100,410.84,441.0,0,0.0,0.0,,0.0,1,15.98,19.37,SPY230929C00415000,415.0,normalDay
2023-05-03,11279.0,-3525.0,0.0,100,408.02,441.0,0,0.0,0.0,,0.0,1,15.98,18.25,SPY230929C00415000,415.0,normalDay
2023-05-04,11279.0,-3634.0,0.0,100,405.13,441.0,0,0.0,0.0,,0.0,1,15.98,16.45,SPY230929C00415000,415.0,normalDay
2023-05-05,11279.0,-3237.0,0.0,100,412.63,441.0,0,0.0,0.0,,0.0,1,15.98,19.98,SPY230929C00415000,415.0,normalDay
2023-05-08,11279.0,-3209.0,0.0,100,412.74,441.0,0,0.0,0.0,,0.0,1,15.98,19.81,SPY230929C00415000,415.0,normalDay
2023-05-09,11279.0,-3317.0,0.0,100,410.93,441.0,0,0.0,0.0,,0.0,1,15.98,19.08,SPY230929C00415000,415.0,normalDay
2023-05-10,11279.0,-3192.0,0.0,100,412.85,441.0,0,0.0,0.0,,0.0,1,15.98,19.75,SPY230929C00415000,415.0,normalDay
2023-05-11,11279.0,-3159.0,0.0,100,412.13,441.0,0,0.0,0.0,,0.0,1,15.98,18.7,SPY230929C00415000,415.0,normalDay
2023-05-12,11279.0,-3161.0,0.0,100,411.59,441.0,0,0.0,0.0,,0.0,1,15.98,18.18,SPY230929C00415000,415.0,normalDay
2023-05-15,11279.0,-3071.0,0.0,100,413.01,441.0,0,0.0,0.0,,0.0,1,15.98,18.7,SPY230929C00415000,415.0,normalDay
2023-05-16,11279.0,-3202.0,0.0,100,410.25,441.0,0,0.0,0.0,,0.0,1,15.98,17.25,SPY230929C00415000,415.0,normalDay
2023-05-17,11279.0,-2942.0,0.0,100,415.23,441.0,0,0.0,0.0,,0.0,1,15.98,19.63,SPY230929C00415000,415.0,normalDay
2023-05-18,11279.0,-2765.0,0.0,100,419.23,441.0,0,0.0,0.0,,0.0,1,15.98,21.86,SPY230929C00415000,415.0,normalDay
2023-05-19,11279.0,-2801.0,0.0,100,418.62,441.0,0,0.0,0.0,,0.0,1,15.98,21.61,SPY230929C00415000,415.0,normalDay
2023-05-22,11279.0,-2807.0,0.0,100,418.79,441.0,0,0.0,0.0,,0.0,1,15.98,21.84,SPY230929C00415000,415.0,normalDay
2023-05-23,11279.0,-2980.0,0.0,100,414.09,441.0,0,0.0,0.0,,0.0,1,15.98,18.87,SPY230929C00415000,415.0,normalDay
2023-05-24,11279.0,-3119.0,0.0,100,411.09,441.0,0,0.0,0.0,,0.0,1,15.98,17.26,SPY230929C00415000,415.0,normalDay
2023-05-25,11279.0,-2926.0,0.0,100,414.65,441.0,0,0.0,0.0,,0.0,1,15.98,18.89,SPY230929C00415000,415.0,normalDay
2023-05-26,11279.0,-2732.0,0.0,100,420.02,441.0,0,0.0,0.0,,0.0,1,15.98,22.32,SPY230929C00415000,415.0,normalDay
2023-05-30,11279.0,-2677.0,0.0,100,420.18,441.0,0,0.0,0.0,,0.0,1,15.98,21.93,SPY230929C00415000,415.0,normalDay
2023-05-31,11279.0,-2713.0,0.0,100,417.85,441.0,0,0.0,0.0,,0.0,1,15.98,19.96,SPY230929C00415000,415.0,normalDay
2023-06-01,11279.0,-2534.0,0.0,100,421.82,441.0,0,0.0,0.0,,0.0,1,15.98,22.14,SPY230929C00415000,415.0,normalDay
2023-06-02,11279.0,-2318.0,0.0,100,427.92,441.0,0,0.0,0.0,,0.0,1,15.98,26.08,SPY230929C00415000,415.0,normalDay
2023-06-05,11279.0,-2307.0,0.0,100,427.1,441.0,0,0.0,0.0,,0.0,1,15.98,25.15,SPY230929C00415000,415.0,normalDay
2023-06-06,11279.0,-2251.0,0.0,100,428.03,441.0,0,0.0,0.0,,0.0,1,15.98,25.52,SPY230929C00415000,415.0,normalDay
2023-06-07,11279.0,-2252.0,0.0,100,426.55,441.0,0,0.0,0.0,,0.0,1,15.98,24.05,SPY230929C00415000,415.0,normalDay
2023-06-08,11279.0,-2133.0,0.0,100,429.13,441.0,0,0.0,0.0,,0.0,1,15.98,25.44,SPY230929C00415000,415.0,normalDay
2023-06-09,11279.0,-2157.0,0.0,100,429.9,441.0,0,0.0,0.0,,0.0,1,15.98,26.45,SPY230929C00415000,415.0,normalDay
2023-06-12,11279.0,-2045.0,0.0,100,433.8,441.0,0,0.0,0.0,,0.0,1,15.98,29.23,SPY230929C00415000,415.0,normalDay
2023-06-13,11279.0,-2009.0,0.0,100,436.66,441.0,0,0.0,0.0,,0.0,1,15.98,31.73,SPY230929C00415000,415.0,normalDay
2023-06-14,11279.0,-1999.0,0.0,100,437.18,441.0,0,0.0,0.0,,0.0,1,15.98,32.15,SPY230929C00415000,415.0,normalDay
2023-06-15,11279.0,-1850.0,0.0,100,442.6,441.0,0,0.0,0.0,,0.0,1,15.98,36.08,SPY230929C00415000,415.0,normalDay
2023-06-16,11279.0,-2093.0,0.0,100,439.46,441.0,0,0.0,0.0,,0.0,1,15.98,35.37,SPY230929C00415000,415.0,normalDay
2023-06-20,11279.0,-2058.0,0.0,100,437.18,441.0,0,0.0,0.0,,0.0,1,15.98,32.74,SPY230929C00415000,415.0,normalDay
2023-06-21,11279.0,-2111.0,0.0,100,434.94,441.0,0,0.0,0.0,,0.0,1,15.98,31.03,SPY230929C00415000,415.0,normalDay
2023-06-22,11279.0,-2022.0,0.0,100,436.51,441.0,0,0.0,0.0,,0.0,1,15.98,31.71,SPY230929C00415000,415.0,normalDay
2023-06-23,11279.0,-2103.0,0.0,100,433.21,441.0,0,0.0,0.0,,0.0,1,15.98,29.22,SPY230929C00415000,415.0,normalDay
2023-06-26,11279.0,-2126.0,0.0,100,431.44,441.0,0,0.0,0.0,,0.0,1,15.98,27.68,SPY230929C00415000,415.0,normalDay
2023-06-27,11279.0,-1965.0,0.0,100,436.17,441.0,0,0.0,0.0,,0.0,1,15.98,30.8,SPY230929C00415000,415.0,normalDay
2023-06-28,11279.0,-1985.0,0.0,100,436.39,441.0,0,0.0,0.0,,0.0,1,15.98,31.22,SPY230929C00415000,415.0,normalDay
2023-06-29,11279.0,-1923.0,0.0,100,438.11,441.0,0,0.0,0.0,,0.0,1,15.98,32.32,SPY230929C00415000,415.0,normalDay
2023-06-30,11279.0,-1858.0,0.0,100,443.28,441.0,0,0.0,0.0,,0.0,1,15.98,36.84,SPY230929C00415000,415.0,normalDay
2023-07-03,11279.0,-1923.0,0.0,100,443.79,441.0,0,0.0,0.0,,0.0,1,15.98,38.0,SPY230929C00415000,415.0,normalDay
2023-07-05,11279.0,-1828.0,0.0,100,443.13,441.0,0,0.0,0.0,,0.0,1,15.98,36.39,SPY230929C00415000,415.0,normalDay
2023-07-06,11279.0,-1900.0,0.0,100,439.66,441.0,0,0.0,0.0,,0.0,1,15.98,33.64,SPY230929C00415000,415.0,normalDay
2023-07-07,11279.0,-1918.0,0.0,100,438.55,441.0,0,0.0,0.0,,0.0,1,15.98,32.71,SPY230929C00415000,415.0,normalDay
2023-07-10,11279.0,-1864.0,0.0,100,439.66,441.0,0,0.0,0.0,,0.0,1,15.98,33.28,SPY230929C00415000,415.0,normalDay
2023-07-11,11279.0,-1777.0,0.0,100,442.46,441.0,0,0.0,0.0,,0.0,1,15.98,35.21,SPY230929C00415000,415.0,normalDay
2023-07-12,11279.0,-1727.0,0.0,100,446.02,441.0,0,0.0,0.0,,0.0,1,15.98,38.27,SPY230929C00415000,415.0,normalDay
2023-07-13,11279.0,-1664.0,0.0,100,449.56,441.0,0,0.0,0.0,,0.0,1,15.98,41.18,SPY230929C00415000,415.0,normalDay
2023-07-14,11279.0,-1633.0,0.0,100,449.28,441.0,0,0.0,0.0,,0.0,1,15.98,40.59,SPY230929C00415000,415.0,normalDay
2023-07-17,11279.0,-1594.0,0.0,100,450.84,441.0,0,0.0,0.0,,0.0,1,15.98,41.76,SPY230929C00415000,415.0,normalDay
2023-07-18,11279.0,-1578.0,0.0,100,454.19,441.0,0,0.0,0.0,,0.0,1,15.98,44.95,SPY230929C00415000,415.0,normalDay
2023-07-19,11279.0,-1585.0,0.0,100,455.2,441.0,0,0.0,0.0,,0.0,1,15.98,46.03,SPY230929C00415000,415.0,normalDay
2023-07-20,11279.0,-1628.0,0.0,100,452.18,441.0,0,0.0,0.0,,0.0,1,15.98,43.44,SPY230929C00415000,415.0,normalDay
2023-07-21,11279.0,-1583.0,0.0,100,452.18,441.0,0,0.0,0.0,,0.0,1,15.98,42.99,SPY230929C00415000,415.0,normalDay
2023-07-24,11279.0,-1571.0,0.0,100,454.2,441.0,0,0.0,0.0,,0.0,1,15.98,44.89,SPY230929C00415000,415.0,normalDay
2023-07-25,11279.0,-1605.0,0.0,100,455.44,441.0,0,0.0,0.0,,0.0,1,15.98,46.47,SPY230929C00415000,415.0,normalDay
2023-07-26,11279.0,-1612.0,0.0,100,455.51,441.0,0,0.0,0.0,,0.0,1,15.98,46.61,SPY230929C00415000,415.0,normalDay
2023-07-27,11279.0,-1583.0,0.0,100,452.49,441.0,0,0.0,0.0,,0.0,1,15.98,43.3,SPY230929C00415000,415.0,normalDay
2023-07-28,11279.0,-1485.0,0.0,100,456.92,441.0,0,0.0,0.0,,0.0,1,15.98,46.75,SPY230929C00415000,415.0,normalDay
2023-07-31,11279.0,-1469.0,0.0,100,457.79,441.0,0,0.0,0.0,,0.0,1,15.98,47.46,SPY230929C00415000,415.0,normalDay
2023-08-01,11279.0,-1446.0,0.0,100,456.48,441.0,0,0.0,0.0,,0.0,1,15.98,45.92,SPY230929C00415000,415.0,normalDay
2023-08-02,11279.0,-1550.0,0.0,100,450.13,441.0,0,0.0,0.0,,0.0,1,15.98,40.61,SPY230929C00415000,415.0,normalDay
2023-08-03,11279.0,-1768.0,0.0,100,448.84,441.0,0,0.0,0.0,,0.0,1,15.98,41.5,SPY230929C00415000,415.0,normalDay
2023-08-04,11279.0,-1558.0,0.0,100,446.81,441.0,0,0.0,0.0,,0.0,1,15.98,37.37,SPY230929C00415000,415.0,normalDay
2023-08-07,11279.0,-1485.0,0.0,100,450.71,441.0,0,0.0,0.0,,0.0,1,15.98,40.54,SPY230929C00415000,415.0,normalDay
2023-08-08,11279.0,-1479.0,0.0,100,448.75,441.0,0,0.0,0.0,,0.0,1,15.98,38.52,SPY230929C00415000,415.0,normalDay
2023-08-09,11279.0,-1541.0,0.0,100,445.75,441.0,0,0.0,0.0,,0.0,1,15.98,36.14,SPY230929C00415000,415.0,normalDay
2023-08-10,11279.0,-1465.0,0.0,100,445.91,441.0,0,0.0,0.0,,0.0,1,15.98,35.54,SPY230929C00415000,415.0,normalDay
2023-08-11,11279.0,-1457.0,0.0,100,445.65,441.0,0,0.0,0.0,,0.0,1,15.98,35.2,SPY230929C00415000,415.0,normalDay
2023-08-14,11279.0,-1396.0,0.0,100,448.11,441.0,0,0.0,0.0,,0.0,1,15.98,37.05,SPY230929C00415000,415.0,normalDay
2023-08-15,11279.0,-1443.0,0.0,100,442.89,441.0,0,0.0,0.0,,0.0,1,15.98,32.3,SPY230929C00415000,415.0,normalDay
2023-08-16,11279.0,-1508.0,0.0,100,439.64,441.0,0,0.0,0.0,,0.0,1,15.98,29.7,SPY230929C00415000,415.0,normalDay
2023-08-17,11279.0,-1525.0,0.0,100,436.29,441.0,0,0.0,0.0,,0.0,1,15.98,26.52,SPY230929C00415000,415.0,normalDay
2023-08-18,11279.0,-1484.0,0.0,100,436.5,441.0,0,0.0,0.0,,0.0,1,15.98,26.32,SPY230929C00415000,415.0,normalDay
2023-08-21,11279.0,-1377.0,0.0,100,439.34,441.0,0,0.0,0.0,,0.0,1,15.98,28.09,SPY230929C00415000,415.0,normalDay
2023-08-22,11279.0,-1400.0,0.0,100,438.15,441.0,0,0.0,0.0,,0.0,1,15.98,27.13,SPY230929C00415000,415.0,normalDay
2023-08-23,11279.0,-1329.0,0.0,100,443.03,441.0,0,0.0,0.0,,0.0,1,15.98,31.3,SPY230929C00415000,415.0,normalDay
2023-08-24,11279.0,-1386.0,0.0,100,436.89,441.0,0,0.0,0.0,,0.0,1,15.98,25.73,SPY230929C00415000,415.0,normalDay
2023-08-25,11279.0,-1322.0,0.0,100,439.97,441.0,0,0.0,0.0,,0.0,1,15.98,28.17,SPY230929C00415000,415.0,normalDay
2023-08-28,11279.0,-1263.0,0.0,100,442.76,441.0,0,0.0,0.0,,0.0,1,15.98,30.37,SPY230929C00415000,415.0,normalDay
2023-08-29,11279.0,-1207.0,0.0,100,449.16,441.0,0,0.0,0.0,,0.0,1,15.98,36.21,SPY230929C00415000,415.0,normalDay
2023-08-30,11279.0,-1181.0,0.0,100,451.01,441.0,0,0.0,0.0,,0.0,1,15.98,37.8,SPY230929C00415000,415.0,normalDay
2023-08-31,11279.0,-1195.0,0.0,100,450.35,441.0,0,0.0,0.0,,0.0,1,15.98,37.28,SPY230929C00415000,415.0,normalDay
2023-09-01,11279.0,-1127.0,0.0,100,451.19,441.0,0,0.0,0.0,,0.0,1,15.98,37.44,SPY230929C00415000,415.0,normalDay
2023-09-05,11279.0,-1123.0,0.0,100,449.24,441.0,0,0.0,0.0,,0.0,1,15.98,35.45,SPY230929C00415000,415.0,normalDay
2023-09-06,11279.0,-1116.0,0.0,100,446.22,441.0,0,0.0,0.0,,0.0,1,15.98,32.36,SPY230929C00415000,415.0,normalDay
2023-09-07,11279.0,-1112.0,0.0,100,444.85,441.0,0,0.0,0.0,,0.0,1,15.98,30.95,SPY230929C00415000,415.0,normalDay
2023-09-08,11279.0,-1127.0,0.0,100,445.52,441.0,0,0.0,0.0,,0.0,1,15.98,31.77,SPY230929C00415000,415.0,normalDay
2023-09-11,11279.0,-1073.0,0.0,100,448.45,441.0,0,0.0,0.0,,0.0,1,15.98,34.16,SPY230929C00415000,415.0,normalDay
2023-09-12,11279.0,-1082.0,0.0,100,445.99,441.0,0,0.0,0.0,,0.0,1,15.98,31.79,SPY230929C00415000,415.0,normalDay
2023-09-13,11279.0,-1068.0,0.0,100,446.51,441.0,0,0.0,0.0,,0.0,1,15.98,32.17,SPY230929C00415000,415.0,normalDay
2023-09-14,11279.0,-1041.0,0.0,100,450.36,441.0,0,0.0,0.0,,0.0,1,15.98,35.75,SPY230929C00415000,415.0,normalDay
2023-09-15,11279.0,-1127.0,0.0,100,443.37,441.0,0,0.0,0.0,,0.0,1,15.98,29.62,SPY230929C00415000,415.0,normalDay
2023-09-18,11279.0,-1124.0,0.0,100,443.63,441.0,0,0.0,0.0,,0.0,1,15.98,29.85,SPY230929C00415000,415.0,normalDay
2023-09-19,11279.0,-1119.0,0.0,100,442.71,441.0,0,0.0,0.0,,0.0,1,15.98,28.88,SPY230929C00415000,415.0,normalDay
2023-09-20,11279.0,-1075.0,0.0,100,438.64,441.0,0,0.0,0.0,,0.0,1,15.98,24.37,SPY230929C00415000,415.0,normalDay
2023-09-21,11279.0,-1124.0,0.0,100,431.39,441.0,0,0.0,0.0,,0.0,1,15.98,17.61,SPY230929C00415000,415.0,normalDay
2023-09-22,11279.0,-1117.0,0.0,100,430.42,441.0,0,0.0,0.0,,0.0,1,15.98,16.57,SPY230929C00415000,415.0,normalDay
2023-09-25,11279.0,-1074.0,0.0,100,432.23,441.0,0,0.0,0.0,,0.0,1,15.98,17.95,SPY230929C00415000,415.0,normalDay
2023-09-26,11279.0,-1119.0,0.0,100,425.88,441.0,0,0.0,0.0,,0.0,1,15.98,12.05,SPY230929C00415000,415.0,normalDay
2023-09-27,11279.0,-1085.0,0.0,100,426.05,441.0,0,0.0,0.0,,0.0,1,15.98,11.88,SPY230929C00415000,415.0,normalDay
2023-09-28,11279.0,-1000.0,0.0,100,428.52,441.0,0,0.0,0.0,,0.0,1,15.98,13.5,SPY230929C00415000,415.0,normalDay
2023-09-29,10277.0,-1000.0,-1002.0,0,427.48,0.0,0,0.0,0.0,,0.0,1,15.98,0.0,SPY230929C00415000,415.0,expirationDay
2023-10-02,10277.0,-27.0,0.0,0,427.31,0.0,1,9.37,9.64,SPY231005P00437000,437.0,0,0.0,0.0,,0.0,normalDay
2023-10-03,10277.0,-587.0,0.0,0,421.59,0.0,1,9.37,15.24,SPY231005P00437000,437.0,0,0.0,0.0,,0.0,normalDay
2023-10-04,10277.0,-330.0,0.0,0,424.66,0.0,1,9.37,12.67,SPY231005P00437000,437.0,0,0.0,0.0,,0.0,normalDay
2023-10-05,11214.0,-1250.0,937.0,100,424.5,437.0,1,9.37,0.0,SPY231005P00437000,437.0,0,0.0,0.0,,0.0,expirationDay
2023-10-06,11214.0,-886.0,0.0,100,429.54,437.0,0,0.0,0.0,,0.0,1,25.83,27.23,SPY240930C00452000,452.0,normalDay
2023-10-09,11214.0,-726.0,0.0,100,432.29,437.0,0,0.0,0.0,,0.0,1,25.83,28.38,SPY240930C00452000,452.0,normalDay
2023-10-10,11214.0,-580.0,0.0,100,434.54,437.0,0,0.0,0.0,,0.0,1,25.83,29.17,SPY240930C00452000,452.0,normalDay
2023-10-11,11214.0,-516.0,0.0,100,436.32,437.0,0,0.0,0.0,,0.0,1,25.83,30.31,SPY240930C00452000,452.0,normalDay
2023-10-12,11214.0,-614.0,0.0,100,433.66,437.0,0,0.0,0.0,,0.0,1,25.83,28.63,SPY240930C00452000,452.0,normalDay
2023-10-13,11214.0,-728.0,0.0,100,431.5,437.0,0,0.0,0.0,,0.0,1,25.83,27.61,SPY240930C00452000,452.0,normalDay
2023-10-16,11214.0,-484.0,0.0,100,436.04,437.0,0,0.0,0.0,,0.0,1,25.83,29.71,SPY240930C00452000,452.0,normalDay
2023-10-17,11214.0,-447.0,0.0,100,436.02,437.0,0,0.0,0.0,,0.0,1,25.83,29.32,SPY240930C00452000,452.0,normalDay
2023-10-18,11214.0,-831.0,0.0,100,430.21,437.0,0,0.0,0.0,,0.0,1,25.83,27.35,SPY240930C00452000,452.0,normalDay
2023-10-19,11214.0,-975.0,0.0,100,426.43,437.0,0,0.0,0.0,,0.0,1,25.83,25.01,SPY240930C00452000,452.0,normalDay
2023-10-20,11214.0,-1242.0,0.0,100,421.19,437.0,0,0.0,0.0,,0.0,1,25.83,22.44,SPY240930C00452000,452.0,normalDay
2023-10-23,11214.0,-1256.0,0.0,100,420.46,437.0,0,0.0,0.0,,0.0,1,25.83,21.85,SPY240930C00452000,452.0,normalDay
2023-10-24,11214.0,-1204.0,0.0,100,423.63,437.0,0,0.0,0.0,,0.0,1,25.83,24.5,SPY240930C00452000,452.0,normalDay
2023-10-25,11214.0,-1562.0,0.0,100,417.55,437.0,0,0.0,0.0,,0.0,1,25.83,22.0,SPY240930C00452000,452.0,normalDay
2023-10-26,11214.0,-1763.0,0.0,100,412.55,437.0,0,0.0,0.0,,0.0,1,25.83,19.01,SPY240930C00452000,452.0,normalDay
2023-10-27,11214.0,-1747.0,0.0,100,410.68,437.0,0,0.0,0.0,,0.0,1,25.83,16.98,SPY240930C00452000,452.0,normalDay
2023-10-30,11214.0,-1389.0,0.0,100,415.59,437.0,0,0.0,0.0,,0.0,1,25.83,18.31,SPY240930C00452000,452.0,normalDay
2023-10-31,11214.0,-1157.0,0.0,100,418.2,437.0,0,0.0,0.0,,0.0,1,25.83,18.6,SPY240930C00452000,452.0,normalDay
2023-11-01,11214.0,-891.0,0.0,100,422.66,437.0,0,0.0,0.0,,0.0,1,25.83,20.4,SPY240930C00452000,452.0,normalDay
2023-11-02,11214.0,-428.0,0.0,100,430.76,437.0,0,0.0,0.0,,0.0,1,25.83,23.87,SPY240930C00452000,452.0,normalDay
2023-11-03,11214.0,-224.0,0.0,100,434.69,437.0,0,0.0,0.0,,0.0,1,25.83,25.76,SPY240930C00452000,452.0,normalDay
2023-11-06,11214.0,-110.0,0.0,100,435.69,437.0,0,0.0,0.0,,0.0,1,25.83,25.62,SPY240930C00452000,452.0,normalDay
2023-11-07,11214.0,-72.0,0.0,100,436.93,437.0,0,0.0,0.0,,0.0,1,25.83,26.48,SPY240930C00452000,452.0,normalDay
2023-11-08,11214.0,-19.0,0.0,100,437.25,437.0,0,0.0,0.0,,0.0,1,25.83,26.27,SPY240930C00452000,452.0,normalDay
2023-11-09,11214.0,-239.0,0.0,100,433.84,437.0,0,0.0,0.0,,0.0,1,25.83,25.06,SPY240930C00452000,452.0,normalDay
2023-11-10,11214.0,97.0,0.0,100,440.61,437.0,0,0.0,0.0,,0.0,1,25.83,28.47,SPY240930C00452000,452.0,normalDay
2023-11-13,11214.0,118.0,0.0,100,440.19,437.0,0,0.0,0.0,,0.0,1,25.83,27.84,SPY240930C00452000,452.0,normalDay
2023-11-14,11214.0,461.0,0.0,100,448.73,437.0,0,0.0,0.0,,0.0,1,25.83,32.95,SPY240930C00452000,452.0,normalDay
2023-11-15,11214.0,530.0,0.0,100,449.68,437.0,0,0.0,0.0,,0.0,1,25.83,33.21,SPY240930C00452000,452.0,normalDay
2023-11-16,11214.0,528.0,0.0,100,450.23,437.0,0,0.0,0.0,,0.0,1,25.83,33.78,SPY240930C00452000,452.0,normalDay
2023-11-17,11214.0,566.0,0.0,100,450.79,437.0,0,0.0,0.0,,0.0,1,25.83,33.96,SPY240930C00452000,452.0,normalDay
2023-11-20,11214.0,679.0,0.0,100,454.26,437.0,0,0.0,0.0,,0.0,1,25.83,36.3,SPY240930C00452000,452.0,normalDay
2023-11-21,11214.0,696.0,0.0,100,453.27,437.0,0,0.0,0.0,,0.0,1,25.83,35.14,SPY240930C00452000,452.0,normalDay
2023-11-22,11214.0,738.0,0.0,100,455.02,437.0,0,0.0,0.0,,0.0,1,25.83,36.47,SPY240930C00452000,452.0,normalDay
2023-11-24,11214.0,750.0,0.0,100,455.3,437.0,0,0.0,0.0,,0.0,1,25.83,36.63,SPY240930C00452000,452.0,normalDay
2023-11-27,11214.0,719.0,0.0,100,454.48,437.0,0,0.0,0.0,,0.0,1,25.83,36.12,SPY240930C00452000,452.0,normalDay
2023-11-28,11214.0,767.0,0.0,100,454.93,437.0,0,0.0,0.0,,0.0,1,25.83,36.09,SPY240930C00452000,452.0,normalDay
2023-11-29,11214.0,786.0,0.0,100,454.61,437.0,0,0.0,0.0,,0.0,1,25.83,35.58,SPY240930C00452000,452.0,normalDay
2023-11-30,11214.0,830.0,0.0,100,456.4,437.0,0,0.0,0.0,,0.0,1,25.83,36.93,SPY240930C00452000,452.0,normalDay
